/*--------------------------------*- C++ -*----------------------------------*\
  =========                 |
  \\      /  F ield         | OpenFOAM: The Open Source CFD Toolbox
   \\    /   O peration     | Website:  https://openfoam.org
    \\  /    A nd           | Version:  14
     \\/     M anipulation  |
\*---------------------------------------------------------------------------*/
FoamFile
{
    format      ascii;
    class       volVectorField;
    location    "47.999999999979";
    object      U;
}
// * * * * * * * * * * * * * * * * * * * * * * * * * * * * * * * * * * * * * //

dimensions      [0 1 -1 0 0 0 0];

internalField   nonuniform List<vector> 
2646
(
(0.00107093453381 -0.00405340715046 0)
(0.00171999060253 -0.00298479374267 -3.27313411887e-18)
(0.00423932744475 -0.00289449522337 -2.23618950743e-20)
(0.0161777375569 0.00154930361822 1.47849245528e-18)
(0.0028258751432 -0.0125667287256 -1.10739712656e-19)
(-0.0829260507138 0.0114429685493 0)
(-0.00919738055106 0.00491317051098 0)
(-0.101122314896 0.00365312195363 0)
(-0.32300867895 0.0946771216502 -5.40724081795e-17)
(-0.344723427248 0.0230803277305 1.38234200796e-17)
(-0.0596556190423 0.0361614825117 5.57685165016e-19)
(-0.358364995697 -0.0304617666291 -1.48883988231e-18)
(-0.393267755959 0.0351673416285 7.55278209256e-17)
(-0.392144349436 0.00175723726507 1.21132690241e-17)
(-0.365148443082 0.0701328480024 1.29067897747e-17)
(-0.233335252827 -0.125047351104 4.06755356899e-19)
(-0.373314295306 -0.0521403279958 -1.28155897971e-17)
(-0.194799440783 0.100940821956 0)
(-0.342660054851 -0.0951236812678 -7.11593518863e-17)
(-0.107557412329 0.060100765549 0)
(-0.299977245894 -0.0545099405956 2.51388247957e-17)
(0.0027936653641 -0.00594622117603 4.43171200756e-18)
(-0.216555045981 0.0026478630999 9.95083768886e-19)
(-0.341904377251 -0.00391054601932 -7.45285074387e-17)
(-0.216958302188 -0.0578402917547 -3.06198673505e-17)
(-0.0959867275725 0.0515651617686 9.91863640843e-19)
(-0.164704871912 0.0259047232518 0)
(-0.295567375265 0.0537603714125 6.88902972204e-17)
(-0.314290364513 0.0328671050405 0)
(-0.188331017132 0.0697915053867 3.89477284036e-17)
(-0.101813025908 0.0162459677268 -2.82010884707e-17)
(0.00117854339307 0.00213536761268 1.69047031571e-18)
(0.00129886068764 -0.00796551899404 -8.06894129143e-18)
(-0.00188079154484 -0.0401497027203 0)
(-0.0133171169274 -0.0236836998542 0)
(-0.0583227354345 0.0394844182944 0)
(-0.261462407339 0.104309770627 0)
(-0.379550175438 0.0538706442294 -5.60702178799e-17)
(-0.398107477708 -0.0361773738482 -1.90037685456e-17)
(-0.288469321287 -0.114450649945 2.48060267659e-19)
(-0.139904124109 -0.0737910256375 0)
(-0.110869439169 -0.0697303657665 -1.71881240959e-19)
(-0.000238671734835 0.00242849493339 4.39275454106e-17)
(-0.000549385133531 -0.00301853858278 -9.98890830662e-17)
(0.000525535317683 0.00249985910461 2.19228570057e-17)
(-0.0109490711315 -0.0114359127856 8.82306797833e-18)
(-0.00354690947557 0.00250685990364 -7.0467679395e-18)
(-0.00230733609075 0.0962475657469 -3.35634637981e-17)
(-0.00285551349294 0.031032880751 2.81979628332e-18)
(0.0129572714469 0.163723677118 -6.30964759449e-18)
(-0.0925906366416 0.284476854978 -4.99047470118e-17)
(0.0390186684871 0.347899763783 1.01761822648e-16)
(0.0106215120079 0.334062326805 0)
(0.0473393222748 0.296523273364 7.18998941534e-17)
(-0.0473326194806 0.0670019357657 7.81916282229e-20)
(-0.0707503415635 0.118435835793 -3.43175731126e-18)
(0.0508531973765 0.219616793733 -6.77737738983e-17)
(-0.00417749875405 0.334210034786 -3.81172198124e-17)
(-0.0219424660013 0.366420740204 8.80465833218e-17)
(0.00988414212767 0.35628726501 -9.21617664341e-17)
(-0.0624346955521 0.322640189009 0)
(0.0911961731811 0.24376686046 -5.11602841629e-17)
(0.0472044339911 0.355476593679 -4.91276257894e-17)
(-0.113425217425 0.190592657754 3.94806654351e-18)
(0.0753397360657 0.325256291914 1.45594044213e-16)
(-0.0764239787713 0.114424934418 5.84692684585e-18)
(0.00799960981941 0.207804364215 4.20808478225e-17)
(0.0073035523369 0.00199594542783 -1.45964452943e-17)
(0.0541960363763 0.142393525529 4.2842274373e-17)
(-0.0541938797157 0.269069910924 9.90223095156e-18)
(-0.00987133438308 0.302052962545 1.54978034109e-17)
(0.0311074320399 0.111990856857 6.62640481558e-18)
(-0.0791847620821 0.208641328159 3.98061060978e-17)
(-0.037673107828 0.150923612769 -7.49376222205e-18)
(-0.0019096566629 0.0621509785369 -1.64529793696e-16)
(-0.0146624847727 0.159748423865 0)
(0.00131002270765 -0.00397305393155 3.21719747344e-19)
(0.0032058782598 0.000948208332294 2.05467886761e-17)
(0.021395588841 0.056108772075 1.29307618896e-16)
(0.0106377117813 0.0646790534609 4.05124454161e-17)
(-0.0560107292609 0.0593064158216 1.69904736822e-18)
(-0.114238260253 0.245940592488 -5.37584688762e-20)
(-0.0341539157997 0.342771256252 0)
(0.0359816926044 0.361412798586 -1.32281293407e-16)
(0.0788171806385 0.271303946087 -8.83256559658e-18)
(0.0618360920376 0.17421428953 3.75722175186e-17)
(0.00302675145975 -0.400556961515 5.53158310245e-17)
(-0.0241145764423 -0.0927074509253 -3.04662548644e-17)
(-0.00485695801921 -0.255388970436 -2.51099021478e-17)
(-0.142161938043 -0.45755549557 8.90262375549e-17)
(-0.0546024506771 -0.528488581404 0)
(-0.0852509699109 -0.149533696488 3.4496322347e-18)
(-0.0141607152086 -0.438307370803 0)
(-0.0473587271705 -0.444485154602 0)
(-0.0156153998453 -0.413483461033 3.83775675932e-17)
(-0.0934121414798 -0.439405331716 -1.97508057394e-16)
(0.0319470520473 -0.363869990474 1.16145080823e-18)
(-0.00565377340967 -0.386798651605 0)
(-0.169031441844 -0.31804230608 1.31378843028e-17)
(0.0106694343725 -0.376790835697 0)
(-0.131152828737 -0.214719499062 -1.56772659388e-17)
(-0.0069535844877 -0.433095159827 0)
(0.008638008544 -0.00895510312731 -1.57372436089e-18)
(-0.040363909973 -0.497400457292 -1.21449859908e-16)
(-0.0325479701431 -0.475843043988 2.64177799167e-16)
(0.012665334533 -0.43883925284 0)
(-0.110672633402 -0.217149443339 -1.22076382696e-17)
(-0.0446851264975 -0.411614850511 0)
(-0.0994325845554 -0.462889023548 -6.65990415482e-17)
(-0.0607989891584 -0.490077596825 7.88929337662e-17)
(-0.110382146573 -0.335729896091 8.47255330269e-18)
(-0.0402914576294 -0.268555629231 3.53140965768e-17)
(-0.0120768311338 -0.0125556313353 2.11644874759e-17)
(0.0034335994635 -0.0236361661451 0)
(0.00489477208123 -0.362715336991 -4.01007860614e-16)
(-0.0918122141312 -0.131557142823 -6.835734152e-17)
(-0.156539225649 -0.388734012473 0)
(-0.0593852065225 -0.453469668861 1.20293672418e-16)
(-0.0179250519767 -0.404951530525 0)
(0.028171908389 -0.37201793024 0)
(0.0354635851511 -0.33787544605 8.41998421949e-17)
(0.052735904536 -0.408563202349 1.97879485551e-16)
(0.0594602702429 -0.442265298833 -8.6217957044e-17)
(-0.0464340656238 -0.0309124213448 -1.97676297523e-17)
(-0.0973607275227 0.0711785288715 -4.75340675697e-17)
(0.263323143216 0.0222373288727 8.74553177639e-17)
(-0.0695146933024 0.052512590947 0)
(0.0215243236958 0.0950444433689 -7.88538964978e-18)
(0.535534295266 0.00739959504354 1.59006431365e-16)
(0.345140403703 0.00115265889249 -2.75381950941e-17)
(0.407381060387 0.0423023921387 0)
(0.340293578707 0.0916110781665 4.20288763541e-16)
(0.375201960442 -0.00331121221706 2.20093435679e-16)
(0.416323878163 0.013922248271 8.24866691242e-16)
(0.394917566839 -0.00611755074935 -1.85739466845e-16)
(0.14820072409 0.0846995622643 2.98179381592e-18)
(0.209312431164 0.0846270438137 3.91076629193e-18)
(0.339189706618 -0.0112070473253 1.92155098451e-16)
(0.403321838272 0.0225342277578 -2.63107584845e-16)
(0.394305935485 0.0382737848088 -1.41552193426e-16)
(0.383622521295 0.0148070682647 -2.77245328048e-16)
(0.38803982005 0.0507824633338 6.46116597501e-17)
(0.312963522397 -0.026968989143 -4.0584673415e-16)
(0.371707910917 -0.00471799264352 4.75774795398e-16)
(0.258860684939 0.131281049636 -8.91386127688e-18)
(0.374237132757 -0.0532554835679 0)
(0.183182532516 0.130055008243 -3.32847675142e-17)
(0.445060037226 -0.00354772121293 2.86685498928e-16)
(0.191618366021 0.0288324758514 -1.93569339148e-18)
(0.298518780462 -0.0420368701364 -3.12299335856e-16)
(0.373608231861 0.0403993585364 -7.29935544983e-17)
(0.406355757628 0.0503079820492 0)
(0.422095489776 -0.0415659326472 1.06825299578e-17)
(0.292717662602 0.0803143216522 -1.73770339437e-16)
(0.338769834141 0.0207656987334 6.35679442209e-17)
(0.536202390432 0.0283082564686 -2.4138552542e-17)
(0.523639066266 0.00592110531412 -2.85061594742e-16)
(0.0814224926614 0.105912489204 1.71391628314e-18)
(0.304675707664 -0.0567046766038 0)
(0.047938093373 0.0710392211613 -9.93604242253e-19)
(0.369010131792 -0.0293705238687 -2.95753860126e-17)
(0.119116145104 0.129134256406 0)
(0.313373322979 0.123141770897 2.07279195105e-16)
(0.40213698638 0.0707477088434 -1.99435758508e-16)
(0.381283919641 -0.00224075135932 -4.04750915418e-16)
(0.322710054819 -0.0399730135823 0)
(0.291277726133 -0.075997146124 2.74631358114e-16)
(0.447707791419 -0.381785590051 -1.09785532026e-15)
(0.289698215818 -0.103260024034 1.70612855244e-15)
(-0.00694866676675 -0.468736554096 0)
(0.0211477794082 -0.306936044967 5.61309888257e-17)
(0.381410641445 -0.00833238372548 0)
(-0.397281971022 0.032790662858 1.25982027838e-16)
(-0.396547330903 0.0188767007663 -1.25982027838e-16)
(-0.162118385312 0.102601641502 0)
(-0.177942975557 0.107348490925 0)
(-0.356072502663 -0.077756081096 9.58760547666e-17)
(-0.365242998913 -0.0958040937096 2.20937259556e-16)
(-0.0334601228243 0.032467950114 0)
(-0.046949768725 0.0386679590191 0)
(-0.3191204258 0.11046455016 0)
(-0.297850708991 0.12209901825 0)
(-0.353912347407 0.0832723985106 0)
(-0.341173246008 0.108288051228 1.57234378057e-16)
(-0.215644955503 -0.12934708688 -2.5003270149e-17)
(-0.198448720684 -0.116117732566 2.5003270149e-17)
(-0.0830599016848 -0.0749718593405 0)
(-0.0990080640437 -0.0948600287725 0)
(-0.0187425953954 0.367216546155 0)
(-0.00256067989702 0.359955039914 2.61063936131e-16)
(-0.108561114572 0.158532114041 -2.47889583933e-17)
(-0.117873364736 0.175245290041 -1.09735583587e-17)
(0.0597040202556 0.340662042975 1.50597178818e-16)
(0.0791583437444 0.340192041981 -7.7440728758e-16)
(-0.0389711961967 0.0355672012975 -2.12252554202e-18)
(-0.0488921416021 0.0493810691047 -1.49335799637e-17)
(-0.102573467616 0.283921166931 4.26563121934e-17)
(-0.118273860747 0.270308064913 -4.26563121934e-17)
(-0.0820081078375 0.311743914961 -1.16316171111e-17)
(-0.0979213688264 0.31013896022 1.16316171111e-17)
(0.0971719939117 0.230484383826 -8.47193800373e-17)
(0.105171995719 0.215365882469 8.47193800375e-17)
(0.0676304167854 0.130850991562 0)
(0.0586707970359 0.141896853809 -1.19227049154e-16)
(-0.378224237172 -0.0868398047713 8.92283393606e-17)
(-0.253611058022 0.194657358809 -9.66382479116e-18)
(-0.084296626195 0.0759675252005 -1.98574895343e-19)
(0.335150949203 -0.0367971314955 -2.3284028618e-16)
(0.126712003057 0.178205007769 0)
(-0.145012013055 -0.15783366769 0)
(-0.183208701217 -0.189916405357 0)
(0.313611733349 0.0755430293932 -8.28732295165e-16)
(0.255115193919 -0.105430801442 1.248428872e-15)
(0.307685920469 0.0975016576605 6.37117761474e-16)
(0.346682736884 -0.0288877093652 0)
(-0.384953842613 -0.075473265591 1.65774788376e-16)
(-0.104295254144 0.0945769314194 0)
(0.142953998948 0.198924279246 0)
(0.231971912691 0.201606190822 5.95155220015e-17)
(-0.0847645309626 -0.341306980356 0)
(-0.0917710167707 -0.32870989842 -2.39695260502e-17)
(-0.205853438275 -0.37450780793 6.05631918828e-17)
(-0.211801015122 -0.355918308274 -1.06512855244e-16)
(-0.186615061556 -0.37464278918 0)
(-0.192081491423 -0.368855832186 -6.3472431667e-17)
(-0.233966195756 -0.310759615465 -6.2372930813e-17)
(-0.24282485481 -0.30284476056 4.53136415383e-17)
(-0.296545141565 0.199902420452 0)
(-0.325191918428 -0.190716800877 -7.46665781155e-17)
(0.259234793964 -0.108409578164 -1.14773105212e-15)
(0.264792515558 -0.088606574723 0)
(0.279059803314 0.179604227858 0)
(0.3553862393 -0.00294766900756 -8.99046539234e-17)
(-0.393405592325 -0.023190613184 0)
(0.161186530547 -0.0954147090754 1.58944747584e-16)
(0.221031300508 0.209755211347 -1.73233483807e-16)
(0.259511950417 -0.10133476165 5.51480424417e-16)
(-0.307184004589 0.200269464882 -1.82961456509e-16)
(-0.25401403155 0.183261732042 0)
(0.34899174014 0.00299480995104 -9.57771235672e-16)
(-0.239167199703 0.188572775904 -6.04439120129e-17)
(0.305380512631 0.107680917846 9.58670333081e-17)
(0.313912850053 0.0673513508652 -4.57952267729e-16)
(-0.23373847081 -0.286043647194 0)
(-0.210232780178 -0.257746083945 0)
(-0.125290503244 -0.338439431074 1.71962695077e-16)
(-0.141062949813 -0.35861112569 3.73717245817e-17)
(-0.229605467322 -0.359270633311 -2.19779540239e-16)
(-0.227308903834 -0.360824496147 2.55600576555e-16)
(-0.0723895643988 -0.335858759774 -1.02925197058e-15)
(-0.0646946255184 -0.33032303467 8.57897079373e-16)
(0.0627892639594 -0.270942311699 4.96964101105e-16)
(0.00200662243043 -0.27916635849 0)
(-0.0457765785747 -0.313306810007 8.25460042676e-16)
(-0.117596835976 -0.335919762662 2.02884296003e-16)
(-0.11124756273 -0.3461166265 0)
(-0.154423236351 -0.364330451041 -4.2221723363e-17)
(-0.158092242938 -0.350842270171 -3.52719225737e-17)
(-0.0263250267712 -0.346857638982 0)
(-0.227313946506 -0.337844266925 -1.50009074038e-16)
(-0.242505249698 -0.334391409314 1.2043678721e-16)
(-0.188752151703 -0.219036656952 0)
(0.0100859449002 -0.27675813839 9.00393490624e-16)
(0.0149062375683 -0.285979691626 -9.46452736772e-16)
(0.0280544488901 -0.317518413929 -1.03086766309e-15)
(0.0758309297696 -0.267240621498 -9.00679022056e-16)
(0.07412969963 -0.263273721047 8.8473263414e-16)
(-0.0494832625932 -0.321984399507 -1.29592674625e-15)
(0.0542322376917 -0.280839445201 -1.47695373195e-16)
(-0.00378582682567 -0.290263609998 3.80135826973e-16)
(-0.03037504028 -0.338491984422 -3.35715728332e-16)
(0.0263355789414 -0.316214731254 1.18619942155e-15)
(0.260917585533 -0.0798212902387 0)
(-0.196022782856 -0.212432869369 1.00731344871e-17)
(-0.315705250758 -0.203169901708 -4.06857235467e-18)
(-0.368108509128 0.0793864580747 2.90376167807e-16)
(0.314040406 -0.0437713668541 -1.22435263698e-15)
(0.32680424576 0.079457925326 -4.50402672919e-16)
(0.283675630942 0.176153700559 1.0385094161e-16)
(0.185119929663 -0.0683901705572 2.2094238031e-17)
(-0.387045765797 -0.0111313691646 -2.73729178064e-17)
(0.3212338992 0.0896434576136 -8.71000685708e-16)
(-0.359734062673 -0.0894632470432 1.10877895963e-16)
(0.346917823918 -0.0107460530137 1.52382540229e-15)
(-0.390992402272 -0.036256322536 0)
(0.267857590627 0.192034435077 -1.20938098156e-16)
(0.203554111891 -0.0956156931999 0)
(-0.335849035245 -0.183488410004 4.99017602321e-17)
(0.250970669116 0.17868235322 -1.70628355226e-16)
(-0.404519387357 -0.037023751208 5.08918202648e-18)
(0.374392605295 -0.015021018219 -2.8725145167e-17)
(0.217348176901 -0.130457049272 0)
(-0.388739404717 0.0451023203151 -5.2175259743e-16)
(0.224401877706 -0.0936826686478 -4.97521934402e-16)
(-0.341415278407 0.144190573478 2.7810099087e-16)
(-0.277585905592 0.187325090681 6.28842074614e-17)
(0.224152803507 -0.125640870168 4.27264839208e-16)
(-0.346412922971 0.0807705417123 3.57354060271e-16)
(0.245199372473 0.202056323014 9.94188076974e-17)
(0.345074887368 -0.0220755816441 5.08778678107e-16)
(-0.378843715691 -0.057322083818 -1.93905644106e-16)
(0.111376371261 0.171468420822 -7.43350674872e-17)
(-0.134535015582 -0.143051029969 0)
(0.183022190401 0.212892960709 7.50245521958e-17)
(-0.150138277472 0.121632094918 -8.58864219132e-18)
(0.0901091358535 -0.251735586312 -7.22430107437e-16)
(0.0777692787856 -0.260756386105 1.16722486214e-15)
(0.135777607443 -0.0748781017692 0)
(-0.0771301187902 0.0741400502866 2.12978673767e-18)
(0.190928590705 0.212009151795 1.14201033769e-16)
(-0.352258036537 0.150929716195 2.66635191084e-16)
(0.255267635181 0.188749288183 1.31136199456e-16)
(-0.392398849525 -0.0435487048557 -5.75696688366e-18)
(0.358059896646 -0.0170730870729 -4.9958038167e-16)
(-0.401735957684 0.0381318386288 6.16679134915e-16)
(0.30501939928 0.153475649552 -6.20833224897e-16)
(-0.329755706811 0.169740938478 0)
(0.275553656564 -0.088904055828 1.01769065575e-16)
(-0.358996184444 -0.151906794178 0)
(0.301414389396 0.163552621373 5.48043869321e-16)
(-0.324673934743 0.1694766801 0)
(-0.356011731691 -0.166105696535 -1.36538068766e-16)
(-0.344407664754 0.100683684396 -5.76647595807e-16)
(-0.390781782969 0.0528413499075 1.8239239716e-17)
(0.227169152341 -0.106844264971 2.93091150176e-16)
(-0.16206351232 0.134248717393 2.00760385125e-17)
(-0.118253832231 0.0975713217397 2.63639388581e-17)
(0.160719038337 0.195468977968 0)
(0.316592254961 0.113654884055 -3.5247382344e-16)
(0.270153678223 -0.0722540802641 1.18820846725e-15)
(0.326178216015 0.0619339082379 -4.73692586276e-16)
(0.326022255786 0.00361346241826 8.13038138691e-16)
(0.24549506467 -0.104105479659 0)
(0.257595996076 -0.0921474151654 2.93677153017e-16)
(0.193588447965 -0.0790315506405 2.1911992765e-16)
(0.286793316832 -0.0648280567445 -1.23999574305e-15)
(0.147421659289 0.252650428284 -8.47573623443e-17)
(0.184471793238 0.25191127713 2.12666717276e-20)
(0.167375912128 0.247836008209 -2.12557337415e-20)
(0.0393780547738 0.275368117033 0)
(0.00459565091345 0.172911504934 -9.48974257711e-27)
(0.00324286668132 0.136357721711 0)
(0.00237482607749 0.100196564967 -1.53639434599e-15)
(0.263644860268 0.206846497134 3.78995292465e-16)
(0.030408006655 0.300133443024 7.85321155395e-16)
(0.0018599836386 0.0643994929427 0)
(0.0951971153152 0.354112731195 3.44610378568e-27)
(0.0211234148684 0.308406735144 -7.85321155396e-16)
(0.0705336542602 -0.069092353647 0)
(0.162555160271 0.256821200088 1.77153223226e-19)
(0.0373125549861 0.231188308022 0)
(0.349053520806 0.0442931938201 -4.99010409168e-16)
(-0.199985867185 -0.291322579788 -6.25807265023e-16)
(0.00147554740845 0.0287713436164 6.39278199471e-27)
(0.226647928938 0.213979961991 0)
(0.0462726533291 -0.0960725895871 -1.71183462714e-15)
(0.128746943137 0.0717334146417 0)
(0.0741514370708 -0.0336353816583 -2.86918701218e-17)
(0.000963710219742 -0.0070509824932 -1.79393098842e-15)
(0.0667011731957 0.0534062018445 0)
(0.128051630015 0.0374834718654 0)
(0.115007856083 0.0315053302843 5.69572914876e-27)
(0.0126771352471 0.382217595727 0)
(-0.40702911696 0.00246106327514 0)
(-0.131126341678 0.338427560187 0)
(0.126126785707 0.0038655974017 0)
(-0.00498846499084 0.178557862755 1.26807542795e-15)
(0.382182268135 0.00820458051151 6.0003756158e-17)
(0.0299820484261 0.283008640401 0)
(-0.1887648389 -0.299013977528 3.24025863443e-16)
(-0.146066729647 0.321058047258 0)
(-0.00654963061346 0.142066776841 -9.99502437168e-27)
(-0.134860268982 0.328311643403 0)
(0.011672562425 0.374748627254 0)
(-0.119433252208 0.255965392646 0)
(-0.00755935955214 0.105945281625 1.53639434599e-15)
(0.115940019245 0.101065808432 0)
(-0.197911019655 -0.206225036047 -8.36789798329e-16)
(0.359126328239 0.00871678019354 -6.28184306494e-17)
(0.128394144796 0.10682112135 0)
(0.0281613629172 -0.0731484781346 3.22189501466e-27)
(-0.176631767845 -0.237952762148 -8.15403669548e-16)
(-0.187858976789 -0.229491838325 8.15403669548e-16)
(0.0624666409196 -0.0401579456841 3.44964311693e-15)
(0.090953587312 0.125311725269 1.38135289378e-15)
(0.351385910516 0.0301274686357 -5.2298211873e-16)
(0.361167122858 0.0224302332803 -5.35310048063e-16)
(0.0647878626689 -0.00495610540114 0)
(0.263146764071 0.197215887864 -2.41423819483e-16)
(-0.129879821305 0.249415993452 1.47141873953e-27)
(-0.0105215057671 -0.0754749606887 0)
(-0.127274227327 -0.121473320355 0)
(-0.00812969082235 0.0701444154107 5.90721511784e-27)
(0.249867165465 0.208344768126 -5.76099270403e-16)
(0.359614021 0.0381081703693 5.20199299426e-16)
(0.26301232762 0.208753884053 -2.99034331141e-16)
(0.212473121413 -0.0643588595817 -6.25378203873e-16)
(0.00226081552669 0.369760921324 0)
(-0.0621502440011 0.151407135236 0)
(-0.0426825600494 0.1762267725 0)
(0.0882603107733 -0.00378610293444 3.31351810475e-15)
(0.0275585883457 0.237572421043 0)
(-0.0199753048697 -0.0821650981912 0)
(0.00309187613443 0.358689696824 0)
(-0.0296228892921 -0.102292983617 0)
(-0.0527863854851 0.157782166167 -2.3089231912e-27)
(-0.0634087365673 0.116264776771 -1.40635048212e-15)
(-0.0522102915766 0.169655858585 2.3089231912e-27)
(-0.18873657703 -0.183649820713 0)
(-0.0084632157413 0.0344708726659 0)
(-0.000373510816721 -0.0561458560351 6.58157375539e-27)
(-0.064107376771 0.0812771337834 0)
(-0.0550334442056 0.0871942965511 -5.5308557701e-27)
(-0.153780936405 -0.147923371976 0)
(-0.0542165709595 0.122379372444 0)
(0.0178375752829 -0.0800200085064 1.77795333766e-15)
(0.0505413577099 0.374290548479 -4.37584893909e-16)
(-0.0642209057407 0.0695198513512 0)
(-0.0731659522308 0.0636947362506 -1.5450585858e-15)
(0.240294818268 0.204862303386 5.76042730138e-16)
(-0.0419977882301 0.37150608626 -4.03905775765e-28)
(-0.186759689944 -0.213989908763 8.36789798329e-16)
(-0.17833071465 0.204623316006 -7.32925482137e-17)
(-0.0517449776275 0.364943494985 -9.23848206715e-28)
(0.00692788222415 -0.100088327554 1.75521105685e-15)
(0.0765601251053 0.00123817076621 -1.67125992435e-15)
(-0.0738770607895 0.360070042204 0)
(0.0366595077374 -0.0910800579305 1.71183462714e-15)
(-0.0643744099385 0.0342698122553 0)
(-0.161543065606 0.327357714592 -2.37879601238e-28)
(0.0573990438945 -0.0886781665104 0)
(-0.0429633730576 -0.232486107038 6.87493014112e-16)
(-0.0606609481544 0.366015211176 3.55820996081e-28)
(-0.412665535356 0.0371290576804 2.21239710911e-16)
(-0.0177928106481 0.380984546765 0)
(0.38152844787 0.0287545806748 8.9344588382e-16)
(-0.0317044828142 -0.377426913037 0)
(0.114317746859 0.0200727721644 -5.69572914876e-27)
(0.128563408166 0.0488790402575 -1.46983278847e-15)
(-0.0972589204753 0.34840730279 -4.79826087866e-16)
(-0.110732813801 0.341459029313 -1.78829617459e-27)
(0.154835937934 0.225038740249 -1.13170459707e-16)
(-0.375981067567 -0.122627157984 1.51924593406e-16)
(0.0589664695355 -0.0761814883773 0)
(-0.158096725313 0.185041331071 3.6728651502e-17)
(-0.0318037990565 -0.158627587536 0)
(0.0920578275321 0.164200271225 4.91619752647e-17)
(-0.0946501081635 0.352855677311 0)
(0.102923795209 0.0483583497601 1.56125249869e-15)
(-0.121106319978 0.344437644045 0)
(0.100706580508 0.00245141143326 -1.64225818039e-15)
(-0.0825640177239 0.359848517518 3.18537506185e-28)
(-0.0406493333421 -0.166675449328 9.41236188209e-20)
(0.136010328962 0.20946777105 0)
(-0.0237697122904 -0.165417173561 -1.60680534231e-15)
(0.127064879283 0.0151199869936 -1.52619838339e-15)
(-0.0147346125743 -0.157238497 1.60680368747e-15)
(-0.128768985355 -0.126567016931 0)
(0.0670382431724 0.0652873802631 0)
(0.0905509299844 0.0538500630218 -1.56125249869e-15)
(0.0784771282439 0.0478522110998 -2.9480495024e-27)
(0.126168130205 0.290799973812 0)
(0.128273152441 0.11870759736 0)
(0.112987262789 -0.00237896609013 0)
(-0.0100870100822 -0.0626253817591 0)
(-0.0487652994405 -0.159600744189 0)
(-0.127208898452 0.0284443367603 1.45424230635e-15)
(0.114866708882 0.183400731518 0)
(0.115930995183 0.0659050501809 -1.09045279054e-26)
(-0.198469201182 -0.161588651893 0)
(0.0752243050133 -0.0217992053472 -2.71317949525e-17)
(-0.376410892194 -0.112940356013 0)
(0.097718201727 0.348783332137 0)
(-0.406908310345 0.015134448853 0)
(0.384585839742 0.011697008262 0)
(0.00454532068235 0.379954376244 4.49001343469e-16)
(-0.116391929946 0.210403040352 -9.40327404775e-16)
(0.0790518264811 0.193371499156 0)
(0.103278119109 0.119145509027 0)
(-0.106217288047 0.190849194134 0)
(-0.415682475617 0.0426624337354 -1.05660080351e-16)
(0.374964879647 0.0344474365651 4.27926948736e-16)
(-0.0371739430574 -0.360815241747 8.10124155017e-16)
(-0.00881341999797 -0.00140930648242 -1.29927881503e-26)
(-0.147342462139 0.30815842297 0)
(-0.0371881848729 0.379230018348 -3.97012172321e-16)
(0.210594348832 0.236577800034 0)
(0.223794187238 0.227403621727 0)
(0.0901160980585 0.199824522396 1.93873963871e-27)
(-0.133634607069 0.282858915174 -4.60023340362e-27)
(0.113209238251 0.199548302232 0)
(-0.134081492969 0.30018892996 4.60023340362e-27)
(-0.120516061615 0.273473257169 0)
(0.344371323966 -0.0549489650371 1.32007007349e-15)
(-0.127249036872 0.0165413396087 -1.43418964868e-15)
(0.378604269297 0.0443939585084 -8.3224366746e-16)
(-0.0462442029445 -0.379150008883 -1.87853484436e-15)
(0.368694288813 0.0576524680995 -4.62856391827e-16)
(0.031312766996 0.351586835101 0)
(-0.0527891953241 -0.363636078945 8.75426284579e-16)
(-0.153405849107 0.324864506863 2.09913385171e-16)
(-0.411155382405 0.0420296743472 0)
(-0.406017459772 0.0532643777106 0)
(-0.0382811206665 -0.0960279073887 -6.33453446289e-27)
(-0.117097272517 0.224841644976 -2.66944795369e-17)
(0.100398878294 0.349418484003 0)
(0.00909881779122 -0.0617691130059 -6.51817600188e-27)
(-0.0225891670513 0.384517283094 4.31968866411e-28)
(-0.062610205572 0.139639933147 0)
(-0.0204058750735 -0.0953579657299 0)
(0.0905302308656 0.162118369848 0)
(-0.18171195097 -0.136207810704 0)
(0.103769881266 0.214507315166 0)
(0.113172647032 0.212622015517 0)
(0.188770093301 0.196966156537 0)
(-0.0294196600692 0.380089325007 0)
(-0.128627137608 0.232974847562 -8.6193339737e-16)
(-0.196044640472 -0.268817708421 0)
(-0.00722441306143 0.376664942445 0)
(0.207850557303 0.250474172047 0)
(-0.385816625567 -0.0771304280283 0)
(0.0706287208408 0.355330396589 0)
(-0.0909164019311 0.0284838623942 0)
(-0.0420093479548 0.188259234358 0)
(-0.00207094636698 -0.0943598277425 -1.75521105685e-15)
(-0.0732107292572 0.0519062210389 -1.587604528e-15)
(-0.223680534655 -0.159889784136 -1.19553225696e-16)
(0.016898167269 -0.0929572277476 -1.60139634886e-27)
(0.360268597605 -0.0308608189745 4.38937816548e-16)
(0.00827865336282 -0.349711752758 -8.74774347434e-16)
(-0.0636824852977 0.104538479556 0)
(0.332293915873 -0.0583300683431 -1.49726830331e-17)
(-0.0567252627948 -0.137979999003 0)
(0.0912014953081 0.17314609364 0)
(0.215425532137 -0.0543424063413 -6.31885515061e-16)
(-9.10411928049e-05 -0.18572352943 7.75405140813e-16)
(-0.0997776538479 0.0342632186967 1.52808474816e-15)
(0.0905477126205 0.174475113401 0)
(-0.00667753146531 -0.163695724644 -9.6615450425e-20)
(-0.339852979252 0.18354028643 0)
(0.00404067081513 0.160699924606 9.48974257712e-27)
(0.243662145155 -0.0630900031864 0)
(0.0781300712363 -0.207986571601 0)
(-0.0643705060755 0.0461828967612 0)
(0.090999425533 0.137485827638 0)
(-0.0820760743455 0.0342656558912 0)
(-0.0732671121196 0.0284814674853 0)
(-0.314337335376 0.186002104414 5.20928757324e-16)
(0.124801011726 0.233474187439 0)
(-0.376146840698 -0.103196204486 -8.84536133555e-17)
(0.0379104607969 -0.0783350353661 0)
(0.0902000612204 0.35048935902 -3.91450286152e-16)
(-0.054833171184 0.0989657147201 5.53085577011e-27)
(-0.0538311169405 0.134176365173 -1.37481711473e-15)
(0.00762893119857 -0.344323327905 8.50401200813e-16)
(-0.18804051911 -0.169332840562 -1.00183072712e-15)
(0.00104155726615 -0.339399432179 1.66558181156e-15)
(0.0677185834005 -0.178449384318 0)
(0.00286096682397 0.124240730364 0)
(-0.108753844541 0.0284716868916 -1.52808474816e-15)
(0.354602644615 -0.0484049622357 -4.47399388987e-16)
(-0.0484048169719 -0.144836782633 0)
(0.0720280486275 -0.0569702786998 -2.71372277736e-17)
(0.350145348653 0.0159967605775 5.30727707522e-16)
(-0.248946199037 -0.187085940812 -8.49076177568e-17)
(0.124824963876 0.219471722197 -9.38120403058e-16)
(-0.338093315698 0.181711640458 -3.81611757494e-16)
(0.00212842607505 0.0881734475842 0)
(0.102624375968 0.155700374834 2.27858489541e-27)
(0.0111121113123 -0.33063539311 0)
(0.202972668514 0.189159150368 -3.95916605247e-16)
(0.110936079571 -0.0980635615703 0)
(-0.00912654441288 -0.345026732448 0)
(-0.156882777319 0.0105330266235 0)
(-0.413587962951 0.0201542300731 -2.3007521589e-16)
(-0.0109789287799 0.383043075331 -4.4900134347e-16)
(0.379251549795 0.0232128976296 -8.92224213182e-16)
(-0.303773558984 -0.170672079361 0)
(0.006448084417 0.210045387652 1.12222079984e-15)
(-0.244375199835 -0.312634906981 -2.52791696119e-16)
(-0.255304905073 -0.304757305588 0)
(0.0387067260149 0.259800110082 0)
(-0.117891095249 0.0342642945545 -1.45424230635e-15)
(0.122078264809 -0.101425434309 0)
(-0.00401688258632 -0.333864029944 -6.08435825169e-16)
(0.125706882871 0.179991123689 -4.83593938654e-28)
(-0.214579794441 0.243852657073 -1.09708097152e-16)
(0.0287931054752 -0.158387786439 0)
(0.195547829191 0.259383334378 0)
(0.13124806518 0.22401445144 8.44961945257e-17)
(-0.00229002871813 -0.353574175654 -5.14640026705e-16)
(0.102701830447 0.143467097656 -2.27858489541e-27)
(-0.32763310838 0.19112383501 4.13639664405e-16)
(0.125471342639 0.192655097795 4.83593938653e-28)
(0.0204799649596 -0.152869270877 -1.6089016169e-15)
(0.133617863677 0.244446858202 -1.96021074266e-16)
(-0.310758167731 -0.152407309661 0)
(0.113743835196 0.292678376504 0)
(0.114423145755 0.263910038877 0)
(-0.400307271782 -0.011807127797 0)
(0.0177106172582 0.377771742003 0)
(-0.352898671518 -0.136636165734 3.2208566356e-17)
(0.00168004887139 0.0524074690684 0)
(0.101546619715 0.328828880892 2.8966504812e-16)
(-0.258678803833 0.222938069575 -5.78699675087e-16)
(0.0639906713201 -0.0168249733384 1.70958739237e-15)
(0.103914905364 0.200756988743 0)
(-0.156985713082 -0.00151754579206 2.6704755188e-15)
(-0.274590983262 0.231282260676 1.7996893788e-21)
(0.38326081029 0.00610912872009 0)
(-0.0185976475462 -0.37624251949 0)
(0.123279860725 0.263472198688 0)
(0.268313073778 0.196534342125 -1.50986404253e-16)
(0.360509204692 0.0512414040816 4.82069540487e-16)
(0.128906006392 0.0833518641333 0)
(-0.253868211886 -0.283784207294 0)
(0.326053304245 -0.0658974917091 1.30451683364e-15)
(-0.19983504214 0.285812057685 0)
(-0.208760308076 -0.303552535987 0)
(-0.383144990403 -0.0977965415431 -1.99679937988e-18)
(0.302459362193 -0.0683956935901 6.23211872619e-16)
(0.296047337491 -0.0616491187043 -6.7634818204e-16)
(0.101829456925 0.193183176851 0)
(0.31932852458 -0.0634074404945 -4.26470100101e-16)
(0.0576867679968 -0.284902594382 1.01597471322e-15)
(-0.209532669162 0.193063180379 7.79816360116e-16)
(-0.187459900586 0.126710040927 -2.03371260625e-17)
(-0.228504762031 0.218445490351 0)
(0.113674021273 0.309811209299 0)
(-0.332412655088 -0.157144796219 0)
(-0.0242977249769 0.375294789963 -4.31968866411e-28)
(-0.385820767845 -0.0973458574327 9.09091406139e-17)
(0.0791497810403 0.357501859201 3.91450286152e-16)
(-0.0337982152695 0.370123743007 0)
(-0.117244843862 -0.286841074732 -4.91570475075e-16)
(-0.13681240525 0.0105952453729 2.82586880753e-15)
(0.118896979058 -0.113769592115 0)
(-0.245804886206 0.228266457605 5.78696394208e-16)
(-0.265981457543 -0.277195288171 0)
(0.0477508989579 -0.154660293599 -1.57247270428e-15)
(0.214405693233 0.208642885717 3.57241679756e-19)
(-0.0514590795826 -0.241468530461 -5.09960192853e-18)
(-0.127242361799 -0.280181920948 0)
(-0.206921503261 -0.263096498531 0)
(0.0107992765587 -0.161408579477 1.60899238598e-15)
(-0.00782387562377 -0.179047587665 -1.46850138169e-18)
(-0.196357742285 0.22942145217 -1.33743236108e-17)
(0.35352209533 -0.0376174663299 0)
(0.0402118675173 -0.29674538786 4.16013490639e-16)
(-0.225950913247 0.20260091204 0)
(0.132547983966 0.242941941861 1.96021074267e-16)
(0.130023353733 -0.116783348958 -1.39842329074e-15)
(0.0559184790136 -0.283762303535 1.9628514457e-17)
(0.114078034769 0.173986024801 0)
(0.00782499877419 -0.328872621922 -1.17899986946e-15)
(-0.154072446449 0.330513238323 -6.89644888497e-28)
(0.0872965952418 -0.0154313847454 -1.68245559742e-15)
(-0.0576485940691 -0.167565727994 0)
(0.0391207510366 -0.149565637042 1.57247270428e-15)
(-0.133562574143 0.178842648524 2.20235943914e-17)
(0.192569764434 0.272951348516 5.24721163746e-16)
(-0.197085327604 -0.190975038699 0)
(0.129684967871 -0.0668169961251 1.1514715389e-20)
(-0.236589668635 -0.193493432794 5.20426379063e-17)
(0.0823308701029 -0.178772068957 -2.43110853229e-18)
(-0.0748736265231 -0.168289552675 1.46099490814e-15)
(-0.0168154438214 0.372904231775 0)
(-0.386281955672 0.087208539239 0)
(0.0987919337837 -0.168500373024 2.41778963333e-18)
(0.00265181354576 -0.155344147914 0)
(-0.338577331153 -0.14228901704 0)
(0.100520800594 0.3134292691 -2.8966504812e-16)
(0.113233280031 0.240718364982 -9.16158676296e-16)
(-0.0124293939538 -0.364174711751 0)
(-0.0658813064525 -0.160381100433 0)
(0.04839385039 0.25286587072 0)
(0.169198649697 0.0549966916839 1.36449064202e-15)
(-0.167442574563 -0.00770368428307 -4.63082312133e-17)
(0.196497003578 0.0988396831527 -1.19677542982e-15)
(0.00127739486457 0.0166903588587 -6.39278199472e-27)
(0.00920742928079 -0.176787792015 0)
(-0.108948693657 0.0798870648597 7.45103875212e-19)
(-0.0557520729273 -0.0831162713233 0)
(-0.391833445883 0.0768173316602 0)
(-0.106331377748 0.203627214113 0)
(0.0462463520561 -0.30034918337 -7.74066688747e-16)
(0.0522449302913 -0.293281130129 8.77408360876e-16)
(0.000536200907613 -0.315858106529 -1.08349922788e-15)
(-0.138600291229 0.103023634699 3.00855179856e-17)
(-0.211717028399 -0.216834439756 7.3234956368e-16)
(0.127224372248 0.142843740237 0)
(-0.276929683654 -0.249260570857 2.40555354068e-16)
(-0.126683457689 -0.263291319468 9.62197293106e-16)
(-0.0398756560873 -0.343803171514 0)
(-0.241525064283 -0.33247960656 -7.4420336185e-19)
(-0.106983743599 0.323243121806 0)
(0.0591495878869 0.261070023406 0)
(-0.339305651025 0.120431210582 0)
(-0.164449325642 0.287612101246 0)
(-0.224129784786 -0.209861755594 -7.3234956368e-16)
(0.0678461140128 -0.150192886102 1.53329077032e-15)
(0.232127195475 0.232879019525 0)
(-0.128718661709 -0.231890365423 0)
(-0.000218310441039 -0.359967718766 0)
(0.346120854666 0.103459983474 0)
(0.322697728373 -0.0662312954497 -1.24602222414e-16)
(0.0318601408189 0.335307007562 6.90810536742e-16)
(0.0266603327887 -0.173400615781 7.71148294945e-16)
(-0.263972852981 -0.256510838217 -2.40729250212e-16)
(-0.292073088238 -0.259837218275 0)
(-0.280778963035 -0.20393164515 3.42437116912e-17)
(-0.146741444316 0.0165429646295 -1.39167915884e-15)
(0.0347111003828 -0.179056169458 0)
(-0.223789940828 -0.277443191896 0)
(-0.249701752364 0.143471222309 2.95205252233e-17)
(0.24664989322 0.215036516512 -2.98746439295e-16)
(0.244185620821 0.040140544507 1.84405400296e-15)
(-0.300066601587 0.191536876482 -5.19975614852e-16)
(-0.119101696083 -0.240063621258 -1.10732484378e-15)
(0.183522904905 0.0496987989732 -1.36415435585e-15)
(0.223161744392 0.246887834147 1.20878696459e-28)
(-0.165993361181 -0.150665303575 0)
(-0.372750339676 0.0936764695407 0)
(-0.275528518494 -0.29718314785 2.8223764053e-18)
(0.178550548439 0.152443252272 -1.05312710958e-15)
(0.0895169792172 0.144838705708 -1.98361271354e-18)
(-0.0918896206867 -0.104066659255 0)
(0.206062821969 0.270721213926 -3.18279732148e-28)
(-0.229401088075 0.141448220194 -8.3284696046e-16)
(-0.37665002398 -0.113264212152 -1.52641420654e-16)
(-0.0656196009429 -0.145525137826 0)
(0.169411972812 0.0660837746027 -8.33561280274e-20)
(0.200597673296 0.216884857864 0)
(-0.126696717774 0.204223768187 9.40327404775e-16)
(-0.101284148747 -0.257359654724 5.35485654353e-16)
(0.113387086073 0.255638098483 0)
(0.127184655923 -0.0783369740451 -1.15147049934e-20)
(-0.167567412225 -0.0199766644815 -1.17335392917e-27)
(-0.265824278389 -0.311436848646 0)
(-0.365620791649 0.136019028839 0)
(-0.11939233303 -0.255466590538 0)
(-0.313334824235 -0.17144429489 4.73022464389e-16)
(-0.157199048436 -0.0387440396014 -1.2114350778e-27)
(0.115347427371 0.125005887221 4.69375469517e-27)
(-0.21445330151 0.136433907901 -5.24718616491e-19)
(-0.140058264552 0.337481332295 0)
(0.0905733915432 0.240264458861 -9.61618603169e-16)
(0.214093505045 0.262849476323 3.18279732148e-28)
(-0.283069654464 -0.288065988474 0)
(0.0588293577208 -0.145688349633 -1.53329077032e-15)
(0.115582921281 0.0543003234012 1.09045279054e-26)
(0.197924353084 0.0551351588736 0)
(0.0854214867668 -0.0383359716648 -1.68388941993e-15)
(-0.158393941922 0.186322499466 9.23498444347e-16)
(-0.292851911544 -0.278092575826 -2.75455600968e-16)
(-0.290788040148 -0.277431394963 2.68884533372e-16)
(-0.154751389948 0.194218810424 -3.67286515021e-17)
(0.137127867595 -0.132004128019 1.3244506252e-15)
(-0.286860481859 0.224612547609 0)
(0.0908979478778 0.2548766139 -8.27761171602e-28)
(0.223870520442 0.252210098984 1.67629945018e-28)
(0.0415131032526 0.327106547416 -6.90810536729e-16)
(-0.216319345896 0.129293287255 0)
(-0.157040947262 -0.0262062193802 1.2114350778e-27)
(0.0505724739744 0.30164297185 -7.61166228383e-16)
(-0.168406262897 0.167685772136 0)
(-0.361098701573 0.13244551943 0)
(0.064847814667 -0.164822748316 -1.456741044e-15)
(0.193541771007 0.284178667462 -3.74349491677e-16)
(-0.15735053446 0.173138239504 0)
(-0.189247466091 -0.00775556240399 0)
(-0.0380322885451 -0.0827531409884 6.3345344629e-27)
(-0.0550090407037 0.354895608324 9.23848206716e-28)
(-0.207262240769 0.178196420156 0)
(0.0808111742329 0.277933843907 0)
(0.199478038228 0.274446789291 -1.95390278906e-28)
(-0.00495749439456 -0.236388851506 -7.0990908972e-16)
(-0.226567425196 -0.301299748559 5.2656464133e-16)
(0.351468105731 0.0631363635889 -7.67085110344e-16)
(-0.241278539923 -0.222473440175 0)
(0.0692315851982 0.253889909145 -4.31194421057e-28)
(0.314071582313 -0.072957938197 0)
(-0.217939580408 0.159527351785 -2.48895257862e-20)
(0.16334907392 -0.0879610113958 1.68633214533e-19)
(-0.00140832356336 -0.0812756842119 -6.44468398407e-27)
(-0.214527986766 0.133744271574 0)
(0.244214495283 0.0495989382417 1.16617411884e-15)
(0.172525534334 0.262397977782 0)
(0.0788946176716 0.180882120427 0)
(0.0220428294304 0.0290675987839 -3.4534138736e-15)
(0.213071385738 0.0497958520009 0)
(-0.298280198089 0.229129524595 0)
(0.0499901993762 0.284345350285 0)
(0.101869199245 0.180626920693 0)
(-0.372133707771 0.107474855045 0)
(-0.065625301126 0.346848461379 0)
(0.080404655769 0.262135654845 0)
(0.0372125142163 -0.217637047527 1.36731493067e-15)
(-0.0356693724983 -0.240425595344 -1.38182794818e-15)
(0.0109651796239 -0.232636910391 7.12421615537e-16)
(0.228444174558 0.0345223927844 -1.23911938012e-15)
(-0.244998480825 -0.242498607747 0)
(0.303049156404 -0.0682783353283 1.06177014518e-15)
(0.0169869015227 -0.18277420618 -7.71143282639e-16)
(0.05961340086 0.276799878155 0)
(0.00412801930449 -0.226294103895 -1.43775540607e-15)
(0.184830612082 0.254136847294 0)
(-0.109677688249 -0.264316136456 -5.35819313593e-16)
(-0.0812926395337 0.35197530467 0)
(0.0411623050528 0.309486007956 -1.06289031159e-26)
(-0.167683413252 -0.0452973674306 0)
(0.0579500797235 0.232097185356 0)
(0.116927106169 -0.186853329034 6.09267435361e-16)
(-0.147918040373 0.206543633235 2.38971218215e-29)
(-0.253714403454 0.105731618131 -3.25721151203e-18)
(0.0358672595375 0.192677370673 0)
(-0.385412974901 0.0961075215937 0)
(0.231832543717 0.242615466541 3.77723526333e-16)
(0.02676015182 -0.228741816951 0)
(-0.220159174673 0.1735994052 2.48895733111e-20)
(-0.230885093996 -0.158910323051 1.19553225696e-16)
(0.176385883512 -0.0903396351055 4.02721728711e-20)
(0.183231786333 0.0714908085993 -1.57312623237e-19)
(-0.0171098240332 0.358466441465 0)
(-0.16609715876 0.229756646242 -2.38971218215e-29)
(-0.133389268079 0.173156158352 -2.20235943915e-17)
(0.168005715363 0.0223709317254 0)
(-0.136469405291 0.184938674154 -9.1386575756e-28)
(-0.0668238401041 0.331691644781 0)
(0.166467303305 0.135077576695 -1.15233493741e-15)
(-0.23252413223 -0.248858459629 0)
(0.279932953182 0.148823014804 -3.96268154264e-16)
(0.00843274716579 -0.0745034771713 -1.77795333765e-15)
(0.199262564553 0.231171114832 0)
(0.125301179984 0.263628335354 3.42177894806e-28)
(0.0708076103979 0.285601046829 0)
(-0.221792765522 -0.192751793253 0)
(-0.0294466784249 -0.267116811521 7.01460903441e-16)
(0.192403091776 -0.0820771040876 -6.36065737257e-16)
(0.102644791046 0.278955628544 0)
(0.0687879308108 0.239575101607 4.31194421057e-28)
(0.0195487247171 -0.221868420527 5.70309049525e-18)
(-0.0897284924371 0.132805715972 0)
(0.144506623671 -0.107988128742 1.39843938215e-15)
(-0.0117053939656 -0.229081577782 1.40870525895e-15)
(-0.0202021248189 -0.239023226106 -1.40640136823e-15)
(-0.0723528576335 0.0606475496509 0)
(-0.072143929832 0.0734918914376 0)
(0.243344219371 0.230095018554 -3.77723526332e-16)
(-0.208049437266 -0.168503458042 -3.11235971497e-27)
(-0.287196971805 -0.0561416818685 0)
(-0.0114940232225 -0.368612635363 5.25494113145e-16)
(0.368520126582 0.0802435498124 0)
(-0.147476925165 0.191871792625 -9.23498444348e-16)
(0.183073823773 0.0389288024838 1.39463230484e-15)
(0.0139721977757 0.154958291592 -9.97073808661e-27)
(0.103205934514 0.0715694691047 -1.51943109476e-15)
(-0.357047533575 -0.117593045886 0)
(0.090253836423 0.337085409976 0)
(0.0116619078371 0.0346965534533 1.73145162113e-15)
(-0.103329188107 0.351525960139 -2.79310236238e-28)
(-0.286821634861 -0.0429007600032 1.15220926186e-15)
(0.187994906282 0.210635050948 0)
(-0.126097589326 0.190894235794 8.76838804047e-28)
(0.172197108534 -0.101748154259 -1.28300560075e-15)
(0.0477780836559 0.238681084601 0)
(-0.271330556369 -0.0628080513584 4.2233842128e-16)
(0.101543694256 0.0139616413342 -2.94551877828e-27)
(-0.0827683482709 -0.290906421822 5.63722317579e-16)
(-0.280786819012 -0.285990935515 0)
(-0.254970354476 -0.270688980032 0)
(0.202579632119 0.263070463672 -2.31416495857e-28)
(-0.136939025617 -0.0260409211536 -1.44829055087e-15)
(0.0468835627054 0.211964882966 0)
(-0.215999747301 -0.306275521323 2.98858245983e-17)
(-0.238410739686 0.0987775546554 -4.62155002224e-16)
(-0.137612646497 -0.239102793578 0)
(0.240899335165 0.224221229529 2.23253705614e-16)
(0.0574908407234 0.21889208825 0)
(-0.0889418110534 -0.312669614309 -7.74628769661e-16)
(0.0322527230364 -0.194902532669 0)
(0.183121671346 0.0825695466658 -1.24688839462e-15)
(-0.254830592997 0.130880573363 4.23724674199e-17)
(-0.140258278791 0.245991833735 0)
(0.120881446452 -0.149547320918 -2.20875986481e-17)
(-0.135119421724 -0.30583023801 0)
(0.16874538099 0.0332246831342 -1.39463230484e-15)
(-0.0570348045887 0.305365546495 0)
(-0.271804502389 -0.0759901026716 -1.57078351531e-18)
(0.101652271524 0.233222061439 9.16158676296e-16)
(-0.156382843375 0.137283498043 1.07319870729e-15)
(0.125458177372 -0.18829292062 5.69618029298e-16)
(0.243806276008 0.0200972995514 0)
(-0.0918389909286 -0.265856213363 1.12887684586e-15)
(-0.0833237201075 -0.160934123782 -1.46099001108e-15)
(-0.211817321208 -0.00764629549428 0)
(0.211259641442 0.250222214714 -1.20878696459e-28)
(0.15228075081 -0.122583100646 -3.91098478443e-17)
(-0.153993560542 0.252653822139 0)
(0.0244036304722 0.1614413553 -1.32648149916e-15)
(0.101491697254 0.219539748852 0)
(-0.0207522527603 -0.257250468462 5.32226100797e-18)
(-0.0658641746387 0.0595892564136 -7.43823599272e-19)
(-0.254935816481 -0.2162019589 -5.62032904722e-16)
(0.359318122628 0.0952799830758 0)
(0.139016130545 -0.000761951216623 1.39130552568e-27)
(-0.0805314232114 -0.303902955386 -1.57923770753e-17)
(-0.235332648262 -0.270184098855 0)
(-0.136299591572 -0.288023297804 0)
(0.136119506135 -0.0933189618762 -4.44113346852e-20)
(-0.0301607792465 -0.285352669492 -1.32559251458e-15)
(-0.202695663593 -0.241836124907 -7.09459141375e-16)
(0.0230985492808 0.100558078907 0)
(-0.129096035522 -0.216352008371 0)
(-0.101067993114 0.0827881474222 -1.10433343875e-17)
(-0.208457136513 -0.183217245841 3.11235971497e-27)
(0.191321031525 -0.0279475883765 -1.35886965138e-15)
(-0.0814750639802 0.104112412078 0)
(0.279984882782 0.176371596518 -3.72131374389e-17)
(-0.27674171279 -0.300732860234 0)
(0.092221807267 0.286631996683 0)
(0.137773869252 -0.0118327727077 -1.39130552568e-27)
(0.196313079368 0.280738348038 3.74349491678e-16)
(0.291596080796 0.0922210731336 0)
(0.12423798974 -0.0182506192297 0)
(-0.235772835567 0.028587641129 -1.02437046952e-15)
(-0.146085181583 -0.262113163531 0)
(0.286154469814 0.163157273996 3.249444974e-17)
(-0.300440536141 -0.265363084521 6.92243125405e-17)
(0.177251252301 0.293880613149 2.29907677818e-28)
(0.277162261765 0.0400179819845 -5.55802178203e-16)
(0.196953629099 0.0877461187335 1.24698135344e-15)
(0.251446663317 0.220673605297 0)
(-0.178285626594 -0.00157229054415 -1.26692322767e-15)
(-0.0366145407373 -0.258807702637 -1.32498629272e-15)
(0.206772570156 -0.0852090599103 6.41452111199e-16)
(-0.209646627561 0.301003754061 0)
(0.260623273125 0.026020228491 0)
(-0.219203878643 0.231819422203 1.09708097152e-16)
(-0.056205690874 0.323866976161 0)
(0.150503548523 -0.175220653268 5.28635638759e-16)
(0.276812969967 0.049382475312 -3.76552363517e-17)
(0.0452873551871 -0.169444645736 0)
(-0.223486132426 -0.00161117029634 4.80572479706e-28)
(0.211891877481 0.0189727488277 1.30018256871e-15)
(-0.0273584534269 -0.230722177602 2.08978011808e-15)
(-0.168281587841 -0.098352713237 0)
(-0.167554347727 0.155137324892 9.81991849838e-16)
(0.197669723904 0.0340359285515 0)
(-0.18933850234 -0.0454208447578 1.20966099446e-15)
(0.0338299863148 0.106724296501 1.35215517611e-27)
(-0.146755441666 -0.277456266122 0)
(-0.183044110042 0.128494372033 2.12007809729e-17)
(0.277106995316 0.15977203072 7.06388413605e-16)
(0.3255823411 -0.0701283318977 0)
(0.111867923949 -0.0137608318782 1.61996065406e-15)
(-0.0262114511752 0.351316542359 1.46028440558e-28)
(0.152864414064 0.00543333016292 -1.46868610209e-15)
(-0.0288720257796 -0.0761242129773 0)
(-0.177483215055 -0.254320584249 -3.91947138261e-16)
(0.227689958737 0.0246793122461 -1.30018256871e-15)
(0.0536090670801 -0.174539476235 0)
(-0.121840027876 0.341453229303 0)
(-0.189327025003 -0.0200796667225 -2.39078851955e-15)
(0.0952742800555 -0.0545365632958 -1.61561603725e-15)
(-0.0870377566259 0.345188307292 4.79826087867e-16)
(0.034838469339 0.155558781683 1.32648149916e-15)
(-0.0718199228094 0.133451410816 4.97021845431e-27)
(0.0507077590182 -0.190272256435 0)
(0.148094490364 -0.0960769145337 0)
(-0.200447867971 -0.0263534822997 2.29631465242e-15)
(0.260822785584 0.0343387638707 -6.04869975912e-16)
(0.0333089311222 0.0706810722635 0)
(-0.273376126799 0.163394577516 -6.82529115836e-18)
(0.0217406335698 0.0170360910429 -1.76412401015e-15)
(0.102471812856 0.263038548095 0)
(-0.248880067134 0.0346043810144 4.65353878173e-16)
(0.0840155945726 -0.0501515496527 -1.67843303049e-15)
(0.141760059465 -0.189668004983 4.85564295082e-16)
(-0.223560438915 0.0106024123973 -1.03205393142e-15)
(0.0811705238646 -0.0735343950888 0)
(-0.236650373852 0.242487153358 1.6598667609e-16)
(0.022580545717 0.0646574334495 0)
(-0.296965332985 0.131476474508 0)
(-0.111413275555 0.330166366126 1.78829617459e-27)
(0.292785019035 0.0832686408886 -3.63424206613e-17)
(0.109638559533 -0.0361573453205 0)
(-0.0805295690195 0.138889377268 -2.33674924371e-27)
(-0.0472945174154 0.278717857611 0)
(0.182100072613 0.0177134000146 0)
(0.156399488098 -0.110437635965 0)
(0.276530842431 0.0691113529164 0)
(-0.178778975137 -0.105434510483 0)
(-0.0995237055848 0.322615807328 5.74989407677e-16)
(-0.127325876689 -0.0198008052509 1.44829055087e-15)
(-0.211821900484 -0.0200912984732 -1.12413195376e-15)
(-0.0904782022154 0.0982299629826 0)
(-0.352102933898 0.0517880138136 0)
(0.126106521859 -0.129518512921 0)
(0.0135360464224 0.142747431692 1.40137878208e-15)
(0.125839423099 -0.203527176954 -4.90899883356e-16)
(0.0121197678806 0.0703963768949 0)
(-0.12725418604 -0.00749844498218 0)
(-0.0900032260898 0.121231106182 1.33973526296e-15)
(0.0123385596556 0.0824070304049 0)
(0.0398767668385 -0.20066300199 0)
(-0.195915944627 0.305807004836 0)
(0.0464010882864 0.199342547087 0)
(0.0459484086237 0.174311335668 0)
(-0.0356496510125 0.357373016585 5.80690923126e-16)
(0.0113607598978 0.0110780270562 1.76412401013e-15)
(0.18539112029 -0.103316842735 1.28302321343e-15)
(0.153884837557 0.0164019527364 0)
(0.0586424510216 -0.195242123955 0)
(0.148810525417 -0.136324504746 2.1491854942e-17)
(0.0440503377669 -0.223412416411 -1.36731493067e-15)
(0.0238171700028 0.136927184141 -1.40137878207e-15)
(-0.101238002828 -0.161547868115 -1.3529181718e-15)
(0.122786748709 -0.0295149034874 0)
(-0.235648193358 0.0165414943029 2.01651891072e-15)
(-0.388074445569 0.0757762442899 1.51334185756e-16)
(0.0425899061365 -0.265013787461 1.81381726891e-15)
(-0.110889600218 -0.184872362168 -1.28988966753e-15)
(-0.21443932395 -0.235654485584 7.09459141374e-16)
(-0.156717438868 -0.253551983466 0)
(-0.2119457231 0.0283375713432 -1.07011302391e-15)
(-0.299992745093 0.0911160404797 6.70967046037e-16)
(0.0344805693246 0.143281648047 0)
(0.125111676154 0.279573000058 -7.25295738403e-16)
(-0.198740202348 -0.147330348545 0)
(0.118140351145 -0.218038835566 0)
(-0.27244728962 -0.161771738494 0)
(0.196915078677 0.0235425080994 0)
(-0.287645337491 0.211605318571 5.56533841359e-16)
(-0.234739604532 -0.185926400638 0)
(0.0126754009028 0.106363478199 0)
(0.0148179858749 0.179536680464 -1.26350341285e-15)
(0.0452882797669 0.13734280522 0)
(0.0902545401218 0.212689167036 1.03896662176e-15)
(0.274455297843 -0.0067325271742 0)
(-0.242839058091 0.136784129078 1.22703831807e-15)
(-0.231262430584 0.155034428441 0)
(0.275819849956 0.078706396859 1.0001882927e-15)
(-0.28112468934 0.0708214221402 0)
(-0.0812444984314 0.115744571403 0)
(-0.0820748228638 0.0461321240446 1.587604528e-15)
(-0.267337149537 0.0892214139865 -4.15861444956e-16)
(0.289328798556 -0.0787954946929 -9.42651496795e-16)
(-0.200515934699 0.0341659892665 5.13712651689e-28)
(0.189256733313 -0.0382251003633 0)
(0.0129740917743 0.118464237584 0)
(-0.167446019202 0.0165252891772 0)
(0.026173339917 -0.0983383996106 0)
(-0.200677415238 0.114845516346 9.67096423695e-16)
(-0.136884812977 -0.00147561580607 1.40220651166e-15)
(0.000674164087008 -0.0193335055457 -3.04154122153e-18)
(-0.212003407641 0.0164232713791 0)
(-0.0116139942977 -0.10138230103 0)
(-0.0906186231232 0.0866198989999 2.74922176104e-17)
(-0.178427631341 -0.0389068374766 -1.20966099446e-15)
(0.0110562323435 -0.00106844277995 1.79393098843e-15)
(-0.0995981340454 0.0808338407242 1.4441683053e-15)
(-0.237830984606 0.0866592754184 4.56791185993e-16)
(-0.109182007083 0.342210960883 0)
(-0.302898945252 -0.251646013273 1.42410407932e-16)
(0.0455958061378 0.161965817084 0)
(-0.25032363502 0.0694745495803 -8.93302974223e-16)
(0.0515190177579 0.335467491913 4.62091076845e-27)
(0.0978111637033 -0.0317398712609 2.98039514621e-27)
(-0.136536233414 0.114689529894 -1.22556479796e-15)
(-0.0735778189094 -0.284222312325 -5.51858423146e-16)
(0.272965499621 0.100585987993 0)
(-0.0451631001011 0.349919589522 -5.80690923126e-16)
(-0.224386489343 0.0804171925833 -1.00281248811e-15)
(-0.0932947914214 -0.233161226852 0)
(-0.126776625052 0.120496753689 -3.08621516834e-17)
(-0.28201517223 0.0837144522206 4.18933949039e-16)
(-0.0341156078044 -0.205960963352 -1.462160153e-15)
(0.14124507609 0.0323577296674 0)
(-0.225279904516 0.103940883706 -5.04471540966e-16)
(-0.194168053017 0.269488738987 0)
(0.140511940836 0.0211845095215 1.52619838339e-15)
(-0.0778803005464 0.30551227657 -2.99798564758e-28)
(-0.0468769456608 0.296889889719 0)
(-0.0411655731346 -0.182251326819 1.49991351021e-15)
(-0.0569334410459 0.270255845666 -3.97773910153e-28)
(-0.136890299088 -0.254147241315 -9.52175539136e-16)
(-0.156627515838 0.148913235975 0)
(0.10800698173 -0.0476581755549 1.61561603725e-15)
(-0.224077882065 0.0689335711105 0)
(0.154908025562 0.03822195461 -1.30548692402e-27)
(-0.370389928158 0.128017813439 0)
(-0.204977978054 0.147342980026 -3.35723818775e-19)
(-0.200399669692 0.0458955736472 -1.0986933808e-15)
(0.0341025290443 0.118873022217 -1.35215517611e-27)
(0.228195210774 0.0550759264704 0)
(-0.168580321265 0.262465144833 6.56126488687e-16)
(0.1367285358 0.25600348743 0)
(-0.184519544515 0.287929648545 -2.29502898489e-28)
(-0.307474768188 0.131973387026 -1.03546326205e-17)
(-0.183776935711 0.301333850505 2.29502898489e-28)
(-0.147674168164 -0.230395886362 0)
(-0.157810709743 0.325374896055 6.89644888497e-28)
(-0.0839881611979 -0.257681385883 -1.13177141143e-15)
(-0.376211877628 0.115838898192 1.87292145318e-16)
(-0.0888830145949 0.330790416701 -5.74989407678e-16)
(0.0934864192335 -0.0663591811717 0)
(-0.24114655402 0.205271599823 0)
(0.197984479692 0.0658068787513 0)
(0.212745337917 0.039611820432 0)
(-0.33254459931 0.0565497868644 0)
(0.0447788402954 0.100865554242 1.49734855552e-15)
(0.0450161140717 0.125109882839 0)
(-0.156582016664 0.114483732564 -2.28187293108e-15)
(-0.0775784281705 0.323261219641 2.99798564758e-28)
(-0.146862896484 -0.0198749989057 0)
(0.242727333795 0.0104884035654 0)
(-0.211927924551 0.0515293744212 1.0986933808e-15)
(-0.101993355815 -0.208612509409 0)
(-0.24687817138 0.257361728816 -3.58436805673e-16)
(-0.0998123755086 0.306051676792 6.48337540717e-16)
(-0.146312252469 0.120266083342 1.15899391524e-15)
(0.346473790238 -0.0562945447852 -8.61642839797e-16)
(0.0289837529541 -0.317265757625 8.67490221192e-16)
(-0.101832345199 -0.241286031744 0)
(-0.0997784115437 0.010655780043 1.43578207497e-27)
(0.210387533346 0.103799889692 -5.60478666273e-16)
(-0.026994308456 0.333472653403 -1.46028440558e-28)
(0.136880480186 0.240920296333 0)
(-0.200453815062 -0.0389733929768 -1.11327001805e-15)
(-0.0558868228092 -0.096457390228 -2.41056243569e-17)
(0.0234790317618 0.124734741375 0)
(0.155401494373 0.0493545662982 1.30548692402e-27)
(-0.108561463831 0.086428025165 0)
(0.212431405341 0.07096010915 1.18607982502e-18)
(-0.120389573693 -0.208722983975 0)
(-0.200529017514 -0.00162293455088 0)
(-0.326723894789 0.15158262301 -2.18465766837e-16)
(-0.0998554761116 -0.0639103841123 -1.59590185872e-15)
(-0.268847988793 0.100925125176 6.43692527171e-18)
(-0.189056793245 0.0631994118089 -4.24975674461e-17)
(-0.14674445254 -0.00759519909549 -2.75945057158e-15)
(-0.0731700525074 -0.0446169343288 -1.70873929522e-15)
(0.113610240867 -0.0859621309606 0)
(-0.241271272127 0.123496436135 0)
(-0.331841582764 0.18992623837 0)
(0.210893471623 0.00891391552871 0)
(0.332778059485 -0.0619175758293 -1.30005228796e-15)
(0.259622357696 0.0642656896948 1.81889166679e-17)
(-0.0880148596922 0.297267536742 0)
(-0.146672917383 0.0284098838349 -1.23936054998e-27)
(-0.191456049757 0.311998385029 0)
(-0.0630945864361 0.363748412418 -3.33345850839e-16)
(-0.172208713916 0.308116375732 -8.07730896723e-28)
(0.0335578690259 0.0827002096693 1.58049363254e-15)
(0.349817954188 0.103316124222 -2.3729756389e-18)
(0.336068882567 0.111528698058 2.54019532131e-18)
(-0.10758451555 0.247131174913 0)
(0.290523822491 0.144780161796 0)
(-0.190921245211 -0.367241741099 0)
(0.182538666435 0.293428360033 0)
(0.114266048838 0.287187662711 7.25295738403e-16)
(0.0353804712465 0.180290026773 0)
(-0.189162546527 0.0516983361773 0)
(-0.217965433554 0.239374370346 -6.28948080212e-16)
(-0.0403526475058 0.213027137879 0)
(-0.212266053647 0.0975785936017 1.97608087419e-15)
(-0.082002637522 -0.0258713368104 0)
(-0.241030505795 0.229449433854 0)
(-0.163370189585 0.230211067686 -3.46522315444e-17)
(-0.087893949726 0.279089205224 -7.85349654859e-16)
(-0.236629977949 0.0635094991726 0)
(0.164527745619 -0.124757796688 -3.90678689356e-17)
(-0.0917568598284 -0.139028290828 0)
(0.0228465842885 0.0884884561014 -1.58049363254e-15)
(0.186179570508 0.239477960795 -7.21149743673e-16)
(-0.241980159486 0.277749116494 -1.27062776477e-28)
(-0.176653234819 -0.399406034482 0)
(-0.200356566522 0.103124261241 -2.06079764855e-15)
(-0.146992072496 -0.0450682760757 0)
(-0.211916567036 0.0631263937264 0)
(0.00601893641229 -0.208891677739 -7.46857601502e-16)
(-0.00141518761002 -0.201882087953 1.48848592305e-18)
(-0.17792930863 0.0803821433036 2.29789042057e-15)
(-0.30262963212 0.10316383615 3.40661784458e-16)
(-0.278242327842 0.213662573435 -1.69615926029e-16)
(-0.200586493345 0.20988107271 0)
(0.102232379167 -0.232680124855 9.37144370395e-16)
(0.0674310888694 -0.0932591094209 1.64366937365e-15)
(-0.287101342463 -0.0834403970303 1.12948512788e-17)
(0.0563211446658 0.143620921725 1.35645163822e-15)
(-0.387727880739 0.09038286127 -1.51990214583e-16)
(-0.257737862656 0.237535203116 0)
(0.21084841122 0.26449148569 2.08654260004e-28)
(0.0567366743971 0.180758100834 0)
(-0.0972899471057 0.173069199626 0)
(-0.179971446646 0.256715299538 -1.27521474043e-15)
(0.339595914982 -0.0626137947439 4.39379059296e-16)
(-0.202103057034 0.138789214279 -9.59739093491e-16)
(-0.18902095513 0.120301808392 -1.04770583111e-15)
(-0.189535559503 0.13216479708 9.59716987385e-16)
(0.0327219476685 0.0350397940925 1.72196225246e-15)
(-0.169896694177 0.318486170629 8.07730896723e-28)
(-0.102024062311 -0.192634897337 1.28988966753e-15)
(-0.0759446251046 0.352305974454 0)
(-0.0908561087857 -0.0574724165332 1.59590185872e-15)
(-0.31038856882 0.144888503773 -6.372694679e-16)
(0.181783987048 0.105165357312 1.19662927157e-15)
(-0.21340659264 0.121206263383 -9.6730908186e-16)
(-0.265188007525 0.0643266538487 8.93302974223e-16)
(-0.0769593836705 0.270371271784 7.85349654859e-16)
(0.0794058452006 0.232765432725 9.6161860317e-16)
(0.260333151063 0.0549654073976 -1.2045790023e-15)
(0.105427038267 -0.122435251468 -1.49614422834e-15)
(0.0118805051283 0.0466993986018 3.12175453551e-27)
(-0.0474185672844 0.0477502258484 9.43094433e-19)
(-0.178300510325 -0.0263433294025 1.21860582089e-15)
(-0.178034112108 0.0689757597349 1.16085316462e-15)
(-0.203372166676 0.151681589204 -9.0619721384e-16)
(0.0406743924761 -0.0416293957443 0)
(-0.234512505213 0.248811094198 0)
(-0.0997585684612 -0.0384343443657 0)
(-0.207546677052 0.298493900374 0)
(-0.152251849574 0.235829098236 7.73419913207e-16)
(-0.0818459828109 0.0810341468096 -1.47166052291e-15)
(-0.239527092261 0.268661009488 1.92450129584e-16)
(-0.167203972233 0.0861457953166 -1.16926047823e-15)
(-0.178092011898 0.0459318294629 0)
(-0.251355753136 0.081215700298 -4.55676245448e-16)
(-0.350668577646 0.0403045411372 -3.57503096906e-16)
(-0.138665786411 -0.20799792356 0)
(-0.117592874223 0.103523183312 -3.09887385737e-17)
(-0.108096560779 0.120809899271 0)
(-0.255347724891 0.118544695285 3.26670796407e-18)
(-0.259794893283 0.260855810665 0)
(-0.326487411882 0.166979831814 -3.06722239257e-16)
(-0.0999202261906 -0.077041603033 0)
(-0.166927016537 0.120133940974 3.6211624759e-17)
(-0.0908538876712 -0.0446458003356 -7.37439519974e-28)
(-0.297777008814 0.0650961732917 2.5715554103e-17)
(-0.102479328851 0.353715074354 2.79310236238e-28)
(-0.172835063194 0.209020192161 8.1814368415e-16)
(-0.136626807878 0.103355554641 -1.27380891345e-15)
(-0.198328250911 0.309210441719 -1.16133220083e-28)
(-0.161487920991 0.214309172903 3.24347564267e-17)
(-0.1088831723 -0.0575494772686 0)
(-0.0729039400786 0.0868844371157 2.69486967309e-27)
(0.141791844107 0.0547009243968 1.46983278848e-15)
(-0.0915632983673 -0.124686875164 0)
(-0.339552103438 0.17099074786 5.99024481839e-16)
(0.0792816105635 -0.0857509730626 -3.25817700156e-15)
(-0.108457974684 0.0979612539128 -2.91180866737e-17)
(-0.0670053837601 0.278525598074 3.50222290472e-28)
(-0.313900029643 0.173394672049 -5.79414007593e-16)
(-0.072729691014 0.0985718343889 -2.69486967309e-27)
(-0.178190232288 0.0342572085838 0)
(-0.10789700152 0.132267256229 -1.25711778558e-15)
(-0.0819406365902 0.0693457594215 3.06339655723e-15)
(0.181037565506 0.00712093702626 0)
(-0.156631226371 0.103205192874 3.59446699632e-17)
(-0.117465408709 0.114959203219 1.25642694964e-15)
(-0.291619709213 -0.193719394653 6.67437297497e-18)
(-0.116820361743 0.149185297302 -1.17109803009e-15)
(-0.324847548463 0.200120874517 0)
(-0.101044034404 -0.14663378787 -6.373432929e-28)
(-0.17774652212 0.103044413595 -1.09180965532e-15)
(-0.178179009601 0.0104805555424 1.12966954678e-27)
(-0.0991412650456 0.115305972017 -1.33973526296e-15)
(-0.25085719481 0.276894379787 1.27062776477e-28)
(-0.181298339004 0.193874713301 4.60643026989e-17)
(0.0990791022993 -0.0201745027293 -1.61996065406e-15)
(-0.0708342524347 0.156803868314 -2.25346151623e-27)
(-0.0721602431946 0.12176459551 1.40635048212e-15)
(-0.18886691611 0.0859836142645 -2.21699076609e-15)
(-0.195520382988 0.266357179999 1.20281938476e-15)
(-0.0572552756886 0.253779566994 9.08815045989e-16)
(-0.219687478567 -0.160808226192 3.90250427604e-28)
(-0.21014119377 0.288586459515 0)
(-0.0888582822503 0.155937406157 -2.20477113735e-17)
(-0.0668896821123 0.296536767866 -3.50222290472e-28)
(-0.098545318469 0.138254347884 1.25711778558e-15)
(-0.178779530982 0.149712818338 -9.81991849839e-16)
(-0.0768278752366 0.253592014417 -1.83247806453e-17)
(-0.0996723334724 0.069207917026 -1.48974192301e-15)
(0.313384088924 -0.0765106033062 0)
(-0.0472887487665 -0.102904924592 1.69553443087e-15)
(-0.178094987717 0.137586367175 -1.03637708577e-15)
(-0.169865550766 0.279252786454 5.73630279409e-28)
(-0.0982567139818 0.149775232837 -1.2203998053e-15)
(-0.233248648842 0.285618981991 0)
(-0.232286429004 0.287516716259 0)
(-0.294690888008 0.21572992202 0)
(-0.0979337334982 -0.30415322119 8.74993153383e-16)
(0.164332456234 -0.115781165492 -2.06000256909e-16)
(0.267516499141 0.133258183343 -4.97537554821e-16)
(-0.0275853947602 0.297339371098 -7.71470055791e-16)
(-0.227935293214 0.291158519569 0)
(0.0445310358538 0.0887852220996 1.55474629602e-15)
(-0.0315956459531 0.207380229181 -5.21871697197e-28)
(-0.0884778930546 0.167584766657 1.17644468453e-15)
(-0.110735721738 -0.169457135795 1.3529181718e-15)
(-0.178043685615 0.239843799276 -3.37642254874e-17)
(-0.173155783566 0.320858089824 0)
(-0.177797661722 0.114428127388 2.13437322219e-15)
(-0.26060350618 0.223264247939 0)
(-0.200256494472 0.08029887582 2.13381900723e-15)
(0.0248745948264 0.173732460033 1.26350341285e-15)
(-0.0377932607349 0.270730324212 8.6103801484e-16)
(0.00385907895348 -0.140842870811 -1.66993705634e-15)
(-0.191273640744 0.156661797077 9.06155165739e-16)
(-0.0396729219221 0.226031912233 1.02742053283e-15)
(-0.127052189973 0.0977626077707 -3.26020804185e-17)
(-0.19948880699 0.213377046794 -7.46368662374e-16)
(-0.266690903448 0.249053408091 0)
(0.10202453392 -0.135653576692 1.42497664112e-15)
(-0.197154594043 0.197779617753 -1.59744357779e-15)
(-0.209402757139 -0.139722376181 4.34396324366e-28)
(0.268531339296 0.184604891418 0)
(-0.0323340990222 0.195045334425 5.21871697197e-28)
(-0.0234181541539 0.189558931031 4.46489413895e-27)
(-0.192779466648 0.170000584765 -8.84784333104e-16)
(0.261131604496 0.170833303906 -6.8189046976e-16)
(-0.1087608776 0.0165302925446 0)
(-0.196120853876 0.281603977277 0)
(0.10242568718 0.0367521880783 -2.84909081315e-27)
(-0.0703335779517 0.168555874612 2.25346151623e-27)
(-0.048504265703 0.232213969645 0)
(-0.0908944944574 0.0165048784927 1.62061368876e-15)
(-0.025844331826 0.141287168742 -1.40281294828e-15)
(-0.188880640157 0.097344998751 2.14276393553e-15)
(-0.21199417589 0.0858962619127 -4.26456953776e-17)
(-0.06699997195 0.245993097931 -1.70049219973e-17)
(-0.0908288367824 0.0635687747855 -2.8596048422e-17)
(-0.182611765303 0.189008632375 1.67289760358e-15)
(-0.0358681836811 0.12302724688 1.45081330198e-15)
(-0.0801427990315 0.150531836137 1.24244751667e-15)
(-0.0819647482595 -0.0384387398058 0)
(-0.0311975722842 -0.143904715128 0)
(0.0559570932063 0.107002409681 -1.49734855552e-15)
(-0.200347957732 0.0688273925252 -1.11835559718e-15)
(-0.0820395430732 -0.0638011387382 0)
(-0.0241130895332 0.177428851471 -4.46489413894e-27)
(-0.180879128248 0.174974713922 8.84784333103e-16)
(-0.0479883152951 0.246658045922 0)
(-0.216803554242 0.299474132006 0)
(0.343706333357 0.0973892864063 -6.45816894532e-16)
(-0.146550608959 0.0976035905935 -1.2045181668e-15)
(-0.0672359656417 0.231267236412 -9.74381267796e-16)
(-0.16711839769 0.0974530324871 1.16857349683e-15)
(-0.311045383283 0.219480438922 -5.0445794212e-17)
(0.0735647645644 -0.169145576693 2.27187015743e-17)
(-0.221802002391 0.281693601034 0)
(-0.167063235302 0.131580801221 -3.68216215258e-17)
(-0.0847487541209 -0.241559648888 0)
(-0.0299096233821 0.233475381349 -2.06246237204e-15)
(-0.0253351267078 0.153293266741 0)
(-0.10717766877 0.155239908649 1.17109803009e-15)
(-0.148683700639 0.205944929909 -1.73330239923e-15)
(-0.0382527227999 0.254590701129 -9.45730648389e-16)
(-0.18972748869 0.234606126019 -7.05003456175e-16)
(-0.110683246753 0.298240745882 -6.48337540716e-16)
(-0.0344279568651 0.158804535484 0)
(-0.23645621795 0.0516514236875 -1.008751841e-15)
(-0.17099451078 0.194100257516 -8.55266020978e-16)
(0.208818274916 -0.0156666691217 -1.22767350358e-16)
(0.0322782624384 0.0115242377971 0)
(-0.082502067748 -0.117455092201 7.16188109222e-28)
(-0.199593840225 -0.119061937609 -1.04899389769e-15)
(-0.106964070558 0.166832126641 0)
(0.216107990288 0.253242173454 -2.08654260004e-28)
(-0.158451380408 -0.290338908141 0)
(-0.02105610144 0.227386321321 1.03504183921e-15)
(0.0611847386121 0.310554026182 1.59615678916e-17)
(-0.223833473541 0.0341404236038 2.09448349342e-15)
(0.155409503643 0.0717306279182 0)
(-0.27778238925 -0.276331783133 0)
(-0.187450331954 0.218246687197 7.46368662374e-16)
(0.0442813395018 0.064958036837 0)
(-0.0134681158022 -0.266133851856 0)
(-0.316209966475 0.20738080888 -2.90332225479e-16)
(-0.304274466583 -0.0636519173461 -3.46601432448e-16)
(-0.0292524825164 0.247672914785 9.45730648389e-16)
(-0.218066017603 -0.29265291284 -2.04384999018e-18)
(0.202809781299 -0.0947285050249 0)
(-0.0266335538634 0.117414306561 5.44457871374e-27)
(-0.0354619745973 0.134935246994 0)
(-0.0911218004837 -0.0969943781993 0)
(-0.111318422226 -0.216664111995 -5.30801933303e-28)
(-0.0582078351425 0.224867569143 0)
(-0.0867231007211 0.246125696402 -8.73485343346e-16)
(-0.117914321785 -0.00145947960676 0)
(-0.222376585211 0.195653328735 0)
(0.0366828842356 0.218125172393 0)
(-0.0218081804323 0.214446018814 0)
(-0.0770386635231 0.224082150633 9.74381267795e-16)
(-0.108693482097 0.0634701921704 6.6466105858e-28)
(-0.126653960343 0.131848536482 0)
(-0.0932434924033 -0.216615732383 -1.29081881132e-15)
(-0.11698824605 0.137759058937 0)
(-0.106843402646 0.231383771798 -2.39637217684e-17)
(-0.0338196803972 0.170797698461 0)
(-0.120282839286 -0.192934715423 1.21013316051e-15)
(0.174554034625 0.218425981058 0)
(-0.117771588945 0.0806898616162 1.35159975919e-15)
(-0.260515325731 0.267142601637 0)
(0.244709405816 0.220663517557 0)
(-0.126130270897 0.154773434426 0)
(-0.0908368144305 -0.0197922457426 -1.61129891552e-15)
(-0.244363866691 0.277563802652 0)
(-0.0364808492337 0.0993830095909 0)
(0.22349302939 -0.0766689641897 5.98011522788e-16)
(-0.027366831918 0.08182645389 0)
(-0.116152700709 0.172503824345 0)
(-0.100240598931 -0.103946381342 1.50065418637e-15)
(0.0672401600053 0.0890398388143 0)
(-0.0194420047842 0.255736605321 0)
(-0.156202490353 -0.238075784334 -9.04583571163e-16)
(-0.0993182062295 0.103767841255 1.36651781912e-15)
(-0.284833830948 0.237920692673 0)
(-0.0466576833829 0.332696518364 6.68541494596e-16)
(-0.0275230131874 0.069919761008 0)
(-0.0789873692145 0.173953223928 -1.17644468453e-15)
(-0.0367000028095 0.0875219292596 0)
(-0.0752036256 -0.267748588319 -1.20189515415e-15)
(-0.205787549928 0.244545070232 6.28946625432e-16)
(0.291902968164 -0.0819268505844 0)
(-0.215806625777 0.223154413134 0)
(-0.223828735183 0.0459071395166 1.008751841e-15)
(-0.294682414765 0.235865474192 0)
(-0.0554164816075 0.0164301879559 0)
(-0.02694556376 0.105487477678 1.53066702551e-15)
(0.180721078437 -0.115111729349 -1.24627928657e-15)
(0.0900092162109 0.0307221859797 1.62398718208e-15)
(-0.278173836331 0.249711638272 0)
(-0.0979480307329 0.271332929465 -1.45360379925e-27)
(-0.0908694902283 0.0518338339744 -1.52925467587e-15)
(0.0780245522153 0.0360793402001 -1.62398718208e-15)
(-0.295810985058 0.163311594187 -5.16975302151e-17)
(-0.096498948503 0.223969696676 1.84788143945e-15)
(-0.135994124464 0.172430559912 9.1386575756e-28)
(-0.0192638063398 -0.0567691197978 0)
(0.0212541975831 -0.00657342032058 0)
(-0.15885273218 0.301190855161 0)
(0.0565675178105 0.155922413955 0)
(-0.172464076852 0.221903302203 0)
(0.0223436332858 0.0526666967517 0)
(0.175929891539 0.190730046707 0)
(-0.11783071476 0.0691247820193 -1.39179538213e-15)
(-0.116664504182 0.350610781853 0)
(0.154545327634 0.106182838007 1.30141952741e-15)
(0.168518627919 0.0999492968724 -1.94885819696e-20)
(-0.127129148815 0.0863135718831 -2.66927075921e-15)
(-0.301283942784 0.224082184032 0)
(-0.270755948538 0.20298037609 -5.57255132159e-16)
(-0.276068708078 0.228573635464 1.66391966326e-16)
(-0.287194984483 0.122515869135 -2.37452948676e-17)
(-0.146278894437 0.131576012743 -1.14090201438e-15)
(-0.137067840792 -0.0385846329407 0)
(0.00599222013251 -0.113464186505 0)
(-0.277431570985 0.25360342083 3.32730441218e-16)
(-0.0923011719083 -0.282059774648 1.01569125779e-15)
(-0.293125810474 0.237719868661 0)
(-0.146440683772 0.16661151204 0)
(-0.149350570447 0.0982169557065 -1.99319755054e-17)
(-0.113855286495 0.143092186632 6.77607798751e-18)
(-0.0973846279668 0.254223681461 1.45360379925e-27)
(0.0561833925533 0.119157584915 0)
(-0.073150004471 -0.0198388784168 -1.70888307787e-15)
(-0.0865592254518 0.23089618226 -9.35289840777e-16)
(-0.189183396983 0.0283333435234 0)
(-0.256983796355 0.207787996673 0)
(-0.282725478452 0.183474382034 -6.22780741004e-16)
(-0.109954709199 0.280603873519 -3.11464946606e-28)
(-0.108732267959 0.0517869129033 -6.6466105858e-28)
(-0.126146830699 0.166438832142 0)
(-0.179682063581 0.319354510019 0)
(-0.10039707381 -0.117827308169 1.45959090675e-15)
(-0.248118933032 0.268937807397 4.19378478175e-16)
(0.0570650737713 0.193196066575 0)
(0.187671868549 -0.117062636706 2.71871784182e-17)
(0.0446482863835 -0.109046180498 1.66019309257e-15)
(-0.0366630945151 0.324656567223 -6.68541494596e-16)
(0.166972329206 0.123236950648 0)
(-0.359325181629 0.119702323415 0)
(-0.105440634055 0.342190647775 0)
(0.271529872295 0.11056221087 4.27432457989e-16)
(-0.0463480292641 0.0342890636254 0)
(0.0435978520709 0.0294924262846 -1.69213367821e-15)
(-0.0280407671052 0.27937998584 -1.72937869331e-15)
(-0.0640215000756 -0.29374912867 9.83130691532e-16)
(-0.0266453449948 -0.21351671648 7.28552839045e-16)
(-0.167355729642 0.0283740318566 1.29137035995e-15)
(0.0105103355956 -0.0249156896187 -1.80679479084e-15)
(-0.283662909863 0.24729286342 -4.11011280876e-16)
(0.0249001025149 -0.111551850471 0)
(-0.0731522823288 -0.0574210309409 1.69725543988e-15)
(-0.046032640258 0.0815453856717 -2.89365847626e-27)
(-0.147836431039 -0.215521517935 0)
(-0.127184119663 0.0634033601567 3.59023777528e-17)
(0.0557812759184 0.0829791169211 -1.55474629602e-15)
(-0.222812765064 0.269186146548 5.04311926111e-16)
(0.359471600632 0.0977023800665 0)
(-0.12970681572 -0.401724153482 1.2989669061e-15)
(0.0674647577468 0.101087665903 0)
(-0.0370657243942 0.0520920628839 1.67043858383e-15)
(-0.267920579944 0.263169211067 -3.32730441217e-16)
(-0.0553728183165 0.0519913151187 0)
(-0.046378729588 0.0105842846112 -7.94077513939e-28)
(-0.251636616497 -0.197748971635 6.30874145582e-16)
(-0.31384563891 0.0497816468134 7.4536128039e-19)
(0.258066657 0.0850084554441 -1.2777219001e-19)
(0.277358956532 0.0204366256947 0)
(-0.0276949289379 0.04633758326 -6.21950429265e-27)
(-0.207331192641 0.26064394399 -5.83731133011e-16)
(-0.0333459918139 -0.189462721445 -1.53218183183e-15)
(-0.247837843378 0.0110436336425 -4.94509328189e-17)
(0.195516812988 -0.0719660750422 0)
(-0.189325682414 -0.0984594772265 5.1307486785e-28)
(-0.268594284544 0.188211762356 6.22829799915e-16)
(6.88705430402e-05 -0.043566458127 -6.58157375541e-27)
(-0.146658341758 0.063360703341 -1.31917521358e-15)
(-0.28798461059 -0.0968704430695 7.15261874284e-16)
(-0.0997614619983 -0.00147622352734 -3.66148343042e-17)
(-0.0997674085401 0.0460822081928 1.52925467587e-15)
(0.0675049213372 0.125321963157 0)
(-0.0732323728691 0.0164663884627 -1.65142367952e-15)
(0.16640263981 0.00103336695788 1.46868610209e-15)
(0.152681511513 0.141816652226 1.15233378353e-15)
(-0.28609990686 0.108756152991 -3.43609824993e-16)
(-0.234753010283 0.262907298309 -5.04311926111e-16)
(-0.136810381901 0.0690979953087 2.67506821796e-15)
(0.122541493723 -0.215583028198 0)
(-0.0369809212594 0.0639988757356 -7.52418008365e-28)
(-0.259409100255 0.261304202099 -4.19378478175e-16)
(-0.281186232971 0.168560540665 6.31623533702e-16)
(0.335732709081 0.107586037454 6.67114312316e-16)
(-0.0371695717846 0.305828282269 7.71470055791e-16)
(0.181263656597 0.11666516746 0)
(0.0439892088111 0.0530019458432 0)
(-0.0188815295836 0.271627951624 8.68340678466e-16)
(0.1624225186 0.198123925107 9.49038635463e-16)
(-0.293355176884 0.149417452898 6.41717960607e-16)
(0.138884886721 0.160742533373 1.15232371696e-15)
(0.137263894589 0.198966426351 -4.36684155877e-28)
(-0.222680690985 0.209712349043 3.70752001486e-29)
(0.0555123427957 0.0709902568311 7.15723568459e-28)
(0.0242383290328 -0.247498736643 0)
(-0.158555096093 0.28559956997 0)
(-0.262532929355 0.159145226571 0)
(0.140669144421 0.124331838302 -4.48243357808e-27)
(-0.156855793917 0.0690748443948 0)
(-0.12785294408 -0.0840787894713 -1.44862042471e-15)
(-0.109101021589 -0.0837655898174 0)
(-0.0554372220367 0.0284803525757 0)
(-0.0394770638097 -0.137270392597 0)
(0.25905717726 0.00601287066272 -1.93426153625e-17)
(0.17088337733 0.277143771206 0)
(-0.158036012785 -0.105215609964 0)
(-0.004554641136 -0.134831023924 8.56643813354e-19)
(-0.0910305287523 -0.0835400560722 1.61017082756e-15)
(-0.027909452158 -0.00156919861956 1.78837494962e-15)
(-0.167855874222 -0.0581418750013 0)
(-0.156784160688 0.0805001033902 0)
(-0.156919833401 0.0342880299935 -1.29137035995e-15)
(0.0397730856942 -0.0539213587054 -1.91171124946e-17)
(0.30971471058 -0.0099571406295 9.53132203902e-16)
(-0.18938958262 -0.0583059661638 0)
(-0.127223733869 0.051773390562 0)
(0.142091486055 0.0660875263208 0)
(-0.200481599955 0.0104735845434 -1.17166097559e-15)
(0.033024290439 0.0470026367846 0)
(-0.167384131493 0.0517715343186 2.80905460826e-28)
(-0.11106623523 -0.23242661933 1.10732484378e-15)
(0.141780067564 0.0890324408131 0)
(-0.117864710191 0.046038941961 0)
(0.0220996545857 -0.205239654138 -5.61218866075e-18)
(0.0551929246053 0.0473916497627 0)
(-0.0461651346801 0.0697130898628 1.60814557172e-15)
(-0.0278517786407 0.0106338102377 -1.75560062575e-15)
(-0.0138593818948 -0.142617780035 1.66908519343e-15)
(-0.136752429071 0.0805932591941 3.56309101229e-17)
(-0.10975226674 -0.125137788576 -1.45959090676e-15)
(0.257635575155 0.0956584524518 1.27552610091e-19)
(-0.0553145602928 0.0638389284365 -1.60814557172e-15)
(-0.0463235570342 0.0462448582746 -1.67043858383e-15)
(0.0911852056211 0.101176585682 0)
(-0.0642836058398 -0.0384479102057 3.44403809489e-15)
(0.0431829856979 0.0175460840137 1.56258221677e-27)
(-0.146628004063 0.0862381823387 1.2820400899e-15)
(-0.0178563922135 0.306474863884 0)
(-0.0122673424909 -0.114892912529 -1.71297992805e-15)
(-0.0104579779807 0.24888969194 0)
(-0.109976513867 -0.139525930205 0)
(0.257804737119 -0.00317421063245 -1.2591783651e-15)
(-0.123474764304 0.307244082519 0)
(-0.0111611126441 0.234883454706 0)
(0.226878240013 -0.0665130503587 6.30467507544e-16)
(-0.27440349424 -0.229533487828 6.67174565877e-17)
(0.21213496083 0.0816377649305 -5.87115059254e-16)
(0.0207913123016 -0.0187602043515 0)
(0.257423316613 0.182240528611 2.02869746338e-20)
(0.14839638982 -0.18715530506 0)
(0.0318376521033 -0.000520052731425 1.76199559159e-15)
(0.265319382805 0.144623009092 -3.71514906066e-16)
(0.155447544779 0.0831121001745 -1.31848447291e-15)
(-0.295814500074 0.0550109355717 -4.56174804244e-16)
(0.193688126092 -0.147082791539 -3.87194470364e-18)
(0.0100579746208 -0.0372652433915 0)
(-0.259879981683 0.145258328958 -3.93302973671e-16)
(0.0482781046932 -0.269652138495 -2.83498187335e-17)
(0.272872140833 -0.015092977008 5.94305296046e-16)
(-0.136837134394 0.0342756565867 0)
(-0.147181111607 -0.0579059184871 0)
(-0.137480625156 -0.0775087040375 6.33599906762e-28)
(-0.0233181285756 -0.314394234468 -6.60004385568e-16)
(0.150526722436 0.179013191055 1.0201609392e-15)
(0.0790728744712 0.219354600753 -1.03896662177e-15)
(0.0893916632307 0.0190780090527 -2.95816054327e-27)
(-0.304965110658 -0.0758008564356 6.50724291715e-16)
(0.154232781827 0.117886860446 0)
(0.0699005692734 -0.184594084668 0)
(0.0654554091524 -0.105972430554 -2.98656769358e-27)
(-0.345191722061 -0.0231068454077 -7.70090489833e-16)
(-0.108821544679 -0.0447129398278 0)
(-0.0997569214383 -0.025867245793 1.61129891552e-15)
(0.0662240829693 0.0300429432088 -1.67206979244e-15)
(0.0548102593409 0.0355007401326 3.36420347065e-15)
(-0.108769000013 -0.0197724901854 0)
(0.0323230473223 -0.130366874466 0)
(0.32510929517 -0.0169513742585 -5.75060120504e-16)
(-0.0475410994735 -0.116589974336 0)
(0.0424900467759 -0.00588299678633 -1.76199559159e-15)
(-0.0088885090993 0.280419791073 0)
(-0.118158025276 -0.0640838111318 0)
(-0.0371514677508 0.0285048737065 -1.57779663519e-27)
(0.137029878958 -0.200387585733 -3.86269731053e-16)
(-0.380278190221 0.108197519322 -1.72260525234e-16)
(-0.117885744048 0.0106421682092 0)
(0.31515718825 0.140991557159 0)
(-0.0820252467733 -0.0015235558121 -1.63857778878e-15)
(0.0676831635431 0.137549469477 -2.69516832303e-15)
(-0.082068954032 -0.0768974027769 -3.25438067028e-15)
(0.168768630788 0.0885462186985 1.31853619264e-15)
(-0.0643772087471 0.0105988336343 0)
(0.108160139249 -0.152724608374 1.3772471573e-15)
(0.0792422598138 0.119270375215 -1.38135289379e-15)
(0.14170929417 0.100680076275 -1.30141952741e-15)
(0.0790912813921 0.107156020674 0)
(-0.144354388613 0.276155500253 0)
(-0.272809060925 0.127268842601 0)
(-0.202471808658 0.197789664572 -3.70752001486e-29)
(0.140343427167 0.136286445568 4.48243357808e-27)
(0.22651847251 0.00448503450086 0)
(0.227934479977 0.243044130537 0)
(0.0549751924162 -0.212291957594 -1.32478784128e-15)
(-0.108755834579 -0.00744752857425 -1.56717457887e-15)
(-0.118294832071 -0.0772388852255 1.44862042471e-15)
(0.0678663473141 0.199755447813 0)
(0.192930687784 -0.138454644894 -1.0568777166e-15)
(-0.0371758713824 0.0164274716754 1.75560062575e-15)
(0.195397341102 0.00290683420069 0)
(-0.0455940880062 0.105009219579 0)
(0.152191848464 0.153905485652 -1.08880632425e-15)
(-0.0300475457457 -0.115908427562 0)
(-0.330831190338 0.0329277855228 3.50875189181e-16)
(-0.13900723371 -0.192904947264 1.12582463418e-15)
(-0.146081970105 0.154651639652 0)
(0.0898137901488 -0.0898881387945 1.6145107195e-15)
(0.138500648229 0.173111979421 0)
(-0.0773288298074 0.36273810784 3.33345850838e-16)
(0.115867915749 0.0892319344864 0)
(0.0681807022093 0.212465964435 0)
(-0.274795733094 0.141215357393 0)
(-0.167287946733 0.0633076523427 -2.80905460826e-28)
(0.095079780638 -0.118907187133 1.49613203453e-15)
(0.22347492311 -0.124949177893 -4.26523931784e-16)
(0.161953717514 0.17183920197 -4.84815875338e-17)
(-0.246861014277 0.243117652705 0)
(-0.0175669132217 0.325431337136 0)
(-0.0820733283985 0.0106346151193 3.08099907597e-17)
(0.218822260764 0.168348384634 4.13890255636e-16)
(0.1114106928 -0.228958412971 0)
(0.11102670663 -0.223473560207 -4.06308215484e-16)
(-0.0823647439355 -0.103632239733 1.61204159392e-15)
(0.171457837242 -0.168107975794 8.86687684618e-16)
(-0.189283939063 0.0164675462186 1.17166097559e-15)
(-0.27347328001 0.243433553901 4.1100811725e-16)
(-0.261782451849 0.250517885572 0)
(-0.0757256299925 -0.233344669578 -1.27838808613e-15)
(0.202654485652 -0.136099948798 -5.16084559762e-16)
(-0.152838181171 0.24043150572 0)
(-0.373630231833 0.090050812839 2.917994097e-16)
(0.132498136554 -0.145331364788 2.5842502794e-15)
(0.0290890759717 -0.0605673444131 1.77148356878e-15)
(-0.0221721195527 -0.136250432909 0)
(0.121081502849 0.156878069801 -3.940947697e-17)
(-0.122591639826 -0.141453465217 0)
(-0.309409205922 -0.253589425362 -1.55218679613e-16)
(0.103242414876 0.107121964776 0)
(-0.109246729027 -0.0972625157352 -2.9601550481e-15)
(-0.0463610290236 -0.00161029669298 7.94077513939e-28)
(-0.13615406349 0.148841889676 0)
(0.165105826994 -0.172255685061 -3.95881081711e-16)
(0.0339901994378 -0.11678564156 0)
(0.159164699552 0.285320862971 0)
(-0.0908730483199 -0.00745006665001 3.24236720195e-15)
(0.0148222139905 -0.119120343161 0)
(-0.249365895741 0.0462842309635 4.58111532909e-16)
(0.0536355842552 0.000247139449089 0)
(-0.209757135395 -0.125692071163 -4.34396324366e-28)
(-0.00210237248469 0.228752055928 0)
(0.0540877888264 -0.113854518074 -1.66019309257e-15)
(-0.166461585803 0.304443957703 0)
(-0.0085359817369 0.297943587547 0)
(0.0135613517559 -0.132915862736 0)
(0.0199204007983 -0.0427562352571 0)
(-0.168242071875 -0.169948013023 -1.09499044844e-15)
(-0.0277639301676 0.0343462018156 -1.73273434509e-15)
(-0.219266240839 -0.146361241378 -3.90250427604e-28)
(-0.127559574359 -0.0576916994078 6.62887287877e-28)
(-0.0643237612528 -0.0258884373894 1.70888307787e-15)
(0.0192569992195 -0.0552103136751 0)
(-0.226250983857 0.116155062591 -9.03875792135e-19)
(-0.371604864154 0.111766074509 -1.41033514968e-17)
(0.150120007827 0.19182953793 -9.49038635463e-16)
(-0.232539841596 -0.169751263508 0)
(0.047282092021 -0.245912006711 0)
(0.0412902305352 -0.241235885168 -1.3236364711e-15)
(-0.00363495052916 -0.120897866767 0)
(-0.0982952964795 -0.289334080772 -9.70372128724e-16)
(0.118191729594 -0.155623819743 -1.31134017367e-15)
(0.115220205621 0.137082367581 -4.69375469517e-27)
(-0.0372645071928 -0.019841100744 0)
(-0.0564560167502 -0.123772267682 0)
(0.15927261798 -0.137219243884 0)
(0.253212566202 0.128993606736 4.4130923524e-16)
(-0.300361874003 0.205001890056 4.52641029838e-16)
(-0.0738906498234 -0.124260510266 0)
(-0.199827761641 -0.105257940812 -1.03818585288e-15)
(-0.223095021641 -0.0261115040067 1.0277502901e-15)
(-0.157823615025 -0.207419457227 0)
(-0.200293188751 -0.0648577754455 0)
(-0.199817490144 0.174784781228 -3.10368217639e-17)
(-0.108954072608 -0.277921431816 4.76129608323e-16)
(0.165851964043 0.302265297383 0)
(0.0147558364226 -0.199165755313 7.43598371056e-16)
(0.119852939852 -0.0517019905639 0)
(-0.0467852766065 -0.0765206077224 0)
(0.323291052779 -0.0235488652555 6.4057325394e-17)
(0.137050902405 0.212288422399 9.38120403058e-16)
(0.180808496142 0.281573919384 -5.24721163746e-16)
(-0.00590822365896 -0.256310221518 -5.84475585473e-16)
(0.0221604347054 -0.138489336913 0)
(0.21950461412 -0.116149305099 9.15986421046e-16)
(0.167310226829 -0.162123850875 0)
(0.236877859262 0.136339309951 -4.79341427694e-16)
(-0.137277139489 -0.0643446088556 -6.33599906761e-28)
(-0.129522049202 -0.185287797983 -1.21013316051e-15)
(-0.261827346061 0.0172738538683 -9.39073060592e-16)
(0.143459229444 -0.147497558435 -1.27291010572e-15)
(-0.178668470038 -0.0780905553777 0)
(0.203544786247 -0.0413578313585 0)
(-0.0649516038082 -0.117080096289 0)
(-0.0444688411657 0.140458933751 1.37481711473e-15)
(-0.148693805405 -0.170132475569 -1.14033977363e-15)
(0.176191301992 -0.160569213288 -2.85449363956e-17)
(0.247511812443 0.165666661129 0)
(-0.147509451957 -0.0844609331418 0)
(0.0709329706948 0.302468695684 7.45204660491e-16)
(0.225627666567 -0.105593649604 0)
(-0.166565074403 -0.229617209727 9.04583571163e-16)
(-0.136166298195 0.137416226731 1.14090201438e-15)
(0.164740165525 -0.150622022554 1.08654941761e-15)
(0.173937797249 0.232848277776 7.21149743674e-16)
(0.113227017077 -0.170047488845 -3.66295143736e-17)
(-0.332027289092 -0.181264037121 -2.29400215114e-16)
(0.077275818203 0.0129665921781 -1.67821491202e-15)
(-0.266572920475 -0.173646829677 -1.76135400823e-18)
(-0.0372425545943 -0.00749108207003 0)
(0.222145252254 -0.0250169228005 1.31978072127e-15)
(0.118831824956 -0.202963136971 -2.63234695028e-19)
(0.0909103311288 0.0656180764731 1.51943109476e-15)
(0.175169624788 -0.150311127873 -4.45929995598e-17)
(-0.117942975732 -0.0259195798995 0)
(-0.366068948535 0.100611302156 0)
(0.217428336085 -0.0965546470766 0)
(-0.31348478324 0.0380462036782 -7.81652084407e-16)
(0.171191749097 -0.138208673884 0)
(-0.220657659945 -0.118370200913 -8.99346511698e-16)
(-0.016158073954 -0.287121238606 0)
(-0.180198612528 0.172789910844 0)
(-0.189349420768 -0.0849339093919 -1.11847185601e-15)
(-0.123101125421 0.323184907386 0)
(-0.0245638119965 -0.180834220732 3.0751193469e-15)
(0.0979213879986 -0.106145918787 0)
(0.0518042652287 0.351719451573 -4.62091076846e-27)
(-0.201540468021 -0.175520228365 0)
(-0.157416316222 -0.0646556175614 5.91160976123e-28)
(0.243309427741 0.070148919451 0)
(0.254519810848 0.117780450623 1.47800875567e-15)
(0.200495986796 -0.127959895371 -1.06905402362e-15)
(-0.0390741341416 -0.123132317931 0)
(-0.23518686574 -0.00730496045981 0)
(-0.158493672281 -0.162601088986 2.23533022208e-15)
(0.136788357124 0.286946359579 0)
(-0.119785520102 -0.162122763576 1.27178310875e-15)
(0.14880441744 0.2635437221 0)
(-0.137925957021 -0.104768125172 -1.32518525971e-15)
(0.0657001218846 0.0182284431426 1.67821491202e-15)
(0.0949836041806 -0.162844129217 -1.3772471573e-15)
(-0.148646195553 -0.185025032239 -1.12582463418e-15)
(0.162015116897 0.211715752864 0)
(-0.0215391482259 -0.122206721546 1.71297992805e-15)
(-0.26435483771 0.0529912592173 -4.57382148213e-16)
(-0.247783760474 0.16341160335 0)
(0.232656756088 0.230317503099 0)
(0.191530137921 0.157920578985 0)
(-0.168121068091 -0.0848206087781 0)
(-0.0236890577782 -0.294848248851 0)
(-0.055414481651 -0.00751877691755 7.92483243913e-28)
(0.0542161562784 0.0121525906443 0)
(0.0422074964371 -0.286093818927 -2.02881538689e-15)
(0.0753349622899 -0.11030244362 0)
(0.112218649051 -0.13890249979 -1.42496476202e-15)
(0.0729064900783 -0.123379485793 0)
(0.0856671759247 -0.159177541856 1.43402234242e-15)
(0.150793433867 -0.0160821810979 0)
(-0.200208520285 -0.0780788473859 4.87049689576e-17)
(-0.167991547526 -0.184572777878 -9.91446748022e-16)
(0.113972809121 0.303624656408 -6.67149460786e-16)
(-0.139213745732 0.226885649993 0)
(0.00792363322587 0.236277484948 0)
(-0.134874092343 0.318993469644 0)
(-0.315927991027 -0.207607843607 0)
(0.141579498103 -0.175676206427 -5.27401553852e-16)
(0.228030382839 0.0652146680762 0)
(0.149644661254 0.319848585747 4.43948613654e-16)
(0.193659836132 -0.116633576279 0)
(-0.278922325013 0.0478248419408 4.15780814778e-16)
(0.0303982881216 -0.0363826585995 -1.62435344552e-27)
(0.161301018319 0.240661855009 0)
(-0.00942098339546 -0.0378643436485 1.81057240871e-15)
(0.240828312032 0.102270317733 0)
(-0.119544578299 -0.147184779547 -1.3266558153e-15)
(0.010330399682 0.281627595533 0)
(-0.306024711018 -0.105194347371 0)
(-0.00915561004555 -0.0254306209316 3.61726592797e-15)
(-0.14306810146 0.258777003509 0)
(-0.178542308483 -0.0648888916411 0)
(0.249238589161 0.153493800416 0)
(-0.307007624112 -0.0236327196195 0)
(0.122877699732 -0.172297102615 -3.4591357158e-17)
(0.232610350824 0.173841501076 -4.12724244036e-16)
(0.16072687108 0.255738935463 0)
(-0.360211187059 -0.0545966816519 5.03243286334e-16)
(-0.166755028076 -0.214679787463 9.29252813424e-16)
(-0.127425968863 -0.0448545384104 -6.62887287877e-28)
(-0.00043127136677 0.257059472745 0)
(0.0892186277987 -0.144954621419 -1.48351239748e-15)
(-0.0436651858317 -0.267858645935 7.00315210791e-16)
(-0.136790912493 0.0460065731366 0)
(0.157095625514 0.299586624924 0)
(0.139648410206 -0.19517113841 8.20332923714e-16)
(0.000228977204857 0.272665850214 0)
(-0.247709967642 -0.00130849796866 -9.35419661233e-16)
(0.188345345422 -0.12780977039 0)
(-0.0452937078642 0.116834344125 -1.45081330198e-15)
(-0.156848846854 0.0459761949815 -1.3104989661e-15)
(0.0874806395683 -0.102308561302 0)
(0.0796831185682 -0.141069720547 1.48351239748e-15)
(-0.0643258576962 -0.00158026324437 0)
(-0.341616747902 -0.174141973842 0)
(-0.129488559299 -0.16997397283 -4.28816272727e-17)
(0.0593331034751 -0.256699610195 -9.88346449251e-16)
(-0.262339512145 0.0293832395089 -2.31990993588e-17)
(-0.0647919076139 -0.103318305572 -3.31466388224e-15)
(-0.347514933017 0.0167145707424 9.4560630943e-17)
(-0.0732066603461 -0.00748720537108 -7.6895867319e-28)
(0.0826218450047 -0.127475574803 0)
(0.197414454678 0.167767570431 0)
(-0.141083879858 0.212218077934 0)
(-0.183462639296 -0.256281001701 -5.16391123563e-17)
(-0.236695983175 0.182775782848 0)
(0.0418588686562 -0.0179337094313 0)
(-0.146715161897 0.0517818704829 1.3104989661e-15)
(-0.250322823447 0.178283002692 0)
(0.211330031426 -0.107335751216 0)
(-0.0675685044313 -0.241705947034 1.27996919834e-15)
(-0.00783938111997 0.351529964499 0)
(0.0574716162617 -0.23405685878 -1.15844141549e-27)
(-0.118008463912 -0.0384786959835 0)
(0.148118369886 0.279049231141 0)
(0.0109507955884 0.299093055139 7.90945869235e-16)
(0.0996616151743 -0.181144528552 1.2844735553e-15)
(0.0610690003611 0.328198764249 -6.60938652581e-16)
(-0.308488599165 0.220193073473 3.38008638414e-16)
(-0.157989545482 -0.192498583824 0)
(-0.147756763185 -0.0980018556941 1.32518525971e-15)
(0.0639794394215 -0.238177272267 0)
(0.161076178569 0.312155288237 -4.43948613651e-16)
(-0.0553776588865 -0.0198732726736 -7.92483243914e-28)
(-0.239154680889 0.198170487524 0)
(0.138042013784 -0.160912525055 -1.21337257352e-15)
(0.0620973284517 -0.216541037736 1.32478784128e-15)
(0.235851823636 0.148128613353 -1.77392586235e-18)
(-0.211529022935 -0.0452588401402 2.17766857092e-15)
(-0.246351649034 -0.162652120398 0)
(0.00174318703862 0.307308222741 -7.90945869231e-16)
(-0.0733407936781 -0.0833477101533 3.31990325979e-15)
(-0.345262056246 -0.0353414954653 -4.72148601562e-16)
(0.220189221973 -0.0345313468137 0)
(-0.157633951363 -0.0778331285245 -5.91160976123e-28)
(-0.0924996378212 -0.168894903428 0)
(0.225035669883 -0.00536805045698 3.87444939863e-17)
(-0.221005373668 -0.10459057048 0)
(0.0310528067657 -0.0241508852331 1.62435344552e-27)
(-0.0103655826481 -0.211438946463 5.65640329409e-18)
(0.00868265881264 0.250276449991 0)
(0.240951774342 -0.00895377884502 2.52064308054e-15)
(0.242707174014 0.0803562773211 0)
(-0.235030368157 -0.0197634657772 -4.94890313329e-17)
(0.239982442169 0.113053147685 -1.49529659686e-15)
(0.124177351357 -0.206732627323 3.87162957787e-16)
(-0.0740693287293 -0.138526100321 0)
(-0.399811200552 0.0593199763664 -1.78011775617e-16)
(-0.0433505846161 0.37253375992 3.97012172322e-16)
(0.156674534213 -0.180280469386 -4.03152686153e-16)
(0.385247262588 0.0672936579693 -4.62323345964e-17)
(-0.0567916801314 -0.379802432171 0)
(-0.231110926191 -0.124859249469 8.99346511698e-16)
(-0.33666096255 -0.200881163587 -5.89784611558e-18)
(-0.179944349814 0.161020684958 2.55069973482e-29)
(-0.043968272972 0.152346985327 0)
(-0.118900145328 -0.118261913697 6.44882337959e-28)
(0.233137740201 -0.116652919893 -4.34872336531e-16)
(0.275577688007 0.0111696219401 0)
(-0.398198519542 0.0740586066029 1.80982825694e-16)
(-0.304712791748 -0.234272260699 0)
(-0.210855012658 -0.0845781159478 2.08992801168e-15)
(-0.118679360323 -0.10432223457 2.87518330218e-15)
(-0.325887669896 -0.0544505530184 3.38771698526e-16)
(0.148397938476 0.180316060191 3.43274207893e-17)
(0.193970799301 -0.00752324616143 -3.91325562867e-17)
(-0.211406838776 -0.0582270777929 0)
(0.239071566085 -0.0187150764524 0)
(0.187338306474 0.28475159953 -2.97877683655e-28)
(-0.330033293913 0.0219388201494 0)
(0.219979663931 0.156177865717 -1.72242241224e-18)
(-0.128059766102 -0.0976067738694 -1.41568244045e-15)
(0.0907492467401 -0.17786022701 0)
(-0.0676722178322 -0.259722954884 2.43061115392e-15)
(0.135529371082 0.302278112346 0)
(0.289857822261 -0.0176823908003 -1.71491019758e-15)
(0.0613006474185 -0.131828427603 0)
(-0.0464246710967 -0.0258593203672 1.60931854451e-27)
(-0.060889157094 0.175037481266 0)
(-0.319094630526 0.151241665502 0)
(-0.329984952493 -0.197056125368 5.79999742196e-18)
(-0.0831104351541 -0.146075677048 -2.81142458397e-21)
(0.215910336676 0.195080237177 3.9595665645e-16)
(-0.138922807673 -0.162496834925 -1.22890148148e-15)
(0.142940827188 0.319727024015 0)
(-0.153727195077 0.310834288471 -2.09913385171e-16)
(0.207147656902 -0.0214927117542 3.9088930111e-17)
(-0.325638350866 -0.0031806532841 7.57734015108e-16)
(0.148975110279 0.233438747574 0)
(0.0411947132997 -0.135493412383 1.62123813327e-15)
(0.336653922216 0.127628282396 -2.34387047526e-16)
(0.0782556165228 -0.188789156506 0)
(-0.0577423652727 0.368753556927 -3.5582099608e-28)
(0.226605375224 0.0865854297618 5.85749005688e-16)
(0.177186875398 -0.0242846748394 0)
(-0.30557258098 -0.0345832182527 -7.51793094084e-16)
(-0.0689307292206 0.192452114146 -1.99883436211e-27)
(0.124508340067 0.310176165444 1.06692566249e-27)
(-0.0734203071434 -0.0967447065077 3.11934817939e-17)
(0.165081396666 -0.00970683014892 0)
(0.149192526739 0.21914398803 0)
(0.0301128719376 -0.253296565303 1.230276659e-15)
(-0.27781963944 0.0358103264643 -4.4969454149e-16)
(-0.00724732409378 0.117967980132 0)
(-0.210606466567 -0.0981688097914 1.03818585288e-15)
(-0.231425099581 -0.138921232415 0)
(-0.0970428512194 0.184980537379 0)
(-0.287973180474 -0.222984381588 4.95315448135e-16)
(-0.345051843915 -0.0643587041507 -4.26564954293e-16)
(-0.116212253287 0.184594277862 0)
(-0.042509900228 -0.214922100588 6.84799280862e-19)
(0.148385538799 -0.162270762296 0)
(0.254230229136 -0.0212012629633 0)
(-0.0785293238118 0.185840317219 0)
(-0.0499957585207 -0.190652589584 -2.97910046682e-15)
(-0.0074346244781 0.334227025917 0)
(0.145769196592 0.307273767003 0)
(-0.315513869466 -0.225162589265 0)
(0.286873217398 -0.0277714981281 -2.21828477563e-18)
(0.0739642937313 -0.204737295478 1.27186500374e-15)
(-0.222932623015 -0.0388220696759 -4.92799253921e-17)
(-0.324801027634 -0.0409743884295 0)
(0.0520583501657 -0.127176718104 -1.62123813327e-15)
(0.194512132278 0.121741042883 0)
(-0.113873648948 0.119368039162 -9.35509945688e-18)
(-0.325401445882 -0.0150225359779 3.32476547236e-16)
(0.208769471044 -0.0114173312936 -2.67882222201e-15)
(0.366217238497 0.07828698977 0)
(0.0922916761138 0.303409946646 0)
(-0.0178035935324 -0.204295615276 7.35615852111e-16)
(-0.0873145651122 0.191444305454 -9.65606490308e-28)
(-0.286079920045 0.143102923816 -3.00798806095e-17)
(-0.01901081801 -0.0441088391567 -1.81057240873e-15)
(-0.00606127492003 0.154183717464 9.99502437166e-27)
(0.225990027276 0.0974303545443 5.6076991552e-16)
(-0.137924645014 0.211702304072 8.82723958657e-16)
(0.209701829463 0.115072956635 0)
(-0.128845246939 -0.140065121542 1.3266558153e-15)
(-0.0167755171243 -0.187892402054 -2.31718662748e-15)
(-0.0554751769762 -0.0573367489745 0)
(0.0821708720359 0.311086239985 0)
(-0.191002035642 0.239492237145 8.66668718249e-17)
(-0.318286897098 0.141485548034 9.30771479522e-17)
(0.179219582205 0.140417730118 -5.21886433986e-19)
(-0.132658404176 0.299218699859 0)
(-0.244481500109 -0.147174352709 0)
(0.103504298585 0.311225175988 6.67149460782e-16)
(-0.138803417245 -0.147710228023 -1.238597309e-15)
(0.30273508745 -0.0375053665334 8.82675387331e-16)
(0.203849521058 0.176045873751 9.08330360802e-16)
(0.0718543515295 0.335427578183 6.60938652577e-16)
(0.149181121576 -0.0270069960055 0)
(0.304361975901 -0.029746594314 0)
(-0.345577395331 0.0050469155545 2.5082820271e-16)
(-0.364466684031 -0.0430293024711 5.59475334235e-16)
(-0.300220857113 -0.196617238152 5.00605656942e-16)
(-0.337913566523 0.129668793879 -9.68434296125e-17)
(-0.3073562131 -0.120297506896 -2.90800888766e-16)
(0.102468387 -0.0822968581905 3.00940369571e-21)
(0.175948739395 0.300355770596 0)
(0.0966958461878 -0.232257998521 -9.16969702241e-16)
(-0.194553763163 -0.408964544847 0)
(-0.322536447678 0.201984735039 0)
(0.379647595379 0.0600009827549 0)
(-0.262786194063 -0.173543256436 -3.15425385949e-16)
(-0.1890506442 -0.126318242445 1.04899389769e-15)
(0.178859341818 -0.013777979464 1.39859018554e-15)
(-0.060288635475 0.186983890118 -1.15691167482e-15)
(0.164993059866 0.308475194716 6.64565490878e-28)
(0.0678420743647 0.174571679442 -1.13478171433e-27)
(-0.138172463727 -0.118713315079 0)
(-0.294084146309 0.0307588466296 7.81261877774e-16)
(0.117810870573 -0.0631608551716 0)
(0.329206425743 0.128467283986 6.843547731e-16)
(-0.184839183184 -0.413377722803 0)
(0.302680637261 0.152153794825 0)
(0.163981621092 0.171895782464 -1.02016090033e-15)
(0.223734039743 0.11996492026 5.13266859191e-16)
(0.352788818917 0.0684594238241 2.43451278362e-17)
(0.00204544783747 0.325542564343 -2.71096070561e-27)
(-0.27590606361 0.0121391944177 0)
(-0.00794265557169 0.082114031116 -5.90721511784e-27)
(0.184646265151 0.186040470679 4.78073074569e-17)
(-0.0502480819019 -0.206957124741 0)
(-0.266110569605 -0.191055636413 -6.31110883793e-16)
(-0.00431704634554 0.190782711317 0)
(0.190314038542 0.265034923254 2.313926797e-28)
(-0.134099938238 0.334041457287 0)
(0.381717555602 0.0575677225815 9.00894989481e-16)
(0.182855072335 0.274486816054 0)
(0.0836315019303 -0.228043287377 5.91381503622e-16)
(0.0768712282357 -0.225256677352 -5.86824334561e-16)
(0.177388115121 0.29411262224 0)
(0.081879891097 0.327697702728 0)
(-0.128619134778 -0.125654091309 0)
(0.133403370603 -0.0447892356421 0)
(-0.285061882772 -0.204252785721 -4.99667089318e-16)
(0.104687047867 -0.0703879461213 -3.00940417594e-21)
(0.0790647671463 0.143705685238 1.33871668481e-15)
(0.00573501684529 0.197590652001 0)
(-0.192969198722 -0.380039639983 0)
(0.139171913662 -0.0816063750959 4.44121513625e-20)
(-0.092728112108 -0.184459653982 0)
(-0.168513410731 -0.140659584323 -1.1001432108e-15)
(-0.1878527467 -0.183716870691 0)
(0.222809448569 0.131358337109 4.81265522521e-16)
(-0.211781433686 0.293645291193 0)
(-0.309067933793 0.00276770360428 -7.20878840645e-16)
(0.0613123283887 -0.0522395935955 3.43691059671e-15)
(-0.168502458078 -0.126445922366 1.14498354349e-15)
(0.171383329114 -0.055690438754 0)
(0.0945502750768 -0.196747632762 6.07638303123e-16)
(0.320427101542 0.13916986495 -3.97124912635e-16)
(0.266938560272 -0.0428911993939 5.70607661588e-16)
(0.162341621595 -0.0308285091347 0)
(-0.311782161697 -0.155755893984 5.06986393404e-16)
(-0.312454758653 0.211055569178 -4.50973179091e-16)
(0.052586620353 -0.0231186602019 0)
(0.190763422906 0.170328805669 -9.08625809048e-16)
(-0.293398556975 0.0191208148696 -7.90409185305e-19)
(0.102721483968 -0.199373690892 -1.78509970499e-15)
(0.135228414074 -0.0336361427471 0)
(0.0818657101272 -0.208688827636 -1.27840660715e-15)
(0.0989382779257 0.349108816807 -3.44610378567e-27)
(-0.00832427522155 0.0464814371823 0)
(-0.148476638052 -0.140512018568 1.238597309e-15)
(0.0965177141492 -0.214817936298 0)
(-0.0759746764292 -0.216409906089 2.67999837788e-15)
(0.0791681156694 0.155991168685 1.27277347681e-15)
(-0.310114467326 0.0138858614846 -2.97043122031e-18)
(0.0676405785202 0.162211079657 -1.27277347681e-15)
(0.193849544397 0.133432332301 0)
(-0.148277550773 -0.126156502379 1.23918575492e-15)
(0.164540179496 0.159469135094 2.14223768281e-15)
(-0.290216702663 -0.00558220683 0)
(-0.178387080186 -0.162220567183 1.00183072713e-15)
(0.230765963519 0.18645909483 7.45679064168e-19)
(0.0517174076537 -0.0351809493629 -1.73706182688e-15)
(-0.158490266662 -0.147998953678 0)
(-0.275560348957 0.000181266095018 0)
(-0.225665249349 0.261355901608 -1.60384918245e-28)
(0.138059938876 0.301641492519 2.66335448672e-16)
(-0.0500449265338 0.206016193989 0)
(-0.14071722681 0.297171094468 -1.1706538493e-16)
(-0.0644431649065 -0.076750992013 -1.67569341707e-15)
(-0.13696755062 0.156995215145 -1.10368757805e-17)
(0.142401106462 0.254268635263 0)
(-0.166610102411 -0.262873711901 3.85000445292e-16)
(-0.14025463212 0.329428616944 0)
(-0.243266764402 -0.103685336674 0)
(-0.15822848007 -0.119150894645 -1.23918575492e-15)
(-0.0842258578283 -0.192060344363 -2.56347243592e-21)
(-0.178792500279 -0.119284546923 -1.14498354349e-15)
(-0.149212369278 0.271200345287 9.40776873921e-17)
(-0.289741682681 -0.0173655456564 -4.15078583738e-16)
(-0.177465718323 -0.191799527211 9.91446748019e-16)
(-0.0466695111461 -0.0635214342919 0)
(0.166625521233 -0.0770402757412 -1.6865195405e-19)
(-0.169460493383 0.260818832122 0)
(-0.116914845784 0.135757856323 -6.78840727021e-18)
(0.173725809485 -0.0450424597318 0)
(0.176517284143 0.177732808094 0)
(-0.0507097450712 0.193699840439 1.15691167482e-15)
(0.207100237682 0.138617967025 0)
(-0.273015759106 -0.0367002371481 -4.0348689936e-16)
(-0.257174697064 -0.0963512357955 -3.90666347484e-16)
(-0.0929209434194 0.0998567035571 0)
(-0.189212958554 0.30590666209 1.16133220083e-28)
(0.103710414464 -0.21672491991 -3.23187827183e-17)
(-0.0750267260911 -0.183792427023 0)
(-0.188892701203 -0.140422072441 -9.57485545089e-28)
(-0.137459475945 0.276441356199 2.29876975382e-17)
(-0.202788779839 0.26023407751 0)
(-0.0554562544302 -0.0445679201109 2.35236380652e-17)
(0.206354385878 0.150642426853 0)
(-0.17829843744 0.253388435924 0)
(-0.258056938472 -0.0566901922835 -1.31449275252e-15)
(0.0787970580233 0.0713003511786 -1.39453309932e-27)
(0.0790651297523 0.0832148102081 1.39453309932e-27)
(0.156340952927 -0.0629313381117 0)
(-0.260334733103 -0.00676826832228 9.38175368413e-16)
(0.126941012248 0.155007305449 -1.15232371696e-15)
(-0.0843145757518 -0.208186461798 -3.4075629778e-17)
(-0.232704484366 -0.0837083808461 0)
(-0.178578239288 -0.147895071778 1.1001432108e-15)
(-0.177600666063 0.313482650209 0)
(0.058763810489 0.366022177446 0)
(-0.0670226079692 -0.207850375219 -2.73825549581e-15)
(0.242892688241 0.191180696593 -3.11110431716e-19)
(-0.158838151959 0.157127421307 0)
(-0.221983164711 -0.0776807368764 -1.02023359245e-15)
(0.0282328132649 0.251555910763 0)
(-0.00864255305008 0.0107870361667 1.77089559112e-15)
(-0.138456449905 0.148284891485 2.04586875011e-17)
(-0.177185351592 -0.206239180934 -9.29252813424e-16)
(-0.258453349173 -0.0439896935903 -4.5715538796e-16)
(-0.0600052399265 -0.268214475214 -1.21331990456e-15)
(-0.0644020507882 -0.0636987283321 -1.69725543988e-15)
(-0.0176911342514 0.0878507567443 -1.13765614974e-26)
(-0.273170762466 -0.0243553269786 8.53080508792e-16)
(-0.0168912003849 0.123660837614 -1.04634751067e-26)
(-0.0180913366486 0.0522239753646 0)
(0.0410207374359 0.368067833208 5.02962176603e-16)
(-0.221839246203 0.284364648838 0)
(0.140488524817 0.280207794097 0)
(-0.0509835553135 -0.259307659228 5.09242979815e-18)
(-0.0155367114516 0.159800050363 0)
(0.232380865269 -0.0472216097537 1.85441748275e-15)
(-0.0579896264005 -0.183088898843 2.93265962854e-15)
(0.145909336284 -0.0485015238687 0)
(0.268867575304 -0.03465739558 -1.18999306852e-15)
(0.235215936186 -0.0376120594841 0)
(-0.189083234486 0.294226863593 0)
(-0.0183210424785 0.0164997996612 -1.77089559111e-15)
(-0.259889550914 -0.0189706869449 -4.39347444074e-16)
(0.0498133018705 0.370478931251 -5.02962176603e-16)
(0.0257123836212 0.198602993673 4.18708357227e-27)
(-0.0135722120054 0.196376724046 0)
(-0.245076485791 -0.0635705766258 1.83924681809e-15)
(-0.0590763516129 -0.215721949834 1.38366369559e-15)
(-0.168471934054 -0.282658419247 6.01203294281e-18)
(-0.24662489599 -0.0254061237332 -9.79644922007e-16)
(-0.175760869704 0.280584121942 0)
(-0.0684204191066 0.204790730298 1.99883436211e-27)
(0.114263596912 0.161635353715 0)
(-0.0587441797512 0.211712851803 0)
(0.0488074021028 -0.071352162196 -6.31280372112e-27)
(0.143679257343 -0.0595779401792 0)
(-0.0772794349894 0.210686670136 0)
(-0.00287370921572 0.21583567812 -1.12222079984e-15)
(-0.0870563387843 0.203926118905 9.6560649031e-28)
(-0.0464339655852 -0.0383970483306 -3.53646540928e-15)
(-0.0963406887144 0.210156879856 -1.75462376162e-27)
(0.050015757715 -0.0589790647575 -3.48370679473e-15)
(-0.232441403748 -0.0973594205579 0)
(-0.0667759173442 -0.191447268951 -1.45357676021e-15)
(0.248238119071 -0.0499683565265 -1.21975670365e-15)
(-0.0592283080115 -0.23275303777 0)
(0.149554434788 0.270011717454 2.79362074903e-20)
(0.160370773906 -0.0416108667474 0)
(-0.297503405599 -0.178079418247 -2.48626526553e-16)
(-0.246417607079 -0.0382081788862 4.57292228822e-16)
(-0.0963205527257 0.106826756146 0)
(-0.271347332761 -0.103878205454 -3.32804983955e-16)
(0.103440690611 0.0833604222831 -1.34874188484e-27)
(0.182063094099 -0.0693612477797 0)
(0.201020233334 -0.0515029382178 0)
(-0.234179781727 -0.0447432250278 -1.01569439291e-15)
(-0.0286227324815 -0.0631889693541 0)
(0.153669675539 -0.0739560299139 0)
(-0.158920176078 0.167955440367 -4.6412644495e-17)
(-0.0589801611621 -0.286185081999 -4.88870480801e-16)
(0.0910155094141 0.089209339265 0)
(-0.217786539856 0.2718436579 0)
(-0.244766111456 -0.0768886233923 0)
(0.0418568506039 0.357992185487 0)
(0.0188473260802 0.258464361992 0)
(-0.278741767628 -0.166623456125 3.1530702123e-16)
(-0.289391528814 -0.128275360935 0)
(-0.233877645075 -0.0576976638019 -9.45518294223e-16)
(-0.222333545866 -0.0644319625206 0)
(0.0172892166381 0.230066107799 0)
(-0.256874921765 -0.0830102633533 1.61833289996e-18)
(-0.27300303602 -0.118270037354 0)
(-0.276312754022 -0.150580459928 6.29091923713e-16)
(0.0920518998618 0.334286454559 0)
(0.25234734384 -0.0305196385323 1.19012545531e-15)
(-0.291862594063 -0.143940881417 -6.39993706981e-16)
(-0.018222975687 0.028589042047 1.73273434509e-15)
(-0.0179652560183 0.0641816311502 0)
(-0.0184954319564 -0.00734884265327 -1.78837494962e-15)
(-0.01745692688 0.0997991932884 -1.5306670255e-15)
(-0.243761758721 -0.117608683797 0)
(-0.0186241407 -0.0196770776504 -1.80742959588e-15)
(-0.0164868841043 0.135678175001 1.40281294829e-15)
(-0.0280893222803 -0.0257280072022 0)
(0.184945908211 -0.0587926010042 0)
(-0.258895250892 -0.140286974809 0)
(-0.0149366130556 0.171906454877 -1.26807542796e-15)
(0.147319444834 0.297836013677 -2.66330655406e-16)
(0.245509426348 -0.0585547311719 0)
(-0.0375766203329 -0.0571435868953 0)
(-0.0282041003454 -0.0382231661646 0)
(-0.257372516237 -0.12580975878 0)
(0.124154748936 0.320082336199 0)
(0.282332804024 -0.0455569034855 -5.70599552271e-16)
(-0.0128245028889 0.208752987979 0)
(0.0154133150635 0.191850043327 0)
(0.135399477571 0.314076803246 0)
(-0.129135807313 0.127514988747 1.18639521458e-18)
(0.026326337449 0.211122161801 -4.18708357226e-27)
(0.0599951208483 0.356709012113 -5.68466817727e-16)
(-0.0374673963944 -0.0444227730081 1.77764297155e-15)
(0.10265190399 0.326891049904 2.31321559461e-27)
(0.127185090083 0.336339513203 -3.47416079059e-27)
(0.0165812568724 0.217094746081 0)
(0.0384860334192 0.373256681427 4.37584893909e-16)
(0.0661984369589 0.367176095673 0)
(0.0826989726629 0.359066076829 0)
(0.0194868148537 0.274061992491 0)
(0.0480121012584 0.365168074568 0)
(-0.11167501557 0.1096345732 -1.12277231617e-18)
(0.077033155843 0.360647998221 0)
(0.0213643952254 0.326746087998 0)
(0.113923253656 0.33787984768 3.63705793922e-16)
(0.012068900416 0.334655863121 0)
(0.021771127445 0.358705835623 6.13479779318e-16)
(0.0588940866192 0.369376764032 -4.93138981077e-28)
(0.0125098169119 0.351998827669 -6.13479779313e-16)
(0.131739101449 0.327188783949 3.4741607906e-27)
(0.0799459013322 0.35338426229 -5.55479307752e-16)
(0.0702212476512 0.350112721506 1.12394612549e-15)
(0.030588560672 0.373330266238 0)
(0.0210717623965 0.37169673423 -4.13398215549e-27)
(0.111896393232 0.331532184239 -5.57425753638e-16)
(0.260892388873 -0.0616174812642 -9.46721492617e-18)
(0.109782942024 0.343100654777 3.8611305447e-27)
(0.278238076399 -0.0533631135368 0)
(0.0268737315373 0.375514876344 0)
(0.125201291735 0.331621151079 -3.6370579392e-16)
(0.0906568332147 0.34760878585 0)
(0.115896885666 0.342652628519 -3.13973913994e-27)
(0.111324136411 0.348643696048 3.13973913994e-27)
(0.122712533354 0.324677116212 5.57425753633e-16)
(0.144066632406 0.326202974518 0)
(0.145686462415 0.318417027875 0)
(0.157070227109 0.310326501998 -6.64565490893e-28)
(0.156880704214 0.301224919356 -8.47420302828e-21)
(0.17121581824 0.272370590321 0)
(0.163401427212 0.280264493775 -2.79322940295e-20)
(0.167137576219 0.294296704043 0)
(0.13261722508 0.332249073594 6.88169728976e-28)
(0.188989199546 0.240515164032 7.83924889049e-17)
(0.204868716329 0.240296167509 0)
(0.263711705681 -0.097747897112 0)
(-0.39588240223 0.0101237266552 0)
(-0.324586045156 -0.216477672259 0)
(0.200620201004 0.200498557592 -1.09205255989e-16)
(-0.363965215147 0.12324930788 -4.08026467292e-16)
(-0.0362172194155 -0.311065521168 7.54291907289e-16)
(-0.0173359432074 -0.349792886502 0)
(0.0363143049947 -0.306541840511 0)
(-0.378458211901 0.0109015507105 4.15378836051e-16)
(0.233904300192 -0.0872390554837 3.93732123486e-17)
(0.255890934665 -0.0711749320783 9.76828488116e-18)
(0.328572318283 0.130015164504 -3.49820562722e-16)
(-0.351260645307 0.144661105499 0)
(0.0267093521313 -0.107710528497 5.32373318815e-17)
(0.10755826823 -0.112342631332 0)
(-0.0528189500033 0.048654115876 -3.07154827784e-18)
(0.0845915344827 0.136399911066 2.69308192029e-17)
(-0.103795478485 -0.104261209336 -6.94990738141e-17)
(-0.0843785634206 0.0824897160534 0)
(0.29398977177 0.0349793916664 -5.12752730313e-16)
(0.299102854657 -0.064021672032 0)
(-0.281362678037 -0.260703018866 -1.33357641517e-17)
(-0.343859024205 -0.157124076807 -1.5216115693e-16)
(-0.328090998232 -0.130604726075 2.52746008161e-16)
(0.370885927533 -0.013899764238 0)
(-0.402779047489 -0.0430505011213 0)
(-0.365943611638 0.133609926042 4.34334117105e-16)
(0.232726650005 0.17222394265 0)
(-0.323631124764 -0.0992902609392 2.93260503514e-16)
(-0.343707852554 -0.0777080581574 0)
(-0.26207277132 -0.218444285754 -8.07085035865e-19)
(0.328690852521 -0.0528438902053 -1.66782362205e-17)
(-0.0359043442227 -0.295003815079 6.90069961945e-16)
(-0.126536609677 -0.316432419811 -2.23382506035e-16)
(-0.113359303371 -0.311801643799 -2.56732190478e-16)
(-0.139473037389 -0.393249880734 -7.3644436666e-16)
(-0.154125461446 -0.322604316923 -5.7418286604e-16)
(-0.0706110420933 -0.315351653658 0)
(-0.116757798927 -0.383791671658 -5.92758644863e-16)
(-0.159009141151 -0.404337311259 0)
(-0.0668864477051 -0.363195809887 2.46856293695e-16)
(-0.0300552992402 -0.364062747826 9.88618907752e-16)
(-0.247882315047 -0.331485256908 1.21835735094e-17)
(-0.213576702636 -0.32434686286 4.40084301991e-17)
(-0.0194515509949 -0.366104140413 0)
(-0.249650333295 -0.283238993999 0)
(-0.203821732665 -0.359443247102 -5.69159777461e-17)
(-0.229443846649 -0.341012719551 0)
(-0.179105043898 -0.24151652526 5.79553803763e-17)
(-0.148839554825 -0.177723467532 -4.89707252726e-17)
(0.0152435401067 -0.33304754961 0)
(0.000778628802815 -0.262324761284 7.17878648968e-16)
(0.014671534399 -0.257062129887 -3.89032590175e-16)
(0.00809220982787 -0.304655099729 -1.01301136748e-15)
(0.0267682951982 -0.314585003726 -9.28202591073e-16)
(0.0635697361626 -0.280064068846 0)
(0.0646026895415 -0.259244850733 2.25228856073e-17)
(0.0836302224193 -0.244612551927 0)
(-0.049355170262 -0.296021061816 -2.81941047159e-16)
(-0.310315935689 0.188706682825 2.25121132324e-16)
(0.293974801209 0.0550475854413 0)
(0.289959285636 -0.0803293225567 -5.83320236604e-16)
(0.28390443248 0.125584267216 0)
(0.331317972245 0.0316007559902 5.25177304639e-16)
(0.309293943446 -0.00420184818082 -9.83223849466e-16)
(0.292012838678 0.00779999976341 0)
(0.209376877973 -0.12509950263 3.35148268133e-16)
(-0.332661273618 0.157049225909 0)
(0.316479067389 0.144063176619 5.58646059924e-16)
(0.238373519382 -0.0767352742517 0)
(-0.333077379376 -0.216323806979 1.149030432e-16)
(-0.316688544982 -0.24267357687 7.39915673267e-17)
(0.237144761273 -0.0793813915729 -6.85464333817e-16)
(-0.264919730187 0.167037559911 6.03560894154e-17)
(-0.227115932549 0.162493497625 3.35786728618e-17)
(0.242068843816 -0.0947332351174 3.0570354533e-16)
(0.339686470142 0.0888232562982 0)
(0.342792168015 0.0734166487592 1.3538429978e-15)
(-0.0381743112984 -0.318867521604 -2.04550191274e-16)
(-0.0207747694193 -0.341899840491 1.94994101022e-16)
(0.0348816155968 -0.307868343064 -1.75240231324e-16)
(0.26115265189 0.162314185337 1.75321459497e-16)
(0.380902486746 -0.00824846766941 0)
(-0.404878843012 -0.0430653932887 1.67229941376e-16)
(-0.336012161458 0.0885187609336 3.40563833656e-16)
(0.323470947165 0.123412493089 0)
(-0.365701675755 0.145690046438 0)
(0.0596852896676 -0.134678942108 -5.32164181378e-17)
(-0.123708144894 -0.13168410551 0)
(0.112255665118 0.157212624293 -2.80025718126e-17)
(-0.0679553160305 0.0681041294257 4.26699911352e-19)
(-0.341571837272 -0.193003342297 0)
(0.293963697957 0.026162289638 -1.09722930167e-15)
(-0.282152907461 -0.22975708836 1.96476182502e-17)
(-0.338049205216 0.111134684115 3.50980978045e-16)
(-0.363739369924 -0.00931711985068 7.30464528375e-16)
(0.278475109216 0.185247185425 2.89288606099e-16)
(0.209098381102 -0.133704988795 0)
(-0.294186445508 -0.25785782797 -1.34149615087e-16)
(0.251436378232 -0.107435129425 3.53252417311e-17)
(0.225033266655 0.225853999686 0)
(-0.397563921256 0.0599314767582 0)
(0.230585089111 -0.0726013104451 -2.59106451585e-16)
(0.213617493667 -0.080506451851 1.48469026164e-16)
(0.158376128044 0.217261061102 1.77832527953e-16)
(-0.130331789722 0.120154743296 0)
(-0.365149028153 0.0249552857429 -3.4661458993e-16)
(0.232531240616 -0.0636165721679 0)
(0.278207310017 -0.0625862291975 0)
(-0.166229574294 0.126958076472 1.68121781867e-17)
(0.29545278368 0.163431684243 -4.52362327292e-16)
(-0.299774196816 0.161063034299 -4.10995918584e-17)
(-0.330039839437 -0.146151473966 -4.58126771847e-16)
(0.362031462778 -0.0209231564482 -4.76424616566e-16)
(-0.396115023665 -0.0749129809641 0)
(-0.319836874081 0.114453821727 -3.52657577994e-16)
(-0.31604914013 0.0854422206784 -8.88823721827e-16)
(-0.330936075417 0.0670324885124 0)
(0.201113372389 -0.145215357766 -2.87577850801e-17)
(0.072000122592 0.124236802759 2.96913098601e-17)
(-0.0656201772502 -0.0840913096209 3.43824188971e-17)
(-0.0734206314485 -0.078895732326 0)
(0.0638807008161 0.132663172805 0)
(0.168242015064 -0.0200861685869 -2.13628359891e-17)
(0.154671547537 -0.0388499275269 3.27316902271e-17)
(-0.0298766620386 0.0347545249678 1.15993757401e-18)
(-0.0318920712619 0.0346063998681 -1.63975388845e-18)
(-0.299804890004 -0.246350580929 6.55067813271e-17)
(-0.365901500328 -0.14346047856 -4.30894567778e-17)
(-0.398576630428 -0.00192838155116 -2.60243168279e-16)
(-0.0509010699879 -0.341921752632 3.66642452747e-17)
(0.0631606565653 -0.234209534437 5.73777683448e-16)
(0.067998855505 -0.268725735603 0)
(0.0290214685536 -0.269935066103 -6.42847560911e-16)
(0.0963456894238 -0.243845483989 1.3245952372e-15)
(0.223502350401 0.179291400419 0)
(-0.323000759282 -0.0844525859474 -6.56015933604e-16)
(0.341258953666 -0.0426166755312 0)
(-0.355197101343 -0.148973622876 -2.18642199613e-18)
(-0.211391463163 -0.336915886804 1.44397670869e-16)
(-0.19143379229 -0.325722095385 6.18084647683e-16)
(-0.120993908019 -0.303403281986 4.46290672143e-18)
(-0.155764037598 -0.412094145009 0)
(-0.088183963196 -0.389867410488 0)
(-0.110218600411 -0.395024533579 0)
(-0.0931618183796 -0.378551622667 0)
(-0.162728160877 -0.313441362479 7.12133988723e-16)
(-0.0661953008583 -0.309958511047 6.19202186785e-16)
(-0.0435020957337 -0.286201492119 6.03034586731e-16)
(-0.200537331038 -0.325550970556 -4.40084301992e-17)
(-0.184415192723 -0.331054397745 -6.30432641014e-16)
(-0.258693852041 -0.313301219005 3.55790232618e-17)
(-0.259926882438 -0.323030870787 0)
(-0.220934150268 -0.328714408018 0)
(-0.268504534715 -0.301752740199 -3.49028698867e-18)
(-0.147026031486 -0.194929201573 5.57729402076e-17)
(-0.0264847223948 -0.38053716834 -1.10436153545e-15)
(0.0080024733535 -0.248367777125 8.30788819501e-16)
(0.0112111098916 -0.311954033904 7.56712576617e-16)
(0.0158176001842 -0.334883494878 0)
(0.0638527972761 -0.278293045298 0)
(0.0778522799576 -0.24234788159 -6.62113582177e-16)
(0.0957613562772 -0.228640194796 -4.16396588669e-16)
(0.293036465363 0.062996438575 5.32332822676e-16)
(0.295221553972 -0.0852996726558 1.06621864994e-15)
(0.324468866763 0.0221645340736 -1.2308476479e-15)
(0.286206419225 0.115174177338 -9.47016345599e-16)
(-0.341640046161 -0.166203803066 4.5360421881e-17)
(0.308750839917 0.0406700916328 7.7515049509e-16)
(-0.376470387312 0.0709222886812 -7.45177678433e-16)
(0.307386273377 0.0196180011206 1.84449230516e-15)
(-0.227458497507 -0.243261687334 -1.33889489107e-17)
(0.291105547389 -0.00143019035767 0)
(-0.0138308253229 -0.31523992635 0)
(-0.0355932429365 -0.336936632898 1.97668290613e-16)
(-0.018963297478 -0.323328076194 5.82186313322e-16)
(-0.0103902302958 -0.29595600903 -3.84342787593e-16)
(0.0479050635859 -0.292142836288 1.79528034373e-15)
(0.0207335961544 -0.317649210913 -1.7692531415e-16)
(0.135834920706 -0.184403019681 4.0225988002e-17)
(0.120360166398 -0.199759463296 0)
(0.15641671048 -0.172128657243 -3.84302191802e-16)
(0.17262185074 -0.155837767523 3.39555332765e-16)
(-0.323035322986 -0.231159273374 -1.14903728015e-16)
(0.103523502645 -0.208457110179 0)
(0.0241515520804 -0.301275584364 -5.81620491526e-16)
(-0.233811425232 0.151506237976 -3.6941023855e-17)
(-0.361939378955 0.143662890889 -2.76263488835e-16)
(0.353476272537 0.079550041336 0)
(0.291351619677 0.139682620942 1.11312471819e-15)
(-0.350205595052 0.163899975075 -5.12367242638e-16)
(0.27655917283 0.166409713418 0)
(-0.25479430267 -0.242162074007 9.34120076257e-18)
(-0.0577544740432 -0.331608281343 3.8878088035e-17)
(0.0691918547734 -0.256100248119 -2.07260340608e-16)
(0.0209971811341 -0.282084786948 0)
(0.0700765776326 -0.244255038898 -6.08638458839e-16)
(0.0857024750128 -0.256813858941 -1.00469365185e-15)
(0.241183936958 -0.114787011413 -4.51587967958e-16)
(-0.362785606061 -0.138101918783 2.16819675628e-16)
(0.376594910551 0.00252985428724 1.32352895376e-16)
(-0.397283792229 -0.0273211375223 -1.7368796579e-16)
(-0.351246996259 -0.181377632471 1.47221265362e-16)
(0.280618464616 -0.0916751708971 -1.01581474123e-15)
(0.325643768629 0.0374914307816 1.23640818874e-15)
(-0.217317514411 0.169231988406 8.94507283455e-17)
(-0.288255609354 0.170468692845 -1.17085078758e-16)
(-0.340000174529 -0.123398510411 0)
(-0.364392131967 0.00154763954677 -6.59960421126e-16)
(0.303937230628 0.13864012033 -6.45203956813e-16)
(-0.354869939191 0.161371619755 0)
(0.289203117968 0.177735223065 7.16834387695e-17)
(-0.329226064156 0.185856183964 0)
(-0.373795722462 0.0597214951942 0)
(-0.195368878172 0.16285208717 1.83325206665e-17)
(-0.340400681134 -0.107876051527 -3.5772914046e-16)
(0.298523145568 0.153990170016 0)
(-0.343590568482 0.174166391156 1.93044134198e-16)
(-0.245656892832 -0.221041177291 8.53620918088e-18)
(-0.0579416139821 -0.320474446475 -7.7246785255e-16)
(0.0175395626234 -0.297914411477 0)
(0.0939356830302 -0.224251015876 0)
(0.0886115703991 -0.244674147695 6.1558264719e-16)
(0.0735645468229 -0.265464755336 -4.90603366482e-16)
(0.207008792709 0.229157457379 0)
(-0.389394238238 0.0695772231004 7.92109344456e-17)
(0.243579545895 -0.0659937739178 0)
(-0.157212819069 0.136837369046 -1.49703416611e-17)
(0.179175112106 0.227275105256 -2.22289126356e-16)
(0.282115050868 -0.0897483816495 5.77596969765e-16)
(-0.367666048844 0.036498605655 0)
(0.271378994315 -0.0486047291224 0)
(0.307208470265 0.0490193222689 -1.80579475023e-16)
(0.273230110987 -0.0835831102295 6.21388556904e-16)
(-0.201771041858 0.148377267861 -2.5035127544e-17)
(-0.357769403447 -0.125372412577 0)
(-0.350108234555 0.126273292944 0)
(0.295782903973 0.129457543149 5.16817456225e-16)
(0.30809534612 0.146178352841 4.38558039256e-16)
(-0.350987440845 0.164254106903 -2.0753067968e-16)
(0.100653241104 -0.055642824348 -3.9375949732e-17)
(-0.048484242103 0.0483974071492 5.05836226512e-18)
(0.0767923101876 0.146461304967 0)
(-0.0976382573578 -0.102275380868 9.86982783805e-17)
(0.290074119792 -0.0575757737368 0)
(-0.321116349526 0.128282693908 3.91869212357e-16)
(-0.379019343929 0.0219309486171 6.26229560026e-16)
(-0.312333271143 0.0722623919631 1.18533867173e-16)
(0.30681039027 0.0119176630884 0)
(0.187561967131 -0.155510636575 1.99258828555e-19)
(-0.353783616887 -0.103642888261 -3.11858115543e-16)
(-0.0891883585069 -0.107939089976 -6.63654399034e-17)
(0.0872963502294 0.144233313423 -1.039042172e-16)
(0.169075272808 -0.030144911994 2.31366332869e-17)
(-0.0450011366241 0.0469576439944 -1.51174680775e-18)
(-0.319304466273 -0.242439693868 -1.8776480941e-17)
(0.231859109394 -0.120308427146 5.43271825617e-16)
(0.245312346438 -0.0904336977127 -7.49559192618e-16)
(0.0830605802236 -0.209918099312 0)
(-0.0470756244706 -0.335616851745 0)
(0.0348270454602 -0.274412894656 7.90568670212e-18)
(0.0679164215407 -0.264435596416 -8.62907752629e-16)
(0.101454242909 -0.241733370749 -5.03988895292e-16)
(0.0965210792191 -0.204095772073 0)
(0.0296015108879 -0.291360188617 1.33650542269e-15)
(0.265077720863 -0.0800773941214 -7.79709458737e-16)
(0.314942328062 -0.0564223616483 2.15447367045e-17)
(-0.338324741504 0.133047570931 -3.6683860763e-16)
(0.109787177559 -0.184084558357 0)
(0.151876809488 -0.152144113076 1.89305269954e-16)
(0.129965483691 -0.170714831243 0)
(0.190218384256 -0.129329908438 0)
(0.172440485668 -0.1469444394 -1.80633769297e-16)
(-0.0122990262904 -0.340047846049 -1.92735032501e-16)
(0.0475156717754 -0.294693087268 -1.1789261835e-15)
(-0.0108087778942 -0.322208646522 6.33002538906e-16)
(-0.00450210256714 -0.3103549074 1.22536979529e-15)
(-0.0288244954166 -0.320931581359 -4.11867300873e-16)
(0.0340017946635 -0.296763143698 1.16218203072e-15)
(0.319774996935 0.13905187218 3.78639813757e-16)
(-0.343902831696 0.153328019139 0)
(-0.295306904698 -0.220596087658 -3.75630787086e-17)
(0.334258514567 0.0151416332565 -7.99296364963e-16)
(0.334266885286 0.0432022431188 7.30194820588e-16)
(-0.213535990516 -0.197081429811 0)
(-0.36461877094 -0.114668177357 0)
(-0.367971273696 -0.131859783387 0)
(-0.406004996494 0.0210485324759 0)
(0.134582708139 -0.0640029029092 0)
(-0.0564905809942 0.0569073503939 -2.68948050677e-18)
(0.0995245271255 0.15231372802 1.12538326885e-16)
(-0.11252538977 -0.11786894871 2.49216470369e-17)
(0.191441907255 -0.14813028314 -3.9141818259e-16)
(0.322370366234 0.053368340414 3.49661798834e-19)
(0.306742848416 -0.0508602270502 7.32596404085e-16)
(0.309818296997 0.1222250093 -4.83339415908e-16)
(0.314756941694 0.126432327473 5.22180414385e-16)
(-0.361264799094 0.150536773077 0)
(0.321876381799 0.00890810891992 4.33469767292e-16)
(-0.228170072206 -0.235536415096 -2.50596353676e-17)
(-0.206315634381 -0.203191551531 2.0973232982e-17)
(-0.315417982513 -0.227523996099 -6.56340359841e-17)
(-0.395442967796 0.028095502226 -2.0075212401e-16)
(-0.031477477713 -0.408006417763 4.11893634811e-16)
(-0.0235816160301 -0.412534258727 -4.11893634811e-16)
(-0.184471315939 -0.28167023572 6.10859075024e-17)
(-0.182172376022 -0.296944351048 0)
(-0.000534613358824 -0.381990018034 5.20286130081e-16)
(0.00300431782614 -0.373674759631 -5.20286130082e-16)
(-0.0807607594945 -0.0925898999777 -2.0486025759e-16)
(-0.0890323212759 -0.111328771948 2.06765065178e-16)
(-0.156622775497 -0.437914294434 0)
(-0.18142726454 -0.429290561508 0)
(-0.112751636817 -0.428329191337 -6.44013520851e-17)
(-0.134406097492 -0.425922535407 6.44013520851e-17)
(0.0566577931244 -0.353768023576 0)
(0.0404548935425 -0.33589983117 -2.85385294962e-16)
(0.00958389250114 -0.285192356636 0)
(0.0176118152207 -0.320796816559 0)
(0.392613233845 0.0232295468317 3.80683051665e-16)
(0.38916617193 0.0135906174409 3.60833595072e-16)
(0.226533350885 0.151278395106 1.40190938338e-16)
(0.236655446634 0.149067102559 -1.03284801191e-17)
(0.355915754144 -0.0197822173667 -8.84386574272e-16)
(0.354281993006 -0.0371484792354 0)
(0.0888039318856 0.118305024487 -2.32752952153e-18)
(0.107944924355 0.133925612128 2.32752952153e-18)
(0.33682123191 0.105148318612 0)
(0.329284921535 0.119466165283 -3.88989893536e-16)
(0.358370013655 0.0816056662364 5.87337012e-16)
(0.358798920011 0.0909358409744 -1.19768719158e-15)
(0.300805358024 -0.0377423185556 1.76787385256e-15)
(0.286686242033 -0.0263781140939 0)
(0.286603825405 -0.0119337044453 0)
(0.287223939288 -0.0705593492705 -8.71481339019e-16)
)
;

boundaryField
{
    bottomWall
    {
        type            noSlip;
    }
    leftWall
    {
        type            noSlip;
    }
    rightWall
    {
        type            noSlip;
    }
    movingTop
    {
        type            fixedValue;
        value           uniform (1 0 0);
    }
    front
    {
        type            empty;
    }
    back
    {
        type            empty;
    }
}


// ************************************************************************* //
