/*--------------------------------*- C++ -*----------------------------------*\
  =========                 |
  \\      /  F ield         | OpenFOAM: The Open Source CFD Toolbox
   \\    /   O peration     | Website:  https://openfoam.org
    \\  /    A nd           | Version:  14
     \\/     M anipulation  |
\*---------------------------------------------------------------------------*/
FoamFile
{
    format      ascii;
    class       volVectorField;
    location    "65.999999999951";
    object      U;
}
// * * * * * * * * * * * * * * * * * * * * * * * * * * * * * * * * * * * * * //

dimensions      [0 1 -1 0 0 0 0];

internalField   nonuniform List<vector> 
2646
(
(0.000841116526633 -0.00411418208898 0)
(0.00133507122328 -0.00216096460137 -5.14716006439e-18)
(0.00431644765665 -0.00297983900851 -4.43527613187e-20)
(0.0161167969901 0.0020427252214 2.92774511848e-18)
(0.00273723531665 -0.0122996811342 -7.80692061723e-19)
(-0.0807348811363 0.011968560704 0)
(-0.0101315573724 0.00503679032722 0)
(-0.104198888959 0.00337424274106 0)
(-0.333962137886 0.0957892823194 -1.06784718878e-16)
(-0.352012688433 0.0215801315233 3.27060214412e-17)
(-0.0635464483794 0.0381706446133 1.00942388647e-18)
(-0.364951815711 -0.0333105689804 -4.47152404212e-18)
(-0.403754340189 0.0334038977317 1.36490430524e-16)
(-0.40150834739 -0.0010239135014 2.21112399862e-17)
(-0.376246273071 0.0694614313425 2.58153407775e-17)
(-0.23502304806 -0.126745001256 6.30610677209e-19)
(-0.381489153675 -0.0557730970387 -3.56616835609e-17)
(-0.203967737269 0.104480127285 0)
(-0.348144873094 -0.0985364021827 -1.3061787352e-16)
(-0.113918280481 0.0631991534117 0)
(-0.303812500085 -0.0570575430595 4.43059815552e-17)
(0.00252882931785 -0.00619905189054 6.26886194128e-18)
(-0.217643052991 0.00154122657888 2.47131700143e-18)
(-0.348360017222 -0.00630937577085 -1.54980518183e-16)
(-0.218261459906 -0.059501699218 -4.60701830711e-17)
(-0.101560089959 0.0542065823029 1.84948167851e-18)
(-0.166905519939 0.0263006335164 0)
(-0.304823086832 0.0537581200471 1.24538015522e-16)
(-0.322723258053 0.0318410928956 0)
(-0.196328862745 0.0716678503567 7.33839702603e-17)
(-0.106448425867 0.0163566383191 -5.12225278369e-17)
(0.000251673186813 0.0018164911277 1.69761369187e-18)
(0.00058499162031 -0.00871975832604 -1.08211323081e-17)
(-0.00150125025007 -0.0386083904622 0)
(-0.010763106416 -0.0240340487206 0)
(-0.0626013606796 0.0413273592556 0)
(-0.271726091698 0.107063774878 0)
(-0.390239225836 0.0523195415463 -1.03171134346e-16)
(-0.407073483451 -0.039795985656 -3.46889750502e-17)
(-0.291707545364 -0.117090763299 -5.89990783929e-18)
(-0.139914009572 -0.0731815424671 0)
(-0.109338726895 -0.0709754894128 -2.66475029579e-19)
(6.9214514642e-05 0.00283455715423 6.54263035472e-17)
(-5.63185582366e-05 -0.00258226432039 -1.49334783351e-16)
(0.00096280683925 0.00266435449238 3.30201387001e-17)
(-0.0100122188712 -0.0115176340834 1.32357648155e-17)
(-0.00367183513309 0.00329589040891 -1.0535222382e-17)
(-0.00235971161844 0.0982249100746 -4.73905655411e-17)
(-0.00284943946891 0.0336349433877 1.27946108501e-17)
(0.0135319551916 0.169958570707 -9.98090207439e-18)
(-0.095463428097 0.29744404622 -8.44923169376e-17)
(0.0418888942406 0.359852871538 1.7293567754e-16)
(0.0122118862872 0.345825392311 0)
(0.0496657413859 0.305226709468 1.15670314467e-16)
(-0.0488432486521 0.0714070558995 4.30616600298e-19)
(-0.0732042793084 0.124728168748 -4.60952284354e-18)
(0.0528117327027 0.225185092415 -1.06611254744e-16)
(-0.00306108017817 0.346730270626 -6.75208095706e-17)
(-0.0211300490556 0.382535454847 1.55965640072e-16)
(0.0116769538518 0.371141018654 -1.58872666585e-16)
(-0.0636367343841 0.337666132825 0)
(0.0939286182371 0.249881326614 -6.9779910193e-17)
(0.0507353528753 0.369209797858 -8.3474019977e-17)
(-0.117394173353 0.199556772785 4.83065319934e-18)
(0.0787306147716 0.335432000457 2.37210269614e-16)
(-0.0794270878453 0.120145386081 9.96957123697e-18)
(0.00855143610365 0.213554608345 5.94168465077e-17)
(0.00777697715802 0.00401729734536 -2.68357880726e-17)
(0.0558056909319 0.14509995044 5.45800689891e-17)
(-0.0554118784394 0.28073848619 1.25750916985e-17)
(-0.00980929809514 0.314018825947 2.45151660051e-17)
(0.0322014000784 0.114137573361 1.52416343067e-17)
(-0.0814754871692 0.218061515659 6.58075399428e-17)
(-0.0385600802872 0.157444606417 -2.08806396779e-17)
(-0.00213087267059 0.0633266588334 -2.11603260328e-16)
(-0.0151154435801 0.165150505192 0)
(0.000329713135538 -0.00320698810047 5.3761136205e-19)
(0.00275502029704 0.0021700623985 3.76440001849e-17)
(0.0222746767102 0.0563573358609 1.28382810218e-16)
(0.0110643697586 0.0654452462358 8.70527686975e-17)
(-0.0586437046914 0.0625827736936 3.04101774912e-18)
(-0.117867575014 0.257143982244 -8.20146438878e-20)
(-0.0345202168796 0.358292127662 0)
(0.0390215124252 0.375952336286 -2.24813635355e-16)
(0.0816047376096 0.278768928643 -1.93795390694e-17)
(0.0637187935771 0.177916537598 3.29185877994e-17)
(0.00294030410076 -0.405764696292 9.56193041183e-17)
(-0.0239043599634 -0.0913264334192 -4.01122230827e-17)
(-0.00541090133234 -0.257570909846 -4.36459992743e-17)
(-0.146051057379 -0.46617380592 1.60746647736e-16)
(-0.0561296096395 -0.538566865589 0)
(-0.0856597338043 -0.148803005797 4.06094686005e-18)
(-0.0142622817138 -0.448298210827 0)
(-0.0490932497873 -0.455463842279 0)
(-0.0167046322974 -0.424572882957 6.1865915606e-17)
(-0.0963789934421 -0.449537142225 -3.29682141616e-16)
(0.0348071509192 -0.371350191354 1.78856149471e-18)
(-0.00521772320944 -0.397481086525 0)
(-0.172052333095 -0.32159751876 1.82137689076e-17)
(0.0122161375135 -0.386395100678 0)
(-0.131771595689 -0.214795137158 -1.63999091508e-17)
(-0.00646689980587 -0.441983316844 0)
(0.00869740876864 -0.00838471024019 -1.8526064714e-18)
(-0.0411160433419 -0.505466492965 -1.97733980352e-16)
(-0.0334629182562 -0.48574087603 4.30425226763e-16)
(0.0136025068612 -0.4462259505 0)
(-0.111803492138 -0.217158025429 -2.11879890288e-17)
(-0.0456986281371 -0.417501460177 0)
(-0.101994975196 -0.470904618131 -1.20251882651e-16)
(-0.0627965055925 -0.498829231074 1.36278131267e-16)
(-0.112732049482 -0.339469127392 1.72814764282e-17)
(-0.0409838930325 -0.269796838096 4.64949474808e-17)
(-0.0116785004864 -0.0120086469227 3.19260702979e-17)
(0.00388979088691 -0.0228089614388 0)
(0.00717517854249 -0.364240212493 -4.50077250714e-16)
(-0.091757557714 -0.130731066903 -1.03136504618e-16)
(-0.160447069484 -0.395039701588 0)
(-0.0619425848239 -0.464012075438 1.99751140102e-16)
(-0.0180182932446 -0.416217761307 0)
(0.0303264575895 -0.380319151592 0)
(0.0376474265358 -0.343505928728 1.16924448076e-16)
(0.0542836633797 -0.411905789108 2.22093040004e-16)
(0.0611251932127 -0.448337788458 -1.48944322508e-16)
(-0.0464158292835 -0.0307487819033 -2.20710943778e-17)
(-0.0971559102523 0.0710686273515 -6.58142560567e-17)
(0.263194198963 0.0223739733969 1.05509361637e-16)
(-0.0686579854223 0.0527932247285 0)
(0.0216780673071 0.0948354664239 -7.58935403306e-18)
(0.540782891612 0.0075731761605 2.32792403133e-16)
(0.347192613111 0.00112314678882 -4.48312850582e-17)
(0.414036722239 0.0420321438278 0)
(0.350891238644 0.0938430080094 6.89276668133e-16)
(0.387095574653 -0.00389581266887 3.5962156293e-16)
(0.427949622376 0.0139553816057 1.34520410465e-15)
(0.405682017678 -0.00692478334869 -2.93112361475e-16)
(0.152536858151 0.0868044117165 6.17635982081e-18)
(0.215778548595 0.0876219036021 5.07420339772e-18)
(0.348615704801 -0.0127748182057 3.03236762942e-16)
(0.414651389721 0.0227780033107 -4.28946337705e-16)
(0.405543467425 0.0388823058184 -2.43238051051e-16)
(0.394583000824 0.0147139890283 -4.57765754875e-16)
(0.398545362474 0.0521504517492 1.01519991199e-16)
(0.322395465043 -0.0306169336465 -5.85567815576e-16)
(0.382509318969 -0.00534591544648 7.67042395128e-16)
(0.267295479334 0.135247799555 -1.1565698843e-17)
(0.384902417538 -0.0546674028249 0)
(0.189271836404 0.133590890197 -4.33554545933e-17)
(0.453181098892 -0.00347741597507 4.71567859241e-16)
(0.19258542604 0.0282644392193 -4.64488932766e-18)
(0.305640764483 -0.0444366587789 -4.62381037843e-16)
(0.383675749894 0.0418317628137 -1.30265949959e-16)
(0.416978544025 0.0502997333375 0)
(0.428051269996 -0.0420500505577 3.54587973652e-18)
(0.301927012683 0.0827945858875 -2.79476324965e-16)
(0.345114543824 0.0217219369843 1.08123917648e-16)
(0.53890487513 0.028068100818 -2.9950660102e-17)
(0.529782581134 0.0062019378994 -4.65191480069e-16)
(0.0817766645054 0.105999787062 9.66721244492e-17)
(0.306674743438 -0.0588696979276 0)
(0.0485581774642 0.0712486494979 -9.88314038405e-17)
(0.371900676729 -0.030216312709 -3.78630389755e-17)
(0.122979596805 0.132282023308 0)
(0.322855204436 0.126315077862 3.42639333043e-16)
(0.412950023258 0.0711475662838 -3.29831012843e-16)
(0.39212329087 -0.00269085678702 -6.6121434891e-16)
(0.332643562293 -0.0420747815083 0)
(0.298008120315 -0.0793218764183 3.62971410928e-16)
(0.448350952147 -0.382082939483 -1.63384736014e-15)
(0.290501787034 -0.104530496999 2.51736867581e-15)
(-0.00673576725392 -0.469407551433 0)
(0.0213580933673 -0.308769859663 9.12056876825e-17)
(0.382604295059 -0.00993963801234 0)
(-0.407559309267 0.0307226564856 2.31813082751e-16)
(-0.406588718636 0.0162896383588 -2.31813082751e-16)
(-0.170242281766 0.10696330958 0)
(-0.186609713702 0.111249654838 0)
(-0.363536996921 -0.0816046260135 2.18473681381e-16)
(-0.372428006958 -0.0997026642898 4.26760314185e-16)
(-0.0364674516204 0.0338861268632 0)
(-0.0505348099431 0.0403475267876 0)
(-0.330360514329 0.111885289001 0)
(-0.308505198389 0.124101034016 0)
(-0.365138277868 0.0830412448131 0)
(-0.35201733169 0.109090120908 3.11244502053e-16)
(-0.217062887268 -0.130949697397 -3.35474306896e-17)
(-0.199113622053 -0.116829134746 3.35474306897e-17)
(-0.0824197117836 -0.0731743373451 0)
(-0.0988771043968 -0.0934981835636 0)
(-0.0177758927352 0.383817649184 0)
(-0.000735967617076 0.376037521513 4.5003394886e-16)
(-0.112614287042 0.166124214242 -4.22939166676e-17)
(-0.122008654939 0.183624072605 -1.24061027734e-17)
(0.0632137210949 0.353373919069 2.44327616241e-16)
(0.082904871013 0.352130539007 -1.2606752621e-15)
(-0.0412805522364 0.0376386963228 -3.46263437666e-18)
(-0.05151140907 0.0521735526035 -2.75082365724e-17)
(-0.105638956418 0.297288775577 7.3995136261e-17)
(-0.12192303963 0.282847037972 -7.39951362611e-17)
(-0.0840193735522 0.32625821274 -2.0573634444e-17)
(-0.100871980366 0.324423131904 2.0573634444e-17)
(0.0999910896892 0.236109507431 -1.00784836053e-16)
(0.108015035238 0.22026218719 1.00784836054e-16)
(0.0698090817421 0.133220710807 0)
(0.060488700362 0.144650500519 -1.04459793561e-16)
(-0.388688973988 -0.0920412558458 1.59749866148e-16)
(-0.26485515334 0.201705204921 -1.82312442801e-17)
(-0.0891780594471 0.0794719885045 -3.68829161754e-19)
(0.343186382144 -0.0375290471743 -3.76622858178e-16)
(0.130777541205 0.182254341228 0)
(-0.145159086125 -0.157482651803 0)
(-0.184312851789 -0.19021677167 0)
(0.322833757093 0.0756525887696 -1.39400618396e-15)
(0.262586809008 -0.109555933734 1.86198454362e-15)
(0.317686768668 0.0982728547797 1.08063336475e-15)
(0.354997777382 -0.0295177905658 0)
(-0.395437461691 -0.0804212000972 2.97820592991e-16)
(-0.109993119771 0.0989981973781 0)
(0.147508557821 0.203766371881 0)
(0.23949046512 0.207354294272 8.67253176895e-17)
(-0.0886949701647 -0.353216028266 0)
(-0.0961404382284 -0.340585882555 -3.94541018165e-17)
(-0.21194443148 -0.383007088709 1.03938189028e-16)
(-0.218117033536 -0.364415874191 -1.8293628408e-16)
(-0.192508379564 -0.383951401834 0)
(-0.198369210496 -0.378287165593 -1.0893100901e-16)
(-0.238233777157 -0.314793526267 -1.32000040968e-16)
(-0.247154500284 -0.306903982574 9.96969981739e-17)
(-0.308993879777 0.206193883299 0)
(-0.330978551545 -0.195038835849 -1.51188093555e-16)
(0.267164740455 -0.113071977885 -1.70963512525e-15)
(0.273119055126 -0.0932994423115 0)
(0.288265981313 0.184848830698 0)
(0.363566019275 -0.00313161875082 -1.44157808735e-16)
(-0.404947694181 -0.0272660992666 0)
(0.167153404085 -0.101706711673 1.91844033226e-16)
(0.228208733302 0.21575210932 -2.65663170488e-16)
(0.267002891585 -0.104969071975 8.3450004107e-16)
(-0.320036642154 0.20602974959 -3.39135596693e-16)
(-0.265249748263 0.189697656855 0)
(0.356880815854 0.00281188807365 -1.57629914446e-15)
(-0.249843560185 0.195747376834 -1.13675475646e-16)
(0.31565196484 0.108884868852 1.62489995336e-16)
(0.322791198281 0.0671973778894 -7.67312932003e-16)
(-0.237212901184 -0.289097012348 0)
(-0.212705174869 -0.259530884316 0)
(-0.130793007017 -0.349218943013 2.86143847742e-16)
(-0.146445320794 -0.369234787848 6.25633519421e-17)
(-0.235146950378 -0.366001626691 -3.85757340673e-16)
(-0.233649383362 -0.368597995125 4.51606213615e-16)
(-0.0759568121352 -0.348106274282 -1.68081769697e-15)
(-0.0683869262372 -0.342799025185 1.39971786535e-15)
(0.0660448159082 -0.281348972608 7.6140470885e-16)
(0.00241523948338 -0.290093487591 0)
(-0.0484690377345 -0.326176725731 1.33127113762e-15)
(-0.122506541663 -0.347079772975 3.35351600495e-16)
(-0.115830564575 -0.35736187919 0)
(-0.159934916071 -0.374563832729 -7.06826502638e-17)
(-0.164002126895 -0.360964949652 -5.94226051441e-17)
(-0.0278761840584 -0.360126623862 0)
(-0.232336768254 -0.343599501499 -2.83073232232e-16)
(-0.247830189869 -0.340172453005 2.28302336705e-16)
(-0.190414542665 -0.220061921941 0)
(0.0109742946227 -0.28739488242 1.41222179895e-15)
(0.0160056664271 -0.296995226303 -1.48182273311e-15)
(0.0299274222708 -0.329895655814 -1.60684608108e-15)
(0.0794970271854 -0.277628345183 -1.3643611872e-15)
(0.0776948714039 -0.273379885871 1.34036844307e-15)
(-0.0523552484567 -0.335088513195 -2.08791314254e-15)
(0.0571602933439 -0.291757727501 -2.26953294032e-16)
(-0.00373030531225 -0.301757776807 5.99604202103e-16)
(-0.0321486246837 -0.351674187631 -5.37176546535e-16)
(0.0281321212326 -0.328376630436 1.8489666134e-15)
(0.26958300852 -0.0848167974831 0)
(-0.197686991269 -0.213484489664 1.02111057609e-17)
(-0.321236273375 -0.207543175952 -3.27166212152e-17)
(-0.381899429962 0.0777054310523 5.16034808154e-16)
(0.321537752108 -0.0445268539653 -1.97837646489e-15)
(0.336332581823 0.0799833139779 -7.59860797312e-16)
(0.293261643988 0.181497507054 1.77155884532e-16)
(0.191853247292 -0.0741846571056 2.64184833798e-17)
(-0.398845438048 -0.0151323124287 -4.51830538026e-17)
(0.331024980101 0.0904766393801 -1.47720087062e-15)
(-0.370773051375 -0.0949651978678 1.96897180905e-16)
(0.354903007202 -0.0110196936105 2.50119980185e-15)
(-0.402475734468 -0.040702198443 0)
(0.276785913557 0.197762907531 -1.99045683226e-16)
(0.211184028848 -0.101187204942 0)
(-0.342420170047 -0.188414488547 9.92908510721e-17)
(0.258940832046 0.183918953875 -2.71523791923e-16)
(-0.414883437435 -0.0410723344647 9.25468760666e-18)
(0.383537091762 -0.0154104989249 -4.70805483781e-17)
(0.224331426124 -0.135652088574 0)
(-0.401704905157 0.0424835623418 -9.33636830644e-16)
(0.232194535111 -0.0993777437315 -6.91718269062e-16)
(-0.355616394031 0.145713646073 4.99689724748e-16)
(-0.289436096972 0.193473942981 1.16747749266e-16)
(0.23152970895 -0.131137843934 6.21686973005e-16)
(-0.360672611718 0.0791300868226 6.34494823104e-16)
(0.253271611713 0.208158906379 1.57748325498e-16)
(0.353078987408 -0.0225143156366 8.3227187913e-16)
(-0.389677771161 -0.062138021409 -3.48358724976e-16)
(0.115035057078 0.175191900229 -6.83271701073e-17)
(-0.134453212834 -0.142448656328 0)
(0.188855885801 0.218555045691 1.05540955274e-16)
(-0.157842614651 0.127097415952 -1.67060559569e-17)
(0.0940703626914 -0.261991830347 -1.06161340152e-15)
(0.0815787579903 -0.271389000597 1.72028495004e-15)
(0.141336792355 -0.0812279213517 0)
(-0.0815843794864 0.0774499835096 3.62516015411e-18)
(0.197100652157 0.217886703646 1.48884454455e-16)
(-0.366386528156 0.152685551097 4.82984946488e-16)
(0.263487732838 0.194441129926 2.15901647077e-16)
(-0.403099145111 -0.048069945358 -1.04690556936e-17)
(0.366497238185 -0.0174761603448 -8.17122684459e-16)
(-0.414289832325 0.0354365819011 1.10497148663e-15)
(0.315393891446 0.157680617089 -1.05960085283e-15)
(-0.342750679209 0.173470424072 0)
(0.284011027692 -0.0932991330894 1.50657140092e-16)
(-0.367341579576 -0.157327501485 0)
(0.31171745649 0.168119872032 9.33942218815e-16)
(-0.337437639034 0.173604112482 0)
(-0.364102744646 -0.171514350738 -2.51104990499e-16)
(-0.358963488599 0.100178780219 -1.02551075116e-15)
(-0.403843283553 0.0504692458528 3.26944283983e-17)
(0.234807989593 -0.112529605093 4.04146848552e-16)
(-0.170203419974 0.140153462946 3.80871827188e-17)
(-0.124666283539 0.102097058264 4.93178269547e-17)
(0.165901972219 0.200385151981 0)
(0.327039658264 0.115431333005 -6.00290762944e-16)
(0.27706567178 -0.0735591290132 1.88031959781e-15)
(0.33499310189 0.061902253856 -7.93868901376e-16)
(0.333506681624 0.00338700260425 1.33649960866e-15)
(0.253456197583 -0.109382250616 0)
(0.264605232096 -0.094566485833 4.59965575203e-16)
(0.201154348063 -0.0847674747918 2.87956248718e-16)
(0.293955410439 -0.0660179106483 -1.96378547096e-15)
(0.152089716913 0.259018188641 -1.2173184153e-16)
(0.190596643306 0.258903890722 3.18285482591e-20)
(0.172770919202 0.254413069319 -3.18121780332e-20)
(0.0480714329174 0.293709623339 0)
(0.0149206702861 0.175526329687 -1.57944012705e-26)
(0.0145799193101 0.133999988921 0)
(0.0139340032549 0.0947298433035 -2.48596612249e-15)
(0.272936697709 0.213135432439 6.45573042318e-16)
(0.0374375236392 0.32145150479 1.37110538023e-15)
(0.0128875500717 0.0573861178126 0)
(0.10207695618 0.370154991384 5.95588599403e-27)
(0.0269917325462 0.330662967083 -1.37110538023e-15)
(0.0771126034006 -0.071912127916 0)
(0.167907356265 0.26366741369 2.63190000216e-19)
(0.0476081844383 0.242526339924 0)
(0.357974563011 0.044354991475 -8.36216713444e-16)
(-0.207702772208 -0.301072913293 -1.06234076879e-15)
(0.0113246790426 0.021300471999 1.00152999383e-26)
(0.239224197276 0.221226608076 0)
(0.05153695099 -0.0998247516165 -2.64425093493e-15)
(0.139525493651 0.067963180109 0)
(0.0821528668921 -0.036760129048 -3.75672993186e-17)
(0.00916898411647 -0.0142939061625 -2.79036856883e-15)
(0.0783650526362 0.0482118650789 0)
(0.137803857657 0.0342347228502 0)
(0.124883200442 0.0280411012308 9.08844278292e-27)
(0.0158062519175 0.402382127988 0)
(-0.418334294961 -0.000877192308534 0)
(-0.137425302121 0.357607277975 0)
(0.134833001684 0.00145159529438 0)
(0.00411734181788 0.182568364812 2.12079197944e-15)
(0.39112838551 0.00832101151007 9.92286037154e-17)
(0.0375558448694 0.302668296764 0)
(-0.196117966563 -0.308970369943 5.48523241786e-16)
(-0.154103984614 0.339613206524 0)
(0.00385165985735 0.140599276782 -1.65117925022e-26)
(-0.142065938502 0.347683597158 0)
(0.0149118718708 0.396171662144 0)
(-0.130002083154 0.275095589238 0)
(0.00332005840719 0.100862770343 2.48596612249e-15)
(0.127827923412 0.0971969792287 0)
(-0.207288169236 -0.215873665635 -1.40873742336e-15)
(0.367514570972 0.00864862044758 -1.03883249317e-16)
(0.140096551878 0.103369470993 0)
(0.0339708816032 -0.0777518587322 4.97548437709e-27)
(-0.18501252954 -0.248189460383 -1.37032919132e-15)
(-0.19659694438 -0.239462482386 1.37032919132e-15)
(0.0701526356846 -0.043668179235 5.37158028462e-15)
(0.103915842017 0.121950631805 2.26685477369e-15)
(0.359908949382 0.030140386424 -8.73049247179e-16)
(0.369814173261 0.0224733572193 -8.89900532925e-16)
(0.0740606721833 -0.00916315488831 0)
(0.274368747257 0.203387408344 -4.15587590762e-16)
(-0.14167009728 0.267427718789 2.58483524973e-27)
(-0.00628374616537 -0.0821768546138 0)
(-0.127195218844 -0.120474987941 0)
(0.00243106934449 0.0631007572654 9.4460568027e-27)
(0.26143507652 0.215141465327 -9.9537425684e-16)
(0.368553547084 0.038225224355 8.68403699633e-16)
(0.272984506652 0.215366023944 -5.09698888363e-16)
(0.218923953258 -0.0652026705986 -9.93704516265e-16)
(0.00508372788625 0.391980697657 0)
(-0.0607885648001 0.15421526052 0)
(-0.0390779843635 0.18237955233 0)
(0.0973450355474 -0.00713513249264 5.22217093722e-15)
(0.0368182621262 0.250546019396 0)
(-0.0165731194962 -0.0893783314528 0)
(0.00611247942776 0.381998871012 0)
(-0.0276769890165 -0.109820556419 0)
(-0.0499411628434 0.161098586982 -3.8669345572e-27)
(-0.060644785018 0.113458178486 -2.3176572757e-15)
(-0.0499441209645 0.175289658945 3.8669345572e-27)
(-0.18995418795 -0.184200486258 0)
(0.00108139880473 0.0266735250576 0)
(0.00530026795209 -0.0625449404932 1.01618199621e-26)
(-0.0606605746457 0.0745875428657 0)
(-0.0500280849893 0.0809228712499 -8.97850265125e-27)
(-0.15399223783 -0.147450192283 0)
(-0.0499069564125 0.120019661409 0)
(0.0230341667699 -0.0851269139231 2.74128265843e-15)
(0.0553994885984 0.39216063061 -7.59694541597e-16)
(-0.0607328686039 0.0618935205886 0)
(-0.071323201745 0.0556564880079 -2.49745812988e-15)
(0.252493597691 0.211503001247 9.95275723536e-16)
(-0.0426403432305 0.39328635474 -7.19904082774e-28)
(-0.19579539186 -0.223911938146 1.40873742336e-15)
(-0.186029903109 0.213842746737 -1.3657534667e-16)
(-0.0531674136865 0.387002557893 -1.64827414806e-27)
(0.010894617216 -0.10565422686 2.70609171145e-15)
(0.0860421788395 -0.00261346805413 -2.6301094951e-15)
(-0.0765699221409 0.381284483159 0)
(0.0419205200982 -0.0952009828571 2.64425093493e-15)
(-0.0611527794003 0.0247500151155 0)
(-0.168517406861 0.344156650911 -4.33970529507e-28)
(0.0631382717896 -0.0919660823965 0)
(-0.0448084380837 -0.242414256392 1.08774953129e-15)
(-0.0625505169439 0.387132250242 6.3457947677e-28)
(-0.424493530184 0.0349209227342 3.99959214724e-16)
(-0.0167446575936 0.400541673274 0)
(0.391334439242 0.0290059535495 1.49337512023e-15)
(-0.0337042045676 -0.389922694029 0)
(0.123840189379 0.0169191794602 -9.08844278292e-27)
(0.138637812839 0.0453627169242 -2.37429169518e-15)
(-0.101741143252 0.369363579495 -8.60599428569e-16)
(-0.116187743011 0.361951233196 -3.21696824814e-27)
(0.159718777437 0.230671086475 -1.53369346199e-16)
(-0.384894209385 -0.127784020037 2.78955439244e-16)
(0.0651491103219 -0.0794183894424 0)
(-0.164886069461 0.193613276633 6.64931867017e-17)
(-0.0317824169375 -0.166322382233 0)
(0.0949507321313 0.167559194899 5.19898763386e-17)
(-0.0983780403942 0.372916354002 0)
(0.113680035329 0.0442140031851 2.50006352403e-15)
(-0.126682247088 0.364118298559 0)
(0.109869904636 -0.000618986606248 -2.59206144213e-15)
(-0.0856220440654 0.380075397917 5.70078597906e-28)
(-0.0413321484169 -0.174843718176 1.47434071171e-19)
(0.140220406143 0.214417385491 0)
(-0.023377319073 -0.172937516478 -2.49786476723e-15)
(0.136093765688 0.0123971807426 -2.4423520517e-15)
(-0.0136643083758 -0.164242995269 2.49786219468e-15)
(-0.128730765414 -0.125939669161 0)
(0.0790537031293 0.0600164367907 0)
(0.101815599706 0.0493324847922 -2.50006352402e-15)
(0.0897453367381 0.0430210751736 -4.68831019417e-27)
(0.130851864925 0.299154591875 0)
(0.140218032136 0.115606113814 0)
(0.121717090586 -0.00499418221171 0)
(-0.00520989148427 -0.069548092316 0)
(-0.0498861425443 -0.167937240552 0)
(-0.135484098123 0.0187903407028 2.37121849002e-15)
(0.118452974217 0.187378558906 0)
(0.126886831464 0.0618503391586 -1.75819797499e-26)
(-0.208606362831 -0.170997762061 0)
(0.0836841111763 -0.0251793911358 -3.52803263306e-17)
(-0.384200384228 -0.117598981575 0)
(0.103029161611 0.361546636277 0)
(-0.418060529741 0.0121644594865 0)
(0.394148742274 0.0119284229374 0)
(0.00705147365381 0.399189941133 7.91769546649e-16)
(-0.128402335216 0.226381621902 -1.63060106412e-15)
(0.0920769710302 0.196816111508 0)
(0.115853605805 0.115632399171 0)
(-0.116601062699 0.204041382376 0)
(-0.428297460007 0.0404432270398 -1.90486591271e-16)
(0.384503614269 0.0347705176834 7.20044531327e-16)
(-0.0395710964741 -0.37357303248 1.3147888368e-15)
(-0.000812449927304 -0.00914410765936 -2.02563593085e-26)
(-0.15629220988 0.32667601199 0)
(-0.0375868236023 0.399642965471 -7.06643135052e-16)
(0.223110478391 0.245549662117 0)
(0.236060956361 0.235626892073 0)
(0.103293837702 0.204106814076 3.28647350294e-27)
(-0.143595346725 0.30189589106 -8.2141314622e-27)
(0.126558722221 0.203812924133 0)
(-0.143146336927 0.319372660769 8.21413146219e-27)
(-0.13036290376 0.292971238451 0)
(0.354099184091 -0.0566365708085 2.09605656965e-15)
(-0.135280951259 0.00633269097326 -2.34020981001e-15)
(0.388583745167 0.0446953827809 -1.40622215805e-15)
(-0.0483892045978 -0.391271274523 -3.0554693658e-15)
(0.378511764266 0.0578890917336 -7.70342149218e-16)
(0.036826566804 0.374196614338 0)
(-0.0553016780239 -0.375707156241 1.4272311961e-15)
(-0.159516213021 0.341192121039 3.81959626858e-16)
(-0.423707555576 0.0401350867324 0)
(-0.418920263516 0.0514507694885 0)
(-0.0367423237329 -0.104030734474 -9.81732995188e-27)
(-0.128795462078 0.242056607366 -4.24056160375e-17)
(0.106703299895 0.363777284892 0)
(0.0148587125919 -0.0675868656136 -1.00523727462e-26)
(-0.0217814201127 0.405289894196 7.6698279909e-28)
(-0.0607426353631 0.140332875312 0)
(-0.0176148536867 -0.102395774509 0)
(0.103785545771 0.161575855519 0)
(-0.182538414569 -0.136908897475 0)
(0.107034694837 0.219368030582 0)
(0.126461404478 0.218894576107 0)
(0.202072569103 0.202246874953 0)
(-0.0293566464608 0.399752064303 0)
(-0.141103745627 0.250394463849 -1.50626305419e-15)
(-0.204101913809 -0.278693316926 0)
(-0.00528923712874 0.398627998705 0)
(0.219881126822 0.260316099782 0)
(-0.394440990124 -0.0814962185222 0)
(0.0753618730274 0.369917796521 0)
(-0.0925266557671 0.0183928114066 0)
(-0.0390372181336 0.196869455627 0)
(0.00174437630991 -0.100394979714 -2.70609171145e-15)
(-0.0713954121666 0.0431184630837 -2.54955278272e-15)
(-0.225447217922 -0.161346395404 -1.75395470378e-16)
(0.0215288292293 -0.0980054121829 -2.46941241913e-27)
(0.370028668152 -0.0319918330611 7.12836427419e-16)
(0.00940859005277 -0.36153093032 -1.37458061921e-15)
(-0.0606289474663 0.100227911995 0)
(0.341058741052 -0.059876790956 -2.38099467018e-17)
(-0.0579270214585 -0.146518613221 0)
(0.094021565844 0.176747194536 0)
(0.221927279957 -0.0549954300292 -1.01226380596e-15)
(0.0011974852539 -0.192947320779 1.20559119726e-15)
(-0.103146228325 0.0245219416475 2.46892837275e-15)
(0.103751792739 0.175307295763 0)
(-0.0052996990118 -0.170535695628 -1.50099332217e-19)
(-0.353702181682 0.18748145424 0)
(0.0148124865286 0.161397192635 1.57944012706e-26)
(0.251939568879 -0.0677717823586 0)
(0.0817553681595 -0.215373118309 0)
(-0.0609616729441 0.0371220411362 0)
(0.104057876713 0.134838441077 0)
(-0.0820123649617 0.0245246449255 0)
(-0.0716140782272 0.0185472025949 0)
(-0.32871661467 0.18994989637 9.39225485318e-16)
(0.138197862885 0.242871347043 0)
(-0.383892310822 -0.107641690806 -1.67899608666e-16)
(0.0436829995802 -0.0824574813822 0)
(0.0951026196177 0.363574937997 -6.66649634718e-16)
(-0.0499559426764 0.0938313194581 8.97850265126e-27)
(-0.049906721865 0.133562088861 -2.27453160524e-15)
(0.00865956236278 -0.356833680642 1.33628176525e-15)
(-0.197740741711 -0.178965271287 -1.67295256465e-15)
(0.00139015434918 -0.35218721206 2.62594753147e-15)
(0.0725527029174 -0.184640113056 0)
(0.0143870198865 0.120618951698 0)
(-0.113770668875 0.018472481587 -2.46892837274e-15)
(0.36460892055 -0.0499355472716 -7.14712854019e-16)
(-0.0491149193061 -0.153108510659 0)
(0.0790378404706 -0.0598447315802 -3.56631211312e-17)
(0.358383316369 0.0159361014114 8.82282840517e-16)
(-0.251661768874 -0.189135613311 -1.14161252275e-16)
(0.138337907428 0.226745286408 -1.60282667424e-15)
(-0.352109242998 0.18539034567 -6.9454857551e-16)
(0.0136085905892 0.0820417409987 0)
(0.115667048733 0.154606796473 3.7883582624e-27)
(0.0122701146762 -0.343248239952 0)
(0.215965497274 0.193936658849 -6.79686713638e-16)
(0.116950513391 -0.100168714228 0)
(-0.0094542659063 -0.358122053097 0)
(-0.168595594984 0.00097232121609 0)
(-0.425461836776 0.017120488259 -4.15932123107e-16)
(-0.00935341012848 0.403573506038 -7.91769546651e-16)
(0.388474415398 0.0234054472869 -1.49133312467e-15)
(-0.307984571531 -0.174198725087 0)
(0.0150736737468 0.219279816932 1.90397891975e-15)
(-0.252005640771 -0.321009333892 -4.35753925912e-16)
(-0.263098089974 -0.312971492869 0)
(0.0479711512875 0.275879755377 0)
(-0.124684158815 0.0247522696957 -2.37121849003e-15)
(0.128068073957 -0.103478042447 0)
(-0.00399290148554 -0.346972592303 -9.61467708957e-16)
(0.138852973971 0.181802172484 -8.17710296531e-28)
(-0.223735670694 0.254422907633 -2.04871265748e-16)
(0.0318600985924 -0.163898803531 0)
(0.207696391532 0.270038969383 0)
(0.135317640834 0.229301096341 1.2134798961e-16)
(-0.00234368419088 -0.366220697858 -8.16838263433e-16)
(0.11567394973 0.141384984697 -3.7883582624e-27)
(-0.341701127592 0.195348840277 7.52840639851e-16)
(0.1386948691 0.196116721129 8.1771029653e-28)
(0.0233404362297 -0.158478453744 -2.48889568027e-15)
(0.137672917031 0.250253691646 -2.88280982141e-16)
(-0.315005468388 -0.155850705027 0)
(0.118318204372 0.301144869288 0)
(0.118377096853 0.270901970053 0)
(-0.410925927008 -0.0153032336793 0)
(0.0207628209144 0.396385758895 0)
(-0.359714777799 -0.141233087718 6.21928680064e-17)
(0.0123918073351 0.0451728292437 0)
(0.106674848161 0.340014363983 4.7294724091e-16)
(-0.273247443899 0.230867006456 -1.04028034458e-15)
(0.0727706952626 -0.0207238528996 2.67338774868e-15)
(0.107123756169 0.2052564539 0)
(-0.168266893657 -0.0115101481107 4.4006227284e-15)
(-0.288419574084 0.238996868051 3.2714101325e-21)
(0.392648946222 0.00597786460439 0)
(-0.0192692736628 -0.388482633694 0)
(0.127265694723 0.27031060536 0)
(0.278654262776 0.202637884892 -2.58339817028e-16)
(0.369684840651 0.0514807446116 8.07828052062e-16)
(0.139976727217 0.0795315529516 0)
(-0.262166883232 -0.292223209983 0)
(0.335224935517 -0.0688050416925 1.98293211315e-15)
(-0.208160478125 0.299135391022 0)
(-0.212112836916 -0.30679415982 0)
(-0.39287378211 -0.102915593977 -3.68588352513e-18)
(0.311749837934 -0.0723814490708 9.22199910777e-16)
(0.305021405213 -0.0659329904235 -1.0008285473e-15)
(0.115025032084 0.196506507414 0)
(0.32858732966 -0.0667651546134 -6.43998912799e-16)
(0.0609434976795 -0.295282343241 1.50666078212e-15)
(-0.227058254492 0.202404704149 1.37341734224e-15)
(-0.196566979103 0.131846647541 -3.83823622404e-17)
(-0.244069162809 0.227872924076 0)
(0.118598229176 0.319507072091 0)
(-0.338116045328 -0.161331502635 0)
(-0.0236562933695 0.397348078237 -7.66982799091e-28)
(-0.394437017516 -0.101951240695 1.72458988733e-16)
(0.0843808800178 0.372060706494 6.66649634718e-16)
(-0.0338254717088 0.392589771957 0)
(-0.123149061024 -0.298498627099 -8.08434713663e-16)
(-0.146106087087 0.000379630570056 4.62289705772e-15)
(0.124686737925 -0.116223478873 0)
(-0.260314222274 0.237214196729 1.04027444681e-15)
(-0.274431378795 -0.285369841902 0)
(0.051529980435 -0.15956450904 -2.42900384399e-15)
(0.227355766913 0.215476687638 6.1513442116e-19)
(-0.0538819865542 -0.251888592377 -8.12253552378e-18)
(-0.133632051014 -0.291641371931 0)
(-0.21531315827 -0.272728582062 0)
(0.0130700758504 -0.167571603182 2.48903609581e-15)
(-0.0068436372618 -0.18630621928 -1.84299955573e-19)
(-0.204645510077 0.239668693745 -2.44886635992e-17)
(0.363006449288 -0.0387479959709 0)
(0.0427103524724 -0.308078561044 6.32934821582e-16)
(-0.242388668068 0.211508667883 0)
(0.136587903479 0.248829010185 2.88280982143e-16)
(0.135822479418 -0.11927172988 -2.17093945235e-15)
(0.0591077221277 -0.294638969208 3.28929219267e-17)
(0.127150878179 0.174911752313 0)
(0.00862385724345 -0.341444032149 -1.85667513825e-15)
(-0.161154131753 0.348186906247 -1.25432878027e-27)
(0.0959550335494 -0.0184799621844 -2.63810742236e-15)
(-0.059492442852 -0.176315999969 0)
(0.0427308593572 -0.154519753046 2.42900384399e-15)
(-0.138842821252 0.187344906358 3.89960330738e-17)
(0.204050348167 0.284234550058 9.07300035403e-16)
(-0.206765659677 -0.200559770641 0)
(0.136356122712 -0.0681940124131 1.8083832104e-20)
(-0.239180225727 -0.195353313838 7.30916398974e-17)
(0.0870195100415 -0.185871445261 -2.90093662528e-18)
(-0.0779329470099 -0.177524466443 2.3188201519e-15)
(-0.0154734863172 0.395561045005 0)
(-0.399711801187 0.0862772617197 0)
(0.103984171392 -0.176285268967 2.88504375941e-18)
(0.00466851492522 -0.161639668442 0)
(-0.344304779806 -0.146317959572 0)
(0.10525634239 0.323247043589 -4.7294724091e-16)
(0.126482464359 0.251184361705 -1.5711685967e-15)
(-0.0126403612049 -0.376683757784 0)
(-0.0682237043351 -0.169275947973 0)
(0.0586281801633 0.267428311754 0)
(0.17834363599 0.0522474770027 2.22540755056e-15)
(-0.179460308156 -0.0174407804536 -6.52007073949e-17)
(0.206433984984 0.0967169219949 -1.98851556447e-15)
(0.0106327173528 0.00930184984372 -1.00152999383e-26)
(0.0110964157718 -0.183440994859 0)
(-0.115342197992 0.0835514510529 2.00524641506e-18)
(-0.055166097134 -0.092265249519 0)
(-0.405104720453 0.0755639185424 0)
(-0.1167979297 0.21873790291 0)
(0.0490470577174 -0.311061431429 -1.17049067494e-15)
(0.055198347659 -0.304865811336 1.3409684217e-15)
(0.000838180593892 -0.328264874699 -1.70947391749e-15)
(-0.146168650581 0.107683154577 5.52202513378e-17)
(-0.221124220014 -0.226229189968 1.24440182167e-15)
(0.139718479415 0.141089389708 0)
(-0.285961035348 -0.257315515286 4.18517822731e-16)
(-0.133270332439 -0.27465482092 1.59024407605e-15)
(-0.0421801701351 -0.356933405906 0)
(-0.248619720161 -0.340480841546 -1.30040869051e-18)
(-0.11065890296 0.33888385528 0)
(0.0698632023688 0.276273885243 0)
(-0.351489647715 0.122074624167 0)
(-0.170781153004 0.301296292002 0)
(-0.233787092611 -0.218962420702 -1.24440182167e-15)
(0.0722472711167 -0.154547724543 2.36778143327e-15)
(0.240299994329 0.240034860419 0)
(-0.13548779053 -0.2427749227 0)
(-5.95164562547e-05 -0.372238155801 0)
(0.356347165929 0.106147811834 0)
(0.331246577227 -0.0680183936193 -1.96021997841e-16)
(0.0378718465912 0.358042071761 1.2111761221e-15)
(0.0293662234652 -0.17944864434 1.19443124129e-15)
(-0.272923940251 -0.264831350334 -4.18820366967e-16)
(-0.300547418273 -0.267242456924 0)
(-0.284689293257 -0.207065134277 4.35113355531e-17)
(-0.157488712547 0.00685240342536 -2.28268724769e-15)
(0.0376442483494 -0.185124425995 0)
(-0.232053063177 -0.28663045289 0)
(-0.260484819664 0.148122520704 5.53804980434e-17)
(0.25528501613 0.221533549492 -4.99674644036e-16)
(0.251815363516 0.0388201412745 3.03552926489e-15)
(-0.314606172839 0.196166751213 -9.37506986025e-16)
(-0.125437509735 -0.251116648191 -1.80996362867e-15)
(0.192178510423 0.0472699921432 -2.22485899437e-15)
(0.231486914122 0.254643900735 1.99569909922e-28)
(-0.166819668229 -0.150828224081 0)
(-0.385116685333 0.093575609897 0)
(-0.281722889039 -0.303000696902 5.24099374296e-18)
(0.190572072441 0.152775903056 -1.77624041494e-15)
(0.0924030504657 0.147587036637 -4.93164025714e-18)
(-0.091288937213 -0.102720102386 0)
(0.214636370535 0.279789490894 -5.38188318853e-28)
(-0.248826921235 0.146038874386 -1.45559944666e-15)
(-0.386298254261 -0.118644013622 -2.80271637335e-16)
(-0.0676119253986 -0.154421457255 0)
(0.178852257199 0.0631634779056 -1.36041528589e-19)
(0.213839573766 0.224359336994 0)
(-0.140062767875 0.219187522766 1.63060106412e-15)
(-0.106687248593 -0.268841464323 8.75119195721e-16)
(0.126346685468 0.268265877624 0)
(0.133641880096 -0.0798674741784 -1.80838157778e-20)
(-0.17913119255 -0.0299770589684 -1.94192858841e-27)
(-0.272956507725 -0.318664652476 0)
(-0.378964785128 0.137477745692 0)
(-0.125658746166 -0.266861957941 0)
(-0.323586612724 -0.178556697589 8.32255744345e-16)
(-0.16732319853 -0.049228112135 -1.99101587737e-27)
(0.127777858294 0.121984946144 7.76487847374e-27)
(-0.224291132504 0.141318368694 -9.7729487888e-19)
(-0.146337214834 0.355733867131 0)
(0.103285547327 0.251072587024 -1.64595090718e-15)
(0.223463696037 0.271951113537 5.38188318853e-28)
(-0.289179635548 -0.293554643685 0)
(0.0630984796298 -0.150049289836 -2.36778143327e-15)
(0.126219377262 0.0504193643804 1.75819797499e-26)
(0.206452243484 0.0529035949148 0)
(0.0931406600604 -0.0409977688385 -2.63232911959e-15)
(-0.175318344243 0.198252292203 1.60394213922e-15)
(-0.29979257338 -0.284162689893 -4.9720252464e-16)
(-0.298608596559 -0.284505305485 4.8534162442e-16)
(-0.161187286474 0.203245781933 -6.64931867018e-17)
(0.142773976285 -0.135102404215 2.04295430825e-15)
(-0.300741519497 0.23154897031 0)
(0.103246613977 0.268032006607 -1.42233642851e-27)
(0.233124867981 0.260665376724 2.85254780971e-28)
(0.0486114255229 0.349295577583 -1.21117612207e-15)
(-0.22603687377 0.133826240572 0)
(-0.167521013584 -0.0366155319213 1.99101587737e-27)
(0.0592570648138 0.322048027244 -1.32705585938e-15)
(-0.186591868259 0.177179032491 0)
(-0.373946303397 0.134028910044 0)
(0.0689632838565 -0.169783926025 -2.24682765743e-15)
(0.203140590865 0.294824501073 -6.35859872249e-16)
(-0.174650282888 0.18369932287 0)
(-0.202890460217 -0.0166015581202 0)
(-0.0359073357319 -0.0909858742217 9.8173299519e-27)
(-0.0568703877491 0.377873324329 1.64827414806e-27)
(-0.225584803578 0.18684387545 0)
(0.0921313420565 0.294513346122 0)
(0.209943477503 0.285046031192 -3.3462650144e-28)
(-0.00456756497221 -0.245610967325 -1.11490974532e-15)
(-0.234388051127 -0.310275108973 9.05049420928e-16)
(0.360571667371 0.0632782317126 -1.29251168242e-15)
(-0.250796208081 -0.231233130593 0)
(0.0806828655924 0.267673749462 -7.39972341895e-28)
(0.322934514818 -0.0759394632249 0)
(-0.237002767719 0.166129632092 -4.36302920839e-20)
(0.169644733133 -0.0894083004079 2.65018360025e-19)
(0.00301073797049 -0.0874291767634 -9.93695822732e-27)
(-0.234584221409 0.138111285077 0)
(0.252129502823 0.0481710827204 1.93130144565e-15)
(0.185356278325 0.27406317187 0)
(0.0921079288002 0.182546801408 0)
(0.0326084666721 0.0224438528748 -5.43110427305e-15)
(0.221224955656 0.0478613905398 0)
(-0.311887537925 0.236187088915 0)
(0.0592319574343 0.303069476525 0)
(0.115120140258 0.182241960426 0)
(-0.384980910763 0.107748213575 0)
(-0.0684511985448 0.369679885374 0)
(0.0922143782209 0.276581444284 0)
(0.0397971987391 -0.225269439833 2.11716848911e-15)
(-0.0371251782585 -0.250493072262 -2.18369692651e-15)
(0.0122233840024 -0.241374560821 1.11206767007e-15)
(0.236052679359 0.0330507267455 -2.0377784663e-15)
(-0.254116248924 -0.251243264804 0)
(0.310858169364 -0.0699927638516 1.66544464519e-15)
(0.0191381577248 -0.189408971319 -1.19442346039e-15)
(0.0697889221829 0.294247093569 0)
(0.00509585772192 -0.23490818614 -2.24624067148e-15)
(0.19766553265 0.264922218086 0)
(-0.115505661602 -0.275894951329 -8.75664479433e-16)
(-0.083645318785 0.369852177431 0)
(0.0487920556971 0.330849859508 -1.8582681688e-26)
(-0.178404476523 -0.0554534132759 0)
(0.0694730687467 0.24262636212 0)
(0.121850209776 -0.192788797222 9.29404081383e-16)
(-0.153639167989 0.216343284213 4.27223714968e-29)
(-0.272843340928 0.106785648886 -5.68381262471e-18)
(0.0476184576214 0.197121767429 0)
(-0.398854437203 0.0956659614231 0)
(0.241774489409 0.250886066084 6.45502718706e-16)
(0.0288055420718 -0.237023024242 0)
(-0.238553382294 0.181024073985 4.36303753929e-20)
(-0.232655313137 -0.160625379599 1.75395470378e-16)
(0.18264050415 -0.0918213829685 6.28890516816e-20)
(0.192517128018 0.0688460457126 -2.58855723716e-19)
(-0.0157673193967 0.382065234323 0)
(-0.172677354269 0.240407259038 -4.27223714967e-29)
(-0.138814798122 0.181393504587 -3.89960330739e-17)
(0.176301785382 0.0203126484704 0)
(-0.151350959219 0.197375499726 -1.57400421016e-27)
(-0.0701343721426 0.354891431211 0)
(0.178032140108 0.133707464578 -1.92738493247e-15)
(-0.241429122245 -0.257869884241 0)
(0.2913400718 0.151917969289 -6.8047096225e-16)
(0.0135776856029 -0.0801367050389 -2.74128265842e-15)
(0.21231845011 0.239956242777 0)
(0.138327835941 0.276796343004 5.92337089193e-28)
(0.0813652416305 0.3033885858 0)
(-0.231815351333 -0.201805725549 0)
(-0.0307362090077 -0.278071186276 1.11234808919e-15)
(0.198743889391 -0.0833413917272 -9.99846877528e-16)
(0.114764231187 0.294677638332 0)
(0.0806945215735 0.250900266492 7.39972341895e-28)
(0.0213160825954 -0.229971035242 8.86187372527e-18)
(-0.0935041519553 0.133893399867 0)
(0.150516236713 -0.110112007446 2.17096443297e-15)
(-0.0116409486388 -0.238158658929 2.20753843092e-15)
(-0.0207107282885 -0.2486922467 -2.21417739956e-15)
(-0.0770483953968 0.0634663884356 0)
(-0.0758176717583 0.0770600598466 0)
(0.25311328723 0.237678126693 -6.45502718706e-16)
(-0.218377453876 -0.177737572662 -5.25488113454e-27)
(-0.30060483732 -0.0624486051885 0)
(-0.0112821527097 -0.381032390839 8.3406590345e-16)
(0.378786619146 0.0815951726528 0)
(-0.163383165066 0.204951162477 -1.60394213922e-15)
(0.19146064955 0.0367271032165 2.26421959113e-15)
(0.0256328850204 0.154575185113 -1.64608425144e-26)
(0.114707094076 0.0672246175735 -2.44769015532e-15)
(-0.363722650355 -0.121894819741 0)
(0.0950613691372 0.348556406869 0)
(0.0221821204552 0.0276873784938 2.7218958757e-15)
(-0.106875952661 0.369651539023 -5.01973932753e-28)
(-0.300694155258 -0.0488214460253 1.99377761828e-15)
(0.201371504047 0.217434015609 0)
(-0.139667799128 0.204317360553 1.51654771654e-27)
(0.178352768164 -0.10363487918 -1.99563937171e-15)
(0.0585539887482 0.250731866557 0)
(-0.284867353767 -0.0695269785262 7.24998948609e-16)
(0.111096848658 0.0105702559486 -4.66479753816e-27)
(-0.0872359632789 -0.303156752105 9.14868326538e-16)
(-0.288623016965 -0.293360919703 0)
(-0.259071209508 -0.274046650945 0)
(0.210174769923 0.271234119492 -3.76496228822e-28)
(-0.145413862208 -0.0370081996323 -2.34963389813e-15)
(0.0585178512203 0.219302257774 0)
(-0.223515162607 -0.315495621037 4.77718723812e-17)
(-0.258231306325 0.0994723270011 -7.99531746246e-16)
(-0.144775657 -0.250039859135 0)
(0.249610639621 0.231217853302 3.7326860266e-16)
(0.0694691811894 0.226980425917 0)
(-0.093500311707 -0.324867519205 -1.27069855336e-15)
(0.034872968407 -0.20163772764 0)
(0.192735208588 0.0798898503041 -2.06044124528e-15)
(-0.265542789739 0.134930897572 8.05280031611e-17)
(-0.145508839323 0.257598230311 0)
(0.126607669285 -0.156940354914 -2.7428554045e-17)
(-0.141350024752 -0.316805150436 0)
(0.177295162895 0.0308894803124 -2.26421959113e-15)
(-0.0599525659241 0.328707089023 0)
(-0.284830905215 -0.0829941537672 -2.70096936724e-18)
(0.114660221913 0.242807408744 1.5711685967e-15)
(-0.173522800307 0.142334358968 1.83445794254e-15)
(0.130522624815 -0.194487363489 8.62870580216e-16)
(0.251003465734 0.0190657790126 0)
(-0.0968106616171 -0.27751664319 1.83157654339e-15)
(-0.0869284220021 -0.170267648363 -2.31881237861e-15)
(-0.226800335225 -0.0154829493041 0)
(0.218834735025 0.257852474189 -1.99569909922e-28)
(0.158155253747 -0.125279394745 -6.08045118317e-17)
(-0.166893207032 0.269088825764 0)
(0.0365486882404 0.161565286395 -2.1988412379e-15)
(0.114713224916 0.226852809319 0)
(-0.0214915688576 -0.267670002773 8.38866666578e-18)
(-0.0701754788192 0.0623247059999 -8.96576331739e-19)
(-0.264613350242 -0.224662927136 -9.7148187268e-16)
(0.369575387695 0.0970439417466 0)
(0.147291579416 -0.00278072432066 2.21738006669e-27)
(-0.0848766764662 -0.316383430919 -2.57087146986e-17)
(-0.243843033001 -0.279108035386 0)
(-0.142788374466 -0.299187931131 0)
(0.142316242223 -0.095044185333 -6.95414371035e-20)
(-0.0316361657583 -0.297059972403 -2.11158934045e-15)
(-0.211443403857 -0.251519988453 -1.20391935327e-15)
(0.0355986891996 0.0952427644915 0)
(-0.13590281928 -0.226917530785 0)
(-0.107022936022 0.0865211699593 -2.03252022425e-17)
(-0.218464372503 -0.192519959213 5.25488113453e-27)
(0.19822472144 -0.0286929475004 -2.18786257341e-15)
(-0.0821775559903 0.100329405368 0)
(0.290968428767 0.181409192742 -6.40264419279e-17)
(-0.283877873229 -0.307601141563 0)
(0.103732464577 0.303475362348 0)
(0.145774214585 -0.0135939503092 -2.21738006669e-27)
(0.204899647455 0.290414041652 6.3585987225e-16)
(0.301349735367 0.0923875347563 0)
(0.132245839908 -0.0201825415085 0)
(-0.253473806659 0.0235440936771 -1.74799869797e-15)
(-0.153286359107 -0.273108249832 0)
(0.297269155293 0.167452240983 5.59077826391e-17)
(-0.307219881469 -0.271134973047 1.34368240676e-16)
(0.187846867752 0.306237351664 3.96571207486e-28)
(0.284853424265 0.0391382233562 -9.2132170473e-16)
(0.20651182296 0.0854742343398 2.06059375858e-15)
(0.261784394881 0.2278843244 0)
(-0.191414630923 -0.0107423968174 -2.10426756307e-15)
(-0.0382855679871 -0.269575736173 -2.10430522406e-15)
(0.213107745022 -0.0865611269384 1.00831384698e-15)
(-0.21907663579 0.315172961867 0)
(0.267906754105 0.0250908580104 0)
(-0.228691211511 0.241710283648 2.04871265748e-16)
(-0.0588359240753 0.347385236911 0)
(0.156065162975 -0.181148284864 7.94315284564e-16)
(0.284810331711 0.0484695766828 -6.24859992001e-17)
(0.048745029317 -0.174924224782 0)
(-0.239286666083 -0.00871499079142 8.15737149378e-28)
(0.219328575754 0.0176068906945 2.12348116721e-15)
(-0.0282279481483 -0.240240163524 3.29286834141e-15)
(-0.177771420241 -0.108203447763 0)
(-0.185969731682 0.163095490281 1.69423861653e-15)
(0.20564877218 0.0321517353111 0)
(-0.201448409119 -0.054847688413 2.01258701447e-15)
(0.0466956134084 0.101825780802 2.19792828912e-27)
(-0.153700952497 -0.288437105367 0)
(-0.192101542332 0.133900160912 4.00070038844e-17)
(0.288624758344 0.163661652536 1.21456819429e-15)
(0.334402613521 -0.0722945569027 0)
(0.120245930467 -0.016093046715 2.55588823406e-15)
(-0.0256548214536 0.375183096202 2.58503997908e-28)
(0.161048041913 0.00354453878493 -2.35749524581e-15)
(-0.0258065791735 -0.0838787448636 0)
(-0.185560799991 -0.264545939754 -6.5815182812e-16)
(0.235072532542 0.0233866006339 -2.12348116721e-15)
(0.0572516617564 -0.180074865022 0)
(-0.126628226496 0.359301113755 0)
(-0.20242723789 -0.0292289656754 -3.99256954959e-15)
(0.102372865343 -0.0566727801391 -2.53324422323e-15)
(-0.0912552349358 0.36703151989 8.6059942857e-16)
(0.0475212633593 0.154743898937 2.1988412379e-15)
(-0.0715673092525 0.133654162525 8.23337288799e-27)
(0.0540709607675 -0.196504929034 0)
(0.154249047917 -0.0977929575133 0)
(-0.213949346553 -0.035139758026 3.85274183139e-15)
(0.268330159314 0.0332715404108 -9.97647997702e-16)
(0.0455155599086 0.0646067782171 0)
(-0.284903377773 0.168561023294 -1.10595123886e-17)
(0.0318074868933 0.0105750314039 -2.75804610785e-15)
(0.115052733983 0.276826991446 0)
(-0.266833981557 0.0303063345 8.0069735486e-16)
(0.0913281429003 -0.0526615512585 -2.61675547709e-15)
(0.14717690321 -0.196443814287 7.23489905214e-16)
(-0.240009528636 0.00402959988427 -1.75650660709e-15)
(0.0876262647052 -0.0760099563709 0)
(-0.24692422073 0.252488194111 3.09675209526e-16)
(0.0343940842838 0.0581832592457 0)
(-0.308430586152 0.134756586107 0)
(-0.117610598285 0.351050105849 3.21696824814e-27)
(0.302158925271 0.0831251153864 -5.76325849456e-17)
(0.117256094009 -0.0381179520233 0)
(-0.0825744700413 0.140496029565 -3.90867359305e-27)
(-0.04918541658 0.300997683661 0)
(0.189983697355 0.0159822476985 0)
(0.162392395462 -0.112630930292 0)
(0.285221463901 0.0683680865779 0)
(-0.188748445859 -0.115059817057 0)
(-0.105509471692 0.344134818032 1.02752509192e-15)
(-0.134752384319 -0.0308803793599 2.34963389813e-15)
(-0.226204567835 -0.02827202804 -1.89063997632e-15)
(-0.0929709062274 0.0940082665958 0)
(-0.366172217502 0.0494052789076 0)
(0.131727457069 -0.132518872583 0)
(0.0254778495895 0.140852578488 2.30431904902e-15)
(0.130921384567 -0.210862839786 -7.31442991682e-16)
(0.0237728221898 0.0638008706813 0)
(-0.134847302469 -0.0184382352694 0)
(-0.0933327191875 0.120321810928 2.22623751456e-15)
(0.0242172351718 0.0761682160731 0)
(0.0427247620911 -0.207515745382 0)
(-0.2058240904 0.321105051333 0)
(0.0584854780534 0.20443705156 0)
(0.0586355439861 0.17563872331 0)
(-0.0359026650922 0.380858374334 1.03281566901e-15)
(0.020840267301 0.00413801156008 2.75804610782e-15)
(0.191536606504 -0.105286990454 1.99566651909e-15)
(0.162327566049 0.0142289990977 0)
(0.0621934063495 -0.201611072288 0)
(0.154952990686 -0.143745207105 2.66887548165e-17)
(0.0468505761079 -0.231240220981 -2.11716848912e-15)
(0.0363295560662 0.134283031706 -2.30431904901e-15)
(-0.106103482493 -0.171190260752 -2.17644013254e-15)
(0.130496366467 -0.0312472386302 0)
(-0.2527348238 0.0107765922686 3.43962161451e-15)
(-0.400542188527 0.0749104309891 2.76121818995e-16)
(0.0451089819984 -0.27489590128 2.81122750796e-15)
(-0.11651390586 -0.19479657668 -2.08301460416e-15)
(-0.223486175341 -0.245047917651 1.20391935327e-15)
(-0.164350225942 -0.26431257461 0)
(-0.228840404255 0.0221961123253 -1.81823291836e-15)
(-0.31661459744 0.0904947363488 1.18006646579e-15)
(0.0473590986858 0.141119195049 0)
(0.137680857569 0.294397358928 -1.25839323884e-15)
(-0.20912368624 -0.156667455703 0)
(0.123017049927 -0.226253328477 0)
(-0.275406931526 -0.164605744598 0)
(0.204666674716 0.0218916344778 0)
(-0.301909375036 0.217731114564 1.00084761265e-15)
(-0.244972640603 -0.194673583507 0)
(0.0248389963256 0.101311661749 0)
(0.0257496594759 0.182676352973 -2.11025639858e-15)
(0.0584169060046 0.134561088446 0)
(0.103237362067 0.219058427332 1.76609616304e-15)
(0.281280430179 -0.00718924833228 0)
(-0.261921358373 0.140458791161 2.14745816204e-15)
(-0.250180651367 0.160538698265 0)
(0.284855371634 0.0780777388708 1.67892393887e-15)
(-0.298808492015 0.0692867686862 0)
(-0.0822901192727 0.113599850443 0)
(-0.0819462659469 0.0369532361697 2.54955278272e-15)
(-0.2858163809 0.088800561987 -7.25322433786e-16)
(0.296859358785 -0.0807699703919 -1.47806960744e-15)
(-0.217056657858 0.0278084898924 8.68976600689e-28)
(0.196046676267 -0.0389384680176 0)
(0.0251191038322 0.114280918284 0)
(-0.180434726289 0.00759533511615 0)
(0.0308654887656 -0.102958625464 0)
(-0.220765443224 0.11726859528 1.66830411777e-15)
(-0.145892769946 -0.0120623567084 2.2924650189e-15)
(0.00827215011076 -0.0263112706996 -4.59425731487e-18)
(-0.228234408976 0.00956529619715 0)
(-0.00855487610666 -0.107933701484 0)
(-0.0928364607476 0.0809946928007 3.65621850521e-17)
(-0.19009470949 -0.0486988178131 -2.01258701447e-15)
(0.0199756559995 -0.0077845011765 2.79036856884e-15)
(-0.103622186974 0.0748094560461 2.36672281153e-15)
(-0.257562230252 0.0862286282772 7.90217204306e-16)
(-0.112936540593 0.359424513794 0)
(-0.311298111239 -0.258708611679 2.57053312542e-16)
(0.0585478199532 0.161689447978 0)
(-0.269397133834 0.0676982226734 -1.54608588943e-15)
(0.0589550086138 0.357183224527 8.09489968461e-27)
(0.105726051206 -0.0340927243384 4.68661054542e-27)
(-0.149497855703 0.115010385058 -2.06229743476e-15)
(-0.0776433863309 -0.296394775851 -8.95532823495e-16)
(0.282882792796 0.10064687537 0)
(-0.0463790596556 0.373447940082 -1.03281566901e-15)
(-0.244142032753 0.0792817018504 -1.72090468118e-15)
(-0.0981545994188 -0.243918419936 0)
(-0.138206314854 0.121283805226 -4.50528594053e-17)
(-0.299732200248 0.0829656991572 7.30686053942e-16)
(-0.0350940875148 -0.214798409679 -2.29656540455e-15)
(0.15046205191 0.0295024748362 0)
(-0.245418390139 0.105137829964 -8.66352239616e-16)
(-0.202084617966 0.281852174796 0)
(0.149428631877 0.0186314137989 2.4423520517e-15)
(-0.0828592675635 0.328188530169 -5.32455139658e-28)
(-0.0487683050043 0.320022139058 0)
(-0.0422203690576 -0.190686119538 2.35790540217e-15)
(-0.0601390425115 0.291934293693 -6.93149913369e-28)
(-0.143905559624 -0.265305898514 -1.5736809086e-15)
(-0.173930058498 0.15592518496 0)
(0.115301677524 -0.0495016935462 2.53324422323e-15)
(-0.243444547654 0.0665786624907 0)
(0.163954152094 0.0355328715715 -2.11343331211e-27)
(-0.383980010896 0.129024736085 0)
(-0.214635252715 0.153227855157 -6.28952106614e-19)
(-0.217603175551 0.0404742307624 -1.86468083798e-15)
(0.0470123099441 0.114693034246 -2.19792828912e-27)
(0.236339463888 0.0533659194826 0)
(-0.181121550583 0.278324195909 1.17032384197e-15)
(0.150002613536 0.268130014053 0)
(-0.195635189473 0.303438120104 -4.15290593996e-28)
(-0.323188404039 0.133228322325 -1.84100070165e-17)
(-0.193978512307 0.317208866992 4.15290593996e-28)
(-0.155263803273 -0.24114571267 0)
(-0.165739219278 0.343214081407 1.25432878027e-27)
(-0.0884642883651 -0.269108801424 -1.83627290901e-15)
(-0.389681895163 0.116263310447 3.41496036053e-16)
(-0.0938059128622 0.352973235641 -1.02752509192e-15)
(0.10023739083 -0.0684803329087 0)
(-0.251837912159 0.213238921216 0)
(0.206816982131 0.0634428008891 0)
(0.22062996144 0.0378553631477 0)
(-0.347451592606 0.0543041855742 0)
(0.0576898335053 0.0958050822941 2.42823140096e-15)
(0.058183426557 0.121380100386 0)
(-0.172810955244 0.115691732375 -3.87277957637e-15)
(-0.0820538538416 0.345959670189 5.32455139658e-28)
(-0.156559775099 -0.0305372417502 0)
(0.249749208128 0.0096127263796 0)
(-0.230103366917 0.0471030068299 1.86468083798e-15)
(-0.107219198074 -0.218851518651 0)
(-0.257700556582 0.267954418371 -6.68259299326e-16)
(-0.106522360165 0.327629296148 1.15382494148e-15)
(-0.161303985068 0.121936251756 1.96344636425e-15)
(0.35640316028 -0.0578452026272 -1.36385394945e-15)
(0.0312773833554 -0.328436211207 1.34175091243e-15)
(-0.107238001527 -0.252321286328 0)
(-0.103062573583 -9.68419640804e-05 2.29912863949e-27)
(0.220407697424 0.102251557091 -9.36362078462e-16)
(-0.0265205544499 0.357579048313 -2.58503997908e-28)
(0.150419054583 0.251145102146 0)
(-0.21343788393 -0.0479392591816 -1.87027199273e-15)
(-0.0558220631014 -0.105327427704 -2.93202141334e-17)
(0.0361030314379 0.120991179129 0)
(0.164735953676 0.0464086766357 2.11343331211e-27)
(-0.114730728592 0.0813274693393 0)
(0.221230208667 0.0689060506561 1.96332657688e-18)
(-0.126662907247 -0.219108424117 0)
(-0.215173582511 -0.00979729009414 0)
(-0.341251601857 0.153593995459 -3.92387484502e-16)
(-0.103673103528 -0.0748339376925 -2.52995005599e-15)
(-0.287258933468 0.101405042794 1.12223394759e-17)
(-0.206376464267 0.0588520136627 -6.3900170109e-17)
(-0.156769675655 -0.0180495323838 -4.52361947684e-15)
(-0.0732223823109 -0.0551488599872 -2.67764340793e-15)
(0.119863569192 -0.087793538533 0)
(-0.260710236498 0.126237192957 0)
(-0.345495834023 0.194563223674 0)
(0.218152258856 0.00775684663361 0)
(0.342308072681 -0.0641781104093 -1.98807439233e-15)
(0.268049518395 0.0630988671129 3.023038158e-17)
(-0.0942571671254 0.319202926496 0)
(-0.157814791738 0.0193440844692 -2.0417308679e-27)
(-0.200529719437 0.327550973382 0)
(-0.0647352769808 0.382730139784 -5.9539046792e-16)
(-0.181747598137 0.324963355796 -1.46667793249e-27)
(0.0460232393726 0.076855422898 2.53830965504e-15)
(0.360019922899 0.105661818174 -4.03631079678e-18)
(0.346413490498 0.113938798463 4.32074296645e-18)
(-0.117505619443 0.266261612411 0)
(0.299439471195 0.149183754164 0)
(-0.195579086856 -0.37327172284 0)
(0.192075913855 0.304785130247 0)
(0.126367267848 0.303040289477 1.25839323884e-15)
(0.0475506113144 0.182735470086 0)
(-0.205845794642 0.0461658196281 0)
(-0.232408558147 0.250514617845 -1.12532290857e-15)
(-0.038863366391 0.226437117779 0)
(-0.232334752741 0.0980708798443 3.39874449982e-15)
(-0.0827938113472 -0.0368220221715 0)
(-0.251570381834 0.238708865371 0)
(-0.17809300388 0.244975768937 -5.68603460272e-17)
(-0.0946480969382 0.300683677792 -1.38065237298e-15)
(-0.255824587258 0.0610676369071 0)
(0.170423644567 -0.127596749964 -6.08824850226e-17)
(-0.0957228273498 -0.148566226161 0)
(0.0352131252863 0.0826553144674 -2.53830965504e-15)
(0.199397597518 0.249050636742 -1.24589278032e-15)
(-0.252832719427 0.289615760518 -2.35230135716e-28)
(-0.181655094818 -0.407050582851 0)
(-0.220243175456 0.104029787088 -3.53112475884e-15)
(-0.156070005105 -0.0558192443913 0)
(-0.230688203123 0.0598341995719 0)
(0.00728261485088 -0.216778447883 -1.16163023815e-15)
(-0.000461286233979 -0.209684454155 2.31694301673e-18)
(-0.195134931393 0.077500745985 3.89019703094e-15)
(-0.319001472867 0.103268928793 5.99396163416e-16)
(-0.290293766703 0.221087146866 -3.160606595e-16)
(-0.209451962377 0.218962121202 0)
(0.106749589574 -0.241483826412 1.40673166465e-15)
(0.0731384085526 -0.0962487163277 2.55078891097e-15)
(-0.299677818756 -0.0900732549764 1.95380177388e-17)
(0.0696149649083 0.141342065701 2.23611534125e-15)
(-0.400717487021 0.0900312648743 -2.77318798198e-16)
(-0.268999427094 0.246731417703 0)
(0.221252197439 0.27432431309 3.58951312041e-28)
(0.0696326500154 0.182705947692 0)
(-0.105175518386 0.18252914665 0)
(-0.193249721944 0.271330589087 -2.27807359482e-15)
(0.348983749669 -0.0645835870814 6.75579973517e-16)
(-0.222095453125 0.144043422982 -1.65826182633e-15)
(-0.208736998392 0.123323634919 -1.79419341319e-15)
(-0.209317279464 0.136788307704 1.65822363083e-15)
(0.0437368623738 0.0288443069197 2.70920839735e-15)
(-0.178543334292 0.335525796522 1.46667793249e-27)
(-0.107138086728 -0.202606220944 2.08301460416e-15)
(-0.0792185614194 0.374439918225 0)
(-0.0935299637325 -0.0682476039332 2.52995005599e-15)
(-0.325755207871 0.146791908249 -1.13321292037e-15)
(0.192171071624 0.102882927988 1.9882727136e-15)
(-0.233651495907 0.124325368628 -1.66867096692e-15)
(-0.283566382225 0.0623812857765 1.54608588943e-15)
(-0.0827768664726 0.291811882212 1.38065237298e-15)
(0.0918082333855 0.242712711436 1.64595090719e-15)
(0.268397489164 0.0538070041674 -1.99499581761e-15)
(0.110930440907 -0.12530086283 -2.31807440284e-15)
(0.022824050911 0.0396979637921 4.92081344725e-27)
(-0.0509347674277 0.0498778649068 1.27752721902e-18)
(-0.190419067548 -0.0360038869312 2.03046769452e-15)
(-0.194649779444 0.0646503096795 1.96091046548e-15)
(-0.223031498642 0.158166318085 -1.5746646114e-15)
(0.0481471873909 -0.0461118507278 0)
(-0.248094702259 0.259442890175 0)
(-0.103360385495 -0.049577492795 0)
(-0.217999436267 0.312889469379 0)
(-0.166049235166 0.251878570647 1.36377482238e-15)
(-0.0819925330616 0.0745991257804 -2.40328499657e-15)
(-0.250004442164 0.280045969548 3.585840898e-16)
(-0.183512290868 0.0834312193311 -1.97554985686e-15)
(-0.193503062984 0.0394205175809 0)
(-0.270573291382 0.0804727391979 -7.88288443985e-16)
(-0.364652734105 0.0373931600528 -6.29156318136e-16)
(-0.145919490801 -0.21842687548 0)
(-0.126335597707 0.10109818606 -4.37053551241e-17)
(-0.115551313039 0.120727347049 0)
(-0.274227985288 0.120546959524 5.70038387094e-18)
(-0.271319327911 0.271236162547 0)
(-0.340919570708 0.169661655812 -5.54308026234e-16)
(-0.103930602264 -0.0876521666756 0)
(-0.184793217739 0.122610878095 5.5547937288e-17)
(-0.0932597967277 -0.0556794768271 -1.16682139405e-27)
(-0.314488110095 0.0633560085079 4.48881379833e-17)
(-0.106423513878 0.37292391587 5.01973932753e-28)
(-0.189214000003 0.221914999988 1.43617165532e-15)
(-0.149119412862 0.101748997816 -2.13105551532e-15)
(-0.207201824981 0.324121549215 -2.13722896466e-28)
(-0.177059488639 0.228506079238 5.21399067208e-17)
(-0.11378762395 -0.0685701503108 0)
(-0.0713095076806 0.0808647550167 4.3971762332e-27)
(0.15168338632 0.0514086685342 2.37429169518e-15)
(-0.095287719024 -0.134423885794 0)
(-0.353656594274 0.173906958213 1.08663715027e-15)
(0.0853707031393 -0.0883239893871 -5.0612377829e-15)
(-0.114975321765 0.0943799606097 -4.08648180317e-17)
(-0.0714524805198 0.300700320622 6.16253314259e-28)
(-0.328503461545 0.176623631395 -1.03770432421e-15)
(-0.0713373074466 0.0938288658803 -4.39717623321e-27)
(-0.192996259645 0.0268125121913 0)
(-0.115808002396 0.134274520508 -2.10932860095e-15)
(-0.0819542972932 0.0618466766237 4.96029827954e-15)
(0.188712658897 0.00563946540417 0)
(-0.1723921036 0.102498949485 5.36849871942e-17)
(-0.126641120848 0.114396105203 2.10735029416e-15)
(-0.29578300408 -0.197001049905 4.09129477021e-17)
(-0.127527923288 0.15495909555 -1.98352914788e-15)
(-0.338599911894 0.205368581404 0)
(-0.105744428085 -0.156341923993 -1.0209625331e-27)
(-0.1960762613 0.103241625175 -1.86014800943e-15)
(-0.191854014794 0.0017842642206 1.88321141536e-27)
(-0.104256988005 0.113914448923 -2.22623751456e-15)
(-0.262385760308 0.288381583853 2.35230135716e-28)
(-0.189335240174 0.202546460193 8.61793961958e-17)
(0.107374804217 -0.0227568977853 -2.55588823406e-15)
(-0.0717497121222 0.161172247302 -3.78808140358e-27)
(-0.0714842183699 0.120087300586 2.31765727569e-15)
(-0.207388310146 0.0842557577982 -3.7678219705e-15)
(-0.208161427085 0.280337666411 2.15671251029e-15)
(-0.0603873509948 0.274182749931 1.57893088614e-15)
(-0.230324159468 -0.169750300365 6.60606391703e-28)
(-0.221400652419 0.302483579209 0)
(-0.0938354146763 0.161357538405 -3.18518626003e-17)
(-0.071089627175 0.31928100478 -6.16253314259e-28)
(-0.104727490462 0.140804012934 2.10932860095e-15)
(-0.197924782196 0.156729033136 -1.69423861653e-15)
(-0.0828288227197 0.274103607112 -2.88771348631e-17)
(-0.103470175928 0.0620030787272 -2.42500370403e-15)
(0.321844401238 -0.0789870821442 0)
(-0.0466684680256 -0.111344716329 2.63916113193e-15)
(-0.197320776502 0.142992713541 -1.77810285575e-15)
(-0.181425886519 0.295401437672 1.02586044032e-27)
(-0.104922705217 0.154609686822 -2.05628672478e-15)
(-0.244631278708 0.29819744736 0)
(-0.242720227816 0.300193871547 0)
(-0.307267093775 0.222822302054 0)
(-0.102988993501 -0.31619103077 1.43544024644e-15)
(0.170605295517 -0.122696911382 -2.50875355003e-16)
(0.278732498436 0.134967070957 -8.45950073101e-16)
(-0.0270547784554 0.32045523798 -1.35468373095e-15)
(-0.238609902896 0.304256686167 0)
(0.0572658435812 0.0833355086493 2.50216778398e-15)
(-0.028089437539 0.219031699552 -8.8464546475e-28)
(-0.0939606403054 0.175423877307 1.99148552651e-15)
(-0.116256777438 -0.179280978115 2.17644013255e-15)
(-0.192312405016 0.254113980325 -5.5184999921e-17)
(-0.180748425012 0.337090843528 0)
(-0.19651225966 0.116402307469 3.64797868801e-15)
(-0.271995220535 0.231661345599 0)
(-0.219269331031 0.078398699701 3.64042182928e-15)
(0.0366593896592 0.175612586244 2.11025639858e-15)
(-0.038262561851 0.292199899226 1.50074471591e-15)
(0.0063192012979 -0.146828314171 -2.58164159694e-15)
(-0.210661417729 0.164200498059 1.574591546e-15)
(-0.0387629024208 0.241833659265 1.76308089152e-15)
(-0.137450471264 0.094937648041 -4.67288968426e-17)
(-0.215827505289 0.224576549781 -1.31950872527e-15)
(-0.278477558798 0.258628280317 0)
(0.107300616785 -0.139033105352 2.19986954185e-15)
(-0.214391814514 0.208421789791 -2.80814390683e-15)
(-0.220239393294 -0.148806541947 7.31394253468e-28)
(0.279999986466 0.190001302054 0)
(-0.0281704029529 0.204178817436 8.8464546475e-28)
(-0.0173884741713 0.196967449667 7.50403580267e-27)
(-0.211677158535 0.178679916836 -1.54171397285e-15)
(0.273101768272 0.175133447198 -1.17275964244e-15)
(-0.113695662516 0.0060576448639 0)
(-0.207833189017 0.296025168131 0)
(0.112822668061 0.0328633336313 -4.55513951674e-27)
(-0.0718099059058 0.175316678358 3.78808140357e-27)
(-0.0495669468913 0.249569290324 0)
(-0.0925818287474 0.00602719463375 2.58367606985e-15)
(-0.0176444867575 0.140407233341 -2.31063896004e-15)
(-0.207881283827 0.0972073056935 3.65774486263e-15)
(-0.231758504381 0.085004808037 -6.63423516828e-17)
(-0.0715031586023 0.26572832945 -2.65431417872e-17)
(-0.0926134976221 0.0556857672409 -3.78364456316e-17)
(-0.200402470414 0.199855229762 2.93009778113e-15)
(-0.028485458591 0.12010159012 2.37701809077e-15)
(-0.0826950368164 0.154355981126 2.08813858738e-15)
(-0.0830807601199 -0.0492229453016 0)
(-0.0307281414383 -0.15145278065 0)
(0.0690314485096 0.102357458786 -2.42823140096e-15)
(-0.21880657911 0.0655603108166 -1.89701029537e-15)
(-0.0836991265941 -0.0743409455056 0)
(-0.0174570769745 0.182459185164 -7.50403580265e-27)
(-0.199308153192 0.184841088498 1.54171397285e-15)
(-0.0494275525711 0.265963684677 0)
(-0.227009303909 0.313404456716 0)
(0.353860830509 0.0989998322878 -1.09640158275e-15)
(-0.160452486012 0.0956465519752 -2.02998348926e-15)
(-0.0715756970217 0.249359471319 -1.68277637689e-15)
(-0.183959610847 0.0964317686192 1.97629850207e-15)
(-0.324461709301 0.226012127833 -9.04675906917e-17)
(0.0778235169893 -0.174186642306 3.7298494159e-17)
(-0.233510112366 0.29462021225 0)
(-0.185209688039 0.135965810608 -5.63550867916e-17)
(-0.0891709132908 -0.252468325312 0)
(-0.0278366501407 0.249823724925 -3.53710797249e-15)
(-0.0175651387086 0.154254605292 0)
(-0.11626091992 0.161647241796 1.98352914788e-15)
(-0.164083795359 0.22015478293 -3.02791736442e-15)
(-0.0384308758828 0.274469883518 -1.63563273038e-15)
(-0.204624402923 0.247568456132 -1.25172947643e-15)
(-0.118580809918 0.31892724157 -1.15382494148e-15)
(-0.0283159648934 0.161126907475 0)
(-0.255205948454 0.0481783208614 -1.72579306974e-15)
(-0.188133562498 0.206217044373 -1.49536352901e-15)
(0.215162385914 -0.0210842220053 -1.21698806826e-16)
(0.0422422247046 0.00554930227488 0)
(-0.0853832454391 -0.126999559859 1.13026853313e-27)
(-0.210386432369 -0.12826756162 -1.75492940581e-15)
(-0.11645566153 0.1756097097 0)
(0.227232367789 0.262725059956 -3.58951312041e-28)
(-0.165419249908 -0.300922868643 0)
(-0.0171375143892 0.242056988055 1.77402708098e-15)
(0.0702310708137 0.330896833463 2.8324484417e-17)
(-0.241534810697 0.0289008104605 3.56623161632e-15)
(0.165399014381 0.068522727247 0)
(-0.282875553755 -0.28066137142 0)
(-0.203312824898 0.230776389742 1.31950872527e-15)
(0.0563962684491 0.0590730751741 0)
(-0.0138344898451 -0.276758676672 0)
(-0.329645742069 0.213243625188 -5.35467691833e-16)
(-0.317073305213 -0.0696177204594 -6.04378708829e-16)
(-0.0277022879002 0.266211918827 1.63563273038e-15)
(-0.22137580784 -0.295493398568 -4.23711089725e-18)
(0.209110237591 -0.0964546906775 0)
(-0.0178533293969 0.113638616272 8.86374809645e-27)
(-0.0284100529703 0.133604718223 0)
(-0.0944689612786 -0.107075294818 0)
(-0.117128621935 -0.227164015655 -8.63612181632e-28)
(-0.0605943742493 0.241625158308 0)
(-0.0941388276708 0.265835299595 -1.52351060949e-15)
(-0.124223584865 -0.0123793324493 0)
(-0.232418781903 0.203588568718 0)
(0.0475355005451 0.226972805269 0)
(-0.0172387497994 0.226626361136 0)
(-0.0828094800726 0.241478949123 1.68277637689e-15)
(-0.114253984085 0.0559271317717 1.08518594721e-27)
(-0.138532309093 0.134770199756 0)
(-0.0980022665545 -0.226952421514 -2.07584478038e-15)
(-0.12726449353 0.141241783638 0)
(-0.117165763393 0.249605326844 -3.78965099748e-17)
(-0.0282703378179 0.17532780174 0)
(-0.126509222343 -0.203063609383 1.97211943452e-15)
(0.188137839167 0.225916745721 0)
(-0.1256744052 0.0752300781264 2.23956206431e-15)
(-0.272374709419 0.277808519445 0)
(0.255873742508 0.228124547469 0)
(-0.139059275686 0.162021279809 0)
(-0.0929021509787 -0.0308482055559 -2.56168932266e-15)
(-0.25611653682 0.289279432393 0)
(-0.0287034063316 0.0939971929611 0)
(0.229913693955 -0.0778503324608 9.42796868137e-16)
(-0.0183966332341 0.075092710636 0)
(-0.127856481601 0.182745458521 0)
(-0.104498663523 -0.114146567282 2.3940930072e-15)
(0.0799146258747 0.0840335878471 0)
(-0.0167921458591 0.274800341751 0)
(-0.164070060426 -0.248747981959 -1.50822524709e-15)
(-0.104044741547 0.100617641757 2.26235458532e-15)
(-0.297364396514 0.246335094751 0)
(-0.0481371481344 0.356555062199 1.18308678206e-15)
(-0.0186709585062 0.0625372451649 0)
(-0.0828564640427 0.18240248583 -1.99148552651e-15)
(-0.0288688662152 0.08115186214 0)
(-0.0792603840111 -0.279377382871 -1.93627404499e-15)
(-0.219860908058 0.25689826566 1.12532030566e-15)
(0.299775567667 -0.0844045169099 0)
(-0.231167508678 0.233815069757 0)
(-0.242151789979 0.0415766666888 1.72579306974e-15)
(-0.307706741355 0.24376168898 0)
(-0.0512204356913 0.00667456204711 0)
(-0.0180066281105 0.100516076034 2.48023498337e-15)
(0.186796255452 -0.117604425088 -1.92127714475e-15)
(0.100431134782 0.0265570016655 2.57928870878e-15)
(-0.290541847851 0.258914405339 0)
(-0.106028654553 0.292039026194 -2.55406936687e-27)
(-0.0925679726973 0.0430908660009 -2.47411584021e-15)
(0.0889001830073 0.0314735831889 -2.57928870878e-15)
(-0.311347705609 0.166607637531 -8.69997500984e-17)
(-0.105471404734 0.241555098105 3.20862948343e-15)
(-0.15095998129 0.183088669585 1.57400421016e-27)
(-0.014641146321 -0.0642706628722 0)
(0.0301502764504 -0.0127622981202 0)
(-0.168658147497 0.318695271782 0)
(0.0697510301199 0.154842443718 0)
(-0.179475088105 0.23216968484 0)
(0.0338146156413 0.0460895855718 0)
(0.189080175847 0.195033676186 0)
(-0.125407173858 0.0623793482539 -2.29297823649e-15)
(-0.121448760256 0.369701006432 0)
(0.165527180146 0.103266599936 2.14482795533e-15)
(0.178969252825 0.097161883698 -3.21512145263e-20)
(-0.137104756042 0.0818667374324 -4.43143303901e-15)
(-0.31436089374 0.231213247592 0)
(-0.285890035651 0.209269720685 -1.00214466163e-15)
(-0.288050485051 0.23673638755 3.10053164485e-16)
(-0.304220907942 0.123903436417 -4.17977747054e-17)
(-0.161673014068 0.13533481014 -1.93745639378e-15)
(-0.14532630288 -0.0495590915062 0)
(0.00941224300555 -0.119062389419 0)
(-0.290095299565 0.262891961506 6.12901741849e-16)
(-0.0972279724398 -0.294149987524 1.66066399882e-15)
(-0.306396012126 0.24555533791 0)
(-0.162645407972 0.176352953954 0)
(-0.157275297365 0.102703510873 -3.71235561025e-17)
(-0.118672829018 0.149982411593 9.4056912174e-18)
(-0.105936305096 0.274321374901 2.55406936686e-27)
(0.0693560125958 0.115100536572 0)
(-0.0725484195304 -0.0304533862982 -2.68384121083e-15)
(-0.0940810885595 0.24931829024 -1.62206430323e-15)
(-0.204614666497 0.0210761541264 0)
(-0.272228108764 0.215073462801 0)
(-0.298205181607 0.188202607628 -1.11246100462e-15)
(-0.118575152355 0.301130746188 -5.53079340037e-28)
(-0.114084721486 0.0432831426845 -1.08518594721e-27)
(-0.139333074011 0.175898440863 0)
(-0.188137429618 0.335687465041 0)
(-0.104846797668 -0.127734646037 2.33320798449e-15)
(-0.260498777754 0.279948976732 7.66209773774e-16)
(0.069650233932 0.197020915509 0)
(0.19463831889 -0.123366151762 3.50903543547e-17)
(0.04946709013 -0.112960775297 2.56543291057e-15)
(-0.0372608520591 0.348584807733 -1.18308678206e-15)
(0.178192229233 0.121262790192 0)
(-0.371643524727 0.120807092799 0)
(-0.108976423465 0.359134306679 0)
(0.281836235697 0.111054139562 7.26534097394e-16)
(-0.0404383569378 0.0251891104341 0)
(0.0544409462034 0.0237188068185 -2.66967090382e-15)
(-0.0273094443053 0.301353633455 -3.01245477548e-15)
(-0.0676201674506 -0.306094320505 1.58545441885e-15)
(-0.02724048047 -0.222407924432 1.14693486046e-15)
(-0.180871225637 0.020118741474 2.14617766249e-15)
(0.0181820812047 -0.0313291389526 -2.80011802086e-15)
(-0.296776471706 0.255860271022 -7.50454453218e-16)
(0.0290892166318 -0.116274097301 0)
(-0.0736321284292 -0.0676731945517 2.6567778641e-15)
(-0.0395048642489 0.0747581369032 -4.65112771868e-27)
(-0.155541742428 -0.226030741285 0)
(-0.136373338893 0.0563889982243 4.97493619663e-17)
(0.0683694030936 0.0775932221822 -2.50216778398e-15)
(-0.235301633058 0.281489612486 9.13646808837e-16)
(0.369791296064 0.0997289873904 0)
(-0.134494213169 -0.411798549065 2.18425568531e-15)
(0.0803475552394 0.0963646661738 0)
(-0.0295848030332 0.0437869348729 2.65367818286e-15)
(-0.280352878218 0.273250761867 -6.12901741848e-16)
(-0.0504432738037 0.0433556101645 0)
(-0.0411546169203 0.00100844313867 -1.24488856647e-27)
(-0.261712689548 -0.206166412946 1.08587511676e-15)
(-0.329515459278 0.0471113682206 1.30457044295e-18)
(0.267271154501 0.0841694370454 -2.14285466564e-19)
(0.284588101133 0.0197293558992 0)
(-0.0193124700396 0.0380602256415 -9.82268976045e-27)
(-0.220471559866 0.273460517734 -1.04896275744e-15)
(-0.033997063576 -0.197838211985 -2.39595741926e-15)
(-0.2647626391 0.00554327462132 -7.88524314523e-17)
(0.201917646384 -0.0729436023446 0)
(-0.19998370803 -0.107877768751 8.55424879301e-28)
(-0.284336309327 0.193859723797 1.11254866039e-15)
(0.00638505631168 -0.0502281215956 -1.01618199621e-26)
(-0.159086543219 0.0570656167051 -2.19163020865e-15)
(-0.300106186358 -0.103761723128 1.23395100966e-15)
(-0.103104727757 -0.0124502228509 -4.6868771708e-17)
(-0.103206501565 0.0370020084588 2.47411584021e-15)
(0.0807518457768 0.121724123402 0)
(-0.0717994414912 0.00623511109187 -2.62265455038e-15)
(0.174194078446 -0.000522114869695 2.35749524581e-15)
(0.164691941717 0.140566252081 1.9273830025e-15)
(-0.303434548363 0.109449632435 -6.04565900156e-16)
(-0.247579391729 0.274203438874 -9.13646808837e-16)
(-0.147884497626 0.0629788015796 4.43485908316e-15)
(0.127577745346 -0.223972162983 0)
(-0.0292900075185 0.0561874420047 -1.19824642957e-27)
(-0.272059573273 0.271465050805 -7.66209773774e-16)
(-0.297163712822 0.172663348964 1.12561343371e-15)
(0.345981812366 0.10940646324 1.13255815091e-15)
(-0.0378213754376 0.329413608459 1.35468373095e-15)
(0.192021183477 0.114728861544 0)
(0.0557503003408 0.0471161318992 0)
(-0.0166810458693 0.29255963008 1.51171005957e-15)
(0.175832528612 0.202988290986 1.6166186084e-15)
(-0.309335576974 0.152074544926 1.14112053786e-15)
(0.151559999266 0.160728318502 1.9307778666e-15)
(0.150675709448 0.203449921631 -7.44410941272e-28)
(-0.232579724307 0.218317804562 6.93126565397e-29)
(0.0678212878836 0.0654807276537 1.1483760826e-27)
(0.0260212186544 -0.256636035106 0)
(-0.169307010565 0.302894379774 0)
(-0.279844627643 0.163467223996 0)
(0.152465442264 0.12176736945 -7.44733937105e-27)
(-0.170972155215 0.0637658585788 0)
(-0.13462713722 -0.0947164336956 -2.33257000218e-15)
(-0.114084170766 -0.0944267870848 0)
(-0.0509055343709 0.018927849099 0)
(-0.0394090633377 -0.145110549367 0)
(0.265993956245 0.00532131848389 -3.1652312355e-17)
(0.183126589583 0.28976399935 0)
(-0.166793596944 -0.115196797465 0)
(-0.00233482819967 -0.141082434487 -1.44768070344e-18)
(-0.094102614024 -0.0939527675591 2.54118802254e-15)
(-0.0212801165759 -0.0102776701204 2.78558842356e-15)
(-0.178220094078 -0.0682823854977 0)
(-0.171432756626 0.0766295842341 0)
(-0.16953160823 0.0259265093937 -2.14617766249e-15)
(0.0466909712712 -0.0581883942733 -2.51737477889e-17)
(0.316845168428 -0.0102566493606 1.55889078152e-15)
(-0.201074968918 -0.0677806479881 0)
(-0.136080449133 0.0437050587576 0)
(0.152286840437 0.0626122910658 0)
(-0.21574899395 0.00279932156723 -1.96876629768e-15)
(0.0444662383451 0.0407226205746 0)
(-0.181969105919 0.0451997193285 4.70763055584e-28)
(-0.11690967417 -0.243303441067 1.80996362867e-15)
(0.152646585802 0.0855520097899 0)
(-0.124871959924 0.037278713184 0)
(0.0241723800974 -0.212603553483 -8.72062389249e-18)
(0.0667217868853 0.0418435199517 0)
(-0.0396815441208 0.0621287726303 2.57823450565e-15)
(-0.020695065754 0.0018461914189 -2.7509323024e-15)
(-0.0123316372982 -0.149390024731 2.58309667663e-15)
(-0.148259822977 0.0758509536892 5.08073821128e-17)
(-0.114976954548 -0.1351221064 -2.33320798449e-15)
(0.267267881686 0.095100313064 2.13917211269e-19)
(-0.0502588599878 0.0558292469019 -2.57823450565e-15)
(-0.0401270895266 0.0374944990584 -2.65367818286e-15)
(0.103692699152 0.0968547071225 0)
(-0.0630697276248 -0.048604505197 5.38782760466e-15)
(0.0535437399306 0.01200526414 2.45607249888e-27)
(-0.160035348407 0.0825892802861 2.14106359259e-15)
(-0.0162212711173 0.329913336104 0)
(-0.00977738452287 -0.121404057168 -2.64847518797e-15)
(-0.00617142745155 0.266451905664 0)
(-0.115322486559 -0.149313803461 0)
(0.264609435564 -0.00376719581229 -2.05357967919e-15)
(-0.131528397234 0.32740007795 0)
(-0.00626360774818 0.250091869149 0)
(0.23332581315 -0.0673874035501 1.00179124524e-15)
(-0.283884377287 -0.237634601111 1.08251756463e-16)
(0.22129905067 0.0795979597657 -9.75808276911e-16)
(0.0291052829811 -0.0246630673058 0)
(0.269342784868 0.187392548648 3.49205879298e-20)
(0.154033926191 -0.194225200713 0)
(0.0412633729553 -0.00622546001251 2.74818681856e-15)
(0.276829365331 0.147120426227 -6.35686448418e-16)
(0.165739622825 0.0798472518767 -2.16618506511e-15)
(-0.312469303735 0.0524679019179 -7.93413483043e-16)
(0.200131270834 -0.152410240885 -5.76704887785e-18)
(0.017108950195 -0.0434026666647 0)
(-0.277767472738 0.14888157978 -6.90305703393e-16)
(0.050981647536 -0.279756201088 -4.98054295653e-17)
(0.279609330643 -0.0155094378717 9.70231008638e-16)
(-0.146769873685 0.0252229646498 0)
(-0.156007782177 -0.0685702119913 0)
(-0.145172857161 -0.0881068241941 1.02863521825e-27)
(-0.0245858189494 -0.326975984198 -1.05158227979e-15)
(0.163542259819 0.181250026749 1.72744706338e-15)
(0.0918084142389 0.226928782944 -1.76609616305e-15)
(0.0994089512504 0.0152160463481 -4.69190456841e-27)
(-0.317365131957 -0.0820663772779 1.13538850916e-15)
(0.165520407626 0.115305049331 0)
(0.0738994233387 -0.190352775328 0)
(0.0707838937544 -0.109174587982 -4.62750056892e-27)
(-0.3578947574 -0.02773766308 -1.3592516378e-15)
(-0.113642196044 -0.0559512073613 0)
(-0.103210151372 -0.0371300330651 2.56168932266e-15)
(0.07699507064 0.0251022999292 -2.64307561418e-15)
(0.0659212454903 0.0301189883247 5.312746518e-15)
(-0.113587479231 -0.0309879148613 0)
(0.0361712954089 -0.135058877359 0)
(0.332504225756 -0.0172817895099 -9.43146969931e-16)
(-0.0474405196922 -0.12484625641 0)
(0.0517201052948 -0.0110466732902 -2.74818681856e-15)
(-0.00562823932347 0.301787899332 0)
(-0.12408478345 -0.0750920707103 0)
(-0.0302713692142 0.0195239166492 -2.48089967168e-27)
(0.142482730201 -0.208211467871 -5.60011296259e-16)
(-0.393980129032 0.108064019053 -3.14264370441e-16)
(-0.124312067882 2.04464362746e-05 0)
(0.324796185074 0.144951660983 0)
(-0.0823839057708 -0.0122722666708 -2.60161102497e-15)
(0.0809594360454 0.134768933301 -4.44577867242e-15)
(-0.0840861724705 -0.0871144382438 -5.12505285209e-15)
(0.178892988498 0.0856401345658 2.16627017002e-15)
(-0.0616145998729 0.000400964627224 0)
(0.113288942973 -0.15679335226 2.11797096163e-15)
(0.0922690301916 0.115439214625 -2.2668547737e-15)
(0.152862000633 0.0973170142922 -2.14482795533e-15)
(0.0919729660333 0.102844154677 0)
(-0.155342503339 0.294065910401 0)
(-0.290511959889 0.129304260699 0)
(-0.211591745018 0.206242521173 -6.93126565397e-29)
(0.152393243733 0.134329141376 7.44733937105e-27)
(0.233558604959 0.00355842490798 0)
(0.23885819819 0.251780680157 0)
(0.0582649380231 -0.219479283841 -2.04342340042e-15)
(-0.11355748819 -0.0185933722356 -2.5106144878e-15)
(-0.124238442661 -0.0879728205916 2.33257000218e-15)
(0.0806624524211 0.204316891832 0)
(0.199167147316 -0.142723762337 -1.59292900116e-15)
(-0.0307182958989 0.00733691343479 2.7509323024e-15)
(0.202748897826 0.00170556657101 0)
(-0.0392799748677 0.100296513199 0)
(0.164484867729 0.153569944263 -1.83188228462e-15)
(-0.0286635027039 -0.123322682632 0)
(-0.345442560584 0.0297397562618 6.17492111428e-16)
(-0.146286398405 -0.203092869252 1.85181280259e-15)
(-0.162247022715 0.162471207663 0)
(0.0958487285039 -0.0922372145032 2.51045367916e-15)
(0.151369598154 0.174369893165 0)
(-0.0795956292887 0.382138641604 5.9539046792e-16)
(0.127498817871 0.0852189521292 0)
(0.0806478937827 0.219187864024 0)
(-0.292111270165 0.143947104736 0)
(-0.182445018674 0.0579171087411 -4.70763055584e-28)
(0.100545320213 -0.121784470546 2.3180555238e-15)
(0.230317715852 -0.12917643123 -6.37222096502e-16)
(0.167242831838 0.176258970608 -4.30942424361e-17)
(-0.260651023962 0.252725967887 0)
(-0.0160853115249 0.349426715945 0)
(-0.0822077478208 3.06368011956e-05 3.89784805299e-17)
(0.231241500836 0.171479587652 7.0814284675e-16)
(0.116185136607 -0.237985043882 0)
(0.1159321554 -0.232608331059 -5.81081994523e-16)
(-0.0849178603499 -0.11345895314 2.53612153297e-15)
(0.17767193294 -0.174925787434 1.28885035717e-15)
(-0.204089821354 0.00850935032449 1.96876629768e-15)
(-0.28683103537 0.251976775631 7.50448691431e-16)
(-0.274977148759 0.259882329293 0)
(-0.0795745618313 -0.243900716534 -2.04899006295e-15)
(0.209156563158 -0.14066792028 -7.74034609521e-16)
(-0.158494566187 0.251885351211 0)
(-0.38747979214 0.0889827268872 5.21563421917e-16)
(0.137983354523 -0.149046164527 3.96242496023e-15)
(0.0354674278623 -0.0653139973512 2.73903745958e-15)
(-0.0209598701629 -0.143311832321 0)
(0.125203814392 0.160537363989 -1.55420086476e-17)
(-0.122677643391 -0.140709009694 0)
(-0.316995317572 -0.259875348738 -2.80172470134e-16)
(0.115627470407 0.103208509338 0)
(-0.114345693961 -0.107605319184 -4.73434069386e-15)
(-0.0416033679834 -0.0111800425023 1.24488856647e-27)
(-0.150522743882 0.155388357887 0)
(0.171089302499 -0.178807297076 -5.76825807723e-16)
(0.0382748723598 -0.121203741691 0)
(0.171222084118 0.298836187847 0)
(-0.0927390512018 -0.0185019585424 5.15909428447e-15)
(0.0183984687638 -0.124363480536 0)
(-0.267778512729 0.0428525908501 7.8997120122e-16)
(0.0632256757945 -0.00449243548645 0)
(-0.220897643532 -0.134723813349 -7.31394253468e-28)
(0.00441515267033 0.242234103833 0)
(0.0589618321117 -0.117528423323 -2.56543291057e-15)
(-0.173033601855 0.319241014056 0)
(-0.00565159168689 0.320685944047 0)
(0.0166577270374 -0.138366618131 0)
(0.0269541179715 -0.0483029127358 0)
(-0.177058222292 -0.179794504826 -1.81275119399e-15)
(-0.0197393375589 0.0258363491716 -2.72655132624e-15)
(-0.230263258656 -0.15522952462 -6.60606391704e-28)
(-0.134557976231 -0.0686676370046 1.07051066677e-27)
(-0.0626392061465 -0.0362503241755 2.68384121083e-15)
(0.0256834262059 -0.0605164624754 0)
(-0.246351612525 0.118566418226 -1.56429320183e-18)
(-0.385383110911 0.111693083296 -2.55320868105e-17)
(0.163322328697 0.195647698277 -1.6166186084e-15)
(-0.243164646624 -0.178423859244 0)
(0.0500575206371 -0.254814161134 0)
(0.0438725816762 -0.249926407857 -2.0554153858e-15)
(-0.000904648082403 -0.127019009252 0)
(-0.103537524322 -0.301366913646 -1.58635937498e-15)
(0.123388525215 -0.159829494951 -2.01191150617e-15)
(0.127819849523 0.134704169547 -7.76487847375e-27)
(-0.0322983296522 -0.0288905870902 0)
(-0.0572196515926 -0.132421297193 0)
(0.165063728092 -0.140674963305 0)
(0.264217776439 0.13003293552 7.50183787517e-16)
(-0.314571349428 0.210402321959 8.21805424677e-16)
(-0.0761024708567 -0.133545041311 0)
(-0.210897014476 -0.114455313379 -1.74315326927e-15)
(-0.237726746249 -0.0339419163436 1.74325637262e-15)
(-0.165964555167 -0.217758607411 0)
(-0.212370127239 -0.0739965380964 0)
(-0.20917858465 0.182133334424 -5.76798647775e-17)
(-0.114660985948 -0.289763336977 7.83018360895e-16)
(0.176247545671 0.315403575413 0)
(0.016564533376 -0.2064506812 1.1565493142e-15)
(0.126930398728 -0.0532517239915 0)
(-0.0451743892545 -0.0852544052191 0)
(0.330706353979 -0.0239036063289 1.04755603395e-16)
(0.150509891006 0.218672748143 1.60282667424e-15)
(0.192242651536 0.293687657012 -9.07300035404e-16)
(-0.00575611230354 -0.266362956177 -9.1828157618e-16)
(0.0254367049731 -0.143714498258 0)
(0.226019048083 -0.119363448751 1.39498186478e-15)
(0.173189421663 -0.167564606214 0)
(0.248226476365 0.137369496545 -8.11262515078e-16)
(-0.145111336613 -0.0751516400437 -1.02863521825e-27)
(-0.13624739491 -0.195341424872 -1.97211943452e-15)
(-0.278811612158 0.0124170613026 -1.61123815345e-15)
(0.149001517868 -0.151383190313 -1.95051345406e-15)
(-0.18918578285 -0.0878397211521 0)
(0.210192475002 -0.0419639327094 0)
(-0.0662900255208 -0.12606338423 0)
(-0.0391363720207 0.140309312671 2.27453160524e-15)
(-0.156495840466 -0.180073258694 -1.87944311818e-15)
(0.182308660683 -0.16633119935 -4.21325860058e-17)
(0.25959002361 0.169323160342 0)
(-0.155865652829 -0.0948417519777 0)
(0.0809053780778 0.321843680554 1.29873137496e-15)
(0.23214228505 -0.108139590559 0)
(-0.174837297935 -0.240061847238 1.50822524709e-15)
(-0.150201997311 0.141767411257 1.93745639378e-15)
(0.170528708377 -0.155011158865 1.64182467557e-15)
(0.18742232066 0.241965931673 1.24589278032e-15)
(0.118229995855 -0.174975271601 -6.04214277437e-17)
(-0.341780039319 -0.187994413744 -4.053977197e-16)
(0.0872082888161 0.00879699344586 -2.64532585771e-15)
(-0.269541296814 -0.176172546232 -2.11616190465e-18)
(-0.0317103374114 -0.0167072618792 0)
(0.22884810254 -0.0255821940116 2.13083796525e-15)
(0.123737202944 -0.210036125029 -3.96964659599e-19)
(0.102513728264 0.0609624414855 2.44769015532e-15)
(0.181121300903 -0.154971680487 -7.13850966259e-17)
(-0.124030401756 -0.0371861063561 0)
(-0.380057674403 0.100090605272 0)
(0.223810888188 -0.0984218062585 0)
(-0.328940119192 0.0348435265068 -1.36222560507e-15)
(0.177076183737 -0.141871812512 0)
(-0.232252558112 -0.127101073365 -1.52401061387e-15)
(-0.0168148773121 -0.298649935767 0)
(-0.188632533736 0.180403029319 0)
(-0.200302762223 -0.0943895641888 -1.86921350746e-15)
(-0.13031464412 0.343320446144 0)
(-0.0245630901166 -0.188693553851 4.80340664064e-15)
(0.103648934027 -0.108633380687 0)
(0.0586737194413 0.373302125603 -8.09489968463e-27)
(-0.202901990057 -0.176303198761 0)
(-0.166878069696 -0.0750328054764 9.70387693867e-28)
(0.251907244929 0.068734560441 0)
(0.26513482153 0.118182252802 2.49642706245e-15)
(0.206764409858 -0.131523997791 -1.62809288561e-15)
(-0.0385131877885 -0.131007355452 0)
(-0.251085463222 -0.0140835146758 0)
(-0.166821096667 -0.172445929048 3.69219431217e-15)
(0.149078216924 0.301706930356 0)
(-0.125873088772 -0.171942144398 2.06579798e-15)
(0.16192651935 0.276032187233 0)
(-0.145340954036 -0.115005064746 -2.15996161584e-15)
(0.0760230851883 0.0135640904181 2.64532585771e-15)
(0.0997625905105 -0.16743997923 -2.11797096163e-15)
(-0.156407508428 -0.19510442091 -1.8518128026e-15)
(0.175525910346 0.21832291887 0)
(-0.0198117256339 -0.129221203674 2.64847518797e-15)
(-0.282494743395 0.0501312707295 -7.88713444402e-16)
(-0.265516799002 0.168769807109 0)
(0.244126558452 0.238452295894 0)
(0.203765362371 0.159208229194 0)
(-0.177849936868 -0.0947854429886 0)
(-0.0248256714331 -0.306785542899 0)
(-0.0519481902035 -0.0175574156858 1.24065296476e-27)
(0.0643073783733 0.0071123111031 0)
(0.0446408524063 -0.297028997794 -3.14050248806e-15)
(0.0806898366183 -0.113330190642 0)
(0.117551770529 -0.14235190245 -2.19985118551e-15)
(0.0779397110269 -0.126773462188 0)
(0.0903403827806 -0.16366155033 2.20952916327e-15)
(0.15844507547 -0.0175140074697 0)
(-0.211898520378 -0.0872342744935 7.33742426225e-17)
(-0.176693437232 -0.194558722576 -1.65167794145e-15)
(0.125440798854 0.320624262278 -1.16106006324e-15)
(-0.152880319688 0.243134336672 0)
(0.0152264110748 0.250327934394 0)
(-0.139685141956 0.334636765941 0)
(-0.325361172394 -0.21463501983 0)
(0.14697140012 -0.181336413733 -7.92470071728e-16)
(0.236507736509 0.0634390240984 0)
(0.158736791065 0.333418751753 7.6113605988e-16)
(0.199794424754 -0.11930514675 0)
(-0.296295489583 0.0449459691624 7.22966249311e-16)
(0.0380181877745 -0.0414335695388 -2.51826956922e-27)
(0.174847621351 0.250628509009 0)
(-0.00327246219285 -0.0451120871827 2.79985575381e-15)
(0.250728719996 0.101524342502 0)
(-0.125561711302 -0.157052235339 -2.14843231384e-15)
(0.0158910756537 0.30219107236 0)
(-0.317726121447 -0.111761116875 0)
(-0.00236617619269 -0.0329405699557 5.60716937592e-15)
(-0.154966228559 0.276437455386 0)
(-0.189390975262 -0.074689464818 0)
(0.261085715294 0.156216494628 0)
(-0.320976993647 -0.0288070593962 0)
(0.127979761421 -0.177425936878 -5.7415878974e-17)
(0.24510681203 0.177803221492 -7.06162389563e-16)
(0.17397574559 0.267280603497 0)
(-0.371797105588 -0.0596917002543 8.93168903262e-16)
(-0.175229222567 -0.224985248238 1.55173261651e-15)
(-0.134523300137 -0.055988752975 -1.07051066677e-27)
(0.00478714470351 0.275142326047 0)
(0.0941380851019 -0.148823870556 -2.29075756852e-15)
(-0.0458715424406 -0.279102626962 1.11415103702e-15)
(-0.147081335732 0.0377868933253 0)
(0.168381561601 0.313624614221 0)
(0.145308411067 -0.203182585501 1.18346464709e-15)
(0.00490776360119 0.292821077399 0)
(-0.264040222032 -0.00739347978354 -1.60327215827e-15)
(0.194453741738 -0.131099428783 0)
(-0.0392069222311 0.113477596346 -2.37701809077e-15)
(-0.169954227774 0.0385116578961 -2.17653825518e-15)
(0.0932073777482 -0.104906215438 0)
(0.0845081367666 -0.144904275059 2.29075756852e-15)
(-0.0619263733118 -0.0118471632866 0)
(-0.351018029519 -0.180583156205 0)
(-0.136183933108 -0.179907651009 -5.99211038725e-17)
(0.0625028384772 -0.266174508443 -1.52442002096e-15)
(-0.279807866284 0.0252294638853 -3.7150185067e-17)
(-0.0656891541343 -0.112543892706 -5.18482120024e-15)
(-0.361170429209 0.0130848400568 1.66505873275e-16)
(-0.0722460933163 -0.0181569367529 -1.21168579049e-27)
(0.087724064193 -0.130808596666 0)
(0.203740015465 0.172598167456 0)
(-0.146266035256 0.22227054139 0)
(-0.185608571369 -0.257766858801 -5.55236954444e-17)
(-0.253933439067 0.189899878784 0)
(0.050544539088 -0.0227944899376 0)
(-0.158684757076 0.044354415773 2.17653825518e-15)
(-0.267364700592 0.184274906448 0)
(0.217676939662 -0.109734966522 0)
(-0.0709874439826 -0.252404258749 2.05152505409e-15)
(-0.00557113053661 0.375304668997 0)
(0.0606781912772 -0.242314329087 -1.78601358631e-27)
(-0.124055547392 -0.0496843944408 0)
(0.160737170541 0.292851825799 0)
(0.01604215202 0.321230128722 1.3828831374e-15)
(0.104324807437 -0.186636542624 1.96566060636e-15)
(0.0695001739582 0.349333603693 -1.15580939232e-15)
(-0.322171330539 0.226579125681 6.20744145911e-16)
(-0.166234211884 -0.202635650699 0)
(-0.155953450027 -0.108184992398 2.15996161584e-15)
(0.0673689924761 -0.24666608441 0)
(0.170493242366 0.325068142124 -7.61136059875e-16)
(-0.0523915924314 -0.0298019370171 -1.24065296477e-27)
(-0.255605159507 0.205869207284 0)
(0.143449215788 -0.165521033106 -1.8480054143e-15)
(0.065561241085 -0.22390683564 2.04342340042e-15)
(0.247591241961 0.150027786366 -3.01515635387e-18)
(-0.224848365801 -0.053870900205 3.66625080897e-15)
(-0.257131406053 -0.171007214444 0)
(0.00559896258861 0.330270759187 -1.38288313739e-15)
(-0.0745156079761 -0.0932435605937 5.20685312504e-15)
(-0.357774072437 -0.040333120783 -8.32844196003e-16)
(0.226815800742 -0.0350877872143 0)
(-0.16683743429 -0.0880810825319 -9.70387693867e-28)
(-0.0967972422384 -0.178489173488 0)
(0.231935548491 -0.0061490790809 5.70417579733e-17)
(-0.232976481554 -0.113261983347 0)
(0.0392553501952 -0.0294819736493 2.51826956922e-27)
(-0.0100022470467 -0.219830281187 8.855586277e-18)
(0.0153523053354 0.266790323675 0)
(0.247735463993 -0.00956635528889 4.10456890486e-15)
(0.251693920718 0.0790085729297 0)
(-0.250309779728 -0.0269507287891 -7.61044279421e-17)
(0.250327100872 0.112731940833 -2.52173635517e-15)
(0.129448213971 -0.215395231596 5.53701390085e-16)
(-0.0766323567037 -0.147642393841 0)
(-0.412360979966 0.0575856031135 -3.24140316226e-16)
(-0.0443959762784 0.392045279134 7.06643135054e-16)
(0.162637177084 -0.187812207018 -5.78567709557e-16)
(0.395211498624 0.067535875522 -6.82448807285e-17)
(-0.05966731903 -0.391555529547 0)
(-0.24279993815 -0.133320508763 1.52401061387e-15)
(-0.344882376212 -0.206838830848 -1.0888933474e-17)
(-0.188536440948 0.168046078954 4.75794709886e-29)
(-0.0391153023722 0.154185572275 0)
(-0.124859964708 -0.128324099918 1.03780592381e-27)
(0.239999897884 -0.120192919829 -6.61391334764e-16)
(0.282608784647 0.0105507000123 0)
(-0.411047522443 0.0727575000172 3.29550279179e-16)
(-0.313715952112 -0.241549205177 0)
(-0.222902686553 -0.0934550007169 3.51561818019e-15)
(-0.124586453097 -0.114651517629 4.6226608275e-15)
(-0.33843642579 -0.0600399540955 5.90749174942e-16)
(0.153264421785 0.184812754201 1.35377861311e-17)
(0.201161211799 -0.00853828000435 -5.62990162033e-17)
(-0.224246553826 -0.0669502269115 0)
(0.245757789134 -0.0192622302623 0)
(0.195034275184 0.29409940716 -4.98325267357e-28)
(-0.344439556771 0.0182447937378 0)
(0.232088511907 0.158240210438 -2.93706758342e-18)
(-0.134796372657 -0.107972885656 -2.28241314084e-15)
(0.0953010976589 -0.183180061244 0)
(-0.0712217874733 -0.271011364157 3.90772133616e-15)
(0.147118012458 0.317872727874 0)
(0.29674769309 -0.0180355766234 -2.80306119365e-15)
(0.0658956270371 -0.13571387773 0)
(-0.0426124471791 -0.0354119699269 2.50556757318e-27)
(-0.0608483871552 0.182354845005 0)
(-0.331009482849 0.154300681124 0)
(-0.339209839035 -0.20376053294 1.03486319756e-17)
(-0.0864517893997 -0.155459085868 -4.46306391557e-21)
(0.2288817426 0.200662849143 6.79751176887e-16)
(-0.146166676987 -0.17238016062 -2.00587687613e-15)
(0.15294814071 0.334533955012 0)
(-0.159657275144 0.326008800163 -3.81959626859e-16)
(0.213992239256 -0.0221959235898 5.7024608161e-17)
(-0.339493923587 -0.00748382916954 1.32253389581e-15)
(0.162550454137 0.242722270159 0)
(0.0451793657778 -0.140012444384 2.50407231573e-15)
(0.346912724875 0.130747626381 -3.98013510191e-16)
(0.082401850004 -0.194703475496 0)
(-0.059106051762 0.388829291899 -6.3457947677e-28)
(0.235863360865 0.0850139811844 9.7354582688e-16)
(0.184309198159 -0.0252160167874 0)
(-0.319120507086 -0.0401607036976 -1.30289623504e-15)
(-0.0717939552175 0.203980463389 -3.40874765563e-27)
(0.135583397491 0.326638065938 1.85282806133e-27)
(-0.0750102526463 -0.106324325957 3.88587494651e-17)
(0.172665648697 -0.0110367480128 0)
(0.162838943076 0.226519529632 0)
(0.0321508022821 -0.262671025325 1.91044114371e-15)
(-0.294917300428 0.03218271288 -7.76619780584e-16)
(0.00354373644923 0.113917029652 0)
(-0.222293467225 -0.107074900453 1.74315326927e-15)
(-0.242700168249 -0.14747128033 0)
(-0.105300375632 0.196787746478 0)
(-0.297492218004 -0.230798100557 8.63230116217e-16)
(-0.356897676273 -0.0696919643932 -7.57078261631e-16)
(-0.128089782559 0.196956339847 0)
(-0.0441015149479 -0.224273347314 1.08234846679e-18)
(0.153908904849 -0.167123863365 0)
(0.260880755129 -0.0216348144562 0)
(-0.0829093385161 0.196752005255 0)
(-0.0517155291321 -0.199553430795 -4.68980535665e-15)
(-0.00498896264891 0.358210399164 0)
(0.156697112799 0.322130794721 0)
(-0.324410352014 -0.232072881468 0)
(0.293698863043 -0.0281803349885 -3.61472763926e-18)
(0.0778719577817 -0.211456497238 1.95278287215e-15)
(-0.236999443055 -0.0468944774077 -7.51717956771e-17)
(-0.337700222577 -0.0462401932028 0)
(0.0565516583574 -0.131177074172 -2.50407231573e-15)
(0.205345674595 0.12048745843 0)
(-0.119370859319 0.125002694603 -1.7180089318e-17)
(-0.338976353251 -0.019800006731 5.83332778364e-16)
(0.215729602802 -0.0122231558842 -4.33573040446e-15)
(0.376255904478 0.0794464648854 0)
(0.103204045737 0.321668136986 0)
(-0.0177859860207 -0.212633071981 1.15280240382e-15)
(-0.0940141757727 0.203957572875 -1.65336767664e-27)
(-0.297491670226 0.146938290416 -5.83679087579e-17)
(-0.0137405663724 -0.0518813779151 -2.79985575384e-15)
(0.00397810224031 0.154396946167 1.65117925022e-26)
(0.235663282752 0.0960600849439 9.36848653182e-16)
(-0.152203251426 0.22709527663 1.53960580238e-15)
(0.220147605621 0.11390868192 0)
(-0.13549631483 -0.149944007722 2.14843231384e-15)
(-0.0164171524037 -0.195702364464 -3.61333526389e-15)
(-0.0539481600276 -0.0668288215929 0)
(0.0922896442917 0.330271505564 0)
(-0.198913015691 0.250288498508 1.6106401027e-16)
(-0.329967691332 0.144015275729 1.71841077384e-16)
(0.190869927485 0.139847030279 -8.78620443939e-19)
(-0.137304677964 0.313397096422 0)
(-0.255682485879 -0.15541905155 0)
(0.114313802882 0.329129341439 1.16106006323e-15)
(-0.146058436492 -0.157596973581 -2.0264285544e-15)
(0.309821695497 -0.0380527292873 1.42936539482e-15)
(0.216622691019 0.179495732364 1.54764388244e-15)
(0.0803841997612 0.355909675835 1.15580939231e-15)
(0.156611909427 -0.0282712185434 0)
(0.311498734654 -0.0301697253424 0)
(-0.358978889423 0.00101634599963 4.42278495881e-16)
(-0.376480209013 -0.0478741905012 9.86883755204e-16)
(-0.310149828823 -0.204105345461 8.74829879154e-16)
(-0.350317213649 0.13172133099 -1.78794469408e-16)
(-0.318647497315 -0.127090168574 -5.09054215703e-16)
(0.108793860303 -0.0842844829779 4.70306165059e-21)
(0.184521821484 0.311396050394 0)
(0.101014553763 -0.240811850701 -1.37618801663e-15)
(-0.200202314112 -0.417602123153 0)
(-0.336482652687 0.206977016614 0)
(0.389720489761 0.0609949169482 0)
(-0.273367567122 -0.181568848927 -5.4459864954e-16)
(-0.199258276132 -0.135742341205 1.75492940581e-15)
(0.186139954471 -0.014845012703 2.25286321519e-15)
(-0.0608434002592 0.196792794194 -1.96133047915e-15)
(0.173398396068 0.320114677488 1.11918301076e-27)
(0.0809638189869 0.175543692327 -1.89251796076e-27)
(-0.145520380552 -0.128742912295 0)
(-0.310286770348 0.0272074692281 1.36153538512e-15)
(0.124625063502 -0.0647274899564 0)
(0.339215427382 0.131768978433 1.16371080722e-15)
(-0.190211544526 -0.422034931312 0)
(0.311966574429 0.156486995618 0)
(0.176679425146 0.173695349298 -1.72744720655e-15)
(0.234406502702 0.119536454909 8.64287015801e-16)
(0.362301451604 0.0689346834395 3.74543440349e-17)
(0.00559543755581 0.34920148025 -4.75581724221e-27)
(-0.292269802348 0.00752292058281 0)
(0.00279624355327 0.0755713445297 -9.44605680269e-27)
(0.190640793737 0.19111783883 4.24948893501e-17)
(-0.0522558988059 -0.216251215686 0)
(-0.276290769742 -0.199171305147 -1.08628259603e-15)
(0.00420503599459 0.197059722742 0)
(0.197126816321 0.272906008549 3.76457481829e-28)
(-0.13953765437 0.351562979197 0)
(0.391398768758 0.0582901355431 1.50369748854e-15)
(0.189653055933 0.282786165913 0)
(0.0876192657024 -0.236088441052 9.04490433869e-16)
(0.0807068869947 -0.233086241159 -8.97504134969e-16)
(0.1850151025 0.303993044914 0)
(0.0913100580888 0.347530101559 0)
(-0.135258565053 -0.135688793917 0)
(0.140584065771 -0.0461210163395 0)
(-0.295014169639 -0.212039326454 -8.73189691934e-16)
(0.111302470859 -0.0722431691878 -4.70306240108e-21)
(0.0923507882594 0.141453336502 2.20966333117e-15)
(0.014984893898 0.204404021922 0)
(-0.198302591707 -0.387373745863 0)
(0.145545076881 -0.0830426987887 6.95427158966e-20)
(-0.0972115772096 -0.194160930328 0)
(-0.177497588267 -0.150354888515 -1.82613639747e-15)
(-0.197343450371 -0.193457762004 0)
(0.233913248155 0.131560644437 8.14531827135e-16)
(-0.220950285331 0.307168573983 0)
(-0.3237459878 -0.00177624405263 -1.25821660333e-15)
(0.0685110522366 -0.0555643796991 5.3387630908e-15)
(-0.177625415693 -0.136163267137 1.89816192895e-15)
(0.178068708297 -0.0565553976676 0)
(0.0989907146255 -0.203065391423 9.27024292737e-16)
(0.330346052548 0.14289610481 -6.75657107255e-16)
(0.273590287832 -0.0434406834523 9.20460368659e-16)
(0.169509350056 -0.0318477748668 0)
(-0.322437216058 -0.162771932679 8.91430842618e-16)
(-0.326377880485 0.216623552117 -8.18777310342e-16)
(0.0610327389138 -0.0274256711824 0)
(0.203343163342 0.172796014886 -1.54815018867e-15)
(-0.30928364141 0.0149230906073 -1.37278079139e-18)
(0.107291274881 -0.205907749234 -2.71713101041e-15)
(0.142649786002 -0.0350525992524 0)
(0.0859294530929 -0.215624939684 -1.96281449823e-15)
(0.106848774193 0.366373622005 -5.95588599402e-27)
(0.00162182246785 0.0388032804009 0)
(-0.156339676182 -0.150350439139 2.0264285544e-15)
(0.100863353009 -0.222219563616 0)
(-0.0796669929579 -0.226499401027 4.2836756416e-15)
(0.0924308613078 0.154815348346 2.11605086132e-15)
(-0.325140360905 0.00986252490332 -5.17554070783e-18)
(0.0809247275025 0.161710047931 -2.11605086132e-15)
(0.205101931232 0.132800966412 0)
(-0.156213789352 -0.136084983115 2.03373979085e-15)
(0.176940763647 0.160030305322 3.60863353058e-15)
(-0.305367932114 -0.0105172008889 0)
(-0.187699062529 -0.171917155387 1.67295256466e-15)
(0.243375162366 0.191543657629 1.28044527186e-18)
(0.0596373820086 -0.0392150894757 -2.70168386572e-15)
(-0.166897433504 -0.157799112896 0)
(-0.291459726543 -0.0050507608498 0)
(-0.235354213465 0.272720273348 -2.99089388791e-28)
(0.143629731723 0.310855695888 4.27115496711e-16)
(-0.049817313258 0.218874804738 0)
(-0.145747194588 0.31133681233 -2.10648888444e-16)
(-0.0645487068178 -0.0863264505677 -2.62298829549e-15)
(-0.143065967882 0.164369766923 -1.97646763755e-17)
(0.14696195779 0.260717286151 0)
(-0.174304260121 -0.273351239605 6.46480478862e-16)
(-0.145749206355 0.346026968684 0)
(-0.255640138262 -0.111660346862 0)
(-0.166834934507 -0.129004993812 -2.03373979085e-15)
(-0.0882024456843 -0.20177190516 -4.10325497015e-21)
(-0.188549256039 -0.128859989663 -1.89816192895e-15)
(-0.154705469177 0.283976401019 1.68524738865e-16)
(-0.304465157373 -0.0228380984462 -7.15995262164e-16)
(-0.18653889125 -0.201752258128 1.65167794145e-15)
(-0.0444767973585 -0.0725428854597 0)
(0.173033964141 -0.0782000946458 -2.65047810427e-19)
(-0.176042692646 0.27299440294 0)
(-0.122114793089 0.142250724888 -9.42280516241e-18)
(0.180536417092 -0.0458466066262 0)
(0.189426429506 0.180559532433 0)
(-0.0498787715685 0.204065331621 1.96133047915e-15)
(0.218552662487 0.138846355805 0)
(-0.287484787362 -0.0430216613978 -6.96198533113e-16)
(-0.269685969563 -0.103949800929 -6.70646872445e-16)
(-0.0974879857844 0.104646637237 0)
(-0.197261451966 0.320689430637 2.13722896466e-28)
(0.10822355582 -0.224389210732 -4.87799417942e-17)
(-0.0783467427213 -0.193165302442 0)
(-0.198895196042 -0.149873045122 -1.59859763985e-27)
(-0.142496388425 0.289376318483 4.21241495787e-17)
(-0.211200675465 0.272014816716 0)
(-0.0533846583206 -0.0543429901155 2.86798843822e-17)
(0.218222847988 0.151764580853 0)
(-0.185327263584 0.265170520945 0)
(-0.27196598292 -0.0638075510339 -2.24795965953e-15)
(0.0908422949918 0.0663753496045 -2.24577144062e-27)
(0.091399508829 0.0783301442616 2.24577144062e-27)
(0.162979697716 -0.0639574181482 0)
(-0.276361244225 -0.0125397796076 1.60799533096e-15)
(0.139610093396 0.154190564154 -1.9307778666e-15)
(-0.0884705640095 -0.218189803653 -4.57468125196e-17)
(-0.245558812654 -0.0919095615019 0)
(-0.188040079834 -0.157517395011 1.82613639747e-15)
(-0.185035139855 0.328852002341 0)
(0.0636504023174 0.382358140388 0)
(-0.0701015804179 -0.217540116084 -4.36024160714e-15)
(0.255222269855 0.196812766175 -5.36687947406e-19)
(-0.166403876336 0.164235495034 0)
(-0.234652555611 -0.0861767643136 -1.71990108098e-15)
(0.0368828522886 0.267037750135 0)
(-8.04776932567e-05 0.00290251132885 2.76864452679e-15)
(-0.144895854192 0.155206576111 3.70654899135e-17)
(-0.186063950531 -0.216330308842 -1.55173261651e-15)
(-0.27291737162 -0.0507992632104 -7.81715394826e-16)
(-0.0631486789912 -0.279701751946 -1.94674389149e-15)
(-0.0640165568497 -0.0735858314668 -2.65677786411e-15)
(-0.00770140410162 0.0815315265749 -1.83500439428e-26)
(-0.28818057207 -0.0302496270463 1.46890856675e-15)
(-0.00709633276387 0.120310484972 -1.71577767355e-26)
(-0.00868647946308 0.0443976535177 0)
(0.0463255038864 0.388772224876 8.81332065018e-16)
(-0.231498323723 0.297154410207 0)
(0.145427583788 0.287973166685 0)
(-0.0535683797967 -0.270373596325 8.11111190983e-18)
(-0.00676799620336 0.161236927204 0)
(0.238893836558 -0.0478084274148 2.97487217612e-15)
(-0.0601606272427 -0.192032305477 4.63152664865e-15)
(0.152881631248 -0.0496126737554 0)
(0.275539243859 -0.0350957575433 -1.92783377226e-15)
(0.241778754932 -0.0381006839793 0)
(-0.196859777819 0.308130829685 0)
(-0.0101484766825 0.00821484831145 -2.76864452677e-15)
(-0.275344323626 -0.0252309740535 -7.55232978936e-16)
(0.0551906755245 0.389974145685 -8.8133206502e-16)
(0.0366439025385 0.204458893494 7.07306987621e-27)
(-0.00657839245159 0.204301717583 0)
(-0.25879053027 -0.0711568632071 3.13437747128e-15)
(-0.0617110184368 -0.225476679273 2.19897157461e-15)
(-0.175849807295 -0.293018025663 1.01019179615e-17)
(-0.261869200077 -0.0322427542897 -1.66950998231e-15)
(-0.182683877555 0.293909281405 0)
(-0.0717753581286 0.218715498447 3.40874765563e-27)
(0.127265965105 0.161250102216 0)
(-0.0606856037095 0.226248104521 0)
(0.0550827988478 -0.0750066672213 -9.77728451778e-27)
(0.15046259174 -0.0607310407701 0)
(-0.0828024297022 0.22611790833 0)
(0.00430831223667 0.226788946675 -1.90397891975e-15)
(-0.0940740528778 0.218649398028 1.65336767664e-27)
(-0.0431949681683 -0.0477138098252 -5.50031170175e-15)
(-0.105326396108 0.226114448541 -3.03388238452e-27)
(0.0567966323778 -0.0627325860281 -5.40020820436e-15)
(-0.24483722625 -0.105666810602 0)
(-0.0696098829462 -0.200798634657 -2.29979001253e-15)
(0.254788455337 -0.0505667382091 -1.95815158152e-15)
(-0.0620709077916 -0.243018167219 0)
(0.154608694868 0.277382792351 4.37052105844e-20)
(0.167369638503 -0.0425729630066 0)
(-0.307868160159 -0.185483251265 -4.35856897964e-16)
(-0.261079427322 -0.0453898931792 7.81949386618e-16)
(-0.10072776597 0.112025245512 0)
(-0.283570495243 -0.11109709625 -5.77493986946e-16)
(0.115233697179 0.0790014585382 -2.18206845551e-27)
(0.188534327959 -0.0703365224313 0)
(0.207591274389 -0.0521854192099 0)
(-0.248406747004 -0.0524748337758 -1.72178304561e-15)
(-0.024927735107 -0.0711993705154 0)
(0.160163854629 -0.0751511592332 0)
(-0.166256850265 0.175610564882 -8.6831091411e-17)
(-0.0621692262923 -0.298301143584 -7.91274983593e-16)
(0.103289810441 0.0846862328664 0)
(-0.227044237247 0.283919638579 0)
(-0.257957451723 -0.0846690692465 0)
(0.0477235506476 0.379766177822 0)
(0.0262798026881 0.275524668573 0)
(-0.289370166573 -0.174338773937 5.44394286577e-16)
(-0.300782179486 -0.135348178744 0)
(-0.247570586223 -0.0656263764136 -1.60870032841e-15)
(-0.235455973654 -0.0728392871614 0)
(0.0259281529197 0.242409093932 0)
(-0.26989812217 -0.0904165781603 2.76932400442e-18)
(-0.284759694105 -0.125689190566 0)
(-0.287351525442 -0.158170805103 1.08953649335e-15)
(0.101290804453 0.353296150873 0)
(0.258934224322 -0.0309763811991 1.92804824388e-15)
(-0.302872533886 -0.151220608321 -1.10841750304e-15)
(-0.00957121901651 0.0203186969184 2.72655132625e-15)
(-0.0082862611391 0.0567127650383 0)
(-0.01139067409 -0.0156175912635 -2.78558842356e-15)
(-0.00745079173655 0.0943048861461 -2.48023498336e-15)
(-0.255673692829 -0.125718612518 0)
(-0.0121308106708 -0.027724117776 -2.80245709771e-15)
(-0.00695585503462 0.133760533667 2.31063896006e-15)
(-0.0225731777634 -0.0343064133911 0)
(0.191507876905 -0.0595824131158 0)
(-0.270184977149 -0.14820529204 0)
(-0.00668462027272 0.17541476899 -2.12079197945e-15)
(0.152999362237 0.306823558861 -4.27107666789e-16)
(0.25204356748 -0.0593319367555 0)
(-0.0343348627856 -0.0656968788191 0)
(-0.0233137858026 -0.0465492536427 0)
(-0.269105580648 -0.133581365455 0)
(0.130048269653 0.330855270469 0)
(0.289167945945 -0.0461621090795 -9.20447287334e-16)
(-0.00649368889804 0.219164449516 0)
(0.0258322895295 0.197123525861 0)
(0.14150586428 0.324526748692 0)
(-0.135620859645 0.133430823929 2.08540495305e-18)
(0.0367066338667 0.219310149915 -7.0730698762e-27)
(0.0668552166363 0.377269909464 -9.93748809819e-16)
(-0.033607861011 -0.0532544276622 2.76144762064e-15)
(0.112678317395 0.345228925957 4.02658538772e-27)
(0.135669600629 0.35116448579 -5.98538238915e-27)
(0.0258535984148 0.226915034333 0)
(0.042560754569 0.390767953185 7.59694541598e-16)
(0.0720616970158 0.385268851882 0)
(0.0888233247693 0.375326754006 0)
(0.026333650643 0.29332946523 0)
(0.0522971031439 0.381330219147 0)
(-0.117377072543 0.114758153403 -1.97357079709e-18)
(0.0837049207431 0.378514586846 0)
(0.0267790359919 0.349818410704 0)
(0.120163760095 0.350423547433 6.12632137245e-16)
(0.0163740677766 0.358154736362 0)
(0.026277045555 0.38142566125 1.0810417971e-15)
(0.0650924644272 0.389010880922 -8.61190084367e-28)
(0.0165364362959 0.375397124393 -1.08104179709e-15)
(0.141256292999 0.342685164367 5.98538238917e-27)
(0.0875150168008 0.372405453174 -9.69377920395e-16)
(0.0779962346567 0.370377308723 1.96312673023e-15)
(0.0349903673415 0.393969217727 0)
(0.0251758428589 0.393530112669 -7.27826439858e-27)
(0.121472842325 0.348859150507 -9.68265465094e-16)
(0.26757041427 -0.0624903254656 -1.50440635449e-17)
(0.118404888916 0.359880498493 6.69905913818e-27)
(0.285062675756 -0.0541599423579 0)
(0.0305487036558 0.394442359379 0)
(0.131820235741 0.343818946201 -6.12632137243e-16)
(0.0990497934158 0.36626716348 0)
(0.123807707902 0.357985775876 -5.38513843798e-27)
(0.118208160268 0.362772826546 5.38513843799e-27)
(0.132937011046 0.34132535508 9.68265465086e-16)
(0.152127811058 0.339072546697 0)
(0.152835109846 0.329845702645 0)
(0.164453181471 0.321268358022 -1.11918301079e-27)
(0.163444443488 0.310918983979 -1.37329442389e-20)
(0.177212743672 0.280157570624 0)
(0.16933031168 0.288405598924 -4.36990881131e-20)
(0.173820035217 0.303609710736 0)
(0.140275466232 0.345588047405 1.16360370986e-27)
(0.195170968815 0.247135627573 1.13487615572e-16)
(0.211739734876 0.24717848101 0)
(0.271004529494 -0.100594639242 0)
(-0.408053602787 0.00658100446314 0)
(-0.331102377208 -0.221367774373 0)
(0.206982989033 0.206028605865 -1.42371434172e-16)
(-0.377903706897 0.123613759316 -7.40250479737e-16)
(-0.0381603259631 -0.323763405219 1.20472285603e-15)
(-0.018253770904 -0.363035705623 0)
(0.0386326066045 -0.318587812754 0)
(-0.39101986907 0.0073065781729 7.38293599189e-16)
(0.240412474564 -0.0888965432525 6.17796816222e-17)
(0.262560188218 -0.0723309191455 1.55224846613e-17)
(0.338923373339 0.133125330831 -5.98007758288e-16)
(-0.364517527194 0.146987457803 0)
(0.0317271044157 -0.112567773728 1.63083319831e-18)
(0.113433198201 -0.119295667073 0)
(-0.0558783489996 0.0509279233285 -5.63288681863e-18)
(0.0879261244001 0.139476575235 1.65972562525e-17)
(-0.103095189771 -0.10299345 -1.02927304185e-16)
(-0.0889017288423 0.0863298375344 0)
(0.301656606413 0.0343496184606 -8.54298187572e-16)
(0.306619868589 -0.0653850915313 0)
(-0.286252320226 -0.264659663467 -5.26124095216e-17)
(-0.353701450325 -0.163386861123 -2.75197495223e-16)
(-0.33896829972 -0.137092169613 4.42438197154e-16)
(0.380486405852 -0.0145998821545 0)
(-0.412322679332 -0.0468785216879 0)
(-0.379945875629 0.13460103399 7.87978389459e-16)
(0.24001729715 0.177133891272 0)
(-0.335175754577 -0.105566090426 5.14959589097e-16)
(-0.35530522365 -0.0834009145962 0)
(-0.265458560073 -0.220966723419 -9.02379943486e-19)
(0.337035880017 -0.0540806300279 -2.67048378859e-17)
(-0.0377760752596 -0.307150213859 1.0967878057e-15)
(-0.132379220659 -0.327516706416 -3.71705792157e-16)
(-0.118536363652 -0.323461010917 -4.24357886104e-16)
(-0.144570203826 -0.40341910602 -1.24214642804e-15)
(-0.160386488144 -0.333130815308 -9.64503777906e-16)
(-0.0745002193428 -0.327942816179 0)
(-0.120933319557 -0.394384025625 -9.93839526838e-16)
(-0.164066479964 -0.413519883571 0)
(-0.0701181804457 -0.375047090336 4.04881557676e-16)
(-0.0316705654577 -0.376942461776 1.58895119419e-15)
(-0.254033076388 -0.338336708747 2.19678416112e-17)
(-0.217637467655 -0.32844418126 9.13287355171e-17)
(-0.0205703695465 -0.378864562313 0)
(-0.253983328696 -0.286931857806 0)
(-0.208491694134 -0.365300293495 -1.03929258021e-16)
(-0.236396527913 -0.349196817382 0)
(-0.18100415271 -0.242757065495 6.23151085009e-17)
(-0.149669758805 -0.177633135221 -6.73214829595e-17)
(0.0170077793243 -0.345225572892 0)
(0.00127613626444 -0.272525165961 1.12787386448e-15)
(0.0159777944334 -0.26675656362 -6.07825709927e-16)
(0.00885167528032 -0.316513631113 -1.59373101288e-15)
(0.0288660858693 -0.326414436889 -1.43565499998e-15)
(0.0669167942501 -0.29122304891 0)
(0.067935761228 -0.26887453556 3.29664030248e-17)
(0.0875694731176 -0.25370147018 0)
(-0.0520546058544 -0.308334926526 -4.53217535937e-16)
(-0.32310855067 0.19393045525 4.17282366438e-16)
(0.302253923087 0.0544238540507 0)
(0.298677012223 -0.0843464907986 -8.75887905396e-16)
(0.294771935752 0.127300937771 0)
(0.339361014044 0.031430426854 8.69308191734e-16)
(0.31648581016 -0.0045220334524 -1.61769462394e-15)
(0.299102037813 0.00733831772323 0)
(0.216744665447 -0.131326663599 4.69493571644e-16)
(-0.345377847204 0.160183485878 0)
(0.326653917872 0.147936698698 9.532611833e-16)
(0.246863091538 -0.0819513333461 0)
(-0.340785475284 -0.222144525775 2.10733348313e-16)
(-0.324094566288 -0.248569629637 1.41267346113e-16)
(0.243627578887 -0.080668652624 -1.08037752658e-15)
(-0.276307872314 0.172540884733 1.13968882601e-16)
(-0.237284169553 0.168540668007 6.30603072934e-17)
(0.248804587619 -0.0970133228688 4.7148525589e-16)
(0.349656945626 0.0900073569003 0)
(0.352331244499 0.0740030231807 2.28651535502e-15)
(-0.0404476203451 -0.331782144565 -3.28381270105e-16)
(-0.0219115404156 -0.35514558908 3.10937405265e-16)
(0.0371926596942 -0.319949841234 -2.7094638597e-16)
(0.269435328844 0.167249517855 2.79006028838e-16)
(0.390402909535 -0.00855647480607 0)
(-0.415179732673 -0.047231492474 3.05111209196e-16)
(-0.35064453988 0.0877110748441 6.06633506019e-16)
(0.333855143489 0.126129839184 0)
(-0.379392509976 0.147583443447 0)
(0.0643489297106 -0.141480592174 -1.63019254209e-18)
(-0.123618945037 -0.130707488604 0)
(0.116066072365 0.160761060858 -1.72577691232e-17)
(-0.0716049791294 0.0713724767979 7.72382874458e-19)
(-0.349466228517 -0.198729348153 0)
(0.301410831067 0.0256116748831 -1.81723289385e-15)
(-0.286564256413 -0.233440778932 3.47060029888e-17)
(-0.352669148089 0.110933590202 6.23544027739e-16)
(-0.376215719374 -0.0135320652953 1.29556367583e-15)
(0.28864709596 0.190745437786 4.97848040026e-16)
(0.216329867521 -0.139810437032 0)
(-0.299888727732 -0.262569973179 -2.73327255997e-16)
(0.258596239335 -0.11078477557 5.77821666432e-17)
(0.232482127479 0.23241177835 0)
(-0.410588766423 0.0580365261645 0)
(0.238556390014 -0.0773038279929 -3.37692378885e-16)
(0.220144477428 -0.0856217739124 1.47176780162e-16)
(0.163382035112 0.222708091386 2.41032967144e-16)
(-0.137054585159 0.125608126604 0)
(-0.378384666918 0.0216838025819 -6.15425419588e-16)
(0.241613052542 -0.0688374051542 0)
(0.287228452636 -0.0671720474546 0)
(-0.174582151894 0.132404672506 3.19113694949e-17)
(0.305072606194 0.16813465365 -7.70524609356e-16)
(-0.311785276648 0.165190539254 -7.57976576123e-17)
(-0.340563429607 -0.15280091813 -8.05521291236e-16)
(0.371346515045 -0.0216280650607 -7.73715111351e-16)
(-0.405605448649 -0.079518068188 0)
(-0.335206748937 0.114615587181 -6.26522633277e-16)
(-0.331904946057 0.0844564054146 -1.56291536948e-15)
(-0.345963632733 0.0651173122366 0)
(0.207779726042 -0.150818377568 -4.1976777248e-17)
(0.0744233947511 0.125960857568 3.092187349e-17)
(-0.0648880289683 -0.0827005769076 4.95106352306e-17)
(-0.0726292021966 -0.0776077661705 0)
(0.066540002635 0.134471334887 0)
(0.173745769662 -0.0250174237965 1.76306942999e-17)
(0.159803555241 -0.0436264576026 -7.12839764786e-18)
(-0.0325452825489 0.0361549037865 1.76391552096e-18)
(-0.0345510216086 0.0359936245075 -2.90997231185e-18)
(-0.305356280994 -0.2508773581 1.28397375737e-16)
(-0.373936123834 -0.148605113363 -8.3203234451e-17)
(-0.410389823026 -0.00558435432664 -4.67482906279e-16)
(-0.0537158359398 -0.354651202823 5.96214748381e-17)
(0.0667191569423 -0.242608657561 7.91168524198e-16)
(0.0711228541198 -0.278439323214 0)
(0.030945732384 -0.280112261801 -1.0001058634e-15)
(0.100686765887 -0.253446737142 1.97196815537e-15)
(0.230537856785 0.184332877865 0)
(-0.334882673811 -0.0904652346531 -1.14465133941e-15)
(0.349863449869 -0.0436867208772 0)
(-0.364582728151 -0.154948298346 -3.29435167133e-18)
(-0.21820557923 -0.346004219898 2.48003616822e-16)
(-0.19844981816 -0.335417692508 1.04797831488e-15)
(-0.126716485621 -0.314973569344 7.36787834598e-18)
(-0.160482268371 -0.421267967702 0)
(-0.0914502653653 -0.400919584475 0)
(-0.114005817459 -0.405631309193 0)
(-0.0969262414526 -0.389738332711 0)
(-0.169359175462 -0.323762630325 1.19643301255e-15)
(-0.0698556954844 -0.322760894845 1.00046923663e-15)
(-0.0458190987009 -0.298093986643 9.63113934462e-16)
(-0.204418573908 -0.329811454828 -9.13287355172e-17)
(-0.191052070644 -0.340921571271 -1.06891465312e-15)
(-0.264138729338 -0.318679202716 7.02533208283e-17)
(-0.266180343936 -0.32949473273 0)
(-0.228075938037 -0.337676932668 0)
(-0.274000769685 -0.306888878519 -6.48126601199e-18)
(-0.148024750363 -0.195163639653 7.66726860362e-17)
(-0.0278665505638 -0.392870716789 -1.77497776627e-15)
(0.00897425047698 -0.25780648922 1.29840262178e-15)
(0.0120390521714 -0.324071308093 1.19112808121e-15)
(0.0177765033268 -0.346358024779 0)
(0.0671465999563 -0.289510904831 0)
(0.0815945342052 -0.251172446024 -1.01257570008e-15)
(0.100354925281 -0.238333181961 -5.96151904978e-16)
(0.301648931108 0.0624090379204 8.91939810658e-16)
(0.303660570511 -0.0886923656115 1.60720950729e-15)
(0.332281874882 0.0219052202919 -2.04304958307e-15)
(0.296746780833 0.116292953293 -1.60569111315e-15)
(-0.348359721744 -0.170924672026 9.37422894541e-17)
(0.316720134369 0.0402301394378 1.28705800917e-15)
(-0.390100448175 0.069131772511 -1.32886436117e-15)
(0.314860997452 0.0192055535266 3.05541026975e-15)
(-0.23029115713 -0.245499689161 -1.35723367468e-17)
(0.29807297854 -0.00185915328103 0)
(-0.0144822258985 -0.327734174909 0)
(-0.0377239779659 -0.350097886242 3.17333188138e-16)
(-0.0199000432573 -0.336141307913 9.27350408768e-16)
(-0.010753803841 -0.307722288591 -6.06240017742e-16)
(0.0506130101374 -0.303379520355 2.77315992133e-15)
(0.0222425589734 -0.329949652306 -2.76509272165e-16)
(0.141448135864 -0.192404629713 5.58900741724e-17)
(0.125673872982 -0.208322506561 0)
(0.162500579642 -0.179805779906 -5.35732453382e-16)
(0.179065003354 -0.162954269271 4.73540864057e-16)
(-0.331137807977 -0.237437245551 -2.10416614533e-16)
(0.108073977778 -0.217454699343 0)
(0.0257651345447 -0.312853967276 -9.05797491392e-16)
(-0.244179716625 0.156830016406 -6.93841533899e-17)
(-0.376039758696 0.145165716549 -5.00425715859e-16)
(0.363258522999 0.0805536013543 0)
(0.302461268367 0.142513442194 1.90794817766e-15)
(-0.364322950113 0.166363086185 -9.30699830798e-16)
(0.285304375554 0.17126283189 0)
(-0.258368025695 -0.244944384 6.17487738712e-17)
(-0.0608620807125 -0.344259892989 6.32541558853e-17)
(0.0727206617951 -0.265623033338 -2.97465558219e-16)
(0.0224835412598 -0.292917953644 0)
(0.0737759969639 -0.253515992756 -8.39237225741e-16)
(0.0896875766467 -0.266924481223 -1.50123943646e-15)
(0.248982618947 -0.119964861236 -6.57078072152e-16)
(-0.372515868346 -0.143963425428 3.91418494154e-16)
(0.385625292374 0.00230818041215 2.1774519755e-16)
(-0.407929129869 -0.0313070870088 -3.16893881735e-16)
(-0.359908257668 -0.187364218419 2.70752287432e-16)
(0.288497864653 -0.0950276420139 -1.5467444451e-15)
(0.33377671907 0.0372366683922 2.05930235868e-15)
(-0.227367700441 0.175970842534 1.68308070047e-16)
(-0.300146209616 0.175430391513 -2.21208967008e-16)
(-0.350724113426 -0.129679061153 0)
(-0.377262394712 -0.00233645649614 -1.16793769307e-15)
(0.314836576058 0.141822139953 -1.10507957852e-15)
(-0.368726002117 0.164009739521 0)
(0.299819137133 0.182902400376 1.23113270468e-16)
(-0.342409559962 0.190631716349 0)
(-0.387195443822 0.0575323518976 0)
(-0.204693740463 0.169594817288 3.32473339028e-17)
(-0.351604192425 -0.11397845894 -6.2816522843e-16)
(0.30925484934 0.157920455995 0)
(-0.357344434928 0.177746244726 3.53891032969e-16)
(-0.248738095381 -0.223265561419 5.03520272061e-18)
(-0.061125747283 -0.333410658964 -1.24810657852e-15)
(0.0188630507867 -0.309392828103 0)
(0.0984347170629 -0.233626833427 0)
(0.0924625133938 -0.254826570245 8.82069346474e-16)
(0.0772599415792 -0.27623200528 -7.27161960657e-16)
(0.213835782856 0.235693644306 0)
(-0.402778966654 0.068034007741 1.42092567866e-16)
(0.250698415831 -0.0708402618973 0)
(-0.165018422865 0.142992313883 -2.75690183802e-17)
(0.18487424861 0.233269675811 -3.14669982923e-16)
(0.28978699432 -0.0926096950529 8.81889160581e-16)
(-0.381049492139 0.0335257783392 0)
(0.280210882108 -0.053765075598 0)
(0.315472787087 0.0485818635619 -3.01268022354e-16)
(0.280389837145 -0.0856006639233 9.80826757758e-16)
(-0.211340360488 0.154386225267 -4.71128364819e-17)
(-0.367901936145 -0.131348109543 0)
(-0.364137556962 0.126620363388 0)
(0.306775827172 0.131675824381 8.80954387261e-16)
(0.319030049715 0.149669937785 7.5074513778e-16)
(-0.364794810455 0.16727779296 -3.80447957716e-16)
(0.105425563641 -0.0614242863904 8.57540278257e-18)
(-0.0516873899418 0.0504822142412 9.20548998657e-18)
(0.0800503074441 0.149347824841 0)
(-0.0968166417759 -0.10083626224 1.46170979898e-16)
(0.297129530033 -0.0585264275832 0)
(-0.336361388144 0.129039789356 7.00363397101e-16)
(-0.391784786464 0.0186628640864 1.11443646535e-15)
(-0.328277625318 0.0707100342656 2.08106477456e-16)
(0.314081881627 0.0115131562337 0)
(0.194100874997 -0.161921377238 -3.76762644801e-18)
(-0.364617915482 -0.109410443212 -5.55930905894e-16)
(-0.088536918992 -0.106573735914 -9.65907921019e-17)
(0.0902965702212 0.146885736906 -1.05268524722e-16)
(0.175041276009 -0.0355689048242 -1.90946047059e-17)
(-0.0483539220277 0.0489953032938 -2.29891135325e-18)
(-0.32594212872 -0.247676457921 -3.25182243582e-17)
(0.238930066886 -0.124786586557 8.15200855673e-16)
(0.251939269645 -0.0922889428744 -1.17319317631e-15)
(0.0867219972887 -0.218238535834 0)
(-0.0496937804682 -0.348788909865 0)
(0.0369721280467 -0.284782619685 1.48595618793e-17)
(0.0712424957879 -0.275033552573 -1.27442639775e-15)
(0.105882271309 -0.251311700766 -7.4453688761e-16)
(0.101006050279 -0.212720651875 0)
(0.0315054534818 -0.302510968704 2.08103117838e-15)
(0.271972770756 -0.0816881669863 -1.22326435668e-15)
(0.322711246123 -0.0575986432475 3.44969751827e-17)
(-0.3526786685 0.134035818748 -6.55627758766e-16)
(0.114879172662 -0.19214356543 0)
(0.157978043684 -0.159502716878 2.54144643024e-16)
(0.135618849676 -0.178673207466 0)
(0.197216923125 -0.13592547871 0)
(0.178823577835 -0.15401632816 -2.42503047206e-16)
(-0.0128533156748 -0.353110549459 -3.06361574419e-16)
(0.0502907818138 -0.306392819882 -1.80178677806e-15)
(-0.0112509814716 -0.334871045563 1.00347783972e-15)
(-0.0044519222803 -0.322600701297 1.93124537612e-15)
(-0.0303394085468 -0.333726939613 -6.56687816906e-16)
(0.0361072824211 -0.308140063335 1.80039247924e-15)
(0.330252373163 0.142398673303 6.47256440178e-16)
(-0.357199037171 0.156162128693 0)
(-0.30018840218 -0.224333078034 -6.56475999323e-17)
(0.342106979229 0.0149580677133 -1.32556327654e-15)
(0.342803719461 0.0431409930807 1.22331917527e-15)
(-0.215373387701 -0.198065979931 0)
(-0.374806517769 -0.120329588536 0)
(-0.376847385059 -0.137168913701 0)
(-0.418072643239 0.0179412917513 0)
(0.139537762444 -0.0702023983013 0)
(-0.0601431627663 0.0594807904758 -4.52993533573e-18)
(0.103049763438 0.155505586145 1.03442771556e-16)
(-0.111797080309 -0.116622679836 3.69451501486e-17)
(0.198257699987 -0.154726326955 -5.62666209632e-16)
(0.330957293904 0.0531933488515 1.0105934161e-18)
(0.314157674314 -0.0517733065354 1.17909446509e-15)
(0.320490998831 0.124327129811 -8.26093595089e-16)
(0.325292798881 0.129137894405 8.91667788445e-16)
(-0.375051571517 0.15246437539 0)
(0.329346501608 0.00864740213218 7.15088921158e-16)
(-0.230757983942 -0.237620049751 -2.81496533845e-17)
(-0.208062518062 -0.204111184093 2.43445258682e-17)
(-0.321473402403 -0.232331332499 -1.11924740766e-16)
(-0.407839199437 0.0251373992434 -3.59043235182e-16)
(-0.0333757762644 -0.41928118611 6.69575664332e-16)
(-0.0250650376778 -0.423816430092 -6.69575664332e-16)
(-0.186854338589 -0.283998754656 6.39016610006e-17)
(-0.185158863297 -0.299849926552 0)
(0.000535066771132 -0.392239403119 8.21280788529e-16)
(0.00461497265511 -0.384112382163 -8.21280788529e-16)
(-0.079868667459 -0.0913563724043 -3.09026287195e-16)
(-0.0885631145751 -0.110400169503 3.11963947478e-16)
(-0.16101937816 -0.446514567193 0)
(-0.18615621525 -0.437232564106 0)
(-0.116095408755 -0.438109811102 -1.10106446229e-16)
(-0.138674190539 -0.435161212866 1.10106446229e-16)
(0.0590532133812 -0.361185433813 0)
(0.0429305677458 -0.342892750581 -3.96301432787e-16)
(0.0129705693404 -0.288987290253 0)
(0.0217134766008 -0.325667310421 0)
(0.403489713407 0.0237794590395 6.29576023242e-16)
(0.399833935247 0.0140128749411 5.94964451435e-16)
(0.23392929925 0.155465355517 1.84035839121e-16)
(0.244470008299 0.153399687491 -1.48820089712e-17)
(0.366488700217 -0.0207618188973 -1.42296368894e-15)
(0.364873734939 -0.0386601570255 0)
(0.0918956316102 0.120937547566 -1.18525078607e-17)
(0.111379210985 0.136948959974 1.18525078607e-17)
(0.346969104405 0.107949685528 0)
(0.339381397993 0.122548104609 -6.58992109874e-16)
(0.369033427985 0.0832797524644 9.8869752543e-16)
(0.369602986605 0.0929147264955 -1.9929875549e-15)
(0.309440091171 -0.0416447136852 2.55074130935e-15)
(0.294934428313 -0.0310662509307 0)
(0.291385495605 -0.0165578542102 0)
(0.292409572791 -0.0741822139733 -1.15180878612e-15)
)
;

boundaryField
{
    bottomWall
    {
        type            noSlip;
    }
    leftWall
    {
        type            noSlip;
    }
    rightWall
    {
        type            noSlip;
    }
    movingTop
    {
        type            fixedValue;
        value           uniform (1 0 0);
    }
    front
    {
        type            empty;
    }
    back
    {
        type            empty;
    }
}


// ************************************************************************* //
