cell,x,y,initial,numerical,exact,error,absError
0,-9.7499999999999998e-01,-9.7499999999999998e-01,4.1487308965162119e-215,1.5321221858000000e-06,6.1425578590137373e-43,1.5321221858000000e-06,1.5321221858000000e-06
1,-9.2500000000000004e-01,-9.7499999999999998e-01,1.5287133320837191e-208,8.0084236633799995e-06,1.2636634186905525e-41,8.0084236633799995e-06,8.0084236633799995e-06
2,-8.7500000000000000e-01,-9.7499999999999998e-01,2.5417701366120276e-202,2.2912029604100001e-05,2.2171417364748231e-40,2.2912029604100001e-05,2.2912029604100001e-05
3,-8.2499999999999996e-01,-9.7499999999999998e-01,1.9069790626126844e-196,4.7837824857099998e-05,3.3176868222696465e-39,4.7837824857099998e-05,4.7837824857099998e-05
4,-7.7500000000000002e-01,-9.7499999999999998e-01,6.4558734555318925e-191,8.1550299337300000e-05,4.2340619166712345e-38,8.1550299337300000e-05,8.1550299337300000e-05
5,-7.2499999999999998e-01,-9.7499999999999998e-01,9.8619665563550382e-186,1.2048702736900000e-04,4.6084927426364262e-37,1.2048702736900000e-04,1.2048702736900000e-04
6,-6.7500000000000004e-01,-9.7499999999999998e-01,6.7978483846876625e-181,1.5999317706000000e-04,4.2779972163268020e-36,1.5999317706000000e-04,1.5999317706000000e-04
7,-6.2500000000000000e-01,-9.7499999999999998e-01,2.1143596149039455e-176,1.9554276599199999e-04,3.3868968786984785e-35,1.9554276599199999e-04,1.9554276599199999e-04
8,-5.7499999999999996e-01,-9.7499999999999998e-01,2.9674654292266442e-172,2.2355956079999999e-04,2.2868797898257617e-34,2.2355956079999999e-04,2.2355956079999999e-04
9,-5.2499999999999991e-01,-9.7499999999999998e-01,1.8792818246902206e-168,2.4178822351299999e-04,1.3169357445185076e-33,2.4178822351299999e-04,2.4178822351299999e-04
10,-4.7499999999999998e-01,-9.7499999999999998e-01,5.3702881770027527e-165,2.4933101982099997e-04,6.4679361061465202e-33,2.4933101982099997e-04,2.4933101982099997e-04
11,-4.2499999999999993e-01,-9.7499999999999998e-01,6.9247277102466688e-162,2.4648941211199998e-04,2.7092354086205497e-32,2.4648941211199998e-04,2.4648941211199998e-04
12,-3.7500000000000000e-01,-9.7499999999999998e-01,4.0290925470513744e-159,2.3451166764600000e-04,9.6784910200477565e-32,2.3451166764600000e-04,2.3451166764600000e-04
13,-3.2499999999999996e-01,-9.7499999999999998e-01,1.0578186446916841e-156,2.1530339097000000e-04,2.9488212417397457e-31,2.1530339097000000e-04,2.1530339097000000e-04
14,-2.7499999999999991e-01,-9.7499999999999998e-01,1.2531833727543952e-154,1.9113051945999999e-04,7.6624760065777527e-31,1.9113051945999999e-04,1.9113051945999999e-04
15,-2.2499999999999998e-01,-9.7499999999999998e-01,6.6991154579532569e-153,1.6433468379100001e-04,1.6981251549467517e-30,1.6433468379100001e-04,1.6433468379100001e-04
16,-1.7499999999999993e-01,-9.7499999999999998e-01,1.6159195449685454e-151,1.3708083786299999e-04,3.2095943704511404e-30,1.3708083786299999e-04,1.3708083786299999e-04
17,-1.2500000000000000e-01,-9.7499999999999998e-01,1.7588201689613037e-150,1.1115806944400000e-04,5.1738101710971774e-30,1.1115806944400000e-04,1.1115806944400000e-04
18,-7.4999999999999956e-02,-9.7499999999999998e-01,8.6381864281483507e-150,8.7851168901500001e-05,7.1129657475727581e-30,8.7851168901500001e-05,8.7851168901500001e-05
19,-2.4999999999999911e-02,-9.7499999999999998e-01,1.9143579247969972e-149,6.7891557344600001e-05,8.3400917988231827e-30,6.7891557344600001e-05,6.7891557344600001e-05
20,2.5000000000000133e-02,-9.7499999999999998e-01,1.9143579247969972e-149,5.1449998320900002e-05,8.3400917988231827e-30,5.1449998320900002e-05,5.1449998320900002e-05
21,7.4999999999999956e-02,-9.7499999999999998e-01,8.6381864281483507e-150,3.8510591215799999e-05,7.1129657475728590e-30,3.8510591215799999e-05,3.8510591215799999e-05
22,1.2500000000000000e-01,-9.7499999999999998e-01,1.7588201689613037e-150,2.8766395019300001e-05,5.1738101710971774e-30,2.8766395019300001e-05,2.8766395019300001e-05
23,1.7500000000000004e-01,-9.7499999999999998e-01,1.6159195449685454e-151,2.1650892158500001e-05,3.2095943704511404e-30,2.1650892158500001e-05,2.1650892158500001e-05
24,2.2500000000000009e-01,-9.7499999999999998e-01,6.6991154579532569e-153,1.6528908425200001e-05,1.6981251549467517e-30,1.6528908425200001e-05,1.6528908425200001e-05
25,2.7500000000000013e-01,-9.7499999999999998e-01,1.2531833727543952e-154,1.2822624171800000e-05,7.6624760065777527e-31,1.2822624171800000e-05,1.2822624171800000e-05
26,3.2500000000000018e-01,-9.7499999999999998e-01,1.0578186446916238e-156,1.0074146189899999e-05,2.9488212417397457e-31,1.0074146189899999e-05,1.0074146189899999e-05
27,3.7500000000000000e-01,-9.7499999999999998e-01,4.0290925470513744e-159,7.9591487756700007e-06,9.6784910200477565e-32,7.9591487756700007e-06,7.9591487756700007e-06
28,4.2500000000000004e-01,-9.7499999999999998e-01,6.9247277102466688e-162,6.2702469461800000e-06,2.7092354086205497e-32,6.2702469461800000e-06,6.2702469461800000e-06
29,4.7500000000000009e-01,-9.7499999999999998e-01,5.3702881770027527e-165,4.8869553580200002e-06,6.4679361061465202e-33,4.8869553580200002e-06,4.8869553580200002e-06
30,5.2500000000000013e-01,-9.7499999999999998e-01,1.8792818246900067e-168,3.7443765508100002e-06,1.3169357445185076e-33,3.7443765508100002e-06,3.7443765508100002e-06
31,5.7500000000000018e-01,-9.7499999999999998e-01,2.9674654292264753e-172,2.8075132890000000e-06,2.2868797898257617e-34,2.8075132890000000e-06,2.8075132890000000e-06
32,6.2500000000000000e-01,-9.7499999999999998e-01,2.1143596149039455e-176,2.0537272191700000e-06,3.3868968786984785e-35,2.0537272191700000e-06,2.0537272191700000e-06
33,6.7500000000000004e-01,-9.7499999999999998e-01,6.7978483846876625e-181,1.4629454971300001e-06,4.2779972163268628e-36,1.4629454971300001e-06,1.4629454971300001e-06
34,7.2500000000000009e-01,-9.7499999999999998e-01,9.8619665563544780e-186,1.0137370496000000e-06,4.6084927426364921e-37,1.0137370496000000e-06,1.0137370496000000e-06
35,7.7500000000000013e-01,-9.7499999999999998e-01,6.4558734555318925e-191,6.8301026632399999e-07,4.2340619166712345e-38,6.8301026632399999e-07,6.8301026632399999e-07
36,8.2500000000000018e-01,-9.7499999999999998e-01,1.9069790626126844e-196,4.4739285589700002e-07,3.3176868222696465e-39,4.4739285589700002e-07,4.4739285589700002e-07
37,8.7500000000000000e-01,-9.7499999999999998e-01,2.5417701366120276e-202,2.8497460768399999e-07,2.2171417364748231e-40,2.8497460768399999e-07,2.8497460768399999e-07
38,9.2500000000000004e-01,-9.7499999999999998e-01,1.5287133320837191e-208,1.7837340077500000e-07,1.2636634186905703e-41,1.7837340077500000e-07,1.7837340077500000e-07
39,9.7500000000000009e-01,-9.7499999999999998e-01,4.1487308965162119e-215,2.5277553264400001e-07,6.1425578590137373e-43,2.5277553264400001e-07,2.5277553264400001e-07
40,-9.7499999999999998e-01,-9.2500000000000004e-01,4.3684938711462023e-205,1.9429200533499998e-06,6.2062969175110143e-41,1.9429200533499998e-06,1.9429200533499998e-06
41,-9.2500000000000004e-01,-9.2500000000000004e-01,1.6096910087744322e-198,9.3327894858700008e-06,1.2767759881466922e-39,9.3327894858700008e-06,9.3327894858700008e-06
42,-8.7500000000000000e-01,-9.2500000000000004e-01,2.6764105796729629e-192,2.4620957800400002e-05,2.2401481989422723e-38,2.4620957800400002e-05,2.4620957800400002e-05
43,-8.2499999999999996e-01,-9.2500000000000004e-01,2.0079939034907129e-186,4.7719038405099998e-05,3.3521132353851506e-37,4.7719038405099998e-05,4.7719038405099998e-05
44,-7.7500000000000002e-01,-9.2500000000000004e-01,6.7978483846876625e-181,7.6150577305500003e-05,4.2779972163268020e-36,7.6150577305500003e-05,7.6150577305500003e-05
45,-7.2499999999999998e-01,-9.2500000000000004e-01,1.0384366094956961e-175,1.0631082245400000e-04,4.6563133729420467e-35,1.0631082245400000e-04,1.0631082245400000e-04
46,-6.7500000000000004e-01,-9.2500000000000004e-01,7.1579381131771892e-171,1.3470000906699999e-04,4.3223884163904919e-34,1.3470000906699999e-04,1.3470000906699999e-04
47,-6.2500000000000000e-01,-9.2500000000000004e-01,2.2263596385253854e-166,1.5861755648400000e-04,3.4220414590557530e-33,1.5861755648400000e-04,1.5861755648400000e-04
48,-5.7499999999999996e-01,-9.2500000000000004e-01,3.1246554340992486e-162,1.7634495580900000e-04,2.3106098983645115e-32,1.7634495580900000e-04,1.7634495580900000e-04
49,-5.2499999999999991e-01,-9.2500000000000004e-01,1.9788295115042295e-158,1.8704821340899999e-04,1.3306011012613390e-31,1.8704821340899999e-04,1.8704821340899999e-04
50,-4.7499999999999998e-01,-9.2500000000000004e-01,5.6547584243718358e-155,1.9060019020700000e-04,6.5350514947661592e-31,1.9060019020700000e-04,1.9060019020700000e-04
51,-4.2499999999999993e-01,-9.2500000000000004e-01,7.2915383803203579e-152,1.8742222035999999e-04,2.7373481457174127e-30,1.8742222035999999e-04,1.8742222035999999e-04
52,-3.7500000000000000e-01,-9.2500000000000004e-01,4.2425181428023697e-149,1.7836354803299999e-04,9.7789211534629590e-30,1.7836354803299999e-04,1.7836354803299999e-04
53,-3.2499999999999996e-01,-9.2500000000000004e-01,1.1138524964346306e-146,1.6459886305200000e-04,2.9794200727054472e-29,1.6459886305200000e-04,1.6459886305200000e-04
54,-2.7499999999999991e-01,-9.2500000000000004e-01,1.3195659154217475e-144,1.4751939401900000e-04,7.7419866953863047e-29,1.4751939401900000e-04,1.4751939401900000e-04
55,-2.2499999999999998e-01,-9.2500000000000004e-01,7.0539751914842538e-143,1.2860566600699999e-04,1.7157459736791093e-28,1.2860566600699999e-04,1.2860566600699999e-04
56,-1.7499999999999993e-01,-9.2500000000000004e-01,1.7015166335296839e-141,1.0928708978200000e-04,3.2428991480415112e-28,1.0928708978200000e-04,1.0928708978200000e-04
57,-1.2500000000000000e-01,-9.2500000000000004e-01,1.8519868654309955e-140,9.0806733526300001e-05,5.2274968919581711e-28,9.0806733526300001e-05,9.0806733526300001e-05
58,-7.4999999999999956e-02,-9.2500000000000004e-01,9.0957609472506590e-140,7.4115041467199999e-05,7.1867743709963665e-28,7.4115041467199999e-05,7.4115041467199999e-05
59,-2.4999999999999911e-02,-9.2500000000000004e-01,2.0157636323624503e-139,5.9822652700899999e-05,8.4266338569102355e-28,5.9822652700899999e-05,5.9822652700899999e-05
60,2.5000000000000133e-02,-9.2500000000000004e-01,2.0157636323624503e-139,4.8770739949100001e-05,8.4266338569102355e-28,4.8770739949100001e-05,4.8770739949100001e-05
61,7.4999999999999956e-02,-9.2500000000000004e-01,9.0957609472506590e-140,4.0842750981200003e-05,7.1867743709964688e-28,4.0842750981200003e-05,4.0842750981200003e-05
62,1.2500000000000000e-01,-9.2500000000000004e-01,1.8519868654309955e-140,3.5216307565399997e-05,5.2274968919581711e-28,3.5216307565399997e-05,3.5216307565399997e-05
63,1.7500000000000004e-01,-9.2500000000000004e-01,1.7015166335296839e-141,3.1266136517600001e-05,3.2428991480415112e-28,3.1266136517600001e-05,3.1266136517600001e-05
64,2.2500000000000009e-01,-9.2500000000000004e-01,7.0539751914842538e-143,2.8456522202900001e-05,1.7157459736791093e-28,2.8456522202900001e-05,2.8456522202900001e-05
65,2.7500000000000013e-01,-9.2500000000000004e-01,1.3195659154217475e-144,2.6302028521099999e-05,7.7419866953863047e-29,2.6302028521099999e-05,2.6302028521099999e-05
66,3.2500000000000018e-01,-9.2500000000000004e-01,1.1138524964345041e-146,2.4386724293600001e-05,2.9794200727054472e-29,2.4386724293600001e-05,2.4386724293600001e-05
67,3.7500000000000000e-01,-9.2500000000000004e-01,4.2425181428023697e-149,2.2405686839499998e-05,9.7789211534629590e-30,2.2405686839499998e-05,2.2405686839499998e-05
68,4.2500000000000004e-01,-9.2500000000000004e-01,7.2915383803203579e-152,2.0194133033900001e-05,2.7373481457174127e-30,2.0194133033900001e-05,2.0194133033900001e-05
69,4.7500000000000009e-01,-9.2500000000000004e-01,5.6547584243718358e-155,1.7726252473900001e-05,6.5350514947661592e-31,1.7726252473900001e-05,1.7726252473900001e-05
70,5.2500000000000013e-01,-9.2500000000000004e-01,1.9788295115041171e-158,1.5084405629399999e-05,1.3306011012613390e-31,1.5084405629399999e-05,1.5084405629399999e-05
71,5.7500000000000018e-01,-9.2500000000000004e-01,3.1246554340990709e-162,1.2411417525200000e-05,2.3106098983645115e-32,1.2411417525200000e-05,1.2411417525200000e-05
72,6.2500000000000000e-01,-9.2500000000000004e-01,2.2263596385253854e-166,9.8618933453099999e-06,3.4220414590557530e-33,9.8618933453099999e-06,9.8618933453099999e-06
73,6.7500000000000004e-01,-9.2500000000000004e-01,7.1579381131771892e-171,7.5648394577300004e-06,4.3223884163905526e-34,7.5648394577300004e-06,7.5648394577300004e-06
74,7.2500000000000009e-01,-9.2500000000000004e-01,1.0384366094956961e-175,5.6032048234800002e-06,4.6563133729420467e-35,5.6032048234800002e-06,5.6032048234800002e-06
75,7.7500000000000013e-01,-9.2500000000000004e-01,6.7978483846872751e-181,4.0096886920600004e-06,4.2779972163268628e-36,4.0096886920600004e-06,4.0096886920600004e-06
76,8.2500000000000018e-01,-9.2500000000000004e-01,2.0079939034904851e-186,2.7742293914300001e-06,3.3521132353851506e-37,2.7742293914300001e-06,2.7742293914300001e-06
77,8.7500000000000000e-01,-9.2500000000000004e-01,2.6764105796729629e-192,1.8575484011100001e-06,2.2401481989423357e-38,1.8575484011100001e-06,1.8575484011100001e-06
78,9.2500000000000004e-01,-9.2500000000000004e-01,1.6096910087744322e-198,1.2195631531999999e-06,1.2767759881467103e-39,1.2195631531999999e-06,1.2195631531999999e-06
79,9.7500000000000009e-01,-9.2500000000000004e-01,4.3684938711462023e-205,1.8772426440800000e-06,6.2062969175110143e-41,1.8772426440800000e-06,1.8772426440800000e-06
80,-9.7499999999999998e-01,-8.7500000000000000e-01,2.0756189548876318e-195,4.2059548770600002e-06,5.3480533190120998e-39,4.2059548770600002e-06,4.2059548770600002e-06
81,-9.2500000000000004e-01,-8.7500000000000000e-01,7.6481855483243903e-189,1.9074927583500001e-05,1.1002158214146951e-37,1.9074927583500001e-05,1.9074927583500001e-05
82,-8.7500000000000000e-01,-8.7500000000000000e-01,1.2716530442958159e-182,4.7718914660099999e-05,1.9303672011936534e-36,4.7718914660099999e-05,4.7718914660099999e-05
83,-8.2499999999999996e-01,-8.7500000000000000e-01,9.5406571013234395e-177,8.8237415914900003e-05,2.8885631081594355e-35,8.8237415914900003e-05,8.8237415914900003e-05
84,-7.7500000000000002e-01,-8.7500000000000000e-01,3.2298873194955578e-171,1.3524941703500000e-04,3.6864103531606127e-34,1.3524941703500000e-04,1.3524941703500000e-04
85,-7.2499999999999998e-01,-8.7500000000000000e-01,4.9339629943282510e-166,1.8260823241400000e-04,4.0124107047250270e-33,1.8260823241400000e-04,1.8260823241400000e-04
86,-6.7500000000000004e-01,-8.7500000000000000e-01,3.4009781091266891e-161,2.2524522458100001e-04,3.7246628744290857e-32,2.2524522458100001e-04,2.2524522458100001e-04
87,-6.2500000000000000e-01,-8.7500000000000000e-01,1.0578186446916841e-156,2.5977435328200000e-04,2.9488212417397457e-31,2.5977435328200000e-04,2.5977435328200000e-04
88,-5.7499999999999996e-01,-8.7500000000000000e-01,1.4846293111101442e-152,2.8432990522899999e-04,1.9910850383301218e-30,2.8432990522899999e-04,2.8432990522899999e-04
89,-5.2499999999999991e-01,-8.7500000000000000e-01,9.4020872266699756e-149,2.9817426473799998e-04,1.1465976782070916e-29,2.9817426473799998e-04,2.9817426473799998e-04
90,-4.7499999999999998e-01,-8.7500000000000000e-01,2.6867666791201097e-145,3.0137422373000000e-04,5.6313457607689650e-29,3.0137422373000000e-04,3.0137422373000000e-04
91,-4.2499999999999993e-01,-8.7500000000000000e-01,3.4644561075033927e-142,2.9461926048599999e-04,2.3588113863341671e-28,2.9461926048599999e-04,2.9461926048599999e-04
92,-3.7500000000000000e-01,-8.7500000000000000e-01,2.0157636323624503e-139,2.7913596287400000e-04,8.4266338569102355e-28,2.7913596287400000e-04,2.7913596287400000e-04
93,-3.2499999999999996e-01,-8.7500000000000000e-01,5.2922893398540887e-137,2.5662189218200000e-04,2.5674081695327398e-27,2.5662189218200000e-04,2.5662189218200000e-04
94,-2.7499999999999991e-01,-8.7500000000000000e-01,6.2697032594307791e-135,2.2913965720900001e-04,6.6713787935582372e-27,2.2913965720900001e-04,2.2913965720900001e-04
95,-2.2499999999999998e-01,-8.7500000000000000e-01,3.3515818143771914e-133,1.9894744422200000e-04,1.4784824301954698e-26,1.9894744422200000e-04,1.9894744422200000e-04
96,-1.7499999999999993e-01,-8.7500000000000000e-01,8.0844800995088929e-132,1.6827790632500001e-04,2.7944517934634215e-26,1.6827790632500001e-04,1.6827790632500001e-04
97,-1.2500000000000000e-01,-8.7500000000000000e-01,8.7994149825433871e-131,1.3910331091399999e-04,4.5046075743302071e-26,1.3910331091399999e-04,1.3910331091399999e-04
98,-7.4999999999999956e-02,-8.7500000000000000e-01,4.3217031746199066e-130,1.1293613503800001e-04,6.1929445269293737e-26,1.1293613503800001e-04,1.1293613503800001e-04
99,-2.4999999999999911e-02,-8.7500000000000000e-01,9.5775737069000965e-130,9.0717853991200000e-05,7.2613488792962207e-26,9.0717853991200000e-05,9.0717853991200000e-05
100,2.5000000000000133e-02,-8.7500000000000000e-01,9.5775737069000965e-130,7.3238277944400005e-05,7.2613488792962207e-26,7.3238277944400005e-05,7.3238277944400005e-05
101,7.4999999999999956e-02,-8.7500000000000000e-01,4.3217031746199066e-130,6.0626203084299999e-05,6.1929445269293737e-26,6.0626203084299999e-05,6.0626203084299999e-05
102,1.2500000000000000e-01,-8.7500000000000000e-01,8.7994149825433871e-131,5.2255264801800001e-05,4.5046075743302071e-26,5.2255264801800001e-05,5.2255264801800001e-05
103,1.7500000000000004e-01,-8.7500000000000000e-01,8.0844800995084337e-132,4.7347828720299997e-05,2.7944517934634416e-26,4.7347828720299997e-05,4.7347828720299997e-05
104,2.2500000000000009e-01,-8.7500000000000000e-01,3.3515818143771914e-133,4.5012759133500000e-05,1.4784824301954801e-26,4.5012759133500000e-05,4.5012759133500000e-05
105,2.7500000000000013e-01,-8.7500000000000000e-01,6.2697032594307791e-135,4.4292647559000002e-05,6.6713787935582372e-27,4.4292647559000002e-05,4.4292647559000002e-05
106,3.2500000000000018e-01,-8.7500000000000000e-01,5.2922893398537880e-137,4.4236008588300001e-05,2.5674081695327398e-27,4.4236008588300001e-05,4.4236008588300001e-05
107,3.7500000000000000e-01,-8.7500000000000000e-01,2.0157636323624503e-139,4.3997421706599998e-05,8.4266338569102355e-28,4.3997421706599998e-05,4.3997421706599998e-05
108,4.2500000000000004e-01,-8.7500000000000000e-01,3.4644561075033927e-142,4.2943509754699998e-05,2.3588113863341671e-28,4.2943509754699998e-05,4.2943509754699998e-05
109,4.7500000000000009e-01,-8.7500000000000000e-01,2.6867666791201097e-145,4.0728930260500000e-05,5.6313457607689650e-29,4.0728930260500000e-05,4.0728930260500000e-05
110,5.2500000000000013e-01,-8.7500000000000000e-01,9.4020872266694424e-149,3.7313972321200002e-05,1.1465976782070916e-29,3.7313972321200002e-05,3.7313972321200002e-05
111,5.7500000000000018e-01,-8.7500000000000000e-01,1.4846293111100599e-152,3.2917694700300002e-05,1.9910850383301218e-30,3.2917694700300002e-05,3.2917694700300002e-05
112,6.2500000000000000e-01,-8.7500000000000000e-01,1.0578186446916841e-156,2.7924068657800002e-05,2.9488212417397457e-31,2.7924068657800002e-05,2.7924068657800002e-05
113,6.7500000000000004e-01,-8.7500000000000000e-01,3.4009781091266891e-161,2.2771935607999999e-05,3.7246628744291382e-32,2.2771935607999999e-05,2.2771935607999999e-05
114,7.2500000000000009e-01,-8.7500000000000000e-01,4.9339629943279709e-166,1.7859076801699999e-05,4.0124107047250845e-33,1.7859076801699999e-05,1.7859076801699999e-05
115,7.7500000000000013e-01,-8.7500000000000000e-01,3.2298873194955578e-171,1.3479855260500000e-05,3.6864103531606127e-34,1.3479855260500000e-05,1.3479855260500000e-05
116,8.2500000000000018e-01,-8.7500000000000000e-01,9.5406571013234395e-177,9.8016002054500008e-06,2.8885631081594355e-35,9.8016002054500008e-06,9.8016002054500008e-06
117,8.7500000000000000e-01,-8.7500000000000000e-01,1.2716530442958159e-182,6.8741721011199997e-06,1.9303672011936534e-36,6.8741721011199997e-06,6.8741721011199997e-06
118,9.2500000000000004e-01,-8.7500000000000000e-01,7.6481855483243903e-189,4.7246024679500002e-06,1.1002158214147105e-37,4.7246024679500002e-06,4.7246024679500002e-06
119,9.7500000000000009e-01,-8.7500000000000000e-01,2.0756189548876318e-195,7.9032018822899993e-06,5.3480533190120998e-39,7.9032018822899993e-06,7.9032018822899993e-06
120,-9.7499999999999998e-01,-8.2499999999999996e-01,4.4500301933347986e-186,8.9299347679100008e-06,3.9304184914291226e-37,8.9299347679100008e-06,8.9299347679100008e-06
121,-9.2500000000000004e-01,-8.2499999999999996e-01,1.6397352960245541e-179,3.8101484763799997e-05,8.0857619606717987e-36,3.8101484763799997e-05,3.8101484763799997e-05
122,-8.7500000000000000e-01,-8.2499999999999996e-01,2.7263647931315644e-173,9.0195647578899995e-05,1.4186752618654180e-34,9.0195647578899995e-05,9.0195647578899995e-05
123,-8.2499999999999996e-01,-8.2499999999999996e-01,2.0454723669374961e-167,1.5901938517600000e-04,2.1228774615259176e-33,1.5901938517600000e-04,1.5901938517600000e-04
124,-7.7500000000000002e-01,-8.2499999999999996e-01,6.9247277102466688e-162,2.3431297910200000e-04,2.7092354086205497e-32,2.3431297910200000e-04,2.3431297910200000e-04
125,-7.2499999999999998e-01,-8.2499999999999996e-01,1.0578186446916841e-156,3.0662094464899999e-04,2.9488212417397457e-31,3.0662094464899999e-04,3.0662094464899999e-04
126,-6.7500000000000004e-01,-8.2499999999999996e-01,7.2915383803203579e-152,3.6939457250200001e-04,2.7373481457174127e-30,3.6939457250200001e-04,3.6939457250200001e-04
127,-6.2500000000000000e-01,-8.2499999999999996e-01,2.2679138176424405e-147,4.1891218399400001e-04,2.1671626749214345e-29,4.1891218399400001e-04,4.1891218399400001e-04
128,-5.7499999999999996e-01,-8.2499999999999996e-01,3.1829759719591812e-143,4.5339503928200001e-04,1.4632983229318394e-28,4.5339503928200001e-04,4.5339503928200001e-04
129,-5.2499999999999991e-01,-8.2499999999999996e-01,2.0157636323624503e-139,4.7222051621300000e-04,8.4266338569102355e-28,4.7222051621300000e-04,4.7222051621300000e-04
130,-4.7499999999999998e-01,-8.2499999999999996e-01,5.7603023986537224e-136,4.7552035732399998e-04,4.1386172106911084e-27,4.7552035732399998e-04,4.7552035732399998e-04
131,-4.2499999999999993e-01,-8.2499999999999996e-01,7.4276322470311034e-133,4.6409905073900001e-04,1.7335496371517127e-26,4.6409905073900001e-04,4.6409905073900001e-04
132,-3.7500000000000000e-01,-8.2499999999999996e-01,4.3217031746199066e-130,4.3949531844100000e-04,6.1929445269293737e-26,4.3949531844100000e-04,4.3949531844100000e-04
133,-3.2499999999999996e-01,-8.2499999999999996e-01,1.1346421412637476e-127,4.0402407569500002e-04,1.8868526438778470e-25,4.0402407569500002e-04,4.0402407569500002e-04
134,-2.7499999999999991e-01,-8.2499999999999996e-01,1.3441951251224249e-125,3.6069623909800000e-04,4.9029635662594430e-25,3.6069623909800000e-04,3.6069623909800000e-04
135,-2.2499999999999998e-01,-8.2499999999999996e-01,7.1856350291509869e-124,3.1298194210500001e-04,1.0865738122384176e-24,3.1298194210500001e-04,3.1298194210500001e-04
136,-1.7499999999999993e-01,-8.2499999999999996e-01,1.7332748120993383e-122,2.6444412464100001e-04,2.0537126964292810e-24,2.6444412464100001e-04,2.6444412464100001e-04
137,-1.2500000000000000e-01,-8.2499999999999996e-01,1.8865535152197797e-121,2.1831570592200001e-04,3.3105490634954297e-24,2.1831570592200001e-04,2.1831570592200001e-04
138,-7.4999999999999956e-02,-8.2499999999999996e-01,9.2655299607873300e-121,1.7711723975600001e-04,4.5513502265407988e-24,1.7711723975600001e-04,1.7711723975600001e-04
139,-2.4999999999999911e-02,-8.2499999999999996e-01,2.0533871149245828e-120,1.4242050148499999e-04,5.3365473763032669e-24,1.4242050148499999e-04,1.4242050148499999e-04
140,2.5000000000000133e-02,-8.2499999999999996e-01,2.0533871149245828e-120,1.1542860552000001e-04,5.3365473763032669e-24,1.1542860552000001e-04,1.1542860552000001e-04
141,7.4999999999999956e-02,-8.2499999999999996e-01,9.2655299607873300e-121,9.6240008357199996e-05,4.5513502265407988e-24,9.6240008357199996e-05,9.6240008357199996e-05
142,1.2500000000000000e-01,-8.2499999999999996e-01,1.8865535152197797e-121,8.3840492874600003e-05,3.3105490634954297e-24,8.3840492874600003e-05,8.3840492874600003e-05
143,1.7500000000000004e-01,-8.2499999999999996e-01,1.7332748120993383e-122,7.7053201685800001e-05,2.0537126964292957e-24,7.7053201685800001e-05,7.7053201685800001e-05
144,2.2500000000000009e-01,-8.2499999999999996e-01,7.1856350291505788e-124,7.4593849965300002e-05,1.0865738122384253e-24,7.4593849965300002e-05,7.4593849965300002e-05
145,2.7500000000000013e-01,-8.2499999999999996e-01,1.3441951251224249e-125,7.5098585395700005e-05,4.9029635662594430e-25,7.5098585395700005e-05,7.5098585395700005e-05
146,3.2500000000000018e-01,-8.2499999999999996e-01,1.1346421412637476e-127,7.7155825445999993e-05,1.8868526438778470e-25,7.7155825445999993e-05,7.7155825445999993e-05
147,3.7500000000000000e-01,-8.2499999999999996e-01,4.3217031746199066e-130,7.9378700356299997e-05,6.1929445269293737e-26,7.9378700356299997e-05,7.9378700356299997e-05
148,4.2500000000000004e-01,-8.2499999999999996e-01,7.4276322470311034e-133,8.0532016562000002e-05,1.7335496371517127e-26,8.0532016562000002e-05,8.0532016562000002e-05
149,4.7500000000000009e-01,-8.2499999999999996e-01,5.7603023986533955e-136,7.9688538597900003e-05,4.1386172106911371e-27,7.9688538597900003e-05,7.9688538597900003e-05
150,5.2500000000000013e-01,-8.2499999999999996e-01,2.0157636323624503e-139,7.6360091975699999e-05,8.4266338569102355e-28,7.6360091975699999e-05,7.6360091975699999e-05
151,5.7500000000000018e-01,-8.2499999999999996e-01,3.1829759719588193e-143,7.0549184537200006e-05,1.4632983229318394e-28,7.0549184537200006e-05,7.0549184537200006e-05
152,6.2500000000000000e-01,-8.2499999999999996e-01,2.2679138176424405e-147,6.2696075622200001e-05,2.1671626749214651e-29,6.2696075622200001e-05,6.2696075622200001e-05
153,6.7500000000000004e-01,-8.2499999999999996e-01,7.2915383803203579e-152,5.3536779924000000e-05,2.7373481457174513e-30,5.3536779924000000e-05,5.3536779924000000e-05
154,7.2500000000000009e-01,-8.2499999999999996e-01,1.0578186446916841e-156,4.3917989333800003e-05,2.9488212417397457e-31,4.3917989333800003e-05,4.3917989333800003e-05
155,7.7500000000000013e-01,-8.2499999999999996e-01,6.9247277102466688e-162,3.4623005472099997e-05,2.7092354086205497e-32,3.4623005472099997e-05,3.4623005472099997e-05
156,8.2500000000000018e-01,-8.2499999999999996e-01,2.0454723669373801e-167,2.6249600469999999e-05,2.1228774615259176e-33,2.6249600469999999e-05,2.6249600469999999e-05
157,8.7500000000000000e-01,-8.2499999999999996e-01,2.7263647931315644e-173,1.9160034039900001e-05,1.4186752618654384e-34,1.9160034039900001e-05,1.9160034039900001e-05
158,9.2500000000000004e-01,-8.2499999999999996e-01,1.6397352960245541e-179,1.3719817183800000e-05,8.0857619606717987e-36,1.3719817183800000e-05,1.3719817183800000e-05
159,9.7500000000000009e-01,-8.2499999999999996e-01,4.4500301933345455e-186,2.4795242959800000e-05,3.9304184914291777e-37,2.4795242959800000e-05,2.4795242959800000e-05
160,-9.7499999999999998e-01,-7.7500000000000002e-01,4.3050452384453322e-177,1.8527769811199999e-05,2.4635520739639597e-35,1.8527769811199999e-05,1.8527769811199999e-05
161,-9.2500000000000004e-01,-7.7500000000000002e-01,1.5863116252636531e-170,7.4025035098800003e-05,5.0680851647806858e-34,7.4025035098800003e-05,7.4025035098800003e-05
162,-8.7500000000000000e-01,-7.7500000000000002e-01,2.6375380078357874e-164,1.6531540661500000e-04,8.8921329656657506e-33,1.6531540661500000e-04,1.6531540661500000e-04
163,-8.2499999999999996e-01,-7.7500000000000002e-01,1.9788295115042295e-158,2.7751618215699999e-04,1.3306011012613578e-31,2.7751618215699999e-04,2.7751618215699999e-04
164,-7.7500000000000002e-01,-7.7500000000000002e-01,6.6991154579536374e-153,3.9320512310599999e-04,1.6981251549467517e-30,3.9320512310599999e-04,3.9320512310599999e-04
165,-7.2499999999999998e-01,-7.7500000000000002e-01,1.0233542069645933e-147,4.9955432993399997e-04,1.8482954681997199e-29,4.9955432993399997e-04,4.9955432993399997e-04
166,-6.7500000000000004e-01,-7.7500000000000002e-01,7.0539751914850550e-143,5.8940736868300005e-04,1.7157459736791093e-28,5.8940736868300005e-04,5.8940736868300005e-04
167,-6.2500000000000000e-01,-7.7500000000000002e-01,2.1940236712260250e-138,6.5945973773499998e-04,1.3583586872650799e-27,6.5945973773499998e-04,6.5945973773499998e-04
168,-5.7499999999999996e-01,-7.7500000000000002e-01,3.0792724895873172e-134,7.0826022892599995e-04,9.1718264254756289e-27,7.0826022892599995e-04,7.0826022892599995e-04
169,-5.2499999999999991e-01,-7.7500000000000002e-01,1.9500887073377513e-130,7.3509139870700003e-04,5.2817407001303144e-26,7.3509139870700003e-04,7.3509139870700003e-04
170,-4.7499999999999998e-01,-7.7500000000000002e-01,5.5726279004740511e-127,7.3971988633400002e-04,2.5940492176531251e-25,7.3971988633400002e-04,7.3971988633400002e-04
171,-4.2499999999999993e-01,-7.7500000000000002e-01,7.1856350291509869e-124,7.2264686130600001e-04,1.0865738122384253e-24,7.2264686130600001e-04,7.2264686130600001e-04
172,-3.7500000000000000e-01,-7.7500000000000002e-01,4.1808991996816329e-121,6.8549040794000000e-04,3.8816836849638403e-24,6.8549040794000000e-04,6.8549040794000000e-04
173,-3.2499999999999996e-01,-7.7500000000000002e-01,1.0976747427249848e-118,6.3123941354599998e-04,1.1826628014869432e-23,6.3123941354599998e-04,6.3123941354599998e-04
174,-2.7499999999999991e-01,-7.7500000000000002e-01,1.3004003504554825e-116,5.6423210842799999e-04,3.0731348553767612e-23,5.6423210842799999e-04,5.6423210842799999e-04
175,-2.2499999999999998e-01,-7.7500000000000002e-01,6.9515222422053991e-115,4.8981405187300002e-04,6.8105500075681986e-23,4.8981405187300002e-04,4.8981405187300002e-04
176,-1.7499999999999993e-01,-7.7500000000000002e-01,1.6768035614504687e-113,4.1372282174500000e-04,1.2872492289681854e-22,4.1372282174500000e-04,4.1372282174500000e-04
177,-1.2500000000000000e-01,-7.7500000000000002e-01,1.8250883420822175e-112,3.4132644306800002e-04,2.0750233159950586e-22,3.4132644306800002e-04,3.4132644306800002e-04
178,-7.4999999999999956e-02,-7.7500000000000002e-01,8.9636528082673710e-112,2.7689547168100001e-04,2.8527466768186104e-22,2.7689547168100001e-04,2.7689547168100001e-04
179,-2.4999999999999911e-02,-7.7500000000000002e-01,1.9864863917173874e-111,2.2311816279000000e-04,3.3449014107193646e-22,2.2311816279000000e-04,2.2311816279000000e-04
180,2.5000000000000133e-02,-7.7500000000000002e-01,1.9864863917173874e-111,1.8201225097500001e-04,3.3449014107193646e-22,1.8201225097500001e-04,1.8201225097500001e-04
181,7.4999999999999956e-02,-7.7500000000000002e-01,8.9636528082673710e-112,1.5372490598299999e-04,2.8527466768186104e-22,1.5372490598299999e-04,1.5372490598299999e-04
182,1.2500000000000000e-01,-7.7500000000000002e-01,1.8250883420822175e-112,1.3649266697499999e-04,2.0750233159950586e-22,1.3649266697499999e-04,1.3649266697499999e-04
183,1.7500000000000004e-01,-7.7500000000000002e-01,1.6768035614503735e-113,1.2824716597900000e-04,1.2872492289681944e-22,1.2824716597900000e-04,1.2824716597900000e-04
184,2.2500000000000009e-01,-7.7500000000000002e-01,6.9515222422053991e-115,1.2678370190699999e-04,6.8105500075682480e-23,1.2678370190699999e-04,1.2678370190699999e-04
185,2.7500000000000013e-01,-7.7500000000000002e-01,1.3004003504554825e-116,1.2988168971600001e-04,3.0731348553767612e-23,1.2988168971600001e-04,1.2988168971600001e-04
186,3.2500000000000018e-01,-7.7500000000000002e-01,1.0976747427249848e-118,1.3537574571799999e-04,1.1826628014869432e-23,1.3537574571799999e-04,1.3537574571799999e-04
187,3.7500000000000000e-01,-7.7500000000000002e-01,4.1808991996816329e-121,1.4120755784799999e-04,3.8816836849638403e-24,1.4120755784799999e-04,1.4120755784799999e-04
188,4.2500000000000004e-01,-7.7500000000000002e-01,7.1856350291509869e-124,1.4550624942200001e-04,1.0865738122384253e-24,1.4550624942200001e-04,1.4550624942200001e-04
189,4.7500000000000009e-01,-7.7500000000000002e-01,5.5726279004740511e-127,1.4672655284800001e-04,2.5940492176531251e-25,1.4672655284800001e-04,1.4672655284800001e-04
190,5.2500000000000013e-01,-7.7500000000000002e-01,1.9500887073375295e-130,1.4382598836200000e-04,5.2817407001303144e-26,1.4382598836200000e-04,1.4382598836200000e-04
191,5.7500000000000018e-01,-7.7500000000000002e-01,3.0792724895871422e-134,1.3641665791399999e-04,9.1718264254756289e-27,1.3641665791399999e-04,1.3641665791399999e-04
192,6.2500000000000000e-01,-7.7500000000000002e-01,2.1940236712260250e-138,1.2481683464500001e-04,1.3583586872650799e-27,1.2481683464500001e-04,1.2481683464500001e-04
193,6.7500000000000004e-01,-7.7500000000000002e-01,7.0539751914850550e-143,1.0996055639900000e-04,1.7157459736791337e-28,1.0996055639900000e-04,1.0996055639900000e-04
194,7.2500000000000009e-01,-7.7500000000000002e-01,1.0233542069645933e-147,9.3180010284299995e-05,1.8482954681997199e-29,9.3180010284299995e-05,9.3180010284299995e-05
195,7.7500000000000013e-01,-7.7500000000000002e-01,6.6991154579532569e-153,7.5923818186000001e-05,1.6981251549467759e-30,7.5923818186000001e-05,7.5923818186000001e-05
196,8.2500000000000018e-01,-7.7500000000000002e-01,1.9788295115041171e-158,5.9491877148100000e-05,1.3306011012613578e-31,5.9491877148100000e-05,5.9491877148100000e-05
197,8.7500000000000000e-01,-7.7500000000000002e-01,2.6375380078357874e-164,4.4861955625400002e-05,8.8921329656660024e-33,4.4861955625400002e-05,4.4861955625400002e-05
198,9.2500000000000004e-01,-7.7500000000000002e-01,1.5863116252636531e-170,3.3273062364600000e-05,5.0680851647807585e-34,3.3273062364600000e-05,3.3273062364600000e-05
199,9.7500000000000009e-01,-7.7500000000000002e-01,4.3050452384453322e-177,6.4377558384000005e-05,2.4635520739639597e-35,6.4377558384000005e-05,6.4377558384000005e-05
200,-9.7499999999999998e-01,-7.2499999999999998e-01,1.8792818246900067e-168,3.7544056645699997e-05,1.3169357445184889e-33,3.7544056645699997e-05,3.7544056645699997e-05
201,-9.2500000000000004e-01,-7.2499999999999998e-01,6.9247277102466688e-162,1.3974412884200000e-04,2.7092354086205108e-32,1.3974412884200000e-04,1.3974412884200000e-04
202,-8.7500000000000000e-01,-7.2499999999999998e-01,1.1513647280150008e-155,2.9351318406700000e-04,4.7534484337707182e-31,2.9351318406700000e-04,2.9351318406700000e-04
203,-8.2499999999999996e-01,-7.2499999999999998e-01,8.6381864281483507e-150,4.6870382103199998e-04,7.1129657475727581e-30,4.6870382103199998e-04,4.6870382103199998e-04
204,-7.7500000000000002e-01,-7.2499999999999998e-01,2.9243655349320502e-144,6.3922971420100005e-04,9.0776311929833498e-29,6.3922971420100005e-04,6.3922971420100005e-04
205,-7.2499999999999998e-01,-7.2499999999999998e-01,4.4672491340958434e-139,7.9050258979699998e-04,9.8803934133498293e-28,7.9050258979699998e-04,7.9050258979699998e-04
206,-6.7500000000000004e-01,-7.2499999999999998e-01,3.0792724895869672e-134,9.1670228633099996e-04,9.1718264254754338e-27,9.1670228633099996e-04,9.1670228633099996e-04
207,-6.2500000000000000e-01,-7.2499999999999998e-01,9.5775737068995503e-130,1.0158839079699999e-03,7.2613488792961174e-26,1.0158839079699999e-03,1.0158839079699999e-03
208,-5.7499999999999996e-01,-7.2499999999999998e-01,1.3441951251223486e-125,1.0867878675899999e-03,4.9029635662594081e-25,1.0867878675899999e-03,1.0867878675899999e-03
209,-5.2499999999999991e-01,-7.2499999999999998e-01,8.5127241672296843e-122,1.1278091929399999e-03,2.8234487895714468e-24,1.1278091929399999e-03,1.1278091929399999e-03
210,-4.7499999999999998e-01,-7.2499999999999998e-01,2.4326198097987530e-118,1.1373505349100001e-03,1.3866953225270540e-23,1.1373505349100001e-03,1.1373505349100001e-03
211,-4.2499999999999993e-01,-7.2499999999999998e-01,3.1367459715746597e-115,1.1147406252200000e-03,5.8084743063379117e-23,1.1147406252200000e-03,1.1147406252200000e-03
212,-3.7500000000000000e-01,-7.2499999999999998e-01,1.8250883420821136e-112,1.0611625594899999e-03,2.0750233159950290e-22,1.0611625594899999e-03,1.0611625594899999e-03
213,-3.2499999999999996e-01,-7.2499999999999998e-01,4.7916806425230686e-110,9.8025879348500006e-04,6.3221351537516788e-22,9.8025879348500006e-04,9.8025879348500006e-04
214,-2.7499999999999991e-01,-7.2499999999999998e-01,5.6766389389070216e-108,8.7822460558800003e-04,1.6427991035965206e-21,8.7822460558800003e-04,8.7822460558800003e-04
215,-2.2499999999999998e-01,-7.2499999999999998e-01,3.0345486934821124e-106,7.6331844519699995e-04,3.6407010996790900e-21,7.6331844519699995e-04,7.6331844519699995e-04
216,-1.7499999999999993e-01,-7.2499999999999998e-01,7.3197522489854402e-105,6.4484399739000000e-04,6.8812205743408216e-21,6.4484399739000000e-04,6.4484399739000000e-04
217,-1.2500000000000000e-01,-7.2499999999999998e-01,7.9670599488695204e-104,5.3179818902900002e-04,1.1092407602921945e-20,5.3179818902900002e-04,5.3179818902900002e-04
218,-7.4999999999999956e-02,-7.2499999999999998e-01,3.9129042489441138e-103,4.3150216259100002e-04,1.5249866680162364e-20,4.3150216259100002e-04,4.3150216259100002e-04
219,-2.4999999999999911e-02,-7.2499999999999998e-01,8.6716110149329794e-103,3.4862521330600001e-04,1.7880767677781690e-20,3.4862521330600001e-04,3.4862521330600001e-04
220,2.5000000000000133e-02,-7.2499999999999998e-01,8.6716110149329794e-103,2.8661764213899998e-04,1.7880767677781690e-20,2.8661764213899998e-04,2.8661764213899998e-04
221,7.4999999999999956e-02,-7.2499999999999998e-01,3.9129042489441138e-103,2.4578018129300000e-04,1.5249866680162364e-20,2.4578018129300000e-04,2.4578018129300000e-04
222,1.2500000000000000e-01,-7.2499999999999998e-01,7.9670599488695204e-104,2.2312518468500000e-04,1.1092407602921945e-20,2.2312518468500000e-04,2.2312518468500000e-04
223,1.7500000000000004e-01,-7.2499999999999998e-01,7.3197522489852327e-105,2.1503318600799999e-04,6.8812205743408698e-21,2.1503318600799999e-04,2.1503318600799999e-04
224,2.2500000000000009e-01,-7.2499999999999998e-01,3.0345486934820262e-106,2.1758175027399999e-04,3.6407010996791156e-21,2.1758175027399999e-04,2.1758175027399999e-04
225,2.7500000000000013e-01,-7.2499999999999998e-01,5.6766389389070216e-108,2.2684907093700000e-04,1.6427991035965206e-21,2.2684907093700000e-04,2.2684907093700000e-04
226,3.2500000000000018e-01,-7.2499999999999998e-01,4.7916806425229327e-110,2.3915499507000000e-04,6.3221351537516788e-22,2.3915499507000000e-04,2.3915499507000000e-04
227,3.7500000000000000e-01,-7.2499999999999998e-01,1.8250883420821136e-112,2.5121728719100002e-04,2.0750233159950290e-22,2.5121728719100002e-04,2.5121728719100002e-04
228,4.2500000000000004e-01,-7.2499999999999998e-01,3.1367459715746597e-115,2.6024298656899999e-04,5.8084743063379117e-23,2.6024298656899999e-04,2.6024298656899999e-04
229,4.7500000000000009e-01,-7.2499999999999998e-01,2.4326198097987530e-118,2.6400944520899998e-04,1.3866953225270540e-23,2.6400944520899998e-04,2.6400944520899998e-04
230,5.2500000000000013e-01,-7.2499999999999998e-01,8.5127241672292006e-122,2.6098100144699999e-04,2.8234487895714468e-24,2.6098100144699999e-04,2.6098100144699999e-04
231,5.7500000000000018e-01,-7.2499999999999998e-01,1.3441951251223486e-125,2.5045410235100001e-04,4.9029635662594081e-25,2.5045410235100001e-04,2.5045410235100001e-04
232,6.2500000000000000e-01,-7.2499999999999998e-01,9.5775737068995503e-130,2.3266430477099999e-04,7.2613488792961679e-26,2.3266430477099999e-04,2.3266430477099999e-04
233,6.7500000000000004e-01,-7.2499999999999998e-01,3.0792724895869672e-134,2.0876910841200001e-04,9.1718264254754983e-27,2.0876910841200001e-04,2.0876910841200001e-04
234,7.2500000000000009e-01,-7.2499999999999998e-01,4.4672491340955891e-139,1.8065812360700001e-04,9.8803934133499674e-28,1.8065812360700001e-04,1.8065812360700001e-04
235,7.7500000000000013e-01,-7.2499999999999998e-01,2.9243655349320502e-144,1.5061390183100000e-04,9.0776311929833498e-29,1.5061390183100000e-04,1.5061390183100000e-04
236,8.2500000000000018e-01,-7.2499999999999998e-01,8.6381864281483507e-150,1.2091052042900000e-04,7.1129657475727581e-30,1.2091052042900000e-04,1.2091052042900000e-04
237,8.7500000000000000e-01,-7.2499999999999998e-01,1.1513647280150008e-155,9.3488155553100006e-05,4.7534484337707182e-31,9.3488155553100006e-05,9.3488155553100006e-05
238,9.2500000000000004e-01,-7.2499999999999998e-01,6.9247277102466688e-162,7.1372008545100005e-05,2.7092354086205497e-32,7.1372008545100005e-05,7.1372008545100005e-05
239,9.7500000000000009e-01,-7.2499999999999998e-01,1.8792818246900067e-168,1.4622244411199999e-04,1.3169357445184889e-33,1.4622244411199999e-04,1.4622244411199999e-04
240,-9.7499999999999998e-01,-6.7500000000000004e-01,3.7017368291338132e-160,7.4257997897699996e-05,6.0040916201259922e-32,7.4257997897699996e-05,7.4257997897699996e-05
241,-9.2500000000000004e-01,-6.7500000000000004e-01,1.3640061463890274e-153,2.5605989900799998e-04,1.2351777739766883e-30,2.5605989900799998e-04,2.5605989900799998e-04
242,-8.7500000000000000e-01,-6.7500000000000004e-01,2.2679138176424405e-147,5.0431278540400001e-04,2.1671626749214345e-29,5.0431278540400001e-04,5.0431278540400001e-04
243,-8.2499999999999996e-01,-6.7500000000000004e-01,1.7015166335296839e-141,7.6580919617300004e-04,3.2428991480415112e-28,7.6580919617300004e-04,7.6580919617300004e-04
244,-7.7500000000000002e-01,-6.7500000000000004e-01,5.7603023986533955e-136,1.0073307196799999e-03,4.1386172106910783e-27,1.0073307196799999e-03,1.0073307196799999e-03
245,-7.2499999999999998e-01,-6.7500000000000004e-01,8.7994149825433871e-131,1.2169450929100001e-03,4.5046075743301434e-26,1.2169450929100001e-03,1.2169450929100001e-03
246,-6.7500000000000004e-01,-6.7500000000000004e-01,6.0654321410908582e-126,1.3930837026600001e-03,4.1815621158176624e-25,1.3930837026600001e-03,1.3930837026600001e-03
247,-6.2500000000000000e-01,-6.7500000000000004e-01,1.8865535152196727e-121,1.5357086915299999e-03,3.3105490634953826e-24,1.5357086915299999e-03,1.5357086915299999e-03
248,-5.7499999999999996e-01,-6.7500000000000004e-01,2.6477436938061771e-117,1.6426901108299999e-03,2.2353286851306716e-23,1.6426901108299999e-03,1.6426901108299999e-03
249,-5.2499999999999991e-01,-6.7500000000000004e-01,1.6768035614503735e-113,1.7097839749000000e-03,1.2872492289681762e-22,1.7097839749000000e-03,1.7097839749000000e-03
250,-4.7499999999999998e-01,-6.7500000000000004e-01,4.7916806425230686e-110,1.7322112612900000e-03,6.3221351537517221e-22,1.7322112612900000e-03,1.7322112612900000e-03
251,-4.2499999999999993e-01,-6.7500000000000004e-01,6.1786411883859151e-107,1.7066164252000000e-03,2.6481635154607754e-21,1.7066164252000000e-03,1.7066164252000000e-03
252,-3.7500000000000000e-01,-6.7500000000000004e-01,3.5949885980632806e-104,1.6327948641000000e-03,9.4603173731053691e-21,1.6327948641000000e-03,1.6327948641000000e-03
253,-3.2499999999999996e-01,-6.7500000000000004e-01,9.4384676501626259e-102,1.5148472892200001e-03,2.8823485774412397e-20,1.5148472892200001e-03,1.5148472892200001e-03
254,-2.7499999999999991e-01,-6.7500000000000004e-01,1.1181624357652393e-99,1.3615150437300001e-03,7.4897475996906892e-20,1.3615150437300001e-03,1.3615150437300001e-03
255,-2.2499999999999998e-01,-6.7500000000000004e-01,5.9773369331210159e-98,1.1855377462499999e-03,1.6598458242895438e-19,1.1855377462499997e-03,1.1855377462499997e-03
256,-1.7499999999999993e-01,-6.7500000000000004e-01,1.4418165558895882e-96,1.0020354554900000e-03,3.1372433285835196e-19,1.0020354554899997e-03,1.0020354554899997e-03
257,-1.2500000000000000e-01,-6.7500000000000004e-01,1.5693207290775585e-95,8.2616393834700002e-04,5.0571815529295936e-19,8.2616393834699948e-04,8.2616393834699948e-04
258,-7.4999999999999956e-02,-6.7500000000000004e-01,7.7074878162991215e-95,6.7057329899599999e-04,6.9526244635328397e-19,6.7057329899599934e-04,6.7057329899599934e-04
259,-2.4999999999999911e-02,-6.7500000000000004e-01,1.7081004796709963e-94,5.4346475873600004e-04,8.1520884995676990e-19,5.4346475873599917e-04,5.4346475873599917e-04
260,2.5000000000000133e-02,-6.7500000000000004e-01,1.7081004796709963e-94,4.5080179620699999e-04,8.1520884995676990e-19,4.5080179620699917e-04,4.5080179620699917e-04
261,7.4999999999999956e-02,-6.7500000000000004e-01,7.7074878162991215e-95,3.9321377566900001e-04,6.9526244635328397e-19,3.9321377566899930e-04,3.9321377566899930e-04
262,1.2500000000000000e-01,-6.7500000000000004e-01,1.5693207290775585e-95,3.6565988908199997e-04,5.0571815529295936e-19,3.6565988908199949e-04,3.6565988908199949e-04
263,1.7500000000000004e-01,-6.7500000000000004e-01,1.4418165558895472e-96,3.6183362566900000e-04,3.1372433285835423e-19,3.6183362566899967e-04,3.6183362566899967e-04
264,2.2500000000000009e-01,-6.7500000000000004e-01,5.9773369331208456e-98,3.7475786275400000e-04,1.6598458242895556e-19,3.7475786275399984e-04,3.7475786275399984e-04
265,2.7500000000000013e-01,-6.7500000000000004e-01,1.1181624357652393e-99,3.9739646822200002e-04,7.4897475996906892e-20,3.9739646822199996e-04,3.9739646822199996e-04
266,3.2500000000000018e-01,-6.7500000000000004e-01,9.4384676501620882e-102,4.2322029138199999e-04,2.8823485774412397e-20,4.2322029138199994e-04,4.2322029138199994e-04
267,3.7500000000000000e-01,-6.7500000000000004e-01,3.5949885980632806e-104,4.4664125572499999e-04,9.4603173731053691e-21,4.4664125572499999e-04,4.4664125572499999e-04
268,4.2500000000000004e-01,-6.7500000000000004e-01,6.1786411883859151e-107,4.6325781875900001e-04,2.6481635154607754e-21,4.6325781875900001e-04,4.6325781875900001e-04
269,4.7500000000000009e-01,-6.7500000000000004e-01,4.7916806425230686e-110,4.6992963925500002e-04,6.3221351537517221e-22,4.6992963925500002e-04,4.6992963925500002e-04
270,5.2500000000000013e-01,-6.7500000000000004e-01,1.6768035614502780e-113,4.6476453594599998e-04,1.2872492289681762e-22,4.6476453594599998e-04,4.6476453594599998e-04
271,5.7500000000000018e-01,-6.7500000000000004e-01,2.6477436938061771e-117,4.4710247762700002e-04,2.2353286851306716e-23,4.4710247762700002e-04,4.4710247762700002e-04
272,6.2500000000000000e-01,-6.7500000000000004e-01,1.8865535152196727e-121,4.1751601102500002e-04,3.3105490634954061e-24,4.1751601102500002e-04,4.1751601102500002e-04
273,6.7500000000000004e-01,-6.7500000000000004e-01,6.0654321410908582e-126,3.7776686785599998e-04,4.1815621158176917e-25,3.7776686785599998e-04,3.7776686785599998e-04
274,7.2500000000000009e-01,-6.7500000000000004e-01,8.7994149825428875e-131,3.3062861038900000e-04,4.5046075743301755e-26,3.3062861038900000e-04,3.3062861038900000e-04
275,7.7500000000000013e-01,-6.7500000000000004e-01,5.7603023986530679e-136,2.7952918445300001e-04,4.1386172106911084e-27,2.7952918445300001e-04,2.7952918445300001e-04
276,8.2500000000000018e-01,-6.7500000000000004e-01,1.7015166335296839e-141,2.2805601200200001e-04,3.2428991480415112e-28,2.2805601200200001e-04,2.2805601200200001e-04
277,8.7500000000000000e-01,-6.7500000000000004e-01,2.2679138176424405e-147,1.7951084301799999e-04,2.1671626749214345e-29,1.7951084301799999e-04,1.7951084301799999e-04
278,9.2500000000000004e-01,-6.7500000000000004e-01,1.3640061463890274e-153,1.4019885591700000e-04,1.2351777739767060e-30,1.4019885591700000e-04,1.4019885591700000e-04
279,9.7500000000000009e-01,-6.7500000000000004e-01,3.7017368291338132e-160,3.0051612908199999e-04,6.0040916201259922e-32,3.0051612908199999e-04,3.0051612908199999e-04
280,-9.7499999999999998e-01,-6.2500000000000000e-01,3.2901719715705122e-152,1.4326848374500000e-04,2.3345862454916167e-30,1.4326848374500000e-04,1.4326848374500000e-04
281,-9.2500000000000004e-01,-6.2500000000000000e-01,1.2123538217462119e-145,4.5488487118500003e-04,4.8027732158464595e-29,4.5488487118500003e-04,4.5488487118500003e-04
282,-8.7500000000000000e-01,-6.2500000000000000e-01,2.0157636323624503e-139,8.3777362423800004e-04,8.4266338569102355e-28,8.3777362423800004e-04,8.3777362423800004e-04
283,-8.2499999999999996e-01,-6.2500000000000000e-01,1.5123393680339907e-133,1.2104094465600001e-03,1.2609447399430974e-26,1.2104094465600001e-03,1.2104094465600001e-03
284,-7.7500000000000002e-01,-6.2500000000000000e-01,5.1198630196124853e-128,1.5405005770700001e-03,1.6092290768926656e-25,1.5405005770700001e-03,1.5405005770700001e-03
285,-7.2499999999999998e-01,-6.2500000000000000e-01,7.8210823400312865e-123,1.8265869523700000e-03,1.7515380426769536e-24,1.8265869523700000e-03,1.8265869523700000e-03
286,-6.7500000000000004e-01,-6.2500000000000000e-01,5.3910679627513477e-118,2.0742835185900001e-03,1.6259274537939097e-23,2.0742835185900001e-03,2.0742835185900001e-03
287,-6.2500000000000000e-01,-6.2500000000000000e-01,1.6768035614503735e-113,2.2845907263300000e-03,1.2872492289681762e-22,2.2845907263300000e-03,2.2845907263300000e-03
288,-5.7499999999999996e-01,-6.2500000000000000e-01,2.3533634321870776e-109,2.4519155951699999e-03,8.6916854915506016e-22,2.4519155951699999e-03,2.4519155951699999e-03
289,-5.2499999999999991e-01,-6.2500000000000000e-01,1.4903739337419545e-105,2.5663649523699999e-03,5.0052439812798056e-21,2.5663649523699999e-03,2.5663649523699999e-03
290,-4.7499999999999998e-01,-6.2500000000000000e-01,4.2589341367185778e-102,2.6171300692299998e-03,2.4582519231740299e-20,2.6171300692299998e-03,2.6171300692299998e-03
291,-4.2499999999999993e-01,-6.2500000000000000e-01,5.4916902521066807e-99,2.5957741948300001e-03,1.0296921683013492e-19,2.5957741948300001e-03,2.5957741948300001e-03
292,-3.7500000000000000e-01,-6.2500000000000000e-01,3.1952921748440703e-96,2.4990361286700001e-03,3.6784793128746213e-19,2.4990361286699996e-03,2.4990361286699996e-03
293,-3.2499999999999996e-01,-6.2500000000000000e-01,8.3890841382169723e-94,2.3308634127600001e-03,1.1207509427488528e-18,2.3308634127599988e-03,2.3308634127599988e-03
294,-2.7499999999999991e-01,-6.2500000000000000e-01,9.9384339720299830e-92,2.1032947450400001e-03,2.9122576460741837e-18,2.1032947450399971e-03,2.1032947450399971e-03
295,-2.2499999999999998e-01,-6.2500000000000000e-01,5.3127673170082854e-90,1.8357989417099999e-03,6.4540208181262689e-18,1.8357989417099934e-03,1.8357989417099934e-03
296,-1.7499999999999993e-01,-6.2500000000000000e-01,1.2815131489086114e-88,1.5528634022600001e-03,1.2198623184097460e-17,1.5528634022599879e-03,1.5528634022599879e-03
297,-1.2500000000000000e-01,-6.2500000000000000e-01,1.3948412098284624e-87,1.2800458529500000e-03,1.9663967909563137e-17,1.2800458529499802e-03,1.2800458529499802e-03
298,-7.4999999999999956e-02,-6.2500000000000000e-01,6.8505573342831190e-87,1.0393159052700001e-03,2.7034066882363468e-17,1.0393159052699730e-03,1.0393159052699730e-03
299,-2.4999999999999911e-02,-6.2500000000000000e-01,1.5181912119221873e-86,8.4520822779999996e-04,3.1697973460841196e-17,8.4520822779996830e-04,8.4520822779996830e-04
300,2.5000000000000133e-02,-6.2500000000000000e-01,1.5181912119221873e-86,7.0812408269000000e-04,3.1697973460841196e-17,7.0812408268996834e-04,7.0812408268996834e-04
301,7.4999999999999956e-02,-6.2500000000000000e-01,6.8505573342831190e-87,6.2935114647299996e-04,2.7034066882363468e-17,6.2935114647297296e-04,6.2935114647297296e-04
302,1.2500000000000000e-01,-6.2500000000000000e-01,1.3948412098284624e-87,6.0034250036500000e-04,1.9663967909563137e-17,6.0034250036498037e-04,6.0034250036498037e-04
303,1.7500000000000004e-01,-6.2500000000000000e-01,1.2815131489085751e-88,6.1005570861700001e-04,1.2198623184097545e-17,6.1005570861698776e-04,6.1005570861698776e-04
304,2.2500000000000009e-01,-6.2500000000000000e-01,5.3127673170081354e-90,6.4605321527000002e-04,6.4540208181263151e-18,6.4605321526999351e-04,6.4605321526999351e-04
305,2.7500000000000013e-01,-6.2500000000000000e-01,9.9384339720299830e-92,6.9569305768100000e-04,2.9122576460741837e-18,6.9569305768099707e-04,6.9569305768099707e-04
306,3.2500000000000018e-01,-6.2500000000000000e-01,8.3890841382164954e-94,7.4729823730900001e-04,1.1207509427488528e-18,7.4729823730899892e-04,7.4729823730899892e-04
307,3.7500000000000000e-01,-6.2500000000000000e-01,3.1952921748440703e-96,7.9112796568999995e-04,3.6784793128746213e-19,7.9112796568999962e-04,7.9112796568999962e-04
308,4.2500000000000004e-01,-6.2500000000000000e-01,5.4916902521066807e-99,8.1998038474999997e-04,1.0296921683013492e-19,8.1998038474999986e-04,8.1998038474999986e-04
309,4.7500000000000009e-01,-6.2500000000000000e-01,4.2589341367185778e-102,8.2935700583600005e-04,2.4582519231740299e-20,8.2935700583600005e-04,8.2935700583600005e-04
310,5.2500000000000013e-01,-6.2500000000000000e-01,1.4903739337418699e-105,8.1726809168499999e-04,5.0052439812798056e-21,8.1726809168499999e-04,8.1726809168499999e-04
311,5.7500000000000018e-01,-6.2500000000000000e-01,2.3533634321870110e-109,7.8386220117800001e-04,8.6916854915506016e-22,7.8386220117800001e-04,7.8386220117800001e-04
312,6.2500000000000000e-01,-6.2500000000000000e-01,1.6768035614503735e-113,7.3105313784200003e-04,1.2872492289681854e-22,7.3105313784200003e-04,7.3105313784200003e-04
313,6.7500000000000004e-01,-6.2500000000000000e-01,5.3910679627513477e-118,6.6220821812099995e-04,1.6259274537939212e-23,6.6220821812099995e-04,6.6220821812099995e-04
314,7.2500000000000009e-01,-6.2500000000000000e-01,7.8210823400308418e-123,5.8184045360699997e-04,1.7515380426769661e-24,5.8184045360699997e-04,5.8184045360699997e-04
315,7.7500000000000013e-01,-6.2500000000000000e-01,5.1198630196121942e-128,4.9520282473900000e-04,1.6092290768926768e-25,4.9520282473900000e-04,4.9520282473900000e-04
316,8.2500000000000018e-01,-6.2500000000000000e-01,1.5123393680339049e-133,4.0774233628600002e-04,1.2609447399430974e-26,4.0774233628600002e-04,4.0774233628600002e-04
317,8.7500000000000000e-01,-6.2500000000000000e-01,2.0157636323624503e-139,3.2463651577699999e-04,8.4266338569102355e-28,3.2463651577699999e-04,3.2463651577699999e-04
318,9.2500000000000004e-01,-6.2500000000000000e-01,1.2123538217462119e-145,2.5788884728099998e-04,4.8027732158465285e-29,2.5788884728099998e-04,2.5788884728099998e-04
319,9.7500000000000009e-01,-6.2500000000000000e-01,3.2901719715705122e-152,5.7129442806700000e-04,2.3345862454916167e-30,5.7129442806700000e-04,5.7129442806700000e-04
320,-9.7499999999999998e-01,-5.7499999999999996e-01,1.3195659154218223e-144,2.6944047973100001e-04,7.7419866953863047e-29,2.6944047973100001e-04,2.6944047973100001e-04
321,-9.2500000000000004e-01,-5.7499999999999996e-01,4.8623014068287858e-138,7.8248401753200001e-04,1.5927021933692381e-27,7.8248401753200001e-04,7.8248401753200001e-04
322,-8.7500000000000000e-01,-5.7499999999999996e-01,8.0844800995088929e-132,1.3444884390499999e-03,2.7944517934634215e-26,1.3444884390499999e-03,1.3444884390499999e-03
323,-8.2499999999999996e-01,-5.7499999999999996e-01,6.0654321410915484e-126,1.8514195511600000e-03,4.1815621158176917e-25,1.8514195511600000e-03,1.8514195511600000e-03
324,-7.7500000000000002e-01,-5.7499999999999996e-01,2.0533871149245828e-120,2.2903184346200001e-03,5.3365473763032669e-24,2.2903184346200001e-03,2.2903184346200001e-03
325,-7.2499999999999998e-01,-5.7499999999999996e-01,3.1367459715748378e-115,2.6802835555400002e-03,5.8084743063379952e-23,2.6802835555400002e-03,2.6802835555400002e-03
326,-6.7500000000000004e-01,-5.7499999999999996e-01,2.1621573561618858e-110,3.0349832800299998e-03,5.3919227611508526e-22,3.0349832800299998e-03,3.0349832800299998e-03
327,-6.2500000000000000e-01,-5.7499999999999996e-01,6.7250370061708224e-106,3.3529996291700001e-03,4.2687934204887050e-21,3.3529996291700001e-03,3.3529996291700001e-03
328,-5.7499999999999996e-01,-5.7499999999999996e-01,9.4384676501628924e-102,3.6208085024199998e-03,2.8823485774412601e-20,3.6208085024199998e-03,3.6208085024199998e-03
329,-5.2499999999999991e-01,-5.7499999999999996e-01,5.9773369331213550e-98,3.8185226648399999e-03,1.6598458242895674e-19,3.8185226648399999e-03,3.8185226648399999e-03
330,-4.7499999999999998e-01,-5.7499999999999996e-01,1.7081004796710934e-94,3.9252531498499997e-03,8.1520884995677558e-19,3.9252531498499988e-03,3.9252531498499988e-03
331,-4.2499999999999993e-01,-5.7499999999999996e-01,2.2025132234273368e-91,3.9238263688800004e-03,3.4146791889686079e-18,3.9238263688799969e-03,3.9238263688799969e-03
332,-3.7500000000000000e-01,-5.7499999999999996e-01,1.2815131489086114e-88,3.8050203770300002e-03,1.2198623184097545e-17,3.8050203770299881e-03,3.8050203770299881e-03
333,-3.2499999999999996e-01,-5.7499999999999996e-01,3.3645504204790719e-86,3.5710795808000001e-03,3.7166495366617884e-17,3.5710795807999628e-03,3.5710795807999628e-03
334,-2.7499999999999991e-01,-5.7499999999999996e-01,3.9859371593578874e-84,3.2378182868699999e-03,9.6576684596613919e-17,3.2378182868699032e-03,3.2378182868699032e-03
335,-2.2499999999999998e-01,-5.7499999999999996e-01,2.1307538720368475e-82,2.8344159702099999e-03,2.1402911716015230e-16,2.8344159702097856e-03,2.8344159702097856e-03
336,-1.7499999999999993e-01,-5.7499999999999996e-01,5.1396738105984349e-81,2.4001629925500000e-03,4.0453240301442507e-16,2.4001629925495954e-03,2.4001629925495954e-03
337,-1.2500000000000000e-01,-5.7499999999999996e-01,5.5941906192725552e-80,1.9780575651800001e-03,6.5209918129318839e-16,1.9780575651793478e-03,1.9780575651793478e-03
338,-7.4999999999999956e-02,-5.7499999999999996e-01,2.7475043973605669e-79,1.6063837873100000e-03,8.9650740695325739e-16,1.6063837873091036e-03,1.6063837873091036e-03
339,-2.4999999999999911e-02,-5.7499999999999996e-01,6.0889017159461231e-79,1.3111165530599999e-03,1.0511725119534622e-15,1.3111165530589487e-03,1.3111165530589487e-03
340,2.5000000000000133e-02,-5.7499999999999996e-01,6.0889017159461231e-79,1.1105680403500000e-03,1.0511725119534622e-15,1.1105680403489487e-03,1.1105680403489487e-03
341,7.4999999999999956e-02,-5.7499999999999996e-01,2.7475043973605669e-79,1.0073080809900000e-03,8.9650740695325739e-16,1.0073080809891036e-03,1.0073080809891036e-03
342,1.2500000000000000e-01,-5.7499999999999996e-01,5.5941906192725552e-80,9.8671785244300010e-04,6.5209918129318839e-16,9.8671785244234807e-04,9.8671785244234807e-04
343,1.7500000000000004e-01,-5.7499999999999996e-01,5.1396738105982888e-81,1.0292875816100000e-03,4.0453240301442793e-16,1.0292875816095954e-03,1.0292875816095954e-03
344,2.2500000000000009e-01,-5.7499999999999996e-01,2.1307538720367876e-82,1.1127194652099999e-03,2.1402911716015380e-16,1.1127194652097859e-03,1.1127194652097859e-03
345,2.7500000000000013e-01,-5.7499999999999996e-01,3.9859371593578874e-84,1.2142774964000000e-03,9.6576684596613919e-17,1.2142774963999035e-03,1.2142774963999035e-03
346,3.2500000000000018e-01,-5.7499999999999996e-01,3.3645504204790719e-86,1.3131284773000001e-03,3.7166495366617884e-17,1.3131284772999630e-03,1.3131284772999630e-03
347,3.7500000000000000e-01,-5.7499999999999996e-01,1.2815131489086114e-88,1.3923122534400000e-03,1.2198623184097545e-17,1.3923122534399879e-03,1.3923122534399879e-03
348,4.2500000000000004e-01,-5.7499999999999996e-01,2.2025132234273368e-91,1.4399914317299999e-03,3.4146791889686079e-18,1.4399914317299964e-03,1.4399914317299964e-03
349,4.7500000000000009e-01,-5.7499999999999996e-01,1.7081004796710450e-94,1.4497893221000000e-03,8.1520884995678145e-19,1.4497893220999992e-03,1.4497893220999992e-03
350,5.2500000000000013e-01,-5.7499999999999996e-01,5.9773369331213550e-98,1.4202841610800000e-03,1.6598458242895674e-19,1.4202841610799998e-03,1.4202841610799998e-03
351,5.7500000000000018e-01,-5.7499999999999996e-01,9.4384676501626259e-102,1.3539693079499999e-03,2.8823485774412601e-20,1.3539693079499999e-03,1.3539693079499999e-03
352,6.2500000000000000e-01,-5.7499999999999996e-01,6.7250370061708224e-106,1.2560831145600000e-03,4.2687934204887660e-21,1.2560831145600000e-03,1.2560831145600000e-03
353,6.7500000000000004e-01,-5.7499999999999996e-01,2.1621573561618858e-110,1.1336110512800001e-03,5.3919227611508912e-22,1.1336110512800001e-03,1.1336110512800001e-03
354,7.2500000000000009e-01,-5.7499999999999996e-01,3.1367459715748378e-115,9.9454420386000005e-04,5.8084743063379952e-23,9.9454420386000005e-04,9.9454420386000005e-04
355,7.7500000000000013e-01,-5.7499999999999996e-01,2.0533871149245828e-120,8.4729024849600004e-04,5.3365473763032669e-24,8.4729024849600004e-04,8.4729024849600004e-04
356,8.2500000000000018e-01,-5.7499999999999996e-01,6.0654321410908582e-126,7.0009170447900000e-04,4.1815621158176917e-25,7.0009170447900000e-04,7.0009170447900000e-04
357,8.7500000000000000e-01,-5.7499999999999996e-01,8.0844800995088929e-132,5.6072742339000005e-04,2.7944517934634611e-26,5.6072742339000005e-04,5.6072742339000005e-04
358,9.2500000000000004e-01,-5.7499999999999996e-01,4.8623014068287858e-138,4.5075785510400001e-04,1.5927021933692833e-27,4.5075785510400001e-04,4.5075785510400001e-04
359,9.7500000000000009e-01,-5.7499999999999996e-01,1.3195659154217475e-144,1.0196795165300001e-03,7.7419866953864157e-29,1.0196795165300001e-03,1.0196795165300001e-03
360,-9.7499999999999998e-01,-5.2499999999999991e-01,2.3880477813056920e-137,4.9357606650799997e-04,2.1896505230915805e-27,4.9357606650799997e-04,4.9357606650799997e-04
361,-9.2500000000000004e-01,-5.2499999999999991e-01,8.7994149825433871e-131,1.3016391222599999e-03,4.5046075743301755e-26,1.3016391222599999e-03,1.3016391222599999e-03
362,-8.7500000000000000e-01,-5.2499999999999991e-01,1.4630663416665770e-124,2.0832233472200001e-03,7.9034917935957857e-25,2.0832233472200001e-03,2.0832233472200001e-03
363,-8.2499999999999996e-01,-5.2499999999999991e-01,1.0976747427249848e-118,2.7432554352599999e-03,1.1826628014869348e-23,2.7432554352599999e-03,2.7432554352599999e-03
364,-7.7500000000000002e-01,-5.2499999999999991e-01,3.7160603245723800e-113,3.3183781949000001e-03,1.5093249593142456e-22,3.3183781949000001e-03,3.3183781949000001e-03
365,-7.2499999999999998e-01,-5.2499999999999991e-01,5.6766389389075064e-108,3.8564618516900000e-03,1.6427991035965440e-21,3.8564618516900000e-03,3.8564618516900000e-03
366,-6.7500000000000004e-01,-5.2499999999999991e-01,3.9129042489442248e-103,4.3752127681300004e-03,1.5249866680162472e-20,4.3752127681300004e-03,4.3752127681300004e-03
367,-6.2500000000000000e-01,-5.2499999999999991e-01,1.2170449019707122e-98,4.8641246375200004e-03,1.2073342559104708e-19,4.8641246375200004e-03,4.8641246375200004e-03
368,-5.7499999999999996e-01,-5.2499999999999991e-01,1.7081004796710934e-94,5.2956800963700002e-03,8.1520884995677558e-19,5.2956800963699993e-03,5.2956800963699993e-03
369,-5.2499999999999991e-01,-5.2499999999999991e-01,1.0817319570347973e-90,5.6345205029999998e-03,4.6945085549848635e-18,5.6345205029999955e-03,5.6345205029999955e-03
370,-4.7499999999999998e-01,-5.2499999999999991e-01,3.0911874223590377e-87,5.8442067872999997e-03,2.3056387913976792e-17,5.8442067872999763e-03,5.8442067872999763e-03
371,-4.2499999999999993e-01,-5.2499999999999991e-01,3.9859371593578874e-84,5.8932855326100002e-03,9.6576684596613919e-17,5.8932855326099039e-03,5.8932855326099039e-03
372,-3.7500000000000000e-01,-5.2499999999999991e-01,2.3191828435390513e-81,5.7615269968899997e-03,3.4501120561178479e-16,5.7615269968896545e-03,5.7615269968896545e-03
373,-3.2499999999999996e-01,-5.2499999999999991e-01,6.0889017159461231e-79,5.4459960419999997e-03,1.0511725119534622e-15,5.4459960419989484e-03,5.4459960419989484e-03
374,-2.7499999999999991e-01,-5.2499999999999991e-01,7.2134391155332736e-77,4.9656978260000000e-03,2.7314589428504947e-15,4.9656978259972687e-03,4.9656978259972687e-03
375,-2.2499999999999998e-01,-5.2499999999999991e-01,3.8560726653805580e-75,4.3630013110000001e-03,6.0533424660344525e-15,4.3630013109939468e-03,4.3630013109939468e-03
376,-1.7499999999999993e-01,-5.2499999999999991e-01,9.3013819897818678e-74,3.6999826727700000e-03,1.1441308577756880e-14,3.6999826727585586e-03,3.6999826727585586e-03
377,-1.2500000000000000e-01,-5.2499999999999991e-01,1.0123931165866815e-72,3.0485812838199999e-03,1.8443189966693351e-14,3.0485812838015568e-03,3.0485812838015568e-03
378,-7.4999999999999956e-02,-5.2499999999999991e-01,4.9722198061981267e-72,2.4756563175999998e-03,2.5355738647297243e-14,2.4756563175746442e-03,2.4756563175746442e-03
379,-2.4999999999999911e-02,-5.2499999999999991e-01,1.1019220838774844e-71,2.0280252562100000e-03,2.9730100699217747e-14,2.0280252561802698e-03,2.0280252561802698e-03
380,2.5000000000000133e-02,-5.2499999999999991e-01,1.1019220838774844e-71,1.7382709631500000e-03,2.9730100699217747e-14,1.7382709631202698e-03,1.7382709631202698e-03
381,7.4999999999999956e-02,-5.2499999999999991e-01,4.9722198061981267e-72,1.6114115884700000e-03,2.5355738647297243e-14,1.6114115884446442e-03,1.6114115884446442e-03
382,1.2500000000000000e-01,-5.2499999999999991e-01,1.0123931165866815e-72,1.6221495712199999e-03,1.8443189966693351e-14,1.6221495712015568e-03,1.6221495712015568e-03
383,1.7500000000000004e-01,-5.2499999999999991e-01,9.3013819897813400e-74,1.7356409533500000e-03,1.1441308577756962e-14,1.7356409533385586e-03,1.7356409533385586e-03
384,2.2500000000000009e-01,-5.2499999999999991e-01,3.8560726653804485e-75,1.9116426624300000e-03,6.0533424660344951e-15,1.9116426624239467e-03,1.9116426624239467e-03
385,2.7500000000000013e-01,-5.2499999999999991e-01,7.2134391155332736e-77,2.1092336241199999e-03,2.7314589428504947e-15,2.1092336241172686e-03,2.1092336241172686e-03
386,3.2500000000000018e-01,-5.2499999999999991e-01,6.0889017159461231e-79,2.2914703380800001e-03,1.0511725119534622e-15,2.2914703380789488e-03,2.2914703380789488e-03
387,3.7500000000000000e-01,-5.2499999999999991e-01,2.3191828435390513e-81,2.4291998854500002e-03,3.4501120561178479e-16,2.4291998854496549e-03,2.4291998854496549e-03
388,4.2500000000000004e-01,-5.2499999999999991e-01,3.9859371593578874e-84,2.5033683698699998e-03,9.6576684596613919e-17,2.5033683698699031e-03,2.5033683698699031e-03
389,4.7500000000000009e-01,-5.2499999999999991e-01,3.0911874223589497e-87,2.5055020438199999e-03,2.3056387913976955e-17,2.5055020438199769e-03,2.5055020438199769e-03
390,5.2500000000000013e-01,-5.2499999999999991e-01,1.0817319570347973e-90,2.4364983218899999e-03,4.6945085549848635e-18,2.4364983218899952e-03,2.4364983218899952e-03
391,5.7500000000000018e-01,-5.2499999999999991e-01,1.7081004796710450e-94,2.3042872299600002e-03,8.1520884995677558e-19,2.3042872299599993e-03,2.3042872299599993e-03
392,6.2500000000000000e-01,-5.2499999999999991e-01,1.2170449019707122e-98,2.1211397934499999e-03,1.2073342559104879e-19,2.1211397934499999e-03,2.1211397934499999e-03
393,6.7500000000000004e-01,-5.2499999999999991e-01,3.9129042489442248e-103,1.9013115919099999e-03,1.5249866680162581e-20,1.9013115919099999e-03,1.9013115919099999e-03
394,7.2500000000000009e-01,-5.2499999999999991e-01,5.6766389389075064e-108,1.6593740443300001e-03,1.6427991035965440e-21,1.6593740443300001e-03,1.6593740443300001e-03
395,7.7500000000000013e-01,-5.2499999999999991e-01,3.7160603245723800e-113,1.4091968893899999e-03,1.5093249593142456e-22,1.4091968893899999e-03,1.4091968893899999e-03
396,8.2500000000000018e-01,-5.2499999999999991e-01,1.0976747427249225e-118,1.1633259897300000e-03,1.1826628014869348e-23,1.1633259897300000e-03,1.1633259897300000e-03
397,8.7500000000000000e-01,-5.2499999999999991e-01,1.4630663416665770e-124,9.3316288906100003e-04,7.9034917935958977e-25,9.3316288906100003e-04,9.3316288906100003e-04
398,9.2500000000000004e-01,-5.2499999999999991e-01,8.7994149825433871e-131,7.5582303256699996e-04,4.5046075743302392e-26,7.5582303256699996e-04,7.5582303256699996e-04
399,9.7500000000000009e-01,-5.2499999999999991e-01,2.3880477813055559e-137,1.7263612323900001e-03,2.1896505230916114e-27,1.7263612323900001e-03,1.7263612323900001e-03
400,-9.7499999999999998e-01,-4.7499999999999998e-01,1.9500887073376404e-130,8.7997484053600002e-04,5.2817407001302765e-26,8.7997484053600002e-04,8.7997484053600002e-04
401,-9.2500000000000004e-01,-4.7499999999999998e-01,7.1856350291509869e-124,2.0909567463100001e-03,1.0865738122384097e-24,2.0909567463100001e-03,2.0909567463100001e-03
402,-8.7500000000000000e-01,-4.7499999999999998e-01,1.1947454206338435e-117,3.1157563326000000e-03,1.9064318181899467e-23,3.1157563326000000e-03,3.1157563326000000e-03
403,-8.2499999999999996e-01,-4.7499999999999998e-01,8.9636528082673710e-112,3.9442294739299999e-03,2.8527466768185902e-22,3.9442294739299999e-03,3.9442294739299999e-03
404,-7.7500000000000002e-01,-4.7499999999999998e-01,3.0345486934822852e-106,4.6994294995400003e-03,3.6407010996791411e-21,4.6994294995400003e-03,4.6994294995400003e-03
405,-7.2499999999999998e-01,-4.7499999999999998e-01,4.6355644878865647e-101,5.4568959761800004e-03,3.9626592445229102e-20,5.4568959761800004e-03,5.4568959761800004e-03
406,-6.7500000000000004e-01,-4.7499999999999998e-01,3.1952921748440703e-96,6.2273442428599996e-03,3.6784793128745948e-19,6.2273442428599996e-03,6.2273442428599996e-03
407,-6.2500000000000000e-01,-4.7499999999999998e-01,9.9384339720299830e-92,6.9821111449900001e-03,2.9122576460741837e-18,6.9821111449899975e-03,6.9821111449899975e-03
408,-5.7499999999999996e-01,-4.7499999999999998e-01,1.3948412098284624e-87,7.6730895480899997e-03,1.9663967909563137e-17,7.6730895480899798e-03,7.6730895480899798e-03
409,-5.2499999999999991e-01,-4.7499999999999998e-01,8.8334634268770190e-84,8.2431853825700001e-03,1.1323805621257257e-16,8.2431853825698873e-03,8.2431853825698873e-03
410,-4.7499999999999998e-01,-4.7499999999999998e-01,2.5242751555459174e-80,8.6331207816900003e-03,5.5615204873562784e-16,8.6331207816894434e-03,8.6331207816894434e-03
411,-4.2499999999999993e-01,-4.7499999999999998e-01,3.2549311213411203e-77,8.7887529117700001e-03,2.3295635551803491e-15,8.7887529117676704e-03,8.7887529117676704e-03
412,-3.7500000000000000e-01,-4.7499999999999998e-01,1.8938533428187578e-74,8.6702432544300007e-03,8.3221487057574232e-15,8.6702432544216793e-03,8.6702432544216793e-03
413,-3.2499999999999996e-01,-4.7499999999999998e-01,4.9722198061981267e-72,8.2624139485700000e-03,2.5355738647297243e-14,8.2624139485446436e-03,8.2624139485446436e-03
414,-2.7499999999999991e-01,-4.7499999999999998e-01,5.8905212326104505e-70,7.5842379107299998e-03,6.5886577410622184e-14,7.5842379106641133e-03,7.5842379106641133e-03
415,-2.2499999999999998e-01,-4.7499999999999998e-01,3.1488832921594682e-68,6.6943263265100000e-03,1.4601501443956086e-13,6.6943263263639849e-03,6.6943263263639849e-03
416,-1.7499999999999993e-01,-4.7499999999999998e-01,7.5955431557528957e-67,5.6885382692999998e-03,2.7598022853695592e-13,5.6885382690240191e-03,5.6885382690240191e-03
417,-1.2500000000000000e-01,-4.7499999999999998e-01,8.2672398747509810e-66,4.6861031319400002e-03,4.4487531713408383e-13,4.6861031314951252e-03,4.6861031314951252e-03
418,-7.4999999999999956e-02,-4.7499999999999998e-01,4.0603332020292539e-65,3.8038750490800000e-03,6.1161557692872936e-13,3.8038750484683842e-03,3.8038750484683842e-03
419,-2.4999999999999911e-02,-4.7499999999999998e-01,8.9983367542196293e-65,3.1269970403199998e-03,7.1713125554082724e-13,3.1269970396028686e-03,3.1269970396028686e-03
420,2.5000000000000133e-02,-4.7499999999999998e-01,8.9983367542196293e-65,2.7141586247299999e-03,7.1713125554082724e-13,2.7141586240128687e-03,2.7141586240128687e-03
421,7.4999999999999956e-02,-4.7499999999999998e-01,4.0603332020292539e-65,2.5749669449400001e-03,6.1161557692872936e-13,2.5749669443283843e-03,2.5749669443283843e-03
422,1.2500000000000000e-01,-4.7499999999999998e-01,8.2672398747509810e-66,2.6649907151400001e-03,4.4487531713408383e-13,2.6649907146951246e-03,2.6649907146951246e-03
423,1.7500000000000004e-01,-4.7499999999999998e-01,7.5955431557528957e-67,2.9212680459100001e-03,2.7598022853695592e-13,2.9212680456340199e-03,2.9212680456340199e-03
424,2.2500000000000009e-01,-4.7499999999999998e-01,3.1488832921594682e-68,3.2707342789199999e-03,1.4601501443956086e-13,3.2707342787739848e-03,3.2707342787739848e-03
425,2.7500000000000013e-01,-4.7499999999999998e-01,5.8905212326102819e-70,3.6398258590899998e-03,6.5886577410622184e-14,3.6398258590241133e-03,3.6398258590241133e-03
426,3.2500000000000018e-01,-4.7499999999999998e-01,4.9722198061979850e-72,3.9636714660400002e-03,2.5355738647297243e-14,3.9636714660146446e-03,3.9636714660146446e-03
427,3.7500000000000000e-01,-4.7499999999999998e-01,1.8938533428187578e-74,4.1932061357799998e-03,8.3221487057574832e-15,4.1932061357716774e-03,4.1932061357716774e-03
428,4.2500000000000004e-01,-4.7499999999999998e-01,3.2549311213410282e-77,4.2990246794599998e-03,2.3295635551803652e-15,4.2990246794576701e-03,4.2990246794576701e-03
429,4.7500000000000009e-01,-4.7499999999999998e-01,2.5242751555459174e-80,4.2716031333599998e-03,5.5615204873562784e-16,4.2716031333594438e-03,4.2716031333594438e-03
430,5.2500000000000013e-01,-4.7499999999999998e-01,8.8334634268767666e-84,4.1183731466900002e-03,1.1323805621257257e-16,4.1183731466898866e-03,4.1183731466898866e-03
431,5.7500000000000018e-01,-4.7499999999999998e-01,1.3948412098284227e-87,3.8587950242499999e-03,1.9663967909563137e-17,3.8587950242499804e-03,3.8587950242499804e-03
432,6.2500000000000000e-01,-4.7499999999999998e-01,9.9384339720299830e-92,3.5188685095700000e-03,2.9122576460742045e-18,3.5188685095699970e-03,3.5188685095699970e-03
433,6.7500000000000004e-01,-4.7499999999999998e-01,3.1952921748440703e-96,3.1263641244500002e-03,3.6784793128746473e-19,3.1263641244499998e-03,3.1263641244499998e-03
434,7.2500000000000009e-01,-4.7499999999999998e-01,4.6355644878864334e-101,2.7075222240800002e-03,3.9626592445229385e-20,2.7075222240800002e-03,2.7075222240800002e-03
435,7.7500000000000013e-01,-4.7499999999999998e-01,3.0345486934822852e-106,2.2852928414999999e-03,3.6407010996791411e-21,2.2852928414999999e-03,2.2852928414999999e-03
436,8.2500000000000018e-01,-4.7499999999999998e-01,8.9636528082673710e-112,1.8787142857900000e-03,2.8527466768185902e-22,1.8787142857900000e-03,1.8787142857900000e-03
437,8.7500000000000000e-01,-4.7499999999999998e-01,1.1947454206338435e-117,1.5041281365000001e-03,1.9064318181899741e-23,1.5041281365000001e-03,1.5041281365000001e-03
438,9.2500000000000004e-01,-4.7499999999999998e-01,7.1856350291509869e-124,1.2232114106999999e-03,1.0865738122384253e-24,1.2232114106999999e-03,1.2232114106999999e-03
439,9.7500000000000009e-01,-4.7499999999999998e-01,1.9500887073375295e-130,2.7921010860599998e-03,5.2817407001303144e-26,2.7921010860599998e-03,2.7921010860599998e-03
440,-9.7499999999999998e-01,-4.2499999999999993e-01,7.1856350291509869e-124,1.5255440204500000e-03,1.0865738122384253e-24,1.5255440204500000e-03,1.5255440204500000e-03
441,-9.2500000000000004e-01,-4.2499999999999993e-01,2.6477436938063279e-117,3.2390860160800001e-03,2.2353286851306716e-23,3.2390860160800001e-03,3.2390860160800001e-03
442,-8.7500000000000000e-01,-4.2499999999999993e-01,4.4023661657655807e-111,4.4996475559900004e-03,3.9219624856104525e-22,4.4996475559900004e-03,4.4996475559900004e-03
443,-8.2499999999999996e-01,-4.2499999999999993e-01,3.3029029585104766e-105,5.5168678266299996e-03,5.8687467029663911e-21,5.5168678266299996e-03,5.5168678266299996e-03
444,-7.7500000000000002e-01,-4.2499999999999993e-01,1.1181624357653348e-99,6.5264407016800002e-03,7.4897475996907422e-20,6.5264407016800002e-03,6.5264407016800002e-03
445,-7.2499999999999998e-01,-4.2499999999999993e-01,1.7081004796710934e-94,7.6126880376999996e-03,8.1520884995677558e-19,7.6126880376999988e-03,7.6126880376999988e-03
446,-6.7500000000000004e-01,-4.2499999999999993e-01,1.1773927664695149e-89,8.7621572006600004e-03,7.5674659494960544e-18,8.7621572006599934e-03,8.7621572006599934e-03
447,-6.2500000000000000e-01,-4.2499999999999993e-01,3.6620877304511337e-85,9.9192852940600002e-03,5.9911742593446087e-17,9.9192852940599395e-03,9.9192852940599395e-03
448,-5.7499999999999996e-01,-4.2499999999999993e-01,5.1396738105984349e-81,1.1009761981800001e-02,4.0453240301442793e-16,1.1009761981799596e-02,1.1009761981799596e-02
449,-5.2499999999999991e-01,-4.2499999999999993e-01,3.2549311213412131e-77,1.1947919705600000e-02,2.3295635551803652e-15,1.1947919705597670e-02,1.1947919705597670e-02
450,-4.7499999999999998e-01,-4.2499999999999993e-01,9.3013819897818678e-74,1.2641896350100001e-02,1.1441308577756962e-14,1.2641896350088560e-02,1.2641896350088560e-02
451,-4.2499999999999993e-01,-4.2499999999999993e-01,1.1993683669351616e-70,1.3002306654100000e-02,4.7924404031072456e-14,1.3002306654052075e-02,1.3002306654052075e-02
452,-3.7500000000000000e-01,-4.2499999999999993e-01,6.9784204528893503e-68,1.2955640065500000e-02,1.7120546726208744e-13,1.2955640065328795e-02,1.2955640065328795e-02
453,-3.2499999999999996e-01,-4.2499999999999993e-01,1.8321503364241847e-65,1.2461318197799999e-02,5.2162503175203747e-13,1.2461318197278375e-02,1.2461318197278375e-02
454,-2.7499999999999991e-01,-4.2499999999999993e-01,2.1705236048872691e-63,1.1529607443500000e-02,1.3554362786237462e-12,1.1529607442144563e-02,1.1529607442144563e-02
455,-2.2499999999999998e-01,-4.2499999999999993e-01,1.1602921447476691e-61,1.0235652094900001e-02,3.0038598994405210e-12,1.0235652091896141e-02,1.0235652091896141e-02
456,-1.7499999999999993e-01,-4.2499999999999993e-01,2.7987855506286054e-60,8.7226285277799999e-03,5.6775390169463550e-12,8.7226285221024616e-03,8.7226285221024616e-03
457,-1.2500000000000000e-01,-4.2499999999999993e-01,3.0462905720585233e-59,7.1851873726799997e-03,9.1520939166369308e-12,7.1851873635279057e-03,7.1851873635279057e-03
458,-7.4999999999999956e-02,-4.2499999999999993e-01,1.4961407846086999e-58,5.8272439635100003e-03,1.2582319102326657e-11,5.8272439509276814e-03,5.8272439509276814e-03
459,-2.4999999999999911e-02,-4.2499999999999993e-01,3.3156832067138511e-58,4.8050691490400003e-03,1.4753015841711148e-11,4.8050691342869847e-03,4.8050691342869847e-03
460,2.5000000000000133e-02,-4.2499999999999993e-01,3.3156832067138511e-58,4.2258947174799999e-03,1.4753015841711148e-11,4.2258947027269842e-03,4.2258947027269842e-03
461,7.4999999999999956e-02,-4.2499999999999993e-01,1.4961407846086999e-58,4.1077510667799997e-03,1.2582319102326657e-11,4.1077510541976808e-03,4.1077510541976808e-03
462,1.2500000000000000e-01,-4.2499999999999993e-01,3.0462905720585233e-59,4.3711528182200001e-03,9.1520939166369308e-12,4.3711528090679061e-03,4.3711528090679061e-03
463,1.7500000000000004e-01,-4.2499999999999993e-01,2.7987855506286054e-60,4.9009694231900002e-03,5.6775390169463550e-12,4.9009694175124610e-03,4.9009694175124610e-03
464,2.2500000000000009e-01,-4.2499999999999993e-01,1.1602921447476691e-61,5.5640256047900004e-03,3.0038598994405210e-12,5.5640256017861402e-03,5.5640256017861402e-03
465,2.7500000000000013e-01,-4.2499999999999993e-01,2.1705236048872076e-63,6.2287237603199999e-03,1.3554362786237462e-12,6.2287237589645633e-03,6.2287237589645633e-03
466,3.2500000000000018e-01,-4.2499999999999993e-01,1.8321503364241326e-65,6.7828883025099996e-03,5.2162503175203747e-13,6.7828883019883743e-03,6.7828883019883743e-03
467,3.7500000000000000e-01,-4.2499999999999993e-01,6.9784204528893503e-68,7.1464390275499997e-03,1.7120546726208865e-13,7.1464390273787946e-03,7.1464390273787946e-03
468,4.2500000000000004e-01,-4.2499999999999993e-01,1.1993683669351616e-70,7.2770094095599997e-03,4.7924404031072456e-14,7.2770094095120754e-03,7.2770094095120754e-03
469,4.7500000000000009e-01,-4.2499999999999993e-01,9.3013819897818678e-74,7.1685001371299996e-03,1.1441308577756962e-14,7.1685001371185582e-03,7.1685001371185582e-03
470,5.2500000000000013e-01,-4.2499999999999993e-01,3.2549311213410282e-77,6.8441193509599998e-03,2.3295635551803652e-15,6.8441193509576701e-03,6.8441193509576701e-03
471,5.7500000000000018e-01,-4.2499999999999993e-01,5.1396738105982888e-81,6.3463603834999997e-03,4.0453240301442793e-16,6.3463603834995955e-03,6.3463603834995955e-03
472,6.2500000000000000e-01,-4.2499999999999993e-01,3.6620877304511337e-85,5.7265418118200000e-03,5.9911742593446518e-17,5.7265418118199402e-03,5.7265418118199402e-03
473,6.7500000000000004e-01,-4.2499999999999993e-01,1.1773927664695149e-89,5.0360630183800001e-03,7.5674659494961084e-18,5.0360630183799923e-03,5.0360630183799923e-03
474,7.2500000000000009e-01,-4.2499999999999993e-01,1.7081004796710450e-94,4.3205912982999996e-03,8.1520884995678145e-19,4.3205912982999988e-03,4.3205912982999988e-03
475,7.7500000000000013e-01,-4.2499999999999993e-01,1.1181624357653029e-99,3.6173038669800000e-03,7.4897475996907963e-20,3.6173038669800000e-03,3.6173038669800000e-03
476,8.2500000000000018e-01,-4.2499999999999993e-01,3.3029029585103829e-105,2.9545094172800002e-03,5.8687467029663911e-21,2.9545094172800002e-03,2.9545094172800002e-03
477,8.7500000000000000e-01,-4.2499999999999993e-01,4.4023661657655807e-111,2.3549134795199998e-03,3.9219624856105085e-22,2.3549134795199998e-03,2.3549134795199998e-03
478,9.2500000000000004e-01,-4.2499999999999993e-01,2.6477436938063279e-117,1.9177705569799999e-03,2.2353286851307033e-23,1.9177705569799999e-03,1.9177705569799999e-03
479,9.7500000000000009e-01,-4.2499999999999993e-01,7.1856350291509869e-124,4.3346063383500003e-03,1.0865738122384253e-24,4.3346063383500003e-03,4.3346063383500003e-03
480,-9.7499999999999998e-01,-3.7500000000000000e-01,1.1947454206338435e-117,2.5691768440800002e-03,1.9064318181899467e-23,2.5691768440800002e-03,2.5691768440800002e-03
481,-9.2500000000000004e-01,-3.7500000000000000e-01,4.4023661657653303e-111,4.8319294458499997e-03,3.9219624856104243e-22,4.8319294458499997e-03,4.8319294458499997e-03
482,-8.7500000000000000e-01,-3.7500000000000000e-01,7.3197522489856493e-105,6.2814484135900002e-03,6.8812205743408698e-21,6.2814484135900002e-03,6.2814484135900002e-03
483,-8.2499999999999996e-01,-3.7500000000000000e-01,5.4916902521066807e-99,7.5316622422500002e-03,1.0296921683013492e-19,7.5316622422500002e-03,7.5316622422500002e-03
484,-7.7500000000000002e-01,-3.7500000000000000e-01,1.8591529408825265e-93,8.9163762584400005e-03,1.3141024542867463e-18,8.9163762584399987e-03,8.9163762584399987e-03
485,-7.2499999999999998e-01,-3.7500000000000000e-01,2.8400346215617508e-88,1.0488240726999999e-02,1.4303124854684032e-17,1.0488240726999986e-02,1.0488240726999986e-02
486,-6.7500000000000004e-01,-3.7500000000000000e-01,1.9576343779223519e-83,1.2192022260700000e-02,1.3277384110213225e-16,1.2192022260699866e-02,1.2192022260699866e-02
487,-6.2500000000000000e-01,-3.7500000000000000e-01,6.0889017159461231e-79,1.3940783656900000e-02,1.0511725119534547e-15,1.3940783656898948e-02,1.3940783656898948e-02
488,-5.7499999999999996e-01,-3.7500000000000000e-01,8.5456632905135017e-75,1.5630604159799999e-02,7.0976627258003338e-15,1.5630604159792900e-02,1.5630604159792900e-02
489,-5.2499999999999991e-01,-3.7500000000000000e-01,5.4119281537745808e-71,1.7139742834000000e-02,4.0873008663280984e-14,1.7139742833959127e-02,1.7139742833959127e-02
490,-4.7499999999999998e-01,-3.7500000000000000e-01,1.5465276893100173e-67,1.8330882705700002e-02,2.0074176709109768e-13,1.8330882705499259e-02,1.8330882705499259e-02
491,-4.2499999999999993e-01,-3.7500000000000000e-01,1.9941728994524567e-64,1.9061435016500001e-02,8.4085045749822247e-13,1.9061435015659149e-02,1.9061435015659149e-02
492,-3.7500000000000000e-01,-3.7500000000000000e-01,1.1602921447476361e-61,1.9202513799700002e-02,3.0038598994404996e-12,1.9202513796696141e-02,1.9202513796696141e-02
493,-3.2499999999999996e-01,-3.7500000000000000e-01,3.0462905720585233e-59,1.8665512229400001e-02,9.1520939166368662e-12,1.8665512220247909e-02,1.8665512220247909e-02
494,-2.7499999999999991e-01,-3.7500000000000000e-01,3.6088990420422186e-57,1.7433340370100001e-02,2.3781604341944700e-11,1.7433340346318396e-02,1.7433340346318396e-02
495,-2.2499999999999998e-01,-3.7500000000000000e-01,1.9292014149214172e-55,1.5590341786499999e-02,5.2703774241355002e-11,1.5590341733796226e-02,1.5590341733796226e-02
496,-1.7499999999999993e-01,-3.7500000000000000e-01,4.6535013347941771e-54,1.3340032717600000e-02,9.9614410995452070e-11,1.3340032617985590e-02,1.3340032617985590e-02
497,-1.2500000000000000e-01,-3.7500000000000000e-01,5.0650244496443668e-53,1.0992729158700001e-02,1.6057669390904371e-10,1.0992728998123306e-02,1.0992728998123306e-02
498,-7.4999999999999956e-02,-3.7500000000000000e-01,2.4876122204692204e-52,8.9022155096799994e-03,2.2076119646100134e-10,8.9022152889188036e-03,8.9022152889188036e-03
499,-2.4999999999999911e-02,-3.7500000000000000e-01,5.5129397908789695e-52,7.3578590979599999e-03,2.5884683118726602e-10,7.3578588391131688e-03,7.3578588391131688e-03
500,2.5000000000000133e-02,-3.7500000000000000e-01,5.5129397908789695e-52,6.5588921788599999e-03,2.5884683118726602e-10,6.5588919200131688e-03,6.5588919200131688e-03
501,7.4999999999999956e-02,-3.7500000000000000e-01,2.4876122204692204e-52,6.5384242767300002e-03,2.2076119646100134e-10,6.5384240559688035e-03,6.5384240559688035e-03
502,1.2500000000000000e-01,-3.7500000000000000e-01,5.0650244496443668e-53,7.1511118568300001e-03,1.6057669390904371e-10,7.1511116962533058e-03,7.1511116962533058e-03
503,1.7500000000000004e-01,-3.7500000000000000e-01,4.6535013347941771e-54,8.1840745566999999e-03,9.9614410995452070e-11,8.1840744570855894e-03,8.1840744570855894e-03
504,2.2500000000000009e-01,-3.7500000000000000e-01,1.9292014149214172e-55,9.3944483182500007e-03,5.2703774241355002e-11,9.3944482655462271e-03,9.3944482655462271e-03
505,2.7500000000000013e-01,-3.7500000000000000e-01,3.6088990420421162e-57,1.0549240387600000e-02,2.3781604341944700e-11,1.0549240363818395e-02,1.0549240363818395e-02
506,3.2500000000000018e-01,-3.7500000000000000e-01,3.0462905720584371e-59,1.1458918458800000e-02,9.1520939166368662e-12,1.1458918449647906e-02,1.1458918449647906e-02
507,3.7500000000000000e-01,-3.7500000000000000e-01,1.1602921447476361e-61,1.1998451229700001e-02,3.0038598994405210e-12,1.1998451226696141e-02,1.1998451226696141e-02
508,4.2500000000000004e-01,-3.7500000000000000e-01,1.9941728994524567e-64,1.2113546396500001e-02,8.4085045749822540e-13,1.2113546395659151e-02,1.2113546395659151e-02
509,4.7500000000000009e-01,-3.7500000000000000e-01,1.5465276893100173e-67,1.1813759349200001e-02,2.0074176709109839e-13,1.1813759348999258e-02,1.1813759348999258e-02
510,5.2500000000000013e-01,-3.7500000000000000e-01,5.4119281537741199e-71,1.1156696933800000e-02,4.0873008663280984e-14,1.1156696933759126e-02,1.1156696933759126e-02
511,5.7500000000000018e-01,-3.7500000000000000e-01,8.5456632905132592e-75,1.0228398482699999e-02,7.0976627258003338e-15,1.0228398482692901e-02,1.0228398482692901e-02
512,6.2500000000000000e-01,-3.7500000000000000e-01,6.0889017159461231e-79,9.1244868507299997e-03,1.0511725119534622e-15,9.1244868507289485e-03,9.1244868507289485e-03
513,6.7500000000000004e-01,-3.7500000000000000e-01,1.9576343779223519e-83,7.9353658761900005e-03,1.3277384110213318e-16,7.9353658761898670e-03,7.9353658761898670e-03
514,7.2500000000000009e-01,-3.7500000000000000e-01,2.8400346215616704e-88,6.7370398427100001e-03,1.4303124854684134e-17,6.7370398427099862e-03,6.7370398427099862e-03
515,7.7500000000000013e-01,-3.7500000000000000e-01,1.8591529408824211e-93,5.5874427874800002e-03,1.3141024542867560e-18,5.5874427874799985e-03,5.5874427874799985e-03
516,8.2500000000000018e-01,-3.7500000000000000e-01,5.4916902521065239e-99,4.5270241870499998e-03,1.0296921683013492e-19,4.5270241870499998e-03,4.5270241870499998e-03
517,8.7500000000000000e-01,-3.7500000000000000e-01,7.3197522489856493e-105,3.5858747026599998e-03,6.8812205743409676e-21,3.5858747026599998e-03,3.5858747026599998e-03
518,9.2500000000000004e-01,-3.7500000000000000e-01,4.4023661657653303e-111,2.9189299140599998e-03,3.9219624856104803e-22,2.9189299140599998e-03,2.9189299140599998e-03
519,9.7500000000000009e-01,-3.7500000000000000e-01,1.1947454206338435e-117,6.4799116825399999e-03,1.9064318181899467e-23,6.4799116825399999e-03,6.4799116825399999e-03
520,-9.7499999999999998e-01,-3.2499999999999996e-01,8.9636528082673710e-112,4.1986749137899997e-03,2.8527466768185902e-22,4.1986749137899997e-03,4.1986749137899997e-03
521,-9.2500000000000004e-01,-3.2499999999999996e-01,3.3029029585104766e-105,6.9327335390000000e-03,5.8687467029663083e-21,6.9327335390000000e-03,6.9327335390000000e-03
522,-8.7500000000000000e-01,-3.2499999999999996e-01,5.4916902521066807e-99,8.4944720331299999e-03,1.0296921683013492e-19,8.4944720331299999e-03,8.4944720331299999e-03
523,-8.2499999999999996e-01,-3.2499999999999996e-01,4.1201752189445614e-93,1.0074132690700000e-02,1.5408108924958837e-18,1.0074132690699998e-02,1.0074132690699998e-02
524,-7.7500000000000002e-01,-3.2499999999999996e-01,1.3948412098284624e-87,1.2013722416700000e-02,1.9663967909563137e-17,1.2013722416699981e-02,1.2013722416699981e-02
525,-7.2499999999999998e-01,-3.2499999999999996e-01,2.1307538720368475e-82,1.4280557871999999e-02,2.1402911716015230e-16,1.4280557871999786e-02,1.4280557871999786e-02
526,-6.7500000000000004e-01,-3.2499999999999996e-01,1.4687275285737862e-77,1.6769384188800002e-02,1.9868013655592929e-15,1.6769384188798014e-02,1.6769384188798014e-02
527,-6.2500000000000000e-01,-3.2499999999999996e-01,4.5682368831719357e-73,1.9364855424099998e-02,1.5729536517521198e-14,1.9364855424084268e-02,1.9364855424084268e-02
528,-5.7499999999999996e-01,-3.2499999999999996e-01,6.4114377364073147e-69,2.1932509427600000e-02,1.0620801416035057e-13,2.1932509427493793e-02,2.1932509427493793e-02
529,-5.2499999999999991e-01,-3.2499999999999996e-01,4.0603332020293695e-65,2.4306238342800001e-02,6.1161557692872936e-13,2.4306238342188386e-02,2.4306238342188386e-02
530,-4.7499999999999998e-01,-3.2499999999999996e-01,1.1602921447476691e-61,2.6287121161900000e-02,3.0038598994405101e-12,2.6287121158896139e-02,2.6287121158896139e-02
531,-4.2499999999999993e-01,-3.2499999999999996e-01,1.4961407846086999e-58,2.7655334632800000e-02,1.2582319102326611e-11,2.7655334620217679e-02,2.7655334620217679e-02
532,-3.7500000000000000e-01,-3.2499999999999996e-01,8.7051649347688733e-56,2.8195386002999999e-02,4.4949162430018648e-11,2.8195385958050836e-02,2.8195385958050836e-02
533,-3.2499999999999996e-01,-3.2499999999999996e-01,2.2854986986720177e-53,2.7734683118600001e-02,1.3695011412160721e-10,2.7734682981649886e-02,2.7734682981649886e-02
534,-2.7499999999999991e-01,-3.2499999999999996e-01,2.7075992486995505e-51,2.6193775562000001e-02,3.5586320008187288e-10,2.6193775206136801e-02,2.6193775206136801e-02
535,-2.2499999999999998e-01,-3.2499999999999996e-01,1.4473955189047115e-49,2.3642596111699998e-02,7.8864880132756780e-10,2.3642595323051196e-02,2.3642595323051196e-02
536,-1.7499999999999993e-01,-3.2499999999999996e-01,3.4913187016672640e-48,2.0349015325700000e-02,1.4906102448517012e-09,2.0349013835089753e-02,2.0349013835089753e-02
537,-1.2500000000000000e-01,-3.2499999999999996e-01,3.8000665119025814e-47,1.6789560636400001e-02,2.4028377283299326e-09,1.6789558233562273e-02,1.6789558233562273e-02
538,-7.4999999999999956e-02,-3.2499999999999996e-01,1.8663467447365580e-46,1.3569874904600000e-02,3.3034266610833200e-09,1.3569871601173339e-02,1.3569871601173339e-02
539,-2.4999999999999911e-02,-3.2499999999999996e-01,4.1361178193177991e-46,1.1229656193300000e-02,3.8733325284908146e-09,1.1229652319967472e-02,1.1229652319967472e-02
540,2.5000000000000133e-02,-3.2499999999999996e-01,4.1361178193177991e-46,1.0146600758800001e-02,3.8733325284908146e-09,1.0146596885467473e-02,1.0146596885467473e-02
541,7.4999999999999956e-02,-3.2499999999999996e-01,1.8663467447365580e-46,1.0380075009400001e-02,3.3034266610833200e-09,1.0380071705973340e-02,1.0380071705973340e-02
542,1.2500000000000000e-01,-3.2499999999999996e-01,3.8000665119025814e-47,1.1657698698300000e-02,2.4028377283299326e-09,1.1657696295462271e-02,1.1657696295462271e-02
543,1.7500000000000004e-01,-3.2499999999999996e-01,3.4913187016672640e-48,1.3582255708600000e-02,1.4906102448517012e-09,1.3582254217989755e-02,1.3582254217989755e-02
544,2.2500000000000009e-01,-3.2499999999999996e-01,1.4473955189047115e-49,1.5712776902799999e-02,7.8864880132756780e-10,1.5712776114151197e-02,1.5712776114151197e-02
545,2.7500000000000013e-01,-3.2499999999999996e-01,2.7075992486994734e-51,1.7643948317199998e-02,3.5586320008187288e-10,1.7643947961336798e-02,1.7643947961336798e-02
546,3.2500000000000018e-01,-3.2499999999999996e-01,2.2854986986719857e-53,1.9066187444600001e-02,1.3695011412160721e-10,1.9066187307649887e-02,1.9066187307649887e-02
547,3.7500000000000000e-01,-3.2499999999999996e-01,8.7051649347688733e-56,1.9796671043800000e-02,4.4949162430018964e-11,1.9796670998850838e-02,1.9796670998850838e-02
548,4.2500000000000004e-01,-3.2499999999999996e-01,1.4961407846086573e-58,1.9780951550600001e-02,1.2582319102326657e-11,1.9780951538017680e-02,1.9780951538017680e-02
549,4.7500000000000009e-01,-3.2499999999999996e-01,1.1602921447476361e-61,1.9071929711699999e-02,3.0038598994405210e-12,1.9071929708696138e-02,1.9071929708696138e-02
550,5.2500000000000013e-01,-3.2499999999999996e-01,4.0603332020291384e-65,1.7796199396600001e-02,6.1161557692872936e-13,1.7796199395988387e-02,1.7796199395988387e-02
551,5.7500000000000018e-01,-3.2499999999999996e-01,6.4114377364069503e-69,1.6117521540099999e-02,1.0620801416035057e-13,1.6117521539993792e-02,1.6117521539993792e-02
552,6.2500000000000000e-01,-3.2499999999999996e-01,4.5682368831719357e-73,1.4204832605799999e-02,1.5729536517521309e-14,1.4204832605784271e-02,1.4204832605784271e-02
553,6.7500000000000004e-01,-3.2499999999999996e-01,1.4687275285737862e-77,1.2209123152399999e-02,1.9868013655593213e-15,1.2209123152398013e-02,1.2209123152398013e-02
554,7.2500000000000009e-01,-3.2499999999999996e-01,2.1307538720367876e-82,1.0250568450899999e-02,2.1402911716015380e-16,1.0250568450899786e-02,1.0250568450899786e-02
555,7.7500000000000013e-01,-3.2499999999999996e-01,1.3948412098284624e-87,8.4148744325300007e-03,1.9663967909563137e-17,8.4148744325299816e-03,8.4148744325299816e-03
556,8.2500000000000018e-01,-3.2499999999999996e-01,4.1201752189444447e-93,6.7564414183700003e-03,1.5408108924958837e-18,6.7564414183699985e-03,6.7564414183699985e-03
557,8.7500000000000000e-01,-3.2499999999999996e-01,5.4916902521066807e-99,5.3124206906900000e-03,1.0296921683013639e-19,5.3124206906900000e-03,5.3124206906900000e-03
558,9.2500000000000004e-01,-3.2499999999999996e-01,3.3029029585104766e-105,4.3177410306900000e-03,5.8687467029663911e-21,4.3177410306900000e-03,4.3177410306900000e-03
559,9.7500000000000009e-01,-3.2499999999999996e-01,8.9636528082673710e-112,9.3466556607599994e-03,2.8527466768186104e-22,9.3466556607599994e-03,9.3466556607599994e-03
560,-9.7499999999999998e-01,-2.7499999999999991e-01,3.0345486934823714e-106,6.6506707423000001e-03,3.6407010996791411e-21,6.6506707423000001e-03,6.6506707423000001e-03
561,-9.2500000000000004e-01,-2.7499999999999991e-01,1.1181624357653348e-99,9.5587736749000000e-03,7.4897475996906892e-20,9.5587736749000000e-03,9.5587736749000000e-03
562,-8.7500000000000000e-01,-2.7499999999999991e-01,1.8591529408825265e-93,1.1165230426400000e-02,1.3141024542867560e-18,1.1165230426399999e-02,1.1165230426399999e-02
563,-8.2499999999999996e-01,-2.7499999999999991e-01,1.3948412098285019e-87,1.3252026618200000e-02,1.9663967909563137e-17,1.3252026618199981e-02,1.3252026618199981e-02
564,-7.7500000000000002e-01,-2.7499999999999991e-01,4.7220855843461569e-82,1.5987828212499999e-02,2.5095333621504701e-16,1.5987828212499750e-02,1.5987828212499750e-02
565,-7.2499999999999998e-01,-2.7499999999999991e-01,7.2134391155334792e-77,1.9211894353900000e-02,2.7314589428504947e-15,1.9211894353897269e-02,1.9211894353897269e-02
566,-6.7500000000000004e-01,-2.7499999999999991e-01,4.9722198061981267e-72,2.2779247051900001e-02,2.5355738647297064e-14,2.2779247051874646e-02,2.2779247051874646e-02
567,-6.2500000000000000e-01,-2.7499999999999991e-01,1.5465276893100611e-67,2.6556771183700000e-02,2.0074176709109839e-13,2.6556771183499257e-02,2.6556771183499257e-02
568,-5.7499999999999996e-01,-2.7499999999999991e-01,2.1705236048872691e-63,3.0380489758399999e-02,1.3554362786237462e-12,3.0380489757044563e-02,3.0380489757044563e-02
569,-5.2499999999999991e-01,-2.7499999999999991e-01,1.3745823356697598e-59,3.4031392474100003e-02,7.8054932868717159e-12,3.4031392466294511e-02,3.4031392466294511e-02
570,-4.7499999999999998e-01,-2.7499999999999991e-01,3.9280448353090347e-56,3.7230605067699998e-02,3.8335531605530451e-11,3.7230605029364469e-02,3.7230605029364469e-02
571,-4.2499999999999993e-01,-2.7499999999999991e-01,5.0650244496445105e-53,3.9651692892800003e-02,1.6057669390904427e-10,3.9651692732223312e-02,3.9651692732223312e-02
572,-3.7500000000000000e-01,-2.7499999999999991e-01,2.9470403912774447e-50,4.0951194831099998e-02,5.7364527463449621e-10,4.0951194257454721e-02,4.0951194257454721e-02
573,-3.2499999999999996e-01,-2.7499999999999991e-01,7.7373111591448646e-48,4.0820077524500002e-02,1.7477697376191665e-09,4.0820075776730268e-02,4.0820075776730268e-02
574,-2.7499999999999991e-01,-2.7499999999999991e-01,9.1662873812301663e-46,3.9057871531899997e-02,4.5415583318399106e-09,3.9057866990341666e-02,3.9057866990341666e-02
575,-2.2499999999999998e-01,-2.7499999999999991e-01,4.9000025712658745e-44,3.5667364819200000e-02,1.0064807301628096e-08,3.5667354754392699e-02,3.5667354754392699e-02
576,-1.7499999999999993e-01,-2.7499999999999991e-01,1.1819485684344398e-42,3.0958151411300001e-02,1.9023302705856296e-08,3.0958132387997293e-02,3.0958132387997293e-02
577,-1.2500000000000000e-01,-2.7499999999999991e-01,1.2864718341393536e-41,2.5619898966500000e-02,3.0665232321424186e-08,2.5619868301267678e-02,2.5619868301267678e-02
578,-7.4999999999999956e-02,-2.7499999999999991e-01,6.3183170934529414e-41,2.0662133345200000e-02,4.2158629700439382e-08,2.0662091186570298e-02,2.0662091186570298e-02
579,-2.4999999999999911e-02,-2.7499999999999991e-01,1.4002384065036179e-40,1.7093989986400000e-02,4.9431819903566547e-08,1.7093940554580096e-02,1.7093940554580096e-02
580,2.5000000000000133e-02,-2.7499999999999991e-01,1.4002384065036179e-40,1.5649661539599999e-02,4.9431819903566547e-08,1.5649612107780094e-02,1.5649612107780094e-02
581,7.4999999999999956e-02,-2.7499999999999991e-01,6.3183170934529414e-41,1.6433329855800000e-02,4.2158629700439382e-08,1.6433287697170298e-02,1.6433287697170298e-02
582,1.2500000000000000e-01,-2.7499999999999991e-01,1.2864718341393536e-41,1.8921117251599999e-02,3.0665232321424186e-08,1.8921086586367677e-02,1.8921086586367677e-02
583,1.7500000000000004e-01,-2.7499999999999991e-01,1.1819485684344398e-42,2.2367497461800001e-02,1.9023302705856296e-08,2.2367478438497294e-02,2.2367478438497294e-02
584,2.2500000000000009e-01,-2.7499999999999991e-01,4.9000025712658745e-44,2.5980352240100001e-02,1.0064807301628096e-08,2.5980342175292701e-02,2.5980342175292701e-02
585,2.7500000000000013e-01,-2.7499999999999991e-01,9.1662873812300356e-46,2.9073469093100001e-02,4.5415583318399106e-09,2.9073464551541670e-02,2.9073464551541670e-02
586,3.2500000000000018e-01,-2.7499999999999991e-01,7.7373111591447552e-48,3.1165336455200001e-02,1.7477697376191665e-09,3.1165334707430263e-02,3.1165334707430263e-02
587,3.7500000000000000e-01,-2.7499999999999991e-01,2.9470403912774447e-50,3.2014996782699999e-02,5.7364527463450034e-10,3.2014996209054722e-02,3.2014996209054722e-02
588,4.2500000000000004e-01,-2.7499999999999991e-01,5.0650244496444391e-53,3.1604025505400000e-02,1.6057669390904487e-10,3.1604025344823310e-02,3.1604025344823310e-02
589,4.7500000000000009e-01,-2.7499999999999991e-01,3.9280448353090347e-56,3.0083803986100000e-02,3.8335531605530587e-11,3.0083803947764467e-02,3.0083803947764467e-02
590,5.2500000000000013e-01,-2.7499999999999991e-01,1.3745823356697206e-59,2.7708897081300001e-02,7.8054932868717159e-12,2.7708897073494509e-02,2.7708897073494509e-02
591,5.7500000000000018e-01,-2.7499999999999991e-01,2.1705236048871458e-63,2.4773266248300001e-02,1.3554362786237462e-12,2.4773266246944564e-02,2.4773266246944564e-02
592,6.2500000000000000e-01,-2.7499999999999991e-01,1.5465276893100611e-67,2.1559734512099998e-02,2.0074176709109983e-13,2.1559734511899256e-02,2.1559734511899256e-02
593,6.7500000000000004e-01,-2.7499999999999991e-01,4.9722198061981267e-72,1.8307114646299999e-02,2.5355738647297423e-14,1.8307114646274644e-02,1.8307114646274644e-02
594,7.2500000000000009e-01,-2.7499999999999991e-01,7.2134391155332736e-77,1.5194817217500000e-02,2.7314589428505140e-15,1.5194817217497268e-02,1.5194817217497268e-02
595,7.7500000000000013e-01,-2.7499999999999991e-01,4.7220855843461569e-82,1.2341717129400000e-02,2.5095333621504701e-16,1.2341717129399748e-02,1.2341717129399748e-02
596,8.2500000000000018e-01,-2.7499999999999991e-01,1.3948412098284624e-87,9.8148956782699998e-03,1.9663967909563137e-17,9.8148956782699807e-03,9.8148956782699807e-03
597,8.7500000000000000e-01,-2.7499999999999991e-01,1.8591529408825265e-93,7.6555121970900003e-03,1.3141024542867745e-18,7.6555121970899986e-03,7.6555121970899986e-03
598,9.2500000000000004e-01,-2.7499999999999991e-01,1.1181624357653348e-99,6.2102229474699996e-03,7.4897475996907963e-20,6.2102229474699996e-03,6.2102229474699996e-03
599,9.7500000000000009e-01,-2.7499999999999991e-01,3.0345486934822852e-106,1.3022559200799999e-02,3.6407010996791675e-21,1.3022559200799999e-02,1.3022559200799999e-02
600,-9.7499999999999998e-01,-2.2499999999999998e-01,4.6355644878865647e-101,1.0197276335200000e-02,3.9626592445228831e-20,1.0197276335200000e-02,1.0197276335200000e-02
601,-9.2500000000000004e-01,-2.2499999999999998e-01,1.7081004796710450e-94,1.2663911447099999e-02,8.1520884995676990e-19,1.2663911447099999e-02,1.2663911447099999e-02
602,-8.7500000000000000e-01,-2.2499999999999998e-01,2.8400346215617508e-88,1.4329332848799999e-02,1.4303124854684032e-17,1.4329332848799985e-02,1.4329332848799985e-02
603,-8.2499999999999996e-01,-2.2499999999999998e-01,2.1307538720368475e-82,1.7196436511100002e-02,2.1402911716015077e-16,1.7196436511099786e-02,1.7196436511099786e-02
604,-7.7500000000000002e-01,-2.2499999999999998e-01,7.2134391155330680e-77,2.1021190596900000e-02,2.7314589428504749e-15,2.1021190596897270e-02,2.1021190596897270e-02
605,-7.2499999999999998e-01,-2.2499999999999998e-01,1.1019220838774844e-71,2.5515391087099999e-02,2.9730100699217747e-14,2.5515391087070270e-02,2.5515391087070270e-02
606,-6.7500000000000004e-01,-2.2499999999999998e-01,7.5955431557526796e-67,3.0524749066800000e-02,2.7598022853695400e-13,3.0524749066524019e-02,3.0524749066524019e-02
607,-6.2500000000000000e-01,-2.2499999999999998e-01,2.3624695334422170e-62,3.5913646771799999e-02,2.1849396513092185e-12,3.5913646769615060e-02,3.5913646769615060e-02
608,-5.7499999999999996e-01,-2.2499999999999998e-01,3.3156832067138511e-58,4.1491439072299997e-02,1.4753015841711041e-11,4.1491439057546979e-02,4.1491439057546979e-02
609,-5.2499999999999991e-01,-2.2499999999999998e-01,2.0998064966275440e-54,4.6979426099300003e-02,8.4957565272275888e-11,4.6979426014342442e-02,4.6979426014342442e-02
610,-4.7499999999999998e-01,-2.2499999999999998e-01,6.0004656324986981e-51,5.2001064344699997e-02,4.1725657929936492e-10,5.2001063927443421e-02,5.2001063927443421e-02
611,-4.2499999999999993e-01,-2.2499999999999998e-01,7.7373111591447552e-48,5.6091483701999997e-02,1.7477697376191601e-09,5.6091481954230263e-02,5.6091481954230263e-02
612,-3.7500000000000000e-01,-2.2499999999999998e-01,4.5018871542626699e-45,5.8729876072400003e-02,6.2437445106592421e-09,5.8729869828655495e-02,5.8729869828655495e-02
613,-3.2499999999999996e-01,-2.2499999999999998e-01,1.1819485684344063e-42,5.9401628794200002e-02,1.9023302705856164e-08,5.9401609770897298e-02,5.9401609770897298e-02
614,-2.7499999999999991e-01,-2.2499999999999998e-01,1.4002384065035779e-40,5.7697779352299999e-02,4.9431819903566197e-08,5.7697729920480098e-02,5.7697729920480098e-02
615,-2.2499999999999998e-01,-2.2499999999999998e-01,7.4852243955415372e-39,5.3457744037000002e-02,1.0954868473452334e-07,5.3457634488315267e-02,5.3457634488315267e-02
616,-1.7499999999999993e-01,-2.2499999999999998e-01,1.8055399216729704e-37,4.6955273934600000e-02,2.0705590562038300e-07,4.6955066878694378e-02,4.6955066878694378e-02
617,-1.2500000000000000e-01,-2.2499999999999998e-01,1.9652092457145614e-36,3.9097724944899999e-02,3.3377051017630536e-07,3.9097391174389824e-02,3.9097391174389824e-02
618,-7.4999999999999956e-02,-2.2499999999999998e-01,9.6518360059682681e-36,3.1487018302700003e-02,4.5886844084395571e-07,3.1486559434259161e-02,3.1486559434259161e-02
619,-2.4999999999999911e-02,-2.2499999999999998e-01,2.1389986081634313e-35,2.5993365793300000e-02,5.3803224365692312e-07,2.5992827761056343e-02,2.5992827761056343e-02
620,2.5000000000000133e-02,-2.2499999999999998e-01,2.1389986081634313e-35,2.4089972965900000e-02,5.3803224365692312e-07,2.4089434933656343e-02,2.4089434933656343e-02
621,7.4999999999999956e-02,-2.2499999999999998e-01,9.6518360059682681e-36,2.5958829701500000e-02,4.5886844084395571e-07,2.5958370833059154e-02,2.5958370833059154e-02
622,1.2500000000000000e-01,-2.2499999999999998e-01,1.9652092457145614e-36,3.0564422104699999e-02,3.3377051017630536e-07,3.0564088334189825e-02,3.0564088334189825e-02
623,1.7500000000000004e-01,-2.2499999999999998e-01,1.8055399216729704e-37,3.6504541949999997e-02,2.0705590562038300e-07,3.6504334894094374e-02,3.6504334894094374e-02
624,2.2500000000000009e-01,-2.2499999999999998e-01,7.4852243955415372e-39,4.2383257176000000e-02,1.0954868473452334e-07,4.2383147627315265e-02,4.2383147627315265e-02
625,2.7500000000000013e-01,-2.2499999999999998e-01,1.4002384065035581e-40,4.7085216261199998e-02,4.9431819903566197e-08,4.7085166829380097e-02,4.7085166829380097e-02
626,3.2500000000000018e-01,-2.2499999999999998e-01,1.1819485684343894e-42,4.9914547781399997e-02,1.9023302705856164e-08,4.9914528758097293e-02,4.9914528758097293e-02
627,3.7500000000000000e-01,-2.2499999999999998e-01,4.5018871542626699e-45,5.0609645739200002e-02,6.2437445106592859e-09,5.0609639495455494e-02,5.0609639495455494e-02
628,4.2500000000000004e-01,-2.2499999999999998e-01,7.7373111591445352e-48,4.9271107243100000e-02,1.7477697376191665e-09,4.9271105495330265e-02,4.9271105495330265e-02
629,4.7500000000000009e-01,-2.2499999999999998e-01,6.0004656324986127e-51,4.6246614570199997e-02,4.1725657929936637e-10,4.6246614152943420e-02,4.6246614152943420e-02
630,5.2500000000000013e-01,-2.2499999999999998e-01,2.0998064966274544e-54,4.2009819172000001e-02,8.4957565272275888e-11,4.2009819087042440e-02,4.2009819087042440e-02
631,5.7500000000000018e-01,-2.2499999999999998e-01,3.3156832067136629e-58,3.7057556956999999e-02,1.4753015841711041e-11,3.7057556942246980e-02,3.7057556942246980e-02
632,6.2500000000000000e-01,-2.2499999999999998e-01,2.3624695334422170e-62,3.1836902755500003e-02,2.1849396513092419e-12,3.1836902753315063e-02,3.1836902753315063e-02
633,6.7500000000000004e-01,-2.2499999999999998e-01,7.5955431557526796e-67,2.6703844425300001e-02,2.7598022853695592e-13,2.6703844425024020e-02,2.6703844425024020e-02
634,7.2500000000000009e-01,-2.2499999999999998e-01,1.1019220838774844e-71,2.1909354565600000e-02,2.9730100699217747e-14,2.1909354565570270e-02,2.1909354565570270e-02
635,7.7500000000000013e-01,-2.2499999999999998e-01,7.2134391155330680e-77,1.7605636736100001e-02,2.7314589428504749e-15,1.7605636736097271e-02,1.7605636736097271e-02
636,8.2500000000000018e-01,-2.2499999999999998e-01,2.1307538720366661e-82,1.3865226714400001e-02,2.1402911716015077e-16,1.3865226714399787e-02,1.3865226714399787e-02
637,8.7500000000000000e-01,-2.2499999999999998e-01,2.8400346215617508e-88,1.0725928487200000e-02,1.4303124854684235e-17,1.0725928487199986e-02,1.0725928487199986e-02
638,9.2500000000000004e-01,-2.2499999999999998e-01,1.7081004796710450e-94,8.6868102121200001e-03,8.1520884995678145e-19,8.6868102121200001e-03,8.6868102121200001e-03
639,9.7500000000000009e-01,-2.2499999999999998e-01,4.6355644878863014e-101,1.7534058594400000e-02,3.9626592445229385e-20,1.7534058594400000e-02,1.7534058594400000e-02
640,-9.7499999999999998e-01,-1.7499999999999993e-01,3.1952921748442520e-96,1.5112468530800000e-02,3.6784793128746213e-19,1.5112468530800000e-02,1.5112468530800000e-02
641,-9.2500000000000004e-01,-1.7499999999999993e-01,1.1773927664694815e-89,1.6141683535699999e-02,7.5674659494960005e-18,1.6141683535699992e-02,1.6141683535699992e-02
642,-8.7500000000000000e-01,-1.7499999999999993e-01,1.9576343779223519e-83,1.8050614297200000e-02,1.3277384110213225e-16,1.8050614297199868e-02,1.8050614297199868e-02
643,-8.2499999999999996e-01,-1.7499999999999993e-01,1.4687275285738280e-77,2.2050273865300000e-02,1.9868013655593075e-15,2.2050273865298013e-02,2.2050273865298013e-02
644,-7.7500000000000002e-01,-1.7499999999999993e-01,4.9722198061981267e-72,2.7289069163300001e-02,2.5355738647297064e-14,2.7289069163274646e-02,2.7289069163274646e-02
645,-7.2499999999999998e-01,-1.7499999999999993e-01,7.5955431557528957e-67,3.3414806243300003e-02,2.7598022853695592e-13,3.3414806243024023e-02,3.3414806243024023e-02
646,-6.7500000000000004e-01,-1.7499999999999993e-01,5.2356039210951535e-62,4.0304787187400000e-02,2.5618845800045899e-12,4.0304787184838119e-02,4.0304787184838119e-02
647,-6.2500000000000000e-01,-1.7499999999999993e-01,1.6284490126804975e-57,4.7836989204400000e-02,2.0282479040632485e-11,4.7836989184117523e-02,4.7836989184117523e-02
648,-5.7499999999999996e-01,-1.7499999999999993e-01,2.2854986986720177e-53,5.5800273174799998e-02,1.3695011412160770e-10,5.5800273037849887e-02,5.5800273037849887e-02
649,-5.2499999999999991e-01,-1.7499999999999993e-01,1.4473955189047735e-49,6.3854719675900007e-02,7.8864880132756780e-10,6.3854718887251208e-02,6.3854718887251208e-02
650,-4.7499999999999998e-01,-1.7499999999999993e-01,4.1361178193177991e-46,7.1513591464800005e-02,3.8733325284908146e-09,7.1513587591467476e-02,7.1513587591467476e-02
651,-4.2499999999999993e-01,-1.7499999999999993e-01,5.3333245316195088e-43,7.8144872838400006e-02,1.6224293906639974e-08,7.8144856614106098e-02,7.8144856614106098e-02
652,-3.7500000000000000e-01,-1.7499999999999993e-01,3.1031484587555518e-40,8.2999351281699996e-02,5.7959778017954941e-08,8.2999293321921977e-02,8.2999293321921977e-02
653,-3.2499999999999996e-01,-1.7499999999999993e-01,8.1471652948758230e-38,8.5277041845900001e-02,1.7659056998848358e-07,8.5276865255330014e-02,8.5276865255330014e-02
654,-2.7499999999999991e-01,-1.7499999999999993e-01,9.6518360059684058e-36,8.4247006544200004e-02,4.5886844084395730e-07,8.4246547675759162e-02,8.4246547675759162e-02
655,-2.2499999999999998e-01,-1.7499999999999993e-01,5.1595612574319357e-34,7.9438512981999998e-02,1.0169246096684826e-06,7.9437496057390325e-02,7.9437496057390325e-02
656,-1.7499999999999993e-01,-1.7499999999999993e-01,1.2445577228331987e-32,7.0926487702600002e-02,1.9220700505243640e-06,7.0924565632549480e-02,7.0924565632549480e-02
657,-1.2500000000000000e-01,-1.7499999999999993e-01,1.3546177043102942e-31,5.9726551664600003e-02,3.0983434132726183e-06,5.9723453321186733e-02,5.9723453321186733e-02
658,-7.4999999999999956e-02,-1.7499999999999993e-01,6.6530055063068846e-31,4.8170334658500000e-02,4.2596094259392685e-06,4.8166075049074060e-02,4.8166075049074060e-02
659,-2.4999999999999911e-02,-1.7499999999999993e-01,1.4744106208698937e-30,3.9609239243999998e-02,4.9944755676053179e-06,3.9604244768432391e-02,3.9604244768432391e-02
660,2.5000000000000133e-02,-1.7499999999999993e-01,1.4744106208698937e-30,3.7110916759800001e-02,4.9944755676053179e-06,3.7105922284232394e-02,3.7105922284232394e-02
661,7.4999999999999956e-02,-1.7499999999999993e-01,6.6530055063068846e-31,4.1006628707300000e-02,4.2596094259392685e-06,4.1002369097874060e-02,4.1002369097874060e-02
662,1.2500000000000000e-01,-1.7499999999999993e-01,1.3546177043102942e-31,4.9182655213199998e-02,3.0983434132726297e-06,4.9179556869786728e-02,4.9179556869786728e-02
663,1.7500000000000004e-01,-1.7499999999999993e-01,1.2445577228331809e-32,5.9009194828200003e-02,1.9220700505243674e-06,5.9007272758149480e-02,5.9007272758149480e-02
664,2.2500000000000009e-01,-1.7499999999999993e-01,5.1595612574318621e-34,6.8106395921399998e-02,1.0169246096684862e-06,6.8105378996790325e-02,6.8105378996790325e-02
665,2.7500000000000013e-01,-1.7499999999999993e-01,9.6518360059682681e-36,7.4774745950799998e-02,4.5886844084395730e-07,7.4774287082359156e-02,7.4774287082359156e-02
666,3.2500000000000018e-01,-1.7499999999999993e-01,8.1471652948755922e-38,7.8123388538099997e-02,1.7659056998848358e-07,7.8123211947530011e-02,7.8123211947530011e-02
667,3.7500000000000000e-01,-1.7499999999999993e-01,3.1031484587555518e-40,7.7990521341799998e-02,5.7959778017955153e-08,7.7990463382021979e-02,7.7990463382021979e-02
668,4.2500000000000004e-01,-1.7499999999999993e-01,5.3333245316194331e-43,7.4753709722000003e-02,1.6224293906640033e-08,7.4753693497706095e-02,7.4753693497706095e-02
669,4.7500000000000009e-01,-1.7499999999999993e-01,4.1361178193177991e-46,6.9109298233499997e-02,3.8733325284908146e-09,6.9109294360167467e-02,6.9109294360167467e-02
670,5.2500000000000013e-01,-1.7499999999999993e-01,1.4473955189047115e-49,6.1873738542999997e-02,7.8864880132756780e-10,6.1873737754351198e-02,6.1873737754351198e-02
671,5.7500000000000018e-01,-1.7499999999999993e-01,2.2854986986719208e-53,5.3833875616599997e-02,1.3695011412160770e-10,5.3833875479649886e-02,5.3833875479649886e-02
672,6.2500000000000000e-01,-1.7499999999999993e-01,1.6284490126804975e-57,4.5653181780600002e-02,2.0282479040632701e-11,4.5653181760317525e-02,4.5653181760317525e-02
673,6.7500000000000004e-01,-1.7499999999999993e-01,5.2356039210951535e-62,3.7828400687699999e-02,2.5618845800046170e-12,3.7828400685138118e-02,3.7828400685138118e-02
674,7.2500000000000009e-01,-1.7499999999999993e-01,7.5955431557528957e-67,3.0685062271699998e-02,2.7598022853695592e-13,3.0685062271424018e-02,3.0685062271424018e-02
675,7.7500000000000013e-01,-1.7499999999999993e-01,4.9722198061979850e-72,2.4398693604300001e-02,2.5355738647297243e-14,2.4398693604274647e-02,2.4398693604274647e-02
676,8.2500000000000018e-01,-1.7499999999999993e-01,1.4687275285737446e-77,1.9030830821199999e-02,1.9868013655593075e-15,1.9030830821198011e-02,1.9030830821198011e-02
677,8.7500000000000000e-01,-1.7499999999999993e-01,1.9576343779223519e-83,1.4603090658700000e-02,1.3277384110213412e-16,1.4603090658699866e-02,1.4603090658699866e-02
678,9.2500000000000004e-01,-1.7499999999999993e-01,1.1773927664694815e-89,1.1818888169800000e-02,7.5674659494961084e-18,1.1818888169799993e-02,1.1818888169799993e-02
679,9.7500000000000009e-01,-1.7499999999999993e-01,3.1952921748440703e-96,2.2812175598000001e-02,3.6784793128746473e-19,2.2812175598000001e-02,2.2812175598000001e-02
680,-9.7499999999999998e-01,-1.2500000000000000e-01,9.9384339720299830e-92,2.1612874431599999e-02,2.9122576460741837e-18,2.1612874431599996e-02,2.1612874431599996e-02
681,-9.2500000000000004e-01,-1.2500000000000000e-01,3.6620877304510297e-85,1.9864781697000001e-02,5.9911742593445668e-17,1.9864781696999942e-02,1.9864781696999942e-02
682,-8.7500000000000000e-01,-1.2500000000000000e-01,6.0889017159461231e-79,2.2429252757400001e-02,1.0511725119534547e-15,2.2429252757398949e-02,2.2429252757398949e-02
683,-8.2499999999999996e-01,-1.2500000000000000e-01,4.5682368831719357e-73,2.7942193555200001e-02,1.5729536517521198e-14,2.7942193555184271e-02,2.7942193555184271e-02
684,-7.7500000000000002e-01,-1.2500000000000000e-01,1.5465276893100173e-67,3.4934479030500003e-02,2.0074176709109695e-13,3.4934479030299261e-02,3.4934479030299261e-02
685,-7.2499999999999998e-01,-1.2500000000000000e-01,2.3624695334422170e-62,4.3099669084899997e-02,2.1849396513092266e-12,4.3099669082715057e-02,4.3099669082715057e-02
686,-6.7500000000000004e-01,-1.2500000000000000e-01,1.6284490126804514e-57,5.2382413622600002e-02,2.0282479040632410e-11,5.2382413602317525e-02,5.2382413602317525e-02
687,-6.2500000000000000e-01,-1.2500000000000000e-01,5.0650244496443668e-53,6.2690288477700001e-02,1.6057669390904257e-10,6.2690288317123311e-02,6.2690288317123311e-02
688,-5.7499999999999996e-01,-1.2500000000000000e-01,7.1086700893074827e-49,7.3804228660500001e-02,1.0842361287325206e-09,7.3804227576263870e-02,7.3804227576263870e-02
689,-5.2499999999999991e-01,-1.2500000000000000e-01,4.5018871542627340e-45,8.5330896788100005e-02,6.2437445106592644e-09,8.5330890544355498e-02,8.5330890544355498e-02
690,-4.7499999999999998e-01,-1.2500000000000000e-01,1.2864718341393169e-41,9.6671540704500000e-02,3.0665232321423968e-08,9.6671510039267675e-02,9.6671510039267675e-02
691,-4.2499999999999993e-01,-1.2500000000000000e-01,1.6588434111348469e-38,1.0700930961900000e-01,1.2844798070875415e-07,1.0700918117101929e-01,1.0700918117101929e-01
692,-3.7500000000000000e-01,-1.2500000000000000e-01,9.6518360059682681e-36,1.1532502848100000e-01,4.5886844084395413e-07,1.1532456961255916e-01,1.1532456961255916e-01
693,-3.2499999999999996e-01,-1.2500000000000000e-01,2.5340425823903794e-33,1.2045783811900000e-01,1.3980702185101275e-06,1.2045644004878149e-01,1.2045644004878149e-01
694,-2.7499999999999991e-01,-1.2500000000000000e-01,3.0020458100630391e-31,1.2123328780800000e-01,3.6328683994844658e-06,1.2122965493960051e-01,1.2122965493960051e-01
695,-2.2499999999999998e-01,-1.2500000000000000e-01,1.6047971852255932e-29,1.1668933346500000e-01,8.0510075444020754e-06,1.1668128245745560e-01,1.1668128245745560e-01
696,-1.7499999999999993e-01,-1.2500000000000000e-01,3.8709933476932079e-28,1.0645027642300001e-01,1.5217057715503214e-05,1.0643505936528451e-01,1.0643505936528451e-01
697,-1.2500000000000000e-01,-1.2500000000000000e-01,4.2133169284550584e-27,9.1342012698300001e-02,2.4529631752680593e-05,9.1317483066547314e-02,9.1317483066547314e-02
698,-7.4999999999999956e-02,-1.2500000000000000e-01,2.0693086053455687e-26,7.4297888384899993e-02,3.3723392371852493e-05,7.4264164992528137e-02,7.4264164992528137e-02
699,-2.4999999999999911e-02,-1.2500000000000000e-01,4.5859132127377823e-26,6.0855616783599999e-02,3.9541338750992392e-05,6.0816075444849009e-02,6.0816075444849009e-02
700,2.5000000000000133e-02,-1.2500000000000000e-01,4.5859132127377823e-26,5.7577378859400001e-02,3.9541338750992392e-05,5.7537837520649011e-02,5.7537837520649011e-02
701,7.4999999999999956e-02,-1.2500000000000000e-01,2.0693086053455687e-26,6.5144966617199998e-02,3.3723392371852493e-05,6.5111243224828141e-02,6.5111243224828141e-02
702,1.2500000000000000e-01,-1.2500000000000000e-01,4.2133169284550584e-27,7.9067893679499998e-02,2.4529631752680593e-05,7.9043364047747311e-02,7.9043364047747311e-02
703,1.7500000000000004e-01,-1.2500000000000000e-01,3.8709933476931528e-28,9.4499974883300003e-02,1.5217057715503241e-05,9.4484757825584506e-02,9.4484757825584506e-02
704,2.2500000000000009e-01,-1.2500000000000000e-01,1.6047971852255702e-29,1.0763414915699999e-01,8.0510075444020890e-06,1.0762609814945559e-01,1.0762609814945559e-01
705,2.7500000000000013e-01,-1.2500000000000000e-01,3.0020458100629962e-31,1.1615280478200000e-01,3.6328683994844658e-06,1.1614917191360052e-01,1.1614917191360052e-01
706,3.2500000000000018e-01,-1.2500000000000000e-01,2.5340425823903072e-33,1.1915236417199999e-01,1.3980702185101275e-06,1.1915096610178148e-01,1.1915096610178148e-01
707,3.7500000000000000e-01,-1.2500000000000000e-01,9.6518360059682681e-36,1.1682680438400000e-01,4.5886844084395730e-07,1.1682634551555916e-01,1.1682634551555916e-01
708,4.2500000000000004e-01,-1.2500000000000000e-01,1.6588434111348234e-38,1.1007752067600000e-01,1.2844798070875460e-07,1.1007739222801929e-01,1.1007739222801929e-01
709,4.7500000000000009e-01,-1.2500000000000000e-01,1.2864718341392988e-41,1.0014819649400000e-01,3.0665232321424080e-08,1.0014816582876768e-01,1.0014816582876768e-01
710,5.2500000000000013e-01,-1.2500000000000000e-01,4.5018871542626058e-45,8.8336998384100002e-02,6.2437445106592644e-09,8.8336992140355494e-02,8.8336992140355494e-02
711,5.7500000000000018e-01,-1.2500000000000000e-01,7.1086700893071803e-49,7.5803722808999996e-02,1.0842361287325206e-09,7.5803721724763864e-02,7.5803721724763864e-02
712,6.2500000000000000e-01,-1.2500000000000000e-01,5.0650244496443668e-53,6.3466120831800005e-02,1.6057669390904427e-10,6.3466120671223314e-02,6.3466120671223314e-02
713,6.7500000000000004e-01,-1.2500000000000000e-01,1.6284490126804514e-57,5.1967368221200003e-02,2.0282479040632559e-11,5.1967368200917526e-02,5.1967368200917526e-02
714,7.2500000000000009e-01,-1.2500000000000000e-01,2.3624695334421501e-62,4.1692930940800003e-02,2.1849396513092342e-12,4.1692930938615064e-02,4.1692930938615064e-02
715,7.7500000000000013e-01,-1.2500000000000000e-01,1.5465276893099735e-67,3.2816397855599998e-02,2.0074176709109768e-13,3.2816397855399256e-02,3.2816397855399256e-02
716,8.2500000000000018e-01,-1.2500000000000000e-01,4.5682368831718062e-73,2.5360041224800001e-02,1.5729536517521198e-14,2.5360041224784271e-02,2.5360041224784271e-02
717,8.7500000000000000e-01,-1.2500000000000000e-01,6.0889017159461231e-79,1.9311332476699999e-02,1.0511725119534697e-15,1.9311332476698948e-02,1.9311332476698948e-02
718,9.2500000000000004e-01,-1.2500000000000000e-01,3.6620877304510297e-85,1.5644960192600001e-02,5.9911742593446518e-17,1.5644960192599942e-02,1.5644960192599942e-02
719,9.7500000000000009e-01,-1.2500000000000000e-01,9.9384339720299830e-92,2.8659724493299999e-02,2.9122576460741837e-18,2.8659724493299996e-02,2.8659724493299996e-02
720,-9.7499999999999998e-01,-7.4999999999999956e-02,1.3948412098284624e-87,2.9773070025900000e-02,1.9663967909563137e-17,2.9773070025899979e-02,2.9773070025899979e-02
721,-9.2500000000000004e-01,-7.4999999999999956e-02,5.1396738105982888e-81,2.3768496271400000e-02,4.0453240301442216e-16,2.3768496271399594e-02,2.3768496271399594e-02
722,-8.7500000000000000e-01,-7.4999999999999956e-02,8.5456632905135017e-75,2.7582396727600000e-02,7.0976627258002842e-15,2.7582396727592901e-02,2.7582396727592901e-02
723,-8.2499999999999996e-01,-7.4999999999999956e-02,6.4114377364073147e-69,3.4952717675400001e-02,1.0620801416035057e-13,3.4952717675293794e-02,3.4952717675293794e-02
724,-7.7500000000000002e-01,-7.4999999999999956e-02,2.1705236048872076e-63,4.4043733417399998e-02,1.3554362786237365e-12,4.4043733416044561e-02,4.4043733416044561e-02
725,-7.2499999999999998e-01,-7.4999999999999956e-02,3.3156832067138511e-58,5.4696284107800003e-02,1.4753015841711041e-11,5.4696284093046985e-02,5.4696284093046985e-02
726,-6.7500000000000004e-01,-7.4999999999999956e-02,2.2854986986719857e-53,6.6943495956099996e-02,1.3695011412160675e-10,6.6943495819149879e-02,6.6943495819149879e-02
727,-6.2500000000000000e-01,-7.4999999999999956e-02,7.1086700893074827e-49,8.0741288842700001e-02,1.0842361287325166e-09,8.0741287758463870e-02,8.0741287758463870e-02
728,-5.7499999999999996e-01,-7.4999999999999956e-02,9.9768897348882435e-45,9.5884381059700000e-02,7.3209128562253598e-09,9.5884373738787138e-02,9.5884373738787138e-02
729,-5.2499999999999991e-01,-7.4999999999999956e-02,6.3183170934529414e-41,1.1194614509900000e-01,4.2158629700439230e-08,1.1194610294037030e-01,1.1194610294037030e-01
730,-4.7499999999999998e-01,-7.4999999999999956e-02,1.8055399216729961e-37,1.2822960477900000e-01,2.0705590562038300e-07,1.2822939772309438e-01,1.2822939772309438e-01
731,-4.2499999999999993e-01,-7.4999999999999956e-02,2.3281566864710895e-34,1.4373489602000000e-01,8.6729859705578330e-07,1.4373402872140295e-01,1.4373402872140295e-01
732,-3.7500000000000000e-01,-7.4999999999999956e-02,1.3546177043102747e-31,1.5715505161900001e-01,3.0983434132726077e-06,1.5715195327558673e-01,1.5715195327558673e-01
733,-3.2499999999999996e-01,-7.4999999999999956e-02,3.5564828737864801e-29,1.6692017774900000e-01,9.4399641972469489e-06,1.6691073778480275e-01,1.6691073778480275e-01
734,-2.7499999999999991e-01,-7.4999999999999956e-02,4.2133169284551775e-27,1.7131891568600000e-01,2.4529631752680593e-05,1.7129438605424732e-01,1.7129438605424732e-01
735,-2.2499999999999998e-01,-7.4999999999999956e-02,2.2523037871651199e-25,1.6873686326400000e-01,5.4361520590798555e-05,1.6868250174340921e-01,1.6868250174340921e-01
736,-1.7499999999999993e-01,-7.4999999999999956e-02,5.4328690611922039e-24,1.5807904885700000e-01,1.0274768614617351e-04,1.5797630117085382e-01,1.5797630117085382e-01
737,-1.2500000000000000e-01,-7.4999999999999956e-02,5.9133140074347575e-23,1.3953426527200000e-01,1.6562747882843838e-04,1.3936863779317155e-01,1.3936863779317155e-01
738,-7.4999999999999956e-02,-7.4999999999999956e-02,2.9042371531690177e-22,1.1601844124200000e-01,2.2770502681850226e-04,1.1579073621518150e-01,1.1579073621518150e-01
739,-2.4999999999999911e-02,-7.4999999999999956e-02,6.4362461448410188e-22,9.5334463967000002e-02,2.6698860842509032e-04,9.5067475358574918e-02,9.5067475358574918e-02
740,2.5000000000000133e-02,-7.4999999999999956e-02,6.4362461448410188e-22,9.1106020897699994e-02,2.6698860842509032e-04,9.0839032289274910e-02,9.0839032289274910e-02
741,7.4999999999999956e-02,-7.4999999999999956e-02,2.9042371531690177e-22,1.0507561181699999e-01,2.2770502681850226e-04,1.0484790679018149e-01,1.0484790679018149e-01
742,1.2500000000000000e-01,-7.4999999999999956e-02,5.9133140074347575e-23,1.2741889953499999e-01,1.6562747882843866e-04,1.2725327205617154e-01,1.2725327205617154e-01
743,1.7500000000000004e-01,-7.4999999999999956e-02,5.4328690611921657e-24,1.4978272811000001e-01,1.0274768614617370e-04,1.4967998042385383e-01,1.4967998042385383e-01
744,2.2500000000000009e-01,-7.4999999999999956e-02,2.2523037871651038e-25,1.6679842185300001e-01,5.4361520590798656e-05,1.6674406033240921e-01,1.6674406033240921e-01
745,2.7500000000000013e-01,-7.4999999999999956e-02,4.2133169284550584e-27,1.7585789671999999e-01,2.4529631752680593e-05,1.7583336708824732e-01,1.7583336708824732e-01
746,3.2500000000000018e-01,-7.4999999999999956e-02,3.5564828737863792e-29,1.7647327426100001e-01,9.4399641972469489e-06,1.7646383429680276e-01,1.7646383429680276e-01
747,3.7500000000000000e-01,-7.4999999999999956e-02,1.3546177043102747e-31,1.6957927691300001e-01,3.0983434132726297e-06,1.6957617856958673e-01,1.6957617856958673e-01
748,4.2500000000000004e-01,-7.4999999999999956e-02,2.3281566864710561e-34,1.5689533022700000e-01,8.6729859705578647e-07,1.5689446292840295e-01,1.5689446292840295e-01
749,4.7500000000000009e-01,-7.4999999999999956e-02,1.8055399216729704e-37,1.4040996258600000e-01,2.0705590562038374e-07,1.4040975553009438e-01,1.4040975553009438e-01
750,5.2500000000000013e-01,-7.4999999999999956e-02,6.3183170934527619e-41,1.2201611923500000e-01,4.2158629700439230e-08,1.2201607707637030e-01,1.2201607707637030e-01
751,5.7500000000000018e-01,-7.4999999999999956e-02,9.9768897348878179e-45,1.0329436389299999e-01,7.3209128562253598e-09,1.0329435657208713e-01,1.0329435657208713e-01
752,6.2500000000000000e-01,-7.4999999999999956e-02,7.1086700893074827e-49,8.5419252721100000e-02,1.0842361287325280e-09,8.5419251636863869e-02,8.5419251636863869e-02
753,6.7500000000000004e-01,-7.4999999999999956e-02,2.2854986986719857e-53,6.9155123886200001e-02,1.3695011412160770e-10,6.9155123749249883e-02,6.9155123749249883e-02
754,7.2500000000000009e-01,-7.4999999999999956e-02,3.3156832067137570e-58,5.4908028981600000e-02,1.4753015841711096e-11,5.4908028966846982e-02,5.4908028966846982e-02
755,7.7500000000000013e-01,-7.4999999999999956e-02,2.1705236048871458e-63,4.2806026579500001e-02,1.3554362786237413e-12,4.2806026578144564e-02,4.2806026578144564e-02
756,8.2500000000000018e-01,-7.4999999999999956e-02,6.4114377364069503e-69,3.2791762926499997e-02,1.0620801416035057e-13,3.2791762926393790e-02,3.2791762926393790e-02
757,8.7500000000000000e-01,-7.4999999999999956e-02,8.5456632905135017e-75,2.4798783335000001e-02,7.0976627258003835e-15,2.4798783334992903e-02,2.4798783334992903e-02
758,9.2500000000000004e-01,-7.4999999999999956e-02,5.1396738105982888e-81,2.0160860988000000e-02,4.0453240301442793e-16,2.0160860987999595e-02,2.0160860987999595e-02
759,9.7500000000000009e-01,-7.4999999999999956e-02,1.3948412098284624e-87,3.4725853562400003e-02,1.9663967909563137e-17,3.4725853562399982e-02,3.4725853562399982e-02
760,-9.7499999999999998e-01,-2.4999999999999911e-02,8.8334634268770190e-84,3.9425479860800000e-02,1.1323805621257175e-16,3.9425479860799889e-02,3.9425479860799889e-02
761,-9.2500000000000004e-01,-2.4999999999999911e-02,3.2549311213410282e-77,2.7964115341100000e-02,2.3295635551803491e-15,2.7964115341097672e-02,2.7964115341097672e-02
762,-8.7500000000000000e-01,-2.4999999999999911e-02,5.4119281537745808e-71,3.3592603846900000e-02,4.0873008663280700e-14,3.3592603846859130e-02,3.3592603846859130e-02
763,-8.2499999999999996e-01,-2.4999999999999911e-02,4.0603332020293695e-65,4.3085975504700003e-02,6.1161557692872714e-13,4.3085975504088388e-02,4.3085975504088388e-02
764,-7.7500000000000002e-01,-2.4999999999999911e-02,1.3745823356697206e-59,5.4624995456100001e-02,7.8054932868716594e-12,5.4624995448294508e-02,5.4624995448294508e-02
765,-7.2499999999999998e-01,-2.4999999999999911e-02,2.0998064966275440e-54,6.8234760677100006e-02,8.4957565272275888e-11,6.8234760592142438e-02,6.8234760592142438e-02
766,-6.7500000000000004e-01,-2.4999999999999911e-02,1.4473955189047115e-49,8.4047713966900001e-02,7.8864880132756232e-10,8.4047713178251202e-02,8.4047713178251202e-02
767,-6.2500000000000000e-01,-2.4999999999999911e-02,4.5018871542627340e-45,1.0209266279500000e-01,6.2437445106592644e-09,1.0209265655125549e-01,1.0209265655125549e-01
768,-5.7499999999999996e-01,-2.4999999999999911e-02,6.3183170934529414e-41,1.2220903793200000e-01,4.2158629700439230e-08,1.2220899577337030e-01,1.2220899577337030e-01
769,-5.2499999999999991e-01,-2.4999999999999911e-02,4.0013603391666004e-37,1.4396963362599999e-01,2.4277710896495401e-07,1.4396939084889102e-01,1.4396939084889102e-01
770,-4.7499999999999998e-01,-2.4999999999999911e-02,1.1434398949129134e-33,1.6661071412400000e-01,1.1923640430873216e-06,1.6660952175995691e-01,1.6660952175995691e-01
771,-4.2499999999999993e-01,-2.4999999999999911e-02,1.4744106208699149e-30,1.8897629156000001e-01,4.9944755676053094e-06,1.8897129708443242e-01,1.8897129708443242e-01
772,-3.7500000000000000e-01,-2.4999999999999911e-02,8.5787298683957910e-28,2.0948942876700000e-01,1.7842298523452556e-05,2.0947158646847655e-01,2.0947158646847655e-01
773,-3.2499999999999996e-01,-2.4999999999999911e-02,2.2523037871651516e-25,2.2617382175400000e-01,5.4361520590798656e-05,2.2611946023340920e-01,2.2611946023340920e-01
774,-2.7499999999999991e-01,-2.4999999999999911e-02,2.6682736881516903e-23,2.3676054842600000e-01,1.4125774777799972e-04,2.3661929067822199e-01,2.3661929067822199e-01
775,-2.2499999999999998e-01,-2.4999999999999911e-02,1.4263733384093255e-21,2.3892724807700000e-01,3.1304937806921578e-04,2.3861419869893077e-01,2.3861419869893077e-01
776,-1.7499999999999993e-01,-2.4999999999999911e-02,3.4406102871705328e-20,2.3074233216500001e-01,5.9168873306967391e-04,2.3015064343193034e-01,2.3015064343193034e-01
777,-1.2500000000000000e-01,-2.4999999999999911e-02,3.7448737998454509e-19,2.1147928453800000e-01,9.5379192257530570e-04,2.1052549261542469e-01,2.1052549261542469e-01
778,-7.4999999999999956e-02,-2.4999999999999911e-02,1.8392396564373365e-18,1.8327852240600001e-01,1.3112752596701983e-03,1.8196724714632981e-01,1.8196724714632981e-01
779,-2.4999999999999911e-02,-2.4999999999999911e-02,4.0760442497839654e-18,1.5480067001400000e-01,1.5374959513768133e-03,1.5326317406262319e-01,1.5326317406262319e-01
780,2.5000000000000133e-02,-2.4999999999999911e-02,4.0760442497839654e-18,1.4975740708900001e-01,1.5374959513768133e-03,1.4821991113762320e-01,1.4821991113762320e-01
781,7.4999999999999956e-02,-2.4999999999999911e-02,1.8392396564373365e-18,1.7320140122300001e-01,1.3112752596701983e-03,1.7189012596332981e-01,1.7189012596332981e-01
782,1.2500000000000000e-01,-2.4999999999999911e-02,3.7448737998454509e-19,2.0503500315600001e-01,9.5379192257530755e-04,2.0408121123342471e-01,2.0408121123342471e-01
783,1.7500000000000004e-01,-2.4999999999999911e-02,3.4406102871705082e-20,2.3326783921899999e-01,5.9168873306967499e-04,2.3267615048593032e-01,2.3267615048593032e-01
784,2.2500000000000009e-01,-2.4999999999999911e-02,1.4263733384093153e-21,2.5166492808800001e-01,3.1304937806921632e-04,2.5135187870993081e-01,2.5135187870993081e-01
785,2.7500000000000013e-01,-2.4999999999999911e-02,2.6682736881516521e-23,2.5797424563700000e-01,1.4125774777799972e-04,2.5783298788922199e-01,2.5783298788922199e-01
786,3.2500000000000018e-01,-2.4999999999999911e-02,2.2523037871650878e-25,2.5262904350299997e-01,5.4361520590798656e-05,2.5257468198240918e-01,2.5257468198240918e-01
787,3.7500000000000000e-01,-2.4999999999999911e-02,8.5787298683957910e-28,2.3766764559600001e-01,1.7842298523452682e-05,2.3764980329747656e-01,2.3764980329747656e-01
788,4.2500000000000004e-01,-2.4999999999999911e-02,1.4744106208698730e-30,2.1585882872199999e-01,4.9944755676053264e-06,2.1585383424643240e-01,2.1585383424643240e-01
789,4.7500000000000009e-01,-2.4999999999999911e-02,1.1434398949128971e-33,1.9005750889799999e-01,1.1923640430873256e-06,1.9005631653395691e-01,1.9005631653395691e-01
790,5.2500000000000013e-01,-2.4999999999999911e-02,4.0013603391664301e-37,1.6279065319100000e-01,2.4277710896495401e-07,1.6279041041389103e-01,1.6279041041389103e-01
791,5.7500000000000018e-01,-2.4999999999999911e-02,6.3183170934525825e-41,1.3604366824600000e-01,4.2158629700439230e-08,1.3604362608737031e-01,1.3604362608737031e-01
792,6.2500000000000000e-01,-2.4999999999999911e-02,4.5018871542627340e-45,1.1119983814600000e-01,6.2437445106593083e-09,1.1119983190225549e-01,1.1119983190225549e-01
793,6.7500000000000004e-01,-2.4999999999999911e-02,1.4473955189047115e-49,8.9081946144400001e-02,7.8864880132757349e-10,8.9081945355751202e-02,8.9081945355751202e-02
794,7.2500000000000009e-01,-2.4999999999999911e-02,2.0998064966275141e-54,7.0051403589699995e-02,8.4957565272276185e-11,7.0051403504742427e-02,7.0051403504742427e-02
795,7.7500000000000013e-01,-2.4999999999999911e-02,1.3745823356696817e-59,5.4130733970399997e-02,7.8054932868716868e-12,5.4130733962594504e-02,5.4130733962594504e-02
796,8.2500000000000018e-01,-2.4999999999999911e-02,4.0603332020291384e-65,4.1134688833999997e-02,6.1161557692872714e-13,4.1134688833388382e-02,4.1134688833388382e-02
797,8.7500000000000000e-01,-2.4999999999999911e-02,5.4119281537745808e-71,3.0931081777400001e-02,4.0873008663281275e-14,3.0931081777359128e-02,3.0931081777359128e-02
798,9.2500000000000004e-01,-2.4999999999999911e-02,3.2549311213410282e-77,2.5332289277599999e-02,2.3295635551803818e-15,2.5332289277597671e-02,2.5332289277597671e-02
799,9.7500000000000009e-01,-2.4999999999999911e-02,8.8334634268767666e-84,4.0485772993900000e-02,1.1323805621257257e-16,4.0485772993899889e-02,4.0485772993899889e-02
800,-9.7499999999999998e-01,2.5000000000000133e-02,2.5242751555460609e-80,5.0068361741899998e-02,5.5615204873562784e-16,5.0068361741899443e-02,5.0068361741899443e-02
801,-9.2500000000000004e-01,2.5000000000000133e-02,9.3013819897813400e-74,3.2835848469300002e-02,1.1441308577756797e-14,3.2835848469288560e-02,3.2835848469288560e-02
802,-8.7500000000000000e-01,2.5000000000000133e-02,1.5465276893100611e-67,4.0447540031300001e-02,2.0074176709109768e-13,4.0447540031099259e-02,4.0447540031099259e-02
803,-8.2499999999999996e-01,2.5000000000000133e-02,1.1602921447476691e-61,5.2257437099999998e-02,3.0038598994405101e-12,5.2257437096996137e-02,5.2257437096996137e-02
804,-7.7500000000000002e-01,2.5000000000000133e-02,3.9280448353090347e-56,6.6588563716500002e-02,3.8335531605530322e-11,6.6588563678164472e-02,6.6588563678164472e-02
805,-7.2499999999999998e-01,2.5000000000000133e-02,6.0004656324987836e-51,8.3614301032400001e-02,4.1725657929936637e-10,8.3614300615143425e-02,8.3614300615143425e-02
806,-6.7500000000000004e-01,2.5000000000000133e-02,4.1361178193177991e-46,1.0357778586100000e-01,3.8733325284907873e-09,1.0357778198766747e-01,1.0357778198766747e-01
807,-6.2500000000000000e-01,2.5000000000000133e-02,1.2864718341393536e-41,1.2660979097000000e-01,3.0665232321423968e-08,1.2660976030476767e-01,1.2660976030476767e-01
808,-5.7499999999999996e-01,2.5000000000000133e-02,1.8055399216730216e-37,1.5263095697599999e-01,2.0705590562038374e-07,1.5263074992009437e-01,1.5263074992009437e-01
809,-5.2499999999999991e-01,2.5000000000000133e-02,1.1434398949129296e-33,1.8125512684600001e-01,1.1923640430873256e-06,1.8125393448195692e-01,1.8125393448195692e-01
810,-4.7499999999999998e-01,2.5000000000000133e-02,3.2675257473831262e-30,2.1169775067999999e-01,5.8561205268029820e-06,2.1169189455947318e-01,2.1169189455947318e-01
811,-4.2499999999999993e-01,2.5000000000000133e-02,4.2133169284551775e-27,2.4269683841600001e-01,2.4529631752680637e-05,2.4267230878424734e-01,2.4267230878424734e-01
812,-3.7500000000000000e-01,2.5000000000000133e-02,2.4514817831297916e-24,2.7246048888600000e-01,8.7629823487460782e-05,2.7237285906251252e-01,2.7237285906251252e-01
813,-3.2499999999999996e-01,2.5000000000000133e-02,6.4362461448411100e-22,2.9866843086000000e-01,2.6698860842509032e-04,2.9840144225157489e-01,2.9840144225157489e-01
814,-2.7499999999999991e-01,2.5000000000000133e-02,7.6249333400814532e-20,3.1857151777199999e-01,6.9376664042201431e-04,3.1787775113157796e-01,3.1787775113157796e-01
815,-2.2499999999999998e-01,2.5000000000000133e-02,4.0760442497839654e-18,3.2925177399599997e-01,1.5374959513768105e-03,3.2771427804462316e-01,3.2771427804462316e-01
816,-1.7499999999999993e-01,2.5000000000000133e-02,9.8319839547817095e-17,3.2813776634300001e-01,2.9059921383033580e-03,3.2523177420469668e-01,3.2523177420469668e-01
817,-1.2500000000000000e-01,2.5000000000000133e-02,1.0701455858007844e-15,3.1396548512200001e-01,4.6844086656872416e-03,3.0928107645631275e-01,3.0928107645631275e-01
818,-7.4999999999999956e-02,2.5000000000000133e-02,5.2558625597674238e-15,2.8871277096600001e-01,6.4401354678230516e-03,2.8227263549817694e-01,2.8227263549817694e-01
819,-2.4999999999999911e-02,2.5000000000000133e-02,1.1647817775902075e-14,2.6198029051100002e-01,7.5511851040234966e-03,2.5442910540697655e-01,2.5442910540697655e-01
820,2.5000000000000133e-02,2.5000000000000133e-02,1.1647817775901992e-14,2.5935255088600001e-01,7.5511851040234966e-03,2.5180136578197654e-01,2.5180136578197654e-01
821,7.4999999999999956e-02,2.5000000000000133e-02,5.2558625597674238e-15,2.8707390239399999e-01,6.4401354678230638e-03,2.8063376692617692e-01,2.8063376692617692e-01
822,1.2500000000000000e-01,2.5000000000000133e-02,1.0701455858007844e-15,3.2167865473000001e-01,4.6844086656872494e-03,3.1699424606431276e-01,3.1699424606431276e-01
823,1.7500000000000004e-01,2.5000000000000133e-02,9.8319839547816392e-17,3.4966427038600001e-01,2.9059921383033627e-03,3.4675827824769667e-01,3.4675827824769667e-01
824,2.2500000000000009e-01,2.5000000000000133e-02,4.0760442497839077e-18,3.6394641864700000e-01,1.5374959513768133e-03,3.6240892269562319e-01,3.6240892269562319e-01
825,2.7500000000000013e-01,2.5000000000000133e-02,7.6249333400812907e-20,3.6252424001099998e-01,6.9376664042201431e-04,3.6183047337057794e-01,3.6183047337057794e-01
826,3.2500000000000018e-01,2.5000000000000133e-02,6.4362461448409266e-22,3.4676482336499997e-01,2.6698860842509032e-04,3.4649783475657486e-01,3.4649783475657486e-01
827,3.7500000000000000e-01,2.5000000000000133e-02,2.4514817831297916e-24,3.1986060187499998e-01,8.7629823487461243e-05,3.1977297205151251e-01,3.1977297205151251e-01
828,4.2500000000000004e-01,2.5000000000000133e-02,4.2133169284551775e-27,2.8565790261200003e-01,2.4529631752680681e-05,2.8563337298024732e-01,2.8563337298024732e-01
829,4.7500000000000009e-01,2.5000000000000133e-02,3.2675257473831262e-30,2.4786609324600001e-01,5.8561205268029930e-06,2.4786023712547320e-01,2.4786023712547320e-01
830,5.2500000000000013e-01,2.5000000000000133e-02,1.1434398949128971e-33,2.0959906357700001e-01,1.1923640430873256e-06,2.0959787121295692e-01,2.0959787121295692e-01
831,5.7500000000000018e-01,2.5000000000000133e-02,1.8055399216729445e-37,1.7317757495700001e-01,2.0705590562038374e-07,1.7317736790109439e-01,1.7317736790109439e-01
832,6.2500000000000000e-01,2.5000000000000133e-02,1.2864718341393536e-41,1.4011472051000001e-01,3.0665232321424292e-08,1.4011468984476769e-01,1.4011468984476769e-01
833,6.7500000000000004e-01,2.5000000000000133e-02,4.1361178193177991e-46,1.1121356376800000e-01,3.8733325284908286e-09,1.1121355989466747e-01,1.1121355989466747e-01
834,7.2500000000000009e-01,2.5000000000000133e-02,6.0004656324986981e-51,8.6720380394600005e-02,4.1725657929936787e-10,8.6720379977343429e-02,8.6720379977343429e-02
835,7.7500000000000013e-01,2.5000000000000133e-02,3.9280448353089237e-56,6.6494811477700005e-02,3.8335531605530451e-11,6.6494811439364476e-02,6.6494811439364476e-02
836,8.2500000000000018e-01,2.5000000000000133e-02,1.1602921447476031e-61,5.0196099571900001e-02,3.0038598994405101e-12,5.0196099568896139e-02,5.0196099568896139e-02
837,8.7500000000000000e-01,2.5000000000000133e-02,1.5465276893100611e-67,3.7720797908299998e-02,2.0074176709110054e-13,3.7720797908099256e-02,3.7720797908099256e-02
838,9.2500000000000004e-01,2.5000000000000133e-02,9.3013819897813400e-74,3.1679621974899999e-02,1.1441308577756962e-14,3.1679621974888557e-02,3.1679621974888557e-02
839,9.7500000000000009e-01,2.5000000000000133e-02,2.5242751555459174e-80,4.4876005165699999e-02,5.5615204873563179e-16,4.4876005165699444e-02,4.4876005165699444e-02
840,-9.7499999999999998e-01,7.4999999999999956e-02,3.2549311213410282e-77,6.1251176352499999e-02,2.3295635551803491e-15,6.1251176352497667e-02,6.1251176352497667e-02
841,-9.2500000000000004e-01,7.4999999999999956e-02,1.1993683669351275e-70,3.8387623575800001e-02,4.7924404031071781e-14,3.8387623575752074e-02,3.8387623575752074e-02
842,-8.7500000000000000e-01,7.4999999999999956e-02,1.9941728994524567e-64,4.7908586487300002e-02,8.4085045749821651e-13,4.7908586486459154e-02,4.7908586486459154e-02
843,-8.2499999999999996e-01,7.4999999999999956e-02,1.4961407846086573e-58,6.2220328890200002e-02,1.2582319102326521e-11,6.2220328877617685e-02,6.2220328877617685e-02
844,-7.7500000000000002e-01,7.4999999999999956e-02,5.0650244496442945e-53,7.9643177523699996e-02,1.6057669390904257e-10,7.9643177363123305e-02,7.9643177363123305e-02
845,-7.2499999999999998e-01,7.4999999999999956e-02,7.7373111591445352e-48,1.0047398303200000e-01,1.7477697376191539e-09,1.0047398128423027e-01,1.0047398128423027e-01
846,-6.7500000000000004e-01,7.4999999999999956e-02,5.3333245316193567e-43,1.2508579286200000e-01,1.6224293906639861e-08,1.2508577663770609e-01,1.2508577663770609e-01
847,-6.2500000000000000e-01,7.4999999999999956e-02,1.6588434111348234e-38,1.5374304522000001e-01,1.2844798070875322e-07,1.5374291677201932e-01,1.5374291677201932e-01
848,-5.7499999999999996e-01,7.4999999999999956e-02,2.3281566864710561e-34,1.8648844374300000e-01,8.6729859705578023e-07,1.8648757644440295e-01,1.8648757644440295e-01
849,-5.2499999999999991e-01,7.4999999999999956e-02,1.4744106208698730e-30,2.2302696043400000e-01,4.9944755676052908e-06,2.2302196595843241e-01,2.2302196595843241e-01
850,-4.7499999999999998e-01,7.4999999999999956e-02,4.2133169284550584e-27,2.6261378751999997e-01,2.4529631752680509e-05,2.6258925788824727e-01,2.6258925788824727e-01
851,-4.2499999999999993e-01,7.4999999999999956e-02,5.4328690611921657e-24,3.0395490323699997e-01,1.0274768614617315e-04,3.0385215555085382e-01,3.0385215555085382e-01
852,-3.7500000000000000e-01,7.4999999999999956e-02,3.1610675768758394e-21,3.4513610457799998e-01,3.6705653356374689e-04,3.4476904804443625e-01,3.4476904804443625e-01
853,-3.2499999999999996e-01,7.4999999999999956e-02,8.2992291214477789e-19,3.8361352953700001e-01,1.1183397296645858e-03,3.8249518980733543e-01,3.8249518980733543e-01
854,-2.7499999999999991e-01,7.4999999999999956e-02,9.8319839547815690e-17,4.1632241122000002e-01,2.9059921383033471e-03,4.1341641908169668e-01,4.1341641908169668e-01
855,-2.2499999999999998e-01,7.4999999999999956e-02,5.2558625597673110e-15,4.3999059554600001e-01,6.4401354678230178e-03,4.3355046007817699e-01,4.3355046007817699e-01
856,-1.7499999999999993e-01,7.4999999999999956e-02,1.2677869323648532e-13,4.5178984165399999e-01,1.2172378745025808e-02,4.3961746290897419e-01,4.3961746290897419e-01
857,-1.2500000000000000e-01,7.4999999999999956e-02,1.3799011426847651e-12,4.5054108465199999e-01,1.9621662331308638e-02,4.3091942232069136e-01,4.3091942232069136e-01
858,-7.4999999999999956e-02,7.4999999999999956e-02,6.7771813931186825e-12,4.3877100655200002e-01,2.6975905079146073e-02,4.1179510147285392e-01,4.1179510147285392e-01
859,-2.4999999999999911e-02,7.4999999999999956e-02,1.5019299497202498e-11,4.2554100048299998e-01,3.1629777606224194e-02,3.9391122287677577e-01,3.9391122287677577e-01
860,2.5000000000000133e-02,7.4999999999999956e-02,1.5019299497202446e-11,4.2742618125400000e-01,3.1629777606224221e-02,3.9579640364777580e-01,3.9579640364777580e-01
861,7.4999999999999956e-02,7.4999999999999956e-02,6.7771813931186825e-12,4.4929214714299998e-01,2.6975905079146118e-02,4.2231624206385387e-01,4.2231624206385387e-01
862,1.2500000000000000e-01,7.4999999999999956e-02,1.3799011426847651e-12,4.7636028798699998e-01,1.9621662331308673e-02,4.5673862565569129e-01,4.5673862565569129e-01
863,1.7500000000000004e-01,7.4999999999999956e-02,1.2677869323648441e-13,4.9558772637800003e-01,1.2172378745025820e-02,4.8341534763297422e-01,4.8341534763297422e-01
864,2.2500000000000009e-01,7.4999999999999956e-02,5.2558625597672739e-15,4.9909010140900001e-01,6.4401354678230291e-03,4.9264996594117699e-01,4.9264996594117699e-01
865,2.7500000000000013e-01,7.4999999999999956e-02,9.8319839547813606e-17,4.8472378390499998e-01,2.9059921383033471e-03,4.8181779176669665e-01,4.8181779176669665e-01
866,3.2500000000000018e-01,7.4999999999999956e-02,8.2992291214475420e-19,4.5443343217999999e-01,1.1183397296645858e-03,4.5331509245033541e-01,4.5331509245033541e-01
867,3.7500000000000000e-01,7.4999999999999956e-02,3.1610675768758394e-21,4.1232298771100001e-01,3.6705653356374889e-04,4.1195593117743629e-01,4.1195593117743629e-01
868,4.2500000000000004e-01,7.4999999999999956e-02,5.4328690611920489e-24,3.6315242992300001e-01,1.0274768614617351e-04,3.6304968223685385e-01,3.6304968223685385e-01
869,4.7500000000000009e-01,7.4999999999999956e-02,4.2133169284549981e-27,3.1136291315499998e-01,2.4529631752680593e-05,3.1133838352324728e-01,3.1133838352324728e-01
870,5.2500000000000013e-01,7.4999999999999956e-02,1.4744106208698311e-30,2.6055324885900000e-01,4.9944755676052908e-06,2.6054825438343238e-01,2.6054825438343238e-01
871,5.7500000000000018e-01,7.4999999999999956e-02,2.3281566864709569e-34,2.1329024547500000e-01,8.6729859705578023e-07,2.1328937817640295e-01,2.1328937817640295e-01
872,6.2500000000000000e-01,7.4999999999999956e-02,1.6588434111348234e-38,1.7113853468900000e-01,1.2844798070875460e-07,1.7113840624101931e-01,1.7113840624101931e-01
873,6.7500000000000004e-01,7.4999999999999956e-02,5.3333245316193567e-43,1.3481501501099999e-01,1.6224293906639974e-08,1.3481499878670608e-01,1.3481499878670608e-01
874,7.2500000000000009e-01,7.4999999999999956e-02,7.7373111591444246e-48,1.0439862201500000e-01,1.7477697376191601e-09,1.0439862026723026e-01,1.0439862026723026e-01
875,7.7500000000000013e-01,7.4999999999999956e-02,5.0650244496441498e-53,7.9558112675699996e-02,1.6057669390904316e-10,7.9558112515123305e-02,7.9558112515123305e-02
876,8.2500000000000018e-01,7.4999999999999956e-02,1.4961407846085724e-58,5.9838392176100000e-02,1.2582319102326521e-11,5.9838392163517683e-02,5.9838392163517683e-02
877,8.7500000000000000e-01,7.4999999999999956e-02,1.9941728994524567e-64,4.5376887600799998e-02,8.4085045749822853e-13,4.5376887599959149e-02,4.5376887599959149e-02
878,9.2500000000000004e-01,7.4999999999999956e-02,1.1993683669351275e-70,3.9325312600600001e-02,4.7924404031072456e-14,3.9325312600552075e-02,3.9325312600552075e-02
879,9.7500000000000009e-01,7.4999999999999956e-02,3.2549311213410282e-77,4.7002168008799999e-02,2.3295635551803491e-15,4.7002168008797668e-02,4.7002168008797668e-02
880,-9.7499999999999998e-01,1.2500000000000000e-01,1.8938533428187578e-74,7.2709559619200004e-02,8.3221487057574232e-15,7.2709559619191677e-02,7.2709559619191677e-02
881,-9.2500000000000004e-01,1.2500000000000000e-01,6.9784204528891519e-68,4.4041697790600000e-02,1.7120546726208562e-13,4.4041697790428797e-02,4.4041697790428797e-02
882,-8.7500000000000000e-01,1.2500000000000000e-01,1.1602921447476361e-61,5.5612205914799998e-02,3.0038598994404887e-12,5.5612205911796136e-02,5.5612205911796136e-02
883,-8.2499999999999996e-01,1.2500000000000000e-01,8.7051649347688733e-56,7.2577975346899998e-02,4.4949162430018480e-11,7.2577975301950842e-02,7.2577975301950842e-02
884,-7.7500000000000002e-01,1.2500000000000000e-01,2.9470403912773184e-50,9.3289832190599997e-02,5.7364527463449217e-10,9.3289831616954727e-02,9.3289831616954727e-02
885,-7.2499999999999998e-01,1.2500000000000000e-01,4.5018871542626699e-45,1.1817792938100000e-01,6.2437445106592421e-09,1.1817792313725549e-01,1.1817792313725549e-01
886,-6.7500000000000004e-01,1.2500000000000000e-01,3.1031484587554633e-40,1.4776355206100000e-01,5.7959778017954530e-08,1.4776349410122200e-01,1.4776349410122200e-01
887,-6.2500000000000000e-01,1.2500000000000000e-01,9.6518360059682681e-36,1.8247352712600001e-01,4.5886844084395243e-07,1.8247306825755916e-01,1.8247306825755916e-01
888,-5.7499999999999996e-01,1.2500000000000000e-01,1.3546177043102747e-31,2.2251272328300001e-01,3.0983434132726077e-06,2.2250962493958673e-01,2.2250962493958673e-01
889,-5.2499999999999991e-01,1.2500000000000000e-01,8.5787298683957910e-28,2.6772981168400001e-01,1.7842298523452556e-05,2.6771196938547653e-01,2.6771196938547653e-01
890,-4.7499999999999998e-01,1.2500000000000000e-01,2.4514817831297391e-24,3.1748714268400002e-01,8.7629823487460470e-05,3.1739951286051254e-01,3.1739951286051254e-01
891,-4.2499999999999993e-01,1.2500000000000000e-01,3.1610675768759067e-21,3.7054534199900002e-01,3.6705653356374759e-04,3.7017828546543630e-01,3.7017828546543630e-01
892,-3.7500000000000000e-01,1.2500000000000000e-01,1.8392396564373107e-18,4.2497994566000002e-01,1.3112752596701890e-03,4.2366867040032985e-01,4.2366867040032985e-01
893,-3.2499999999999996e-01,1.2500000000000000e-01,4.8288342298306967e-16,4.7816698176900002e-01,3.9951644646607056e-03,4.7417181730433933e-01,4.7417181730433933e-01
894,-2.7499999999999991e-01,1.2500000000000000e-01,5.7206542888784813e-14,5.2690222445799995e-01,1.0381386100818377e-02,5.1652083835718154e-01,5.1652083835718154e-01
895,-2.2499999999999998e-01,1.2500000000000000e-01,3.0580778846436470e-12,5.6774801951200005e-01,2.3006783794012556e-02,5.4474123571798749e-01,5.4474123571798749e-01
896,-1.7499999999999993e-01,1.2500000000000000e-01,7.3765079208555488e-11,5.9772285194100006e-01,4.3484688706448602e-02,5.5423816323455144e-01,5.5423816323455144e-01
897,-1.2500000000000000e-01,1.2500000000000000e-01,8.0288346954521855e-10,6.1542698781200000e-01,7.0096560109804210e-02,5.4533042770219575e-01,5.4533042770219575e-01
898,-7.4999999999999956e-02,1.2500000000000000e-01,3.9432440066378392e-09,6.2250885042899995e-01,9.6368906974795693e-02,5.2613994345420423e-01,5.2613994345420423e-01
899,-2.4999999999999911e-02,1.2500000000000000e-01,8.7388486880958332e-09,6.2474690793599996e-01,1.1299443287721497e-01,5.1175247505878496e-01,5.1175247505878496e-01
900,2.5000000000000133e-02,1.2500000000000000e-01,8.7388486880957703e-09,6.3077725932200002e-01,1.1299443287721507e-01,5.1778282644478490e-01,5.1778282644478490e-01
901,7.4999999999999956e-02,1.2500000000000000e-01,3.9432440066378392e-09,6.4407076209199998e-01,9.6368906974795873e-02,5.4770185511720415e-01,5.4770185511720415e-01
902,1.2500000000000000e-01,1.2500000000000000e-01,8.0288346954521855e-10,6.5771678698100000e-01,7.0096560109804321e-02,5.8762022687119564e-01,5.8762022687119564e-01
903,1.7500000000000004e-01,1.2500000000000000e-01,7.3765079208555216e-11,6.6167834019299998e-01,4.3484688706448636e-02,6.1819365148655137e-01,6.1819365148655137e-01
904,2.2500000000000009e-01,1.2500000000000000e-01,3.0580778846436252e-12,6.4881653459599997e-01,2.3006783794012598e-02,6.2580975080198742e-01,6.2580975080198742e-01
905,2.7500000000000013e-01,1.2500000000000000e-01,5.7206542888783992e-14,6.1721862534299998e-01,1.0381386100818377e-02,6.0683723924218158e-01,6.0683723924218158e-01
906,3.2500000000000018e-01,1.2500000000000000e-01,4.8288342298305586e-16,5.6926419763299996e-01,3.9951644646607056e-03,5.6526903316833921e-01,5.6526903316833921e-01
907,3.7500000000000000e-01,1.2500000000000000e-01,1.8392396564373107e-18,5.0970859320100004e-01,1.3112752596701983e-03,5.0839731794132981e-01,5.0839731794132981e-01
908,4.2500000000000004e-01,1.2500000000000000e-01,3.1610675768758394e-21,4.4398976177200000e-01,3.6705653356374889e-04,4.4362270523843628e-01,4.4362270523843628e-01
909,4.7500000000000009e-01,1.2500000000000000e-01,2.4514817831297042e-24,3.7709785130500001e-01,8.7629823487460782e-05,3.7701022148151253e-01,3.7701022148151253e-01
910,5.2500000000000013e-01,1.2500000000000000e-01,8.5787298683955470e-28,3.1298103037000002e-01,1.7842298523452556e-05,3.1296318807147655e-01,3.1296318807147655e-01
911,5.7500000000000018e-01,1.2500000000000000e-01,1.3546177043102171e-31,2.5435283221700000e-01,3.0983434132726077e-06,2.5434973387358673e-01,2.5434973387358673e-01
912,6.2500000000000000e-01,1.2500000000000000e-01,9.6518360059682681e-36,2.0275773087400001e-01,4.5886844084395730e-07,2.0275727200555915e-01,2.0275727200555915e-01
913,6.7500000000000004e-01,1.2500000000000000e-01,3.1031484587554633e-40,1.5877777634199999e-01,5.7959778017954941e-08,1.5877771838222199e-01,1.5877771838222199e-01
914,7.2500000000000009e-01,1.2500000000000000e-01,4.5018871542626058e-45,1.2230094922900001e-01,6.2437445106592644e-09,1.2230094298525550e-01,1.2230094298525550e-01
915,7.7500000000000013e-01,1.2500000000000000e-01,2.9470403912772766e-50,9.2824203087600005e-02,5.7364527463449414e-10,9.2824202513954734e-02,9.2824202513954734e-02
916,8.2500000000000018e-01,1.2500000000000000e-01,8.7051649347683770e-56,6.9874663048700006e-02,4.4949162430018480e-11,6.9874663003750850e-02,6.9874663003750850e-02
917,8.7500000000000000e-01,1.2500000000000000e-01,1.1602921447476361e-61,5.3866003621300000e-02,3.0038598994405319e-12,5.3866003618296139e-02,5.3866003618296139e-02
918,9.2500000000000004e-01,1.2500000000000000e-01,6.9784204528891519e-68,4.7243728768499998e-02,1.7120546726208804e-13,4.7243728768328795e-02,4.7243728768328795e-02
919,9.7500000000000009e-01,1.2500000000000000e-01,1.8938533428187578e-74,4.6708892269500001e-02,8.3221487057574232e-15,4.6708892269491681e-02,4.6708892269491681e-02
920,-9.7499999999999998e-01,1.7500000000000004e-01,4.9722198061981267e-72,8.3815163083600000e-02,2.5355738647297064e-14,8.3815163083574645e-02,8.3815163083574645e-02
921,-9.2500000000000004e-01,1.7500000000000004e-01,1.8321503364241326e-65,4.9517442338700000e-02,5.2162503175203192e-13,4.9517442338178376e-02,4.9517442338178376e-02
922,-8.7500000000000000e-01,1.7500000000000004e-01,3.0462905720585233e-59,6.3209257736900004e-02,9.1520939166368339e-12,6.3209257727747908e-02,6.3209257727747908e-02
923,-8.2499999999999996e-01,1.7500000000000004e-01,2.2854986986720177e-53,8.2878910295899999e-02,1.3695011412160675e-10,8.2878910158949881e-02,8.2878910158949881e-02
924,-7.7500000000000002e-01,1.7500000000000004e-01,7.7373111591445352e-48,1.0694179264500001e-01,1.7477697376191539e-09,1.0694179089723027e-01,1.0694179089723027e-01
925,-7.2499999999999998e-01,1.7500000000000004e-01,1.1819485684344063e-42,1.3596052575500001e-01,1.9023302705856164e-08,1.3596050673169729e-01,1.3596050673169729e-01
926,-6.7500000000000004e-01,1.7500000000000004e-01,8.1471652948755922e-38,1.7061015137400001e-01,1.7659056998848167e-07,1.7060997478343001e-01,1.7060997478343001e-01
927,-6.2500000000000000e-01,1.7500000000000004e-01,2.5340425823903794e-33,2.1149510238499999e-01,1.3980702185101224e-06,2.1149370431478148e-01,2.1149370431478148e-01
928,-5.7499999999999996e-01,1.7500000000000004e-01,3.5564828737864801e-29,2.5900857633899999e-01,9.4399641972469320e-06,2.5899913637480276e-01,2.5899913637480276e-01
929,-5.2499999999999991e-01,1.7500000000000004e-01,2.2523037871651516e-25,3.1318050925300001e-01,5.4361520590798555e-05,3.1312614773240921e-01,3.1312614773240921e-01
930,-4.7499999999999998e-01,1.7500000000000004e-01,6.4362461448410188e-22,3.7353044725399998e-01,2.6698860842508940e-04,3.7326345864557486e-01,3.7326345864557486e-01
931,-4.2499999999999993e-01,1.7500000000000004e-01,8.2992291214478964e-19,4.3893842410500000e-01,1.1183397296645877e-03,4.3782008437533543e-01,4.3782008437533543e-01
932,-3.7500000000000000e-01,1.7500000000000004e-01,4.8288342298306967e-16,5.0755066200099996e-01,3.9951644646607021e-03,5.0355549753633921e-01,5.0355549753633921e-01
933,-3.2499999999999996e-01,1.7500000000000004e-01,1.2677869323648711e-13,5.7675496286899997e-01,1.2172378745025830e-02,5.6458258412397411e-01,5.6458258412397411e-01
934,-2.7499999999999991e-01,1.7500000000000004e-01,1.5019299497202766e-11,6.4328604026500003e-01,3.1629777606224284e-02,6.1165626265877571e-01,6.1165626265877571e-01
935,-2.2499999999999998e-01,1.7500000000000004e-01,8.0288346954522434e-10,7.0353840957699998e-01,7.0096560109804265e-02,6.3344184946719573e-01,6.3344184946719573e-01
936,-1.7499999999999993e-01,1.7500000000000004e-01,1.9366662642454144e-08,7.5415181309900003e-01,1.3248818796484568e-01,6.2166362513415430e-01,6.2166362513415430e-01
937,-1.2500000000000000e-01,1.7500000000000004e-01,2.1079314850219692e-07,7.9285339721199999e-01,2.1356864928274444e-01,5.7928474792925555e-01,5.7928474792925555e-01
938,-7.4999999999999956e-02,1.7500000000000004e-01,1.0352795281019223e-06,8.1933181209100003e-01,2.9361465474513238e-01,5.2571715734586766e-01,5.2571715734586766e-01
939,-2.4999999999999911e-02,1.7500000000000004e-01,2.2943422042197868e-06,8.3555374050099995e-01,3.4426893942091280e-01,4.9128480108008715e-01,4.9128480108008715e-01
940,2.5000000000000133e-02,1.7500000000000004e-01,2.2943422042197868e-06,8.4462035396099999e-01,3.4426893942091280e-01,5.0035141454008714e-01,5.0035141454008714e-01
941,7.4999999999999956e-02,1.7500000000000004e-01,1.0352795281019223e-06,8.4931602360199998e-01,2.9361465474513276e-01,5.5570136885686727e-01,5.5570136885686727e-01
942,1.2500000000000000e-01,1.7500000000000004e-01,2.1079314850219692e-07,8.4775418068899999e-01,2.1356864928274483e-01,6.3418553140625522e-01,6.3418553140625522e-01
943,1.7500000000000004e-01,1.7500000000000004e-01,1.9366662642454074e-08,8.3342503724500006e-01,1.3248818796484582e-01,7.0093684928015421e-01,7.0093684928015421e-01
944,2.2500000000000009e-01,1.7500000000000004e-01,8.0288346954521855e-10,8.0121408346599998e-01,7.0096560109804390e-02,7.3111752335619562e-01,7.3111752335619562e-01
945,2.7500000000000013e-01,1.7500000000000004e-01,1.5019299497202498e-11,7.5013611060300001e-01,3.1629777606224284e-02,7.1850633299677569e-01,7.1850633299677569e-01
946,3.2500000000000018e-01,1.7500000000000004e-01,1.2677869323648353e-13,6.8311942693700001e-01,1.2172378745025830e-02,6.7094704819197415e-01,6.7094704819197415e-01
947,3.7500000000000000e-01,1.7500000000000004e-01,4.8288342298306967e-16,6.0541237200300002e-01,3.9951644646607238e-03,6.0141720753833927e-01,6.0141720753833927e-01
948,4.2500000000000004e-01,1.7500000000000004e-01,8.2992291214477789e-19,5.2291231597200005e-01,1.1183397296645916e-03,5.2179397624233548e-01,5.2179397624233548e-01
949,4.7500000000000009e-01,1.7500000000000004e-01,6.4362461448408805e-22,4.4096914806600002e-01,2.6698860842509032e-04,4.4070215945757490e-01,4.4070215945757490e-01
950,5.2500000000000013e-01,1.7500000000000004e-01,2.2523037871650717e-25,3.6374302684799997e-01,5.4361520590798555e-05,3.6368866532740918e-01,3.6368866532740918e-01
951,5.7500000000000018e-01,1.7500000000000004e-01,3.5564828737863287e-29,2.9400542761400000e-01,9.4399641972469320e-06,2.9399598764980278e-01,2.9399598764980278e-01
952,6.2500000000000000e-01,1.7500000000000004e-01,2.5340425823903794e-33,2.3323131342799999e-01,1.3980702185101349e-06,2.3322991535778148e-01,2.3322991535778148e-01
953,6.7500000000000004e-01,1.7500000000000004e-01,8.1471652948755922e-38,1.8185193150699999e-01,1.7659056998848419e-07,1.8185175491642999e-01,1.8185175491642999e-01
954,7.2500000000000009e-01,1.7500000000000004e-01,1.1819485684343894e-42,1.3958394094700000e-01,1.9023302705856230e-08,1.3958392192369729e-01,1.3958392192369729e-01
955,7.7500000000000013e-01,1.7500000000000004e-01,7.7373111591444246e-48,1.0581461894300000e-01,1.7477697376191601e-09,1.0581461719523026e-01,1.0581461719523026e-01
956,8.2500000000000018e-01,1.7500000000000004e-01,2.2854986986718879e-53,8.0103544918099998e-02,1.3695011412160675e-10,8.0103544781149880e-02,8.0103544781149880e-02
957,8.7500000000000000e-01,1.7500000000000004e-01,3.0462905720585233e-59,6.2780368968999994e-02,9.1520939166369648e-12,6.2780368959847899e-02,6.2780368959847899e-02
958,9.2500000000000004e-01,1.7500000000000004e-01,1.8321503364241326e-65,5.4104926973500000e-02,5.2162503175203939e-13,5.4104926972978376e-02,5.4104926972978376e-02
959,9.7500000000000009e-01,1.7500000000000004e-01,4.9722198061979850e-72,4.4195730306100002e-02,2.5355738647297243e-14,4.4195730306074647e-02,4.4195730306074647e-02
960,-9.7499999999999998e-01,2.2500000000000009e-01,5.8905212326104505e-70,9.3825757759900000e-02,6.5886577410621717e-14,9.3825757759834108e-02,9.3825757759834108e-02
961,-9.2500000000000004e-01,2.2500000000000009e-01,2.1705236048872076e-63,5.4494171200100000e-02,1.3554362786237314e-12,5.4494171198744563e-02,5.4494171198744563e-02
962,-8.7500000000000000e-01,2.2500000000000009e-01,3.6088990420422186e-57,7.0288042897100000e-02,2.3781604341944619e-11,7.0288042873318399e-02,7.0288042873318399e-02
963,-8.2499999999999996e-01,2.2500000000000009e-01,2.7075992486995505e-51,9.2587691355299997e-02,3.5586320008187163e-10,9.2587690999436797e-02,9.2587690999436797e-02
964,-7.7500000000000002e-01,2.2500000000000009e-01,9.1662873812297758e-46,1.1990227443300000e-01,4.5415583318398784e-09,1.1990226989144166e-01,1.1990226989144166e-01
965,-7.2499999999999998e-01,2.2500000000000009e-01,1.4002384065035779e-40,1.5291103423700000e-01,4.9431819903566197e-08,1.5291098480518009e-01,1.5291098480518009e-01
966,-6.7500000000000004e-01,2.2500000000000009e-01,9.6518360059682681e-36,1.9243026162900001e-01,4.5886844084395243e-07,1.9242980276055915e-01,1.9242980276055915e-01
967,-6.2500000000000000e-01,2.2500000000000009e-01,3.0020458100630391e-31,2.3923715018000000e-01,3.6328683994844527e-06,2.3923351731160050e-01,2.3923351731160050e-01
968,-5.7499999999999996e-01,2.2500000000000009e-01,4.2133169284551775e-27,2.9391737102700000e-01,2.4529631752680593e-05,2.9389284139524730e-01,2.9389284139524730e-01
969,-5.2499999999999991e-01,2.2500000000000009e-01,2.6682736881516903e-23,3.5669428155200000e-01,1.4125774777799945e-04,3.5655302380422199e-01,3.5655302380422199e-01
970,-4.7499999999999998e-01,2.2500000000000009e-01,7.6249333400812907e-20,4.2726300926100003e-01,6.9376664042201193e-04,4.2656924262057799e-01,4.2656924262057799e-01
971,-4.2499999999999993e-01,2.2500000000000009e-01,9.8319839547816392e-17,5.0464593061100005e-01,2.9059921383033523e-03,5.0173993847269671e-01,5.0173993847269671e-01
972,-3.7500000000000000e-01,2.2500000000000009e-01,5.7206542888784813e-14,5.8708378987999998e-01,1.0381386100818360e-02,5.7670240377918158e-01,5.7670240377918158e-01
973,-3.2499999999999996e-01,2.2500000000000009e-01,1.5019299497202766e-11,6.7198928761999999e-01,3.1629777606224249e-02,6.4035951001377578e-01,6.4035951001377578e-01
974,-2.7499999999999991e-01,2.2500000000000009e-01,1.7793160004093899e-09,7.5601045123300004e-01,8.2189591071345033e-02,6.7382086016165499e-01,6.7382086016165499e-01
975,-2.2499999999999998e-01,2.2500000000000009e-01,9.5116513529281823e-08,8.3526043375500003e-01,1.8214505592347410e-01,6.5311537783152596e-01,6.5311537783152596e-01
976,-1.7499999999999993e-01,2.2500000000000009e-01,2.2943422042198029e-06,9.0574656018499999e-01,3.4426893942091280e-01,5.6147762076408725e-01,5.6147762076408725e-01
977,-1.2500000000000000e-01,2.2500000000000009e-01,2.4972377838026675e-05,9.6395524609899996e-01,5.5495552857615049e-01,4.0899971752284947e-01,4.0899971752284947e-01
978,-7.4999999999999956e-02,2.2500000000000009e-01,1.2264815876340387e-04,1.0074147812500001e+00,7.6295409681627890e-01,2.4446068443372115e-01,2.4446068443372115e-01
979,-2.4999999999999911e-02,2.2500000000000009e-01,2.7180760295399424e-04,1.0349086555100000e+00,8.9457863731556553e-01,1.4033001819443447e-01,1.4033001819443447e-01
980,2.5000000000000133e-02,2.2500000000000009e-01,2.7180760295399424e-04,1.0460002342400001e+00,8.9457863731556553e-01,1.5142159692443458e-01,1.5142159692443458e-01
981,7.4999999999999956e-02,2.2500000000000009e-01,1.2264815876340387e-04,1.0430757765700001e+00,7.6295409681627946e-01,2.8012167975372060e-01,2.8012167975372060e-01
982,1.2500000000000000e-01,2.2500000000000009e-01,2.4972377838026675e-05,1.0271593946899999e+00,5.5495552857615149e-01,4.7220386611384846e-01,4.7220386611384846e-01
983,1.7500000000000004e-01,2.2500000000000009e-01,2.2943422042197868e-06,9.9473221637499998e-01,3.4426893942091324e-01,6.5046327695408679e-01,6.5046327695408679e-01
984,2.2500000000000009e-01,2.2500000000000009e-01,9.5116513529280817e-08,9.4313020157899996e-01,1.8214505592347441e-01,7.6098514565552555e-01,7.6098514565552555e-01
985,2.7500000000000013e-01,2.2500000000000009e-01,1.7793160004093582e-09,8.7278696948699996e-01,8.2189591071345033e-02,7.9059737841565492e-01,7.9059737841565492e-01
986,3.2500000000000018e-01,2.2500000000000009e-01,1.5019299497202391e-11,7.8736103242400002e-01,3.1629777606224249e-02,7.5573125481777581e-01,7.5573125481777581e-01
987,3.7500000000000000e-01,2.2500000000000009e-01,5.7206542888784813e-14,6.9252593269499996e-01,1.0381386100818416e-02,6.8214454659418156e-01,6.8214454659418156e-01
988,4.2500000000000004e-01,2.2500000000000009e-01,9.8319839547815690e-17,5.9447358879300005e-01,2.9059921383033580e-03,5.9156759665469671e-01,5.9156759665469671e-01
989,4.7500000000000009e-01,2.2500000000000009e-01,7.6249333400812365e-20,4.9875263584800000e-01,6.9376664042201312e-04,4.9805886920757797e-01,4.9805886920757797e-01
990,5.2500000000000013e-01,2.2500000000000009e-01,2.6682736881516144e-23,4.0961944476899997e-01,1.4125774777799945e-04,4.0947818702122196e-01,4.0947818702122196e-01
991,5.7500000000000018e-01,2.2500000000000009e-01,4.2133169284549981e-27,3.2983997504399998e-01,2.4529631752680593e-05,3.2981544541224728e-01,3.2981544541224728e-01
992,6.2500000000000000e-01,2.2500000000000009e-01,3.0020458100630391e-31,2.6080281844199998e-01,3.6328683994844849e-06,2.6079918557360049e-01,2.6079918557360049e-01
993,6.7500000000000004e-01,2.2500000000000009e-01,9.6518360059682681e-36,2.0281116205600000e-01,4.5886844084395730e-07,2.0281070318755914e-01,2.0281070318755914e-01
994,7.2500000000000009e-01,2.2500000000000009e-01,1.4002384065035581e-40,1.5546434503400000e-01,4.9431819903566369e-08,1.5546429560218009e-01,1.5546429560218009e-01
995,7.7500000000000013e-01,2.2500000000000009e-01,9.1662873812296467e-46,1.1808727610600001e-01,4.5415583318398941e-09,1.1808727156444167e-01,1.1808727156444167e-01
996,8.2500000000000018e-01,2.2500000000000009e-01,2.7075992486993968e-51,9.0148166307300007e-02,3.5586320008187163e-10,9.0148165951436807e-02,9.0148165951436807e-02
997,8.7500000000000000e-01,2.2500000000000009e-01,3.6088990420422186e-57,7.1229970571199994e-02,2.3781604341944955e-11,7.1229970547418392e-02,7.1229970547418392e-02
998,9.2500000000000004e-01,2.2500000000000009e-01,2.1705236048872076e-63,5.8674679996599997e-02,1.3554362786237506e-12,5.8674679995244561e-02,5.8674679995244561e-02
999,9.7500000000000009e-01,2.2500000000000009e-01,5.8905212326102819e-70,3.9936138781100000e-02,6.5886577410622184e-14,3.9936138781034115e-02,3.9936138781034115e-02
1000,-9.7499999999999998e-01,2.7500000000000013e-01,3.1488832921594682e-68,1.0194355336700001e-01,1.4601501443955985e-13,1.0194355336685400e-01,1.0194355336685400e-01
1001,-9.2500000000000004e-01,2.7500000000000013e-01,1.1602921447476361e-61,5.8625686096299999e-02,3.0038598994404887e-12,5.8625686093296138e-02,5.8625686093296138e-02
1002,-8.7500000000000000e-01,2.7500000000000013e-01,1.9292014149214722e-55,7.6398653884899997e-02,5.2703774241354821e-11,7.6398653832196226e-02,7.6398653832196226e-02
1003,-8.2499999999999996e-01,2.7500000000000013e-01,1.4473955189047322e-49,1.0112056534100000e-01,7.8864880132756511e-10,1.0112056455235120e-01,1.0112056455235120e-01
1004,-7.7500000000000002e-01,2.7500000000000013e-01,4.9000025712658038e-44,1.3141643346500001e-01,1.0064807301628025e-08,1.3141642340019272e-01,1.3141642340019272e-01
1005,-7.2499999999999998e-01,2.7500000000000013e-01,7.4852243955416442e-39,1.6804966048100001e-01,1.0954868473452334e-07,1.6804955093231527e-01,1.6804955093231527e-01
1006,-6.7500000000000004e-01,2.7500000000000013e-01,5.1595612574318621e-34,2.1194438120799999e-01,1.0169246096684754e-06,2.1194336428339033e-01,2.1194336428339033e-01
1007,-6.2500000000000000e-01,2.7500000000000013e-01,1.6047971852255932e-29,2.6402209031500001e-01,8.0510075444020602e-06,2.6401403930745559e-01,2.6401403930745559e-01
1008,-5.7499999999999996e-01,2.7500000000000013e-01,2.2523037871651516e-25,3.2503969688800000e-01,5.4361520590798555e-05,3.2498533536740920e-01,3.2498533536740920e-01
1009,-5.2499999999999991e-01,2.7500000000000013e-01,1.4263733384093456e-21,3.9539814592500000e-01,3.1304937806921578e-04,3.9508509654693080e-01,3.9508509654693080e-01
1010,-4.7499999999999998e-01,2.7500000000000013e-01,4.0760442497839077e-18,4.7495344289000002e-01,1.5374959513768077e-03,4.7341594693862321e-01,4.7341594693862321e-01
1011,-4.2499999999999993e-01,2.7500000000000013e-01,5.2558625597673859e-15,5.6285246970900005e-01,6.4401354678230351e-03,5.5641233424117698e-01,5.5641233424117698e-01
1012,-3.7500000000000000e-01,2.7500000000000013e-01,3.0580778846436579e-12,6.5740570288900002e-01,2.3006783794012556e-02,6.3439891909498747e-01,6.3439891909498747e-01
1013,-3.2499999999999996e-01,2.7500000000000013e-01,8.0288346954522713e-10,7.5601341399599997e-01,7.0096560109804321e-02,6.8591685388619561e-01,6.8591685388619561e-01
1014,-2.7499999999999991e-01,2.7500000000000013e-01,9.5116513529282511e-08,8.5517853382599995e-01,1.8214505592347441e-01,6.7303347790252555e-01,6.7303347790252555e-01
1015,-2.2499999999999998e-01,2.7500000000000013e-01,5.0846230483424674e-06,9.5064966136300000e-01,4.0366208135244636e-01,5.4698758001055370e-01,5.4698758001055370e-01
1016,-1.7499999999999993e-01,2.7500000000000013e-01,1.2264815876340449e-04,1.0377216560700000e+00,7.6295409681627890e-01,2.7476755925372109e-01,2.7476755925372109e-01
1017,-1.2500000000000000e-01,2.7500000000000013e-01,1.3349430421254612e-03,1.1116708118400001e+00,1.2298687032011049e+00,-1.1819789136110481e-01,1.1819789136110481e-01
1018,-7.4999999999999956e-02,2.7500000000000013e-01,6.5563762983510392e-03,1.1682280678300001e+00,1.6908262326188352e+00,-5.2259816478883514e-01,5.2259816478883514e-01
1019,-2.4999999999999911e-02,2.7500000000000013e-01,1.4529960691516890e-02,1.2039353863000000e+00,1.9825269087948827e+00,-7.7859152249488273e-01,7.7859152249488273e-01
1020,2.5000000000000133e-02,2.7500000000000013e-01,1.4529960691516866e-02,1.2162554630900000e+00,1.9825269087948827e+00,-7.6627144570488270e-01,7.6627144570488270e-01
1021,7.4999999999999956e-02,2.7500000000000013e-01,6.5563762983510392e-03,1.2071880114300000e+00,1.6908262326188372e+00,-4.8363822118883726e-01,4.8363822118883726e-01
1022,1.2500000000000000e-01,2.7500000000000013e-01,1.3349430421254612e-03,1.1792721548700000e+00,1.2298687032011075e+00,-5.0596548331107494e-02,5.0596548331107494e-02
1023,1.7500000000000004e-01,2.7500000000000013e-01,1.2264815876340362e-04,1.1312263180600000e+00,7.6295409681627990e-01,3.6827222124372005e-01,3.6827222124372005e-01
1024,2.2500000000000009e-01,2.7500000000000013e-01,5.0846230483424310e-06,1.0626377526799999e+00,4.0366208135244708e-01,6.5897567132755286e-01,6.5897567132755286e-01
1025,2.7500000000000013e-01,2.7500000000000013e-01,9.5116513529280817e-08,9.7546637982499995e-01,1.8214505592347441e-01,7.9332132390152554e-01,7.9332132390152554e-01
1026,3.2500000000000018e-01,2.7500000000000013e-01,8.0288346954521007e-10,8.7417931489199996e-01,7.0096560109804321e-02,8.0408275478219560e-01,8.0408275478219560e-01
1027,3.7500000000000000e-01,2.7500000000000013e-01,3.0580778846436579e-12,7.6482786225599997e-01,2.3006783794012678e-02,7.4182107846198730e-01,7.4182107846198730e-01
1028,4.2500000000000004e-01,2.7500000000000013e-01,5.2558625597673110e-15,6.5377743580299996e-01,6.4401354678230516e-03,6.4733730033517689e-01,6.4733730033517689e-01
1029,4.7500000000000009e-01,2.7500000000000013e-01,4.0760442497838784e-18,5.4665187225400003e-01,1.5374959513768105e-03,5.4511437630262316e-01,5.4511437630262316e-01
1030,5.2500000000000013e-01,2.7500000000000013e-01,1.4263733384092950e-21,4.4771913937300001e-01,3.1304937806921578e-04,4.4740608999493081e-01,4.4740608999493081e-01
1031,5.7500000000000018e-01,2.7500000000000013e-01,2.2523037871650396e-25,3.5970640998800002e-01,5.4361520590798555e-05,3.5965204846740922e-01,3.5965204846740922e-01
1032,6.2500000000000000e-01,2.7500000000000013e-01,1.6047971852255932e-29,2.8392976242300000e-01,8.0510075444021330e-06,2.8392171141545558e-01,2.8392171141545558e-01
1033,6.7500000000000004e-01,2.7500000000000013e-01,5.1595612574318621e-34,2.2061093585800001e-01,1.0169246096684862e-06,2.2060991893339035e-01,2.2060991893339035e-01
1034,7.2500000000000009e-01,2.7500000000000013e-01,7.4852243955415372e-39,1.6927736078100000e-01,1.0954868473452373e-07,1.6927725123231527e-01,1.6927725123231527e-01
1035,7.7500000000000013e-01,2.7500000000000013e-01,4.9000025712657351e-44,1.2914755159600000e-01,1.0064807301628061e-08,1.2914754153119271e-01,1.2914754153119271e-01
1036,8.2500000000000018e-01,2.7500000000000013e-01,1.4473955189046705e-49,9.9294763091800006e-02,7.8864880132756511e-10,9.9294762303151207e-02,9.9294762303151207e-02
1037,8.7500000000000000e-01,2.7500000000000013e-01,1.9292014149214722e-55,7.7989968899499995e-02,5.2703774241355564e-11,7.7989968846796223e-02,7.7989968846796223e-02
1038,9.2500000000000004e-01,2.7500000000000013e-01,1.1602921447476361e-61,6.0157580009199997e-02,3.0038598994405319e-12,6.0157580006196136e-02,6.0157580006196136e-02
1039,9.7500000000000009e-01,2.7500000000000013e-01,3.1488832921593788e-68,3.4553007639200002e-02,1.4601501443956086e-13,3.4553007639053987e-02,3.4553007639053987e-02
1040,-9.7499999999999998e-01,3.2500000000000018e-01,7.5955431557528957e-67,1.0739043792700000e-01,2.7598022853695496e-13,1.0739043792672402e-01,1.0739043792672402e-01
1041,-9.2500000000000004e-01,3.2500000000000018e-01,2.7987855506286054e-60,6.1566646590800002e-02,5.6775390169462952e-12,6.1566646585122460e-02,6.1566646585122460e-02
1042,-8.7500000000000000e-01,3.2500000000000018e-01,4.6535013347942443e-54,8.1086421880700005e-02,9.9614410995451708e-11,8.1086421781085591e-02,8.1086421781085591e-02
1043,-8.2499999999999996e-01,3.2500000000000018e-01,3.4913187016673636e-48,1.0789127345700000e-01,1.4906102448516961e-09,1.0789127196638976e-01,1.0789127196638976e-01
1044,-7.7500000000000002e-01,3.2500000000000018e-01,1.1819485684344063e-42,1.4073673139800000e-01,1.9023302705856164e-08,1.4073671237469729e-01,1.4073671237469729e-01
1045,-7.2499999999999998e-01,3.2500000000000018e-01,1.8055399216729961e-37,1.8042266017399999e-01,2.0705590562038300e-07,1.8042245311809438e-01,1.8042245311809438e-01
1046,-6.7500000000000004e-01,3.2500000000000018e-01,1.2445577228331631e-32,2.2792694327400001e-01,1.9220700505243470e-06,2.2792502120394947e-01,2.2792502120394947e-01
1047,-6.2500000000000000e-01,3.2500000000000018e-01,3.8709933476932079e-28,2.8426333942699999e-01,1.5217057715503160e-05,2.8424812236928448e-01,2.8424812236928448e-01
1048,-5.7499999999999996e-01,3.2500000000000018e-01,5.4328690611922039e-24,3.5031520520499998e-01,1.0274768614617334e-04,3.5021245751885383e-01,3.5021245751885383e-01
1049,-5.2499999999999991e-01,3.2500000000000018e-01,3.4406102871705328e-20,4.2662295944200002e-01,5.9168873306967293e-04,4.2603127070893032e-01,4.2603127070893032e-01
1050,-4.7499999999999998e-01,3.2500000000000018e-01,9.8319839547816392e-17,5.1316702484700005e-01,2.9059921383033471e-03,5.1026103270869672e-01,5.1026103270869672e-01
1051,-4.2499999999999993e-01,3.2500000000000018e-01,1.2677869323648802e-13,6.0917906977500003e-01,1.2172378745025841e-02,5.9700669102997417e-01,5.9700669102997417e-01
1052,-3.7500000000000000e-01,3.2500000000000018e-01,7.3765079208556276e-11,7.1299583143300005e-01,4.3484688706448602e-02,6.6951114272655143e-01,6.6951114272655143e-01
1053,-3.2499999999999996e-01,3.2500000000000018e-01,1.9366662642454352e-08,8.2196362824799996e-01,1.3248818796484568e-01,6.8947544028315422e-01,6.8947544028315422e-01
1054,-2.7499999999999991e-01,3.2500000000000018e-01,2.2943422042198110e-06,9.3241398735600001e-01,3.4426893942091297e-01,5.8814504793508704e-01,5.8814504793508704e-01
1055,-2.2499999999999998e-01,3.2500000000000018e-01,1.2264815876340408e-04,1.0397468061699999e+00,7.6295409681627846e-01,2.7679270935372147e-01,2.7679270935372147e-01
1056,-1.7499999999999993e-01,3.2500000000000018e-01,2.9584436653484016e-03,1.1386557748299999e+00,1.4420451678256607e+00,-3.0338939299566081e-01,3.0338939299566081e-01
1057,-1.2500000000000000e-01,3.2500000000000018e-01,3.2200677339115490e-02,1.2235026675300000e+00,2.3245516708172729e+00,-1.1010490032872728e+00,1.1010490032872728e+00
1058,-7.4999999999999956e-02,3.2500000000000018e-01,1.5814888803112295e-01,1.2888029177500000e+00,3.1957988148374712e+00,-1.9069958970874712e+00,1.9069958970874712e+00
1059,-2.4999999999999911e-02,3.2500000000000018e-01,3.5048280054902475e-01,1.3297481662899999e+00,3.7471367685707997e+00,-2.4173886022807998e+00,2.4173886022807998e+00
1060,2.5000000000000133e-02,3.2500000000000018e-01,3.5048280054902414e-01,1.3426886503600000e+00,3.7471367685707997e+00,-2.4044481182107997e+00,2.4044481182107997e+00
1061,7.4999999999999956e-02,3.2500000000000018e-01,1.5814888803112295e-01,1.3291701075600000e+00,3.1957988148374747e+00,-1.8666287072774748e+00,1.8666287072774748e+00
1062,1.2500000000000000e-01,3.2500000000000018e-01,3.2200677339115490e-02,1.2923292448499999e+00,2.3245516708172778e+00,-1.0322224259672779e+00,1.0322224259672779e+00
1063,1.7500000000000004e-01,3.2500000000000018e-01,2.9584436653483804e-03,1.2324402165299999e+00,1.4420451678256623e+00,-2.0960495129566237e-01,2.0960495129566237e-01
1064,2.2500000000000009e-01,3.2500000000000018e-01,1.2264815876340341e-04,1.1508580499400001e+00,7.6295409681627946e-01,3.8790395312372061e-01,3.8790395312372061e-01
1065,2.7500000000000013e-01,3.2500000000000018e-01,2.2943422042197707e-06,1.0508677234699999e+00,3.4426893942091297e-01,7.0659878404908694e-01,7.0659878404908694e-01
1066,3.2500000000000018e-01,3.2500000000000018e-01,1.9366662642453800e-08,9.3766473939200001e-01,1.3248818796484568e-01,8.0517655142715427e-01,8.0517655142715427e-01
1067,3.7500000000000000e-01,3.2500000000000018e-01,7.3765079208556276e-11,8.1759517642199997e-01,4.3484688706448830e-02,7.7411048771555113e-01,7.7411048771555113e-01
1068,4.2500000000000004e-01,3.2500000000000018e-01,1.2677869323648623e-13,6.9709447796299995e-01,1.2172378745025874e-02,6.8492209921797409e-01,6.8492209921797409e-01
1069,4.7500000000000009e-01,3.2500000000000018e-01,9.8319839547814987e-17,5.8176754455500002e-01,2.9059921383033580e-03,5.7886155241669668e-01,5.7886155241669668e-01
1070,5.2500000000000013e-01,3.2500000000000018e-01,3.4406102871704107e-20,4.7583664367200001e-01,5.9168873306967293e-04,4.7524495493893032e-01,4.7524495493893032e-01
1071,5.7500000000000018e-01,3.2500000000000018e-01,5.4328690611919724e-24,3.8197888340500002e-01,1.0274768614617334e-04,3.8187613571885387e-01,3.8187613571885387e-01
1072,6.2500000000000000e-01,3.2500000000000018e-01,3.8709933476932079e-28,3.0146347369900001e-01,1.5217057715503296e-05,3.0144825664128450e-01,3.0144825664128450e-01
1073,6.7500000000000004e-01,3.2500000000000018e-01,1.2445577228331631e-32,2.3446501555800001e-01,1.9220700505243674e-06,2.3446309348794947e-01,2.3446309348794947e-01
1074,7.2500000000000009e-01,3.2500000000000018e-01,1.8055399216729704e-37,1.8042551466400000e-01,2.0705590562038374e-07,1.8042530760809439e-01,1.8042530760809439e-01
1075,7.7500000000000013e-01,3.2500000000000018e-01,1.1819485684343894e-42,1.3830891494500000e-01,1.9023302705856230e-08,1.3830889592169729e-01,1.3830889592169729e-01
1076,8.2500000000000018e-01,3.2500000000000018e-01,3.4913187016671649e-48,1.0648395501200000e-01,1.4906102448516961e-09,1.0648395352138976e-01,1.0648395352138976e-01
1077,8.7500000000000000e-01,3.2500000000000018e-01,4.6535013347942443e-54,8.1848023238600007e-02,9.9614410995453130e-11,8.1848023138985593e-02,8.1848023138985593e-02
1078,9.2500000000000004e-01,3.2500000000000018e-01,2.7987855506286054e-60,5.8369740785500002e-02,5.6775390169463760e-12,5.8369740779822460e-02,5.8369740779822460e-02
1079,9.7500000000000009e-01,3.2500000000000018e-01,7.5955431557526796e-67,2.8689424027000001e-02,2.7598022853695693e-13,2.8689424026724020e-02,2.8689424026724020e-02
1080,-9.7499999999999998e-01,3.7500000000000000e-01,8.2672398747509810e-66,1.0949756056500000e-01,4.4487531713408065e-13,1.0949756056455512e-01,1.0949756056455512e-01
1081,-9.2500000000000004e-01,3.7500000000000000e-01,3.0462905720584371e-59,6.3002779292900005e-02,9.1520939166368016e-12,6.3002779283747909e-02,6.3002779283747909e-02
1082,-8.7500000000000000e-01,3.7500000000000000e-01,5.0650244496443668e-53,8.3928606900700004e-02,1.6057669390904257e-10,8.3928606740123313e-02,8.3928606740123313e-02
1083,-8.2499999999999996e-01,3.7500000000000000e-01,3.8000665119025814e-47,1.1235861450600000e-01,2.4028377283299161e-09,1.1235861210316227e-01,1.1235861210316227e-01
1084,-7.7500000000000002e-01,3.7500000000000000e-01,1.2864718341392988e-41,1.4718830174200001e-01,3.0665232321423862e-08,1.4718827107676768e-01,1.4718827107676768e-01
1085,-7.2499999999999998e-01,3.7500000000000000e-01,1.9652092457145614e-36,1.8919600134299999e-01,3.3377051017630424e-07,1.8919566757248982e-01,1.8919566757248982e-01
1086,-6.7500000000000004e-01,3.7500000000000000e-01,1.3546177043102556e-31,2.3934202039100000e-01,3.0983434132725912e-06,2.3933892204758672e-01,2.3933892204758672e-01
1087,-6.2500000000000000e-01,3.7500000000000000e-01,4.2133169284550584e-27,2.9865952490900000e-01,2.4529631752680464e-05,2.9863499527724729e-01,2.9863499527724729e-01
1088,-5.7499999999999996e-01,3.7500000000000000e-01,5.9133140074347575e-23,3.6809461507500002e-01,1.6562747882843776e-04,3.6792898759617160e-01,3.6792898759617160e-01
1089,-5.2499999999999991e-01,3.7500000000000000e-01,3.7448737998454509e-19,4.4827656154000001e-01,9.5379192257530245e-04,4.4732276961742473e-01,4.4732276961742473e-01
1090,-4.7499999999999998e-01,3.7500000000000000e-01,1.0701455858007615e-15,5.3926913278499999e-01,4.6844086656872164e-03,5.3458472411931279e-01,5.3458472411931279e-01
1091,-4.2499999999999993e-01,3.7500000000000000e-01,1.3799011426847847e-12,6.4035195852200000e-01,1.9621662331308656e-02,6.2073029619069131e-01,6.2073029619069131e-01
1092,-3.7500000000000000e-01,3.7500000000000000e-01,8.0288346954521855e-10,7.4985656643700005e-01,7.0096560109804085e-02,6.7976000632719602e-01,6.7976000632719602e-01
1093,-3.2499999999999996e-01,3.7500000000000000e-01,2.1079314850219692e-07,8.6506193484500005e-01,2.1356864928274416e-01,6.5149328556225594e-01,6.5149328556225594e-01
1094,-2.7499999999999991e-01,3.7500000000000000e-01,2.4972377838026675e-05,9.8215776114999997e-01,5.5495552857615005e-01,4.2720223257384993e-01,4.2720223257384993e-01
1095,-2.2499999999999998e-01,3.7500000000000000e-01,1.3349430421254517e-03,1.0963034849200000e+00,1.2298687032011026e+00,-1.3356521828110268e-01,1.3356521828110268e-01
1096,-1.7499999999999993e-01,3.7500000000000000e-01,3.2200677339115288e-02,1.2018234090500000e+00,2.3245516708172693e+00,-1.1227282617672694e+00,1.1227282617672694e+00
1097,-1.2500000000000000e-01,3.7500000000000000e-01,3.5048280054902137e-01,1.2925658460000000e+00,3.7471367685707890e+00,-2.4545709225707890e+00,2.4545709225707890e+00
1098,-7.4999999999999956e-02,3.7500000000000000e-01,1.7213446971045641e+00,1.3624202496400000e+00,5.1515719759510432e+00,-3.7891517263110432e+00,3.7891517263110432e+00
1099,-2.4999999999999911e-02,3.7500000000000000e-01,3.8147704840813912e+00,1.4059469055100000e+00,6.0403191456865253e+00,-4.6343722401765248e+00,4.6343722401765248e+00
1100,2.5000000000000133e-02,3.7500000000000000e-01,3.8147704840813863e+00,1.4190437315000000e+00,6.0403191456865253e+00,-4.6212754141865258e+00,4.6212754141865258e+00
1101,7.4999999999999956e-02,3.7500000000000000e-01,1.7213446971045641e+00,1.4027531908799999e+00,5.1515719759510503e+00,-3.7488187850710504e+00,3.7488187850710504e+00
1102,1.2500000000000000e-01,3.7500000000000000e-01,3.5048280054902137e-01,1.3602254202999999e+00,3.7471367685707961e+00,-2.3869113482707962e+00,2.3869113482707962e+00
1103,1.7500000000000004e-01,3.7500000000000000e-01,3.2200677339115094e-02,1.2927373911600000e+00,2.3245516708172724e+00,-1.0318142796572725e+00,1.0318142796572725e+00
1104,2.2500000000000009e-01,3.7500000000000000e-01,1.3349430421254421e-03,1.2028665848000000e+00,1.2298687032011042e+00,-2.7002118401104225e-02,2.7002118401104225e-02
1105,2.7500000000000013e-01,3.7500000000000000e-01,2.4972377838026238e-05,1.0948600472000001e+00,5.5495552857615005e-01,5.3990451862385003e-01,5.3990451862385003e-01
1106,3.2500000000000018e-01,3.7500000000000000e-01,2.1079314850219168e-07,9.7443586103299995e-01,2.1356864928274416e-01,7.6086721175025573e-01,7.6086721175025573e-01
1107,3.7500000000000000e-01,3.7500000000000000e-01,8.0288346954521855e-10,8.4810090525199999e-01,7.0096560109804459e-02,7.7800434514219552e-01,7.7800434514219552e-01
1108,4.2500000000000004e-01,3.7500000000000000e-01,1.3799011426847651e-12,7.2225499516500002e-01,1.9621662331308708e-02,7.0263333283369134e-01,7.0263333283369134e-01
1109,4.7500000000000009e-01,3.7500000000000000e-01,1.0701455858007461e-15,6.0240477726499997e-01,4.6844086656872286e-03,5.9772036859931277e-01,5.9772036859931277e-01
1110,5.2500000000000013e-01,3.7500000000000000e-01,3.7448737998453180e-19,4.9268268773899998e-01,9.5379192257530245e-04,4.9172889581642470e-01,4.9172889581642470e-01
1111,5.7500000000000018e-01,3.7500000000000000e-01,5.9133140074344637e-23,3.9570626648899998e-01,1.6562747882843776e-04,3.9554063901017156e-01,3.9554063901017156e-01
1112,6.2500000000000000e-01,3.7500000000000000e-01,4.2133169284550584e-27,3.1270546022200002e-01,2.4529631752680637e-05,3.1268093059024732e-01,3.1268093059024732e-01
1113,6.7500000000000004e-01,3.7500000000000000e-01,1.3546177043102556e-31,2.4379614955699999e-01,3.0983434132726242e-06,2.4379305121358671e-01,2.4379305121358671e-01
1114,7.2500000000000009e-01,3.7500000000000000e-01,1.9652092457145333e-36,1.8825630758799999e-01,3.3377051017630536e-07,1.8825597381748982e-01,1.8825597381748982e-01
1115,7.7500000000000013e-01,3.7500000000000000e-01,1.2864718341392804e-41,1.4463600951800001e-01,3.0665232321423968e-08,1.4463597885276769e-01,1.4463597885276769e-01
1116,8.2500000000000018e-01,3.7500000000000000e-01,3.8000665119024200e-47,1.1052280061300000e-01,2.4028377283299161e-09,1.1052279821016227e-01,1.1052279821016227e-01
1117,8.7500000000000000e-01,3.7500000000000000e-01,5.0650244496443668e-53,8.1987240911199993e-02,1.6057669390904487e-10,8.1987240750623303e-02,8.1987240750623303e-02
1118,9.2500000000000004e-01,3.7500000000000000e-01,3.0462905720584371e-59,5.3712872413500000e-02,9.1520939166369308e-12,5.3712872404347904e-02,5.3712872404347904e-02
1119,9.7500000000000009e-01,3.7500000000000000e-01,8.2672398747505108e-66,2.2905167137099999e-02,4.4487531713408383e-13,2.2905167136655122e-02,2.2905167136655122e-02
1120,-9.7499999999999998e-01,4.2500000000000004e-01,4.0603332020292539e-65,1.0780070879500001e-01,6.1161557692872502e-13,1.0780070879438838e-01,1.0780070879438838e-01
1121,-9.2500000000000004e-01,4.2500000000000004e-01,1.4961407846086150e-58,6.2682403954800001e-02,1.2582319102326476e-11,6.2682403942217677e-02,6.2682403942217677e-02
1122,-8.7500000000000000e-01,4.2500000000000004e-01,2.4876122204692204e-52,8.4570245563799995e-02,2.2076119646099976e-10,8.4570245343038794e-02,8.4570245343038794e-02
1123,-8.2499999999999996e-01,4.2500000000000004e-01,1.8663467447365580e-46,1.1406829473400000e-01,3.3034266610832965e-09,1.1406829143057334e-01,1.1406829143057334e-01
1124,-7.7500000000000002e-01,4.2500000000000004e-01,6.3183170934527619e-41,1.5022132135700000e-01,4.2158629700438932e-08,1.5022127919837031e-01,1.5022127919837031e-01
1125,-7.2499999999999998e-01,4.2500000000000004e-01,9.6518360059682681e-36,1.9372673145500000e-01,4.5886844084395413e-07,1.9372627258655914e-01,1.9372627258655914e-01
1126,-6.7500000000000004e-01,4.2500000000000004e-01,6.6530055063066946e-31,2.4544544547300001e-01,4.2596094259392228e-06,2.4544118586357408e-01,2.4544118586357408e-01
1127,-6.2500000000000000e-01,4.2500000000000004e-01,2.0693086053455687e-26,3.0634038098799998e-01,3.3723392371852317e-05,3.0630665759562814e-01,3.0630665759562814e-01
1128,-5.7499999999999996e-01,4.2500000000000004e-01,2.9042371531690177e-22,3.7734129752300000e-01,2.2770502681850142e-04,3.7711359249618148e-01,3.7711359249618148e-01
1129,-5.2499999999999991e-01,4.2500000000000004e-01,1.8392396564373365e-18,4.5911033499400000e-01,1.3112752596701938e-03,4.5779905973432983e-01,4.5779905973432983e-01
1130,-4.7499999999999998e-01,4.2500000000000004e-01,5.2558625597673110e-15,5.5176282268200005e-01,6.4401354678230178e-03,5.4532268721417698e-01,5.4532268721417698e-01
1131,-4.2499999999999993e-01,4.2500000000000004e-01,6.7771813931187778e-12,6.5461231867600000e-01,2.6975905079146094e-02,6.2763641359685396e-01,6.2763641359685396e-01
1132,-3.7500000000000000e-01,4.2500000000000004e-01,3.9432440066378392e-09,7.6598598991699995e-01,9.6368906974795540e-02,6.6961708294220446e-01,6.6961708294220446e-01
1133,-3.2499999999999996e-01,4.2500000000000004e-01,1.0352795281019223e-06,8.8312164732200005e-01,2.9361465474513199e-01,5.8950699257686812e-01,5.8950699257686812e-01
1134,-2.7499999999999991e-01,4.2500000000000004e-01,1.2264815876340387e-04,1.0021435050200000e+00,7.6295409681627779e-01,2.3918940820372225e-01,2.3918940820372225e-01
1135,-2.2499999999999998e-01,4.2500000000000004e-01,6.5563762983509924e-03,1.1181290509499999e+00,1.6908262326188317e+00,-5.7269718166883177e-01,5.7269718166883177e-01
1136,-1.7499999999999993e-01,4.2500000000000004e-01,1.5814888803112195e-01,1.2253023374300001e+00,3.1957988148374654e+00,-1.9704964774074654e+00,1.9704964774074654e+00
1137,-1.2500000000000000e-01,4.2500000000000004e-01,1.7213446971045641e+00,1.3173906963899999e+00,5.1515719759510423e+00,-3.8341812795610424e+00,3.8341812795610424e+00
1138,-7.4999999999999956e-02,4.2500000000000004e-01,8.4541311630941802e+00,1.3881536508800001e+00,7.0823926273516742e+00,-5.6942389764716737e+00,5.6942389764716737e+00
1139,-2.4999999999999911e-02,4.2500000000000004e-01,1.8735683842853994e+01,1.4320475655800000e+00,8.3042442159344407e+00,-6.8721966503544412e+00,6.8721966503544412e+00
1140,2.5000000000000133e-02,4.2500000000000004e-01,1.8735683842853962e+01,1.4449445201200000e+00,8.3042442159344407e+00,-6.8592996958144408e+00,6.8592996958144408e+00
1141,7.4999999999999956e-02,4.2500000000000004e-01,8.4541311630941802e+00,1.4273835576400000e+00,7.0823926273516831e+00,-5.6550090697116833e+00,5.6550090697116833e+00
1142,1.2500000000000000e-01,4.2500000000000004e-01,1.7213446971045641e+00,1.3821866120499999e+00,5.1515719759510521e+00,-3.7693853639010522e+00,3.7693853639010522e+00
1143,1.7500000000000004e-01,4.2500000000000004e-01,1.5814888803112084e-01,1.3112063804600000e+00,3.1957988148374690e+00,-1.8845924343774689e+00,1.8845924343774689e+00
1144,2.2500000000000009e-01,4.2500000000000004e-01,6.5563762983509456e-03,1.2177461324500001e+00,1.6908262326188339e+00,-4.7308010016883384e-01,4.7308010016883384e-01
1145,2.7500000000000013e-01,4.2500000000000004e-01,1.2264815876340167e-04,1.1066131485999999e+00,7.6295409681627779e-01,3.4365905178372214e-01,3.4365905178372214e-01
1146,3.2500000000000018e-01,4.2500000000000004e-01,1.0352795281019003e-06,9.8378159516700003e-01,2.9361465474513199e-01,6.9016694042186799e-01,6.9016694042186799e-01
1147,3.7500000000000000e-01,4.2500000000000004e-01,3.9432440066378392e-09,8.5574909290199996e-01,9.6368906974796054e-02,7.5938018592720391e-01,7.5938018592720391e-01
1148,4.2500000000000004e-01,4.2500000000000004e-01,6.7771813931186825e-12,7.2876484698499999e-01,2.6975905079146167e-02,7.0178894190585384e-01,7.0178894190585384e-01
1149,4.7500000000000009e-01,4.2500000000000004e-01,5.2558625597672739e-15,6.0815860569600000e-01,6.4401354678230351e-03,6.0171847022817693e-01,6.0171847022817693e-01
1150,5.2500000000000013e-01,4.2500000000000004e-01,1.8392396564372714e-18,4.9792387988300002e-01,1.3112752596701938e-03,4.9661260462332985e-01,4.9661260462332985e-01
1151,5.7500000000000018e-01,4.2500000000000004e-01,2.9042371531688940e-22,4.0058912178799999e-01,2.2770502681850142e-04,4.0036141676118148e-01,4.0036141676118148e-01
1152,6.2500000000000000e-01,4.2500000000000004e-01,2.0693086053455687e-26,3.1731513713499998e-01,3.3723392371852615e-05,3.1728141374262814e-01,3.1728141374262814e-01
1153,6.7500000000000004e-01,4.2500000000000004e-01,6.6530055063066946e-31,2.4810432950000000e-01,4.2596094259392685e-06,2.4810006989057407e-01,2.4810006989057407e-01
1154,7.2500000000000009e-01,4.2500000000000004e-01,9.6518360059679928e-36,1.9198824723300001e-01,4.5886844084395571e-07,1.9198778836455915e-01,1.9198778836455915e-01
1155,7.7500000000000013e-01,4.2500000000000004e-01,6.3183170934525825e-41,1.4707488928099999e-01,4.2158629700439077e-08,1.4707484712237029e-01,1.4707484712237029e-01
1156,8.2500000000000018e-01,4.2500000000000004e-01,1.8663467447364522e-46,1.1044413595900000e-01,3.3034266610832965e-09,1.1044413265557335e-01,1.1044413265557335e-01
1157,8.7500000000000000e-01,4.2500000000000004e-01,2.4876122204692204e-52,7.8235802936300003e-02,2.2076119646100292e-10,7.8235802715538802e-02,7.8235802715538802e-02
1158,9.2500000000000004e-01,4.2500000000000004e-01,1.4961407846086150e-58,4.6997627073200002e-02,1.2582319102326657e-11,4.6997627060617685e-02,4.6997627060617685e-02
1159,9.7500000000000009e-01,4.2500000000000004e-01,4.0603332020291384e-65,1.7614781552400000e-02,6.1161557692872936e-13,1.7614781551788385e-02,1.7614781551788385e-02
1160,-9.7499999999999998e-01,4.7500000000000009e-01,8.9983367542196293e-65,1.0213059205500000e-01,7.1713125554082209e-13,1.0213059205428286e-01,1.0213059205428286e-01
1161,-9.2500000000000004e-01,4.7500000000000009e-01,3.3156832067137570e-58,6.0447664571200002e-02,1.4753015841710938e-11,6.0447664556446984e-02,6.0447664556446984e-02
1162,-8.7500000000000000e-01,4.7500000000000009e-01,5.5129397908789695e-52,8.2756971958299994e-02,2.5884683118726415e-10,8.2756971699453161e-02,8.2756971699453161e-02
1163,-8.2499999999999996e-01,4.7500000000000009e-01,4.1361178193177991e-46,1.1268455055899999e-01,3.8733325284907873e-09,1.1268454668566746e-01,1.1268454668566746e-01
1164,-7.7500000000000002e-01,4.7500000000000009e-01,1.4002384065035581e-40,1.4944120492900001e-01,4.9431819903566018e-08,1.4944115549718009e-01,1.4944115549718009e-01
1165,-7.2499999999999998e-01,4.7500000000000009e-01,2.1389986081634313e-35,1.9359581785200000e-01,5.3803224365692121e-07,1.9359527981975636e-01,1.9359527981975636e-01
1166,-6.7500000000000004e-01,4.7500000000000009e-01,1.4744106208698518e-30,2.4582847887500001e-01,4.9944755676052645e-06,2.4582348439943241e-01,2.4582348439943241e-01
1167,-6.2500000000000000e-01,4.7500000000000009e-01,4.5859132127377823e-26,3.0693048768199999e-01,3.9541338750992175e-05,3.0689094634324898e-01,3.0689094634324898e-01
1168,-5.7499999999999996e-01,4.7500000000000009e-01,6.4362461448410188e-22,3.7772032347700002e-01,2.6698860842508940e-04,3.7745333486857491e-01,3.7745333486857491e-01
1169,-5.2499999999999991e-01,4.7500000000000009e-01,4.0760442497839654e-18,4.5883005820400002e-01,1.5374959513768077e-03,4.5729256225262321e-01,4.5729256225262321e-01
1170,-4.7499999999999998e-01,4.7500000000000009e-01,1.1647817775901828e-14,5.5040696765099995e-01,7.5511851040234558e-03,5.4285578254697653e-01,5.4285578254697653e-01
1171,-4.2499999999999993e-01,4.7500000000000009e-01,1.5019299497202711e-11,6.5181624185400000e-01,3.1629777606224221e-02,6.2018646424777579e-01,6.2018646424777579e-01
1172,-3.7500000000000000e-01,4.7500000000000009e-01,8.7388486880958332e-09,7.6142333919299998e-01,1.1299443287721478e-01,6.4842890631578520e-01,6.4842890631578520e-01
1173,-3.2499999999999996e-01,4.7500000000000009e-01,2.2943422042197868e-06,8.7649000859799997e-01,3.4426893942091202e-01,5.3222106917708789e-01,5.3222106917708789e-01
1174,-2.7499999999999991e-01,4.7500000000000009e-01,2.7180760295399424e-04,9.9317727802599998e-01,8.9457863731556397e-01,9.8598640710436003e-02,9.8598640710436003e-02
1175,-2.2499999999999998e-01,4.7500000000000009e-01,1.4529960691516790e-02,1.1066444785600000e+00,1.9825269087948769e+00,-8.7588243023487689e-01,8.7588243023487689e-01
1176,-1.7499999999999993e-01,4.7500000000000009e-01,3.5048280054902292e-01,1.2112586117499999e+00,3.7471367685707904e+00,-2.5358781568207904e+00,2.5358781568207904e+00
1177,-1.2500000000000000e-01,4.7500000000000009e-01,3.8147704840813912e+00,1.3009464263699999e+00,6.0403191456865200e+00,-4.7393727193165205e+00,4.7393727193165205e+00
1178,-7.4999999999999956e-02,4.7500000000000009e-01,1.8735683842853994e+01,1.3697053297999999e+00,8.3042442159344372e+00,-6.9345388861344368e+00,6.9345388861344368e+00
1179,-2.4999999999999911e-02,4.7500000000000009e-01,4.1521221079672252e+01,1.4122436820800000e+00,9.7368891596831766e+00,-8.3246454776031769e+00,8.3246454776031769e+00
1180,2.5000000000000133e-02,4.7500000000000009e-01,4.1521221079672181e+01,1.4246695560300000e+00,9.7368891596831766e+00,-8.3122196036531761e+00,8.3122196036531761e+00
1181,7.4999999999999956e-02,4.7500000000000009e-01,1.8735683842853994e+01,1.4070666373000000e+00,8.3042442159344461e+00,-6.8971775786344462e+00,6.8971775786344462e+00
1182,1.2500000000000000e-01,4.7500000000000009e-01,3.8147704840813912e+00,1.3617623061199999e+00,6.0403191456865324e+00,-4.6785568395665322e+00,4.6785568395665322e+00
1183,1.7500000000000004e-01,4.7500000000000009e-01,3.5048280054902042e-01,1.2908692026899999e+00,3.7471367685707957e+00,-2.4562675658807960e+00,2.4562675658807960e+00
1184,2.2500000000000009e-01,4.7500000000000009e-01,1.4529960691516686e-02,1.1980122166100000e+00,1.9825269087948800e+00,-7.8451469218488001e-01,7.8451469218488001e-01
1185,2.7500000000000013e-01,4.7500000000000009e-01,2.7180760295398941e-04,1.0881934417600001e+00,8.9457863731556397e-01,1.9361480444443613e-01,1.9361480444443613e-01
1186,3.2500000000000018e-01,4.7500000000000009e-01,2.2943422042197297e-06,9.6737402532200001e-01,3.4426893942091202e-01,6.2310508590108804e-01,6.2310508590108804e-01
1187,3.7500000000000000e-01,4.7500000000000009e-01,8.7388486880958332e-09,8.4186155270899998e-01,1.1299443287721538e-01,7.2886711983178465e-01,7.2886711983178465e-01
1188,4.2500000000000004e-01,4.7500000000000009e-01,1.5019299497202498e-11,7.1763259350399999e-01,3.1629777606224305e-02,6.8600281589777568e-01,6.8600281589777568e-01
1189,4.7500000000000009e-01,4.7500000000000009e-01,1.1647817775901662e-14,5.9975347247599997e-01,7.5511851040234758e-03,5.9220228737197644e-01,5.9220228737197644e-01
1190,5.2500000000000013e-01,4.7500000000000009e-01,4.0760442497838198e-18,4.9201338412000001e-01,1.5374959513768077e-03,4.9047588816862320e-01,4.9047588816862320e-01
1191,5.7500000000000018e-01,4.7500000000000009e-01,6.4362461448406981e-22,3.9679582173900002e-01,2.6698860842508940e-04,3.9652883313057491e-01,3.9652883313057491e-01
1192,6.2500000000000000e-01,4.7500000000000009e-01,4.5859132127377823e-26,3.1513666073000002e-01,3.9541338750992527e-05,3.1509711939124901e-01,3.1509711939124901e-01
1193,6.7500000000000004e-01,4.7500000000000009e-01,1.4744106208698518e-30,2.4687442651300001e-01,4.9944755676053179e-06,2.4686943203743242e-01,2.4686943203743242e-01
1194,7.2500000000000009e-01,4.7500000000000009e-01,2.1389986081634011e-35,1.9079804928800001e-01,5.3803224365692312e-07,1.9079751125575636e-01,1.9079751125575636e-01
1195,7.7500000000000013e-01,4.7500000000000009e-01,1.4002384065035383e-40,1.4475573670500000e-01,4.9431819903566197e-08,1.4475568727318008e-01,1.4475568727318008e-01
1196,8.2500000000000018e-01,4.7500000000000009e-01,4.1361178193176225e-46,1.0584638053100000e-01,3.8733325284907873e-09,1.0584637665766747e-01,1.0584637665766747e-01
1197,8.7500000000000000e-01,4.7500000000000009e-01,5.5129397908789695e-52,7.1095795346499999e-02,2.5884683118726783e-10,7.1095795087653166e-02,7.1095795087653166e-02
1198,9.2500000000000004e-01,4.7500000000000009e-01,3.3156832067137570e-58,3.9202543530099998e-02,1.4753015841711148e-11,3.9202543515346980e-02,3.9202543515346980e-02
1199,9.7500000000000009e-01,4.7500000000000009e-01,8.9983367542191182e-65,1.3068418439099999e-02,7.1713125554082724e-13,1.3068418438382868e-02,1.3068418438382868e-02
1200,-9.7499999999999998e-01,5.2500000000000013e-01,8.9983367542196293e-65,9.2685214287499998e-02,7.1713125554082209e-13,9.2685214286782863e-02,9.2685214286782863e-02
1201,-9.2500000000000004e-01,5.2500000000000013e-01,3.3156832067137570e-58,5.6265065497000000e-02,1.4753015841710938e-11,5.6265065482246981e-02,5.6265065482246981e-02
1202,-8.7500000000000000e-01,5.2500000000000013e-01,5.5129397908789695e-52,7.8365853912800001e-02,2.5884683118726415e-10,7.8365853653953169e-02,7.8365853653953169e-02
1203,-8.2499999999999996e-01,5.2500000000000013e-01,4.1361178193177991e-46,1.0801281009100000e-01,3.8733325284907873e-09,1.0801280621766747e-01,1.0801280621766747e-01
1204,-7.7500000000000002e-01,5.2500000000000013e-01,1.4002384065035581e-40,1.4461574147900000e-01,4.9431819903566018e-08,1.4461569204718008e-01,1.4461569204718008e-01
1205,-7.2499999999999998e-01,5.2500000000000013e-01,2.1389986081634313e-35,1.8859667379900000e-01,5.3803224365692121e-07,1.8859613576675635e-01,1.8859613576675635e-01
1206,-6.7500000000000004e-01,5.2500000000000013e-01,1.4744106208698518e-30,2.4039092827299999e-01,4.9944755676052645e-06,2.4038593379743239e-01,2.4038593379743239e-01
1207,-6.2500000000000000e-01,5.2500000000000013e-01,4.5859132127377823e-26,3.0051427395800001e-01,3.9541338750992175e-05,3.0047473261924901e-01,3.0047473261924901e-01
1208,-5.7499999999999996e-01,5.2500000000000013e-01,6.4362461448410188e-22,3.6955971680299998e-01,2.6698860842508940e-04,3.6929272819457487e-01,3.6929272819457487e-01
1209,-5.2499999999999991e-01,5.2500000000000013e-01,4.0760442497839654e-18,4.4804604133600001e-01,1.5374959513768077e-03,4.4650854538462320e-01,4.4650854538462320e-01
1210,-4.7499999999999998e-01,5.2500000000000013e-01,1.1647817775901746e-14,5.3613077944900001e-01,7.5511851040234489e-03,5.2857959434497659e-01,5.2857959434497659e-01
1211,-4.2499999999999993e-01,5.2500000000000013e-01,1.5019299497202659e-11,6.3327352999200004e-01,3.1629777606224194e-02,6.0164375238577583e-01,6.0164375238577583e-01
1212,-3.7500000000000000e-01,5.2500000000000013e-01,8.7388486880957703e-09,7.3796358683200003e-01,1.1299443287721467e-01,6.2496915395478536e-01,6.2496915395478536e-01
1213,-3.2499999999999996e-01,5.2500000000000013e-01,2.2943422042197868e-06,8.4759012849100002e-01,3.4426893942091202e-01,5.0332118907008794e-01,5.0332118907008794e-01
1214,-2.7499999999999991e-01,5.2500000000000013e-01,2.7180760295399424e-04,9.5846573485099995e-01,8.9457863731556397e-01,6.3887097535435977e-02,6.3887097535435977e-02
1215,-2.2499999999999998e-01,5.2500000000000013e-01,1.4529960691516762e-02,1.0659709874900001e+00,1.9825269087948760e+00,-9.1655592130487595e-01,9.1655592130487595e-01
1216,-1.7499999999999993e-01,5.2500000000000013e-01,3.5048280054902231e-01,1.1647961768699999e+00,3.7471367685707899e+00,-2.5823405917007900e+00,2.5823405917007900e+00
1217,-1.2500000000000000e-01,5.2500000000000013e-01,3.8147704840813863e+00,1.2492885260400000e+00,6.0403191456865182e+00,-4.7910306196465182e+00,4.7910306196465182e+00
1218,-7.4999999999999956e-02,5.2500000000000013e-01,1.8735683842853962e+01,1.3139217892799999e+00,8.3042442159344336e+00,-6.9903224266544335e+00,6.9903224266544335e+00
1219,-2.4999999999999911e-02,5.2500000000000013e-01,4.1521221079672181e+01,1.3538717232599999e+00,9.7368891596831730e+00,-8.3830174364231738e+00,8.3830174364231738e+00
1220,2.5000000000000133e-02,5.2500000000000013e-01,4.1521221079672102e+01,1.3656284850300000e+00,9.7368891596831730e+00,-8.3712606746531737e+00,8.3712606746531737e+00
1221,7.4999999999999956e-02,5.2500000000000013e-01,1.8735683842853962e+01,1.3489031326900001e+00,8.3042442159344425e+00,-6.9553410832444422e+00,6.9553410832444422e+00
1222,1.2500000000000000e-01,5.2500000000000013e-01,3.8147704840813863e+00,1.3054839016099999e+00,6.0403191456865297e+00,-4.7348352440765300e+00,4.7348352440765300e+00
1223,1.7500000000000004e-01,5.2500000000000013e-01,3.5048280054902009e-01,1.2375214626700000e+00,3.7471367685707944e+00,-2.5096153059007946e+00,2.5096153059007946e+00
1224,2.2500000000000009e-01,5.2500000000000013e-01,1.4529960691516632e-02,1.1486593411399999e+00,1.9825269087948791e+00,-8.3386756765487924e-01,8.3386756765487924e-01
1225,2.7500000000000013e-01,5.2500000000000013e-01,2.7180760295398941e-04,1.0438000578800000e+00,8.9457863731556397e-01,1.4922142056443599e-01,1.4922142056443599e-01
1226,3.2500000000000018e-01,5.2500000000000013e-01,2.2943422042197297e-06,9.2865721778400001e-01,3.4426893942091202e-01,5.8438827836308804e-01,5.8438827836308804e-01
1227,3.7500000000000000e-01,5.2500000000000013e-01,8.7388486880957703e-09,8.0917977531399998e-01,1.1299443287721526e-01,6.9618534243678476e-01,6.9618534243678476e-01
1228,4.2500000000000004e-01,5.2500000000000013e-01,1.5019299497202446e-11,6.9095113996000002e-01,3.1629777606224284e-02,6.5932136235377570e-01,6.5932136235377570e-01
1229,4.7500000000000009e-01,5.2500000000000013e-01,1.1647817775901662e-14,5.7868213927400003e-01,7.5511851040234688e-03,5.7113095416997661e-01,5.7113095416997661e-01
1230,5.2500000000000013e-01,5.2500000000000013e-01,4.0760442497838198e-18,4.7588160599000001e-01,1.5374959513768077e-03,4.7434411003862320e-01,4.7434411003862320e-01
1231,5.7500000000000018e-01,5.2500000000000013e-01,6.4362461448406981e-22,3.8472450158200000e-01,2.6698860842508940e-04,3.8445751297357489e-01,3.8445751297357489e-01
1232,6.2500000000000000e-01,5.2500000000000013e-01,4.5859132127377823e-26,3.0608018065400000e-01,3.9541338750992527e-05,3.0604063931524900e-01,3.0604063931524900e-01
1233,6.7500000000000004e-01,5.2500000000000013e-01,1.4744106208698518e-30,2.3963708119499999e-01,4.9944755676053179e-06,2.3963208671943240e-01,2.3963208671943240e-01
1234,7.2500000000000009e-01,5.2500000000000013e-01,2.1389986081634011e-35,1.8407817715700001e-01,5.3803224365692312e-07,1.8407763912475636e-01,1.8407763912475636e-01
1235,7.7500000000000013e-01,5.2500000000000013e-01,1.4002384065035383e-40,1.3733359768699999e-01,4.9431819903566197e-08,1.3733354825518007e-01,1.3733354825518007e-01
1236,8.2500000000000018e-01,5.2500000000000013e-01,4.1361178193176225e-46,9.7058220026499997e-02,3.8733325284907873e-09,9.7058216153167468e-02,9.7058216153167468e-02
1237,8.7500000000000000e-01,5.2500000000000013e-01,5.5129397908789695e-52,6.1570209870699999e-02,2.5884683118726783e-10,6.1570209611853166e-02,6.1570209611853166e-02
1238,9.2500000000000004e-01,5.2500000000000013e-01,3.3156832067137570e-58,3.1251842934399997e-02,1.4753015841711148e-11,3.1251842919646979e-02,3.1251842919646979e-02
1239,9.7500000000000009e-01,5.2500000000000013e-01,8.9983367542191182e-65,9.3662871799699999e-03,7.1713125554082724e-13,9.3662871792528687e-03,9.3662871792528687e-03
1240,-9.7499999999999998e-01,5.7500000000000018e-01,4.0603332020292539e-65,8.0069469392800005e-02,6.1161557692872502e-13,8.0069469392188383e-02,8.0069469392188383e-02
1241,-9.2500000000000004e-01,5.7500000000000018e-01,1.4961407846086150e-58,5.0255408742900000e-02,1.2582319102326476e-11,5.0255408730317683e-02,5.0255408730317683e-02
1242,-8.7500000000000000e-01,5.7500000000000018e-01,2.4876122204692204e-52,7.1438459182300004e-02,2.2076119646099976e-10,7.1438458961538803e-02,7.1438458961538803e-02
1243,-8.2499999999999996e-01,5.7500000000000018e-01,1.8663467447365580e-46,1.0002191666000000e-01,3.3034266610832965e-09,1.0002191335657334e-01,1.0002191335657334e-01
1244,-7.7500000000000002e-01,5.7500000000000018e-01,6.3183170934527619e-41,1.3567005264599999e-01,4.2158629700438932e-08,1.3567001048737029e-01,1.3567001048737029e-01
1245,-7.2499999999999998e-01,5.7500000000000018e-01,9.6518360059682681e-36,1.7868876601899999e-01,4.5886844084395413e-07,1.7868830715055914e-01,1.7868830715055914e-01
1246,-6.7500000000000004e-01,5.7500000000000018e-01,6.6530055063066000e-31,2.2924818915100001e-01,4.2596094259392152e-06,2.2924392954157408e-01,2.2924392954157408e-01
1247,-6.2500000000000000e-01,5.7500000000000018e-01,2.0693086053455543e-26,2.8750251145500000e-01,3.3723392371852256e-05,2.8746878806262816e-01,2.8746878806262816e-01
1248,-5.7499999999999996e-01,5.7500000000000018e-01,2.9042371531689975e-22,3.5368769268299999e-01,2.2770502681850104e-04,3.5345998765618147e-01,3.5345998765618147e-01
1249,-5.2499999999999991e-01,5.7500000000000018e-01,1.8392396564373238e-18,4.2808434994000000e-01,1.3112752596701916e-03,4.2677307468032982e-01,4.2677307468032982e-01
1250,-4.7499999999999998e-01,5.7500000000000018e-01,5.2558625597673110e-15,5.1080119637400001e-01,6.4401354678230126e-03,5.0436106090617705e-01,5.0436106090617705e-01
1251,-4.2499999999999993e-01,5.7500000000000018e-01,6.7771813931187309e-12,6.0142952507500003e-01,2.6975905079146073e-02,5.7445361999585398e-01,5.7445361999585398e-01
1252,-3.7500000000000000e-01,5.7500000000000018e-01,3.9432440066378260e-09,6.9869919018600002e-01,9.6368906974795457e-02,6.0233028321120452e-01,6.0233028321120452e-01
1253,-3.2499999999999996e-01,5.7500000000000018e-01,1.0352795281019149e-06,8.0027392436699996e-01,2.9361465474513154e-01,5.0665926962186836e-01,5.0665926962186836e-01
1254,-2.7499999999999991e-01,5.7500000000000018e-01,1.2264815876340297e-04,9.0275229078100006e-01,7.6295409681627679e-01,1.3979819396472326e-01,1.3979819396472326e-01
1255,-2.2499999999999998e-01,5.7500000000000018e-01,6.5563762983509577e-03,1.0018478569900000e+00,1.6908262326188297e+00,-6.8897837562882969e-01,6.8897837562882969e-01
1256,-1.7499999999999993e-01,5.7500000000000018e-01,1.5814888803112098e-01,1.0926800375400001e+00,3.1957988148374614e+00,-2.1031187772974613e+00,2.1031187772974613e+00
1257,-1.2500000000000000e-01,5.7500000000000018e-01,1.7213446971045545e+00,1.1701321509700000e+00,5.1515719759510370e+00,-3.9814398249810372e+00,3.9814398249810372e+00
1258,-7.4999999999999956e-02,5.7500000000000018e-01,8.4541311630941376e+00,1.2292750589799999e+00,7.0823926273516671e+00,-5.8531175683716672e+00,5.8531175683716672e+00
1259,-2.4999999999999911e-02,5.7500000000000018e-01,1.8735683842853895e+01,1.2658562534200000e+00,8.3042442159344301e+00,-7.0383879625144301e+00,7.0383879625144301e+00
1260,2.5000000000000133e-02,5.7500000000000018e-01,1.8735683842853859e+01,1.2768121084299999e+00,8.3042442159344301e+00,-7.0274321075044304e+00,7.0274321075044304e+00
1261,7.4999999999999956e-02,5.7500000000000018e-01,8.4541311630941376e+00,1.2615813223000001e+00,7.0823926273516751e+00,-5.8208113050516754e+00,5.8208113050516754e+00
1262,1.2500000000000000e-01,5.7500000000000018e-01,1.7213446971045545e+00,1.2214468323800001e+00,5.1515719759510468e+00,-3.9301251435710469e+00,3.9301251435710469e+00
1263,1.7500000000000004e-01,5.7500000000000018e-01,1.5814888803112001e-01,1.1584509166600001e+00,3.1957988148374659e+00,-2.0373478981774658e+00,2.0373478981774658e+00
1264,2.2500000000000009e-01,5.7500000000000018e-01,6.5563762983509109e-03,1.0760454351199999e+00,1.6908262326188319e+00,-6.1478079749883197e-01,6.1478079749883197e-01
1265,2.7500000000000013e-01,5.7500000000000018e-01,1.2264815876340078e-04,9.7881852565799998e-01,7.6295409681627679e-01,2.1586442884172319e-01,2.1586442884172319e-01
1266,3.2500000000000018e-01,5.7500000000000018e-01,1.0352795281018931e-06,8.7205453056500004e-01,2.9361465474513154e-01,5.7843987581986855e-01,5.7843987581986855e-01
1267,3.7500000000000000e-01,5.7500000000000018e-01,3.9432440066378260e-09,7.6120481697700004e-01,9.6368906974795956e-02,6.6483591000220410e-01,6.6483591000220410e-01
1268,4.2500000000000004e-01,5.7500000000000018e-01,6.7771813931186582e-12,6.5135470989199995e-01,2.6975905079146142e-02,6.2437880481285379e-01,6.2437880481285379e-01
1269,4.7500000000000009e-01,5.7500000000000018e-01,5.2558625597672368e-15,5.4677706582899999e-01,6.4401354678230291e-03,5.4033693036117691e-01,5.4033693036117691e-01
1270,5.2500000000000013e-01,5.7500000000000018e-01,1.8392396564372583e-18,4.5063621724899999e-01,1.3112752596701916e-03,4.4932494198932982e-01,4.4932494198932982e-01
1271,5.7500000000000018e-01,5.7500000000000018e-01,2.9042371531688527e-22,3.6486099953500001e-01,2.2770502681850104e-04,3.6463329450818149e-01,3.6463329450818149e-01
1272,6.2500000000000000e-01,5.7500000000000018e-01,2.0693086053455543e-26,2.9016680374999998e-01,3.3723392371852554e-05,2.9013308035762814e-01,2.9013308035762814e-01
1273,6.7500000000000004e-01,5.7500000000000018e-01,6.6530055063066000e-31,2.2619374579400001e-01,4.2596094259392609e-06,2.2618948618457407e-01,2.2618948618457407e-01
1274,7.2500000000000009e-01,5.7500000000000018e-01,9.6518360059679928e-36,1.7174987451099999e-01,4.5886844084395571e-07,1.7174941564255913e-01,1.7174941564255913e-01
1275,7.7500000000000013e-01,5.7500000000000018e-01,6.3183170934525825e-41,1.2519834110100000e-01,4.2158629700439077e-08,1.2519829894237031e-01,1.2519829894237031e-01
1276,8.2500000000000018e-01,5.7500000000000018e-01,1.8663467447364522e-46,8.5066777718599995e-02,3.3034266610832965e-09,8.5066774415173338e-02,8.5066774415173338e-02
1277,8.7500000000000000e-01,5.7500000000000018e-01,2.4876122204692204e-52,5.0881078255200003e-02,2.2076119646100292e-10,5.0881078034438809e-02,5.0881078034438809e-02
1278,9.2500000000000004e-01,5.7500000000000018e-01,1.4961407846086150e-58,2.3865065006400000e-02,1.2582319102326657e-11,2.3865064993817679e-02,2.3865064993817679e-02
1279,9.7500000000000009e-01,5.7500000000000018e-01,4.0603332020291384e-65,6.4930015517800001e-03,6.1161557692872936e-13,6.4930015511683844e-03,6.4930015511683844e-03
1280,-9.7499999999999998e-01,6.2500000000000000e-01,8.2672398747509810e-66,6.5284822614899998e-02,4.4487531713408065e-13,6.5284822614455118e-02,6.5284822614455118e-02
1281,-9.2500000000000004e-01,6.2500000000000000e-01,3.0462905720584371e-59,4.2721424482100000e-02,9.1520939166368016e-12,4.2721424472947904e-02,4.2721424472947904e-02
1282,-8.7500000000000000e-01,6.2500000000000000e-01,5.0650244496443668e-53,6.2220970734300003e-02,1.6057669390904257e-10,6.2220970573723312e-02,6.2220970573723312e-02
1283,-8.2499999999999996e-01,6.2500000000000000e-01,3.8000665119025814e-47,8.8880322492700004e-02,2.4028377283299161e-09,8.8880320089862269e-02,8.8880320089862269e-02
1284,-7.7500000000000002e-01,6.2500000000000000e-01,1.2864718341392988e-41,1.2269337483400000e-01,3.0665232321423862e-08,1.2269334416876768e-01,1.2269334416876768e-01
1285,-7.2499999999999998e-01,6.2500000000000000e-01,1.9652092457145614e-36,1.6394516595899999e-01,3.3377051017630424e-07,1.6394483218848982e-01,1.6394483218848982e-01
1286,-6.7500000000000004e-01,6.2500000000000000e-01,1.3546177043102556e-31,2.1259769507400000e-01,3.0983434132725912e-06,2.1259459673058673e-01,2.1259459673058673e-01
1287,-6.2500000000000000e-01,6.2500000000000000e-01,4.2133169284550584e-27,2.6841603431799999e-01,2.4529631752680464e-05,2.6839150468624728e-01,2.6839150468624728e-01
1288,-5.7499999999999996e-01,6.2500000000000000e-01,5.9133140074347575e-23,3.3115475565100000e-01,1.6562747882843776e-04,3.3098912817217158e-01,3.3098912817217158e-01
1289,-5.2499999999999991e-01,6.2500000000000000e-01,3.7448737998454509e-19,4.0067729880000003e-01,9.5379192257530245e-04,3.9972350687742475e-01,3.9972350687742475e-01
1290,-4.7499999999999998e-01,6.2500000000000000e-01,1.0701455858007615e-15,4.7689543736300000e-01,4.6844086656872164e-03,4.7221102869731280e-01,4.7221102869731280e-01
1291,-4.2499999999999993e-01,6.2500000000000000e-01,1.3799011426847847e-12,5.5949729303399998e-01,1.9621662331308656e-02,5.3987563070269129e-01,5.3987563070269129e-01
1292,-3.7500000000000000e-01,6.2500000000000000e-01,8.0288346954521855e-10,6.4755631406400005e-01,7.0096560109804085e-02,5.7745975395419591e-01,5.7745975395419591e-01
1293,-3.2499999999999996e-01,6.2500000000000000e-01,2.1079314850219692e-07,7.3920021415799997e-01,2.1356864928274416e-01,5.2563156487525586e-01,5.2563156487525586e-01
1294,-2.7499999999999991e-01,6.2500000000000000e-01,2.4972377838026675e-05,8.3149976899500000e-01,5.5495552857615005e-01,2.7654424041884995e-01,2.7654424041884995e-01
1295,-2.2499999999999998e-01,6.2500000000000000e-01,1.3349430421254517e-03,9.2062138139100003e-01,1.2298687032011026e+00,-3.0924732181010262e-01,3.0924732181010262e-01
1296,-1.7499999999999993e-01,6.2500000000000000e-01,3.2200677339115288e-02,1.0021643505100000e+00,2.3245516708172693e+00,-1.3223873203072694e+00,1.3223873203072694e+00
1297,-1.2500000000000000e-01,6.2500000000000000e-01,3.5048280054902137e-01,1.0715658548000000e+00,3.7471367685707890e+00,-2.6755709137707893e+00,2.6755709137707893e+00
1298,-7.4999999999999956e-02,6.2500000000000000e-01,1.7213446971045641e+00,1.1245084700900001e+00,5.1515719759510432e+00,-4.0270635058610429e+00,4.0270635058610429e+00
1299,-2.4999999999999911e-02,6.2500000000000000e-01,3.8147704840813912e+00,1.1573262206699999e+00,6.0403191456865253e+00,-4.8829929250165254e+00,4.8829929250165254e+00
1300,2.5000000000000133e-02,6.2500000000000000e-01,3.8147704840813863e+00,1.1674064892100000e+00,6.0403191456865253e+00,-4.8729126564765251e+00,4.8729126564765251e+00
1301,7.4999999999999956e-02,6.2500000000000000e-01,1.7213446971045641e+00,1.1540161937000000e+00,5.1515719759510503e+00,-3.9975557822510503e+00,3.9975557822510503e+00
1302,1.2500000000000000e-01,6.2500000000000000e-01,3.5048280054902137e-01,1.1180097675400000e+00,3.7471367685707961e+00,-2.6291270010307963e+00,2.6291270010307963e+00
1303,1.7500000000000004e-01,6.2500000000000000e-01,3.2200677339115094e-02,1.0612327735100000e+00,2.3245516708172724e+00,-1.2633188973072724e+00,1.2633188973072724e+00
1304,2.2500000000000009e-01,6.2500000000000000e-01,1.3349430421254421e-03,9.8681291316300002e-01,1.2298687032011042e+00,-2.4305579003810418e-01,2.4305579003810418e-01
1305,2.7500000000000013e-01,6.2500000000000000e-01,2.4972377838026238e-05,8.9888443690099995e-01,5.5495552857615005e-01,3.4392890832484990e-01,3.4392890832484990e-01
1306,3.2500000000000018e-01,6.2500000000000000e-01,2.1079314850219168e-07,8.0218032187300004e-01,2.1356864928274416e-01,5.8861167259025593e-01,5.8861167259025593e-01
1307,3.7500000000000000e-01,6.2500000000000000e-01,8.0288346954521855e-10,7.0155847111900005e-01,7.0096560109804459e-02,6.3146191100919558e-01,6.3146191100919558e-01
1308,4.2500000000000004e-01,6.2500000000000000e-01,1.3799011426847651e-12,6.0153418567100003e-01,1.9621662331308708e-02,5.8191252333969135e-01,5.8191252333969135e-01
1309,4.7500000000000009e-01,6.2500000000000000e-01,1.0701455858007461e-15,5.0589112886599996e-01,4.6844086656872286e-03,5.0120672020031276e-01,5.0120672020031276e-01
1310,5.2500000000000013e-01,6.2500000000000000e-01,3.7448737998453180e-19,4.1742268163599999e-01,9.5379192257530245e-04,4.1646888971342472e-01,4.1646888971342472e-01
1311,5.7500000000000018e-01,6.2500000000000000e-01,5.9133140074344637e-23,3.3782437520600000e-01,1.6562747882843776e-04,3.3765874772717158e-01,3.3765874772717158e-01
1312,6.2500000000000000e-01,6.2500000000000000e-01,4.2133169284550584e-27,2.6773216323600002e-01,2.4529631752680637e-05,2.6770763360424732e-01,2.6770763360424732e-01
1313,6.7500000000000004e-01,6.2500000000000000e-01,1.3546177043102556e-31,2.0689303661100000e-01,3.0983434132726242e-06,2.0688993826758673e-01,2.0688993826758673e-01
1314,7.2500000000000009e-01,6.2500000000000000e-01,1.9652092457145333e-36,1.5446467600100000e-01,3.3377051017630536e-07,1.5446434223048983e-01,1.5446434223048983e-01
1315,7.7500000000000013e-01,6.2500000000000000e-01,1.2864718341392804e-41,1.0945205323600000e-01,3.0665232321423968e-08,1.0945202257076768e-01,1.0945202257076768e-01
1316,8.2500000000000018e-01,6.2500000000000000e-01,3.8000665119024200e-47,7.1258066931899997e-02,2.4028377283299161e-09,7.1258064529062262e-02,7.1258064529062262e-02
1317,8.7500000000000000e-01,6.2500000000000000e-01,5.0650244496443668e-53,4.0188851042500001e-02,1.6057669390904487e-10,4.0188850881923310e-02,4.0188850881923310e-02
1318,9.2500000000000004e-01,6.2500000000000000e-01,3.0462905720584371e-59,1.7494063772699998e-02,9.1520939166369308e-12,1.7494063763547906e-02,1.7494063763547906e-02
1319,9.7500000000000009e-01,6.2500000000000000e-01,8.2672398747505108e-66,4.3585279698400000e-03,4.4487531713408383e-13,4.3585279693951250e-03,4.3585279693951250e-03
1320,-9.7499999999999998e-01,6.7500000000000004e-01,7.5955431557528957e-67,4.9650787749400002e-02,2.7598022853695400e-13,4.9650787749124022e-02,4.9650787749124022e-02
1321,-9.2500000000000004e-01,6.7500000000000004e-01,2.7987855506285258e-60,3.4165804568600001e-02,5.6775390169462758e-12,3.4165804562922460e-02,3.4165804562922460e-02
1322,-8.7500000000000000e-01,6.7500000000000004e-01,4.6535013347941771e-54,5.1210761741199998e-02,9.9614410995451346e-11,5.1210761641585584e-02,5.1210761641585584e-02
1323,-8.2499999999999996e-01,6.7500000000000004e-01,3.4913187016672640e-48,7.5020154573699996e-02,1.4906102448516907e-09,7.5020153083089750e-02,7.5020153083089750e-02
1324,-7.7500000000000002e-01,6.7500000000000004e-01,1.1819485684343894e-42,1.0599156833999999e-01,1.9023302705856095e-08,1.0599154931669728e-01,1.0599154931669728e-01
1325,-7.2499999999999998e-01,6.7500000000000004e-01,1.8055399216729704e-37,1.4454582812000000e-01,2.0705590562038300e-07,1.4454562106409438e-01,1.4454562106409438e-01
1326,-6.7500000000000004e-01,6.7500000000000004e-01,1.2445577228331456e-32,1.9060131200899999e-01,1.9220700505243432e-06,1.9059938993894945e-01,1.9059938993894945e-01
1327,-6.2500000000000000e-01,6.7500000000000004e-01,3.8709933476931528e-28,2.4362752488600001e-01,1.5217057715503135e-05,2.4361230782828450e-01,2.4361230782828450e-01
1328,-5.7499999999999996e-01,6.7500000000000004e-01,5.4328690611921657e-24,3.0285070730399999e-01,1.0274768614617315e-04,3.0274795961785383e-01,3.0274795961785383e-01
1329,-5.2499999999999991e-01,6.7500000000000004e-01,3.4406102871705082e-20,3.6751837944400001e-01,5.9168873306967185e-04,3.6692669071093031e-01,3.6692669071093031e-01
1330,-4.7499999999999998e-01,6.7500000000000004e-01,9.8319839547814987e-17,4.3707145760400001e-01,2.9059921383033419e-03,4.3416546546569668e-01,4.3416546546569668e-01
1331,-4.2499999999999993e-01,6.7500000000000004e-01,1.2677869323648623e-13,5.1108492836700004e-01,1.2172378745025808e-02,4.9891254962197423e-01,4.9891254962197423e-01
1332,-3.7500000000000000e-01,6.7500000000000004e-01,7.3765079208555216e-11,5.8895013036800004e-01,4.3484688706448490e-02,5.4546544166155153e-01,5.4546544166155153e-01
1333,-3.2499999999999996e-01,6.7500000000000004e-01,1.9366662642454074e-08,6.6943319933900003e-01,1.3248818796484535e-01,5.3694501137415473e-01,5.3694501137415473e-01
1334,-2.7499999999999991e-01,6.7500000000000004e-01,2.2943422042197868e-06,7.5034629961499999e-01,3.4426893942091219e-01,4.0607736019408780e-01,4.0607736019408780e-01
1335,-2.2499999999999998e-01,6.7500000000000004e-01,1.2264815876340276e-04,8.2852282621200002e-01,7.6295409681627657e-01,6.5568729395723446e-02,6.5568729395723446e-02
1336,-1.7499999999999993e-01,6.7500000000000004e-01,2.9584436653483648e-03,9.0011578309499995e-01,1.4420451678256574e+00,-5.4192938473065744e-01,5.4192938473065744e-01
1337,-1.2500000000000000e-01,6.7500000000000004e-01,3.2200677339115094e-02,9.6107195678500001e-01,2.3245516708172671e+00,-1.3634797140322670e+00,1.3634797140322670e+00
1338,-7.4999999999999956e-02,6.7500000000000004e-01,1.5814888803112084e-01,1.0076010108000000e+00,3.1957988148374628e+00,-2.1881978040374630e+00,2.1881978040374630e+00
1339,-2.4999999999999911e-02,6.7500000000000004e-01,3.5048280054902042e-01,1.0365540886000000e+00,3.7471367685707899e+00,-2.7105826799707899e+00,2.7105826799707899e+00
1340,2.5000000000000133e-02,6.7500000000000004e-01,3.5048280054902009e-01,1.0457257413300001e+00,3.7471367685707904e+00,-2.7014110272407903e+00,2.7014110272407903e+00
1341,7.4999999999999956e-02,6.7500000000000004e-01,1.5814888803112084e-01,1.0342956641900001e+00,3.1957988148374668e+00,-2.1615031506474667e+00,2.1615031506474667e+00
1342,1.2500000000000000e-01,6.7500000000000004e-01,3.2200677339115094e-02,1.0027807309400001e+00,2.3245516708172715e+00,-1.3217709398772715e+00,1.3217709398772715e+00
1343,1.7500000000000004e-01,6.7500000000000004e-01,2.9584436653483435e-03,9.5278494521299995e-01,1.4420451678256589e+00,-4.8926022261265900e-01,4.8926022261265900e-01
1344,2.2500000000000009e-01,6.7500000000000004e-01,1.2264815876340167e-04,8.8704208104600002e-01,7.6295409681627779e-01,1.2408798422972223e-01,1.2408798422972223e-01
1345,2.7500000000000013e-01,6.7500000000000004e-01,2.2943422042197462e-06,8.0915968985900000e-01,3.4426893942091219e-01,4.6489075043808781e-01,4.6489075043808781e-01
1346,3.2500000000000018e-01,6.7500000000000004e-01,1.9366662642453522e-08,7.2325781455100002e-01,1.3248818796484535e-01,5.9076962658615462e-01,5.9076962658615462e-01
1347,3.7500000000000000e-01,6.7500000000000004e-01,7.3765079208555216e-11,6.3355705465300005e-01,4.3484688706448719e-02,5.9007236594655132e-01,5.9007236594655132e-01
1348,4.2500000000000004e-01,6.7500000000000004e-01,1.2677869323648441e-13,5.4397763531800003e-01,1.2172378745025841e-02,5.3180525657297417e-01,5.3180525657297417e-01
1349,4.7500000000000009e-01,6.7500000000000004e-01,9.8319839547813606e-17,4.5780930079700000e-01,2.9059921383033471e-03,4.5490330865869666e-01,4.5490330865869666e-01
1350,5.2500000000000013e-01,6.7500000000000004e-01,3.4406102871703860e-20,3.7749649135000002e-01,5.9168873306967185e-04,3.7690480261693032e-01,3.7690480261693032e-01
1351,5.7500000000000018e-01,6.7500000000000004e-01,5.4328690611918953e-24,3.0456078268499998e-01,1.0274768614617315e-04,3.0445803499885382e-01,3.0445803499885382e-01
1352,6.2500000000000000e-01,6.7500000000000004e-01,3.8709933476931528e-28,2.3966267743600000e-01,1.5217057715503270e-05,2.3964746037828449e-01,2.3964746037828449e-01
1353,6.7500000000000004e-01,6.7500000000000004e-01,1.2445577228331456e-32,1.8279336936500001e-01,1.9220700505243640e-06,1.8279144729494948e-01,1.8279144729494948e-01
1354,7.2500000000000009e-01,6.7500000000000004e-01,1.8055399216729445e-37,1.3357992853299999e-01,2.0705590562038300e-07,1.3357972147709438e-01,1.3357972147709438e-01
1355,7.7500000000000013e-01,6.7500000000000004e-01,1.1819485684343726e-42,9.1667564208699995e-02,1.9023302705856164e-08,9.1667545185397284e-02,9.1667545185397284e-02
1356,8.2500000000000018e-01,6.7500000000000004e-01,3.4913187016671151e-48,5.7084935834300000e-02,1.4906102448516907e-09,5.7084934343689754e-02,5.7084934343689754e-02
1357,8.7500000000000000e-01,6.7500000000000004e-01,4.6535013347941771e-54,3.0393265319299999e-02,9.9614410995452781e-11,3.0393265219685588e-02,3.0393265219685588e-02
1358,9.2500000000000004e-01,6.7500000000000004e-01,2.7987855506285258e-60,1.2333627421599999e-02,5.6775390169463550e-12,1.2333627415922461e-02,1.2333627415922461e-02
1359,9.7500000000000009e-01,6.7500000000000004e-01,7.5955431557524634e-67,2.8358869228500001e-03,2.7598022853695592e-13,2.8358869225740199e-03,2.8358869225740199e-03
1360,-9.7499999999999998e-01,7.2500000000000009e-01,3.1488832921594682e-68,3.4643742980000003e-02,1.4601501443955985e-13,3.4643742979853988e-02,3.4643742979853988e-02
1361,-9.2500000000000004e-01,7.2500000000000009e-01,1.1602921447476031e-61,2.5283001178599999e-02,3.0038598994404782e-12,2.5283001175596138e-02,2.5283001175596138e-02
1362,-8.7500000000000000e-01,7.2500000000000009e-01,1.9292014149214172e-55,3.9194196230900001e-02,5.2703774241354634e-11,3.9194196178196229e-02,3.9194196178196229e-02
1363,-8.2499999999999996e-01,7.2500000000000009e-01,1.4473955189047115e-49,5.9228539349599998e-02,7.8864880132756232e-10,5.9228538560951199e-02,5.9228538560951199e-02
1364,-7.7500000000000002e-01,7.2500000000000009e-01,4.9000025712657351e-44,8.6215532282199997e-02,1.0064807301627990e-08,8.6215522217392690e-02,8.6215522217392690e-02
1365,-7.2499999999999998e-01,7.2500000000000009e-01,7.4852243955415372e-39,1.2088760149199999e-01,1.0954868473452294e-07,1.2088749194331526e-01,1.2088749194331526e-01
1366,-6.7500000000000004e-01,7.2500000000000009e-01,5.1595612574317894e-34,1.6338653772200001e-01,1.0169246096684716e-06,1.6338552079739035e-01,1.6338552079739035e-01
1367,-6.2500000000000000e-01,7.2500000000000009e-01,1.6047971852255702e-29,2.1316082312400000e-01,8.0510075444020314e-06,2.1315277211645561e-01,2.1315277211645561e-01
1368,-5.7499999999999996e-01,7.2500000000000009e-01,2.2523037871651038e-25,2.6906132780899999e-01,5.4361520590798365e-05,2.6900696628840920e-01,2.6900696628840920e-01
1369,-5.2499999999999991e-01,7.2500000000000009e-01,1.4263733384093153e-21,3.2963573540500002e-01,3.1304937806921458e-04,3.2932268602693082e-01,3.2932268602693082e-01
1370,-4.7499999999999998e-01,7.2500000000000009e-01,4.0760442497838491e-18,3.9351542985100002e-01,1.5374959513768023e-03,3.9197793389962321e-01,3.9197793389962321e-01
1371,-4.2499999999999993e-01,7.2500000000000009e-01,5.2558625597673110e-15,4.5969828498400001e-01,6.4401354678230178e-03,4.5325814951617699e-01,4.5325814951617699e-01
1372,-3.7500000000000000e-01,7.2500000000000009e-01,3.0580778846436252e-12,5.2753747584199995e-01,2.3006783794012498e-02,5.0453069204798751e-01,5.0453069204798751e-01
1373,-3.2499999999999996e-01,7.2500000000000009e-01,8.0288346954521855e-10,5.9638712276000005e-01,7.0096560109804085e-02,5.2629056265019591e-01,5.2629056265019591e-01
1374,-2.7499999999999991e-01,7.2500000000000009e-01,9.5116513529280817e-08,6.6507208929100003e-01,1.8214505592347377e-01,4.8292703336752629e-01,4.8292703336752629e-01
1375,-2.2499999999999998e-01,7.2500000000000009e-01,5.0846230483423768e-06,7.3149593936500001e-01,4.0366208135244508e-01,3.2783385801255494e-01,3.2783385801255494e-01
1376,-1.7499999999999993e-01,7.2500000000000009e-01,1.2264815876340254e-04,7.9264591427800002e-01,7.6295409681627657e-01,2.9691817461723446e-02,2.9691817461723446e-02
1377,-1.2500000000000000e-01,7.2500000000000009e-01,1.3349430421254421e-03,8.4501043164699996e-01,1.2298687032011015e+00,-3.8485827155410157e-01,3.8485827155410157e-01
1378,-7.4999999999999956e-02,7.2500000000000009e-01,6.5563762983509456e-03,8.8517832090000004e-01,1.6908262326188304e+00,-8.0564791171883032e-01,8.0564791171883032e-01
1379,-2.4999999999999911e-02,7.2500000000000009e-01,1.4529960691516686e-02,9.1034231779399999e-01,1.9825269087948767e+00,-1.0721845910008767e+00,1.0721845910008767e+00
1380,2.5000000000000133e-02,7.2500000000000009e-01,1.4529960691516632e-02,9.1859256274199996e-01,1.9825269087948767e+00,-1.0639343460528767e+00,1.0639343460528767e+00
1381,7.4999999999999956e-02,7.2500000000000009e-01,6.5563762983509456e-03,9.0906873918200004e-01,1.6908262326188319e+00,-7.8175749343683187e-01,7.8175749343683187e-01
1382,1.2500000000000000e-01,7.2500000000000009e-01,1.3349430421254421e-03,8.8203293997900001e-01,1.2298687032011038e+00,-3.4783576322210374e-01,3.4783576322210374e-01
1383,1.7500000000000004e-01,7.2500000000000009e-01,1.2264815876340167e-04,8.3883485126500001e-01,7.6295409681627757e-01,7.5880754448722443e-02,7.5880754448722443e-02
1384,2.2500000000000009e-01,7.2500000000000009e-01,5.0846230483423404e-06,7.8179401322300002e-01,4.0366208135244558e-01,3.7813193187055444e-01,3.7813193187055444e-01
1385,2.7500000000000013e-01,7.2500000000000009e-01,9.5116513529279123e-08,7.1397505160200003e-01,1.8214505592347377e-01,5.3182999567852629e-01,5.3182999567852629e-01
1386,3.2500000000000018e-01,7.2500000000000009e-01,8.0288346954519580e-10,6.3887988384899996e-01,7.0096560109804085e-02,5.6878332373919593e-01,5.6878332373919593e-01
1387,3.7500000000000000e-01,7.2500000000000009e-01,3.0580778846436252e-12,5.6010089395499996e-01,2.3006783794012615e-02,5.3709411016098729e-01,5.3709411016098729e-01
1388,4.2500000000000004e-01,7.2500000000000009e-01,5.2558625597672739e-15,4.8098733088200002e-01,6.4401354678230351e-03,4.7454719541417700e-01,4.7454719541417700e-01
1389,4.7500000000000009e-01,7.2500000000000009e-01,4.0760442497838198e-18,4.0437500013799998e-01,1.5374959513768051e-03,4.0283750418662317e-01,4.0283750418662317e-01
1390,5.2500000000000013e-01,7.2500000000000009e-01,1.4263733384092643e-21,3.3241717563899997e-01,3.1304937806921458e-04,3.3210412626093078e-01,3.3210412626093078e-01
1391,5.7500000000000018e-01,7.2500000000000009e-01,2.2523037871650079e-25,2.6653665708500002e-01,5.4361520590798365e-05,2.6648229556440922e-01,2.6648229556440922e-01
1392,6.2500000000000000e-01,7.2500000000000009e-01,1.6047971852255702e-29,2.0750032692699999e-01,8.0510075444021042e-06,2.0749227591945560e-01,2.0749227591945560e-01
1393,6.7500000000000004e-01,7.2500000000000009e-01,5.1595612574317894e-34,1.5560057359200000e-01,1.0169246096684826e-06,1.5559955666739034e-01,1.5559955666739034e-01
1394,7.2500000000000009e-01,7.2500000000000009e-01,7.4852243955413244e-39,1.1090856020700000e-01,1.0954868473452334e-07,1.1090845065831527e-01,1.1090845065831527e-01
1395,7.7500000000000013e-01,7.2500000000000009e-01,4.9000025712656654e-44,7.3533868113100004e-02,1.0064807301628025e-08,7.3533858048292697e-02,7.3533858048292697e-02
1396,8.2500000000000018e-01,7.2500000000000009e-01,1.4473955189046293e-49,4.3779820688299997e-02,7.8864880132756232e-10,4.3779819899651198e-02,4.3779819899651198e-02
1397,8.7500000000000000e-01,7.2500000000000009e-01,1.9292014149214172e-55,2.2046372173800000e-02,5.2703774241355377e-11,2.2046372121096225e-02,2.2046372121096225e-02
1398,9.2500000000000004e-01,7.2500000000000009e-01,1.1602921447476031e-61,8.3775294191999992e-03,3.0038598994405210e-12,8.3775294161961399e-03,8.3775294161961399e-03
1399,9.7500000000000009e-01,7.2500000000000009e-01,3.1488832921593788e-68,1.7901673127199999e-03,1.4601501443956086e-13,1.7901673125739850e-03,1.7901673125739850e-03
1400,-9.7499999999999998e-01,7.7500000000000013e-01,5.8905212326102819e-70,2.1653928147100002e-02,6.5886577410621250e-14,2.1653928147034113e-02,2.1653928147034113e-02
1401,-9.2500000000000004e-01,7.7500000000000013e-01,2.1705236048871458e-63,1.6898940038400000e-02,1.3554362786237266e-12,1.6898940037044563e-02,1.6898940037044563e-02
1402,-8.7500000000000000e-01,7.7500000000000013e-01,3.6088990420421162e-57,2.7237057066700002e-02,2.3781604341944532e-11,2.7237057042918397e-02,2.7237057042918397e-02
1403,-8.2499999999999996e-01,7.7500000000000013e-01,2.7075992486994734e-51,4.2729240904600001e-02,3.5586320008187039e-10,4.2729240548736801e-02,4.2729240548736801e-02
1404,-7.7500000000000002e-01,7.7500000000000013e-01,9.1662873812296467e-46,6.4559277320200004e-02,4.5415583318398627e-09,6.4559272778641666e-02,6.4559272778641666e-02
1405,-7.2499999999999998e-01,7.7500000000000013e-01,1.4002384065035581e-40,9.3872110722399996e-02,4.9431819903566018e-08,9.3872061290580094e-02,9.3872061290580094e-02
1406,-6.7500000000000004e-01,7.7500000000000013e-01,9.6518360059679928e-36,1.3131660296299999e-01,4.5886844084395084e-07,1.3131614409455913e-01,1.3131614409455913e-01
1407,-6.2500000000000000e-01,7.7500000000000013e-01,3.0020458100629962e-31,1.7676128421900000e-01,3.6328683994844395e-06,1.7675765135060051e-01,1.7675765135060051e-01
1408,-5.7499999999999996e-01,7.7500000000000013e-01,4.2133169284550584e-27,2.2915075949399999e-01,2.4529631752680509e-05,2.2912622986224732e-01,2.2912622986224732e-01
1409,-5.2499999999999991e-01,7.7500000000000013e-01,2.6682736881516521e-23,2.8661272978199998e-01,1.4125774777799897e-04,2.8647147203422196e-01,2.8647147203422196e-01
1410,-4.7499999999999998e-01,7.7500000000000013e-01,7.6249333400811824e-20,3.4684899757100002e-01,6.9376664042200943e-04,3.4615523093057798e-01,3.4615523093057798e-01
1411,-4.2499999999999993e-01,7.7500000000000013e-01,9.8319839547814987e-17,4.0770232195900002e-01,2.9059921383033419e-03,4.0479632982069669e-01,4.0479632982069669e-01
1412,-3.7500000000000000e-01,7.7500000000000013e-01,5.7206542888783992e-14,4.6765079710399998e-01,1.0381386100818322e-02,4.5726941100318164e-01,4.5726941100318164e-01
1413,-3.2499999999999996e-01,7.7500000000000013e-01,1.5019299497202498e-11,5.2594635484499996e-01,3.1629777606224138e-02,4.9431657723877581e-01,4.9431657723877581e-01
1414,-2.7499999999999991e-01,7.7500000000000013e-01,1.7793160004093582e-09,5.8226118303200003e-01,8.2189591071344756e-02,5.0007159196065532e-01,5.0007159196065532e-01
1415,-2.2499999999999998e-01,7.7500000000000013e-01,9.5116513529280142e-08,6.3599857441800001e-01,1.8214505592347346e-01,4.5385351849452654e-01,4.5385351849452654e-01
1416,-1.7499999999999993e-01,7.7500000000000013e-01,2.2943422042197623e-06,6.8568286886399998e-01,3.4426893942091152e-01,3.4141392944308846e-01,3.4141392944308846e-01
1417,-1.2500000000000000e-01,7.7500000000000013e-01,2.4972377838026238e-05,7.2884486130100001e-01,5.5495552857614872e-01,1.7388933272485130e-01,1.7388933272485130e-01
1418,-7.4999999999999956e-02,7.7500000000000013e-01,1.2264815876340167e-04,7.6250260548500004e-01,7.6295409681627613e-01,-4.5149133127608820e-04,4.5149133127608820e-04
1419,-2.4999999999999911e-02,7.7500000000000013e-01,2.7180760295398941e-04,7.8392573111499997e-01,8.9457863731556220e-01,-1.1065290620056223e-01,1.1065290620056223e-01
1420,2.5000000000000133e-02,7.7500000000000013e-01,2.7180760295398941e-04,7.9122435137799996e-01,8.9457863731556220e-01,-1.0335428593756224e-01,1.0335428593756224e-01
1421,7.4999999999999956e-02,7.7500000000000013e-01,1.2264815876340167e-04,7.8343262839799999e-01,7.6295409681627679e-01,2.0478531581723192e-02,2.0478531581723192e-02
1422,1.2500000000000000e-01,7.7500000000000013e-01,2.4972377838026238e-05,7.6060591478299999e-01,5.5495552857614949e-01,2.0565038620685050e-01,2.0565038620685050e-01
1423,1.7500000000000004e-01,7.7500000000000013e-01,2.2943422042197462e-06,7.2384911763899995e-01,3.4426893942091202e-01,3.7958017821808793e-01,3.7958017821808793e-01
1424,2.2500000000000009e-01,7.7500000000000013e-01,9.5116513529279123e-08,6.7508415574900005e-01,1.8214505592347377e-01,4.9293909982552631e-01,4.9293909982552631e-01
1425,2.7500000000000013e-01,7.7500000000000013e-01,1.7793160004093268e-09,6.1686058987699999e-01,8.2189591071344756e-02,5.3467099880565527e-01,5.3467099880565527e-01
1426,3.2500000000000018e-01,7.7500000000000013e-01,1.5019299497202126e-11,5.5210258940199997e-01,3.1629777606224138e-02,5.2047281179577587e-01,5.2047281179577587e-01
1427,3.7500000000000000e-01,7.7500000000000013e-01,5.7206542888783992e-14,4.8382625988000000e-01,1.0381386100818377e-02,4.7344487377918160e-01,4.7344487377918160e-01
1428,4.2500000000000004e-01,7.7500000000000013e-01,9.8319839547813606e-17,4.1487062901799998e-01,2.9059921383033471e-03,4.1196463687969664e-01,4.1196463687969664e-01
1429,4.7500000000000009e-01,7.7500000000000013e-01,7.6249333400811282e-20,3.4768328787600000e-01,6.9376664042201063e-04,3.4698952123557797e-01,3.4698952123557797e-01
1430,5.2500000000000013e-01,7.7500000000000013e-01,2.6682736881515580e-23,2.8419129265699999e-01,1.4125774777799897e-04,2.8405003490922198e-01,2.8405003490922198e-01
1431,5.7500000000000018e-01,7.7500000000000013e-01,4.2133169284548783e-27,2.2577198613400001e-01,2.4529631752680509e-05,2.2574745650224734e-01,2.2574745650224734e-01
1432,6.2500000000000000e-01,7.7500000000000013e-01,3.0020458100629962e-31,1.7331989182999999e-01,3.6328683994844722e-06,1.7331625896160049e-01,1.7331625896160049e-01
1433,6.7500000000000004e-01,7.7500000000000013e-01,9.6518360059679928e-36,1.2738614880099999e-01,4.5886844084395571e-07,1.2738568993255914e-01,1.2738568993255914e-01
1434,7.2500000000000009e-01,7.7500000000000013e-01,1.4002384065035383e-40,8.8345298646999998e-02,4.9431819903566197e-08,8.8345249215180097e-02,8.8345249215180097e-02
1435,7.7500000000000013e-01,7.7500000000000013e-01,9.1662873812295160e-46,5.6520820222000001e-02,4.5415583318398784e-09,5.6520815680441670e-02,5.6520815680441670e-02
1436,8.2500000000000018e-01,7.7500000000000013e-01,2.7075992486993589e-51,3.2184701779399999e-02,3.5586320008187039e-10,3.2184701423536799e-02,3.2184701423536799e-02
1437,8.7500000000000000e-01,7.7500000000000013e-01,3.6088990420421162e-57,1.5364914512900001e-02,2.3781604341944874e-11,1.5364914489118395e-02,1.5364914489118395e-02
1438,9.2500000000000004e-01,7.7500000000000013e-01,2.1705236048871458e-63,5.4909700790399998e-03,1.3554362786237462e-12,5.4909700776845632e-03,5.4909700776845632e-03
1439,9.7500000000000009e-01,7.7500000000000013e-01,5.8905212326101146e-70,1.0972937948900000e-03,6.5886577410621717e-14,1.0972937948241135e-03,1.0972937948241135e-03
1440,-9.7499999999999998e-01,8.2500000000000018e-01,4.9722198061979850e-72,1.1694430624900000e-02,2.5355738647296884e-14,1.1694430624874644e-02,1.1694430624874644e-02
1441,-9.2500000000000004e-01,8.2500000000000018e-01,1.8321503364240805e-65,9.8340259463699994e-03,5.2162503175203010e-13,9.8340259458483750e-03,9.8340259458483750e-03
1442,-8.7500000000000000e-01,8.2500000000000018e-01,3.0462905720584371e-59,1.6568051872400000e-02,9.1520939166368016e-12,1.6568051863247907e-02,1.6568051863247907e-02
1443,-8.2499999999999996e-01,8.2500000000000018e-01,2.2854986986719857e-53,2.7161711268299998e-02,1.3695011412160626e-10,2.7161711131349884e-02,2.7161711131349884e-02
1444,-7.7500000000000002e-01,8.2500000000000018e-01,7.7373111591444246e-48,4.2931137131200003e-02,1.7477697376191479e-09,4.2931135383430269e-02,4.2931135383430269e-02
1445,-7.2499999999999998e-01,8.2500000000000018e-01,1.1819485684343894e-42,6.5339874172300000e-02,1.9023302705856095e-08,6.5339855148997289e-02,6.5339855148997289e-02
1446,-6.7500000000000004e-01,8.2500000000000018e-01,8.1471652948753604e-38,9.5654952393300005e-02,1.7659056998848106e-07,9.5654775802730019e-02,9.5654775802730019e-02
1447,-6.2500000000000000e-01,8.2500000000000018e-01,2.5340425823903072e-33,1.3457980867000000e-01,1.3980702185101152e-06,1.3457841059978148e-01,1.3457841059978148e-01
1448,-5.7499999999999996e-01,8.2500000000000018e-01,3.5564828737863792e-29,1.8187151048500000e-01,9.4399641972468829e-06,1.8186207052080275e-01,1.8186207052080275e-01
1449,-5.2499999999999991e-01,8.2500000000000018e-01,2.2523037871650878e-25,2.3608356484599999e-01,5.4361520590798270e-05,2.3602920332540919e-01,2.3602920332540919e-01
1450,-4.7499999999999998e-01,8.2500000000000018e-01,6.4362461448408354e-22,2.9460022850799999e-01,2.6698860842508794e-04,2.9433323989957488e-01,2.9433323989957488e-01
1451,-4.2499999999999993e-01,8.2500000000000018e-01,8.2992291214477192e-19,3.5406968743500000e-01,1.1183397296645817e-03,3.5295134770533543e-01,3.5295134770533543e-01
1452,-3.7500000000000000e-01,8.2500000000000018e-01,4.8288342298305586e-16,4.1118403354600003e-01,3.9951644646606882e-03,4.0718886908133933e-01,4.0718886908133933e-01
1453,-3.2499999999999996e-01,8.2500000000000018e-01,1.2677869323648353e-13,4.6353879869900000e-01,1.2172378745025764e-02,4.5136641995397425e-01,4.5136641995397425e-01
1454,-2.7499999999999991e-01,8.2500000000000018e-01,1.5019299497202391e-11,5.1015556056900002e-01,3.1629777606224110e-02,4.7852578296277593e-01,4.7852578296277593e-01
1455,-2.2499999999999998e-01,8.2500000000000018e-01,8.0288346954520439e-10,5.5131664739099995e-01,7.0096560109803890e-02,4.8122008728119603e-01,4.8122008728119603e-01
1456,-1.7499999999999993e-01,8.2500000000000018e-01,1.9366662642453730e-08,5.8770122565899996e-01,1.3248818796484499e-01,4.5521303769415500e-01,4.5521303769415500e-01
1457,-1.2500000000000000e-01,8.2500000000000018e-01,2.1079314850219168e-07,6.1928199974599996e-01,2.1356864928274344e-01,4.0571335046325652e-01,4.0571335046325652e-01
1458,-7.4999999999999956e-02,8.2500000000000018e-01,1.0352795281019003e-06,6.4470282118300004e-01,2.9361465474513104e-01,3.5108816643786900e-01,3.5108816643786900e-01
1459,-2.4999999999999911e-02,8.2500000000000018e-01,2.2943422042197297e-06,6.6160514594700004e-01,3.4426893942091114e-01,3.1733620652608890e-01,3.1733620652608890e-01
1460,2.5000000000000133e-02,8.2500000000000018e-01,2.2943422042197297e-06,6.6767567841599995e-01,3.4426893942091114e-01,3.2340673899508882e-01,3.2340673899508882e-01
1461,7.4999999999999956e-02,8.2500000000000018e-01,1.0352795281019003e-06,6.6132338025399995e-01,2.9361465474513132e-01,3.6770872550886863e-01,3.6770872550886863e-01
1462,1.2500000000000000e-01,8.2500000000000018e-01,2.1079314850219168e-07,6.4226127682599998e-01,2.1356864928274377e-01,4.2869262754325621e-01,4.2869262754325621e-01
1463,1.7500000000000004e-01,8.2500000000000018e-01,1.9366662642453522e-08,6.1136500622000001e-01,1.3248818796484521e-01,4.7887681825515482e-01,4.7887681825515482e-01
1464,2.2500000000000009e-01,8.2500000000000018e-01,8.0288346954519580e-10,5.7019634384600004e-01,7.0096560109804015e-02,5.0009978373619601e-01,5.0009978373619601e-01
1465,2.7500000000000013e-01,8.2500000000000018e-01,1.5019299497202126e-11,5.2084417527600002e-01,3.1629777606224110e-02,4.8921439766977592e-01,4.8921439766977592e-01
1466,3.2500000000000018e-01,8.2500000000000018e-01,1.2677869323648083e-13,4.6572238433399998e-01,1.2172378745025764e-02,4.5355000558897424e-01,4.5355000558897424e-01
1467,3.7500000000000000e-01,8.2500000000000018e-01,4.8288342298305586e-16,4.0734561840799999e-01,3.9951644646607056e-03,4.0335045394333929e-01,4.0335045394333929e-01
1468,4.2500000000000004e-01,8.2500000000000018e-01,8.2992291214475420e-19,3.4811733989499999e-01,1.1183397296645858e-03,3.4699900016533541e-01,3.4699900016533541e-01
1469,4.7500000000000009e-01,8.2500000000000018e-01,6.4362461448406981e-22,2.9016218632800000e-01,2.6698860842508891e-04,2.8989519771957489e-01,2.8989519771957489e-01
1470,5.2500000000000013e-01,8.2500000000000018e-01,2.2523037871650079e-25,2.3522535947699999e-01,5.4361520590798270e-05,2.3517099795640919e-01,2.3517099795640919e-01
1471,5.7500000000000018e-01,8.2500000000000018e-01,3.5564828737862273e-29,1.8464740042100000e-01,9.4399641972468829e-06,1.8463796045680275e-01,1.8463796045680275e-01
1472,6.2500000000000000e-01,8.2500000000000018e-01,2.5340425823903072e-33,1.3940556982499999e-01,1.3980702185101275e-06,1.3940417175478148e-01,1.3940417175478148e-01
1473,6.7500000000000004e-01,8.2500000000000018e-01,8.1471652948753604e-38,1.0019526631099999e-01,1.7659056998848294e-07,1.0019508972043001e-01,1.0019508972043001e-01
1474,7.2500000000000009e-01,8.2500000000000018e-01,1.1819485684343726e-42,6.7508887316999999e-02,1.9023302705856164e-08,6.7508868293697288e-02,6.7508868293697288e-02
1475,7.7500000000000013e-01,8.2500000000000018e-01,7.7373111591443152e-48,4.1660353762099998e-02,1.7477697376191539e-09,4.1660352014330264e-02,4.1660352014330264e-02
1476,8.2500000000000018e-01,8.2500000000000018e-01,2.2854986986718559e-53,2.2712229332300000e-02,1.3695011412160626e-10,2.2712229195349886e-02,2.2712229195349886e-02
1477,8.7500000000000000e-01,8.2500000000000018e-01,3.0462905720584371e-59,1.0305463654800000e-02,9.1520939166369308e-12,1.0305463645647906e-02,1.0305463645647906e-02
1478,9.2500000000000004e-01,8.2500000000000018e-01,1.8321503364240805e-65,3.4778536053800000e-03,5.2162503175203747e-13,3.4778536048583751e-03,3.4778536048583751e-03
1479,9.7500000000000009e-01,8.2500000000000018e-01,4.9722198061978442e-72,6.5360988398700001e-04,2.5355738647297064e-14,6.5360988396164432e-04,6.5360988396164432e-04
1480,-9.7499999999999998e-01,8.7500000000000000e-01,1.8938533428187578e-74,5.1444248364900004e-03,8.3221487057574232e-15,5.1444248364816781e-03,5.1444248364816781e-03
1481,-9.2500000000000004e-01,8.7500000000000000e-01,6.9784204528891519e-68,4.6920762353800001e-03,1.7120546726208562e-13,4.6920762352087950e-03,4.6920762352087950e-03
1482,-8.7500000000000000e-01,8.7500000000000000e-01,1.1602921447476361e-61,8.3061610537399997e-03,3.0038598994404887e-12,8.3061610507361404e-03,8.3061610507361404e-03
1483,-8.2499999999999996e-01,8.7500000000000000e-01,8.7051649347688733e-56,1.4322543677400001e-02,4.4949162430018480e-11,1.4322543632450838e-02,1.4322543632450838e-02
1484,-7.7500000000000002e-01,8.7500000000000000e-01,2.9470403912773184e-50,2.3867603875200000e-02,5.7364527463449217e-10,2.3867603301554727e-02,2.3867603301554727e-02
1485,-7.2499999999999998e-01,8.7500000000000000e-01,4.5018871542626699e-45,3.8384484931600002e-02,6.2437445106592421e-09,3.8384478687855494e-02,3.8384478687855494e-02
1486,-6.7500000000000004e-01,8.7500000000000000e-01,3.1031484587554633e-40,5.9489936266000000e-02,5.7959778017954530e-08,5.9489878306221981e-02,5.9489878306221981e-02
1487,-6.2500000000000000e-01,8.7500000000000000e-01,9.6518360059682681e-36,8.8723759060599997e-02,4.5886844084395243e-07,8.8723300192159155e-02,8.8723300192159155e-02
1488,-5.7499999999999996e-01,8.7500000000000000e-01,1.3546177043102747e-31,1.2715048171800000e-01,3.0983434132726077e-06,1.2714738337458673e-01,1.2714738337458673e-01
1489,-5.2499999999999991e-01,8.7500000000000000e-01,8.5787298683957910e-28,1.7486019543100001e-01,1.7842298523452556e-05,1.7484235313247656e-01,1.7484235313247656e-01
1490,-4.7499999999999998e-01,8.7500000000000000e-01,2.4514817831297391e-24,2.3049944302500000e-01,8.7629823487460470e-05,2.3041181320151255e-01,2.3041181320151255e-01
1491,-4.2499999999999993e-01,8.7500000000000000e-01,3.1610675768759067e-21,2.9104144009499999e-01,3.6705653356374759e-04,2.9067438356143627e-01,2.9067438356143627e-01
1492,-3.7500000000000000e-01,8.7500000000000000e-01,1.8392396564373107e-18,3.5202333724800000e-01,1.3112752596701890e-03,3.5071206198832983e-01,3.5071206198832983e-01
1493,-3.2499999999999996e-01,8.7500000000000000e-01,4.8288342298306967e-16,4.0837594368300001e-01,3.9951644646607056e-03,4.0438077921833931e-01,4.0438077921833931e-01
1494,-2.7499999999999991e-01,8.7500000000000000e-01,5.7206542888784813e-14,4.5572463740199998e-01,1.0381386100818377e-02,4.4534325130118158e-01,4.4534325130118158e-01
1495,-2.2499999999999998e-01,8.7500000000000000e-01,3.0580778846436470e-12,4.9171576786799998e-01,2.3006783794012556e-02,4.6870898407398742e-01,4.6870898407398742e-01
1496,-1.7499999999999993e-01,8.7500000000000000e-01,7.3765079208555488e-11,5.1670070984399996e-01,4.3484688706448602e-02,4.7321602113755135e-01,4.7321602113755135e-01
1497,-1.2500000000000000e-01,8.7500000000000000e-01,8.0288346954521855e-10,5.3322303621099998e-01,7.0096560109804210e-02,4.6312647610119578e-01,4.6312647610119578e-01
1498,-7.4999999999999956e-02,8.7500000000000000e-01,3.9432440066378392e-09,5.4432572898800002e-01,9.6368906974795693e-02,4.4795682201320430e-01,4.4795682201320430e-01
1499,-2.4999999999999911e-02,8.7500000000000000e-01,8.7388486880958332e-09,5.5153912000299998e-01,1.1299443287721497e-01,4.3854468712578498e-01,4.3854468712578498e-01
1500,2.5000000000000133e-02,8.7500000000000000e-01,8.7388486880957703e-09,5.5397330637499997e-01,1.1299443287721507e-01,4.4097887349778492e-01,4.4097887349778492e-01
1501,7.4999999999999956e-02,8.7500000000000000e-01,3.9432440066378392e-09,5.4803153128000004e-01,9.6368906974795873e-02,4.5166262430520415e-01,4.5166262430520415e-01
1502,1.2500000000000000e-01,8.7500000000000000e-01,8.0288346954521855e-10,5.3170477576399999e-01,7.0096560109804321e-02,4.6160821565419569e-01,4.6160821565419569e-01
1503,1.7500000000000004e-01,8.7500000000000000e-01,7.3765079208555216e-11,5.0560198830199998e-01,4.3484688706448636e-02,4.6211729959555137e-01,4.6211729959555137e-01
1504,2.2500000000000009e-01,8.7500000000000000e-01,3.0580778846436252e-12,4.7094756317499997e-01,2.3006783794012598e-02,4.4794077938098736e-01,4.4794077938098736e-01
1505,2.7500000000000013e-01,8.7500000000000000e-01,5.7206542888783992e-14,4.2941726207699998e-01,1.0381386100818377e-02,4.1903587597618158e-01,4.1903587597618158e-01
1506,3.2500000000000018e-01,8.7500000000000000e-01,4.8288342298305586e-16,3.8297710088499998e-01,3.9951644646607056e-03,3.7898193642033928e-01,3.7898193642033928e-01
1507,3.7500000000000000e-01,8.7500000000000000e-01,1.8392396564373107e-18,3.3370683061599998e-01,1.3112752596701983e-03,3.3239555535632981e-01,3.3239555535632981e-01
1508,4.2500000000000004e-01,8.7500000000000000e-01,3.1610675768758394e-21,2.8363320991300001e-01,3.6705653356374889e-04,2.8326615337943628e-01,2.8326615337943628e-01
1509,4.7500000000000009e-01,8.7500000000000000e-01,2.4514817831297042e-24,2.3459652893200000e-01,8.7629823487460782e-05,2.3450889910851255e-01,2.3450889910851255e-01
1510,5.2500000000000013e-01,8.7500000000000000e-01,8.5787298683955470e-28,1.8816580187900001e-01,1.7842298523452556e-05,1.8814795958047656e-01,1.8814795958047656e-01
1511,5.7500000000000018e-01,8.7500000000000000e-01,1.3546177043102171e-31,1.4560595022600001e-01,3.0983434132726077e-06,1.4560285188258673e-01,1.4560285188258673e-01
1512,6.2500000000000000e-01,8.7500000000000000e-01,9.6518360059682681e-36,1.0788645499000001e-01,4.5886844084395730e-07,1.0788599612155916e-01,1.0788599612155916e-01
1513,6.7500000000000004e-01,8.7500000000000000e-01,3.1031484587554633e-40,7.5708269748099993e-02,5.7959778017954941e-08,7.5708211788321975e-02,7.5708211788321975e-02
1514,7.2500000000000009e-01,8.7500000000000000e-01,4.5018871542626058e-45,4.9518091094899998e-02,6.2437445106592644e-09,4.9518084851155490e-02,4.9518084851155490e-02
1515,7.7500000000000013e-01,8.7500000000000000e-01,2.9470403912772766e-50,2.9481863979699999e-02,5.7364527463449414e-10,2.9481863406054725e-02,2.9481863406054725e-02
1516,8.2500000000000018e-01,8.7500000000000000e-01,8.7051649347683770e-56,1.5409409175900000e-02,4.4949162430018480e-11,1.5409409130950838e-02,1.5409409130950838e-02
1517,8.7500000000000000e-01,8.7500000000000000e-01,1.1602921447476361e-61,6.6628001284300001e-03,3.0038598994405319e-12,6.6628001254261399e-03,6.6628001254261399e-03
1518,9.2500000000000004e-01,8.7500000000000000e-01,6.9784204528891519e-68,2.1315522262899999e-03,1.7120546726208804e-13,2.1315522261187944e-03,2.1315522261187944e-03
1519,9.7500000000000009e-01,8.7500000000000000e-01,1.8938533428187578e-74,3.7863310529299998e-04,8.3221487057574232e-15,3.7863310528467780e-04,3.7863310528467780e-04
1520,-9.7499999999999998e-01,9.2500000000000004e-01,3.2549311213410282e-77,1.6499896737499999e-03,2.3295635551803491e-15,1.6499896737476704e-03,1.6499896737476704e-03
1521,-9.2500000000000004e-01,9.2500000000000004e-01,1.1993683669351275e-70,1.6399634861700000e-03,4.7924404031071781e-14,1.6399634861220757e-03,1.6399634861220757e-03
1522,-8.7500000000000000e-01,9.2500000000000004e-01,1.9941728994524567e-64,3.0643505376300000e-03,8.4085045749821651e-13,3.0643505367891496e-03,3.0643505367891496e-03
1523,-8.2499999999999996e-01,9.2500000000000004e-01,1.4961407846086573e-58,5.5901510002100002e-03,1.2582319102326521e-11,5.5901509876276814e-03,5.5901509876276814e-03
1524,-7.7500000000000002e-01,9.2500000000000004e-01,5.0650244496442945e-53,9.8922872590900008e-03,1.6057669390904257e-10,9.8922870985133065e-03,9.8922870985133065e-03
1525,-7.2499999999999998e-01,9.2500000000000004e-01,7.7373111591445352e-48,1.6960178935600000e-02,1.7477697376191539e-09,1.6960177187830262e-02,1.6960177187830262e-02
1526,-6.7500000000000004e-01,9.2500000000000004e-01,5.3333245316193567e-43,2.8136056024099999e-02,1.6224293906639861e-08,2.8136039799806091e-02,2.8136039799806091e-02
1527,-6.2500000000000000e-01,9.2500000000000004e-01,1.6588434111348234e-38,4.5100399556899998e-02,1.2844798070875322e-07,4.5100271108919288e-02,4.5100271108919288e-02
1528,-5.7499999999999996e-01,9.2500000000000004e-01,2.3281566864710561e-34,6.9744247248700000e-02,8.6729859705578023e-07,6.9743379950102949e-02,6.9743379950102949e-02
1529,-5.2499999999999991e-01,9.2500000000000004e-01,1.4744106208698730e-30,1.0387481010900000e-01,4.9944755676052908e-06,1.0386981563343239e-01,1.0386981563343239e-01
1530,-4.7499999999999998e-01,9.2500000000000004e-01,4.2133169284550584e-27,1.4872485212299999e-01,2.4529631752680509e-05,1.4870032249124732e-01,1.4870032249124732e-01
1531,-4.2499999999999993e-01,9.2500000000000004e-01,5.4328690611921657e-24,2.0429813912799999e-01,1.0274768614617315e-04,2.0419539144185381e-01,2.0419539144185381e-01
1532,-3.7500000000000000e-01,9.2500000000000004e-01,3.1610675768758394e-21,2.6868512756800000e-01,3.6705653356374689e-04,2.6831807103443628e-01,2.6831807103443628e-01
1533,-3.2499999999999996e-01,9.2500000000000004e-01,8.2992291214477789e-19,3.3760367225400001e-01,1.1183397296645858e-03,3.3648533252433543e-01,3.3648533252433543e-01
1534,-2.7499999999999991e-01,9.2500000000000004e-01,9.8319839547815690e-17,4.0450481933999999e-01,2.9059921383033471e-03,4.0159882720169665e-01,4.0159882720169665e-01
1535,-2.2499999999999998e-01,9.2500000000000004e-01,5.2558625597673110e-15,4.6155216422700002e-01,6.4401354678230178e-03,4.5511202875917700e-01,4.5511202875917700e-01
1536,-1.7499999999999993e-01,9.2500000000000004e-01,1.2677869323648532e-13,5.0155747074799995e-01,1.2172378745025808e-02,4.8938509200297414e-01,4.8938509200297414e-01
1537,-1.2500000000000000e-01,9.2500000000000004e-01,1.3799011426847651e-12,5.2052168722299996e-01,1.9621662331308638e-02,5.0090002489169128e-01,5.0090002489169128e-01
1538,-7.4999999999999956e-02,9.2500000000000004e-01,6.7771813931186825e-12,5.1990503282699996e-01,2.6975905079146073e-02,4.9292912774785391e-01,4.9292912774785391e-01
1539,-2.4999999999999911e-02,9.2500000000000004e-01,1.5019299497202498e-11,5.0740062738600000e-01,3.1629777606224194e-02,4.7577084977977580e-01,4.7577084977977580e-01
1540,2.5000000000000133e-02,9.2500000000000004e-01,1.5019299497202446e-11,4.9515500309799998e-01,3.1629777606224221e-02,4.6352522549177577e-01,4.6352522549177577e-01
1541,7.4999999999999956e-02,9.2500000000000004e-01,6.7771813931186825e-12,4.8367764581099998e-01,2.6975905079146118e-02,4.5670174073185388e-01,4.5670174073185388e-01
1542,1.2500000000000000e-01,9.2500000000000004e-01,1.3799011426847651e-12,4.6424474549900002e-01,1.9621662331308673e-02,4.4462308316769134e-01,4.4462308316769134e-01
1543,1.7500000000000004e-01,9.2500000000000004e-01,1.2677869323648441e-13,4.3718433273800000e-01,1.2172378745025820e-02,4.2501195399297420e-01,4.2501195399297420e-01
1544,2.2500000000000009e-01,9.2500000000000004e-01,5.2558625597672739e-15,4.0348958180799999e-01,6.4401354678230291e-03,3.9704944634017697e-01,3.9704944634017697e-01
1545,2.7500000000000013e-01,9.2500000000000004e-01,9.8319839547813606e-17,3.6455010691700002e-01,2.9059921383033471e-03,3.6164411477869668e-01,3.6164411477869668e-01
1546,3.2500000000000018e-01,9.2500000000000004e-01,8.2992291214475420e-19,3.2201290705300001e-01,1.1183397296645858e-03,3.2089456732333543e-01,3.2089456732333543e-01
1547,3.7500000000000000e-01,9.2500000000000004e-01,3.1610675768758394e-21,2.7763532319400003e-01,3.6705653356374889e-04,2.7726826666043630e-01,2.7726826666043630e-01
1548,4.2500000000000004e-01,9.2500000000000004e-01,5.4328690611920489e-24,2.3314640928700001e-01,1.0274768614617351e-04,2.3304366160085382e-01,2.3304366160085382e-01
1549,4.7500000000000009e-01,9.2500000000000004e-01,4.2133169284549981e-27,1.9013332115600001e-01,2.4529631752680593e-05,1.9010879152424734e-01,1.9010879152424734e-01
1550,5.2500000000000013e-01,9.2500000000000004e-01,1.4744106208698311e-30,1.4996267281799999e-01,4.9944755676052908e-06,1.4995767834243240e-01,1.4995767834243240e-01
1551,5.7500000000000018e-01,9.2500000000000004e-01,2.3281566864709569e-34,1.1373746383800000e-01,8.6729859705578023e-07,1.1373659653940295e-01,1.1373659653940295e-01
1552,6.2500000000000000e-01,9.2500000000000004e-01,1.6588434111348234e-38,8.2280496200399997e-02,1.2844798070875460e-07,8.2280367752419287e-02,8.2280367752419287e-02
1553,6.7500000000000004e-01,9.2500000000000004e-01,5.3333245316193567e-43,5.6128132519300003e-02,1.6224293906639974e-08,5.6128116295006095e-02,5.6128116295006095e-02
1554,7.2500000000000009e-01,9.2500000000000004e-01,7.7373111591444246e-48,3.5517208173399997e-02,1.7477697376191601e-09,3.5517206425630263e-02,3.5517206425630263e-02
1555,7.7500000000000013e-01,9.2500000000000004e-01,5.0650244496441498e-53,2.0356221689400000e-02,1.6057669390904316e-10,2.0356221528823305e-02,2.0356221528823305e-02
1556,8.2500000000000018e-01,9.2500000000000004e-01,1.4961407846085724e-58,1.0191029140400000e-02,1.2582319102326521e-11,1.0191029127817681e-02,1.0191029127817681e-02
1557,8.7500000000000000e-01,9.2500000000000004e-01,1.9941728994524567e-64,4.2007497411199997e-03,8.4085045749822853e-13,4.2007497402791489e-03,4.2007497402791489e-03
1558,9.2500000000000004e-01,9.2500000000000004e-01,1.1993683669351275e-70,1.2761854286099999e-03,4.7924404031072456e-14,1.2761854285620756e-03,1.2761854285620756e-03
1559,9.7500000000000009e-01,9.2500000000000004e-01,3.2549311213410282e-77,2.1491355389000001e-04,2.3295635551803491e-15,2.1491355388767044e-04,2.1491355388767044e-04
1560,-9.7499999999999998e-01,9.7500000000000009e-01,2.5242751555459174e-80,2.9018819063200002e-04,5.5615204873562380e-16,2.9018819063144388e-04,2.9018819063144388e-04
1561,-9.2500000000000004e-01,9.7500000000000009e-01,9.3013819897810745e-74,3.1464393147500003e-04,1.1441308577756797e-14,3.1464393146355871e-04,3.1464393146355871e-04
1562,-8.7500000000000000e-01,9.7500000000000009e-01,1.5465276893100173e-67,6.2227435102799999e-04,2.0074176709109625e-13,6.2227435082725822e-04,6.2227435082725822e-04
1563,-8.2499999999999996e-01,9.7500000000000009e-01,1.1602921447476361e-61,1.2057855699900001e-03,3.0038598994404887e-12,1.2057855669861401e-03,1.2057855669861401e-03
1564,-7.7500000000000002e-01,9.7500000000000009e-01,3.9280448353088119e-56,2.2778857787300001e-03,3.8335531605530051e-11,2.2778857403944683e-03,2.2778857403944683e-03
1565,-7.2499999999999998e-01,9.7500000000000009e-01,6.0004656324986127e-51,4.1925109631900000e-03,4.1725657929936342e-10,4.1925105459334209e-03,4.1925105459334209e-03
1566,-6.7500000000000004e-01,9.7500000000000009e-01,4.1361178193176816e-46,7.5126406926800003e-03,3.8733325284907591e-09,7.5126368193474714e-03,7.5126368193474714e-03
1567,-6.2500000000000000e-01,9.7500000000000009e-01,1.2864718341392988e-41,1.3096614085900000e-02,3.0665232321423862e-08,1.3096583420667678e-02,1.3096583420667678e-02
1568,-5.7499999999999996e-01,9.7500000000000009e-01,1.8055399216729704e-37,2.2193089265000000e-02,2.0705590562038300e-07,2.2192882209094381e-02,2.2192882209094381e-02
1569,-5.2499999999999991e-01,9.7500000000000009e-01,1.1434398949128971e-33,3.6524256882100002e-02,1.1923640430873174e-06,3.6523064518056918e-02,3.6523064518056918e-02
1570,-4.7499999999999998e-01,9.7500000000000009e-01,3.2675257473830800e-30,5.8321120263900003e-02,5.8561205268029405e-06,5.8315264143373201e-02,5.8315264143373201e-02
1571,-4.2499999999999993e-01,9.7500000000000009e-01,4.2133169284550584e-27,9.0257798052299998e-02,2.4529631752680509e-05,9.0233268420547311e-02,9.0233268420547311e-02
1572,-3.7500000000000000e-01,9.7500000000000009e-01,2.4514817831297042e-24,1.3522048939799999e-01,8.7629823487460145e-05,1.3513285957451254e-01,1.3513285957451254e-01
1573,-3.2499999999999996e-01,9.7500000000000009e-01,6.4362461448408805e-22,1.9585140807599999e-01,2.6698860842508891e-04,1.9558441946757490e-01,1.9558441946757490e-01
1574,-2.7499999999999991e-01,9.7500000000000009e-01,7.6249333400812365e-20,2.7384109782900001e-01,6.9376664042201063e-04,2.7314733118857798e-01,2.7314733118857798e-01
1575,-2.2499999999999998e-01,9.7500000000000009e-01,4.0760442497838491e-18,3.6901360479599998e-01,1.5374959513768023e-03,3.6747610884462317e-01,3.6747610884462317e-01
1576,-1.7499999999999993e-01,9.7500000000000009e-01,9.8319839547814987e-17,4.7835647788899999e-01,2.9059921383033419e-03,4.7545048575069665e-01,4.7545048575069665e-01
1577,-1.2500000000000000e-01,9.7500000000000009e-01,1.0701455858007461e-15,5.9526983302500003e-01,4.6844086656872121e-03,5.9058542435931283e-01,5.9058542435931283e-01
1578,-7.4999999999999956e-02,9.7500000000000009e-01,5.2558625597672739e-15,7.0939897809300001e-01,6.4401354678230126e-03,7.0295884262517705e-01,7.0295884262517705e-01
1579,-2.4999999999999911e-02,9.7500000000000009e-01,1.1647817775901662e-14,8.0740782519999998e-01,7.5511851040234489e-03,7.9985664009597657e-01,7.9985664009597657e-01
1580,2.5000000000000133e-02,9.7500000000000009e-01,1.1647817775901662e-14,8.7488481408999996e-01,7.5511851040234558e-03,8.6733362898597655e-01,8.6733362898597655e-01
1581,7.4999999999999956e-02,9.7500000000000009e-01,5.2558625597672739e-15,9.0877378833800004e-01,6.4401354678230239e-03,9.0233365287017697e-01,9.0233365287017697e-01
1582,1.2500000000000000e-01,9.7500000000000009e-01,1.0701455858007461e-15,9.1487616744500000e-01,4.6844086656872208e-03,9.1019175877931280e-01,9.1019175877931280e-01
1583,1.7500000000000004e-01,9.7500000000000009e-01,9.8319839547813606e-17,8.9378589143900000e-01,2.9059921383033471e-03,8.9087989930069666e-01,8.9087989930069666e-01
1584,2.2500000000000009e-01,9.7500000000000009e-01,4.0760442497838198e-18,8.4767937748800004e-01,1.5374959513768051e-03,8.4614188153662329e-01,8.4614188153662329e-01
1585,2.7500000000000013e-01,9.7500000000000009e-01,7.6249333400811282e-20,7.8026001710799997e-01,6.9376664042201063e-04,7.7956625046757799e-01,7.7956625046757799e-01
1586,3.2500000000000018e-01,9.7500000000000009e-01,6.4362461448406981e-22,6.9642902689700004e-01,2.6698860842508891e-04,6.9616203828857492e-01,6.9616203828857492e-01
1587,3.7500000000000000e-01,9.7500000000000009e-01,2.4514817831297042e-24,6.0184425619000004e-01,8.7629823487460782e-05,6.0175662636651261e-01,6.0175662636651261e-01
1588,4.2500000000000004e-01,9.7500000000000009e-01,4.2133169284549981e-27,5.0242641845000002e-01,2.4529631752680593e-05,5.0240188881824732e-01,5.0240188881824732e-01
1589,4.7500000000000009e-01,9.7500000000000009e-01,3.2675257473829875e-30,4.0387117862499999e-01,5.8561205268029617e-06,4.0386532250447321e-01,4.0386532250447321e-01
1590,5.2500000000000013e-01,9.7500000000000009e-01,1.1434398949128484e-33,3.1121651354199997e-01,1.1923640430873174e-06,3.1121532117795686e-01,3.1121532117795686e-01
1591,5.7500000000000018e-01,9.7500000000000009e-01,1.8055399216728679e-37,2.2849946633599999e-01,2.0705590562038300e-07,2.2849925928009437e-01,2.2849925928009437e-01
1592,6.2500000000000000e-01,9.7500000000000009e-01,1.2864718341392988e-41,1.5852017773900001e-01,3.0665232321424080e-08,1.5852014707376769e-01,1.5852014707376769e-01
1593,6.7500000000000004e-01,9.7500000000000009e-01,4.1361178193176816e-46,1.0271945669800001e-01,3.8733325284908146e-09,1.0271945282466748e-01,1.0271945282466748e-01
1594,7.2500000000000009e-01,9.7500000000000009e-01,6.0004656324984429e-51,6.1172752772000002e-02,4.1725657929936492e-10,6.1172752354743426e-02,6.1172752354743426e-02
1595,7.7500000000000013e-01,9.7500000000000009e-01,3.9280448353088119e-56,3.2707522007200000e-02,3.8335531605530180e-11,3.2707521968864471e-02,3.2707521968864471e-02
1596,8.2500000000000018e-01,9.7500000000000009e-01,1.1602921447475701e-61,1.5155697210700000e-02,3.0038598994404887e-12,1.5155697207696141e-02,1.5155697207696141e-02
1597,8.7500000000000000e-01,9.7500000000000009e-01,1.5465276893100173e-67,5.7450834377800004e-03,2.0074176709109910e-13,5.7450834375792582e-03,5.7450834375792582e-03
1598,9.2500000000000004e-01,9.7500000000000009e-01,9.3013819897810745e-74,1.5986339764800001e-03,1.1441308577756962e-14,1.5986339764685587e-03,1.5986339764685587e-03
1599,9.7500000000000009e-01,9.7500000000000009e-01,2.5242751555458455e-80,2.4676903927399999e-04,5.5615204873562784e-16,2.4676903927344385e-04,2.4676903927344385e-04
