/*--------------------------------*- C++ -*----------------------------------*\
  =========                 |
  \\      /  F ield         | OpenFOAM: The Open Source CFD Toolbox
   \\    /    O peration     |
    \\  /    A nd           |
     \\/     M anipulation  |
\*---------------------------------------------------------------------------*/
FoamFile
{
    format      ascii;
    class       volScalarField;
    location    "0";
    object      phi;
}

// 第三题第二个算例的未知量：phi(x,y,tau)。
//
// OpenFOAM 计算时间记为 tau，范围是 0 <= tau <= 2*pi。
//
// 对应控制方程：
//
//     d(phi)/dt + div(U phi) - div(epsilon grad(phi)) = 0
//
// 对应旋转尖峰解析初值：
//
//     phi(x,y,0) = 1/(4*pi*epsilon*t0)
//                  * exp(-((x-x0)^2+(y-y0)^2)/(4*epsilon*t0))
//
// 其中：
//
//     epsilon = 0.001
//     t0 = 1.570796326794897
//     (x0,y0) = (0,0.5)
//
// internalField 的每个数都是单元中心值，不是网格顶点值。
// 对四边形网格，单元中心来自 blockMesh 的 N x N 规则网格；
// 对三角形网格，单元中心来自 gmshToFoam 后写出的 constant/C。
//
// 边界说明：
// 原题说初始和边界条件由解析函数给出。
// 本案例使用 codedFixedValue 在 xMin/xMax/yMin/yMax 上按当前时间 tau
// 和边界面中心坐标计算解析 Dirichlet 值。
dimensions      [0 0 0 0 0 0 0];

internalField   nonuniform List<scalar>
12800
(
    8.6041095040960772e-221
    6.1081629340911977e-218
    1.5286786358949444e-214
    5.3891105809661968e-214
    1.1811976747318507e-210
    7.3439070756866538e-208
    1.4097190443128556e-204
    4.3524457931244063e-204
    7.3170946041034083e-201
    3.9842186582217903e-198
    5.8660852411809606e-195
    1.5861676167182420e-194
    2.0452866751479181e-191
    9.7534573485520101e-189
    1.1014470001783805e-185
    2.6083401072678575e-185
    2.5796996220467243e-182
    1.0773912536862367e-179
    9.3320760994137754e-177
    1.9354358978104204e-176
    1.4681942650957395e-173
    5.3701662926860175e-171
    3.5677332105212070e-168
    6.4802654584884946e-168
    3.7704860548280865e-165
    1.2078178826089285e-162
    6.1546860246612264e-160
    9.7905307082642988e-160
    4.3692871413464423e-157
    1.2257858635254845e-154
    4.7909194226122287e-152
    6.6745056218500363e-152
    2.2846688830202021e-149
    5.6134155568149864e-147
    1.6827951935544048e-144
    2.0532007049572086e-144
    5.3905785530097668e-142
    1.1599498458484660e-139
    2.6671232868767032e-137
    2.8499887024852254e-137
    5.7391413816976726e-135
    1.0815601102381438e-132
    1.9074552233303537e-130
    1.7850661082072091e-130
    2.7571341678791350e-128
    4.5505254066584408e-126
    6.1555242236867581e-124
    5.0450433539321112e-124
    5.9767943004723106e-122
    8.6391667726558372e-120
    8.9634493717230217e-118
    6.4339092824994691e-118
    5.8462603321993330e-116
    7.4008500400073646e-114
    5.8895854489382939e-112
    3.7024090249512574e-112
    2.5804023211960811e-110
    2.8608216470286850e-108
    1.7461989256086956e-106
    9.6137603259201983e-107
    5.1392072220002393e-105
    4.9899867720645565e-103
    2.3361576054407479e-101
    1.1264232811820826e-101
    4.6185353025560710e-100
    3.9274208160825913e-98
    1.4102950857638574e-96
    5.9553786190061635e-97
    1.8728881322987338e-95
    1.3948095529192966e-93
    3.8416454325821609e-92
    1.4207464155775686e-92
    3.4270373690596475e-91
    2.2352279580763532e-89
    4.7219784132341999e-88
    1.5294074202425103e-88
    2.8296014849476976e-87
    1.6163230298429655e-85
    2.6189677351859032e-84
    7.4289810244082410e-85
    1.0542197341019888e-83
    5.2739248023161582e-82
    6.5544420952087624e-81
    1.6283011792093785e-81
    1.7722967483048089e-80
    7.7649584758527606e-79
    7.4018579505949361e-78
    1.6104218633458341e-78
    1.3444392162204113e-77
    5.1587415952145592e-76
    3.7717699292155641e-75
    7.1869398612176750e-76
    4.6019864496904357e-75
    1.5464925894242116e-73
    8.6725951518637747e-73
    1.4472641215642509e-73
    7.1080247507383410e-73
    2.0919502132241325e-71
    8.9981325276338801e-71
    1.3150764879636151e-71
    4.9539538833870885e-71
    1.2768923288373343e-69
    4.2126475885222560e-69
    5.3920469206315246e-70
    1.5579532434389705e-69
    3.5168726599756745e-68
    8.8993298886190593e-68
    9.9759840120939922e-69
    2.2108349026967467e-68
    4.3707749102307783e-67
    8.4831845393129666e-67
    8.3283172137610888e-68
    1.4156556838749322e-67
    2.4510923333205168e-66
    3.6488831455844863e-66
    3.1373155692889519e-67
    4.0903304381593450e-67
    6.2024080401063565e-66
    7.0820734815104560e-66
    5.3328403609898763e-67
    5.3328403609474374e-67
    7.0820734813975353e-66
    6.2024080399089201e-66
    4.0903304379965893e-67
    3.1373155691141834e-67
    3.6488831453521811e-66
    2.4510923331905231e-66
    1.4156556837510072e-67
    8.3283172131866065e-68
    8.4831845383678296e-67
    4.3707749098598425e-67
    2.2108349023976485e-68
    9.9759840110885795e-69
    8.8993298872026277e-68
    3.5168726593599484e-68
    1.5579532431538092e-69
    5.3920469195589190e-70
    4.2126475879412028e-69
    1.2768923285528094e-69
    4.9539538826250794e-71
    1.3150764876392223e-71
    8.9981325261063295e-71
    2.0919502126581034e-71
    7.1080247487587269e-73
    1.4472641211381058e-73
    8.6725951492413668e-73
    1.5464925889319711e-73
    4.6019864481890258e-75
    7.1869398587585272e-76
    3.7717699278948589e-75
    5.1587415933262365e-76
    1.3444392157175894e-77
    1.6104218626759763e-78
    7.4018579478459866e-78
    7.7649584724253912e-79
    1.7722967475822270e-80
    1.6283011786630074e-81
    6.5544420922879460e-81
    5.2739248004499788e-82
    1.0542197336004129e-83
    2.6761676095063387e-216
    1.0772445451503410e-215
    2.6959999914455461e-212
    1.6761947501905477e-209
    3.6739222763686772e-206
    1.2951821886119195e-205
    2.4862011165498191e-202
    1.3537571143354124e-199
    2.2758626637508680e-196
    7.0266262746549662e-196
    1.0345513693126974e-192
    4.9335150803092136e-190
    6.3615298591679236e-187
    1.7201339974811951e-186
    1.9425280325972585e-183
    8.1128155171937979e-181
    8.0237339697857214e-178
    1.9001029663903908e-177
    1.6458185843265587e-174
    6.0198569736131114e-172
    4.5665782552417519e-169
    9.4709037852594362e-169
    6.2921064500999791e-166
    2.0155806376888468e-163
    1.1727480510589938e-160
    2.1301252759869534e-160
    1.0854494254197236e-157
    3.0451845305851537e-155
    1.3589953403937973e-152
    2.1618138698220882e-152
    8.4493355366456390e-150
    2.0759958652500384e-147
    7.1060890848432775e-145
    9.8999017437649834e-145
    2.9678022046999032e-142
    6.3861451551795515e-140
    1.6766513388975087e-137
    2.0457045065286588e-137
    4.7037776219027099e-135
    8.8644239702196412e-133
    1.7850661087896427e-130
    1.9074552227536344e-130
    3.3640159187354562e-128
    5.5521563240652202e-126
    8.5756151192965345e-124
    8.0253731355648436e-124
    1.0855972514253076e-121
    1.5691782637030438e-119
    1.8589841642521577e-117
    1.5236160824304723e-117
    1.5808070357010735e-115
    2.0011623069337197e-113
    1.8183837072651597e-111
    1.3052247330497593e-111
    1.0386959003099298e-109
    1.1515738037737666e-107
    8.0259196006192690e-106
    5.0453868817241677e-106
    3.0796219545169743e-104
    2.9902029928299534e-102
    1.5984663955648924e-100
    8.8004136244908140e-101
    4.1200817074257739e-99
    3.5035554792256618e-97
    1.4365199061514633e-95
    6.9264567698771616e-96
    2.4872170316744943e-94
    1.8523231666151652e-92
    5.8253123736982414e-91
    2.4599065195523561e-91
    6.7751820495055330e-90
    4.4189994756354197e-88
    1.0659239517008217e-86
    3.9420807056759616e-87
    8.3277501644434650e-86
    4.7569717677004698e-84
    8.8010128626241663e-83
    2.8505709259673139e-83
    4.6188497869098172e-82
    2.3106631057409432e-80
    3.2789781491312506e-79
    9.3011708857983597e-80
    1.1559509904450820e-78
    5.0645646387730123e-77
    5.5124393174239271e-76
    1.3694394291195905e-76
    1.3054024896345422e-75
    5.0089539495274407e-74
    4.1816584060051962e-73
    9.0980320977833277e-74
    6.6519485901927493e-73
    2.2353801586212297e-71
    1.4313726563086632e-70
    2.7274169403284362e-71
    1.5295115602597844e-70
    4.5014784652462317e-69
    2.2108349033300676e-68
    3.6893939802165451e-69
    1.5869238077840579e-68
    4.0903304397000622e-67
    1.5408463729334501e-66
    2.2519459792194142e-67
    7.4294868757484003e-67
    1.6771080506428836e-65
    4.8457588844398784e-65
    6.2024080392180666e-66
    1.5694988299185961e-65
    3.1028667491283614e-64
    6.8764405587196306e-64
    7.7083625321248069e-65
    1.4961068277132115e-64
    2.5903869259859004e-63
    4.4031655868583113e-63
    4.3227822738526927e-64
    6.4352236619842898e-64
    9.7581072199674312e-63
    1.2722304179844244e-62
    1.0938657498328994e-63
    1.2490048331440136e-63
    1.6586928181184889e-62
    1.6586928181053362e-62
    1.2490048331241339e-63
    1.0938657497980790e-63
    1.2722304179338017e-62
    9.7581072194238405e-63
    6.4352236615745926e-64
    4.3227822736234341e-64
    4.4031655864728639e-63
    2.5903869258072170e-63
    1.4961068275465253e-64
    7.7083625314703996e-65
    6.8764405577893358e-64
    3.1028667488156437e-64
    1.5694988296687924e-65
    6.2024080384940717e-66
    4.8457588838486255e-65
    1.6771080503092673e-65
    7.4294868747236472e-67
    2.2519459787176214e-67
    1.5408463726963962e-66
    4.0903304386909756e-67
    1.5869238075146572e-68
    3.6893939792183940e-69
    2.2108349029195622e-68
    4.5014784639207763e-69
    1.5295115597972497e-70
    2.7274169394603138e-71
    1.4313726558416332e-70
    2.2353801578563521e-71
    6.6519485878635323e-73
    9.0980320944530553e-74
    4.1816584044411317e-73
    5.0089539475091600e-74
    1.3054024891497331e-75
    1.3694394285151346e-76
    5.5124393152540072e-76
    5.0645646371474572e-77
    1.1559509899471122e-78
    9.3011708825071367e-80
    3.2789781476174047e-79
    4.1334901374486404e-214
    2.5699311900154173e-211
    6.4317192391354876e-208
    2.5889762822568103e-207
    5.6745778706759815e-204
    3.0898546836472218e-201
    5.9312120194406098e-198
    2.0909533695607723e-197
    3.5151968215238656e-194
    1.6763088855244880e-191
    2.4680801071858009e-188
    7.6200892107711950e-188
    9.8257376849450179e-185
    4.1036420489178134e-182
    4.6341969447963584e-179
    1.2530696062585846e-178
    1.2393104644047608e-175
    4.5329854776260361e-173
    3.9263512943890224e-170
    9.2980048562321860e-170
    7.0533348183715455e-167
    2.2594285719226587e-164
    1.5010779766406549e-161
    3.1131767149129141e-161
    1.8113747754605965e-158
    5.0817387840193155e-156
    2.5895051842756255e-153
    4.7034573541556049e-153
    2.0990441018724668e-150
    5.1573367604651647e-148
    2.0157178826978944e-145
    3.2064914035706031e-145
    1.0975750937158015e-142
    2.3617725790756539e-140
    7.0801448828469276e-138
    9.8637573825657916e-138
    2.5896815089813188e-135
    4.8803401624203529e-133
    1.1221579055040804e-130
    1.3691597239615803e-130
    2.7571341679667443e-128
    4.5505254067308672e-126
    8.0253731381195041e-124
    8.5756151167714545e-124
    1.3245515860909955e-121
    1.9145751845835090e-119
    2.5898578457619247e-117
    2.4236833499797722e-117
    2.8713047274445373e-115
    3.6348185847293693e-113
    3.7712563279530004e-111
    3.0909067988722988e-111
    2.8085950571175604e-109
    3.1138127062621903e-107
    2.4779675181073167e-105
    1.7786699690669414e-105
    1.2396480472774305e-103
    1.2036540055146810e-101
    7.3469079535850707e-100
    4.6185353024700916e-100
    2.4689205032003050e-98
    2.0994729160758626e-96
    9.8290834111336944e-95
    5.4114368501959549e-95
    2.2187851176561347e-93
    1.6524119221235794e-91
    5.9336356404465343e-90
    2.8610164450738616e-90
    8.9975198708433306e-89
    5.8684822489550022e-87
    1.6163230299579043e-85
    6.8253911619906611e-86
    1.6463789958352075e-84
    9.4044348681130229e-83
    1.9867118373986001e-81
    7.3474082175256299e-82
    1.3593655246914711e-80
    6.8004717842638815e-79
    1.1018970749163422e-77
    3.5689480451604149e-78
    5.0645646379224497e-77
    2.2189361995307385e-75
    2.7576974222673879e-74
    7.8225025631715371e-75
    8.5142699847788597e-74
    3.2670066593258450e-72
    3.1142367716697415e-71
    7.7366087518176862e-72
    6.4588046421315672e-71
    2.1704743429022167e-69
    1.5869238083734201e-68
    3.4526693344195822e-69
    2.2108349031834091e-68
    6.5066691651066536e-67
    3.6488831460490957e-66
    6.9527845617508221e-67
    3.4147578185986820e-66
    8.8016121385955061e-65
    3.7858488208403699e-64
    6.3177435043111784e-65
    2.3799231644609073e-64
    5.3723606566396080e-63
    1.7724174273543747e-62
    2.5903869257452994e-63
    7.4845448716053178e-63
    1.4796790524198329e-61
    3.7442788780480862e-61
    4.7925507579496004e-62
    1.0621045979800727e-61
    1.8389474692930575e-60
    3.5691910612006058e-60
    4.0009970872915779e-61
    6.8009348376314739e-61
    1.0312656533313416e-59
    1.5352207707177938e-59
    1.5071940864474976e-60
    1.9650308398549217e-60
    2.6095836100317367e-59
    2.9796915589695990e-59
    2.5619435719927100e-60
    2.5619435719723220e-60
    2.9796915589221734e-59
    2.6095836099486676e-59
    1.9650308397767883e-60
    1.5071940863915095e-60
    1.5352207706200544e-59
    1.0312656532766193e-59
    6.8009348370361296e-61
    4.0009970870155908e-61
    3.5691910608029508e-60
    1.8389474691369388e-60
    1.0621045978363834e-61
    4.7925507574665899e-62
    3.7442788774522472e-61
    1.4796790522471130e-61
    7.4845448706920959e-63
    2.5903869252299372e-63
    1.7724174271099042e-62
    5.3723606554426577e-63
    2.3799231640947641e-64
    6.3177435027525895e-65
    3.7858488201976737e-64
    8.8016121362140118e-65
    3.4147578179646331e-66
    6.9527845597037790e-67
    3.6488831453134986e-66
    6.5066691630356138e-67
    2.2108349024621181e-68
    3.4526693332381858e-69
    1.5869238078177950e-68
    2.1704743421077295e-69
    6.4588046397157838e-71
    7.7366087488008274e-72
    3.1142367705545795e-71
    3.2670066579287652e-72
    8.5142699814270563e-74
    7.8225025606609982e-75
    2.7576974211203193e-74
    2.2189361987797493e-75
    5.0645646356160418e-77
    7.5635191025052367e-210
    3.4763620197285220e-209
    8.7002269054346564e-206
    4.7373456608433891e-203
    1.0383423377417487e-199
    4.1796657865561140e-199
    8.0231876539924480e-196
    3.8260562447796804e-193
    6.4321571903085955e-190
    2.2675535297909519e-189
    3.3385874209602749e-186
    1.3943347726005025e-183
    1.7979274706134607e-180
    5.5510223046453557e-180
    6.2687072356784431e-177
    2.2928846056363139e-174
    2.2677079319814829e-171
    6.1317978500516038e-171
    5.3111999904510033e-168
    1.7013621662758449e-165
    1.2906292469841006e-162
    3.0563431822235116e-162
    2.0305175817033229e-159
    5.6965350756227752e-157
    3.3144793529005505e-154
    6.8740998849818404e-154
    3.5028398833422430e-151
    8.6064532303277221e-149
    3.8408607830625559e-146
    6.9763617412632943e-146
    2.7266742063137045e-143
    5.8672836231574388e-141
    2.0083585333718746e-138
    3.1947845617787484e-138
    9.5773563328143334e-136
    1.8048843695349158e-133
    4.7386360945428113e-131
    6.6016667079911832e-131
    1.5179500279343251e-128
    2.5053079565226765e-126
    5.0450433556582249e-124
    6.1555242220212287e-124
    1.0855972514598648e-121
    1.5691782637280191e-119
    2.4236833507319988e-117
    2.5898578450201014e-117
    3.5033169307438198e-115
    4.4348903013494572e-113
    5.2539542709115134e-111
    4.9168418679436917e-111
    5.1014020578436916e-109
    5.6557852678272754e-107
    5.1392072233088353e-105
    4.2120739525778762e-105
    3.3519621836480256e-103
    3.2546356334802562e-101
    2.2683256465838879e-99
    1.6281903125014383e-99
    9.9382084095957967e-98
    8.4510616535517314e-96
    4.5176658883831657e-94
    2.8399701646029237e-94
    1.3295862699285128e-92
    9.9019241946357190e-91
    4.0599645985743592e-89
    2.2352279577086477e-89
    8.0264660989241037e-88
    5.2351286253485317e-86
    1.6463789959849912e-84
    7.9383326981348771e-85
    2.1864102872166073e-83
    1.2489197925744431e-81
    3.0125677270913207e-80
    1.2721437955157015e-80
    2.6874375471445443e-79
    1.3444392166020274e-77
    2.4873863912088608e-76
    9.1990407803416364e-77
    1.4905430754606514e-75
    6.5305119463746163e-74
    9.2672124818413926e-73
    3.0015688964462032e-73
    3.7303545772239592e-72
    1.4313726563940549e-70
    1.5579532441129958e-69
    4.4193003724276302e-70
    4.2126475885111208e-69
    1.4156556845207901e-67
    1.1818412692375848e-66
    2.9360142394213782e-67
    2.1466417760235507e-66
    6.3177435060204212e-65
    4.0454171824998867e-64
    8.8016121371943772e-65
    4.9358670881406800e-64
    1.2722304182408635e-62
    6.2483724746004230e-62
    1.1905995872877573e-62
    5.1211414143791715e-62
    1.1560297014012915e-60
    4.3548172908449341e-60
    7.2672259125210434e-61
    2.3975601563448160e-60
    4.7399268774383087e-59
    1.3695326768397867e-58
    2.0015711228676251e-59
    5.0649094923713388e-59
    8.7694776115591426e-58
    1.9434541152580571e-57
    2.4875557608171948e-58
    4.8280671057774787e-58
    7.3210814351245338e-57
    1.2444447395231392e-56
    1.3949995090742850e-57
    2.0767027531207136e-57
    2.7578851982843544e-56
    3.5956414081889656e-56
    3.5300000956330113e-57
    4.0306474365048769e-57
    4.6878808240895832e-56
    4.6878808240522775e-56
    4.0306474364407248e-57
    3.5300000955206433e-57
    3.5956414080459964e-56
    2.7578851981819066e-56
    2.0767027529885012e-57
    1.3949995090003012e-57
    1.2444447394142021e-56
    7.3210814346195291e-57
    4.8280671052397058e-58
    2.4875557606060117e-58
    1.9434541149951325e-57
    8.7694776106753239e-58
    5.0649094915653436e-59
    2.0015711226339864e-59
    1.3695326766726839e-58
    4.7399268768095855e-59
    2.3975601560141190e-60
    7.2672259130223336e-61
    4.3548172901749603e-60
    1.1560297011160655e-60
    5.1211414150040242e-62
    1.1905995873130010e-62
    6.2483724734402315e-62
    1.2722304178662928e-62
    4.9358670885858070e-64
    8.8016121369609814e-65
    4.0454171816199630e-64
    6.3177435038585057e-65
    2.1466417758982943e-66
    2.9360142392032486e-67
    1.1818412687955746e-66
    1.4156556839687611e-67
    4.2126475882316702e-69
    4.4193003718885374e-70
    1.5579532435215963e-69
    1.4313726559555429e-70
    3.7303545767608509e-72
    3.0015688963060397e-73
    9.2672124777514709e-73
    8.9603982944187874e-208
    4.8790111385848341e-205
    1.2210610902699843e-201
    5.6122690250674050e-201
    1.2301100567119337e-197
    5.8660852386607572e-195
    1.1260398574323455e-191
    4.5326768380499988e-191
    7.6200892119627944e-188
    3.1824703141966649e-185
    4.6856469842791347e-182
    1.6518494564416167e-181
    2.1299802410543835e-178
    7.7907592768524623e-176
    8.7980170804509412e-173
    2.7163492325731842e-172
    2.6865227694391106e-169
    8.6058672371206652e-167
    7.4541730020067795e-164
    2.0155806373038834e-163
    1.5289909295758255e-160
    4.2895223065898322e-158
    2.8497946537213483e-155
    6.7486076896137198e-155
    3.9266186464420973e-152
    9.6476747002298888e-150
    4.9161723406584867e-147
    1.0195948182438609e-146
    4.5502155720485409e-144
    9.7911973635825975e-142
    3.8268378691287571e-139
    6.9508911714391453e-139
    2.3792750607112841e-136
    4.4838222756545727e-134
    1.3441646169418870e-131
    2.1382219840460768e-131
    5.6137977827114607e-129
    9.2653196700236024e-127
    2.1304153750845953e-124
    2.9680042887301987e-124
    5.9767943008524812e-122
    8.6391667729308431e-120
    1.5236160829397247e-117
    1.8589841637638517e-117
    2.8713047275359375e-115
    3.6348185847870148e-113
    4.9168418694302995e-111
    5.2539542694481158e-111
    6.2242882230342748e-109
    6.9006985207415610e-107
    7.1597254049971141e-105
    6.7003319441612922e-105
    6.0883489551623297e-103
    5.9115695144298423e-101
    4.7044182228207332e-99
    3.8557226041909032e-99
    2.6872545667570941e-97
    2.2851356180920573e-95
    1.3948095528157494e-93
    1.0011857887853262e-93
    5.3520173824792305e-92
    3.9858466959446246e-90
    1.8660502518726871e-88
    1.1730675025337930e-88
    4.8097848846444181e-87
    3.1371019600701470e-85
    1.1264999815581248e-83
    6.2019857365783920e-84
    1.9504428221038541e-82
    1.1141306183614092e-80
    3.0685872429893455e-79
    1.4795783053298830e-79
    3.5689480452168125e-78
    1.7854307792481896e-76
    3.7717699295437041e-75
    1.5927388688576502e-75
    2.9467728538588692e-74
    1.2910687146141203e-72
    2.0919502135759379e-71
    7.7366087525587083e-72
    1.0978740684894994e-70
    4.2126475895703780e-69
    5.2354850946783611e-68
    1.6957277335212657e-68
    1.8456860355749672e-67
    6.2024080419490431e-66
    5.9123746019956588e-65
    1.6771080505410211e-65
    1.4001112903359125e-64
    4.1206428156545843e-63
    3.0127728579634461e-62
    7.4845448728761290e-63
    4.7925507585218286e-62
    1.2352903242886131e-60
    6.9274000727534460e-60
    1.5071940867633777e-60
    7.4023619547114558e-60
    1.6709849597478377e-58
    7.1874292344275179e-58
    1.3695326767017606e-58
    5.1590928621027209e-58
    1.0199419962569894e-56
    3.3649322611217886e-56
    5.6153269556655819e-57
    1.6224667501789717e-56
    2.8091688237491672e-55
    7.1085087502143056e-55
    1.0389080948419081e-55
    2.3023836786287660e-55
    3.4912394622348656e-54
    6.7761047496967425e-54
    8.6731856820322245e-55
    1.4742767707963793e-54
    1.9578565484210881e-53
    2.9146147062227544e-53
    3.2672291144979275e-54
    4.2597075111891766e-54
    4.9542912081369275e-53
    5.6569406846417804e-53
    5.5536687035740051e-54
    5.5536687035298864e-54
    5.6569406845517440e-53
    4.9542912080317437e-53
    4.2597075110197418e-54
    3.2672291153039079e-54
    2.9146147060371967e-53
    1.9578565483172254e-53
    1.4742767710857718e-54
    8.6731856838958166e-55
    6.7761047489417950e-54
    3.4912394619385243e-54
    2.3023836789708084e-55
    1.0389080950320949e-55
    7.1085087494601037e-55
    2.8091688234212589e-55
    1.6224667504415407e-56
    5.6153269565146378e-57
    3.3649322606576619e-56
    1.0199419961054956e-56
    5.1590928627732606e-58
    1.3695326767526348e-58
    7.1874292332073585e-58
    1.6709849592957114e-58
    7.4023619554379253e-60
    1.5071940867473996e-60
    6.9274000713567181e-60
    1.2352903238953916e-60
    4.7925507588396120e-62
    7.4845448724394076e-63
    3.0127728572601817e-62
    4.1206428141461339e-63
    1.4001112902096475e-64
    1.6771080503848660e-65
    5.9123745999566644e-65
    6.2024080402380401e-66
    1.8456860353982378e-67
    1.6957277335077709e-68
    5.2354850925784747e-68
    4.2126475882093998e-69
    1.0978740683251508e-70
    9.6457041792498306e-204
    5.0621513018672098e-203
    1.2668952400798297e-199
    6.0415045192670618e-197
    1.3241908813756038e-193
    6.0862765392989638e-193
    1.1683072590625124e-189
    4.8793433599040391e-187
    8.2028860707980266e-184
    3.3019285643273143e-183
    4.8615289672076172e-180
    1.7781855986707635e-177
    2.2928846059952579e-174
    8.0831957738242762e-174
    9.1282623368984889e-171
    2.9241000549331901e-168
    2.8919924152219903e-165
    8.9288998939896143e-165
    7.7339752861057722e-162
    2.1697355338507392e-159
    1.6459306511666734e-156
    4.4505352236166312e-156
    2.9567654810835411e-153
    7.2647522193711462e-151
    4.2269328487212580e-148
    1.0009812983931269e-147
    5.1007073990173910e-145
    1.0975750935061715e-142
    4.8982234849015368e-140
    1.0158722961077126e-139
    3.9704833112681858e-137
    7.4825066720102128e-135
    2.5612459003058587e-132
    4.6521285000854162e-132
    1.3946196211286873e-129
    2.3017566909412615e-127
    6.0431501987909946e-125
    9.6131057498317854e-125
    2.2103833444222531e-122
    3.1950021004836265e-120
    6.4339092830458634e-118
    8.9634493695835773e-118
    1.5808070358017150e-115
    2.0011623064507247e-113
    3.0909067990364006e-111
    3.7712563269928319e-111
    5.1014020580060814e-109
    5.6557852679174548e-107
    6.7003319461341973e-105
    7.1597254030604835e-105
    7.4284752053748160e-103
    7.2127842680908553e-101
    6.5539958211639969e-99
    6.1334681260460191e-99
    4.8810048077465842e-97
    4.1506145625913734e-95
    2.8927801823834973e-93
    2.3709112179173782e-93
    1.4471655815291159e-91
    1.0777581121304967e-89
    5.7613484078999729e-88
    4.1354607444281669e-88
    1.9360949259792004e-86
    1.2627856199061735e-84
    5.1776450835538369e-83
    3.2548572478559399e-83
    1.1687846542297790e-81
    6.6763237291099998e-80
    2.0996158728136525e-78
    1.1559509905603671e-78
    3.1837707398898501e-77
    1.5927388692125995e-75
    3.8419070171773113e-74
    1.8524492943963589e-74
    3.9133483223305571e-73
    1.7145541373186217e-71
    3.1721468516356437e-70
    1.3395306932095561e-70
    2.1704743427144366e-69
    8.3283172181709034e-68
    1.1818412692724848e-66
    4.3707749106946337e-67
    5.4320059798356309e-66
    1.8254197584625127e-64
    1.9868471162304412e-63
    6.4352236638072541e-64
    6.1343034335610879e-63
    1.8053760117385058e-61
    1.5071940870112758e-60
    4.2753166154851174e-61
    3.1258612878068471e-60
    8.0569750816517201e-59
    5.1590928633342677e-58
    1.2816585869358600e-58
    7.1874292332837602e-58
    1.6224667506868634e-56
    7.9685066797600031e-56
    1.7337075990899751e-56
    7.4572189348302124e-56
    1.4742767711600840e-54
    5.5536687052977485e-54
    1.0582268734534792e-54
    3.4912394617903787e-54
    6.0447963270397004e-53
    1.7465556555581813e-52
    2.9146147058052906e-53
    7.3753360654447351e-53
    1.1183654817278249e-51
    2.4784737405128872e-51
    3.6222877714188343e-52
    7.0304548393730401e-52
    9.3365250800908159e-51
    1.5870318646643445e-50
    2.0313472937768938e-51
    3.0240186394976624e-51
    3.5171121302184330e-50
    4.5854968946946629e-50
    5.1402571087875949e-51
    5.8692814666327558e-51
    5.9784223511844204e-50
    5.9784223511368428e-50
    5.8692814665393384e-51
    5.1402571086785348e-51
    4.5854968945122692e-50
    3.5171121300877825e-50
    3.0240186401393486e-51
    2.0313472942295024e-51
    1.5870318645254175e-50
    9.3365250794469191e-51
    7.0304548405291849e-52
    3.6222877721105656e-52
    2.4784737401776162e-51
    1.1183654816151120e-51
    7.3753360666967934e-53
    2.9146147062691023e-53
    1.7465556553450763e-52
    6.0447963262380659e-53
    3.4912394622718771e-54
    1.0582268735882222e-54
    5.5536687044432552e-54
    1.4742767709176422e-54
    7.4572189356214098e-56
    1.7337075990990910e-56
    7.9685066782804183e-56
    1.6224667502091758e-56
    7.1874292338173363e-58
    1.2816585868814380e-58
    5.1590928622122535e-58
    8.0569750788948724e-59
    3.1258612879394887e-60
    4.2753166150995601e-61
    1.5071940866354665e-60
    1.8053760110814575e-61
    6.1343034332193676e-63
    6.4352236638959597e-64
    1.9868471155041856e-63
    1.8254197579565122e-64
    5.4320059791557119e-66
    4.3707749105553778e-67
    1.1818412687767980e-66
    8.7647020254483167e-202
    4.1796657862460634e-199
    1.0460372229029951e-195
    5.4896963366020805e-195
    1.2032442924218858e-191
    5.0252551336345204e-189
    9.6463609784348437e-186
    4.4336825839430122e-185
    7.4536654683963865e-182
    2.7263029147030166e-179
    4.0140179701042954e-176
    1.6157728485826202e-175
    2.0834611944161560e-172
    6.6740511700865683e-170
    7.5369311390084862e-167
    2.6570238105808968e-166
    2.6278487612966831e-163
    7.3723235775190712e-161
    6.3857103368454122e-158
    1.9715600929520572e-157
    1.4955975679889801e-154
    3.6746728209749638e-152
    2.4413121580701305e-149
    6.6012172163101571e-149
    3.8408607823905426e-146
    8.2648009434707690e-144
    4.2115003938071516e-141
    9.9732673388744528e-141
    4.4508382697007333e-138
    8.3877514243217277e-136
    3.2783084229126598e-133
    6.7990828004740780e-133
    2.3273113826540590e-130
    3.8411223145100688e-128
    1.1514953954673916e-125
    2.0915229366644274e-125
    5.4911917059795360e-123
    7.9372517347158294e-121
    1.8250469194317877e-118
    2.9031826874455062e-118
    5.8462603327573004e-116
    7.4008500383978068e-114
    1.3052247331605302e-111
    1.8183837068455057e-111
    2.8085950572964489e-109
    3.1138127055353411e-107
    4.2120739528013821e-105
    5.1392072220409905e-105
    6.0883489553563088e-103
    5.9115695129561661e-101
    6.1334681261760633e-99
    6.5539958194428086e-99
    5.9553786188482427e-97
    5.0642198060753785e-95
    4.0300985858182553e-93
    3.7715131189612950e-93
    2.6285645760658190e-91
    1.9575899477224642e-89
    1.1948810118582748e-87
    9.7931976040419021e-88
    5.2351286238766882e-86
    3.4145253181240680e-84
    1.5985752381999660e-82
    1.1474475550768415e-82
    4.7047385546097197e-81
    2.6874375478602397e-79
    9.6503026890320252e-78
    6.0665335581171363e-78
    1.9078448961428311e-76
    9.5443389954030421e-75
    2.6287435603496721e-73
    1.4472641219098153e-73
    3.4910017537420283e-72
    1.5295115607466198e-70
    3.2311337850608508e-69
    1.5579532439237443e-69
    2.8824149498348469e-68
    1.1060101280180530e-66
    1.7920952597920392e-65
    7.5676402068487379e-66
    1.0738963554286799e-64
    3.6088171350073249e-63
    4.4850436497057584e-62
    1.6586928183363365e-62
    1.8053760114621916e-61
    5.3133702604463354e-60
    5.0649094943194603e-59
    1.6404797916669254e-59
    1.3695326767308758e-58
    3.5300000972435870e-57
    2.5809294708050716e-56
    7.3210814353769325e-57
    4.6878808240524106e-56
    1.0582268738015557e-54
    5.9344437323138024e-54
    1.4742767710701427e-54
    7.2406934028782034e-54
    1.4314701209872944e-52
    6.1572009590523401e-52
    1.3396219040726092e-52
    5.0464176002210609e-52
    8.7374604085847081e-51
    2.8826112187769000e-50
    5.4926874815968637e-51
    1.5870318644622689e-50
    2.4065095337396023e-49
    6.0895927412548498e-49
    1.0162182063700222e-49
    2.2520993183981400e-49
    2.9908138590343542e-48
    5.8048347055198037e-48
    8.4837621762987052e-49
    1.4420783739691957e-48
    1.6772222479607590e-47
    2.4968410650171011e-47
    3.1958724047960546e-48
    4.1666749439467896e-48
    4.2441553973220310e-47
    4.8460888410476805e-47
    5.4323758552387558e-48
    5.4323758552099598e-48
    4.8460888409705492e-47
    4.2441553972319835e-47
    4.1666749437810550e-48
    3.1958724046773366e-48
    2.4968410648581410e-47
    1.6772222478717840e-47
    1.4420783738429578e-48
    8.4837621757136202e-49
    5.8048347048730695e-48
    2.9908138587804899e-48
    2.2520993186968034e-49
    1.0162182065398522e-49
    6.0895927406086681e-49
    2.4065095334586953e-49
    1.5870318646937986e-50
    5.4926874823398765e-51
    2.8826112183792992e-50
    8.7374604072869168e-51
    5.0464176007966369e-52
    1.3396219042112000e-52
    6.1572009580071630e-52
    1.4314701207290882e-52
    7.2406934034734603e-54
    1.4742767710310483e-54
    5.9344437311173620e-54
    1.0582268734647276e-54
    4.6878808242887738e-56
    7.3210814348334333e-57
    2.5809294702026118e-56
    3.5300000959514548e-57
    1.3695326767562547e-58
    1.6404797915094253e-59
    5.0649094926400997e-59
    5.3133702591270682e-60
    1.8053760113112836e-61
    1.6586928183209205e-62
    4.4850436479736608e-62
    3.6088171339524051e-63
    1.0738963552743912e-64
    5.5506443484285267e-198
    3.3261718131414021e-197
    8.3243486543012808e-194
    3.4765987316941602e-191
    7.6200892079613378e-188
    3.9990905575138231e-187
    7.6765597123678717e-184
    2.8078302155439979e-181
    4.7203710961434252e-178
    2.1695878026446026e-177
    3.1943495275482589e-174
    1.0232613047529321e-171
    1.3194461226838240e-168
    5.3111999898311889e-168
    5.9978785850901319e-165
    1.6826806153842415e-162
    1.6642041946283661e-159
    5.8668841326015247e-159
    5.0817387838035339e-156
    1.2485796842559284e-153
    9.4715486780708074e-151
    2.9242991628337952e-150
    1.9427925825967526e-147
    4.1805196489370709e-145
    2.4323989718050412e-142
    6.5771162923743196e-142
    3.3515057464672069e-139
    6.3160230466661937e-137
    2.8186948302126125e-134
    6.6749600996711615e-134
    2.6088729646659850e-131
    4.3058269877715334e-129
    1.4738752938383098e-126
    3.0567594221038095e-126
    9.1635832222985412e-124
    1.3245515859294188e-121
    3.4775457420501794e-119
    6.3164531194568430e-119
    1.4523696227221575e-116
    1.8385718681294827e-114
    3.7024090232619141e-112
    5.8895854477196802e-112
    1.0386959004090634e-109
    1.1515738032361814e-107
    1.7786699692178924e-105
    2.4779675175550905e-105
    3.3519621838613312e-103
    3.2546356327463430e-101
    3.8557226043956091e-99
    4.7044182216977227e-99
    4.8810048079018199e-97
    4.1506145615893570e-95
    3.7715131190412612e-93
    4.0300985847919566e-93
    3.2071464567540264e-91
    2.3884814250835387e-89
    1.6646575171650750e-87
    1.5578471669919474e-87
    9.5088453094153420e-86
    6.2019857366607109e-84
    3.3153822038131916e-82
    2.7172741664569220e-82
    1.2721437954616838e-80
    7.2667311089600533e-79
    2.9794886808334421e-77
    2.1386588009776261e-77
    7.6796965177587484e-76
    3.8419070174677663e-74
    1.2082291517078029e-72
    7.5953707680704788e-73
    2.0919502130687120e-71
    9.1654552518787336e-70
    2.2108349038134002e-68
    1.2171830237065271e-68
    2.5713314573334188e-67
    9.8664442276134496e-66
    1.8254197585400237e-64
    8.8016121384456619e-65
    1.4261467406363147e-63
    4.7925507602340198e-62
    6.8009348409124497e-61
    2.8718913051756077e-61
    3.5691910614654723e-60
    1.0504423189038323e-58
    1.1433360915355302e-57
    4.2283721455793613e-58
    4.0306474376167756e-57
    1.0389080952340927e-55
    8.6731856850001661e-55
    2.8091688238235795e-55
    2.0538998317689537e-54
    4.6364062561548482e-53
    2.9688127597812450e-52
    8.4213537125307515e-53
    4.7226214901718190e-52
    9.3365250808338239e-51
    4.5854968952785957e-50
    1.1391617918799544e-50
    4.8998913596893663e-50
    8.4837621760511915e-49
    3.1958724048299803e-48
    6.9532579895266990e-49
    2.2939777178236320e-48
    3.4784930105708132e-47
    1.0050597756710935e-46
    1.9150967054347410e-47
    4.8460888418446106e-47
    6.4356618502629479e-46
    1.4262438495557195e-45
    2.3800852185254936e-46
    4.6194788207422085e-46
    5.3727264703423713e-45
    9.1326141529263649e-45
    1.3347309691290450e-45
    1.9869824041050066e-45
    2.0239308821096229e-44
    2.6387355396638769e-44
    3.3774925496543010e-45
    3.8565102884613978e-45
    3.4402979418529639e-44
    3.4402979418347279e-44
    3.8565102884000171e-45
    3.3774925495826411e-45
    2.6387355395589180e-44
    2.0239308820344683e-44
    1.9869824039785061e-45
    1.3347309690582387e-45
    9.1326141521269066e-45
    5.3727264699718392e-45
    4.6194788202275379e-46
    2.3800852183234350e-46
    1.4262438494270777e-45
    6.4356618496142491e-46
    4.8460888413304485e-47
    1.9150967057090702e-47
    1.0050597755484616e-46
    3.4784930101094607e-47
    2.2939777181036284e-48
    6.9532579903015799e-49
    3.1958724043383062e-48
    8.4837621746558125e-49
    4.8998913601314581e-50
    1.1391617919706421e-50
    4.5854968944270997e-50
    9.3365250790011152e-51
    4.7226214904474501e-52
    8.4213537120393670e-53
    2.9688127591354952e-52
    4.6364062545682816e-53
    2.0538998318235054e-54
    2.8091688235256115e-55
    8.6731856828375627e-55
    1.0389080948695163e-55
    4.0306474373815883e-57
    4.2283721456287544e-58
    1.1433360911497429e-57
    1.0504423186279986e-58
    3.5691910610680206e-60
    2.8718913050827191e-61
    6.8009348382088439e-61
    3.8685340998611627e-196
    1.6156628348633347e-193
    4.0434894830333396e-190
    2.4230233286160088e-189
    5.3108383629956331e-186
    1.9425280322261369e-183
    3.7288308973937770e-180
    1.9569236026671163e-179
    3.2898732837384478e-176
    1.0538608877197749e-173
    1.5516311553216720e-170
    7.1316427463510367e-170
    9.1959095163010950e-167
    2.5798752782984914e-164
    2.9134242192979267e-161
    1.1727480507073466e-160
    1.1598708675820297e-157
    2.8497946534341365e-155
    2.4684162306458499e-152
    8.7020042750630188e-152
    6.6012172172377403e-149
    1.4204562304165227e-146
    9.4369682261999479e-144
    2.9136225998032884e-143
    1.6952659504403480e-140
    3.1947845604904609e-138
    1.6279686016230953e-135
    4.4019665101500047e-135
    1.9644957203690729e-132
    3.2423114508474389e-130
    1.2672403371458452e-127
    3.0009558322740721e-127
    1.0272207108297827e-124
    1.4847978008528733e-122
    4.4511413354986277e-120
    9.2314921575610456e-120
    2.4236833496197782e-117
    3.0681693930970040e-115
    7.0547757414265507e-113
    1.2813968109698149e-112
    2.5804023207101339e-110
    2.8608216457841629e-108
    5.0453868795022081e-106
    8.0259195990227243e-106
    1.2396480473958133e-103
    1.2036540049718384e-101
    1.6281903126396644e-99
    2.2683256460965616e-99
    2.6872545669281771e-97
    2.2851356175950795e-95
    2.3709112180431869e-93
    2.8927801817159714e-93
    2.6285645761494920e-91
    1.9575899472655088e-89
    1.5578471670251108e-87
    1.6646575167544978e-87
    1.1601868114481483e-85
    7.5671249457460072e-84
    4.6188497876204125e-82
    4.3224879485823663e-82
    2.3106631052401210e-80
    1.3198954024647683e-78
    6.1793423999367491e-77
    5.0645646374832783e-77
    2.0765613567460414e-75
    1.0388373588072168e-73
    3.7303545778492834e-72
    2.6776257617643824e-72
    8.4207803260685417e-71
    3.6893939818605231e-69
    1.0161490152518841e-67
    6.3878847117194087e-68
    1.5408463730204678e-66
    5.9123746023875274e-65
    1.2490048338304192e-63
    6.8764405594107076e-64
    1.2722304181733909e-62
    4.2753166165647497e-61
    6.9274000739843916e-60
    3.3401790625637315e-60
    4.7399268777715984e-59
    1.3949995097344683e-57
    1.7337075995608466e-56
    7.3210814357458529e-57
    7.9685066794470089e-56
    2.0538998322941860e-54
    1.9578565488417413e-53
    7.2406934037096069e-54
    6.0447963267029648e-53
    1.3645325381894565e-51
    9.9766632993452189e-51
    3.2313537982676941e-51
    2.0691207494877602e-50
    4.0906089579516600e-49
    2.2939777183348229e-48
    6.5071122148807683e-49
    3.1958724043720953e-48
    5.5333923618256900e-47
    2.3800852185128099e-46
    5.9127771848704943e-47
    2.2273704812682091e-46
    3.3774925496363494e-45
    1.1142823497490427e-44
    2.4243435505391421e-45
    7.0047867787858225e-45
    9.3024375971403348e-44
    2.3539510512344731e-43
    4.4853490441756729e-44
    9.9402386828402027e-44
    1.1561084175343238e-42
    2.2438769451247672e-42
    3.7445338333590703e-43
    6.3649960353309143e-43
    6.4833548670572788e-42
    9.6516169463105293e-42
    1.4105831938912769e-42
    1.8390726868566501e-42
    1.6405914949691864e-41
    1.8732707434469347e-41
    2.3977234112353915e-42
    2.3977234112226818e-42
    1.8732707434270493e-41
    1.6405914949343782e-41
    1.8390726867834988e-42
    1.4105831938388978e-42
    9.6516169456960623e-42
    6.4833548667133430e-42
    6.3649960347737312e-43
    3.7445338331008269e-43
    2.2438769449581234e-42
    1.1561084174361751e-42
    9.9402386819436305e-44
    4.4853490437236241e-44
    2.3539510509847229e-43
    9.3024375960544793e-44
    7.0047867779311387e-45
    2.4243435502176014e-45
    1.1142823495953491e-44
    3.3774925491346848e-45
    2.2273704814868034e-46
    5.9127771853880071e-47
    2.3800852181087600e-46
    5.5333923608275077e-47
    3.1958724045840066e-48
    6.5071122152431640e-49
    2.2939777178723356e-48
    4.0906089570835896e-49
    2.0691207495591232e-50
    3.2313537979762840e-51
    9.9766632970165342e-51
    1.3645325376899398e-51
    6.0447963267188578e-53
    7.2406934029931389e-54
    1.9578565482444689e-53
    2.0538998318125894e-54
    7.9685066787662147e-56
    7.3210814356682401e-57
    1.7337075989427418e-56
    1.3949995093481355e-57
    4.7399268771113510e-59
    1.4412930625208381e-192
    9.8617427271218524e-192
    2.4680801056408821e-188
    9.0274161315670873e-186
    1.9786498687009832e-182
    1.1856874640342744e-181
    2.2760176312497009e-178
    7.2908764394988391e-176
    1.2257024025186483e-172
    6.4325951681293646e-172
    9.4709037869665726e-169
    2.6570238104047907e-166
    3.4261041126380528e-163
    1.5747138396478776e-162
    1.7783066791971286e-159
    4.3692871406510195e-157
    4.3213108420734767e-154
    1.7394682288195660e-153
    1.5066810528038775e-150
    3.2420906906637128e-148
    2.4594040879049937e-145
    8.6702334158042228e-145
    5.7601716622190050e-142
    1.0855233355837183e-139
    6.3160230475547792e-137
    1.9500444476586120e-136
    9.9368551226199373e-134
    1.6400330535424164e-131
    7.3190877475310294e-129
    1.9790540872447247e-128
    7.7350285645580761e-126
    1.1180609266486668e-123
    3.8270984460235430e-121
    9.0629638794935242e-121
    2.7169041550959242e-118
    3.4393610757846929e-116
    9.0298751604118499e-114
    1.8727606122419509e-113
    4.3061201791752534e-111
    4.7740779486820458e-109
    9.6137603219929266e-107
    1.7461989253029751e-106
    3.0796219539613460e-104
    2.9902029915769097e-102
    4.6185353018946184e-100
    7.3469079521814387e-100
    9.9382084105448652e-98
    8.4510616498753291e-96
    1.0011857888703225e-93
    1.3948095525271494e-93
    1.4471655816212083e-91
    1.0777581119046489e-89
    9.7931976045615618e-88
    1.1948810115920239e-87
    9.5088453097183008e-86
    6.2019857352625292e-84
    4.3224879486740142e-82
    4.6188497865176975e-82
    2.8192706613337430e-80
    1.6104218632441768e-78
    8.6087975916481182e-77
    8.0564265029179721e-77
    3.7717699287752935e-75
    1.8868960929456948e-73
    7.7366087537058616e-72
    6.3408939936353554e-72
    2.2769476604089137e-70
    9.9759840160629094e-69
    3.1373155708618736e-67
    2.2519459799361325e-67
    6.2024080408959291e-66
    2.3799231656603938e-64
    5.7407046985026838e-63
    3.6088171344501712e-63
    7.6237220211326846e-62
    2.5619435733260946e-60
    4.7399268785510704e-59
    2.6095836104249053e-59
    4.2283721457947195e-58
    1.2444447398603496e-56
    1.7659463639175855e-55
    8.5148497379374902e-56
    1.0582268736847682e-54
    2.7276026560713648e-53
    2.9688127600480927e-52
    1.2536669960614634e-52
    1.1950437405528376e-51
    2.6976526259301357e-50
    2.2520993190790945e-49
    8.3288843072220282e-50
    6.0895927408671587e-49
    1.2038998991255833e-47
    7.7088874118536079e-47
    2.4968410648581410e-47
    1.4002066264178099e-46
    2.4243435504298600e-45
    1.1906806576683919e-44
    3.3774925491525878e-45
    1.4527652416867541e-44
    2.2029131756001635e-43
    8.2984757022194733e-43
    2.0615664276218859e-43
    6.8013979287136773e-43
    9.0323348594694080e-42
    2.6097613018215716e-41
    5.6780563579265170e-42
    1.4368133721013633e-41
    1.6710987400934454e-40
    3.7034175435448148e-40
    7.0566974323494646e-41
    1.3696259310126507e-40
    1.3950944975595837e-39
    2.3713955704635516e-39
    3.9573341867840173e-40
    5.8911897439781428e-40
    5.2553854223889424e-39
    6.8518013194455415e-39
    1.0013903207083699e-39
    1.1434139432675565e-39
    8.9331566666165770e-39
    8.9331566665692242e-39
    1.1434139432554186e-39
    1.0013903206871237e-39
    6.8518013192637517e-39
    5.2553854221937196e-39
    5.8911897436030822e-40
    3.9573341865740844e-40
    2.3713955702559957e-39
    1.3950944974633707e-39
    1.3696259309109341e-40
    7.0566974317503815e-41
    3.7034175432108334e-40
    1.6710987399250262e-40
    1.4368133719489199e-41
    5.6780563572637289e-42
    2.6097613015031801e-41
    9.0323348582714500e-42
    6.8013979277755573e-43
    2.0615664273156777e-43
    8.2984757009427806e-43
    2.2029131752378673e-43
    1.4527652417946657e-44
    3.3774925493676141e-45
    1.1906806574472904e-44
    2.4243435499539745e-45
    1.4002066264772259e-46
    2.4968410649376211e-47
    7.7088874101767289e-47
    1.2038998988509415e-47
    6.0895927409318022e-49
    8.3288843062056663e-50
    2.2520993185175479e-49
    2.6976526250185071e-50
    1.1950437404799145e-51
    1.2536669960734534e-52
    2.9688127590881164e-52
    2.7276026553948979e-53
    1.0582268735657551e-54
    8.5148497376574886e-56
    1.7659463632515482e-55
    7.7046893896677739e-191
    2.8181191172274909e-188
    7.0528545724750746e-185
    4.8257664657975213e-184
    1.0577226135109303e-180
    3.3882535794230371e-178
    6.5040114868658346e-175
    3.8974681697653224e-174
    6.5522110257421158e-171
    1.8381963430090599e-168
    2.7064318911980225e-165
    1.4203595155251984e-164
    1.8314851220035196e-161
    4.4999462047102993e-159
    5.0817387835074499e-156
    2.3356804489232077e-155
    2.3100338619645980e-152
    4.9707529440657403e-150
    4.3055338148230168e-147
    1.7331174619690665e-146
    1.3147183646221233e-143
    2.4776300919615145e-141
    1.6460427258123158e-138
    5.8028587963086620e-138
    3.3763428843733924e-135
    5.5725014223669770e-133
    2.8395834449382270e-130
    8.7670894940910112e-130
    3.9125490281495909e-127
    5.6554001778540316e-125
    2.2103833443285216e-122
    5.9767942985062269e-122
    2.0458438021423301e-119
    2.5898578450339398e-117
    7.7639011187078791e-115
    1.8385718683393404e-114
    4.8270809835694964e-112
    5.3516529779617226e-110
    1.2305289170278825e-107
    2.5520686023646575e-107
    5.1392072211960042e-105
    4.9899867701320635e-103
    8.8004136210363693e-101
    1.5984663952977573e-100
    2.4689205027745078e-98
    2.0994729152294347e-96
    2.8399701642715006e-94
    4.5176658875563998e-94
    5.3520173829901802e-92
    3.9858466942743572e-90
    4.1354607438136845e-88
    5.7613484067539059e-88
    5.2351286242098319e-86
    3.4145253174357161e-84
    2.7172741666011867e-82
    3.3153822031008219e-82
    2.3106631053136746e-80
    1.3198954021776760e-78
    8.0564265030890187e-77
    8.6087975896618330e-77
    4.6019864502885675e-75
    2.3022269159354623e-73
    1.0778314988194942e-71
    1.0086739942942042e-71
    4.1357423352918086e-70
    1.8119915599504439e-68
    6.5066691656588552e-67
    5.3328403626024129e-67
    1.6771080506517972e-65
    6.4352236646471309e-64
    1.7724174276928957e-62
    1.2722304180552958e-62
    3.0687961885927876e-61
    1.0312656536240052e-59
    2.1785760763888666e-58
    1.3695326769313758e-58
    2.5338125374920500e-57
    7.4572189374888746e-56
    1.2083114223442602e-54
    6.6524015345412496e-55
    9.4401815725179440e-54
    2.4332272191647377e-52
    3.0240186407875243e-51
    1.4580886971957131e-51
    1.5870318647565187e-50
    3.5825137876467568e-49
    3.4149903370063092e-48
    1.4420783738716481e-48
    1.2038998990010511e-47
    2.3800852185507598e-46
    1.7401790127799648e-45
    6.4356618497506094e-46
    4.1209233970800245e-45
    7.1350426936673213e-44
    4.0012695241435323e-43
    1.2959761280420927e-43
    6.3649960344362538e-43
    9.6516169470788877e-42
    4.1514624896237990e-41
    1.1776065681347221e-41
    4.4360983449915899e-41
    5.8911897438531514e-40
    1.9435864488598017e-39
    4.8283958595896816e-40
    1.3950944977446149e-39
    1.6225772273282320e-38
    4.1058779810063460e-38
    8.9331566678724710e-39
    1.9797279675516816e-38
    2.0165415473362982e-37
    3.9138812747376308e-37
    7.4577267124800183e-38
    1.2676718403405318e-37
    1.1308588586725565e-36
    1.6834828183594210e-36
    2.8093601055332224e-37
    3.6627527252111776e-37
    2.8616009204981963e-36
    3.2674515869599652e-36
    4.7753783859039301e-37
    4.7753783858786182e-37
    3.2674515869252794e-36
    2.8616009204374414e-36
    3.6627527251140514e-37
    2.8093601054289023e-37
    1.6834828182879606e-36
    1.1308588586125654e-36
    1.2676718402295611e-37
    7.4577267119656938e-38
    3.9138812744469626e-37
    2.0165415471651027e-37
    1.9797279673731175e-38
    8.9331566669721578e-39
    4.1058779805707188e-38
    1.6225772271388316e-38
    1.3950944975743936e-39
    4.8283958589492915e-40
    1.9435864485917216e-39
    5.8911897429781211e-40
    4.4360983443091103e-41
    1.1776065679410503e-41
    4.1514624889190346e-41
    9.6516169453378065e-42
    6.3649960347569974e-43
    1.2959761280936601e-43
    4.0012695233368384e-43
    7.1350426921531890e-44
    4.1209233971565651e-45
    6.4356618498020084e-46
    1.7401790123737839e-45
    2.3800852179698825e-46
    1.2038998989850888e-47
    1.4420783737435047e-48
    3.4149903360098926e-48
    3.5825137868561164e-49
    1.5870318646180204e-50
    1.4580886971996087e-51
    3.0240186397543454e-51
    2.4332272185283600e-52
    9.4401815712599911e-54
    1.6887315739815514e-187
    1.3193562851132901e-186
    3.3019285633815297e-183
    1.0577226137606877e-180
    2.3183407968989040e-177
    1.5862756220068332e-176
    3.0449771896860570e-173
    8.5425605420210461e-171
    1.4361287105745189e-167
    8.6058672381709505e-167
    1.2670677772471575e-163
    3.1131767148056740e-161
    4.0142912924594385e-158
    2.1067357556188658e-157
    2.3791130624460651e-154
    5.1193982279383037e-152
    5.0631854476798673e-149
    2.3271529221059243e-148
    2.0157178824091523e-145
    3.7986867885560995e-143
    2.8816300060170300e-140
    1.1599498452823436e-139
    7.7062633818050210e-137
    1.2718839622301204e-134
    7.4003461334541199e-132
    2.6088729644030539e-131
    1.3294052200563777e-128
    1.9215908769076278e-126
    8.5756151149293154e-124
    2.6476835999832614e-123
    1.0348331765047912e-120
    1.3100075463932719e-118
    4.4841275869541487e-116
    1.2124914107884603e-115
    3.6348185835531069e-113
    4.0298241863746307e-111
    1.0580107327949008e-108
    2.5054785473957242e-108
    5.7609561312353999e-106
    5.5936827687820976e-104
    1.1264232807757178e-101
    2.3361576051061044e-101
    4.1200817068135768e-99
    3.5035554779245879e-97
    5.4114368481577666e-95
    9.8290834095692827e-95
    1.3295862697098648e-92
    9.9019241908009598e-91
    1.1730675024062989e-88
    1.8660502515459830e-88
    1.9360949261640369e-86
    1.2627856193970305e-84
    1.1474475549155404e-82
    1.5985752378946478e-82
    1.2721437955427466e-80
    7.2667311075527387e-79
    5.0645646377518771e-77
    6.1793423986580055e-77
    3.7717699288954647e-75
    1.8868960925502899e-73
    1.0086739943156193e-71
    1.0778314985793864e-71
    5.0460740045926188e-70
    2.2108349030955020e-68
    9.0648153505058364e-67
    8.4831845397180255e-67
    3.0462214334314206e-65
    1.1688642391525098e-63
    3.6759240710611386e-62
    3.0127728576757352e-62
    8.2979106817376006e-61
    2.7885039463306879e-59
    6.7262582003778348e-58
    4.8280671072247574e-58
    1.0199419963262721e-56
    3.0017732794203238e-55
    5.5536687062847509e-54
    3.4912394625905448e-54
    5.6569406854611153e-53
    1.4580886974649371e-51
    2.0691207500691648e-50
    1.1391617920939335e-50
    1.4157520790024983e-49
    3.1958724052410865e-48
    3.4784930111391368e-47
    1.6772222480497581e-47
    1.5987929453143761e-46
    3.1607806096586201e-45
    2.6387355401258233e-44
    1.1142823496249287e-44
    8.1469803854719497e-44
    1.4105831939399677e-42
    9.0323348602600875e-42
    3.3404065011651001e-42
    1.8732707434568911e-41
    2.8405503406527738e-40
    1.3950944977039134e-39
    4.5185888001407907e-40
    1.9435864490557102e-39
    2.5811052110457296e-38
    9.7231425713814512e-38
    2.7580729883956043e-38
    9.0992711460451833e-38
    1.0582989303395927e-36
    3.0578002666319175e-36
    7.5964051691752497e-37
    1.9222451907745445e-36
    1.9579898626971674e-35
    4.3392133771760928e-35
    9.4408243725112617e-36
    1.8323582659859909e-35
    1.6346017253136569e-34
    2.7785123499150605e-34
    5.2943317180489826e-35
    7.8815463253239970e-35
    6.1576202140087899e-34
    8.0281058221245881e-34
    1.3397131217219892e-34
    1.5297198621530713e-34
    1.0466784382915970e-33
    1.0466784382860490e-33
    1.5297198621368327e-34
    1.3397131216935649e-34
    8.0281058219117026e-34
    6.1576202137800508e-34
    7.8815463249895539e-35
    5.2943317177681980e-35
    2.7785123498339582e-34
    1.6346017252009261e-34
    1.8323582658499090e-35
    9.4408243717099107e-36
    4.3392133767847738e-35
    1.9579898624998064e-35
    1.9222451905705705e-36
    7.5964051682885383e-37
    3.0578002662588216e-36
    1.0582989301992306e-36
    9.0992711447901157e-38
    2.7580729879859420e-38
    9.7231425698855779e-38
    2.5811052106212716e-38
    1.9435864487257615e-39
    4.5185887993257353e-40
    1.3950944974448539e-39
    2.8405503400951894e-40
    1.8732707435065390e-41
    3.3404065012182666e-42
    9.0323348582955809e-42
    1.4105831936181759e-42
    8.1469803854287650e-44
    1.1142823496071936e-44
    2.6387355394678708e-44
    3.1607806086726381e-45
    1.5987929452125668e-46
    1.6772222480853435e-47
    3.4784930100632412e-47
    3.1958724045416791e-48
    1.4157520788417672e-49
    1.1391617920733742e-50
    2.0691207493341240e-50
    6.9240990662023815e-186
    2.2180298644657074e-183
    5.5510223027312949e-180
    4.3368503773435650e-179
    9.5056085868249893e-176
    2.6667601030778087e-173
    5.1190496604642299e-170
    3.5026013841591638e-169
    5.8883825110111013e-166
    1.4467714869188819e-163
    2.1301252754444990e-160
    1.2764576869865123e-159
    1.6459306513805520e-156
    3.5417293078640462e-154
    3.9996351879980787e-151
    2.0990441017109120e-150
    2.0759958644792187e-147
    3.9122826325614958e-145
    3.3887150210810323e-142
    1.5575289795294942e-141
    1.1815194282863016e-138
    1.9500444475449939e-136
    1.2955349905968973e-133
    5.2149499025304520e-133
    3.0342732115025666e-130
    4.3858950102672796e-128
    2.2349235860943272e-125
    7.8788635235729004e-125
    3.5161543455050949e-122
    4.4511413351206181e-120
    1.7397051244807978e-117
    5.3712633614774079e-117
    1.8385718679490974e-114
    2.0383744632755023e-112
    6.1106588578106908e-110
    1.6522994134701074e-109
    4.3380317165021043e-107
    4.2120739527341028e-105
    9.6850054008419164e-103
    2.2935091782033942e-102
    4.6185353009634130e-100
    3.9274208147490188e-98
    6.9264567674886374e-96
    1.4365199059571203e-95
    2.2187851173441054e-93
    1.6524119215361959e-91
    2.2352279569024010e-89
    4.0599645979603635e-89
    4.8097848852568441e-87
    3.1371019589051593e-85
    3.2548572475277196e-83
    5.1776450826885504e-83
    4.7047385550590071e-81
    2.6874375468194645e-79
    2.1386588006940673e-77
    2.9794886802880046e-77
    2.0765613568782448e-75
    1.0388373586142968e-73
    6.3408939939718247e-72
    7.7366087521666474e-72
    4.1357423354233409e-70
    1.8119915595851036e-68
    8.4831845398978912e-67
    9.0648153485580968e-67
    3.7167351206338101e-65
    1.4261467407453093e-63
    5.1211414163355305e-62
    4.7925507590937848e-62
    1.5071940869632982e-60
    5.0649094941448440e-59
    1.3949995097182125e-57
    1.1433360913165101e-57
    2.7578851986654563e-56
    8.1166832298679431e-55
    1.7146708844695884e-53
    1.2307803016835938e-53
    2.2771027021374054e-52
    5.8692814677537527e-51
    9.5101403055123257e-50
    5.9784223520114055e-50
    8.4837621762754373e-49
    1.9150967061307420e-47
    2.3800852188108589e-46
    1.3103643869547948e-46
    1.4262438495757041e-45
    2.8196546135823139e-44
    2.6878035452146182e-43
    1.2959761281713243e-43
    1.0819283875984296e-42
    1.8732707437252284e-41
    1.3696259310708077e-40
    5.7836413592251864e-41
    3.7034175433679293e-40
    5.6157093154067625e-39
    3.1492406569801110e-38
    1.1646760363898270e-38
    5.7201349579299910e-38
    7.5964051688932814e-37
    3.2674515873933273e-36
    1.0582989304378447e-36
    3.9866609620375923e-36
    4.6367219572138319e-35
    1.5297198622017875e-34
    4.3392133775444115e-35
    1.2537523607408763e-34
    1.2770662267460960e-33
    3.2315738273473393e-33
    8.0281058231681364e-34
    1.7791544708658090e-33
    1.5871399287255936e-32
    3.0804608294002343e-32
    6.7021570844469158e-33
    1.1392393597671731e-32
    8.9005418743944618e-32
    1.3250026035274014e-31
    2.5247335360993542e-32
    3.2916658215393759e-32
    2.2522526684362108e-31
    2.5716816426084342e-31
    4.2915672984426709e-32
    4.2915672984198626e-32
    2.5716816425811715e-31
    2.2522526683883937e-31
    3.2916658214520433e-32
    2.5247335360055673e-32
    1.3250026034992704e-31
    8.9005418739222943e-32
    1.1392393597339359e-32
    6.7021570839846994e-33
    3.0804608291714176e-32
    1.5871399285908746e-32
    1.7791544707053356e-33
    8.0281058223588078e-34
    3.2315738270044742e-33
    1.2770662265970449e-33
    1.2537523605878824e-34
    4.3392133769689017e-35
    1.5297198619907926e-34
    4.6367219565250647e-35
    3.9866609614242583e-36
    1.0582989302637944e-36
    3.2674515868385890e-36
    7.5964051675230551e-37
    5.7201349568678020e-38
    1.1646760364176162e-38
    3.1492406563452396e-38
    5.6157093142151291e-39
    3.7034175433778763e-40
    5.7836413591792411e-41
    1.3696259307510798e-40
    1.8732707432680965e-41
    1.0819283875668799e-42
    1.2959761280524062e-43
    2.6878035444660147e-43
    2.8196546130378468e-44
    1.4262438494686679e-45
    1.3103643869565826e-46
    2.3800852185507598e-46
    1.9150967061053227e-47
    8.4837621751959295e-49
    8.9282919462173479e-183
    7.9647095735450281e-182
    1.9933131282781913e-178
    5.5921594877903400e-176
    1.2257024019951244e-172
    9.5760521819881639e-172
    1.8381963422288378e-168
    4.5164356291142675e-166
    7.5927853768520336e-163
    5.1952026884974864e-162
    7.6490535360176167e-159
    1.6459306510400862e-156
    2.1223482268255176e-153
    1.2717973631988188e-152
    1.4362264994556800e-149
    2.7066161770289876e-147
    2.6768965862436127e-144
    1.4048591249287081e-143
    1.2168515586083071e-140
    2.0083585327006021e-138
    1.5235123432933828e-135
    7.0024024168119164e-135
    4.6521284992458101e-132
    6.7244264935070975e-130
    3.9125490279527650e-127
    1.5749282975803580e-126
    8.0253731346278292e-124
    1.0159414684105671e-121
    4.5339115193998449e-119
    1.5983575595858758e-118
    6.2470962564682902e-116
    6.9259851631550289e-114
    2.3707497886134387e-111
    7.3195861181408947e-111
    2.1942726694315849e-108
    2.1305604377926317e-106
    5.5936827676843262e-104
    1.5125110026876423e-103
    3.4777825352172662e-101
    2.9573695182631673e-99
    5.9553786171420815e-97
    1.4102950853074324e-96
    2.4872170308563172e-94
    1.8523231660157358e-92
    2.8610164441328028e-90
    5.9336356396910082e-90
    8.0264660978596676e-88
    5.2351286235710705e-86
    6.2019857344396953e-84
    1.1264999813968229e-83
    1.1687846543785665e-81
    6.6763237267369547e-80
    6.0665335575540086e-78
    9.6503026874960677e-78
    7.6796965184921363e-76
    3.8419070160409332e-74
    2.6776257614305201e-72
    3.7303545771961815e-72
    2.2769476605538744e-70
    9.9759840142902512e-69
    5.3328403628853918e-67
    6.5066691644161212e-67
    3.0462214335283021e-65
    1.1688642389261744e-63
    4.7925507591955353e-62
    5.1211414152757690e-62
    1.8389474695271571e-60
    6.1797631626419859e-59
    1.9434541157220421e-57
    1.8187551837431015e-57
    5.0092950181086243e-56
    1.4742767713477817e-54
    3.5561600103763584e-53
    2.9146147065783791e-53
    6.1572009591634635e-52
    1.5870318650423564e-50
    2.9362141588750829e-49
    2.1075966128644082e-49
    3.4149903366457802e-48
    7.7088874126238538e-47
    1.0939402337543152e-45
    6.8769087891327821e-46
    8.5466331321468789e-45
    1.6896517063815984e-43
    1.8390726870923073e-42
    1.0125080123833310e-42
    9.6516169466176252e-42
    1.6710987403181940e-40
    1.3950944977704873e-39
    6.7267162022206946e-40
    4.9181811931756641e-39
    7.4577267126182179e-38
    4.7753783863345835e-37
    2.0165415472078590e-37
    1.1308588588945057e-36
    1.5017936017551287e-35
    7.3758382680662034e-35
    2.7277883835122965e-35
    1.1733071480018033e-34
    1.3646254515998142e-33
    5.1406071188648310e-33
    1.6649975891566319e-33
    5.4930614907550999e-33
    5.5952064625725177e-32
    1.6166532274227170e-31
    4.5858091305593188e-32
    1.1604238255744206e-31
    1.0351855434550286e-30
    2.2941339194839532e-30
    5.6992508486971020e-31
    1.1061607535627014e-30
    8.6421084582145088e-30
    1.4689942331883205e-29
    3.1960900178623765e-30
    4.7579435662884286e-30
    3.2555221807163344e-29
    4.2444443899942680e-29
    8.0876000280405518e-30
    9.2346355346144920e-30
    5.5337691405256456e-29
    5.5337691404962341e-29
    9.2346355345165931e-30
    8.0876000278689586e-30
    4.2444443898816563e-29
    3.2555221805954012e-29
    4.7579435661874125e-30
    3.1960900176928264e-30
    1.4689942331454629e-29
    8.6421084576185043e-30
    1.1061607535216106e-30
    5.6992508482133414e-31
    2.2941339192770637e-30
    1.0351855433506844e-30
    1.1604238254513016e-31
    4.5858091300241580e-32
    1.6166532272254393e-31
    5.5952064618305061e-32
    5.4930614899973615e-33
    1.6649975889093027e-33
    5.1406071180739663e-33
    1.3646254513753652e-33
    1.1733071478026025e-34
    2.7277883830202630e-35
    7.3758382666965601e-35
    1.5017936014603559e-35
    1.1308588586665300e-36
    2.0165415472078590e-37
    4.7753783852958853e-37
    7.4577267109170147e-38
    4.9181811930712455e-39
    6.7267162020066638e-40
    1.3950944977150354e-39
    1.6710987401688208e-40
    9.6516169461057533e-42
    1.0125080124026692e-42
    1.8390726869347667e-42
    1.6896517063906025e-43
    8.5466331312943868e-45
    6.8769087890050531e-46
    1.0939402336189267e-45
    2.8078302143970641e-181
    7.8772542812222119e-179
    1.9714258540825939e-175
    1.7586604994694912e-174
    3.8546726058155614e-171
    9.4709037851582266e-169
    1.8180123045094559e-165
    1.4203595152574708e-164
    2.3878309895084086e-161
    5.1381575477692080e-159
    7.5650642556054052e-156
    5.1762350969608596e-155
    6.6745056194954692e-152
    1.2578325837836611e-149
    1.4204562306728028e-146
    8.5119513653558277e-146
    8.4184871669554935e-143
    1.3894332808778474e-140
    1.2034901033256707e-137
    6.3160230473867558e-137
    4.7912456449098062e-134
    6.9255135916295042e-132
    4.6010465028661341e-129
    2.1147435590763621e-128
    1.2304451337854242e-125
    1.5576350345915366e-123
    7.9372517335368935e-121
    3.1950020998732187e-120
    1.4258554528525049e-117
    1.5808070351140280e-115
    6.1785009568311173e-113
    2.1781311057803619e-112
    7.4556958136030085e-110
    7.2392145050934112e-108
    2.1701787888404078e-105
    6.7003319426503811e-105
    1.7591395512909726e-102
    1.4959031029132786e-100
    3.4395952678401786e-98
    9.3005375946851725e-98
    1.8728881317422603e-95
    1.3948095525123625e-93
    2.4599065188215370e-91
    5.8253123719058303e-91
    8.9975198680267763e-89
    5.8684822471493089e-87
    7.9383326956503391e-85
    1.6463789957884612e-84
    1.9504428218606056e-82
    1.1141306180008975e-80
    1.1559509901801465e-78
    2.0996158725295416e-78
    1.9078448963857011e-76
    9.5443389921624945e-75
    7.5953707674260979e-73
    1.2082291515251146e-72
    8.4207803268722218e-71
    3.6893939805491576e-69
    2.2519459796733955e-67
    3.1373155703375659e-67
    1.6771080507585220e-65
    6.4352236635544856e-64
    3.0127728578356032e-62
    3.6759240703882079e-62
    1.5071940870112330e-60
    5.0649094932045418e-59
    1.8187551837817676e-57
    1.9434541153353329e-57
    6.1119072038201473e-56
    1.7987846167135024e-54
    4.9542912095562163e-53
    4.6364062554044572e-53
    1.1183654818046672e-51
    2.8826112192585584e-50
    6.0895927424178388e-49
    4.9910061729800514e-49
    9.2340067738677501e-48
    2.0844544660437588e-46
    3.3774925502294495e-45
    2.4243435504402646e-45
    3.4402979422572806e-44
    6.8013979290961365e-43
    8.4527881157326180e-42
    5.3137320570823474e-42
    5.7836413597315612e-41
    1.0013903208241787e-39
    9.5456388220577567e-39
    5.2553854225938741e-39
    4.3873884348258222e-38
    6.6528545093406000e-37
    4.8641778462380388e-36
    2.3453568185755727e-36
    1.5017936016236845e-35
    1.9943992168400583e-34
    1.1184416334888345e-33
    4.7229430635067709e-34
    2.3196039818653202e-33
    2.6978363139408959e-32
    1.1604238255498164e-31
    4.2915672988523810e-32
    1.6166532275728061e-31
    1.6467153338584825e-30
    5.4327457562481463e-30
    1.7596187332541027e-30
    5.0841614570926985e-30
    4.5354553439716582e-29
    1.1476819665042665e-28
    3.2555221810703909e-29
    7.2147489965537255e-29
    5.6366710829950263e-28
    1.0940147219833737e-27
    2.7178292775448923e-28
    4.6197933696479971e-28
    3.1609958327158684e-27
    4.7056996834506563e-27
    1.0238188445827105e-27
    1.3348218534647859e-27
    7.9987953538327857e-27
    9.1332360097572304e-27
    1.7402975047136032e-27
    1.7402975047043784e-27
    9.1332360096603411e-27
    7.9987953536629632e-27
    1.3348218534470690e-27
    1.0238188445446784e-27
    4.7056996833508160e-27
    3.1609958325481808e-27
    4.6197933695132151e-28
    2.7178292773574564e-28
    1.0940147219427342e-27
    5.6366710825165777e-28
    7.2147489962284045e-29
    3.2555221807421956e-29
    1.1476819663824834e-28
    4.5354553434423082e-29
    5.0841614564722862e-30
    1.7596187330207497e-30
    5.4327457554987270e-30
    1.6467153336138925e-30
    1.6166532273240667e-31
    4.2915672981465798e-32
    1.1604238253528032e-31
    2.6978363134542644e-32
    2.3196039814346187e-33
    4.7229430625796157e-34
    1.1184416332633621e-33
    1.9943992168189148e-34
    1.5017936016037513e-35
    2.3453568185195793e-36
    4.8641778460832015e-36
    6.6528545090582951e-37
    4.3873884346279912e-38
    5.2553854227792384e-39
    9.5456388215764659e-39
    1.0013903208465065e-39
    5.7836413592865823e-41
    5.3137320570823474e-42
    8.4527881149255233e-42
    6.8013979290023822e-43
    3.4402979418346792e-44
    2.1299802400374716e-178
    2.1695878022880649e-177
    5.4297872500182066e-174
    1.3340949511823742e-171
    2.9241000542349172e-168
    2.6085177138316469e-167
    5.0072489467250797e-164
    1.0774646151093065e-161
    1.8113747754844845e-158
    1.4151738085246610e-157
    2.0836030609818424e-154
    3.9266186458794047e-152
    5.0631854478413281e-149
    3.4643774768104740e-148
    3.9122826326660181e-145
    6.4570457699694536e-143
    6.3861451525880214e-140
    3.8268378692098956e-139
    3.3147050427034101e-136
    4.7912456439949794e-134
    3.6345710984987696e-131
    1.9074552222780768e-130
    1.2672403373005027e-127
    1.6042145175172001e-125
    9.3339825443851593e-123
    4.2901064907673874e-122
    2.1861125632572073e-119
    2.4236833492724588e-117
    1.0816337553221291e-114
    4.3539278273695528e-114
    1.7017097374844648e-111
    1.6522994128303552e-109
    5.6557852658021834e-107
    1.9938560989355638e-106
    5.9772012707530106e-104
    5.0827769298319137e-102
    1.3344583528379337e-99
    4.1200817064637989e-99
    9.4734836187373848e-97
    7.0552561142860123e-95
    1.4207464152007422e-92
    3.8416454315222913e-92
    6.7751820476003214e-90
    4.4189994744163896e-88
    6.8253911600715253e-86
    1.6163230294862519e-85
    2.1864102865671044e-83
    1.2489197922100722e-81
    1.4795783048903538e-79
    3.0685872426476392e-79
    3.1837707395182148e-77
    1.5927388687225242e-75
    1.4472641214568098e-73
    2.6287435600149561e-73
    2.0919502133351974e-71
    9.1654552489127045e-70
    6.3878847112281217e-68
    1.0161490151063255e-67
    6.2024080414884154e-66
    2.3799231648523483e-64
    1.2722304181632665e-62
    1.7724174274107948e-62
    8.2979106822658840e-61
    2.7885039458795740e-59
    1.1433360913772121e-57
    1.3949995094739791e-57
    5.0092950182680821e-56
    1.4742767710857718e-54
    4.6364062564007398e-53
    4.9542912086099774e-53
    1.3645325380446624e-51
    3.5171121309460589e-50
    8.4837621774439193e-49
    7.9394138066629568e-49
    1.6772222481173536e-47
    3.7861066070629488e-46
    7.0047867792411369e-45
    5.7410955929573250e-45
    9.3024375975843793e-44
    1.8390726871207682e-42
    2.6097613021954451e-41
    1.8732707436328013e-41
    2.3281038463921314e-40
    4.0309218926844131e-39
    4.3873884354624633e-38
    2.7580729881439358e-38
    2.6291015643157732e-37
    3.9866609619931757e-36
    3.3282107385027766e-35
    1.8323582657721556e-35
    1.3397131216722418e-34
    1.7791544708563529e-33
    1.1392393598578345e-32
    5.4930614908426065e-33
    3.0804608299068102e-32
    3.5827577274255205e-31
    1.7596187332448006e-30
    7.4304986883143860e-31
    3.1960900181676389e-30
    3.2555221809754115e-29
    1.2263702453684211e-28
    4.5354553443566980e-29
    1.4963105807104863e-28
    1.3348218534754084e-27
    3.8567728856661890e-27
    1.2491749336363998e-27
    3.1609958329171119e-27
    2.4695930258314217e-26
    5.4730064223230694e-26
    1.5524765854853768e-26
    3.0131831626283677e-26
    2.0617068033671127e-25
    3.5045098303442503e-25
    8.7061528779159409e-26
    1.2960643736908364e-25
    7.7665447742854033e-25
    1.0125769559217544e-24
    2.2030631761320350e-25
    2.5155157798077614e-25
    1.3201650431082233e-24
    1.3201650431012165e-24
    2.5155157797944278e-25
    2.2030631760852774e-25
    1.0125769559083218e-24
    7.7665447739969535e-25
    1.2960643736633287e-25
    8.7061528774540267e-26
    3.5045098302420309e-25
    2.0617068032249263e-25
    3.0131831625164581e-26
    1.5524765853536115e-26
    5.4730064220762856e-26
    2.4695930255824927e-26
    3.1609958327494243e-27
    1.2491749334906215e-27
    3.8567728851955529e-27
    1.3348218532983902e-27
    1.4963105805040994e-28
    4.5354553436829745e-29
    1.2263702451797479e-28
    3.2555221804400011e-29
    3.1960900176250162e-30
    7.4304986869740843e-31
    1.7596187332587789e-30
    3.5827577274160000e-31
    3.0804608292858040e-32
    5.4930614896769205e-33
    1.1392393598306361e-32
    1.7791544707950157e-33
    1.3397131216224944e-34
    1.8323582656846634e-35
    3.3282107383172787e-35
    3.9866609621432521e-36
    2.6291015641693525e-37
    2.7580729881907734e-38
    4.3873884351399968e-38
    4.0309218927004523e-39
    2.3281038461574973e-40
    1.8732707436258266e-41
    2.6097613018839143e-41
    5.1378077023097931e-177
    1.2623557793677486e-174
    3.1592744523032362e-171
    3.2180220205597839e-170
    7.0533348143686038e-167
    1.5177433280947798e-164
    2.9134242181694672e-161
    2.5989940631456103e-160
    4.3692871409406130e-157
    8.2340656327297089e-155
    1.2123263060222220e-151
    9.4715486761880396e-151
    1.2213105409692866e-147
    2.0157178820563593e-145
    2.2763275985685545e-142
    1.5575289792609668e-141
    1.5404267671731011e-138
    2.2266123061981488e-136
    1.9286322785931648e-133
    1.1557148893053853e-132
    8.7670894938114355e-130
    1.1098362189886602e-127
    7.3733276046180720e-125
    3.8695878726387802e-124
    2.2514860240184566e-121
    2.4961611214576982e-119
    1.2719705674618558e-116
    5.8462603305550062e-116
    2.6090506079629563e-113
    2.5332950106720179e-111
    9.9012499942743801e-109
    3.9855753080652359e-108
    1.3642538348716790e-105
    1.1601078170565779e-103
    3.4777825350699882e-101
    1.2260362783304823e-100
    3.2188985963516426e-98
    2.3972336805710428e-96
    5.5120639883297523e-94
    1.7018256099847483e-93
    3.4270373683342928e-91
    2.2352279574478608e-89
    3.9420807046197541e-87
    1.0659239514839674e-86
    1.6463789954914666e-84
    9.4044348656686538e-83
    1.2721437951783253e-80
    3.0125677264871691e-80
    3.5689480444822160e-78
    1.7854307787889476e-76
    1.8524492939098748e-74
    3.8419070164179790e-74
    3.4910017530334961e-72
    1.5295115603571167e-70
    1.2171830234127167e-68
    2.2108349033828498e-68
    1.5408463727414158e-66
    5.9123746008976872e-65
    3.6088171344694541e-63
    5.7407046975101764e-63
    3.0687961887702812e-61
    1.0312656533860347e-59
    4.8280671071863358e-58
    6.7262581992342454e-58
    2.7578851987892243e-56
    8.1166832280161943e-55
    2.9146147065165819e-53
    3.5561600097820040e-53
    1.1183654818613412e-51
    2.8826112191438581e-50
    7.9394138080108868e-49
    8.4837621760509514e-49
    2.0464010810737213e-47
    4.6194788211711438e-46
    9.7587716703680388e-45
    9.1326141536143404e-45
    1.6896517061866740e-43
    3.3404065020227882e-42
    5.4125423505870535e-41
    4.4360983446042045e-41
    6.2951061551620993e-40
    1.0899462778258691e-38
    1.3545869599226221e-37
    9.7231425709687241e-38
    1.0582989303331408e-36
    1.6047607627333051e-35
    1.5297198623072634e-34
    9.6163790686418813e-35
    8.0281058226144747e-34
    1.0661417086719527e-32
    7.7950041940514501e-32
    4.2915672981807934e-32
    2.7480033142562230e-31
    3.1960900179472195e-30
    1.7923393221713830e-29
    8.6421084594296083e-30
    4.2444443908499278e-29
    4.3233709882334874e-28
    1.8596171589478076e-27
    7.8527709436508086e-28
    2.9581750925443694e-27
    2.6389152164251937e-26
    8.7061528774078162e-26
    3.2197754102788352e-26
    9.3030710182100315e-26
    7.2682156256962078e-25
    1.8391979127125005e-24
    5.9570008366772727e-25
    1.3201650432237798e-24
    9.0329498882152036e-24
    1.7531943970366706e-23
    4.9731227065262508e-24
    8.4533636810365799e-24
    5.0655992754163194e-23
    7.5410377514905332e-23
    1.8733982982047875e-23
    2.4424760316916142e-23
    1.2818331340147828e-22
    1.4636309619390471e-22
    3.1844211512138430e-23
    3.1844211511969412e-23
    1.4636309619312891e-22
    1.2818331339875774e-22
    2.4424760316592129e-23
    1.8733982981351959e-23
    7.5410377513304826e-23
    5.0655992751475584e-23
    8.4533636807899538e-24
    4.9731227061832783e-24
    1.7531943969715570e-23
    9.0329498874485374e-24
    1.3201650431642428e-24
    5.9570008360767787e-25
    1.8391979126149326e-24
    7.2682156248478563e-25
    9.3030710176424101e-26
    3.2197754098518420e-26
    8.7061528768073934e-26
    2.6389152165232029e-26
    2.9581750920892639e-27
    7.8527709423594356e-28
    1.8596171589774056e-27
    4.3233709882564660e-28
    4.2444443900618235e-29
    8.6421084577330871e-30
    1.7923393221428559e-29
    3.1960900178624676e-30
    2.7480033136585008e-31
    4.2915672980100304e-32
    7.7950041936793616e-32
    1.0661417086097285e-32
    8.0281058221244735e-34
    9.6163790689530489e-35
    1.5297198622261133e-34
    1.6047607627656881e-35
    1.0582989302497629e-36
    9.7231425710977790e-38
    1.3545869597918387e-37
    1.0899462778102718e-38
    6.2951061544265695e-40
    2.2928846047178404e-174
    2.6667601028373904e-173
    6.6740511676790490e-170
    1.4361287101631629e-167
    3.1477399987917335e-164
    3.2062730807456983e-163
    6.1546860200900410e-160
    1.1598708673974227e-157
    1.9499116746490494e-154
    1.7394682285611008e-153
    2.5610715119786080e-150
    4.2269328485307217e-148
    5.4504261344910099e-145
    4.2582575485463157e-144
    4.8088024945632177e-141
    6.9508911689681119e-139
    6.8745679566528117e-136
    4.7037776193569953e-135
    4.0742868988745726e-132
    5.1576879306152391e-130
    3.9125490280766431e-127
    2.3445584817342146e-126
    1.5576350346327968e-123
    1.7269074620472293e-121
    1.0047860763324934e-118
    5.2732066497860397e-118
    2.6870715984690361e-115
    2.6090506075060213e-113
    1.1643588702580884e-110
    5.3516529767695391e-110
    2.0916653521352013e-107
    1.7786699686329451e-105
    6.0883489537086095e-103
    2.4507585679401363e-102
    7.3469079510903988e-100
    5.4715160049995480e-98
    1.4365199056256352e-95
    5.0642198040870769e-95
    1.1644381537491371e-92
    7.5948536167540456e-91
    1.5294074198282566e-88
    4.7219784107642594e-88
    8.3277501627996606e-86
    4.7569717664460731e-84
    7.3474082156796086e-82
    1.9867118370212397e-81
    2.6874375466198792e-79
    1.3444392162739072e-77
    1.5927388684605109e-75
    3.7717699288353258e-75
    3.9133483215749010e-73
    1.7145541369033886e-71
    1.5579532435382010e-69
    3.2311337844608968e-69
    2.5713314568886438e-67
    9.8664442252419274e-66
    6.8764405578440581e-64
    1.2490048336011675e-63
    7.6237220198304436e-62
    2.5619435727606878e-60
    1.3695326769451553e-58
    2.1785760760328334e-58
    1.0199419963868580e-56
    3.0017732787633944e-55
    1.2307803016787315e-53
    1.7146708841930237e-53
    6.1572009594443357e-52
    1.5870318646979484e-50
    4.9910061729787745e-49
    6.0895927414486088e-49
    1.6772222482009897e-47
    3.7861066069213370e-46
    9.1326141545905635e-45
    9.7587716691927228e-45
    2.0615664275037032e-43
    4.0756742194466388e-42
    7.5405243043441971e-41
    7.0566974322145855e-41
    1.1434139433033365e-39
    1.9797279676965697e-38
    2.8093601058591569e-37
    2.3025404528489631e-37
    2.8616009207288934e-36
    4.3392133776882736e-35
    4.7229430634993214e-34
    3.3900997219005996e-34
    3.2315738272615536e-33
    4.2915672988512830e-32
    3.5827577276821780e-31
    2.2522526684720262e-31
    1.6467153338060869e-30
    1.9152271085059081e-29
    1.2263702454269784e-28
    6.7518250288357192e-29
    3.7863644101538058e-28
    3.8567728857582670e-27
    1.8941972457979679e-26
    9.1332360113078441e-27
    3.9284906267754336e-26
    3.5045098306417674e-25
    1.3201650431642522e-24
    5.5747784659328360e-25
    1.8391979128393543e-24
    1.4369112073622716e-23
    4.1517451702618847e-23
    1.5354298502540152e-23
    3.8853544269101822e-23
    2.6584715310148686e-22
    5.8915908858744549e-22
    1.9082346491179896e-22
    3.7036697163897659e-22
    2.2193895045544553e-21
    3.7725404618015671e-21
    1.0701212976402721e-21
    1.5930642487538861e-21
    8.3605427942278264e-21
    1.0900204941149827e-20
    2.7079065321791776e-21
    3.0919592709551006e-21
    1.4211334202133736e-20
    1.4211334202096069e-20
    3.0919592709387114e-21
    2.7079065321217250e-21
    1.0900204941005228e-20
    8.3605427939172567e-21
    1.5930642487200750e-21
    1.0701212975835030e-21
    3.7725404616915040e-21
    2.2193895044013946e-21
    3.7036697162522114e-22
    1.9082346489560295e-22
    5.8915908856087546e-22
    2.6584715307469010e-22
    3.8853544267040675e-23
    1.5354298500748096e-23
    4.1517451707464212e-23
    1.4369112074270837e-23
    1.8391979127125134e-24
    5.5747784651047636e-25
    1.3201650432973218e-24
    3.5045098306882573e-25
    3.9284906261085220e-26
    9.1332360096604057e-27
    1.8941972457828799e-26
    3.8567728856866331e-27
    3.7863644093904928e-28
    6.7518250274030058e-29
    1.2263702453781979e-28
    1.9152271084093965e-29
    1.6467153337187537e-30
    2.2522526683286695e-31
    3.5827577274255205e-31
    4.2915672990003959e-32
    3.2315738270729927e-33
    3.3900997219978198e-34
    4.7229430631434665e-34
    4.3392133777630715e-35
    2.8616009204375229e-36
    2.3025404532545739e-37
    2.8093601055406878e-37
    4.2421329966992065e-173
    9.1282623340410078e-171
    2.2845133247857568e-167
    2.6570238102495277e-166
    5.8237260104824526e-163
    1.0975003624991192e-160
    2.1067357545683827e-157
    2.1459110796495413e-156
    3.6075887262373195e-153
    5.9541622427296522e-151
    8.7664925677698658e-148
    7.8203723255415432e-147
    1.0083993106113079e-143
    1.4575923778926053e-141
    1.6460427259171106e-138
    1.2860047434760506e-137
    1.2718839623144926e-134
    1.6100929375718823e-132
    1.3946196211580984e-129
    9.5423895769685047e-129
    7.2387216068815674e-126
    8.0253731333509541e-124
    5.3317511403095981e-121
    3.1950020993734153e-120
    1.8589841632265146e-117
    1.8050072666503614e-115
    9.1977881455550564e-113
    4.8270809823654828e-112
    2.1542144656262312e-109
    1.8318592752383746e-107
    7.1597254019203196e-105
    3.2907694301799280e-104
    1.1264232809041615e-101
    8.3888937372038912e-100
    2.5148307509753219e-97
    1.0123012095285686e-96
    2.6577475724239877e-94
    1.7334715199644640e-92
    3.9858466938089844e-90
    1.4051461231963887e-89
    2.8296014843772639e-87
    1.6163230289374225e-85
    2.8505709252474681e-83
    8.8010128582234564e-83
    1.3593655244426587e-80
    6.8004717825896805e-79
    9.1990407781849152e-77
    2.4873863907700516e-76
    2.9467728533234407e-74
    1.2910687143196111e-72
    1.3395306928968347e-70
    3.1721468510801810e-70
    2.8824149493147986e-68
    1.1060101277668898e-66
    8.8016121364006307e-65
    1.8254197582228202e-64
    1.2722304179675381e-62
    4.2753166155983665e-61
    2.6095836098655981e-59
    4.7399268778156502e-59
    2.5338125370854520e-57
    7.4572189359378469e-56
    3.4912394618458956e-54
    5.5536687054301799e-54
    2.2771027022763252e-52
    5.8692814665393384e-51
    2.1075966128644382e-49
    2.9362141584272362e-49
    9.2340067744556293e-48
    2.0844544656146858e-46
    5.7410955939439430e-45
    7.0047867783027361e-45
    1.6896517061740920e-43
    3.3404065019625018e-42
    7.0566974329408254e-41
    7.5405243034780445e-41
    1.3950944976557772e-39
    2.4154923164565499e-38
    3.9138812753562873e-37
    3.6627527252708805e-37
    5.1976794549009729e-36
    7.8815463261979590e-35
    9.7951982541374621e-34
    8.0281058226675246e-34
    8.7380553587509119e-33
    1.1604238255867555e-31
    1.1061607536419121e-30
    7.9399544159280383e-31
    6.6285650580603153e-30
    7.7094123246233777e-29
    5.6366710837126597e-28
    3.5434177962387865e-28
    2.2689435279629865e-27
    2.3111351497223915e-26
    1.2960643737939596e-25
    7.1355285327536406e-26
    3.5045098309949888e-25
    3.1262869944489312e-24
    1.3447138711902540e-23
    6.4837963319542242e-24
    2.4424760317693464e-23
    1.9082346490774623e-22
    6.2955348005990884e-22
    2.6584715312193294e-22
    7.6812654000240279e-22
    5.2557432719297058e-21
    1.3299484430967331e-20
    4.9185160819601386e-21
    1.0900204941988152e-20
    6.5318460603758421e-20
    1.2677581584170159e-19
    4.1061575581805923e-20
    6.9796876568893471e-20
    3.6630021288768921e-19
    5.4530245753362782e-19
    1.5468085216480445e-19
    2.0166788575403759e-19
    9.2691056742252614e-19
    1.0583709918570777e-18
    2.6292805848713072e-19
    2.6292805848643387e-19
    1.0583709918514676e-18
    9.2691056741269311e-19
    2.0166788575136088e-19
    1.5468085215905960e-19
    5.4530245752205828e-19
    3.6630021286825734e-19
    6.9796876566857655e-20
    4.1061575578974102e-20
    1.2677581583699315e-19
    6.5318460598214102e-20
    1.0900204941496651e-20
    4.9185160814643636e-21
    1.3299484432519659e-20
    5.2557432722086302e-21
    7.6812653995553612e-22
    2.6584715308667554e-22
    6.2955348012337077e-22
    1.9082346491179896e-22
    2.4424760315814631e-23
    6.4837963308878848e-24
    1.3447138713044239e-23
    3.1262869944157885e-24
    3.5045098303442250e-25
    7.1355285313529748e-26
    1.2960643737527121e-25
    2.3111351496243382e-26
    2.2689435274694658e-27
    3.5434177954304880e-28
    5.6366710833539632e-28
    7.7094123240508307e-29
    6.6285650575504234e-30
    7.9399544162650716e-31
    1.1061607535803073e-30
    1.1604238256237110e-31
    8.7380553596758934e-33
    8.0281058241477932e-34
    9.7951982531815873e-34
    7.8815463262021039e-35
    5.1976794552210231e-36
    1.1137513781548557e-170
    1.4790746708109869e-169
    3.7016528120801335e-166
    6.9758867361260792e-164
    1.5289909286714949e-160
    1.7783066787252638e-159
    3.4135954671829970e-156
    5.6339851301623812e-154
    9.4715486732467860e-151
    9.6476747001273380e-150
    1.4204562305671095e-146
    2.0532007039932932e-144
    2.6475033266975100e-141
    2.3617725775719060e-140
    2.6671232853204427e-137
    3.3763428838895546e-135
    3.3392694599913168e-132
    2.6088729640569283e-131
    2.2597362797391002e-128
    2.5053079552734534e-126
    1.9004911381424222e-123
    1.3003708360861873e-122
    8.6391667688514430e-120
    8.3883225602056355e-118
    4.8806724723327222e-115
    2.9246974183935395e-114
    1.4903401078355827e-111
    1.2673266259279044e-109
    5.6557852659820604e-107
    2.9682063846162847e-106
    1.1601078172780854e-103
    8.6397550262229161e-102
    2.9573695177770020e-99
    1.3592729687978599e-98
    4.0748417705451236e-96
    2.6577475720010520e-94
    6.9777869384260526e-92
    2.8087862989833698e-91
    6.4583648790768837e-89
    3.6891427789273948e-87
    7.4289810226901595e-85
    2.6189677338937765e-84
    4.6188497860520627e-82
    2.3106631045108222e-80
    3.5689480443591747e-78
    1.1018970743907980e-77
    1.4905430752092223e-75
    6.5305119449339246e-74
    7.7366087508739278e-72
    2.0919502132353099e-71
    2.1704743423494869e-69
    8.3283172163899357e-68
    7.5676402052394704e-66
    1.7920952595011022e-65
    1.4261467403972480e-63
    4.7925507592336743e-62
    3.3401790618760327e-60
    6.9274000728635059e-60
    4.2283721451576574e-58
    1.2444447396090158e-56
    6.6524015332164182e-55
    1.2083114221692519e-54
    5.6569406846117951e-53
    1.4580886971802555e-51
    5.9784223508514668e-50
    9.5101403041397699e-50
    3.4149903369158008e-48
    7.7088874111581859e-47
    2.4243435504813315e-45
    3.3774925497438632e-45
    9.3024375981768800e-44
    1.8390726870810693e-42
    4.4360983450221645e-41
    5.4125423499007250e-41
    1.1434139432966744e-39
    1.9797279676671699e-38
    3.6627527256628752e-37
    3.9138812749285731e-37
    6.3417575503325853e-36
    9.6163790700158310e-35
    1.3646254517246243e-33
    1.2770662267657324e-33
    1.5871399287558844e-32
    2.1077401232227755e-31
    2.2941339197158159e-30
    1.8802631045449161e-30
    1.7923393219621924e-29
    2.0845964002847523e-28
    1.7402975049259692e-27
    1.2491749335105035e-27
    9.1332360118891786e-27
    9.3030710185801377e-26
    5.9570008369300499e-25
    3.7447888060702944e-25
    2.1000448024483341e-24
    1.8733982982693871e-23
    9.2009200480502843e-23
    5.0655992760881338e-23
    2.1788727728906827e-22
    1.7022891799608236e-21
    6.4126019824275849e-21
    3.0919592712175063e-21
    1.0200809006059835e-20
    6.9796876569449427e-20
    2.0166788574815252e-19
    8.5160093621811264e-20
    2.1549479886355976e-19
    1.2913324662158987e-18
    2.8617957724328258e-18
    1.0583709919693840e-18
    2.0541795493935628e-18
    1.0780516883383386e-17
    1.8324830345569863e-17
    5.9352519347376204e-18
    8.8356690829606045e-18
    4.0610705133456152e-17
    5.2946922187052404e-17
    1.5018958616630899e-17
    1.7149044024759867e-17
    6.9030482475974264e-17
    6.9030482475791322e-17
    1.7149044024668963e-17
    1.5018958616471571e-17
    5.2946922186349646e-17
    4.0610705132702155e-17
    8.8356690827730775e-18
    5.9352519344227593e-18
    1.8324830345035237e-17
    1.0780516882639904e-17
    2.0541795493172706e-18
    1.0583709918795481e-18
    2.8617957727668364e-18
    1.2913324662946794e-18
    2.1549479885212643e-19
    8.5160093611872515e-20
    2.0166788576848016e-19
    6.9796876571486736e-20
    1.0200809005356261e-20
    3.0919592707582299e-21
    6.4126019829718963e-21
    1.7022891799563116e-21
    2.1788727727057215e-22
    5.0655992751744097e-23
    9.2009200486848937e-23
    1.8733982982047608e-23
    2.1000448020249456e-24
    3.7447888052756364e-25
    5.9570008365982905e-25
    9.3030710179632707e-26
    9.1332360097572304e-27
    1.2491749336165176e-27
    1.7402975047736253e-27
    2.0845964003782155e-28
    1.7923393221713574e-29
    1.8802631049040079e-30
    2.2941339195387566e-30
    2.1077401232563226e-31
    1.5871399288771380e-32
    1.2770662269696457e-33
    1.3646254515781137e-33
    1.5804841578759634e-169
    2.9784744905552262e-167
    7.4541729983293081e-164
    9.8992276820791291e-163
    2.1697355331715326e-159
    3.5810504929161564e-157
    6.8740998819918425e-154
    7.9949838164800197e-153
    1.3440730958662816e-149
    1.9427925820505410e-147
    2.8604320871606806e-144
    2.9136225994864569e-143
    3.7569758809408274e-140
    4.7560001625436065e-138
    5.3708976465248438e-135
    4.7912456436390172e-134
    4.7386360933487369e-131
    5.2535965405166750e-129
    4.5505254051372171e-126
    3.5551915902717779e-125
    2.6969179966428976e-122
    2.6186111090774055e-120
    1.7397051245916546e-117
    1.1903564094688326e-116
    6.9259851636140782e-114
    5.8895854459071578e-112
    3.0011601724534628e-109
    1.7984172177885966e-108
    8.0259195967019283e-106
    5.9772012698964639e-104
    2.3361576046226633e-101
    1.2260362781581687e-100
    4.1966957462436997e-98
    2.7372247954208568e-96
    8.2056792033590687e-94
    3.7715131182308828e-93
    9.9019241901443843e-91
    5.6561703786511472e-89
    1.3005479319226721e-86
    5.2351286225711937e-86
    1.0542197339331787e-83
    5.2739247996384536e-82
    9.3011708839378271e-80
    3.2789781476174047e-79
    5.0645646371339273e-77
    2.2189361984382473e-75
    3.0015688958443436e-73
    9.2672124777519987e-73
    1.0978740683251508e-70
    4.2126475875612981e-69
    4.3707749098829483e-67
    1.1818412690996644e-66
    1.0738963552743912e-64
    3.6088171343544743e-63
    2.8718913046408879e-61
    6.8009348399587376e-61
    4.7399268771116207e-59
    1.3949995094813539e-57
    8.5148497363475068e-56
    1.7659463636778722e-55
    9.4401815712599911e-54
    2.4332272187219635e-52
    1.1391617918981178e-50
    2.0691207498006477e-50
    8.4837621751959295e-49
    1.9150967058106913e-47
    6.8769087879471607e-46
    1.0939402336188802e-45
    3.4402979425374174e-44
    6.8013979279559128e-43
    1.8732707437053161e-41
    2.6097613018839143e-41
    6.2951061551378562e-40
    1.0899462777900120e-38
    2.3025404530884486e-37
    2.8093601054907434e-37
    5.1976794548624897e-36
    7.8815463262021039e-35
    1.2770662268856739e-33
    1.3646254515803051e-33
    1.9364904500359593e-32
    2.5716816430722736e-31
    3.1960900180624939e-30
    2.9910175093434750e-30
    3.2555221808182531e-29
    3.7863644099006421e-28
    3.6093086136896115e-27
    2.9581750921136043e-27
    2.4695930258903993e-26
    2.5155157800079481e-25
    1.8391979127710464e-24
    1.3201650433568398e-24
    8.4533636813057299e-24
    7.5410377523706223e-23
    4.2289480009300796e-22
    2.6584715313039735e-22
    1.3056691698792375e-21
    1.0200809006222192e-20
    4.3876871804750813e-20
    2.4156567918062242e-20
    9.0998907320539093e-20
    6.2264076295164132e-19
    2.0541795493172848e-18
    9.9046214307565723e-19
    2.8617957726074360e-18
    1.7149044025032933e-17
    4.3395088423555642e-17
    1.8324830347368525e-17
    4.0610705136472719e-17
    2.1312859068360641e-16
    4.1365872240950487e-16
    1.5298240236848642e-16
    2.6004101655625508e-16
    1.1952064916437325e-15
    1.7792756166663543e-15
    5.7629177715816164e-16
    7.5135055601617262e-16
    3.0244304764454176e-15
    3.4533746789178062e-15
    9.7958652265289904e-16
    9.7958652265029579e-16
    3.4533746788995015e-15
    3.0244304764133118e-15
    7.5135055600620527e-16
    5.7629177714746183e-16
    1.7792756166285911e-15
    1.1952064917959087e-15
    2.6004101654866840e-16
    1.5298240236321116e-16
    4.1365872245778454e-16
    2.1312859069830491e-16
    4.0610705134641249e-17
    1.8324830345521425e-17
    4.3395088427929456e-17
    1.7149044025669728e-17
    2.8617957724328258e-18
    9.9046214294430630e-19
    2.0541795494916466e-18
    6.2264076295494169e-19
    9.0998907313539144e-20
    2.4156567914089404e-20
    4.3876871807776479e-20
    1.0200809005951477e-20
    1.3056691697580106e-21
    2.6584715307821301e-22
    4.2289480011543611e-22
    7.5410377519305513e-23
    8.4533636817093638e-24
    1.3201650432623143e-24
    1.8391979128393543e-24
    2.5155157800880048e-25
    2.4695930260475895e-26
    2.9581750926934794e-27
    3.6093086134789581e-27
    3.7863644100132069e-28
    3.2555221811049503e-29
    2.9910175098433325e-30
    3.1960900177946111e-30
    2.5716816430722736e-31
    1.9364904501329645e-32
    2.4411459345296254e-167
    3.7016528133169508e-166
    9.2640580061086431e-163
    1.5289909291825437e-160
    3.3512775496113749e-157
    4.4505352232386740e-156
    8.5431422185707198e-153
    1.2348698430776703e-150
    2.0759958632512409e-147
    2.4145056974109229e-146
    3.5549495274566583e-143
    4.5002526143942531e-141
    5.8028587962628129e-138
    5.9107645332005546e-137
    6.6749600999906395e-134
    7.4003461319224938e-132
    7.3190877471620003e-129
    6.5291780986918527e-128
    5.6554001784538980e-125
    5.4911917054551433e-123
    4.1655402690483193e-120
    3.2544140324671617e-119
    2.1621082833566921e-116
    1.8385718677150976e-114
    1.0697570388783973e-111
    7.3195861172867024e-111
    3.7298466141294468e-108
    2.7777557013499249e-106
    1.2396480470604662e-103
    7.4284752020645090e-103
    2.9033803699159156e-100
    1.8936814149852757e-98
    6.4820306548742910e-96
    3.4018273096586125e-95
    1.0198031106171058e-92
    5.8253123700207038e-91
    1.5294074198769410e-88
    7.0294975031735048e-88
    1.6163230292203591e-85
    8.0859481507038414e-84
    1.6283011789394789e-81
    6.5544420922879460e-81
    1.1559509903028237e-78
    5.0645646364087392e-77
    7.8225025618642426e-75
    2.7576974211202403e-74
    3.7303545767610625e-72
    1.4313726557467220e-70
    1.6957277332603834e-68
    5.2354850925784747e-68
    5.4320059791555569e-66
    1.8254197576902041e-64
    1.6586928180788893e-62
    4.4850436491632352e-62
    3.5691910610679189e-60
    1.0504423187450017e-58
    7.3210814346001771e-57
    1.7337075993749815e-56
    1.0582268735657551e-54
    2.7276026556553760e-53
    1.4580886969868694e-51
    3.0240186404601492e-51
    1.4157520788417471e-49
    3.1958724047959634e-48
    1.3103643867653968e-46
    2.3800852185507256e-46
    8.5466331312945075e-45
    1.6896517061440295e-43
    5.3137320563071349e-42
    8.4527881149255233e-42
    2.3281038461574973e-40
    4.0309218927003948e-39
    9.7231425720133220e-38
    1.3545869597666600e-37
    2.8616009206955476e-36
    4.3392133776859301e-35
    8.0281058235940186e-34
    9.7951982530149676e-34
    1.5871399287727325e-32
    2.1077401232290353e-31
    2.9910175096513806e-30
    3.1960900177454221e-30
    3.9721057348680968e-29
    4.6197933699849850e-28
    5.0283355880763723e-27
    4.7056996836354235e-27
    4.4856544597096276e-26
    4.5690664247641942e-25
    3.8144241719326930e-24
    3.1262869947143619e-24
    2.2857580783626624e-23
    2.0390685426175284e-22
    1.3056691698203635e-21
    9.3720136598831585e-22
    5.2557432720971572e-21
    4.1061575582568874e-20
    2.0166788575136375e-19
    1.2677581585919057e-19
    5.4530245757992169e-19
    3.7311166499361743e-18
    1.4055288788594615e-17
    7.7381892614825087e-18
    2.5529375966858559e-17
    1.5298240237173330e-16
    4.4202031895055583e-16
    2.1312859069830491e-16
    5.3931484608938969e-16
    2.8303722552076407e-15
    6.2725499174510892e-15
    2.6487654997957157e-15
    5.1409571523932087e-15
    2.3628985316142794e-14
    4.0164785404548811e-14
    1.4854045204249024e-14
    2.2112865538767498e-14
    8.9011479290830571e-14
    1.1605028408835492e-13
    3.7587669853134967e-14
    4.2918595193795649e-14
    1.5130260213788367e-13
    1.5130260213748159e-13
    4.2918595193567845e-14
    3.7587669852736220e-14
    1.1605028408681539e-13
    8.9011479302164331e-14
    2.2112865538298176e-14
    1.4854045203854922e-14
    4.0164785409236885e-14
    2.3628985318775375e-14
    5.1409571522023099e-15
    2.6487654996833002e-15
    6.2725499180833920e-15
    2.8303722553353056e-15
    5.3931484606077573e-16
    2.1312859067342985e-16
    4.4202031898807824e-16
    1.5298240237376274e-16
    2.5529375965097917e-17
    7.7381892603330860e-18
    1.4055288789564140e-17
    3.7311166498669263e-18
    5.4530245753363168e-19
    1.2677581583632206e-19
    2.0166788576206205e-19
    4.1061575580499131e-20
    5.2557432723479990e-21
    9.3720136592864945e-22
    1.3056691698688746e-21
    2.0390685424498822e-22
    2.2857580784354234e-23
    3.1262869947972409e-24
    3.8144241720137308e-24
    4.5690664249557061e-25
    4.4856544601498181e-26
    4.7056996844493221e-27
    5.0283355877496000e-27
    4.6197933700524742e-28
    3.9721057351041584e-29
    3.1960900182523915e-30
    2.9910175093434750e-30
    2.6570238095307553e-166
    4.3852977828380509e-164
    1.0975003622196939e-160
    1.6642041944032204e-159
    3.6476410999078872e-156
    5.2724885966332438e-154
    1.0120944485875628e-150
    1.3440730962940548e-149
    2.2595824195200160e-146
    2.8604320868270320e-144
    4.2115003919305253e-141
    4.8982234843950688e-140
    6.3160230475878088e-137
    7.0024024157718364e-135
    7.9077345184051750e-132
    8.0547809916475381e-131
    7.9663366835958604e-128
    7.7350285626296166e-126
    6.6998757350800336e-123
    5.9767942979514292e-122
    4.5339115192792300e-119
    3.8554600776279140e-117
    2.5614203008063200e-114
    2.0011623058827563e-113
    1.1643588701901815e-110
    8.6714142018872138e-109
    4.4186985961186004e-106
    3.0234009897043428e-105
    1.3492738510252184e-102
    8.8004136208495273e-101
    3.4395952680589630e-98
    2.0611453561120624e-97
    7.0552561147536308e-95
    4.0300985838086106e-93
    1.2081468862903400e-90
    6.3404622574614456e-90
    1.6646575163791684e-87
    8.3277501617390597e-86
    1.9148359270254622e-83
    8.8010128583632849e-83
    1.7722967481416551e-80
    7.7649584724253912e-79
    1.3694394289365022e-76
    5.5124393152540072e-76
    8.5142699839790827e-74
    3.2670066579286722e-72
    4.4193003718886629e-70
    1.5579532435216848e-69
    1.8456860353982378e-67
    6.2024080393825386e-66
    6.4352236630083464e-64
    1.9868471155041856e-63
    1.8053760113112836e-61
    5.3133702583941916e-60
    4.2283721450454123e-58
    1.1433360914439253e-57
    7.9685066787666675e-56
    2.0538998320413622e-54
    1.2536669959005345e-52
    2.9688127598048716e-52
    1.5870318646180204e-50
    3.5825137871981839e-49
    1.6772222478539793e-47
    3.4784930108475356e-47
    1.4262438494686679e-45
    2.8196546132622373e-44
    1.0125080122630566e-42
    1.8390726869346883e-42
    5.7836413592865823e-41
    1.0013903207083699e-39
    2.7580729878103508e-38
    4.3873884351399968e-38
    1.0582989303295013e-36
    1.6047607627060758e-35
    3.3900997223034977e-34
    4.7229430629755399e-34
    8.7380553589225217e-33
    1.1604238255842820e-31
    1.8802631047494051e-30
    2.2941339194904734e-30
    3.2555221808705781e-29
    3.7863644098966601e-28
    4.7056996840997826e-27
    5.0283355876029703e-27
    5.4730064224464217e-26
    5.5747784658381656e-25
    5.3140938794195055e-24
    4.9731227061727481e-24
    4.1517451705811925e-23
    3.7036697166255319e-22
    2.7079065321504323e-21
    2.2193895048664435e-21
    1.4211334203641531e-20
    1.1102897217880657e-19
    6.2264076292852082e-19
    4.4692774174353644e-19
    2.1950198325880162e-18
    1.5018958617427855e-17
    6.4601241087424879e-17
    4.0610705139273453e-17
    1.5298240237294967e-16
    9.1673276566498322e-16
    3.0244304765577238e-15
    1.6651109619749844e-15
    4.8110950481206672e-15
    2.5249054498352350e-14
    6.3891896891261973e-14
    3.0806705838797937e-14
    6.8272503668127327e-14
    3.1379564910777504e-13
    6.0904220732069903e-13
    2.5718567534748756e-13
    4.3716678144442814e-13
    1.7597385488081366e-12
    2.6196811291545932e-12
    9.6883032042224578e-13
    1.2631295964766166e-12
    4.4529601661313493e-12
    5.0845076465506944e-12
    1.6468274617818407e-12
    1.6468274617774645e-12
    5.0845076465237246e-12
    4.4529601666982943e-12
    1.2631295964598645e-12
    9.6883032040425783e-13
    2.6196811294603277e-12
    1.7597385490041760e-12
    4.3716678143167379e-13
    2.5718567533861910e-13
    6.0904220738208902e-13
    3.1379564913774156e-13
    6.8272503665048359e-14
    3.0806705837245313e-14
    6.3891896896685209e-14
    2.5249054500361512e-14
    4.8110950478271557e-15
    1.6651109617541409e-15
    3.0244304767663046e-15
    9.1673276565525834e-16
    1.5298240236118282e-16
    4.0610705138304189e-17
    6.4601241090851457e-17
    1.5018958616790440e-17
    2.1950198326928408e-18
    4.4692774171863648e-19
    6.2264076295163689e-19
    1.1102897217055933e-19
    1.4211334204094010e-20
    2.2193895046722078e-21
    2.7079065322078856e-21
    3.7036697166844275e-22
    4.1517451706473311e-23
    4.9731227070539258e-24
    5.3140938791657273e-24
    5.5747784659919753e-25
    5.4730064228312193e-26
    5.0283355884299418e-27
    4.7056996837003563e-27
    3.7863644099528892e-28
    3.2555221810013658e-29
    2.4143412994475268e-164
    4.1802350087267340e-163
    1.0461796811599700e-159
    1.5122020746856193e-157
    3.3144793514760100e-154
    5.0259395156732453e-153
    9.6476746976704754e-150
    1.2213105408461293e-147
    2.0532007035029900e-144
    2.7266742058510489e-143
    4.0145646315085142e-140
    4.4508382686970787e-138
    5.7391413796730746e-135
    6.6749600992112954e-134
    7.5379575824752590e-131
    7.3190877463661118e-129
    7.2387216070547980e-126
    7.3733276033267482e-125
    6.3865799972599509e-122
    5.4308965015989910e-120
    4.1198011812210844e-117
    3.6751732692131198e-116
    2.4416446367498138e-113
    1.8183837063437808e-111
    1.0580107328959677e-108
    8.2659265144457952e-108
    4.2120739517957822e-105
    2.7472549734025883e-103
    1.2260362784605627e-100
    8.3888937367144024e-100
    3.2787548908715679e-97
    1.8728881315337025e-95
    6.4108556939320681e-93
    3.8416454299326505e-92
    1.1516522159164112e-89
    5.7613484052561080e-88
    1.5126139921426323e-85
    7.9383326946391061e-85
    1.8252954698633170e-82
    7.9971616153648878e-81
    1.6104218631843084e-78
    7.4018579478459866e-78
    1.3054024895514339e-75
    5.0089539475091600e-74
    7.7366087511197618e-72
    3.1142367705544910e-71
    4.2126475882319096e-69
    1.4156556839688013e-67
    1.6771080503848660e-65
    5.9123745999568323e-65
    6.1343034332195425e-63
    1.8053760110814575e-61
    1.6404797915094253e-59
    5.0649094926402438e-59
    4.0306474373815883e-57
    1.0389080948694868e-55
    7.2406934029934472e-54
    1.9578565482445802e-53
    1.1950437404799314e-51
    2.6976526256697198e-50
    1.4420783737435047e-48
    3.4149903368070937e-48
    1.5987929452125896e-46
    3.1607806093852524e-45
    1.2959761280524062e-43
    2.6878035450506428e-43
    9.6516169461060273e-42
    1.6710987401687969e-40
    5.2553854220961076e-39
    9.5456388215764659e-39
    2.6291015641693525e-37
    3.9866609616250959e-36
    9.6163790696776033e-35
    1.5297198621409195e-34
    3.2315738273061912e-33
    4.2915672987715737e-32
    7.9399544168126535e-31
    1.1061607535427692e-30
    1.7923393220239840e-29
    2.0845964003040373e-28
    2.9581750924388956e-27
    3.6093086133679634e-27
    4.4856544597501052e-26
    4.5690664248224041e-25
    4.9731227066344147e-24
    5.3140938789458577e-24
    5.0655992754163558e-23
    4.5188964791892089e-22
    3.7725404619816461e-21
    3.5304808422875276e-21
    2.5812809634582660e-20
    2.0166788576848016e-19
    1.2913324662090539e-18
    1.0583709920367723e-18
    5.9352519348006676e-18
    4.0610705138088929e-17
    1.9945350191450364e-16
    1.4316650707787546e-16
    6.1580394985909401e-16
    3.6901476856795680e-15
    1.3900956807575994e-14
    8.7386503503512049e-15
    2.8830037971221106e-14
    1.5130260214029183e-13
    4.3716678143167379e-13
    2.4068372725612434e-13
    6.0904220735300815e-13
    2.7992937789330310e-12
    6.2036751280846636e-12
    2.9912211734084137e-12
    5.8056252571282898e-12
    2.3369530802745635e-11
    3.9723762029511239e-11
    1.6774506663252053e-11
    2.4971811060434159e-11
    8.8034102152659770e-11
    1.1477601142768396e-10
    4.2447334025021902e-11
    4.8467488226695522e-11
    1.4964124670987032e-10
    1.4964124672892243e-10
    4.8467488226438443e-11
    4.2447334024571450e-11
    1.1477601144107989e-10
    8.8034102162467612e-11
    2.4971811059904156e-11
    1.6774506662807056e-11
    3.9723762033515297e-11
    2.3369530804977191e-11
    5.8056252569127099e-12
    2.9912211732814746e-12
    6.2036751286111972e-12
    2.7992937791557708e-12
    6.0904220732069903e-13
    2.4068372724207878e-13
    4.3716678146182004e-13
    1.5130260214992446e-13
    2.8830037969232842e-14
    8.7386503502121192e-15
    1.3900956808313426e-14
    3.6901476855523216e-15
    6.1580394988849337e-16
    1.4316650707103845e-16
    1.9945350192190996e-16
    4.0610705135395252e-17
    5.9352519349894742e-18
    1.0583709919525464e-18
    1.2913324662364610e-18
    2.0166788577169136e-19
    2.5812809634993500e-20
    3.5304808423249561e-21
    3.7725404620016705e-21
    4.5188964793653572e-22
    5.0655992758193729e-23
    5.3140938798423676e-24
    4.9731227063020076e-24
    4.5690664248830495e-25
    4.4856544600070931e-26
    3.6093086138810828e-27
    2.9581750921520690e-27
    2.0155806365715361e-163
    2.9134242188342216e-161
    7.2913728868849068e-158
    1.2624417355645214e-156
    2.7670488852093724e-153
    3.5028398826357885e-151
    6.7239686431382452e-148
    1.0195948178219322e-146
    1.7140872261606918e-143
    1.9003617384221370e-141
    2.7979598757235266e-138
    3.7157229729490771e-137
    4.7912456445415881e-134
    4.6521284980859640e-132
    5.2535965407406494e-129
    6.1102427988613049e-128
    6.0431501992076761e-125
    5.1388573054112017e-123
    4.4511413355219052e-120
    4.5339115187864637e-119
    3.4393610751276006e-116
    2.5614203001949461e-114
    1.7017097372859728e-111
    1.5180533873673634e-110
    8.8326615078020014e-108
    5.7609561299823270e-106
    2.9356144423847644e-103
    2.2935091772908634e-102
    1.0235400367145649e-99
    5.8466584136374353e-98
    2.2851356174738225e-95
    1.5635556798688494e-94
    5.3520173812297700e-92
    2.6774434484521838e-90
    8.0264660980305342e-88
    4.8097848830750759e-87
    1.2627856191960437e-84
    5.5326388789782881e-83
    1.2721437952592434e-80
    6.6763237248418968e-80
    1.3444392161419636e-77
    5.1587415933262365e-76
    9.0980320972522000e-74
    4.1816584044411317e-73
    6.4588046416518985e-71
    2.1704743421076675e-69
    2.9360142392034157e-67
    1.1818412687956082e-66
    1.4001112902096475e-64
    4.1206428141461339e-63
    4.2753166150995601e-61
    1.5071940866354665e-60
    1.3695326767562547e-58
    3.5300000959514548e-57
    2.8091688235255318e-55
    8.6731856828373150e-55
    6.0447963267191156e-53
    1.3645325376899979e-51
    8.3288843062056663e-50
    2.2520993185175479e-49
    1.2038998989850888e-47
    2.3800852179698825e-46
    1.1142823496071936e-44
    2.6387355400627881e-44
    1.0819283875668799e-42
    1.8732707436755275e-41
    6.7267162020067593e-40
    1.3950944977149760e-39
    4.3873884346279912e-38
    6.6528545090582951e-37
    1.8323582656846634e-35
    3.3282107383172787e-35
    8.0281058225781952e-34
    1.0661417086606352e-32
    2.2522526687253573e-31
    3.5827577272345419e-31
    6.6285650580075648e-30
    7.7094123245989458e-29
    1.2491749336456839e-27
    1.7402975047003965e-27
    2.4695930258156817e-26
    2.5155157799719146e-25
    3.1262869945186377e-24
    3.8144241718467754e-24
    4.1517451702971079e-23
    3.7036697165311886e-22
    3.5304808419971877e-21
    3.7725404618545881e-21
    3.1494550946512175e-20
    2.4605765868090772e-19
    1.7990295901297405e-18
    1.6835974502111770e-18
    1.0780516883984162e-17
    7.3763405028879895e-17
    4.1365872242267263e-16
    3.3903305606256438e-16
    1.6651109619131539e-15
    9.9780220042501396e-15
    4.2918595193567542e-14
    3.0806705838797937e-14
    1.1605028409728270e-13
    6.0904220731746634e-13
    2.0093159996540348e-12
    1.2631295964799732e-12
    3.6496285748755841e-12
    1.6774506662629047e-11
    4.2447334024346302e-11
    2.3369530803799473e-11
    5.1790554493997825e-11
    2.0847383441648909e-10
    4.0462436188214679e-10
    1.9509741138112041e-10
    3.3162852980200841e-10
    1.1691030257546290e-09
    1.7404160047986983e-09
    7.3494096172556285e-10
    9.5819222504716218e-10
    2.9583765198045911e-09
    3.3779525248685501e-09
    1.2492599922249738e-09
    1.2492599922216585e-09
    3.3779525252628158e-09
    2.9583765201341820e-09
    9.5819222503445421e-10
    7.3494096171191747e-10
    1.7404160049741466e-09
    1.1691030258662706e-09
    3.3162852979233200e-10
    1.9509741137439292e-10
    4.0462436191649474e-10
    2.0847383443307959e-10
    5.1790554491662165e-11
    2.3369530802621762e-11
    4.2447334027273843e-11
    1.6774506663696989e-11
    3.6496285746529045e-12
    1.2631295965536900e-12
    2.0093159997606418e-12
    6.0904220734655155e-13
    1.1605028410282310e-13
    3.0806705840105610e-14
    4.2918595195161842e-14
    9.9780220045678344e-15
    1.6651109619661464e-15
    3.3903305603827955e-16
    4.1365872243144911e-16
    7.3763405022228281e-17
    1.0780516884155668e-17
    1.6835974502290373e-18
    1.7990295901392888e-18
    2.4605765868090772e-19
    3.1494550946512175e-20
    3.7725404624520025e-21
    3.5304808418192806e-21
    3.7036697166255587e-22
    4.1517451705151715e-23
    3.8144241724083524e-24
    3.1262869942499417e-24
    2.5155157800079481e-25
    2.4695930258903993e-26
    1.0774646147121826e-161
    2.1301252751396105e-160
    5.3310251134783264e-157
    6.7486076891487807e-155
    1.4791753834583320e-151
    2.5610715118430735e-150
    4.9161723388590957e-147
    5.4504261333632624e-145
    9.1629592942508182e-142
    1.3894332808632361e-140
    2.0457045052265013e-137
    1.9863060543367738e-135
    2.5612458993276397e-132
    3.4013640831663231e-131
    3.8411223138987099e-128
    3.2663393781515417e-126
    3.2304738311599934e-123
    3.7572317003569461e-122
    3.2544140330539565e-119
    2.4236833491503940e-117
    1.8385718677929583e-114
    1.8727606115266856e-113
    1.2441905641171205e-110
    8.1150254098221227e-109
    4.7216569040748368e-106
    4.2120739513710356e-105
    2.1463494676128256e-102
    1.2260362781873348e-100
    5.4715160059430269e-98
    4.2747344447695519e-97
    1.6707574214015930e-94
    8.3582660391537580e-93
    2.8610164444061027e-90
    1.9575899468189579e-89
    5.8684822460287982e-87
    2.5711563816655140e-85
    6.7504459812671127e-83
    4.0451417396429952e-82
    9.3011708835428808e-80
    3.5689480441414937e-78
    7.1869398610270954e-76
    3.7717699274545878e-75
    6.6519485899101049e-73
    2.2353801578563521e-71
    3.4526693342730729e-69
    1.5869238078177048e-68
    2.1466417758983557e-66
    6.3177435038588650e-65
    7.4845448724391950e-63
    3.0127728572601817e-62
    3.1258612879394887e-60
    8.0569750788946443e-59
    7.3210814348332239e-57
    2.5809294702026118e-56
    2.0538998318234765e-54
    4.6364062545680841e-53
    3.2313537979763754e-51
    9.9766632970168155e-51
    6.0895927409318022e-49
    1.2038998988509415e-47
    6.4356618498019166e-46
    1.7401790123737839e-45
    8.1469803854287650e-44
    1.4105831936181556e-42
    5.7836413591792411e-41
    1.3696259307510604e-40
    4.9181811930714550e-39
    7.4577267124798074e-38
    2.3453568185195793e-36
    4.8641778460832015e-36
    1.3397131216224944e-34
    1.7791544707950157e-33
    4.2915672986611257e-32
    7.7950041931004578e-32
    1.6467153338078423e-30
    1.9152271084916737e-29
    3.5434177960179800e-28
    5.6366710829712360e-28
    9.1332360102077998e-27
    9.3030710184975110e-26
    1.3201650432703251e-24
    1.8391979127544759e-24
    2.2857580781977485e-23
    2.0390685425634573e-22
    2.2193895047069329e-21
    2.7079065320584992e-21
    2.5812809632597237e-20
    2.0166788576120802e-19
    1.6835974500191400e-18
    1.7990295903492476e-18
    1.3153451446737717e-17
    8.9999707531888690e-17
    5.7629177715816568e-16
    5.3931484613516364e-16
    3.0244304767181884e-15
    1.8123617306768415e-14
    8.9011479294844812e-14
    7.2953457067885542e-14
    3.1379564913108155e-13
    1.6468274617337829e-12
    6.2036751281833582e-12
    4.4529601663675756e-12
    1.4690942599057917e-11
    6.7522847723373826e-11
    1.9509741137801380e-10
    1.2264537511801519e-10
    3.1035006327629896e-10
    1.2492599921885136e-09
    2.7685565553627297e-09
    1.5242386639759395e-09
    2.9583765199772216e-09
    1.0429280444875301e-08
    1.7727795137529569e-08
    8.5477970845319621e-09
    1.2724903215513065e-08
    3.9287581244678777e-08
    5.1221876109848626e-08
    2.1629917666675207e-08
    2.4697611850864245e-08
    6.6781423273276049e-08
    6.6781423273098808e-08
    2.4697611850733249e-08
    2.1629917666445674e-08
    5.1221876115011669e-08
    3.9287581248430346e-08
    1.2724903215242992e-08
    8.5477970843052054e-09
    1.7727795139034330e-08
    1.0429280445705197e-08
    2.9583765198673687e-09
    1.5242386639112500e-09
    2.7685565555536546e-09
    1.2492599922680383e-09
    3.1035006329605731e-10
    1.2264537512517239e-10
    1.9509741138836286e-10
    6.7522847726597943e-11
    1.4690942599759440e-11
    4.4529601665565936e-12
    6.2036751284137191e-12
    1.6468274617862054e-12
    3.1379564914107264e-13
    7.2953457069821129e-14
    8.9011479296733358e-14
    1.8123617307056618e-14
    3.0244304767663046e-15
    5.3931484608366848e-16
    5.7629177716122035e-16
    8.9999707531888690e-17
    1.3153451446737905e-17
    1.7990295903397115e-18
    1.6835974500012679e-18
    2.0166788576848016e-19
    2.5812809634171817e-20
    2.7079065324665011e-21
    2.2193895045544395e-21
    2.0390685426175573e-22
    2.2857580782899178e-23
    1.8391979129857192e-24
    1.3201650431502475e-24
    6.8992890615217603e-161
    8.7338915535959712e-159
    2.1858148792477655e-155
    4.3213108416266612e-154
    9.4715486743784937e-151
    1.0500847582297926e-148
    2.0157178813613154e-145
    3.4900510781591172e-144
    5.8672836181146693e-141
    5.6969229639422065e-139
    8.3877514190713323e-136
    1.2718839622572323e-134
    1.6400330531337177e-131
    1.3946196208918138e-129
    1.5749282976556478e-126
    2.0915229358987801e-125
    2.0685572836941258e-122
    1.5405316577214775e-120
    1.3343674931669382e-117
    1.5519481374201296e-116
    1.1772858804903533e-113
    7.6786507713021972e-112
    5.1014020564092991e-109
    5.1962640145648093e-108
    3.0234009902260251e-105
    1.7270250504206649e-103
    8.8004136212229613e-101
    7.8506324640522131e-100
    3.5035554773669568e-97
    1.7527169644326501e-95
    6.8504018532338305e-93
    5.3520173807332714e-92
    1.8319840102355770e-89
    8.0264660972209152e-88
    2.4061818393803388e-85
    1.6463789952120195e-84
    4.3224879478829671e-82
    1.6585798820870927e-80
    3.8136450834624999e-78
    2.2852912163481055e-77
    4.6019864491410914e-75
    1.5464925889319711e-73
    2.7274169402994445e-71
    1.4313726556859838e-70
    2.2108349031247208e-68
    6.5066691630352435e-67
    8.8016121369612310e-65
    4.0454171816200777e-64
    4.7925507588396120e-62
    1.2352903238953916e-60
    1.2816585868814380e-58
    5.1590928622122535e-58
    4.6878808242887738e-56
    1.0582268734646976e-54
    8.4213537120392483e-53
    2.9688127591353684e-52
    2.0691207495591823e-50
    4.0906089570837059e-49
    2.4968410649376211e-47
    7.7088874101767289e-47
    4.1209233971565651e-45
    7.1350426921531890e-44
    3.3404065012182188e-42
    9.0323348582955809e-42
    3.7034175433778241e-40
    5.6157093142149685e-39
    2.0165415472079162e-37
    4.7753783852958853e-37
    1.5017936016037513e-35
    1.9943992164168540e-34
    5.4930614896769205e-33
    1.1392393598306199e-32
    2.7480033137619876e-31
    3.1960900179047980e-30
    6.7518250283627854e-29
    1.2263702452910069e-28
    2.2689435275477207e-27
    2.3111351497126042e-26
    3.7447888057961756e-25
    5.9570008362126062e-25
    8.4533636807435233e-24
    7.5410377522665652e-23
    9.3720136591672279e-22
    1.3056691697926521e-21
    1.4211334202495537e-20
    1.1102897217468217e-19
    1.0583709919525389e-18
    1.2913324662929819e-18
    1.0780516883983931e-17
    7.3763405021053199e-17
    5.3931484607793947e-16
    5.7629177715816568e-16
    3.6901476856502271e-15
    2.2112865537829012e-14
    1.2400701546887490e-13
    1.1605028409389613e-13
    5.6996389213796822e-13
    2.9912211732973199e-12
    1.2866178348423529e-11
    1.0545068986667689e-11
    3.9723762031934813e-11
    1.8257926723189828e-10
    6.0235471112913016e-10
    4.3236653745718121e-10
    1.2492599922614165e-09
    5.0286779764065836e-09
    1.2724903215242992e-08
    7.9993400073877157e-09
    1.7727795138329059e-08
    6.2496489516605864e-08
    1.2129868605002654e-07
    6.6781423268670440e-08
    1.1351573073110464e-07
    3.5047484590769876e-07
    5.2174360827044981e-07
    2.5156870660165109e-07
    3.2798713268737993e-07
    8.8686500007664560e-07
    1.0126459043233389e-06
    4.2761900182477355e-07
    4.2761900182363873e-07
    1.0126459043179676e-06
    8.8686500006723728e-07
    3.2798713268303004e-07
    2.5156870659698034e-07
    5.2174360831473799e-07
    3.5047484593558981e-07
    1.1351573072779283e-07
    6.6781423266367636e-08
    1.2129868605839279e-07
    6.2496489520584894e-08
    1.7727795139457565e-08
    7.9993400078544755e-09
    1.2724903215918080e-08
    5.0286779766466951e-09
    1.2492599923210579e-09
    4.3236653747553113e-10
    6.0235471115150385e-10
    1.8257926723771082e-10
    3.9723762033199029e-11
    1.0545068986947392e-11
    1.2866178348696555e-11
    2.9912211733449389e-12
    5.6996389214703570e-13
    1.1605028409512723e-13
    1.2400701546953221e-13
    2.2112865540175305e-14
    3.6901476856502271e-15
    5.7629177722083664e-16
    5.3931484607222211e-16
    7.3763405028879895e-17
    1.0780516883812423e-17
    1.2913324663494844e-18
    1.0583709918963930e-18
    1.1102897217880739e-19
    1.4211334203189151e-20
    1.3056691699623809e-21
    9.3720136584910516e-22
    7.5410377523706223e-23
    8.4533636809021548e-24
    2.1697355332581139e-159
    4.8978899773970659e-158
    1.2257858624525846e-154
    1.3589953399143841e-152
    2.9786773000128214e-149
    5.8887834611959219e-148
    1.1303969540713805e-144
    1.0975750935557090e-142
    1.8451834147557772e-139
    3.1947845606600773e-138
    4.7037776185337364e-135
    3.9999075303008611e-133
    5.1576879289602347e-130
    7.8209048305887836e-129
    8.8320601125104534e-126
    6.5775641405619100e-124
    6.5053401893858571e-121
    8.6391667685302768e-120
    7.4830161692522987e-117
    4.8806724714782253e-115
    3.7024090234875251e-112
    4.3061201785816741e-111
    2.8608216454199782e-108
    1.6341565880273883e-106
    9.5081978755847268e-104
    9.6850054000714508e-103
    4.9351949714710909e-100
    2.4689205023750248e-98
    1.1018220492281885e-95
    9.8290834062842960e-95
    3.8416454305644009e-92
    1.6831389701231045e-90
    5.7613484060661668e-88
    4.5011719701396476e-87
    1.3493657257491988e-84
    5.1776450814250559e-83
    1.3593655244607013e-80
    9.3011708827535158e-80
    2.1386588002515574e-77
    7.1869398603597606e-76
    1.4472641215949368e-73
    8.6725951483670675e-73
    1.5295115601136771e-70
    4.5014784639209045e-69
    6.9527845617877738e-67
    3.6488831453133947e-66
    4.9358670885859473e-64
    1.2722304178663291e-62
    1.5071940867473996e-60
    6.9274000713569148e-60
    7.1874292338175401e-58
    1.6224667502091758e-56
    1.4742767710310483e-54
    5.9344437311174466e-54
    4.7226214904474501e-52
    9.3365250790008493e-51
    6.5071122152434420e-49
    2.2939777178724659e-48
    1.4002066264772455e-46
    2.4243435499539745e-45
    1.2959761280936601e-43
    4.0012695233368957e-43
    1.8732707435065923e-41
    2.8405503400951894e-40
    1.1646760364176492e-38
    3.1492406563451947e-38
    1.1308588586665782e-36
    1.5017936014603559e-35
    4.7229430625796157e-34
    1.1184416332633621e-33
    3.0804608292858040e-32
    3.5827577267222955e-31
    8.6421084578960581e-30
    1.7923393219764304e-29
    3.7863644095270559e-28
    3.8567728857224224e-27
    7.1355285322994096e-26
    1.2960643736427095e-25
    2.1000448020940478e-24
    1.8733982982401155e-23
    2.6584715311179679e-22
    4.2289480008290863e-22
    5.2557432717234907e-21
    4.1061575581534006e-20
    4.4692774170595307e-19
    6.2264076290869626e-19
    5.9352519342811018e-18
    4.0610705136214170e-17
    3.3903305602928688e-16
    4.1365872242267263e-16
    3.0244304767181671e-15
    1.8123617306768415e-14
    1.1605028409389613e-13
    1.2400701546887490e-13
    6.9542049442622678e-13
    3.6496285746625899e-12
    1.7924613657900079e-11
    1.6774506663251934e-11
    7.2152402625014590e-11
    3.3162852978793151e-10
    1.2492599922249695e-09
    1.0238885583231697e-09
    3.3779525251015239e-09
    1.3597358094831654e-08
    3.9287581245825270e-08
    2.8200386175253901e-08
    7.1360144037103184e-08
    2.5156870659431070e-07
    5.5751580625396378e-07
    3.5047484592071421e-07
    6.8023241997412160e-07
    2.1001877980822289e-06
    3.5699202098871389e-06
    1.9654322757752581e-06
    2.9258925122525007e-06
    7.9115044600109979e-06
    1.0314763303177033e-05
    4.9734613355965822e-06
    5.6788296430314916e-06
    1.3448054353911191e-05
    1.3448054353875525e-05
    5.6788296430013500e-06
    4.9734613355438222e-06
    1.0314763303040217e-05
    7.9115044598640936e-06
    2.9258925121904022e-06
    1.9654322757231257e-06
    3.5699202101333401e-06
    2.1001877982159216e-06
    6.8023242001743081e-07
    3.5047484594116805e-07
    5.5751580628353953e-07
    2.5156870660632094e-07
    7.1360144040510520e-08
    2.8200386176450749e-08
    3.9287581247283854e-08
    1.3597358095264490e-08
    3.3779525252090520e-09
    1.0238885583503354e-09
    1.2492599922514748e-09
    3.3162852979320856e-10
    7.2152402626163233e-11
    1.6774506663429942e-11
    1.7924613657995095e-11
    3.6496285750207906e-12
    6.9542049442622435e-13
    1.2400701548137452e-13
    1.1605028409266502e-13
    1.8123617308546940e-14
    3.0244304766700517e-15
    4.1365872246436842e-16
    3.3903305602029174e-16
    4.0610705138088349e-17
    5.9352519346116931e-18
    6.2264076299128591e-19
    4.4692774168069749e-19
    4.1061575586598961e-20
    5.2557432718461664e-21
    4.2289480013563176e-22
    2.6584715311488524e-22
    1.0656336768150142e-158
    1.1814389815982820e-156
    2.9567654796875293e-153
    6.6745056189995906e-152
    1.4629335209771116e-148
    1.4204562304692481e-146
    2.7266742051134352e-143
    5.3905785507355264e-142
    9.0623468008311740e-139
    7.7062633803739112e-137
    1.1346163887695635e-133
    1.9644957200982761e-132
    2.5331225247805244e-129
    1.8865106974507022e-127
    2.1304153731179295e-124
    3.2304738309372488e-123
    3.1950021001785134e-120
    2.0838868237022161e-118
    1.8050072668418183e-115
    2.3970704594511625e-114
    1.8183837065221856e-111
    1.0386958999462544e-109
    6.9006985182518910e-107
    8.0259195964678873e-106
    4.6698114621236644e-103
    2.3361576042509033e-101
    1.1904374633573205e-98
    1.2125739716322065e-97
    5.4114368485310447e-95
    2.3709112172759370e-93
    9.2665814986355613e-91
    8.2664893577893773e-90
    2.8296014842496337e-87
    1.0857450969468209e-85
    3.2548572470445472e-83
    2.5429241862707616e-82
    6.6763237258868642e-80
    2.2435713962514647e-78
    5.1587415940103665e-76
    3.5297597476790854e-75
    7.1080247503425798e-73
    2.0919502126581034e-71
    3.6893939803535962e-69
    2.2108349027143406e-68
    3.4147578186710837e-66
    8.8016121362137622e-65
    1.1905995873130349e-62
    6.2483724734405873e-62
    7.4023619554379253e-60
    1.6709849592957114e-58
    1.7337075990990910e-56
    7.9685066782804183e-56
    7.2406934034734603e-54
    1.4314701207290882e-52
    1.1391617919706259e-50
    4.5854968944270351e-50
    3.1958724045841427e-48
    5.5333923608276652e-47
    3.3774925493676141e-45
    1.1906806574473245e-44
    6.3649960347569974e-43
    9.6516169453378065e-42
    4.5185887993257353e-40
    1.3950944974448539e-39
    5.7201349568678020e-38
    7.5964051675228380e-37
    2.7277883830203405e-35
    7.3758382666966649e-35
    2.3196039814346187e-33
    2.6978363134542644e-32
    7.4304986869740843e-31
    1.7596187329180763e-30
    4.2444443901418040e-29
    4.3233709881646763e-28
    9.1332360106487651e-27
    1.8941972455808863e-26
    3.5045098304047092e-25
    3.1262869943792920e-24
    5.0655992757145958e-23
    9.2009200478808274e-23
    1.3056691697845901e-21
    1.0200809005930021e-20
    1.2677581584963854e-19
    2.0166788574440969e-19
    2.1950198324150970e-18
    1.5018958616901959e-17
    1.4316650706686259e-16
    1.9945350192487191e-16
    1.6651109619131421e-15
    9.9780220042502106e-15
    7.2953457067885542e-14
    8.9011479294844812e-14
    5.6996389213796822e-13
    2.9912211732973510e-12
    1.6774506663252115e-11
    1.7924613657900079e-11
    8.8034102159198646e-11
    4.0462436187999912e-10
    1.7404160048540996e-09
    1.6287447209434494e-09
    6.1355566082430389e-09
    2.4697611850209240e-08
    8.1480899102946562e-08
    6.6781423268670202e-08
    1.9295517365075394e-07
    6.8023241994525694e-07
    1.7213056290908664e-06
    1.2355426810898170e-06
    2.7381568372882495e-06
    8.4539392861148298e-06
    1.6408149246206166e-05
    1.0314763302493064e-05
    1.7533137754345911e-05
    4.7408951951243105e-05
    7.0576584729013848e-05
    3.8856189878895527e-05
    5.0659442017625217e-05
    1.1996678411059671e-04
    1.3698124581975745e-04
    6.6048139910491140e-05
    6.6048139910315960e-05
    1.3698124581903063e-04
    1.1996678410932384e-04
    5.0659442016953351e-05
    3.8856189878174038e-05
    7.0576584727516050e-05
    4.7408951954261293e-05
    1.7533137753834354e-05
    1.0314763303094947e-05
    1.6408149247076631e-05
    8.4539392865184613e-06
    2.7381568374189826e-06
    1.2355426811422499e-06
    1.7213056291547838e-06
    6.8023241996690540e-07
    1.9295517365689477e-07
    6.6781423270442023e-08
    8.1480899104675635e-08
    2.4697611850602330e-08
    6.1355566083406933e-09
    1.6287447209607279e-09
    1.7404160048633375e-09
    4.0462436187999912e-10
    8.8034102159198323e-11
    1.7924613659564192e-11
    1.6774506663073983e-11
    2.9912211735671270e-12
    5.6996389212889660e-13
    8.9011479303107960e-14
    7.2953457065951003e-14
    9.9780220051500500e-15
    1.6651109618601377e-15
    1.9945350193301942e-16
    1.4316650705888728e-16
    1.5018958618782511e-17
    2.1950198324831917e-18
    2.0166788577008792e-19
    1.2677581585179142e-19
    1.0200809007142123e-20
    1.3056691697961312e-21
    1.9715600922825495e-157
    5.0817387826717680e-156
    1.2717973626590769e-152
    1.2348698432153913e-150
    2.7066161762466438e-147
    6.1098267687918148e-146
    1.1728279049240915e-142
    9.9732673386618586e-141
    1.6766513373229484e-137
    3.3147050421407909e-136
    4.8803401585368170e-133
    3.6345710980363950e-131
    4.6866042120426174e-128
    8.1144728803558921e-127
    9.1635832187007592e-124
    5.9767942982840361e-122
    5.9111670073368120e-119
    8.9634493668724570e-118
    7.7639011193658975e-115
    4.4348902991968235e-113
    3.3642449801494182e-110
    4.4677561184468122e-109
    2.9682063853406971e-106
    1.4848989031661934e-104
    8.6397550271395795e-102
    1.0048544940427786e-100
    5.1204440691622760e-98
    2.2434186373819240e-96
    1.0011857886631387e-93
    1.0198031105953963e-92
    3.9858466938934946e-90
    1.5294074196579476e-88
    5.2351286227795010e-86
    4.6701294380495067e-85
    1.4000159603590668e-82
    4.7047385535739494e-81
    1.2352062164850972e-78
    9.6503026847313429e-78
    2.2189361986737355e-75
    6.5305119434618650e-74
    1.3150764880543284e-71
    8.9981325253429403e-71
    1.5869238078682656e-68
    4.0903304386909756e-67
    6.3177435046462398e-65
    3.7858488198761633e-64
    5.1211414145695524e-62
    1.1560297011161311e-60
    1.3695326767526348e-58
    7.1874292332073585e-58
    7.4572189356214098e-56
    1.4742767709176422e-54
    1.3396219042112000e-52
    6.1572009580071630e-52
    4.8998913601313888e-50
    8.4837621746555724e-49
    5.9127771853881753e-47
    2.3800852181088277e-46
    1.4527652417946657e-44
    2.2029131752378673e-43
    1.1776065679410503e-41
    4.1514624889190346e-41
    1.9435864487257615e-39
    2.5811052106212716e-38
    1.0582989302637944e-36
    3.2674515868385422e-36
    1.1733071478026526e-34
    1.3646254513753652e-33
    4.2915672981465798e-32
    1.1604238253528032e-31
    3.1960900176250162e-30
    3.2555221804400011e-29
    7.8527709423594356e-28
    1.8596171587356802e-27
    3.9284906261085220e-26
    3.5045098305404453e-25
    6.4837963314210082e-24
    1.3447138711674468e-23
    2.1788727727415619e-22
    1.7022891799227590e-21
    2.4156567916227039e-20
    4.3876871803726357e-20
    5.4530245753363168e-19
    3.7311166498471232e-18
    4.0610705135933983e-17
    6.4601241085506185e-17
    6.1580394985909854e-16
    3.6901476855200185e-15
    3.0806705838797716e-14
    4.2918595193567845e-14
    3.1379564913108382e-13
    1.6468274617337829e-12
    1.0545068986667689e-11
    1.2866178348423621e-11
    7.2152402625015611e-11
    3.3162852978793151e-10
    1.6287447209434494e-09
    1.7404160048540996e-09
    7.4860738880834876e-09
    3.0133883358109241e-08
    1.1351573072959835e-07
    1.0623215751533614e-07
    3.5047484592815386e-07
    1.2355426810537614e-06
    3.5699202099439461e-06
    2.9258925122369915e-06
    7.4038741814653021e-06
    2.2859137197608027e-05
    5.0659442016953269e-05
    3.6363038471674282e-05
    7.0576584725269692e-05
    1.9083645842534890e-04
    3.2438571940759725e-04
    2.0392073864740050e-04
    3.0357197734838341e-04
    7.1888975515403664e-04
    9.3726518173289019e-04
    5.1601468119225893e-04
    5.8919920555540592e-04
    1.2219759908683606e-03
    1.2219759908651197e-03
    5.8919920555227962e-04
    5.1601468118678306e-04
    9.3726518172045992e-04
    7.1888975514068805e-04
    3.0357197734194092e-04
    2.0392073865930068e-04
    3.2438571939813276e-04
    1.9083645843446105e-04
    7.0576584728639365e-05
    3.6363038473217549e-05
    5.0659442018834577e-05
    2.2859137198335645e-05
    7.4038741817009450e-06
    2.9258925123145895e-06
    3.5699202100197009e-06
    1.2355426810734352e-06
    3.5047484593373210e-07
    1.0623215751646309e-07
    1.1351573073020126e-07
    3.0133883358109347e-08
    7.4860738880834876e-09
    1.7404160050018289e-09
    1.6287447209261712e-09
    3.3162852981520288e-10
    7.2152402623866450e-11
    1.2866178349515720e-11
    1.0545068986388023e-11
    1.6468274618692093e-12
    3.1379564912109495e-13
    4.2918595197210836e-14
    3.0806705837490479e-14
    3.6901476859829860e-15
    6.1580394982969040e-16
    6.4601241092909237e-17
    4.0610705136903536e-17
    3.7311166502430404e-18
    5.4530245754520517e-19
    4.3876871808475146e-20
    2.4156567916268235e-20
    7.4269579489065704e-157
    7.2113110682649406e-155
    1.8047614783362909e-151
    4.6518117473739143e-150
    1.0195948175001534e-146
    8.6702334156194045e-145
    1.6643175128931783e-141
    3.7569758805421120e-140
    6.3160230449069742e-137
    4.7037776199561918e-135
    6.9255135897922476e-132
    1.3691597235695623e-130
    1.7654654577831458e-127
    1.1514953954306713e-125
    1.3003708358585211e-122
    2.2514860236718813e-121
    2.2267639199880477e-118
    1.2719705673200692e-116
    1.1017470287646945e-113
    1.6706436639498234e-112
    1.2673266261128289e-109
    6.3400305530050373e-108
    4.2120739520639422e-105
    5.5936827673727207e-104
    3.2546356325394151e-101
    1.4259525418702183e-99
    7.2662363349249169e-97
    8.4510616481490574e-96
    3.7715131185310230e-93
    1.4471655810684908e-91
    5.6561703792514179e-89
    5.7613484051953577e-88
    1.9720971373729087e-85
    6.6272111858279804e-84
    1.9867118365575995e-81
    1.7722967478689932e-80
    4.6530788809957908e-78
    1.3694394288637574e-76
    3.1488118247365331e-74
    2.4600740184648302e-73
    4.9539538838076576e-71
    1.2768923285528094e-69
    2.2519459794104662e-67
    1.5408463725778910e-66
    2.3799231646250734e-64
    5.3723606554423522e-63
    7.2672259130223336e-61
    4.3548172898401583e-60
    5.1590928627732606e-58
    1.0199419961054956e-56
    1.0582268735881922e-54
    5.5536687044432552e-54
    5.0464176007966369e-52
    8.7374604072867922e-51
    6.9532579903012836e-49
    3.1958724043381695e-48
    2.2273704814868668e-46
    3.3774925491347327e-45
    2.0615664273156192e-43
    8.2984757009427806e-43
    4.4360983443091103e-41
    5.8911897429779547e-40
    2.7580729879859029e-38
    9.7231425698855779e-38
    3.9866609614242583e-36
    4.6367219565249326e-35
    1.6649975889093503e-33
    5.1406071180739663e-33
    1.6166532273240667e-31
    1.6467153336138925e-30
    4.5354553436829745e-29
    1.2263702451797479e-28
    2.9581750920335635e-27
    2.6389152161801979e-26
    5.5747784654182468e-25
    1.3201650431330907e-24
    2.4424760315814631e-23
    1.9082346490329757e-22
    3.0919592709878794e-21
    6.4126019822767680e-21
    9.0998907313396890e-20
    6.2264076293413057e-19
    7.7381892609077697e-18
    1.4055288788128626e-17
    1.5298240236118282e-16
    9.1673276563483749e-16
    8.7386503495862954e-15
    1.3900956808117955e-14
    1.1605028409728189e-13
    6.0904220731746634e-13
    4.4529601663675756e-12
    6.2036751281833582e-12
    3.9723762031934813e-11
    1.8257926723189892e-10
    1.0238885583231734e-09
    1.2492599922249695e-09
    6.1355566082430389e-09
    2.4697611850209068e-08
    1.0623215751533538e-07
    1.1351573072959835e-07
    4.2761900183724928e-07
    1.5075019909070459e-06
    4.9734613355966008e-06
    4.6543463589030611e-06
    1.3448054353376111e-05
    4.1520278704125176e-05
    1.0506569131266034e-04
    8.6111425865605505e-05
    1.9083645843344846e-04
    5.1601468118130794e-04
    1.0015266984425549e-03
    7.1888975511589625e-04
    1.2219759908197376e-03
    2.8937651904193448e-03
    4.3078797510462041e-03
    2.7080909185792546e-03
    3.5307212389019426e-03
    7.3225770565760314e-03
    8.3611120799591144e-03
    4.6032400098446604e-03
    4.6032400098324523e-03
    8.3611120799147644e-03
    7.3225770564983366e-03
    3.5307212388551172e-03
    2.7080909187372905e-03
    4.3078797509547816e-03
    2.8937651903425936e-03
    1.2219759908780850e-03
    7.1888975514640776e-04
    1.0015266984797499e-03
    5.1601468119773393e-04
    1.9083645843952224e-04
    8.6111425867889580e-05
    1.0506569131488988e-04
    4.1520278704785876e-05
    1.3448054353590128e-05
    4.6543463589524694e-06
    4.9734613356229986e-06
    1.5075019909070511e-06
    4.2761900183724928e-07
    1.1351573073833078e-07
    1.0623215751420880e-07
    2.4697611852043523e-08
    6.1355566081453852e-09
    1.2492599923210668e-09
    1.0238885582960045e-09
    1.8257926724546026e-10
    3.9723762030670455e-11
    6.2036751286605881e-12
    4.4529601665093385e-12
    6.0904220740793720e-13
    1.1605028409174066e-13
    1.3900956808645203e-14
    8.7386503498412442e-15
    9.1673276573308479e-16
    1.5298240236321010e-16
    1.4055288789675893e-17
    7.7381892609077697e-18
    6.2264076299788222e-19
    9.0998907313297970e-20
    8.0837461711949143e-156
    2.3791130619538030e-154
    5.9541622406451084e-151
    5.0631854472775106e-149
    1.1097606529328436e-145
    2.8604320870395457e-144
    5.4908178231109323e-141
    4.0892165541460238e-139
    6.8745679538075867e-136
    1.5518424694520422e-134
    2.2848244495680421e-131
    1.4902386346042160e-129
    1.9215908764746410e-126
    3.7989454487596351e-125
    4.2901064895158756e-122
    2.4505917023325159e-120
    2.4236833486874856e-117
    4.1964100046353332e-116
    3.6348185821836594e-113
    1.8183837063100845e-111
    1.3794001296107856e-108
    2.0916653518469344e-107
    1.3896225059630852e-104
    6.0883489531275368e-103
    3.5424528473017744e-100
    4.7044182204995689e-99
    2.3972336809781404e-96
    9.1984144396682300e-95
    4.1050393634853111e-92
    4.7744030237704028e-91
    1.8660502512587912e-88
    6.2708417674264016e-87
    2.1464956167740637e-84
    2.1864102863350681e-83
    6.5544420928101121e-81
    1.9290262780825542e-79
    5.0645646369459366e-77
    4.5179735028832970e-76
    1.0388373585481598e-73
    2.6776257608482579e-72
    5.3920469212609274e-70
    4.2126475876506170e-69
    7.4294868764971691e-67
    1.6771080503092673e-65
    2.5903869260063676e-63
    1.7724174269876439e-62
    2.3975601565484265e-60
    4.7399268768098552e-59
    5.6153269565146378e-57
    3.3649322606576619e-56
    3.4912394622718771e-54
    6.0447963262380659e-53
    5.4926874823398765e-51
    2.8826112183792992e-50
    2.2939777181035628e-48
    3.4784930101093119e-47
    2.4243435502176701e-45
    1.1142823495953965e-44
    6.8013979277755573e-43
    9.0323348582714500e-42
    4.8283958589492915e-40
    1.9435864485917216e-39
    9.0992711447901157e-38
    1.0582989301992306e-36
    4.3392133769689017e-35
    1.5297198619907492e-34
    5.4930614899975175e-33
    5.5952064618304262e-32
    1.7596187330207245e-30
    5.4327457554987270e-30
    1.4963105805040994e-28
    1.3348218532983712e-27
    3.2197754097911703e-26
    8.7061528771306785e-26
    1.8391979126793332e-24
    1.4369112073180425e-23
    2.6584715309972254e-22
    6.2955348003787359e-22
    1.0200809005188612e-20
    6.9796876567531634e-20
    9.9046214299447774e-19
    2.0541795492704323e-18
    2.5529375964718438e-17
    1.5298240236605261e-16
    1.6651109618411603e-15
    3.0244304764325884e-15
    2.8830037970838654e-14
    1.5130260214422442e-13
    1.2631295964799643e-12
    2.0093159996540348e-12
    1.4690942599057917e-11
    6.7522847723373826e-11
    4.3236653745718276e-10
    6.0235471112913657e-10
    3.3779525251015239e-09
    1.3597358094831654e-08
    6.6781423268670440e-08
    8.1480899102946284e-08
    3.5047484592815143e-07
    1.2355426810537614e-06
    4.6543463589030611e-06
    4.9734613355966008e-06
    1.6408149246815477e-05
    5.0659442016281321e-05
    1.4637306234064197e-04
    1.3698124581176341e-04
    3.4662650967833068e-04
    9.3726518165830521e-04
    2.0771270024004460e-03
    1.7024050919569756e-03
    3.3041776006376648e-03
    7.8246333769605107e-03
    1.3300390018871592e-02
    9.5469388263410958e-03
    1.4212301879445778e-02
    2.9475755411123829e-02
    3.8429535341203587e-02
    2.4158212781656137e-02
    2.7584486057068036e-02
    5.0103183647934750e-02
    5.0103183647801829e-02
    2.7584486056921695e-02
    2.4158212781399815e-02
    3.8429535340693891e-02
    2.9475755410576513e-02
    1.4212301880124343e-02
    9.5469388267463099e-03
    1.3300390018483507e-02
    7.8246333766906970e-03
    3.3041776007428445e-03
    1.7024050920021339e-03
    2.0771270024445231e-03
    9.3726518167322112e-04
    3.4662650968384640e-04
    1.3698124581321681e-04
    1.4637306234141812e-04
    5.0659442016281674e-05
    1.6408149246815508e-05
    4.9734613359395966e-06
    4.6543463588536867e-06
    1.2355426811356964e-06
    3.5047484592257440e-07
    8.1480899108565647e-08
    6.6781423266898844e-08
    1.3597358095733410e-08
    3.3779525249939722e-09
    6.0235471117067810e-10
    4.3236653746750515e-10
    6.7522847732329865e-11
    1.4690942598356500e-11
    2.0093159997926078e-12
    1.2631295964900209e-12
    1.5130260216035800e-13
    2.8830037969385660e-14
    3.0244304767663472e-15
    1.6651109618513116e-15
    1.5298240238187940e-16
    2.5529375964826909e-17
    2.0541795494589520e-18
    9.9046214298634223e-19
    2.3356804480805287e-155
    1.9861708122083262e-153
    4.9707529426156691e-150
    1.4629335215358513e-148
    3.2064914014356991e-145
    2.3879935816284453e-143
    4.5839360350099297e-140
    1.1815194280700412e-138
    1.9863060538518320e-135
    1.2955349905143438e-133
    1.9074552216910568e-130
    4.3058269864929186e-129
    5.5521563196622350e-126
    3.1714989455868013e-124
    3.5815381903936288e-121
    7.0806269817480306e-120
    7.0028792220245012e-117
    3.5033169295169147e-115
    3.0344798198033221e-112
    5.2539542681937743e-111
    3.9855753069972612e-108
    1.7461989247750118e-106
    1.1601078168042743e-103
    1.7591395511043310e-102
    1.0235400364241229e-99
    3.9274208137905035e-98
    2.0012985693251961e-95
    2.6577475720995530e-94
    1.1860911979162791e-91
    3.9858466934917878e-90
    1.5578471668266183e-87
    1.8118681857304001e-86
    6.2019857350647530e-84
    1.8252954698246159e-82
    5.4718885718783241e-80
    5.5736398275125583e-79
    1.4633320183461758e-76
    3.7717699276945016e-75
    8.6725951496549773e-73
    7.7366087504427283e-72
    1.5579532436455793e-69
    3.5168726593599484e-68
    6.2024080404025121e-66
    4.8457588835530687e-65
    7.4845448724787616e-63
    1.4796790522471130e-61
    2.0015711232181126e-59
    1.3695326765891911e-58
    1.6224667503425354e-56
    2.8091688234213386e-55
    2.9146147062691440e-53
    1.7465556553450763e-52
    1.5870318646937986e-50
    2.4065095334587295e-49
    1.9150967057090702e-47
    1.0050597755484333e-46
    7.0047867779314374e-45
    9.3024375960550090e-44
    5.6780563572638099e-42
    2.6097613015031801e-41
    1.3950944975743936e-39
    1.6225772271388549e-38
    7.5964051682887538e-37
    3.0578002662588216e-36
    1.2537523605878824e-34
    1.2770662265970268e-33
    4.5858091300242231e-32
    1.6166532272254393e-31
    5.0841614564723584e-30
    4.5354553434423082e-29
    1.2491749334906215e-27
    3.8567728851955529e-27
    9.3030710172920014e-26
    7.2682156249826965e-25
    1.5354298501089901e-23
    4.1517451701561279e-23
    7.6812653992905458e-22
    5.2557432718015397e-21
    8.5160093614041196e-20
    2.0166788574205252e-19
    2.8617957723701553e-18
    1.7149044024559909e-17
    2.1312859067953578e-16
    4.4202031893648531e-16
    4.8110950476918519e-15
    2.5249054498700575e-14
    2.4068372724974034e-13
    4.3716678143735823e-13
    3.6496285748755453e-12
    1.6774506662629047e-11
    1.2264537511801519e-10
    1.9509741137801380e-10
    1.2492599922614254e-09
    5.0286779764066192e-09
    2.8200386175254103e-08
    3.9287581245825270e-08
    1.9295517365075462e-07
    6.8023241994525217e-07
    2.9258925122369708e-06
    3.5699202099439461e-06
    1.3448054353376159e-05
    4.1520278704125176e-05
    1.3698124581176390e-04
    1.4637306234064197e-04
    4.2292359580454265e-04
    1.1435696629700336e-03
    2.8937651902658226e-03
    2.7080909185792641e-03
    6.0015552503337490e-03
    1.4212301879068778e-02
    2.7584486058531466e-02
    2.2608135885793353e-02
    3.8429535339776486e-02
    7.9701345625621270e-02
    1.1864950690833134e-01
    8.5165892325802114e-02
    1.1103653234157319e-01
    2.0168161770300275e-01
    2.3028540321988236e-01
    1.4476583497939957e-01
    1.4476583497901566e-01
    2.3028540321866067e-01
    2.0168161770086268e-01
    1.1103653234687444e-01
    8.5165892329416390e-02
    1.1864950690581334e-01
    7.9701345623507294e-02
    3.8429535340999653e-02
    2.2608135886393026e-02
    2.7584486057507098e-02
    1.4212301879295008e-02
    6.0015552504292489e-03
    2.7080909186079833e-03
    2.8937651902811766e-03
    1.1435696630367747e-03
    4.2292359580454125e-04
    1.4637306234957230e-04
    1.3698124581031050e-04
    4.1520278706548246e-05
    1.3448054353162119e-05
    3.5699202101617373e-06
    2.9258925121593626e-06
    6.8023241998494837e-07
    1.9295517364461173e-07
    3.9287581248222234e-08
    2.8200386175702746e-08
    5.0286779769935345e-09
    1.2492599922017751e-09
    1.9509741138991683e-10
    1.2264537511801560e-10
    1.6774506664586861e-11
    3.6496285746432182e-12
    4.3716678145834410e-13
    2.4068372725229358e-13
    2.5249054501299440e-14
    4.8110950477377959e-15
    4.4202031897752536e-16
    2.1312859067908451e-16
    1.7149044026033821e-17
    2.8617957725087737e-18
    1.4955975672908382e-154
    5.0259395159666494e-153
    1.2578325834233749e-149
    9.3675477641443266e-148
    2.0532007036610169e-144
    6.0427387369247198e-143
    1.1599498449008407e-139
    7.5655793748224541e-138
    1.2718839619635569e-134
    3.2783084227909730e-133
    4.8267523186567489e-130
    2.7571341669577488e-128
    3.5551915897344234e-125
    8.0253731333509541e-124
    9.0629638736757103e-121
    4.5339115191833573e-119
    4.4841275855981175e-116
    8.8650275619270944e-115
    7.6786507700791783e-112
    3.3642449798908688e-110
    2.5520686009229684e-107
    4.4186985956968790e-106
    2.9356144413102865e-103
    1.1264232807577895e-101
    6.5539958162615907e-99
    9.9382084070649459e-98
    5.0642198028512620e-95
    1.7018256099756550e-93
    7.5948536152831846e-91
    1.0086053162279008e-89
    3.9420807049540833e-87
    1.1601868110974314e-85
    3.9712944402387092e-83
    4.6188497855621422e-82
    1.3846432960943344e-79
    3.5689480441319589e-78
    9.3700994438371567e-76
    9.5443389904404945e-75
    2.1945715041466734e-72
    4.9539538833870885e-71
    9.9759840142375134e-69
    8.8993298872026277e-68
    1.5694988301517168e-65
    3.1028667488156437e-64
    4.7925507589030878e-62
    3.7442788774520344e-61
    5.0649094930433135e-59
    8.7694776106755743e-58
    1.0389080950320949e-55
    7.1085087490829035e-55
    7.3753360663055390e-53
    1.1183654816151120e-51
    1.0162182065398522e-49
    6.0895927406086681e-49
    4.8460888413303795e-47
    6.4356618496140656e-46
    4.4853490437238163e-44
    2.3539510509847898e-43
    1.4368133719489199e-41
    1.6710987399250262e-40
    8.9331566669721578e-39
    4.1058779805707188e-38
    1.9222451905705705e-36
    1.9579898624998064e-35
    8.0281058223588078e-34
    3.2315738270043825e-33
    1.1604238254513347e-31
    1.0351855433506844e-30
    3.2555221807422421e-29
    1.1476819663824995e-28
    3.1609958327494243e-27
    2.4695930255824927e-26
    5.9570008357403220e-25
    1.8391979126490672e-24
    3.8853544265638786e-23
    2.6584715309280899e-22
    4.9185160815426128e-21
    1.3299484430487752e-20
    2.1549479884504163e-19
    1.2913324661717188e-18
    1.8324830345785355e-17
    4.3395088421920820e-17
    5.3931484604475387e-16
    2.8303722551063016e-15
    3.0806705837498576e-14
    6.3891896888753723e-14
    6.0904220733685359e-13
    2.7992937789694003e-12
    2.3369530803799308e-11
    4.2447334024346302e-11
    3.1035006327629896e-10
    1.2492599921885136e-09
    7.9993400073876876e-09
    1.2724903215243128e-08
    7.1360144037103687e-08
    2.5156870659430985e-07
    1.2355426810898170e-06
    1.7213056290908605e-06
    7.4038741814652631e-06
    2.2859137197607942e-05
    8.6111425865605194e-05
    1.0506569131266034e-04
    3.4662650967833128e-04
    9.3726518165830022e-04
    2.7080909185792498e-03
    2.8937651902658226e-03
    7.3225770563429488e-03
    1.7340617775984262e-02
    3.8429535341203587e-02
    3.5963759605501633e-02
    6.9801629168423224e-02
    1.4476583498477555e-01
    2.4607441319545389e-01
    2.0168161769551282e-01
    3.0023865098150482e-01
    5.4533958823715656e-01
    7.1099609447865775e-01
    5.1034865971840959e-01
    5.8272959243637990e-01
    9.2697368256841528e-01
    9.2697368256595691e-01
    5.8272959246420286e-01
    5.1034865974006904e-01
    7.1099609446922707e-01
    5.4533958822703010e-01
    3.0023865099106134e-01
    2.0168161770086288e-01
    2.4607441318827381e-01
    1.4476583497978365e-01
    6.9801629169534196e-02
    3.5963759605883244e-02
    3.8429535339470591e-02
    1.7340617776858164e-02
    7.3225770563429366e-03
    2.8937651904193543e-03
    2.7080909185505115e-03
    9.3726518170554227e-04
    3.4662650967281431e-04
    1.0506569131823455e-04
    8.6111425863321430e-05
    2.2859137198760056e-05
    7.4038741812296076e-06
    1.7213056291821743e-06
    1.2355426810996452e-06
    2.5156870661966912e-07
    7.1360144033695849e-08
    1.2724903215918216e-08
    7.9993400073240559e-09
    1.2492599923144361e-09
    3.1035006325654393e-10
    4.2447334026598243e-11
    2.3369530803241462e-11
    2.7992937792151630e-12
    6.0904220730454447e-13
    6.3891896894652282e-14
    3.0806705837572123e-14
    2.8303722553503287e-15
    5.3931484606650079e-16
    4.3395088428159785e-17
    1.8324830345424294e-17
    3.3144793518279531e-154
    2.4684162305018887e-152
    6.1776596282397554e-149
    2.0759958641654385e-147
    4.5502155702017811e-144
    2.9678022044476969e-142
    5.6969229626125499e-139
    1.6766513378744876e-137
    2.8186948293002956e-134
    1.6100929376573650e-132
    2.3705883699236380e-129
    6.1102427992669832e-128
    7.8788635212332720e-125
    3.9415439115618010e-123
    4.4511413342942615e-120
    1.0047860762311706e-118
    9.9375317383004991e-116
    4.3539278274153390e-114
    3.7712563250718524e-111
    7.4556958129308500e-110
    5.6557852641370051e-107
    2.1701787887712027e-105
    1.4417838317250645e-102
    2.4963310900759997e-101
    1.4524685169286617e-98
    4.8810048063482217e-97
    2.4872170300382103e-94
    3.7715131182407447e-93
    1.6831389698952539e-90
    4.9536165821567074e-89
    1.9360949250547451e-86
    2.5711563817201751e-85
    8.8010128562863733e-83
    2.2684801002061835e-81
    6.8004717794150395e-79
    7.9093499873679094e-78
    2.0765613564927300e-75
    4.6875616386389535e-74
    1.0778314984821547e-71
    1.0978740682261421e-70
    2.2108349030955020e-68
    4.3707749098598425e-67
    7.7083625338422136e-65
    6.8764405577893358e-64
    1.0621045981547337e-61
    1.8389474691368865e-60
    2.4875557613319656e-58
    1.9434541149951877e-57
    2.3023836789708084e-55
    3.4912394619385243e-54
    3.6222877721105656e-52
    2.4784737401776162e-51
    2.2520993187983854e-49
    2.9908138587804899e-48
    2.3800852183234011e-46
    1.4262438494270372e-45
    9.9402386819440546e-44
    1.1561084174362247e-42
    7.0566974317503815e-41
    3.7034175432108334e-40
    1.9797279673731175e-38
    2.0165415471651027e-37
    9.4408243717099107e-36
    4.3392133767847738e-35
    1.7791544707053356e-33
    1.5871399285908297e-32
    5.6992508482135034e-31
    2.2941339192770637e-30
    7.2147489962284045e-29
    5.6366710825165777e-28
    1.5524765853536115e-26
    5.4730064220762856e-26
    1.3201650430896691e-24
    9.0329498874485374e-24
    1.9082346489337116e-22
    5.8915908856087546e-22
    1.0900204940932811e-20
    6.5318460600985792e-20
    1.0583709918722459e-18
    2.8617957723269043e-18
    4.0610705132861727e-17
    2.1312859067456108e-16
    2.6487654996776729e-15
    6.2725499171682534e-15
    6.8272503662169257e-14
    3.1379564910777726e-13
    2.9912211732894023e-12
    6.2036751280846636e-12
    5.1790554493997089e-11
    2.0847383441648909e-10
    1.5242386639759395e-09
    2.7685565553627202e-09
    1.7727795138329059e-08
    6.2496489516606314e-08
    3.5047484592071792e-07
    5.5751580625396378e-07
    2.7381568372882495e-06
    8.4539392861147976e-06
    3.6363038471674215e-05
    5.0659442016953269e-05
    1.9083645843344813e-04
    5.1601468118130794e-04
    1.7024050919569815e-03
    2.0771270024004421e-03
    6.0015552503337273e-03
    1.4212301879068802e-02
    3.5963759605501633e-02
    3.8429535339266789e-02
    8.5165892326931683e-02
    1.7663071280306225e-01
    3.4282042951225672e-01
    3.2082385086016540e-01
    5.4533958822413797e-01
    9.9052958543810254e-01
    1.4745779505705634e+00
    1.2085582675162352e+00
    1.5756791303774802e+00
    2.5065023382694487e+00
    2.8619906375897957e+00
    2.0543194223437751e+00
    2.0543194223383265e+00
    2.8619906375746127e+00
    2.5065023382428531e+00
    1.5756791304276350e+00
    1.2085582675482927e+00
    1.4745779505392702e+00
    9.9052958543810432e-01
    5.4533958823281770e-01
    3.2082385087463283e-01
    3.4282042949952585e-01
    1.7663071280306225e-01
    8.5165892326931614e-02
    3.8429535340999611e-02
    3.5963759605119952e-02
    1.4212301879672009e-02
    6.0015552502381952e-03
    2.0771270024941132e-03
    1.7024050919118231e-03
    5.1601468120320807e-04
    1.9083645842737370e-04
    5.0659442019237643e-05
    3.6363038471674215e-05
    8.4539392868323819e-06
    2.7381568371575065e-06
    5.5751580627910669e-07
    3.5047484591513597e-07
    6.2496489521911109e-08
    1.7727795137200553e-08
    2.7685565554875769e-09
    1.5242386639274303e-09
    2.0847383443418460e-10
    5.1790554489876107e-11
    6.2036751283643718e-12
    2.9912211732655878e-12
    3.1379564913441491e-13
    6.8272503664686468e-14
    6.2725499180168500e-15
    2.6487654996271018e-15
    2.1312859069265324e-16
    4.0610705133779912e-17
    1.2485796839911261e-153
    4.7909194213164719e-152
    1.1990145391808100e-148
    7.8203723267035625e-147
    1.7140872262790750e-143
    5.7601716615772468e-142
    1.1057089370124101e-138
    6.3160230473361326e-137
    1.0618153639406551e-133
    3.1250100487516436e-132
    4.6010465012307289e-129
    2.3017566905261071e-127
    2.9680042871481905e-124
    7.6500952480096384e-123
    8.6391667665600654e-120
    3.7850755681754977e-118
    3.7435141151334876e-115
    8.4504862383961209e-114
    7.3195861161990944e-111
    2.8085950563577855e-109
    2.1305604374479574e-106
    4.2120739518405548e-105
    2.7983409262020317e-102
    9.4037945411611205e-101
    5.4715160040274563e-98
    9.4734836180335573e-97
    4.8274096673528379e-94
    1.4207464151780487e-92
    6.3404622568054932e-90
    9.6144149417854528e-89
    3.7577433916084345e-86
    9.6856648715440779e-85
    3.3153822016499809e-82
    4.4028657868125920e-81
    1.3198954017295376e-78
    2.9794886796478075e-77
    7.8225025597478941e-75
    9.0980320966724604e-74
    2.0919502122363170e-71
    4.1357423343043140e-70
    8.3283172128994832e-68
    8.4831845383678296e-67
    1.4961068280068679e-64
    2.5903869258072170e-63
    4.0009970882147173e-61
    3.5691910608028496e-60
    4.8280671066485636e-58
    7.3210814346197374e-57
    8.6731856838955703e-55
    6.7761047489417950e-54
    7.0304548405291849e-52
    9.3365250794467885e-51
    8.4837621757133787e-49
    5.8048347050887031e-48
    4.6194788203990730e-46
    5.3727264699716109e-45
    3.7445338331008802e-43
    2.2438769449581875e-42
    1.3696259309109341e-40
    1.3950944974633508e-39
    7.4577267119655883e-38
    3.9138812744469626e-37
    1.8323582658499090e-35
    1.6346017252009028e-34
    6.7021570839846994e-33
    3.0804608291713300e-32
    1.1061607535216422e-30
    8.6421084576185043e-30
    2.7178292773574564e-28
    1.0940147219427342e-27
    3.0131831625164581e-26
    2.0617068032249263e-25
    4.9731227058086446e-24
    1.7531943969715570e-23
    3.7036697159849707e-22
    2.2193895044384692e-21
    4.1061575577558483e-20
    1.2677581583699315e-19
    2.0541795492159316e-18
    1.0780516882941939e-17
    1.5298240235962840e-16
    4.1365872239414156e-16
    5.1409571518968203e-15
    2.3628985316142965e-14
    2.5718567533302725e-13
    6.0904220729807909e-13
    5.8056252568202862e-12
    2.3369530802441759e-11
    1.9509741138111834e-10
    4.0462436188214679e-10
    2.9583765199772216e-09
    1.0429280444875301e-08
    6.6781423268670440e-08
    1.2129868605002739e-07
    6.8023241997412647e-07
    2.1001877980822289e-06
    1.0314763302493045e-05
    1.6408149246206078e-05
    7.0576584725269312e-05
    1.9083645842534822e-04
    7.1888975511589625e-04
    1.0015266984425549e-03
    3.3041776006376765e-03
    7.8246333764416063e-03
    2.2608135885793273e-02
    2.7584486056921723e-02
    6.9801629168423224e-02
    1.4476583498247170e-01
    3.2082385087122911e-01
    3.4282042949770714e-01
    6.6537605505231656e-01
    1.2085582675418827e+00
    2.0543194223219792e+00
    1.9225069780966704e+00
    2.8619906375290647e+00
    4.5526948264499962e+00
    5.9356560769406794e+00
    4.8648402902648620e+00
    5.5548032619181944e+00
    7.7387161686292973e+00
    7.7387161686292973e+00
    5.5548032618887229e+00
    4.8648402904455192e+00
    5.9356560769406750e+00
    4.5526948264500016e+00
    2.8619906375746087e+00
    1.9225069781680675e+00
    2.0543194222620391e+00
    1.2085582675418827e+00
    6.6537605505231656e-01
    3.4282042951043773e-01
    3.2082385085676135e-01
    1.4476583498247131e-01
    6.9801629167312196e-02
    2.7584486057946160e-02
    2.2608135885193562e-02
    7.8246333767114616e-03
    3.3041776005325028e-03
    1.0015266984797480e-03
    7.1888975508538734e-04
    1.9083645843851000e-04
    7.0576584721899775e-05
    1.6408149246815447e-05
    1.0314763302246753e-05
    2.1001877982270762e-06
    6.8023241993081725e-07
    1.2129868605453199e-07
    6.6781423266013655e-08
    1.0429280445594596e-08
    2.9583765197418230e-09
    4.0462436189717309e-10
    1.9509741137025151e-10
    2.3369530804357319e-11
    5.8056252567894721e-12
    6.0904220736593880e-13
    2.5718567532906906e-13
    2.3628985317772713e-14
    5.1409571520114111e-15
    4.1365872244022858e-16
    1.5298240235509669e-16
    2.1223482260250605e-153
    1.3842662280050925e-151
    3.4643774764617162e-148
    1.3293147043229371e-146
    2.9136225990303391e-143
    1.6643175134979911e-141
    3.1947845599398420e-138
    1.0736039102668110e-136
    1.8048843681661854e-133
    9.0292603408003867e-132
    1.3294052195591407e-128
    3.9125490278302212e-127
    5.0450433514864734e-124
    2.2103833443344269e-122
    2.4961611209678932e-119
    6.4339092813441431e-118
    6.3632627080705663e-115
    2.4416446367561981e-113
    2.1148875555456431e-110
    4.7740779477756541e-109
    3.6215479258313567e-106
    1.2170172796743055e-104
    8.0853975987755655e-102
    1.5984663948975089e-100
    9.3005375896929004e-98
    2.7372247956023565e-96
    1.3948095518833490e-93
    2.4149989564312491e-92
    1.0777581115034960e-89
    2.7779448442712059e-88
    1.0857450967135289e-85
    1.6463789953859483e-84
    5.6355198025789026e-82
    1.2721437951850504e-80
    3.8136450823296048e-78
    5.0645646367429755e-77
    1.3296768034617806e-74
    2.6287435594500478e-73
    6.0443847512170943e-71
    7.0299761553707321e-70
    1.4156556837551111e-67
    2.4510923331514416e-66
    4.3227822735659355e-64
    4.4031655864985182e-63
    6.8009348370759472e-61
    1.0312656532656278e-59
    1.3949995089854728e-57
    1.2444447394251310e-56
    1.4742767706802284e-54
    1.9578565483016447e-53
    2.0313472936529959e-51
    1.5870318645439559e-50
    1.4420783738640043e-48
    1.6772222478628936e-47
    1.3347309687077543e-45
    9.1326141522865394e-45
    6.3649960348854380e-43
    6.4833548666963900e-42
    3.9573341865740844e-40
    2.3713955703044219e-39
    1.2676718402554483e-37
    1.1308588586155706e-36
    5.2943317177821915e-35
    2.7785123498177693e-34
    1.1392393597306168e-32
    8.9005418739692225e-32
    3.1960900177098585e-30
    1.4689942331411833e-29
    4.6197933695132151e-28
    3.1609958325733358e-27
    8.7061528775464465e-26
    3.5045098302522403e-25
    8.4533636801777725e-24
    5.0655992751206708e-23
    1.0701212975011705e-21
    3.7725404616464440e-21
    6.9796876562451753e-20
    3.6630021286787216e-19
    5.9352519341267508e-18
    1.8324830344958675e-17
    2.6004101653461110e-16
    1.1952064916158263e-15
    1.4854045203287621e-14
    4.0164785403259711e-14
    4.3716678141346804e-13
    1.7597385487745268e-12
    1.6774506662095135e-11
    3.9723762028531256e-11
    3.3162852979813452e-10
    1.1691030257546290e-09
    8.5477970845319621e-09
    1.7727795137374380e-08
    1.1351573073011094e-07
    3.5047484590863139e-07
    1.9654322757804809e-06
    3.5699202098663011e-06
    1.7533137754294774e-05
    4.7408951951494484e-05
    2.0392073864902257e-04
    3.2438571937997595e-04
    1.2219759908197376e-03
    2.8937651902274496e-03
    9.5469388257839669e-03
    1.3300390018028371e-02
    3.8429535339888542e-02
    7.9701345622027228e-02
    2.0168161768748835e-01
    2.4607441318448842e-01
    5.4533958820272843e-01
    9.9052958541182823e-01
    1.9225069780558750e+00
    2.0543194222691215e+00
    3.4919526861485322e+00
    5.5548032617561089e+00
    8.2693041478090858e+00
    7.7387161685553947e+00
    1.0089487524371732e+01
    1.4056245839577050e+01
    1.6049793123309676e+01
    1.3154347089211786e+01
    1.3154347089211786e+01
    1.6049793123352245e+01
    1.4056245839614324e+01
    1.0089487524430599e+01
    7.7387161686231440e+00
    8.2693041478748803e+00
    5.5548032618150565e+00
    3.4919526861892933e+00
    2.0543194223050860e+00
    1.9225069780864732e+00
    9.9052958543022118e-01
    5.4533958821386719e-01
    2.4607441319023168e-01
    2.0168161769230267e-01
    7.9701345623930248e-02
    3.8429535338665173e-02
    1.3300390018416503e-02
    9.5469388260625652e-03
    2.8937651903195548e-03
    1.2219759907685251e-03
    3.2438571939228007e-04
    2.0392073863874556e-04
    4.7408951953380819e-05
    1.7533137753383153e-05
    3.5699202100329802e-06
    1.9654322756657702e-06
    3.5047484592443592e-07
    1.1351573072372808e-07
    1.7727795138305504e-08
    8.5477970839651465e-09
    1.1691030258135505e-09
    3.3162852977614258e-10
    3.9723762031365506e-11
    1.6774506661917065e-11
    1.7597385489015020e-12
    4.3716678140465254e-13
    4.0164785406541392e-14
    1.4854045202869982e-14
    1.1952064917134810e-15
    2.6004101652921766e-16
    4.7034573513448430e-153
    2.0607243716460827e-151
    5.1573367563943369e-148
    2.9459703839470896e-146
    6.4570457686235163e-143
    2.4776300922717783e-141
    4.7560001621399784e-138
    2.3792750606360872e-136
    3.9999075296119341e-133
    1.3441646170202042e-131
    1.9790540867869773e-128
    8.6708237892705704e-127
    1.1180609264929585e-123
    3.2905453706814714e-122
    3.7159759831285201e-119
    1.4258554527473823e-117
    1.4101990613816961e-114
    3.6348185833444254e-113
    3.1483830500387229e-110
    1.0580107328226861e-108
    8.0259195950821180e-106
    1.8117448206082921e-104
    1.2036540044930022e-101
    3.5424528471288015e-100
    2.0611453559277661e-97
    4.0748417702074100e-96
    2.0764199683617081e-93
    5.3520173813615004e-92
    2.3884814236959070e-89
    4.1354607429098254e-88
    1.6163230287041923e-85
    3.6486347027835422e-84
    1.2489197917088980e-81
    1.8938103595434420e-80
    5.6772831749751365e-78
    1.1223871502174991e-76
    2.9467728525346617e-74
    3.9133483214085096e-73
    8.9981325241964473e-71
    1.5579532435715881e-69
    3.1373155691375449e-67
    3.6488831453598558e-66
    6.4352236615879450e-64
    9.7581072195145311e-63
    1.5071940863775875e-60
    1.5352207706265123e-59
    2.0767027530017222e-57
    2.7578851981615268e-56
    3.2672291143523221e-54
    2.9146147060557525e-53
    3.0240186393307950e-51
    3.5171121300682397e-50
    3.1958724038091628e-48
    2.4968410648846107e-47
    1.9869824034830928e-45
    2.0239308820306431e-44
    1.4105831934808233e-42
    9.6516169458193689e-42
    5.8911897422404746e-40
    5.2553854221937196e-39
    2.8093601047656545e-37
    1.6834828183129847e-36
    7.8815463233254051e-35
    6.1576202137915142e-34
    2.5247335354591359e-32
    1.3250026034964270e-31
    4.7579435651677191e-30
    3.2555221806135362e-29
    1.0238188443412788e-27
    4.7056996833508160e-27
    1.2960643734089184e-25
    7.7665447740546758e-25
    1.8733982979727050e-23
    7.5410377510663761e-23
    1.5930642485831442e-21
    8.3605427936976946e-21
    1.5468085214744901e-19
    5.4530245750585851e-19
    8.8356690821028877e-18
    4.0610705132037608e-17
    5.7629177710895437e-16
    1.7792756165889441e-15
    2.2112865536843390e-14
    8.9011479287903518e-14
    9.6883032035055269e-13
    2.6196811290545246e-12
    2.4971811058513154e-11
    8.8034102150208356e-11
    7.3494096163256820e-10
    1.7404160047839327e-09
    1.2724903213946924e-08
    3.9287581244678777e-08
    2.5156870657475901e-07
    5.2174360826824032e-07
    2.9258925119451662e-06
    7.9115044592639200e-06
    3.8856189875432260e-05
    7.0576584722498661e-05
    3.0357197732197030e-04
    7.1888975509892491e-04
    2.7080909183860250e-03
    4.3078797507262448e-03
    1.4212301878495768e-02
    2.9475755409388033e-02
    8.5165892321396847e-02
    1.1864950690191074e-01
    3.0023865096685132e-01
    5.4533958821574846e-01
    1.2085582674752007e+00
    1.4745779505173675e+00
    2.8619906374410036e+00
    4.5526948263521794e+00
    7.7387161683398524e+00
    8.2693041478792679e+00
    1.2310317371690024e+01
    1.7150211734958344e+01
    2.2359890655133491e+01
    2.0925200506148670e+01
    2.3892947165349192e+01
    2.9152101317644110e+01
    2.9152101317698239e+01
    2.3892947165399896e+01
    2.0925200506237474e+01
    2.2359890655216514e+01
    1.7150211735053894e+01
    1.2310317371768376e+01
    8.2693041479494749e+00
    7.7387161684117123e+00
    4.5526948264029006e+00
    2.8619906374774424e+00
    1.4745779505392722e+00
    1.2085582674909090e+00
    5.4533958822384732e-01
    3.0023865097258434e-01
    1.1864950690417719e-01
    8.5165892322977860e-02
    2.9475755409990190e-02
    1.4212301878827552e-02
    4.3078797508359478e-03
    2.7080909184513955e-03
    7.1888975511627692e-04
    3.0357197733098929e-04
    7.0576584724745277e-05
    3.8856189876514463e-05
    7.9115044594989953e-06
    2.9258925120444893e-06
    5.2174360828706182e-07
    2.5156870658316745e-07
    3.9287581246064920e-08
    1.2724903214460036e-08
    1.7404160048577971e-09
    7.3494096166122691e-10
    8.8034102155928736e-11
    2.4971811058022811e-11
    2.6196811292491148e-12
    9.6883032032381553e-13
    8.9011479294467232e-14
    2.2112865536327561e-14
    1.7792756167380878e-15
    5.7629177709258748e-16
    6.1322153746385196e-153
    3.5028398832679737e-151
    8.7664925646175105e-148
    3.8408607822274521e-146
    8.4184871636507275e-143
    4.2115003940393653e-141
    8.0842966104338637e-138
    3.1020217719501840e-136
    5.2149499013129907e-133
    2.2848244505449786e-131
    3.3640159167828869e-128
    1.1304739254439758e-126
    1.4576916278931562e-123
    5.5933019091095996e-122
    6.3164531162067344e-119
    1.8589841633891424e-117
    1.8385718673541177e-114
    6.1785009569027629e-113
    5.3516529756106653e-110
    1.3794001300919083e-108
    1.0463934051067870e-105
    3.0796219539189823e-104
    2.0459831069955480e-101
    4.6185353008103558e-100
    2.6872545654777134e-97
    6.9264567678044042e-96
    3.5295194154118593e-93
    6.9777869383332400e-92
    3.1140247299506849e-89
    7.0294975034721906e-88
    2.7474420388491349e-85
    4.7569717655315708e-84
    1.6283011785335647e-81
    3.2191177772078968e-80
    9.6503026835129999e-78
    1.4633320182782588e-76
    3.8419070147618402e-74
    6.6519485894298928e-73
    1.5295115598182028e-70
    2.0312089851134555e-69
    4.0903304379965893e-67
    6.2024080399351849e-66
    1.0938657498026805e-63
    1.2722304179355011e-62
    1.9650308397820941e-60
    2.6095836099624630e-59
    3.5300000955431173e-57
    3.5956414080556026e-56
    4.2597075110366911e-54
    4.9542912080107626e-53
    5.1402571072441753e-51
    4.5854968945365750e-50
    4.1666749426866983e-48
    4.2441553972229971e-47
    3.3774925486975273e-45
    2.6387355395763176e-44
    1.8390726863346856e-42
    1.6405914949326763e-41
    1.0013903204427414e-39
    6.8518013193182772e-39
    3.6627527242833194e-37
    2.8616009204374414e-36
    1.3397131213893682e-34
    8.0281058219968103e-34
    3.2916658207623105e-32
    2.2522526683931301e-31
    8.0876000261699235e-30
    4.2444443899323228e-29
    1.3348218531744471e-27
    7.9987953536885394e-27
    2.2030631756622046e-25
    1.0125769559083218e-24
    2.4424760313864988e-23
    1.2818331339454166e-22
    2.7079065318430020e-21
    1.0900204940646708e-20
    2.0166788573103611e-19
    9.2691056738713236e-19
    1.5018958615085330e-17
    5.2946922184676262e-17
    7.5135055594552066e-16
    3.0244304763427178e-15
    3.7587669849705164e-14
    1.1605028408404561e-13
    1.2631295963616997e-12
    4.4529601659990618e-12
    4.2447334021598970e-11
    1.1477601142409153e-10
    9.5819222492261339e-10
    2.9583765198045911e-09
    2.1629917664150777e-08
    5.1221876109644994e-08
    3.2798713265084015e-07
    8.8686499998348955e-07
    4.9734613351058536e-06
    1.0314763302137366e-05
    5.0659442012854619e-05
    1.1996678410003144e-04
    5.1601468115009875e-04
    9.3726518165581621e-04
    3.5307212386303478e-03
    7.3225770560632489e-03
    2.4158212780092558e-02
    3.8429535338705995e-02
    1.1103653233509315e-01
    2.0168161769230283e-01
    5.1034865969458376e-01
    7.1099609444471124e-01
    1.5756791303126960e+00
    2.5065023381790241e+00
    4.8648402901203358e+00
    5.9356560768462119e+00
    1.0089487524117470e+01
    1.4056245839360781e+01
    2.0925200505660218e+01
    2.2359890655204659e+01
    2.9152101317311608e+01
    3.5568864960356095e+01
    4.0613470393204004e+01
    3.8007565615236260e+01
    3.8007565615286666e+01
    4.0613470393247091e+01
    3.5568864960431554e+01
    2.9152101317388919e+01
    2.2359890655293647e+01
    2.0925200505749004e+01
    1.4056245839420455e+01
    1.0089487524184397e+01
    5.9356560768855724e+00
    4.8648402901513057e+00
    2.5065023382003000e+00
    1.5756791303273241e+00
    7.1099609445319534e-01
    5.1034865969945609e-01
    2.0168161769444343e-01
    1.1103653233656556e-01
    3.8429535339266817e-02
    2.4158212780400229e-02
    7.3225770561564738e-03
    3.5307212386912284e-03
    9.3726518167197592e-04
    5.1601468115776352e-04
    1.1996678410206809e-04
    5.0659442013862405e-05
    1.0314763302369973e-05
    4.9734613351955248e-06
    8.8686500000042830e-07
    3.2798713265866943e-07
    5.1221876110935753e-08
    2.1629917664609849e-08
    2.9583765198673687e-09
    9.5819222494929865e-10
    1.1477601143027123e-10
    4.2447334020337798e-11
    4.4529601662353196e-12
    1.2631295963291920e-12
    1.1605028409128054e-13
    3.7587669848468867e-14
    3.0244304765192140e-15
    7.5135055591851766e-16
    7.9949838156319932e-153
    3.9996351880340004e-151
    1.0009812981898260e-147
    5.0075899028219235e-146
    1.0975750933958662e-142
    4.8088024950426707e-141
    9.2308636052702660e-138
    4.0443155282832160e-136
    6.7990827968345670e-133
    2.6088729646231269e-131
    3.8411223128183507e-128
    1.4738752939530887e-126
    1.9004911375647837e-123
    6.3865799975006433e-122
    7.2122931646818240e-119
    2.4236833496098589e-117
    2.3970704590854471e-114
    7.0547757419574978e-113
    6.1106588564226760e-110
    1.7984172181731276e-108
    1.3642538344542722e-105
    3.5163937671034626e-104
    2.3361576039833871e-101
    6.0214967553652746e-100
    3.5035554765657602e-97
    7.9088114615578713e-96
    4.0300985831778262e-93
    9.0974126367272865e-92
    4.0599645961824168e-89
    8.0264660977572397e-88
    3.1371019577850197e-85
    6.2019857348348955e-84
    2.1229263445374240e-81
    3.6756737861662183e-80
    1.1018970742084346e-77
    1.9078448958701917e-76
    5.0089539468605533e-74
    7.5953707659307412e-73
    1.7464367367547176e-70
    2.6482244947050301e-69
    5.3328403609519844e-67
    7.0820734813975353e-66
    1.2490048331247374e-63
    1.6586928181070803e-62
    2.5619435719755985e-60
    2.9796915589252222e-59
    4.0306474364449634e-57
    4.6878808240592051e-56
    5.5536687035387259e-54
    5.6569406845606665e-53
    5.8692814649295738e-51
    5.9784223511477181e-50
    5.4323758537505181e-48
    4.8460888409808104e-47
    3.8565102874077853e-45
    3.4402979418329681e-44
    2.3977234106176695e-42
    1.8732707434330656e-41
    1.1434139429800162e-39
    8.9331566665682089e-39
    4.7753783847514265e-37
    3.2674515869373984e-36
    1.5297198617935578e-34
    1.0466784382863316e-33
    4.2915672974766398e-32
    2.5716816425920254e-31
    9.2346355326009985e-30
    5.5337691404996151e-29
    1.7402975043502288e-27
    9.1332360097088173e-27
    2.5155157793006453e-25
    1.3201650431025108e-24
    3.1844211508406841e-23
    1.4636309618505456e-22
    3.0919592706073205e-21
    1.4211334201357417e-20
    2.6292805845961746e-19
    1.0583709917986985e-18
    1.7149044023004232e-17
    6.9030482472445677e-17
    9.7958652255397114e-16
    3.4533746787474655e-15
    4.2918595189833674e-14
    1.5130260213117307e-13
    1.6468274616421845e-12
    5.0845076463268289e-12
    4.8467488222735640e-11
    1.4964124670400323e-10
    1.2492599920690842e-09
    3.3779525248631739e-09
    2.4697611847942564e-08
    6.6781423265667973e-08
    4.2761900177838150e-07
    1.0126459042148234e-06
    5.6788296424530672e-06
    1.3448054352598134e-05
    6.6048139904401027e-05
    1.3698124580733021e-04
    5.8919920550539167e-04
    1.2219759907689440e-03
    4.6032400094950859e-03
    8.3611120793425503e-03
    2.7584486055180241e-02
    5.0103183644673172e-02
    1.4476583497076326e-01
    2.3028540320668789e-01
    5.8272959240608369e-01
    9.2697368252317391e-01
    2.0543194221620418e+00
    2.8619906374728834e+00
    5.5548032615174163e+00
    7.7387161683776284e+00
    1.3154347088624883e+01
    1.6049793123054226e+01
    2.3892947164728088e+01
    2.9152101317224215e+01
    3.8007565614522477e+01
    4.0613470393117829e+01
    4.6373534247236627e+01
    4.9553033184330445e+01
    4.9553033184337018e+01
    4.6373534247261226e+01
    4.0613470393160902e+01
    3.8007565614545641e+01
    2.9152101317248992e+01
    2.3892947164778764e+01
    1.6049793123088307e+01
    1.3154347088642352e+01
    7.7387161683897414e+00
    5.5548032615350991e+00
    2.8619906374850301e+00
    2.0543194221662384e+00
    9.2697368252530965e-01
    5.8272959240886446e-01
    2.3028540320791013e-01
    1.4476583497116596e-01
    5.0103183644824918e-02
    2.7584486055355954e-02
    8.3611120793957803e-03
    4.6032400095112024e-03
    1.2219759907735155e-03
    5.8919920550976773e-04
    1.3698124580849308e-04
    6.6048139904679681e-05
    1.3448054352658500e-05
    5.6788296425072579e-06
    1.0126459042244937e-06
    4.2761900178050385e-07
    6.6781423266015071e-08
    2.4697611848204651e-08
    3.3779525248990210e-09
    1.2492599920761769e-09
    1.4964124671072306e-10
    4.8467488220729960e-11
    5.0845076466019957e-12
    1.6468274615600990e-12
    1.5130260213880392e-13
    4.2918595187875866e-14
    3.4533746789544661e-15
    9.7958652250577727e-16
    7.9949838157465179e-153
    3.9996351881465405e-151
    1.0009812982179912e-147
    5.0075899028916621e-146
    1.0975750934108397e-142
    4.8088024951727850e-141
    9.2308636055147838e-138
    4.0443155283365506e-136
    6.7990827969226845e-133
    2.6088729646895640e-131
    3.8411223129139848e-128
    1.4738752939714364e-126
    1.9004911375879022e-123
    6.3865799976531187e-122
    7.2122931648540119e-119
    2.4236833496382393e-117
    2.3970704591129712e-114
    7.0547757421183051e-113
    6.1106588565586646e-110
    1.7984172181929599e-108
    1.3642538344689290e-105
    3.5163937671780190e-104
    2.3361576040316582e-101
    6.0214967554270562e-100
    3.5035554766009108e-97
    7.9088114617129708e-96
    4.0300985832546841e-93
    9.0974126368139050e-92
    4.0599645962202650e-89
    8.0264660979062064e-88
    3.1371019578398539e-85
    6.2019857348897159e-84
    2.1229263445555856e-81
    3.6756737862285864e-80
    1.1018970742265361e-77
    1.9078448958855912e-76
    5.0089539468998457e-74
    7.5953707660475289e-73
    1.7464367367806278e-70
    2.6482244947245996e-69
    5.3328403609900279e-67
    7.0820734814953595e-66
    1.2490048331413156e-63
    1.6586928181181590e-62
    2.5619435719919820e-60
    2.9796915589616381e-59
    4.0306474364942229e-57
    4.6878808240870522e-56
    5.5536687035702159e-54
    5.6569406846237731e-53
    5.8692814649918790e-51
    5.9784223511788977e-50
    5.4323758537774612e-48
    4.8460888410271582e-47
    3.8565102874425863e-45
    3.4402979418484166e-44
    2.3977234106277553e-42
    1.8732707434479996e-41
    1.1434139429891317e-39
    8.9331566666017228e-39
    4.7753783847681204e-37
    3.2674515869599652e-36
    1.5297198618033187e-34
    1.0466784382894997e-33
    4.2915672974885935e-32
    2.5716816426056570e-31
    9.2346355326450917e-30
    5.5337691405124331e-29
    1.7402975043537652e-27
    9.1332360097426932e-27
    2.5155157793099754e-25
    1.3201650431045747e-24
    3.1844211507849322e-23
    1.4636309618272294e-22
    3.0919592705565264e-21
    1.4211334201117194e-20
    2.6292805845524401e-19
    1.0583709917818458e-18
    1.7149044022731163e-17
    6.9030482471896827e-17
    9.7958652254617542e-16
    3.4533746786924764e-15
    4.2918595189150577e-14
    1.5130260212887351e-13
    1.6468274616176288e-12
    5.0845076462485586e-12
    4.8467488221964223e-11
    1.4964124670186021e-10
    1.2492599920671271e-09
    3.3779525248506330e-09
    2.4697611847850783e-08
    6.6781423265531323e-08
    4.2761900177739555e-07
    1.0126459042099881e-06
    5.6788296424229451e-06
    1.3448054352560676e-05
    6.6048139904201331e-05
    1.3698124580645838e-04
    5.8919920550132862e-04
    1.2219759907646658e-03
    4.6032400094778653e-03
    8.3611120792760115e-03
    2.7584486054960722e-02
    5.0103183644461882e-02
    1.4476583497011433e-01
    2.3028540320461099e-01
    5.8272959240051925e-01
    9.2697368251857581e-01
    2.0543194221513614e+00
    2.8619906374425170e+00
    5.5548032614555307e+00
    7.7387161683337009e+00
    1.3154347088547073e+01
    1.6049793122858386e+01
    2.3892947164436549e+01
    2.9152101317037857e+01
    3.8007565614269424e+01
    4.0613470392579181e+01
    4.6373534246596982e+01
    4.9553033183976865e+01
    4.9553033183971600e+01
    4.6373534246572376e+01
    4.0613470392536058e+01
    3.8007565614247220e+01
    2.9152101317013138e+01
    2.3892947164385816e+01
    1.6049793122815835e+01
    1.3154347088529647e+01
    7.7387161683213836e+00
    5.5548032614378515e+00
    2.8619906374318882e+00
    2.0543194221471111e+00
    9.2697368251645729e-01
    5.8272959239773525e-01
    2.3028540320338992e-01
    1.4476583496971446e-01
    5.0103183644310580e-02
    2.7584486054785227e-02
    8.3611120792183406e-03
    4.6032400094617567e-03
    1.2219759907600640e-03
    5.8919920549663977e-04
    1.3698124580536827e-04
    6.6048139903921051e-05
    1.3448054352500835e-05
    5.6788296423716801e-06
    1.0126459042003213e-06
    4.2761900177528538e-07
    6.6781423265184211e-08
    2.4697611847588782e-08
    3.3779525248129979e-09
    1.2492599920600346e-09
    1.4964124670875016e-10
    4.8467488219444385e-11
    5.0845076464644212e-12
    1.6468274615375973e-12
    1.5130260213670000e-13
    4.2918595186669155e-14
    3.4533746788573700e-15
    9.7958652249169649e-16
    6.1322153750697078e-153
    3.5028398834648970e-151
    8.7664925651013773e-148
    3.8408607824872624e-146
    8.4184871642086992e-143
    4.2115003942629617e-141
    8.0842966108543411e-138
    3.1020217721474966e-136
    5.2149499016378842e-133
    2.2848244506588806e-131
    3.3640159169505883e-128
    1.1304739255114488e-126
    1.4576916279801594e-123
    5.5933019093766711e-122
    6.3164531165015134e-119
    1.8589841634951305e-117
    1.8385718674565385e-114
    6.1785009571781088e-113
    5.3516529758435349e-110
    1.3794001301651039e-108
    1.0463934051608846e-105
    3.0796219540464234e-104
    2.0459831070802150e-101
    4.6185353010370529e-100
    2.6872545656096156e-97
    6.9264567680762708e-96
    3.5295194155466825e-93
    6.9777869386570970e-92
    3.1140247300910552e-89
    7.0294975037257251e-88
    2.7474420389453378e-85
    4.7569717657334269e-84
    1.6283011786004844e-81
    3.2191177773138461e-80
    9.6503026838306144e-78
    1.4633320183345719e-76
    3.8419070149096887e-74
    6.6519485896346440e-73
    1.5295115598636738e-70
    2.0312089851861380e-69
    4.0903304381376057e-67
    6.2024080401063565e-66
    1.0938657498316868e-63
    1.2722304179776625e-62
    1.9650308398420205e-60
    2.6095836100260994e-59
    3.5300000956254872e-57
    3.5956414081605561e-56
    4.2597075111552773e-54
    4.9542912081211578e-53
    5.1402571073478301e-51
    4.5854968946521104e-50
    4.1666749427861748e-48
    4.2441553973040577e-47
    3.3774925487584357e-45
    2.6387355396357902e-44
    1.8390726863712745e-42
    1.6405914949588114e-41
    1.0013903204576266e-39
    6.8518013194455415e-39
    3.6627527243464568e-37
    2.8616009204769686e-36
    1.3397131214050177e-34
    8.0281058221139792e-34
    3.2916658208059538e-32
    2.2522526684170393e-31
    8.0876000262471560e-30
    4.2444443899829293e-29
    1.3348218531868338e-27
    7.9987953537478752e-27
    2.2030631756762150e-25
    1.0125769559163800e-24
    2.4424760313106409e-23
    1.2818331339046129e-22
    2.7079065317539364e-21
    1.0900204940302674e-20
    2.0166788572461797e-19
    9.2691056735762018e-19
    1.5018958614607135e-17
    5.2946922182776026e-17
    7.5135055591748189e-16
    3.0244304762464429e-15
    3.7587669848508664e-14
    1.1605028408035147e-13
    1.2631295963211547e-12
    4.4529601658620123e-12
    4.2447334020248075e-11
    1.1477601142034700e-10
    9.5819222491498782e-10
    2.9583765197857562e-09
    2.1629917663990172e-08
    5.1221876109169491e-08
    3.2798713264692500e-07
    8.8686499997502028e-07
    4.9734613350530759e-06
    1.0314763302000550e-05
    5.0659442012115532e-05
    1.1996678409863114e-04
    5.1601468114298118e-04
    9.3726518163965650e-04
    3.5307212385647887e-03
    7.3225770559544679e-03
    2.4158212779708053e-02
    3.8429535337941460e-02
    1.1103653233258969e-01
    2.0168161768866488e-01
    5.1034865968483734e-01
    7.1099609442773748e-01
    1.5756791302729891e+00
    2.5065023381284934e+00
    4.8648402900119363e+00
    5.9356560766808899e+00
    1.0089487523823076e+01
    1.4056245839032670e+01
    2.0925200505149569e+01
    2.2359890654522577e+01
    2.9152101316345000e+01
    3.5568864959412601e+01
    4.0613470392083606e+01
    3.8007565613925621e+01
    3.8007565613925621e+01
    4.0613470392040512e+01
    3.5568864959337098e+01
    2.9152101316267654e+01
    2.2359890654433631e+01
    2.0925200505060729e+01
    1.4056245838958120e+01
    1.0089487523769565e+01
    5.9356560766336557e+00
    4.8648402899809673e+00
    2.5065023381098777e+00
    1.5756791302562709e+00
    7.1099609442019107e-01
    5.1034865967996235e-01
    2.0168161768652590e-01
    1.1103653233111657e-01
    3.8429535337380978e-02
    2.4158212779400532e-02
    7.3225770558534636e-03
    3.5307212385085997e-03
    9.3726518162225310e-04
    5.1601468113531630e-04
    1.1996678409672195e-04
    5.0659442011040525e-05
    1.0314763301781703e-05
    4.9734613349633336e-06
    8.8686499995808491e-07
    3.2798713263909450e-07
    5.1221876107878553e-08
    2.1629917663531176e-08
    2.9583765197198357e-09
    9.5819222488957228e-10
    1.1477601142296445e-10
    4.2447334018130951e-11
    4.4529601659990933e-12
    1.2631295962454275e-12
    1.1605028408343045e-13
    3.7587669846395028e-14
    3.0244304763491431e-15
    7.5135055586570224e-16
    4.7034573517990892e-153
    2.0607243718691150e-151
    5.1573367569416670e-148
    2.9459703842205503e-146
    6.4570457692107805e-143
    2.4776300925240173e-141
    4.7560001626141672e-138
    2.3792750608436900e-136
    3.9999075299609441e-133
    1.3441646171513947e-131
    1.9790540869759712e-128
    8.6708237899951039e-127
    1.1180609265842860e-123
    3.2905453709816798e-122
    3.7159759834597265e-119
    1.4258554528585839e-117
    1.4101990614890309e-114
    3.6348185836607542e-113
    3.1483830503059173e-110
    1.0580107328992755e-108
    8.0259195956633428e-106
    1.8117448207543774e-104
    1.2036540045874901e-101
    3.5424528473721510e-100
    2.0611453560656077e-97
    4.0748417705101476e-96
    2.0764199685159744e-93
    5.3520173817093845e-92
    2.3884814238422665e-89
    4.1354607431994359e-88
    1.6163230288139856e-85
    3.6486347030003797e-84
    1.2489197917808137e-81
    1.8938103596640640e-80
    5.6772831753246380e-78
    1.1223871502779180e-76
    2.9467728526878443e-74
    3.9133483216328481e-73
    8.9981325247122793e-71
    1.5579532436497417e-69
    3.1373155692831557e-67
    3.6488831455534775e-66
    6.4352236619157010e-64
    9.7581072199494054e-63
    1.5071940864419716e-60
    1.5352207707014310e-59
    2.0767027530942710e-57
    2.7578851982691481e-56
    3.2672291144797269e-54
    2.9146147061794299e-53
    3.0240186394527122e-51
    3.5171121301923425e-50
    3.1958724039160266e-48
    2.4968410649747000e-47
    1.9869824035547859e-45
    2.0239308820907552e-44
    1.4105831935201128e-42
    9.6516169461264647e-42
    5.8911897424154474e-40
    5.2553854223206068e-39
    2.8093601048334450e-37
    1.6834828183558321e-36
    7.8815463235094281e-35
    6.1576202139172590e-34
    2.5247335355059935e-32
    1.3250026035217338e-31
    4.7579435652585254e-30
    3.2555221806618816e-29
    1.0238188443545913e-27
    4.7056996834206971e-27
    1.2960643734254212e-25
    7.7665447741268016e-25
    1.8733982978842514e-23
    7.5410377507103212e-23
    1.5930642485070891e-21
    8.3605427932985517e-21
    1.5468085214002474e-19
    5.4530245748040619e-19
    8.8356690816856435e-18
    4.0610705130010790e-17
    5.7629177707902144e-16
    1.7792756165030636e-15
    2.2112865535764440e-14
    8.9011479283676751e-14
    9.6883032030429600e-13
    2.6196811289294389e-12
    2.4971811057307655e-11
    8.8034102145958263e-11
    7.3494096162574552e-10
    1.7404160047617722e-09
    1.2724903213757956e-08
    3.9287581244168202e-08
    2.5156870657102222e-07
    5.2174360825827530e-07
    2.9258925118892836e-06
    7.9115044591170156e-06
    3.8856189874638705e-05
    7.0576584720851297e-05
    3.0357197731424010e-04
    7.1888975508157171e-04
    2.7080909183206546e-03
    4.3078797505982673e-03
    1.4212301878043355e-02
    2.9475755408567061e-02
    8.5165892318866607e-02
    1.1864950689763044e-01
    3.0023865095601987e-01
    5.4533958819752160e-01
    1.2085582674325637e+00
    1.4745779504579142e+00
    2.8619906373195358e+00
    4.5526948261746547e+00
    7.7387161680380965e+00
    8.2693041475107627e+00
    1.2310317371089191e+01
    1.7150211734225916e+01
    2.2359890654137065e+01
    2.0925200505082959e+01
    2.3892947164081633e+01
    2.9152101316290860e+01
    2.9152101316236738e+01
    2.3892947164030929e+01
    2.0925200505038543e+01
    2.2359890654054009e+01
    1.7150211734130401e+01
    1.2310317371010802e+01
    8.2693041474230338e+00
    7.7387161679662650e+00
    4.5526948261323890e+00
    2.8619906372830957e+00
    1.4745779504360099e+00
    1.2085582674168551e+00
    5.4533958818840689e-01
    3.0023865095028496e-01
    1.1864950689536495e-01
    8.5165892317284997e-02
    2.9475755407965168e-02
    1.4212301877711647e-02
    4.3078797504885712e-03
    2.7080909182552841e-03
    7.1888975506421851e-04
    3.0357197730522111e-04
    7.0576584718604681e-05
    3.8856189873556367e-05
    7.9115044588819962e-06
    2.9258925117837137e-06
    5.2174360823945380e-07
    2.5156870656261468e-07
    3.9287581242782198e-08
    1.2724903213244844e-08
    1.7404160046879074e-09
    7.3494096159708681e-10
    8.8034102148246102e-11
    2.4971811055532238e-11
    2.6196811289822747e-12
    9.6883032023566990e-13
    8.9011479286203453e-14
    2.2112865533981267e-14
    1.7792756165455296e-15
    5.7629177703694320e-16
    2.1223482263346269e-153
    1.3842662281886680e-151
    3.4643774769118915e-148
    1.3293147045090480e-146
    2.9136225994298146e-143
    1.6643175137054612e-141
    3.1947845603380959e-138
    1.0736039104108965e-136
    1.8048843684030792e-133
    9.0292603418782206e-132
    1.3294052197142817e-128
    3.9125490283210641e-127
    5.0450433521193906e-124
    2.2103833445864722e-122
    2.4961611212393295e-119
    6.4339092821136291e-118
    6.3632627088135181e-115
    2.4416446370151826e-113
    2.1148875557643188e-110
    4.7740779483048349e-109
    3.6215479262223902e-106
    1.2170172797937092e-104
    8.0853975995688389e-102
    1.5984663950607884e-100
    9.3005375906426653e-98
    2.7372247958564403e-96
    1.3948095520091360e-93
    2.4149989566637960e-92
    1.0777581116041211e-89
    2.7779448445070414e-88
    1.0857450968028341e-85
    1.6463789955348435e-84
    5.6355198030722296e-82
    1.2721437952829259e-80
    3.8136450826230176e-78
    5.0645646371568137e-77
    1.3296768035665012e-74
    2.6287435596384005e-73
    6.0443847516340328e-71
    7.0299761558836283e-70
    1.4156556838583955e-67
    2.4510923333140381e-66
    4.3227822738411439e-64
    4.4031655867939869e-63
    6.8009348375125988e-61
    1.0312656533258313e-59
    1.3949995090632232e-57
    1.2444447395014226e-56
    1.4742767707662733e-54
    1.9578565484003323e-53
    2.0313472937553591e-51
    1.5870318646272895e-50
    1.4420783735491473e-48
    1.6772222479385212e-47
    1.3347309687644107e-45
    9.1326141503366895e-45
    6.3649960335598645e-43
    6.4833548669543651e-42
    3.9573341857448682e-40
    2.3713955698220127e-39
    1.2676718400005764e-37
    1.1308588583876110e-36
    5.2943317167289490e-35
    2.7785123492804568e-34
    1.1392393595097266e-32
    8.9005418722458728e-32
    3.1960900171078733e-30
    1.4689942328676286e-29
    4.6197933686640174e-28
    3.1609958319948055e-27
    8.7061528759759826e-26
    3.5045098296247591e-25
    8.4533636795049886e-24
    5.0655992747981721e-23
    1.0701212974324791e-21
    3.7725404613442114e-21
    6.9796876556841724e-20
    3.6630021283872427e-19
    5.9352519336545459e-18
    1.8324830343529407e-17
    2.6004101651350478e-16
    1.1952064915207193e-15
    1.4854045202105522e-14
    4.0164785400095622e-14
    4.3716678137891093e-13
    1.7597385486634315e-12
    1.6774506661027193e-11
    3.9723762025370140e-11
    3.3162852975195220e-10
    1.1691030255933658e-09
    8.5477970833756149e-09
    1.7727795134990333e-08
    1.1351573071511624e-07
    3.5047484586307680e-07
    1.9654322755354465e-06
    3.5699202094221716e-06
    1.7533137752104180e-05
    4.7408951945835558e-05
    2.0392073862522258e-04
    3.2438571934194398e-04
    1.2219759906793868e-03
    2.8937651899127261e-03
    9.5469388254041075e-03
    1.3300390016564252e-02
    3.8429535335862054e-02
    7.9701345618644587e-02
    2.0168161767839379e-01
    2.4607441315987988e-01
    5.4533958817408679e-01
    9.9052958536190683e-01
    1.9225069779589830e+00
    2.0543194221492378e+00
    3.4919526859345633e+00
    5.5548032614466827e+00
    8.2693041473265136e+00
    7.7387161680586276e+00
    1.0089487523694622e+01
    1.4056245838682198e+01
    1.6049793122245344e+01
    1.3154347088252237e+01
    1.3154347088252237e+01
    1.6049793122245344e+01
    1.4056245838607625e+01
    1.0089487523635738e+01
    7.7387161679908960e+00
    8.2693041472387634e+00
    5.5548032613877520e+00
    3.4919526858836245e+00
    2.0543194221192667e+00
    1.9225069779283848e+00
    9.9052958534614133e-01
    5.4533958816294847e-01
    2.4607441316653736e-01
    2.0168161767411347e-01
    7.9701345616530681e-02
    3.8429535334740604e-02
    1.3300390017019388e-02
    9.5469388251255768e-03
    2.8937651900355498e-03
    1.2219759906366007e-03
    3.2438571935631270e-04
    2.0392073861764967e-04
    4.7408951948350562e-05
    1.7533137751336765e-05
    3.5699202096059083e-06
    1.9654322754520117e-06
    3.5047484588445956e-07
    1.1351573070948553e-07
    1.7727795136081242e-08
    8.5477970829675005e-09
    1.1691030256739933e-09
    3.3162852973260057e-10
    3.9723762026033862e-11
    1.6774506659825755e-11
    1.7597385486821182e-12
    4.3716678134470173e-13
    4.0164785400916113e-14
    1.4854045200939261e-14
    1.1952064915549608e-15
    2.6004101649128065e-16
    1.2485796842063179e-153
    4.7909194222059095e-152
    1.1990145394034761e-148
    7.8203723280518424e-147
    1.7140872265745940e-143
    5.7601716626469535e-142
    1.1057089372177484e-138
    6.3160230484250532e-137
    1.0618153641237789e-133
    3.1250100492158065e-132
    4.6010465019141305e-129
    2.3017566908436551e-127
    2.9680042875576539e-124
    7.6500952491459214e-123
    8.6391667678432565e-120
    3.7850755686974679e-118
    3.7435141156497265e-115
    8.4504862396512867e-114
    7.3195861172862858e-111
    2.8085950567451766e-109
    2.1305604376683137e-106
    4.2120739523099556e-105
    2.7983409265138833e-102
    9.4037945421339911e-101
    5.4715160045933565e-98
    9.4734836190890282e-97
    4.8274096678906736e-94
    1.4207464153250321e-92
    6.3404622574612660e-90
    9.6144149428568989e-89
    3.7577433920272030e-86
    9.6856648725458332e-85
    3.3153822019929734e-82
    4.4028657873032542e-81
    1.3198954018766287e-78
    2.9794886799560506e-77
    7.8225025605569500e-75
    9.0980320976861010e-74
    2.0919502124693879e-71
    4.1357423347321770e-70
    8.3283172137610888e-68
    8.4831845366579009e-67
    1.4961068276575927e-64
    2.5903869259859004e-63
    4.0009970872916905e-61
    3.5691910600076417e-60
    4.8280671055982661e-58
    7.3210814330077597e-57
    8.6731856820322245e-55
    6.7761047475397510e-54
    7.0304548391118779e-52
    9.3365250775400429e-51
    8.4837621740255180e-49
    5.8048347037642984e-48
    4.6194788193698633e-46
    5.3727264687746562e-45
    3.7445338322863483e-43
    2.2438769444819489e-42
    1.3696259306275448e-40
    1.3950944971747316e-39
    7.4577267104621456e-38
    3.9138812736786897e-37
    1.8323582654999398e-35
    1.6346017248887038e-34
    6.7021570827403450e-33
    3.0804608286157255e-32
    1.1061607533279622e-30
    8.6421084561054635e-30
    2.7178292768960701e-28
    1.0940147217628258e-27
    3.0131831620368960e-26
    2.0617068028967963e-25
    4.9731227055117852e-24
    1.7531943968413293e-23
    3.7036697155841761e-22
    2.2193895042412377e-21
    4.1061575573310165e-20
    1.2677581582408111e-19
    2.0541795489794501e-18
    1.0780516881912815e-17
    1.5298240234550276e-16
    4.1365872234959473e-16
    5.1409571514386042e-15
    2.3628985314074508e-14
    2.5718567531494681e-13
    6.0904220724767237e-13
    5.8056252561426693e-12
    2.3369530800117301e-11
    1.9509741135006838e-10
    4.0462436181774757e-10
    2.9583765195220853e-09
    1.0429280443326109e-08
    6.6781423259105016e-08
    1.2129868603265233e-07
    6.8023241988029925e-07
    2.1001877978036737e-06
    1.0314763301179693e-05
    1.6408149244116986e-05
    7.0576584716657820e-05
    1.9083645840307567e-04
    7.1888975503580765e-04
    1.0015266983309733e-03
    3.3041776002870858e-03
    7.8246333756529160e-03
    2.2608135883634407e-02
    2.7584486054287632e-02
    6.9801629162128051e-02
    1.4476583496519133e-01
    3.2082385083463483e-01
    3.4282042945769564e-01
    6.6537605497818852e-01
    1.2085582674168551e+00
    2.0543194221203551e+00
    1.9225069779028856e+00
    2.8619906372557646e+00
    4.5526948260514768e+00
    5.9356560765313153e+00
    4.8648402898519185e+00
    5.5548032612698730e+00
    7.7387161678287208e+00
    7.7387161678287208e+00
    5.5548032612698730e+00
    4.8648402899035359e+00
    5.9356560763266275e+00
    4.5526948259790210e+00
    2.8619906372557611e+00
    1.9225069779538826e+00
    2.0543194220495176e+00
    1.2085582674168562e+00
    6.6537605497818852e-01
    3.4282042947224484e-01
    3.2082385082357168e-01
    1.4476583496749507e-01
    6.9801629159535625e-02
    2.7584486054873035e-02
    2.2608135882854739e-02
    7.8246333759020067e-03
    3.3041776001643914e-03
    1.0015266983681701e-03
    7.1888975501101726e-04
    1.9083645841218679e-04
    7.0576584711415892e-05
    1.6408149244378113e-05
    1.0314763300823994e-05
    2.1001877979373888e-06
    6.8023241982977151e-07
    1.2129868603651356e-07
    6.6781423256802225e-08
    1.0429280444156041e-08
    2.9583765193023684e-09
    4.0462436183706772e-10
    1.9509741133661346e-10
    2.3369530800327938e-11
    5.8056252557114675e-12
    6.0904220725285245e-13
    2.5718567528472322e-13
    2.3628985313698597e-14
    5.1409571510568428e-15
    4.1365872236342085e-16
    1.5298240232871940e-16
    3.3144793525751724e-154
    2.4684162310256782e-152
    6.1776596295506343e-149
    2.0759958646335715e-147
    4.5502155712278446e-144
    2.9678022050774540e-142
    5.6969229638214164e-139
    1.6766513381768955e-137
    2.8186948298086873e-134
    1.6100929379307448e-132
    2.3705883703261435e-129
    6.1102428003690528e-128
    7.8788635226543379e-125
    3.9415439122310412e-123
    4.4511413350497730e-120
    1.0047860764123980e-118
    9.9375317400928725e-116
    4.3539278281545984e-114
    3.7712563257121794e-111
    7.4556958139392993e-110
    5.6557852649021603e-107
    2.1701787890475299e-105
    1.4417838319086457e-102
    2.4963310904137220e-101
    1.4524685171251210e-98
    4.8810048069697165e-97
    2.4872170303549062e-94
    3.7715131187508751e-93
    1.6831389701229613e-90
    4.9536165827874482e-89
    1.9360949253012664e-86
    2.5711563820680201e-85
    8.8010128574770392e-83
    2.2684801004950275e-81
    6.8004717802809384e-79
    7.9093499857729727e-78
    2.0765613560850828e-75
    4.6875616376940967e-74
    1.0778314982705364e-71
    1.0978740680223212e-70
    2.2108349026967467e-68
    4.3707749088628135e-67
    7.7083625321243684e-65
    6.8764405563118075e-64
    1.0621045979322266e-61
    1.8389474687467207e-60
    2.4875557608171948e-58
    1.9434541146085337e-57
    2.3023836785249817e-55
    3.4912394612532132e-54
    3.6222877714188343e-52
    2.4784737397240019e-51
    2.2520993182964945e-49
    2.9908138581140159e-48
    2.3800852178057735e-46
    1.4262438491244132e-45
    9.9402386798870364e-44
    1.1561084171969811e-42
    7.0566974303277856e-41
    3.7034175424839251e-40
    1.9797279669950016e-38
    2.0165415467800132e-37
    9.4408243699569486e-36
    4.3392133760020119e-35
    1.7791544703938707e-33
    1.5871399283129793e-32
    5.6992508472458201e-31
    2.2941339188997652e-30
    7.2147489950801963e-29
    5.6366710816195171e-28
    1.5524765851147460e-26
    5.4730064212633314e-26
    1.3201650429751539e-24
    9.0329498866578029e-24
    1.9082346486928121e-22
    5.8915908848758302e-22
    1.0900204939617234e-20
    6.5318460593224391e-20
    1.0583709917504114e-18
    2.8617957719703835e-18
    4.0610705127968096e-17
    2.1312859065160779e-16
    2.6487654994022520e-15
    6.2725499165276605e-15
    6.8272503655450547e-14
    3.1379564907747854e-13
    2.9912211728847385e-12
    6.2036751272404046e-12
    5.1790554485204980e-11
    2.0847383438220300e-10
    1.5242386637333558e-09
    2.7685565549221018e-09
    1.7727795135601633e-08
    6.2496489507322489e-08
    3.5047484587051401e-07
    5.5751580617410223e-07
    2.7381568369105545e-06
    8.4539392849935699e-06
    3.6363038467044333e-05
    5.0659442010503107e-05
    1.9083645841016299e-04
    5.1601468112108106e-04
    1.7024050917673144e-03
    2.0771270021690377e-03
    6.0015552496969519e-03
    1.4212301877636238e-02
    3.5963759602067394e-02
    3.8429535335596947e-02
    8.5165892315410122e-02
    1.7663071278057324e-01
    3.4282042947042707e-01
    3.2082385082016712e-01
    5.4533958815904215e-01
    9.9052958532775071e-01
    1.4745779504141079e+00
    1.2085582673847972e+00
    1.5756791302144739e+00
    2.5065023380300966e+00
    2.8619906373316817e+00
    2.0543194220604133e+00
    2.0543194220658614e+00
    2.8619906372253969e+00
    2.5065023379503111e+00
    1.5756791302353710e+00
    1.2085582674072384e+00
    1.4745779503515224e+00
    9.9052958531198665e-01
    5.4533958815904260e-01
    3.2082385083123083e-01
    3.4282042945587687e-01
    1.7663071278057310e-01
    8.5165892315410122e-02
    3.8429535335800756e-02
    3.5963759600540934e-02
    1.4212301877862469e-02
    6.0015552494262926e-03
    2.0771270022131149e-03
    1.7024050916950660e-03
    5.1601468113750704e-04
    1.9083645840155697e-04
    5.0659442012384333e-05
    3.6363038465501059e-05
    8.4539392853972014e-06
    2.7381568366636122e-06
    5.5751580617854492e-07
    3.5047484585563709e-07
    6.2496489511301294e-08
    1.7727795134002841e-08
    2.7685565549881890e-09
    1.5242386636686659e-09
    2.0847383439879278e-10
    5.1790554480534207e-11
    6.2036751272453629e-12
    2.9912211726308397e-12
    3.1379564906782637e-13
    6.8272503649292623e-14
    6.2725499166025809e-15
    2.6487654990650242e-15
    2.1312859064742357e-16
    4.0610705124623437e-17
    1.4955975676677090e-154
    5.0259395172999727e-153
    1.2578325837569917e-149
    9.3675477665042934e-148
    2.0532007041782799e-144
    6.0427387382073113e-143
    1.1599498451469779e-139
    7.5655793763474246e-138
    1.2718839622199264e-134
    3.2783084234866183e-133
    4.8267523196809689e-130
    2.7571341675134958e-128
    3.5551915904510313e-125
    8.0253731350539105e-124
    9.0629638755988398e-121
    4.5339115200972431e-119
    4.4841275865019678e-116
    8.8650275633380649e-115
    7.6786507713013246e-112
    3.3642449803994585e-110
    2.5520686013088504e-107
    4.4186985964001659e-106
    2.9356144417775231e-103
    1.1264232809281087e-101
    6.5539958172523926e-99
    9.9382084086470116e-98
    5.0642198036574355e-95
    1.7018256102329286e-93
    7.5948536164313377e-91
    1.0086053160246283e-89
    3.9420807041805545e-87
    1.1601868108634774e-85
    3.9712944394594486e-83
    4.6188497847043865e-82
    1.3846432958445156e-79
    3.5689480434690779e-78
    9.3700994421465937e-76
    9.5443389888207627e-75
    2.1945715037857180e-72
    4.9539538825462317e-71
    9.9759840120939922e-69
    8.8993298853615201e-68
    1.5694988298352689e-65
    3.1028667481817428e-64
    4.7925507579497360e-62
    3.7442788767371123e-61
    5.0649094921027221e-59
    8.7694776090235878e-58
    1.0389080948419081e-55
    7.1085087478385634e-55
    7.3753360650535864e-53
    1.1183654814222832e-51
    1.0162182063187843e-49
    6.0895927393163919e-49
    4.8460888403278819e-47
    6.4356618482826452e-46
    4.4853490428194001e-44
    2.3539510505226884e-43
    1.4368133716745179e-41
    1.6710987396058805e-40
    8.9331566653133302e-39
    4.1058779798301656e-38
    1.9222451902340828e-36
    1.9579898621570062e-35
    8.0281058209960468e-34
    3.2315738264729106e-33
    1.1604238252666068e-31
    1.0351855431859374e-30
    3.2555221802413906e-29
    1.1476819662120160e-28
    3.1609958322966258e-27
    2.4695930252287527e-26
    5.9570008351429596e-25
    1.8391979124392950e-24
    3.8853544259331947e-23
    2.6584715305501473e-22
    4.9185160807794149e-21
    1.3299484428455845e-20
    2.1549479881314402e-19
    1.2913324659899437e-18
    1.8324830343290351e-17
    4.3395088415912492e-17
    5.3931484597265366e-16
    2.8303722547346704e-15
    3.0806705834033905e-14
    6.3891896880822263e-14
    6.0904220723184234e-13
    2.7992937785372263e-12
    2.3369530799708073e-11
    4.2447334016915021e-11
    3.1035006322361304e-10
    1.2492599919830620e-09
    7.9993400061145838e-09
    1.2724903213217811e-08
    7.1360144026124658e-08
    2.5156870655694030e-07
    1.2355426809128356e-06
    1.7213056288442975e-06
    7.4038741804440158e-06
    2.2859137194576218e-05
    8.6111425854641619e-05
    1.0506569129928278e-04
    3.4662650963603476e-04
    9.3726518154891344e-04
    2.7080909182775523e-03
    2.8937651899434394e-03
    7.3225770555659982e-03
    1.7340617774236358e-02
    3.8429535335597023e-02
    3.5963759600159392e-02
    6.9801629158424833e-02
    1.4476583496519133e-01
    2.4607441316347015e-01
    2.0168161766876397e-01
    3.0023865094327673e-01
    5.4533958817206218e-01
    7.1099609439756162e-01
    5.1034865965884435e-01
    5.8272959237145838e-01
    9.2697368247252010e-01
    9.2697368242826017e-01
    5.8272959237454980e-01
    5.1034865966425880e-01
    7.1099609437115707e-01
    5.4533958815470374e-01
    3.0023865094964841e-01
    2.0168161767411388e-01
    2.4607441315824832e-01
    1.4476583496288761e-01
    6.9801629161016968e-02
    3.5963759601685720e-02
    3.8429535333660218e-02
    1.7340617774236341e-02
    7.3225770551775034e-03
    2.8937651899587939e-03
    2.7080909181410578e-03
    9.3726518156383109e-04
    3.4662650961764653e-04
    1.0506569130151268e-04
    8.6111425850301544e-05
    2.2859137195303836e-05
    7.4038741800512340e-06
    1.7213056289082207e-06
    1.2355426808505658e-06
    2.5156870656895408e-07
    7.1360144018552461e-08
    1.2724903213217855e-08
    7.9993400057114276e-09
    1.2492599920625912e-09
    3.1035006319068432e-10
    4.2447334017590472e-11
    2.3369530798530274e-11
    2.7992937786508388e-12
    6.0904220717529912e-13
    6.3891896881094199e-14
    3.0806705829809018e-14
    2.8303722546370919e-15
    5.3931484592344225e-16
    4.3395088416649121e-17
    1.8324830340806545e-17
    2.3356804487930950e-155
    1.9861708127878458e-153
    4.9707529440660225e-150
    1.4629335218928491e-148
    3.2064914022181757e-145
    2.3879935821856650e-143
    4.5839360360798166e-140
    1.1815194283583662e-138
    1.9863060543365477e-135
    1.2955349908167943e-133
    1.9074552221363638e-130
    4.3058269875434189e-129
    5.5521563210171210e-126
    3.1714989463272066e-124
    3.5815381912297595e-121
    7.0806269830440375e-120
    7.0028792233062786e-117
    3.5033169301302676e-115
    3.0344798203345918e-112
    5.2539542691554355e-111
    3.9855753077267645e-108
    1.7461989250806822e-106
    1.1601078170073502e-103
    1.7591395514263167e-102
    1.0235400366114384e-99
    3.9274208144781072e-98
    2.0012985689323235e-95
    2.6577475716061406e-94
    1.1860911977022835e-91
    3.9858466927518126e-90
    1.5578471665456830e-87
    1.8118681854227089e-86
    6.2019857340452009e-84
    1.8252954695146447e-82
    5.4718885709781718e-80
    5.5736398266547553e-79
    1.4633320181287827e-76
    3.7717699271144411e-75
    8.6725951483665748e-73
    7.7366087489039544e-72
    1.5579532433439461e-69
    3.5168726586696556e-68
    6.2024080392177135e-66
    4.8457588826659832e-65
    7.4845448711490270e-63
    1.4796790519802740e-61
    2.0015711228676251e-59
    1.3695326763602761e-58
    1.6224667500800124e-56
    2.8091688229592965e-55
    2.9146147056351818e-53
    1.7465556549744631e-52
    1.5870318643654034e-50
    2.4065095329607644e-49
    1.9150967053230228e-47
    1.0050597753511740e-46
    7.0047867765933659e-45
    9.3024375942779031e-44
    5.6780563562094335e-42
    2.6097613010324727e-41
    1.3950944973301434e-39
    1.6225772268548008e-38
    7.5964051669990579e-37
    3.0578002657559296e-36
    1.2537523603883690e-34
    1.2770662263937851e-33
    4.5858091293185807e-32
    1.6166532269852916e-31
    5.0841614557440756e-30
    4.5354553427926898e-29
    1.2491749333183044e-27
    3.8567728846840292e-27
    9.3030710162828188e-26
    7.2682156241922895e-25
    1.5354298498597538e-23
    4.1517451694183047e-23
    7.6812653979661934e-22
    5.2557432709093098e-21
    8.5160093600036784e-20
    2.0166788570778814e-19
    2.8617957718998636e-18
    1.7149044021921339e-17
    2.1312859064787638e-16
    4.4202031887199953e-16
    4.8110950470155038e-15
    2.5249054495566361e-14
    2.4068372720696409e-13
    4.3716678135954656e-13
    3.6496285741978986e-12
    1.6774506659603350e-11
    1.2264537509654401e-10
    1.9509741134385869e-10
    1.2492599920493429e-09
    5.0286779755795743e-09
    2.8200386170765685e-08
    3.9287581239572194e-08
    1.9295517362106707e-07
    6.8023241984420866e-07
    2.9258925118178707e-06
    3.5699202094325969e-06
    1.3448054351521238e-05
    4.1520278698618276e-05
    1.3698124579432242e-04
    1.4637306232200546e-04
    4.2292359575293843e-04
    1.1435696628365672e-03
    2.8937651899434394e-03
    2.7080909182775523e-03
    6.0015552496969519e-03
    1.4212301877636238e-02
    2.7584486054287611e-02
    2.2608135882255086e-02
    3.8429535333966008e-02
    7.9701345614204833e-02
    1.1864950689196542e-01
    8.5165892313828886e-02
    1.1103653232655185e-01
    2.0168161767732368e-01
    2.3028540319178320e-01
    1.4476583496135137e-01
    1.4476583496173531e-01
    2.3028540317956617e-01
    2.0168161766769388e-01
    1.1103653232802445e-01
    8.5165892315410358e-02
    1.1864950688755942e-01
    7.9701345611667973e-02
    3.8429535335087354e-02
    2.2608135883034716e-02
    2.7584486053702232e-02
    1.4212301877410008e-02
    6.0015552496014302e-03
    2.7080909182488140e-03
    2.8937651899280750e-03
    1.1435696628365672e-03
    4.2292359572713550e-04
    1.4637306232278210e-04
    1.3698124578632911e-04
    4.1520278699279193e-05
    1.3448054350700763e-05
    3.5699202095083517e-06
    2.9258925116471351e-06
    6.8023241986586210e-07
    1.9295517360929540e-07
    3.9287581241031619e-08
    2.8200386169119897e-08
    5.0286779758197213e-09
    1.2492599918969063e-09
    1.9509741134230609e-10
    1.2264537508938683e-10
    1.6774506660671292e-11
    3.6496285737525782e-12
    4.3716678135165971e-13
    2.4068372719611143e-13
    2.5249054495405797e-14
    4.8110950465637161e-15
    4.4202031886965657e-16
    2.1312859061689693e-16
    1.7149044021029876e-17
    2.8617957716357828e-18
    8.0837461738752226e-156
    2.3791130626101075e-154
    5.9541622422876300e-151
    5.0631854486204268e-149
    1.1097606532271868e-145
    2.8604320878286280e-144
    5.4908178246256350e-141
    4.0892165552308447e-139
    6.8745679556313288e-136
    1.5518424698801353e-134
    2.2848244501984660e-131
    1.4902386349995589e-129
    1.9215908769843074e-126
    3.7989454495456744e-125
    4.2901064904035424e-122
    2.4505917028200660e-120
    2.4236833491696821e-117
    4.1964100055036124e-116
    3.6348185829357397e-113
    1.8183837066718555e-111
    1.3794001298852202e-108
    2.0916653522797210e-107
    1.3896225057125262e-104
    6.0883489519968857e-103
    3.5424528466628424e-100
    4.7044182197008003e-99
    2.3972336805838516e-96
    9.1984144381072034e-95
    4.1050393628102459e-92
    4.7744030230361474e-91
    1.8660502509816765e-88
    6.2708417664614756e-87
    2.1464956164553622e-84
    2.1864102860334332e-83
    6.5544420919405179e-81
    1.9290262778164276e-79
    5.0645646362742960e-77
    4.5179735020206484e-76
    1.0388373583552400e-73
    2.6776257603440778e-72
    5.3920469202741425e-70
    4.2126475869133158e-69
    7.4294868752357068e-67
    1.6771080500200284e-65
    2.5903869255736103e-63
    1.7724174267055933e-62
    2.3975601561795015e-60
    4.7399268760679696e-59
    5.6153269556655819e-57
    3.3649322599436347e-56
    3.4912394615496037e-54
    6.0447963249874226e-53
    5.4926874812324215e-51
    2.8826112178134175e-50
    2.2939777176655251e-48
    3.4784930094450896e-47
    2.4243435497674515e-45
    1.1142823493943725e-44
    6.8013979265848804e-43
    9.0323348566903471e-42
    4.8283958581295412e-40
    1.9435864482721027e-39
    9.0992711433419898e-38
    1.0582989300307751e-36
    4.3392133763013279e-35
    1.5297198617635368e-34
    5.4930614892105830e-33
    5.5952064610289382e-32
    1.7596187327780193e-30
    5.4327457547782599e-30
    1.4963105803135751e-28
    1.3348218531284284e-27
    3.2197754093376390e-26
    8.7061528759528469e-26
    1.8391979123144013e-24
    1.4369112070371484e-23
    2.6584715304930065e-22
    6.2955347992030779e-22
    1.0200809003175377e-20
    6.9796876554657117e-20
    9.9046214281776924e-19
    2.0541795488911890e-18
    2.5529375960547028e-17
    1.5298240234150042e-16
    1.6651109615836517e-15
    3.0244304759736938e-15
    2.8830037964644410e-14
    1.5130260211255825e-13
    1.2631295962387276e-12
    2.0093159992702893e-12
    1.4690942596330169e-11
    6.7522847711194651e-11
    4.3236653738148653e-10
    6.0235471102367983e-10
    3.3779525245280731e-09
    1.3597358092595403e-08
    6.6781423258041884e-08
    8.1480899089978528e-08
    3.5047484587423201e-07
    1.2355426808702309e-06
    4.6543463582363970e-06
    4.9734613348842105e-06
    1.6408149244552236e-05
    5.0659442009562548e-05
    1.4637306232200546e-04
    1.3698124579432291e-04
    3.4662650963603666e-04
    9.3726518154891171e-04
    2.0771270021690377e-03
    1.7024050917673174e-03
    3.3041776002870910e-03
    7.8246333756529021e-03
    1.3300390016719477e-02
    9.5469388247710184e-03
    1.4212301877183827e-02
    2.9475755406667199e-02
    3.8429535335597023e-02
    2.4158212778067595e-02
    2.7584486053116877e-02
    5.0103183641156686e-02
    5.0103183641289566e-02
    2.7584486053263219e-02
    2.4158212778323897e-02
    3.8429535333558196e-02
    2.9475755405259832e-02
    1.4212301877485444e-02
    9.5469388250242655e-03
    1.3300390016225546e-02
    7.8246333754038409e-03
    3.3041776001819113e-03
    1.7024050917221556e-03
    2.0771270021249528e-03
    9.3726518153399254e-04
    3.4662650963051780e-04
    1.3698124579286951e-04
    1.4637306232122881e-04
    5.0659442009562548e-05
    1.6408149244552263e-05
    4.9734613349105905e-06
    4.6543463579277442e-06
    1.2355426808898959e-06
    3.5047484585006139e-07
    8.1480899091707295e-08
    6.6781423253612802e-08
    1.3597358093028286e-08
    3.3779525242950753e-09
    6.0235471104604918e-10
    4.3236653735281568e-10
    6.7522847714418523e-11
    1.4690942594303735e-11
    2.0093159992382946e-12
    1.2631295961549633e-12
    1.5130260212022351e-13
    2.8830037961432364e-14
    3.0244304759319816e-15
    1.6651109614096128e-15
    1.5298240234129931e-16
    2.5529375957784169e-17
    2.0541795488922694e-18
    9.9046214265792996e-19
    7.4269579511917959e-157
    7.2113110704071594e-155
    1.8047614788724199e-151
    4.6518117488049819e-150
    1.0195948178138180e-146
    8.6702334181950165e-145
    1.6643175133875864e-141
    3.7569758816978951e-140
    6.3160230468503729e-137
    4.7037776213535130e-135
    6.9255135918495669e-132
    1.3691597238854649e-130
    1.7654654581905874e-127
    1.1514953956871892e-125
    1.3003708361482779e-122
    2.2514860241914884e-121
    2.2267639205019496e-118
    1.2719705676034975e-116
    1.1017470290101926e-113
    1.6706436643353815e-112
    1.2673266259044918e-109
    6.3400305519283751e-108
    4.2120739513715142e-105
    5.5936827665118330e-104
    3.2546356320558128e-101
    1.4259525416508400e-99
    7.2662363338454430e-97
    8.4510616469836388e-96
    3.7715131180306467e-93
    1.4471655808689237e-91
    5.6561703785014817e-89
    5.7613484044920633e-88
    1.9720971371428779e-85
    6.6272111850189876e-84
    1.9867118363256381e-81
    1.7722967476808546e-80
    4.6530788801685769e-78
    1.3694394286168761e-76
    3.1488118241853354e-74
    2.4600740180537737e-73
    4.9539538830059432e-71
    1.2768923283428632e-69
    2.2519459790520433e-67
    1.5408463723448658e-66
    2.3799231642779369e-64
    5.3723606546445387e-63
    7.2672259119811295e-61
    4.3548172892508830e-60
    5.1590928617057928e-58
    1.0199419958944596e-56
    1.0582268733748889e-54
    5.5536687033530998e-54
    5.0464175998326588e-52
    8.7374604056179912e-51
    6.9532579890105063e-49
    3.1958724037618393e-48
    2.2273704810968405e-46
    3.3774925485433608e-45
    2.0615664269656706e-43
    8.2984756995782304e-43
    4.4360983436030545e-41
    5.8911897420404699e-40
    2.7580729875616218e-38
    9.7231425684412430e-38
    3.9866609608532435e-36
    4.6367219558608094e-35
    1.6649975886796492e-33
    5.1406071173921683e-33
    1.6166532271182424e-31
    1.6467153334042407e-30
    4.5354553431295838e-29
    1.2263702450366136e-28
    2.9581750915925411e-27
    2.6389152157881975e-26
    5.5747784642114917e-25
    1.3201650428280610e-24
    2.4424760310340048e-23
    1.9082346486117982e-22
    3.0919592703268329e-21
    6.4126019809070595e-21
    9.0998907294598057e-20
    6.2264076280960013e-19
    7.7381892594134375e-18
    1.4055288785462827e-17
    1.5298240233322397e-16
    9.1673276548309260e-16
    8.7386503475464541e-15
    1.3900956804880499e-14
    1.1605028407388670e-13
    6.0904220719791905e-13
    4.4529601655171499e-12
    6.2036751269985609e-12
    3.9723762024558947e-11
    1.8257926719896620e-10
    1.0238885581439207e-09
    1.2492599920062518e-09
    6.1355566072014274e-09
    2.4697611846147420e-08
    1.0623215749842845e-07
    1.1351573071153221e-07
    4.2761900177146002e-07
    1.5075019906831124e-06
    4.9734613348842105e-06
    4.6543463582363809e-06
    1.3448054351521165e-05
    4.1520278698618351e-05
    1.0506569129928297e-04
    8.6111425854641307e-05
    1.9083645841016199e-04
    5.1601468112108203e-04
    1.0015266983309770e-03
    7.1888975503580645e-04
    1.2219759905960830e-03
    2.8937651899127313e-03
    4.3078797503148707e-03
    2.7080909181123342e-03
    3.5307212383119215e-03
    7.3225770554106104e-03
    8.3611120786727545e-03
    4.6032400091242506e-03
    4.6032400091364587e-03
    8.3611120787171200e-03
    7.3225770554882913e-03
    3.5307212383587469e-03
    2.7080909181626191e-03
    4.3078797500863339e-03
    2.8937651897745632e-03
    1.2219759906317385e-03
    7.1888975500529755e-04
    1.0015266982937839e-03
    5.1601468110465604e-04
    1.9083645840408756e-04
    8.6111425852356934e-05
    1.0506569129705324e-04
    4.1520278697957726e-05
    1.3448054351307196e-05
    4.6543463581870226e-06
    4.9734613348578119e-06
    1.5075019906831177e-06
    4.2761900177146002e-07
    1.1351573071213433e-07
    1.0623215749053826e-07
    2.4697611846540420e-08
    6.1355566067294596e-09
    1.2492599920327749e-09
    1.0238885580678660e-09
    1.8257926720477813e-10
    3.9723762021503116e-11
    6.2036751272289219e-12
    4.4529601651863996e-12
    6.0904220722699548e-13
    1.1605028405603191e-13
    1.3900956804367872e-14
    8.7386503472450603e-15
    9.1673276546073076e-16
    1.5298240231613840e-16
    1.4055288785351173e-17
    7.7381892586089257e-18
    6.2264076281290503e-19
    9.0998907285298198e-20
    1.9715600929311000e-157
    5.0817387843971481e-156
    1.2717973630909570e-152
    1.2348698436216053e-150
    2.7066161771369926e-147
    6.1098267708666054e-146
    1.1728279053223635e-142
    9.9732673419425939e-141
    1.6766513377366744e-137
    3.3147050429847201e-136
    4.8803401597796374e-133
    3.6345710989328393e-131
    4.6866042131985388e-128
    8.1144728824218489e-127
    9.1635832210343427e-124
    5.9767942997585143e-122
    5.9111670087954355e-119
    8.9634493691545677e-118
    7.7639011182122701e-115
    4.4348902985149091e-113
    3.3642449796500077e-110
    4.4677561178303194e-109
    2.9682063849471508e-106
    1.4848989029612537e-104
    8.6397550259933212e-102
    1.0048544939201146e-100
    5.1204440685644308e-98
    2.2434186371082582e-96
    1.0011857885462439e-93
    1.0198031104872261e-92
    3.9858466934917878e-90
    1.5294074194956367e-88
    5.2351286222521845e-86
    4.6701294376280793e-85
    1.4000159601212768e-82
    4.7047385527625568e-81
    1.2352062162786698e-78
    9.6503026831956615e-78
    2.2189361983322329e-75
    6.5305119424400910e-74
    1.3150764878554842e-71
    8.9981325240539983e-71
    1.5869238076492899e-68
    4.0903304381158664e-67
    6.3177435037918883e-65
    3.7858488193943292e-64
    5.1211414139445537e-62
    1.1560297009719904e-60
    1.3695326764765436e-58
    7.1874292317964031e-58
    7.4572189341973390e-56
    1.4742767706360645e-54
    1.3396219039623840e-52
    6.1572009568964494e-52
    4.8998913592737358e-50
    8.4837621731706160e-49
    5.9127771843843212e-47
    2.3800852177173596e-46
    1.4527652415634618e-44
    2.2029131748873110e-43
    1.1776065677598627e-41
    4.1514624883024101e-41
    1.9435864484473793e-39
    2.5811052102514669e-38
    1.0582989301178229e-36
    3.2674515864051808e-36
    1.1733071476532397e-34
    1.3646254512016475e-33
    4.2915672976229469e-32
    1.1604238252173988e-31
    3.1960900172689750e-30
    3.2555221800772935e-29
    7.8527709410824594e-28
    1.8596171584446424e-27
    3.9284906251164449e-26
    3.5045098297306886e-25
    6.4837963298559132e-24
    1.3447138708478396e-23
    2.1788727722040638e-22
    1.7022891795343967e-21
    2.4156567910896504e-20
    4.3876871793600263e-20
    5.4530245742023359e-19
    3.7311166490850589e-18
    4.0610705128512028e-17
    6.4601241073030953e-17
    6.1580394970064666e-16
    3.6901476845930604e-15
    3.0806705832423934e-14
    4.2918595184687865e-14
    3.1379564906782415e-13
    1.6468274614105374e-12
    1.0545068984653758e-11
    1.2866178345966305e-11
    7.2152402611617909e-11
    3.3162852972811291e-10
    1.6287447206583041e-09
    1.7404160045494041e-09
    7.4860738868126040e-09
    3.0133883353153463e-08
    1.1351573071153221e-07
    1.0623215749842806e-07
    3.5047484587423074e-07
    1.2355426808702309e-06
    3.5699202094325969e-06
    2.9258925118178707e-06
    7.4038741804440294e-06
    2.2859137194576218e-05
    5.0659442010503107e-05
    3.6363038467044333e-05
    7.0576584716657820e-05
    1.9083645840307567e-04
    3.2438571934478302e-04
    2.0392073860737303e-04
    3.0357197729040625e-04
    7.1888975502245917e-04
    9.3726518156631510e-04
    5.1601468109918201e-04
    5.8919920545225438e-04
    1.2219759906641509e-03
    1.2219759906673937e-03
    5.8919920545538068e-04
    5.1601468110465789e-04
    9.3726518157874548e-04
    7.1888975503580765e-04
    3.0357197729684814e-04
    2.0392073861278266e-04
    3.2438571932757348e-04
    1.9083645839396349e-04
    7.0576584713288282e-05
    3.6363038465501120e-05
    5.0659442008621609e-05
    2.2859137193848481e-05
    7.4038741802083730e-06
    2.9258925117402838e-06
    3.5699202093568417e-06
    1.2355426808505658e-06
    3.5047484586865504e-07
    1.0623215749730185e-07
    1.1351573071092931e-07
    3.0133883353153350e-08
    7.4860738868126040e-09
    1.7404160045586416e-09
    1.6287447205243707e-09
    3.3162852973339347e-10
    7.2152402605492998e-11
    1.2866178346239423e-11
    1.0545068983786587e-11
    1.6468274614629424e-12
    3.1379564904119094e-13
    4.2918595186281862e-14
    3.0806705829890669e-14
    3.6901476847692068e-15
    6.1580394962060913e-16
    6.4601241070974997e-17
    4.0610705123545686e-17
    3.7311166490157855e-18
    5.4530245736006100e-19
    4.3876871793577501e-20
    2.4156567908322547e-20
    1.0656336772108065e-158
    1.1814389820244606e-156
    2.9567654807541181e-153
    6.6745056214786020e-152
    1.4629335215203005e-148
    1.4204562309816469e-146
    2.7266742058512041e-143
    5.3905785522369785e-142
    9.0623468033548199e-139
    7.7062633824590313e-137
    1.1346163890765620e-133
    1.9644957206454526e-132
    2.5331225254860818e-129
    1.8865106979611440e-127
    2.1304153736943661e-124
    3.2304738318368577e-123
    3.1950020997546243e-120
    2.0838868234148439e-118
    1.8050072666023436e-115
    2.3970704591586178e-114
    1.8183837063100845e-111
    1.0386958998194596e-109
    6.9006985174467791e-107
    8.0259195956158958e-106
    4.6698114616527602e-103
    2.3361576040029747e-101
    1.1904374632372764e-98
    1.2125739715228886e-97
    5.4114368480714831e-95
    2.3709112170621908e-93
    9.2665814978491318e-91
    8.2664893571749885e-90
    2.8296014837919517e-87
    1.0857450967682106e-85
    3.2548572465263138e-83
    2.5429241858861900e-82
    6.6763237249126747e-80
    2.2435713959182863e-78
    5.1587415932712540e-76
    3.5297597472017546e-75
    7.1080247494185317e-73
    2.0919502123807377e-71
    3.6893939798837230e-69
    2.2108349024503681e-68
    3.4147578182818030e-66
    8.8016121351868695e-65
    1.1905995870729820e-62
    6.2483724722139758e-62
    7.4023619540243296e-60
    1.6709849589765634e-58
    1.7337075987772273e-56
    7.9685066768431842e-56
    7.2406934022056733e-54
    1.4314701204784696e-52
    1.1391617917772708e-50
    4.5854968936730243e-50
    3.1958724040754373e-48
    5.5333923599468042e-47
    3.3774925488479500e-45
    1.1906806572704704e-44
    6.3649960338453306e-43
    9.6516169439555316e-42
    4.5185887987024839e-40
    1.3950944972598225e-39
    5.7201349561395425e-38
    7.5964051665557014e-37
    2.7277883826873947e-35
    7.3758382658356979e-35
    2.3196039811761845e-33
    2.6978363131537285e-32
    7.4304986861857217e-31
    1.7596187327407111e-30
    4.2444443893367502e-29
    4.3233709869605371e-28
    9.1332360081778020e-27
    1.8941972450759420e-26
    3.5045098294983117e-25
    3.1262869935831565e-24
    5.0655992744649465e-23
    9.2009200455138073e-23
    1.3056691694596884e-21
    1.0200809003575835e-20
    1.2677581582139225e-19
    2.0166788570027812e-19
    2.1950198319522071e-18
    1.5018958613794492e-17
    1.4316650703838138e-16
    1.9945350186747097e-16
    1.6651109615509735e-15
    9.9780220021327675e-15
    7.2953457052791780e-14
    8.9011479276428709e-14
    5.6996389202306615e-13
    2.9912211727101804e-12
    1.6774506660048286e-11
    1.7924613654476653e-11
    8.8034102142852239e-11
    4.0462436180701501e-10
    1.7404160045494041e-09
    1.6287447206583099e-09
    6.1355566072014489e-09
    2.4697611846147330e-08
    8.1480899089977945e-08
    6.6781423258041884e-08
    1.9295517362106842e-07
    6.8023241984420866e-07
    1.7213056288443036e-06
    1.2355426809128401e-06
    2.7381568369105642e-06
    8.4539392849935699e-06
    1.6408149244116986e-05
    1.0314763301179748e-05
    1.7533137752206553e-05
    4.7408951945709825e-05
    7.0576584714785809e-05
    3.8856189870959120e-05
    5.0659442007546779e-05
    1.1996678408768464e-04
    1.3698124579432242e-04
    6.6048139898051980e-05
    6.6048139898227146e-05
    1.3698124579504900e-04
    1.1996678408895749e-04
    5.0659442008218557e-05
    3.8856189871680616e-05
    7.0576584716283607e-05
    4.7408951946967411e-05
    1.7533137751090312e-05
    1.0314763300577794e-05
    1.6408149243246518e-05
    8.4539392845899214e-06
    2.7381568367798217e-06
    1.2355426808603939e-06
    1.7213056287803742e-06
    6.8023241982256019e-07
    1.9295517361492621e-07
    6.6781423256270526e-08
    8.1480899088249178e-08
    2.4697611845754324e-08
    6.1355566071037721e-09
    1.6287447206410199e-09
    1.7404160045401723e-09
    4.0462436180701501e-10
    8.8034102142851928e-11
    1.7924613654571857e-11
    1.6774506658535343e-11
    2.9912211727578108e-12
    5.6996389197015103e-13
    8.9011479278316624e-14
    7.2953457046212163e-14
    9.9780220024503913e-15
    1.6651109613963733e-15
    1.9945350187746650e-16
    1.4316650702015108e-16
    1.5018958613364319e-17
    2.1950198316680376e-18
    2.0166788569519547e-19
    1.2677581580605710e-19
    1.0200809003462184e-20
    1.3056691693112511e-21
    2.1697355341097430e-159
    4.8978899793715696e-158
    1.2257858628232014e-154
    1.3589953404478722e-152
    2.9786773008897205e-149
    5.8887834629763968e-148
    1.1303969544131563e-144
    1.0975750938787641e-142
    1.8451834152990894e-139
    3.1947845616260213e-138
    4.7037776199561918e-135
    3.9999075314786287e-133
    5.1576879304789100e-130
    7.8209048329534353e-129
    8.8320601151813300e-126
    6.5775641424986661e-124
    6.5053401886263171e-121
    8.6391667676139223e-120
    7.4830161684977095e-117
    4.8806724709605329e-115
    3.7024090231148041e-112
    4.3061201781929723e-111
    2.8608216451772695e-108
    1.6341565878799701e-106
    9.5081978747777926e-104
    9.6850053993516350e-103
    4.9351949711303824e-100
    2.4689205021918087e-98
    1.1018220491521852e-95
    9.8290834057107701e-95
    3.8416454303606600e-92
    1.6831389700247986e-90
    5.7613484051953577e-88
    4.5011719694946196e-87
    1.3493657255629650e-84
    5.1776450806967736e-83
    1.3593655242767965e-80
    9.3011708815694696e-80
    2.1386587999904887e-77
    7.1869398594640584e-76
    1.4472641214222165e-73
    8.6725951474010722e-73
    1.5295115599513553e-70
    4.5014784634311514e-69
    6.9527845610686721e-67
    3.6488831445972943e-66
    4.9358670876430862e-64
    1.2722304176233047e-62
    1.5071940864675023e-60
    6.9274000701072632e-60
    7.1874292325591813e-58
    1.6224667499251180e-56
    1.4742767707807082e-54
    5.9344437301412856e-54
    4.7226214896959249e-52
    9.3365250775150992e-51
    6.5071122142420668e-49
    2.2939777175316066e-48
    1.4002066262766723e-46
    2.4243435496067331e-45
    1.2959761279148867e-43
    4.0012695228062073e-43
    1.8732707432680699e-41
    2.8405503397334641e-40
    1.1646760362755255e-38
    3.1492406559776348e-38
    1.1308588585405536e-36
    1.5017936012930365e-35
    4.7229430620785874e-34
    1.1184416331506418e-33
    3.0804608289916293e-32
    3.5827577263801536e-31
    8.6421084563028210e-30
    1.7923393214439913e-29
    3.7863644083659992e-28
    3.8567728846257689e-27
    7.1355285302079446e-26
    1.2960643732686638e-25
    2.1000448015068932e-24
    1.8733982977278436e-23
    2.6584715304148032e-22
    4.2289479997230622e-22
    5.2557432703962737e-21
    4.1061575571350122e-20
    4.4692774160542271e-19
    6.2264076276269998e-19
    5.9352519330215783e-18
    4.0610705124310641e-17
    3.3903305595374378e-16
    4.1365872233050153e-16
    3.0244304760603411e-15
    1.8123617302922520e-14
    1.1605028406988580e-13
    1.2400701544321748e-13
    6.9542049428603340e-13
    3.6496285739462006e-12
    1.7924613654476653e-11
    1.6774506660048286e-11
    7.2152402611617909e-11
    3.3162852972811523e-10
    1.2492599920062563e-09
    1.0238885581439135e-09
    3.3779525245280611e-09
    1.3597358092595403e-08
    3.9287581239572333e-08
    2.8200386170765884e-08
    7.1360144026124658e-08
    2.5156870655694120e-07
    5.5751580617410626e-07
    3.5047484587051401e-07
    6.8023241988029925e-07
    2.1001877978036813e-06
    3.5699202094325969e-06
    1.9654322755250149e-06
    2.9258925118955000e-06
    7.9115044583111671e-06
    1.0314763301015577e-05
    4.9734613345412139e-06
    5.6788296418565451e-06
    1.3448054351235840e-05
    1.3448054351271507e-05
    5.6788296418866665e-06
    4.9734613345939747e-06
    1.0314763301152355e-05
    7.9115044584580681e-06
    2.9258925116626655e-06
    1.9654322753790432e-06
    3.5699202095367739e-06
    2.1001877976699814e-06
    6.8023241983699247e-07
    3.5047484585006139e-07
    5.5751580614452649e-07
    2.5156870654492826e-07
    7.1360144022717322e-08
    2.8200386169568940e-08
    3.9287581238113332e-08
    1.3597358092162567e-08
    3.3779525244205450e-09
    1.0238885581167588e-09
    1.2492599919797466e-09
    3.3162852972283467e-10
    7.2152402610469523e-11
    1.6774506659870335e-11
    1.7924613654381450e-11
    3.6496285739462144e-12
    6.9542049421593176e-13
    1.2400701544387568e-13
    1.1605028405849579e-13
    1.8123617303210848e-14
    3.0244304757554854e-15
    4.1365872233928101e-16
    3.3903305592046864e-16
    4.0610705126131147e-17
    5.9352519328169159e-18
    6.2264076280299939e-19
    4.4692774154910640e-19
    4.1061575570478632e-20
    5.2557432702568672e-21
    4.2289479996512461e-22
    2.6584715301051653e-22
    6.8992890637728696e-161
    8.7338915563766676e-159
    2.1858148799435606e-155
    4.3213108430363778e-154
    9.4715486774683440e-151
    1.0500847585640589e-148
    2.0157178820029650e-145
    3.4900510792978554e-144
    5.8672836200293886e-141
    5.6969229657556685e-139
    8.3877514217408716e-136
    1.2718839626721518e-134
    1.6400330536687366e-131
    1.3946196213357535e-129
    1.5749282974968317e-126
    2.0915229357099839e-125
    2.0685572835184555e-122
    1.5405316575825930e-120
    1.3343674930536185e-117
    1.5519481373049169e-116
    1.1772858804091782e-113
    7.6786507707312805e-112
    5.1014020560578424e-109
    5.1962640142613131e-108
    3.0234009900655077e-105
    1.7270250503198444e-103
    8.8004136207557313e-101
    7.8506324637193052e-100
    3.5035554772367101e-97
    1.7527169643583257e-95
    6.8504018522525420e-93
    5.3520173800090592e-92
    1.8319840099975734e-89
    8.0264660961557960e-88
    2.4061818390738245e-85
    1.6463789950154423e-84
    4.3224879473899597e-82
    1.6585798818935374e-80
    3.8136450830373935e-78
    2.2852912161118101e-77
    4.6019864486894529e-75
    1.5464925887760665e-73
    2.7274169400389074e-71
    1.4313726555606015e-70
    2.2108349027025906e-68
    6.5066691617928797e-67
    8.8016121353267062e-65
    4.0454171808903141e-64
    4.7925507580005434e-62
    1.2352903236791197e-60
    1.2816585866638599e-58
    5.1590928613638510e-58
    4.6878808235425097e-56
    1.0582268732962685e-54
    8.4213537107438896e-53
    2.9688127586944895e-52
    2.0691207492627608e-50
    4.0906089564976873e-49
    2.4968410645932302e-47
    7.7088874091545189e-47
    4.1209233966318510e-45
    7.1350426912447911e-44
    3.3404065008106416e-42
    9.0323348572412548e-42
    3.7034175429653197e-40
    5.6157093135893054e-39
    2.0165415469939071e-37
    4.7753783848145380e-37
    1.5017936014603559e-35
    1.9943992162264227e-34
    5.4930614891814671e-33
    1.1392393595133369e-32
    2.7480033131810189e-31
    3.1960900168959024e-30
    6.7518250262924902e-29
    1.2263702448986729e-28
    2.2689435268435523e-27
    2.3111351490063605e-26
    3.7447888046875926e-25
    5.9570008344102363e-25
    8.4533636782695749e-24
    7.5410377501783019e-23
    9.3720136566612978e-22
    1.3056691694497804e-21
    1.4211334198899218e-20
    1.1102897214864742e-19
    1.0583709917139010e-18
    1.2913324658672035e-18
    1.0780516880123512e-17
    7.3763405004226833e-17
    5.3931484595777752e-16
    5.7629177702975283e-16
    3.6901476848475517e-15
    2.2112865533136583e-14
    1.2400701544321748e-13
    1.1605028406988497e-13
    5.6996389202306211e-13
    2.9912211727101804e-12
    1.2866178345966305e-11
    1.0545068984653683e-11
    3.9723762024558805e-11
    1.8257926719896491e-10
    6.0235471102367766e-10
    4.3236653738148498e-10
    1.2492599920493340e-09
    5.0286779755796090e-09
    1.2724903213217811e-08
    7.9993400061145574e-09
    1.7727795135601570e-08
    6.2496489507322489e-08
    1.2129868603265233e-07
    6.6781423259104315e-08
    1.1351573071544655e-07
    3.5047484586121655e-07
    5.2174360820402220e-07
    2.5156870656961996e-07
    3.2798713261168795e-07
    8.8686499987903821e-07
    1.0126459041030768e-06
    4.2761900173062673e-07
    4.2761900173176160e-07
    1.0126459041084481e-06
    8.8686499988844652e-07
    3.2798713261603784e-07
    2.5156870654693202e-07
    5.2174360821509377e-07
    3.5047484587051401e-07
    1.1351573070641327e-07
    6.6781423254144725e-08
    1.2129868603715654e-07
    6.2496489503343657e-08
    1.7727795134473001e-08
    7.9993400056477115e-09
    1.2724903212542722e-08
    5.0286779753395157e-09
    1.2492599919896928e-09
    4.3236653736313662e-10
    6.0235471100131049e-10
    1.8257926719315430e-10
    3.9723762023294446e-11
    1.0545068984373980e-11
    1.2866178345693235e-11
    2.9912211726625719e-12
    5.6996389201399049e-13
    1.1605028406865470e-13
    1.2400701544256016e-13
    2.2112865533136583e-14
    3.6901476844462542e-15
    5.7629177703281568e-16
    5.3931484590055335e-16
    7.3763405005400350e-17
    1.0780516880295097e-17
    1.2913324659281743e-18
    1.0583709915595042e-18
    1.1102897214346506e-19
    1.4211334198552463e-20
    1.3056691695363750e-21
    9.3720136555078557e-22
    7.5410377499702970e-23
    8.4533636781440395e-24
    1.0774646150808268e-161
    2.1301252758854855e-160
    5.3310251153450142e-157
    6.7486076914577531e-155
    1.4791753839644180e-151
    2.5610715127397010e-150
    4.9161723405805201e-147
    5.4504261352280745e-145
    9.1629592973858371e-142
    1.3894332813497539e-140
    2.0457045059428161e-137
    1.9863060550164822e-135
    2.5612459002040913e-132
    3.4013640829136207e-131
    3.8411223136334242e-128
    3.2663393779086852e-126
    3.2304738309372488e-123
    3.7572317001378197e-122
    3.2544140328813592e-119
    2.4236833490091792e-117
    1.8385718676955544e-114
    1.8727606114471643e-113
    1.2441905640710085e-110
    8.1150254094775424e-109
    4.7216569038994413e-106
    4.2120739512593423e-105
    2.1463494675672565e-102
    1.2260362781548930e-100
    5.4715160052026438e-98
    4.2747344442253750e-97
    1.6707574211977839e-94
    8.3582660381115985e-93
    2.8610164440647422e-90
    1.9575899466007456e-89
    5.8684822454056620e-87
    2.5711563813857764e-85
    6.7504459805685525e-83
    4.0451417392569260e-82
    9.3011708827038166e-80
    3.5689480438102057e-78
    7.1869398603979582e-76
    3.7717699271545342e-75
    6.6519485886396234e-73
    2.2353801574294085e-71
    3.4526693336320826e-69
    1.5869238075315257e-68
    2.1466417755224652e-66
    6.3177435027527683e-65
    7.4845448711688103e-63
    3.0127728567647373e-62
    3.1258612874419719e-60
    8.0569750776125122e-59
    7.3210814337066917e-57
    2.5809294698191880e-56
    2.0538998315293228e-54
    4.6364062539042039e-53
    3.2313537975305811e-51
    9.9766632956933292e-51
    6.0895927401564185e-49
    1.2038998986977012e-47
    6.4356618490166732e-46
    1.7401790121706811e-45
    8.1469803845211994e-44
    1.4105831934609982e-42
    5.7836413585656891e-41
    1.3696259306129860e-40
    4.9181811915580235e-39
    7.4577267102049317e-38
    2.3453568178290248e-36
    4.8641778446897964e-36
    1.3397131212529195e-34
    1.7791544703089187e-33
    4.2915672972062850e-32
    7.7950041903502804e-32
    1.6467153332434746e-30
    1.9152271078449431e-29
    3.5434177948571457e-28
    5.6366710811530026e-28
    9.1332360072038506e-27
    9.3030710155471660e-26
    1.3201650428653572e-24
    1.8391979121885537e-24
    2.2857580775526122e-23
    2.0390685419982483e-22
    2.2193895041140865e-21
    2.7079065313488208e-21
    2.5812809626092562e-20
    2.0166788571402572e-19
    1.6835974494073208e-18
    1.7990295897002612e-18
    1.3153451442132245e-17
    8.9999707501092941e-17
    5.7629177696707774e-16
    5.3931484595777752e-16
    3.0244304760603411e-15
    1.8123617302922264e-14
    8.9011479276428078e-14
    7.2953457052791780e-14
    3.1379564906782415e-13
    1.6468274614105257e-12
    6.2036751269985609e-12
    4.4529601655171337e-12
    1.4690942596330117e-11
    6.7522847711194651e-11
    1.9509741134385799e-10
    1.2264537509654445e-10
    3.1035006322361304e-10
    1.2492599919830574e-09
    2.7685565549220823e-09
    1.5242386637333558e-09
    2.9583765195220957e-09
    1.0429280443326071e-08
    1.7727795134990207e-08
    8.5477970833076207e-09
    1.2724903213757956e-08
    3.9287581239468069e-08
    5.1221876103326949e-08
    2.1629917663921318e-08
    2.4697611844968148e-08
    6.6781423257864404e-08
    6.6781423258041884e-08
    2.4697611845099144e-08
    2.1629917661626189e-08
    5.1221876104006091e-08
    3.9287581240197642e-08
    1.2724903212542767e-08
    8.5477970825366718e-09
    1.7727795135507539e-08
    1.0429280443685701e-08
    2.9583765192866552e-09
    1.5242386636201457e-09
    2.7685565550469291e-09
    1.2492599919035327e-09
    3.1035006320385361e-10
    1.2264537508938639e-10
    1.9509741133350895e-10
    6.7522847707970779e-11
    1.4690942595628649e-11
    4.4529601653281319e-12
    6.2036751267681782e-12
    1.6468274613581150e-12
    3.1379564905783305e-13
    7.2953457050856206e-14
    8.9011479274538902e-14
    1.8123617302634062e-14
    3.0244304760122036e-15
    5.3931484595205246e-16
    5.7629177696402711e-16
    8.9999707501092941e-17
    1.3153451442132245e-17
    1.7990295897097972e-18
    1.6835974494251691e-18
    2.0166788569947426e-19
    2.5812809625133690e-20
    2.7079065315183511e-21
    2.2193895037950020e-21
    2.0390685419198222e-22
    2.2857580774895637e-23
    1.8391979123417272e-24
    1.3201650426985090e-24
    2.0155806373251937e-163
    2.9134242199009094e-161
    7.2913728895544872e-158
    1.2624417360366405e-156
    2.7670488862441734e-153
    3.5028398839182779e-151
    6.7239686456000811e-148
    1.0195948182031749e-146
    1.7140872268018114e-143
    1.9003617391178056e-141
    2.7979598767479393e-138
    3.7157229743388670e-137
    4.7912456442877566e-134
    4.6521284978141161e-132
    5.2535965404614290e-129
    6.1102427986018514e-128
    6.0431501989830177e-125
    5.1388573051932873e-123
    4.4511413353564318e-120
    4.5339115186663650e-119
    3.4393610750550678e-116
    2.5614203001268053e-114
    1.7017097372498922e-111
    1.5180533873512272e-110
    8.8326615066539973e-108
    5.7609561299210897e-106
    2.9356144420108081e-103
    2.2935091770172146e-102
    1.0235400365978239e-99
    5.8466584129551332e-98
    2.2851356172192933e-95
    1.5635556797070917e-94
    5.3520173807048269e-92
    2.6774434481821139e-90
    8.0264660972635740e-88
    4.8097848826538957e-87
    1.2627856190922122e-84
    5.5326388785089054e-83
    1.2721437951579692e-80
    6.6763237243640999e-80
    1.3444392158852222e-77
    5.1587415923410949e-76
    9.0980320955623706e-74
    4.1816584036869102e-73
    6.4588046405214731e-71
    2.1704743417277278e-69
    2.9360142387049061e-67
    1.1818412686012232e-66
    1.4001112899868035e-64
    4.1206428134902860e-63
    4.2753166144418171e-61
    1.5071940864116002e-60
    1.3695326765600755e-58
    3.5300000954457982e-57
    2.8091688231381411e-55
    8.6731856816873625e-55
    6.0447963259493496e-53
    1.3645325375162338e-51
    8.3288843051895409e-50
    2.2520993182547607e-49
    1.2038998988509758e-47
    2.3800852177047774e-46
    1.1142823494889702e-44
    2.6387355392018558e-44
    1.0819283872253520e-42
    1.8732707430891520e-41
    6.7267161999726481e-40
    1.3950944973042514e-39
    4.3873884333827658e-38
    6.6528545071877665e-37
    1.8323582651888998e-35
    3.3282107374433777e-35
    8.0281058195543395e-34
    1.0661417082844866e-32
    2.2522526679128096e-31
    3.5827577258973354e-31
    6.6285650556075049e-30
    7.7094123218504805e-29
    1.2491749332142609e-27
    1.7402975040977982e-27
    2.4695930249885971e-26
    2.5155157791591920e-25
    3.1262869935433715e-24
    3.8144241706780893e-24
    4.1517451690713564e-23
    3.7036697155094645e-22
    3.5304808411075525e-21
    3.7725404608738820e-21
    3.1494550934732724e-20
    2.4605765859083650e-19
    1.7990295894903025e-18
    1.6835974496172180e-18
    1.0780516880295097e-17
    7.3763405004226833e-17
    4.1365872228880570e-16
    3.3903305595374378e-16
    1.6651109613963733e-15
    9.9780220021327675e-15
    4.2918595184687865e-14
    3.0806705832423934e-14
    1.1605028407388670e-13
    6.0904220719791471e-13
    2.0093159992702751e-12
    1.2631295962387276e-12
    3.6496285741978986e-12
    1.6774506659603408e-11
    4.2447334016915021e-11
    2.3369530799708073e-11
    5.1790554485204980e-11
    2.0847383438220300e-10
    4.0462436181775042e-10
    1.9509741135006838e-10
    3.3162852975098373e-10
    1.1691030255809634e-09
    1.7404160045494103e-09
    7.3494096162028840e-10
    9.5819222491498782e-10
    2.9583765194122217e-09
    3.3779525244384505e-09
    1.2492599920659020e-09
    1.2492599919134744e-09
    3.3779525244563793e-09
    2.9583765194436152e-09
    9.5819222480823954e-10
    7.3494096154230729e-10
    1.7404160045863424e-09
    1.1691030256119734e-09
    3.3162852971931775e-10
    1.9509741133247342e-10
    4.0462436183277532e-10
    2.0847383439105153e-10
    5.1790554481083811e-11
    2.3369530797972431e-11
    4.2447334019166659e-11
    1.6774506658535466e-11
    3.6496285739655723e-12
    1.2631295961650243e-12
    2.0093159991636754e-12
    6.0904220716883384e-13
    1.1605028406834632e-13
    3.0806705831116476e-14
    4.2918595183093861e-14
    9.9780220018150743e-15
    1.6651109614979573e-15
    3.3903305594475348e-16
    4.1365872232172501e-16
    7.3763405003052811e-17
    1.0780516881295953e-17
    1.6835974495993458e-18
    1.7990295894807283e-18
    2.4605765859083472e-19
    3.1494550934732724e-20
    3.7725404610410143e-21
    3.5304808405268974e-21
    3.7036697152697765e-22
    4.1517451689623540e-23
    3.8144241709816982e-24
    3.1262869931055193e-24
    2.5155157790871067e-25
    2.4695930249667331e-26
    2.4143413003888519e-164
    4.1802350103900664e-163
    1.0461796815762491e-159
    1.5122020752752963e-157
    3.3144793527684772e-154
    5.0259395176733712e-153
    9.6476747015093230e-150
    1.2213105413223743e-147
    2.0532007043035106e-144
    2.7266742069360035e-143
    4.0145646331059253e-140
    4.4508382704326656e-138
    5.7391413794600453e-135
    6.6749600990337229e-134
    7.5379575823150073e-131
    7.3190877461714042e-129
    7.2387216069013195e-126
    7.3733276032487904e-125
    6.3865799972258263e-122
    5.4308965015418800e-120
    4.1198011811993052e-117
    3.6751732692325482e-116
    2.4416446364521062e-113
    1.8183837061170023e-111
    1.0580107327696717e-108
    8.2659265135248626e-108
    4.2120739513487690e-105
    2.7472549731040039e-103
    1.2260362783336882e-100
    8.3888937359137640e-100
    3.2787548905759760e-97
    1.8728881313597445e-95
    6.4108556933714157e-93
    3.8416454296268200e-92
    1.1516522158308174e-89
    5.7613484048125172e-88
    1.5126139920342516e-85
    7.9383326941341663e-85
    1.8252954697567594e-82
    7.9971616148773446e-81
    1.6104218628852868e-78
    7.4018579465111667e-78
    1.3054024893228501e-75
    5.0089539466322035e-74
    7.7366087498068139e-72
    3.1142367700424498e-71
    4.2126475875611782e-69
    1.4156556837434832e-67
    1.6771080501268487e-65
    5.9123745990784884e-65
    6.1343034323408307e-63
    1.8053760108228972e-61
    1.6404797912831063e-59
    5.0649094919684133e-59
    4.0306474368684839e-57
    1.0389080947372328e-55
    7.2406934021097729e-54
    1.9578565480159600e-53
    1.1950437400551629e-51
    2.6976526247180294e-50
    1.4420783732500701e-48
    3.4149903356657671e-48
    1.5987929446951822e-46
    3.1607806083707485e-45
    1.2959761276501989e-43
    2.6878035442377939e-43
    9.6516169432897671e-42
    1.6710987396856491e-40
    5.2553854206324609e-39
    9.5456388189940636e-39
    2.6291015634858936e-37
    3.9866609605993783e-36
    9.6163790658743040e-35
    1.5297198615444334e-34
    3.2315738260820564e-33
    4.2915672971698759e-32
    7.9399544138007884e-31
    1.1061607531296294e-30
    1.7923393213460313e-29
    2.0845963995518274e-28
    2.9581750914064376e-27
    3.6093086120907570e-27
    4.4856544582841943e-26
    4.5690664233558886e-25
    4.9731227051662325e-24
    5.3140938774065780e-24
    5.0655992740054570e-23
    4.5188964779557213e-22
    3.7725404605506613e-21
    3.5304808409577166e-21
    2.5812809625133870e-20
    2.0166788569626445e-19
    1.2913324657603274e-18
    1.0583709916718105e-18
    5.9352519328169575e-18
    4.0610705124838414e-17
    1.9945350185154443e-16
    1.4316650703306416e-16
    6.1580394967288812e-16
    3.6901476845930604e-15
    1.3900956803630438e-14
    8.7386503478941682e-15
    2.8830037965409322e-14
    1.5130260211059193e-13
    4.3716678134818075e-13
    2.4068372721015866e-13
    6.0904220723992614e-13
    2.7992937784280889e-12
    6.2036751269985391e-12
    2.9912211728847600e-12
    5.8056252561427315e-12
    2.3369530798902228e-11
    3.9723762023188742e-11
    1.6774506660582373e-11
    2.4971811056592325e-11
    8.8034102139582962e-11
    1.1477601141124364e-10
    4.2447334018941969e-11
    4.8467488220010371e-11
    1.4964124669002290e-10
    1.4964124669042002e-10
    4.8467488213839048e-11
    4.2447334013762332e-11
    1.1477601141276541e-10
    8.8034102141217768e-11
    2.4971811053810142e-11
    1.6774506658802452e-11
    3.9723762024347958e-11
    2.3369530799708073e-11
    5.8056252555882911e-12
    2.9912211726149735e-12
    6.2036751272782910e-12
    2.7992937785691701e-12
    6.0904220719145367e-13
    2.4068372719228239e-13
    4.3716678137485419e-13
    1.5130260212062556e-13
    2.8830037963573863e-14
    8.7386503473842075e-15
    1.3900956803962312e-14
    3.6901476844168612e-15
    6.1580394969574596e-16
    1.4316650702698705e-16
    1.9945350186265248e-16
    4.0610705123545970e-17
    5.9352519332262838e-18
    1.0583709916437378e-18
    1.2913324658733784e-18
    2.0166788569305468e-19
    2.5812809624723033e-20
    3.5304808409202137e-21
    3.7725404605306640e-21
    4.5188964776033288e-22
    5.0655992738038943e-23
    5.3140938777280199e-24
    4.9731227043627946e-24
    4.5690664231013931e-25
    4.4856544582222978e-26
    3.6093086124450275e-27
    2.9581750909985829e-27
    2.6570238106512788e-166
    4.3852977846522764e-164
    1.0975003626737991e-160
    1.6642041951051453e-159
    3.6476411014463822e-156
    5.2724885988151051e-154
    1.0120944490063303e-150
    1.3440730968608791e-149
    2.2595824204729300e-146
    2.8604320880105736e-144
    4.2115003936730897e-141
    4.8982234843427243e-140
    6.3160230475547792e-137
    7.0024024156970039e-135
    7.9077345183629223e-132
    8.0547809916896620e-131
    7.9663366836805391e-128
    7.7350285626709473e-126
    6.6998757351508696e-123
    5.9767942980784928e-122
    4.5339115187624958e-119
    3.8554600771777641e-117
    2.5614203005210899e-114
    2.0011623056756124e-113
    1.1643588700758781e-110
    8.6714142010130348e-109
    4.4186985956965024e-106
    3.0234009894398494e-105
    1.3492738509141989e-102
    8.8004136201026605e-101
    3.4395952677853357e-98
    2.0611453559643208e-97
    7.0552561142862132e-95
    4.0300985835303879e-93
    1.2081468862133894e-90
    6.3404622571078801e-90
    1.6646575162951890e-87
    8.3277501612976337e-86
    1.9148359266698629e-83
    8.8010128567761469e-83
    1.7722967478313652e-80
    7.7649584710661404e-79
    1.3694394287039833e-76
    5.5124393143473400e-76
    8.5142699826244227e-74
    3.2670066574088765e-72
    4.4193003712085167e-70
    1.5579532432901904e-69
    1.8456860351338516e-67
    6.2024080384938957e-66
    6.4352236621207318e-64
    1.9868471152406988e-63
    1.8053760110814064e-61
    5.3133702577176444e-60
    4.2283721445296100e-58
    1.1433360910163161e-57
    7.9685066758706867e-56
    2.0538998313004332e-54
    1.2536669954615739e-52
    2.9688127587889515e-52
    1.5870318640918119e-50
    3.5825137860198584e-49
    1.6772222473201044e-47
    3.4784930097679820e-47
    1.4262438490411521e-45
    2.8196546124245000e-44
    1.0125080119729681e-42
    1.8390726864224988e-42
    5.7836413577370448e-41
    1.0013903204427556e-39
    2.7580729871079837e-38
    4.3873884340576884e-38
    1.0582989298909996e-36
    1.6047607620505228e-35
    3.3900997208971373e-34
    4.7229430610451187e-34
    8.7380553554572885e-33
    1.1604238251312023e-31
    1.8802631040381687e-30
    2.2941339185958855e-30
    3.2555221796426914e-29
    3.7863644085567995e-28
    4.7056996824920451e-27
    5.0283355859157291e-27
    5.4730064206767827e-26
    5.5747784640696049e-25
    5.3140938778688977e-24
    4.9731227047506791e-24
    4.1517451689623540e-23
    3.7036697152108546e-22
    2.7079065311448482e-21
    2.2193895040481531e-21
    1.4211334198552562e-20
    1.1102897213993155e-19
    6.2264076271711380e-19
    4.4692774159297109e-19
    2.1950198318718380e-18
    1.5018958612647294e-17
    6.4601241067547495e-17
    4.0610705126885434e-17
    1.5298240232790633e-16
    9.1673276540236748e-16
    3.0244304757234013e-15
    1.6651109615200462e-15
    4.8110950468572623e-15
    2.5249054493396278e-14
    6.3891896879060365e-14
    3.0806705832914259e-14
    6.8272503655450547e-14
    3.1379564905117754e-13
    6.0904220721407795e-13
    2.5718567530246373e-13
    4.3716678137021342e-13
    1.7597385485187325e-12
    2.6196811287376591e-12
    9.6883032026805536e-13
    1.2631295962822881e-12
    4.4529601654698956e-12
    5.0845076458224152e-12
    1.6468274615459462e-12
    1.6468274615503225e-12
    5.0845076458493850e-12
    4.4529601655171499e-12
    1.2631295961214683e-12
    9.6883032014984406e-13
    2.6196811287932591e-12
    1.7597385485654153e-12
    4.3716678132151356e-13
    2.5718567527517676e-13
    6.0904220723669345e-13
    3.1379564906449523e-13
    6.8272503648931224e-14
    3.0806705830136049e-14
    6.3891896882449324e-14
    2.5249054494869911e-14
    4.8110950467679711e-15
    1.6651109613963970e-15
    3.0244304761405620e-15
    9.1673276547045584e-16
    1.5298240232993686e-16
    4.0610705124515517e-17
    6.4601241069603451e-17
    1.5018958611929948e-17
    2.1950198319708447e-18
    4.4692774157400954e-19
    6.2264076275675396e-19
    1.1102897213639567e-19
    1.4211334199645747e-20
    2.2193895039893009e-21
    2.7079065310873758e-21
    3.7036697151518800e-22
    4.1517451688962748e-23
    4.9731227049564773e-24
    5.3140938769667249e-24
    5.5747784636851384e-25
    5.4730064205229410e-26
    5.0283355863092421e-27
    4.7056996817531768e-27
    3.7863644083860689e-28
    3.2555221796283035e-29
    2.4411459355981011e-167
    3.7016528149666012e-166
    9.2640580102366654e-163
    1.5289909298517747e-160
    3.3512775510782096e-157
    4.4505352252218132e-156
    8.5431422223775070e-153
    1.2348698436181659e-150
    2.0759958641597744e-147
    2.4145056984869529e-146
    3.5549495274944466e-143
    4.5002526144180435e-141
    5.8028587963248245e-138
    5.9107645333255416e-137
    6.6749601001674523e-134
    7.4003461320789791e-132
    7.3190877473562927e-129
    6.5291780979647873e-128
    5.6554001778537093e-125
    5.4911917048580242e-123
    4.1655402686176096e-120
    3.2544140321563753e-119
    2.1621082831618929e-116
    1.8385718675442226e-114
    1.0697570387847520e-111
    7.3195861167042048e-111
    3.7298466138524468e-108
    2.7777557011362899e-106
    1.2396480469716090e-103
    7.4284752015919998e-103
    2.9033803697465866e-100
    1.8936814148696131e-98
    6.4820306545135678e-96
    3.4018273094960842e-95
    1.0198031105737737e-92
    5.8253123697576210e-91
    1.5294074195929190e-88
    7.0294975019062343e-88
    1.6163230289374225e-85
    8.0859481492884024e-84
    1.6283011786630074e-81
    6.5544420912102672e-81
    1.1559509901188080e-78
    5.0645646356023669e-77
    7.8225025606609982e-75
    2.7576974207107128e-74
    3.7303545762266008e-72
    1.4313726555416437e-70
    1.6957277330264425e-68
    5.2354850918840189e-68
    5.4320059784640583e-66
    1.8254197574577748e-64
    1.6586928174321357e-62
    4.4850436474500033e-62
    3.5691910597424707e-60
    1.0504423183576880e-58
    7.3210814319783995e-57
    1.7337075987679633e-56
    1.0582268732064598e-54
    2.7276026547365333e-53
    1.4580886965111640e-51
    3.0240186394976624e-51
    1.4157520784061294e-49
    3.1958724038210618e-48
    1.3103643863795613e-46
    2.3800852178688869e-46
    8.5466331289367029e-45
    1.6896517056824104e-43
    5.3137320549116609e-42
    8.4527881127730675e-42
    2.3281038455893395e-40
    4.0309218911393234e-39
    9.7231425678014979e-38
    1.3545869591630426e-37
    2.8616009194567452e-36
    4.3392133758351486e-35
    8.0281058201334408e-34
    9.7951982488578152e-34
    1.5871399281201599e-32
    2.1077401223729847e-31
    2.9910175084763746e-30
    3.1960900165161519e-30
    3.9721057333930234e-29
    4.6197933683000466e-28
    5.0283355863797703e-27
    4.7056996820776395e-27
    4.4856544582817716e-26
    4.5690664233983524e-25
    3.8144241709816167e-24
    3.1262869934869933e-24
    2.2857580774895637e-23
    2.0390685418549140e-22
    1.3056691693458740e-21
    9.3720136565022092e-22
    5.2557432702567927e-21
    4.1061575568517711e-20
    2.0166788568449577e-19
    1.2677581581749000e-19
    5.4530245740634706e-19
    3.7311166487782451e-18
    1.4055288784381746e-17
    7.7381892591834984e-18
    2.5529375959544626e-17
    1.5298240232912487e-16
    4.4202031883213410e-16
    2.1312859064177045e-16
    5.3931484595204861e-16
    2.8303722545094270e-15
    6.2725499162531148e-15
    2.6487654992898365e-15
    5.1409571514386412e-15
    2.3628985311880806e-14
    4.0164785397517138e-14
    1.4854045201648412e-14
    2.2112865535013555e-14
    8.9011479276192177e-14
    1.1605028406988497e-13
    3.7587669847152448e-14
    4.2918595187192454e-14
    1.5130260211540828e-13
    1.5130260211580927e-13
    4.2918595187419955e-14
    3.7587669847551460e-14
    1.1605028407142366e-13
    8.9011479277844797e-14
    2.2112865532198098e-14
    1.4854045199836004e-14
    4.0164785398689228e-14
    2.3628985312695595e-14
    5.1409571508658714e-15
    2.6487654990088068e-15
    6.2725499165359506e-15
    2.8303722546520747e-15
    5.3931484592915962e-16
    2.1312859062255005e-16
    4.4202031888607005e-16
    1.5298240233926990e-16
    2.5529375959273985e-17
    7.7381892586088148e-18
    1.4055288786544208e-17
    3.7311166490850589e-18
    5.4530245741791275e-19
    1.2677581581009176e-19
    2.0166788569251879e-19
    4.1061575566557674e-20
    5.2557432705356801e-21
    9.3720136561045216e-22
    1.3056691694394082e-21
    2.0390685417900057e-22
    2.2857580776835820e-23
    3.1262869934040699e-24
    3.8144241703442335e-24
    4.5690664229559496e-25
    4.4856544581508710e-26
    4.7056996823523504e-27
    5.0283355855488686e-27
    4.6197933680304826e-28
    3.9721057333340926e-29
    3.1960900168281363e-30
    2.9910175080343659e-30
    1.5804841586180428e-169
    2.9784744919298268e-167
    7.4541730017699210e-164
    9.8992276867270809e-163
    2.1697355341902810e-159
    3.5810504945692604e-157
    6.8740998851643197e-154
    7.9949838202338769e-153
    1.3440730964973597e-149
    1.9427925829471625e-147
    2.8604320872366131e-144
    2.9136225995946069e-143
    3.7569758811003557e-140
    4.7560001627198733e-138
    5.3708976467522929e-135
    4.7912456431433384e-134
    4.7386360928835529e-131
    5.2535965399874985e-129
    4.5505254047026565e-126
    3.5551915899605607e-125
    2.6969179964213764e-122
    2.6186111088550223e-120
    1.7397051244533064e-117
    1.1903564093835762e-116
    6.9259851631550289e-114
    5.8895854455010646e-112
    3.0011601722623099e-109
    1.7984172176885151e-108
    8.0259195962974894e-106
    5.9772012695796339e-104
    2.3361576045111816e-101
    1.2260362781093494e-100
    4.1966957460993744e-98
    2.7372247953190991e-96
    8.2056792018352119e-94
    3.7715131175503152e-93
    9.9019241884104961e-91
    5.6561703776613602e-89
    1.3005479317018873e-86
    5.2351286217104356e-86
    1.0542197337654176e-83
    5.2739247987991975e-82
    9.3011708825068731e-80
    3.2789781471302785e-79
    5.0645646364087392e-77
    2.2189361981204576e-75
    3.0015688954303353e-73
    9.2672124765224927e-73
    1.0978740681853592e-70
    4.2126475870249046e-69
    4.3707749081438000e-67
    1.1818412686388440e-66
    1.0738963548670145e-64
    3.6088171329951311e-63
    2.8718913035896520e-61
    6.8009348375234223e-61
    4.7399268754644378e-59
    1.3949995090003012e-57
    8.5148497335015097e-56
    1.7659463631016771e-55
    9.4401815682801830e-54
    2.4332272179603778e-52
    1.1391617915536597e-50
    2.0691207491913974e-50
    8.4837621727878338e-49
    1.9150967052722124e-47
    6.8769087860864434e-46
    1.0939402333316088e-45
    3.4402979409677200e-44
    6.8013979262601246e-43
    1.8732707428904274e-41
    2.6097613003678373e-41
    6.2951061521738174e-40
    1.0899462772840462e-38
    2.3025404520501113e-37
    2.8093601042425385e-37
    5.1976794525324663e-36
    7.8815463227232750e-35
    1.2770662263395763e-33
    1.3646254509863327e-33
    1.9364904492207310e-32
    2.5716816420435826e-31
    3.1960900168281363e-30
    2.9910175082088913e-30
    3.2555221796740587e-29
    3.7863644085950032e-28
    3.6093086124928817e-27
    2.9581750911524009e-27
    2.4695930249667331e-26
    2.5155157787001032e-25
    1.8391979120587725e-24
    1.3201650426985090e-24
    8.4533636781440395e-24
    7.5410377496101161e-23
    4.2289479994268743e-22
    2.6584715303660874e-22
    1.3056691694324780e-21
    1.0200809002812682e-20
    4.3876871790551215e-20
    2.4156567910309143e-20
    9.0998907292298785e-20
    6.2264076276335480e-19
    2.0541795487179077e-18
    9.9046214278929494e-19
    2.8617957718103930e-18
    1.7149044020392958e-17
    4.3395088412275005e-17
    1.8324830342653642e-17
    4.0610705126454907e-17
    2.1312859063272512e-16
    4.1365872233050153e-16
    1.5298240233926990e-16
    2.6004101650797092e-16
    1.1952064914281431e-15
    1.7792756163548430e-15
    5.7629177705727392e-16
    7.5135055588862101e-16
    3.0244304759479915e-15
    3.4533746783681863e-15
    9.7958652249699330e-16
    9.7958652249959654e-16
    3.4533746783864914e-15
    3.0244304759800974e-15
    7.5135055589858837e-16
    5.7629177706797778e-16
    1.7792756163926057e-15
    1.1952064914598455e-15
    2.6004101647486194e-16
    1.5298240232060273e-16
    4.1365872234586189e-16
    2.1312859064176892e-16
    4.0610705123761230e-17
    1.8324830340709022e-17
    4.3395088416879142e-17
    1.7149044021393846e-17
    2.8617957717116906e-18
    9.9046214269995876e-19
    2.0541795490012270e-18
    6.2264076280960013e-19
    9.0998907292055673e-20
    2.4156567908514616e-20
    4.3876871797999881e-20
    1.0200809003732684e-20
    1.3056691694705522e-21
    2.6584715302109471e-22
    4.2289479996288299e-22
    7.5410377492501503e-23
    8.4533636786597553e-24
    1.3201650427930441e-24
    1.8391979122051241e-24
    2.5155157789269575e-25
    2.4695930248881027e-26
    2.9581750913045791e-27
    3.6093086118131175e-27
    3.7863644082655940e-28
    3.2555221795763955e-29
    2.9910175084389705e-30
    3.1960900163194874e-30
    2.5716816418853029e-31
    1.9364904492237580e-32
    1.1137513786954550e-170
    1.4790746715406796e-169
    3.7016528139063220e-166
    6.9758867395124739e-164
    1.5289909294137324e-160
    1.7783066796027828e-159
    3.4135954688670743e-156
    5.6339851328970381e-154
    9.4715486778446813e-151
    9.6476747006395482e-150
    1.4204562304164418e-146
    2.0532007041021843e-144
    2.6475033264237633e-141
    2.3617725773462297e-140
    2.6671232850796889e-137
    3.3763428835759526e-135
    3.3392694596990008e-132
    2.6088729638494599e-131
    2.2597362795710862e-128
    2.5053079550807723e-126
    1.9004911380064121e-123
    1.3003708360033258e-122
    8.6391667683475953e-120
    8.3883225596935289e-118
    4.8806724720611148e-115
    2.9246974182538900e-114
    1.4903401077722999e-111
    1.2673266258708493e-109
    5.6557852657570144e-107
    2.9682063845218840e-106
    1.1601078170565120e-103
    8.6397550245722848e-102
    2.9573695172279643e-99
    1.3592729685525798e-98
    4.0748417698313615e-96
    2.6577475715355128e-94
    6.9777869372412865e-92
    2.8087862985215502e-91
    6.4583648780487769e-89
    3.6891427783404355e-87
    7.4289810215472350e-85
    2.6189677335047763e-84
    4.6188497853904335e-82
    2.3106631041797648e-80
    3.5689480438670097e-78
    1.1018970742446692e-77
    1.4905430745845259e-75
    6.5305119422143905e-74
    7.7366087477341529e-72
    2.0919502124028553e-71
    2.1704743415088565e-69
    8.3283172131866065e-68
    7.5676402024089482e-66
    1.7920952588450671e-65
    1.4261467398903356e-63
    4.7925507575428688e-62
    3.3401790607329367e-60
    6.9274000705480963e-60
    4.2283721437893160e-58
    1.2444447392095909e-56
    6.6524015311517451e-55
    1.2083114218038845e-54
    5.6569406829610677e-53
    1.4580886967586517e-51
    5.9784223491861959e-50
    9.5101402994980040e-50
    3.4149903353033452e-48
    7.7088874075592538e-47
    2.4243435493881005e-45
    3.3774925482566746e-45
    9.3024375926989598e-44
    1.8390726860127313e-42
    4.4360983429334349e-41
    5.4125423472877046e-41
    1.1434139427397925e-39
    1.9797279667171539e-38
    3.6627527239577416e-37
    3.9138812730682086e-37
    6.3417575474122799e-36
    9.6163790656900907e-35
    1.3646254511309037e-33
    1.2770662262156061e-33
    1.5871399280957784e-32
    2.1077401223925140e-31
    2.2941339188449943e-30
    1.8802631038446347e-30
    1.7923393213441211e-29
    2.0845963996074018e-28
    1.7402975042750708e-27
    1.2491749330532340e-27
    9.1332360071893134e-27
    9.3030710138915017e-26
    5.9570008340226483e-25
    3.7447888042624447e-25
    2.1000448014679178e-24
    1.8733982975985245e-23
    9.2009200448531125e-23
    5.0655992743413815e-23
    2.1788727721624640e-22
    1.7022891794054347e-21
    6.4126019804034386e-21
    3.0919592702497415e-21
    1.0200809002975184e-20
    6.9796876548898791e-20
    2.0166788569091530e-19
    8.5160093597867501e-20
    2.1549479880525690e-19
    1.2913324658768009e-18
    2.8617957717116906e-18
    1.0583709917055008e-18
    2.0541795489031725e-18
    1.0780516880895642e-17
    1.8324830341535567e-17
    5.9352519334466772e-18
    8.8356690813200681e-18
    4.0610705126131147e-17
    5.2946922177783337e-17
    1.5018958614001626e-17
    1.7149044021848837e-17
    6.9030482464621853e-17
    6.9030482464804807e-17
    1.7149044021939738e-17
    1.5018958614160954e-17
    5.2946922178485343e-17
    4.0610705126885434e-17
    8.8356690815075335e-18
    5.9352519336041081e-18
    1.8324830342604815e-17
    1.0780516881267382e-17
    2.0541795490557570e-18
    1.0583709915763495e-18
    2.8617957719697729e-18
    1.2913324659418735e-18
    2.1549479879267976e-19
    8.5160093588832157e-20
    2.0166788571552313e-19
    6.9796876553527379e-20
    1.0200809002704540e-20
    3.0919592699709026e-21
    6.4126019813899962e-21
    1.7022891795454035e-21
    2.1788727721740139e-22
    5.0655992739650717e-23
    9.2009200465614666e-23
    1.8733982977823933e-23
    2.1000448015459137e-24
    3.7447888044412535e-25
    5.9570008353184058e-25
    9.3030710145085008e-26
    9.1332360078191886e-27
    1.2491749331526443e-27
    1.7402975039288603e-27
    2.0845963993663224e-28
    1.7923393212870664e-29
    1.8802631039763382e-30
    2.2941339184251184e-30
    2.1077401222331951e-31
    1.5871399280940867e-32
    1.2770662263395763e-33
    1.3646254509156856e-33
    4.2421329988935563e-173
    9.1282623386901884e-171
    2.2845133259491682e-167
    2.6570238116240909e-166
    5.8237260134952519e-163
    1.0975003630580948e-160
    2.1067357556412598e-157
    2.1459110803895993e-156
    3.6075887274810552e-153
    5.9541622421299096e-151
    8.7664925669331917e-148
    7.8203723248569568e-147
    1.0083993105284220e-143
    1.4575923777689031e-141
    1.6460427257861170e-138
    1.2860047433838703e-137
    1.2718839622301204e-134
    1.6100929374609563e-132
    1.3946196210693105e-129
    9.5423895764374728e-129
    7.2387216065174139e-126
    8.0253731329248745e-124
    5.3317511400553180e-121
    3.1950020992461030e-120
    1.8589841631623722e-117
    1.8050072665832593e-115
    9.1977881452617455e-113
    4.8270809822505137e-112
    2.1542144652147281e-109
    1.8318592748886049e-107
    7.1597254005909100e-105
    3.2907694295862039e-104
    1.1264232807070459e-101
    8.3888937357349447e-100
    2.5148307505482540e-97
    1.0123012093620402e-96
    2.6577475720009009e-94
    1.7334715196886607e-92
    3.9858466931955486e-90
    1.4051461229877199e-89
    2.8296014839719365e-87
    1.6163230287059376e-85
    2.8505709248542062e-83
    8.8010128570558039e-83
    1.3593655238621218e-80
    6.8004717797036082e-79
    9.1990407743781679e-77
    2.4873863897606576e-76
    2.9467728521586974e-74
    1.2910687138127152e-72
    1.3395306923851884e-70
    3.1721468498937945e-70
    2.8824149482673291e-68
    1.1060101273678890e-66
    8.8016121333189472e-65
    1.8254197575982178e-64
    1.2722304175457074e-62
    4.2753166141921102e-61
    2.6095836090349076e-59
    4.7399268763445428e-59
    2.5338125363259788e-57
    7.4572189337225778e-56
    3.4912394608456879e-54
    5.5536687026311979e-54
    2.2771027011649354e-52
    5.8692814637058195e-51
    2.1075966118804961e-49
    2.9362141570876197e-49
    9.2340067703896813e-48
    2.0844544647079011e-46
    5.7410955905631879e-45
    7.0047867742335761e-45
    1.6896517053149164e-43
    3.3404065002878066e-42
    7.0566974295040719e-41
    7.5405242997256110e-41
    1.3950944969581975e-39
    2.4154923152673868e-38
    3.9138812734896944e-37
    3.6627527235166105e-37
    5.1976794524930965e-36
    7.8815463226812741e-35
    9.7951982499179475e-34
    8.0281058192709495e-34
    8.7380553553112578e-33
    1.1604238251545694e-31
    1.1061607532458123e-30
    7.9399544131416141e-31
    6.6285650555811296e-30
    7.7094123218012893e-29
    5.6366710807821307e-28
    3.5434177944153317e-28
    2.2689435268314932e-27
    2.3111351485943586e-26
    1.2960643731820064e-25
    7.1355285294223321e-26
    3.5045098294146193e-25
    3.1262869933542675e-24
    1.3447138707336891e-23
    6.4837963297699463e-24
    2.4424760309724298e-23
    1.9082346484700677e-22
    6.2955347986619489e-22
    2.6584715304083620e-22
    7.6812653977623420e-22
    5.2557432704240958e-21
    1.3299484427298522e-20
    4.9185160806163119e-21
    1.0900204939125734e-20
    6.5318460587125452e-20
    1.2677581581076374e-19
    4.1061575571894251e-20
    6.9796876552786437e-20
    3.6630021280607321e-19
    5.4530245741791275e-19
    1.5468085213238949e-19
    2.0166788571659212e-19
    9.2691056725533808e-19
    1.0583709916717955e-18
    2.6292805844109974e-19
    2.6292805844179659e-19
    1.0583709916774055e-18
    9.2691056726517111e-19
    2.0166788571926596e-19
    1.5468085213526247e-19
    5.4530245744105579e-19
    3.6630021281578914e-19
    6.9796876556859081e-20
    4.1061575573310165e-20
    1.2677581582017978e-19
    6.5318460589897154e-20
    1.0900204940108736e-20
    4.9185160800161478e-21
    1.3299484428709574e-20
    5.2557432707308415e-21
    7.6812653973752160e-22
    2.6584715301263218e-22
    6.2955347995302951e-22
    1.9082346486117982e-22
    2.4424760309270992e-23
    6.4837963291851776e-24
    1.3447138709619715e-23
    3.1262869936362246e-24
    3.5045098294611349e-25
    7.1355285295927374e-26
    1.2960643734432959e-25
    2.3111351490848064e-26
    2.2689435269338022e-27
    3.5434177946127229e-28
    5.6366710820978850e-28
    7.7094123223739461e-29
    6.6285650552646254e-30
    7.9399544135270535e-31
    1.1061607530169523e-30
    1.1604238250327038e-31
    8.7380553551560380e-33
    8.0281058199951687e-34
    9.7951982481928673e-34
    7.8815463221880101e-35
    5.1976794525324663e-36
    2.2928846059405166e-174
    2.6667601042803543e-173
    6.6740511700865683e-170
    1.4361287109288940e-167
    3.1477399999105729e-164
    3.2062730819026560e-163
    6.1546860223102113e-160
    1.1598708678096894e-157
    1.9499116744783564e-154
    1.7394682284229690e-153
    2.5610715117884807e-150
    4.2269328482053911e-148
    5.4504261341012561e-145
    4.2582575482747319e-144
    4.8088024942822142e-141
    6.9508911685437607e-139
    6.8745679562698532e-136
    4.7037776191326646e-135
    4.0742868987015701e-132
    5.1576879303830399e-130
    3.9125490279214062e-127
    2.3445584816594490e-126
    1.5576350345916250e-123
    1.7269074619967732e-121
    1.0047860763085050e-118
    5.2732066487510128e-118
    2.6870715979558218e-115
    2.6090506070078571e-113
    1.1643588700418582e-110
    5.3516529758044438e-110
    2.0916653517691757e-107
    1.7786699683215395e-105
    6.0883489526757257e-103
    2.4507585675369743e-102
    7.3469079499210532e-100
    5.4715160041285368e-98
    1.4365199054045903e-95
    5.0642198033350241e-95
    1.1644381535823368e-92
    7.5948536156663340e-91
    1.5294074196173048e-88
    4.7219784101381858e-88
    8.3277501591771378e-86
    4.7569717643893917e-84
    7.3474082125810505e-82
    1.9867118361991549e-81
    2.6874375455363302e-79
    1.3444392157353958e-77
    1.5927388678395649e-75
    3.7717699273946625e-75
    3.9133483201215360e-73
    1.7145541362712072e-71
    1.5579532429802771e-69
    3.2311337833294976e-69
    2.5713314560156108e-67
    9.8664442219183751e-66
    6.8764405556004058e-64
    1.2490048332036158e-63
    7.6237220174846746e-62
    2.5619435719792392e-60
    1.3695326762186302e-58
    2.1785760749002134e-58
    1.0199419958728341e-56
    3.0017732772664483e-55
    1.2307803010845461e-53
    1.7146708833834317e-53
    6.1572009566352649e-52
    1.5870318639823391e-50
    4.9910061708075734e-49
    6.0895927377657118e-49
    1.6772222472133248e-47
    3.7861066047219453e-46
    9.1326141497746031e-45
    9.7587716639379788e-45
    2.0615664264253827e-43
    4.0756742173461554e-42
    7.5405243005738670e-41
    7.0566974285008533e-41
    1.1434139427203751e-39
    1.9797279667195450e-38
    2.8093601045181694e-37
    2.3025404517508443e-37
    2.8616009194111589e-36
    4.3392133758524151e-35
    4.7229430615736649e-34
    3.3900997205445355e-34
    3.2315738260186361e-33
    4.2915672972894712e-32
    3.5827577263421714e-31
    2.2522526676475727e-31
    1.6467153332295037e-30
    1.9152271075101193e-29
    1.2263702448088849e-28
    6.7518250254684774e-29
    3.7863644083258050e-28
    3.8567728839371605e-27
    1.8941972449337063e-26
    9.1332360071891828e-27
    3.9284906250663957e-26
    3.5045098291543538e-25
    1.3201650427265003e-24
    5.5747784640991153e-25
    1.8391979122539082e-24
    1.4369112069163046e-23
    4.1517451690173718e-23
    1.5354298497978294e-23
    3.8853544257970913e-23
    2.6584715302743970e-22
    5.8915908842959127e-22
    1.9082346486117982e-22
    3.7036697154465685e-22
    2.2193895040069311e-21
    3.7725404609108734e-21
    1.0701212973904613e-21
    1.5930642483988983e-21
    8.3605427924312934e-21
    1.0900204938923276e-20
    2.7079065316332385e-21
    3.0919592703809448e-21
    1.4211334199570215e-20
    1.4211334199607882e-20
    3.0919592703973340e-21
    2.7079065316619649e-21
    1.0900204939212479e-20
    8.3605427925865188e-21
    1.5930642484665092e-21
    1.0701212974188458e-21
    3.7725404611310267e-21
    2.2193895040834616e-21
    3.7036697157216515e-22
    1.9082346486927714e-22
    5.8915908848272700e-22
    2.6584715304083620e-22
    3.8853544262093207e-23
    1.5354298498874432e-23
    4.1517451695239441e-23
    1.4369112070115934e-23
    1.8391979121758381e-24
    5.5747784635076406e-25
    1.3201650429296125e-24
    3.5045098297306886e-25
    3.9284906250247202e-26
    9.1332360071891828e-27
    1.8941972452854191e-26
    3.8567728846942236e-27
    3.7863644084061934e-28
    6.7518250256835005e-29
    1.2263702450756520e-28
    1.9152271079470341e-29
    1.6467153333168610e-30
    2.2522526677909615e-31
    3.5827577265986765e-31
    4.2915672974749314e-32
    3.2315738259071801e-33
    3.3900997207748183e-34
    4.7229430614645999e-34
    4.3392133754495643e-35
    2.8616009194051405e-36
    2.3025404520085878e-37
    2.8093601040428416e-37
    5.1378077042449196e-177
    1.2623557798366064e-174
    3.1592744534766380e-171
    3.2180220217718340e-170
    7.0533348170252031e-167
    1.5177433286584060e-164
    2.9134242192515562e-161
    2.5989940641245074e-160
    4.3692871406510195e-157
    8.2340656321624304e-155
    1.2123263059451776e-151
    9.4715486756593353e-151
    1.2213105409078469e-147
    2.0157178819493414e-145
    2.2763275984597341e-142
    1.5575289791989035e-141
    1.5404267671199500e-138
    2.2266123061154994e-136
    1.9286322785316625e-133
    1.1557148892777936e-132
    8.7670894936494718e-130
    1.1098362189650027e-127
    7.3733276031318543e-125
    3.8695878718790363e-124
    2.2514860235883087e-121
    2.4961611209809470e-119
    1.2719705672256414e-116
    5.8462603295005509e-116
    2.6090506075060213e-113
    2.5332950102286384e-111
    9.9012499925937963e-109
    3.9855753074095894e-108
    1.3642538346546198e-105
    1.1601078168718673e-103
    3.4777825345347445e-101
    1.2260362781483073e-100
    3.2188985958905503e-98
    2.3972336802277864e-96
    5.5120639875693136e-94
    1.7018256097591082e-93
    3.4270373668159864e-91
    2.2352279564636698e-89
    3.9420807029258116e-87
    1.0659239510343840e-86
    1.6463789948146073e-84
    9.4044348618266259e-83
    1.2721437946721342e-80
    3.0125677253126024e-80
    3.5689480431285584e-78
    1.7854307781163226e-76
    1.8524492932316934e-74
    3.8419070150422492e-74
    3.4910017518204300e-72
    1.5295115598296790e-70
    1.2171830230058863e-68
    2.2108349026615584e-68
    1.5408463722549577e-66
    5.9123745990470650e-65
    3.6088171324974676e-63
    5.7407046944339462e-63
    3.0687961871748455e-61
    1.0312656528553419e-59
    4.8280671047787774e-58
    6.7262581959512533e-58
    2.7578851974869557e-56
    8.1166832242268809e-55
    2.9146147052022275e-53
    3.5561600082161941e-53
    1.1183654811760541e-51
    2.8826112174005787e-50
    7.9394138033356080e-49
    8.4837621711225163e-49
    2.0464010799174853e-47
    4.6194788186835923e-46
    9.7587716650873635e-45
    9.1326141485826816e-45
    1.6896517052835572e-43
    3.3404065002648782e-42
    5.4125423477385144e-41
    4.4360983422857541e-41
    6.2951061519798699e-40
    1.0899462772892659e-38
    1.3545869592988504e-37
    9.7231425665714707e-38
    1.0582989298719297e-36
    1.6047607620692455e-35
    1.5297198617189077e-34
    9.6163790648922886e-35
    8.0281058196118386e-34
    1.0661417082816836e-32
    7.7950041913222078e-32
    4.2915672967123530e-32
    2.7480033128421298e-31
    3.1960900163364284e-30
    1.7923393212965924e-29
    8.6421084552574482e-30
    4.2444443888683881e-29
    4.3233709862609946e-28
    1.8596171581289747e-27
    7.8527709402348985e-28
    2.9581750913046211e-27
    2.6389152153472206e-26
    8.7061528745904834e-26
    3.2197754092454413e-26
    9.3030710153228819e-26
    7.2682156234983511e-25
    1.8391979121758774e-24
    5.9570008349549430e-25
    1.3201650428560989e-24
    9.0329498857713729e-24
    1.7531943965809241e-23
    4.9731227052467281e-24
    8.4533636789513102e-24
    5.0655992742070190e-23
    7.5410377497702737e-23
    1.8733982977824068e-23
    2.4424760311668386e-23
    1.2818331337495769e-22
    1.4636309616517549e-22
    3.1844211505972439e-23
    3.1844211506056834e-23
    1.4636309616672818e-22
    1.2818331337631750e-22
    2.4424760312316415e-23
    1.8733982978171891e-23
    7.5410377500903208e-23
    5.0655992743413815e-23
    8.4533636794445623e-24
    4.9731227054182151e-24
    1.7531943967111518e-23
    9.0329498861546737e-24
    1.3201650429751539e-24
    5.9570008352551688e-25
    1.8391979123710132e-24
    7.2682156239225539e-25
    9.3030710164580559e-26
    3.2197754094589835e-26
    8.7061528757913278e-26
    2.6389152157392210e-26
    2.9581750912025527e-27
    7.8527709400471963e-28
    1.8596171584446689e-27
    4.3233709870408376e-28
    4.2444443888570482e-29
    8.6421084553260992e-30
    1.7923393216579197e-29
    3.1960900170146729e-30
    2.7480033129222634e-31
    4.2915672968829940e-32
    7.7950041916944080e-32
    1.0661417083439078e-32
    8.0281058201013831e-34
    9.6163790653308208e-35
    1.5297198616580392e-34
    1.6047607621697244e-35
    1.0582989298511152e-36
    9.7231425674351976e-38
    1.3545869592888211e-37
    1.0899462774054958e-38
    6.2951061520552836e-40
    2.1299802408624794e-178
    2.1695878031397595e-177
    5.4297872521494192e-174
    1.3340949516991105e-171
    2.9241000553675123e-168
    2.6085177148556486e-167
    5.0072489486904446e-164
    1.0774646155266421e-161
    1.8113747753834759e-158
    1.4151738084571689e-157
    2.0836030608934870e-154
    3.9266186457024049e-152
    5.0631854476401502e-149
    3.4643774767001953e-148
    3.9122826325617184e-145
    6.4570457697807945e-143
    6.3861451524351935e-140
    3.8268378683978539e-139
    3.3147050420175651e-136
    4.7912456430038954e-134
    3.6345710977661604e-131
    1.9074552219035723e-130
    1.2672403370586118e-127
    1.6042145172108049e-125
    9.3339825426517699e-123
    4.2901064899936058e-122
    2.1861125628744677e-119
    2.4236833488482639e-117
    1.0816337551384770e-114
    4.3539278266535584e-114
    1.7017097372137148e-111
    1.6522994125672787e-109
    5.6557852649323811e-107
    1.9938560986393560e-106
    5.9772012698966349e-104
    5.0827769291035402e-102
    1.3344583526538332e-99
    4.1200817059176460e-99
    9.4734836175311326e-97
    7.0552561133878728e-95
    1.4207464145788895e-92
    3.8416454298716152e-92
    6.7751820447607985e-90
    4.4189994725759120e-88
    6.8253911573015525e-86
    1.6163230288431564e-85
    2.1864102857202397e-83
    1.2489197917297345e-81
    1.4795783043369476e-79
    3.0685872415243167e-79
    3.1837707383865690e-77
    1.5927388681606080e-75
    1.4472641209615597e-73
    2.6287435591363264e-73
    2.0919502121143114e-71
    9.1654552436123532e-70
    6.3878847076358826e-68
    1.0161490145456934e-67
    6.2024080381649517e-66
    2.3799231635898201e-64
    1.2722304175086084e-62
    1.7724174265174926e-62
    8.2979106782160253e-61
    2.7885039445332850e-59
    1.1433360908434398e-57
    1.3949995088375056e-57
    5.0092950160624438e-56
    1.4742767704444281e-54
    4.6364062535598115e-53
    4.9542912056136936e-53
    1.3645325372411504e-51
    3.5171121289029289e-50
    8.4837621724908914e-49
    7.9394138020929436e-49
    1.6772222471492569e-47
    3.7861066049097738e-46
    7.0047867753764403e-45
    5.7410955897408837e-45
    9.3024375925359626e-44
    1.8390726861298414e-42
    2.6097613008353555e-41
    1.8732707426817209e-41
    2.3281038452509201e-40
    4.0309218908025002e-39
    4.3873884334885712e-38
    2.7580729869265521e-38
    2.6291015632348596e-37
    3.9866609603867559e-36
    3.3282107372578798e-35
    1.8323582651013812e-35
    1.3397131212031720e-34
    1.7791544702475561e-33
    1.1392393592655394e-32
    5.4930614880158584e-33
    3.0804608283706237e-32
    3.5827577256768778e-31
    1.7596187324139868e-30
    7.4304986848454200e-31
    3.1960900167263978e-30
    3.2555221795419291e-29
    1.2263702448479406e-28
    4.5354553424558596e-29
    1.4963105801071883e-28
    1.3348218529513909e-27
    3.8567728842134476e-27
    1.2491749331725085e-27
    3.1609958319612497e-27
    2.4695930251042702e-26
    5.4730064207697248e-26
    1.5524765850488689e-26
    3.0131831618130980e-26
    2.0617068028257034e-25
    3.5045098294611597e-25
    8.7061528757451173e-26
    1.2960643733814201e-25
    7.7665447724931712e-25
    1.0125769556988239e-24
    2.2030631756528282e-25
    2.5155157792872938e-25
    1.3201650428455836e-24
    1.3201650428490825e-24
    2.5155157793139794e-25
    2.2030631756762150e-25
    1.0125769557256893e-24
    7.7665447726373143e-25
    1.2960643734364259e-25
    8.7061528759759826e-26
    3.5045098296656713e-25
    2.0617068028967963e-25
    3.0131831620368960e-26
    1.5524765851147460e-26
    5.4730064212633314e-26
    2.4695930252287527e-26
    3.1609958322966258e-27
    1.2491749333183221e-27
    3.8567728846840292e-27
    1.3348218531284284e-27
    1.4963105803135751e-28
    4.5354553431295838e-29
    1.2263702450366136e-28
    3.2555221800772935e-29
    3.1960900172689750e-30
    7.4304986861857217e-31
    1.7596187327407111e-30
    3.5827577263801536e-31
    3.0804608283869959e-32
    5.4930614881032870e-33
    1.1392393595133369e-32
    1.7791544703089187e-33
    1.3397131212529195e-34
    1.8323582651888998e-35
    3.3282107374433301e-35
    3.9866609605993783e-36
    2.6291015631371959e-37
    2.7580729871080625e-38
    4.3873884334409370e-38
    4.0309218911393802e-39
    2.3281038452435420e-40
    1.8732707428904274e-41
    2.6097613008732583e-41
    2.8078302155441574e-181
    7.8772542843977971e-179
    1.9714258548774538e-175
    1.7586605001879632e-174
    3.8546726073903244e-171
    9.4709037889768023e-169
    1.8180123052424610e-165
    1.4203595158377357e-164
    2.3878309894258832e-161
    5.1381575475784854e-159
    7.5650642553650204e-156
    5.1762350968372809e-155
    6.6745056193717838e-152
    1.2578325837569200e-149
    1.4204562303637164e-146
    8.5119513635491373e-146
    8.4184871652131461e-143
    1.3894332805904386e-140
    1.2034901030830185e-137
    6.3160230461474034e-137
    4.7912456439949794e-134
    6.9255135903063801e-132
    4.6010465020119468e-129
    2.1147435586949384e-128
    1.2304451335700008e-125
    1.5576350343187408e-123
    7.9372517321892184e-121
    3.1950020993479887e-120
    1.4258554526255636e-117
    1.5808070348625141e-115
    6.1785009558803987e-113
    2.1781311054567164e-112
    7.4556958125356501e-110
    7.2392145040564264e-108
    2.1701787885408888e-105
    6.7003319417614307e-105
    1.7591395510669826e-102
    1.4959031027228913e-100
    3.4395952663074125e-98
    9.3005375906154385e-98
    1.8728881309424162e-95
    1.3948095519203756e-93
    2.4599065178036478e-91
    5.8253123695415581e-91
    8.9975198644709219e-89
    5.8684822448454062e-87
    7.9383326926177672e-85
    1.6463789951727133e-84
    1.9504428211518147e-82
    1.1141306175989673e-80
    1.1559509897753838e-78
    2.0996158718111777e-78
    1.9078448952420041e-76
    9.5443389864916688e-75
    7.5953707630337207e-73
    1.2082291508392430e-72
    8.4207803222262905e-71
    3.6893939785332453e-69
    2.2519459784786301e-67
    3.1373155687064184e-67
    1.6771080499133038e-65
    6.4352236603453217e-64
    3.0127728563811230e-62
    3.6759240686525479e-62
    1.5071940863235701e-60
    5.0649094909204333e-59
    1.8187551829905160e-57
    1.9434541141136165e-57
    6.1119072000751151e-56
    1.7987846156256491e-54
    4.9542912066387865e-53
    4.6364062527110506e-53
    1.1183654811306479e-51
    2.8826112175458385e-50
    6.0895927387930084e-49
    4.9910061700528452e-49
    9.2340067684545326e-48
    2.0844544648406368e-46
    3.3774925482853285e-45
    2.4243435490633904e-45
    3.4402979403674047e-44
    6.8013979254338316e-43
    8.4527881114635051e-42
    5.3137320544466533e-42
    5.7836413570482887e-41
    1.0013903203683722e-39
    9.5456388180062486e-39
    5.2553854204080368e-39
    4.3873884331848715e-38
    6.6528545069053672e-37
    4.8641778445348903e-36
    2.3453568177730644e-36
    1.5017936011336775e-35
    1.9943992158031902e-34
    1.1184416329251694e-33
    4.7229430611514990e-34
    2.3196039807454826e-33
    2.6978363126670970e-32
    1.1604238250203855e-31
    4.2915672969172075e-32
    1.6166532268695253e-31
    1.6467153331596279e-30
    5.4327457540289184e-30
    1.7596187325446663e-30
    5.0841614551237340e-30
    4.5354553422634042e-29
    1.1476819660902490e-28
    3.2555221799132418e-29
    7.2147489944295566e-29
    5.6366710813803323e-28
    1.0940147216815777e-27
    2.7178292768023714e-28
    4.6197933684348287e-28
    3.1609958319109838e-27
    4.7056996823023969e-27
    1.0238188443355898e-27
    1.3348218531567302e-27
    7.9987953520505586e-27
    9.1332360078191886e-27
    1.7402975043489180e-27
    1.7402975043581672e-27
    9.1332360079160780e-27
    7.9987953521354691e-27
    1.3348218531921450e-27
    1.0238188443545913e-27
    4.7056996825020767e-27
    3.1609958319948055e-27
    4.6197933687044582e-28
    2.7178292768960701e-28
    1.0940147217628258e-27
    5.6366710816195171e-28
    7.2147489950801963e-29
    3.2555221802413906e-29
    1.1476819662120160e-28
    4.5354553427927537e-29
    5.0841614557440756e-30
    1.7596187327780445e-30
    5.4327457547782599e-30
    1.6467153334042407e-30
    1.6166532271182424e-31
    4.2915672976229469e-32
    1.1604238252173824e-31
    2.6978363131536902e-32
    2.3196039811761845e-33
    4.7229430620785874e-34
    1.1184416331506577e-33
    1.9943992162264227e-34
    1.5017936011536110e-35
    2.3453568178290248e-36
    4.8641778446897964e-36
    6.6528545071877665e-37
    4.3873884333827036e-38
    5.2553854206324609e-39
    9.5456388177278922e-39
    1.0013903204427556e-39
    5.7836413569240163e-41
    5.3137320549118107e-42
    8.4527881115175594e-42
    6.8013979262601246e-43
    3.4402979404293481e-44
    8.9282919499597613e-183
    7.9647095769251957e-182
    1.9933131291242525e-178
    5.5921594901340512e-176
    1.2257024025088243e-172
    9.5760521860527180e-172
    1.8381963430090599e-168
    4.5164356289828220e-166
    7.5927853766707608e-163
    5.1952026873126902e-162
    7.6490535343132074e-159
    1.6459306506732361e-156
    2.1223482263639425e-153
    1.2717973629288755e-152
    1.4362264991584288e-149
    2.7066161764689619e-147
    2.6768965857040393e-144
    1.4048591246529618e-143
    1.2168515583758269e-140
    2.0083585323172461e-138
    1.5235123430106283e-135
    7.0024024155485352e-135
    4.6521284984318545e-132
    6.7244264923294177e-130
    3.9125490272882267e-127
    1.5749282973212747e-126
    8.0253731333504990e-124
    1.0159414682488683e-121
    4.5339115187019311e-119
    1.5983575593485597e-118
    6.2470962555737778e-116
    6.9259851621629122e-114
    2.3707497882865074e-111
    7.3195861171697863e-111
    2.1942726691521274e-108
    2.1305604375212884e-106
    5.5936827651468132e-104
    1.5125110020136740e-103
    3.4777825337044505e-101
    2.9573695169847982e-99
    5.9553786146302324e-97
    1.4102950847238640e-96
    2.4872170298534953e-94
    1.8523231652737403e-92
    2.8610164430171614e-90
    5.9336356374244326e-90
    8.0264660948785176e-88
    5.2351286216408020e-86
    6.2019857322188571e-84
    1.1264999810023407e-83
    1.1687846536592784e-81
    6.6763237226633472e-80
    6.0665335539491970e-78
    9.6503026818645896e-78
    7.6796965141326281e-76
    3.8419070138803202e-74
    2.6776257599674455e-72
    3.7303545751974351e-72
    2.2769476593700478e-70
    9.9759840091565755e-69
    5.3328403602261237e-67
    6.5066691612403078e-67
    3.0462214320900545e-65
    1.1688642383804843e-63
    4.7925507570343885e-62
    5.1211414130207376e-62
    1.8389474683564502e-60
    6.1797631587571933e-59
    1.9434541145311478e-57
    1.8187551826431965e-57
    5.0092950151588038e-56
    1.4742767704913368e-54
    3.5561600081661129e-53
    2.9146147047382498e-53
    6.1572009552763171e-52
    1.5870318640551407e-50
    2.9362141571032251e-49
    2.1075966115763162e-49
    3.4149903346238776e-48
    7.7088874081332949e-47
    1.0939402331379856e-45
    6.8769087853239793e-46
    8.5466331275762858e-45
    1.6896517055188210e-43
    1.8390726861873903e-42
    1.0125080118945357e-42
    9.6516169422654727e-42
    1.6710987396014158e-40
    1.3950944972487399e-39
    6.7267161997584257e-40
    4.9181811914535358e-39
    7.4577267100664136e-38
    4.7753783847765354e-37
    2.0165415465659469e-37
    1.1308588583125780e-36
    1.5017936009982429e-35
    7.3758382644662652e-35
    2.7277883821953997e-35
    1.1733071474540389e-34
    1.3646254509771986e-33
    5.1406071166013022e-33
    1.6649975884323200e-33
    5.4930614884529226e-33
    5.5952064602869266e-32
    1.6166532267880365e-31
    4.5858091287834182e-32
    1.1604238251434878e-31
    1.0351855430815931e-30
    2.2941339186928753e-30
    5.6992508467620595e-31
    1.1061607532458123e-30
    8.6421084558075209e-30
    1.4689942327947518e-29
    3.1960900170145825e-30
    4.7579435650768456e-30
    3.2555221799132418e-29
    4.2444443889922186e-29
    8.0876000261526833e-30
    9.2346355325569038e-30
    5.5337691393366147e-29
    5.5337691393660252e-29
    9.2346355326549344e-30
    8.0876000263242765e-30
    4.2444443891047709e-29
    3.2555221799736624e-29
    4.7579435652787426e-30
    3.1960900170993800e-30
    1.4689942328804883e-29
    8.6421084561054635e-30
    1.1061607533279622e-30
    5.6992508472458201e-31
    2.2941339188997652e-30
    1.0351855431859374e-30
    1.1604238252666068e-31
    4.5858091293186464e-32
    1.6166532269852916e-31
    5.5952064610290181e-32
    5.4930614892105830e-33
    1.6649975886796492e-33
    5.1406071173921683e-33
    1.3646254512016475e-33
    1.1733071476532063e-34
    2.7277883826873947e-35
    7.3758382658356979e-35
    1.5017936012930365e-35
    1.1308588585405536e-36
    2.0165415469939071e-37
    4.7753783848145380e-37
    7.4577267102049317e-38
    4.9181811926016435e-39
    6.7267162014000340e-40
    1.3950944973042117e-39
    1.6710987396856491e-40
    9.6516169420095367e-42
    1.0125080119729681e-42
    1.8390726861639470e-42
    1.6896517056824345e-43
    8.5466331276672551e-45
    6.8769087860864434e-46
    1.0939402331604338e-45
    6.9240990692515188e-186
    2.2180298654306005e-183
    5.5510223051461157e-180
    4.3368503782988349e-179
    9.5056085889187725e-176
    2.6667601036577833e-173
    5.1190496615775367e-170
    3.5026013833605742e-169
    5.8883825096990157e-166
    1.4467714865965032e-163
    2.1301252749812333e-160
    1.2764576867157248e-159
    1.6459306510401798e-156
    3.5417293071310261e-154
    3.9996351871916578e-151
    2.0990441012989107e-150
    2.0759958640827160e-147
    3.9122826318147186e-145
    3.3887150204519147e-142
    1.5575289792486606e-141
    1.1815194280795112e-138
    1.9500444472035845e-136
    1.2955349903770741e-133
    5.2149499016725672e-133
    3.0342732110196274e-130
    4.3858950095692139e-128
    2.2349235857505551e-125
    7.8788635224030872e-125
    3.5161543450014218e-122
    4.4511413344832663e-120
    1.7397051242409878e-117
    5.3712633607647888e-117
    1.8385718677150976e-114
    2.0383744630159575e-112
    6.1106588570651022e-110
    1.6522994127205602e-109
    4.3380317145803154e-107
    4.2120739508797276e-105
    9.6850053966807447e-103
    2.2935091772363032e-102
    4.6185352990643777e-100
    3.9274208131448706e-98
    6.9264567647329673e-96
    1.4365199053969962e-95
    2.2187851165025473e-93
    1.6524119209138242e-91
    2.2352279560841476e-89
    4.0599645965066655e-89
    4.8097848822204133e-87
    3.1371019569413704e-85
    3.2548572455421146e-83
    5.1776450795845573e-83
    4.7047385523135363e-81
    2.6874375452654812e-79
    2.1386587994913275e-77
    2.9794886786440700e-77
    2.0765613557656697e-75
    1.0388373580632028e-73
    6.3408939907085979e-72
    7.7366087482673795e-72
    4.1357423334048606e-70
    1.8119915587103262e-68
    8.4831845359379570e-67
    9.0648153444222410e-67
    3.7167351181789358e-65
    1.4261467398146596e-63
    5.1211414130751739e-62
    4.7925507560809011e-62
    1.5071940860397317e-60
    5.0649094910818048e-59
    1.3949995088967402e-57
    1.1433360906523334e-57
    2.7578851968476573e-56
    8.1166832245929854e-55
    1.7146708833870626e-53
    1.2307803008961390e-53
    2.2771027006847193e-52
    5.8692814640671400e-51
    9.5101402997253203e-50
    5.9784223483547925e-50
    8.4837621712565815e-49
    1.9150967050405840e-47
    2.3800852175027527e-46
    1.3103643862474610e-46
    1.4262438488538543e-45
    2.8196546122211059e-44
    2.6878035439669460e-43
    1.2959761275817614e-43
    1.0819283871937715e-42
    1.8732707430395303e-41
    1.3696259305912451e-40
    5.7836413572461217e-41
    3.7034175421596265e-40
    5.6157093136193113e-39
    3.1492406560278034e-38
    1.1646760360468895e-38
    5.7201349550772699e-38
    7.5964051651855821e-37
    3.2674515858505347e-36
    1.0582989299437574e-36
    3.9866609602397391e-36
    4.6367219551721085e-35
    1.5297198615524983e-34
    4.3392133757257576e-35
    1.2537523602353575e-34
    1.2770662262447157e-33
    3.2315738261300468e-33
    8.0281058201866053e-34
    1.7791544702333724e-33
    1.5871399281782606e-32
    3.0804608283869521e-32
    6.7021570822779384e-33
    1.1392393594498575e-32
    8.9005418719862012e-32
    1.3250026031829362e-31
    2.5247335354497002e-32
    3.2916658207272742e-32
    2.2522526678984708e-31
    2.5716816420217280e-31
    4.2915672974749314e-32
    4.2915672974977409e-32
    2.5716816420490280e-31
    2.2522526679462564e-31
    3.2916658208146079e-32
    2.5247335355434503e-32
    1.3250026032391607e-31
    8.9005418722222204e-32
    1.1392393595163320e-32
    6.7021570827401548e-33
    3.0804608286157255e-32
    1.5871399283129793e-32
    1.7791544703938454e-33
    8.0281058209957047e-34
    3.2315738264729106e-33
    1.2770662263937851e-33
    1.2537523603883333e-34
    4.3392133763012670e-35
    1.5297198617635368e-34
    4.6367219558608094e-35
    3.9866609608531306e-36
    1.0582989301178077e-36
    3.2674515864051808e-36
    7.5964051665557014e-37
    5.7201349561393796e-38
    1.1646760362755089e-38
    3.1492406559776348e-38
    5.6157093135893850e-39
    3.7034175429651622e-40
    5.7836413585654434e-41
    1.3696259306129860e-40
    1.8732707430891520e-41
    1.0819283874635437e-42
    1.2959761279354955e-43
    2.6878035438813105e-43
    2.8196546124245403e-44
    1.4262438491546331e-45
    1.3103643866680626e-46
    2.3800852175153010e-46
    1.9150967052722124e-47
    8.4837621714600890e-49
    1.6887315743622606e-187
    1.3193562854141770e-186
    3.3019285641345540e-183
    1.0577226139992019e-180
    2.3183407974216852e-177
    1.5862756223687728e-176
    3.0449771903804815e-173
    8.5425605401180254e-171
    1.4361287102621038e-167
    8.6058672363457931e-167
    1.2670677769849886e-163
    3.1131767141613499e-161
    4.0142912916505189e-158
    2.1067357552052351e-157
    2.3791130619913987e-154
    5.1193982269599478e-152
    5.0631854467398834e-149
    2.3271529216863217e-148
    2.0157178820562447e-145
    3.7986867878910344e-143
    2.8816300055279181e-140
    1.1599498450915922e-139
    7.7062633805789194e-137
    1.2718839620276854e-134
    7.4003461323153900e-132
    2.6088729640155532e-131
    1.3294052198658708e-128
    1.9215908766324780e-126
    8.5756151137462320e-124
    2.6476835996321365e-123
    1.0348331763730854e-120
    1.3100075462263952e-118
    4.4841275864071477e-116
    1.2124914106468942e-115
    3.6348185819138198e-113
    4.0298241845679643e-111
    1.0580107323317855e-108
    2.5054785463191005e-108
    5.7609561288211099e-106
    5.5936827664530105e-104
    1.1264232803185135e-101
    2.3361576041766708e-101
    4.1200817052180918e-99
    3.5035554765770122e-97
    5.4114368461338825e-95
    9.8290834059714145e-95
    1.3295862692372740e-92
    9.9019241873075742e-91
    1.1730675016719391e-88
    1.8660502503975873e-88
    1.9360949250033496e-86
    1.2627856186467034e-84
    1.1474475542520081e-82
    1.5985752369872351e-82
    1.2721437948408043e-80
    7.2667311035817291e-79
    5.0645646350653143e-77
    6.1793423954456036e-77
    3.7717699269944840e-75
    1.8868960916093186e-73
    1.0086739938286605e-71
    1.0778314980704363e-71
    5.0460740022903286e-70
    2.2108349020985511e-68
    9.0648153445183397e-67
    8.4831845341824597e-67
    3.0462214314921411e-65
    1.1688642384176919e-63
    3.6759240688087395e-62
    3.0127728558536539e-62
    8.2979106768514513e-61
    2.7885039447108144e-59
    6.7262581959441799e-58
    4.8280671039078298e-58
    1.0199419956455932e-56
    3.0017732774464632e-55
    5.5536687027417682e-54
    3.4912394602790522e-54
    5.6569406818327948e-53
    1.4580886965519009e-51
    2.0691207488160259e-50
    1.1391617914104240e-50
    1.4157520781823253e-49
    3.1958724035159566e-48
    3.4784930093297144e-47
    1.6772222471937804e-47
    1.5987929445298017e-46
    3.1607806082206798e-45
    2.6387355391388575e-44
    1.1142823492170533e-44
    8.1469803826193554e-44
    1.4105831934572698e-42
    9.0323348573132638e-42
    3.3404065001017711e-42
    1.8732707428904274e-41
    2.8405503398163770e-40
    1.3950944970007826e-39
    4.5185887978874921e-40
    1.9435864481174305e-39
    2.5811052098270460e-38
    9.7231425669455074e-38
    2.7580729871519209e-38
    9.0992711420869232e-38
    1.0582989298904431e-36
    3.0578002653828337e-36
    7.5964051661124534e-37
    1.9222451900301087e-36
    1.9579898619596733e-35
    4.3392133756107539e-35
    9.4408243691555976e-36
    1.8323582653638582e-35
    1.6346017247760198e-34
    2.7785123491264654e-34
    5.2943317165604194e-35
    7.8815463231915627e-35
    6.1576202123916954e-34
    8.0281058201016106e-34
    1.3397131213879593e-34
    1.5297198617878840e-34
    1.0466784380500698e-33
    1.0466784380556178e-33
    1.5297198618041231e-34
    1.3397131214163838e-34
    8.0281058203146107e-34
    6.1576202126204344e-34
    7.8815463235261158e-35
    5.2943317167008860e-35
    2.7785123492885910e-34
    1.6346017248887506e-34
    1.8323582654999398e-35
    9.4408243699569486e-36
    4.3392133760020734e-35
    1.9579898621570337e-35
    1.9222451902340828e-36
    7.5964051669990579e-37
    3.0578002657559723e-36
    1.0582989300308052e-36
    9.0992711433419898e-38
    2.7580729875616218e-38
    9.7231425684412430e-38
    2.5811052102515040e-38
    1.9435864484473519e-39
    4.5185887987024839e-40
    1.3950944972598225e-39
    2.8405503397335848e-40
    1.8732707432680699e-41
    3.3404065008106416e-42
    9.0323348572413835e-42
    1.4105831934609982e-42
    8.1469803845211994e-44
    1.1142823494889702e-44
    2.6387355392018932e-44
    3.1607806083707485e-45
    1.5987929448478394e-46
    1.6772222477027477e-47
    3.4784930092789478e-47
    3.1958724038211530e-48
    1.4157520785188163e-49
    1.1391617918135170e-50
    2.0691207488676006e-50
    7.7046893914866262e-191
    2.8181191178852377e-188
    7.0528545741212032e-185
    4.8257664669367427e-184
    1.0577226137606277e-180
    3.3882535802138523e-178
    6.5040114854509535e-175
    3.8974681689382936e-174
    6.5522110243867694e-171
    1.8381963426287186e-168
    2.7064318906524962e-165
    1.4203595152463290e-164
    1.8314851216538209e-161
    4.4999462038505814e-159
    5.0817387825637323e-156
    2.3356804485016689e-155
    2.3100338615601624e-152
    4.9707529431957538e-150
    4.3055338140919748e-147
    1.7331174616840589e-146
    1.3147183644129454e-143
    2.4776300915671713e-141
    1.6460427255591242e-138
    5.8028587954464229e-138
    3.3763428838897465e-135
    5.5725014215684250e-133
    2.8395834445464810e-130
    8.7670894929283583e-130
    3.9125490276514102e-127
    5.6554001771339330e-125
    2.2103833440587599e-122
    5.9767942978087383e-122
    2.0458438012034987e-119
    2.5898578438520869e-117
    7.7639011152465545e-115
    1.8385718675345034e-114
    4.8270809815077464e-112
    5.3516529756906710e-110
    1.2305289165186649e-107
    2.5520686013292323e-107
    5.1392072191645323e-105
    4.9899867681731907e-103
    8.8004136176749681e-101
    1.5984663946998380e-100
    2.4689205018774430e-98
    2.0994729144720958e-96
    2.8399701624484306e-94
    4.5176658847043842e-94
    5.3520173796966183e-92
    3.9858466918425912e-90
    4.1354607413564581e-88
    5.7613484033916812e-88
    5.2351286212383211e-86
    3.4145253155156482e-84
    2.7172741651163708e-82
    3.3153822013244201e-82
    2.3106631041123183e-80
    1.3198954014984533e-78
    8.0564264990711527e-77
    8.6087975854600003e-77
    4.6019864481157792e-75
    2.3022269148606562e-73
    1.0778314980819240e-71
    1.0086739936119286e-71
    4.1357423325599476e-70
    1.8119915587680063e-68
    6.5066691615165937e-67
    5.3328403592500216e-67
    1.6771080496241602e-65
    6.4352236607551997e-64
    1.7724174266491732e-62
    1.2722304173162067e-62
    3.0687961864544045e-61
    1.0312656529155159e-59
    2.1785760748956314e-58
    1.3695326759821251e-58
    2.5338125357883126e-57
    7.4572189325515717e-56
    1.2083114215493739e-54
    6.6524015301818022e-55
    9.4401815665343153e-54
    2.4332272176673275e-52
    3.0240186390355648e-51
    1.4580886963661192e-51
    1.5870318638863757e-50
    3.5825137857689711e-49
    3.4149903353305216e-48
    1.4420783731781389e-48
    1.2038998985507909e-47
    2.3800852176795120e-46
    1.7401790121706811e-45
    6.4356618475485254e-46
    4.1209233957355035e-45
    7.1350426913960721e-44
    4.0012695229335201e-43
    1.2959761276604938e-43
    6.3649960326633934e-43
    9.6516169444672659e-42
    4.1514624875975870e-41
    1.1776065675661907e-41
    4.4360983429205123e-41
    5.8911897411653573e-40
    1.9435864480040227e-39
    4.8283958574891510e-40
    1.3950944971599217e-39
    1.6225772266654234e-38
    4.1058779793945394e-38
    8.9331566644130169e-39
    1.9797279668164654e-38
    2.0165415466088176e-37
    3.9138812733880216e-37
    7.4577267099478211e-38
    1.2676718399302829e-37
    1.1308588583186042e-36
    1.6834828178950134e-36
    2.8093601047656545e-37
    3.6627527242493306e-37
    2.8616009197695058e-36
    3.2674515861625666e-36
    4.7753783847512227e-37
    4.7753783847765354e-37
    3.2674515861972985e-36
    2.8616009198302604e-36
    3.6627527243464568e-37
    2.8093601048699746e-37
    1.6834828179664497e-36
    1.1308588584085829e-36
    1.2676718400042692e-37
    7.4577267104621456e-38
    3.9138812736786897e-37
    2.0165415467800132e-37
    1.9797279669950016e-38
    8.9331566653133302e-39
    4.1058779798301656e-38
    1.6225772268548008e-38
    1.3950944973301434e-39
    4.8283958581295412e-40
    1.9435864482721027e-39
    5.8911897420404699e-40
    4.4360983436030545e-41
    1.1776065677598627e-41
    4.1514624883024101e-41
    9.6516169439553940e-42
    6.3649960338451490e-43
    1.2959761279149052e-43
    4.0012695228062639e-43
    7.1350426912447911e-44
    4.1209233966318510e-45
    6.4356618490166732e-46
    1.7401790121706811e-45
    2.3800852177047774e-46
    1.2038998988509415e-47
    1.4420783735905024e-48
    3.4149903356657185e-48
    3.5825137860198584e-49
    1.5870318642433234e-50
    1.4580886968553759e-51
    3.0240186390484995e-51
    2.4332272179603778e-52
    9.4401815690313065e-54
    1.4412930628687043e-192
    9.8617427295284005e-192
    2.4680801062431648e-188
    9.0274161337459202e-186
    1.9786498691785445e-182
    1.1856874643236836e-181
    2.2760176307787701e-178
    7.2908764379906975e-176
    1.2257024022714480e-172
    6.4325951668675039e-172
    9.4709037851582266e-169
    2.6570238098971643e-166
    3.4261041120019944e-163
    1.5747138393637661e-162
    1.7783066788857867e-159
    4.3692871398858063e-157
    4.3213108413397559e-154
    1.7394682285335139e-153
    1.5066810525639861e-150
    3.2420906901478813e-148
    2.4594040875266922e-145
    8.6702334145154296e-145
    5.7601716613942152e-142
    1.0855233354280987e-139
    6.3160230466834264e-137
    1.9500444474000059e-136
    9.9368551213541222e-134
    1.6400330533336855e-131
    7.3190877466373713e-129
    1.9790540870138825e-128
    7.7350285636967328e-126
    1.1180609265240365e-123
    3.8270984442875312e-121
    9.0629638754540776e-121
    2.7169041539138548e-118
    3.4393610742974863e-116
    9.0298751566032463e-114
    1.8727606114669647e-113
    4.3061201774390664e-111
    4.7740779467702097e-109
    9.6137603182443544e-107
    1.7461989246360477e-106
    3.0796219528177033e-104
    2.9902029904742072e-102
    4.6185352988561883e-100
    7.3469079474263793e-100
    9.9382084042708442e-98
    8.4510616445850651e-96
    1.0011857882594703e-93
    1.3948095516909623e-93
    1.4471655807767081e-91
    1.0777581112813852e-89
    9.7931975990540592e-88
    1.1948810109327816e-87
    9.5088453046231330e-86
    6.2019857319717249e-84
    4.3224879464497702e-82
    4.6188497841899177e-82
    2.8192706599576964e-80
    1.6104218624666658e-78
    8.6087975855512634e-77
    8.0564264972761995e-77
    3.7717699261940205e-75
    1.8868960916693827e-73
    7.7366087485958912e-72
    6.3408939894975254e-72
    2.2769476589593033e-70
    9.9759840097916915e-69
    3.1373155689394142e-67
    2.2519459781202705e-67
    6.2024080360262855e-66
    2.3799231638170279e-64
    5.7407046943944616e-63
    3.6088171318368218e-63
    7.6237220156322838e-62
    2.5619435715503602e-60
    4.7399268752820313e-59
    2.6095836086085107e-59
    4.2283721428740437e-58
    1.2444447390246805e-56
    1.7659463627706660e-55
    8.5148497324354697e-56
    1.0582268730402865e-54
    2.7276026544796601e-53
    2.9688127584203851e-52
    1.2536669953697697e-52
    1.1950437399347051e-51
    2.6976526245977699e-50
    2.2520993179560009e-49
    8.3288843031569349e-50
    6.0895927380242009e-49
    1.2038998987136292e-47
    7.7088874093383439e-47
    2.4968410640633385e-47
    1.4002066259943975e-46
    2.4243435497160151e-45
    1.1906806573367654e-44
    3.3774925482387716e-45
    1.4527652413168158e-44
    2.2029131750567351e-43
    8.2984756983014198e-43
    2.0615664266594334e-43
    6.8013979256467603e-43
    9.0323348554923891e-42
    2.6097613007140067e-41
    5.6780563555468073e-42
    1.4368133715220541e-41
    1.6710987394374616e-40
    3.7034175421499429e-40
    7.0566974297288024e-41
    1.3696259305258281e-40
    1.3950944970785186e-39
    2.3713955696836090e-39
    3.9573341855033863e-40
    5.8911897421653790e-40
    5.2553854208276830e-39
    6.8518013176100203e-39
    1.0013903204427414e-39
    1.1434139429763764e-39
    8.9331566644130169e-39
    8.9331566644603685e-39
    1.1434139429885142e-39
    1.0013903204639876e-39
    6.8518013177917122e-39
    5.2553854211204421e-39
    5.8911897424154474e-40
    3.9573341858182575e-40
    2.3713955698220127e-39
    1.3950944971747316e-39
    1.3696259306275448e-40
    7.0566974303277856e-41
    3.7034175424839251e-40
    1.6710987396058805e-40
    1.4368133716745179e-41
    5.6780563562094335e-42
    2.6097613010324727e-41
    9.0323348566903471e-42
    6.8013979265848804e-43
    2.0615664269656706e-43
    8.2984756995782304e-43
    2.2029131748873110e-43
    1.4527652415634207e-44
    3.3774925488479500e-45
    1.1906806572704365e-44
    2.4243435496067676e-45
    1.4002066262766723e-46
    2.4968410645932302e-47
    7.7088874091545189e-47
    1.2038998986977012e-47
    6.0895927401564185e-49
    8.3288843051895409e-50
    2.2520993182546969e-49
    2.6976526247180294e-50
    1.1950437403467709e-51
    1.2536669957675048e-52
    2.9688127583715301e-52
    2.7276026547365333e-53
    1.0582268733075173e-54
    8.5148497355796196e-56
    1.7659463628253242e-55
    3.8685341008359821e-196
    1.6156628352662359e-193
    4.0434894840414426e-190
    2.4230233292264409e-189
    5.3108383643338948e-186
    1.9425280327105492e-183
    3.7288308966419564e-180
    1.9569236022831219e-179
    3.2898732831099154e-176
    1.0538608875186138e-173
    1.5516311550336107e-170
    7.1316427450647434e-170
    9.1959095146921406e-167
    2.5798752778466661e-164
    2.9134242188032526e-161
    1.1727480505144237e-160
    1.1598708673974227e-157
    2.8497946529805586e-155
    2.4684162302658817e-152
    8.7020042737699991e-152
    6.6012172162925217e-149
    1.4204562302129680e-146
    9.4369682248985712e-144
    2.9136225994167311e-143
    1.6952659502243946e-140
    3.1947845600836710e-138
    1.6279686014243210e-135
    4.4019665096362976e-135
    1.9644957201502020e-132
    3.2423114504863872e-130
    1.2672403370114294e-127
    3.0009558309129777e-127
    1.0272207103748021e-124
    1.4847978001989345e-122
    4.4511413335855575e-120
    9.2314921536668791e-120
    2.4236833486231467e-117
    3.0681693918437277e-115
    7.0547757386194274e-113
    1.2813968104702124e-112
    2.5804023197311992e-110
    2.8608216447066505e-108
    5.0453868776553787e-106
    8.0259195937002252e-106
    1.2396480465934891e-103
    1.2036540041991734e-101
    1.6281903116203904e-99
    2.2683256447007281e-99
    2.6872545653171703e-97
    2.2851356162372876e-95
    2.3709112166721643e-93
    2.8927801800738359e-93
    2.6285645746992545e-91
    1.9575899461958117e-89
    1.5578471661985979e-87
    1.6646575158890119e-87
    1.1601868108634444e-85
    7.5671249419725934e-84
    4.6188497842388833e-82
    4.3224879454522074e-82
    2.3106631036036156e-80
    1.3198954015404687e-78
    6.1793423957076395e-77
    5.0645646340575649e-77
    2.0765613553744890e-75
    1.0388373581293401e-73
    3.7303545754744733e-72
    2.6776257595199613e-72
    8.4207803191886765e-71
    3.6893939788854665e-69
    1.0161490144540550e-67
    6.3878847067716826e-68
    1.5408463718597215e-66
    5.9123745979963124e-65
    1.2490048329067392e-63
    6.8764405544002077e-64
    1.2722304172520967e-62
    4.2753166135163832e-61
    6.9274000690856086e-60
    3.3401790602235233e-60
    4.7399268745594102e-59
    1.3949995088115755e-57
    1.7337075984791630e-56
    7.3210814312599072e-57
    7.9685066748537973e-56
    2.0538998311326044e-54
    1.9578565478030321e-53
    7.2406933999451405e-54
    6.0447963236885022e-53
    1.3645325375234667e-51
    9.9766632946875646e-51
    3.2313537967934686e-51
    2.0691207485876454e-50
    4.0906089566495245e-49
    2.2939777176411083e-48
    6.5071122129647557e-49
    3.1958724034819853e-48
    5.5333923603284160e-47
    2.3800852179067349e-46
    5.9127771834118934e-47
    2.2273704807541985e-46
    3.3774925488838039e-45
    1.1142823492406789e-44
    2.4243435494459114e-45
    7.0047867757385812e-45
    9.3024375931923125e-44
    2.3539510502729051e-43
    4.4853490423673513e-44
    9.9402386789906056e-44
    1.1561084170988491e-42
    2.2438769443153054e-42
    3.7445338320281049e-43
    6.3649960331698349e-43
    6.4833548649248374e-42
    9.6516169432894930e-42
    1.4105831934572497e-42
    1.8390726863200763e-42
    1.6405914945253069e-41
    1.8732707429599609e-41
    2.3977234106184870e-42
    2.3977234106311964e-42
    1.8732707429798467e-41
    1.6405914945601150e-41
    1.8390726863688441e-42
    1.4105831935358285e-42
    9.6516169436991840e-42
    6.4833548654406958e-42
    6.3649960335413217e-43
    3.7445338324154963e-43
    2.2438769444819489e-42
    1.1561084171969811e-42
    9.9402386798870364e-44
    4.4853490428194001e-44
    2.3539510505226884e-43
    9.3024375942779031e-44
    7.0047867765933659e-45
    2.4243435497674515e-45
    1.1142823493943725e-44
    3.3774925485433608e-45
    2.2273704810968405e-46
    5.9127771843843212e-47
    2.3800852177172923e-46
    5.5333923599468042e-47
    3.1958724040753468e-48
    6.5071122142421580e-49
    2.2939777175316066e-48
    4.0906089564976873e-49
    2.0691207492627608e-50
    3.2313537975305811e-51
    9.9766632956933292e-51
    1.3645325375162338e-51
    6.0447963259493496e-53
    7.2406934021095678e-54
    1.9578565480159600e-53
    2.0538998313004625e-54
    7.9685066767582556e-56
    7.3210814338234240e-57
    1.7337075985104526e-56
    1.3949995090003012e-57
    4.7399268759169511e-59
    5.5506443498568747e-198
    3.3261718140064018e-197
    8.3243486564656270e-194
    3.4765987325887938e-191
    7.6200892099217833e-188
    3.9990905585533671e-187
    7.6765597109021320e-184
    2.8078302150077195e-181
    4.7203710952668165e-178
    2.1695878022536566e-177
    3.1943495269893624e-174
    1.0232613045737238e-171
    1.3194461224599436e-168
    5.3111999889574706e-168
    5.9978785841355000e-165
    1.6826806151164234e-162
    1.6642041943722865e-159
    5.8668841317301053e-159
    5.0817387830755979e-156
    1.2485796840772170e-153
    9.4715486767657371e-151
    2.9242991624459878e-150
    1.9427925823495991e-147
    4.1805196484045306e-145
    2.4323989715083227e-142
    6.5771162916063974e-142
    3.3515057460938051e-139
    6.3160230459628652e-137
    2.8186948299134741e-134
    6.6749600989991948e-134
    2.6088729634898387e-131
    4.3058269858416176e-129
    1.4738752931932869e-126
    3.0567594207900356e-126
    9.1635832184575032e-124
    1.3245515853777539e-121
    3.4775457406387752e-119
    6.3164531169438608e-119
    1.4523696221597745e-116
    1.8385718674225723e-114
    3.7024090218773135e-112
    5.8895854437203481e-112
    1.0386958997202969e-109
    1.1515738024786526e-107
    1.7786699680761562e-105
    2.4779675159907419e-105
    3.3519621817986734e-103
    3.2546356307607811e-101
    3.8557226021046005e-99
    4.7044182189521708e-99
    4.8810048051313132e-97
    4.1506145592552512e-95
    3.7715131169803711e-93
    4.0300985826327197e-93
    3.2071464542528907e-91
    2.3884814232397219e-89
    1.6646575159067066e-87
    1.5578471658267182e-87
    9.5088453024540458e-86
    6.2019857321695010e-84
    3.3153822014652923e-82
    2.7172741645539856e-82
    1.2721437945911075e-80
    7.2667311040445694e-79
    2.9794886788655135e-77
    2.1386587991169570e-77
    7.6796965112401117e-76
    3.8419070142474293e-74
    1.2082291507207358e-72
    7.5953707619457198e-73
    2.0919502114262776e-71
    9.1654552447796443e-70
    2.2108349021062168e-68
    1.2171830227798809e-68
    2.5713314553853547e-67
    9.8664442202487482e-66
    1.8254197571866419e-64
    8.8016121318712892e-65
    1.4261467395808216e-63
    4.7925507568065050e-62
    6.8009348362078630e-61
    2.8718913031873267e-61
    3.5691910591326997e-60
    1.0504423182448647e-58
    1.1433360908604349e-57
    4.2283721431296615e-58
    4.0306474354249396e-57
    1.0389080946804808e-55
    8.6731856806749579e-55
    2.8091688224525436e-55
    2.0538998308100805e-54
    4.6364062540394703e-53
    2.9688127584897447e-52
    8.4213537089564306e-53
    4.7226214882676365e-52
    9.3365250780846932e-51
    4.5854968940013849e-50
    1.1391617915717582e-50
    4.8998913584417076e-50
    8.4837621739583653e-49
    3.1958724040924230e-48
    6.9532579879774295e-49
    2.2939777173490502e-48
    3.4784930098787599e-47
    1.0050597754871459e-46
    1.9150967050994503e-47
    4.8460888398135137e-47
    6.4356618476338539e-46
    1.4262438489957717e-45
    2.3800852176036803e-46
    4.6194788190265963e-46
    5.3727264684040470e-45
    9.1326141497769380e-45
    1.3347309686758505e-45
    1.9869824034619435e-45
    2.0239308814760579e-44
    2.6387355388798920e-44
    3.3774925486687770e-45
    3.8565102873974271e-45
    3.4402979409494841e-44
    3.4402979409677200e-44
    3.8565102874383658e-45
    3.3774925487762428e-45
    2.6387355389499019e-44
    2.0239308815888329e-44
    1.9869824035462869e-45
    1.3347309687820506e-45
    9.1326141503098247e-45
    5.3727264689598830e-45
    4.6194788193696665e-46
    2.3800852178057054e-46
    1.4262438491243933e-45
    6.4356618482825542e-46
    4.8460888403277438e-47
    1.9150967053229686e-47
    1.0050597753511596e-46
    3.4784930094450405e-47
    2.2939777176654273e-48
    6.9532579890103088e-49
    3.1958724037617487e-48
    8.4837621731703760e-49
    4.8998913592734576e-50
    1.1391617917772224e-50
    4.5854968936728287e-50
    9.3365250775150992e-51
    4.7226214896957231e-52
    8.4213537107435317e-53
    2.9688127586944050e-52
    4.6364062539040722e-53
    2.0538998315292645e-54
    2.8091688231380614e-55
    8.6731856816871162e-55
    1.0389080947372033e-55
    4.0306474368683690e-57
    4.2283721445294898e-58
    1.1433360908555605e-57
    1.0504423183576880e-58
    3.5691910601401252e-60
    2.8718913043361040e-61
    6.8009348364589517e-61
    8.7647020277959103e-202
    4.1796657873548792e-199
    1.0460372231804370e-195
    5.4896963380727870e-195
    1.2032442927443068e-191
    5.0252551349670905e-189
    9.6463609766439898e-186
    4.4336825831435869e-185
    7.4536654670914145e-182
    2.7263029142257018e-179
    4.0140179694232066e-176
    1.6157728483169095e-175
    2.0834611940846675e-172
    6.6740511690243150e-170
    7.5369311378487409e-167
    2.6570238101859420e-166
    2.6278487609204055e-163
    7.3723235764634394e-161
    6.3857103359644457e-158
    1.9715600926905971e-157
    1.4955975677985466e-154
    3.6746728205068616e-152
    2.4413121577721858e-149
    6.6012172155394233e-149
    3.8408607819626206e-146
    8.2648009425494928e-144
    4.2115003933601989e-141
    9.9732673378693120e-141
    4.4508382676580054e-138
    8.3877514204954993e-136
    3.2783084214520463e-133
    6.7990827974985453e-133
    2.3273113816601469e-130
    3.8411223128792684e-128
    1.1514953949907487e-125
    2.0915229358155576e-125
    5.4911917038092394e-123
    7.9372517315999766e-121
    1.8250469187346420e-118
    2.9031826863599601e-118
    5.8462603287873890e-116
    7.4008500334109525e-114
    1.3052247323018896e-111
    1.8183837056686130e-111
    2.8085950555233743e-109
    3.1138127035859540e-107
    4.2120739502315944e-105
    5.1392072189603328e-105
    6.0883489518032517e-103
    5.9115695095375254e-101
    6.1334681227268955e-99
    6.5539958140708019e-99
    5.9553786140618498e-97
    5.0642198020453772e-95
    4.0300985826753291e-93
    3.7715131160499371e-93
    2.6285645740787277e-91
    1.9575899462581821e-89
    1.1948810109835186e-87
    9.7931975969500917e-88
    5.2351286201689578e-86
    3.4145253157329360e-84
    1.5985752371059551e-82
    1.1474475540419841e-82
    4.7047385504665073e-81
    2.6874375455221233e-79
    9.6503026808407099e-78
    6.0665335530320882e-78
    1.9078448945841019e-76
    9.5443389877066714e-75
    2.6287435582857896e-73
    1.4472641207887980e-73
    3.4910017509148464e-72
    1.5295115595253361e-70
    3.2311337825546913e-69
    1.5579532427054773e-69
    2.8824149475983447e-68
    1.1060101271731198e-66
    1.7920952584657584e-65
    7.5676402012160848e-66
    1.0738963546555888e-64
    3.6088171325088522e-63
    4.4850436467077298e-62
    1.6586928172473830e-62
    1.8053760103454400e-61
    5.3133702572948021e-60
    5.0649094914310357e-59
    1.6404797907500865e-59
    1.3695326760478686e-58
    3.5300000955207435e-57
    2.5809294696001520e-56
    7.3210814320368698e-57
    4.6878808220130753e-56
    1.0582268733524217e-54
    5.9344437299210062e-54
    1.4742767704913576e-54
    7.2406934001892121e-54
    1.4314701205999952e-52
    6.1572009574845306e-52
    1.3396219037421241e-52
    5.0464175990564992e-52
    8.7374604066378959e-51
    2.8826112181804995e-50
    5.4926874805040830e-51
    1.5870318641718077e-50
    2.4065095333182764e-49
    6.0895927402856205e-49
    1.0162182062163953e-49
    2.2520993180934592e-49
    2.9908138578602359e-48
    5.8048347033334457e-48
    8.4837621731480713e-49
    1.4420783734566207e-48
    1.6772222473824323e-47
    2.4968410641959003e-47
    3.1958724037617943e-48
    4.1666749426647901e-48
    4.2441553960612462e-47
    4.8460888396851455e-47
    5.4323758537402519e-48
    5.4323758537834059e-48
    4.8460888397365894e-47
    4.2441553961962876e-47
    4.1666749427752796e-48
    3.1958724039398248e-48
    2.4968410643018501e-47
    1.6772222475158832e-47
    1.4420783735407861e-48
    8.4837621740257580e-49
    5.8048347037645475e-48
    2.9908138582410116e-48
    2.2520993182965583e-49
    1.0162182063188132e-49
    6.0895927393165651e-49
    2.4065095329608328e-49
    1.5870318643654485e-50
    5.4926874812325770e-51
    2.8826112178134996e-50
    8.7374604056182381e-51
    5.0464175998328019e-52
    1.3396219039624410e-52
    6.1572009568967120e-52
    1.4314701204785104e-52
    7.2406934022058785e-54
    1.4742767707807711e-54
    5.9344437301416240e-54
    1.0582268732962985e-54
    4.6878808235426429e-56
    7.3210814337069012e-57
    2.5809294698192618e-56
    3.5300000954458983e-57
    1.3695326765601144e-58
    1.6404797912831063e-59
    5.0649094919684133e-59
    5.3133702577177947e-60
    1.8053760108276174e-61
    1.6586928178765518e-62
    4.4850436467840865e-62
    3.6088171329952337e-63
    1.0738963549866605e-64
    9.6457041818854833e-204
    5.0621513032630850e-203
    1.2668952404292449e-199
    6.0415045209178794e-197
    1.3241908817373589e-193
    6.0862765409782775e-193
    1.1683072588579014e-189
    4.8793433590497751e-187
    8.2028860694047817e-184
    3.3019285637845070e-183
    4.8615289664338486e-180
    1.7781855983876437e-177
    2.2928846056425699e-174
    8.0831957726227451e-174
    9.1282623355903878e-171
    2.9241000545139935e-168
    2.8919924148230141e-165
    8.9288998928055030e-165
    7.7339752851205711e-162
    2.1697355335745917e-159
    1.6459306509657991e-156
    4.4505352230970032e-156
    2.9567654807541181e-153
    7.2647522185609314e-151
    4.2269328482726678e-148
    1.0009812982922446e-147
    5.1007073985300001e-145
    1.0975750934014812e-142
    4.8982234826796514e-140
    1.0158722956550444e-139
    3.9704833095413869e-137
    7.4825066687751440e-135
    2.5612458992257271e-132
    4.6521284981597426e-132
    1.3946196205662316e-129
    2.3017566900191031e-127
    6.0431501964341495e-125
    9.6131057461602415e-125
    2.2103833436014096e-122
    3.1950020982802753e-120
    6.4339092787105540e-118
    8.9634493636390883e-118
    1.5808070347785864e-115
    2.0011623051661130e-113
    3.0909067971014416e-111
    3.7712563236314929e-111
    5.1014020535406615e-109
    5.6557852630117752e-107
    6.7003319404289578e-105
    7.1597253970208527e-105
    7.4284751992269215e-103
    7.2127842621788708e-101
    6.5539958158963041e-99
    6.1334681211651306e-99
    4.8810048039400679e-97
    4.1506145593873744e-95
    2.8927801801967517e-93
    2.3709112161439980e-93
    1.4471655804696660e-91
    1.0777581113500616e-89
    5.7613484038195525e-88
    4.1354607405666103e-88
    1.9360949242124998e-86
    1.2627856187673313e-84
    5.1776450789940136e-83
    3.2548572450241588e-83
    1.1687846532376979e-81
    6.6763237235136288e-80
    2.0996158710982446e-78
    1.1559509896282304e-78
    3.1837707373902037e-77
    1.5927388679789006e-75
    3.8419070140660591e-74
    1.8524492928828359e-74
    3.9133483191541094e-73
    1.7145541359473437e-71
    3.1721468491743351e-70
    1.3395306921407677e-70
    2.1704743410368157e-69
    8.3283172118506432e-68
    1.1818412684050245e-66
    4.3707749075341038e-67
    5.4320059760434252e-66
    1.8254197572641009e-64
    1.9868471149734844e-63
    6.4352236598128993e-64
    6.1343034299813874e-63
    1.8053760107294580e-61
    1.5071940862596572e-60
    4.2753166133985168e-61
    3.1258612863475231e-60
    8.0569750779756962e-59
    5.1590928610900922e-58
    1.2816585863918965e-58
    7.1874292303856528e-58
    1.6224667500499005e-56
    7.9685066768008336e-56
    1.7337075984644792e-56
    7.4572189322982934e-56
    1.4742767707964004e-54
    5.5536687040161274e-54
    1.0582268732176784e-54
    3.4912394610680554e-54
    6.0447963258371619e-53
    1.7465556552384989e-52
    2.9146147052950068e-53
    7.3753360642709708e-53
    1.1183654815587558e-51
    2.4784737401776162e-51
    3.6222877709576101e-52
    7.0304548385897552e-52
    9.3365250791249042e-51
    1.5870318645254175e-50
    2.0313472936152668e-51
    3.0240186393051398e-51
    3.5171121290615690e-50
    4.5854968932594297e-50
    5.1402571072060446e-51
    5.8692814649202325e-51
    5.9784223495035159e-50
    5.9784223495510925e-50
    5.8692814649825377e-51
    5.1402571073695975e-51
    4.5854968933810907e-50
    3.5171121292575456e-50
    3.0240186394335026e-51
    2.0313472937768938e-51
    1.5870318641844373e-50
    9.3365250775400429e-51
    7.0304548391118779e-52
    3.6222877714188343e-52
    2.4784737397240019e-51
    1.1183654813659270e-51
    7.3753360650535864e-53
    2.9146147056351818e-53
    1.7465556549744631e-52
    6.0447963249874226e-53
    3.4912394615496037e-54
    1.0582268733748889e-54
    5.5536687033530998e-54
    1.4742767706360645e-54
    7.4572189341973390e-56
    1.7337075987772273e-56
    7.9685066768429579e-56
    1.6224667499251180e-56
    7.1874292325591813e-58
    1.2816585866638599e-58
    5.1590928613638510e-58
    8.0569750776125122e-59
    3.1258612874419719e-60
    4.2753166144418171e-61
    1.5071940864116002e-60
    1.8053760108228457e-61
    6.1343034323408307e-63
    6.4352236621207318e-64
    1.9868471149613433e-63
    1.8254197574577748e-64
    5.4320059776572312e-66
    4.3707749093496508e-67
    1.1818412684538976e-66
    8.9603982969614095e-208
    4.8790111399568334e-205
    1.2210610906133520e-201
    5.6122690266599557e-201
    1.2301100570610625e-197
    5.8660852403099929e-195
    1.1260398572412178e-191
    4.5326768373048669e-191
    7.6200892107499695e-188
    3.1824703136906805e-185
    4.6856469835586623e-182
    1.6518494561961707e-181
    2.1299802407493949e-178
    7.7907592757364716e-176
    8.7980170792371757e-173
    2.7163492322127992e-172
    2.6865227690968849e-169
    8.6058672360253762e-167
    7.4541730010970529e-164
    2.0155806370686659e-163
    1.5289909294055627e-160
    4.2895223061116791e-158
    2.8497946534192334e-155
    6.7486076889335726e-155
    3.9266186460671178e-152
    9.6476746993080180e-150
    4.9161723402149963e-147
    1.0195948177813620e-146
    4.5502155700328821e-144
    9.7911973592719999e-142
    3.8268378674844436e-139
    6.9508911685074117e-139
    2.3792750597331839e-136
    4.4838222738225259e-134
    1.3441646164069624e-131
    2.1382219832121647e-131
    5.6137977789884344e-129
    9.2653196665338724e-127
    2.1304153730162054e-124
    2.9680042858727316e-124
    5.9767942951923889e-122
    8.6391667648182058e-120
    1.5236160815332182e-117
    1.8589841620626540e-117
    2.8713047249540432e-115
    3.6348185815474904e-113
    4.9168418651261522e-111
    5.2539542648909739e-111
    6.2242882177343813e-109
    6.9006985149204333e-107
    7.1597253990718455e-105
    6.7003319386691498e-105
    6.0883489502690678e-103
    5.9115695097257037e-101
    4.7044182191519299e-99
    3.8557226012147599e-99
    2.6872545647255592e-97
    2.2851356163827698e-95
    1.3948095517945491e-93
    1.0011857880603106e-93
    5.3520173774251078e-92
    3.9858466922230004e-90
    1.8660502501699024e-88
    1.1730675014758632e-88
    4.8097848804086970e-87
    3.1371019573406371e-85
    1.1264999806019355e-83
    6.2019857313798065e-84
    1.9504428205103218e-82
    1.1141306174629955e-80
    3.0685872405801318e-79
    1.4795783038973764e-79
    3.5689480421922059e-78
    1.7854307777564388e-76
    3.7717699264141025e-75
    1.5927388675272584e-75
    2.9467728514709228e-74
    1.2910687135839987e-72
    2.0919502119245853e-71
    7.7366087464621029e-72
    1.0978740676527163e-70
    4.2126475864595365e-69
    5.2354850910230533e-68
    1.6957277323585017e-68
    1.8456860343554338e-67
    6.2024080380137007e-66
    5.9123745984668233e-65
    1.6771080495600489e-65
    1.4001112894631202e-64
    4.1206428136433556e-63
    3.0127728565569178e-62
    7.4845448694612778e-63
    4.7925507564368235e-62
    1.2352903237643296e-60
    6.9274000699603848e-60
    1.5071940861716697e-60
    7.4023619519625288e-60
    1.6709849591450185e-58
    7.1874292319872006e-58
    1.3695326762512878e-58
    5.1590928609120823e-58
    1.0199419960297487e-56
    3.3649322604256459e-56
    5.6153269545485605e-57
    1.6224667498820483e-56
    2.8091688232573446e-55
    7.1085087490829035e-55
    1.0389080946848509e-55
    2.3023836783173477e-55
    3.4912394617903787e-54
    6.7761047489417950e-54
    8.6731856811349400e-55
    1.4742767706673230e-54
    1.9578565482653084e-53
    2.9146147060371967e-53
    3.2672291143158745e-54
    4.2597075110197418e-54
    4.9542912079792213e-53
    5.6569406845517440e-53
    5.5536687035298864e-54
    5.5536687035740051e-54
    5.6569406846417804e-53
    4.9542912067439008e-53
    4.2597075111326981e-54
    3.2672291144979275e-54
    2.9146147053413542e-53
    1.9578565478705580e-53
    1.4742767707533676e-54
    8.6731856820322245e-55
    6.7761047475397510e-54
    3.4912394612532132e-54
    2.3023836785249817e-55
    1.0389080948419376e-55
    7.1085087478385634e-55
    2.8091688227953025e-55
    1.6224667500800124e-56
    5.6153269552932418e-57
    3.3649322599436347e-56
    1.0199419958944596e-56
    5.1590928617057928e-58
    1.3695326764765436e-58
    7.1874292317964031e-58
    1.6709849589765634e-58
    7.4023619540241185e-60
    1.5071940864675451e-60
    6.9274000701072632e-60
    1.2352903236791197e-60
    4.7925507580005434e-62
    7.4845448711688103e-63
    3.0127728567647373e-62
    4.1206428134902860e-63
    1.4001112899867638e-64
    1.6771080501268487e-65
    5.9123745990784884e-65
    6.2024080384940717e-66
    1.8456860348743439e-67
    1.6957277330264907e-68
    5.2354850911063827e-68
    4.2126475870249046e-69
    1.0978740680135530e-70
    7.5635191046914622e-210
    3.4763620207428450e-209
    8.7002269079731852e-206
    4.7373456622129823e-203
    1.0383423380419393e-199
    4.1796657858685385e-199
    8.0231876527154648e-196
    3.8260562441707198e-193
    6.4321571893188471e-190
    2.2675535294542764e-189
    3.3385874204820369e-186
    1.3943347724006120e-183
    1.7979274703655228e-180
    5.5510223039088872e-180
    6.2687072348798986e-177
    2.2928846053441021e-174
    2.2677079317047251e-171
    6.1317978493360255e-171
    5.3111999898589642e-168
    1.7013621660863876e-165
    1.2906292468472769e-162
    3.0563431819153093e-162
    2.0305175809169560e-159
    5.6965350750784494e-157
    3.3144793526013610e-154
    6.8740998823927487e-154
    3.5028398807400300e-151
    8.6064532264692438e-149
    3.8408607802710181e-146
    6.9763617362309453e-146
    2.7266742043756663e-143
    5.8672836190178325e-141
    2.0083585319761302e-138
    3.1947845595753654e-138
    9.5773563263097278e-136
    1.8048843683188478e-133
    4.7386360914001855e-131
    6.6016667014770225e-131
    1.5179500264606556e-128
    2.5053079541103889e-126
    5.0450433508807981e-124
    6.1555242162412134e-124
    1.0855972504577714e-121
    1.5691782622920290e-119
    2.4236833485524704e-117
    2.5898578427117486e-117
    3.5033169276772550e-115
    4.4348902975027502e-113
    5.2539542664376957e-111
    4.9168418637960582e-111
    5.1014020536215661e-109
    5.6557852631914900e-107
    5.1392072191782622e-105
    4.2120739492259938e-105
    3.3519621810338577e-103
    3.2546356309678010e-101
    2.2683256448691228e-99
    1.6281903112835476e-99
    9.9382083998946782e-98
    8.4510616453918753e-96
    4.5176658841172115e-94
    2.8399701619511345e-94
    1.3295862687152555e-92
    9.9019241857051141e-91
    4.0599645949988500e-89
    2.2352279557639615e-89
    8.0264660921108965e-88
    5.2351286209603787e-86
    1.6463789946399291e-84
    7.9383326901330041e-85
    2.1864102850707364e-83
    1.2489197913652569e-81
    3.0125677244814666e-80
    1.2721437944055161e-80
    2.6874375448662350e-79
    1.3444392154789601e-77
    2.4873863891502705e-76
    9.1990407726897082e-77
    1.4905430742350247e-75
    6.5305119411228281e-74
    9.2672124746331971e-73
    3.0015688941372955e-73
    3.7303545745087090e-72
    1.4313726553916897e-70
    1.5579532430835373e-69
    4.4193003695627268e-70
    4.2126475858850686e-69
    1.4156556836743587e-67
    1.1818412685008901e-66
    2.9360142376301145e-67
    2.1466417747708070e-66
    6.3177435031379279e-65
    4.0454171807400387e-64
    8.8016121334587839e-65
    4.9358670861504459e-64
    1.2722304177413998e-62
    6.2483724722800399e-62
    1.1905995868582405e-62
    5.1211414126404119e-62
    1.1560297010210448e-60
    4.3548172895049859e-60
    7.2672259103620082e-61
    2.3975601558488048e-60
    4.7399268764952906e-59
    1.3695326765891131e-58
    2.0015711225171951e-59
    5.0649094915653436e-59
    8.7694776102331662e-58
    1.9434541149951325e-57
    2.4875557605004558e-58
    4.8280671052397058e-58
    7.3210814343671303e-57
    1.2444447394142021e-56
    1.3949995089633096e-57
    2.0767027529885012e-57
    2.7578851981307221e-56
    3.5956414080459964e-56
    3.5300000955206433e-57
    4.0306474364407248e-57
    4.6878808240522775e-56
    4.6878808240895832e-56
    4.0306474365048769e-57
    3.5300000956330113e-57
    3.5956414081413436e-56
    2.7578851982843544e-56
    2.0767027530766229e-57
    1.3949995090742850e-57
    1.2444447394868504e-56
    7.3210814351245338e-57
    4.8280671055982661e-58
    2.4875557608171948e-58
    1.9434541151703973e-57
    8.7694776090238369e-58
    5.0649094921027221e-59
    2.0015711227507772e-59
    1.3695326763602761e-58
    4.7399268757535403e-59
    2.3975601561795015e-60
    7.2672259114414215e-61
    4.3548172892508830e-60
    1.1560297008769372e-60
    5.1211414139444086e-62
    1.1905995870729820e-62
    6.2483724722137997e-62
    1.2722304176233408e-62
    4.9358670876430862e-64
    8.8016121353267062e-65
    4.0454171808903141e-64
    6.3177435027527683e-65
    2.1466417755224652e-66
    2.9360142387049061e-67
    1.1818412686011896e-66
    1.4156556837434832e-67
    4.2126475875611782e-69
    4.4193003712085167e-70
    1.5579532430711832e-69
    1.4313726555416844e-70
    3.7303545756724180e-72
    3.0015688954303353e-73
    9.2672124750722677e-73
    4.1334901374486404e-214
    2.5699311907789968e-211
    6.4317192410464837e-208
    2.5889762822568103e-207
    5.6745778706759815e-204
    3.0898546831552604e-201
    5.9312120185286176e-198
    2.0909533686235856e-197
    3.5151968199665018e-194
    1.6763088847864892e-191
    2.4680801061122705e-188
    7.6200892074762081e-188
    9.8257376807499107e-185
    4.1036420471757899e-182
    4.6341969428541359e-179
    1.2530696057366915e-178
    1.2393104638951497e-175
    4.5329854757741592e-173
    3.9263512928055091e-170
    9.2980048525081611e-170
    7.0533348155842412e-167
    2.2594285710354388e-164
    1.5010779760594114e-161
    3.1131767137154016e-161
    1.8113747747735129e-158
    5.0817387821053064e-156
    2.5895051823522110e-153
    4.7034573506874035e-153
    2.0990441003468816e-150
    5.1573367567446632e-148
    2.0157178812650678e-145
    3.2064914013081114e-145
    1.0975750929530849e-142
    2.3617725774466492e-140
    7.0801448780383396e-138
    9.8637573759193766e-138
    2.5896815064052073e-135
    4.8803401576049794e-133
    1.1221579044146573e-130
    1.3691597226433343e-130
    2.7571341653557066e-128
    4.5505254024576814e-126
    8.0253731307109850e-124
    8.5756151089237189e-124
    1.3245515848999507e-121
    1.9145751828771478e-119
    2.5898578434949398e-117
    2.4236833478775332e-117
    2.8713047249995801e-115
    3.6348185816631946e-113
    3.7712563248319715e-111
    3.0909067963387377e-111
    2.8085950548603470e-109
    3.1138127037843711e-107
    2.4779675161748411e-105
    1.7786699676939767e-105
    1.2396480460279304e-103
    1.2036540043141187e-101
    7.3469079464128075e-100
    4.6185352980110943e-100
    2.4689205008688060e-98
    2.0994729141156231e-96
    9.8290834021651430e-95
    5.4114368453154999e-95
    2.2187851157021058e-93
    1.6524119206858591e-91
    5.9336356354099793e-90
    2.8610164420761846e-90
    8.9975198616546244e-89
    5.8684822430395468e-87
    1.6163230283715504e-85
    6.8253911553822224e-86
    1.6463789943778890e-84
    9.4044348599056112e-83
    1.9867118356784844e-81
    7.3474082111269955e-82
    1.3593655235195795e-80
    6.8004717784915427e-79
    1.1018970739921225e-77
    3.5689480421864243e-78
    5.0645646338403536e-77
    2.2189361977896770e-75
    2.7576974202191232e-74
    7.8225025574652442e-75
    8.5142699789135046e-74
    3.2670066571628131e-72
    3.1142367697284978e-71
    7.7366087470916412e-72
    6.4588046381055040e-71
    2.1704743415780093e-69
    1.5869238074473185e-68
    3.4526693324504901e-69
    2.2108349019812366e-68
    6.5066691623450840e-67
    3.6488831445779014e-66
    6.9527845590212349e-67
    3.4147578173305836e-66
    8.8016121354202653e-65
    3.7858488195549768e-64
    6.3177435022331181e-65
    2.3799231637286205e-64
    5.3723606550435210e-63
    1.7724174268654337e-62
    2.5903869250581740e-63
    7.4845448702353797e-63
    1.4796790521607741e-61
    3.7442788774522472e-61
    4.7925507572250855e-62
    1.0621045978363834e-61
    1.8389474690589057e-60
    3.5691910608029508e-60
    4.0009970868776546e-61
    6.8009348370361296e-61
    1.0312656532492727e-59
    1.5352207706200544e-59
    1.5071940863635369e-60
    1.9650308397767883e-60
    2.6095836099486676e-59
    2.9796915589221734e-59
    2.5619435719723220e-60
    2.5619435719927100e-60
    2.9796915589695990e-59
    2.6095836100317367e-59
    1.9650308398549217e-60
    1.5071940864474976e-60
    1.5352207706852431e-59
    1.0312656533313416e-59
    6.8009348374329623e-61
    4.0009970872915779e-61
    3.5691910610680206e-60
    1.8389474692930575e-60
    1.0621045979321663e-61
    4.7925507579496004e-62
    3.7442788778495089e-61
    1.4796790523334940e-61
    7.4845448711488143e-63
    2.5903869254017732e-63
    1.7724174272321647e-62
    5.3723606558416412e-63
    2.3799231642778694e-64
    6.3177435032720593e-65
    3.7858488205189682e-64
    8.8016121370077617e-65
    3.4147578182816090e-66
    6.9527845603861267e-67
    3.6488831456812452e-66
    6.5066691637259604e-67
    2.2108349027025276e-68
    3.4526693336319842e-69
    1.5869238080029432e-68
    2.1704743423724967e-69
    6.4588046405211063e-71
    7.7366087498065938e-72
    3.1142367700422724e-71
    3.2670066574087830e-72
    8.5142699814270563e-74
    7.8225025606609982e-75
    2.7576974203010289e-74
    2.2189361981203943e-75
    5.0645646356160418e-77
    2.6761676095063387e-216
    1.0772445451503410e-215
    2.6959999914455461e-212
    1.6761947501905477e-209
    3.6739222763686772e-206
    1.2951821880208774e-205
    2.4862011154288361e-202
    1.3537571137285673e-199
    2.2758626627425756e-196
    7.0266262715614787e-196
    1.0345513688627029e-192
    4.9335150781759229e-190
    6.3615298564518628e-187
    1.7201339967509867e-186
    1.9425280317830218e-183
    8.1128155138144164e-181
    8.0237339664867754e-178
    1.9001029656141348e-177
    1.6458185836627933e-174
    6.0198569712020459e-172
    4.5665782534371526e-169
    9.4709037815404556e-169
    6.2921064476639237e-166
    2.0155806369134202e-163
    1.1727480506140183e-160
    2.1301252743823539e-160
    1.0854494246134811e-157
    3.0451845283398900e-155
    1.3589953394060024e-152
    2.1618138682625560e-152
    8.4493355306396233e-150
    2.0759958637854571e-147
    7.1060890799051796e-145
    9.8999017369360824e-145
    2.9678022026842753e-142
    6.3861451487259537e-140
    1.6766513372296433e-137
    2.0457045045103029e-137
    4.7037776173358794e-135
    8.8644239616843480e-133
    1.7850661070991646e-130
    1.9074552209624323e-130
    3.3640159156300084e-128
    5.5521563189843180e-126
    8.5756151115852911e-124
    8.0253731284117885e-124
    1.0855972504750500e-121
    1.5691782623419799e-119
    1.8589841626692057e-117
    1.5236160811453027e-117
    1.5808070343928240e-115
    2.0011623052935162e-113
    1.8183837058036051e-111
    1.3052247320111255e-111
    1.0386958994998892e-109
    1.1515738025885916e-107
    8.0259195925295630e-106
    5.0453868766918836e-106
    3.0796219515106459e-104
    2.9902029899428705e-102
    1.5984663940554426e-100
    8.8004136162742806e-101
    4.1200817036662861e-99
    3.5035554760658834e-97
    1.4365199048863968e-95
    6.9264567623444439e-96
    2.4872170290354597e-94
    1.8523231646744164e-92
    5.8253123677493126e-91
    2.4599065170728293e-91
    6.7751820428559724e-90
    4.4189994713570080e-88
    1.0659239507372469e-86
    3.9420807020893153e-87
    8.3277501569328549e-86
    4.7569717634732672e-84
    8.8010128548848403e-83
    2.8505709234508924e-83
    4.6188497828838570e-82
    2.3106631037817204e-80
    3.2789781464423192e-79
    9.3011708782140096e-80
    1.1559509895521733e-78
    5.0645646350047131e-77
    5.5124393135490919e-76
    1.3694394281751137e-76
    1.3054024887861728e-75
    5.0089539464024297e-74
    4.1816584033983428e-73
    9.0980320922326150e-74
    6.6519485863105961e-73
    2.2353801573463703e-71
    1.4313726555302526e-70
    2.7274169388814883e-71
    1.5295115594888640e-70
    4.5014784634790005e-69
    2.2108349025090564e-68
    3.6893939788855715e-69
    1.5869238072453016e-68
    4.0903304383546518e-67
    1.5408463724593419e-66
    2.2519459785503787e-67
    7.4294868736988929e-67
    1.6771080501980144e-65
    4.8457588832573735e-65
    6.2024080381321623e-66
    1.5694988296687924e-65
    3.1028667486592852e-64
    6.8764405577893358e-64
    7.7083625311433064e-65
    1.4961068275465253e-64
    2.5903869257179120e-63
    4.4031655864728639e-63
    4.3227822735088052e-64
    6.4352236615745926e-64
    9.7581072194238405e-63
    1.2722304179338017e-62
    1.0938657497980790e-63
    1.2490048331241339e-63
    1.6586928181053362e-62
    1.6586928181184889e-62
    1.2490048331440136e-63
    1.0938657498328994e-63
    1.2722304179844244e-62
    9.7581072199674312e-63
    6.4352236618476629e-64
    4.3227822738526927e-64
    4.4031655867297867e-63
    2.5903869259859004e-63
    1.4961068276576352e-64
    7.7083625321248069e-65
    6.8764405584094667e-64
    3.1028667491283614e-64
    1.5694988298353581e-65
    6.2024080392180666e-66
    4.8457588841443207e-65
    1.6771080504204727e-65
    7.4294868752359177e-67
    2.2519459788848642e-67
    1.5408463728149013e-66
    4.0903304390272987e-67
    1.5869238076493803e-68
    3.6893939795511105e-69
    2.2108349031248464e-68
    4.5014784643626807e-69
    1.5295115599513988e-70
    2.7274169397496102e-71
    1.4313726559973235e-70
    2.2353801581113115e-71
    6.6519485886398119e-73
    9.0980320955628874e-74
    4.1816584049625261e-73
    5.0089539481601860e-74
    1.3054024893228872e-75
    1.3694394287040612e-76
    5.5124393152540072e-76
    5.0645646371474572e-77
    1.1559509899471122e-78
    9.3011708825071367e-80
    3.2789781476174047e-79
    8.6041095040960772e-221
    6.1081629340911977e-218
    1.5286786358949444e-214
    5.3891105809661968e-214
    1.1811976747318507e-210
    7.3439070723357599e-208
    1.4097190436771585e-204
    4.3524457911733472e-204
    7.3170946008616594e-201
    3.9842186564679554e-198
    5.8660852386294136e-195
    1.5861676160323704e-194
    2.0452866742745648e-191
    9.7534573444116006e-189
    1.1014469997166942e-185
    2.6083401061813569e-185
    2.5796996209859379e-182
    1.0773912532461473e-179
    9.3320760956506439e-177
    1.9354358970352423e-176
    1.4681942645157120e-173
    5.3701662905775968e-171
    3.5677332091397190e-168
    6.4802654559957996e-168
    3.7704860519672460e-165
    1.2078178816989551e-162
    6.1546860200900410e-160
    9.7905307010450286e-160
    4.3692871381708443e-157
    1.2257858626410632e-154
    4.7909194192069861e-152
    6.6745056171409020e-152
    2.2846688814323015e-149
    5.6134155529428806e-147
    1.6827951918402519e-144
    2.0532007028820879e-144
    5.3905785476471295e-142
    1.1599498447038913e-139
    2.6671232842873835e-137
    2.8499886997412166e-137
    5.7391413762626402e-135
    1.0815601092225012e-132
    1.9074552215696197e-130
    1.7850661065736554e-130
    2.7571341653997466e-128
    4.5505254026025349e-126
    6.1555242182986310e-124
    5.0450433495561732e-124
    5.9767942953829842e-122
    8.6391667653682136e-120
    8.9634493643050209e-118
    6.4339092772260744e-118
    5.8462603275003082e-116
    7.4008500341177110e-114
    5.8895854428140869e-112
    3.7024090211405015e-112
    2.5804023185951714e-110
    2.8608216441754554e-108
    1.7461989239041549e-106
    9.6137603166379791e-107
    5.1392072171472271e-105
    4.9899867674052145e-103
    2.3361576033089868e-101
    1.1264232799121806e-101
    4.6185352974719816e-100
    3.9274208118114098e-98
    1.4102950842674789e-96
    5.9553786127664882e-97
    1.8728881303860489e-95
    1.3948095515133621e-93
    3.8416454288118547e-92
    1.4207464142020631e-92
    3.4270373658326132e-91
    2.2352279560011153e-89
    4.7219784088904655e-88
    1.5294074188290490e-88
    2.8296014823620467e-87
    1.6163230283886394e-85
    2.6189677329031141e-84
    7.4289810178929591e-85
    1.0542197332077512e-83
    5.2739247980157014e-82
    6.5544420900485729e-81
    1.6283011779503556e-81
    1.7722967470091479e-80
    7.7649584703903778e-79
    7.4018579456865033e-78
    1.6104218622991900e-78
    1.3444392153823238e-77
    5.1587415920672086e-76
    3.7717699270144233e-75
    7.1869398571188912e-76
    4.6019864471877798e-75
    1.5464925886037665e-73
    8.6725951474927681e-73
    1.4472641208540363e-73
    7.1080247474389150e-73
    2.0919502124694474e-71
    8.9981325245790379e-71
    1.3150764875310916e-71
    4.9539538818627897e-71
    1.2768923284580159e-69
    4.2126475873600307e-69
    5.3920469192012306e-70
    1.5579532430587851e-69
    3.5168726591546395e-68
    8.8993298872026277e-68
    9.9759840105858731e-69
    2.2108349023976485e-68
    4.3707749096742504e-67
    8.4831845383678296e-67
    8.3283172128994832e-68
    1.4156556837510072e-67
    2.4510923331254566e-66
    3.6488831453521811e-66
    3.1373155691141834e-67
    4.0903304379965893e-67
    6.2024080399089201e-66
    7.0820734813975353e-66
    5.3328403609474374e-67
    5.3328403609898763e-67
    7.0820734815104560e-66
    6.2024080401063565e-66
    4.0903304381593450e-67
    3.1373155692889519e-67
    3.6488831455844863e-66
    2.4510923333205168e-66
    1.4156556838336103e-67
    8.3283172137610888e-68
    8.4831845389978405e-67
    4.3707749102307783e-67
    2.2108349025970266e-68
    9.9759840120939922e-69
    8.8993298881468314e-68
    3.5168726597703656e-68
    1.5579532433439461e-69
    5.3920469199164542e-70
    4.2126475882316702e-69
    1.2768923286476751e-69
    4.9539538830059432e-71
    1.3150764877473906e-71
    8.9981325268702319e-71
    2.0919502128468193e-71
    7.1080247494185317e-73
    1.4472641212801817e-73
    8.6725951501154211e-73
    1.5464925890960074e-73
    4.6019864486894529e-75
    7.1869398595782427e-76
    3.7717699283350224e-75
    5.1587415939556774e-76
    1.3444392158852222e-77
    1.6104218628852868e-78
    7.4018579488277986e-78
    7.7649584734964161e-79
    1.7722967475822270e-80
    1.6283011786630074e-81
    6.5544420922879460e-81
    5.2739248004499788e-82
    1.0542197336004129e-83
);

boundaryField
{
    xMin
    {
        // 原题边界条件：边界面上的 phi 也取旋转扩散尖峰解析解。
        // 数学公式：
        //   phi_b(x,y,tau) = 1/(4*pi*epsilon*(t0+tau))
        //                    * exp(-((x-xhat)^2+(y-yhat)^2)
        //                          /(4*epsilon*(t0+tau)))
        //   xhat = x0*cos(tau) - y0*sin(tau)
        //   yhat = x0*sin(tau) + y0*cos(tau)
        //
        // OpenFOAM 接口：
        //   type codedFixedValue 让边界值在每次 correctBoundaryConditions()
        //   时按当前 this->db().time().value() 重新计算。
        type            codedFixedValue;
        value           uniform 0;
        name            rotatingPeak_xMin;
        code
        #{
            const scalar epsilon = 1.0000000000000000e-03;
            const scalar t0 = 1.5707963267948966e+00;
            const scalar x0 = 0.0000000000000000e+00;
            const scalar y0 = 5.0000000000000000e-01;
            const scalar tau = this->db().time().value();
            const scalar physicalTime = t0 + tau;
            const scalar xhat = x0*cos(tau) - y0*sin(tau);
            const scalar yhat = x0*sin(tau) + y0*cos(tau);
            const vectorField& faceCentres = this->patch().Cf();
            scalarField values(faceCentres.size(), Zero);
            forAll(faceCentres, faceI)
            {
                const scalar dx = faceCentres[faceI].x() - xhat;
                const scalar dy = faceCentres[faceI].y() - yhat;
                const scalar radius2 = dx*dx + dy*dy;
                values[faceI] =
                    exp(-radius2/(4.0*epsilon*physicalTime))
                   /(4.0*constant::mathematical::pi*epsilon*physicalTime);
            }
            operator==(values);
        #};
    }
    xMax
    {
        // 原题边界条件：边界面上的 phi 也取旋转扩散尖峰解析解。
        // 数学公式：
        //   phi_b(x,y,tau) = 1/(4*pi*epsilon*(t0+tau))
        //                    * exp(-((x-xhat)^2+(y-yhat)^2)
        //                          /(4*epsilon*(t0+tau)))
        //   xhat = x0*cos(tau) - y0*sin(tau)
        //   yhat = x0*sin(tau) + y0*cos(tau)
        //
        // OpenFOAM 接口：
        //   type codedFixedValue 让边界值在每次 correctBoundaryConditions()
        //   时按当前 this->db().time().value() 重新计算。
        type            codedFixedValue;
        value           uniform 0;
        name            rotatingPeak_xMax;
        code
        #{
            const scalar epsilon = 1.0000000000000000e-03;
            const scalar t0 = 1.5707963267948966e+00;
            const scalar x0 = 0.0000000000000000e+00;
            const scalar y0 = 5.0000000000000000e-01;
            const scalar tau = this->db().time().value();
            const scalar physicalTime = t0 + tau;
            const scalar xhat = x0*cos(tau) - y0*sin(tau);
            const scalar yhat = x0*sin(tau) + y0*cos(tau);
            const vectorField& faceCentres = this->patch().Cf();
            scalarField values(faceCentres.size(), Zero);
            forAll(faceCentres, faceI)
            {
                const scalar dx = faceCentres[faceI].x() - xhat;
                const scalar dy = faceCentres[faceI].y() - yhat;
                const scalar radius2 = dx*dx + dy*dy;
                values[faceI] =
                    exp(-radius2/(4.0*epsilon*physicalTime))
                   /(4.0*constant::mathematical::pi*epsilon*physicalTime);
            }
            operator==(values);
        #};
    }
    yMin
    {
        // 原题边界条件：边界面上的 phi 也取旋转扩散尖峰解析解。
        // 数学公式：
        //   phi_b(x,y,tau) = 1/(4*pi*epsilon*(t0+tau))
        //                    * exp(-((x-xhat)^2+(y-yhat)^2)
        //                          /(4*epsilon*(t0+tau)))
        //   xhat = x0*cos(tau) - y0*sin(tau)
        //   yhat = x0*sin(tau) + y0*cos(tau)
        //
        // OpenFOAM 接口：
        //   type codedFixedValue 让边界值在每次 correctBoundaryConditions()
        //   时按当前 this->db().time().value() 重新计算。
        type            codedFixedValue;
        value           uniform 0;
        name            rotatingPeak_yMin;
        code
        #{
            const scalar epsilon = 1.0000000000000000e-03;
            const scalar t0 = 1.5707963267948966e+00;
            const scalar x0 = 0.0000000000000000e+00;
            const scalar y0 = 5.0000000000000000e-01;
            const scalar tau = this->db().time().value();
            const scalar physicalTime = t0 + tau;
            const scalar xhat = x0*cos(tau) - y0*sin(tau);
            const scalar yhat = x0*sin(tau) + y0*cos(tau);
            const vectorField& faceCentres = this->patch().Cf();
            scalarField values(faceCentres.size(), Zero);
            forAll(faceCentres, faceI)
            {
                const scalar dx = faceCentres[faceI].x() - xhat;
                const scalar dy = faceCentres[faceI].y() - yhat;
                const scalar radius2 = dx*dx + dy*dy;
                values[faceI] =
                    exp(-radius2/(4.0*epsilon*physicalTime))
                   /(4.0*constant::mathematical::pi*epsilon*physicalTime);
            }
            operator==(values);
        #};
    }
    yMax
    {
        // 原题边界条件：边界面上的 phi 也取旋转扩散尖峰解析解。
        // 数学公式：
        //   phi_b(x,y,tau) = 1/(4*pi*epsilon*(t0+tau))
        //                    * exp(-((x-xhat)^2+(y-yhat)^2)
        //                          /(4*epsilon*(t0+tau)))
        //   xhat = x0*cos(tau) - y0*sin(tau)
        //   yhat = x0*sin(tau) + y0*cos(tau)
        //
        // OpenFOAM 接口：
        //   type codedFixedValue 让边界值在每次 correctBoundaryConditions()
        //   时按当前 this->db().time().value() 重新计算。
        type            codedFixedValue;
        value           uniform 0;
        name            rotatingPeak_yMax;
        code
        #{
            const scalar epsilon = 1.0000000000000000e-03;
            const scalar t0 = 1.5707963267948966e+00;
            const scalar x0 = 0.0000000000000000e+00;
            const scalar y0 = 5.0000000000000000e-01;
            const scalar tau = this->db().time().value();
            const scalar physicalTime = t0 + tau;
            const scalar xhat = x0*cos(tau) - y0*sin(tau);
            const scalar yhat = x0*sin(tau) + y0*cos(tau);
            const vectorField& faceCentres = this->patch().Cf();
            scalarField values(faceCentres.size(), Zero);
            forAll(faceCentres, faceI)
            {
                const scalar dx = faceCentres[faceI].x() - xhat;
                const scalar dy = faceCentres[faceI].y() - yhat;
                const scalar radius2 = dx*dx + dy*dy;
                values[faceI] =
                    exp(-radius2/(4.0*epsilon*physicalTime))
                   /(4.0*constant::mathematical::pi*epsilon*physicalTime);
            }
            operator==(values);
        #};
    }
    zMin { type empty; }
    zMax { type empty; }
}
