/*--------------------------------*- C++ -*----------------------------------*\
  =========                 |
  \\      /  F ield         | OpenFOAM: The Open Source CFD Toolbox
   \\    /   O peration     | Website:  https://openfoam.org
    \\  /    A nd           | Version:  14
     \\/     M anipulation  |
\*---------------------------------------------------------------------------*/
FoamFile
{
    format      ascii;
    class       volVectorField;
    location    "17.999999999999";
    object      U;
}
// * * * * * * * * * * * * * * * * * * * * * * * * * * * * * * * * * * * * * //

dimensions      [0 1 -1 0 0 0 0];

internalField   nonuniform List<vector> 
2646
(
(-0.00218108246502 0.0017653992689 0)
(-0.00977089995141 0.00773460576702 -1.13414405001e-18)
(-0.000172139213243 0.00189488282428 1.69327775362e-21)
(-0.00830005548801 0.0039577425592 -1.01471032057e-19)
(-0.00459903414232 0.00899577274234 5.7923493088e-19)
(-0.0321572493234 0.00608318897358 0)
(-0.0129975214545 0.00431166600047 0)
(-0.0436332479014 -0.00254710800937 0)
(-0.11904267609 0.0366638881015 3.1372629834e-18)
(-0.144008696441 0.0134685346038 -5.07945234861e-18)
(-0.0397857659383 0.00998023211518 -1.15481634278e-20)
(-0.170191595276 -0.0132837357061 1.32480601805e-18)
(-0.185474148111 0.0199069875899 -6.33955063363e-19)
(-0.198872302574 0.00811808476485 -2.54993693805e-19)
(-0.155953941517 0.0322668061272 -1.26183102632e-19)
(-0.107548562963 -0.0509830395796 7.4207526185e-20)
(-0.201657213603 -0.0219600191384 8.17487678779e-18)
(-0.0692485879134 0.0278036922182 0)
(-0.175266086313 -0.0442695366276 3.18698853757e-18)
(-0.0483136891815 0.017979394158 0)
(-0.138087485726 -0.0220615993824 9.75733566501e-19)
(-0.00873580358131 -0.00304180632326 5.05220020948e-19)
(-0.0852023285073 -0.00401811937748 -6.95371207747e-20)
(-0.150617053751 1.26786685877e-05 1.39607757312e-17)
(-0.0952341746297 -0.0230279680586 -7.6209476712e-18)
(-0.0460108720863 0.0144257519913 -2.55840633169e-19)
(-0.0584180253097 0.00782016370223 0)
(-0.109112025364 0.0195139348471 -2.42325742786e-18)
(-0.123901452869 0.0136029681452 0)
(-0.0735473298676 0.0202806253755 -1.70125513661e-18)
(-0.0443355306284 0.00403342880923 1.37150435557e-18)
(-0.0123431164587 0.00264101035799 -1.15718508882e-19)
(-0.0154957631882 -0.00303684496734 -5.5015199889e-19)
(-0.00352675706383 -0.0138689768699 0)
(-0.00640049990902 -0.0126689930285 0)
(-0.0339838652567 0.0120901978923 0)
(-0.0921927913874 0.0274693274436 0)
(-0.168135998226 0.0299414467469 4.97058391837e-19)
(-0.210061555974 -0.0160395650083 4.00044044923e-19)
(-0.13992483813 -0.0520003859311 5.25265227247e-18)
(-0.0565292186945 -0.0256090335015 0)
(-0.0445782664509 -0.0258711957989 -3.13576243629e-20)
(-0.000511367037606 -0.000187367409456 9.27385329779e-18)
(-0.00293178818004 -0.00322770023408 -2.07439388583e-17)
(-0.00130123288787 0.00170653747134 4.35182068261e-18)
(-0.00546076848531 -0.00523353977645 1.80194999822e-18)
(-0.00409350388862 0.000772019531698 -1.44519735614e-18)
(0.000457566613982 0.0363009592656 -9.60933642886e-18)
(-0.00295633351267 0.0340352095704 -5.55898717709e-18)
(0.00570108593338 0.0637918117755 -1.1712660268e-18)
(-0.0256742757448 0.0917798909356 -6.66930192224e-18)
(0.0153748081626 0.115180298927 1.43701740347e-17)
(0.00525503576759 0.108267154999 0)
(0.0153785694009 0.0978414554182 1.32101644051e-17)
(-0.0116509413373 0.0424424673005 -2.80400157748e-19)
(-0.018428012244 0.0545659342076 -1.18471679086e-18)
(0.0148840526253 0.0770559001163 -1.3983689882e-17)
(0.000107123035025 0.109928162581 -3.62619754873e-18)
(-0.00358362309872 0.125887337251 8.37611730832e-18)
(0.003418073808 0.124295915552 -1.17274407251e-17)
(-0.0151847798585 0.108772541946 0)
(0.0188393100507 0.086970970352 -1.63816079258e-17)
(0.017958385294 0.126557079168 -6.04528130156e-18)
(-0.0269784009171 0.0627622734167 3.55698301823e-18)
(0.0206215922513 0.110907877937 2.52122153261e-17)
(-0.0235232131883 0.0438894153685 2.22418857054e-18)
(0.00496911968147 0.0707719351167 1.2047893101e-17)
(0.00352026411128 0.0216760670597 6.31402938653e-19)
(0.0104670425982 0.0614529328186 1.61982182099e-17)
(-0.0124739875563 0.0902045274091 5.77552373312e-18)
(-0.000797608036774 0.101513137768 2.87687233769e-18)
(0.00390587044643 0.0448917527194 -1.5398872716e-18)
(-0.0187905501248 0.0732365620232 6.27945493892e-18)
(-0.00831259543112 0.0635240831601 4.51418109231e-18)
(0.00218805526145 0.0242547631406 -6.24247154877e-17)
(-0.00420127925521 0.0567063509046 0)
(-0.0120090402268 0.0117977002028 -1.82332951488e-19)
(-0.00646337904024 0.0173006549438 -7.79550831355e-19)
(-0.0109690279638 0.0512645518306 7.33669904438e-17)
(-0.00304989639201 0.0422947956251 -7.17387203648e-18)
(-0.0190975716536 0.0291234151603 -5.77197212301e-19)
(-0.0258810229911 0.0766208166674 -2.3543697354e-20)
(-0.00881503748895 0.117161745346 0)
(0.0125495102061 0.127820198728 -1.94733697372e-17)
(0.018826671034 0.0958159074521 1.5368953425e-18)
(0.00267970492668 0.0729501358825 2.35785413111e-17)
(0.00227761090099 -0.339912432134 7.82253626938e-18)
(-0.0131732973427 -0.0447858858998 -1.17976232519e-17)
(-0.0105048380537 -0.178380098525 1.42047045312e-20)
(-0.128014346282 -0.342641748893 -5.66661125107e-18)
(-0.0594991553159 -0.41838511327 0)
(-0.045375472062 -0.0741634097742 1.70176062857e-18)
(-0.0256750199021 -0.342887535655 0)
(-0.0542245893874 -0.342731365156 0)
(-0.025736890254 -0.315585596262 5.94218767234e-18)
(-0.0963023093785 -0.342173339282 -1.67539667869e-17)
(0.0023044787932 -0.293563753317 3.38387333638e-19)
(-0.0205049773466 -0.29487385649 0)
(-0.124196670904 -0.200720128847 4.41540270525e-18)
(-0.00619841802034 -0.292303510931 0)
(-0.0705848625634 -0.108023910551 -9.7198065145e-18)
(-0.0163793294129 -0.345158688971 0)
(0.00464048982956 -0.00745319935492 -7.76344252192e-19)
(-0.0390408944222 -0.407980369713 -1.62773616731e-17)
(-0.042502823227 -0.380332263433 3.49999208575e-17)
(0.00307314286312 -0.3653568236 0)
(-0.0673203232237 -0.115477938524 1.9099762972e-19)
(-0.0381970143552 -0.323576304843 0)
(-0.0922450214089 -0.347251833799 4.2390972427e-18)
(-0.0668232567856 -0.376693098909 9.08354537832e-19)
(-0.0886326539296 -0.222818295663 -2.72684617211e-18)
(-0.0322682767681 -0.168448293894 1.36748809051e-17)
(-0.00352132530237 -0.00820281736373 4.15076530833e-18)
(0.00506187252072 -0.0144204643839 0)
(-0.015762716801 -0.343900983916 -2.17477756109e-16)
(-0.0440235945811 -0.0578486631143 -1.32833280179e-17)
(-0.131942074683 -0.273542938271 0)
(-0.0712690479773 -0.353859278428 1.17128094065e-17)
(-0.0289872800212 -0.306659907854 0)
(0.00729235188492 -0.296681464979 0)
(0.0129229485656 -0.279921594325 4.10722984276e-17)
(0.0379020123408 -0.368885581862 1.07315568407e-16)
(0.0420571825504 -0.378909366744 -1.2266172901e-17)
(-0.0456361326395 -0.031944844457 -1.03145751293e-17)
(-0.098040750811 0.0738661053892 -1.70974677059e-17)
(0.265101175048 0.0204812137839 4.0893308205e-17)
(-0.0858783435447 0.0499860763088 0)
(0.0202653871038 0.0961043846586 -4.85560874015e-18)
(0.479971081977 0.00786914823926 5.54584848203e-17)
(0.306611856236 0.00117721691394 -1.02084772055e-17)
(0.313879457622 0.0484401320388 0)
(0.159429993188 0.0820574379297 7.48013064422e-17)
(0.252994526504 0.0139609531364 3.8929107873e-17)
(0.282711138899 0.0282825843982 1.4046904767e-16)
(0.289664915854 0.00523179168899 -4.11398311699e-17)
(0.0335333951144 0.0488260706198 -5.4874355122e-19)
(0.0669752497487 0.0296325517484 2.06993586123e-18)
(0.247638366387 0.00517044400295 4.25608431155e-17)
(0.262018184662 0.0338155136804 -4.46867878337e-17)
(0.256956272309 0.0557435693501 -1.96776178663e-17)
(0.267571751721 0.0387555891555 -4.3659961383e-17)
(0.238297398697 0.0608836355906 9.19461564287e-18)
(0.224955366699 0.00959216459443 -1.44250798312e-16)
(0.273806437526 0.0141785508853 9.08456344436e-17)
(0.0764596187779 0.0769382336843 -4.71803215577e-18)
(0.279349277528 -0.0365510692677 0)
(0.0288367130649 0.0608453461237 -1.71773416696e-17)
(0.357467375881 -0.00475555044953 4.92576812523e-17)
(0.17307118841 0.0421889564364 8.70425011333e-19)
(0.224919942917 -0.0185018494496 -9.00864192685e-17)
(0.210846751753 0.0373129192867 -1.02363479497e-17)
(0.255359355115 0.0651701072723 0)
(0.360030537681 -0.0362957566252 5.24666787377e-18)
(0.117721968374 0.0523007093935 -3.60200144721e-17)
(0.229350512658 0.0136803601802 1.67424370977e-17)
(0.50700357773 0.031906112863 -1.42754463036e-17)
(0.450403905101 0.00479445634848 -4.97717998475e-17)
(0.0753107276854 0.0907469785871 -7.21450044267e-17)
(0.281636014228 -0.0320266074656 0)
(0.0338615471967 0.0617437059992 7.47964549098e-17)
(0.340435149588 -0.0207451358833 -1.43963459385e-17)
(0.0123192551935 0.0544696938038 0)
(0.132571931607 0.0939225603717 3.96643166194e-17)
(0.260555066807 0.0968017781747 -2.94449020931e-17)
(0.276961668976 0.0214825817382 -7.15205310148e-17)
(0.231374359157 -0.0184969518527 0)
(0.219634083868 -0.0442530448203 1.22687052527e-16)
(0.43948942443 -0.378728726818 -3.00177405463e-16)
(0.280950750027 -0.0873323329816 4.84499813307e-16)
(-0.00939914140414 -0.461306559747 0)
(0.0186022976479 -0.286121570334 8.98843651605e-18)
(0.366624699116 0.0113175076827 0)
(-0.199318950129 0.0267757272218 -2.54745870876e-18)
(-0.201979822906 0.0176248855689 2.54745870876e-18)
(-0.0583825150085 0.025808535596 0)
(-0.0639260719476 0.0293171241972 0)
(-0.191002913735 -0.0351004464051 -3.22887803775e-17)
(-0.195144288302 -0.0465812292926 -2.87513572833e-17)
(-0.0258089403458 0.0154698136852 0)
(-0.0290114048217 0.0148517443226 0)
(-0.118616961985 0.0415328459277 0)
(-0.107069235472 0.0386523282247 0)
(-0.147448145114 0.035326008198 0)
(-0.135993267638 0.0426882284317 -8.75383439676e-18)
(-0.0972575207603 -0.0528769200027 -8.09857178244e-18)
(-0.0831922701315 -0.047079159257 8.09857178245e-18)
(-0.0284257929019 -0.0241643300947 0)
(-0.0387025915224 -0.028131269943 0)
(-0.00338829496333 0.129191932393 0)
(0.00214161989204 0.128596859063 3.32199778161e-17)
(-0.0261999588723 0.0528028142172 -9.32982214272e-18)
(-0.0264257540147 0.0580660423634 -1.10803523425e-17)
(0.0191850112197 0.12240607876 2.68532128956e-17)
(0.0221337809809 0.120449110791 -1.34877101302e-16)
(-0.0218815746227 0.0199489615728 1.48252551386e-18)
(-0.0222529244546 0.0243007418198 2.93901707248e-18)
(-0.0258232997708 0.0925116274795 8.15617893548e-18)
(-0.0269199330661 0.0856802009722 -8.15617893549e-18)
(-0.0209044773076 0.103411366502 -1.21738019192e-18)
(-0.0264861881227 0.0989184964005 1.21738019192e-18)
(0.0183303581939 0.0850709851708 -3.59750730398e-17)
(0.0148094995085 0.0799832474047 3.59750730399e-17)
(-0.0103929778233 0.0626112201076 0)
(-0.00436086763956 0.0669307524129 -7.48212399888e-17)
(-0.273074462308 -0.0469976717558 -5.70393769863e-19)
(-0.0822334942536 0.0581913502807 -1.87266357916e-19)
(-0.0357967756992 0.0250511248118 -2.20243525246e-20)
(0.281554002057 -0.0151533757985 -4.31769497717e-17)
(0.00803906582104 0.0673117402129 0)
(-0.0692967286509 -0.0697855024826 0)
(-0.0949249202848 -0.0892459368579 0)
(0.23650504537 0.122034009108 -1.05200724366e-16)
(0.208145875053 -0.0846309235702 4.29993327954e-16)
(0.217063429663 0.134635559995 7.95627214699e-17)
(0.288711565563 -0.00671888738031 0)
(-0.268098143746 -0.038671654635 -1.37603614187e-18)
(-0.0398933292913 0.0278595548428 0)
(0.0171486401925 0.0758580058298 0)
(0.0627320426822 0.104050396437 2.11484643461e-17)
(-0.0843224734464 -0.241301968432 0)
(-0.0848967416216 -0.227777916416 -2.87421806059e-18)
(-0.182766368763 -0.2789413903 1.91182332284e-18)
(-0.189038880962 -0.262546726401 -3.7098485409e-18)
(-0.172113040685 -0.285022078414 0)
(-0.179244271173 -0.281359913956 -2.00366049816e-18)
(-0.166055425816 -0.189697488395 1.99759531864e-17)
(-0.169210183367 -0.182747499395 -1.78584238736e-17)
(-0.106373059164 0.070775811508 0)
(-0.197443466705 -0.101395990186 1.54768055694e-17)
(0.202899717042 -0.0805966268056 -3.95861629991e-16)
(0.196825380665 -0.0554027151455 0)
(0.108224358088 0.121724694353 0)
(0.29200197078 0.0278322412592 -1.81412816363e-17)
(-0.273062242528 -0.00269510147564 0)
(0.105767352168 -0.0325481990434 9.94840581612e-17)
(0.0582532303771 0.105181886111 -5.14128404852e-17)
(0.213993205846 -0.0829883458769 1.75432512565e-16)
(-0.115935578976 0.0758264250807 -2.20931860914e-18)
(-0.0830388586644 0.054982970831 0)
(0.289091469383 0.0376346576781 -1.47382785141e-16)
(-0.0748723805641 0.0546891369233 -1.04702868646e-18)
(0.210335124957 0.141887441755 1.19300797611e-17)
(0.242246929833 0.115691652737 -5.9544932125e-17)
(-0.150840610293 -0.163506713541 0)
(-0.128571800714 -0.137108865268 0)
(-0.118696904691 -0.249281485533 1.6433431089e-17)
(-0.138942972254 -0.277508869105 2.97311257885e-18)
(-0.186279361946 -0.246633704579 2.1401029952e-18)
(-0.196723865609 -0.263110799866 -5.1329892423e-18)
(-0.0706646612881 -0.231383521199 -1.37723254803e-16)
(-0.058909345871 -0.218770242416 1.16336491383e-16)
(0.0372360241582 -0.210453499235 1.43395232626e-16)
(-0.0278819904761 -0.233608652332 0)
(-0.0522400687265 -0.208511570546 1.35446356467e-16)
(-0.110874240838 -0.241875209986 2.25944470972e-17)
(-0.107708327848 -0.253591441941 0)
(-0.147637781275 -0.277728435305 -3.35895488465e-18)
(-0.1518542431 -0.26862263593 -2.62997302908e-18)
(-0.0360412792813 -0.235934664685 0)
(-0.176187107803 -0.22353657379 1.71555710914e-17)
(-0.187354545456 -0.219673073977 -1.46710698508e-17)
(-0.106752077838 -0.11081949392 0)
(-0.0167965339314 -0.23661854144 2.02042872135e-16)
(-0.0122844171364 -0.238074370919 -2.15083387102e-16)
(0.0072957713203 -0.219745588614 -2.55587915328e-16)
(0.0506022530426 -0.197219186449 -2.8342493655e-16)
(0.051782873443 -0.202161559683 2.78197176257e-16)
(-0.0530367555167 -0.209149368309 -2.14895837567e-16)
(0.031874848282 -0.211701021006 -4.14305764535e-17)
(-0.0283777101175 -0.230920604917 7.99512151233e-17)
(-0.0393765386826 -0.231131835635 -6.06399457163e-17)
(0.00659410362089 -0.225866916735 2.94100055875e-16)
(0.185001420825 -0.0411551990748 0)
(-0.1096865428 -0.106595452604 6.05535171251e-18)
(-0.192951086288 -0.111200325549 2.07865606523e-17)
(-0.255554531898 0.0775422676162 5.4392962255e-18)
(0.276098489928 -0.0223018538878 -2.27567334435e-16)
(0.236223891253 0.118934121169 -5.82557536172e-17)
(0.119618217136 0.131639063923 1.57569677763e-17)
(0.11820444255 -0.0141503793312 1.41806193451e-17)
(-0.276339423564 0.00929741812492 -2.00019839664e-18)
(0.223479946854 0.126784743995 -1.08722513006e-16)
(-0.281158595624 -0.048864698046 -1.1229204608e-20)
(0.289240729268 0.0200635745225 2.4176589226e-16)
(-0.279977154004 -0.0100984292847 0)
(0.0994874547795 0.125501513236 -2.54637612482e-17)
(0.132038617282 -0.0499917386159 0)
(-0.213683740363 -0.103450925777 -8.8790268176e-18)
(0.073702147102 0.10155822062 -4.54532736811e-17)
(-0.253110640137 -0.0133038479636 -1.17554027948e-19)
(0.296204391654 0.0101961055646 -4.69447565974e-18)
(0.174647115042 -0.104411008626 0)
(-0.263004392809 0.0487335031171 -4.18121128775e-18)
(0.153596938757 -0.0502634221047 -2.25883292705e-16)
(-0.215376794096 0.107351917624 4.87182347168e-18)
(-0.0930803022198 0.0580502554579 8.61268094036e-19)
(0.171572802204 -0.0937199546391 1.67434134556e-16)
(-0.255357609348 0.0810858487019 6.95764977074e-18)
(0.0751238444727 0.11489011899 2.54539261652e-17)
(0.290091744036 0.00204440223652 8.48053834639e-17)
(-0.274167748697 -0.0260964700792 1.60954012981e-18)
(0.00449239727099 0.0669565788366 -4.8959830413e-17)
(-0.0619976318399 -0.0612097265339 0)
(0.035014302824 0.0882157482427 2.73246911288e-17)
(-0.0505321039881 0.033473073085 -3.05013811939e-19)
(0.0603368357243 -0.163330631044 -2.68522716018e-16)
(0.0476489748505 -0.167895850876 4.26820575283e-16)
(0.0828294600136 -0.00685892135113 0)
(-0.033807436263 0.0259269750552 4.09636972021e-19)
(0.0402317791988 0.0930550047957 5.26330672495e-17)
(-0.203570574846 0.101261350536 3.5488534847e-18)
(0.0833999314691 0.111001881336 2.7536607463e-17)
(-0.267072592683 -0.0169786642577 1.32979060764e-19)
(0.290721375899 0.0108627971681 -8.33771157649e-17)
(-0.259259431212 0.041564733359 4.48316759273e-18)
(0.153343718674 0.137508079457 -8.89164173788e-17)
(-0.130738740571 0.0703012705504 0)
(0.210623633767 -0.0599796490293 3.59409781849e-17)
(-0.244960846113 -0.0884521871579 0)
(0.146870628703 0.138158169222 8.14081794966e-17)
(-0.124313045386 0.0659092479162 0)
(-0.240353603151 -0.0958038897209 7.5008022849e-18)
(-0.24434815805 0.0928819487373 -1.01751689183e-17)
(-0.259935662711 0.0525198940789 1.20965802992e-19)
(0.163785989638 -0.0668623773769 1.34504609612e-16)
(-0.0534204724213 0.0352473661708 5.2383011962e-19)
(-0.0443100954486 0.0280074912971 1.08328719829e-18)
(0.0247633875847 0.0771244730015 0)
(0.206750957751 0.138150399698 -4.38675422911e-17)
(0.250562142429 -0.0605986569924 2.68188834487e-16)
(0.249580211714 0.107749546792 -6.26684319794e-17)
(0.282198037063 0.041264253882 1.24918928324e-16)
(0.181360362909 -0.069299786728 0)
(0.229707196275 -0.0825920711993 7.33268348297e-17)
(0.119986015575 -0.0286025842494 1.10476767864e-16)
(0.260417308237 -0.0504505352103 -2.77946753373e-16)
(0.0266662584951 0.0934058987951 -2.5626912027e-17)
(0.0426595551872 0.106605292762 6.05311512396e-21)
(0.0333778866642 0.0986757418194 -6.05000185403e-21)
(0.027799140425 0.244298417568 0)
(-0.0105667564148 0.206269711767 -1.11564481227e-27)
(-0.0253674683191 0.206188892296 0)
(-0.0417942549566 0.197993658911 -2.41710025353e-16)
(0.10274576761 0.136560128971 5.84935927862e-17)
(0.0201667336927 0.236536823663 6.03929600167e-17)
(-0.0572377799326 0.168651087207 0)
(0.0348405520813 0.154879410448 3.81671683093e-28)
(0.0127886733457 0.232492278822 -6.03929600168e-17)
(0.0469390524361 -0.0659063549335 0)
(0.0343842172245 0.100591653324 4.94011615764e-20)
(0.0264147060069 0.236937428638 0)
(0.26218417356 0.0842375772625 -6.71302693565e-17)
(-0.184806515351 -0.216004446261 -3.70460128672e-17)
(-0.0702137721031 0.119455309891 1.30380589499e-27)
(0.12784310964 0.193181546901 0)
(0.00326340288665 -0.114247257411 -3.87609304642e-16)
(0.125989232464 0.18368139927 0)
(0.0529481578186 0.00748756214509 -1.22926773736e-17)
(-0.0798048476632 0.0563339472547 -3.83478999667e-16)
(0.0411911974248 0.168664746184 0)
(0.134591666898 0.14037284594 0)
(0.117433239446 0.133028743179 1.02254072946e-27)
(0.00611293521218 0.153340555807 0)
(-0.247477504902 0.0141081111359 0)
(-0.0552863556258 0.15518613241 0)
(0.138103445761 0.0813434749945 0)
(-0.0167654497197 0.204024146953 1.3958815249e-16)
(0.297370449006 0.0379868777219 9.001311923e-18)
(0.0201324976581 0.242651014755 0)
(-0.175416122139 -0.220864595786 2.11717415734e-17)
(-0.0703784707158 0.170560786468 0)
(-0.0325285646277 0.201810626761 -1.26992987655e-27)
(-0.062731365808 0.170540288696 0)
(0.00522529376429 0.167470883256 0)
(-0.0876643032075 0.219729731963 0)
(-0.0510397080944 0.196141514589 2.41710025353e-16)
(0.103114072713 0.207910783377 0)
(-0.160163524456 -0.129306518832 -6.94154776276e-17)
(0.287413840251 0.044149662401 -9.42354820755e-18)
(0.113619205196 0.206954501931 0)
(-0.0331969029835 -0.0712543766746 7.22418520458e-28)
(-0.145856413282 -0.151879358959 -6.90027128184e-17)
(-0.155956191574 -0.149022685809 6.90027128184e-17)
(0.0308375842493 -0.00639814348866 7.31989616843e-16)
(0.0698829671619 0.219596415971 1.9578970973e-16)
(0.275269599368 0.0681744332625 -7.24529181455e-17)
(0.280802213126 0.0583157541501 -7.65343698127e-17)
(0.0356548618447 0.067119220805 0)
(0.133595216608 0.167529292418 -3.14777564018e-17)
(-0.0964877840154 0.215991661407 7.33536528751e-29)
(-0.100414872119 -0.0711473716344 0)
(-0.0542185984127 -0.0478778108862 0)
(-0.0686630466384 0.170997768344 1.02976440159e-27)
(0.128464807655 0.175443446987 -6.731221824e-17)
(0.270608141171 0.0756886297926 7.2067391811e-17)
(0.113311217128 0.149930937756 -4.58133819806e-17)
(0.229557130242 -0.0552632933166 -1.29642237233e-16)
(0.00167785338424 0.174770218088 0)
(-0.067149288717 0.16851625841 0)
(-0.0448889036414 0.187731847132 0)
(0.0775286255082 0.0692559454453 6.48159969426e-16)
(0.0192290332845 0.238534829276 0)
(-0.113852085233 -0.0802876897446 0)
(0.00123177821115 0.191770237136 0)
(-0.12266135532 -0.107977697866 0)
(-0.0585471188609 0.175802175268 -2.42641346374e-28)
(-0.0902905987592 0.158939358021 -1.77334712179e-16)
(-0.053136728447 0.180837995711 2.42641346374e-28)
(-0.0950404897965 -0.0850901714915 0)
(-0.0833017418002 0.125630929419 0)
(-0.0853007325453 -0.0372559226863 1.47208915212e-27)
(-0.116388012314 0.143157587494 0)
(-0.106082436884 0.154836856962 -8.23911265011e-28)
(-0.0706199490233 -0.0627280761346 0)
(-0.0803855638554 0.168212223594 0)
(-0.0517667265624 -0.0827637751126 4.02721599394e-16)
(0.0194958355075 0.147638561175 -4.60961456341e-17)
(-0.123963150738 0.135265370135 0)
(-0.133034666897 0.122775868066 -2.37035029948e-16)
(0.134216236421 0.186002150823 6.73046186886e-17)
(-0.0172288905619 0.160869838814 -3.03855255271e-29)
(-0.148830961185 -0.131602374589 6.94154776276e-17)
(-0.0496043991645 0.0565688636777 -4.57147078436e-18)
(-0.0221851361251 0.165702861731 -6.11084556095e-29)
(-0.0680083807234 -0.114717178707 3.98667001324e-16)
(0.0570906962463 0.0798482744473 -3.30275089351e-16)
(-0.0298837658483 0.158533834004 0)
(-0.0155247080517 -0.104662734083 3.87609304642e-16)
(-0.145073320926 0.0987432994938 0)
(-0.056464461623 0.126773097265 -1.47953110841e-29)
(0.0233277552574 -0.102150727693 0)
(-0.0841106199385 -0.199975591208 1.35046314731e-16)
(-0.0242245757458 0.154579941909 2.6862334986e-29)
(-0.227344780348 0.0326188245155 -5.81763479813e-19)
(-0.0058778384432 0.143511783314 0)
(0.274215925641 0.0584175858603 1.2689183642e-16)
(-0.0390030706739 -0.271902576839 0)
(0.118148674876 0.113214819909 -1.02254072946e-27)
(0.132573105365 0.157237331972 -2.41076310618e-16)
(-0.0420406412209 0.165140778481 -2.81672415694e-17)
(-0.0493441588915 0.167391973496 -9.52948015806e-29)
(0.0245950459673 0.085838300432 -4.31313590205e-17)
(-0.250475847117 -0.0679665532295 -7.52422543823e-18)
(0.0254752272305 -0.0793742993433 0)
(-0.0426615285406 0.0530512199709 4.70812317973e-18)
(-0.106773734417 -0.171100486783 0)
(0.00163446968819 0.0679913972799 2.66973054643e-17)
(-0.0364456676235 0.148800158016 0)
(0.0973250906777 0.160350952991 2.73422921647e-16)
(-0.0488651351739 0.153914257944 0)
(0.0984555099551 0.0811717195298 -3.17884880075e-16)
(-0.0310764759833 0.146628288544 2.37100433276e-29)
(-0.112150729046 -0.171448192617 1.9437081394e-20)
(0.0183863414507 0.0803873293624 0)
(-0.0947311572722 -0.18065930068 -3.51151532013e-16)
(0.137542903152 0.102692141987 -2.67959835931e-16)
(-0.086304596857 -0.178627910998 3.51151170363e-16)
(-0.0554264518197 -0.0494358822101 0)
(0.0425409733619 0.183575631505 0)
(0.0781494556325 0.168845120868 -2.73422921647e-16)
(0.0601114872373 0.161017222371 -5.43383046481e-28)
(0.030885706518 0.107429876445 0)
(0.110115586633 0.210361495907 0)
(0.118466998343 0.0704420323689 0)
(-0.101209128493 -0.0484777590978 0)
(-0.122206919464 -0.161237977582 0)
(-0.151949539851 0.0567475393728 1.99625766183e-16)
(0.00932728462982 0.0712922158864 0)
(0.112116667038 0.180642110048 -1.81308479549e-27)
(-0.14570920615 -0.087740806523 0)
(0.0545387554575 0.0322024866012 -1.19696297184e-17)
(-0.228557580553 -0.0592863780378 0)
(0.0297639191595 0.131014825772 0)
(-0.229736874443 0.018391294339 0)
(0.286546181778 0.0392083990217 0)
(0.00379483796502 0.145263615207 3.97249276385e-17)
(-0.0954755107995 0.205854093694 -5.65748976306e-17)
(0.0563316780463 0.224649479141 0)
(0.0850173391933 0.216429607792 0)
(-0.0881336384443 0.189079269417 0)
(-0.238395796297 0.0394594950087 -3.9880173178e-19)
(0.269932772379 0.0646006293032 5.83088594901e-17)
(-0.0411956356525 -0.253593193378 1.20987753104e-16)
(-0.0939624285858 0.0654160453637 -2.73211232681e-27)
(-0.078174706061 0.184928492112 0)
(-0.0134892044709 0.145661834558 -3.14071699115e-17)
(0.112500996377 0.196227928741 0)
(0.118799653295 0.190273148104 0)
(0.0657401334084 0.227266352138 2.00255709632e-28)
(-0.0852763406426 0.207829005191 -2.05901114709e-28)
(0.0832161878437 0.226439940343 0)
(-0.0787158001497 0.197441733586 2.05901114709e-28)
(-0.082913099891 0.215941501366 0)
(0.271173297755 -0.0370969219983 2.88560466373e-16)
(-0.155920654619 0.0463404696628 -1.9460031932e-16)
(0.26084339164 0.0735881400396 -1.11436982577e-16)
(-0.0509686068683 -0.275615828288 -2.70066385055e-16)
(0.25212768111 0.0915464998717 -6.57417713044e-17)
(0.0160282737097 0.197608945532 0)
(-0.0553268849356 -0.259784995975 1.20659474364e-16)
(-0.0482637334628 0.11436923571 1.44817974949e-17)
(-0.222737440356 0.0323131785569 0)
(-0.22234686619 0.0422319305022 0)
(-0.134339016463 -0.0969327150936 -1.37708675307e-27)
(-0.0935023451494 0.214043417916 -3.86383642014e-18)
(0.0344858204513 0.144296889876 0)
(-0.0690539663438 -0.0482885629887 -1.47113857773e-27)
(-0.0075887225823 0.150469890894 3.36668386468e-29)
(-0.0735199580148 0.165016253815 0)
(-0.111868690114 -0.101184043469 0)
(0.0660770534191 0.220503229575 0)
(-0.0850226404585 -0.0624306874422 0)
(0.0164329393812 0.0815327398591 0)
(0.0817935385045 0.230873256327 0)
(0.127635921982 0.210919067184 0)
(-0.0106455217014 0.141482048724 0)
(-0.1003245775 0.214668128573 -4.71282681222e-17)
(-0.177939404842 -0.192429046505 0)
(-0.002731560224 0.16755934035 0)
(0.103685887469 0.190208824464 0)
(-0.228343511693 -0.0373784417809 0)
(0.0239496122279 0.134456180179 0)
(-0.158607441475 0.0758501907678 0)
(-0.0405191455607 0.195142788179 0)
(-0.084143129836 -0.104036433819 -3.98667001324e-16)
(-0.139886782923 0.11270926842 -2.5874131006e-16)
(-0.11014236824 -0.0746748686749 -2.79470449384e-17)
(-0.0517424398236 -0.105252062098 -3.63241249365e-28)
(0.279162594496 -0.00949209995337 7.99157997048e-17)
(-0.0095373238601 -0.251205520189 -1.95023575083e-16)
(-0.0982460339648 0.155703254547 0)
(0.271211229281 -0.0402481986727 -3.25437957467e-18)
(-0.137300700945 -0.137608322793 0)
(0.00573109167074 0.0724188886711 0)
(0.234149679613 -0.0395610201984 -1.19653143743e-16)
(-0.0561944266136 -0.20684717144 1.72752750249e-16)
(-0.154953529188 0.0773578680433 2.3209493837e-16)
(0.0657741837001 0.22080730749 0)
(-0.0725848980989 -0.187450862893 -2.14451595819e-20)
(-0.157917137049 0.0916060941311 0)
(-0.0154704843064 0.206141239117 1.11564481227e-27)
(0.157849425306 -0.0229292848843 0)
(0.0448714288604 -0.133738238727 0)
(-0.139374079253 0.111891958684 0)
(0.0691957861115 0.220028779052 0)
(-0.153149252426 0.0881965517324 0)
(-0.153577657563 0.0857690218622 0)
(-0.18941042833 0.127435679447 1.07318794573e-17)
(0.0863347252384 0.233798374754 0)
(-0.219014156581 -0.0538706193309 8.11772684144e-18)
(-0.0144381438389 -0.0818325404813 0)
(0.0278923946163 0.129651501796 -5.03924058929e-17)
(-0.0981528665763 0.160269721212 8.23911265012e-28)
(-0.0728469992911 0.170080248999 -1.67665999597e-16)
(-0.00897005484655 -0.242355823243 1.89589787268e-16)
(-0.136225984966 -0.0917106398277 -1.00891144279e-16)
(-0.0149990946551 -0.239271496094 3.55810271975e-16)
(0.0200940233481 -0.118637561735 0)
(-0.0312163127738 0.205909665654 0)
(-0.157556772479 0.0659856110612 -2.3209493837e-16)
(0.274594248723 -0.0308711209451 -9.33742862552e-17)
(-0.128220908761 -0.148349889624 0)
(0.0491859915074 -0.0418425599103 -1.13264550427e-17)
(0.281713557041 0.0532231556084 7.58792232359e-17)
(-0.13272780721 -0.090313177777 -2.82062071559e-17)
(0.0888253012337 0.231067593339 -9.45968826292e-17)
(-0.175985116093 0.104711039583 -5.87025566193e-18)
(-0.0474967574199 0.191101017144 0)
(0.07782742067 0.218667932673 2.86327690199e-28)
(-0.00707853828394 -0.233074157053 0)
(0.135861062698 0.205078091782 -4.26382422547e-17)
(0.115218148441 -0.117601204855 0)
(-0.0243129822876 -0.239950414033 0)
(-0.145711303761 0.0322053439 0)
(-0.243179625003 0.0248575255449 6.04996985686e-19)
(-0.00275002465425 0.152322524571 -3.97249276386e-17)
(0.285182671737 0.0544383402593 -1.26718328395e-16)
(-0.1681125796 -0.0848838418367 0)
(3.34350788303e-05 0.220748749823 1.05483954561e-16)
(-0.216870268775 -0.230162072986 -7.39232884337e-18)
(-0.223274258715 -0.222082985641 0)
(0.0275109588508 0.244649596767 0)
(-0.151532201973 0.0668265298434 -1.99625766184e-16)
(0.130156061371 -0.122091647015 0)
(-0.020821495573 -0.234191670834 -1.26915748984e-16)
(0.0940334849948 0.219599206431 -5.26588955128e-29)
(-0.062427520662 0.0716483119954 -5.16113911572e-18)
(-0.0174685293537 -0.192938708807 0)
(0.0974546273846 0.194888206808 0)
(0.0193240264248 0.083566580209 2.55521070451e-17)
(-0.015995315553 -0.250883447832 -1.0192833732e-16)
(0.0791639716647 0.218962527677 -2.86327690199e-28)
(-0.175970012496 0.115760346858 6.36293440725e-18)
(0.0920289101334 0.223248674801 5.26588955128e-29)
(-0.0332115335138 -0.186255007613 -3.70043634173e-16)
(0.021238851155 0.0888906439379 -5.29369828463e-17)
(-0.167402436638 -0.0747570738128 0)
(0.0311512547414 0.106459500793 0)
(0.0273302238044 0.0978564340229 0)
(-0.236383438796 0.00267153285479 0)
(0.00679262226143 0.145157681324 0)
(-0.209733864324 -0.0731687911102 -4.20519199939e-18)
(-0.0620302395918 0.154595990904 0)
(0.0309035856908 0.122862396335 5.01149049508e-17)
(-0.163054971722 0.159300152234 -1.58219598913e-17)
(0.0341174440678 0.0430526746573 3.5252112695e-16)
(0.0121576626909 0.0791161079574 0)
(-0.147668332001 0.0225053898868 3.21481529436e-16)
(-0.155159352345 0.148087841543 4.13302531608e-23)
(0.294663017944 0.0341065660908 0)
(-0.030949967189 -0.272604113458 0)
(0.0262077371484 0.0973081875947 0)
(0.12385374564 0.153272811789 -2.34048347804e-17)
(0.263148253254 0.087785243635 6.48512686446e-17)
(0.122853263127 0.193966304406 0)
(-0.225977273716 -0.208432846035 0)
(0.253757881019 -0.042788347719 3.65493140174e-16)
(-0.060626336546 0.0945798664617 0)
(-0.14232365827 -0.184803201361 0)
(-0.261316308482 -0.0534280675567 9.60622491733e-20)
(0.224126834898 -0.0376970558872 2.05887058334e-16)
(0.214519196264 -0.0255818492953 -2.23441406892e-16)
(0.0744501254646 0.224876188425 0)
(0.241862232531 -0.0361850400373 -1.22776202554e-16)
(0.0291994510788 -0.19028703448 3.57121803695e-16)
(-0.162787144662 0.178227917956 3.10031680501e-17)
(-0.0625997149741 0.0330220067913 1.80205669752e-20)
(-0.159354290824 0.175802663108 0)
(0.0316402631223 0.114814906816 0)
(-0.192986387029 -0.081927304051 0)
(-0.00998907644364 0.165251423858 -3.36668386469e-29)
(-0.238322145309 -0.050241513316 -8.25818984591e-18)
(0.0266316914907 0.138346009014 5.03924058929e-17)
(-0.0144657665201 0.171348447911 0)
(-0.101294219939 -0.180965313449 -6.12791806897e-17)
(-0.154328204036 0.0375748222445 3.72169024933e-16)
(0.123878935524 -0.138229365947 0)
(-0.156537925484 0.1679978541 1.58218701903e-17)
(-0.233332606981 -0.200953940793 0)
(0.0138926725221 -0.191093170563 -3.7300601164e-16)
(0.130143425051 0.201333642243 3.86089386356e-20)
(-0.0836894690085 -0.194253690852 -9.44639637929e-19)
(-0.105653228472 -0.177273576837 0)
(-0.187275296348 -0.190498025739 0)
(-0.0466022308723 -0.191662615599 3.70064510852e-16)
(-0.0696379988413 -0.19946588768 -3.34222329984e-18)
(-0.0541066570013 0.0659616724737 -1.20152801463e-18)
(0.280471431641 -0.0170931628779 0)
(0.0190791787734 -0.197780096789 1.22910984437e-16)
(-0.166457649562 0.176598252881 0)
(0.0245233504103 0.0893703383269 5.29369828467e-17)
(0.136569785559 -0.140138957051 -3.41979927114e-16)
(0.0294124177607 -0.187046940968 3.14408865345e-19)
(0.0852765622517 0.21929675749 0)
(-0.0100653608483 -0.23399567158 -2.54827207463e-16)
(-0.0596381409906 0.141095326135 -3.4342255191e-29)
(0.0764092570887 0.0454833331277 -3.40551497232e-16)
(-0.12432313666 -0.159956968115 0)
(-0.00210289524494 -0.185735046006 3.7300601164e-16)
(-0.0348104784739 0.0539233135681 5.30665086391e-18)
(0.0889242637165 0.18567361387 6.00141645436e-17)
(-0.153330113453 -0.114018129673 0)
(0.145343714489 -0.0636129879145 2.40524881613e-21)
(-0.12914143723 -0.0950090922053 1.46852586352e-17)
(0.0352117384842 -0.106488917353 -1.59475564246e-18)
(-0.131006701275 -0.146766444455 2.68603526875e-16)
(-0.00673205977286 0.174857561994 0)
(-0.228198336901 0.0671034037408 0)
(0.0469814910848 -0.0865335587985 1.58601872719e-18)
(-0.0615842046008 -0.183746806698 0)
(-0.190917643843 -0.0737130603628 0)
(0.0300663093685 0.114269293104 -5.01149049507e-17)
(0.0782071117998 0.236323137146 -8.7642463028e-17)
(-0.0250289510145 -0.259712143321 0)
(-0.132128756687 -0.149407902364 0)
(0.0351011733362 0.244270854252 0)
(0.175949075567 0.154085808496 2.08210693872e-16)
(-0.144926237368 0.0166283109838 -1.55982745738e-17)
(0.172375454896 0.17862363687 -1.57292391522e-16)
(-0.0736705501131 0.0999698770007 -1.30380589499e-27)
(-0.0453624129698 -0.203968974108 0)
(-0.042814085187 0.0227245242539 -8.62194651267e-20)
(-0.154496804092 -0.0731731039419 0)
(-0.227577886661 0.0572193403967 0)
(-0.086989882584 0.201597565817 0)
(0.0236237715221 -0.205112884758 -2.37453877853e-16)
(0.0282126236219 -0.200445550042 2.55432369387e-16)
(-0.0199643610442 -0.234305716066 -2.29148459923e-16)
(-0.0505024806924 0.0282103377817 4.4200473016e-19)
(-0.183095771424 -0.146332267469 4.73241706896e-17)
(0.101444635091 0.213901744681 0)
(-0.242598600944 -0.179350886875 4.74159764439e-18)
(-0.102997338731 -0.158951537422 1.1239711315e-16)
(-0.0453090061363 -0.232167971817 0)
(-0.209959694736 -0.241628780463 -5.4886773479e-21)
(-0.0313606139166 0.104088394605 0)
(0.0415520790019 0.244005932424 0)
(-0.134975099256 0.0507273764853 0)
(-0.046170123854 0.0896060047555 0)
(-0.195800863238 -0.143733401835 -4.73241706896e-17)
(0.0463918974239 -0.186011576315 3.7107550849e-16)
(0.0749766699893 0.128207187469 0)
(-0.104660697895 -0.135876602227 0)
(-0.014528675825 -0.259177356954 0)
(0.183547890065 0.097473050521 0)
(0.266728142209 -0.0499674985857 -2.94590814392e-17)
(0.0169166879772 0.213125069757 5.50063873087e-17)
(-0.0182505639705 -0.205356703233 1.79689856993e-16)
(-0.235588063783 -0.186928760605 -4.7450253193e-18)
(-0.243543858813 -0.180781551736 0)
(-0.160802568617 -0.106253983619 1.35101838778e-17)
(-0.147633997613 0.0394535838942 -1.77568705612e-16)
(-0.00363559254002 -0.21010177285 0)
(-0.203564086261 -0.204780953001 0)
(-0.0832581806228 0.0429382974473 -3.73873309114e-19)
(0.0856823057296 0.130749802488 -5.54624937029e-17)
(0.236491844287 0.110636969143 2.66159816864e-16)
(-0.18632995414 0.13774982129 -1.07122433554e-17)
(-0.0996659087033 -0.14270416708 -1.5374969537e-16)
(0.191435265583 0.143692500464 -2.08159454064e-16)
(0.0735386330083 0.13527972972 2.30256755409e-29)
(-0.0803832207122 -0.0633903441138 0)
(-0.170686223279 0.0483163937515 0)
(-0.207415341708 -0.192710422142 -2.45854401578e-19)
(0.135965039448 0.20176321923 -1.21122708515e-16)
(-0.00357219323856 0.0637255469994 1.09193235027e-18)
(-0.0353725192749 -0.0400454093716 0)
(0.0695603637394 0.143452938975 -4.88703473863e-29)
(-0.187795986725 0.14497470206 -3.48510288482e-17)
(-0.264865765256 -0.0649914149213 7.55972706237e-18)
(-0.139124427382 -0.137690601424 0)
(0.170949993833 0.166526726889 -1.26446254279e-20)
(0.122788051876 0.207382249435 0)
(-0.103232942311 0.200637739407 5.65748976306e-17)
(-0.0907309015343 -0.157822860802 7.44726778497e-17)
(0.0756176566537 0.23609756779 0)
(0.141048558303 -0.0840322906571 -2.40524664466e-21)
(-0.145820350297 0.00701430668458 -1.33631952445e-28)
(-0.219125984527 -0.217937334989 0)
(-0.16878873832 0.0693789444247 0)
(-0.0979259950774 -0.151921797127 0)
(-0.265856712237 -0.117412927483 3.43475648831e-18)
(-0.150633606869 -0.00747163496795 -1.5091344812e-28)
(0.0951660076328 0.215050174795 6.22812223926e-28)
(-0.0709968231106 0.0381270035784 -2.62277248848e-21)
(-0.0533213919473 0.140989944069 0)
(0.0644067267718 0.239580844661 -9.07586578757e-17)
(0.0797346647526 0.154439035586 4.88703473863e-29)
(-0.207389155766 -0.181791130782 0)
(0.0309076401637 -0.182147200645 -3.7107550849e-16)
(0.11392271226 0.166501057881 1.81308479549e-27)
(0.199909022747 0.144400738853 0)
(0.0732936228116 -0.00329421140056 -3.48294956305e-16)
(-0.129438157169 0.184522861372 5.10933533427e-17)
(-0.222495986532 -0.180050441218 1.09993218941e-17)
(-0.235132709341 -0.189240593139 -1.0736930106e-17)
(-0.0416556524335 0.0552754443291 -4.70812317974e-18)
(0.139419797712 -0.15269217407 3.50984008079e-16)
(-0.159673774411 0.138650906471 0)
(0.0630566645327 0.240879147111 -7.67952707865e-29)
(0.0831229270827 0.149152931212 2.48484210911e-29)
(0.0239201212557 0.218425024333 -5.50063873076e-17)
(-0.0737838334664 0.0371487725808 0)
(-0.150489255699 0.00311546007991 1.5091344812e-28)
(0.0323348201793 0.234124184787 -6.24389017968e-17)
(-0.137910276743 0.168480137817 0)
(-0.152492598677 0.0598669185482 0)
(0.0418021252739 -0.198099711946 -3.66680461164e-16)
(0.0737197966127 0.160728971513 -5.44242210927e-17)
(-0.129837018458 0.173089826728 0)
(-0.142064225543 0.0150611317743 0)
(-0.137098991043 -0.0772207825367 1.37708675308e-27)
(-0.0262766320074 0.181997440893 6.11084556095e-29)
(-0.166308978431 0.172806899603 0)
(0.0533952231675 0.238679234827 0)
(0.0829563363885 0.172467975339 -2.57007136939e-29)
(-0.0469633483295 -0.227589568353 -1.49595302208e-16)
(-0.205404658906 -0.224024516532 1.87088780947e-17)
(0.258182676905 0.104071880203 -9.97864018957e-17)
(-0.216233018696 -0.158690564269 0)
(0.0493899400362 0.243464739818 -3.92605863914e-29)
(0.248497296507 -0.050990422113 0)
(-0.177301264968 0.159250929737 -1.01821953242e-21)
(0.181571971002 -0.0961670072139 3.70291569416e-20)
(-0.0852100286205 -0.0822028713261 -1.45826746958e-27)
(-0.175750497774 0.138688540038 0)
(0.230081901614 0.122475663485 1.61281356784e-16)
(0.0939667587092 0.209512974316 0)
(0.0558689471243 0.222214345294 0)
(-0.0364111503623 0.125393424143 -6.87586509186e-16)
(0.213230393831 0.133761442497 0)
(-0.147498849844 0.125076027075 0)
(0.033078115979 0.241060519116 0)
(0.0752391009997 0.221868507083 0)
(-0.169645088107 0.0551798756188 0)
(-0.0326365792658 0.186383692769 0)
(0.0550128172198 0.241684008023 0)
(0.00513111845615 -0.229221964948 3.40030335598e-16)
(-0.0744077595791 -0.207843961099 -2.74528499309e-16)
(-0.0272588301007 -0.231985487545 1.60758958077e-16)
(0.231082200642 0.10963619805 -1.79885588923e-16)
(-0.220461503992 -0.175827937125 0)
(0.26044343406 -0.0528972005951 2.59187823302e-16)
(-0.0310933015335 -0.21012868062 -1.79688700965e-16)
(0.0409604294972 0.242443013217 0)
(-0.0390181960701 -0.228414225129 -3.21083060663e-16)
(0.101117193346 0.205891261217 0)
(-0.092670854381 -0.159324086326 -7.45190815149e-17)
(-0.0249704599038 0.121191631132 0)
(0.0247056491811 0.230555131805 -8.48958724755e-28)
(-0.145821026119 -0.0114367700098 0)
(0.0419569658805 0.238674461214 0)
(0.102417762686 -0.18767185768 1.79592796419e-16)
(-0.0364490741107 0.0613894695391 3.24412080216e-30)
(-0.208092802382 0.115270535513 -1.3530820171e-19)
(0.0203783113624 0.219029440411 0)
(-0.209761639983 0.0639016786988 0)
(0.0939526362862 0.158161949528 5.46902967633e-17)
(-0.00624243048325 -0.232988919184 0)
(-0.174959764742 0.166557687319 1.01822147664e-21)
(-0.110906257477 -0.0738704100829 2.79470449384e-17)
(0.191575849951 -0.0981991392827 9.62157334057e-21)
(0.179402890291 0.165923059852 -2.23891455613e-20)
(-0.00843053712759 0.190623839181 0)
(-0.0438028577648 0.0659306252893 -3.24412080216e-30)
(-0.0352125553848 0.0512069740811 -5.30665086392e-18)
(0.187698984895 0.10743637169 0)
(-0.111679986203 0.184232297818 -5.93920484332e-29)
(-0.0369443322312 0.201965169923 0)
(0.134513175965 0.201190411632 -1.41023473113e-16)
(-0.209971930109 -0.18046954139 0)
(0.176098539793 0.164253366219 -4.77503978634e-17)
(-0.0690092147417 -0.0718692270821 -4.02721599392e-16)
(0.115554414379 0.205809360227 0)
(0.0784630407863 0.23068276442 3.24042261033e-29)
(0.0453387590049 0.237765443822 0)
(-0.188737732705 -0.127005939304 0)
(-0.0585867079145 -0.216304682916 1.36920111518e-16)
(0.208190190359 -0.0837476335089 -1.45459744646e-16)
(0.0646517050875 0.232854327674 0)
(0.0496855402111 0.240769347514 3.92605863914e-29)
(-0.0182247221466 -0.230503002229 1.33720109931e-18)
(-0.0894819918412 0.144987471669 0)
(0.155615045598 -0.125963377454 3.41983862218e-16)
(-0.0581279382856 -0.222380658519 3.0411364956e-16)
(-0.0621921914098 -0.219493285951 -2.89767920257e-16)
(-0.034391371363 0.0204748055625 0)
(-0.0286309760076 0.028254490755 0)
(0.0973802639206 0.151910092121 -5.46902967633e-17)
(-0.159842463949 -0.0981077168999 -2.4442310494e-28)
(-0.241621615073 -0.0209772497036 0)
(-0.0260126080635 -0.266327758549 1.04078070972e-16)
(0.225038208668 0.100395522326 0)
(-0.121372644154 0.189621244509 -5.10933533427e-17)
(0.196234481067 0.128999430374 2.20537815378e-16)
(-0.00803821746474 0.209704029564 -1.28932756245e-27)
(0.0937996619817 0.188436960098 -2.54203649634e-16)
(-0.203578788468 -0.0601051263914 0)
(0.028704201814 0.122704031492 0)
(-0.0521343374423 0.132393467227 3.45574982292e-16)
(-0.0322945673275 0.123495754694 -2.08500786572e-29)
(-0.240671118589 -0.0110496163347 4.80358495973e-17)
(0.122059008804 0.213255894058 0)
(-0.104251278447 0.18930583797 5.42294409385e-29)
(0.183791703531 -0.112276474128 -3.21097274467e-16)
(0.0345010943664 0.240282752513 0)
(-0.223602870283 -0.0268255438057 2.30736097541e-17)
(0.09880056374 0.103302804212 -5.57455488939e-28)
(-0.0756371606154 -0.182136238473 8.57874480406e-17)
(-0.233358549185 -0.199610491327 0)
(-0.165125768047 -0.154046520628 0)
(0.0609997131817 0.129670287967 -4.63280009668e-29)
(-0.160941681 0.0043242607892 -2.0905568761e-16)
(0.0320257209723 0.228705184304 0)
(-0.196746635 -0.2286655514 4.60071817421e-18)
(-0.194326287158 0.108665816255 -2.3929889674e-17)
(-0.108440711018 -0.139695018928 0)
(0.0851233346689 0.135127181222 4.15846275522e-17)
(0.0411114938678 0.232957472506 0)
(-0.0821388428795 -0.203133434979 -9.83115228018e-17)
(-0.0053595407062 -0.21970913669 0)
(0.173197405128 0.174987493675 -1.71745020777e-16)
(-0.0856185855194 0.0415862680468 -6.39399138838e-19)
(-0.0380770756206 0.0739510883742 0)
(0.0648191352753 -0.0729044140263 -1.37699432474e-17)
(-0.119532129236 -0.214906906897 0)
(0.184542714591 0.125164835895 -2.20537815378e-16)
(-0.0369633920386 0.223851847919 0)
(-0.225904036118 -0.0360828995152 -7.87812355957e-20)
(0.0723916907777 0.237512329552 8.76424630281e-17)
(-0.124887073215 0.134823038634 7.64566902913e-17)
(0.10817554047 -0.181277666629 1.79012367197e-16)
(0.246412375868 0.0847341121193 0)
(-0.0848920006202 -0.166041478607 1.72363297233e-16)
(-0.136507549184 -0.13614109263 -2.68602629871e-16)
(-0.15009037884 0.0151062175239 0)
(0.0620566769451 0.125389134882 -2.30256755409e-29)
(0.157571047033 -0.138999756854 -5.69611116179e-18)
(-0.109245160205 0.207053318176 0)
(0.00323361997498 0.213452685925 -1.65455317104e-16)
(0.0736225707164 0.233662886076 0)
(-0.0568516843746 -0.220883584252 1.09444326832e-18)
(-0.0323358344546 0.0209454124923 -1.48458691822e-19)
(-0.227977742528 -0.154205266974 -1.8287625243e-17)
(0.216799358635 0.111531199962 0)
(0.15685601592 0.0705842668192 2.51747832624e-28)
(-0.0707014133106 -0.191234864662 -2.2782979568e-18)
(-0.212955765196 -0.198619906815 0)
(-0.117304613488 -0.190174029982 0)
(0.150213636697 -0.107686740218 -9.78440244059e-21)
(-0.0537715241527 -0.216082941118 -2.50213049497e-16)
(-0.179200475564 -0.167842445448 -4.65517120126e-17)
(-0.0151397708619 0.206090145072 0)
(-0.107799449318 -0.127443701009 0)
(-0.0404489101773 0.024457864989 -2.85944028999e-19)
(-0.166201086863 -0.111277024806 2.4442310494e-28)
(0.219784248651 0.00963096720331 -2.33700090048e-16)
(-0.105140540434 0.14041349582 0)
(0.148686556731 0.16081072022 -4.66196862399e-18)
(-0.222448038804 -0.204506061571 0)
(0.0565525225706 0.232487069697 0)
(0.156912906528 0.0485121013458 -2.51747832624e-28)
(0.0666898235577 0.147054499222 5.44242210928e-17)
(0.216954691691 0.139183242126 0)
(0.137265664685 0.0366411196814 0)
(-0.177568535119 0.0445512847099 -6.96068149571e-17)
(-0.119453118342 -0.163498642649 0)
(0.160292421837 0.157682753109 4.07082325133e-18)
(-0.220438763083 -0.167367659193 -1.04322184753e-17)
(0.0748847774593 0.176904488353 2.68838722575e-29)
(0.24942174262 0.100627934977 -7.75948964341e-17)
(0.179194154708 0.172124314488 1.71758545864e-16)
(0.109182245852 0.158877800433 0)
(-0.141856756877 0.0199011699207 -1.37509682036e-16)
(-0.0684384222154 -0.209615656018 -2.5477270392e-16)
(0.215878707041 -0.08562121653 1.46691536476e-16)
(-0.0767027761518 0.119490874746 0)
(0.251413090061 0.0875959616702 0)
(-0.0640028104511 0.0683883129341 5.16113911572e-18)
(-0.0333381895216 0.212171392659 0)
(0.128667793014 -0.161490503963 1.7705926595e-16)
(0.24247891791 0.111298129696 -5.18610580797e-18)
(0.0111696522703 -0.20338137035 0)
(-0.160118744502 0.0210427787103 3.63683884787e-29)
(0.227782682681 0.0913285522391 1.98286347254e-16)
(-0.0728904717231 -0.212207793995 4.26999873302e-16)
(-0.13907912478 -0.048785862006 0)
(-0.137328367327 0.155796195561 5.86468977089e-17)
(0.21065623857 0.118234448734 0)
(-0.141614162512 -0.0106339768305 1.2826438488e-16)
(-0.000143038103718 0.212163418787 2.06334730585e-28)
(-0.12322035185 -0.182689211091 0)
(-0.0605515902619 0.0328897909516 -1.52345063609e-20)
(0.166930688962 0.166685125261 8.18802146706e-17)
(0.263402737162 -0.0526474291818 0)
(0.117891226208 0.0473380704803 3.1425315341e-16)
(-0.0133403482195 0.197315425282 9.75233037562e-30)
(0.174391057002 0.0802714207405 -2.52556687485e-16)
(-0.126660274594 -0.0692254297198 0)
(-0.152338915393 -0.17205557257 -3.30606980915e-17)
(0.236005701765 0.0951273550376 -1.98286347254e-16)
(0.0255567188342 -0.206599994548 0)
(-0.0406149714082 0.126380954253 0)
(-0.142369601236 0.00650823832491 -2.39825719157e-16)
(0.0910567227155 -0.0379021962186 -3.29866988768e-16)
(-0.0412947932815 0.178027282582 2.81672415695e-17)
(0.0124127864671 0.215949543778 1.65455317104e-16)
(-0.0822259991687 0.156848391679 5.88806075928e-28)
(0.0218387932622 -0.216137797178 0)
(0.162718926841 -0.110781212569 0)
(-0.143983713065 0.00225056933176 2.14203785207e-16)
(0.246148551099 0.0999966714517 -8.62641476005e-17)
(-0.0089476605057 0.185557731199 0)
(-0.0908820159487 0.0500141062586 -4.35638299969e-19)
(-0.0393869794671 0.105267451924 -3.65283566589e-16)
(0.0674725239232 0.237350181765 0)
(-0.19491602989 0.0528365821509 2.58336128072e-17)
(0.0712985064123 -0.0278041768529 -3.54797191495e-16)
(0.116341658444 -0.166058826469 1.71363556312e-16)
(-0.161246633128 0.0289182622314 -7.42069768998e-17)
(0.0664762517373 -0.075423588999 0)
(-0.0730867054085 0.0746444032855 5.14227418714e-18)
(-0.0263931083015 0.175926527731 0)
(-0.103597213226 0.0413552792596 0)
(-0.0554947501098 0.183181768012 9.52948015807e-29)
(0.224482734217 0.133304454148 -5.35184664936e-18)
(0.115002286664 -1.71105907931e-05 0)
(-0.0820444492696 0.152875284942 -2.44483069757e-28)
(-0.0345864653529 0.236219450584 0)
(0.203306349767 0.0966636138027 0)
(0.165811678752 -0.126532324253 0)
(0.228574658534 0.128142361317 0)
(-0.135673004318 -0.0504855651087 0)
(-0.0545531367811 0.195630572056 3.0795376942e-17)
(-0.164909603078 0.0109544710581 2.0905568761e-16)
(-0.14981267525 0.00731939531773 -1.00949260675e-16)
(-0.112590168348 0.130067087859 0)
(-0.266896835856 0.0633332214499 0)
(0.128923143577 -0.153445716693 0)
(-0.0129996153459 0.210935719696 1.89548435004e-16)
(0.101217092394 -0.177316463046 -1.73243378205e-16)
(-0.0405002619282 0.179393198063 0)
(-0.163358671725 0.0233866559537 0)
(-0.0955215739943 0.139896869771 1.50700985775e-16)
(-0.0357158619771 0.190272446451 0)
(0.00775585739092 -0.222368425174 0)
(-0.0867942684632 0.151467062775 0)
(0.0301865186177 0.223542021212 0)
(0.0261477653215 0.217678324563 0)
(-0.0174314834069 0.187422500694 3.79484198229e-17)
(-0.0586249009556 0.0918783511506 3.65283566586e-16)
(0.191714222213 -0.111329110911 3.21102139784e-16)
(0.172873099728 0.100493203004 0)
(0.0343625005413 -0.217133445427 0)
(0.089973708469 -0.0656130931349 1.33985422113e-17)
(0.0163703474741 -0.229930824277 -3.40030335598e-16)
(-0.00354950699468 0.214169972788 -1.89548435003e-16)
(-0.136048023884 -0.122465105533 -2.19642795786e-16)
(0.136108080338 0.0133713644705 0)
(-0.175511943961 0.0361566044811 1.37596818252e-16)
(-0.190168793173 0.0457707221063 1.80777797674e-19)
(0.0178734999011 -0.2325135767 4.67600713133e-16)
(-0.122828923264 -0.126205115689 -2.03099222362e-16)
(-0.190275833421 -0.165801548294 4.65517120126e-17)
(-0.126095528615 -0.159059513273 0)
(-0.153233135001 0.041290762784 -8.02277763742e-17)
(-0.238813481159 0.0997292250772 2.07993462184e-17)
(0.00879490691286 0.217437462928 0)
(0.0743135048381 0.224701816136 -6.78802109394e-17)
(-0.142362933876 -0.0773419784643 0)
(0.0906438137458 -0.177975887624 0)
(-0.139615258636 -0.0765424424238 0)
(0.214859483028 0.101947115232 0)
(-0.171285173856 0.14435840352 1.34639793388e-17)
(-0.202974489486 -0.124242124526 0)
(-0.0270438292783 0.205536026027 0)
(-0.00033722772695 0.211174452922 -1.44174147679e-16)
(0.0201386251221 0.219256333735 0)
(0.0654883553111 0.231896289955 1.04012793043e-16)
(0.268036654341 0.0365890931869 0)
(-0.197028426896 0.13944885895 4.96694338492e-17)
(-0.186294938433 0.15348704318 0)
(0.22170133636 0.136612979591 1.27701730605e-16)
(-0.230277181098 0.0854164205196 0)
(-0.0976623121376 0.144348540807 0)
(-0.147335762179 0.0999955752516 2.5874131006e-16)
(-0.219462225434 0.101598581792 -1.6817624759e-17)
(0.250412441409 -0.0644919467632 -2.30991487776e-16)
(-0.145545210135 0.0452133598662 4.19950694454e-29)
(0.218075730416 -0.00978321417327 0)
(-0.0217704556913 0.208834412375 0)
(-0.141033928745 0.0344505061204 0)
(-0.0339778217132 -0.115479557929 0)
(-0.160329208894 0.119161453465 5.53127480884e-17)
(-0.156964339423 0.0266999892288 1.85758014086e-16)
(-0.0816655402451 0.0335520453149 -4.37320507403e-19)
(-0.152018700875 0.0329494043339 0)
(-0.0978050042676 -0.112138243822 0)
(-0.120043544758 0.124787249057 1.21413386674e-17)
(-0.143209132255 -0.00685792239348 -1.2826438488e-16)
(-0.0612104749488 0.0700825604482 3.83478999668e-16)
(-0.126154019746 0.113732897454 1.90616849339e-16)
(-0.192662993637 0.0976577561147 2.31907377799e-17)
(-0.0331259119351 0.11584143446 0)
(-0.24480727897 -0.170706888252 -5.35799110531e-18)
(0.0235312047179 0.218388685781 0)
(-0.202601426156 0.0836888580394 -4.37100893773e-17)
(0.0267630866448 0.209680109251 3.91303711633e-28)
(0.0952990548995 0.0104765352951 5.92277902003e-28)
(-0.112474933817 0.114289534127 -1.14081768815e-16)
(-0.0732035963671 -0.181972440821 -8.41106921668e-17)
(0.20627922946 0.149361699559 0)
(-0.0230827549639 0.192991014411 -3.79484198229e-17)
(-0.176563179798 0.0892515819078 -6.21027415488e-17)
(-0.099481754706 -0.155675353017 0)
(-0.106733472757 0.120384656857 -8.95678172563e-18)
(-0.229602610822 0.0962607273176 1.69380429776e-17)
(-0.0894425438209 -0.199325822275 -3.02046845201e-16)
(0.153088229014 0.130126580062 0)
(-0.183187583324 0.112279411191 -3.14077707803e-17)
(-0.055422828059 0.082205716231 0)
(0.1550241381 0.111207302474 2.67959835931e-16)
(-0.0489459395755 0.217384669083 -1.66109099626e-29)
(-0.0318053550496 0.230865643395 0)
(-0.106005594706 -0.182089270463 3.02489866796e-16)
(-0.0423775255267 0.235528865885 -2.57218332058e-29)
(-0.108561534597 -0.153176757423 -1.11226442413e-16)
(-0.125958035338 0.148574964563 0)
(0.112917781115 -0.0237431853732 3.29866988768e-16)
(-0.173680740728 0.0785092775541 0)
(0.167832404644 0.13575693987 -2.10677478251e-28)
(-0.186745041308 0.0746140321544 0)
(-0.0653788512417 0.0386403675886 -2.80316677022e-21)
(-0.146649248081 0.0541231374423 -8.47957374714e-17)
(0.00368508883131 0.215559616849 -2.06334730585e-28)
(0.218802297026 0.13319526502 0)
(-0.110831347454 0.199936086135 2.54075721647e-17)
(0.0865390710732 0.228809471796 0)
(-0.100968522059 0.179426487013 -8.56722904139e-30)
(-0.226961927504 0.12143945694 -2.46076560836e-19)
(-0.0917975370052 0.166719799191 8.56722904139e-30)
(-0.113999808223 -0.133749788992 0)
(-0.0678362829869 0.155928049627 3.4342255191e-29)
(-0.0863415766747 -0.168031031868 -1.72805255866e-16)
(-0.190723420993 0.0676636731515 1.02521845903e-18)
(-0.0467801116758 0.193618789411 -3.07953769421e-17)
(0.088328380759 -0.0613367845908 0)
(-0.0754381816797 0.0596053456721 0)
(0.193678888092 0.155848900437 0)
(0.219006694937 0.120406147895 0)
(-0.259351893521 0.0691691283743 0)
(0.0139001975499 0.211335283905 2.34716126077e-16)
(0.017184243108 0.219123862508 0)
(-0.122705073756 0.112420990847 -1.83436382713e-16)
(-0.0444126167421 0.205056078801 1.66109099626e-29)
(-0.154969357999 0.0086071560397 0)
(0.249907390655 0.0691932491824 0)
(-0.156718741922 0.0605109466473 8.47957374713e-17)
(-0.111685902311 -0.141791430803 0)
(-0.082133369356 0.0882035436969 -1.16741350524e-17)
(-0.0601072340593 0.208857273118 3.26619694472e-17)
(-0.11627849309 0.116923323411 9.62699364798e-17)
(0.268913626609 -0.0410260159189 -1.92737649835e-16)
(0.00733378196608 -0.219494597577 2.27363895101e-16)
(-0.0960092196568 -0.152130635987 0)
(-0.16634412521 0.0514878983313 2.37373025544e-28)
(0.177206674896 0.17478654217 -7.14569691542e-17)
(-0.0157006487167 0.212279707747 -9.75233037562e-30)
(0.0905309676344 0.23063332658 0)
(-0.14405633472 -0.00589318018404 -1.01269357796e-16)
(-0.151092196344 -0.0915137699778 -1.35573223116e-17)
(-0.00810461120442 0.214007778645 0)
(0.164355292202 0.151642830491 2.10677478251e-28)
(-0.12107754489 0.110493671285 0)
(0.199449951417 0.153923759633 1.62278772903e-19)
(-0.111083641875 -0.129013086861 0)
(-0.144658531186 0.0194221375735 0)
(-0.21345699566 0.118268737745 -3.81743458583e-18)
(-0.17341495247 -0.0376954976422 -2.8849868451e-16)
(-0.219254905425 0.110581173873 2.64032941276e-19)
(-0.140783232814 0.0675738511619 -1.02626261652e-17)
(-0.153656425291 0.0195267664022 -3.54131586913e-16)
(-0.170412443008 -0.0159092525454 -3.40378607863e-16)
(0.120195904755 -0.098541557381 0)
(-0.197972909905 0.130042583728 0)
(-0.145673046855 0.0875029585649 0)
(0.231017364342 0.0742338771317 0)
(0.256153905157 -0.0428065481554 -3.53771062076e-16)
(0.225885371871 0.131093622745 2.45652061451e-18)
(-0.057139066238 0.218284118745 0)
(-0.144520121188 0.0488842770081 -1.50079789795e-28)
(-0.0771143836036 0.137574444722 0)
(-0.0208140106286 0.130213331036 -2.5997376724e-17)
(-0.0839016403677 0.169288745068 -3.40320455949e-29)
(-0.00537530011093 0.196787014539 2.68257315032e-16)
(0.200999706059 0.10867686018 -3.26068242133e-19)
(0.198800117968 0.123209446912 3.49045733769e-19)
(-0.0823803053699 0.222497043886 0)
(0.110442488329 0.0964953526939 0)
(-0.154364125524 -0.252691896402 0)
(0.0693998671652 0.163486625435 0)
(0.06635655499 0.225032796712 6.78802109394e-17)
(0.0175423354617 0.216803926104 0)
(-0.139977706188 0.0581935796143 0)
(-0.143421704022 0.179601374162 -2.07773454316e-17)
(-0.0356583323608 0.214068715969 0)
(-0.168048738272 0.103794326434 1.18466928979e-16)
(-0.173015427899 0.00995712333504 0)
(-0.0745468667238 0.0705013501137 0)
(-0.123194963791 0.203255101578 -3.18538186804e-18)
(-0.0615020855396 0.225723822556 -4.49719119639e-17)
(-0.186025843255 0.075460621418 0)
(0.166000556642 -0.13729661377 -6.04331641492e-18)
(-0.147989081378 -0.115024097729 0)
(-0.0195954466883 0.198863723428 -2.68257315032e-16)
(0.108280537387 0.210754427016 -7.39822665894e-17)
(-0.0884921784016 0.107757186075 -3.95418109599e-30)
(-0.154158116046 -0.290603898546 0)
(-0.157861496491 0.106691195226 -1.34622278414e-16)
(-0.155622785194 -0.0124873263417 0)
(-0.159172781293 0.0703809900996 0)
(-0.0408845366538 -0.221937695511 -1.70494887892e-16)
(-0.0537174250167 -0.215996389244 3.31960185474e-19)
(-0.135001659241 0.0817542637235 1.88636660552e-16)
(-0.237748307764 0.106689004204 1.09009030801e-17)
(-0.0958923055932 0.0727686135687 -3.5557923682e-18)
(-0.057807556093 0.0577441884117 0)
(0.0755842427969 -0.187763994389 3.14268859426e-16)
(0.0423777948798 -0.110974655237 3.65117589028e-16)
(-0.245537434617 -0.0457255106487 4.37122149552e-19)
(0.0320391912131 0.220966586978 1.82134810223e-16)
(-0.190681866725 0.0522984297887 -1.81561463611e-19)
(-0.0844420472219 0.0772031481366 0)
(0.087658049099 0.168256025904 2.64893862759e-29)
(0.0364536589643 0.220531178404 0)
(-0.0816412481514 0.171006125503 0)
(-0.11965954569 0.195037014382 -4.83723818162e-17)
(0.26782510656 -0.0450769496738 1.15897565803e-16)
(-0.166181590011 0.142868587633 -5.4193708359e-17)
(-0.150934104801 0.12222682003 -7.06341743687e-17)
(-0.15300814461 0.135188148471 5.41924600907e-17)
(-0.0171579835169 0.137699014748 3.42011526894e-16)
(-0.0750473289717 0.154924931911 3.40320455949e-29)
(-0.119423310425 -0.135894193112 2.03099222363e-16)
(-0.0347577476698 0.174637428941 0)
(-0.174046900071 -0.0319611285972 2.8849868451e-16)
(-0.220492265533 0.124937288051 -1.61343033916e-17)
(0.159015413929 0.186995982184 1.57273181919e-16)
(-0.174449156137 0.127193827331 -5.53249109992e-17)
(-0.216350828358 0.0797686558558 4.37100893773e-17)
(-0.0564299600836 0.230629080746 4.49719119639e-17)
(0.0574282746048 0.239000655705 9.07586578759e-17)
(0.233381144669 0.121194758354 -1.66542667191e-16)
(0.104119565472 -0.151706384681 -3.57715808393e-16)
(-0.0483034008016 0.149744592087 6.110663454e-28)
(-0.0287007245916 0.0193959738511 1.69087442645e-19)
(-0.143087407937 0.00239332232292 1.26571194626e-16)
(-0.134501445201 0.0718221230925 9.81169965482e-17)
(-0.166661257338 0.154126854369 -4.56484214339e-17)
(-0.0107478931997 -0.00921059876655 0)
(-0.139493872249 0.16945533617 0)
(-0.174873101969 -0.00771934754363 0)
(-0.093838293377 0.148029032563 0)
(-0.114402315963 0.20850074811 3.44695813511e-17)
(-0.123605021113 0.128325532244 -2.02758188006e-16)
(-0.0792940731168 0.0926932676723 6.53186086526e-18)
(-0.128804532167 0.0861764289898 -9.93573648593e-17)
(-0.136799211481 0.0543502899932 0)
(-0.204785954362 0.0938280129512 -2.31340545826e-17)
(-0.269892323361 0.0538040961362 -8.55626735021e-18)
(-0.112159771616 -0.119964992543 0)
(-0.111160095849 0.113666508586 -1.06379119773e-17)
(-0.10059065138 0.12835155339 0)
(-0.208035224392 0.124734891936 1.35702694927e-19)
(-0.0928407523662 0.0972100000902 0)
(-0.201924335037 0.118952560276 -5.01317122246e-18)
(-0.170464087696 -0.0529976088431 0)
(-0.130935063102 0.117959654616 8.0634056244e-18)
(-0.175417405378 -0.0154313166217 -1.35467655792e-28)
(-0.242258258018 0.0799091920955 9.55708212422e-19)
(-0.036495513091 0.137653727854 2.08500786572e-29)
(-0.135806875899 0.194826176703 3.7475580229e-17)
(-0.114835413863 0.105052621105 -1.28208514853e-16)
(-0.0713394576357 0.12219447338 -5.72120397143e-30)
(-0.127215728423 0.200496292697 5.01257420983e-18)
(-0.17212876306 -0.0294264235925 0)
(-0.115464526938 0.139929305565 3.77462279516e-28)
(0.146983249091 0.161562292917 2.41076310619e-16)
(-0.154738418022 -0.102866133032 0)
(-0.187612242059 0.107852514897 8.60509245941e-18)
(0.0634464806471 -0.097788771567 -7.21050505029e-16)
(-0.114750382755 0.116415984484 -1.04422455901e-17)
(-0.0482142053184 0.231708064975 2.05278601464e-29)
(-0.199991274128 0.129232085962 -1.27380526788e-17)
(-0.107510012981 0.145096931204 -3.77462279516e-28)
(-0.137594310163 0.0457316341508 0)
(-0.0962116106703 0.13581240658 -1.24258138965e-16)
(-0.131143802804 0.121121059335 4.61128294255e-16)
(0.205764654877 0.0779000240591 0)
(-0.122707050488 0.101180811898 9.27472265299e-18)
(-0.106548492466 0.120715006306 1.23038550541e-16)
(-0.165426500335 -0.0995512870107 -2.37393742253e-17)
(-0.0962418277426 0.147271581824 -1.01050865064e-16)
(-0.147034716011 0.097039621529 0)
(-0.143560708663 -0.112872991831 -1.07288597656e-28)
(-0.13691780477 0.102136718984 -8.02920614424e-17)
(-0.140897199253 0.028694455697 1.16387204432e-28)
(-0.102444024169 0.131139595878 -1.50700985775e-16)
(-0.0995652376897 0.118751964279 3.95418109599e-30)
(-0.0504479813292 0.0540597955734 3.09549374153e-18)
(0.0967305291873 0.0346501843833 -3.1425315341e-16)
(-0.0691110418609 0.165921616297 -2.22921375024e-28)
(-0.0893246181505 0.153648068619 1.77334712178e-16)
(-0.143049993827 0.087363631426 -1.6918536761e-16)
(-0.118327273227 0.185263919715 4.28191118423e-17)
(-0.044958821132 0.234463058802 5.98862585e-17)
(-0.174275651594 -0.0949206926402 2.91100015094e-29)
(-0.104059359322 0.160998746761 0)
(-0.0791294367674 0.158000118988 -6.87882145721e-18)
(-0.0447306927998 0.225456544871 -2.05278601464e-29)
(-0.089727130974 0.142873815598 1.24258138965e-16)
(-0.145640112613 0.151775282028 -5.86468977089e-17)
(-0.0594986690732 0.230724606953 -3.70202689096e-18)
(-0.133176466095 0.10689592692 -2.11122816989e-16)
(0.255760511513 -0.0588769199251 0)
(-0.142096988136 -0.102476833203 3.57411779989e-16)
(-0.144213981066 0.138644019667 -6.8521776121e-17)
(-0.103285391177 0.191699293298 2.2215817942e-29)
(-0.0858098018343 0.151379628822 -1.14940204764e-16)
(-0.103529684086 0.14042296496 0)
(-0.0841572852466 0.112190228617 0)
(-0.10733084633 0.0784555087094 0)
(-0.0857974145661 -0.196200271828 1.10870519183e-16)
(0.105926474091 -0.0512301301223 -1.27061740558e-16)
(0.184606881615 0.166091076985 -5.85315856841e-17)
(-0.0186965575569 0.234578755512 -5.06439525061e-17)
(-0.0926348834693 0.128067726589 0)
(0.0109495163466 0.203956023911 2.60498841247e-16)
(-0.0291604764955 0.211452287476 -4.80147971921e-29)
(-0.0757870412127 0.168035418365 1.04891725588e-16)
(-0.13025439543 -0.118761979664 2.19642795786e-16)
(-0.126503486897 0.199360763022 -4.13903891585e-18)
(-0.0617395621974 0.125885160958 0)
(-0.138757058758 0.11459820013 1.49737214977e-16)
(-0.0854737186738 0.0719230696529 0)
(-0.151843193607 0.0842729729773 1.50813039214e-16)
(0.00714254662762 0.212916528751 1.44174147679e-16)
(-0.0282219001233 0.23927774271 5.852196385e-17)
(-0.0633746976283 -0.168767663596 -3.78001695827e-16)
(-0.157685722397 0.158768852023 4.56463033194e-17)
(-0.0331879528285 0.22448096312 8.11330587701e-17)
(-0.11622684905 0.105542939658 -1.04936674834e-17)
(-0.149603250327 0.187507274423 -2.90695462691e-17)
(-0.0955299155477 0.0915223867938 0)
(0.0976070316542 -0.165727078631 3.6158653119e-16)
(-0.154297210142 0.184744830873 -6.71098642737e-17)
(-0.153202090631 -0.0732150195726 3.73871703447e-29)
(0.145321000901 0.169011726551 0)
(-0.0325644925513 0.202007121168 4.80147971922e-29)
(-0.0270072233863 0.201422224505 4.59197822031e-28)
(-0.157278409565 0.169131588776 -4.33276899736e-17)
(0.159229575246 0.176952866826 -7.88548243287e-17)
(-0.161988388442 0.0543376367182 0)
(-0.109209376978 0.175180071247 0)
(0.0979000265194 0.142790372973 -5.04827408971e-28)
(-0.064515283945 0.173417153792 2.22921375024e-28)
(-0.0402596699046 0.227019863857 0)
(-0.163193292248 0.0628004736281 2.80072984553e-16)
(-0.0492278498872 0.190575716384 -1.82674964051e-16)
(-0.145174471892 0.0989661341032 1.51760903167e-16)
(-0.165216888462 0.0920545234411 -8.80422574833e-18)
(-0.0528444806004 0.231115409013 -3.12544901471e-18)
(-0.137752579891 0.10901536032 -1.29704473189e-17)
(-0.147098154439 0.183031384731 7.66206883189e-17)
(-0.0678029333223 0.182379282172 1.98036897417e-16)
(-0.0766352250958 0.158728314955 1.21819026221e-16)
(-0.17323539897 -0.00729618377387 0)
(-0.11148650194 -0.157186743812 0)
(0.0286270754731 0.21574019247 -2.34716126077e-16)
(-0.149577052492 0.0734919544695 -8.78543703831e-17)
(-0.172254979336 -0.0410952502496 0)
(-0.0315813249713 0.195947326114 -4.5919782203e-28)
(-0.148617034722 0.174282490117 4.33276899736e-17)
(-0.0380959219015 0.234326269984 0)
(-0.0868297896073 0.132126368485 0)
(0.219053730697 0.119729700969 -8.22647590284e-17)
(-0.119978487899 0.0987419744397 -1.07996087079e-16)
(-0.0550679703502 0.224378404062 -6.74780785843e-17)
(-0.129002770784 0.0967010158696 9.87213644262e-17)
(-0.1341879566 0.100704760334 -8.87001873461e-19)
(0.0553192140998 -0.199628778161 -1.09081673466e-18)
(-0.111343449948 0.155969221455 0)
(-0.132417232234 0.131174539744 -7.93491417021e-18)
(-0.0937763753247 -0.16490472548 0)
(-0.0255750317584 0.229897196822 -1.65138480755e-16)
(-0.0426282555227 0.190833333079 0)
(-0.0899280337115 0.152984394512 1.01050865064e-16)
(-0.119847097739 0.198788535312 -8.92683217404e-17)
(-0.0304129359042 0.237586166792 -6.89079118772e-17)
(-0.135204932418 0.193417511646 -2.71451605672e-17)
(-0.0686998480383 0.208970165096 -3.26619694471e-17)
(-0.0464041723924 0.186503112029 0)
(-0.183331675961 0.0652922084933 -6.56712801575e-17)
(-0.138580745629 0.188613931698 -4.05138185591e-17)
(0.141611612389 0.0368955641187 -9.74633609323e-17)
(-0.0219836016173 0.0965243197529 0)
(-0.156840489075 -0.102683603243 1.35618981658e-28)
(-0.1418524113 -0.0575656387317 -1.02983578615e-16)
(-0.0880856807921 0.165223507096 0)
(0.0974899626534 0.17768260417 -2.64893862759e-29)
(-0.143114079977 -0.203384757523 0)
(-0.018671455856 0.227642446066 8.40054219848e-17)
(0.0356802549051 0.226870849853 -4.47202314276e-19)
(-0.165287000068 0.0481009589937 1.49834591331e-16)
(0.154841391135 0.176068273716 0)
(-0.188032898655 -0.163473818427 0)
(-0.141050027311 0.193953639688 2.90695462691e-17)
(0.00729390966149 0.180982686262 0)
(-0.045772389615 -0.227471577043 0)
(-0.133887819626 0.0917576495657 -4.47514084439e-18)
(-0.25933706541 -0.0291572520841 -9.67233132806e-18)
(-0.0234538995295 0.237203959131 6.89079118772e-17)
(-0.145686228578 -0.172723641617 5.85477344719e-19)
(0.208408778663 -0.0974212869593 0)
(-0.0639015980519 0.187339314589 7.99225894063e-28)
(-0.0603841891807 0.183401984712 0)
(-0.165273235339 -0.0777305929006 0)
(-0.107138939368 -0.137660400356 -7.74822408508e-29)
(-0.0477608013719 0.221702745515 0)
(-0.0676727815956 0.227339031683 -5.30587825943e-17)
(-0.165318359373 0.0319034937664 0)
(-0.0670868899059 0.0555130004009 0)
(0.0247708633235 0.230320055575 0)
(-0.0212876504327 0.218046240733 0)
(-0.0626360230049 0.219281677783 6.74780785842e-17)
(-0.137605447028 0.0956226549295 9.06299319447e-29)
(-0.104446688048 0.130365815142 0)
(-0.106916243083 -0.151224083431 -2.14101430488e-16)
(-0.0983228449939 0.136209109867 0)
(-0.0853186973958 0.218795831489 -4.45838982814e-18)
(-0.040687230275 0.189424280065 0)
(-0.117059481948 -0.12241105156 1.725217819e-16)
(0.114103103431 0.218265682681 0)
(-0.125640468194 0.100531200829 1.5461805511e-16)
(-0.10389358794 0.112922488052 0)
(0.117890833442 0.171855313262 0)
(-0.102807596604 0.151316989586 0)
(-0.173369968588 0.0169088258838 -2.83970188831e-16)
(-0.109447005521 0.134840605628 0)
(-0.0839644626118 0.174603795724 0)
(0.229968034672 -0.0718178093845 1.36431441724e-16)
(-0.0858114134546 0.170217695978 0)
(-0.0957313880149 0.170025873142 0)
(-0.162572797443 -0.0794387283604 2.58059989934e-16)
(0.042916640153 0.206116730191 0)
(-0.0158911895995 0.240252488783 0)
(-0.121947695675 -0.14217986237 -9.11111735161e-17)
(-0.10881182052 0.125937341274 1.59782339904e-16)
(-0.108909612646 0.093661068058 0)
(-0.0265342373553 0.208159222057 4.2524996028e-17)
(-0.0924407109247 0.160638616129 0)
(-0.0690689137706 0.174489934406 -1.04891725588e-16)
(-0.0914547398549 0.168701609344 0)
(-0.0799197544034 -0.177810115995 -1.99191789359e-16)
(-0.135310046454 0.186476070262 2.07772973729e-17)
(0.245640287038 -0.0655395740531 0)
(-0.151444164974 0.183355806589 0)
(-0.167540289438 0.0572950483661 6.56712801575e-17)
(-0.120819505986 0.101804207474 0)
(-0.146241878933 0.0792907930518 0)
(-0.0712513939399 0.184345968009 2.35720759793e-16)
(0.182835552734 -0.123229890084 -3.39246318517e-16)
(0.0790918218996 0.133895679042 3.01861492951e-16)
(-0.1069213872 0.100625391763 0)
(-0.0700701833834 0.22422656567 -7.89340289329e-29)
(-0.144516864713 0.0999617570524 -2.30384847568e-16)
(0.059327888119 0.143071229122 -3.0186149295e-16)
(-0.207156571124 0.13596856232 -3.67128583353e-18)
(-0.0779217706662 0.216921299145 1.14888312901e-16)
(-0.111854198569 0.171100661335 5.93920484332e-29)
(-0.115074202182 -0.0375119731552 0)
(-0.0444921944809 0.0604931891108 0)
(-0.0866281299336 0.183302522111 0)
(0.0340571991985 0.219541230527 0)
(-0.0449063378082 0.0635641234164 0)
(-0.030257598285 0.161335736132 0)
(0.123403137864 0.213691153949 0)
(-0.131558614106 0.0935979834667 -1.7042959576e-16)
(-0.0421920821391 0.139966091806 0)
(0.137861969709 0.198021380202 1.8096921877e-16)
(0.152614119155 0.190404451279 -2.70334472779e-21)
(-0.120771713582 0.098380221847 -2.97478218908e-16)
(-0.122059717611 0.0936493964862 0)
(-0.178846436892 0.153914403705 -1.3481445253e-17)
(-0.0953030791462 0.0786473367755 3.48820595945e-18)
(-0.224626564159 0.121754413413 -7.57954800168e-19)
(-0.116133824825 0.129019461352 -9.22128172558e-17)
(-0.161078045285 -0.00779427589989 0)
(-0.0669884198168 -0.134895247281 0)
(-0.119542734407 0.116222135506 8.07081142402e-18)
(-0.0812799325409 -0.172927869644 1.39162978232e-16)
(-0.13488695142 0.117185776475 0)
(-0.119141242127 0.166488241283 0)
(-0.0532443690013 0.0268715489571 -8.13483933621e-20)
(-0.0334643328221 0.045641021486 3.93843222679e-18)
(-0.0738525987809 0.225992669835 7.89340289328e-29)
(0.0307235403405 0.219157414968 0)
(-0.168114655912 0.020149856231 -3.34872112527e-16)
(-0.0701161255573 0.22179050566 -5.943781853e-17)
(-0.140771843501 0.0406293902093 0)
(-0.172692996191 0.163097960951 0)
(-0.193456312921 0.146107180128 -1.6415307228e-17)
(-0.0740250059221 0.217913488208 -1.53351156363e-29)
(-0.143837173929 0.0873109804392 -9.06299319447e-29)
(-0.10239086523 0.164948796527 0)
(-0.0707148000862 0.139578554873 0)
(-0.156891994039 -0.0926310680207 2.47874632338e-16)
(-0.120880528893 0.146149776609 1.12270653781e-17)
(0.0381515607858 0.22266056366 0)
(0.124370904406 -0.0636936755783 1.51086410736e-17)
(0.00156514340072 -0.134980470329 3.80695651182e-16)
(-0.0219048209163 0.217311763722 -4.2524996028e-17)
(0.139707192913 0.19836753804 0)
(-0.153006340262 0.0564806431112 0)
(-0.0329765271169 0.113224750172 0)
(0.199086223402 0.155629446973 5.1942783472e-17)
(-0.130474173309 0.10862462846 0)
(0.000661248926849 0.129921043184 -3.29922660397e-16)
(-0.0208091748939 0.239504813768 -1.1950436699e-16)
(-0.0666045134179 -0.191370149892 1.61492504133e-16)
(-0.0786188397904 -0.207493233978 1.47313562637e-16)
(-0.139218943936 0.0432500996742 1.39346816645e-16)
(-0.0658323023769 0.0232832147027 -3.950078961e-16)
(-0.13174477307 0.125719291347 -9.16316784583e-18)
(-0.0342766575417 -0.136087480447 0)
(-0.16923558586 -0.0341081788144 3.40904586988e-16)
(-0.103801175231 0.157338920416 -4.75254309665e-28)
(-0.113940307469 -0.122536187692 0)
(-0.134493000516 0.0836344668545 1.32986334704e-17)
(0.0269732752355 0.200598106288 -2.60498841247e-16)
(-0.121835742312 0.167149090042 1.51374412401e-17)
(0.208177486123 0.107983575304 0)
(-0.128198607915 -0.310939009816 9.21714435996e-17)
(0.0441368630096 0.213465089055 0)
(-0.11229168948 0.136157740987 3.03568895107e-16)
(-0.115678309597 0.123458971557 -8.07081142402e-18)
(-0.129167359311 0.124923922685 0)
(-0.140488616123 0.073486656611 -1.59103933886e-28)
(-0.223946280099 -0.138629197443 2.61857998612e-17)
(-0.253493194474 0.0659326797739 2.39165752762e-20)
(0.211136281978 0.145750287684 -1.6204357548e-20)
(0.26043272923 0.0767510943603 0)
(-0.10469689974 0.1333073921 -1.18902567098e-27)
(-0.12659593643 0.179520459116 -1.98543021908e-17)
(-0.0953781463968 -0.191354008718 -3.23311344731e-16)
(-0.189687095378 0.0319993029674 -8.33586326599e-18)
(0.21428885752 -0.0689868967375 0)
(-0.138308011764 -0.0450515305999 5.31148073278e-29)
(-0.187757865274 0.155481816815 1.6416596005e-17)
(-0.0850039734652 -0.0135264725055 -1.47208915212e-27)
(-0.131395742533 0.0742713583206 -1.44452051331e-16)
(-0.247240683634 -0.05657224668 3.01332718373e-17)
(-0.169533712605 0.0376504345011 -1.78218357004e-17)
(-0.149271004253 0.0879069917681 2.30384847568e-16)
(0.0435466189792 0.221002142068 0)
(-0.15809015951 0.0712259796964 -2.95952105102e-16)
(0.191092172651 0.0696200026099 2.52556687485e-16)
(0.122132621709 0.206788852172 1.410233319e-16)
(-0.2287990025 0.113920303139 -1.09970661008e-17)
(-0.129038286678 0.160612927526 -1.51374412401e-17)
(-0.128827813448 0.0824528367741 3.01583013621e-16)
(0.0915173400129 -0.166949633082 0)
(-0.106115104918 0.148462354401 -1.3431446909e-28)
(-0.126561517191 0.139075448747 -1.12270653781e-17)
(-0.20195382789 0.14563862721 1.64240426694e-17)
(0.212295277702 0.129393364172 8.49776439912e-17)
(-0.0245979435769 0.228500135734 5.06439525061e-17)
(0.152842331742 0.191386332486 0)
(0.00456263354864 0.166101488146 0)
(-0.0140556680246 0.242046347307 6.09824031397e-17)
(0.114815369178 0.218553663985 1.0025705052e-16)
(-0.214741981898 0.133579912841 1.62313817342e-17)
(0.106868203465 0.213379156487 1.36567412986e-16)
(0.0997769971506 0.223613652421 -4.50874403626e-29)
(-0.0667832640152 0.0590066790982 1.54530571373e-30)
(0.0248827700877 0.189260201529 1.23084681883e-28)
(-0.00778459666303 -0.236944042766 0)
(-0.0944925074823 0.195079966106 0)
(-0.201260437884 0.147829644814 0)
(0.118591051814 0.207759235638 -5.77614946876e-28)
(-0.128514154431 0.0748358345197 0)
(-0.159661164827 -0.0498359334941 -2.27326925088e-16)
(-0.167156790686 -0.056180406456 0)
(-0.141911975655 0.0953250489413 0)
(-0.122950246906 -0.146759685061 0)
(0.258678798936 0.0598167001723 -2.96269530585e-18)
(0.0868987089853 0.201044302984 0)
(-0.139990980137 -0.0552503983955 0)
(-0.078565647383 -0.159462234837 4.22925755018e-18)
(-0.169590892876 -0.0624644682996 3.0301605264e-16)
(-0.121611412057 0.0603378547861 3.77040906033e-16)
(-0.145151451013 -0.0214082539881 0)
(-0.126626653273 0.0835490198414 0)
(-0.138931779356 0.0500066188059 -1.39346816645e-16)
(-0.0120555487269 -0.0341375140823 -8.02852081817e-18)
(0.279988408041 0.0233897772474 1.52753843079e-16)
(-0.141448652846 -0.0193495758753 0)
(-0.139670397819 0.0756655394536 0)
(0.143523637107 0.174933436287 0)
(-0.144874659378 0.0275627023162 -1.06637590154e-16)
(-0.0141261330966 0.15551864988 0)
(-0.133607832911 0.0600274084972 2.69973876234e-29)
(-0.101161209522 -0.143203639986 1.5374969537e-16)
(0.133787885523 0.193924333482 0)
(-0.146339908264 0.0763384734697 0)
(-0.0176470196823 -0.22394670309 -1.31588738649e-18)
(0.0224651468114 0.159351370415 0)
(-0.111042402934 0.148607513373 2.69581846451e-16)
(-0.11873806263 0.0801825580917 -3.54630944837e-16)
(-0.0896497987731 -0.164063978671 3.73773508908e-16)
(-0.124660223523 0.0900466817096 1.16290802235e-17)
(-0.151904959999 -0.0918932510753 -2.47874632338e-16)
(0.204033084156 0.152947105407 1.6176509927e-20)
(-0.122542949264 0.136116597138 -2.6958184645e-16)
(-0.125074994277 0.123102618891 -3.03568895106e-16)
(0.0742973056516 0.212326808229 0)
(-0.164611582149 -0.00663593552808 6.95426147068e-16)
(-0.00166939785364 0.109406811343 3.12622207427e-28)
(-0.122208543861 0.0898929820203 1.31231083574e-16)
(-0.0120723455551 0.231427027601 0)
(-0.0955883653503 -0.131633517007 -3.82368564291e-16)
(-0.00883814055393 0.23980810131 0)
(-0.145322485644 -0.1028559803 0)
(0.261301969191 0.0446618626517 -1.98087159221e-16)
(-0.0701150589987 0.198116126983 0)
(-0.0108399094149 0.232955006565 0)
(0.236025640039 -0.0580945654402 1.30697260753e-16)
(-0.243931270261 -0.165376404102 9.11801848805e-18)
(0.192325329796 0.162565837078 -7.80227611989e-17)
(-0.0463696891903 0.0369604899537 0)
(0.149684851622 0.178279141957 2.34376819871e-21)
(0.117476384369 -0.154998974497 0)
(-0.0242589370798 0.0741621621966 3.70379231069e-16)
(0.175978769334 0.170596470025 -4.36188936647e-17)
(0.15001577581 0.185714116528 -1.89150898825e-16)
(-0.242440904737 0.072001909203 -1.86102932246e-17)
(0.16150190194 -0.126703523232 -1.37131828721e-18)
(-0.0670309555252 -0.000722632583681 0)
(-0.205397464686 0.142635983505 -1.478143039e-17)
(0.0258998453442 -0.228063238457 3.48134965767e-18)
(0.268915278697 0.0225480046386 9.55209451558e-17)
(-0.145055628118 0.0573853602125 0)
(-0.154561946034 -0.0239235829081 0)
(-0.156455117814 -0.0422346734469 9.12518730054e-29)
(-0.0400770257267 -0.22301931508 -1.2557769257e-16)
(0.111744361817 0.215489085891 1.12527148771e-16)
(0.0575416174905 0.234182843465 -1.04012793044e-16)
(0.0786612886223 0.113518580882 -5.54982740819e-28)
(-0.259833531784 -0.0398298868797 1.77707485347e-17)
(0.132808180451 0.201763088249 0)
(0.0496261261554 -0.208987090801 0)
(0.0394177068302 -0.131474882321 -6.72985738822e-28)
(-0.277331818737 0.00381186140894 -1.15070826448e-17)
(-0.173560007387 -0.0146296480968 0)
(-0.174727360302 0.00782391697725 2.83970188831e-16)
(0.0396456009559 0.132813077136 -3.21654535797e-16)
(0.0204628505253 0.141326650285 6.51577196192e-16)
(-0.171879769731 0.0137876592255 0)
(-0.0174644162786 -0.163193716791 0)
(0.284556761935 0.0150995802206 -9.20518562062e-17)
(-0.137960406652 -0.119922873056 0)
(-0.00553623228375 0.0641487569267 -3.70379231068e-16)
(-0.00700633162111 0.241698811312 0)
(-0.168322933708 -0.0339763418 0)
(-0.123753581187 0.104240688029 -3.10581392906e-28)
(0.103288209707 -0.156243661605 -1.56596303596e-16)
(-0.20819218797 0.0722941416668 -9.05234661908e-19)
(-0.162294045603 0.0441897091576 0)
(0.139197683879 0.10959589587 0)
(-0.167677719266 0.0435667910325 -2.93003540895e-16)
(0.0447142550283 0.221208745882 -3.60480262253e-16)
(-0.169491392509 -0.0580679326878 -6.2350581384e-16)
(0.158427016139 0.184042617624 1.89158226078e-16)
(-0.155869493911 0.0663963163051 0)
(0.102508418196 -0.177761279742 3.66792124007e-16)
(0.0582171214234 0.219445310102 -1.95789709731e-16)
(0.129468591007 0.20043285772 -1.8096921877e-16)
(0.0579869631967 0.216073235513 0)
(-0.0942294646515 0.20522647885 0)
(-0.217389484461 0.129086041441 0)
(-0.0586752884516 0.0549093717284 -1.54530571373e-30)
(0.114581943743 0.209467792671 5.77614946876e-28)
(0.242424040522 0.0640321146364 0)
(0.102551591054 0.171967420759 0)
(0.0295308154227 -0.224329608848 -3.46138887156e-16)
(-0.17020951939 0.0278683048621 -2.57604158766e-16)
(-0.165455663286 -0.047581763231 2.27326925088e-16)
(0.0478976429835 0.226250672952 0)
(0.172144034577 -0.130156209353 -3.47895249173e-16)
(-0.127857488544 0.0868323951798 3.54630944837e-16)
(0.219846509764 0.067476476123 0)
(-0.0870609019683 0.170644617333 0)
(0.118076520189 0.208957412659 -1.26611755562e-16)
(-0.119419719526 -0.126552722331 0)
(-0.264796028536 0.0504126468049 8.39763893285e-18)
(-0.115814569365 -0.112023584348 1.42890623898e-16)
(-0.118617522036 0.152658194582 0)
(0.0818676558006 -0.10569440783 3.55933597572e-16)
(0.103939569322 0.215958493422 0)
(-0.0250780982069 0.133010341523 2.59973767239e-17)
(0.105643896194 0.201093080055 0)
(0.0487431699743 0.231066674303 0)
(-0.213359734284 0.13565941237 0)
(-0.132204378797 0.0687061402698 -2.69973876234e-29)
(0.0893469255913 -0.148429511464 3.57712855094e-16)
(0.191044664793 -0.109569106705 -1.47267427933e-16)
(0.0224748082506 0.0751626232315 -3.81687763563e-17)
(-0.146398522543 0.16167789885 0)
(-0.01028497575 0.22045424512 0)
(-0.164484367961 0.0590045281332 1.58791205489e-17)
(0.150284741982 0.194811728271 4.59182134731e-17)
(0.0783993005351 -0.165915919619 0)
(0.0738854628338 -0.151720871102 -1.72639478259e-16)
(-0.162330634806 -0.08800250144 3.12429855644e-16)
(0.131444425755 -0.130228771302 3.55958621602e-16)
(-0.141002559778 0.0321434180556 1.06637590154e-16)
(-0.143429387829 0.140375733218 9.1630961077e-18)
(-0.138285265924 0.148774199762 0)
(-0.0968478919452 -0.170426934323 -2.2140324753e-16)
(0.174392207433 -0.12230799614 -1.75282555794e-16)
(-0.0375608684428 0.0728159126684 0)
(-0.242279666978 0.0754426081436 3.93413619215e-18)
(0.130559597703 -0.163534557501 7.2355848071e-16)
(-0.0324244119765 -0.0471246724056 3.93836100933e-16)
(-0.103161103038 -0.154079129603 0)
(0.00847588129893 0.0593872295005 -4.26152523123e-17)
(-0.0598322240465 -0.061663349936 0)
(-0.235306562401 -0.163964169544 5.83988429514e-18)
(0.0867017074118 0.213101678179 0)
(-0.162805474118 -0.0698405158073 -4.97598851617e-16)
(-0.143472988794 0.0549799539911 1.59103933886e-28)
(-0.109366633743 0.14656592186 0)
(0.132235479999 -0.142314755301 -1.57286289724e-16)
(-0.01654264326 -0.145107068018 0)
(0.0799865858972 0.203189372948 0)
(-0.171650190789 0.0326761800015 5.6842953536e-16)
(-0.0504175728259 -0.144692318322 0)
(-0.197265613116 0.0619056535877 2.42758734468e-17)
(0.01565035465 0.0774673438195 0)
(-0.14981131415 -0.0637088378102 -3.73871703447e-29)
(-0.00396911611728 0.231004232901 0)
(0.0198144860019 -0.143044952643 -3.80695651182e-16)
(-0.0491593055669 0.100746040139 0)
(-0.00554944565914 0.236714028164 0)
(-0.0497306142021 -0.162576175901 0)
(-0.0498307410851 -0.0116237845359 0)
(-0.125144148009 -0.091436010809 -1.26921887019e-16)
(-0.109678765357 0.11764166462 -3.40754186305e-16)
(-0.168188369788 -0.0832810888469 -2.91100015095e-29)
(-0.164794791716 -0.0266693313881 1.00569038386e-28)
(-0.164277723181 0.0122661451604 3.34872112527e-16)
(-0.0506291772117 -0.0361332596705 0)
(-0.184920261856 0.123483637421 -4.69207856167e-20)
(-0.22418514933 0.0815624640038 -1.1640978175e-19)
(0.108548712198 0.219611940108 -1.0025705052e-16)
(-0.196336395827 -0.109585228669 0)
(0.023193233121 -0.231432346379 0)
(0.0132301075059 -0.233539597663 -3.27579312333e-16)
(-0.08070176688 -0.141994040063 0)
(-0.0852236442791 -0.178898739864 -1.33263294419e-16)
(0.112903121794 -0.176166198537 -3.63520788349e-16)
(0.0927022503011 0.215955905252 -6.22812223927e-28)
(-0.13707835248 0.0267182610832 0)
(-0.142879718531 -0.122836603674 0)
(0.156279059546 -0.147229463191 0)
(0.181994948848 0.170077630906 5.1945964198e-17)
(-0.175043979165 0.13412052013 8.49975768564e-18)
(-0.151999970241 -0.113401570066 0)
(-0.140740813668 -0.0488753855458 -9.57495759696e-17)
(-0.157758272838 0.00275286059649 7.85361629792e-17)
(-0.119402874959 -0.117039577864 0)
(-0.142375025669 -0.0230014202277 0)
(-0.061047106937 0.0462732646211 -9.73691679289e-19)
(-0.090987673666 -0.169957304222 5.93866415658e-17)
(0.06936968036 0.178627091218 0)
(-0.0307243105131 -0.219807738739 1.69760372099e-16)
(0.131474706401 -0.0332565217489 0)
(-0.147249950483 -0.066283603392 0)
(0.285098350469 0.00450973802636 1.04460938719e-17)
(0.0971049869684 0.227673056595 9.45968826292e-17)
(0.0829759754271 0.188850700915 -6.00141645437e-17)
(-0.0429970766146 -0.230185385577 -1.25899415272e-16)
(-0.033286748452 -0.171016409621 0)
(0.20002130918 -0.109377337263 2.80824102129e-16)
(0.144245114957 -0.1487665665 0)
(0.17262180766 0.177893795358 -5.63428529584e-17)
(-0.158956365204 -0.0302534689001 -9.12518730054e-29)
(-0.119870165325 -0.113801279987 -1.725217819e-16)
(-0.208205493147 0.0398724132972 -5.52841314928e-17)
(0.138959449723 -0.160421593426 -3.60037692361e-16)
(-0.140275421743 -0.0335840042766 0)
(0.228908627304 -0.0167883861436 0)
(-0.150597832618 -0.111925456372 0)
(-0.0628294901855 0.177982851233 1.67665999597e-16)
(-0.122613585282 -0.0964557631817 -1.40548104691e-16)
(0.146543675565 -0.139798052349 -1.06599389383e-17)
(0.160271569927 0.18297676841 0)
(-0.14967799727 -0.043969208611 0)
(0.0434610767157 0.229694965485 6.28861041111e-17)
(0.209511213192 -0.101050978468 0)
(-0.129255801514 -0.138007970576 9.11111735161e-17)
(-0.109627189572 0.133585836968 9.22128172558e-17)
(0.15193694482 -0.150298716767 3.50411260591e-16)
(0.108610558962 0.218213934891 7.39822665895e-17)
(0.104127129694 -0.185014394962 -8.92515022837e-19)
(-0.267938887366 -0.119714234351 -1.99601244563e-19)
(0.0582370549404 0.10240441834 -3.28675488398e-16)
(-0.139293405868 -0.0838895519671 -7.84696679282e-19)
(-0.135317957088 0.047200189445 0)
(0.243465463044 0.0122536581067 2.23963521878e-16)
(0.0975638265925 -0.185168164468 -8.59589789743e-20)
(0.0779724964238 0.183510426408 2.54203649633e-16)
(0.156238798758 -0.143461393445 -7.42769495171e-18)
(-0.170071609159 0.00592208889383 0)
(-0.238452750798 0.0848383736762 0)
(0.214944146294 -0.0965125114238 0)
(-0.254670744973 0.0563215656483 -2.84974174572e-17)
(0.162766321857 -0.142632337786 0)
(-0.162371034162 -0.0594065020951 -6.72643558345e-17)
(-0.0417167909932 -0.225629505912 0)
(-0.0537368335796 0.045987453536 0)
(-0.138612678628 -0.0363519209711 -1.11666517239e-16)
(-0.0635096655694 0.184313744639 0)
(-0.0901136838826 -0.192162986328 6.55562919844e-16)
(0.094609486911 -0.131400808073 0)
(0.025384551024 0.194211810121 -3.91303711634e-28)
(-0.100335818385 -0.0809199260374 0)
(-0.148443817035 -0.0268951826474 7.51841986447e-29)
(0.215541162731 0.141012289276 0)
(0.189343477341 0.164614658735 1.78695531045e-16)
(0.18367486128 -0.12404553677 -3.27751732354e-16)
(-0.127528220355 -0.130839122149 0)
(-0.171728698672 0.0165915365265 0)
(-0.125375895966 -0.0895152061024 2.67469991711e-16)
(0.0743104359489 0.215278689616 0)
(-0.132180383638 -0.109274971395 1.86918374463e-16)
(0.0874723575174 0.221445351924 0)
(-0.148713389209 -0.0622924108585 -1.84046209524e-16)
(0.0381893438169 0.112210329535 3.28675488398e-16)
(0.0847259120349 -0.189353765845 -3.66792124007e-16)
(-0.119314675805 -0.104707256136 -1.42890623898e-16)
(0.110775824835 0.221928447705 0)
(-0.10659863422 -0.137279666337 3.82368564291e-16)
(-0.215059385575 0.0700354639942 -2.42372224867e-17)
(-0.193323955985 0.155372184633 0)
(0.112967475145 0.178771852067 0)
(0.142122271779 0.199530881344 0)
(-0.141026627743 -0.0392359967456 0)
(-0.04499807221 -0.22168924466 0)
(-0.154167931615 0.042437151273 1.59768539116e-28)
(0.0174543900552 0.10010090639 0)
(0.0209295852645 -0.222998732034 -5.34205183391e-16)
(0.0573419217342 -0.138449008865 0)
(0.110155874112 -0.166485810882 -3.61583560782e-16)
(0.0533684732243 -0.156105702192 0)
(0.0725663520187 -0.189440476386 3.67771277899e-16)
(0.174539710523 0.0380707581608 0)
(-0.142621385777 -0.0312520595471 1.30540837153e-17)
(-0.124893027882 -0.101156909502 -1.03704309372e-16)
(0.0621190972897 0.21477071491 -6.22951441316e-17)
(-0.108881386641 0.209813223437 0)
(0.00407070813373 0.23595135027 0)
(-0.0369846369218 0.104441531703 0)
(-0.260430606192 -0.140375261 0)
(0.124416431476 -0.169321427039 -1.76631742545e-16)
(0.211781242012 0.143666320783 0)
(0.0569663211705 0.165383457157 5.56441591304e-17)
(0.188868474661 -0.120416194711 0)
(-0.228815432065 0.0655094334186 1.70806439894e-17)
(-0.029744532105 0.00175622215719 -3.54640208684e-28)
(0.100764447887 0.22218957703 0)
(-0.0998858410004 -0.00281628162049 4.0030222137e-16)
(0.192882167592 0.162233125059 0)
(-0.1389232221 -0.100377460931 -1.99863167931e-16)
(0.0066698140082 0.242782330781 0)
(-0.264277615849 -0.0648472891844 0)
(-0.0989466163423 0.0202642827377 7.88473188638e-16)
(-0.100273189682 0.21126168411 0)
(-0.141160428504 -0.0243315041634 0)
(0.167852688687 0.17859628956 0)
(-0.257110713611 0.00457030617593 0)
(0.112323297561 -0.180945049779 -5.13744989585e-19)
(0.152606773929 0.190621090708 -4.57871179249e-17)
(0.0952356206021 0.218774935782 0)
(-0.280063838998 -0.0270789568046 1.76408557746e-18)
(-0.126049069909 -0.123700797357 9.20710701339e-17)
(-0.16611800929 -0.013604411153 -1.00569038386e-28)
(-0.00136552384576 0.242447659468 0)
(0.078850374675 -0.177740118678 -3.66928292749e-16)
(-0.0675346112029 -0.20387262054 1.32389099507e-16)
(-0.140829850001 0.0662103569761 0)
(0.0731541160395 0.191445639423 0)
(0.100223657634 -0.142748831296 3.39546253942e-16)
(9.23091720639e-05 0.243868260005 0)
(-0.188376603446 0.0238834494798 -5.59485176192e-17)
(0.179376564071 -0.129284719417 0)
(-0.0791816921066 0.173621741839 -1.98036897417e-16)
(-0.136204081797 0.0585545026557 -1.43297314395e-16)
(0.0778120606479 -0.125630924889 0)
(0.0645521656929 -0.175434093993 3.66928292749e-16)
(-0.158974634468 0.0493836359575 0)
(-0.263169444783 -0.112514582088 0)
(-0.125771145681 -0.106203051359 -1.59356344691e-17)
(0.0366081527122 -0.223412613384 -2.68577937941e-16)
(-0.209993650906 0.0487658068765 -3.7965681869e-18)
(-0.155515403504 -0.0957832297531 -6.72658556174e-16)
(-0.273123912937 0.0358804611477 2.06628005368e-18)
(-0.166386287044 0.0375779694192 -1.46769573753e-28)
(0.0696583254568 -0.160832119318 0)
(0.0391236450697 0.0765810085208 0)
(-0.0346705989276 0.0639332391195 0)
(-0.113139845756 -0.138557804997 -2.98058719611e-17)
(-0.180405201949 0.167064151121 0)
(-0.00732036981361 0.0401679317981 0)
(-0.134927270843 0.0661641991694 1.43297314395e-16)
(-0.188069700226 0.159196473632 0)
(0.204873957101 -0.107294148349 0)
(-0.0898780873851 -0.179472635742 2.21676828241e-16)
(-0.00353525659578 0.199328009632 0)
(0.0340227603306 -0.226578461806 -3.07998273607e-28)
(-0.170194770536 -0.00788067002821 0)
(0.0818864322896 0.214088294521 0)
(0.00751555512756 0.237459670316 5.79109167706e-17)
(0.0872825535096 -0.196130814145 3.64804132862e-16)
(0.033832550737 0.214403314852 -5.69599884812e-17)
(-0.149635673283 0.115409436839 5.32300976737e-18)
(-0.119562170599 -0.106682093083 0)
(-0.146485195698 -0.0546939505254 1.84046209524e-16)
(0.0427135747254 -0.223747437813 0)
(0.0618915196238 0.164859201288 -5.564415913e-17)
(-0.155898270261 0.0234144093668 -1.59768539116e-28)
(-0.174219196039 0.168791506184 0)
(0.129106564605 -0.168694510524 -3.63434784293e-16)
(0.0397959023355 -0.222745527608 3.46138887156e-16)
(0.165797468935 0.182870717403 -2.04583106633e-19)
(-0.148254478055 -0.0101923441289 1.9136312911e-16)
(-0.211985804305 -0.10610323834 0)
(0.000532459890633 0.232743859823 -5.79109167703e-17)
(-0.165482480936 -0.0682229721492 6.57569035598e-16)
(-0.277748895178 -0.00831722054805 -7.75278368096e-18)
(0.242152020214 -0.00516063879071 0)
(-0.146603128655 -0.0374096883535 -7.51841986447e-29)
(-0.13262482137 -0.132690444008 0)
(0.244381679172 0.0468037962651 9.21868785555e-18)
(-0.159024023821 -0.0506777263426 0)
(-0.0283224544328 0.0263787322682 3.54640208684e-28)
(-0.061661110324 -0.216324752789 1.21886560958e-18)
(0.00580845459537 0.242057466238 0)
(0.253577122587 0.0382802566501 4.00075438078e-16)
(0.207994501691 0.14949446891 0)
(-0.171095264511 0.00915844741047 -1.17589693626e-17)
(0.18583590499 0.168121027447 -1.81109236624e-16)
(0.084743223007 -0.140580683905 1.64504699847e-16)
(-0.145608007647 -0.126863040636 0)
(-0.204428608234 0.0431238962958 -1.2577064549e-20)
(-0.015721320136 0.136827731609 3.14071699116e-17)
(0.115015827345 -0.131561486673 -1.70504282626e-16)
(0.261680569746 0.100837510064 -6.3142074298e-18)
(-0.0630402994529 -0.28042683613 0)
(-0.178841356214 -0.0693699429102 6.72643558344e-17)
(-0.245611995659 -0.123592464676 3.85791647169e-19)
(-0.0544685739113 0.0434061909553 9.59690502072e-31)
(-0.0560739121076 0.179610956297 0)
(-0.151950046048 -0.0824281583227 1.0249786009e-28)
(0.203616862994 -0.104341345568 -1.34437348605e-16)
(0.263801604243 0.0628873932245 0)
(-0.208047995749 0.051510315437 1.27869781262e-20)
(-0.253302324221 -0.161363629364 0)
(-0.147483561626 -0.0358063474509 1.86018575081e-16)
(-0.157324274059 -0.0706381392097 4.59928124526e-16)
(-0.271756161935 -0.0229345984517 9.43561634739e-18)
(0.0199836812768 0.0720416598282 3.71197947967e-17)
(0.221211667632 0.0482901577243 -1.06177098618e-17)
(-0.148675203924 -0.0179643200754 0)
(0.254020385042 0.0215328059869 0)
(0.0575042667683 0.135191075622 -4.83164207628e-29)
(-0.265701735661 0.0415322628281 0)
(0.156549258092 0.190240535451 -1.9251984621e-19)
(-0.155669031031 -0.0619549566794 -2.20389262843e-16)
(0.0773751369483 -0.198471496397 0)
(-0.0824494956848 -0.182335295474 4.11680318653e-16)
(0.068762647151 0.204117956293 0)
(0.274932616503 0.01548002688 -2.75101030632e-16)
(0.0344125031418 -0.167149634973 0)
(-0.148707199124 0.014738717919 3.37949395089e-28)
(-0.0571318666809 0.180284182319 0)
(-0.11582366575 0.0538748579326 0)
(-0.260473242366 -0.129806067189 -8.12382851979e-20)
(-0.144059478983 -0.125603405925 -5.13558870928e-22)
(0.137447552146 0.200265104094 4.26426623362e-17)
(-0.127346664827 -0.0977249502551 -1.70982739994e-16)
(0.0602399188925 0.178056635765 0)
(-0.0456287679111 0.101974887415 -1.4481797495e-17)
(0.233599304812 0.0202539295156 9.73656817004e-18)
(-0.267682153095 0.0209998055129 2.52449142375e-17)
(0.0986363085773 0.227473252444 0)
(-0.000332095315682 -0.170532088653 3.78309563963e-16)
(0.174022876993 0.120014222077 -3.52127303788e-17)
(0.0610497586522 -0.208322344868 0)
(-0.0200125938388 0.13966085812 -2.6862334986e-29)
(0.196416061864 0.15903957953 7.78365654147e-17)
(0.20665856031 0.0183941106631 0)
(-0.256470168622 -0.0047251393233 -2.90490701055e-17)
(-0.0594513969828 0.19247956619 -1.63976710891e-28)
(0.0615879018925 0.203832269261 1.07665840139e-28)
(-0.161523456358 -0.0850658020322 1.63742428516e-17)
(0.19183377473 0.0488764121774 0)
(0.102544214832 0.226053920597 0)
(0.00223522867468 -0.23630212615 3.04474219874e-16)
(-0.227382801347 0.0563995028767 -2.23761248847e-17)
(-0.0445819709417 0.19927901882 0)
(-0.148922111517 -0.0440224599484 9.57495759697e-17)
(-0.184259595516 -0.0797045032273 0)
(-0.0799613793186 0.184022769816 0)
(-0.250757627592 -0.158556380545 9.16960675491e-18)
(-0.280466191089 -0.0298110910626 -1.49529482886e-18)
(-0.0950351456934 0.183666433062 0)
(-0.0912095526268 -0.195594404025 1.34672491504e-19)
(0.135415085861 -0.163343169605 0)
(0.260900722153 0.0146002521878 0)
(-0.0662792637853 0.186010340675 0)
(-0.108180762619 -0.179479868696 -5.93901583121e-16)
(-0.00465297795307 0.214457737382 0)
(0.0666692347733 0.192140862567 0)
(-0.253398001898 -0.150732070369 0)
(0.273624929872 0.00144809294272 -3.66617128066e-19)
(0.0544186385062 -0.215032850669 3.51111873899e-16)
(-0.157834012326 -0.00467528278491 -1.24895583836e-17)
(-0.271335857817 -0.0111558303678 0)
(0.0172920944874 -0.161039772721 -3.78309563963e-16)
(0.158461075382 0.187659810275 0)
(-0.0369778434597 0.0366161056656 -1.25685360717e-18)
(-0.268205103049 0.0107720586069 7.92722037974e-18)
(0.23340172079 0.0388927352992 -4.3997723976e-16)
(0.233292547223 0.10300973543 0)
(0.0535712728096 0.223307841942 0)
(-0.0736520703086 -0.209487885531 1.55135092595e-16)
(-0.0732850285959 0.18996769239 -7.33535477688e-29)
(-0.0973253701584 0.0462679147545 1.04771655187e-18)
(-0.115239987352 -0.0148740310961 -4.00302221374e-16)
(-0.0265531530978 0.201139029402 1.26992987654e-27)
(0.189203599143 0.165993951989 7.14941013231e-17)
(-0.11159442735 0.204050623844 4.67801673015e-17)
(0.170408112817 0.180015736838 0)
(-0.139359888105 -0.0912726621412 1.99863167931e-16)
(-0.0779035292141 -0.200585169373 -5.01741562996e-16)
(-0.157507815728 -0.0358075727049 0)
(0.0457880265136 0.22119951369 0)
(-0.0526367737212 0.0686496998936 5.77299879902e-18)
(-0.117050185579 0.0511647122132 3.09874988731e-19)
(0.140973944753 0.198204014262 -6.13430291054e-20)
(-0.0361901796218 0.0926130733473 0)
(-0.206305843825 -0.093071615881 0)
(0.0545331093767 0.213544479005 6.22951441313e-17)
(-0.13260951244 -0.0892389417914 -1.66711492233e-16)
(0.275253243944 -0.0141785352419 1.60494740681e-16)
(0.141709332582 0.201300105636 9.97867464449e-17)
(0.0356920808152 0.204459935518 5.69599884808e-17)
(0.173744747672 0.0160498371193 0)
(0.276845223302 -0.00222735778568 0)
(-0.274273139462 0.024811626692 5.24494149968e-18)
(-0.283475442733 -0.0130563614217 9.1867078009e-18)
(-0.258848949356 -0.137368155466 7.98738898363e-18)
(-0.133783205304 0.0539366119362 -3.22413796727e-19)
(-0.264316538058 -0.0774444303988 -5.48744564658e-18)
(0.103205597386 -0.091690028863 6.41381207968e-22)
(0.0609561373032 0.150403644177 0)
(0.0727027690889 -0.197439934838 -3.07857743959e-16)
(-0.17869516606 -0.306035567495 0)
(-0.163365207408 0.111288188744 0)
(0.246809669771 0.0806749043135 0)
(-0.232575790429 -0.119360189821 -1.1819304716e-17)
(-0.135287498197 -0.0624312155541 1.02983578615e-16)
(0.206983233212 0.038828368693 2.36295572496e-16)
(-0.0533839856262 0.189810155273 -1.03769298305e-16)
(0.0571443520995 0.15188160597 9.78395069257e-29)
(0.0458866131673 0.220311787395 -1.35546594061e-28)
(-0.144158841556 -0.0728332820992 0)
(-0.242211533903 0.0513629261829 2.84899560627e-17)
(0.128419928475 -0.0556907990666 0)
(0.15753500324 0.113179776962 1.03366955144e-16)
(-0.168784783614 -0.309409872964 0)
(0.13079631496 0.115519496869 0)
(0.121354463622 0.210877982244 -1.12526984299e-16)
(0.175003018861 0.176305984256 6.22815572956e-17)
(0.247699008444 0.104181635475 3.34331427345e-18)
(0.00149914855362 0.221510858476 -1.94765761242e-28)
(-0.224744088935 0.0350686143532 0)
(-0.0628612856581 0.181316945085 -1.02976440159e-27)
(0.0346506893724 0.0824897103357 3.76379264653e-17)
(-0.100669623035 -0.186372928662 0)
(-0.236378942259 -0.13385710714 -2.61956261942e-17)
(-0.0124084571144 0.207934286755 0)
(0.0510649791917 0.11953760999 4.63232331349e-29)
(-0.0458543715757 0.126740530917 0)
(0.263191764043 0.0854466398624 1.23486300635e-16)
(0.0503015308315 0.122323051683 0)
(0.0631678599401 -0.211430511222 1.71613950785e-16)
(0.0563561768921 -0.21661056879 -1.70324316953e-16)
(0.0550809883002 0.137447937437 0)
(0.0427888966485 0.207973868299 0)
(-0.14516109965 -0.0813127836249 0)
(0.152286125838 -0.0192715442498 0)
(-0.251769304408 -0.144924303681 -7.97241371398e-18)
(0.106960628037 -0.0701139230252 -6.41381310316e-22)
(0.0557856822612 0.221435624016 1.78345452029e-16)
(-0.00319472573887 0.214013778624 0)
(-0.166459946111 -0.272118794535 0)
(0.155935209344 -0.089777790476 9.78458236536e-21)
(-0.124562554132 -0.140552372042 0)
(-0.130408794224 -0.0743011061366 -1.22352416572e-16)
(-0.139508667724 -0.102990314276 0)
(0.168385532876 0.181377400574 5.65650866808e-17)
(-0.069933855589 0.104550615034 0)
(-0.255496181313 0.0268913215079 -2.40113565032e-17)
(0.0290832234633 -0.0313114913862 7.42997611667e-16)
(-0.132409670865 -0.0653913780934 1.29453553636e-16)
(0.198398563318 -0.0420602442103 0)
(0.0791270338374 -0.202720045238 1.78998291363e-16)
(0.149851177241 0.118813601449 -6.03416075026e-17)
(0.263768245611 -0.0202682751581 1.04875394158e-16)
(0.18972687128 0.00660097954763 0)
(-0.26810903287 -0.105089627115 4.97724369697e-18)
(-0.162094389381 0.121567726779 -8.46843854693e-18)
(0.0123088153763 0.029404553052 0)
(0.137036329037 0.203937296659 -9.9818547643e-17)
(-0.241981105027 0.0420484012457 -3.23870067054e-20)
(0.0869038480373 -0.198388085909 -5.37175510062e-16)
(0.15433970278 0.00331845790826 0)
(0.0637484030441 -0.212134168855 -3.52952852102e-16)
(0.0393756928602 0.170326712441 -3.81671683092e-28)
(-0.0788335345133 0.142264079215 0)
(-0.133048554996 -0.0812954276015 1.66711492233e-16)
(0.0779545475124 -0.202840376188 0)
(-0.105191716666 -0.166372188191 4.71834289992e-16)
(0.0561106443986 0.220395010094 1.57429965289e-16)
(-0.255801515849 0.0362869435155 -1.0463883594e-19)
(0.0447146958256 0.220727885959 -1.57429965289e-16)
(0.152449180409 0.191714976246 0)
(-0.137303523041 -0.0720771761956 1.59813500051e-16)
(0.125377754639 0.207182216767 2.4777106674e-16)
(-0.2404209579 0.0206091452547 0)
(-0.130456030915 -0.0860375318045 1.00891144279e-16)
(0.145031776493 0.193330604782 8.24211661801e-20)
(0.0107300619813 0.00452786959211 -3.71401983165e-16)
(-0.128142683691 -0.0808345178536 0)
(-0.223781228013 0.0265718999998 0)
(-0.0694095692804 0.084040643606 -6.3065284624e-30)
(0.0371166012049 0.116565751725 5.20991457527e-17)
(-0.0430771462199 0.207525614734 0)
(-0.0376297499631 0.0918619789238 -1.24639973681e-17)
(-0.161700495126 -0.0625305549276 -3.37079274397e-16)
(-0.0396825141037 0.0455810012555 -1.57748676848e-18)
(0.0277168279532 0.0952498243379 0)
(-0.143599847707 -0.175340395836 3.24896308965e-17)
(-0.0441758660734 0.114486759991 0)
(-0.191621443983 -0.0554775842795 0)
(-0.136868099672 -0.0648087676122 -1.59813500051e-16)
(-0.119686634446 -0.150656852905 -4.42465872396e-22)
(-0.134555649825 -0.0594015690583 -1.29453553636e-16)
(-0.0390121319609 0.0813926445365 1.11819100821e-17)
(-0.240373628636 0.0114330770103 -1.97386050475e-17)
(-0.130954521114 -0.107045506011 1.03704309372e-16)
(-0.149191737333 -0.0462076365447 0)
(0.187704173748 -0.0797974725231 -3.70332718398e-20)
(-0.0455497615991 0.0774497230066 0)
(-0.0333878343471 0.0435748643997 -3.94559832559e-18)
(0.201698564659 -0.0224722031782 0)
(0.127839094714 0.209475464827 0)
(-0.0460862345685 0.196620767099 1.03769298305e-16)
(0.157852539949 0.18854630244 0)
(-0.222299731254 -0.0035207797504 -1.91106989508e-17)
(-0.210400274936 -0.0504639716241 -2.04068361021e-17)
(-0.031357182724 0.0338535779038 0)
(-0.0621372868186 0.110088762047 5.72120397143e-30)
(0.0834151811678 -0.195603046004 -1.0474106857e-17)
(-0.122918498044 -0.155289719416 0)
(-0.135966568134 -0.0715520531871 -9.68953545856e-29)
(-0.0374450552434 0.0829767732248 1.28208728603e-18)
(-0.0576815846952 0.0796204647718 0)
(-0.158415046123 -0.0160082003298 1.3264081815e-17)
(0.152041658547 0.193187524622 0)
(-0.0471259056002 0.0753364968144 0)
(-0.20405973375 -0.0183677428803 -7.99113763464e-17)
(0.0596096762929 0.190270280612 -2.3344004372e-28)
(0.0600481041599 0.201480493192 2.3344004372e-28)
(0.180114530683 -0.0561409347091 0)
(-0.204530586888 0.018725819726 5.6113339611e-17)
(0.0986149684596 0.2147106859 -1.36567412986e-16)
(-0.111304897459 -0.156484207036 -1.50197142465e-17)
(-0.170821508233 -0.0376582149875 0)
(-0.130303214764 -0.0766559616173 1.22352416572e-16)
(-0.0574609370024 0.111823379761 0)
(0.0214621465771 0.144249122282 0)
(-0.107933234992 -0.171851236863 -4.99757516205e-16)
(0.143445158396 0.186129845769 -3.53581941372e-20)
(-0.046993288985 0.0438170740928 0)
(-0.158051135975 -0.030748765395 -8.74123505101e-17)
(0.020489210312 0.243635437205 0)
(-0.0912007646269 0.0863675978497 3.6514255812e-16)
(-0.0402902429255 0.0432875454772 2.84363929684e-18)
(-0.134025022223 -0.119376059508 -9.20710701339e-17)
(-0.202833857797 -0.0105481400196 -2.83811236962e-17)
(-0.0754623006151 -0.190804948984 -2.09825215555e-16)
(-0.164097199289 -0.0439641369628 -3.40904586988e-16)
(-0.0717355522841 0.180933642242 -1.83223319e-27)
(-0.221967659629 0.00465437495011 4.35581475429e-17)
(-0.0513262636356 0.195188032125 -1.43302102001e-27)
(-0.0896774512446 0.146124172207 0)
(0.017806264276 0.171288519196 4.75376310798e-17)
(-0.0739186088226 0.101374034713 0)
(0.0336647940112 0.106313408306 0)
(-0.0758976843943 -0.196325145689 9.4331108744e-19)
(-0.0320914378242 0.196925684012 0)
(0.247052869561 -0.0273998123505 3.49527611925e-16)
(-0.11698115808 -0.16943461829 5.68856469982e-16)
(0.168850804606 -0.0280514119663 0)
(0.265436852608 -0.00726577002999 -2.05396595133e-16)
(0.250073054253 -0.0116044111885 0)
(-0.0572403681935 0.0967675475912 0)
(-0.103444654866 0.093762012436 -3.65142558118e-16)
(-0.203863145171 0.0108723281342 -2.38850048563e-17)
(0.0201332393064 0.16283528437 -4.75376310799e-17)
(0.0130459602256 0.219350851844 4.22975880852e-28)
(-0.018368049641 0.208029931725 0)
(-0.18551448891 -0.0245655364583 1.22947841373e-16)
(-0.100157408837 -0.18142902051 2.57139426365e-16)
(-0.150655807574 -0.200799837142 4.92147162484e-19)
(-0.185362970907 0.00377697791931 -6.68716439973e-17)
(-0.0489116230079 0.0882372269573 0)
(-0.0570703154206 0.204575412776 1.63976710891e-28)
(0.0869688754383 0.217937259764 0)
(-0.0499445249803 0.210845722681 0)
(0.00589619929948 -0.0692606444944 -1.39209300581e-27)
(0.165604343284 -0.0491791297202 0)
(-0.0645182142982 0.208555271495 0)
(-0.00651685516037 0.222397397041 -1.05483954561e-16)
(-0.0716014195965 0.202691472119 7.33535477689e-29)
(-0.149197231614 -0.00572709740615 -7.47654503295e-16)
(-0.0796738949086 0.207061164808 -1.14837201332e-28)
(0.0074787070448 -0.0449592713636 -7.62681545245e-16)
(-0.173832874034 -0.0458109587661 0)
(-0.116097742991 -0.165562142667 -2.77465970035e-16)
(0.253054036104 -0.0314987619333 -2.2935321099e-16)
(-0.0921120265085 -0.185214986182 0)
(0.0335523310563 0.104484214648 6.27884880749e-21)
(0.187800049462 -0.0145547736014 0)
(-0.26028249177 -0.123742490231 -3.10687036144e-18)
(-0.185659663956 -0.00369701536278 2.83896190514e-17)
(-0.0301289311481 0.0368170205164 0)
(-0.231697252577 -0.0611411171262 -1.00612779757e-17)
(0.0924645393223 0.199279261231 -2.17993736508e-28)
(0.205188763463 -0.0654137872274 0)
(0.22563842865 -0.0346564399203 0)
(-0.169218167086 -0.0101397245237 -7.76482292871e-17)
(-0.128084622397 -0.0477518840465 0)
(0.175471575553 -0.0751131142448 0)
(-0.0465233111925 0.0461046209428 -3.11890210303e-18)
(-0.0675484696613 -0.192987741415 -7.70512596028e-17)
(0.0749350960525 0.205189363547 0)
(-0.0667230688996 0.0874531660735 0)
(-0.187750256326 -0.0323715220809 0)
(0.0192771372085 0.188502122946 0)
(0.0131242951561 0.244017587402 0)
(-0.24569873108 -0.114361308716 1.18148694716e-17)
(-0.253098851363 -0.0831710533067 0)
(-0.170201354647 -0.017436915425 -6.60405041435e-17)
(-0.156706128173 -0.0231357720646 0)
(0.0110421998703 0.234237447562 0)
(-0.207167304906 -0.0415480562434 9.2964385471e-20)
(-0.235063419303 -0.0724800754974 0)
(-0.243197033946 -0.101286794537 2.08057726079e-17)
(0.0434472824357 0.197245605095 0)
(0.259873733673 -0.00121296254004 2.05419445516e-16)
(-0.254878703077 -0.0962131560687 -2.11663240871e-17)
(-0.0996200329572 0.112337227271 3.40754186305e-16)
(-0.0841163358604 0.159408034221 0)
(-0.110338289636 0.0518524747014 -3.77040906034e-16)
(-0.0650090057342 0.187360894268 -2.35720759792e-16)
(-0.19629059519 -0.0651448042267 0)
(-0.112151672381 0.0301041871277 -3.93027972025e-16)
(-0.0444998407532 0.195723201462 1.82674964053e-16)
(-0.126771602266 0.0174024171939 0)
(0.209972441408 -0.0479998208853 0)
(-0.222630773541 -0.0891744059489 0)
(-0.0265624072613 0.198199987403 -1.39588152491e-16)
(0.0379433297308 0.116259312053 -5.2098278872e-17)
(0.248734611027 -0.0451057131843 0)
(-0.139292446913 -0.0369834858866 0)
(-0.127464983651 -0.00448238329436 0)
(-0.218124150158 -0.0775303477562 0)
(0.0377605956859 0.126305029671 0)
(0.267613089796 -0.0250453725167 -1.04873903698e-16)
(-0.0148844741466 0.216016003814 0)
(0.00341701489349 0.21398772298 0)
(0.0399296603829 0.126323637916 0)
(-0.0429513899435 0.0362381644738 1.86746513274e-19)
(0.0157039918766 0.225125644004 -4.22975880851e-28)
(0.0266625003749 0.184246022445 -5.28558620009e-17)
(-0.139868899037 -0.0156823950136 3.79342882275e-16)
(0.0503629025512 0.199825073563 2.18023259577e-28)
(0.0484971159853 0.16249562798 -4.01282081036e-28)
(0.00883179927715 0.22665438706 0)
(0.0155459641896 0.143180979369 4.60961456341e-17)
(0.0253293619012 0.15860863591 0)
(0.0302160204323 0.152004281519 0)
(0.0140469209779 0.244715096835 0)
(0.0177246309623 0.139391957601 0)
(-0.0378082099318 0.0340000518473 -1.76731845063e-19)
(0.0300626611332 0.1619111723 0)
(0.012831447234 0.221023954306 0)
(0.036951612463 0.135763586991 5.22712123159e-17)
(0.00624573710642 0.214661175806 0)
(0.0101462059781 0.191086638881 4.77964956913e-17)
(0.024694624368 0.16899238482 -4.63676387537e-29)
(0.00667298008647 0.19953055709 -4.77964956908e-17)
(0.0544263888455 0.177559692595 4.01282081037e-28)
(0.0337076335727 0.178046257082 -5.33385899739e-17)
(0.0327538863686 0.188924051679 1.06194451975e-16)
(0.012683177515 0.1660885313 0)
(0.0096721628894 0.175302412545 -3.39230163795e-28)
(0.0497957556036 0.188216461574 -5.73126360971e-17)
(0.253613182712 -0.0482836896533 -2.03272885666e-18)
(0.044881453965 0.172698814715 4.0368848969e-28)
(0.262690304415 -0.0372016550635 0)
(0.0101859733383 0.149421834998 0)
(0.0399801633076 0.136580612892 -5.22712123157e-17)
(0.0396221767879 0.181625262778 0)
(0.0435550205995 0.161116376497 -3.82472831132e-28)
(0.0383076617622 0.146590400021 3.82472831132e-28)
(0.056280381275 0.18979724274 5.73126360966e-17)
(0.0502251796027 0.150978018268 0)
(0.0465693014976 0.139098845243 0)
(0.0496683431511 0.138539255257 -9.78395069279e-29)
(0.0450237972935 0.126941453578 -1.58692766244e-21)
(0.0416565540473 0.112159128436 0)
(0.0410576374853 0.114073145509 -6.2779692311e-21)
(0.0469370629591 0.125592166766 0)
(0.0460941086477 0.150607657579 9.57037527165e-29)
(0.0421831758001 0.103410284724 2.57846989929e-17)
(0.0529625025847 0.111840202146 0)
(0.229659695049 -0.0844110032279 0)
(-0.270095008027 0.0224741253853 0)
(-0.213714535394 -0.122451936789 0)
(0.0446455892112 0.0911761512407 -5.03306090391e-17)
(-0.219404283977 0.0920116713347 -3.71341044013e-18)
(-0.0496911455852 -0.215409308984 1.38799457333e-16)
(-0.0299071836793 -0.241549511022 0)
(0.016497311254 -0.207546425372 0)
(-0.276463126465 0.025253682156 4.39094512492e-18)
(0.227870402575 -0.0827812981583 9.45153706211e-18)
(0.247507077105 -0.0603469802872 2.09737232258e-18)
(0.180106061294 0.127093704206 -4.72115686763e-17)
(-0.149133918078 0.0657541923678 0)
(-0.0202131027922 -0.067038400684 8.98460816294e-17)
(0.0462816031447 -0.0345448291794 0)
(-0.0261280553136 0.0206774633468 -1.23039776472e-18)
(-0.00946798436684 0.0443448336705 2.44428293846e-17)
(-0.0439422867011 -0.0413245882624 -1.49676507801e-17)
(-0.034064901038 0.0277032142766 0)
(0.257806260597 0.0904921377867 -7.0096919612e-17)
(0.261010002956 -0.0497811898956 0)
(-0.183154544596 -0.149248763317 2.37533768276e-17)
(-0.268965244639 -0.0992566680674 4.48878440927e-18)
(-0.274179186187 -0.0832200926397 4.76934574739e-18)
(0.289237413125 0.0117051986107 0)
(-0.240475540678 -0.0165762134011 0)
(-0.20336699534 0.0865835312122 3.95283388273e-18)
(0.0599084301751 0.09085334868 0)
(-0.27270264566 -0.0606084649025 4.78011280937e-18)
(-0.279246988994 -0.0431981106206 0)
(-0.151628870989 -0.111799115881 -4.17020881768e-19)
(0.272910329167 -0.0335825834982 -3.4247523805e-18)
(-0.0542637276817 -0.212637866467 1.33322066593e-16)
(-0.114512404904 -0.220966033435 -2.1347310344e-17)
(-0.103811321111 -0.208887609675 -2.85912808936e-17)
(-0.135827326042 -0.304915946702 -4.88588076302e-17)
(-0.145935818337 -0.236577792383 -4.43422133235e-17)
(-0.0653740934864 -0.202708154895 0)
(-0.114782821279 -0.293133194951 -4.46629505532e-17)
(-0.147941640992 -0.307215797188 0)
(-0.0698429063632 -0.267093497091 3.08586091486e-17)
(-0.0389502345333 -0.25620422969 1.65659410967e-16)
(-0.198773091368 -0.229021367827 -5.04688336053e-19)
(-0.157247930886 -0.205882789975 -1.28348733319e-17)
(-0.0305931451691 -0.260039883284 0)
(-0.168138570847 -0.165312441485 0)
(-0.160685792551 -0.243243571613 4.13528227591e-18)
(-0.201235367074 -0.250950317956 0)
(-0.107735910996 -0.128802199842 3.34515945013e-17)
(-0.0785415952852 -0.0848812240182 -1.52706008092e-17)
(-0.00437128303011 -0.231773112509 0)
(-0.0330710382974 -0.234235543709 1.54635205282e-16)
(-0.016319833721 -0.237256694474 -8.86886439383e-17)
(-0.0165029952695 -0.232967020947 -2.24134230842e-16)
(0.00701857303948 -0.214009601972 -2.43276236888e-16)
(0.0381845614747 -0.192436980641 0)
(0.0430200742702 -0.218767578846 9.19465975775e-18)
(0.0621237273496 -0.204208295005 0)
(-0.0601291961511 -0.202427944999 -4.80611790386e-17)
(-0.115952299291 0.0705140392898 2.71841029496e-18)
(0.244995587191 0.110183733336 0)
(0.223473537407 -0.0529429358912 -1.87840596467e-16)
(0.192617321966 0.157430526461 0)
(0.271580276518 0.0750505162539 7.61102550287e-17)
(0.278528720336 0.0347627918716 -1.49929586305e-16)
(0.270852820896 0.0551537639207 0)
(0.148893795066 -0.0813872139668 1.50648444155e-16)
(-0.12948105497 0.0609633980456 0)
(0.159455390617 0.128672127498 8.0319656024e-17)
(0.159737093563 -0.0366064743208 0)
(-0.237480335293 -0.133014008401 -6.59125153647e-18)
(-0.231597082878 -0.152006083289 -9.11318613655e-18)
(0.234380858312 -0.0727587428545 -1.56850447579e-16)
(-0.087847941483 0.0520259310149 -2.7046322645e-19)
(-0.0735873394542 0.0453893005958 2.21172059056e-19)
(0.223629095044 -0.0876781999749 8.51254937666e-17)
(0.224996304116 0.1183948599 0)
(0.238461787385 0.108507575809 1.75555900811e-16)
(-0.0479449659736 -0.214656385783 -3.53489119089e-17)
(-0.0327646102324 -0.235105885059 3.67038493293e-17)
(0.0131197746197 -0.215277489384 -4.64652872349e-17)
(0.0818687302874 0.0957892330057 4.66902168022e-17)
(0.295050118333 0.0169511747736 0)
(-0.239933088638 -0.0183978747448 -3.39773172941e-18)
(-0.250190107939 0.0901081181716 5.38322278671e-18)
(0.187298158372 0.131002100712 0)
(-0.167920443043 0.0743891036372 0)
(0.0133397912713 -0.0663149840249 -8.98107865111e-17)
(-0.0585856591155 -0.0561081655888 0)
(0.00132405333366 0.0597239497393 -2.54155686832e-17)
(-0.0292971780625 0.0258308400092 6.24490851652e-19)
(-0.238512505756 -0.116635711793 0)
(0.262497515247 0.0785476246341 -1.55946659942e-16)
(-0.172651529907 -0.127351603974 -5.09517160809e-19)
(-0.240496722707 0.0995553521453 8.24999982404e-18)
(-0.27889651786 0.00953004913387 6.39894032535e-18)
(0.127575154924 0.146735963752 3.97917593251e-17)
(0.154733950565 -0.0939652829626 0)
(-0.199614930779 -0.152768118359 3.0386933234e-17)
(0.217433485682 -0.0932002676829 6.18671657824e-18)
(0.063603655065 0.112853689059 0)
(-0.241396839176 0.0489638816477 0)
(0.147821629591 -0.0327491654112 -1.33905583541e-16)
(0.146521921867 -0.0299737551559 1.17867578327e-16)
(0.0235162066318 0.0868304573399 6.81207074321e-17)
(-0.043857082789 0.0346321525809 0)
(-0.273858947594 0.0390185685523 -4.782215441e-18)
(0.142758206697 -0.0202751374862 0)
(0.195245883928 -0.0246333079745 0)
(-0.0556692771655 0.0344117987518 3.0265679136e-19)
(0.131203720509 0.126752435078 -6.7839953644e-17)
(-0.107291749912 0.0545169392458 -2.20211999792e-19)
(-0.273111340311 -0.0969596315109 -4.49757353897e-18)
(0.287663077675 0.00141892468871 -8.67408840079e-17)
(-0.24790742449 -0.0359047521513 0)
(-0.239439003029 0.109061695481 -8.2894092227e-18)
(-0.247739009572 0.0943095496072 -2.75910851186e-17)
(-0.256715119496 0.0770053611754 0)
(0.161596308211 -0.118525203703 -1.12975576585e-17)
(-0.00415814958646 0.0665270530217 1.68003997827e-17)
(-0.0234161021567 -0.0332776870863 8.45975959702e-18)
(-0.0282932568018 -0.0316926817915 0)
(-0.0156744847753 0.0714509214705 0)
(0.113097245769 0.0365553416806 -5.01082108336e-17)
(0.0992517653901 0.0107582818526 5.62057527173e-17)
(-0.0234068303908 0.014517630411 1.84298522857e-19)
(-0.0230123766611 0.0148488749196 -2.77675974084e-19)
(-0.197038035263 -0.142100182918 -1.04249548925e-17)
(-0.236481337484 -0.0810262729997 5.6258150983e-18)
(-0.266667785846 0.0141014237814 6.77042581632e-19)
(-0.0525695805645 -0.231581816394 5.2698524134e-18)
(0.0303236940147 -0.151219805981 2.65103598828e-16)
(0.0397675564674 -0.175563366302 0)
(0.000445687089482 -0.235660587254 -1.58570178622e-16)
(0.0663805962885 -0.181045576224 4.67247369703e-16)
(0.0551014951916 0.0909841826666 0)
(-0.273227503883 -0.0475407382764 -1.78932923654e-17)
(0.279852694689 -0.0223711013658 0)
(-0.263729978584 -0.0921998717239 -1.86568979366e-19)
(-0.192142974959 -0.253901209335 5.02937872948e-18)
(-0.179097876439 -0.246150188094 3.73901308854e-17)
(-0.106084481455 -0.201017233885 5.15600250573e-19)
(-0.143792639186 -0.312957301249 0)
(-0.0892643484195 -0.29827915722 0)
(-0.108729008471 -0.302006644475 0)
(-0.0917518974361 -0.285893872416 0)
(-0.151987582567 -0.232657530124 5.48867713471e-17)
(-0.0636138217094 -0.198021505381 9.80050001494e-17)
(-0.0615366556943 -0.206139496007 1.1081165886e-16)
(-0.150402966747 -0.21057472837 1.28348733319e-17)
(-0.173806866324 -0.250735205271 -3.81371047644e-17)
(-0.19292535915 -0.201295776734 -6.9666534014e-18)
(-0.205610188893 -0.218251447403 0)
(-0.200067245016 -0.245445858337 0)
(-0.195809184661 -0.189527122763 3.04035428203e-19)
(-0.0815673911451 -0.0968455688345 1.73917437637e-17)
(-0.0364840629769 -0.276094231521 -1.85053998082e-16)
(-0.0270030053576 -0.235787610432 1.90157267673e-16)
(-0.00751000162561 -0.231836204325 1.67379751201e-16)
(-0.00470944758687 -0.237866292937 0)
(0.0381353920738 -0.181673445387 0)
(0.0564031132445 -0.212726404361 -1.94317337523e-16)
(0.0586490358118 -0.141468111826 -1.73992240989e-16)
(0.237642743048 0.119115240188 6.92162131904e-17)
(0.234374382267 -0.062250277798 3.3730436958e-16)
(0.272653850714 0.0672572436018 -1.73088193862e-16)
(0.200717351021 0.152416265071 -1.14671804983e-16)
(-0.212914050103 -0.0897619790836 -1.09856432251e-17)
(0.259032508164 0.0917732756831 1.06918333844e-16)
(-0.256759244546 0.0681074860993 -1.16607476644e-17)
(0.26987348322 0.06824689373 2.62358971926e-16)
(-0.136318399119 -0.130171440364 -8.0486163288e-18)
(0.273434879697 0.0418640105376 0)
(-0.0337307985842 -0.228319543376 0)
(-0.0416808760636 -0.225306181831 3.41596306929e-17)
(-0.0358371099899 -0.227909826418 1.1115391592e-16)
(-0.0330815660945 -0.231281060751 -8.0836034679e-17)
(0.0258368028749 -0.220169829895 4.80830177519e-16)
(0.000317023504143 -0.227113179232 -4.22212366142e-17)
(0.0895939499848 -0.118248455232 1.90630245248e-17)
(0.0767369264563 -0.127040741614 0)
(0.108695361861 -0.11578698346 -1.8004152973e-16)
(0.121989619311 -0.104198163171 1.5885964082e-16)
(-0.244345455388 -0.147702745656 6.35185474527e-18)
(0.0646218711374 -0.122380779585 0)
(0.00231295189494 -0.232393611078 -1.4364649228e-16)
(-0.0764158540567 0.0442863023067 -2.44283063683e-19)
(-0.198795221976 0.0900694699388 -3.67700392833e-18)
(0.234577791541 0.108610768255 0)
(0.18163304773 0.156378029518 1.33134593724e-16)
(-0.188552294207 0.099651886854 -6.90475051876e-18)
(0.0993373998412 0.107862635543 0)
(-0.154004568951 -0.129191432103 -3.69444558711e-17)
(-0.0579595132859 -0.221293726406 5.53670145494e-18)
(0.0373670041979 -0.165095791398 -8.2140782152e-17)
(-0.00414037284938 -0.235988831489 0)
(0.0360615751149 -0.152496634422 -2.81210389458e-16)
(0.0591221502648 -0.187102281187 -3.48344201222e-16)
(0.184239923194 -0.0828932874943 -1.7696574502e-16)
(-0.268874144669 -0.0834767031485 -6.12236615387e-18)
(0.295534649155 0.0306928296 2.08164532458e-17)
(-0.245007412002 -0.00674315393573 3.52894408457e-18)
(-0.253486364949 -0.111341766584 -8.08769022144e-18)
(0.229482440092 -0.0711596011564 -3.05209425355e-16)
(0.265297773914 0.083308762057 1.69808247555e-16)
(-0.0674883117068 0.0447214138505 1.57756849818e-18)
(-0.0994247589015 0.0568779920391 -1.16521235208e-19)
(-0.275647417677 -0.0791437051961 0)
(-0.279512686955 0.0209579808974 -1.06150833749e-17)
(0.178654659401 0.148036442299 -8.02461632123e-17)
(-0.174264986282 0.0899913095952 0)
(0.143133539532 0.151433018235 9.84694585256e-18)
(-0.13053657621 0.0756258867311 0)
(-0.267109208862 0.0636939603374 0)
(-0.0607496173447 0.0439640539265 6.87297552136e-19)
(-0.28044217658 -0.0664016663092 -5.83094424959e-18)
(0.163920553625 0.149380785802 0)
(-0.154846362218 0.0834175767112 1.43369716585e-18)
(-0.142346066667 -0.113625934489 8.15367832132e-18)
(-0.0602621646185 -0.209011261501 -1.22263314989e-16)
(-0.0041961396138 -0.233774367227 0)
(0.0548650807919 -0.133765446097 0)
(0.0584468922423 -0.151539279097 2.52687425624e-16)
(0.0461372595611 -0.177124504179 -1.73687850836e-16)
(0.0515064405188 0.108475809223 0)
(-0.239027249014 0.0585750157418 8.61127949441e-19)
(0.166436941281 -0.0242061028576 0)
(-0.0508899245305 0.036693500892 -7.15087093459e-19)
(0.0349285636112 0.092979035657 -7.86001150062e-17)
(0.238997747221 -0.0731097380483 1.70623065724e-16)
(-0.272556691145 0.0484495945827 0)
(0.184555470146 -0.00494486139828 0)
(0.250973692195 0.101465011691 -2.42456662204e-17)
(0.243666864964 -0.0705934603363 1.42938563308e-16)
(-0.0638111781548 0.0406026898365 -4.65593417089e-19)
(-0.273004795095 -0.0767609494512 0)
(-0.226928215204 0.0994752631491 0)
(0.193466503429 0.154206719125 6.30879192789e-17)
(0.174984745359 0.146862134164 5.52795432033e-17)
(-0.162649025448 0.0823092712553 -1.54128561596e-18)
(0.0603249263229 0.00367918604556 -6.7615050683e-17)
(-0.0269435370631 0.0193813727166 9.95563379142e-19)
(-0.0197826796992 0.0568595483208 0)
(-0.0399970723529 -0.0398663753301 2.12561302234e-17)
(0.264951044878 -0.0406057044056 0)
(-0.230262315333 0.114681856762 7.74582127087e-18)
(-0.274490752012 0.0358156915221 7.4223723913e-18)
(-0.251184613571 0.0843119590248 3.72006048903e-18)
(0.27491276996 0.0573206795321 0)
(0.145048962508 -0.119219693494 3.97728735743e-18)
(-0.277594568545 -0.0613759006796 9.53908425763e-19)
(-0.0347753807737 -0.0412851896092 -1.56178244601e-17)
(-0.00805450822181 0.061542649108 -6.03376912957e-17)
(0.11115449001 0.0251678820198 5.42687918078e-17)
(-0.028145910261 0.018908801132 -2.4019629146e-19)
(-0.218841752201 -0.143966785334 -2.85653740921e-19)
(0.191085920751 -0.100366979426 1.84563968957e-16)
(0.231313250173 -0.083772156279 -1.86257632333e-16)
(0.0487290374355 -0.125580642484 0)
(-0.0496877982688 -0.223574897639 0)
(0.0111452207308 -0.234052707112 -2.83549747012e-18)
(0.0395226570548 -0.166279935585 -3.11934892802e-16)
(0.0710214573163 -0.172189956495 -1.84112387815e-16)
(0.0556189241554 -0.116295452791 0)
(0.00821793248602 -0.231838502899 3.30948261415e-16)
(0.244264355056 -0.0696101582627 -1.89983062107e-16)
(0.270245976303 -0.0375945772364 4.42405224033e-18)
(-0.222748303042 0.107318892133 -7.2510577518e-18)
(0.062401514002 -0.103900894481 0)
(0.0977295352928 -0.0883542054031 9.78111954616e-17)
(0.079578554323 -0.0989686501847 0)
(0.130906639473 -0.078271692955 0)
(0.118418409604 -0.0910894737935 -9.33307610504e-17)
(-0.0269347322897 -0.235837065297 -3.77206274924e-17)
(0.025616527983 -0.204520699884 -3.43210666564e-16)
(-0.0269475966986 -0.230098244514 1.27739198933e-16)
(-0.0253828001861 -0.231936169944 2.61725058178e-16)
(-0.0437774562553 -0.223192765139 -7.70895072569e-17)
(0.0136670432728 -0.226811100532 3.05111329158e-16)
(0.173049029022 0.133734244196 5.11524341697e-17)
(-0.146607211341 0.0682412193662 0)
(-0.180464715668 -0.119399127995 -4.61498273611e-19)
(0.2781940139 0.0562530367718 -1.14668226104e-16)
(0.260273294885 0.0871613802937 9.76589088783e-17)
(-0.113360850723 -0.094533179081 0)
(-0.27269105797 -0.0673829012344 0)
(-0.25096052601 -0.0753155422946 0)
(-0.259079695746 0.0270225916283 0)
(0.0954040989529 0.00498351248012 0)
(-0.0298324145287 0.0220719579963 -4.67914083319e-19)
(-0.00592765790058 0.05908902162 7.41219129206e-17)
(-0.045681501562 -0.046950979371 5.39746063678e-18)
(0.141031454378 -0.105709996175 -1.63751884007e-16)
(0.252970669192 0.100419394561 -1.00636789659e-18)
(0.272163979441 -0.031711748519 1.42093629991e-16)
(0.198135039563 0.144048397781 -5.96009302874e-17)
(0.189843032958 0.13902596528 6.57389367967e-17)
(-0.179528933832 0.0825831383984 0)
(0.279285493213 0.049970766692 6.45937811688e-17)
(-0.133059781111 -0.123084214742 -1.28029744577e-17)
(-0.111938948826 -0.0992062730843 1.00685245844e-17)
(-0.205803742192 -0.130706707324 -2.50356049976e-18)
(-0.263842700105 0.0349675303122 -1.52543704002e-18)
(-0.038650299573 -0.308497822383 5.87056077568e-17)
(-0.0325445195634 -0.312801432164 -5.87056077567e-17)
(-0.117968062041 -0.167115358247 3.78728793659e-17)
(-0.129586397098 -0.181977397159 0)
(-0.0179359625424 -0.291121483956 1.08276259287e-16)
(-0.0157925330738 -0.283240759837 -1.08276259287e-16)
(-0.0331998043071 -0.0358732845016 -4.01770584442e-17)
(-0.0394213176363 -0.0470017108442 4.01789789119e-17)
(-0.142707772373 -0.326154867393 0)
(-0.162538433559 -0.315094553702 0)
(-0.112238750361 -0.331602989669 -1.9480221688e-18)
(-0.133524811826 -0.331901585542 1.9480221688e-18)
(0.032987858447 -0.282049520091 0)
(0.0157742878832 -0.266789466217 -1.39209643343e-16)
(-0.022684396966 -0.245245214033 0)
(-0.0224308007953 -0.270389516257 0)
(0.270320364076 0.0431859315222 5.7971086266e-17)
(0.272027821291 0.035284093464 5.85000444468e-17)
(0.0521556698331 0.0786022343917 7.13515962163e-17)
(0.0606161945884 0.0805672025111 -4.33319766749e-18)
(0.260502740518 -0.000217649014657 -1.71312962748e-16)
(0.260676996449 -0.0184583409058 0)
(0.00469611346535 0.0396436439721 5.3498028722e-18)
(0.0161918795189 0.0479929219161 -5.3498028722e-18)
(0.162599969251 0.0916437662101 0)
(0.147701205511 0.0988125924322 -6.39102761558e-17)
(0.199483778971 0.0930887914451 8.78356947359e-17)
(0.193434303828 0.096290771436 -1.90680383779e-16)
(0.218945832775 0.000412787423132 6.28358424717e-16)
(0.2034813258 0.0183261066874 0)
(0.22876168882 0.0315657123871 0)
(0.228449980301 -0.0373909938907 -3.89319987166e-16)
)
;

boundaryField
{
    bottomWall
    {
        type            noSlip;
    }
    leftWall
    {
        type            noSlip;
    }
    rightWall
    {
        type            noSlip;
    }
    movingTop
    {
        type            fixedValue;
        value           uniform (1 0 0);
    }
    front
    {
        type            empty;
    }
    back
    {
        type            empty;
    }
}


// ************************************************************************* //
