$MeshFormat
2.2 0 8
$EndMeshFormat
$PhysicalNames
7
2 1 "xMaxSource"
2 2 "xMinSource"
2 3 "yMaxSource"
2 4 "yMinSource"
2 5 "zMaxSource"
2 6 "zMinSource"
3 7 "fluid"
$EndPhysicalNames
$Nodes
5202
1 0 0 0
2 1 0 0
3 1 1 0
4 0 1 0
5 0 0 0.1
6 1 0 0.1
7 1 1 0.1
8 0 1 0.1
9 0.01999999999996225 0 0
10 0.03999999999992164 0 0
11 0.05999999999987804 0 0
12 0.07999999999984475 0 0
13 0.09999999999981411 0 0
14 0.1199999999997825 0 0
15 0.139999999999732 0 0
16 0.1599999999996736 0 0
17 0.1799999999996152 0 0
18 0.1999999999995569 0 0
19 0.2199999999994985 0 0
20 0.2399999999994401 0 0
21 0.2599999999993817 0 0
22 0.2799999999993234 0 0
23 0.299999999999265 0 0
24 0.3199999999992066 0 0
25 0.3399999999991483 0 0
26 0.3599999999990898 0 0
27 0.3799999999990315 0 0
28 0.3999999999989731 0 0
29 0.4199999999989147 0 0
30 0.4399999999988564 0 0
31 0.4599999999987979 0 0
32 0.4799999999987396 0 0
33 0.4999999999986921 0 0
34 0.5199999999987339 0 0
35 0.5399999999987867 0 0
36 0.5599999999988394 0 0
37 0.5799999999988923 0 0
38 0.5999999999989449 0 0
39 0.6199999999989977 0 0
40 0.6399999999990504 0 0
41 0.6599999999991032 0 0
42 0.6799999999991559 0 0
43 0.6999999999992087 0 0
44 0.7199999999992615 0 0
45 0.7399999999993142 0 0
46 0.759999999999367 0 0
47 0.7799999999994197 0 0
48 0.7999999999994724 0 0
49 0.8199999999995252 0 0
50 0.839999999999578 0 0
51 0.8599999999996307 0 0
52 0.8799999999996835 0 0
53 0.8999999999997362 0 0
54 0.9199999999997889 0 0
55 0.9399999999998417 0 0
56 0.9599999999998945 0 0
57 0.9799999999999472 0 0
58 1 0.01999999999996225 0
59 1 0.03999999999992164 0
60 1 0.05999999999987804 0
61 1 0.07999999999984475 0
62 1 0.09999999999981411 0
63 1 0.1199999999997825 0
64 1 0.139999999999732 0
65 1 0.1599999999996736 0
66 1 0.1799999999996152 0
67 1 0.1999999999995569 0
68 1 0.2199999999994985 0
69 1 0.2399999999994401 0
70 1 0.2599999999993817 0
71 1 0.2799999999993234 0
72 1 0.299999999999265 0
73 1 0.3199999999992066 0
74 1 0.3399999999991483 0
75 1 0.3599999999990898 0
76 1 0.3799999999990315 0
77 1 0.3999999999989731 0
78 1 0.4199999999989147 0
79 1 0.4399999999988564 0
80 1 0.4599999999987979 0
81 1 0.4799999999987396 0
82 1 0.4999999999986921 0
83 1 0.5199999999987339 0
84 1 0.5399999999987867 0
85 1 0.5599999999988394 0
86 1 0.5799999999988923 0
87 1 0.5999999999989449 0
88 1 0.6199999999989977 0
89 1 0.6399999999990504 0
90 1 0.6599999999991032 0
91 1 0.6799999999991559 0
92 1 0.6999999999992087 0
93 1 0.7199999999992615 0
94 1 0.7399999999993142 0
95 1 0.759999999999367 0
96 1 0.7799999999994197 0
97 1 0.7999999999994724 0
98 1 0.8199999999995252 0
99 1 0.839999999999578 0
100 1 0.8599999999996307 0
101 1 0.8799999999996835 0
102 1 0.8999999999997362 0
103 1 0.9199999999997889 0
104 1 0.9399999999998417 0
105 1 0.9599999999998945 0
106 1 0.9799999999999472 0
107 0.9799999999999167 1 0
108 0.9599999999998334 1 0
109 0.9399999999997501 1 0
110 0.9199999999996669 1 0
111 0.8999999999995836 1 0
112 0.8799999999995082 1 0
113 0.8599999999995835 1 0
114 0.8399999999997224 1 0
115 0.8199999999998612 1 0
116 0.8 1 0
117 0.7800000000001388 1 0
118 0.7600000000002776 1 0
119 0.7400000000004163 1 0
120 0.7200000000005551 1 0
121 0.7000000000006938 1 0
122 0.6800000000008326 1 0
123 0.6600000000009714 1 0
124 0.64000000000111 1 0
125 0.6200000000012488 1 0
126 0.6000000000013874 1 0
127 0.5800000000015262 1 0
128 0.5600000000016649 1 0
129 0.5400000000018037 1 0
130 0.5200000000019424 1 0
131 0.5000000000020595 1 0
132 0.4800000000019978 1 0
133 0.4600000000019147 1 0
134 0.4400000000018314 1 0
135 0.4200000000017482 1 0
136 0.4000000000016649 1 0
137 0.3800000000015817 1 0
138 0.3600000000014983 1 0
139 0.3400000000014151 1 0
140 0.3200000000013319 1 0
141 0.3000000000012486 1 0
142 0.2800000000011654 1 0
143 0.2600000000010821 1 0
144 0.240000000000999 1 0
145 0.2200000000009157 1 0
146 0.2000000000008325 1 0
147 0.1800000000007492 1 0
148 0.1600000000006659 1 0
149 0.1400000000005828 1 0
150 0.1200000000004994 1 0
151 0.1000000000004162 1 0
152 0.08000000000033292 1 0
153 0.06000000000024974 1 0
154 0.04000000000016646 1 0
155 0.02000000000008317 1 0
156 0 0.9799999999999167 0
157 0 0.9599999999998334 0
158 0 0.9399999999997501 0
159 0 0.9199999999996669 0
160 0 0.8999999999995836 0
161 0 0.8799999999995082 0
162 0 0.8599999999995835 0
163 0 0.8399999999997224 0
164 0 0.8199999999998612 0
165 0 0.8 0
166 0 0.7800000000001388 0
167 0 0.7600000000002776 0
168 0 0.7400000000004163 0
169 0 0.7200000000005551 0
170 0 0.7000000000006938 0
171 0 0.6800000000008326 0
172 0 0.6600000000009714 0
173 0 0.64000000000111 0
174 0 0.6200000000012488 0
175 0 0.6000000000013874 0
176 0 0.5800000000015262 0
177 0 0.5600000000016649 0
178 0 0.5400000000018037 0
179 0 0.5200000000019424 0
180 0 0.5000000000020595 0
181 0 0.4800000000019978 0
182 0 0.4600000000019147 0
183 0 0.4400000000018314 0
184 0 0.4200000000017482 0
185 0 0.4000000000016649 0
186 0 0.3800000000015817 0
187 0 0.3600000000014983 0
188 0 0.3400000000014151 0
189 0 0.3200000000013319 0
190 0 0.3000000000012486 0
191 0 0.2800000000011654 0
192 0 0.2600000000010821 0
193 0 0.240000000000999 0
194 0 0.2200000000009157 0
195 0 0.2000000000008325 0
196 0 0.1800000000007492 0
197 0 0.1600000000006659 0
198 0 0.1400000000005828 0
199 0 0.1200000000004994 0
200 0 0.1000000000004162 0
201 0 0.08000000000033292 0
202 0 0.06000000000024974 0
203 0 0.04000000000016646 0
204 0 0.02000000000008317 0
205 0.01999999999996225 0 0.1
206 0.03999999999992164 0 0.1
207 0.05999999999987804 0 0.1
208 0.07999999999984475 0 0.1
209 0.09999999999981411 0 0.1
210 0.1199999999997825 0 0.1
211 0.139999999999732 0 0.1
212 0.1599999999996736 0 0.1
213 0.1799999999996152 0 0.1
214 0.1999999999995569 0 0.1
215 0.2199999999994985 0 0.1
216 0.2399999999994401 0 0.1
217 0.2599999999993817 0 0.1
218 0.2799999999993234 0 0.1
219 0.299999999999265 0 0.1
220 0.3199999999992066 0 0.1
221 0.3399999999991483 0 0.1
222 0.3599999999990898 0 0.1
223 0.3799999999990315 0 0.1
224 0.3999999999989731 0 0.1
225 0.4199999999989147 0 0.1
226 0.4399999999988564 0 0.1
227 0.4599999999987979 0 0.1
228 0.4799999999987396 0 0.1
229 0.4999999999986921 0 0.1
230 0.5199999999987339 0 0.1
231 0.5399999999987867 0 0.1
232 0.5599999999988394 0 0.1
233 0.5799999999988923 0 0.1
234 0.5999999999989449 0 0.1
235 0.6199999999989977 0 0.1
236 0.6399999999990504 0 0.1
237 0.6599999999991032 0 0.1
238 0.6799999999991559 0 0.1
239 0.6999999999992087 0 0.1
240 0.7199999999992615 0 0.1
241 0.7399999999993142 0 0.1
242 0.759999999999367 0 0.1
243 0.7799999999994197 0 0.1
244 0.7999999999994724 0 0.1
245 0.8199999999995252 0 0.1
246 0.839999999999578 0 0.1
247 0.8599999999996307 0 0.1
248 0.8799999999996835 0 0.1
249 0.8999999999997362 0 0.1
250 0.9199999999997889 0 0.1
251 0.9399999999998417 0 0.1
252 0.9599999999998945 0 0.1
253 0.9799999999999472 0 0.1
254 1 0.01999999999996225 0.1
255 1 0.03999999999992164 0.1
256 1 0.05999999999987804 0.1
257 1 0.07999999999984475 0.1
258 1 0.09999999999981411 0.1
259 1 0.1199999999997825 0.1
260 1 0.139999999999732 0.1
261 1 0.1599999999996736 0.1
262 1 0.1799999999996152 0.1
263 1 0.1999999999995569 0.1
264 1 0.2199999999994985 0.1
265 1 0.2399999999994401 0.1
266 1 0.2599999999993817 0.1
267 1 0.2799999999993234 0.1
268 1 0.299999999999265 0.1
269 1 0.3199999999992066 0.1
270 1 0.3399999999991483 0.1
271 1 0.3599999999990898 0.1
272 1 0.3799999999990315 0.1
273 1 0.3999999999989731 0.1
274 1 0.4199999999989147 0.1
275 1 0.4399999999988564 0.1
276 1 0.4599999999987979 0.1
277 1 0.4799999999987396 0.1
278 1 0.4999999999986921 0.1
279 1 0.5199999999987339 0.1
280 1 0.5399999999987867 0.1
281 1 0.5599999999988394 0.1
282 1 0.5799999999988923 0.1
283 1 0.5999999999989449 0.1
284 1 0.6199999999989977 0.1
285 1 0.6399999999990504 0.1
286 1 0.6599999999991032 0.1
287 1 0.6799999999991559 0.1
288 1 0.6999999999992087 0.1
289 1 0.7199999999992615 0.1
290 1 0.7399999999993142 0.1
291 1 0.759999999999367 0.1
292 1 0.7799999999994197 0.1
293 1 0.7999999999994724 0.1
294 1 0.8199999999995252 0.1
295 1 0.839999999999578 0.1
296 1 0.8599999999996307 0.1
297 1 0.8799999999996835 0.1
298 1 0.8999999999997362 0.1
299 1 0.9199999999997889 0.1
300 1 0.9399999999998417 0.1
301 1 0.9599999999998945 0.1
302 1 0.9799999999999472 0.1
303 0.9799999999999167 1 0.1
304 0.9599999999998334 1 0.1
305 0.9399999999997501 1 0.1
306 0.9199999999996669 1 0.1
307 0.8999999999995836 1 0.1
308 0.8799999999995082 1 0.1
309 0.8599999999995835 1 0.1
310 0.8399999999997224 1 0.1
311 0.8199999999998612 1 0.1
312 0.8 1 0.1
313 0.7800000000001388 1 0.1
314 0.7600000000002776 1 0.1
315 0.7400000000004163 1 0.1
316 0.7200000000005551 1 0.1
317 0.7000000000006938 1 0.1
318 0.6800000000008326 1 0.1
319 0.6600000000009714 1 0.1
320 0.64000000000111 1 0.1
321 0.6200000000012488 1 0.1
322 0.6000000000013874 1 0.1
323 0.5800000000015262 1 0.1
324 0.5600000000016649 1 0.1
325 0.5400000000018037 1 0.1
326 0.5200000000019424 1 0.1
327 0.5000000000020595 1 0.1
328 0.4800000000019978 1 0.1
329 0.4600000000019147 1 0.1
330 0.4400000000018314 1 0.1
331 0.4200000000017482 1 0.1
332 0.4000000000016649 1 0.1
333 0.3800000000015817 1 0.1
334 0.3600000000014983 1 0.1
335 0.3400000000014151 1 0.1
336 0.3200000000013319 1 0.1
337 0.3000000000012486 1 0.1
338 0.2800000000011654 1 0.1
339 0.2600000000010821 1 0.1
340 0.240000000000999 1 0.1
341 0.2200000000009157 1 0.1
342 0.2000000000008325 1 0.1
343 0.1800000000007492 1 0.1
344 0.1600000000006659 1 0.1
345 0.1400000000005828 1 0.1
346 0.1200000000004994 1 0.1
347 0.1000000000004162 1 0.1
348 0.08000000000033292 1 0.1
349 0.06000000000024974 1 0.1
350 0.04000000000016646 1 0.1
351 0.02000000000008317 1 0.1
352 0 0.9799999999999167 0.1
353 0 0.9599999999998334 0.1
354 0 0.9399999999997501 0.1
355 0 0.9199999999996669 0.1
356 0 0.8999999999995836 0.1
357 0 0.8799999999995082 0.1
358 0 0.8599999999995835 0.1
359 0 0.8399999999997224 0.1
360 0 0.8199999999998612 0.1
361 0 0.8 0.1
362 0 0.7800000000001388 0.1
363 0 0.7600000000002776 0.1
364 0 0.7400000000004163 0.1
365 0 0.7200000000005551 0.1
366 0 0.7000000000006938 0.1
367 0 0.6800000000008326 0.1
368 0 0.6600000000009714 0.1
369 0 0.64000000000111 0.1
370 0 0.6200000000012488 0.1
371 0 0.6000000000013874 0.1
372 0 0.5800000000015262 0.1
373 0 0.5600000000016649 0.1
374 0 0.5400000000018037 0.1
375 0 0.5200000000019424 0.1
376 0 0.5000000000020595 0.1
377 0 0.4800000000019978 0.1
378 0 0.4600000000019147 0.1
379 0 0.4400000000018314 0.1
380 0 0.4200000000017482 0.1
381 0 0.4000000000016649 0.1
382 0 0.3800000000015817 0.1
383 0 0.3600000000014983 0.1
384 0 0.3400000000014151 0.1
385 0 0.3200000000013319 0.1
386 0 0.3000000000012486 0.1
387 0 0.2800000000011654 0.1
388 0 0.2600000000010821 0.1
389 0 0.240000000000999 0.1
390 0 0.2200000000009157 0.1
391 0 0.2000000000008325 0.1
392 0 0.1800000000007492 0.1
393 0 0.1600000000006659 0.1
394 0 0.1400000000005828 0.1
395 0 0.1200000000004994 0.1
396 0 0.1000000000004162 0.1
397 0 0.08000000000033292 0.1
398 0 0.06000000000024974 0.1
399 0 0.04000000000016646 0.1
400 0 0.02000000000008317 0.1
401 0.01999999999996467 0.02000000000008076 0
402 0.01999999999996709 0.04000000000016156 0
403 0.0199999999999695 0.0600000000002423 0
404 0.01999999999997193 0.08000000000032316 0
405 0.01999999999997434 0.1000000000004042 0
406 0.01999999999997676 0.120000000000485 0
407 0.01999999999997918 0.1400000000005658 0
408 0.0199999999999816 0.1600000000006461 0
409 0.01999999999998401 0.1800000000007265 0
410 0.01999999999998643 0.200000000000807 0
411 0.01999999999998886 0.2200000000008873 0
412 0.01999999999999127 0.2400000000009678 0
413 0.01999999999999369 0.2600000000010481 0
414 0.01999999999999611 0.2800000000011286 0
415 0.01999999999999853 0.300000000001209 0
416 0.02000000000000095 0.3200000000012893 0
417 0.02000000000000337 0.3400000000013698 0
418 0.02000000000000579 0.3600000000014501 0
419 0.0200000000000082 0.3800000000015308 0
420 0.02000000000001062 0.4000000000016111 0
421 0.02000000000001305 0.4200000000016915 0
422 0.02000000000001546 0.4400000000017719 0
423 0.02000000000001788 0.4600000000018523 0
424 0.02000000000002029 0.4800000000019327 0
425 0.02000000000002271 0.5000000000019922 0
426 0.02000000000002513 0.5200000000018782 0
427 0.02000000000002755 0.5400000000017433 0
428 0.02000000000002997 0.5600000000016083 0
429 0.02000000000003238 0.5800000000014737 0
430 0.02000000000003481 0.6000000000013387 0
431 0.02000000000003723 0.6200000000012039 0
432 0.02000000000003964 0.640000000001069 0
433 0.02000000000004206 0.6600000000009341 0
434 0.02000000000004448 0.6800000000007992 0
435 0.02000000000004689 0.7000000000006643 0
436 0.02000000000004932 0.7200000000005293 0
437 0.02000000000005174 0.7400000000003942 0
438 0.02000000000005415 0.7600000000002592 0
439 0.02000000000005657 0.7800000000001244 0
440 0.02000000000005899 0.7999999999999896 0
441 0.02000000000006141 0.8199999999998545 0
442 0.02000000000006382 0.8399999999997195 0
443 0.02000000000006624 0.8599999999995847 0
444 0.02000000000006866 0.8799999999995116 0
445 0.02000000000007108 0.8999999999995866 0
446 0.0200000000000735 0.9199999999996692 0
447 0.02000000000007592 0.9399999999997523 0
448 0.02000000000007834 0.9599999999998349 0
449 0.02000000000008076 0.9799999999999174 0
450 0.03999999999992654 0.02000000000007834 0
451 0.03999999999993144 0.04000000000015667 0
452 0.03999999999993633 0.06000000000023487 0
453 0.03999999999994122 0.08000000000031339 0
454 0.03999999999994612 0.1000000000003921 0
455 0.03999999999995102 0.1200000000004707 0
456 0.03999999999995592 0.1400000000005487 0
457 0.0399999999999608 0.1600000000006262 0
458 0.03999999999996572 0.1800000000007038 0
459 0.0399999999999706 0.2000000000007815 0
460 0.0399999999999755 0.220000000000859 0
461 0.0399999999999804 0.2400000000009366 0
462 0.0399999999999853 0.2600000000010141 0
463 0.0399999999999902 0.2800000000010918 0
464 0.03999999999999508 0.3000000000011692 0
465 0.03999999999999998 0.3200000000012469 0
466 0.04000000000000488 0.3400000000013244 0
467 0.04000000000000976 0.3600000000014021 0
468 0.04000000000001468 0.3800000000014798 0
469 0.04000000000001958 0.4000000000015572 0
470 0.04000000000002446 0.4200000000016349 0
471 0.04000000000002936 0.4400000000017124 0
472 0.04000000000003426 0.46000000000179 0
473 0.04000000000003916 0.4800000000018675 0
474 0.04000000000004404 0.5000000000019247 0
475 0.04000000000004894 0.520000000001814 0
476 0.04000000000005384 0.5400000000016829 0
477 0.04000000000005874 0.5600000000015519 0
478 0.04000000000006364 0.5800000000014208 0
479 0.04000000000006854 0.6000000000012898 0
480 0.04000000000007344 0.6200000000011587 0
481 0.04000000000007832 0.6400000000010277 0
482 0.04000000000008322 0.6600000000008965 0
483 0.04000000000008812 0.6800000000007654 0
484 0.040000000000093 0.7000000000006344 0
485 0.04000000000009792 0.7200000000005033 0
486 0.0400000000001028 0.7400000000003722 0
487 0.04000000000010771 0.760000000000241 0
488 0.0400000000001126 0.78000000000011 0
489 0.04000000000011748 0.799999999999979 0
490 0.0400000000001224 0.8199999999998476 0
491 0.04000000000012728 0.8399999999997166 0
492 0.04000000000013218 0.8599999999995852 0
493 0.04000000000013708 0.8799999999995152 0
494 0.04000000000014198 0.8999999999995898 0
495 0.04000000000014688 0.9199999999996719 0
496 0.04000000000015176 0.9399999999997537 0
497 0.04000000000015666 0.9599999999998358 0
498 0.04000000000016156 0.9799999999999179 0
499 0.05999999999988548 0.02000000000007592 0
500 0.0599999999998929 0.04000000000015175 0
501 0.05999999999990033 0.06000000000022743 0
502 0.05999999999990777 0.08000000000030362 0
503 0.0599999999999152 0.1000000000003801 0
504 0.05999999999992264 0.1200000000004564 0
505 0.05999999999993008 0.1400000000005318 0
506 0.05999999999993752 0.1600000000006064 0
507 0.05999999999994494 0.1800000000006812 0
508 0.05999999999995237 0.2000000000007559 0
509 0.05999999999995981 0.2200000000008307 0
510 0.05999999999996725 0.2400000000009054 0
511 0.05999999999997468 0.2600000000009801 0
512 0.05999999999998211 0.280000000001055 0
513 0.05999999999998955 0.3000000000011296 0
514 0.05999999999999697 0.3200000000012044 0
515 0.06000000000000442 0.3400000000012791 0
516 0.06000000000001185 0.3600000000013538 0
517 0.06000000000001929 0.3800000000014287 0
518 0.06000000000002671 0.4000000000015034 0
519 0.06000000000003415 0.4200000000015783 0
520 0.0600000000000416 0.4400000000016528 0
521 0.06000000000004903 0.4600000000017277 0
522 0.06000000000005645 0.4800000000018023 0
523 0.06000000000006389 0.5000000000018574 0
524 0.06000000000007133 0.5200000000017498 0
525 0.06000000000007875 0.5400000000016225 0
526 0.06000000000008619 0.5600000000014955 0
527 0.06000000000009363 0.5800000000013682 0
528 0.06000000000010106 0.600000000001241 0
529 0.06000000000010849 0.6200000000011135 0
530 0.06000000000011593 0.6400000000009863 0
531 0.06000000000012337 0.6600000000008591 0
532 0.0600000000001308 0.6800000000007321 0
533 0.06000000000013825 0.7000000000006046 0
534 0.06000000000014566 0.7200000000004775 0
535 0.0600000000001531 0.7400000000003503 0
536 0.06000000000016054 0.7600000000002228 0
537 0.06000000000016797 0.7800000000000958 0
538 0.0600000000001754 0.7999999999999684 0
539 0.06000000000018284 0.819999999999841 0
540 0.06000000000019026 0.8399999999997139 0
541 0.0600000000001977 0.8599999999995865 0
542 0.06000000000020514 0.8799999999995186 0
543 0.06000000000021256 0.8999999999995928 0
544 0.06000000000022002 0.9199999999996741 0
545 0.06000000000022744 0.9399999999997557 0
546 0.06000000000023487 0.959999999999837 0
547 0.0600000000002423 0.9799999999999187 0
548 0.07999999999985453 0.0200000000000735 0
549 0.0799999999998643 0.04000000000014688 0
550 0.07999999999987405 0.06000000000022002 0
551 0.07999999999988383 0.08000000000029386 0
552 0.07999999999989356 0.100000000000368 0
553 0.07999999999990332 0.120000000000442 0
554 0.0799999999999131 0.1400000000005147 0
555 0.07999999999992288 0.1600000000005865 0
556 0.07999999999993264 0.1800000000006585 0
557 0.07999999999994239 0.2000000000007305 0
558 0.07999999999995214 0.2200000000008023 0
559 0.07999999999996191 0.2400000000008742 0
560 0.07999999999997166 0.2600000000009461 0
561 0.07999999999998143 0.2800000000010181 0
562 0.0799999999999912 0.30000000000109 0
563 0.08000000000000095 0.3200000000011619 0
564 0.08000000000001072 0.3400000000012338 0
565 0.08000000000002046 0.3600000000013057 0
566 0.08000000000003024 0.3800000000013777 0
567 0.08000000000004003 0.4000000000014496 0
568 0.08000000000004981 0.4200000000015214 0
569 0.08000000000005954 0.4400000000015933 0
570 0.08000000000006931 0.4600000000016653 0
571 0.08000000000007908 0.4800000000017371 0
572 0.08000000000008882 0.5000000000017901 0
573 0.08000000000009859 0.5200000000016857 0
574 0.08000000000010836 0.5400000000015623 0
575 0.0800000000001181 0.5600000000014387 0
576 0.08000000000012787 0.5800000000013156 0
577 0.08000000000013764 0.6000000000011921 0
578 0.08000000000014741 0.6200000000010686 0
579 0.08000000000015718 0.6400000000009453 0
580 0.08000000000016695 0.6600000000008219 0
581 0.08000000000017672 0.6800000000006985 0
582 0.08000000000018646 0.7000000000005749 0
583 0.08000000000019623 0.7200000000004515 0
584 0.08000000000020598 0.7400000000003281 0
585 0.08000000000021575 0.7600000000002046 0
586 0.08000000000022552 0.7800000000000812 0
587 0.0800000000002353 0.7999999999999577 0
588 0.08000000000024506 0.8199999999998344 0
589 0.08000000000025483 0.8399999999997109 0
590 0.08000000000026457 0.8599999999995874 0
591 0.08000000000027434 0.8799999999995223 0
592 0.08000000000028407 0.8999999999995959 0
593 0.08000000000029385 0.9199999999996766 0
594 0.08000000000030362 0.9399999999997575 0
595 0.08000000000031339 0.9599999999998383 0
596 0.08000000000032316 0.9799999999999192 0
597 0.09999999999982616 0.02000000000007108 0
598 0.09999999999983819 0.04000000000014196 0
599 0.09999999999985025 0.06000000000021258 0
600 0.0999999999998623 0.08000000000028408 0
601 0.09999999999987431 0.100000000000356 0
602 0.09999999999988636 0.1200000000004277 0
603 0.09999999999989841 0.1400000000004977 0
604 0.09999999999991045 0.1600000000005667 0
605 0.09999999999992247 0.1800000000006358 0
606 0.09999999999993456 0.200000000000705 0
607 0.09999999999994659 0.220000000000774 0
608 0.09999999999995862 0.240000000000843 0
609 0.09999999999997065 0.2600000000009122 0
610 0.09999999999998269 0.2800000000009812 0
611 0.09999999999999475 0.3000000000010502 0
612 0.1000000000000068 0.3200000000011193 0
613 0.1000000000000188 0.3400000000011884 0
614 0.1000000000000309 0.3600000000012575 0
615 0.1000000000000429 0.3800000000013267 0
616 0.1000000000000549 0.4000000000013958 0
617 0.100000000000067 0.4200000000014648 0
618 0.100000000000079 0.4400000000015338 0
619 0.1000000000000911 0.460000000001603 0
620 0.1000000000001031 0.480000000001672 0
621 0.1000000000001151 0.5000000000017226 0
622 0.1000000000001272 0.5200000000016215 0
623 0.1000000000001392 0.5400000000015022 0
624 0.1000000000001513 0.5600000000013823 0
625 0.1000000000001633 0.5800000000012627 0
626 0.1000000000001754 0.6000000000011433 0
627 0.1000000000001874 0.6200000000010237 0
628 0.1000000000001994 0.6400000000009042 0
629 0.1000000000002115 0.6600000000007846 0
630 0.1000000000002235 0.6800000000006651 0
631 0.1000000000002356 0.7000000000005452 0
632 0.1000000000002476 0.7200000000004257 0
633 0.1000000000002597 0.7400000000003063 0
634 0.1000000000002717 0.7600000000001864 0
635 0.1000000000002837 0.780000000000067 0
636 0.1000000000002958 0.7999999999999471 0
637 0.1000000000003078 0.8199999999998276 0
638 0.1000000000003198 0.839999999999708 0
639 0.1000000000003319 0.8599999999995883 0
640 0.1000000000003439 0.8799999999995256 0
641 0.100000000000356 0.899999999999599 0
642 0.100000000000368 0.919999999999679 0
643 0.1000000000003801 0.9399999999997593 0
644 0.1000000000003921 0.9599999999998396 0
645 0.1000000000004042 0.9799999999999198 0
646 0.1199999999997968 0.02000000000006866 0
647 0.1199999999998112 0.04000000000013708 0
648 0.1199999999998255 0.06000000000020514 0
649 0.1199999999998398 0.0800000000002743 0
650 0.1199999999998542 0.1000000000003439 0
651 0.1199999999998685 0.1200000000004134 0
652 0.1199999999998829 0.1400000000004807 0
653 0.1199999999998972 0.1600000000005468 0
654 0.1199999999999115 0.1800000000006131 0
655 0.1199999999999259 0.2000000000006794 0
656 0.1199999999999402 0.2200000000007457 0
657 0.1199999999999546 0.240000000000812 0
658 0.1199999999999689 0.2600000000008781 0
659 0.1199999999999832 0.2800000000009444 0
660 0.1199999999999976 0.3000000000010106 0
661 0.1200000000000119 0.3200000000010768 0
662 0.1200000000000263 0.340000000001143 0
663 0.1200000000000406 0.3600000000012094 0
664 0.1200000000000549 0.3800000000012757 0
665 0.1200000000000692 0.4000000000013419 0
666 0.1200000000000836 0.4200000000014082 0
667 0.1200000000000979 0.4400000000014743 0
668 0.1200000000001123 0.4600000000015406 0
669 0.1200000000001266 0.4800000000016069 0
670 0.1200000000001409 0.5000000000016553 0
671 0.1200000000001553 0.5200000000015573 0
672 0.1200000000001696 0.5400000000014418 0
673 0.120000000000184 0.5600000000013259 0
674 0.1200000000001983 0.5800000000012101 0
675 0.1200000000002126 0.6000000000010944 0
676 0.120000000000227 0.6200000000009787 0
677 0.1200000000002413 0.6400000000008629 0
678 0.1200000000002556 0.6600000000007471 0
679 0.12000000000027 0.6800000000006313 0
680 0.1200000000002843 0.7000000000005157 0
681 0.1200000000002986 0.7200000000004 0
682 0.120000000000313 0.7400000000002842 0
683 0.1200000000003273 0.7600000000001682 0
684 0.1200000000003417 0.7800000000000525 0
685 0.120000000000356 0.7999999999999369 0
686 0.1200000000003703 0.8199999999998209 0
687 0.1200000000003847 0.8399999999997051 0
688 0.120000000000399 0.8599999999995892 0
689 0.1200000000004134 0.8799999999995292 0
690 0.1200000000004277 0.8999999999996019 0
691 0.120000000000442 0.9199999999996816 0
692 0.1200000000004564 0.939999999999761 0
693 0.1200000000004707 0.9599999999998408 0
694 0.1200000000004851 0.9799999999999205 0
695 0.139999999999749 0.02000000000006624 0
696 0.1399999999997661 0.04000000000013218 0
697 0.1399999999997831 0.0600000000001977 0
698 0.1399999999998001 0.08000000000026457 0
699 0.1399999999998171 0.1000000000003319 0
700 0.1399999999998341 0.120000000000399 0
701 0.1399999999998511 0.1400000000004636 0
702 0.1399999999998682 0.160000000000527 0
703 0.1399999999998852 0.1800000000005905 0
704 0.1399999999999021 0.2000000000006539 0
705 0.1399999999999192 0.2200000000007173 0
706 0.1399999999999362 0.2400000000007808 0
707 0.1399999999999532 0.260000000000844 0
708 0.1399999999999703 0.2800000000009075 0
709 0.1399999999999872 0.3000000000009709 0
710 0.1400000000000043 0.3200000000010344 0
711 0.1400000000000213 0.3400000000010976 0
712 0.1400000000000383 0.3600000000011612 0
713 0.1400000000000554 0.3800000000012247 0
714 0.1400000000000723 0.4000000000012881 0
715 0.1400000000000893 0.4200000000013516 0
716 0.1400000000001064 0.4400000000014148 0
717 0.1400000000001234 0.4600000000014783 0
718 0.1400000000001404 0.4800000000015416 0
719 0.1400000000001574 0.5000000000015881 0
720 0.1400000000001744 0.5200000000014932 0
721 0.1400000000001914 0.5400000000013814 0
722 0.1400000000002085 0.5600000000012695 0
723 0.1400000000002254 0.5800000000011575 0
724 0.1400000000002425 0.6000000000010456 0
725 0.1400000000002595 0.6200000000009336 0
726 0.1400000000002765 0.6400000000008216 0
727 0.1400000000002935 0.6600000000007098 0
728 0.1400000000003105 0.6800000000005978 0
729 0.1400000000003275 0.7000000000004859 0
730 0.1400000000003446 0.720000000000374 0
731 0.1400000000003616 0.7400000000002619 0
732 0.1400000000003786 0.7600000000001499 0
733 0.1400000000003956 0.7800000000000381 0
734 0.1400000000004126 0.7999999999999262 0
735 0.1400000000004296 0.8199999999998141 0
736 0.1400000000004467 0.8399999999997022 0
737 0.1400000000004637 0.8599999999995901 0
738 0.1400000000004807 0.8799999999995327 0
739 0.1400000000004977 0.899999999999605 0
740 0.1400000000005147 0.9199999999996837 0
741 0.1400000000005317 0.9399999999997628 0
742 0.1400000000005487 0.9599999999998419 0
743 0.1400000000005658 0.9799999999999209 0
744 0.1599999999996935 0.02000000000006382 0
745 0.1599999999997133 0.04000000000012728 0
746 0.1599999999997332 0.06000000000019026 0
747 0.159999999999753 0.08000000000025484 0
748 0.1599999999997729 0.1000000000003198 0
749 0.1599999999997927 0.1200000000003847 0
750 0.1599999999998125 0.1400000000004467 0
751 0.1599999999998324 0.1600000000005072 0
752 0.1599999999998522 0.1800000000005678 0
753 0.1599999999998721 0.2000000000006284 0
754 0.1599999999998919 0.2200000000006889 0
755 0.1599999999999118 0.2400000000007496 0
756 0.1599999999999317 0.26000000000081 0
757 0.1599999999999515 0.2800000000008707 0
758 0.1599999999999713 0.3000000000009312 0
759 0.1599999999999912 0.3200000000009918 0
760 0.160000000000011 0.3400000000010524 0
761 0.1600000000000309 0.360000000001113 0
762 0.1600000000000507 0.3800000000011737 0
763 0.1600000000000706 0.4000000000012342 0
764 0.1600000000000905 0.4200000000012948 0
765 0.1600000000001102 0.4400000000013553 0
766 0.1600000000001301 0.4600000000014159 0
767 0.1600000000001499 0.4800000000014765 0
768 0.1600000000001698 0.5000000000015206 0
769 0.1600000000001896 0.520000000001429 0
770 0.1600000000002094 0.540000000001321 0
771 0.1600000000002293 0.5600000000012129 0
772 0.1600000000002492 0.5800000000011046 0
773 0.160000000000269 0.6000000000009967 0
774 0.1600000000002889 0.6200000000008885 0
775 0.1600000000003087 0.6400000000007803 0
776 0.1600000000003286 0.6600000000006723 0
777 0.1600000000003484 0.6800000000005643 0
778 0.1600000000003682 0.7000000000004565 0
779 0.1600000000003881 0.720000000000348 0
780 0.160000000000408 0.7400000000002399 0
781 0.1600000000004278 0.7600000000001318 0
782 0.1600000000004476 0.780000000000024 0
783 0.1600000000004675 0.7999999999999156 0
784 0.1600000000004873 0.8199999999998072 0
785 0.1600000000005072 0.8399999999996994 0
786 0.160000000000527 0.859999999999591 0
787 0.1600000000005469 0.879999999999536 0
788 0.1600000000005667 0.8999999999996079 0
789 0.1600000000005866 0.9199999999996865 0
790 0.1600000000006064 0.9399999999997646 0
791 0.1600000000006262 0.9599999999998433 0
792 0.1600000000006461 0.9799999999999216 0
793 0.1799999999996379 0.02000000000006141 0
794 0.1799999999996606 0.0400000000001224 0
795 0.1799999999996833 0.06000000000018282 0
796 0.179999999999706 0.08000000000024506 0
797 0.1799999999997287 0.1000000000003078 0
798 0.1799999999997513 0.1200000000003703 0
799 0.179999999999774 0.1400000000004297 0
800 0.1799999999997966 0.1600000000004873 0
801 0.1799999999998194 0.1800000000005451 0
802 0.179999999999842 0.2000000000006029 0
803 0.1799999999998647 0.2200000000006606 0
804 0.1799999999998874 0.2400000000007184 0
805 0.17999999999991 0.2600000000007761 0
806 0.1799999999999328 0.2800000000008338 0
807 0.1799999999999555 0.3000000000008916 0
808 0.1799999999999781 0.3200000000009494 0
809 0.1800000000000008 0.340000000001007 0
810 0.1800000000000235 0.3600000000010649 0
811 0.1800000000000461 0.3800000000011227 0
812 0.1800000000000688 0.4000000000011804 0
813 0.1800000000000915 0.4200000000012381 0
814 0.1800000000001142 0.4400000000012958 0
815 0.1800000000001369 0.4600000000013536 0
816 0.1800000000001595 0.4800000000014113 0
817 0.1800000000001823 0.5000000000014533 0
818 0.1800000000002049 0.5200000000013648 0
819 0.1800000000002276 0.5400000000012606 0
820 0.1800000000002503 0.5600000000011562 0
821 0.180000000000273 0.5800000000010522 0
822 0.1800000000002956 0.6000000000009479 0
823 0.1800000000003183 0.6200000000008434 0
824 0.180000000000341 0.6400000000007394 0
825 0.1800000000003637 0.660000000000635 0
826 0.1800000000003863 0.6800000000005311 0
827 0.180000000000409 0.7000000000004266 0
828 0.1800000000004317 0.7200000000003223 0
829 0.1800000000004544 0.740000000000218 0
830 0.1800000000004771 0.7600000000001136 0
831 0.1800000000004998 0.7800000000000094 0
832 0.1800000000005224 0.7999999999999049 0
833 0.1800000000005451 0.8199999999998006 0
834 0.1800000000005678 0.8399999999996963 0
835 0.1800000000005905 0.8599999999995919 0
836 0.1800000000006131 0.8799999999995396 0
837 0.1800000000006358 0.8999999999996111 0
838 0.1800000000006585 0.9199999999996887 0
839 0.1800000000006812 0.9399999999997666 0
840 0.1800000000007038 0.9599999999998445 0
841 0.1800000000007266 0.9799999999999223 0
842 0.1999999999995824 0.02000000000005899 0
843 0.1999999999996079 0.04000000000011748 0
844 0.1999999999996334 0.0600000000001754 0
845 0.1999999999996589 0.0800000000002353 0
846 0.1999999999996845 0.1000000000002958 0
847 0.1999999999997099 0.120000000000356 0
848 0.1999999999997354 0.1400000000004126 0
849 0.199999999999761 0.1600000000004675 0
850 0.1999999999997865 0.1800000000005224 0
851 0.199999999999812 0.2000000000005774 0
852 0.1999999999998375 0.2200000000006322 0
853 0.199999999999863 0.2400000000006872 0
854 0.1999999999998885 0.2600000000007421 0
855 0.199999999999914 0.2800000000007969 0
856 0.1999999999999396 0.3000000000008519 0
857 0.199999999999965 0.3200000000009067 0
858 0.1999999999999906 0.3400000000009617 0
859 0.2000000000000161 0.3600000000010167 0
860 0.2000000000000416 0.3800000000010717 0
861 0.2000000000000672 0.4000000000011265 0
862 0.2000000000000927 0.4200000000011815 0
863 0.2000000000001182 0.4400000000012363 0
864 0.2000000000001436 0.4600000000012913 0
865 0.2000000000001692 0.4800000000013461 0
866 0.2000000000001947 0.500000000001386 0
867 0.2000000000002201 0.5200000000013006 0
868 0.2000000000002457 0.5400000000012002 0
869 0.2000000000002712 0.5600000000010998 0
870 0.2000000000002967 0.5800000000009994 0
871 0.2000000000003222 0.600000000000899 0
872 0.2000000000003478 0.6200000000007986 0
873 0.2000000000003732 0.6400000000006981 0
874 0.2000000000003987 0.6600000000005977 0
875 0.2000000000004243 0.6800000000004973 0
876 0.2000000000004499 0.7000000000003969 0
877 0.2000000000004754 0.7200000000002966 0
878 0.2000000000005009 0.7400000000001957 0
879 0.2000000000005263 0.7600000000000954 0
880 0.2000000000005519 0.779999999999995 0
881 0.2000000000005774 0.7999999999998947 0
882 0.2000000000006029 0.8199999999997939 0
883 0.2000000000006284 0.8399999999996935 0
884 0.2000000000006539 0.859999999999593 0
885 0.2000000000006794 0.8799999999995431 0
886 0.200000000000705 0.8999999999996141 0
887 0.2000000000007305 0.9199999999996913 0
888 0.200000000000756 0.9399999999997685 0
889 0.2000000000007815 0.9599999999998456 0
890 0.200000000000807 0.9799999999999228 0
891 0.2199999999995269 0.02000000000005657 0
892 0.2199999999995552 0.0400000000001126 0
893 0.2199999999995835 0.06000000000016797 0
894 0.2199999999996119 0.0800000000002255 0
895 0.2199999999996402 0.1000000000002838 0
896 0.2199999999996686 0.1200000000003417 0
897 0.2199999999996969 0.1400000000003956 0
898 0.2199999999997252 0.1600000000004476 0
899 0.2199999999997536 0.1800000000004998 0
900 0.2199999999997819 0.2000000000005518 0
901 0.2199999999998103 0.2200000000006039 0
902 0.2199999999998386 0.240000000000656 0
903 0.219999999999867 0.2600000000007081 0
904 0.2199999999998953 0.2800000000007602 0
905 0.2199999999999236 0.3000000000008122 0
906 0.219999999999952 0.3200000000008643 0
907 0.2199999999999804 0.3400000000009164 0
908 0.2200000000000087 0.3600000000009685 0
909 0.2200000000000371 0.3800000000010207 0
910 0.2200000000000654 0.4000000000010726 0
911 0.2200000000000937 0.4200000000011249 0
912 0.220000000000122 0.4400000000011769 0
913 0.2200000000001504 0.4600000000012289 0
914 0.2200000000001788 0.4800000000012811 0
915 0.2200000000002071 0.5000000000013187 0
916 0.2200000000002354 0.5200000000012367 0
917 0.2200000000002638 0.54000000000114 0
918 0.2200000000002921 0.5600000000010434 0
919 0.2200000000003205 0.5800000000009468 0
920 0.2200000000003488 0.6000000000008502 0
921 0.2200000000003772 0.6200000000007537 0
922 0.2200000000004055 0.6400000000006568 0
923 0.2200000000004338 0.6600000000005604 0
924 0.2200000000004622 0.6800000000004639 0
925 0.2200000000004905 0.7000000000003671 0
926 0.2200000000005189 0.7200000000002704 0
927 0.2200000000005472 0.740000000000174 0
928 0.2200000000005756 0.7600000000000771 0
929 0.2200000000006039 0.7799999999999805 0
930 0.2200000000006322 0.799999999999884 0
931 0.2200000000006606 0.8199999999997871 0
932 0.220000000000689 0.8399999999996908 0
933 0.2200000000007172 0.8599999999995941 0
934 0.2200000000007457 0.8799999999995466 0
935 0.220000000000774 0.8999999999996171 0
936 0.2200000000008023 0.9199999999996935 0
937 0.2200000000008306 0.9399999999997704 0
938 0.220000000000859 0.9599999999998466 0
939 0.2200000000008873 0.9799999999999236 0
940 0.2399999999994713 0.02000000000005415 0
941 0.2399999999995024 0.04000000000010771 0
942 0.2399999999995337 0.06000000000016053 0
943 0.2399999999995648 0.08000000000021573 0
944 0.239999999999596 0.1000000000002717 0
945 0.2399999999996272 0.1200000000003273 0
946 0.2399999999996584 0.1400000000003786 0
947 0.2399999999996895 0.1600000000004278 0
948 0.2399999999997207 0.1800000000004771 0
949 0.2399999999997519 0.2000000000005263 0
950 0.2399999999997831 0.2200000000005756 0
951 0.2399999999998143 0.2400000000006249 0
952 0.2399999999998454 0.260000000000674 0
953 0.2399999999998766 0.2800000000007233 0
954 0.2399999999999078 0.3000000000007725 0
955 0.239999999999939 0.3200000000008218 0
956 0.2399999999999702 0.3400000000008709 0
957 0.2400000000000013 0.3600000000009203 0
958 0.2400000000000325 0.3800000000009697 0
959 0.2400000000000637 0.4000000000010189 0
960 0.2400000000000949 0.4200000000010682 0
961 0.2400000000001261 0.4400000000011174 0
962 0.2400000000001572 0.4600000000011665 0
963 0.2400000000001883 0.4800000000012159 0
964 0.2400000000002195 0.5000000000012514 0
965 0.2400000000002507 0.5200000000011723 0
966 0.2400000000002819 0.5400000000010796 0
967 0.2400000000003131 0.5600000000009868 0
968 0.2400000000003443 0.5800000000008941 0
969 0.2400000000003754 0.6000000000008013 0
970 0.2400000000004066 0.6200000000007084 0
971 0.2400000000004378 0.6400000000006157 0
972 0.240000000000469 0.6600000000005231 0
973 0.2400000000005001 0.68000000000043 0
974 0.2400000000005313 0.7000000000003374 0
975 0.2400000000005625 0.7200000000002446 0
976 0.2400000000005937 0.7400000000001516 0
977 0.2400000000006248 0.7600000000000589 0
978 0.240000000000656 0.7799999999999662 0
979 0.2400000000006872 0.7999999999998734 0
980 0.2400000000007184 0.8199999999997805 0
981 0.2400000000007496 0.8399999999996877 0
982 0.2400000000007808 0.859999999999595 0
983 0.240000000000812 0.8799999999995503 0
984 0.2400000000008431 0.8999999999996203 0
985 0.2400000000008742 0.9199999999996963 0
986 0.2400000000009054 0.939999999999772 0
987 0.2400000000009366 0.9599999999998481 0
988 0.2400000000009678 0.979999999999924 0
989 0.2599999999994158 0.02000000000005174 0
990 0.2599999999994497 0.0400000000001028 0
991 0.2599999999994838 0.0600000000001531 0
992 0.2599999999995178 0.08000000000020598 0
993 0.2599999999995517 0.1000000000002597 0
994 0.2599999999995858 0.120000000000313 0
995 0.2599999999996198 0.1400000000003616 0
996 0.2599999999996538 0.160000000000408 0
997 0.2599999999996878 0.1800000000004544 0
998 0.2599999999997218 0.2000000000005008 0
999 0.2599999999997558 0.2200000000005472 0
1000 0.2599999999997898 0.2400000000005937 0
1001 0.2599999999998238 0.2600000000006401 0
1002 0.2599999999998579 0.2800000000006865 0
1003 0.2599999999998919 0.3000000000007329 0
1004 0.2599999999999258 0.3200000000007793 0
1005 0.2599999999999599 0.3400000000008258 0
1006 0.2599999999999939 0.3600000000008721 0
1007 0.2600000000000279 0.3800000000009187 0
1008 0.2600000000000618 0.400000000000965 0
1009 0.2600000000000959 0.4200000000010115 0
1010 0.2600000000001299 0.4400000000010579 0
1011 0.2600000000001639 0.4600000000011043 0
1012 0.260000000000198 0.4800000000011507 0
1013 0.2600000000002319 0.5000000000011839 0
1014 0.260000000000266 0.5200000000011084 0
1015 0.2600000000003 0.5400000000010192 0
1016 0.260000000000334 0.5600000000009302 0
1017 0.2600000000003679 0.5800000000008413 0
1018 0.2600000000004019 0.6000000000007525 0
1019 0.260000000000436 0.6200000000006636 0
1020 0.26000000000047 0.6400000000005747 0
1021 0.2600000000005041 0.6600000000004858 0
1022 0.260000000000538 0.6800000000003968 0
1023 0.260000000000572 0.7000000000003075 0
1024 0.260000000000606 0.7200000000002189 0
1025 0.2600000000006401 0.74000000000013 0
1026 0.260000000000674 0.7600000000000408 0
1027 0.260000000000708 0.779999999999952 0
1028 0.2600000000007421 0.7999999999998627 0
1029 0.2600000000007761 0.8199999999997739 0
1030 0.2600000000008101 0.8399999999996849 0
1031 0.2600000000008441 0.8599999999995959 0
1032 0.2600000000008781 0.8799999999995538 0
1033 0.2600000000009122 0.8999999999996234 0
1034 0.2600000000009461 0.9199999999996985 0
1035 0.2600000000009801 0.9399999999997739 0
1036 0.2600000000010141 0.9599999999998494 0
1037 0.2600000000010481 0.9799999999999247 0
1038 0.2799999999993602 0.02000000000004932 0
1039 0.2799999999993971 0.04000000000009792 0
1040 0.279999999999434 0.06000000000014567 0
1041 0.2799999999994707 0.08000000000019623 0
1042 0.2799999999995075 0.1000000000002476 0
1043 0.2799999999995445 0.1200000000002986 0
1044 0.2799999999995814 0.1400000000003446 0
1045 0.2799999999996181 0.1600000000003881 0
1046 0.2799999999996549 0.1800000000004317 0
1047 0.2799999999996918 0.2000000000004754 0
1048 0.2799999999997287 0.2200000000005188 0
1049 0.2799999999997655 0.2400000000005625 0
1050 0.2799999999998023 0.260000000000606 0
1051 0.2799999999998392 0.2800000000006496 0
1052 0.279999999999876 0.3000000000006932 0
1053 0.2799999999999128 0.3200000000007369 0
1054 0.2799999999999496 0.3400000000007804 0
1055 0.2799999999999865 0.3600000000008239 0
1056 0.2800000000000233 0.3800000000008676 0
1057 0.2800000000000602 0.4000000000009112 0
1058 0.2800000000000971 0.4200000000009548 0
1059 0.2800000000001339 0.4400000000009984 0
1060 0.2800000000001708 0.460000000001042 0
1061 0.2800000000002076 0.4800000000010856 0
1062 0.2800000000002444 0.5000000000011167 0
1063 0.2800000000002812 0.520000000001044 0
1064 0.2800000000003181 0.540000000000959 0
1065 0.280000000000355 0.5600000000008738 0
1066 0.2800000000003917 0.5800000000007887 0
1067 0.2800000000004286 0.6000000000007036 0
1068 0.2800000000004654 0.6200000000006185 0
1069 0.2800000000005023 0.6400000000005334 0
1070 0.2800000000005392 0.6600000000004482 0
1071 0.280000000000576 0.6800000000003631 0
1072 0.2800000000006129 0.7000000000002778 0
1073 0.2800000000006497 0.7200000000001928 0
1074 0.2800000000006866 0.7400000000001078 0
1075 0.2800000000007233 0.7600000000000225 0
1076 0.2800000000007602 0.7799999999999375 0
1077 0.2800000000007969 0.7999999999998523 0
1078 0.2800000000008338 0.8199999999997672 0
1079 0.2800000000008707 0.839999999999682 0
1080 0.2800000000009075 0.8599999999995968 0
1081 0.2800000000009444 0.8799999999995574 0
1082 0.2800000000009812 0.8999999999996264 0
1083 0.2800000000010181 0.9199999999997013 0
1084 0.280000000001055 0.9399999999997757 0
1085 0.2800000000010917 0.9599999999998505 0
1086 0.2800000000011286 0.9799999999999254 0
1087 0.2999999999993047 0.02000000000004689 0
1088 0.2999999999993443 0.040000000000093 0
1089 0.2999999999993839 0.06000000000013823 0
1090 0.2999999999994237 0.08000000000018646 0
1091 0.2999999999994634 0.1000000000002356 0
1092 0.299999999999503 0.1200000000002843 0
1093 0.2999999999995427 0.1400000000003275 0
1094 0.2999999999995823 0.1600000000003682 0
1095 0.2999999999996221 0.1800000000004091 0
1096 0.2999999999996616 0.2000000000004498 0
1097 0.2999999999997013 0.2200000000004905 0
1098 0.299999999999741 0.2400000000005313 0
1099 0.2999999999997808 0.260000000000572 0
1100 0.2999999999998204 0.2800000000006129 0
1101 0.29999999999986 0.3000000000006535 0
1102 0.2999999999998998 0.3200000000006942 0
1103 0.2999999999999393 0.3400000000007351 0
1104 0.2999999999999791 0.3600000000007758 0
1105 0.3000000000000188 0.3800000000008166 0
1106 0.3000000000000584 0.4000000000008573 0
1107 0.3000000000000981 0.4200000000008981 0
1108 0.3000000000001377 0.4400000000009389 0
1109 0.3000000000001775 0.4600000000009796 0
1110 0.3000000000002171 0.4800000000010204 0
1111 0.3000000000002568 0.5000000000010494 0
1112 0.3000000000002965 0.5200000000009798 0
1113 0.3000000000003361 0.5400000000008987 0
1114 0.3000000000003759 0.5600000000008174 0
1115 0.3000000000004155 0.580000000000736 0
1116 0.3000000000004551 0.6000000000006548 0
1117 0.3000000000004949 0.6200000000005734 0
1118 0.3000000000005345 0.6400000000004921 0
1119 0.3000000000005741 0.6600000000004109 0
1120 0.3000000000006139 0.6800000000003296 0
1121 0.3000000000006535 0.7000000000002483 0
1122 0.3000000000006932 0.7200000000001668 0
1123 0.3000000000007329 0.7400000000000856 0
1124 0.3000000000007725 0.7600000000000043 0
1125 0.3000000000008122 0.7799999999999232 0
1126 0.3000000000008519 0.7999999999998417 0
1127 0.3000000000008916 0.8199999999997604 0
1128 0.3000000000009312 0.8399999999996791 0
1129 0.3000000000009709 0.8599999999995976 0
1130 0.3000000000010106 0.8799999999995607 0
1131 0.3000000000010502 0.8999999999996291 0
1132 0.30000000000109 0.9199999999997034 0
1133 0.3000000000011296 0.9399999999997777 0
1134 0.3000000000011692 0.9599999999998519 0
1135 0.300000000001209 0.9799999999999258 0
1136 0.3199999999992492 0.02000000000004448 0
1137 0.3199999999992916 0.04000000000008812 0
1138 0.3199999999993341 0.0600000000001308 0
1139 0.3199999999993765 0.08000000000017672 0
1140 0.3199999999994191 0.1000000000002235 0
1141 0.3199999999994617 0.12000000000027 0
1142 0.3199999999995042 0.1400000000003105 0
1143 0.3199999999995467 0.1600000000003484 0
1144 0.3199999999995891 0.1800000000003863 0
1145 0.3199999999996316 0.2000000000004243 0
1146 0.3199999999996741 0.2200000000004622 0
1147 0.3199999999997165 0.2400000000005001 0
1148 0.3199999999997592 0.260000000000538 0
1149 0.3199999999998017 0.280000000000576 0
1150 0.3199999999998442 0.3000000000006139 0
1151 0.3199999999998867 0.3200000000006519 0
1152 0.3199999999999292 0.3400000000006898 0
1153 0.3199999999999718 0.3600000000007276 0
1154 0.3200000000000142 0.3800000000007657 0
1155 0.3200000000000568 0.4000000000008036 0
1156 0.3200000000000993 0.4200000000008415 0
1157 0.3200000000001418 0.4400000000008794 0
1158 0.3200000000001842 0.4600000000009172 0
1159 0.3200000000002267 0.4800000000009552 0
1160 0.3200000000002692 0.5000000000009819 0
1161 0.3200000000003118 0.5200000000009156 0
1162 0.3200000000003543 0.5400000000008383 0
1163 0.3200000000003968 0.5600000000007608 0
1164 0.3200000000004392 0.5800000000006832 0
1165 0.3200000000004817 0.600000000000606 0
1166 0.3200000000005243 0.6200000000005284 0
1167 0.3200000000005668 0.6400000000004508 0
1168 0.3200000000006093 0.6600000000003734 0
1169 0.3200000000006518 0.680000000000296 0
1170 0.3200000000006942 0.7000000000002187 0
1171 0.3200000000007369 0.7200000000001411 0
1172 0.3200000000007793 0.7400000000000634 0
1173 0.3200000000008218 0.7599999999999862 0
1174 0.3200000000008643 0.7799999999999088 0
1175 0.3200000000009068 0.7999999999998312 0
1176 0.3200000000009494 0.8199999999997536 0
1177 0.3200000000009918 0.8399999999996763 0
1178 0.3200000000010344 0.8599999999995986 0
1179 0.3200000000010768 0.8799999999995642 0
1180 0.3200000000011194 0.8999999999996324 0
1181 0.3200000000011619 0.9199999999997062 0
1182 0.3200000000012044 0.9399999999997796 0
1183 0.3200000000012469 0.959999999999853 0
1184 0.3200000000012894 0.9799999999999265 0
1185 0.3399999999991936 0.02000000000004206 0
1186 0.339999999999239 0.04000000000008322 0
1187 0.3399999999992843 0.06000000000012336 0
1188 0.3399999999993297 0.08000000000016695 0
1189 0.339999999999375 0.1000000000002115 0
1190 0.3399999999994204 0.1200000000002556 0
1191 0.3399999999994656 0.1400000000002935 0
1192 0.339999999999511 0.1600000000003286 0
1193 0.3399999999995563 0.1800000000003637 0
1194 0.3399999999996017 0.2000000000003988 0
1195 0.339999999999647 0.2200000000004338 0
1196 0.3399999999996923 0.240000000000469 0
1197 0.3399999999997377 0.2600000000005041 0
1198 0.339999999999783 0.2800000000005392 0
1199 0.3399999999998283 0.3000000000005741 0
1200 0.3399999999998736 0.3200000000006092 0
1201 0.339999999999919 0.3400000000006443 0
1202 0.3399999999999643 0.3600000000006794 0
1203 0.3400000000000096 0.3800000000007147 0
1204 0.340000000000055 0.4000000000007496 0
1205 0.3400000000001003 0.4200000000007849 0
1206 0.3400000000001456 0.4400000000008199 0
1207 0.340000000000191 0.4600000000008549 0
1208 0.3400000000002364 0.48000000000089 0
1209 0.3400000000002817 0.5000000000009146 0
1210 0.340000000000327 0.5200000000008514 0
1211 0.3400000000003723 0.5400000000007779 0
1212 0.3400000000004177 0.5600000000007042 0
1213 0.340000000000463 0.5800000000006309 0
1214 0.3400000000005084 0.6000000000005571 0
1215 0.3400000000005537 0.6200000000004833 0
1216 0.340000000000599 0.6400000000004097 0
1217 0.3400000000006444 0.6600000000003361 0
1218 0.3400000000006897 0.6800000000002625 0
1219 0.340000000000735 0.700000000000189 0
1220 0.3400000000007804 0.7200000000001154 0
1221 0.3400000000008257 0.7400000000000417 0
1222 0.340000000000871 0.759999999999968 0
1223 0.3400000000009163 0.7799999999998943 0
1224 0.3400000000009617 0.7999999999998205 0
1225 0.3400000000010071 0.8199999999997469 0
1226 0.3400000000010524 0.8399999999996732 0
1227 0.3400000000010977 0.8599999999995994 0
1228 0.340000000001143 0.8799999999995677 0
1229 0.3400000000011883 0.8999999999996354 0
1230 0.3400000000012337 0.9199999999997084 0
1231 0.3400000000012791 0.9399999999997812 0
1232 0.3400000000013244 0.9599999999998542 0
1233 0.3400000000013697 0.9799999999999272 0
1234 0.3599999999991381 0.02000000000003964 0
1235 0.3599999999991862 0.04000000000007832 0
1236 0.3599999999992343 0.06000000000011592 0
1237 0.3599999999992825 0.08000000000015718 0
1238 0.3599999999993307 0.1000000000001995 0
1239 0.3599999999993789 0.1200000000002413 0
1240 0.3599999999994271 0.1400000000002765 0
1241 0.3599999999994751 0.1600000000003087 0
1242 0.3599999999995233 0.1800000000003411 0
1243 0.3599999999995715 0.2000000000003733 0
1244 0.3599999999996198 0.2200000000004055 0
1245 0.3599999999996679 0.2400000000004378 0
1246 0.3599999999997159 0.26000000000047 0
1247 0.3599999999997642 0.2800000000005023 0
1248 0.3599999999998124 0.3000000000005345 0
1249 0.3599999999998605 0.3200000000005668 0
1250 0.3599999999999087 0.340000000000599 0
1251 0.3599999999999569 0.3600000000006313 0
1252 0.3600000000000051 0.3800000000006637 0
1253 0.3600000000000532 0.4000000000006959 0
1254 0.3600000000001014 0.4200000000007281 0
1255 0.3600000000001496 0.4400000000007603 0
1256 0.3600000000001978 0.4600000000007927 0
1257 0.360000000000246 0.4800000000008249 0
1258 0.360000000000294 0.5000000000008473 0
1259 0.3600000000003422 0.5200000000007874 0
1260 0.3600000000003904 0.5400000000007175 0
1261 0.3600000000004387 0.5600000000006478 0
1262 0.3600000000004868 0.5800000000005779 0
1263 0.3600000000005349 0.6000000000005082 0
1264 0.360000000000583 0.6200000000004384 0
1265 0.3600000000006312 0.6400000000003686 0
1266 0.3600000000006794 0.6600000000002988 0
1267 0.3600000000007276 0.6800000000002291 0
1268 0.3600000000007758 0.7000000000001594 0
1269 0.3600000000008239 0.7200000000000895 0
1270 0.3600000000008721 0.7400000000000195 0
1271 0.3600000000009203 0.7599999999999498 0
1272 0.3600000000009685 0.7799999999998801 0
1273 0.3600000000010167 0.79999999999981 0
1274 0.3600000000010649 0.8199999999997403 0
1275 0.360000000001113 0.8399999999996706 0
1276 0.3600000000011613 0.8599999999996006 0
1277 0.3600000000012093 0.8799999999995713 0
1278 0.3600000000012575 0.8999999999996386 0
1279 0.3600000000013057 0.9199999999997109 0
1280 0.3600000000013537 0.9399999999997832 0
1281 0.3600000000014019 0.9599999999998552 0
1282 0.3600000000014501 0.9799999999999276 0
1283 0.3799999999990825 0.02000000000003722 0
1284 0.3799999999991335 0.04000000000007344 0
1285 0.3799999999991845 0.06000000000010849 0
1286 0.3799999999992356 0.0800000000001474 0
1287 0.3799999999992865 0.1000000000001874 0
1288 0.3799999999993375 0.120000000000227 0
1289 0.3799999999993885 0.1400000000002595 0
1290 0.3799999999994395 0.1600000000002888 0
1291 0.3799999999994905 0.1800000000003183 0
1292 0.3799999999995416 0.2000000000003478 0
1293 0.3799999999995926 0.2200000000003772 0
1294 0.3799999999996437 0.2400000000004066 0
1295 0.3799999999996946 0.260000000000436 0
1296 0.3799999999997455 0.2800000000004654 0
1297 0.3799999999997965 0.3000000000004949 0
1298 0.3799999999998476 0.3200000000005244 0
1299 0.3799999999998986 0.3400000000005536 0
1300 0.3799999999999497 0.3600000000005831 0
1301 0.3800000000000006 0.3800000000006126 0
1302 0.3800000000000516 0.4000000000006421 0
1303 0.3800000000001026 0.4200000000006714 0
1304 0.3800000000001537 0.4400000000007009 0
1305 0.3800000000002046 0.4600000000007303 0
1306 0.3800000000002556 0.4800000000007598 0
1307 0.3800000000003067 0.5000000000007798 0
1308 0.3800000000003577 0.5200000000007233 0
1309 0.3800000000004087 0.5400000000006573 0
1310 0.3800000000004597 0.5600000000005914 0
1311 0.3800000000005107 0.5800000000005253 0
1312 0.3800000000005616 0.6000000000004594 0
1313 0.3800000000006127 0.6200000000003933 0
1314 0.3800000000006636 0.6400000000003273 0
1315 0.3800000000007148 0.6600000000002615 0
1316 0.3800000000007657 0.6800000000001956 0
1317 0.3800000000008167 0.7000000000001294 0
1318 0.3800000000008676 0.7200000000000635 0
1319 0.3800000000009186 0.7399999999999975 0
1320 0.3800000000009698 0.7599999999999315 0
1321 0.3800000000010207 0.7799999999998655 0
1322 0.3800000000010716 0.7999999999997995 0
1323 0.3800000000011227 0.8199999999997334 0
1324 0.3800000000011737 0.8399999999996677 0
1325 0.3800000000012246 0.8599999999996015 0
1326 0.3800000000012757 0.8799999999995748 0
1327 0.3800000000013268 0.8999999999996416 0
1328 0.3800000000013776 0.919999999999713 0
1329 0.3800000000014287 0.939999999999785 0
1330 0.3800000000014798 0.9599999999998567 0
1331 0.3800000000015307 0.9799999999999285 0
1332 0.399999999999027 0.02000000000003481 0
1333 0.3999999999990808 0.04000000000006852 0
1334 0.3999999999991347 0.06000000000010106 0
1335 0.3999999999991884 0.08000000000013764 0
1336 0.3999999999992422 0.1000000000001754 0
1337 0.3999999999992961 0.1200000000002126 0
1338 0.3999999999993499 0.1400000000002425 0
1339 0.3999999999994038 0.160000000000269 0
1340 0.3999999999994577 0.1800000000002956 0
1341 0.3999999999995115 0.2000000000003223 0
1342 0.3999999999995653 0.2200000000003488 0
1343 0.3999999999996192 0.2400000000003754 0
1344 0.3999999999996729 0.2600000000004019 0
1345 0.3999999999997267 0.2800000000004286 0
1346 0.3999999999997806 0.3000000000004551 0
1347 0.3999999999998345 0.3200000000004818 0
1348 0.3999999999998883 0.3400000000005085 0
1349 0.3999999999999421 0.3600000000005348 0
1350 0.3999999999999961 0.3800000000005617 0
1351 0.4000000000000499 0.4000000000005882 0
1352 0.4000000000001037 0.4200000000006149 0
1353 0.4000000000001575 0.4400000000006413 0
1354 0.4000000000002114 0.4600000000006679 0
1355 0.4000000000002651 0.4800000000006945 0
1356 0.400000000000319 0.5000000000007125 0
1357 0.4000000000003728 0.5200000000006589 0
1358 0.4000000000004266 0.5400000000005969 0
1359 0.4000000000004805 0.5600000000005347 0
1360 0.4000000000005343 0.5800000000004728 0
1361 0.4000000000005882 0.6000000000004105 0
1362 0.400000000000642 0.6200000000003483 0
1363 0.4000000000006959 0.6400000000002861 0
1364 0.4000000000007497 0.6600000000002242 0
1365 0.4000000000008035 0.680000000000162 0
1366 0.4000000000008574 0.7000000000000998 0
1367 0.4000000000009112 0.7200000000000377 0
1368 0.400000000000965 0.7399999999999756 0
1369 0.4000000000010189 0.7599999999999133 0
1370 0.4000000000010727 0.7799999999998513 0
1371 0.4000000000011266 0.7999999999997891 0
1372 0.4000000000011804 0.8199999999997269 0
1373 0.4000000000012342 0.8399999999996647 0
1374 0.4000000000012881 0.8599999999996026 0
1375 0.400000000001342 0.8799999999995782 0
1376 0.4000000000013957 0.8999999999996449 0
1377 0.4000000000014495 0.9199999999997156 0
1378 0.4000000000015034 0.9399999999997868 0
1379 0.4000000000015572 0.9599999999998579 0
1380 0.4000000000016111 0.979999999999929 0
1381 0.4199999999989714 0.02000000000003238 0
1382 0.419999999999028 0.04000000000006364 0
1383 0.4199999999990847 0.06000000000009363 0
1384 0.4199999999991413 0.08000000000012789 0
1385 0.419999999999198 0.1000000000001633 0
1386 0.4199999999992547 0.1200000000001983 0
1387 0.4199999999993113 0.1400000000002254 0
1388 0.4199999999993681 0.1600000000002492 0
1389 0.4199999999994248 0.180000000000273 0
1390 0.4199999999994814 0.2000000000002968 0
1391 0.4199999999995381 0.2200000000003204 0
1392 0.4199999999995947 0.2400000000003443 0
1393 0.4199999999996513 0.2600000000003679 0
1394 0.4199999999997081 0.2800000000003917 0
1395 0.4199999999997646 0.3000000000004155 0
1396 0.4199999999998214 0.3200000000004394 0
1397 0.4199999999998781 0.340000000000463 0
1398 0.4199999999999347 0.3600000000004867 0
1399 0.4199999999999914 0.3800000000005106 0
1400 0.420000000000048 0.4000000000005344 0
1401 0.4200000000001047 0.4200000000005581 0
1402 0.4200000000001614 0.4400000000005818 0
1403 0.4200000000002181 0.4600000000006056 0
1404 0.4200000000002748 0.4800000000006293 0
1405 0.4200000000003315 0.5000000000006453 0
1406 0.4200000000003881 0.5200000000005948 0
1407 0.4200000000004447 0.5400000000005365 0
1408 0.4200000000005014 0.5600000000004781 0
1409 0.4200000000005581 0.5800000000004198 0
1410 0.4200000000006148 0.6000000000003618 0
1411 0.4200000000006714 0.6200000000003034 0
1412 0.4200000000007281 0.640000000000245 0
1413 0.4200000000007847 0.6600000000001867 0
1414 0.4200000000008414 0.6800000000001284 0
1415 0.4200000000008982 0.7000000000000701 0
1416 0.4200000000009547 0.7200000000000119 0
1417 0.4200000000010115 0.7399999999999534 0
1418 0.4200000000010682 0.7599999999998952 0
1419 0.4200000000011248 0.7799999999998369 0
1420 0.4200000000011815 0.7999999999997784 0
1421 0.4200000000012381 0.8199999999997203 0
1422 0.4200000000012948 0.8399999999996616 0
1423 0.4200000000013515 0.8599999999996035 0
1424 0.4200000000014082 0.8799999999995818 0
1425 0.4200000000014648 0.899999999999648 0
1426 0.4200000000015214 0.9199999999997182 0
1427 0.4200000000015783 0.9399999999997886 0
1428 0.4200000000016349 0.9599999999998591 0
1429 0.4200000000016915 0.9799999999999294 0
1430 0.4399999999989158 0.02000000000002997 0
1431 0.4399999999989755 0.04000000000005874 0
1432 0.4399999999990348 0.06000000000008619 0
1433 0.4399999999990943 0.0800000000001181 0
1434 0.439999999999154 0.1000000000001513 0
1435 0.4399999999992134 0.120000000000184 0
1436 0.4399999999992728 0.1400000000002085 0
1437 0.4399999999993323 0.1600000000002293 0
1438 0.4399999999993918 0.1800000000002503 0
1439 0.4399999999994513 0.2000000000002712 0
1440 0.4399999999995109 0.2200000000002921 0
1441 0.4399999999995703 0.2400000000003131 0
1442 0.4399999999996298 0.260000000000334 0
1443 0.4399999999996893 0.280000000000355 0
1444 0.4399999999997488 0.3000000000003759 0
1445 0.4399999999998083 0.3200000000003967 0
1446 0.4399999999998679 0.3400000000004177 0
1447 0.4399999999999273 0.3600000000004386 0
1448 0.4399999999999868 0.3800000000004597 0
1449 0.4400000000000464 0.4000000000004805 0
1450 0.4400000000001059 0.4200000000005014 0
1451 0.4400000000001654 0.4400000000005224 0
1452 0.4400000000002249 0.4600000000005433 0
1453 0.4400000000002844 0.4800000000005642 0
1454 0.4400000000003439 0.5000000000005778 0
1455 0.4400000000004034 0.5200000000005306 0
1456 0.4400000000004629 0.5400000000004763 0
1457 0.4400000000005224 0.5600000000004217 0
1458 0.4400000000005818 0.5800000000003674 0
1459 0.4400000000006413 0.6000000000003128 0
1460 0.4400000000007009 0.6200000000002583 0
1461 0.4400000000007603 0.6400000000002039 0
1462 0.44000000000082 0.6600000000001494 0
1463 0.4400000000008794 0.6800000000000949 0
1464 0.4400000000009389 0.7000000000000403 0
1465 0.4400000000009984 0.7199999999999859 0
1466 0.4400000000010579 0.7399999999999315 0
1467 0.4400000000011174 0.7599999999998769 0
1468 0.4400000000011769 0.7799999999998223 0
1469 0.4400000000012364 0.7999999999997677 0
1470 0.4400000000012959 0.8199999999997135 0
1471 0.4400000000013554 0.8399999999996589 0
1472 0.4400000000014148 0.8599999999996043 0
1473 0.4400000000014743 0.8799999999995853 0
1474 0.4400000000015338 0.8999999999996507 0
1475 0.4400000000015933 0.9199999999997206 0
1476 0.4400000000016528 0.9399999999997903 0
1477 0.4400000000017124 0.9599999999998603 0
1478 0.4400000000017719 0.9799999999999303 0
1479 0.4599999999988602 0.02000000000002755 0
1480 0.4599999999989226 0.04000000000005384 0
1481 0.4599999999989849 0.06000000000007877 0
1482 0.4599999999990472 0.08000000000010836 0
1483 0.4599999999991096 0.1000000000001392 0
1484 0.459999999999172 0.1200000000001696 0
1485 0.4599999999992342 0.1400000000001914 0
1486 0.4599999999992965 0.1600000000002094 0
1487 0.459999999999359 0.1800000000002276 0
1488 0.4599999999994212 0.2000000000002457 0
1489 0.4599999999994835 0.2200000000002638 0
1490 0.4599999999995458 0.2400000000002819 0
1491 0.4599999999996083 0.2600000000003 0
1492 0.4599999999996707 0.2800000000003181 0
1493 0.459999999999733 0.3000000000003361 0
1494 0.4599999999997954 0.3200000000003543 0
1495 0.4599999999998576 0.3400000000003723 0
1496 0.4599999999999199 0.3600000000003905 0
1497 0.4599999999999823 0.3800000000004086 0
1498 0.4600000000000447 0.4000000000004267 0
1499 0.4600000000001069 0.4200000000004447 0
1500 0.4600000000001693 0.4400000000004629 0
1501 0.4600000000002316 0.4600000000004809 0
1502 0.460000000000294 0.480000000000499 0
1503 0.4600000000003563 0.5000000000005105 0
1504 0.4600000000004186 0.5200000000004666 0
1505 0.460000000000481 0.5400000000004159 0
1506 0.4600000000005433 0.5600000000003653 0
1507 0.4600000000006057 0.5800000000003146 0
1508 0.460000000000668 0.600000000000264 0
1509 0.4600000000007303 0.6200000000002133 0
1510 0.4600000000007927 0.6400000000001625 0
1511 0.4600000000008551 0.6600000000001121 0
1512 0.4600000000009172 0.6800000000000613 0
1513 0.4600000000009796 0.7000000000000105 0
1514 0.460000000001042 0.7199999999999599 0
1515 0.4600000000011044 0.7399999999999093 0
1516 0.4600000000011666 0.7599999999998587 0
1517 0.460000000001229 0.7799999999998081 0
1518 0.4600000000012914 0.7999999999997575 0
1519 0.4600000000013537 0.8199999999997066 0
1520 0.4600000000014159 0.8399999999996558 0
1521 0.4600000000014783 0.8599999999996052 0
1522 0.4600000000015406 0.8799999999995889 0
1523 0.4600000000016029 0.8999999999996536 0
1524 0.4600000000016653 0.9199999999997229 0
1525 0.4600000000017277 0.9399999999997921 0
1526 0.46000000000179 0.9599999999998614 0
1527 0.4600000000018523 0.9799999999999307 0
1528 0.4799999999988047 0.02000000000002513 0
1529 0.4799999999988699 0.04000000000004894 0
1530 0.4799999999989351 0.06000000000007133 0
1531 0.4799999999990003 0.08000000000009862 0
1532 0.4799999999990654 0.1000000000001272 0
1533 0.4799999999991306 0.1200000000001553 0
1534 0.4799999999991958 0.1400000000001744 0
1535 0.4799999999992609 0.1600000000001896 0
1536 0.4799999999993261 0.1800000000002049 0
1537 0.4799999999993911 0.2000000000002202 0
1538 0.4799999999994564 0.2200000000002355 0
1539 0.4799999999995216 0.2400000000002507 0
1540 0.4799999999995868 0.260000000000266 0
1541 0.4799999999996519 0.2800000000002812 0
1542 0.4799999999997171 0.3000000000002965 0
1543 0.4799999999997822 0.3200000000003118 0
1544 0.4799999999998474 0.340000000000327 0
1545 0.4799999999999125 0.3600000000003423 0
1546 0.4799999999999778 0.3800000000003576 0
1547 0.4800000000000428 0.4000000000003728 0
1548 0.4800000000001081 0.4200000000003881 0
1549 0.4800000000001733 0.4400000000004034 0
1550 0.4800000000002383 0.4600000000004186 0
1551 0.4800000000003035 0.4800000000004339 0
1552 0.4800000000003688 0.5000000000004432 0
1553 0.4800000000004339 0.5200000000004023 0
1554 0.4800000000004991 0.5400000000003555 0
1555 0.4800000000005642 0.5600000000003087 0
1556 0.4800000000006294 0.5800000000002618 0
1557 0.4800000000006945 0.6000000000002151 0
1558 0.4800000000007597 0.6200000000001682 0
1559 0.4800000000008249 0.6400000000001212 0
1560 0.4800000000008899 0.6600000000000745 0
1561 0.4800000000009552 0.6800000000000278 0
1562 0.4800000000010203 0.699999999999981 0
1563 0.4800000000010856 0.7199999999999341 0
1564 0.4800000000011506 0.7399999999998873 0
1565 0.4800000000012159 0.7599999999998405 0
1566 0.480000000001281 0.7799999999997936 0
1567 0.4800000000013461 0.7999999999997468 0
1568 0.4800000000014113 0.8199999999996997 0
1569 0.4800000000014766 0.8399999999996531 0
1570 0.4800000000015417 0.8599999999996061 0
1571 0.4800000000016069 0.8799999999995924 0
1572 0.480000000001672 0.8999999999996567 0
1573 0.4800000000017373 0.9199999999997256 0
1574 0.4800000000018023 0.9399999999997941 0
1575 0.4800000000018675 0.9599999999998627 0
1576 0.4800000000019327 0.9799999999999314 0
1577 0.4999999999987593 0.02000000000002272 0
1578 0.4999999999988267 0.04000000000004404 0
1579 0.4999999999988942 0.06000000000006389 0
1580 0.4999999999989615 0.08000000000008885 0
1581 0.4999999999990288 0.1000000000001152 0
1582 0.4999999999990961 0.1200000000001409 0
1583 0.4999999999991636 0.1400000000001574 0
1584 0.4999999999992308 0.1600000000001698 0
1585 0.4999999999992982 0.1800000000001823 0
1586 0.4999999999993655 0.2000000000001947 0
1587 0.4999999999994329 0.2200000000002071 0
1588 0.4999999999995003 0.2400000000002195 0
1589 0.4999999999995676 0.2600000000002319 0
1590 0.499999999999635 0.2800000000002444 0
1591 0.4999999999997022 0.3000000000002568 0
1592 0.4999999999997697 0.3200000000002692 0
1593 0.499999999999837 0.3400000000002817 0
1594 0.4999999999999043 0.3600000000002941 0
1595 0.4999999999999718 0.3800000000003067 0
1596 0.5000000000000391 0.400000000000319 0
1597 0.5000000000001064 0.4200000000003315 0
1598 0.5000000000001736 0.4400000000003439 0
1599 0.5000000000002411 0.4600000000003563 0
1600 0.5000000000003084 0.4800000000003687 0
1601 0.5000000000003757 0.5000000000003757 0
1602 0.5000000000004432 0.5200000000003383 0
1603 0.5000000000005105 0.5400000000002951 0
1604 0.5000000000005778 0.5600000000002521 0
1605 0.5000000000006453 0.5800000000002093 0
1606 0.5000000000007125 0.6000000000001663 0
1607 0.5000000000007798 0.6200000000001231 0
1608 0.5000000000008471 0.6400000000000804 0
1609 0.5000000000009146 0.6600000000000372 0
1610 0.5000000000009819 0.6799999999999943 0
1611 0.5000000000010492 0.6999999999999514 0
1612 0.5000000000011167 0.7199999999999084 0
1613 0.5000000000011839 0.7399999999998653 0
1614 0.5000000000012512 0.7599999999998223 0
1615 0.5000000000013187 0.7799999999997792 0
1616 0.500000000001386 0.7999999999997361 0
1617 0.5000000000014533 0.8199999999996931 0
1618 0.5000000000015208 0.83999999999965 0
1619 0.5000000000015881 0.859999999999607 0
1620 0.5000000000016553 0.8799999999995958 0
1621 0.5000000000017226 0.8999999999996598 0
1622 0.5000000000017901 0.9199999999997278 0
1623 0.5000000000018574 0.9399999999997959 0
1624 0.5000000000019247 0.9599999999998641 0
1625 0.5000000000019922 0.979999999999932 0
1626 0.519999999998798 0.02000000000002029 0
1627 0.5199999999988622 0.04000000000003916 0
1628 0.5199999999989265 0.06000000000005645 0
1629 0.5199999999989907 0.08000000000007908 0
1630 0.5199999999990547 0.1000000000001031 0
1631 0.5199999999991188 0.1200000000001266 0
1632 0.5199999999991832 0.1400000000001404 0
1633 0.5199999999992474 0.1600000000001499 0
1634 0.5199999999993113 0.1800000000001596 0
1635 0.5199999999993755 0.2000000000001692 0
1636 0.5199999999994397 0.2200000000001788 0
1637 0.5199999999995041 0.2400000000001884 0
1638 0.519999999999568 0.2600000000001979 0
1639 0.5199999999996322 0.2800000000002076 0
1640 0.5199999999996964 0.3000000000002171 0
1641 0.5199999999997605 0.3200000000002268 0
1642 0.5199999999998247 0.3400000000002364 0
1643 0.519999999999889 0.360000000000246 0
1644 0.5199999999999533 0.3800000000002556 0
1645 0.5200000000000172 0.4000000000002651 0
1646 0.5200000000000814 0.4200000000002748 0
1647 0.5200000000001456 0.4400000000002844 0
1648 0.52000000000021 0.460000000000294 0
1649 0.5200000000002739 0.4800000000003035 0
1650 0.5200000000003381 0.5000000000003084 0
1651 0.5200000000004023 0.5200000000002739 0
1652 0.5200000000004664 0.5400000000002347 0
1653 0.5200000000005306 0.5600000000001957 0
1654 0.5200000000005948 0.5800000000001565 0
1655 0.5200000000006589 0.6000000000001174 0
1656 0.5200000000007231 0.6200000000000783 0
1657 0.5200000000007873 0.6400000000000391 0
1658 0.5200000000008514 0.6599999999999999 0
1659 0.5200000000009156 0.6799999999999607 0
1660 0.5200000000009798 0.6999999999999217 0
1661 0.520000000001044 0.7199999999998824 0
1662 0.5200000000011081 0.7399999999998431 0
1663 0.5200000000011723 0.7599999999998041 0
1664 0.5200000000012365 0.779999999999765 0
1665 0.5200000000013006 0.7999999999997255 0
1666 0.5200000000013648 0.8199999999996864 0
1667 0.520000000001429 0.8399999999996474 0
1668 0.5200000000014932 0.8599999999996081 0
1669 0.5200000000015573 0.8799999999995993 0
1670 0.5200000000016215 0.899999999999663 0
1671 0.5200000000016857 0.9199999999997305 0
1672 0.5200000000017498 0.9399999999997979 0
1673 0.520000000001814 0.9599999999998652 0
1674 0.5200000000018782 0.9799999999999327 0
1675 0.539999999998847 0.02000000000001788 0
1676 0.5399999999989074 0.04000000000003426 0
1677 0.5399999999989678 0.06000000000004903 0
1678 0.5399999999990279 0.08000000000006931 0
1679 0.5399999999990883 0.1000000000000911 0
1680 0.5399999999991487 0.1200000000001123 0
1681 0.5399999999992091 0.1400000000001234 0
1682 0.5399999999992695 0.1600000000001301 0
1683 0.5399999999993297 0.1800000000001369 0
1684 0.5399999999993901 0.2000000000001436 0
1685 0.5399999999994505 0.2200000000001504 0
1686 0.5399999999995109 0.2400000000001572 0
1687 0.539999999999571 0.2600000000001639 0
1688 0.5399999999996314 0.2800000000001708 0
1689 0.5399999999996918 0.3000000000001775 0
1690 0.539999999999752 0.3200000000001842 0
1691 0.5399999999998124 0.340000000000191 0
1692 0.5399999999998728 0.3600000000001978 0
1693 0.5399999999999332 0.3800000000002046 0
1694 0.5399999999999936 0.4000000000002114 0
1695 0.5400000000000538 0.420000000000218 0
1696 0.5400000000001142 0.4400000000002249 0
1697 0.5400000000001746 0.4600000000002316 0
1698 0.5400000000002347 0.4800000000002383 0
1699 0.5400000000002951 0.5000000000002411 0
1700 0.5400000000003555 0.52000000000021 0
1701 0.5400000000004159 0.5400000000001746 0
1702 0.5400000000004763 0.5600000000001393 0
1703 0.5400000000005367 0.5800000000001039 0
1704 0.5400000000005969 0.6000000000000686 0
1705 0.5400000000006573 0.6200000000000332 0
1706 0.5400000000007175 0.6399999999999978 0
1707 0.5400000000007779 0.6599999999999626 0
1708 0.5400000000008383 0.6799999999999272 0
1709 0.5400000000008987 0.6999999999998919 0
1710 0.5400000000009588 0.7199999999998564 0
1711 0.5400000000010192 0.7399999999998214 0
1712 0.5400000000010796 0.7599999999997858 0
1713 0.5400000000011398 0.7799999999997503 0
1714 0.5400000000012004 0.7999999999997153 0
1715 0.5400000000012606 0.8199999999996798 0
1716 0.540000000001321 0.8399999999996443 0
1717 0.5400000000013814 0.8599999999996092 0
1718 0.5400000000014418 0.8799999999996029 0
1719 0.5400000000015019 0.8999999999996661 0
1720 0.5400000000015623 0.9199999999997327 0
1721 0.5400000000016225 0.9399999999997997 0
1722 0.5400000000016829 0.9599999999998663 0
1723 0.5400000000017433 0.9799999999999331 0
1724 0.559999999998896 0.02000000000001546 0
1725 0.5599999999989522 0.04000000000002936 0
1726 0.5599999999990091 0.06000000000004159 0
1727 0.5599999999990655 0.08000000000005954 0
1728 0.5599999999991219 0.100000000000079 0
1729 0.5599999999991785 0.1200000000000979 0
1730 0.5599999999992351 0.1400000000001064 0
1731 0.5599999999992915 0.1600000000001102 0
1732 0.5599999999993479 0.1800000000001142 0
1733 0.5599999999994043 0.2000000000001181 0
1734 0.5599999999994609 0.220000000000122 0
1735 0.5599999999995176 0.2400000000001261 0
1736 0.5599999999995739 0.2600000000001299 0
1737 0.5599999999996306 0.2800000000001339 0
1738 0.5599999999996872 0.3000000000001378 0
1739 0.5599999999997436 0.3200000000001418 0
1740 0.5599999999998 0.3400000000001456 0
1741 0.5599999999998566 0.3600000000001496 0
1742 0.5599999999999132 0.3800000000001536 0
1743 0.5599999999999696 0.4000000000001574 0
1744 0.560000000000026 0.4200000000001614 0
1745 0.5600000000000827 0.4400000000001654 0
1746 0.5600000000001391 0.4600000000001693 0
1747 0.5600000000001957 0.4800000000001732 0
1748 0.5600000000002523 0.5000000000001736 0
1749 0.5600000000003087 0.5200000000001456 0
1750 0.5600000000003653 0.5400000000001142 0
1751 0.5600000000004217 0.5600000000000827 0
1752 0.5600000000004781 0.5800000000000513 0
1753 0.5600000000005347 0.6000000000000197 0
1754 0.5600000000005914 0.6199999999999881 0
1755 0.5600000000006478 0.6399999999999565 0
1756 0.5600000000007044 0.6599999999999253 0
1757 0.5600000000007608 0.6799999999998937 0
1758 0.5600000000008172 0.6999999999998622 0
1759 0.5600000000008738 0.7199999999998307 0
1760 0.5600000000009304 0.7399999999997992 0
1761 0.5600000000009868 0.7599999999997676 0
1762 0.5600000000010434 0.7799999999997361 0
1763 0.5600000000010998 0.7999999999997046 0
1764 0.5600000000011562 0.8199999999996731 0
1765 0.5600000000012129 0.8399999999996416 0
1766 0.5600000000012695 0.8599999999996101 0
1767 0.5600000000013259 0.8799999999996064 0
1768 0.5600000000013823 0.8999999999996693 0
1769 0.5600000000014389 0.9199999999997354 0
1770 0.5600000000014955 0.9399999999998014 0
1771 0.5600000000015519 0.9599999999998676 0
1772 0.5600000000016083 0.9799999999999338 0
1773 0.579999999998945 0.02000000000001305 0
1774 0.5799999999989979 0.04000000000002446 0
1775 0.5799999999990505 0.06000000000003415 0
1776 0.5799999999991029 0.08000000000004977 0
1777 0.5799999999991557 0.100000000000067 0
1778 0.5799999999992084 0.1200000000000836 0
1779 0.5799999999992612 0.1400000000000893 0
1780 0.5799999999993136 0.1600000000000904 0
1781 0.5799999999993662 0.1800000000000916 0
1782 0.5799999999994191 0.2000000000000927 0
1783 0.5799999999994719 0.2200000000000937 0
1784 0.5799999999995243 0.2400000000000949 0
1785 0.5799999999995772 0.2600000000000959 0
1786 0.5799999999996298 0.2800000000000971 0
1787 0.5799999999996824 0.3000000000000981 0
1788 0.5799999999997351 0.3200000000000991 0
1789 0.5799999999997878 0.3400000000001003 0
1790 0.5799999999998405 0.3600000000001014 0
1791 0.5799999999998932 0.3800000000001026 0
1792 0.5799999999999459 0.4000000000001037 0
1793 0.5799999999999984 0.4200000000001048 0
1794 0.5800000000000513 0.4400000000001059 0
1795 0.5800000000001039 0.460000000000107 0
1796 0.5800000000001565 0.480000000000108 0
1797 0.5800000000002093 0.5000000000001064 0
1798 0.580000000000262 0.5200000000000816 0
1799 0.5800000000003146 0.5400000000000538 0
1800 0.5800000000003672 0.560000000000026 0
1801 0.5800000000004198 0.5799999999999984 0
1802 0.5800000000004727 0.5999999999999709 0
1803 0.5800000000005253 0.6199999999999433 0
1804 0.5800000000005779 0.6399999999999156 0
1805 0.5800000000006308 0.6599999999998878 0
1806 0.5800000000006834 0.6799999999998602 0
1807 0.580000000000736 0.6999999999998324 0
1808 0.5800000000007887 0.7199999999998049 0
1809 0.5800000000008413 0.7399999999997769 0
1810 0.5800000000008941 0.7599999999997494 0
1811 0.5800000000009468 0.7799999999997217 0
1812 0.5800000000009994 0.799999999999694 0
1813 0.5800000000010522 0.8199999999996664 0
1814 0.5800000000011049 0.8399999999996385 0
1815 0.5800000000011575 0.859999999999611 0
1816 0.5800000000012101 0.8799999999996098 0
1817 0.5800000000012627 0.8999999999996723 0
1818 0.5800000000013156 0.9199999999997376 0
1819 0.5800000000013682 0.9399999999998032 0
1820 0.5800000000014208 0.9599999999998687 0
1821 0.5800000000014737 0.9799999999999345 0
1822 0.5999999999989937 0.02000000000001062 0
1823 0.5999999999990425 0.04000000000001956 0
1824 0.5999999999990914 0.06000000000002673 0
1825 0.5999999999991404 0.08000000000004 0
1826 0.5999999999991893 0.1000000000000549 0
1827 0.5999999999992381 0.1200000000000692 0
1828 0.599999999999287 0.1400000000000723 0
1829 0.5999999999993356 0.1600000000000706 0
1830 0.5999999999993845 0.1800000000000688 0
1831 0.5999999999994335 0.2000000000000672 0
1832 0.5999999999994824 0.2200000000000654 0
1833 0.5999999999995312 0.2400000000000637 0
1834 0.5999999999995799 0.2600000000000618 0
1835 0.5999999999996289 0.2800000000000602 0
1836 0.5999999999996778 0.3000000000000584 0
1837 0.5999999999997268 0.3200000000000567 0
1838 0.5999999999997753 0.340000000000055 0
1839 0.5999999999998243 0.3600000000000532 0
1840 0.5999999999998732 0.3800000000000516 0
1841 0.5999999999999218 0.4000000000000497 0
1842 0.599999999999971 0.4200000000000482 0
1843 0.6000000000000197 0.4400000000000464 0
1844 0.6000000000000686 0.4600000000000446 0
1845 0.6000000000001172 0.4800000000000428 0
1846 0.6000000000001663 0.5000000000000391 0
1847 0.6000000000002151 0.5200000000000172 0
1848 0.600000000000264 0.5399999999999936 0
1849 0.6000000000003128 0.5599999999999696 0
1850 0.6000000000003617 0.579999999999946 0
1851 0.6000000000004105 0.599999999999922 0
1852 0.6000000000004594 0.619999999999898 0
1853 0.600000000000508 0.6399999999998743 0
1854 0.6000000000005571 0.6599999999998505 0
1855 0.6000000000006059 0.6799999999998266 0
1856 0.6000000000006548 0.6999999999998027 0
1857 0.6000000000007036 0.7199999999997787 0
1858 0.6000000000007525 0.7399999999997552 0
1859 0.6000000000008011 0.7599999999997312 0
1860 0.60000000000085 0.7799999999997073 0
1861 0.600000000000899 0.7999999999996833 0
1862 0.6000000000009479 0.8199999999996598 0
1863 0.6000000000009967 0.8399999999996357 0
1864 0.6000000000010456 0.8599999999996119 0
1865 0.6000000000010944 0.8799999999996133 0
1866 0.6000000000011433 0.8999999999996753 0
1867 0.6000000000011921 0.9199999999997399 0
1868 0.600000000001241 0.939999999999805 0
1869 0.6000000000012898 0.9599999999998701 0
1870 0.6000000000013387 0.9799999999999351 0
1871 0.6199999999990428 0.0200000000000082 0
1872 0.6199999999990875 0.04000000000001468 0
1873 0.6199999999991327 0.06000000000001929 0
1874 0.6199999999991779 0.08000000000003026 0
1875 0.6199999999992227 0.1000000000000429 0
1876 0.6199999999992676 0.1200000000000549 0
1877 0.6199999999993129 0.1400000000000553 0
1878 0.6199999999993577 0.1600000000000507 0
1879 0.619999999999403 0.1800000000000462 0
1880 0.6199999999994479 0.2000000000000416 0
1881 0.619999999999493 0.2200000000000371 0
1882 0.619999999999538 0.2400000000000325 0
1883 0.6199999999995829 0.2600000000000279 0
1884 0.619999999999628 0.2800000000000233 0
1885 0.619999999999673 0.3000000000000188 0
1886 0.6199999999997179 0.3200000000000142 0
1887 0.619999999999763 0.3400000000000097 0
1888 0.619999999999808 0.360000000000005 0
1889 0.6199999999998533 0.3800000000000005 0
1890 0.6199999999998982 0.399999999999996 0
1891 0.619999999999943 0.4199999999999914 0
1892 0.6199999999999881 0.4399999999999868 0
1893 0.6200000000000332 0.4599999999999823 0
1894 0.6200000000000783 0.4799999999999778 0
1895 0.6200000000001231 0.4999999999999716 0
1896 0.6200000000001684 0.5199999999999533 0
1897 0.6200000000002133 0.5399999999999332 0
1898 0.6200000000002583 0.5599999999999132 0
1899 0.6200000000003034 0.5799999999998932 0
1900 0.6200000000003483 0.5999999999998732 0
1901 0.6200000000003933 0.6199999999998531 0
1902 0.6200000000004384 0.639999999999833 0
1903 0.6200000000004833 0.6599999999998132 0
1904 0.6200000000005284 0.6799999999997931 0
1905 0.6200000000005734 0.6999999999997729 0
1906 0.6200000000006185 0.7199999999997529 0
1907 0.6200000000006636 0.739999999999733 0
1908 0.6200000000007084 0.759999999999713 0
1909 0.6200000000007535 0.779999999999693 0
1910 0.6200000000007986 0.7999999999996731 0
1911 0.6200000000008434 0.8199999999996531 0
1912 0.6200000000008887 0.8399999999996328 0
1913 0.6200000000009336 0.8599999999996129 0
1914 0.6200000000009787 0.8799999999996169 0
1915 0.6200000000010237 0.8999999999996781 0
1916 0.6200000000010686 0.9199999999997425 0
1917 0.6200000000011139 0.939999999999807 0
1918 0.6200000000011587 0.9599999999998714 0
1919 0.6200000000012036 0.9799999999999356 0
1920 0.6399999999990917 0.02000000000000579 0
1921 0.6399999999991328 0.04000000000000978 0
1922 0.639999999999174 0.06000000000001185 0
1923 0.6399999999992153 0.08000000000002051 0
1924 0.6399999999992566 0.1000000000000308 0
1925 0.6399999999992975 0.1200000000000406 0
1926 0.6399999999993388 0.1400000000000383 0
1927 0.6399999999993801 0.1600000000000309 0
1928 0.6399999999994209 0.1800000000000235 0
1929 0.6399999999994624 0.2000000000000161 0
1930 0.6399999999995037 0.2200000000000087 0
1931 0.6399999999995448 0.2400000000000013 0
1932 0.6399999999995859 0.2599999999999939 0
1933 0.639999999999627 0.2799999999999865 0
1934 0.6399999999996683 0.2999999999999791 0
1935 0.6399999999997096 0.3199999999999717 0
1936 0.6399999999997507 0.3399999999999644 0
1937 0.6399999999997917 0.3599999999999569 0
1938 0.6399999999998333 0.3799999999999497 0
1939 0.6399999999998744 0.3999999999999422 0
1940 0.6399999999999155 0.4199999999999348 0
1941 0.6399999999999565 0.4399999999999273 0
1942 0.6399999999999978 0.4599999999999199 0
1943 0.6400000000000391 0.4799999999999125 0
1944 0.6400000000000804 0.4999999999999043 0
1945 0.6400000000001215 0.5199999999998889 0
1946 0.6400000000001625 0.5399999999998728 0
1947 0.6400000000002039 0.5599999999998566 0
1948 0.6400000000002452 0.5799999999998405 0
1949 0.6400000000002862 0.5999999999998243 0
1950 0.6400000000003273 0.619999999999808 0
1951 0.6400000000003686 0.6399999999997917 0
1952 0.6400000000004099 0.6599999999997757 0
1953 0.640000000000451 0.6799999999997596 0
1954 0.6400000000004921 0.6999999999997432 0
1955 0.6400000000005334 0.7199999999997272 0
1956 0.6400000000005747 0.739999999999711 0
1957 0.6400000000006157 0.7599999999996948 0
1958 0.6400000000006568 0.7799999999996786 0
1959 0.6400000000006981 0.7999999999996624 0
1960 0.6400000000007394 0.819999999999646 0
1961 0.6400000000007805 0.83999999999963 0
1962 0.6400000000008216 0.8599999999996136 0
1963 0.6400000000008629 0.8799999999996204 0
1964 0.6400000000009042 0.8999999999996813 0
1965 0.6400000000009453 0.9199999999997452 0
1966 0.6400000000009863 0.9399999999998088 0
1967 0.6400000000010276 0.9599999999998725 0
1968 0.6400000000010689 0.9799999999999363 0
1969 0.6599999999991406 0.02000000000000337 0
1970 0.6599999999991779 0.04000000000000488 0
1971 0.6599999999992151 0.06000000000000442 0
1972 0.6599999999992525 0.08000000000001074 0
1973 0.65999999999929 0.1000000000000188 0
1974 0.6599999999993273 0.1200000000000263 0
1975 0.6599999999993647 0.1400000000000213 0
1976 0.659999999999402 0.1600000000000111 0
1977 0.6599999999994395 0.1800000000000008 0
1978 0.6599999999994768 0.1999999999999905 0
1979 0.6599999999995141 0.2199999999999804 0
1980 0.6599999999995516 0.2399999999999701 0
1981 0.6599999999995889 0.2599999999999598 0
1982 0.6599999999996262 0.2799999999999496 0
1983 0.6599999999996637 0.2999999999999393 0
1984 0.6599999999997008 0.3199999999999293 0
1985 0.6599999999997384 0.339999999999919 0
1986 0.6599999999997757 0.3599999999999087 0
1987 0.6599999999998132 0.3799999999998986 0
1988 0.6599999999998503 0.3999999999998883 0
1989 0.6599999999998876 0.419999999999878 0
1990 0.6599999999999253 0.4399999999998678 0
1991 0.6599999999999626 0.4599999999998576 0
1992 0.6599999999999999 0.4799999999998474 0
1993 0.6600000000000372 0.499999999999837 0
1994 0.6600000000000745 0.5199999999998249 0
1995 0.6600000000001121 0.5399999999998124 0
1996 0.6600000000001494 0.5599999999998 0
1997 0.6600000000001867 0.5799999999997879 0
1998 0.6600000000002242 0.5999999999997755 0
1999 0.6600000000002615 0.619999999999763 0
2000 0.6600000000002988 0.6399999999997509 0
2001 0.6600000000003361 0.6599999999997384 0
2002 0.6600000000003736 0.6799999999997258 0
2003 0.6600000000004109 0.6999999999997136 0
2004 0.6600000000004482 0.7199999999997014 0
2005 0.6600000000004855 0.739999999999689 0
2006 0.6600000000005231 0.7599999999996766 0
2007 0.6600000000005604 0.7799999999996642 0
2008 0.6600000000005977 0.7999999999996518 0
2009 0.660000000000635 0.8199999999996394 0
2010 0.6600000000006725 0.8399999999996269 0
2011 0.6600000000007098 0.8599999999996146 0
2012 0.6600000000007473 0.879999999999624 0
2013 0.6600000000007846 0.8999999999996843 0
2014 0.6600000000008219 0.9199999999997472 0
2015 0.6600000000008592 0.9399999999998108 0
2016 0.6600000000008965 0.9599999999998738 0
2017 0.6600000000009341 0.9799999999999369 0
2018 0.6799999999991894 0.02000000000000094 0
2019 0.6799999999992229 0.03999999999999998 0
2020 0.6799999999992566 0.05999999999999699 0
2021 0.6799999999992901 0.08000000000000097 0
2022 0.6799999999993235 0.1000000000000068 0
2023 0.6799999999993572 0.1200000000000119 0
2024 0.6799999999993905 0.1400000000000042 0
2025 0.6799999999994243 0.1599999999999912 0
2026 0.6799999999994577 0.1799999999999781 0
2027 0.6799999999994915 0.1999999999999651 0
2028 0.6799999999995249 0.219999999999952 0
2029 0.6799999999995583 0.2399999999999389 0
2030 0.6799999999995919 0.2599999999999258 0
2031 0.6799999999996255 0.2799999999999129 0
2032 0.679999999999659 0.2999999999998998 0
2033 0.6799999999996925 0.3199999999998867 0
2034 0.679999999999726 0.3399999999998736 0
2035 0.6799999999997597 0.3599999999998605 0
2036 0.679999999999793 0.3799999999998475 0
2037 0.6799999999998267 0.3999999999998345 0
2038 0.6799999999998602 0.4199999999998215 0
2039 0.6799999999998937 0.4399999999998083 0
2040 0.6799999999999272 0.4599999999997952 0
2041 0.6799999999999607 0.4799999999997822 0
2042 0.6799999999999945 0.4999999999997697 0
2043 0.6800000000000278 0.5199999999997605 0
2044 0.6800000000000613 0.539999999999752 0
2045 0.6800000000000949 0.5599999999997436 0
2046 0.6800000000001284 0.5799999999997351 0
2047 0.6800000000001619 0.5999999999997266 0
2048 0.6800000000001954 0.6199999999997181 0
2049 0.680000000000229 0.6399999999997096 0
2050 0.6800000000002625 0.659999999999701 0
2051 0.680000000000296 0.6799999999996925 0
2052 0.6800000000003296 0.6999999999996841 0
2053 0.6800000000003631 0.7199999999996755 0
2054 0.6800000000003967 0.7399999999996669 0
2055 0.6800000000004301 0.7599999999996584 0
2056 0.6800000000004639 0.77999999999965 0
2057 0.6800000000004972 0.7999999999996411 0
2058 0.6800000000005307 0.8199999999996326 0
2059 0.6800000000005644 0.8399999999996244 0
2060 0.680000000000598 0.8599999999996155 0
2061 0.6800000000006313 0.8799999999996273 0
2062 0.6800000000006651 0.8999999999996875 0
2063 0.6800000000006984 0.91999999999975 0
2064 0.6800000000007321 0.9399999999998125 0
2065 0.6800000000007654 0.959999999999875 0
2066 0.6800000000007992 0.9799999999999374 0
2067 0.6999999999992386 0.01999999999999853 0
2068 0.699999999999268 0.03999999999999508 0
2069 0.6999999999992976 0.05999999999998955 0
2070 0.6999999999993275 0.0799999999999912 0
2071 0.6999999999993572 0.09999999999999472 0
2072 0.6999999999993868 0.1199999999999976 0
2073 0.6999999999994165 0.1399999999999872 0
2074 0.6999999999994464 0.1599999999999713 0
2075 0.699999999999476 0.1799999999999554 0
2076 0.6999999999995056 0.1999999999999396 0
2077 0.6999999999995355 0.2199999999999236 0
2078 0.6999999999995651 0.2399999999999078 0
2079 0.6999999999995947 0.2599999999998919 0
2080 0.6999999999996246 0.279999999999876 0
2081 0.6999999999996541 0.29999999999986 0
2082 0.699999999999684 0.3199999999998442 0
2083 0.6999999999997136 0.3399999999998283 0
2084 0.6999999999997433 0.3599999999998123 0
2085 0.6999999999997728 0.3799999999997966 0
2086 0.6999999999998027 0.3999999999997806 0
2087 0.6999999999998325 0.4199999999997648 0
2088 0.6999999999998622 0.4399999999997489 0
2089 0.6999999999998917 0.459999999999733 0
2090 0.6999999999999217 0.4799999999997171 0
2091 0.6999999999999514 0.4999999999997022 0
2092 0.699999999999981 0.5199999999996966 0
2093 0.7000000000000107 0.5399999999996918 0
2094 0.7000000000000403 0.5599999999996872 0
2095 0.70000000000007 0.5799999999996824 0
2096 0.7000000000000998 0.5999999999996778 0
2097 0.7000000000001295 0.619999999999673 0
2098 0.7000000000001593 0.6399999999996683 0
2099 0.7000000000001888 0.6599999999996637 0
2100 0.7000000000002186 0.679999999999659 0
2101 0.7000000000002483 0.6999999999996543 0
2102 0.7000000000002778 0.7199999999996495 0
2103 0.7000000000003076 0.7399999999996451 0
2104 0.7000000000003372 0.7599999999996401 0
2105 0.7000000000003671 0.7799999999996353 0
2106 0.7000000000003969 0.7999999999996305 0
2107 0.7000000000004266 0.819999999999626 0
2108 0.7000000000004564 0.8399999999996213 0
2109 0.7000000000004859 0.8599999999996165 0
2110 0.7000000000005154 0.8799999999996309 0
2111 0.7000000000005452 0.8999999999996905 0
2112 0.7000000000005749 0.9199999999997521 0
2113 0.7000000000006047 0.9399999999998143 0
2114 0.7000000000006344 0.9599999999998761 0
2115 0.7000000000006642 0.979999999999938 0
2116 0.7199999999992874 0.01999999999999611 0
2117 0.7199999999993132 0.0399999999999902 0
2118 0.7199999999993393 0.05999999999998211 0
2119 0.719999999999365 0.07999999999998143 0
2120 0.7199999999993908 0.0999999999999827 0
2121 0.7199999999994168 0.1199999999999832 0
2122 0.7199999999994425 0.1399999999999703 0
2123 0.7199999999994683 0.1599999999999515 0
2124 0.7199999999994945 0.1799999999999328 0
2125 0.7199999999995201 0.1999999999999141 0
2126 0.7199999999995459 0.2199999999998953 0
2127 0.719999999999572 0.2399999999998766 0
2128 0.7199999999995979 0.2599999999998579 0
2129 0.7199999999996237 0.2799999999998392 0
2130 0.7199999999996495 0.2999999999998204 0
2131 0.7199999999996755 0.3199999999998016 0
2132 0.7199999999997013 0.339999999999783 0
2133 0.7199999999997273 0.3599999999997641 0
2134 0.7199999999997528 0.3799999999997456 0
2135 0.719999999999779 0.3999999999997269 0
2136 0.7199999999998047 0.4199999999997081 0
2137 0.7199999999998307 0.4399999999996893 0
2138 0.7199999999998564 0.4599999999996706 0
2139 0.7199999999998824 0.4799999999996519 0
2140 0.7199999999999082 0.499999999999635 0
2141 0.7199999999999341 0.5199999999996322 0
2142 0.7199999999999599 0.5399999999996314 0
2143 0.7199999999999859 0.5599999999996306 0
2144 0.7200000000000119 0.5799999999996298 0
2145 0.7200000000000376 0.5999999999996289 0
2146 0.7200000000000634 0.619999999999628 0
2147 0.7200000000000893 0.639999999999627 0
2148 0.7200000000001153 0.6599999999996262 0
2149 0.7200000000001411 0.6799999999996255 0
2150 0.7200000000001668 0.6999999999996246 0
2151 0.7200000000001928 0.7199999999996237 0
2152 0.7200000000002188 0.7399999999996228 0
2153 0.7200000000002446 0.759999999999622 0
2154 0.7200000000002702 0.779999999999621 0
2155 0.7200000000002963 0.7999999999996202 0
2156 0.7200000000003223 0.8199999999996194 0
2157 0.720000000000348 0.8399999999996185 0
2158 0.720000000000374 0.8599999999996176 0
2159 0.7200000000003998 0.8799999999996344 0
2160 0.7200000000004257 0.8999999999996937 0
2161 0.7200000000004515 0.9199999999997549 0
2162 0.7200000000004775 0.9399999999998161 0
2163 0.7200000000005035 0.9599999999998774 0
2164 0.7200000000005292 0.9799999999999387 0
2165 0.7399999999993362 0.01999999999999369 0
2166 0.7399999999993584 0.03999999999998528 0
2167 0.7399999999993804 0.05999999999997468 0
2168 0.7399999999994026 0.07999999999997166 0
2169 0.7399999999994243 0.09999999999997067 0
2170 0.7399999999994464 0.1199999999999689 0
2171 0.7399999999994685 0.1399999999999532 0
2172 0.7399999999994905 0.1599999999999316 0
2173 0.7399999999995126 0.1799999999999101 0
2174 0.7399999999995345 0.1999999999998885 0
2175 0.7399999999995567 0.219999999999867 0
2176 0.7399999999995788 0.2399999999998454 0
2177 0.7399999999996006 0.2599999999998238 0
2178 0.7399999999996228 0.2799999999998024 0
2179 0.7399999999996446 0.2999999999997808 0
2180 0.7399999999996668 0.3199999999997592 0
2181 0.7399999999996891 0.3399999999997377 0
2182 0.7399999999997111 0.3599999999997159 0
2183 0.7399999999997329 0.3799999999996945 0
2184 0.7399999999997553 0.3999999999996729 0
2185 0.7399999999997773 0.4199999999996514 0
2186 0.7399999999997992 0.4399999999996299 0
2187 0.7399999999998214 0.4599999999996083 0
2188 0.7399999999998431 0.4799999999995868 0
2189 0.7399999999998653 0.4999999999995677 0
2190 0.7399999999998873 0.5199999999995683 0
2191 0.7399999999999093 0.539999999999571 0
2192 0.7399999999999313 0.5599999999995739 0
2193 0.7399999999999535 0.579999999999577 0
2194 0.7399999999999755 0.5999999999995801 0
2195 0.7399999999999977 0.6199999999995831 0
2196 0.7400000000000194 0.6399999999995859 0
2197 0.7400000000000416 0.6599999999995889 0
2198 0.7400000000000637 0.679999999999592 0
2199 0.7400000000000856 0.6999999999995948 0
2200 0.7400000000001078 0.719999999999598 0
2201 0.7400000000001298 0.7399999999996006 0
2202 0.7400000000001518 0.7599999999996038 0
2203 0.740000000000174 0.7799999999996067 0
2204 0.7400000000001959 0.7999999999996096 0
2205 0.7400000000002179 0.8199999999996127 0
2206 0.7400000000002399 0.8399999999996154 0
2207 0.7400000000002619 0.8599999999996184 0
2208 0.7400000000002841 0.879999999999638 0
2209 0.7400000000003061 0.8999999999996967 0
2210 0.7400000000003281 0.9199999999997572 0
2211 0.7400000000003503 0.9399999999998179 0
2212 0.7400000000003722 0.9599999999998787 0
2213 0.7400000000003942 0.9799999999999394 0
2214 0.7599999999993851 0.01999999999999127 0
2215 0.7599999999994035 0.0399999999999804 0
2216 0.7599999999994217 0.05999999999996725 0
2217 0.7599999999994397 0.07999999999996189 0
2218 0.7599999999994579 0.09999999999995861 0
2219 0.7599999999994763 0.1199999999999546 0
2220 0.7599999999994944 0.1399999999999362 0
2221 0.7599999999995127 0.1599999999999118 0
2222 0.7599999999995307 0.1799999999998874 0
2223 0.7599999999995491 0.199999999999863 0
2224 0.7599999999995672 0.2199999999998387 0
2225 0.7599999999995855 0.2399999999998143 0
2226 0.7599999999996035 0.2599999999997898 0
2227 0.759999999999622 0.2799999999997655 0
2228 0.75999999999964 0.299999999999741 0
2229 0.7599999999996585 0.3199999999997166 0
2230 0.7599999999996767 0.3399999999996923 0
2231 0.7599999999996949 0.3599999999996679 0
2232 0.759999999999713 0.3799999999996436 0
2233 0.759999999999731 0.3999999999996191 0
2234 0.7599999999997495 0.4199999999995948 0
2235 0.7599999999997676 0.4399999999995704 0
2236 0.7599999999997858 0.4599999999995459 0
2237 0.7599999999998041 0.4799999999995216 0
2238 0.7599999999998223 0.4999999999995003 0
2239 0.7599999999998405 0.5199999999995039 0
2240 0.7599999999998587 0.5399999999995109 0
2241 0.7599999999998769 0.5599999999995176 0
2242 0.7599999999998951 0.5799999999995246 0
2243 0.7599999999999133 0.5999999999995312 0
2244 0.7599999999999315 0.619999999999538 0
2245 0.7599999999999497 0.6399999999995448 0
2246 0.7599999999999679 0.6599999999995514 0
2247 0.7599999999999861 0.6799999999995584 0
2248 0.7600000000000042 0.699999999999565 0
2249 0.7600000000000225 0.7199999999995718 0
2250 0.7600000000000408 0.7399999999995787 0
2251 0.7600000000000589 0.7599999999995855 0
2252 0.7600000000000772 0.7799999999995922 0
2253 0.7600000000000954 0.7999999999995989 0
2254 0.7600000000001136 0.8199999999996058 0
2255 0.7600000000001318 0.8399999999996127 0
2256 0.76000000000015 0.8599999999996194 0
2257 0.7600000000001682 0.8799999999996413 0
2258 0.7600000000001863 0.8999999999996995 0
2259 0.7600000000002046 0.9199999999997596 0
2260 0.7600000000002228 0.9399999999998196 0
2261 0.760000000000241 0.9599999999998798 0
2262 0.7600000000002592 0.97999999999994 0
2263 0.7799999999994343 0.01999999999998886 0
2264 0.7799999999994484 0.0399999999999755 0
2265 0.7799999999994628 0.05999999999995981 0
2266 0.7799999999994772 0.07999999999995215 0
2267 0.7799999999994917 0.09999999999994659 0
2268 0.7799999999995061 0.1199999999999402 0
2269 0.7799999999995205 0.1399999999999192 0
2270 0.7799999999995348 0.1599999999998919 0
2271 0.7799999999995493 0.1799999999998647 0
2272 0.7799999999995636 0.1999999999998375 0
2273 0.7799999999995779 0.2199999999998103 0
2274 0.7799999999995922 0.2399999999997831 0
2275 0.7799999999996067 0.2599999999997558 0
2276 0.7799999999996211 0.2799999999997287 0
2277 0.7799999999996354 0.2999999999997014 0
2278 0.7799999999996499 0.3199999999996742 0
2279 0.7799999999996643 0.3399999999996469 0
2280 0.7799999999996787 0.3599999999996198 0
2281 0.7799999999996929 0.3799999999995926 0
2282 0.7799999999997074 0.3999999999995652 0
2283 0.7799999999997217 0.4199999999995381 0
2284 0.7799999999997361 0.4399999999995109 0
2285 0.7799999999997506 0.4599999999994836 0
2286 0.779999999999765 0.4799999999994564 0
2287 0.7799999999997792 0.4999999999994329 0
2288 0.7799999999997939 0.5199999999994399 0
2289 0.7799999999998081 0.5399999999994505 0
2290 0.7799999999998225 0.5599999999994612 0
2291 0.7799999999998367 0.5799999999994717 0
2292 0.7799999999998511 0.5999999999994824 0
2293 0.7799999999998658 0.619999999999493 0
2294 0.77999999999988 0.6399999999995035 0
2295 0.7799999999998942 0.6599999999995141 0
2296 0.7799999999999089 0.6799999999995247 0
2297 0.7799999999999231 0.6999999999995353 0
2298 0.7799999999999372 0.7199999999995459 0
2299 0.779999999999952 0.7399999999995567 0
2300 0.7799999999999662 0.7599999999995674 0
2301 0.7799999999999806 0.779999999999578 0
2302 0.7799999999999951 0.7999999999995886 0
2303 0.7800000000000092 0.8199999999995992 0
2304 0.7800000000000239 0.8399999999996096 0
2305 0.7800000000000381 0.8599999999996203 0
2306 0.7800000000000525 0.8799999999996448 0
2307 0.780000000000067 0.8999999999997025 0
2308 0.7800000000000812 0.919999999999762 0
2309 0.7800000000000956 0.9399999999998216 0
2310 0.78000000000011 0.9599999999998809 0
2311 0.7800000000001243 0.9799999999999405 0
2312 0.7999999999994831 0.01999999999998643 0
2313 0.7999999999994936 0.0399999999999706 0
2314 0.7999999999995039 0.05999999999995238 0
2315 0.7999999999995145 0.07999999999994242 0
2316 0.7999999999995252 0.09999999999993454 0
2317 0.7999999999995359 0.1199999999999259 0
2318 0.7999999999995463 0.1399999999999022 0
2319 0.7999999999995567 0.1599999999998721 0
2320 0.7999999999995674 0.179999999999842 0
2321 0.7999999999995778 0.199999999999812 0
2322 0.7999999999995885 0.2199999999997819 0
2323 0.7999999999995991 0.2399999999997519 0
2324 0.7999999999996094 0.2599999999997218 0
2325 0.7999999999996202 0.2799999999996918 0
2326 0.7999999999996303 0.2999999999996618 0
2327 0.7999999999996411 0.3199999999996316 0
2328 0.7999999999996518 0.3399999999996016 0
2329 0.7999999999996623 0.3599999999995716 0
2330 0.7999999999996728 0.3799999999995415 0
2331 0.7999999999996836 0.3999999999995115 0
2332 0.7999999999996941 0.4199999999994814 0
2333 0.7999999999997046 0.4399999999994514 0
2334 0.7999999999997151 0.4599999999994213 0
2335 0.7999999999997255 0.4799999999993912 0
2336 0.7999999999997361 0.4999999999993656 0
2337 0.7999999999997468 0.5199999999993755 0
2338 0.7999999999997572 0.5399999999993901 0
2339 0.7999999999997679 0.5599999999994045 0
2340 0.7999999999997783 0.5799999999994191 0
2341 0.799999999999789 0.5999999999994335 0
2342 0.7999999999997994 0.6199999999994479 0
2343 0.7999999999998099 0.6399999999994622 0
2344 0.7999999999998205 0.6599999999994768 0
2345 0.7999999999998312 0.6799999999994913 0
2346 0.7999999999998418 0.6999999999995056 0
2347 0.7999999999998521 0.7199999999995202 0
2348 0.7999999999998627 0.7399999999995345 0
2349 0.7999999999998734 0.7599999999995491 0
2350 0.7999999999998841 0.7799999999995635 0
2351 0.7999999999998946 0.7999999999995779 0
2352 0.7999999999999049 0.8199999999995923 0
2353 0.7999999999999156 0.8399999999996069 0
2354 0.7999999999999262 0.8599999999996212 0
2355 0.7999999999999368 0.8799999999996484 0
2356 0.7999999999999471 0.8999999999997056 0
2357 0.7999999999999577 0.9199999999997645 0
2358 0.7999999999999684 0.9399999999998234 0
2359 0.7999999999999791 0.9599999999998823 0
2360 0.7999999999999895 0.9799999999999411 0
2361 0.8199999999995319 0.01999999999998401 0
2362 0.8199999999995385 0.0399999999999657 0
2363 0.8199999999995454 0.05999999999994494 0
2364 0.8199999999995522 0.07999999999993261 0
2365 0.819999999999559 0.0999999999999225 0
2366 0.8199999999995653 0.1199999999999115 0
2367 0.8199999999995723 0.1399999999998852 0
2368 0.819999999999579 0.1599999999998522 0
2369 0.8199999999995856 0.1799999999998193 0
2370 0.8199999999995925 0.1999999999997865 0
2371 0.819999999999599 0.2199999999997536 0
2372 0.8199999999996057 0.2399999999997207 0
2373 0.8199999999996127 0.2599999999996878 0
2374 0.8199999999996194 0.279999999999655 0
2375 0.819999999999626 0.299999999999622 0
2376 0.8199999999996328 0.3199999999995891 0
2377 0.8199999999996395 0.3399999999995563 0
2378 0.8199999999996461 0.3599999999995234 0
2379 0.8199999999996528 0.3799999999994905 0
2380 0.8199999999996597 0.3999999999994575 0
2381 0.8199999999996663 0.4199999999994247 0
2382 0.8199999999996731 0.4399999999993919 0
2383 0.8199999999996798 0.4599999999993589 0
2384 0.8199999999996864 0.4799999999993261 0
2385 0.8199999999996933 0.4999999999992982 0
2386 0.8199999999996997 0.5199999999993116 0
2387 0.8199999999997069 0.5399999999993297 0
2388 0.8199999999997133 0.5599999999993479 0
2389 0.81999999999972 0.5799999999993665 0
2390 0.8199999999997268 0.5999999999993847 0
2391 0.8199999999997335 0.6199999999994028 0
2392 0.8199999999997402 0.6399999999994211 0
2393 0.819999999999747 0.6599999999994395 0
2394 0.8199999999997536 0.6799999999994578 0
2395 0.8199999999997606 0.699999999999476 0
2396 0.819999999999767 0.7199999999994945 0
2397 0.8199999999997739 0.7399999999995127 0
2398 0.8199999999997806 0.7599999999995309 0
2399 0.8199999999997872 0.7799999999995492 0
2400 0.8199999999997939 0.7999999999995674 0
2401 0.8199999999998004 0.8199999999995855 0
2402 0.8199999999998073 0.8399999999996037 0
2403 0.8199999999998143 0.859999999999622 0
2404 0.8199999999998208 0.8799999999996519 0
2405 0.8199999999998276 0.8999999999997087 0
2406 0.8199999999998343 0.9199999999997669 0
2407 0.819999999999841 0.9399999999998252 0
2408 0.8199999999998476 0.9599999999998836 0
2409 0.8199999999998545 0.9799999999999418 0
2410 0.8399999999995807 0.0199999999999816 0
2411 0.8399999999995836 0.0399999999999608 0
2412 0.8399999999995866 0.05999999999993752 0
2413 0.8399999999995896 0.07999999999992287 0
2414 0.8399999999995923 0.09999999999991044 0
2415 0.8399999999995952 0.1199999999998972 0
2416 0.8399999999995983 0.1399999999998681 0
2417 0.8399999999996011 0.1599999999998324 0
2418 0.8399999999996042 0.1799999999997967 0
2419 0.8399999999996069 0.199999999999761 0
2420 0.8399999999996095 0.2199999999997252 0
2421 0.8399999999996126 0.2399999999996895 0
2422 0.8399999999996156 0.2599999999996538 0
2423 0.8399999999996185 0.2799999999996181 0
2424 0.8399999999996212 0.2999999999995823 0
2425 0.8399999999996242 0.3199999999995467 0
2426 0.8399999999996273 0.339999999999511 0
2427 0.8399999999996299 0.3599999999994752 0
2428 0.8399999999996328 0.3799999999994396 0
2429 0.8399999999996358 0.3999999999994038 0
2430 0.8399999999996385 0.419999999999368 0
2431 0.8399999999996416 0.4399999999993324 0
2432 0.8399999999996443 0.4599999999992965 0
2433 0.8399999999996474 0.4799999999992609 0
2434 0.83999999999965 0.4999999999992308 0
2435 0.8399999999996529 0.5199999999992472 0
2436 0.839999999999656 0.5399999999992693 0
2437 0.8399999999996589 0.5599999999992915 0
2438 0.839999999999662 0.5799999999993136 0
2439 0.8399999999996646 0.5999999999993358 0
2440 0.8399999999996675 0.619999999999358 0
2441 0.8399999999996705 0.6399999999993801 0
2442 0.8399999999996731 0.6599999999994022 0
2443 0.8399999999996761 0.6799999999994244 0
2444 0.839999999999679 0.6999999999994463 0
2445 0.839999999999682 0.7199999999994683 0
2446 0.8399999999996847 0.7399999999994905 0
2447 0.8399999999996878 0.7599999999995127 0
2448 0.8399999999996909 0.7799999999995347 0
2449 0.8399999999996935 0.7999999999995567 0
2450 0.8399999999996963 0.8199999999995788 0
2451 0.8399999999996994 0.8399999999996013 0
2452 0.8399999999997022 0.859999999999623 0
2453 0.8399999999997051 0.8799999999996555 0
2454 0.839999999999708 0.8999999999997118 0
2455 0.8399999999997109 0.9199999999997693 0
2456 0.8399999999997138 0.9399999999998272 0
2457 0.8399999999997166 0.9599999999998847 0
2458 0.8399999999997195 0.9799999999999423 0
2459 0.8599999999996299 0.01999999999997918 0
2460 0.859999999999629 0.03999999999995592 0
2461 0.8599999999996281 0.05999999999993008 0
2462 0.859999999999627 0.0799999999999131 0
2463 0.8599999999996258 0.09999999999989841 0
2464 0.8599999999996252 0.1199999999998829 0
2465 0.8599999999996241 0.1399999999998511 0
2466 0.8599999999996232 0.1599999999998125 0
2467 0.8599999999996223 0.179999999999774 0
2468 0.8599999999996214 0.1999999999997355 0
2469 0.8599999999996205 0.2199999999996969 0
2470 0.8599999999996196 0.2399999999996584 0
2471 0.8599999999996185 0.2599999999996199 0
2472 0.8599999999996174 0.2799999999995813 0
2473 0.8599999999996165 0.2999999999995427 0
2474 0.859999999999616 0.3199999999995041 0
2475 0.8599999999996147 0.3399999999994657 0
2476 0.8599999999996137 0.3599999999994271 0
2477 0.8599999999996129 0.3799999999993885 0
2478 0.859999999999612 0.3999999999993499 0
2479 0.8599999999996111 0.4199999999993114 0
2480 0.8599999999996099 0.4399999999992729 0
2481 0.8599999999996092 0.4599999999992344 0
2482 0.8599999999996081 0.4799999999991957 0
2483 0.859999999999607 0.4999999999991636 0
2484 0.8599999999996063 0.5199999999991832 0
2485 0.8599999999996052 0.5399999999992091 0
2486 0.8599999999996043 0.5599999999992351 0
2487 0.8599999999996032 0.579999999999261 0
2488 0.8599999999996025 0.599999999999287 0
2489 0.8599999999996015 0.6199999999993129 0
2490 0.8599999999996005 0.6399999999993388 0
2491 0.8599999999995993 0.6599999999993649 0
2492 0.8599999999995986 0.6799999999993905 0
2493 0.8599999999995976 0.6999999999994168 0
2494 0.8599999999995968 0.7199999999994425 0
2495 0.8599999999995958 0.7399999999994685 0
2496 0.8599999999995948 0.7599999999994945 0
2497 0.8599999999995941 0.7799999999995203 0
2498 0.8599999999995928 0.7999999999995463 0
2499 0.859999999999592 0.8199999999995723 0
2500 0.859999999999591 0.8399999999995981 0
2501 0.8599999999995901 0.8599999999996241 0
2502 0.8599999999995892 0.8799999999996591 0
2503 0.8599999999995883 0.8999999999997149 0
2504 0.8599999999995874 0.9199999999997718 0
2505 0.8599999999995865 0.939999999999829 0
2506 0.8599999999995855 0.9599999999998858 0
2507 0.8599999999995845 0.9799999999999429 0
2508 0.8799999999996799 0.01999999999997676 0
2509 0.8799999999996764 0.03999999999995102 0
2510 0.8799999999996729 0.05999999999992264 0
2511 0.8799999999996695 0.07999999999990333 0
2512 0.8799999999996659 0.09999999999988636 0
2513 0.8799999999996624 0.1199999999998685 0
2514 0.8799999999996588 0.1399999999998341 0
2515 0.8799999999996555 0.1599999999997927 0
2516 0.8799999999996519 0.1799999999997513 0
2517 0.8799999999996484 0.1999999999997099 0
2518 0.8799999999996447 0.2199999999996686 0
2519 0.8799999999996415 0.2399999999996272 0
2520 0.879999999999638 0.2599999999995858 0
2521 0.8799999999996344 0.2799999999995444 0
2522 0.8799999999996309 0.299999999999503 0
2523 0.8799999999996273 0.3199999999994617 0
2524 0.8799999999996239 0.3399999999994203 0
2525 0.8799999999996204 0.3599999999993789 0
2526 0.8799999999996168 0.3799999999993375 0
2527 0.8799999999996133 0.3999999999992961 0
2528 0.8799999999996098 0.4199999999992547 0
2529 0.8799999999996062 0.4399999999992134 0
2530 0.8799999999996029 0.459999999999172 0
2531 0.8799999999995993 0.4799999999991306 0
2532 0.879999999999596 0.4999999999990962 0
2533 0.8799999999995924 0.5199999999991188 0
2534 0.8799999999995889 0.5399999999991487 0
2535 0.8799999999995853 0.5599999999991785 0
2536 0.8799999999995818 0.5799999999992084 0
2537 0.8799999999995785 0.5999999999992381 0
2538 0.8799999999995749 0.6199999999992678 0
2539 0.8799999999995716 0.6399999999992975 0
2540 0.879999999999568 0.6599999999993273 0
2541 0.8799999999995645 0.6799999999993572 0
2542 0.8799999999995609 0.699999999999387 0
2543 0.8799999999995574 0.7199999999994168 0
2544 0.8799999999995538 0.7399999999994465 0
2545 0.8799999999995503 0.7599999999994763 0
2546 0.8799999999995467 0.7799999999995061 0
2547 0.8799999999995431 0.7999999999995357 0
2548 0.8799999999995396 0.8199999999995656 0
2549 0.8799999999995363 0.8399999999995954 0
2550 0.8799999999995325 0.8599999999996252 0
2551 0.8799999999995294 0.8799999999996624 0
2552 0.8799999999995258 0.899999999999718 0
2553 0.8799999999995223 0.9199999999997742 0
2554 0.8799999999995187 0.9399999999998307 0
2555 0.8799999999995152 0.9599999999998872 0
2556 0.8799999999995116 0.9799999999999436 0
2557 0.8999999999997331 0.01999999999997434 0
2558 0.8999999999997301 0.03999999999994612 0
2559 0.8999999999997271 0.0599999999999152 0
2560 0.899999999999724 0.07999999999989355 0
2561 0.8999999999997209 0.09999999999987431 0
2562 0.899999999999718 0.1199999999998542 0
2563 0.8999999999997149 0.1399999999998171 0
2564 0.8999999999997118 0.1599999999997729 0
2565 0.8999999999997088 0.1799999999997286 0
2566 0.8999999999997056 0.1999999999996845 0
2567 0.8999999999997026 0.2199999999996402 0
2568 0.8999999999996996 0.239999999999596 0
2569 0.8999999999996965 0.2599999999995517 0
2570 0.8999999999996935 0.2799999999995076 0
2571 0.8999999999996904 0.2999999999994634 0
2572 0.8999999999996875 0.319999999999419 0
2573 0.8999999999996843 0.339999999999375 0
2574 0.8999999999996813 0.3599999999993307 0
2575 0.8999999999996781 0.3799999999992865 0
2576 0.8999999999996753 0.3999999999992422 0
2577 0.8999999999996722 0.419999999999198 0
2578 0.8999999999996692 0.439999999999154 0
2579 0.8999999999996661 0.4599999999991096 0
2580 0.899999999999663 0.4799999999990654 0
2581 0.8999999999996598 0.4999999999990288 0
2582 0.899999999999657 0.5199999999990549 0
2583 0.8999999999996536 0.5399999999990885 0
2584 0.8999999999996511 0.5599999999991219 0
2585 0.8999999999996479 0.5799999999991555 0
2586 0.8999999999996449 0.5999999999991893 0
2587 0.8999999999996416 0.619999999999223 0
2588 0.8999999999996386 0.6399999999992564 0
2589 0.8999999999996354 0.65999999999929 0
2590 0.8999999999996326 0.6799999999993235 0
2591 0.8999999999996294 0.6999999999993572 0
2592 0.8999999999996262 0.7199999999993908 0
2593 0.8999999999996234 0.7399999999994243 0
2594 0.8999999999996202 0.759999999999458 0
2595 0.8999999999996172 0.7799999999994917 0
2596 0.8999999999996141 0.7999999999995252 0
2597 0.899999999999611 0.819999999999559 0
2598 0.8999999999996079 0.8399999999995923 0
2599 0.899999999999605 0.8599999999996261 0
2600 0.8999999999996019 0.8799999999996659 0
2601 0.8999999999995988 0.8999999999997211 0
2602 0.8999999999995959 0.9199999999997767 0
2603 0.8999999999995928 0.9399999999998325 0
2604 0.8999999999995897 0.9599999999998883 0
2605 0.8999999999995866 0.9799999999999442 0
2606 0.9199999999997862 0.01999999999997193 0
2607 0.919999999999784 0.03999999999994124 0
2608 0.9199999999997815 0.05999999999990777 0
2609 0.9199999999997792 0.07999999999988379 0
2610 0.9199999999997767 0.09999999999986227 0
2611 0.9199999999997742 0.1199999999998398 0
2612 0.9199999999997717 0.1399999999998001 0
2613 0.9199999999997693 0.159999999999753 0
2614 0.9199999999997669 0.179999999999706 0
2615 0.9199999999997646 0.1999999999996589 0
2616 0.9199999999997621 0.2199999999996119 0
2617 0.9199999999997598 0.2399999999995648 0
2618 0.9199999999997571 0.2599999999995177 0
2619 0.9199999999997548 0.2799999999994708 0
2620 0.9199999999997522 0.2999999999994237 0
2621 0.9199999999997499 0.3199999999993766 0
2622 0.9199999999997475 0.3399999999993296 0
2623 0.9199999999997449 0.3599999999992825 0
2624 0.9199999999997424 0.3799999999992356 0
2625 0.91999999999974 0.3999999999991884 0
2626 0.9199999999997377 0.4199999999991413 0
2627 0.9199999999997353 0.4399999999990944 0
2628 0.9199999999997327 0.4599999999990473 0
2629 0.9199999999997305 0.4799999999990003 0
2630 0.9199999999997278 0.4999999999989615 0
2631 0.9199999999997256 0.5199999999989905 0
2632 0.9199999999997229 0.5399999999990281 0
2633 0.9199999999997207 0.5599999999990655 0
2634 0.9199999999997183 0.5799999999991031 0
2635 0.9199999999997157 0.5999999999991404 0
2636 0.9199999999997132 0.6199999999991777 0
2637 0.919999999999711 0.6399999999992153 0
2638 0.9199999999997082 0.6599999999992525 0
2639 0.9199999999997058 0.6799999999992902 0
2640 0.9199999999997035 0.6999999999993275 0
2641 0.9199999999997012 0.7199999999993648 0
2642 0.9199999999996986 0.7399999999994024 0
2643 0.9199999999996961 0.7599999999994399 0
2644 0.9199999999996938 0.7799999999994772 0
2645 0.9199999999996914 0.7999999999995145 0
2646 0.9199999999996887 0.8199999999995521 0
2647 0.9199999999996865 0.8399999999995896 0
2648 0.9199999999996838 0.859999999999627 0
2649 0.9199999999996816 0.8799999999996695 0
2650 0.919999999999679 0.899999999999724 0
2651 0.9199999999996767 0.9199999999997791 0
2652 0.9199999999996741 0.9399999999998343 0
2653 0.9199999999996719 0.9599999999998896 0
2654 0.9199999999996692 0.9799999999999449 0
2655 0.93999999999984 0.01999999999996951 0
2656 0.9399999999998379 0.03999999999993632 0
2657 0.9399999999998363 0.05999999999990034 0
2658 0.9399999999998343 0.07999999999987405 0
2659 0.9399999999998325 0.09999999999985022 0
2660 0.9399999999998307 0.1199999999998255 0
2661 0.939999999999829 0.1399999999997831 0
2662 0.9399999999998272 0.1599999999997332 0
2663 0.9399999999998252 0.1799999999996833 0
2664 0.9399999999998235 0.1999999999996334 0
2665 0.9399999999998216 0.2199999999995836 0
2666 0.9399999999998198 0.2399999999995336 0
2667 0.9399999999998181 0.2599999999994838 0
2668 0.9399999999998161 0.2799999999994339 0
2669 0.9399999999998143 0.299999999999384 0
2670 0.9399999999998124 0.3199999999993341 0
2671 0.9399999999998105 0.3399999999992843 0
2672 0.9399999999998085 0.3599999999992343 0
2673 0.9399999999998068 0.3799999999991845 0
2674 0.939999999999805 0.3999999999991345 0
2675 0.9399999999998032 0.4199999999990847 0
2676 0.9399999999998014 0.4399999999990349 0
2677 0.9399999999997997 0.459999999998985 0
2678 0.9399999999997979 0.4799999999989351 0
2679 0.9399999999997959 0.4999999999988942 0
2680 0.9399999999997939 0.5199999999989265 0
2681 0.9399999999997921 0.5399999999989678 0
2682 0.9399999999997903 0.5599999999990091 0
2683 0.9399999999997886 0.5799999999990503 0
2684 0.9399999999997868 0.5999999999990916 0
2685 0.939999999999785 0.6199999999991328 0
2686 0.9399999999997832 0.639999999999174 0
2687 0.9399999999997815 0.6599999999992152 0
2688 0.9399999999997797 0.6799999999992564 0
2689 0.9399999999997777 0.6999999999992977 0
2690 0.9399999999997757 0.7199999999993391 0
2691 0.9399999999997739 0.7399999999993804 0
2692 0.9399999999997721 0.7599999999994217 0
2693 0.9399999999997704 0.779999999999463 0
2694 0.9399999999997686 0.7999999999995039 0
2695 0.9399999999997668 0.8199999999995454 0
2696 0.9399999999997648 0.8399999999995865 0
2697 0.9399999999997628 0.8599999999996278 0
2698 0.9399999999997612 0.879999999999673 0
2699 0.9399999999997593 0.8999999999997269 0
2700 0.9399999999997575 0.9199999999997815 0
2701 0.9399999999997557 0.9399999999998361 0
2702 0.9399999999997539 0.9599999999998907 0
2703 0.9399999999997521 0.9799999999999454 0
2704 0.9599999999998933 0.01999999999996709 0
2705 0.9599999999998922 0.03999999999993144 0
2706 0.9599999999998907 0.05999999999989292 0
2707 0.9599999999998894 0.0799999999998643 0
2708 0.9599999999998885 0.0999999999998382 0
2709 0.9599999999998874 0.1199999999998112 0
2710 0.9599999999998858 0.1399999999997661 0
2711 0.9599999999998848 0.1599999999997133 0
2712 0.9599999999998834 0.1799999999996606 0
2713 0.9599999999998821 0.1999999999996079 0
2714 0.9599999999998808 0.2199999999995552 0
2715 0.9599999999998801 0.2399999999995024 0
2716 0.9599999999998787 0.2599999999994498 0
2717 0.9599999999998774 0.2799999999993972 0
2718 0.9599999999998761 0.2999999999993442 0
2719 0.959999999999875 0.3199999999992916 0
2720 0.9599999999998737 0.339999999999239 0
2721 0.9599999999998725 0.3599999999991861 0
2722 0.9599999999998712 0.3799999999991334 0
2723 0.9599999999998698 0.3999999999990807 0
2724 0.9599999999998686 0.4199999999990281 0
2725 0.9599999999998676 0.4399999999989754 0
2726 0.9599999999998663 0.4599999999989226 0
2727 0.9599999999998652 0.47999999999887 0
2728 0.9599999999998639 0.4999999999988267 0
2729 0.9599999999998627 0.5199999999988622 0
2730 0.9599999999998614 0.5399999999989074 0
2731 0.9599999999998605 0.5599999999989524 0
2732 0.959999999999859 0.5799999999989977 0
2733 0.9599999999998579 0.5999999999990427 0
2734 0.9599999999998565 0.6199999999990877 0
2735 0.9599999999998554 0.6399999999991327 0
2736 0.9599999999998543 0.6599999999991779 0
2737 0.959999999999853 0.6799999999992231 0
2738 0.9599999999998516 0.699999999999268 0
2739 0.9599999999998508 0.7199999999993133 0
2740 0.9599999999998494 0.7399999999993582 0
2741 0.9599999999998481 0.7599999999994035 0
2742 0.9599999999998468 0.7799999999994484 0
2743 0.9599999999998456 0.7999999999994934 0
2744 0.9599999999998445 0.8199999999995385 0
2745 0.9599999999998432 0.8399999999995839 0
2746 0.9599999999998419 0.8599999999996288 0
2747 0.9599999999998408 0.8799999999996764 0
2748 0.9599999999998396 0.89999999999973 0
2749 0.9599999999998383 0.919999999999784 0
2750 0.9599999999998372 0.9399999999998381 0
2751 0.9599999999998359 0.9599999999998921 0
2752 0.9599999999998348 0.979999999999946 0
2753 0.9799999999999467 0.01999999999996467 0
2754 0.9799999999999461 0.03999999999992652 0
2755 0.9799999999999456 0.05999999999988548 0
2756 0.9799999999999447 0.07999999999985451 0
2757 0.9799999999999442 0.09999999999982613 0
2758 0.9799999999999436 0.1199999999997968 0
2759 0.9799999999999429 0.139999999999749 0
2760 0.9799999999999423 0.1599999999996935 0
2761 0.9799999999999418 0.1799999999996379 0
2762 0.9799999999999413 0.1999999999995824 0
2763 0.9799999999999407 0.2199999999995269 0
2764 0.97999999999994 0.2399999999994714 0
2765 0.9799999999999394 0.2599999999994158 0
2766 0.9799999999999387 0.2799999999993603 0
2767 0.979999999999938 0.2999999999993047 0
2768 0.9799999999999374 0.3199999999992491 0
2769 0.9799999999999369 0.3399999999991937 0
2770 0.9799999999999363 0.359999999999138 0
2771 0.9799999999999356 0.3799999999990826 0
2772 0.979999999999935 0.3999999999990269 0
2773 0.9799999999999343 0.4199999999989714 0
2774 0.9799999999999338 0.4399999999989159 0
2775 0.9799999999999331 0.4599999999988602 0
2776 0.9799999999999325 0.4799999999988047 0
2777 0.979999999999932 0.4999999999987594 0
2778 0.9799999999999314 0.5199999999987982 0
2779 0.9799999999999307 0.539999999998847 0
2780 0.9799999999999303 0.5599999999988958 0
2781 0.9799999999999298 0.579999999998945 0
2782 0.9799999999999289 0.5999999999989939 0
2783 0.9799999999999283 0.6199999999990427 0
2784 0.9799999999999278 0.6399999999990916 0
2785 0.9799999999999272 0.6599999999991406 0
2786 0.9799999999999265 0.6799999999991894 0
2787 0.9799999999999258 0.6999999999992382 0
2788 0.9799999999999254 0.7199999999992873 0
2789 0.9799999999999245 0.7399999999993364 0
2790 0.979999999999924 0.7599999999993853 0
2791 0.9799999999999234 0.7799999999994341 0
2792 0.9799999999999227 0.799999999999483 0
2793 0.9799999999999223 0.8199999999995319 0
2794 0.9799999999999214 0.8399999999995807 0
2795 0.9799999999999209 0.8599999999996296 0
2796 0.9799999999999205 0.8799999999996799 0
2797 0.9799999999999196 0.8999999999997331 0
2798 0.9799999999999192 0.9199999999997864 0
2799 0.9799999999999187 0.9399999999998399 0
2800 0.9799999999999178 0.9599999999998934 0
2801 0.9799999999999174 0.9799999999999467 0
2802 0.01999999999996467 0.02000000000008076 0.1
2803 0.01999999999996709 0.04000000000016156 0.1
2804 0.0199999999999695 0.0600000000002423 0.1
2805 0.01999999999997193 0.08000000000032316 0.1
2806 0.01999999999997434 0.1000000000004042 0.1
2807 0.01999999999997676 0.120000000000485 0.1
2808 0.01999999999997918 0.1400000000005658 0.1
2809 0.0199999999999816 0.1600000000006461 0.1
2810 0.01999999999998401 0.1800000000007265 0.1
2811 0.01999999999998643 0.200000000000807 0.1
2812 0.01999999999998886 0.2200000000008873 0.1
2813 0.01999999999999127 0.2400000000009678 0.1
2814 0.01999999999999369 0.2600000000010481 0.1
2815 0.01999999999999611 0.2800000000011286 0.1
2816 0.01999999999999853 0.300000000001209 0.1
2817 0.02000000000000095 0.3200000000012893 0.1
2818 0.02000000000000337 0.3400000000013698 0.1
2819 0.02000000000000579 0.3600000000014501 0.1
2820 0.0200000000000082 0.3800000000015308 0.1
2821 0.02000000000001062 0.4000000000016111 0.1
2822 0.02000000000001305 0.4200000000016915 0.1
2823 0.02000000000001546 0.4400000000017719 0.1
2824 0.02000000000001788 0.4600000000018523 0.1
2825 0.02000000000002029 0.4800000000019327 0.1
2826 0.02000000000002271 0.5000000000019922 0.1
2827 0.02000000000002513 0.5200000000018782 0.1
2828 0.02000000000002755 0.5400000000017433 0.1
2829 0.02000000000002997 0.5600000000016083 0.1
2830 0.02000000000003238 0.5800000000014737 0.1
2831 0.02000000000003481 0.6000000000013387 0.1
2832 0.02000000000003723 0.6200000000012039 0.1
2833 0.02000000000003964 0.640000000001069 0.1
2834 0.02000000000004206 0.6600000000009341 0.1
2835 0.02000000000004448 0.6800000000007992 0.1
2836 0.02000000000004689 0.7000000000006643 0.1
2837 0.02000000000004932 0.7200000000005293 0.1
2838 0.02000000000005174 0.7400000000003942 0.1
2839 0.02000000000005415 0.7600000000002592 0.1
2840 0.02000000000005657 0.7800000000001244 0.1
2841 0.02000000000005899 0.7999999999999896 0.1
2842 0.02000000000006141 0.8199999999998545 0.1
2843 0.02000000000006382 0.8399999999997195 0.1
2844 0.02000000000006624 0.8599999999995847 0.1
2845 0.02000000000006866 0.8799999999995116 0.1
2846 0.02000000000007108 0.8999999999995866 0.1
2847 0.0200000000000735 0.9199999999996692 0.1
2848 0.02000000000007592 0.9399999999997523 0.1
2849 0.02000000000007834 0.9599999999998349 0.1
2850 0.02000000000008076 0.9799999999999174 0.1
2851 0.03999999999992654 0.02000000000007834 0.1
2852 0.03999999999993144 0.04000000000015667 0.1
2853 0.03999999999993633 0.06000000000023487 0.1
2854 0.03999999999994122 0.08000000000031339 0.1
2855 0.03999999999994612 0.1000000000003921 0.1
2856 0.03999999999995102 0.1200000000004707 0.1
2857 0.03999999999995592 0.1400000000005487 0.1
2858 0.0399999999999608 0.1600000000006262 0.1
2859 0.03999999999996572 0.1800000000007038 0.1
2860 0.0399999999999706 0.2000000000007815 0.1
2861 0.0399999999999755 0.220000000000859 0.1
2862 0.0399999999999804 0.2400000000009366 0.1
2863 0.0399999999999853 0.2600000000010141 0.1
2864 0.0399999999999902 0.2800000000010918 0.1
2865 0.03999999999999508 0.3000000000011692 0.1
2866 0.03999999999999998 0.3200000000012469 0.1
2867 0.04000000000000488 0.3400000000013244 0.1
2868 0.04000000000000976 0.3600000000014021 0.1
2869 0.04000000000001468 0.3800000000014798 0.1
2870 0.04000000000001958 0.4000000000015572 0.1
2871 0.04000000000002446 0.4200000000016349 0.1
2872 0.04000000000002936 0.4400000000017124 0.1
2873 0.04000000000003426 0.46000000000179 0.1
2874 0.04000000000003916 0.4800000000018675 0.1
2875 0.04000000000004404 0.5000000000019247 0.1
2876 0.04000000000004894 0.520000000001814 0.1
2877 0.04000000000005384 0.5400000000016829 0.1
2878 0.04000000000005874 0.5600000000015519 0.1
2879 0.04000000000006364 0.5800000000014208 0.1
2880 0.04000000000006854 0.6000000000012898 0.1
2881 0.04000000000007344 0.6200000000011587 0.1
2882 0.04000000000007832 0.6400000000010277 0.1
2883 0.04000000000008322 0.6600000000008965 0.1
2884 0.04000000000008812 0.6800000000007654 0.1
2885 0.040000000000093 0.7000000000006344 0.1
2886 0.04000000000009792 0.7200000000005033 0.1
2887 0.0400000000001028 0.7400000000003722 0.1
2888 0.04000000000010771 0.760000000000241 0.1
2889 0.0400000000001126 0.78000000000011 0.1
2890 0.04000000000011748 0.799999999999979 0.1
2891 0.0400000000001224 0.8199999999998476 0.1
2892 0.04000000000012728 0.8399999999997166 0.1
2893 0.04000000000013218 0.8599999999995852 0.1
2894 0.04000000000013708 0.8799999999995152 0.1
2895 0.04000000000014198 0.8999999999995898 0.1
2896 0.04000000000014688 0.9199999999996719 0.1
2897 0.04000000000015176 0.9399999999997537 0.1
2898 0.04000000000015666 0.9599999999998358 0.1
2899 0.04000000000016156 0.9799999999999179 0.1
2900 0.05999999999988548 0.02000000000007592 0.1
2901 0.0599999999998929 0.04000000000015175 0.1
2902 0.05999999999990033 0.06000000000022743 0.1
2903 0.05999999999990777 0.08000000000030362 0.1
2904 0.0599999999999152 0.1000000000003801 0.1
2905 0.05999999999992264 0.1200000000004564 0.1
2906 0.05999999999993008 0.1400000000005318 0.1
2907 0.05999999999993752 0.1600000000006064 0.1
2908 0.05999999999994494 0.1800000000006812 0.1
2909 0.05999999999995237 0.2000000000007559 0.1
2910 0.05999999999995981 0.2200000000008307 0.1
2911 0.05999999999996725 0.2400000000009054 0.1
2912 0.05999999999997468 0.2600000000009801 0.1
2913 0.05999999999998211 0.280000000001055 0.1
2914 0.05999999999998955 0.3000000000011296 0.1
2915 0.05999999999999697 0.3200000000012044 0.1
2916 0.06000000000000442 0.3400000000012791 0.1
2917 0.06000000000001185 0.3600000000013538 0.1
2918 0.06000000000001929 0.3800000000014287 0.1
2919 0.06000000000002671 0.4000000000015034 0.1
2920 0.06000000000003415 0.4200000000015783 0.1
2921 0.0600000000000416 0.4400000000016528 0.1
2922 0.06000000000004903 0.4600000000017277 0.1
2923 0.06000000000005645 0.4800000000018023 0.1
2924 0.06000000000006389 0.5000000000018574 0.1
2925 0.06000000000007133 0.5200000000017498 0.1
2926 0.06000000000007875 0.5400000000016225 0.1
2927 0.06000000000008619 0.5600000000014955 0.1
2928 0.06000000000009363 0.5800000000013682 0.1
2929 0.06000000000010106 0.600000000001241 0.1
2930 0.06000000000010849 0.6200000000011135 0.1
2931 0.06000000000011593 0.6400000000009863 0.1
2932 0.06000000000012337 0.6600000000008591 0.1
2933 0.0600000000001308 0.6800000000007321 0.1
2934 0.06000000000013825 0.7000000000006046 0.1
2935 0.06000000000014566 0.7200000000004775 0.1
2936 0.0600000000001531 0.7400000000003503 0.1
2937 0.06000000000016054 0.7600000000002228 0.1
2938 0.06000000000016797 0.7800000000000958 0.1
2939 0.0600000000001754 0.7999999999999684 0.1
2940 0.06000000000018284 0.819999999999841 0.1
2941 0.06000000000019026 0.8399999999997139 0.1
2942 0.0600000000001977 0.8599999999995865 0.1
2943 0.06000000000020514 0.8799999999995186 0.1
2944 0.06000000000021256 0.8999999999995928 0.1
2945 0.06000000000022002 0.9199999999996741 0.1
2946 0.06000000000022744 0.9399999999997557 0.1
2947 0.06000000000023487 0.959999999999837 0.1
2948 0.0600000000002423 0.9799999999999187 0.1
2949 0.07999999999985453 0.0200000000000735 0.1
2950 0.0799999999998643 0.04000000000014688 0.1
2951 0.07999999999987405 0.06000000000022002 0.1
2952 0.07999999999988383 0.08000000000029386 0.1
2953 0.07999999999989356 0.100000000000368 0.1
2954 0.07999999999990332 0.120000000000442 0.1
2955 0.0799999999999131 0.1400000000005147 0.1
2956 0.07999999999992288 0.1600000000005865 0.1
2957 0.07999999999993264 0.1800000000006585 0.1
2958 0.07999999999994239 0.2000000000007305 0.1
2959 0.07999999999995214 0.2200000000008023 0.1
2960 0.07999999999996191 0.2400000000008742 0.1
2961 0.07999999999997166 0.2600000000009461 0.1
2962 0.07999999999998143 0.2800000000010181 0.1
2963 0.0799999999999912 0.30000000000109 0.1
2964 0.08000000000000095 0.3200000000011619 0.1
2965 0.08000000000001072 0.3400000000012338 0.1
2966 0.08000000000002046 0.3600000000013057 0.1
2967 0.08000000000003024 0.3800000000013777 0.1
2968 0.08000000000004003 0.4000000000014496 0.1
2969 0.08000000000004981 0.4200000000015214 0.1
2970 0.08000000000005954 0.4400000000015933 0.1
2971 0.08000000000006931 0.4600000000016653 0.1
2972 0.08000000000007908 0.4800000000017371 0.1
2973 0.08000000000008882 0.5000000000017901 0.1
2974 0.08000000000009859 0.5200000000016857 0.1
2975 0.08000000000010836 0.5400000000015623 0.1
2976 0.0800000000001181 0.5600000000014387 0.1
2977 0.08000000000012787 0.5800000000013156 0.1
2978 0.08000000000013764 0.6000000000011921 0.1
2979 0.08000000000014741 0.6200000000010686 0.1
2980 0.08000000000015718 0.6400000000009453 0.1
2981 0.08000000000016695 0.6600000000008219 0.1
2982 0.08000000000017672 0.6800000000006985 0.1
2983 0.08000000000018646 0.7000000000005749 0.1
2984 0.08000000000019623 0.7200000000004515 0.1
2985 0.08000000000020598 0.7400000000003281 0.1
2986 0.08000000000021575 0.7600000000002046 0.1
2987 0.08000000000022552 0.7800000000000812 0.1
2988 0.0800000000002353 0.7999999999999577 0.1
2989 0.08000000000024506 0.8199999999998344 0.1
2990 0.08000000000025483 0.8399999999997109 0.1
2991 0.08000000000026457 0.8599999999995874 0.1
2992 0.08000000000027434 0.8799999999995223 0.1
2993 0.08000000000028407 0.8999999999995959 0.1
2994 0.08000000000029385 0.9199999999996766 0.1
2995 0.08000000000030362 0.9399999999997575 0.1
2996 0.08000000000031339 0.9599999999998383 0.1
2997 0.08000000000032316 0.9799999999999192 0.1
2998 0.09999999999982616 0.02000000000007108 0.1
2999 0.09999999999983819 0.04000000000014196 0.1
3000 0.09999999999985025 0.06000000000021258 0.1
3001 0.0999999999998623 0.08000000000028408 0.1
3002 0.09999999999987431 0.100000000000356 0.1
3003 0.09999999999988636 0.1200000000004277 0.1
3004 0.09999999999989841 0.1400000000004977 0.1
3005 0.09999999999991045 0.1600000000005667 0.1
3006 0.09999999999992247 0.1800000000006358 0.1
3007 0.09999999999993456 0.200000000000705 0.1
3008 0.09999999999994659 0.220000000000774 0.1
3009 0.09999999999995862 0.240000000000843 0.1
3010 0.09999999999997065 0.2600000000009122 0.1
3011 0.09999999999998269 0.2800000000009812 0.1
3012 0.09999999999999475 0.3000000000010502 0.1
3013 0.1000000000000068 0.3200000000011193 0.1
3014 0.1000000000000188 0.3400000000011884 0.1
3015 0.1000000000000309 0.3600000000012575 0.1
3016 0.1000000000000429 0.3800000000013267 0.1
3017 0.1000000000000549 0.4000000000013958 0.1
3018 0.100000000000067 0.4200000000014648 0.1
3019 0.100000000000079 0.4400000000015338 0.1
3020 0.1000000000000911 0.460000000001603 0.1
3021 0.1000000000001031 0.480000000001672 0.1
3022 0.1000000000001151 0.5000000000017226 0.1
3023 0.1000000000001272 0.5200000000016215 0.1
3024 0.1000000000001392 0.5400000000015022 0.1
3025 0.1000000000001513 0.5600000000013823 0.1
3026 0.1000000000001633 0.5800000000012627 0.1
3027 0.1000000000001754 0.6000000000011433 0.1
3028 0.1000000000001874 0.6200000000010237 0.1
3029 0.1000000000001994 0.6400000000009042 0.1
3030 0.1000000000002115 0.6600000000007846 0.1
3031 0.1000000000002235 0.6800000000006651 0.1
3032 0.1000000000002356 0.7000000000005452 0.1
3033 0.1000000000002476 0.7200000000004257 0.1
3034 0.1000000000002597 0.7400000000003063 0.1
3035 0.1000000000002717 0.7600000000001864 0.1
3036 0.1000000000002837 0.780000000000067 0.1
3037 0.1000000000002958 0.7999999999999471 0.1
3038 0.1000000000003078 0.8199999999998276 0.1
3039 0.1000000000003198 0.839999999999708 0.1
3040 0.1000000000003319 0.8599999999995883 0.1
3041 0.1000000000003439 0.8799999999995256 0.1
3042 0.100000000000356 0.899999999999599 0.1
3043 0.100000000000368 0.919999999999679 0.1
3044 0.1000000000003801 0.9399999999997593 0.1
3045 0.1000000000003921 0.9599999999998396 0.1
3046 0.1000000000004042 0.9799999999999198 0.1
3047 0.1199999999997968 0.02000000000006866 0.1
3048 0.1199999999998112 0.04000000000013708 0.1
3049 0.1199999999998255 0.06000000000020514 0.1
3050 0.1199999999998398 0.0800000000002743 0.1
3051 0.1199999999998542 0.1000000000003439 0.1
3052 0.1199999999998685 0.1200000000004134 0.1
3053 0.1199999999998829 0.1400000000004807 0.1
3054 0.1199999999998972 0.1600000000005468 0.1
3055 0.1199999999999115 0.1800000000006131 0.1
3056 0.1199999999999259 0.2000000000006794 0.1
3057 0.1199999999999402 0.2200000000007457 0.1
3058 0.1199999999999546 0.240000000000812 0.1
3059 0.1199999999999689 0.2600000000008781 0.1
3060 0.1199999999999832 0.2800000000009444 0.1
3061 0.1199999999999976 0.3000000000010106 0.1
3062 0.1200000000000119 0.3200000000010768 0.1
3063 0.1200000000000263 0.340000000001143 0.1
3064 0.1200000000000406 0.3600000000012094 0.1
3065 0.1200000000000549 0.3800000000012757 0.1
3066 0.1200000000000692 0.4000000000013419 0.1
3067 0.1200000000000836 0.4200000000014082 0.1
3068 0.1200000000000979 0.4400000000014743 0.1
3069 0.1200000000001123 0.4600000000015406 0.1
3070 0.1200000000001266 0.4800000000016069 0.1
3071 0.1200000000001409 0.5000000000016553 0.1
3072 0.1200000000001553 0.5200000000015573 0.1
3073 0.1200000000001696 0.5400000000014418 0.1
3074 0.120000000000184 0.5600000000013259 0.1
3075 0.1200000000001983 0.5800000000012101 0.1
3076 0.1200000000002126 0.6000000000010944 0.1
3077 0.120000000000227 0.6200000000009787 0.1
3078 0.1200000000002413 0.6400000000008629 0.1
3079 0.1200000000002556 0.6600000000007471 0.1
3080 0.12000000000027 0.6800000000006313 0.1
3081 0.1200000000002843 0.7000000000005157 0.1
3082 0.1200000000002986 0.7200000000004 0.1
3083 0.120000000000313 0.7400000000002842 0.1
3084 0.1200000000003273 0.7600000000001682 0.1
3085 0.1200000000003417 0.7800000000000525 0.1
3086 0.120000000000356 0.7999999999999369 0.1
3087 0.1200000000003703 0.8199999999998209 0.1
3088 0.1200000000003847 0.8399999999997051 0.1
3089 0.120000000000399 0.8599999999995892 0.1
3090 0.1200000000004134 0.8799999999995292 0.1
3091 0.1200000000004277 0.8999999999996019 0.1
3092 0.120000000000442 0.9199999999996816 0.1
3093 0.1200000000004564 0.939999999999761 0.1
3094 0.1200000000004707 0.9599999999998408 0.1
3095 0.1200000000004851 0.9799999999999205 0.1
3096 0.139999999999749 0.02000000000006624 0.1
3097 0.1399999999997661 0.04000000000013218 0.1
3098 0.1399999999997831 0.0600000000001977 0.1
3099 0.1399999999998001 0.08000000000026457 0.1
3100 0.1399999999998171 0.1000000000003319 0.1
3101 0.1399999999998341 0.120000000000399 0.1
3102 0.1399999999998511 0.1400000000004636 0.1
3103 0.1399999999998682 0.160000000000527 0.1
3104 0.1399999999998852 0.1800000000005905 0.1
3105 0.1399999999999021 0.2000000000006539 0.1
3106 0.1399999999999192 0.2200000000007173 0.1
3107 0.1399999999999362 0.2400000000007808 0.1
3108 0.1399999999999532 0.260000000000844 0.1
3109 0.1399999999999703 0.2800000000009075 0.1
3110 0.1399999999999872 0.3000000000009709 0.1
3111 0.1400000000000043 0.3200000000010344 0.1
3112 0.1400000000000213 0.3400000000010976 0.1
3113 0.1400000000000383 0.3600000000011612 0.1
3114 0.1400000000000554 0.3800000000012247 0.1
3115 0.1400000000000723 0.4000000000012881 0.1
3116 0.1400000000000893 0.4200000000013516 0.1
3117 0.1400000000001064 0.4400000000014148 0.1
3118 0.1400000000001234 0.4600000000014783 0.1
3119 0.1400000000001404 0.4800000000015416 0.1
3120 0.1400000000001574 0.5000000000015881 0.1
3121 0.1400000000001744 0.5200000000014932 0.1
3122 0.1400000000001914 0.5400000000013814 0.1
3123 0.1400000000002085 0.5600000000012695 0.1
3124 0.1400000000002254 0.5800000000011575 0.1
3125 0.1400000000002425 0.6000000000010456 0.1
3126 0.1400000000002595 0.6200000000009336 0.1
3127 0.1400000000002765 0.6400000000008216 0.1
3128 0.1400000000002935 0.6600000000007098 0.1
3129 0.1400000000003105 0.6800000000005978 0.1
3130 0.1400000000003275 0.7000000000004859 0.1
3131 0.1400000000003446 0.720000000000374 0.1
3132 0.1400000000003616 0.7400000000002619 0.1
3133 0.1400000000003786 0.7600000000001499 0.1
3134 0.1400000000003956 0.7800000000000381 0.1
3135 0.1400000000004126 0.7999999999999262 0.1
3136 0.1400000000004296 0.8199999999998141 0.1
3137 0.1400000000004467 0.8399999999997022 0.1
3138 0.1400000000004637 0.8599999999995901 0.1
3139 0.1400000000004807 0.8799999999995327 0.1
3140 0.1400000000004977 0.899999999999605 0.1
3141 0.1400000000005147 0.9199999999996837 0.1
3142 0.1400000000005317 0.9399999999997628 0.1
3143 0.1400000000005487 0.9599999999998419 0.1
3144 0.1400000000005658 0.9799999999999209 0.1
3145 0.1599999999996935 0.02000000000006382 0.1
3146 0.1599999999997133 0.04000000000012728 0.1
3147 0.1599999999997332 0.06000000000019026 0.1
3148 0.159999999999753 0.08000000000025484 0.1
3149 0.1599999999997729 0.1000000000003198 0.1
3150 0.1599999999997927 0.1200000000003847 0.1
3151 0.1599999999998125 0.1400000000004467 0.1
3152 0.1599999999998324 0.1600000000005072 0.1
3153 0.1599999999998522 0.1800000000005678 0.1
3154 0.1599999999998721 0.2000000000006284 0.1
3155 0.1599999999998919 0.2200000000006889 0.1
3156 0.1599999999999118 0.2400000000007496 0.1
3157 0.1599999999999317 0.26000000000081 0.1
3158 0.1599999999999515 0.2800000000008707 0.1
3159 0.1599999999999713 0.3000000000009312 0.1
3160 0.1599999999999912 0.3200000000009918 0.1
3161 0.160000000000011 0.3400000000010524 0.1
3162 0.1600000000000309 0.360000000001113 0.1
3163 0.1600000000000507 0.3800000000011737 0.1
3164 0.1600000000000706 0.4000000000012342 0.1
3165 0.1600000000000905 0.4200000000012948 0.1
3166 0.1600000000001102 0.4400000000013553 0.1
3167 0.1600000000001301 0.4600000000014159 0.1
3168 0.1600000000001499 0.4800000000014765 0.1
3169 0.1600000000001698 0.5000000000015206 0.1
3170 0.1600000000001896 0.520000000001429 0.1
3171 0.1600000000002094 0.540000000001321 0.1
3172 0.1600000000002293 0.5600000000012129 0.1
3173 0.1600000000002492 0.5800000000011046 0.1
3174 0.160000000000269 0.6000000000009967 0.1
3175 0.1600000000002889 0.6200000000008885 0.1
3176 0.1600000000003087 0.6400000000007803 0.1
3177 0.1600000000003286 0.6600000000006723 0.1
3178 0.1600000000003484 0.6800000000005643 0.1
3179 0.1600000000003682 0.7000000000004565 0.1
3180 0.1600000000003881 0.720000000000348 0.1
3181 0.160000000000408 0.7400000000002399 0.1
3182 0.1600000000004278 0.7600000000001318 0.1
3183 0.1600000000004476 0.780000000000024 0.1
3184 0.1600000000004675 0.7999999999999156 0.1
3185 0.1600000000004873 0.8199999999998072 0.1
3186 0.1600000000005072 0.8399999999996994 0.1
3187 0.160000000000527 0.859999999999591 0.1
3188 0.1600000000005469 0.879999999999536 0.1
3189 0.1600000000005667 0.8999999999996079 0.1
3190 0.1600000000005866 0.9199999999996865 0.1
3191 0.1600000000006064 0.9399999999997646 0.1
3192 0.1600000000006262 0.9599999999998433 0.1
3193 0.1600000000006461 0.9799999999999216 0.1
3194 0.1799999999996379 0.02000000000006141 0.1
3195 0.1799999999996606 0.0400000000001224 0.1
3196 0.1799999999996833 0.06000000000018282 0.1
3197 0.179999999999706 0.08000000000024506 0.1
3198 0.1799999999997287 0.1000000000003078 0.1
3199 0.1799999999997513 0.1200000000003703 0.1
3200 0.179999999999774 0.1400000000004297 0.1
3201 0.1799999999997966 0.1600000000004873 0.1
3202 0.1799999999998194 0.1800000000005451 0.1
3203 0.179999999999842 0.2000000000006029 0.1
3204 0.1799999999998647 0.2200000000006606 0.1
3205 0.1799999999998874 0.2400000000007184 0.1
3206 0.17999999999991 0.2600000000007761 0.1
3207 0.1799999999999328 0.2800000000008338 0.1
3208 0.1799999999999555 0.3000000000008916 0.1
3209 0.1799999999999781 0.3200000000009494 0.1
3210 0.1800000000000008 0.340000000001007 0.1
3211 0.1800000000000235 0.3600000000010649 0.1
3212 0.1800000000000461 0.3800000000011227 0.1
3213 0.1800000000000688 0.4000000000011804 0.1
3214 0.1800000000000915 0.4200000000012381 0.1
3215 0.1800000000001142 0.4400000000012958 0.1
3216 0.1800000000001369 0.4600000000013536 0.1
3217 0.1800000000001595 0.4800000000014113 0.1
3218 0.1800000000001823 0.5000000000014533 0.1
3219 0.1800000000002049 0.5200000000013648 0.1
3220 0.1800000000002276 0.5400000000012606 0.1
3221 0.1800000000002503 0.5600000000011562 0.1
3222 0.180000000000273 0.5800000000010522 0.1
3223 0.1800000000002956 0.6000000000009479 0.1
3224 0.1800000000003183 0.6200000000008434 0.1
3225 0.180000000000341 0.6400000000007394 0.1
3226 0.1800000000003637 0.660000000000635 0.1
3227 0.1800000000003863 0.6800000000005311 0.1
3228 0.180000000000409 0.7000000000004266 0.1
3229 0.1800000000004317 0.7200000000003223 0.1
3230 0.1800000000004544 0.740000000000218 0.1
3231 0.1800000000004771 0.7600000000001136 0.1
3232 0.1800000000004998 0.7800000000000094 0.1
3233 0.1800000000005224 0.7999999999999049 0.1
3234 0.1800000000005451 0.8199999999998006 0.1
3235 0.1800000000005678 0.8399999999996963 0.1
3236 0.1800000000005905 0.8599999999995919 0.1
3237 0.1800000000006131 0.8799999999995396 0.1
3238 0.1800000000006358 0.8999999999996111 0.1
3239 0.1800000000006585 0.9199999999996887 0.1
3240 0.1800000000006812 0.9399999999997666 0.1
3241 0.1800000000007038 0.9599999999998445 0.1
3242 0.1800000000007266 0.9799999999999223 0.1
3243 0.1999999999995824 0.02000000000005899 0.1
3244 0.1999999999996079 0.04000000000011748 0.1
3245 0.1999999999996334 0.0600000000001754 0.1
3246 0.1999999999996589 0.0800000000002353 0.1
3247 0.1999999999996845 0.1000000000002958 0.1
3248 0.1999999999997099 0.120000000000356 0.1
3249 0.1999999999997354 0.1400000000004126 0.1
3250 0.199999999999761 0.1600000000004675 0.1
3251 0.1999999999997865 0.1800000000005224 0.1
3252 0.199999999999812 0.2000000000005774 0.1
3253 0.1999999999998375 0.2200000000006322 0.1
3254 0.199999999999863 0.2400000000006872 0.1
3255 0.1999999999998885 0.2600000000007421 0.1
3256 0.199999999999914 0.2800000000007969 0.1
3257 0.1999999999999396 0.3000000000008519 0.1
3258 0.199999999999965 0.3200000000009067 0.1
3259 0.1999999999999906 0.3400000000009617 0.1
3260 0.2000000000000161 0.3600000000010167 0.1
3261 0.2000000000000416 0.3800000000010717 0.1
3262 0.2000000000000672 0.4000000000011265 0.1
3263 0.2000000000000927 0.4200000000011815 0.1
3264 0.2000000000001182 0.4400000000012363 0.1
3265 0.2000000000001436 0.4600000000012913 0.1
3266 0.2000000000001692 0.4800000000013461 0.1
3267 0.2000000000001947 0.500000000001386 0.1
3268 0.2000000000002201 0.5200000000013006 0.1
3269 0.2000000000002457 0.5400000000012002 0.1
3270 0.2000000000002712 0.5600000000010998 0.1
3271 0.2000000000002967 0.5800000000009994 0.1
3272 0.2000000000003222 0.600000000000899 0.1
3273 0.2000000000003478 0.6200000000007986 0.1
3274 0.2000000000003732 0.6400000000006981 0.1
3275 0.2000000000003987 0.6600000000005977 0.1
3276 0.2000000000004243 0.6800000000004973 0.1
3277 0.2000000000004499 0.7000000000003969 0.1
3278 0.2000000000004754 0.7200000000002966 0.1
3279 0.2000000000005009 0.7400000000001957 0.1
3280 0.2000000000005263 0.7600000000000954 0.1
3281 0.2000000000005519 0.779999999999995 0.1
3282 0.2000000000005774 0.7999999999998947 0.1
3283 0.2000000000006029 0.8199999999997939 0.1
3284 0.2000000000006284 0.8399999999996935 0.1
3285 0.2000000000006539 0.859999999999593 0.1
3286 0.2000000000006794 0.8799999999995431 0.1
3287 0.200000000000705 0.8999999999996141 0.1
3288 0.2000000000007305 0.9199999999996913 0.1
3289 0.200000000000756 0.9399999999997685 0.1
3290 0.2000000000007815 0.9599999999998456 0.1
3291 0.200000000000807 0.9799999999999228 0.1
3292 0.2199999999995269 0.02000000000005657 0.1
3293 0.2199999999995552 0.0400000000001126 0.1
3294 0.2199999999995835 0.06000000000016797 0.1
3295 0.2199999999996119 0.0800000000002255 0.1
3296 0.2199999999996402 0.1000000000002838 0.1
3297 0.2199999999996686 0.1200000000003417 0.1
3298 0.2199999999996969 0.1400000000003956 0.1
3299 0.2199999999997252 0.1600000000004476 0.1
3300 0.2199999999997536 0.1800000000004998 0.1
3301 0.2199999999997819 0.2000000000005518 0.1
3302 0.2199999999998103 0.2200000000006039 0.1
3303 0.2199999999998386 0.240000000000656 0.1
3304 0.219999999999867 0.2600000000007081 0.1
3305 0.2199999999998953 0.2800000000007602 0.1
3306 0.2199999999999236 0.3000000000008122 0.1
3307 0.219999999999952 0.3200000000008643 0.1
3308 0.2199999999999804 0.3400000000009164 0.1
3309 0.2200000000000087 0.3600000000009685 0.1
3310 0.2200000000000371 0.3800000000010207 0.1
3311 0.2200000000000654 0.4000000000010726 0.1
3312 0.2200000000000937 0.4200000000011249 0.1
3313 0.220000000000122 0.4400000000011769 0.1
3314 0.2200000000001504 0.4600000000012289 0.1
3315 0.2200000000001788 0.4800000000012811 0.1
3316 0.2200000000002071 0.5000000000013187 0.1
3317 0.2200000000002354 0.5200000000012367 0.1
3318 0.2200000000002638 0.54000000000114 0.1
3319 0.2200000000002921 0.5600000000010434 0.1
3320 0.2200000000003205 0.5800000000009468 0.1
3321 0.2200000000003488 0.6000000000008502 0.1
3322 0.2200000000003772 0.6200000000007537 0.1
3323 0.2200000000004055 0.6400000000006568 0.1
3324 0.2200000000004338 0.6600000000005604 0.1
3325 0.2200000000004622 0.6800000000004639 0.1
3326 0.2200000000004905 0.7000000000003671 0.1
3327 0.2200000000005189 0.7200000000002704 0.1
3328 0.2200000000005472 0.740000000000174 0.1
3329 0.2200000000005756 0.7600000000000771 0.1
3330 0.2200000000006039 0.7799999999999805 0.1
3331 0.2200000000006322 0.799999999999884 0.1
3332 0.2200000000006606 0.8199999999997871 0.1
3333 0.220000000000689 0.8399999999996908 0.1
3334 0.2200000000007172 0.8599999999995941 0.1
3335 0.2200000000007457 0.8799999999995466 0.1
3336 0.220000000000774 0.8999999999996171 0.1
3337 0.2200000000008023 0.9199999999996935 0.1
3338 0.2200000000008306 0.9399999999997704 0.1
3339 0.220000000000859 0.9599999999998466 0.1
3340 0.2200000000008873 0.9799999999999236 0.1
3341 0.2399999999994713 0.02000000000005415 0.1
3342 0.2399999999995024 0.04000000000010771 0.1
3343 0.2399999999995337 0.06000000000016053 0.1
3344 0.2399999999995648 0.08000000000021573 0.1
3345 0.239999999999596 0.1000000000002717 0.1
3346 0.2399999999996272 0.1200000000003273 0.1
3347 0.2399999999996584 0.1400000000003786 0.1
3348 0.2399999999996895 0.1600000000004278 0.1
3349 0.2399999999997207 0.1800000000004771 0.1
3350 0.2399999999997519 0.2000000000005263 0.1
3351 0.2399999999997831 0.2200000000005756 0.1
3352 0.2399999999998143 0.2400000000006249 0.1
3353 0.2399999999998454 0.260000000000674 0.1
3354 0.2399999999998766 0.2800000000007233 0.1
3355 0.2399999999999078 0.3000000000007725 0.1
3356 0.239999999999939 0.3200000000008218 0.1
3357 0.2399999999999702 0.3400000000008709 0.1
3358 0.2400000000000013 0.3600000000009203 0.1
3359 0.2400000000000325 0.3800000000009697 0.1
3360 0.2400000000000637 0.4000000000010189 0.1
3361 0.2400000000000949 0.4200000000010682 0.1
3362 0.2400000000001261 0.4400000000011174 0.1
3363 0.2400000000001572 0.4600000000011665 0.1
3364 0.2400000000001883 0.4800000000012159 0.1
3365 0.2400000000002195 0.5000000000012514 0.1
3366 0.2400000000002507 0.5200000000011723 0.1
3367 0.2400000000002819 0.5400000000010796 0.1
3368 0.2400000000003131 0.5600000000009868 0.1
3369 0.2400000000003443 0.5800000000008941 0.1
3370 0.2400000000003754 0.6000000000008013 0.1
3371 0.2400000000004066 0.6200000000007084 0.1
3372 0.2400000000004378 0.6400000000006157 0.1
3373 0.240000000000469 0.6600000000005231 0.1
3374 0.2400000000005001 0.68000000000043 0.1
3375 0.2400000000005313 0.7000000000003374 0.1
3376 0.2400000000005625 0.7200000000002446 0.1
3377 0.2400000000005937 0.7400000000001516 0.1
3378 0.2400000000006248 0.7600000000000589 0.1
3379 0.240000000000656 0.7799999999999662 0.1
3380 0.2400000000006872 0.7999999999998734 0.1
3381 0.2400000000007184 0.8199999999997805 0.1
3382 0.2400000000007496 0.8399999999996877 0.1
3383 0.2400000000007808 0.859999999999595 0.1
3384 0.240000000000812 0.8799999999995503 0.1
3385 0.2400000000008431 0.8999999999996203 0.1
3386 0.2400000000008742 0.9199999999996963 0.1
3387 0.2400000000009054 0.939999999999772 0.1
3388 0.2400000000009366 0.9599999999998481 0.1
3389 0.2400000000009678 0.979999999999924 0.1
3390 0.2599999999994158 0.02000000000005174 0.1
3391 0.2599999999994497 0.0400000000001028 0.1
3392 0.2599999999994838 0.0600000000001531 0.1
3393 0.2599999999995178 0.08000000000020598 0.1
3394 0.2599999999995517 0.1000000000002597 0.1
3395 0.2599999999995858 0.120000000000313 0.1
3396 0.2599999999996198 0.1400000000003616 0.1
3397 0.2599999999996538 0.160000000000408 0.1
3398 0.2599999999996878 0.1800000000004544 0.1
3399 0.2599999999997218 0.2000000000005008 0.1
3400 0.2599999999997558 0.2200000000005472 0.1
3401 0.2599999999997898 0.2400000000005937 0.1
3402 0.2599999999998238 0.2600000000006401 0.1
3403 0.2599999999998579 0.2800000000006865 0.1
3404 0.2599999999998919 0.3000000000007329 0.1
3405 0.2599999999999258 0.3200000000007793 0.1
3406 0.2599999999999599 0.3400000000008258 0.1
3407 0.2599999999999939 0.3600000000008721 0.1
3408 0.2600000000000279 0.3800000000009187 0.1
3409 0.2600000000000618 0.400000000000965 0.1
3410 0.2600000000000959 0.4200000000010115 0.1
3411 0.2600000000001299 0.4400000000010579 0.1
3412 0.2600000000001639 0.4600000000011043 0.1
3413 0.260000000000198 0.4800000000011507 0.1
3414 0.2600000000002319 0.5000000000011839 0.1
3415 0.260000000000266 0.5200000000011084 0.1
3416 0.2600000000003 0.5400000000010192 0.1
3417 0.260000000000334 0.5600000000009302 0.1
3418 0.2600000000003679 0.5800000000008413 0.1
3419 0.2600000000004019 0.6000000000007525 0.1
3420 0.260000000000436 0.6200000000006636 0.1
3421 0.26000000000047 0.6400000000005747 0.1
3422 0.2600000000005041 0.6600000000004858 0.1
3423 0.260000000000538 0.6800000000003968 0.1
3424 0.260000000000572 0.7000000000003075 0.1
3425 0.260000000000606 0.7200000000002189 0.1
3426 0.2600000000006401 0.74000000000013 0.1
3427 0.260000000000674 0.7600000000000408 0.1
3428 0.260000000000708 0.779999999999952 0.1
3429 0.2600000000007421 0.7999999999998627 0.1
3430 0.2600000000007761 0.8199999999997739 0.1
3431 0.2600000000008101 0.8399999999996849 0.1
3432 0.2600000000008441 0.8599999999995959 0.1
3433 0.2600000000008781 0.8799999999995538 0.1
3434 0.2600000000009122 0.8999999999996234 0.1
3435 0.2600000000009461 0.9199999999996985 0.1
3436 0.2600000000009801 0.9399999999997739 0.1
3437 0.2600000000010141 0.9599999999998494 0.1
3438 0.2600000000010481 0.9799999999999247 0.1
3439 0.2799999999993602 0.02000000000004932 0.1
3440 0.2799999999993971 0.04000000000009792 0.1
3441 0.279999999999434 0.06000000000014567 0.1
3442 0.2799999999994707 0.08000000000019623 0.1
3443 0.2799999999995075 0.1000000000002476 0.1
3444 0.2799999999995445 0.1200000000002986 0.1
3445 0.2799999999995814 0.1400000000003446 0.1
3446 0.2799999999996181 0.1600000000003881 0.1
3447 0.2799999999996549 0.1800000000004317 0.1
3448 0.2799999999996918 0.2000000000004754 0.1
3449 0.2799999999997287 0.2200000000005188 0.1
3450 0.2799999999997655 0.2400000000005625 0.1
3451 0.2799999999998023 0.260000000000606 0.1
3452 0.2799999999998392 0.2800000000006496 0.1
3453 0.279999999999876 0.3000000000006932 0.1
3454 0.2799999999999128 0.3200000000007369 0.1
3455 0.2799999999999496 0.3400000000007804 0.1
3456 0.2799999999999865 0.3600000000008239 0.1
3457 0.2800000000000233 0.3800000000008676 0.1
3458 0.2800000000000602 0.4000000000009112 0.1
3459 0.2800000000000971 0.4200000000009548 0.1
3460 0.2800000000001339 0.4400000000009984 0.1
3461 0.2800000000001708 0.460000000001042 0.1
3462 0.2800000000002076 0.4800000000010856 0.1
3463 0.2800000000002444 0.5000000000011167 0.1
3464 0.2800000000002812 0.520000000001044 0.1
3465 0.2800000000003181 0.540000000000959 0.1
3466 0.280000000000355 0.5600000000008738 0.1
3467 0.2800000000003917 0.5800000000007887 0.1
3468 0.2800000000004286 0.6000000000007036 0.1
3469 0.2800000000004654 0.6200000000006185 0.1
3470 0.2800000000005023 0.6400000000005334 0.1
3471 0.2800000000005392 0.6600000000004482 0.1
3472 0.280000000000576 0.6800000000003631 0.1
3473 0.2800000000006129 0.7000000000002778 0.1
3474 0.2800000000006497 0.7200000000001928 0.1
3475 0.2800000000006866 0.7400000000001078 0.1
3476 0.2800000000007233 0.7600000000000225 0.1
3477 0.2800000000007602 0.7799999999999375 0.1
3478 0.2800000000007969 0.7999999999998523 0.1
3479 0.2800000000008338 0.8199999999997672 0.1
3480 0.2800000000008707 0.839999999999682 0.1
3481 0.2800000000009075 0.8599999999995968 0.1
3482 0.2800000000009444 0.8799999999995574 0.1
3483 0.2800000000009812 0.8999999999996264 0.1
3484 0.2800000000010181 0.9199999999997013 0.1
3485 0.280000000001055 0.9399999999997757 0.1
3486 0.2800000000010917 0.9599999999998505 0.1
3487 0.2800000000011286 0.9799999999999254 0.1
3488 0.2999999999993047 0.02000000000004689 0.1
3489 0.2999999999993443 0.040000000000093 0.1
3490 0.2999999999993839 0.06000000000013823 0.1
3491 0.2999999999994237 0.08000000000018646 0.1
3492 0.2999999999994634 0.1000000000002356 0.1
3493 0.299999999999503 0.1200000000002843 0.1
3494 0.2999999999995427 0.1400000000003275 0.1
3495 0.2999999999995823 0.1600000000003682 0.1
3496 0.2999999999996221 0.1800000000004091 0.1
3497 0.2999999999996616 0.2000000000004498 0.1
3498 0.2999999999997013 0.2200000000004905 0.1
3499 0.299999999999741 0.2400000000005313 0.1
3500 0.2999999999997808 0.260000000000572 0.1
3501 0.2999999999998204 0.2800000000006129 0.1
3502 0.29999999999986 0.3000000000006535 0.1
3503 0.2999999999998998 0.3200000000006942 0.1
3504 0.2999999999999393 0.3400000000007351 0.1
3505 0.2999999999999791 0.3600000000007758 0.1
3506 0.3000000000000188 0.3800000000008166 0.1
3507 0.3000000000000584 0.4000000000008573 0.1
3508 0.3000000000000981 0.4200000000008981 0.1
3509 0.3000000000001377 0.4400000000009389 0.1
3510 0.3000000000001775 0.4600000000009796 0.1
3511 0.3000000000002171 0.4800000000010204 0.1
3512 0.3000000000002568 0.5000000000010494 0.1
3513 0.3000000000002965 0.5200000000009798 0.1
3514 0.3000000000003361 0.5400000000008987 0.1
3515 0.3000000000003759 0.5600000000008174 0.1
3516 0.3000000000004155 0.580000000000736 0.1
3517 0.3000000000004551 0.6000000000006548 0.1
3518 0.3000000000004949 0.6200000000005734 0.1
3519 0.3000000000005345 0.6400000000004921 0.1
3520 0.3000000000005741 0.6600000000004109 0.1
3521 0.3000000000006139 0.6800000000003296 0.1
3522 0.3000000000006535 0.7000000000002483 0.1
3523 0.3000000000006932 0.7200000000001668 0.1
3524 0.3000000000007329 0.7400000000000856 0.1
3525 0.3000000000007725 0.7600000000000043 0.1
3526 0.3000000000008122 0.7799999999999232 0.1
3527 0.3000000000008519 0.7999999999998417 0.1
3528 0.3000000000008916 0.8199999999997604 0.1
3529 0.3000000000009312 0.8399999999996791 0.1
3530 0.3000000000009709 0.8599999999995976 0.1
3531 0.3000000000010106 0.8799999999995607 0.1
3532 0.3000000000010502 0.8999999999996291 0.1
3533 0.30000000000109 0.9199999999997034 0.1
3534 0.3000000000011296 0.9399999999997777 0.1
3535 0.3000000000011692 0.9599999999998519 0.1
3536 0.300000000001209 0.9799999999999258 0.1
3537 0.3199999999992492 0.02000000000004448 0.1
3538 0.3199999999992916 0.04000000000008812 0.1
3539 0.3199999999993341 0.0600000000001308 0.1
3540 0.3199999999993765 0.08000000000017672 0.1
3541 0.3199999999994191 0.1000000000002235 0.1
3542 0.3199999999994617 0.12000000000027 0.1
3543 0.3199999999995042 0.1400000000003105 0.1
3544 0.3199999999995467 0.1600000000003484 0.1
3545 0.3199999999995891 0.1800000000003863 0.1
3546 0.3199999999996316 0.2000000000004243 0.1
3547 0.3199999999996741 0.2200000000004622 0.1
3548 0.3199999999997165 0.2400000000005001 0.1
3549 0.3199999999997592 0.260000000000538 0.1
3550 0.3199999999998017 0.280000000000576 0.1
3551 0.3199999999998442 0.3000000000006139 0.1
3552 0.3199999999998867 0.3200000000006519 0.1
3553 0.3199999999999292 0.3400000000006898 0.1
3554 0.3199999999999718 0.3600000000007276 0.1
3555 0.3200000000000142 0.3800000000007657 0.1
3556 0.3200000000000568 0.4000000000008036 0.1
3557 0.3200000000000993 0.4200000000008415 0.1
3558 0.3200000000001418 0.4400000000008794 0.1
3559 0.3200000000001842 0.4600000000009172 0.1
3560 0.3200000000002267 0.4800000000009552 0.1
3561 0.3200000000002692 0.5000000000009819 0.1
3562 0.3200000000003118 0.5200000000009156 0.1
3563 0.3200000000003543 0.5400000000008383 0.1
3564 0.3200000000003968 0.5600000000007608 0.1
3565 0.3200000000004392 0.5800000000006832 0.1
3566 0.3200000000004817 0.600000000000606 0.1
3567 0.3200000000005243 0.6200000000005284 0.1
3568 0.3200000000005668 0.6400000000004508 0.1
3569 0.3200000000006093 0.6600000000003734 0.1
3570 0.3200000000006518 0.680000000000296 0.1
3571 0.3200000000006942 0.7000000000002187 0.1
3572 0.3200000000007369 0.7200000000001411 0.1
3573 0.3200000000007793 0.7400000000000634 0.1
3574 0.3200000000008218 0.7599999999999862 0.1
3575 0.3200000000008643 0.7799999999999088 0.1
3576 0.3200000000009068 0.7999999999998312 0.1
3577 0.3200000000009494 0.8199999999997536 0.1
3578 0.3200000000009918 0.8399999999996763 0.1
3579 0.3200000000010344 0.8599999999995986 0.1
3580 0.3200000000010768 0.8799999999995642 0.1
3581 0.3200000000011194 0.8999999999996324 0.1
3582 0.3200000000011619 0.9199999999997062 0.1
3583 0.3200000000012044 0.9399999999997796 0.1
3584 0.3200000000012469 0.959999999999853 0.1
3585 0.3200000000012894 0.9799999999999265 0.1
3586 0.3399999999991936 0.02000000000004206 0.1
3587 0.339999999999239 0.04000000000008322 0.1
3588 0.3399999999992843 0.06000000000012336 0.1
3589 0.3399999999993297 0.08000000000016695 0.1
3590 0.339999999999375 0.1000000000002115 0.1
3591 0.3399999999994204 0.1200000000002556 0.1
3592 0.3399999999994656 0.1400000000002935 0.1
3593 0.339999999999511 0.1600000000003286 0.1
3594 0.3399999999995563 0.1800000000003637 0.1
3595 0.3399999999996017 0.2000000000003988 0.1
3596 0.339999999999647 0.2200000000004338 0.1
3597 0.3399999999996923 0.240000000000469 0.1
3598 0.3399999999997377 0.2600000000005041 0.1
3599 0.339999999999783 0.2800000000005392 0.1
3600 0.3399999999998283 0.3000000000005741 0.1
3601 0.3399999999998736 0.3200000000006092 0.1
3602 0.339999999999919 0.3400000000006443 0.1
3603 0.3399999999999643 0.3600000000006794 0.1
3604 0.3400000000000096 0.3800000000007147 0.1
3605 0.340000000000055 0.4000000000007496 0.1
3606 0.3400000000001003 0.4200000000007849 0.1
3607 0.3400000000001456 0.4400000000008199 0.1
3608 0.340000000000191 0.4600000000008549 0.1
3609 0.3400000000002364 0.48000000000089 0.1
3610 0.3400000000002817 0.5000000000009146 0.1
3611 0.340000000000327 0.5200000000008514 0.1
3612 0.3400000000003723 0.5400000000007779 0.1
3613 0.3400000000004177 0.5600000000007042 0.1
3614 0.340000000000463 0.5800000000006309 0.1
3615 0.3400000000005084 0.6000000000005571 0.1
3616 0.3400000000005537 0.6200000000004833 0.1
3617 0.340000000000599 0.6400000000004097 0.1
3618 0.3400000000006444 0.6600000000003361 0.1
3619 0.3400000000006897 0.6800000000002625 0.1
3620 0.340000000000735 0.700000000000189 0.1
3621 0.3400000000007804 0.7200000000001154 0.1
3622 0.3400000000008257 0.7400000000000417 0.1
3623 0.340000000000871 0.759999999999968 0.1
3624 0.3400000000009163 0.7799999999998943 0.1
3625 0.3400000000009617 0.7999999999998205 0.1
3626 0.3400000000010071 0.8199999999997469 0.1
3627 0.3400000000010524 0.8399999999996732 0.1
3628 0.3400000000010977 0.8599999999995994 0.1
3629 0.340000000001143 0.8799999999995677 0.1
3630 0.3400000000011883 0.8999999999996354 0.1
3631 0.3400000000012337 0.9199999999997084 0.1
3632 0.3400000000012791 0.9399999999997812 0.1
3633 0.3400000000013244 0.9599999999998542 0.1
3634 0.3400000000013697 0.9799999999999272 0.1
3635 0.3599999999991381 0.02000000000003964 0.1
3636 0.3599999999991862 0.04000000000007832 0.1
3637 0.3599999999992343 0.06000000000011592 0.1
3638 0.3599999999992825 0.08000000000015718 0.1
3639 0.3599999999993307 0.1000000000001995 0.1
3640 0.3599999999993789 0.1200000000002413 0.1
3641 0.3599999999994271 0.1400000000002765 0.1
3642 0.3599999999994751 0.1600000000003087 0.1
3643 0.3599999999995233 0.1800000000003411 0.1
3644 0.3599999999995715 0.2000000000003733 0.1
3645 0.3599999999996198 0.2200000000004055 0.1
3646 0.3599999999996679 0.2400000000004378 0.1
3647 0.3599999999997159 0.26000000000047 0.1
3648 0.3599999999997642 0.2800000000005023 0.1
3649 0.3599999999998124 0.3000000000005345 0.1
3650 0.3599999999998605 0.3200000000005668 0.1
3651 0.3599999999999087 0.340000000000599 0.1
3652 0.3599999999999569 0.3600000000006313 0.1
3653 0.3600000000000051 0.3800000000006637 0.1
3654 0.3600000000000532 0.4000000000006959 0.1
3655 0.3600000000001014 0.4200000000007281 0.1
3656 0.3600000000001496 0.4400000000007603 0.1
3657 0.3600000000001978 0.4600000000007927 0.1
3658 0.360000000000246 0.4800000000008249 0.1
3659 0.360000000000294 0.5000000000008473 0.1
3660 0.3600000000003422 0.5200000000007874 0.1
3661 0.3600000000003904 0.5400000000007175 0.1
3662 0.3600000000004387 0.5600000000006478 0.1
3663 0.3600000000004868 0.5800000000005779 0.1
3664 0.3600000000005349 0.6000000000005082 0.1
3665 0.360000000000583 0.6200000000004384 0.1
3666 0.3600000000006312 0.6400000000003686 0.1
3667 0.3600000000006794 0.6600000000002988 0.1
3668 0.3600000000007276 0.6800000000002291 0.1
3669 0.3600000000007758 0.7000000000001594 0.1
3670 0.3600000000008239 0.7200000000000895 0.1
3671 0.3600000000008721 0.7400000000000195 0.1
3672 0.3600000000009203 0.7599999999999498 0.1
3673 0.3600000000009685 0.7799999999998801 0.1
3674 0.3600000000010167 0.79999999999981 0.1
3675 0.3600000000010649 0.8199999999997403 0.1
3676 0.360000000001113 0.8399999999996706 0.1
3677 0.3600000000011613 0.8599999999996006 0.1
3678 0.3600000000012093 0.8799999999995713 0.1
3679 0.3600000000012575 0.8999999999996386 0.1
3680 0.3600000000013057 0.9199999999997109 0.1
3681 0.3600000000013537 0.9399999999997832 0.1
3682 0.3600000000014019 0.9599999999998552 0.1
3683 0.3600000000014501 0.9799999999999276 0.1
3684 0.3799999999990825 0.02000000000003722 0.1
3685 0.3799999999991335 0.04000000000007344 0.1
3686 0.3799999999991845 0.06000000000010849 0.1
3687 0.3799999999992356 0.0800000000001474 0.1
3688 0.3799999999992865 0.1000000000001874 0.1
3689 0.3799999999993375 0.120000000000227 0.1
3690 0.3799999999993885 0.1400000000002595 0.1
3691 0.3799999999994395 0.1600000000002888 0.1
3692 0.3799999999994905 0.1800000000003183 0.1
3693 0.3799999999995416 0.2000000000003478 0.1
3694 0.3799999999995926 0.2200000000003772 0.1
3695 0.3799999999996437 0.2400000000004066 0.1
3696 0.3799999999996946 0.260000000000436 0.1
3697 0.3799999999997455 0.2800000000004654 0.1
3698 0.3799999999997965 0.3000000000004949 0.1
3699 0.3799999999998476 0.3200000000005244 0.1
3700 0.3799999999998986 0.3400000000005536 0.1
3701 0.3799999999999497 0.3600000000005831 0.1
3702 0.3800000000000006 0.3800000000006126 0.1
3703 0.3800000000000516 0.4000000000006421 0.1
3704 0.3800000000001026 0.4200000000006714 0.1
3705 0.3800000000001537 0.4400000000007009 0.1
3706 0.3800000000002046 0.4600000000007303 0.1
3707 0.3800000000002556 0.4800000000007598 0.1
3708 0.3800000000003067 0.5000000000007798 0.1
3709 0.3800000000003577 0.5200000000007233 0.1
3710 0.3800000000004087 0.5400000000006573 0.1
3711 0.3800000000004597 0.5600000000005914 0.1
3712 0.3800000000005107 0.5800000000005253 0.1
3713 0.3800000000005616 0.6000000000004594 0.1
3714 0.3800000000006127 0.6200000000003933 0.1
3715 0.3800000000006636 0.6400000000003273 0.1
3716 0.3800000000007148 0.6600000000002615 0.1
3717 0.3800000000007657 0.6800000000001956 0.1
3718 0.3800000000008167 0.7000000000001294 0.1
3719 0.3800000000008676 0.7200000000000635 0.1
3720 0.3800000000009186 0.7399999999999975 0.1
3721 0.3800000000009698 0.7599999999999315 0.1
3722 0.3800000000010207 0.7799999999998655 0.1
3723 0.3800000000010716 0.7999999999997995 0.1
3724 0.3800000000011227 0.8199999999997334 0.1
3725 0.3800000000011737 0.8399999999996677 0.1
3726 0.3800000000012246 0.8599999999996015 0.1
3727 0.3800000000012757 0.8799999999995748 0.1
3728 0.3800000000013268 0.8999999999996416 0.1
3729 0.3800000000013776 0.919999999999713 0.1
3730 0.3800000000014287 0.939999999999785 0.1
3731 0.3800000000014798 0.9599999999998567 0.1
3732 0.3800000000015307 0.9799999999999285 0.1
3733 0.399999999999027 0.02000000000003481 0.1
3734 0.3999999999990808 0.04000000000006852 0.1
3735 0.3999999999991347 0.06000000000010106 0.1
3736 0.3999999999991884 0.08000000000013764 0.1
3737 0.3999999999992422 0.1000000000001754 0.1
3738 0.3999999999992961 0.1200000000002126 0.1
3739 0.3999999999993499 0.1400000000002425 0.1
3740 0.3999999999994038 0.160000000000269 0.1
3741 0.3999999999994577 0.1800000000002956 0.1
3742 0.3999999999995115 0.2000000000003223 0.1
3743 0.3999999999995653 0.2200000000003488 0.1
3744 0.3999999999996192 0.2400000000003754 0.1
3745 0.3999999999996729 0.2600000000004019 0.1
3746 0.3999999999997267 0.2800000000004286 0.1
3747 0.3999999999997806 0.3000000000004551 0.1
3748 0.3999999999998345 0.3200000000004818 0.1
3749 0.3999999999998883 0.3400000000005085 0.1
3750 0.3999999999999421 0.3600000000005348 0.1
3751 0.3999999999999961 0.3800000000005617 0.1
3752 0.4000000000000499 0.4000000000005882 0.1
3753 0.4000000000001037 0.4200000000006149 0.1
3754 0.4000000000001575 0.4400000000006413 0.1
3755 0.4000000000002114 0.4600000000006679 0.1
3756 0.4000000000002651 0.4800000000006945 0.1
3757 0.400000000000319 0.5000000000007125 0.1
3758 0.4000000000003728 0.5200000000006589 0.1
3759 0.4000000000004266 0.5400000000005969 0.1
3760 0.4000000000004805 0.5600000000005347 0.1
3761 0.4000000000005343 0.5800000000004728 0.1
3762 0.4000000000005882 0.6000000000004105 0.1
3763 0.400000000000642 0.6200000000003483 0.1
3764 0.4000000000006959 0.6400000000002861 0.1
3765 0.4000000000007497 0.6600000000002242 0.1
3766 0.4000000000008035 0.680000000000162 0.1
3767 0.4000000000008574 0.7000000000000998 0.1
3768 0.4000000000009112 0.7200000000000377 0.1
3769 0.400000000000965 0.7399999999999756 0.1
3770 0.4000000000010189 0.7599999999999133 0.1
3771 0.4000000000010727 0.7799999999998513 0.1
3772 0.4000000000011266 0.7999999999997891 0.1
3773 0.4000000000011804 0.8199999999997269 0.1
3774 0.4000000000012342 0.8399999999996647 0.1
3775 0.4000000000012881 0.8599999999996026 0.1
3776 0.400000000001342 0.8799999999995782 0.1
3777 0.4000000000013957 0.8999999999996449 0.1
3778 0.4000000000014495 0.9199999999997156 0.1
3779 0.4000000000015034 0.9399999999997868 0.1
3780 0.4000000000015572 0.9599999999998579 0.1
3781 0.4000000000016111 0.979999999999929 0.1
3782 0.4199999999989714 0.02000000000003238 0.1
3783 0.419999999999028 0.04000000000006364 0.1
3784 0.4199999999990847 0.06000000000009363 0.1
3785 0.4199999999991413 0.08000000000012789 0.1
3786 0.419999999999198 0.1000000000001633 0.1
3787 0.4199999999992547 0.1200000000001983 0.1
3788 0.4199999999993113 0.1400000000002254 0.1
3789 0.4199999999993681 0.1600000000002492 0.1
3790 0.4199999999994248 0.180000000000273 0.1
3791 0.4199999999994814 0.2000000000002968 0.1
3792 0.4199999999995381 0.2200000000003204 0.1
3793 0.4199999999995947 0.2400000000003443 0.1
3794 0.4199999999996513 0.2600000000003679 0.1
3795 0.4199999999997081 0.2800000000003917 0.1
3796 0.4199999999997646 0.3000000000004155 0.1
3797 0.4199999999998214 0.3200000000004394 0.1
3798 0.4199999999998781 0.340000000000463 0.1
3799 0.4199999999999347 0.3600000000004867 0.1
3800 0.4199999999999914 0.3800000000005106 0.1
3801 0.420000000000048 0.4000000000005344 0.1
3802 0.4200000000001047 0.4200000000005581 0.1
3803 0.4200000000001614 0.4400000000005818 0.1
3804 0.4200000000002181 0.4600000000006056 0.1
3805 0.4200000000002748 0.4800000000006293 0.1
3806 0.4200000000003315 0.5000000000006453 0.1
3807 0.4200000000003881 0.5200000000005948 0.1
3808 0.4200000000004447 0.5400000000005365 0.1
3809 0.4200000000005014 0.5600000000004781 0.1
3810 0.4200000000005581 0.5800000000004198 0.1
3811 0.4200000000006148 0.6000000000003618 0.1
3812 0.4200000000006714 0.6200000000003034 0.1
3813 0.4200000000007281 0.640000000000245 0.1
3814 0.4200000000007847 0.6600000000001867 0.1
3815 0.4200000000008414 0.6800000000001284 0.1
3816 0.4200000000008982 0.7000000000000701 0.1
3817 0.4200000000009547 0.7200000000000119 0.1
3818 0.4200000000010115 0.7399999999999534 0.1
3819 0.4200000000010682 0.7599999999998952 0.1
3820 0.4200000000011248 0.7799999999998369 0.1
3821 0.4200000000011815 0.7999999999997784 0.1
3822 0.4200000000012381 0.8199999999997203 0.1
3823 0.4200000000012948 0.8399999999996616 0.1
3824 0.4200000000013515 0.8599999999996035 0.1
3825 0.4200000000014082 0.8799999999995818 0.1
3826 0.4200000000014648 0.899999999999648 0.1
3827 0.4200000000015214 0.9199999999997182 0.1
3828 0.4200000000015783 0.9399999999997886 0.1
3829 0.4200000000016349 0.9599999999998591 0.1
3830 0.4200000000016915 0.9799999999999294 0.1
3831 0.4399999999989158 0.02000000000002997 0.1
3832 0.4399999999989755 0.04000000000005874 0.1
3833 0.4399999999990348 0.06000000000008619 0.1
3834 0.4399999999990943 0.0800000000001181 0.1
3835 0.439999999999154 0.1000000000001513 0.1
3836 0.4399999999992134 0.120000000000184 0.1
3837 0.4399999999992728 0.1400000000002085 0.1
3838 0.4399999999993323 0.1600000000002293 0.1
3839 0.4399999999993918 0.1800000000002503 0.1
3840 0.4399999999994513 0.2000000000002712 0.1
3841 0.4399999999995109 0.2200000000002921 0.1
3842 0.4399999999995703 0.2400000000003131 0.1
3843 0.4399999999996298 0.260000000000334 0.1
3844 0.4399999999996893 0.280000000000355 0.1
3845 0.4399999999997488 0.3000000000003759 0.1
3846 0.4399999999998083 0.3200000000003967 0.1
3847 0.4399999999998679 0.3400000000004177 0.1
3848 0.4399999999999273 0.3600000000004386 0.1
3849 0.4399999999999868 0.3800000000004597 0.1
3850 0.4400000000000464 0.4000000000004805 0.1
3851 0.4400000000001059 0.4200000000005014 0.1
3852 0.4400000000001654 0.4400000000005224 0.1
3853 0.4400000000002249 0.4600000000005433 0.1
3854 0.4400000000002844 0.4800000000005642 0.1
3855 0.4400000000003439 0.5000000000005778 0.1
3856 0.4400000000004034 0.5200000000005306 0.1
3857 0.4400000000004629 0.5400000000004763 0.1
3858 0.4400000000005224 0.5600000000004217 0.1
3859 0.4400000000005818 0.5800000000003674 0.1
3860 0.4400000000006413 0.6000000000003128 0.1
3861 0.4400000000007009 0.6200000000002583 0.1
3862 0.4400000000007603 0.6400000000002039 0.1
3863 0.44000000000082 0.6600000000001494 0.1
3864 0.4400000000008794 0.6800000000000949 0.1
3865 0.4400000000009389 0.7000000000000403 0.1
3866 0.4400000000009984 0.7199999999999859 0.1
3867 0.4400000000010579 0.7399999999999315 0.1
3868 0.4400000000011174 0.7599999999998769 0.1
3869 0.4400000000011769 0.7799999999998223 0.1
3870 0.4400000000012364 0.7999999999997677 0.1
3871 0.4400000000012959 0.8199999999997135 0.1
3872 0.4400000000013554 0.8399999999996589 0.1
3873 0.4400000000014148 0.8599999999996043 0.1
3874 0.4400000000014743 0.8799999999995853 0.1
3875 0.4400000000015338 0.8999999999996507 0.1
3876 0.4400000000015933 0.9199999999997206 0.1
3877 0.4400000000016528 0.9399999999997903 0.1
3878 0.4400000000017124 0.9599999999998603 0.1
3879 0.4400000000017719 0.9799999999999303 0.1
3880 0.4599999999988602 0.02000000000002755 0.1
3881 0.4599999999989226 0.04000000000005384 0.1
3882 0.4599999999989849 0.06000000000007877 0.1
3883 0.4599999999990472 0.08000000000010836 0.1
3884 0.4599999999991096 0.1000000000001392 0.1
3885 0.459999999999172 0.1200000000001696 0.1
3886 0.4599999999992342 0.1400000000001914 0.1
3887 0.4599999999992965 0.1600000000002094 0.1
3888 0.459999999999359 0.1800000000002276 0.1
3889 0.4599999999994212 0.2000000000002457 0.1
3890 0.4599999999994835 0.2200000000002638 0.1
3891 0.4599999999995458 0.2400000000002819 0.1
3892 0.4599999999996083 0.2600000000003 0.1
3893 0.4599999999996707 0.2800000000003181 0.1
3894 0.459999999999733 0.3000000000003361 0.1
3895 0.4599999999997954 0.3200000000003543 0.1
3896 0.4599999999998576 0.3400000000003723 0.1
3897 0.4599999999999199 0.3600000000003905 0.1
3898 0.4599999999999823 0.3800000000004086 0.1
3899 0.4600000000000447 0.4000000000004267 0.1
3900 0.4600000000001069 0.4200000000004447 0.1
3901 0.4600000000001693 0.4400000000004629 0.1
3902 0.4600000000002316 0.4600000000004809 0.1
3903 0.460000000000294 0.480000000000499 0.1
3904 0.4600000000003563 0.5000000000005105 0.1
3905 0.4600000000004186 0.5200000000004666 0.1
3906 0.460000000000481 0.5400000000004159 0.1
3907 0.4600000000005433 0.5600000000003653 0.1
3908 0.4600000000006057 0.5800000000003146 0.1
3909 0.460000000000668 0.600000000000264 0.1
3910 0.4600000000007303 0.6200000000002133 0.1
3911 0.4600000000007927 0.6400000000001625 0.1
3912 0.4600000000008551 0.6600000000001121 0.1
3913 0.4600000000009172 0.6800000000000613 0.1
3914 0.4600000000009796 0.7000000000000105 0.1
3915 0.460000000001042 0.7199999999999599 0.1
3916 0.4600000000011044 0.7399999999999093 0.1
3917 0.4600000000011666 0.7599999999998587 0.1
3918 0.460000000001229 0.7799999999998081 0.1
3919 0.4600000000012914 0.7999999999997575 0.1
3920 0.4600000000013537 0.8199999999997066 0.1
3921 0.4600000000014159 0.8399999999996558 0.1
3922 0.4600000000014783 0.8599999999996052 0.1
3923 0.4600000000015406 0.8799999999995889 0.1
3924 0.4600000000016029 0.8999999999996536 0.1
3925 0.4600000000016653 0.9199999999997229 0.1
3926 0.4600000000017277 0.9399999999997921 0.1
3927 0.46000000000179 0.9599999999998614 0.1
3928 0.4600000000018523 0.9799999999999307 0.1
3929 0.4799999999988047 0.02000000000002513 0.1
3930 0.4799999999988699 0.04000000000004894 0.1
3931 0.4799999999989351 0.06000000000007133 0.1
3932 0.4799999999990003 0.08000000000009862 0.1
3933 0.4799999999990654 0.1000000000001272 0.1
3934 0.4799999999991306 0.1200000000001553 0.1
3935 0.4799999999991958 0.1400000000001744 0.1
3936 0.4799999999992609 0.1600000000001896 0.1
3937 0.4799999999993261 0.1800000000002049 0.1
3938 0.4799999999993911 0.2000000000002202 0.1
3939 0.4799999999994564 0.2200000000002355 0.1
3940 0.4799999999995216 0.2400000000002507 0.1
3941 0.4799999999995868 0.260000000000266 0.1
3942 0.4799999999996519 0.2800000000002812 0.1
3943 0.4799999999997171 0.3000000000002965 0.1
3944 0.4799999999997822 0.3200000000003118 0.1
3945 0.4799999999998474 0.340000000000327 0.1
3946 0.4799999999999125 0.3600000000003423 0.1
3947 0.4799999999999778 0.3800000000003576 0.1
3948 0.4800000000000428 0.4000000000003728 0.1
3949 0.4800000000001081 0.4200000000003881 0.1
3950 0.4800000000001733 0.4400000000004034 0.1
3951 0.4800000000002383 0.4600000000004186 0.1
3952 0.4800000000003035 0.4800000000004339 0.1
3953 0.4800000000003688 0.5000000000004432 0.1
3954 0.4800000000004339 0.5200000000004023 0.1
3955 0.4800000000004991 0.5400000000003555 0.1
3956 0.4800000000005642 0.5600000000003087 0.1
3957 0.4800000000006294 0.5800000000002618 0.1
3958 0.4800000000006945 0.6000000000002151 0.1
3959 0.4800000000007597 0.6200000000001682 0.1
3960 0.4800000000008249 0.6400000000001212 0.1
3961 0.4800000000008899 0.6600000000000745 0.1
3962 0.4800000000009552 0.6800000000000278 0.1
3963 0.4800000000010203 0.699999999999981 0.1
3964 0.4800000000010856 0.7199999999999341 0.1
3965 0.4800000000011506 0.7399999999998873 0.1
3966 0.4800000000012159 0.7599999999998405 0.1
3967 0.480000000001281 0.7799999999997936 0.1
3968 0.4800000000013461 0.7999999999997468 0.1
3969 0.4800000000014113 0.8199999999996997 0.1
3970 0.4800000000014766 0.8399999999996531 0.1
3971 0.4800000000015417 0.8599999999996061 0.1
3972 0.4800000000016069 0.8799999999995924 0.1
3973 0.480000000001672 0.8999999999996567 0.1
3974 0.4800000000017373 0.9199999999997256 0.1
3975 0.4800000000018023 0.9399999999997941 0.1
3976 0.4800000000018675 0.9599999999998627 0.1
3977 0.4800000000019327 0.9799999999999314 0.1
3978 0.4999999999987593 0.02000000000002272 0.1
3979 0.4999999999988267 0.04000000000004404 0.1
3980 0.4999999999988942 0.06000000000006389 0.1
3981 0.4999999999989615 0.08000000000008885 0.1
3982 0.4999999999990288 0.1000000000001152 0.1
3983 0.4999999999990961 0.1200000000001409 0.1
3984 0.4999999999991636 0.1400000000001574 0.1
3985 0.4999999999992308 0.1600000000001698 0.1
3986 0.4999999999992982 0.1800000000001823 0.1
3987 0.4999999999993655 0.2000000000001947 0.1
3988 0.4999999999994329 0.2200000000002071 0.1
3989 0.4999999999995003 0.2400000000002195 0.1
3990 0.4999999999995676 0.2600000000002319 0.1
3991 0.499999999999635 0.2800000000002444 0.1
3992 0.4999999999997022 0.3000000000002568 0.1
3993 0.4999999999997697 0.3200000000002692 0.1
3994 0.499999999999837 0.3400000000002817 0.1
3995 0.4999999999999043 0.3600000000002941 0.1
3996 0.4999999999999718 0.3800000000003067 0.1
3997 0.5000000000000391 0.400000000000319 0.1
3998 0.5000000000001064 0.4200000000003315 0.1
3999 0.5000000000001736 0.4400000000003439 0.1
4000 0.5000000000002411 0.4600000000003563 0.1
4001 0.5000000000003084 0.4800000000003687 0.1
4002 0.5000000000003757 0.5000000000003757 0.1
4003 0.5000000000004432 0.5200000000003383 0.1
4004 0.5000000000005105 0.5400000000002951 0.1
4005 0.5000000000005778 0.5600000000002521 0.1
4006 0.5000000000006453 0.5800000000002093 0.1
4007 0.5000000000007125 0.6000000000001663 0.1
4008 0.5000000000007798 0.6200000000001231 0.1
4009 0.5000000000008471 0.6400000000000804 0.1
4010 0.5000000000009146 0.6600000000000372 0.1
4011 0.5000000000009819 0.6799999999999943 0.1
4012 0.5000000000010492 0.6999999999999514 0.1
4013 0.5000000000011167 0.7199999999999084 0.1
4014 0.5000000000011839 0.7399999999998653 0.1
4015 0.5000000000012512 0.7599999999998223 0.1
4016 0.5000000000013187 0.7799999999997792 0.1
4017 0.500000000001386 0.7999999999997361 0.1
4018 0.5000000000014533 0.8199999999996931 0.1
4019 0.5000000000015208 0.83999999999965 0.1
4020 0.5000000000015881 0.859999999999607 0.1
4021 0.5000000000016553 0.8799999999995958 0.1
4022 0.5000000000017226 0.8999999999996598 0.1
4023 0.5000000000017901 0.9199999999997278 0.1
4024 0.5000000000018574 0.9399999999997959 0.1
4025 0.5000000000019247 0.9599999999998641 0.1
4026 0.5000000000019922 0.979999999999932 0.1
4027 0.519999999998798 0.02000000000002029 0.1
4028 0.5199999999988622 0.04000000000003916 0.1
4029 0.5199999999989265 0.06000000000005645 0.1
4030 0.5199999999989907 0.08000000000007908 0.1
4031 0.5199999999990547 0.1000000000001031 0.1
4032 0.5199999999991188 0.1200000000001266 0.1
4033 0.5199999999991832 0.1400000000001404 0.1
4034 0.5199999999992474 0.1600000000001499 0.1
4035 0.5199999999993113 0.1800000000001596 0.1
4036 0.5199999999993755 0.2000000000001692 0.1
4037 0.5199999999994397 0.2200000000001788 0.1
4038 0.5199999999995041 0.2400000000001884 0.1
4039 0.519999999999568 0.2600000000001979 0.1
4040 0.5199999999996322 0.2800000000002076 0.1
4041 0.5199999999996964 0.3000000000002171 0.1
4042 0.5199999999997605 0.3200000000002268 0.1
4043 0.5199999999998247 0.3400000000002364 0.1
4044 0.519999999999889 0.360000000000246 0.1
4045 0.5199999999999533 0.3800000000002556 0.1
4046 0.5200000000000172 0.4000000000002651 0.1
4047 0.5200000000000814 0.4200000000002748 0.1
4048 0.5200000000001456 0.4400000000002844 0.1
4049 0.52000000000021 0.460000000000294 0.1
4050 0.5200000000002739 0.4800000000003035 0.1
4051 0.5200000000003381 0.5000000000003084 0.1
4052 0.5200000000004023 0.5200000000002739 0.1
4053 0.5200000000004664 0.5400000000002347 0.1
4054 0.5200000000005306 0.5600000000001957 0.1
4055 0.5200000000005948 0.5800000000001565 0.1
4056 0.5200000000006589 0.6000000000001174 0.1
4057 0.5200000000007231 0.6200000000000783 0.1
4058 0.5200000000007873 0.6400000000000391 0.1
4059 0.5200000000008514 0.6599999999999999 0.1
4060 0.5200000000009156 0.6799999999999607 0.1
4061 0.5200000000009798 0.6999999999999217 0.1
4062 0.520000000001044 0.7199999999998824 0.1
4063 0.5200000000011081 0.7399999999998431 0.1
4064 0.5200000000011723 0.7599999999998041 0.1
4065 0.5200000000012365 0.779999999999765 0.1
4066 0.5200000000013006 0.7999999999997255 0.1
4067 0.5200000000013648 0.8199999999996864 0.1
4068 0.520000000001429 0.8399999999996474 0.1
4069 0.5200000000014932 0.8599999999996081 0.1
4070 0.5200000000015573 0.8799999999995993 0.1
4071 0.5200000000016215 0.899999999999663 0.1
4072 0.5200000000016857 0.9199999999997305 0.1
4073 0.5200000000017498 0.9399999999997979 0.1
4074 0.520000000001814 0.9599999999998652 0.1
4075 0.5200000000018782 0.9799999999999327 0.1
4076 0.539999999998847 0.02000000000001788 0.1
4077 0.5399999999989074 0.04000000000003426 0.1
4078 0.5399999999989678 0.06000000000004903 0.1
4079 0.5399999999990279 0.08000000000006931 0.1
4080 0.5399999999990883 0.1000000000000911 0.1
4081 0.5399999999991487 0.1200000000001123 0.1
4082 0.5399999999992091 0.1400000000001234 0.1
4083 0.5399999999992695 0.1600000000001301 0.1
4084 0.5399999999993297 0.1800000000001369 0.1
4085 0.5399999999993901 0.2000000000001436 0.1
4086 0.5399999999994505 0.2200000000001504 0.1
4087 0.5399999999995109 0.2400000000001572 0.1
4088 0.539999999999571 0.2600000000001639 0.1
4089 0.5399999999996314 0.2800000000001708 0.1
4090 0.5399999999996918 0.3000000000001775 0.1
4091 0.539999999999752 0.3200000000001842 0.1
4092 0.5399999999998124 0.340000000000191 0.1
4093 0.5399999999998728 0.3600000000001978 0.1
4094 0.5399999999999332 0.3800000000002046 0.1
4095 0.5399999999999936 0.4000000000002114 0.1
4096 0.5400000000000538 0.420000000000218 0.1
4097 0.5400000000001142 0.4400000000002249 0.1
4098 0.5400000000001746 0.4600000000002316 0.1
4099 0.5400000000002347 0.4800000000002383 0.1
4100 0.5400000000002951 0.5000000000002411 0.1
4101 0.5400000000003555 0.52000000000021 0.1
4102 0.5400000000004159 0.5400000000001746 0.1
4103 0.5400000000004763 0.5600000000001393 0.1
4104 0.5400000000005367 0.5800000000001039 0.1
4105 0.5400000000005969 0.6000000000000686 0.1
4106 0.5400000000006573 0.6200000000000332 0.1
4107 0.5400000000007175 0.6399999999999978 0.1
4108 0.5400000000007779 0.6599999999999626 0.1
4109 0.5400000000008383 0.6799999999999272 0.1
4110 0.5400000000008987 0.6999999999998919 0.1
4111 0.5400000000009588 0.7199999999998564 0.1
4112 0.5400000000010192 0.7399999999998214 0.1
4113 0.5400000000010796 0.7599999999997858 0.1
4114 0.5400000000011398 0.7799999999997503 0.1
4115 0.5400000000012004 0.7999999999997153 0.1
4116 0.5400000000012606 0.8199999999996798 0.1
4117 0.540000000001321 0.8399999999996443 0.1
4118 0.5400000000013814 0.8599999999996092 0.1
4119 0.5400000000014418 0.8799999999996029 0.1
4120 0.5400000000015019 0.8999999999996661 0.1
4121 0.5400000000015623 0.9199999999997327 0.1
4122 0.5400000000016225 0.9399999999997997 0.1
4123 0.5400000000016829 0.9599999999998663 0.1
4124 0.5400000000017433 0.9799999999999331 0.1
4125 0.559999999998896 0.02000000000001546 0.1
4126 0.5599999999989522 0.04000000000002936 0.1
4127 0.5599999999990091 0.06000000000004159 0.1
4128 0.5599999999990655 0.08000000000005954 0.1
4129 0.5599999999991219 0.100000000000079 0.1
4130 0.5599999999991785 0.1200000000000979 0.1
4131 0.5599999999992351 0.1400000000001064 0.1
4132 0.5599999999992915 0.1600000000001102 0.1
4133 0.5599999999993479 0.1800000000001142 0.1
4134 0.5599999999994043 0.2000000000001181 0.1
4135 0.5599999999994609 0.220000000000122 0.1
4136 0.5599999999995176 0.2400000000001261 0.1
4137 0.5599999999995739 0.2600000000001299 0.1
4138 0.5599999999996306 0.2800000000001339 0.1
4139 0.5599999999996872 0.3000000000001378 0.1
4140 0.5599999999997436 0.3200000000001418 0.1
4141 0.5599999999998 0.3400000000001456 0.1
4142 0.5599999999998566 0.3600000000001496 0.1
4143 0.5599999999999132 0.3800000000001536 0.1
4144 0.5599999999999696 0.4000000000001574 0.1
4145 0.560000000000026 0.4200000000001614 0.1
4146 0.5600000000000827 0.4400000000001654 0.1
4147 0.5600000000001391 0.4600000000001693 0.1
4148 0.5600000000001957 0.4800000000001732 0.1
4149 0.5600000000002523 0.5000000000001736 0.1
4150 0.5600000000003087 0.5200000000001456 0.1
4151 0.5600000000003653 0.5400000000001142 0.1
4152 0.5600000000004217 0.5600000000000827 0.1
4153 0.5600000000004781 0.5800000000000513 0.1
4154 0.5600000000005347 0.6000000000000197 0.1
4155 0.5600000000005914 0.6199999999999881 0.1
4156 0.5600000000006478 0.6399999999999565 0.1
4157 0.5600000000007044 0.6599999999999253 0.1
4158 0.5600000000007608 0.6799999999998937 0.1
4159 0.5600000000008172 0.6999999999998622 0.1
4160 0.5600000000008738 0.7199999999998307 0.1
4161 0.5600000000009304 0.7399999999997992 0.1
4162 0.5600000000009868 0.7599999999997676 0.1
4163 0.5600000000010434 0.7799999999997361 0.1
4164 0.5600000000010998 0.7999999999997046 0.1
4165 0.5600000000011562 0.8199999999996731 0.1
4166 0.5600000000012129 0.8399999999996416 0.1
4167 0.5600000000012695 0.8599999999996101 0.1
4168 0.5600000000013259 0.8799999999996064 0.1
4169 0.5600000000013823 0.8999999999996693 0.1
4170 0.5600000000014389 0.9199999999997354 0.1
4171 0.5600000000014955 0.9399999999998014 0.1
4172 0.5600000000015519 0.9599999999998676 0.1
4173 0.5600000000016083 0.9799999999999338 0.1
4174 0.579999999998945 0.02000000000001305 0.1
4175 0.5799999999989979 0.04000000000002446 0.1
4176 0.5799999999990505 0.06000000000003415 0.1
4177 0.5799999999991029 0.08000000000004977 0.1
4178 0.5799999999991557 0.100000000000067 0.1
4179 0.5799999999992084 0.1200000000000836 0.1
4180 0.5799999999992612 0.1400000000000893 0.1
4181 0.5799999999993136 0.1600000000000904 0.1
4182 0.5799999999993662 0.1800000000000916 0.1
4183 0.5799999999994191 0.2000000000000927 0.1
4184 0.5799999999994719 0.2200000000000937 0.1
4185 0.5799999999995243 0.2400000000000949 0.1
4186 0.5799999999995772 0.2600000000000959 0.1
4187 0.5799999999996298 0.2800000000000971 0.1
4188 0.5799999999996824 0.3000000000000981 0.1
4189 0.5799999999997351 0.3200000000000991 0.1
4190 0.5799999999997878 0.3400000000001003 0.1
4191 0.5799999999998405 0.3600000000001014 0.1
4192 0.5799999999998932 0.3800000000001026 0.1
4193 0.5799999999999459 0.4000000000001037 0.1
4194 0.5799999999999984 0.4200000000001048 0.1
4195 0.5800000000000513 0.4400000000001059 0.1
4196 0.5800000000001039 0.460000000000107 0.1
4197 0.5800000000001565 0.480000000000108 0.1
4198 0.5800000000002093 0.5000000000001064 0.1
4199 0.580000000000262 0.5200000000000816 0.1
4200 0.5800000000003146 0.5400000000000538 0.1
4201 0.5800000000003672 0.560000000000026 0.1
4202 0.5800000000004198 0.5799999999999984 0.1
4203 0.5800000000004727 0.5999999999999709 0.1
4204 0.5800000000005253 0.6199999999999433 0.1
4205 0.5800000000005779 0.6399999999999156 0.1
4206 0.5800000000006308 0.6599999999998878 0.1
4207 0.5800000000006834 0.6799999999998602 0.1
4208 0.580000000000736 0.6999999999998324 0.1
4209 0.5800000000007887 0.7199999999998049 0.1
4210 0.5800000000008413 0.7399999999997769 0.1
4211 0.5800000000008941 0.7599999999997494 0.1
4212 0.5800000000009468 0.7799999999997217 0.1
4213 0.5800000000009994 0.799999999999694 0.1
4214 0.5800000000010522 0.8199999999996664 0.1
4215 0.5800000000011049 0.8399999999996385 0.1
4216 0.5800000000011575 0.859999999999611 0.1
4217 0.5800000000012101 0.8799999999996098 0.1
4218 0.5800000000012627 0.8999999999996723 0.1
4219 0.5800000000013156 0.9199999999997376 0.1
4220 0.5800000000013682 0.9399999999998032 0.1
4221 0.5800000000014208 0.9599999999998687 0.1
4222 0.5800000000014737 0.9799999999999345 0.1
4223 0.5999999999989937 0.02000000000001062 0.1
4224 0.5999999999990425 0.04000000000001956 0.1
4225 0.5999999999990914 0.06000000000002673 0.1
4226 0.5999999999991404 0.08000000000004 0.1
4227 0.5999999999991893 0.1000000000000549 0.1
4228 0.5999999999992381 0.1200000000000692 0.1
4229 0.599999999999287 0.1400000000000723 0.1
4230 0.5999999999993356 0.1600000000000706 0.1
4231 0.5999999999993845 0.1800000000000688 0.1
4232 0.5999999999994335 0.2000000000000672 0.1
4233 0.5999999999994824 0.2200000000000654 0.1
4234 0.5999999999995312 0.2400000000000637 0.1
4235 0.5999999999995799 0.2600000000000618 0.1
4236 0.5999999999996289 0.2800000000000602 0.1
4237 0.5999999999996778 0.3000000000000584 0.1
4238 0.5999999999997268 0.3200000000000567 0.1
4239 0.5999999999997753 0.340000000000055 0.1
4240 0.5999999999998243 0.3600000000000532 0.1
4241 0.5999999999998732 0.3800000000000516 0.1
4242 0.5999999999999218 0.4000000000000497 0.1
4243 0.599999999999971 0.4200000000000482 0.1
4244 0.6000000000000197 0.4400000000000464 0.1
4245 0.6000000000000686 0.4600000000000446 0.1
4246 0.6000000000001172 0.4800000000000428 0.1
4247 0.6000000000001663 0.5000000000000391 0.1
4248 0.6000000000002151 0.5200000000000172 0.1
4249 0.600000000000264 0.5399999999999936 0.1
4250 0.6000000000003128 0.5599999999999696 0.1
4251 0.6000000000003617 0.579999999999946 0.1
4252 0.6000000000004105 0.599999999999922 0.1
4253 0.6000000000004594 0.619999999999898 0.1
4254 0.600000000000508 0.6399999999998743 0.1
4255 0.6000000000005571 0.6599999999998505 0.1
4256 0.6000000000006059 0.6799999999998266 0.1
4257 0.6000000000006548 0.6999999999998027 0.1
4258 0.6000000000007036 0.7199999999997787 0.1
4259 0.6000000000007525 0.7399999999997552 0.1
4260 0.6000000000008011 0.7599999999997312 0.1
4261 0.60000000000085 0.7799999999997073 0.1
4262 0.600000000000899 0.7999999999996833 0.1
4263 0.6000000000009479 0.8199999999996598 0.1
4264 0.6000000000009967 0.8399999999996357 0.1
4265 0.6000000000010456 0.8599999999996119 0.1
4266 0.6000000000010944 0.8799999999996133 0.1
4267 0.6000000000011433 0.8999999999996753 0.1
4268 0.6000000000011921 0.9199999999997399 0.1
4269 0.600000000001241 0.939999999999805 0.1
4270 0.6000000000012898 0.9599999999998701 0.1
4271 0.6000000000013387 0.9799999999999351 0.1
4272 0.6199999999990428 0.0200000000000082 0.1
4273 0.6199999999990875 0.04000000000001468 0.1
4274 0.6199999999991327 0.06000000000001929 0.1
4275 0.6199999999991779 0.08000000000003026 0.1
4276 0.6199999999992227 0.1000000000000429 0.1
4277 0.6199999999992676 0.1200000000000549 0.1
4278 0.6199999999993129 0.1400000000000553 0.1
4279 0.6199999999993577 0.1600000000000507 0.1
4280 0.619999999999403 0.1800000000000462 0.1
4281 0.6199999999994479 0.2000000000000416 0.1
4282 0.619999999999493 0.2200000000000371 0.1
4283 0.619999999999538 0.2400000000000325 0.1
4284 0.6199999999995829 0.2600000000000279 0.1
4285 0.619999999999628 0.2800000000000233 0.1
4286 0.619999999999673 0.3000000000000188 0.1
4287 0.6199999999997179 0.3200000000000142 0.1
4288 0.619999999999763 0.3400000000000097 0.1
4289 0.619999999999808 0.360000000000005 0.1
4290 0.6199999999998533 0.3800000000000005 0.1
4291 0.6199999999998982 0.399999999999996 0.1
4292 0.619999999999943 0.4199999999999914 0.1
4293 0.6199999999999881 0.4399999999999868 0.1
4294 0.6200000000000332 0.4599999999999823 0.1
4295 0.6200000000000783 0.4799999999999778 0.1
4296 0.6200000000001231 0.4999999999999716 0.1
4297 0.6200000000001684 0.5199999999999533 0.1
4298 0.6200000000002133 0.5399999999999332 0.1
4299 0.6200000000002583 0.5599999999999132 0.1
4300 0.6200000000003034 0.5799999999998932 0.1
4301 0.6200000000003483 0.5999999999998732 0.1
4302 0.6200000000003933 0.6199999999998531 0.1
4303 0.6200000000004384 0.639999999999833 0.1
4304 0.6200000000004833 0.6599999999998132 0.1
4305 0.6200000000005284 0.6799999999997931 0.1
4306 0.6200000000005734 0.6999999999997729 0.1
4307 0.6200000000006185 0.7199999999997529 0.1
4308 0.6200000000006636 0.739999999999733 0.1
4309 0.6200000000007084 0.759999999999713 0.1
4310 0.6200000000007535 0.779999999999693 0.1
4311 0.6200000000007986 0.7999999999996731 0.1
4312 0.6200000000008434 0.8199999999996531 0.1
4313 0.6200000000008887 0.8399999999996328 0.1
4314 0.6200000000009336 0.8599999999996129 0.1
4315 0.6200000000009787 0.8799999999996169 0.1
4316 0.6200000000010237 0.8999999999996781 0.1
4317 0.6200000000010686 0.9199999999997425 0.1
4318 0.6200000000011139 0.939999999999807 0.1
4319 0.6200000000011587 0.9599999999998714 0.1
4320 0.6200000000012036 0.9799999999999356 0.1
4321 0.6399999999990917 0.02000000000000579 0.1
4322 0.6399999999991328 0.04000000000000978 0.1
4323 0.639999999999174 0.06000000000001185 0.1
4324 0.6399999999992153 0.08000000000002051 0.1
4325 0.6399999999992566 0.1000000000000308 0.1
4326 0.6399999999992975 0.1200000000000406 0.1
4327 0.6399999999993388 0.1400000000000383 0.1
4328 0.6399999999993801 0.1600000000000309 0.1
4329 0.6399999999994209 0.1800000000000235 0.1
4330 0.6399999999994624 0.2000000000000161 0.1
4331 0.6399999999995037 0.2200000000000087 0.1
4332 0.6399999999995448 0.2400000000000013 0.1
4333 0.6399999999995859 0.2599999999999939 0.1
4334 0.639999999999627 0.2799999999999865 0.1
4335 0.6399999999996683 0.2999999999999791 0.1
4336 0.6399999999997096 0.3199999999999717 0.1
4337 0.6399999999997507 0.3399999999999644 0.1
4338 0.6399999999997917 0.3599999999999569 0.1
4339 0.6399999999998333 0.3799999999999497 0.1
4340 0.6399999999998744 0.3999999999999422 0.1
4341 0.6399999999999155 0.4199999999999348 0.1
4342 0.6399999999999565 0.4399999999999273 0.1
4343 0.6399999999999978 0.4599999999999199 0.1
4344 0.6400000000000391 0.4799999999999125 0.1
4345 0.6400000000000804 0.4999999999999043 0.1
4346 0.6400000000001215 0.5199999999998889 0.1
4347 0.6400000000001625 0.5399999999998728 0.1
4348 0.6400000000002039 0.5599999999998566 0.1
4349 0.6400000000002452 0.5799999999998405 0.1
4350 0.6400000000002862 0.5999999999998243 0.1
4351 0.6400000000003273 0.619999999999808 0.1
4352 0.6400000000003686 0.6399999999997917 0.1
4353 0.6400000000004099 0.6599999999997757 0.1
4354 0.640000000000451 0.6799999999997596 0.1
4355 0.6400000000004921 0.6999999999997432 0.1
4356 0.6400000000005334 0.7199999999997272 0.1
4357 0.6400000000005747 0.739999999999711 0.1
4358 0.6400000000006157 0.7599999999996948 0.1
4359 0.6400000000006568 0.7799999999996786 0.1
4360 0.6400000000006981 0.7999999999996624 0.1
4361 0.6400000000007394 0.819999999999646 0.1
4362 0.6400000000007805 0.83999999999963 0.1
4363 0.6400000000008216 0.8599999999996136 0.1
4364 0.6400000000008629 0.8799999999996204 0.1
4365 0.6400000000009042 0.8999999999996813 0.1
4366 0.6400000000009453 0.9199999999997452 0.1
4367 0.6400000000009863 0.9399999999998088 0.1
4368 0.6400000000010276 0.9599999999998725 0.1
4369 0.6400000000010689 0.9799999999999363 0.1
4370 0.6599999999991406 0.02000000000000337 0.1
4371 0.6599999999991779 0.04000000000000488 0.1
4372 0.6599999999992151 0.06000000000000442 0.1
4373 0.6599999999992525 0.08000000000001074 0.1
4374 0.65999999999929 0.1000000000000188 0.1
4375 0.6599999999993273 0.1200000000000263 0.1
4376 0.6599999999993647 0.1400000000000213 0.1
4377 0.659999999999402 0.1600000000000111 0.1
4378 0.6599999999994395 0.1800000000000008 0.1
4379 0.6599999999994768 0.1999999999999905 0.1
4380 0.6599999999995141 0.2199999999999804 0.1
4381 0.6599999999995516 0.2399999999999701 0.1
4382 0.6599999999995889 0.2599999999999598 0.1
4383 0.6599999999996262 0.2799999999999496 0.1
4384 0.6599999999996637 0.2999999999999393 0.1
4385 0.6599999999997008 0.3199999999999293 0.1
4386 0.6599999999997384 0.339999999999919 0.1
4387 0.6599999999997757 0.3599999999999087 0.1
4388 0.6599999999998132 0.3799999999998986 0.1
4389 0.6599999999998503 0.3999999999998883 0.1
4390 0.6599999999998876 0.419999999999878 0.1
4391 0.6599999999999253 0.4399999999998678 0.1
4392 0.6599999999999626 0.4599999999998576 0.1
4393 0.6599999999999999 0.4799999999998474 0.1
4394 0.6600000000000372 0.499999999999837 0.1
4395 0.6600000000000745 0.5199999999998249 0.1
4396 0.6600000000001121 0.5399999999998124 0.1
4397 0.6600000000001494 0.5599999999998 0.1
4398 0.6600000000001867 0.5799999999997879 0.1
4399 0.6600000000002242 0.5999999999997755 0.1
4400 0.6600000000002615 0.619999999999763 0.1
4401 0.6600000000002988 0.6399999999997509 0.1
4402 0.6600000000003361 0.6599999999997384 0.1
4403 0.6600000000003736 0.6799999999997258 0.1
4404 0.6600000000004109 0.6999999999997136 0.1
4405 0.6600000000004482 0.7199999999997014 0.1
4406 0.6600000000004855 0.739999999999689 0.1
4407 0.6600000000005231 0.7599999999996766 0.1
4408 0.6600000000005604 0.7799999999996642 0.1
4409 0.6600000000005977 0.7999999999996518 0.1
4410 0.660000000000635 0.8199999999996394 0.1
4411 0.6600000000006725 0.8399999999996269 0.1
4412 0.6600000000007098 0.8599999999996146 0.1
4413 0.6600000000007473 0.879999999999624 0.1
4414 0.6600000000007846 0.8999999999996843 0.1
4415 0.6600000000008219 0.9199999999997472 0.1
4416 0.6600000000008592 0.9399999999998108 0.1
4417 0.6600000000008965 0.9599999999998738 0.1
4418 0.6600000000009341 0.9799999999999369 0.1
4419 0.6799999999991894 0.02000000000000094 0.1
4420 0.6799999999992229 0.03999999999999998 0.1
4421 0.6799999999992566 0.05999999999999699 0.1
4422 0.6799999999992901 0.08000000000000097 0.1
4423 0.6799999999993235 0.1000000000000068 0.1
4424 0.6799999999993572 0.1200000000000119 0.1
4425 0.6799999999993905 0.1400000000000042 0.1
4426 0.6799999999994243 0.1599999999999912 0.1
4427 0.6799999999994577 0.1799999999999781 0.1
4428 0.6799999999994915 0.1999999999999651 0.1
4429 0.6799999999995249 0.219999999999952 0.1
4430 0.6799999999995583 0.2399999999999389 0.1
4431 0.6799999999995919 0.2599999999999258 0.1
4432 0.6799999999996255 0.2799999999999129 0.1
4433 0.679999999999659 0.2999999999998998 0.1
4434 0.6799999999996925 0.3199999999998867 0.1
4435 0.679999999999726 0.3399999999998736 0.1
4436 0.6799999999997597 0.3599999999998605 0.1
4437 0.679999999999793 0.3799999999998475 0.1
4438 0.6799999999998267 0.3999999999998345 0.1
4439 0.6799999999998602 0.4199999999998215 0.1
4440 0.6799999999998937 0.4399999999998083 0.1
4441 0.6799999999999272 0.4599999999997952 0.1
4442 0.6799999999999607 0.4799999999997822 0.1
4443 0.6799999999999945 0.4999999999997697 0.1
4444 0.6800000000000278 0.5199999999997605 0.1
4445 0.6800000000000613 0.539999999999752 0.1
4446 0.6800000000000949 0.5599999999997436 0.1
4447 0.6800000000001284 0.5799999999997351 0.1
4448 0.6800000000001619 0.5999999999997266 0.1
4449 0.6800000000001954 0.6199999999997181 0.1
4450 0.680000000000229 0.6399999999997096 0.1
4451 0.6800000000002625 0.659999999999701 0.1
4452 0.680000000000296 0.6799999999996925 0.1
4453 0.6800000000003296 0.6999999999996841 0.1
4454 0.6800000000003631 0.7199999999996755 0.1
4455 0.6800000000003967 0.7399999999996669 0.1
4456 0.6800000000004301 0.7599999999996584 0.1
4457 0.6800000000004639 0.77999999999965 0.1
4458 0.6800000000004972 0.7999999999996411 0.1
4459 0.6800000000005307 0.8199999999996326 0.1
4460 0.6800000000005644 0.8399999999996244 0.1
4461 0.680000000000598 0.8599999999996155 0.1
4462 0.6800000000006313 0.8799999999996273 0.1
4463 0.6800000000006651 0.8999999999996875 0.1
4464 0.6800000000006984 0.91999999999975 0.1
4465 0.6800000000007321 0.9399999999998125 0.1
4466 0.6800000000007654 0.959999999999875 0.1
4467 0.6800000000007992 0.9799999999999374 0.1
4468 0.6999999999992386 0.01999999999999853 0.1
4469 0.699999999999268 0.03999999999999508 0.1
4470 0.6999999999992976 0.05999999999998955 0.1
4471 0.6999999999993275 0.0799999999999912 0.1
4472 0.6999999999993572 0.09999999999999472 0.1
4473 0.6999999999993868 0.1199999999999976 0.1
4474 0.6999999999994165 0.1399999999999872 0.1
4475 0.6999999999994464 0.1599999999999713 0.1
4476 0.699999999999476 0.1799999999999554 0.1
4477 0.6999999999995056 0.1999999999999396 0.1
4478 0.6999999999995355 0.2199999999999236 0.1
4479 0.6999999999995651 0.2399999999999078 0.1
4480 0.6999999999995947 0.2599999999998919 0.1
4481 0.6999999999996246 0.279999999999876 0.1
4482 0.6999999999996541 0.29999999999986 0.1
4483 0.699999999999684 0.3199999999998442 0.1
4484 0.6999999999997136 0.3399999999998283 0.1
4485 0.6999999999997433 0.3599999999998123 0.1
4486 0.6999999999997728 0.3799999999997966 0.1
4487 0.6999999999998027 0.3999999999997806 0.1
4488 0.6999999999998325 0.4199999999997648 0.1
4489 0.6999999999998622 0.4399999999997489 0.1
4490 0.6999999999998917 0.459999999999733 0.1
4491 0.6999999999999217 0.4799999999997171 0.1
4492 0.6999999999999514 0.4999999999997022 0.1
4493 0.699999999999981 0.5199999999996966 0.1
4494 0.7000000000000107 0.5399999999996918 0.1
4495 0.7000000000000403 0.5599999999996872 0.1
4496 0.70000000000007 0.5799999999996824 0.1
4497 0.7000000000000998 0.5999999999996778 0.1
4498 0.7000000000001295 0.619999999999673 0.1
4499 0.7000000000001593 0.6399999999996683 0.1
4500 0.7000000000001888 0.6599999999996637 0.1
4501 0.7000000000002186 0.679999999999659 0.1
4502 0.7000000000002483 0.6999999999996543 0.1
4503 0.7000000000002778 0.7199999999996495 0.1
4504 0.7000000000003076 0.7399999999996451 0.1
4505 0.7000000000003372 0.7599999999996401 0.1
4506 0.7000000000003671 0.7799999999996353 0.1
4507 0.7000000000003969 0.7999999999996305 0.1
4508 0.7000000000004266 0.819999999999626 0.1
4509 0.7000000000004564 0.8399999999996213 0.1
4510 0.7000000000004859 0.8599999999996165 0.1
4511 0.7000000000005154 0.8799999999996309 0.1
4512 0.7000000000005452 0.8999999999996905 0.1
4513 0.7000000000005749 0.9199999999997521 0.1
4514 0.7000000000006047 0.9399999999998143 0.1
4515 0.7000000000006344 0.9599999999998761 0.1
4516 0.7000000000006642 0.979999999999938 0.1
4517 0.7199999999992874 0.01999999999999611 0.1
4518 0.7199999999993132 0.0399999999999902 0.1
4519 0.7199999999993393 0.05999999999998211 0.1
4520 0.719999999999365 0.07999999999998143 0.1
4521 0.7199999999993908 0.0999999999999827 0.1
4522 0.7199999999994168 0.1199999999999832 0.1
4523 0.7199999999994425 0.1399999999999703 0.1
4524 0.7199999999994683 0.1599999999999515 0.1
4525 0.7199999999994945 0.1799999999999328 0.1
4526 0.7199999999995201 0.1999999999999141 0.1
4527 0.7199999999995459 0.2199999999998953 0.1
4528 0.719999999999572 0.2399999999998766 0.1
4529 0.7199999999995979 0.2599999999998579 0.1
4530 0.7199999999996237 0.2799999999998392 0.1
4531 0.7199999999996495 0.2999999999998204 0.1
4532 0.7199999999996755 0.3199999999998016 0.1
4533 0.7199999999997013 0.339999999999783 0.1
4534 0.7199999999997273 0.3599999999997641 0.1
4535 0.7199999999997528 0.3799999999997456 0.1
4536 0.719999999999779 0.3999999999997269 0.1
4537 0.7199999999998047 0.4199999999997081 0.1
4538 0.7199999999998307 0.4399999999996893 0.1
4539 0.7199999999998564 0.4599999999996706 0.1
4540 0.7199999999998824 0.4799999999996519 0.1
4541 0.7199999999999082 0.499999999999635 0.1
4542 0.7199999999999341 0.5199999999996322 0.1
4543 0.7199999999999599 0.5399999999996314 0.1
4544 0.7199999999999859 0.5599999999996306 0.1
4545 0.7200000000000119 0.5799999999996298 0.1
4546 0.7200000000000376 0.5999999999996289 0.1
4547 0.7200000000000634 0.619999999999628 0.1
4548 0.7200000000000893 0.639999999999627 0.1
4549 0.7200000000001153 0.6599999999996262 0.1
4550 0.7200000000001411 0.6799999999996255 0.1
4551 0.7200000000001668 0.6999999999996246 0.1
4552 0.7200000000001928 0.7199999999996237 0.1
4553 0.7200000000002188 0.7399999999996228 0.1
4554 0.7200000000002446 0.759999999999622 0.1
4555 0.7200000000002702 0.779999999999621 0.1
4556 0.7200000000002963 0.7999999999996202 0.1
4557 0.7200000000003223 0.8199999999996194 0.1
4558 0.720000000000348 0.8399999999996185 0.1
4559 0.720000000000374 0.8599999999996176 0.1
4560 0.7200000000003998 0.8799999999996344 0.1
4561 0.7200000000004257 0.8999999999996937 0.1
4562 0.7200000000004515 0.9199999999997549 0.1
4563 0.7200000000004775 0.9399999999998161 0.1
4564 0.7200000000005035 0.9599999999998774 0.1
4565 0.7200000000005292 0.9799999999999387 0.1
4566 0.7399999999993362 0.01999999999999369 0.1
4567 0.7399999999993584 0.03999999999998528 0.1
4568 0.7399999999993804 0.05999999999997468 0.1
4569 0.7399999999994026 0.07999999999997166 0.1
4570 0.7399999999994243 0.09999999999997067 0.1
4571 0.7399999999994464 0.1199999999999689 0.1
4572 0.7399999999994685 0.1399999999999532 0.1
4573 0.7399999999994905 0.1599999999999316 0.1
4574 0.7399999999995126 0.1799999999999101 0.1
4575 0.7399999999995345 0.1999999999998885 0.1
4576 0.7399999999995567 0.219999999999867 0.1
4577 0.7399999999995788 0.2399999999998454 0.1
4578 0.7399999999996006 0.2599999999998238 0.1
4579 0.7399999999996228 0.2799999999998024 0.1
4580 0.7399999999996446 0.2999999999997808 0.1
4581 0.7399999999996668 0.3199999999997592 0.1
4582 0.7399999999996891 0.3399999999997377 0.1
4583 0.7399999999997111 0.3599999999997159 0.1
4584 0.7399999999997329 0.3799999999996945 0.1
4585 0.7399999999997553 0.3999999999996729 0.1
4586 0.7399999999997773 0.4199999999996514 0.1
4587 0.7399999999997992 0.4399999999996299 0.1
4588 0.7399999999998214 0.4599999999996083 0.1
4589 0.7399999999998431 0.4799999999995868 0.1
4590 0.7399999999998653 0.4999999999995677 0.1
4591 0.7399999999998873 0.5199999999995683 0.1
4592 0.7399999999999093 0.539999999999571 0.1
4593 0.7399999999999313 0.5599999999995739 0.1
4594 0.7399999999999535 0.579999999999577 0.1
4595 0.7399999999999755 0.5999999999995801 0.1
4596 0.7399999999999977 0.6199999999995831 0.1
4597 0.7400000000000194 0.6399999999995859 0.1
4598 0.7400000000000416 0.6599999999995889 0.1
4599 0.7400000000000637 0.679999999999592 0.1
4600 0.7400000000000856 0.6999999999995948 0.1
4601 0.7400000000001078 0.719999999999598 0.1
4602 0.7400000000001298 0.7399999999996006 0.1
4603 0.7400000000001518 0.7599999999996038 0.1
4604 0.740000000000174 0.7799999999996067 0.1
4605 0.7400000000001959 0.7999999999996096 0.1
4606 0.7400000000002179 0.8199999999996127 0.1
4607 0.7400000000002399 0.8399999999996154 0.1
4608 0.7400000000002619 0.8599999999996184 0.1
4609 0.7400000000002841 0.879999999999638 0.1
4610 0.7400000000003061 0.8999999999996967 0.1
4611 0.7400000000003281 0.9199999999997572 0.1
4612 0.7400000000003503 0.9399999999998179 0.1
4613 0.7400000000003722 0.9599999999998787 0.1
4614 0.7400000000003942 0.9799999999999394 0.1
4615 0.7599999999993851 0.01999999999999127 0.1
4616 0.7599999999994035 0.0399999999999804 0.1
4617 0.7599999999994217 0.05999999999996725 0.1
4618 0.7599999999994397 0.07999999999996189 0.1
4619 0.7599999999994579 0.09999999999995861 0.1
4620 0.7599999999994763 0.1199999999999546 0.1
4621 0.7599999999994944 0.1399999999999362 0.1
4622 0.7599999999995127 0.1599999999999118 0.1
4623 0.7599999999995307 0.1799999999998874 0.1
4624 0.7599999999995491 0.199999999999863 0.1
4625 0.7599999999995672 0.2199999999998387 0.1
4626 0.7599999999995855 0.2399999999998143 0.1
4627 0.7599999999996035 0.2599999999997898 0.1
4628 0.759999999999622 0.2799999999997655 0.1
4629 0.75999999999964 0.299999999999741 0.1
4630 0.7599999999996585 0.3199999999997166 0.1
4631 0.7599999999996767 0.3399999999996923 0.1
4632 0.7599999999996949 0.3599999999996679 0.1
4633 0.759999999999713 0.3799999999996436 0.1
4634 0.759999999999731 0.3999999999996191 0.1
4635 0.7599999999997495 0.4199999999995948 0.1
4636 0.7599999999997676 0.4399999999995704 0.1
4637 0.7599999999997858 0.4599999999995459 0.1
4638 0.7599999999998041 0.4799999999995216 0.1
4639 0.7599999999998223 0.4999999999995003 0.1
4640 0.7599999999998405 0.5199999999995039 0.1
4641 0.7599999999998587 0.5399999999995109 0.1
4642 0.7599999999998769 0.5599999999995176 0.1
4643 0.7599999999998951 0.5799999999995246 0.1
4644 0.7599999999999133 0.5999999999995312 0.1
4645 0.7599999999999315 0.619999999999538 0.1
4646 0.7599999999999497 0.6399999999995448 0.1
4647 0.7599999999999679 0.6599999999995514 0.1
4648 0.7599999999999861 0.6799999999995584 0.1
4649 0.7600000000000042 0.699999999999565 0.1
4650 0.7600000000000225 0.7199999999995718 0.1
4651 0.7600000000000408 0.7399999999995787 0.1
4652 0.7600000000000589 0.7599999999995855 0.1
4653 0.7600000000000772 0.7799999999995922 0.1
4654 0.7600000000000954 0.7999999999995989 0.1
4655 0.7600000000001136 0.8199999999996058 0.1
4656 0.7600000000001318 0.8399999999996127 0.1
4657 0.76000000000015 0.8599999999996194 0.1
4658 0.7600000000001682 0.8799999999996413 0.1
4659 0.7600000000001863 0.8999999999996995 0.1
4660 0.7600000000002046 0.9199999999997596 0.1
4661 0.7600000000002228 0.9399999999998196 0.1
4662 0.760000000000241 0.9599999999998798 0.1
4663 0.7600000000002592 0.97999999999994 0.1
4664 0.7799999999994343 0.01999999999998886 0.1
4665 0.7799999999994484 0.0399999999999755 0.1
4666 0.7799999999994628 0.05999999999995981 0.1
4667 0.7799999999994772 0.07999999999995215 0.1
4668 0.7799999999994917 0.09999999999994659 0.1
4669 0.7799999999995061 0.1199999999999402 0.1
4670 0.7799999999995205 0.1399999999999192 0.1
4671 0.7799999999995348 0.1599999999998919 0.1
4672 0.7799999999995493 0.1799999999998647 0.1
4673 0.7799999999995636 0.1999999999998375 0.1
4674 0.7799999999995779 0.2199999999998103 0.1
4675 0.7799999999995922 0.2399999999997831 0.1
4676 0.7799999999996067 0.2599999999997558 0.1
4677 0.7799999999996211 0.2799999999997287 0.1
4678 0.7799999999996354 0.2999999999997014 0.1
4679 0.7799999999996499 0.3199999999996742 0.1
4680 0.7799999999996643 0.3399999999996469 0.1
4681 0.7799999999996787 0.3599999999996198 0.1
4682 0.7799999999996929 0.3799999999995926 0.1
4683 0.7799999999997074 0.3999999999995652 0.1
4684 0.7799999999997217 0.4199999999995381 0.1
4685 0.7799999999997361 0.4399999999995109 0.1
4686 0.7799999999997506 0.4599999999994836 0.1
4687 0.779999999999765 0.4799999999994564 0.1
4688 0.7799999999997792 0.4999999999994329 0.1
4689 0.7799999999997939 0.5199999999994399 0.1
4690 0.7799999999998081 0.5399999999994505 0.1
4691 0.7799999999998225 0.5599999999994612 0.1
4692 0.7799999999998367 0.5799999999994717 0.1
4693 0.7799999999998511 0.5999999999994824 0.1
4694 0.7799999999998658 0.619999999999493 0.1
4695 0.77999999999988 0.6399999999995035 0.1
4696 0.7799999999998942 0.6599999999995141 0.1
4697 0.7799999999999089 0.6799999999995247 0.1
4698 0.7799999999999231 0.6999999999995353 0.1
4699 0.7799999999999372 0.7199999999995459 0.1
4700 0.779999999999952 0.7399999999995567 0.1
4701 0.7799999999999662 0.7599999999995674 0.1
4702 0.7799999999999806 0.779999999999578 0.1
4703 0.7799999999999951 0.7999999999995886 0.1
4704 0.7800000000000092 0.8199999999995992 0.1
4705 0.7800000000000239 0.8399999999996096 0.1
4706 0.7800000000000381 0.8599999999996203 0.1
4707 0.7800000000000525 0.8799999999996448 0.1
4708 0.780000000000067 0.8999999999997025 0.1
4709 0.7800000000000812 0.919999999999762 0.1
4710 0.7800000000000956 0.9399999999998216 0.1
4711 0.78000000000011 0.9599999999998809 0.1
4712 0.7800000000001243 0.9799999999999405 0.1
4713 0.7999999999994831 0.01999999999998643 0.1
4714 0.7999999999994936 0.0399999999999706 0.1
4715 0.7999999999995039 0.05999999999995238 0.1
4716 0.7999999999995145 0.07999999999994242 0.1
4717 0.7999999999995252 0.09999999999993454 0.1
4718 0.7999999999995359 0.1199999999999259 0.1
4719 0.7999999999995463 0.1399999999999022 0.1
4720 0.7999999999995567 0.1599999999998721 0.1
4721 0.7999999999995674 0.179999999999842 0.1
4722 0.7999999999995778 0.199999999999812 0.1
4723 0.7999999999995885 0.2199999999997819 0.1
4724 0.7999999999995991 0.2399999999997519 0.1
4725 0.7999999999996094 0.2599999999997218 0.1
4726 0.7999999999996202 0.2799999999996918 0.1
4727 0.7999999999996303 0.2999999999996618 0.1
4728 0.7999999999996411 0.3199999999996316 0.1
4729 0.7999999999996518 0.3399999999996016 0.1
4730 0.7999999999996623 0.3599999999995716 0.1
4731 0.7999999999996728 0.3799999999995415 0.1
4732 0.7999999999996836 0.3999999999995115 0.1
4733 0.7999999999996941 0.4199999999994814 0.1
4734 0.7999999999997046 0.4399999999994514 0.1
4735 0.7999999999997151 0.4599999999994213 0.1
4736 0.7999999999997255 0.4799999999993912 0.1
4737 0.7999999999997361 0.4999999999993656 0.1
4738 0.7999999999997468 0.5199999999993755 0.1
4739 0.7999999999997572 0.5399999999993901 0.1
4740 0.7999999999997679 0.5599999999994045 0.1
4741 0.7999999999997783 0.5799999999994191 0.1
4742 0.799999999999789 0.5999999999994335 0.1
4743 0.7999999999997994 0.6199999999994479 0.1
4744 0.7999999999998099 0.6399999999994622 0.1
4745 0.7999999999998205 0.6599999999994768 0.1
4746 0.7999999999998312 0.6799999999994913 0.1
4747 0.7999999999998418 0.6999999999995056 0.1
4748 0.7999999999998521 0.7199999999995202 0.1
4749 0.7999999999998627 0.7399999999995345 0.1
4750 0.7999999999998734 0.7599999999995491 0.1
4751 0.7999999999998841 0.7799999999995635 0.1
4752 0.7999999999998946 0.7999999999995779 0.1
4753 0.7999999999999049 0.8199999999995923 0.1
4754 0.7999999999999156 0.8399999999996069 0.1
4755 0.7999999999999262 0.8599999999996212 0.1
4756 0.7999999999999368 0.8799999999996484 0.1
4757 0.7999999999999471 0.8999999999997056 0.1
4758 0.7999999999999577 0.9199999999997645 0.1
4759 0.7999999999999684 0.9399999999998234 0.1
4760 0.7999999999999791 0.9599999999998823 0.1
4761 0.7999999999999895 0.9799999999999411 0.1
4762 0.8199999999995319 0.01999999999998401 0.1
4763 0.8199999999995385 0.0399999999999657 0.1
4764 0.8199999999995454 0.05999999999994494 0.1
4765 0.8199999999995522 0.07999999999993261 0.1
4766 0.819999999999559 0.0999999999999225 0.1
4767 0.8199999999995653 0.1199999999999115 0.1
4768 0.8199999999995723 0.1399999999998852 0.1
4769 0.819999999999579 0.1599999999998522 0.1
4770 0.8199999999995856 0.1799999999998193 0.1
4771 0.8199999999995925 0.1999999999997865 0.1
4772 0.819999999999599 0.2199999999997536 0.1
4773 0.8199999999996057 0.2399999999997207 0.1
4774 0.8199999999996127 0.2599999999996878 0.1
4775 0.8199999999996194 0.279999999999655 0.1
4776 0.819999999999626 0.299999999999622 0.1
4777 0.8199999999996328 0.3199999999995891 0.1
4778 0.8199999999996395 0.3399999999995563 0.1
4779 0.8199999999996461 0.3599999999995234 0.1
4780 0.8199999999996528 0.3799999999994905 0.1
4781 0.8199999999996597 0.3999999999994575 0.1
4782 0.8199999999996663 0.4199999999994247 0.1
4783 0.8199999999996731 0.4399999999993919 0.1
4784 0.8199999999996798 0.4599999999993589 0.1
4785 0.8199999999996864 0.4799999999993261 0.1
4786 0.8199999999996933 0.4999999999992982 0.1
4787 0.8199999999996997 0.5199999999993116 0.1
4788 0.8199999999997069 0.5399999999993297 0.1
4789 0.8199999999997133 0.5599999999993479 0.1
4790 0.81999999999972 0.5799999999993665 0.1
4791 0.8199999999997268 0.5999999999993847 0.1
4792 0.8199999999997335 0.6199999999994028 0.1
4793 0.8199999999997402 0.6399999999994211 0.1
4794 0.819999999999747 0.6599999999994395 0.1
4795 0.8199999999997536 0.6799999999994578 0.1
4796 0.8199999999997606 0.699999999999476 0.1
4797 0.819999999999767 0.7199999999994945 0.1
4798 0.8199999999997739 0.7399999999995127 0.1
4799 0.8199999999997806 0.7599999999995309 0.1
4800 0.8199999999997872 0.7799999999995492 0.1
4801 0.8199999999997939 0.7999999999995674 0.1
4802 0.8199999999998004 0.8199999999995855 0.1
4803 0.8199999999998073 0.8399999999996037 0.1
4804 0.8199999999998143 0.859999999999622 0.1
4805 0.8199999999998208 0.8799999999996519 0.1
4806 0.8199999999998276 0.8999999999997087 0.1
4807 0.8199999999998343 0.9199999999997669 0.1
4808 0.819999999999841 0.9399999999998252 0.1
4809 0.8199999999998476 0.9599999999998836 0.1
4810 0.8199999999998545 0.9799999999999418 0.1
4811 0.8399999999995807 0.0199999999999816 0.1
4812 0.8399999999995836 0.0399999999999608 0.1
4813 0.8399999999995866 0.05999999999993752 0.1
4814 0.8399999999995896 0.07999999999992287 0.1
4815 0.8399999999995923 0.09999999999991044 0.1
4816 0.8399999999995952 0.1199999999998972 0.1
4817 0.8399999999995983 0.1399999999998681 0.1
4818 0.8399999999996011 0.1599999999998324 0.1
4819 0.8399999999996042 0.1799999999997967 0.1
4820 0.8399999999996069 0.199999999999761 0.1
4821 0.8399999999996095 0.2199999999997252 0.1
4822 0.8399999999996126 0.2399999999996895 0.1
4823 0.8399999999996156 0.2599999999996538 0.1
4824 0.8399999999996185 0.2799999999996181 0.1
4825 0.8399999999996212 0.2999999999995823 0.1
4826 0.8399999999996242 0.3199999999995467 0.1
4827 0.8399999999996273 0.339999999999511 0.1
4828 0.8399999999996299 0.3599999999994752 0.1
4829 0.8399999999996328 0.3799999999994396 0.1
4830 0.8399999999996358 0.3999999999994038 0.1
4831 0.8399999999996385 0.419999999999368 0.1
4832 0.8399999999996416 0.4399999999993324 0.1
4833 0.8399999999996443 0.4599999999992965 0.1
4834 0.8399999999996474 0.4799999999992609 0.1
4835 0.83999999999965 0.4999999999992308 0.1
4836 0.8399999999996529 0.5199999999992472 0.1
4837 0.839999999999656 0.5399999999992693 0.1
4838 0.8399999999996589 0.5599999999992915 0.1
4839 0.839999999999662 0.5799999999993136 0.1
4840 0.8399999999996646 0.5999999999993358 0.1
4841 0.8399999999996675 0.619999999999358 0.1
4842 0.8399999999996705 0.6399999999993801 0.1
4843 0.8399999999996731 0.6599999999994022 0.1
4844 0.8399999999996761 0.6799999999994244 0.1
4845 0.839999999999679 0.6999999999994463 0.1
4846 0.839999999999682 0.7199999999994683 0.1
4847 0.8399999999996847 0.7399999999994905 0.1
4848 0.8399999999996878 0.7599999999995127 0.1
4849 0.8399999999996909 0.7799999999995347 0.1
4850 0.8399999999996935 0.7999999999995567 0.1
4851 0.8399999999996963 0.8199999999995788 0.1
4852 0.8399999999996994 0.8399999999996013 0.1
4853 0.8399999999997022 0.859999999999623 0.1
4854 0.8399999999997051 0.8799999999996555 0.1
4855 0.839999999999708 0.8999999999997118 0.1
4856 0.8399999999997109 0.9199999999997693 0.1
4857 0.8399999999997138 0.9399999999998272 0.1
4858 0.8399999999997166 0.9599999999998847 0.1
4859 0.8399999999997195 0.9799999999999423 0.1
4860 0.8599999999996299 0.01999999999997918 0.1
4861 0.859999999999629 0.03999999999995592 0.1
4862 0.8599999999996281 0.05999999999993008 0.1
4863 0.859999999999627 0.0799999999999131 0.1
4864 0.8599999999996258 0.09999999999989841 0.1
4865 0.8599999999996252 0.1199999999998829 0.1
4866 0.8599999999996241 0.1399999999998511 0.1
4867 0.8599999999996232 0.1599999999998125 0.1
4868 0.8599999999996223 0.179999999999774 0.1
4869 0.8599999999996214 0.1999999999997355 0.1
4870 0.8599999999996205 0.2199999999996969 0.1
4871 0.8599999999996196 0.2399999999996584 0.1
4872 0.8599999999996185 0.2599999999996199 0.1
4873 0.8599999999996174 0.2799999999995813 0.1
4874 0.8599999999996165 0.2999999999995427 0.1
4875 0.859999999999616 0.3199999999995041 0.1
4876 0.8599999999996147 0.3399999999994657 0.1
4877 0.8599999999996137 0.3599999999994271 0.1
4878 0.8599999999996129 0.3799999999993885 0.1
4879 0.859999999999612 0.3999999999993499 0.1
4880 0.8599999999996111 0.4199999999993114 0.1
4881 0.8599999999996099 0.4399999999992729 0.1
4882 0.8599999999996092 0.4599999999992344 0.1
4883 0.8599999999996081 0.4799999999991957 0.1
4884 0.859999999999607 0.4999999999991636 0.1
4885 0.8599999999996063 0.5199999999991832 0.1
4886 0.8599999999996052 0.5399999999992091 0.1
4887 0.8599999999996043 0.5599999999992351 0.1
4888 0.8599999999996032 0.579999999999261 0.1
4889 0.8599999999996025 0.599999999999287 0.1
4890 0.8599999999996015 0.6199999999993129 0.1
4891 0.8599999999996005 0.6399999999993388 0.1
4892 0.8599999999995993 0.6599999999993649 0.1
4893 0.8599999999995986 0.6799999999993905 0.1
4894 0.8599999999995976 0.6999999999994168 0.1
4895 0.8599999999995968 0.7199999999994425 0.1
4896 0.8599999999995958 0.7399999999994685 0.1
4897 0.8599999999995948 0.7599999999994945 0.1
4898 0.8599999999995941 0.7799999999995203 0.1
4899 0.8599999999995928 0.7999999999995463 0.1
4900 0.859999999999592 0.8199999999995723 0.1
4901 0.859999999999591 0.8399999999995981 0.1
4902 0.8599999999995901 0.8599999999996241 0.1
4903 0.8599999999995892 0.8799999999996591 0.1
4904 0.8599999999995883 0.8999999999997149 0.1
4905 0.8599999999995874 0.9199999999997718 0.1
4906 0.8599999999995865 0.939999999999829 0.1
4907 0.8599999999995855 0.9599999999998858 0.1
4908 0.8599999999995845 0.9799999999999429 0.1
4909 0.8799999999996799 0.01999999999997676 0.1
4910 0.8799999999996764 0.03999999999995102 0.1
4911 0.8799999999996729 0.05999999999992264 0.1
4912 0.8799999999996695 0.07999999999990333 0.1
4913 0.8799999999996659 0.09999999999988636 0.1
4914 0.8799999999996624 0.1199999999998685 0.1
4915 0.8799999999996588 0.1399999999998341 0.1
4916 0.8799999999996555 0.1599999999997927 0.1
4917 0.8799999999996519 0.1799999999997513 0.1
4918 0.8799999999996484 0.1999999999997099 0.1
4919 0.8799999999996447 0.2199999999996686 0.1
4920 0.8799999999996415 0.2399999999996272 0.1
4921 0.879999999999638 0.2599999999995858 0.1
4922 0.8799999999996344 0.2799999999995444 0.1
4923 0.8799999999996309 0.299999999999503 0.1
4924 0.8799999999996273 0.3199999999994617 0.1
4925 0.8799999999996239 0.3399999999994203 0.1
4926 0.8799999999996204 0.3599999999993789 0.1
4927 0.8799999999996168 0.3799999999993375 0.1
4928 0.8799999999996133 0.3999999999992961 0.1
4929 0.8799999999996098 0.4199999999992547 0.1
4930 0.8799999999996062 0.4399999999992134 0.1
4931 0.8799999999996029 0.459999999999172 0.1
4932 0.8799999999995993 0.4799999999991306 0.1
4933 0.879999999999596 0.4999999999990962 0.1
4934 0.8799999999995924 0.5199999999991188 0.1
4935 0.8799999999995889 0.5399999999991487 0.1
4936 0.8799999999995853 0.5599999999991785 0.1
4937 0.8799999999995818 0.5799999999992084 0.1
4938 0.8799999999995785 0.5999999999992381 0.1
4939 0.8799999999995749 0.6199999999992678 0.1
4940 0.8799999999995716 0.6399999999992975 0.1
4941 0.879999999999568 0.6599999999993273 0.1
4942 0.8799999999995645 0.6799999999993572 0.1
4943 0.8799999999995609 0.699999999999387 0.1
4944 0.8799999999995574 0.7199999999994168 0.1
4945 0.8799999999995538 0.7399999999994465 0.1
4946 0.8799999999995503 0.7599999999994763 0.1
4947 0.8799999999995467 0.7799999999995061 0.1
4948 0.8799999999995431 0.7999999999995357 0.1
4949 0.8799999999995396 0.8199999999995656 0.1
4950 0.8799999999995363 0.8399999999995954 0.1
4951 0.8799999999995325 0.8599999999996252 0.1
4952 0.8799999999995294 0.8799999999996624 0.1
4953 0.8799999999995258 0.899999999999718 0.1
4954 0.8799999999995223 0.9199999999997742 0.1
4955 0.8799999999995187 0.9399999999998307 0.1
4956 0.8799999999995152 0.9599999999998872 0.1
4957 0.8799999999995116 0.9799999999999436 0.1
4958 0.8999999999997331 0.01999999999997434 0.1
4959 0.8999999999997301 0.03999999999994612 0.1
4960 0.8999999999997271 0.0599999999999152 0.1
4961 0.899999999999724 0.07999999999989355 0.1
4962 0.8999999999997209 0.09999999999987431 0.1
4963 0.899999999999718 0.1199999999998542 0.1
4964 0.8999999999997149 0.1399999999998171 0.1
4965 0.8999999999997118 0.1599999999997729 0.1
4966 0.8999999999997088 0.1799999999997286 0.1
4967 0.8999999999997056 0.1999999999996845 0.1
4968 0.8999999999997026 0.2199999999996402 0.1
4969 0.8999999999996996 0.239999999999596 0.1
4970 0.8999999999996965 0.2599999999995517 0.1
4971 0.8999999999996935 0.2799999999995076 0.1
4972 0.8999999999996904 0.2999999999994634 0.1
4973 0.8999999999996875 0.319999999999419 0.1
4974 0.8999999999996843 0.339999999999375 0.1
4975 0.8999999999996813 0.3599999999993307 0.1
4976 0.8999999999996781 0.3799999999992865 0.1
4977 0.8999999999996753 0.3999999999992422 0.1
4978 0.8999999999996722 0.419999999999198 0.1
4979 0.8999999999996692 0.439999999999154 0.1
4980 0.8999999999996661 0.4599999999991096 0.1
4981 0.899999999999663 0.4799999999990654 0.1
4982 0.8999999999996598 0.4999999999990288 0.1
4983 0.899999999999657 0.5199999999990549 0.1
4984 0.8999999999996536 0.5399999999990885 0.1
4985 0.8999999999996511 0.5599999999991219 0.1
4986 0.8999999999996479 0.5799999999991555 0.1
4987 0.8999999999996449 0.5999999999991893 0.1
4988 0.8999999999996416 0.619999999999223 0.1
4989 0.8999999999996386 0.6399999999992564 0.1
4990 0.8999999999996354 0.65999999999929 0.1
4991 0.8999999999996326 0.6799999999993235 0.1
4992 0.8999999999996294 0.6999999999993572 0.1
4993 0.8999999999996262 0.7199999999993908 0.1
4994 0.8999999999996234 0.7399999999994243 0.1
4995 0.8999999999996202 0.759999999999458 0.1
4996 0.8999999999996172 0.7799999999994917 0.1
4997 0.8999999999996141 0.7999999999995252 0.1
4998 0.899999999999611 0.819999999999559 0.1
4999 0.8999999999996079 0.8399999999995923 0.1
5000 0.899999999999605 0.8599999999996261 0.1
5001 0.8999999999996019 0.8799999999996659 0.1
5002 0.8999999999995988 0.8999999999997211 0.1
5003 0.8999999999995959 0.9199999999997767 0.1
5004 0.8999999999995928 0.9399999999998325 0.1
5005 0.8999999999995897 0.9599999999998883 0.1
5006 0.8999999999995866 0.9799999999999442 0.1
5007 0.9199999999997862 0.01999999999997193 0.1
5008 0.919999999999784 0.03999999999994124 0.1
5009 0.9199999999997815 0.05999999999990777 0.1
5010 0.9199999999997792 0.07999999999988379 0.1
5011 0.9199999999997767 0.09999999999986227 0.1
5012 0.9199999999997742 0.1199999999998398 0.1
5013 0.9199999999997717 0.1399999999998001 0.1
5014 0.9199999999997693 0.159999999999753 0.1
5015 0.9199999999997669 0.179999999999706 0.1
5016 0.9199999999997646 0.1999999999996589 0.1
5017 0.9199999999997621 0.2199999999996119 0.1
5018 0.9199999999997598 0.2399999999995648 0.1
5019 0.9199999999997571 0.2599999999995177 0.1
5020 0.9199999999997548 0.2799999999994708 0.1
5021 0.9199999999997522 0.2999999999994237 0.1
5022 0.9199999999997499 0.3199999999993766 0.1
5023 0.9199999999997475 0.3399999999993296 0.1
5024 0.9199999999997449 0.3599999999992825 0.1
5025 0.9199999999997424 0.3799999999992356 0.1
5026 0.91999999999974 0.3999999999991884 0.1
5027 0.9199999999997377 0.4199999999991413 0.1
5028 0.9199999999997353 0.4399999999990944 0.1
5029 0.9199999999997327 0.4599999999990473 0.1
5030 0.9199999999997305 0.4799999999990003 0.1
5031 0.9199999999997278 0.4999999999989615 0.1
5032 0.9199999999997256 0.5199999999989905 0.1
5033 0.9199999999997229 0.5399999999990281 0.1
5034 0.9199999999997207 0.5599999999990655 0.1
5035 0.9199999999997183 0.5799999999991031 0.1
5036 0.9199999999997157 0.5999999999991404 0.1
5037 0.9199999999997132 0.6199999999991777 0.1
5038 0.919999999999711 0.6399999999992153 0.1
5039 0.9199999999997082 0.6599999999992525 0.1
5040 0.9199999999997058 0.6799999999992902 0.1
5041 0.9199999999997035 0.6999999999993275 0.1
5042 0.9199999999997012 0.7199999999993648 0.1
5043 0.9199999999996986 0.7399999999994024 0.1
5044 0.9199999999996961 0.7599999999994399 0.1
5045 0.9199999999996938 0.7799999999994772 0.1
5046 0.9199999999996914 0.7999999999995145 0.1
5047 0.9199999999996887 0.8199999999995521 0.1
5048 0.9199999999996865 0.8399999999995896 0.1
5049 0.9199999999996838 0.859999999999627 0.1
5050 0.9199999999996816 0.8799999999996695 0.1
5051 0.919999999999679 0.899999999999724 0.1
5052 0.9199999999996767 0.9199999999997791 0.1
5053 0.9199999999996741 0.9399999999998343 0.1
5054 0.9199999999996719 0.9599999999998896 0.1
5055 0.9199999999996692 0.9799999999999449 0.1
5056 0.93999999999984 0.01999999999996951 0.1
5057 0.9399999999998379 0.03999999999993632 0.1
5058 0.9399999999998363 0.05999999999990034 0.1
5059 0.9399999999998343 0.07999999999987405 0.1
5060 0.9399999999998325 0.09999999999985022 0.1
5061 0.9399999999998307 0.1199999999998255 0.1
5062 0.939999999999829 0.1399999999997831 0.1
5063 0.9399999999998272 0.1599999999997332 0.1
5064 0.9399999999998252 0.1799999999996833 0.1
5065 0.9399999999998235 0.1999999999996334 0.1
5066 0.9399999999998216 0.2199999999995836 0.1
5067 0.9399999999998198 0.2399999999995336 0.1
5068 0.9399999999998181 0.2599999999994838 0.1
5069 0.9399999999998161 0.2799999999994339 0.1
5070 0.9399999999998143 0.299999999999384 0.1
5071 0.9399999999998124 0.3199999999993341 0.1
5072 0.9399999999998105 0.3399999999992843 0.1
5073 0.9399999999998085 0.3599999999992343 0.1
5074 0.9399999999998068 0.3799999999991845 0.1
5075 0.939999999999805 0.3999999999991345 0.1
5076 0.9399999999998032 0.4199999999990847 0.1
5077 0.9399999999998014 0.4399999999990349 0.1
5078 0.9399999999997997 0.459999999998985 0.1
5079 0.9399999999997979 0.4799999999989351 0.1
5080 0.9399999999997959 0.4999999999988942 0.1
5081 0.9399999999997939 0.5199999999989265 0.1
5082 0.9399999999997921 0.5399999999989678 0.1
5083 0.9399999999997903 0.5599999999990091 0.1
5084 0.9399999999997886 0.5799999999990503 0.1
5085 0.9399999999997868 0.5999999999990916 0.1
5086 0.939999999999785 0.6199999999991328 0.1
5087 0.9399999999997832 0.639999999999174 0.1
5088 0.9399999999997815 0.6599999999992152 0.1
5089 0.9399999999997797 0.6799999999992564 0.1
5090 0.9399999999997777 0.6999999999992977 0.1
5091 0.9399999999997757 0.7199999999993391 0.1
5092 0.9399999999997739 0.7399999999993804 0.1
5093 0.9399999999997721 0.7599999999994217 0.1
5094 0.9399999999997704 0.779999999999463 0.1
5095 0.9399999999997686 0.7999999999995039 0.1
5096 0.9399999999997668 0.8199999999995454 0.1
5097 0.9399999999997648 0.8399999999995865 0.1
5098 0.9399999999997628 0.8599999999996278 0.1
5099 0.9399999999997612 0.879999999999673 0.1
5100 0.9399999999997593 0.8999999999997269 0.1
5101 0.9399999999997575 0.9199999999997815 0.1
5102 0.9399999999997557 0.9399999999998361 0.1
5103 0.9399999999997539 0.9599999999998907 0.1
5104 0.9399999999997521 0.9799999999999454 0.1
5105 0.9599999999998933 0.01999999999996709 0.1
5106 0.9599999999998922 0.03999999999993144 0.1
5107 0.9599999999998907 0.05999999999989292 0.1
5108 0.9599999999998894 0.0799999999998643 0.1
5109 0.9599999999998885 0.0999999999998382 0.1
5110 0.9599999999998874 0.1199999999998112 0.1
5111 0.9599999999998858 0.1399999999997661 0.1
5112 0.9599999999998848 0.1599999999997133 0.1
5113 0.9599999999998834 0.1799999999996606 0.1
5114 0.9599999999998821 0.1999999999996079 0.1
5115 0.9599999999998808 0.2199999999995552 0.1
5116 0.9599999999998801 0.2399999999995024 0.1
5117 0.9599999999998787 0.2599999999994498 0.1
5118 0.9599999999998774 0.2799999999993972 0.1
5119 0.9599999999998761 0.2999999999993442 0.1
5120 0.959999999999875 0.3199999999992916 0.1
5121 0.9599999999998737 0.339999999999239 0.1
5122 0.9599999999998725 0.3599999999991861 0.1
5123 0.9599999999998712 0.3799999999991334 0.1
5124 0.9599999999998698 0.3999999999990807 0.1
5125 0.9599999999998686 0.4199999999990281 0.1
5126 0.9599999999998676 0.4399999999989754 0.1
5127 0.9599999999998663 0.4599999999989226 0.1
5128 0.9599999999998652 0.47999999999887 0.1
5129 0.9599999999998639 0.4999999999988267 0.1
5130 0.9599999999998627 0.5199999999988622 0.1
5131 0.9599999999998614 0.5399999999989074 0.1
5132 0.9599999999998605 0.5599999999989524 0.1
5133 0.959999999999859 0.5799999999989977 0.1
5134 0.9599999999998579 0.5999999999990427 0.1
5135 0.9599999999998565 0.6199999999990877 0.1
5136 0.9599999999998554 0.6399999999991327 0.1
5137 0.9599999999998543 0.6599999999991779 0.1
5138 0.959999999999853 0.6799999999992231 0.1
5139 0.9599999999998516 0.699999999999268 0.1
5140 0.9599999999998508 0.7199999999993133 0.1
5141 0.9599999999998494 0.7399999999993582 0.1
5142 0.9599999999998481 0.7599999999994035 0.1
5143 0.9599999999998468 0.7799999999994484 0.1
5144 0.9599999999998456 0.7999999999994934 0.1
5145 0.9599999999998445 0.8199999999995385 0.1
5146 0.9599999999998432 0.8399999999995839 0.1
5147 0.9599999999998419 0.8599999999996288 0.1
5148 0.9599999999998408 0.8799999999996764 0.1
5149 0.9599999999998396 0.89999999999973 0.1
5150 0.9599999999998383 0.919999999999784 0.1
5151 0.9599999999998372 0.9399999999998381 0.1
5152 0.9599999999998359 0.9599999999998921 0.1
5153 0.9599999999998348 0.979999999999946 0.1
5154 0.9799999999999467 0.01999999999996467 0.1
5155 0.9799999999999461 0.03999999999992652 0.1
5156 0.9799999999999456 0.05999999999988548 0.1
5157 0.9799999999999447 0.07999999999985451 0.1
5158 0.9799999999999442 0.09999999999982613 0.1
5159 0.9799999999999436 0.1199999999997968 0.1
5160 0.9799999999999429 0.139999999999749 0.1
5161 0.9799999999999423 0.1599999999996935 0.1
5162 0.9799999999999418 0.1799999999996379 0.1
5163 0.9799999999999413 0.1999999999995824 0.1
5164 0.9799999999999407 0.2199999999995269 0.1
5165 0.97999999999994 0.2399999999994714 0.1
5166 0.9799999999999394 0.2599999999994158 0.1
5167 0.9799999999999387 0.2799999999993603 0.1
5168 0.979999999999938 0.2999999999993047 0.1
5169 0.9799999999999374 0.3199999999992491 0.1
5170 0.9799999999999369 0.3399999999991937 0.1
5171 0.9799999999999363 0.359999999999138 0.1
5172 0.9799999999999356 0.3799999999990826 0.1
5173 0.979999999999935 0.3999999999990269 0.1
5174 0.9799999999999343 0.4199999999989714 0.1
5175 0.9799999999999338 0.4399999999989159 0.1
5176 0.9799999999999331 0.4599999999988602 0.1
5177 0.9799999999999325 0.4799999999988047 0.1
5178 0.979999999999932 0.4999999999987594 0.1
5179 0.9799999999999314 0.5199999999987982 0.1
5180 0.9799999999999307 0.539999999998847 0.1
5181 0.9799999999999303 0.5599999999988958 0.1
5182 0.9799999999999298 0.579999999998945 0.1
5183 0.9799999999999289 0.5999999999989939 0.1
5184 0.9799999999999283 0.6199999999990427 0.1
5185 0.9799999999999278 0.6399999999990916 0.1
5186 0.9799999999999272 0.6599999999991406 0.1
5187 0.9799999999999265 0.6799999999991894 0.1
5188 0.9799999999999258 0.6999999999992382 0.1
5189 0.9799999999999254 0.7199999999992873 0.1
5190 0.9799999999999245 0.7399999999993364 0.1
5191 0.979999999999924 0.7599999999993853 0.1
5192 0.9799999999999234 0.7799999999994341 0.1
5193 0.9799999999999227 0.799999999999483 0.1
5194 0.9799999999999223 0.8199999999995319 0.1
5195 0.9799999999999214 0.8399999999995807 0.1
5196 0.9799999999999209 0.8599999999996296 0.1
5197 0.9799999999999205 0.8799999999996799 0.1
5198 0.9799999999999196 0.8999999999997331 0.1
5199 0.9799999999999192 0.9199999999997864 0.1
5200 0.9799999999999187 0.9399999999998399 0.1
5201 0.9799999999999178 0.9599999999998934 0.1
5202 0.9799999999999174 0.9799999999999467 0.1
$EndNodes
$Elements
15400
1 2 2 6 1 1 9 204
2 2 2 6 1 204 9 401
3 2 2 6 1 204 401 402
4 2 2 6 1 402 203 204
5 2 2 6 1 203 402 202
6 2 2 6 1 202 402 403
7 2 2 6 1 202 403 404
8 2 2 6 1 404 201 202
9 2 2 6 1 201 404 200
10 2 2 6 1 200 404 405
11 2 2 6 1 200 405 406
12 2 2 6 1 406 199 200
13 2 2 6 1 199 406 198
14 2 2 6 1 198 406 407
15 2 2 6 1 198 407 408
16 2 2 6 1 408 197 198
17 2 2 6 1 197 408 196
18 2 2 6 1 196 408 409
19 2 2 6 1 196 409 410
20 2 2 6 1 410 195 196
21 2 2 6 1 195 410 194
22 2 2 6 1 194 410 411
23 2 2 6 1 194 411 412
24 2 2 6 1 412 193 194
25 2 2 6 1 193 412 192
26 2 2 6 1 192 412 413
27 2 2 6 1 192 413 414
28 2 2 6 1 414 191 192
29 2 2 6 1 191 414 190
30 2 2 6 1 190 414 415
31 2 2 6 1 190 415 416
32 2 2 6 1 416 189 190
33 2 2 6 1 189 416 188
34 2 2 6 1 188 416 417
35 2 2 6 1 188 417 418
36 2 2 6 1 418 187 188
37 2 2 6 1 187 418 186
38 2 2 6 1 186 418 419
39 2 2 6 1 186 419 420
40 2 2 6 1 420 185 186
41 2 2 6 1 185 420 184
42 2 2 6 1 184 420 421
43 2 2 6 1 184 421 422
44 2 2 6 1 422 183 184
45 2 2 6 1 183 422 182
46 2 2 6 1 182 422 423
47 2 2 6 1 182 423 424
48 2 2 6 1 424 181 182
49 2 2 6 1 181 424 180
50 2 2 6 1 180 424 425
51 2 2 6 1 180 425 426
52 2 2 6 1 426 179 180
53 2 2 6 1 179 426 178
54 2 2 6 1 178 426 427
55 2 2 6 1 178 427 428
56 2 2 6 1 428 177 178
57 2 2 6 1 177 428 176
58 2 2 6 1 176 428 429
59 2 2 6 1 176 429 430
60 2 2 6 1 430 175 176
61 2 2 6 1 175 430 174
62 2 2 6 1 174 430 431
63 2 2 6 1 174 431 432
64 2 2 6 1 432 173 174
65 2 2 6 1 173 432 172
66 2 2 6 1 172 432 433
67 2 2 6 1 172 433 434
68 2 2 6 1 434 171 172
69 2 2 6 1 171 434 170
70 2 2 6 1 170 434 435
71 2 2 6 1 170 435 436
72 2 2 6 1 436 169 170
73 2 2 6 1 169 436 168
74 2 2 6 1 168 436 437
75 2 2 6 1 168 437 438
76 2 2 6 1 438 167 168
77 2 2 6 1 167 438 166
78 2 2 6 1 166 438 439
79 2 2 6 1 166 439 440
80 2 2 6 1 440 165 166
81 2 2 6 1 165 440 164
82 2 2 6 1 164 440 441
83 2 2 6 1 164 441 442
84 2 2 6 1 442 163 164
85 2 2 6 1 163 442 162
86 2 2 6 1 162 442 443
87 2 2 6 1 162 443 444
88 2 2 6 1 444 161 162
89 2 2 6 1 161 444 160
90 2 2 6 1 160 444 445
91 2 2 6 1 160 445 446
92 2 2 6 1 446 159 160
93 2 2 6 1 159 446 158
94 2 2 6 1 158 446 447
95 2 2 6 1 158 447 448
96 2 2 6 1 448 157 158
97 2 2 6 1 157 448 156
98 2 2 6 1 156 448 449
99 2 2 6 1 156 449 155
100 2 2 6 1 155 4 156
101 2 2 6 1 9 10 450
102 2 2 6 1 450 401 9
103 2 2 6 1 401 450 402
104 2 2 6 1 402 450 451
105 2 2 6 1 402 451 452
106 2 2 6 1 452 403 402
107 2 2 6 1 403 452 404
108 2 2 6 1 404 452 453
109 2 2 6 1 404 453 454
110 2 2 6 1 454 405 404
111 2 2 6 1 405 454 406
112 2 2 6 1 406 454 455
113 2 2 6 1 406 455 456
114 2 2 6 1 456 407 406
115 2 2 6 1 407 456 408
116 2 2 6 1 408 456 457
117 2 2 6 1 408 457 458
118 2 2 6 1 458 409 408
119 2 2 6 1 409 458 410
120 2 2 6 1 410 458 459
121 2 2 6 1 410 459 460
122 2 2 6 1 460 411 410
123 2 2 6 1 411 460 412
124 2 2 6 1 412 460 461
125 2 2 6 1 412 461 462
126 2 2 6 1 462 413 412
127 2 2 6 1 413 462 414
128 2 2 6 1 414 462 463
129 2 2 6 1 414 463 464
130 2 2 6 1 464 415 414
131 2 2 6 1 415 464 416
132 2 2 6 1 416 464 465
133 2 2 6 1 416 465 466
134 2 2 6 1 466 417 416
135 2 2 6 1 417 466 418
136 2 2 6 1 418 466 467
137 2 2 6 1 418 467 468
138 2 2 6 1 468 419 418
139 2 2 6 1 419 468 420
140 2 2 6 1 420 468 469
141 2 2 6 1 420 469 470
142 2 2 6 1 470 421 420
143 2 2 6 1 421 470 422
144 2 2 6 1 422 470 471
145 2 2 6 1 422 471 472
146 2 2 6 1 472 423 422
147 2 2 6 1 423 472 424
148 2 2 6 1 424 472 473
149 2 2 6 1 424 473 474
150 2 2 6 1 474 425 424
151 2 2 6 1 425 474 426
152 2 2 6 1 426 474 475
153 2 2 6 1 426 475 476
154 2 2 6 1 476 427 426
155 2 2 6 1 427 476 428
156 2 2 6 1 428 476 477
157 2 2 6 1 428 477 478
158 2 2 6 1 478 429 428
159 2 2 6 1 429 478 430
160 2 2 6 1 430 478 479
161 2 2 6 1 430 479 480
162 2 2 6 1 480 431 430
163 2 2 6 1 431 480 432
164 2 2 6 1 432 480 481
165 2 2 6 1 432 481 482
166 2 2 6 1 482 433 432
167 2 2 6 1 433 482 434
168 2 2 6 1 434 482 483
169 2 2 6 1 434 483 484
170 2 2 6 1 484 435 434
171 2 2 6 1 435 484 436
172 2 2 6 1 436 484 485
173 2 2 6 1 436 485 486
174 2 2 6 1 486 437 436
175 2 2 6 1 437 486 438
176 2 2 6 1 438 486 487
177 2 2 6 1 438 487 488
178 2 2 6 1 488 439 438
179 2 2 6 1 439 488 440
180 2 2 6 1 440 488 489
181 2 2 6 1 440 489 490
182 2 2 6 1 490 441 440
183 2 2 6 1 441 490 442
184 2 2 6 1 442 490 491
185 2 2 6 1 442 491 492
186 2 2 6 1 492 443 442
187 2 2 6 1 443 492 444
188 2 2 6 1 444 492 493
189 2 2 6 1 444 493 494
190 2 2 6 1 494 445 444
191 2 2 6 1 445 494 446
192 2 2 6 1 446 494 495
193 2 2 6 1 446 495 496
194 2 2 6 1 496 447 446
195 2 2 6 1 447 496 448
196 2 2 6 1 448 496 497
197 2 2 6 1 448 497 498
198 2 2 6 1 498 449 448
199 2 2 6 1 449 498 155
200 2 2 6 1 155 498 154
201 2 2 6 1 10 11 450
202 2 2 6 1 450 11 499
203 2 2 6 1 450 499 500
204 2 2 6 1 500 451 450
205 2 2 6 1 451 500 452
206 2 2 6 1 452 500 501
207 2 2 6 1 452 501 502
208 2 2 6 1 502 453 452
209 2 2 6 1 453 502 454
210 2 2 6 1 454 502 503
211 2 2 6 1 454 503 504
212 2 2 6 1 504 455 454
213 2 2 6 1 455 504 456
214 2 2 6 1 456 504 505
215 2 2 6 1 456 505 506
216 2 2 6 1 506 457 456
217 2 2 6 1 457 506 458
218 2 2 6 1 458 506 507
219 2 2 6 1 458 507 508
220 2 2 6 1 508 459 458
221 2 2 6 1 459 508 460
222 2 2 6 1 460 508 509
223 2 2 6 1 460 509 510
224 2 2 6 1 510 461 460
225 2 2 6 1 461 510 462
226 2 2 6 1 462 510 511
227 2 2 6 1 462 511 512
228 2 2 6 1 512 463 462
229 2 2 6 1 463 512 464
230 2 2 6 1 464 512 513
231 2 2 6 1 464 513 514
232 2 2 6 1 514 465 464
233 2 2 6 1 465 514 466
234 2 2 6 1 466 514 515
235 2 2 6 1 466 515 516
236 2 2 6 1 516 467 466
237 2 2 6 1 467 516 468
238 2 2 6 1 468 516 517
239 2 2 6 1 468 517 518
240 2 2 6 1 518 469 468
241 2 2 6 1 469 518 470
242 2 2 6 1 470 518 519
243 2 2 6 1 470 519 520
244 2 2 6 1 520 471 470
245 2 2 6 1 471 520 472
246 2 2 6 1 472 520 521
247 2 2 6 1 472 521 522
248 2 2 6 1 522 473 472
249 2 2 6 1 473 522 474
250 2 2 6 1 474 522 523
251 2 2 6 1 474 523 524
252 2 2 6 1 524 475 474
253 2 2 6 1 475 524 476
254 2 2 6 1 476 524 525
255 2 2 6 1 476 525 526
256 2 2 6 1 526 477 476
257 2 2 6 1 477 526 478
258 2 2 6 1 478 526 527
259 2 2 6 1 478 527 528
260 2 2 6 1 528 479 478
261 2 2 6 1 479 528 480
262 2 2 6 1 480 528 529
263 2 2 6 1 480 529 530
264 2 2 6 1 530 481 480
265 2 2 6 1 481 530 482
266 2 2 6 1 482 530 531
267 2 2 6 1 482 531 532
268 2 2 6 1 532 483 482
269 2 2 6 1 483 532 484
270 2 2 6 1 484 532 533
271 2 2 6 1 484 533 534
272 2 2 6 1 534 485 484
273 2 2 6 1 485 534 486
274 2 2 6 1 486 534 535
275 2 2 6 1 486 535 536
276 2 2 6 1 536 487 486
277 2 2 6 1 487 536 488
278 2 2 6 1 488 536 537
279 2 2 6 1 488 537 538
280 2 2 6 1 538 489 488
281 2 2 6 1 489 538 490
282 2 2 6 1 490 538 539
283 2 2 6 1 490 539 540
284 2 2 6 1 540 491 490
285 2 2 6 1 491 540 492
286 2 2 6 1 492 540 541
287 2 2 6 1 492 541 542
288 2 2 6 1 542 493 492
289 2 2 6 1 493 542 494
290 2 2 6 1 494 542 543
291 2 2 6 1 494 543 544
292 2 2 6 1 544 495 494
293 2 2 6 1 495 544 496
294 2 2 6 1 496 544 545
295 2 2 6 1 496 545 546
296 2 2 6 1 546 497 496
297 2 2 6 1 497 546 498
298 2 2 6 1 498 546 547
299 2 2 6 1 498 547 153
300 2 2 6 1 153 154 498
301 2 2 6 1 11 12 548
302 2 2 6 1 548 499 11
303 2 2 6 1 499 548 500
304 2 2 6 1 500 548 549
305 2 2 6 1 500 549 550
306 2 2 6 1 550 501 500
307 2 2 6 1 501 550 502
308 2 2 6 1 502 550 551
309 2 2 6 1 502 551 552
310 2 2 6 1 552 503 502
311 2 2 6 1 503 552 504
312 2 2 6 1 504 552 553
313 2 2 6 1 504 553 554
314 2 2 6 1 554 505 504
315 2 2 6 1 505 554 506
316 2 2 6 1 506 554 555
317 2 2 6 1 506 555 556
318 2 2 6 1 556 507 506
319 2 2 6 1 507 556 508
320 2 2 6 1 508 556 557
321 2 2 6 1 508 557 558
322 2 2 6 1 558 509 508
323 2 2 6 1 509 558 510
324 2 2 6 1 510 558 559
325 2 2 6 1 510 559 560
326 2 2 6 1 560 511 510
327 2 2 6 1 511 560 512
328 2 2 6 1 512 560 561
329 2 2 6 1 512 561 562
330 2 2 6 1 562 513 512
331 2 2 6 1 513 562 514
332 2 2 6 1 514 562 563
333 2 2 6 1 514 563 564
334 2 2 6 1 564 515 514
335 2 2 6 1 515 564 516
336 2 2 6 1 516 564 565
337 2 2 6 1 516 565 566
338 2 2 6 1 566 517 516
339 2 2 6 1 517 566 518
340 2 2 6 1 518 566 567
341 2 2 6 1 518 567 568
342 2 2 6 1 568 519 518
343 2 2 6 1 519 568 520
344 2 2 6 1 520 568 569
345 2 2 6 1 520 569 570
346 2 2 6 1 570 521 520
347 2 2 6 1 521 570 522
348 2 2 6 1 522 570 571
349 2 2 6 1 522 571 572
350 2 2 6 1 572 523 522
351 2 2 6 1 523 572 524
352 2 2 6 1 524 572 573
353 2 2 6 1 524 573 574
354 2 2 6 1 574 525 524
355 2 2 6 1 525 574 526
356 2 2 6 1 526 574 575
357 2 2 6 1 526 575 576
358 2 2 6 1 576 527 526
359 2 2 6 1 527 576 528
360 2 2 6 1 528 576 577
361 2 2 6 1 528 577 578
362 2 2 6 1 578 529 528
363 2 2 6 1 529 578 530
364 2 2 6 1 530 578 579
365 2 2 6 1 530 579 580
366 2 2 6 1 580 531 530
367 2 2 6 1 531 580 532
368 2 2 6 1 532 580 581
369 2 2 6 1 532 581 582
370 2 2 6 1 582 533 532
371 2 2 6 1 533 582 534
372 2 2 6 1 534 582 583
373 2 2 6 1 534 583 584
374 2 2 6 1 584 535 534
375 2 2 6 1 535 584 536
376 2 2 6 1 536 584 585
377 2 2 6 1 536 585 586
378 2 2 6 1 586 537 536
379 2 2 6 1 537 586 538
380 2 2 6 1 538 586 587
381 2 2 6 1 538 587 588
382 2 2 6 1 588 539 538
383 2 2 6 1 539 588 540
384 2 2 6 1 540 588 589
385 2 2 6 1 540 589 590
386 2 2 6 1 590 541 540
387 2 2 6 1 541 590 542
388 2 2 6 1 542 590 591
389 2 2 6 1 542 591 592
390 2 2 6 1 592 543 542
391 2 2 6 1 543 592 544
392 2 2 6 1 544 592 593
393 2 2 6 1 544 593 594
394 2 2 6 1 594 545 544
395 2 2 6 1 545 594 546
396 2 2 6 1 546 594 595
397 2 2 6 1 546 595 596
398 2 2 6 1 596 547 546
399 2 2 6 1 547 596 153
400 2 2 6 1 153 596 152
401 2 2 6 1 12 13 548
402 2 2 6 1 548 13 597
403 2 2 6 1 548 597 598
404 2 2 6 1 598 549 548
405 2 2 6 1 549 598 550
406 2 2 6 1 550 598 599
407 2 2 6 1 550 599 600
408 2 2 6 1 600 551 550
409 2 2 6 1 551 600 552
410 2 2 6 1 552 600 601
411 2 2 6 1 552 601 602
412 2 2 6 1 602 553 552
413 2 2 6 1 553 602 554
414 2 2 6 1 554 602 603
415 2 2 6 1 554 603 604
416 2 2 6 1 604 555 554
417 2 2 6 1 555 604 556
418 2 2 6 1 556 604 605
419 2 2 6 1 556 605 606
420 2 2 6 1 606 557 556
421 2 2 6 1 557 606 558
422 2 2 6 1 558 606 607
423 2 2 6 1 558 607 608
424 2 2 6 1 608 559 558
425 2 2 6 1 559 608 560
426 2 2 6 1 560 608 609
427 2 2 6 1 560 609 610
428 2 2 6 1 610 561 560
429 2 2 6 1 561 610 562
430 2 2 6 1 562 610 611
431 2 2 6 1 562 611 612
432 2 2 6 1 612 563 562
433 2 2 6 1 563 612 564
434 2 2 6 1 564 612 613
435 2 2 6 1 564 613 614
436 2 2 6 1 614 565 564
437 2 2 6 1 565 614 566
438 2 2 6 1 566 614 615
439 2 2 6 1 566 615 616
440 2 2 6 1 616 567 566
441 2 2 6 1 567 616 568
442 2 2 6 1 568 616 617
443 2 2 6 1 568 617 618
444 2 2 6 1 618 569 568
445 2 2 6 1 569 618 570
446 2 2 6 1 570 618 619
447 2 2 6 1 570 619 620
448 2 2 6 1 620 571 570
449 2 2 6 1 571 620 572
450 2 2 6 1 572 620 621
451 2 2 6 1 572 621 622
452 2 2 6 1 622 573 572
453 2 2 6 1 573 622 574
454 2 2 6 1 574 622 623
455 2 2 6 1 574 623 624
456 2 2 6 1 624 575 574
457 2 2 6 1 575 624 576
458 2 2 6 1 576 624 625
459 2 2 6 1 576 625 626
460 2 2 6 1 626 577 576
461 2 2 6 1 577 626 578
462 2 2 6 1 578 626 627
463 2 2 6 1 578 627 628
464 2 2 6 1 628 579 578
465 2 2 6 1 579 628 580
466 2 2 6 1 580 628 629
467 2 2 6 1 580 629 630
468 2 2 6 1 630 581 580
469 2 2 6 1 581 630 582
470 2 2 6 1 582 630 631
471 2 2 6 1 582 631 632
472 2 2 6 1 632 583 582
473 2 2 6 1 583 632 584
474 2 2 6 1 584 632 633
475 2 2 6 1 584 633 634
476 2 2 6 1 634 585 584
477 2 2 6 1 585 634 586
478 2 2 6 1 586 634 635
479 2 2 6 1 586 635 636
480 2 2 6 1 636 587 586
481 2 2 6 1 587 636 588
482 2 2 6 1 588 636 637
483 2 2 6 1 588 637 638
484 2 2 6 1 638 589 588
485 2 2 6 1 589 638 590
486 2 2 6 1 590 638 639
487 2 2 6 1 590 639 640
488 2 2 6 1 640 591 590
489 2 2 6 1 591 640 592
490 2 2 6 1 592 640 641
491 2 2 6 1 592 641 642
492 2 2 6 1 642 593 592
493 2 2 6 1 593 642 594
494 2 2 6 1 594 642 643
495 2 2 6 1 594 643 644
496 2 2 6 1 644 595 594
497 2 2 6 1 595 644 596
498 2 2 6 1 596 644 645
499 2 2 6 1 596 645 151
500 2 2 6 1 151 152 596
501 2 2 6 1 13 14 646
502 2 2 6 1 646 597 13
503 2 2 6 1 597 646 598
504 2 2 6 1 598 646 647
505 2 2 6 1 598 647 648
506 2 2 6 1 648 599 598
507 2 2 6 1 599 648 600
508 2 2 6 1 600 648 649
509 2 2 6 1 600 649 650
510 2 2 6 1 650 601 600
511 2 2 6 1 601 650 602
512 2 2 6 1 602 650 651
513 2 2 6 1 602 651 652
514 2 2 6 1 652 603 602
515 2 2 6 1 603 652 604
516 2 2 6 1 604 652 653
517 2 2 6 1 604 653 654
518 2 2 6 1 654 605 604
519 2 2 6 1 605 654 606
520 2 2 6 1 606 654 655
521 2 2 6 1 606 655 656
522 2 2 6 1 656 607 606
523 2 2 6 1 607 656 608
524 2 2 6 1 608 656 657
525 2 2 6 1 608 657 658
526 2 2 6 1 658 609 608
527 2 2 6 1 609 658 610
528 2 2 6 1 610 658 659
529 2 2 6 1 610 659 660
530 2 2 6 1 660 611 610
531 2 2 6 1 611 660 612
532 2 2 6 1 612 660 661
533 2 2 6 1 612 661 662
534 2 2 6 1 662 613 612
535 2 2 6 1 613 662 614
536 2 2 6 1 614 662 663
537 2 2 6 1 614 663 664
538 2 2 6 1 664 615 614
539 2 2 6 1 615 664 616
540 2 2 6 1 616 664 665
541 2 2 6 1 616 665 666
542 2 2 6 1 666 617 616
543 2 2 6 1 617 666 618
544 2 2 6 1 618 666 667
545 2 2 6 1 618 667 668
546 2 2 6 1 668 619 618
547 2 2 6 1 619 668 620
548 2 2 6 1 620 668 669
549 2 2 6 1 620 669 670
550 2 2 6 1 670 621 620
551 2 2 6 1 621 670 622
552 2 2 6 1 622 670 671
553 2 2 6 1 622 671 672
554 2 2 6 1 672 623 622
555 2 2 6 1 623 672 624
556 2 2 6 1 624 672 673
557 2 2 6 1 624 673 674
558 2 2 6 1 674 625 624
559 2 2 6 1 625 674 626
560 2 2 6 1 626 674 675
561 2 2 6 1 626 675 676
562 2 2 6 1 676 627 626
563 2 2 6 1 627 676 628
564 2 2 6 1 628 676 677
565 2 2 6 1 628 677 678
566 2 2 6 1 678 629 628
567 2 2 6 1 629 678 630
568 2 2 6 1 630 678 679
569 2 2 6 1 630 679 680
570 2 2 6 1 680 631 630
571 2 2 6 1 631 680 632
572 2 2 6 1 632 680 681
573 2 2 6 1 632 681 682
574 2 2 6 1 682 633 632
575 2 2 6 1 633 682 634
576 2 2 6 1 634 682 683
577 2 2 6 1 634 683 684
578 2 2 6 1 684 635 634
579 2 2 6 1 635 684 636
580 2 2 6 1 636 684 685
581 2 2 6 1 636 685 686
582 2 2 6 1 686 637 636
583 2 2 6 1 637 686 638
584 2 2 6 1 638 686 687
585 2 2 6 1 638 687 688
586 2 2 6 1 688 639 638
587 2 2 6 1 639 688 640
588 2 2 6 1 640 688 689
589 2 2 6 1 640 689 690
590 2 2 6 1 690 641 640
591 2 2 6 1 641 690 642
592 2 2 6 1 642 690 691
593 2 2 6 1 642 691 692
594 2 2 6 1 692 643 642
595 2 2 6 1 643 692 644
596 2 2 6 1 644 692 693
597 2 2 6 1 644 693 694
598 2 2 6 1 694 645 644
599 2 2 6 1 645 694 151
600 2 2 6 1 151 694 150
601 2 2 6 1 14 15 646
602 2 2 6 1 646 15 695
603 2 2 6 1 646 695 696
604 2 2 6 1 696 647 646
605 2 2 6 1 647 696 648
606 2 2 6 1 648 696 697
607 2 2 6 1 648 697 698
608 2 2 6 1 698 649 648
609 2 2 6 1 649 698 650
610 2 2 6 1 650 698 699
611 2 2 6 1 650 699 700
612 2 2 6 1 700 651 650
613 2 2 6 1 651 700 652
614 2 2 6 1 652 700 701
615 2 2 6 1 652 701 702
616 2 2 6 1 702 653 652
617 2 2 6 1 653 702 654
618 2 2 6 1 654 702 703
619 2 2 6 1 654 703 704
620 2 2 6 1 704 655 654
621 2 2 6 1 655 704 656
622 2 2 6 1 656 704 705
623 2 2 6 1 656 705 706
624 2 2 6 1 706 657 656
625 2 2 6 1 657 706 658
626 2 2 6 1 658 706 707
627 2 2 6 1 658 707 708
628 2 2 6 1 708 659 658
629 2 2 6 1 659 708 660
630 2 2 6 1 660 708 709
631 2 2 6 1 660 709 710
632 2 2 6 1 710 661 660
633 2 2 6 1 661 710 662
634 2 2 6 1 662 710 711
635 2 2 6 1 662 711 712
636 2 2 6 1 712 663 662
637 2 2 6 1 663 712 664
638 2 2 6 1 664 712 713
639 2 2 6 1 664 713 714
640 2 2 6 1 714 665 664
641 2 2 6 1 665 714 666
642 2 2 6 1 666 714 715
643 2 2 6 1 666 715 716
644 2 2 6 1 716 667 666
645 2 2 6 1 667 716 668
646 2 2 6 1 668 716 717
647 2 2 6 1 668 717 718
648 2 2 6 1 718 669 668
649 2 2 6 1 669 718 670
650 2 2 6 1 670 718 719
651 2 2 6 1 670 719 720
652 2 2 6 1 720 671 670
653 2 2 6 1 671 720 672
654 2 2 6 1 672 720 721
655 2 2 6 1 672 721 722
656 2 2 6 1 722 673 672
657 2 2 6 1 673 722 674
658 2 2 6 1 674 722 723
659 2 2 6 1 674 723 724
660 2 2 6 1 724 675 674
661 2 2 6 1 675 724 676
662 2 2 6 1 676 724 725
663 2 2 6 1 676 725 726
664 2 2 6 1 726 677 676
665 2 2 6 1 677 726 678
666 2 2 6 1 678 726 727
667 2 2 6 1 678 727 728
668 2 2 6 1 728 679 678
669 2 2 6 1 679 728 680
670 2 2 6 1 680 728 729
671 2 2 6 1 680 729 730
672 2 2 6 1 730 681 680
673 2 2 6 1 681 730 682
674 2 2 6 1 682 730 731
675 2 2 6 1 682 731 732
676 2 2 6 1 732 683 682
677 2 2 6 1 683 732 684
678 2 2 6 1 684 732 733
679 2 2 6 1 684 733 734
680 2 2 6 1 734 685 684
681 2 2 6 1 685 734 686
682 2 2 6 1 686 734 735
683 2 2 6 1 686 735 736
684 2 2 6 1 736 687 686
685 2 2 6 1 687 736 688
686 2 2 6 1 688 736 737
687 2 2 6 1 688 737 738
688 2 2 6 1 738 689 688
689 2 2 6 1 689 738 690
690 2 2 6 1 690 738 739
691 2 2 6 1 690 739 740
692 2 2 6 1 740 691 690
693 2 2 6 1 691 740 692
694 2 2 6 1 692 740 741
695 2 2 6 1 692 741 742
696 2 2 6 1 742 693 692
697 2 2 6 1 693 742 694
698 2 2 6 1 694 742 743
699 2 2 6 1 694 743 149
700 2 2 6 1 149 150 694
701 2 2 6 1 15 16 744
702 2 2 6 1 744 695 15
703 2 2 6 1 695 744 696
704 2 2 6 1 696 744 745
705 2 2 6 1 696 745 746
706 2 2 6 1 746 697 696
707 2 2 6 1 697 746 698
708 2 2 6 1 698 746 747
709 2 2 6 1 698 747 748
710 2 2 6 1 748 699 698
711 2 2 6 1 699 748 700
712 2 2 6 1 700 748 749
713 2 2 6 1 700 749 750
714 2 2 6 1 750 701 700
715 2 2 6 1 701 750 702
716 2 2 6 1 702 750 751
717 2 2 6 1 702 751 752
718 2 2 6 1 752 703 702
719 2 2 6 1 703 752 704
720 2 2 6 1 704 752 753
721 2 2 6 1 704 753 754
722 2 2 6 1 754 705 704
723 2 2 6 1 705 754 706
724 2 2 6 1 706 754 755
725 2 2 6 1 706 755 756
726 2 2 6 1 756 707 706
727 2 2 6 1 707 756 708
728 2 2 6 1 708 756 757
729 2 2 6 1 708 757 758
730 2 2 6 1 758 709 708
731 2 2 6 1 709 758 710
732 2 2 6 1 710 758 759
733 2 2 6 1 710 759 760
734 2 2 6 1 760 711 710
735 2 2 6 1 711 760 712
736 2 2 6 1 712 760 761
737 2 2 6 1 712 761 762
738 2 2 6 1 762 713 712
739 2 2 6 1 713 762 714
740 2 2 6 1 714 762 763
741 2 2 6 1 714 763 764
742 2 2 6 1 764 715 714
743 2 2 6 1 715 764 716
744 2 2 6 1 716 764 765
745 2 2 6 1 716 765 766
746 2 2 6 1 766 717 716
747 2 2 6 1 717 766 718
748 2 2 6 1 718 766 767
749 2 2 6 1 718 767 768
750 2 2 6 1 768 719 718
751 2 2 6 1 719 768 720
752 2 2 6 1 720 768 769
753 2 2 6 1 720 769 770
754 2 2 6 1 770 721 720
755 2 2 6 1 721 770 722
756 2 2 6 1 722 770 771
757 2 2 6 1 722 771 772
758 2 2 6 1 772 723 722
759 2 2 6 1 723 772 724
760 2 2 6 1 724 772 773
761 2 2 6 1 724 773 774
762 2 2 6 1 774 725 724
763 2 2 6 1 725 774 726
764 2 2 6 1 726 774 775
765 2 2 6 1 726 775 776
766 2 2 6 1 776 727 726
767 2 2 6 1 727 776 728
768 2 2 6 1 728 776 777
769 2 2 6 1 728 777 778
770 2 2 6 1 778 729 728
771 2 2 6 1 729 778 730
772 2 2 6 1 730 778 779
773 2 2 6 1 730 779 780
774 2 2 6 1 780 731 730
775 2 2 6 1 731 780 732
776 2 2 6 1 732 780 781
777 2 2 6 1 732 781 782
778 2 2 6 1 782 733 732
779 2 2 6 1 733 782 734
780 2 2 6 1 734 782 783
781 2 2 6 1 734 783 784
782 2 2 6 1 784 735 734
783 2 2 6 1 735 784 736
784 2 2 6 1 736 784 785
785 2 2 6 1 736 785 786
786 2 2 6 1 786 737 736
787 2 2 6 1 737 786 738
788 2 2 6 1 738 786 787
789 2 2 6 1 738 787 788
790 2 2 6 1 788 739 738
791 2 2 6 1 739 788 740
792 2 2 6 1 740 788 789
793 2 2 6 1 740 789 790
794 2 2 6 1 790 741 740
795 2 2 6 1 741 790 742
796 2 2 6 1 742 790 791
797 2 2 6 1 742 791 792
798 2 2 6 1 792 743 742
799 2 2 6 1 743 792 149
800 2 2 6 1 149 792 148
801 2 2 6 1 16 17 744
802 2 2 6 1 744 17 793
803 2 2 6 1 744 793 794
804 2 2 6 1 794 745 744
805 2 2 6 1 745 794 746
806 2 2 6 1 746 794 795
807 2 2 6 1 746 795 796
808 2 2 6 1 796 747 746
809 2 2 6 1 747 796 748
810 2 2 6 1 748 796 797
811 2 2 6 1 748 797 798
812 2 2 6 1 798 749 748
813 2 2 6 1 749 798 750
814 2 2 6 1 750 798 799
815 2 2 6 1 750 799 800
816 2 2 6 1 800 751 750
817 2 2 6 1 751 800 752
818 2 2 6 1 752 800 801
819 2 2 6 1 752 801 802
820 2 2 6 1 802 753 752
821 2 2 6 1 753 802 754
822 2 2 6 1 754 802 803
823 2 2 6 1 754 803 804
824 2 2 6 1 804 755 754
825 2 2 6 1 755 804 756
826 2 2 6 1 756 804 805
827 2 2 6 1 756 805 806
828 2 2 6 1 806 757 756
829 2 2 6 1 757 806 758
830 2 2 6 1 758 806 807
831 2 2 6 1 758 807 808
832 2 2 6 1 808 759 758
833 2 2 6 1 759 808 760
834 2 2 6 1 760 808 809
835 2 2 6 1 760 809 810
836 2 2 6 1 810 761 760
837 2 2 6 1 761 810 762
838 2 2 6 1 762 810 811
839 2 2 6 1 762 811 812
840 2 2 6 1 812 763 762
841 2 2 6 1 763 812 764
842 2 2 6 1 764 812 813
843 2 2 6 1 764 813 814
844 2 2 6 1 814 765 764
845 2 2 6 1 765 814 766
846 2 2 6 1 766 814 815
847 2 2 6 1 766 815 816
848 2 2 6 1 816 767 766
849 2 2 6 1 767 816 768
850 2 2 6 1 768 816 817
851 2 2 6 1 768 817 818
852 2 2 6 1 818 769 768
853 2 2 6 1 769 818 770
854 2 2 6 1 770 818 819
855 2 2 6 1 770 819 820
856 2 2 6 1 820 771 770
857 2 2 6 1 771 820 772
858 2 2 6 1 772 820 821
859 2 2 6 1 772 821 822
860 2 2 6 1 822 773 772
861 2 2 6 1 773 822 774
862 2 2 6 1 774 822 823
863 2 2 6 1 774 823 824
864 2 2 6 1 824 775 774
865 2 2 6 1 775 824 776
866 2 2 6 1 776 824 825
867 2 2 6 1 776 825 826
868 2 2 6 1 826 777 776
869 2 2 6 1 777 826 778
870 2 2 6 1 778 826 827
871 2 2 6 1 778 827 828
872 2 2 6 1 828 779 778
873 2 2 6 1 779 828 780
874 2 2 6 1 780 828 829
875 2 2 6 1 780 829 830
876 2 2 6 1 830 781 780
877 2 2 6 1 781 830 782
878 2 2 6 1 782 830 831
879 2 2 6 1 782 831 832
880 2 2 6 1 832 783 782
881 2 2 6 1 783 832 784
882 2 2 6 1 784 832 833
883 2 2 6 1 784 833 834
884 2 2 6 1 834 785 784
885 2 2 6 1 785 834 786
886 2 2 6 1 786 834 835
887 2 2 6 1 786 835 836
888 2 2 6 1 836 787 786
889 2 2 6 1 787 836 788
890 2 2 6 1 788 836 837
891 2 2 6 1 788 837 838
892 2 2 6 1 838 789 788
893 2 2 6 1 789 838 790
894 2 2 6 1 790 838 839
895 2 2 6 1 790 839 840
896 2 2 6 1 840 791 790
897 2 2 6 1 791 840 792
898 2 2 6 1 792 840 841
899 2 2 6 1 792 841 147
900 2 2 6 1 147 148 792
901 2 2 6 1 17 18 842
902 2 2 6 1 842 793 17
903 2 2 6 1 793 842 794
904 2 2 6 1 794 842 843
905 2 2 6 1 794 843 844
906 2 2 6 1 844 795 794
907 2 2 6 1 795 844 796
908 2 2 6 1 796 844 845
909 2 2 6 1 796 845 846
910 2 2 6 1 846 797 796
911 2 2 6 1 797 846 798
912 2 2 6 1 798 846 847
913 2 2 6 1 798 847 848
914 2 2 6 1 848 799 798
915 2 2 6 1 799 848 800
916 2 2 6 1 800 848 849
917 2 2 6 1 800 849 850
918 2 2 6 1 850 801 800
919 2 2 6 1 801 850 802
920 2 2 6 1 802 850 851
921 2 2 6 1 802 851 852
922 2 2 6 1 852 803 802
923 2 2 6 1 803 852 804
924 2 2 6 1 804 852 853
925 2 2 6 1 804 853 854
926 2 2 6 1 854 805 804
927 2 2 6 1 805 854 806
928 2 2 6 1 806 854 855
929 2 2 6 1 806 855 856
930 2 2 6 1 856 807 806
931 2 2 6 1 807 856 808
932 2 2 6 1 808 856 857
933 2 2 6 1 808 857 858
934 2 2 6 1 858 809 808
935 2 2 6 1 809 858 810
936 2 2 6 1 810 858 859
937 2 2 6 1 810 859 860
938 2 2 6 1 860 811 810
939 2 2 6 1 811 860 812
940 2 2 6 1 812 860 861
941 2 2 6 1 812 861 862
942 2 2 6 1 862 813 812
943 2 2 6 1 813 862 814
944 2 2 6 1 814 862 863
945 2 2 6 1 814 863 864
946 2 2 6 1 864 815 814
947 2 2 6 1 815 864 816
948 2 2 6 1 816 864 865
949 2 2 6 1 816 865 866
950 2 2 6 1 866 817 816
951 2 2 6 1 817 866 818
952 2 2 6 1 818 866 867
953 2 2 6 1 818 867 868
954 2 2 6 1 868 819 818
955 2 2 6 1 819 868 820
956 2 2 6 1 820 868 869
957 2 2 6 1 820 869 870
958 2 2 6 1 870 821 820
959 2 2 6 1 821 870 822
960 2 2 6 1 822 870 871
961 2 2 6 1 822 871 872
962 2 2 6 1 872 823 822
963 2 2 6 1 823 872 824
964 2 2 6 1 824 872 873
965 2 2 6 1 824 873 874
966 2 2 6 1 874 825 824
967 2 2 6 1 825 874 826
968 2 2 6 1 826 874 875
969 2 2 6 1 826 875 876
970 2 2 6 1 876 827 826
971 2 2 6 1 827 876 828
972 2 2 6 1 828 876 877
973 2 2 6 1 828 877 878
974 2 2 6 1 878 829 828
975 2 2 6 1 829 878 830
976 2 2 6 1 830 878 879
977 2 2 6 1 830 879 880
978 2 2 6 1 880 831 830
979 2 2 6 1 831 880 832
980 2 2 6 1 832 880 881
981 2 2 6 1 832 881 882
982 2 2 6 1 882 833 832
983 2 2 6 1 833 882 834
984 2 2 6 1 834 882 883
985 2 2 6 1 834 883 884
986 2 2 6 1 884 835 834
987 2 2 6 1 835 884 836
988 2 2 6 1 836 884 885
989 2 2 6 1 836 885 886
990 2 2 6 1 886 837 836
991 2 2 6 1 837 886 838
992 2 2 6 1 838 886 887
993 2 2 6 1 838 887 888
994 2 2 6 1 888 839 838
995 2 2 6 1 839 888 840
996 2 2 6 1 840 888 889
997 2 2 6 1 840 889 890
998 2 2 6 1 890 841 840
999 2 2 6 1 841 890 147
1000 2 2 6 1 147 890 146
1001 2 2 6 1 18 19 842
1002 2 2 6 1 842 19 891
1003 2 2 6 1 842 891 892
1004 2 2 6 1 892 843 842
1005 2 2 6 1 843 892 844
1006 2 2 6 1 844 892 893
1007 2 2 6 1 844 893 894
1008 2 2 6 1 894 845 844
1009 2 2 6 1 845 894 846
1010 2 2 6 1 846 894 895
1011 2 2 6 1 846 895 896
1012 2 2 6 1 896 847 846
1013 2 2 6 1 847 896 848
1014 2 2 6 1 848 896 897
1015 2 2 6 1 848 897 898
1016 2 2 6 1 898 849 848
1017 2 2 6 1 849 898 850
1018 2 2 6 1 850 898 899
1019 2 2 6 1 850 899 900
1020 2 2 6 1 900 851 850
1021 2 2 6 1 851 900 852
1022 2 2 6 1 852 900 901
1023 2 2 6 1 852 901 902
1024 2 2 6 1 902 853 852
1025 2 2 6 1 853 902 854
1026 2 2 6 1 854 902 903
1027 2 2 6 1 854 903 904
1028 2 2 6 1 904 855 854
1029 2 2 6 1 855 904 856
1030 2 2 6 1 856 904 905
1031 2 2 6 1 856 905 906
1032 2 2 6 1 906 857 856
1033 2 2 6 1 857 906 858
1034 2 2 6 1 858 906 907
1035 2 2 6 1 858 907 908
1036 2 2 6 1 908 859 858
1037 2 2 6 1 859 908 860
1038 2 2 6 1 860 908 909
1039 2 2 6 1 860 909 910
1040 2 2 6 1 910 861 860
1041 2 2 6 1 861 910 862
1042 2 2 6 1 862 910 911
1043 2 2 6 1 862 911 912
1044 2 2 6 1 912 863 862
1045 2 2 6 1 863 912 864
1046 2 2 6 1 864 912 913
1047 2 2 6 1 864 913 914
1048 2 2 6 1 914 865 864
1049 2 2 6 1 865 914 866
1050 2 2 6 1 866 914 915
1051 2 2 6 1 866 915 916
1052 2 2 6 1 916 867 866
1053 2 2 6 1 867 916 868
1054 2 2 6 1 868 916 917
1055 2 2 6 1 868 917 918
1056 2 2 6 1 918 869 868
1057 2 2 6 1 869 918 870
1058 2 2 6 1 870 918 919
1059 2 2 6 1 870 919 920
1060 2 2 6 1 920 871 870
1061 2 2 6 1 871 920 872
1062 2 2 6 1 872 920 921
1063 2 2 6 1 872 921 922
1064 2 2 6 1 922 873 872
1065 2 2 6 1 873 922 874
1066 2 2 6 1 874 922 923
1067 2 2 6 1 874 923 924
1068 2 2 6 1 924 875 874
1069 2 2 6 1 875 924 876
1070 2 2 6 1 876 924 925
1071 2 2 6 1 876 925 926
1072 2 2 6 1 926 877 876
1073 2 2 6 1 877 926 878
1074 2 2 6 1 878 926 927
1075 2 2 6 1 878 927 928
1076 2 2 6 1 928 879 878
1077 2 2 6 1 879 928 880
1078 2 2 6 1 880 928 929
1079 2 2 6 1 880 929 930
1080 2 2 6 1 930 881 880
1081 2 2 6 1 881 930 882
1082 2 2 6 1 882 930 931
1083 2 2 6 1 882 931 932
1084 2 2 6 1 932 883 882
1085 2 2 6 1 883 932 884
1086 2 2 6 1 884 932 933
1087 2 2 6 1 884 933 934
1088 2 2 6 1 934 885 884
1089 2 2 6 1 885 934 886
1090 2 2 6 1 886 934 935
1091 2 2 6 1 886 935 936
1092 2 2 6 1 936 887 886
1093 2 2 6 1 887 936 888
1094 2 2 6 1 888 936 937
1095 2 2 6 1 888 937 938
1096 2 2 6 1 938 889 888
1097 2 2 6 1 889 938 890
1098 2 2 6 1 890 938 939
1099 2 2 6 1 890 939 145
1100 2 2 6 1 145 146 890
1101 2 2 6 1 19 20 940
1102 2 2 6 1 940 891 19
1103 2 2 6 1 891 940 892
1104 2 2 6 1 892 940 941
1105 2 2 6 1 892 941 942
1106 2 2 6 1 942 893 892
1107 2 2 6 1 893 942 894
1108 2 2 6 1 894 942 943
1109 2 2 6 1 894 943 944
1110 2 2 6 1 944 895 894
1111 2 2 6 1 895 944 896
1112 2 2 6 1 896 944 945
1113 2 2 6 1 896 945 946
1114 2 2 6 1 946 897 896
1115 2 2 6 1 897 946 898
1116 2 2 6 1 898 946 947
1117 2 2 6 1 898 947 948
1118 2 2 6 1 948 899 898
1119 2 2 6 1 899 948 900
1120 2 2 6 1 900 948 949
1121 2 2 6 1 900 949 950
1122 2 2 6 1 950 901 900
1123 2 2 6 1 901 950 902
1124 2 2 6 1 902 950 951
1125 2 2 6 1 902 951 952
1126 2 2 6 1 952 903 902
1127 2 2 6 1 903 952 904
1128 2 2 6 1 904 952 953
1129 2 2 6 1 904 953 954
1130 2 2 6 1 954 905 904
1131 2 2 6 1 905 954 906
1132 2 2 6 1 906 954 955
1133 2 2 6 1 906 955 956
1134 2 2 6 1 956 907 906
1135 2 2 6 1 907 956 908
1136 2 2 6 1 908 956 957
1137 2 2 6 1 908 957 958
1138 2 2 6 1 958 909 908
1139 2 2 6 1 909 958 910
1140 2 2 6 1 910 958 959
1141 2 2 6 1 910 959 960
1142 2 2 6 1 960 911 910
1143 2 2 6 1 911 960 912
1144 2 2 6 1 912 960 961
1145 2 2 6 1 912 961 962
1146 2 2 6 1 962 913 912
1147 2 2 6 1 913 962 914
1148 2 2 6 1 914 962 963
1149 2 2 6 1 914 963 964
1150 2 2 6 1 964 915 914
1151 2 2 6 1 915 964 916
1152 2 2 6 1 916 964 965
1153 2 2 6 1 916 965 966
1154 2 2 6 1 966 917 916
1155 2 2 6 1 917 966 918
1156 2 2 6 1 918 966 967
1157 2 2 6 1 918 967 968
1158 2 2 6 1 968 919 918
1159 2 2 6 1 919 968 920
1160 2 2 6 1 920 968 969
1161 2 2 6 1 920 969 970
1162 2 2 6 1 970 921 920
1163 2 2 6 1 921 970 922
1164 2 2 6 1 922 970 971
1165 2 2 6 1 922 971 972
1166 2 2 6 1 972 923 922
1167 2 2 6 1 923 972 924
1168 2 2 6 1 924 972 973
1169 2 2 6 1 924 973 974
1170 2 2 6 1 974 925 924
1171 2 2 6 1 925 974 926
1172 2 2 6 1 926 974 975
1173 2 2 6 1 926 975 976
1174 2 2 6 1 976 927 926
1175 2 2 6 1 927 976 928
1176 2 2 6 1 928 976 977
1177 2 2 6 1 928 977 978
1178 2 2 6 1 978 929 928
1179 2 2 6 1 929 978 930
1180 2 2 6 1 930 978 979
1181 2 2 6 1 930 979 980
1182 2 2 6 1 980 931 930
1183 2 2 6 1 931 980 932
1184 2 2 6 1 932 980 981
1185 2 2 6 1 932 981 982
1186 2 2 6 1 982 933 932
1187 2 2 6 1 933 982 934
1188 2 2 6 1 934 982 983
1189 2 2 6 1 934 983 984
1190 2 2 6 1 984 935 934
1191 2 2 6 1 935 984 936
1192 2 2 6 1 936 984 985
1193 2 2 6 1 936 985 986
1194 2 2 6 1 986 937 936
1195 2 2 6 1 937 986 938
1196 2 2 6 1 938 986 987
1197 2 2 6 1 938 987 988
1198 2 2 6 1 988 939 938
1199 2 2 6 1 939 988 145
1200 2 2 6 1 145 988 144
1201 2 2 6 1 20 21 940
1202 2 2 6 1 940 21 989
1203 2 2 6 1 940 989 990
1204 2 2 6 1 990 941 940
1205 2 2 6 1 941 990 942
1206 2 2 6 1 942 990 991
1207 2 2 6 1 942 991 992
1208 2 2 6 1 992 943 942
1209 2 2 6 1 943 992 944
1210 2 2 6 1 944 992 993
1211 2 2 6 1 944 993 994
1212 2 2 6 1 994 945 944
1213 2 2 6 1 945 994 946
1214 2 2 6 1 946 994 995
1215 2 2 6 1 946 995 996
1216 2 2 6 1 996 947 946
1217 2 2 6 1 947 996 948
1218 2 2 6 1 948 996 997
1219 2 2 6 1 948 997 998
1220 2 2 6 1 998 949 948
1221 2 2 6 1 949 998 950
1222 2 2 6 1 950 998 999
1223 2 2 6 1 950 999 1000
1224 2 2 6 1 1000 951 950
1225 2 2 6 1 951 1000 952
1226 2 2 6 1 952 1000 1001
1227 2 2 6 1 952 1001 1002
1228 2 2 6 1 1002 953 952
1229 2 2 6 1 953 1002 954
1230 2 2 6 1 954 1002 1003
1231 2 2 6 1 954 1003 1004
1232 2 2 6 1 1004 955 954
1233 2 2 6 1 955 1004 956
1234 2 2 6 1 956 1004 1005
1235 2 2 6 1 956 1005 1006
1236 2 2 6 1 1006 957 956
1237 2 2 6 1 957 1006 958
1238 2 2 6 1 958 1006 1007
1239 2 2 6 1 958 1007 1008
1240 2 2 6 1 1008 959 958
1241 2 2 6 1 959 1008 960
1242 2 2 6 1 960 1008 1009
1243 2 2 6 1 960 1009 1010
1244 2 2 6 1 1010 961 960
1245 2 2 6 1 961 1010 962
1246 2 2 6 1 962 1010 1011
1247 2 2 6 1 962 1011 1012
1248 2 2 6 1 1012 963 962
1249 2 2 6 1 963 1012 964
1250 2 2 6 1 964 1012 1013
1251 2 2 6 1 964 1013 1014
1252 2 2 6 1 1014 965 964
1253 2 2 6 1 965 1014 966
1254 2 2 6 1 966 1014 1015
1255 2 2 6 1 966 1015 1016
1256 2 2 6 1 1016 967 966
1257 2 2 6 1 967 1016 968
1258 2 2 6 1 968 1016 1017
1259 2 2 6 1 968 1017 1018
1260 2 2 6 1 1018 969 968
1261 2 2 6 1 969 1018 970
1262 2 2 6 1 970 1018 1019
1263 2 2 6 1 970 1019 1020
1264 2 2 6 1 1020 971 970
1265 2 2 6 1 971 1020 972
1266 2 2 6 1 972 1020 1021
1267 2 2 6 1 972 1021 1022
1268 2 2 6 1 1022 973 972
1269 2 2 6 1 973 1022 974
1270 2 2 6 1 974 1022 1023
1271 2 2 6 1 974 1023 1024
1272 2 2 6 1 1024 975 974
1273 2 2 6 1 975 1024 976
1274 2 2 6 1 976 1024 1025
1275 2 2 6 1 976 1025 1026
1276 2 2 6 1 1026 977 976
1277 2 2 6 1 977 1026 978
1278 2 2 6 1 978 1026 1027
1279 2 2 6 1 978 1027 1028
1280 2 2 6 1 1028 979 978
1281 2 2 6 1 979 1028 980
1282 2 2 6 1 980 1028 1029
1283 2 2 6 1 980 1029 1030
1284 2 2 6 1 1030 981 980
1285 2 2 6 1 981 1030 982
1286 2 2 6 1 982 1030 1031
1287 2 2 6 1 982 1031 1032
1288 2 2 6 1 1032 983 982
1289 2 2 6 1 983 1032 984
1290 2 2 6 1 984 1032 1033
1291 2 2 6 1 984 1033 1034
1292 2 2 6 1 1034 985 984
1293 2 2 6 1 985 1034 986
1294 2 2 6 1 986 1034 1035
1295 2 2 6 1 986 1035 1036
1296 2 2 6 1 1036 987 986
1297 2 2 6 1 987 1036 988
1298 2 2 6 1 988 1036 1037
1299 2 2 6 1 988 1037 143
1300 2 2 6 1 143 144 988
1301 2 2 6 1 21 22 1038
1302 2 2 6 1 1038 989 21
1303 2 2 6 1 989 1038 990
1304 2 2 6 1 990 1038 1039
1305 2 2 6 1 990 1039 1040
1306 2 2 6 1 1040 991 990
1307 2 2 6 1 991 1040 992
1308 2 2 6 1 992 1040 1041
1309 2 2 6 1 992 1041 1042
1310 2 2 6 1 1042 993 992
1311 2 2 6 1 993 1042 994
1312 2 2 6 1 994 1042 1043
1313 2 2 6 1 994 1043 1044
1314 2 2 6 1 1044 995 994
1315 2 2 6 1 995 1044 996
1316 2 2 6 1 996 1044 1045
1317 2 2 6 1 996 1045 1046
1318 2 2 6 1 1046 997 996
1319 2 2 6 1 997 1046 998
1320 2 2 6 1 998 1046 1047
1321 2 2 6 1 998 1047 1048
1322 2 2 6 1 1048 999 998
1323 2 2 6 1 999 1048 1000
1324 2 2 6 1 1000 1048 1049
1325 2 2 6 1 1000 1049 1050
1326 2 2 6 1 1050 1001 1000
1327 2 2 6 1 1001 1050 1002
1328 2 2 6 1 1002 1050 1051
1329 2 2 6 1 1002 1051 1052
1330 2 2 6 1 1052 1003 1002
1331 2 2 6 1 1003 1052 1004
1332 2 2 6 1 1004 1052 1053
1333 2 2 6 1 1004 1053 1054
1334 2 2 6 1 1054 1005 1004
1335 2 2 6 1 1005 1054 1006
1336 2 2 6 1 1006 1054 1055
1337 2 2 6 1 1006 1055 1056
1338 2 2 6 1 1056 1007 1006
1339 2 2 6 1 1007 1056 1008
1340 2 2 6 1 1008 1056 1057
1341 2 2 6 1 1008 1057 1058
1342 2 2 6 1 1058 1009 1008
1343 2 2 6 1 1009 1058 1010
1344 2 2 6 1 1010 1058 1059
1345 2 2 6 1 1010 1059 1060
1346 2 2 6 1 1060 1011 1010
1347 2 2 6 1 1011 1060 1012
1348 2 2 6 1 1012 1060 1061
1349 2 2 6 1 1012 1061 1062
1350 2 2 6 1 1062 1013 1012
1351 2 2 6 1 1013 1062 1014
1352 2 2 6 1 1014 1062 1063
1353 2 2 6 1 1014 1063 1064
1354 2 2 6 1 1064 1015 1014
1355 2 2 6 1 1015 1064 1016
1356 2 2 6 1 1016 1064 1065
1357 2 2 6 1 1016 1065 1066
1358 2 2 6 1 1066 1017 1016
1359 2 2 6 1 1017 1066 1018
1360 2 2 6 1 1018 1066 1067
1361 2 2 6 1 1018 1067 1068
1362 2 2 6 1 1068 1019 1018
1363 2 2 6 1 1019 1068 1020
1364 2 2 6 1 1020 1068 1069
1365 2 2 6 1 1020 1069 1070
1366 2 2 6 1 1070 1021 1020
1367 2 2 6 1 1021 1070 1022
1368 2 2 6 1 1022 1070 1071
1369 2 2 6 1 1022 1071 1072
1370 2 2 6 1 1072 1023 1022
1371 2 2 6 1 1023 1072 1024
1372 2 2 6 1 1024 1072 1073
1373 2 2 6 1 1024 1073 1074
1374 2 2 6 1 1074 1025 1024
1375 2 2 6 1 1025 1074 1026
1376 2 2 6 1 1026 1074 1075
1377 2 2 6 1 1026 1075 1076
1378 2 2 6 1 1076 1027 1026
1379 2 2 6 1 1027 1076 1028
1380 2 2 6 1 1028 1076 1077
1381 2 2 6 1 1028 1077 1078
1382 2 2 6 1 1078 1029 1028
1383 2 2 6 1 1029 1078 1030
1384 2 2 6 1 1030 1078 1079
1385 2 2 6 1 1030 1079 1080
1386 2 2 6 1 1080 1031 1030
1387 2 2 6 1 1031 1080 1032
1388 2 2 6 1 1032 1080 1081
1389 2 2 6 1 1032 1081 1082
1390 2 2 6 1 1082 1033 1032
1391 2 2 6 1 1033 1082 1034
1392 2 2 6 1 1034 1082 1083
1393 2 2 6 1 1034 1083 1084
1394 2 2 6 1 1084 1035 1034
1395 2 2 6 1 1035 1084 1036
1396 2 2 6 1 1036 1084 1085
1397 2 2 6 1 1036 1085 1086
1398 2 2 6 1 1086 1037 1036
1399 2 2 6 1 1037 1086 143
1400 2 2 6 1 143 1086 142
1401 2 2 6 1 22 23 1038
1402 2 2 6 1 1038 23 1087
1403 2 2 6 1 1038 1087 1088
1404 2 2 6 1 1088 1039 1038
1405 2 2 6 1 1039 1088 1040
1406 2 2 6 1 1040 1088 1089
1407 2 2 6 1 1040 1089 1090
1408 2 2 6 1 1090 1041 1040
1409 2 2 6 1 1041 1090 1042
1410 2 2 6 1 1042 1090 1091
1411 2 2 6 1 1042 1091 1092
1412 2 2 6 1 1092 1043 1042
1413 2 2 6 1 1043 1092 1044
1414 2 2 6 1 1044 1092 1093
1415 2 2 6 1 1044 1093 1094
1416 2 2 6 1 1094 1045 1044
1417 2 2 6 1 1045 1094 1046
1418 2 2 6 1 1046 1094 1095
1419 2 2 6 1 1046 1095 1096
1420 2 2 6 1 1096 1047 1046
1421 2 2 6 1 1047 1096 1048
1422 2 2 6 1 1048 1096 1097
1423 2 2 6 1 1048 1097 1098
1424 2 2 6 1 1098 1049 1048
1425 2 2 6 1 1049 1098 1050
1426 2 2 6 1 1050 1098 1099
1427 2 2 6 1 1050 1099 1100
1428 2 2 6 1 1100 1051 1050
1429 2 2 6 1 1051 1100 1052
1430 2 2 6 1 1052 1100 1101
1431 2 2 6 1 1052 1101 1102
1432 2 2 6 1 1102 1053 1052
1433 2 2 6 1 1053 1102 1054
1434 2 2 6 1 1054 1102 1103
1435 2 2 6 1 1054 1103 1104
1436 2 2 6 1 1104 1055 1054
1437 2 2 6 1 1055 1104 1056
1438 2 2 6 1 1056 1104 1105
1439 2 2 6 1 1056 1105 1106
1440 2 2 6 1 1106 1057 1056
1441 2 2 6 1 1057 1106 1058
1442 2 2 6 1 1058 1106 1107
1443 2 2 6 1 1058 1107 1108
1444 2 2 6 1 1108 1059 1058
1445 2 2 6 1 1059 1108 1060
1446 2 2 6 1 1060 1108 1109
1447 2 2 6 1 1060 1109 1110
1448 2 2 6 1 1110 1061 1060
1449 2 2 6 1 1061 1110 1062
1450 2 2 6 1 1062 1110 1111
1451 2 2 6 1 1062 1111 1112
1452 2 2 6 1 1112 1063 1062
1453 2 2 6 1 1063 1112 1064
1454 2 2 6 1 1064 1112 1113
1455 2 2 6 1 1064 1113 1114
1456 2 2 6 1 1114 1065 1064
1457 2 2 6 1 1065 1114 1066
1458 2 2 6 1 1066 1114 1115
1459 2 2 6 1 1066 1115 1116
1460 2 2 6 1 1116 1067 1066
1461 2 2 6 1 1067 1116 1068
1462 2 2 6 1 1068 1116 1117
1463 2 2 6 1 1068 1117 1118
1464 2 2 6 1 1118 1069 1068
1465 2 2 6 1 1069 1118 1070
1466 2 2 6 1 1070 1118 1119
1467 2 2 6 1 1070 1119 1120
1468 2 2 6 1 1120 1071 1070
1469 2 2 6 1 1071 1120 1072
1470 2 2 6 1 1072 1120 1121
1471 2 2 6 1 1072 1121 1122
1472 2 2 6 1 1122 1073 1072
1473 2 2 6 1 1073 1122 1074
1474 2 2 6 1 1074 1122 1123
1475 2 2 6 1 1074 1123 1124
1476 2 2 6 1 1124 1075 1074
1477 2 2 6 1 1075 1124 1076
1478 2 2 6 1 1076 1124 1125
1479 2 2 6 1 1076 1125 1126
1480 2 2 6 1 1126 1077 1076
1481 2 2 6 1 1077 1126 1078
1482 2 2 6 1 1078 1126 1127
1483 2 2 6 1 1078 1127 1128
1484 2 2 6 1 1128 1079 1078
1485 2 2 6 1 1079 1128 1080
1486 2 2 6 1 1080 1128 1129
1487 2 2 6 1 1080 1129 1130
1488 2 2 6 1 1130 1081 1080
1489 2 2 6 1 1081 1130 1082
1490 2 2 6 1 1082 1130 1131
1491 2 2 6 1 1082 1131 1132
1492 2 2 6 1 1132 1083 1082
1493 2 2 6 1 1083 1132 1084
1494 2 2 6 1 1084 1132 1133
1495 2 2 6 1 1084 1133 1134
1496 2 2 6 1 1134 1085 1084
1497 2 2 6 1 1085 1134 1086
1498 2 2 6 1 1086 1134 1135
1499 2 2 6 1 1086 1135 141
1500 2 2 6 1 141 142 1086
1501 2 2 6 1 23 24 1136
1502 2 2 6 1 1136 1087 23
1503 2 2 6 1 1087 1136 1088
1504 2 2 6 1 1088 1136 1137
1505 2 2 6 1 1088 1137 1138
1506 2 2 6 1 1138 1089 1088
1507 2 2 6 1 1089 1138 1090
1508 2 2 6 1 1090 1138 1139
1509 2 2 6 1 1090 1139 1140
1510 2 2 6 1 1140 1091 1090
1511 2 2 6 1 1091 1140 1092
1512 2 2 6 1 1092 1140 1141
1513 2 2 6 1 1092 1141 1142
1514 2 2 6 1 1142 1093 1092
1515 2 2 6 1 1093 1142 1094
1516 2 2 6 1 1094 1142 1143
1517 2 2 6 1 1094 1143 1144
1518 2 2 6 1 1144 1095 1094
1519 2 2 6 1 1095 1144 1096
1520 2 2 6 1 1096 1144 1145
1521 2 2 6 1 1096 1145 1146
1522 2 2 6 1 1146 1097 1096
1523 2 2 6 1 1097 1146 1098
1524 2 2 6 1 1098 1146 1147
1525 2 2 6 1 1098 1147 1148
1526 2 2 6 1 1148 1099 1098
1527 2 2 6 1 1099 1148 1100
1528 2 2 6 1 1100 1148 1149
1529 2 2 6 1 1100 1149 1150
1530 2 2 6 1 1150 1101 1100
1531 2 2 6 1 1101 1150 1102
1532 2 2 6 1 1102 1150 1151
1533 2 2 6 1 1102 1151 1152
1534 2 2 6 1 1152 1103 1102
1535 2 2 6 1 1103 1152 1104
1536 2 2 6 1 1104 1152 1153
1537 2 2 6 1 1104 1153 1154
1538 2 2 6 1 1154 1105 1104
1539 2 2 6 1 1105 1154 1106
1540 2 2 6 1 1106 1154 1155
1541 2 2 6 1 1106 1155 1156
1542 2 2 6 1 1156 1107 1106
1543 2 2 6 1 1107 1156 1108
1544 2 2 6 1 1108 1156 1157
1545 2 2 6 1 1108 1157 1158
1546 2 2 6 1 1158 1109 1108
1547 2 2 6 1 1109 1158 1110
1548 2 2 6 1 1110 1158 1159
1549 2 2 6 1 1110 1159 1160
1550 2 2 6 1 1160 1111 1110
1551 2 2 6 1 1111 1160 1112
1552 2 2 6 1 1112 1160 1161
1553 2 2 6 1 1112 1161 1162
1554 2 2 6 1 1162 1113 1112
1555 2 2 6 1 1113 1162 1114
1556 2 2 6 1 1114 1162 1163
1557 2 2 6 1 1114 1163 1164
1558 2 2 6 1 1164 1115 1114
1559 2 2 6 1 1115 1164 1116
1560 2 2 6 1 1116 1164 1165
1561 2 2 6 1 1116 1165 1166
1562 2 2 6 1 1166 1117 1116
1563 2 2 6 1 1117 1166 1118
1564 2 2 6 1 1118 1166 1167
1565 2 2 6 1 1118 1167 1168
1566 2 2 6 1 1168 1119 1118
1567 2 2 6 1 1119 1168 1120
1568 2 2 6 1 1120 1168 1169
1569 2 2 6 1 1120 1169 1170
1570 2 2 6 1 1170 1121 1120
1571 2 2 6 1 1121 1170 1122
1572 2 2 6 1 1122 1170 1171
1573 2 2 6 1 1122 1171 1172
1574 2 2 6 1 1172 1123 1122
1575 2 2 6 1 1123 1172 1124
1576 2 2 6 1 1124 1172 1173
1577 2 2 6 1 1124 1173 1174
1578 2 2 6 1 1174 1125 1124
1579 2 2 6 1 1125 1174 1126
1580 2 2 6 1 1126 1174 1175
1581 2 2 6 1 1126 1175 1176
1582 2 2 6 1 1176 1127 1126
1583 2 2 6 1 1127 1176 1128
1584 2 2 6 1 1128 1176 1177
1585 2 2 6 1 1128 1177 1178
1586 2 2 6 1 1178 1129 1128
1587 2 2 6 1 1129 1178 1130
1588 2 2 6 1 1130 1178 1179
1589 2 2 6 1 1130 1179 1180
1590 2 2 6 1 1180 1131 1130
1591 2 2 6 1 1131 1180 1132
1592 2 2 6 1 1132 1180 1181
1593 2 2 6 1 1132 1181 1182
1594 2 2 6 1 1182 1133 1132
1595 2 2 6 1 1133 1182 1134
1596 2 2 6 1 1134 1182 1183
1597 2 2 6 1 1134 1183 1184
1598 2 2 6 1 1184 1135 1134
1599 2 2 6 1 1135 1184 141
1600 2 2 6 1 141 1184 140
1601 2 2 6 1 24 25 1136
1602 2 2 6 1 1136 25 1185
1603 2 2 6 1 1136 1185 1186
1604 2 2 6 1 1186 1137 1136
1605 2 2 6 1 1137 1186 1138
1606 2 2 6 1 1138 1186 1187
1607 2 2 6 1 1138 1187 1188
1608 2 2 6 1 1188 1139 1138
1609 2 2 6 1 1139 1188 1140
1610 2 2 6 1 1140 1188 1189
1611 2 2 6 1 1140 1189 1190
1612 2 2 6 1 1190 1141 1140
1613 2 2 6 1 1141 1190 1142
1614 2 2 6 1 1142 1190 1191
1615 2 2 6 1 1142 1191 1192
1616 2 2 6 1 1192 1143 1142
1617 2 2 6 1 1143 1192 1144
1618 2 2 6 1 1144 1192 1193
1619 2 2 6 1 1144 1193 1194
1620 2 2 6 1 1194 1145 1144
1621 2 2 6 1 1145 1194 1146
1622 2 2 6 1 1146 1194 1195
1623 2 2 6 1 1146 1195 1196
1624 2 2 6 1 1196 1147 1146
1625 2 2 6 1 1147 1196 1148
1626 2 2 6 1 1148 1196 1197
1627 2 2 6 1 1148 1197 1198
1628 2 2 6 1 1198 1149 1148
1629 2 2 6 1 1149 1198 1150
1630 2 2 6 1 1150 1198 1199
1631 2 2 6 1 1150 1199 1200
1632 2 2 6 1 1200 1151 1150
1633 2 2 6 1 1151 1200 1152
1634 2 2 6 1 1152 1200 1201
1635 2 2 6 1 1152 1201 1202
1636 2 2 6 1 1202 1153 1152
1637 2 2 6 1 1153 1202 1154
1638 2 2 6 1 1154 1202 1203
1639 2 2 6 1 1154 1203 1204
1640 2 2 6 1 1204 1155 1154
1641 2 2 6 1 1155 1204 1156
1642 2 2 6 1 1156 1204 1205
1643 2 2 6 1 1156 1205 1206
1644 2 2 6 1 1206 1157 1156
1645 2 2 6 1 1157 1206 1158
1646 2 2 6 1 1158 1206 1207
1647 2 2 6 1 1158 1207 1208
1648 2 2 6 1 1208 1159 1158
1649 2 2 6 1 1159 1208 1160
1650 2 2 6 1 1160 1208 1209
1651 2 2 6 1 1160 1209 1210
1652 2 2 6 1 1210 1161 1160
1653 2 2 6 1 1161 1210 1162
1654 2 2 6 1 1162 1210 1211
1655 2 2 6 1 1162 1211 1212
1656 2 2 6 1 1212 1163 1162
1657 2 2 6 1 1163 1212 1164
1658 2 2 6 1 1164 1212 1213
1659 2 2 6 1 1164 1213 1214
1660 2 2 6 1 1214 1165 1164
1661 2 2 6 1 1165 1214 1166
1662 2 2 6 1 1166 1214 1215
1663 2 2 6 1 1166 1215 1216
1664 2 2 6 1 1216 1167 1166
1665 2 2 6 1 1167 1216 1168
1666 2 2 6 1 1168 1216 1217
1667 2 2 6 1 1168 1217 1218
1668 2 2 6 1 1218 1169 1168
1669 2 2 6 1 1169 1218 1170
1670 2 2 6 1 1170 1218 1219
1671 2 2 6 1 1170 1219 1220
1672 2 2 6 1 1220 1171 1170
1673 2 2 6 1 1171 1220 1172
1674 2 2 6 1 1172 1220 1221
1675 2 2 6 1 1172 1221 1222
1676 2 2 6 1 1222 1173 1172
1677 2 2 6 1 1173 1222 1174
1678 2 2 6 1 1174 1222 1223
1679 2 2 6 1 1174 1223 1224
1680 2 2 6 1 1224 1175 1174
1681 2 2 6 1 1175 1224 1176
1682 2 2 6 1 1176 1224 1225
1683 2 2 6 1 1176 1225 1226
1684 2 2 6 1 1226 1177 1176
1685 2 2 6 1 1177 1226 1178
1686 2 2 6 1 1178 1226 1227
1687 2 2 6 1 1178 1227 1228
1688 2 2 6 1 1228 1179 1178
1689 2 2 6 1 1179 1228 1180
1690 2 2 6 1 1180 1228 1229
1691 2 2 6 1 1180 1229 1230
1692 2 2 6 1 1230 1181 1180
1693 2 2 6 1 1181 1230 1182
1694 2 2 6 1 1182 1230 1231
1695 2 2 6 1 1182 1231 1232
1696 2 2 6 1 1232 1183 1182
1697 2 2 6 1 1183 1232 1184
1698 2 2 6 1 1184 1232 1233
1699 2 2 6 1 1184 1233 139
1700 2 2 6 1 139 140 1184
1701 2 2 6 1 25 26 1234
1702 2 2 6 1 1234 1185 25
1703 2 2 6 1 1185 1234 1186
1704 2 2 6 1 1186 1234 1235
1705 2 2 6 1 1186 1235 1236
1706 2 2 6 1 1236 1187 1186
1707 2 2 6 1 1187 1236 1188
1708 2 2 6 1 1188 1236 1237
1709 2 2 6 1 1188 1237 1238
1710 2 2 6 1 1238 1189 1188
1711 2 2 6 1 1189 1238 1190
1712 2 2 6 1 1190 1238 1239
1713 2 2 6 1 1190 1239 1240
1714 2 2 6 1 1240 1191 1190
1715 2 2 6 1 1191 1240 1192
1716 2 2 6 1 1192 1240 1241
1717 2 2 6 1 1192 1241 1242
1718 2 2 6 1 1242 1193 1192
1719 2 2 6 1 1193 1242 1194
1720 2 2 6 1 1194 1242 1243
1721 2 2 6 1 1194 1243 1244
1722 2 2 6 1 1244 1195 1194
1723 2 2 6 1 1195 1244 1196
1724 2 2 6 1 1196 1244 1245
1725 2 2 6 1 1196 1245 1246
1726 2 2 6 1 1246 1197 1196
1727 2 2 6 1 1197 1246 1198
1728 2 2 6 1 1198 1246 1247
1729 2 2 6 1 1198 1247 1248
1730 2 2 6 1 1248 1199 1198
1731 2 2 6 1 1199 1248 1200
1732 2 2 6 1 1200 1248 1249
1733 2 2 6 1 1200 1249 1250
1734 2 2 6 1 1250 1201 1200
1735 2 2 6 1 1201 1250 1202
1736 2 2 6 1 1202 1250 1251
1737 2 2 6 1 1202 1251 1252
1738 2 2 6 1 1252 1203 1202
1739 2 2 6 1 1203 1252 1204
1740 2 2 6 1 1204 1252 1253
1741 2 2 6 1 1204 1253 1254
1742 2 2 6 1 1254 1205 1204
1743 2 2 6 1 1205 1254 1206
1744 2 2 6 1 1206 1254 1255
1745 2 2 6 1 1206 1255 1256
1746 2 2 6 1 1256 1207 1206
1747 2 2 6 1 1207 1256 1208
1748 2 2 6 1 1208 1256 1257
1749 2 2 6 1 1208 1257 1258
1750 2 2 6 1 1258 1209 1208
1751 2 2 6 1 1209 1258 1210
1752 2 2 6 1 1210 1258 1259
1753 2 2 6 1 1210 1259 1260
1754 2 2 6 1 1260 1211 1210
1755 2 2 6 1 1211 1260 1212
1756 2 2 6 1 1212 1260 1261
1757 2 2 6 1 1212 1261 1262
1758 2 2 6 1 1262 1213 1212
1759 2 2 6 1 1213 1262 1214
1760 2 2 6 1 1214 1262 1263
1761 2 2 6 1 1214 1263 1264
1762 2 2 6 1 1264 1215 1214
1763 2 2 6 1 1215 1264 1216
1764 2 2 6 1 1216 1264 1265
1765 2 2 6 1 1216 1265 1266
1766 2 2 6 1 1266 1217 1216
1767 2 2 6 1 1217 1266 1218
1768 2 2 6 1 1218 1266 1267
1769 2 2 6 1 1218 1267 1268
1770 2 2 6 1 1268 1219 1218
1771 2 2 6 1 1219 1268 1220
1772 2 2 6 1 1220 1268 1269
1773 2 2 6 1 1220 1269 1270
1774 2 2 6 1 1270 1221 1220
1775 2 2 6 1 1221 1270 1222
1776 2 2 6 1 1222 1270 1271
1777 2 2 6 1 1222 1271 1272
1778 2 2 6 1 1272 1223 1222
1779 2 2 6 1 1223 1272 1224
1780 2 2 6 1 1224 1272 1273
1781 2 2 6 1 1224 1273 1274
1782 2 2 6 1 1274 1225 1224
1783 2 2 6 1 1225 1274 1226
1784 2 2 6 1 1226 1274 1275
1785 2 2 6 1 1226 1275 1276
1786 2 2 6 1 1276 1227 1226
1787 2 2 6 1 1227 1276 1228
1788 2 2 6 1 1228 1276 1277
1789 2 2 6 1 1228 1277 1278
1790 2 2 6 1 1278 1229 1228
1791 2 2 6 1 1229 1278 1230
1792 2 2 6 1 1230 1278 1279
1793 2 2 6 1 1230 1279 1280
1794 2 2 6 1 1280 1231 1230
1795 2 2 6 1 1231 1280 1232
1796 2 2 6 1 1232 1280 1281
1797 2 2 6 1 1232 1281 1282
1798 2 2 6 1 1282 1233 1232
1799 2 2 6 1 1233 1282 139
1800 2 2 6 1 139 1282 138
1801 2 2 6 1 26 27 1234
1802 2 2 6 1 1234 27 1283
1803 2 2 6 1 1234 1283 1284
1804 2 2 6 1 1284 1235 1234
1805 2 2 6 1 1235 1284 1236
1806 2 2 6 1 1236 1284 1285
1807 2 2 6 1 1236 1285 1286
1808 2 2 6 1 1286 1237 1236
1809 2 2 6 1 1237 1286 1238
1810 2 2 6 1 1238 1286 1287
1811 2 2 6 1 1238 1287 1288
1812 2 2 6 1 1288 1239 1238
1813 2 2 6 1 1239 1288 1240
1814 2 2 6 1 1240 1288 1289
1815 2 2 6 1 1240 1289 1290
1816 2 2 6 1 1290 1241 1240
1817 2 2 6 1 1241 1290 1242
1818 2 2 6 1 1242 1290 1291
1819 2 2 6 1 1242 1291 1292
1820 2 2 6 1 1292 1243 1242
1821 2 2 6 1 1243 1292 1244
1822 2 2 6 1 1244 1292 1293
1823 2 2 6 1 1244 1293 1294
1824 2 2 6 1 1294 1245 1244
1825 2 2 6 1 1245 1294 1246
1826 2 2 6 1 1246 1294 1295
1827 2 2 6 1 1246 1295 1296
1828 2 2 6 1 1296 1247 1246
1829 2 2 6 1 1247 1296 1248
1830 2 2 6 1 1248 1296 1297
1831 2 2 6 1 1248 1297 1298
1832 2 2 6 1 1298 1249 1248
1833 2 2 6 1 1249 1298 1250
1834 2 2 6 1 1250 1298 1299
1835 2 2 6 1 1250 1299 1300
1836 2 2 6 1 1300 1251 1250
1837 2 2 6 1 1251 1300 1252
1838 2 2 6 1 1252 1300 1301
1839 2 2 6 1 1252 1301 1302
1840 2 2 6 1 1302 1253 1252
1841 2 2 6 1 1253 1302 1254
1842 2 2 6 1 1254 1302 1303
1843 2 2 6 1 1254 1303 1304
1844 2 2 6 1 1304 1255 1254
1845 2 2 6 1 1255 1304 1256
1846 2 2 6 1 1256 1304 1305
1847 2 2 6 1 1256 1305 1306
1848 2 2 6 1 1306 1257 1256
1849 2 2 6 1 1257 1306 1258
1850 2 2 6 1 1258 1306 1307
1851 2 2 6 1 1258 1307 1308
1852 2 2 6 1 1308 1259 1258
1853 2 2 6 1 1259 1308 1260
1854 2 2 6 1 1260 1308 1309
1855 2 2 6 1 1260 1309 1310
1856 2 2 6 1 1310 1261 1260
1857 2 2 6 1 1261 1310 1262
1858 2 2 6 1 1262 1310 1311
1859 2 2 6 1 1262 1311 1312
1860 2 2 6 1 1312 1263 1262
1861 2 2 6 1 1263 1312 1264
1862 2 2 6 1 1264 1312 1313
1863 2 2 6 1 1264 1313 1314
1864 2 2 6 1 1314 1265 1264
1865 2 2 6 1 1265 1314 1266
1866 2 2 6 1 1266 1314 1315
1867 2 2 6 1 1266 1315 1316
1868 2 2 6 1 1316 1267 1266
1869 2 2 6 1 1267 1316 1268
1870 2 2 6 1 1268 1316 1317
1871 2 2 6 1 1268 1317 1318
1872 2 2 6 1 1318 1269 1268
1873 2 2 6 1 1269 1318 1270
1874 2 2 6 1 1270 1318 1319
1875 2 2 6 1 1270 1319 1320
1876 2 2 6 1 1320 1271 1270
1877 2 2 6 1 1271 1320 1272
1878 2 2 6 1 1272 1320 1321
1879 2 2 6 1 1272 1321 1322
1880 2 2 6 1 1322 1273 1272
1881 2 2 6 1 1273 1322 1274
1882 2 2 6 1 1274 1322 1323
1883 2 2 6 1 1274 1323 1324
1884 2 2 6 1 1324 1275 1274
1885 2 2 6 1 1275 1324 1276
1886 2 2 6 1 1276 1324 1325
1887 2 2 6 1 1276 1325 1326
1888 2 2 6 1 1326 1277 1276
1889 2 2 6 1 1277 1326 1278
1890 2 2 6 1 1278 1326 1327
1891 2 2 6 1 1278 1327 1328
1892 2 2 6 1 1328 1279 1278
1893 2 2 6 1 1279 1328 1280
1894 2 2 6 1 1280 1328 1329
1895 2 2 6 1 1280 1329 1330
1896 2 2 6 1 1330 1281 1280
1897 2 2 6 1 1281 1330 1282
1898 2 2 6 1 1282 1330 1331
1899 2 2 6 1 1282 1331 137
1900 2 2 6 1 137 138 1282
1901 2 2 6 1 27 28 1332
1902 2 2 6 1 1332 1283 27
1903 2 2 6 1 1283 1332 1284
1904 2 2 6 1 1284 1332 1333
1905 2 2 6 1 1284 1333 1334
1906 2 2 6 1 1334 1285 1284
1907 2 2 6 1 1285 1334 1286
1908 2 2 6 1 1286 1334 1335
1909 2 2 6 1 1286 1335 1336
1910 2 2 6 1 1336 1287 1286
1911 2 2 6 1 1287 1336 1288
1912 2 2 6 1 1288 1336 1337
1913 2 2 6 1 1288 1337 1338
1914 2 2 6 1 1338 1289 1288
1915 2 2 6 1 1289 1338 1290
1916 2 2 6 1 1290 1338 1339
1917 2 2 6 1 1290 1339 1340
1918 2 2 6 1 1340 1291 1290
1919 2 2 6 1 1291 1340 1292
1920 2 2 6 1 1292 1340 1341
1921 2 2 6 1 1292 1341 1342
1922 2 2 6 1 1342 1293 1292
1923 2 2 6 1 1293 1342 1294
1924 2 2 6 1 1294 1342 1343
1925 2 2 6 1 1294 1343 1344
1926 2 2 6 1 1344 1295 1294
1927 2 2 6 1 1295 1344 1296
1928 2 2 6 1 1296 1344 1345
1929 2 2 6 1 1296 1345 1346
1930 2 2 6 1 1346 1297 1296
1931 2 2 6 1 1297 1346 1298
1932 2 2 6 1 1298 1346 1347
1933 2 2 6 1 1298 1347 1348
1934 2 2 6 1 1348 1299 1298
1935 2 2 6 1 1299 1348 1300
1936 2 2 6 1 1300 1348 1349
1937 2 2 6 1 1300 1349 1350
1938 2 2 6 1 1350 1301 1300
1939 2 2 6 1 1301 1350 1302
1940 2 2 6 1 1302 1350 1351
1941 2 2 6 1 1302 1351 1352
1942 2 2 6 1 1352 1303 1302
1943 2 2 6 1 1303 1352 1304
1944 2 2 6 1 1304 1352 1353
1945 2 2 6 1 1304 1353 1354
1946 2 2 6 1 1354 1305 1304
1947 2 2 6 1 1305 1354 1306
1948 2 2 6 1 1306 1354 1355
1949 2 2 6 1 1306 1355 1356
1950 2 2 6 1 1356 1307 1306
1951 2 2 6 1 1307 1356 1308
1952 2 2 6 1 1308 1356 1357
1953 2 2 6 1 1308 1357 1358
1954 2 2 6 1 1358 1309 1308
1955 2 2 6 1 1309 1358 1310
1956 2 2 6 1 1310 1358 1359
1957 2 2 6 1 1310 1359 1360
1958 2 2 6 1 1360 1311 1310
1959 2 2 6 1 1311 1360 1312
1960 2 2 6 1 1312 1360 1361
1961 2 2 6 1 1312 1361 1362
1962 2 2 6 1 1362 1313 1312
1963 2 2 6 1 1313 1362 1314
1964 2 2 6 1 1314 1362 1363
1965 2 2 6 1 1314 1363 1364
1966 2 2 6 1 1364 1315 1314
1967 2 2 6 1 1315 1364 1316
1968 2 2 6 1 1316 1364 1365
1969 2 2 6 1 1316 1365 1366
1970 2 2 6 1 1366 1317 1316
1971 2 2 6 1 1317 1366 1318
1972 2 2 6 1 1318 1366 1367
1973 2 2 6 1 1318 1367 1368
1974 2 2 6 1 1368 1319 1318
1975 2 2 6 1 1319 1368 1320
1976 2 2 6 1 1320 1368 1369
1977 2 2 6 1 1320 1369 1370
1978 2 2 6 1 1370 1321 1320
1979 2 2 6 1 1321 1370 1322
1980 2 2 6 1 1322 1370 1371
1981 2 2 6 1 1322 1371 1372
1982 2 2 6 1 1372 1323 1322
1983 2 2 6 1 1323 1372 1324
1984 2 2 6 1 1324 1372 1373
1985 2 2 6 1 1324 1373 1374
1986 2 2 6 1 1374 1325 1324
1987 2 2 6 1 1325 1374 1326
1988 2 2 6 1 1326 1374 1375
1989 2 2 6 1 1326 1375 1376
1990 2 2 6 1 1376 1327 1326
1991 2 2 6 1 1327 1376 1328
1992 2 2 6 1 1328 1376 1377
1993 2 2 6 1 1328 1377 1378
1994 2 2 6 1 1378 1329 1328
1995 2 2 6 1 1329 1378 1330
1996 2 2 6 1 1330 1378 1379
1997 2 2 6 1 1330 1379 1380
1998 2 2 6 1 1380 1331 1330
1999 2 2 6 1 1331 1380 137
2000 2 2 6 1 137 1380 136
2001 2 2 6 1 28 29 1332
2002 2 2 6 1 1332 29 1381
2003 2 2 6 1 1332 1381 1382
2004 2 2 6 1 1382 1333 1332
2005 2 2 6 1 1333 1382 1334
2006 2 2 6 1 1334 1382 1383
2007 2 2 6 1 1334 1383 1384
2008 2 2 6 1 1384 1335 1334
2009 2 2 6 1 1335 1384 1336
2010 2 2 6 1 1336 1384 1385
2011 2 2 6 1 1336 1385 1386
2012 2 2 6 1 1386 1337 1336
2013 2 2 6 1 1337 1386 1338
2014 2 2 6 1 1338 1386 1387
2015 2 2 6 1 1338 1387 1388
2016 2 2 6 1 1388 1339 1338
2017 2 2 6 1 1339 1388 1340
2018 2 2 6 1 1340 1388 1389
2019 2 2 6 1 1340 1389 1390
2020 2 2 6 1 1390 1341 1340
2021 2 2 6 1 1341 1390 1342
2022 2 2 6 1 1342 1390 1391
2023 2 2 6 1 1342 1391 1392
2024 2 2 6 1 1392 1343 1342
2025 2 2 6 1 1343 1392 1344
2026 2 2 6 1 1344 1392 1393
2027 2 2 6 1 1344 1393 1394
2028 2 2 6 1 1394 1345 1344
2029 2 2 6 1 1345 1394 1346
2030 2 2 6 1 1346 1394 1395
2031 2 2 6 1 1346 1395 1396
2032 2 2 6 1 1396 1347 1346
2033 2 2 6 1 1347 1396 1348
2034 2 2 6 1 1348 1396 1397
2035 2 2 6 1 1348 1397 1398
2036 2 2 6 1 1398 1349 1348
2037 2 2 6 1 1349 1398 1350
2038 2 2 6 1 1350 1398 1399
2039 2 2 6 1 1350 1399 1400
2040 2 2 6 1 1400 1351 1350
2041 2 2 6 1 1351 1400 1352
2042 2 2 6 1 1352 1400 1401
2043 2 2 6 1 1352 1401 1402
2044 2 2 6 1 1402 1353 1352
2045 2 2 6 1 1353 1402 1354
2046 2 2 6 1 1354 1402 1403
2047 2 2 6 1 1354 1403 1404
2048 2 2 6 1 1404 1355 1354
2049 2 2 6 1 1355 1404 1356
2050 2 2 6 1 1356 1404 1405
2051 2 2 6 1 1356 1405 1406
2052 2 2 6 1 1406 1357 1356
2053 2 2 6 1 1357 1406 1358
2054 2 2 6 1 1358 1406 1407
2055 2 2 6 1 1358 1407 1408
2056 2 2 6 1 1408 1359 1358
2057 2 2 6 1 1359 1408 1360
2058 2 2 6 1 1360 1408 1409
2059 2 2 6 1 1360 1409 1410
2060 2 2 6 1 1410 1361 1360
2061 2 2 6 1 1361 1410 1362
2062 2 2 6 1 1362 1410 1411
2063 2 2 6 1 1362 1411 1412
2064 2 2 6 1 1412 1363 1362
2065 2 2 6 1 1363 1412 1364
2066 2 2 6 1 1364 1412 1413
2067 2 2 6 1 1364 1413 1414
2068 2 2 6 1 1414 1365 1364
2069 2 2 6 1 1365 1414 1366
2070 2 2 6 1 1366 1414 1415
2071 2 2 6 1 1366 1415 1416
2072 2 2 6 1 1416 1367 1366
2073 2 2 6 1 1367 1416 1368
2074 2 2 6 1 1368 1416 1417
2075 2 2 6 1 1368 1417 1418
2076 2 2 6 1 1418 1369 1368
2077 2 2 6 1 1369 1418 1370
2078 2 2 6 1 1370 1418 1419
2079 2 2 6 1 1370 1419 1420
2080 2 2 6 1 1420 1371 1370
2081 2 2 6 1 1371 1420 1372
2082 2 2 6 1 1372 1420 1421
2083 2 2 6 1 1372 1421 1422
2084 2 2 6 1 1422 1373 1372
2085 2 2 6 1 1373 1422 1374
2086 2 2 6 1 1374 1422 1423
2087 2 2 6 1 1374 1423 1424
2088 2 2 6 1 1424 1375 1374
2089 2 2 6 1 1375 1424 1376
2090 2 2 6 1 1376 1424 1425
2091 2 2 6 1 1376 1425 1426
2092 2 2 6 1 1426 1377 1376
2093 2 2 6 1 1377 1426 1378
2094 2 2 6 1 1378 1426 1427
2095 2 2 6 1 1378 1427 1428
2096 2 2 6 1 1428 1379 1378
2097 2 2 6 1 1379 1428 1380
2098 2 2 6 1 1380 1428 1429
2099 2 2 6 1 1380 1429 135
2100 2 2 6 1 135 136 1380
2101 2 2 6 1 29 30 1430
2102 2 2 6 1 1430 1381 29
2103 2 2 6 1 1381 1430 1382
2104 2 2 6 1 1382 1430 1431
2105 2 2 6 1 1382 1431 1432
2106 2 2 6 1 1432 1383 1382
2107 2 2 6 1 1383 1432 1384
2108 2 2 6 1 1384 1432 1433
2109 2 2 6 1 1384 1433 1434
2110 2 2 6 1 1434 1385 1384
2111 2 2 6 1 1385 1434 1386
2112 2 2 6 1 1386 1434 1435
2113 2 2 6 1 1386 1435 1436
2114 2 2 6 1 1436 1387 1386
2115 2 2 6 1 1387 1436 1388
2116 2 2 6 1 1388 1436 1437
2117 2 2 6 1 1388 1437 1438
2118 2 2 6 1 1438 1389 1388
2119 2 2 6 1 1389 1438 1390
2120 2 2 6 1 1390 1438 1439
2121 2 2 6 1 1390 1439 1440
2122 2 2 6 1 1440 1391 1390
2123 2 2 6 1 1391 1440 1392
2124 2 2 6 1 1392 1440 1441
2125 2 2 6 1 1392 1441 1442
2126 2 2 6 1 1442 1393 1392
2127 2 2 6 1 1393 1442 1394
2128 2 2 6 1 1394 1442 1443
2129 2 2 6 1 1394 1443 1444
2130 2 2 6 1 1444 1395 1394
2131 2 2 6 1 1395 1444 1396
2132 2 2 6 1 1396 1444 1445
2133 2 2 6 1 1396 1445 1446
2134 2 2 6 1 1446 1397 1396
2135 2 2 6 1 1397 1446 1398
2136 2 2 6 1 1398 1446 1447
2137 2 2 6 1 1398 1447 1448
2138 2 2 6 1 1448 1399 1398
2139 2 2 6 1 1399 1448 1400
2140 2 2 6 1 1400 1448 1449
2141 2 2 6 1 1400 1449 1450
2142 2 2 6 1 1450 1401 1400
2143 2 2 6 1 1401 1450 1402
2144 2 2 6 1 1402 1450 1451
2145 2 2 6 1 1402 1451 1452
2146 2 2 6 1 1452 1403 1402
2147 2 2 6 1 1403 1452 1404
2148 2 2 6 1 1404 1452 1453
2149 2 2 6 1 1404 1453 1454
2150 2 2 6 1 1454 1405 1404
2151 2 2 6 1 1405 1454 1406
2152 2 2 6 1 1406 1454 1455
2153 2 2 6 1 1406 1455 1456
2154 2 2 6 1 1456 1407 1406
2155 2 2 6 1 1407 1456 1408
2156 2 2 6 1 1408 1456 1457
2157 2 2 6 1 1408 1457 1458
2158 2 2 6 1 1458 1409 1408
2159 2 2 6 1 1409 1458 1410
2160 2 2 6 1 1410 1458 1459
2161 2 2 6 1 1410 1459 1460
2162 2 2 6 1 1460 1411 1410
2163 2 2 6 1 1411 1460 1412
2164 2 2 6 1 1412 1460 1461
2165 2 2 6 1 1412 1461 1462
2166 2 2 6 1 1462 1413 1412
2167 2 2 6 1 1413 1462 1414
2168 2 2 6 1 1414 1462 1463
2169 2 2 6 1 1414 1463 1464
2170 2 2 6 1 1464 1415 1414
2171 2 2 6 1 1415 1464 1416
2172 2 2 6 1 1416 1464 1465
2173 2 2 6 1 1416 1465 1466
2174 2 2 6 1 1466 1417 1416
2175 2 2 6 1 1417 1466 1418
2176 2 2 6 1 1418 1466 1467
2177 2 2 6 1 1418 1467 1468
2178 2 2 6 1 1468 1419 1418
2179 2 2 6 1 1419 1468 1420
2180 2 2 6 1 1420 1468 1469
2181 2 2 6 1 1420 1469 1470
2182 2 2 6 1 1470 1421 1420
2183 2 2 6 1 1421 1470 1422
2184 2 2 6 1 1422 1470 1471
2185 2 2 6 1 1422 1471 1472
2186 2 2 6 1 1472 1423 1422
2187 2 2 6 1 1423 1472 1424
2188 2 2 6 1 1424 1472 1473
2189 2 2 6 1 1424 1473 1474
2190 2 2 6 1 1474 1425 1424
2191 2 2 6 1 1425 1474 1426
2192 2 2 6 1 1426 1474 1475
2193 2 2 6 1 1426 1475 1476
2194 2 2 6 1 1476 1427 1426
2195 2 2 6 1 1427 1476 1428
2196 2 2 6 1 1428 1476 1477
2197 2 2 6 1 1428 1477 1478
2198 2 2 6 1 1478 1429 1428
2199 2 2 6 1 1429 1478 135
2200 2 2 6 1 135 1478 134
2201 2 2 6 1 30 31 1430
2202 2 2 6 1 1430 31 1479
2203 2 2 6 1 1430 1479 1480
2204 2 2 6 1 1480 1431 1430
2205 2 2 6 1 1431 1480 1432
2206 2 2 6 1 1432 1480 1481
2207 2 2 6 1 1432 1481 1482
2208 2 2 6 1 1482 1433 1432
2209 2 2 6 1 1433 1482 1434
2210 2 2 6 1 1434 1482 1483
2211 2 2 6 1 1434 1483 1484
2212 2 2 6 1 1484 1435 1434
2213 2 2 6 1 1435 1484 1436
2214 2 2 6 1 1436 1484 1485
2215 2 2 6 1 1436 1485 1486
2216 2 2 6 1 1486 1437 1436
2217 2 2 6 1 1437 1486 1438
2218 2 2 6 1 1438 1486 1487
2219 2 2 6 1 1438 1487 1488
2220 2 2 6 1 1488 1439 1438
2221 2 2 6 1 1439 1488 1440
2222 2 2 6 1 1440 1488 1489
2223 2 2 6 1 1440 1489 1490
2224 2 2 6 1 1490 1441 1440
2225 2 2 6 1 1441 1490 1442
2226 2 2 6 1 1442 1490 1491
2227 2 2 6 1 1442 1491 1492
2228 2 2 6 1 1492 1443 1442
2229 2 2 6 1 1443 1492 1444
2230 2 2 6 1 1444 1492 1493
2231 2 2 6 1 1444 1493 1494
2232 2 2 6 1 1494 1445 1444
2233 2 2 6 1 1445 1494 1446
2234 2 2 6 1 1446 1494 1495
2235 2 2 6 1 1446 1495 1496
2236 2 2 6 1 1496 1447 1446
2237 2 2 6 1 1447 1496 1448
2238 2 2 6 1 1448 1496 1497
2239 2 2 6 1 1448 1497 1498
2240 2 2 6 1 1498 1449 1448
2241 2 2 6 1 1449 1498 1450
2242 2 2 6 1 1450 1498 1499
2243 2 2 6 1 1450 1499 1500
2244 2 2 6 1 1500 1451 1450
2245 2 2 6 1 1451 1500 1452
2246 2 2 6 1 1452 1500 1501
2247 2 2 6 1 1452 1501 1502
2248 2 2 6 1 1502 1453 1452
2249 2 2 6 1 1453 1502 1454
2250 2 2 6 1 1454 1502 1503
2251 2 2 6 1 1454 1503 1504
2252 2 2 6 1 1504 1455 1454
2253 2 2 6 1 1455 1504 1456
2254 2 2 6 1 1456 1504 1505
2255 2 2 6 1 1456 1505 1506
2256 2 2 6 1 1506 1457 1456
2257 2 2 6 1 1457 1506 1458
2258 2 2 6 1 1458 1506 1507
2259 2 2 6 1 1458 1507 1508
2260 2 2 6 1 1508 1459 1458
2261 2 2 6 1 1459 1508 1460
2262 2 2 6 1 1460 1508 1509
2263 2 2 6 1 1460 1509 1510
2264 2 2 6 1 1510 1461 1460
2265 2 2 6 1 1461 1510 1462
2266 2 2 6 1 1462 1510 1511
2267 2 2 6 1 1462 1511 1512
2268 2 2 6 1 1512 1463 1462
2269 2 2 6 1 1463 1512 1464
2270 2 2 6 1 1464 1512 1513
2271 2 2 6 1 1464 1513 1514
2272 2 2 6 1 1514 1465 1464
2273 2 2 6 1 1465 1514 1466
2274 2 2 6 1 1466 1514 1515
2275 2 2 6 1 1466 1515 1516
2276 2 2 6 1 1516 1467 1466
2277 2 2 6 1 1467 1516 1468
2278 2 2 6 1 1468 1516 1517
2279 2 2 6 1 1468 1517 1518
2280 2 2 6 1 1518 1469 1468
2281 2 2 6 1 1469 1518 1470
2282 2 2 6 1 1470 1518 1519
2283 2 2 6 1 1470 1519 1520
2284 2 2 6 1 1520 1471 1470
2285 2 2 6 1 1471 1520 1472
2286 2 2 6 1 1472 1520 1521
2287 2 2 6 1 1472 1521 1522
2288 2 2 6 1 1522 1473 1472
2289 2 2 6 1 1473 1522 1474
2290 2 2 6 1 1474 1522 1523
2291 2 2 6 1 1474 1523 1524
2292 2 2 6 1 1524 1475 1474
2293 2 2 6 1 1475 1524 1476
2294 2 2 6 1 1476 1524 1525
2295 2 2 6 1 1476 1525 1526
2296 2 2 6 1 1526 1477 1476
2297 2 2 6 1 1477 1526 1478
2298 2 2 6 1 1478 1526 1527
2299 2 2 6 1 1478 1527 133
2300 2 2 6 1 133 134 1478
2301 2 2 6 1 31 32 1528
2302 2 2 6 1 1528 1479 31
2303 2 2 6 1 1479 1528 1480
2304 2 2 6 1 1480 1528 1529
2305 2 2 6 1 1480 1529 1530
2306 2 2 6 1 1530 1481 1480
2307 2 2 6 1 1481 1530 1482
2308 2 2 6 1 1482 1530 1531
2309 2 2 6 1 1482 1531 1532
2310 2 2 6 1 1532 1483 1482
2311 2 2 6 1 1483 1532 1484
2312 2 2 6 1 1484 1532 1533
2313 2 2 6 1 1484 1533 1534
2314 2 2 6 1 1534 1485 1484
2315 2 2 6 1 1485 1534 1486
2316 2 2 6 1 1486 1534 1535
2317 2 2 6 1 1486 1535 1536
2318 2 2 6 1 1536 1487 1486
2319 2 2 6 1 1487 1536 1488
2320 2 2 6 1 1488 1536 1537
2321 2 2 6 1 1488 1537 1538
2322 2 2 6 1 1538 1489 1488
2323 2 2 6 1 1489 1538 1490
2324 2 2 6 1 1490 1538 1539
2325 2 2 6 1 1490 1539 1540
2326 2 2 6 1 1540 1491 1490
2327 2 2 6 1 1491 1540 1492
2328 2 2 6 1 1492 1540 1541
2329 2 2 6 1 1492 1541 1542
2330 2 2 6 1 1542 1493 1492
2331 2 2 6 1 1493 1542 1494
2332 2 2 6 1 1494 1542 1543
2333 2 2 6 1 1494 1543 1544
2334 2 2 6 1 1544 1495 1494
2335 2 2 6 1 1495 1544 1496
2336 2 2 6 1 1496 1544 1545
2337 2 2 6 1 1496 1545 1546
2338 2 2 6 1 1546 1497 1496
2339 2 2 6 1 1497 1546 1498
2340 2 2 6 1 1498 1546 1547
2341 2 2 6 1 1498 1547 1548
2342 2 2 6 1 1548 1499 1498
2343 2 2 6 1 1499 1548 1500
2344 2 2 6 1 1500 1548 1549
2345 2 2 6 1 1500 1549 1550
2346 2 2 6 1 1550 1501 1500
2347 2 2 6 1 1501 1550 1502
2348 2 2 6 1 1502 1550 1551
2349 2 2 6 1 1502 1551 1552
2350 2 2 6 1 1552 1503 1502
2351 2 2 6 1 1503 1552 1504
2352 2 2 6 1 1504 1552 1553
2353 2 2 6 1 1504 1553 1554
2354 2 2 6 1 1554 1505 1504
2355 2 2 6 1 1505 1554 1506
2356 2 2 6 1 1506 1554 1555
2357 2 2 6 1 1506 1555 1556
2358 2 2 6 1 1556 1507 1506
2359 2 2 6 1 1507 1556 1508
2360 2 2 6 1 1508 1556 1557
2361 2 2 6 1 1508 1557 1558
2362 2 2 6 1 1558 1509 1508
2363 2 2 6 1 1509 1558 1510
2364 2 2 6 1 1510 1558 1559
2365 2 2 6 1 1510 1559 1560
2366 2 2 6 1 1560 1511 1510
2367 2 2 6 1 1511 1560 1512
2368 2 2 6 1 1512 1560 1561
2369 2 2 6 1 1512 1561 1562
2370 2 2 6 1 1562 1513 1512
2371 2 2 6 1 1513 1562 1514
2372 2 2 6 1 1514 1562 1563
2373 2 2 6 1 1514 1563 1564
2374 2 2 6 1 1564 1515 1514
2375 2 2 6 1 1515 1564 1516
2376 2 2 6 1 1516 1564 1565
2377 2 2 6 1 1516 1565 1566
2378 2 2 6 1 1566 1517 1516
2379 2 2 6 1 1517 1566 1518
2380 2 2 6 1 1518 1566 1567
2381 2 2 6 1 1518 1567 1568
2382 2 2 6 1 1568 1519 1518
2383 2 2 6 1 1519 1568 1520
2384 2 2 6 1 1520 1568 1569
2385 2 2 6 1 1520 1569 1570
2386 2 2 6 1 1570 1521 1520
2387 2 2 6 1 1521 1570 1522
2388 2 2 6 1 1522 1570 1571
2389 2 2 6 1 1522 1571 1572
2390 2 2 6 1 1572 1523 1522
2391 2 2 6 1 1523 1572 1524
2392 2 2 6 1 1524 1572 1573
2393 2 2 6 1 1524 1573 1574
2394 2 2 6 1 1574 1525 1524
2395 2 2 6 1 1525 1574 1526
2396 2 2 6 1 1526 1574 1575
2397 2 2 6 1 1526 1575 1576
2398 2 2 6 1 1576 1527 1526
2399 2 2 6 1 1527 1576 133
2400 2 2 6 1 133 1576 132
2401 2 2 6 1 32 33 1528
2402 2 2 6 1 1528 33 1577
2403 2 2 6 1 1528 1577 1578
2404 2 2 6 1 1578 1529 1528
2405 2 2 6 1 1529 1578 1530
2406 2 2 6 1 1530 1578 1579
2407 2 2 6 1 1530 1579 1580
2408 2 2 6 1 1580 1531 1530
2409 2 2 6 1 1531 1580 1532
2410 2 2 6 1 1532 1580 1581
2411 2 2 6 1 1532 1581 1582
2412 2 2 6 1 1582 1533 1532
2413 2 2 6 1 1533 1582 1534
2414 2 2 6 1 1534 1582 1583
2415 2 2 6 1 1534 1583 1584
2416 2 2 6 1 1584 1535 1534
2417 2 2 6 1 1535 1584 1536
2418 2 2 6 1 1536 1584 1585
2419 2 2 6 1 1536 1585 1586
2420 2 2 6 1 1586 1537 1536
2421 2 2 6 1 1537 1586 1538
2422 2 2 6 1 1538 1586 1587
2423 2 2 6 1 1538 1587 1588
2424 2 2 6 1 1588 1539 1538
2425 2 2 6 1 1539 1588 1540
2426 2 2 6 1 1540 1588 1589
2427 2 2 6 1 1540 1589 1590
2428 2 2 6 1 1590 1541 1540
2429 2 2 6 1 1541 1590 1542
2430 2 2 6 1 1542 1590 1591
2431 2 2 6 1 1542 1591 1592
2432 2 2 6 1 1592 1543 1542
2433 2 2 6 1 1543 1592 1544
2434 2 2 6 1 1544 1592 1593
2435 2 2 6 1 1544 1593 1594
2436 2 2 6 1 1594 1545 1544
2437 2 2 6 1 1545 1594 1546
2438 2 2 6 1 1546 1594 1595
2439 2 2 6 1 1546 1595 1596
2440 2 2 6 1 1596 1547 1546
2441 2 2 6 1 1547 1596 1548
2442 2 2 6 1 1548 1596 1597
2443 2 2 6 1 1548 1597 1598
2444 2 2 6 1 1598 1549 1548
2445 2 2 6 1 1549 1598 1550
2446 2 2 6 1 1550 1598 1599
2447 2 2 6 1 1550 1599 1600
2448 2 2 6 1 1600 1551 1550
2449 2 2 6 1 1551 1600 1552
2450 2 2 6 1 1552 1600 1601
2451 2 2 6 1 1552 1601 1602
2452 2 2 6 1 1602 1553 1552
2453 2 2 6 1 1553 1602 1554
2454 2 2 6 1 1554 1602 1603
2455 2 2 6 1 1554 1603 1604
2456 2 2 6 1 1604 1555 1554
2457 2 2 6 1 1555 1604 1556
2458 2 2 6 1 1556 1604 1605
2459 2 2 6 1 1556 1605 1606
2460 2 2 6 1 1606 1557 1556
2461 2 2 6 1 1557 1606 1558
2462 2 2 6 1 1558 1606 1607
2463 2 2 6 1 1558 1607 1608
2464 2 2 6 1 1608 1559 1558
2465 2 2 6 1 1559 1608 1560
2466 2 2 6 1 1560 1608 1609
2467 2 2 6 1 1560 1609 1610
2468 2 2 6 1 1610 1561 1560
2469 2 2 6 1 1561 1610 1562
2470 2 2 6 1 1562 1610 1611
2471 2 2 6 1 1562 1611 1612
2472 2 2 6 1 1612 1563 1562
2473 2 2 6 1 1563 1612 1564
2474 2 2 6 1 1564 1612 1613
2475 2 2 6 1 1564 1613 1614
2476 2 2 6 1 1614 1565 1564
2477 2 2 6 1 1565 1614 1566
2478 2 2 6 1 1566 1614 1615
2479 2 2 6 1 1566 1615 1616
2480 2 2 6 1 1616 1567 1566
2481 2 2 6 1 1567 1616 1568
2482 2 2 6 1 1568 1616 1617
2483 2 2 6 1 1568 1617 1618
2484 2 2 6 1 1618 1569 1568
2485 2 2 6 1 1569 1618 1570
2486 2 2 6 1 1570 1618 1619
2487 2 2 6 1 1570 1619 1620
2488 2 2 6 1 1620 1571 1570
2489 2 2 6 1 1571 1620 1572
2490 2 2 6 1 1572 1620 1621
2491 2 2 6 1 1572 1621 1622
2492 2 2 6 1 1622 1573 1572
2493 2 2 6 1 1573 1622 1574
2494 2 2 6 1 1574 1622 1623
2495 2 2 6 1 1574 1623 1624
2496 2 2 6 1 1624 1575 1574
2497 2 2 6 1 1575 1624 1576
2498 2 2 6 1 1576 1624 1625
2499 2 2 6 1 1576 1625 131
2500 2 2 6 1 131 132 1576
2501 2 2 6 1 33 34 1626
2502 2 2 6 1 1626 1577 33
2503 2 2 6 1 1577 1626 1578
2504 2 2 6 1 1578 1626 1627
2505 2 2 6 1 1578 1627 1628
2506 2 2 6 1 1628 1579 1578
2507 2 2 6 1 1579 1628 1580
2508 2 2 6 1 1580 1628 1629
2509 2 2 6 1 1580 1629 1630
2510 2 2 6 1 1630 1581 1580
2511 2 2 6 1 1581 1630 1582
2512 2 2 6 1 1582 1630 1631
2513 2 2 6 1 1582 1631 1632
2514 2 2 6 1 1632 1583 1582
2515 2 2 6 1 1583 1632 1584
2516 2 2 6 1 1584 1632 1633
2517 2 2 6 1 1584 1633 1634
2518 2 2 6 1 1634 1585 1584
2519 2 2 6 1 1585 1634 1586
2520 2 2 6 1 1586 1634 1635
2521 2 2 6 1 1586 1635 1636
2522 2 2 6 1 1636 1587 1586
2523 2 2 6 1 1587 1636 1588
2524 2 2 6 1 1588 1636 1637
2525 2 2 6 1 1588 1637 1638
2526 2 2 6 1 1638 1589 1588
2527 2 2 6 1 1589 1638 1590
2528 2 2 6 1 1590 1638 1639
2529 2 2 6 1 1590 1639 1640
2530 2 2 6 1 1640 1591 1590
2531 2 2 6 1 1591 1640 1592
2532 2 2 6 1 1592 1640 1641
2533 2 2 6 1 1592 1641 1642
2534 2 2 6 1 1642 1593 1592
2535 2 2 6 1 1593 1642 1594
2536 2 2 6 1 1594 1642 1643
2537 2 2 6 1 1594 1643 1644
2538 2 2 6 1 1644 1595 1594
2539 2 2 6 1 1595 1644 1596
2540 2 2 6 1 1596 1644 1645
2541 2 2 6 1 1596 1645 1646
2542 2 2 6 1 1646 1597 1596
2543 2 2 6 1 1597 1646 1598
2544 2 2 6 1 1598 1646 1647
2545 2 2 6 1 1598 1647 1648
2546 2 2 6 1 1648 1599 1598
2547 2 2 6 1 1599 1648 1600
2548 2 2 6 1 1600 1648 1649
2549 2 2 6 1 1600 1649 1650
2550 2 2 6 1 1650 1601 1600
2551 2 2 6 1 1601 1650 1602
2552 2 2 6 1 1602 1650 1651
2553 2 2 6 1 1602 1651 1652
2554 2 2 6 1 1652 1603 1602
2555 2 2 6 1 1603 1652 1604
2556 2 2 6 1 1604 1652 1653
2557 2 2 6 1 1604 1653 1654
2558 2 2 6 1 1654 1605 1604
2559 2 2 6 1 1605 1654 1606
2560 2 2 6 1 1606 1654 1655
2561 2 2 6 1 1606 1655 1656
2562 2 2 6 1 1656 1607 1606
2563 2 2 6 1 1607 1656 1608
2564 2 2 6 1 1608 1656 1657
2565 2 2 6 1 1608 1657 1658
2566 2 2 6 1 1658 1609 1608
2567 2 2 6 1 1609 1658 1610
2568 2 2 6 1 1610 1658 1659
2569 2 2 6 1 1610 1659 1660
2570 2 2 6 1 1660 1611 1610
2571 2 2 6 1 1611 1660 1612
2572 2 2 6 1 1612 1660 1661
2573 2 2 6 1 1612 1661 1662
2574 2 2 6 1 1662 1613 1612
2575 2 2 6 1 1613 1662 1614
2576 2 2 6 1 1614 1662 1663
2577 2 2 6 1 1614 1663 1664
2578 2 2 6 1 1664 1615 1614
2579 2 2 6 1 1615 1664 1616
2580 2 2 6 1 1616 1664 1665
2581 2 2 6 1 1616 1665 1666
2582 2 2 6 1 1666 1617 1616
2583 2 2 6 1 1617 1666 1618
2584 2 2 6 1 1618 1666 1667
2585 2 2 6 1 1618 1667 1668
2586 2 2 6 1 1668 1619 1618
2587 2 2 6 1 1619 1668 1620
2588 2 2 6 1 1620 1668 1669
2589 2 2 6 1 1620 1669 1670
2590 2 2 6 1 1670 1621 1620
2591 2 2 6 1 1621 1670 1622
2592 2 2 6 1 1622 1670 1671
2593 2 2 6 1 1622 1671 1672
2594 2 2 6 1 1672 1623 1622
2595 2 2 6 1 1623 1672 1624
2596 2 2 6 1 1624 1672 1673
2597 2 2 6 1 1624 1673 1674
2598 2 2 6 1 1674 1625 1624
2599 2 2 6 1 1625 1674 131
2600 2 2 6 1 131 1674 130
2601 2 2 6 1 34 35 1626
2602 2 2 6 1 1626 35 1675
2603 2 2 6 1 1626 1675 1676
2604 2 2 6 1 1676 1627 1626
2605 2 2 6 1 1627 1676 1628
2606 2 2 6 1 1628 1676 1677
2607 2 2 6 1 1628 1677 1678
2608 2 2 6 1 1678 1629 1628
2609 2 2 6 1 1629 1678 1630
2610 2 2 6 1 1630 1678 1679
2611 2 2 6 1 1630 1679 1680
2612 2 2 6 1 1680 1631 1630
2613 2 2 6 1 1631 1680 1632
2614 2 2 6 1 1632 1680 1681
2615 2 2 6 1 1632 1681 1682
2616 2 2 6 1 1682 1633 1632
2617 2 2 6 1 1633 1682 1634
2618 2 2 6 1 1634 1682 1683
2619 2 2 6 1 1634 1683 1684
2620 2 2 6 1 1684 1635 1634
2621 2 2 6 1 1635 1684 1636
2622 2 2 6 1 1636 1684 1685
2623 2 2 6 1 1636 1685 1686
2624 2 2 6 1 1686 1637 1636
2625 2 2 6 1 1637 1686 1638
2626 2 2 6 1 1638 1686 1687
2627 2 2 6 1 1638 1687 1688
2628 2 2 6 1 1688 1639 1638
2629 2 2 6 1 1639 1688 1640
2630 2 2 6 1 1640 1688 1689
2631 2 2 6 1 1640 1689 1690
2632 2 2 6 1 1690 1641 1640
2633 2 2 6 1 1641 1690 1642
2634 2 2 6 1 1642 1690 1691
2635 2 2 6 1 1642 1691 1692
2636 2 2 6 1 1692 1643 1642
2637 2 2 6 1 1643 1692 1644
2638 2 2 6 1 1644 1692 1693
2639 2 2 6 1 1644 1693 1694
2640 2 2 6 1 1694 1645 1644
2641 2 2 6 1 1645 1694 1646
2642 2 2 6 1 1646 1694 1695
2643 2 2 6 1 1646 1695 1696
2644 2 2 6 1 1696 1647 1646
2645 2 2 6 1 1647 1696 1648
2646 2 2 6 1 1648 1696 1697
2647 2 2 6 1 1648 1697 1698
2648 2 2 6 1 1698 1649 1648
2649 2 2 6 1 1649 1698 1650
2650 2 2 6 1 1650 1698 1699
2651 2 2 6 1 1650 1699 1700
2652 2 2 6 1 1700 1651 1650
2653 2 2 6 1 1651 1700 1652
2654 2 2 6 1 1652 1700 1701
2655 2 2 6 1 1652 1701 1702
2656 2 2 6 1 1702 1653 1652
2657 2 2 6 1 1653 1702 1654
2658 2 2 6 1 1654 1702 1703
2659 2 2 6 1 1654 1703 1704
2660 2 2 6 1 1704 1655 1654
2661 2 2 6 1 1655 1704 1656
2662 2 2 6 1 1656 1704 1705
2663 2 2 6 1 1656 1705 1706
2664 2 2 6 1 1706 1657 1656
2665 2 2 6 1 1657 1706 1658
2666 2 2 6 1 1658 1706 1707
2667 2 2 6 1 1658 1707 1708
2668 2 2 6 1 1708 1659 1658
2669 2 2 6 1 1659 1708 1660
2670 2 2 6 1 1660 1708 1709
2671 2 2 6 1 1660 1709 1710
2672 2 2 6 1 1710 1661 1660
2673 2 2 6 1 1661 1710 1662
2674 2 2 6 1 1662 1710 1711
2675 2 2 6 1 1662 1711 1712
2676 2 2 6 1 1712 1663 1662
2677 2 2 6 1 1663 1712 1664
2678 2 2 6 1 1664 1712 1713
2679 2 2 6 1 1664 1713 1714
2680 2 2 6 1 1714 1665 1664
2681 2 2 6 1 1665 1714 1666
2682 2 2 6 1 1666 1714 1715
2683 2 2 6 1 1666 1715 1716
2684 2 2 6 1 1716 1667 1666
2685 2 2 6 1 1667 1716 1668
2686 2 2 6 1 1668 1716 1717
2687 2 2 6 1 1668 1717 1718
2688 2 2 6 1 1718 1669 1668
2689 2 2 6 1 1669 1718 1670
2690 2 2 6 1 1670 1718 1719
2691 2 2 6 1 1670 1719 1720
2692 2 2 6 1 1720 1671 1670
2693 2 2 6 1 1671 1720 1672
2694 2 2 6 1 1672 1720 1721
2695 2 2 6 1 1672 1721 1722
2696 2 2 6 1 1722 1673 1672
2697 2 2 6 1 1673 1722 1674
2698 2 2 6 1 1674 1722 1723
2699 2 2 6 1 1674 1723 129
2700 2 2 6 1 129 130 1674
2701 2 2 6 1 35 36 1724
2702 2 2 6 1 1724 1675 35
2703 2 2 6 1 1675 1724 1676
2704 2 2 6 1 1676 1724 1725
2705 2 2 6 1 1676 1725 1726
2706 2 2 6 1 1726 1677 1676
2707 2 2 6 1 1677 1726 1678
2708 2 2 6 1 1678 1726 1727
2709 2 2 6 1 1678 1727 1728
2710 2 2 6 1 1728 1679 1678
2711 2 2 6 1 1679 1728 1680
2712 2 2 6 1 1680 1728 1729
2713 2 2 6 1 1680 1729 1730
2714 2 2 6 1 1730 1681 1680
2715 2 2 6 1 1681 1730 1682
2716 2 2 6 1 1682 1730 1731
2717 2 2 6 1 1682 1731 1732
2718 2 2 6 1 1732 1683 1682
2719 2 2 6 1 1683 1732 1684
2720 2 2 6 1 1684 1732 1733
2721 2 2 6 1 1684 1733 1734
2722 2 2 6 1 1734 1685 1684
2723 2 2 6 1 1685 1734 1686
2724 2 2 6 1 1686 1734 1735
2725 2 2 6 1 1686 1735 1736
2726 2 2 6 1 1736 1687 1686
2727 2 2 6 1 1687 1736 1688
2728 2 2 6 1 1688 1736 1737
2729 2 2 6 1 1688 1737 1738
2730 2 2 6 1 1738 1689 1688
2731 2 2 6 1 1689 1738 1690
2732 2 2 6 1 1690 1738 1739
2733 2 2 6 1 1690 1739 1740
2734 2 2 6 1 1740 1691 1690
2735 2 2 6 1 1691 1740 1692
2736 2 2 6 1 1692 1740 1741
2737 2 2 6 1 1692 1741 1742
2738 2 2 6 1 1742 1693 1692
2739 2 2 6 1 1693 1742 1694
2740 2 2 6 1 1694 1742 1743
2741 2 2 6 1 1694 1743 1744
2742 2 2 6 1 1744 1695 1694
2743 2 2 6 1 1695 1744 1696
2744 2 2 6 1 1696 1744 1745
2745 2 2 6 1 1696 1745 1746
2746 2 2 6 1 1746 1697 1696
2747 2 2 6 1 1697 1746 1698
2748 2 2 6 1 1698 1746 1747
2749 2 2 6 1 1698 1747 1748
2750 2 2 6 1 1748 1699 1698
2751 2 2 6 1 1699 1748 1700
2752 2 2 6 1 1700 1748 1749
2753 2 2 6 1 1700 1749 1750
2754 2 2 6 1 1750 1701 1700
2755 2 2 6 1 1701 1750 1702
2756 2 2 6 1 1702 1750 1751
2757 2 2 6 1 1702 1751 1752
2758 2 2 6 1 1752 1703 1702
2759 2 2 6 1 1703 1752 1704
2760 2 2 6 1 1704 1752 1753
2761 2 2 6 1 1704 1753 1754
2762 2 2 6 1 1754 1705 1704
2763 2 2 6 1 1705 1754 1706
2764 2 2 6 1 1706 1754 1755
2765 2 2 6 1 1706 1755 1756
2766 2 2 6 1 1756 1707 1706
2767 2 2 6 1 1707 1756 1708
2768 2 2 6 1 1708 1756 1757
2769 2 2 6 1 1708 1757 1758
2770 2 2 6 1 1758 1709 1708
2771 2 2 6 1 1709 1758 1710
2772 2 2 6 1 1710 1758 1759
2773 2 2 6 1 1710 1759 1760
2774 2 2 6 1 1760 1711 1710
2775 2 2 6 1 1711 1760 1712
2776 2 2 6 1 1712 1760 1761
2777 2 2 6 1 1712 1761 1762
2778 2 2 6 1 1762 1713 1712
2779 2 2 6 1 1713 1762 1714
2780 2 2 6 1 1714 1762 1763
2781 2 2 6 1 1714 1763 1764
2782 2 2 6 1 1764 1715 1714
2783 2 2 6 1 1715 1764 1716
2784 2 2 6 1 1716 1764 1765
2785 2 2 6 1 1716 1765 1766
2786 2 2 6 1 1766 1717 1716
2787 2 2 6 1 1717 1766 1718
2788 2 2 6 1 1718 1766 1767
2789 2 2 6 1 1718 1767 1768
2790 2 2 6 1 1768 1719 1718
2791 2 2 6 1 1719 1768 1720
2792 2 2 6 1 1720 1768 1769
2793 2 2 6 1 1720 1769 1770
2794 2 2 6 1 1770 1721 1720
2795 2 2 6 1 1721 1770 1722
2796 2 2 6 1 1722 1770 1771
2797 2 2 6 1 1722 1771 1772
2798 2 2 6 1 1772 1723 1722
2799 2 2 6 1 1723 1772 129
2800 2 2 6 1 129 1772 128
2801 2 2 6 1 36 37 1724
2802 2 2 6 1 1724 37 1773
2803 2 2 6 1 1724 1773 1774
2804 2 2 6 1 1774 1725 1724
2805 2 2 6 1 1725 1774 1726
2806 2 2 6 1 1726 1774 1775
2807 2 2 6 1 1726 1775 1776
2808 2 2 6 1 1776 1727 1726
2809 2 2 6 1 1727 1776 1728
2810 2 2 6 1 1728 1776 1777
2811 2 2 6 1 1728 1777 1778
2812 2 2 6 1 1778 1729 1728
2813 2 2 6 1 1729 1778 1730
2814 2 2 6 1 1730 1778 1779
2815 2 2 6 1 1730 1779 1780
2816 2 2 6 1 1780 1731 1730
2817 2 2 6 1 1731 1780 1732
2818 2 2 6 1 1732 1780 1781
2819 2 2 6 1 1732 1781 1782
2820 2 2 6 1 1782 1733 1732
2821 2 2 6 1 1733 1782 1734
2822 2 2 6 1 1734 1782 1783
2823 2 2 6 1 1734 1783 1784
2824 2 2 6 1 1784 1735 1734
2825 2 2 6 1 1735 1784 1736
2826 2 2 6 1 1736 1784 1785
2827 2 2 6 1 1736 1785 1786
2828 2 2 6 1 1786 1737 1736
2829 2 2 6 1 1737 1786 1738
2830 2 2 6 1 1738 1786 1787
2831 2 2 6 1 1738 1787 1788
2832 2 2 6 1 1788 1739 1738
2833 2 2 6 1 1739 1788 1740
2834 2 2 6 1 1740 1788 1789
2835 2 2 6 1 1740 1789 1790
2836 2 2 6 1 1790 1741 1740
2837 2 2 6 1 1741 1790 1742
2838 2 2 6 1 1742 1790 1791
2839 2 2 6 1 1742 1791 1792
2840 2 2 6 1 1792 1743 1742
2841 2 2 6 1 1743 1792 1744
2842 2 2 6 1 1744 1792 1793
2843 2 2 6 1 1744 1793 1794
2844 2 2 6 1 1794 1745 1744
2845 2 2 6 1 1745 1794 1746
2846 2 2 6 1 1746 1794 1795
2847 2 2 6 1 1746 1795 1796
2848 2 2 6 1 1796 1747 1746
2849 2 2 6 1 1747 1796 1748
2850 2 2 6 1 1748 1796 1797
2851 2 2 6 1 1748 1797 1798
2852 2 2 6 1 1798 1749 1748
2853 2 2 6 1 1749 1798 1750
2854 2 2 6 1 1750 1798 1799
2855 2 2 6 1 1750 1799 1800
2856 2 2 6 1 1800 1751 1750
2857 2 2 6 1 1751 1800 1752
2858 2 2 6 1 1752 1800 1801
2859 2 2 6 1 1752 1801 1802
2860 2 2 6 1 1802 1753 1752
2861 2 2 6 1 1753 1802 1754
2862 2 2 6 1 1754 1802 1803
2863 2 2 6 1 1754 1803 1804
2864 2 2 6 1 1804 1755 1754
2865 2 2 6 1 1755 1804 1756
2866 2 2 6 1 1756 1804 1805
2867 2 2 6 1 1756 1805 1806
2868 2 2 6 1 1806 1757 1756
2869 2 2 6 1 1757 1806 1758
2870 2 2 6 1 1758 1806 1807
2871 2 2 6 1 1758 1807 1808
2872 2 2 6 1 1808 1759 1758
2873 2 2 6 1 1759 1808 1760
2874 2 2 6 1 1760 1808 1809
2875 2 2 6 1 1760 1809 1810
2876 2 2 6 1 1810 1761 1760
2877 2 2 6 1 1761 1810 1762
2878 2 2 6 1 1762 1810 1811
2879 2 2 6 1 1762 1811 1812
2880 2 2 6 1 1812 1763 1762
2881 2 2 6 1 1763 1812 1764
2882 2 2 6 1 1764 1812 1813
2883 2 2 6 1 1764 1813 1814
2884 2 2 6 1 1814 1765 1764
2885 2 2 6 1 1765 1814 1766
2886 2 2 6 1 1766 1814 1815
2887 2 2 6 1 1766 1815 1816
2888 2 2 6 1 1816 1767 1766
2889 2 2 6 1 1767 1816 1768
2890 2 2 6 1 1768 1816 1817
2891 2 2 6 1 1768 1817 1818
2892 2 2 6 1 1818 1769 1768
2893 2 2 6 1 1769 1818 1770
2894 2 2 6 1 1770 1818 1819
2895 2 2 6 1 1770 1819 1820
2896 2 2 6 1 1820 1771 1770
2897 2 2 6 1 1771 1820 1772
2898 2 2 6 1 1772 1820 1821
2899 2 2 6 1 1772 1821 127
2900 2 2 6 1 127 128 1772
2901 2 2 6 1 37 38 1822
2902 2 2 6 1 1822 1773 37
2903 2 2 6 1 1773 1822 1774
2904 2 2 6 1 1774 1822 1823
2905 2 2 6 1 1774 1823 1824
2906 2 2 6 1 1824 1775 1774
2907 2 2 6 1 1775 1824 1776
2908 2 2 6 1 1776 1824 1825
2909 2 2 6 1 1776 1825 1826
2910 2 2 6 1 1826 1777 1776
2911 2 2 6 1 1777 1826 1778
2912 2 2 6 1 1778 1826 1827
2913 2 2 6 1 1778 1827 1828
2914 2 2 6 1 1828 1779 1778
2915 2 2 6 1 1779 1828 1780
2916 2 2 6 1 1780 1828 1829
2917 2 2 6 1 1780 1829 1830
2918 2 2 6 1 1830 1781 1780
2919 2 2 6 1 1781 1830 1782
2920 2 2 6 1 1782 1830 1831
2921 2 2 6 1 1782 1831 1832
2922 2 2 6 1 1832 1783 1782
2923 2 2 6 1 1783 1832 1784
2924 2 2 6 1 1784 1832 1833
2925 2 2 6 1 1784 1833 1834
2926 2 2 6 1 1834 1785 1784
2927 2 2 6 1 1785 1834 1786
2928 2 2 6 1 1786 1834 1835
2929 2 2 6 1 1786 1835 1836
2930 2 2 6 1 1836 1787 1786
2931 2 2 6 1 1787 1836 1788
2932 2 2 6 1 1788 1836 1837
2933 2 2 6 1 1788 1837 1838
2934 2 2 6 1 1838 1789 1788
2935 2 2 6 1 1789 1838 1790
2936 2 2 6 1 1790 1838 1839
2937 2 2 6 1 1790 1839 1840
2938 2 2 6 1 1840 1791 1790
2939 2 2 6 1 1791 1840 1792
2940 2 2 6 1 1792 1840 1841
2941 2 2 6 1 1792 1841 1842
2942 2 2 6 1 1842 1793 1792
2943 2 2 6 1 1793 1842 1794
2944 2 2 6 1 1794 1842 1843
2945 2 2 6 1 1794 1843 1844
2946 2 2 6 1 1844 1795 1794
2947 2 2 6 1 1795 1844 1796
2948 2 2 6 1 1796 1844 1845
2949 2 2 6 1 1796 1845 1846
2950 2 2 6 1 1846 1797 1796
2951 2 2 6 1 1797 1846 1798
2952 2 2 6 1 1798 1846 1847
2953 2 2 6 1 1798 1847 1848
2954 2 2 6 1 1848 1799 1798
2955 2 2 6 1 1799 1848 1800
2956 2 2 6 1 1800 1848 1849
2957 2 2 6 1 1800 1849 1850
2958 2 2 6 1 1850 1801 1800
2959 2 2 6 1 1801 1850 1802
2960 2 2 6 1 1802 1850 1851
2961 2 2 6 1 1802 1851 1852
2962 2 2 6 1 1852 1803 1802
2963 2 2 6 1 1803 1852 1804
2964 2 2 6 1 1804 1852 1853
2965 2 2 6 1 1804 1853 1854
2966 2 2 6 1 1854 1805 1804
2967 2 2 6 1 1805 1854 1806
2968 2 2 6 1 1806 1854 1855
2969 2 2 6 1 1806 1855 1856
2970 2 2 6 1 1856 1807 1806
2971 2 2 6 1 1807 1856 1808
2972 2 2 6 1 1808 1856 1857
2973 2 2 6 1 1808 1857 1858
2974 2 2 6 1 1858 1809 1808
2975 2 2 6 1 1809 1858 1810
2976 2 2 6 1 1810 1858 1859
2977 2 2 6 1 1810 1859 1860
2978 2 2 6 1 1860 1811 1810
2979 2 2 6 1 1811 1860 1812
2980 2 2 6 1 1812 1860 1861
2981 2 2 6 1 1812 1861 1862
2982 2 2 6 1 1862 1813 1812
2983 2 2 6 1 1813 1862 1814
2984 2 2 6 1 1814 1862 1863
2985 2 2 6 1 1814 1863 1864
2986 2 2 6 1 1864 1815 1814
2987 2 2 6 1 1815 1864 1816
2988 2 2 6 1 1816 1864 1865
2989 2 2 6 1 1816 1865 1866
2990 2 2 6 1 1866 1817 1816
2991 2 2 6 1 1817 1866 1818
2992 2 2 6 1 1818 1866 1867
2993 2 2 6 1 1818 1867 1868
2994 2 2 6 1 1868 1819 1818
2995 2 2 6 1 1819 1868 1820
2996 2 2 6 1 1820 1868 1869
2997 2 2 6 1 1820 1869 1870
2998 2 2 6 1 1870 1821 1820
2999 2 2 6 1 1821 1870 127
3000 2 2 6 1 127 1870 126
3001 2 2 6 1 38 39 1822
3002 2 2 6 1 1822 39 1871
3003 2 2 6 1 1822 1871 1872
3004 2 2 6 1 1872 1823 1822
3005 2 2 6 1 1823 1872 1824
3006 2 2 6 1 1824 1872 1873
3007 2 2 6 1 1824 1873 1874
3008 2 2 6 1 1874 1825 1824
3009 2 2 6 1 1825 1874 1826
3010 2 2 6 1 1826 1874 1875
3011 2 2 6 1 1826 1875 1876
3012 2 2 6 1 1876 1827 1826
3013 2 2 6 1 1827 1876 1828
3014 2 2 6 1 1828 1876 1877
3015 2 2 6 1 1828 1877 1878
3016 2 2 6 1 1878 1829 1828
3017 2 2 6 1 1829 1878 1830
3018 2 2 6 1 1830 1878 1879
3019 2 2 6 1 1830 1879 1880
3020 2 2 6 1 1880 1831 1830
3021 2 2 6 1 1831 1880 1832
3022 2 2 6 1 1832 1880 1881
3023 2 2 6 1 1832 1881 1882
3024 2 2 6 1 1882 1833 1832
3025 2 2 6 1 1833 1882 1834
3026 2 2 6 1 1834 1882 1883
3027 2 2 6 1 1834 1883 1884
3028 2 2 6 1 1884 1835 1834
3029 2 2 6 1 1835 1884 1836
3030 2 2 6 1 1836 1884 1885
3031 2 2 6 1 1836 1885 1886
3032 2 2 6 1 1886 1837 1836
3033 2 2 6 1 1837 1886 1838
3034 2 2 6 1 1838 1886 1887
3035 2 2 6 1 1838 1887 1888
3036 2 2 6 1 1888 1839 1838
3037 2 2 6 1 1839 1888 1840
3038 2 2 6 1 1840 1888 1889
3039 2 2 6 1 1840 1889 1890
3040 2 2 6 1 1890 1841 1840
3041 2 2 6 1 1841 1890 1842
3042 2 2 6 1 1842 1890 1891
3043 2 2 6 1 1842 1891 1892
3044 2 2 6 1 1892 1843 1842
3045 2 2 6 1 1843 1892 1844
3046 2 2 6 1 1844 1892 1893
3047 2 2 6 1 1844 1893 1894
3048 2 2 6 1 1894 1845 1844
3049 2 2 6 1 1845 1894 1846
3050 2 2 6 1 1846 1894 1895
3051 2 2 6 1 1846 1895 1896
3052 2 2 6 1 1896 1847 1846
3053 2 2 6 1 1847 1896 1848
3054 2 2 6 1 1848 1896 1897
3055 2 2 6 1 1848 1897 1898
3056 2 2 6 1 1898 1849 1848
3057 2 2 6 1 1849 1898 1850
3058 2 2 6 1 1850 1898 1899
3059 2 2 6 1 1850 1899 1900
3060 2 2 6 1 1900 1851 1850
3061 2 2 6 1 1851 1900 1852
3062 2 2 6 1 1852 1900 1901
3063 2 2 6 1 1852 1901 1902
3064 2 2 6 1 1902 1853 1852
3065 2 2 6 1 1853 1902 1854
3066 2 2 6 1 1854 1902 1903
3067 2 2 6 1 1854 1903 1904
3068 2 2 6 1 1904 1855 1854
3069 2 2 6 1 1855 1904 1856
3070 2 2 6 1 1856 1904 1905
3071 2 2 6 1 1856 1905 1906
3072 2 2 6 1 1906 1857 1856
3073 2 2 6 1 1857 1906 1858
3074 2 2 6 1 1858 1906 1907
3075 2 2 6 1 1858 1907 1908
3076 2 2 6 1 1908 1859 1858
3077 2 2 6 1 1859 1908 1860
3078 2 2 6 1 1860 1908 1909
3079 2 2 6 1 1860 1909 1910
3080 2 2 6 1 1910 1861 1860
3081 2 2 6 1 1861 1910 1862
3082 2 2 6 1 1862 1910 1911
3083 2 2 6 1 1862 1911 1912
3084 2 2 6 1 1912 1863 1862
3085 2 2 6 1 1863 1912 1864
3086 2 2 6 1 1864 1912 1913
3087 2 2 6 1 1864 1913 1914
3088 2 2 6 1 1914 1865 1864
3089 2 2 6 1 1865 1914 1866
3090 2 2 6 1 1866 1914 1915
3091 2 2 6 1 1866 1915 1916
3092 2 2 6 1 1916 1867 1866
3093 2 2 6 1 1867 1916 1868
3094 2 2 6 1 1868 1916 1917
3095 2 2 6 1 1868 1917 1918
3096 2 2 6 1 1918 1869 1868
3097 2 2 6 1 1869 1918 1870
3098 2 2 6 1 1870 1918 1919
3099 2 2 6 1 1870 1919 125
3100 2 2 6 1 125 126 1870
3101 2 2 6 1 39 40 1920
3102 2 2 6 1 1920 1871 39
3103 2 2 6 1 1871 1920 1872
3104 2 2 6 1 1872 1920 1921
3105 2 2 6 1 1872 1921 1922
3106 2 2 6 1 1922 1873 1872
3107 2 2 6 1 1873 1922 1874
3108 2 2 6 1 1874 1922 1923
3109 2 2 6 1 1874 1923 1924
3110 2 2 6 1 1924 1875 1874
3111 2 2 6 1 1875 1924 1876
3112 2 2 6 1 1876 1924 1925
3113 2 2 6 1 1876 1925 1926
3114 2 2 6 1 1926 1877 1876
3115 2 2 6 1 1877 1926 1878
3116 2 2 6 1 1878 1926 1927
3117 2 2 6 1 1878 1927 1928
3118 2 2 6 1 1928 1879 1878
3119 2 2 6 1 1879 1928 1880
3120 2 2 6 1 1880 1928 1929
3121 2 2 6 1 1880 1929 1930
3122 2 2 6 1 1930 1881 1880
3123 2 2 6 1 1881 1930 1882
3124 2 2 6 1 1882 1930 1931
3125 2 2 6 1 1882 1931 1932
3126 2 2 6 1 1932 1883 1882
3127 2 2 6 1 1883 1932 1884
3128 2 2 6 1 1884 1932 1933
3129 2 2 6 1 1884 1933 1934
3130 2 2 6 1 1934 1885 1884
3131 2 2 6 1 1885 1934 1886
3132 2 2 6 1 1886 1934 1935
3133 2 2 6 1 1886 1935 1936
3134 2 2 6 1 1936 1887 1886
3135 2 2 6 1 1887 1936 1888
3136 2 2 6 1 1888 1936 1937
3137 2 2 6 1 1888 1937 1938
3138 2 2 6 1 1938 1889 1888
3139 2 2 6 1 1889 1938 1890
3140 2 2 6 1 1890 1938 1939
3141 2 2 6 1 1890 1939 1940
3142 2 2 6 1 1940 1891 1890
3143 2 2 6 1 1891 1940 1892
3144 2 2 6 1 1892 1940 1941
3145 2 2 6 1 1892 1941 1942
3146 2 2 6 1 1942 1893 1892
3147 2 2 6 1 1893 1942 1894
3148 2 2 6 1 1894 1942 1943
3149 2 2 6 1 1894 1943 1944
3150 2 2 6 1 1944 1895 1894
3151 2 2 6 1 1895 1944 1896
3152 2 2 6 1 1896 1944 1945
3153 2 2 6 1 1896 1945 1946
3154 2 2 6 1 1946 1897 1896
3155 2 2 6 1 1897 1946 1898
3156 2 2 6 1 1898 1946 1947
3157 2 2 6 1 1898 1947 1948
3158 2 2 6 1 1948 1899 1898
3159 2 2 6 1 1899 1948 1900
3160 2 2 6 1 1900 1948 1949
3161 2 2 6 1 1900 1949 1950
3162 2 2 6 1 1950 1901 1900
3163 2 2 6 1 1901 1950 1902
3164 2 2 6 1 1902 1950 1951
3165 2 2 6 1 1902 1951 1952
3166 2 2 6 1 1952 1903 1902
3167 2 2 6 1 1903 1952 1904
3168 2 2 6 1 1904 1952 1953
3169 2 2 6 1 1904 1953 1954
3170 2 2 6 1 1954 1905 1904
3171 2 2 6 1 1905 1954 1906
3172 2 2 6 1 1906 1954 1955
3173 2 2 6 1 1906 1955 1956
3174 2 2 6 1 1956 1907 1906
3175 2 2 6 1 1907 1956 1908
3176 2 2 6 1 1908 1956 1957
3177 2 2 6 1 1908 1957 1958
3178 2 2 6 1 1958 1909 1908
3179 2 2 6 1 1909 1958 1910
3180 2 2 6 1 1910 1958 1959
3181 2 2 6 1 1910 1959 1960
3182 2 2 6 1 1960 1911 1910
3183 2 2 6 1 1911 1960 1912
3184 2 2 6 1 1912 1960 1961
3185 2 2 6 1 1912 1961 1962
3186 2 2 6 1 1962 1913 1912
3187 2 2 6 1 1913 1962 1914
3188 2 2 6 1 1914 1962 1963
3189 2 2 6 1 1914 1963 1964
3190 2 2 6 1 1964 1915 1914
3191 2 2 6 1 1915 1964 1916
3192 2 2 6 1 1916 1964 1965
3193 2 2 6 1 1916 1965 1966
3194 2 2 6 1 1966 1917 1916
3195 2 2 6 1 1917 1966 1918
3196 2 2 6 1 1918 1966 1967
3197 2 2 6 1 1918 1967 1968
3198 2 2 6 1 1968 1919 1918
3199 2 2 6 1 1919 1968 125
3200 2 2 6 1 125 1968 124
3201 2 2 6 1 40 41 1920
3202 2 2 6 1 1920 41 1969
3203 2 2 6 1 1920 1969 1970
3204 2 2 6 1 1970 1921 1920
3205 2 2 6 1 1921 1970 1922
3206 2 2 6 1 1922 1970 1971
3207 2 2 6 1 1922 1971 1972
3208 2 2 6 1 1972 1923 1922
3209 2 2 6 1 1923 1972 1924
3210 2 2 6 1 1924 1972 1973
3211 2 2 6 1 1924 1973 1974
3212 2 2 6 1 1974 1925 1924
3213 2 2 6 1 1925 1974 1926
3214 2 2 6 1 1926 1974 1975
3215 2 2 6 1 1926 1975 1976
3216 2 2 6 1 1976 1927 1926
3217 2 2 6 1 1927 1976 1928
3218 2 2 6 1 1928 1976 1977
3219 2 2 6 1 1928 1977 1978
3220 2 2 6 1 1978 1929 1928
3221 2 2 6 1 1929 1978 1930
3222 2 2 6 1 1930 1978 1979
3223 2 2 6 1 1930 1979 1980
3224 2 2 6 1 1980 1931 1930
3225 2 2 6 1 1931 1980 1932
3226 2 2 6 1 1932 1980 1981
3227 2 2 6 1 1932 1981 1982
3228 2 2 6 1 1982 1933 1932
3229 2 2 6 1 1933 1982 1934
3230 2 2 6 1 1934 1982 1983
3231 2 2 6 1 1934 1983 1984
3232 2 2 6 1 1984 1935 1934
3233 2 2 6 1 1935 1984 1936
3234 2 2 6 1 1936 1984 1985
3235 2 2 6 1 1936 1985 1986
3236 2 2 6 1 1986 1937 1936
3237 2 2 6 1 1937 1986 1938
3238 2 2 6 1 1938 1986 1987
3239 2 2 6 1 1938 1987 1988
3240 2 2 6 1 1988 1939 1938
3241 2 2 6 1 1939 1988 1940
3242 2 2 6 1 1940 1988 1989
3243 2 2 6 1 1940 1989 1990
3244 2 2 6 1 1990 1941 1940
3245 2 2 6 1 1941 1990 1942
3246 2 2 6 1 1942 1990 1991
3247 2 2 6 1 1942 1991 1992
3248 2 2 6 1 1992 1943 1942
3249 2 2 6 1 1943 1992 1944
3250 2 2 6 1 1944 1992 1993
3251 2 2 6 1 1944 1993 1994
3252 2 2 6 1 1994 1945 1944
3253 2 2 6 1 1945 1994 1946
3254 2 2 6 1 1946 1994 1995
3255 2 2 6 1 1946 1995 1996
3256 2 2 6 1 1996 1947 1946
3257 2 2 6 1 1947 1996 1948
3258 2 2 6 1 1948 1996 1997
3259 2 2 6 1 1948 1997 1998
3260 2 2 6 1 1998 1949 1948
3261 2 2 6 1 1949 1998 1950
3262 2 2 6 1 1950 1998 1999
3263 2 2 6 1 1950 1999 2000
3264 2 2 6 1 2000 1951 1950
3265 2 2 6 1 1951 2000 1952
3266 2 2 6 1 1952 2000 2001
3267 2 2 6 1 1952 2001 2002
3268 2 2 6 1 2002 1953 1952
3269 2 2 6 1 1953 2002 1954
3270 2 2 6 1 1954 2002 2003
3271 2 2 6 1 1954 2003 2004
3272 2 2 6 1 2004 1955 1954
3273 2 2 6 1 1955 2004 1956
3274 2 2 6 1 1956 2004 2005
3275 2 2 6 1 1956 2005 2006
3276 2 2 6 1 2006 1957 1956
3277 2 2 6 1 1957 2006 1958
3278 2 2 6 1 1958 2006 2007
3279 2 2 6 1 1958 2007 2008
3280 2 2 6 1 2008 1959 1958
3281 2 2 6 1 1959 2008 1960
3282 2 2 6 1 1960 2008 2009
3283 2 2 6 1 1960 2009 2010
3284 2 2 6 1 2010 1961 1960
3285 2 2 6 1 1961 2010 1962
3286 2 2 6 1 1962 2010 2011
3287 2 2 6 1 1962 2011 2012
3288 2 2 6 1 2012 1963 1962
3289 2 2 6 1 1963 2012 1964
3290 2 2 6 1 1964 2012 2013
3291 2 2 6 1 1964 2013 2014
3292 2 2 6 1 2014 1965 1964
3293 2 2 6 1 1965 2014 1966
3294 2 2 6 1 1966 2014 2015
3295 2 2 6 1 1966 2015 2016
3296 2 2 6 1 2016 1967 1966
3297 2 2 6 1 1967 2016 1968
3298 2 2 6 1 1968 2016 2017
3299 2 2 6 1 1968 2017 123
3300 2 2 6 1 123 124 1968
3301 2 2 6 1 41 42 2018
3302 2 2 6 1 2018 1969 41
3303 2 2 6 1 1969 2018 1970
3304 2 2 6 1 1970 2018 2019
3305 2 2 6 1 1970 2019 2020
3306 2 2 6 1 2020 1971 1970
3307 2 2 6 1 1971 2020 1972
3308 2 2 6 1 1972 2020 2021
3309 2 2 6 1 1972 2021 2022
3310 2 2 6 1 2022 1973 1972
3311 2 2 6 1 1973 2022 1974
3312 2 2 6 1 1974 2022 2023
3313 2 2 6 1 1974 2023 2024
3314 2 2 6 1 2024 1975 1974
3315 2 2 6 1 1975 2024 1976
3316 2 2 6 1 1976 2024 2025
3317 2 2 6 1 1976 2025 2026
3318 2 2 6 1 2026 1977 1976
3319 2 2 6 1 1977 2026 1978
3320 2 2 6 1 1978 2026 2027
3321 2 2 6 1 1978 2027 2028
3322 2 2 6 1 2028 1979 1978
3323 2 2 6 1 1979 2028 1980
3324 2 2 6 1 1980 2028 2029
3325 2 2 6 1 1980 2029 2030
3326 2 2 6 1 2030 1981 1980
3327 2 2 6 1 1981 2030 1982
3328 2 2 6 1 1982 2030 2031
3329 2 2 6 1 1982 2031 2032
3330 2 2 6 1 2032 1983 1982
3331 2 2 6 1 1983 2032 1984
3332 2 2 6 1 1984 2032 2033
3333 2 2 6 1 1984 2033 2034
3334 2 2 6 1 2034 1985 1984
3335 2 2 6 1 1985 2034 1986
3336 2 2 6 1 1986 2034 2035
3337 2 2 6 1 1986 2035 2036
3338 2 2 6 1 2036 1987 1986
3339 2 2 6 1 1987 2036 1988
3340 2 2 6 1 1988 2036 2037
3341 2 2 6 1 1988 2037 2038
3342 2 2 6 1 2038 1989 1988
3343 2 2 6 1 1989 2038 1990
3344 2 2 6 1 1990 2038 2039
3345 2 2 6 1 1990 2039 2040
3346 2 2 6 1 2040 1991 1990
3347 2 2 6 1 1991 2040 1992
3348 2 2 6 1 1992 2040 2041
3349 2 2 6 1 1992 2041 2042
3350 2 2 6 1 2042 1993 1992
3351 2 2 6 1 1993 2042 1994
3352 2 2 6 1 1994 2042 2043
3353 2 2 6 1 1994 2043 2044
3354 2 2 6 1 2044 1995 1994
3355 2 2 6 1 1995 2044 1996
3356 2 2 6 1 1996 2044 2045
3357 2 2 6 1 1996 2045 2046
3358 2 2 6 1 2046 1997 1996
3359 2 2 6 1 1997 2046 1998
3360 2 2 6 1 1998 2046 2047
3361 2 2 6 1 1998 2047 2048
3362 2 2 6 1 2048 1999 1998
3363 2 2 6 1 1999 2048 2000
3364 2 2 6 1 2000 2048 2049
3365 2 2 6 1 2000 2049 2050
3366 2 2 6 1 2050 2001 2000
3367 2 2 6 1 2001 2050 2002
3368 2 2 6 1 2002 2050 2051
3369 2 2 6 1 2002 2051 2052
3370 2 2 6 1 2052 2003 2002
3371 2 2 6 1 2003 2052 2004
3372 2 2 6 1 2004 2052 2053
3373 2 2 6 1 2004 2053 2054
3374 2 2 6 1 2054 2005 2004
3375 2 2 6 1 2005 2054 2006
3376 2 2 6 1 2006 2054 2055
3377 2 2 6 1 2006 2055 2056
3378 2 2 6 1 2056 2007 2006
3379 2 2 6 1 2007 2056 2008
3380 2 2 6 1 2008 2056 2057
3381 2 2 6 1 2008 2057 2058
3382 2 2 6 1 2058 2009 2008
3383 2 2 6 1 2009 2058 2010
3384 2 2 6 1 2010 2058 2059
3385 2 2 6 1 2010 2059 2060
3386 2 2 6 1 2060 2011 2010
3387 2 2 6 1 2011 2060 2012
3388 2 2 6 1 2012 2060 2061
3389 2 2 6 1 2012 2061 2062
3390 2 2 6 1 2062 2013 2012
3391 2 2 6 1 2013 2062 2014
3392 2 2 6 1 2014 2062 2063
3393 2 2 6 1 2014 2063 2064
3394 2 2 6 1 2064 2015 2014
3395 2 2 6 1 2015 2064 2016
3396 2 2 6 1 2016 2064 2065
3397 2 2 6 1 2016 2065 2066
3398 2 2 6 1 2066 2017 2016
3399 2 2 6 1 2017 2066 123
3400 2 2 6 1 123 2066 122
3401 2 2 6 1 42 43 2018
3402 2 2 6 1 2018 43 2067
3403 2 2 6 1 2018 2067 2068
3404 2 2 6 1 2068 2019 2018
3405 2 2 6 1 2019 2068 2020
3406 2 2 6 1 2020 2068 2069
3407 2 2 6 1 2020 2069 2070
3408 2 2 6 1 2070 2021 2020
3409 2 2 6 1 2021 2070 2022
3410 2 2 6 1 2022 2070 2071
3411 2 2 6 1 2022 2071 2072
3412 2 2 6 1 2072 2023 2022
3413 2 2 6 1 2023 2072 2024
3414 2 2 6 1 2024 2072 2073
3415 2 2 6 1 2024 2073 2074
3416 2 2 6 1 2074 2025 2024
3417 2 2 6 1 2025 2074 2026
3418 2 2 6 1 2026 2074 2075
3419 2 2 6 1 2026 2075 2076
3420 2 2 6 1 2076 2027 2026
3421 2 2 6 1 2027 2076 2028
3422 2 2 6 1 2028 2076 2077
3423 2 2 6 1 2028 2077 2078
3424 2 2 6 1 2078 2029 2028
3425 2 2 6 1 2029 2078 2030
3426 2 2 6 1 2030 2078 2079
3427 2 2 6 1 2030 2079 2080
3428 2 2 6 1 2080 2031 2030
3429 2 2 6 1 2031 2080 2032
3430 2 2 6 1 2032 2080 2081
3431 2 2 6 1 2032 2081 2082
3432 2 2 6 1 2082 2033 2032
3433 2 2 6 1 2033 2082 2034
3434 2 2 6 1 2034 2082 2083
3435 2 2 6 1 2034 2083 2084
3436 2 2 6 1 2084 2035 2034
3437 2 2 6 1 2035 2084 2036
3438 2 2 6 1 2036 2084 2085
3439 2 2 6 1 2036 2085 2086
3440 2 2 6 1 2086 2037 2036
3441 2 2 6 1 2037 2086 2038
3442 2 2 6 1 2038 2086 2087
3443 2 2 6 1 2038 2087 2088
3444 2 2 6 1 2088 2039 2038
3445 2 2 6 1 2039 2088 2040
3446 2 2 6 1 2040 2088 2089
3447 2 2 6 1 2040 2089 2090
3448 2 2 6 1 2090 2041 2040
3449 2 2 6 1 2041 2090 2042
3450 2 2 6 1 2042 2090 2091
3451 2 2 6 1 2042 2091 2092
3452 2 2 6 1 2092 2043 2042
3453 2 2 6 1 2043 2092 2044
3454 2 2 6 1 2044 2092 2093
3455 2 2 6 1 2044 2093 2094
3456 2 2 6 1 2094 2045 2044
3457 2 2 6 1 2045 2094 2046
3458 2 2 6 1 2046 2094 2095
3459 2 2 6 1 2046 2095 2096
3460 2 2 6 1 2096 2047 2046
3461 2 2 6 1 2047 2096 2048
3462 2 2 6 1 2048 2096 2097
3463 2 2 6 1 2048 2097 2098
3464 2 2 6 1 2098 2049 2048
3465 2 2 6 1 2049 2098 2050
3466 2 2 6 1 2050 2098 2099
3467 2 2 6 1 2050 2099 2100
3468 2 2 6 1 2100 2051 2050
3469 2 2 6 1 2051 2100 2052
3470 2 2 6 1 2052 2100 2101
3471 2 2 6 1 2052 2101 2102
3472 2 2 6 1 2102 2053 2052
3473 2 2 6 1 2053 2102 2054
3474 2 2 6 1 2054 2102 2103
3475 2 2 6 1 2054 2103 2104
3476 2 2 6 1 2104 2055 2054
3477 2 2 6 1 2055 2104 2056
3478 2 2 6 1 2056 2104 2105
3479 2 2 6 1 2056 2105 2106
3480 2 2 6 1 2106 2057 2056
3481 2 2 6 1 2057 2106 2058
3482 2 2 6 1 2058 2106 2107
3483 2 2 6 1 2058 2107 2108
3484 2 2 6 1 2108 2059 2058
3485 2 2 6 1 2059 2108 2060
3486 2 2 6 1 2060 2108 2109
3487 2 2 6 1 2060 2109 2110
3488 2 2 6 1 2110 2061 2060
3489 2 2 6 1 2061 2110 2062
3490 2 2 6 1 2062 2110 2111
3491 2 2 6 1 2062 2111 2112
3492 2 2 6 1 2112 2063 2062
3493 2 2 6 1 2063 2112 2064
3494 2 2 6 1 2064 2112 2113
3495 2 2 6 1 2064 2113 2114
3496 2 2 6 1 2114 2065 2064
3497 2 2 6 1 2065 2114 2066
3498 2 2 6 1 2066 2114 2115
3499 2 2 6 1 2066 2115 121
3500 2 2 6 1 121 122 2066
3501 2 2 6 1 43 44 2116
3502 2 2 6 1 2116 2067 43
3503 2 2 6 1 2067 2116 2068
3504 2 2 6 1 2068 2116 2117
3505 2 2 6 1 2068 2117 2118
3506 2 2 6 1 2118 2069 2068
3507 2 2 6 1 2069 2118 2070
3508 2 2 6 1 2070 2118 2119
3509 2 2 6 1 2070 2119 2120
3510 2 2 6 1 2120 2071 2070
3511 2 2 6 1 2071 2120 2072
3512 2 2 6 1 2072 2120 2121
3513 2 2 6 1 2072 2121 2122
3514 2 2 6 1 2122 2073 2072
3515 2 2 6 1 2073 2122 2074
3516 2 2 6 1 2074 2122 2123
3517 2 2 6 1 2074 2123 2124
3518 2 2 6 1 2124 2075 2074
3519 2 2 6 1 2075 2124 2076
3520 2 2 6 1 2076 2124 2125
3521 2 2 6 1 2076 2125 2126
3522 2 2 6 1 2126 2077 2076
3523 2 2 6 1 2077 2126 2078
3524 2 2 6 1 2078 2126 2127
3525 2 2 6 1 2078 2127 2128
3526 2 2 6 1 2128 2079 2078
3527 2 2 6 1 2079 2128 2080
3528 2 2 6 1 2080 2128 2129
3529 2 2 6 1 2080 2129 2130
3530 2 2 6 1 2130 2081 2080
3531 2 2 6 1 2081 2130 2082
3532 2 2 6 1 2082 2130 2131
3533 2 2 6 1 2082 2131 2132
3534 2 2 6 1 2132 2083 2082
3535 2 2 6 1 2083 2132 2084
3536 2 2 6 1 2084 2132 2133
3537 2 2 6 1 2084 2133 2134
3538 2 2 6 1 2134 2085 2084
3539 2 2 6 1 2085 2134 2086
3540 2 2 6 1 2086 2134 2135
3541 2 2 6 1 2086 2135 2136
3542 2 2 6 1 2136 2087 2086
3543 2 2 6 1 2087 2136 2088
3544 2 2 6 1 2088 2136 2137
3545 2 2 6 1 2088 2137 2138
3546 2 2 6 1 2138 2089 2088
3547 2 2 6 1 2089 2138 2090
3548 2 2 6 1 2090 2138 2139
3549 2 2 6 1 2090 2139 2140
3550 2 2 6 1 2140 2091 2090
3551 2 2 6 1 2091 2140 2092
3552 2 2 6 1 2092 2140 2141
3553 2 2 6 1 2092 2141 2142
3554 2 2 6 1 2142 2093 2092
3555 2 2 6 1 2093 2142 2094
3556 2 2 6 1 2094 2142 2143
3557 2 2 6 1 2094 2143 2144
3558 2 2 6 1 2144 2095 2094
3559 2 2 6 1 2095 2144 2096
3560 2 2 6 1 2096 2144 2145
3561 2 2 6 1 2096 2145 2146
3562 2 2 6 1 2146 2097 2096
3563 2 2 6 1 2097 2146 2098
3564 2 2 6 1 2098 2146 2147
3565 2 2 6 1 2098 2147 2148
3566 2 2 6 1 2148 2099 2098
3567 2 2 6 1 2099 2148 2100
3568 2 2 6 1 2100 2148 2149
3569 2 2 6 1 2100 2149 2150
3570 2 2 6 1 2150 2101 2100
3571 2 2 6 1 2101 2150 2102
3572 2 2 6 1 2102 2150 2151
3573 2 2 6 1 2102 2151 2152
3574 2 2 6 1 2152 2103 2102
3575 2 2 6 1 2103 2152 2104
3576 2 2 6 1 2104 2152 2153
3577 2 2 6 1 2104 2153 2154
3578 2 2 6 1 2154 2105 2104
3579 2 2 6 1 2105 2154 2106
3580 2 2 6 1 2106 2154 2155
3581 2 2 6 1 2106 2155 2156
3582 2 2 6 1 2156 2107 2106
3583 2 2 6 1 2107 2156 2108
3584 2 2 6 1 2108 2156 2157
3585 2 2 6 1 2108 2157 2158
3586 2 2 6 1 2158 2109 2108
3587 2 2 6 1 2109 2158 2110
3588 2 2 6 1 2110 2158 2159
3589 2 2 6 1 2110 2159 2160
3590 2 2 6 1 2160 2111 2110
3591 2 2 6 1 2111 2160 2112
3592 2 2 6 1 2112 2160 2161
3593 2 2 6 1 2112 2161 2162
3594 2 2 6 1 2162 2113 2112
3595 2 2 6 1 2113 2162 2114
3596 2 2 6 1 2114 2162 2163
3597 2 2 6 1 2114 2163 2164
3598 2 2 6 1 2164 2115 2114
3599 2 2 6 1 2115 2164 121
3600 2 2 6 1 121 2164 120
3601 2 2 6 1 44 45 2116
3602 2 2 6 1 2116 45 2165
3603 2 2 6 1 2116 2165 2166
3604 2 2 6 1 2166 2117 2116
3605 2 2 6 1 2117 2166 2118
3606 2 2 6 1 2118 2166 2167
3607 2 2 6 1 2118 2167 2168
3608 2 2 6 1 2168 2119 2118
3609 2 2 6 1 2119 2168 2120
3610 2 2 6 1 2120 2168 2169
3611 2 2 6 1 2120 2169 2170
3612 2 2 6 1 2170 2121 2120
3613 2 2 6 1 2121 2170 2122
3614 2 2 6 1 2122 2170 2171
3615 2 2 6 1 2122 2171 2172
3616 2 2 6 1 2172 2123 2122
3617 2 2 6 1 2123 2172 2124
3618 2 2 6 1 2124 2172 2173
3619 2 2 6 1 2124 2173 2174
3620 2 2 6 1 2174 2125 2124
3621 2 2 6 1 2125 2174 2126
3622 2 2 6 1 2126 2174 2175
3623 2 2 6 1 2126 2175 2176
3624 2 2 6 1 2176 2127 2126
3625 2 2 6 1 2127 2176 2128
3626 2 2 6 1 2128 2176 2177
3627 2 2 6 1 2128 2177 2178
3628 2 2 6 1 2178 2129 2128
3629 2 2 6 1 2129 2178 2130
3630 2 2 6 1 2130 2178 2179
3631 2 2 6 1 2130 2179 2180
3632 2 2 6 1 2180 2131 2130
3633 2 2 6 1 2131 2180 2132
3634 2 2 6 1 2132 2180 2181
3635 2 2 6 1 2132 2181 2182
3636 2 2 6 1 2182 2133 2132
3637 2 2 6 1 2133 2182 2134
3638 2 2 6 1 2134 2182 2183
3639 2 2 6 1 2134 2183 2184
3640 2 2 6 1 2184 2135 2134
3641 2 2 6 1 2135 2184 2136
3642 2 2 6 1 2136 2184 2185
3643 2 2 6 1 2136 2185 2186
3644 2 2 6 1 2186 2137 2136
3645 2 2 6 1 2137 2186 2138
3646 2 2 6 1 2138 2186 2187
3647 2 2 6 1 2138 2187 2188
3648 2 2 6 1 2188 2139 2138
3649 2 2 6 1 2139 2188 2140
3650 2 2 6 1 2140 2188 2189
3651 2 2 6 1 2140 2189 2190
3652 2 2 6 1 2190 2141 2140
3653 2 2 6 1 2141 2190 2142
3654 2 2 6 1 2142 2190 2191
3655 2 2 6 1 2142 2191 2192
3656 2 2 6 1 2192 2143 2142
3657 2 2 6 1 2143 2192 2144
3658 2 2 6 1 2144 2192 2193
3659 2 2 6 1 2144 2193 2194
3660 2 2 6 1 2194 2145 2144
3661 2 2 6 1 2145 2194 2146
3662 2 2 6 1 2146 2194 2195
3663 2 2 6 1 2146 2195 2196
3664 2 2 6 1 2196 2147 2146
3665 2 2 6 1 2147 2196 2148
3666 2 2 6 1 2148 2196 2197
3667 2 2 6 1 2148 2197 2198
3668 2 2 6 1 2198 2149 2148
3669 2 2 6 1 2149 2198 2150
3670 2 2 6 1 2150 2198 2199
3671 2 2 6 1 2150 2199 2200
3672 2 2 6 1 2200 2151 2150
3673 2 2 6 1 2151 2200 2152
3674 2 2 6 1 2152 2200 2201
3675 2 2 6 1 2152 2201 2202
3676 2 2 6 1 2202 2153 2152
3677 2 2 6 1 2153 2202 2154
3678 2 2 6 1 2154 2202 2203
3679 2 2 6 1 2154 2203 2204
3680 2 2 6 1 2204 2155 2154
3681 2 2 6 1 2155 2204 2156
3682 2 2 6 1 2156 2204 2205
3683 2 2 6 1 2156 2205 2206
3684 2 2 6 1 2206 2157 2156
3685 2 2 6 1 2157 2206 2158
3686 2 2 6 1 2158 2206 2207
3687 2 2 6 1 2158 2207 2208
3688 2 2 6 1 2208 2159 2158
3689 2 2 6 1 2159 2208 2160
3690 2 2 6 1 2160 2208 2209
3691 2 2 6 1 2160 2209 2210
3692 2 2 6 1 2210 2161 2160
3693 2 2 6 1 2161 2210 2162
3694 2 2 6 1 2162 2210 2211
3695 2 2 6 1 2162 2211 2212
3696 2 2 6 1 2212 2163 2162
3697 2 2 6 1 2163 2212 2164
3698 2 2 6 1 2164 2212 2213
3699 2 2 6 1 2164 2213 119
3700 2 2 6 1 119 120 2164
3701 2 2 6 1 45 46 2214
3702 2 2 6 1 2214 2165 45
3703 2 2 6 1 2165 2214 2166
3704 2 2 6 1 2166 2214 2215
3705 2 2 6 1 2166 2215 2216
3706 2 2 6 1 2216 2167 2166
3707 2 2 6 1 2167 2216 2168
3708 2 2 6 1 2168 2216 2217
3709 2 2 6 1 2168 2217 2218
3710 2 2 6 1 2218 2169 2168
3711 2 2 6 1 2169 2218 2170
3712 2 2 6 1 2170 2218 2219
3713 2 2 6 1 2170 2219 2220
3714 2 2 6 1 2220 2171 2170
3715 2 2 6 1 2171 2220 2172
3716 2 2 6 1 2172 2220 2221
3717 2 2 6 1 2172 2221 2222
3718 2 2 6 1 2222 2173 2172
3719 2 2 6 1 2173 2222 2174
3720 2 2 6 1 2174 2222 2223
3721 2 2 6 1 2174 2223 2224
3722 2 2 6 1 2224 2175 2174
3723 2 2 6 1 2175 2224 2176
3724 2 2 6 1 2176 2224 2225
3725 2 2 6 1 2176 2225 2226
3726 2 2 6 1 2226 2177 2176
3727 2 2 6 1 2177 2226 2178
3728 2 2 6 1 2178 2226 2227
3729 2 2 6 1 2178 2227 2228
3730 2 2 6 1 2228 2179 2178
3731 2 2 6 1 2179 2228 2180
3732 2 2 6 1 2180 2228 2229
3733 2 2 6 1 2180 2229 2230
3734 2 2 6 1 2230 2181 2180
3735 2 2 6 1 2181 2230 2182
3736 2 2 6 1 2182 2230 2231
3737 2 2 6 1 2182 2231 2232
3738 2 2 6 1 2232 2183 2182
3739 2 2 6 1 2183 2232 2184
3740 2 2 6 1 2184 2232 2233
3741 2 2 6 1 2184 2233 2234
3742 2 2 6 1 2234 2185 2184
3743 2 2 6 1 2185 2234 2186
3744 2 2 6 1 2186 2234 2235
3745 2 2 6 1 2186 2235 2236
3746 2 2 6 1 2236 2187 2186
3747 2 2 6 1 2187 2236 2188
3748 2 2 6 1 2188 2236 2237
3749 2 2 6 1 2188 2237 2238
3750 2 2 6 1 2238 2189 2188
3751 2 2 6 1 2189 2238 2190
3752 2 2 6 1 2190 2238 2239
3753 2 2 6 1 2190 2239 2240
3754 2 2 6 1 2240 2191 2190
3755 2 2 6 1 2191 2240 2192
3756 2 2 6 1 2192 2240 2241
3757 2 2 6 1 2192 2241 2242
3758 2 2 6 1 2242 2193 2192
3759 2 2 6 1 2193 2242 2194
3760 2 2 6 1 2194 2242 2243
3761 2 2 6 1 2194 2243 2244
3762 2 2 6 1 2244 2195 2194
3763 2 2 6 1 2195 2244 2196
3764 2 2 6 1 2196 2244 2245
3765 2 2 6 1 2196 2245 2246
3766 2 2 6 1 2246 2197 2196
3767 2 2 6 1 2197 2246 2198
3768 2 2 6 1 2198 2246 2247
3769 2 2 6 1 2198 2247 2248
3770 2 2 6 1 2248 2199 2198
3771 2 2 6 1 2199 2248 2200
3772 2 2 6 1 2200 2248 2249
3773 2 2 6 1 2200 2249 2250
3774 2 2 6 1 2250 2201 2200
3775 2 2 6 1 2201 2250 2202
3776 2 2 6 1 2202 2250 2251
3777 2 2 6 1 2202 2251 2252
3778 2 2 6 1 2252 2203 2202
3779 2 2 6 1 2203 2252 2204
3780 2 2 6 1 2204 2252 2253
3781 2 2 6 1 2204 2253 2254
3782 2 2 6 1 2254 2205 2204
3783 2 2 6 1 2205 2254 2206
3784 2 2 6 1 2206 2254 2255
3785 2 2 6 1 2206 2255 2256
3786 2 2 6 1 2256 2207 2206
3787 2 2 6 1 2207 2256 2208
3788 2 2 6 1 2208 2256 2257
3789 2 2 6 1 2208 2257 2258
3790 2 2 6 1 2258 2209 2208
3791 2 2 6 1 2209 2258 2210
3792 2 2 6 1 2210 2258 2259
3793 2 2 6 1 2210 2259 2260
3794 2 2 6 1 2260 2211 2210
3795 2 2 6 1 2211 2260 2212
3796 2 2 6 1 2212 2260 2261
3797 2 2 6 1 2212 2261 2262
3798 2 2 6 1 2262 2213 2212
3799 2 2 6 1 2213 2262 119
3800 2 2 6 1 119 2262 118
3801 2 2 6 1 46 47 2214
3802 2 2 6 1 2214 47 2263
3803 2 2 6 1 2214 2263 2264
3804 2 2 6 1 2264 2215 2214
3805 2 2 6 1 2215 2264 2216
3806 2 2 6 1 2216 2264 2265
3807 2 2 6 1 2216 2265 2266
3808 2 2 6 1 2266 2217 2216
3809 2 2 6 1 2217 2266 2218
3810 2 2 6 1 2218 2266 2267
3811 2 2 6 1 2218 2267 2268
3812 2 2 6 1 2268 2219 2218
3813 2 2 6 1 2219 2268 2220
3814 2 2 6 1 2220 2268 2269
3815 2 2 6 1 2220 2269 2270
3816 2 2 6 1 2270 2221 2220
3817 2 2 6 1 2221 2270 2222
3818 2 2 6 1 2222 2270 2271
3819 2 2 6 1 2222 2271 2272
3820 2 2 6 1 2272 2223 2222
3821 2 2 6 1 2223 2272 2224
3822 2 2 6 1 2224 2272 2273
3823 2 2 6 1 2224 2273 2274
3824 2 2 6 1 2274 2225 2224
3825 2 2 6 1 2225 2274 2226
3826 2 2 6 1 2226 2274 2275
3827 2 2 6 1 2226 2275 2276
3828 2 2 6 1 2276 2227 2226
3829 2 2 6 1 2227 2276 2228
3830 2 2 6 1 2228 2276 2277
3831 2 2 6 1 2228 2277 2278
3832 2 2 6 1 2278 2229 2228
3833 2 2 6 1 2229 2278 2230
3834 2 2 6 1 2230 2278 2279
3835 2 2 6 1 2230 2279 2280
3836 2 2 6 1 2280 2231 2230
3837 2 2 6 1 2231 2280 2232
3838 2 2 6 1 2232 2280 2281
3839 2 2 6 1 2232 2281 2282
3840 2 2 6 1 2282 2233 2232
3841 2 2 6 1 2233 2282 2234
3842 2 2 6 1 2234 2282 2283
3843 2 2 6 1 2234 2283 2284
3844 2 2 6 1 2284 2235 2234
3845 2 2 6 1 2235 2284 2236
3846 2 2 6 1 2236 2284 2285
3847 2 2 6 1 2236 2285 2286
3848 2 2 6 1 2286 2237 2236
3849 2 2 6 1 2237 2286 2238
3850 2 2 6 1 2238 2286 2287
3851 2 2 6 1 2238 2287 2288
3852 2 2 6 1 2288 2239 2238
3853 2 2 6 1 2239 2288 2240
3854 2 2 6 1 2240 2288 2289
3855 2 2 6 1 2240 2289 2290
3856 2 2 6 1 2290 2241 2240
3857 2 2 6 1 2241 2290 2242
3858 2 2 6 1 2242 2290 2291
3859 2 2 6 1 2242 2291 2292
3860 2 2 6 1 2292 2243 2242
3861 2 2 6 1 2243 2292 2244
3862 2 2 6 1 2244 2292 2293
3863 2 2 6 1 2244 2293 2294
3864 2 2 6 1 2294 2245 2244
3865 2 2 6 1 2245 2294 2246
3866 2 2 6 1 2246 2294 2295
3867 2 2 6 1 2246 2295 2296
3868 2 2 6 1 2296 2247 2246
3869 2 2 6 1 2247 2296 2248
3870 2 2 6 1 2248 2296 2297
3871 2 2 6 1 2248 2297 2298
3872 2 2 6 1 2298 2249 2248
3873 2 2 6 1 2249 2298 2250
3874 2 2 6 1 2250 2298 2299
3875 2 2 6 1 2250 2299 2300
3876 2 2 6 1 2300 2251 2250
3877 2 2 6 1 2251 2300 2252
3878 2 2 6 1 2252 2300 2301
3879 2 2 6 1 2252 2301 2302
3880 2 2 6 1 2302 2253 2252
3881 2 2 6 1 2253 2302 2254
3882 2 2 6 1 2254 2302 2303
3883 2 2 6 1 2254 2303 2304
3884 2 2 6 1 2304 2255 2254
3885 2 2 6 1 2255 2304 2256
3886 2 2 6 1 2256 2304 2305
3887 2 2 6 1 2256 2305 2306
3888 2 2 6 1 2306 2257 2256
3889 2 2 6 1 2257 2306 2258
3890 2 2 6 1 2258 2306 2307
3891 2 2 6 1 2258 2307 2308
3892 2 2 6 1 2308 2259 2258
3893 2 2 6 1 2259 2308 2260
3894 2 2 6 1 2260 2308 2309
3895 2 2 6 1 2260 2309 2310
3896 2 2 6 1 2310 2261 2260
3897 2 2 6 1 2261 2310 2262
3898 2 2 6 1 2262 2310 2311
3899 2 2 6 1 2262 2311 117
3900 2 2 6 1 117 118 2262
3901 2 2 6 1 47 48 2312
3902 2 2 6 1 2312 2263 47
3903 2 2 6 1 2263 2312 2264
3904 2 2 6 1 2264 2312 2313
3905 2 2 6 1 2264 2313 2314
3906 2 2 6 1 2314 2265 2264
3907 2 2 6 1 2265 2314 2266
3908 2 2 6 1 2266 2314 2315
3909 2 2 6 1 2266 2315 2316
3910 2 2 6 1 2316 2267 2266
3911 2 2 6 1 2267 2316 2268
3912 2 2 6 1 2268 2316 2317
3913 2 2 6 1 2268 2317 2318
3914 2 2 6 1 2318 2269 2268
3915 2 2 6 1 2269 2318 2270
3916 2 2 6 1 2270 2318 2319
3917 2 2 6 1 2270 2319 2320
3918 2 2 6 1 2320 2271 2270
3919 2 2 6 1 2271 2320 2272
3920 2 2 6 1 2272 2320 2321
3921 2 2 6 1 2272 2321 2322
3922 2 2 6 1 2322 2273 2272
3923 2 2 6 1 2273 2322 2274
3924 2 2 6 1 2274 2322 2323
3925 2 2 6 1 2274 2323 2324
3926 2 2 6 1 2324 2275 2274
3927 2 2 6 1 2275 2324 2276
3928 2 2 6 1 2276 2324 2325
3929 2 2 6 1 2276 2325 2326
3930 2 2 6 1 2326 2277 2276
3931 2 2 6 1 2277 2326 2278
3932 2 2 6 1 2278 2326 2327
3933 2 2 6 1 2278 2327 2328
3934 2 2 6 1 2328 2279 2278
3935 2 2 6 1 2279 2328 2280
3936 2 2 6 1 2280 2328 2329
3937 2 2 6 1 2280 2329 2330
3938 2 2 6 1 2330 2281 2280
3939 2 2 6 1 2281 2330 2282
3940 2 2 6 1 2282 2330 2331
3941 2 2 6 1 2282 2331 2332
3942 2 2 6 1 2332 2283 2282
3943 2 2 6 1 2283 2332 2284
3944 2 2 6 1 2284 2332 2333
3945 2 2 6 1 2284 2333 2334
3946 2 2 6 1 2334 2285 2284
3947 2 2 6 1 2285 2334 2286
3948 2 2 6 1 2286 2334 2335
3949 2 2 6 1 2286 2335 2336
3950 2 2 6 1 2336 2287 2286
3951 2 2 6 1 2287 2336 2288
3952 2 2 6 1 2288 2336 2337
3953 2 2 6 1 2288 2337 2338
3954 2 2 6 1 2338 2289 2288
3955 2 2 6 1 2289 2338 2290
3956 2 2 6 1 2290 2338 2339
3957 2 2 6 1 2290 2339 2340
3958 2 2 6 1 2340 2291 2290
3959 2 2 6 1 2291 2340 2292
3960 2 2 6 1 2292 2340 2341
3961 2 2 6 1 2292 2341 2342
3962 2 2 6 1 2342 2293 2292
3963 2 2 6 1 2293 2342 2294
3964 2 2 6 1 2294 2342 2343
3965 2 2 6 1 2294 2343 2344
3966 2 2 6 1 2344 2295 2294
3967 2 2 6 1 2295 2344 2296
3968 2 2 6 1 2296 2344 2345
3969 2 2 6 1 2296 2345 2346
3970 2 2 6 1 2346 2297 2296
3971 2 2 6 1 2297 2346 2298
3972 2 2 6 1 2298 2346 2347
3973 2 2 6 1 2298 2347 2348
3974 2 2 6 1 2348 2299 2298
3975 2 2 6 1 2299 2348 2300
3976 2 2 6 1 2300 2348 2349
3977 2 2 6 1 2300 2349 2350
3978 2 2 6 1 2350 2301 2300
3979 2 2 6 1 2301 2350 2302
3980 2 2 6 1 2302 2350 2351
3981 2 2 6 1 2302 2351 2352
3982 2 2 6 1 2352 2303 2302
3983 2 2 6 1 2303 2352 2304
3984 2 2 6 1 2304 2352 2353
3985 2 2 6 1 2304 2353 2354
3986 2 2 6 1 2354 2305 2304
3987 2 2 6 1 2305 2354 2306
3988 2 2 6 1 2306 2354 2355
3989 2 2 6 1 2306 2355 2356
3990 2 2 6 1 2356 2307 2306
3991 2 2 6 1 2307 2356 2308
3992 2 2 6 1 2308 2356 2357
3993 2 2 6 1 2308 2357 2358
3994 2 2 6 1 2358 2309 2308
3995 2 2 6 1 2309 2358 2310
3996 2 2 6 1 2310 2358 2359
3997 2 2 6 1 2310 2359 2360
3998 2 2 6 1 2360 2311 2310
3999 2 2 6 1 2311 2360 117
4000 2 2 6 1 117 2360 116
4001 2 2 6 1 48 49 2312
4002 2 2 6 1 2312 49 2361
4003 2 2 6 1 2312 2361 2362
4004 2 2 6 1 2362 2313 2312
4005 2 2 6 1 2313 2362 2314
4006 2 2 6 1 2314 2362 2363
4007 2 2 6 1 2314 2363 2364
4008 2 2 6 1 2364 2315 2314
4009 2 2 6 1 2315 2364 2316
4010 2 2 6 1 2316 2364 2365
4011 2 2 6 1 2316 2365 2366
4012 2 2 6 1 2366 2317 2316
4013 2 2 6 1 2317 2366 2318
4014 2 2 6 1 2318 2366 2367
4015 2 2 6 1 2318 2367 2368
4016 2 2 6 1 2368 2319 2318
4017 2 2 6 1 2319 2368 2320
4018 2 2 6 1 2320 2368 2369
4019 2 2 6 1 2320 2369 2370
4020 2 2 6 1 2370 2321 2320
4021 2 2 6 1 2321 2370 2322
4022 2 2 6 1 2322 2370 2371
4023 2 2 6 1 2322 2371 2372
4024 2 2 6 1 2372 2323 2322
4025 2 2 6 1 2323 2372 2324
4026 2 2 6 1 2324 2372 2373
4027 2 2 6 1 2324 2373 2374
4028 2 2 6 1 2374 2325 2324
4029 2 2 6 1 2325 2374 2326
4030 2 2 6 1 2326 2374 2375
4031 2 2 6 1 2326 2375 2376
4032 2 2 6 1 2376 2327 2326
4033 2 2 6 1 2327 2376 2328
4034 2 2 6 1 2328 2376 2377
4035 2 2 6 1 2328 2377 2378
4036 2 2 6 1 2378 2329 2328
4037 2 2 6 1 2329 2378 2330
4038 2 2 6 1 2330 2378 2379
4039 2 2 6 1 2330 2379 2380
4040 2 2 6 1 2380 2331 2330
4041 2 2 6 1 2331 2380 2332
4042 2 2 6 1 2332 2380 2381
4043 2 2 6 1 2332 2381 2382
4044 2 2 6 1 2382 2333 2332
4045 2 2 6 1 2333 2382 2334
4046 2 2 6 1 2334 2382 2383
4047 2 2 6 1 2334 2383 2384
4048 2 2 6 1 2384 2335 2334
4049 2 2 6 1 2335 2384 2336
4050 2 2 6 1 2336 2384 2385
4051 2 2 6 1 2336 2385 2386
4052 2 2 6 1 2386 2337 2336
4053 2 2 6 1 2337 2386 2338
4054 2 2 6 1 2338 2386 2387
4055 2 2 6 1 2338 2387 2388
4056 2 2 6 1 2388 2339 2338
4057 2 2 6 1 2339 2388 2340
4058 2 2 6 1 2340 2388 2389
4059 2 2 6 1 2340 2389 2390
4060 2 2 6 1 2390 2341 2340
4061 2 2 6 1 2341 2390 2342
4062 2 2 6 1 2342 2390 2391
4063 2 2 6 1 2342 2391 2392
4064 2 2 6 1 2392 2343 2342
4065 2 2 6 1 2343 2392 2344
4066 2 2 6 1 2344 2392 2393
4067 2 2 6 1 2344 2393 2394
4068 2 2 6 1 2394 2345 2344
4069 2 2 6 1 2345 2394 2346
4070 2 2 6 1 2346 2394 2395
4071 2 2 6 1 2346 2395 2396
4072 2 2 6 1 2396 2347 2346
4073 2 2 6 1 2347 2396 2348
4074 2 2 6 1 2348 2396 2397
4075 2 2 6 1 2348 2397 2398
4076 2 2 6 1 2398 2349 2348
4077 2 2 6 1 2349 2398 2350
4078 2 2 6 1 2350 2398 2399
4079 2 2 6 1 2350 2399 2400
4080 2 2 6 1 2400 2351 2350
4081 2 2 6 1 2351 2400 2352
4082 2 2 6 1 2352 2400 2401
4083 2 2 6 1 2352 2401 2402
4084 2 2 6 1 2402 2353 2352
4085 2 2 6 1 2353 2402 2354
4086 2 2 6 1 2354 2402 2403
4087 2 2 6 1 2354 2403 2404
4088 2 2 6 1 2404 2355 2354
4089 2 2 6 1 2355 2404 2356
4090 2 2 6 1 2356 2404 2405
4091 2 2 6 1 2356 2405 2406
4092 2 2 6 1 2406 2357 2356
4093 2 2 6 1 2357 2406 2358
4094 2 2 6 1 2358 2406 2407
4095 2 2 6 1 2358 2407 2408
4096 2 2 6 1 2408 2359 2358
4097 2 2 6 1 2359 2408 2360
4098 2 2 6 1 2360 2408 2409
4099 2 2 6 1 2360 2409 115
4100 2 2 6 1 115 116 2360
4101 2 2 6 1 49 50 2410
4102 2 2 6 1 2410 2361 49
4103 2 2 6 1 2361 2410 2362
4104 2 2 6 1 2362 2410 2411
4105 2 2 6 1 2362 2411 2412
4106 2 2 6 1 2412 2363 2362
4107 2 2 6 1 2363 2412 2364
4108 2 2 6 1 2364 2412 2413
4109 2 2 6 1 2364 2413 2414
4110 2 2 6 1 2414 2365 2364
4111 2 2 6 1 2365 2414 2366
4112 2 2 6 1 2366 2414 2415
4113 2 2 6 1 2366 2415 2416
4114 2 2 6 1 2416 2367 2366
4115 2 2 6 1 2367 2416 2368
4116 2 2 6 1 2368 2416 2417
4117 2 2 6 1 2368 2417 2418
4118 2 2 6 1 2418 2369 2368
4119 2 2 6 1 2369 2418 2370
4120 2 2 6 1 2370 2418 2419
4121 2 2 6 1 2370 2419 2420
4122 2 2 6 1 2420 2371 2370
4123 2 2 6 1 2371 2420 2372
4124 2 2 6 1 2372 2420 2421
4125 2 2 6 1 2372 2421 2422
4126 2 2 6 1 2422 2373 2372
4127 2 2 6 1 2373 2422 2374
4128 2 2 6 1 2374 2422 2423
4129 2 2 6 1 2374 2423 2424
4130 2 2 6 1 2424 2375 2374
4131 2 2 6 1 2375 2424 2376
4132 2 2 6 1 2376 2424 2425
4133 2 2 6 1 2376 2425 2426
4134 2 2 6 1 2426 2377 2376
4135 2 2 6 1 2377 2426 2378
4136 2 2 6 1 2378 2426 2427
4137 2 2 6 1 2378 2427 2428
4138 2 2 6 1 2428 2379 2378
4139 2 2 6 1 2379 2428 2380
4140 2 2 6 1 2380 2428 2429
4141 2 2 6 1 2380 2429 2430
4142 2 2 6 1 2430 2381 2380
4143 2 2 6 1 2381 2430 2382
4144 2 2 6 1 2382 2430 2431
4145 2 2 6 1 2382 2431 2432
4146 2 2 6 1 2432 2383 2382
4147 2 2 6 1 2383 2432 2384
4148 2 2 6 1 2384 2432 2433
4149 2 2 6 1 2384 2433 2434
4150 2 2 6 1 2434 2385 2384
4151 2 2 6 1 2385 2434 2386
4152 2 2 6 1 2386 2434 2435
4153 2 2 6 1 2386 2435 2436
4154 2 2 6 1 2436 2387 2386
4155 2 2 6 1 2387 2436 2388
4156 2 2 6 1 2388 2436 2437
4157 2 2 6 1 2388 2437 2438
4158 2 2 6 1 2438 2389 2388
4159 2 2 6 1 2389 2438 2390
4160 2 2 6 1 2390 2438 2439
4161 2 2 6 1 2390 2439 2440
4162 2 2 6 1 2440 2391 2390
4163 2 2 6 1 2391 2440 2392
4164 2 2 6 1 2392 2440 2441
4165 2 2 6 1 2392 2441 2442
4166 2 2 6 1 2442 2393 2392
4167 2 2 6 1 2393 2442 2394
4168 2 2 6 1 2394 2442 2443
4169 2 2 6 1 2394 2443 2444
4170 2 2 6 1 2444 2395 2394
4171 2 2 6 1 2395 2444 2396
4172 2 2 6 1 2396 2444 2445
4173 2 2 6 1 2396 2445 2446
4174 2 2 6 1 2446 2397 2396
4175 2 2 6 1 2397 2446 2398
4176 2 2 6 1 2398 2446 2447
4177 2 2 6 1 2398 2447 2448
4178 2 2 6 1 2448 2399 2398
4179 2 2 6 1 2399 2448 2400
4180 2 2 6 1 2400 2448 2449
4181 2 2 6 1 2400 2449 2450
4182 2 2 6 1 2450 2401 2400
4183 2 2 6 1 2401 2450 2402
4184 2 2 6 1 2402 2450 2451
4185 2 2 6 1 2402 2451 2452
4186 2 2 6 1 2452 2403 2402
4187 2 2 6 1 2403 2452 2404
4188 2 2 6 1 2404 2452 2453
4189 2 2 6 1 2404 2453 2454
4190 2 2 6 1 2454 2405 2404
4191 2 2 6 1 2405 2454 2406
4192 2 2 6 1 2406 2454 2455
4193 2 2 6 1 2406 2455 2456
4194 2 2 6 1 2456 2407 2406
4195 2 2 6 1 2407 2456 2408
4196 2 2 6 1 2408 2456 2457
4197 2 2 6 1 2408 2457 2458
4198 2 2 6 1 2458 2409 2408
4199 2 2 6 1 2409 2458 115
4200 2 2 6 1 115 2458 114
4201 2 2 6 1 50 51 2410
4202 2 2 6 1 2410 51 2459
4203 2 2 6 1 2410 2459 2460
4204 2 2 6 1 2460 2411 2410
4205 2 2 6 1 2411 2460 2412
4206 2 2 6 1 2412 2460 2461
4207 2 2 6 1 2412 2461 2462
4208 2 2 6 1 2462 2413 2412
4209 2 2 6 1 2413 2462 2414
4210 2 2 6 1 2414 2462 2463
4211 2 2 6 1 2414 2463 2464
4212 2 2 6 1 2464 2415 2414
4213 2 2 6 1 2415 2464 2416
4214 2 2 6 1 2416 2464 2465
4215 2 2 6 1 2416 2465 2466
4216 2 2 6 1 2466 2417 2416
4217 2 2 6 1 2417 2466 2418
4218 2 2 6 1 2418 2466 2467
4219 2 2 6 1 2418 2467 2468
4220 2 2 6 1 2468 2419 2418
4221 2 2 6 1 2419 2468 2420
4222 2 2 6 1 2420 2468 2469
4223 2 2 6 1 2420 2469 2470
4224 2 2 6 1 2470 2421 2420
4225 2 2 6 1 2421 2470 2422
4226 2 2 6 1 2422 2470 2471
4227 2 2 6 1 2422 2471 2472
4228 2 2 6 1 2472 2423 2422
4229 2 2 6 1 2423 2472 2424
4230 2 2 6 1 2424 2472 2473
4231 2 2 6 1 2424 2473 2474
4232 2 2 6 1 2474 2425 2424
4233 2 2 6 1 2425 2474 2426
4234 2 2 6 1 2426 2474 2475
4235 2 2 6 1 2426 2475 2476
4236 2 2 6 1 2476 2427 2426
4237 2 2 6 1 2427 2476 2428
4238 2 2 6 1 2428 2476 2477
4239 2 2 6 1 2428 2477 2478
4240 2 2 6 1 2478 2429 2428
4241 2 2 6 1 2429 2478 2430
4242 2 2 6 1 2430 2478 2479
4243 2 2 6 1 2430 2479 2480
4244 2 2 6 1 2480 2431 2430
4245 2 2 6 1 2431 2480 2432
4246 2 2 6 1 2432 2480 2481
4247 2 2 6 1 2432 2481 2482
4248 2 2 6 1 2482 2433 2432
4249 2 2 6 1 2433 2482 2434
4250 2 2 6 1 2434 2482 2483
4251 2 2 6 1 2434 2483 2484
4252 2 2 6 1 2484 2435 2434
4253 2 2 6 1 2435 2484 2436
4254 2 2 6 1 2436 2484 2485
4255 2 2 6 1 2436 2485 2486
4256 2 2 6 1 2486 2437 2436
4257 2 2 6 1 2437 2486 2438
4258 2 2 6 1 2438 2486 2487
4259 2 2 6 1 2438 2487 2488
4260 2 2 6 1 2488 2439 2438
4261 2 2 6 1 2439 2488 2440
4262 2 2 6 1 2440 2488 2489
4263 2 2 6 1 2440 2489 2490
4264 2 2 6 1 2490 2441 2440
4265 2 2 6 1 2441 2490 2442
4266 2 2 6 1 2442 2490 2491
4267 2 2 6 1 2442 2491 2492
4268 2 2 6 1 2492 2443 2442
4269 2 2 6 1 2443 2492 2444
4270 2 2 6 1 2444 2492 2493
4271 2 2 6 1 2444 2493 2494
4272 2 2 6 1 2494 2445 2444
4273 2 2 6 1 2445 2494 2446
4274 2 2 6 1 2446 2494 2495
4275 2 2 6 1 2446 2495 2496
4276 2 2 6 1 2496 2447 2446
4277 2 2 6 1 2447 2496 2448
4278 2 2 6 1 2448 2496 2497
4279 2 2 6 1 2448 2497 2498
4280 2 2 6 1 2498 2449 2448
4281 2 2 6 1 2449 2498 2450
4282 2 2 6 1 2450 2498 2499
4283 2 2 6 1 2450 2499 2500
4284 2 2 6 1 2500 2451 2450
4285 2 2 6 1 2451 2500 2452
4286 2 2 6 1 2452 2500 2501
4287 2 2 6 1 2452 2501 2502
4288 2 2 6 1 2502 2453 2452
4289 2 2 6 1 2453 2502 2454
4290 2 2 6 1 2454 2502 2503
4291 2 2 6 1 2454 2503 2504
4292 2 2 6 1 2504 2455 2454
4293 2 2 6 1 2455 2504 2456
4294 2 2 6 1 2456 2504 2505
4295 2 2 6 1 2456 2505 2506
4296 2 2 6 1 2506 2457 2456
4297 2 2 6 1 2457 2506 2458
4298 2 2 6 1 2458 2506 2507
4299 2 2 6 1 2458 2507 113
4300 2 2 6 1 113 114 2458
4301 2 2 6 1 51 52 2508
4302 2 2 6 1 2508 2459 51
4303 2 2 6 1 2459 2508 2460
4304 2 2 6 1 2460 2508 2509
4305 2 2 6 1 2460 2509 2510
4306 2 2 6 1 2510 2461 2460
4307 2 2 6 1 2461 2510 2462
4308 2 2 6 1 2462 2510 2511
4309 2 2 6 1 2462 2511 2512
4310 2 2 6 1 2512 2463 2462
4311 2 2 6 1 2463 2512 2464
4312 2 2 6 1 2464 2512 2513
4313 2 2 6 1 2464 2513 2514
4314 2 2 6 1 2514 2465 2464
4315 2 2 6 1 2465 2514 2466
4316 2 2 6 1 2466 2514 2515
4317 2 2 6 1 2466 2515 2516
4318 2 2 6 1 2516 2467 2466
4319 2 2 6 1 2467 2516 2468
4320 2 2 6 1 2468 2516 2517
4321 2 2 6 1 2468 2517 2518
4322 2 2 6 1 2518 2469 2468
4323 2 2 6 1 2469 2518 2470
4324 2 2 6 1 2470 2518 2519
4325 2 2 6 1 2470 2519 2520
4326 2 2 6 1 2520 2471 2470
4327 2 2 6 1 2471 2520 2472
4328 2 2 6 1 2472 2520 2521
4329 2 2 6 1 2472 2521 2522
4330 2 2 6 1 2522 2473 2472
4331 2 2 6 1 2473 2522 2474
4332 2 2 6 1 2474 2522 2523
4333 2 2 6 1 2474 2523 2524
4334 2 2 6 1 2524 2475 2474
4335 2 2 6 1 2475 2524 2476
4336 2 2 6 1 2476 2524 2525
4337 2 2 6 1 2476 2525 2526
4338 2 2 6 1 2526 2477 2476
4339 2 2 6 1 2477 2526 2478
4340 2 2 6 1 2478 2526 2527
4341 2 2 6 1 2478 2527 2528
4342 2 2 6 1 2528 2479 2478
4343 2 2 6 1 2479 2528 2480
4344 2 2 6 1 2480 2528 2529
4345 2 2 6 1 2480 2529 2530
4346 2 2 6 1 2530 2481 2480
4347 2 2 6 1 2481 2530 2482
4348 2 2 6 1 2482 2530 2531
4349 2 2 6 1 2482 2531 2532
4350 2 2 6 1 2532 2483 2482
4351 2 2 6 1 2483 2532 2484
4352 2 2 6 1 2484 2532 2533
4353 2 2 6 1 2484 2533 2534
4354 2 2 6 1 2534 2485 2484
4355 2 2 6 1 2485 2534 2486
4356 2 2 6 1 2486 2534 2535
4357 2 2 6 1 2486 2535 2536
4358 2 2 6 1 2536 2487 2486
4359 2 2 6 1 2487 2536 2488
4360 2 2 6 1 2488 2536 2537
4361 2 2 6 1 2488 2537 2538
4362 2 2 6 1 2538 2489 2488
4363 2 2 6 1 2489 2538 2490
4364 2 2 6 1 2490 2538 2539
4365 2 2 6 1 2490 2539 2540
4366 2 2 6 1 2540 2491 2490
4367 2 2 6 1 2491 2540 2492
4368 2 2 6 1 2492 2540 2541
4369 2 2 6 1 2492 2541 2542
4370 2 2 6 1 2542 2493 2492
4371 2 2 6 1 2493 2542 2494
4372 2 2 6 1 2494 2542 2543
4373 2 2 6 1 2494 2543 2544
4374 2 2 6 1 2544 2495 2494
4375 2 2 6 1 2495 2544 2496
4376 2 2 6 1 2496 2544 2545
4377 2 2 6 1 2496 2545 2546
4378 2 2 6 1 2546 2497 2496
4379 2 2 6 1 2497 2546 2498
4380 2 2 6 1 2498 2546 2547
4381 2 2 6 1 2498 2547 2548
4382 2 2 6 1 2548 2499 2498
4383 2 2 6 1 2499 2548 2500
4384 2 2 6 1 2500 2548 2549
4385 2 2 6 1 2500 2549 2550
4386 2 2 6 1 2550 2501 2500
4387 2 2 6 1 2501 2550 2502
4388 2 2 6 1 2502 2550 2551
4389 2 2 6 1 2502 2551 2552
4390 2 2 6 1 2552 2503 2502
4391 2 2 6 1 2503 2552 2504
4392 2 2 6 1 2504 2552 2553
4393 2 2 6 1 2504 2553 2554
4394 2 2 6 1 2554 2505 2504
4395 2 2 6 1 2505 2554 2506
4396 2 2 6 1 2506 2554 2555
4397 2 2 6 1 2506 2555 2556
4398 2 2 6 1 2556 2507 2506
4399 2 2 6 1 2507 2556 113
4400 2 2 6 1 113 2556 112
4401 2 2 6 1 52 53 2508
4402 2 2 6 1 2508 53 2557
4403 2 2 6 1 2508 2557 2558
4404 2 2 6 1 2558 2509 2508
4405 2 2 6 1 2509 2558 2510
4406 2 2 6 1 2510 2558 2559
4407 2 2 6 1 2510 2559 2560
4408 2 2 6 1 2560 2511 2510
4409 2 2 6 1 2511 2560 2512
4410 2 2 6 1 2512 2560 2561
4411 2 2 6 1 2512 2561 2562
4412 2 2 6 1 2562 2513 2512
4413 2 2 6 1 2513 2562 2514
4414 2 2 6 1 2514 2562 2563
4415 2 2 6 1 2514 2563 2564
4416 2 2 6 1 2564 2515 2514
4417 2 2 6 1 2515 2564 2516
4418 2 2 6 1 2516 2564 2565
4419 2 2 6 1 2516 2565 2566
4420 2 2 6 1 2566 2517 2516
4421 2 2 6 1 2517 2566 2518
4422 2 2 6 1 2518 2566 2567
4423 2 2 6 1 2518 2567 2568
4424 2 2 6 1 2568 2519 2518
4425 2 2 6 1 2519 2568 2520
4426 2 2 6 1 2520 2568 2569
4427 2 2 6 1 2520 2569 2570
4428 2 2 6 1 2570 2521 2520
4429 2 2 6 1 2521 2570 2522
4430 2 2 6 1 2522 2570 2571
4431 2 2 6 1 2522 2571 2572
4432 2 2 6 1 2572 2523 2522
4433 2 2 6 1 2523 2572 2524
4434 2 2 6 1 2524 2572 2573
4435 2 2 6 1 2524 2573 2574
4436 2 2 6 1 2574 2525 2524
4437 2 2 6 1 2525 2574 2526
4438 2 2 6 1 2526 2574 2575
4439 2 2 6 1 2526 2575 2576
4440 2 2 6 1 2576 2527 2526
4441 2 2 6 1 2527 2576 2528
4442 2 2 6 1 2528 2576 2577
4443 2 2 6 1 2528 2577 2578
4444 2 2 6 1 2578 2529 2528
4445 2 2 6 1 2529 2578 2530
4446 2 2 6 1 2530 2578 2579
4447 2 2 6 1 2530 2579 2580
4448 2 2 6 1 2580 2531 2530
4449 2 2 6 1 2531 2580 2532
4450 2 2 6 1 2532 2580 2581
4451 2 2 6 1 2532 2581 2582
4452 2 2 6 1 2582 2533 2532
4453 2 2 6 1 2533 2582 2534
4454 2 2 6 1 2534 2582 2583
4455 2 2 6 1 2534 2583 2584
4456 2 2 6 1 2584 2535 2534
4457 2 2 6 1 2535 2584 2536
4458 2 2 6 1 2536 2584 2585
4459 2 2 6 1 2536 2585 2586
4460 2 2 6 1 2586 2537 2536
4461 2 2 6 1 2537 2586 2538
4462 2 2 6 1 2538 2586 2587
4463 2 2 6 1 2538 2587 2588
4464 2 2 6 1 2588 2539 2538
4465 2 2 6 1 2539 2588 2540
4466 2 2 6 1 2540 2588 2589
4467 2 2 6 1 2540 2589 2590
4468 2 2 6 1 2590 2541 2540
4469 2 2 6 1 2541 2590 2542
4470 2 2 6 1 2542 2590 2591
4471 2 2 6 1 2542 2591 2592
4472 2 2 6 1 2592 2543 2542
4473 2 2 6 1 2543 2592 2544
4474 2 2 6 1 2544 2592 2593
4475 2 2 6 1 2544 2593 2594
4476 2 2 6 1 2594 2545 2544
4477 2 2 6 1 2545 2594 2546
4478 2 2 6 1 2546 2594 2595
4479 2 2 6 1 2546 2595 2596
4480 2 2 6 1 2596 2547 2546
4481 2 2 6 1 2547 2596 2548
4482 2 2 6 1 2548 2596 2597
4483 2 2 6 1 2548 2597 2598
4484 2 2 6 1 2598 2549 2548
4485 2 2 6 1 2549 2598 2550
4486 2 2 6 1 2550 2598 2599
4487 2 2 6 1 2550 2599 2600
4488 2 2 6 1 2600 2551 2550
4489 2 2 6 1 2551 2600 2552
4490 2 2 6 1 2552 2600 2601
4491 2 2 6 1 2552 2601 2602
4492 2 2 6 1 2602 2553 2552
4493 2 2 6 1 2553 2602 2554
4494 2 2 6 1 2554 2602 2603
4495 2 2 6 1 2554 2603 2604
4496 2 2 6 1 2604 2555 2554
4497 2 2 6 1 2555 2604 2556
4498 2 2 6 1 2556 2604 2605
4499 2 2 6 1 2556 2605 111
4500 2 2 6 1 111 112 2556
4501 2 2 6 1 53 54 2606
4502 2 2 6 1 2606 2557 53
4503 2 2 6 1 2557 2606 2558
4504 2 2 6 1 2558 2606 2607
4505 2 2 6 1 2558 2607 2608
4506 2 2 6 1 2608 2559 2558
4507 2 2 6 1 2559 2608 2560
4508 2 2 6 1 2560 2608 2609
4509 2 2 6 1 2560 2609 2610
4510 2 2 6 1 2610 2561 2560
4511 2 2 6 1 2561 2610 2562
4512 2 2 6 1 2562 2610 2611
4513 2 2 6 1 2562 2611 2612
4514 2 2 6 1 2612 2563 2562
4515 2 2 6 1 2563 2612 2564
4516 2 2 6 1 2564 2612 2613
4517 2 2 6 1 2564 2613 2614
4518 2 2 6 1 2614 2565 2564
4519 2 2 6 1 2565 2614 2566
4520 2 2 6 1 2566 2614 2615
4521 2 2 6 1 2566 2615 2616
4522 2 2 6 1 2616 2567 2566
4523 2 2 6 1 2567 2616 2568
4524 2 2 6 1 2568 2616 2617
4525 2 2 6 1 2568 2617 2618
4526 2 2 6 1 2618 2569 2568
4527 2 2 6 1 2569 2618 2570
4528 2 2 6 1 2570 2618 2619
4529 2 2 6 1 2570 2619 2620
4530 2 2 6 1 2620 2571 2570
4531 2 2 6 1 2571 2620 2572
4532 2 2 6 1 2572 2620 2621
4533 2 2 6 1 2572 2621 2622
4534 2 2 6 1 2622 2573 2572
4535 2 2 6 1 2573 2622 2574
4536 2 2 6 1 2574 2622 2623
4537 2 2 6 1 2574 2623 2624
4538 2 2 6 1 2624 2575 2574
4539 2 2 6 1 2575 2624 2576
4540 2 2 6 1 2576 2624 2625
4541 2 2 6 1 2576 2625 2626
4542 2 2 6 1 2626 2577 2576
4543 2 2 6 1 2577 2626 2578
4544 2 2 6 1 2578 2626 2627
4545 2 2 6 1 2578 2627 2628
4546 2 2 6 1 2628 2579 2578
4547 2 2 6 1 2579 2628 2580
4548 2 2 6 1 2580 2628 2629
4549 2 2 6 1 2580 2629 2630
4550 2 2 6 1 2630 2581 2580
4551 2 2 6 1 2581 2630 2582
4552 2 2 6 1 2582 2630 2631
4553 2 2 6 1 2582 2631 2632
4554 2 2 6 1 2632 2583 2582
4555 2 2 6 1 2583 2632 2584
4556 2 2 6 1 2584 2632 2633
4557 2 2 6 1 2584 2633 2634
4558 2 2 6 1 2634 2585 2584
4559 2 2 6 1 2585 2634 2586
4560 2 2 6 1 2586 2634 2635
4561 2 2 6 1 2586 2635 2636
4562 2 2 6 1 2636 2587 2586
4563 2 2 6 1 2587 2636 2588
4564 2 2 6 1 2588 2636 2637
4565 2 2 6 1 2588 2637 2638
4566 2 2 6 1 2638 2589 2588
4567 2 2 6 1 2589 2638 2590
4568 2 2 6 1 2590 2638 2639
4569 2 2 6 1 2590 2639 2640
4570 2 2 6 1 2640 2591 2590
4571 2 2 6 1 2591 2640 2592
4572 2 2 6 1 2592 2640 2641
4573 2 2 6 1 2592 2641 2642
4574 2 2 6 1 2642 2593 2592
4575 2 2 6 1 2593 2642 2594
4576 2 2 6 1 2594 2642 2643
4577 2 2 6 1 2594 2643 2644
4578 2 2 6 1 2644 2595 2594
4579 2 2 6 1 2595 2644 2596
4580 2 2 6 1 2596 2644 2645
4581 2 2 6 1 2596 2645 2646
4582 2 2 6 1 2646 2597 2596
4583 2 2 6 1 2597 2646 2598
4584 2 2 6 1 2598 2646 2647
4585 2 2 6 1 2598 2647 2648
4586 2 2 6 1 2648 2599 2598
4587 2 2 6 1 2599 2648 2600
4588 2 2 6 1 2600 2648 2649
4589 2 2 6 1 2600 2649 2650
4590 2 2 6 1 2650 2601 2600
4591 2 2 6 1 2601 2650 2602
4592 2 2 6 1 2602 2650 2651
4593 2 2 6 1 2602 2651 2652
4594 2 2 6 1 2652 2603 2602
4595 2 2 6 1 2603 2652 2604
4596 2 2 6 1 2604 2652 2653
4597 2 2 6 1 2604 2653 2654
4598 2 2 6 1 2654 2605 2604
4599 2 2 6 1 2605 2654 111
4600 2 2 6 1 111 2654 110
4601 2 2 6 1 54 55 2606
4602 2 2 6 1 2606 55 2655
4603 2 2 6 1 2606 2655 2656
4604 2 2 6 1 2656 2607 2606
4605 2 2 6 1 2607 2656 2608
4606 2 2 6 1 2608 2656 2657
4607 2 2 6 1 2608 2657 2658
4608 2 2 6 1 2658 2609 2608
4609 2 2 6 1 2609 2658 2610
4610 2 2 6 1 2610 2658 2659
4611 2 2 6 1 2610 2659 2660
4612 2 2 6 1 2660 2611 2610
4613 2 2 6 1 2611 2660 2612
4614 2 2 6 1 2612 2660 2661
4615 2 2 6 1 2612 2661 2662
4616 2 2 6 1 2662 2613 2612
4617 2 2 6 1 2613 2662 2614
4618 2 2 6 1 2614 2662 2663
4619 2 2 6 1 2614 2663 2664
4620 2 2 6 1 2664 2615 2614
4621 2 2 6 1 2615 2664 2616
4622 2 2 6 1 2616 2664 2665
4623 2 2 6 1 2616 2665 2666
4624 2 2 6 1 2666 2617 2616
4625 2 2 6 1 2617 2666 2618
4626 2 2 6 1 2618 2666 2667
4627 2 2 6 1 2618 2667 2668
4628 2 2 6 1 2668 2619 2618
4629 2 2 6 1 2619 2668 2620
4630 2 2 6 1 2620 2668 2669
4631 2 2 6 1 2620 2669 2670
4632 2 2 6 1 2670 2621 2620
4633 2 2 6 1 2621 2670 2622
4634 2 2 6 1 2622 2670 2671
4635 2 2 6 1 2622 2671 2672
4636 2 2 6 1 2672 2623 2622
4637 2 2 6 1 2623 2672 2624
4638 2 2 6 1 2624 2672 2673
4639 2 2 6 1 2624 2673 2674
4640 2 2 6 1 2674 2625 2624
4641 2 2 6 1 2625 2674 2626
4642 2 2 6 1 2626 2674 2675
4643 2 2 6 1 2626 2675 2676
4644 2 2 6 1 2676 2627 2626
4645 2 2 6 1 2627 2676 2628
4646 2 2 6 1 2628 2676 2677
4647 2 2 6 1 2628 2677 2678
4648 2 2 6 1 2678 2629 2628
4649 2 2 6 1 2629 2678 2630
4650 2 2 6 1 2630 2678 2679
4651 2 2 6 1 2630 2679 2680
4652 2 2 6 1 2680 2631 2630
4653 2 2 6 1 2631 2680 2632
4654 2 2 6 1 2632 2680 2681
4655 2 2 6 1 2632 2681 2682
4656 2 2 6 1 2682 2633 2632
4657 2 2 6 1 2633 2682 2634
4658 2 2 6 1 2634 2682 2683
4659 2 2 6 1 2634 2683 2684
4660 2 2 6 1 2684 2635 2634
4661 2 2 6 1 2635 2684 2636
4662 2 2 6 1 2636 2684 2685
4663 2 2 6 1 2636 2685 2686
4664 2 2 6 1 2686 2637 2636
4665 2 2 6 1 2637 2686 2638
4666 2 2 6 1 2638 2686 2687
4667 2 2 6 1 2638 2687 2688
4668 2 2 6 1 2688 2639 2638
4669 2 2 6 1 2639 2688 2640
4670 2 2 6 1 2640 2688 2689
4671 2 2 6 1 2640 2689 2690
4672 2 2 6 1 2690 2641 2640
4673 2 2 6 1 2641 2690 2642
4674 2 2 6 1 2642 2690 2691
4675 2 2 6 1 2642 2691 2692
4676 2 2 6 1 2692 2643 2642
4677 2 2 6 1 2643 2692 2644
4678 2 2 6 1 2644 2692 2693
4679 2 2 6 1 2644 2693 2694
4680 2 2 6 1 2694 2645 2644
4681 2 2 6 1 2645 2694 2646
4682 2 2 6 1 2646 2694 2695
4683 2 2 6 1 2646 2695 2696
4684 2 2 6 1 2696 2647 2646
4685 2 2 6 1 2647 2696 2648
4686 2 2 6 1 2648 2696 2697
4687 2 2 6 1 2648 2697 2698
4688 2 2 6 1 2698 2649 2648
4689 2 2 6 1 2649 2698 2650
4690 2 2 6 1 2650 2698 2699
4691 2 2 6 1 2650 2699 2700
4692 2 2 6 1 2700 2651 2650
4693 2 2 6 1 2651 2700 2652
4694 2 2 6 1 2652 2700 2701
4695 2 2 6 1 2652 2701 2702
4696 2 2 6 1 2702 2653 2652
4697 2 2 6 1 2653 2702 2654
4698 2 2 6 1 2654 2702 2703
4699 2 2 6 1 2654 2703 109
4700 2 2 6 1 109 110 2654
4701 2 2 6 1 55 56 2704
4702 2 2 6 1 2704 2655 55
4703 2 2 6 1 2655 2704 2656
4704 2 2 6 1 2656 2704 2705
4705 2 2 6 1 2656 2705 2706
4706 2 2 6 1 2706 2657 2656
4707 2 2 6 1 2657 2706 2658
4708 2 2 6 1 2658 2706 2707
4709 2 2 6 1 2658 2707 2708
4710 2 2 6 1 2708 2659 2658
4711 2 2 6 1 2659 2708 2660
4712 2 2 6 1 2660 2708 2709
4713 2 2 6 1 2660 2709 2710
4714 2 2 6 1 2710 2661 2660
4715 2 2 6 1 2661 2710 2662
4716 2 2 6 1 2662 2710 2711
4717 2 2 6 1 2662 2711 2712
4718 2 2 6 1 2712 2663 2662
4719 2 2 6 1 2663 2712 2664
4720 2 2 6 1 2664 2712 2713
4721 2 2 6 1 2664 2713 2714
4722 2 2 6 1 2714 2665 2664
4723 2 2 6 1 2665 2714 2666
4724 2 2 6 1 2666 2714 2715
4725 2 2 6 1 2666 2715 2716
4726 2 2 6 1 2716 2667 2666
4727 2 2 6 1 2667 2716 2668
4728 2 2 6 1 2668 2716 2717
4729 2 2 6 1 2668 2717 2718
4730 2 2 6 1 2718 2669 2668
4731 2 2 6 1 2669 2718 2670
4732 2 2 6 1 2670 2718 2719
4733 2 2 6 1 2670 2719 2720
4734 2 2 6 1 2720 2671 2670
4735 2 2 6 1 2671 2720 2672
4736 2 2 6 1 2672 2720 2721
4737 2 2 6 1 2672 2721 2722
4738 2 2 6 1 2722 2673 2672
4739 2 2 6 1 2673 2722 2674
4740 2 2 6 1 2674 2722 2723
4741 2 2 6 1 2674 2723 2724
4742 2 2 6 1 2724 2675 2674
4743 2 2 6 1 2675 2724 2676
4744 2 2 6 1 2676 2724 2725
4745 2 2 6 1 2676 2725 2726
4746 2 2 6 1 2726 2677 2676
4747 2 2 6 1 2677 2726 2678
4748 2 2 6 1 2678 2726 2727
4749 2 2 6 1 2678 2727 2728
4750 2 2 6 1 2728 2679 2678
4751 2 2 6 1 2679 2728 2680
4752 2 2 6 1 2680 2728 2729
4753 2 2 6 1 2680 2729 2730
4754 2 2 6 1 2730 2681 2680
4755 2 2 6 1 2681 2730 2682
4756 2 2 6 1 2682 2730 2731
4757 2 2 6 1 2682 2731 2732
4758 2 2 6 1 2732 2683 2682
4759 2 2 6 1 2683 2732 2684
4760 2 2 6 1 2684 2732 2733
4761 2 2 6 1 2684 2733 2734
4762 2 2 6 1 2734 2685 2684
4763 2 2 6 1 2685 2734 2686
4764 2 2 6 1 2686 2734 2735
4765 2 2 6 1 2686 2735 2736
4766 2 2 6 1 2736 2687 2686
4767 2 2 6 1 2687 2736 2688
4768 2 2 6 1 2688 2736 2737
4769 2 2 6 1 2688 2737 2738
4770 2 2 6 1 2738 2689 2688
4771 2 2 6 1 2689 2738 2690
4772 2 2 6 1 2690 2738 2739
4773 2 2 6 1 2690 2739 2740
4774 2 2 6 1 2740 2691 2690
4775 2 2 6 1 2691 2740 2692
4776 2 2 6 1 2692 2740 2741
4777 2 2 6 1 2692 2741 2742
4778 2 2 6 1 2742 2693 2692
4779 2 2 6 1 2693 2742 2694
4780 2 2 6 1 2694 2742 2743
4781 2 2 6 1 2694 2743 2744
4782 2 2 6 1 2744 2695 2694
4783 2 2 6 1 2695 2744 2696
4784 2 2 6 1 2696 2744 2745
4785 2 2 6 1 2696 2745 2746
4786 2 2 6 1 2746 2697 2696
4787 2 2 6 1 2697 2746 2698
4788 2 2 6 1 2698 2746 2747
4789 2 2 6 1 2698 2747 2748
4790 2 2 6 1 2748 2699 2698
4791 2 2 6 1 2699 2748 2700
4792 2 2 6 1 2700 2748 2749
4793 2 2 6 1 2700 2749 2750
4794 2 2 6 1 2750 2701 2700
4795 2 2 6 1 2701 2750 2702
4796 2 2 6 1 2702 2750 2751
4797 2 2 6 1 2702 2751 2752
4798 2 2 6 1 2752 2703 2702
4799 2 2 6 1 2703 2752 109
4800 2 2 6 1 109 2752 108
4801 2 2 6 1 56 57 2704
4802 2 2 6 1 2704 57 2753
4803 2 2 6 1 2704 2753 2754
4804 2 2 6 1 2754 2705 2704
4805 2 2 6 1 2705 2754 2706
4806 2 2 6 1 2706 2754 2755
4807 2 2 6 1 2706 2755 2756
4808 2 2 6 1 2756 2707 2706
4809 2 2 6 1 2707 2756 2708
4810 2 2 6 1 2708 2756 2757
4811 2 2 6 1 2708 2757 2758
4812 2 2 6 1 2758 2709 2708
4813 2 2 6 1 2709 2758 2710
4814 2 2 6 1 2710 2758 2759
4815 2 2 6 1 2710 2759 2760
4816 2 2 6 1 2760 2711 2710
4817 2 2 6 1 2711 2760 2712
4818 2 2 6 1 2712 2760 2761
4819 2 2 6 1 2712 2761 2762
4820 2 2 6 1 2762 2713 2712
4821 2 2 6 1 2713 2762 2714
4822 2 2 6 1 2714 2762 2763
4823 2 2 6 1 2714 2763 2764
4824 2 2 6 1 2764 2715 2714
4825 2 2 6 1 2715 2764 2716
4826 2 2 6 1 2716 2764 2765
4827 2 2 6 1 2716 2765 2766
4828 2 2 6 1 2766 2717 2716
4829 2 2 6 1 2717 2766 2718
4830 2 2 6 1 2718 2766 2767
4831 2 2 6 1 2718 2767 2768
4832 2 2 6 1 2768 2719 2718
4833 2 2 6 1 2719 2768 2720
4834 2 2 6 1 2720 2768 2769
4835 2 2 6 1 2720 2769 2770
4836 2 2 6 1 2770 2721 2720
4837 2 2 6 1 2721 2770 2722
4838 2 2 6 1 2722 2770 2771
4839 2 2 6 1 2722 2771 2772
4840 2 2 6 1 2772 2723 2722
4841 2 2 6 1 2723 2772 2724
4842 2 2 6 1 2724 2772 2773
4843 2 2 6 1 2724 2773 2774
4844 2 2 6 1 2774 2725 2724
4845 2 2 6 1 2725 2774 2726
4846 2 2 6 1 2726 2774 2775
4847 2 2 6 1 2726 2775 2776
4848 2 2 6 1 2776 2727 2726
4849 2 2 6 1 2727 2776 2728
4850 2 2 6 1 2728 2776 2777
4851 2 2 6 1 2728 2777 2778
4852 2 2 6 1 2778 2729 2728
4853 2 2 6 1 2729 2778 2730
4854 2 2 6 1 2730 2778 2779
4855 2 2 6 1 2730 2779 2780
4856 2 2 6 1 2780 2731 2730
4857 2 2 6 1 2731 2780 2732
4858 2 2 6 1 2732 2780 2781
4859 2 2 6 1 2732 2781 2782
4860 2 2 6 1 2782 2733 2732
4861 2 2 6 1 2733 2782 2734
4862 2 2 6 1 2734 2782 2783
4863 2 2 6 1 2734 2783 2784
4864 2 2 6 1 2784 2735 2734
4865 2 2 6 1 2735 2784 2736
4866 2 2 6 1 2736 2784 2785
4867 2 2 6 1 2736 2785 2786
4868 2 2 6 1 2786 2737 2736
4869 2 2 6 1 2737 2786 2738
4870 2 2 6 1 2738 2786 2787
4871 2 2 6 1 2738 2787 2788
4872 2 2 6 1 2788 2739 2738
4873 2 2 6 1 2739 2788 2740
4874 2 2 6 1 2740 2788 2789
4875 2 2 6 1 2740 2789 2790
4876 2 2 6 1 2790 2741 2740
4877 2 2 6 1 2741 2790 2742
4878 2 2 6 1 2742 2790 2791
4879 2 2 6 1 2742 2791 2792
4880 2 2 6 1 2792 2743 2742
4881 2 2 6 1 2743 2792 2744
4882 2 2 6 1 2744 2792 2793
4883 2 2 6 1 2744 2793 2794
4884 2 2 6 1 2794 2745 2744
4885 2 2 6 1 2745 2794 2746
4886 2 2 6 1 2746 2794 2795
4887 2 2 6 1 2746 2795 2796
4888 2 2 6 1 2796 2747 2746
4889 2 2 6 1 2747 2796 2748
4890 2 2 6 1 2748 2796 2797
4891 2 2 6 1 2748 2797 2798
4892 2 2 6 1 2798 2749 2748
4893 2 2 6 1 2749 2798 2750
4894 2 2 6 1 2750 2798 2799
4895 2 2 6 1 2750 2799 2800
4896 2 2 6 1 2800 2751 2750
4897 2 2 6 1 2751 2800 2752
4898 2 2 6 1 2752 2800 2801
4899 2 2 6 1 2752 2801 107
4900 2 2 6 1 107 108 2752
4901 2 2 6 1 57 2 58
4902 2 2 6 1 58 2753 57
4903 2 2 6 1 2753 58 2754
4904 2 2 6 1 2754 58 59
4905 2 2 6 1 2754 59 60
4906 2 2 6 1 60 2755 2754
4907 2 2 6 1 2755 60 2756
4908 2 2 6 1 2756 60 61
4909 2 2 6 1 2756 61 62
4910 2 2 6 1 62 2757 2756
4911 2 2 6 1 2757 62 2758
4912 2 2 6 1 2758 62 63
4913 2 2 6 1 2758 63 64
4914 2 2 6 1 64 2759 2758
4915 2 2 6 1 2759 64 2760
4916 2 2 6 1 2760 64 65
4917 2 2 6 1 2760 65 66
4918 2 2 6 1 66 2761 2760
4919 2 2 6 1 2761 66 2762
4920 2 2 6 1 2762 66 67
4921 2 2 6 1 2762 67 68
4922 2 2 6 1 68 2763 2762
4923 2 2 6 1 2763 68 2764
4924 2 2 6 1 2764 68 69
4925 2 2 6 1 2764 69 70
4926 2 2 6 1 70 2765 2764
4927 2 2 6 1 2765 70 2766
4928 2 2 6 1 2766 70 71
4929 2 2 6 1 2766 71 72
4930 2 2 6 1 72 2767 2766
4931 2 2 6 1 2767 72 2768
4932 2 2 6 1 2768 72 73
4933 2 2 6 1 2768 73 74
4934 2 2 6 1 74 2769 2768
4935 2 2 6 1 2769 74 2770
4936 2 2 6 1 2770 74 75
4937 2 2 6 1 2770 75 76
4938 2 2 6 1 76 2771 2770
4939 2 2 6 1 2771 76 2772
4940 2 2 6 1 2772 76 77
4941 2 2 6 1 2772 77 78
4942 2 2 6 1 78 2773 2772
4943 2 2 6 1 2773 78 2774
4944 2 2 6 1 2774 78 79
4945 2 2 6 1 2774 79 80
4946 2 2 6 1 80 2775 2774
4947 2 2 6 1 2775 80 2776
4948 2 2 6 1 2776 80 81
4949 2 2 6 1 2776 81 82
4950 2 2 6 1 82 2777 2776
4951 2 2 6 1 2777 82 2778
4952 2 2 6 1 2778 82 83
4953 2 2 6 1 2778 83 84
4954 2 2 6 1 84 2779 2778
4955 2 2 6 1 2779 84 2780
4956 2 2 6 1 2780 84 85
4957 2 2 6 1 2780 85 86
4958 2 2 6 1 86 2781 2780
4959 2 2 6 1 2781 86 2782
4960 2 2 6 1 2782 86 87
4961 2 2 6 1 2782 87 88
4962 2 2 6 1 88 2783 2782
4963 2 2 6 1 2783 88 2784
4964 2 2 6 1 2784 88 89
4965 2 2 6 1 2784 89 90
4966 2 2 6 1 90 2785 2784
4967 2 2 6 1 2785 90 2786
4968 2 2 6 1 2786 90 91
4969 2 2 6 1 2786 91 92
4970 2 2 6 1 92 2787 2786
4971 2 2 6 1 2787 92 2788
4972 2 2 6 1 2788 92 93
4973 2 2 6 1 2788 93 94
4974 2 2 6 1 94 2789 2788
4975 2 2 6 1 2789 94 2790
4976 2 2 6 1 2790 94 95
4977 2 2 6 1 2790 95 96
4978 2 2 6 1 96 2791 2790
4979 2 2 6 1 2791 96 2792
4980 2 2 6 1 2792 96 97
4981 2 2 6 1 2792 97 98
4982 2 2 6 1 98 2793 2792
4983 2 2 6 1 2793 98 2794
4984 2 2 6 1 2794 98 99
4985 2 2 6 1 2794 99 100
4986 2 2 6 1 100 2795 2794
4987 2 2 6 1 2795 100 2796
4988 2 2 6 1 2796 100 101
4989 2 2 6 1 2796 101 102
4990 2 2 6 1 102 2797 2796
4991 2 2 6 1 2797 102 2798
4992 2 2 6 1 2798 102 103
4993 2 2 6 1 2798 103 104
4994 2 2 6 1 104 2799 2798
4995 2 2 6 1 2799 104 2800
4996 2 2 6 1 2800 104 105
4997 2 2 6 1 2800 105 106
4998 2 2 6 1 106 2801 2800
4999 2 2 6 1 2801 106 107
5000 2 2 6 1 107 106 3
5001 2 2 4 13 1 9 5
5002 2 2 4 13 5 9 205
5003 2 2 4 13 9 10 206
5004 2 2 4 13 206 205 9
5005 2 2 4 13 10 11 206
5006 2 2 4 13 206 11 207
5007 2 2 4 13 11 12 208
5008 2 2 4 13 208 207 11
5009 2 2 4 13 12 13 208
5010 2 2 4 13 208 13 209
5011 2 2 4 13 13 14 210
5012 2 2 4 13 210 209 13
5013 2 2 4 13 14 15 210
5014 2 2 4 13 210 15 211
5015 2 2 4 13 15 16 212
5016 2 2 4 13 212 211 15
5017 2 2 4 13 16 17 212
5018 2 2 4 13 212 17 213
5019 2 2 4 13 17 18 214
5020 2 2 4 13 214 213 17
5021 2 2 4 13 18 19 214
5022 2 2 4 13 214 19 215
5023 2 2 4 13 19 20 216
5024 2 2 4 13 216 215 19
5025 2 2 4 13 20 21 216
5026 2 2 4 13 216 21 217
5027 2 2 4 13 21 22 218
5028 2 2 4 13 218 217 21
5029 2 2 4 13 22 23 218
5030 2 2 4 13 218 23 219
5031 2 2 4 13 23 24 220
5032 2 2 4 13 220 219 23
5033 2 2 4 13 24 25 220
5034 2 2 4 13 220 25 221
5035 2 2 4 13 25 26 222
5036 2 2 4 13 222 221 25
5037 2 2 4 13 26 27 222
5038 2 2 4 13 222 27 223
5039 2 2 4 13 27 28 224
5040 2 2 4 13 224 223 27
5041 2 2 4 13 28 29 224
5042 2 2 4 13 224 29 225
5043 2 2 4 13 29 30 226
5044 2 2 4 13 226 225 29
5045 2 2 4 13 30 31 226
5046 2 2 4 13 226 31 227
5047 2 2 4 13 31 32 228
5048 2 2 4 13 228 227 31
5049 2 2 4 13 32 33 228
5050 2 2 4 13 228 33 229
5051 2 2 4 13 33 34 230
5052 2 2 4 13 230 229 33
5053 2 2 4 13 34 35 230
5054 2 2 4 13 230 35 231
5055 2 2 4 13 35 36 232
5056 2 2 4 13 232 231 35
5057 2 2 4 13 36 37 232
5058 2 2 4 13 232 37 233
5059 2 2 4 13 37 38 234
5060 2 2 4 13 234 233 37
5061 2 2 4 13 38 39 234
5062 2 2 4 13 234 39 235
5063 2 2 4 13 39 40 236
5064 2 2 4 13 236 235 39
5065 2 2 4 13 40 41 236
5066 2 2 4 13 236 41 237
5067 2 2 4 13 41 42 238
5068 2 2 4 13 238 237 41
5069 2 2 4 13 42 43 238
5070 2 2 4 13 238 43 239
5071 2 2 4 13 43 44 240
5072 2 2 4 13 240 239 43
5073 2 2 4 13 44 45 240
5074 2 2 4 13 240 45 241
5075 2 2 4 13 45 46 242
5076 2 2 4 13 242 241 45
5077 2 2 4 13 46 47 242
5078 2 2 4 13 242 47 243
5079 2 2 4 13 47 48 244
5080 2 2 4 13 244 243 47
5081 2 2 4 13 48 49 244
5082 2 2 4 13 244 49 245
5083 2 2 4 13 49 50 246
5084 2 2 4 13 246 245 49
5085 2 2 4 13 50 51 246
5086 2 2 4 13 246 51 247
5087 2 2 4 13 51 52 248
5088 2 2 4 13 248 247 51
5089 2 2 4 13 52 53 248
5090 2 2 4 13 248 53 249
5091 2 2 4 13 53 54 250
5092 2 2 4 13 250 249 53
5093 2 2 4 13 54 55 250
5094 2 2 4 13 250 55 251
5095 2 2 4 13 55 56 252
5096 2 2 4 13 252 251 55
5097 2 2 4 13 56 57 252
5098 2 2 4 13 252 57 253
5099 2 2 4 13 57 2 6
5100 2 2 4 13 6 253 57
5101 2 2 1 17 2 58 6
5102 2 2 1 17 6 58 254
5103 2 2 1 17 58 59 255
5104 2 2 1 17 255 254 58
5105 2 2 1 17 59 60 255
5106 2 2 1 17 255 60 256
5107 2 2 1 17 60 61 257
5108 2 2 1 17 257 256 60
5109 2 2 1 17 61 62 257
5110 2 2 1 17 257 62 258
5111 2 2 1 17 62 63 259
5112 2 2 1 17 259 258 62
5113 2 2 1 17 63 64 259
5114 2 2 1 17 259 64 260
5115 2 2 1 17 64 65 261
5116 2 2 1 17 261 260 64
5117 2 2 1 17 65 66 261
5118 2 2 1 17 261 66 262
5119 2 2 1 17 66 67 263
5120 2 2 1 17 263 262 66
5121 2 2 1 17 67 68 263
5122 2 2 1 17 263 68 264
5123 2 2 1 17 68 69 265
5124 2 2 1 17 265 264 68
5125 2 2 1 17 69 70 265
5126 2 2 1 17 265 70 266
5127 2 2 1 17 70 71 267
5128 2 2 1 17 267 266 70
5129 2 2 1 17 71 72 267
5130 2 2 1 17 267 72 268
5131 2 2 1 17 72 73 269
5132 2 2 1 17 269 268 72
5133 2 2 1 17 73 74 269
5134 2 2 1 17 269 74 270
5135 2 2 1 17 74 75 271
5136 2 2 1 17 271 270 74
5137 2 2 1 17 75 76 271
5138 2 2 1 17 271 76 272
5139 2 2 1 17 76 77 273
5140 2 2 1 17 273 272 76
5141 2 2 1 17 77 78 273
5142 2 2 1 17 273 78 274
5143 2 2 1 17 78 79 275
5144 2 2 1 17 275 274 78
5145 2 2 1 17 79 80 275
5146 2 2 1 17 275 80 276
5147 2 2 1 17 80 81 277
5148 2 2 1 17 277 276 80
5149 2 2 1 17 81 82 277
5150 2 2 1 17 277 82 278
5151 2 2 1 17 82 83 279
5152 2 2 1 17 279 278 82
5153 2 2 1 17 83 84 279
5154 2 2 1 17 279 84 280
5155 2 2 1 17 84 85 281
5156 2 2 1 17 281 280 84
5157 2 2 1 17 85 86 281
5158 2 2 1 17 281 86 282
5159 2 2 1 17 86 87 283
5160 2 2 1 17 283 282 86
5161 2 2 1 17 87 88 283
5162 2 2 1 17 283 88 284
5163 2 2 1 17 88 89 285
5164 2 2 1 17 285 284 88
5165 2 2 1 17 89 90 285
5166 2 2 1 17 285 90 286
5167 2 2 1 17 90 91 287
5168 2 2 1 17 287 286 90
5169 2 2 1 17 91 92 287
5170 2 2 1 17 287 92 288
5171 2 2 1 17 92 93 289
5172 2 2 1 17 289 288 92
5173 2 2 1 17 93 94 289
5174 2 2 1 17 289 94 290
5175 2 2 1 17 94 95 291
5176 2 2 1 17 291 290 94
5177 2 2 1 17 95 96 291
5178 2 2 1 17 291 96 292
5179 2 2 1 17 96 97 293
5180 2 2 1 17 293 292 96
5181 2 2 1 17 97 98 293
5182 2 2 1 17 293 98 294
5183 2 2 1 17 98 99 295
5184 2 2 1 17 295 294 98
5185 2 2 1 17 99 100 295
5186 2 2 1 17 295 100 296
5187 2 2 1 17 100 101 297
5188 2 2 1 17 297 296 100
5189 2 2 1 17 101 102 297
5190 2 2 1 17 297 102 298
5191 2 2 1 17 102 103 299
5192 2 2 1 17 299 298 102
5193 2 2 1 17 103 104 299
5194 2 2 1 17 299 104 300
5195 2 2 1 17 104 105 301
5196 2 2 1 17 301 300 104
5197 2 2 1 17 105 106 301
5198 2 2 1 17 301 106 302
5199 2 2 1 17 106 3 7
5200 2 2 1 17 7 302 106
5201 2 2 3 21 3 107 7
5202 2 2 3 21 7 107 303
5203 2 2 3 21 107 108 304
5204 2 2 3 21 304 303 107
5205 2 2 3 21 108 109 304
5206 2 2 3 21 304 109 305
5207 2 2 3 21 109 110 306
5208 2 2 3 21 306 305 109
5209 2 2 3 21 110 111 306
5210 2 2 3 21 306 111 307
5211 2 2 3 21 111 112 308
5212 2 2 3 21 308 307 111
5213 2 2 3 21 112 113 308
5214 2 2 3 21 308 113 309
5215 2 2 3 21 113 114 310
5216 2 2 3 21 310 309 113
5217 2 2 3 21 114 115 310
5218 2 2 3 21 310 115 311
5219 2 2 3 21 115 116 312
5220 2 2 3 21 312 311 115
5221 2 2 3 21 116 117 312
5222 2 2 3 21 312 117 313
5223 2 2 3 21 117 118 314
5224 2 2 3 21 314 313 117
5225 2 2 3 21 118 119 314
5226 2 2 3 21 314 119 315
5227 2 2 3 21 119 120 316
5228 2 2 3 21 316 315 119
5229 2 2 3 21 120 121 316
5230 2 2 3 21 316 121 317
5231 2 2 3 21 121 122 318
5232 2 2 3 21 318 317 121
5233 2 2 3 21 122 123 318
5234 2 2 3 21 318 123 319
5235 2 2 3 21 123 124 320
5236 2 2 3 21 320 319 123
5237 2 2 3 21 124 125 320
5238 2 2 3 21 320 125 321
5239 2 2 3 21 125 126 322
5240 2 2 3 21 322 321 125
5241 2 2 3 21 126 127 322
5242 2 2 3 21 322 127 323
5243 2 2 3 21 127 128 324
5244 2 2 3 21 324 323 127
5245 2 2 3 21 128 129 324
5246 2 2 3 21 324 129 325
5247 2 2 3 21 129 130 326
5248 2 2 3 21 326 325 129
5249 2 2 3 21 130 131 326
5250 2 2 3 21 326 131 327
5251 2 2 3 21 131 132 328
5252 2 2 3 21 328 327 131
5253 2 2 3 21 132 133 328
5254 2 2 3 21 328 133 329
5255 2 2 3 21 133 134 330
5256 2 2 3 21 330 329 133
5257 2 2 3 21 134 135 330
5258 2 2 3 21 330 135 331
5259 2 2 3 21 135 136 332
5260 2 2 3 21 332 331 135
5261 2 2 3 21 136 137 332
5262 2 2 3 21 332 137 333
5263 2 2 3 21 137 138 334
5264 2 2 3 21 334 333 137
5265 2 2 3 21 138 139 334
5266 2 2 3 21 334 139 335
5267 2 2 3 21 139 140 336
5268 2 2 3 21 336 335 139
5269 2 2 3 21 140 141 336
5270 2 2 3 21 336 141 337
5271 2 2 3 21 141 142 338
5272 2 2 3 21 338 337 141
5273 2 2 3 21 142 143 338
5274 2 2 3 21 338 143 339
5275 2 2 3 21 143 144 340
5276 2 2 3 21 340 339 143
5277 2 2 3 21 144 145 340
5278 2 2 3 21 340 145 341
5279 2 2 3 21 145 146 342
5280 2 2 3 21 342 341 145
5281 2 2 3 21 146 147 342
5282 2 2 3 21 342 147 343
5283 2 2 3 21 147 148 344
5284 2 2 3 21 344 343 147
5285 2 2 3 21 148 149 344
5286 2 2 3 21 344 149 345
5287 2 2 3 21 149 150 346
5288 2 2 3 21 346 345 149
5289 2 2 3 21 150 151 346
5290 2 2 3 21 346 151 347
5291 2 2 3 21 151 152 348
5292 2 2 3 21 348 347 151
5293 2 2 3 21 152 153 348
5294 2 2 3 21 348 153 349
5295 2 2 3 21 153 154 350
5296 2 2 3 21 350 349 153
5297 2 2 3 21 154 155 350
5298 2 2 3 21 350 155 351
5299 2 2 3 21 155 4 8
5300 2 2 3 21 8 351 155
5301 2 2 2 25 1 5 204
5302 2 2 2 25 5 400 204
5303 2 2 2 25 204 399 203
5304 2 2 2 25 399 204 400
5305 2 2 2 25 203 399 202
5306 2 2 2 25 399 398 202
5307 2 2 2 25 202 397 201
5308 2 2 2 25 397 202 398
5309 2 2 2 25 201 397 200
5310 2 2 2 25 397 396 200
5311 2 2 2 25 200 395 199
5312 2 2 2 25 395 200 396
5313 2 2 2 25 199 395 198
5314 2 2 2 25 395 394 198
5315 2 2 2 25 198 393 197
5316 2 2 2 25 393 198 394
5317 2 2 2 25 197 393 196
5318 2 2 2 25 393 392 196
5319 2 2 2 25 196 391 195
5320 2 2 2 25 391 196 392
5321 2 2 2 25 195 391 194
5322 2 2 2 25 391 390 194
5323 2 2 2 25 194 389 193
5324 2 2 2 25 389 194 390
5325 2 2 2 25 193 389 192
5326 2 2 2 25 389 388 192
5327 2 2 2 25 192 387 191
5328 2 2 2 25 387 192 388
5329 2 2 2 25 191 387 190
5330 2 2 2 25 387 386 190
5331 2 2 2 25 190 385 189
5332 2 2 2 25 385 190 386
5333 2 2 2 25 189 385 188
5334 2 2 2 25 385 384 188
5335 2 2 2 25 188 383 187
5336 2 2 2 25 383 188 384
5337 2 2 2 25 187 383 186
5338 2 2 2 25 383 382 186
5339 2 2 2 25 186 381 185
5340 2 2 2 25 381 186 382
5341 2 2 2 25 185 381 184
5342 2 2 2 25 381 380 184
5343 2 2 2 25 184 379 183
5344 2 2 2 25 379 184 380
5345 2 2 2 25 183 379 182
5346 2 2 2 25 379 378 182
5347 2 2 2 25 182 377 181
5348 2 2 2 25 377 182 378
5349 2 2 2 25 181 377 180
5350 2 2 2 25 377 376 180
5351 2 2 2 25 180 375 179
5352 2 2 2 25 375 180 376
5353 2 2 2 25 179 375 178
5354 2 2 2 25 375 374 178
5355 2 2 2 25 178 373 177
5356 2 2 2 25 373 178 374
5357 2 2 2 25 177 373 176
5358 2 2 2 25 373 372 176
5359 2 2 2 25 176 371 175
5360 2 2 2 25 371 176 372
5361 2 2 2 25 175 371 174
5362 2 2 2 25 371 370 174
5363 2 2 2 25 174 369 173
5364 2 2 2 25 369 174 370
5365 2 2 2 25 173 369 172
5366 2 2 2 25 369 368 172
5367 2 2 2 25 172 367 171
5368 2 2 2 25 367 172 368
5369 2 2 2 25 171 367 170
5370 2 2 2 25 367 366 170
5371 2 2 2 25 170 365 169
5372 2 2 2 25 365 170 366
5373 2 2 2 25 169 365 168
5374 2 2 2 25 365 364 168
5375 2 2 2 25 168 363 167
5376 2 2 2 25 363 168 364
5377 2 2 2 25 167 363 166
5378 2 2 2 25 363 362 166
5379 2 2 2 25 166 361 165
5380 2 2 2 25 361 166 362
5381 2 2 2 25 165 361 164
5382 2 2 2 25 361 360 164
5383 2 2 2 25 164 359 163
5384 2 2 2 25 359 164 360
5385 2 2 2 25 163 359 162
5386 2 2 2 25 359 358 162
5387 2 2 2 25 162 357 161
5388 2 2 2 25 357 162 358
5389 2 2 2 25 161 357 160
5390 2 2 2 25 357 356 160
5391 2 2 2 25 160 355 159
5392 2 2 2 25 355 160 356
5393 2 2 2 25 159 355 158
5394 2 2 2 25 355 354 158
5395 2 2 2 25 158 353 157
5396 2 2 2 25 353 158 354
5397 2 2 2 25 157 353 156
5398 2 2 2 25 353 352 156
5399 2 2 2 25 156 8 4
5400 2 2 2 25 8 156 352
5401 2 2 5 26 5 205 400
5402 2 2 5 26 400 205 2802
5403 2 2 5 26 400 2802 2803
5404 2 2 5 26 2803 399 400
5405 2 2 5 26 399 2803 398
5406 2 2 5 26 398 2803 2804
5407 2 2 5 26 398 2804 2805
5408 2 2 5 26 2805 397 398
5409 2 2 5 26 397 2805 396
5410 2 2 5 26 396 2805 2806
5411 2 2 5 26 396 2806 2807
5412 2 2 5 26 2807 395 396
5413 2 2 5 26 395 2807 394
5414 2 2 5 26 394 2807 2808
5415 2 2 5 26 394 2808 2809
5416 2 2 5 26 2809 393 394
5417 2 2 5 26 393 2809 392
5418 2 2 5 26 392 2809 2810
5419 2 2 5 26 392 2810 2811
5420 2 2 5 26 2811 391 392
5421 2 2 5 26 391 2811 390
5422 2 2 5 26 390 2811 2812
5423 2 2 5 26 390 2812 2813
5424 2 2 5 26 2813 389 390
5425 2 2 5 26 389 2813 388
5426 2 2 5 26 388 2813 2814
5427 2 2 5 26 388 2814 2815
5428 2 2 5 26 2815 387 388
5429 2 2 5 26 387 2815 386
5430 2 2 5 26 386 2815 2816
5431 2 2 5 26 386 2816 2817
5432 2 2 5 26 2817 385 386
5433 2 2 5 26 385 2817 384
5434 2 2 5 26 384 2817 2818
5435 2 2 5 26 384 2818 2819
5436 2 2 5 26 2819 383 384
5437 2 2 5 26 383 2819 382
5438 2 2 5 26 382 2819 2820
5439 2 2 5 26 382 2820 2821
5440 2 2 5 26 2821 381 382
5441 2 2 5 26 381 2821 380
5442 2 2 5 26 380 2821 2822
5443 2 2 5 26 380 2822 2823
5444 2 2 5 26 2823 379 380
5445 2 2 5 26 379 2823 378
5446 2 2 5 26 378 2823 2824
5447 2 2 5 26 378 2824 2825
5448 2 2 5 26 2825 377 378
5449 2 2 5 26 377 2825 376
5450 2 2 5 26 376 2825 2826
5451 2 2 5 26 376 2826 2827
5452 2 2 5 26 2827 375 376
5453 2 2 5 26 375 2827 374
5454 2 2 5 26 374 2827 2828
5455 2 2 5 26 374 2828 2829
5456 2 2 5 26 2829 373 374
5457 2 2 5 26 373 2829 372
5458 2 2 5 26 372 2829 2830
5459 2 2 5 26 372 2830 2831
5460 2 2 5 26 2831 371 372
5461 2 2 5 26 371 2831 370
5462 2 2 5 26 370 2831 2832
5463 2 2 5 26 370 2832 2833
5464 2 2 5 26 2833 369 370
5465 2 2 5 26 369 2833 368
5466 2 2 5 26 368 2833 2834
5467 2 2 5 26 368 2834 2835
5468 2 2 5 26 2835 367 368
5469 2 2 5 26 367 2835 366
5470 2 2 5 26 366 2835 2836
5471 2 2 5 26 366 2836 2837
5472 2 2 5 26 2837 365 366
5473 2 2 5 26 365 2837 364
5474 2 2 5 26 364 2837 2838
5475 2 2 5 26 364 2838 2839
5476 2 2 5 26 2839 363 364
5477 2 2 5 26 363 2839 362
5478 2 2 5 26 362 2839 2840
5479 2 2 5 26 362 2840 2841
5480 2 2 5 26 2841 361 362
5481 2 2 5 26 361 2841 360
5482 2 2 5 26 360 2841 2842
5483 2 2 5 26 360 2842 2843
5484 2 2 5 26 2843 359 360
5485 2 2 5 26 359 2843 358
5486 2 2 5 26 358 2843 2844
5487 2 2 5 26 358 2844 2845
5488 2 2 5 26 2845 357 358
5489 2 2 5 26 357 2845 356
5490 2 2 5 26 356 2845 2846
5491 2 2 5 26 356 2846 2847
5492 2 2 5 26 2847 355 356
5493 2 2 5 26 355 2847 354
5494 2 2 5 26 354 2847 2848
5495 2 2 5 26 354 2848 2849
5496 2 2 5 26 2849 353 354
5497 2 2 5 26 353 2849 352
5498 2 2 5 26 352 2849 2850
5499 2 2 5 26 352 2850 351
5500 2 2 5 26 351 8 352
5501 2 2 5 26 205 206 2851
5502 2 2 5 26 2851 2802 205
5503 2 2 5 26 2802 2851 2803
5504 2 2 5 26 2803 2851 2852
5505 2 2 5 26 2803 2852 2853
5506 2 2 5 26 2853 2804 2803
5507 2 2 5 26 2804 2853 2805
5508 2 2 5 26 2805 2853 2854
5509 2 2 5 26 2805 2854 2855
5510 2 2 5 26 2855 2806 2805
5511 2 2 5 26 2806 2855 2807
5512 2 2 5 26 2807 2855 2856
5513 2 2 5 26 2807 2856 2857
5514 2 2 5 26 2857 2808 2807
5515 2 2 5 26 2808 2857 2809
5516 2 2 5 26 2809 2857 2858
5517 2 2 5 26 2809 2858 2859
5518 2 2 5 26 2859 2810 2809
5519 2 2 5 26 2810 2859 2811
5520 2 2 5 26 2811 2859 2860
5521 2 2 5 26 2811 2860 2861
5522 2 2 5 26 2861 2812 2811
5523 2 2 5 26 2812 2861 2813
5524 2 2 5 26 2813 2861 2862
5525 2 2 5 26 2813 2862 2863
5526 2 2 5 26 2863 2814 2813
5527 2 2 5 26 2814 2863 2815
5528 2 2 5 26 2815 2863 2864
5529 2 2 5 26 2815 2864 2865
5530 2 2 5 26 2865 2816 2815
5531 2 2 5 26 2816 2865 2817
5532 2 2 5 26 2817 2865 2866
5533 2 2 5 26 2817 2866 2867
5534 2 2 5 26 2867 2818 2817
5535 2 2 5 26 2818 2867 2819
5536 2 2 5 26 2819 2867 2868
5537 2 2 5 26 2819 2868 2869
5538 2 2 5 26 2869 2820 2819
5539 2 2 5 26 2820 2869 2821
5540 2 2 5 26 2821 2869 2870
5541 2 2 5 26 2821 2870 2871
5542 2 2 5 26 2871 2822 2821
5543 2 2 5 26 2822 2871 2823
5544 2 2 5 26 2823 2871 2872
5545 2 2 5 26 2823 2872 2873
5546 2 2 5 26 2873 2824 2823
5547 2 2 5 26 2824 2873 2825
5548 2 2 5 26 2825 2873 2874
5549 2 2 5 26 2825 2874 2875
5550 2 2 5 26 2875 2826 2825
5551 2 2 5 26 2826 2875 2827
5552 2 2 5 26 2827 2875 2876
5553 2 2 5 26 2827 2876 2877
5554 2 2 5 26 2877 2828 2827
5555 2 2 5 26 2828 2877 2829
5556 2 2 5 26 2829 2877 2878
5557 2 2 5 26 2829 2878 2879
5558 2 2 5 26 2879 2830 2829
5559 2 2 5 26 2830 2879 2831
5560 2 2 5 26 2831 2879 2880
5561 2 2 5 26 2831 2880 2881
5562 2 2 5 26 2881 2832 2831
5563 2 2 5 26 2832 2881 2833
5564 2 2 5 26 2833 2881 2882
5565 2 2 5 26 2833 2882 2883
5566 2 2 5 26 2883 2834 2833
5567 2 2 5 26 2834 2883 2835
5568 2 2 5 26 2835 2883 2884
5569 2 2 5 26 2835 2884 2885
5570 2 2 5 26 2885 2836 2835
5571 2 2 5 26 2836 2885 2837
5572 2 2 5 26 2837 2885 2886
5573 2 2 5 26 2837 2886 2887
5574 2 2 5 26 2887 2838 2837
5575 2 2 5 26 2838 2887 2839
5576 2 2 5 26 2839 2887 2888
5577 2 2 5 26 2839 2888 2889
5578 2 2 5 26 2889 2840 2839
5579 2 2 5 26 2840 2889 2841
5580 2 2 5 26 2841 2889 2890
5581 2 2 5 26 2841 2890 2891
5582 2 2 5 26 2891 2842 2841
5583 2 2 5 26 2842 2891 2843
5584 2 2 5 26 2843 2891 2892
5585 2 2 5 26 2843 2892 2893
5586 2 2 5 26 2893 2844 2843
5587 2 2 5 26 2844 2893 2845
5588 2 2 5 26 2845 2893 2894
5589 2 2 5 26 2845 2894 2895
5590 2 2 5 26 2895 2846 2845
5591 2 2 5 26 2846 2895 2847
5592 2 2 5 26 2847 2895 2896
5593 2 2 5 26 2847 2896 2897
5594 2 2 5 26 2897 2848 2847
5595 2 2 5 26 2848 2897 2849
5596 2 2 5 26 2849 2897 2898
5597 2 2 5 26 2849 2898 2899
5598 2 2 5 26 2899 2850 2849
5599 2 2 5 26 2850 2899 351
5600 2 2 5 26 351 2899 350
5601 2 2 5 26 206 207 2851
5602 2 2 5 26 2851 207 2900
5603 2 2 5 26 2851 2900 2901
5604 2 2 5 26 2901 2852 2851
5605 2 2 5 26 2852 2901 2853
5606 2 2 5 26 2853 2901 2902
5607 2 2 5 26 2853 2902 2903
5608 2 2 5 26 2903 2854 2853
5609 2 2 5 26 2854 2903 2855
5610 2 2 5 26 2855 2903 2904
5611 2 2 5 26 2855 2904 2905
5612 2 2 5 26 2905 2856 2855
5613 2 2 5 26 2856 2905 2857
5614 2 2 5 26 2857 2905 2906
5615 2 2 5 26 2857 2906 2907
5616 2 2 5 26 2907 2858 2857
5617 2 2 5 26 2858 2907 2859
5618 2 2 5 26 2859 2907 2908
5619 2 2 5 26 2859 2908 2909
5620 2 2 5 26 2909 2860 2859
5621 2 2 5 26 2860 2909 2861
5622 2 2 5 26 2861 2909 2910
5623 2 2 5 26 2861 2910 2911
5624 2 2 5 26 2911 2862 2861
5625 2 2 5 26 2862 2911 2863
5626 2 2 5 26 2863 2911 2912
5627 2 2 5 26 2863 2912 2913
5628 2 2 5 26 2913 2864 2863
5629 2 2 5 26 2864 2913 2865
5630 2 2 5 26 2865 2913 2914
5631 2 2 5 26 2865 2914 2915
5632 2 2 5 26 2915 2866 2865
5633 2 2 5 26 2866 2915 2867
5634 2 2 5 26 2867 2915 2916
5635 2 2 5 26 2867 2916 2917
5636 2 2 5 26 2917 2868 2867
5637 2 2 5 26 2868 2917 2869
5638 2 2 5 26 2869 2917 2918
5639 2 2 5 26 2869 2918 2919
5640 2 2 5 26 2919 2870 2869
5641 2 2 5 26 2870 2919 2871
5642 2 2 5 26 2871 2919 2920
5643 2 2 5 26 2871 2920 2921
5644 2 2 5 26 2921 2872 2871
5645 2 2 5 26 2872 2921 2873
5646 2 2 5 26 2873 2921 2922
5647 2 2 5 26 2873 2922 2923
5648 2 2 5 26 2923 2874 2873
5649 2 2 5 26 2874 2923 2875
5650 2 2 5 26 2875 2923 2924
5651 2 2 5 26 2875 2924 2925
5652 2 2 5 26 2925 2876 2875
5653 2 2 5 26 2876 2925 2877
5654 2 2 5 26 2877 2925 2926
5655 2 2 5 26 2877 2926 2927
5656 2 2 5 26 2927 2878 2877
5657 2 2 5 26 2878 2927 2879
5658 2 2 5 26 2879 2927 2928
5659 2 2 5 26 2879 2928 2929
5660 2 2 5 26 2929 2880 2879
5661 2 2 5 26 2880 2929 2881
5662 2 2 5 26 2881 2929 2930
5663 2 2 5 26 2881 2930 2931
5664 2 2 5 26 2931 2882 2881
5665 2 2 5 26 2882 2931 2883
5666 2 2 5 26 2883 2931 2932
5667 2 2 5 26 2883 2932 2933
5668 2 2 5 26 2933 2884 2883
5669 2 2 5 26 2884 2933 2885
5670 2 2 5 26 2885 2933 2934
5671 2 2 5 26 2885 2934 2935
5672 2 2 5 26 2935 2886 2885
5673 2 2 5 26 2886 2935 2887
5674 2 2 5 26 2887 2935 2936
5675 2 2 5 26 2887 2936 2937
5676 2 2 5 26 2937 2888 2887
5677 2 2 5 26 2888 2937 2889
5678 2 2 5 26 2889 2937 2938
5679 2 2 5 26 2889 2938 2939
5680 2 2 5 26 2939 2890 2889
5681 2 2 5 26 2890 2939 2891
5682 2 2 5 26 2891 2939 2940
5683 2 2 5 26 2891 2940 2941
5684 2 2 5 26 2941 2892 2891
5685 2 2 5 26 2892 2941 2893
5686 2 2 5 26 2893 2941 2942
5687 2 2 5 26 2893 2942 2943
5688 2 2 5 26 2943 2894 2893
5689 2 2 5 26 2894 2943 2895
5690 2 2 5 26 2895 2943 2944
5691 2 2 5 26 2895 2944 2945
5692 2 2 5 26 2945 2896 2895
5693 2 2 5 26 2896 2945 2897
5694 2 2 5 26 2897 2945 2946
5695 2 2 5 26 2897 2946 2947
5696 2 2 5 26 2947 2898 2897
5697 2 2 5 26 2898 2947 2899
5698 2 2 5 26 2899 2947 2948
5699 2 2 5 26 2899 2948 349
5700 2 2 5 26 349 350 2899
5701 2 2 5 26 207 208 2949
5702 2 2 5 26 2949 2900 207
5703 2 2 5 26 2900 2949 2901
5704 2 2 5 26 2901 2949 2950
5705 2 2 5 26 2901 2950 2951
5706 2 2 5 26 2951 2902 2901
5707 2 2 5 26 2902 2951 2903
5708 2 2 5 26 2903 2951 2952
5709 2 2 5 26 2903 2952 2953
5710 2 2 5 26 2953 2904 2903
5711 2 2 5 26 2904 2953 2905
5712 2 2 5 26 2905 2953 2954
5713 2 2 5 26 2905 2954 2955
5714 2 2 5 26 2955 2906 2905
5715 2 2 5 26 2906 2955 2907
5716 2 2 5 26 2907 2955 2956
5717 2 2 5 26 2907 2956 2957
5718 2 2 5 26 2957 2908 2907
5719 2 2 5 26 2908 2957 2909
5720 2 2 5 26 2909 2957 2958
5721 2 2 5 26 2909 2958 2959
5722 2 2 5 26 2959 2910 2909
5723 2 2 5 26 2910 2959 2911
5724 2 2 5 26 2911 2959 2960
5725 2 2 5 26 2911 2960 2961
5726 2 2 5 26 2961 2912 2911
5727 2 2 5 26 2912 2961 2913
5728 2 2 5 26 2913 2961 2962
5729 2 2 5 26 2913 2962 2963
5730 2 2 5 26 2963 2914 2913
5731 2 2 5 26 2914 2963 2915
5732 2 2 5 26 2915 2963 2964
5733 2 2 5 26 2915 2964 2965
5734 2 2 5 26 2965 2916 2915
5735 2 2 5 26 2916 2965 2917
5736 2 2 5 26 2917 2965 2966
5737 2 2 5 26 2917 2966 2967
5738 2 2 5 26 2967 2918 2917
5739 2 2 5 26 2918 2967 2919
5740 2 2 5 26 2919 2967 2968
5741 2 2 5 26 2919 2968 2969
5742 2 2 5 26 2969 2920 2919
5743 2 2 5 26 2920 2969 2921
5744 2 2 5 26 2921 2969 2970
5745 2 2 5 26 2921 2970 2971
5746 2 2 5 26 2971 2922 2921
5747 2 2 5 26 2922 2971 2923
5748 2 2 5 26 2923 2971 2972
5749 2 2 5 26 2923 2972 2973
5750 2 2 5 26 2973 2924 2923
5751 2 2 5 26 2924 2973 2925
5752 2 2 5 26 2925 2973 2974
5753 2 2 5 26 2925 2974 2975
5754 2 2 5 26 2975 2926 2925
5755 2 2 5 26 2926 2975 2927
5756 2 2 5 26 2927 2975 2976
5757 2 2 5 26 2927 2976 2977
5758 2 2 5 26 2977 2928 2927
5759 2 2 5 26 2928 2977 2929
5760 2 2 5 26 2929 2977 2978
5761 2 2 5 26 2929 2978 2979
5762 2 2 5 26 2979 2930 2929
5763 2 2 5 26 2930 2979 2931
5764 2 2 5 26 2931 2979 2980
5765 2 2 5 26 2931 2980 2981
5766 2 2 5 26 2981 2932 2931
5767 2 2 5 26 2932 2981 2933
5768 2 2 5 26 2933 2981 2982
5769 2 2 5 26 2933 2982 2983
5770 2 2 5 26 2983 2934 2933
5771 2 2 5 26 2934 2983 2935
5772 2 2 5 26 2935 2983 2984
5773 2 2 5 26 2935 2984 2985
5774 2 2 5 26 2985 2936 2935
5775 2 2 5 26 2936 2985 2937
5776 2 2 5 26 2937 2985 2986
5777 2 2 5 26 2937 2986 2987
5778 2 2 5 26 2987 2938 2937
5779 2 2 5 26 2938 2987 2939
5780 2 2 5 26 2939 2987 2988
5781 2 2 5 26 2939 2988 2989
5782 2 2 5 26 2989 2940 2939
5783 2 2 5 26 2940 2989 2941
5784 2 2 5 26 2941 2989 2990
5785 2 2 5 26 2941 2990 2991
5786 2 2 5 26 2991 2942 2941
5787 2 2 5 26 2942 2991 2943
5788 2 2 5 26 2943 2991 2992
5789 2 2 5 26 2943 2992 2993
5790 2 2 5 26 2993 2944 2943
5791 2 2 5 26 2944 2993 2945
5792 2 2 5 26 2945 2993 2994
5793 2 2 5 26 2945 2994 2995
5794 2 2 5 26 2995 2946 2945
5795 2 2 5 26 2946 2995 2947
5796 2 2 5 26 2947 2995 2996
5797 2 2 5 26 2947 2996 2997
5798 2 2 5 26 2997 2948 2947
5799 2 2 5 26 2948 2997 349
5800 2 2 5 26 349 2997 348
5801 2 2 5 26 208 209 2949
5802 2 2 5 26 2949 209 2998
5803 2 2 5 26 2949 2998 2999
5804 2 2 5 26 2999 2950 2949
5805 2 2 5 26 2950 2999 2951
5806 2 2 5 26 2951 2999 3000
5807 2 2 5 26 2951 3000 3001
5808 2 2 5 26 3001 2952 2951
5809 2 2 5 26 2952 3001 2953
5810 2 2 5 26 2953 3001 3002
5811 2 2 5 26 2953 3002 3003
5812 2 2 5 26 3003 2954 2953
5813 2 2 5 26 2954 3003 2955
5814 2 2 5 26 2955 3003 3004
5815 2 2 5 26 2955 3004 3005
5816 2 2 5 26 3005 2956 2955
5817 2 2 5 26 2956 3005 2957
5818 2 2 5 26 2957 3005 3006
5819 2 2 5 26 2957 3006 3007
5820 2 2 5 26 3007 2958 2957
5821 2 2 5 26 2958 3007 2959
5822 2 2 5 26 2959 3007 3008
5823 2 2 5 26 2959 3008 3009
5824 2 2 5 26 3009 2960 2959
5825 2 2 5 26 2960 3009 2961
5826 2 2 5 26 2961 3009 3010
5827 2 2 5 26 2961 3010 3011
5828 2 2 5 26 3011 2962 2961
5829 2 2 5 26 2962 3011 2963
5830 2 2 5 26 2963 3011 3012
5831 2 2 5 26 2963 3012 3013
5832 2 2 5 26 3013 2964 2963
5833 2 2 5 26 2964 3013 2965
5834 2 2 5 26 2965 3013 3014
5835 2 2 5 26 2965 3014 3015
5836 2 2 5 26 3015 2966 2965
5837 2 2 5 26 2966 3015 2967
5838 2 2 5 26 2967 3015 3016
5839 2 2 5 26 2967 3016 3017
5840 2 2 5 26 3017 2968 2967
5841 2 2 5 26 2968 3017 2969
5842 2 2 5 26 2969 3017 3018
5843 2 2 5 26 2969 3018 3019
5844 2 2 5 26 3019 2970 2969
5845 2 2 5 26 2970 3019 2971
5846 2 2 5 26 2971 3019 3020
5847 2 2 5 26 2971 3020 3021
5848 2 2 5 26 3021 2972 2971
5849 2 2 5 26 2972 3021 2973
5850 2 2 5 26 2973 3021 3022
5851 2 2 5 26 2973 3022 3023
5852 2 2 5 26 3023 2974 2973
5853 2 2 5 26 2974 3023 2975
5854 2 2 5 26 2975 3023 3024
5855 2 2 5 26 2975 3024 3025
5856 2 2 5 26 3025 2976 2975
5857 2 2 5 26 2976 3025 2977
5858 2 2 5 26 2977 3025 3026
5859 2 2 5 26 2977 3026 3027
5860 2 2 5 26 3027 2978 2977
5861 2 2 5 26 2978 3027 2979
5862 2 2 5 26 2979 3027 3028
5863 2 2 5 26 2979 3028 3029
5864 2 2 5 26 3029 2980 2979
5865 2 2 5 26 2980 3029 2981
5866 2 2 5 26 2981 3029 3030
5867 2 2 5 26 2981 3030 3031
5868 2 2 5 26 3031 2982 2981
5869 2 2 5 26 2982 3031 2983
5870 2 2 5 26 2983 3031 3032
5871 2 2 5 26 2983 3032 3033
5872 2 2 5 26 3033 2984 2983
5873 2 2 5 26 2984 3033 2985
5874 2 2 5 26 2985 3033 3034
5875 2 2 5 26 2985 3034 3035
5876 2 2 5 26 3035 2986 2985
5877 2 2 5 26 2986 3035 2987
5878 2 2 5 26 2987 3035 3036
5879 2 2 5 26 2987 3036 3037
5880 2 2 5 26 3037 2988 2987
5881 2 2 5 26 2988 3037 2989
5882 2 2 5 26 2989 3037 3038
5883 2 2 5 26 2989 3038 3039
5884 2 2 5 26 3039 2990 2989
5885 2 2 5 26 2990 3039 2991
5886 2 2 5 26 2991 3039 3040
5887 2 2 5 26 2991 3040 3041
5888 2 2 5 26 3041 2992 2991
5889 2 2 5 26 2992 3041 2993
5890 2 2 5 26 2993 3041 3042
5891 2 2 5 26 2993 3042 3043
5892 2 2 5 26 3043 2994 2993
5893 2 2 5 26 2994 3043 2995
5894 2 2 5 26 2995 3043 3044
5895 2 2 5 26 2995 3044 3045
5896 2 2 5 26 3045 2996 2995
5897 2 2 5 26 2996 3045 2997
5898 2 2 5 26 2997 3045 3046
5899 2 2 5 26 2997 3046 347
5900 2 2 5 26 347 348 2997
5901 2 2 5 26 209 210 3047
5902 2 2 5 26 3047 2998 209
5903 2 2 5 26 2998 3047 2999
5904 2 2 5 26 2999 3047 3048
5905 2 2 5 26 2999 3048 3049
5906 2 2 5 26 3049 3000 2999
5907 2 2 5 26 3000 3049 3001
5908 2 2 5 26 3001 3049 3050
5909 2 2 5 26 3001 3050 3051
5910 2 2 5 26 3051 3002 3001
5911 2 2 5 26 3002 3051 3003
5912 2 2 5 26 3003 3051 3052
5913 2 2 5 26 3003 3052 3053
5914 2 2 5 26 3053 3004 3003
5915 2 2 5 26 3004 3053 3005
5916 2 2 5 26 3005 3053 3054
5917 2 2 5 26 3005 3054 3055
5918 2 2 5 26 3055 3006 3005
5919 2 2 5 26 3006 3055 3007
5920 2 2 5 26 3007 3055 3056
5921 2 2 5 26 3007 3056 3057
5922 2 2 5 26 3057 3008 3007
5923 2 2 5 26 3008 3057 3009
5924 2 2 5 26 3009 3057 3058
5925 2 2 5 26 3009 3058 3059
5926 2 2 5 26 3059 3010 3009
5927 2 2 5 26 3010 3059 3011
5928 2 2 5 26 3011 3059 3060
5929 2 2 5 26 3011 3060 3061
5930 2 2 5 26 3061 3012 3011
5931 2 2 5 26 3012 3061 3013
5932 2 2 5 26 3013 3061 3062
5933 2 2 5 26 3013 3062 3063
5934 2 2 5 26 3063 3014 3013
5935 2 2 5 26 3014 3063 3015
5936 2 2 5 26 3015 3063 3064
5937 2 2 5 26 3015 3064 3065
5938 2 2 5 26 3065 3016 3015
5939 2 2 5 26 3016 3065 3017
5940 2 2 5 26 3017 3065 3066
5941 2 2 5 26 3017 3066 3067
5942 2 2 5 26 3067 3018 3017
5943 2 2 5 26 3018 3067 3019
5944 2 2 5 26 3019 3067 3068
5945 2 2 5 26 3019 3068 3069
5946 2 2 5 26 3069 3020 3019
5947 2 2 5 26 3020 3069 3021
5948 2 2 5 26 3021 3069 3070
5949 2 2 5 26 3021 3070 3071
5950 2 2 5 26 3071 3022 3021
5951 2 2 5 26 3022 3071 3023
5952 2 2 5 26 3023 3071 3072
5953 2 2 5 26 3023 3072 3073
5954 2 2 5 26 3073 3024 3023
5955 2 2 5 26 3024 3073 3025
5956 2 2 5 26 3025 3073 3074
5957 2 2 5 26 3025 3074 3075
5958 2 2 5 26 3075 3026 3025
5959 2 2 5 26 3026 3075 3027
5960 2 2 5 26 3027 3075 3076
5961 2 2 5 26 3027 3076 3077
5962 2 2 5 26 3077 3028 3027
5963 2 2 5 26 3028 3077 3029
5964 2 2 5 26 3029 3077 3078
5965 2 2 5 26 3029 3078 3079
5966 2 2 5 26 3079 3030 3029
5967 2 2 5 26 3030 3079 3031
5968 2 2 5 26 3031 3079 3080
5969 2 2 5 26 3031 3080 3081
5970 2 2 5 26 3081 3032 3031
5971 2 2 5 26 3032 3081 3033
5972 2 2 5 26 3033 3081 3082
5973 2 2 5 26 3033 3082 3083
5974 2 2 5 26 3083 3034 3033
5975 2 2 5 26 3034 3083 3035
5976 2 2 5 26 3035 3083 3084
5977 2 2 5 26 3035 3084 3085
5978 2 2 5 26 3085 3036 3035
5979 2 2 5 26 3036 3085 3037
5980 2 2 5 26 3037 3085 3086
5981 2 2 5 26 3037 3086 3087
5982 2 2 5 26 3087 3038 3037
5983 2 2 5 26 3038 3087 3039
5984 2 2 5 26 3039 3087 3088
5985 2 2 5 26 3039 3088 3089
5986 2 2 5 26 3089 3040 3039
5987 2 2 5 26 3040 3089 3041
5988 2 2 5 26 3041 3089 3090
5989 2 2 5 26 3041 3090 3091
5990 2 2 5 26 3091 3042 3041
5991 2 2 5 26 3042 3091 3043
5992 2 2 5 26 3043 3091 3092
5993 2 2 5 26 3043 3092 3093
5994 2 2 5 26 3093 3044 3043
5995 2 2 5 26 3044 3093 3045
5996 2 2 5 26 3045 3093 3094
5997 2 2 5 26 3045 3094 3095
5998 2 2 5 26 3095 3046 3045
5999 2 2 5 26 3046 3095 347
6000 2 2 5 26 347 3095 346
6001 2 2 5 26 210 211 3047
6002 2 2 5 26 3047 211 3096
6003 2 2 5 26 3047 3096 3097
6004 2 2 5 26 3097 3048 3047
6005 2 2 5 26 3048 3097 3049
6006 2 2 5 26 3049 3097 3098
6007 2 2 5 26 3049 3098 3099
6008 2 2 5 26 3099 3050 3049
6009 2 2 5 26 3050 3099 3051
6010 2 2 5 26 3051 3099 3100
6011 2 2 5 26 3051 3100 3101
6012 2 2 5 26 3101 3052 3051
6013 2 2 5 26 3052 3101 3053
6014 2 2 5 26 3053 3101 3102
6015 2 2 5 26 3053 3102 3103
6016 2 2 5 26 3103 3054 3053
6017 2 2 5 26 3054 3103 3055
6018 2 2 5 26 3055 3103 3104
6019 2 2 5 26 3055 3104 3105
6020 2 2 5 26 3105 3056 3055
6021 2 2 5 26 3056 3105 3057
6022 2 2 5 26 3057 3105 3106
6023 2 2 5 26 3057 3106 3107
6024 2 2 5 26 3107 3058 3057
6025 2 2 5 26 3058 3107 3059
6026 2 2 5 26 3059 3107 3108
6027 2 2 5 26 3059 3108 3109
6028 2 2 5 26 3109 3060 3059
6029 2 2 5 26 3060 3109 3061
6030 2 2 5 26 3061 3109 3110
6031 2 2 5 26 3061 3110 3111
6032 2 2 5 26 3111 3062 3061
6033 2 2 5 26 3062 3111 3063
6034 2 2 5 26 3063 3111 3112
6035 2 2 5 26 3063 3112 3113
6036 2 2 5 26 3113 3064 3063
6037 2 2 5 26 3064 3113 3065
6038 2 2 5 26 3065 3113 3114
6039 2 2 5 26 3065 3114 3115
6040 2 2 5 26 3115 3066 3065
6041 2 2 5 26 3066 3115 3067
6042 2 2 5 26 3067 3115 3116
6043 2 2 5 26 3067 3116 3117
6044 2 2 5 26 3117 3068 3067
6045 2 2 5 26 3068 3117 3069
6046 2 2 5 26 3069 3117 3118
6047 2 2 5 26 3069 3118 3119
6048 2 2 5 26 3119 3070 3069
6049 2 2 5 26 3070 3119 3071
6050 2 2 5 26 3071 3119 3120
6051 2 2 5 26 3071 3120 3121
6052 2 2 5 26 3121 3072 3071
6053 2 2 5 26 3072 3121 3073
6054 2 2 5 26 3073 3121 3122
6055 2 2 5 26 3073 3122 3123
6056 2 2 5 26 3123 3074 3073
6057 2 2 5 26 3074 3123 3075
6058 2 2 5 26 3075 3123 3124
6059 2 2 5 26 3075 3124 3125
6060 2 2 5 26 3125 3076 3075
6061 2 2 5 26 3076 3125 3077
6062 2 2 5 26 3077 3125 3126
6063 2 2 5 26 3077 3126 3127
6064 2 2 5 26 3127 3078 3077
6065 2 2 5 26 3078 3127 3079
6066 2 2 5 26 3079 3127 3128
6067 2 2 5 26 3079 3128 3129
6068 2 2 5 26 3129 3080 3079
6069 2 2 5 26 3080 3129 3081
6070 2 2 5 26 3081 3129 3130
6071 2 2 5 26 3081 3130 3131
6072 2 2 5 26 3131 3082 3081
6073 2 2 5 26 3082 3131 3083
6074 2 2 5 26 3083 3131 3132
6075 2 2 5 26 3083 3132 3133
6076 2 2 5 26 3133 3084 3083
6077 2 2 5 26 3084 3133 3085
6078 2 2 5 26 3085 3133 3134
6079 2 2 5 26 3085 3134 3135
6080 2 2 5 26 3135 3086 3085
6081 2 2 5 26 3086 3135 3087
6082 2 2 5 26 3087 3135 3136
6083 2 2 5 26 3087 3136 3137
6084 2 2 5 26 3137 3088 3087
6085 2 2 5 26 3088 3137 3089
6086 2 2 5 26 3089 3137 3138
6087 2 2 5 26 3089 3138 3139
6088 2 2 5 26 3139 3090 3089
6089 2 2 5 26 3090 3139 3091
6090 2 2 5 26 3091 3139 3140
6091 2 2 5 26 3091 3140 3141
6092 2 2 5 26 3141 3092 3091
6093 2 2 5 26 3092 3141 3093
6094 2 2 5 26 3093 3141 3142
6095 2 2 5 26 3093 3142 3143
6096 2 2 5 26 3143 3094 3093
6097 2 2 5 26 3094 3143 3095
6098 2 2 5 26 3095 3143 3144
6099 2 2 5 26 3095 3144 345
6100 2 2 5 26 345 346 3095
6101 2 2 5 26 211 212 3145
6102 2 2 5 26 3145 3096 211
6103 2 2 5 26 3096 3145 3097
6104 2 2 5 26 3097 3145 3146
6105 2 2 5 26 3097 3146 3147
6106 2 2 5 26 3147 3098 3097
6107 2 2 5 26 3098 3147 3099
6108 2 2 5 26 3099 3147 3148
6109 2 2 5 26 3099 3148 3149
6110 2 2 5 26 3149 3100 3099
6111 2 2 5 26 3100 3149 3101
6112 2 2 5 26 3101 3149 3150
6113 2 2 5 26 3101 3150 3151
6114 2 2 5 26 3151 3102 3101
6115 2 2 5 26 3102 3151 3103
6116 2 2 5 26 3103 3151 3152
6117 2 2 5 26 3103 3152 3153
6118 2 2 5 26 3153 3104 3103
6119 2 2 5 26 3104 3153 3105
6120 2 2 5 26 3105 3153 3154
6121 2 2 5 26 3105 3154 3155
6122 2 2 5 26 3155 3106 3105
6123 2 2 5 26 3106 3155 3107
6124 2 2 5 26 3107 3155 3156
6125 2 2 5 26 3107 3156 3157
6126 2 2 5 26 3157 3108 3107
6127 2 2 5 26 3108 3157 3109
6128 2 2 5 26 3109 3157 3158
6129 2 2 5 26 3109 3158 3159
6130 2 2 5 26 3159 3110 3109
6131 2 2 5 26 3110 3159 3111
6132 2 2 5 26 3111 3159 3160
6133 2 2 5 26 3111 3160 3161
6134 2 2 5 26 3161 3112 3111
6135 2 2 5 26 3112 3161 3113
6136 2 2 5 26 3113 3161 3162
6137 2 2 5 26 3113 3162 3163
6138 2 2 5 26 3163 3114 3113
6139 2 2 5 26 3114 3163 3115
6140 2 2 5 26 3115 3163 3164
6141 2 2 5 26 3115 3164 3165
6142 2 2 5 26 3165 3116 3115
6143 2 2 5 26 3116 3165 3117
6144 2 2 5 26 3117 3165 3166
6145 2 2 5 26 3117 3166 3167
6146 2 2 5 26 3167 3118 3117
6147 2 2 5 26 3118 3167 3119
6148 2 2 5 26 3119 3167 3168
6149 2 2 5 26 3119 3168 3169
6150 2 2 5 26 3169 3120 3119
6151 2 2 5 26 3120 3169 3121
6152 2 2 5 26 3121 3169 3170
6153 2 2 5 26 3121 3170 3171
6154 2 2 5 26 3171 3122 3121
6155 2 2 5 26 3122 3171 3123
6156 2 2 5 26 3123 3171 3172
6157 2 2 5 26 3123 3172 3173
6158 2 2 5 26 3173 3124 3123
6159 2 2 5 26 3124 3173 3125
6160 2 2 5 26 3125 3173 3174
6161 2 2 5 26 3125 3174 3175
6162 2 2 5 26 3175 3126 3125
6163 2 2 5 26 3126 3175 3127
6164 2 2 5 26 3127 3175 3176
6165 2 2 5 26 3127 3176 3177
6166 2 2 5 26 3177 3128 3127
6167 2 2 5 26 3128 3177 3129
6168 2 2 5 26 3129 3177 3178
6169 2 2 5 26 3129 3178 3179
6170 2 2 5 26 3179 3130 3129
6171 2 2 5 26 3130 3179 3131
6172 2 2 5 26 3131 3179 3180
6173 2 2 5 26 3131 3180 3181
6174 2 2 5 26 3181 3132 3131
6175 2 2 5 26 3132 3181 3133
6176 2 2 5 26 3133 3181 3182
6177 2 2 5 26 3133 3182 3183
6178 2 2 5 26 3183 3134 3133
6179 2 2 5 26 3134 3183 3135
6180 2 2 5 26 3135 3183 3184
6181 2 2 5 26 3135 3184 3185
6182 2 2 5 26 3185 3136 3135
6183 2 2 5 26 3136 3185 3137
6184 2 2 5 26 3137 3185 3186
6185 2 2 5 26 3137 3186 3187
6186 2 2 5 26 3187 3138 3137
6187 2 2 5 26 3138 3187 3139
6188 2 2 5 26 3139 3187 3188
6189 2 2 5 26 3139 3188 3189
6190 2 2 5 26 3189 3140 3139
6191 2 2 5 26 3140 3189 3141
6192 2 2 5 26 3141 3189 3190
6193 2 2 5 26 3141 3190 3191
6194 2 2 5 26 3191 3142 3141
6195 2 2 5 26 3142 3191 3143
6196 2 2 5 26 3143 3191 3192
6197 2 2 5 26 3143 3192 3193
6198 2 2 5 26 3193 3144 3143
6199 2 2 5 26 3144 3193 345
6200 2 2 5 26 345 3193 344
6201 2 2 5 26 212 213 3145
6202 2 2 5 26 3145 213 3194
6203 2 2 5 26 3145 3194 3195
6204 2 2 5 26 3195 3146 3145
6205 2 2 5 26 3146 3195 3147
6206 2 2 5 26 3147 3195 3196
6207 2 2 5 26 3147 3196 3197
6208 2 2 5 26 3197 3148 3147
6209 2 2 5 26 3148 3197 3149
6210 2 2 5 26 3149 3197 3198
6211 2 2 5 26 3149 3198 3199
6212 2 2 5 26 3199 3150 3149
6213 2 2 5 26 3150 3199 3151
6214 2 2 5 26 3151 3199 3200
6215 2 2 5 26 3151 3200 3201
6216 2 2 5 26 3201 3152 3151
6217 2 2 5 26 3152 3201 3153
6218 2 2 5 26 3153 3201 3202
6219 2 2 5 26 3153 3202 3203
6220 2 2 5 26 3203 3154 3153
6221 2 2 5 26 3154 3203 3155
6222 2 2 5 26 3155 3203 3204
6223 2 2 5 26 3155 3204 3205
6224 2 2 5 26 3205 3156 3155
6225 2 2 5 26 3156 3205 3157
6226 2 2 5 26 3157 3205 3206
6227 2 2 5 26 3157 3206 3207
6228 2 2 5 26 3207 3158 3157
6229 2 2 5 26 3158 3207 3159
6230 2 2 5 26 3159 3207 3208
6231 2 2 5 26 3159 3208 3209
6232 2 2 5 26 3209 3160 3159
6233 2 2 5 26 3160 3209 3161
6234 2 2 5 26 3161 3209 3210
6235 2 2 5 26 3161 3210 3211
6236 2 2 5 26 3211 3162 3161
6237 2 2 5 26 3162 3211 3163
6238 2 2 5 26 3163 3211 3212
6239 2 2 5 26 3163 3212 3213
6240 2 2 5 26 3213 3164 3163
6241 2 2 5 26 3164 3213 3165
6242 2 2 5 26 3165 3213 3214
6243 2 2 5 26 3165 3214 3215
6244 2 2 5 26 3215 3166 3165
6245 2 2 5 26 3166 3215 3167
6246 2 2 5 26 3167 3215 3216
6247 2 2 5 26 3167 3216 3217
6248 2 2 5 26 3217 3168 3167
6249 2 2 5 26 3168 3217 3169
6250 2 2 5 26 3169 3217 3218
6251 2 2 5 26 3169 3218 3219
6252 2 2 5 26 3219 3170 3169
6253 2 2 5 26 3170 3219 3171
6254 2 2 5 26 3171 3219 3220
6255 2 2 5 26 3171 3220 3221
6256 2 2 5 26 3221 3172 3171
6257 2 2 5 26 3172 3221 3173
6258 2 2 5 26 3173 3221 3222
6259 2 2 5 26 3173 3222 3223
6260 2 2 5 26 3223 3174 3173
6261 2 2 5 26 3174 3223 3175
6262 2 2 5 26 3175 3223 3224
6263 2 2 5 26 3175 3224 3225
6264 2 2 5 26 3225 3176 3175
6265 2 2 5 26 3176 3225 3177
6266 2 2 5 26 3177 3225 3226
6267 2 2 5 26 3177 3226 3227
6268 2 2 5 26 3227 3178 3177
6269 2 2 5 26 3178 3227 3179
6270 2 2 5 26 3179 3227 3228
6271 2 2 5 26 3179 3228 3229
6272 2 2 5 26 3229 3180 3179
6273 2 2 5 26 3180 3229 3181
6274 2 2 5 26 3181 3229 3230
6275 2 2 5 26 3181 3230 3231
6276 2 2 5 26 3231 3182 3181
6277 2 2 5 26 3182 3231 3183
6278 2 2 5 26 3183 3231 3232
6279 2 2 5 26 3183 3232 3233
6280 2 2 5 26 3233 3184 3183
6281 2 2 5 26 3184 3233 3185
6282 2 2 5 26 3185 3233 3234
6283 2 2 5 26 3185 3234 3235
6284 2 2 5 26 3235 3186 3185
6285 2 2 5 26 3186 3235 3187
6286 2 2 5 26 3187 3235 3236
6287 2 2 5 26 3187 3236 3237
6288 2 2 5 26 3237 3188 3187
6289 2 2 5 26 3188 3237 3189
6290 2 2 5 26 3189 3237 3238
6291 2 2 5 26 3189 3238 3239
6292 2 2 5 26 3239 3190 3189
6293 2 2 5 26 3190 3239 3191
6294 2 2 5 26 3191 3239 3240
6295 2 2 5 26 3191 3240 3241
6296 2 2 5 26 3241 3192 3191
6297 2 2 5 26 3192 3241 3193
6298 2 2 5 26 3193 3241 3242
6299 2 2 5 26 3193 3242 343
6300 2 2 5 26 343 344 3193
6301 2 2 5 26 213 214 3243
6302 2 2 5 26 3243 3194 213
6303 2 2 5 26 3194 3243 3195
6304 2 2 5 26 3195 3243 3244
6305 2 2 5 26 3195 3244 3245
6306 2 2 5 26 3245 3196 3195
6307 2 2 5 26 3196 3245 3197
6308 2 2 5 26 3197 3245 3246
6309 2 2 5 26 3197 3246 3247
6310 2 2 5 26 3247 3198 3197
6311 2 2 5 26 3198 3247 3199
6312 2 2 5 26 3199 3247 3248
6313 2 2 5 26 3199 3248 3249
6314 2 2 5 26 3249 3200 3199
6315 2 2 5 26 3200 3249 3201
6316 2 2 5 26 3201 3249 3250
6317 2 2 5 26 3201 3250 3251
6318 2 2 5 26 3251 3202 3201
6319 2 2 5 26 3202 3251 3203
6320 2 2 5 26 3203 3251 3252
6321 2 2 5 26 3203 3252 3253
6322 2 2 5 26 3253 3204 3203
6323 2 2 5 26 3204 3253 3205
6324 2 2 5 26 3205 3253 3254
6325 2 2 5 26 3205 3254 3255
6326 2 2 5 26 3255 3206 3205
6327 2 2 5 26 3206 3255 3207
6328 2 2 5 26 3207 3255 3256
6329 2 2 5 26 3207 3256 3257
6330 2 2 5 26 3257 3208 3207
6331 2 2 5 26 3208 3257 3209
6332 2 2 5 26 3209 3257 3258
6333 2 2 5 26 3209 3258 3259
6334 2 2 5 26 3259 3210 3209
6335 2 2 5 26 3210 3259 3211
6336 2 2 5 26 3211 3259 3260
6337 2 2 5 26 3211 3260 3261
6338 2 2 5 26 3261 3212 3211
6339 2 2 5 26 3212 3261 3213
6340 2 2 5 26 3213 3261 3262
6341 2 2 5 26 3213 3262 3263
6342 2 2 5 26 3263 3214 3213
6343 2 2 5 26 3214 3263 3215
6344 2 2 5 26 3215 3263 3264
6345 2 2 5 26 3215 3264 3265
6346 2 2 5 26 3265 3216 3215
6347 2 2 5 26 3216 3265 3217
6348 2 2 5 26 3217 3265 3266
6349 2 2 5 26 3217 3266 3267
6350 2 2 5 26 3267 3218 3217
6351 2 2 5 26 3218 3267 3219
6352 2 2 5 26 3219 3267 3268
6353 2 2 5 26 3219 3268 3269
6354 2 2 5 26 3269 3220 3219
6355 2 2 5 26 3220 3269 3221
6356 2 2 5 26 3221 3269 3270
6357 2 2 5 26 3221 3270 3271
6358 2 2 5 26 3271 3222 3221
6359 2 2 5 26 3222 3271 3223
6360 2 2 5 26 3223 3271 3272
6361 2 2 5 26 3223 3272 3273
6362 2 2 5 26 3273 3224 3223
6363 2 2 5 26 3224 3273 3225
6364 2 2 5 26 3225 3273 3274
6365 2 2 5 26 3225 3274 3275
6366 2 2 5 26 3275 3226 3225
6367 2 2 5 26 3226 3275 3227
6368 2 2 5 26 3227 3275 3276
6369 2 2 5 26 3227 3276 3277
6370 2 2 5 26 3277 3228 3227
6371 2 2 5 26 3228 3277 3229
6372 2 2 5 26 3229 3277 3278
6373 2 2 5 26 3229 3278 3279
6374 2 2 5 26 3279 3230 3229
6375 2 2 5 26 3230 3279 3231
6376 2 2 5 26 3231 3279 3280
6377 2 2 5 26 3231 3280 3281
6378 2 2 5 26 3281 3232 3231
6379 2 2 5 26 3232 3281 3233
6380 2 2 5 26 3233 3281 3282
6381 2 2 5 26 3233 3282 3283
6382 2 2 5 26 3283 3234 3233
6383 2 2 5 26 3234 3283 3235
6384 2 2 5 26 3235 3283 3284
6385 2 2 5 26 3235 3284 3285
6386 2 2 5 26 3285 3236 3235
6387 2 2 5 26 3236 3285 3237
6388 2 2 5 26 3237 3285 3286
6389 2 2 5 26 3237 3286 3287
6390 2 2 5 26 3287 3238 3237
6391 2 2 5 26 3238 3287 3239
6392 2 2 5 26 3239 3287 3288
6393 2 2 5 26 3239 3288 3289
6394 2 2 5 26 3289 3240 3239
6395 2 2 5 26 3240 3289 3241
6396 2 2 5 26 3241 3289 3290
6397 2 2 5 26 3241 3290 3291
6398 2 2 5 26 3291 3242 3241
6399 2 2 5 26 3242 3291 343
6400 2 2 5 26 343 3291 342
6401 2 2 5 26 214 215 3243
6402 2 2 5 26 3243 215 3292
6403 2 2 5 26 3243 3292 3293
6404 2 2 5 26 3293 3244 3243
6405 2 2 5 26 3244 3293 3245
6406 2 2 5 26 3245 3293 3294
6407 2 2 5 26 3245 3294 3295
6408 2 2 5 26 3295 3246 3245
6409 2 2 5 26 3246 3295 3247
6410 2 2 5 26 3247 3295 3296
6411 2 2 5 26 3247 3296 3297
6412 2 2 5 26 3297 3248 3247
6413 2 2 5 26 3248 3297 3249
6414 2 2 5 26 3249 3297 3298
6415 2 2 5 26 3249 3298 3299
6416 2 2 5 26 3299 3250 3249
6417 2 2 5 26 3250 3299 3251
6418 2 2 5 26 3251 3299 3300
6419 2 2 5 26 3251 3300 3301
6420 2 2 5 26 3301 3252 3251
6421 2 2 5 26 3252 3301 3253
6422 2 2 5 26 3253 3301 3302
6423 2 2 5 26 3253 3302 3303
6424 2 2 5 26 3303 3254 3253
6425 2 2 5 26 3254 3303 3255
6426 2 2 5 26 3255 3303 3304
6427 2 2 5 26 3255 3304 3305
6428 2 2 5 26 3305 3256 3255
6429 2 2 5 26 3256 3305 3257
6430 2 2 5 26 3257 3305 3306
6431 2 2 5 26 3257 3306 3307
6432 2 2 5 26 3307 3258 3257
6433 2 2 5 26 3258 3307 3259
6434 2 2 5 26 3259 3307 3308
6435 2 2 5 26 3259 3308 3309
6436 2 2 5 26 3309 3260 3259
6437 2 2 5 26 3260 3309 3261
6438 2 2 5 26 3261 3309 3310
6439 2 2 5 26 3261 3310 3311
6440 2 2 5 26 3311 3262 3261
6441 2 2 5 26 3262 3311 3263
6442 2 2 5 26 3263 3311 3312
6443 2 2 5 26 3263 3312 3313
6444 2 2 5 26 3313 3264 3263
6445 2 2 5 26 3264 3313 3265
6446 2 2 5 26 3265 3313 3314
6447 2 2 5 26 3265 3314 3315
6448 2 2 5 26 3315 3266 3265
6449 2 2 5 26 3266 3315 3267
6450 2 2 5 26 3267 3315 3316
6451 2 2 5 26 3267 3316 3317
6452 2 2 5 26 3317 3268 3267
6453 2 2 5 26 3268 3317 3269
6454 2 2 5 26 3269 3317 3318
6455 2 2 5 26 3269 3318 3319
6456 2 2 5 26 3319 3270 3269
6457 2 2 5 26 3270 3319 3271
6458 2 2 5 26 3271 3319 3320
6459 2 2 5 26 3271 3320 3321
6460 2 2 5 26 3321 3272 3271
6461 2 2 5 26 3272 3321 3273
6462 2 2 5 26 3273 3321 3322
6463 2 2 5 26 3273 3322 3323
6464 2 2 5 26 3323 3274 3273
6465 2 2 5 26 3274 3323 3275
6466 2 2 5 26 3275 3323 3324
6467 2 2 5 26 3275 3324 3325
6468 2 2 5 26 3325 3276 3275
6469 2 2 5 26 3276 3325 3277
6470 2 2 5 26 3277 3325 3326
6471 2 2 5 26 3277 3326 3327
6472 2 2 5 26 3327 3278 3277
6473 2 2 5 26 3278 3327 3279
6474 2 2 5 26 3279 3327 3328
6475 2 2 5 26 3279 3328 3329
6476 2 2 5 26 3329 3280 3279
6477 2 2 5 26 3280 3329 3281
6478 2 2 5 26 3281 3329 3330
6479 2 2 5 26 3281 3330 3331
6480 2 2 5 26 3331 3282 3281
6481 2 2 5 26 3282 3331 3283
6482 2 2 5 26 3283 3331 3332
6483 2 2 5 26 3283 3332 3333
6484 2 2 5 26 3333 3284 3283
6485 2 2 5 26 3284 3333 3285
6486 2 2 5 26 3285 3333 3334
6487 2 2 5 26 3285 3334 3335
6488 2 2 5 26 3335 3286 3285
6489 2 2 5 26 3286 3335 3287
6490 2 2 5 26 3287 3335 3336
6491 2 2 5 26 3287 3336 3337
6492 2 2 5 26 3337 3288 3287
6493 2 2 5 26 3288 3337 3289
6494 2 2 5 26 3289 3337 3338
6495 2 2 5 26 3289 3338 3339
6496 2 2 5 26 3339 3290 3289
6497 2 2 5 26 3290 3339 3291
6498 2 2 5 26 3291 3339 3340
6499 2 2 5 26 3291 3340 341
6500 2 2 5 26 341 342 3291
6501 2 2 5 26 215 216 3341
6502 2 2 5 26 3341 3292 215
6503 2 2 5 26 3292 3341 3293
6504 2 2 5 26 3293 3341 3342
6505 2 2 5 26 3293 3342 3343
6506 2 2 5 26 3343 3294 3293
6507 2 2 5 26 3294 3343 3295
6508 2 2 5 26 3295 3343 3344
6509 2 2 5 26 3295 3344 3345
6510 2 2 5 26 3345 3296 3295
6511 2 2 5 26 3296 3345 3297
6512 2 2 5 26 3297 3345 3346
6513 2 2 5 26 3297 3346 3347
6514 2 2 5 26 3347 3298 3297
6515 2 2 5 26 3298 3347 3299
6516 2 2 5 26 3299 3347 3348
6517 2 2 5 26 3299 3348 3349
6518 2 2 5 26 3349 3300 3299
6519 2 2 5 26 3300 3349 3301
6520 2 2 5 26 3301 3349 3350
6521 2 2 5 26 3301 3350 3351
6522 2 2 5 26 3351 3302 3301
6523 2 2 5 26 3302 3351 3303
6524 2 2 5 26 3303 3351 3352
6525 2 2 5 26 3303 3352 3353
6526 2 2 5 26 3353 3304 3303
6527 2 2 5 26 3304 3353 3305
6528 2 2 5 26 3305 3353 3354
6529 2 2 5 26 3305 3354 3355
6530 2 2 5 26 3355 3306 3305
6531 2 2 5 26 3306 3355 3307
6532 2 2 5 26 3307 3355 3356
6533 2 2 5 26 3307 3356 3357
6534 2 2 5 26 3357 3308 3307
6535 2 2 5 26 3308 3357 3309
6536 2 2 5 26 3309 3357 3358
6537 2 2 5 26 3309 3358 3359
6538 2 2 5 26 3359 3310 3309
6539 2 2 5 26 3310 3359 3311
6540 2 2 5 26 3311 3359 3360
6541 2 2 5 26 3311 3360 3361
6542 2 2 5 26 3361 3312 3311
6543 2 2 5 26 3312 3361 3313
6544 2 2 5 26 3313 3361 3362
6545 2 2 5 26 3313 3362 3363
6546 2 2 5 26 3363 3314 3313
6547 2 2 5 26 3314 3363 3315
6548 2 2 5 26 3315 3363 3364
6549 2 2 5 26 3315 3364 3365
6550 2 2 5 26 3365 3316 3315
6551 2 2 5 26 3316 3365 3317
6552 2 2 5 26 3317 3365 3366
6553 2 2 5 26 3317 3366 3367
6554 2 2 5 26 3367 3318 3317
6555 2 2 5 26 3318 3367 3319
6556 2 2 5 26 3319 3367 3368
6557 2 2 5 26 3319 3368 3369
6558 2 2 5 26 3369 3320 3319
6559 2 2 5 26 3320 3369 3321
6560 2 2 5 26 3321 3369 3370
6561 2 2 5 26 3321 3370 3371
6562 2 2 5 26 3371 3322 3321
6563 2 2 5 26 3322 3371 3323
6564 2 2 5 26 3323 3371 3372
6565 2 2 5 26 3323 3372 3373
6566 2 2 5 26 3373 3324 3323
6567 2 2 5 26 3324 3373 3325
6568 2 2 5 26 3325 3373 3374
6569 2 2 5 26 3325 3374 3375
6570 2 2 5 26 3375 3326 3325
6571 2 2 5 26 3326 3375 3327
6572 2 2 5 26 3327 3375 3376
6573 2 2 5 26 3327 3376 3377
6574 2 2 5 26 3377 3328 3327
6575 2 2 5 26 3328 3377 3329
6576 2 2 5 26 3329 3377 3378
6577 2 2 5 26 3329 3378 3379
6578 2 2 5 26 3379 3330 3329
6579 2 2 5 26 3330 3379 3331
6580 2 2 5 26 3331 3379 3380
6581 2 2 5 26 3331 3380 3381
6582 2 2 5 26 3381 3332 3331
6583 2 2 5 26 3332 3381 3333
6584 2 2 5 26 3333 3381 3382
6585 2 2 5 26 3333 3382 3383
6586 2 2 5 26 3383 3334 3333
6587 2 2 5 26 3334 3383 3335
6588 2 2 5 26 3335 3383 3384
6589 2 2 5 26 3335 3384 3385
6590 2 2 5 26 3385 3336 3335
6591 2 2 5 26 3336 3385 3337
6592 2 2 5 26 3337 3385 3386
6593 2 2 5 26 3337 3386 3387
6594 2 2 5 26 3387 3338 3337
6595 2 2 5 26 3338 3387 3339
6596 2 2 5 26 3339 3387 3388
6597 2 2 5 26 3339 3388 3389
6598 2 2 5 26 3389 3340 3339
6599 2 2 5 26 3340 3389 341
6600 2 2 5 26 341 3389 340
6601 2 2 5 26 216 217 3341
6602 2 2 5 26 3341 217 3390
6603 2 2 5 26 3341 3390 3391
6604 2 2 5 26 3391 3342 3341
6605 2 2 5 26 3342 3391 3343
6606 2 2 5 26 3343 3391 3392
6607 2 2 5 26 3343 3392 3393
6608 2 2 5 26 3393 3344 3343
6609 2 2 5 26 3344 3393 3345
6610 2 2 5 26 3345 3393 3394
6611 2 2 5 26 3345 3394 3395
6612 2 2 5 26 3395 3346 3345
6613 2 2 5 26 3346 3395 3347
6614 2 2 5 26 3347 3395 3396
6615 2 2 5 26 3347 3396 3397
6616 2 2 5 26 3397 3348 3347
6617 2 2 5 26 3348 3397 3349
6618 2 2 5 26 3349 3397 3398
6619 2 2 5 26 3349 3398 3399
6620 2 2 5 26 3399 3350 3349
6621 2 2 5 26 3350 3399 3351
6622 2 2 5 26 3351 3399 3400
6623 2 2 5 26 3351 3400 3401
6624 2 2 5 26 3401 3352 3351
6625 2 2 5 26 3352 3401 3353
6626 2 2 5 26 3353 3401 3402
6627 2 2 5 26 3353 3402 3403
6628 2 2 5 26 3403 3354 3353
6629 2 2 5 26 3354 3403 3355
6630 2 2 5 26 3355 3403 3404
6631 2 2 5 26 3355 3404 3405
6632 2 2 5 26 3405 3356 3355
6633 2 2 5 26 3356 3405 3357
6634 2 2 5 26 3357 3405 3406
6635 2 2 5 26 3357 3406 3407
6636 2 2 5 26 3407 3358 3357
6637 2 2 5 26 3358 3407 3359
6638 2 2 5 26 3359 3407 3408
6639 2 2 5 26 3359 3408 3409
6640 2 2 5 26 3409 3360 3359
6641 2 2 5 26 3360 3409 3361
6642 2 2 5 26 3361 3409 3410
6643 2 2 5 26 3361 3410 3411
6644 2 2 5 26 3411 3362 3361
6645 2 2 5 26 3362 3411 3363
6646 2 2 5 26 3363 3411 3412
6647 2 2 5 26 3363 3412 3413
6648 2 2 5 26 3413 3364 3363
6649 2 2 5 26 3364 3413 3365
6650 2 2 5 26 3365 3413 3414
6651 2 2 5 26 3365 3414 3415
6652 2 2 5 26 3415 3366 3365
6653 2 2 5 26 3366 3415 3367
6654 2 2 5 26 3367 3415 3416
6655 2 2 5 26 3367 3416 3417
6656 2 2 5 26 3417 3368 3367
6657 2 2 5 26 3368 3417 3369
6658 2 2 5 26 3369 3417 3418
6659 2 2 5 26 3369 3418 3419
6660 2 2 5 26 3419 3370 3369
6661 2 2 5 26 3370 3419 3371
6662 2 2 5 26 3371 3419 3420
6663 2 2 5 26 3371 3420 3421
6664 2 2 5 26 3421 3372 3371
6665 2 2 5 26 3372 3421 3373
6666 2 2 5 26 3373 3421 3422
6667 2 2 5 26 3373 3422 3423
6668 2 2 5 26 3423 3374 3373
6669 2 2 5 26 3374 3423 3375
6670 2 2 5 26 3375 3423 3424
6671 2 2 5 26 3375 3424 3425
6672 2 2 5 26 3425 3376 3375
6673 2 2 5 26 3376 3425 3377
6674 2 2 5 26 3377 3425 3426
6675 2 2 5 26 3377 3426 3427
6676 2 2 5 26 3427 3378 3377
6677 2 2 5 26 3378 3427 3379
6678 2 2 5 26 3379 3427 3428
6679 2 2 5 26 3379 3428 3429
6680 2 2 5 26 3429 3380 3379
6681 2 2 5 26 3380 3429 3381
6682 2 2 5 26 3381 3429 3430
6683 2 2 5 26 3381 3430 3431
6684 2 2 5 26 3431 3382 3381
6685 2 2 5 26 3382 3431 3383
6686 2 2 5 26 3383 3431 3432
6687 2 2 5 26 3383 3432 3433
6688 2 2 5 26 3433 3384 3383
6689 2 2 5 26 3384 3433 3385
6690 2 2 5 26 3385 3433 3434
6691 2 2 5 26 3385 3434 3435
6692 2 2 5 26 3435 3386 3385
6693 2 2 5 26 3386 3435 3387
6694 2 2 5 26 3387 3435 3436
6695 2 2 5 26 3387 3436 3437
6696 2 2 5 26 3437 3388 3387
6697 2 2 5 26 3388 3437 3389
6698 2 2 5 26 3389 3437 3438
6699 2 2 5 26 3389 3438 339
6700 2 2 5 26 339 340 3389
6701 2 2 5 26 217 218 3439
6702 2 2 5 26 3439 3390 217
6703 2 2 5 26 3390 3439 3391
6704 2 2 5 26 3391 3439 3440
6705 2 2 5 26 3391 3440 3441
6706 2 2 5 26 3441 3392 3391
6707 2 2 5 26 3392 3441 3393
6708 2 2 5 26 3393 3441 3442
6709 2 2 5 26 3393 3442 3443
6710 2 2 5 26 3443 3394 3393
6711 2 2 5 26 3394 3443 3395
6712 2 2 5 26 3395 3443 3444
6713 2 2 5 26 3395 3444 3445
6714 2 2 5 26 3445 3396 3395
6715 2 2 5 26 3396 3445 3397
6716 2 2 5 26 3397 3445 3446
6717 2 2 5 26 3397 3446 3447
6718 2 2 5 26 3447 3398 3397
6719 2 2 5 26 3398 3447 3399
6720 2 2 5 26 3399 3447 3448
6721 2 2 5 26 3399 3448 3449
6722 2 2 5 26 3449 3400 3399
6723 2 2 5 26 3400 3449 3401
6724 2 2 5 26 3401 3449 3450
6725 2 2 5 26 3401 3450 3451
6726 2 2 5 26 3451 3402 3401
6727 2 2 5 26 3402 3451 3403
6728 2 2 5 26 3403 3451 3452
6729 2 2 5 26 3403 3452 3453
6730 2 2 5 26 3453 3404 3403
6731 2 2 5 26 3404 3453 3405
6732 2 2 5 26 3405 3453 3454
6733 2 2 5 26 3405 3454 3455
6734 2 2 5 26 3455 3406 3405
6735 2 2 5 26 3406 3455 3407
6736 2 2 5 26 3407 3455 3456
6737 2 2 5 26 3407 3456 3457
6738 2 2 5 26 3457 3408 3407
6739 2 2 5 26 3408 3457 3409
6740 2 2 5 26 3409 3457 3458
6741 2 2 5 26 3409 3458 3459
6742 2 2 5 26 3459 3410 3409
6743 2 2 5 26 3410 3459 3411
6744 2 2 5 26 3411 3459 3460
6745 2 2 5 26 3411 3460 3461
6746 2 2 5 26 3461 3412 3411
6747 2 2 5 26 3412 3461 3413
6748 2 2 5 26 3413 3461 3462
6749 2 2 5 26 3413 3462 3463
6750 2 2 5 26 3463 3414 3413
6751 2 2 5 26 3414 3463 3415
6752 2 2 5 26 3415 3463 3464
6753 2 2 5 26 3415 3464 3465
6754 2 2 5 26 3465 3416 3415
6755 2 2 5 26 3416 3465 3417
6756 2 2 5 26 3417 3465 3466
6757 2 2 5 26 3417 3466 3467
6758 2 2 5 26 3467 3418 3417
6759 2 2 5 26 3418 3467 3419
6760 2 2 5 26 3419 3467 3468
6761 2 2 5 26 3419 3468 3469
6762 2 2 5 26 3469 3420 3419
6763 2 2 5 26 3420 3469 3421
6764 2 2 5 26 3421 3469 3470
6765 2 2 5 26 3421 3470 3471
6766 2 2 5 26 3471 3422 3421
6767 2 2 5 26 3422 3471 3423
6768 2 2 5 26 3423 3471 3472
6769 2 2 5 26 3423 3472 3473
6770 2 2 5 26 3473 3424 3423
6771 2 2 5 26 3424 3473 3425
6772 2 2 5 26 3425 3473 3474
6773 2 2 5 26 3425 3474 3475
6774 2 2 5 26 3475 3426 3425
6775 2 2 5 26 3426 3475 3427
6776 2 2 5 26 3427 3475 3476
6777 2 2 5 26 3427 3476 3477
6778 2 2 5 26 3477 3428 3427
6779 2 2 5 26 3428 3477 3429
6780 2 2 5 26 3429 3477 3478
6781 2 2 5 26 3429 3478 3479
6782 2 2 5 26 3479 3430 3429
6783 2 2 5 26 3430 3479 3431
6784 2 2 5 26 3431 3479 3480
6785 2 2 5 26 3431 3480 3481
6786 2 2 5 26 3481 3432 3431
6787 2 2 5 26 3432 3481 3433
6788 2 2 5 26 3433 3481 3482
6789 2 2 5 26 3433 3482 3483
6790 2 2 5 26 3483 3434 3433
6791 2 2 5 26 3434 3483 3435
6792 2 2 5 26 3435 3483 3484
6793 2 2 5 26 3435 3484 3485
6794 2 2 5 26 3485 3436 3435
6795 2 2 5 26 3436 3485 3437
6796 2 2 5 26 3437 3485 3486
6797 2 2 5 26 3437 3486 3487
6798 2 2 5 26 3487 3438 3437
6799 2 2 5 26 3438 3487 339
6800 2 2 5 26 339 3487 338
6801 2 2 5 26 218 219 3439
6802 2 2 5 26 3439 219 3488
6803 2 2 5 26 3439 3488 3489
6804 2 2 5 26 3489 3440 3439
6805 2 2 5 26 3440 3489 3441
6806 2 2 5 26 3441 3489 3490
6807 2 2 5 26 3441 3490 3491
6808 2 2 5 26 3491 3442 3441
6809 2 2 5 26 3442 3491 3443
6810 2 2 5 26 3443 3491 3492
6811 2 2 5 26 3443 3492 3493
6812 2 2 5 26 3493 3444 3443
6813 2 2 5 26 3444 3493 3445
6814 2 2 5 26 3445 3493 3494
6815 2 2 5 26 3445 3494 3495
6816 2 2 5 26 3495 3446 3445
6817 2 2 5 26 3446 3495 3447
6818 2 2 5 26 3447 3495 3496
6819 2 2 5 26 3447 3496 3497
6820 2 2 5 26 3497 3448 3447
6821 2 2 5 26 3448 3497 3449
6822 2 2 5 26 3449 3497 3498
6823 2 2 5 26 3449 3498 3499
6824 2 2 5 26 3499 3450 3449
6825 2 2 5 26 3450 3499 3451
6826 2 2 5 26 3451 3499 3500
6827 2 2 5 26 3451 3500 3501
6828 2 2 5 26 3501 3452 3451
6829 2 2 5 26 3452 3501 3453
6830 2 2 5 26 3453 3501 3502
6831 2 2 5 26 3453 3502 3503
6832 2 2 5 26 3503 3454 3453
6833 2 2 5 26 3454 3503 3455
6834 2 2 5 26 3455 3503 3504
6835 2 2 5 26 3455 3504 3505
6836 2 2 5 26 3505 3456 3455
6837 2 2 5 26 3456 3505 3457
6838 2 2 5 26 3457 3505 3506
6839 2 2 5 26 3457 3506 3507
6840 2 2 5 26 3507 3458 3457
6841 2 2 5 26 3458 3507 3459
6842 2 2 5 26 3459 3507 3508
6843 2 2 5 26 3459 3508 3509
6844 2 2 5 26 3509 3460 3459
6845 2 2 5 26 3460 3509 3461
6846 2 2 5 26 3461 3509 3510
6847 2 2 5 26 3461 3510 3511
6848 2 2 5 26 3511 3462 3461
6849 2 2 5 26 3462 3511 3463
6850 2 2 5 26 3463 3511 3512
6851 2 2 5 26 3463 3512 3513
6852 2 2 5 26 3513 3464 3463
6853 2 2 5 26 3464 3513 3465
6854 2 2 5 26 3465 3513 3514
6855 2 2 5 26 3465 3514 3515
6856 2 2 5 26 3515 3466 3465
6857 2 2 5 26 3466 3515 3467
6858 2 2 5 26 3467 3515 3516
6859 2 2 5 26 3467 3516 3517
6860 2 2 5 26 3517 3468 3467
6861 2 2 5 26 3468 3517 3469
6862 2 2 5 26 3469 3517 3518
6863 2 2 5 26 3469 3518 3519
6864 2 2 5 26 3519 3470 3469
6865 2 2 5 26 3470 3519 3471
6866 2 2 5 26 3471 3519 3520
6867 2 2 5 26 3471 3520 3521
6868 2 2 5 26 3521 3472 3471
6869 2 2 5 26 3472 3521 3473
6870 2 2 5 26 3473 3521 3522
6871 2 2 5 26 3473 3522 3523
6872 2 2 5 26 3523 3474 3473
6873 2 2 5 26 3474 3523 3475
6874 2 2 5 26 3475 3523 3524
6875 2 2 5 26 3475 3524 3525
6876 2 2 5 26 3525 3476 3475
6877 2 2 5 26 3476 3525 3477
6878 2 2 5 26 3477 3525 3526
6879 2 2 5 26 3477 3526 3527
6880 2 2 5 26 3527 3478 3477
6881 2 2 5 26 3478 3527 3479
6882 2 2 5 26 3479 3527 3528
6883 2 2 5 26 3479 3528 3529
6884 2 2 5 26 3529 3480 3479
6885 2 2 5 26 3480 3529 3481
6886 2 2 5 26 3481 3529 3530
6887 2 2 5 26 3481 3530 3531
6888 2 2 5 26 3531 3482 3481
6889 2 2 5 26 3482 3531 3483
6890 2 2 5 26 3483 3531 3532
6891 2 2 5 26 3483 3532 3533
6892 2 2 5 26 3533 3484 3483
6893 2 2 5 26 3484 3533 3485
6894 2 2 5 26 3485 3533 3534
6895 2 2 5 26 3485 3534 3535
6896 2 2 5 26 3535 3486 3485
6897 2 2 5 26 3486 3535 3487
6898 2 2 5 26 3487 3535 3536
6899 2 2 5 26 3487 3536 337
6900 2 2 5 26 337 338 3487
6901 2 2 5 26 219 220 3537
6902 2 2 5 26 3537 3488 219
6903 2 2 5 26 3488 3537 3489
6904 2 2 5 26 3489 3537 3538
6905 2 2 5 26 3489 3538 3539
6906 2 2 5 26 3539 3490 3489
6907 2 2 5 26 3490 3539 3491
6908 2 2 5 26 3491 3539 3540
6909 2 2 5 26 3491 3540 3541
6910 2 2 5 26 3541 3492 3491
6911 2 2 5 26 3492 3541 3493
6912 2 2 5 26 3493 3541 3542
6913 2 2 5 26 3493 3542 3543
6914 2 2 5 26 3543 3494 3493
6915 2 2 5 26 3494 3543 3495
6916 2 2 5 26 3495 3543 3544
6917 2 2 5 26 3495 3544 3545
6918 2 2 5 26 3545 3496 3495
6919 2 2 5 26 3496 3545 3497
6920 2 2 5 26 3497 3545 3546
6921 2 2 5 26 3497 3546 3547
6922 2 2 5 26 3547 3498 3497
6923 2 2 5 26 3498 3547 3499
6924 2 2 5 26 3499 3547 3548
6925 2 2 5 26 3499 3548 3549
6926 2 2 5 26 3549 3500 3499
6927 2 2 5 26 3500 3549 3501
6928 2 2 5 26 3501 3549 3550
6929 2 2 5 26 3501 3550 3551
6930 2 2 5 26 3551 3502 3501
6931 2 2 5 26 3502 3551 3503
6932 2 2 5 26 3503 3551 3552
6933 2 2 5 26 3503 3552 3553
6934 2 2 5 26 3553 3504 3503
6935 2 2 5 26 3504 3553 3505
6936 2 2 5 26 3505 3553 3554
6937 2 2 5 26 3505 3554 3555
6938 2 2 5 26 3555 3506 3505
6939 2 2 5 26 3506 3555 3507
6940 2 2 5 26 3507 3555 3556
6941 2 2 5 26 3507 3556 3557
6942 2 2 5 26 3557 3508 3507
6943 2 2 5 26 3508 3557 3509
6944 2 2 5 26 3509 3557 3558
6945 2 2 5 26 3509 3558 3559
6946 2 2 5 26 3559 3510 3509
6947 2 2 5 26 3510 3559 3511
6948 2 2 5 26 3511 3559 3560
6949 2 2 5 26 3511 3560 3561
6950 2 2 5 26 3561 3512 3511
6951 2 2 5 26 3512 3561 3513
6952 2 2 5 26 3513 3561 3562
6953 2 2 5 26 3513 3562 3563
6954 2 2 5 26 3563 3514 3513
6955 2 2 5 26 3514 3563 3515
6956 2 2 5 26 3515 3563 3564
6957 2 2 5 26 3515 3564 3565
6958 2 2 5 26 3565 3516 3515
6959 2 2 5 26 3516 3565 3517
6960 2 2 5 26 3517 3565 3566
6961 2 2 5 26 3517 3566 3567
6962 2 2 5 26 3567 3518 3517
6963 2 2 5 26 3518 3567 3519
6964 2 2 5 26 3519 3567 3568
6965 2 2 5 26 3519 3568 3569
6966 2 2 5 26 3569 3520 3519
6967 2 2 5 26 3520 3569 3521
6968 2 2 5 26 3521 3569 3570
6969 2 2 5 26 3521 3570 3571
6970 2 2 5 26 3571 3522 3521
6971 2 2 5 26 3522 3571 3523
6972 2 2 5 26 3523 3571 3572
6973 2 2 5 26 3523 3572 3573
6974 2 2 5 26 3573 3524 3523
6975 2 2 5 26 3524 3573 3525
6976 2 2 5 26 3525 3573 3574
6977 2 2 5 26 3525 3574 3575
6978 2 2 5 26 3575 3526 3525
6979 2 2 5 26 3526 3575 3527
6980 2 2 5 26 3527 3575 3576
6981 2 2 5 26 3527 3576 3577
6982 2 2 5 26 3577 3528 3527
6983 2 2 5 26 3528 3577 3529
6984 2 2 5 26 3529 3577 3578
6985 2 2 5 26 3529 3578 3579
6986 2 2 5 26 3579 3530 3529
6987 2 2 5 26 3530 3579 3531
6988 2 2 5 26 3531 3579 3580
6989 2 2 5 26 3531 3580 3581
6990 2 2 5 26 3581 3532 3531
6991 2 2 5 26 3532 3581 3533
6992 2 2 5 26 3533 3581 3582
6993 2 2 5 26 3533 3582 3583
6994 2 2 5 26 3583 3534 3533
6995 2 2 5 26 3534 3583 3535
6996 2 2 5 26 3535 3583 3584
6997 2 2 5 26 3535 3584 3585
6998 2 2 5 26 3585 3536 3535
6999 2 2 5 26 3536 3585 337
7000 2 2 5 26 337 3585 336
7001 2 2 5 26 220 221 3537
7002 2 2 5 26 3537 221 3586
7003 2 2 5 26 3537 3586 3587
7004 2 2 5 26 3587 3538 3537
7005 2 2 5 26 3538 3587 3539
7006 2 2 5 26 3539 3587 3588
7007 2 2 5 26 3539 3588 3589
7008 2 2 5 26 3589 3540 3539
7009 2 2 5 26 3540 3589 3541
7010 2 2 5 26 3541 3589 3590
7011 2 2 5 26 3541 3590 3591
7012 2 2 5 26 3591 3542 3541
7013 2 2 5 26 3542 3591 3543
7014 2 2 5 26 3543 3591 3592
7015 2 2 5 26 3543 3592 3593
7016 2 2 5 26 3593 3544 3543
7017 2 2 5 26 3544 3593 3545
7018 2 2 5 26 3545 3593 3594
7019 2 2 5 26 3545 3594 3595
7020 2 2 5 26 3595 3546 3545
7021 2 2 5 26 3546 3595 3547
7022 2 2 5 26 3547 3595 3596
7023 2 2 5 26 3547 3596 3597
7024 2 2 5 26 3597 3548 3547
7025 2 2 5 26 3548 3597 3549
7026 2 2 5 26 3549 3597 3598
7027 2 2 5 26 3549 3598 3599
7028 2 2 5 26 3599 3550 3549
7029 2 2 5 26 3550 3599 3551
7030 2 2 5 26 3551 3599 3600
7031 2 2 5 26 3551 3600 3601
7032 2 2 5 26 3601 3552 3551
7033 2 2 5 26 3552 3601 3553
7034 2 2 5 26 3553 3601 3602
7035 2 2 5 26 3553 3602 3603
7036 2 2 5 26 3603 3554 3553
7037 2 2 5 26 3554 3603 3555
7038 2 2 5 26 3555 3603 3604
7039 2 2 5 26 3555 3604 3605
7040 2 2 5 26 3605 3556 3555
7041 2 2 5 26 3556 3605 3557
7042 2 2 5 26 3557 3605 3606
7043 2 2 5 26 3557 3606 3607
7044 2 2 5 26 3607 3558 3557
7045 2 2 5 26 3558 3607 3559
7046 2 2 5 26 3559 3607 3608
7047 2 2 5 26 3559 3608 3609
7048 2 2 5 26 3609 3560 3559
7049 2 2 5 26 3560 3609 3561
7050 2 2 5 26 3561 3609 3610
7051 2 2 5 26 3561 3610 3611
7052 2 2 5 26 3611 3562 3561
7053 2 2 5 26 3562 3611 3563
7054 2 2 5 26 3563 3611 3612
7055 2 2 5 26 3563 3612 3613
7056 2 2 5 26 3613 3564 3563
7057 2 2 5 26 3564 3613 3565
7058 2 2 5 26 3565 3613 3614
7059 2 2 5 26 3565 3614 3615
7060 2 2 5 26 3615 3566 3565
7061 2 2 5 26 3566 3615 3567
7062 2 2 5 26 3567 3615 3616
7063 2 2 5 26 3567 3616 3617
7064 2 2 5 26 3617 3568 3567
7065 2 2 5 26 3568 3617 3569
7066 2 2 5 26 3569 3617 3618
7067 2 2 5 26 3569 3618 3619
7068 2 2 5 26 3619 3570 3569
7069 2 2 5 26 3570 3619 3571
7070 2 2 5 26 3571 3619 3620
7071 2 2 5 26 3571 3620 3621
7072 2 2 5 26 3621 3572 3571
7073 2 2 5 26 3572 3621 3573
7074 2 2 5 26 3573 3621 3622
7075 2 2 5 26 3573 3622 3623
7076 2 2 5 26 3623 3574 3573
7077 2 2 5 26 3574 3623 3575
7078 2 2 5 26 3575 3623 3624
7079 2 2 5 26 3575 3624 3625
7080 2 2 5 26 3625 3576 3575
7081 2 2 5 26 3576 3625 3577
7082 2 2 5 26 3577 3625 3626
7083 2 2 5 26 3577 3626 3627
7084 2 2 5 26 3627 3578 3577
7085 2 2 5 26 3578 3627 3579
7086 2 2 5 26 3579 3627 3628
7087 2 2 5 26 3579 3628 3629
7088 2 2 5 26 3629 3580 3579
7089 2 2 5 26 3580 3629 3581
7090 2 2 5 26 3581 3629 3630
7091 2 2 5 26 3581 3630 3631
7092 2 2 5 26 3631 3582 3581
7093 2 2 5 26 3582 3631 3583
7094 2 2 5 26 3583 3631 3632
7095 2 2 5 26 3583 3632 3633
7096 2 2 5 26 3633 3584 3583
7097 2 2 5 26 3584 3633 3585
7098 2 2 5 26 3585 3633 3634
7099 2 2 5 26 3585 3634 335
7100 2 2 5 26 335 336 3585
7101 2 2 5 26 221 222 3635
7102 2 2 5 26 3635 3586 221
7103 2 2 5 26 3586 3635 3587
7104 2 2 5 26 3587 3635 3636
7105 2 2 5 26 3587 3636 3637
7106 2 2 5 26 3637 3588 3587
7107 2 2 5 26 3588 3637 3589
7108 2 2 5 26 3589 3637 3638
7109 2 2 5 26 3589 3638 3639
7110 2 2 5 26 3639 3590 3589
7111 2 2 5 26 3590 3639 3591
7112 2 2 5 26 3591 3639 3640
7113 2 2 5 26 3591 3640 3641
7114 2 2 5 26 3641 3592 3591
7115 2 2 5 26 3592 3641 3593
7116 2 2 5 26 3593 3641 3642
7117 2 2 5 26 3593 3642 3643
7118 2 2 5 26 3643 3594 3593
7119 2 2 5 26 3594 3643 3595
7120 2 2 5 26 3595 3643 3644
7121 2 2 5 26 3595 3644 3645
7122 2 2 5 26 3645 3596 3595
7123 2 2 5 26 3596 3645 3597
7124 2 2 5 26 3597 3645 3646
7125 2 2 5 26 3597 3646 3647
7126 2 2 5 26 3647 3598 3597
7127 2 2 5 26 3598 3647 3599
7128 2 2 5 26 3599 3647 3648
7129 2 2 5 26 3599 3648 3649
7130 2 2 5 26 3649 3600 3599
7131 2 2 5 26 3600 3649 3601
7132 2 2 5 26 3601 3649 3650
7133 2 2 5 26 3601 3650 3651
7134 2 2 5 26 3651 3602 3601
7135 2 2 5 26 3602 3651 3603
7136 2 2 5 26 3603 3651 3652
7137 2 2 5 26 3603 3652 3653
7138 2 2 5 26 3653 3604 3603
7139 2 2 5 26 3604 3653 3605
7140 2 2 5 26 3605 3653 3654
7141 2 2 5 26 3605 3654 3655
7142 2 2 5 26 3655 3606 3605
7143 2 2 5 26 3606 3655 3607
7144 2 2 5 26 3607 3655 3656
7145 2 2 5 26 3607 3656 3657
7146 2 2 5 26 3657 3608 3607
7147 2 2 5 26 3608 3657 3609
7148 2 2 5 26 3609 3657 3658
7149 2 2 5 26 3609 3658 3659
7150 2 2 5 26 3659 3610 3609
7151 2 2 5 26 3610 3659 3611
7152 2 2 5 26 3611 3659 3660
7153 2 2 5 26 3611 3660 3661
7154 2 2 5 26 3661 3612 3611
7155 2 2 5 26 3612 3661 3613
7156 2 2 5 26 3613 3661 3662
7157 2 2 5 26 3613 3662 3663
7158 2 2 5 26 3663 3614 3613
7159 2 2 5 26 3614 3663 3615
7160 2 2 5 26 3615 3663 3664
7161 2 2 5 26 3615 3664 3665
7162 2 2 5 26 3665 3616 3615
7163 2 2 5 26 3616 3665 3617
7164 2 2 5 26 3617 3665 3666
7165 2 2 5 26 3617 3666 3667
7166 2 2 5 26 3667 3618 3617
7167 2 2 5 26 3618 3667 3619
7168 2 2 5 26 3619 3667 3668
7169 2 2 5 26 3619 3668 3669
7170 2 2 5 26 3669 3620 3619
7171 2 2 5 26 3620 3669 3621
7172 2 2 5 26 3621 3669 3670
7173 2 2 5 26 3621 3670 3671
7174 2 2 5 26 3671 3622 3621
7175 2 2 5 26 3622 3671 3623
7176 2 2 5 26 3623 3671 3672
7177 2 2 5 26 3623 3672 3673
7178 2 2 5 26 3673 3624 3623
7179 2 2 5 26 3624 3673 3625
7180 2 2 5 26 3625 3673 3674
7181 2 2 5 26 3625 3674 3675
7182 2 2 5 26 3675 3626 3625
7183 2 2 5 26 3626 3675 3627
7184 2 2 5 26 3627 3675 3676
7185 2 2 5 26 3627 3676 3677
7186 2 2 5 26 3677 3628 3627
7187 2 2 5 26 3628 3677 3629
7188 2 2 5 26 3629 3677 3678
7189 2 2 5 26 3629 3678 3679
7190 2 2 5 26 3679 3630 3629
7191 2 2 5 26 3630 3679 3631
7192 2 2 5 26 3631 3679 3680
7193 2 2 5 26 3631 3680 3681
7194 2 2 5 26 3681 3632 3631
7195 2 2 5 26 3632 3681 3633
7196 2 2 5 26 3633 3681 3682
7197 2 2 5 26 3633 3682 3683
7198 2 2 5 26 3683 3634 3633
7199 2 2 5 26 3634 3683 335
7200 2 2 5 26 335 3683 334
7201 2 2 5 26 222 223 3635
7202 2 2 5 26 3635 223 3684
7203 2 2 5 26 3635 3684 3685
7204 2 2 5 26 3685 3636 3635
7205 2 2 5 26 3636 3685 3637
7206 2 2 5 26 3637 3685 3686
7207 2 2 5 26 3637 3686 3687
7208 2 2 5 26 3687 3638 3637
7209 2 2 5 26 3638 3687 3639
7210 2 2 5 26 3639 3687 3688
7211 2 2 5 26 3639 3688 3689
7212 2 2 5 26 3689 3640 3639
7213 2 2 5 26 3640 3689 3641
7214 2 2 5 26 3641 3689 3690
7215 2 2 5 26 3641 3690 3691
7216 2 2 5 26 3691 3642 3641
7217 2 2 5 26 3642 3691 3643
7218 2 2 5 26 3643 3691 3692
7219 2 2 5 26 3643 3692 3693
7220 2 2 5 26 3693 3644 3643
7221 2 2 5 26 3644 3693 3645
7222 2 2 5 26 3645 3693 3694
7223 2 2 5 26 3645 3694 3695
7224 2 2 5 26 3695 3646 3645
7225 2 2 5 26 3646 3695 3647
7226 2 2 5 26 3647 3695 3696
7227 2 2 5 26 3647 3696 3697
7228 2 2 5 26 3697 3648 3647
7229 2 2 5 26 3648 3697 3649
7230 2 2 5 26 3649 3697 3698
7231 2 2 5 26 3649 3698 3699
7232 2 2 5 26 3699 3650 3649
7233 2 2 5 26 3650 3699 3651
7234 2 2 5 26 3651 3699 3700
7235 2 2 5 26 3651 3700 3701
7236 2 2 5 26 3701 3652 3651
7237 2 2 5 26 3652 3701 3653
7238 2 2 5 26 3653 3701 3702
7239 2 2 5 26 3653 3702 3703
7240 2 2 5 26 3703 3654 3653
7241 2 2 5 26 3654 3703 3655
7242 2 2 5 26 3655 3703 3704
7243 2 2 5 26 3655 3704 3705
7244 2 2 5 26 3705 3656 3655
7245 2 2 5 26 3656 3705 3657
7246 2 2 5 26 3657 3705 3706
7247 2 2 5 26 3657 3706 3707
7248 2 2 5 26 3707 3658 3657
7249 2 2 5 26 3658 3707 3659
7250 2 2 5 26 3659 3707 3708
7251 2 2 5 26 3659 3708 3709
7252 2 2 5 26 3709 3660 3659
7253 2 2 5 26 3660 3709 3661
7254 2 2 5 26 3661 3709 3710
7255 2 2 5 26 3661 3710 3711
7256 2 2 5 26 3711 3662 3661
7257 2 2 5 26 3662 3711 3663
7258 2 2 5 26 3663 3711 3712
7259 2 2 5 26 3663 3712 3713
7260 2 2 5 26 3713 3664 3663
7261 2 2 5 26 3664 3713 3665
7262 2 2 5 26 3665 3713 3714
7263 2 2 5 26 3665 3714 3715
7264 2 2 5 26 3715 3666 3665
7265 2 2 5 26 3666 3715 3667
7266 2 2 5 26 3667 3715 3716
7267 2 2 5 26 3667 3716 3717
7268 2 2 5 26 3717 3668 3667
7269 2 2 5 26 3668 3717 3669
7270 2 2 5 26 3669 3717 3718
7271 2 2 5 26 3669 3718 3719
7272 2 2 5 26 3719 3670 3669
7273 2 2 5 26 3670 3719 3671
7274 2 2 5 26 3671 3719 3720
7275 2 2 5 26 3671 3720 3721
7276 2 2 5 26 3721 3672 3671
7277 2 2 5 26 3672 3721 3673
7278 2 2 5 26 3673 3721 3722
7279 2 2 5 26 3673 3722 3723
7280 2 2 5 26 3723 3674 3673
7281 2 2 5 26 3674 3723 3675
7282 2 2 5 26 3675 3723 3724
7283 2 2 5 26 3675 3724 3725
7284 2 2 5 26 3725 3676 3675
7285 2 2 5 26 3676 3725 3677
7286 2 2 5 26 3677 3725 3726
7287 2 2 5 26 3677 3726 3727
7288 2 2 5 26 3727 3678 3677
7289 2 2 5 26 3678 3727 3679
7290 2 2 5 26 3679 3727 3728
7291 2 2 5 26 3679 3728 3729
7292 2 2 5 26 3729 3680 3679
7293 2 2 5 26 3680 3729 3681
7294 2 2 5 26 3681 3729 3730
7295 2 2 5 26 3681 3730 3731
7296 2 2 5 26 3731 3682 3681
7297 2 2 5 26 3682 3731 3683
7298 2 2 5 26 3683 3731 3732
7299 2 2 5 26 3683 3732 333
7300 2 2 5 26 333 334 3683
7301 2 2 5 26 223 224 3733
7302 2 2 5 26 3733 3684 223
7303 2 2 5 26 3684 3733 3685
7304 2 2 5 26 3685 3733 3734
7305 2 2 5 26 3685 3734 3735
7306 2 2 5 26 3735 3686 3685
7307 2 2 5 26 3686 3735 3687
7308 2 2 5 26 3687 3735 3736
7309 2 2 5 26 3687 3736 3737
7310 2 2 5 26 3737 3688 3687
7311 2 2 5 26 3688 3737 3689
7312 2 2 5 26 3689 3737 3738
7313 2 2 5 26 3689 3738 3739
7314 2 2 5 26 3739 3690 3689
7315 2 2 5 26 3690 3739 3691
7316 2 2 5 26 3691 3739 3740
7317 2 2 5 26 3691 3740 3741
7318 2 2 5 26 3741 3692 3691
7319 2 2 5 26 3692 3741 3693
7320 2 2 5 26 3693 3741 3742
7321 2 2 5 26 3693 3742 3743
7322 2 2 5 26 3743 3694 3693
7323 2 2 5 26 3694 3743 3695
7324 2 2 5 26 3695 3743 3744
7325 2 2 5 26 3695 3744 3745
7326 2 2 5 26 3745 3696 3695
7327 2 2 5 26 3696 3745 3697
7328 2 2 5 26 3697 3745 3746
7329 2 2 5 26 3697 3746 3747
7330 2 2 5 26 3747 3698 3697
7331 2 2 5 26 3698 3747 3699
7332 2 2 5 26 3699 3747 3748
7333 2 2 5 26 3699 3748 3749
7334 2 2 5 26 3749 3700 3699
7335 2 2 5 26 3700 3749 3701
7336 2 2 5 26 3701 3749 3750
7337 2 2 5 26 3701 3750 3751
7338 2 2 5 26 3751 3702 3701
7339 2 2 5 26 3702 3751 3703
7340 2 2 5 26 3703 3751 3752
7341 2 2 5 26 3703 3752 3753
7342 2 2 5 26 3753 3704 3703
7343 2 2 5 26 3704 3753 3705
7344 2 2 5 26 3705 3753 3754
7345 2 2 5 26 3705 3754 3755
7346 2 2 5 26 3755 3706 3705
7347 2 2 5 26 3706 3755 3707
7348 2 2 5 26 3707 3755 3756
7349 2 2 5 26 3707 3756 3757
7350 2 2 5 26 3757 3708 3707
7351 2 2 5 26 3708 3757 3709
7352 2 2 5 26 3709 3757 3758
7353 2 2 5 26 3709 3758 3759
7354 2 2 5 26 3759 3710 3709
7355 2 2 5 26 3710 3759 3711
7356 2 2 5 26 3711 3759 3760
7357 2 2 5 26 3711 3760 3761
7358 2 2 5 26 3761 3712 3711
7359 2 2 5 26 3712 3761 3713
7360 2 2 5 26 3713 3761 3762
7361 2 2 5 26 3713 3762 3763
7362 2 2 5 26 3763 3714 3713
7363 2 2 5 26 3714 3763 3715
7364 2 2 5 26 3715 3763 3764
7365 2 2 5 26 3715 3764 3765
7366 2 2 5 26 3765 3716 3715
7367 2 2 5 26 3716 3765 3717
7368 2 2 5 26 3717 3765 3766
7369 2 2 5 26 3717 3766 3767
7370 2 2 5 26 3767 3718 3717
7371 2 2 5 26 3718 3767 3719
7372 2 2 5 26 3719 3767 3768
7373 2 2 5 26 3719 3768 3769
7374 2 2 5 26 3769 3720 3719
7375 2 2 5 26 3720 3769 3721
7376 2 2 5 26 3721 3769 3770
7377 2 2 5 26 3721 3770 3771
7378 2 2 5 26 3771 3722 3721
7379 2 2 5 26 3722 3771 3723
7380 2 2 5 26 3723 3771 3772
7381 2 2 5 26 3723 3772 3773
7382 2 2 5 26 3773 3724 3723
7383 2 2 5 26 3724 3773 3725
7384 2 2 5 26 3725 3773 3774
7385 2 2 5 26 3725 3774 3775
7386 2 2 5 26 3775 3726 3725
7387 2 2 5 26 3726 3775 3727
7388 2 2 5 26 3727 3775 3776
7389 2 2 5 26 3727 3776 3777
7390 2 2 5 26 3777 3728 3727
7391 2 2 5 26 3728 3777 3729
7392 2 2 5 26 3729 3777 3778
7393 2 2 5 26 3729 3778 3779
7394 2 2 5 26 3779 3730 3729
7395 2 2 5 26 3730 3779 3731
7396 2 2 5 26 3731 3779 3780
7397 2 2 5 26 3731 3780 3781
7398 2 2 5 26 3781 3732 3731
7399 2 2 5 26 3732 3781 333
7400 2 2 5 26 333 3781 332
7401 2 2 5 26 224 225 3733
7402 2 2 5 26 3733 225 3782
7403 2 2 5 26 3733 3782 3783
7404 2 2 5 26 3783 3734 3733
7405 2 2 5 26 3734 3783 3735
7406 2 2 5 26 3735 3783 3784
7407 2 2 5 26 3735 3784 3785
7408 2 2 5 26 3785 3736 3735
7409 2 2 5 26 3736 3785 3737
7410 2 2 5 26 3737 3785 3786
7411 2 2 5 26 3737 3786 3787
7412 2 2 5 26 3787 3738 3737
7413 2 2 5 26 3738 3787 3739
7414 2 2 5 26 3739 3787 3788
7415 2 2 5 26 3739 3788 3789
7416 2 2 5 26 3789 3740 3739
7417 2 2 5 26 3740 3789 3741
7418 2 2 5 26 3741 3789 3790
7419 2 2 5 26 3741 3790 3791
7420 2 2 5 26 3791 3742 3741
7421 2 2 5 26 3742 3791 3743
7422 2 2 5 26 3743 3791 3792
7423 2 2 5 26 3743 3792 3793
7424 2 2 5 26 3793 3744 3743
7425 2 2 5 26 3744 3793 3745
7426 2 2 5 26 3745 3793 3794
7427 2 2 5 26 3745 3794 3795
7428 2 2 5 26 3795 3746 3745
7429 2 2 5 26 3746 3795 3747
7430 2 2 5 26 3747 3795 3796
7431 2 2 5 26 3747 3796 3797
7432 2 2 5 26 3797 3748 3747
7433 2 2 5 26 3748 3797 3749
7434 2 2 5 26 3749 3797 3798
7435 2 2 5 26 3749 3798 3799
7436 2 2 5 26 3799 3750 3749
7437 2 2 5 26 3750 3799 3751
7438 2 2 5 26 3751 3799 3800
7439 2 2 5 26 3751 3800 3801
7440 2 2 5 26 3801 3752 3751
7441 2 2 5 26 3752 3801 3753
7442 2 2 5 26 3753 3801 3802
7443 2 2 5 26 3753 3802 3803
7444 2 2 5 26 3803 3754 3753
7445 2 2 5 26 3754 3803 3755
7446 2 2 5 26 3755 3803 3804
7447 2 2 5 26 3755 3804 3805
7448 2 2 5 26 3805 3756 3755
7449 2 2 5 26 3756 3805 3757
7450 2 2 5 26 3757 3805 3806
7451 2 2 5 26 3757 3806 3807
7452 2 2 5 26 3807 3758 3757
7453 2 2 5 26 3758 3807 3759
7454 2 2 5 26 3759 3807 3808
7455 2 2 5 26 3759 3808 3809
7456 2 2 5 26 3809 3760 3759
7457 2 2 5 26 3760 3809 3761
7458 2 2 5 26 3761 3809 3810
7459 2 2 5 26 3761 3810 3811
7460 2 2 5 26 3811 3762 3761
7461 2 2 5 26 3762 3811 3763
7462 2 2 5 26 3763 3811 3812
7463 2 2 5 26 3763 3812 3813
7464 2 2 5 26 3813 3764 3763
7465 2 2 5 26 3764 3813 3765
7466 2 2 5 26 3765 3813 3814
7467 2 2 5 26 3765 3814 3815
7468 2 2 5 26 3815 3766 3765
7469 2 2 5 26 3766 3815 3767
7470 2 2 5 26 3767 3815 3816
7471 2 2 5 26 3767 3816 3817
7472 2 2 5 26 3817 3768 3767
7473 2 2 5 26 3768 3817 3769
7474 2 2 5 26 3769 3817 3818
7475 2 2 5 26 3769 3818 3819
7476 2 2 5 26 3819 3770 3769
7477 2 2 5 26 3770 3819 3771
7478 2 2 5 26 3771 3819 3820
7479 2 2 5 26 3771 3820 3821
7480 2 2 5 26 3821 3772 3771
7481 2 2 5 26 3772 3821 3773
7482 2 2 5 26 3773 3821 3822
7483 2 2 5 26 3773 3822 3823
7484 2 2 5 26 3823 3774 3773
7485 2 2 5 26 3774 3823 3775
7486 2 2 5 26 3775 3823 3824
7487 2 2 5 26 3775 3824 3825
7488 2 2 5 26 3825 3776 3775
7489 2 2 5 26 3776 3825 3777
7490 2 2 5 26 3777 3825 3826
7491 2 2 5 26 3777 3826 3827
7492 2 2 5 26 3827 3778 3777
7493 2 2 5 26 3778 3827 3779
7494 2 2 5 26 3779 3827 3828
7495 2 2 5 26 3779 3828 3829
7496 2 2 5 26 3829 3780 3779
7497 2 2 5 26 3780 3829 3781
7498 2 2 5 26 3781 3829 3830
7499 2 2 5 26 3781 3830 331
7500 2 2 5 26 331 332 3781
7501 2 2 5 26 225 226 3831
7502 2 2 5 26 3831 3782 225
7503 2 2 5 26 3782 3831 3783
7504 2 2 5 26 3783 3831 3832
7505 2 2 5 26 3783 3832 3833
7506 2 2 5 26 3833 3784 3783
7507 2 2 5 26 3784 3833 3785
7508 2 2 5 26 3785 3833 3834
7509 2 2 5 26 3785 3834 3835
7510 2 2 5 26 3835 3786 3785
7511 2 2 5 26 3786 3835 3787
7512 2 2 5 26 3787 3835 3836
7513 2 2 5 26 3787 3836 3837
7514 2 2 5 26 3837 3788 3787
7515 2 2 5 26 3788 3837 3789
7516 2 2 5 26 3789 3837 3838
7517 2 2 5 26 3789 3838 3839
7518 2 2 5 26 3839 3790 3789
7519 2 2 5 26 3790 3839 3791
7520 2 2 5 26 3791 3839 3840
7521 2 2 5 26 3791 3840 3841
7522 2 2 5 26 3841 3792 3791
7523 2 2 5 26 3792 3841 3793
7524 2 2 5 26 3793 3841 3842
7525 2 2 5 26 3793 3842 3843
7526 2 2 5 26 3843 3794 3793
7527 2 2 5 26 3794 3843 3795
7528 2 2 5 26 3795 3843 3844
7529 2 2 5 26 3795 3844 3845
7530 2 2 5 26 3845 3796 3795
7531 2 2 5 26 3796 3845 3797
7532 2 2 5 26 3797 3845 3846
7533 2 2 5 26 3797 3846 3847
7534 2 2 5 26 3847 3798 3797
7535 2 2 5 26 3798 3847 3799
7536 2 2 5 26 3799 3847 3848
7537 2 2 5 26 3799 3848 3849
7538 2 2 5 26 3849 3800 3799
7539 2 2 5 26 3800 3849 3801
7540 2 2 5 26 3801 3849 3850
7541 2 2 5 26 3801 3850 3851
7542 2 2 5 26 3851 3802 3801
7543 2 2 5 26 3802 3851 3803
7544 2 2 5 26 3803 3851 3852
7545 2 2 5 26 3803 3852 3853
7546 2 2 5 26 3853 3804 3803
7547 2 2 5 26 3804 3853 3805
7548 2 2 5 26 3805 3853 3854
7549 2 2 5 26 3805 3854 3855
7550 2 2 5 26 3855 3806 3805
7551 2 2 5 26 3806 3855 3807
7552 2 2 5 26 3807 3855 3856
7553 2 2 5 26 3807 3856 3857
7554 2 2 5 26 3857 3808 3807
7555 2 2 5 26 3808 3857 3809
7556 2 2 5 26 3809 3857 3858
7557 2 2 5 26 3809 3858 3859
7558 2 2 5 26 3859 3810 3809
7559 2 2 5 26 3810 3859 3811
7560 2 2 5 26 3811 3859 3860
7561 2 2 5 26 3811 3860 3861
7562 2 2 5 26 3861 3812 3811
7563 2 2 5 26 3812 3861 3813
7564 2 2 5 26 3813 3861 3862
7565 2 2 5 26 3813 3862 3863
7566 2 2 5 26 3863 3814 3813
7567 2 2 5 26 3814 3863 3815
7568 2 2 5 26 3815 3863 3864
7569 2 2 5 26 3815 3864 3865
7570 2 2 5 26 3865 3816 3815
7571 2 2 5 26 3816 3865 3817
7572 2 2 5 26 3817 3865 3866
7573 2 2 5 26 3817 3866 3867
7574 2 2 5 26 3867 3818 3817
7575 2 2 5 26 3818 3867 3819
7576 2 2 5 26 3819 3867 3868
7577 2 2 5 26 3819 3868 3869
7578 2 2 5 26 3869 3820 3819
7579 2 2 5 26 3820 3869 3821
7580 2 2 5 26 3821 3869 3870
7581 2 2 5 26 3821 3870 3871
7582 2 2 5 26 3871 3822 3821
7583 2 2 5 26 3822 3871 3823
7584 2 2 5 26 3823 3871 3872
7585 2 2 5 26 3823 3872 3873
7586 2 2 5 26 3873 3824 3823
7587 2 2 5 26 3824 3873 3825
7588 2 2 5 26 3825 3873 3874
7589 2 2 5 26 3825 3874 3875
7590 2 2 5 26 3875 3826 3825
7591 2 2 5 26 3826 3875 3827
7592 2 2 5 26 3827 3875 3876
7593 2 2 5 26 3827 3876 3877
7594 2 2 5 26 3877 3828 3827
7595 2 2 5 26 3828 3877 3829
7596 2 2 5 26 3829 3877 3878
7597 2 2 5 26 3829 3878 3879
7598 2 2 5 26 3879 3830 3829
7599 2 2 5 26 3830 3879 331
7600 2 2 5 26 331 3879 330
7601 2 2 5 26 226 227 3831
7602 2 2 5 26 3831 227 3880
7603 2 2 5 26 3831 3880 3881
7604 2 2 5 26 3881 3832 3831
7605 2 2 5 26 3832 3881 3833
7606 2 2 5 26 3833 3881 3882
7607 2 2 5 26 3833 3882 3883
7608 2 2 5 26 3883 3834 3833
7609 2 2 5 26 3834 3883 3835
7610 2 2 5 26 3835 3883 3884
7611 2 2 5 26 3835 3884 3885
7612 2 2 5 26 3885 3836 3835
7613 2 2 5 26 3836 3885 3837
7614 2 2 5 26 3837 3885 3886
7615 2 2 5 26 3837 3886 3887
7616 2 2 5 26 3887 3838 3837
7617 2 2 5 26 3838 3887 3839
7618 2 2 5 26 3839 3887 3888
7619 2 2 5 26 3839 3888 3889
7620 2 2 5 26 3889 3840 3839
7621 2 2 5 26 3840 3889 3841
7622 2 2 5 26 3841 3889 3890
7623 2 2 5 26 3841 3890 3891
7624 2 2 5 26 3891 3842 3841
7625 2 2 5 26 3842 3891 3843
7626 2 2 5 26 3843 3891 3892
7627 2 2 5 26 3843 3892 3893
7628 2 2 5 26 3893 3844 3843
7629 2 2 5 26 3844 3893 3845
7630 2 2 5 26 3845 3893 3894
7631 2 2 5 26 3845 3894 3895
7632 2 2 5 26 3895 3846 3845
7633 2 2 5 26 3846 3895 3847
7634 2 2 5 26 3847 3895 3896
7635 2 2 5 26 3847 3896 3897
7636 2 2 5 26 3897 3848 3847
7637 2 2 5 26 3848 3897 3849
7638 2 2 5 26 3849 3897 3898
7639 2 2 5 26 3849 3898 3899
7640 2 2 5 26 3899 3850 3849
7641 2 2 5 26 3850 3899 3851
7642 2 2 5 26 3851 3899 3900
7643 2 2 5 26 3851 3900 3901
7644 2 2 5 26 3901 3852 3851
7645 2 2 5 26 3852 3901 3853
7646 2 2 5 26 3853 3901 3902
7647 2 2 5 26 3853 3902 3903
7648 2 2 5 26 3903 3854 3853
7649 2 2 5 26 3854 3903 3855
7650 2 2 5 26 3855 3903 3904
7651 2 2 5 26 3855 3904 3905
7652 2 2 5 26 3905 3856 3855
7653 2 2 5 26 3856 3905 3857
7654 2 2 5 26 3857 3905 3906
7655 2 2 5 26 3857 3906 3907
7656 2 2 5 26 3907 3858 3857
7657 2 2 5 26 3858 3907 3859
7658 2 2 5 26 3859 3907 3908
7659 2 2 5 26 3859 3908 3909
7660 2 2 5 26 3909 3860 3859
7661 2 2 5 26 3860 3909 3861
7662 2 2 5 26 3861 3909 3910
7663 2 2 5 26 3861 3910 3911
7664 2 2 5 26 3911 3862 3861
7665 2 2 5 26 3862 3911 3863
7666 2 2 5 26 3863 3911 3912
7667 2 2 5 26 3863 3912 3913
7668 2 2 5 26 3913 3864 3863
7669 2 2 5 26 3864 3913 3865
7670 2 2 5 26 3865 3913 3914
7671 2 2 5 26 3865 3914 3915
7672 2 2 5 26 3915 3866 3865
7673 2 2 5 26 3866 3915 3867
7674 2 2 5 26 3867 3915 3916
7675 2 2 5 26 3867 3916 3917
7676 2 2 5 26 3917 3868 3867
7677 2 2 5 26 3868 3917 3869
7678 2 2 5 26 3869 3917 3918
7679 2 2 5 26 3869 3918 3919
7680 2 2 5 26 3919 3870 3869
7681 2 2 5 26 3870 3919 3871
7682 2 2 5 26 3871 3919 3920
7683 2 2 5 26 3871 3920 3921
7684 2 2 5 26 3921 3872 3871
7685 2 2 5 26 3872 3921 3873
7686 2 2 5 26 3873 3921 3922
7687 2 2 5 26 3873 3922 3923
7688 2 2 5 26 3923 3874 3873
7689 2 2 5 26 3874 3923 3875
7690 2 2 5 26 3875 3923 3924
7691 2 2 5 26 3875 3924 3925
7692 2 2 5 26 3925 3876 3875
7693 2 2 5 26 3876 3925 3877
7694 2 2 5 26 3877 3925 3926
7695 2 2 5 26 3877 3926 3927
7696 2 2 5 26 3927 3878 3877
7697 2 2 5 26 3878 3927 3879
7698 2 2 5 26 3879 3927 3928
7699 2 2 5 26 3879 3928 329
7700 2 2 5 26 329 330 3879
7701 2 2 5 26 227 228 3929
7702 2 2 5 26 3929 3880 227
7703 2 2 5 26 3880 3929 3881
7704 2 2 5 26 3881 3929 3930
7705 2 2 5 26 3881 3930 3931
7706 2 2 5 26 3931 3882 3881
7707 2 2 5 26 3882 3931 3883
7708 2 2 5 26 3883 3931 3932
7709 2 2 5 26 3883 3932 3933
7710 2 2 5 26 3933 3884 3883
7711 2 2 5 26 3884 3933 3885
7712 2 2 5 26 3885 3933 3934
7713 2 2 5 26 3885 3934 3935
7714 2 2 5 26 3935 3886 3885
7715 2 2 5 26 3886 3935 3887
7716 2 2 5 26 3887 3935 3936
7717 2 2 5 26 3887 3936 3937
7718 2 2 5 26 3937 3888 3887
7719 2 2 5 26 3888 3937 3889
7720 2 2 5 26 3889 3937 3938
7721 2 2 5 26 3889 3938 3939
7722 2 2 5 26 3939 3890 3889
7723 2 2 5 26 3890 3939 3891
7724 2 2 5 26 3891 3939 3940
7725 2 2 5 26 3891 3940 3941
7726 2 2 5 26 3941 3892 3891
7727 2 2 5 26 3892 3941 3893
7728 2 2 5 26 3893 3941 3942
7729 2 2 5 26 3893 3942 3943
7730 2 2 5 26 3943 3894 3893
7731 2 2 5 26 3894 3943 3895
7732 2 2 5 26 3895 3943 3944
7733 2 2 5 26 3895 3944 3945
7734 2 2 5 26 3945 3896 3895
7735 2 2 5 26 3896 3945 3897
7736 2 2 5 26 3897 3945 3946
7737 2 2 5 26 3897 3946 3947
7738 2 2 5 26 3947 3898 3897
7739 2 2 5 26 3898 3947 3899
7740 2 2 5 26 3899 3947 3948
7741 2 2 5 26 3899 3948 3949
7742 2 2 5 26 3949 3900 3899
7743 2 2 5 26 3900 3949 3901
7744 2 2 5 26 3901 3949 3950
7745 2 2 5 26 3901 3950 3951
7746 2 2 5 26 3951 3902 3901
7747 2 2 5 26 3902 3951 3903
7748 2 2 5 26 3903 3951 3952
7749 2 2 5 26 3903 3952 3953
7750 2 2 5 26 3953 3904 3903
7751 2 2 5 26 3904 3953 3905
7752 2 2 5 26 3905 3953 3954
7753 2 2 5 26 3905 3954 3955
7754 2 2 5 26 3955 3906 3905
7755 2 2 5 26 3906 3955 3907
7756 2 2 5 26 3907 3955 3956
7757 2 2 5 26 3907 3956 3957
7758 2 2 5 26 3957 3908 3907
7759 2 2 5 26 3908 3957 3909
7760 2 2 5 26 3909 3957 3958
7761 2 2 5 26 3909 3958 3959
7762 2 2 5 26 3959 3910 3909
7763 2 2 5 26 3910 3959 3911
7764 2 2 5 26 3911 3959 3960
7765 2 2 5 26 3911 3960 3961
7766 2 2 5 26 3961 3912 3911
7767 2 2 5 26 3912 3961 3913
7768 2 2 5 26 3913 3961 3962
7769 2 2 5 26 3913 3962 3963
7770 2 2 5 26 3963 3914 3913
7771 2 2 5 26 3914 3963 3915
7772 2 2 5 26 3915 3963 3964
7773 2 2 5 26 3915 3964 3965
7774 2 2 5 26 3965 3916 3915
7775 2 2 5 26 3916 3965 3917
7776 2 2 5 26 3917 3965 3966
7777 2 2 5 26 3917 3966 3967
7778 2 2 5 26 3967 3918 3917
7779 2 2 5 26 3918 3967 3919
7780 2 2 5 26 3919 3967 3968
7781 2 2 5 26 3919 3968 3969
7782 2 2 5 26 3969 3920 3919
7783 2 2 5 26 3920 3969 3921
7784 2 2 5 26 3921 3969 3970
7785 2 2 5 26 3921 3970 3971
7786 2 2 5 26 3971 3922 3921
7787 2 2 5 26 3922 3971 3923
7788 2 2 5 26 3923 3971 3972
7789 2 2 5 26 3923 3972 3973
7790 2 2 5 26 3973 3924 3923
7791 2 2 5 26 3924 3973 3925
7792 2 2 5 26 3925 3973 3974
7793 2 2 5 26 3925 3974 3975
7794 2 2 5 26 3975 3926 3925
7795 2 2 5 26 3926 3975 3927
7796 2 2 5 26 3927 3975 3976
7797 2 2 5 26 3927 3976 3977
7798 2 2 5 26 3977 3928 3927
7799 2 2 5 26 3928 3977 329
7800 2 2 5 26 329 3977 328
7801 2 2 5 26 228 229 3929
7802 2 2 5 26 3929 229 3978
7803 2 2 5 26 3929 3978 3979
7804 2 2 5 26 3979 3930 3929
7805 2 2 5 26 3930 3979 3931
7806 2 2 5 26 3931 3979 3980
7807 2 2 5 26 3931 3980 3981
7808 2 2 5 26 3981 3932 3931
7809 2 2 5 26 3932 3981 3933
7810 2 2 5 26 3933 3981 3982
7811 2 2 5 26 3933 3982 3983
7812 2 2 5 26 3983 3934 3933
7813 2 2 5 26 3934 3983 3935
7814 2 2 5 26 3935 3983 3984
7815 2 2 5 26 3935 3984 3985
7816 2 2 5 26 3985 3936 3935
7817 2 2 5 26 3936 3985 3937
7818 2 2 5 26 3937 3985 3986
7819 2 2 5 26 3937 3986 3987
7820 2 2 5 26 3987 3938 3937
7821 2 2 5 26 3938 3987 3939
7822 2 2 5 26 3939 3987 3988
7823 2 2 5 26 3939 3988 3989
7824 2 2 5 26 3989 3940 3939
7825 2 2 5 26 3940 3989 3941
7826 2 2 5 26 3941 3989 3990
7827 2 2 5 26 3941 3990 3991
7828 2 2 5 26 3991 3942 3941
7829 2 2 5 26 3942 3991 3943
7830 2 2 5 26 3943 3991 3992
7831 2 2 5 26 3943 3992 3993
7832 2 2 5 26 3993 3944 3943
7833 2 2 5 26 3944 3993 3945
7834 2 2 5 26 3945 3993 3994
7835 2 2 5 26 3945 3994 3995
7836 2 2 5 26 3995 3946 3945
7837 2 2 5 26 3946 3995 3947
7838 2 2 5 26 3947 3995 3996
7839 2 2 5 26 3947 3996 3997
7840 2 2 5 26 3997 3948 3947
7841 2 2 5 26 3948 3997 3949
7842 2 2 5 26 3949 3997 3998
7843 2 2 5 26 3949 3998 3999
7844 2 2 5 26 3999 3950 3949
7845 2 2 5 26 3950 3999 3951
7846 2 2 5 26 3951 3999 4000
7847 2 2 5 26 3951 4000 4001
7848 2 2 5 26 4001 3952 3951
7849 2 2 5 26 3952 4001 3953
7850 2 2 5 26 3953 4001 4002
7851 2 2 5 26 3953 4002 4003
7852 2 2 5 26 4003 3954 3953
7853 2 2 5 26 3954 4003 3955
7854 2 2 5 26 3955 4003 4004
7855 2 2 5 26 3955 4004 4005
7856 2 2 5 26 4005 3956 3955
7857 2 2 5 26 3956 4005 3957
7858 2 2 5 26 3957 4005 4006
7859 2 2 5 26 3957 4006 4007
7860 2 2 5 26 4007 3958 3957
7861 2 2 5 26 3958 4007 3959
7862 2 2 5 26 3959 4007 4008
7863 2 2 5 26 3959 4008 4009
7864 2 2 5 26 4009 3960 3959
7865 2 2 5 26 3960 4009 3961
7866 2 2 5 26 3961 4009 4010
7867 2 2 5 26 3961 4010 4011
7868 2 2 5 26 4011 3962 3961
7869 2 2 5 26 3962 4011 3963
7870 2 2 5 26 3963 4011 4012
7871 2 2 5 26 3963 4012 4013
7872 2 2 5 26 4013 3964 3963
7873 2 2 5 26 3964 4013 3965
7874 2 2 5 26 3965 4013 4014
7875 2 2 5 26 3965 4014 4015
7876 2 2 5 26 4015 3966 3965
7877 2 2 5 26 3966 4015 3967
7878 2 2 5 26 3967 4015 4016
7879 2 2 5 26 3967 4016 4017
7880 2 2 5 26 4017 3968 3967
7881 2 2 5 26 3968 4017 3969
7882 2 2 5 26 3969 4017 4018
7883 2 2 5 26 3969 4018 4019
7884 2 2 5 26 4019 3970 3969
7885 2 2 5 26 3970 4019 3971
7886 2 2 5 26 3971 4019 4020
7887 2 2 5 26 3971 4020 4021
7888 2 2 5 26 4021 3972 3971
7889 2 2 5 26 3972 4021 3973
7890 2 2 5 26 3973 4021 4022
7891 2 2 5 26 3973 4022 4023
7892 2 2 5 26 4023 3974 3973
7893 2 2 5 26 3974 4023 3975
7894 2 2 5 26 3975 4023 4024
7895 2 2 5 26 3975 4024 4025
7896 2 2 5 26 4025 3976 3975
7897 2 2 5 26 3976 4025 3977
7898 2 2 5 26 3977 4025 4026
7899 2 2 5 26 3977 4026 327
7900 2 2 5 26 327 328 3977
7901 2 2 5 26 229 230 4027
7902 2 2 5 26 4027 3978 229
7903 2 2 5 26 3978 4027 3979
7904 2 2 5 26 3979 4027 4028
7905 2 2 5 26 3979 4028 4029
7906 2 2 5 26 4029 3980 3979
7907 2 2 5 26 3980 4029 3981
7908 2 2 5 26 3981 4029 4030
7909 2 2 5 26 3981 4030 4031
7910 2 2 5 26 4031 3982 3981
7911 2 2 5 26 3982 4031 3983
7912 2 2 5 26 3983 4031 4032
7913 2 2 5 26 3983 4032 4033
7914 2 2 5 26 4033 3984 3983
7915 2 2 5 26 3984 4033 3985
7916 2 2 5 26 3985 4033 4034
7917 2 2 5 26 3985 4034 4035
7918 2 2 5 26 4035 3986 3985
7919 2 2 5 26 3986 4035 3987
7920 2 2 5 26 3987 4035 4036
7921 2 2 5 26 3987 4036 4037
7922 2 2 5 26 4037 3988 3987
7923 2 2 5 26 3988 4037 3989
7924 2 2 5 26 3989 4037 4038
7925 2 2 5 26 3989 4038 4039
7926 2 2 5 26 4039 3990 3989
7927 2 2 5 26 3990 4039 3991
7928 2 2 5 26 3991 4039 4040
7929 2 2 5 26 3991 4040 4041
7930 2 2 5 26 4041 3992 3991
7931 2 2 5 26 3992 4041 3993
7932 2 2 5 26 3993 4041 4042
7933 2 2 5 26 3993 4042 4043
7934 2 2 5 26 4043 3994 3993
7935 2 2 5 26 3994 4043 3995
7936 2 2 5 26 3995 4043 4044
7937 2 2 5 26 3995 4044 4045
7938 2 2 5 26 4045 3996 3995
7939 2 2 5 26 3996 4045 3997
7940 2 2 5 26 3997 4045 4046
7941 2 2 5 26 3997 4046 4047
7942 2 2 5 26 4047 3998 3997
7943 2 2 5 26 3998 4047 3999
7944 2 2 5 26 3999 4047 4048
7945 2 2 5 26 3999 4048 4049
7946 2 2 5 26 4049 4000 3999
7947 2 2 5 26 4000 4049 4001
7948 2 2 5 26 4001 4049 4050
7949 2 2 5 26 4001 4050 4051
7950 2 2 5 26 4051 4002 4001
7951 2 2 5 26 4002 4051 4003
7952 2 2 5 26 4003 4051 4052
7953 2 2 5 26 4003 4052 4053
7954 2 2 5 26 4053 4004 4003
7955 2 2 5 26 4004 4053 4005
7956 2 2 5 26 4005 4053 4054
7957 2 2 5 26 4005 4054 4055
7958 2 2 5 26 4055 4006 4005
7959 2 2 5 26 4006 4055 4007
7960 2 2 5 26 4007 4055 4056
7961 2 2 5 26 4007 4056 4057
7962 2 2 5 26 4057 4008 4007
7963 2 2 5 26 4008 4057 4009
7964 2 2 5 26 4009 4057 4058
7965 2 2 5 26 4009 4058 4059
7966 2 2 5 26 4059 4010 4009
7967 2 2 5 26 4010 4059 4011
7968 2 2 5 26 4011 4059 4060
7969 2 2 5 26 4011 4060 4061
7970 2 2 5 26 4061 4012 4011
7971 2 2 5 26 4012 4061 4013
7972 2 2 5 26 4013 4061 4062
7973 2 2 5 26 4013 4062 4063
7974 2 2 5 26 4063 4014 4013
7975 2 2 5 26 4014 4063 4015
7976 2 2 5 26 4015 4063 4064
7977 2 2 5 26 4015 4064 4065
7978 2 2 5 26 4065 4016 4015
7979 2 2 5 26 4016 4065 4017
7980 2 2 5 26 4017 4065 4066
7981 2 2 5 26 4017 4066 4067
7982 2 2 5 26 4067 4018 4017
7983 2 2 5 26 4018 4067 4019
7984 2 2 5 26 4019 4067 4068
7985 2 2 5 26 4019 4068 4069
7986 2 2 5 26 4069 4020 4019
7987 2 2 5 26 4020 4069 4021
7988 2 2 5 26 4021 4069 4070
7989 2 2 5 26 4021 4070 4071
7990 2 2 5 26 4071 4022 4021
7991 2 2 5 26 4022 4071 4023
7992 2 2 5 26 4023 4071 4072
7993 2 2 5 26 4023 4072 4073
7994 2 2 5 26 4073 4024 4023
7995 2 2 5 26 4024 4073 4025
7996 2 2 5 26 4025 4073 4074
7997 2 2 5 26 4025 4074 4075
7998 2 2 5 26 4075 4026 4025
7999 2 2 5 26 4026 4075 327
8000 2 2 5 26 327 4075 326
8001 2 2 5 26 230 231 4027
8002 2 2 5 26 4027 231 4076
8003 2 2 5 26 4027 4076 4077
8004 2 2 5 26 4077 4028 4027
8005 2 2 5 26 4028 4077 4029
8006 2 2 5 26 4029 4077 4078
8007 2 2 5 26 4029 4078 4079
8008 2 2 5 26 4079 4030 4029
8009 2 2 5 26 4030 4079 4031
8010 2 2 5 26 4031 4079 4080
8011 2 2 5 26 4031 4080 4081
8012 2 2 5 26 4081 4032 4031
8013 2 2 5 26 4032 4081 4033
8014 2 2 5 26 4033 4081 4082
8015 2 2 5 26 4033 4082 4083
8016 2 2 5 26 4083 4034 4033
8017 2 2 5 26 4034 4083 4035
8018 2 2 5 26 4035 4083 4084
8019 2 2 5 26 4035 4084 4085
8020 2 2 5 26 4085 4036 4035
8021 2 2 5 26 4036 4085 4037
8022 2 2 5 26 4037 4085 4086
8023 2 2 5 26 4037 4086 4087
8024 2 2 5 26 4087 4038 4037
8025 2 2 5 26 4038 4087 4039
8026 2 2 5 26 4039 4087 4088
8027 2 2 5 26 4039 4088 4089
8028 2 2 5 26 4089 4040 4039
8029 2 2 5 26 4040 4089 4041
8030 2 2 5 26 4041 4089 4090
8031 2 2 5 26 4041 4090 4091
8032 2 2 5 26 4091 4042 4041
8033 2 2 5 26 4042 4091 4043
8034 2 2 5 26 4043 4091 4092
8035 2 2 5 26 4043 4092 4093
8036 2 2 5 26 4093 4044 4043
8037 2 2 5 26 4044 4093 4045
8038 2 2 5 26 4045 4093 4094
8039 2 2 5 26 4045 4094 4095
8040 2 2 5 26 4095 4046 4045
8041 2 2 5 26 4046 4095 4047
8042 2 2 5 26 4047 4095 4096
8043 2 2 5 26 4047 4096 4097
8044 2 2 5 26 4097 4048 4047
8045 2 2 5 26 4048 4097 4049
8046 2 2 5 26 4049 4097 4098
8047 2 2 5 26 4049 4098 4099
8048 2 2 5 26 4099 4050 4049
8049 2 2 5 26 4050 4099 4051
8050 2 2 5 26 4051 4099 4100
8051 2 2 5 26 4051 4100 4101
8052 2 2 5 26 4101 4052 4051
8053 2 2 5 26 4052 4101 4053
8054 2 2 5 26 4053 4101 4102
8055 2 2 5 26 4053 4102 4103
8056 2 2 5 26 4103 4054 4053
8057 2 2 5 26 4054 4103 4055
8058 2 2 5 26 4055 4103 4104
8059 2 2 5 26 4055 4104 4105
8060 2 2 5 26 4105 4056 4055
8061 2 2 5 26 4056 4105 4057
8062 2 2 5 26 4057 4105 4106
8063 2 2 5 26 4057 4106 4107
8064 2 2 5 26 4107 4058 4057
8065 2 2 5 26 4058 4107 4059
8066 2 2 5 26 4059 4107 4108
8067 2 2 5 26 4059 4108 4109
8068 2 2 5 26 4109 4060 4059
8069 2 2 5 26 4060 4109 4061
8070 2 2 5 26 4061 4109 4110
8071 2 2 5 26 4061 4110 4111
8072 2 2 5 26 4111 4062 4061
8073 2 2 5 26 4062 4111 4063
8074 2 2 5 26 4063 4111 4112
8075 2 2 5 26 4063 4112 4113
8076 2 2 5 26 4113 4064 4063
8077 2 2 5 26 4064 4113 4065
8078 2 2 5 26 4065 4113 4114
8079 2 2 5 26 4065 4114 4115
8080 2 2 5 26 4115 4066 4065
8081 2 2 5 26 4066 4115 4067
8082 2 2 5 26 4067 4115 4116
8083 2 2 5 26 4067 4116 4117
8084 2 2 5 26 4117 4068 4067
8085 2 2 5 26 4068 4117 4069
8086 2 2 5 26 4069 4117 4118
8087 2 2 5 26 4069 4118 4119
8088 2 2 5 26 4119 4070 4069
8089 2 2 5 26 4070 4119 4071
8090 2 2 5 26 4071 4119 4120
8091 2 2 5 26 4071 4120 4121
8092 2 2 5 26 4121 4072 4071
8093 2 2 5 26 4072 4121 4073
8094 2 2 5 26 4073 4121 4122
8095 2 2 5 26 4073 4122 4123
8096 2 2 5 26 4123 4074 4073
8097 2 2 5 26 4074 4123 4075
8098 2 2 5 26 4075 4123 4124
8099 2 2 5 26 4075 4124 325
8100 2 2 5 26 325 326 4075
8101 2 2 5 26 231 232 4125
8102 2 2 5 26 4125 4076 231
8103 2 2 5 26 4076 4125 4077
8104 2 2 5 26 4077 4125 4126
8105 2 2 5 26 4077 4126 4127
8106 2 2 5 26 4127 4078 4077
8107 2 2 5 26 4078 4127 4079
8108 2 2 5 26 4079 4127 4128
8109 2 2 5 26 4079 4128 4129
8110 2 2 5 26 4129 4080 4079
8111 2 2 5 26 4080 4129 4081
8112 2 2 5 26 4081 4129 4130
8113 2 2 5 26 4081 4130 4131
8114 2 2 5 26 4131 4082 4081
8115 2 2 5 26 4082 4131 4083
8116 2 2 5 26 4083 4131 4132
8117 2 2 5 26 4083 4132 4133
8118 2 2 5 26 4133 4084 4083
8119 2 2 5 26 4084 4133 4085
8120 2 2 5 26 4085 4133 4134
8121 2 2 5 26 4085 4134 4135
8122 2 2 5 26 4135 4086 4085
8123 2 2 5 26 4086 4135 4087
8124 2 2 5 26 4087 4135 4136
8125 2 2 5 26 4087 4136 4137
8126 2 2 5 26 4137 4088 4087
8127 2 2 5 26 4088 4137 4089
8128 2 2 5 26 4089 4137 4138
8129 2 2 5 26 4089 4138 4139
8130 2 2 5 26 4139 4090 4089
8131 2 2 5 26 4090 4139 4091
8132 2 2 5 26 4091 4139 4140
8133 2 2 5 26 4091 4140 4141
8134 2 2 5 26 4141 4092 4091
8135 2 2 5 26 4092 4141 4093
8136 2 2 5 26 4093 4141 4142
8137 2 2 5 26 4093 4142 4143
8138 2 2 5 26 4143 4094 4093
8139 2 2 5 26 4094 4143 4095
8140 2 2 5 26 4095 4143 4144
8141 2 2 5 26 4095 4144 4145
8142 2 2 5 26 4145 4096 4095
8143 2 2 5 26 4096 4145 4097
8144 2 2 5 26 4097 4145 4146
8145 2 2 5 26 4097 4146 4147
8146 2 2 5 26 4147 4098 4097
8147 2 2 5 26 4098 4147 4099
8148 2 2 5 26 4099 4147 4148
8149 2 2 5 26 4099 4148 4149
8150 2 2 5 26 4149 4100 4099
8151 2 2 5 26 4100 4149 4101
8152 2 2 5 26 4101 4149 4150
8153 2 2 5 26 4101 4150 4151
8154 2 2 5 26 4151 4102 4101
8155 2 2 5 26 4102 4151 4103
8156 2 2 5 26 4103 4151 4152
8157 2 2 5 26 4103 4152 4153
8158 2 2 5 26 4153 4104 4103
8159 2 2 5 26 4104 4153 4105
8160 2 2 5 26 4105 4153 4154
8161 2 2 5 26 4105 4154 4155
8162 2 2 5 26 4155 4106 4105
8163 2 2 5 26 4106 4155 4107
8164 2 2 5 26 4107 4155 4156
8165 2 2 5 26 4107 4156 4157
8166 2 2 5 26 4157 4108 4107
8167 2 2 5 26 4108 4157 4109
8168 2 2 5 26 4109 4157 4158
8169 2 2 5 26 4109 4158 4159
8170 2 2 5 26 4159 4110 4109
8171 2 2 5 26 4110 4159 4111
8172 2 2 5 26 4111 4159 4160
8173 2 2 5 26 4111 4160 4161
8174 2 2 5 26 4161 4112 4111
8175 2 2 5 26 4112 4161 4113
8176 2 2 5 26 4113 4161 4162
8177 2 2 5 26 4113 4162 4163
8178 2 2 5 26 4163 4114 4113
8179 2 2 5 26 4114 4163 4115
8180 2 2 5 26 4115 4163 4164
8181 2 2 5 26 4115 4164 4165
8182 2 2 5 26 4165 4116 4115
8183 2 2 5 26 4116 4165 4117
8184 2 2 5 26 4117 4165 4166
8185 2 2 5 26 4117 4166 4167
8186 2 2 5 26 4167 4118 4117
8187 2 2 5 26 4118 4167 4119
8188 2 2 5 26 4119 4167 4168
8189 2 2 5 26 4119 4168 4169
8190 2 2 5 26 4169 4120 4119
8191 2 2 5 26 4120 4169 4121
8192 2 2 5 26 4121 4169 4170
8193 2 2 5 26 4121 4170 4171
8194 2 2 5 26 4171 4122 4121
8195 2 2 5 26 4122 4171 4123
8196 2 2 5 26 4123 4171 4172
8197 2 2 5 26 4123 4172 4173
8198 2 2 5 26 4173 4124 4123
8199 2 2 5 26 4124 4173 325
8200 2 2 5 26 325 4173 324
8201 2 2 5 26 232 233 4125
8202 2 2 5 26 4125 233 4174
8203 2 2 5 26 4125 4174 4175
8204 2 2 5 26 4175 4126 4125
8205 2 2 5 26 4126 4175 4127
8206 2 2 5 26 4127 4175 4176
8207 2 2 5 26 4127 4176 4177
8208 2 2 5 26 4177 4128 4127
8209 2 2 5 26 4128 4177 4129
8210 2 2 5 26 4129 4177 4178
8211 2 2 5 26 4129 4178 4179
8212 2 2 5 26 4179 4130 4129
8213 2 2 5 26 4130 4179 4131
8214 2 2 5 26 4131 4179 4180
8215 2 2 5 26 4131 4180 4181
8216 2 2 5 26 4181 4132 4131
8217 2 2 5 26 4132 4181 4133
8218 2 2 5 26 4133 4181 4182
8219 2 2 5 26 4133 4182 4183
8220 2 2 5 26 4183 4134 4133
8221 2 2 5 26 4134 4183 4135
8222 2 2 5 26 4135 4183 4184
8223 2 2 5 26 4135 4184 4185
8224 2 2 5 26 4185 4136 4135
8225 2 2 5 26 4136 4185 4137
8226 2 2 5 26 4137 4185 4186
8227 2 2 5 26 4137 4186 4187
8228 2 2 5 26 4187 4138 4137
8229 2 2 5 26 4138 4187 4139
8230 2 2 5 26 4139 4187 4188
8231 2 2 5 26 4139 4188 4189
8232 2 2 5 26 4189 4140 4139
8233 2 2 5 26 4140 4189 4141
8234 2 2 5 26 4141 4189 4190
8235 2 2 5 26 4141 4190 4191
8236 2 2 5 26 4191 4142 4141
8237 2 2 5 26 4142 4191 4143
8238 2 2 5 26 4143 4191 4192
8239 2 2 5 26 4143 4192 4193
8240 2 2 5 26 4193 4144 4143
8241 2 2 5 26 4144 4193 4145
8242 2 2 5 26 4145 4193 4194
8243 2 2 5 26 4145 4194 4195
8244 2 2 5 26 4195 4146 4145
8245 2 2 5 26 4146 4195 4147
8246 2 2 5 26 4147 4195 4196
8247 2 2 5 26 4147 4196 4197
8248 2 2 5 26 4197 4148 4147
8249 2 2 5 26 4148 4197 4149
8250 2 2 5 26 4149 4197 4198
8251 2 2 5 26 4149 4198 4199
8252 2 2 5 26 4199 4150 4149
8253 2 2 5 26 4150 4199 4151
8254 2 2 5 26 4151 4199 4200
8255 2 2 5 26 4151 4200 4201
8256 2 2 5 26 4201 4152 4151
8257 2 2 5 26 4152 4201 4153
8258 2 2 5 26 4153 4201 4202
8259 2 2 5 26 4153 4202 4203
8260 2 2 5 26 4203 4154 4153
8261 2 2 5 26 4154 4203 4155
8262 2 2 5 26 4155 4203 4204
8263 2 2 5 26 4155 4204 4205
8264 2 2 5 26 4205 4156 4155
8265 2 2 5 26 4156 4205 4157
8266 2 2 5 26 4157 4205 4206
8267 2 2 5 26 4157 4206 4207
8268 2 2 5 26 4207 4158 4157
8269 2 2 5 26 4158 4207 4159
8270 2 2 5 26 4159 4207 4208
8271 2 2 5 26 4159 4208 4209
8272 2 2 5 26 4209 4160 4159
8273 2 2 5 26 4160 4209 4161
8274 2 2 5 26 4161 4209 4210
8275 2 2 5 26 4161 4210 4211
8276 2 2 5 26 4211 4162 4161
8277 2 2 5 26 4162 4211 4163
8278 2 2 5 26 4163 4211 4212
8279 2 2 5 26 4163 4212 4213
8280 2 2 5 26 4213 4164 4163
8281 2 2 5 26 4164 4213 4165
8282 2 2 5 26 4165 4213 4214
8283 2 2 5 26 4165 4214 4215
8284 2 2 5 26 4215 4166 4165
8285 2 2 5 26 4166 4215 4167
8286 2 2 5 26 4167 4215 4216
8287 2 2 5 26 4167 4216 4217
8288 2 2 5 26 4217 4168 4167
8289 2 2 5 26 4168 4217 4169
8290 2 2 5 26 4169 4217 4218
8291 2 2 5 26 4169 4218 4219
8292 2 2 5 26 4219 4170 4169
8293 2 2 5 26 4170 4219 4171
8294 2 2 5 26 4171 4219 4220
8295 2 2 5 26 4171 4220 4221
8296 2 2 5 26 4221 4172 4171
8297 2 2 5 26 4172 4221 4173
8298 2 2 5 26 4173 4221 4222
8299 2 2 5 26 4173 4222 323
8300 2 2 5 26 323 324 4173
8301 2 2 5 26 233 234 4223
8302 2 2 5 26 4223 4174 233
8303 2 2 5 26 4174 4223 4175
8304 2 2 5 26 4175 4223 4224
8305 2 2 5 26 4175 4224 4225
8306 2 2 5 26 4225 4176 4175
8307 2 2 5 26 4176 4225 4177
8308 2 2 5 26 4177 4225 4226
8309 2 2 5 26 4177 4226 4227
8310 2 2 5 26 4227 4178 4177
8311 2 2 5 26 4178 4227 4179
8312 2 2 5 26 4179 4227 4228
8313 2 2 5 26 4179 4228 4229
8314 2 2 5 26 4229 4180 4179
8315 2 2 5 26 4180 4229 4181
8316 2 2 5 26 4181 4229 4230
8317 2 2 5 26 4181 4230 4231
8318 2 2 5 26 4231 4182 4181
8319 2 2 5 26 4182 4231 4183
8320 2 2 5 26 4183 4231 4232
8321 2 2 5 26 4183 4232 4233
8322 2 2 5 26 4233 4184 4183
8323 2 2 5 26 4184 4233 4185
8324 2 2 5 26 4185 4233 4234
8325 2 2 5 26 4185 4234 4235
8326 2 2 5 26 4235 4186 4185
8327 2 2 5 26 4186 4235 4187
8328 2 2 5 26 4187 4235 4236
8329 2 2 5 26 4187 4236 4237
8330 2 2 5 26 4237 4188 4187
8331 2 2 5 26 4188 4237 4189
8332 2 2 5 26 4189 4237 4238
8333 2 2 5 26 4189 4238 4239
8334 2 2 5 26 4239 4190 4189
8335 2 2 5 26 4190 4239 4191
8336 2 2 5 26 4191 4239 4240
8337 2 2 5 26 4191 4240 4241
8338 2 2 5 26 4241 4192 4191
8339 2 2 5 26 4192 4241 4193
8340 2 2 5 26 4193 4241 4242
8341 2 2 5 26 4193 4242 4243
8342 2 2 5 26 4243 4194 4193
8343 2 2 5 26 4194 4243 4195
8344 2 2 5 26 4195 4243 4244
8345 2 2 5 26 4195 4244 4245
8346 2 2 5 26 4245 4196 4195
8347 2 2 5 26 4196 4245 4197
8348 2 2 5 26 4197 4245 4246
8349 2 2 5 26 4197 4246 4247
8350 2 2 5 26 4247 4198 4197
8351 2 2 5 26 4198 4247 4199
8352 2 2 5 26 4199 4247 4248
8353 2 2 5 26 4199 4248 4249
8354 2 2 5 26 4249 4200 4199
8355 2 2 5 26 4200 4249 4201
8356 2 2 5 26 4201 4249 4250
8357 2 2 5 26 4201 4250 4251
8358 2 2 5 26 4251 4202 4201
8359 2 2 5 26 4202 4251 4203
8360 2 2 5 26 4203 4251 4252
8361 2 2 5 26 4203 4252 4253
8362 2 2 5 26 4253 4204 4203
8363 2 2 5 26 4204 4253 4205
8364 2 2 5 26 4205 4253 4254
8365 2 2 5 26 4205 4254 4255
8366 2 2 5 26 4255 4206 4205
8367 2 2 5 26 4206 4255 4207
8368 2 2 5 26 4207 4255 4256
8369 2 2 5 26 4207 4256 4257
8370 2 2 5 26 4257 4208 4207
8371 2 2 5 26 4208 4257 4209
8372 2 2 5 26 4209 4257 4258
8373 2 2 5 26 4209 4258 4259
8374 2 2 5 26 4259 4210 4209
8375 2 2 5 26 4210 4259 4211
8376 2 2 5 26 4211 4259 4260
8377 2 2 5 26 4211 4260 4261
8378 2 2 5 26 4261 4212 4211
8379 2 2 5 26 4212 4261 4213
8380 2 2 5 26 4213 4261 4262
8381 2 2 5 26 4213 4262 4263
8382 2 2 5 26 4263 4214 4213
8383 2 2 5 26 4214 4263 4215
8384 2 2 5 26 4215 4263 4264
8385 2 2 5 26 4215 4264 4265
8386 2 2 5 26 4265 4216 4215
8387 2 2 5 26 4216 4265 4217
8388 2 2 5 26 4217 4265 4266
8389 2 2 5 26 4217 4266 4267
8390 2 2 5 26 4267 4218 4217
8391 2 2 5 26 4218 4267 4219
8392 2 2 5 26 4219 4267 4268
8393 2 2 5 26 4219 4268 4269
8394 2 2 5 26 4269 4220 4219
8395 2 2 5 26 4220 4269 4221
8396 2 2 5 26 4221 4269 4270
8397 2 2 5 26 4221 4270 4271
8398 2 2 5 26 4271 4222 4221
8399 2 2 5 26 4222 4271 323
8400 2 2 5 26 323 4271 322
8401 2 2 5 26 234 235 4223
8402 2 2 5 26 4223 235 4272
8403 2 2 5 26 4223 4272 4273
8404 2 2 5 26 4273 4224 4223
8405 2 2 5 26 4224 4273 4225
8406 2 2 5 26 4225 4273 4274
8407 2 2 5 26 4225 4274 4275
8408 2 2 5 26 4275 4226 4225
8409 2 2 5 26 4226 4275 4227
8410 2 2 5 26 4227 4275 4276
8411 2 2 5 26 4227 4276 4277
8412 2 2 5 26 4277 4228 4227
8413 2 2 5 26 4228 4277 4229
8414 2 2 5 26 4229 4277 4278
8415 2 2 5 26 4229 4278 4279
8416 2 2 5 26 4279 4230 4229
8417 2 2 5 26 4230 4279 4231
8418 2 2 5 26 4231 4279 4280
8419 2 2 5 26 4231 4280 4281
8420 2 2 5 26 4281 4232 4231
8421 2 2 5 26 4232 4281 4233
8422 2 2 5 26 4233 4281 4282
8423 2 2 5 26 4233 4282 4283
8424 2 2 5 26 4283 4234 4233
8425 2 2 5 26 4234 4283 4235
8426 2 2 5 26 4235 4283 4284
8427 2 2 5 26 4235 4284 4285
8428 2 2 5 26 4285 4236 4235
8429 2 2 5 26 4236 4285 4237
8430 2 2 5 26 4237 4285 4286
8431 2 2 5 26 4237 4286 4287
8432 2 2 5 26 4287 4238 4237
8433 2 2 5 26 4238 4287 4239
8434 2 2 5 26 4239 4287 4288
8435 2 2 5 26 4239 4288 4289
8436 2 2 5 26 4289 4240 4239
8437 2 2 5 26 4240 4289 4241
8438 2 2 5 26 4241 4289 4290
8439 2 2 5 26 4241 4290 4291
8440 2 2 5 26 4291 4242 4241
8441 2 2 5 26 4242 4291 4243
8442 2 2 5 26 4243 4291 4292
8443 2 2 5 26 4243 4292 4293
8444 2 2 5 26 4293 4244 4243
8445 2 2 5 26 4244 4293 4245
8446 2 2 5 26 4245 4293 4294
8447 2 2 5 26 4245 4294 4295
8448 2 2 5 26 4295 4246 4245
8449 2 2 5 26 4246 4295 4247
8450 2 2 5 26 4247 4295 4296
8451 2 2 5 26 4247 4296 4297
8452 2 2 5 26 4297 4248 4247
8453 2 2 5 26 4248 4297 4249
8454 2 2 5 26 4249 4297 4298
8455 2 2 5 26 4249 4298 4299
8456 2 2 5 26 4299 4250 4249
8457 2 2 5 26 4250 4299 4251
8458 2 2 5 26 4251 4299 4300
8459 2 2 5 26 4251 4300 4301
8460 2 2 5 26 4301 4252 4251
8461 2 2 5 26 4252 4301 4253
8462 2 2 5 26 4253 4301 4302
8463 2 2 5 26 4253 4302 4303
8464 2 2 5 26 4303 4254 4253
8465 2 2 5 26 4254 4303 4255
8466 2 2 5 26 4255 4303 4304
8467 2 2 5 26 4255 4304 4305
8468 2 2 5 26 4305 4256 4255
8469 2 2 5 26 4256 4305 4257
8470 2 2 5 26 4257 4305 4306
8471 2 2 5 26 4257 4306 4307
8472 2 2 5 26 4307 4258 4257
8473 2 2 5 26 4258 4307 4259
8474 2 2 5 26 4259 4307 4308
8475 2 2 5 26 4259 4308 4309
8476 2 2 5 26 4309 4260 4259
8477 2 2 5 26 4260 4309 4261
8478 2 2 5 26 4261 4309 4310
8479 2 2 5 26 4261 4310 4311
8480 2 2 5 26 4311 4262 4261
8481 2 2 5 26 4262 4311 4263
8482 2 2 5 26 4263 4311 4312
8483 2 2 5 26 4263 4312 4313
8484 2 2 5 26 4313 4264 4263
8485 2 2 5 26 4264 4313 4265
8486 2 2 5 26 4265 4313 4314
8487 2 2 5 26 4265 4314 4315
8488 2 2 5 26 4315 4266 4265
8489 2 2 5 26 4266 4315 4267
8490 2 2 5 26 4267 4315 4316
8491 2 2 5 26 4267 4316 4317
8492 2 2 5 26 4317 4268 4267
8493 2 2 5 26 4268 4317 4269
8494 2 2 5 26 4269 4317 4318
8495 2 2 5 26 4269 4318 4319
8496 2 2 5 26 4319 4270 4269
8497 2 2 5 26 4270 4319 4271
8498 2 2 5 26 4271 4319 4320
8499 2 2 5 26 4271 4320 321
8500 2 2 5 26 321 322 4271
8501 2 2 5 26 235 236 4321
8502 2 2 5 26 4321 4272 235
8503 2 2 5 26 4272 4321 4273
8504 2 2 5 26 4273 4321 4322
8505 2 2 5 26 4273 4322 4323
8506 2 2 5 26 4323 4274 4273
8507 2 2 5 26 4274 4323 4275
8508 2 2 5 26 4275 4323 4324
8509 2 2 5 26 4275 4324 4325
8510 2 2 5 26 4325 4276 4275
8511 2 2 5 26 4276 4325 4277
8512 2 2 5 26 4277 4325 4326
8513 2 2 5 26 4277 4326 4327
8514 2 2 5 26 4327 4278 4277
8515 2 2 5 26 4278 4327 4279
8516 2 2 5 26 4279 4327 4328
8517 2 2 5 26 4279 4328 4329
8518 2 2 5 26 4329 4280 4279
8519 2 2 5 26 4280 4329 4281
8520 2 2 5 26 4281 4329 4330
8521 2 2 5 26 4281 4330 4331
8522 2 2 5 26 4331 4282 4281
8523 2 2 5 26 4282 4331 4283
8524 2 2 5 26 4283 4331 4332
8525 2 2 5 26 4283 4332 4333
8526 2 2 5 26 4333 4284 4283
8527 2 2 5 26 4284 4333 4285
8528 2 2 5 26 4285 4333 4334
8529 2 2 5 26 4285 4334 4335
8530 2 2 5 26 4335 4286 4285
8531 2 2 5 26 4286 4335 4287
8532 2 2 5 26 4287 4335 4336
8533 2 2 5 26 4287 4336 4337
8534 2 2 5 26 4337 4288 4287
8535 2 2 5 26 4288 4337 4289
8536 2 2 5 26 4289 4337 4338
8537 2 2 5 26 4289 4338 4339
8538 2 2 5 26 4339 4290 4289
8539 2 2 5 26 4290 4339 4291
8540 2 2 5 26 4291 4339 4340
8541 2 2 5 26 4291 4340 4341
8542 2 2 5 26 4341 4292 4291
8543 2 2 5 26 4292 4341 4293
8544 2 2 5 26 4293 4341 4342
8545 2 2 5 26 4293 4342 4343
8546 2 2 5 26 4343 4294 4293
8547 2 2 5 26 4294 4343 4295
8548 2 2 5 26 4295 4343 4344
8549 2 2 5 26 4295 4344 4345
8550 2 2 5 26 4345 4296 4295
8551 2 2 5 26 4296 4345 4297
8552 2 2 5 26 4297 4345 4346
8553 2 2 5 26 4297 4346 4347
8554 2 2 5 26 4347 4298 4297
8555 2 2 5 26 4298 4347 4299
8556 2 2 5 26 4299 4347 4348
8557 2 2 5 26 4299 4348 4349
8558 2 2 5 26 4349 4300 4299
8559 2 2 5 26 4300 4349 4301
8560 2 2 5 26 4301 4349 4350
8561 2 2 5 26 4301 4350 4351
8562 2 2 5 26 4351 4302 4301
8563 2 2 5 26 4302 4351 4303
8564 2 2 5 26 4303 4351 4352
8565 2 2 5 26 4303 4352 4353
8566 2 2 5 26 4353 4304 4303
8567 2 2 5 26 4304 4353 4305
8568 2 2 5 26 4305 4353 4354
8569 2 2 5 26 4305 4354 4355
8570 2 2 5 26 4355 4306 4305
8571 2 2 5 26 4306 4355 4307
8572 2 2 5 26 4307 4355 4356
8573 2 2 5 26 4307 4356 4357
8574 2 2 5 26 4357 4308 4307
8575 2 2 5 26 4308 4357 4309
8576 2 2 5 26 4309 4357 4358
8577 2 2 5 26 4309 4358 4359
8578 2 2 5 26 4359 4310 4309
8579 2 2 5 26 4310 4359 4311
8580 2 2 5 26 4311 4359 4360
8581 2 2 5 26 4311 4360 4361
8582 2 2 5 26 4361 4312 4311
8583 2 2 5 26 4312 4361 4313
8584 2 2 5 26 4313 4361 4362
8585 2 2 5 26 4313 4362 4363
8586 2 2 5 26 4363 4314 4313
8587 2 2 5 26 4314 4363 4315
8588 2 2 5 26 4315 4363 4364
8589 2 2 5 26 4315 4364 4365
8590 2 2 5 26 4365 4316 4315
8591 2 2 5 26 4316 4365 4317
8592 2 2 5 26 4317 4365 4366
8593 2 2 5 26 4317 4366 4367
8594 2 2 5 26 4367 4318 4317
8595 2 2 5 26 4318 4367 4319
8596 2 2 5 26 4319 4367 4368
8597 2 2 5 26 4319 4368 4369
8598 2 2 5 26 4369 4320 4319
8599 2 2 5 26 4320 4369 321
8600 2 2 5 26 321 4369 320
8601 2 2 5 26 236 237 4321
8602 2 2 5 26 4321 237 4370
8603 2 2 5 26 4321 4370 4371
8604 2 2 5 26 4371 4322 4321
8605 2 2 5 26 4322 4371 4323
8606 2 2 5 26 4323 4371 4372
8607 2 2 5 26 4323 4372 4373
8608 2 2 5 26 4373 4324 4323
8609 2 2 5 26 4324 4373 4325
8610 2 2 5 26 4325 4373 4374
8611 2 2 5 26 4325 4374 4375
8612 2 2 5 26 4375 4326 4325
8613 2 2 5 26 4326 4375 4327
8614 2 2 5 26 4327 4375 4376
8615 2 2 5 26 4327 4376 4377
8616 2 2 5 26 4377 4328 4327
8617 2 2 5 26 4328 4377 4329
8618 2 2 5 26 4329 4377 4378
8619 2 2 5 26 4329 4378 4379
8620 2 2 5 26 4379 4330 4329
8621 2 2 5 26 4330 4379 4331
8622 2 2 5 26 4331 4379 4380
8623 2 2 5 26 4331 4380 4381
8624 2 2 5 26 4381 4332 4331
8625 2 2 5 26 4332 4381 4333
8626 2 2 5 26 4333 4381 4382
8627 2 2 5 26 4333 4382 4383
8628 2 2 5 26 4383 4334 4333
8629 2 2 5 26 4334 4383 4335
8630 2 2 5 26 4335 4383 4384
8631 2 2 5 26 4335 4384 4385
8632 2 2 5 26 4385 4336 4335
8633 2 2 5 26 4336 4385 4337
8634 2 2 5 26 4337 4385 4386
8635 2 2 5 26 4337 4386 4387
8636 2 2 5 26 4387 4338 4337
8637 2 2 5 26 4338 4387 4339
8638 2 2 5 26 4339 4387 4388
8639 2 2 5 26 4339 4388 4389
8640 2 2 5 26 4389 4340 4339
8641 2 2 5 26 4340 4389 4341
8642 2 2 5 26 4341 4389 4390
8643 2 2 5 26 4341 4390 4391
8644 2 2 5 26 4391 4342 4341
8645 2 2 5 26 4342 4391 4343
8646 2 2 5 26 4343 4391 4392
8647 2 2 5 26 4343 4392 4393
8648 2 2 5 26 4393 4344 4343
8649 2 2 5 26 4344 4393 4345
8650 2 2 5 26 4345 4393 4394
8651 2 2 5 26 4345 4394 4395
8652 2 2 5 26 4395 4346 4345
8653 2 2 5 26 4346 4395 4347
8654 2 2 5 26 4347 4395 4396
8655 2 2 5 26 4347 4396 4397
8656 2 2 5 26 4397 4348 4347
8657 2 2 5 26 4348 4397 4349
8658 2 2 5 26 4349 4397 4398
8659 2 2 5 26 4349 4398 4399
8660 2 2 5 26 4399 4350 4349
8661 2 2 5 26 4350 4399 4351
8662 2 2 5 26 4351 4399 4400
8663 2 2 5 26 4351 4400 4401
8664 2 2 5 26 4401 4352 4351
8665 2 2 5 26 4352 4401 4353
8666 2 2 5 26 4353 4401 4402
8667 2 2 5 26 4353 4402 4403
8668 2 2 5 26 4403 4354 4353
8669 2 2 5 26 4354 4403 4355
8670 2 2 5 26 4355 4403 4404
8671 2 2 5 26 4355 4404 4405
8672 2 2 5 26 4405 4356 4355
8673 2 2 5 26 4356 4405 4357
8674 2 2 5 26 4357 4405 4406
8675 2 2 5 26 4357 4406 4407
8676 2 2 5 26 4407 4358 4357
8677 2 2 5 26 4358 4407 4359
8678 2 2 5 26 4359 4407 4408
8679 2 2 5 26 4359 4408 4409
8680 2 2 5 26 4409 4360 4359
8681 2 2 5 26 4360 4409 4361
8682 2 2 5 26 4361 4409 4410
8683 2 2 5 26 4361 4410 4411
8684 2 2 5 26 4411 4362 4361
8685 2 2 5 26 4362 4411 4363
8686 2 2 5 26 4363 4411 4412
8687 2 2 5 26 4363 4412 4413
8688 2 2 5 26 4413 4364 4363
8689 2 2 5 26 4364 4413 4365
8690 2 2 5 26 4365 4413 4414
8691 2 2 5 26 4365 4414 4415
8692 2 2 5 26 4415 4366 4365
8693 2 2 5 26 4366 4415 4367
8694 2 2 5 26 4367 4415 4416
8695 2 2 5 26 4367 4416 4417
8696 2 2 5 26 4417 4368 4367
8697 2 2 5 26 4368 4417 4369
8698 2 2 5 26 4369 4417 4418
8699 2 2 5 26 4369 4418 319
8700 2 2 5 26 319 320 4369
8701 2 2 5 26 237 238 4419
8702 2 2 5 26 4419 4370 237
8703 2 2 5 26 4370 4419 4371
8704 2 2 5 26 4371 4419 4420
8705 2 2 5 26 4371 4420 4421
8706 2 2 5 26 4421 4372 4371
8707 2 2 5 26 4372 4421 4373
8708 2 2 5 26 4373 4421 4422
8709 2 2 5 26 4373 4422 4423
8710 2 2 5 26 4423 4374 4373
8711 2 2 5 26 4374 4423 4375
8712 2 2 5 26 4375 4423 4424
8713 2 2 5 26 4375 4424 4425
8714 2 2 5 26 4425 4376 4375
8715 2 2 5 26 4376 4425 4377
8716 2 2 5 26 4377 4425 4426
8717 2 2 5 26 4377 4426 4427
8718 2 2 5 26 4427 4378 4377
8719 2 2 5 26 4378 4427 4379
8720 2 2 5 26 4379 4427 4428
8721 2 2 5 26 4379 4428 4429
8722 2 2 5 26 4429 4380 4379
8723 2 2 5 26 4380 4429 4381
8724 2 2 5 26 4381 4429 4430
8725 2 2 5 26 4381 4430 4431
8726 2 2 5 26 4431 4382 4381
8727 2 2 5 26 4382 4431 4383
8728 2 2 5 26 4383 4431 4432
8729 2 2 5 26 4383 4432 4433
8730 2 2 5 26 4433 4384 4383
8731 2 2 5 26 4384 4433 4385
8732 2 2 5 26 4385 4433 4434
8733 2 2 5 26 4385 4434 4435
8734 2 2 5 26 4435 4386 4385
8735 2 2 5 26 4386 4435 4387
8736 2 2 5 26 4387 4435 4436
8737 2 2 5 26 4387 4436 4437
8738 2 2 5 26 4437 4388 4387
8739 2 2 5 26 4388 4437 4389
8740 2 2 5 26 4389 4437 4438
8741 2 2 5 26 4389 4438 4439
8742 2 2 5 26 4439 4390 4389
8743 2 2 5 26 4390 4439 4391
8744 2 2 5 26 4391 4439 4440
8745 2 2 5 26 4391 4440 4441
8746 2 2 5 26 4441 4392 4391
8747 2 2 5 26 4392 4441 4393
8748 2 2 5 26 4393 4441 4442
8749 2 2 5 26 4393 4442 4443
8750 2 2 5 26 4443 4394 4393
8751 2 2 5 26 4394 4443 4395
8752 2 2 5 26 4395 4443 4444
8753 2 2 5 26 4395 4444 4445
8754 2 2 5 26 4445 4396 4395
8755 2 2 5 26 4396 4445 4397
8756 2 2 5 26 4397 4445 4446
8757 2 2 5 26 4397 4446 4447
8758 2 2 5 26 4447 4398 4397
8759 2 2 5 26 4398 4447 4399
8760 2 2 5 26 4399 4447 4448
8761 2 2 5 26 4399 4448 4449
8762 2 2 5 26 4449 4400 4399
8763 2 2 5 26 4400 4449 4401
8764 2 2 5 26 4401 4449 4450
8765 2 2 5 26 4401 4450 4451
8766 2 2 5 26 4451 4402 4401
8767 2 2 5 26 4402 4451 4403
8768 2 2 5 26 4403 4451 4452
8769 2 2 5 26 4403 4452 4453
8770 2 2 5 26 4453 4404 4403
8771 2 2 5 26 4404 4453 4405
8772 2 2 5 26 4405 4453 4454
8773 2 2 5 26 4405 4454 4455
8774 2 2 5 26 4455 4406 4405
8775 2 2 5 26 4406 4455 4407
8776 2 2 5 26 4407 4455 4456
8777 2 2 5 26 4407 4456 4457
8778 2 2 5 26 4457 4408 4407
8779 2 2 5 26 4408 4457 4409
8780 2 2 5 26 4409 4457 4458
8781 2 2 5 26 4409 4458 4459
8782 2 2 5 26 4459 4410 4409
8783 2 2 5 26 4410 4459 4411
8784 2 2 5 26 4411 4459 4460
8785 2 2 5 26 4411 4460 4461
8786 2 2 5 26 4461 4412 4411
8787 2 2 5 26 4412 4461 4413
8788 2 2 5 26 4413 4461 4462
8789 2 2 5 26 4413 4462 4463
8790 2 2 5 26 4463 4414 4413
8791 2 2 5 26 4414 4463 4415
8792 2 2 5 26 4415 4463 4464
8793 2 2 5 26 4415 4464 4465
8794 2 2 5 26 4465 4416 4415
8795 2 2 5 26 4416 4465 4417
8796 2 2 5 26 4417 4465 4466
8797 2 2 5 26 4417 4466 4467
8798 2 2 5 26 4467 4418 4417
8799 2 2 5 26 4418 4467 319
8800 2 2 5 26 319 4467 318
8801 2 2 5 26 238 239 4419
8802 2 2 5 26 4419 239 4468
8803 2 2 5 26 4419 4468 4469
8804 2 2 5 26 4469 4420 4419
8805 2 2 5 26 4420 4469 4421
8806 2 2 5 26 4421 4469 4470
8807 2 2 5 26 4421 4470 4471
8808 2 2 5 26 4471 4422 4421
8809 2 2 5 26 4422 4471 4423
8810 2 2 5 26 4423 4471 4472
8811 2 2 5 26 4423 4472 4473
8812 2 2 5 26 4473 4424 4423
8813 2 2 5 26 4424 4473 4425
8814 2 2 5 26 4425 4473 4474
8815 2 2 5 26 4425 4474 4475
8816 2 2 5 26 4475 4426 4425
8817 2 2 5 26 4426 4475 4427
8818 2 2 5 26 4427 4475 4476
8819 2 2 5 26 4427 4476 4477
8820 2 2 5 26 4477 4428 4427
8821 2 2 5 26 4428 4477 4429
8822 2 2 5 26 4429 4477 4478
8823 2 2 5 26 4429 4478 4479
8824 2 2 5 26 4479 4430 4429
8825 2 2 5 26 4430 4479 4431
8826 2 2 5 26 4431 4479 4480
8827 2 2 5 26 4431 4480 4481
8828 2 2 5 26 4481 4432 4431
8829 2 2 5 26 4432 4481 4433
8830 2 2 5 26 4433 4481 4482
8831 2 2 5 26 4433 4482 4483
8832 2 2 5 26 4483 4434 4433
8833 2 2 5 26 4434 4483 4435
8834 2 2 5 26 4435 4483 4484
8835 2 2 5 26 4435 4484 4485
8836 2 2 5 26 4485 4436 4435
8837 2 2 5 26 4436 4485 4437
8838 2 2 5 26 4437 4485 4486
8839 2 2 5 26 4437 4486 4487
8840 2 2 5 26 4487 4438 4437
8841 2 2 5 26 4438 4487 4439
8842 2 2 5 26 4439 4487 4488
8843 2 2 5 26 4439 4488 4489
8844 2 2 5 26 4489 4440 4439
8845 2 2 5 26 4440 4489 4441
8846 2 2 5 26 4441 4489 4490
8847 2 2 5 26 4441 4490 4491
8848 2 2 5 26 4491 4442 4441
8849 2 2 5 26 4442 4491 4443
8850 2 2 5 26 4443 4491 4492
8851 2 2 5 26 4443 4492 4493
8852 2 2 5 26 4493 4444 4443
8853 2 2 5 26 4444 4493 4445
8854 2 2 5 26 4445 4493 4494
8855 2 2 5 26 4445 4494 4495
8856 2 2 5 26 4495 4446 4445
8857 2 2 5 26 4446 4495 4447
8858 2 2 5 26 4447 4495 4496
8859 2 2 5 26 4447 4496 4497
8860 2 2 5 26 4497 4448 4447
8861 2 2 5 26 4448 4497 4449
8862 2 2 5 26 4449 4497 4498
8863 2 2 5 26 4449 4498 4499
8864 2 2 5 26 4499 4450 4449
8865 2 2 5 26 4450 4499 4451
8866 2 2 5 26 4451 4499 4500
8867 2 2 5 26 4451 4500 4501
8868 2 2 5 26 4501 4452 4451
8869 2 2 5 26 4452 4501 4453
8870 2 2 5 26 4453 4501 4502
8871 2 2 5 26 4453 4502 4503
8872 2 2 5 26 4503 4454 4453
8873 2 2 5 26 4454 4503 4455
8874 2 2 5 26 4455 4503 4504
8875 2 2 5 26 4455 4504 4505
8876 2 2 5 26 4505 4456 4455
8877 2 2 5 26 4456 4505 4457
8878 2 2 5 26 4457 4505 4506
8879 2 2 5 26 4457 4506 4507
8880 2 2 5 26 4507 4458 4457
8881 2 2 5 26 4458 4507 4459
8882 2 2 5 26 4459 4507 4508
8883 2 2 5 26 4459 4508 4509
8884 2 2 5 26 4509 4460 4459
8885 2 2 5 26 4460 4509 4461
8886 2 2 5 26 4461 4509 4510
8887 2 2 5 26 4461 4510 4511
8888 2 2 5 26 4511 4462 4461
8889 2 2 5 26 4462 4511 4463
8890 2 2 5 26 4463 4511 4512
8891 2 2 5 26 4463 4512 4513
8892 2 2 5 26 4513 4464 4463
8893 2 2 5 26 4464 4513 4465
8894 2 2 5 26 4465 4513 4514
8895 2 2 5 26 4465 4514 4515
8896 2 2 5 26 4515 4466 4465
8897 2 2 5 26 4466 4515 4467
8898 2 2 5 26 4467 4515 4516
8899 2 2 5 26 4467 4516 317
8900 2 2 5 26 317 318 4467
8901 2 2 5 26 239 240 4517
8902 2 2 5 26 4517 4468 239
8903 2 2 5 26 4468 4517 4469
8904 2 2 5 26 4469 4517 4518
8905 2 2 5 26 4469 4518 4519
8906 2 2 5 26 4519 4470 4469
8907 2 2 5 26 4470 4519 4471
8908 2 2 5 26 4471 4519 4520
8909 2 2 5 26 4471 4520 4521
8910 2 2 5 26 4521 4472 4471
8911 2 2 5 26 4472 4521 4473
8912 2 2 5 26 4473 4521 4522
8913 2 2 5 26 4473 4522 4523
8914 2 2 5 26 4523 4474 4473
8915 2 2 5 26 4474 4523 4475
8916 2 2 5 26 4475 4523 4524
8917 2 2 5 26 4475 4524 4525
8918 2 2 5 26 4525 4476 4475
8919 2 2 5 26 4476 4525 4477
8920 2 2 5 26 4477 4525 4526
8921 2 2 5 26 4477 4526 4527
8922 2 2 5 26 4527 4478 4477
8923 2 2 5 26 4478 4527 4479
8924 2 2 5 26 4479 4527 4528
8925 2 2 5 26 4479 4528 4529
8926 2 2 5 26 4529 4480 4479
8927 2 2 5 26 4480 4529 4481
8928 2 2 5 26 4481 4529 4530
8929 2 2 5 26 4481 4530 4531
8930 2 2 5 26 4531 4482 4481
8931 2 2 5 26 4482 4531 4483
8932 2 2 5 26 4483 4531 4532
8933 2 2 5 26 4483 4532 4533
8934 2 2 5 26 4533 4484 4483
8935 2 2 5 26 4484 4533 4485
8936 2 2 5 26 4485 4533 4534
8937 2 2 5 26 4485 4534 4535
8938 2 2 5 26 4535 4486 4485
8939 2 2 5 26 4486 4535 4487
8940 2 2 5 26 4487 4535 4536
8941 2 2 5 26 4487 4536 4537
8942 2 2 5 26 4537 4488 4487
8943 2 2 5 26 4488 4537 4489
8944 2 2 5 26 4489 4537 4538
8945 2 2 5 26 4489 4538 4539
8946 2 2 5 26 4539 4490 4489
8947 2 2 5 26 4490 4539 4491
8948 2 2 5 26 4491 4539 4540
8949 2 2 5 26 4491 4540 4541
8950 2 2 5 26 4541 4492 4491
8951 2 2 5 26 4492 4541 4493
8952 2 2 5 26 4493 4541 4542
8953 2 2 5 26 4493 4542 4543
8954 2 2 5 26 4543 4494 4493
8955 2 2 5 26 4494 4543 4495
8956 2 2 5 26 4495 4543 4544
8957 2 2 5 26 4495 4544 4545
8958 2 2 5 26 4545 4496 4495
8959 2 2 5 26 4496 4545 4497
8960 2 2 5 26 4497 4545 4546
8961 2 2 5 26 4497 4546 4547
8962 2 2 5 26 4547 4498 4497
8963 2 2 5 26 4498 4547 4499
8964 2 2 5 26 4499 4547 4548
8965 2 2 5 26 4499 4548 4549
8966 2 2 5 26 4549 4500 4499
8967 2 2 5 26 4500 4549 4501
8968 2 2 5 26 4501 4549 4550
8969 2 2 5 26 4501 4550 4551
8970 2 2 5 26 4551 4502 4501
8971 2 2 5 26 4502 4551 4503
8972 2 2 5 26 4503 4551 4552
8973 2 2 5 26 4503 4552 4553
8974 2 2 5 26 4553 4504 4503
8975 2 2 5 26 4504 4553 4505
8976 2 2 5 26 4505 4553 4554
8977 2 2 5 26 4505 4554 4555
8978 2 2 5 26 4555 4506 4505
8979 2 2 5 26 4506 4555 4507
8980 2 2 5 26 4507 4555 4556
8981 2 2 5 26 4507 4556 4557
8982 2 2 5 26 4557 4508 4507
8983 2 2 5 26 4508 4557 4509
8984 2 2 5 26 4509 4557 4558
8985 2 2 5 26 4509 4558 4559
8986 2 2 5 26 4559 4510 4509
8987 2 2 5 26 4510 4559 4511
8988 2 2 5 26 4511 4559 4560
8989 2 2 5 26 4511 4560 4561
8990 2 2 5 26 4561 4512 4511
8991 2 2 5 26 4512 4561 4513
8992 2 2 5 26 4513 4561 4562
8993 2 2 5 26 4513 4562 4563
8994 2 2 5 26 4563 4514 4513
8995 2 2 5 26 4514 4563 4515
8996 2 2 5 26 4515 4563 4564
8997 2 2 5 26 4515 4564 4565
8998 2 2 5 26 4565 4516 4515
8999 2 2 5 26 4516 4565 317
9000 2 2 5 26 317 4565 316
9001 2 2 5 26 240 241 4517
9002 2 2 5 26 4517 241 4566
9003 2 2 5 26 4517 4566 4567
9004 2 2 5 26 4567 4518 4517
9005 2 2 5 26 4518 4567 4519
9006 2 2 5 26 4519 4567 4568
9007 2 2 5 26 4519 4568 4569
9008 2 2 5 26 4569 4520 4519
9009 2 2 5 26 4520 4569 4521
9010 2 2 5 26 4521 4569 4570
9011 2 2 5 26 4521 4570 4571
9012 2 2 5 26 4571 4522 4521
9013 2 2 5 26 4522 4571 4523
9014 2 2 5 26 4523 4571 4572
9015 2 2 5 26 4523 4572 4573
9016 2 2 5 26 4573 4524 4523
9017 2 2 5 26 4524 4573 4525
9018 2 2 5 26 4525 4573 4574
9019 2 2 5 26 4525 4574 4575
9020 2 2 5 26 4575 4526 4525
9021 2 2 5 26 4526 4575 4527
9022 2 2 5 26 4527 4575 4576
9023 2 2 5 26 4527 4576 4577
9024 2 2 5 26 4577 4528 4527
9025 2 2 5 26 4528 4577 4529
9026 2 2 5 26 4529 4577 4578
9027 2 2 5 26 4529 4578 4579
9028 2 2 5 26 4579 4530 4529
9029 2 2 5 26 4530 4579 4531
9030 2 2 5 26 4531 4579 4580
9031 2 2 5 26 4531 4580 4581
9032 2 2 5 26 4581 4532 4531
9033 2 2 5 26 4532 4581 4533
9034 2 2 5 26 4533 4581 4582
9035 2 2 5 26 4533 4582 4583
9036 2 2 5 26 4583 4534 4533
9037 2 2 5 26 4534 4583 4535
9038 2 2 5 26 4535 4583 4584
9039 2 2 5 26 4535 4584 4585
9040 2 2 5 26 4585 4536 4535
9041 2 2 5 26 4536 4585 4537
9042 2 2 5 26 4537 4585 4586
9043 2 2 5 26 4537 4586 4587
9044 2 2 5 26 4587 4538 4537
9045 2 2 5 26 4538 4587 4539
9046 2 2 5 26 4539 4587 4588
9047 2 2 5 26 4539 4588 4589
9048 2 2 5 26 4589 4540 4539
9049 2 2 5 26 4540 4589 4541
9050 2 2 5 26 4541 4589 4590
9051 2 2 5 26 4541 4590 4591
9052 2 2 5 26 4591 4542 4541
9053 2 2 5 26 4542 4591 4543
9054 2 2 5 26 4543 4591 4592
9055 2 2 5 26 4543 4592 4593
9056 2 2 5 26 4593 4544 4543
9057 2 2 5 26 4544 4593 4545
9058 2 2 5 26 4545 4593 4594
9059 2 2 5 26 4545 4594 4595
9060 2 2 5 26 4595 4546 4545
9061 2 2 5 26 4546 4595 4547
9062 2 2 5 26 4547 4595 4596
9063 2 2 5 26 4547 4596 4597
9064 2 2 5 26 4597 4548 4547
9065 2 2 5 26 4548 4597 4549
9066 2 2 5 26 4549 4597 4598
9067 2 2 5 26 4549 4598 4599
9068 2 2 5 26 4599 4550 4549
9069 2 2 5 26 4550 4599 4551
9070 2 2 5 26 4551 4599 4600
9071 2 2 5 26 4551 4600 4601
9072 2 2 5 26 4601 4552 4551
9073 2 2 5 26 4552 4601 4553
9074 2 2 5 26 4553 4601 4602
9075 2 2 5 26 4553 4602 4603
9076 2 2 5 26 4603 4554 4553
9077 2 2 5 26 4554 4603 4555
9078 2 2 5 26 4555 4603 4604
9079 2 2 5 26 4555 4604 4605
9080 2 2 5 26 4605 4556 4555
9081 2 2 5 26 4556 4605 4557
9082 2 2 5 26 4557 4605 4606
9083 2 2 5 26 4557 4606 4607
9084 2 2 5 26 4607 4558 4557
9085 2 2 5 26 4558 4607 4559
9086 2 2 5 26 4559 4607 4608
9087 2 2 5 26 4559 4608 4609
9088 2 2 5 26 4609 4560 4559
9089 2 2 5 26 4560 4609 4561
9090 2 2 5 26 4561 4609 4610
9091 2 2 5 26 4561 4610 4611
9092 2 2 5 26 4611 4562 4561
9093 2 2 5 26 4562 4611 4563
9094 2 2 5 26 4563 4611 4612
9095 2 2 5 26 4563 4612 4613
9096 2 2 5 26 4613 4564 4563
9097 2 2 5 26 4564 4613 4565
9098 2 2 5 26 4565 4613 4614
9099 2 2 5 26 4565 4614 315
9100 2 2 5 26 315 316 4565
9101 2 2 5 26 241 242 4615
9102 2 2 5 26 4615 4566 241
9103 2 2 5 26 4566 4615 4567
9104 2 2 5 26 4567 4615 4616
9105 2 2 5 26 4567 4616 4617
9106 2 2 5 26 4617 4568 4567
9107 2 2 5 26 4568 4617 4569
9108 2 2 5 26 4569 4617 4618
9109 2 2 5 26 4569 4618 4619
9110 2 2 5 26 4619 4570 4569
9111 2 2 5 26 4570 4619 4571
9112 2 2 5 26 4571 4619 4620
9113 2 2 5 26 4571 4620 4621
9114 2 2 5 26 4621 4572 4571
9115 2 2 5 26 4572 4621 4573
9116 2 2 5 26 4573 4621 4622
9117 2 2 5 26 4573 4622 4623
9118 2 2 5 26 4623 4574 4573
9119 2 2 5 26 4574 4623 4575
9120 2 2 5 26 4575 4623 4624
9121 2 2 5 26 4575 4624 4625
9122 2 2 5 26 4625 4576 4575
9123 2 2 5 26 4576 4625 4577
9124 2 2 5 26 4577 4625 4626
9125 2 2 5 26 4577 4626 4627
9126 2 2 5 26 4627 4578 4577
9127 2 2 5 26 4578 4627 4579
9128 2 2 5 26 4579 4627 4628
9129 2 2 5 26 4579 4628 4629
9130 2 2 5 26 4629 4580 4579
9131 2 2 5 26 4580 4629 4581
9132 2 2 5 26 4581 4629 4630
9133 2 2 5 26 4581 4630 4631
9134 2 2 5 26 4631 4582 4581
9135 2 2 5 26 4582 4631 4583
9136 2 2 5 26 4583 4631 4632
9137 2 2 5 26 4583 4632 4633
9138 2 2 5 26 4633 4584 4583
9139 2 2 5 26 4584 4633 4585
9140 2 2 5 26 4585 4633 4634
9141 2 2 5 26 4585 4634 4635
9142 2 2 5 26 4635 4586 4585
9143 2 2 5 26 4586 4635 4587
9144 2 2 5 26 4587 4635 4636
9145 2 2 5 26 4587 4636 4637
9146 2 2 5 26 4637 4588 4587
9147 2 2 5 26 4588 4637 4589
9148 2 2 5 26 4589 4637 4638
9149 2 2 5 26 4589 4638 4639
9150 2 2 5 26 4639 4590 4589
9151 2 2 5 26 4590 4639 4591
9152 2 2 5 26 4591 4639 4640
9153 2 2 5 26 4591 4640 4641
9154 2 2 5 26 4641 4592 4591
9155 2 2 5 26 4592 4641 4593
9156 2 2 5 26 4593 4641 4642
9157 2 2 5 26 4593 4642 4643
9158 2 2 5 26 4643 4594 4593
9159 2 2 5 26 4594 4643 4595
9160 2 2 5 26 4595 4643 4644
9161 2 2 5 26 4595 4644 4645
9162 2 2 5 26 4645 4596 4595
9163 2 2 5 26 4596 4645 4597
9164 2 2 5 26 4597 4645 4646
9165 2 2 5 26 4597 4646 4647
9166 2 2 5 26 4647 4598 4597
9167 2 2 5 26 4598 4647 4599
9168 2 2 5 26 4599 4647 4648
9169 2 2 5 26 4599 4648 4649
9170 2 2 5 26 4649 4600 4599
9171 2 2 5 26 4600 4649 4601
9172 2 2 5 26 4601 4649 4650
9173 2 2 5 26 4601 4650 4651
9174 2 2 5 26 4651 4602 4601
9175 2 2 5 26 4602 4651 4603
9176 2 2 5 26 4603 4651 4652
9177 2 2 5 26 4603 4652 4653
9178 2 2 5 26 4653 4604 4603
9179 2 2 5 26 4604 4653 4605
9180 2 2 5 26 4605 4653 4654
9181 2 2 5 26 4605 4654 4655
9182 2 2 5 26 4655 4606 4605
9183 2 2 5 26 4606 4655 4607
9184 2 2 5 26 4607 4655 4656
9185 2 2 5 26 4607 4656 4657
9186 2 2 5 26 4657 4608 4607
9187 2 2 5 26 4608 4657 4609
9188 2 2 5 26 4609 4657 4658
9189 2 2 5 26 4609 4658 4659
9190 2 2 5 26 4659 4610 4609
9191 2 2 5 26 4610 4659 4611
9192 2 2 5 26 4611 4659 4660
9193 2 2 5 26 4611 4660 4661
9194 2 2 5 26 4661 4612 4611
9195 2 2 5 26 4612 4661 4613
9196 2 2 5 26 4613 4661 4662
9197 2 2 5 26 4613 4662 4663
9198 2 2 5 26 4663 4614 4613
9199 2 2 5 26 4614 4663 315
9200 2 2 5 26 315 4663 314
9201 2 2 5 26 242 243 4615
9202 2 2 5 26 4615 243 4664
9203 2 2 5 26 4615 4664 4665
9204 2 2 5 26 4665 4616 4615
9205 2 2 5 26 4616 4665 4617
9206 2 2 5 26 4617 4665 4666
9207 2 2 5 26 4617 4666 4667
9208 2 2 5 26 4667 4618 4617
9209 2 2 5 26 4618 4667 4619
9210 2 2 5 26 4619 4667 4668
9211 2 2 5 26 4619 4668 4669
9212 2 2 5 26 4669 4620 4619
9213 2 2 5 26 4620 4669 4621
9214 2 2 5 26 4621 4669 4670
9215 2 2 5 26 4621 4670 4671
9216 2 2 5 26 4671 4622 4621
9217 2 2 5 26 4622 4671 4623
9218 2 2 5 26 4623 4671 4672
9219 2 2 5 26 4623 4672 4673
9220 2 2 5 26 4673 4624 4623
9221 2 2 5 26 4624 4673 4625
9222 2 2 5 26 4625 4673 4674
9223 2 2 5 26 4625 4674 4675
9224 2 2 5 26 4675 4626 4625
9225 2 2 5 26 4626 4675 4627
9226 2 2 5 26 4627 4675 4676
9227 2 2 5 26 4627 4676 4677
9228 2 2 5 26 4677 4628 4627
9229 2 2 5 26 4628 4677 4629
9230 2 2 5 26 4629 4677 4678
9231 2 2 5 26 4629 4678 4679
9232 2 2 5 26 4679 4630 4629
9233 2 2 5 26 4630 4679 4631
9234 2 2 5 26 4631 4679 4680
9235 2 2 5 26 4631 4680 4681
9236 2 2 5 26 4681 4632 4631
9237 2 2 5 26 4632 4681 4633
9238 2 2 5 26 4633 4681 4682
9239 2 2 5 26 4633 4682 4683
9240 2 2 5 26 4683 4634 4633
9241 2 2 5 26 4634 4683 4635
9242 2 2 5 26 4635 4683 4684
9243 2 2 5 26 4635 4684 4685
9244 2 2 5 26 4685 4636 4635
9245 2 2 5 26 4636 4685 4637
9246 2 2 5 26 4637 4685 4686
9247 2 2 5 26 4637 4686 4687
9248 2 2 5 26 4687 4638 4637
9249 2 2 5 26 4638 4687 4639
9250 2 2 5 26 4639 4687 4688
9251 2 2 5 26 4639 4688 4689
9252 2 2 5 26 4689 4640 4639
9253 2 2 5 26 4640 4689 4641
9254 2 2 5 26 4641 4689 4690
9255 2 2 5 26 4641 4690 4691
9256 2 2 5 26 4691 4642 4641
9257 2 2 5 26 4642 4691 4643
9258 2 2 5 26 4643 4691 4692
9259 2 2 5 26 4643 4692 4693
9260 2 2 5 26 4693 4644 4643
9261 2 2 5 26 4644 4693 4645
9262 2 2 5 26 4645 4693 4694
9263 2 2 5 26 4645 4694 4695
9264 2 2 5 26 4695 4646 4645
9265 2 2 5 26 4646 4695 4647
9266 2 2 5 26 4647 4695 4696
9267 2 2 5 26 4647 4696 4697
9268 2 2 5 26 4697 4648 4647
9269 2 2 5 26 4648 4697 4649
9270 2 2 5 26 4649 4697 4698
9271 2 2 5 26 4649 4698 4699
9272 2 2 5 26 4699 4650 4649
9273 2 2 5 26 4650 4699 4651
9274 2 2 5 26 4651 4699 4700
9275 2 2 5 26 4651 4700 4701
9276 2 2 5 26 4701 4652 4651
9277 2 2 5 26 4652 4701 4653
9278 2 2 5 26 4653 4701 4702
9279 2 2 5 26 4653 4702 4703
9280 2 2 5 26 4703 4654 4653
9281 2 2 5 26 4654 4703 4655
9282 2 2 5 26 4655 4703 4704
9283 2 2 5 26 4655 4704 4705
9284 2 2 5 26 4705 4656 4655
9285 2 2 5 26 4656 4705 4657
9286 2 2 5 26 4657 4705 4706
9287 2 2 5 26 4657 4706 4707
9288 2 2 5 26 4707 4658 4657
9289 2 2 5 26 4658 4707 4659
9290 2 2 5 26 4659 4707 4708
9291 2 2 5 26 4659 4708 4709
9292 2 2 5 26 4709 4660 4659
9293 2 2 5 26 4660 4709 4661
9294 2 2 5 26 4661 4709 4710
9295 2 2 5 26 4661 4710 4711
9296 2 2 5 26 4711 4662 4661
9297 2 2 5 26 4662 4711 4663
9298 2 2 5 26 4663 4711 4712
9299 2 2 5 26 4663 4712 313
9300 2 2 5 26 313 314 4663
9301 2 2 5 26 243 244 4713
9302 2 2 5 26 4713 4664 243
9303 2 2 5 26 4664 4713 4665
9304 2 2 5 26 4665 4713 4714
9305 2 2 5 26 4665 4714 4715
9306 2 2 5 26 4715 4666 4665
9307 2 2 5 26 4666 4715 4667
9308 2 2 5 26 4667 4715 4716
9309 2 2 5 26 4667 4716 4717
9310 2 2 5 26 4717 4668 4667
9311 2 2 5 26 4668 4717 4669
9312 2 2 5 26 4669 4717 4718
9313 2 2 5 26 4669 4718 4719
9314 2 2 5 26 4719 4670 4669
9315 2 2 5 26 4670 4719 4671
9316 2 2 5 26 4671 4719 4720
9317 2 2 5 26 4671 4720 4721
9318 2 2 5 26 4721 4672 4671
9319 2 2 5 26 4672 4721 4673
9320 2 2 5 26 4673 4721 4722
9321 2 2 5 26 4673 4722 4723
9322 2 2 5 26 4723 4674 4673
9323 2 2 5 26 4674 4723 4675
9324 2 2 5 26 4675 4723 4724
9325 2 2 5 26 4675 4724 4725
9326 2 2 5 26 4725 4676 4675
9327 2 2 5 26 4676 4725 4677
9328 2 2 5 26 4677 4725 4726
9329 2 2 5 26 4677 4726 4727
9330 2 2 5 26 4727 4678 4677
9331 2 2 5 26 4678 4727 4679
9332 2 2 5 26 4679 4727 4728
9333 2 2 5 26 4679 4728 4729
9334 2 2 5 26 4729 4680 4679
9335 2 2 5 26 4680 4729 4681
9336 2 2 5 26 4681 4729 4730
9337 2 2 5 26 4681 4730 4731
9338 2 2 5 26 4731 4682 4681
9339 2 2 5 26 4682 4731 4683
9340 2 2 5 26 4683 4731 4732
9341 2 2 5 26 4683 4732 4733
9342 2 2 5 26 4733 4684 4683
9343 2 2 5 26 4684 4733 4685
9344 2 2 5 26 4685 4733 4734
9345 2 2 5 26 4685 4734 4735
9346 2 2 5 26 4735 4686 4685
9347 2 2 5 26 4686 4735 4687
9348 2 2 5 26 4687 4735 4736
9349 2 2 5 26 4687 4736 4737
9350 2 2 5 26 4737 4688 4687
9351 2 2 5 26 4688 4737 4689
9352 2 2 5 26 4689 4737 4738
9353 2 2 5 26 4689 4738 4739
9354 2 2 5 26 4739 4690 4689
9355 2 2 5 26 4690 4739 4691
9356 2 2 5 26 4691 4739 4740
9357 2 2 5 26 4691 4740 4741
9358 2 2 5 26 4741 4692 4691
9359 2 2 5 26 4692 4741 4693
9360 2 2 5 26 4693 4741 4742
9361 2 2 5 26 4693 4742 4743
9362 2 2 5 26 4743 4694 4693
9363 2 2 5 26 4694 4743 4695
9364 2 2 5 26 4695 4743 4744
9365 2 2 5 26 4695 4744 4745
9366 2 2 5 26 4745 4696 4695
9367 2 2 5 26 4696 4745 4697
9368 2 2 5 26 4697 4745 4746
9369 2 2 5 26 4697 4746 4747
9370 2 2 5 26 4747 4698 4697
9371 2 2 5 26 4698 4747 4699
9372 2 2 5 26 4699 4747 4748
9373 2 2 5 26 4699 4748 4749
9374 2 2 5 26 4749 4700 4699
9375 2 2 5 26 4700 4749 4701
9376 2 2 5 26 4701 4749 4750
9377 2 2 5 26 4701 4750 4751
9378 2 2 5 26 4751 4702 4701
9379 2 2 5 26 4702 4751 4703
9380 2 2 5 26 4703 4751 4752
9381 2 2 5 26 4703 4752 4753
9382 2 2 5 26 4753 4704 4703
9383 2 2 5 26 4704 4753 4705
9384 2 2 5 26 4705 4753 4754
9385 2 2 5 26 4705 4754 4755
9386 2 2 5 26 4755 4706 4705
9387 2 2 5 26 4706 4755 4707
9388 2 2 5 26 4707 4755 4756
9389 2 2 5 26 4707 4756 4757
9390 2 2 5 26 4757 4708 4707
9391 2 2 5 26 4708 4757 4709
9392 2 2 5 26 4709 4757 4758
9393 2 2 5 26 4709 4758 4759
9394 2 2 5 26 4759 4710 4709
9395 2 2 5 26 4710 4759 4711
9396 2 2 5 26 4711 4759 4760
9397 2 2 5 26 4711 4760 4761
9398 2 2 5 26 4761 4712 4711
9399 2 2 5 26 4712 4761 313
9400 2 2 5 26 313 4761 312
9401 2 2 5 26 244 245 4713
9402 2 2 5 26 4713 245 4762
9403 2 2 5 26 4713 4762 4763
9404 2 2 5 26 4763 4714 4713
9405 2 2 5 26 4714 4763 4715
9406 2 2 5 26 4715 4763 4764
9407 2 2 5 26 4715 4764 4765
9408 2 2 5 26 4765 4716 4715
9409 2 2 5 26 4716 4765 4717
9410 2 2 5 26 4717 4765 4766
9411 2 2 5 26 4717 4766 4767
9412 2 2 5 26 4767 4718 4717
9413 2 2 5 26 4718 4767 4719
9414 2 2 5 26 4719 4767 4768
9415 2 2 5 26 4719 4768 4769
9416 2 2 5 26 4769 4720 4719
9417 2 2 5 26 4720 4769 4721
9418 2 2 5 26 4721 4769 4770
9419 2 2 5 26 4721 4770 4771
9420 2 2 5 26 4771 4722 4721
9421 2 2 5 26 4722 4771 4723
9422 2 2 5 26 4723 4771 4772
9423 2 2 5 26 4723 4772 4773
9424 2 2 5 26 4773 4724 4723
9425 2 2 5 26 4724 4773 4725
9426 2 2 5 26 4725 4773 4774
9427 2 2 5 26 4725 4774 4775
9428 2 2 5 26 4775 4726 4725
9429 2 2 5 26 4726 4775 4727
9430 2 2 5 26 4727 4775 4776
9431 2 2 5 26 4727 4776 4777
9432 2 2 5 26 4777 4728 4727
9433 2 2 5 26 4728 4777 4729
9434 2 2 5 26 4729 4777 4778
9435 2 2 5 26 4729 4778 4779
9436 2 2 5 26 4779 4730 4729
9437 2 2 5 26 4730 4779 4731
9438 2 2 5 26 4731 4779 4780
9439 2 2 5 26 4731 4780 4781
9440 2 2 5 26 4781 4732 4731
9441 2 2 5 26 4732 4781 4733
9442 2 2 5 26 4733 4781 4782
9443 2 2 5 26 4733 4782 4783
9444 2 2 5 26 4783 4734 4733
9445 2 2 5 26 4734 4783 4735
9446 2 2 5 26 4735 4783 4784
9447 2 2 5 26 4735 4784 4785
9448 2 2 5 26 4785 4736 4735
9449 2 2 5 26 4736 4785 4737
9450 2 2 5 26 4737 4785 4786
9451 2 2 5 26 4737 4786 4787
9452 2 2 5 26 4787 4738 4737
9453 2 2 5 26 4738 4787 4739
9454 2 2 5 26 4739 4787 4788
9455 2 2 5 26 4739 4788 4789
9456 2 2 5 26 4789 4740 4739
9457 2 2 5 26 4740 4789 4741
9458 2 2 5 26 4741 4789 4790
9459 2 2 5 26 4741 4790 4791
9460 2 2 5 26 4791 4742 4741
9461 2 2 5 26 4742 4791 4743
9462 2 2 5 26 4743 4791 4792
9463 2 2 5 26 4743 4792 4793
9464 2 2 5 26 4793 4744 4743
9465 2 2 5 26 4744 4793 4745
9466 2 2 5 26 4745 4793 4794
9467 2 2 5 26 4745 4794 4795
9468 2 2 5 26 4795 4746 4745
9469 2 2 5 26 4746 4795 4747
9470 2 2 5 26 4747 4795 4796
9471 2 2 5 26 4747 4796 4797
9472 2 2 5 26 4797 4748 4747
9473 2 2 5 26 4748 4797 4749
9474 2 2 5 26 4749 4797 4798
9475 2 2 5 26 4749 4798 4799
9476 2 2 5 26 4799 4750 4749
9477 2 2 5 26 4750 4799 4751
9478 2 2 5 26 4751 4799 4800
9479 2 2 5 26 4751 4800 4801
9480 2 2 5 26 4801 4752 4751
9481 2 2 5 26 4752 4801 4753
9482 2 2 5 26 4753 4801 4802
9483 2 2 5 26 4753 4802 4803
9484 2 2 5 26 4803 4754 4753
9485 2 2 5 26 4754 4803 4755
9486 2 2 5 26 4755 4803 4804
9487 2 2 5 26 4755 4804 4805
9488 2 2 5 26 4805 4756 4755
9489 2 2 5 26 4756 4805 4757
9490 2 2 5 26 4757 4805 4806
9491 2 2 5 26 4757 4806 4807
9492 2 2 5 26 4807 4758 4757
9493 2 2 5 26 4758 4807 4759
9494 2 2 5 26 4759 4807 4808
9495 2 2 5 26 4759 4808 4809
9496 2 2 5 26 4809 4760 4759
9497 2 2 5 26 4760 4809 4761
9498 2 2 5 26 4761 4809 4810
9499 2 2 5 26 4761 4810 311
9500 2 2 5 26 311 312 4761
9501 2 2 5 26 245 246 4811
9502 2 2 5 26 4811 4762 245
9503 2 2 5 26 4762 4811 4763
9504 2 2 5 26 4763 4811 4812
9505 2 2 5 26 4763 4812 4813
9506 2 2 5 26 4813 4764 4763
9507 2 2 5 26 4764 4813 4765
9508 2 2 5 26 4765 4813 4814
9509 2 2 5 26 4765 4814 4815
9510 2 2 5 26 4815 4766 4765
9511 2 2 5 26 4766 4815 4767
9512 2 2 5 26 4767 4815 4816
9513 2 2 5 26 4767 4816 4817
9514 2 2 5 26 4817 4768 4767
9515 2 2 5 26 4768 4817 4769
9516 2 2 5 26 4769 4817 4818
9517 2 2 5 26 4769 4818 4819
9518 2 2 5 26 4819 4770 4769
9519 2 2 5 26 4770 4819 4771
9520 2 2 5 26 4771 4819 4820
9521 2 2 5 26 4771 4820 4821
9522 2 2 5 26 4821 4772 4771
9523 2 2 5 26 4772 4821 4773
9524 2 2 5 26 4773 4821 4822
9525 2 2 5 26 4773 4822 4823
9526 2 2 5 26 4823 4774 4773
9527 2 2 5 26 4774 4823 4775
9528 2 2 5 26 4775 4823 4824
9529 2 2 5 26 4775 4824 4825
9530 2 2 5 26 4825 4776 4775
9531 2 2 5 26 4776 4825 4777
9532 2 2 5 26 4777 4825 4826
9533 2 2 5 26 4777 4826 4827
9534 2 2 5 26 4827 4778 4777
9535 2 2 5 26 4778 4827 4779
9536 2 2 5 26 4779 4827 4828
9537 2 2 5 26 4779 4828 4829
9538 2 2 5 26 4829 4780 4779
9539 2 2 5 26 4780 4829 4781
9540 2 2 5 26 4781 4829 4830
9541 2 2 5 26 4781 4830 4831
9542 2 2 5 26 4831 4782 4781
9543 2 2 5 26 4782 4831 4783
9544 2 2 5 26 4783 4831 4832
9545 2 2 5 26 4783 4832 4833
9546 2 2 5 26 4833 4784 4783
9547 2 2 5 26 4784 4833 4785
9548 2 2 5 26 4785 4833 4834
9549 2 2 5 26 4785 4834 4835
9550 2 2 5 26 4835 4786 4785
9551 2 2 5 26 4786 4835 4787
9552 2 2 5 26 4787 4835 4836
9553 2 2 5 26 4787 4836 4837
9554 2 2 5 26 4837 4788 4787
9555 2 2 5 26 4788 4837 4789
9556 2 2 5 26 4789 4837 4838
9557 2 2 5 26 4789 4838 4839
9558 2 2 5 26 4839 4790 4789
9559 2 2 5 26 4790 4839 4791
9560 2 2 5 26 4791 4839 4840
9561 2 2 5 26 4791 4840 4841
9562 2 2 5 26 4841 4792 4791
9563 2 2 5 26 4792 4841 4793
9564 2 2 5 26 4793 4841 4842
9565 2 2 5 26 4793 4842 4843
9566 2 2 5 26 4843 4794 4793
9567 2 2 5 26 4794 4843 4795
9568 2 2 5 26 4795 4843 4844
9569 2 2 5 26 4795 4844 4845
9570 2 2 5 26 4845 4796 4795
9571 2 2 5 26 4796 4845 4797
9572 2 2 5 26 4797 4845 4846
9573 2 2 5 26 4797 4846 4847
9574 2 2 5 26 4847 4798 4797
9575 2 2 5 26 4798 4847 4799
9576 2 2 5 26 4799 4847 4848
9577 2 2 5 26 4799 4848 4849
9578 2 2 5 26 4849 4800 4799
9579 2 2 5 26 4800 4849 4801
9580 2 2 5 26 4801 4849 4850
9581 2 2 5 26 4801 4850 4851
9582 2 2 5 26 4851 4802 4801
9583 2 2 5 26 4802 4851 4803
9584 2 2 5 26 4803 4851 4852
9585 2 2 5 26 4803 4852 4853
9586 2 2 5 26 4853 4804 4803
9587 2 2 5 26 4804 4853 4805
9588 2 2 5 26 4805 4853 4854
9589 2 2 5 26 4805 4854 4855
9590 2 2 5 26 4855 4806 4805
9591 2 2 5 26 4806 4855 4807
9592 2 2 5 26 4807 4855 4856
9593 2 2 5 26 4807 4856 4857
9594 2 2 5 26 4857 4808 4807
9595 2 2 5 26 4808 4857 4809
9596 2 2 5 26 4809 4857 4858
9597 2 2 5 26 4809 4858 4859
9598 2 2 5 26 4859 4810 4809
9599 2 2 5 26 4810 4859 311
9600 2 2 5 26 311 4859 310
9601 2 2 5 26 246 247 4811
9602 2 2 5 26 4811 247 4860
9603 2 2 5 26 4811 4860 4861
9604 2 2 5 26 4861 4812 4811
9605 2 2 5 26 4812 4861 4813
9606 2 2 5 26 4813 4861 4862
9607 2 2 5 26 4813 4862 4863
9608 2 2 5 26 4863 4814 4813
9609 2 2 5 26 4814 4863 4815
9610 2 2 5 26 4815 4863 4864
9611 2 2 5 26 4815 4864 4865
9612 2 2 5 26 4865 4816 4815
9613 2 2 5 26 4816 4865 4817
9614 2 2 5 26 4817 4865 4866
9615 2 2 5 26 4817 4866 4867
9616 2 2 5 26 4867 4818 4817
9617 2 2 5 26 4818 4867 4819
9618 2 2 5 26 4819 4867 4868
9619 2 2 5 26 4819 4868 4869
9620 2 2 5 26 4869 4820 4819
9621 2 2 5 26 4820 4869 4821
9622 2 2 5 26 4821 4869 4870
9623 2 2 5 26 4821 4870 4871
9624 2 2 5 26 4871 4822 4821
9625 2 2 5 26 4822 4871 4823
9626 2 2 5 26 4823 4871 4872
9627 2 2 5 26 4823 4872 4873
9628 2 2 5 26 4873 4824 4823
9629 2 2 5 26 4824 4873 4825
9630 2 2 5 26 4825 4873 4874
9631 2 2 5 26 4825 4874 4875
9632 2 2 5 26 4875 4826 4825
9633 2 2 5 26 4826 4875 4827
9634 2 2 5 26 4827 4875 4876
9635 2 2 5 26 4827 4876 4877
9636 2 2 5 26 4877 4828 4827
9637 2 2 5 26 4828 4877 4829
9638 2 2 5 26 4829 4877 4878
9639 2 2 5 26 4829 4878 4879
9640 2 2 5 26 4879 4830 4829
9641 2 2 5 26 4830 4879 4831
9642 2 2 5 26 4831 4879 4880
9643 2 2 5 26 4831 4880 4881
9644 2 2 5 26 4881 4832 4831
9645 2 2 5 26 4832 4881 4833
9646 2 2 5 26 4833 4881 4882
9647 2 2 5 26 4833 4882 4883
9648 2 2 5 26 4883 4834 4833
9649 2 2 5 26 4834 4883 4835
9650 2 2 5 26 4835 4883 4884
9651 2 2 5 26 4835 4884 4885
9652 2 2 5 26 4885 4836 4835
9653 2 2 5 26 4836 4885 4837
9654 2 2 5 26 4837 4885 4886
9655 2 2 5 26 4837 4886 4887
9656 2 2 5 26 4887 4838 4837
9657 2 2 5 26 4838 4887 4839
9658 2 2 5 26 4839 4887 4888
9659 2 2 5 26 4839 4888 4889
9660 2 2 5 26 4889 4840 4839
9661 2 2 5 26 4840 4889 4841
9662 2 2 5 26 4841 4889 4890
9663 2 2 5 26 4841 4890 4891
9664 2 2 5 26 4891 4842 4841
9665 2 2 5 26 4842 4891 4843
9666 2 2 5 26 4843 4891 4892
9667 2 2 5 26 4843 4892 4893
9668 2 2 5 26 4893 4844 4843
9669 2 2 5 26 4844 4893 4845
9670 2 2 5 26 4845 4893 4894
9671 2 2 5 26 4845 4894 4895
9672 2 2 5 26 4895 4846 4845
9673 2 2 5 26 4846 4895 4847
9674 2 2 5 26 4847 4895 4896
9675 2 2 5 26 4847 4896 4897
9676 2 2 5 26 4897 4848 4847
9677 2 2 5 26 4848 4897 4849
9678 2 2 5 26 4849 4897 4898
9679 2 2 5 26 4849 4898 4899
9680 2 2 5 26 4899 4850 4849
9681 2 2 5 26 4850 4899 4851
9682 2 2 5 26 4851 4899 4900
9683 2 2 5 26 4851 4900 4901
9684 2 2 5 26 4901 4852 4851
9685 2 2 5 26 4852 4901 4853
9686 2 2 5 26 4853 4901 4902
9687 2 2 5 26 4853 4902 4903
9688 2 2 5 26 4903 4854 4853
9689 2 2 5 26 4854 4903 4855
9690 2 2 5 26 4855 4903 4904
9691 2 2 5 26 4855 4904 4905
9692 2 2 5 26 4905 4856 4855
9693 2 2 5 26 4856 4905 4857
9694 2 2 5 26 4857 4905 4906
9695 2 2 5 26 4857 4906 4907
9696 2 2 5 26 4907 4858 4857
9697 2 2 5 26 4858 4907 4859
9698 2 2 5 26 4859 4907 4908
9699 2 2 5 26 4859 4908 309
9700 2 2 5 26 309 310 4859
9701 2 2 5 26 247 248 4909
9702 2 2 5 26 4909 4860 247
9703 2 2 5 26 4860 4909 4861
9704 2 2 5 26 4861 4909 4910
9705 2 2 5 26 4861 4910 4911
9706 2 2 5 26 4911 4862 4861
9707 2 2 5 26 4862 4911 4863
9708 2 2 5 26 4863 4911 4912
9709 2 2 5 26 4863 4912 4913
9710 2 2 5 26 4913 4864 4863
9711 2 2 5 26 4864 4913 4865
9712 2 2 5 26 4865 4913 4914
9713 2 2 5 26 4865 4914 4915
9714 2 2 5 26 4915 4866 4865
9715 2 2 5 26 4866 4915 4867
9716 2 2 5 26 4867 4915 4916
9717 2 2 5 26 4867 4916 4917
9718 2 2 5 26 4917 4868 4867
9719 2 2 5 26 4868 4917 4869
9720 2 2 5 26 4869 4917 4918
9721 2 2 5 26 4869 4918 4919
9722 2 2 5 26 4919 4870 4869
9723 2 2 5 26 4870 4919 4871
9724 2 2 5 26 4871 4919 4920
9725 2 2 5 26 4871 4920 4921
9726 2 2 5 26 4921 4872 4871
9727 2 2 5 26 4872 4921 4873
9728 2 2 5 26 4873 4921 4922
9729 2 2 5 26 4873 4922 4923
9730 2 2 5 26 4923 4874 4873
9731 2 2 5 26 4874 4923 4875
9732 2 2 5 26 4875 4923 4924
9733 2 2 5 26 4875 4924 4925
9734 2 2 5 26 4925 4876 4875
9735 2 2 5 26 4876 4925 4877
9736 2 2 5 26 4877 4925 4926
9737 2 2 5 26 4877 4926 4927
9738 2 2 5 26 4927 4878 4877
9739 2 2 5 26 4878 4927 4879
9740 2 2 5 26 4879 4927 4928
9741 2 2 5 26 4879 4928 4929
9742 2 2 5 26 4929 4880 4879
9743 2 2 5 26 4880 4929 4881
9744 2 2 5 26 4881 4929 4930
9745 2 2 5 26 4881 4930 4931
9746 2 2 5 26 4931 4882 4881
9747 2 2 5 26 4882 4931 4883
9748 2 2 5 26 4883 4931 4932
9749 2 2 5 26 4883 4932 4933
9750 2 2 5 26 4933 4884 4883
9751 2 2 5 26 4884 4933 4885
9752 2 2 5 26 4885 4933 4934
9753 2 2 5 26 4885 4934 4935
9754 2 2 5 26 4935 4886 4885
9755 2 2 5 26 4886 4935 4887
9756 2 2 5 26 4887 4935 4936
9757 2 2 5 26 4887 4936 4937
9758 2 2 5 26 4937 4888 4887
9759 2 2 5 26 4888 4937 4889
9760 2 2 5 26 4889 4937 4938
9761 2 2 5 26 4889 4938 4939
9762 2 2 5 26 4939 4890 4889
9763 2 2 5 26 4890 4939 4891
9764 2 2 5 26 4891 4939 4940
9765 2 2 5 26 4891 4940 4941
9766 2 2 5 26 4941 4892 4891
9767 2 2 5 26 4892 4941 4893
9768 2 2 5 26 4893 4941 4942
9769 2 2 5 26 4893 4942 4943
9770 2 2 5 26 4943 4894 4893
9771 2 2 5 26 4894 4943 4895
9772 2 2 5 26 4895 4943 4944
9773 2 2 5 26 4895 4944 4945
9774 2 2 5 26 4945 4896 4895
9775 2 2 5 26 4896 4945 4897
9776 2 2 5 26 4897 4945 4946
9777 2 2 5 26 4897 4946 4947
9778 2 2 5 26 4947 4898 4897
9779 2 2 5 26 4898 4947 4899
9780 2 2 5 26 4899 4947 4948
9781 2 2 5 26 4899 4948 4949
9782 2 2 5 26 4949 4900 4899
9783 2 2 5 26 4900 4949 4901
9784 2 2 5 26 4901 4949 4950
9785 2 2 5 26 4901 4950 4951
9786 2 2 5 26 4951 4902 4901
9787 2 2 5 26 4902 4951 4903
9788 2 2 5 26 4903 4951 4952
9789 2 2 5 26 4903 4952 4953
9790 2 2 5 26 4953 4904 4903
9791 2 2 5 26 4904 4953 4905
9792 2 2 5 26 4905 4953 4954
9793 2 2 5 26 4905 4954 4955
9794 2 2 5 26 4955 4906 4905
9795 2 2 5 26 4906 4955 4907
9796 2 2 5 26 4907 4955 4956
9797 2 2 5 26 4907 4956 4957
9798 2 2 5 26 4957 4908 4907
9799 2 2 5 26 4908 4957 309
9800 2 2 5 26 309 4957 308
9801 2 2 5 26 248 249 4909
9802 2 2 5 26 4909 249 4958
9803 2 2 5 26 4909 4958 4959
9804 2 2 5 26 4959 4910 4909
9805 2 2 5 26 4910 4959 4911
9806 2 2 5 26 4911 4959 4960
9807 2 2 5 26 4911 4960 4961
9808 2 2 5 26 4961 4912 4911
9809 2 2 5 26 4912 4961 4913
9810 2 2 5 26 4913 4961 4962
9811 2 2 5 26 4913 4962 4963
9812 2 2 5 26 4963 4914 4913
9813 2 2 5 26 4914 4963 4915
9814 2 2 5 26 4915 4963 4964
9815 2 2 5 26 4915 4964 4965
9816 2 2 5 26 4965 4916 4915
9817 2 2 5 26 4916 4965 4917
9818 2 2 5 26 4917 4965 4966
9819 2 2 5 26 4917 4966 4967
9820 2 2 5 26 4967 4918 4917
9821 2 2 5 26 4918 4967 4919
9822 2 2 5 26 4919 4967 4968
9823 2 2 5 26 4919 4968 4969
9824 2 2 5 26 4969 4920 4919
9825 2 2 5 26 4920 4969 4921
9826 2 2 5 26 4921 4969 4970
9827 2 2 5 26 4921 4970 4971
9828 2 2 5 26 4971 4922 4921
9829 2 2 5 26 4922 4971 4923
9830 2 2 5 26 4923 4971 4972
9831 2 2 5 26 4923 4972 4973
9832 2 2 5 26 4973 4924 4923
9833 2 2 5 26 4924 4973 4925
9834 2 2 5 26 4925 4973 4974
9835 2 2 5 26 4925 4974 4975
9836 2 2 5 26 4975 4926 4925
9837 2 2 5 26 4926 4975 4927
9838 2 2 5 26 4927 4975 4976
9839 2 2 5 26 4927 4976 4977
9840 2 2 5 26 4977 4928 4927
9841 2 2 5 26 4928 4977 4929
9842 2 2 5 26 4929 4977 4978
9843 2 2 5 26 4929 4978 4979
9844 2 2 5 26 4979 4930 4929
9845 2 2 5 26 4930 4979 4931
9846 2 2 5 26 4931 4979 4980
9847 2 2 5 26 4931 4980 4981
9848 2 2 5 26 4981 4932 4931
9849 2 2 5 26 4932 4981 4933
9850 2 2 5 26 4933 4981 4982
9851 2 2 5 26 4933 4982 4983
9852 2 2 5 26 4983 4934 4933
9853 2 2 5 26 4934 4983 4935
9854 2 2 5 26 4935 4983 4984
9855 2 2 5 26 4935 4984 4985
9856 2 2 5 26 4985 4936 4935
9857 2 2 5 26 4936 4985 4937
9858 2 2 5 26 4937 4985 4986
9859 2 2 5 26 4937 4986 4987
9860 2 2 5 26 4987 4938 4937
9861 2 2 5 26 4938 4987 4939
9862 2 2 5 26 4939 4987 4988
9863 2 2 5 26 4939 4988 4989
9864 2 2 5 26 4989 4940 4939
9865 2 2 5 26 4940 4989 4941
9866 2 2 5 26 4941 4989 4990
9867 2 2 5 26 4941 4990 4991
9868 2 2 5 26 4991 4942 4941
9869 2 2 5 26 4942 4991 4943
9870 2 2 5 26 4943 4991 4992
9871 2 2 5 26 4943 4992 4993
9872 2 2 5 26 4993 4944 4943
9873 2 2 5 26 4944 4993 4945
9874 2 2 5 26 4945 4993 4994
9875 2 2 5 26 4945 4994 4995
9876 2 2 5 26 4995 4946 4945
9877 2 2 5 26 4946 4995 4947
9878 2 2 5 26 4947 4995 4996
9879 2 2 5 26 4947 4996 4997
9880 2 2 5 26 4997 4948 4947
9881 2 2 5 26 4948 4997 4949
9882 2 2 5 26 4949 4997 4998
9883 2 2 5 26 4949 4998 4999
9884 2 2 5 26 4999 4950 4949
9885 2 2 5 26 4950 4999 4951
9886 2 2 5 26 4951 4999 5000
9887 2 2 5 26 4951 5000 5001
9888 2 2 5 26 5001 4952 4951
9889 2 2 5 26 4952 5001 4953
9890 2 2 5 26 4953 5001 5002
9891 2 2 5 26 4953 5002 5003
9892 2 2 5 26 5003 4954 4953
9893 2 2 5 26 4954 5003 4955
9894 2 2 5 26 4955 5003 5004
9895 2 2 5 26 4955 5004 5005
9896 2 2 5 26 5005 4956 4955
9897 2 2 5 26 4956 5005 4957
9898 2 2 5 26 4957 5005 5006
9899 2 2 5 26 4957 5006 307
9900 2 2 5 26 307 308 4957
9901 2 2 5 26 249 250 5007
9902 2 2 5 26 5007 4958 249
9903 2 2 5 26 4958 5007 4959
9904 2 2 5 26 4959 5007 5008
9905 2 2 5 26 4959 5008 5009
9906 2 2 5 26 5009 4960 4959
9907 2 2 5 26 4960 5009 4961
9908 2 2 5 26 4961 5009 5010
9909 2 2 5 26 4961 5010 5011
9910 2 2 5 26 5011 4962 4961
9911 2 2 5 26 4962 5011 4963
9912 2 2 5 26 4963 5011 5012
9913 2 2 5 26 4963 5012 5013
9914 2 2 5 26 5013 4964 4963
9915 2 2 5 26 4964 5013 4965
9916 2 2 5 26 4965 5013 5014
9917 2 2 5 26 4965 5014 5015
9918 2 2 5 26 5015 4966 4965
9919 2 2 5 26 4966 5015 4967
9920 2 2 5 26 4967 5015 5016
9921 2 2 5 26 4967 5016 5017
9922 2 2 5 26 5017 4968 4967
9923 2 2 5 26 4968 5017 4969
9924 2 2 5 26 4969 5017 5018
9925 2 2 5 26 4969 5018 5019
9926 2 2 5 26 5019 4970 4969
9927 2 2 5 26 4970 5019 4971
9928 2 2 5 26 4971 5019 5020
9929 2 2 5 26 4971 5020 5021
9930 2 2 5 26 5021 4972 4971
9931 2 2 5 26 4972 5021 4973
9932 2 2 5 26 4973 5021 5022
9933 2 2 5 26 4973 5022 5023
9934 2 2 5 26 5023 4974 4973
9935 2 2 5 26 4974 5023 4975
9936 2 2 5 26 4975 5023 5024
9937 2 2 5 26 4975 5024 5025
9938 2 2 5 26 5025 4976 4975
9939 2 2 5 26 4976 5025 4977
9940 2 2 5 26 4977 5025 5026
9941 2 2 5 26 4977 5026 5027
9942 2 2 5 26 5027 4978 4977
9943 2 2 5 26 4978 5027 4979
9944 2 2 5 26 4979 5027 5028
9945 2 2 5 26 4979 5028 5029
9946 2 2 5 26 5029 4980 4979
9947 2 2 5 26 4980 5029 4981
9948 2 2 5 26 4981 5029 5030
9949 2 2 5 26 4981 5030 5031
9950 2 2 5 26 5031 4982 4981
9951 2 2 5 26 4982 5031 4983
9952 2 2 5 26 4983 5031 5032
9953 2 2 5 26 4983 5032 5033
9954 2 2 5 26 5033 4984 4983
9955 2 2 5 26 4984 5033 4985
9956 2 2 5 26 4985 5033 5034
9957 2 2 5 26 4985 5034 5035
9958 2 2 5 26 5035 4986 4985
9959 2 2 5 26 4986 5035 4987
9960 2 2 5 26 4987 5035 5036
9961 2 2 5 26 4987 5036 5037
9962 2 2 5 26 5037 4988 4987
9963 2 2 5 26 4988 5037 4989
9964 2 2 5 26 4989 5037 5038
9965 2 2 5 26 4989 5038 5039
9966 2 2 5 26 5039 4990 4989
9967 2 2 5 26 4990 5039 4991
9968 2 2 5 26 4991 5039 5040
9969 2 2 5 26 4991 5040 5041
9970 2 2 5 26 5041 4992 4991
9971 2 2 5 26 4992 5041 4993
9972 2 2 5 26 4993 5041 5042
9973 2 2 5 26 4993 5042 5043
9974 2 2 5 26 5043 4994 4993
9975 2 2 5 26 4994 5043 4995
9976 2 2 5 26 4995 5043 5044
9977 2 2 5 26 4995 5044 5045
9978 2 2 5 26 5045 4996 4995
9979 2 2 5 26 4996 5045 4997
9980 2 2 5 26 4997 5045 5046
9981 2 2 5 26 4997 5046 5047
9982 2 2 5 26 5047 4998 4997
9983 2 2 5 26 4998 5047 4999
9984 2 2 5 26 4999 5047 5048
9985 2 2 5 26 4999 5048 5049
9986 2 2 5 26 5049 5000 4999
9987 2 2 5 26 5000 5049 5001
9988 2 2 5 26 5001 5049 5050
9989 2 2 5 26 5001 5050 5051
9990 2 2 5 26 5051 5002 5001
9991 2 2 5 26 5002 5051 5003
9992 2 2 5 26 5003 5051 5052
9993 2 2 5 26 5003 5052 5053
9994 2 2 5 26 5053 5004 5003
9995 2 2 5 26 5004 5053 5005
9996 2 2 5 26 5005 5053 5054
9997 2 2 5 26 5005 5054 5055
9998 2 2 5 26 5055 5006 5005
9999 2 2 5 26 5006 5055 307
10000 2 2 5 26 307 5055 306
10001 2 2 5 26 250 251 5007
10002 2 2 5 26 5007 251 5056
10003 2 2 5 26 5007 5056 5057
10004 2 2 5 26 5057 5008 5007
10005 2 2 5 26 5008 5057 5009
10006 2 2 5 26 5009 5057 5058
10007 2 2 5 26 5009 5058 5059
10008 2 2 5 26 5059 5010 5009
10009 2 2 5 26 5010 5059 5011
10010 2 2 5 26 5011 5059 5060
10011 2 2 5 26 5011 5060 5061
10012 2 2 5 26 5061 5012 5011
10013 2 2 5 26 5012 5061 5013
10014 2 2 5 26 5013 5061 5062
10015 2 2 5 26 5013 5062 5063
10016 2 2 5 26 5063 5014 5013
10017 2 2 5 26 5014 5063 5015
10018 2 2 5 26 5015 5063 5064
10019 2 2 5 26 5015 5064 5065
10020 2 2 5 26 5065 5016 5015
10021 2 2 5 26 5016 5065 5017
10022 2 2 5 26 5017 5065 5066
10023 2 2 5 26 5017 5066 5067
10024 2 2 5 26 5067 5018 5017
10025 2 2 5 26 5018 5067 5019
10026 2 2 5 26 5019 5067 5068
10027 2 2 5 26 5019 5068 5069
10028 2 2 5 26 5069 5020 5019
10029 2 2 5 26 5020 5069 5021
10030 2 2 5 26 5021 5069 5070
10031 2 2 5 26 5021 5070 5071
10032 2 2 5 26 5071 5022 5021
10033 2 2 5 26 5022 5071 5023
10034 2 2 5 26 5023 5071 5072
10035 2 2 5 26 5023 5072 5073
10036 2 2 5 26 5073 5024 5023
10037 2 2 5 26 5024 5073 5025
10038 2 2 5 26 5025 5073 5074
10039 2 2 5 26 5025 5074 5075
10040 2 2 5 26 5075 5026 5025
10041 2 2 5 26 5026 5075 5027
10042 2 2 5 26 5027 5075 5076
10043 2 2 5 26 5027 5076 5077
10044 2 2 5 26 5077 5028 5027
10045 2 2 5 26 5028 5077 5029
10046 2 2 5 26 5029 5077 5078
10047 2 2 5 26 5029 5078 5079
10048 2 2 5 26 5079 5030 5029
10049 2 2 5 26 5030 5079 5031
10050 2 2 5 26 5031 5079 5080
10051 2 2 5 26 5031 5080 5081
10052 2 2 5 26 5081 5032 5031
10053 2 2 5 26 5032 5081 5033
10054 2 2 5 26 5033 5081 5082
10055 2 2 5 26 5033 5082 5083
10056 2 2 5 26 5083 5034 5033
10057 2 2 5 26 5034 5083 5035
10058 2 2 5 26 5035 5083 5084
10059 2 2 5 26 5035 5084 5085
10060 2 2 5 26 5085 5036 5035
10061 2 2 5 26 5036 5085 5037
10062 2 2 5 26 5037 5085 5086
10063 2 2 5 26 5037 5086 5087
10064 2 2 5 26 5087 5038 5037
10065 2 2 5 26 5038 5087 5039
10066 2 2 5 26 5039 5087 5088
10067 2 2 5 26 5039 5088 5089
10068 2 2 5 26 5089 5040 5039
10069 2 2 5 26 5040 5089 5041
10070 2 2 5 26 5041 5089 5090
10071 2 2 5 26 5041 5090 5091
10072 2 2 5 26 5091 5042 5041
10073 2 2 5 26 5042 5091 5043
10074 2 2 5 26 5043 5091 5092
10075 2 2 5 26 5043 5092 5093
10076 2 2 5 26 5093 5044 5043
10077 2 2 5 26 5044 5093 5045
10078 2 2 5 26 5045 5093 5094
10079 2 2 5 26 5045 5094 5095
10080 2 2 5 26 5095 5046 5045
10081 2 2 5 26 5046 5095 5047
10082 2 2 5 26 5047 5095 5096
10083 2 2 5 26 5047 5096 5097
10084 2 2 5 26 5097 5048 5047
10085 2 2 5 26 5048 5097 5049
10086 2 2 5 26 5049 5097 5098
10087 2 2 5 26 5049 5098 5099
10088 2 2 5 26 5099 5050 5049
10089 2 2 5 26 5050 5099 5051
10090 2 2 5 26 5051 5099 5100
10091 2 2 5 26 5051 5100 5101
10092 2 2 5 26 5101 5052 5051
10093 2 2 5 26 5052 5101 5053
10094 2 2 5 26 5053 5101 5102
10095 2 2 5 26 5053 5102 5103
10096 2 2 5 26 5103 5054 5053
10097 2 2 5 26 5054 5103 5055
10098 2 2 5 26 5055 5103 5104
10099 2 2 5 26 5055 5104 305
10100 2 2 5 26 305 306 5055
10101 2 2 5 26 251 252 5105
10102 2 2 5 26 5105 5056 251
10103 2 2 5 26 5056 5105 5057
10104 2 2 5 26 5057 5105 5106
10105 2 2 5 26 5057 5106 5107
10106 2 2 5 26 5107 5058 5057
10107 2 2 5 26 5058 5107 5059
10108 2 2 5 26 5059 5107 5108
10109 2 2 5 26 5059 5108 5109
10110 2 2 5 26 5109 5060 5059
10111 2 2 5 26 5060 5109 5061
10112 2 2 5 26 5061 5109 5110
10113 2 2 5 26 5061 5110 5111
10114 2 2 5 26 5111 5062 5061
10115 2 2 5 26 5062 5111 5063
10116 2 2 5 26 5063 5111 5112
10117 2 2 5 26 5063 5112 5113
10118 2 2 5 26 5113 5064 5063
10119 2 2 5 26 5064 5113 5065
10120 2 2 5 26 5065 5113 5114
10121 2 2 5 26 5065 5114 5115
10122 2 2 5 26 5115 5066 5065
10123 2 2 5 26 5066 5115 5067
10124 2 2 5 26 5067 5115 5116
10125 2 2 5 26 5067 5116 5117
10126 2 2 5 26 5117 5068 5067
10127 2 2 5 26 5068 5117 5069
10128 2 2 5 26 5069 5117 5118
10129 2 2 5 26 5069 5118 5119
10130 2 2 5 26 5119 5070 5069
10131 2 2 5 26 5070 5119 5071
10132 2 2 5 26 5071 5119 5120
10133 2 2 5 26 5071 5120 5121
10134 2 2 5 26 5121 5072 5071
10135 2 2 5 26 5072 5121 5073
10136 2 2 5 26 5073 5121 5122
10137 2 2 5 26 5073 5122 5123
10138 2 2 5 26 5123 5074 5073
10139 2 2 5 26 5074 5123 5075
10140 2 2 5 26 5075 5123 5124
10141 2 2 5 26 5075 5124 5125
10142 2 2 5 26 5125 5076 5075
10143 2 2 5 26 5076 5125 5077
10144 2 2 5 26 5077 5125 5126
10145 2 2 5 26 5077 5126 5127
10146 2 2 5 26 5127 5078 5077
10147 2 2 5 26 5078 5127 5079
10148 2 2 5 26 5079 5127 5128
10149 2 2 5 26 5079 5128 5129
10150 2 2 5 26 5129 5080 5079
10151 2 2 5 26 5080 5129 5081
10152 2 2 5 26 5081 5129 5130
10153 2 2 5 26 5081 5130 5131
10154 2 2 5 26 5131 5082 5081
10155 2 2 5 26 5082 5131 5083
10156 2 2 5 26 5083 5131 5132
10157 2 2 5 26 5083 5132 5133
10158 2 2 5 26 5133 5084 5083
10159 2 2 5 26 5084 5133 5085
10160 2 2 5 26 5085 5133 5134
10161 2 2 5 26 5085 5134 5135
10162 2 2 5 26 5135 5086 5085
10163 2 2 5 26 5086 5135 5087
10164 2 2 5 26 5087 5135 5136
10165 2 2 5 26 5087 5136 5137
10166 2 2 5 26 5137 5088 5087
10167 2 2 5 26 5088 5137 5089
10168 2 2 5 26 5089 5137 5138
10169 2 2 5 26 5089 5138 5139
10170 2 2 5 26 5139 5090 5089
10171 2 2 5 26 5090 5139 5091
10172 2 2 5 26 5091 5139 5140
10173 2 2 5 26 5091 5140 5141
10174 2 2 5 26 5141 5092 5091
10175 2 2 5 26 5092 5141 5093
10176 2 2 5 26 5093 5141 5142
10177 2 2 5 26 5093 5142 5143
10178 2 2 5 26 5143 5094 5093
10179 2 2 5 26 5094 5143 5095
10180 2 2 5 26 5095 5143 5144
10181 2 2 5 26 5095 5144 5145
10182 2 2 5 26 5145 5096 5095
10183 2 2 5 26 5096 5145 5097
10184 2 2 5 26 5097 5145 5146
10185 2 2 5 26 5097 5146 5147
10186 2 2 5 26 5147 5098 5097
10187 2 2 5 26 5098 5147 5099
10188 2 2 5 26 5099 5147 5148
10189 2 2 5 26 5099 5148 5149
10190 2 2 5 26 5149 5100 5099
10191 2 2 5 26 5100 5149 5101
10192 2 2 5 26 5101 5149 5150
10193 2 2 5 26 5101 5150 5151
10194 2 2 5 26 5151 5102 5101
10195 2 2 5 26 5102 5151 5103
10196 2 2 5 26 5103 5151 5152
10197 2 2 5 26 5103 5152 5153
10198 2 2 5 26 5153 5104 5103
10199 2 2 5 26 5104 5153 305
10200 2 2 5 26 305 5153 304
10201 2 2 5 26 252 253 5105
10202 2 2 5 26 5105 253 5154
10203 2 2 5 26 5105 5154 5155
10204 2 2 5 26 5155 5106 5105
10205 2 2 5 26 5106 5155 5107
10206 2 2 5 26 5107 5155 5156
10207 2 2 5 26 5107 5156 5157
10208 2 2 5 26 5157 5108 5107
10209 2 2 5 26 5108 5157 5109
10210 2 2 5 26 5109 5157 5158
10211 2 2 5 26 5109 5158 5159
10212 2 2 5 26 5159 5110 5109
10213 2 2 5 26 5110 5159 5111
10214 2 2 5 26 5111 5159 5160
10215 2 2 5 26 5111 5160 5161
10216 2 2 5 26 5161 5112 5111
10217 2 2 5 26 5112 5161 5113
10218 2 2 5 26 5113 5161 5162
10219 2 2 5 26 5113 5162 5163
10220 2 2 5 26 5163 5114 5113
10221 2 2 5 26 5114 5163 5115
10222 2 2 5 26 5115 5163 5164
10223 2 2 5 26 5115 5164 5165
10224 2 2 5 26 5165 5116 5115
10225 2 2 5 26 5116 5165 5117
10226 2 2 5 26 5117 5165 5166
10227 2 2 5 26 5117 5166 5167
10228 2 2 5 26 5167 5118 5117
10229 2 2 5 26 5118 5167 5119
10230 2 2 5 26 5119 5167 5168
10231 2 2 5 26 5119 5168 5169
10232 2 2 5 26 5169 5120 5119
10233 2 2 5 26 5120 5169 5121
10234 2 2 5 26 5121 5169 5170
10235 2 2 5 26 5121 5170 5171
10236 2 2 5 26 5171 5122 5121
10237 2 2 5 26 5122 5171 5123
10238 2 2 5 26 5123 5171 5172
10239 2 2 5 26 5123 5172 5173
10240 2 2 5 26 5173 5124 5123
10241 2 2 5 26 5124 5173 5125
10242 2 2 5 26 5125 5173 5174
10243 2 2 5 26 5125 5174 5175
10244 2 2 5 26 5175 5126 5125
10245 2 2 5 26 5126 5175 5127
10246 2 2 5 26 5127 5175 5176
10247 2 2 5 26 5127 5176 5177
10248 2 2 5 26 5177 5128 5127
10249 2 2 5 26 5128 5177 5129
10250 2 2 5 26 5129 5177 5178
10251 2 2 5 26 5129 5178 5179
10252 2 2 5 26 5179 5130 5129
10253 2 2 5 26 5130 5179 5131
10254 2 2 5 26 5131 5179 5180
10255 2 2 5 26 5131 5180 5181
10256 2 2 5 26 5181 5132 5131
10257 2 2 5 26 5132 5181 5133
10258 2 2 5 26 5133 5181 5182
10259 2 2 5 26 5133 5182 5183
10260 2 2 5 26 5183 5134 5133
10261 2 2 5 26 5134 5183 5135
10262 2 2 5 26 5135 5183 5184
10263 2 2 5 26 5135 5184 5185
10264 2 2 5 26 5185 5136 5135
10265 2 2 5 26 5136 5185 5137
10266 2 2 5 26 5137 5185 5186
10267 2 2 5 26 5137 5186 5187
10268 2 2 5 26 5187 5138 5137
10269 2 2 5 26 5138 5187 5139
10270 2 2 5 26 5139 5187 5188
10271 2 2 5 26 5139 5188 5189
10272 2 2 5 26 5189 5140 5139
10273 2 2 5 26 5140 5189 5141
10274 2 2 5 26 5141 5189 5190
10275 2 2 5 26 5141 5190 5191
10276 2 2 5 26 5191 5142 5141
10277 2 2 5 26 5142 5191 5143
10278 2 2 5 26 5143 5191 5192
10279 2 2 5 26 5143 5192 5193
10280 2 2 5 26 5193 5144 5143
10281 2 2 5 26 5144 5193 5145
10282 2 2 5 26 5145 5193 5194
10283 2 2 5 26 5145 5194 5195
10284 2 2 5 26 5195 5146 5145
10285 2 2 5 26 5146 5195 5147
10286 2 2 5 26 5147 5195 5196
10287 2 2 5 26 5147 5196 5197
10288 2 2 5 26 5197 5148 5147
10289 2 2 5 26 5148 5197 5149
10290 2 2 5 26 5149 5197 5198
10291 2 2 5 26 5149 5198 5199
10292 2 2 5 26 5199 5150 5149
10293 2 2 5 26 5150 5199 5151
10294 2 2 5 26 5151 5199 5200
10295 2 2 5 26 5151 5200 5201
10296 2 2 5 26 5201 5152 5151
10297 2 2 5 26 5152 5201 5153
10298 2 2 5 26 5153 5201 5202
10299 2 2 5 26 5153 5202 303
10300 2 2 5 26 303 304 5153
10301 2 2 5 26 253 6 254
10302 2 2 5 26 254 5154 253
10303 2 2 5 26 5154 254 5155
10304 2 2 5 26 5155 254 255
10305 2 2 5 26 5155 255 256
10306 2 2 5 26 256 5156 5155
10307 2 2 5 26 5156 256 5157
10308 2 2 5 26 5157 256 257
10309 2 2 5 26 5157 257 258
10310 2 2 5 26 258 5158 5157
10311 2 2 5 26 5158 258 5159
10312 2 2 5 26 5159 258 259
10313 2 2 5 26 5159 259 260
10314 2 2 5 26 260 5160 5159
10315 2 2 5 26 5160 260 5161
10316 2 2 5 26 5161 260 261
10317 2 2 5 26 5161 261 262
10318 2 2 5 26 262 5162 5161
10319 2 2 5 26 5162 262 5163
10320 2 2 5 26 5163 262 263
10321 2 2 5 26 5163 263 264
10322 2 2 5 26 264 5164 5163
10323 2 2 5 26 5164 264 5165
10324 2 2 5 26 5165 264 265
10325 2 2 5 26 5165 265 266
10326 2 2 5 26 266 5166 5165
10327 2 2 5 26 5166 266 5167
10328 2 2 5 26 5167 266 267
10329 2 2 5 26 5167 267 268
10330 2 2 5 26 268 5168 5167
10331 2 2 5 26 5168 268 5169
10332 2 2 5 26 5169 268 269
10333 2 2 5 26 5169 269 270
10334 2 2 5 26 270 5170 5169
10335 2 2 5 26 5170 270 5171
10336 2 2 5 26 5171 270 271
10337 2 2 5 26 5171 271 272
10338 2 2 5 26 272 5172 5171
10339 2 2 5 26 5172 272 5173
10340 2 2 5 26 5173 272 273
10341 2 2 5 26 5173 273 274
10342 2 2 5 26 274 5174 5173
10343 2 2 5 26 5174 274 5175
10344 2 2 5 26 5175 274 275
10345 2 2 5 26 5175 275 276
10346 2 2 5 26 276 5176 5175
10347 2 2 5 26 5176 276 5177
10348 2 2 5 26 5177 276 277
10349 2 2 5 26 5177 277 278
10350 2 2 5 26 278 5178 5177
10351 2 2 5 26 5178 278 5179
10352 2 2 5 26 5179 278 279
10353 2 2 5 26 5179 279 280
10354 2 2 5 26 280 5180 5179
10355 2 2 5 26 5180 280 5181
10356 2 2 5 26 5181 280 281
10357 2 2 5 26 5181 281 282
10358 2 2 5 26 282 5182 5181
10359 2 2 5 26 5182 282 5183
10360 2 2 5 26 5183 282 283
10361 2 2 5 26 5183 283 284
10362 2 2 5 26 284 5184 5183
10363 2 2 5 26 5184 284 5185
10364 2 2 5 26 5185 284 285
10365 2 2 5 26 5185 285 286
10366 2 2 5 26 286 5186 5185
10367 2 2 5 26 5186 286 5187
10368 2 2 5 26 5187 286 287
10369 2 2 5 26 5187 287 288
10370 2 2 5 26 288 5188 5187
10371 2 2 5 26 5188 288 5189
10372 2 2 5 26 5189 288 289
10373 2 2 5 26 5189 289 290
10374 2 2 5 26 290 5190 5189
10375 2 2 5 26 5190 290 5191
10376 2 2 5 26 5191 290 291
10377 2 2 5 26 5191 291 292
10378 2 2 5 26 292 5192 5191
10379 2 2 5 26 5192 292 5193
10380 2 2 5 26 5193 292 293
10381 2 2 5 26 5193 293 294
10382 2 2 5 26 294 5194 5193
10383 2 2 5 26 5194 294 5195
10384 2 2 5 26 5195 294 295
10385 2 2 5 26 5195 295 296
10386 2 2 5 26 296 5196 5195
10387 2 2 5 26 5196 296 5197
10388 2 2 5 26 5197 296 297
10389 2 2 5 26 5197 297 298
10390 2 2 5 26 298 5198 5197
10391 2 2 5 26 5198 298 5199
10392 2 2 5 26 5199 298 299
10393 2 2 5 26 5199 299 300
10394 2 2 5 26 300 5200 5199
10395 2 2 5 26 5200 300 5201
10396 2 2 5 26 5201 300 301
10397 2 2 5 26 5201 301 302
10398 2 2 5 26 302 5202 5201
10399 2 2 5 26 5202 302 303
10400 2 2 5 26 303 302 7
10401 6 2 7 1 1 9 204 5 205 400
10402 6 2 7 1 204 9 401 400 205 2802
10403 6 2 7 1 204 401 402 400 2802 2803
10404 6 2 7 1 402 203 204 2803 399 400
10405 6 2 7 1 203 402 202 399 2803 398
10406 6 2 7 1 202 402 403 398 2803 2804
10407 6 2 7 1 202 403 404 398 2804 2805
10408 6 2 7 1 404 201 202 2805 397 398
10409 6 2 7 1 201 404 200 397 2805 396
10410 6 2 7 1 200 404 405 396 2805 2806
10411 6 2 7 1 200 405 406 396 2806 2807
10412 6 2 7 1 406 199 200 2807 395 396
10413 6 2 7 1 199 406 198 395 2807 394
10414 6 2 7 1 198 406 407 394 2807 2808
10415 6 2 7 1 198 407 408 394 2808 2809
10416 6 2 7 1 408 197 198 2809 393 394
10417 6 2 7 1 197 408 196 393 2809 392
10418 6 2 7 1 196 408 409 392 2809 2810
10419 6 2 7 1 196 409 410 392 2810 2811
10420 6 2 7 1 410 195 196 2811 391 392
10421 6 2 7 1 195 410 194 391 2811 390
10422 6 2 7 1 194 410 411 390 2811 2812
10423 6 2 7 1 194 411 412 390 2812 2813
10424 6 2 7 1 412 193 194 2813 389 390
10425 6 2 7 1 193 412 192 389 2813 388
10426 6 2 7 1 192 412 413 388 2813 2814
10427 6 2 7 1 192 413 414 388 2814 2815
10428 6 2 7 1 414 191 192 2815 387 388
10429 6 2 7 1 191 414 190 387 2815 386
10430 6 2 7 1 190 414 415 386 2815 2816
10431 6 2 7 1 190 415 416 386 2816 2817
10432 6 2 7 1 416 189 190 2817 385 386
10433 6 2 7 1 189 416 188 385 2817 384
10434 6 2 7 1 188 416 417 384 2817 2818
10435 6 2 7 1 188 417 418 384 2818 2819
10436 6 2 7 1 418 187 188 2819 383 384
10437 6 2 7 1 187 418 186 383 2819 382
10438 6 2 7 1 186 418 419 382 2819 2820
10439 6 2 7 1 186 419 420 382 2820 2821
10440 6 2 7 1 420 185 186 2821 381 382
10441 6 2 7 1 185 420 184 381 2821 380
10442 6 2 7 1 184 420 421 380 2821 2822
10443 6 2 7 1 184 421 422 380 2822 2823
10444 6 2 7 1 422 183 184 2823 379 380
10445 6 2 7 1 183 422 182 379 2823 378
10446 6 2 7 1 182 422 423 378 2823 2824
10447 6 2 7 1 182 423 424 378 2824 2825
10448 6 2 7 1 424 181 182 2825 377 378
10449 6 2 7 1 181 424 180 377 2825 376
10450 6 2 7 1 180 424 425 376 2825 2826
10451 6 2 7 1 180 425 426 376 2826 2827
10452 6 2 7 1 426 179 180 2827 375 376
10453 6 2 7 1 179 426 178 375 2827 374
10454 6 2 7 1 178 426 427 374 2827 2828
10455 6 2 7 1 178 427 428 374 2828 2829
10456 6 2 7 1 428 177 178 2829 373 374
10457 6 2 7 1 177 428 176 373 2829 372
10458 6 2 7 1 176 428 429 372 2829 2830
10459 6 2 7 1 176 429 430 372 2830 2831
10460 6 2 7 1 430 175 176 2831 371 372
10461 6 2 7 1 175 430 174 371 2831 370
10462 6 2 7 1 174 430 431 370 2831 2832
10463 6 2 7 1 174 431 432 370 2832 2833
10464 6 2 7 1 432 173 174 2833 369 370
10465 6 2 7 1 173 432 172 369 2833 368
10466 6 2 7 1 172 432 433 368 2833 2834
10467 6 2 7 1 172 433 434 368 2834 2835
10468 6 2 7 1 434 171 172 2835 367 368
10469 6 2 7 1 171 434 170 367 2835 366
10470 6 2 7 1 170 434 435 366 2835 2836
10471 6 2 7 1 170 435 436 366 2836 2837
10472 6 2 7 1 436 169 170 2837 365 366
10473 6 2 7 1 169 436 168 365 2837 364
10474 6 2 7 1 168 436 437 364 2837 2838
10475 6 2 7 1 168 437 438 364 2838 2839
10476 6 2 7 1 438 167 168 2839 363 364
10477 6 2 7 1 167 438 166 363 2839 362
10478 6 2 7 1 166 438 439 362 2839 2840
10479 6 2 7 1 166 439 440 362 2840 2841
10480 6 2 7 1 440 165 166 2841 361 362
10481 6 2 7 1 165 440 164 361 2841 360
10482 6 2 7 1 164 440 441 360 2841 2842
10483 6 2 7 1 164 441 442 360 2842 2843
10484 6 2 7 1 442 163 164 2843 359 360
10485 6 2 7 1 163 442 162 359 2843 358
10486 6 2 7 1 162 442 443 358 2843 2844
10487 6 2 7 1 162 443 444 358 2844 2845
10488 6 2 7 1 444 161 162 2845 357 358
10489 6 2 7 1 161 444 160 357 2845 356
10490 6 2 7 1 160 444 445 356 2845 2846
10491 6 2 7 1 160 445 446 356 2846 2847
10492 6 2 7 1 446 159 160 2847 355 356
10493 6 2 7 1 159 446 158 355 2847 354
10494 6 2 7 1 158 446 447 354 2847 2848
10495 6 2 7 1 158 447 448 354 2848 2849
10496 6 2 7 1 448 157 158 2849 353 354
10497 6 2 7 1 157 448 156 353 2849 352
10498 6 2 7 1 156 448 449 352 2849 2850
10499 6 2 7 1 156 449 155 352 2850 351
10500 6 2 7 1 155 4 156 351 8 352
10501 6 2 7 1 9 10 450 205 206 2851
10502 6 2 7 1 450 401 9 2851 2802 205
10503 6 2 7 1 401 450 402 2802 2851 2803
10504 6 2 7 1 402 450 451 2803 2851 2852
10505 6 2 7 1 402 451 452 2803 2852 2853
10506 6 2 7 1 452 403 402 2853 2804 2803
10507 6 2 7 1 403 452 404 2804 2853 2805
10508 6 2 7 1 404 452 453 2805 2853 2854
10509 6 2 7 1 404 453 454 2805 2854 2855
10510 6 2 7 1 454 405 404 2855 2806 2805
10511 6 2 7 1 405 454 406 2806 2855 2807
10512 6 2 7 1 406 454 455 2807 2855 2856
10513 6 2 7 1 406 455 456 2807 2856 2857
10514 6 2 7 1 456 407 406 2857 2808 2807
10515 6 2 7 1 407 456 408 2808 2857 2809
10516 6 2 7 1 408 456 457 2809 2857 2858
10517 6 2 7 1 408 457 458 2809 2858 2859
10518 6 2 7 1 458 409 408 2859 2810 2809
10519 6 2 7 1 409 458 410 2810 2859 2811
10520 6 2 7 1 410 458 459 2811 2859 2860
10521 6 2 7 1 410 459 460 2811 2860 2861
10522 6 2 7 1 460 411 410 2861 2812 2811
10523 6 2 7 1 411 460 412 2812 2861 2813
10524 6 2 7 1 412 460 461 2813 2861 2862
10525 6 2 7 1 412 461 462 2813 2862 2863
10526 6 2 7 1 462 413 412 2863 2814 2813
10527 6 2 7 1 413 462 414 2814 2863 2815
10528 6 2 7 1 414 462 463 2815 2863 2864
10529 6 2 7 1 414 463 464 2815 2864 2865
10530 6 2 7 1 464 415 414 2865 2816 2815
10531 6 2 7 1 415 464 416 2816 2865 2817
10532 6 2 7 1 416 464 465 2817 2865 2866
10533 6 2 7 1 416 465 466 2817 2866 2867
10534 6 2 7 1 466 417 416 2867 2818 2817
10535 6 2 7 1 417 466 418 2818 2867 2819
10536 6 2 7 1 418 466 467 2819 2867 2868
10537 6 2 7 1 418 467 468 2819 2868 2869
10538 6 2 7 1 468 419 418 2869 2820 2819
10539 6 2 7 1 419 468 420 2820 2869 2821
10540 6 2 7 1 420 468 469 2821 2869 2870
10541 6 2 7 1 420 469 470 2821 2870 2871
10542 6 2 7 1 470 421 420 2871 2822 2821
10543 6 2 7 1 421 470 422 2822 2871 2823
10544 6 2 7 1 422 470 471 2823 2871 2872
10545 6 2 7 1 422 471 472 2823 2872 2873
10546 6 2 7 1 472 423 422 2873 2824 2823
10547 6 2 7 1 423 472 424 2824 2873 2825
10548 6 2 7 1 424 472 473 2825 2873 2874
10549 6 2 7 1 424 473 474 2825 2874 2875
10550 6 2 7 1 474 425 424 2875 2826 2825
10551 6 2 7 1 425 474 426 2826 2875 2827
10552 6 2 7 1 426 474 475 2827 2875 2876
10553 6 2 7 1 426 475 476 2827 2876 2877
10554 6 2 7 1 476 427 426 2877 2828 2827
10555 6 2 7 1 427 476 428 2828 2877 2829
10556 6 2 7 1 428 476 477 2829 2877 2878
10557 6 2 7 1 428 477 478 2829 2878 2879
10558 6 2 7 1 478 429 428 2879 2830 2829
10559 6 2 7 1 429 478 430 2830 2879 2831
10560 6 2 7 1 430 478 479 2831 2879 2880
10561 6 2 7 1 430 479 480 2831 2880 2881
10562 6 2 7 1 480 431 430 2881 2832 2831
10563 6 2 7 1 431 480 432 2832 2881 2833
10564 6 2 7 1 432 480 481 2833 2881 2882
10565 6 2 7 1 432 481 482 2833 2882 2883
10566 6 2 7 1 482 433 432 2883 2834 2833
10567 6 2 7 1 433 482 434 2834 2883 2835
10568 6 2 7 1 434 482 483 2835 2883 2884
10569 6 2 7 1 434 483 484 2835 2884 2885
10570 6 2 7 1 484 435 434 2885 2836 2835
10571 6 2 7 1 435 484 436 2836 2885 2837
10572 6 2 7 1 436 484 485 2837 2885 2886
10573 6 2 7 1 436 485 486 2837 2886 2887
10574 6 2 7 1 486 437 436 2887 2838 2837
10575 6 2 7 1 437 486 438 2838 2887 2839
10576 6 2 7 1 438 486 487 2839 2887 2888
10577 6 2 7 1 438 487 488 2839 2888 2889
10578 6 2 7 1 488 439 438 2889 2840 2839
10579 6 2 7 1 439 488 440 2840 2889 2841
10580 6 2 7 1 440 488 489 2841 2889 2890
10581 6 2 7 1 440 489 490 2841 2890 2891
10582 6 2 7 1 490 441 440 2891 2842 2841
10583 6 2 7 1 441 490 442 2842 2891 2843
10584 6 2 7 1 442 490 491 2843 2891 2892
10585 6 2 7 1 442 491 492 2843 2892 2893
10586 6 2 7 1 492 443 442 2893 2844 2843
10587 6 2 7 1 443 492 444 2844 2893 2845
10588 6 2 7 1 444 492 493 2845 2893 2894
10589 6 2 7 1 444 493 494 2845 2894 2895
10590 6 2 7 1 494 445 444 2895 2846 2845
10591 6 2 7 1 445 494 446 2846 2895 2847
10592 6 2 7 1 446 494 495 2847 2895 2896
10593 6 2 7 1 446 495 496 2847 2896 2897
10594 6 2 7 1 496 447 446 2897 2848 2847
10595 6 2 7 1 447 496 448 2848 2897 2849
10596 6 2 7 1 448 496 497 2849 2897 2898
10597 6 2 7 1 448 497 498 2849 2898 2899
10598 6 2 7 1 498 449 448 2899 2850 2849
10599 6 2 7 1 449 498 155 2850 2899 351
10600 6 2 7 1 155 498 154 351 2899 350
10601 6 2 7 1 10 11 450 206 207 2851
10602 6 2 7 1 450 11 499 2851 207 2900
10603 6 2 7 1 450 499 500 2851 2900 2901
10604 6 2 7 1 500 451 450 2901 2852 2851
10605 6 2 7 1 451 500 452 2852 2901 2853
10606 6 2 7 1 452 500 501 2853 2901 2902
10607 6 2 7 1 452 501 502 2853 2902 2903
10608 6 2 7 1 502 453 452 2903 2854 2853
10609 6 2 7 1 453 502 454 2854 2903 2855
10610 6 2 7 1 454 502 503 2855 2903 2904
10611 6 2 7 1 454 503 504 2855 2904 2905
10612 6 2 7 1 504 455 454 2905 2856 2855
10613 6 2 7 1 455 504 456 2856 2905 2857
10614 6 2 7 1 456 504 505 2857 2905 2906
10615 6 2 7 1 456 505 506 2857 2906 2907
10616 6 2 7 1 506 457 456 2907 2858 2857
10617 6 2 7 1 457 506 458 2858 2907 2859
10618 6 2 7 1 458 506 507 2859 2907 2908
10619 6 2 7 1 458 507 508 2859 2908 2909
10620 6 2 7 1 508 459 458 2909 2860 2859
10621 6 2 7 1 459 508 460 2860 2909 2861
10622 6 2 7 1 460 508 509 2861 2909 2910
10623 6 2 7 1 460 509 510 2861 2910 2911
10624 6 2 7 1 510 461 460 2911 2862 2861
10625 6 2 7 1 461 510 462 2862 2911 2863
10626 6 2 7 1 462 510 511 2863 2911 2912
10627 6 2 7 1 462 511 512 2863 2912 2913
10628 6 2 7 1 512 463 462 2913 2864 2863
10629 6 2 7 1 463 512 464 2864 2913 2865
10630 6 2 7 1 464 512 513 2865 2913 2914
10631 6 2 7 1 464 513 514 2865 2914 2915
10632 6 2 7 1 514 465 464 2915 2866 2865
10633 6 2 7 1 465 514 466 2866 2915 2867
10634 6 2 7 1 466 514 515 2867 2915 2916
10635 6 2 7 1 466 515 516 2867 2916 2917
10636 6 2 7 1 516 467 466 2917 2868 2867
10637 6 2 7 1 467 516 468 2868 2917 2869
10638 6 2 7 1 468 516 517 2869 2917 2918
10639 6 2 7 1 468 517 518 2869 2918 2919
10640 6 2 7 1 518 469 468 2919 2870 2869
10641 6 2 7 1 469 518 470 2870 2919 2871
10642 6 2 7 1 470 518 519 2871 2919 2920
10643 6 2 7 1 470 519 520 2871 2920 2921
10644 6 2 7 1 520 471 470 2921 2872 2871
10645 6 2 7 1 471 520 472 2872 2921 2873
10646 6 2 7 1 472 520 521 2873 2921 2922
10647 6 2 7 1 472 521 522 2873 2922 2923
10648 6 2 7 1 522 473 472 2923 2874 2873
10649 6 2 7 1 473 522 474 2874 2923 2875
10650 6 2 7 1 474 522 523 2875 2923 2924
10651 6 2 7 1 474 523 524 2875 2924 2925
10652 6 2 7 1 524 475 474 2925 2876 2875
10653 6 2 7 1 475 524 476 2876 2925 2877
10654 6 2 7 1 476 524 525 2877 2925 2926
10655 6 2 7 1 476 525 526 2877 2926 2927
10656 6 2 7 1 526 477 476 2927 2878 2877
10657 6 2 7 1 477 526 478 2878 2927 2879
10658 6 2 7 1 478 526 527 2879 2927 2928
10659 6 2 7 1 478 527 528 2879 2928 2929
10660 6 2 7 1 528 479 478 2929 2880 2879
10661 6 2 7 1 479 528 480 2880 2929 2881
10662 6 2 7 1 480 528 529 2881 2929 2930
10663 6 2 7 1 480 529 530 2881 2930 2931
10664 6 2 7 1 530 481 480 2931 2882 2881
10665 6 2 7 1 481 530 482 2882 2931 2883
10666 6 2 7 1 482 530 531 2883 2931 2932
10667 6 2 7 1 482 531 532 2883 2932 2933
10668 6 2 7 1 532 483 482 2933 2884 2883
10669 6 2 7 1 483 532 484 2884 2933 2885
10670 6 2 7 1 484 532 533 2885 2933 2934
10671 6 2 7 1 484 533 534 2885 2934 2935
10672 6 2 7 1 534 485 484 2935 2886 2885
10673 6 2 7 1 485 534 486 2886 2935 2887
10674 6 2 7 1 486 534 535 2887 2935 2936
10675 6 2 7 1 486 535 536 2887 2936 2937
10676 6 2 7 1 536 487 486 2937 2888 2887
10677 6 2 7 1 487 536 488 2888 2937 2889
10678 6 2 7 1 488 536 537 2889 2937 2938
10679 6 2 7 1 488 537 538 2889 2938 2939
10680 6 2 7 1 538 489 488 2939 2890 2889
10681 6 2 7 1 489 538 490 2890 2939 2891
10682 6 2 7 1 490 538 539 2891 2939 2940
10683 6 2 7 1 490 539 540 2891 2940 2941
10684 6 2 7 1 540 491 490 2941 2892 2891
10685 6 2 7 1 491 540 492 2892 2941 2893
10686 6 2 7 1 492 540 541 2893 2941 2942
10687 6 2 7 1 492 541 542 2893 2942 2943
10688 6 2 7 1 542 493 492 2943 2894 2893
10689 6 2 7 1 493 542 494 2894 2943 2895
10690 6 2 7 1 494 542 543 2895 2943 2944
10691 6 2 7 1 494 543 544 2895 2944 2945
10692 6 2 7 1 544 495 494 2945 2896 2895
10693 6 2 7 1 495 544 496 2896 2945 2897
10694 6 2 7 1 496 544 545 2897 2945 2946
10695 6 2 7 1 496 545 546 2897 2946 2947
10696 6 2 7 1 546 497 496 2947 2898 2897
10697 6 2 7 1 497 546 498 2898 2947 2899
10698 6 2 7 1 498 546 547 2899 2947 2948
10699 6 2 7 1 498 547 153 2899 2948 349
10700 6 2 7 1 153 154 498 349 350 2899
10701 6 2 7 1 11 12 548 207 208 2949
10702 6 2 7 1 548 499 11 2949 2900 207
10703 6 2 7 1 499 548 500 2900 2949 2901
10704 6 2 7 1 500 548 549 2901 2949 2950
10705 6 2 7 1 500 549 550 2901 2950 2951
10706 6 2 7 1 550 501 500 2951 2902 2901
10707 6 2 7 1 501 550 502 2902 2951 2903
10708 6 2 7 1 502 550 551 2903 2951 2952
10709 6 2 7 1 502 551 552 2903 2952 2953
10710 6 2 7 1 552 503 502 2953 2904 2903
10711 6 2 7 1 503 552 504 2904 2953 2905
10712 6 2 7 1 504 552 553 2905 2953 2954
10713 6 2 7 1 504 553 554 2905 2954 2955
10714 6 2 7 1 554 505 504 2955 2906 2905
10715 6 2 7 1 505 554 506 2906 2955 2907
10716 6 2 7 1 506 554 555 2907 2955 2956
10717 6 2 7 1 506 555 556 2907 2956 2957
10718 6 2 7 1 556 507 506 2957 2908 2907
10719 6 2 7 1 507 556 508 2908 2957 2909
10720 6 2 7 1 508 556 557 2909 2957 2958
10721 6 2 7 1 508 557 558 2909 2958 2959
10722 6 2 7 1 558 509 508 2959 2910 2909
10723 6 2 7 1 509 558 510 2910 2959 2911
10724 6 2 7 1 510 558 559 2911 2959 2960
10725 6 2 7 1 510 559 560 2911 2960 2961
10726 6 2 7 1 560 511 510 2961 2912 2911
10727 6 2 7 1 511 560 512 2912 2961 2913
10728 6 2 7 1 512 560 561 2913 2961 2962
10729 6 2 7 1 512 561 562 2913 2962 2963
10730 6 2 7 1 562 513 512 2963 2914 2913
10731 6 2 7 1 513 562 514 2914 2963 2915
10732 6 2 7 1 514 562 563 2915 2963 2964
10733 6 2 7 1 514 563 564 2915 2964 2965
10734 6 2 7 1 564 515 514 2965 2916 2915
10735 6 2 7 1 515 564 516 2916 2965 2917
10736 6 2 7 1 516 564 565 2917 2965 2966
10737 6 2 7 1 516 565 566 2917 2966 2967
10738 6 2 7 1 566 517 516 2967 2918 2917
10739 6 2 7 1 517 566 518 2918 2967 2919
10740 6 2 7 1 518 566 567 2919 2967 2968
10741 6 2 7 1 518 567 568 2919 2968 2969
10742 6 2 7 1 568 519 518 2969 2920 2919
10743 6 2 7 1 519 568 520 2920 2969 2921
10744 6 2 7 1 520 568 569 2921 2969 2970
10745 6 2 7 1 520 569 570 2921 2970 2971
10746 6 2 7 1 570 521 520 2971 2922 2921
10747 6 2 7 1 521 570 522 2922 2971 2923
10748 6 2 7 1 522 570 571 2923 2971 2972
10749 6 2 7 1 522 571 572 2923 2972 2973
10750 6 2 7 1 572 523 522 2973 2924 2923
10751 6 2 7 1 523 572 524 2924 2973 2925
10752 6 2 7 1 524 572 573 2925 2973 2974
10753 6 2 7 1 524 573 574 2925 2974 2975
10754 6 2 7 1 574 525 524 2975 2926 2925
10755 6 2 7 1 525 574 526 2926 2975 2927
10756 6 2 7 1 526 574 575 2927 2975 2976
10757 6 2 7 1 526 575 576 2927 2976 2977
10758 6 2 7 1 576 527 526 2977 2928 2927
10759 6 2 7 1 527 576 528 2928 2977 2929
10760 6 2 7 1 528 576 577 2929 2977 2978
10761 6 2 7 1 528 577 578 2929 2978 2979
10762 6 2 7 1 578 529 528 2979 2930 2929
10763 6 2 7 1 529 578 530 2930 2979 2931
10764 6 2 7 1 530 578 579 2931 2979 2980
10765 6 2 7 1 530 579 580 2931 2980 2981
10766 6 2 7 1 580 531 530 2981 2932 2931
10767 6 2 7 1 531 580 532 2932 2981 2933
10768 6 2 7 1 532 580 581 2933 2981 2982
10769 6 2 7 1 532 581 582 2933 2982 2983
10770 6 2 7 1 582 533 532 2983 2934 2933
10771 6 2 7 1 533 582 534 2934 2983 2935
10772 6 2 7 1 534 582 583 2935 2983 2984
10773 6 2 7 1 534 583 584 2935 2984 2985
10774 6 2 7 1 584 535 534 2985 2936 2935
10775 6 2 7 1 535 584 536 2936 2985 2937
10776 6 2 7 1 536 584 585 2937 2985 2986
10777 6 2 7 1 536 585 586 2937 2986 2987
10778 6 2 7 1 586 537 536 2987 2938 2937
10779 6 2 7 1 537 586 538 2938 2987 2939
10780 6 2 7 1 538 586 587 2939 2987 2988
10781 6 2 7 1 538 587 588 2939 2988 2989
10782 6 2 7 1 588 539 538 2989 2940 2939
10783 6 2 7 1 539 588 540 2940 2989 2941
10784 6 2 7 1 540 588 589 2941 2989 2990
10785 6 2 7 1 540 589 590 2941 2990 2991
10786 6 2 7 1 590 541 540 2991 2942 2941
10787 6 2 7 1 541 590 542 2942 2991 2943
10788 6 2 7 1 542 590 591 2943 2991 2992
10789 6 2 7 1 542 591 592 2943 2992 2993
10790 6 2 7 1 592 543 542 2993 2944 2943
10791 6 2 7 1 543 592 544 2944 2993 2945
10792 6 2 7 1 544 592 593 2945 2993 2994
10793 6 2 7 1 544 593 594 2945 2994 2995
10794 6 2 7 1 594 545 544 2995 2946 2945
10795 6 2 7 1 545 594 546 2946 2995 2947
10796 6 2 7 1 546 594 595 2947 2995 2996
10797 6 2 7 1 546 595 596 2947 2996 2997
10798 6 2 7 1 596 547 546 2997 2948 2947
10799 6 2 7 1 547 596 153 2948 2997 349
10800 6 2 7 1 153 596 152 349 2997 348
10801 6 2 7 1 12 13 548 208 209 2949
10802 6 2 7 1 548 13 597 2949 209 2998
10803 6 2 7 1 548 597 598 2949 2998 2999
10804 6 2 7 1 598 549 548 2999 2950 2949
10805 6 2 7 1 549 598 550 2950 2999 2951
10806 6 2 7 1 550 598 599 2951 2999 3000
10807 6 2 7 1 550 599 600 2951 3000 3001
10808 6 2 7 1 600 551 550 3001 2952 2951
10809 6 2 7 1 551 600 552 2952 3001 2953
10810 6 2 7 1 552 600 601 2953 3001 3002
10811 6 2 7 1 552 601 602 2953 3002 3003
10812 6 2 7 1 602 553 552 3003 2954 2953
10813 6 2 7 1 553 602 554 2954 3003 2955
10814 6 2 7 1 554 602 603 2955 3003 3004
10815 6 2 7 1 554 603 604 2955 3004 3005
10816 6 2 7 1 604 555 554 3005 2956 2955
10817 6 2 7 1 555 604 556 2956 3005 2957
10818 6 2 7 1 556 604 605 2957 3005 3006
10819 6 2 7 1 556 605 606 2957 3006 3007
10820 6 2 7 1 606 557 556 3007 2958 2957
10821 6 2 7 1 557 606 558 2958 3007 2959
10822 6 2 7 1 558 606 607 2959 3007 3008
10823 6 2 7 1 558 607 608 2959 3008 3009
10824 6 2 7 1 608 559 558 3009 2960 2959
10825 6 2 7 1 559 608 560 2960 3009 2961
10826 6 2 7 1 560 608 609 2961 3009 3010
10827 6 2 7 1 560 609 610 2961 3010 3011
10828 6 2 7 1 610 561 560 3011 2962 2961
10829 6 2 7 1 561 610 562 2962 3011 2963
10830 6 2 7 1 562 610 611 2963 3011 3012
10831 6 2 7 1 562 611 612 2963 3012 3013
10832 6 2 7 1 612 563 562 3013 2964 2963
10833 6 2 7 1 563 612 564 2964 3013 2965
10834 6 2 7 1 564 612 613 2965 3013 3014
10835 6 2 7 1 564 613 614 2965 3014 3015
10836 6 2 7 1 614 565 564 3015 2966 2965
10837 6 2 7 1 565 614 566 2966 3015 2967
10838 6 2 7 1 566 614 615 2967 3015 3016
10839 6 2 7 1 566 615 616 2967 3016 3017
10840 6 2 7 1 616 567 566 3017 2968 2967
10841 6 2 7 1 567 616 568 2968 3017 2969
10842 6 2 7 1 568 616 617 2969 3017 3018
10843 6 2 7 1 568 617 618 2969 3018 3019
10844 6 2 7 1 618 569 568 3019 2970 2969
10845 6 2 7 1 569 618 570 2970 3019 2971
10846 6 2 7 1 570 618 619 2971 3019 3020
10847 6 2 7 1 570 619 620 2971 3020 3021
10848 6 2 7 1 620 571 570 3021 2972 2971
10849 6 2 7 1 571 620 572 2972 3021 2973
10850 6 2 7 1 572 620 621 2973 3021 3022
10851 6 2 7 1 572 621 622 2973 3022 3023
10852 6 2 7 1 622 573 572 3023 2974 2973
10853 6 2 7 1 573 622 574 2974 3023 2975
10854 6 2 7 1 574 622 623 2975 3023 3024
10855 6 2 7 1 574 623 624 2975 3024 3025
10856 6 2 7 1 624 575 574 3025 2976 2975
10857 6 2 7 1 575 624 576 2976 3025 2977
10858 6 2 7 1 576 624 625 2977 3025 3026
10859 6 2 7 1 576 625 626 2977 3026 3027
10860 6 2 7 1 626 577 576 3027 2978 2977
10861 6 2 7 1 577 626 578 2978 3027 2979
10862 6 2 7 1 578 626 627 2979 3027 3028
10863 6 2 7 1 578 627 628 2979 3028 3029
10864 6 2 7 1 628 579 578 3029 2980 2979
10865 6 2 7 1 579 628 580 2980 3029 2981
10866 6 2 7 1 580 628 629 2981 3029 3030
10867 6 2 7 1 580 629 630 2981 3030 3031
10868 6 2 7 1 630 581 580 3031 2982 2981
10869 6 2 7 1 581 630 582 2982 3031 2983
10870 6 2 7 1 582 630 631 2983 3031 3032
10871 6 2 7 1 582 631 632 2983 3032 3033
10872 6 2 7 1 632 583 582 3033 2984 2983
10873 6 2 7 1 583 632 584 2984 3033 2985
10874 6 2 7 1 584 632 633 2985 3033 3034
10875 6 2 7 1 584 633 634 2985 3034 3035
10876 6 2 7 1 634 585 584 3035 2986 2985
10877 6 2 7 1 585 634 586 2986 3035 2987
10878 6 2 7 1 586 634 635 2987 3035 3036
10879 6 2 7 1 586 635 636 2987 3036 3037
10880 6 2 7 1 636 587 586 3037 2988 2987
10881 6 2 7 1 587 636 588 2988 3037 2989
10882 6 2 7 1 588 636 637 2989 3037 3038
10883 6 2 7 1 588 637 638 2989 3038 3039
10884 6 2 7 1 638 589 588 3039 2990 2989
10885 6 2 7 1 589 638 590 2990 3039 2991
10886 6 2 7 1 590 638 639 2991 3039 3040
10887 6 2 7 1 590 639 640 2991 3040 3041
10888 6 2 7 1 640 591 590 3041 2992 2991
10889 6 2 7 1 591 640 592 2992 3041 2993
10890 6 2 7 1 592 640 641 2993 3041 3042
10891 6 2 7 1 592 641 642 2993 3042 3043
10892 6 2 7 1 642 593 592 3043 2994 2993
10893 6 2 7 1 593 642 594 2994 3043 2995
10894 6 2 7 1 594 642 643 2995 3043 3044
10895 6 2 7 1 594 643 644 2995 3044 3045
10896 6 2 7 1 644 595 594 3045 2996 2995
10897 6 2 7 1 595 644 596 2996 3045 2997
10898 6 2 7 1 596 644 645 2997 3045 3046
10899 6 2 7 1 596 645 151 2997 3046 347
10900 6 2 7 1 151 152 596 347 348 2997
10901 6 2 7 1 13 14 646 209 210 3047
10902 6 2 7 1 646 597 13 3047 2998 209
10903 6 2 7 1 597 646 598 2998 3047 2999
10904 6 2 7 1 598 646 647 2999 3047 3048
10905 6 2 7 1 598 647 648 2999 3048 3049
10906 6 2 7 1 648 599 598 3049 3000 2999
10907 6 2 7 1 599 648 600 3000 3049 3001
10908 6 2 7 1 600 648 649 3001 3049 3050
10909 6 2 7 1 600 649 650 3001 3050 3051
10910 6 2 7 1 650 601 600 3051 3002 3001
10911 6 2 7 1 601 650 602 3002 3051 3003
10912 6 2 7 1 602 650 651 3003 3051 3052
10913 6 2 7 1 602 651 652 3003 3052 3053
10914 6 2 7 1 652 603 602 3053 3004 3003
10915 6 2 7 1 603 652 604 3004 3053 3005
10916 6 2 7 1 604 652 653 3005 3053 3054
10917 6 2 7 1 604 653 654 3005 3054 3055
10918 6 2 7 1 654 605 604 3055 3006 3005
10919 6 2 7 1 605 654 606 3006 3055 3007
10920 6 2 7 1 606 654 655 3007 3055 3056
10921 6 2 7 1 606 655 656 3007 3056 3057
10922 6 2 7 1 656 607 606 3057 3008 3007
10923 6 2 7 1 607 656 608 3008 3057 3009
10924 6 2 7 1 608 656 657 3009 3057 3058
10925 6 2 7 1 608 657 658 3009 3058 3059
10926 6 2 7 1 658 609 608 3059 3010 3009
10927 6 2 7 1 609 658 610 3010 3059 3011
10928 6 2 7 1 610 658 659 3011 3059 3060
10929 6 2 7 1 610 659 660 3011 3060 3061
10930 6 2 7 1 660 611 610 3061 3012 3011
10931 6 2 7 1 611 660 612 3012 3061 3013
10932 6 2 7 1 612 660 661 3013 3061 3062
10933 6 2 7 1 612 661 662 3013 3062 3063
10934 6 2 7 1 662 613 612 3063 3014 3013
10935 6 2 7 1 613 662 614 3014 3063 3015
10936 6 2 7 1 614 662 663 3015 3063 3064
10937 6 2 7 1 614 663 664 3015 3064 3065
10938 6 2 7 1 664 615 614 3065 3016 3015
10939 6 2 7 1 615 664 616 3016 3065 3017
10940 6 2 7 1 616 664 665 3017 3065 3066
10941 6 2 7 1 616 665 666 3017 3066 3067
10942 6 2 7 1 666 617 616 3067 3018 3017
10943 6 2 7 1 617 666 618 3018 3067 3019
10944 6 2 7 1 618 666 667 3019 3067 3068
10945 6 2 7 1 618 667 668 3019 3068 3069
10946 6 2 7 1 668 619 618 3069 3020 3019
10947 6 2 7 1 619 668 620 3020 3069 3021
10948 6 2 7 1 620 668 669 3021 3069 3070
10949 6 2 7 1 620 669 670 3021 3070 3071
10950 6 2 7 1 670 621 620 3071 3022 3021
10951 6 2 7 1 621 670 622 3022 3071 3023
10952 6 2 7 1 622 670 671 3023 3071 3072
10953 6 2 7 1 622 671 672 3023 3072 3073
10954 6 2 7 1 672 623 622 3073 3024 3023
10955 6 2 7 1 623 672 624 3024 3073 3025
10956 6 2 7 1 624 672 673 3025 3073 3074
10957 6 2 7 1 624 673 674 3025 3074 3075
10958 6 2 7 1 674 625 624 3075 3026 3025
10959 6 2 7 1 625 674 626 3026 3075 3027
10960 6 2 7 1 626 674 675 3027 3075 3076
10961 6 2 7 1 626 675 676 3027 3076 3077
10962 6 2 7 1 676 627 626 3077 3028 3027
10963 6 2 7 1 627 676 628 3028 3077 3029
10964 6 2 7 1 628 676 677 3029 3077 3078
10965 6 2 7 1 628 677 678 3029 3078 3079
10966 6 2 7 1 678 629 628 3079 3030 3029
10967 6 2 7 1 629 678 630 3030 3079 3031
10968 6 2 7 1 630 678 679 3031 3079 3080
10969 6 2 7 1 630 679 680 3031 3080 3081
10970 6 2 7 1 680 631 630 3081 3032 3031
10971 6 2 7 1 631 680 632 3032 3081 3033
10972 6 2 7 1 632 680 681 3033 3081 3082
10973 6 2 7 1 632 681 682 3033 3082 3083
10974 6 2 7 1 682 633 632 3083 3034 3033
10975 6 2 7 1 633 682 634 3034 3083 3035
10976 6 2 7 1 634 682 683 3035 3083 3084
10977 6 2 7 1 634 683 684 3035 3084 3085
10978 6 2 7 1 684 635 634 3085 3036 3035
10979 6 2 7 1 635 684 636 3036 3085 3037
10980 6 2 7 1 636 684 685 3037 3085 3086
10981 6 2 7 1 636 685 686 3037 3086 3087
10982 6 2 7 1 686 637 636 3087 3038 3037
10983 6 2 7 1 637 686 638 3038 3087 3039
10984 6 2 7 1 638 686 687 3039 3087 3088
10985 6 2 7 1 638 687 688 3039 3088 3089
10986 6 2 7 1 688 639 638 3089 3040 3039
10987 6 2 7 1 639 688 640 3040 3089 3041
10988 6 2 7 1 640 688 689 3041 3089 3090
10989 6 2 7 1 640 689 690 3041 3090 3091
10990 6 2 7 1 690 641 640 3091 3042 3041
10991 6 2 7 1 641 690 642 3042 3091 3043
10992 6 2 7 1 642 690 691 3043 3091 3092
10993 6 2 7 1 642 691 692 3043 3092 3093
10994 6 2 7 1 692 643 642 3093 3044 3043
10995 6 2 7 1 643 692 644 3044 3093 3045
10996 6 2 7 1 644 692 693 3045 3093 3094
10997 6 2 7 1 644 693 694 3045 3094 3095
10998 6 2 7 1 694 645 644 3095 3046 3045
10999 6 2 7 1 645 694 151 3046 3095 347
11000 6 2 7 1 151 694 150 347 3095 346
11001 6 2 7 1 14 15 646 210 211 3047
11002 6 2 7 1 646 15 695 3047 211 3096
11003 6 2 7 1 646 695 696 3047 3096 3097
11004 6 2 7 1 696 647 646 3097 3048 3047
11005 6 2 7 1 647 696 648 3048 3097 3049
11006 6 2 7 1 648 696 697 3049 3097 3098
11007 6 2 7 1 648 697 698 3049 3098 3099
11008 6 2 7 1 698 649 648 3099 3050 3049
11009 6 2 7 1 649 698 650 3050 3099 3051
11010 6 2 7 1 650 698 699 3051 3099 3100
11011 6 2 7 1 650 699 700 3051 3100 3101
11012 6 2 7 1 700 651 650 3101 3052 3051
11013 6 2 7 1 651 700 652 3052 3101 3053
11014 6 2 7 1 652 700 701 3053 3101 3102
11015 6 2 7 1 652 701 702 3053 3102 3103
11016 6 2 7 1 702 653 652 3103 3054 3053
11017 6 2 7 1 653 702 654 3054 3103 3055
11018 6 2 7 1 654 702 703 3055 3103 3104
11019 6 2 7 1 654 703 704 3055 3104 3105
11020 6 2 7 1 704 655 654 3105 3056 3055
11021 6 2 7 1 655 704 656 3056 3105 3057
11022 6 2 7 1 656 704 705 3057 3105 3106
11023 6 2 7 1 656 705 706 3057 3106 3107
11024 6 2 7 1 706 657 656 3107 3058 3057
11025 6 2 7 1 657 706 658 3058 3107 3059
11026 6 2 7 1 658 706 707 3059 3107 3108
11027 6 2 7 1 658 707 708 3059 3108 3109
11028 6 2 7 1 708 659 658 3109 3060 3059
11029 6 2 7 1 659 708 660 3060 3109 3061
11030 6 2 7 1 660 708 709 3061 3109 3110
11031 6 2 7 1 660 709 710 3061 3110 3111
11032 6 2 7 1 710 661 660 3111 3062 3061
11033 6 2 7 1 661 710 662 3062 3111 3063
11034 6 2 7 1 662 710 711 3063 3111 3112
11035 6 2 7 1 662 711 712 3063 3112 3113
11036 6 2 7 1 712 663 662 3113 3064 3063
11037 6 2 7 1 663 712 664 3064 3113 3065
11038 6 2 7 1 664 712 713 3065 3113 3114
11039 6 2 7 1 664 713 714 3065 3114 3115
11040 6 2 7 1 714 665 664 3115 3066 3065
11041 6 2 7 1 665 714 666 3066 3115 3067
11042 6 2 7 1 666 714 715 3067 3115 3116
11043 6 2 7 1 666 715 716 3067 3116 3117
11044 6 2 7 1 716 667 666 3117 3068 3067
11045 6 2 7 1 667 716 668 3068 3117 3069
11046 6 2 7 1 668 716 717 3069 3117 3118
11047 6 2 7 1 668 717 718 3069 3118 3119
11048 6 2 7 1 718 669 668 3119 3070 3069
11049 6 2 7 1 669 718 670 3070 3119 3071
11050 6 2 7 1 670 718 719 3071 3119 3120
11051 6 2 7 1 670 719 720 3071 3120 3121
11052 6 2 7 1 720 671 670 3121 3072 3071
11053 6 2 7 1 671 720 672 3072 3121 3073
11054 6 2 7 1 672 720 721 3073 3121 3122
11055 6 2 7 1 672 721 722 3073 3122 3123
11056 6 2 7 1 722 673 672 3123 3074 3073
11057 6 2 7 1 673 722 674 3074 3123 3075
11058 6 2 7 1 674 722 723 3075 3123 3124
11059 6 2 7 1 674 723 724 3075 3124 3125
11060 6 2 7 1 724 675 674 3125 3076 3075
11061 6 2 7 1 675 724 676 3076 3125 3077
11062 6 2 7 1 676 724 725 3077 3125 3126
11063 6 2 7 1 676 725 726 3077 3126 3127
11064 6 2 7 1 726 677 676 3127 3078 3077
11065 6 2 7 1 677 726 678 3078 3127 3079
11066 6 2 7 1 678 726 727 3079 3127 3128
11067 6 2 7 1 678 727 728 3079 3128 3129
11068 6 2 7 1 728 679 678 3129 3080 3079
11069 6 2 7 1 679 728 680 3080 3129 3081
11070 6 2 7 1 680 728 729 3081 3129 3130
11071 6 2 7 1 680 729 730 3081 3130 3131
11072 6 2 7 1 730 681 680 3131 3082 3081
11073 6 2 7 1 681 730 682 3082 3131 3083
11074 6 2 7 1 682 730 731 3083 3131 3132
11075 6 2 7 1 682 731 732 3083 3132 3133
11076 6 2 7 1 732 683 682 3133 3084 3083
11077 6 2 7 1 683 732 684 3084 3133 3085
11078 6 2 7 1 684 732 733 3085 3133 3134
11079 6 2 7 1 684 733 734 3085 3134 3135
11080 6 2 7 1 734 685 684 3135 3086 3085
11081 6 2 7 1 685 734 686 3086 3135 3087
11082 6 2 7 1 686 734 735 3087 3135 3136
11083 6 2 7 1 686 735 736 3087 3136 3137
11084 6 2 7 1 736 687 686 3137 3088 3087
11085 6 2 7 1 687 736 688 3088 3137 3089
11086 6 2 7 1 688 736 737 3089 3137 3138
11087 6 2 7 1 688 737 738 3089 3138 3139
11088 6 2 7 1 738 689 688 3139 3090 3089
11089 6 2 7 1 689 738 690 3090 3139 3091
11090 6 2 7 1 690 738 739 3091 3139 3140
11091 6 2 7 1 690 739 740 3091 3140 3141
11092 6 2 7 1 740 691 690 3141 3092 3091
11093 6 2 7 1 691 740 692 3092 3141 3093
11094 6 2 7 1 692 740 741 3093 3141 3142
11095 6 2 7 1 692 741 742 3093 3142 3143
11096 6 2 7 1 742 693 692 3143 3094 3093
11097 6 2 7 1 693 742 694 3094 3143 3095
11098 6 2 7 1 694 742 743 3095 3143 3144
11099 6 2 7 1 694 743 149 3095 3144 345
11100 6 2 7 1 149 150 694 345 346 3095
11101 6 2 7 1 15 16 744 211 212 3145
11102 6 2 7 1 744 695 15 3145 3096 211
11103 6 2 7 1 695 744 696 3096 3145 3097
11104 6 2 7 1 696 744 745 3097 3145 3146
11105 6 2 7 1 696 745 746 3097 3146 3147
11106 6 2 7 1 746 697 696 3147 3098 3097
11107 6 2 7 1 697 746 698 3098 3147 3099
11108 6 2 7 1 698 746 747 3099 3147 3148
11109 6 2 7 1 698 747 748 3099 3148 3149
11110 6 2 7 1 748 699 698 3149 3100 3099
11111 6 2 7 1 699 748 700 3100 3149 3101
11112 6 2 7 1 700 748 749 3101 3149 3150
11113 6 2 7 1 700 749 750 3101 3150 3151
11114 6 2 7 1 750 701 700 3151 3102 3101
11115 6 2 7 1 701 750 702 3102 3151 3103
11116 6 2 7 1 702 750 751 3103 3151 3152
11117 6 2 7 1 702 751 752 3103 3152 3153
11118 6 2 7 1 752 703 702 3153 3104 3103
11119 6 2 7 1 703 752 704 3104 3153 3105
11120 6 2 7 1 704 752 753 3105 3153 3154
11121 6 2 7 1 704 753 754 3105 3154 3155
11122 6 2 7 1 754 705 704 3155 3106 3105
11123 6 2 7 1 705 754 706 3106 3155 3107
11124 6 2 7 1 706 754 755 3107 3155 3156
11125 6 2 7 1 706 755 756 3107 3156 3157
11126 6 2 7 1 756 707 706 3157 3108 3107
11127 6 2 7 1 707 756 708 3108 3157 3109
11128 6 2 7 1 708 756 757 3109 3157 3158
11129 6 2 7 1 708 757 758 3109 3158 3159
11130 6 2 7 1 758 709 708 3159 3110 3109
11131 6 2 7 1 709 758 710 3110 3159 3111
11132 6 2 7 1 710 758 759 3111 3159 3160
11133 6 2 7 1 710 759 760 3111 3160 3161
11134 6 2 7 1 760 711 710 3161 3112 3111
11135 6 2 7 1 711 760 712 3112 3161 3113
11136 6 2 7 1 712 760 761 3113 3161 3162
11137 6 2 7 1 712 761 762 3113 3162 3163
11138 6 2 7 1 762 713 712 3163 3114 3113
11139 6 2 7 1 713 762 714 3114 3163 3115
11140 6 2 7 1 714 762 763 3115 3163 3164
11141 6 2 7 1 714 763 764 3115 3164 3165
11142 6 2 7 1 764 715 714 3165 3116 3115
11143 6 2 7 1 715 764 716 3116 3165 3117
11144 6 2 7 1 716 764 765 3117 3165 3166
11145 6 2 7 1 716 765 766 3117 3166 3167
11146 6 2 7 1 766 717 716 3167 3118 3117
11147 6 2 7 1 717 766 718 3118 3167 3119
11148 6 2 7 1 718 766 767 3119 3167 3168
11149 6 2 7 1 718 767 768 3119 3168 3169
11150 6 2 7 1 768 719 718 3169 3120 3119
11151 6 2 7 1 719 768 720 3120 3169 3121
11152 6 2 7 1 720 768 769 3121 3169 3170
11153 6 2 7 1 720 769 770 3121 3170 3171
11154 6 2 7 1 770 721 720 3171 3122 3121
11155 6 2 7 1 721 770 722 3122 3171 3123
11156 6 2 7 1 722 770 771 3123 3171 3172
11157 6 2 7 1 722 771 772 3123 3172 3173
11158 6 2 7 1 772 723 722 3173 3124 3123
11159 6 2 7 1 723 772 724 3124 3173 3125
11160 6 2 7 1 724 772 773 3125 3173 3174
11161 6 2 7 1 724 773 774 3125 3174 3175
11162 6 2 7 1 774 725 724 3175 3126 3125
11163 6 2 7 1 725 774 726 3126 3175 3127
11164 6 2 7 1 726 774 775 3127 3175 3176
11165 6 2 7 1 726 775 776 3127 3176 3177
11166 6 2 7 1 776 727 726 3177 3128 3127
11167 6 2 7 1 727 776 728 3128 3177 3129
11168 6 2 7 1 728 776 777 3129 3177 3178
11169 6 2 7 1 728 777 778 3129 3178 3179
11170 6 2 7 1 778 729 728 3179 3130 3129
11171 6 2 7 1 729 778 730 3130 3179 3131
11172 6 2 7 1 730 778 779 3131 3179 3180
11173 6 2 7 1 730 779 780 3131 3180 3181
11174 6 2 7 1 780 731 730 3181 3132 3131
11175 6 2 7 1 731 780 732 3132 3181 3133
11176 6 2 7 1 732 780 781 3133 3181 3182
11177 6 2 7 1 732 781 782 3133 3182 3183
11178 6 2 7 1 782 733 732 3183 3134 3133
11179 6 2 7 1 733 782 734 3134 3183 3135
11180 6 2 7 1 734 782 783 3135 3183 3184
11181 6 2 7 1 734 783 784 3135 3184 3185
11182 6 2 7 1 784 735 734 3185 3136 3135
11183 6 2 7 1 735 784 736 3136 3185 3137
11184 6 2 7 1 736 784 785 3137 3185 3186
11185 6 2 7 1 736 785 786 3137 3186 3187
11186 6 2 7 1 786 737 736 3187 3138 3137
11187 6 2 7 1 737 786 738 3138 3187 3139
11188 6 2 7 1 738 786 787 3139 3187 3188
11189 6 2 7 1 738 787 788 3139 3188 3189
11190 6 2 7 1 788 739 738 3189 3140 3139
11191 6 2 7 1 739 788 740 3140 3189 3141
11192 6 2 7 1 740 788 789 3141 3189 3190
11193 6 2 7 1 740 789 790 3141 3190 3191
11194 6 2 7 1 790 741 740 3191 3142 3141
11195 6 2 7 1 741 790 742 3142 3191 3143
11196 6 2 7 1 742 790 791 3143 3191 3192
11197 6 2 7 1 742 791 792 3143 3192 3193
11198 6 2 7 1 792 743 742 3193 3144 3143
11199 6 2 7 1 743 792 149 3144 3193 345
11200 6 2 7 1 149 792 148 345 3193 344
11201 6 2 7 1 16 17 744 212 213 3145
11202 6 2 7 1 744 17 793 3145 213 3194
11203 6 2 7 1 744 793 794 3145 3194 3195
11204 6 2 7 1 794 745 744 3195 3146 3145
11205 6 2 7 1 745 794 746 3146 3195 3147
11206 6 2 7 1 746 794 795 3147 3195 3196
11207 6 2 7 1 746 795 796 3147 3196 3197
11208 6 2 7 1 796 747 746 3197 3148 3147
11209 6 2 7 1 747 796 748 3148 3197 3149
11210 6 2 7 1 748 796 797 3149 3197 3198
11211 6 2 7 1 748 797 798 3149 3198 3199
11212 6 2 7 1 798 749 748 3199 3150 3149
11213 6 2 7 1 749 798 750 3150 3199 3151
11214 6 2 7 1 750 798 799 3151 3199 3200
11215 6 2 7 1 750 799 800 3151 3200 3201
11216 6 2 7 1 800 751 750 3201 3152 3151
11217 6 2 7 1 751 800 752 3152 3201 3153
11218 6 2 7 1 752 800 801 3153 3201 3202
11219 6 2 7 1 752 801 802 3153 3202 3203
11220 6 2 7 1 802 753 752 3203 3154 3153
11221 6 2 7 1 753 802 754 3154 3203 3155
11222 6 2 7 1 754 802 803 3155 3203 3204
11223 6 2 7 1 754 803 804 3155 3204 3205
11224 6 2 7 1 804 755 754 3205 3156 3155
11225 6 2 7 1 755 804 756 3156 3205 3157
11226 6 2 7 1 756 804 805 3157 3205 3206
11227 6 2 7 1 756 805 806 3157 3206 3207
11228 6 2 7 1 806 757 756 3207 3158 3157
11229 6 2 7 1 757 806 758 3158 3207 3159
11230 6 2 7 1 758 806 807 3159 3207 3208
11231 6 2 7 1 758 807 808 3159 3208 3209
11232 6 2 7 1 808 759 758 3209 3160 3159
11233 6 2 7 1 759 808 760 3160 3209 3161
11234 6 2 7 1 760 808 809 3161 3209 3210
11235 6 2 7 1 760 809 810 3161 3210 3211
11236 6 2 7 1 810 761 760 3211 3162 3161
11237 6 2 7 1 761 810 762 3162 3211 3163
11238 6 2 7 1 762 810 811 3163 3211 3212
11239 6 2 7 1 762 811 812 3163 3212 3213
11240 6 2 7 1 812 763 762 3213 3164 3163
11241 6 2 7 1 763 812 764 3164 3213 3165
11242 6 2 7 1 764 812 813 3165 3213 3214
11243 6 2 7 1 764 813 814 3165 3214 3215
11244 6 2 7 1 814 765 764 3215 3166 3165
11245 6 2 7 1 765 814 766 3166 3215 3167
11246 6 2 7 1 766 814 815 3167 3215 3216
11247 6 2 7 1 766 815 816 3167 3216 3217
11248 6 2 7 1 816 767 766 3217 3168 3167
11249 6 2 7 1 767 816 768 3168 3217 3169
11250 6 2 7 1 768 816 817 3169 3217 3218
11251 6 2 7 1 768 817 818 3169 3218 3219
11252 6 2 7 1 818 769 768 3219 3170 3169
11253 6 2 7 1 769 818 770 3170 3219 3171
11254 6 2 7 1 770 818 819 3171 3219 3220
11255 6 2 7 1 770 819 820 3171 3220 3221
11256 6 2 7 1 820 771 770 3221 3172 3171
11257 6 2 7 1 771 820 772 3172 3221 3173
11258 6 2 7 1 772 820 821 3173 3221 3222
11259 6 2 7 1 772 821 822 3173 3222 3223
11260 6 2 7 1 822 773 772 3223 3174 3173
11261 6 2 7 1 773 822 774 3174 3223 3175
11262 6 2 7 1 774 822 823 3175 3223 3224
11263 6 2 7 1 774 823 824 3175 3224 3225
11264 6 2 7 1 824 775 774 3225 3176 3175
11265 6 2 7 1 775 824 776 3176 3225 3177
11266 6 2 7 1 776 824 825 3177 3225 3226
11267 6 2 7 1 776 825 826 3177 3226 3227
11268 6 2 7 1 826 777 776 3227 3178 3177
11269 6 2 7 1 777 826 778 3178 3227 3179
11270 6 2 7 1 778 826 827 3179 3227 3228
11271 6 2 7 1 778 827 828 3179 3228 3229
11272 6 2 7 1 828 779 778 3229 3180 3179
11273 6 2 7 1 779 828 780 3180 3229 3181
11274 6 2 7 1 780 828 829 3181 3229 3230
11275 6 2 7 1 780 829 830 3181 3230 3231
11276 6 2 7 1 830 781 780 3231 3182 3181
11277 6 2 7 1 781 830 782 3182 3231 3183
11278 6 2 7 1 782 830 831 3183 3231 3232
11279 6 2 7 1 782 831 832 3183 3232 3233
11280 6 2 7 1 832 783 782 3233 3184 3183
11281 6 2 7 1 783 832 784 3184 3233 3185
11282 6 2 7 1 784 832 833 3185 3233 3234
11283 6 2 7 1 784 833 834 3185 3234 3235
11284 6 2 7 1 834 785 784 3235 3186 3185
11285 6 2 7 1 785 834 786 3186 3235 3187
11286 6 2 7 1 786 834 835 3187 3235 3236
11287 6 2 7 1 786 835 836 3187 3236 3237
11288 6 2 7 1 836 787 786 3237 3188 3187
11289 6 2 7 1 787 836 788 3188 3237 3189
11290 6 2 7 1 788 836 837 3189 3237 3238
11291 6 2 7 1 788 837 838 3189 3238 3239
11292 6 2 7 1 838 789 788 3239 3190 3189
11293 6 2 7 1 789 838 790 3190 3239 3191
11294 6 2 7 1 790 838 839 3191 3239 3240
11295 6 2 7 1 790 839 840 3191 3240 3241
11296 6 2 7 1 840 791 790 3241 3192 3191
11297 6 2 7 1 791 840 792 3192 3241 3193
11298 6 2 7 1 792 840 841 3193 3241 3242
11299 6 2 7 1 792 841 147 3193 3242 343
11300 6 2 7 1 147 148 792 343 344 3193
11301 6 2 7 1 17 18 842 213 214 3243
11302 6 2 7 1 842 793 17 3243 3194 213
11303 6 2 7 1 793 842 794 3194 3243 3195
11304 6 2 7 1 794 842 843 3195 3243 3244
11305 6 2 7 1 794 843 844 3195 3244 3245
11306 6 2 7 1 844 795 794 3245 3196 3195
11307 6 2 7 1 795 844 796 3196 3245 3197
11308 6 2 7 1 796 844 845 3197 3245 3246
11309 6 2 7 1 796 845 846 3197 3246 3247
11310 6 2 7 1 846 797 796 3247 3198 3197
11311 6 2 7 1 797 846 798 3198 3247 3199
11312 6 2 7 1 798 846 847 3199 3247 3248
11313 6 2 7 1 798 847 848 3199 3248 3249
11314 6 2 7 1 848 799 798 3249 3200 3199
11315 6 2 7 1 799 848 800 3200 3249 3201
11316 6 2 7 1 800 848 849 3201 3249 3250
11317 6 2 7 1 800 849 850 3201 3250 3251
11318 6 2 7 1 850 801 800 3251 3202 3201
11319 6 2 7 1 801 850 802 3202 3251 3203
11320 6 2 7 1 802 850 851 3203 3251 3252
11321 6 2 7 1 802 851 852 3203 3252 3253
11322 6 2 7 1 852 803 802 3253 3204 3203
11323 6 2 7 1 803 852 804 3204 3253 3205
11324 6 2 7 1 804 852 853 3205 3253 3254
11325 6 2 7 1 804 853 854 3205 3254 3255
11326 6 2 7 1 854 805 804 3255 3206 3205
11327 6 2 7 1 805 854 806 3206 3255 3207
11328 6 2 7 1 806 854 855 3207 3255 3256
11329 6 2 7 1 806 855 856 3207 3256 3257
11330 6 2 7 1 856 807 806 3257 3208 3207
11331 6 2 7 1 807 856 808 3208 3257 3209
11332 6 2 7 1 808 856 857 3209 3257 3258
11333 6 2 7 1 808 857 858 3209 3258 3259
11334 6 2 7 1 858 809 808 3259 3210 3209
11335 6 2 7 1 809 858 810 3210 3259 3211
11336 6 2 7 1 810 858 859 3211 3259 3260
11337 6 2 7 1 810 859 860 3211 3260 3261
11338 6 2 7 1 860 811 810 3261 3212 3211
11339 6 2 7 1 811 860 812 3212 3261 3213
11340 6 2 7 1 812 860 861 3213 3261 3262
11341 6 2 7 1 812 861 862 3213 3262 3263
11342 6 2 7 1 862 813 812 3263 3214 3213
11343 6 2 7 1 813 862 814 3214 3263 3215
11344 6 2 7 1 814 862 863 3215 3263 3264
11345 6 2 7 1 814 863 864 3215 3264 3265
11346 6 2 7 1 864 815 814 3265 3216 3215
11347 6 2 7 1 815 864 816 3216 3265 3217
11348 6 2 7 1 816 864 865 3217 3265 3266
11349 6 2 7 1 816 865 866 3217 3266 3267
11350 6 2 7 1 866 817 816 3267 3218 3217
11351 6 2 7 1 817 866 818 3218 3267 3219
11352 6 2 7 1 818 866 867 3219 3267 3268
11353 6 2 7 1 818 867 868 3219 3268 3269
11354 6 2 7 1 868 819 818 3269 3220 3219
11355 6 2 7 1 819 868 820 3220 3269 3221
11356 6 2 7 1 820 868 869 3221 3269 3270
11357 6 2 7 1 820 869 870 3221 3270 3271
11358 6 2 7 1 870 821 820 3271 3222 3221
11359 6 2 7 1 821 870 822 3222 3271 3223
11360 6 2 7 1 822 870 871 3223 3271 3272
11361 6 2 7 1 822 871 872 3223 3272 3273
11362 6 2 7 1 872 823 822 3273 3224 3223
11363 6 2 7 1 823 872 824 3224 3273 3225
11364 6 2 7 1 824 872 873 3225 3273 3274
11365 6 2 7 1 824 873 874 3225 3274 3275
11366 6 2 7 1 874 825 824 3275 3226 3225
11367 6 2 7 1 825 874 826 3226 3275 3227
11368 6 2 7 1 826 874 875 3227 3275 3276
11369 6 2 7 1 826 875 876 3227 3276 3277
11370 6 2 7 1 876 827 826 3277 3228 3227
11371 6 2 7 1 827 876 828 3228 3277 3229
11372 6 2 7 1 828 876 877 3229 3277 3278
11373 6 2 7 1 828 877 878 3229 3278 3279
11374 6 2 7 1 878 829 828 3279 3230 3229
11375 6 2 7 1 829 878 830 3230 3279 3231
11376 6 2 7 1 830 878 879 3231 3279 3280
11377 6 2 7 1 830 879 880 3231 3280 3281
11378 6 2 7 1 880 831 830 3281 3232 3231
11379 6 2 7 1 831 880 832 3232 3281 3233
11380 6 2 7 1 832 880 881 3233 3281 3282
11381 6 2 7 1 832 881 882 3233 3282 3283
11382 6 2 7 1 882 833 832 3283 3234 3233
11383 6 2 7 1 833 882 834 3234 3283 3235
11384 6 2 7 1 834 882 883 3235 3283 3284
11385 6 2 7 1 834 883 884 3235 3284 3285
11386 6 2 7 1 884 835 834 3285 3236 3235
11387 6 2 7 1 835 884 836 3236 3285 3237
11388 6 2 7 1 836 884 885 3237 3285 3286
11389 6 2 7 1 836 885 886 3237 3286 3287
11390 6 2 7 1 886 837 836 3287 3238 3237
11391 6 2 7 1 837 886 838 3238 3287 3239
11392 6 2 7 1 838 886 887 3239 3287 3288
11393 6 2 7 1 838 887 888 3239 3288 3289
11394 6 2 7 1 888 839 838 3289 3240 3239
11395 6 2 7 1 839 888 840 3240 3289 3241
11396 6 2 7 1 840 888 889 3241 3289 3290
11397 6 2 7 1 840 889 890 3241 3290 3291
11398 6 2 7 1 890 841 840 3291 3242 3241
11399 6 2 7 1 841 890 147 3242 3291 343
11400 6 2 7 1 147 890 146 343 3291 342
11401 6 2 7 1 18 19 842 214 215 3243
11402 6 2 7 1 842 19 891 3243 215 3292
11403 6 2 7 1 842 891 892 3243 3292 3293
11404 6 2 7 1 892 843 842 3293 3244 3243
11405 6 2 7 1 843 892 844 3244 3293 3245
11406 6 2 7 1 844 892 893 3245 3293 3294
11407 6 2 7 1 844 893 894 3245 3294 3295
11408 6 2 7 1 894 845 844 3295 3246 3245
11409 6 2 7 1 845 894 846 3246 3295 3247
11410 6 2 7 1 846 894 895 3247 3295 3296
11411 6 2 7 1 846 895 896 3247 3296 3297
11412 6 2 7 1 896 847 846 3297 3248 3247
11413 6 2 7 1 847 896 848 3248 3297 3249
11414 6 2 7 1 848 896 897 3249 3297 3298
11415 6 2 7 1 848 897 898 3249 3298 3299
11416 6 2 7 1 898 849 848 3299 3250 3249
11417 6 2 7 1 849 898 850 3250 3299 3251
11418 6 2 7 1 850 898 899 3251 3299 3300
11419 6 2 7 1 850 899 900 3251 3300 3301
11420 6 2 7 1 900 851 850 3301 3252 3251
11421 6 2 7 1 851 900 852 3252 3301 3253
11422 6 2 7 1 852 900 901 3253 3301 3302
11423 6 2 7 1 852 901 902 3253 3302 3303
11424 6 2 7 1 902 853 852 3303 3254 3253
11425 6 2 7 1 853 902 854 3254 3303 3255
11426 6 2 7 1 854 902 903 3255 3303 3304
11427 6 2 7 1 854 903 904 3255 3304 3305
11428 6 2 7 1 904 855 854 3305 3256 3255
11429 6 2 7 1 855 904 856 3256 3305 3257
11430 6 2 7 1 856 904 905 3257 3305 3306
11431 6 2 7 1 856 905 906 3257 3306 3307
11432 6 2 7 1 906 857 856 3307 3258 3257
11433 6 2 7 1 857 906 858 3258 3307 3259
11434 6 2 7 1 858 906 907 3259 3307 3308
11435 6 2 7 1 858 907 908 3259 3308 3309
11436 6 2 7 1 908 859 858 3309 3260 3259
11437 6 2 7 1 859 908 860 3260 3309 3261
11438 6 2 7 1 860 908 909 3261 3309 3310
11439 6 2 7 1 860 909 910 3261 3310 3311
11440 6 2 7 1 910 861 860 3311 3262 3261
11441 6 2 7 1 861 910 862 3262 3311 3263
11442 6 2 7 1 862 910 911 3263 3311 3312
11443 6 2 7 1 862 911 912 3263 3312 3313
11444 6 2 7 1 912 863 862 3313 3264 3263
11445 6 2 7 1 863 912 864 3264 3313 3265
11446 6 2 7 1 864 912 913 3265 3313 3314
11447 6 2 7 1 864 913 914 3265 3314 3315
11448 6 2 7 1 914 865 864 3315 3266 3265
11449 6 2 7 1 865 914 866 3266 3315 3267
11450 6 2 7 1 866 914 915 3267 3315 3316
11451 6 2 7 1 866 915 916 3267 3316 3317
11452 6 2 7 1 916 867 866 3317 3268 3267
11453 6 2 7 1 867 916 868 3268 3317 3269
11454 6 2 7 1 868 916 917 3269 3317 3318
11455 6 2 7 1 868 917 918 3269 3318 3319
11456 6 2 7 1 918 869 868 3319 3270 3269
11457 6 2 7 1 869 918 870 3270 3319 3271
11458 6 2 7 1 870 918 919 3271 3319 3320
11459 6 2 7 1 870 919 920 3271 3320 3321
11460 6 2 7 1 920 871 870 3321 3272 3271
11461 6 2 7 1 871 920 872 3272 3321 3273
11462 6 2 7 1 872 920 921 3273 3321 3322
11463 6 2 7 1 872 921 922 3273 3322 3323
11464 6 2 7 1 922 873 872 3323 3274 3273
11465 6 2 7 1 873 922 874 3274 3323 3275
11466 6 2 7 1 874 922 923 3275 3323 3324
11467 6 2 7 1 874 923 924 3275 3324 3325
11468 6 2 7 1 924 875 874 3325 3276 3275
11469 6 2 7 1 875 924 876 3276 3325 3277
11470 6 2 7 1 876 924 925 3277 3325 3326
11471 6 2 7 1 876 925 926 3277 3326 3327
11472 6 2 7 1 926 877 876 3327 3278 3277
11473 6 2 7 1 877 926 878 3278 3327 3279
11474 6 2 7 1 878 926 927 3279 3327 3328
11475 6 2 7 1 878 927 928 3279 3328 3329
11476 6 2 7 1 928 879 878 3329 3280 3279
11477 6 2 7 1 879 928 880 3280 3329 3281
11478 6 2 7 1 880 928 929 3281 3329 3330
11479 6 2 7 1 880 929 930 3281 3330 3331
11480 6 2 7 1 930 881 880 3331 3282 3281
11481 6 2 7 1 881 930 882 3282 3331 3283
11482 6 2 7 1 882 930 931 3283 3331 3332
11483 6 2 7 1 882 931 932 3283 3332 3333
11484 6 2 7 1 932 883 882 3333 3284 3283
11485 6 2 7 1 883 932 884 3284 3333 3285
11486 6 2 7 1 884 932 933 3285 3333 3334
11487 6 2 7 1 884 933 934 3285 3334 3335
11488 6 2 7 1 934 885 884 3335 3286 3285
11489 6 2 7 1 885 934 886 3286 3335 3287
11490 6 2 7 1 886 934 935 3287 3335 3336
11491 6 2 7 1 886 935 936 3287 3336 3337
11492 6 2 7 1 936 887 886 3337 3288 3287
11493 6 2 7 1 887 936 888 3288 3337 3289
11494 6 2 7 1 888 936 937 3289 3337 3338
11495 6 2 7 1 888 937 938 3289 3338 3339
11496 6 2 7 1 938 889 888 3339 3290 3289
11497 6 2 7 1 889 938 890 3290 3339 3291
11498 6 2 7 1 890 938 939 3291 3339 3340
11499 6 2 7 1 890 939 145 3291 3340 341
11500 6 2 7 1 145 146 890 341 342 3291
11501 6 2 7 1 19 20 940 215 216 3341
11502 6 2 7 1 940 891 19 3341 3292 215
11503 6 2 7 1 891 940 892 3292 3341 3293
11504 6 2 7 1 892 940 941 3293 3341 3342
11505 6 2 7 1 892 941 942 3293 3342 3343
11506 6 2 7 1 942 893 892 3343 3294 3293
11507 6 2 7 1 893 942 894 3294 3343 3295
11508 6 2 7 1 894 942 943 3295 3343 3344
11509 6 2 7 1 894 943 944 3295 3344 3345
11510 6 2 7 1 944 895 894 3345 3296 3295
11511 6 2 7 1 895 944 896 3296 3345 3297
11512 6 2 7 1 896 944 945 3297 3345 3346
11513 6 2 7 1 896 945 946 3297 3346 3347
11514 6 2 7 1 946 897 896 3347 3298 3297
11515 6 2 7 1 897 946 898 3298 3347 3299
11516 6 2 7 1 898 946 947 3299 3347 3348
11517 6 2 7 1 898 947 948 3299 3348 3349
11518 6 2 7 1 948 899 898 3349 3300 3299
11519 6 2 7 1 899 948 900 3300 3349 3301
11520 6 2 7 1 900 948 949 3301 3349 3350
11521 6 2 7 1 900 949 950 3301 3350 3351
11522 6 2 7 1 950 901 900 3351 3302 3301
11523 6 2 7 1 901 950 902 3302 3351 3303
11524 6 2 7 1 902 950 951 3303 3351 3352
11525 6 2 7 1 902 951 952 3303 3352 3353
11526 6 2 7 1 952 903 902 3353 3304 3303
11527 6 2 7 1 903 952 904 3304 3353 3305
11528 6 2 7 1 904 952 953 3305 3353 3354
11529 6 2 7 1 904 953 954 3305 3354 3355
11530 6 2 7 1 954 905 904 3355 3306 3305
11531 6 2 7 1 905 954 906 3306 3355 3307
11532 6 2 7 1 906 954 955 3307 3355 3356
11533 6 2 7 1 906 955 956 3307 3356 3357
11534 6 2 7 1 956 907 906 3357 3308 3307
11535 6 2 7 1 907 956 908 3308 3357 3309
11536 6 2 7 1 908 956 957 3309 3357 3358
11537 6 2 7 1 908 957 958 3309 3358 3359
11538 6 2 7 1 958 909 908 3359 3310 3309
11539 6 2 7 1 909 958 910 3310 3359 3311
11540 6 2 7 1 910 958 959 3311 3359 3360
11541 6 2 7 1 910 959 960 3311 3360 3361
11542 6 2 7 1 960 911 910 3361 3312 3311
11543 6 2 7 1 911 960 912 3312 3361 3313
11544 6 2 7 1 912 960 961 3313 3361 3362
11545 6 2 7 1 912 961 962 3313 3362 3363
11546 6 2 7 1 962 913 912 3363 3314 3313
11547 6 2 7 1 913 962 914 3314 3363 3315
11548 6 2 7 1 914 962 963 3315 3363 3364
11549 6 2 7 1 914 963 964 3315 3364 3365
11550 6 2 7 1 964 915 914 3365 3316 3315
11551 6 2 7 1 915 964 916 3316 3365 3317
11552 6 2 7 1 916 964 965 3317 3365 3366
11553 6 2 7 1 916 965 966 3317 3366 3367
11554 6 2 7 1 966 917 916 3367 3318 3317
11555 6 2 7 1 917 966 918 3318 3367 3319
11556 6 2 7 1 918 966 967 3319 3367 3368
11557 6 2 7 1 918 967 968 3319 3368 3369
11558 6 2 7 1 968 919 918 3369 3320 3319
11559 6 2 7 1 919 968 920 3320 3369 3321
11560 6 2 7 1 920 968 969 3321 3369 3370
11561 6 2 7 1 920 969 970 3321 3370 3371
11562 6 2 7 1 970 921 920 3371 3322 3321
11563 6 2 7 1 921 970 922 3322 3371 3323
11564 6 2 7 1 922 970 971 3323 3371 3372
11565 6 2 7 1 922 971 972 3323 3372 3373
11566 6 2 7 1 972 923 922 3373 3324 3323
11567 6 2 7 1 923 972 924 3324 3373 3325
11568 6 2 7 1 924 972 973 3325 3373 3374
11569 6 2 7 1 924 973 974 3325 3374 3375
11570 6 2 7 1 974 925 924 3375 3326 3325
11571 6 2 7 1 925 974 926 3326 3375 3327
11572 6 2 7 1 926 974 975 3327 3375 3376
11573 6 2 7 1 926 975 976 3327 3376 3377
11574 6 2 7 1 976 927 926 3377 3328 3327
11575 6 2 7 1 927 976 928 3328 3377 3329
11576 6 2 7 1 928 976 977 3329 3377 3378
11577 6 2 7 1 928 977 978 3329 3378 3379
11578 6 2 7 1 978 929 928 3379 3330 3329
11579 6 2 7 1 929 978 930 3330 3379 3331
11580 6 2 7 1 930 978 979 3331 3379 3380
11581 6 2 7 1 930 979 980 3331 3380 3381
11582 6 2 7 1 980 931 930 3381 3332 3331
11583 6 2 7 1 931 980 932 3332 3381 3333
11584 6 2 7 1 932 980 981 3333 3381 3382
11585 6 2 7 1 932 981 982 3333 3382 3383
11586 6 2 7 1 982 933 932 3383 3334 3333
11587 6 2 7 1 933 982 934 3334 3383 3335
11588 6 2 7 1 934 982 983 3335 3383 3384
11589 6 2 7 1 934 983 984 3335 3384 3385
11590 6 2 7 1 984 935 934 3385 3336 3335
11591 6 2 7 1 935 984 936 3336 3385 3337
11592 6 2 7 1 936 984 985 3337 3385 3386
11593 6 2 7 1 936 985 986 3337 3386 3387
11594 6 2 7 1 986 937 936 3387 3338 3337
11595 6 2 7 1 937 986 938 3338 3387 3339
11596 6 2 7 1 938 986 987 3339 3387 3388
11597 6 2 7 1 938 987 988 3339 3388 3389
11598 6 2 7 1 988 939 938 3389 3340 3339
11599 6 2 7 1 939 988 145 3340 3389 341
11600 6 2 7 1 145 988 144 341 3389 340
11601 6 2 7 1 20 21 940 216 217 3341
11602 6 2 7 1 940 21 989 3341 217 3390
11603 6 2 7 1 940 989 990 3341 3390 3391
11604 6 2 7 1 990 941 940 3391 3342 3341
11605 6 2 7 1 941 990 942 3342 3391 3343
11606 6 2 7 1 942 990 991 3343 3391 3392
11607 6 2 7 1 942 991 992 3343 3392 3393
11608 6 2 7 1 992 943 942 3393 3344 3343
11609 6 2 7 1 943 992 944 3344 3393 3345
11610 6 2 7 1 944 992 993 3345 3393 3394
11611 6 2 7 1 944 993 994 3345 3394 3395
11612 6 2 7 1 994 945 944 3395 3346 3345
11613 6 2 7 1 945 994 946 3346 3395 3347
11614 6 2 7 1 946 994 995 3347 3395 3396
11615 6 2 7 1 946 995 996 3347 3396 3397
11616 6 2 7 1 996 947 946 3397 3348 3347
11617 6 2 7 1 947 996 948 3348 3397 3349
11618 6 2 7 1 948 996 997 3349 3397 3398
11619 6 2 7 1 948 997 998 3349 3398 3399
11620 6 2 7 1 998 949 948 3399 3350 3349
11621 6 2 7 1 949 998 950 3350 3399 3351
11622 6 2 7 1 950 998 999 3351 3399 3400
11623 6 2 7 1 950 999 1000 3351 3400 3401
11624 6 2 7 1 1000 951 950 3401 3352 3351
11625 6 2 7 1 951 1000 952 3352 3401 3353
11626 6 2 7 1 952 1000 1001 3353 3401 3402
11627 6 2 7 1 952 1001 1002 3353 3402 3403
11628 6 2 7 1 1002 953 952 3403 3354 3353
11629 6 2 7 1 953 1002 954 3354 3403 3355
11630 6 2 7 1 954 1002 1003 3355 3403 3404
11631 6 2 7 1 954 1003 1004 3355 3404 3405
11632 6 2 7 1 1004 955 954 3405 3356 3355
11633 6 2 7 1 955 1004 956 3356 3405 3357
11634 6 2 7 1 956 1004 1005 3357 3405 3406
11635 6 2 7 1 956 1005 1006 3357 3406 3407
11636 6 2 7 1 1006 957 956 3407 3358 3357
11637 6 2 7 1 957 1006 958 3358 3407 3359
11638 6 2 7 1 958 1006 1007 3359 3407 3408
11639 6 2 7 1 958 1007 1008 3359 3408 3409
11640 6 2 7 1 1008 959 958 3409 3360 3359
11641 6 2 7 1 959 1008 960 3360 3409 3361
11642 6 2 7 1 960 1008 1009 3361 3409 3410
11643 6 2 7 1 960 1009 1010 3361 3410 3411
11644 6 2 7 1 1010 961 960 3411 3362 3361
11645 6 2 7 1 961 1010 962 3362 3411 3363
11646 6 2 7 1 962 1010 1011 3363 3411 3412
11647 6 2 7 1 962 1011 1012 3363 3412 3413
11648 6 2 7 1 1012 963 962 3413 3364 3363
11649 6 2 7 1 963 1012 964 3364 3413 3365
11650 6 2 7 1 964 1012 1013 3365 3413 3414
11651 6 2 7 1 964 1013 1014 3365 3414 3415
11652 6 2 7 1 1014 965 964 3415 3366 3365
11653 6 2 7 1 965 1014 966 3366 3415 3367
11654 6 2 7 1 966 1014 1015 3367 3415 3416
11655 6 2 7 1 966 1015 1016 3367 3416 3417
11656 6 2 7 1 1016 967 966 3417 3368 3367
11657 6 2 7 1 967 1016 968 3368 3417 3369
11658 6 2 7 1 968 1016 1017 3369 3417 3418
11659 6 2 7 1 968 1017 1018 3369 3418 3419
11660 6 2 7 1 1018 969 968 3419 3370 3369
11661 6 2 7 1 969 1018 970 3370 3419 3371
11662 6 2 7 1 970 1018 1019 3371 3419 3420
11663 6 2 7 1 970 1019 1020 3371 3420 3421
11664 6 2 7 1 1020 971 970 3421 3372 3371
11665 6 2 7 1 971 1020 972 3372 3421 3373
11666 6 2 7 1 972 1020 1021 3373 3421 3422
11667 6 2 7 1 972 1021 1022 3373 3422 3423
11668 6 2 7 1 1022 973 972 3423 3374 3373
11669 6 2 7 1 973 1022 974 3374 3423 3375
11670 6 2 7 1 974 1022 1023 3375 3423 3424
11671 6 2 7 1 974 1023 1024 3375 3424 3425
11672 6 2 7 1 1024 975 974 3425 3376 3375
11673 6 2 7 1 975 1024 976 3376 3425 3377
11674 6 2 7 1 976 1024 1025 3377 3425 3426
11675 6 2 7 1 976 1025 1026 3377 3426 3427
11676 6 2 7 1 1026 977 976 3427 3378 3377
11677 6 2 7 1 977 1026 978 3378 3427 3379
11678 6 2 7 1 978 1026 1027 3379 3427 3428
11679 6 2 7 1 978 1027 1028 3379 3428 3429
11680 6 2 7 1 1028 979 978 3429 3380 3379
11681 6 2 7 1 979 1028 980 3380 3429 3381
11682 6 2 7 1 980 1028 1029 3381 3429 3430
11683 6 2 7 1 980 1029 1030 3381 3430 3431
11684 6 2 7 1 1030 981 980 3431 3382 3381
11685 6 2 7 1 981 1030 982 3382 3431 3383
11686 6 2 7 1 982 1030 1031 3383 3431 3432
11687 6 2 7 1 982 1031 1032 3383 3432 3433
11688 6 2 7 1 1032 983 982 3433 3384 3383
11689 6 2 7 1 983 1032 984 3384 3433 3385
11690 6 2 7 1 984 1032 1033 3385 3433 3434
11691 6 2 7 1 984 1033 1034 3385 3434 3435
11692 6 2 7 1 1034 985 984 3435 3386 3385
11693 6 2 7 1 985 1034 986 3386 3435 3387
11694 6 2 7 1 986 1034 1035 3387 3435 3436
11695 6 2 7 1 986 1035 1036 3387 3436 3437
11696 6 2 7 1 1036 987 986 3437 3388 3387
11697 6 2 7 1 987 1036 988 3388 3437 3389
11698 6 2 7 1 988 1036 1037 3389 3437 3438
11699 6 2 7 1 988 1037 143 3389 3438 339
11700 6 2 7 1 143 144 988 339 340 3389
11701 6 2 7 1 21 22 1038 217 218 3439
11702 6 2 7 1 1038 989 21 3439 3390 217
11703 6 2 7 1 989 1038 990 3390 3439 3391
11704 6 2 7 1 990 1038 1039 3391 3439 3440
11705 6 2 7 1 990 1039 1040 3391 3440 3441
11706 6 2 7 1 1040 991 990 3441 3392 3391
11707 6 2 7 1 991 1040 992 3392 3441 3393
11708 6 2 7 1 992 1040 1041 3393 3441 3442
11709 6 2 7 1 992 1041 1042 3393 3442 3443
11710 6 2 7 1 1042 993 992 3443 3394 3393
11711 6 2 7 1 993 1042 994 3394 3443 3395
11712 6 2 7 1 994 1042 1043 3395 3443 3444
11713 6 2 7 1 994 1043 1044 3395 3444 3445
11714 6 2 7 1 1044 995 994 3445 3396 3395
11715 6 2 7 1 995 1044 996 3396 3445 3397
11716 6 2 7 1 996 1044 1045 3397 3445 3446
11717 6 2 7 1 996 1045 1046 3397 3446 3447
11718 6 2 7 1 1046 997 996 3447 3398 3397
11719 6 2 7 1 997 1046 998 3398 3447 3399
11720 6 2 7 1 998 1046 1047 3399 3447 3448
11721 6 2 7 1 998 1047 1048 3399 3448 3449
11722 6 2 7 1 1048 999 998 3449 3400 3399
11723 6 2 7 1 999 1048 1000 3400 3449 3401
11724 6 2 7 1 1000 1048 1049 3401 3449 3450
11725 6 2 7 1 1000 1049 1050 3401 3450 3451
11726 6 2 7 1 1050 1001 1000 3451 3402 3401
11727 6 2 7 1 1001 1050 1002 3402 3451 3403
11728 6 2 7 1 1002 1050 1051 3403 3451 3452
11729 6 2 7 1 1002 1051 1052 3403 3452 3453
11730 6 2 7 1 1052 1003 1002 3453 3404 3403
11731 6 2 7 1 1003 1052 1004 3404 3453 3405
11732 6 2 7 1 1004 1052 1053 3405 3453 3454
11733 6 2 7 1 1004 1053 1054 3405 3454 3455
11734 6 2 7 1 1054 1005 1004 3455 3406 3405
11735 6 2 7 1 1005 1054 1006 3406 3455 3407
11736 6 2 7 1 1006 1054 1055 3407 3455 3456
11737 6 2 7 1 1006 1055 1056 3407 3456 3457
11738 6 2 7 1 1056 1007 1006 3457 3408 3407
11739 6 2 7 1 1007 1056 1008 3408 3457 3409
11740 6 2 7 1 1008 1056 1057 3409 3457 3458
11741 6 2 7 1 1008 1057 1058 3409 3458 3459
11742 6 2 7 1 1058 1009 1008 3459 3410 3409
11743 6 2 7 1 1009 1058 1010 3410 3459 3411
11744 6 2 7 1 1010 1058 1059 3411 3459 3460
11745 6 2 7 1 1010 1059 1060 3411 3460 3461
11746 6 2 7 1 1060 1011 1010 3461 3412 3411
11747 6 2 7 1 1011 1060 1012 3412 3461 3413
11748 6 2 7 1 1012 1060 1061 3413 3461 3462
11749 6 2 7 1 1012 1061 1062 3413 3462 3463
11750 6 2 7 1 1062 1013 1012 3463 3414 3413
11751 6 2 7 1 1013 1062 1014 3414 3463 3415
11752 6 2 7 1 1014 1062 1063 3415 3463 3464
11753 6 2 7 1 1014 1063 1064 3415 3464 3465
11754 6 2 7 1 1064 1015 1014 3465 3416 3415
11755 6 2 7 1 1015 1064 1016 3416 3465 3417
11756 6 2 7 1 1016 1064 1065 3417 3465 3466
11757 6 2 7 1 1016 1065 1066 3417 3466 3467
11758 6 2 7 1 1066 1017 1016 3467 3418 3417
11759 6 2 7 1 1017 1066 1018 3418 3467 3419
11760 6 2 7 1 1018 1066 1067 3419 3467 3468
11761 6 2 7 1 1018 1067 1068 3419 3468 3469
11762 6 2 7 1 1068 1019 1018 3469 3420 3419
11763 6 2 7 1 1019 1068 1020 3420 3469 3421
11764 6 2 7 1 1020 1068 1069 3421 3469 3470
11765 6 2 7 1 1020 1069 1070 3421 3470 3471
11766 6 2 7 1 1070 1021 1020 3471 3422 3421
11767 6 2 7 1 1021 1070 1022 3422 3471 3423
11768 6 2 7 1 1022 1070 1071 3423 3471 3472
11769 6 2 7 1 1022 1071 1072 3423 3472 3473
11770 6 2 7 1 1072 1023 1022 3473 3424 3423
11771 6 2 7 1 1023 1072 1024 3424 3473 3425
11772 6 2 7 1 1024 1072 1073 3425 3473 3474
11773 6 2 7 1 1024 1073 1074 3425 3474 3475
11774 6 2 7 1 1074 1025 1024 3475 3426 3425
11775 6 2 7 1 1025 1074 1026 3426 3475 3427
11776 6 2 7 1 1026 1074 1075 3427 3475 3476
11777 6 2 7 1 1026 1075 1076 3427 3476 3477
11778 6 2 7 1 1076 1027 1026 3477 3428 3427
11779 6 2 7 1 1027 1076 1028 3428 3477 3429
11780 6 2 7 1 1028 1076 1077 3429 3477 3478
11781 6 2 7 1 1028 1077 1078 3429 3478 3479
11782 6 2 7 1 1078 1029 1028 3479 3430 3429
11783 6 2 7 1 1029 1078 1030 3430 3479 3431
11784 6 2 7 1 1030 1078 1079 3431 3479 3480
11785 6 2 7 1 1030 1079 1080 3431 3480 3481
11786 6 2 7 1 1080 1031 1030 3481 3432 3431
11787 6 2 7 1 1031 1080 1032 3432 3481 3433
11788 6 2 7 1 1032 1080 1081 3433 3481 3482
11789 6 2 7 1 1032 1081 1082 3433 3482 3483
11790 6 2 7 1 1082 1033 1032 3483 3434 3433
11791 6 2 7 1 1033 1082 1034 3434 3483 3435
11792 6 2 7 1 1034 1082 1083 3435 3483 3484
11793 6 2 7 1 1034 1083 1084 3435 3484 3485
11794 6 2 7 1 1084 1035 1034 3485 3436 3435
11795 6 2 7 1 1035 1084 1036 3436 3485 3437
11796 6 2 7 1 1036 1084 1085 3437 3485 3486
11797 6 2 7 1 1036 1085 1086 3437 3486 3487
11798 6 2 7 1 1086 1037 1036 3487 3438 3437
11799 6 2 7 1 1037 1086 143 3438 3487 339
11800 6 2 7 1 143 1086 142 339 3487 338
11801 6 2 7 1 22 23 1038 218 219 3439
11802 6 2 7 1 1038 23 1087 3439 219 3488
11803 6 2 7 1 1038 1087 1088 3439 3488 3489
11804 6 2 7 1 1088 1039 1038 3489 3440 3439
11805 6 2 7 1 1039 1088 1040 3440 3489 3441
11806 6 2 7 1 1040 1088 1089 3441 3489 3490
11807 6 2 7 1 1040 1089 1090 3441 3490 3491
11808 6 2 7 1 1090 1041 1040 3491 3442 3441
11809 6 2 7 1 1041 1090 1042 3442 3491 3443
11810 6 2 7 1 1042 1090 1091 3443 3491 3492
11811 6 2 7 1 1042 1091 1092 3443 3492 3493
11812 6 2 7 1 1092 1043 1042 3493 3444 3443
11813 6 2 7 1 1043 1092 1044 3444 3493 3445
11814 6 2 7 1 1044 1092 1093 3445 3493 3494
11815 6 2 7 1 1044 1093 1094 3445 3494 3495
11816 6 2 7 1 1094 1045 1044 3495 3446 3445
11817 6 2 7 1 1045 1094 1046 3446 3495 3447
11818 6 2 7 1 1046 1094 1095 3447 3495 3496
11819 6 2 7 1 1046 1095 1096 3447 3496 3497
11820 6 2 7 1 1096 1047 1046 3497 3448 3447
11821 6 2 7 1 1047 1096 1048 3448 3497 3449
11822 6 2 7 1 1048 1096 1097 3449 3497 3498
11823 6 2 7 1 1048 1097 1098 3449 3498 3499
11824 6 2 7 1 1098 1049 1048 3499 3450 3449
11825 6 2 7 1 1049 1098 1050 3450 3499 3451
11826 6 2 7 1 1050 1098 1099 3451 3499 3500
11827 6 2 7 1 1050 1099 1100 3451 3500 3501
11828 6 2 7 1 1100 1051 1050 3501 3452 3451
11829 6 2 7 1 1051 1100 1052 3452 3501 3453
11830 6 2 7 1 1052 1100 1101 3453 3501 3502
11831 6 2 7 1 1052 1101 1102 3453 3502 3503
11832 6 2 7 1 1102 1053 1052 3503 3454 3453
11833 6 2 7 1 1053 1102 1054 3454 3503 3455
11834 6 2 7 1 1054 1102 1103 3455 3503 3504
11835 6 2 7 1 1054 1103 1104 3455 3504 3505
11836 6 2 7 1 1104 1055 1054 3505 3456 3455
11837 6 2 7 1 1055 1104 1056 3456 3505 3457
11838 6 2 7 1 1056 1104 1105 3457 3505 3506
11839 6 2 7 1 1056 1105 1106 3457 3506 3507
11840 6 2 7 1 1106 1057 1056 3507 3458 3457
11841 6 2 7 1 1057 1106 1058 3458 3507 3459
11842 6 2 7 1 1058 1106 1107 3459 3507 3508
11843 6 2 7 1 1058 1107 1108 3459 3508 3509
11844 6 2 7 1 1108 1059 1058 3509 3460 3459
11845 6 2 7 1 1059 1108 1060 3460 3509 3461
11846 6 2 7 1 1060 1108 1109 3461 3509 3510
11847 6 2 7 1 1060 1109 1110 3461 3510 3511
11848 6 2 7 1 1110 1061 1060 3511 3462 3461
11849 6 2 7 1 1061 1110 1062 3462 3511 3463
11850 6 2 7 1 1062 1110 1111 3463 3511 3512
11851 6 2 7 1 1062 1111 1112 3463 3512 3513
11852 6 2 7 1 1112 1063 1062 3513 3464 3463
11853 6 2 7 1 1063 1112 1064 3464 3513 3465
11854 6 2 7 1 1064 1112 1113 3465 3513 3514
11855 6 2 7 1 1064 1113 1114 3465 3514 3515
11856 6 2 7 1 1114 1065 1064 3515 3466 3465
11857 6 2 7 1 1065 1114 1066 3466 3515 3467
11858 6 2 7 1 1066 1114 1115 3467 3515 3516
11859 6 2 7 1 1066 1115 1116 3467 3516 3517
11860 6 2 7 1 1116 1067 1066 3517 3468 3467
11861 6 2 7 1 1067 1116 1068 3468 3517 3469
11862 6 2 7 1 1068 1116 1117 3469 3517 3518
11863 6 2 7 1 1068 1117 1118 3469 3518 3519
11864 6 2 7 1 1118 1069 1068 3519 3470 3469
11865 6 2 7 1 1069 1118 1070 3470 3519 3471
11866 6 2 7 1 1070 1118 1119 3471 3519 3520
11867 6 2 7 1 1070 1119 1120 3471 3520 3521
11868 6 2 7 1 1120 1071 1070 3521 3472 3471
11869 6 2 7 1 1071 1120 1072 3472 3521 3473
11870 6 2 7 1 1072 1120 1121 3473 3521 3522
11871 6 2 7 1 1072 1121 1122 3473 3522 3523
11872 6 2 7 1 1122 1073 1072 3523 3474 3473
11873 6 2 7 1 1073 1122 1074 3474 3523 3475
11874 6 2 7 1 1074 1122 1123 3475 3523 3524
11875 6 2 7 1 1074 1123 1124 3475 3524 3525
11876 6 2 7 1 1124 1075 1074 3525 3476 3475
11877 6 2 7 1 1075 1124 1076 3476 3525 3477
11878 6 2 7 1 1076 1124 1125 3477 3525 3526
11879 6 2 7 1 1076 1125 1126 3477 3526 3527
11880 6 2 7 1 1126 1077 1076 3527 3478 3477
11881 6 2 7 1 1077 1126 1078 3478 3527 3479
11882 6 2 7 1 1078 1126 1127 3479 3527 3528
11883 6 2 7 1 1078 1127 1128 3479 3528 3529
11884 6 2 7 1 1128 1079 1078 3529 3480 3479
11885 6 2 7 1 1079 1128 1080 3480 3529 3481
11886 6 2 7 1 1080 1128 1129 3481 3529 3530
11887 6 2 7 1 1080 1129 1130 3481 3530 3531
11888 6 2 7 1 1130 1081 1080 3531 3482 3481
11889 6 2 7 1 1081 1130 1082 3482 3531 3483
11890 6 2 7 1 1082 1130 1131 3483 3531 3532
11891 6 2 7 1 1082 1131 1132 3483 3532 3533
11892 6 2 7 1 1132 1083 1082 3533 3484 3483
11893 6 2 7 1 1083 1132 1084 3484 3533 3485
11894 6 2 7 1 1084 1132 1133 3485 3533 3534
11895 6 2 7 1 1084 1133 1134 3485 3534 3535
11896 6 2 7 1 1134 1085 1084 3535 3486 3485
11897 6 2 7 1 1085 1134 1086 3486 3535 3487
11898 6 2 7 1 1086 1134 1135 3487 3535 3536
11899 6 2 7 1 1086 1135 141 3487 3536 337
11900 6 2 7 1 141 142 1086 337 338 3487
11901 6 2 7 1 23 24 1136 219 220 3537
11902 6 2 7 1 1136 1087 23 3537 3488 219
11903 6 2 7 1 1087 1136 1088 3488 3537 3489
11904 6 2 7 1 1088 1136 1137 3489 3537 3538
11905 6 2 7 1 1088 1137 1138 3489 3538 3539
11906 6 2 7 1 1138 1089 1088 3539 3490 3489
11907 6 2 7 1 1089 1138 1090 3490 3539 3491
11908 6 2 7 1 1090 1138 1139 3491 3539 3540
11909 6 2 7 1 1090 1139 1140 3491 3540 3541
11910 6 2 7 1 1140 1091 1090 3541 3492 3491
11911 6 2 7 1 1091 1140 1092 3492 3541 3493
11912 6 2 7 1 1092 1140 1141 3493 3541 3542
11913 6 2 7 1 1092 1141 1142 3493 3542 3543
11914 6 2 7 1 1142 1093 1092 3543 3494 3493
11915 6 2 7 1 1093 1142 1094 3494 3543 3495
11916 6 2 7 1 1094 1142 1143 3495 3543 3544
11917 6 2 7 1 1094 1143 1144 3495 3544 3545
11918 6 2 7 1 1144 1095 1094 3545 3496 3495
11919 6 2 7 1 1095 1144 1096 3496 3545 3497
11920 6 2 7 1 1096 1144 1145 3497 3545 3546
11921 6 2 7 1 1096 1145 1146 3497 3546 3547
11922 6 2 7 1 1146 1097 1096 3547 3498 3497
11923 6 2 7 1 1097 1146 1098 3498 3547 3499
11924 6 2 7 1 1098 1146 1147 3499 3547 3548
11925 6 2 7 1 1098 1147 1148 3499 3548 3549
11926 6 2 7 1 1148 1099 1098 3549 3500 3499
11927 6 2 7 1 1099 1148 1100 3500 3549 3501
11928 6 2 7 1 1100 1148 1149 3501 3549 3550
11929 6 2 7 1 1100 1149 1150 3501 3550 3551
11930 6 2 7 1 1150 1101 1100 3551 3502 3501
11931 6 2 7 1 1101 1150 1102 3502 3551 3503
11932 6 2 7 1 1102 1150 1151 3503 3551 3552
11933 6 2 7 1 1102 1151 1152 3503 3552 3553
11934 6 2 7 1 1152 1103 1102 3553 3504 3503
11935 6 2 7 1 1103 1152 1104 3504 3553 3505
11936 6 2 7 1 1104 1152 1153 3505 3553 3554
11937 6 2 7 1 1104 1153 1154 3505 3554 3555
11938 6 2 7 1 1154 1105 1104 3555 3506 3505
11939 6 2 7 1 1105 1154 1106 3506 3555 3507
11940 6 2 7 1 1106 1154 1155 3507 3555 3556
11941 6 2 7 1 1106 1155 1156 3507 3556 3557
11942 6 2 7 1 1156 1107 1106 3557 3508 3507
11943 6 2 7 1 1107 1156 1108 3508 3557 3509
11944 6 2 7 1 1108 1156 1157 3509 3557 3558
11945 6 2 7 1 1108 1157 1158 3509 3558 3559
11946 6 2 7 1 1158 1109 1108 3559 3510 3509
11947 6 2 7 1 1109 1158 1110 3510 3559 3511
11948 6 2 7 1 1110 1158 1159 3511 3559 3560
11949 6 2 7 1 1110 1159 1160 3511 3560 3561
11950 6 2 7 1 1160 1111 1110 3561 3512 3511
11951 6 2 7 1 1111 1160 1112 3512 3561 3513
11952 6 2 7 1 1112 1160 1161 3513 3561 3562
11953 6 2 7 1 1112 1161 1162 3513 3562 3563
11954 6 2 7 1 1162 1113 1112 3563 3514 3513
11955 6 2 7 1 1113 1162 1114 3514 3563 3515
11956 6 2 7 1 1114 1162 1163 3515 3563 3564
11957 6 2 7 1 1114 1163 1164 3515 3564 3565
11958 6 2 7 1 1164 1115 1114 3565 3516 3515
11959 6 2 7 1 1115 1164 1116 3516 3565 3517
11960 6 2 7 1 1116 1164 1165 3517 3565 3566
11961 6 2 7 1 1116 1165 1166 3517 3566 3567
11962 6 2 7 1 1166 1117 1116 3567 3518 3517
11963 6 2 7 1 1117 1166 1118 3518 3567 3519
11964 6 2 7 1 1118 1166 1167 3519 3567 3568
11965 6 2 7 1 1118 1167 1168 3519 3568 3569
11966 6 2 7 1 1168 1119 1118 3569 3520 3519
11967 6 2 7 1 1119 1168 1120 3520 3569 3521
11968 6 2 7 1 1120 1168 1169 3521 3569 3570
11969 6 2 7 1 1120 1169 1170 3521 3570 3571
11970 6 2 7 1 1170 1121 1120 3571 3522 3521
11971 6 2 7 1 1121 1170 1122 3522 3571 3523
11972 6 2 7 1 1122 1170 1171 3523 3571 3572
11973 6 2 7 1 1122 1171 1172 3523 3572 3573
11974 6 2 7 1 1172 1123 1122 3573 3524 3523
11975 6 2 7 1 1123 1172 1124 3524 3573 3525
11976 6 2 7 1 1124 1172 1173 3525 3573 3574
11977 6 2 7 1 1124 1173 1174 3525 3574 3575
11978 6 2 7 1 1174 1125 1124 3575 3526 3525
11979 6 2 7 1 1125 1174 1126 3526 3575 3527
11980 6 2 7 1 1126 1174 1175 3527 3575 3576
11981 6 2 7 1 1126 1175 1176 3527 3576 3577
11982 6 2 7 1 1176 1127 1126 3577 3528 3527
11983 6 2 7 1 1127 1176 1128 3528 3577 3529
11984 6 2 7 1 1128 1176 1177 3529 3577 3578
11985 6 2 7 1 1128 1177 1178 3529 3578 3579
11986 6 2 7 1 1178 1129 1128 3579 3530 3529
11987 6 2 7 1 1129 1178 1130 3530 3579 3531
11988 6 2 7 1 1130 1178 1179 3531 3579 3580
11989 6 2 7 1 1130 1179 1180 3531 3580 3581
11990 6 2 7 1 1180 1131 1130 3581 3532 3531
11991 6 2 7 1 1131 1180 1132 3532 3581 3533
11992 6 2 7 1 1132 1180 1181 3533 3581 3582
11993 6 2 7 1 1132 1181 1182 3533 3582 3583
11994 6 2 7 1 1182 1133 1132 3583 3534 3533
11995 6 2 7 1 1133 1182 1134 3534 3583 3535
11996 6 2 7 1 1134 1182 1183 3535 3583 3584
11997 6 2 7 1 1134 1183 1184 3535 3584 3585
11998 6 2 7 1 1184 1135 1134 3585 3536 3535
11999 6 2 7 1 1135 1184 141 3536 3585 337
12000 6 2 7 1 141 1184 140 337 3585 336
12001 6 2 7 1 24 25 1136 220 221 3537
12002 6 2 7 1 1136 25 1185 3537 221 3586
12003 6 2 7 1 1136 1185 1186 3537 3586 3587
12004 6 2 7 1 1186 1137 1136 3587 3538 3537
12005 6 2 7 1 1137 1186 1138 3538 3587 3539
12006 6 2 7 1 1138 1186 1187 3539 3587 3588
12007 6 2 7 1 1138 1187 1188 3539 3588 3589
12008 6 2 7 1 1188 1139 1138 3589 3540 3539
12009 6 2 7 1 1139 1188 1140 3540 3589 3541
12010 6 2 7 1 1140 1188 1189 3541 3589 3590
12011 6 2 7 1 1140 1189 1190 3541 3590 3591
12012 6 2 7 1 1190 1141 1140 3591 3542 3541
12013 6 2 7 1 1141 1190 1142 3542 3591 3543
12014 6 2 7 1 1142 1190 1191 3543 3591 3592
12015 6 2 7 1 1142 1191 1192 3543 3592 3593
12016 6 2 7 1 1192 1143 1142 3593 3544 3543
12017 6 2 7 1 1143 1192 1144 3544 3593 3545
12018 6 2 7 1 1144 1192 1193 3545 3593 3594
12019 6 2 7 1 1144 1193 1194 3545 3594 3595
12020 6 2 7 1 1194 1145 1144 3595 3546 3545
12021 6 2 7 1 1145 1194 1146 3546 3595 3547
12022 6 2 7 1 1146 1194 1195 3547 3595 3596
12023 6 2 7 1 1146 1195 1196 3547 3596 3597
12024 6 2 7 1 1196 1147 1146 3597 3548 3547
12025 6 2 7 1 1147 1196 1148 3548 3597 3549
12026 6 2 7 1 1148 1196 1197 3549 3597 3598
12027 6 2 7 1 1148 1197 1198 3549 3598 3599
12028 6 2 7 1 1198 1149 1148 3599 3550 3549
12029 6 2 7 1 1149 1198 1150 3550 3599 3551
12030 6 2 7 1 1150 1198 1199 3551 3599 3600
12031 6 2 7 1 1150 1199 1200 3551 3600 3601
12032 6 2 7 1 1200 1151 1150 3601 3552 3551
12033 6 2 7 1 1151 1200 1152 3552 3601 3553
12034 6 2 7 1 1152 1200 1201 3553 3601 3602
12035 6 2 7 1 1152 1201 1202 3553 3602 3603
12036 6 2 7 1 1202 1153 1152 3603 3554 3553
12037 6 2 7 1 1153 1202 1154 3554 3603 3555
12038 6 2 7 1 1154 1202 1203 3555 3603 3604
12039 6 2 7 1 1154 1203 1204 3555 3604 3605
12040 6 2 7 1 1204 1155 1154 3605 3556 3555
12041 6 2 7 1 1155 1204 1156 3556 3605 3557
12042 6 2 7 1 1156 1204 1205 3557 3605 3606
12043 6 2 7 1 1156 1205 1206 3557 3606 3607
12044 6 2 7 1 1206 1157 1156 3607 3558 3557
12045 6 2 7 1 1157 1206 1158 3558 3607 3559
12046 6 2 7 1 1158 1206 1207 3559 3607 3608
12047 6 2 7 1 1158 1207 1208 3559 3608 3609
12048 6 2 7 1 1208 1159 1158 3609 3560 3559
12049 6 2 7 1 1159 1208 1160 3560 3609 3561
12050 6 2 7 1 1160 1208 1209 3561 3609 3610
12051 6 2 7 1 1160 1209 1210 3561 3610 3611
12052 6 2 7 1 1210 1161 1160 3611 3562 3561
12053 6 2 7 1 1161 1210 1162 3562 3611 3563
12054 6 2 7 1 1162 1210 1211 3563 3611 3612
12055 6 2 7 1 1162 1211 1212 3563 3612 3613
12056 6 2 7 1 1212 1163 1162 3613 3564 3563
12057 6 2 7 1 1163 1212 1164 3564 3613 3565
12058 6 2 7 1 1164 1212 1213 3565 3613 3614
12059 6 2 7 1 1164 1213 1214 3565 3614 3615
12060 6 2 7 1 1214 1165 1164 3615 3566 3565
12061 6 2 7 1 1165 1214 1166 3566 3615 3567
12062 6 2 7 1 1166 1214 1215 3567 3615 3616
12063 6 2 7 1 1166 1215 1216 3567 3616 3617
12064 6 2 7 1 1216 1167 1166 3617 3568 3567
12065 6 2 7 1 1167 1216 1168 3568 3617 3569
12066 6 2 7 1 1168 1216 1217 3569 3617 3618
12067 6 2 7 1 1168 1217 1218 3569 3618 3619
12068 6 2 7 1 1218 1169 1168 3619 3570 3569
12069 6 2 7 1 1169 1218 1170 3570 3619 3571
12070 6 2 7 1 1170 1218 1219 3571 3619 3620
12071 6 2 7 1 1170 1219 1220 3571 3620 3621
12072 6 2 7 1 1220 1171 1170 3621 3572 3571
12073 6 2 7 1 1171 1220 1172 3572 3621 3573
12074 6 2 7 1 1172 1220 1221 3573 3621 3622
12075 6 2 7 1 1172 1221 1222 3573 3622 3623
12076 6 2 7 1 1222 1173 1172 3623 3574 3573
12077 6 2 7 1 1173 1222 1174 3574 3623 3575
12078 6 2 7 1 1174 1222 1223 3575 3623 3624
12079 6 2 7 1 1174 1223 1224 3575 3624 3625
12080 6 2 7 1 1224 1175 1174 3625 3576 3575
12081 6 2 7 1 1175 1224 1176 3576 3625 3577
12082 6 2 7 1 1176 1224 1225 3577 3625 3626
12083 6 2 7 1 1176 1225 1226 3577 3626 3627
12084 6 2 7 1 1226 1177 1176 3627 3578 3577
12085 6 2 7 1 1177 1226 1178 3578 3627 3579
12086 6 2 7 1 1178 1226 1227 3579 3627 3628
12087 6 2 7 1 1178 1227 1228 3579 3628 3629
12088 6 2 7 1 1228 1179 1178 3629 3580 3579
12089 6 2 7 1 1179 1228 1180 3580 3629 3581
12090 6 2 7 1 1180 1228 1229 3581 3629 3630
12091 6 2 7 1 1180 1229 1230 3581 3630 3631
12092 6 2 7 1 1230 1181 1180 3631 3582 3581
12093 6 2 7 1 1181 1230 1182 3582 3631 3583
12094 6 2 7 1 1182 1230 1231 3583 3631 3632
12095 6 2 7 1 1182 1231 1232 3583 3632 3633
12096 6 2 7 1 1232 1183 1182 3633 3584 3583
12097 6 2 7 1 1183 1232 1184 3584 3633 3585
12098 6 2 7 1 1184 1232 1233 3585 3633 3634
12099 6 2 7 1 1184 1233 139 3585 3634 335
12100 6 2 7 1 139 140 1184 335 336 3585
12101 6 2 7 1 25 26 1234 221 222 3635
12102 6 2 7 1 1234 1185 25 3635 3586 221
12103 6 2 7 1 1185 1234 1186 3586 3635 3587
12104 6 2 7 1 1186 1234 1235 3587 3635 3636
12105 6 2 7 1 1186 1235 1236 3587 3636 3637
12106 6 2 7 1 1236 1187 1186 3637 3588 3587
12107 6 2 7 1 1187 1236 1188 3588 3637 3589
12108 6 2 7 1 1188 1236 1237 3589 3637 3638
12109 6 2 7 1 1188 1237 1238 3589 3638 3639
12110 6 2 7 1 1238 1189 1188 3639 3590 3589
12111 6 2 7 1 1189 1238 1190 3590 3639 3591
12112 6 2 7 1 1190 1238 1239 3591 3639 3640
12113 6 2 7 1 1190 1239 1240 3591 3640 3641
12114 6 2 7 1 1240 1191 1190 3641 3592 3591
12115 6 2 7 1 1191 1240 1192 3592 3641 3593
12116 6 2 7 1 1192 1240 1241 3593 3641 3642
12117 6 2 7 1 1192 1241 1242 3593 3642 3643
12118 6 2 7 1 1242 1193 1192 3643 3594 3593
12119 6 2 7 1 1193 1242 1194 3594 3643 3595
12120 6 2 7 1 1194 1242 1243 3595 3643 3644
12121 6 2 7 1 1194 1243 1244 3595 3644 3645
12122 6 2 7 1 1244 1195 1194 3645 3596 3595
12123 6 2 7 1 1195 1244 1196 3596 3645 3597
12124 6 2 7 1 1196 1244 1245 3597 3645 3646
12125 6 2 7 1 1196 1245 1246 3597 3646 3647
12126 6 2 7 1 1246 1197 1196 3647 3598 3597
12127 6 2 7 1 1197 1246 1198 3598 3647 3599
12128 6 2 7 1 1198 1246 1247 3599 3647 3648
12129 6 2 7 1 1198 1247 1248 3599 3648 3649
12130 6 2 7 1 1248 1199 1198 3649 3600 3599
12131 6 2 7 1 1199 1248 1200 3600 3649 3601
12132 6 2 7 1 1200 1248 1249 3601 3649 3650
12133 6 2 7 1 1200 1249 1250 3601 3650 3651
12134 6 2 7 1 1250 1201 1200 3651 3602 3601
12135 6 2 7 1 1201 1250 1202 3602 3651 3603
12136 6 2 7 1 1202 1250 1251 3603 3651 3652
12137 6 2 7 1 1202 1251 1252 3603 3652 3653
12138 6 2 7 1 1252 1203 1202 3653 3604 3603
12139 6 2 7 1 1203 1252 1204 3604 3653 3605
12140 6 2 7 1 1204 1252 1253 3605 3653 3654
12141 6 2 7 1 1204 1253 1254 3605 3654 3655
12142 6 2 7 1 1254 1205 1204 3655 3606 3605
12143 6 2 7 1 1205 1254 1206 3606 3655 3607
12144 6 2 7 1 1206 1254 1255 3607 3655 3656
12145 6 2 7 1 1206 1255 1256 3607 3656 3657
12146 6 2 7 1 1256 1207 1206 3657 3608 3607
12147 6 2 7 1 1207 1256 1208 3608 3657 3609
12148 6 2 7 1 1208 1256 1257 3609 3657 3658
12149 6 2 7 1 1208 1257 1258 3609 3658 3659
12150 6 2 7 1 1258 1209 1208 3659 3610 3609
12151 6 2 7 1 1209 1258 1210 3610 3659 3611
12152 6 2 7 1 1210 1258 1259 3611 3659 3660
12153 6 2 7 1 1210 1259 1260 3611 3660 3661
12154 6 2 7 1 1260 1211 1210 3661 3612 3611
12155 6 2 7 1 1211 1260 1212 3612 3661 3613
12156 6 2 7 1 1212 1260 1261 3613 3661 3662
12157 6 2 7 1 1212 1261 1262 3613 3662 3663
12158 6 2 7 1 1262 1213 1212 3663 3614 3613
12159 6 2 7 1 1213 1262 1214 3614 3663 3615
12160 6 2 7 1 1214 1262 1263 3615 3663 3664
12161 6 2 7 1 1214 1263 1264 3615 3664 3665
12162 6 2 7 1 1264 1215 1214 3665 3616 3615
12163 6 2 7 1 1215 1264 1216 3616 3665 3617
12164 6 2 7 1 1216 1264 1265 3617 3665 3666
12165 6 2 7 1 1216 1265 1266 3617 3666 3667
12166 6 2 7 1 1266 1217 1216 3667 3618 3617
12167 6 2 7 1 1217 1266 1218 3618 3667 3619
12168 6 2 7 1 1218 1266 1267 3619 3667 3668
12169 6 2 7 1 1218 1267 1268 3619 3668 3669
12170 6 2 7 1 1268 1219 1218 3669 3620 3619
12171 6 2 7 1 1219 1268 1220 3620 3669 3621
12172 6 2 7 1 1220 1268 1269 3621 3669 3670
12173 6 2 7 1 1220 1269 1270 3621 3670 3671
12174 6 2 7 1 1270 1221 1220 3671 3622 3621
12175 6 2 7 1 1221 1270 1222 3622 3671 3623
12176 6 2 7 1 1222 1270 1271 3623 3671 3672
12177 6 2 7 1 1222 1271 1272 3623 3672 3673
12178 6 2 7 1 1272 1223 1222 3673 3624 3623
12179 6 2 7 1 1223 1272 1224 3624 3673 3625
12180 6 2 7 1 1224 1272 1273 3625 3673 3674
12181 6 2 7 1 1224 1273 1274 3625 3674 3675
12182 6 2 7 1 1274 1225 1224 3675 3626 3625
12183 6 2 7 1 1225 1274 1226 3626 3675 3627
12184 6 2 7 1 1226 1274 1275 3627 3675 3676
12185 6 2 7 1 1226 1275 1276 3627 3676 3677
12186 6 2 7 1 1276 1227 1226 3677 3628 3627
12187 6 2 7 1 1227 1276 1228 3628 3677 3629
12188 6 2 7 1 1228 1276 1277 3629 3677 3678
12189 6 2 7 1 1228 1277 1278 3629 3678 3679
12190 6 2 7 1 1278 1229 1228 3679 3630 3629
12191 6 2 7 1 1229 1278 1230 3630 3679 3631
12192 6 2 7 1 1230 1278 1279 3631 3679 3680
12193 6 2 7 1 1230 1279 1280 3631 3680 3681
12194 6 2 7 1 1280 1231 1230 3681 3632 3631
12195 6 2 7 1 1231 1280 1232 3632 3681 3633
12196 6 2 7 1 1232 1280 1281 3633 3681 3682
12197 6 2 7 1 1232 1281 1282 3633 3682 3683
12198 6 2 7 1 1282 1233 1232 3683 3634 3633
12199 6 2 7 1 1233 1282 139 3634 3683 335
12200 6 2 7 1 139 1282 138 335 3683 334
12201 6 2 7 1 26 27 1234 222 223 3635
12202 6 2 7 1 1234 27 1283 3635 223 3684
12203 6 2 7 1 1234 1283 1284 3635 3684 3685
12204 6 2 7 1 1284 1235 1234 3685 3636 3635
12205 6 2 7 1 1235 1284 1236 3636 3685 3637
12206 6 2 7 1 1236 1284 1285 3637 3685 3686
12207 6 2 7 1 1236 1285 1286 3637 3686 3687
12208 6 2 7 1 1286 1237 1236 3687 3638 3637
12209 6 2 7 1 1237 1286 1238 3638 3687 3639
12210 6 2 7 1 1238 1286 1287 3639 3687 3688
12211 6 2 7 1 1238 1287 1288 3639 3688 3689
12212 6 2 7 1 1288 1239 1238 3689 3640 3639
12213 6 2 7 1 1239 1288 1240 3640 3689 3641
12214 6 2 7 1 1240 1288 1289 3641 3689 3690
12215 6 2 7 1 1240 1289 1290 3641 3690 3691
12216 6 2 7 1 1290 1241 1240 3691 3642 3641
12217 6 2 7 1 1241 1290 1242 3642 3691 3643
12218 6 2 7 1 1242 1290 1291 3643 3691 3692
12219 6 2 7 1 1242 1291 1292 3643 3692 3693
12220 6 2 7 1 1292 1243 1242 3693 3644 3643
12221 6 2 7 1 1243 1292 1244 3644 3693 3645
12222 6 2 7 1 1244 1292 1293 3645 3693 3694
12223 6 2 7 1 1244 1293 1294 3645 3694 3695
12224 6 2 7 1 1294 1245 1244 3695 3646 3645
12225 6 2 7 1 1245 1294 1246 3646 3695 3647
12226 6 2 7 1 1246 1294 1295 3647 3695 3696
12227 6 2 7 1 1246 1295 1296 3647 3696 3697
12228 6 2 7 1 1296 1247 1246 3697 3648 3647
12229 6 2 7 1 1247 1296 1248 3648 3697 3649
12230 6 2 7 1 1248 1296 1297 3649 3697 3698
12231 6 2 7 1 1248 1297 1298 3649 3698 3699
12232 6 2 7 1 1298 1249 1248 3699 3650 3649
12233 6 2 7 1 1249 1298 1250 3650 3699 3651
12234 6 2 7 1 1250 1298 1299 3651 3699 3700
12235 6 2 7 1 1250 1299 1300 3651 3700 3701
12236 6 2 7 1 1300 1251 1250 3701 3652 3651
12237 6 2 7 1 1251 1300 1252 3652 3701 3653
12238 6 2 7 1 1252 1300 1301 3653 3701 3702
12239 6 2 7 1 1252 1301 1302 3653 3702 3703
12240 6 2 7 1 1302 1253 1252 3703 3654 3653
12241 6 2 7 1 1253 1302 1254 3654 3703 3655
12242 6 2 7 1 1254 1302 1303 3655 3703 3704
12243 6 2 7 1 1254 1303 1304 3655 3704 3705
12244 6 2 7 1 1304 1255 1254 3705 3656 3655
12245 6 2 7 1 1255 1304 1256 3656 3705 3657
12246 6 2 7 1 1256 1304 1305 3657 3705 3706
12247 6 2 7 1 1256 1305 1306 3657 3706 3707
12248 6 2 7 1 1306 1257 1256 3707 3658 3657
12249 6 2 7 1 1257 1306 1258 3658 3707 3659
12250 6 2 7 1 1258 1306 1307 3659 3707 3708
12251 6 2 7 1 1258 1307 1308 3659 3708 3709
12252 6 2 7 1 1308 1259 1258 3709 3660 3659
12253 6 2 7 1 1259 1308 1260 3660 3709 3661
12254 6 2 7 1 1260 1308 1309 3661 3709 3710
12255 6 2 7 1 1260 1309 1310 3661 3710 3711
12256 6 2 7 1 1310 1261 1260 3711 3662 3661
12257 6 2 7 1 1261 1310 1262 3662 3711 3663
12258 6 2 7 1 1262 1310 1311 3663 3711 3712
12259 6 2 7 1 1262 1311 1312 3663 3712 3713
12260 6 2 7 1 1312 1263 1262 3713 3664 3663
12261 6 2 7 1 1263 1312 1264 3664 3713 3665
12262 6 2 7 1 1264 1312 1313 3665 3713 3714
12263 6 2 7 1 1264 1313 1314 3665 3714 3715
12264 6 2 7 1 1314 1265 1264 3715 3666 3665
12265 6 2 7 1 1265 1314 1266 3666 3715 3667
12266 6 2 7 1 1266 1314 1315 3667 3715 3716
12267 6 2 7 1 1266 1315 1316 3667 3716 3717
12268 6 2 7 1 1316 1267 1266 3717 3668 3667
12269 6 2 7 1 1267 1316 1268 3668 3717 3669
12270 6 2 7 1 1268 1316 1317 3669 3717 3718
12271 6 2 7 1 1268 1317 1318 3669 3718 3719
12272 6 2 7 1 1318 1269 1268 3719 3670 3669
12273 6 2 7 1 1269 1318 1270 3670 3719 3671
12274 6 2 7 1 1270 1318 1319 3671 3719 3720
12275 6 2 7 1 1270 1319 1320 3671 3720 3721
12276 6 2 7 1 1320 1271 1270 3721 3672 3671
12277 6 2 7 1 1271 1320 1272 3672 3721 3673
12278 6 2 7 1 1272 1320 1321 3673 3721 3722
12279 6 2 7 1 1272 1321 1322 3673 3722 3723
12280 6 2 7 1 1322 1273 1272 3723 3674 3673
12281 6 2 7 1 1273 1322 1274 3674 3723 3675
12282 6 2 7 1 1274 1322 1323 3675 3723 3724
12283 6 2 7 1 1274 1323 1324 3675 3724 3725
12284 6 2 7 1 1324 1275 1274 3725 3676 3675
12285 6 2 7 1 1275 1324 1276 3676 3725 3677
12286 6 2 7 1 1276 1324 1325 3677 3725 3726
12287 6 2 7 1 1276 1325 1326 3677 3726 3727
12288 6 2 7 1 1326 1277 1276 3727 3678 3677
12289 6 2 7 1 1277 1326 1278 3678 3727 3679
12290 6 2 7 1 1278 1326 1327 3679 3727 3728
12291 6 2 7 1 1278 1327 1328 3679 3728 3729
12292 6 2 7 1 1328 1279 1278 3729 3680 3679
12293 6 2 7 1 1279 1328 1280 3680 3729 3681
12294 6 2 7 1 1280 1328 1329 3681 3729 3730
12295 6 2 7 1 1280 1329 1330 3681 3730 3731
12296 6 2 7 1 1330 1281 1280 3731 3682 3681
12297 6 2 7 1 1281 1330 1282 3682 3731 3683
12298 6 2 7 1 1282 1330 1331 3683 3731 3732
12299 6 2 7 1 1282 1331 137 3683 3732 333
12300 6 2 7 1 137 138 1282 333 334 3683
12301 6 2 7 1 27 28 1332 223 224 3733
12302 6 2 7 1 1332 1283 27 3733 3684 223
12303 6 2 7 1 1283 1332 1284 3684 3733 3685
12304 6 2 7 1 1284 1332 1333 3685 3733 3734
12305 6 2 7 1 1284 1333 1334 3685 3734 3735
12306 6 2 7 1 1334 1285 1284 3735 3686 3685
12307 6 2 7 1 1285 1334 1286 3686 3735 3687
12308 6 2 7 1 1286 1334 1335 3687 3735 3736
12309 6 2 7 1 1286 1335 1336 3687 3736 3737
12310 6 2 7 1 1336 1287 1286 3737 3688 3687
12311 6 2 7 1 1287 1336 1288 3688 3737 3689
12312 6 2 7 1 1288 1336 1337 3689 3737 3738
12313 6 2 7 1 1288 1337 1338 3689 3738 3739
12314 6 2 7 1 1338 1289 1288 3739 3690 3689
12315 6 2 7 1 1289 1338 1290 3690 3739 3691
12316 6 2 7 1 1290 1338 1339 3691 3739 3740
12317 6 2 7 1 1290 1339 1340 3691 3740 3741
12318 6 2 7 1 1340 1291 1290 3741 3692 3691
12319 6 2 7 1 1291 1340 1292 3692 3741 3693
12320 6 2 7 1 1292 1340 1341 3693 3741 3742
12321 6 2 7 1 1292 1341 1342 3693 3742 3743
12322 6 2 7 1 1342 1293 1292 3743 3694 3693
12323 6 2 7 1 1293 1342 1294 3694 3743 3695
12324 6 2 7 1 1294 1342 1343 3695 3743 3744
12325 6 2 7 1 1294 1343 1344 3695 3744 3745
12326 6 2 7 1 1344 1295 1294 3745 3696 3695
12327 6 2 7 1 1295 1344 1296 3696 3745 3697
12328 6 2 7 1 1296 1344 1345 3697 3745 3746
12329 6 2 7 1 1296 1345 1346 3697 3746 3747
12330 6 2 7 1 1346 1297 1296 3747 3698 3697
12331 6 2 7 1 1297 1346 1298 3698 3747 3699
12332 6 2 7 1 1298 1346 1347 3699 3747 3748
12333 6 2 7 1 1298 1347 1348 3699 3748 3749
12334 6 2 7 1 1348 1299 1298 3749 3700 3699
12335 6 2 7 1 1299 1348 1300 3700 3749 3701
12336 6 2 7 1 1300 1348 1349 3701 3749 3750
12337 6 2 7 1 1300 1349 1350 3701 3750 3751
12338 6 2 7 1 1350 1301 1300 3751 3702 3701
12339 6 2 7 1 1301 1350 1302 3702 3751 3703
12340 6 2 7 1 1302 1350 1351 3703 3751 3752
12341 6 2 7 1 1302 1351 1352 3703 3752 3753
12342 6 2 7 1 1352 1303 1302 3753 3704 3703
12343 6 2 7 1 1303 1352 1304 3704 3753 3705
12344 6 2 7 1 1304 1352 1353 3705 3753 3754
12345 6 2 7 1 1304 1353 1354 3705 3754 3755
12346 6 2 7 1 1354 1305 1304 3755 3706 3705
12347 6 2 7 1 1305 1354 1306 3706 3755 3707
12348 6 2 7 1 1306 1354 1355 3707 3755 3756
12349 6 2 7 1 1306 1355 1356 3707 3756 3757
12350 6 2 7 1 1356 1307 1306 3757 3708 3707
12351 6 2 7 1 1307 1356 1308 3708 3757 3709
12352 6 2 7 1 1308 1356 1357 3709 3757 3758
12353 6 2 7 1 1308 1357 1358 3709 3758 3759
12354 6 2 7 1 1358 1309 1308 3759 3710 3709
12355 6 2 7 1 1309 1358 1310 3710 3759 3711
12356 6 2 7 1 1310 1358 1359 3711 3759 3760
12357 6 2 7 1 1310 1359 1360 3711 3760 3761
12358 6 2 7 1 1360 1311 1310 3761 3712 3711
12359 6 2 7 1 1311 1360 1312 3712 3761 3713
12360 6 2 7 1 1312 1360 1361 3713 3761 3762
12361 6 2 7 1 1312 1361 1362 3713 3762 3763
12362 6 2 7 1 1362 1313 1312 3763 3714 3713
12363 6 2 7 1 1313 1362 1314 3714 3763 3715
12364 6 2 7 1 1314 1362 1363 3715 3763 3764
12365 6 2 7 1 1314 1363 1364 3715 3764 3765
12366 6 2 7 1 1364 1315 1314 3765 3716 3715
12367 6 2 7 1 1315 1364 1316 3716 3765 3717
12368 6 2 7 1 1316 1364 1365 3717 3765 3766
12369 6 2 7 1 1316 1365 1366 3717 3766 3767
12370 6 2 7 1 1366 1317 1316 3767 3718 3717
12371 6 2 7 1 1317 1366 1318 3718 3767 3719
12372 6 2 7 1 1318 1366 1367 3719 3767 3768
12373 6 2 7 1 1318 1367 1368 3719 3768 3769
12374 6 2 7 1 1368 1319 1318 3769 3720 3719
12375 6 2 7 1 1319 1368 1320 3720 3769 3721
12376 6 2 7 1 1320 1368 1369 3721 3769 3770
12377 6 2 7 1 1320 1369 1370 3721 3770 3771
12378 6 2 7 1 1370 1321 1320 3771 3722 3721
12379 6 2 7 1 1321 1370 1322 3722 3771 3723
12380 6 2 7 1 1322 1370 1371 3723 3771 3772
12381 6 2 7 1 1322 1371 1372 3723 3772 3773
12382 6 2 7 1 1372 1323 1322 3773 3724 3723
12383 6 2 7 1 1323 1372 1324 3724 3773 3725
12384 6 2 7 1 1324 1372 1373 3725 3773 3774
12385 6 2 7 1 1324 1373 1374 3725 3774 3775
12386 6 2 7 1 1374 1325 1324 3775 3726 3725
12387 6 2 7 1 1325 1374 1326 3726 3775 3727
12388 6 2 7 1 1326 1374 1375 3727 3775 3776
12389 6 2 7 1 1326 1375 1376 3727 3776 3777
12390 6 2 7 1 1376 1327 1326 3777 3728 3727
12391 6 2 7 1 1327 1376 1328 3728 3777 3729
12392 6 2 7 1 1328 1376 1377 3729 3777 3778
12393 6 2 7 1 1328 1377 1378 3729 3778 3779
12394 6 2 7 1 1378 1329 1328 3779 3730 3729
12395 6 2 7 1 1329 1378 1330 3730 3779 3731
12396 6 2 7 1 1330 1378 1379 3731 3779 3780
12397 6 2 7 1 1330 1379 1380 3731 3780 3781
12398 6 2 7 1 1380 1331 1330 3781 3732 3731
12399 6 2 7 1 1331 1380 137 3732 3781 333
12400 6 2 7 1 137 1380 136 333 3781 332
12401 6 2 7 1 28 29 1332 224 225 3733
12402 6 2 7 1 1332 29 1381 3733 225 3782
12403 6 2 7 1 1332 1381 1382 3733 3782 3783
12404 6 2 7 1 1382 1333 1332 3783 3734 3733
12405 6 2 7 1 1333 1382 1334 3734 3783 3735
12406 6 2 7 1 1334 1382 1383 3735 3783 3784
12407 6 2 7 1 1334 1383 1384 3735 3784 3785
12408 6 2 7 1 1384 1335 1334 3785 3736 3735
12409 6 2 7 1 1335 1384 1336 3736 3785 3737
12410 6 2 7 1 1336 1384 1385 3737 3785 3786
12411 6 2 7 1 1336 1385 1386 3737 3786 3787
12412 6 2 7 1 1386 1337 1336 3787 3738 3737
12413 6 2 7 1 1337 1386 1338 3738 3787 3739
12414 6 2 7 1 1338 1386 1387 3739 3787 3788
12415 6 2 7 1 1338 1387 1388 3739 3788 3789
12416 6 2 7 1 1388 1339 1338 3789 3740 3739
12417 6 2 7 1 1339 1388 1340 3740 3789 3741
12418 6 2 7 1 1340 1388 1389 3741 3789 3790
12419 6 2 7 1 1340 1389 1390 3741 3790 3791
12420 6 2 7 1 1390 1341 1340 3791 3742 3741
12421 6 2 7 1 1341 1390 1342 3742 3791 3743
12422 6 2 7 1 1342 1390 1391 3743 3791 3792
12423 6 2 7 1 1342 1391 1392 3743 3792 3793
12424 6 2 7 1 1392 1343 1342 3793 3744 3743
12425 6 2 7 1 1343 1392 1344 3744 3793 3745
12426 6 2 7 1 1344 1392 1393 3745 3793 3794
12427 6 2 7 1 1344 1393 1394 3745 3794 3795
12428 6 2 7 1 1394 1345 1344 3795 3746 3745
12429 6 2 7 1 1345 1394 1346 3746 3795 3747
12430 6 2 7 1 1346 1394 1395 3747 3795 3796
12431 6 2 7 1 1346 1395 1396 3747 3796 3797
12432 6 2 7 1 1396 1347 1346 3797 3748 3747
12433 6 2 7 1 1347 1396 1348 3748 3797 3749
12434 6 2 7 1 1348 1396 1397 3749 3797 3798
12435 6 2 7 1 1348 1397 1398 3749 3798 3799
12436 6 2 7 1 1398 1349 1348 3799 3750 3749
12437 6 2 7 1 1349 1398 1350 3750 3799 3751
12438 6 2 7 1 1350 1398 1399 3751 3799 3800
12439 6 2 7 1 1350 1399 1400 3751 3800 3801
12440 6 2 7 1 1400 1351 1350 3801 3752 3751
12441 6 2 7 1 1351 1400 1352 3752 3801 3753
12442 6 2 7 1 1352 1400 1401 3753 3801 3802
12443 6 2 7 1 1352 1401 1402 3753 3802 3803
12444 6 2 7 1 1402 1353 1352 3803 3754 3753
12445 6 2 7 1 1353 1402 1354 3754 3803 3755
12446 6 2 7 1 1354 1402 1403 3755 3803 3804
12447 6 2 7 1 1354 1403 1404 3755 3804 3805
12448 6 2 7 1 1404 1355 1354 3805 3756 3755
12449 6 2 7 1 1355 1404 1356 3756 3805 3757
12450 6 2 7 1 1356 1404 1405 3757 3805 3806
12451 6 2 7 1 1356 1405 1406 3757 3806 3807
12452 6 2 7 1 1406 1357 1356 3807 3758 3757
12453 6 2 7 1 1357 1406 1358 3758 3807 3759
12454 6 2 7 1 1358 1406 1407 3759 3807 3808
12455 6 2 7 1 1358 1407 1408 3759 3808 3809
12456 6 2 7 1 1408 1359 1358 3809 3760 3759
12457 6 2 7 1 1359 1408 1360 3760 3809 3761
12458 6 2 7 1 1360 1408 1409 3761 3809 3810
12459 6 2 7 1 1360 1409 1410 3761 3810 3811
12460 6 2 7 1 1410 1361 1360 3811 3762 3761
12461 6 2 7 1 1361 1410 1362 3762 3811 3763
12462 6 2 7 1 1362 1410 1411 3763 3811 3812
12463 6 2 7 1 1362 1411 1412 3763 3812 3813
12464 6 2 7 1 1412 1363 1362 3813 3764 3763
12465 6 2 7 1 1363 1412 1364 3764 3813 3765
12466 6 2 7 1 1364 1412 1413 3765 3813 3814
12467 6 2 7 1 1364 1413 1414 3765 3814 3815
12468 6 2 7 1 1414 1365 1364 3815 3766 3765
12469 6 2 7 1 1365 1414 1366 3766 3815 3767
12470 6 2 7 1 1366 1414 1415 3767 3815 3816
12471 6 2 7 1 1366 1415 1416 3767 3816 3817
12472 6 2 7 1 1416 1367 1366 3817 3768 3767
12473 6 2 7 1 1367 1416 1368 3768 3817 3769
12474 6 2 7 1 1368 1416 1417 3769 3817 3818
12475 6 2 7 1 1368 1417 1418 3769 3818 3819
12476 6 2 7 1 1418 1369 1368 3819 3770 3769
12477 6 2 7 1 1369 1418 1370 3770 3819 3771
12478 6 2 7 1 1370 1418 1419 3771 3819 3820
12479 6 2 7 1 1370 1419 1420 3771 3820 3821
12480 6 2 7 1 1420 1371 1370 3821 3772 3771
12481 6 2 7 1 1371 1420 1372 3772 3821 3773
12482 6 2 7 1 1372 1420 1421 3773 3821 3822
12483 6 2 7 1 1372 1421 1422 3773 3822 3823
12484 6 2 7 1 1422 1373 1372 3823 3774 3773
12485 6 2 7 1 1373 1422 1374 3774 3823 3775
12486 6 2 7 1 1374 1422 1423 3775 3823 3824
12487 6 2 7 1 1374 1423 1424 3775 3824 3825
12488 6 2 7 1 1424 1375 1374 3825 3776 3775
12489 6 2 7 1 1375 1424 1376 3776 3825 3777
12490 6 2 7 1 1376 1424 1425 3777 3825 3826
12491 6 2 7 1 1376 1425 1426 3777 3826 3827
12492 6 2 7 1 1426 1377 1376 3827 3778 3777
12493 6 2 7 1 1377 1426 1378 3778 3827 3779
12494 6 2 7 1 1378 1426 1427 3779 3827 3828
12495 6 2 7 1 1378 1427 1428 3779 3828 3829
12496 6 2 7 1 1428 1379 1378 3829 3780 3779
12497 6 2 7 1 1379 1428 1380 3780 3829 3781
12498 6 2 7 1 1380 1428 1429 3781 3829 3830
12499 6 2 7 1 1380 1429 135 3781 3830 331
12500 6 2 7 1 135 136 1380 331 332 3781
12501 6 2 7 1 29 30 1430 225 226 3831
12502 6 2 7 1 1430 1381 29 3831 3782 225
12503 6 2 7 1 1381 1430 1382 3782 3831 3783
12504 6 2 7 1 1382 1430 1431 3783 3831 3832
12505 6 2 7 1 1382 1431 1432 3783 3832 3833
12506 6 2 7 1 1432 1383 1382 3833 3784 3783
12507 6 2 7 1 1383 1432 1384 3784 3833 3785
12508 6 2 7 1 1384 1432 1433 3785 3833 3834
12509 6 2 7 1 1384 1433 1434 3785 3834 3835
12510 6 2 7 1 1434 1385 1384 3835 3786 3785
12511 6 2 7 1 1385 1434 1386 3786 3835 3787
12512 6 2 7 1 1386 1434 1435 3787 3835 3836
12513 6 2 7 1 1386 1435 1436 3787 3836 3837
12514 6 2 7 1 1436 1387 1386 3837 3788 3787
12515 6 2 7 1 1387 1436 1388 3788 3837 3789
12516 6 2 7 1 1388 1436 1437 3789 3837 3838
12517 6 2 7 1 1388 1437 1438 3789 3838 3839
12518 6 2 7 1 1438 1389 1388 3839 3790 3789
12519 6 2 7 1 1389 1438 1390 3790 3839 3791
12520 6 2 7 1 1390 1438 1439 3791 3839 3840
12521 6 2 7 1 1390 1439 1440 3791 3840 3841
12522 6 2 7 1 1440 1391 1390 3841 3792 3791
12523 6 2 7 1 1391 1440 1392 3792 3841 3793
12524 6 2 7 1 1392 1440 1441 3793 3841 3842
12525 6 2 7 1 1392 1441 1442 3793 3842 3843
12526 6 2 7 1 1442 1393 1392 3843 3794 3793
12527 6 2 7 1 1393 1442 1394 3794 3843 3795
12528 6 2 7 1 1394 1442 1443 3795 3843 3844
12529 6 2 7 1 1394 1443 1444 3795 3844 3845
12530 6 2 7 1 1444 1395 1394 3845 3796 3795
12531 6 2 7 1 1395 1444 1396 3796 3845 3797
12532 6 2 7 1 1396 1444 1445 3797 3845 3846
12533 6 2 7 1 1396 1445 1446 3797 3846 3847
12534 6 2 7 1 1446 1397 1396 3847 3798 3797
12535 6 2 7 1 1397 1446 1398 3798 3847 3799
12536 6 2 7 1 1398 1446 1447 3799 3847 3848
12537 6 2 7 1 1398 1447 1448 3799 3848 3849
12538 6 2 7 1 1448 1399 1398 3849 3800 3799
12539 6 2 7 1 1399 1448 1400 3800 3849 3801
12540 6 2 7 1 1400 1448 1449 3801 3849 3850
12541 6 2 7 1 1400 1449 1450 3801 3850 3851
12542 6 2 7 1 1450 1401 1400 3851 3802 3801
12543 6 2 7 1 1401 1450 1402 3802 3851 3803
12544 6 2 7 1 1402 1450 1451 3803 3851 3852
12545 6 2 7 1 1402 1451 1452 3803 3852 3853
12546 6 2 7 1 1452 1403 1402 3853 3804 3803
12547 6 2 7 1 1403 1452 1404 3804 3853 3805
12548 6 2 7 1 1404 1452 1453 3805 3853 3854
12549 6 2 7 1 1404 1453 1454 3805 3854 3855
12550 6 2 7 1 1454 1405 1404 3855 3806 3805
12551 6 2 7 1 1405 1454 1406 3806 3855 3807
12552 6 2 7 1 1406 1454 1455 3807 3855 3856
12553 6 2 7 1 1406 1455 1456 3807 3856 3857
12554 6 2 7 1 1456 1407 1406 3857 3808 3807
12555 6 2 7 1 1407 1456 1408 3808 3857 3809
12556 6 2 7 1 1408 1456 1457 3809 3857 3858
12557 6 2 7 1 1408 1457 1458 3809 3858 3859
12558 6 2 7 1 1458 1409 1408 3859 3810 3809
12559 6 2 7 1 1409 1458 1410 3810 3859 3811
12560 6 2 7 1 1410 1458 1459 3811 3859 3860
12561 6 2 7 1 1410 1459 1460 3811 3860 3861
12562 6 2 7 1 1460 1411 1410 3861 3812 3811
12563 6 2 7 1 1411 1460 1412 3812 3861 3813
12564 6 2 7 1 1412 1460 1461 3813 3861 3862
12565 6 2 7 1 1412 1461 1462 3813 3862 3863
12566 6 2 7 1 1462 1413 1412 3863 3814 3813
12567 6 2 7 1 1413 1462 1414 3814 3863 3815
12568 6 2 7 1 1414 1462 1463 3815 3863 3864
12569 6 2 7 1 1414 1463 1464 3815 3864 3865
12570 6 2 7 1 1464 1415 1414 3865 3816 3815
12571 6 2 7 1 1415 1464 1416 3816 3865 3817
12572 6 2 7 1 1416 1464 1465 3817 3865 3866
12573 6 2 7 1 1416 1465 1466 3817 3866 3867
12574 6 2 7 1 1466 1417 1416 3867 3818 3817
12575 6 2 7 1 1417 1466 1418 3818 3867 3819
12576 6 2 7 1 1418 1466 1467 3819 3867 3868
12577 6 2 7 1 1418 1467 1468 3819 3868 3869
12578 6 2 7 1 1468 1419 1418 3869 3820 3819
12579 6 2 7 1 1419 1468 1420 3820 3869 3821
12580 6 2 7 1 1420 1468 1469 3821 3869 3870
12581 6 2 7 1 1420 1469 1470 3821 3870 3871
12582 6 2 7 1 1470 1421 1420 3871 3822 3821
12583 6 2 7 1 1421 1470 1422 3822 3871 3823
12584 6 2 7 1 1422 1470 1471 3823 3871 3872
12585 6 2 7 1 1422 1471 1472 3823 3872 3873
12586 6 2 7 1 1472 1423 1422 3873 3824 3823
12587 6 2 7 1 1423 1472 1424 3824 3873 3825
12588 6 2 7 1 1424 1472 1473 3825 3873 3874
12589 6 2 7 1 1424 1473 1474 3825 3874 3875
12590 6 2 7 1 1474 1425 1424 3875 3826 3825
12591 6 2 7 1 1425 1474 1426 3826 3875 3827
12592 6 2 7 1 1426 1474 1475 3827 3875 3876
12593 6 2 7 1 1426 1475 1476 3827 3876 3877
12594 6 2 7 1 1476 1427 1426 3877 3828 3827
12595 6 2 7 1 1427 1476 1428 3828 3877 3829
12596 6 2 7 1 1428 1476 1477 3829 3877 3878
12597 6 2 7 1 1428 1477 1478 3829 3878 3879
12598 6 2 7 1 1478 1429 1428 3879 3830 3829
12599 6 2 7 1 1429 1478 135 3830 3879 331
12600 6 2 7 1 135 1478 134 331 3879 330
12601 6 2 7 1 30 31 1430 226 227 3831
12602 6 2 7 1 1430 31 1479 3831 227 3880
12603 6 2 7 1 1430 1479 1480 3831 3880 3881
12604 6 2 7 1 1480 1431 1430 3881 3832 3831
12605 6 2 7 1 1431 1480 1432 3832 3881 3833
12606 6 2 7 1 1432 1480 1481 3833 3881 3882
12607 6 2 7 1 1432 1481 1482 3833 3882 3883
12608 6 2 7 1 1482 1433 1432 3883 3834 3833
12609 6 2 7 1 1433 1482 1434 3834 3883 3835
12610 6 2 7 1 1434 1482 1483 3835 3883 3884
12611 6 2 7 1 1434 1483 1484 3835 3884 3885
12612 6 2 7 1 1484 1435 1434 3885 3836 3835
12613 6 2 7 1 1435 1484 1436 3836 3885 3837
12614 6 2 7 1 1436 1484 1485 3837 3885 3886
12615 6 2 7 1 1436 1485 1486 3837 3886 3887
12616 6 2 7 1 1486 1437 1436 3887 3838 3837
12617 6 2 7 1 1437 1486 1438 3838 3887 3839
12618 6 2 7 1 1438 1486 1487 3839 3887 3888
12619 6 2 7 1 1438 1487 1488 3839 3888 3889
12620 6 2 7 1 1488 1439 1438 3889 3840 3839
12621 6 2 7 1 1439 1488 1440 3840 3889 3841
12622 6 2 7 1 1440 1488 1489 3841 3889 3890
12623 6 2 7 1 1440 1489 1490 3841 3890 3891
12624 6 2 7 1 1490 1441 1440 3891 3842 3841
12625 6 2 7 1 1441 1490 1442 3842 3891 3843
12626 6 2 7 1 1442 1490 1491 3843 3891 3892
12627 6 2 7 1 1442 1491 1492 3843 3892 3893
12628 6 2 7 1 1492 1443 1442 3893 3844 3843
12629 6 2 7 1 1443 1492 1444 3844 3893 3845
12630 6 2 7 1 1444 1492 1493 3845 3893 3894
12631 6 2 7 1 1444 1493 1494 3845 3894 3895
12632 6 2 7 1 1494 1445 1444 3895 3846 3845
12633 6 2 7 1 1445 1494 1446 3846 3895 3847
12634 6 2 7 1 1446 1494 1495 3847 3895 3896
12635 6 2 7 1 1446 1495 1496 3847 3896 3897
12636 6 2 7 1 1496 1447 1446 3897 3848 3847
12637 6 2 7 1 1447 1496 1448 3848 3897 3849
12638 6 2 7 1 1448 1496 1497 3849 3897 3898
12639 6 2 7 1 1448 1497 1498 3849 3898 3899
12640 6 2 7 1 1498 1449 1448 3899 3850 3849
12641 6 2 7 1 1449 1498 1450 3850 3899 3851
12642 6 2 7 1 1450 1498 1499 3851 3899 3900
12643 6 2 7 1 1450 1499 1500 3851 3900 3901
12644 6 2 7 1 1500 1451 1450 3901 3852 3851
12645 6 2 7 1 1451 1500 1452 3852 3901 3853
12646 6 2 7 1 1452 1500 1501 3853 3901 3902
12647 6 2 7 1 1452 1501 1502 3853 3902 3903
12648 6 2 7 1 1502 1453 1452 3903 3854 3853
12649 6 2 7 1 1453 1502 1454 3854 3903 3855
12650 6 2 7 1 1454 1502 1503 3855 3903 3904
12651 6 2 7 1 1454 1503 1504 3855 3904 3905
12652 6 2 7 1 1504 1455 1454 3905 3856 3855
12653 6 2 7 1 1455 1504 1456 3856 3905 3857
12654 6 2 7 1 1456 1504 1505 3857 3905 3906
12655 6 2 7 1 1456 1505 1506 3857 3906 3907
12656 6 2 7 1 1506 1457 1456 3907 3858 3857
12657 6 2 7 1 1457 1506 1458 3858 3907 3859
12658 6 2 7 1 1458 1506 1507 3859 3907 3908
12659 6 2 7 1 1458 1507 1508 3859 3908 3909
12660 6 2 7 1 1508 1459 1458 3909 3860 3859
12661 6 2 7 1 1459 1508 1460 3860 3909 3861
12662 6 2 7 1 1460 1508 1509 3861 3909 3910
12663 6 2 7 1 1460 1509 1510 3861 3910 3911
12664 6 2 7 1 1510 1461 1460 3911 3862 3861
12665 6 2 7 1 1461 1510 1462 3862 3911 3863
12666 6 2 7 1 1462 1510 1511 3863 3911 3912
12667 6 2 7 1 1462 1511 1512 3863 3912 3913
12668 6 2 7 1 1512 1463 1462 3913 3864 3863
12669 6 2 7 1 1463 1512 1464 3864 3913 3865
12670 6 2 7 1 1464 1512 1513 3865 3913 3914
12671 6 2 7 1 1464 1513 1514 3865 3914 3915
12672 6 2 7 1 1514 1465 1464 3915 3866 3865
12673 6 2 7 1 1465 1514 1466 3866 3915 3867
12674 6 2 7 1 1466 1514 1515 3867 3915 3916
12675 6 2 7 1 1466 1515 1516 3867 3916 3917
12676 6 2 7 1 1516 1467 1466 3917 3868 3867
12677 6 2 7 1 1467 1516 1468 3868 3917 3869
12678 6 2 7 1 1468 1516 1517 3869 3917 3918
12679 6 2 7 1 1468 1517 1518 3869 3918 3919
12680 6 2 7 1 1518 1469 1468 3919 3870 3869
12681 6 2 7 1 1469 1518 1470 3870 3919 3871
12682 6 2 7 1 1470 1518 1519 3871 3919 3920
12683 6 2 7 1 1470 1519 1520 3871 3920 3921
12684 6 2 7 1 1520 1471 1470 3921 3872 3871
12685 6 2 7 1 1471 1520 1472 3872 3921 3873
12686 6 2 7 1 1472 1520 1521 3873 3921 3922
12687 6 2 7 1 1472 1521 1522 3873 3922 3923
12688 6 2 7 1 1522 1473 1472 3923 3874 3873
12689 6 2 7 1 1473 1522 1474 3874 3923 3875
12690 6 2 7 1 1474 1522 1523 3875 3923 3924
12691 6 2 7 1 1474 1523 1524 3875 3924 3925
12692 6 2 7 1 1524 1475 1474 3925 3876 3875
12693 6 2 7 1 1475 1524 1476 3876 3925 3877
12694 6 2 7 1 1476 1524 1525 3877 3925 3926
12695 6 2 7 1 1476 1525 1526 3877 3926 3927
12696 6 2 7 1 1526 1477 1476 3927 3878 3877
12697 6 2 7 1 1477 1526 1478 3878 3927 3879
12698 6 2 7 1 1478 1526 1527 3879 3927 3928
12699 6 2 7 1 1478 1527 133 3879 3928 329
12700 6 2 7 1 133 134 1478 329 330 3879
12701 6 2 7 1 31 32 1528 227 228 3929
12702 6 2 7 1 1528 1479 31 3929 3880 227
12703 6 2 7 1 1479 1528 1480 3880 3929 3881
12704 6 2 7 1 1480 1528 1529 3881 3929 3930
12705 6 2 7 1 1480 1529 1530 3881 3930 3931
12706 6 2 7 1 1530 1481 1480 3931 3882 3881
12707 6 2 7 1 1481 1530 1482 3882 3931 3883
12708 6 2 7 1 1482 1530 1531 3883 3931 3932
12709 6 2 7 1 1482 1531 1532 3883 3932 3933
12710 6 2 7 1 1532 1483 1482 3933 3884 3883
12711 6 2 7 1 1483 1532 1484 3884 3933 3885
12712 6 2 7 1 1484 1532 1533 3885 3933 3934
12713 6 2 7 1 1484 1533 1534 3885 3934 3935
12714 6 2 7 1 1534 1485 1484 3935 3886 3885
12715 6 2 7 1 1485 1534 1486 3886 3935 3887
12716 6 2 7 1 1486 1534 1535 3887 3935 3936
12717 6 2 7 1 1486 1535 1536 3887 3936 3937
12718 6 2 7 1 1536 1487 1486 3937 3888 3887
12719 6 2 7 1 1487 1536 1488 3888 3937 3889
12720 6 2 7 1 1488 1536 1537 3889 3937 3938
12721 6 2 7 1 1488 1537 1538 3889 3938 3939
12722 6 2 7 1 1538 1489 1488 3939 3890 3889
12723 6 2 7 1 1489 1538 1490 3890 3939 3891
12724 6 2 7 1 1490 1538 1539 3891 3939 3940
12725 6 2 7 1 1490 1539 1540 3891 3940 3941
12726 6 2 7 1 1540 1491 1490 3941 3892 3891
12727 6 2 7 1 1491 1540 1492 3892 3941 3893
12728 6 2 7 1 1492 1540 1541 3893 3941 3942
12729 6 2 7 1 1492 1541 1542 3893 3942 3943
12730 6 2 7 1 1542 1493 1492 3943 3894 3893
12731 6 2 7 1 1493 1542 1494 3894 3943 3895
12732 6 2 7 1 1494 1542 1543 3895 3943 3944
12733 6 2 7 1 1494 1543 1544 3895 3944 3945
12734 6 2 7 1 1544 1495 1494 3945 3896 3895
12735 6 2 7 1 1495 1544 1496 3896 3945 3897
12736 6 2 7 1 1496 1544 1545 3897 3945 3946
12737 6 2 7 1 1496 1545 1546 3897 3946 3947
12738 6 2 7 1 1546 1497 1496 3947 3898 3897
12739 6 2 7 1 1497 1546 1498 3898 3947 3899
12740 6 2 7 1 1498 1546 1547 3899 3947 3948
12741 6 2 7 1 1498 1547 1548 3899 3948 3949
12742 6 2 7 1 1548 1499 1498 3949 3900 3899
12743 6 2 7 1 1499 1548 1500 3900 3949 3901
12744 6 2 7 1 1500 1548 1549 3901 3949 3950
12745 6 2 7 1 1500 1549 1550 3901 3950 3951
12746 6 2 7 1 1550 1501 1500 3951 3902 3901
12747 6 2 7 1 1501 1550 1502 3902 3951 3903
12748 6 2 7 1 1502 1550 1551 3903 3951 3952
12749 6 2 7 1 1502 1551 1552 3903 3952 3953
12750 6 2 7 1 1552 1503 1502 3953 3904 3903
12751 6 2 7 1 1503 1552 1504 3904 3953 3905
12752 6 2 7 1 1504 1552 1553 3905 3953 3954
12753 6 2 7 1 1504 1553 1554 3905 3954 3955
12754 6 2 7 1 1554 1505 1504 3955 3906 3905
12755 6 2 7 1 1505 1554 1506 3906 3955 3907
12756 6 2 7 1 1506 1554 1555 3907 3955 3956
12757 6 2 7 1 1506 1555 1556 3907 3956 3957
12758 6 2 7 1 1556 1507 1506 3957 3908 3907
12759 6 2 7 1 1507 1556 1508 3908 3957 3909
12760 6 2 7 1 1508 1556 1557 3909 3957 3958
12761 6 2 7 1 1508 1557 1558 3909 3958 3959
12762 6 2 7 1 1558 1509 1508 3959 3910 3909
12763 6 2 7 1 1509 1558 1510 3910 3959 3911
12764 6 2 7 1 1510 1558 1559 3911 3959 3960
12765 6 2 7 1 1510 1559 1560 3911 3960 3961
12766 6 2 7 1 1560 1511 1510 3961 3912 3911
12767 6 2 7 1 1511 1560 1512 3912 3961 3913
12768 6 2 7 1 1512 1560 1561 3913 3961 3962
12769 6 2 7 1 1512 1561 1562 3913 3962 3963
12770 6 2 7 1 1562 1513 1512 3963 3914 3913
12771 6 2 7 1 1513 1562 1514 3914 3963 3915
12772 6 2 7 1 1514 1562 1563 3915 3963 3964
12773 6 2 7 1 1514 1563 1564 3915 3964 3965
12774 6 2 7 1 1564 1515 1514 3965 3916 3915
12775 6 2 7 1 1515 1564 1516 3916 3965 3917
12776 6 2 7 1 1516 1564 1565 3917 3965 3966
12777 6 2 7 1 1516 1565 1566 3917 3966 3967
12778 6 2 7 1 1566 1517 1516 3967 3918 3917
12779 6 2 7 1 1517 1566 1518 3918 3967 3919
12780 6 2 7 1 1518 1566 1567 3919 3967 3968
12781 6 2 7 1 1518 1567 1568 3919 3968 3969
12782 6 2 7 1 1568 1519 1518 3969 3920 3919
12783 6 2 7 1 1519 1568 1520 3920 3969 3921
12784 6 2 7 1 1520 1568 1569 3921 3969 3970
12785 6 2 7 1 1520 1569 1570 3921 3970 3971
12786 6 2 7 1 1570 1521 1520 3971 3922 3921
12787 6 2 7 1 1521 1570 1522 3922 3971 3923
12788 6 2 7 1 1522 1570 1571 3923 3971 3972
12789 6 2 7 1 1522 1571 1572 3923 3972 3973
12790 6 2 7 1 1572 1523 1522 3973 3924 3923
12791 6 2 7 1 1523 1572 1524 3924 3973 3925
12792 6 2 7 1 1524 1572 1573 3925 3973 3974
12793 6 2 7 1 1524 1573 1574 3925 3974 3975
12794 6 2 7 1 1574 1525 1524 3975 3926 3925
12795 6 2 7 1 1525 1574 1526 3926 3975 3927
12796 6 2 7 1 1526 1574 1575 3927 3975 3976
12797 6 2 7 1 1526 1575 1576 3927 3976 3977
12798 6 2 7 1 1576 1527 1526 3977 3928 3927
12799 6 2 7 1 1527 1576 133 3928 3977 329
12800 6 2 7 1 133 1576 132 329 3977 328
12801 6 2 7 1 32 33 1528 228 229 3929
12802 6 2 7 1 1528 33 1577 3929 229 3978
12803 6 2 7 1 1528 1577 1578 3929 3978 3979
12804 6 2 7 1 1578 1529 1528 3979 3930 3929
12805 6 2 7 1 1529 1578 1530 3930 3979 3931
12806 6 2 7 1 1530 1578 1579 3931 3979 3980
12807 6 2 7 1 1530 1579 1580 3931 3980 3981
12808 6 2 7 1 1580 1531 1530 3981 3932 3931
12809 6 2 7 1 1531 1580 1532 3932 3981 3933
12810 6 2 7 1 1532 1580 1581 3933 3981 3982
12811 6 2 7 1 1532 1581 1582 3933 3982 3983
12812 6 2 7 1 1582 1533 1532 3983 3934 3933
12813 6 2 7 1 1533 1582 1534 3934 3983 3935
12814 6 2 7 1 1534 1582 1583 3935 3983 3984
12815 6 2 7 1 1534 1583 1584 3935 3984 3985
12816 6 2 7 1 1584 1535 1534 3985 3936 3935
12817 6 2 7 1 1535 1584 1536 3936 3985 3937
12818 6 2 7 1 1536 1584 1585 3937 3985 3986
12819 6 2 7 1 1536 1585 1586 3937 3986 3987
12820 6 2 7 1 1586 1537 1536 3987 3938 3937
12821 6 2 7 1 1537 1586 1538 3938 3987 3939
12822 6 2 7 1 1538 1586 1587 3939 3987 3988
12823 6 2 7 1 1538 1587 1588 3939 3988 3989
12824 6 2 7 1 1588 1539 1538 3989 3940 3939
12825 6 2 7 1 1539 1588 1540 3940 3989 3941
12826 6 2 7 1 1540 1588 1589 3941 3989 3990
12827 6 2 7 1 1540 1589 1590 3941 3990 3991
12828 6 2 7 1 1590 1541 1540 3991 3942 3941
12829 6 2 7 1 1541 1590 1542 3942 3991 3943
12830 6 2 7 1 1542 1590 1591 3943 3991 3992
12831 6 2 7 1 1542 1591 1592 3943 3992 3993
12832 6 2 7 1 1592 1543 1542 3993 3944 3943
12833 6 2 7 1 1543 1592 1544 3944 3993 3945
12834 6 2 7 1 1544 1592 1593 3945 3993 3994
12835 6 2 7 1 1544 1593 1594 3945 3994 3995
12836 6 2 7 1 1594 1545 1544 3995 3946 3945
12837 6 2 7 1 1545 1594 1546 3946 3995 3947
12838 6 2 7 1 1546 1594 1595 3947 3995 3996
12839 6 2 7 1 1546 1595 1596 3947 3996 3997
12840 6 2 7 1 1596 1547 1546 3997 3948 3947
12841 6 2 7 1 1547 1596 1548 3948 3997 3949
12842 6 2 7 1 1548 1596 1597 3949 3997 3998
12843 6 2 7 1 1548 1597 1598 3949 3998 3999
12844 6 2 7 1 1598 1549 1548 3999 3950 3949
12845 6 2 7 1 1549 1598 1550 3950 3999 3951
12846 6 2 7 1 1550 1598 1599 3951 3999 4000
12847 6 2 7 1 1550 1599 1600 3951 4000 4001
12848 6 2 7 1 1600 1551 1550 4001 3952 3951
12849 6 2 7 1 1551 1600 1552 3952 4001 3953
12850 6 2 7 1 1552 1600 1601 3953 4001 4002
12851 6 2 7 1 1552 1601 1602 3953 4002 4003
12852 6 2 7 1 1602 1553 1552 4003 3954 3953
12853 6 2 7 1 1553 1602 1554 3954 4003 3955
12854 6 2 7 1 1554 1602 1603 3955 4003 4004
12855 6 2 7 1 1554 1603 1604 3955 4004 4005
12856 6 2 7 1 1604 1555 1554 4005 3956 3955
12857 6 2 7 1 1555 1604 1556 3956 4005 3957
12858 6 2 7 1 1556 1604 1605 3957 4005 4006
12859 6 2 7 1 1556 1605 1606 3957 4006 4007
12860 6 2 7 1 1606 1557 1556 4007 3958 3957
12861 6 2 7 1 1557 1606 1558 3958 4007 3959
12862 6 2 7 1 1558 1606 1607 3959 4007 4008
12863 6 2 7 1 1558 1607 1608 3959 4008 4009
12864 6 2 7 1 1608 1559 1558 4009 3960 3959
12865 6 2 7 1 1559 1608 1560 3960 4009 3961
12866 6 2 7 1 1560 1608 1609 3961 4009 4010
12867 6 2 7 1 1560 1609 1610 3961 4010 4011
12868 6 2 7 1 1610 1561 1560 4011 3962 3961
12869 6 2 7 1 1561 1610 1562 3962 4011 3963
12870 6 2 7 1 1562 1610 1611 3963 4011 4012
12871 6 2 7 1 1562 1611 1612 3963 4012 4013
12872 6 2 7 1 1612 1563 1562 4013 3964 3963
12873 6 2 7 1 1563 1612 1564 3964 4013 3965
12874 6 2 7 1 1564 1612 1613 3965 4013 4014
12875 6 2 7 1 1564 1613 1614 3965 4014 4015
12876 6 2 7 1 1614 1565 1564 4015 3966 3965
12877 6 2 7 1 1565 1614 1566 3966 4015 3967
12878 6 2 7 1 1566 1614 1615 3967 4015 4016
12879 6 2 7 1 1566 1615 1616 3967 4016 4017
12880 6 2 7 1 1616 1567 1566 4017 3968 3967
12881 6 2 7 1 1567 1616 1568 3968 4017 3969
12882 6 2 7 1 1568 1616 1617 3969 4017 4018
12883 6 2 7 1 1568 1617 1618 3969 4018 4019
12884 6 2 7 1 1618 1569 1568 4019 3970 3969
12885 6 2 7 1 1569 1618 1570 3970 4019 3971
12886 6 2 7 1 1570 1618 1619 3971 4019 4020
12887 6 2 7 1 1570 1619 1620 3971 4020 4021
12888 6 2 7 1 1620 1571 1570 4021 3972 3971
12889 6 2 7 1 1571 1620 1572 3972 4021 3973
12890 6 2 7 1 1572 1620 1621 3973 4021 4022
12891 6 2 7 1 1572 1621 1622 3973 4022 4023
12892 6 2 7 1 1622 1573 1572 4023 3974 3973
12893 6 2 7 1 1573 1622 1574 3974 4023 3975
12894 6 2 7 1 1574 1622 1623 3975 4023 4024
12895 6 2 7 1 1574 1623 1624 3975 4024 4025
12896 6 2 7 1 1624 1575 1574 4025 3976 3975
12897 6 2 7 1 1575 1624 1576 3976 4025 3977
12898 6 2 7 1 1576 1624 1625 3977 4025 4026
12899 6 2 7 1 1576 1625 131 3977 4026 327
12900 6 2 7 1 131 132 1576 327 328 3977
12901 6 2 7 1 33 34 1626 229 230 4027
12902 6 2 7 1 1626 1577 33 4027 3978 229
12903 6 2 7 1 1577 1626 1578 3978 4027 3979
12904 6 2 7 1 1578 1626 1627 3979 4027 4028
12905 6 2 7 1 1578 1627 1628 3979 4028 4029
12906 6 2 7 1 1628 1579 1578 4029 3980 3979
12907 6 2 7 1 1579 1628 1580 3980 4029 3981
12908 6 2 7 1 1580 1628 1629 3981 4029 4030
12909 6 2 7 1 1580 1629 1630 3981 4030 4031
12910 6 2 7 1 1630 1581 1580 4031 3982 3981
12911 6 2 7 1 1581 1630 1582 3982 4031 3983
12912 6 2 7 1 1582 1630 1631 3983 4031 4032
12913 6 2 7 1 1582 1631 1632 3983 4032 4033
12914 6 2 7 1 1632 1583 1582 4033 3984 3983
12915 6 2 7 1 1583 1632 1584 3984 4033 3985
12916 6 2 7 1 1584 1632 1633 3985 4033 4034
12917 6 2 7 1 1584 1633 1634 3985 4034 4035
12918 6 2 7 1 1634 1585 1584 4035 3986 3985
12919 6 2 7 1 1585 1634 1586 3986 4035 3987
12920 6 2 7 1 1586 1634 1635 3987 4035 4036
12921 6 2 7 1 1586 1635 1636 3987 4036 4037
12922 6 2 7 1 1636 1587 1586 4037 3988 3987
12923 6 2 7 1 1587 1636 1588 3988 4037 3989
12924 6 2 7 1 1588 1636 1637 3989 4037 4038
12925 6 2 7 1 1588 1637 1638 3989 4038 4039
12926 6 2 7 1 1638 1589 1588 4039 3990 3989
12927 6 2 7 1 1589 1638 1590 3990 4039 3991
12928 6 2 7 1 1590 1638 1639 3991 4039 4040
12929 6 2 7 1 1590 1639 1640 3991 4040 4041
12930 6 2 7 1 1640 1591 1590 4041 3992 3991
12931 6 2 7 1 1591 1640 1592 3992 4041 3993
12932 6 2 7 1 1592 1640 1641 3993 4041 4042
12933 6 2 7 1 1592 1641 1642 3993 4042 4043
12934 6 2 7 1 1642 1593 1592 4043 3994 3993
12935 6 2 7 1 1593 1642 1594 3994 4043 3995
12936 6 2 7 1 1594 1642 1643 3995 4043 4044
12937 6 2 7 1 1594 1643 1644 3995 4044 4045
12938 6 2 7 1 1644 1595 1594 4045 3996 3995
12939 6 2 7 1 1595 1644 1596 3996 4045 3997
12940 6 2 7 1 1596 1644 1645 3997 4045 4046
12941 6 2 7 1 1596 1645 1646 3997 4046 4047
12942 6 2 7 1 1646 1597 1596 4047 3998 3997
12943 6 2 7 1 1597 1646 1598 3998 4047 3999
12944 6 2 7 1 1598 1646 1647 3999 4047 4048
12945 6 2 7 1 1598 1647 1648 3999 4048 4049
12946 6 2 7 1 1648 1599 1598 4049 4000 3999
12947 6 2 7 1 1599 1648 1600 4000 4049 4001
12948 6 2 7 1 1600 1648 1649 4001 4049 4050
12949 6 2 7 1 1600 1649 1650 4001 4050 4051
12950 6 2 7 1 1650 1601 1600 4051 4002 4001
12951 6 2 7 1 1601 1650 1602 4002 4051 4003
12952 6 2 7 1 1602 1650 1651 4003 4051 4052
12953 6 2 7 1 1602 1651 1652 4003 4052 4053
12954 6 2 7 1 1652 1603 1602 4053 4004 4003
12955 6 2 7 1 1603 1652 1604 4004 4053 4005
12956 6 2 7 1 1604 1652 1653 4005 4053 4054
12957 6 2 7 1 1604 1653 1654 4005 4054 4055
12958 6 2 7 1 1654 1605 1604 4055 4006 4005
12959 6 2 7 1 1605 1654 1606 4006 4055 4007
12960 6 2 7 1 1606 1654 1655 4007 4055 4056
12961 6 2 7 1 1606 1655 1656 4007 4056 4057
12962 6 2 7 1 1656 1607 1606 4057 4008 4007
12963 6 2 7 1 1607 1656 1608 4008 4057 4009
12964 6 2 7 1 1608 1656 1657 4009 4057 4058
12965 6 2 7 1 1608 1657 1658 4009 4058 4059
12966 6 2 7 1 1658 1609 1608 4059 4010 4009
12967 6 2 7 1 1609 1658 1610 4010 4059 4011
12968 6 2 7 1 1610 1658 1659 4011 4059 4060
12969 6 2 7 1 1610 1659 1660 4011 4060 4061
12970 6 2 7 1 1660 1611 1610 4061 4012 4011
12971 6 2 7 1 1611 1660 1612 4012 4061 4013
12972 6 2 7 1 1612 1660 1661 4013 4061 4062
12973 6 2 7 1 1612 1661 1662 4013 4062 4063
12974 6 2 7 1 1662 1613 1612 4063 4014 4013
12975 6 2 7 1 1613 1662 1614 4014 4063 4015
12976 6 2 7 1 1614 1662 1663 4015 4063 4064
12977 6 2 7 1 1614 1663 1664 4015 4064 4065
12978 6 2 7 1 1664 1615 1614 4065 4016 4015
12979 6 2 7 1 1615 1664 1616 4016 4065 4017
12980 6 2 7 1 1616 1664 1665 4017 4065 4066
12981 6 2 7 1 1616 1665 1666 4017 4066 4067
12982 6 2 7 1 1666 1617 1616 4067 4018 4017
12983 6 2 7 1 1617 1666 1618 4018 4067 4019
12984 6 2 7 1 1618 1666 1667 4019 4067 4068
12985 6 2 7 1 1618 1667 1668 4019 4068 4069
12986 6 2 7 1 1668 1619 1618 4069 4020 4019
12987 6 2 7 1 1619 1668 1620 4020 4069 4021
12988 6 2 7 1 1620 1668 1669 4021 4069 4070
12989 6 2 7 1 1620 1669 1670 4021 4070 4071
12990 6 2 7 1 1670 1621 1620 4071 4022 4021
12991 6 2 7 1 1621 1670 1622 4022 4071 4023
12992 6 2 7 1 1622 1670 1671 4023 4071 4072
12993 6 2 7 1 1622 1671 1672 4023 4072 4073
12994 6 2 7 1 1672 1623 1622 4073 4024 4023
12995 6 2 7 1 1623 1672 1624 4024 4073 4025
12996 6 2 7 1 1624 1672 1673 4025 4073 4074
12997 6 2 7 1 1624 1673 1674 4025 4074 4075
12998 6 2 7 1 1674 1625 1624 4075 4026 4025
12999 6 2 7 1 1625 1674 131 4026 4075 327
13000 6 2 7 1 131 1674 130 327 4075 326
13001 6 2 7 1 34 35 1626 230 231 4027
13002 6 2 7 1 1626 35 1675 4027 231 4076
13003 6 2 7 1 1626 1675 1676 4027 4076 4077
13004 6 2 7 1 1676 1627 1626 4077 4028 4027
13005 6 2 7 1 1627 1676 1628 4028 4077 4029
13006 6 2 7 1 1628 1676 1677 4029 4077 4078
13007 6 2 7 1 1628 1677 1678 4029 4078 4079
13008 6 2 7 1 1678 1629 1628 4079 4030 4029
13009 6 2 7 1 1629 1678 1630 4030 4079 4031
13010 6 2 7 1 1630 1678 1679 4031 4079 4080
13011 6 2 7 1 1630 1679 1680 4031 4080 4081
13012 6 2 7 1 1680 1631 1630 4081 4032 4031
13013 6 2 7 1 1631 1680 1632 4032 4081 4033
13014 6 2 7 1 1632 1680 1681 4033 4081 4082
13015 6 2 7 1 1632 1681 1682 4033 4082 4083
13016 6 2 7 1 1682 1633 1632 4083 4034 4033
13017 6 2 7 1 1633 1682 1634 4034 4083 4035
13018 6 2 7 1 1634 1682 1683 4035 4083 4084
13019 6 2 7 1 1634 1683 1684 4035 4084 4085
13020 6 2 7 1 1684 1635 1634 4085 4036 4035
13021 6 2 7 1 1635 1684 1636 4036 4085 4037
13022 6 2 7 1 1636 1684 1685 4037 4085 4086
13023 6 2 7 1 1636 1685 1686 4037 4086 4087
13024 6 2 7 1 1686 1637 1636 4087 4038 4037
13025 6 2 7 1 1637 1686 1638 4038 4087 4039
13026 6 2 7 1 1638 1686 1687 4039 4087 4088
13027 6 2 7 1 1638 1687 1688 4039 4088 4089
13028 6 2 7 1 1688 1639 1638 4089 4040 4039
13029 6 2 7 1 1639 1688 1640 4040 4089 4041
13030 6 2 7 1 1640 1688 1689 4041 4089 4090
13031 6 2 7 1 1640 1689 1690 4041 4090 4091
13032 6 2 7 1 1690 1641 1640 4091 4042 4041
13033 6 2 7 1 1641 1690 1642 4042 4091 4043
13034 6 2 7 1 1642 1690 1691 4043 4091 4092
13035 6 2 7 1 1642 1691 1692 4043 4092 4093
13036 6 2 7 1 1692 1643 1642 4093 4044 4043
13037 6 2 7 1 1643 1692 1644 4044 4093 4045
13038 6 2 7 1 1644 1692 1693 4045 4093 4094
13039 6 2 7 1 1644 1693 1694 4045 4094 4095
13040 6 2 7 1 1694 1645 1644 4095 4046 4045
13041 6 2 7 1 1645 1694 1646 4046 4095 4047
13042 6 2 7 1 1646 1694 1695 4047 4095 4096
13043 6 2 7 1 1646 1695 1696 4047 4096 4097
13044 6 2 7 1 1696 1647 1646 4097 4048 4047
13045 6 2 7 1 1647 1696 1648 4048 4097 4049
13046 6 2 7 1 1648 1696 1697 4049 4097 4098
13047 6 2 7 1 1648 1697 1698 4049 4098 4099
13048 6 2 7 1 1698 1649 1648 4099 4050 4049
13049 6 2 7 1 1649 1698 1650 4050 4099 4051
13050 6 2 7 1 1650 1698 1699 4051 4099 4100
13051 6 2 7 1 1650 1699 1700 4051 4100 4101
13052 6 2 7 1 1700 1651 1650 4101 4052 4051
13053 6 2 7 1 1651 1700 1652 4052 4101 4053
13054 6 2 7 1 1652 1700 1701 4053 4101 4102
13055 6 2 7 1 1652 1701 1702 4053 4102 4103
13056 6 2 7 1 1702 1653 1652 4103 4054 4053
13057 6 2 7 1 1653 1702 1654 4054 4103 4055
13058 6 2 7 1 1654 1702 1703 4055 4103 4104
13059 6 2 7 1 1654 1703 1704 4055 4104 4105
13060 6 2 7 1 1704 1655 1654 4105 4056 4055
13061 6 2 7 1 1655 1704 1656 4056 4105 4057
13062 6 2 7 1 1656 1704 1705 4057 4105 4106
13063 6 2 7 1 1656 1705 1706 4057 4106 4107
13064 6 2 7 1 1706 1657 1656 4107 4058 4057
13065 6 2 7 1 1657 1706 1658 4058 4107 4059
13066 6 2 7 1 1658 1706 1707 4059 4107 4108
13067 6 2 7 1 1658 1707 1708 4059 4108 4109
13068 6 2 7 1 1708 1659 1658 4109 4060 4059
13069 6 2 7 1 1659 1708 1660 4060 4109 4061
13070 6 2 7 1 1660 1708 1709 4061 4109 4110
13071 6 2 7 1 1660 1709 1710 4061 4110 4111
13072 6 2 7 1 1710 1661 1660 4111 4062 4061
13073 6 2 7 1 1661 1710 1662 4062 4111 4063
13074 6 2 7 1 1662 1710 1711 4063 4111 4112
13075 6 2 7 1 1662 1711 1712 4063 4112 4113
13076 6 2 7 1 1712 1663 1662 4113 4064 4063
13077 6 2 7 1 1663 1712 1664 4064 4113 4065
13078 6 2 7 1 1664 1712 1713 4065 4113 4114
13079 6 2 7 1 1664 1713 1714 4065 4114 4115
13080 6 2 7 1 1714 1665 1664 4115 4066 4065
13081 6 2 7 1 1665 1714 1666 4066 4115 4067
13082 6 2 7 1 1666 1714 1715 4067 4115 4116
13083 6 2 7 1 1666 1715 1716 4067 4116 4117
13084 6 2 7 1 1716 1667 1666 4117 4068 4067
13085 6 2 7 1 1667 1716 1668 4068 4117 4069
13086 6 2 7 1 1668 1716 1717 4069 4117 4118
13087 6 2 7 1 1668 1717 1718 4069 4118 4119
13088 6 2 7 1 1718 1669 1668 4119 4070 4069
13089 6 2 7 1 1669 1718 1670 4070 4119 4071
13090 6 2 7 1 1670 1718 1719 4071 4119 4120
13091 6 2 7 1 1670 1719 1720 4071 4120 4121
13092 6 2 7 1 1720 1671 1670 4121 4072 4071
13093 6 2 7 1 1671 1720 1672 4072 4121 4073
13094 6 2 7 1 1672 1720 1721 4073 4121 4122
13095 6 2 7 1 1672 1721 1722 4073 4122 4123
13096 6 2 7 1 1722 1673 1672 4123 4074 4073
13097 6 2 7 1 1673 1722 1674 4074 4123 4075
13098 6 2 7 1 1674 1722 1723 4075 4123 4124
13099 6 2 7 1 1674 1723 129 4075 4124 325
13100 6 2 7 1 129 130 1674 325 326 4075
13101 6 2 7 1 35 36 1724 231 232 4125
13102 6 2 7 1 1724 1675 35 4125 4076 231
13103 6 2 7 1 1675 1724 1676 4076 4125 4077
13104 6 2 7 1 1676 1724 1725 4077 4125 4126
13105 6 2 7 1 1676 1725 1726 4077 4126 4127
13106 6 2 7 1 1726 1677 1676 4127 4078 4077
13107 6 2 7 1 1677 1726 1678 4078 4127 4079
13108 6 2 7 1 1678 1726 1727 4079 4127 4128
13109 6 2 7 1 1678 1727 1728 4079 4128 4129
13110 6 2 7 1 1728 1679 1678 4129 4080 4079
13111 6 2 7 1 1679 1728 1680 4080 4129 4081
13112 6 2 7 1 1680 1728 1729 4081 4129 4130
13113 6 2 7 1 1680 1729 1730 4081 4130 4131
13114 6 2 7 1 1730 1681 1680 4131 4082 4081
13115 6 2 7 1 1681 1730 1682 4082 4131 4083
13116 6 2 7 1 1682 1730 1731 4083 4131 4132
13117 6 2 7 1 1682 1731 1732 4083 4132 4133
13118 6 2 7 1 1732 1683 1682 4133 4084 4083
13119 6 2 7 1 1683 1732 1684 4084 4133 4085
13120 6 2 7 1 1684 1732 1733 4085 4133 4134
13121 6 2 7 1 1684 1733 1734 4085 4134 4135
13122 6 2 7 1 1734 1685 1684 4135 4086 4085
13123 6 2 7 1 1685 1734 1686 4086 4135 4087
13124 6 2 7 1 1686 1734 1735 4087 4135 4136
13125 6 2 7 1 1686 1735 1736 4087 4136 4137
13126 6 2 7 1 1736 1687 1686 4137 4088 4087
13127 6 2 7 1 1687 1736 1688 4088 4137 4089
13128 6 2 7 1 1688 1736 1737 4089 4137 4138
13129 6 2 7 1 1688 1737 1738 4089 4138 4139
13130 6 2 7 1 1738 1689 1688 4139 4090 4089
13131 6 2 7 1 1689 1738 1690 4090 4139 4091
13132 6 2 7 1 1690 1738 1739 4091 4139 4140
13133 6 2 7 1 1690 1739 1740 4091 4140 4141
13134 6 2 7 1 1740 1691 1690 4141 4092 4091
13135 6 2 7 1 1691 1740 1692 4092 4141 4093
13136 6 2 7 1 1692 1740 1741 4093 4141 4142
13137 6 2 7 1 1692 1741 1742 4093 4142 4143
13138 6 2 7 1 1742 1693 1692 4143 4094 4093
13139 6 2 7 1 1693 1742 1694 4094 4143 4095
13140 6 2 7 1 1694 1742 1743 4095 4143 4144
13141 6 2 7 1 1694 1743 1744 4095 4144 4145
13142 6 2 7 1 1744 1695 1694 4145 4096 4095
13143 6 2 7 1 1695 1744 1696 4096 4145 4097
13144 6 2 7 1 1696 1744 1745 4097 4145 4146
13145 6 2 7 1 1696 1745 1746 4097 4146 4147
13146 6 2 7 1 1746 1697 1696 4147 4098 4097
13147 6 2 7 1 1697 1746 1698 4098 4147 4099
13148 6 2 7 1 1698 1746 1747 4099 4147 4148
13149 6 2 7 1 1698 1747 1748 4099 4148 4149
13150 6 2 7 1 1748 1699 1698 4149 4100 4099
13151 6 2 7 1 1699 1748 1700 4100 4149 4101
13152 6 2 7 1 1700 1748 1749 4101 4149 4150
13153 6 2 7 1 1700 1749 1750 4101 4150 4151
13154 6 2 7 1 1750 1701 1700 4151 4102 4101
13155 6 2 7 1 1701 1750 1702 4102 4151 4103
13156 6 2 7 1 1702 1750 1751 4103 4151 4152
13157 6 2 7 1 1702 1751 1752 4103 4152 4153
13158 6 2 7 1 1752 1703 1702 4153 4104 4103
13159 6 2 7 1 1703 1752 1704 4104 4153 4105
13160 6 2 7 1 1704 1752 1753 4105 4153 4154
13161 6 2 7 1 1704 1753 1754 4105 4154 4155
13162 6 2 7 1 1754 1705 1704 4155 4106 4105
13163 6 2 7 1 1705 1754 1706 4106 4155 4107
13164 6 2 7 1 1706 1754 1755 4107 4155 4156
13165 6 2 7 1 1706 1755 1756 4107 4156 4157
13166 6 2 7 1 1756 1707 1706 4157 4108 4107
13167 6 2 7 1 1707 1756 1708 4108 4157 4109
13168 6 2 7 1 1708 1756 1757 4109 4157 4158
13169 6 2 7 1 1708 1757 1758 4109 4158 4159
13170 6 2 7 1 1758 1709 1708 4159 4110 4109
13171 6 2 7 1 1709 1758 1710 4110 4159 4111
13172 6 2 7 1 1710 1758 1759 4111 4159 4160
13173 6 2 7 1 1710 1759 1760 4111 4160 4161
13174 6 2 7 1 1760 1711 1710 4161 4112 4111
13175 6 2 7 1 1711 1760 1712 4112 4161 4113
13176 6 2 7 1 1712 1760 1761 4113 4161 4162
13177 6 2 7 1 1712 1761 1762 4113 4162 4163
13178 6 2 7 1 1762 1713 1712 4163 4114 4113
13179 6 2 7 1 1713 1762 1714 4114 4163 4115
13180 6 2 7 1 1714 1762 1763 4115 4163 4164
13181 6 2 7 1 1714 1763 1764 4115 4164 4165
13182 6 2 7 1 1764 1715 1714 4165 4116 4115
13183 6 2 7 1 1715 1764 1716 4116 4165 4117
13184 6 2 7 1 1716 1764 1765 4117 4165 4166
13185 6 2 7 1 1716 1765 1766 4117 4166 4167
13186 6 2 7 1 1766 1717 1716 4167 4118 4117
13187 6 2 7 1 1717 1766 1718 4118 4167 4119
13188 6 2 7 1 1718 1766 1767 4119 4167 4168
13189 6 2 7 1 1718 1767 1768 4119 4168 4169
13190 6 2 7 1 1768 1719 1718 4169 4120 4119
13191 6 2 7 1 1719 1768 1720 4120 4169 4121
13192 6 2 7 1 1720 1768 1769 4121 4169 4170
13193 6 2 7 1 1720 1769 1770 4121 4170 4171
13194 6 2 7 1 1770 1721 1720 4171 4122 4121
13195 6 2 7 1 1721 1770 1722 4122 4171 4123
13196 6 2 7 1 1722 1770 1771 4123 4171 4172
13197 6 2 7 1 1722 1771 1772 4123 4172 4173
13198 6 2 7 1 1772 1723 1722 4173 4124 4123
13199 6 2 7 1 1723 1772 129 4124 4173 325
13200 6 2 7 1 129 1772 128 325 4173 324
13201 6 2 7 1 36 37 1724 232 233 4125
13202 6 2 7 1 1724 37 1773 4125 233 4174
13203 6 2 7 1 1724 1773 1774 4125 4174 4175
13204 6 2 7 1 1774 1725 1724 4175 4126 4125
13205 6 2 7 1 1725 1774 1726 4126 4175 4127
13206 6 2 7 1 1726 1774 1775 4127 4175 4176
13207 6 2 7 1 1726 1775 1776 4127 4176 4177
13208 6 2 7 1 1776 1727 1726 4177 4128 4127
13209 6 2 7 1 1727 1776 1728 4128 4177 4129
13210 6 2 7 1 1728 1776 1777 4129 4177 4178
13211 6 2 7 1 1728 1777 1778 4129 4178 4179
13212 6 2 7 1 1778 1729 1728 4179 4130 4129
13213 6 2 7 1 1729 1778 1730 4130 4179 4131
13214 6 2 7 1 1730 1778 1779 4131 4179 4180
13215 6 2 7 1 1730 1779 1780 4131 4180 4181
13216 6 2 7 1 1780 1731 1730 4181 4132 4131
13217 6 2 7 1 1731 1780 1732 4132 4181 4133
13218 6 2 7 1 1732 1780 1781 4133 4181 4182
13219 6 2 7 1 1732 1781 1782 4133 4182 4183
13220 6 2 7 1 1782 1733 1732 4183 4134 4133
13221 6 2 7 1 1733 1782 1734 4134 4183 4135
13222 6 2 7 1 1734 1782 1783 4135 4183 4184
13223 6 2 7 1 1734 1783 1784 4135 4184 4185
13224 6 2 7 1 1784 1735 1734 4185 4136 4135
13225 6 2 7 1 1735 1784 1736 4136 4185 4137
13226 6 2 7 1 1736 1784 1785 4137 4185 4186
13227 6 2 7 1 1736 1785 1786 4137 4186 4187
13228 6 2 7 1 1786 1737 1736 4187 4138 4137
13229 6 2 7 1 1737 1786 1738 4138 4187 4139
13230 6 2 7 1 1738 1786 1787 4139 4187 4188
13231 6 2 7 1 1738 1787 1788 4139 4188 4189
13232 6 2 7 1 1788 1739 1738 4189 4140 4139
13233 6 2 7 1 1739 1788 1740 4140 4189 4141
13234 6 2 7 1 1740 1788 1789 4141 4189 4190
13235 6 2 7 1 1740 1789 1790 4141 4190 4191
13236 6 2 7 1 1790 1741 1740 4191 4142 4141
13237 6 2 7 1 1741 1790 1742 4142 4191 4143
13238 6 2 7 1 1742 1790 1791 4143 4191 4192
13239 6 2 7 1 1742 1791 1792 4143 4192 4193
13240 6 2 7 1 1792 1743 1742 4193 4144 4143
13241 6 2 7 1 1743 1792 1744 4144 4193 4145
13242 6 2 7 1 1744 1792 1793 4145 4193 4194
13243 6 2 7 1 1744 1793 1794 4145 4194 4195
13244 6 2 7 1 1794 1745 1744 4195 4146 4145
13245 6 2 7 1 1745 1794 1746 4146 4195 4147
13246 6 2 7 1 1746 1794 1795 4147 4195 4196
13247 6 2 7 1 1746 1795 1796 4147 4196 4197
13248 6 2 7 1 1796 1747 1746 4197 4148 4147
13249 6 2 7 1 1747 1796 1748 4148 4197 4149
13250 6 2 7 1 1748 1796 1797 4149 4197 4198
13251 6 2 7 1 1748 1797 1798 4149 4198 4199
13252 6 2 7 1 1798 1749 1748 4199 4150 4149
13253 6 2 7 1 1749 1798 1750 4150 4199 4151
13254 6 2 7 1 1750 1798 1799 4151 4199 4200
13255 6 2 7 1 1750 1799 1800 4151 4200 4201
13256 6 2 7 1 1800 1751 1750 4201 4152 4151
13257 6 2 7 1 1751 1800 1752 4152 4201 4153
13258 6 2 7 1 1752 1800 1801 4153 4201 4202
13259 6 2 7 1 1752 1801 1802 4153 4202 4203
13260 6 2 7 1 1802 1753 1752 4203 4154 4153
13261 6 2 7 1 1753 1802 1754 4154 4203 4155
13262 6 2 7 1 1754 1802 1803 4155 4203 4204
13263 6 2 7 1 1754 1803 1804 4155 4204 4205
13264 6 2 7 1 1804 1755 1754 4205 4156 4155
13265 6 2 7 1 1755 1804 1756 4156 4205 4157
13266 6 2 7 1 1756 1804 1805 4157 4205 4206
13267 6 2 7 1 1756 1805 1806 4157 4206 4207
13268 6 2 7 1 1806 1757 1756 4207 4158 4157
13269 6 2 7 1 1757 1806 1758 4158 4207 4159
13270 6 2 7 1 1758 1806 1807 4159 4207 4208
13271 6 2 7 1 1758 1807 1808 4159 4208 4209
13272 6 2 7 1 1808 1759 1758 4209 4160 4159
13273 6 2 7 1 1759 1808 1760 4160 4209 4161
13274 6 2 7 1 1760 1808 1809 4161 4209 4210
13275 6 2 7 1 1760 1809 1810 4161 4210 4211
13276 6 2 7 1 1810 1761 1760 4211 4162 4161
13277 6 2 7 1 1761 1810 1762 4162 4211 4163
13278 6 2 7 1 1762 1810 1811 4163 4211 4212
13279 6 2 7 1 1762 1811 1812 4163 4212 4213
13280 6 2 7 1 1812 1763 1762 4213 4164 4163
13281 6 2 7 1 1763 1812 1764 4164 4213 4165
13282 6 2 7 1 1764 1812 1813 4165 4213 4214
13283 6 2 7 1 1764 1813 1814 4165 4214 4215
13284 6 2 7 1 1814 1765 1764 4215 4166 4165
13285 6 2 7 1 1765 1814 1766 4166 4215 4167
13286 6 2 7 1 1766 1814 1815 4167 4215 4216
13287 6 2 7 1 1766 1815 1816 4167 4216 4217
13288 6 2 7 1 1816 1767 1766 4217 4168 4167
13289 6 2 7 1 1767 1816 1768 4168 4217 4169
13290 6 2 7 1 1768 1816 1817 4169 4217 4218
13291 6 2 7 1 1768 1817 1818 4169 4218 4219
13292 6 2 7 1 1818 1769 1768 4219 4170 4169
13293 6 2 7 1 1769 1818 1770 4170 4219 4171
13294 6 2 7 1 1770 1818 1819 4171 4219 4220
13295 6 2 7 1 1770 1819 1820 4171 4220 4221
13296 6 2 7 1 1820 1771 1770 4221 4172 4171
13297 6 2 7 1 1771 1820 1772 4172 4221 4173
13298 6 2 7 1 1772 1820 1821 4173 4221 4222
13299 6 2 7 1 1772 1821 127 4173 4222 323
13300 6 2 7 1 127 128 1772 323 324 4173
13301 6 2 7 1 37 38 1822 233 234 4223
13302 6 2 7 1 1822 1773 37 4223 4174 233
13303 6 2 7 1 1773 1822 1774 4174 4223 4175
13304 6 2 7 1 1774 1822 1823 4175 4223 4224
13305 6 2 7 1 1774 1823 1824 4175 4224 4225
13306 6 2 7 1 1824 1775 1774 4225 4176 4175
13307 6 2 7 1 1775 1824 1776 4176 4225 4177
13308 6 2 7 1 1776 1824 1825 4177 4225 4226
13309 6 2 7 1 1776 1825 1826 4177 4226 4227
13310 6 2 7 1 1826 1777 1776 4227 4178 4177
13311 6 2 7 1 1777 1826 1778 4178 4227 4179
13312 6 2 7 1 1778 1826 1827 4179 4227 4228
13313 6 2 7 1 1778 1827 1828 4179 4228 4229
13314 6 2 7 1 1828 1779 1778 4229 4180 4179
13315 6 2 7 1 1779 1828 1780 4180 4229 4181
13316 6 2 7 1 1780 1828 1829 4181 4229 4230
13317 6 2 7 1 1780 1829 1830 4181 4230 4231
13318 6 2 7 1 1830 1781 1780 4231 4182 4181
13319 6 2 7 1 1781 1830 1782 4182 4231 4183
13320 6 2 7 1 1782 1830 1831 4183 4231 4232
13321 6 2 7 1 1782 1831 1832 4183 4232 4233
13322 6 2 7 1 1832 1783 1782 4233 4184 4183
13323 6 2 7 1 1783 1832 1784 4184 4233 4185
13324 6 2 7 1 1784 1832 1833 4185 4233 4234
13325 6 2 7 1 1784 1833 1834 4185 4234 4235
13326 6 2 7 1 1834 1785 1784 4235 4186 4185
13327 6 2 7 1 1785 1834 1786 4186 4235 4187
13328 6 2 7 1 1786 1834 1835 4187 4235 4236
13329 6 2 7 1 1786 1835 1836 4187 4236 4237
13330 6 2 7 1 1836 1787 1786 4237 4188 4187
13331 6 2 7 1 1787 1836 1788 4188 4237 4189
13332 6 2 7 1 1788 1836 1837 4189 4237 4238
13333 6 2 7 1 1788 1837 1838 4189 4238 4239
13334 6 2 7 1 1838 1789 1788 4239 4190 4189
13335 6 2 7 1 1789 1838 1790 4190 4239 4191
13336 6 2 7 1 1790 1838 1839 4191 4239 4240
13337 6 2 7 1 1790 1839 1840 4191 4240 4241
13338 6 2 7 1 1840 1791 1790 4241 4192 4191
13339 6 2 7 1 1791 1840 1792 4192 4241 4193
13340 6 2 7 1 1792 1840 1841 4193 4241 4242
13341 6 2 7 1 1792 1841 1842 4193 4242 4243
13342 6 2 7 1 1842 1793 1792 4243 4194 4193
13343 6 2 7 1 1793 1842 1794 4194 4243 4195
13344 6 2 7 1 1794 1842 1843 4195 4243 4244
13345 6 2 7 1 1794 1843 1844 4195 4244 4245
13346 6 2 7 1 1844 1795 1794 4245 4196 4195
13347 6 2 7 1 1795 1844 1796 4196 4245 4197
13348 6 2 7 1 1796 1844 1845 4197 4245 4246
13349 6 2 7 1 1796 1845 1846 4197 4246 4247
13350 6 2 7 1 1846 1797 1796 4247 4198 4197
13351 6 2 7 1 1797 1846 1798 4198 4247 4199
13352 6 2 7 1 1798 1846 1847 4199 4247 4248
13353 6 2 7 1 1798 1847 1848 4199 4248 4249
13354 6 2 7 1 1848 1799 1798 4249 4200 4199
13355 6 2 7 1 1799 1848 1800 4200 4249 4201
13356 6 2 7 1 1800 1848 1849 4201 4249 4250
13357 6 2 7 1 1800 1849 1850 4201 4250 4251
13358 6 2 7 1 1850 1801 1800 4251 4202 4201
13359 6 2 7 1 1801 1850 1802 4202 4251 4203
13360 6 2 7 1 1802 1850 1851 4203 4251 4252
13361 6 2 7 1 1802 1851 1852 4203 4252 4253
13362 6 2 7 1 1852 1803 1802 4253 4204 4203
13363 6 2 7 1 1803 1852 1804 4204 4253 4205
13364 6 2 7 1 1804 1852 1853 4205 4253 4254
13365 6 2 7 1 1804 1853 1854 4205 4254 4255
13366 6 2 7 1 1854 1805 1804 4255 4206 4205
13367 6 2 7 1 1805 1854 1806 4206 4255 4207
13368 6 2 7 1 1806 1854 1855 4207 4255 4256
13369 6 2 7 1 1806 1855 1856 4207 4256 4257
13370 6 2 7 1 1856 1807 1806 4257 4208 4207
13371 6 2 7 1 1807 1856 1808 4208 4257 4209
13372 6 2 7 1 1808 1856 1857 4209 4257 4258
13373 6 2 7 1 1808 1857 1858 4209 4258 4259
13374 6 2 7 1 1858 1809 1808 4259 4210 4209
13375 6 2 7 1 1809 1858 1810 4210 4259 4211
13376 6 2 7 1 1810 1858 1859 4211 4259 4260
13377 6 2 7 1 1810 1859 1860 4211 4260 4261
13378 6 2 7 1 1860 1811 1810 4261 4212 4211
13379 6 2 7 1 1811 1860 1812 4212 4261 4213
13380 6 2 7 1 1812 1860 1861 4213 4261 4262
13381 6 2 7 1 1812 1861 1862 4213 4262 4263
13382 6 2 7 1 1862 1813 1812 4263 4214 4213
13383 6 2 7 1 1813 1862 1814 4214 4263 4215
13384 6 2 7 1 1814 1862 1863 4215 4263 4264
13385 6 2 7 1 1814 1863 1864 4215 4264 4265
13386 6 2 7 1 1864 1815 1814 4265 4216 4215
13387 6 2 7 1 1815 1864 1816 4216 4265 4217
13388 6 2 7 1 1816 1864 1865 4217 4265 4266
13389 6 2 7 1 1816 1865 1866 4217 4266 4267
13390 6 2 7 1 1866 1817 1816 4267 4218 4217
13391 6 2 7 1 1817 1866 1818 4218 4267 4219
13392 6 2 7 1 1818 1866 1867 4219 4267 4268
13393 6 2 7 1 1818 1867 1868 4219 4268 4269
13394 6 2 7 1 1868 1819 1818 4269 4220 4219
13395 6 2 7 1 1819 1868 1820 4220 4269 4221
13396 6 2 7 1 1820 1868 1869 4221 4269 4270
13397 6 2 7 1 1820 1869 1870 4221 4270 4271
13398 6 2 7 1 1870 1821 1820 4271 4222 4221
13399 6 2 7 1 1821 1870 127 4222 4271 323
13400 6 2 7 1 127 1870 126 323 4271 322
13401 6 2 7 1 38 39 1822 234 235 4223
13402 6 2 7 1 1822 39 1871 4223 235 4272
13403 6 2 7 1 1822 1871 1872 4223 4272 4273
13404 6 2 7 1 1872 1823 1822 4273 4224 4223
13405 6 2 7 1 1823 1872 1824 4224 4273 4225
13406 6 2 7 1 1824 1872 1873 4225 4273 4274
13407 6 2 7 1 1824 1873 1874 4225 4274 4275
13408 6 2 7 1 1874 1825 1824 4275 4226 4225
13409 6 2 7 1 1825 1874 1826 4226 4275 4227
13410 6 2 7 1 1826 1874 1875 4227 4275 4276
13411 6 2 7 1 1826 1875 1876 4227 4276 4277
13412 6 2 7 1 1876 1827 1826 4277 4228 4227
13413 6 2 7 1 1827 1876 1828 4228 4277 4229
13414 6 2 7 1 1828 1876 1877 4229 4277 4278
13415 6 2 7 1 1828 1877 1878 4229 4278 4279
13416 6 2 7 1 1878 1829 1828 4279 4230 4229
13417 6 2 7 1 1829 1878 1830 4230 4279 4231
13418 6 2 7 1 1830 1878 1879 4231 4279 4280
13419 6 2 7 1 1830 1879 1880 4231 4280 4281
13420 6 2 7 1 1880 1831 1830 4281 4232 4231
13421 6 2 7 1 1831 1880 1832 4232 4281 4233
13422 6 2 7 1 1832 1880 1881 4233 4281 4282
13423 6 2 7 1 1832 1881 1882 4233 4282 4283
13424 6 2 7 1 1882 1833 1832 4283 4234 4233
13425 6 2 7 1 1833 1882 1834 4234 4283 4235
13426 6 2 7 1 1834 1882 1883 4235 4283 4284
13427 6 2 7 1 1834 1883 1884 4235 4284 4285
13428 6 2 7 1 1884 1835 1834 4285 4236 4235
13429 6 2 7 1 1835 1884 1836 4236 4285 4237
13430 6 2 7 1 1836 1884 1885 4237 4285 4286
13431 6 2 7 1 1836 1885 1886 4237 4286 4287
13432 6 2 7 1 1886 1837 1836 4287 4238 4237
13433 6 2 7 1 1837 1886 1838 4238 4287 4239
13434 6 2 7 1 1838 1886 1887 4239 4287 4288
13435 6 2 7 1 1838 1887 1888 4239 4288 4289
13436 6 2 7 1 1888 1839 1838 4289 4240 4239
13437 6 2 7 1 1839 1888 1840 4240 4289 4241
13438 6 2 7 1 1840 1888 1889 4241 4289 4290
13439 6 2 7 1 1840 1889 1890 4241 4290 4291
13440 6 2 7 1 1890 1841 1840 4291 4242 4241
13441 6 2 7 1 1841 1890 1842 4242 4291 4243
13442 6 2 7 1 1842 1890 1891 4243 4291 4292
13443 6 2 7 1 1842 1891 1892 4243 4292 4293
13444 6 2 7 1 1892 1843 1842 4293 4244 4243
13445 6 2 7 1 1843 1892 1844 4244 4293 4245
13446 6 2 7 1 1844 1892 1893 4245 4293 4294
13447 6 2 7 1 1844 1893 1894 4245 4294 4295
13448 6 2 7 1 1894 1845 1844 4295 4246 4245
13449 6 2 7 1 1845 1894 1846 4246 4295 4247
13450 6 2 7 1 1846 1894 1895 4247 4295 4296
13451 6 2 7 1 1846 1895 1896 4247 4296 4297
13452 6 2 7 1 1896 1847 1846 4297 4248 4247
13453 6 2 7 1 1847 1896 1848 4248 4297 4249
13454 6 2 7 1 1848 1896 1897 4249 4297 4298
13455 6 2 7 1 1848 1897 1898 4249 4298 4299
13456 6 2 7 1 1898 1849 1848 4299 4250 4249
13457 6 2 7 1 1849 1898 1850 4250 4299 4251
13458 6 2 7 1 1850 1898 1899 4251 4299 4300
13459 6 2 7 1 1850 1899 1900 4251 4300 4301
13460 6 2 7 1 1900 1851 1850 4301 4252 4251
13461 6 2 7 1 1851 1900 1852 4252 4301 4253
13462 6 2 7 1 1852 1900 1901 4253 4301 4302
13463 6 2 7 1 1852 1901 1902 4253 4302 4303
13464 6 2 7 1 1902 1853 1852 4303 4254 4253
13465 6 2 7 1 1853 1902 1854 4254 4303 4255
13466 6 2 7 1 1854 1902 1903 4255 4303 4304
13467 6 2 7 1 1854 1903 1904 4255 4304 4305
13468 6 2 7 1 1904 1855 1854 4305 4256 4255
13469 6 2 7 1 1855 1904 1856 4256 4305 4257
13470 6 2 7 1 1856 1904 1905 4257 4305 4306
13471 6 2 7 1 1856 1905 1906 4257 4306 4307
13472 6 2 7 1 1906 1857 1856 4307 4258 4257
13473 6 2 7 1 1857 1906 1858 4258 4307 4259
13474 6 2 7 1 1858 1906 1907 4259 4307 4308
13475 6 2 7 1 1858 1907 1908 4259 4308 4309
13476 6 2 7 1 1908 1859 1858 4309 4260 4259
13477 6 2 7 1 1859 1908 1860 4260 4309 4261
13478 6 2 7 1 1860 1908 1909 4261 4309 4310
13479 6 2 7 1 1860 1909 1910 4261 4310 4311
13480 6 2 7 1 1910 1861 1860 4311 4262 4261
13481 6 2 7 1 1861 1910 1862 4262 4311 4263
13482 6 2 7 1 1862 1910 1911 4263 4311 4312
13483 6 2 7 1 1862 1911 1912 4263 4312 4313
13484 6 2 7 1 1912 1863 1862 4313 4264 4263
13485 6 2 7 1 1863 1912 1864 4264 4313 4265
13486 6 2 7 1 1864 1912 1913 4265 4313 4314
13487 6 2 7 1 1864 1913 1914 4265 4314 4315
13488 6 2 7 1 1914 1865 1864 4315 4266 4265
13489 6 2 7 1 1865 1914 1866 4266 4315 4267
13490 6 2 7 1 1866 1914 1915 4267 4315 4316
13491 6 2 7 1 1866 1915 1916 4267 4316 4317
13492 6 2 7 1 1916 1867 1866 4317 4268 4267
13493 6 2 7 1 1867 1916 1868 4268 4317 4269
13494 6 2 7 1 1868 1916 1917 4269 4317 4318
13495 6 2 7 1 1868 1917 1918 4269 4318 4319
13496 6 2 7 1 1918 1869 1868 4319 4270 4269
13497 6 2 7 1 1869 1918 1870 4270 4319 4271
13498 6 2 7 1 1870 1918 1919 4271 4319 4320
13499 6 2 7 1 1870 1919 125 4271 4320 321
13500 6 2 7 1 125 126 1870 321 322 4271
13501 6 2 7 1 39 40 1920 235 236 4321
13502 6 2 7 1 1920 1871 39 4321 4272 235
13503 6 2 7 1 1871 1920 1872 4272 4321 4273
13504 6 2 7 1 1872 1920 1921 4273 4321 4322
13505 6 2 7 1 1872 1921 1922 4273 4322 4323
13506 6 2 7 1 1922 1873 1872 4323 4274 4273
13507 6 2 7 1 1873 1922 1874 4274 4323 4275
13508 6 2 7 1 1874 1922 1923 4275 4323 4324
13509 6 2 7 1 1874 1923 1924 4275 4324 4325
13510 6 2 7 1 1924 1875 1874 4325 4276 4275
13511 6 2 7 1 1875 1924 1876 4276 4325 4277
13512 6 2 7 1 1876 1924 1925 4277 4325 4326
13513 6 2 7 1 1876 1925 1926 4277 4326 4327
13514 6 2 7 1 1926 1877 1876 4327 4278 4277
13515 6 2 7 1 1877 1926 1878 4278 4327 4279
13516 6 2 7 1 1878 1926 1927 4279 4327 4328
13517 6 2 7 1 1878 1927 1928 4279 4328 4329
13518 6 2 7 1 1928 1879 1878 4329 4280 4279
13519 6 2 7 1 1879 1928 1880 4280 4329 4281
13520 6 2 7 1 1880 1928 1929 4281 4329 4330
13521 6 2 7 1 1880 1929 1930 4281 4330 4331
13522 6 2 7 1 1930 1881 1880 4331 4282 4281
13523 6 2 7 1 1881 1930 1882 4282 4331 4283
13524 6 2 7 1 1882 1930 1931 4283 4331 4332
13525 6 2 7 1 1882 1931 1932 4283 4332 4333
13526 6 2 7 1 1932 1883 1882 4333 4284 4283
13527 6 2 7 1 1883 1932 1884 4284 4333 4285
13528 6 2 7 1 1884 1932 1933 4285 4333 4334
13529 6 2 7 1 1884 1933 1934 4285 4334 4335
13530 6 2 7 1 1934 1885 1884 4335 4286 4285
13531 6 2 7 1 1885 1934 1886 4286 4335 4287
13532 6 2 7 1 1886 1934 1935 4287 4335 4336
13533 6 2 7 1 1886 1935 1936 4287 4336 4337
13534 6 2 7 1 1936 1887 1886 4337 4288 4287
13535 6 2 7 1 1887 1936 1888 4288 4337 4289
13536 6 2 7 1 1888 1936 1937 4289 4337 4338
13537 6 2 7 1 1888 1937 1938 4289 4338 4339
13538 6 2 7 1 1938 1889 1888 4339 4290 4289
13539 6 2 7 1 1889 1938 1890 4290 4339 4291
13540 6 2 7 1 1890 1938 1939 4291 4339 4340
13541 6 2 7 1 1890 1939 1940 4291 4340 4341
13542 6 2 7 1 1940 1891 1890 4341 4292 4291
13543 6 2 7 1 1891 1940 1892 4292 4341 4293
13544 6 2 7 1 1892 1940 1941 4293 4341 4342
13545 6 2 7 1 1892 1941 1942 4293 4342 4343
13546 6 2 7 1 1942 1893 1892 4343 4294 4293
13547 6 2 7 1 1893 1942 1894 4294 4343 4295
13548 6 2 7 1 1894 1942 1943 4295 4343 4344
13549 6 2 7 1 1894 1943 1944 4295 4344 4345
13550 6 2 7 1 1944 1895 1894 4345 4296 4295
13551 6 2 7 1 1895 1944 1896 4296 4345 4297
13552 6 2 7 1 1896 1944 1945 4297 4345 4346
13553 6 2 7 1 1896 1945 1946 4297 4346 4347
13554 6 2 7 1 1946 1897 1896 4347 4298 4297
13555 6 2 7 1 1897 1946 1898 4298 4347 4299
13556 6 2 7 1 1898 1946 1947 4299 4347 4348
13557 6 2 7 1 1898 1947 1948 4299 4348 4349
13558 6 2 7 1 1948 1899 1898 4349 4300 4299
13559 6 2 7 1 1899 1948 1900 4300 4349 4301
13560 6 2 7 1 1900 1948 1949 4301 4349 4350
13561 6 2 7 1 1900 1949 1950 4301 4350 4351
13562 6 2 7 1 1950 1901 1900 4351 4302 4301
13563 6 2 7 1 1901 1950 1902 4302 4351 4303
13564 6 2 7 1 1902 1950 1951 4303 4351 4352
13565 6 2 7 1 1902 1951 1952 4303 4352 4353
13566 6 2 7 1 1952 1903 1902 4353 4304 4303
13567 6 2 7 1 1903 1952 1904 4304 4353 4305
13568 6 2 7 1 1904 1952 1953 4305 4353 4354
13569 6 2 7 1 1904 1953 1954 4305 4354 4355
13570 6 2 7 1 1954 1905 1904 4355 4306 4305
13571 6 2 7 1 1905 1954 1906 4306 4355 4307
13572 6 2 7 1 1906 1954 1955 4307 4355 4356
13573 6 2 7 1 1906 1955 1956 4307 4356 4357
13574 6 2 7 1 1956 1907 1906 4357 4308 4307
13575 6 2 7 1 1907 1956 1908 4308 4357 4309
13576 6 2 7 1 1908 1956 1957 4309 4357 4358
13577 6 2 7 1 1908 1957 1958 4309 4358 4359
13578 6 2 7 1 1958 1909 1908 4359 4310 4309
13579 6 2 7 1 1909 1958 1910 4310 4359 4311
13580 6 2 7 1 1910 1958 1959 4311 4359 4360
13581 6 2 7 1 1910 1959 1960 4311 4360 4361
13582 6 2 7 1 1960 1911 1910 4361 4312 4311
13583 6 2 7 1 1911 1960 1912 4312 4361 4313
13584 6 2 7 1 1912 1960 1961 4313 4361 4362
13585 6 2 7 1 1912 1961 1962 4313 4362 4363
13586 6 2 7 1 1962 1913 1912 4363 4314 4313
13587 6 2 7 1 1913 1962 1914 4314 4363 4315
13588 6 2 7 1 1914 1962 1963 4315 4363 4364
13589 6 2 7 1 1914 1963 1964 4315 4364 4365
13590 6 2 7 1 1964 1915 1914 4365 4316 4315
13591 6 2 7 1 1915 1964 1916 4316 4365 4317
13592 6 2 7 1 1916 1964 1965 4317 4365 4366
13593 6 2 7 1 1916 1965 1966 4317 4366 4367
13594 6 2 7 1 1966 1917 1916 4367 4318 4317
13595 6 2 7 1 1917 1966 1918 4318 4367 4319
13596 6 2 7 1 1918 1966 1967 4319 4367 4368
13597 6 2 7 1 1918 1967 1968 4319 4368 4369
13598 6 2 7 1 1968 1919 1918 4369 4320 4319
13599 6 2 7 1 1919 1968 125 4320 4369 321
13600 6 2 7 1 125 1968 124 321 4369 320
13601 6 2 7 1 40 41 1920 236 237 4321
13602 6 2 7 1 1920 41 1969 4321 237 4370
13603 6 2 7 1 1920 1969 1970 4321 4370 4371
13604 6 2 7 1 1970 1921 1920 4371 4322 4321
13605 6 2 7 1 1921 1970 1922 4322 4371 4323
13606 6 2 7 1 1922 1970 1971 4323 4371 4372
13607 6 2 7 1 1922 1971 1972 4323 4372 4373
13608 6 2 7 1 1972 1923 1922 4373 4324 4323
13609 6 2 7 1 1923 1972 1924 4324 4373 4325
13610 6 2 7 1 1924 1972 1973 4325 4373 4374
13611 6 2 7 1 1924 1973 1974 4325 4374 4375
13612 6 2 7 1 1974 1925 1924 4375 4326 4325
13613 6 2 7 1 1925 1974 1926 4326 4375 4327
13614 6 2 7 1 1926 1974 1975 4327 4375 4376
13615 6 2 7 1 1926 1975 1976 4327 4376 4377
13616 6 2 7 1 1976 1927 1926 4377 4328 4327
13617 6 2 7 1 1927 1976 1928 4328 4377 4329
13618 6 2 7 1 1928 1976 1977 4329 4377 4378
13619 6 2 7 1 1928 1977 1978 4329 4378 4379
13620 6 2 7 1 1978 1929 1928 4379 4330 4329
13621 6 2 7 1 1929 1978 1930 4330 4379 4331
13622 6 2 7 1 1930 1978 1979 4331 4379 4380
13623 6 2 7 1 1930 1979 1980 4331 4380 4381
13624 6 2 7 1 1980 1931 1930 4381 4332 4331
13625 6 2 7 1 1931 1980 1932 4332 4381 4333
13626 6 2 7 1 1932 1980 1981 4333 4381 4382
13627 6 2 7 1 1932 1981 1982 4333 4382 4383
13628 6 2 7 1 1982 1933 1932 4383 4334 4333
13629 6 2 7 1 1933 1982 1934 4334 4383 4335
13630 6 2 7 1 1934 1982 1983 4335 4383 4384
13631 6 2 7 1 1934 1983 1984 4335 4384 4385
13632 6 2 7 1 1984 1935 1934 4385 4336 4335
13633 6 2 7 1 1935 1984 1936 4336 4385 4337
13634 6 2 7 1 1936 1984 1985 4337 4385 4386
13635 6 2 7 1 1936 1985 1986 4337 4386 4387
13636 6 2 7 1 1986 1937 1936 4387 4338 4337
13637 6 2 7 1 1937 1986 1938 4338 4387 4339
13638 6 2 7 1 1938 1986 1987 4339 4387 4388
13639 6 2 7 1 1938 1987 1988 4339 4388 4389
13640 6 2 7 1 1988 1939 1938 4389 4340 4339
13641 6 2 7 1 1939 1988 1940 4340 4389 4341
13642 6 2 7 1 1940 1988 1989 4341 4389 4390
13643 6 2 7 1 1940 1989 1990 4341 4390 4391
13644 6 2 7 1 1990 1941 1940 4391 4342 4341
13645 6 2 7 1 1941 1990 1942 4342 4391 4343
13646 6 2 7 1 1942 1990 1991 4343 4391 4392
13647 6 2 7 1 1942 1991 1992 4343 4392 4393
13648 6 2 7 1 1992 1943 1942 4393 4344 4343
13649 6 2 7 1 1943 1992 1944 4344 4393 4345
13650 6 2 7 1 1944 1992 1993 4345 4393 4394
13651 6 2 7 1 1944 1993 1994 4345 4394 4395
13652 6 2 7 1 1994 1945 1944 4395 4346 4345
13653 6 2 7 1 1945 1994 1946 4346 4395 4347
13654 6 2 7 1 1946 1994 1995 4347 4395 4396
13655 6 2 7 1 1946 1995 1996 4347 4396 4397
13656 6 2 7 1 1996 1947 1946 4397 4348 4347
13657 6 2 7 1 1947 1996 1948 4348 4397 4349
13658 6 2 7 1 1948 1996 1997 4349 4397 4398
13659 6 2 7 1 1948 1997 1998 4349 4398 4399
13660 6 2 7 1 1998 1949 1948 4399 4350 4349
13661 6 2 7 1 1949 1998 1950 4350 4399 4351
13662 6 2 7 1 1950 1998 1999 4351 4399 4400
13663 6 2 7 1 1950 1999 2000 4351 4400 4401
13664 6 2 7 1 2000 1951 1950 4401 4352 4351
13665 6 2 7 1 1951 2000 1952 4352 4401 4353
13666 6 2 7 1 1952 2000 2001 4353 4401 4402
13667 6 2 7 1 1952 2001 2002 4353 4402 4403
13668 6 2 7 1 2002 1953 1952 4403 4354 4353
13669 6 2 7 1 1953 2002 1954 4354 4403 4355
13670 6 2 7 1 1954 2002 2003 4355 4403 4404
13671 6 2 7 1 1954 2003 2004 4355 4404 4405
13672 6 2 7 1 2004 1955 1954 4405 4356 4355
13673 6 2 7 1 1955 2004 1956 4356 4405 4357
13674 6 2 7 1 1956 2004 2005 4357 4405 4406
13675 6 2 7 1 1956 2005 2006 4357 4406 4407
13676 6 2 7 1 2006 1957 1956 4407 4358 4357
13677 6 2 7 1 1957 2006 1958 4358 4407 4359
13678 6 2 7 1 1958 2006 2007 4359 4407 4408
13679 6 2 7 1 1958 2007 2008 4359 4408 4409
13680 6 2 7 1 2008 1959 1958 4409 4360 4359
13681 6 2 7 1 1959 2008 1960 4360 4409 4361
13682 6 2 7 1 1960 2008 2009 4361 4409 4410
13683 6 2 7 1 1960 2009 2010 4361 4410 4411
13684 6 2 7 1 2010 1961 1960 4411 4362 4361
13685 6 2 7 1 1961 2010 1962 4362 4411 4363
13686 6 2 7 1 1962 2010 2011 4363 4411 4412
13687 6 2 7 1 1962 2011 2012 4363 4412 4413
13688 6 2 7 1 2012 1963 1962 4413 4364 4363
13689 6 2 7 1 1963 2012 1964 4364 4413 4365
13690 6 2 7 1 1964 2012 2013 4365 4413 4414
13691 6 2 7 1 1964 2013 2014 4365 4414 4415
13692 6 2 7 1 2014 1965 1964 4415 4366 4365
13693 6 2 7 1 1965 2014 1966 4366 4415 4367
13694 6 2 7 1 1966 2014 2015 4367 4415 4416
13695 6 2 7 1 1966 2015 2016 4367 4416 4417
13696 6 2 7 1 2016 1967 1966 4417 4368 4367
13697 6 2 7 1 1967 2016 1968 4368 4417 4369
13698 6 2 7 1 1968 2016 2017 4369 4417 4418
13699 6 2 7 1 1968 2017 123 4369 4418 319
13700 6 2 7 1 123 124 1968 319 320 4369
13701 6 2 7 1 41 42 2018 237 238 4419
13702 6 2 7 1 2018 1969 41 4419 4370 237
13703 6 2 7 1 1969 2018 1970 4370 4419 4371
13704 6 2 7 1 1970 2018 2019 4371 4419 4420
13705 6 2 7 1 1970 2019 2020 4371 4420 4421
13706 6 2 7 1 2020 1971 1970 4421 4372 4371
13707 6 2 7 1 1971 2020 1972 4372 4421 4373
13708 6 2 7 1 1972 2020 2021 4373 4421 4422
13709 6 2 7 1 1972 2021 2022 4373 4422 4423
13710 6 2 7 1 2022 1973 1972 4423 4374 4373
13711 6 2 7 1 1973 2022 1974 4374 4423 4375
13712 6 2 7 1 1974 2022 2023 4375 4423 4424
13713 6 2 7 1 1974 2023 2024 4375 4424 4425
13714 6 2 7 1 2024 1975 1974 4425 4376 4375
13715 6 2 7 1 1975 2024 1976 4376 4425 4377
13716 6 2 7 1 1976 2024 2025 4377 4425 4426
13717 6 2 7 1 1976 2025 2026 4377 4426 4427
13718 6 2 7 1 2026 1977 1976 4427 4378 4377
13719 6 2 7 1 1977 2026 1978 4378 4427 4379
13720 6 2 7 1 1978 2026 2027 4379 4427 4428
13721 6 2 7 1 1978 2027 2028 4379 4428 4429
13722 6 2 7 1 2028 1979 1978 4429 4380 4379
13723 6 2 7 1 1979 2028 1980 4380 4429 4381
13724 6 2 7 1 1980 2028 2029 4381 4429 4430
13725 6 2 7 1 1980 2029 2030 4381 4430 4431
13726 6 2 7 1 2030 1981 1980 4431 4382 4381
13727 6 2 7 1 1981 2030 1982 4382 4431 4383
13728 6 2 7 1 1982 2030 2031 4383 4431 4432
13729 6 2 7 1 1982 2031 2032 4383 4432 4433
13730 6 2 7 1 2032 1983 1982 4433 4384 4383
13731 6 2 7 1 1983 2032 1984 4384 4433 4385
13732 6 2 7 1 1984 2032 2033 4385 4433 4434
13733 6 2 7 1 1984 2033 2034 4385 4434 4435
13734 6 2 7 1 2034 1985 1984 4435 4386 4385
13735 6 2 7 1 1985 2034 1986 4386 4435 4387
13736 6 2 7 1 1986 2034 2035 4387 4435 4436
13737 6 2 7 1 1986 2035 2036 4387 4436 4437
13738 6 2 7 1 2036 1987 1986 4437 4388 4387
13739 6 2 7 1 1987 2036 1988 4388 4437 4389
13740 6 2 7 1 1988 2036 2037 4389 4437 4438
13741 6 2 7 1 1988 2037 2038 4389 4438 4439
13742 6 2 7 1 2038 1989 1988 4439 4390 4389
13743 6 2 7 1 1989 2038 1990 4390 4439 4391
13744 6 2 7 1 1990 2038 2039 4391 4439 4440
13745 6 2 7 1 1990 2039 2040 4391 4440 4441
13746 6 2 7 1 2040 1991 1990 4441 4392 4391
13747 6 2 7 1 1991 2040 1992 4392 4441 4393
13748 6 2 7 1 1992 2040 2041 4393 4441 4442
13749 6 2 7 1 1992 2041 2042 4393 4442 4443
13750 6 2 7 1 2042 1993 1992 4443 4394 4393
13751 6 2 7 1 1993 2042 1994 4394 4443 4395
13752 6 2 7 1 1994 2042 2043 4395 4443 4444
13753 6 2 7 1 1994 2043 2044 4395 4444 4445
13754 6 2 7 1 2044 1995 1994 4445 4396 4395
13755 6 2 7 1 1995 2044 1996 4396 4445 4397
13756 6 2 7 1 1996 2044 2045 4397 4445 4446
13757 6 2 7 1 1996 2045 2046 4397 4446 4447
13758 6 2 7 1 2046 1997 1996 4447 4398 4397
13759 6 2 7 1 1997 2046 1998 4398 4447 4399
13760 6 2 7 1 1998 2046 2047 4399 4447 4448
13761 6 2 7 1 1998 2047 2048 4399 4448 4449
13762 6 2 7 1 2048 1999 1998 4449 4400 4399
13763 6 2 7 1 1999 2048 2000 4400 4449 4401
13764 6 2 7 1 2000 2048 2049 4401 4449 4450
13765 6 2 7 1 2000 2049 2050 4401 4450 4451
13766 6 2 7 1 2050 2001 2000 4451 4402 4401
13767 6 2 7 1 2001 2050 2002 4402 4451 4403
13768 6 2 7 1 2002 2050 2051 4403 4451 4452
13769 6 2 7 1 2002 2051 2052 4403 4452 4453
13770 6 2 7 1 2052 2003 2002 4453 4404 4403
13771 6 2 7 1 2003 2052 2004 4404 4453 4405
13772 6 2 7 1 2004 2052 2053 4405 4453 4454
13773 6 2 7 1 2004 2053 2054 4405 4454 4455
13774 6 2 7 1 2054 2005 2004 4455 4406 4405
13775 6 2 7 1 2005 2054 2006 4406 4455 4407
13776 6 2 7 1 2006 2054 2055 4407 4455 4456
13777 6 2 7 1 2006 2055 2056 4407 4456 4457
13778 6 2 7 1 2056 2007 2006 4457 4408 4407
13779 6 2 7 1 2007 2056 2008 4408 4457 4409
13780 6 2 7 1 2008 2056 2057 4409 4457 4458
13781 6 2 7 1 2008 2057 2058 4409 4458 4459
13782 6 2 7 1 2058 2009 2008 4459 4410 4409
13783 6 2 7 1 2009 2058 2010 4410 4459 4411
13784 6 2 7 1 2010 2058 2059 4411 4459 4460
13785 6 2 7 1 2010 2059 2060 4411 4460 4461
13786 6 2 7 1 2060 2011 2010 4461 4412 4411
13787 6 2 7 1 2011 2060 2012 4412 4461 4413
13788 6 2 7 1 2012 2060 2061 4413 4461 4462
13789 6 2 7 1 2012 2061 2062 4413 4462 4463
13790 6 2 7 1 2062 2013 2012 4463 4414 4413
13791 6 2 7 1 2013 2062 2014 4414 4463 4415
13792 6 2 7 1 2014 2062 2063 4415 4463 4464
13793 6 2 7 1 2014 2063 2064 4415 4464 4465
13794 6 2 7 1 2064 2015 2014 4465 4416 4415
13795 6 2 7 1 2015 2064 2016 4416 4465 4417
13796 6 2 7 1 2016 2064 2065 4417 4465 4466
13797 6 2 7 1 2016 2065 2066 4417 4466 4467
13798 6 2 7 1 2066 2017 2016 4467 4418 4417
13799 6 2 7 1 2017 2066 123 4418 4467 319
13800 6 2 7 1 123 2066 122 319 4467 318
13801 6 2 7 1 42 43 2018 238 239 4419
13802 6 2 7 1 2018 43 2067 4419 239 4468
13803 6 2 7 1 2018 2067 2068 4419 4468 4469
13804 6 2 7 1 2068 2019 2018 4469 4420 4419
13805 6 2 7 1 2019 2068 2020 4420 4469 4421
13806 6 2 7 1 2020 2068 2069 4421 4469 4470
13807 6 2 7 1 2020 2069 2070 4421 4470 4471
13808 6 2 7 1 2070 2021 2020 4471 4422 4421
13809 6 2 7 1 2021 2070 2022 4422 4471 4423
13810 6 2 7 1 2022 2070 2071 4423 4471 4472
13811 6 2 7 1 2022 2071 2072 4423 4472 4473
13812 6 2 7 1 2072 2023 2022 4473 4424 4423
13813 6 2 7 1 2023 2072 2024 4424 4473 4425
13814 6 2 7 1 2024 2072 2073 4425 4473 4474
13815 6 2 7 1 2024 2073 2074 4425 4474 4475
13816 6 2 7 1 2074 2025 2024 4475 4426 4425
13817 6 2 7 1 2025 2074 2026 4426 4475 4427
13818 6 2 7 1 2026 2074 2075 4427 4475 4476
13819 6 2 7 1 2026 2075 2076 4427 4476 4477
13820 6 2 7 1 2076 2027 2026 4477 4428 4427
13821 6 2 7 1 2027 2076 2028 4428 4477 4429
13822 6 2 7 1 2028 2076 2077 4429 4477 4478
13823 6 2 7 1 2028 2077 2078 4429 4478 4479
13824 6 2 7 1 2078 2029 2028 4479 4430 4429
13825 6 2 7 1 2029 2078 2030 4430 4479 4431
13826 6 2 7 1 2030 2078 2079 4431 4479 4480
13827 6 2 7 1 2030 2079 2080 4431 4480 4481
13828 6 2 7 1 2080 2031 2030 4481 4432 4431
13829 6 2 7 1 2031 2080 2032 4432 4481 4433
13830 6 2 7 1 2032 2080 2081 4433 4481 4482
13831 6 2 7 1 2032 2081 2082 4433 4482 4483
13832 6 2 7 1 2082 2033 2032 4483 4434 4433
13833 6 2 7 1 2033 2082 2034 4434 4483 4435
13834 6 2 7 1 2034 2082 2083 4435 4483 4484
13835 6 2 7 1 2034 2083 2084 4435 4484 4485
13836 6 2 7 1 2084 2035 2034 4485 4436 4435
13837 6 2 7 1 2035 2084 2036 4436 4485 4437
13838 6 2 7 1 2036 2084 2085 4437 4485 4486
13839 6 2 7 1 2036 2085 2086 4437 4486 4487
13840 6 2 7 1 2086 2037 2036 4487 4438 4437
13841 6 2 7 1 2037 2086 2038 4438 4487 4439
13842 6 2 7 1 2038 2086 2087 4439 4487 4488
13843 6 2 7 1 2038 2087 2088 4439 4488 4489
13844 6 2 7 1 2088 2039 2038 4489 4440 4439
13845 6 2 7 1 2039 2088 2040 4440 4489 4441
13846 6 2 7 1 2040 2088 2089 4441 4489 4490
13847 6 2 7 1 2040 2089 2090 4441 4490 4491
13848 6 2 7 1 2090 2041 2040 4491 4442 4441
13849 6 2 7 1 2041 2090 2042 4442 4491 4443
13850 6 2 7 1 2042 2090 2091 4443 4491 4492
13851 6 2 7 1 2042 2091 2092 4443 4492 4493
13852 6 2 7 1 2092 2043 2042 4493 4444 4443
13853 6 2 7 1 2043 2092 2044 4444 4493 4445
13854 6 2 7 1 2044 2092 2093 4445 4493 4494
13855 6 2 7 1 2044 2093 2094 4445 4494 4495
13856 6 2 7 1 2094 2045 2044 4495 4446 4445
13857 6 2 7 1 2045 2094 2046 4446 4495 4447
13858 6 2 7 1 2046 2094 2095 4447 4495 4496
13859 6 2 7 1 2046 2095 2096 4447 4496 4497
13860 6 2 7 1 2096 2047 2046 4497 4448 4447
13861 6 2 7 1 2047 2096 2048 4448 4497 4449
13862 6 2 7 1 2048 2096 2097 4449 4497 4498
13863 6 2 7 1 2048 2097 2098 4449 4498 4499
13864 6 2 7 1 2098 2049 2048 4499 4450 4449
13865 6 2 7 1 2049 2098 2050 4450 4499 4451
13866 6 2 7 1 2050 2098 2099 4451 4499 4500
13867 6 2 7 1 2050 2099 2100 4451 4500 4501
13868 6 2 7 1 2100 2051 2050 4501 4452 4451
13869 6 2 7 1 2051 2100 2052 4452 4501 4453
13870 6 2 7 1 2052 2100 2101 4453 4501 4502
13871 6 2 7 1 2052 2101 2102 4453 4502 4503
13872 6 2 7 1 2102 2053 2052 4503 4454 4453
13873 6 2 7 1 2053 2102 2054 4454 4503 4455
13874 6 2 7 1 2054 2102 2103 4455 4503 4504
13875 6 2 7 1 2054 2103 2104 4455 4504 4505
13876 6 2 7 1 2104 2055 2054 4505 4456 4455
13877 6 2 7 1 2055 2104 2056 4456 4505 4457
13878 6 2 7 1 2056 2104 2105 4457 4505 4506
13879 6 2 7 1 2056 2105 2106 4457 4506 4507
13880 6 2 7 1 2106 2057 2056 4507 4458 4457
13881 6 2 7 1 2057 2106 2058 4458 4507 4459
13882 6 2 7 1 2058 2106 2107 4459 4507 4508
13883 6 2 7 1 2058 2107 2108 4459 4508 4509
13884 6 2 7 1 2108 2059 2058 4509 4460 4459
13885 6 2 7 1 2059 2108 2060 4460 4509 4461
13886 6 2 7 1 2060 2108 2109 4461 4509 4510
13887 6 2 7 1 2060 2109 2110 4461 4510 4511
13888 6 2 7 1 2110 2061 2060 4511 4462 4461
13889 6 2 7 1 2061 2110 2062 4462 4511 4463
13890 6 2 7 1 2062 2110 2111 4463 4511 4512
13891 6 2 7 1 2062 2111 2112 4463 4512 4513
13892 6 2 7 1 2112 2063 2062 4513 4464 4463
13893 6 2 7 1 2063 2112 2064 4464 4513 4465
13894 6 2 7 1 2064 2112 2113 4465 4513 4514
13895 6 2 7 1 2064 2113 2114 4465 4514 4515
13896 6 2 7 1 2114 2065 2064 4515 4466 4465
13897 6 2 7 1 2065 2114 2066 4466 4515 4467
13898 6 2 7 1 2066 2114 2115 4467 4515 4516
13899 6 2 7 1 2066 2115 121 4467 4516 317
13900 6 2 7 1 121 122 2066 317 318 4467
13901 6 2 7 1 43 44 2116 239 240 4517
13902 6 2 7 1 2116 2067 43 4517 4468 239
13903 6 2 7 1 2067 2116 2068 4468 4517 4469
13904 6 2 7 1 2068 2116 2117 4469 4517 4518
13905 6 2 7 1 2068 2117 2118 4469 4518 4519
13906 6 2 7 1 2118 2069 2068 4519 4470 4469
13907 6 2 7 1 2069 2118 2070 4470 4519 4471
13908 6 2 7 1 2070 2118 2119 4471 4519 4520
13909 6 2 7 1 2070 2119 2120 4471 4520 4521
13910 6 2 7 1 2120 2071 2070 4521 4472 4471
13911 6 2 7 1 2071 2120 2072 4472 4521 4473
13912 6 2 7 1 2072 2120 2121 4473 4521 4522
13913 6 2 7 1 2072 2121 2122 4473 4522 4523
13914 6 2 7 1 2122 2073 2072 4523 4474 4473
13915 6 2 7 1 2073 2122 2074 4474 4523 4475
13916 6 2 7 1 2074 2122 2123 4475 4523 4524
13917 6 2 7 1 2074 2123 2124 4475 4524 4525
13918 6 2 7 1 2124 2075 2074 4525 4476 4475
13919 6 2 7 1 2075 2124 2076 4476 4525 4477
13920 6 2 7 1 2076 2124 2125 4477 4525 4526
13921 6 2 7 1 2076 2125 2126 4477 4526 4527
13922 6 2 7 1 2126 2077 2076 4527 4478 4477
13923 6 2 7 1 2077 2126 2078 4478 4527 4479
13924 6 2 7 1 2078 2126 2127 4479 4527 4528
13925 6 2 7 1 2078 2127 2128 4479 4528 4529
13926 6 2 7 1 2128 2079 2078 4529 4480 4479
13927 6 2 7 1 2079 2128 2080 4480 4529 4481
13928 6 2 7 1 2080 2128 2129 4481 4529 4530
13929 6 2 7 1 2080 2129 2130 4481 4530 4531
13930 6 2 7 1 2130 2081 2080 4531 4482 4481
13931 6 2 7 1 2081 2130 2082 4482 4531 4483
13932 6 2 7 1 2082 2130 2131 4483 4531 4532
13933 6 2 7 1 2082 2131 2132 4483 4532 4533
13934 6 2 7 1 2132 2083 2082 4533 4484 4483
13935 6 2 7 1 2083 2132 2084 4484 4533 4485
13936 6 2 7 1 2084 2132 2133 4485 4533 4534
13937 6 2 7 1 2084 2133 2134 4485 4534 4535
13938 6 2 7 1 2134 2085 2084 4535 4486 4485
13939 6 2 7 1 2085 2134 2086 4486 4535 4487
13940 6 2 7 1 2086 2134 2135 4487 4535 4536
13941 6 2 7 1 2086 2135 2136 4487 4536 4537
13942 6 2 7 1 2136 2087 2086 4537 4488 4487
13943 6 2 7 1 2087 2136 2088 4488 4537 4489
13944 6 2 7 1 2088 2136 2137 4489 4537 4538
13945 6 2 7 1 2088 2137 2138 4489 4538 4539
13946 6 2 7 1 2138 2089 2088 4539 4490 4489
13947 6 2 7 1 2089 2138 2090 4490 4539 4491
13948 6 2 7 1 2090 2138 2139 4491 4539 4540
13949 6 2 7 1 2090 2139 2140 4491 4540 4541
13950 6 2 7 1 2140 2091 2090 4541 4492 4491
13951 6 2 7 1 2091 2140 2092 4492 4541 4493
13952 6 2 7 1 2092 2140 2141 4493 4541 4542
13953 6 2 7 1 2092 2141 2142 4493 4542 4543
13954 6 2 7 1 2142 2093 2092 4543 4494 4493
13955 6 2 7 1 2093 2142 2094 4494 4543 4495
13956 6 2 7 1 2094 2142 2143 4495 4543 4544
13957 6 2 7 1 2094 2143 2144 4495 4544 4545
13958 6 2 7 1 2144 2095 2094 4545 4496 4495
13959 6 2 7 1 2095 2144 2096 4496 4545 4497
13960 6 2 7 1 2096 2144 2145 4497 4545 4546
13961 6 2 7 1 2096 2145 2146 4497 4546 4547
13962 6 2 7 1 2146 2097 2096 4547 4498 4497
13963 6 2 7 1 2097 2146 2098 4498 4547 4499
13964 6 2 7 1 2098 2146 2147 4499 4547 4548
13965 6 2 7 1 2098 2147 2148 4499 4548 4549
13966 6 2 7 1 2148 2099 2098 4549 4500 4499
13967 6 2 7 1 2099 2148 2100 4500 4549 4501
13968 6 2 7 1 2100 2148 2149 4501 4549 4550
13969 6 2 7 1 2100 2149 2150 4501 4550 4551
13970 6 2 7 1 2150 2101 2100 4551 4502 4501
13971 6 2 7 1 2101 2150 2102 4502 4551 4503
13972 6 2 7 1 2102 2150 2151 4503 4551 4552
13973 6 2 7 1 2102 2151 2152 4503 4552 4553
13974 6 2 7 1 2152 2103 2102 4553 4504 4503
13975 6 2 7 1 2103 2152 2104 4504 4553 4505
13976 6 2 7 1 2104 2152 2153 4505 4553 4554
13977 6 2 7 1 2104 2153 2154 4505 4554 4555
13978 6 2 7 1 2154 2105 2104 4555 4506 4505
13979 6 2 7 1 2105 2154 2106 4506 4555 4507
13980 6 2 7 1 2106 2154 2155 4507 4555 4556
13981 6 2 7 1 2106 2155 2156 4507 4556 4557
13982 6 2 7 1 2156 2107 2106 4557 4508 4507
13983 6 2 7 1 2107 2156 2108 4508 4557 4509
13984 6 2 7 1 2108 2156 2157 4509 4557 4558
13985 6 2 7 1 2108 2157 2158 4509 4558 4559
13986 6 2 7 1 2158 2109 2108 4559 4510 4509
13987 6 2 7 1 2109 2158 2110 4510 4559 4511
13988 6 2 7 1 2110 2158 2159 4511 4559 4560
13989 6 2 7 1 2110 2159 2160 4511 4560 4561
13990 6 2 7 1 2160 2111 2110 4561 4512 4511
13991 6 2 7 1 2111 2160 2112 4512 4561 4513
13992 6 2 7 1 2112 2160 2161 4513 4561 4562
13993 6 2 7 1 2112 2161 2162 4513 4562 4563
13994 6 2 7 1 2162 2113 2112 4563 4514 4513
13995 6 2 7 1 2113 2162 2114 4514 4563 4515
13996 6 2 7 1 2114 2162 2163 4515 4563 4564
13997 6 2 7 1 2114 2163 2164 4515 4564 4565
13998 6 2 7 1 2164 2115 2114 4565 4516 4515
13999 6 2 7 1 2115 2164 121 4516 4565 317
14000 6 2 7 1 121 2164 120 317 4565 316
14001 6 2 7 1 44 45 2116 240 241 4517
14002 6 2 7 1 2116 45 2165 4517 241 4566
14003 6 2 7 1 2116 2165 2166 4517 4566 4567
14004 6 2 7 1 2166 2117 2116 4567 4518 4517
14005 6 2 7 1 2117 2166 2118 4518 4567 4519
14006 6 2 7 1 2118 2166 2167 4519 4567 4568
14007 6 2 7 1 2118 2167 2168 4519 4568 4569
14008 6 2 7 1 2168 2119 2118 4569 4520 4519
14009 6 2 7 1 2119 2168 2120 4520 4569 4521
14010 6 2 7 1 2120 2168 2169 4521 4569 4570
14011 6 2 7 1 2120 2169 2170 4521 4570 4571
14012 6 2 7 1 2170 2121 2120 4571 4522 4521
14013 6 2 7 1 2121 2170 2122 4522 4571 4523
14014 6 2 7 1 2122 2170 2171 4523 4571 4572
14015 6 2 7 1 2122 2171 2172 4523 4572 4573
14016 6 2 7 1 2172 2123 2122 4573 4524 4523
14017 6 2 7 1 2123 2172 2124 4524 4573 4525
14018 6 2 7 1 2124 2172 2173 4525 4573 4574
14019 6 2 7 1 2124 2173 2174 4525 4574 4575
14020 6 2 7 1 2174 2125 2124 4575 4526 4525
14021 6 2 7 1 2125 2174 2126 4526 4575 4527
14022 6 2 7 1 2126 2174 2175 4527 4575 4576
14023 6 2 7 1 2126 2175 2176 4527 4576 4577
14024 6 2 7 1 2176 2127 2126 4577 4528 4527
14025 6 2 7 1 2127 2176 2128 4528 4577 4529
14026 6 2 7 1 2128 2176 2177 4529 4577 4578
14027 6 2 7 1 2128 2177 2178 4529 4578 4579
14028 6 2 7 1 2178 2129 2128 4579 4530 4529
14029 6 2 7 1 2129 2178 2130 4530 4579 4531
14030 6 2 7 1 2130 2178 2179 4531 4579 4580
14031 6 2 7 1 2130 2179 2180 4531 4580 4581
14032 6 2 7 1 2180 2131 2130 4581 4532 4531
14033 6 2 7 1 2131 2180 2132 4532 4581 4533
14034 6 2 7 1 2132 2180 2181 4533 4581 4582
14035 6 2 7 1 2132 2181 2182 4533 4582 4583
14036 6 2 7 1 2182 2133 2132 4583 4534 4533
14037 6 2 7 1 2133 2182 2134 4534 4583 4535
14038 6 2 7 1 2134 2182 2183 4535 4583 4584
14039 6 2 7 1 2134 2183 2184 4535 4584 4585
14040 6 2 7 1 2184 2135 2134 4585 4536 4535
14041 6 2 7 1 2135 2184 2136 4536 4585 4537
14042 6 2 7 1 2136 2184 2185 4537 4585 4586
14043 6 2 7 1 2136 2185 2186 4537 4586 4587
14044 6 2 7 1 2186 2137 2136 4587 4538 4537
14045 6 2 7 1 2137 2186 2138 4538 4587 4539
14046 6 2 7 1 2138 2186 2187 4539 4587 4588
14047 6 2 7 1 2138 2187 2188 4539 4588 4589
14048 6 2 7 1 2188 2139 2138 4589 4540 4539
14049 6 2 7 1 2139 2188 2140 4540 4589 4541
14050 6 2 7 1 2140 2188 2189 4541 4589 4590
14051 6 2 7 1 2140 2189 2190 4541 4590 4591
14052 6 2 7 1 2190 2141 2140 4591 4542 4541
14053 6 2 7 1 2141 2190 2142 4542 4591 4543
14054 6 2 7 1 2142 2190 2191 4543 4591 4592
14055 6 2 7 1 2142 2191 2192 4543 4592 4593
14056 6 2 7 1 2192 2143 2142 4593 4544 4543
14057 6 2 7 1 2143 2192 2144 4544 4593 4545
14058 6 2 7 1 2144 2192 2193 4545 4593 4594
14059 6 2 7 1 2144 2193 2194 4545 4594 4595
14060 6 2 7 1 2194 2145 2144 4595 4546 4545
14061 6 2 7 1 2145 2194 2146 4546 4595 4547
14062 6 2 7 1 2146 2194 2195 4547 4595 4596
14063 6 2 7 1 2146 2195 2196 4547 4596 4597
14064 6 2 7 1 2196 2147 2146 4597 4548 4547
14065 6 2 7 1 2147 2196 2148 4548 4597 4549
14066 6 2 7 1 2148 2196 2197 4549 4597 4598
14067 6 2 7 1 2148 2197 2198 4549 4598 4599
14068 6 2 7 1 2198 2149 2148 4599 4550 4549
14069 6 2 7 1 2149 2198 2150 4550 4599 4551
14070 6 2 7 1 2150 2198 2199 4551 4599 4600
14071 6 2 7 1 2150 2199 2200 4551 4600 4601
14072 6 2 7 1 2200 2151 2150 4601 4552 4551
14073 6 2 7 1 2151 2200 2152 4552 4601 4553
14074 6 2 7 1 2152 2200 2201 4553 4601 4602
14075 6 2 7 1 2152 2201 2202 4553 4602 4603
14076 6 2 7 1 2202 2153 2152 4603 4554 4553
14077 6 2 7 1 2153 2202 2154 4554 4603 4555
14078 6 2 7 1 2154 2202 2203 4555 4603 4604
14079 6 2 7 1 2154 2203 2204 4555 4604 4605
14080 6 2 7 1 2204 2155 2154 4605 4556 4555
14081 6 2 7 1 2155 2204 2156 4556 4605 4557
14082 6 2 7 1 2156 2204 2205 4557 4605 4606
14083 6 2 7 1 2156 2205 2206 4557 4606 4607
14084 6 2 7 1 2206 2157 2156 4607 4558 4557
14085 6 2 7 1 2157 2206 2158 4558 4607 4559
14086 6 2 7 1 2158 2206 2207 4559 4607 4608
14087 6 2 7 1 2158 2207 2208 4559 4608 4609
14088 6 2 7 1 2208 2159 2158 4609 4560 4559
14089 6 2 7 1 2159 2208 2160 4560 4609 4561
14090 6 2 7 1 2160 2208 2209 4561 4609 4610
14091 6 2 7 1 2160 2209 2210 4561 4610 4611
14092 6 2 7 1 2210 2161 2160 4611 4562 4561
14093 6 2 7 1 2161 2210 2162 4562 4611 4563
14094 6 2 7 1 2162 2210 2211 4563 4611 4612
14095 6 2 7 1 2162 2211 2212 4563 4612 4613
14096 6 2 7 1 2212 2163 2162 4613 4564 4563
14097 6 2 7 1 2163 2212 2164 4564 4613 4565
14098 6 2 7 1 2164 2212 2213 4565 4613 4614
14099 6 2 7 1 2164 2213 119 4565 4614 315
14100 6 2 7 1 119 120 2164 315 316 4565
14101 6 2 7 1 45 46 2214 241 242 4615
14102 6 2 7 1 2214 2165 45 4615 4566 241
14103 6 2 7 1 2165 2214 2166 4566 4615 4567
14104 6 2 7 1 2166 2214 2215 4567 4615 4616
14105 6 2 7 1 2166 2215 2216 4567 4616 4617
14106 6 2 7 1 2216 2167 2166 4617 4568 4567
14107 6 2 7 1 2167 2216 2168 4568 4617 4569
14108 6 2 7 1 2168 2216 2217 4569 4617 4618
14109 6 2 7 1 2168 2217 2218 4569 4618 4619
14110 6 2 7 1 2218 2169 2168 4619 4570 4569
14111 6 2 7 1 2169 2218 2170 4570 4619 4571
14112 6 2 7 1 2170 2218 2219 4571 4619 4620
14113 6 2 7 1 2170 2219 2220 4571 4620 4621
14114 6 2 7 1 2220 2171 2170 4621 4572 4571
14115 6 2 7 1 2171 2220 2172 4572 4621 4573
14116 6 2 7 1 2172 2220 2221 4573 4621 4622
14117 6 2 7 1 2172 2221 2222 4573 4622 4623
14118 6 2 7 1 2222 2173 2172 4623 4574 4573
14119 6 2 7 1 2173 2222 2174 4574 4623 4575
14120 6 2 7 1 2174 2222 2223 4575 4623 4624
14121 6 2 7 1 2174 2223 2224 4575 4624 4625
14122 6 2 7 1 2224 2175 2174 4625 4576 4575
14123 6 2 7 1 2175 2224 2176 4576 4625 4577
14124 6 2 7 1 2176 2224 2225 4577 4625 4626
14125 6 2 7 1 2176 2225 2226 4577 4626 4627
14126 6 2 7 1 2226 2177 2176 4627 4578 4577
14127 6 2 7 1 2177 2226 2178 4578 4627 4579
14128 6 2 7 1 2178 2226 2227 4579 4627 4628
14129 6 2 7 1 2178 2227 2228 4579 4628 4629
14130 6 2 7 1 2228 2179 2178 4629 4580 4579
14131 6 2 7 1 2179 2228 2180 4580 4629 4581
14132 6 2 7 1 2180 2228 2229 4581 4629 4630
14133 6 2 7 1 2180 2229 2230 4581 4630 4631
14134 6 2 7 1 2230 2181 2180 4631 4582 4581
14135 6 2 7 1 2181 2230 2182 4582 4631 4583
14136 6 2 7 1 2182 2230 2231 4583 4631 4632
14137 6 2 7 1 2182 2231 2232 4583 4632 4633
14138 6 2 7 1 2232 2183 2182 4633 4584 4583
14139 6 2 7 1 2183 2232 2184 4584 4633 4585
14140 6 2 7 1 2184 2232 2233 4585 4633 4634
14141 6 2 7 1 2184 2233 2234 4585 4634 4635
14142 6 2 7 1 2234 2185 2184 4635 4586 4585
14143 6 2 7 1 2185 2234 2186 4586 4635 4587
14144 6 2 7 1 2186 2234 2235 4587 4635 4636
14145 6 2 7 1 2186 2235 2236 4587 4636 4637
14146 6 2 7 1 2236 2187 2186 4637 4588 4587
14147 6 2 7 1 2187 2236 2188 4588 4637 4589
14148 6 2 7 1 2188 2236 2237 4589 4637 4638
14149 6 2 7 1 2188 2237 2238 4589 4638 4639
14150 6 2 7 1 2238 2189 2188 4639 4590 4589
14151 6 2 7 1 2189 2238 2190 4590 4639 4591
14152 6 2 7 1 2190 2238 2239 4591 4639 4640
14153 6 2 7 1 2190 2239 2240 4591 4640 4641
14154 6 2 7 1 2240 2191 2190 4641 4592 4591
14155 6 2 7 1 2191 2240 2192 4592 4641 4593
14156 6 2 7 1 2192 2240 2241 4593 4641 4642
14157 6 2 7 1 2192 2241 2242 4593 4642 4643
14158 6 2 7 1 2242 2193 2192 4643 4594 4593
14159 6 2 7 1 2193 2242 2194 4594 4643 4595
14160 6 2 7 1 2194 2242 2243 4595 4643 4644
14161 6 2 7 1 2194 2243 2244 4595 4644 4645
14162 6 2 7 1 2244 2195 2194 4645 4596 4595
14163 6 2 7 1 2195 2244 2196 4596 4645 4597
14164 6 2 7 1 2196 2244 2245 4597 4645 4646
14165 6 2 7 1 2196 2245 2246 4597 4646 4647
14166 6 2 7 1 2246 2197 2196 4647 4598 4597
14167 6 2 7 1 2197 2246 2198 4598 4647 4599
14168 6 2 7 1 2198 2246 2247 4599 4647 4648
14169 6 2 7 1 2198 2247 2248 4599 4648 4649
14170 6 2 7 1 2248 2199 2198 4649 4600 4599
14171 6 2 7 1 2199 2248 2200 4600 4649 4601
14172 6 2 7 1 2200 2248 2249 4601 4649 4650
14173 6 2 7 1 2200 2249 2250 4601 4650 4651
14174 6 2 7 1 2250 2201 2200 4651 4602 4601
14175 6 2 7 1 2201 2250 2202 4602 4651 4603
14176 6 2 7 1 2202 2250 2251 4603 4651 4652
14177 6 2 7 1 2202 2251 2252 4603 4652 4653
14178 6 2 7 1 2252 2203 2202 4653 4604 4603
14179 6 2 7 1 2203 2252 2204 4604 4653 4605
14180 6 2 7 1 2204 2252 2253 4605 4653 4654
14181 6 2 7 1 2204 2253 2254 4605 4654 4655
14182 6 2 7 1 2254 2205 2204 4655 4606 4605
14183 6 2 7 1 2205 2254 2206 4606 4655 4607
14184 6 2 7 1 2206 2254 2255 4607 4655 4656
14185 6 2 7 1 2206 2255 2256 4607 4656 4657
14186 6 2 7 1 2256 2207 2206 4657 4608 4607
14187 6 2 7 1 2207 2256 2208 4608 4657 4609
14188 6 2 7 1 2208 2256 2257 4609 4657 4658
14189 6 2 7 1 2208 2257 2258 4609 4658 4659
14190 6 2 7 1 2258 2209 2208 4659 4610 4609
14191 6 2 7 1 2209 2258 2210 4610 4659 4611
14192 6 2 7 1 2210 2258 2259 4611 4659 4660
14193 6 2 7 1 2210 2259 2260 4611 4660 4661
14194 6 2 7 1 2260 2211 2210 4661 4612 4611
14195 6 2 7 1 2211 2260 2212 4612 4661 4613
14196 6 2 7 1 2212 2260 2261 4613 4661 4662
14197 6 2 7 1 2212 2261 2262 4613 4662 4663
14198 6 2 7 1 2262 2213 2212 4663 4614 4613
14199 6 2 7 1 2213 2262 119 4614 4663 315
14200 6 2 7 1 119 2262 118 315 4663 314
14201 6 2 7 1 46 47 2214 242 243 4615
14202 6 2 7 1 2214 47 2263 4615 243 4664
14203 6 2 7 1 2214 2263 2264 4615 4664 4665
14204 6 2 7 1 2264 2215 2214 4665 4616 4615
14205 6 2 7 1 2215 2264 2216 4616 4665 4617
14206 6 2 7 1 2216 2264 2265 4617 4665 4666
14207 6 2 7 1 2216 2265 2266 4617 4666 4667
14208 6 2 7 1 2266 2217 2216 4667 4618 4617
14209 6 2 7 1 2217 2266 2218 4618 4667 4619
14210 6 2 7 1 2218 2266 2267 4619 4667 4668
14211 6 2 7 1 2218 2267 2268 4619 4668 4669
14212 6 2 7 1 2268 2219 2218 4669 4620 4619
14213 6 2 7 1 2219 2268 2220 4620 4669 4621
14214 6 2 7 1 2220 2268 2269 4621 4669 4670
14215 6 2 7 1 2220 2269 2270 4621 4670 4671
14216 6 2 7 1 2270 2221 2220 4671 4622 4621
14217 6 2 7 1 2221 2270 2222 4622 4671 4623
14218 6 2 7 1 2222 2270 2271 4623 4671 4672
14219 6 2 7 1 2222 2271 2272 4623 4672 4673
14220 6 2 7 1 2272 2223 2222 4673 4624 4623
14221 6 2 7 1 2223 2272 2224 4624 4673 4625
14222 6 2 7 1 2224 2272 2273 4625 4673 4674
14223 6 2 7 1 2224 2273 2274 4625 4674 4675
14224 6 2 7 1 2274 2225 2224 4675 4626 4625
14225 6 2 7 1 2225 2274 2226 4626 4675 4627
14226 6 2 7 1 2226 2274 2275 4627 4675 4676
14227 6 2 7 1 2226 2275 2276 4627 4676 4677
14228 6 2 7 1 2276 2227 2226 4677 4628 4627
14229 6 2 7 1 2227 2276 2228 4628 4677 4629
14230 6 2 7 1 2228 2276 2277 4629 4677 4678
14231 6 2 7 1 2228 2277 2278 4629 4678 4679
14232 6 2 7 1 2278 2229 2228 4679 4630 4629
14233 6 2 7 1 2229 2278 2230 4630 4679 4631
14234 6 2 7 1 2230 2278 2279 4631 4679 4680
14235 6 2 7 1 2230 2279 2280 4631 4680 4681
14236 6 2 7 1 2280 2231 2230 4681 4632 4631
14237 6 2 7 1 2231 2280 2232 4632 4681 4633
14238 6 2 7 1 2232 2280 2281 4633 4681 4682
14239 6 2 7 1 2232 2281 2282 4633 4682 4683
14240 6 2 7 1 2282 2233 2232 4683 4634 4633
14241 6 2 7 1 2233 2282 2234 4634 4683 4635
14242 6 2 7 1 2234 2282 2283 4635 4683 4684
14243 6 2 7 1 2234 2283 2284 4635 4684 4685
14244 6 2 7 1 2284 2235 2234 4685 4636 4635
14245 6 2 7 1 2235 2284 2236 4636 4685 4637
14246 6 2 7 1 2236 2284 2285 4637 4685 4686
14247 6 2 7 1 2236 2285 2286 4637 4686 4687
14248 6 2 7 1 2286 2237 2236 4687 4638 4637
14249 6 2 7 1 2237 2286 2238 4638 4687 4639
14250 6 2 7 1 2238 2286 2287 4639 4687 4688
14251 6 2 7 1 2238 2287 2288 4639 4688 4689
14252 6 2 7 1 2288 2239 2238 4689 4640 4639
14253 6 2 7 1 2239 2288 2240 4640 4689 4641
14254 6 2 7 1 2240 2288 2289 4641 4689 4690
14255 6 2 7 1 2240 2289 2290 4641 4690 4691
14256 6 2 7 1 2290 2241 2240 4691 4642 4641
14257 6 2 7 1 2241 2290 2242 4642 4691 4643
14258 6 2 7 1 2242 2290 2291 4643 4691 4692
14259 6 2 7 1 2242 2291 2292 4643 4692 4693
14260 6 2 7 1 2292 2243 2242 4693 4644 4643
14261 6 2 7 1 2243 2292 2244 4644 4693 4645
14262 6 2 7 1 2244 2292 2293 4645 4693 4694
14263 6 2 7 1 2244 2293 2294 4645 4694 4695
14264 6 2 7 1 2294 2245 2244 4695 4646 4645
14265 6 2 7 1 2245 2294 2246 4646 4695 4647
14266 6 2 7 1 2246 2294 2295 4647 4695 4696
14267 6 2 7 1 2246 2295 2296 4647 4696 4697
14268 6 2 7 1 2296 2247 2246 4697 4648 4647
14269 6 2 7 1 2247 2296 2248 4648 4697 4649
14270 6 2 7 1 2248 2296 2297 4649 4697 4698
14271 6 2 7 1 2248 2297 2298 4649 4698 4699
14272 6 2 7 1 2298 2249 2248 4699 4650 4649
14273 6 2 7 1 2249 2298 2250 4650 4699 4651
14274 6 2 7 1 2250 2298 2299 4651 4699 4700
14275 6 2 7 1 2250 2299 2300 4651 4700 4701
14276 6 2 7 1 2300 2251 2250 4701 4652 4651
14277 6 2 7 1 2251 2300 2252 4652 4701 4653
14278 6 2 7 1 2252 2300 2301 4653 4701 4702
14279 6 2 7 1 2252 2301 2302 4653 4702 4703
14280 6 2 7 1 2302 2253 2252 4703 4654 4653
14281 6 2 7 1 2253 2302 2254 4654 4703 4655
14282 6 2 7 1 2254 2302 2303 4655 4703 4704
14283 6 2 7 1 2254 2303 2304 4655 4704 4705
14284 6 2 7 1 2304 2255 2254 4705 4656 4655
14285 6 2 7 1 2255 2304 2256 4656 4705 4657
14286 6 2 7 1 2256 2304 2305 4657 4705 4706
14287 6 2 7 1 2256 2305 2306 4657 4706 4707
14288 6 2 7 1 2306 2257 2256 4707 4658 4657
14289 6 2 7 1 2257 2306 2258 4658 4707 4659
14290 6 2 7 1 2258 2306 2307 4659 4707 4708
14291 6 2 7 1 2258 2307 2308 4659 4708 4709
14292 6 2 7 1 2308 2259 2258 4709 4660 4659
14293 6 2 7 1 2259 2308 2260 4660 4709 4661
14294 6 2 7 1 2260 2308 2309 4661 4709 4710
14295 6 2 7 1 2260 2309 2310 4661 4710 4711
14296 6 2 7 1 2310 2261 2260 4711 4662 4661
14297 6 2 7 1 2261 2310 2262 4662 4711 4663
14298 6 2 7 1 2262 2310 2311 4663 4711 4712
14299 6 2 7 1 2262 2311 117 4663 4712 313
14300 6 2 7 1 117 118 2262 313 314 4663
14301 6 2 7 1 47 48 2312 243 244 4713
14302 6 2 7 1 2312 2263 47 4713 4664 243
14303 6 2 7 1 2263 2312 2264 4664 4713 4665
14304 6 2 7 1 2264 2312 2313 4665 4713 4714
14305 6 2 7 1 2264 2313 2314 4665 4714 4715
14306 6 2 7 1 2314 2265 2264 4715 4666 4665
14307 6 2 7 1 2265 2314 2266 4666 4715 4667
14308 6 2 7 1 2266 2314 2315 4667 4715 4716
14309 6 2 7 1 2266 2315 2316 4667 4716 4717
14310 6 2 7 1 2316 2267 2266 4717 4668 4667
14311 6 2 7 1 2267 2316 2268 4668 4717 4669
14312 6 2 7 1 2268 2316 2317 4669 4717 4718
14313 6 2 7 1 2268 2317 2318 4669 4718 4719
14314 6 2 7 1 2318 2269 2268 4719 4670 4669
14315 6 2 7 1 2269 2318 2270 4670 4719 4671
14316 6 2 7 1 2270 2318 2319 4671 4719 4720
14317 6 2 7 1 2270 2319 2320 4671 4720 4721
14318 6 2 7 1 2320 2271 2270 4721 4672 4671
14319 6 2 7 1 2271 2320 2272 4672 4721 4673
14320 6 2 7 1 2272 2320 2321 4673 4721 4722
14321 6 2 7 1 2272 2321 2322 4673 4722 4723
14322 6 2 7 1 2322 2273 2272 4723 4674 4673
14323 6 2 7 1 2273 2322 2274 4674 4723 4675
14324 6 2 7 1 2274 2322 2323 4675 4723 4724
14325 6 2 7 1 2274 2323 2324 4675 4724 4725
14326 6 2 7 1 2324 2275 2274 4725 4676 4675
14327 6 2 7 1 2275 2324 2276 4676 4725 4677
14328 6 2 7 1 2276 2324 2325 4677 4725 4726
14329 6 2 7 1 2276 2325 2326 4677 4726 4727
14330 6 2 7 1 2326 2277 2276 4727 4678 4677
14331 6 2 7 1 2277 2326 2278 4678 4727 4679
14332 6 2 7 1 2278 2326 2327 4679 4727 4728
14333 6 2 7 1 2278 2327 2328 4679 4728 4729
14334 6 2 7 1 2328 2279 2278 4729 4680 4679
14335 6 2 7 1 2279 2328 2280 4680 4729 4681
14336 6 2 7 1 2280 2328 2329 4681 4729 4730
14337 6 2 7 1 2280 2329 2330 4681 4730 4731
14338 6 2 7 1 2330 2281 2280 4731 4682 4681
14339 6 2 7 1 2281 2330 2282 4682 4731 4683
14340 6 2 7 1 2282 2330 2331 4683 4731 4732
14341 6 2 7 1 2282 2331 2332 4683 4732 4733
14342 6 2 7 1 2332 2283 2282 4733 4684 4683
14343 6 2 7 1 2283 2332 2284 4684 4733 4685
14344 6 2 7 1 2284 2332 2333 4685 4733 4734
14345 6 2 7 1 2284 2333 2334 4685 4734 4735
14346 6 2 7 1 2334 2285 2284 4735 4686 4685
14347 6 2 7 1 2285 2334 2286 4686 4735 4687
14348 6 2 7 1 2286 2334 2335 4687 4735 4736
14349 6 2 7 1 2286 2335 2336 4687 4736 4737
14350 6 2 7 1 2336 2287 2286 4737 4688 4687
14351 6 2 7 1 2287 2336 2288 4688 4737 4689
14352 6 2 7 1 2288 2336 2337 4689 4737 4738
14353 6 2 7 1 2288 2337 2338 4689 4738 4739
14354 6 2 7 1 2338 2289 2288 4739 4690 4689
14355 6 2 7 1 2289 2338 2290 4690 4739 4691
14356 6 2 7 1 2290 2338 2339 4691 4739 4740
14357 6 2 7 1 2290 2339 2340 4691 4740 4741
14358 6 2 7 1 2340 2291 2290 4741 4692 4691
14359 6 2 7 1 2291 2340 2292 4692 4741 4693
14360 6 2 7 1 2292 2340 2341 4693 4741 4742
14361 6 2 7 1 2292 2341 2342 4693 4742 4743
14362 6 2 7 1 2342 2293 2292 4743 4694 4693
14363 6 2 7 1 2293 2342 2294 4694 4743 4695
14364 6 2 7 1 2294 2342 2343 4695 4743 4744
14365 6 2 7 1 2294 2343 2344 4695 4744 4745
14366 6 2 7 1 2344 2295 2294 4745 4696 4695
14367 6 2 7 1 2295 2344 2296 4696 4745 4697
14368 6 2 7 1 2296 2344 2345 4697 4745 4746
14369 6 2 7 1 2296 2345 2346 4697 4746 4747
14370 6 2 7 1 2346 2297 2296 4747 4698 4697
14371 6 2 7 1 2297 2346 2298 4698 4747 4699
14372 6 2 7 1 2298 2346 2347 4699 4747 4748
14373 6 2 7 1 2298 2347 2348 4699 4748 4749
14374 6 2 7 1 2348 2299 2298 4749 4700 4699
14375 6 2 7 1 2299 2348 2300 4700 4749 4701
14376 6 2 7 1 2300 2348 2349 4701 4749 4750
14377 6 2 7 1 2300 2349 2350 4701 4750 4751
14378 6 2 7 1 2350 2301 2300 4751 4702 4701
14379 6 2 7 1 2301 2350 2302 4702 4751 4703
14380 6 2 7 1 2302 2350 2351 4703 4751 4752
14381 6 2 7 1 2302 2351 2352 4703 4752 4753
14382 6 2 7 1 2352 2303 2302 4753 4704 4703
14383 6 2 7 1 2303 2352 2304 4704 4753 4705
14384 6 2 7 1 2304 2352 2353 4705 4753 4754
14385 6 2 7 1 2304 2353 2354 4705 4754 4755
14386 6 2 7 1 2354 2305 2304 4755 4706 4705
14387 6 2 7 1 2305 2354 2306 4706 4755 4707
14388 6 2 7 1 2306 2354 2355 4707 4755 4756
14389 6 2 7 1 2306 2355 2356 4707 4756 4757
14390 6 2 7 1 2356 2307 2306 4757 4708 4707
14391 6 2 7 1 2307 2356 2308 4708 4757 4709
14392 6 2 7 1 2308 2356 2357 4709 4757 4758
14393 6 2 7 1 2308 2357 2358 4709 4758 4759
14394 6 2 7 1 2358 2309 2308 4759 4710 4709
14395 6 2 7 1 2309 2358 2310 4710 4759 4711
14396 6 2 7 1 2310 2358 2359 4711 4759 4760
14397 6 2 7 1 2310 2359 2360 4711 4760 4761
14398 6 2 7 1 2360 2311 2310 4761 4712 4711
14399 6 2 7 1 2311 2360 117 4712 4761 313
14400 6 2 7 1 117 2360 116 313 4761 312
14401 6 2 7 1 48 49 2312 244 245 4713
14402 6 2 7 1 2312 49 2361 4713 245 4762
14403 6 2 7 1 2312 2361 2362 4713 4762 4763
14404 6 2 7 1 2362 2313 2312 4763 4714 4713
14405 6 2 7 1 2313 2362 2314 4714 4763 4715
14406 6 2 7 1 2314 2362 2363 4715 4763 4764
14407 6 2 7 1 2314 2363 2364 4715 4764 4765
14408 6 2 7 1 2364 2315 2314 4765 4716 4715
14409 6 2 7 1 2315 2364 2316 4716 4765 4717
14410 6 2 7 1 2316 2364 2365 4717 4765 4766
14411 6 2 7 1 2316 2365 2366 4717 4766 4767
14412 6 2 7 1 2366 2317 2316 4767 4718 4717
14413 6 2 7 1 2317 2366 2318 4718 4767 4719
14414 6 2 7 1 2318 2366 2367 4719 4767 4768
14415 6 2 7 1 2318 2367 2368 4719 4768 4769
14416 6 2 7 1 2368 2319 2318 4769 4720 4719
14417 6 2 7 1 2319 2368 2320 4720 4769 4721
14418 6 2 7 1 2320 2368 2369 4721 4769 4770
14419 6 2 7 1 2320 2369 2370 4721 4770 4771
14420 6 2 7 1 2370 2321 2320 4771 4722 4721
14421 6 2 7 1 2321 2370 2322 4722 4771 4723
14422 6 2 7 1 2322 2370 2371 4723 4771 4772
14423 6 2 7 1 2322 2371 2372 4723 4772 4773
14424 6 2 7 1 2372 2323 2322 4773 4724 4723
14425 6 2 7 1 2323 2372 2324 4724 4773 4725
14426 6 2 7 1 2324 2372 2373 4725 4773 4774
14427 6 2 7 1 2324 2373 2374 4725 4774 4775
14428 6 2 7 1 2374 2325 2324 4775 4726 4725
14429 6 2 7 1 2325 2374 2326 4726 4775 4727
14430 6 2 7 1 2326 2374 2375 4727 4775 4776
14431 6 2 7 1 2326 2375 2376 4727 4776 4777
14432 6 2 7 1 2376 2327 2326 4777 4728 4727
14433 6 2 7 1 2327 2376 2328 4728 4777 4729
14434 6 2 7 1 2328 2376 2377 4729 4777 4778
14435 6 2 7 1 2328 2377 2378 4729 4778 4779
14436 6 2 7 1 2378 2329 2328 4779 4730 4729
14437 6 2 7 1 2329 2378 2330 4730 4779 4731
14438 6 2 7 1 2330 2378 2379 4731 4779 4780
14439 6 2 7 1 2330 2379 2380 4731 4780 4781
14440 6 2 7 1 2380 2331 2330 4781 4732 4731
14441 6 2 7 1 2331 2380 2332 4732 4781 4733
14442 6 2 7 1 2332 2380 2381 4733 4781 4782
14443 6 2 7 1 2332 2381 2382 4733 4782 4783
14444 6 2 7 1 2382 2333 2332 4783 4734 4733
14445 6 2 7 1 2333 2382 2334 4734 4783 4735
14446 6 2 7 1 2334 2382 2383 4735 4783 4784
14447 6 2 7 1 2334 2383 2384 4735 4784 4785
14448 6 2 7 1 2384 2335 2334 4785 4736 4735
14449 6 2 7 1 2335 2384 2336 4736 4785 4737
14450 6 2 7 1 2336 2384 2385 4737 4785 4786
14451 6 2 7 1 2336 2385 2386 4737 4786 4787
14452 6 2 7 1 2386 2337 2336 4787 4738 4737
14453 6 2 7 1 2337 2386 2338 4738 4787 4739
14454 6 2 7 1 2338 2386 2387 4739 4787 4788
14455 6 2 7 1 2338 2387 2388 4739 4788 4789
14456 6 2 7 1 2388 2339 2338 4789 4740 4739
14457 6 2 7 1 2339 2388 2340 4740 4789 4741
14458 6 2 7 1 2340 2388 2389 4741 4789 4790
14459 6 2 7 1 2340 2389 2390 4741 4790 4791
14460 6 2 7 1 2390 2341 2340 4791 4742 4741
14461 6 2 7 1 2341 2390 2342 4742 4791 4743
14462 6 2 7 1 2342 2390 2391 4743 4791 4792
14463 6 2 7 1 2342 2391 2392 4743 4792 4793
14464 6 2 7 1 2392 2343 2342 4793 4744 4743
14465 6 2 7 1 2343 2392 2344 4744 4793 4745
14466 6 2 7 1 2344 2392 2393 4745 4793 4794
14467 6 2 7 1 2344 2393 2394 4745 4794 4795
14468 6 2 7 1 2394 2345 2344 4795 4746 4745
14469 6 2 7 1 2345 2394 2346 4746 4795 4747
14470 6 2 7 1 2346 2394 2395 4747 4795 4796
14471 6 2 7 1 2346 2395 2396 4747 4796 4797
14472 6 2 7 1 2396 2347 2346 4797 4748 4747
14473 6 2 7 1 2347 2396 2348 4748 4797 4749
14474 6 2 7 1 2348 2396 2397 4749 4797 4798
14475 6 2 7 1 2348 2397 2398 4749 4798 4799
14476 6 2 7 1 2398 2349 2348 4799 4750 4749
14477 6 2 7 1 2349 2398 2350 4750 4799 4751
14478 6 2 7 1 2350 2398 2399 4751 4799 4800
14479 6 2 7 1 2350 2399 2400 4751 4800 4801
14480 6 2 7 1 2400 2351 2350 4801 4752 4751
14481 6 2 7 1 2351 2400 2352 4752 4801 4753
14482 6 2 7 1 2352 2400 2401 4753 4801 4802
14483 6 2 7 1 2352 2401 2402 4753 4802 4803
14484 6 2 7 1 2402 2353 2352 4803 4754 4753
14485 6 2 7 1 2353 2402 2354 4754 4803 4755
14486 6 2 7 1 2354 2402 2403 4755 4803 4804
14487 6 2 7 1 2354 2403 2404 4755 4804 4805
14488 6 2 7 1 2404 2355 2354 4805 4756 4755
14489 6 2 7 1 2355 2404 2356 4756 4805 4757
14490 6 2 7 1 2356 2404 2405 4757 4805 4806
14491 6 2 7 1 2356 2405 2406 4757 4806 4807
14492 6 2 7 1 2406 2357 2356 4807 4758 4757
14493 6 2 7 1 2357 2406 2358 4758 4807 4759
14494 6 2 7 1 2358 2406 2407 4759 4807 4808
14495 6 2 7 1 2358 2407 2408 4759 4808 4809
14496 6 2 7 1 2408 2359 2358 4809 4760 4759
14497 6 2 7 1 2359 2408 2360 4760 4809 4761
14498 6 2 7 1 2360 2408 2409 4761 4809 4810
14499 6 2 7 1 2360 2409 115 4761 4810 311
14500 6 2 7 1 115 116 2360 311 312 4761
14501 6 2 7 1 49 50 2410 245 246 4811
14502 6 2 7 1 2410 2361 49 4811 4762 245
14503 6 2 7 1 2361 2410 2362 4762 4811 4763
14504 6 2 7 1 2362 2410 2411 4763 4811 4812
14505 6 2 7 1 2362 2411 2412 4763 4812 4813
14506 6 2 7 1 2412 2363 2362 4813 4764 4763
14507 6 2 7 1 2363 2412 2364 4764 4813 4765
14508 6 2 7 1 2364 2412 2413 4765 4813 4814
14509 6 2 7 1 2364 2413 2414 4765 4814 4815
14510 6 2 7 1 2414 2365 2364 4815 4766 4765
14511 6 2 7 1 2365 2414 2366 4766 4815 4767
14512 6 2 7 1 2366 2414 2415 4767 4815 4816
14513 6 2 7 1 2366 2415 2416 4767 4816 4817
14514 6 2 7 1 2416 2367 2366 4817 4768 4767
14515 6 2 7 1 2367 2416 2368 4768 4817 4769
14516 6 2 7 1 2368 2416 2417 4769 4817 4818
14517 6 2 7 1 2368 2417 2418 4769 4818 4819
14518 6 2 7 1 2418 2369 2368 4819 4770 4769
14519 6 2 7 1 2369 2418 2370 4770 4819 4771
14520 6 2 7 1 2370 2418 2419 4771 4819 4820
14521 6 2 7 1 2370 2419 2420 4771 4820 4821
14522 6 2 7 1 2420 2371 2370 4821 4772 4771
14523 6 2 7 1 2371 2420 2372 4772 4821 4773
14524 6 2 7 1 2372 2420 2421 4773 4821 4822
14525 6 2 7 1 2372 2421 2422 4773 4822 4823
14526 6 2 7 1 2422 2373 2372 4823 4774 4773
14527 6 2 7 1 2373 2422 2374 4774 4823 4775
14528 6 2 7 1 2374 2422 2423 4775 4823 4824
14529 6 2 7 1 2374 2423 2424 4775 4824 4825
14530 6 2 7 1 2424 2375 2374 4825 4776 4775
14531 6 2 7 1 2375 2424 2376 4776 4825 4777
14532 6 2 7 1 2376 2424 2425 4777 4825 4826
14533 6 2 7 1 2376 2425 2426 4777 4826 4827
14534 6 2 7 1 2426 2377 2376 4827 4778 4777
14535 6 2 7 1 2377 2426 2378 4778 4827 4779
14536 6 2 7 1 2378 2426 2427 4779 4827 4828
14537 6 2 7 1 2378 2427 2428 4779 4828 4829
14538 6 2 7 1 2428 2379 2378 4829 4780 4779
14539 6 2 7 1 2379 2428 2380 4780 4829 4781
14540 6 2 7 1 2380 2428 2429 4781 4829 4830
14541 6 2 7 1 2380 2429 2430 4781 4830 4831
14542 6 2 7 1 2430 2381 2380 4831 4782 4781
14543 6 2 7 1 2381 2430 2382 4782 4831 4783
14544 6 2 7 1 2382 2430 2431 4783 4831 4832
14545 6 2 7 1 2382 2431 2432 4783 4832 4833
14546 6 2 7 1 2432 2383 2382 4833 4784 4783
14547 6 2 7 1 2383 2432 2384 4784 4833 4785
14548 6 2 7 1 2384 2432 2433 4785 4833 4834
14549 6 2 7 1 2384 2433 2434 4785 4834 4835
14550 6 2 7 1 2434 2385 2384 4835 4786 4785
14551 6 2 7 1 2385 2434 2386 4786 4835 4787
14552 6 2 7 1 2386 2434 2435 4787 4835 4836
14553 6 2 7 1 2386 2435 2436 4787 4836 4837
14554 6 2 7 1 2436 2387 2386 4837 4788 4787
14555 6 2 7 1 2387 2436 2388 4788 4837 4789
14556 6 2 7 1 2388 2436 2437 4789 4837 4838
14557 6 2 7 1 2388 2437 2438 4789 4838 4839
14558 6 2 7 1 2438 2389 2388 4839 4790 4789
14559 6 2 7 1 2389 2438 2390 4790 4839 4791
14560 6 2 7 1 2390 2438 2439 4791 4839 4840
14561 6 2 7 1 2390 2439 2440 4791 4840 4841
14562 6 2 7 1 2440 2391 2390 4841 4792 4791
14563 6 2 7 1 2391 2440 2392 4792 4841 4793
14564 6 2 7 1 2392 2440 2441 4793 4841 4842
14565 6 2 7 1 2392 2441 2442 4793 4842 4843
14566 6 2 7 1 2442 2393 2392 4843 4794 4793
14567 6 2 7 1 2393 2442 2394 4794 4843 4795
14568 6 2 7 1 2394 2442 2443 4795 4843 4844
14569 6 2 7 1 2394 2443 2444 4795 4844 4845
14570 6 2 7 1 2444 2395 2394 4845 4796 4795
14571 6 2 7 1 2395 2444 2396 4796 4845 4797
14572 6 2 7 1 2396 2444 2445 4797 4845 4846
14573 6 2 7 1 2396 2445 2446 4797 4846 4847
14574 6 2 7 1 2446 2397 2396 4847 4798 4797
14575 6 2 7 1 2397 2446 2398 4798 4847 4799
14576 6 2 7 1 2398 2446 2447 4799 4847 4848
14577 6 2 7 1 2398 2447 2448 4799 4848 4849
14578 6 2 7 1 2448 2399 2398 4849 4800 4799
14579 6 2 7 1 2399 2448 2400 4800 4849 4801
14580 6 2 7 1 2400 2448 2449 4801 4849 4850
14581 6 2 7 1 2400 2449 2450 4801 4850 4851
14582 6 2 7 1 2450 2401 2400 4851 4802 4801
14583 6 2 7 1 2401 2450 2402 4802 4851 4803
14584 6 2 7 1 2402 2450 2451 4803 4851 4852
14585 6 2 7 1 2402 2451 2452 4803 4852 4853
14586 6 2 7 1 2452 2403 2402 4853 4804 4803
14587 6 2 7 1 2403 2452 2404 4804 4853 4805
14588 6 2 7 1 2404 2452 2453 4805 4853 4854
14589 6 2 7 1 2404 2453 2454 4805 4854 4855
14590 6 2 7 1 2454 2405 2404 4855 4806 4805
14591 6 2 7 1 2405 2454 2406 4806 4855 4807
14592 6 2 7 1 2406 2454 2455 4807 4855 4856
14593 6 2 7 1 2406 2455 2456 4807 4856 4857
14594 6 2 7 1 2456 2407 2406 4857 4808 4807
14595 6 2 7 1 2407 2456 2408 4808 4857 4809
14596 6 2 7 1 2408 2456 2457 4809 4857 4858
14597 6 2 7 1 2408 2457 2458 4809 4858 4859
14598 6 2 7 1 2458 2409 2408 4859 4810 4809
14599 6 2 7 1 2409 2458 115 4810 4859 311
14600 6 2 7 1 115 2458 114 311 4859 310
14601 6 2 7 1 50 51 2410 246 247 4811
14602 6 2 7 1 2410 51 2459 4811 247 4860
14603 6 2 7 1 2410 2459 2460 4811 4860 4861
14604 6 2 7 1 2460 2411 2410 4861 4812 4811
14605 6 2 7 1 2411 2460 2412 4812 4861 4813
14606 6 2 7 1 2412 2460 2461 4813 4861 4862
14607 6 2 7 1 2412 2461 2462 4813 4862 4863
14608 6 2 7 1 2462 2413 2412 4863 4814 4813
14609 6 2 7 1 2413 2462 2414 4814 4863 4815
14610 6 2 7 1 2414 2462 2463 4815 4863 4864
14611 6 2 7 1 2414 2463 2464 4815 4864 4865
14612 6 2 7 1 2464 2415 2414 4865 4816 4815
14613 6 2 7 1 2415 2464 2416 4816 4865 4817
14614 6 2 7 1 2416 2464 2465 4817 4865 4866
14615 6 2 7 1 2416 2465 2466 4817 4866 4867
14616 6 2 7 1 2466 2417 2416 4867 4818 4817
14617 6 2 7 1 2417 2466 2418 4818 4867 4819
14618 6 2 7 1 2418 2466 2467 4819 4867 4868
14619 6 2 7 1 2418 2467 2468 4819 4868 4869
14620 6 2 7 1 2468 2419 2418 4869 4820 4819
14621 6 2 7 1 2419 2468 2420 4820 4869 4821
14622 6 2 7 1 2420 2468 2469 4821 4869 4870
14623 6 2 7 1 2420 2469 2470 4821 4870 4871
14624 6 2 7 1 2470 2421 2420 4871 4822 4821
14625 6 2 7 1 2421 2470 2422 4822 4871 4823
14626 6 2 7 1 2422 2470 2471 4823 4871 4872
14627 6 2 7 1 2422 2471 2472 4823 4872 4873
14628 6 2 7 1 2472 2423 2422 4873 4824 4823
14629 6 2 7 1 2423 2472 2424 4824 4873 4825
14630 6 2 7 1 2424 2472 2473 4825 4873 4874
14631 6 2 7 1 2424 2473 2474 4825 4874 4875
14632 6 2 7 1 2474 2425 2424 4875 4826 4825
14633 6 2 7 1 2425 2474 2426 4826 4875 4827
14634 6 2 7 1 2426 2474 2475 4827 4875 4876
14635 6 2 7 1 2426 2475 2476 4827 4876 4877
14636 6 2 7 1 2476 2427 2426 4877 4828 4827
14637 6 2 7 1 2427 2476 2428 4828 4877 4829
14638 6 2 7 1 2428 2476 2477 4829 4877 4878
14639 6 2 7 1 2428 2477 2478 4829 4878 4879
14640 6 2 7 1 2478 2429 2428 4879 4830 4829
14641 6 2 7 1 2429 2478 2430 4830 4879 4831
14642 6 2 7 1 2430 2478 2479 4831 4879 4880
14643 6 2 7 1 2430 2479 2480 4831 4880 4881
14644 6 2 7 1 2480 2431 2430 4881 4832 4831
14645 6 2 7 1 2431 2480 2432 4832 4881 4833
14646 6 2 7 1 2432 2480 2481 4833 4881 4882
14647 6 2 7 1 2432 2481 2482 4833 4882 4883
14648 6 2 7 1 2482 2433 2432 4883 4834 4833
14649 6 2 7 1 2433 2482 2434 4834 4883 4835
14650 6 2 7 1 2434 2482 2483 4835 4883 4884
14651 6 2 7 1 2434 2483 2484 4835 4884 4885
14652 6 2 7 1 2484 2435 2434 4885 4836 4835
14653 6 2 7 1 2435 2484 2436 4836 4885 4837
14654 6 2 7 1 2436 2484 2485 4837 4885 4886
14655 6 2 7 1 2436 2485 2486 4837 4886 4887
14656 6 2 7 1 2486 2437 2436 4887 4838 4837
14657 6 2 7 1 2437 2486 2438 4838 4887 4839
14658 6 2 7 1 2438 2486 2487 4839 4887 4888
14659 6 2 7 1 2438 2487 2488 4839 4888 4889
14660 6 2 7 1 2488 2439 2438 4889 4840 4839
14661 6 2 7 1 2439 2488 2440 4840 4889 4841
14662 6 2 7 1 2440 2488 2489 4841 4889 4890
14663 6 2 7 1 2440 2489 2490 4841 4890 4891
14664 6 2 7 1 2490 2441 2440 4891 4842 4841
14665 6 2 7 1 2441 2490 2442 4842 4891 4843
14666 6 2 7 1 2442 2490 2491 4843 4891 4892
14667 6 2 7 1 2442 2491 2492 4843 4892 4893
14668 6 2 7 1 2492 2443 2442 4893 4844 4843
14669 6 2 7 1 2443 2492 2444 4844 4893 4845
14670 6 2 7 1 2444 2492 2493 4845 4893 4894
14671 6 2 7 1 2444 2493 2494 4845 4894 4895
14672 6 2 7 1 2494 2445 2444 4895 4846 4845
14673 6 2 7 1 2445 2494 2446 4846 4895 4847
14674 6 2 7 1 2446 2494 2495 4847 4895 4896
14675 6 2 7 1 2446 2495 2496 4847 4896 4897
14676 6 2 7 1 2496 2447 2446 4897 4848 4847
14677 6 2 7 1 2447 2496 2448 4848 4897 4849
14678 6 2 7 1 2448 2496 2497 4849 4897 4898
14679 6 2 7 1 2448 2497 2498 4849 4898 4899
14680 6 2 7 1 2498 2449 2448 4899 4850 4849
14681 6 2 7 1 2449 2498 2450 4850 4899 4851
14682 6 2 7 1 2450 2498 2499 4851 4899 4900
14683 6 2 7 1 2450 2499 2500 4851 4900 4901
14684 6 2 7 1 2500 2451 2450 4901 4852 4851
14685 6 2 7 1 2451 2500 2452 4852 4901 4853
14686 6 2 7 1 2452 2500 2501 4853 4901 4902
14687 6 2 7 1 2452 2501 2502 4853 4902 4903
14688 6 2 7 1 2502 2453 2452 4903 4854 4853
14689 6 2 7 1 2453 2502 2454 4854 4903 4855
14690 6 2 7 1 2454 2502 2503 4855 4903 4904
14691 6 2 7 1 2454 2503 2504 4855 4904 4905
14692 6 2 7 1 2504 2455 2454 4905 4856 4855
14693 6 2 7 1 2455 2504 2456 4856 4905 4857
14694 6 2 7 1 2456 2504 2505 4857 4905 4906
14695 6 2 7 1 2456 2505 2506 4857 4906 4907
14696 6 2 7 1 2506 2457 2456 4907 4858 4857
14697 6 2 7 1 2457 2506 2458 4858 4907 4859
14698 6 2 7 1 2458 2506 2507 4859 4907 4908
14699 6 2 7 1 2458 2507 113 4859 4908 309
14700 6 2 7 1 113 114 2458 309 310 4859
14701 6 2 7 1 51 52 2508 247 248 4909
14702 6 2 7 1 2508 2459 51 4909 4860 247
14703 6 2 7 1 2459 2508 2460 4860 4909 4861
14704 6 2 7 1 2460 2508 2509 4861 4909 4910
14705 6 2 7 1 2460 2509 2510 4861 4910 4911
14706 6 2 7 1 2510 2461 2460 4911 4862 4861
14707 6 2 7 1 2461 2510 2462 4862 4911 4863
14708 6 2 7 1 2462 2510 2511 4863 4911 4912
14709 6 2 7 1 2462 2511 2512 4863 4912 4913
14710 6 2 7 1 2512 2463 2462 4913 4864 4863
14711 6 2 7 1 2463 2512 2464 4864 4913 4865
14712 6 2 7 1 2464 2512 2513 4865 4913 4914
14713 6 2 7 1 2464 2513 2514 4865 4914 4915
14714 6 2 7 1 2514 2465 2464 4915 4866 4865
14715 6 2 7 1 2465 2514 2466 4866 4915 4867
14716 6 2 7 1 2466 2514 2515 4867 4915 4916
14717 6 2 7 1 2466 2515 2516 4867 4916 4917
14718 6 2 7 1 2516 2467 2466 4917 4868 4867
14719 6 2 7 1 2467 2516 2468 4868 4917 4869
14720 6 2 7 1 2468 2516 2517 4869 4917 4918
14721 6 2 7 1 2468 2517 2518 4869 4918 4919
14722 6 2 7 1 2518 2469 2468 4919 4870 4869
14723 6 2 7 1 2469 2518 2470 4870 4919 4871
14724 6 2 7 1 2470 2518 2519 4871 4919 4920
14725 6 2 7 1 2470 2519 2520 4871 4920 4921
14726 6 2 7 1 2520 2471 2470 4921 4872 4871
14727 6 2 7 1 2471 2520 2472 4872 4921 4873
14728 6 2 7 1 2472 2520 2521 4873 4921 4922
14729 6 2 7 1 2472 2521 2522 4873 4922 4923
14730 6 2 7 1 2522 2473 2472 4923 4874 4873
14731 6 2 7 1 2473 2522 2474 4874 4923 4875
14732 6 2 7 1 2474 2522 2523 4875 4923 4924
14733 6 2 7 1 2474 2523 2524 4875 4924 4925
14734 6 2 7 1 2524 2475 2474 4925 4876 4875
14735 6 2 7 1 2475 2524 2476 4876 4925 4877
14736 6 2 7 1 2476 2524 2525 4877 4925 4926
14737 6 2 7 1 2476 2525 2526 4877 4926 4927
14738 6 2 7 1 2526 2477 2476 4927 4878 4877
14739 6 2 7 1 2477 2526 2478 4878 4927 4879
14740 6 2 7 1 2478 2526 2527 4879 4927 4928
14741 6 2 7 1 2478 2527 2528 4879 4928 4929
14742 6 2 7 1 2528 2479 2478 4929 4880 4879
14743 6 2 7 1 2479 2528 2480 4880 4929 4881
14744 6 2 7 1 2480 2528 2529 4881 4929 4930
14745 6 2 7 1 2480 2529 2530 4881 4930 4931
14746 6 2 7 1 2530 2481 2480 4931 4882 4881
14747 6 2 7 1 2481 2530 2482 4882 4931 4883
14748 6 2 7 1 2482 2530 2531 4883 4931 4932
14749 6 2 7 1 2482 2531 2532 4883 4932 4933
14750 6 2 7 1 2532 2483 2482 4933 4884 4883
14751 6 2 7 1 2483 2532 2484 4884 4933 4885
14752 6 2 7 1 2484 2532 2533 4885 4933 4934
14753 6 2 7 1 2484 2533 2534 4885 4934 4935
14754 6 2 7 1 2534 2485 2484 4935 4886 4885
14755 6 2 7 1 2485 2534 2486 4886 4935 4887
14756 6 2 7 1 2486 2534 2535 4887 4935 4936
14757 6 2 7 1 2486 2535 2536 4887 4936 4937
14758 6 2 7 1 2536 2487 2486 4937 4888 4887
14759 6 2 7 1 2487 2536 2488 4888 4937 4889
14760 6 2 7 1 2488 2536 2537 4889 4937 4938
14761 6 2 7 1 2488 2537 2538 4889 4938 4939
14762 6 2 7 1 2538 2489 2488 4939 4890 4889
14763 6 2 7 1 2489 2538 2490 4890 4939 4891
14764 6 2 7 1 2490 2538 2539 4891 4939 4940
14765 6 2 7 1 2490 2539 2540 4891 4940 4941
14766 6 2 7 1 2540 2491 2490 4941 4892 4891
14767 6 2 7 1 2491 2540 2492 4892 4941 4893
14768 6 2 7 1 2492 2540 2541 4893 4941 4942
14769 6 2 7 1 2492 2541 2542 4893 4942 4943
14770 6 2 7 1 2542 2493 2492 4943 4894 4893
14771 6 2 7 1 2493 2542 2494 4894 4943 4895
14772 6 2 7 1 2494 2542 2543 4895 4943 4944
14773 6 2 7 1 2494 2543 2544 4895 4944 4945
14774 6 2 7 1 2544 2495 2494 4945 4896 4895
14775 6 2 7 1 2495 2544 2496 4896 4945 4897
14776 6 2 7 1 2496 2544 2545 4897 4945 4946
14777 6 2 7 1 2496 2545 2546 4897 4946 4947
14778 6 2 7 1 2546 2497 2496 4947 4898 4897
14779 6 2 7 1 2497 2546 2498 4898 4947 4899
14780 6 2 7 1 2498 2546 2547 4899 4947 4948
14781 6 2 7 1 2498 2547 2548 4899 4948 4949
14782 6 2 7 1 2548 2499 2498 4949 4900 4899
14783 6 2 7 1 2499 2548 2500 4900 4949 4901
14784 6 2 7 1 2500 2548 2549 4901 4949 4950
14785 6 2 7 1 2500 2549 2550 4901 4950 4951
14786 6 2 7 1 2550 2501 2500 4951 4902 4901
14787 6 2 7 1 2501 2550 2502 4902 4951 4903
14788 6 2 7 1 2502 2550 2551 4903 4951 4952
14789 6 2 7 1 2502 2551 2552 4903 4952 4953
14790 6 2 7 1 2552 2503 2502 4953 4904 4903
14791 6 2 7 1 2503 2552 2504 4904 4953 4905
14792 6 2 7 1 2504 2552 2553 4905 4953 4954
14793 6 2 7 1 2504 2553 2554 4905 4954 4955
14794 6 2 7 1 2554 2505 2504 4955 4906 4905
14795 6 2 7 1 2505 2554 2506 4906 4955 4907
14796 6 2 7 1 2506 2554 2555 4907 4955 4956
14797 6 2 7 1 2506 2555 2556 4907 4956 4957
14798 6 2 7 1 2556 2507 2506 4957 4908 4907
14799 6 2 7 1 2507 2556 113 4908 4957 309
14800 6 2 7 1 113 2556 112 309 4957 308
14801 6 2 7 1 52 53 2508 248 249 4909
14802 6 2 7 1 2508 53 2557 4909 249 4958
14803 6 2 7 1 2508 2557 2558 4909 4958 4959
14804 6 2 7 1 2558 2509 2508 4959 4910 4909
14805 6 2 7 1 2509 2558 2510 4910 4959 4911
14806 6 2 7 1 2510 2558 2559 4911 4959 4960
14807 6 2 7 1 2510 2559 2560 4911 4960 4961
14808 6 2 7 1 2560 2511 2510 4961 4912 4911
14809 6 2 7 1 2511 2560 2512 4912 4961 4913
14810 6 2 7 1 2512 2560 2561 4913 4961 4962
14811 6 2 7 1 2512 2561 2562 4913 4962 4963
14812 6 2 7 1 2562 2513 2512 4963 4914 4913
14813 6 2 7 1 2513 2562 2514 4914 4963 4915
14814 6 2 7 1 2514 2562 2563 4915 4963 4964
14815 6 2 7 1 2514 2563 2564 4915 4964 4965
14816 6 2 7 1 2564 2515 2514 4965 4916 4915
14817 6 2 7 1 2515 2564 2516 4916 4965 4917
14818 6 2 7 1 2516 2564 2565 4917 4965 4966
14819 6 2 7 1 2516 2565 2566 4917 4966 4967
14820 6 2 7 1 2566 2517 2516 4967 4918 4917
14821 6 2 7 1 2517 2566 2518 4918 4967 4919
14822 6 2 7 1 2518 2566 2567 4919 4967 4968
14823 6 2 7 1 2518 2567 2568 4919 4968 4969
14824 6 2 7 1 2568 2519 2518 4969 4920 4919
14825 6 2 7 1 2519 2568 2520 4920 4969 4921
14826 6 2 7 1 2520 2568 2569 4921 4969 4970
14827 6 2 7 1 2520 2569 2570 4921 4970 4971
14828 6 2 7 1 2570 2521 2520 4971 4922 4921
14829 6 2 7 1 2521 2570 2522 4922 4971 4923
14830 6 2 7 1 2522 2570 2571 4923 4971 4972
14831 6 2 7 1 2522 2571 2572 4923 4972 4973
14832 6 2 7 1 2572 2523 2522 4973 4924 4923
14833 6 2 7 1 2523 2572 2524 4924 4973 4925
14834 6 2 7 1 2524 2572 2573 4925 4973 4974
14835 6 2 7 1 2524 2573 2574 4925 4974 4975
14836 6 2 7 1 2574 2525 2524 4975 4926 4925
14837 6 2 7 1 2525 2574 2526 4926 4975 4927
14838 6 2 7 1 2526 2574 2575 4927 4975 4976
14839 6 2 7 1 2526 2575 2576 4927 4976 4977
14840 6 2 7 1 2576 2527 2526 4977 4928 4927
14841 6 2 7 1 2527 2576 2528 4928 4977 4929
14842 6 2 7 1 2528 2576 2577 4929 4977 4978
14843 6 2 7 1 2528 2577 2578 4929 4978 4979
14844 6 2 7 1 2578 2529 2528 4979 4930 4929
14845 6 2 7 1 2529 2578 2530 4930 4979 4931
14846 6 2 7 1 2530 2578 2579 4931 4979 4980
14847 6 2 7 1 2530 2579 2580 4931 4980 4981
14848 6 2 7 1 2580 2531 2530 4981 4932 4931
14849 6 2 7 1 2531 2580 2532 4932 4981 4933
14850 6 2 7 1 2532 2580 2581 4933 4981 4982
14851 6 2 7 1 2532 2581 2582 4933 4982 4983
14852 6 2 7 1 2582 2533 2532 4983 4934 4933
14853 6 2 7 1 2533 2582 2534 4934 4983 4935
14854 6 2 7 1 2534 2582 2583 4935 4983 4984
14855 6 2 7 1 2534 2583 2584 4935 4984 4985
14856 6 2 7 1 2584 2535 2534 4985 4936 4935
14857 6 2 7 1 2535 2584 2536 4936 4985 4937
14858 6 2 7 1 2536 2584 2585 4937 4985 4986
14859 6 2 7 1 2536 2585 2586 4937 4986 4987
14860 6 2 7 1 2586 2537 2536 4987 4938 4937
14861 6 2 7 1 2537 2586 2538 4938 4987 4939
14862 6 2 7 1 2538 2586 2587 4939 4987 4988
14863 6 2 7 1 2538 2587 2588 4939 4988 4989
14864 6 2 7 1 2588 2539 2538 4989 4940 4939
14865 6 2 7 1 2539 2588 2540 4940 4989 4941
14866 6 2 7 1 2540 2588 2589 4941 4989 4990
14867 6 2 7 1 2540 2589 2590 4941 4990 4991
14868 6 2 7 1 2590 2541 2540 4991 4942 4941
14869 6 2 7 1 2541 2590 2542 4942 4991 4943
14870 6 2 7 1 2542 2590 2591 4943 4991 4992
14871 6 2 7 1 2542 2591 2592 4943 4992 4993
14872 6 2 7 1 2592 2543 2542 4993 4944 4943
14873 6 2 7 1 2543 2592 2544 4944 4993 4945
14874 6 2 7 1 2544 2592 2593 4945 4993 4994
14875 6 2 7 1 2544 2593 2594 4945 4994 4995
14876 6 2 7 1 2594 2545 2544 4995 4946 4945
14877 6 2 7 1 2545 2594 2546 4946 4995 4947
14878 6 2 7 1 2546 2594 2595 4947 4995 4996
14879 6 2 7 1 2546 2595 2596 4947 4996 4997
14880 6 2 7 1 2596 2547 2546 4997 4948 4947
14881 6 2 7 1 2547 2596 2548 4948 4997 4949
14882 6 2 7 1 2548 2596 2597 4949 4997 4998
14883 6 2 7 1 2548 2597 2598 4949 4998 4999
14884 6 2 7 1 2598 2549 2548 4999 4950 4949
14885 6 2 7 1 2549 2598 2550 4950 4999 4951
14886 6 2 7 1 2550 2598 2599 4951 4999 5000
14887 6 2 7 1 2550 2599 2600 4951 5000 5001
14888 6 2 7 1 2600 2551 2550 5001 4952 4951
14889 6 2 7 1 2551 2600 2552 4952 5001 4953
14890 6 2 7 1 2552 2600 2601 4953 5001 5002
14891 6 2 7 1 2552 2601 2602 4953 5002 5003
14892 6 2 7 1 2602 2553 2552 5003 4954 4953
14893 6 2 7 1 2553 2602 2554 4954 5003 4955
14894 6 2 7 1 2554 2602 2603 4955 5003 5004
14895 6 2 7 1 2554 2603 2604 4955 5004 5005
14896 6 2 7 1 2604 2555 2554 5005 4956 4955
14897 6 2 7 1 2555 2604 2556 4956 5005 4957
14898 6 2 7 1 2556 2604 2605 4957 5005 5006
14899 6 2 7 1 2556 2605 111 4957 5006 307
14900 6 2 7 1 111 112 2556 307 308 4957
14901 6 2 7 1 53 54 2606 249 250 5007
14902 6 2 7 1 2606 2557 53 5007 4958 249
14903 6 2 7 1 2557 2606 2558 4958 5007 4959
14904 6 2 7 1 2558 2606 2607 4959 5007 5008
14905 6 2 7 1 2558 2607 2608 4959 5008 5009
14906 6 2 7 1 2608 2559 2558 5009 4960 4959
14907 6 2 7 1 2559 2608 2560 4960 5009 4961
14908 6 2 7 1 2560 2608 2609 4961 5009 5010
14909 6 2 7 1 2560 2609 2610 4961 5010 5011
14910 6 2 7 1 2610 2561 2560 5011 4962 4961
14911 6 2 7 1 2561 2610 2562 4962 5011 4963
14912 6 2 7 1 2562 2610 2611 4963 5011 5012
14913 6 2 7 1 2562 2611 2612 4963 5012 5013
14914 6 2 7 1 2612 2563 2562 5013 4964 4963
14915 6 2 7 1 2563 2612 2564 4964 5013 4965
14916 6 2 7 1 2564 2612 2613 4965 5013 5014
14917 6 2 7 1 2564 2613 2614 4965 5014 5015
14918 6 2 7 1 2614 2565 2564 5015 4966 4965
14919 6 2 7 1 2565 2614 2566 4966 5015 4967
14920 6 2 7 1 2566 2614 2615 4967 5015 5016
14921 6 2 7 1 2566 2615 2616 4967 5016 5017
14922 6 2 7 1 2616 2567 2566 5017 4968 4967
14923 6 2 7 1 2567 2616 2568 4968 5017 4969
14924 6 2 7 1 2568 2616 2617 4969 5017 5018
14925 6 2 7 1 2568 2617 2618 4969 5018 5019
14926 6 2 7 1 2618 2569 2568 5019 4970 4969
14927 6 2 7 1 2569 2618 2570 4970 5019 4971
14928 6 2 7 1 2570 2618 2619 4971 5019 5020
14929 6 2 7 1 2570 2619 2620 4971 5020 5021
14930 6 2 7 1 2620 2571 2570 5021 4972 4971
14931 6 2 7 1 2571 2620 2572 4972 5021 4973
14932 6 2 7 1 2572 2620 2621 4973 5021 5022
14933 6 2 7 1 2572 2621 2622 4973 5022 5023
14934 6 2 7 1 2622 2573 2572 5023 4974 4973
14935 6 2 7 1 2573 2622 2574 4974 5023 4975
14936 6 2 7 1 2574 2622 2623 4975 5023 5024
14937 6 2 7 1 2574 2623 2624 4975 5024 5025
14938 6 2 7 1 2624 2575 2574 5025 4976 4975
14939 6 2 7 1 2575 2624 2576 4976 5025 4977
14940 6 2 7 1 2576 2624 2625 4977 5025 5026
14941 6 2 7 1 2576 2625 2626 4977 5026 5027
14942 6 2 7 1 2626 2577 2576 5027 4978 4977
14943 6 2 7 1 2577 2626 2578 4978 5027 4979
14944 6 2 7 1 2578 2626 2627 4979 5027 5028
14945 6 2 7 1 2578 2627 2628 4979 5028 5029
14946 6 2 7 1 2628 2579 2578 5029 4980 4979
14947 6 2 7 1 2579 2628 2580 4980 5029 4981
14948 6 2 7 1 2580 2628 2629 4981 5029 5030
14949 6 2 7 1 2580 2629 2630 4981 5030 5031
14950 6 2 7 1 2630 2581 2580 5031 4982 4981
14951 6 2 7 1 2581 2630 2582 4982 5031 4983
14952 6 2 7 1 2582 2630 2631 4983 5031 5032
14953 6 2 7 1 2582 2631 2632 4983 5032 5033
14954 6 2 7 1 2632 2583 2582 5033 4984 4983
14955 6 2 7 1 2583 2632 2584 4984 5033 4985
14956 6 2 7 1 2584 2632 2633 4985 5033 5034
14957 6 2 7 1 2584 2633 2634 4985 5034 5035
14958 6 2 7 1 2634 2585 2584 5035 4986 4985
14959 6 2 7 1 2585 2634 2586 4986 5035 4987
14960 6 2 7 1 2586 2634 2635 4987 5035 5036
14961 6 2 7 1 2586 2635 2636 4987 5036 5037
14962 6 2 7 1 2636 2587 2586 5037 4988 4987
14963 6 2 7 1 2587 2636 2588 4988 5037 4989
14964 6 2 7 1 2588 2636 2637 4989 5037 5038
14965 6 2 7 1 2588 2637 2638 4989 5038 5039
14966 6 2 7 1 2638 2589 2588 5039 4990 4989
14967 6 2 7 1 2589 2638 2590 4990 5039 4991
14968 6 2 7 1 2590 2638 2639 4991 5039 5040
14969 6 2 7 1 2590 2639 2640 4991 5040 5041
14970 6 2 7 1 2640 2591 2590 5041 4992 4991
14971 6 2 7 1 2591 2640 2592 4992 5041 4993
14972 6 2 7 1 2592 2640 2641 4993 5041 5042
14973 6 2 7 1 2592 2641 2642 4993 5042 5043
14974 6 2 7 1 2642 2593 2592 5043 4994 4993
14975 6 2 7 1 2593 2642 2594 4994 5043 4995
14976 6 2 7 1 2594 2642 2643 4995 5043 5044
14977 6 2 7 1 2594 2643 2644 4995 5044 5045
14978 6 2 7 1 2644 2595 2594 5045 4996 4995
14979 6 2 7 1 2595 2644 2596 4996 5045 4997
14980 6 2 7 1 2596 2644 2645 4997 5045 5046
14981 6 2 7 1 2596 2645 2646 4997 5046 5047
14982 6 2 7 1 2646 2597 2596 5047 4998 4997
14983 6 2 7 1 2597 2646 2598 4998 5047 4999
14984 6 2 7 1 2598 2646 2647 4999 5047 5048
14985 6 2 7 1 2598 2647 2648 4999 5048 5049
14986 6 2 7 1 2648 2599 2598 5049 5000 4999
14987 6 2 7 1 2599 2648 2600 5000 5049 5001
14988 6 2 7 1 2600 2648 2649 5001 5049 5050
14989 6 2 7 1 2600 2649 2650 5001 5050 5051
14990 6 2 7 1 2650 2601 2600 5051 5002 5001
14991 6 2 7 1 2601 2650 2602 5002 5051 5003
14992 6 2 7 1 2602 2650 2651 5003 5051 5052
14993 6 2 7 1 2602 2651 2652 5003 5052 5053
14994 6 2 7 1 2652 2603 2602 5053 5004 5003
14995 6 2 7 1 2603 2652 2604 5004 5053 5005
14996 6 2 7 1 2604 2652 2653 5005 5053 5054
14997 6 2 7 1 2604 2653 2654 5005 5054 5055
14998 6 2 7 1 2654 2605 2604 5055 5006 5005
14999 6 2 7 1 2605 2654 111 5006 5055 307
15000 6 2 7 1 111 2654 110 307 5055 306
15001 6 2 7 1 54 55 2606 250 251 5007
15002 6 2 7 1 2606 55 2655 5007 251 5056
15003 6 2 7 1 2606 2655 2656 5007 5056 5057
15004 6 2 7 1 2656 2607 2606 5057 5008 5007
15005 6 2 7 1 2607 2656 2608 5008 5057 5009
15006 6 2 7 1 2608 2656 2657 5009 5057 5058
15007 6 2 7 1 2608 2657 2658 5009 5058 5059
15008 6 2 7 1 2658 2609 2608 5059 5010 5009
15009 6 2 7 1 2609 2658 2610 5010 5059 5011
15010 6 2 7 1 2610 2658 2659 5011 5059 5060
15011 6 2 7 1 2610 2659 2660 5011 5060 5061
15012 6 2 7 1 2660 2611 2610 5061 5012 5011
15013 6 2 7 1 2611 2660 2612 5012 5061 5013
15014 6 2 7 1 2612 2660 2661 5013 5061 5062
15015 6 2 7 1 2612 2661 2662 5013 5062 5063
15016 6 2 7 1 2662 2613 2612 5063 5014 5013
15017 6 2 7 1 2613 2662 2614 5014 5063 5015
15018 6 2 7 1 2614 2662 2663 5015 5063 5064
15019 6 2 7 1 2614 2663 2664 5015 5064 5065
15020 6 2 7 1 2664 2615 2614 5065 5016 5015
15021 6 2 7 1 2615 2664 2616 5016 5065 5017
15022 6 2 7 1 2616 2664 2665 5017 5065 5066
15023 6 2 7 1 2616 2665 2666 5017 5066 5067
15024 6 2 7 1 2666 2617 2616 5067 5018 5017
15025 6 2 7 1 2617 2666 2618 5018 5067 5019
15026 6 2 7 1 2618 2666 2667 5019 5067 5068
15027 6 2 7 1 2618 2667 2668 5019 5068 5069
15028 6 2 7 1 2668 2619 2618 5069 5020 5019
15029 6 2 7 1 2619 2668 2620 5020 5069 5021
15030 6 2 7 1 2620 2668 2669 5021 5069 5070
15031 6 2 7 1 2620 2669 2670 5021 5070 5071
15032 6 2 7 1 2670 2621 2620 5071 5022 5021
15033 6 2 7 1 2621 2670 2622 5022 5071 5023
15034 6 2 7 1 2622 2670 2671 5023 5071 5072
15035 6 2 7 1 2622 2671 2672 5023 5072 5073
15036 6 2 7 1 2672 2623 2622 5073 5024 5023
15037 6 2 7 1 2623 2672 2624 5024 5073 5025
15038 6 2 7 1 2624 2672 2673 5025 5073 5074
15039 6 2 7 1 2624 2673 2674 5025 5074 5075
15040 6 2 7 1 2674 2625 2624 5075 5026 5025
15041 6 2 7 1 2625 2674 2626 5026 5075 5027
15042 6 2 7 1 2626 2674 2675 5027 5075 5076
15043 6 2 7 1 2626 2675 2676 5027 5076 5077
15044 6 2 7 1 2676 2627 2626 5077 5028 5027
15045 6 2 7 1 2627 2676 2628 5028 5077 5029
15046 6 2 7 1 2628 2676 2677 5029 5077 5078
15047 6 2 7 1 2628 2677 2678 5029 5078 5079
15048 6 2 7 1 2678 2629 2628 5079 5030 5029
15049 6 2 7 1 2629 2678 2630 5030 5079 5031
15050 6 2 7 1 2630 2678 2679 5031 5079 5080
15051 6 2 7 1 2630 2679 2680 5031 5080 5081
15052 6 2 7 1 2680 2631 2630 5081 5032 5031
15053 6 2 7 1 2631 2680 2632 5032 5081 5033
15054 6 2 7 1 2632 2680 2681 5033 5081 5082
15055 6 2 7 1 2632 2681 2682 5033 5082 5083
15056 6 2 7 1 2682 2633 2632 5083 5034 5033
15057 6 2 7 1 2633 2682 2634 5034 5083 5035
15058 6 2 7 1 2634 2682 2683 5035 5083 5084
15059 6 2 7 1 2634 2683 2684 5035 5084 5085
15060 6 2 7 1 2684 2635 2634 5085 5036 5035
15061 6 2 7 1 2635 2684 2636 5036 5085 5037
15062 6 2 7 1 2636 2684 2685 5037 5085 5086
15063 6 2 7 1 2636 2685 2686 5037 5086 5087
15064 6 2 7 1 2686 2637 2636 5087 5038 5037
15065 6 2 7 1 2637 2686 2638 5038 5087 5039
15066 6 2 7 1 2638 2686 2687 5039 5087 5088
15067 6 2 7 1 2638 2687 2688 5039 5088 5089
15068 6 2 7 1 2688 2639 2638 5089 5040 5039
15069 6 2 7 1 2639 2688 2640 5040 5089 5041
15070 6 2 7 1 2640 2688 2689 5041 5089 5090
15071 6 2 7 1 2640 2689 2690 5041 5090 5091
15072 6 2 7 1 2690 2641 2640 5091 5042 5041
15073 6 2 7 1 2641 2690 2642 5042 5091 5043
15074 6 2 7 1 2642 2690 2691 5043 5091 5092
15075 6 2 7 1 2642 2691 2692 5043 5092 5093
15076 6 2 7 1 2692 2643 2642 5093 5044 5043
15077 6 2 7 1 2643 2692 2644 5044 5093 5045
15078 6 2 7 1 2644 2692 2693 5045 5093 5094
15079 6 2 7 1 2644 2693 2694 5045 5094 5095
15080 6 2 7 1 2694 2645 2644 5095 5046 5045
15081 6 2 7 1 2645 2694 2646 5046 5095 5047
15082 6 2 7 1 2646 2694 2695 5047 5095 5096
15083 6 2 7 1 2646 2695 2696 5047 5096 5097
15084 6 2 7 1 2696 2647 2646 5097 5048 5047
15085 6 2 7 1 2647 2696 2648 5048 5097 5049
15086 6 2 7 1 2648 2696 2697 5049 5097 5098
15087 6 2 7 1 2648 2697 2698 5049 5098 5099
15088 6 2 7 1 2698 2649 2648 5099 5050 5049
15089 6 2 7 1 2649 2698 2650 5050 5099 5051
15090 6 2 7 1 2650 2698 2699 5051 5099 5100
15091 6 2 7 1 2650 2699 2700 5051 5100 5101
15092 6 2 7 1 2700 2651 2650 5101 5052 5051
15093 6 2 7 1 2651 2700 2652 5052 5101 5053
15094 6 2 7 1 2652 2700 2701 5053 5101 5102
15095 6 2 7 1 2652 2701 2702 5053 5102 5103
15096 6 2 7 1 2702 2653 2652 5103 5054 5053
15097 6 2 7 1 2653 2702 2654 5054 5103 5055
15098 6 2 7 1 2654 2702 2703 5055 5103 5104
15099 6 2 7 1 2654 2703 109 5055 5104 305
15100 6 2 7 1 109 110 2654 305 306 5055
15101 6 2 7 1 55 56 2704 251 252 5105
15102 6 2 7 1 2704 2655 55 5105 5056 251
15103 6 2 7 1 2655 2704 2656 5056 5105 5057
15104 6 2 7 1 2656 2704 2705 5057 5105 5106
15105 6 2 7 1 2656 2705 2706 5057 5106 5107
15106 6 2 7 1 2706 2657 2656 5107 5058 5057
15107 6 2 7 1 2657 2706 2658 5058 5107 5059
15108 6 2 7 1 2658 2706 2707 5059 5107 5108
15109 6 2 7 1 2658 2707 2708 5059 5108 5109
15110 6 2 7 1 2708 2659 2658 5109 5060 5059
15111 6 2 7 1 2659 2708 2660 5060 5109 5061
15112 6 2 7 1 2660 2708 2709 5061 5109 5110
15113 6 2 7 1 2660 2709 2710 5061 5110 5111
15114 6 2 7 1 2710 2661 2660 5111 5062 5061
15115 6 2 7 1 2661 2710 2662 5062 5111 5063
15116 6 2 7 1 2662 2710 2711 5063 5111 5112
15117 6 2 7 1 2662 2711 2712 5063 5112 5113
15118 6 2 7 1 2712 2663 2662 5113 5064 5063
15119 6 2 7 1 2663 2712 2664 5064 5113 5065
15120 6 2 7 1 2664 2712 2713 5065 5113 5114
15121 6 2 7 1 2664 2713 2714 5065 5114 5115
15122 6 2 7 1 2714 2665 2664 5115 5066 5065
15123 6 2 7 1 2665 2714 2666 5066 5115 5067
15124 6 2 7 1 2666 2714 2715 5067 5115 5116
15125 6 2 7 1 2666 2715 2716 5067 5116 5117
15126 6 2 7 1 2716 2667 2666 5117 5068 5067
15127 6 2 7 1 2667 2716 2668 5068 5117 5069
15128 6 2 7 1 2668 2716 2717 5069 5117 5118
15129 6 2 7 1 2668 2717 2718 5069 5118 5119
15130 6 2 7 1 2718 2669 2668 5119 5070 5069
15131 6 2 7 1 2669 2718 2670 5070 5119 5071
15132 6 2 7 1 2670 2718 2719 5071 5119 5120
15133 6 2 7 1 2670 2719 2720 5071 5120 5121
15134 6 2 7 1 2720 2671 2670 5121 5072 5071
15135 6 2 7 1 2671 2720 2672 5072 5121 5073
15136 6 2 7 1 2672 2720 2721 5073 5121 5122
15137 6 2 7 1 2672 2721 2722 5073 5122 5123
15138 6 2 7 1 2722 2673 2672 5123 5074 5073
15139 6 2 7 1 2673 2722 2674 5074 5123 5075
15140 6 2 7 1 2674 2722 2723 5075 5123 5124
15141 6 2 7 1 2674 2723 2724 5075 5124 5125
15142 6 2 7 1 2724 2675 2674 5125 5076 5075
15143 6 2 7 1 2675 2724 2676 5076 5125 5077
15144 6 2 7 1 2676 2724 2725 5077 5125 5126
15145 6 2 7 1 2676 2725 2726 5077 5126 5127
15146 6 2 7 1 2726 2677 2676 5127 5078 5077
15147 6 2 7 1 2677 2726 2678 5078 5127 5079
15148 6 2 7 1 2678 2726 2727 5079 5127 5128
15149 6 2 7 1 2678 2727 2728 5079 5128 5129
15150 6 2 7 1 2728 2679 2678 5129 5080 5079
15151 6 2 7 1 2679 2728 2680 5080 5129 5081
15152 6 2 7 1 2680 2728 2729 5081 5129 5130
15153 6 2 7 1 2680 2729 2730 5081 5130 5131
15154 6 2 7 1 2730 2681 2680 5131 5082 5081
15155 6 2 7 1 2681 2730 2682 5082 5131 5083
15156 6 2 7 1 2682 2730 2731 5083 5131 5132
15157 6 2 7 1 2682 2731 2732 5083 5132 5133
15158 6 2 7 1 2732 2683 2682 5133 5084 5083
15159 6 2 7 1 2683 2732 2684 5084 5133 5085
15160 6 2 7 1 2684 2732 2733 5085 5133 5134
15161 6 2 7 1 2684 2733 2734 5085 5134 5135
15162 6 2 7 1 2734 2685 2684 5135 5086 5085
15163 6 2 7 1 2685 2734 2686 5086 5135 5087
15164 6 2 7 1 2686 2734 2735 5087 5135 5136
15165 6 2 7 1 2686 2735 2736 5087 5136 5137
15166 6 2 7 1 2736 2687 2686 5137 5088 5087
15167 6 2 7 1 2687 2736 2688 5088 5137 5089
15168 6 2 7 1 2688 2736 2737 5089 5137 5138
15169 6 2 7 1 2688 2737 2738 5089 5138 5139
15170 6 2 7 1 2738 2689 2688 5139 5090 5089
15171 6 2 7 1 2689 2738 2690 5090 5139 5091
15172 6 2 7 1 2690 2738 2739 5091 5139 5140
15173 6 2 7 1 2690 2739 2740 5091 5140 5141
15174 6 2 7 1 2740 2691 2690 5141 5092 5091
15175 6 2 7 1 2691 2740 2692 5092 5141 5093
15176 6 2 7 1 2692 2740 2741 5093 5141 5142
15177 6 2 7 1 2692 2741 2742 5093 5142 5143
15178 6 2 7 1 2742 2693 2692 5143 5094 5093
15179 6 2 7 1 2693 2742 2694 5094 5143 5095
15180 6 2 7 1 2694 2742 2743 5095 5143 5144
15181 6 2 7 1 2694 2743 2744 5095 5144 5145
15182 6 2 7 1 2744 2695 2694 5145 5096 5095
15183 6 2 7 1 2695 2744 2696 5096 5145 5097
15184 6 2 7 1 2696 2744 2745 5097 5145 5146
15185 6 2 7 1 2696 2745 2746 5097 5146 5147
15186 6 2 7 1 2746 2697 2696 5147 5098 5097
15187 6 2 7 1 2697 2746 2698 5098 5147 5099
15188 6 2 7 1 2698 2746 2747 5099 5147 5148
15189 6 2 7 1 2698 2747 2748 5099 5148 5149
15190 6 2 7 1 2748 2699 2698 5149 5100 5099
15191 6 2 7 1 2699 2748 2700 5100 5149 5101
15192 6 2 7 1 2700 2748 2749 5101 5149 5150
15193 6 2 7 1 2700 2749 2750 5101 5150 5151
15194 6 2 7 1 2750 2701 2700 5151 5102 5101
15195 6 2 7 1 2701 2750 2702 5102 5151 5103
15196 6 2 7 1 2702 2750 2751 5103 5151 5152
15197 6 2 7 1 2702 2751 2752 5103 5152 5153
15198 6 2 7 1 2752 2703 2702 5153 5104 5103
15199 6 2 7 1 2703 2752 109 5104 5153 305
15200 6 2 7 1 109 2752 108 305 5153 304
15201 6 2 7 1 56 57 2704 252 253 5105
15202 6 2 7 1 2704 57 2753 5105 253 5154
15203 6 2 7 1 2704 2753 2754 5105 5154 5155
15204 6 2 7 1 2754 2705 2704 5155 5106 5105
15205 6 2 7 1 2705 2754 2706 5106 5155 5107
15206 6 2 7 1 2706 2754 2755 5107 5155 5156
15207 6 2 7 1 2706 2755 2756 5107 5156 5157
15208 6 2 7 1 2756 2707 2706 5157 5108 5107
15209 6 2 7 1 2707 2756 2708 5108 5157 5109
15210 6 2 7 1 2708 2756 2757 5109 5157 5158
15211 6 2 7 1 2708 2757 2758 5109 5158 5159
15212 6 2 7 1 2758 2709 2708 5159 5110 5109
15213 6 2 7 1 2709 2758 2710 5110 5159 5111
15214 6 2 7 1 2710 2758 2759 5111 5159 5160
15215 6 2 7 1 2710 2759 2760 5111 5160 5161
15216 6 2 7 1 2760 2711 2710 5161 5112 5111
15217 6 2 7 1 2711 2760 2712 5112 5161 5113
15218 6 2 7 1 2712 2760 2761 5113 5161 5162
15219 6 2 7 1 2712 2761 2762 5113 5162 5163
15220 6 2 7 1 2762 2713 2712 5163 5114 5113
15221 6 2 7 1 2713 2762 2714 5114 5163 5115
15222 6 2 7 1 2714 2762 2763 5115 5163 5164
15223 6 2 7 1 2714 2763 2764 5115 5164 5165
15224 6 2 7 1 2764 2715 2714 5165 5116 5115
15225 6 2 7 1 2715 2764 2716 5116 5165 5117
15226 6 2 7 1 2716 2764 2765 5117 5165 5166
15227 6 2 7 1 2716 2765 2766 5117 5166 5167
15228 6 2 7 1 2766 2717 2716 5167 5118 5117
15229 6 2 7 1 2717 2766 2718 5118 5167 5119
15230 6 2 7 1 2718 2766 2767 5119 5167 5168
15231 6 2 7 1 2718 2767 2768 5119 5168 5169
15232 6 2 7 1 2768 2719 2718 5169 5120 5119
15233 6 2 7 1 2719 2768 2720 5120 5169 5121
15234 6 2 7 1 2720 2768 2769 5121 5169 5170
15235 6 2 7 1 2720 2769 2770 5121 5170 5171
15236 6 2 7 1 2770 2721 2720 5171 5122 5121
15237 6 2 7 1 2721 2770 2722 5122 5171 5123
15238 6 2 7 1 2722 2770 2771 5123 5171 5172
15239 6 2 7 1 2722 2771 2772 5123 5172 5173
15240 6 2 7 1 2772 2723 2722 5173 5124 5123
15241 6 2 7 1 2723 2772 2724 5124 5173 5125
15242 6 2 7 1 2724 2772 2773 5125 5173 5174
15243 6 2 7 1 2724 2773 2774 5125 5174 5175
15244 6 2 7 1 2774 2725 2724 5175 5126 5125
15245 6 2 7 1 2725 2774 2726 5126 5175 5127
15246 6 2 7 1 2726 2774 2775 5127 5175 5176
15247 6 2 7 1 2726 2775 2776 5127 5176 5177
15248 6 2 7 1 2776 2727 2726 5177 5128 5127
15249 6 2 7 1 2727 2776 2728 5128 5177 5129
15250 6 2 7 1 2728 2776 2777 5129 5177 5178
15251 6 2 7 1 2728 2777 2778 5129 5178 5179
15252 6 2 7 1 2778 2729 2728 5179 5130 5129
15253 6 2 7 1 2729 2778 2730 5130 5179 5131
15254 6 2 7 1 2730 2778 2779 5131 5179 5180
15255 6 2 7 1 2730 2779 2780 5131 5180 5181
15256 6 2 7 1 2780 2731 2730 5181 5132 5131
15257 6 2 7 1 2731 2780 2732 5132 5181 5133
15258 6 2 7 1 2732 2780 2781 5133 5181 5182
15259 6 2 7 1 2732 2781 2782 5133 5182 5183
15260 6 2 7 1 2782 2733 2732 5183 5134 5133
15261 6 2 7 1 2733 2782 2734 5134 5183 5135
15262 6 2 7 1 2734 2782 2783 5135 5183 5184
15263 6 2 7 1 2734 2783 2784 5135 5184 5185
15264 6 2 7 1 2784 2735 2734 5185 5136 5135
15265 6 2 7 1 2735 2784 2736 5136 5185 5137
15266 6 2 7 1 2736 2784 2785 5137 5185 5186
15267 6 2 7 1 2736 2785 2786 5137 5186 5187
15268 6 2 7 1 2786 2737 2736 5187 5138 5137
15269 6 2 7 1 2737 2786 2738 5138 5187 5139
15270 6 2 7 1 2738 2786 2787 5139 5187 5188
15271 6 2 7 1 2738 2787 2788 5139 5188 5189
15272 6 2 7 1 2788 2739 2738 5189 5140 5139
15273 6 2 7 1 2739 2788 2740 5140 5189 5141
15274 6 2 7 1 2740 2788 2789 5141 5189 5190
15275 6 2 7 1 2740 2789 2790 5141 5190 5191
15276 6 2 7 1 2790 2741 2740 5191 5142 5141
15277 6 2 7 1 2741 2790 2742 5142 5191 5143
15278 6 2 7 1 2742 2790 2791 5143 5191 5192
15279 6 2 7 1 2742 2791 2792 5143 5192 5193
15280 6 2 7 1 2792 2743 2742 5193 5144 5143
15281 6 2 7 1 2743 2792 2744 5144 5193 5145
15282 6 2 7 1 2744 2792 2793 5145 5193 5194
15283 6 2 7 1 2744 2793 2794 5145 5194 5195
15284 6 2 7 1 2794 2745 2744 5195 5146 5145
15285 6 2 7 1 2745 2794 2746 5146 5195 5147
15286 6 2 7 1 2746 2794 2795 5147 5195 5196
15287 6 2 7 1 2746 2795 2796 5147 5196 5197
15288 6 2 7 1 2796 2747 2746 5197 5148 5147
15289 6 2 7 1 2747 2796 2748 5148 5197 5149
15290 6 2 7 1 2748 2796 2797 5149 5197 5198
15291 6 2 7 1 2748 2797 2798 5149 5198 5199
15292 6 2 7 1 2798 2749 2748 5199 5150 5149
15293 6 2 7 1 2749 2798 2750 5150 5199 5151
15294 6 2 7 1 2750 2798 2799 5151 5199 5200
15295 6 2 7 1 2750 2799 2800 5151 5200 5201
15296 6 2 7 1 2800 2751 2750 5201 5152 5151
15297 6 2 7 1 2751 2800 2752 5152 5201 5153
15298 6 2 7 1 2752 2800 2801 5153 5201 5202
15299 6 2 7 1 2752 2801 107 5153 5202 303
15300 6 2 7 1 107 108 2752 303 304 5153
15301 6 2 7 1 57 2 58 253 6 254
15302 6 2 7 1 58 2753 57 254 5154 253
15303 6 2 7 1 2753 58 2754 5154 254 5155
15304 6 2 7 1 2754 58 59 5155 254 255
15305 6 2 7 1 2754 59 60 5155 255 256
15306 6 2 7 1 60 2755 2754 256 5156 5155
15307 6 2 7 1 2755 60 2756 5156 256 5157
15308 6 2 7 1 2756 60 61 5157 256 257
15309 6 2 7 1 2756 61 62 5157 257 258
15310 6 2 7 1 62 2757 2756 258 5158 5157
15311 6 2 7 1 2757 62 2758 5158 258 5159
15312 6 2 7 1 2758 62 63 5159 258 259
15313 6 2 7 1 2758 63 64 5159 259 260
15314 6 2 7 1 64 2759 2758 260 5160 5159
15315 6 2 7 1 2759 64 2760 5160 260 5161
15316 6 2 7 1 2760 64 65 5161 260 261
15317 6 2 7 1 2760 65 66 5161 261 262
15318 6 2 7 1 66 2761 2760 262 5162 5161
15319 6 2 7 1 2761 66 2762 5162 262 5163
15320 6 2 7 1 2762 66 67 5163 262 263
15321 6 2 7 1 2762 67 68 5163 263 264
15322 6 2 7 1 68 2763 2762 264 5164 5163
15323 6 2 7 1 2763 68 2764 5164 264 5165
15324 6 2 7 1 2764 68 69 5165 264 265
15325 6 2 7 1 2764 69 70 5165 265 266
15326 6 2 7 1 70 2765 2764 266 5166 5165
15327 6 2 7 1 2765 70 2766 5166 266 5167
15328 6 2 7 1 2766 70 71 5167 266 267
15329 6 2 7 1 2766 71 72 5167 267 268
15330 6 2 7 1 72 2767 2766 268 5168 5167
15331 6 2 7 1 2767 72 2768 5168 268 5169
15332 6 2 7 1 2768 72 73 5169 268 269
15333 6 2 7 1 2768 73 74 5169 269 270
15334 6 2 7 1 74 2769 2768 270 5170 5169
15335 6 2 7 1 2769 74 2770 5170 270 5171
15336 6 2 7 1 2770 74 75 5171 270 271
15337 6 2 7 1 2770 75 76 5171 271 272
15338 6 2 7 1 76 2771 2770 272 5172 5171
15339 6 2 7 1 2771 76 2772 5172 272 5173
15340 6 2 7 1 2772 76 77 5173 272 273
15341 6 2 7 1 2772 77 78 5173 273 274
15342 6 2 7 1 78 2773 2772 274 5174 5173
15343 6 2 7 1 2773 78 2774 5174 274 5175
15344 6 2 7 1 2774 78 79 5175 274 275
15345 6 2 7 1 2774 79 80 5175 275 276
15346 6 2 7 1 80 2775 2774 276 5176 5175
15347 6 2 7 1 2775 80 2776 5176 276 5177
15348 6 2 7 1 2776 80 81 5177 276 277
15349 6 2 7 1 2776 81 82 5177 277 278
15350 6 2 7 1 82 2777 2776 278 5178 5177
15351 6 2 7 1 2777 82 2778 5178 278 5179
15352 6 2 7 1 2778 82 83 5179 278 279
15353 6 2 7 1 2778 83 84 5179 279 280
15354 6 2 7 1 84 2779 2778 280 5180 5179
15355 6 2 7 1 2779 84 2780 5180 280 5181
15356 6 2 7 1 2780 84 85 5181 280 281
15357 6 2 7 1 2780 85 86 5181 281 282
15358 6 2 7 1 86 2781 2780 282 5182 5181
15359 6 2 7 1 2781 86 2782 5182 282 5183
15360 6 2 7 1 2782 86 87 5183 282 283
15361 6 2 7 1 2782 87 88 5183 283 284
15362 6 2 7 1 88 2783 2782 284 5184 5183
15363 6 2 7 1 2783 88 2784 5184 284 5185
15364 6 2 7 1 2784 88 89 5185 284 285
15365 6 2 7 1 2784 89 90 5185 285 286
15366 6 2 7 1 90 2785 2784 286 5186 5185
15367 6 2 7 1 2785 90 2786 5186 286 5187
15368 6 2 7 1 2786 90 91 5187 286 287
15369 6 2 7 1 2786 91 92 5187 287 288
15370 6 2 7 1 92 2787 2786 288 5188 5187
15371 6 2 7 1 2787 92 2788 5188 288 5189
15372 6 2 7 1 2788 92 93 5189 288 289
15373 6 2 7 1 2788 93 94 5189 289 290
15374 6 2 7 1 94 2789 2788 290 5190 5189
15375 6 2 7 1 2789 94 2790 5190 290 5191
15376 6 2 7 1 2790 94 95 5191 290 291
15377 6 2 7 1 2790 95 96 5191 291 292
15378 6 2 7 1 96 2791 2790 292 5192 5191
15379 6 2 7 1 2791 96 2792 5192 292 5193
15380 6 2 7 1 2792 96 97 5193 292 293
15381 6 2 7 1 2792 97 98 5193 293 294
15382 6 2 7 1 98 2793 2792 294 5194 5193
15383 6 2 7 1 2793 98 2794 5194 294 5195
15384 6 2 7 1 2794 98 99 5195 294 295
15385 6 2 7 1 2794 99 100 5195 295 296
15386 6 2 7 1 100 2795 2794 296 5196 5195
15387 6 2 7 1 2795 100 2796 5196 296 5197
15388 6 2 7 1 2796 100 101 5197 296 297
15389 6 2 7 1 2796 101 102 5197 297 298
15390 6 2 7 1 102 2797 2796 298 5198 5197
15391 6 2 7 1 2797 102 2798 5198 298 5199
15392 6 2 7 1 2798 102 103 5199 298 299
15393 6 2 7 1 2798 103 104 5199 299 300
15394 6 2 7 1 104 2799 2798 300 5200 5199
15395 6 2 7 1 2799 104 2800 5200 300 5201
15396 6 2 7 1 2800 104 105 5201 300 301
15397 6 2 7 1 2800 105 106 5201 301 302
15398 6 2 7 1 106 2801 2800 302 5202 5201
15399 6 2 7 1 2801 106 107 5202 302 303
15400 6 2 7 1 107 106 3 303 302 7
$EndElements
