/*--------------------------------*- C++ -*----------------------------------*\
  =========                 |
  \\      /  F ield         | OpenFOAM: The Open Source CFD Toolbox
   \\    /   O peration     | Website:  https://openfoam.org
    \\  /    A nd           | Version:  14
     \\/     M anipulation  |
\*---------------------------------------------------------------------------*/
FoamFile
{
    format      ascii;
    class       volVectorField;
    location    "82.000000000027";
    object      U;
}
// * * * * * * * * * * * * * * * * * * * * * * * * * * * * * * * * * * * * * //

dimensions      [0 1 -1 0 0 0 0];

internalField   nonuniform List<vector> 
2646
(
(0.000778028694073 -0.00414045313827 0)
(0.00117126053508 -0.00200647976858 -6.87155027958e-18)
(0.00433174932109 -0.00293719275185 -6.43377541371e-20)
(0.0160578691352 0.00209286332826 4.24038767524e-18)
(0.0027629392652 -0.012191719059 -1.37609806218e-18)
(-0.0789669634191 0.012186479923 0)
(-0.0105712625729 0.00514304854772 0)
(-0.105520695162 0.0032265219638 0)
(-0.337236610559 0.0965633953791 -1.55350271034e-16)
(-0.354868050316 0.0210469851691 4.95315692678e-17)
(-0.0645954865252 0.0386074406175 1.42794639944e-18)
(-0.367504580517 -0.0350536646335 -7.13514736899e-18)
(-0.408021102351 0.0329250251888 1.9219064495e-16)
(-0.405626775374 -0.00223683593711 3.12275021079e-17)
(-0.380126477784 0.0696345475302 3.77238267704e-17)
(-0.234680758727 -0.127737414732 8.27189995462e-19)
(-0.38519794824 -0.0579128486502 -5.6331971199e-17)
(-0.206113951088 0.10552671962 0)
(-0.350224571517 -0.100800955085 -1.84381731369e-16)
(-0.115248913991 0.0639246333665 0)
(-0.305039374484 -0.058838430295 6.13726868733e-17)
(0.00229848181421 -0.00628436286329 8.00943053247e-18)
(-0.217618654502 0.000672786106676 3.64312261943e-18)
(-0.350789743755 -0.00751846214397 -2.27440608135e-16)
(-0.217991043363 -0.0606198275034 -5.96035338623e-17)
(-0.102915843205 0.0549150019277 2.62294777318e-18)
(-0.167661578023 0.0263990959461 0)
(-0.30781731991 0.0540534697585 1.75570792777e-16)
(-0.325792201884 0.0316414575292 0)
(-0.198566692237 0.0722804140994 1.05016635649e-16)
(-0.107974696417 0.0163880487543 -7.23002436687e-17)
(2.24840903119e-05 0.00191292888831 1.71023890077e-18)
(0.000350272257571 -0.00875368400303 -1.34289819644e-17)
(-0.000743010627317 -0.0374886716697 0)
(-0.00875180284912 -0.0240327167476 0)
(-0.0634163534268 0.0417989991978 0)
(-0.274403463573 0.108006908104 0)
(-0.394278392314 0.052134826007 -1.46440768778e-16)
(-0.411231826697 -0.0417891919016 -4.89909223624e-17)
(-0.292292649998 -0.118752501867 -1.15171017971e-17)
(-0.138758352444 -0.0724857642931 0)
(-0.10737691535 -0.0717616685073 -3.49542889892e-19)
(0.000248510198519 0.00333998458539 8.34690619625e-17)
(0.000702531569854 -0.00204085384393 -1.90960453017e-16)
(0.00166615705683 0.0028277981905 4.2426678753e-17)
(-0.00913334474364 -0.0115668575385 1.6959220245e-17)
(-0.00349205758485 0.00422277967222 -1.34735119074e-17)
(-0.00241305239322 0.0992664370862 -5.98776725693e-17)
(-0.00288145879376 0.0339761679956 2.18763800739e-17)
(0.0136278002645 0.171512437417 -1.33945586145e-17)
(-0.0962829074107 0.300057438175 -1.16602448865e-16)
(0.0421991969418 0.363049668173 2.38736817537e-16)
(0.0122302401401 0.348892529197 0)
(0.0500629400724 0.308028201685 1.55904964151e-16)
(-0.0491591204781 0.072268473411 7.60620366487e-19)
(-0.0737499964132 0.125975526258 -5.70546234646e-18)
(0.0533448076701 0.227420491615 -1.42210509269e-16)
(-0.00311951414699 0.349772085142 -9.47777572396e-17)
(-0.0213866577609 0.386012043905 2.18926189815e-16)
(0.0116694947139 0.374501071108 -2.20677402055e-16)
(-0.0642695629704 0.340719119682 0)
(0.0948558782381 0.252221249477 -8.64763399259e-17)
(0.0511022474638 0.372524655929 -1.15221947026e-16)
(-0.118240223408 0.201384583166 5.80352722495e-18)
(0.0793525380822 0.338409680583 3.21522806416e-16)
(-0.0800077689458 0.121382780174 1.38713156313e-17)
(0.00859992246831 0.215614038538 7.50728006654e-17)
(0.00789246619304 0.00412408132409 -3.81448336945e-17)
(0.0564183714135 0.146421719342 6.50020428897e-17)
(-0.05596595315 0.283135301921 1.53594233626e-17)
(-0.00996264094502 0.316700727683 3.28998146211e-17)
(0.0324919919025 0.115309733531 2.33770901211e-17)
(-0.0821361656933 0.219993256806 8.9949894085e-17)
(-0.0389127338323 0.158798145245 -3.32112448717e-17)
(-0.00217815782036 0.0639939786946 -2.53211524896e-16)
(-0.015279458506 0.166756803182 0)
(0.000407258950752 -0.00301614131828 7.25031062584e-19)
(0.00275478646264 0.00242180145899 5.34392701752e-17)
(0.0227031243265 0.0566231215393 1.25837062285e-16)
(0.0112436233395 0.0660260138894 1.29682447791e-16)
(-0.0590515850253 0.0633724612839 4.2248344275e-18)
(-0.118751512983 0.259402535194 -1.09095477106e-19)
(-0.0348991064238 0.361535223136 0)
(0.0392487580818 0.379329486182 -3.10366087004e-16)
(0.0823206459672 0.28134612596 -2.93592252894e-17)
(0.064520703282 0.179493625586 2.82802870413e-17)
(0.00299307648422 -0.407495092508 1.32113079167e-16)
(-0.023570299392 -0.0897868726265 -4.77967653438e-17)
(-0.00583226258165 -0.258427449387 -6.06385890246e-17)
(-0.148513426628 -0.470658190716 2.26685378354e-16)
(-0.0567260683498 -0.54335473338 0)
(-0.0855372731198 -0.147158699346 4.42880113985e-18)
(-0.0137783100862 -0.452722397399 0)
(-0.0497491697485 -0.461387530276 0)
(-0.0168619259343 -0.430302954289 8.34224047785e-17)
(-0.0979850225298 -0.45513934042 -4.51257331759e-16)
(0.0362104564126 -0.373858919757 2.35394278158e-18)
(-0.00436253328793 -0.402717596084 0)
(-0.173837890845 -0.322682465961 2.25738024401e-17)
(0.0134476920084 -0.390410867982 0)
(-0.131599186823 -0.213342838785 -1.60072710189e-17)
(-0.0058171562849 -0.445580962028 0)
(0.00871447749526 -0.00791478222765 -2.02042182156e-18)
(-0.041234135655 -0.508715442037 -2.67512321133e-16)
(-0.0335017701089 -0.490256883828 5.8245817895e-16)
(0.0142622678463 -0.448855880908 0)
(-0.112299136507 -0.215876568852 -2.93328688469e-17)
(-0.0462021235418 -0.420120241386 0)
(-0.103570364016 -0.47483115037 -1.69579545828e-16)
(-0.0638851878843 -0.503108946594 1.88893464648e-16)
(-0.114239912379 -0.340749060173 2.54076526201e-17)
(-0.0414131192683 -0.269630631866 5.54022670303e-17)
(-0.0115208619212 -0.0112712661506 4.10118393437e-17)
(0.00412984554931 -0.0218938847111 0)
(0.00790740328633 -0.364435893277 -4.81801720088e-16)
(-0.0911985456614 -0.128934427362 -1.32555433348e-16)
(-0.16309893191 -0.398056770676 0)
(-0.0632457186398 -0.469707829083 2.72906770483e-16)
(-0.0174323811092 -0.421913145157 0)
(0.0316238161689 -0.383404901638 0)
(0.0384960280468 -0.345150409592 1.45136251562e-16)
(0.054830060246 -0.412741407975 2.3774765004e-16)
(0.0619206451684 -0.450182021586 -2.05740423257e-16)
(-0.0464024510404 -0.0306204561597 -2.39591982915e-17)
(-0.0969543189847 0.0710700965656 -8.20591456304e-17)
(0.263202367877 0.0224740051124 1.21083849342e-16)
(-0.0681716865002 0.0530781279014 0)
(0.021932009584 0.0947652888991 -7.22551867275e-18)
(0.542484225729 0.00764158415028 2.98948217607e-16)
(0.348102133567 0.00114241670104 -6.10192768895e-17)
(0.416562143281 0.0418774706831 0)
(0.354771475843 0.0946900658757 9.37792323019e-16)
(0.391747182499 -0.00429528192884 4.88401717446e-16)
(0.432473770887 0.0138881476212 1.82617793525e-15)
(0.409714985126 -0.00747172697864 -3.9139252988e-16)
(0.154346887767 0.0874032242141 9.07220531674e-18)
(0.218267422362 0.0886238875264 6.14634266707e-18)
(0.351862612517 -0.0135205311969 4.04911629121e-16)
(0.419080902687 0.0228539282953 -5.82417087226e-16)
(0.410091531789 0.0391645188757 -3.38157689334e-16)
(0.399123589596 0.0145938897029 -6.2474797174e-16)
(0.402543853463 0.052759909828 1.3554710924e-16)
(0.325635283815 -0.0321367765319 -7.46745326936e-16)
(0.386972681974 -0.00584223298961 1.03582126347e-15)
(0.270393633267 0.136547521347 -1.40094400444e-17)
(0.389066070891 -0.0555737333489 0)
(0.191674575321 0.134770736988 -5.27089008798e-17)
(0.456084914147 -0.00356395098069 6.41913641438e-16)
(0.193121755847 0.0280541571263 -7.10796946625e-18)
(0.307862540661 -0.0454522319834 -5.97198058907e-16)
(0.387439198382 0.042433936141 -1.8347466687e-16)
(0.420999978459 0.0503295105885 0)
(0.429851485113 -0.0423242821317 -4.03610734327e-18)
(0.305298540113 0.0835969323338 -3.76715781674e-16)
(0.347528773034 0.0220512093386 1.49668847989e-16)
(0.539552812877 0.0280015562749 -3.47271828715e-17)
(0.532028207737 0.00628589264859 -6.31059457877e-16)
(0.0820696512896 0.106140797809 1.83884077451e-16)
(0.30703319921 -0.0595963794025 0)
(0.0489932831321 0.0714123345059 -1.88698803692e-16)
(0.372475342562 -0.0305440074223 -4.47863285987e-17)
(0.124628334634 0.133421320987 0)
(0.326266091548 0.12732865639 4.67277003974e-16)
(0.417170803058 0.0713895479513 -4.50285172427e-16)
(0.396667128716 -0.00307533069362 -8.97965116492e-16)
(0.336173343572 -0.0430880985329 0)
(0.300097285412 -0.0806271816033 4.3899746987e-16)
(0.448387719432 -0.382130141303 -2.11608065435e-15)
(0.290601731563 -0.104769971576 3.24585948027e-15)
(-0.00668841837785 -0.469322060503 0)
(0.0212482073003 -0.309049246721 1.23251154706e-16)
(0.382669404817 -0.0104826156602 0)
(-0.41196773956 0.0301952660608 3.28326800651e-16)
(-0.410983315303 0.0153449086791 -3.2832680065e-16)
(-0.172047514041 0.108076282357 0)
(-0.188572684018 0.112381170696 0)
(-0.366811603872 -0.0839926240936 3.29414236061e-16)
(-0.375540658876 -0.102289817997 6.12957617088e-16)
(-0.0370319119458 0.0342973173814 0)
(-0.0512298415431 0.0408218284439 0)
(-0.333654535943 0.112802319234 0)
(-0.311509265245 0.125054239548 0)
(-0.368891027028 0.0833759776785 0)
(-0.35537452629 0.109718926292 4.52872521926e-16)
(-0.216585362572 -0.131741317259 -4.03977633608e-17)
(-0.198156298405 -0.117017631094 4.03977633609e-17)
(-0.0811756106732 -0.0716419979634 0)
(-0.0977079035361 -0.0920180006655 0)
(-0.0180333588629 0.387386683458 0)
(-0.000861233200699 0.379492321194 6.25106412613e-16)
(-0.113395324786 0.167704426642 -5.88569785485e-17)
(-0.122843884416 0.185352002182 -1.42211102552e-17)
(0.0636622330466 0.356534392373 3.306631089e-16)
(0.0835318861592 0.355227363611 -1.7082550147e-15)
(-0.0416272412905 0.0382038817715 -4.60764119807e-18)
(-0.051932835826 0.0528854196152 -3.89360002362e-17)
(-0.10651669056 0.299980046185 1.03509554892e-16)
(-0.122868894706 0.285366745739 -1.03509554892e-16)
(-0.0847961867978 0.329251759855 -2.88752151616e-17)
(-0.101770905843 0.32735955113 2.88752151616e-17)
(0.100997319474 0.238307375057 -1.14767984538e-16)
(0.109153942013 0.22230308689 1.14767984539e-16)
(0.0707980186559 0.134310227101 0)
(0.061307024366 0.145883186019 -8.97411810065e-17)
(-0.395390601656 -0.0953575575508 2.24231087864e-16)
(-0.267203033763 0.203692933692 -2.61793710522e-17)
(-0.0900019478764 0.0803030892779 -5.34306062469e-19)
(0.347421801911 -0.0383421937697 -5.09937983285e-16)
(0.132473989852 0.183821002424 0)
(-0.144483547966 -0.156093513292 0)
(-0.184159009422 -0.189184005786 0)
(0.326638247805 0.0765926925464 -1.92127127023e-15)
(0.266222395271 -0.111899053811 2.4226244551e-15)
(0.321254221847 0.0993671828873 1.49353638166e-15)
(0.359306804961 -0.0302410125411 0)
(-0.40197980288 -0.0834349278406 4.18592509209e-16)
(-0.11097788487 0.0999949529174 0)
(0.149343600843 0.205560192217 0)
(0.242109979539 0.209161569924 1.11804685048e-16)
(-0.0910585565237 -0.361769065789 0)
(-0.098906978245 -0.349456852218 -5.37568766326e-17)
(-0.21620117925 -0.388128885332 1.43618886122e-16)
(-0.22254565726 -0.369737391865 -2.52904862451e-16)
(-0.196595789697 -0.389818971653 0)
(-0.202811394151 -0.384399354985 -1.50517825301e-16)
(-0.240762226833 -0.316247901277 -1.96299260856e-16)
(-0.249655411064 -0.308457202757 1.50133167309e-16)
(-0.311907733736 0.208355735711 0)
(-0.333745090699 -0.197750732076 -2.22015230972e-16)
(0.270707097274 -0.115445167159 -2.22248541006e-15)
(0.276432323846 -0.0954732583123 0)
(0.291196248151 0.186459730115 0)
(0.36787981864 -0.00335994486926 -1.94478712531e-16)
(-0.412009504283 -0.0291212861529 0)
(0.169245394043 -0.103983813385 2.18192623122e-16)
(0.230714586067 0.217620116793 -3.50927641378e-16)
(0.270706100556 -0.10717612648 1.09446100822e-15)
(-0.32321394021 0.208240970651 -4.83345754801e-16)
(-0.267625397292 0.191562328672 0)
(0.361132163113 0.00271323501154 -2.15124587643e-15)
(-0.25199410622 0.19766532156 -1.62950474353e-16)
(0.319123396393 0.110057979269 2.24542361759e-16)
(0.326701631455 0.068064412377 -1.05605035148e-15)
(-0.238941996249 -0.289838601548 0)
(-0.213697492104 -0.259324614838 0)
(-0.134710969794 -0.3569613738 3.9120145429e-16)
(-0.150051510941 -0.376449187394 8.56977703119e-17)
(-0.238779100487 -0.369563454562 -5.36969758564e-16)
(-0.238005353504 -0.373133780149 6.30291729286e-16)
(-0.0779770476214 -0.357008167915 -2.28212039833e-15)
(-0.0705986822937 -0.352077936469 1.89967849151e-15)
(0.0688086718376 -0.286871549438 1.005524731e-15)
(0.00444484106221 -0.298264147682 0)
(-0.0493097292297 -0.336000190812 1.8002298472e-15)
(-0.125755243765 -0.355264051032 4.57493953642e-16)
(-0.118787997785 -0.365316606232 0)
(-0.163726607562 -0.381429786782 -9.6819389296e-17)
(-0.168168490792 -0.367918865032 -8.16347639547e-17)
(-0.0279668581504 -0.368984645218 0)
(-0.235572838711 -0.346450093636 -4.05576447395e-16)
(-0.251216804513 -0.343076722033 3.27631788108e-16)
(-0.190813045454 -0.21940815318 0)
(0.0134430983195 -0.29516393199 1.88783998145e-15)
(0.018399405818 -0.304595701046 -1.97971996128e-15)
(0.0318958089926 -0.336399698812 -2.13808874087e-15)
(0.0822032387031 -0.282673185257 -1.7903710973e-15)
(0.0805372540208 -0.27853850488 1.75899831946e-15)
(-0.0534435977383 -0.34498917695 -2.82244864276e-15)
(0.0597563278487 -0.297505125379 -3.00014629183e-16)
(-0.00195381192091 -0.310143389159 8.03616175621e-16)
(-0.0323064919256 -0.360763687469 -7.23964942575e-16)
(0.0301959137667 -0.335023362035 2.46025723614e-15)
(0.272809617676 -0.0869641803184 0)
(-0.198003645735 -0.212916275239 9.69775487703e-18)
(-0.323895656541 -0.210238880269 -6.06259376498e-17)
(-0.38918696645 0.0789022516119 7.23866378236e-16)
(0.325893905025 -0.0454370800115 -2.67818199921e-15)
(0.340064940919 0.0808652823973 -1.04802013801e-15)
(0.296199951948 0.183068960347 2.44980809941e-16)
(0.194140810252 -0.0763131615981 2.98579296544e-17)
(-0.406151691419 -0.0167396064743 -6.16552400052e-17)
(0.334638008417 0.0914458003724 -2.04159119481e-15)
(-0.378531969793 -0.0985178258737 2.75640599108e-16)
(0.359208119275 -0.0113147263072 3.40982203842e-15)
(-0.409710419617 -0.0428951479924 0)
(0.279624188877 0.1994612243 -2.71218544781e-16)
(0.21393499809 -0.103396440055 0)
(-0.345880310178 -0.191727675122 1.45288541863e-16)
(0.261792754085 0.185522582554 -3.64521170708e-16)
(-0.420585862853 -0.0433090823169 1.30538084337e-17)
(0.387895995876 -0.0158605177234 -6.41015674016e-17)
(0.227837671755 -0.138368286227 0)
(-0.408889781622 0.042481330935 -1.3118249717e-15)
(0.235092790614 -0.101723159835 -8.64774527024e-16)
(-0.36168307396 0.148350807972 7.03990011009e-16)
(-0.292055614494 0.195376730199 1.66539362627e-16)
(0.234907597913 -0.133806763722 7.98275093704e-16)
(-0.368425027528 0.0805010292768 8.89812145881e-16)
(0.25595958406 0.209941362892 2.11580634243e-16)
(0.357369879499 -0.0231125632575 1.13232722465e-15)
(-0.396643155443 -0.064974701841 -4.89624815156e-16)
(0.116564289417 0.176692184743 -6.23559457724e-17)
(-0.133690273925 -0.141023941162 0)
(0.191047047432 0.220483212513 1.33475217246e-16)
(-0.159259846102 0.12837884919 -2.43676978698e-17)
(0.0963661050638 -0.26636919839 -1.36907858455e-15)
(0.0838258588752 -0.275976391264 2.22222979269e-15)
(0.143272364555 -0.0834520016252 0)
(-0.0823272524352 0.0782781565033 5.05087603848e-18)
(0.199352567013 0.219797336737 1.80746554112e-16)
(-0.371978899438 0.155080139399 6.82318068986e-16)
(0.266302376028 0.196132118981 2.94227803669e-16)
(-0.40945556029 -0.0505988460144 -1.47666840109e-17)
(0.37074618533 -0.0178995595497 -1.11166332673e-15)
(-0.421045634487 0.0351664902922 1.55324615748e-15)
(0.318506692129 0.159062275844 -1.46581081072e-15)
(-0.346273079172 0.175327069525 0)
(0.287524948996 -0.0954649888744 1.95187609457e-16)
(-0.372326006376 -0.161131692639 0)
(0.314789715168 0.169576293801 1.29109245438e-15)
(-0.340768136573 0.175441076118 0)
(-0.368857992574 -0.175243603017 -3.55837627863e-16)
(-0.366203197546 0.102126946889 -1.43902107742e-15)
(-0.410895308855 0.0506789311719 4.59718712162e-17)
(0.237900432881 -0.115010335988 5.02685450693e-16)
(-0.171725735695 0.141545052954 5.48885340834e-17)
(-0.125819977641 0.103144787764 7.08214956041e-17)
(0.167933644044 0.202152576975 0)
(0.330446925466 0.11655843439 -8.30799330934e-16)
(0.281516640915 -0.0750610535356 2.52191377387e-15)
(0.338947299638 0.0625808620017 -1.09247222554e-15)
(0.33789501408 0.00334982921988 1.82425423296e-15)
(0.256735276065 -0.111825109158 0)
(0.268727573407 -0.0965839430162 6.13566849513e-16)
(0.203781476091 -0.0869450289978 3.47291861233e-16)
(0.298350608949 -0.0673622987494 -2.63479528937e-15)
(0.15375302703 0.261326539396 -1.55365620643e-16)
(0.192616236574 0.261142441379 4.15075647106e-20)
(0.174651310459 0.256651667334 -4.14862163222e-20)
(0.0494319728377 0.29825714656 0)
(0.0174604231681 0.181027671188 -2.17195284839e-26)
(0.0177601719016 0.139459808503 0)
(0.0176946303848 0.099977623111 -3.38019202598e-15)
(0.27565352851 0.214924779736 8.92140323732e-16)
(0.0384174197894 0.326005526843 1.91653922714e-15)
(0.017146747385 0.0621310026941 0)
(0.10298622989 0.373514347149 8.28005724696e-27)
(0.027762496267 0.335295217077 -1.91653922714e-15)
(0.0840538386672 -0.0734230182971 0)
(0.1696955518 0.265978143538 3.41820036701e-19)
(0.0495890191691 0.247281453472 0)
(0.362058644015 0.0448575064034 -1.15008223297e-15)
(-0.213778325693 -0.308732324184 -1.4631528177e-15)
(0.0159790892406 0.0250848483973 1.34281318843e-26)
(0.241775530859 0.223289416002 0)
(0.0579166741551 -0.102919057188 -3.52051655689e-15)
(0.144943035234 0.0707430370341 0)
(0.0890865436386 -0.0364257282376 -4.60745928538e-17)
(0.0140815194739 -0.0120365850708 -3.72892089682e-15)
(0.0840486400427 0.0517271916369 0)
(0.143896325075 0.0364512209693 0)
(0.13112030358 0.0303299671639 1.2282003193e-26)
(0.0158960894075 0.4062922328 0)
(-0.424303337258 -0.00214264715807 0)
(-0.138917368482 0.361994982782 0)
(0.14147562123 0.00278062178087 0)
(0.00632476575075 0.188239564716 2.9216626074e-15)
(0.395407827495 0.00830845213481 1.35681464411e-16)
(0.0387010000103 0.307326638011 0)
(-0.201827532186 -0.316738673529 7.54774264026e-16)
(-0.15592455698 0.344366710899 0)
(0.00668080658643 0.146243012756 -2.26405341079e-26)
(-0.143710271452 0.35241199822 0)
(0.0150592632152 0.400198501502 0)
(-0.131921881363 0.281229385959 0)
(0.00670662269666 0.106309628774 3.38019202598e-15)
(0.132670884576 0.100473159717 0)
(-0.215812682926 -0.224767271926 -1.93699633665e-15)
(0.371759914231 0.0086834943108 -1.42046051918e-16)
(0.144790612858 0.106450235298 0)
(0.0400335244554 -0.079486483894 6.62519501171e-27)
(-0.192298986873 -0.257524820313 -1.88242520265e-15)
(-0.204295326909 -0.248544098488 1.88242520265e-15)
(0.0769694397579 -0.0435814424205 7.18045548161e-15)
(0.108270100744 0.125750397044 3.10008517189e-15)
(0.364070095816 0.0304483600273 -1.1989971395e-15)
(0.374002682331 0.0226705738281 -1.21995697169e-15)
(0.080630312541 -0.00740853846073 0)
(0.277079330083 0.205160567482 -5.77023647931e-16)
(-0.143877147589 0.273591700188 3.61982532963e-27)
(-0.00192267246204 -0.084208800207 0)
(-0.126260277713 -0.119075968571 0)
(0.006285398914 0.0680791368275 1.27795842595e-26)
(0.264045615969 0.217027037236 -1.38460666732e-15)
(0.372672828937 0.0386095613344 1.19261720361e-15)
(0.275663147049 0.217181706897 -7.0456032882e-16)
(0.224497262324 -0.0666220033264 -1.33725451285e-15)
(0.00516846734755 0.396131775888 0)
(-0.0600719098836 0.160786705423 0)
(-0.037961297722 0.188719995453 0)
(0.104094077307 -0.00560821231452 7.01916354745e-15)
(0.0385613872094 0.255449792995 0)
(-0.0128219901156 -0.0919731915173 0)
(0.00627445751099 0.386364460466 0)
(-0.0247277324812 -0.113989019223 0)
(-0.0489321269733 0.167560295536 -5.32921984383e-27)
(-0.0595768080488 0.119732328709 -3.17395742067e-15)
(-0.0490620312066 0.181781266301 5.32921984383e-27)
(-0.189761962771 -0.183566312466 0)
(0.00529924298422 0.0307444642089 0)
(0.0102568578649 -0.0632035542014 1.35313082819e-26)
(-0.059371491645 0.0802841318068 0)
(-0.0483111570639 0.0866795665946 -1.22216771649e-26)
(-0.153241425024 -0.146176530741 0)
(-0.0484850606974 0.126255611765 0)
(0.0286872561046 -0.0873481345094 3.6473202083e-15)
(0.055844386978 0.395831320607 -1.05813072445e-15)
(-0.0594219651629 0.0673196823242 0)
(-0.0705197050295 0.0609398564628 -3.39285520925e-15)
(0.255117892994 0.213446495059 1.38446937706e-15)
(-0.0430973841452 0.397505891535 -1.01319749096e-27)
(-0.203947199492 -0.233130844893 1.93699633665e-15)
(-0.187457139956 0.215842328442 -1.95314803137e-16)
(-0.0537272188744 0.391325879793 -2.32075508818e-27)
(0.0159484293008 -0.109273656154 3.59985604554e-15)
(0.0926639756356 -0.000763400682968 -3.53296637519e-15)
(-0.0773810720085 0.385545399564 0)
(0.0481361340578 -0.0980262790538 3.5205165569e-15)
(-0.0598174077795 0.0290453116735 0)
(-0.17016117747 0.347953938857 -6.15946497489e-28)
(0.0698033350026 -0.0945717359962 0)
(-0.0442965500093 -0.252186599072 1.46132438392e-15)
(-0.0632256930984 0.391299048225 8.93354535307e-28)
(-0.430051106678 0.0344824537863 5.63528187983e-16)
(-0.0169511560692 0.404450134846 0)
(0.395638619141 0.0292614404769 2.05120545655e-15)
(-0.0344432434647 -0.39768740618 0)
(0.130279158739 0.0188936724882 -1.2282003193e-26)
(0.144508668845 0.0478230191408 -3.22525979041e-15)
(-0.102861121577 0.3738576372 -1.21391817595e-15)
(-0.117468729593 0.366519763912 -4.54228591253e-27)
(0.161564502683 0.232714417885 -1.89941537201e-16)
(-0.390096865866 -0.131270204094 3.94646711679e-16)
(0.0718983500286 -0.0813319071444 0)
(-0.166120433532 0.195449151571 9.42744831752e-17)
(-0.0296343104171 -0.174014991769 0)
(0.0961902298296 0.168985088636 5.42225889233e-17)
(-0.0994023076931 0.377055284128 0)
(0.119614827939 0.0470612159982 3.38420897673e-15)
(-0.12803852523 0.368455343165 0)
(0.116580779943 0.000973299474268 -3.48619717226e-15)
(-0.0865284924615 0.384146373814 8.03608343424e-28)
(-0.0398929756477 -0.183079052895 1.97361126692e-19)
(0.141876529752 0.216310678997 0)
(-0.0207919798187 -0.180763152301 -3.33314416726e-15)
(0.142563448954 0.0140785797906 -3.30420103816e-15)
(-0.0104204056133 -0.171503976389 3.33314073447e-15)
(-0.127759066294 -0.12476571445 0)
(0.0845138921705 0.0637600186835 0)
(0.107628599871 0.0524604816528 -3.38420897672e-15)
(0.0956189073056 0.0462519563106 -6.32769754966e-27)
(0.132100512202 0.301839702252 0)
(0.144663009307 0.118761596428 0)
(0.128474394607 -0.00370790281903 0)
(-0.000778056609249 -0.070684350219 0)
(-0.0489721543677 -0.17601001947 0)
(-0.138898765652 0.0222910886928 3.2313541252e-15)
(0.119929680524 0.188984031384 0)
(0.132458495194 0.0647829516566 -2.38677178626e-26)
(-0.218241209104 -0.179407479763 0)
(0.0905305233857 -0.0242835237554 -4.31206546591e-17)
(-0.388227701971 -0.12073158284 0)
(0.103889855823 0.364751123817 0)
(-0.423472189634 0.0111545547585 0)
(0.398468488026 0.0120029693649 0)
(0.00705877142022 0.403030292123 1.10963057585e-15)
(-0.130483306942 0.233097784037 -2.27387885108e-15)
(0.09506044825 0.200873727589 0)
(0.120338138475 0.11921260098 0)
(-0.118318656795 0.210941506781 0)
(-0.434339908506 0.0402675553139 -2.68311779373e-16)
(0.388714152655 0.0351169380194 9.91780979753e-16)
(-0.0405865427565 -0.381940106076 1.78137566647e-15)
(0.00364156416125 -0.00655111810645 -2.70976542711e-26)
(-0.158274790239 0.331773728048 0)
(-0.0380045059172 0.403653743102 -9.93931384429e-16)
(0.225460795936 0.247801643472 0)
(0.238494736938 0.237756135785 0)
(0.106197597878 0.207943516002 4.5486926121e-27)
(-0.14560725624 0.307559238501 -1.15665312477e-26)
(0.129495953103 0.207254602706 0)
(-0.145029215405 0.324725384338 1.15665312477e-26)
(-0.132195170765 0.298836851787 0)
(0.35828370112 -0.0578220349541 2.81037274387e-15)
(-0.13885614544 0.00922058408029 -3.18953716924e-15)
(0.392818778858 0.0450722155055 -1.94040281053e-15)
(-0.0493167101176 -0.398924849993 -4.1429072013e-15)
(0.382655168685 0.0582811553945 -1.05563596989e-15)
(0.0373672864946 0.378362860792 0)
(-0.0564625778814 -0.383664033908 1.9367382813e-15)
(-0.160965437059 0.344671842679 5.41622238629e-16)
(-0.429378487595 0.0399639498873 0)
(-0.424677587416 0.0515228961094 0)
(-0.0343251040324 -0.107840300206 -1.30901078033e-26)
(-0.130812313112 0.24859602528 -5.73801094521e-17)
(0.10763318382 0.367023480112 0)
(0.0202237481825 -0.0686196882701 -1.33772145109e-26)
(-0.0220378166522 0.409341553853 1.07788742745e-27)
(-0.0599243636938 0.146825269551 0)
(-0.0139816979195 -0.105941635148 0)
(0.10740257867 0.165431211346 0)
(-0.18192392153 -0.136800135899 0)
(0.108269081969 0.221341919503 0)
(0.12917580037 0.222338818174 0)
(0.204878492334 0.204627393641 0)
(-0.0296927747978 0.403669119327 0)
(-0.143418854674 0.256795164823 -2.10596186306e-15)
(-0.210676127806 -0.286924587745 0)
(-0.0053422129499 0.402776373506 0)
(0.222114352386 0.262634535881 0)
(-0.398869135462 -0.0842298970273 0)
(0.0759749161576 0.3732731482 0)
(-0.0930604119809 0.0222970141231 0)
(-0.0380665812975 0.203195636942 0)
(0.00642953670025 -0.103689435296 -3.59985604553e-15)
(-0.0706101744046 0.0480448169743 -3.45401508045e-15)
(-0.225370722045 -0.161774302983 -2.22359335052e-16)
(0.0270814452011 -0.101060203144 -3.28556631905e-27)
(0.374305980335 -0.032827181633 9.66086918897e-16)
(0.010818172485 -0.367546859517 -1.83476623193e-15)
(-0.0594934572176 0.106338624065 0)
(0.345174644927 -0.0610690828064 -3.19535905455e-17)
(-0.0573931777944 -0.153542741997 0)
(0.0951917256317 0.178274771278 0)
(0.227563894409 -0.0561421429798 -1.36748875207e-15)
(0.00474989430959 -0.200816737008 1.6084055377e-15)
(-0.104323151956 0.0286307261637 3.35239860914e-15)
(0.107125826728 0.179174263877 0)
(-0.00171855962921 -0.177894408099 -2.00211267097e-19)
(-0.357961142054 0.18984621456 0)
(0.0175566082202 0.166889513523 2.1719528484e-26)
(0.254695362539 -0.0696159610848 0)
(0.0832255303214 -0.217882886629 0)
(-0.0596037019075 0.0418488430468 0)
(0.108161640726 0.138683074211 0)
(-0.0818762750516 0.0287585191544 0)
(-0.0708728103787 0.02256384611 0)
(-0.334024953859 0.193391715186 1.32536417656e-15)
(0.140602742365 0.246121266597 0)
(-0.387676871497 -0.110611846217 -2.4011942842e-16)
(0.0499908378923 -0.0845173948161 0)
(0.0958798299627 0.366810191273 -9.20972729701e-16)
(-0.0483007016071 0.0997849692859 1.22216771649e-26)
(-0.0485873924713 0.139909012849 -3.12007241558e-15)
(0.0101364032125 -0.363607580315 1.78364558977e-15)
(-0.206922479192 -0.187753932991 -2.29583095536e-15)
(0.00271223371803 -0.359750129926 3.51320045712e-15)
(0.0742831816617 -0.186614815009 0)
(0.0177556567265 0.126022403145 0)
(-0.11569191872 0.0222025511217 -3.35239860914e-15)
(0.368849652516 -0.0509919624114 -9.61037911196e-16)
(-0.0480021170705 -0.160396611635 0)
(0.085999684152 -0.0607109863394 -4.38741943408e-17)
(0.362589887933 0.016075671324 1.20951394281e-15)
(-0.25225572947 -0.189880309403 -1.37122431625e-16)
(0.140949643813 0.229991859478 -2.22385028093e-15)
(-0.35688585437 0.188113963396 -9.83130582627e-16)
(0.0175328815496 0.0871554900006 0)
(0.119416598449 0.158262367211 5.20677998156e-27)
(0.0140048451988 -0.350403199204 0)
(0.218818400043 0.196163428895 -9.4409299808e-16)
(0.123617841013 -0.103001647408 0)
(-0.00859678250388 -0.366216698537 0)
(-0.174675134752 0.00301677090673 0)
(-0.43144365464 0.0162681682517 -5.86033442986e-16)
(-0.00948898437072 0.407559735459 -1.10963057586e-15)
(0.392721117888 0.0236035401415 -2.0484007008e-15)
(-0.30946078433 -0.176356950376 0)
(0.0169543012874 0.224685704487 2.63646154482e-15)
(-0.257633166174 -0.326776977613 -6.03161102563e-16)
(-0.268823495247 -0.318650066399 0)
(0.0495199127146 0.280499950304 0)
(-0.127287051192 0.0286779009384 -3.2313541252e-15)
(0.134514139232 -0.106397749699 0)
(-0.00278239765194 -0.355103762374 -1.28788508871e-15)
(0.142123939252 0.185049372722 -1.13063416973e-27)
(-0.225518812486 0.256857000006 -2.93200236023e-16)
(0.0369068773685 -0.170207311378 0)
(0.209841483503 0.272475499252 0)
(0.136868099424 0.231339366788 1.54869802635e-16)
(-0.00149127623904 -0.373371653458 -1.09572584827e-15)
(0.119670364428 0.145012951094 -5.20677998156e-27)
(-0.346528861154 0.198429437948 1.06564275413e-15)
(0.141737872939 0.199376409698 1.13063416973e-27)
(0.0282659953554 -0.164751453823 -3.31379885545e-15)
(0.139165120614 0.252510605252 -3.72304583891e-16)
(-0.316377088038 -0.158073112272 0)
(0.119439254893 0.303848830081 0)
(0.119549830719 0.27335018816 0)
(-0.416338541882 -0.0168635153626 0)
(0.0209404863469 0.400155136978 0)
(-0.363029316865 -0.144332001797 8.95037851053e-17)
(0.0167848609697 0.0496476586128 0)
(0.107588278466 0.343006883341 6.41792867777e-16)
(-0.277782160165 0.235470350877 -1.46718679653e-15)
(0.0794621213016 -0.0194934061627 3.58078265114e-15)
(0.108403210548 0.207080161839 0)
(-0.174543733689 -0.0101867264003 6.01956715488e-15)
(-0.292709777782 0.243212280487 4.63139295606e-21)
(0.397010543378 0.00585014862846 0)
(-0.0188362752427 -0.395521552317 0)
(0.12853613133 0.272750631854 0)
(0.281398209705 0.204375429555 -3.57558511215e-16)
(0.37366795281 0.0520035744945 1.11103817352e-15)
(0.145149183 0.0824578551849 0)
(-0.268498384699 -0.298443480906 0)
(0.338866111093 -0.0703929722854 2.60115878886e-15)
(-0.209913218148 0.302159482092 0)
(-0.213971069922 -0.307605277231 0)
(-0.398775446143 -0.106328250674 -5.2247352197e-18)
(0.315250683069 -0.0742692698006 1.19262252529e-15)
(0.308212548942 -0.0678252275242 -1.2943079429e-15)
(0.118065699045 0.200159201652 0)
(0.332063998347 -0.0684322169026 -8.41825533881e-16)
(0.0627971689421 -0.299577948394 1.95150533715e-15)
(-0.231915718961 0.208129290659 1.92400727791e-15)
(-0.198486059623 0.133175139715 -5.52086770932e-17)
(-0.248546280959 0.233103958806 0)
(0.11966174116 0.322335131094 0)
(-0.340607358972 -0.16408161042 0)
(-0.0239080824869 0.40156169091 -1.07788742746e-27)
(-0.399054813858 -0.104959172797 2.46594612908e-16)
(0.0850666388746 0.375416303776 9.209727297e-16)
(-0.0341607390226 0.396921351759 0)
(-0.127475229386 -0.3085328812 -1.10160602756e-15)
(-0.150557144224 0.00275331700911 6.30694557962e-15)
(0.130948309923 -0.11953611515 0)
(-0.264662761648 0.24207982932 1.46717847846e-15)
(-0.280828841971 -0.291363036115 0)
(0.0570129712962 -0.165308963927 -3.23149299694e-15)
(0.229958514957 0.217631004013 8.55198380529e-19)
(-0.0539844531905 -0.261932013577 -1.09404231222e-17)
(-0.138527892577 -0.301649142929 0)
(-0.222235634849 -0.280751927536 0)
(0.0174795634986 -0.174420624043 3.31398580939e-15)
(-0.00355026603165 -0.1942042094 1.01101339216e-18)
(-0.206208832807 0.241939035712 -3.4905758847e-17)
(0.36725980607 -0.0396495713769 0)
(0.0445532972876 -0.313286786967 8.30774030212e-16)
(-0.247215188339 0.216905180937 0)
(0.137997756437 0.251088843377 3.72304583894e-16)
(0.14180123991 -0.122587325947 -2.89273021164e-15)
(0.0611218037224 -0.299392296073 4.51685971772e-17)
(0.130543706049 0.178368535128 0)
(0.0103147690549 -0.348882921486 -2.48254997675e-15)
(-0.162825778961 0.352297237396 -1.77786837777e-27)
(0.102837808529 -0.0174300937693 -3.53766199648e-15)
(-0.0593247168227 -0.18490030318 0)
(0.0482046930883 -0.160263770693 3.23149299694e-15)
(-0.139854315984 0.189087424111 5.49826165469e-17)
(0.206079914808 0.286735027425 1.26197828481e-15)
(-0.215728057746 -0.209408426735 0)
(0.143216600031 -0.0697261689353 2.42450765468e-20)
(-0.239809344342 -0.195854903657 9.01599592201e-17)
(0.0888110913139 -0.18829966138 -3.26447809534e-18)
(-0.0791287447192 -0.186390190108 3.12153160701e-15)
(-0.0156040051701 0.399844341178 0)
(-0.405831817394 0.0872673745852 0)
(0.106029810606 -0.179079767071 3.24659355693e-18)
(0.00884506873208 -0.168420827722 0)
(-0.34671621671 -0.148986530701 0)
(0.106209913462 0.326107349678 -6.41792867777e-16)
(0.128771651078 0.254599394399 -2.1827404279e-15)
(-0.0118665381585 -0.383996267472 0)
(-0.0686561856648 -0.177668944547 0)
(0.060389458911 0.271910871301 0)
(0.183836238434 0.054216247427 3.03423307815e-15)
(-0.186661714505 -0.0167243522133 -8.34905988798e-17)
(0.210824184367 0.0987909994157 -2.73113921664e-15)
(0.0153845212282 0.0126340527876 -1.34281318843e-26)
(0.0152026324417 -0.190784772646 0)
(-0.116524766829 0.0844287601069 3.1254525334e-18)
(-0.0539632756956 -0.0953237318579 0)
(-0.411168778968 0.0762088236713 0)
(-0.118494226069 0.225526470642 0)
(0.0508942889238 -0.315716123675 -1.53153371791e-15)
(0.0574329879003 -0.310417612687 1.76663702853e-15)
(0.00244238554659 -0.336363773359 -2.29033379953e-15)
(-0.147614793292 0.108800671787 7.8915456687e-17)
(-0.229423153006 -0.234593542491 1.71611937245e-15)
(0.143688951674 0.144298977021 0)
(-0.292951203195 -0.263482002201 5.81522695273e-16)
(-0.138408458922 -0.285042032983 2.1716785231e-15)
(-0.042954097902 -0.366126892312 0)
(-0.253673224014 -0.345574380197 -1.80909767652e-18)
(-0.111666518348 0.342023577517 0)
(0.0715994830686 0.280539338152 0)
(-0.355088046074 0.123222371432 0)
(-0.17217069944 0.304129533334 0)
(-0.242298930083 -0.226976415457 -1.71611937245e-15)
(0.0779734549877 -0.159720406933 3.14912153175e-15)
(0.242738177573 0.242056137117 0)
(-0.140920370986 -0.253373960343 0)
(0.000827037116079 -0.378806773534 0)
(0.359930122416 0.107212867463 0)
(0.335351460854 -0.0693995876571 -2.61900576022e-16)
(0.0385330260451 0.362347304255 1.69501184295e-15)
(0.0341001402598 -0.186209884823 1.59066467941e-15)
(-0.279947338733 -0.271253355808 -5.81943074836e-16)
(-0.306728719156 -0.272551516123 0)
(-0.286171547991 -0.208673397396 5.03395392738e-17)
(-0.162660692003 0.00944431453094 -3.11740841037e-15)
(0.0424179336589 -0.191790756013 0)
(-0.238634893884 -0.293855864278 0)
(-0.262937944961 0.149578604426 7.93617165342e-17)
(0.257884564926 0.22340445055 -6.852354952e-16)
(0.256733807412 0.0397714139697 4.15150449304e-15)
(-0.31988003659 0.1999725431 -1.32293915995e-15)
(-0.130255277251 -0.26178516707 -2.46302119864e-15)
(0.197631771951 0.0489996393455 -3.03348508599e-15)
(0.23378890732 0.256776249244 2.72146145104e-28)
(-0.166350160115 -0.150162568604 0)
(-0.389532178654 0.0942624610301 0)
(-0.28572227165 -0.306300149879 7.4607294887e-18)
(0.194103959694 0.155244404343 -2.45325932278e-15)
(0.0936510650835 0.148794914051 -7.69986515494e-18)
(-0.0902702927373 -0.101207823058 0)
(0.216712855243 0.282137405405 -7.41369916958e-28)
(-0.255447663712 0.151269158197 -2.03307473805e-15)
(-0.392327400124 -0.122298493101 -3.96508776996e-16)
(-0.0678710541004 -0.162026016041 0)
(0.184124090384 0.0653028063351 -1.85548849094e-19)
(0.216379617418 0.226650617644 0)
(-0.142511123008 0.225915852788 2.27387885108e-15)
(-0.110321649777 -0.279578217041 1.19035119154e-15)
(0.128437604459 0.271673931908 0)
(0.140435842674 -0.0818578578588 -2.42450546582e-20)
(-0.186526579821 -0.0300560762691 -2.66048031269e-27)
(-0.277948993732 -0.323236024776 0)
(-0.383432256585 0.138915232394 0)
(-0.130381402935 -0.27753003007 0)
(-0.331559621158 -0.184069027397 1.16121039662e-15)
(-0.174200195647 -0.0504657706294 -2.7202273323e-27)
(0.132134675823 0.125356770698 1.06513728187e-26)
(-0.226416978814 0.142718877052 -1.39606795545e-18)
(-0.14785453851 0.35983205108 0)
(0.105517785724 0.254850545592 -2.2854289692e-15)
(0.225624452056 0.274224927703 7.41369916958e-28)
(-0.293000688899 -0.296635940629 0)
(0.0689192915354 -0.155247492676 -3.14912153175e-15)
(0.132028912532 0.0531518324362 2.38677178626e-26)
(0.211665739747 0.0545232681599 0)
(0.100162109815 -0.0409806917296 -3.52475105222e-15)
(-0.179056404803 0.204846804984 2.23736137442e-15)
(-0.304359810543 -0.287909781068 -7.00024476849e-16)
(-0.304087601461 -0.289291033386 6.83325204299e-16)
(-0.162383127093 0.205136906821 -9.42744831754e-17)
(0.148199560614 -0.138643339034 2.71265564118e-15)
(-0.305137729502 0.235478088638 0)
(0.105272649181 0.27178908096 -1.97745831848e-27)
(0.235391806595 0.262847952839 3.94039092747e-28)
(0.049454253377 0.353536708746 -1.69501184292e-15)
(-0.228215500328 0.135177265019 0)
(-0.174211742495 -0.0369848475592 2.7202273323e-27)
(0.0604372393923 0.32630298412 -1.85372048651e-15)
(-0.190986305042 0.183708826087 0)
(-0.377935178128 0.135236367195 0)
(0.0743775079438 -0.175306418126 -2.98520875947e-15)
(0.205069734129 0.297320215589 -8.77575145341e-16)
(-0.178576227153 0.190390528941 0)
(-0.211639622817 -0.0162454631353 0)
(-0.0333612201965 -0.0937998819593 1.30901078033e-26)
(-0.057462252841 0.382499746532 2.32075508818e-27)
(-0.23077253861 0.192687849202 0)
(0.0938088643322 0.298385712358 0)
(0.211973586363 0.287476488833 -4.63471183823e-28)
(-0.00202097197384 -0.254199558253 -1.49306007649e-15)
(-0.240393136162 -0.31690542549 1.25163745806e-15)
(0.364448686087 0.0639018272743 -1.78185956227e-15)
(-0.258856796406 -0.238629996885 0)
(0.0826023953693 0.271791717182 -1.02844408803e-27)
(0.326702021673 -0.0776510080426 0)
(-0.24289852577 0.171732148892 -6.1013077723e-20)
(0.175728004199 -0.0916354109418 3.55148769356e-19)
(0.00780479820609 -0.0898283116798 -1.32204071624e-26)
(-0.241180743777 0.143581203566 0)
(0.256896784536 0.0492897493889 2.64751826587e-15)
(0.187445640787 0.276723935957 0)
(0.0953290604482 0.186605800094 0)
(0.0379034960528 0.0260078082023 -7.29465967892e-15)
(0.226357321833 0.0492679598812 0)
(-0.315929127945 0.239721924443 0)
(0.0605849787913 0.307404944348 0)
(0.118395683477 0.185889543713 0)
(-0.389437935571 0.108633465622 0)
(-0.0691712854147 0.374429969165 0)
(0.0940846050058 0.280491379401 0)
(0.0438049366214 -0.232124219597 2.81618375315e-15)
(-0.0362279753355 -0.260129495466 -2.93217216276e-15)
(0.0153674480567 -0.249329614456 1.48508484265e-15)
(0.241239798212 0.034076374125 -2.78605278853e-15)
(-0.261611170118 -0.258392337356 0)
(0.315008414305 -0.0714440015435 2.22273705961e-15)
(0.0233926325888 -0.196693808497 -1.5906543086e-15)
(0.0713317190846 0.298457616134 0)
(0.00814783904503 -0.243113834625 -3.00091401163e-15)
(0.199841672355 0.267449480133 0)
(-0.11966204621 -0.286534736618 -1.19109289521e-15)
(-0.0844762411101 0.373417952969 0)
(0.0497827282114 0.335201232481 -2.59827442035e-26)
(-0.186198480057 -0.0573429388748 0)
(0.0716442608457 0.246998133032 0)
(0.126060422372 -0.197093061592 1.22648577104e-15)
(-0.154740100754 0.218337712045 6.03096367545e-29)
(-0.280860850349 0.110868946681 -7.93260037102e-18)
(0.0502831766904 0.201998595273 0)
(-0.404442351672 0.0966521811163 0)
(0.244124503081 0.252988732451 8.93213865989e-16)
(0.0324408795705 -0.244290620107 0)
(-0.244090898368 0.186573568057 6.10131942232e-20)
(-0.232484871065 -0.161331005275 2.22359335052e-16)
(0.188389826902 -0.0940803789914 8.39915449998e-20)
(0.197568364429 0.0708446371599 -3.54192552698e-19)
(-0.0158484073897 0.386573371604 0)
(-0.173959577627 0.242607479728 -6.03096367544e-29)
(-0.139824370515 0.183099553829 -5.49826165469e-17)
(0.182370706171 0.0216660413614 0)
(-0.154307833892 0.204200421144 -2.18970164917e-27)
(-0.0708723447038 0.35993812796 0)
(0.181958529179 0.136317433414 -2.65425046846e-15)
(-0.248771769144 -0.265289589894 0)
(0.294447669351 0.153415694032 -9.44529148758e-16)
(0.0188870890412 -0.0820088765998 -3.64732020829e-15)
(0.214713203906 0.242299932813 0)
(0.140343762221 0.280029085356 8.25220822791e-28)
(0.0828776722806 0.30739556394 0)
(-0.240841396089 -0.209856475609 0)
(-0.0298036980597 -0.287533749818 1.49518432964e-15)
(0.204373889398 -0.0852942957697 -1.33904210649e-15)
(0.116536732262 0.298219802903 0)
(0.0828228733029 0.25505216601 1.02844408803e-27)
(0.0249403475873 -0.237536245613 1.18118041596e-17)
(-0.0940148975486 0.140592608773 0)
(0.156495620242 -0.113022001095 2.89276349778e-15)
(-0.00930130459782 -0.246936878459 2.95333695006e-15)
(-0.0189222752506 -0.257832466899 -2.96831276681e-15)
(-0.0778844993991 0.0641553263327 0)
(-0.0764315076577 0.0779430625682 0)
(0.255583666522 0.239672410028 -8.93213865989e-16)
(-0.228060012409 -0.185990583957 -7.23520642653e-27)
(-0.311291276568 -0.0656892945602 0)
(-0.0102829097551 -0.387988800295 1.11883540535e-15)
(0.382622453966 0.082304635026 0)
(-0.166697482081 0.211647179879 -2.23736137442e-15)
(0.197113105892 0.0382560112006 3.08117845008e-15)
(0.0286932294006 0.159884267556 -2.25656472071e-26)
(0.120180788563 0.0704179821375 -3.3218157991e-15)
(-0.366782664957 -0.124791425774 0)
(0.095874668726 0.351632580934 0)
(0.0271037657754 0.0315487542678 3.65516837438e-15)
(-0.107897039941 0.373280411968 -7.08675456384e-28)
(-0.31147677209 -0.0514330968041 2.77006960537e-15)
(0.20400246724 0.21985297348 0)
(-0.142203530814 0.211177561654 2.11287243663e-27)
(0.183943994283 -0.106173121395 -2.65970840369e-15)
(0.0605219739786 0.255261683953 0)
(-0.295955922727 -0.0731036392159 1.00476287136e-15)
(0.117635139522 0.0125558739744 -6.28331968882e-27)
(-0.0898333470828 -0.313593071034 1.24068089807e-15)
(-0.29422763432 -0.29836758455 0)
(-0.261186132956 -0.275209233622 0)
(0.21226480916 0.273516220999 -5.10132262058e-28)
(-0.15044423875 -0.0370265498881 -3.19430118082e-15)
(0.0609408779495 0.223929263564 0)
(-0.229243567823 -0.32230392302 6.44083366235e-17)
(-0.266372635478 0.103768511114 -1.11282944705e-15)
(-0.15066226916 -0.260493727121 0)
(0.25211940978 0.233164452498 5.11805649556e-16)
(0.0718609422592 0.231380458858 0)
(-0.0964111565874 -0.334593258069 -1.72918590088e-15)
(0.0392863199894 -0.208582050099 0)
(0.197564312541 0.0820189151717 -2.82388921866e-15)
(-0.268054542814 0.136294926999 1.15930676547e-16)
(-0.146631077561 0.259918059085 0)
(0.128768134631 -0.159583203521 -3.18374188617e-17)
(-0.146085406302 -0.325517288741 0)
(0.183177248448 0.0324948143526 -3.08117845007e-15)
(-0.0604731131713 0.334120538717 0)
(-0.295749024913 -0.087185277527 -3.74425657697e-18)
(0.117034191214 0.246418999752 2.1827404279e-15)
(-0.177914023961 0.148954348692 2.54480048565e-15)
(0.13447470165 -0.198599653079 1.13436189966e-15)
(0.256164835741 0.0197215452466 0)
(-0.0999089862883 -0.288189604781 2.48471921849e-15)
(-0.0887854136136 -0.178916555586 -3.12152114177e-15)
(-0.23684536654 -0.0154815884766 0)
(0.221045173108 0.260031937756 -2.72146145104e-28)
(0.163594815479 -0.128426861552 -8.16102295138e-17)
(-0.169592693541 0.275026555919 0)
(0.0396537089115 0.166669899906 -3.01911695331e-15)
(0.117303036685 0.23047237163 0)
(-0.0200390094138 -0.276851468501 1.12492080166e-17)
(-0.0709194412636 0.0630087991412 -1.12841621943e-18)
(-0.272735081767 -0.231713669418 -1.34710142382e-15)
(0.373283737429 0.0979166455418 0)
(0.153910204051 -0.00173643999054 2.99402449109e-27)
(-0.0874920734685 -0.3265686719 -3.48952915261e-17)
(-0.250634928485 -0.286118252584 0)
(-0.147794780341 -0.308626784482 0)
(0.148759072581 -0.0975676043081 -9.30742118824e-20)
(-0.0309869633319 -0.306527661846 -2.8426920674e-15)
(-0.218908937141 -0.259959086349 -1.6590967365e-15)
(0.0398147255529 0.100154800701 0)
(-0.141407296076 -0.23735472581 0)
(-0.108099373942 0.0874112944096 -2.90851137848e-17)
(-0.227739099277 -0.200987995099 7.23520642653e-27)
(0.204427474866 -0.0289673715988 -2.96463846209e-15)
(-0.0820375853098 0.106558724268 0)
(0.293858011842 0.183005327868 -8.89083776296e-17)
(-0.288776192256 -0.311922686857 0)
(0.105362738715 0.307158103973 0)
(0.152528813096 -0.0129280180231 -2.99402449109e-27)
(0.206865138754 0.292852218138 8.77575145343e-16)
(0.305045372574 0.0935615448015 0)
(0.139127198893 -0.0196156573153 0)
(-0.263650231219 0.0252023279861 -2.42087500164e-15)
(-0.159168852325 -0.28301508791 0)
(0.300246713163 0.168953077112 7.76346475243e-17)
(-0.311514083031 -0.27470952166 1.94307781655e-16)
(0.189666426481 0.30890693023 5.51021144257e-28)
(0.289401110302 0.0398747014157 -1.26288408882e-15)
(0.211119092457 0.0874469868923 2.82409766613e-15)
(0.264339922219 0.22980438713 0)
(-0.199294578988 -0.00977408617893 -2.88687613029e-15)
(-0.0376457379638 -0.27925305461 -2.83040883431e-15)
(0.218391878903 -0.0885295344865 1.35038147141e-15)
(-0.221225781087 0.318824921941 0)
(0.272806157709 0.0257181096656 0)
(-0.230515188562 0.244054783066 2.93200236023e-16)
(-0.0593797849426 0.352541284062 0)
(0.159842719598 -0.184782912291 1.03952609384e-15)
(0.289222154158 0.0493465915544 -8.57010534473e-17)
(0.0539097390802 -0.181067519718 0)
(-0.249684629446 -0.00848523087183 1.12757919063e-27)
(0.224929668581 0.0184678681507 2.89534252415e-15)
(-0.0267386622908 -0.249573441152 4.41602312353e-15)
(-0.186087798053 -0.113770730875 0)
(-0.190582525408 0.169658818006 2.35756698527e-15)
(0.211216700361 0.0334496166482 0)
(-0.210754699402 -0.0570321336178 2.76191008837e-15)
(0.0509762958368 0.106585202312 2.99440769278e-27)
(-0.15924869156 -0.297890975939 0)
(-0.193949196776 0.135251677425 5.754182018e-17)
(0.291629038453 0.165214956901 1.68705540628e-15)
(0.338366605388 -0.0737672745556 0)
(0.127141675469 -0.0152348559644 3.4364417402e-15)
(-0.0258113661202 0.379853979618 3.63013179599e-28)
(0.16749179918 0.00461642160919 -3.19268442253e-15)
(-0.0225647701072 -0.0860945864651 0)
(-0.192396584477 -0.273528987692 -9.03546641544e-16)
(0.240408595356 0.0242116091957 -2.89534252415e-15)
(0.0623517873905 -0.186106002144 0)
(-0.127872700386 0.363010811963 0)
(-0.211358574565 -0.0296511193455 -5.48725360824e-15)
(0.109453435024 -0.0575187257021 -3.39574892435e-15)
(-0.0922624915522 0.37173509639 1.21391817595e-15)
(0.0508923216838 0.15965677075 3.01911695331e-15)
(-0.0711057639552 0.140205502867 1.12981241803e-26)
(0.0588215555951 -0.202774369201 0)
(0.160400010381 -0.100371206614 0)
(-0.223680020704 -0.0361787856342 5.30365881161e-15)
(0.273106935696 0.0340665332904 -1.36531189135e-15)
(0.0504323036901 0.0689857712505 0)
(-0.287503796111 0.170218355531 -1.48554882684e-17)
(0.0372363494216 0.0137092801635 -3.6944715266e-15)
(0.117012861802 0.280389751397 0)
(-0.277029049281 0.0320280075906 1.11172419195e-15)
(0.09839170735 -0.0532215701391 -3.49920626007e-15)
(0.150719402239 -0.200206494338 9.42225358964e-16)
(-0.250216714553 0.00493757742795 -2.43020618123e-15)
(0.0946047957129 -0.0777878430103 0)
(-0.248985592602 0.254981729457 4.42678358729e-16)
(0.0391969528381 0.0626405120242 0)
(-0.311358461007 0.136044025217 0)
(-0.118984063192 0.355967097395 4.54228591254e-27)
(0.305976204657 0.084202967844 -7.82164663181e-17)
(0.124298208996 -0.0381797825122 0)
(-0.0826586076488 0.147176737386 -5.38340125996e-27)
(-0.0493959239221 0.306676525556 0)
(0.19596689272 0.0170889825773 0)
(0.168035129396 -0.115525658333 0)
(0.289357978735 0.0694427620515 0)
(-0.197802984095 -0.121118588323 0)
(-0.106748208311 0.349250671035 1.44754244244e-15)
(-0.13885604774 -0.0302717010398 3.19430118082e-15)
(-0.236411077534 -0.0290204009658 -2.60483170833e-15)
(-0.0933322974288 0.100166524304 0)
(-0.374392196762 0.0501164259595 0)
(0.137477479914 -0.136137992045 0)
(0.0287471556653 0.146135150101 3.1539701735e-15)
(0.134394851379 -0.214914544328 -9.52585344149e-16)
(0.0282263728136 0.0685066182889 0)
(-0.138766765746 -0.0170304008266 0)
(-0.0938093473115 0.126872505418 3.05809297988e-15)
(0.0285035576817 0.0810608118515 0)
(0.0471065117537 -0.214256844492 0)
(-0.208197109066 0.325513964343 0)
(0.0611358905023 0.20908547709 0)
(0.0617653493082 0.180339738551 0)
(-0.0362295070431 0.385457104603 1.45264452969e-15)
(0.0260063600614 0.00714933458944 3.69447152657e-15)
(0.196763560203 -0.107787391347 2.65974440908e-15)
(0.168605409013 0.0156133602922 0)
(0.0668251201245 -0.207673637132 0)
(0.157318615317 -0.14651910171 3.09787043311e-17)
(0.0507988184859 -0.237848377726 -2.81618375316e-15)
(0.0398978816854 0.139371101693 -3.15397017348e-15)
(-0.109432143143 -0.180023754652 -2.94592716867e-15)
(0.137473652977 -0.031127485452 0)
(-0.263141129762 0.0118408948454 4.76213198034e-15)
(-0.40540026231 0.0753879220523 3.90839767671e-16)
(0.0482192954067 -0.281347022001 3.73604752431e-15)
(-0.120667505504 -0.204560340675 -2.82311878435e-15)
(-0.231248407932 -0.253181307454 1.6590967365e-15)
(-0.170767892112 -0.274094744022 0)
(-0.238188812232 0.0243140050647 -2.51477514191e-15)
(-0.32485607577 0.0930973212239 1.65036350131e-15)
(0.050957680101 0.146010609017 0)
(0.139519923858 0.297629623749 -1.75433747139e-15)
(-0.219010440853 -0.164622024031 0)
(0.126224651399 -0.230428289495 0)
(-0.275959555045 -0.166239331184 0)
(0.210404726744 0.022963548004 0)
(-0.306695974303 0.221791361637 1.41142635141e-15)
(-0.254125680783 -0.202325788278 0)
(0.0287340938167 0.106436574863 0)
(0.0283485955991 0.187965937591 -2.90571151868e-15)
(0.0622630173278 0.139249828452 0)
(0.105912230466 0.222889240221 2.44668047759e-15)
(0.286224895051 -0.00724531404781 0)
(-0.268865111941 0.145276481287 3.0006787636e-15)
(-0.256422004259 0.165786898646 0)
(0.288853211579 0.0792526297997 2.31274456564e-15)
(-0.307911448058 0.0717693289265 0)
(-0.0821847021079 0.120018416951 0)
(-0.0817491001334 0.0416454607134 3.45401508045e-15)
(-0.294429732807 0.0921472237312 -1.01183094608e-15)
(0.300934387126 -0.0823754567798 -1.9723995153e-15)
(-0.22568541044 0.0304904363478 1.20026033707e-27)
(0.202276597074 -0.0395412490988 0)
(0.0288227814082 0.119488072676 0)
(-0.18721942041 0.00985473649465 0)
(0.0366874676118 -0.106312351256 0)
(-0.227509245439 0.122794107441 2.32052851337e-15)
(-0.150528723604 -0.010401422742 3.12638655134e-15)
(0.0132291453868 -0.0247057736022 -5.96546767949e-18)
(-0.237809597637 0.0110594259388 0)
(-0.00446617074857 -0.111824122184 0)
(-0.0932028803684 0.0868981253318 4.54953871197e-17)
(-0.198563344898 -0.0502579576438 -2.76191008838e-15)
(0.0252366087353 -0.0053100333647 3.72892089682e-15)
(-0.104568179601 0.0805628340348 3.23310092571e-15)
(-0.266068327527 0.0902525316407 1.09964073573e-15)
(-0.113983439775 0.362887374005 0)
(-0.317269595365 -0.263716736105 3.61850157525e-16)
(0.061912603003 0.166386044453 0)
(-0.278580805187 0.0708480528087 -2.15132159481e-15)
(0.059805563681 0.361243357783 1.13222355871e-26)
(0.112769275285 -0.0338621632409 6.29180047317e-27)
(-0.152900353153 0.121466492149 -2.84555074425e-15)
(-0.0797545792848 -0.306892614521 -1.21442759736e-15)
(0.286586843299 0.101959344207 0)
(-0.046810175363 0.378193094633 -1.45264452969e-15)
(-0.252585802556 0.0834101278903 -2.38887761633e-15)
(-0.101119538849 -0.254512598674 0)
(-0.140994847113 0.127895762255 -5.88683083542e-17)
(-0.308454077376 0.0858302743212 1.01931455002e-15)
(-0.0336905041522 -0.224031939201 -3.0766738113e-15)
(0.156572960999 0.0314418815647 0)
(-0.253155177948 0.109903974241 -1.20317465568e-15)
(-0.203694184427 0.284546075499 0)
(0.155737226291 0.0202886713223 3.30420103815e-15)
(-0.0837720187104 0.333651025771 -7.48555550414e-28)
(-0.0490466256217 0.325490513236 0)
(-0.0410125069337 -0.19950899785 3.16086311096e-15)
(-0.0605155859658 0.297781109322 -9.68391179879e-28)
(-0.149602184288 -0.275651264537 -2.14905943238e-15)
(-0.178149494689 0.162598127619 0)
(0.122390659487 -0.0500763467537 3.39574892435e-15)
(-0.252205362563 0.0703429227622 0)
(0.169871934125 0.0373956190544 -2.87310189295e-27)
(-0.388984889693 0.130546079854 0)
(-0.216575071918 0.154741067905 -9.01428619677e-19)
(-0.225993965538 0.0437113222682 -2.57854960675e-15)
(0.0510756020899 0.119527073627 -2.99440769278e-27)
(0.241214176887 0.054670088458 0)
(-0.183944007122 0.284001158654 1.64703659526e-15)
(0.152128253531 0.271210122132 0)
(-0.198283307637 0.308511839927 -5.87369871919e-28)
(-0.330175062284 0.136443272959 -2.58454439251e-17)
(-0.196395080584 0.321960518845 5.87369871919e-28)
(-0.16174315578 -0.251487477893 0)
(-0.167591344576 0.347678029105 1.77786837777e-27)
(-0.0909513418925 -0.279766584291 -2.49109031446e-15)
(-0.394756475229 0.117505071596 4.83350972889e-16)
(-0.09487463007 0.357992842141 -1.44754244244e-15)
(0.107306570623 -0.0698981001409 0)
(-0.253983997279 0.21531666218 0)
(0.211826467637 0.0652207143763 0)
(0.225940717632 0.039078211898 0)
(-0.35600023348 0.0553826604277 0)
(0.0622358999083 0.100340625428 3.30496847707e-15)
(0.0622619405313 0.126026482236 0)
(-0.177458390935 0.121969703189 -5.35910346611e-15)
(-0.0829521333645 0.351133261494 7.48555550414e-28)
(-0.1623123889 -0.0302676890108 0)
(0.255018269326 0.0100527553624 0)
(-0.238898346635 0.0504149338668 2.57854960675e-15)
(-0.110748421223 -0.229163817089 0)
(-0.259989776965 0.27078864126 -9.55113000535e-16)
(-0.107825807792 0.333058625999 1.62313226003e-15)
(-0.165313306287 0.128438681197 2.71533389796e-15)
(0.360482783823 -0.058932652117 -1.82589183582e-15)
(0.0330528585784 -0.333551661002 1.77587256005e-15)
(-0.110850232433 -0.263003806901 0)
(-0.104446380489 0.0028127361412 3.10994367877e-27)
(0.22458276023 0.104163538237 -1.28838518798e-15)
(-0.0266242396098 0.362477297134 -3.63013179599e-28)
(0.152730778258 0.254216638441 0)
(-0.223307421402 -0.0497873810403 -2.57527110586e-15)
(-0.0547588666451 -0.109412529614 -3.44651239615e-17)
(0.0398842537172 0.126032573944 0)
(0.170440414541 0.0484925267726 2.87310189295e-27)
(-0.116321673205 0.0872225761652 0)
(0.225997149542 0.070552258724 2.69203884671e-18)
(-0.131532604815 -0.229468590345 0)
(-0.224486922507 -0.00919440620978 0)
(-0.347373522647 0.156615466661 -5.52722540703e-16)
(-0.106006317427 -0.077051766817 -3.40649995721e-15)
(-0.295498834212 0.105009973366 1.56539894526e-17)
(-0.213776485869 0.0630797860603 -8.45584624586e-17)
(-0.162327094064 -0.0169778091623 -6.17558697705e-15)
(-0.0730298257343 -0.0554924928731 -3.58829942271e-15)
(0.126661573949 -0.0901515513666 0)
(-0.268050607973 0.130957995114 0)
(-0.349417610028 0.196919668743 0)
(0.223888049264 0.00837761630945 0)
(0.346051824941 -0.0655159761134 -2.61607372511e-15)
(0.272407598152 0.0642710622834 4.14957532579e-17)
(-0.0953611274588 0.324784956874 0)
(-0.162804060153 0.0225669669666 -2.79317504764e-27)
(-0.202659036677 0.331628498961 0)
(-0.0654038523492 0.386467854565 -8.38618264055e-16)
(-0.183973516865 0.329757668988 -2.07723326626e-27)
(0.0507406998353 0.0814104974061 3.44072362709e-15)
(0.363575399498 0.106673965664 -5.57934363897e-18)
(0.349881467543 0.115012735059 5.97251078998e-18)
(-0.119160486385 0.272536799215 0)
(0.30257215793 0.150570813993 0)
(-0.198667202261 -0.376146416902 0)
(0.193900506488 0.307379624511 0)
(0.128084869838 0.306412208049 1.75433747139e-15)
(0.0504436140133 0.187623481485 0)
(-0.213478586173 0.0499204164934 0)
(-0.236305679051 0.255757217187 -1.58499707642e-15)
(-0.038246368587 0.232632031879 0)
(-0.239933649124 0.10296936827 4.72217513422e-15)
(-0.0831243461268 -0.0359484934897 0)
(-0.25367163774 0.241084783707 0)
(-0.181291686427 0.251102622307 -7.77513864182e-17)
(-0.0957733503458 0.306533135021 -1.93450408654e-15)
(-0.265055674555 0.064297962103 0)
(0.175510348466 -0.130669303674 -8.19132043776e-17)
(-0.0981293964366 -0.156140208386 0)
(0.0396245367512 0.087444973013 -3.44072362709e-15)
(0.201717313385 0.251531089707 -1.7341525975e-15)
(-0.25528416919 0.292951593685 -3.35329695914e-28)
(-0.185091985488 -0.411129473239 0)
(-0.227285637634 0.109360371298 -4.90040775549e-15)
(-0.162229501473 -0.0573814246456 0)
(-0.239209437267 0.0636075994572 0)
(0.0106870435668 -0.22482438076 -1.54940908542e-15)
(0.00276310332879 -0.217884081289 3.0921438205e-18)
(-0.201558818003 0.0825710194278 5.37685880237e-15)
(-0.326892146307 0.106129639357 8.38559438e-16)
(-0.292949507117 0.223391273612 -4.51548305513e-16)
(-0.21111403578 0.221031146928 0)
(0.109849703619 -0.245961346588 1.83845705777e-15)
(0.0798612769632 -0.0990910252293 3.402758829e-15)
(-0.310113532748 -0.0943251436763 2.71272671817e-17)
(0.0734378905896 0.145820541422 3.06366481348e-15)
(-0.405713444958 0.0907499414656 -3.92534045491e-16)
(-0.271359566092 0.249249124543 0)
(0.22338533574 0.276647649617 4.98159177202e-28)
(0.0727298528877 0.187180950907 0)
(-0.106420010611 0.189478591654 0)
(-0.19634247684 0.276930022103 -3.20766637797e-15)
(0.352891219763 -0.0658647241538 8.9144304182e-16)
(-0.228238139889 0.149876367932 -2.30815427979e-15)
(-0.214921995565 0.129214805042 -2.48999848931e-15)
(-0.215227890123 0.142791351049 2.30810111502e-15)
(0.0492106194882 0.03244061167 3.63949130454e-15)
(-0.180562732713 0.339980598227 2.07723326626e-27)
(-0.110590391954 -0.212542416927 2.82311878435e-15)
(-0.080080718564 0.379036017207 0)
(-0.0949769343915 -0.0698053848481 3.40649995721e-15)
(-0.332343288697 0.15013003188 -1.59120394871e-15)
(0.19657264448 0.105158940396 2.73080567159e-15)
(-0.240588857172 0.129695072953 -2.32103878238e-15)
(-0.292984191253 0.0650012369386 2.15132159481e-15)
(-0.0836372832383 0.297753570032 1.93450408654e-15)
(0.0941076171924 0.24670099279 2.2854289692e-15)
(0.272905419249 0.0548337783121 -2.73487987951e-15)
(0.117115000256 -0.129063737153 -3.08757108393e-15)
(0.0276095637436 0.0439068310591 6.61601756333e-27)
(-0.0515312842092 0.0504299143935 1.68408757e-18)
(-0.198718133553 -0.0367190354041 2.78842650496e-15)
(-0.201289673929 0.0693305522301 2.70780129355e-15)
(-0.228853232443 0.164023147962 -2.19595600764e-15)
(0.0545524477193 -0.0459752199485 0)
(-0.25189789376 0.264323353565 0)
(-0.105337273035 -0.0498365752168 0)
(-0.220536981228 0.317218313702 0)
(-0.168921574799 0.258071473522 1.91198235814e-15)
(-0.0817589724567 0.0803522693273 -3.27859631282e-15)
(-0.252233516053 0.283007836741 5.12434641806e-16)
(-0.189202579885 0.0888800913939 -2.72868013038e-15)
(-0.200544728454 0.0430548756457 0)
(-0.279404171422 0.0839850630011 -1.09695670949e-15)
(-0.373088047926 0.0376788727452 -8.79357232112e-16)
(-0.152081342804 -0.228722831968 0)
(-0.1285372799 0.107395724237 -5.61270783652e-17)
(-0.117144544277 0.127347800298 0)
(-0.281849582896 0.12480897403 7.95572799373e-18)
(-0.273898803199 0.274266245483 0)
(-0.346633490482 0.172741446393 -7.82663327909e-16)
(-0.106424610111 -0.0908893795906 0)
(-0.189967303779 0.128878277719 7.42646365949e-17)
(-0.0945549154771 -0.0562775173527 -1.56994112086e-27)
(-0.323550101438 0.0653491598599 6.26110944078e-17)
(-0.107510937242 0.376858133661 7.08675456384e-28)
(-0.192977375352 0.228142907139 2.01028909247e-15)
(-0.152620047268 0.10797472156 -2.93394175292e-15)
(-0.209232353472 0.32784216541 -3.0418688793e-28)
(-0.180459340023 0.234848907133 7.10220568439e-17)
(-0.116823694898 -0.0704280255719 0)
(-0.0705720939069 0.0867220376892 5.99736794063e-27)
(0.157379505579 0.0537511478246 3.22525979041e-15)
(-0.0975559874059 -0.141081426601 0)
(-0.358818457783 0.176625360769 1.5361689483e-15)
(0.0922736365456 -0.0907184973814 -6.75443836228e-15)
(-0.116525045077 0.100556161429 -5.23538663363e-17)
(-0.0721107933556 0.306503179768 8.63702681068e-28)
(-0.334205103804 0.180069844183 -1.46082576732e-15)
(-0.0706287777878 0.0999117817143 -5.99736794063e-27)
(-0.200247725005 0.0298865042922 0)
(-0.11739129215 0.141052201803 -2.90807475118e-15)
(-0.0817335216999 0.0673001207615 6.74328992839e-15)
(0.194849020633 0.00647191837165 0)
(-0.177200223086 0.108554127039 7.08987776994e-17)
(-0.128797785728 0.120920380004 2.9044190526e-15)
(-0.297344281613 -0.198818458194 7.41570206452e-17)
(-0.12967280333 0.161897573875 -2.74390334788e-15)
(-0.342596229456 0.208033739646 0)
(-0.108963888676 -0.164424960102 -1.37970991985e-27)
(-0.202102794225 0.109002441905 -2.5767865971e-15)
(-0.19953242156 0.0034715472978 2.58723411074e-27)
(-0.10523183691 0.120420192843 -3.05809297988e-15)
(-0.265141056621 0.291966519404 3.35329695914e-28)
(-0.190798938561 0.204476843287 1.2347364796e-16)
(0.114323523603 -0.0220215289551 -3.4364417402e-15)
(-0.071539465251 0.167868413232 -5.22726929023e-27)
(-0.0709520535897 0.126506958748 3.17395742065e-15)
(-0.214321828724 0.0893527456088 -5.2143570277e-15)
(-0.211283143257 0.285622959857 3.04044472917e-15)
(-0.0606967952467 0.280217932694 2.20376697481e-15)
(-0.240238605126 -0.177588306854 9.10545489896e-28)
(-0.224209701226 0.307124557811 0)
(-0.0945238097928 0.168226319837 -4.14440453386e-17)
(-0.0717744258765 0.324842688813 -8.63702681068e-28)
(-0.105818673245 0.1476109447 2.90807475118e-15)
(-0.203046349195 0.16306479938 -2.35756698527e-15)
(-0.083666405571 0.280262311298 -3.90302916405e-17)
(-0.104461973488 0.0674265898562 -3.30351832851e-15)
(0.325717836949 -0.0806203624225 0)
(-0.0450095243228 -0.1157978566 3.52531336271e-15)
(-0.202690105635 0.149291878096 -2.46957984188e-15)
(-0.18404176265 0.300783400519 1.44502762871e-27)
(-0.106035209363 0.161507695364 -2.83955565115e-15)
(-0.247475369424 0.30233380476 0)
(-0.245079658435 0.303653597899 0)
(-0.310219574728 0.225226485754 0)
(-0.106431834011 -0.326033041904 1.9534034875e-15)
(0.172948770744 -0.125286226178 -2.8724181052e-16)
(0.282027055962 0.136468313982 -1.17087494383e-15)
(-0.0269542465309 0.325762880052 -1.89748525419e-15)
(-0.241155476359 0.308103996453 0)
(0.0620337108306 0.0877556619996 3.3947393247e-15)
(-0.0270934567316 0.225125696828 -1.22458416265e-27)
(-0.0946968142761 0.182321269971 2.75489641933e-15)
(-0.120341318128 -0.188489661447 2.94592716868e-15)
(-0.195640299152 0.259975950194 -7.55413662671e-17)
(-0.182511997523 0.340875971774 0)
(-0.202308610704 0.122372118555 5.05950342087e-15)
(-0.274378114394 0.234022498333 0)
(-0.226868696554 0.08305514976 5.04425751477e-15)
(0.0395421152974 0.180722096327 2.90571151868e-15)
(-0.0381886490374 0.297878103781 2.0969061782e-15)
(0.010750767203 -0.152928694365 -3.43722792939e-15)
(-0.21603651565 0.170354305184 2.19585411395e-15)
(-0.0382814616577 0.247935798975 2.4508377879e-15)
(-0.140289203847 0.101064382791 -6.04980996162e-17)
(-0.220044403388 0.230359893974 -1.85105322741e-15)
(-0.281110690325 0.261494276429 0)
(0.113238849653 -0.143158130141 2.9238939764e-15)
(-0.218907018525 0.214380598963 -3.93173226097e-15)
(-0.23050886636 -0.15634536604 1.00674431691e-27)
(0.282799356753 0.191689479006 0)
(-0.0270157545736 0.210322917513 1.22458416266e-27)
(-0.0158482507397 0.20297849688 1.03560471372e-26)
(-0.216759556917 0.184786430488 -2.15225634072e-15)
(0.276025433885 0.176821758935 -1.62913608411e-15)
(-0.115749335829 0.00919748068451 0)
(-0.210696405224 0.301016845002 0)
(0.118980126304 0.0354433080408 -6.16162358364e-27)
(-0.0716911097607 0.182045204261 5.22726929023e-27)
(-0.0494449977635 0.255731906154 0)
(-0.0932146676547 0.00936522408127 3.48878712866e-15)
(-0.0153688257793 0.146375577439 -3.16447938892e-15)
(-0.214561587109 0.102597946187 5.07009703079e-15)
(-0.239671078361 0.0896216847087 -8.92015427298e-17)
(-0.0720167581465 0.271920154882 -3.56849600008e-17)
(-0.0929760479508 0.0609483452905 -4.69163906358e-17)
(-0.20479537491 0.206081357024 4.09789334354e-15)
(-0.0262952152561 0.126105412924 3.24819375704e-15)
(-0.0828446237843 0.161125424617 2.88099969649e-15)
(-0.0835402920706 -0.0492148828615 0)
(-0.0283583399567 -0.158379552379 0)
(0.0735758869424 0.106716907535 -3.30496847707e-15)
(-0.226676796501 0.0698367629695 -2.62324283109e-15)
(-0.0844699531925 -0.0762671881764 0)
(-0.0157430789436 0.188483407917 -1.03560471372e-26)
(-0.203963803734 0.191179127802 2.15225634072e-15)
(-0.0494103379706 0.271987495935 0)
(-0.229426159172 0.317359786866 0)
(0.357448732402 0.0999492016211 -1.51508759605e-15)
(-0.164633722593 0.101639392758 -2.80196891395e-15)
(-0.0720268785793 0.255714489207 -2.34401728581e-15)
(-0.189458417519 0.102186114761 2.73107013625e-15)
(-0.32811098702 0.22887512372 -1.2737028468e-16)
(0.0830764167172 -0.179576531668 5.1348396962e-17)
(-0.236497458123 0.299139927335 0)
(-0.1901812504 0.142361551116 -7.52206437659e-17)
(-0.091555722738 -0.26304173119 0)
(-0.027201527096 0.255730748345 -4.91588919828e-15)
(-0.0154494803507 0.160272899693 0)
(-0.117926323611 0.168609718622 2.74390334788e-15)
(-0.167239379135 0.22669873881 -4.23213039551e-15)
(-0.0382508708585 0.28031019046 -2.27958447617e-15)
(-0.20825123743 0.253305903599 -1.75868960545e-15)
(-0.120093924615 0.324437681299 -1.62313226003e-15)
(-0.0266175319314 0.167304345896 0)
(-0.26474772149 0.0509587359731 -2.39250009711e-15)
(-0.192128555716 0.21261359822 -2.09015759109e-15)
(0.217140091544 -0.0229411541651 -1.16217689864e-16)
(0.0480168342513 0.00835798718023 0)
(-0.086797447215 -0.133045944703 1.5185491573e-27)
(-0.220539457427 -0.135038860665 -2.4111032578e-15)
(-0.118115118291 0.18258992819 0)
(0.229463608168 0.264978763447 -4.98159177202e-28)
(-0.170885062619 -0.309592233607 0)
(-0.0161655012845 0.247872521848 2.46505141039e-15)
(0.0713989318752 0.334956776022 3.99012437238e-17)
(-0.251200706062 0.031128206441 4.93565014355e-15)
(0.170670673268 0.0709013965465 0)
(-0.285752765991 -0.282712222648 0)
(-0.207205988789 0.236736785229 1.85105322741e-15)
(0.0616005298692 0.0631927122242 0)
(-0.0121562965922 -0.285656251835 0)
(-0.333270386143 0.215834911644 -7.61687060661e-16)
(-0.327205705184 -0.0729872970579 -8.4142855982e-16)
(-0.0272057532222 0.27200268372 2.27958447617e-15)
(-0.223116467941 -0.29598690117 -6.27063083476e-18)
(0.214257620925 -0.0986542771695 0)
(-0.0152254644251 0.119472320051 1.2081664758e-26)
(-0.0263519321325 0.139698438075 0)
(-0.0964190852334 -0.111731449887 0)
(-0.121326992811 -0.237632046502 -1.17329732941e-27)
(-0.060674324659 0.247958971027 0)
(-0.0952183230442 0.272116653444 -2.12905172316e-15)
(-0.127260054898 -0.0104112479311 0)
(-0.234353051965 0.205571117517 0)
(0.0497319406148 0.231766826132 0)
(-0.0161014943569 0.232518437075 0)
(-0.0835088752498 0.247973150997 2.34401728581e-15)
(-0.115904216552 0.0611128388338 1.47992869102e-27)
(-0.141256800872 0.141537951707 0)
(-0.100883619646 -0.237339648673 -2.80814009577e-15)
(-0.129442655594 0.148095796083 0)
(-0.118865340944 0.256094545766 -5.13105439803e-17)
(-0.0267283269297 0.181528779421 0)
(-0.131365279212 -0.213060051345 2.68221781789e-15)
(0.190704572888 0.228489609293 0)
(-0.127915626061 0.0809254769538 3.07208406699e-15)
(-0.275220304039 0.281228454441 0)
(0.258391908055 0.230084871037 0)
(-0.141742961684 0.168977350724 0)
(-0.093890161555 -0.0296612087299 -3.45418798948e-15)
(-0.259094323009 0.293264493134 0)
(-0.0262240590573 0.0997681938053 0)
(0.235054696294 -0.0795589680437 1.26356971514e-15)
(-0.0153610510821 0.0805033311855 0)
(-0.130014077497 0.18972978363 0)
(-0.107334462018 -0.119454989492 3.23121676065e-15)
(0.0849085907588 0.0880505650602 0)
(-0.0161767481377 0.280388360855 0)
(-0.170830793041 -0.258770777242 -2.06659307048e-15)
(-0.105021178444 0.106911406783 3.10292079724e-15)
(-0.300342984281 0.249180028251 0)
(-0.0485500508277 0.361560302033 1.66135301024e-15)
(-0.0155422165079 0.0677271468498 0)
(-0.0832323939401 0.189220533663 -2.75489641933e-15)
(-0.0262943603483 0.086750980171 0)
(-0.0812520458112 -0.289906718861 -2.61956725751e-15)
(-0.223506014082 0.262315205858 1.58499341027e-15)
(0.303737756247 -0.0861436928599 0)
(-0.235383330512 0.239273223555 0)
(-0.251553295722 0.0443401411724 2.39250009711e-15)
(-0.311016666021 0.246756180848 0)
(-0.0493425379334 0.0102160598702 0)
(-0.0152489242106 0.106235253393 3.37416828931e-15)
(0.191844565512 -0.1203332703 -2.54914525519e-15)
(0.106669611171 0.029197357771 3.4791223689e-15)
(-0.293485732108 0.261964305251 0)
(-0.107381726763 0.297990848939 -3.5775575703e-27)
(-0.0929849317529 0.0479668195194 -3.36175209743e-15)
(0.094988662602 0.0344145820137 -3.47912236889e-15)
(-0.317475494925 0.170413931333 -1.19993683395e-16)
(-0.10682595877 0.248123169952 4.47708853508e-15)
(-0.154030447318 0.189991992772 2.18970164917e-27)
(-0.0106932051515 -0.0650236001113 0)
(0.035797834312 -0.0106338612952 0)
(-0.170852382559 0.323790688795 0)
(0.0733335839906 0.159341681244 0)
(-0.180796498129 0.234329002818 0)
(0.0387876949479 0.0502920542489 0)
(0.192010190865 0.197570933642 0)
(-0.12772987576 0.0677165344558 -3.13811514209e-15)
(-0.122676835601 0.373704640995 0)
(0.170105784697 0.105934695227 2.9373624364e-15)
(0.1835713788 0.0996143596177 -4.40426550819e-20)
(-0.140025438423 0.0876934545385 -6.08305004788e-15)
(-0.317680286388 0.233962744558 0)
(-0.29097370118 0.213708308709 -1.41325544558e-15)
(-0.290695213106 0.239220334125 4.42965541058e-16)
(-0.311665012025 0.127435345946 -5.84899348394e-17)
(-0.165552627018 0.141981745124 -2.68200640099e-15)
(-0.1505460801 -0.0504594199164 0)
(0.0143102302645 -0.123537992199 0)
(-0.293350893373 0.266330745606 8.71918520825e-16)
(-0.100316232274 -0.304732902282 2.25834643745e-15)
(-0.310063625257 0.248937786557 0)
(-0.166192239055 0.183164666705 0)
(-0.158860993928 0.103789145111 -5.32684680291e-17)
(-0.119571624618 0.151456156625 1.19393661631e-17)
(-0.107320164352 0.280516963899 3.57755757029e-27)
(0.0736633830838 0.119531593753 0)
(-0.0721135156651 -0.0290557956682 -3.60047112638e-15)
(-0.0951483170066 0.25578743936 -2.26243601859e-15)
(-0.212705477581 0.0236092664838 0)
(-0.27714339026 0.219824000259 0)
(-0.303831353754 0.192373247852 -1.56510614097e-15)
(-0.12015978306 0.306937051993 -7.77422379868e-28)
(-0.115823689875 0.0480513219022 -1.47992869102e-27)
(-0.141946800139 0.182856117774 0)
(-0.190119608109 0.339809228477 0)
(-0.107824701553 -0.134041638043 3.15113980499e-15)
(-0.263803692821 0.284196598299 1.08696697765e-15)
(0.0725117593536 0.201488853519 0)
(0.19727809764 -0.125835271526 4.18540986485e-17)
(0.0556979574031 -0.116769974895 3.41534131847e-15)
(-0.0374684133137 0.353652494496 -1.66135301024e-15)
(0.182350278866 0.123816075117 0)
(-0.375612524774 0.121842592148 0)
(-0.109991538607 0.36253873821 0)
(0.28540322075 0.112449069362 1.00518787886e-15)
(-0.0380206659608 0.0294797254714 0)
(0.0602181093927 0.0270111178158 -3.59076700439e-15)
(-0.0271072551454 0.306842280641 -4.20835085582e-15)
(-0.0692729657825 -0.316392046188 2.14486772899e-15)
(-0.0254528464326 -0.231565830476 1.53804254633e-15)
(-0.187456039495 0.0230193602547 2.94583314043e-15)
(0.0235654397002 -0.0300838966851 -3.73549723785e-15)
(-0.300384367216 0.259492419642 -1.06409136443e-15)
(0.0347581640076 -0.120415843742 0)
(-0.0735661929443 -0.0689640150129 3.55827824439e-15)
(-0.0372820215996 0.0803411932494 -6.30524372681e-27)
(-0.162206676622 -0.236282072301 0)
(-0.139423379948 0.0614396880613 6.32491800925e-17)
(0.0733834862799 0.0817695410959 -3.3947393247e-15)
(-0.238588878452 0.286292190002 1.29242056185e-15)
(0.373479872306 0.100624336162 0)
(-0.137613233649 -0.417859804381 2.99704996138e-15)
(0.085101050868 0.100493439489 0)
(-0.0267522294238 0.0486193634592 3.57934652751e-15)
(-0.283530316156 0.276897301758 -8.71918520825e-16)
(-0.0485749205375 0.0482681412391 0)
(-0.0387123978682 0.00427574929933 -1.66917069149e-27)
(-0.270377642801 -0.21329938714 1.50398703909e-15)
(-0.338708004987 0.0482147634389 1.82069288864e-18)
(0.271318444999 0.0854989699134 -2.95153841132e-19)
(0.289342443001 0.0202021688701 0)
(-0.0159871189548 0.0426606528304 -1.32160521481e-26)
(-0.223828922004 0.278619842205 -1.47981494645e-15)
(-0.0323316107233 -0.206704319772 -3.2046178081e-15)
(-0.275530366418 0.00604955518976 -1.06979332421e-16)
(0.207657696143 -0.0746138862703 0)
(-0.209649372433 -0.113532202296 1.1742749195e-27)
(-0.289818776469 0.198384711787 1.56522947439e-15)
(0.0113633041752 -0.050077603828 -1.35313082819e-26)
(-0.163616126705 0.0619192951203 -3.00876934601e-15)
(-0.310259018219 -0.108517404522 1.71165163947e-15)
(-0.104622669305 -0.0102192325381 -5.69166679176e-17)
(-0.104288150851 0.041596197996 3.36175209743e-15)
(0.085017938804 0.125952646148 0)
(-0.0711203087012 0.00970916762854 -3.53579302498e-15)
(0.180551332095 0.000292310299649 3.19268442253e-15)
(0.168576977161 0.143371977129 2.65424781064e-15)
(-0.311306215253 0.112800055837 -8.45777749351e-16)
(-0.251054263751 0.27883970912 -1.29242056185e-15)
(-0.151635491172 0.0681720865144 6.083635308e-15)
(0.130608735064 -0.227973326935 0)
(-0.026512884832 0.0613278366879 -1.61801431701e-27)
(-0.275497313585 0.275516800257 -1.08696697765e-15)
(-0.303197110043 0.176863752638 1.58209622545e-15)
(0.349456833101 0.110461058455 1.56505137647e-15)
(-0.037965924116 0.334708867719 1.89748525419e-15)
(0.196195355551 0.117082911552 0)
(0.0611553964968 0.0509945989315 0)
(-0.0162026272032 0.298011596146 2.11144467762e-15)
(0.17870480658 0.205693098621 2.24046033808e-15)
(-0.315883172255 0.15582816492 1.6023026005e-15)
(0.155147783674 0.163764373613 2.66096272959e-15)
(0.153598134156 0.206511894558 -1.03206274325e-27)
(-0.234493050333 0.220410353548 9.92505293379e-29)
(0.0730598903668 0.0694891089119 1.55600068562e-27)
(0.0292347716842 -0.263967073386 0)
(-0.171682459724 0.3083128036 0)
(-0.286179056291 0.168011578985 0)
(0.156753100406 0.12472139203 -1.02313917647e-26)
(-0.176193929648 0.068746189137 0)
(-0.139664359761 -0.0989142305194 -3.1604145013e-15)
(-0.117485533593 -0.0983361901145 0)
(-0.0490031661969 0.0229898952148 0)
(-0.0375406109974 -0.151797125701 0)
(0.271070355481 0.00560773821319 -4.31628216379e-17)
(0.185075590643 0.292467454431 0)
(-0.174407286041 -0.121155468246 0)
(0.00178213438048 -0.14699654016 -3.57549221518e-18)
(-0.095898951451 -0.0975668258033 3.41484111459e-15)
(-0.0177782948561 -0.00762221417221 3.72452698919e-15)
(-0.186169769601 -0.0710702400267 0)
(-0.176489961213 0.0820009351683 0)
(-0.175236879125 0.0293343376304 -2.94583314043e-15)
(0.053112206047 -0.0587545857738 -3.09270034844e-17)
(0.321373230678 -0.0105325182049 2.12343922737e-15)
(-0.210501439836 -0.0708210390592 0)
(-0.139251285204 0.048310909859 0)
(0.157750508777 0.065139517086 0)
(-0.224863595589 0.00410616691555 -2.71245894495e-15)
(0.0497698229991 0.0446478184096 0)
(-0.18817958371 0.0493083118016 6.48267420561e-28)
(-0.121128629075 -0.253981694254 2.46302119864e-15)
(0.157648554788 0.0883021318665 0)
(-0.127347867249 0.0417167746959 0)
(0.0281650435425 -0.220014396852 -1.16235352433e-17)
(0.0723879592274 0.0454386334945 0)
(-0.0374010716409 0.0674677415367 3.49120767329e-15)
(-0.017207090068 0.00509509861239 -3.68808867811e-15)
(-0.00884558911642 -0.155918271915 3.44081327742e-15)
(-0.15189012717 0.0814244834905 6.55777187612e-17)
(-0.118810705574 -0.142009007458 -3.15113980499e-15)
(0.271154361138 0.0965269242218 2.94646611378e-19)
(-0.0484079277377 0.0610726891383 -3.49120767328e-15)
(-0.0377270847643 0.0421921924702 -3.57934652751e-15)
(0.108540155056 0.100559238903 0)
(-0.0621058068027 -0.0483819508455 7.21505216026e-15)
(0.0594846668169 0.0148928723599 3.29794993533e-27)
(-0.164348948543 0.0882737153063 2.94538826212e-15)
(-0.0160223901928 0.3350303863 0)
(-0.00584597272556 -0.126211867118 -3.52702243371e-15)
(-0.00525873462454 0.271958919129 0)
(-0.119269307622 -0.157084059099 0)
(0.269765957461 -0.0036915829946 -2.79660502882e-15)
(-0.13319838254 0.332711091251 0)
(-0.00518505966504 0.255695375915 0)
(0.238570974067 -0.0688532873415 1.34813703843e-15)
(-0.291454882465 -0.244063830014 1.46807442379e-16)
(0.225863922248 0.0813701778891 -1.34002525195e-15)
(0.034829496162 -0.0231474545365 0)
(0.272152611034 0.189141384497 4.8525543037e-20)
(0.157390958749 -0.19785799767 0)
(0.0471613190306 -0.00392204953688 3.6771715985e-15)
(0.279990217455 0.148698287814 -8.81585325713e-16)
(0.170775444772 0.0823638058569 -2.96266990825e-15)
(-0.321848405512 0.054068088007 -1.10530667335e-15)
(0.203783805709 -0.155417855758 -7.50767742015e-18)
(0.0225213137104 -0.0428736658368 0)
(-0.284512977938 0.153396444718 -9.65434740758e-16)
(0.0539472847571 -0.28586363669 -7.03384749277e-17)
(0.284590795641 -0.015758552764 1.32093579189e-15)
(-0.150896395786 0.0289138225068 0)
(-0.162342147348 -0.0710640631604 0)
(-0.150941372528 -0.0919308135234 1.39835115241e-27)
(-0.0240574491766 -0.336002113709 -1.4148747969e-15)
(0.166760218822 0.184113824958 2.38931755016e-15)
(0.0943281455201 0.230935016757 -2.4466804776e-15)
(0.105845577502 0.0175101815391 -6.32471409438e-27)
(-0.327304388596 -0.0859460417471 1.58079174955e-15)
(0.169858382643 0.118049217047 0)
(0.0788103857979 -0.195959016594 0)
(0.0773631999444 -0.112653075836 -6.168269173e-27)
(-0.366764804808 -0.0295876927232 -1.90017682379e-15)
(-0.116507742216 -0.0568470752814 0)
(-0.105029492487 -0.0365100175053 3.45418798948e-15)
(0.0830856382516 0.028081799501 -3.55795531716e-15)
(0.0717849389956 0.0334035715692 7.14872232154e-15)
(-0.116093330984 -0.0300678717553 0)
(0.0418161596051 -0.140119781126 0)
(0.33690781616 -0.0176533061298 -1.28546132854e-15)
(-0.0459401880145 -0.130298947156 0)
(0.0579216865535 -0.0090884790593 -3.6771715985e-15)
(-0.00505904972544 0.307034647369 0)
(-0.128040908933 -0.0776231227249 0)
(-0.0273244690478 0.0235600721148 -3.33117533576e-27)
(0.14561545794 -0.211942922917 -7.17973324171e-16)
(-0.399599716147 0.109328354598 -4.4489534976e-16)
(-0.127185026758 0.00268623606067 0)
(0.328083608834 0.14620353375 0)
(-0.08248143271 -0.00983479056534 -3.50656002492e-15)
(0.0849804054311 0.139039779978 -6.0925314736e-15)
(-0.0850045503616 -0.0900597735235 -6.88081237666e-15)
(0.183729084413 0.0879895775203 2.96278637515e-15)
(-0.0603363327816 0.00361644834693 0)
(0.118680287455 -0.161106672945 2.80890201175e-15)
(0.0967126338779 0.119448340523 -3.10008517189e-15)
(0.157618485446 0.100172766117 -2.9373624364e-15)
(0.0966654116589 0.106781581301 0)
(-0.157604818854 0.29974062344 0)
(-0.29784895716 0.133285888106 0)
(-0.213289293176 0.208225209437 -9.9250529338e-29)
(0.156438211253 0.137335263259 1.02313917647e-26)
(0.239105673213 0.00399141194624 0)
(0.24118818408 0.253926087435 0)
(0.0625293896714 -0.225675483573 -2.71260754813e-15)
(-0.115900952634 -0.0168846782276 -3.39636723465e-15)
(-0.128360632718 -0.0915087965255 3.1604145013e-15)
(0.083473900906 0.208557948385 0)
(0.203207151427 -0.145645682982 -2.0876081678e-15)
(-0.0277550590491 0.0108754533145 3.68808867811e-15)
(0.208742159036 0.00231403325956 0)
(-0.0372724102919 0.106237269979 0)
(0.168137221257 0.156414083294 -2.528045368e-15)
(-0.0258727949919 -0.128456538327 0)
(-0.354543234796 0.0300201650783 8.63054440215e-16)
(-0.152505527121 -0.213053728562 2.52726593535e-15)
(-0.165935878261 0.169299244777 0)
(0.102705796926 -0.0948354751948 3.35168595136e-15)
(0.154726199498 0.177429922171 0)
(-0.0804040833767 0.385959982545 8.38618264054e-16)
(0.132592991245 0.0883872408469 0)
(0.0832288815226 0.223415144861 0)
(-0.299034671714 0.14803469117 0)
(-0.188463389776 0.0625016787267 -6.48267420561e-28)
(0.106938558314 -0.12552249433 3.08754594889e-15)
(0.234152126179 -0.131796476567 -8.3007360534e-16)
(0.169367132273 0.177792570937 -3.81522453512e-17)
(-0.264645060796 0.257392759863 0)
(-0.0159819292735 0.354348776871 0)
(-0.0822060125683 0.00312567587219 4.70058963193e-17)
(0.234299538329 0.173507061683 9.82444282127e-16)
(0.118959190185 -0.242039369595 0)
(0.118549172783 -0.236516966382 -7.38791079463e-16)
(-0.0861800011714 -0.118488611432 3.40309173282e-15)
(0.180909395666 -0.178196700477 1.65510964549e-15)
(-0.212395102808 0.0104026944924 2.71245894495e-15)
(-0.290744736499 0.25601272231 1.06408320186e-15)
(-0.278768133045 0.264160707317 0)
(-0.0813134258785 -0.254310649896 -2.76729100051e-15)
(0.212992989592 -0.143524903166 -1.01122139685e-15)
(-0.159651153214 0.254195621135 0)
(-0.394241525346 0.090213131832 7.3299390765e-16)
(0.143153671643 -0.152808227541 5.24521661616e-15)
(0.0415727061387 -0.0662711193864 3.64947657784e-15)
(-0.0178870807036 -0.149625906669 0)
(0.126927284003 0.161915352154 6.44655436839e-18)
(-0.122116738994 -0.138905443842 0)
(-0.322027124536 -0.264050277155 -3.94394654748e-16)
(0.120364412338 0.106715546913 0)
(-0.117899356443 -0.112539483519 -6.39625616475e-15)
(-0.0391829580051 -0.00852790086753 1.66917069149e-27)
(-0.153724286265 0.162258207195 0)
(0.174503060258 -0.18218482645 -7.41798403695e-16)
(0.0441297198691 -0.125567731736 0)
(0.173074388143 0.301666424092 0)
(-0.0935947397092 -0.0165420149944 6.95984392749e-15)
(0.0235879708352 -0.129092165133 0)
(-0.277692362545 0.0450796592188 1.09772941865e-15)
(0.0695795291943 -0.00240146620282 0)
(-0.231392559295 -0.141702467997 -1.00674431691e-27)
(0.0058007859605 0.247721321876 0)
(0.0652694172884 -0.121525711022 -3.41534131847e-15)
(-0.174511885182 0.322386675497 0)
(-0.00521346753458 0.325777875935 0)
(0.0216383310333 -0.143860637221 0)
(0.032743341576 -0.0481436150157 0)
(-0.185272048482 -0.188894166915 -2.48035628635e-15)
(-0.0163584923381 0.0300509441302 -3.66256289916e-15)
(-0.240555522537 -0.162711051844 -9.10545489897e-28)
(-0.13923519327 -0.0708444249364 1.4524272981e-27)
(-0.0615792152919 -0.0351815356952 3.60047112639e-15)
(0.0314712534132 -0.0611156996458 0)
(-0.253734440101 0.123515153766 -2.17775380416e-18)
(-0.391509158459 0.113259176821 -3.60465387816e-17)
(0.166323643492 0.198532674168 -2.24046033808e-15)
(-0.252810773952 -0.185950342727 0)
(0.0535577426623 -0.261166483998 0)
(0.0474639977691 -0.256568599883 -2.73616291386e-15)
(0.00341678064321 -0.132106785093 0)
(-0.107092964923 -0.311711202776 -2.15721339893e-15)
(0.12848022039 -0.164002635481 -2.6642962829e-15)
(0.131927477333 0.138124328123 -1.06513728187e-26)
(-0.0293435176002 -0.027265010891 0)
(-0.0565120848566 -0.138513964847 0)
(0.16992752712 -0.143942173598 0)
(0.267634072939 0.131644549312 1.03825160839e-15)
(-0.319436374025 0.214135092664 1.16258741206e-15)
(-0.0768457977791 -0.139934926633 0)
(-0.221134138196 -0.120511130598 -2.39834182138e-15)
(-0.248530555348 -0.0352662327219 2.40833590412e-15)
(-0.173243525642 -0.227809382797 0)
(-0.222517364083 -0.0776025873451 0)
(-0.21095768807 0.183897521673 -8.2416759026e-17)
(-0.118741742544 -0.300238624791 1.06696375124e-15)
(0.177964838249 0.318181200966 0)
(0.020481901248 -0.214033687521 1.54262609694e-15)
(0.133947006896 -0.0540823407946 0)
(-0.0432011860144 -0.0876836091703 0)
(0.335138796281 -0.0244079414426 1.42601156978e-16)
(0.153219613738 0.221746980792 2.22385028093e-15)
(0.194176202018 0.296301350178 -1.26197828481e-15)
(-0.00354914635763 -0.274939347126 -1.22931904742e-15)
(0.0306244614556 -0.149362731904 0)
(0.230214606128 -0.121833743567 1.83774433816e-15)
(0.177012018215 -0.1709165755 0)
(0.251639302869 0.139126952614 -1.12136299419e-15)
(-0.150720424379 -0.0779995719862 -1.39835115241e-27)
(-0.141815351296 -0.205137571022 -2.68221781789e-15)
(-0.289447812059 0.013030402419 -2.23462620977e-15)
(0.15383907928 -0.155011842575 -2.58092033327e-15)
(-0.198089493874 -0.0921325674259 0)
(0.216154863943 -0.042710544912 0)
(-0.0662013803099 -0.131822326962 0)
(-0.0375306869806 0.146562064474 3.12007241558e-15)
(-0.163455802775 -0.189318925693 -2.56752798996e-15)
(0.185923898692 -0.169573746522 -5.45804288435e-17)
(0.262578913009 0.171093927087 0)
(-0.16253209627 -0.0993027791415 0)
(0.0822414708454 0.325791550498 1.81381924279e-15)
(0.236467408079 -0.11042269446 0)
(-0.182125080734 -0.249895683535 2.06659307048e-15)
(-0.153502446107 0.148567138154 2.68200640099e-15)
(0.174837890688 -0.158327142154 2.15514745166e-15)
(0.189816652079 0.244571938563 1.7341525975e-15)
(0.123026868814 -0.179323291621 -8.31259117222e-17)
(-0.34885610934 -0.193016597948 -5.66456700892e-16)
(0.0936659111095 0.0110805312684 -3.55630977334e-15)
(-0.270165624357 -0.177488652311 -2.35642505456e-18)
(-0.0287331355238 -0.014372236591 0)
(0.2345613337 -0.0258937882863 2.89022956621e-15)
(0.127410284344 -0.214264124084 -5.20497831881e-19)
(0.108090910898 0.0643055184916 3.3218157991e-15)
(0.185150704979 -0.15816819176 -9.70127264689e-17)
(-0.127423333473 -0.0368683421613 0)
(-0.386777257677 0.101728611854 0)
(0.22863350878 -0.100589139902 0)
(-0.338349125558 0.0355205845039 -1.89837927869e-15)
(0.181608283978 -0.145020736463 0)
(-0.243036854178 -0.133645547361 -2.10233262021e-15)
(-0.0154469046724 -0.307561507393 0)
(-0.190181498688 0.182134880838 0)
(-0.209945557975 -0.0992207671438 -2.56835433835e-15)
(-0.131874081995 0.34830217095 0)
(-0.0222386834805 -0.19708860365 6.42150516951e-15)
(0.11023853883 -0.111905909446 0)
(0.0593986805896 0.377260573902 -1.13222355871e-26)
(-0.202697206308 -0.175987780066 0)
(-0.174126011184 -0.0781803054792 1.32479773866e-27)
(0.256352524105 0.0700653200098 0)
(0.268710975857 0.119721404174 3.44760430007e-15)
(0.210982957682 -0.134283551343 -2.14484399982e-15)
(-0.0364576307716 -0.136780512399 0)
(-0.261978704908 -0.014421880876 0)
(-0.174478462445 -0.181390046598 5.04788427631e-15)
(0.150865518737 0.304792051137 0)
(-0.130689850391 -0.180889766615 2.80678603414e-15)
(0.163979684525 0.278960750928 0)
(-0.151391752675 -0.120792494894 -2.94022127661e-15)
(0.0822988100617 0.0161671923364 3.55630977334e-15)
(0.105005083547 -0.172204631616 -2.80890201175e-15)
(-0.163315964701 -0.204838448513 -2.52726593535e-15)
(0.178201148423 0.221052369783 0)
(-0.0165423489978 -0.134657965405 3.52702243371e-15)
(-0.292246248096 0.0523218310456 -1.09598166296e-15)
(-0.27163292594 0.173703298949 0)
(0.246548559407 0.240516598822 0)
(0.20713348212 0.161500769779 0)
(-0.186084155215 -0.0994656337028 0)
(-0.0239299817418 -0.315981504227 0)
(-0.0501355569992 -0.0152805545005 1.66225279846e-27)
(0.0705135187388 0.00967434619217 0)
(0.0472759748558 -0.303200358523 -4.16712080016e-15)
(0.0872389813808 -0.116962375422 0)
(0.123222429371 -0.14641064255 -2.92386956514e-15)
(0.0842852433385 -0.130949158811 0)
(0.0958222961489 -0.168567661769 2.9338603625e-15)
(0.165115202626 -0.0171122584293 0)
(-0.222090767495 -0.0916665010689 9.71515055577e-17)
(-0.184760376586 -0.204078191628 -2.26414736514e-15)
(0.126994743932 0.323984811303 -1.62006498609e-15)
(-0.155526716274 0.249529101135 0)
(0.0166742220425 0.255593070137 0)
(-0.140885261509 0.337787354748 0)
(-0.332319104343 -0.21990423505 0)
(0.150995354257 -0.185123758768 -1.03711804225e-15)
(0.24119995149 0.0648900520058 0)
(0.1602311925 0.33633631262 1.05460980557e-15)
(0.204492541697 -0.121964243687 0)
(-0.306127224892 0.0466098571424 1.00707695626e-15)
(0.0441359888619 -0.0409418599425 -3.35996024407e-27)
(0.177162437396 0.253385176678 0)
(0.00124804160954 -0.0445849418839 3.73092926335e-15)
(0.254655238246 0.103110932823 0)
(-0.130307179425 -0.165284748977 -2.91620852725e-15)
(0.0167752935724 0.30715691132 0)
(-0.327256687869 -0.116403599398 0)
(0.00215315165738 -0.0316560821702 7.48070951128e-15)
(-0.157376941719 0.282399348681 0)
(-0.19819262075 -0.0780975124456 0)
(0.264207602413 0.157919102318 0)
(-0.331255662375 -0.0306252998012 0)
(0.13248363241 -0.181590370164 -7.9307271374e-17)
(0.248052655723 0.179705301958 -9.79702948077e-16)
(0.176123033358 0.270064741079 0)
(-0.379850877274 -0.0625950704771 1.2501666243e-15)
(-0.182827522301 -0.234842799269 2.12807296478e-15)
(-0.139021420969 -0.0572124298327 -1.4524272981e-27)
(0.00577757147195 0.280434256929 0)
(0.099919957714 -0.153430843118 -3.0459098862e-15)
(-0.0458385128898 -0.289022174387 1.49967926138e-15)
(-0.151052159928 0.0420143450024 0)
(0.170100424943 0.316492923717 0)
(0.148296358864 -0.206784662267 1.51300601459e-15)
(0.00573785279927 0.297999939499 0)
(-0.274985670923 -0.00753143969554 -2.22252543268e-15)
(0.198978456832 -0.133938361442 0)
(-0.037298379174 0.119556001499 -3.24819375704e-15)
(-0.175476782334 0.0424731971018 -2.98724131821e-15)
(0.0999280632757 -0.108058817038 0)
(0.0904790967321 -0.149559855682 3.0459098862e-15)
(-0.0607091141572 -0.00926801576954 0)
(-0.357524153462 -0.185308073255 0)
(-0.141732412968 -0.189176376806 -7.6360664768e-17)
(0.0657487557912 -0.271949390682 -2.02068877266e-15)
(-0.290225945683 0.0264028141202 -5.05045813621e-17)
(-0.0654433310258 -0.117285694498 -6.9403042605e-15)
(-0.369992856597 0.0126007107983 2.32691984219e-16)
(-0.0717140791938 -0.0160055610606 -1.62790508934e-27)
(0.0939529020446 -0.135038735572 0)
(0.206179677509 0.174151494329 0)
(-0.147315543004 0.224292865501 0)
(-0.186494180729 -0.257262241738 -5.6959734753e-17)
(-0.259398100778 0.195124663611 0)
(0.0568505479567 -0.0214053407198 0)
(-0.16336901158 0.0487426496547 2.9872413182e-15)
(-0.273079251115 0.189163048566 0)
(0.222335540636 -0.112115646205 0)
(-0.0721979743425 -0.262757021231 2.77071463526e-15)
(-0.00547924969288 0.379839862136 0)
(0.0644224064822 -0.248301715599 -2.36954722184e-27)
(-0.127627530915 -0.0502517971449 0)
(0.16263023783 0.295800858811 0)
(0.0167758192384 0.326068069828 1.93406309179e-15)
(0.108983089781 -0.191391723503 2.59928601098e-15)
(0.0705132373648 0.353313032132 -1.6156404329e-15)
(-0.326240048078 0.229818815329 8.81630330591e-16)
(-0.173681506094 -0.212425029387 0)
(-0.162739585766 -0.11359011269 2.94022127661e-15)
(0.0709764641132 -0.252406948382 0)
(0.172095111521 0.327890215172 -1.05460980556e-15)
(-0.0506389943784 -0.0282572735587 -1.66225279846e-27)
(-0.260693917335 0.210983830848 0)
(0.148028052098 -0.169317459548 -2.43709263007e-15)
(0.069671371074 -0.229836708271 2.71260754813e-15)
(0.250837016128 0.151850671832 -4.17367988419e-18)
(-0.23539171459 -0.0562961097358 5.05183242661e-15)
(-0.266792354058 -0.178109250618 0)
(0.00610527185188 0.335161628331 -1.93406309178e-15)
(-0.0747685841224 -0.0965706060423 6.97854300141e-15)
(-0.366654160187 -0.0427151703471 -1.16403248371e-15)
(0.232546824812 -0.0356775611646 0)
(-0.174224456463 -0.0921635538608 -1.32479773866e-27)
(-0.0994205016843 -0.187562761347 0)
(0.237574149454 -0.00596419118918 7.47887406625e-17)
(-0.243956468354 -0.119175191735 0)
(0.0453238340228 -0.028320946807 3.35996024407e-27)
(-0.00733844511698 -0.228465500779 1.18447570971e-17)
(0.0166143689596 0.271977403158 0)
(0.253146390991 -0.00953418911554 5.58666630541e-15)
(0.255965972542 0.080461231439 0)
(-0.261332032916 -0.0279986346361 -1.01754402125e-16)
(0.25407551733 0.114401992516 -3.4809867311e-15)
(0.132164954835 -0.219093658272 7.03979217283e-16)
(-0.0775338996248 -0.154965213113 0)
(-0.417582153994 0.0577084680156 -4.58356659918e-16)
(-0.0448893905457 0.395891646201 9.93931384432e-16)
(0.165655075896 -0.191194459716 -7.37433673971e-16)
(0.399286207552 0.0679211699896 -8.76966767978e-17)
(-0.0611363135649 -0.399068432068 0)
(-0.253564250333 -0.139895176772 2.10233262021e-15)
(-0.350163019834 -0.211010218377 -1.54595376455e-17)
(-0.190119801092 0.169685584315 6.80955415522e-29)
(-0.0376421771324 0.16050344586 0)
(-0.129429027248 -0.13485306178 1.40552356722e-27)
(0.243971833103 -0.122621788773 -8.70096403712e-16)
(0.287446208718 0.0108379862874 0)
(-0.41640871362 0.0731887914419 4.66006718937e-16)
(-0.320345903875 -0.246928864766 0)
(-0.233637605086 -0.0983381287348 4.84096932302e-15)
(-0.129030294174 -0.120217242934 6.25865133366e-15)
(-0.34798766711 -0.0630727017161 8.22464081278e-16)
(0.155212075937 0.186437847476 -5.61523779201e-18)
(0.207264074833 -0.00821804908931 -7.29257865682e-17)
(-0.234859641336 -0.0701821396679 0)
(0.251218906185 -0.0194745252763 0)
(0.196906781522 0.296588512931 -6.83279251488e-28)
(-0.353702419352 0.0180687504812 0)
(0.235319286676 0.160212730918 -4.07053455575e-18)
(-0.139975343447 -0.113162150449 -3.09361192956e-15)
(0.100219556052 -0.188136758166 0)
(-0.0725861658217 -0.28140940822 5.28236718945e-15)
(0.14875231655 0.320969196374 0)
(0.301517324805 -0.018396802082 -3.81753466724e-15)
(0.0719819730265 -0.140419357712 0)
(-0.0402712648659 -0.0342100905534 3.34867431462e-27)
(-0.0604311842387 0.188964290621 0)
(-0.334158406416 0.155708221386 0)
(-0.345736046016 -0.208719712442 1.45085096124e-17)
(-0.0881664415418 -0.163331285846 -6.00910268925e-21)
(0.231630354714 0.202763380048 9.44180746372e-16)
(-0.152448800945 -0.181371721719 -2.73042536937e-15)
(0.154437497013 0.33754335518 0)
(-0.161039171421 0.329169216038 -5.41622238629e-16)
(0.219957115362 -0.022354487458 7.44088958796e-17)
(-0.349089844684 -0.00851868811034 1.84324494419e-15)
(0.164956460837 0.245633646774 0)
(0.0509213867361 -0.145192899424 3.33213426682e-15)
(0.350408320033 0.131881749264 -5.49358359491e-16)
(0.0871144733755 -0.20009979537 0)
(-0.0597252083566 0.392741957684 -8.93354535307e-28)
(0.240195437078 0.0866436794223 1.33692244287e-15)
(0.190724721924 -0.0253003267854 0)
(-0.329335114963 -0.0425427068515 -1.8109128207e-15)
(-0.0719380352132 0.210650559533 -4.72797454953e-27)
(0.137103999051 0.329858940347 2.58219167911e-27)
(-0.075411757139 -0.110693934118 4.63642889308e-17)
(0.179149350821 -0.0105533573535 0)
(0.165437360152 0.229414105471 0)
(0.035351211738 -0.269710397351 2.54317362935e-15)
(-0.305020713138 0.0333765089165 -1.07941329976e-15)
(0.00676924309724 0.119459237948 0)
(-0.23297013554 -0.112711354993 2.39834182138e-15)
(-0.253123721235 -0.15451323463 0)
(-0.106562362642 0.203695420054 0)
(-0.304951980578 -0.23691296935 1.20029398144e-15)
(-0.365568263242 -0.0727695885446 -1.05968084113e-15)
(-0.130203366416 0.203881182514 0)
(-0.0433372835387 -0.23386908903 1.45365908162e-18)
(0.158186329553 -0.170767190478 0)
(0.266095402871 -0.0219725374683 0)
(-0.0833547483165 0.203542289518 0)
(-0.0511977512742 -0.208811662175 -6.29057078154e-15)
(-0.00480698991137 0.362948366001 0)
(0.158312152996 0.325112945111 0)
(-0.330769987722 -0.23710896347 0)
(0.29845755067 -0.0287262377384 -4.91631418659e-18)
(0.082230366864 -0.216979342671 2.58590137966e-15)
(-0.247899983498 -0.0489858949072 -1.00157180819e-16)
(-0.347375765852 -0.0487715070623 0)
(0.0626504299672 -0.135795985864 -3.33213426681e-15)
(0.20932481311 0.122663944603 0)
(-0.120305706367 0.126252005642 -2.44824247957e-17)
(-0.348622195267 -0.0213755974797 8.1405663754e-16)
(0.221630019945 -0.0120932862701 -5.88858917799e-15)
(0.380107354037 0.0801750010384 0)
(0.104661043503 0.325314946945 0)
(-0.0154013457479 -0.22138525676 1.54288906685e-15)
(-0.0949222945352 0.210788399164 -2.296223362e-27)
(-0.300277589362 0.148364736306 -8.4773625235e-17)
(-0.00974831183686 -0.0517782625084 -3.73092926339e-15)
(0.00662160538247 0.160076822006 2.26405341078e-26)
(0.239802346284 0.0977892911538 1.28905468931e-15)
(-0.154981460224 0.233688843206 2.1508192462e-15)
(0.224115700996 0.115901561527 0)
(-0.140985800004 -0.157851026092 2.91620852725e-15)
(-0.0137300934133 -0.20410199933 -4.82693906811e-15)
(-0.0524659698611 -0.0678947950704 0)
(0.0935991026759 0.334037846879 0)
(-0.200435884382 0.252620765389 2.30220561985e-16)
(-0.333158316967 0.145278977973 2.44412197252e-16)
(0.194620326326 0.142269889786 -1.21266122476e-18)
(-0.138449129829 0.316240515934 0)
(-0.265798005255 -0.162253027705 0)
(0.115739224343 0.332613566831 1.62006498608e-15)
(-0.152312680341 -0.165913542319 -2.76143045282e-15)
(0.314302538693 -0.0388232743189 1.93683401979e-15)
(0.219649595856 0.181674775 2.14457316485e-15)
(0.0813938814674 0.359720118966 1.6156404329e-15)
(0.163372574292 -0.0282600477771 0)
(0.316019592748 -0.0307612029749 0)
(-0.367894705716 5.87786713255e-05 6.18327265288e-16)
(-0.384765709095 -0.0503515022636 1.37932731502e-15)
(-0.317944103288 -0.209990362245 1.21771447408e-15)
(-0.353892303313 0.132982508099 -2.54302113266e-16)
(-0.32782301597 -0.132119120683 -7.09245314082e-16)
(0.115733459416 -0.0864752151654 6.29304979159e-21)
(0.18624684808 0.314042883959 0)
(0.104279686239 -0.245481590002 -1.79833688959e-15)
(-0.20397006645 -0.422459614135 0)
(-0.340936519562 0.209995051525 0)
(0.393675452613 0.0616442167383 0)
(-0.28250223532 -0.188261520757 -7.5520485082e-16)
(-0.208892317068 -0.142925846175 2.4111032578e-15)
(0.19247639081 -0.0145929901287 3.05432161158e-15)
(-0.0605379588205 0.203383683051 -2.71497329131e-15)
(0.175015880025 0.322848600661 1.53884805885e-27)
(0.0842538561118 0.179827836314 -2.60436293188e-27)
(-0.151670772061 -0.135445413512 0)
(-0.320298414078 0.0279082305804 1.89741269273e-15)
(0.131634755431 -0.0660573846054 0)
(0.342681685777 0.132916648133 1.60696474038e-15)
(-0.193811683461 -0.426870821355 0)
(0.315092761727 0.157855261755 0)
(0.179955836956 0.176378796933 -2.38931785327e-15)
(0.23817728869 0.121370165011 1.19251759009e-15)
(0.366171461039 0.0695693498612 4.99173916549e-17)
(0.00598256383476 0.353924076252 -6.65855870376e-27)
(-0.302944738831 0.00764656345569 0)
(0.00652000282201 0.0807509526472 -1.27795842595e-26)
(0.192936675864 0.192799216208 3.76216253728e-17)
(-0.051962027599 -0.225887882446 0)
(-0.284914875822 -0.205927852819 -1.50455141663e-15)
(0.00621557497045 0.202717299325 0)
(0.199119165733 0.275233358773 5.10079761953e-28)
(-0.140887401511 0.355293498702 0)
(0.395312067487 0.0588799387918 2.06292981063e-15)
(0.191538655347 0.285192185572 0)
(0.0912248935724 -0.241211427246 1.19462762105e-15)
(0.0845141577503 -0.238458346785 -1.18538608652e-15)
(0.186774324729 0.306569169985 0)
(0.0924651155762 0.351243581937 0)
(-0.140665169185 -0.142756693357 0)
(0.147527516591 -0.0467135377479 0)
(-0.303032774661 -0.218266556846 -1.2154314248e-15)
(0.118313186359 -0.0738964989504 -6.2930507958e-21)
(0.0963023070559 0.145507220727 3.02886666012e-15)
(0.0170701985231 0.209845161089 0)
(-0.2019741718 -0.391319235878 0)
(0.152112266516 -0.0851646088899 9.30759234183e-20)
(-0.0999483358843 -0.203808711399 0)
(-0.185877615277 -0.158321692123 -2.50162806783e-15)
(-0.206249942634 -0.2025715253 0)
(0.237493435196 0.133463788683 1.12588798023e-15)
(-0.222947821965 0.310453432897 0)
(-0.333781504914 -0.0025389174073 -1.75360795016e-15)
(0.0753561370996 -0.0561194566751 7.12788888078e-15)
(-0.186024149431 -0.14340471299 2.59974873321e-15)
(0.184480695615 -0.0577039470664 0)
(0.103325089295 -0.207946205336 1.22343119351e-15)
(0.333680937933 0.144125232832 -9.3315498484e-16)
(0.278520403788 -0.0442948358349 1.24618133766e-15)
(0.176119824696 -0.0320663797698 0)
(-0.330879681936 -0.168173077306 1.2435334421e-15)
(-0.330828368675 0.219960257192 -1.15830361507e-15)
(0.0675899351287 -0.0263859766844 0)
(0.206511463407 0.175131275075 -2.14527608465e-15)
(-0.31949534503 0.015102033654 -1.91099249643e-18)
(0.111385502181 -0.210570225109 -3.58142113141e-15)
(0.149547223885 -0.0351967729842 0)
(0.0900813970621 -0.220897215521 -2.59917423764e-15)
(0.107876421406 0.369775853622 -8.28005724695e-27)
(0.00574324778235 0.0432391372348 0)
(-0.163331359661 -0.158328749587 2.76143045282e-15)
(0.104648817437 -0.226995221872 0)
(-0.0812551457161 -0.236713298727 5.78065885226e-15)
(0.0961356435304 0.158892542271 2.90857167906e-15)
(-0.335083696052 0.00963354866975 -7.2098197147e-18)
(0.0844565696891 0.165987171056 -2.90857167906e-15)
(0.208865844888 0.135040100029 0)
(-0.163163614323 -0.143276739614 2.77519755419e-15)
(0.180435674057 0.162681257041 4.98200904214e-15)
(-0.315982092146 -0.0113951160281 0)
(-0.196521436598 -0.180683305329 2.29583095536e-15)
(0.246178241556 0.193504443154 1.77847710065e-18)
(0.0662654379711 -0.0387919180531 -3.60962983655e-15)
(-0.174591671809 -0.166121281764 0)
(-0.302278750191 -0.00552393922141 0)
(-0.237319777873 0.275475485657 -4.27628243419e-28)
(0.144985992354 0.31357897601 5.74863846311e-16)
(-0.0493952795351 0.225249885326 0)
(-0.146936380547 0.314193122424 -2.97675509593e-16)
(-0.0639701446753 -0.0889999394615 -3.51257173934e-15)
(-0.144157109872 0.165947877183 -2.79115303948e-17)
(0.148521425001 0.263037199362 0)
(-0.180687796193 -0.282512764046 8.87522241126e-16)
(-0.147096811686 0.349492642147 0)
(-0.266708734769 -0.11724621523 0)
(-0.174510054532 -0.135821147761 -2.77519755419e-15)
(-0.0902722164858 -0.211566623729 -5.54102205382e-21)
(-0.197605105771 -0.135711025393 -2.59974873321e-15)
(-0.155905963758 0.286561341995 2.37775054754e-16)
(-0.315155570202 -0.0243447047253 -9.94048475191e-16)
(-0.194949186186 -0.211188717318 2.26414736513e-15)
(-0.0423944989901 -0.0739931527024 0)
(0.179232457864 -0.0800907543545 -3.55188235581e-19)
(-0.177398384252 0.275505255543 0)
(-0.123021689656 0.143674005414 -1.19610902077e-17)
(0.186965259244 -0.0466323520741 0)
(0.192555960497 0.183064136497 0)
(-0.0493301909331 0.210501191735 2.71497329131e-15)
(0.222135188715 0.140915787224 0)
(-0.298611073238 -0.0453777119877 -9.66545500955e-16)
(-0.280633412419 -0.109111977646 -9.28972510821e-16)
(-0.098245040907 0.105741230139 0)
(-0.199055212485 0.324104020287 3.0418688793e-28)
(0.111794463017 -0.228930934411 -6.39586092741e-17)
(-0.0796997715191 -0.202621287423 0)
(-0.208421291518 -0.157705892911 -2.19447205149e-27)
(-0.143654056711 0.291965656521 5.99004548398e-17)
(-0.212868650148 0.274648467085 0)
(-0.0518037259668 -0.0544840317104 3.37729700095e-17)
(0.221608806485 0.15388925906 0)
(-0.186724352256 0.267647957438 0)
(-0.283299238373 -0.0671570053526 -3.11170341508e-15)
(0.0962627981533 0.0699832194169 -3.04755653172e-27)
(0.0965792003552 0.0820991618511 3.04755653172e-27)
(0.169535009837 -0.0653618762445 0)
(-0.28746985749 -0.0131837743926 2.22907289961e-15)
(0.1433386734 0.157432851457 -2.66096272958e-15)
(-0.0906673226267 -0.228364554811 -5.69721704333e-17)
(-0.256872153978 -0.0967136397374 0)
(-0.196991256068 -0.165732772912 2.50162806783e-15)
(-0.186722920758 0.332303250046 0)
(0.0641859424516 0.385883218415 0)
(-0.0710201528414 -0.227488630169 -5.87494040704e-15)
(0.257958301939 0.198682663867 -7.46328933314e-19)
(-0.167747619621 0.165828228944 0)
(-0.245724023008 -0.0906538128676 -2.36993482816e-15)
(0.0384266203602 0.271879518582 0)
(0.0043192450222 0.0060616194781 3.70840885475e-15)
(-0.146017177358 0.156716463991 5.25650908805e-17)
(-0.194180806022 -0.225933633349 -2.12807296477e-15)
(-0.284314102527 -0.0534586752338 -1.08239366648e-15)
(-0.0640619135186 -0.289985880945 -2.62943455797e-15)
(-0.0633085643816 -0.0752540933439 -3.5582782444e-15)
(-0.00439117859215 0.0869158636057 -2.49165359704e-26)
(-0.299319712933 -0.0319571978625 2.03843204461e-15)
(-0.00425800173546 0.126035763854 -2.34563858157e-26)
(-0.00501079511261 0.0490830429603 0)
(0.0467996607953 0.392652167683 1.23230152449e-15)
(-0.233582839524 0.300354318982 0)
(0.146860016749 0.290515943451 0)
(-0.0538965211971 -0.280478293846 1.09250364033e-17)
(-0.00449184433506 0.167088815877 0)
(0.244324192691 -0.0487680827759 4.02056316709e-15)
(-0.0601872395789 -0.201210109362 6.22076330234e-15)
(0.159674245684 -0.0504261519997 0)
(0.280485750652 -0.03574978065 -2.61619543118e-15)
(0.247233628692 -0.0388080408689 0)
(-0.198533375842 0.311205375348 0)
(-0.00622531008665 0.0116832209097 -3.70840885472e-15)
(-0.286543079406 -0.0265400896311 -1.04760362332e-15)
(0.0557138611947 0.393732726454 -1.23230152449e-15)
(0.039054958966 0.209510152874 9.77925701217e-27)
(-0.00491105946966 0.210110401096 0)
(-0.270248985339 -0.0748643612434 4.33428866867e-15)
(-0.0620821179996 -0.235429835446 2.96048979748e-15)
(-0.181785966948 -0.301576937782 1.38698070632e-17)
(-0.273183953509 -0.0337925059515 -2.30984395568e-15)
(-0.184143805528 0.296722685076 0)
(-0.0720056283842 0.225310856598 4.72797454953e-27)
(0.130897980653 0.164689587104 0)
(-0.0606677328147 0.232692792863 0)
(0.0616910947479 -0.0766221782246 -1.30360272513e-26)
(0.157244449324 -0.0619729645185 0)
(-0.0834495681788 0.232743906996 0)
(0.00588217907579 0.232338778261 -2.63646154483e-15)
(-0.0950190932084 0.225388483761 2.296223362e-27)
(-0.0409153421495 -0.0473339126644 -7.3474049581e-15)
(-0.106683434885 0.232836363292 -4.22716261136e-27)
(0.0634348164478 -0.0636356847753 -7.20335800073e-15)
(-0.255989918303 -0.111148599134 0)
(-0.07035076267 -0.210366650784 -3.09127441006e-15)
(0.259911097965 -0.0515889632 -2.64704905973e-15)
(-0.0626392728138 -0.25316072957 0)
(0.156158423965 0.27982345154 5.81626681888e-20)
(0.174018528278 -0.0431768496812 0)
(-0.316196442759 -0.191356853267 -6.07402100122e-16)
(-0.272442041175 -0.0476620840428 1.08271766065e-15)
(-0.101462885488 0.113193845662 0)
(-0.294105066431 -0.116228471798 -8.02377745777e-16)
(0.120459890748 0.082349156999 -2.96662457173e-27)
(0.194598383613 -0.0719391261247 0)
(0.213531614744 -0.0532382523399 0)
(-0.259712707192 -0.0550661519334 -2.37775201331e-15)
(-0.0215968590758 -0.0724731279011 0)
(0.166652609298 -0.076943856328 0)
(-0.167569808352 0.177289952326 -1.24407365172e-16)
(-0.0632316189291 -0.308540035997 -1.07206221642e-15)
(0.108387426837 0.0882809220282 0)
(-0.228948702222 0.286766177481 0)
(-0.269300002819 -0.089073349984 0)
(0.0482960002637 0.383773161101 0)
(0.0275812410918 0.280490371967 0)
(-0.298347816255 -0.180632328693 7.54921456984e-16)
(-0.310344471525 -0.140735099502 0)
(-0.258881564418 -0.0689675598406 -2.22357841248e-15)
(-0.246558824014 -0.0765551179677 0)
(0.0276487271177 0.247539165259 0)
(-0.281091801046 -0.0949922528289 3.83252402882e-18)
(-0.294947384386 -0.131283233192 0)
(-0.296792949953 -0.164271560272 1.51258827676e-15)
(0.102434697359 0.356859500173 0)
(0.264152631056 -0.0315502413267 2.61648648307e-15)
(-0.312042645671 -0.156922167113 -1.53880051848e-15)
(-0.00570642481909 0.0242631135317 3.66256289917e-15)
(-0.0047048606038 0.0616872102086 0)
(-0.00737497357689 -0.013288895945 -3.72452698919e-15)
(-0.00426940039429 0.0998404579637 -3.37416828929e-15)
(-0.266449527736 -0.131851214926 0)
(-0.00810218049568 -0.0260803739479 -3.7392468057e-15)
(-0.00427789372275 0.139557387224 3.16447938894e-15)
(-0.0190732663149 -0.0330342719699 0)
(0.197638281239 -0.0608553546811 0)
(-0.280197525487 -0.154604754731 0)
(-0.00459026725192 0.181282706491 -2.92166260741e-15)
(0.154459997909 0.309515809114 -5.74853222611e-16)
(0.257100960024 -0.060582180827 0)
(-0.0315519918281 -0.0665839999434 0)
(-0.0198427843409 -0.0460690556808 0)
(-0.279519926751 -0.139603692452 0)
(0.131218537456 0.333738565972 0)
(0.293848121408 -0.0470969236279 -1.24616362728e-15)
(-0.00501082482665 0.224931021179 0)
(0.0282157753514 0.202399815643 0)
(0.14278460699 0.327349101944 0)
(-0.136743941194 0.134742947102 2.93433441343e-18)
(0.038898751357 0.224332768344 -9.77925701216e-27)
(0.0675911882369 0.38107791197 -1.38846661117e-15)
(-0.0307543817861 -0.0532472147584 3.68687925054e-15)
(0.113953425753 0.34868724777 5.6180992678e-27)
(0.136924981952 0.354288468192 -8.31089022725e-27)
(0.0277794562703 0.232095387371 0)
(0.0428929354345 0.394423066829 1.05813072445e-15)
(0.0727219634073 0.388879425389 0)
(0.0896105507135 0.378754386868 0)
(0.0274570935365 0.298203302611 0)
(0.0527428014829 0.384842953141 0)
(-0.118339345554 0.115919617981 -2.77697465845e-18)
(0.0844755064301 0.382057799893 0)
(0.0274117712127 0.354312362177 0)
(0.121219970336 0.353501146791 8.42435807336e-16)
(0.0168115825546 0.362689732244 0)
(0.0266557309034 0.385622712726 1.51531456299e-15)
(0.0657225927837 0.392746727864 -1.20258549904e-27)
(0.0168706495056 0.379765112157 -1.51531456297e-15)
(0.142636997906 0.345798784028 8.31089022727e-27)
(0.0884029528215 0.376005422672 -1.35336783287e-15)
(0.0788688290159 0.374116424233 2.74183444407e-15)
(0.0353387270884 0.397866072691 0)
(0.0254594437878 0.397557702701 -1.01972947748e-26)
(0.122736885029 0.352186554722 -1.34934729646e-15)
(0.272352699748 -0.0637859730492 -2.02280715393e-17)
(0.119546071122 0.363199127099 9.33003575376e-27)
(0.289675602892 -0.0552937635005 0)
(0.0308105665678 0.398227758897 0)
(0.132989347076 0.346822931721 -8.42435807334e-16)
(0.100061200643 0.369793059178 0)
(0.124953545328 0.361198286781 -7.462357141e-27)
(0.119246115449 0.36598701807 7.46235714101e-27)
(0.134316736484 0.344550644698 1.34934729645e-15)
(0.153515271866 0.342020064922 0)
(0.154231879006 0.332687055793 0)
(0.165965089329 0.324021091847 -1.53884805889e-27)
(0.164987992605 0.313589170101 -1.85687021267e-20)
(0.179000802334 0.28257889579 0)
(0.171009633143 0.290898202908 -5.81545204357e-20)
(0.175477755495 0.306221363977 0)
(0.141551988485 0.348609788428 1.60269150295e-27)
(0.19728803565 0.249279872631 1.45631441338e-16)
(0.21398362227 0.249300376949 0)
(0.275046065063 -0.102659159807 0)
(-0.415171512264 0.00548368879282 0)
(-0.334712901258 -0.224421355572 0)
(0.209366149526 0.207828285879 -1.72839711336e-16)
(-0.383955704641 0.125566333876 -1.04601875664e-15)
(-0.0381562495797 -0.333287886243 1.62259635399e-15)
(-0.0178521139505 -0.371526062911 0)
(0.0406696364007 -0.324591952889 0)
(-0.398807904395 0.00636646227563 1.03469465295e-15)
(0.24512703502 -0.0908084463873 8.25974848484e-17)
(0.267271116942 -0.0738204684263 2.08713509658e-17)
(0.342278002934 0.134321652734 -8.28064939358e-16)
(-0.368491410996 0.148524832239 0)
(0.0334082689801 -0.114041274689 -5.12529261151e-17)
(0.115510978458 -0.121696682027 0)
(-0.0563647484185 0.0515919966199 -8.11338541627e-18)
(0.089379340319 0.140752479757 7.01447174167e-18)
(-0.102197324545 -0.101113554411 -1.30974986903e-16)
(-0.0896516344944 0.087245698376 0)
(0.30608531971 0.0349528067141 -1.17304159254e-15)
(0.310813599338 -0.0667525785299 0)
(-0.288841030829 -0.26650499951 -9.04121146256e-17)
(-0.360642303732 -0.167941922785 -3.87433008128e-16)
(-0.34730987387 -0.141858008858 6.16431822824e-16)
(0.384851623082 -0.0151348903441 0)
(-0.417307368954 -0.0490771227795 0)
(-0.385458678847 0.136462381646 1.11346118343e-15)
(0.242758644513 0.178700088558 0)
(-0.344197490643 -0.109897492123 7.18241167629e-16)
(-0.363837013909 -0.0870004041113 0)
(-0.266684268904 -0.221855448224 -9.41206408931e-19)
(0.341206185814 -0.0551739002274 -3.59777475048e-17)
(-0.0375795320378 -0.316788659304 1.47521344783e-15)
(-0.136691823699 -0.336149555105 -5.08177434557e-16)
(-0.122029913578 -0.332734899576 -5.78918266042e-16)
(-0.147949044228 -0.409661694583 -1.7067377371e-15)
(-0.164991826596 -0.341054906677 -1.3234398998e-15)
(-0.076680894704 -0.33788176217 0)
(-0.123491309953 -0.401064146798 -1.36184679721e-15)
(-0.167496657696 -0.418872926168 0)
(-0.0719162967626 -0.382846803491 5.50762899369e-16)
(-0.0319027917318 -0.385107155642 2.14316027453e-15)
(-0.258186204339 -0.342309213729 3.09509041323e-17)
(-0.220105014659 -0.329878886302 1.35342135455e-16)
(-0.0204346602905 -0.386603341205 0)
(-0.256396649474 -0.288296545084 0)
(-0.211505360989 -0.368056867894 -1.46918071956e-16)
(-0.241401321874 -0.354403435271 0)
(-0.18167874303 -0.242122424859 6.39267977915e-17)
(-0.149529496577 -0.176187489685 -8.20398673911e-17)
(0.018793772209 -0.351433648906 0)
(0.00361853440428 -0.280852977096 1.50990378187e-15)
(0.018912654367 -0.274396005705 -8.11871009715e-16)
(0.0108399666486 -0.324243412818 -2.13221748158e-15)
(0.0306772576587 -0.332084943177 -1.90015918495e-15)
(0.069348771461 -0.296513269611 0)
(0.0710467318816 -0.274410919624 4.2961126228e-17)
(0.0907703903722 -0.258635879158 0)
(-0.0527219238765 -0.318332881105 -6.12436189569e-16)
(-0.326284775578 0.19596955869 5.94722766758e-16)
(0.30645470399 0.0552239069145 0)
(0.30227218871 -0.0863755706981 -1.14266632114e-15)
(0.298094507236 0.128687189515 0)
(0.343596162661 0.0317908368765 1.19020929564e-15)
(0.321010567721 -0.00462053085619 -2.20886961912e-15)
(0.303794086187 0.00750254050706 0)
(0.219797172901 -0.134009691778 5.8966506391e-16)
(-0.348843547054 0.161729619303 0)
(0.329877881247 0.149232092849 1.31856966688e-15)
(0.249911879491 -0.0841100911183 0)
(-0.345575533407 -0.226111935904 2.98387603773e-16)
(-0.328813804251 -0.252450324717 2.02913566471e-16)
(0.248451088896 -0.082374628619 -1.44775899582e-15)
(-0.278822851635 0.174268173249 1.63394871705e-16)
(-0.239404012949 0.170191958939 9.0383813372e-17)
(0.253140728745 -0.0990727415785 6.2470082344e-16)
(0.35326770758 0.0909391150488 0)
(0.35610714831 0.0747810627627 3.15478345204e-15)
(-0.0408389396871 -0.341373579003 -4.4308914993e-16)
(-0.0215637405613 -0.363946173351 4.18420612278e-16)
(0.0393573358339 -0.326212524293 -3.59161513246e-16)
(0.272392604982 0.168769135229 3.7457501861e-16)
(0.394749758828 -0.00891798590516 0)
(-0.420572810189 -0.0495283119428 4.31078210265e-16)
(-0.358304718231 0.0896818406662 8.51744077191e-16)
(0.337213311746 0.127310066211 0)
(-0.383856329724 0.149241566693 0)
(0.0660300067256 -0.143680510429 5.12327919249e-17)
(-0.122932753183 -0.128855957822 0)
(0.117681268929 0.162144316882 -7.2936232349e-18)
(-0.072197903778 0.0722072766245 1.15184921074e-18)
(-0.354293342665 -0.202693689455 0)
(0.305932722938 0.0260810370526 -2.48930771167e-15)
(-0.288591771273 -0.235338539097 4.81762174831e-17)
(-0.359821793063 0.113191542212 8.74995644385e-16)
(-0.384479209606 -0.0151389485548 1.813743862e-15)
(0.29149287955 0.192374309698 6.90958485444e-16)
(0.219538483728 -0.142574734938 0)
(-0.303150422499 -0.265171532849 -4.02108810687e-16)
(0.262541011965 -0.113027127163 7.92399352471e-17)
(0.234937527314 0.234403506625 0)
(-0.416981281308 0.0582569181824 0)
(0.241212968326 -0.0791170507826 -4.05122482777e-16)
(0.222252987671 -0.0874596879988 1.40548176586e-16)
(0.165314536708 0.22466276455 2.98547083449e-16)
(-0.13823119652 0.126849820501 0)
(-0.386552456697 0.0213159460871 -8.62388988306e-16)
(0.244709709217 -0.0709346487231 0)
(0.290418789036 -0.0691367777491 0)
(-0.176189208323 0.133739244991 4.59588512021e-17)
(0.308134260379 0.169579808126 -1.06494732547e-15)
(-0.314764453085 0.166808314489 -1.07775175372e-16)
(-0.348537490214 -0.157806117655 -1.12369083061e-15)
(0.375677746778 -0.0222789309146 -1.04859406629e-15)
(-0.410831787341 -0.0822916456339 0)
(-0.34259626291 0.117253562901 -8.79175408374e-16)
(-0.340161559475 0.0866812703189 -2.18559572856e-15)
(-0.354305411347 0.0665260268471 0)
(0.21125266809 -0.15374386368 -5.40231927894e-17)
(0.0755147674061 0.126760727427 3.17821982322e-17)
(-0.0640948573394 -0.0810416141113 6.20742974606e-17)
(-0.0718425515171 -0.0759820704496 0)
(0.0677290746309 0.135291740043 0)
(0.175484414972 -0.0266721206824 5.65375217459e-17)
(0.161530521392 -0.0451214026338 -4.74037989602e-17)
(-0.0329366267205 0.0365805727242 2.33733945892e-18)
(-0.0348941735321 0.0364721148583 -4.11500304314e-18)
(-0.308368275694 -0.253411590144 1.86454054348e-16)
(-0.378388860962 -0.152147179747 -1.19740488823e-16)
(-0.417215817111 -0.00689992053787 -6.57206877233e-16)
(-0.0550457016742 -0.363656427988 8.08265477084e-17)
(0.0682975516618 -0.245592908887 9.82109922143e-16)
(0.0726986769503 -0.282179974739 0)
(0.0338296803742 -0.287100570033 -1.33168834818e-15)
(0.103527555732 -0.25800392608 2.56387414661e-15)
(0.233153679782 0.185948256372 0)
(-0.344153911191 -0.0943624827261 -1.59370009939e-15)
(0.354051580673 -0.0446297078201 0)
(-0.370822011967 -0.159227266415 -4.33596317242e-18)
(-0.223179164628 -0.352203688967 3.42858831505e-16)
(-0.203720376909 -0.342436048788 1.44254972225e-15)
(-0.130804331292 -0.324443848087 1.00510164992e-17)
(-0.163531914155 -0.426475543664 0)
(-0.0932368464446 -0.407674533122 0)
(-0.116237426343 -0.412144602992 0)
(-0.0992257575462 -0.396904482939 0)
(-0.174358351053 -0.331606712417 1.64179460107e-15)
(-0.0715593131758 -0.332954798049 1.35381174922e-15)
(-0.0459921881423 -0.307952478003 1.29790368326e-15)
(-0.20679605393 -0.331405043126 -1.35342135455e-16)
(-0.195918280079 -0.347994476317 -1.4713687431e-15)
(-0.267572741953 -0.32139215984 1.02008965452e-16)
(-0.270335009265 -0.33316773744 0)
(-0.233324145624 -0.343876312745 0)
(-0.277379168115 -0.309481961672 -9.22629845241e-18)
(-0.148050184158 -0.193894500644 9.34355085242e-17)
(-0.0280047986428 -0.400168956084 -2.39407091342e-15)
(0.0118141060675 -0.265767975285 1.73400110386e-15)
(0.0138926020465 -0.331519238157 1.59375820949e-15)
(0.0194995646527 -0.351861176533 0)
(0.0693115950134 -0.294579815634 0)
(0.0849249320656 -0.256332997606 -1.3364819819e-15)
(0.10274638118 -0.242318537534 -7.57800140285e-16)
(0.305742607489 0.0633418068278 1.22757392878e-15)
(0.307334626129 -0.0905917826443 2.10123518283e-15)
(0.33657986598 0.0222364354017 -2.80065536225e-15)
(0.300189729262 0.117597793825 -2.21993489978e-15)
(-0.351823942029 -0.174055806131 1.38216857941e-16)
(0.321008808977 0.0408126324657 1.76540886194e-15)
(-0.39736153471 0.0699788632657 -1.8661695226e-15)
(0.319323011986 0.0195200057956 4.18543336761e-15)
(-0.231418864376 -0.245829599423 -1.2890004076e-17)
(0.302818203368 -0.00187160288761 0)
(-0.0134999816237 -0.336383021603 0)
(-0.0381885785577 -0.359366971131 4.2818182819e-16)
(-0.0191943383446 -0.344970271414 1.24766364445e-15)
(-0.00931027319885 -0.316444220439 -8.12509790388e-16)
(0.0531718799136 -0.309402955491 3.67567867557e-15)
(0.0242372137171 -0.336932230995 -3.68571010542e-16)
(0.144019402874 -0.195641084163 6.98697479209e-17)
(0.12820061137 -0.211799478631 0)
(0.165344924669 -0.183066783292 -6.71239697008e-16)
(0.181956444015 -0.165979158831 5.93475177646e-16)
(-0.336524191428 -0.241754864176 -2.97768103584e-16)
(0.110202420053 -0.220945007671 0)
(0.0280978235922 -0.319789067028 -1.20615441919e-15)
(-0.246407479007 0.158386980807 -9.94531450852e-17)
(-0.381455032674 0.147231513786 -7.06956832917e-16)
(0.366971433408 0.0813439294357 0)
(0.305629564581 0.143904816361 2.6469986987e-15)
(-0.369466440221 0.168788816772 -1.31626146769e-15)
(0.288309090507 0.172783890814 0)
(-0.259902395724 -0.245830024631 1.1265532035e-16)
(-0.0624288389027 -0.353531474707 8.57842843199e-17)
(0.0745068564761 -0.269306358854 -3.78289960092e-16)
(0.0251134790175 -0.300212366055 0)
(0.0755286985686 -0.256971311879 -1.04177957189e-15)
(0.0924074163028 -0.271709623589 -1.95566993742e-15)
(0.252410689773 -0.122458410615 -8.43718917067e-16)
(-0.379012904628 -0.148070361058 5.50723791918e-16)
(0.389934352626 0.00207652314386 2.97029838533e-16)
(-0.413651928354 -0.0332522542589 -4.47725430155e-16)
(-0.365415907064 -0.191586598364 3.8367955773e-16)
(0.292234870067 -0.097023008577 -2.03353064284e-15)
(0.337952301584 0.0377151729294 2.8267804586e-15)
(-0.229353784703 0.177676151487 2.41328881151e-16)
(-0.302934086393 0.177190094071 -3.17470696322e-16)
(-0.358690750528 -0.134187171149 0)
(-0.385677510192 -0.00345234970154 -1.634668893e-15)
(0.318030720663 0.143168606147 -1.53230247979e-15)
(-0.37338947509 0.166190277184 0)
(0.302746776749 0.184468720179 1.70741860568e-16)
(-0.345905576845 0.19273112682 0)
(-0.394744849849 0.0582005826344 0)
(-0.206469712485 0.171254275774 4.70117009763e-17)
(-0.360031790253 -0.11821868771 -8.76135014638e-16)
(0.312326391503 0.159332717276 0)
(-0.361520064212 0.179880545418 5.01977955414e-16)
(-0.249845375499 -0.223832090128 1.1203672772e-18)
(-0.0624827770736 -0.343352756248 -1.68890885239e-15)
(0.0211254428295 -0.316541510673 0)
(0.100613690814 -0.237280690486 0)
(0.0945399279417 -0.258999222218 1.12141334474e-15)
(0.0796256642641 -0.281061730101 -9.42342816286e-16)
(0.216146098534 0.237727018488 0)
(-0.409259606907 0.0686606611741 1.9993519944e-16)
(0.252975547153 -0.0726316536387 0)
(-0.16643914734 0.144398520658 -3.9338337808e-17)
(0.186969706578 0.235303443346 -3.99195084848e-16)
(0.293705518623 -0.0945265858559 1.16123893838e-15)
(-0.389105564849 0.0335084785889 0)
(0.283206048386 -0.0558796603183 0)
(0.319632362994 0.0492848228224 -4.13908769654e-16)
(0.284572511787 -0.0873220643916 1.31389332983e-15)
(-0.213231035671 0.155924106601 -6.76527451689e-17)
(-0.374910796104 -0.135628383332 0)
(-0.370550735705 0.128823940248 0)
(0.310049483069 0.132996341326 1.21972366452e-15)
(0.322204846337 0.151019267255 1.04069198752e-15)
(-0.369139102043 0.169295350065 -5.39647716851e-16)
(0.10698761428 -0.0632532744119 5.70263738906e-17)
(-0.0521656295774 0.0511232366305 1.31286762538e-17)
(0.0814733774665 0.150567370198 0)
(-0.0958284726755 -0.0989331993467 1.86002561024e-16)
(0.301569969743 -0.0597025153291 0)
(-0.343337599947 0.131904827486 9.84896159187e-16)
(-0.399545832834 0.0181256324225 1.56280391946e-15)
(-0.336929779572 0.0726208827922 2.90812164342e-16)
(0.318614739942 0.0116747293939 0)
(0.197381047053 -0.164992117348 -7.89547444133e-18)
(-0.372331348515 -0.113300996218 -7.79235286095e-16)
(-0.0876167385801 -0.104881698856 -1.21817355877e-16)
(0.0916041254927 0.148053192275 -1.05582991308e-16)
(0.176940534443 -0.0373845506147 -6.12319407522e-17)
(-0.0488892679099 0.0495577466114 -3.04625485443e-18)
(-0.329813419103 -0.250888258678 -4.47946705365e-17)
(0.242577962557 -0.127353352113 1.06520804577e-15)
(0.256415778868 -0.0942123151944 -1.5657934481e-15)
(0.0883033208772 -0.221185162735 0)
(-0.0507074867101 -0.358301582456 0)
(0.0398338610435 -0.291508125324 2.15110418519e-17)
(0.0731120918496 -0.279416397974 -1.64709627424e-15)
(0.108560122647 -0.255626332262 -9.64026637037e-16)
(0.102972833958 -0.215930902086 0)
(0.0340646944311 -0.30920850899 2.77022811091e-15)
(0.276358550023 -0.0833260461903 -1.63328361936e-15)
(0.326908724374 -0.0587242181309 4.64756037129e-17)
(-0.359056770148 0.13660734218 -9.21986020598e-16)
(0.11704072324 -0.195157278781 0)
(0.1605082841 -0.162388562866 3.11016028625e-16)
(0.138043821655 -0.181768647455 0)
(0.20006539976 -0.13864054638 0)
(0.181528646879 -0.156916529956 -2.96769327003e-16)
(-0.0120232052774 -0.36148752665 -4.11597114464e-16)
(0.0526045021593 -0.312200613316 -2.37373467423e-15)
(-0.0101359482276 -0.343280353999 1.34693991007e-15)
(-0.00289455957812 -0.330879873648 2.58630289098e-15)
(-0.0300459972166 -0.342920304098 -8.8394186787e-16)
(0.0386165890873 -0.314615960149 2.38964452323e-15)
(0.333524819974 0.143654972333 8.9624055515e-16)
(-0.361131797591 0.157839492413 0)
(-0.302491926032 -0.226355648543 -9.12962036034e-17)
(0.346367862814 0.0151244400813 -1.81601138883e-15)
(0.346857972336 0.0436943521641 1.68323727873e-15)
(-0.215602688781 -0.197676069934 0)
(-0.38163876707 -0.124238753899 0)
(-0.382206743539 -0.140798525085 0)
(-0.424587941587 0.017108630278 0)
(0.141158383385 -0.0722533061202 0)
(-0.0607325656128 0.0601663468046 -6.27835896425e-18)
(0.104565765471 0.156844398356 9.44027367669e-17)
(-0.110699522821 -0.114865020311 4.70595365722e-17)
(0.20138992077 -0.157697564205 -7.17845404267e-16)
(0.335039015579 0.0538453228234 1.60733780057e-18)
(0.318513423065 -0.052809688213 1.59313781564e-15)
(0.323817850093 0.125563657715 -1.14469325214e-15)
(0.328580733228 0.130365374639 1.23504188039e-15)
(-0.379849712055 0.154346930732 0)
(0.333737693727 0.00872556203407 9.77468611271e-16)
(-0.231624410419 -0.237911328411 -2.95633370818e-17)
(-0.208324080425 -0.203598645494 2.62944489641e-17)
(-0.324748866291 -0.235276435569 -1.53345799667e-16)
(-0.414791017835 0.0246525615907 -5.04304859497e-16)
(-0.0341946734748 -0.425495483577 9.07277158369e-16)
(-0.0254743250659 -0.42987369816 -9.07277158368e-16)
(-0.187973623979 -0.284174221963 6.23717605255e-17)
(-0.186844822941 -0.300463658153 0)
(0.00165205906664 -0.397074244311 1.09708608116e-15)
(0.00598310043468 -0.388884414555 -1.09708608116e-15)
(-0.0789881392323 -0.0894692749342 -3.96971388122e-16)
(-0.0877784427455 -0.10864952488 4.00949367054e-16)
(-0.163833430795 -0.451117921714 0)
(-0.18921077164 -0.441316399108 0)
(-0.117987254907 -0.443578915731 -1.51884065398e-16)
(-0.141296699964 -0.440164887665 1.51884065398e-16)
(0.0601785340365 -0.363632763889 0)
(0.0440399196344 -0.345107590547 -4.91921966621e-16)
(0.0141451525297 -0.289945130733 0)
(0.0231408078858 -0.326970433429 0)
(0.408003719045 0.0240317735162 8.60111883431e-16)
(0.404309512782 0.0141037464649 8.1122420015e-16)
(0.236797711953 0.156814299222 2.2475626227e-16)
(0.247417425745 0.154811480769 -1.91094168975e-17)
(0.37076078732 -0.0214265075168 -1.91976546275e-15)
(0.369110269709 -0.0396090953026 0)
(0.0932623357701 0.122028237884 -2.05426459603e-17)
(0.112869067798 0.138132005928 2.05426459603e-17)
(0.350641982154 0.108980496805 0)
(0.343011416721 0.123579732827 -9.08470852923e-16)
(0.373019075877 0.083979660648 1.35967813036e-15)
(0.37355120159 0.0937300288063 -2.72937909798e-15)
(0.312344723221 -0.0432256332507 3.2528327246e-15)
(0.297609695034 -0.0329114452533 0)
(0.292760461453 -0.0181361517502 0)
(0.29392955413 -0.0755162971092 -1.39306052118e-15)
)
;

boundaryField
{
    bottomWall
    {
        type            noSlip;
    }
    leftWall
    {
        type            noSlip;
    }
    rightWall
    {
        type            noSlip;
    }
    movingTop
    {
        type            fixedValue;
        value           uniform (1 0 0);
    }
    front
    {
        type            empty;
    }
    back
    {
        type            empty;
    }
}


// ************************************************************************* //
