/*--------------------------------*- C++ -*----------------------------------*\
  =========                 |
  \\      /  F ield         | OpenFOAM: The Open Source CFD Toolbox
   \\    /   O peration     | Website:  https://openfoam.org
    \\  /    A nd           | Version:  14
     \\/     M anipulation  |
\*---------------------------------------------------------------------------*/
FoamFile
{
    format      ascii;
    class       vectorField;
    location    "constant/polyMesh";
    object      points;
}
// * * * * * * * * * * * * * * * * * * * * * * * * * * * * * * * * * * * * * //


13122
(
(0 0 0)
(0.0125 0 0)
(0.025 0 0)
(0.0375 0 0)
(0.05000000000000001 0 0)
(0.0625 0 0)
(0.075 0 0)
(0.08749999999999998 0 0)
(0.1 0 0)
(0.1125 0 0)
(0.125 0 0)
(0.1375 0 0)
(0.15 0 0)
(0.1625 0 0)
(0.175 0 0)
(0.1875 0 0)
(0.2 0 0)
(0.2125 0 0)
(0.225 0 0)
(0.2375 0 0)
(0.25 0 0)
(0.2625 0 0)
(0.275 0 0)
(0.2875 0 0)
(0.3 0 0)
(0.3125 0 0)
(0.325 0 0)
(0.3375000000000001 0 0)
(0.3499999999999999 0 0)
(0.3625 0 0)
(0.375 0 0)
(0.3875 0 0)
(0.4000000000000001 0 0)
(0.4124999999999999 0 0)
(0.425 0 0)
(0.4375 0 0)
(0.45 0 0)
(0.4625000000000001 0 0)
(0.4749999999999999 0 0)
(0.4875 0 0)
(0.5 0 0)
(0.5125 0 0)
(0.525 0 0)
(0.5375 0 0)
(0.55 0 0)
(0.5625 0 0)
(0.575 0 0)
(0.5875 0 0)
(0.6 0 0)
(0.6125 0 0)
(0.625 0 0)
(0.6375 0 0)
(0.65 0 0)
(0.6625 0 0)
(0.6750000000000002 0 0)
(0.6875 0 0)
(0.6999999999999998 0 0)
(0.7125 0 0)
(0.725 0 0)
(0.7375000000000002 0 0)
(0.75 0 0)
(0.7624999999999998 0 0)
(0.775 0 0)
(0.7875 0 0)
(0.8000000000000002 0 0)
(0.8125 0 0)
(0.8249999999999998 0 0)
(0.8375 0 0)
(0.85 0 0)
(0.8625000000000002 0 0)
(0.875 0 0)
(0.8874999999999998 0 0)
(0.9 0 0)
(0.9125 0 0)
(0.9250000000000002 0 0)
(0.9375 0 0)
(0.9499999999999998 0 0)
(0.9625 0 0)
(0.975 0 0)
(0.9875000000000002 0 0)
(1 0 0)
(0 0.0125 0)
(0.0125 0.0125 0)
(0.025 0.0125 0)
(0.0375 0.0125 0)
(0.05 0.0125 0)
(0.0625 0.0125 0)
(0.07499999999999998 0.0125 0)
(0.08750000000000001 0.0125 0)
(0.09999999999999999 0.0125 0)
(0.1125 0.0125 0)
(0.125 0.0125 0)
(0.1375 0.0125 0)
(0.15 0.0125 0)
(0.1625 0.0125 0)
(0.175 0.0125 0)
(0.1875 0.0125 0)
(0.2 0.0125 0)
(0.2125 0.0125 0)
(0.225 0.0125 0)
(0.2375 0.0125 0)
(0.25 0.0125 0)
(0.2625 0.0125 0)
(0.275 0.0125 0)
(0.2875 0.0125 0)
(0.3 0.0125 0)
(0.3125 0.0125 0)
(0.3250000000000001 0.0125 0)
(0.3375 0.0125 0)
(0.35 0.0125 0)
(0.3625 0.0125 0)
(0.3750000000000001 0.0125 0)
(0.3875 0.0125 0)
(0.4 0.0125 0)
(0.4125 0.0125 0)
(0.425 0.0125 0)
(0.4375 0.0125 0)
(0.45 0.0125 0)
(0.4625000000000001 0.0125 0)
(0.4749999999999999 0.0125 0)
(0.4875 0.0125 0)
(0.5 0.0125 0)
(0.5125 0.0125 0)
(0.525 0.0125 0)
(0.5375 0.0125 0)
(0.55 0.0125 0)
(0.5625000000000001 0.0125 0)
(0.575 0.0125 0)
(0.5875 0.0125 0)
(0.6 0.0125 0)
(0.6125000000000002 0.0125 0)
(0.625 0.0125 0)
(0.6375 0.0125 0)
(0.6500000000000001 0.0125 0)
(0.6625 0.0125 0)
(0.6749999999999999 0.0125 0)
(0.6875 0.0125 0)
(0.7000000000000001 0.0125 0)
(0.7125 0.0125 0)
(0.7250000000000001 0.0125 0)
(0.7375000000000002 0.0125 0)
(0.7500000000000001 0.0125 0)
(0.7625000000000001 0.0125 0)
(0.775 0.0125 0)
(0.7875000000000001 0.0125 0)
(0.7999999999999999 0.0125 0)
(0.8125 0.0125 0)
(0.8250000000000001 0.0125 0)
(0.8374999999999999 0.0125 0)
(0.85 0.0125 0)
(0.8625000000000002 0.0125 0)
(0.875 0.0125 0)
(0.8875000000000001 0.0125 0)
(0.9 0.0125 0)
(0.9125 0.0125 0)
(0.9250000000000002 0.0125 0)
(0.9375 0.0125 0)
(0.9499999999999998 0.0125 0)
(0.9625000000000002 0.0125 0)
(0.9750000000000001 0.0125 0)
(0.9874999999999999 0.0125 0)
(1 0.0125 0)
(0 0.025 0)
(0.0125 0.025 0)
(0.025 0.025 0)
(0.0375 0.025 0)
(0.05000000000000001 0.025 0)
(0.0625 0.025 0)
(0.075 0.025 0)
(0.08750000000000001 0.025 0)
(0.1 0.025 0)
(0.1125 0.025 0)
(0.125 0.025 0)
(0.1375 0.025 0)
(0.15 0.025 0)
(0.1625 0.025 0)
(0.175 0.025 0)
(0.1875 0.025 0)
(0.2 0.02500000000000001 0)
(0.2125 0.025 0)
(0.225 0.025 0)
(0.2375 0.025 0)
(0.25 0.025 0)
(0.2625 0.025 0)
(0.275 0.025 0)
(0.2875 0.025 0)
(0.3 0.025 0)
(0.3125 0.025 0)
(0.325 0.025 0)
(0.3375000000000001 0.025 0)
(0.3499999999999999 0.025 0)
(0.3625 0.025 0)
(0.375 0.025 0)
(0.3875 0.025 0)
(0.4 0.025 0)
(0.4124999999999999 0.025 0)
(0.425 0.025 0)
(0.4375 0.025 0)
(0.45 0.025 0)
(0.4625 0.025 0)
(0.475 0.025 0)
(0.4875 0.025 0)
(0.5 0.025 0)
(0.5124999999999998 0.025 0)
(0.525 0.025 0)
(0.5375 0.025 0)
(0.5499999999999999 0.025 0)
(0.5625 0.025 0)
(0.575 0.025 0)
(0.5875 0.025 0)
(0.6 0.025 0)
(0.6125 0.025 0)
(0.625 0.025 0)
(0.6375 0.025 0)
(0.65 0.025 0)
(0.6625 0.025 0)
(0.6750000000000002 0.025 0)
(0.6875 0.025 0)
(0.7000000000000001 0.025 0)
(0.7124999999999999 0.025 0)
(0.725 0.025 0)
(0.7375000000000002 0.025 0)
(0.75 0.025 0)
(0.7625000000000001 0.025 0)
(0.775 0.025 0)
(0.7875 0.025 0)
(0.7999999999999999 0.025 0)
(0.8125000000000001 0.025 0)
(0.8249999999999998 0.025 0)
(0.8375 0.025 0)
(0.8500000000000001 0.025 0)
(0.8624999999999999 0.025 0)
(0.875 0.025 0)
(0.8874999999999998 0.025 0)
(0.9 0.025 0)
(0.9125000000000001 0.025 0)
(0.9249999999999999 0.025 0)
(0.9375 0.025 0)
(0.9500000000000001 0.025 0)
(0.9624999999999999 0.025 0)
(0.975 0.025 0)
(0.9875000000000002 0.025 0)
(1 0.025 0)
(0 0.0375 0)
(0.0125 0.0375 0)
(0.025 0.0375 0)
(0.03749999999999999 0.03749999999999999 0)
(0.05 0.0375 0)
(0.0625 0.03750000000000001 0)
(0.075 0.03750000000000001 0)
(0.08750000000000001 0.0375 0)
(0.09999999999999998 0.0375 0)
(0.1125 0.03749999999999999 0)
(0.125 0.0375 0)
(0.1375 0.0375 0)
(0.15 0.0375 0)
(0.1625 0.0375 0)
(0.175 0.0375 0)
(0.1875 0.0375 0)
(0.2 0.03750000000000001 0)
(0.2125 0.0375 0)
(0.225 0.0375 0)
(0.2375 0.03750000000000001 0)
(0.25 0.03749999999999999 0)
(0.2625 0.0375 0)
(0.2750000000000001 0.03750000000000001 0)
(0.2875 0.03750000000000001 0)
(0.3 0.0375 0)
(0.3125 0.0375 0)
(0.325 0.0375 0)
(0.3375 0.03749999999999998 0)
(0.35 0.03750000000000001 0)
(0.3625 0.0375 0)
(0.375 0.0375 0)
(0.3875 0.03749999999999999 0)
(0.4 0.0375 0)
(0.4124999999999999 0.0375 0)
(0.425 0.0375 0)
(0.4375 0.0375 0)
(0.45 0.0375 0)
(0.4625 0.0375 0)
(0.475 0.0375 0)
(0.4875 0.0375 0)
(0.5 0.0375 0)
(0.5125 0.0375 0)
(0.525 0.0375 0)
(0.5375 0.0375 0)
(0.5499999999999999 0.0375 0)
(0.5625 0.03750000000000001 0)
(0.5749999999999998 0.03750000000000001 0)
(0.5874999999999999 0.0375 0)
(0.6 0.0375 0)
(0.6125 0.0375 0)
(0.625 0.0375 0)
(0.6375000000000001 0.03750000000000001 0)
(0.65 0.03750000000000001 0)
(0.6625 0.03749999999999999 0)
(0.6750000000000002 0.0375 0)
(0.6875 0.0375 0)
(0.7000000000000001 0.0375 0)
(0.7125 0.03750000000000001 0)
(0.7250000000000001 0.03750000000000001 0)
(0.7375000000000002 0.0375 0)
(0.75 0.0375 0)
(0.7625000000000001 0.0375 0)
(0.775 0.0375 0)
(0.7875 0.0375 0)
(0.7999999999999999 0.0375 0)
(0.8124999999999999 0.0375 0)
(0.8249999999999998 0.0375 0)
(0.8375 0.0375 0)
(0.85 0.0375 0)
(0.8624999999999999 0.0375 0)
(0.875 0.0375 0)
(0.8874999999999998 0.03749999999999998 0)
(0.9 0.0375 0)
(0.9125 0.0375 0)
(0.9249999999999999 0.0375 0)
(0.9375 0.0375 0)
(0.9500000000000001 0.0375 0)
(0.9625 0.03749999999999999 0)
(0.9750000000000001 0.03750000000000001 0)
(0.9875000000000002 0.0375 0)
(1 0.0375 0)
(0 0.05000000000000001 0)
(0.0125 0.05000000000000001 0)
(0.025 0.05000000000000001 0)
(0.03750000000000001 0.05000000000000001 0)
(0.05000000000000001 0.05000000000000001 0)
(0.0625 0.05000000000000001 0)
(0.075 0.05000000000000001 0)
(0.08750000000000001 0.05 0)
(0.1 0.05000000000000001 0)
(0.1125 0.05 0)
(0.125 0.05000000000000001 0)
(0.1375 0.05000000000000001 0)
(0.15 0.05000000000000001 0)
(0.1625 0.05 0)
(0.175 0.05 0)
(0.1875 0.05 0)
(0.2 0.05000000000000002 0)
(0.2125 0.05 0)
(0.225 0.05000000000000001 0)
(0.2375 0.05000000000000001 0)
(0.25 0.05000000000000001 0)
(0.2625 0.05 0)
(0.275 0.05 0)
(0.2875 0.05000000000000001 0)
(0.3 0.05 0)
(0.3125 0.05000000000000001 0)
(0.325 0.05000000000000001 0)
(0.3375000000000001 0.05000000000000001 0)
(0.35 0.05000000000000001 0)
(0.3625 0.05000000000000001 0)
(0.3749999999999999 0.05000000000000001 0)
(0.3875 0.05000000000000001 0)
(0.4000000000000001 0.05000000000000001 0)
(0.4124999999999999 0.05000000000000001 0)
(0.425 0.05000000000000001 0)
(0.4375 0.05000000000000001 0)
(0.45 0.05000000000000001 0)
(0.4625000000000001 0.05000000000000001 0)
(0.4749999999999999 0.05 0)
(0.4875 0.05000000000000001 0)
(0.5 0.05 0)
(0.5125 0.05 0)
(0.525 0.05 0)
(0.5375 0.05000000000000001 0)
(0.55 0.05 0)
(0.5625 0.05000000000000001 0)
(0.575 0.05000000000000001 0)
(0.5875 0.05000000000000001 0)
(0.6 0.05000000000000001 0)
(0.6125 0.05 0)
(0.625 0.05000000000000001 0)
(0.6375 0.05000000000000001 0)
(0.65 0.05000000000000001 0)
(0.6625 0.05000000000000001 0)
(0.6750000000000002 0.05000000000000001 0)
(0.6875 0.05000000000000001 0)
(0.7000000000000001 0.05000000000000001 0)
(0.7125 0.05 0)
(0.725 0.05000000000000001 0)
(0.7375000000000002 0.05000000000000001 0)
(0.75 0.05000000000000001 0)
(0.7624999999999998 0.05 0)
(0.7749999999999999 0.05000000000000001 0)
(0.7875000000000001 0.05 0)
(0.8000000000000002 0.05000000000000001 0)
(0.8125 0.05 0)
(0.8249999999999998 0.05000000000000001 0)
(0.8375 0.05 0)
(0.8500000000000001 0.05000000000000001 0)
(0.8624999999999999 0.05 0)
(0.875 0.05000000000000001 0)
(0.8875000000000001 0.05 0)
(0.9 0.05000000000000001 0)
(0.9125 0.05 0)
(0.9250000000000002 0.05000000000000001 0)
(0.9375 0.05 0)
(0.9499999999999998 0.05000000000000001 0)
(0.9625 0.05 0)
(0.975 0.05000000000000001 0)
(0.9874999999999999 0.05 0)
(1 0.05000000000000001 0)
(0 0.0625 0)
(0.0125 0.0625 0)
(0.025 0.0625 0)
(0.0375 0.0625 0)
(0.05 0.0625 0)
(0.0625 0.0625 0)
(0.075 0.0625 0)
(0.08750000000000001 0.0625 0)
(0.09999999999999999 0.0625 0)
(0.1125 0.0625 0)
(0.125 0.0625 0)
(0.1375 0.0625 0)
(0.15 0.0625 0)
(0.1625 0.0625 0)
(0.175 0.0625 0)
(0.1875 0.0625 0)
(0.2 0.0625 0)
(0.2125 0.0625 0)
(0.225 0.0625 0)
(0.2375 0.0625 0)
(0.25 0.0625 0)
(0.2625 0.0625 0)
(0.275 0.0625 0)
(0.2875 0.0625 0)
(0.3 0.0625 0)
(0.3125 0.0625 0)
(0.325 0.0625 0)
(0.3375 0.0625 0)
(0.35 0.0625 0)
(0.3625 0.0625 0)
(0.375 0.0625 0)
(0.3875 0.0625 0)
(0.4 0.0625 0)
(0.4125 0.0625 0)
(0.425 0.0625 0)
(0.4375 0.0625 0)
(0.45 0.0625 0)
(0.4625 0.0625 0)
(0.475 0.0625 0)
(0.4875 0.0625 0)
(0.5 0.0625 0)
(0.5125 0.0625 0)
(0.525 0.0625 0)
(0.5375 0.0625 0)
(0.55 0.0625 0)
(0.5625 0.0625 0)
(0.575 0.0625 0)
(0.5875 0.0625 0)
(0.6 0.0625 0)
(0.6125 0.0625 0)
(0.625 0.0625 0)
(0.6375 0.0625 0)
(0.65 0.0625 0)
(0.6625 0.0625 0)
(0.6749999999999999 0.0625 0)
(0.6875 0.0625 0)
(0.7000000000000001 0.0625 0)
(0.7124999999999999 0.0625 0)
(0.7250000000000001 0.0625 0)
(0.7374999999999999 0.0625 0)
(0.75 0.0625 0)
(0.7625000000000001 0.0625 0)
(0.7749999999999999 0.0625 0)
(0.7875000000000001 0.0625 0)
(0.7999999999999999 0.0625 0)
(0.8125 0.0625 0)
(0.8250000000000001 0.0625 0)
(0.8374999999999999 0.0625 0)
(0.8500000000000001 0.0625 0)
(0.8624999999999999 0.0625 0)
(0.875 0.0625 0)
(0.8875000000000001 0.0625 0)
(0.8999999999999999 0.0625 0)
(0.9125000000000001 0.0625 0)
(0.9249999999999999 0.0625 0)
(0.9375 0.0625 0)
(0.9500000000000001 0.0625 0)
(0.9624999999999999 0.0625 0)
(0.9750000000000001 0.0625 0)
(0.9874999999999999 0.0625 0)
(1 0.0625 0)
(0 0.075 0)
(0.0125 0.075 0)
(0.025 0.075 0)
(0.03750000000000001 0.075 0)
(0.05000000000000001 0.075 0)
(0.0625 0.07500000000000001 0)
(0.07500000000000001 0.07500000000000001 0)
(0.08750000000000001 0.075 0)
(0.1 0.07500000000000001 0)
(0.1125 0.07499999999999998 0)
(0.125 0.075 0)
(0.1375 0.075 0)
(0.15 0.075 0)
(0.1625 0.075 0)
(0.175 0.075 0)
(0.1875 0.075 0)
(0.2 0.07499999999999997 0)
(0.2125 0.075 0)
(0.225 0.075 0)
(0.2375 0.075 0)
(0.25 0.075 0)
(0.2625 0.075 0)
(0.275 0.075 0)
(0.2875 0.075 0)
(0.3 0.075 0)
(0.3125 0.075 0)
(0.325 0.075 0)
(0.3375000000000001 0.075 0)
(0.35 0.075 0)
(0.3625 0.075 0)
(0.3750000000000001 0.075 0)
(0.3875 0.075 0)
(0.4000000000000001 0.075 0)
(0.4125 0.075 0)
(0.425 0.075 0)
(0.4375 0.075 0)
(0.45 0.07500000000000001 0)
(0.4625000000000001 0.075 0)
(0.475 0.075 0)
(0.4875 0.07499999999999998 0)
(0.5 0.075 0)
(0.5125 0.075 0)
(0.525 0.075 0)
(0.5375 0.075 0)
(0.55 0.075 0)
(0.5625000000000001 0.075 0)
(0.575 0.075 0)
(0.5875 0.075 0)
(0.6000000000000001 0.075 0)
(0.6125 0.075 0)
(0.625 0.075 0)
(0.6375000000000001 0.075 0)
(0.65 0.075 0)
(0.6625 0.075 0)
(0.6750000000000002 0.075 0)
(0.6875 0.075 0)
(0.7000000000000001 0.075 0)
(0.7125 0.075 0)
(0.725 0.075 0)
(0.7374999999999999 0.075 0)
(0.7500000000000001 0.075 0)
(0.7625000000000001 0.075 0)
(0.775 0.075 0)
(0.7875 0.075 0)
(0.8000000000000002 0.075 0)
(0.8125 0.075 0)
(0.8250000000000001 0.075 0)
(0.8375000000000002 0.075 0)
(0.8500000000000001 0.075 0)
(0.8624999999999999 0.075 0)
(0.875 0.075 0)
(0.8874999999999998 0.075 0)
(0.9 0.075 0)
(0.9125000000000001 0.075 0)
(0.9250000000000002 0.075 0)
(0.9375 0.075 0)
(0.9500000000000001 0.075 0)
(0.9625 0.075 0)
(0.975 0.075 0)
(0.9875000000000002 0.075 0)
(1 0.075 0)
(0 0.08749999999999998 0)
(0.0125 0.08750000000000001 0)
(0.025 0.08750000000000001 0)
(0.0375 0.08750000000000001 0)
(0.05 0.08749999999999998 0)
(0.0625 0.08749999999999998 0)
(0.075 0.08749999999999998 0)
(0.08749999999999998 0.08749999999999998 0)
(0.09999999999999999 0.08750000000000001 0)
(0.1125 0.08750000000000001 0)
(0.125 0.08749999999999998 0)
(0.1375 0.08749999999999998 0)
(0.15 0.08749999999999998 0)
(0.1625 0.08750000000000001 0)
(0.175 0.08750000000000001 0)
(0.1875 0.08750000000000002 0)
(0.2 0.08749999999999998 0)
(0.2125 0.08749999999999998 0)
(0.225 0.08749999999999998 0)
(0.2375 0.08750000000000001 0)
(0.25 0.08749999999999998 0)
(0.2625 0.08750000000000001 0)
(0.275 0.08749999999999998 0)
(0.2875 0.08749999999999998 0)
(0.3 0.08749999999999998 0)
(0.3125 0.08749999999999998 0)
(0.3250000000000001 0.08750000000000001 0)
(0.3375 0.08750000000000001 0)
(0.3499999999999999 0.08749999999999998 0)
(0.3625 0.08750000000000001 0)
(0.375 0.08749999999999998 0)
(0.3875 0.08749999999999998 0)
(0.4 0.08750000000000001 0)
(0.4124999999999999 0.08749999999999998 0)
(0.425 0.08749999999999998 0)
(0.4375 0.08749999999999998 0)
(0.45 0.08749999999999998 0)
(0.4625000000000001 0.08750000000000001 0)
(0.4749999999999999 0.08750000000000001 0)
(0.4875 0.08750000000000001 0)
(0.5 0.08750000000000001 0)
(0.5125000000000001 0.08750000000000001 0)
(0.525 0.08750000000000001 0)
(0.5375 0.08749999999999998 0)
(0.55 0.08749999999999998 0)
(0.5625 0.08750000000000001 0)
(0.575 0.08749999999999998 0)
(0.5875 0.08749999999999998 0)
(0.6 0.08749999999999998 0)
(0.6125000000000002 0.08749999999999998 0)
(0.625 0.08749999999999998 0)
(0.6374999999999998 0.08750000000000001 0)
(0.65 0.08750000000000001 0)
(0.6625 0.08749999999999998 0)
(0.6749999999999999 0.08749999999999998 0)
(0.6875 0.08749999999999998 0)
(0.6999999999999998 0.08750000000000001 0)
(0.7125 0.08750000000000001 0)
(0.725 0.08749999999999998 0)
(0.7374999999999999 0.08749999999999998 0)
(0.75 0.08749999999999998 0)
(0.7625000000000001 0.08749999999999998 0)
(0.7749999999999999 0.08750000000000001 0)
(0.7875 0.08750000000000001 0)
(0.7999999999999999 0.08750000000000001 0)
(0.8125 0.08750000000000001 0)
(0.8250000000000001 0.08749999999999998 0)
(0.8375 0.08750000000000001 0)
(0.85 0.08750000000000001 0)
(0.8625000000000002 0.08750000000000001 0)
(0.875 0.08749999999999998 0)
(0.8875000000000001 0.08749999999999998 0)
(0.8999999999999999 0.08749999999999998 0)
(0.9125 0.08749999999999998 0)
(0.9250000000000002 0.08749999999999998 0)
(0.9375 0.08750000000000001 0)
(0.9499999999999998 0.08750000000000001 0)
(0.9624999999999999 0.08750000000000001 0)
(0.9750000000000001 0.08750000000000001 0)
(0.9874999999999999 0.08750000000000001 0)
(1 0.08749999999999998 0)
(0 0.1 0)
(0.0125 0.1 0)
(0.025 0.1 0)
(0.0375 0.09999999999999998 0)
(0.05000000000000001 0.1 0)
(0.0625 0.1 0)
(0.07500000000000001 0.1 0)
(0.08749999999999998 0.1 0)
(0.1 0.1 0)
(0.1125 0.1 0)
(0.125 0.1 0)
(0.1375 0.09999999999999998 0)
(0.15 0.1 0)
(0.1625 0.1 0)
(0.175 0.1 0)
(0.1875 0.09999999999999999 0)
(0.2 0.09999999999999999 0)
(0.2125 0.09999999999999999 0)
(0.225 0.1 0)
(0.2375 0.09999999999999999 0)
(0.25 0.1 0)
(0.2625 0.09999999999999999 0)
(0.275 0.09999999999999999 0)
(0.2875 0.1 0)
(0.3 0.09999999999999999 0)
(0.3125 0.1 0)
(0.325 0.09999999999999999 0)
(0.3375000000000001 0.1 0)
(0.3499999999999999 0.09999999999999999 0)
(0.3625 0.1 0)
(0.375 0.1 0)
(0.3875 0.1 0)
(0.4000000000000001 0.09999999999999999 0)
(0.4125 0.1 0)
(0.425 0.1 0)
(0.4375 0.1 0)
(0.4499999999999999 0.09999999999999999 0)
(0.4625 0.1 0)
(0.475 0.09999999999999999 0)
(0.4875 0.1 0)
(0.5 0.09999999999999999 0)
(0.5125 0.1 0)
(0.525 0.09999999999999999 0)
(0.5375 0.1 0)
(0.55 0.09999999999999999 0)
(0.5625 0.1 0)
(0.5750000000000001 0.1 0)
(0.5875 0.1 0)
(0.6 0.09999999999999999 0)
(0.6125 0.1 0)
(0.625 0.1 0)
(0.6375 0.1 0)
(0.65 0.09999999999999999 0)
(0.6625 0.1 0)
(0.6749999999999999 0.09999999999999999 0)
(0.6875 0.1 0)
(0.6999999999999998 0.1 0)
(0.7125 0.1 0)
(0.725 0.1 0)
(0.7374999999999999 0.1 0)
(0.75 0.1 0)
(0.7624999999999998 0.09999999999999999 0)
(0.775 0.1 0)
(0.7875 0.09999999999999999 0)
(0.8000000000000002 0.1 0)
(0.8125 0.09999999999999999 0)
(0.8250000000000001 0.1 0)
(0.8375 0.09999999999999999 0)
(0.85 0.1 0)
(0.8625000000000003 0.09999999999999999 0)
(0.875 0.1 0)
(0.8875000000000001 0.09999999999999999 0)
(0.9 0.1 0)
(0.9125000000000001 0.09999999999999999 0)
(0.9249999999999999 0.1 0)
(0.9375 0.09999999999999999 0)
(0.9500000000000001 0.1 0)
(0.9625 0.09999999999999999 0)
(0.975 0.09999999999999999 0)
(0.9874999999999999 0.09999999999999999 0)
(1 0.1 0)
(0 0.1125 0)
(0.0125 0.1125 0)
(0.025 0.1125 0)
(0.0375 0.1125 0)
(0.04999999999999999 0.1125 0)
(0.0625 0.1125 0)
(0.075 0.1125 0)
(0.08749999999999998 0.1125 0)
(0.09999999999999999 0.1125 0)
(0.1125 0.1125 0)
(0.125 0.1125 0)
(0.1375 0.1125 0)
(0.15 0.1125 0)
(0.1625 0.1125 0)
(0.175 0.1125 0)
(0.1875 0.1125 0)
(0.2 0.1125 0)
(0.2125 0.1125 0)
(0.225 0.1125 0)
(0.2375 0.1125 0)
(0.25 0.1125 0)
(0.2625 0.1125 0)
(0.2750000000000001 0.1125 0)
(0.2875 0.1125 0)
(0.3 0.1125 0)
(0.3125 0.1125 0)
(0.325 0.1125 0)
(0.3375000000000001 0.1125 0)
(0.3499999999999999 0.1125 0)
(0.3625 0.1125 0)
(0.3749999999999999 0.1125 0)
(0.3875 0.1125 0)
(0.4 0.1125 0)
(0.4124999999999999 0.1125 0)
(0.425 0.1125 0)
(0.4375 0.1125 0)
(0.45 0.1125 0)
(0.4625 0.1125 0)
(0.475 0.1125 0)
(0.4875 0.1125 0)
(0.5 0.1125 0)
(0.5125 0.1125 0)
(0.525 0.1125 0)
(0.5375 0.1125 0)
(0.55 0.1125 0)
(0.5625 0.1125 0)
(0.575 0.1125 0)
(0.5875 0.1125 0)
(0.6 0.1125 0)
(0.6125 0.1125 0)
(0.625 0.1125 0)
(0.6375 0.1125 0)
(0.65 0.1125 0)
(0.6624999999999999 0.1125 0)
(0.6750000000000002 0.1125 0)
(0.6875 0.1125 0)
(0.6999999999999998 0.1125 0)
(0.7125 0.1125 0)
(0.7250000000000001 0.1125 0)
(0.7375000000000002 0.1125 0)
(0.75 0.1125 0)
(0.7625000000000001 0.1125 0)
(0.775 0.1125 0)
(0.7875 0.1125 0)
(0.7999999999999999 0.1125 0)
(0.8125 0.1125 0)
(0.8249999999999998 0.1125 0)
(0.8375 0.1125 0)
(0.85 0.1125 0)
(0.8625000000000002 0.1125 0)
(0.875 0.1125 0)
(0.8874999999999998 0.1125 0)
(0.8999999999999999 0.1125 0)
(0.9125 0.1125 0)
(0.9249999999999999 0.1125 0)
(0.9375 0.1125 0)
(0.9500000000000001 0.1125 0)
(0.9625 0.1125 0)
(0.975 0.1125 0)
(0.9875000000000002 0.1125 0)
(1 0.1125 0)
(0 0.125 0)
(0.0125 0.125 0)
(0.025 0.125 0)
(0.0375 0.125 0)
(0.05000000000000001 0.125 0)
(0.0625 0.125 0)
(0.075 0.125 0)
(0.08749999999999998 0.125 0)
(0.1 0.125 0)
(0.1125 0.125 0)
(0.125 0.125 0)
(0.1375 0.125 0)
(0.15 0.125 0)
(0.1625 0.125 0)
(0.175 0.125 0)
(0.1875 0.125 0)
(0.2 0.125 0)
(0.2125 0.125 0)
(0.225 0.125 0)
(0.2375 0.125 0)
(0.25 0.125 0)
(0.2625 0.125 0)
(0.2750000000000001 0.125 0)
(0.2874999999999999 0.125 0)
(0.3 0.125 0)
(0.3125 0.125 0)
(0.325 0.125 0)
(0.3375000000000001 0.125 0)
(0.3499999999999999 0.125 0)
(0.3625 0.125 0)
(0.375 0.125 0)
(0.3875 0.125 0)
(0.4000000000000001 0.125 0)
(0.4124999999999999 0.125 0)
(0.425 0.125 0)
(0.4375 0.125 0)
(0.45 0.125 0)
(0.4625000000000001 0.125 0)
(0.4749999999999999 0.125 0)
(0.4875 0.125 0)
(0.5 0.125 0)
(0.5124999999999998 0.125 0)
(0.525 0.125 0)
(0.5375 0.125 0)
(0.5500000000000002 0.125 0)
(0.5625 0.125 0)
(0.5749999999999998 0.125 0)
(0.5875 0.125 0)
(0.6 0.125 0)
(0.6125000000000002 0.125 0)
(0.625 0.125 0)
(0.6374999999999998 0.125 0)
(0.65 0.125 0)
(0.6625 0.125 0)
(0.6750000000000002 0.125 0)
(0.6875 0.125 0)
(0.6999999999999998 0.125 0)
(0.7124999999999999 0.125 0)
(0.7250000000000001 0.125 0)
(0.7375000000000002 0.125 0)
(0.75 0.125 0)
(0.7624999999999998 0.125 0)
(0.7749999999999999 0.125 0)
(0.7875000000000001 0.125 0)
(0.8000000000000002 0.125 0)
(0.8125 0.125 0)
(0.8249999999999998 0.125 0)
(0.8374999999999999 0.125 0)
(0.8500000000000001 0.125 0)
(0.8625000000000002 0.125 0)
(0.875 0.125 0)
(0.8874999999999998 0.125 0)
(0.8999999999999999 0.125 0)
(0.9125000000000001 0.125 0)
(0.9250000000000002 0.125 0)
(0.9375 0.125 0)
(0.9499999999999998 0.125 0)
(0.9624999999999999 0.125 0)
(0.9750000000000001 0.125 0)
(0.9875000000000002 0.125 0)
(1 0.125 0)
(0 0.1375 0)
(0.0125 0.1375 0)
(0.025 0.1375 0)
(0.0375 0.1375 0)
(0.05 0.1375 0)
(0.0625 0.1375 0)
(0.075 0.1375 0)
(0.08750000000000001 0.1375 0)
(0.09999999999999998 0.1375 0)
(0.1125 0.1375 0)
(0.125 0.1375 0)
(0.1375 0.1375 0)
(0.15 0.1375 0)
(0.1625 0.1375 0)
(0.175 0.1375 0)
(0.1875 0.1375 0)
(0.2 0.1375 0)
(0.2125 0.1375 0)
(0.225 0.1375 0)
(0.2375 0.1375 0)
(0.25 0.1375 0)
(0.2625 0.1375 0)
(0.275 0.1375 0)
(0.2875 0.1375 0)
(0.3 0.1375 0)
(0.3125 0.1375 0)
(0.325 0.1375 0)
(0.3375000000000001 0.1375 0)
(0.35 0.1375 0)
(0.3625 0.1375 0)
(0.3750000000000001 0.1375 0)
(0.3875 0.1375 0)
(0.4 0.1375 0)
(0.4124999999999999 0.1375 0)
(0.425 0.1375 0)
(0.4375 0.1375 0)
(0.45 0.1375 0)
(0.4625000000000001 0.1375 0)
(0.4749999999999999 0.1375 0)
(0.4875 0.1375 0)
(0.5 0.1375 0)
(0.5125 0.1375 0)
(0.5250000000000001 0.1375 0)
(0.5375000000000001 0.1375 0)
(0.55 0.1375 0)
(0.5625 0.1375 0)
(0.575 0.1375 0)
(0.5875 0.1375 0)
(0.6 0.1375 0)
(0.6125 0.1375 0)
(0.625 0.1375 0)
(0.6375 0.1375 0)
(0.65 0.1375 0)
(0.6625 0.1375 0)
(0.6750000000000002 0.1375 0)
(0.6875 0.1375 0)
(0.7000000000000001 0.1375 0)
(0.7125000000000002 0.1375 0)
(0.7250000000000001 0.1375 0)
(0.7375000000000002 0.1375 0)
(0.7500000000000001 0.1375 0)
(0.7625000000000001 0.1375 0)
(0.775 0.1375 0)
(0.7875 0.1375 0)
(0.7999999999999999 0.1375 0)
(0.8125 0.1375 0)
(0.8249999999999998 0.1375 0)
(0.8375 0.1375 0)
(0.8500000000000001 0.1375 0)
(0.8625000000000002 0.1375 0)
(0.875 0.1375 0)
(0.8875000000000001 0.1375 0)
(0.9 0.1375 0)
(0.9125000000000001 0.1375 0)
(0.9250000000000002 0.1375 0)
(0.9375 0.1375 0)
(0.9499999999999998 0.1375 0)
(0.9625 0.1375 0)
(0.9750000000000001 0.1375 0)
(0.9875000000000002 0.1375 0)
(1 0.1375 0)
(0 0.15 0)
(0.0125 0.15 0)
(0.025 0.15 0)
(0.0375 0.15 0)
(0.05000000000000001 0.15 0)
(0.0625 0.15 0)
(0.075 0.15 0)
(0.08750000000000001 0.15 0)
(0.1 0.15 0)
(0.1125 0.15 0)
(0.125 0.15 0)
(0.1375 0.15 0)
(0.15 0.15 0)
(0.1625 0.15 0)
(0.175 0.15 0)
(0.1875 0.15 0)
(0.2 0.15 0)
(0.2125 0.15 0)
(0.225 0.15 0)
(0.2375 0.15 0)
(0.25 0.15 0)
(0.2625 0.15 0)
(0.275 0.15 0)
(0.2875 0.15 0)
(0.3 0.15 0)
(0.3125 0.15 0)
(0.325 0.15 0)
(0.3375 0.15 0)
(0.35 0.15 0)
(0.3625 0.15 0)
(0.375 0.15 0)
(0.3875 0.15 0)
(0.4000000000000001 0.15 0)
(0.4124999999999999 0.15 0)
(0.425 0.15 0)
(0.4375 0.15 0)
(0.45 0.15 0)
(0.4625000000000001 0.15 0)
(0.475 0.15 0)
(0.4875000000000001 0.15 0)
(0.5 0.15 0)
(0.5125 0.15 0)
(0.525 0.15 0)
(0.5375 0.15 0)
(0.55 0.15 0)
(0.5625 0.15 0)
(0.575 0.15 0)
(0.5875 0.15 0)
(0.6 0.15 0)
(0.6124999999999999 0.15 0)
(0.625 0.15 0)
(0.6375000000000001 0.15 0)
(0.65 0.15 0)
(0.6625 0.15 0)
(0.6749999999999999 0.15 0)
(0.6875 0.15 0)
(0.7000000000000001 0.15 0)
(0.7124999999999999 0.15 0)
(0.7250000000000001 0.15 0)
(0.7375000000000002 0.15 0)
(0.75 0.15 0)
(0.7624999999999998 0.15 0)
(0.7749999999999999 0.15 0)
(0.7875 0.15 0)
(0.8000000000000002 0.15 0)
(0.8125 0.15 0)
(0.8249999999999998 0.15 0)
(0.8374999999999999 0.15 0)
(0.85 0.15 0)
(0.8624999999999999 0.15 0)
(0.875 0.15 0)
(0.8875000000000001 0.15 0)
(0.9 0.15 0)
(0.9125 0.15 0)
(0.9249999999999999 0.15 0)
(0.9375 0.15 0)
(0.9500000000000001 0.15 0)
(0.9625 0.15 0)
(0.975 0.15 0)
(0.9874999999999999 0.15 0)
(1 0.15 0)
(0 0.1625 0)
(0.0125 0.1625 0)
(0.025 0.1625 0)
(0.0375 0.1625 0)
(0.05 0.1625 0)
(0.0625 0.1625 0)
(0.07499999999999998 0.1625 0)
(0.08750000000000001 0.1625 0)
(0.09999999999999999 0.1625 0)
(0.1125 0.1625 0)
(0.125 0.1625 0)
(0.1375 0.1625 0)
(0.15 0.1625 0)
(0.1625 0.1625 0)
(0.175 0.1625 0)
(0.1875 0.1625 0)
(0.2 0.1625 0)
(0.2125 0.1625 0)
(0.225 0.1625 0)
(0.2375 0.1625 0)
(0.25 0.1625 0)
(0.2625 0.1625 0)
(0.275 0.1625 0)
(0.2875 0.1625 0)
(0.3 0.1625 0)
(0.3125 0.1625 0)
(0.325 0.1625 0)
(0.3375000000000001 0.1625 0)
(0.3499999999999999 0.1625 0)
(0.3625 0.1625 0)
(0.375 0.1625 0)
(0.3875 0.1625 0)
(0.4000000000000001 0.1625 0)
(0.4125 0.1625 0)
(0.425 0.1625 0)
(0.4375 0.1625 0)
(0.4499999999999999 0.1625 0)
(0.4625000000000001 0.1625 0)
(0.4749999999999999 0.1625 0)
(0.4875 0.1625 0)
(0.5 0.1625 0)
(0.5125 0.1625 0)
(0.525 0.1625 0)
(0.5375 0.1625 0)
(0.55 0.1625 0)
(0.5625 0.1625 0)
(0.575 0.1625 0)
(0.5875 0.1625 0)
(0.6 0.1625 0)
(0.6125 0.1625 0)
(0.625 0.1625 0)
(0.6374999999999998 0.1625 0)
(0.65 0.1625 0)
(0.6625 0.1625 0)
(0.6750000000000002 0.1625 0)
(0.6875 0.1625 0)
(0.7000000000000001 0.1625 0)
(0.7125 0.1625 0)
(0.725 0.1625 0)
(0.7374999999999999 0.1625 0)
(0.75 0.1625 0)
(0.7625000000000001 0.1625 0)
(0.775 0.1625 0)
(0.7875 0.1625 0)
(0.7999999999999999 0.1625 0)
(0.8125 0.1625 0)
(0.8250000000000001 0.1625 0)
(0.8375 0.1625 0)
(0.8500000000000001 0.1625 0)
(0.8624999999999999 0.1625 0)
(0.875 0.1625 0)
(0.8874999999999998 0.1625 0)
(0.9 0.1625 0)
(0.9125 0.1625 0)
(0.9250000000000002 0.1625 0)
(0.9375 0.1625 0)
(0.9499999999999998 0.1625 0)
(0.9625 0.1625 0)
(0.975 0.1625 0)
(0.9875000000000003 0.1625 0)
(1 0.1625 0)
(0 0.175 0)
(0.0125 0.175 0)
(0.025 0.175 0)
(0.0375 0.175 0)
(0.05000000000000001 0.175 0)
(0.0625 0.175 0)
(0.075 0.175 0)
(0.08749999999999998 0.175 0)
(0.1 0.175 0)
(0.1125 0.175 0)
(0.125 0.175 0)
(0.1375 0.175 0)
(0.15 0.175 0)
(0.1625 0.175 0)
(0.175 0.175 0)
(0.1875 0.175 0)
(0.2 0.175 0)
(0.2125 0.175 0)
(0.225 0.175 0)
(0.2375 0.175 0)
(0.25 0.175 0)
(0.2625 0.175 0)
(0.275 0.175 0)
(0.2875 0.175 0)
(0.3 0.175 0)
(0.3125 0.175 0)
(0.325 0.175 0)
(0.3375 0.175 0)
(0.3499999999999999 0.175 0)
(0.3625 0.175 0)
(0.3749999999999999 0.175 0)
(0.3875 0.175 0)
(0.4000000000000001 0.175 0)
(0.4125 0.175 0)
(0.425 0.175 0)
(0.4375 0.175 0)
(0.45 0.175 0)
(0.4624999999999999 0.175 0)
(0.4749999999999999 0.175 0)
(0.4875 0.175 0)
(0.5 0.175 0)
(0.5125 0.175 0)
(0.525 0.175 0)
(0.5375 0.175 0)
(0.55 0.175 0)
(0.5625 0.175 0)
(0.575 0.175 0)
(0.5875 0.175 0)
(0.6 0.175 0)
(0.6125 0.175 0)
(0.625 0.175 0)
(0.6375 0.175 0)
(0.65 0.175 0)
(0.6625 0.175 0)
(0.6749999999999999 0.175 0)
(0.6875 0.175 0)
(0.7000000000000001 0.175 0)
(0.7124999999999999 0.175 0)
(0.725 0.175 0)
(0.7374999999999999 0.175 0)
(0.75 0.175 0)
(0.7624999999999998 0.175 0)
(0.775 0.175 0)
(0.7875 0.175 0)
(0.8000000000000002 0.175 0)
(0.8125 0.175 0)
(0.8250000000000001 0.175 0)
(0.8374999999999999 0.175 0)
(0.85 0.175 0)
(0.8624999999999999 0.175 0)
(0.875 0.175 0)
(0.8874999999999998 0.175 0)
(0.9 0.175 0)
(0.9125000000000001 0.175 0)
(0.9250000000000002 0.175 0)
(0.9375 0.175 0)
(0.9499999999999998 0.175 0)
(0.9625 0.175 0)
(0.975 0.175 0)
(0.9875000000000002 0.175 0)
(1 0.175 0)
(0 0.1875 0)
(0.0125 0.1875 0)
(0.025 0.1875 0)
(0.0375 0.1875 0)
(0.05 0.1875 0)
(0.0625 0.1875 0)
(0.075 0.1875 0)
(0.08750000000000001 0.1875 0)
(0.09999999999999999 0.1875 0)
(0.1125 0.1875 0)
(0.125 0.1875 0)
(0.1375 0.1875 0)
(0.15 0.1875 0)
(0.1625 0.1875 0)
(0.175 0.1875 0)
(0.1875 0.1875 0)
(0.2 0.1875 0)
(0.2125 0.1875 0)
(0.225 0.1875 0)
(0.2375 0.1875 0)
(0.25 0.1875 0)
(0.2625 0.1875 0)
(0.275 0.1875 0)
(0.2875 0.1875 0)
(0.3 0.1875 0)
(0.3125 0.1875 0)
(0.3250000000000001 0.1875 0)
(0.3375 0.1875 0)
(0.35 0.1875 0)
(0.3624999999999999 0.1875 0)
(0.375 0.1875 0)
(0.3875000000000001 0.1875 0)
(0.4 0.1875 0)
(0.4125 0.1875 0)
(0.4249999999999999 0.1875 0)
(0.4375 0.1875 0)
(0.4500000000000001 0.1875 0)
(0.4625 0.1875 0)
(0.475 0.1875 0)
(0.4874999999999999 0.1875 0)
(0.5 0.1875 0)
(0.5125000000000001 0.1875 0)
(0.525 0.1875 0)
(0.5375 0.1875 0)
(0.5499999999999999 0.1875 0)
(0.5625 0.1875 0)
(0.5750000000000001 0.1875 0)
(0.5875 0.1875 0)
(0.6 0.1875 0)
(0.6124999999999999 0.1875 0)
(0.625 0.1875 0)
(0.6375000000000001 0.1875 0)
(0.6500000000000001 0.1875 0)
(0.6624999999999999 0.1875 0)
(0.6749999999999999 0.1875 0)
(0.6875 0.1875 0)
(0.7000000000000001 0.1875 0)
(0.7125000000000002 0.1875 0)
(0.7249999999999998 0.1875 0)
(0.7374999999999999 0.1875 0)
(0.75 0.1875 0)
(0.7625000000000001 0.1875 0)
(0.7750000000000002 0.1875 0)
(0.7874999999999998 0.1875 0)
(0.7999999999999999 0.1875 0)
(0.8125 0.1875 0)
(0.8250000000000001 0.1875 0)
(0.8375000000000002 0.1875 0)
(0.8499999999999998 0.1875 0)
(0.8624999999999999 0.1875 0)
(0.875 0.1875 0)
(0.8875000000000001 0.1875 0)
(0.9000000000000002 0.1875 0)
(0.9124999999999998 0.1875 0)
(0.9249999999999999 0.1875 0)
(0.9375 0.1875 0)
(0.9500000000000001 0.1875 0)
(0.9625000000000002 0.1875 0)
(0.9749999999999998 0.1875 0)
(0.9874999999999999 0.1875 0)
(1 0.1875 0)
(0 0.2 0)
(0.0125 0.2 0)
(0.025 0.2 0)
(0.0375 0.2 0)
(0.05000000000000001 0.2 0)
(0.0625 0.2 0)
(0.075 0.2 0)
(0.08750000000000001 0.2 0)
(0.1 0.2 0)
(0.1125 0.2 0)
(0.125 0.2 0)
(0.1375 0.2 0)
(0.15 0.2 0)
(0.1625 0.2 0)
(0.175 0.2 0)
(0.1875 0.2 0)
(0.2 0.2 0)
(0.2125 0.2 0)
(0.225 0.2 0)
(0.2375 0.2 0)
(0.25 0.2 0)
(0.2625 0.2 0)
(0.275 0.2 0)
(0.2875 0.2 0)
(0.3 0.2 0)
(0.3125 0.2 0)
(0.325 0.2 0)
(0.3375000000000001 0.2 0)
(0.35 0.2 0)
(0.3625 0.2 0)
(0.3750000000000001 0.2 0)
(0.3875 0.2 0)
(0.4000000000000001 0.2 0)
(0.4125 0.2 0)
(0.425 0.2 0)
(0.4375 0.2 0)
(0.4500000000000001 0.2 0)
(0.4625000000000001 0.2 0)
(0.475 0.2 0)
(0.4875 0.2 0)
(0.5 0.2 0)
(0.5125 0.2 0)
(0.525 0.2 0)
(0.5375 0.2 0)
(0.55 0.2 0)
(0.5625 0.2 0)
(0.575 0.2 0)
(0.5875 0.2 0)
(0.6 0.2 0)
(0.6125 0.2 0)
(0.625 0.2 0)
(0.6375 0.2 0)
(0.65 0.2 0)
(0.6625000000000001 0.2 0)
(0.6750000000000002 0.2 0)
(0.6875 0.2 0)
(0.7000000000000001 0.2 0)
(0.7125 0.2 0)
(0.725 0.2 0)
(0.7375000000000002 0.2 0)
(0.7500000000000001 0.2 0)
(0.7624999999999998 0.2 0)
(0.775 0.2 0)
(0.7875000000000001 0.2 0)
(0.8000000000000002 0.2 0)
(0.8125 0.2 0)
(0.8250000000000001 0.2 0)
(0.8375 0.2 0)
(0.8500000000000001 0.2 0)
(0.8624999999999999 0.2 0)
(0.875 0.2 0)
(0.8874999999999998 0.2 0)
(0.9000000000000002 0.2 0)
(0.9125 0.2 0)
(0.9250000000000002 0.2 0)
(0.9375 0.2 0)
(0.9500000000000001 0.2 0)
(0.9625 0.2 0)
(0.9750000000000001 0.2 0)
(0.9875000000000002 0.2 0)
(1 0.2 0)
(0 0.2125 0)
(0.0125 0.2125 0)
(0.025 0.2125 0)
(0.0375 0.2125 0)
(0.05 0.2125 0)
(0.0625 0.2125 0)
(0.075 0.2125 0)
(0.08750000000000001 0.2125 0)
(0.09999999999999999 0.2125 0)
(0.1125 0.2125 0)
(0.125 0.2125 0)
(0.1375 0.2125 0)
(0.15 0.2125 0)
(0.1625 0.2125 0)
(0.175 0.2125 0)
(0.1875 0.2125 0)
(0.2 0.2125 0)
(0.2125 0.2125 0)
(0.225 0.2125 0)
(0.2375 0.2125 0)
(0.25 0.2125 0)
(0.2625000000000001 0.2125 0)
(0.275 0.2125 0)
(0.2875 0.2125 0)
(0.3 0.2125 0)
(0.3125 0.2125 0)
(0.325 0.2125 0)
(0.3375 0.2125 0)
(0.35 0.2125 0)
(0.3625 0.2125 0)
(0.375 0.2125 0)
(0.3875 0.2125 0)
(0.4 0.2125 0)
(0.4125 0.2125 0)
(0.425 0.2125 0)
(0.4375 0.2125 0)
(0.45 0.2125 0)
(0.4625 0.2125 0)
(0.4749999999999999 0.2125 0)
(0.4875 0.2125 0)
(0.5 0.2125 0)
(0.5125 0.2125 0)
(0.525 0.2125 0)
(0.5375 0.2125 0)
(0.55 0.2125 0)
(0.5625 0.2125 0)
(0.5749999999999998 0.2125 0)
(0.5875 0.2125 0)
(0.6 0.2125 0)
(0.6125 0.2125 0)
(0.625 0.2125 0)
(0.6375 0.2125 0)
(0.65 0.2125 0)
(0.6625 0.2125 0)
(0.6750000000000002 0.2125 0)
(0.6875 0.2125 0)
(0.7000000000000001 0.2125 0)
(0.7124999999999999 0.2125 0)
(0.725 0.2125 0)
(0.7374999999999999 0.2125 0)
(0.75 0.2125 0)
(0.7625000000000001 0.2125 0)
(0.7749999999999999 0.2125 0)
(0.7875000000000001 0.2125 0)
(0.7999999999999999 0.2125 0)
(0.8125 0.2125 0)
(0.8250000000000001 0.2125 0)
(0.8375 0.2125 0)
(0.85 0.2125 0)
(0.8624999999999999 0.2125 0)
(0.875 0.2125 0)
(0.8874999999999998 0.2125 0)
(0.9 0.2125 0)
(0.9124999999999998 0.2125 0)
(0.9250000000000002 0.2125 0)
(0.9375 0.2125 0)
(0.9499999999999998 0.2125 0)
(0.9624999999999999 0.2125 0)
(0.975 0.2125 0)
(0.9875000000000002 0.2125 0)
(1 0.2125 0)
(0 0.225 0)
(0.0125 0.225 0)
(0.025 0.225 0)
(0.0375 0.225 0)
(0.05000000000000002 0.225 0)
(0.0625 0.225 0)
(0.075 0.225 0)
(0.08750000000000001 0.2250000000000001 0)
(0.1 0.225 0)
(0.1125 0.225 0)
(0.125 0.225 0)
(0.1375 0.225 0)
(0.15 0.225 0)
(0.1625 0.225 0)
(0.175 0.225 0)
(0.1875 0.225 0)
(0.2 0.225 0)
(0.2125 0.225 0)
(0.225 0.225 0)
(0.2375 0.225 0)
(0.25 0.225 0)
(0.2625 0.225 0)
(0.275 0.225 0)
(0.2875 0.225 0)
(0.3 0.225 0)
(0.3125 0.225 0)
(0.325 0.225 0)
(0.3375000000000001 0.225 0)
(0.35 0.225 0)
(0.3625 0.225 0)
(0.375 0.225 0)
(0.3875 0.225 0)
(0.4000000000000001 0.225 0)
(0.4124999999999999 0.225 0)
(0.425 0.225 0)
(0.4375 0.225 0)
(0.45 0.225 0)
(0.4625 0.225 0)
(0.475 0.225 0)
(0.4875 0.225 0)
(0.5 0.225 0)
(0.5125 0.225 0)
(0.525 0.225 0)
(0.5375 0.225 0)
(0.55 0.225 0)
(0.5625 0.225 0)
(0.575 0.225 0)
(0.5875 0.225 0)
(0.6 0.225 0)
(0.6124999999999999 0.225 0)
(0.625 0.225 0)
(0.6375000000000001 0.225 0)
(0.65 0.225 0)
(0.6625 0.225 0)
(0.6750000000000002 0.225 0)
(0.6875 0.225 0)
(0.7000000000000001 0.225 0)
(0.7125 0.225 0)
(0.725 0.225 0)
(0.7375000000000002 0.225 0)
(0.75 0.225 0)
(0.7624999999999998 0.225 0)
(0.775 0.2250000000000001 0)
(0.7875000000000001 0.225 0)
(0.8000000000000002 0.225 0)
(0.8125 0.225 0)
(0.8249999999999998 0.225 0)
(0.8375 0.225 0)
(0.85 0.2250000000000001 0)
(0.8625000000000002 0.225 0)
(0.875 0.225 0)
(0.8875000000000001 0.225 0)
(0.9 0.225 0)
(0.9125 0.225 0)
(0.9249999999999999 0.225 0)
(0.9375 0.225 0)
(0.9500000000000001 0.225 0)
(0.9625 0.225 0)
(0.975 0.225 0)
(0.9874999999999999 0.225 0)
(1 0.225 0)
(0 0.2375 0)
(0.0125 0.2375 0)
(0.025 0.2375 0)
(0.03750000000000001 0.2375 0)
(0.05000000000000001 0.2375 0)
(0.0625 0.2375 0)
(0.075 0.2375 0)
(0.08749999999999998 0.2375 0)
(0.09999999999999999 0.2375 0)
(0.1125 0.2375 0)
(0.125 0.2375 0)
(0.1375 0.2375 0)
(0.15 0.2375 0)
(0.1625 0.2375 0)
(0.175 0.2375 0)
(0.1875 0.2375 0)
(0.2 0.2375 0)
(0.2125 0.2375 0)
(0.225 0.2375 0)
(0.2375 0.2375 0)
(0.25 0.2375 0)
(0.2625000000000001 0.2375 0)
(0.275 0.2375 0)
(0.2875 0.2375 0)
(0.3 0.2375 0)
(0.3125 0.2375 0)
(0.325 0.2375 0)
(0.3375 0.2375 0)
(0.3499999999999999 0.2375 0)
(0.3625 0.2375 0)
(0.3749999999999999 0.2375 0)
(0.3875 0.2375 0)
(0.4 0.2375 0)
(0.4125 0.2375 0)
(0.425 0.2375 0)
(0.4375 0.2375 0)
(0.45 0.2375 0)
(0.4625000000000001 0.2375 0)
(0.4749999999999999 0.2375 0)
(0.4875 0.2375 0)
(0.5 0.2375 0)
(0.5124999999999998 0.2375 0)
(0.525 0.2375 0)
(0.5375 0.2375 0)
(0.55 0.2375 0)
(0.5625 0.2375 0)
(0.575 0.2375 0)
(0.5874999999999999 0.2375 0)
(0.6 0.2375 0)
(0.6125 0.2375 0)
(0.625 0.2375 0)
(0.6375 0.2375 0)
(0.6499999999999999 0.2375 0)
(0.6625 0.2375 0)
(0.6749999999999999 0.2375 0)
(0.6875 0.2375 0)
(0.6999999999999998 0.2375 0)
(0.7125 0.2375 0)
(0.725 0.2375 0)
(0.7375000000000002 0.2375 0)
(0.75 0.2375 0)
(0.7625000000000001 0.2375 0)
(0.775 0.2375 0)
(0.7875000000000001 0.2375 0)
(0.7999999999999999 0.2375 0)
(0.8125 0.2375 0)
(0.8249999999999998 0.2375 0)
(0.8374999999999999 0.2375 0)
(0.85 0.2375 0)
(0.8625000000000002 0.2375 0)
(0.875 0.2375 0)
(0.8875000000000001 0.2375 0)
(0.9 0.2375 0)
(0.9125 0.2375 0)
(0.9250000000000002 0.2375 0)
(0.9375 0.2375 0)
(0.9499999999999998 0.2375 0)
(0.9624999999999999 0.2375 0)
(0.975 0.2375 0)
(0.9874999999999999 0.2375 0)
(1 0.2375 0)
(0 0.25 0)
(0.0125 0.25 0)
(0.025 0.25 0)
(0.0375 0.25 0)
(0.05000000000000001 0.25 0)
(0.0625 0.25 0)
(0.075 0.25 0)
(0.08749999999999998 0.25 0)
(0.1 0.25 0)
(0.1125 0.25 0)
(0.125 0.25 0)
(0.1375 0.25 0)
(0.15 0.25 0)
(0.1625 0.25 0)
(0.175 0.25 0)
(0.1875 0.25 0)
(0.2 0.25 0)
(0.2125 0.25 0)
(0.225 0.25 0)
(0.2375 0.25 0)
(0.25 0.25 0)
(0.2625 0.25 0)
(0.275 0.25 0)
(0.2875 0.25 0)
(0.3 0.25 0)
(0.3125 0.25 0)
(0.325 0.25 0)
(0.3375000000000001 0.25 0)
(0.3499999999999999 0.25 0)
(0.3625 0.25 0)
(0.375 0.25 0)
(0.3875 0.25 0)
(0.4000000000000001 0.25 0)
(0.4124999999999999 0.25 0)
(0.425 0.25 0)
(0.4375 0.25 0)
(0.45 0.25 0)
(0.4625000000000001 0.25 0)
(0.4749999999999999 0.25 0)
(0.4875 0.25 0)
(0.5 0.25 0)
(0.5125 0.25 0)
(0.525 0.25 0)
(0.5375 0.25 0)
(0.55 0.25 0)
(0.5625 0.25 0)
(0.575 0.25 0)
(0.5875 0.25 0)
(0.6 0.25 0)
(0.6125 0.25 0)
(0.625 0.25 0)
(0.6375 0.25 0)
(0.65 0.25 0)
(0.6625 0.25 0)
(0.6750000000000002 0.25 0)
(0.6875 0.25 0)
(0.6999999999999998 0.25 0)
(0.7125 0.25 0)
(0.725 0.25 0)
(0.7375000000000002 0.25 0)
(0.75 0.25 0)
(0.7624999999999998 0.25 0)
(0.775 0.25 0)
(0.7875 0.25 0)
(0.8000000000000002 0.25 0)
(0.8125 0.25 0)
(0.8249999999999998 0.25 0)
(0.8375 0.25 0)
(0.85 0.25 0)
(0.8625000000000002 0.25 0)
(0.875 0.25 0)
(0.8874999999999998 0.25 0)
(0.9 0.25 0)
(0.9125 0.25 0)
(0.9250000000000002 0.25 0)
(0.9375 0.25 0)
(0.9499999999999998 0.25 0)
(0.9625 0.25 0)
(0.975 0.25 0)
(0.9875000000000002 0.25 0)
(1 0.25 0)
(0 0.2625 0)
(0.0125 0.2625 0)
(0.025 0.2625 0)
(0.03749999999999999 0.2625 0)
(0.05000000000000001 0.2625000000000001 0)
(0.0625 0.2625 0)
(0.075 0.2625 0)
(0.08749999999999998 0.2625 0)
(0.09999999999999999 0.2625 0)
(0.1125 0.2625 0)
(0.125 0.2625 0)
(0.1375 0.2625 0)
(0.15 0.2625000000000001 0)
(0.1625 0.2625 0)
(0.175 0.2625 0)
(0.1875 0.2625 0)
(0.2 0.2625 0)
(0.2125 0.2625 0)
(0.225 0.2625 0)
(0.2375 0.2625 0)
(0.25 0.2625000000000001 0)
(0.2625 0.2625 0)
(0.2750000000000001 0.2625 0)
(0.2875 0.2625 0)
(0.3 0.2625 0)
(0.3125 0.2625 0)
(0.3250000000000001 0.2625000000000001 0)
(0.3375 0.2625 0)
(0.3499999999999999 0.2625000000000001 0)
(0.3625 0.2625 0)
(0.3750000000000001 0.2625 0)
(0.3875000000000001 0.2625 0)
(0.4000000000000001 0.2625 0)
(0.4124999999999999 0.2625 0)
(0.425 0.2625 0)
(0.4375 0.2625 0)
(0.45 0.2625000000000001 0)
(0.4625 0.2625 0)
(0.475 0.2625 0)
(0.4875 0.2625 0)
(0.5 0.2625 0)
(0.5125 0.2625 0)
(0.525 0.2625 0)
(0.5375 0.2625 0)
(0.5500000000000002 0.2625 0)
(0.5625 0.2625 0)
(0.575 0.2625 0)
(0.5875000000000001 0.2625 0)
(0.6 0.2625 0)
(0.6125 0.2625 0)
(0.625 0.2625 0)
(0.6375 0.2625 0)
(0.6500000000000001 0.2625 0)
(0.6625 0.2625 0)
(0.6749999999999999 0.2625 0)
(0.6875 0.2625 0)
(0.6999999999999998 0.2625 0)
(0.7125 0.2625 0)
(0.725 0.2625 0)
(0.7375000000000002 0.2625 0)
(0.7500000000000001 0.2625 0)
(0.7625000000000001 0.2625000000000001 0)
(0.7750000000000002 0.2625000000000001 0)
(0.7875 0.2625 0)
(0.8000000000000002 0.2625 0)
(0.8125 0.2625 0)
(0.8249999999999998 0.2625 0)
(0.8375 0.2625 0)
(0.8500000000000001 0.2625 0)
(0.8625000000000002 0.2625 0)
(0.875 0.2625000000000001 0)
(0.8875000000000001 0.2625 0)
(0.9 0.2625 0)
(0.9125000000000001 0.2625 0)
(0.9249999999999999 0.2625 0)
(0.9375 0.2625 0)
(0.9500000000000001 0.2625 0)
(0.9625 0.2625 0)
(0.9750000000000001 0.2625 0)
(0.9875000000000002 0.2625 0)
(1 0.2625 0)
(0 0.275 0)
(0.0125 0.275 0)
(0.025 0.275 0)
(0.03750000000000001 0.275 0)
(0.05000000000000001 0.275 0)
(0.0625 0.275 0)
(0.075 0.275 0)
(0.08749999999999998 0.275 0)
(0.1 0.275 0)
(0.1125 0.275 0)
(0.125 0.2750000000000001 0)
(0.1375 0.275 0)
(0.15 0.275 0)
(0.1625 0.275 0)
(0.175 0.275 0)
(0.1875 0.2750000000000001 0)
(0.2 0.2750000000000001 0)
(0.2125 0.275 0)
(0.225 0.275 0)
(0.2375 0.275 0)
(0.25 0.275 0)
(0.2625 0.2750000000000001 0)
(0.275 0.275 0)
(0.2875 0.275 0)
(0.3 0.275 0)
(0.3125 0.275 0)
(0.325 0.275 0)
(0.3375 0.275 0)
(0.3499999999999999 0.275 0)
(0.3625 0.275 0)
(0.375 0.275 0)
(0.3875000000000001 0.275 0)
(0.4000000000000001 0.275 0)
(0.4125 0.275 0)
(0.425 0.2750000000000001 0)
(0.4375 0.275 0)
(0.45 0.275 0)
(0.4625 0.275 0)
(0.475 0.275 0)
(0.4875 0.275 0)
(0.5 0.275 0)
(0.5125 0.275 0)
(0.525 0.275 0)
(0.5375 0.275 0)
(0.55 0.275 0)
(0.5625 0.275 0)
(0.575 0.275 0)
(0.5875 0.275 0)
(0.6 0.275 0)
(0.6125 0.275 0)
(0.625 0.275 0)
(0.6375 0.275 0)
(0.65 0.275 0)
(0.6625 0.275 0)
(0.6749999999999999 0.275 0)
(0.6875 0.275 0)
(0.6999999999999998 0.275 0)
(0.7125 0.275 0)
(0.725 0.275 0)
(0.7374999999999999 0.275 0)
(0.75 0.275 0)
(0.7624999999999998 0.275 0)
(0.775 0.275 0)
(0.7875000000000001 0.275 0)
(0.8000000000000002 0.2750000000000001 0)
(0.8125 0.2750000000000001 0)
(0.8250000000000001 0.2750000000000001 0)
(0.8375 0.275 0)
(0.8500000000000001 0.275 0)
(0.8625000000000002 0.275 0)
(0.875 0.2750000000000001 0)
(0.8875000000000001 0.2750000000000001 0)
(0.9 0.275 0)
(0.9125 0.275 0)
(0.9249999999999999 0.275 0)
(0.9375 0.275 0)
(0.9500000000000001 0.275 0)
(0.9624999999999999 0.275 0)
(0.9749999999999998 0.275 0)
(0.9874999999999999 0.275 0)
(1 0.275 0)
(0 0.2875 0)
(0.0125 0.2874999999999999 0)
(0.025 0.2875 0)
(0.03750000000000001 0.2874999999999999 0)
(0.05 0.2875 0)
(0.0625 0.2875 0)
(0.075 0.2875 0)
(0.08750000000000001 0.2875 0)
(0.09999999999999999 0.2875 0)
(0.1125 0.2875 0)
(0.125 0.2874999999999999 0)
(0.1375 0.2875 0)
(0.15 0.2875 0)
(0.1625 0.2875 0)
(0.175 0.2875 0)
(0.1875 0.2874999999999999 0)
(0.2 0.2875 0)
(0.2125 0.2875 0)
(0.225 0.2875 0)
(0.2375 0.2875 0)
(0.25 0.2875 0)
(0.2625 0.2875 0)
(0.275 0.2875 0)
(0.2875 0.2875 0)
(0.3 0.2875 0)
(0.3125 0.2875 0)
(0.325 0.2875 0)
(0.3375 0.2875 0)
(0.35 0.2875 0)
(0.3625 0.2875 0)
(0.375 0.2875 0)
(0.3875 0.2874999999999999 0)
(0.4 0.2875 0)
(0.4125 0.2874999999999999 0)
(0.425 0.2875 0)
(0.4375 0.2875 0)
(0.45 0.2875 0)
(0.4625000000000001 0.2875 0)
(0.4749999999999999 0.2874999999999999 0)
(0.4875 0.2875 0)
(0.5 0.2875 0)
(0.5125 0.2875 0)
(0.525 0.2874999999999999 0)
(0.5375 0.2875 0)
(0.55 0.2875 0)
(0.5625 0.2875 0)
(0.575 0.2875 0)
(0.5875 0.2875 0)
(0.6 0.2875 0)
(0.6125 0.2874999999999999 0)
(0.625 0.2875 0)
(0.6375 0.2875 0)
(0.65 0.2875 0)
(0.6625 0.2875 0)
(0.6749999999999999 0.2875 0)
(0.6875 0.2875 0)
(0.7000000000000001 0.2875 0)
(0.7125 0.2875 0)
(0.725 0.2875 0)
(0.7374999999999999 0.2875 0)
(0.75 0.2875 0)
(0.7625000000000001 0.2875 0)
(0.775 0.2875 0)
(0.7875000000000001 0.2875 0)
(0.7999999999999999 0.2875 0)
(0.8125 0.2874999999999999 0)
(0.8250000000000001 0.2875 0)
(0.8375 0.2875 0)
(0.85 0.2875 0)
(0.8625000000000002 0.2875 0)
(0.875 0.2874999999999999 0)
(0.8874999999999998 0.2875 0)
(0.9 0.2875 0)
(0.9125 0.2875 0)
(0.9250000000000002 0.2874999999999999 0)
(0.9375 0.2875 0)
(0.9499999999999998 0.2875 0)
(0.9624999999999999 0.2874999999999999 0)
(0.975 0.2875 0)
(0.9875000000000002 0.2875 0)
(1 0.2875 0)
(0 0.3 0)
(0.0125 0.3 0)
(0.025 0.3 0)
(0.0375 0.3 0)
(0.04999999999999999 0.3 0)
(0.0625 0.3 0)
(0.075 0.3 0)
(0.08750000000000001 0.3 0)
(0.1 0.3 0)
(0.1125 0.3 0)
(0.125 0.3 0)
(0.1375 0.3 0)
(0.15 0.3 0)
(0.1625 0.3 0)
(0.175 0.3 0)
(0.1875 0.3 0)
(0.2 0.3 0)
(0.2125 0.3 0)
(0.225 0.3 0)
(0.2375 0.3 0)
(0.25 0.2999999999999999 0)
(0.2625 0.3 0)
(0.275 0.3 0)
(0.2875 0.3 0)
(0.3 0.3 0)
(0.3125 0.3 0)
(0.325 0.3 0)
(0.3375 0.3 0)
(0.35 0.3 0)
(0.3625 0.3 0)
(0.3749999999999999 0.3 0)
(0.3875 0.3 0)
(0.3999999999999999 0.3 0)
(0.4124999999999999 0.3 0)
(0.425 0.3 0)
(0.4375 0.3 0)
(0.45 0.3 0)
(0.4625 0.3 0)
(0.475 0.3 0)
(0.4875 0.3 0)
(0.5 0.3 0)
(0.5125000000000001 0.3 0)
(0.525 0.3 0)
(0.5375 0.3 0)
(0.55 0.3 0)
(0.5625 0.3 0)
(0.5749999999999998 0.3 0)
(0.5875 0.3 0)
(0.6 0.3 0)
(0.6125 0.3 0)
(0.625 0.3 0)
(0.6375 0.3 0)
(0.65 0.3 0)
(0.6624999999999999 0.3 0)
(0.6749999999999999 0.3 0)
(0.6875 0.3 0)
(0.7000000000000001 0.3 0)
(0.7124999999999999 0.3 0)
(0.725 0.3 0)
(0.7375000000000002 0.3 0)
(0.75 0.3 0)
(0.7624999999999998 0.3 0)
(0.7749999999999999 0.3 0)
(0.7875 0.3 0)
(0.8000000000000002 0.3 0)
(0.8125 0.3 0)
(0.8250000000000001 0.3 0)
(0.8375 0.3 0)
(0.85 0.3 0)
(0.8625000000000002 0.3 0)
(0.875 0.3 0)
(0.8874999999999998 0.3 0)
(0.9 0.3 0)
(0.9125 0.3 0)
(0.9249999999999999 0.3 0)
(0.9375 0.3 0)
(0.9500000000000001 0.3 0)
(0.9624999999999999 0.3 0)
(0.975 0.3 0)
(0.9875000000000002 0.3 0)
(1 0.3 0)
(0 0.3125 0)
(0.0125 0.3125 0)
(0.025 0.3125 0)
(0.0375 0.3125 0)
(0.05000000000000001 0.3125 0)
(0.0625 0.3125 0)
(0.075 0.3125 0)
(0.08749999999999998 0.3125 0)
(0.1 0.3125 0)
(0.1125 0.3125 0)
(0.125 0.3125 0)
(0.1375 0.3125 0)
(0.15 0.3125 0)
(0.1625 0.3125 0)
(0.175 0.3125 0)
(0.1875 0.3125 0)
(0.2 0.3125 0)
(0.2125 0.3125 0)
(0.225 0.3125 0)
(0.2375 0.3125 0)
(0.25 0.3125 0)
(0.2625 0.3125 0)
(0.275 0.3125 0)
(0.2875 0.3125 0)
(0.3 0.3125 0)
(0.3125 0.3125 0)
(0.325 0.3125 0)
(0.3375000000000001 0.3125 0)
(0.3499999999999999 0.3125 0)
(0.3625 0.3125 0)
(0.375 0.3125 0)
(0.3875 0.3125 0)
(0.4000000000000001 0.3125 0)
(0.4124999999999999 0.3125 0)
(0.425 0.3125 0)
(0.4375 0.3125 0)
(0.45 0.3125 0)
(0.4625000000000001 0.3125 0)
(0.4749999999999999 0.3125 0)
(0.4875 0.3125 0)
(0.5 0.3125 0)
(0.5125 0.3125 0)
(0.525 0.3125 0)
(0.5375 0.3125 0)
(0.55 0.3125 0)
(0.5625 0.3125 0)
(0.575 0.3125 0)
(0.5875 0.3125 0)
(0.6 0.3125 0)
(0.6125 0.3125 0)
(0.625 0.3125 0)
(0.6375 0.3125 0)
(0.65 0.3125 0)
(0.6625 0.3125 0)
(0.6750000000000002 0.3125 0)
(0.6875 0.3125 0)
(0.6999999999999998 0.3125 0)
(0.7125 0.3125 0)
(0.725 0.3125 0)
(0.7375000000000002 0.3125 0)
(0.75 0.3125 0)
(0.7624999999999998 0.3125 0)
(0.775 0.3125 0)
(0.7875 0.3125 0)
(0.8000000000000002 0.3125 0)
(0.8125 0.3125 0)
(0.8249999999999998 0.3125 0)
(0.8375 0.3125 0)
(0.85 0.3125 0)
(0.8625000000000002 0.3125 0)
(0.875 0.3125 0)
(0.8874999999999998 0.3125 0)
(0.9 0.3125 0)
(0.9125 0.3125 0)
(0.9250000000000002 0.3125 0)
(0.9375 0.3125 0)
(0.9499999999999998 0.3125 0)
(0.9625 0.3125 0)
(0.975 0.3125 0)
(0.9875000000000002 0.3125 0)
(1 0.3125 0)
(0 0.325 0)
(0.0125 0.325 0)
(0.025 0.325 0)
(0.03750000000000001 0.325 0)
(0.05000000000000001 0.325 0)
(0.0625 0.325 0)
(0.075 0.325 0)
(0.08749999999999998 0.325 0)
(0.09999999999999998 0.325 0)
(0.1125 0.3250000000000001 0)
(0.125 0.325 0)
(0.1375 0.325 0)
(0.15 0.325 0)
(0.1625 0.325 0)
(0.175 0.325 0)
(0.1875 0.325 0)
(0.2 0.325 0)
(0.2125 0.325 0)
(0.225 0.325 0)
(0.2375 0.325 0)
(0.25 0.3250000000000001 0)
(0.2625000000000001 0.3250000000000001 0)
(0.275 0.325 0)
(0.2875 0.325 0)
(0.3 0.325 0)
(0.3125 0.325 0)
(0.325 0.325 0)
(0.3375 0.325 0)
(0.3499999999999999 0.325 0)
(0.3625 0.325 0)
(0.3750000000000001 0.325 0)
(0.3875 0.3250000000000001 0)
(0.4000000000000001 0.325 0)
(0.4125 0.325 0)
(0.425 0.325 0)
(0.4375 0.325 0)
(0.45 0.325 0)
(0.4625000000000001 0.325 0)
(0.4749999999999999 0.325 0)
(0.4875 0.325 0)
(0.5 0.325 0)
(0.5125 0.325 0)
(0.5250000000000001 0.325 0)
(0.5375 0.325 0)
(0.55 0.325 0)
(0.5625 0.325 0)
(0.575 0.325 0)
(0.5875 0.325 0)
(0.6000000000000001 0.325 0)
(0.6125000000000002 0.325 0)
(0.625 0.325 0)
(0.6375 0.325 0)
(0.65 0.325 0)
(0.6625 0.325 0)
(0.6749999999999999 0.325 0)
(0.6875 0.325 0)
(0.6999999999999998 0.325 0)
(0.7125 0.325 0)
(0.7250000000000001 0.325 0)
(0.7374999999999999 0.325 0)
(0.7500000000000001 0.325 0)
(0.7624999999999998 0.325 0)
(0.775 0.3250000000000001 0)
(0.7875000000000001 0.325 0)
(0.8000000000000002 0.325 0)
(0.8125 0.325 0)
(0.8250000000000001 0.325 0)
(0.8375 0.325 0)
(0.85 0.325 0)
(0.8625000000000002 0.325 0)
(0.875 0.325 0)
(0.8875000000000001 0.325 0)
(0.9 0.325 0)
(0.9125 0.325 0)
(0.9250000000000002 0.3250000000000001 0)
(0.9375 0.325 0)
(0.9499999999999998 0.325 0)
(0.9625000000000002 0.325 0)
(0.9750000000000001 0.325 0)
(0.9874999999999999 0.325 0)
(1 0.325 0)
(0 0.3375000000000001 0)
(0.0125 0.3375000000000001 0)
(0.025 0.3375000000000001 0)
(0.03749999999999999 0.3375000000000001 0)
(0.05000000000000001 0.3375000000000001 0)
(0.0625 0.3375000000000001 0)
(0.075 0.3375000000000001 0)
(0.08749999999999998 0.3375000000000001 0)
(0.09999999999999999 0.3375000000000001 0)
(0.1125 0.3375000000000001 0)
(0.125 0.3375000000000001 0)
(0.1375 0.3375000000000001 0)
(0.15 0.3375000000000001 0)
(0.1625 0.3375000000000001 0)
(0.175 0.3375000000000001 0)
(0.1875 0.3375000000000001 0)
(0.2 0.3375000000000001 0)
(0.2125 0.3375000000000001 0)
(0.225 0.3375000000000001 0)
(0.2375 0.3375 0)
(0.25 0.3375000000000001 0)
(0.2625 0.3375000000000001 0)
(0.275 0.3375 0)
(0.2875 0.3375000000000001 0)
(0.3 0.3375000000000001 0)
(0.3125 0.3375000000000001 0)
(0.325 0.3375000000000001 0)
(0.3375000000000001 0.3375 0)
(0.3499999999999999 0.3375000000000001 0)
(0.3625 0.3375 0)
(0.375 0.3375000000000001 0)
(0.3875 0.3375 0)
(0.4 0.3375000000000001 0)
(0.4124999999999999 0.3375 0)
(0.425 0.3375 0)
(0.4375 0.3375000000000001 0)
(0.45 0.3375000000000001 0)
(0.4625000000000001 0.3375000000000001 0)
(0.475 0.3375 0)
(0.4875 0.3375000000000001 0)
(0.5 0.3375 0)
(0.5124999999999998 0.3375000000000001 0)
(0.525 0.3375000000000001 0)
(0.5375 0.3375000000000001 0)
(0.5499999999999999 0.3375000000000001 0)
(0.5625 0.3375 0)
(0.575 0.3375000000000001 0)
(0.5875 0.3375 0)
(0.6 0.3375000000000001 0)
(0.6125 0.3375000000000001 0)
(0.625 0.3375000000000001 0)
(0.6375 0.3375 0)
(0.65 0.3375 0)
(0.6625 0.3375000000000001 0)
(0.6750000000000002 0.3375 0)
(0.6875 0.3375000000000001 0)
(0.6999999999999998 0.3375 0)
(0.7125 0.3375 0)
(0.725 0.3375 0)
(0.7374999999999999 0.3375 0)
(0.75 0.3375000000000001 0)
(0.7625000000000001 0.3375 0)
(0.775 0.3375000000000001 0)
(0.7875 0.3375000000000001 0)
(0.7999999999999999 0.3375 0)
(0.8125 0.3375000000000001 0)
(0.8249999999999998 0.3375000000000001 0)
(0.8375 0.3375000000000001 0)
(0.85 0.3375 0)
(0.8624999999999999 0.3375000000000001 0)
(0.875 0.3375000000000001 0)
(0.8874999999999998 0.3375000000000001 0)
(0.8999999999999999 0.3375 0)
(0.9125000000000001 0.3375000000000001 0)
(0.9250000000000002 0.3375000000000001 0)
(0.9375 0.3375 0)
(0.9500000000000001 0.3375 0)
(0.9625 0.3375000000000001 0)
(0.975 0.3375000000000001 0)
(0.9875000000000002 0.3375 0)
(1 0.3375000000000001 0)
(0 0.3499999999999999 0)
(0.0125 0.3499999999999999 0)
(0.025 0.35 0)
(0.03750000000000001 0.35 0)
(0.05000000000000001 0.3499999999999999 0)
(0.0625 0.3499999999999999 0)
(0.075 0.3499999999999999 0)
(0.08750000000000001 0.3499999999999999 0)
(0.09999999999999998 0.3499999999999999 0)
(0.1125 0.35 0)
(0.125 0.3499999999999999 0)
(0.1375 0.3499999999999999 0)
(0.15 0.3499999999999999 0)
(0.1625 0.3499999999999999 0)
(0.175 0.3499999999999999 0)
(0.1875 0.3499999999999999 0)
(0.2 0.3499999999999999 0)
(0.2125 0.3499999999999999 0)
(0.225 0.3499999999999999 0)
(0.2375 0.35 0)
(0.25 0.3499999999999999 0)
(0.2625 0.35 0)
(0.275 0.3499999999999999 0)
(0.2875 0.3499999999999999 0)
(0.3 0.3499999999999999 0)
(0.3125 0.3499999999999999 0)
(0.325 0.35 0)
(0.3375 0.35 0)
(0.35 0.3499999999999999 0)
(0.3625 0.3499999999999999 0)
(0.375 0.3499999999999999 0)
(0.3875 0.3499999999999999 0)
(0.4 0.35 0)
(0.4124999999999999 0.3499999999999999 0)
(0.425 0.35 0)
(0.4375 0.3499999999999999 0)
(0.45 0.3499999999999999 0)
(0.4625 0.3499999999999999 0)
(0.475 0.35 0)
(0.4875 0.35 0)
(0.5 0.35 0)
(0.5125 0.3499999999999999 0)
(0.525 0.3499999999999999 0)
(0.5375 0.3499999999999999 0)
(0.5499999999999999 0.3499999999999999 0)
(0.5625 0.35 0)
(0.575 0.3499999999999999 0)
(0.5875 0.3499999999999999 0)
(0.6 0.3499999999999999 0)
(0.6125 0.3499999999999999 0)
(0.625 0.3499999999999999 0)
(0.6375 0.35 0)
(0.65 0.35 0)
(0.6625 0.3499999999999999 0)
(0.6749999999999999 0.3499999999999999 0)
(0.6875 0.3499999999999999 0)
(0.7000000000000001 0.35 0)
(0.7125 0.35 0)
(0.725 0.3499999999999999 0)
(0.7375000000000002 0.3499999999999999 0)
(0.75 0.3499999999999999 0)
(0.7624999999999998 0.3499999999999999 0)
(0.775 0.3499999999999999 0)
(0.7875 0.35 0)
(0.8000000000000002 0.35 0)
(0.8125 0.3499999999999999 0)
(0.8249999999999998 0.3499999999999999 0)
(0.8375 0.3499999999999999 0)
(0.85 0.35 0)
(0.8624999999999999 0.35 0)
(0.875 0.3499999999999999 0)
(0.8874999999999998 0.3499999999999999 0)
(0.9 0.3499999999999999 0)
(0.9125 0.3499999999999999 0)
(0.9249999999999999 0.3499999999999999 0)
(0.9375 0.35 0)
(0.9500000000000001 0.35 0)
(0.9625 0.35 0)
(0.9750000000000001 0.35 0)
(0.9875000000000002 0.35 0)
(1 0.3499999999999999 0)
(0 0.3625 0)
(0.0125 0.3625 0)
(0.025 0.3625 0)
(0.03750000000000001 0.3625 0)
(0.05000000000000001 0.3625 0)
(0.0625 0.3625 0)
(0.075 0.3625 0)
(0.08750000000000001 0.3625 0)
(0.1 0.3625 0)
(0.1125 0.3625 0)
(0.125 0.3625 0)
(0.1375 0.3625 0)
(0.15 0.3625 0)
(0.1625 0.3625 0)
(0.175 0.3625 0)
(0.1875 0.3625 0)
(0.2 0.3625 0)
(0.2125 0.3625 0)
(0.225 0.3625 0)
(0.2375 0.3625 0)
(0.25 0.3625 0)
(0.2625 0.3625 0)
(0.275 0.3625 0)
(0.2875 0.3625 0)
(0.3 0.3625 0)
(0.3125 0.3625 0)
(0.325 0.3625 0)
(0.3375000000000001 0.3625 0)
(0.35 0.3625 0)
(0.3625 0.3625 0)
(0.375 0.3625 0)
(0.3875 0.3625 0)
(0.4000000000000001 0.3625 0)
(0.4124999999999999 0.3625 0)
(0.425 0.3625 0)
(0.4375 0.3625 0)
(0.45 0.3625 0)
(0.4625000000000001 0.3625 0)
(0.475 0.3625 0)
(0.4875 0.3625 0)
(0.5 0.3625 0)
(0.5125 0.3625 0)
(0.5249999999999999 0.3625 0)
(0.5374999999999999 0.3625 0)
(0.55 0.3625 0)
(0.5625 0.3625 0)
(0.5750000000000001 0.3625 0)
(0.5875 0.3625 0)
(0.6 0.3625 0)
(0.6124999999999999 0.3625 0)
(0.625 0.3625 0)
(0.6374999999999998 0.3625 0)
(0.65 0.3625 0)
(0.6625 0.3625 0)
(0.6750000000000002 0.3625 0)
(0.6875 0.3625 0)
(0.7000000000000001 0.3625 0)
(0.7125 0.3625 0)
(0.725 0.3625 0)
(0.7375000000000002 0.3625 0)
(0.75 0.3625 0)
(0.7624999999999998 0.3625 0)
(0.7749999999999999 0.3625 0)
(0.7875 0.3625 0)
(0.8000000000000002 0.3625 0)
(0.8125 0.3625 0)
(0.8249999999999998 0.3625 0)
(0.8375 0.3625 0)
(0.85 0.3625 0)
(0.8624999999999999 0.3625 0)
(0.875 0.3625 0)
(0.8875000000000001 0.3625 0)
(0.8999999999999999 0.3625 0)
(0.9124999999999998 0.3625 0)
(0.9250000000000002 0.3625 0)
(0.9375 0.3625 0)
(0.9499999999999998 0.3625 0)
(0.9625 0.3625 0)
(0.975 0.3625 0)
(0.9874999999999999 0.3625 0)
(1 0.3625 0)
(0 0.375 0)
(0.0125 0.375 0)
(0.025 0.375 0)
(0.0375 0.375 0)
(0.05000000000000001 0.375 0)
(0.0625 0.375 0)
(0.07500000000000001 0.375 0)
(0.08749999999999998 0.375 0)
(0.1 0.375 0)
(0.1125 0.375 0)
(0.125 0.375 0)
(0.1375 0.375 0)
(0.15 0.375 0)
(0.1625 0.375 0)
(0.175 0.375 0)
(0.1875 0.375 0)
(0.2 0.375 0)
(0.2125 0.375 0)
(0.225 0.375 0)
(0.2375 0.375 0)
(0.25 0.375 0)
(0.2625 0.375 0)
(0.275 0.375 0)
(0.2875 0.375 0)
(0.3 0.375 0)
(0.3125 0.375 0)
(0.325 0.375 0)
(0.3375000000000001 0.375 0)
(0.3499999999999999 0.375 0)
(0.3625 0.375 0)
(0.375 0.375 0)
(0.3875 0.375 0)
(0.4000000000000001 0.375 0)
(0.4124999999999999 0.375 0)
(0.425 0.375 0)
(0.4375 0.375 0)
(0.45 0.375 0)
(0.4625000000000001 0.375 0)
(0.4749999999999999 0.375 0)
(0.4875 0.375 0)
(0.5 0.375 0)
(0.5125 0.375 0)
(0.525 0.375 0)
(0.5375 0.375 0)
(0.55 0.375 0)
(0.5625 0.375 0)
(0.575 0.375 0)
(0.5875 0.375 0)
(0.6 0.375 0)
(0.6125 0.375 0)
(0.625 0.375 0)
(0.6375 0.375 0)
(0.65 0.375 0)
(0.6625 0.375 0)
(0.6750000000000002 0.375 0)
(0.6875 0.375 0)
(0.6999999999999998 0.375 0)
(0.7125 0.375 0)
(0.725 0.375 0)
(0.7375000000000002 0.375 0)
(0.75 0.375 0)
(0.7624999999999998 0.375 0)
(0.7749999999999999 0.375 0)
(0.7875000000000001 0.375 0)
(0.8000000000000002 0.375 0)
(0.8125 0.375 0)
(0.8249999999999998 0.375 0)
(0.8374999999999999 0.375 0)
(0.8500000000000001 0.375 0)
(0.8625000000000002 0.375 0)
(0.875 0.375 0)
(0.8874999999999998 0.375 0)
(0.8999999999999999 0.375 0)
(0.9125000000000001 0.375 0)
(0.9250000000000002 0.375 0)
(0.9375 0.375 0)
(0.9499999999999998 0.375 0)
(0.9624999999999999 0.375 0)
(0.9750000000000001 0.375 0)
(0.9875000000000002 0.375 0)
(1 0.375 0)
(0 0.3875 0)
(0.0125 0.3875 0)
(0.025 0.3875 0)
(0.03749999999999999 0.3875 0)
(0.05000000000000001 0.3875 0)
(0.0625 0.3875 0)
(0.075 0.3875 0)
(0.08749999999999998 0.3875 0)
(0.1 0.3875 0)
(0.1125 0.3875 0)
(0.125 0.3875 0)
(0.1375 0.3875 0)
(0.15 0.3875 0)
(0.1625 0.3875 0)
(0.175 0.3875 0)
(0.1875 0.3875 0)
(0.2 0.3875 0)
(0.2125 0.3875 0)
(0.225 0.3875 0)
(0.2375 0.3875 0)
(0.25 0.3875 0)
(0.2625 0.3875 0)
(0.275 0.3875 0)
(0.2875 0.3875 0)
(0.3 0.3875 0)
(0.3125 0.3875 0)
(0.3250000000000001 0.3875 0)
(0.3375000000000001 0.3875 0)
(0.3499999999999999 0.3875 0)
(0.3625 0.3875 0)
(0.375 0.3875 0)
(0.3875 0.3875 0)
(0.4000000000000001 0.3875 0)
(0.4125 0.3875 0)
(0.425 0.3875 0)
(0.4375 0.3875 0)
(0.45 0.3875 0)
(0.4625000000000001 0.3875 0)
(0.475 0.3875 0)
(0.4875 0.3875 0)
(0.5 0.3875 0)
(0.5125 0.3875 0)
(0.525 0.3875 0)
(0.5375 0.3875 0)
(0.55 0.3875 0)
(0.5625 0.3875 0)
(0.575 0.3875 0)
(0.5875 0.3875 0)
(0.6 0.3875 0)
(0.6125 0.3875 0)
(0.625 0.3875 0)
(0.6375 0.3875 0)
(0.6500000000000001 0.3875 0)
(0.6625000000000001 0.3875 0)
(0.6750000000000002 0.3875 0)
(0.6875 0.3875 0)
(0.6999999999999998 0.3875 0)
(0.7125 0.3875 0)
(0.725 0.3875 0)
(0.7374999999999999 0.3875 0)
(0.75 0.3875 0)
(0.7625000000000001 0.3875 0)
(0.775 0.3875 0)
(0.7875000000000001 0.3875 0)
(0.8000000000000002 0.3875 0)
(0.8125 0.3875 0)
(0.8250000000000001 0.3875 0)
(0.8375000000000002 0.3875 0)
(0.85 0.3875 0)
(0.8625000000000002 0.3875 0)
(0.875 0.3875 0)
(0.8874999999999998 0.3875 0)
(0.9 0.3875 0)
(0.9125000000000001 0.3875 0)
(0.9250000000000002 0.3875 0)
(0.9375 0.3875 0)
(0.9500000000000001 0.3875 0)
(0.9625 0.3875 0)
(0.975 0.3875 0)
(0.9875000000000002 0.3875 0)
(1 0.3875 0)
(0 0.4000000000000001 0)
(0.0125 0.4000000000000001 0)
(0.025 0.4000000000000001 0)
(0.0375 0.4000000000000001 0)
(0.05000000000000001 0.4000000000000001 0)
(0.0625 0.4000000000000001 0)
(0.075 0.4000000000000001 0)
(0.08749999999999998 0.4 0)
(0.09999999999999999 0.4000000000000001 0)
(0.1125 0.4 0)
(0.125 0.4000000000000001 0)
(0.1375 0.4000000000000001 0)
(0.15 0.4000000000000001 0)
(0.1625 0.4000000000000001 0)
(0.175 0.4 0)
(0.1875 0.4 0)
(0.2 0.4000000000000001 0)
(0.2125 0.4 0)
(0.225 0.4000000000000001 0)
(0.2375 0.4 0)
(0.25 0.4000000000000001 0)
(0.2625 0.4000000000000001 0)
(0.275 0.4 0)
(0.2875 0.4000000000000001 0)
(0.3 0.4 0)
(0.3125 0.4000000000000001 0)
(0.3250000000000001 0.4000000000000001 0)
(0.3375000000000001 0.4000000000000001 0)
(0.3499999999999999 0.4000000000000001 0)
(0.3625 0.4000000000000001 0)
(0.375 0.4000000000000001 0)
(0.3875 0.4000000000000001 0)
(0.4000000000000001 0.4000000000000001 0)
(0.4125 0.4000000000000001 0)
(0.425 0.4000000000000001 0)
(0.4375 0.4000000000000001 0)
(0.45 0.4000000000000001 0)
(0.4625000000000001 0.4000000000000001 0)
(0.4749999999999999 0.4 0)
(0.4875 0.4000000000000001 0)
(0.5 0.4 0)
(0.5125 0.4000000000000001 0)
(0.525 0.4 0)
(0.5375 0.4000000000000001 0)
(0.55 0.4 0)
(0.5625 0.4000000000000001 0)
(0.575 0.4000000000000001 0)
(0.5875 0.4000000000000001 0)
(0.6 0.4000000000000001 0)
(0.6125 0.4000000000000001 0)
(0.625 0.4000000000000001 0)
(0.6374999999999998 0.4000000000000001 0)
(0.65 0.4 0)
(0.6625 0.4 0)
(0.6750000000000002 0.4 0)
(0.6875 0.4000000000000001 0)
(0.6999999999999998 0.4000000000000001 0)
(0.7125 0.4 0)
(0.725 0.4000000000000001 0)
(0.7374999999999999 0.4000000000000001 0)
(0.75 0.4000000000000001 0)
(0.7625000000000001 0.4 0)
(0.775 0.4000000000000001 0)
(0.7875 0.4 0)
(0.8000000000000002 0.4000000000000001 0)
(0.8125 0.4 0)
(0.8250000000000001 0.4000000000000001 0)
(0.8374999999999999 0.4 0)
(0.85 0.4000000000000001 0)
(0.8625000000000002 0.4 0)
(0.875 0.4000000000000001 0)
(0.8875000000000001 0.4 0)
(0.9 0.4000000000000001 0)
(0.9125 0.4 0)
(0.9250000000000002 0.4000000000000001 0)
(0.9375 0.4 0)
(0.9499999999999998 0.4000000000000001 0)
(0.9625 0.4 0)
(0.9750000000000001 0.4 0)
(0.9874999999999999 0.4 0)
(1 0.4000000000000001 0)
(0 0.4124999999999999 0)
(0.0125 0.4124999999999999 0)
(0.025 0.4124999999999999 0)
(0.0375 0.4125 0)
(0.05000000000000001 0.4124999999999999 0)
(0.0625 0.4124999999999999 0)
(0.075 0.4124999999999999 0)
(0.08749999999999998 0.4125 0)
(0.1 0.4124999999999999 0)
(0.1125 0.4124999999999999 0)
(0.125 0.4124999999999999 0)
(0.1375 0.4125 0)
(0.15 0.4124999999999999 0)
(0.1625 0.4124999999999999 0)
(0.175 0.4124999999999999 0)
(0.1875 0.4125 0)
(0.2 0.4125 0)
(0.2125 0.4124999999999999 0)
(0.225 0.4124999999999999 0)
(0.2375 0.4125 0)
(0.25 0.4124999999999999 0)
(0.2625000000000001 0.4124999999999999 0)
(0.275 0.4124999999999999 0)
(0.2875 0.4124999999999999 0)
(0.3 0.4124999999999999 0)
(0.3125 0.4124999999999999 0)
(0.325 0.4124999999999999 0)
(0.3375 0.4124999999999999 0)
(0.3499999999999999 0.4124999999999999 0)
(0.3625 0.4124999999999999 0)
(0.375 0.4124999999999999 0)
(0.3875 0.4125000000000001 0)
(0.4000000000000001 0.4125 0)
(0.4125 0.4125 0)
(0.425 0.4124999999999999 0)
(0.4375 0.4124999999999999 0)
(0.45 0.4124999999999999 0)
(0.4625 0.4124999999999999 0)
(0.4749999999999999 0.4125 0)
(0.4875 0.4125 0)
(0.5 0.4125 0)
(0.5125 0.4125 0)
(0.525 0.4124999999999999 0)
(0.5375 0.4124999999999999 0)
(0.55 0.4124999999999999 0)
(0.5625 0.4124999999999999 0)
(0.575 0.4124999999999999 0)
(0.5875 0.4125 0)
(0.6 0.4125 0)
(0.6125 0.4125 0)
(0.625 0.4124999999999999 0)
(0.6375 0.4124999999999999 0)
(0.65 0.4124999999999999 0)
(0.6625 0.4124999999999999 0)
(0.6749999999999999 0.4125 0)
(0.6875 0.4124999999999999 0)
(0.6999999999999998 0.4125 0)
(0.7125 0.4125 0)
(0.725 0.4125 0)
(0.7375000000000002 0.4124999999999999 0)
(0.75 0.4124999999999999 0)
(0.7625000000000001 0.4124999999999999 0)
(0.775 0.4124999999999999 0)
(0.7875 0.4125 0)
(0.8000000000000002 0.4125 0)
(0.8125 0.4125 0)
(0.8250000000000001 0.4125 0)
(0.8375 0.4124999999999999 0)
(0.85 0.4124999999999999 0)
(0.8625000000000002 0.4124999999999999 0)
(0.875 0.4124999999999999 0)
(0.8875000000000001 0.4124999999999999 0)
(0.9 0.4125 0)
(0.9125000000000001 0.4125 0)
(0.9250000000000002 0.4125 0)
(0.9375 0.4125 0)
(0.9499999999999998 0.4125 0)
(0.9625 0.4124999999999999 0)
(0.9750000000000001 0.4124999999999999 0)
(0.9874999999999999 0.4125 0)
(1 0.4124999999999999 0)
(0 0.425 0)
(0.0125 0.425 0)
(0.025 0.425 0)
(0.03750000000000001 0.425 0)
(0.05 0.425 0)
(0.0625 0.425 0)
(0.075 0.425 0)
(0.08749999999999998 0.425 0)
(0.09999999999999999 0.425 0)
(0.1125 0.425 0)
(0.125 0.425 0)
(0.1375 0.425 0)
(0.15 0.425 0)
(0.1625 0.425 0)
(0.175 0.425 0)
(0.1875 0.425 0)
(0.2 0.425 0)
(0.2125 0.425 0)
(0.225 0.425 0)
(0.2375 0.425 0)
(0.25 0.425 0)
(0.2625 0.425 0)
(0.275 0.425 0)
(0.2875 0.425 0)
(0.3 0.425 0)
(0.3125 0.425 0)
(0.325 0.425 0)
(0.3375000000000001 0.425 0)
(0.35 0.425 0)
(0.3625 0.425 0)
(0.375 0.425 0)
(0.3875 0.425 0)
(0.4 0.425 0)
(0.4124999999999999 0.425 0)
(0.425 0.425 0)
(0.4375 0.425 0)
(0.45 0.425 0)
(0.4625 0.425 0)
(0.475 0.425 0)
(0.4875 0.425 0)
(0.5 0.425 0)
(0.5125 0.425 0)
(0.525 0.425 0)
(0.5375 0.425 0)
(0.5499999999999999 0.425 0)
(0.5625 0.425 0)
(0.575 0.425 0)
(0.5875 0.425 0)
(0.6 0.425 0)
(0.6125000000000002 0.425 0)
(0.625 0.425 0)
(0.6375 0.425 0)
(0.6499999999999999 0.425 0)
(0.6625000000000001 0.425 0)
(0.6750000000000002 0.425 0)
(0.6875 0.425 0)
(0.6999999999999998 0.425 0)
(0.7124999999999999 0.425 0)
(0.725 0.425 0)
(0.7375000000000002 0.425 0)
(0.75 0.425 0)
(0.7625000000000001 0.425 0)
(0.775 0.425 0)
(0.7874999999999998 0.425 0)
(0.7999999999999999 0.425 0)
(0.8125 0.425 0)
(0.8249999999999998 0.425 0)
(0.8374999999999999 0.425 0)
(0.85 0.425 0)
(0.8625000000000002 0.425 0)
(0.875 0.425 0)
(0.8874999999999998 0.425 0)
(0.8999999999999999 0.425 0)
(0.9125 0.425 0)
(0.9249999999999999 0.425 0)
(0.9375 0.425 0)
(0.9500000000000001 0.425 0)
(0.9625 0.425 0)
(0.975 0.425 0)
(0.9875000000000002 0.425 0)
(1 0.425 0)
(0 0.4375 0)
(0.0125 0.4375 0)
(0.025 0.4375000000000001 0)
(0.0375 0.4375 0)
(0.05000000000000001 0.4375 0)
(0.0625 0.4375 0)
(0.07499999999999998 0.4375 0)
(0.08750000000000001 0.4375000000000001 0)
(0.1 0.4375 0)
(0.1125 0.4374999999999999 0)
(0.125 0.4375 0)
(0.1375 0.4375000000000001 0)
(0.15 0.4375 0)
(0.1625 0.4375 0)
(0.175 0.4374999999999999 0)
(0.1875 0.4375 0)
(0.2 0.4375000000000001 0)
(0.2125 0.4375 0)
(0.225 0.4375 0)
(0.2375 0.4374999999999999 0)
(0.25 0.4375 0)
(0.2625000000000001 0.4375000000000001 0)
(0.275 0.4375 0)
(0.2875 0.4375 0)
(0.3 0.4374999999999999 0)
(0.3125 0.4375 0)
(0.325 0.4375000000000001 0)
(0.3375 0.4375 0)
(0.35 0.4375 0)
(0.3625 0.4374999999999999 0)
(0.375 0.4375 0)
(0.3875 0.4375000000000001 0)
(0.4000000000000001 0.4375 0)
(0.4124999999999999 0.4375 0)
(0.425 0.4374999999999999 0)
(0.4375 0.4375 0)
(0.45 0.4375 0)
(0.4625000000000001 0.4375 0)
(0.4749999999999999 0.4375 0)
(0.4875 0.4375 0)
(0.5 0.4375 0)
(0.5125 0.4375 0)
(0.525 0.4375 0)
(0.5375 0.4375 0)
(0.55 0.4375 0)
(0.5625 0.4375 0)
(0.575 0.4375 0)
(0.5875 0.4375 0)
(0.6 0.4375 0)
(0.6125 0.4375 0)
(0.625 0.4375 0)
(0.6375 0.4375 0)
(0.65 0.4375 0)
(0.6625 0.4375 0)
(0.6749999999999999 0.4375 0)
(0.6875 0.4375 0)
(0.7000000000000001 0.4375 0)
(0.7125 0.4375 0)
(0.725 0.4375 0)
(0.7374999999999999 0.4375 0)
(0.75 0.4375 0)
(0.7625000000000001 0.4375 0)
(0.775 0.4375 0)
(0.7875000000000001 0.4375 0)
(0.8000000000000002 0.4375 0)
(0.8125 0.4375 0)
(0.8250000000000001 0.4375 0)
(0.8374999999999999 0.4375 0)
(0.8500000000000001 0.4375 0)
(0.8625000000000002 0.4375 0)
(0.875 0.4375 0)
(0.8875000000000001 0.4375 0)
(0.8999999999999999 0.4375 0)
(0.9125000000000001 0.4375 0)
(0.9250000000000002 0.4375 0)
(0.9375 0.4375 0)
(0.9500000000000001 0.4375 0)
(0.9624999999999999 0.4375 0)
(0.9750000000000001 0.4375 0)
(0.9875000000000002 0.4375 0)
(1 0.4375 0)
(0 0.45 0)
(0.0125 0.45 0)
(0.025 0.45 0)
(0.03750000000000001 0.45 0)
(0.05000000000000001 0.45 0)
(0.0625 0.45 0)
(0.07500000000000001 0.45 0)
(0.08750000000000001 0.45 0)
(0.09999999999999999 0.45 0)
(0.1125 0.45 0)
(0.125 0.45 0)
(0.1375 0.45 0)
(0.15 0.45 0)
(0.1625 0.45 0)
(0.175 0.45 0)
(0.1875 0.45 0)
(0.2 0.45 0)
(0.2125 0.45 0)
(0.225 0.45 0)
(0.2375 0.45 0)
(0.25 0.45 0)
(0.2625000000000001 0.45 0)
(0.275 0.45 0)
(0.2875 0.45 0)
(0.3 0.45 0)
(0.3125 0.45 0)
(0.325 0.45 0)
(0.3375000000000001 0.45 0)
(0.35 0.45 0)
(0.3625 0.45 0)
(0.375 0.45 0)
(0.3875 0.45 0)
(0.4 0.4500000000000001 0)
(0.4124999999999999 0.45 0)
(0.425 0.45 0)
(0.4375 0.45 0)
(0.45 0.45 0)
(0.4625000000000001 0.45 0)
(0.4749999999999999 0.45 0)
(0.4875 0.45 0)
(0.5 0.45 0)
(0.5125 0.45 0)
(0.5250000000000001 0.45 0)
(0.5375000000000001 0.45 0)
(0.55 0.45 0)
(0.5625 0.45 0)
(0.575 0.45 0)
(0.5875000000000001 0.45 0)
(0.6000000000000001 0.45 0)
(0.6125 0.45 0)
(0.625 0.45 0)
(0.6375 0.45 0)
(0.65 0.45 0)
(0.6625 0.45 0)
(0.6750000000000002 0.45 0)
(0.6875 0.45 0)
(0.7000000000000001 0.45 0)
(0.7125 0.45 0)
(0.725 0.45 0)
(0.7375000000000002 0.45 0)
(0.75 0.45 0)
(0.7625000000000001 0.45 0)
(0.775 0.4500000000000001 0)
(0.7875000000000001 0.45 0)
(0.7999999999999999 0.45 0)
(0.8125 0.45 0)
(0.8249999999999998 0.45 0)
(0.8375 0.45 0)
(0.85 0.45 0)
(0.8625000000000002 0.45 0)
(0.875 0.45 0)
(0.8875000000000001 0.45 0)
(0.9 0.45 0)
(0.9125000000000001 0.45 0)
(0.9250000000000002 0.45 0)
(0.9375 0.45 0)
(0.9499999999999998 0.45 0)
(0.9625 0.45 0)
(0.975 0.45 0)
(0.9875000000000002 0.45 0)
(1 0.45 0)
(0 0.4625000000000001 0)
(0.0125 0.4625000000000001 0)
(0.025 0.4625 0)
(0.0375 0.4625000000000001 0)
(0.05000000000000001 0.4625 0)
(0.0625 0.4625000000000001 0)
(0.075 0.4625000000000001 0)
(0.08749999999999998 0.4625000000000001 0)
(0.1 0.4625000000000001 0)
(0.1125 0.4625 0)
(0.125 0.4625000000000001 0)
(0.1375 0.4625000000000001 0)
(0.15 0.4625 0)
(0.1625 0.4625000000000001 0)
(0.175 0.4625 0)
(0.1875 0.4625 0)
(0.2 0.4625000000000001 0)
(0.2125 0.4625 0)
(0.225 0.4625 0)
(0.2375 0.4625000000000001 0)
(0.25 0.4625000000000001 0)
(0.2625 0.4625000000000001 0)
(0.275 0.4625000000000001 0)
(0.2875 0.4625000000000001 0)
(0.3 0.4625 0)
(0.3125 0.4625000000000001 0)
(0.325 0.4625000000000001 0)
(0.3375000000000001 0.4625 0)
(0.3499999999999999 0.4625000000000001 0)
(0.3625 0.4625000000000001 0)
(0.375 0.4625000000000001 0)
(0.3875 0.4625000000000001 0)
(0.4000000000000001 0.4625000000000001 0)
(0.4124999999999999 0.4625 0)
(0.425 0.4625 0)
(0.4375 0.4625000000000001 0)
(0.45 0.4625000000000001 0)
(0.4625 0.4625 0)
(0.475 0.4625000000000001 0)
(0.4875 0.4625 0)
(0.5 0.4625 0)
(0.5125 0.4625000000000001 0)
(0.525 0.4625000000000001 0)
(0.5375 0.4625 0)
(0.55 0.4625 0)
(0.5625 0.4625000000000001 0)
(0.575 0.4625 0)
(0.5875 0.4625 0)
(0.6 0.4625000000000001 0)
(0.6124999999999999 0.4625000000000001 0)
(0.625 0.4625000000000001 0)
(0.6375 0.4625000000000001 0)
(0.65 0.4625 0)
(0.6625 0.4625000000000001 0)
(0.6750000000000002 0.4625000000000001 0)
(0.6875 0.4625000000000001 0)
(0.6999999999999998 0.4625000000000001 0)
(0.7125 0.4625000000000001 0)
(0.725 0.4625 0)
(0.7375000000000002 0.4625 0)
(0.75 0.4625000000000001 0)
(0.7624999999999998 0.4625000000000001 0)
(0.775 0.4625 0)
(0.7875 0.4625000000000001 0)
(0.8000000000000002 0.4625000000000001 0)
(0.8125 0.4625 0)
(0.8249999999999998 0.4625000000000001 0)
(0.8374999999999999 0.4625000000000001 0)
(0.85 0.4625 0)
(0.8624999999999999 0.4625 0)
(0.875 0.4625000000000001 0)
(0.8875000000000001 0.4625 0)
(0.9 0.4625 0)
(0.9125 0.4625000000000001 0)
(0.9249999999999999 0.4625000000000001 0)
(0.9375 0.4625 0)
(0.9500000000000001 0.4625000000000001 0)
(0.9625 0.4625 0)
(0.975 0.4625 0)
(0.9875000000000002 0.4625000000000001 0)
(1 0.4625000000000001 0)
(0 0.4749999999999999 0)
(0.0125 0.475 0)
(0.025 0.4749999999999999 0)
(0.0375 0.4749999999999999 0)
(0.05 0.475 0)
(0.0625 0.4749999999999999 0)
(0.075 0.475 0)
(0.08749999999999998 0.4749999999999999 0)
(0.09999999999999999 0.4749999999999999 0)
(0.1125 0.4749999999999999 0)
(0.125 0.4749999999999999 0)
(0.1375 0.4749999999999999 0)
(0.15 0.475 0)
(0.1625 0.4749999999999999 0)
(0.175 0.4749999999999999 0)
(0.1875 0.475 0)
(0.2 0.4749999999999999 0)
(0.2125 0.4749999999999999 0)
(0.225 0.475 0)
(0.2375 0.4749999999999999 0)
(0.25 0.4749999999999999 0)
(0.2625 0.475 0)
(0.275 0.4749999999999999 0)
(0.2874999999999999 0.4749999999999999 0)
(0.3 0.4749999999999999 0)
(0.3125 0.4749999999999999 0)
(0.325 0.4749999999999999 0)
(0.3375000000000001 0.4749999999999999 0)
(0.3499999999999999 0.4749999999999999 0)
(0.3625 0.4749999999999999 0)
(0.375 0.4749999999999999 0)
(0.3875 0.475 0)
(0.4 0.4749999999999999 0)
(0.4124999999999999 0.475 0)
(0.425 0.4749999999999999 0)
(0.4375 0.4749999999999999 0)
(0.45 0.4749999999999999 0)
(0.4625000000000001 0.475 0)
(0.4749999999999999 0.4749999999999999 0)
(0.4875 0.475 0)
(0.5 0.475 0)
(0.5125 0.4749999999999999 0)
(0.525 0.4749999999999999 0)
(0.5375 0.475 0)
(0.55 0.4749999999999999 0)
(0.5625 0.4749999999999999 0)
(0.5749999999999998 0.475 0)
(0.5875 0.4749999999999999 0)
(0.6 0.4749999999999999 0)
(0.6125 0.475 0)
(0.625 0.4749999999999999 0)
(0.6375 0.4749999999999999 0)
(0.65 0.475 0)
(0.6625 0.475 0)
(0.6750000000000002 0.4749999999999999 0)
(0.6875 0.4749999999999999 0)
(0.6999999999999998 0.475 0)
(0.7125 0.4749999999999999 0)
(0.725 0.475 0)
(0.7375000000000002 0.475 0)
(0.75 0.4749999999999999 0)
(0.7625000000000001 0.4749999999999999 0)
(0.775 0.475 0)
(0.7875 0.4749999999999999 0)
(0.7999999999999999 0.475 0)
(0.8125 0.475 0)
(0.8249999999999998 0.475 0)
(0.8375 0.4749999999999999 0)
(0.85 0.475 0)
(0.8624999999999999 0.4749999999999999 0)
(0.875 0.4749999999999999 0)
(0.8874999999999998 0.475 0)
(0.9 0.4749999999999999 0)
(0.9125000000000001 0.4749999999999999 0)
(0.9250000000000002 0.475 0)
(0.9375 0.475 0)
(0.9499999999999998 0.4749999999999999 0)
(0.9625 0.475 0)
(0.975 0.475 0)
(0.9875000000000002 0.4749999999999999 0)
(1 0.4749999999999999 0)
(0 0.4875 0)
(0.0125 0.4875 0)
(0.025 0.4875 0)
(0.0375 0.4875 0)
(0.05000000000000001 0.4875 0)
(0.0625 0.4875 0)
(0.07499999999999998 0.4875 0)
(0.08750000000000001 0.4875 0)
(0.1 0.4875 0)
(0.1125 0.4875 0)
(0.125 0.4875 0)
(0.1375 0.4875 0)
(0.15 0.4875 0)
(0.1625 0.4875 0)
(0.175 0.4875 0)
(0.1875 0.4875 0)
(0.2 0.4875 0)
(0.2125 0.4875 0)
(0.225 0.4875 0)
(0.2375 0.4875 0)
(0.25 0.4875 0)
(0.2625 0.4875 0)
(0.2750000000000001 0.4875 0)
(0.2875 0.4875 0)
(0.2999999999999999 0.4875 0)
(0.3125 0.4875 0)
(0.325 0.4875 0)
(0.3375000000000001 0.4875 0)
(0.3499999999999999 0.4875 0)
(0.3625 0.4875 0)
(0.375 0.4875 0)
(0.3875 0.4875 0)
(0.4000000000000001 0.4875 0)
(0.4125 0.4875 0)
(0.425 0.4875 0)
(0.4375 0.4875 0)
(0.45 0.4875 0)
(0.4625000000000001 0.4875 0)
(0.4749999999999999 0.4875 0)
(0.4875 0.4875 0)
(0.5 0.4875 0)
(0.5125 0.4875 0)
(0.525 0.4875 0)
(0.5375000000000001 0.4875 0)
(0.5500000000000002 0.4875 0)
(0.5625 0.4875000000000001 0)
(0.575 0.4875 0)
(0.5875 0.4875000000000001 0)
(0.5999999999999999 0.4875 0)
(0.6125 0.4875 0)
(0.625 0.4875 0)
(0.6375 0.4875 0)
(0.65 0.4875 0)
(0.6624999999999999 0.4875 0)
(0.6750000000000002 0.4875 0)
(0.6875 0.4875 0)
(0.6999999999999998 0.4875 0)
(0.7124999999999999 0.4875 0)
(0.725 0.4875 0)
(0.7374999999999999 0.4875 0)
(0.75 0.4875 0)
(0.7624999999999998 0.4875 0)
(0.7749999999999999 0.4875 0)
(0.7875 0.4875 0)
(0.8000000000000002 0.4875 0)
(0.8125 0.4875 0)
(0.8250000000000001 0.4875 0)
(0.8374999999999999 0.4875 0)
(0.85 0.4875000000000001 0)
(0.8624999999999999 0.4875 0)
(0.875 0.4875000000000001 0)
(0.8874999999999998 0.4875 0)
(0.9 0.4875 0)
(0.9125 0.4875 0)
(0.9250000000000002 0.4875 0)
(0.9375 0.4875 0)
(0.9499999999999998 0.4875 0)
(0.9624999999999999 0.4875 0)
(0.9749999999999998 0.4875 0)
(0.9875000000000002 0.4875 0)
(1 0.4875 0)
(0 0.5 0)
(0.0125 0.5 0)
(0.025 0.5 0)
(0.0375 0.5 0)
(0.05 0.5 0)
(0.0625 0.5 0)
(0.075 0.5 0)
(0.08750000000000001 0.5 0)
(0.09999999999999999 0.5 0)
(0.1125 0.5 0)
(0.125 0.5 0)
(0.1375 0.5 0)
(0.15 0.5 0)
(0.1625 0.5 0)
(0.175 0.5 0)
(0.1875 0.5 0)
(0.2 0.5 0)
(0.2125 0.5 0)
(0.225 0.5 0)
(0.2375 0.5 0)
(0.25 0.5 0)
(0.2625 0.5 0)
(0.275 0.5 0)
(0.2875 0.5 0)
(0.3 0.5 0)
(0.3125 0.5 0)
(0.325 0.5 0)
(0.3375 0.5 0)
(0.35 0.5 0)
(0.3625 0.5 0)
(0.375 0.5 0)
(0.3875 0.5 0)
(0.4 0.5 0)
(0.4125 0.5 0)
(0.425 0.5 0)
(0.4375 0.5 0)
(0.45 0.5 0)
(0.4625 0.5 0)
(0.475 0.5 0)
(0.4875 0.5 0)
(0.5 0.5 0)
(0.5125000000000001 0.5 0)
(0.525 0.5 0)
(0.5375 0.5 0)
(0.5499999999999999 0.5 0)
(0.5625 0.5 0)
(0.5750000000000001 0.5 0)
(0.5875 0.5 0)
(0.6 0.5 0)
(0.6124999999999999 0.5 0)
(0.625 0.5 0)
(0.6375000000000001 0.5 0)
(0.65 0.5 0)
(0.6625 0.5 0)
(0.6749999999999999 0.5 0)
(0.6875 0.5 0)
(0.7000000000000001 0.5 0)
(0.7125 0.5 0)
(0.725 0.5 0)
(0.7374999999999999 0.5 0)
(0.75 0.5 0)
(0.7625000000000001 0.5 0)
(0.775 0.5 0)
(0.7875 0.5 0)
(0.7999999999999999 0.5 0)
(0.8125 0.5 0)
(0.8250000000000001 0.5 0)
(0.8375 0.5 0)
(0.85 0.5 0)
(0.8624999999999999 0.5 0)
(0.875 0.5 0)
(0.8875000000000001 0.5 0)
(0.9 0.5 0)
(0.9125 0.5 0)
(0.9249999999999999 0.5 0)
(0.9375 0.5 0)
(0.9500000000000001 0.5 0)
(0.9625 0.5 0)
(0.975 0.5 0)
(0.9874999999999999 0.5 0)
(1 0.5 0)
(0 0.5125 0)
(0.0125 0.5125 0)
(0.025 0.5124999999999998 0)
(0.0375 0.5125 0)
(0.05000000000000001 0.5125 0)
(0.0625 0.5125 0)
(0.075 0.5125 0)
(0.08750000000000001 0.5125 0)
(0.1 0.5125 0)
(0.1125 0.5125 0)
(0.125 0.5124999999999998 0)
(0.1375 0.5125000000000001 0)
(0.15 0.5125 0)
(0.1625 0.5125 0)
(0.175 0.5124999999999998 0)
(0.1875 0.5125000000000001 0)
(0.2 0.5125 0)
(0.2125 0.5125 0)
(0.225 0.5125 0)
(0.2375 0.5125000000000001 0)
(0.25 0.5125 0)
(0.2625 0.5125 0)
(0.275 0.5125 0)
(0.2875 0.5124999999999998 0)
(0.3 0.5125 0)
(0.3125 0.5125 0)
(0.325 0.5125 0)
(0.3375000000000001 0.5124999999999998 0)
(0.35 0.5125000000000001 0)
(0.3625 0.5125 0)
(0.375 0.5125 0)
(0.3875 0.5125 0)
(0.4000000000000001 0.5125 0)
(0.4125 0.5125 0)
(0.425 0.5125 0)
(0.4375 0.5125 0)
(0.45 0.5125000000000001 0)
(0.4625000000000001 0.5125 0)
(0.475 0.5125 0)
(0.4875 0.5125 0)
(0.5 0.5125000000000001 0)
(0.5125 0.5125 0)
(0.525 0.5125 0)
(0.5375 0.5125 0)
(0.5499999999999999 0.5124999999999998 0)
(0.5625 0.5125 0)
(0.575 0.5125 0)
(0.5875 0.5125 0)
(0.6000000000000001 0.5125000000000001 0)
(0.6125 0.5125 0)
(0.625 0.5125 0)
(0.6375 0.5125 0)
(0.65 0.5125 0)
(0.6625 0.5124999999999998 0)
(0.6750000000000002 0.5125 0)
(0.6875 0.5125 0)
(0.7000000000000001 0.5125 0)
(0.7125 0.5125 0)
(0.725 0.5125 0)
(0.7375000000000002 0.5125 0)
(0.75 0.5125 0)
(0.7624999999999998 0.5125 0)
(0.775 0.5125 0)
(0.7875 0.5125 0)
(0.8000000000000002 0.5125000000000001 0)
(0.8125 0.5125000000000001 0)
(0.8250000000000001 0.5125 0)
(0.8375 0.5125 0)
(0.85 0.5125 0)
(0.8624999999999999 0.5124999999999998 0)
(0.875 0.5124999999999998 0)
(0.8874999999999998 0.5125 0)
(0.9 0.5125 0)
(0.9125000000000001 0.5125000000000001 0)
(0.9250000000000002 0.5125 0)
(0.9375 0.5125 0)
(0.9500000000000001 0.5125 0)
(0.9625 0.5125 0)
(0.975 0.5125 0)
(0.9875000000000002 0.5125 0)
(1 0.5125 0)
(0 0.525 0)
(0.0125 0.525 0)
(0.025 0.525 0)
(0.0375 0.525 0)
(0.05 0.525 0)
(0.0625 0.5249999999999999 0)
(0.075 0.525 0)
(0.08750000000000001 0.525 0)
(0.09999999999999999 0.525 0)
(0.1125 0.525 0)
(0.125 0.525 0)
(0.1375 0.5250000000000001 0)
(0.15 0.525 0)
(0.1625 0.525 0)
(0.175 0.525 0)
(0.1875 0.525 0)
(0.2 0.525 0)
(0.2125 0.525 0)
(0.225 0.525 0)
(0.2375 0.525 0)
(0.25 0.525 0)
(0.2625 0.525 0)
(0.275 0.525 0)
(0.2874999999999999 0.525 0)
(0.3 0.525 0)
(0.3125 0.525 0)
(0.325 0.5250000000000001 0)
(0.3375 0.525 0)
(0.35 0.525 0)
(0.3625 0.525 0)
(0.375 0.525 0)
(0.3875 0.525 0)
(0.4 0.525 0)
(0.4125 0.525 0)
(0.425 0.525 0)
(0.4375 0.525 0)
(0.45 0.5250000000000001 0)
(0.4625000000000001 0.525 0)
(0.4749999999999999 0.525 0)
(0.4875 0.525 0)
(0.5 0.525 0)
(0.5125 0.525 0)
(0.525 0.525 0)
(0.5375 0.525 0)
(0.55 0.525 0)
(0.5625 0.525 0)
(0.5749999999999998 0.525 0)
(0.5875 0.525 0)
(0.6 0.525 0)
(0.6125 0.525 0)
(0.625 0.525 0)
(0.6375 0.525 0)
(0.65 0.525 0)
(0.6625 0.525 0)
(0.6749999999999999 0.525 0)
(0.6875 0.525 0)
(0.7000000000000001 0.525 0)
(0.7125 0.525 0)
(0.725 0.525 0)
(0.7375000000000002 0.525 0)
(0.75 0.525 0)
(0.7624999999999998 0.525 0)
(0.775 0.525 0)
(0.7875 0.525 0)
(0.7999999999999999 0.525 0)
(0.8125 0.525 0)
(0.8250000000000001 0.525 0)
(0.8375 0.525 0)
(0.85 0.525 0)
(0.8625000000000002 0.525 0)
(0.875 0.525 0)
(0.8874999999999998 0.525 0)
(0.9 0.525 0)
(0.9125 0.525 0)
(0.9250000000000002 0.525 0)
(0.9375 0.525 0)
(0.9499999999999998 0.525 0)
(0.9625 0.525 0)
(0.9749999999999998 0.525 0)
(0.9875000000000002 0.525 0)
(1 0.525 0)
(0 0.5375 0)
(0.0125 0.5375000000000001 0)
(0.025 0.5375 0)
(0.0375 0.5375 0)
(0.05000000000000001 0.5375 0)
(0.0625 0.5375000000000001 0)
(0.075 0.5375 0)
(0.08749999999999998 0.5375 0)
(0.1 0.5375 0)
(0.1125 0.5375 0)
(0.125 0.5375 0)
(0.1375 0.5375000000000001 0)
(0.15 0.5375 0)
(0.1625 0.5375 0)
(0.175 0.5375 0)
(0.1875 0.5375 0)
(0.2 0.5375 0)
(0.2125 0.5375 0)
(0.225 0.5375 0)
(0.2375 0.5375 0)
(0.25 0.5375 0)
(0.2625 0.5375 0)
(0.275 0.5375 0)
(0.2875 0.5375 0)
(0.3 0.5375 0)
(0.3125 0.5375 0)
(0.3250000000000001 0.5375 0)
(0.3375000000000001 0.5375 0)
(0.3499999999999999 0.5375 0)
(0.3625 0.5375 0)
(0.375 0.5375 0)
(0.3875 0.5375 0)
(0.4000000000000001 0.5375 0)
(0.4124999999999999 0.5375 0)
(0.425 0.5375 0)
(0.4375 0.5375 0)
(0.4500000000000001 0.5375000000000001 0)
(0.4625 0.5375 0)
(0.475 0.5375 0)
(0.4875 0.5375 0)
(0.5 0.5375 0)
(0.5125 0.5375 0)
(0.525 0.5375 0)
(0.5375 0.5375 0)
(0.55 0.5375 0)
(0.5625 0.5375 0)
(0.575 0.5375 0)
(0.5875 0.5375 0)
(0.6 0.5375 0)
(0.6124999999999999 0.5375 0)
(0.625 0.5375 0)
(0.6375 0.5375 0)
(0.65 0.5375 0)
(0.6625 0.5375 0)
(0.6750000000000002 0.5375 0)
(0.6875 0.5375 0)
(0.6999999999999998 0.5375 0)
(0.7125 0.5375 0)
(0.725 0.5375 0)
(0.7374999999999999 0.5375 0)
(0.75 0.5375 0)
(0.7624999999999998 0.5375 0)
(0.775 0.5375 0)
(0.7875 0.5375 0)
(0.8000000000000002 0.5375 0)
(0.8125 0.5375 0)
(0.8249999999999998 0.5375 0)
(0.8375 0.5375 0)
(0.8500000000000001 0.5375 0)
(0.8625000000000002 0.5375 0)
(0.875 0.5375 0)
(0.8875000000000001 0.5375 0)
(0.9 0.5375 0)
(0.9125 0.5375 0)
(0.9249999999999999 0.5375 0)
(0.9375 0.5375 0)
(0.9500000000000001 0.5375 0)
(0.9625 0.5375 0)
(0.975 0.5375 0)
(0.9874999999999999 0.5375 0)
(1 0.5375 0)
(0 0.55 0)
(0.0125 0.55 0)
(0.025 0.5499999999999999 0)
(0.0375 0.5499999999999999 0)
(0.05 0.55 0)
(0.0625 0.55 0)
(0.075 0.55 0)
(0.08749999999999998 0.55 0)
(0.09999999999999999 0.55 0)
(0.1125 0.5499999999999999 0)
(0.125 0.5500000000000002 0)
(0.1375 0.55 0)
(0.15 0.55 0)
(0.1625 0.55 0)
(0.175 0.55 0)
(0.1875 0.5499999999999999 0)
(0.2 0.5500000000000002 0)
(0.2125 0.55 0)
(0.225 0.55 0)
(0.2375 0.55 0)
(0.25 0.55 0)
(0.2625 0.5500000000000002 0)
(0.275 0.55 0)
(0.2875 0.55 0)
(0.3 0.55 0)
(0.3125 0.55 0)
(0.325 0.55 0)
(0.3375000000000001 0.5499999999999999 0)
(0.3499999999999999 0.5499999999999999 0)
(0.3625 0.55 0)
(0.375 0.55 0)
(0.3875 0.55 0)
(0.4 0.55 0)
(0.4124999999999999 0.55 0)
(0.425 0.55 0)
(0.4375 0.55 0)
(0.45 0.55 0)
(0.4625 0.55 0)
(0.4749999999999999 0.55 0)
(0.4875 0.55 0)
(0.5 0.5499999999999999 0)
(0.5124999999999998 0.5499999999999999 0)
(0.525 0.55 0)
(0.5375 0.55 0)
(0.55 0.55 0)
(0.5625 0.55 0)
(0.5750000000000001 0.5500000000000002 0)
(0.5875 0.55 0)
(0.6 0.55 0)
(0.6125 0.55 0)
(0.625 0.55 0)
(0.6375 0.55 0)
(0.65 0.5499999999999999 0)
(0.6625 0.5499999999999999 0)
(0.6750000000000002 0.55 0)
(0.6875 0.55 0)
(0.6999999999999998 0.55 0)
(0.7125 0.5500000000000002 0)
(0.7250000000000001 0.5500000000000002 0)
(0.7374999999999999 0.55 0)
(0.75 0.55 0)
(0.7624999999999998 0.55 0)
(0.775 0.55 0)
(0.7875 0.55 0)
(0.7999999999999999 0.5499999999999999 0)
(0.8125 0.5499999999999999 0)
(0.8249999999999998 0.5499999999999999 0)
(0.8375 0.55 0)
(0.85 0.55 0)
(0.8625000000000002 0.5500000000000002 0)
(0.875 0.5500000000000002 0)
(0.8875000000000001 0.5500000000000002 0)
(0.9 0.55 0)
(0.9125000000000001 0.55 0)
(0.9249999999999999 0.55 0)
(0.9375 0.55 0)
(0.9499999999999998 0.55 0)
(0.9625 0.5499999999999999 0)
(0.975 0.5499999999999999 0)
(0.9875000000000002 0.55 0)
(1 0.55 0)
(0 0.5625 0)
(0.0125 0.5625000000000001 0)
(0.025 0.5625 0)
(0.0375 0.5625 0)
(0.05000000000000001 0.5624999999999999 0)
(0.0625 0.5625 0)
(0.07499999999999998 0.5625000000000001 0)
(0.08749999999999998 0.5625 0)
(0.1 0.5625 0)
(0.1125 0.5625 0)
(0.125 0.5625 0)
(0.1375 0.5625 0)
(0.15 0.5625 0)
(0.1625 0.5625 0)
(0.175 0.5625 0)
(0.1875 0.5625 0)
(0.2 0.5625 0)
(0.2125 0.5625 0)
(0.225 0.5625 0)
(0.2375 0.5625 0)
(0.25 0.5625 0)
(0.2625000000000001 0.5625 0)
(0.275 0.5625 0)
(0.2875 0.5625 0)
(0.3 0.5625 0)
(0.3125 0.5625 0)
(0.325 0.5625 0)
(0.3375000000000001 0.5625 0)
(0.3499999999999999 0.5625 0)
(0.3625 0.5625 0)
(0.375 0.5625 0)
(0.3875 0.5625 0)
(0.4000000000000001 0.5625 0)
(0.4124999999999999 0.5625 0)
(0.425 0.5625 0)
(0.4375 0.5625 0)
(0.45 0.5625 0)
(0.4625000000000001 0.5625 0)
(0.4749999999999999 0.5625 0)
(0.4875 0.5625 0)
(0.5 0.5625 0)
(0.5125 0.5625 0)
(0.525 0.5625 0)
(0.5375 0.5625 0)
(0.55 0.5625 0)
(0.5625 0.5625 0)
(0.575 0.5625 0)
(0.5875 0.5625 0)
(0.6 0.5625 0)
(0.6125 0.5625 0)
(0.625 0.5625 0)
(0.6375 0.5625 0)
(0.65 0.5625 0)
(0.6625 0.5625 0)
(0.6750000000000002 0.5625 0)
(0.6875 0.5625 0)
(0.6999999999999998 0.5625 0)
(0.7125 0.5625 0)
(0.725 0.5625 0)
(0.7375000000000002 0.5625 0)
(0.75 0.5625 0)
(0.7624999999999998 0.5625 0)
(0.775 0.5625 0)
(0.7875 0.5625 0)
(0.8000000000000002 0.5625000000000001 0)
(0.8125 0.5625 0)
(0.8249999999999998 0.5625 0)
(0.8375 0.5625 0)
(0.85 0.5625 0)
(0.8625000000000002 0.5625000000000001 0)
(0.875 0.5625 0)
(0.8874999999999998 0.5625 0)
(0.8999999999999999 0.5625 0)
(0.9125000000000001 0.5625 0)
(0.9250000000000002 0.5625000000000001 0)
(0.9375 0.5625 0)
(0.9499999999999998 0.5624999999999999 0)
(0.9624999999999999 0.5625 0)
(0.9750000000000001 0.5625 0)
(0.9875000000000002 0.5625000000000001 0)
(1 0.5625 0)
(0 0.575 0)
(0.0125 0.5749999999999998 0)
(0.025 0.575 0)
(0.0375 0.5749999999999998 0)
(0.05000000000000001 0.5750000000000001 0)
(0.0625 0.575 0)
(0.075 0.5750000000000001 0)
(0.08749999999999998 0.575 0)
(0.1 0.5750000000000001 0)
(0.1125 0.575 0)
(0.125 0.5749999999999998 0)
(0.1375 0.575 0)
(0.15 0.575 0)
(0.1625 0.575 0)
(0.175 0.575 0)
(0.1875 0.5750000000000001 0)
(0.2 0.575 0)
(0.2125 0.5749999999999998 0)
(0.225 0.575 0)
(0.2375 0.5749999999999998 0)
(0.25 0.575 0)
(0.2625 0.575 0)
(0.275 0.575 0)
(0.2875 0.575 0)
(0.3 0.5750000000000001 0)
(0.3125 0.575 0)
(0.325 0.575 0)
(0.3375 0.575 0)
(0.3499999999999999 0.575 0)
(0.3625 0.575 0)
(0.375 0.575 0)
(0.3875 0.5750000000000001 0)
(0.4000000000000001 0.575 0)
(0.4124999999999999 0.5749999999999998 0)
(0.425 0.575 0)
(0.4375 0.575 0)
(0.45 0.575 0)
(0.4625 0.575 0)
(0.4749999999999999 0.5749999999999998 0)
(0.4875 0.575 0)
(0.5 0.5750000000000001 0)
(0.5125 0.575 0)
(0.525 0.5749999999999998 0)
(0.5375 0.575 0)
(0.55 0.575 0)
(0.5625 0.575 0)
(0.575 0.575 0)
(0.5875 0.575 0)
(0.6 0.575 0)
(0.6124999999999999 0.5749999999999998 0)
(0.625 0.575 0)
(0.6375 0.575 0)
(0.65 0.575 0)
(0.6625 0.575 0)
(0.6749999999999999 0.575 0)
(0.6875 0.575 0)
(0.6999999999999998 0.575 0)
(0.7125 0.575 0)
(0.7250000000000001 0.5750000000000001 0)
(0.7375000000000002 0.575 0)
(0.75 0.575 0)
(0.7625000000000001 0.575 0)
(0.775 0.575 0)
(0.7875 0.5749999999999998 0)
(0.8000000000000002 0.575 0)
(0.8125 0.5750000000000001 0)
(0.8249999999999998 0.575 0)
(0.8375 0.575 0)
(0.85 0.575 0)
(0.8625000000000002 0.5750000000000001 0)
(0.875 0.5749999999999998 0)
(0.8875000000000001 0.575 0)
(0.9 0.575 0)
(0.9125 0.575 0)
(0.9249999999999999 0.5749999999999998 0)
(0.9375 0.575 0)
(0.9499999999999998 0.575 0)
(0.9624999999999999 0.5749999999999998 0)
(0.975 0.575 0)
(0.9875000000000002 0.575 0)
(1 0.575 0)
(0 0.5875 0)
(0.0125 0.5875 0)
(0.025 0.5875 0)
(0.0375 0.5874999999999999 0)
(0.05000000000000001 0.5874999999999999 0)
(0.0625 0.5874999999999999 0)
(0.075 0.5874999999999999 0)
(0.08749999999999998 0.5875 0)
(0.1 0.5875 0)
(0.1125 0.5875 0)
(0.125 0.5875 0)
(0.1375 0.5875 0)
(0.15 0.5875 0)
(0.1625 0.5875 0)
(0.175 0.5875 0)
(0.1875 0.5875 0)
(0.2 0.5875 0)
(0.2125 0.5875 0)
(0.225 0.5875000000000001 0)
(0.2375 0.5875 0)
(0.25 0.5875000000000001 0)
(0.2625 0.5875000000000001 0)
(0.275 0.5875 0)
(0.2874999999999999 0.5875 0)
(0.3 0.5875 0)
(0.3125 0.5875 0)
(0.325 0.5875 0)
(0.3375 0.5875 0)
(0.3499999999999999 0.5875 0)
(0.3625 0.5875 0)
(0.375 0.5875 0)
(0.3875 0.5875 0)
(0.4000000000000001 0.5875 0)
(0.4125 0.5875 0)
(0.425 0.5875 0)
(0.4375 0.5875 0)
(0.45 0.5875000000000001 0)
(0.4625 0.5875 0)
(0.475 0.5875 0)
(0.4875 0.5875 0)
(0.5 0.5875 0)
(0.5125 0.5875 0)
(0.525 0.5875 0)
(0.5375 0.5875 0)
(0.55 0.5875 0)
(0.5625 0.5875 0)
(0.5749999999999998 0.5875 0)
(0.5875 0.5875 0)
(0.6 0.5875 0)
(0.6125 0.5875 0)
(0.625 0.5875 0)
(0.6375 0.5875 0)
(0.65 0.5875 0)
(0.6625 0.5875 0)
(0.6749999999999999 0.5875 0)
(0.6875 0.5875 0)
(0.6999999999999998 0.5875 0)
(0.7125 0.5875 0)
(0.725 0.5875 0)
(0.7375000000000002 0.5875 0)
(0.75 0.5875 0)
(0.7624999999999998 0.5875 0)
(0.775 0.5875 0)
(0.7875 0.5875 0)
(0.8000000000000002 0.5875 0)
(0.8125 0.5875 0)
(0.8250000000000001 0.5875 0)
(0.8375 0.5875 0)
(0.8500000000000001 0.5875 0)
(0.8625000000000002 0.5875 0)
(0.875 0.5875 0)
(0.8875000000000001 0.5875 0)
(0.9 0.5875 0)
(0.9125000000000001 0.5875 0)
(0.9249999999999999 0.5875 0)
(0.9375 0.5875 0)
(0.9500000000000001 0.5875 0)
(0.9625 0.5875 0)
(0.9750000000000001 0.5875 0)
(0.9874999999999999 0.5875 0)
(1 0.5875 0)
(0 0.6 0)
(0.0125 0.6 0)
(0.025 0.6 0)
(0.0375 0.6 0)
(0.05000000000000001 0.6 0)
(0.0625 0.6000000000000001 0)
(0.07500000000000001 0.6000000000000001 0)
(0.08750000000000001 0.6 0)
(0.1 0.6000000000000001 0)
(0.1125 0.5999999999999999 0)
(0.125 0.6 0)
(0.1375 0.6 0)
(0.15 0.6 0)
(0.1625 0.6 0)
(0.175 0.6 0)
(0.1875 0.6 0)
(0.2 0.6000000000000001 0)
(0.2125 0.6 0)
(0.225 0.6 0)
(0.2375 0.6 0)
(0.25 0.5999999999999999 0)
(0.2625 0.6 0)
(0.275 0.6 0)
(0.2875 0.5999999999999999 0)
(0.3 0.6 0)
(0.3125 0.6 0)
(0.325 0.6000000000000001 0)
(0.3375000000000001 0.6 0)
(0.35 0.6 0)
(0.3625 0.6 0)
(0.375 0.6 0)
(0.3875 0.6 0)
(0.4000000000000001 0.6 0)
(0.4125 0.6 0)
(0.425 0.6 0)
(0.4375 0.6 0)
(0.45 0.6000000000000001 0)
(0.4625000000000001 0.6 0)
(0.4749999999999999 0.6 0)
(0.4875 0.6 0)
(0.5 0.6 0)
(0.5125 0.6 0)
(0.525 0.6 0)
(0.5375 0.6 0)
(0.55 0.6 0)
(0.5625 0.6 0)
(0.575 0.6 0)
(0.5875 0.6 0)
(0.6 0.6 0)
(0.6125 0.6 0)
(0.625 0.6 0)
(0.6374999999999998 0.6 0)
(0.65 0.6 0)
(0.6625 0.6 0)
(0.6750000000000002 0.6 0)
(0.6875 0.6 0)
(0.7000000000000001 0.6 0)
(0.7125 0.6 0)
(0.725 0.6 0)
(0.7374999999999999 0.6 0)
(0.75 0.6 0)
(0.7624999999999998 0.6 0)
(0.775 0.6 0)
(0.7875 0.6 0)
(0.8000000000000002 0.6 0)
(0.8125 0.6 0)
(0.8250000000000001 0.6 0)
(0.8374999999999999 0.6 0)
(0.85 0.6 0)
(0.8625000000000002 0.6 0)
(0.875 0.6 0)
(0.8874999999999998 0.6 0)
(0.9 0.6 0)
(0.9125 0.6 0)
(0.9250000000000002 0.6 0)
(0.9375 0.6 0)
(0.9499999999999998 0.6 0)
(0.9625 0.6 0)
(0.975 0.6 0)
(0.9875000000000002 0.6 0)
(1 0.6 0)
(0 0.6125 0)
(0.0125 0.6125000000000002 0)
(0.025 0.6125 0)
(0.0375 0.6125 0)
(0.05000000000000001 0.6124999999999999 0)
(0.0625 0.6125 0)
(0.075 0.6125 0)
(0.08750000000000001 0.6125000000000002 0)
(0.1 0.6125 0)
(0.1125 0.6124999999999999 0)
(0.125 0.6125000000000002 0)
(0.1375 0.6125 0)
(0.15 0.6124999999999999 0)
(0.1625 0.6125000000000002 0)
(0.175 0.6125 0)
(0.1875 0.6124999999999999 0)
(0.2 0.6125 0)
(0.2125 0.6125 0)
(0.225 0.6124999999999999 0)
(0.2375 0.6125 0)
(0.25 0.6125 0)
(0.2625 0.6125000000000002 0)
(0.275 0.6125 0)
(0.2874999999999999 0.6125 0)
(0.2999999999999999 0.6125 0)
(0.3125 0.6125 0)
(0.325 0.6125000000000002 0)
(0.3375 0.6125 0)
(0.35 0.6125 0)
(0.3625 0.6125 0)
(0.375 0.6125 0)
(0.3875 0.6125 0)
(0.4000000000000001 0.6125 0)
(0.4124999999999999 0.6125 0)
(0.425 0.6125 0)
(0.4375 0.6125 0)
(0.45 0.6125 0)
(0.4625000000000001 0.6124999999999999 0)
(0.475 0.6125 0)
(0.4875 0.6125 0)
(0.5 0.6124999999999999 0)
(0.5125 0.6125 0)
(0.525 0.6125 0)
(0.5375 0.6124999999999999 0)
(0.55 0.6125 0)
(0.5625 0.6125 0)
(0.5749999999999998 0.6124999999999999 0)
(0.5875 0.6125 0)
(0.6 0.6125000000000002 0)
(0.6125 0.6125 0)
(0.625 0.6125 0)
(0.6375000000000001 0.6125000000000002 0)
(0.65 0.6125 0)
(0.6625 0.6125 0)
(0.6749999999999999 0.6125 0)
(0.6875 0.6125 0)
(0.7000000000000001 0.6125 0)
(0.7125 0.6125 0)
(0.725 0.6125 0)
(0.7374999999999999 0.6124999999999999 0)
(0.75 0.6125 0)
(0.7624999999999998 0.6125 0)
(0.775 0.6124999999999999 0)
(0.7875 0.6125 0)
(0.8000000000000002 0.6125000000000002 0)
(0.8125 0.6124999999999999 0)
(0.8249999999999998 0.6125 0)
(0.8375 0.6125000000000002 0)
(0.85 0.6124999999999999 0)
(0.8624999999999999 0.6125 0)
(0.875 0.6125000000000002 0)
(0.8874999999999998 0.6124999999999999 0)
(0.8999999999999999 0.6125 0)
(0.9125000000000001 0.6125000000000002 0)
(0.9250000000000002 0.6125 0)
(0.9375 0.6125 0)
(0.9500000000000001 0.6125000000000002 0)
(0.9625 0.6125 0)
(0.975 0.6125 0)
(0.9875000000000002 0.6125 0)
(1 0.6125 0)
(0 0.625 0)
(0.0125 0.625 0)
(0.025 0.625 0)
(0.0375 0.625 0)
(0.05000000000000001 0.625 0)
(0.0625 0.625 0)
(0.07500000000000001 0.625 0)
(0.08749999999999998 0.625 0)
(0.1 0.625 0)
(0.1125 0.625 0)
(0.125 0.625 0)
(0.1375 0.625 0)
(0.15 0.625 0)
(0.1625 0.625 0)
(0.175 0.625 0)
(0.1875 0.625 0)
(0.2 0.625 0)
(0.2125 0.625 0)
(0.225 0.625 0)
(0.2375 0.625 0)
(0.25 0.625 0)
(0.2625 0.625 0)
(0.275 0.625 0)
(0.2875 0.625 0)
(0.3 0.625 0)
(0.3125 0.625 0)
(0.325 0.625 0)
(0.3375000000000001 0.625 0)
(0.3499999999999999 0.625 0)
(0.3625 0.625 0)
(0.375 0.625 0)
(0.3875 0.625 0)
(0.4000000000000001 0.625 0)
(0.4124999999999999 0.625 0)
(0.425 0.625 0)
(0.4375 0.625 0)
(0.45 0.625 0)
(0.4625000000000001 0.625 0)
(0.4749999999999999 0.625 0)
(0.4875 0.625 0)
(0.5 0.625 0)
(0.5125 0.625 0)
(0.525 0.625 0)
(0.5375 0.625 0)
(0.55 0.625 0)
(0.5625 0.625 0)
(0.575 0.625 0)
(0.5875 0.625 0)
(0.6 0.625 0)
(0.6125 0.625 0)
(0.625 0.625 0)
(0.6375 0.625 0)
(0.65 0.625 0)
(0.6625 0.625 0)
(0.6750000000000002 0.625 0)
(0.6875 0.625 0)
(0.6999999999999998 0.625 0)
(0.7125 0.625 0)
(0.725 0.625 0)
(0.7375000000000002 0.625 0)
(0.75 0.625 0)
(0.7624999999999998 0.625 0)
(0.775 0.625 0)
(0.7875 0.625 0)
(0.8000000000000002 0.625 0)
(0.8125 0.625 0)
(0.8249999999999998 0.625 0)
(0.8375 0.625 0)
(0.85 0.625 0)
(0.8625000000000002 0.625 0)
(0.875 0.625 0)
(0.8874999999999998 0.625 0)
(0.9 0.625 0)
(0.9125 0.625 0)
(0.9250000000000002 0.625 0)
(0.9375 0.625 0)
(0.9499999999999998 0.625 0)
(0.9625 0.625 0)
(0.975 0.625 0)
(0.9875000000000002 0.625 0)
(1 0.625 0)
(0 0.6375 0)
(0.0125 0.6375000000000001 0)
(0.025 0.6374999999999998 0)
(0.03750000000000001 0.6375 0)
(0.05000000000000001 0.6375000000000001 0)
(0.0625 0.6375 0)
(0.07500000000000001 0.6375000000000001 0)
(0.08750000000000001 0.6374999999999998 0)
(0.1 0.6375 0)
(0.1125 0.6375000000000001 0)
(0.125 0.6374999999999998 0)
(0.1375 0.6375 0)
(0.15 0.6375000000000001 0)
(0.1625 0.6375 0)
(0.175 0.6375 0)
(0.1875 0.6375000000000001 0)
(0.2 0.6375 0)
(0.2125 0.6375 0)
(0.225 0.6375000000000001 0)
(0.2375 0.6375 0)
(0.25 0.6375 0)
(0.2625 0.6375 0)
(0.275 0.6375 0)
(0.2875 0.6375000000000001 0)
(0.3 0.6374999999999998 0)
(0.3125 0.6375 0)
(0.325 0.6375000000000001 0)
(0.3375 0.6375 0)
(0.35 0.6375 0)
(0.3625 0.6374999999999998 0)
(0.375 0.6375 0)
(0.3875 0.6375 0)
(0.4000000000000001 0.6374999999999998 0)
(0.4124999999999999 0.6375 0)
(0.425 0.6375 0)
(0.4375 0.6375 0)
(0.45 0.6375 0)
(0.4625000000000001 0.6375 0)
(0.4749999999999999 0.6375 0)
(0.4875 0.6375 0)
(0.5 0.6375000000000001 0)
(0.5125 0.6375 0)
(0.525 0.6375 0)
(0.5375 0.6375 0)
(0.55 0.6375 0)
(0.5625 0.6375 0)
(0.575 0.6375 0)
(0.5875 0.6375 0)
(0.6 0.6374999999999998 0)
(0.6125000000000002 0.6375000000000001 0)
(0.625 0.6375 0)
(0.6375000000000001 0.6375 0)
(0.65 0.6375 0)
(0.6625 0.6375 0)
(0.6749999999999999 0.6374999999999998 0)
(0.6875 0.6375 0)
(0.7000000000000001 0.6375 0)
(0.7125 0.6375 0)
(0.725 0.6375 0)
(0.7374999999999999 0.6375 0)
(0.75 0.6375 0)
(0.7624999999999998 0.6375 0)
(0.775 0.6375 0)
(0.7875 0.6375 0)
(0.8000000000000002 0.6375 0)
(0.8125 0.6375000000000001 0)
(0.8249999999999998 0.6375 0)
(0.8375 0.6375 0)
(0.8500000000000001 0.6375000000000001 0)
(0.8625000000000002 0.6375 0)
(0.875 0.6374999999999998 0)
(0.8874999999999998 0.6375 0)
(0.9 0.6375 0)
(0.9125 0.6375 0)
(0.9250000000000002 0.6375000000000001 0)
(0.9375 0.6375 0)
(0.9499999999999998 0.6375 0)
(0.9625 0.6375 0)
(0.975 0.6375 0)
(0.9874999999999999 0.6375 0)
(1 0.6375 0)
(0 0.65 0)
(0.0125 0.65 0)
(0.025 0.65 0)
(0.03750000000000001 0.65 0)
(0.05000000000000001 0.65 0)
(0.0625 0.6499999999999999 0)
(0.075 0.6500000000000001 0)
(0.08749999999999998 0.65 0)
(0.09999999999999999 0.65 0)
(0.1125 0.6500000000000001 0)
(0.125 0.65 0)
(0.1375 0.65 0)
(0.15 0.65 0)
(0.1625 0.65 0)
(0.175 0.65 0)
(0.1875 0.65 0)
(0.2 0.6499999999999999 0)
(0.2125 0.65 0)
(0.225 0.65 0)
(0.2375 0.6499999999999999 0)
(0.25 0.6500000000000001 0)
(0.2625000000000001 0.6500000000000001 0)
(0.275 0.65 0)
(0.2875 0.65 0)
(0.3 0.65 0)
(0.3125 0.65 0)
(0.325 0.65 0)
(0.3375000000000001 0.65 0)
(0.3499999999999999 0.65 0)
(0.3625 0.65 0)
(0.375 0.6499999999999999 0)
(0.3875 0.6500000000000001 0)
(0.4000000000000001 0.65 0)
(0.4124999999999999 0.65 0)
(0.425 0.65 0)
(0.4375 0.65 0)
(0.45 0.65 0)
(0.4625000000000001 0.65 0)
(0.4749999999999999 0.65 0)
(0.4875 0.65 0)
(0.5 0.65 0)
(0.5125000000000001 0.65 0)
(0.525 0.65 0)
(0.5375 0.65 0)
(0.5499999999999999 0.65 0)
(0.5625 0.65 0)
(0.575 0.65 0)
(0.5875 0.65 0)
(0.6 0.65 0)
(0.6125 0.65 0)
(0.625 0.65 0)
(0.6375 0.65 0)
(0.65 0.65 0)
(0.6625 0.65 0)
(0.6750000000000002 0.65 0)
(0.6875 0.65 0)
(0.6999999999999998 0.65 0)
(0.7125 0.65 0)
(0.725 0.65 0)
(0.7374999999999999 0.65 0)
(0.75 0.65 0)
(0.7624999999999998 0.65 0)
(0.775 0.65 0)
(0.7875 0.65 0)
(0.8000000000000002 0.65 0)
(0.8125 0.6500000000000001 0)
(0.8249999999999998 0.65 0)
(0.8375 0.65 0)
(0.85 0.65 0)
(0.8624999999999999 0.65 0)
(0.875 0.65 0)
(0.8874999999999998 0.65 0)
(0.9 0.65 0)
(0.9125000000000001 0.65 0)
(0.9250000000000002 0.65 0)
(0.9375 0.65 0)
(0.9499999999999998 0.65 0)
(0.9624999999999999 0.65 0)
(0.9750000000000001 0.65 0)
(0.9875000000000002 0.65 0)
(1 0.65 0)
(0 0.6625 0)
(0.0125 0.6625 0)
(0.025 0.6625 0)
(0.0375 0.6625000000000001 0)
(0.05000000000000001 0.6625 0)
(0.0625 0.6625000000000001 0)
(0.075 0.6625000000000001 0)
(0.08750000000000001 0.6625 0)
(0.1 0.6625 0)
(0.1125 0.6625 0)
(0.125 0.6625 0)
(0.1375 0.6625 0)
(0.15 0.6625 0)
(0.1625 0.6625 0)
(0.175 0.6625 0)
(0.1875 0.6625 0)
(0.2 0.6625000000000001 0)
(0.2125 0.6625 0)
(0.225 0.6624999999999999 0)
(0.2375 0.6625 0)
(0.25 0.6624999999999999 0)
(0.2625 0.6625 0)
(0.275 0.6625 0)
(0.2875 0.6625 0)
(0.3 0.6625 0)
(0.3125 0.6625 0)
(0.325 0.6625 0)
(0.3375 0.6625 0)
(0.35 0.6625 0)
(0.3625 0.6625 0)
(0.375 0.6625000000000001 0)
(0.3875 0.6625000000000001 0)
(0.4000000000000001 0.6625000000000001 0)
(0.4124999999999999 0.6625 0)
(0.425 0.6625 0)
(0.4375 0.6625 0)
(0.45 0.6625 0)
(0.4625 0.6625 0)
(0.475 0.6625 0)
(0.4875 0.6625 0)
(0.5 0.6625 0)
(0.5124999999999998 0.6625 0)
(0.525 0.6625 0)
(0.5375 0.6625 0)
(0.5499999999999999 0.6625 0)
(0.5625 0.6625 0)
(0.575 0.6625 0)
(0.5875 0.6625 0)
(0.6 0.6625 0)
(0.6125 0.6625 0)
(0.625 0.6625 0)
(0.6375 0.6625 0)
(0.65 0.6625 0)
(0.6625 0.6625 0)
(0.6749999999999999 0.6625 0)
(0.6875 0.6625 0)
(0.7000000000000001 0.6625 0)
(0.7125 0.6625 0)
(0.725 0.6625 0)
(0.7375000000000002 0.6625 0)
(0.75 0.6625 0)
(0.7624999999999998 0.6625 0)
(0.775 0.6625 0)
(0.7875000000000001 0.6625 0)
(0.8000000000000002 0.6625 0)
(0.8125 0.6624999999999999 0)
(0.8249999999999998 0.6625 0)
(0.8375 0.6625 0)
(0.85 0.6625 0)
(0.8624999999999999 0.6625 0)
(0.875 0.6625 0)
(0.8874999999999998 0.6625 0)
(0.8999999999999999 0.6625 0)
(0.9125 0.6625 0)
(0.9249999999999999 0.6625 0)
(0.9375 0.6625 0)
(0.9500000000000001 0.6625 0)
(0.9625 0.6625 0)
(0.9750000000000001 0.6625 0)
(0.9875000000000002 0.6625 0)
(1 0.6625 0)
(0 0.6750000000000002 0)
(0.0125 0.6750000000000002 0)
(0.025 0.6750000000000002 0)
(0.0375 0.6750000000000002 0)
(0.05000000000000001 0.6749999999999999 0)
(0.0625 0.6750000000000002 0)
(0.07500000000000001 0.6750000000000002 0)
(0.08750000000000001 0.6750000000000002 0)
(0.1 0.6749999999999999 0)
(0.1125 0.6750000000000002 0)
(0.125 0.6750000000000002 0)
(0.1375 0.6750000000000002 0)
(0.15 0.6750000000000002 0)
(0.1625 0.6750000000000002 0)
(0.175 0.6750000000000002 0)
(0.1875 0.6749999999999999 0)
(0.2 0.6750000000000002 0)
(0.2125 0.6750000000000002 0)
(0.225 0.6750000000000002 0)
(0.2375 0.6750000000000002 0)
(0.25 0.6750000000000002 0)
(0.2625 0.6750000000000002 0)
(0.275 0.6749999999999999 0)
(0.2875 0.6750000000000002 0)
(0.3 0.6750000000000002 0)
(0.3125 0.6750000000000002 0)
(0.325 0.6750000000000002 0)
(0.3375 0.6749999999999999 0)
(0.35 0.6750000000000002 0)
(0.3625 0.6749999999999999 0)
(0.375 0.6750000000000002 0)
(0.3875 0.6750000000000002 0)
(0.4000000000000001 0.6750000000000002 0)
(0.4124999999999999 0.6749999999999999 0)
(0.425 0.6749999999999999 0)
(0.4375 0.6750000000000002 0)
(0.45 0.6750000000000002 0)
(0.4625000000000001 0.6750000000000002 0)
(0.4749999999999999 0.6749999999999999 0)
(0.4875 0.6750000000000002 0)
(0.5 0.6749999999999999 0)
(0.5125 0.6750000000000002 0)
(0.525 0.6750000000000002 0)
(0.5375 0.6750000000000002 0)
(0.55 0.6750000000000002 0)
(0.5625 0.6749999999999999 0)
(0.575 0.6750000000000002 0)
(0.5875 0.6749999999999999 0)
(0.6 0.6750000000000002 0)
(0.6125 0.6750000000000002 0)
(0.625 0.6750000000000002 0)
(0.6374999999999998 0.6749999999999999 0)
(0.65 0.6750000000000002 0)
(0.6625 0.6750000000000002 0)
(0.6749999999999999 0.6749999999999999 0)
(0.6875 0.6750000000000002 0)
(0.7000000000000001 0.6750000000000002 0)
(0.7125 0.6749999999999999 0)
(0.725 0.6749999999999999 0)
(0.7375000000000002 0.6750000000000002 0)
(0.75 0.6750000000000002 0)
(0.7624999999999998 0.6749999999999999 0)
(0.775 0.6750000000000002 0)
(0.7875000000000001 0.6750000000000002 0)
(0.8000000000000002 0.6749999999999999 0)
(0.8125 0.6749999999999999 0)
(0.8249999999999998 0.6750000000000002 0)
(0.8375 0.6750000000000002 0)
(0.85 0.6749999999999999 0)
(0.8625000000000002 0.6750000000000002 0)
(0.875 0.6750000000000002 0)
(0.8875000000000001 0.6750000000000002 0)
(0.9 0.6749999999999999 0)
(0.9125 0.6750000000000002 0)
(0.9250000000000002 0.6750000000000002 0)
(0.9375 0.6749999999999999 0)
(0.9499999999999998 0.6749999999999999 0)
(0.9625 0.6750000000000002 0)
(0.9750000000000001 0.6750000000000002 0)
(0.9874999999999999 0.6749999999999999 0)
(1 0.6750000000000002 0)
(0 0.6875 0)
(0.0125 0.6875 0)
(0.025 0.6875 0)
(0.0375 0.6875 0)
(0.05000000000000001 0.6875 0)
(0.0625 0.6875 0)
(0.075 0.6875 0)
(0.08749999999999998 0.6875 0)
(0.1 0.6875 0)
(0.1125 0.6875 0)
(0.125 0.6875 0)
(0.1375 0.6875 0)
(0.15 0.6875 0)
(0.1625 0.6875 0)
(0.175 0.6875 0)
(0.1875 0.6875 0)
(0.2 0.6875 0)
(0.2125 0.6875 0)
(0.225 0.6875 0)
(0.2375 0.6875 0)
(0.25 0.6875 0)
(0.2625 0.6875 0)
(0.275 0.6875 0)
(0.2875 0.6875 0)
(0.3 0.6875 0)
(0.3125 0.6875 0)
(0.325 0.6875 0)
(0.3375000000000001 0.6875 0)
(0.3499999999999999 0.6875 0)
(0.3625 0.6875 0)
(0.375 0.6875 0)
(0.3875 0.6875 0)
(0.4000000000000001 0.6875 0)
(0.4124999999999999 0.6875 0)
(0.425 0.6875 0)
(0.4375 0.6875 0)
(0.45 0.6875 0)
(0.4625000000000001 0.6875 0)
(0.4749999999999999 0.6875 0)
(0.4875 0.6875 0)
(0.5 0.6875 0)
(0.5125 0.6875 0)
(0.525 0.6875 0)
(0.5375 0.6875 0)
(0.55 0.6875 0)
(0.5625 0.6875 0)
(0.575 0.6875 0)
(0.5875 0.6875 0)
(0.6 0.6875 0)
(0.6125 0.6875 0)
(0.625 0.6875 0)
(0.6375 0.6875 0)
(0.65 0.6875 0)
(0.6625 0.6875 0)
(0.6750000000000002 0.6875 0)
(0.6875 0.6875 0)
(0.6999999999999998 0.6875 0)
(0.7125 0.6875 0)
(0.725 0.6875 0)
(0.7375000000000002 0.6875 0)
(0.75 0.6875 0)
(0.7624999999999998 0.6875 0)
(0.775 0.6875 0)
(0.7875 0.6875 0)
(0.8000000000000002 0.6875 0)
(0.8125 0.6875 0)
(0.8249999999999998 0.6875 0)
(0.8375 0.6875 0)
(0.85 0.6875 0)
(0.8625000000000002 0.6875 0)
(0.875 0.6875 0)
(0.8874999999999998 0.6875 0)
(0.8999999999999999 0.6875 0)
(0.9125000000000001 0.6875 0)
(0.9250000000000002 0.6875 0)
(0.9375 0.6875 0)
(0.9499999999999998 0.6875 0)
(0.9624999999999999 0.6875 0)
(0.9750000000000001 0.6875 0)
(0.9875000000000002 0.6875 0)
(1 0.6875 0)
(0 0.6999999999999998 0)
(0.0125 0.7000000000000001 0)
(0.025 0.7000000000000001 0)
(0.0375 0.7000000000000001 0)
(0.05 0.6999999999999998 0)
(0.0625 0.6999999999999998 0)
(0.075 0.6999999999999998 0)
(0.08749999999999998 0.6999999999999998 0)
(0.09999999999999999 0.7000000000000001 0)
(0.1125 0.7000000000000001 0)
(0.125 0.6999999999999998 0)
(0.1375 0.6999999999999998 0)
(0.15 0.6999999999999998 0)
(0.1625 0.6999999999999998 0)
(0.175 0.6999999999999998 0)
(0.1875 0.7000000000000001 0)
(0.2 0.6999999999999998 0)
(0.2125 0.6999999999999998 0)
(0.225 0.6999999999999998 0)
(0.2375 0.6999999999999998 0)
(0.25 0.6999999999999998 0)
(0.2625 0.7000000000000001 0)
(0.275 0.6999999999999998 0)
(0.2875 0.6999999999999998 0)
(0.3 0.6999999999999998 0)
(0.3125 0.6999999999999998 0)
(0.325 0.7000000000000001 0)
(0.3375000000000001 0.7000000000000001 0)
(0.3499999999999999 0.6999999999999998 0)
(0.3625 0.6999999999999998 0)
(0.375 0.6999999999999998 0)
(0.3875 0.7000000000000001 0)
(0.4 0.7000000000000001 0)
(0.4124999999999999 0.6999999999999998 0)
(0.425 0.6999999999999998 0)
(0.4375 0.6999999999999998 0)
(0.45 0.6999999999999998 0)
(0.4625000000000001 0.6999999999999998 0)
(0.475 0.7000000000000001 0)
(0.4875 0.7000000000000001 0)
(0.5 0.7000000000000001 0)
(0.5125 0.6999999999999998 0)
(0.525 0.6999999999999998 0)
(0.5375 0.6999999999999998 0)
(0.55 0.6999999999999998 0)
(0.5625 0.7000000000000001 0)
(0.5750000000000001 0.6999999999999998 0)
(0.5875 0.6999999999999998 0)
(0.6 0.6999999999999998 0)
(0.6125 0.6999999999999998 0)
(0.625 0.6999999999999998 0)
(0.6374999999999998 0.7000000000000001 0)
(0.65 0.7000000000000001 0)
(0.6625 0.7000000000000001 0)
(0.6750000000000002 0.7000000000000001 0)
(0.6875 0.6999999999999998 0)
(0.6999999999999998 0.7000000000000001 0)
(0.7125 0.7000000000000001 0)
(0.725 0.6999999999999998 0)
(0.7374999999999999 0.6999999999999998 0)
(0.75 0.6999999999999998 0)
(0.7624999999999998 0.6999999999999998 0)
(0.775 0.6999999999999998 0)
(0.7875 0.7000000000000001 0)
(0.7999999999999999 0.7000000000000001 0)
(0.8125 0.7000000000000001 0)
(0.8249999999999998 0.6999999999999998 0)
(0.8374999999999999 0.6999999999999998 0)
(0.85 0.7000000000000001 0)
(0.8625000000000002 0.7000000000000001 0)
(0.875 0.6999999999999998 0)
(0.8874999999999998 0.6999999999999998 0)
(0.9 0.6999999999999998 0)
(0.9125 0.6999999999999998 0)
(0.9250000000000002 0.6999999999999998 0)
(0.9375 0.7000000000000001 0)
(0.9500000000000001 0.7000000000000001 0)
(0.9625 0.7000000000000001 0)
(0.9750000000000001 0.7000000000000001 0)
(0.9875000000000002 0.7000000000000001 0)
(1 0.6999999999999998 0)
(0 0.7125 0)
(0.0125 0.7124999999999999 0)
(0.025 0.7125 0)
(0.0375 0.7125 0)
(0.05000000000000001 0.7125 0)
(0.0625 0.7124999999999999 0)
(0.075 0.7125 0)
(0.08749999999999998 0.7125 0)
(0.1 0.7125 0)
(0.1125 0.7124999999999999 0)
(0.125 0.7125 0)
(0.1375 0.7125 0)
(0.15 0.7125 0)
(0.1625 0.7125 0)
(0.175 0.7125 0)
(0.1875 0.7125 0)
(0.2 0.7125 0)
(0.2125 0.7124999999999999 0)
(0.225 0.7125 0)
(0.2375 0.7125 0)
(0.25 0.7125 0)
(0.2625 0.7125 0)
(0.275 0.7125 0)
(0.2875 0.7125 0)
(0.3 0.7124999999999999 0)
(0.3125 0.7125 0)
(0.325 0.7125 0)
(0.3375000000000001 0.7125 0)
(0.3499999999999999 0.7125 0)
(0.3625 0.7125 0)
(0.375 0.7124999999999999 0)
(0.3875 0.7125 0)
(0.4000000000000001 0.7125 0)
(0.4124999999999999 0.7125 0)
(0.425 0.7124999999999999 0)
(0.4375 0.7125 0)
(0.45 0.7125 0)
(0.4625000000000001 0.7125 0)
(0.4749999999999999 0.7125 0)
(0.4875 0.7125 0)
(0.5 0.7125 0)
(0.5124999999999998 0.7125 0)
(0.525 0.7125 0)
(0.5375 0.7124999999999999 0)
(0.55 0.7125 0)
(0.5625 0.7125 0)
(0.575 0.7125 0)
(0.5875 0.7125 0)
(0.6 0.7125 0)
(0.6125 0.7125 0)
(0.625 0.7125 0)
(0.6375000000000001 0.7125 0)
(0.65 0.7125 0)
(0.6625 0.7125 0)
(0.6750000000000002 0.7125 0)
(0.6875 0.7125 0)
(0.6999999999999998 0.7125 0)
(0.7125 0.7125 0)
(0.725 0.7125 0)
(0.7374999999999999 0.7125 0)
(0.75 0.7125 0)
(0.7624999999999998 0.7125 0)
(0.775 0.7125 0)
(0.7875 0.7125 0)
(0.8000000000000002 0.7125 0)
(0.8125 0.7125000000000002 0)
(0.8249999999999998 0.7124999999999999 0)
(0.8375 0.7125 0)
(0.85 0.7125 0)
(0.8625000000000002 0.7125 0)
(0.875 0.7124999999999999 0)
(0.8875000000000001 0.7125 0)
(0.8999999999999999 0.7125 0)
(0.9125 0.7125 0)
(0.9250000000000002 0.7125 0)
(0.9375 0.7124999999999999 0)
(0.9499999999999998 0.7125 0)
(0.9625 0.7125 0)
(0.9750000000000001 0.7125 0)
(0.9874999999999999 0.7125 0)
(1 0.7125 0)
(0 0.725 0)
(0.0125 0.725 0)
(0.025 0.725 0)
(0.03750000000000001 0.725 0)
(0.05 0.725 0)
(0.0625 0.7250000000000001 0)
(0.075 0.725 0)
(0.08749999999999998 0.725 0)
(0.09999999999999999 0.725 0)
(0.1125 0.725 0)
(0.125 0.725 0)
(0.1375 0.7250000000000001 0)
(0.15 0.725 0)
(0.1625 0.725 0)
(0.175 0.725 0)
(0.1875 0.725 0)
(0.2 0.725 0)
(0.2125 0.725 0)
(0.225 0.725 0)
(0.2375 0.725 0)
(0.25 0.725 0)
(0.2625 0.7250000000000001 0)
(0.275 0.725 0)
(0.2875 0.7250000000000001 0)
(0.3 0.725 0)
(0.3125 0.725 0)
(0.325 0.725 0)
(0.3375 0.725 0)
(0.3499999999999999 0.725 0)
(0.3625 0.725 0)
(0.375 0.7250000000000001 0)
(0.3875 0.7250000000000001 0)
(0.4 0.725 0)
(0.4124999999999999 0.725 0)
(0.425 0.725 0)
(0.4375 0.725 0)
(0.45 0.725 0)
(0.4625000000000001 0.7250000000000001 0)
(0.4749999999999999 0.725 0)
(0.4875 0.7250000000000001 0)
(0.5 0.725 0)
(0.5125 0.725 0)
(0.525 0.725 0)
(0.5375 0.725 0)
(0.55 0.725 0)
(0.5625 0.725 0)
(0.575 0.725 0)
(0.5875 0.725 0)
(0.6 0.725 0)
(0.6125 0.725 0)
(0.625 0.725 0)
(0.6375 0.725 0)
(0.65 0.725 0)
(0.6625 0.725 0)
(0.6749999999999999 0.725 0)
(0.6875 0.725 0)
(0.6999999999999998 0.725 0)
(0.7125 0.725 0)
(0.725 0.725 0)
(0.7375000000000002 0.725 0)
(0.75 0.725 0)
(0.7624999999999998 0.7250000000000001 0)
(0.775 0.725 0)
(0.7875 0.7250000000000001 0)
(0.7999999999999999 0.725 0)
(0.8125 0.7249999999999998 0)
(0.8249999999999998 0.725 0)
(0.8375 0.725 0)
(0.85 0.7250000000000001 0)
(0.8625000000000002 0.725 0)
(0.875 0.7250000000000001 0)
(0.8875000000000001 0.725 0)
(0.8999999999999999 0.725 0)
(0.9125000000000001 0.725 0)
(0.9250000000000002 0.725 0)
(0.9375 0.7250000000000001 0)
(0.9499999999999998 0.725 0)
(0.9624999999999999 0.725 0)
(0.975 0.725 0)
(0.9874999999999999 0.725 0)
(1 0.725 0)
(0 0.7375000000000002 0)
(0.0125 0.7375000000000002 0)
(0.025 0.7375000000000002 0)
(0.0375 0.7375000000000002 0)
(0.05000000000000001 0.7375000000000002 0)
(0.0625 0.7375000000000002 0)
(0.075 0.7375000000000002 0)
(0.08749999999999998 0.7374999999999999 0)
(0.1 0.7375000000000002 0)
(0.1125 0.7375000000000002 0)
(0.125 0.7375000000000002 0)
(0.1375 0.7375000000000002 0)
(0.15 0.7375000000000002 0)
(0.1625 0.7375000000000002 0)
(0.175 0.7375000000000002 0)
(0.1875 0.7374999999999999 0)
(0.2 0.7375000000000002 0)
(0.2125 0.7375000000000002 0)
(0.225 0.7375000000000002 0)
(0.2375 0.7375000000000002 0)
(0.25 0.7375000000000002 0)
(0.2625 0.7375000000000002 0)
(0.275 0.7375000000000002 0)
(0.2875 0.7374999999999999 0)
(0.3 0.7374999999999999 0)
(0.3125 0.7375000000000002 0)
(0.325 0.7375000000000002 0)
(0.3375000000000001 0.7375000000000002 0)
(0.3499999999999999 0.7374999999999999 0)
(0.3625 0.7374999999999999 0)
(0.375 0.7375000000000002 0)
(0.3875 0.7375000000000002 0)
(0.4000000000000001 0.7374999999999999 0)
(0.4124999999999999 0.7375000000000002 0)
(0.425 0.7375000000000002 0)
(0.4375 0.7375000000000002 0)
(0.45 0.7375000000000002 0)
(0.4625 0.7374999999999999 0)
(0.475 0.7375000000000002 0)
(0.4875 0.7375000000000002 0)
(0.5 0.7374999999999999 0)
(0.5125 0.7375000000000002 0)
(0.525 0.7375000000000002 0)
(0.5375 0.7375000000000002 0)
(0.55 0.7375000000000002 0)
(0.5625 0.7374999999999999 0)
(0.575 0.7375000000000002 0)
(0.5875 0.7375000000000002 0)
(0.6 0.7374999999999999 0)
(0.6124999999999999 0.7374999999999999 0)
(0.625 0.7375000000000002 0)
(0.6375 0.7375000000000002 0)
(0.65 0.7375000000000002 0)
(0.6625 0.7375000000000002 0)
(0.6750000000000002 0.7375000000000002 0)
(0.6875 0.7375000000000002 0)
(0.6999999999999998 0.7374999999999999 0)
(0.7125 0.7374999999999999 0)
(0.725 0.7374999999999999 0)
(0.7375000000000002 0.7374999999999999 0)
(0.75 0.7375000000000002 0)
(0.7625000000000001 0.7375000000000002 0)
(0.775 0.7375000000000002 0)
(0.7875 0.7374999999999999 0)
(0.8000000000000002 0.7375000000000002 0)
(0.8125 0.7374999999999999 0)
(0.8249999999999998 0.7374999999999999 0)
(0.8375 0.7374999999999999 0)
(0.8500000000000001 0.7375000000000002 0)
(0.8625000000000002 0.7375000000000002 0)
(0.875 0.7375000000000002 0)
(0.8874999999999998 0.7375000000000002 0)
(0.9 0.7374999999999999 0)
(0.9125 0.7374999999999999 0)
(0.9249999999999999 0.7374999999999999 0)
(0.9375 0.7374999999999999 0)
(0.9500000000000001 0.7375000000000002 0)
(0.9625 0.7375000000000002 0)
(0.9750000000000001 0.7375000000000002 0)
(0.9875000000000002 0.7375000000000002 0)
(1 0.7375000000000002 0)
(0 0.75 0)
(0.0125 0.75 0)
(0.025 0.75 0)
(0.0375 0.75 0)
(0.05000000000000001 0.75 0)
(0.0625 0.75 0)
(0.075 0.75 0)
(0.08749999999999998 0.75 0)
(0.1 0.75 0)
(0.1125 0.75 0)
(0.125 0.75 0)
(0.1375 0.75 0)
(0.15 0.75 0)
(0.1625 0.75 0)
(0.175 0.75 0)
(0.1875 0.75 0)
(0.2 0.75 0)
(0.2125 0.75 0)
(0.225 0.75 0)
(0.2375 0.75 0)
(0.25 0.75 0)
(0.2625000000000001 0.75 0)
(0.275 0.75 0)
(0.2875 0.75 0)
(0.3 0.75 0)
(0.3125 0.75 0)
(0.3250000000000001 0.75 0)
(0.3375000000000001 0.75 0)
(0.3499999999999999 0.75 0)
(0.3625 0.75 0)
(0.375 0.75 0)
(0.3875 0.75 0)
(0.4000000000000001 0.75 0)
(0.4124999999999999 0.75 0)
(0.425 0.75 0)
(0.4375 0.75 0)
(0.45 0.75 0)
(0.4625000000000001 0.75 0)
(0.4749999999999999 0.75 0)
(0.4875 0.75 0)
(0.5 0.75 0)
(0.5125 0.75 0)
(0.525 0.75 0)
(0.5375 0.75 0)
(0.55 0.75 0)
(0.5625 0.75 0)
(0.575 0.75 0)
(0.5875 0.75 0)
(0.6 0.75 0)
(0.6125 0.75 0)
(0.625 0.75 0)
(0.6375 0.75 0)
(0.65 0.75 0)
(0.6625 0.75 0)
(0.6750000000000002 0.75 0)
(0.6875 0.75 0)
(0.6999999999999998 0.75 0)
(0.7125 0.75 0)
(0.725 0.75 0)
(0.7375000000000002 0.75 0)
(0.75 0.75 0)
(0.7624999999999998 0.75 0)
(0.775 0.75 0)
(0.7875 0.75 0)
(0.8000000000000002 0.75 0)
(0.8125 0.75 0)
(0.8249999999999998 0.75 0)
(0.8375 0.75 0)
(0.85 0.75 0)
(0.8625000000000002 0.75 0)
(0.875 0.75 0)
(0.8874999999999998 0.75 0)
(0.9 0.75 0)
(0.9125 0.75 0)
(0.9250000000000002 0.75 0)
(0.9375 0.75 0)
(0.9499999999999998 0.75 0)
(0.9625 0.75 0)
(0.975 0.75 0)
(0.9875000000000002 0.75 0)
(1 0.75 0)
(0 0.7624999999999998 0)
(0.0125 0.7624999999999998 0)
(0.025 0.7624999999999998 0)
(0.0375 0.7624999999999998 0)
(0.05000000000000001 0.7624999999999998 0)
(0.0625 0.7624999999999998 0)
(0.075 0.7624999999999998 0)
(0.08749999999999998 0.7624999999999998 0)
(0.09999999999999999 0.7624999999999998 0)
(0.1125 0.7624999999999998 0)
(0.125 0.7624999999999998 0)
(0.1375 0.7624999999999998 0)
(0.15 0.7624999999999998 0)
(0.1625 0.7625000000000001 0)
(0.175 0.7624999999999998 0)
(0.1875 0.7625000000000001 0)
(0.2 0.7625000000000001 0)
(0.2125 0.7625000000000001 0)
(0.225 0.7625000000000001 0)
(0.2375 0.7625000000000001 0)
(0.25 0.7624999999999998 0)
(0.2625000000000001 0.7625000000000001 0)
(0.275 0.7624999999999998 0)
(0.2874999999999999 0.7624999999999998 0)
(0.3 0.7624999999999998 0)
(0.3125 0.7624999999999998 0)
(0.325 0.7624999999999998 0)
(0.3375000000000001 0.7624999999999998 0)
(0.3499999999999999 0.7624999999999998 0)
(0.3625 0.7624999999999998 0)
(0.375 0.7624999999999998 0)
(0.3875 0.7624999999999998 0)
(0.4 0.7624999999999998 0)
(0.4125 0.7624999999999998 0)
(0.425 0.7624999999999998 0)
(0.4375 0.7624999999999998 0)
(0.45 0.7625000000000001 0)
(0.4625000000000001 0.7624999999999998 0)
(0.4749999999999999 0.7624999999999998 0)
(0.4875 0.7624999999999998 0)
(0.5 0.7625000000000001 0)
(0.5125000000000001 0.7624999999999998 0)
(0.525 0.7625000000000001 0)
(0.5375 0.7624999999999998 0)
(0.55 0.7625000000000001 0)
(0.5625 0.7625000000000001 0)
(0.5749999999999998 0.7625000000000001 0)
(0.5875 0.7625000000000001 0)
(0.6 0.7625000000000001 0)
(0.6125 0.7624999999999998 0)
(0.625 0.7624999999999998 0)
(0.6375 0.7624999999999998 0)
(0.65 0.7624999999999998 0)
(0.6625 0.7625000000000001 0)
(0.6750000000000002 0.7624999999999998 0)
(0.6875 0.7624999999999998 0)
(0.6999999999999998 0.7624999999999998 0)
(0.7124999999999999 0.7625000000000001 0)
(0.725 0.7624999999999998 0)
(0.7375000000000002 0.7625000000000001 0)
(0.75 0.7624999999999998 0)
(0.7624999999999998 0.7625000000000001 0)
(0.775 0.7624999999999998 0)
(0.7875000000000001 0.7625000000000001 0)
(0.7999999999999999 0.7624999999999998 0)
(0.8125 0.7625000000000001 0)
(0.8250000000000001 0.7624999999999998 0)
(0.8375 0.7625000000000001 0)
(0.85 0.7624999999999998 0)
(0.8624999999999999 0.7625000000000001 0)
(0.875 0.7624999999999998 0)
(0.8875000000000001 0.7625000000000001 0)
(0.9 0.7624999999999998 0)
(0.9125 0.7625000000000001 0)
(0.9250000000000002 0.7625000000000001 0)
(0.9375 0.7625000000000001 0)
(0.9499999999999998 0.7624999999999998 0)
(0.9625 0.7625000000000001 0)
(0.975 0.7625000000000001 0)
(0.9874999999999999 0.7624999999999998 0)
(1 0.7624999999999998 0)
(0 0.775 0)
(0.0125 0.775 0)
(0.025 0.775 0)
(0.0375 0.775 0)
(0.05000000000000001 0.775 0)
(0.0625 0.7749999999999999 0)
(0.075 0.775 0)
(0.08749999999999998 0.775 0)
(0.1 0.775 0)
(0.1125 0.775 0)
(0.125 0.775 0)
(0.1375 0.775 0)
(0.15 0.7749999999999999 0)
(0.1625 0.775 0)
(0.175 0.775 0)
(0.1875 0.775 0)
(0.2 0.775 0)
(0.2125 0.7749999999999999 0)
(0.225 0.775 0)
(0.2375 0.775 0)
(0.25 0.775 0)
(0.2625000000000001 0.775 0)
(0.275 0.775 0)
(0.2875 0.775 0)
(0.3 0.7749999999999999 0)
(0.3125 0.775 0)
(0.325 0.775 0)
(0.3375000000000001 0.775 0)
(0.3499999999999999 0.775 0)
(0.3625 0.775 0)
(0.375 0.7749999999999999 0)
(0.3875 0.775 0)
(0.4000000000000001 0.775 0)
(0.4124999999999999 0.775 0)
(0.425 0.775 0)
(0.4375 0.775 0)
(0.45 0.775 0)
(0.4625 0.775 0)
(0.475 0.775 0)
(0.4875 0.7749999999999999 0)
(0.5 0.775 0)
(0.5125 0.775 0)
(0.525 0.775 0)
(0.5375 0.775 0)
(0.55 0.775 0)
(0.5625 0.775 0)
(0.575 0.775 0)
(0.5875 0.775 0)
(0.6 0.7749999999999999 0)
(0.6124999999999999 0.7749999999999999 0)
(0.625 0.7749999999999999 0)
(0.6374999999999998 0.775 0)
(0.65 0.775 0)
(0.6625 0.775 0)
(0.6750000000000002 0.775 0)
(0.6875 0.7749999999999999 0)
(0.6999999999999998 0.775 0)
(0.7125 0.775 0)
(0.725 0.775 0)
(0.7375000000000002 0.775 0)
(0.75 0.775 0)
(0.7625000000000001 0.775 0)
(0.775 0.775 0)
(0.7875 0.7749999999999999 0)
(0.8000000000000002 0.775 0)
(0.8125 0.7750000000000002 0)
(0.8249999999999998 0.775 0)
(0.8375 0.775 0)
(0.85 0.775 0)
(0.8625000000000002 0.775 0)
(0.875 0.7749999999999999 0)
(0.8874999999999998 0.775 0)
(0.9 0.775 0)
(0.9125 0.775 0)
(0.9249999999999999 0.775 0)
(0.9375 0.7749999999999999 0)
(0.9500000000000001 0.7749999999999999 0)
(0.9625 0.7749999999999999 0)
(0.975 0.775 0)
(0.9875000000000002 0.775 0)
(1 0.775 0)
(0 0.7875 0)
(0.0125 0.7875000000000001 0)
(0.025 0.7875 0)
(0.0375 0.7875 0)
(0.05 0.7875 0)
(0.0625 0.7875000000000001 0)
(0.075 0.7875 0)
(0.08749999999999998 0.7875 0)
(0.09999999999999999 0.7875 0)
(0.1125 0.7875 0)
(0.125 0.7875 0)
(0.1375 0.7875000000000001 0)
(0.15 0.7875 0)
(0.1625 0.7875 0)
(0.175 0.7875 0)
(0.1875 0.7875 0)
(0.2 0.7875 0)
(0.2125 0.7875 0)
(0.225 0.7875000000000001 0)
(0.2375 0.7875 0)
(0.25 0.7875 0)
(0.2625 0.7875000000000001 0)
(0.275 0.7875 0)
(0.2874999999999999 0.7875 0)
(0.3 0.7875 0)
(0.3125 0.7875 0)
(0.325 0.7875000000000001 0)
(0.3375000000000001 0.7875000000000001 0)
(0.3499999999999999 0.7875 0)
(0.3625 0.7875 0)
(0.375 0.7875000000000001 0)
(0.3875 0.7875000000000001 0)
(0.4 0.7875 0)
(0.4124999999999999 0.7875 0)
(0.425 0.7875 0)
(0.4375 0.7875 0)
(0.45 0.7875000000000001 0)
(0.4625000000000001 0.7875 0)
(0.4749999999999999 0.7875 0)
(0.4875 0.7875 0)
(0.5 0.7875 0)
(0.5125 0.7875 0)
(0.525 0.7875000000000001 0)
(0.5375 0.7875 0)
(0.55 0.7875000000000001 0)
(0.5625 0.7875000000000001 0)
(0.5749999999999998 0.7875 0)
(0.5875 0.7875 0)
(0.6 0.7875 0)
(0.6125 0.7875 0)
(0.625 0.7875000000000001 0)
(0.6375 0.7875000000000001 0)
(0.65 0.7874999999999998 0)
(0.6625 0.7875 0)
(0.6750000000000002 0.7875000000000001 0)
(0.6875 0.7875000000000001 0)
(0.6999999999999998 0.7875 0)
(0.7125 0.7875 0)
(0.725 0.7875000000000001 0)
(0.7375000000000002 0.7875 0)
(0.75 0.7875 0)
(0.7625000000000001 0.7875000000000001 0)
(0.775 0.7875000000000001 0)
(0.7875 0.7875000000000001 0)
(0.7999999999999999 0.7875 0)
(0.8125 0.7874999999999998 0)
(0.8249999999999998 0.7875 0)
(0.8375 0.7875 0)
(0.85 0.7875 0)
(0.8625000000000002 0.7875 0)
(0.875 0.7875000000000001 0)
(0.8874999999999998 0.7875 0)
(0.9 0.7875 0)
(0.9125 0.7875 0)
(0.9250000000000002 0.7875 0)
(0.9375 0.7875000000000001 0)
(0.9499999999999998 0.7875000000000001 0)
(0.9624999999999999 0.7875 0)
(0.975 0.7875 0)
(0.9875000000000002 0.7875 0)
(1 0.7875 0)
(0 0.8000000000000002 0)
(0.0125 0.8000000000000002 0)
(0.025 0.8000000000000002 0)
(0.0375 0.8000000000000002 0)
(0.05000000000000001 0.8000000000000002 0)
(0.0625 0.8000000000000002 0)
(0.075 0.8000000000000002 0)
(0.08749999999999998 0.8000000000000002 0)
(0.1 0.8000000000000002 0)
(0.1125 0.8000000000000002 0)
(0.125 0.8000000000000002 0)
(0.1375 0.8000000000000002 0)
(0.15 0.8000000000000002 0)
(0.1625 0.7999999999999999 0)
(0.175 0.7999999999999999 0)
(0.1875 0.7999999999999999 0)
(0.2 0.8000000000000003 0)
(0.2125 0.7999999999999999 0)
(0.225 0.8000000000000002 0)
(0.2375 0.7999999999999999 0)
(0.25 0.8000000000000002 0)
(0.2625 0.8000000000000002 0)
(0.275 0.7999999999999999 0)
(0.2875 0.8000000000000002 0)
(0.3 0.7999999999999999 0)
(0.3125 0.8000000000000002 0)
(0.325 0.8000000000000002 0)
(0.3375000000000001 0.8000000000000002 0)
(0.3499999999999999 0.8000000000000002 0)
(0.3625 0.8000000000000002 0)
(0.375 0.8000000000000002 0)
(0.3875 0.8000000000000002 0)
(0.4000000000000001 0.8000000000000002 0)
(0.4125 0.8000000000000002 0)
(0.425 0.8000000000000002 0)
(0.4375 0.8000000000000002 0)
(0.45 0.8000000000000002 0)
(0.4625000000000001 0.8000000000000002 0)
(0.4749999999999999 0.7999999999999999 0)
(0.4875 0.8000000000000002 0)
(0.5 0.7999999999999999 0)
(0.5125 0.8000000000000002 0)
(0.525 0.7999999999999999 0)
(0.5375 0.8000000000000002 0)
(0.5499999999999999 0.7999999999999999 0)
(0.5625 0.8000000000000002 0)
(0.575 0.8000000000000002 0)
(0.5875 0.8000000000000002 0)
(0.6 0.8000000000000002 0)
(0.6125 0.8000000000000002 0)
(0.625 0.8000000000000002 0)
(0.6375 0.8000000000000002 0)
(0.65 0.7999999999999999 0)
(0.6625 0.7999999999999999 0)
(0.6750000000000002 0.7999999999999999 0)
(0.6875 0.8000000000000002 0)
(0.6999999999999998 0.8000000000000002 0)
(0.7125 0.7999999999999999 0)
(0.725 0.8000000000000002 0)
(0.7375000000000002 0.8000000000000002 0)
(0.75 0.8000000000000002 0)
(0.7624999999999998 0.7999999999999999 0)
(0.775 0.8000000000000002 0)
(0.7875 0.7999999999999999 0)
(0.8000000000000002 0.8000000000000002 0)
(0.8125 0.7999999999999999 0)
(0.8250000000000001 0.8000000000000002 0)
(0.8375 0.7999999999999999 0)
(0.85 0.8000000000000002 0)
(0.8624999999999999 0.7999999999999999 0)
(0.875 0.8000000000000002 0)
(0.8874999999999998 0.7999999999999999 0)
(0.9 0.8000000000000002 0)
(0.9125 0.7999999999999999 0)
(0.9250000000000002 0.8000000000000002 0)
(0.9375 0.7999999999999999 0)
(0.9499999999999998 0.8000000000000002 0)
(0.9624999999999999 0.7999999999999999 0)
(0.975 0.7999999999999999 0)
(0.9874999999999999 0.7999999999999999 0)
(1 0.8000000000000002 0)
(0 0.8125 0)
(0.0125 0.8125 0)
(0.025 0.8124999999999999 0)
(0.0375 0.8125000000000001 0)
(0.05 0.8125 0)
(0.0625 0.8125 0)
(0.075 0.8125 0)
(0.08750000000000001 0.8124999999999999 0)
(0.09999999999999999 0.8125000000000001 0)
(0.1125 0.8125 0)
(0.125 0.8125 0)
(0.1375 0.8125 0)
(0.15 0.8124999999999999 0)
(0.1625 0.8125000000000001 0)
(0.175 0.8125 0)
(0.1875 0.8125 0)
(0.2 0.8125 0)
(0.2125 0.8125 0)
(0.225 0.8125000000000001 0)
(0.2375 0.8125 0)
(0.25 0.8125 0)
(0.2625 0.8125 0)
(0.275 0.8125 0)
(0.2875 0.8125000000000001 0)
(0.3 0.8125 0)
(0.3125 0.8125 0)
(0.325 0.8125 0)
(0.3375 0.8125 0)
(0.35 0.8125000000000001 0)
(0.3625 0.8125 0)
(0.375 0.8125 0)
(0.3875 0.8125 0)
(0.4 0.8125 0)
(0.4125 0.8125 0)
(0.425 0.8125 0)
(0.4375 0.8125 0)
(0.45 0.8125 0)
(0.4625 0.8125 0)
(0.475 0.8125 0)
(0.4875 0.8125 0)
(0.5 0.8125 0)
(0.5125000000000001 0.8125 0)
(0.525 0.8125 0)
(0.5375 0.8125 0)
(0.5499999999999999 0.8125 0)
(0.5625 0.8125 0)
(0.5750000000000001 0.8125 0)
(0.5875 0.8125 0)
(0.6 0.8125 0)
(0.6124999999999999 0.8125 0)
(0.625 0.8125 0)
(0.6375000000000001 0.8125 0)
(0.65 0.8125 0)
(0.6625 0.8125 0)
(0.6749999999999999 0.8125 0)
(0.6875 0.8125 0)
(0.7000000000000001 0.8125 0)
(0.7125 0.8125 0)
(0.725 0.8125 0)
(0.7374999999999999 0.8125 0)
(0.75 0.8125 0)
(0.7625000000000001 0.8125 0)
(0.775 0.8125 0)
(0.7875 0.8125 0)
(0.7999999999999999 0.8125 0)
(0.8125 0.8125 0)
(0.8250000000000001 0.8125 0)
(0.8375 0.8125 0)
(0.85 0.8125 0)
(0.8624999999999999 0.8125 0)
(0.875 0.8125 0)
(0.8875000000000001 0.8125 0)
(0.9 0.8125 0)
(0.9125 0.8125 0)
(0.9249999999999999 0.8125 0)
(0.9375 0.8125 0)
(0.9500000000000001 0.8125 0)
(0.9625000000000002 0.8125 0)
(0.9749999999999998 0.8125 0)
(0.9874999999999999 0.8125 0)
(1 0.8125 0)
(0 0.8249999999999998 0)
(0.0125 0.8249999999999998 0)
(0.025 0.8249999999999998 0)
(0.0375 0.8250000000000001 0)
(0.05000000000000001 0.8249999999999998 0)
(0.0625 0.8249999999999998 0)
(0.075 0.8249999999999998 0)
(0.08749999999999998 0.8250000000000001 0)
(0.1 0.8249999999999998 0)
(0.1125 0.8249999999999998 0)
(0.125 0.8249999999999998 0)
(0.1375 0.8250000000000001 0)
(0.15 0.8249999999999998 0)
(0.1625 0.8249999999999998 0)
(0.175 0.8249999999999998 0)
(0.1875 0.8250000000000001 0)
(0.2 0.8250000000000001 0)
(0.2125 0.8249999999999998 0)
(0.225 0.8249999999999998 0)
(0.2375 0.8249999999999998 0)
(0.25 0.8249999999999998 0)
(0.2625 0.8249999999999998 0)
(0.275 0.8249999999999998 0)
(0.2875 0.8249999999999998 0)
(0.3 0.8250000000000001 0)
(0.3125 0.8249999999999998 0)
(0.325 0.8249999999999998 0)
(0.3375000000000001 0.8249999999999998 0)
(0.3499999999999999 0.8249999999999998 0)
(0.3625 0.8250000000000001 0)
(0.375 0.8249999999999998 0)
(0.3875 0.8250000000000002 0)
(0.4000000000000001 0.8250000000000001 0)
(0.4125 0.8250000000000001 0)
(0.425 0.8249999999999998 0)
(0.4375 0.8249999999999998 0)
(0.45 0.8249999999999998 0)
(0.4625000000000001 0.8249999999999998 0)
(0.475 0.8250000000000001 0)
(0.4875 0.8249999999999998 0)
(0.5 0.8250000000000001 0)
(0.5124999999999998 0.8250000000000001 0)
(0.525 0.8249999999999998 0)
(0.5375 0.8249999999999998 0)
(0.5499999999999999 0.8249999999999998 0)
(0.5625 0.8249999999999998 0)
(0.575 0.8249999999999998 0)
(0.5875 0.8250000000000001 0)
(0.6 0.8250000000000001 0)
(0.6125 0.8250000000000001 0)
(0.625 0.8249999999999998 0)
(0.6375 0.8249999999999998 0)
(0.65 0.8249999999999998 0)
(0.6625 0.8249999999999998 0)
(0.6750000000000002 0.8250000000000001 0)
(0.6875 0.8249999999999998 0)
(0.6999999999999998 0.8250000000000001 0)
(0.7125 0.8250000000000001 0)
(0.725 0.8250000000000001 0)
(0.7375000000000002 0.8249999999999998 0)
(0.75 0.8249999999999998 0)
(0.7625000000000001 0.8249999999999998 0)
(0.775 0.8249999999999998 0)
(0.7875 0.8250000000000001 0)
(0.8000000000000002 0.8250000000000001 0)
(0.8125 0.8250000000000001 0)
(0.8250000000000001 0.8250000000000001 0)
(0.8375 0.8249999999999998 0)
(0.85 0.8249999999999998 0)
(0.8624999999999999 0.8249999999999998 0)
(0.875 0.8249999999999998 0)
(0.8874999999999998 0.8249999999999998 0)
(0.9 0.8250000000000001 0)
(0.9125000000000001 0.8250000000000001 0)
(0.9250000000000002 0.8250000000000001 0)
(0.9375 0.8250000000000001 0)
(0.9500000000000001 0.8250000000000001 0)
(0.9625 0.8249999999999998 0)
(0.975 0.8249999999999998 0)
(0.9875000000000002 0.8250000000000001 0)
(1 0.8249999999999998 0)
(0 0.8375 0)
(0.0125 0.8375 0)
(0.025 0.8375 0)
(0.0375 0.8375 0)
(0.05 0.8375 0)
(0.0625 0.8374999999999999 0)
(0.075 0.8375 0)
(0.08750000000000001 0.8374999999999999 0)
(0.09999999999999999 0.8375 0)
(0.1125 0.8375 0)
(0.125 0.8375 0)
(0.1375 0.8375 0)
(0.15 0.8374999999999999 0)
(0.1625 0.8375 0)
(0.175 0.8374999999999999 0)
(0.1875 0.8375 0)
(0.2 0.8375 0)
(0.2125 0.8375 0)
(0.225 0.8375 0)
(0.2375 0.8375 0)
(0.25 0.8375 0)
(0.2625 0.8374999999999999 0)
(0.275 0.8375 0)
(0.2875 0.8375 0)
(0.3 0.8375 0)
(0.3125 0.8375 0)
(0.325 0.8375 0)
(0.3375000000000001 0.8375 0)
(0.3499999999999999 0.8374999999999999 0)
(0.3625 0.8375 0)
(0.375 0.8374999999999999 0)
(0.3875 0.8375 0)
(0.4 0.8374999999999999 0)
(0.4124999999999999 0.8375 0)
(0.425 0.8375 0)
(0.4375 0.8375 0)
(0.45 0.8375 0)
(0.4625000000000001 0.8375 0)
(0.4749999999999999 0.8375 0)
(0.4875 0.8374999999999999 0)
(0.5 0.8375 0)
(0.5125 0.8375 0)
(0.525 0.8375 0)
(0.5375 0.8374999999999999 0)
(0.55 0.8375 0)
(0.5625 0.8374999999999999 0)
(0.575 0.8375 0)
(0.5875 0.8375 0)
(0.6 0.8375 0)
(0.6125000000000002 0.8375000000000002 0)
(0.625 0.8374999999999999 0)
(0.6375 0.8375 0)
(0.65 0.8375 0)
(0.6625 0.8374999999999999 0)
(0.6750000000000002 0.8375 0)
(0.6875 0.8374999999999999 0)
(0.6999999999999998 0.8375 0)
(0.7125 0.8375 0)
(0.725 0.8375 0)
(0.7375000000000002 0.8375 0)
(0.75 0.8375 0)
(0.7624999999999998 0.8374999999999999 0)
(0.775 0.8374999999999999 0)
(0.7875 0.8375000000000002 0)
(0.7999999999999999 0.8374999999999999 0)
(0.8125 0.8375000000000002 0)
(0.8249999999999998 0.8375 0)
(0.8375 0.8375 0)
(0.85 0.8374999999999999 0)
(0.8625000000000002 0.8375 0)
(0.875 0.8374999999999999 0)
(0.8875000000000001 0.8375 0)
(0.9 0.8374999999999999 0)
(0.9125 0.8375 0)
(0.9250000000000002 0.8375 0)
(0.9375 0.8374999999999999 0)
(0.9499999999999998 0.8375 0)
(0.9625 0.8375 0)
(0.975 0.8375 0)
(0.9875000000000002 0.8374999999999999 0)
(1 0.8375 0)
(0 0.85 0)
(0.0125 0.8500000000000001 0)
(0.025 0.85 0)
(0.0375 0.85 0)
(0.05000000000000001 0.85 0)
(0.0625 0.8500000000000001 0)
(0.07500000000000001 0.85 0)
(0.08749999999999998 0.85 0)
(0.1 0.85 0)
(0.1125 0.85 0)
(0.125 0.85 0)
(0.1375 0.8500000000000001 0)
(0.15 0.85 0)
(0.1625 0.8500000000000001 0)
(0.175 0.85 0)
(0.1875 0.85 0)
(0.2 0.8500000000000001 0)
(0.2125 0.85 0)
(0.225 0.85 0)
(0.2375 0.85 0)
(0.25 0.85 0)
(0.2625000000000001 0.8500000000000001 0)
(0.275 0.8500000000000001 0)
(0.2875 0.85 0)
(0.3 0.85 0)
(0.3125 0.85 0)
(0.325 0.8500000000000001 0)
(0.3375000000000001 0.85 0)
(0.3499999999999999 0.85 0)
(0.3625 0.85 0)
(0.375 0.8500000000000001 0)
(0.3875 0.85 0)
(0.4000000000000001 0.85 0)
(0.4124999999999999 0.8500000000000001 0)
(0.425 0.8500000000000001 0)
(0.4375 0.85 0)
(0.45 0.85 0)
(0.4625 0.8500000000000001 0)
(0.475 0.85 0)
(0.4875 0.85 0)
(0.5 0.85 0)
(0.5125 0.8500000000000001 0)
(0.525 0.85 0)
(0.5375 0.85 0)
(0.55 0.85 0)
(0.5625 0.8500000000000001 0)
(0.575 0.85 0)
(0.5875 0.8500000000000001 0)
(0.6 0.85 0)
(0.6124999999999999 0.85 0)
(0.625 0.8500000000000001 0)
(0.6375000000000001 0.8500000000000001 0)
(0.65 0.85 0)
(0.6625 0.85 0)
(0.6750000000000002 0.85 0)
(0.6875 0.8500000000000001 0)
(0.6999999999999998 0.85 0)
(0.7125 0.8499999999999998 0)
(0.725 0.8500000000000001 0)
(0.7375000000000002 0.8500000000000001 0)
(0.75 0.85 0)
(0.7624999999999998 0.85 0)
(0.775 0.85 0)
(0.7875 0.85 0)
(0.8000000000000002 0.8500000000000001 0)
(0.8125 0.8499999999999998 0)
(0.8249999999999998 0.8500000000000001 0)
(0.8375 0.8500000000000001 0)
(0.85 0.85 0)
(0.8625000000000002 0.85 0)
(0.875 0.8500000000000001 0)
(0.8874999999999998 0.85 0)
(0.9 0.85 0)
(0.9125000000000001 0.85 0)
(0.9249999999999999 0.85 0)
(0.9375 0.8500000000000001 0)
(0.9500000000000001 0.8500000000000001 0)
(0.9625 0.85 0)
(0.975 0.8500000000000001 0)
(0.9874999999999999 0.85 0)
(1 0.85 0)
(0 0.8625000000000002 0)
(0.0125 0.8625000000000002 0)
(0.025 0.8624999999999999 0)
(0.0375 0.8624999999999999 0)
(0.05000000000000001 0.8625000000000002 0)
(0.0625 0.8625000000000002 0)
(0.075 0.8625000000000002 0)
(0.08749999999999998 0.8625000000000002 0)
(0.09999999999999999 0.8625000000000002 0)
(0.1125 0.8625000000000002 0)
(0.125 0.8625000000000002 0)
(0.1375 0.8625000000000002 0)
(0.15 0.8625000000000002 0)
(0.1625 0.8625000000000002 0)
(0.175 0.8624999999999999 0)
(0.1875 0.8624999999999999 0)
(0.2 0.8625000000000002 0)
(0.2125 0.8625000000000002 0)
(0.225 0.8625000000000002 0)
(0.2375 0.8624999999999999 0)
(0.25 0.8625000000000002 0)
(0.2625000000000001 0.8625000000000003 0)
(0.275 0.8625000000000002 0)
(0.2875 0.8625000000000002 0)
(0.3 0.8625000000000002 0)
(0.3125 0.8625000000000002 0)
(0.325 0.8625000000000002 0)
(0.3375000000000001 0.8624999999999999 0)
(0.3499999999999999 0.8624999999999999 0)
(0.3625 0.8624999999999999 0)
(0.375 0.8625000000000002 0)
(0.3875 0.8625000000000002 0)
(0.4 0.8624999999999999 0)
(0.4124999999999999 0.8625000000000002 0)
(0.425 0.8625000000000002 0)
(0.4375 0.8625000000000002 0)
(0.45 0.8625000000000002 0)
(0.4625000000000001 0.8625000000000002 0)
(0.4749999999999999 0.8625000000000002 0)
(0.4875 0.8624999999999999 0)
(0.5 0.8624999999999999 0)
(0.5124999999999998 0.8624999999999999 0)
(0.525 0.8624999999999999 0)
(0.5375 0.8624999999999999 0)
(0.55 0.8625000000000002 0)
(0.5625 0.8625000000000002 0)
(0.575 0.8625000000000002 0)
(0.5874999999999999 0.8625000000000002 0)
(0.6 0.8625000000000002 0)
(0.6125 0.8624999999999999 0)
(0.625 0.8625000000000002 0)
(0.6375 0.8625000000000002 0)
(0.65 0.8624999999999999 0)
(0.6625 0.8624999999999999 0)
(0.6750000000000002 0.8625000000000002 0)
(0.6875 0.8625000000000002 0)
(0.6999999999999998 0.8625000000000002 0)
(0.7125 0.8625000000000002 0)
(0.725 0.8625000000000002 0)
(0.7375000000000002 0.8625000000000002 0)
(0.75 0.8625000000000002 0)
(0.7624999999999998 0.8625000000000002 0)
(0.775 0.8624999999999999 0)
(0.7875 0.8624999999999999 0)
(0.7999999999999999 0.8624999999999999 0)
(0.8125 0.8624999999999999 0)
(0.8249999999999998 0.8624999999999999 0)
(0.8375 0.8624999999999999 0)
(0.85 0.8624999999999999 0)
(0.8625000000000002 0.8625000000000002 0)
(0.875 0.8625000000000002 0)
(0.8875000000000001 0.8625000000000002 0)
(0.9 0.8625000000000002 0)
(0.9125000000000001 0.8625000000000002 0)
(0.9250000000000002 0.8624999999999999 0)
(0.9375 0.8624999999999999 0)
(0.9499999999999998 0.8624999999999999 0)
(0.9624999999999999 0.8624999999999999 0)
(0.975 0.8624999999999999 0)
(0.9875000000000002 0.8625000000000002 0)
(1 0.8625000000000002 0)
(0 0.875 0)
(0.0125 0.8750000000000001 0)
(0.025 0.875 0)
(0.0375 0.875 0)
(0.05000000000000001 0.8749999999999999 0)
(0.0625 0.875 0)
(0.075 0.8750000000000001 0)
(0.08749999999999998 0.875 0)
(0.1 0.875 0)
(0.1125 0.8749999999999999 0)
(0.125 0.875 0)
(0.1375 0.8750000000000001 0)
(0.15 0.875 0)
(0.1625 0.875 0)
(0.175 0.875 0)
(0.1875 0.875 0)
(0.2 0.8750000000000001 0)
(0.2125 0.875 0)
(0.225 0.875 0)
(0.2375 0.875 0)
(0.25 0.875 0)
(0.2625000000000001 0.8750000000000001 0)
(0.2750000000000001 0.875 0)
(0.2874999999999999 0.875 0)
(0.3 0.8749999999999999 0)
(0.3125 0.875 0)
(0.325 0.8750000000000001 0)
(0.3375000000000001 0.875 0)
(0.3499999999999999 0.875 0)
(0.3625 0.8749999999999999 0)
(0.375 0.875 0)
(0.3875 0.8750000000000001 0)
(0.4000000000000001 0.875 0)
(0.4124999999999999 0.875 0)
(0.425 0.8749999999999999 0)
(0.4375 0.875 0)
(0.45 0.8750000000000001 0)
(0.4625000000000001 0.875 0)
(0.4749999999999999 0.875 0)
(0.4875 0.8749999999999999 0)
(0.5 0.875 0)
(0.5124999999999998 0.875 0)
(0.525 0.875 0)
(0.5375 0.875 0)
(0.5500000000000002 0.875 0)
(0.5625 0.875 0)
(0.5749999999999998 0.875 0)
(0.5875 0.875 0)
(0.6 0.875 0)
(0.6125000000000002 0.875 0)
(0.625 0.875 0)
(0.6374999999999998 0.875 0)
(0.65 0.875 0)
(0.6625 0.875 0)
(0.6750000000000002 0.875 0)
(0.6875 0.875 0)
(0.6999999999999998 0.875 0)
(0.7125 0.875 0)
(0.725 0.875 0)
(0.7375000000000002 0.875 0)
(0.75 0.875 0)
(0.7624999999999998 0.875 0)
(0.775 0.875 0)
(0.7875 0.875 0)
(0.8000000000000002 0.875 0)
(0.8125 0.875 0)
(0.8249999999999998 0.875 0)
(0.8375 0.875 0)
(0.85 0.875 0)
(0.8625000000000002 0.875 0)
(0.875 0.875 0)
(0.8874999999999998 0.875 0)
(0.9 0.875 0)
(0.9125 0.875 0)
(0.9250000000000002 0.875 0)
(0.9375 0.875 0)
(0.9499999999999998 0.875 0)
(0.9625 0.875 0)
(0.975 0.875 0)
(0.9875000000000002 0.875 0)
(1 0.875 0)
(0 0.8874999999999998 0)
(0.0125 0.8874999999999998 0)
(0.025 0.8874999999999998 0)
(0.0375 0.8874999999999998 0)
(0.05000000000000001 0.8874999999999998 0)
(0.0625 0.8874999999999998 0)
(0.075 0.8875000000000001 0)
(0.08750000000000001 0.8874999999999998 0)
(0.1 0.8875000000000001 0)
(0.1125 0.8874999999999998 0)
(0.125 0.8874999999999998 0)
(0.1375 0.8875000000000001 0)
(0.15 0.8874999999999998 0)
(0.1625 0.8875000000000001 0)
(0.175 0.8874999999999998 0)
(0.1875 0.8875000000000001 0)
(0.2 0.8874999999999998 0)
(0.2125 0.8874999999999998 0)
(0.225 0.8874999999999998 0)
(0.2375 0.8874999999999998 0)
(0.25 0.8874999999999998 0)
(0.2625 0.8874999999999998 0)
(0.2750000000000001 0.8875000000000001 0)
(0.2875 0.8875000000000001 0)
(0.3 0.8874999999999998 0)
(0.3125 0.8874999999999998 0)
(0.325 0.8875000000000002 0)
(0.3375000000000001 0.8874999999999998 0)
(0.35 0.8874999999999998 0)
(0.3625 0.8874999999999998 0)
(0.375 0.8874999999999998 0)
(0.3875 0.8874999999999998 0)
(0.4000000000000001 0.8874999999999998 0)
(0.4124999999999999 0.8874999999999998 0)
(0.425 0.8874999999999998 0)
(0.4375 0.8874999999999998 0)
(0.45 0.8875000000000001 0)
(0.4625 0.8875000000000001 0)
(0.4749999999999999 0.8874999999999998 0)
(0.4875 0.8874999999999998 0)
(0.5 0.8875000000000001 0)
(0.5125 0.8874999999999998 0)
(0.525 0.8874999999999998 0)
(0.5375 0.8875000000000001 0)
(0.5500000000000002 0.8875000000000001 0)
(0.5625 0.8874999999999998 0)
(0.575 0.8874999999999998 0)
(0.5875 0.8875000000000001 0)
(0.6 0.8875000000000001 0)
(0.6124999999999999 0.8874999999999998 0)
(0.625 0.8874999999999998 0)
(0.6375 0.8875000000000001 0)
(0.65 0.8874999999999998 0)
(0.6625 0.8874999999999998 0)
(0.6750000000000002 0.8875000000000001 0)
(0.6875 0.8874999999999998 0)
(0.7000000000000001 0.8874999999999998 0)
(0.7125 0.8874999999999998 0)
(0.725 0.8875000000000001 0)
(0.7375000000000002 0.8875000000000001 0)
(0.75 0.8874999999999998 0)
(0.7625000000000001 0.8875000000000001 0)
(0.775 0.8875000000000001 0)
(0.7875 0.8874999999999998 0)
(0.8000000000000002 0.8874999999999998 0)
(0.8125 0.8875000000000001 0)
(0.8249999999999998 0.8874999999999998 0)
(0.8375 0.8874999999999998 0)
(0.85 0.8875000000000001 0)
(0.8625000000000002 0.8875000000000001 0)
(0.875 0.8874999999999998 0)
(0.8874999999999998 0.8875000000000001 0)
(0.9 0.8875000000000001 0)
(0.9125 0.8875000000000001 0)
(0.9249999999999999 0.8874999999999998 0)
(0.9375 0.8875000000000001 0)
(0.9499999999999998 0.8875000000000001 0)
(0.9625 0.8874999999999998 0)
(0.975 0.8874999999999998 0)
(0.9875000000000002 0.8875000000000001 0)
(1 0.8874999999999998 0)
(0 0.9 0)
(0.0125 0.9 0)
(0.025 0.8999999999999999 0)
(0.0375 0.9 0)
(0.05000000000000001 0.8999999999999999 0)
(0.0625 0.8999999999999999 0)
(0.075 0.8999999999999999 0)
(0.08750000000000001 0.9 0)
(0.1 0.9 0)
(0.1125 0.9 0)
(0.125 0.9 0)
(0.1375 0.9 0)
(0.15 0.9 0)
(0.1625 0.9 0)
(0.175 0.9 0)
(0.1875 0.9 0)
(0.2 0.9 0)
(0.2125 0.9 0)
(0.225 0.9 0)
(0.2375 0.9 0)
(0.25 0.9 0)
(0.2625 0.9 0)
(0.275 0.8999999999999999 0)
(0.2874999999999999 0.8999999999999999 0)
(0.3 0.9 0)
(0.3125 0.8999999999999999 0)
(0.325 0.9 0)
(0.3375 0.8999999999999999 0)
(0.35 0.9 0)
(0.3625 0.8999999999999999 0)
(0.375 0.8999999999999999 0)
(0.3875 0.8999999999999999 0)
(0.4000000000000001 0.9 0)
(0.4124999999999999 0.8999999999999999 0)
(0.425 0.9 0)
(0.4375 0.9 0)
(0.45 0.9 0)
(0.4625000000000001 0.9 0)
(0.4749999999999999 0.9 0)
(0.4875 0.9 0)
(0.5 0.9 0)
(0.5125 0.9 0)
(0.525 0.9 0)
(0.5375 0.9 0)
(0.55 0.8999999999999999 0)
(0.5625 0.8999999999999999 0)
(0.5749999999999998 0.9 0)
(0.5875 0.9 0)
(0.6 0.9 0)
(0.6125 0.9 0)
(0.625 0.8999999999999999 0)
(0.6375 0.9 0)
(0.65 0.9 0)
(0.6625 0.9 0)
(0.6749999999999999 0.8999999999999999 0)
(0.6875 0.8999999999999999 0)
(0.7000000000000001 0.9 0)
(0.7125 0.8999999999999999 0)
(0.725 0.8999999999999999 0)
(0.7375000000000002 0.9 0)
(0.75 0.9 0)
(0.7624999999999998 0.9 0)
(0.775 0.9 0)
(0.7875 0.9 0)
(0.8000000000000002 0.9000000000000002 0)
(0.8125 0.9000000000000002 0)
(0.8249999999999998 0.9 0)
(0.8375 0.9 0)
(0.85 0.9000000000000002 0)
(0.8625000000000002 0.8999999999999999 0)
(0.875 0.8999999999999999 0)
(0.8874999999999998 0.8999999999999999 0)
(0.9 0.9 0)
(0.9125 0.8999999999999999 0)
(0.9250000000000002 0.9 0)
(0.9375 0.8999999999999999 0)
(0.9499999999999998 0.9 0)
(0.9625 0.9 0)
(0.975 0.9 0)
(0.9874999999999999 0.9 0)
(1 0.9 0)
(0 0.9125 0)
(0.0125 0.9125 0)
(0.025 0.9125 0)
(0.0375 0.9125 0)
(0.05000000000000001 0.9125 0)
(0.0625 0.9125000000000001 0)
(0.075 0.9125000000000001 0)
(0.08749999999999998 0.9125 0)
(0.1 0.9125 0)
(0.1125 0.9125 0)
(0.125 0.9125 0)
(0.1375 0.9125 0)
(0.15 0.9125 0)
(0.1625 0.9125 0)
(0.175 0.9125 0)
(0.1875 0.9125 0)
(0.2 0.9125000000000001 0)
(0.2125 0.9125 0)
(0.225 0.9125 0)
(0.2375 0.9125 0)
(0.25 0.9125 0)
(0.2625 0.9125 0)
(0.275 0.9125000000000001 0)
(0.2875 0.9125 0)
(0.3 0.9125 0)
(0.3125 0.9125000000000001 0)
(0.325 0.9125 0)
(0.3375000000000001 0.9125000000000001 0)
(0.3499999999999999 0.9125000000000001 0)
(0.3625 0.9125 0)
(0.375 0.9125000000000001 0)
(0.3875 0.9125000000000001 0)
(0.4000000000000001 0.9125 0)
(0.4125 0.9125000000000001 0)
(0.425 0.9125 0)
(0.4375 0.9125 0)
(0.45 0.9125000000000001 0)
(0.4625000000000001 0.9125 0)
(0.475 0.9125 0)
(0.4875 0.9125 0)
(0.5 0.9125 0)
(0.5125 0.9125 0)
(0.525 0.9125000000000001 0)
(0.5375 0.9125 0)
(0.55 0.9125000000000001 0)
(0.5625 0.9125000000000001 0)
(0.575 0.9125 0)
(0.5875 0.9125000000000001 0)
(0.6 0.9125 0)
(0.6125000000000002 0.9125000000000001 0)
(0.625 0.9125000000000001 0)
(0.6375000000000001 0.9125 0)
(0.65 0.9125000000000001 0)
(0.6625 0.9125000000000001 0)
(0.6750000000000002 0.9125 0)
(0.6875 0.9125000000000001 0)
(0.6999999999999998 0.9125000000000001 0)
(0.7125 0.9125 0)
(0.725 0.9125000000000001 0)
(0.7374999999999999 0.9124999999999998 0)
(0.75 0.9125 0)
(0.7624999999999998 0.9125 0)
(0.775 0.9124999999999998 0)
(0.7875 0.9125 0)
(0.8000000000000002 0.9125 0)
(0.8125 0.9124999999999998 0)
(0.8250000000000001 0.9125000000000001 0)
(0.8375 0.9125 0)
(0.85 0.9125 0)
(0.8625000000000002 0.9125000000000001 0)
(0.875 0.9125000000000001 0)
(0.8874999999999998 0.9125 0)
(0.9 0.9125000000000001 0)
(0.9125 0.9125000000000001 0)
(0.9250000000000002 0.9125 0)
(0.9375 0.9125000000000001 0)
(0.9500000000000001 0.9125000000000001 0)
(0.9625 0.9125 0)
(0.975 0.9125000000000001 0)
(0.9875000000000002 0.9125 0)
(1 0.9125 0)
(0 0.9250000000000002 0)
(0.0125 0.9250000000000002 0)
(0.025 0.9250000000000002 0)
(0.0375 0.9250000000000002 0)
(0.05000000000000001 0.9249999999999999 0)
(0.0625 0.9250000000000002 0)
(0.075 0.9250000000000002 0)
(0.08749999999999998 0.9250000000000002 0)
(0.1 0.9250000000000002 0)
(0.1125 0.9249999999999999 0)
(0.125 0.9250000000000002 0)
(0.1375 0.9250000000000002 0)
(0.15 0.9249999999999999 0)
(0.1625 0.9250000000000002 0)
(0.175 0.9249999999999999 0)
(0.1875 0.9249999999999999 0)
(0.2 0.9250000000000002 0)
(0.2125 0.9249999999999999 0)
(0.225 0.9249999999999999 0)
(0.2375 0.9250000000000002 0)
(0.25 0.9250000000000002 0)
(0.2625 0.9250000000000002 0)
(0.275 0.9250000000000002 0)
(0.2874999999999999 0.9250000000000002 0)
(0.3 0.9249999999999999 0)
(0.3125 0.9250000000000002 0)
(0.3250000000000001 0.9250000000000003 0)
(0.3375000000000001 0.9249999999999999 0)
(0.3499999999999999 0.9250000000000002 0)
(0.3625 0.9250000000000002 0)
(0.375 0.9250000000000002 0)
(0.3875 0.9250000000000002 0)
(0.4000000000000001 0.9250000000000002 0)
(0.4124999999999999 0.9249999999999999 0)
(0.425 0.9249999999999999 0)
(0.4375 0.9250000000000002 0)
(0.45 0.9250000000000002 0)
(0.4625000000000001 0.9249999999999999 0)
(0.475 0.9250000000000002 0)
(0.4875 0.9249999999999999 0)
(0.5 0.9249999999999999 0)
(0.5125 0.9250000000000002 0)
(0.525 0.9250000000000002 0)
(0.5375 0.9249999999999999 0)
(0.55 0.9249999999999999 0)
(0.5625 0.9250000000000002 0)
(0.5749999999999998 0.9249999999999999 0)
(0.5875 0.9249999999999999 0)
(0.6 0.9250000000000002 0)
(0.6125 0.9250000000000002 0)
(0.625 0.9250000000000002 0)
(0.6375000000000001 0.9250000000000002 0)
(0.65 0.9249999999999999 0)
(0.6625 0.9250000000000002 0)
(0.6750000000000002 0.9250000000000002 0)
(0.6875 0.9250000000000002 0)
(0.6999999999999998 0.9250000000000002 0)
(0.7125 0.9250000000000002 0)
(0.725 0.9249999999999999 0)
(0.7374999999999999 0.9249999999999999 0)
(0.75 0.9250000000000002 0)
(0.7624999999999998 0.9250000000000002 0)
(0.775 0.9249999999999999 0)
(0.7875 0.9250000000000002 0)
(0.8000000000000002 0.9250000000000002 0)
(0.8125 0.9249999999999999 0)
(0.8249999999999998 0.9250000000000002 0)
(0.8375 0.9250000000000002 0)
(0.85 0.9249999999999999 0)
(0.8625000000000002 0.9249999999999999 0)
(0.875 0.9250000000000002 0)
(0.8874999999999998 0.9249999999999999 0)
(0.9 0.9249999999999999 0)
(0.9125 0.9250000000000002 0)
(0.9250000000000002 0.9250000000000002 0)
(0.9375 0.9249999999999999 0)
(0.9500000000000001 0.9250000000000002 0)
(0.9625 0.9249999999999999 0)
(0.975 0.9249999999999999 0)
(0.9875000000000002 0.9250000000000002 0)
(1 0.9250000000000002 0)
(0 0.9375 0)
(0.0125 0.9375 0)
(0.025 0.9375 0)
(0.0375 0.9375 0)
(0.05000000000000001 0.9375 0)
(0.0625 0.9375 0)
(0.075 0.9375 0)
(0.08749999999999998 0.9375 0)
(0.1 0.9375 0)
(0.1125 0.9375 0)
(0.125 0.9375 0)
(0.1375 0.9375 0)
(0.15 0.9375 0)
(0.1625 0.9375 0)
(0.175 0.9375 0)
(0.1875 0.9375 0)
(0.2 0.9375 0)
(0.2125 0.9375 0)
(0.225 0.9375 0)
(0.2375 0.9375 0)
(0.25 0.9375 0)
(0.2625 0.9375 0)
(0.275 0.9375 0)
(0.2875 0.9375 0)
(0.3 0.9375 0)
(0.3125 0.9375 0)
(0.325 0.9375 0)
(0.3375000000000001 0.9375 0)
(0.3499999999999999 0.9375 0)
(0.3625 0.9375 0)
(0.375 0.9375 0)
(0.3875 0.9375 0)
(0.4000000000000001 0.9375 0)
(0.4124999999999999 0.9375 0)
(0.425 0.9375 0)
(0.4375 0.9375 0)
(0.45 0.9375 0)
(0.4625000000000001 0.9375 0)
(0.4749999999999999 0.9375 0)
(0.4875 0.9375 0)
(0.5 0.9375 0)
(0.5125 0.9375 0)
(0.525 0.9375 0)
(0.5375 0.9375 0)
(0.55 0.9375 0)
(0.5625 0.9375 0)
(0.575 0.9375 0)
(0.5875 0.9375 0)
(0.6 0.9375 0)
(0.6125 0.9375 0)
(0.625 0.9375 0)
(0.6375 0.9375 0)
(0.65 0.9375 0)
(0.6625 0.9375 0)
(0.6750000000000002 0.9375 0)
(0.6875 0.9375 0)
(0.6999999999999998 0.9375 0)
(0.7125 0.9375 0)
(0.725 0.9375 0)
(0.7375000000000002 0.9375 0)
(0.75 0.9375 0)
(0.7624999999999998 0.9375 0)
(0.775 0.9375 0)
(0.7875 0.9375 0)
(0.8000000000000002 0.9375 0)
(0.8125 0.9375 0)
(0.8249999999999998 0.9375 0)
(0.8375 0.9375 0)
(0.85 0.9375 0)
(0.8625000000000002 0.9375 0)
(0.875 0.9375 0)
(0.8874999999999998 0.9375 0)
(0.9 0.9375 0)
(0.9125 0.9375 0)
(0.9250000000000002 0.9375 0)
(0.9375 0.9375 0)
(0.9499999999999998 0.9375 0)
(0.9625 0.9375 0)
(0.975 0.9375 0)
(0.9874999999999999 0.9375 0)
(1 0.9375 0)
(0 0.9499999999999998 0)
(0.0125 0.9500000000000001 0)
(0.025 0.9499999999999998 0)
(0.0375 0.9499999999999998 0)
(0.05000000000000001 0.9500000000000001 0)
(0.0625 0.9499999999999998 0)
(0.07500000000000001 0.9500000000000001 0)
(0.08750000000000001 0.9499999999999998 0)
(0.1 0.9499999999999998 0)
(0.1125 0.9499999999999998 0)
(0.125 0.9499999999999998 0)
(0.1375 0.9499999999999998 0)
(0.15 0.9500000000000001 0)
(0.1625 0.9499999999999998 0)
(0.175 0.9499999999999998 0)
(0.1875 0.9500000000000001 0)
(0.2 0.9499999999999998 0)
(0.2125 0.9499999999999998 0)
(0.225 0.9500000000000001 0)
(0.2375 0.9499999999999998 0)
(0.25 0.9499999999999998 0)
(0.2625000000000001 0.9500000000000001 0)
(0.275 0.9499999999999998 0)
(0.2875 0.9499999999999998 0)
(0.3 0.9499999999999998 0)
(0.3125 0.9499999999999998 0)
(0.325 0.9499999999999998 0)
(0.3375 0.9499999999999998 0)
(0.35 0.9499999999999998 0)
(0.3625 0.9499999999999998 0)
(0.375 0.9499999999999998 0)
(0.3875 0.9500000000000001 0)
(0.4000000000000001 0.9499999999999998 0)
(0.4124999999999999 0.9500000000000001 0)
(0.425 0.9499999999999998 0)
(0.4375 0.9499999999999998 0)
(0.45 0.9499999999999998 0)
(0.4625000000000001 0.9500000000000001 0)
(0.475 0.9499999999999998 0)
(0.4875 0.9499999999999998 0)
(0.5 0.9500000000000001 0)
(0.5125 0.9499999999999998 0)
(0.525 0.9499999999999998 0)
(0.5375 0.9500000000000001 0)
(0.55 0.9499999999999998 0)
(0.5625 0.9499999999999998 0)
(0.575 0.9500000000000001 0)
(0.5875 0.9499999999999998 0)
(0.6 0.9499999999999998 0)
(0.6125000000000002 0.9500000000000001 0)
(0.625 0.9499999999999998 0)
(0.6375000000000001 0.9499999999999998 0)
(0.6499999999999999 0.9500000000000001 0)
(0.6625 0.9500000000000001 0)
(0.6749999999999999 0.9499999999999998 0)
(0.6875 0.9499999999999998 0)
(0.7000000000000001 0.9500000000000001 0)
(0.7125 0.9499999999999998 0)
(0.725 0.9500000000000001 0)
(0.7375000000000002 0.9500000000000001 0)
(0.75 0.9499999999999998 0)
(0.7624999999999998 0.9499999999999998 0)
(0.775 0.9500000000000001 0)
(0.7875 0.9499999999999998 0)
(0.8000000000000002 0.9500000000000001 0)
(0.8125 0.9500000000000001 0)
(0.8249999999999998 0.9500000000000001 0)
(0.8375 0.9499999999999998 0)
(0.8500000000000001 0.9500000000000001 0)
(0.8625000000000002 0.9499999999999998 0)
(0.875 0.9499999999999998 0)
(0.8874999999999998 0.9500000000000001 0)
(0.9 0.9499999999999998 0)
(0.9125 0.9499999999999998 0)
(0.9250000000000002 0.9500000000000001 0)
(0.9375 0.9500000000000001 0)
(0.9500000000000001 0.9499999999999998 0)
(0.9625 0.9500000000000001 0)
(0.975 0.9500000000000001 0)
(0.9874999999999999 0.9499999999999998 0)
(1 0.9499999999999998 0)
(0 0.9625 0)
(0.0125 0.9625 0)
(0.025 0.9625 0)
(0.0375 0.9625 0)
(0.05000000000000001 0.9625 0)
(0.0625 0.9624999999999999 0)
(0.075 0.9625 0)
(0.08749999999999998 0.9625 0)
(0.1 0.9625 0)
(0.1125 0.9625 0)
(0.125 0.9625 0)
(0.1375 0.9625 0)
(0.15 0.9625 0)
(0.1625 0.9625 0)
(0.175 0.9624999999999999 0)
(0.1875 0.9625 0)
(0.2 0.9624999999999999 0)
(0.2125 0.9624999999999999 0)
(0.225 0.9625 0)
(0.2375 0.9624999999999999 0)
(0.25 0.9625 0)
(0.2625 0.9625 0)
(0.275 0.9624999999999999 0)
(0.2874999999999999 0.9625 0)
(0.3 0.9625 0)
(0.3125 0.9624999999999999 0)
(0.325 0.9625 0)
(0.3375000000000001 0.9625 0)
(0.3499999999999999 0.9624999999999999 0)
(0.3625 0.9625 0)
(0.375 0.9624999999999999 0)
(0.3875 0.9625 0)
(0.4000000000000001 0.9625 0)
(0.4125 0.9625 0)
(0.425 0.9625 0)
(0.4375 0.9625 0)
(0.45 0.9625 0)
(0.4625000000000001 0.9625 0)
(0.4749999999999999 0.9624999999999999 0)
(0.4875 0.9625 0)
(0.5 0.9625 0)
(0.5125 0.9625 0)
(0.525 0.9625 0)
(0.5375 0.9625 0)
(0.5499999999999999 0.9624999999999999 0)
(0.5625 0.9624999999999999 0)
(0.5749999999999998 0.9624999999999999 0)
(0.5875 0.9625 0)
(0.6 0.9625 0)
(0.6125 0.9625 0)
(0.625 0.9624999999999999 0)
(0.6375 0.9625 0)
(0.65 0.9624999999999999 0)
(0.6625 0.9625 0)
(0.6750000000000002 0.9625 0)
(0.6875 0.9624999999999999 0)
(0.6999999999999998 0.9625 0)
(0.7125 0.9625 0)
(0.725 0.9625 0)
(0.7375000000000002 0.9625 0)
(0.75 0.9625 0)
(0.7624999999999998 0.9625 0)
(0.775 0.9625 0)
(0.7875 0.9624999999999999 0)
(0.8000000000000002 0.9625 0)
(0.8125 0.9625000000000002 0)
(0.8250000000000001 0.9625 0)
(0.8375 0.9625 0)
(0.85 0.9625 0)
(0.8624999999999999 0.9624999999999999 0)
(0.875 0.9624999999999999 0)
(0.8874999999999998 0.9625 0)
(0.9 0.9625 0)
(0.9125 0.9625000000000002 0)
(0.9250000000000002 0.9625 0)
(0.9375 0.9624999999999999 0)
(0.9499999999999998 0.9625 0)
(0.9625 0.9625 0)
(0.975 0.9624999999999999 0)
(0.9875000000000002 0.9625 0)
(1 0.9625 0)
(0 0.975 0)
(0.0125 0.9750000000000001 0)
(0.025 0.975 0)
(0.03750000000000001 0.9750000000000001 0)
(0.05000000000000001 0.975 0)
(0.0625 0.9750000000000001 0)
(0.075 0.9750000000000001 0)
(0.08750000000000001 0.975 0)
(0.1 0.975 0)
(0.1125 0.975 0)
(0.125 0.975 0)
(0.1375 0.975 0)
(0.15 0.975 0)
(0.1625 0.975 0)
(0.175 0.975 0)
(0.1875 0.975 0)
(0.2 0.975 0)
(0.2125 0.975 0)
(0.225 0.975 0)
(0.2375 0.975 0)
(0.25 0.975 0)
(0.2625 0.9750000000000001 0)
(0.275 0.975 0)
(0.2875 0.9750000000000001 0)
(0.3 0.975 0)
(0.3125 0.9750000000000001 0)
(0.325 0.9750000000000001 0)
(0.3375000000000001 0.9750000000000001 0)
(0.35 0.9750000000000001 0)
(0.3625 0.975 0)
(0.375 0.9750000000000001 0)
(0.3875 0.9750000000000001 0)
(0.4000000000000001 0.9750000000000001 0)
(0.4125 0.975 0)
(0.425 0.975 0)
(0.4375 0.975 0)
(0.45 0.975 0)
(0.4625000000000001 0.975 0)
(0.4749999999999999 0.975 0)
(0.4875 0.975 0)
(0.5 0.975 0)
(0.5125000000000001 0.975 0)
(0.525 0.9749999999999998 0)
(0.5375 0.975 0)
(0.5499999999999999 0.975 0)
(0.5625 0.9750000000000001 0)
(0.575 0.9750000000000001 0)
(0.5875 0.9750000000000001 0)
(0.6 0.9750000000000001 0)
(0.6125 0.975 0)
(0.625 0.9750000000000001 0)
(0.6374999999999998 0.975 0)
(0.65 0.9750000000000001 0)
(0.6625 0.9750000000000001 0)
(0.6750000000000002 0.9750000000000001 0)
(0.6875 0.9750000000000001 0)
(0.7000000000000001 0.9750000000000001 0)
(0.7125 0.9750000000000001 0)
(0.725 0.975 0)
(0.7375000000000002 0.9750000000000001 0)
(0.75 0.975 0)
(0.7624999999999998 0.975 0)
(0.775 0.975 0)
(0.7875 0.975 0)
(0.8000000000000002 0.975 0)
(0.8125 0.9749999999999998 0)
(0.8250000000000001 0.975 0)
(0.8375 0.9749999999999998 0)
(0.85 0.9750000000000001 0)
(0.8624999999999999 0.9749999999999998 0)
(0.875 0.9750000000000001 0)
(0.8874999999999998 0.9750000000000001 0)
(0.9 0.975 0)
(0.9125 0.9750000000000001 0)
(0.9250000000000002 0.975 0)
(0.9375 0.9750000000000001 0)
(0.9499999999999998 0.975 0)
(0.9625 0.9750000000000001 0)
(0.975 0.975 0)
(0.9875000000000002 0.9750000000000001 0)
(1 0.975 0)
(0 0.9875000000000002 0)
(0.0125 0.9875000000000002 0)
(0.025 0.9875000000000002 0)
(0.0375 0.9875000000000002 0)
(0.05000000000000001 0.9874999999999999 0)
(0.0625 0.9874999999999999 0)
(0.075 0.9874999999999999 0)
(0.08750000000000001 0.9875000000000002 0)
(0.1 0.9874999999999999 0)
(0.1125 0.9874999999999999 0)
(0.125 0.9875000000000002 0)
(0.1375 0.9875000000000002 0)
(0.15 0.9874999999999999 0)
(0.1625 0.9875000000000002 0)
(0.175 0.9875000000000002 0)
(0.1875 0.9874999999999999 0)
(0.2 0.9875000000000002 0)
(0.2125 0.9875000000000002 0)
(0.225 0.9875000000000002 0)
(0.2375 0.9874999999999999 0)
(0.25 0.9875000000000002 0)
(0.2625 0.9875000000000002 0)
(0.275 0.9874999999999999 0)
(0.2874999999999999 0.9874999999999999 0)
(0.3 0.9875000000000002 0)
(0.3125 0.9875000000000002 0)
(0.325 0.9875000000000002 0)
(0.3375 0.9874999999999999 0)
(0.35 0.9875000000000002 0)
(0.3625 0.9874999999999999 0)
(0.375 0.9875000000000002 0)
(0.3875 0.9875000000000003 0)
(0.4000000000000001 0.9875000000000002 0)
(0.4124999999999999 0.9874999999999999 0)
(0.425 0.9874999999999999 0)
(0.4375 0.9875000000000002 0)
(0.45 0.9875000000000002 0)
(0.4625000000000001 0.9874999999999999 0)
(0.4749999999999999 0.9874999999999999 0)
(0.4875 0.9875000000000002 0)
(0.5 0.9874999999999999 0)
(0.5125 0.9875000000000002 0)
(0.525 0.9875000000000002 0)
(0.5375 0.9875000000000002 0)
(0.55 0.9875000000000002 0)
(0.5625 0.9875000000000002 0)
(0.5749999999999998 0.9875000000000002 0)
(0.5875 0.9874999999999999 0)
(0.6 0.9874999999999999 0)
(0.6125 0.9875000000000002 0)
(0.625 0.9875000000000002 0)
(0.6375000000000001 0.9874999999999999 0)
(0.65 0.9875000000000002 0)
(0.6625 0.9875000000000002 0)
(0.6749999999999999 0.9874999999999999 0)
(0.6875 0.9875000000000002 0)
(0.7000000000000001 0.9875000000000002 0)
(0.7125 0.9874999999999999 0)
(0.725 0.9874999999999999 0)
(0.7375000000000002 0.9875000000000002 0)
(0.75 0.9875000000000002 0)
(0.7624999999999998 0.9874999999999999 0)
(0.775 0.9874999999999999 0)
(0.7875 0.9875000000000002 0)
(0.8000000000000002 0.9874999999999999 0)
(0.8125 0.9874999999999999 0)
(0.8249999999999998 0.9875000000000002 0)
(0.8375 0.9875000000000002 0)
(0.85 0.9874999999999999 0)
(0.8625000000000002 0.9875000000000002 0)
(0.875 0.9875000000000002 0)
(0.8874999999999998 0.9875000000000002 0)
(0.9 0.9874999999999999 0)
(0.9125 0.9874999999999999 0)
(0.9250000000000002 0.9875000000000002 0)
(0.9375 0.9874999999999999 0)
(0.9499999999999998 0.9874999999999999 0)
(0.9625 0.9875000000000002 0)
(0.975 0.9875000000000002 0)
(0.9874999999999999 0.9874999999999999 0)
(1 0.9875000000000002 0)
(0 1 0)
(0.0125 1 0)
(0.025 1 0)
(0.0375 1 0)
(0.05000000000000001 1 0)
(0.0625 1 0)
(0.075 1 0)
(0.08749999999999998 1 0)
(0.1 1 0)
(0.1125 1 0)
(0.125 1 0)
(0.1375 1 0)
(0.15 1 0)
(0.1625 1 0)
(0.175 1 0)
(0.1875 1 0)
(0.2 1 0)
(0.2125 1 0)
(0.225 1 0)
(0.2375 1 0)
(0.25 1 0)
(0.2625 1 0)
(0.275 1 0)
(0.2875 1 0)
(0.3 1 0)
(0.3125 1 0)
(0.325 1 0)
(0.3375000000000001 1 0)
(0.3499999999999999 1 0)
(0.3625 1 0)
(0.375 1 0)
(0.3875 1 0)
(0.4000000000000001 1 0)
(0.4124999999999999 1 0)
(0.425 1 0)
(0.4375 1 0)
(0.45 1 0)
(0.4625000000000001 1 0)
(0.4749999999999999 1 0)
(0.4875 1 0)
(0.5 1 0)
(0.5125 1 0)
(0.525 1 0)
(0.5375 1 0)
(0.55 1 0)
(0.5625 1 0)
(0.575 1 0)
(0.5875 1 0)
(0.6 1 0)
(0.6125 1 0)
(0.625 1 0)
(0.6375 1 0)
(0.65 1 0)
(0.6625 1 0)
(0.6750000000000002 1 0)
(0.6875 1 0)
(0.6999999999999998 1 0)
(0.7125 1 0)
(0.725 1 0)
(0.7375000000000002 1 0)
(0.75 1 0)
(0.7624999999999998 1 0)
(0.775 1 0)
(0.7875 1 0)
(0.8000000000000002 1 0)
(0.8125 1 0)
(0.8249999999999998 1 0)
(0.8375 1 0)
(0.85 1 0)
(0.8625000000000002 1 0)
(0.875 1 0)
(0.8874999999999998 1 0)
(0.9 1 0)
(0.9125 1 0)
(0.9250000000000002 1 0)
(0.9375 1 0)
(0.9499999999999998 1 0)
(0.9625 1 0)
(0.975 1 0)
(0.9875000000000002 1 0)
(1 1 0)
(0 0 0.1)
(0.0125 0 0.09999999999999999)
(0.025 0 0.09999999999999999)
(0.0375 0 0.09999999999999999)
(0.05000000000000001 0 0.1)
(0.0625 0 0.09999999999999999)
(0.075 0 0.1)
(0.08749999999999998 0 0.09999999999999999)
(0.1 0 0.1)
(0.1125 0 0.09999999999999999)
(0.125 0 0.1)
(0.1375 0 0.09999999999999999)
(0.15 0 0.1)
(0.1625 0 0.09999999999999999)
(0.175 0 0.1)
(0.1875 0 0.09999999999999999)
(0.2 0 0.1)
(0.2125 0 0.09999999999999999)
(0.225 0 0.1)
(0.2375 0 0.09999999999999999)
(0.25 0 0.1)
(0.2625 0 0.1)
(0.275 0 0.1)
(0.2875 0 0.09999999999999999)
(0.3 0 0.1)
(0.3125 0 0.1)
(0.325 0 0.1)
(0.3375000000000001 0 0.09999999999999999)
(0.3499999999999999 0 0.09999999999999999)
(0.3625 0 0.1)
(0.375 0 0.1)
(0.3875 0 0.1)
(0.4000000000000001 0 0.1)
(0.4124999999999999 0 0.1)
(0.425 0 0.09999999999999999)
(0.4375 0 0.1)
(0.45 0 0.09999999999999999)
(0.4625000000000001 0 0.1)
(0.4749999999999999 0 0.09999999999999999)
(0.4875 0 0.09999999999999999)
(0.5 0 0.09999999999999999)
(0.5125 0 0.1)
(0.525 0 0.09999999999999999)
(0.5375 0 0.1)
(0.55 0 0.09999999999999999)
(0.5625 0 0.1)
(0.575 0 0.1)
(0.5875 0 0.1)
(0.6 0 0.1)
(0.6125 0 0.1)
(0.625 0 0.1)
(0.6375 0 0.1)
(0.65 0 0.1)
(0.6625 0 0.1)
(0.6750000000000002 0 0.1)
(0.6875 0 0.1)
(0.6999999999999998 0 0.09999999999999999)
(0.7125 0 0.1)
(0.725 0 0.09999999999999999)
(0.7375000000000002 0 0.1)
(0.75 0 0.1)
(0.7624999999999998 0 0.09999999999999999)
(0.775 0 0.1)
(0.7875 0 0.09999999999999999)
(0.8000000000000002 0 0.1)
(0.8125 0 0.09999999999999999)
(0.8249999999999998 0 0.1)
(0.8375 0 0.09999999999999999)
(0.85 0 0.1)
(0.8625000000000002 0 0.09999999999999999)
(0.875 0 0.1)
(0.8874999999999998 0 0.1)
(0.9 0 0.1)
(0.9125 0 0.1)
(0.9250000000000002 0 0.1)
(0.9375 0 0.1)
(0.9499999999999998 0 0.1)
(0.9625 0 0.1)
(0.975 0 0.1)
(0.9875000000000002 0 0.1)
(1 0 0.1)
(0 0.0125 0.09999999999999999)
(0.0125 0.0125 0.1)
(0.025 0.0125 0.1)
(0.0375 0.0125 0.1)
(0.05 0.0125 0.1)
(0.0625 0.0125 0.09999999999999999)
(0.07499999999999998 0.0125 0.1)
(0.08750000000000001 0.0125 0.1)
(0.09999999999999999 0.0125 0.09999999999999999)
(0.1125 0.0125 0.09999999999999999)
(0.125 0.0125 0.1)
(0.1375 0.0125 0.09999999999999999)
(0.15 0.0125 0.1)
(0.1625 0.0125 0.1)
(0.175 0.0125 0.1)
(0.1875 0.0125 0.1)
(0.2 0.0125 0.09999999999999999)
(0.2125 0.0125 0.09999999999999999)
(0.225 0.0125 0.1)
(0.2375 0.0125 0.09999999999999999)
(0.25 0.0125 0.1)
(0.2625 0.0125 0.1)
(0.275 0.0125 0.09999999999999999)
(0.2875 0.0125 0.09999999999999999)
(0.3 0.0125 0.1)
(0.3125 0.0125 0.1)
(0.3250000000000001 0.0125 0.1)
(0.3375 0.0125 0.1)
(0.35 0.0125 0.09999999999999999)
(0.3625 0.0125 0.09999999999999999)
(0.3750000000000001 0.0125 0.1)
(0.3875 0.0125 0.09999999999999998)
(0.4 0.0125 0.1)
(0.4125 0.0125 0.1)
(0.425 0.0125 0.09999999999999999)
(0.4375 0.0125 0.1)
(0.45 0.0125 0.1)
(0.4625000000000001 0.0125 0.1)
(0.4749999999999999 0.0125 0.1)
(0.4875 0.0125 0.1)
(0.5 0.0125 0.09999999999999999)
(0.5125 0.0125 0.1)
(0.525 0.0125 0.1)
(0.5375 0.0125 0.09999999999999999)
(0.55 0.0125 0.1)
(0.5625000000000001 0.0125 0.1)
(0.575 0.0125 0.09999999999999999)
(0.5875 0.0125 0.1)
(0.6 0.0125 0.09999999999999999)
(0.6125000000000002 0.0125 0.1)
(0.625 0.0125 0.1)
(0.6375 0.0125 0.09999999999999999)
(0.6500000000000001 0.0125 0.09999999999999999)
(0.6625 0.0125 0.1)
(0.6749999999999999 0.0125 0.09999999999999999)
(0.6875 0.0125 0.09999999999999999)
(0.7000000000000001 0.0125 0.1)
(0.7125 0.0125 0.09999999999999999)
(0.7250000000000001 0.0125 0.09999999999999999)
(0.7375000000000002 0.0125 0.1)
(0.7500000000000001 0.0125 0.09999999999999999)
(0.7625000000000001 0.0125 0.09999999999999999)
(0.775 0.0125 0.1)
(0.7875000000000001 0.0125 0.09999999999999999)
(0.7999999999999999 0.0125 0.09999999999999999)
(0.8125 0.0125 0.1)
(0.8250000000000001 0.0125 0.09999999999999999)
(0.8374999999999999 0.0125 0.09999999999999999)
(0.85 0.0125 0.1)
(0.8625000000000002 0.0125 0.09999999999999999)
(0.875 0.0125 0.1)
(0.8875000000000001 0.0125 0.1)
(0.9 0.0125 0.09999999999999999)
(0.9125 0.0125 0.1)
(0.9250000000000002 0.0125 0.1)
(0.9375 0.0125 0.09999999999999999)
(0.9499999999999998 0.0125 0.1)
(0.9625000000000002 0.0125 0.1)
(0.9750000000000001 0.0125 0.09999999999999999)
(0.9874999999999999 0.0125 0.1)
(1 0.0125 0.09999999999999999)
(0 0.025 0.09999999999999999)
(0.0125 0.025 0.09999999999999999)
(0.025 0.025 0.09999999999999999)
(0.0375 0.025 0.09999999999999999)
(0.05000000000000001 0.025 0.1)
(0.0625 0.025 0.1)
(0.075 0.025 0.1)
(0.08750000000000001 0.025 0.09999999999999999)
(0.1 0.025 0.09999999999999998)
(0.1125 0.025 0.1)
(0.125 0.025 0.1)
(0.1375 0.025 0.1)
(0.15 0.025 0.09999999999999999)
(0.1625 0.025 0.09999999999999999)
(0.175 0.025 0.09999999999999999)
(0.1875 0.025 0.1)
(0.2 0.025 0.1)
(0.2125 0.025 0.1)
(0.225 0.025 0.1)
(0.2375 0.025 0.09999999999999999)
(0.25 0.025 0.09999999999999999)
(0.2625 0.025 0.09999999999999999)
(0.275 0.025 0.1)
(0.2875 0.025 0.1)
(0.3 0.025 0.09999999999999999)
(0.3125 0.025 0.09999999999999999)
(0.325 0.025 0.09999999999999999)
(0.3375000000000001 0.025 0.1)
(0.3499999999999999 0.025 0.1)
(0.3625 0.025 0.1)
(0.375 0.025 0.1)
(0.3875 0.025 0.09999999999999999)
(0.4 0.025 0.09999999999999999)
(0.4124999999999999 0.025 0.09999999999999999)
(0.425 0.025 0.1)
(0.4375 0.025 0.1)
(0.45 0.025 0.09999999999999999)
(0.4625 0.025 0.09999999999999999)
(0.475 0.025 0.09999999999999999)
(0.4875 0.025 0.09999999999999999)
(0.5 0.025 0.09999999999999999)
(0.5124999999999998 0.025 0.09999999999999999)
(0.525 0.025 0.1)
(0.5375 0.025 0.09999999999999999)
(0.5499999999999999 0.025 0.09999999999999999)
(0.5625 0.025 0.1)
(0.575 0.025 0.1)
(0.5875 0.025 0.1)
(0.6 0.025 0.09999999999999999)
(0.6125 0.025 0.1)
(0.625 0.025 0.09999999999999999)
(0.6375 0.025 0.1)
(0.65 0.025 0.1)
(0.6625 0.025 0.09999999999999999)
(0.6750000000000002 0.025 0.1)
(0.6875 0.025 0.09999999999999999)
(0.7000000000000001 0.025 0.09999999999999998)
(0.7124999999999999 0.025 0.1)
(0.725 0.025 0.1)
(0.7375000000000002 0.025 0.09999999999999999)
(0.75 0.025 0.09999999999999999)
(0.7625000000000001 0.025 0.09999999999999999)
(0.775 0.025 0.09999999999999999)
(0.7875 0.025 0.1)
(0.7999999999999999 0.025 0.09999999999999999)
(0.8125000000000001 0.025 0.1)
(0.8249999999999998 0.025 0.09999999999999999)
(0.8375 0.025 0.09999999999999999)
(0.8500000000000001 0.025 0.09999999999999999)
(0.8624999999999999 0.025 0.1)
(0.875 0.025 0.09999999999999999)
(0.8874999999999998 0.025 0.09999999999999999)
(0.9 0.025 0.09999999999999999)
(0.9125000000000001 0.025 0.09999999999999999)
(0.9249999999999999 0.025 0.1)
(0.9375 0.025 0.1)
(0.9500000000000001 0.025 0.1)
(0.9624999999999999 0.025 0.09999999999999999)
(0.975 0.025 0.09999999999999999)
(0.9875000000000002 0.025 0.09999999999999999)
(1 0.025 0.09999999999999999)
(0 0.0375 0.09999999999999999)
(0.0125 0.0375 0.09999999999999999)
(0.025 0.0375 0.1)
(0.03749999999999999 0.03749999999999999 0.1)
(0.05 0.03750000000000001 0.1)
(0.0625 0.0375 0.1)
(0.075 0.03750000000000001 0.1)
(0.08750000000000001 0.0375 0.1)
(0.09999999999999998 0.0375 0.1)
(0.1125 0.0375 0.1)
(0.125 0.0375 0.1)
(0.1375 0.0375 0.1)
(0.15 0.0375 0.1)
(0.1625 0.0375 0.1)
(0.175 0.0375 0.1)
(0.1875 0.0375 0.1)
(0.2 0.0375 0.09999999999999999)
(0.2125 0.0375 0.1)
(0.225 0.0375 0.09999999999999999)
(0.2375 0.0375 0.09999999999999999)
(0.25 0.0375 0.09999999999999999)
(0.2625 0.03749999999999999 0.09999999999999999)
(0.2750000000000001 0.03750000000000001 0.09999999999999999)
(0.2875 0.03750000000000001 0.09999999999999999)
(0.3 0.0375 0.09999999999999999)
(0.3125 0.0375 0.09999999999999999)
(0.325 0.0375 0.09999999999999999)
(0.3375 0.0375 0.09999999999999999)
(0.35 0.03750000000000001 0.09999999999999999)
(0.3625 0.03750000000000001 0.09999999999999999)
(0.375 0.0375 0.09999999999999999)
(0.3875 0.03749999999999999 0.09999999999999999)
(0.4 0.0375 0.09999999999999999)
(0.4124999999999999 0.03749999999999998 0.09999999999999999)
(0.425 0.0375 0.1)
(0.4375 0.0375 0.1)
(0.45 0.0375 0.1)
(0.4625 0.0375 0.1)
(0.475 0.0375 0.1)
(0.4875 0.0375 0.1)
(0.5 0.0375 0.1)
(0.5125 0.0375 0.1)
(0.525 0.0375 0.1)
(0.5375 0.0375 0.1)
(0.5499999999999999 0.0375 0.1)
(0.5625 0.03750000000000001 0.1)
(0.5749999999999998 0.03750000000000001 0.1)
(0.5874999999999999 0.0375 0.09999999999999999)
(0.6 0.0375 0.09999999999999999)
(0.6125 0.0375 0.09999999999999999)
(0.625 0.0375 0.09999999999999999)
(0.6375000000000001 0.03750000000000001 0.09999999999999999)
(0.65 0.03750000000000001 0.09999999999999999)
(0.6625 0.03749999999999999 0.09999999999999999)
(0.6750000000000002 0.0375 0.09999999999999999)
(0.6875 0.0375 0.09999999999999999)
(0.7000000000000001 0.0375 0.09999999999999999)
(0.7125 0.03750000000000001 0.09999999999999999)
(0.7250000000000001 0.03750000000000001 0.09999999999999999)
(0.7375000000000002 0.0375 0.09999999999999999)
(0.75 0.03749999999999999 0.09999999999999999)
(0.7625000000000001 0.0375 0.09999999999999999)
(0.775 0.0375 0.09999999999999999)
(0.7875 0.0375 0.09999999999999999)
(0.7999999999999999 0.0375 0.09999999999999999)
(0.8124999999999999 0.0375 0.1)
(0.8249999999999998 0.0375 0.1)
(0.8375 0.0375 0.1)
(0.85 0.0375 0.1)
(0.8624999999999999 0.0375 0.1)
(0.875 0.0375 0.1)
(0.8874999999999998 0.0375 0.1)
(0.9 0.03750000000000001 0.1)
(0.9125 0.0375 0.1)
(0.9249999999999999 0.0375 0.1)
(0.9375 0.03750000000000001 0.1)
(0.9500000000000001 0.0375 0.1)
(0.9625 0.03749999999999999 0.1)
(0.9750000000000001 0.03750000000000001 0.1)
(0.9875000000000002 0.0375 0.09999999999999999)
(1 0.0375 0.09999999999999999)
(0 0.05000000000000001 0.1)
(0.0125 0.05000000000000001 0.1)
(0.025 0.05000000000000001 0.1)
(0.03750000000000001 0.05000000000000001 0.1)
(0.05000000000000001 0.05000000000000001 0.09999999999999998)
(0.0625 0.05000000000000001 0.09999999999999999)
(0.075 0.05000000000000001 0.09999999999999999)
(0.08750000000000001 0.05 0.09999999999999999)
(0.1 0.05000000000000001 0.1)
(0.1125 0.05 0.1)
(0.125 0.05000000000000001 0.1)
(0.1375 0.05000000000000001 0.09999999999999999)
(0.15 0.05000000000000001 0.09999999999999999)
(0.1625 0.05 0.1)
(0.175 0.05 0.1)
(0.1875 0.05 0.1)
(0.2 0.05000000000000001 0.1)
(0.2125 0.05 0.1)
(0.225 0.05000000000000001 0.09999999999999999)
(0.2375 0.05000000000000001 0.09999999999999999)
(0.25 0.05000000000000001 0.09999999999999998)
(0.2625 0.05 0.1)
(0.275 0.05 0.1)
(0.2875 0.05000000000000001 0.1)
(0.3 0.05 0.1)
(0.3125 0.05000000000000001 0.09999999999999999)
(0.325 0.05000000000000001 0.09999999999999999)
(0.3375000000000001 0.05000000000000001 0.1)
(0.35 0.05000000000000001 0.09999999999999999)
(0.3625 0.05000000000000001 0.1)
(0.3749999999999999 0.05000000000000001 0.1)
(0.3875 0.05000000000000001 0.1)
(0.4000000000000001 0.05000000000000001 0.1)
(0.4124999999999999 0.05000000000000001 0.09999999999999999)
(0.425 0.05000000000000001 0.09999999999999999)
(0.4375 0.05000000000000001 0.1)
(0.45 0.05000000000000001 0.09999999999999999)
(0.4625000000000001 0.05000000000000001 0.1)
(0.4749999999999999 0.05 0.1)
(0.4875 0.05000000000000001 0.09999999999999999)
(0.5 0.05 0.09999999999999999)
(0.5125 0.05000000000000001 0.1)
(0.525 0.05 0.1)
(0.5375 0.05000000000000001 0.1)
(0.55 0.05000000000000001 0.09999999999999999)
(0.5625 0.05000000000000001 0.1)
(0.575 0.05000000000000001 0.09999999999999999)
(0.5875 0.05000000000000001 0.09999999999999999)
(0.6 0.05000000000000001 0.1)
(0.6125 0.05000000000000001 0.1)
(0.625 0.05000000000000001 0.09999999999999999)
(0.6375 0.05000000000000001 0.1)
(0.65 0.05000000000000001 0.09999999999999999)
(0.6625 0.05000000000000001 0.1)
(0.6750000000000002 0.05000000000000001 0.1)
(0.6875 0.05000000000000001 0.1)
(0.7000000000000001 0.05 0.09999999999999999)
(0.7125 0.05 0.09999999999999999)
(0.725 0.05 0.09999999999999999)
(0.7375000000000002 0.05000000000000001 0.1)
(0.75 0.05000000000000001 0.09999999999999999)
(0.7624999999999998 0.05 0.1)
(0.7749999999999999 0.05000000000000001 0.1)
(0.7875000000000001 0.05 0.09999999999999999)
(0.8000000000000002 0.05000000000000001 0.1)
(0.8125 0.05 0.1)
(0.8249999999999998 0.05000000000000001 0.1)
(0.8375 0.05 0.1)
(0.8500000000000001 0.05000000000000001 0.09999999999999999)
(0.8624999999999999 0.05 0.1)
(0.875 0.05000000000000001 0.1)
(0.8875000000000001 0.05 0.1)
(0.9 0.05000000000000001 0.1)
(0.9125 0.05 0.1)
(0.9250000000000002 0.05000000000000001 0.1)
(0.9375 0.05 0.1)
(0.9499999999999998 0.05000000000000001 0.1)
(0.9625 0.05 0.1)
(0.975 0.05000000000000001 0.1)
(0.9874999999999999 0.05 0.1)
(1 0.05000000000000001 0.1)
(0 0.0625 0.09999999999999999)
(0.0125 0.0625 0.09999999999999999)
(0.025 0.0625 0.1)
(0.0375 0.0625 0.1)
(0.05 0.0625 0.09999999999999999)
(0.0625 0.0625 0.09999999999999999)
(0.075 0.0625 0.1)
(0.08750000000000001 0.0625 0.09999999999999999)
(0.09999999999999999 0.0625 0.1)
(0.1125 0.0625 0.1)
(0.125 0.0625 0.1)
(0.1375 0.0625 0.09999999999999999)
(0.15 0.0625 0.09999999999999999)
(0.1625 0.0625 0.1)
(0.175 0.0625 0.09999999999999999)
(0.1875 0.0625 0.09999999999999999)
(0.2 0.0625 0.09999999999999999)
(0.2125 0.0625 0.1)
(0.225 0.0625 0.1)
(0.2375 0.0625 0.09999999999999999)
(0.25 0.0625 0.1)
(0.2625 0.0625 0.1)
(0.275 0.0625 0.09999999999999999)
(0.2875 0.0625 0.1)
(0.3 0.0625 0.1)
(0.3125 0.0625 0.09999999999999999)
(0.325 0.0625 0.09999999999999999)
(0.3375 0.0625 0.1)
(0.35 0.0625 0.1)
(0.3625 0.0625 0.09999999999999999)
(0.375 0.0625 0.09999999999999999)
(0.3875 0.0625 0.1)
(0.4 0.0625 0.1)
(0.4125 0.0625 0.1)
(0.425 0.0625 0.1)
(0.4375 0.0625 0.1)
(0.45 0.0625 0.09999999999999999)
(0.4625 0.0625 0.1)
(0.475 0.0625 0.1)
(0.4875 0.0625 0.09999999999999998)
(0.5 0.0625 0.09999999999999999)
(0.5125 0.0625 0.09999999999999999)
(0.525 0.0625 0.1)
(0.5375 0.0625 0.09999999999999999)
(0.55 0.0625 0.09999999999999999)
(0.5625 0.0625 0.1)
(0.575 0.0625 0.1)
(0.5875 0.0625 0.09999999999999999)
(0.6 0.0625 0.09999999999999999)
(0.6125 0.0625 0.1)
(0.625 0.0625 0.09999999999999999)
(0.6375 0.0625 0.09999999999999999)
(0.65 0.0625 0.1)
(0.6625 0.0625 0.1)
(0.6749999999999999 0.0625 0.09999999999999999)
(0.6875 0.0625 0.09999999999999999)
(0.7000000000000001 0.0625 0.1)
(0.7124999999999999 0.0625 0.09999999999999999)
(0.7250000000000001 0.0625 0.09999999999999999)
(0.7374999999999999 0.0625 0.1)
(0.75 0.0625 0.1)
(0.7625000000000001 0.0625 0.09999999999999999)
(0.7749999999999999 0.0625 0.09999999999999999)
(0.7875000000000001 0.0625 0.1)
(0.7999999999999999 0.0625 0.09999999999999999)
(0.8125 0.0625 0.09999999999999999)
(0.8250000000000001 0.0625 0.09999999999999999)
(0.8374999999999999 0.0625 0.1)
(0.8500000000000001 0.0625 0.09999999999999999)
(0.8624999999999999 0.0625 0.09999999999999999)
(0.875 0.0625 0.1)
(0.8875000000000001 0.0625 0.1)
(0.8999999999999999 0.0625 0.09999999999999999)
(0.9125000000000001 0.0625 0.09999999999999999)
(0.9249999999999999 0.0625 0.1)
(0.9375 0.0625 0.09999999999999999)
(0.9500000000000001 0.0625 0.09999999999999999)
(0.9624999999999999 0.0625 0.1)
(0.9750000000000001 0.0625 0.1)
(0.9874999999999999 0.0625 0.09999999999999999)
(1 0.0625 0.09999999999999999)
(0 0.075 0.1)
(0.0125 0.075 0.1)
(0.025 0.07500000000000001 0.1)
(0.03750000000000001 0.075 0.1)
(0.05000000000000001 0.07500000000000001 0.09999999999999999)
(0.0625 0.075 0.1)
(0.07500000000000001 0.07500000000000001 0.1)
(0.08750000000000001 0.075 0.1)
(0.1 0.07500000000000001 0.09999999999999998)
(0.1125 0.075 0.09999999999999999)
(0.125 0.075 0.09999999999999999)
(0.1375 0.075 0.1)
(0.15 0.075 0.1)
(0.1625 0.075 0.1)
(0.175 0.075 0.1)
(0.1875 0.075 0.09999999999999999)
(0.2 0.07499999999999997 0.1)
(0.2125 0.075 0.09999999999999999)
(0.225 0.075 0.1)
(0.2375 0.075 0.09999999999999999)
(0.25 0.075 0.1)
(0.2625 0.075 0.09999999999999999)
(0.275 0.075 0.1)
(0.2875 0.075 0.09999999999999999)
(0.3 0.075 0.09999999999999999)
(0.3125 0.075 0.09999999999999999)
(0.325 0.075 0.09999999999999999)
(0.3375000000000001 0.075 0.1)
(0.35 0.075 0.1)
(0.3625 0.075 0.1)
(0.3750000000000001 0.075 0.09999999999999999)
(0.3875 0.075 0.1)
(0.4000000000000001 0.075 0.09999999999999999)
(0.4125 0.075 0.1)
(0.425 0.075 0.09999999999999999)
(0.4375 0.075 0.09999999999999999)
(0.45 0.07500000000000001 0.1)
(0.4625000000000001 0.075 0.1)
(0.475 0.075 0.1)
(0.4875 0.07499999999999998 0.09999999999999999)
(0.5 0.075 0.09999999999999999)
(0.5125 0.075 0.1)
(0.525 0.075 0.1)
(0.5375 0.075 0.09999999999999999)
(0.55 0.075 0.09999999999999999)
(0.5625000000000001 0.075 0.1)
(0.575 0.075 0.09999999999999999)
(0.5875 0.075 0.1)
(0.6000000000000001 0.075 0.1)
(0.6125 0.075 0.1)
(0.625 0.075 0.1)
(0.6375000000000001 0.075 0.1)
(0.65 0.075 0.09999999999999999)
(0.6625 0.075 0.1)
(0.6750000000000002 0.07500000000000001 0.1)
(0.6875 0.075 0.09999999999999998)
(0.7000000000000001 0.075 0.09999999999999998)
(0.7125 0.07500000000000001 0.1)
(0.725 0.075 0.09999999999999999)
(0.7374999999999999 0.075 0.1)
(0.7500000000000001 0.075 0.1)
(0.7625000000000001 0.075 0.1)
(0.775 0.075 0.1)
(0.7875 0.075 0.1)
(0.8000000000000002 0.075 0.09999999999999999)
(0.8125 0.075 0.09999999999999999)
(0.8250000000000001 0.075 0.09999999999999999)
(0.8375000000000002 0.075 0.1)
(0.8500000000000001 0.075 0.09999999999999999)
(0.8624999999999999 0.075 0.1)
(0.875 0.075 0.1)
(0.8874999999999998 0.075 0.09999999999999999)
(0.9 0.07500000000000001 0.09999999999999999)
(0.9125000000000001 0.075 0.1)
(0.9250000000000002 0.075 0.09999999999999999)
(0.9375 0.07500000000000001 0.09999999999999999)
(0.9500000000000001 0.075 0.09999999999999999)
(0.9625 0.075 0.09999999999999999)
(0.975 0.07500000000000001 0.09999999999999999)
(0.9875000000000002 0.075 0.1)
(1 0.075 0.1)
(0 0.08749999999999998 0.09999999999999999)
(0.0125 0.08750000000000001 0.1)
(0.025 0.08750000000000001 0.09999999999999999)
(0.0375 0.08750000000000001 0.1)
(0.05 0.08749999999999998 0.09999999999999999)
(0.0625 0.08749999999999998 0.09999999999999999)
(0.075 0.08749999999999998 0.1)
(0.08749999999999998 0.08749999999999998 0.09999999999999998)
(0.09999999999999999 0.08749999999999998 0.1)
(0.1125 0.08750000000000001 0.09999999999999998)
(0.125 0.08749999999999998 0.09999999999999999)
(0.1375 0.08749999999999998 0.1)
(0.15 0.08749999999999998 0.1)
(0.1625 0.08750000000000001 0.1)
(0.175 0.08749999999999998 0.09999999999999999)
(0.1875 0.08750000000000001 0.1)
(0.2 0.08750000000000001 0.09999999999999999)
(0.2125 0.08749999999999998 0.09999999999999999)
(0.225 0.08749999999999998 0.1)
(0.2375 0.08750000000000001 0.09999999999999999)
(0.25 0.08749999999999998 0.1)
(0.2625 0.08750000000000001 0.09999999999999999)
(0.275 0.08749999999999998 0.09999999999999999)
(0.2875 0.08749999999999998 0.09999999999999999)
(0.3 0.08749999999999998 0.09999999999999999)
(0.3125 0.08749999999999998 0.09999999999999999)
(0.3250000000000001 0.08750000000000001 0.09999999999999999)
(0.3375 0.08750000000000001 0.09999999999999998)
(0.3499999999999999 0.08749999999999998 0.1)
(0.3625 0.08750000000000001 0.1)
(0.375 0.08749999999999998 0.1)
(0.3875 0.08749999999999998 0.09999999999999999)
(0.4 0.08750000000000001 0.09999999999999998)
(0.4124999999999999 0.08749999999999998 0.1)
(0.425 0.08749999999999998 0.09999999999999998)
(0.4375 0.08749999999999998 0.1)
(0.45 0.08749999999999998 0.09999999999999999)
(0.4625000000000001 0.08750000000000001 0.09999999999999999)
(0.4749999999999999 0.08750000000000001 0.09999999999999999)
(0.4875 0.08750000000000001 0.09999999999999999)
(0.5 0.08750000000000001 0.1)
(0.5125000000000001 0.08750000000000001 0.09999999999999999)
(0.525 0.08750000000000001 0.1)
(0.5375 0.08749999999999998 0.09999999999999999)
(0.55 0.08749999999999998 0.09999999999999999)
(0.5625 0.08750000000000001 0.1)
(0.575 0.08749999999999998 0.09999999999999999)
(0.5875 0.08749999999999998 0.1)
(0.6 0.08749999999999998 0.09999999999999999)
(0.6125000000000002 0.08749999999999998 0.09999999999999999)
(0.625 0.08749999999999998 0.1)
(0.6374999999999998 0.08750000000000001 0.09999999999999999)
(0.65 0.08749999999999998 0.1)
(0.6625 0.08749999999999998 0.09999999999999999)
(0.6749999999999999 0.08749999999999998 0.09999999999999999)
(0.6875 0.08749999999999998 0.1)
(0.6999999999999998 0.08750000000000001 0.09999999999999999)
(0.7125 0.08750000000000001 0.1)
(0.725 0.08749999999999998 0.09999999999999999)
(0.7374999999999999 0.08749999999999998 0.09999999999999999)
(0.75 0.08749999999999998 0.1)
(0.7625000000000001 0.08749999999999998 0.09999999999999999)
(0.7749999999999999 0.08750000000000001 0.1)
(0.7875 0.08750000000000001 0.09999999999999999)
(0.7999999999999999 0.08749999999999998 0.09999999999999999)
(0.8125 0.08750000000000001 0.09999999999999999)
(0.8250000000000001 0.08749999999999998 0.09999999999999999)
(0.8375 0.08750000000000001 0.1)
(0.85 0.08750000000000001 0.09999999999999999)
(0.8625000000000002 0.08750000000000001 0.1)
(0.875 0.08749999999999998 0.09999999999999999)
(0.8875000000000001 0.08750000000000001 0.09999999999999999)
(0.8999999999999999 0.08750000000000001 0.1)
(0.9125 0.08749999999999998 0.09999999999999999)
(0.9250000000000002 0.08749999999999998 0.1)
(0.9375 0.08750000000000001 0.09999999999999999)
(0.9499999999999998 0.08750000000000001 0.09999999999999999)
(0.9624999999999999 0.08749999999999998 0.1)
(0.9750000000000001 0.08750000000000001 0.09999999999999999)
(0.9874999999999999 0.08750000000000001 0.1)
(1 0.08749999999999998 0.09999999999999999)
(0 0.1 0.1)
(0.0125 0.1 0.09999999999999999)
(0.025 0.1 0.09999999999999998)
(0.0375 0.09999999999999998 0.1)
(0.05000000000000001 0.1 0.1)
(0.0625 0.1 0.1)
(0.07500000000000001 0.1 0.09999999999999998)
(0.08749999999999998 0.1 0.1)
(0.1 0.1 0.1)
(0.1125 0.1 0.1)
(0.125 0.1 0.09999999999999998)
(0.1375 0.09999999999999998 0.1)
(0.15 0.1 0.1)
(0.1625 0.09999999999999999 0.1)
(0.175 0.1 0.09999999999999998)
(0.1875 0.09999999999999999 0.09999999999999999)
(0.2 0.09999999999999999 0.1)
(0.2125 0.09999999999999999 0.1)
(0.225 0.1 0.09999999999999999)
(0.2375 0.09999999999999999 0.09999999999999999)
(0.25 0.1 0.1)
(0.2625 0.09999999999999999 0.1)
(0.275 0.09999999999999999 0.09999999999999998)
(0.2875 0.1 0.09999999999999999)
(0.3 0.09999999999999999 0.1)
(0.3125 0.1 0.1)
(0.325 0.09999999999999999 0.09999999999999999)
(0.3375000000000001 0.1 0.09999999999999999)
(0.3499999999999999 0.09999999999999999 0.09999999999999999)
(0.3625 0.1 0.1)
(0.375 0.1 0.09999999999999999)
(0.3875 0.1 0.1)
(0.4000000000000001 0.09999999999999999 0.09999999999999999)
(0.4125 0.1 0.1)
(0.425 0.1 0.09999999999999999)
(0.4375 0.1 0.1)
(0.4499999999999999 0.09999999999999999 0.09999999999999999)
(0.4625 0.1 0.1)
(0.475 0.09999999999999999 0.09999999999999999)
(0.4875 0.1 0.09999999999999999)
(0.5 0.09999999999999999 0.1)
(0.5125 0.1 0.1)
(0.525 0.09999999999999999 0.09999999999999999)
(0.5375 0.1 0.1)
(0.55 0.09999999999999999 0.1)
(0.5625 0.1 0.1)
(0.5750000000000001 0.1 0.09999999999999999)
(0.5875 0.1 0.1)
(0.6 0.09999999999999998 0.1)
(0.6125 0.1 0.1)
(0.625 0.1 0.09999999999999999)
(0.6375 0.1 0.1)
(0.65 0.09999999999999999 0.1)
(0.6625 0.09999999999999999 0.1)
(0.6749999999999999 0.09999999999999999 0.09999999999999999)
(0.6875 0.1 0.1)
(0.6999999999999998 0.1 0.1)
(0.7125 0.09999999999999999 0.1)
(0.725 0.09999999999999999 0.09999999999999998)
(0.7374999999999999 0.1 0.1)
(0.75 0.1 0.1)
(0.7624999999999998 0.09999999999999999 0.1)
(0.775 0.1 0.09999999999999999)
(0.7875 0.09999999999999999 0.1)
(0.8000000000000002 0.1 0.1)
(0.8125 0.09999999999999999 0.1)
(0.8250000000000001 0.1 0.09999999999999999)
(0.8375 0.09999999999999999 0.1)
(0.85 0.1 0.1)
(0.8625000000000003 0.09999999999999999 0.1)
(0.875 0.1 0.09999999999999999)
(0.8875000000000001 0.09999999999999999 0.1)
(0.9 0.1 0.1)
(0.9125000000000001 0.09999999999999999 0.1)
(0.9249999999999999 0.1 0.09999999999999999)
(0.9375 0.09999999999999999 0.1)
(0.9500000000000001 0.1 0.1)
(0.9625 0.09999999999999999 0.1)
(0.975 0.09999999999999999 0.1)
(0.9874999999999999 0.09999999999999999 0.1)
(1 0.1 0.1)
(0 0.1125 0.09999999999999999)
(0.0125 0.1125 0.09999999999999999)
(0.025 0.1125 0.1)
(0.0375 0.1125 0.1)
(0.04999999999999999 0.1125 0.1)
(0.0625 0.1125 0.1)
(0.075 0.1125 0.09999999999999999)
(0.08749999999999998 0.1125 0.09999999999999998)
(0.09999999999999999 0.1125 0.09999999999999999)
(0.1125 0.1125 0.09999999999999999)
(0.125 0.1125 0.1)
(0.1375 0.1125 0.09999999999999999)
(0.15 0.1125 0.1)
(0.1625 0.1125 0.1)
(0.175 0.1125 0.1)
(0.1875 0.1125 0.1)
(0.2 0.1125 0.09999999999999999)
(0.2125 0.1125 0.09999999999999999)
(0.225 0.1125 0.09999999999999999)
(0.2375 0.1125 0.09999999999999999)
(0.25 0.1125 0.1)
(0.2625 0.1125 0.09999999999999999)
(0.2750000000000001 0.1125 0.1)
(0.2875 0.1125 0.09999999999999999)
(0.3 0.1125 0.1)
(0.3125 0.1125 0.09999999999999999)
(0.325 0.1125 0.09999999999999999)
(0.3375000000000001 0.1125 0.1)
(0.3499999999999999 0.1125 0.09999999999999999)
(0.3625 0.1125 0.09999999999999999)
(0.3749999999999999 0.1125 0.09999999999999998)
(0.3875 0.1125 0.09999999999999999)
(0.4 0.1125 0.09999999999999999)
(0.4124999999999999 0.1125 0.1)
(0.425 0.1125 0.1)
(0.4375 0.1125 0.1)
(0.45 0.1125 0.1)
(0.4625 0.1125 0.09999999999999999)
(0.475 0.1125 0.09999999999999999)
(0.4875 0.1125 0.09999999999999999)
(0.5 0.1125 0.09999999999999999)
(0.5125 0.1125 0.09999999999999999)
(0.525 0.1125 0.09999999999999999)
(0.5375 0.1125 0.09999999999999999)
(0.55 0.1125 0.09999999999999999)
(0.5625 0.1125 0.1)
(0.575 0.1125 0.09999999999999999)
(0.5875 0.1125 0.09999999999999999)
(0.6 0.1125 0.09999999999999999)
(0.6125 0.1125 0.1)
(0.625 0.1125 0.09999999999999999)
(0.6375 0.1125 0.09999999999999999)
(0.65 0.1125 0.09999999999999999)
(0.6624999999999999 0.1125 0.1)
(0.6750000000000002 0.1125 0.1)
(0.6875 0.1125 0.1)
(0.6999999999999998 0.1125 0.1)
(0.7125 0.1125 0.1)
(0.7250000000000001 0.1125 0.09999999999999999)
(0.7375000000000002 0.1125 0.09999999999999999)
(0.75 0.1125 0.09999999999999999)
(0.7625000000000001 0.1125 0.09999999999999999)
(0.775 0.1125 0.09999999999999999)
(0.7875 0.1125 0.09999999999999999)
(0.7999999999999999 0.1125 0.09999999999999998)
(0.8125 0.1125 0.1)
(0.8249999999999998 0.1125 0.1)
(0.8375 0.1125 0.1)
(0.85 0.1125 0.09999999999999999)
(0.8625000000000002 0.1125 0.09999999999999999)
(0.875 0.1125 0.1)
(0.8874999999999998 0.1125 0.09999999999999999)
(0.8999999999999999 0.1125 0.09999999999999999)
(0.9125 0.1125 0.09999999999999998)
(0.9249999999999999 0.1125 0.1)
(0.9375 0.1125 0.1)
(0.9500000000000001 0.1125 0.1)
(0.9625 0.1125 0.09999999999999999)
(0.975 0.1125 0.1)
(0.9875000000000002 0.1125 0.09999999999999999)
(1 0.1125 0.09999999999999999)
(0 0.125 0.1)
(0.0125 0.125 0.09999999999999999)
(0.025 0.125 0.1)
(0.0375 0.125 0.1)
(0.05000000000000001 0.125 0.1)
(0.0625 0.125 0.1)
(0.075 0.125 0.09999999999999998)
(0.08749999999999998 0.125 0.09999999999999999)
(0.1 0.125 0.09999999999999998)
(0.1125 0.125 0.1)
(0.125 0.125 0.1)
(0.1375 0.125 0.09999999999999999)
(0.15 0.125 0.1)
(0.1625 0.125 0.1)
(0.175 0.125 0.1)
(0.1875 0.125 0.09999999999999999)
(0.2 0.125 0.1)
(0.2125 0.125 0.1)
(0.225 0.125 0.1)
(0.2375 0.125 0.09999999999999999)
(0.25 0.125 0.09999999999999999)
(0.2625 0.125 0.1)
(0.2750000000000001 0.125 0.09999999999999998)
(0.2874999999999999 0.125 0.09999999999999999)
(0.3 0.125 0.09999999999999998)
(0.3125 0.125 0.1)
(0.325 0.125 0.1)
(0.3375000000000001 0.125 0.1)
(0.3499999999999999 0.125 0.1)
(0.3625 0.125 0.1)
(0.375 0.125 0.1)
(0.3875 0.125 0.09999999999999998)
(0.4000000000000001 0.125 0.09999999999999999)
(0.4124999999999999 0.125 0.09999999999999998)
(0.425 0.125 0.09999999999999999)
(0.4375 0.125 0.1)
(0.45 0.125 0.1)
(0.4625000000000001 0.125 0.1)
(0.4749999999999999 0.125 0.1)
(0.4875 0.125 0.09999999999999999)
(0.5 0.125 0.09999999999999999)
(0.5124999999999998 0.125 0.1)
(0.525 0.125 0.1)
(0.5375 0.125 0.09999999999999999)
(0.5500000000000002 0.125 0.1)
(0.5625 0.125 0.09999999999999999)
(0.5749999999999998 0.125 0.1)
(0.5875 0.125 0.09999999999999999)
(0.6 0.125 0.1)
(0.6125000000000002 0.125 0.09999999999999999)
(0.625 0.125 0.09999999999999999)
(0.6374999999999998 0.125 0.1)
(0.65 0.125 0.1)
(0.6625 0.125 0.1)
(0.6750000000000002 0.125 0.1)
(0.6875 0.125 0.1)
(0.6999999999999998 0.125 0.09999999999999998)
(0.7124999999999999 0.125 0.09999999999999999)
(0.7250000000000001 0.125 0.09999999999999998)
(0.7375000000000002 0.125 0.09999999999999999)
(0.75 0.125 0.1)
(0.7624999999999998 0.125 0.09999999999999999)
(0.7749999999999999 0.125 0.09999999999999999)
(0.7875000000000001 0.125 0.09999999999999999)
(0.8000000000000002 0.125 0.09999999999999999)
(0.8125 0.125 0.09999999999999999)
(0.8249999999999998 0.125 0.1)
(0.8374999999999999 0.125 0.1)
(0.8500000000000001 0.125 0.1)
(0.8625000000000002 0.125 0.1)
(0.875 0.125 0.09999999999999999)
(0.8874999999999998 0.125 0.1)
(0.8999999999999999 0.125 0.09999999999999999)
(0.9125000000000001 0.125 0.1)
(0.9250000000000002 0.125 0.09999999999999999)
(0.9375 0.125 0.09999999999999999)
(0.9499999999999998 0.125 0.1)
(0.9624999999999999 0.125 0.09999999999999999)
(0.9750000000000001 0.125 0.1)
(0.9875000000000002 0.125 0.1)
(1 0.125 0.1)
(0 0.1375 0.09999999999999999)
(0.0125 0.1375 0.09999999999999999)
(0.025 0.1375 0.1)
(0.0375 0.1375 0.1)
(0.05 0.1375 0.09999999999999999)
(0.0625 0.1375 0.09999999999999999)
(0.075 0.1375 0.1)
(0.08750000000000001 0.1375 0.1)
(0.09999999999999998 0.1375 0.1)
(0.1125 0.1375 0.09999999999999999)
(0.125 0.1375 0.1)
(0.1375 0.1375 0.09999999999999999)
(0.15 0.1375 0.1)
(0.1625 0.1375 0.1)
(0.175 0.1375 0.09999999999999999)
(0.1875 0.1375 0.09999999999999999)
(0.2 0.1375 0.09999999999999999)
(0.2125 0.1375 0.1)
(0.225 0.1375 0.1)
(0.2375 0.1375 0.09999999999999999)
(0.25 0.1375 0.09999999999999999)
(0.2625 0.1375 0.1)
(0.275 0.1375 0.1)
(0.2875 0.1375 0.09999999999999999)
(0.3 0.1375 0.09999999999999999)
(0.3125 0.1375 0.1)
(0.325 0.1375 0.1)
(0.3375000000000001 0.1375 0.09999999999999999)
(0.35 0.1375 0.09999999999999999)
(0.3625 0.1375 0.1)
(0.3750000000000001 0.1375 0.09999999999999999)
(0.3875 0.1375 0.1)
(0.4 0.1375 0.09999999999999999)
(0.4124999999999999 0.1375 0.09999999999999999)
(0.425 0.1375 0.09999999999999999)
(0.4375 0.1375 0.1)
(0.45 0.1375 0.1)
(0.4625000000000001 0.1375 0.1)
(0.4749999999999999 0.1375 0.1)
(0.4875 0.1375 0.09999999999999999)
(0.5 0.1375 0.1)
(0.5125 0.1375 0.09999999999999999)
(0.5250000000000001 0.1375 0.09999999999999999)
(0.5375000000000001 0.1375 0.1)
(0.55 0.1375 0.1)
(0.5625 0.1375 0.1)
(0.575 0.1375 0.09999999999999999)
(0.5875 0.1375 0.09999999999999999)
(0.6 0.1375 0.09999999999999999)
(0.6125 0.1375 0.1)
(0.625 0.1375 0.1)
(0.6375 0.1375 0.09999999999999999)
(0.65 0.1375 0.09999999999999999)
(0.6625 0.1375 0.09999999999999999)
(0.6750000000000002 0.1375 0.1)
(0.6875 0.1375 0.09999999999999999)
(0.7000000000000001 0.1375 0.09999999999999999)
(0.7125000000000002 0.1375 0.09999999999999999)
(0.7250000000000001 0.1375 0.1)
(0.7375000000000002 0.1375 0.1)
(0.7500000000000001 0.1375 0.09999999999999999)
(0.7625000000000001 0.1375 0.09999999999999999)
(0.775 0.1375 0.09999999999999999)
(0.7875 0.1375 0.1)
(0.7999999999999999 0.1375 0.09999999999999999)
(0.8125 0.1375 0.09999999999999999)
(0.8249999999999998 0.1375 0.09999999999999999)
(0.8375 0.1375 0.09999999999999999)
(0.8500000000000001 0.1375 0.1)
(0.8625000000000002 0.1375 0.09999999999999999)
(0.875 0.1375 0.1)
(0.8875000000000001 0.1375 0.1)
(0.9 0.1375 0.1)
(0.9125000000000001 0.1375 0.1)
(0.9250000000000002 0.1375 0.09999999999999999)
(0.9375 0.1375 0.09999999999999999)
(0.9499999999999998 0.1375 0.09999999999999999)
(0.9625 0.1375 0.1)
(0.9750000000000001 0.1375 0.09999999999999999)
(0.9875000000000002 0.1375 0.09999999999999999)
(1 0.1375 0.09999999999999999)
(0 0.15 0.1)
(0.0125 0.15 0.1)
(0.025 0.15 0.09999999999999999)
(0.0375 0.15 0.1)
(0.05000000000000001 0.15 0.09999999999999999)
(0.0625 0.15 0.09999999999999999)
(0.075 0.15 0.1)
(0.08750000000000001 0.15 0.1)
(0.1 0.15 0.1)
(0.1125 0.15 0.1)
(0.125 0.15 0.1)
(0.1375 0.15 0.1)
(0.15 0.15 0.09999999999999998)
(0.1625 0.15 0.09999999999999999)
(0.175 0.15 0.1)
(0.1875 0.15 0.1)
(0.2 0.15 0.1)
(0.2125 0.15 0.1)
(0.225 0.15 0.1)
(0.2375 0.15 0.1)
(0.25 0.15 0.09999999999999999)
(0.2625 0.15 0.09999999999999999)
(0.275 0.15 0.09999999999999999)
(0.2875 0.15 0.1)
(0.3 0.15 0.1)
(0.3125 0.15 0.09999999999999999)
(0.325 0.15 0.1)
(0.3375 0.15 0.09999999999999999)
(0.35 0.15 0.09999999999999999)
(0.3625 0.15 0.1)
(0.375 0.15 0.1)
(0.3875 0.15 0.1)
(0.4000000000000001 0.15 0.09999999999999999)
(0.4124999999999999 0.15 0.1)
(0.425 0.15 0.1)
(0.4375 0.15 0.1)
(0.45 0.15 0.09999999999999999)
(0.4625000000000001 0.15 0.1)
(0.475 0.15 0.1)
(0.4875000000000001 0.15 0.1)
(0.5 0.15 0.1)
(0.5125 0.15 0.1)
(0.525 0.15 0.1)
(0.5375 0.15 0.09999999999999999)
(0.55 0.15 0.09999999999999999)
(0.5625 0.15 0.1)
(0.575 0.15 0.1)
(0.5875 0.15 0.1)
(0.6 0.15 0.1)
(0.6124999999999999 0.15 0.1)
(0.625 0.15 0.1)
(0.6375000000000001 0.15 0.09999999999999999)
(0.65 0.15 0.09999999999999999)
(0.6625 0.15 0.1)
(0.6749999999999999 0.15 0.1)
(0.6875 0.15 0.1)
(0.7000000000000001 0.15 0.09999999999999999)
(0.7124999999999999 0.15 0.1)
(0.7250000000000001 0.15 0.09999999999999999)
(0.7375000000000002 0.15 0.09999999999999999)
(0.75 0.15 0.09999999999999999)
(0.7624999999999998 0.15 0.1)
(0.7749999999999999 0.15 0.1)
(0.7875 0.15 0.1)
(0.8000000000000002 0.15 0.1)
(0.8125 0.15 0.1)
(0.8249999999999998 0.15 0.1)
(0.8374999999999999 0.15 0.09999999999999999)
(0.85 0.15 0.09999999999999999)
(0.8624999999999999 0.15 0.1)
(0.875 0.15 0.1)
(0.8875000000000001 0.15 0.1)
(0.9 0.15 0.1)
(0.9125 0.15 0.1)
(0.9249999999999999 0.15 0.1)
(0.9375 0.15 0.09999999999999999)
(0.9500000000000001 0.15 0.1)
(0.9625 0.15 0.1)
(0.975 0.15 0.1)
(0.9874999999999999 0.15 0.1)
(1 0.15 0.1)
(0 0.1625 0.09999999999999999)
(0.0125 0.1625 0.1)
(0.025 0.1625 0.09999999999999999)
(0.0375 0.1625 0.1)
(0.05 0.1625 0.1)
(0.0625 0.1625 0.1)
(0.07499999999999998 0.1625 0.09999999999999999)
(0.08750000000000001 0.1625 0.1)
(0.09999999999999999 0.1625 0.1)
(0.1125 0.1625 0.1)
(0.125 0.1625 0.1)
(0.1375 0.1625 0.09999999999999999)
(0.15 0.1625 0.09999999999999999)
(0.1625 0.1625 0.09999999999999999)
(0.175 0.1625 0.09999999999999999)
(0.1875 0.1625 0.09999999999999999)
(0.2 0.1625 0.09999999999999999)
(0.2125 0.1625 0.09999999999999999)
(0.225 0.1625 0.1)
(0.2375 0.1625 0.09999999999999999)
(0.25 0.1625 0.1)
(0.2625 0.1625 0.09999999999999999)
(0.275 0.1625 0.1)
(0.2875 0.1625 0.09999999999999999)
(0.3 0.1625 0.1)
(0.3125 0.1625 0.09999999999999999)
(0.325 0.1625 0.1)
(0.3375000000000001 0.1625 0.09999999999999999)
(0.3499999999999999 0.1625 0.1)
(0.3625 0.1625 0.1)
(0.375 0.1625 0.1)
(0.3875 0.1625 0.09999999999999998)
(0.4000000000000001 0.1625 0.1)
(0.4125 0.1625 0.09999999999999999)
(0.425 0.1625 0.1)
(0.4375 0.1625 0.09999999999999999)
(0.4499999999999999 0.1625 0.09999999999999999)
(0.4625000000000001 0.1625 0.1)
(0.4749999999999999 0.1625 0.09999999999999999)
(0.4875 0.1625 0.1)
(0.5 0.1625 0.09999999999999999)
(0.5125 0.1625 0.1)
(0.525 0.1625 0.09999999999999999)
(0.5375 0.1625 0.1)
(0.55 0.1625 0.09999999999999999)
(0.5625 0.1625 0.1)
(0.575 0.1625 0.09999999999999999)
(0.5875 0.1625 0.09999999999999999)
(0.6 0.1625 0.09999999999999999)
(0.6125 0.1625 0.09999999999999999)
(0.625 0.1625 0.09999999999999999)
(0.6374999999999998 0.1625 0.09999999999999999)
(0.65 0.1625 0.09999999999999999)
(0.6625 0.1625 0.1)
(0.6750000000000002 0.1625 0.1)
(0.6875 0.1625 0.1)
(0.7000000000000001 0.1625 0.1)
(0.7125 0.1625 0.1)
(0.725 0.1625 0.1)
(0.7374999999999999 0.1625 0.09999999999999999)
(0.75 0.1625 0.1)
(0.7625000000000001 0.1625 0.09999999999999999)
(0.775 0.1625 0.1)
(0.7875 0.1625 0.09999999999999999)
(0.7999999999999999 0.1625 0.09999999999999999)
(0.8125 0.1625 0.09999999999999999)
(0.8250000000000001 0.1625 0.09999999999999999)
(0.8375 0.1625 0.09999999999999999)
(0.8500000000000001 0.1625 0.1)
(0.8624999999999999 0.1625 0.09999999999999999)
(0.875 0.1625 0.09999999999999999)
(0.8874999999999998 0.1625 0.09999999999999999)
(0.9 0.1625 0.09999999999999999)
(0.9125 0.1625 0.1)
(0.9250000000000002 0.1625 0.09999999999999999)
(0.9375 0.1625 0.1)
(0.9499999999999998 0.1625 0.1)
(0.9625 0.1625 0.1)
(0.975 0.1625 0.09999999999999999)
(0.9875000000000003 0.1625 0.1)
(1 0.1625 0.09999999999999999)
(0 0.175 0.1)
(0.0125 0.175 0.1)
(0.025 0.175 0.09999999999999999)
(0.0375 0.175 0.1)
(0.05000000000000001 0.175 0.1)
(0.0625 0.175 0.09999999999999999)
(0.075 0.175 0.1)
(0.08749999999999998 0.175 0.09999999999999999)
(0.1 0.175 0.09999999999999998)
(0.1125 0.175 0.1)
(0.125 0.175 0.1)
(0.1375 0.175 0.09999999999999999)
(0.15 0.175 0.1)
(0.1625 0.175 0.09999999999999999)
(0.175 0.175 0.1)
(0.1875 0.175 0.09999999999999999)
(0.2 0.175 0.1)
(0.2125 0.175 0.1)
(0.225 0.175 0.09999999999999999)
(0.2375 0.175 0.1)
(0.25 0.175 0.1)
(0.2625 0.175 0.1)
(0.275 0.175 0.1)
(0.2875 0.175 0.1)
(0.3 0.175 0.09999999999999999)
(0.3125 0.175 0.09999999999999999)
(0.325 0.175 0.1)
(0.3375 0.175 0.1)
(0.3499999999999999 0.175 0.09999999999999999)
(0.3625 0.175 0.09999999999999998)
(0.3749999999999999 0.175 0.09999999999999999)
(0.3875 0.175 0.1)
(0.4000000000000001 0.175 0.1)
(0.4125 0.175 0.1)
(0.425 0.175 0.1)
(0.4375 0.175 0.09999999999999998)
(0.45 0.175 0.1)
(0.4624999999999999 0.175 0.09999999999999999)
(0.4749999999999999 0.175 0.1)
(0.4875 0.175 0.09999999999999999)
(0.5 0.175 0.09999999999999999)
(0.5125 0.175 0.09999999999999999)
(0.525 0.175 0.09999999999999999)
(0.5375 0.175 0.1)
(0.55 0.175 0.1)
(0.5625 0.175 0.09999999999999999)
(0.575 0.175 0.1)
(0.5875 0.175 0.1)
(0.6 0.175 0.1)
(0.6125 0.175 0.1)
(0.625 0.175 0.1)
(0.6375 0.175 0.09999999999999998)
(0.65 0.175 0.09999999999999999)
(0.6625 0.175 0.1)
(0.6749999999999999 0.175 0.09999999999999999)
(0.6875 0.175 0.1)
(0.7000000000000001 0.175 0.09999999999999999)
(0.7124999999999999 0.175 0.09999999999999999)
(0.725 0.175 0.1)
(0.7374999999999999 0.175 0.1)
(0.75 0.175 0.1)
(0.7624999999999998 0.175 0.09999999999999998)
(0.775 0.175 0.09999999999999999)
(0.7875 0.175 0.1)
(0.8000000000000002 0.175 0.09999999999999999)
(0.8125 0.175 0.1)
(0.8250000000000001 0.175 0.1)
(0.8374999999999999 0.175 0.09999999999999999)
(0.85 0.175 0.1)
(0.8624999999999999 0.175 0.1)
(0.875 0.175 0.1)
(0.8874999999999998 0.175 0.1)
(0.9 0.175 0.09999999999999999)
(0.9125000000000001 0.175 0.09999999999999999)
(0.9250000000000002 0.175 0.09999999999999999)
(0.9375 0.175 0.1)
(0.9499999999999998 0.175 0.09999999999999999)
(0.9625 0.175 0.1)
(0.975 0.175 0.09999999999999998)
(0.9875000000000002 0.175 0.09999999999999999)
(1 0.175 0.1)
(0 0.1875 0.09999999999999999)
(0.0125 0.1875 0.1)
(0.025 0.1875 0.1)
(0.0375 0.1875 0.1)
(0.05 0.1875 0.1)
(0.0625 0.1875 0.09999999999999999)
(0.075 0.1875 0.09999999999999999)
(0.08750000000000001 0.1875 0.09999999999999999)
(0.09999999999999999 0.1875 0.09999999999999999)
(0.1125 0.1875 0.1)
(0.125 0.1875 0.09999999999999999)
(0.1375 0.1875 0.09999999999999999)
(0.15 0.1875 0.1)
(0.1625 0.1875 0.09999999999999999)
(0.175 0.1875 0.09999999999999999)
(0.1875 0.1875 0.1)
(0.2 0.1875 0.09999999999999999)
(0.2125 0.1875 0.1)
(0.225 0.1875 0.09999999999999999)
(0.2375 0.1875 0.09999999999999999)
(0.25 0.1875 0.1)
(0.2625 0.1875 0.1)
(0.275 0.1875 0.09999999999999999)
(0.2875 0.1875 0.1)
(0.3 0.1875 0.09999999999999999)
(0.3125 0.1875 0.09999999999999999)
(0.3250000000000001 0.1875 0.1)
(0.3375 0.1875 0.1)
(0.35 0.1875 0.1)
(0.3624999999999999 0.1875 0.09999999999999999)
(0.375 0.1875 0.09999999999999999)
(0.3875000000000001 0.1875 0.09999999999999999)
(0.4 0.1875 0.09999999999999999)
(0.4125 0.1875 0.1)
(0.4249999999999999 0.1875 0.1)
(0.4375 0.1875 0.09999999999999999)
(0.4500000000000001 0.1875 0.09999999999999999)
(0.4625 0.1875 0.09999999999999999)
(0.475 0.1875 0.09999999999999999)
(0.4874999999999999 0.1875 0.09999999999999999)
(0.5 0.1875 0.1)
(0.5125000000000001 0.1875 0.09999999999999999)
(0.525 0.1875 0.09999999999999999)
(0.5375 0.1875 0.09999999999999999)
(0.5499999999999999 0.1875 0.09999999999999999)
(0.5625 0.1875 0.09999999999999999)
(0.5750000000000001 0.1875 0.1)
(0.5875 0.1875 0.09999999999999999)
(0.6 0.1875 0.09999999999999999)
(0.6124999999999999 0.1875 0.09999999999999999)
(0.625 0.1875 0.09999999999999999)
(0.6375000000000001 0.1875 0.09999999999999999)
(0.6500000000000001 0.1875 0.1)
(0.6624999999999999 0.1875 0.1)
(0.6749999999999999 0.1875 0.09999999999999999)
(0.6875 0.1875 0.09999999999999999)
(0.7000000000000001 0.1875 0.09999999999999999)
(0.7125000000000002 0.1875 0.1)
(0.7249999999999998 0.1875 0.1)
(0.7374999999999999 0.1875 0.1)
(0.75 0.1875 0.09999999999999999)
(0.7625000000000001 0.1875 0.09999999999999999)
(0.7750000000000002 0.1875 0.09999999999999999)
(0.7874999999999998 0.1875 0.09999999999999999)
(0.7999999999999999 0.1875 0.09999999999999999)
(0.8125 0.1875 0.1)
(0.8250000000000001 0.1875 0.09999999999999999)
(0.8375000000000002 0.1875 0.09999999999999999)
(0.8499999999999998 0.1875 0.09999999999999999)
(0.8624999999999999 0.1875 0.09999999999999999)
(0.875 0.1875 0.09999999999999999)
(0.8875000000000001 0.1875 0.1)
(0.9000000000000002 0.1875 0.1)
(0.9124999999999998 0.1875 0.09999999999999999)
(0.9249999999999999 0.1875 0.09999999999999999)
(0.9375 0.1875 0.09999999999999999)
(0.9500000000000001 0.1875 0.09999999999999999)
(0.9625000000000002 0.1875 0.1)
(0.9749999999999998 0.1875 0.1)
(0.9874999999999999 0.1875 0.09999999999999999)
(1 0.1875 0.09999999999999999)
(0 0.2 0.1)
(0.0125 0.2 0.09999999999999999)
(0.025 0.2 0.1)
(0.0375 0.2 0.09999999999999999)
(0.05000000000000001 0.2 0.1)
(0.0625 0.2 0.09999999999999999)
(0.075 0.2 0.1)
(0.08750000000000001 0.2 0.09999999999999999)
(0.1 0.2 0.1)
(0.1125 0.2 0.09999999999999999)
(0.125 0.2 0.1)
(0.1375 0.2 0.09999999999999999)
(0.15 0.2 0.1)
(0.1625 0.2 0.09999999999999999)
(0.175 0.2 0.1)
(0.1875 0.2 0.09999999999999999)
(0.2 0.2 0.1)
(0.2125 0.2 0.09999999999999999)
(0.225 0.2 0.1)
(0.2375 0.2 0.09999999999999999)
(0.25 0.2 0.1)
(0.2625 0.2 0.1)
(0.275 0.2 0.1)
(0.2875 0.2 0.1)
(0.3 0.2 0.1)
(0.3125 0.2 0.1)
(0.325 0.2 0.1)
(0.3375000000000001 0.2 0.1)
(0.35 0.2 0.1)
(0.3625 0.2 0.09999999999999999)
(0.3750000000000001 0.2 0.1)
(0.3875 0.2 0.1)
(0.4000000000000001 0.2 0.1)
(0.4125 0.2 0.09999999999999999)
(0.425 0.2 0.1)
(0.4375 0.2 0.09999999999999999)
(0.4500000000000001 0.2 0.1)
(0.4625000000000001 0.2 0.09999999999999999)
(0.475 0.2 0.1)
(0.4875 0.2 0.09999999999999999)
(0.5 0.2 0.1)
(0.5125 0.2 0.09999999999999999)
(0.525 0.2 0.1)
(0.5375 0.2 0.09999999999999999)
(0.55 0.2 0.1)
(0.5625 0.2 0.09999999999999999)
(0.575 0.2 0.1)
(0.5875 0.2 0.09999999999999999)
(0.6 0.2 0.1)
(0.6125 0.2 0.09999999999999999)
(0.625 0.2 0.1)
(0.6375 0.2 0.09999999999999999)
(0.65 0.2 0.1)
(0.6625000000000001 0.2 0.09999999999999999)
(0.6750000000000002 0.2 0.1)
(0.6875 0.2 0.09999999999999999)
(0.7000000000000001 0.2 0.1)
(0.7125 0.2 0.09999999999999999)
(0.725 0.2 0.1)
(0.7375000000000002 0.2 0.09999999999999999)
(0.7500000000000001 0.2 0.1)
(0.7624999999999998 0.2 0.09999999999999999)
(0.775 0.2 0.1)
(0.7875000000000001 0.2 0.09999999999999999)
(0.8000000000000002 0.2 0.1)
(0.8125 0.2 0.09999999999999999)
(0.8250000000000001 0.2 0.1)
(0.8375 0.2 0.09999999999999999)
(0.8500000000000001 0.2 0.1)
(0.8624999999999999 0.2 0.09999999999999999)
(0.875 0.2 0.1)
(0.8874999999999998 0.2 0.09999999999999999)
(0.9000000000000002 0.2 0.1)
(0.9125 0.2 0.09999999999999999)
(0.9250000000000002 0.2 0.1)
(0.9375 0.2 0.09999999999999999)
(0.9500000000000001 0.2 0.1)
(0.9625 0.2 0.09999999999999999)
(0.9750000000000001 0.2 0.1)
(0.9875000000000002 0.2 0.09999999999999999)
(1 0.2 0.1)
(0 0.2125 0.09999999999999999)
(0.0125 0.2125 0.09999999999999999)
(0.025 0.2125 0.1)
(0.0375 0.2125 0.09999999999999999)
(0.05 0.2125 0.1)
(0.0625 0.2125 0.1)
(0.075 0.2125 0.09999999999999999)
(0.08750000000000001 0.2125 0.09999999999999999)
(0.09999999999999999 0.2125 0.1)
(0.1125 0.2125 0.09999999999999999)
(0.125 0.2125 0.1)
(0.1375 0.2125 0.1)
(0.15 0.2125 0.09999999999999999)
(0.1625 0.2125 0.09999999999999999)
(0.175 0.2125 0.1)
(0.1875 0.2125 0.1)
(0.2 0.2125 0.09999999999999999)
(0.2125 0.2125 0.1)
(0.225 0.2125 0.1)
(0.2375 0.2125 0.09999999999999999)
(0.25 0.2125 0.1)
(0.2625000000000001 0.2125 0.1)
(0.275 0.2125 0.09999999999999999)
(0.2875 0.2125 0.1)
(0.3 0.2125 0.1)
(0.3125 0.2125 0.09999999999999999)
(0.325 0.2125 0.1)
(0.3375 0.2125 0.1)
(0.35 0.2125 0.09999999999999999)
(0.3625 0.2125 0.1)
(0.375 0.2125 0.1)
(0.3875 0.2125 0.1)
(0.4 0.2125 0.1)
(0.4125 0.2125 0.09999999999999999)
(0.425 0.2125 0.09999999999999999)
(0.4375 0.2125 0.1)
(0.45 0.2125 0.09999999999999999)
(0.4625 0.2125 0.1)
(0.4749999999999999 0.2125 0.09999999999999999)
(0.4875 0.2125 0.09999999999999999)
(0.5 0.2125 0.09999999999999999)
(0.5125 0.2125 0.1)
(0.525 0.2125 0.09999999999999999)
(0.5375 0.2125 0.1)
(0.55 0.2125 0.1)
(0.5625 0.2125 0.09999999999999999)
(0.5749999999999998 0.2125 0.09999999999999999)
(0.5875 0.2125 0.1)
(0.6 0.2125 0.09999999999999999)
(0.6125 0.2125 0.09999999999999999)
(0.625 0.2125 0.1)
(0.6375 0.2125 0.09999999999999999)
(0.65 0.2125 0.09999999999999999)
(0.6625 0.2125 0.1)
(0.6750000000000002 0.2125 0.09999999999999999)
(0.6875 0.2125 0.09999999999999999)
(0.7000000000000001 0.2125 0.1)
(0.7124999999999999 0.2125 0.1)
(0.725 0.2125 0.09999999999999999)
(0.7374999999999999 0.2125 0.1)
(0.75 0.2125 0.09999999999999999)
(0.7625000000000001 0.2125 0.1)
(0.7749999999999999 0.2125 0.1)
(0.7875000000000001 0.2125 0.1)
(0.7999999999999999 0.2125 0.09999999999999999)
(0.8125 0.2125 0.1)
(0.8250000000000001 0.2125 0.09999999999999999)
(0.8375 0.2125 0.09999999999999999)
(0.85 0.2125 0.1)
(0.8624999999999999 0.2125 0.1)
(0.875 0.2125 0.1)
(0.8874999999999998 0.2125 0.09999999999999999)
(0.9 0.2125 0.09999999999999999)
(0.9124999999999998 0.2125 0.09999999999999999)
(0.9250000000000002 0.2125 0.1)
(0.9375 0.2125 0.09999999999999999)
(0.9499999999999998 0.2125 0.1)
(0.9624999999999999 0.2125 0.1)
(0.975 0.2125 0.09999999999999999)
(0.9875000000000002 0.2125 0.1)
(1 0.2125 0.09999999999999999)
(0 0.225 0.1)
(0.0125 0.225 0.1)
(0.025 0.225 0.1)
(0.0375 0.225 0.09999999999999999)
(0.05000000000000002 0.225 0.1)
(0.0625 0.225 0.1)
(0.075 0.225 0.1)
(0.08750000000000001 0.2250000000000001 0.1)
(0.1 0.225 0.09999999999999999)
(0.1125 0.225 0.09999999999999999)
(0.125 0.225 0.1)
(0.1375 0.225 0.1)
(0.15 0.225 0.1)
(0.1625 0.225 0.1)
(0.175 0.225 0.09999999999999999)
(0.1875 0.225 0.1)
(0.2 0.225 0.1)
(0.2125 0.225 0.1)
(0.225 0.225 0.09999999999999999)
(0.2375 0.225 0.09999999999999999)
(0.25 0.225 0.1)
(0.2625 0.225 0.1)
(0.275 0.225 0.1)
(0.2875 0.225 0.1)
(0.3 0.225 0.09999999999999999)
(0.3125 0.225 0.09999999999999999)
(0.325 0.225 0.09999999999999999)
(0.3375000000000001 0.225 0.1)
(0.35 0.225 0.1)
(0.3625 0.225 0.09999999999999999)
(0.375 0.225 0.09999999999999999)
(0.3875 0.225 0.09999999999999999)
(0.4000000000000001 0.225 0.1)
(0.4124999999999999 0.225 0.1)
(0.425 0.225 0.09999999999999999)
(0.4375 0.225 0.09999999999999999)
(0.45 0.225 0.1)
(0.4625 0.2250000000000001 0.1)
(0.475 0.225 0.1)
(0.4875 0.225 0.1)
(0.5 0.225 0.09999999999999999)
(0.5125 0.225 0.1)
(0.525 0.225 0.1)
(0.5375 0.225 0.1)
(0.55 0.225 0.1)
(0.5625 0.225 0.09999999999999999)
(0.575 0.225 0.1)
(0.5875 0.225 0.1)
(0.6 0.225 0.1)
(0.6124999999999999 0.225 0.1)
(0.625 0.225 0.1)
(0.6375000000000001 0.225 0.09999999999999999)
(0.65 0.225 0.1)
(0.6625 0.225 0.1)
(0.6750000000000002 0.225 0.1)
(0.6875 0.225 0.09999999999999999)
(0.7000000000000001 0.225 0.09999999999999999)
(0.7125 0.225 0.1)
(0.725 0.225 0.1)
(0.7375000000000002 0.225 0.1)
(0.75 0.2250000000000001 0.1)
(0.7624999999999998 0.225 0.09999999999999999)
(0.775 0.225 0.1)
(0.7875000000000001 0.225 0.1)
(0.8000000000000002 0.225 0.09999999999999999)
(0.8125 0.225 0.09999999999999999)
(0.8249999999999998 0.225 0.09999999999999999)
(0.8375 0.225 0.09999999999999998)
(0.85 0.225 0.1)
(0.8625000000000002 0.225 0.1)
(0.875 0.225 0.1)
(0.8875000000000001 0.225 0.09999999999999999)
(0.9 0.225 0.1)
(0.9125 0.225 0.1)
(0.9249999999999999 0.225 0.1)
(0.9375 0.225 0.1)
(0.9500000000000001 0.225 0.09999999999999999)
(0.9625 0.225 0.09999999999999999)
(0.975 0.225 0.1)
(0.9874999999999999 0.225 0.1)
(1 0.225 0.1)
(0 0.2375 0.09999999999999999)
(0.0125 0.2375 0.09999999999999999)
(0.025 0.2375 0.09999999999999999)
(0.03750000000000001 0.2375 0.09999999999999999)
(0.05000000000000001 0.2375 0.09999999999999999)
(0.0625 0.2375 0.09999999999999999)
(0.075 0.2375 0.09999999999999999)
(0.08749999999999998 0.2375 0.09999999999999999)
(0.09999999999999999 0.2375 0.09999999999999999)
(0.1125 0.2375 0.09999999999999999)
(0.125 0.2375 0.1)
(0.1375 0.2375 0.09999999999999999)
(0.15 0.2375 0.1)
(0.1625 0.2375 0.09999999999999999)
(0.175 0.2375 0.09999999999999999)
(0.1875 0.2375 0.09999999999999999)
(0.2 0.2375 0.09999999999999999)
(0.2125 0.2375 0.09999999999999999)
(0.225 0.2375 0.09999999999999999)
(0.2375 0.2375 0.09999999999999999)
(0.25 0.2375 0.09999999999999999)
(0.2625000000000001 0.2375 0.09999999999999999)
(0.275 0.2375 0.09999999999999999)
(0.2875 0.2375 0.1)
(0.3 0.2375 0.09999999999999999)
(0.3125 0.2375 0.1)
(0.325 0.2375 0.09999999999999999)
(0.3375 0.2375 0.1)
(0.3499999999999999 0.2375 0.09999999999999999)
(0.3625 0.2375 0.09999999999999999)
(0.3749999999999999 0.2375 0.09999999999999999)
(0.3875 0.2375 0.09999999999999999)
(0.4 0.2375 0.1)
(0.4125 0.2375 0.1)
(0.425 0.2375 0.09999999999999999)
(0.4375 0.2375 0.09999999999999999)
(0.45 0.2375 0.1)
(0.4625000000000001 0.2375 0.09999999999999999)
(0.4749999999999999 0.2375 0.1)
(0.4875 0.2375 0.09999999999999999)
(0.5 0.2375 0.1)
(0.5124999999999998 0.2375 0.09999999999999999)
(0.525 0.2375 0.1)
(0.5375 0.2375 0.09999999999999999)
(0.55 0.2375 0.09999999999999999)
(0.5625 0.2375 0.09999999999999999)
(0.575 0.2375 0.1)
(0.5874999999999999 0.2375 0.09999999999999999)
(0.6 0.2375 0.09999999999999999)
(0.6125 0.2375 0.09999999999999999)
(0.625 0.2375 0.09999999999999999)
(0.6375 0.2375 0.1)
(0.6499999999999999 0.2375 0.09999999999999999)
(0.6625 0.2375 0.1)
(0.6749999999999999 0.2375 0.09999999999999999)
(0.6875 0.2375 0.1)
(0.6999999999999998 0.2375 0.09999999999999999)
(0.7125 0.2375 0.09999999999999999)
(0.725 0.2375 0.09999999999999999)
(0.7375000000000002 0.2375 0.09999999999999999)
(0.75 0.2375 0.09999999999999999)
(0.7625000000000001 0.2375 0.09999999999999999)
(0.775 0.2375 0.09999999999999999)
(0.7875000000000001 0.2375 0.1)
(0.7999999999999999 0.2375 0.09999999999999999)
(0.8125 0.2375 0.09999999999999999)
(0.8249999999999998 0.2375 0.1)
(0.8374999999999999 0.2375 0.09999999999999999)
(0.85 0.2375 0.1)
(0.8625000000000002 0.2375 0.09999999999999999)
(0.875 0.2375 0.09999999999999999)
(0.8875000000000001 0.2375 0.09999999999999999)
(0.9 0.2375 0.09999999999999999)
(0.9125 0.2375 0.09999999999999999)
(0.9250000000000002 0.2375 0.09999999999999999)
(0.9375 0.2375 0.09999999999999999)
(0.9499999999999998 0.2375 0.09999999999999999)
(0.9624999999999999 0.2375 0.09999999999999999)
(0.975 0.2375 0.09999999999999999)
(0.9874999999999999 0.2375 0.09999999999999999)
(1 0.2375 0.09999999999999999)
(0 0.25 0.1)
(0.0125 0.25 0.09999999999999998)
(0.025 0.25 0.09999999999999999)
(0.0375 0.25 0.09999999999999999)
(0.05000000000000001 0.25 0.09999999999999998)
(0.0625 0.25 0.1)
(0.075 0.25 0.1)
(0.08749999999999998 0.25 0.1)
(0.1 0.25 0.1)
(0.1125 0.25 0.1)
(0.125 0.25 0.09999999999999999)
(0.1375 0.25 0.09999999999999999)
(0.15 0.25 0.09999999999999999)
(0.1625 0.25 0.1)
(0.175 0.25 0.1)
(0.1875 0.25 0.1)
(0.2 0.25 0.1)
(0.2125 0.25 0.1)
(0.225 0.25 0.1)
(0.2375 0.25 0.09999999999999999)
(0.25 0.25 0.09999999999999999)
(0.2625 0.25 0.1)
(0.275 0.25 0.1)
(0.2875 0.25 0.1)
(0.3 0.25 0.1)
(0.3125 0.25 0.1)
(0.325 0.25 0.09999999999999998)
(0.3375000000000001 0.25 0.09999999999999999)
(0.3499999999999999 0.25 0.09999999999999999)
(0.3625 0.25 0.09999999999999999)
(0.375 0.25 0.1)
(0.3875 0.25 0.1)
(0.4000000000000001 0.25 0.1)
(0.4124999999999999 0.25 0.1)
(0.425 0.25 0.1)
(0.4375 0.25 0.09999999999999999)
(0.45 0.25 0.09999999999999999)
(0.4625000000000001 0.25 0.09999999999999999)
(0.4749999999999999 0.25 0.1)
(0.4875 0.25 0.09999999999999999)
(0.5 0.25 0.1)
(0.5125 0.25 0.1)
(0.525 0.25 0.1)
(0.5375 0.25 0.09999999999999999)
(0.55 0.25 0.09999999999999999)
(0.5625 0.25 0.09999999999999999)
(0.575 0.25 0.1)
(0.5875 0.25 0.1)
(0.6 0.25 0.1)
(0.6125 0.25 0.1)
(0.625 0.25 0.1)
(0.6375 0.25 0.1)
(0.65 0.25 0.09999999999999999)
(0.6625 0.25 0.09999999999999999)
(0.6750000000000002 0.25 0.09999999999999999)
(0.6875 0.25 0.1)
(0.6999999999999998 0.25 0.09999999999999999)
(0.7125 0.25 0.1)
(0.725 0.25 0.09999999999999999)
(0.7375000000000002 0.25 0.1)
(0.75 0.25 0.09999999999999999)
(0.7624999999999998 0.25 0.09999999999999999)
(0.775 0.25 0.1)
(0.7875 0.25 0.1)
(0.8000000000000002 0.25 0.1)
(0.8125 0.25 0.1)
(0.8249999999999998 0.25 0.1)
(0.8375 0.25 0.1)
(0.85 0.25 0.09999999999999999)
(0.8625000000000002 0.25 0.09999999999999999)
(0.875 0.25 0.09999999999999999)
(0.8874999999999998 0.25 0.1)
(0.9 0.25 0.1)
(0.9125 0.25 0.1)
(0.9250000000000002 0.25 0.1)
(0.9375 0.25 0.1)
(0.9499999999999998 0.25 0.1)
(0.9625 0.25 0.09999999999999999)
(0.975 0.25 0.09999999999999999)
(0.9875000000000002 0.25 0.09999999999999999)
(1 0.25 0.1)
(0 0.2625 0.1)
(0.0125 0.2625 0.1)
(0.025 0.2625 0.1)
(0.03749999999999999 0.2625 0.09999999999999999)
(0.05000000000000001 0.2625 0.1)
(0.0625 0.2625 0.1)
(0.075 0.2625 0.1)
(0.08749999999999998 0.2625 0.09999999999999999)
(0.09999999999999999 0.2625 0.1)
(0.1125 0.2625 0.09999999999999999)
(0.125 0.2625000000000001 0.09999999999999999)
(0.1375 0.2625 0.1)
(0.15 0.2625 0.09999999999999999)
(0.1625 0.2625 0.09999999999999999)
(0.175 0.2625 0.1)
(0.1875 0.2625 0.1)
(0.2 0.2625 0.09999999999999999)
(0.2125 0.2625 0.1)
(0.225 0.2625 0.1)
(0.2375 0.2625000000000001 0.09999999999999999)
(0.25 0.2625 0.1)
(0.2625 0.2625 0.1)
(0.2750000000000001 0.2625 0.1)
(0.2875 0.2625 0.09999999999999999)
(0.3 0.2625 0.09999999999999999)
(0.3125 0.2625 0.1)
(0.3250000000000001 0.2625000000000001 0.1)
(0.3375 0.2625 0.1)
(0.3499999999999999 0.2625 0.1)
(0.3625 0.2625 0.09999999999999999)
(0.3750000000000001 0.2625 0.09999999999999999)
(0.3875000000000001 0.2625 0.09999999999999999)
(0.4000000000000001 0.2625 0.1)
(0.4124999999999999 0.2625 0.1)
(0.425 0.2625 0.1)
(0.4375 0.2625 0.1)
(0.45 0.2625000000000001 0.09999999999999999)
(0.4625 0.2625 0.1)
(0.475 0.2625 0.09999999999999999)
(0.4875 0.2625 0.1)
(0.5 0.2625 0.09999999999999999)
(0.5125 0.2625 0.09999999999999999)
(0.525 0.2625 0.1)
(0.5375 0.2625 0.09999999999999999)
(0.5500000000000002 0.2625 0.1)
(0.5625 0.2625 0.1)
(0.575 0.2625 0.1)
(0.5875000000000001 0.2625 0.1)
(0.6 0.2625 0.09999999999999999)
(0.6125 0.2625 0.1)
(0.625 0.2625 0.09999999999999999)
(0.6375 0.2625 0.1)
(0.6500000000000001 0.2625000000000001 0.1)
(0.6625 0.2625 0.09999999999999999)
(0.6749999999999999 0.2625 0.09999999999999999)
(0.6875 0.2625 0.09999999999999999)
(0.6999999999999998 0.2625 0.09999999999999999)
(0.7125 0.2625 0.09999999999999999)
(0.725 0.2625 0.09999999999999999)
(0.7375000000000002 0.2625 0.1)
(0.7500000000000001 0.2625000000000001 0.1)
(0.7625000000000001 0.2625 0.1)
(0.7750000000000002 0.2625 0.09999999999999999)
(0.7875 0.2625 0.09999999999999999)
(0.8000000000000002 0.2625 0.09999999999999999)
(0.8125 0.2625 0.09999999999999999)
(0.8249999999999998 0.2625 0.1)
(0.8375 0.2625 0.09999999999999999)
(0.8500000000000001 0.2625000000000001 0.1)
(0.8625000000000002 0.2625000000000001 0.1)
(0.875 0.2625 0.1)
(0.8875000000000001 0.2625 0.1)
(0.9 0.2625 0.1)
(0.9125000000000001 0.2625 0.1)
(0.9249999999999999 0.2625 0.09999999999999999)
(0.9375 0.2625 0.09999999999999999)
(0.9500000000000001 0.2625000000000001 0.1)
(0.9625 0.2625 0.1)
(0.9750000000000001 0.2625 0.1)
(0.9875000000000002 0.2625 0.09999999999999999)
(1 0.2625 0.1)
(0 0.275 0.1)
(0.0125 0.275 0.09999999999999999)
(0.025 0.275 0.1)
(0.03750000000000001 0.275 0.09999999999999999)
(0.05000000000000001 0.275 0.1)
(0.0625 0.275 0.09999999999999999)
(0.075 0.275 0.1)
(0.08749999999999998 0.275 0.09999999999999999)
(0.1 0.275 0.09999999999999998)
(0.1125 0.275 0.09999999999999999)
(0.125 0.2750000000000001 0.09999999999999998)
(0.1375 0.275 0.09999999999999999)
(0.15 0.275 0.09999999999999999)
(0.1625 0.275 0.1)
(0.175 0.275 0.1)
(0.1875 0.2750000000000001 0.1)
(0.2 0.2750000000000001 0.1)
(0.2125 0.275 0.09999999999999999)
(0.225 0.275 0.1)
(0.2375 0.275 0.09999999999999999)
(0.25 0.275 0.1)
(0.2625 0.2750000000000001 0.1)
(0.275 0.275 0.1)
(0.2875 0.275 0.1)
(0.3 0.275 0.09999999999999999)
(0.3125 0.275 0.1)
(0.325 0.275 0.09999999999999999)
(0.3375 0.275 0.1)
(0.3499999999999999 0.275 0.1)
(0.3625 0.275 0.1)
(0.375 0.275 0.1)
(0.3875000000000001 0.275 0.09999999999999999)
(0.4000000000000001 0.275 0.1)
(0.4125 0.275 0.09999999999999999)
(0.425 0.2750000000000001 0.1)
(0.4375 0.275 0.09999999999999999)
(0.45 0.275 0.1)
(0.4625 0.275 0.1)
(0.475 0.275 0.09999999999999999)
(0.4875 0.2750000000000001 0.1)
(0.5 0.275 0.09999999999999999)
(0.5125 0.275 0.1)
(0.525 0.275 0.09999999999999999)
(0.5375 0.275 0.1)
(0.55 0.275 0.1)
(0.5625 0.275 0.09999999999999999)
(0.575 0.275 0.1)
(0.5875 0.275 0.09999999999999999)
(0.6 0.275 0.1)
(0.6125 0.275 0.09999999999999999)
(0.625 0.275 0.1)
(0.6375 0.275 0.1)
(0.65 0.275 0.1)
(0.6625 0.275 0.1)
(0.6749999999999999 0.275 0.09999999999999999)
(0.6875 0.275 0.1)
(0.6999999999999998 0.275 0.09999999999999999)
(0.7125 0.275 0.1)
(0.725 0.275 0.09999999999999999)
(0.7374999999999999 0.275 0.1)
(0.75 0.275 0.1)
(0.7624999999999998 0.275 0.09999999999999999)
(0.775 0.275 0.1)
(0.7875000000000001 0.275 0.09999999999999999)
(0.8000000000000002 0.2750000000000001 0.1)
(0.8125 0.2750000000000001 0.1)
(0.8250000000000001 0.2750000000000001 0.1)
(0.8375 0.275 0.1)
(0.8500000000000001 0.275 0.09999999999999999)
(0.8625000000000002 0.275 0.1)
(0.875 0.2750000000000001 0.09999999999999999)
(0.8875000000000001 0.2750000000000001 0.1)
(0.9 0.275 0.09999999999999999)
(0.9125 0.275 0.1)
(0.9249999999999999 0.275 0.1)
(0.9375 0.275 0.09999999999999999)
(0.9500000000000001 0.275 0.1)
(0.9624999999999999 0.275 0.09999999999999999)
(0.9749999999999998 0.275 0.1)
(0.9874999999999999 0.275 0.09999999999999999)
(1 0.275 0.1)
(0 0.2875 0.09999999999999999)
(0.0125 0.2874999999999999 0.09999999999999999)
(0.025 0.2875 0.1)
(0.03750000000000001 0.2874999999999999 0.09999999999999999)
(0.05 0.2875 0.1)
(0.0625 0.2875 0.1)
(0.075 0.2875 0.09999999999999999)
(0.08750000000000001 0.2875 0.1)
(0.09999999999999999 0.2875 0.09999999999999999)
(0.1125 0.2875 0.1)
(0.125 0.2874999999999999 0.09999999999999999)
(0.1375 0.2875 0.09999999999999999)
(0.15 0.2875 0.1)
(0.1625 0.2875 0.09999999999999999)
(0.175 0.2875 0.09999999999999999)
(0.1875 0.2874999999999999 0.1)
(0.2 0.2875 0.1)
(0.2125 0.2875 0.1)
(0.225 0.2875 0.1)
(0.2375 0.2875 0.09999999999999999)
(0.25 0.2875 0.1)
(0.2625 0.2875 0.09999999999999999)
(0.275 0.2875 0.1)
(0.2875 0.2875 0.09999999999999999)
(0.3 0.2875 0.09999999999999999)
(0.3125 0.2875 0.09999999999999999)
(0.325 0.2875 0.1)
(0.3375 0.2875 0.1)
(0.35 0.2875 0.09999999999999999)
(0.3625 0.2875 0.09999999999999999)
(0.375 0.2875 0.09999999999999999)
(0.3875 0.2874999999999999 0.1)
(0.4 0.2875 0.1)
(0.4125 0.2874999999999999 0.09999999999999999)
(0.425 0.2875 0.09999999999999999)
(0.4375 0.2875 0.1)
(0.45 0.2875 0.1)
(0.4625000000000001 0.2875 0.1)
(0.4749999999999999 0.2874999999999999 0.09999999999999999)
(0.4875 0.2875 0.09999999999999999)
(0.5 0.2875 0.1)
(0.5125 0.2875 0.09999999999999999)
(0.525 0.2874999999999999 0.09999999999999999)
(0.5375 0.2875 0.09999999999999999)
(0.55 0.2875 0.09999999999999999)
(0.5625 0.2875 0.1)
(0.575 0.2875 0.09999999999999999)
(0.5875 0.2875 0.1)
(0.6 0.2875 0.09999999999999999)
(0.6125 0.2874999999999999 0.09999999999999999)
(0.625 0.2875 0.1)
(0.6375 0.2875 0.09999999999999999)
(0.65 0.2875 0.09999999999999999)
(0.6625 0.2875 0.09999999999999999)
(0.6749999999999999 0.2875 0.09999999999999999)
(0.6875 0.2875 0.1)
(0.7000000000000001 0.2875 0.09999999999999999)
(0.7125 0.2875 0.09999999999999999)
(0.725 0.2875 0.09999999999999999)
(0.7374999999999999 0.2875 0.09999999999999999)
(0.75 0.2875 0.1)
(0.7625000000000001 0.2875 0.09999999999999999)
(0.775 0.2875 0.1)
(0.7875000000000001 0.2875 0.1)
(0.7999999999999999 0.2875 0.09999999999999999)
(0.8125 0.2874999999999999 0.09999999999999999)
(0.8250000000000001 0.2875 0.09999999999999999)
(0.8375 0.2875 0.09999999999999999)
(0.85 0.2875 0.1)
(0.8625000000000002 0.2875 0.09999999999999999)
(0.875 0.2874999999999999 0.09999999999999999)
(0.8874999999999998 0.2875 0.09999999999999999)
(0.9 0.2875 0.09999999999999999)
(0.9125 0.2875 0.1)
(0.9250000000000002 0.2874999999999999 0.1)
(0.9375 0.2875 0.09999999999999999)
(0.9499999999999998 0.2875 0.09999999999999999)
(0.9624999999999999 0.2874999999999999 0.09999999999999999)
(0.975 0.2875 0.1)
(0.9875000000000002 0.2874999999999999 0.1)
(1 0.2875 0.09999999999999999)
(0 0.3 0.1)
(0.0125 0.3 0.1)
(0.025 0.3 0.09999999999999999)
(0.0375 0.3 0.09999999999999999)
(0.04999999999999999 0.3 0.1)
(0.0625 0.3 0.1)
(0.075 0.3 0.09999999999999999)
(0.08750000000000001 0.3 0.09999999999999998)
(0.1 0.3 0.1)
(0.1125 0.3 0.1)
(0.125 0.3 0.09999999999999998)
(0.1375 0.3 0.09999999999999999)
(0.15 0.3 0.1)
(0.1625 0.3 0.1)
(0.175 0.3 0.09999999999999999)
(0.1875 0.3 0.09999999999999999)
(0.2 0.3 0.1)
(0.2125 0.3 0.1)
(0.225 0.3 0.09999999999999999)
(0.2375 0.3 0.09999999999999999)
(0.25 0.3 0.1)
(0.2625 0.3 0.09999999999999999)
(0.275 0.3 0.09999999999999999)
(0.2875 0.3 0.1)
(0.3 0.3 0.1)
(0.3125 0.3 0.09999999999999999)
(0.325 0.3 0.09999999999999999)
(0.3375 0.3 0.09999999999999999)
(0.35 0.3 0.1)
(0.3625 0.3 0.09999999999999999)
(0.3749999999999999 0.3 0.09999999999999999)
(0.3875 0.3 0.1)
(0.3999999999999999 0.3 0.1)
(0.4124999999999999 0.3 0.09999999999999999)
(0.425 0.3 0.09999999999999999)
(0.4375 0.3 0.1)
(0.45 0.3 0.1)
(0.4625 0.3 0.09999999999999999)
(0.475 0.3 0.09999999999999999)
(0.4875 0.3 0.1)
(0.5 0.3 0.1)
(0.5125000000000001 0.3 0.1)
(0.525 0.3 0.09999999999999999)
(0.5375 0.3 0.1)
(0.55 0.3 0.1)
(0.5625 0.3 0.09999999999999999)
(0.5749999999999998 0.3 0.09999999999999998)
(0.5875 0.3 0.1)
(0.6 0.3 0.1)
(0.6125 0.3 0.1)
(0.625 0.3 0.09999999999999998)
(0.6375 0.3 0.1)
(0.65 0.3 0.09999999999999999)
(0.6624999999999999 0.3 0.09999999999999999)
(0.6749999999999999 0.3 0.09999999999999998)
(0.6875 0.3 0.1)
(0.7000000000000001 0.3 0.09999999999999999)
(0.7124999999999999 0.3 0.09999999999999999)
(0.725 0.3 0.09999999999999999)
(0.7375000000000002 0.3 0.1)
(0.75 0.3 0.1)
(0.7624999999999998 0.3 0.09999999999999998)
(0.7749999999999999 0.3 0.09999999999999999)
(0.7875 0.3 0.1)
(0.8000000000000002 0.3 0.09999999999999999)
(0.8125 0.3 0.09999999999999998)
(0.8250000000000001 0.3 0.09999999999999999)
(0.8375 0.3 0.1)
(0.85 0.3 0.1)
(0.8625000000000002 0.3 0.09999999999999998)
(0.875 0.3 0.09999999999999999)
(0.8874999999999998 0.3 0.09999999999999999)
(0.9 0.3 0.1)
(0.9125 0.3 0.09999999999999998)
(0.9249999999999999 0.3 0.09999999999999999)
(0.9375 0.3 0.09999999999999999)
(0.9500000000000001 0.3 0.1)
(0.9624999999999999 0.3 0.09999999999999998)
(0.975 0.3 0.1)
(0.9875000000000002 0.3 0.09999999999999999)
(1 0.3 0.1)
(0 0.3125 0.1)
(0.0125 0.3125 0.1)
(0.025 0.3125 0.09999999999999999)
(0.0375 0.3125 0.09999999999999999)
(0.05000000000000001 0.3125 0.09999999999999999)
(0.0625 0.3125 0.09999999999999999)
(0.075 0.3125 0.09999999999999999)
(0.08749999999999998 0.3125 0.1)
(0.1 0.3125 0.1)
(0.1125 0.3125 0.1)
(0.125 0.3125 0.1)
(0.1375 0.3125 0.1)
(0.15 0.3125 0.09999999999999999)
(0.1625 0.3125 0.09999999999999999)
(0.175 0.3125 0.09999999999999999)
(0.1875 0.3125 0.09999999999999999)
(0.2 0.3125 0.09999999999999999)
(0.2125 0.3125 0.09999999999999999)
(0.225 0.3125 0.09999999999999999)
(0.2375 0.3125 0.1)
(0.25 0.3125 0.1)
(0.2625 0.3125 0.1)
(0.275 0.3125 0.09999999999999999)
(0.2875 0.3125 0.09999999999999999)
(0.3 0.3125 0.09999999999999999)
(0.3125 0.3125 0.1)
(0.325 0.3125 0.1)
(0.3375000000000001 0.3125 0.09999999999999999)
(0.3499999999999999 0.3125 0.09999999999999999)
(0.3625 0.3125 0.09999999999999999)
(0.375 0.3125 0.09999999999999999)
(0.3875 0.3125 0.1)
(0.4000000000000001 0.3125 0.1)
(0.4124999999999999 0.3125 0.1)
(0.425 0.3125 0.09999999999999999)
(0.4375 0.3125 0.09999999999999999)
(0.45 0.3125 0.09999999999999999)
(0.4625000000000001 0.3125 0.1)
(0.4749999999999999 0.3125 0.1)
(0.4875 0.3125 0.09999999999999999)
(0.5 0.3125 0.09999999999999999)
(0.5125 0.3125 0.09999999999999999)
(0.525 0.3125 0.09999999999999999)
(0.5375 0.3125 0.09999999999999999)
(0.55 0.3125 0.1)
(0.5625 0.3125 0.1)
(0.575 0.3125 0.1)
(0.5875 0.3125 0.09999999999999999)
(0.6 0.3125 0.09999999999999999)
(0.6125 0.3125 0.1)
(0.625 0.3125 0.1)
(0.6375 0.3125 0.1)
(0.65 0.3125 0.09999999999999999)
(0.6625 0.3125 0.09999999999999999)
(0.6750000000000002 0.3125 0.1)
(0.6875 0.3125 0.1)
(0.6999999999999998 0.3125 0.09999999999999999)
(0.7125 0.3125 0.1)
(0.725 0.3125 0.09999999999999999)
(0.7375000000000002 0.3125 0.09999999999999999)
(0.75 0.3125 0.09999999999999999)
(0.7624999999999998 0.3125 0.09999999999999999)
(0.775 0.3125 0.1)
(0.7875 0.3125 0.1)
(0.8000000000000002 0.3125 0.09999999999999999)
(0.8125 0.3125 0.09999999999999999)
(0.8249999999999998 0.3125 0.09999999999999999)
(0.8375 0.3125 0.1)
(0.85 0.3125 0.1)
(0.8625000000000002 0.3125 0.1)
(0.875 0.3125 0.1)
(0.8874999999999998 0.3125 0.1)
(0.9 0.3125 0.09999999999999999)
(0.9125 0.3125 0.09999999999999999)
(0.9250000000000002 0.3125 0.1)
(0.9375 0.3125 0.1)
(0.9499999999999998 0.3125 0.1)
(0.9625 0.3125 0.09999999999999999)
(0.975 0.3125 0.09999999999999999)
(0.9875000000000002 0.3125 0.1)
(1 0.3125 0.1)
(0 0.325 0.1)
(0.0125 0.325 0.1)
(0.025 0.325 0.09999999999999999)
(0.03750000000000001 0.325 0.09999999999999999)
(0.05000000000000001 0.325 0.09999999999999999)
(0.0625 0.325 0.09999999999999999)
(0.075 0.325 0.09999999999999999)
(0.08749999999999998 0.325 0.09999999999999999)
(0.09999999999999998 0.325 0.09999999999999999)
(0.1125 0.325 0.1)
(0.125 0.325 0.1)
(0.1375 0.325 0.1)
(0.15 0.325 0.1)
(0.1625 0.325 0.09999999999999999)
(0.175 0.325 0.1)
(0.1875 0.325 0.1)
(0.2 0.325 0.1)
(0.2125 0.325 0.1)
(0.225 0.325 0.1)
(0.2375 0.325 0.1)
(0.25 0.325 0.1)
(0.2625000000000001 0.3250000000000001 0.09999999999999999)
(0.275 0.325 0.09999999999999999)
(0.2875 0.325 0.09999999999999999)
(0.3 0.325 0.09999999999999999)
(0.3125 0.325 0.09999999999999999)
(0.325 0.325 0.09999999999999999)
(0.3375 0.325 0.1)
(0.3499999999999999 0.325 0.1)
(0.3625 0.325 0.1)
(0.3750000000000001 0.325 0.1)
(0.3875 0.3250000000000001 0.1)
(0.4000000000000001 0.325 0.1)
(0.4125 0.325 0.1)
(0.425 0.325 0.1)
(0.4375 0.325 0.1)
(0.45 0.325 0.1)
(0.4625000000000001 0.325 0.09999999999999999)
(0.4749999999999999 0.325 0.1)
(0.4875 0.325 0.09999999999999999)
(0.5 0.325 0.09999999999999999)
(0.5125 0.325 0.09999999999999999)
(0.5250000000000001 0.325 0.09999999999999999)
(0.5375 0.325 0.09999999999999999)
(0.55 0.325 0.1)
(0.5625 0.325 0.1)
(0.575 0.325 0.1)
(0.5875 0.325 0.1)
(0.6000000000000001 0.325 0.1)
(0.6125000000000002 0.325 0.1)
(0.625 0.325 0.1)
(0.6375 0.325 0.1)
(0.65 0.325 0.1)
(0.6625 0.325 0.1)
(0.6749999999999999 0.325 0.09999999999999999)
(0.6875 0.325 0.09999999999999999)
(0.6999999999999998 0.325 0.09999999999999999)
(0.7125 0.325 0.09999999999999999)
(0.7250000000000001 0.325 0.09999999999999999)
(0.7374999999999999 0.325 0.09999999999999999)
(0.7500000000000001 0.3250000000000001 0.09999999999999999)
(0.7624999999999998 0.325 0.09999999999999999)
(0.775 0.325 0.09999999999999999)
(0.7875000000000001 0.325 0.1)
(0.8000000000000002 0.325 0.1)
(0.8125 0.325 0.1)
(0.8250000000000001 0.325 0.1)
(0.8375 0.325 0.1)
(0.85 0.325 0.1)
(0.8625000000000002 0.325 0.1)
(0.875 0.325 0.1)
(0.8875000000000001 0.3250000000000001 0.1)
(0.9 0.325 0.1)
(0.9125 0.325 0.09999999999999999)
(0.9250000000000002 0.3250000000000001 0.1)
(0.9375 0.325 0.09999999999999999)
(0.9499999999999998 0.325 0.09999999999999999)
(0.9625000000000002 0.325 0.1)
(0.9750000000000001 0.325 0.09999999999999999)
(0.9874999999999999 0.325 0.09999999999999999)
(1 0.325 0.1)
(0 0.3375000000000001 0.09999999999999999)
(0.0125 0.3375000000000001 0.1)
(0.025 0.3375000000000001 0.1)
(0.03749999999999999 0.3375000000000001 0.09999999999999999)
(0.05000000000000001 0.3375000000000001 0.1)
(0.0625 0.3375000000000001 0.1)
(0.075 0.3375000000000001 0.1)
(0.08749999999999998 0.3375000000000001 0.09999999999999999)
(0.09999999999999999 0.3375 0.09999999999999999)
(0.1125 0.3375000000000001 0.1)
(0.125 0.3375000000000001 0.1)
(0.1375 0.3375000000000001 0.09999999999999999)
(0.15 0.3375000000000001 0.09999999999999999)
(0.1625 0.3375000000000001 0.09999999999999999)
(0.175 0.3375000000000001 0.1)
(0.1875 0.3375000000000001 0.1)
(0.2 0.3375000000000001 0.1)
(0.2125 0.3375000000000001 0.1)
(0.225 0.3375000000000001 0.1)
(0.2375 0.3375 0.1)
(0.25 0.3375000000000001 0.09999999999999999)
(0.2625 0.3375000000000001 0.1)
(0.275 0.3375 0.09999999999999999)
(0.2875 0.3375000000000001 0.1)
(0.3 0.3375000000000001 0.09999999999999999)
(0.3125 0.3375000000000001 0.09999999999999999)
(0.325 0.3375000000000001 0.1)
(0.3375000000000001 0.3375 0.1)
(0.3499999999999999 0.3375000000000001 0.09999999999999999)
(0.3625 0.3375 0.09999999999999999)
(0.375 0.3375000000000001 0.09999999999999999)
(0.3875 0.3375 0.1)
(0.4 0.3375000000000001 0.1)
(0.4124999999999999 0.3375 0.09999999999999998)
(0.425 0.3375 0.1)
(0.4375 0.3375000000000001 0.09999999999999999)
(0.45 0.3375000000000001 0.1)
(0.4625000000000001 0.3375000000000001 0.09999999999999999)
(0.475 0.3375 0.1)
(0.4875 0.3375000000000001 0.09999999999999999)
(0.5 0.3375 0.1)
(0.5124999999999998 0.3375000000000001 0.09999999999999999)
(0.525 0.3375000000000001 0.09999999999999999)
(0.5375 0.3375000000000001 0.09999999999999999)
(0.5499999999999999 0.3375000000000001 0.09999999999999999)
(0.5625 0.3375 0.09999999999999999)
(0.575 0.3375000000000001 0.09999999999999999)
(0.5875 0.3375 0.1)
(0.6 0.3375000000000001 0.09999999999999999)
(0.6125 0.3375000000000001 0.1)
(0.625 0.3375000000000001 0.09999999999999999)
(0.6375 0.3375 0.1)
(0.65 0.3375 0.09999999999999999)
(0.6625 0.3375000000000001 0.1)
(0.6750000000000002 0.3375 0.09999999999999998)
(0.6875 0.3375000000000001 0.09999999999999999)
(0.6999999999999998 0.3375 0.09999999999999999)
(0.7125 0.3375 0.09999999999999999)
(0.725 0.3375 0.09999999999999999)
(0.7374999999999999 0.3375 0.09999999999999999)
(0.75 0.3375000000000001 0.09999999999999999)
(0.7625000000000001 0.3375 0.09999999999999999)
(0.775 0.3375000000000001 0.1)
(0.7875 0.3375000000000001 0.09999999999999999)
(0.7999999999999999 0.3375 0.09999999999999999)
(0.8125 0.3375000000000001 0.09999999999999999)
(0.8249999999999998 0.3375000000000001 0.1)
(0.8375 0.3375000000000001 0.09999999999999999)
(0.85 0.3375 0.09999999999999999)
(0.8624999999999999 0.3375000000000001 0.09999999999999999)
(0.875 0.3375000000000001 0.09999999999999999)
(0.8874999999999998 0.3375000000000001 0.09999999999999999)
(0.8999999999999999 0.3375 0.09999999999999999)
(0.9125000000000001 0.3375000000000001 0.09999999999999999)
(0.9250000000000002 0.3375000000000001 0.09999999999999999)
(0.9375 0.3375 0.1)
(0.9500000000000001 0.3375 0.09999999999999999)
(0.9625 0.3375000000000001 0.1)
(0.975 0.3375000000000001 0.09999999999999999)
(0.9875000000000002 0.3375 0.09999999999999999)
(1 0.3375000000000001 0.09999999999999999)
(0 0.3499999999999999 0.09999999999999999)
(0.0125 0.3499999999999999 0.09999999999999999)
(0.025 0.35 0.1)
(0.03750000000000001 0.35 0.09999999999999999)
(0.05000000000000001 0.3499999999999999 0.09999999999999999)
(0.0625 0.3499999999999999 0.1)
(0.075 0.3499999999999999 0.1)
(0.08750000000000001 0.3499999999999999 0.1)
(0.09999999999999998 0.3499999999999999 0.09999999999999999)
(0.1125 0.35 0.09999999999999999)
(0.125 0.3499999999999999 0.1)
(0.1375 0.3499999999999999 0.09999999999999999)
(0.15 0.3499999999999999 0.09999999999999999)
(0.1625 0.3499999999999999 0.1)
(0.175 0.3499999999999999 0.09999999999999999)
(0.1875 0.3499999999999999 0.09999999999999999)
(0.2 0.3499999999999999 0.1)
(0.2125 0.3499999999999999 0.09999999999999999)
(0.225 0.3499999999999999 0.1)
(0.2375 0.35 0.1)
(0.25 0.3499999999999999 0.09999999999999999)
(0.2625 0.3499999999999999 0.1)
(0.275 0.3499999999999999 0.09999999999999999)
(0.2875 0.3499999999999999 0.09999999999999999)
(0.3 0.3499999999999999 0.1)
(0.3125 0.3499999999999999 0.09999999999999999)
(0.325 0.35 0.1)
(0.3375 0.35 0.1)
(0.35 0.3499999999999999 0.09999999999999999)
(0.3625 0.3499999999999999 0.1)
(0.375 0.3499999999999999 0.09999999999999999)
(0.3875 0.3499999999999999 0.09999999999999999)
(0.4 0.35 0.1)
(0.4124999999999999 0.3499999999999999 0.09999999999999999)
(0.425 0.35 0.1)
(0.4375 0.3499999999999999 0.1)
(0.45 0.3499999999999999 0.09999999999999999)
(0.4625 0.3499999999999999 0.1)
(0.475 0.35 0.09999999999999999)
(0.4875 0.35 0.09999999999999999)
(0.5 0.35 0.1)
(0.5125 0.3499999999999999 0.09999999999999999)
(0.525 0.3499999999999999 0.09999999999999999)
(0.5375 0.3499999999999999 0.1)
(0.5499999999999999 0.3499999999999999 0.09999999999999999)
(0.5625 0.35 0.1)
(0.575 0.3499999999999999 0.1)
(0.5875 0.3499999999999999 0.09999999999999999)
(0.6 0.3499999999999999 0.1)
(0.6125 0.3499999999999999 0.09999999999999999)
(0.625 0.3499999999999999 0.09999999999999999)
(0.6375 0.35 0.1)
(0.65 0.3499999999999999 0.09999999999999999)
(0.6625 0.3499999999999999 0.1)
(0.6749999999999999 0.3499999999999999 0.1)
(0.6875 0.3499999999999999 0.09999999999999999)
(0.7000000000000001 0.35 0.09999999999999999)
(0.7125 0.35 0.09999999999999999)
(0.725 0.3499999999999999 0.09999999999999999)
(0.7375000000000002 0.3499999999999999 0.1)
(0.75 0.3499999999999999 0.09999999999999999)
(0.7624999999999998 0.3499999999999999 0.09999999999999999)
(0.775 0.3499999999999999 0.1)
(0.7875 0.3499999999999999 0.09999999999999999)
(0.8000000000000002 0.3499999999999999 0.1)
(0.8125 0.3499999999999999 0.09999999999999999)
(0.8249999999999998 0.3499999999999999 0.09999999999999999)
(0.8375 0.3499999999999999 0.1)
(0.85 0.35 0.09999999999999999)
(0.8624999999999999 0.35 0.09999999999999999)
(0.875 0.3499999999999999 0.1)
(0.8874999999999998 0.35 0.09999999999999999)
(0.9 0.35 0.1)
(0.9125 0.3499999999999999 0.1)
(0.9249999999999999 0.3499999999999999 0.09999999999999999)
(0.9375 0.35 0.1)
(0.9500000000000001 0.35 0.1)
(0.9625 0.3499999999999999 0.09999999999999999)
(0.9750000000000001 0.35 0.1)
(0.9875000000000002 0.35 0.09999999999999999)
(1 0.3499999999999999 0.09999999999999999)
(0 0.3625 0.1)
(0.0125 0.3625 0.09999999999999999)
(0.025 0.3625 0.1)
(0.03750000000000001 0.3625 0.09999999999999999)
(0.05000000000000001 0.3625 0.1)
(0.0625 0.3625 0.09999999999999999)
(0.075 0.3625 0.1)
(0.08750000000000001 0.3625 0.09999999999999999)
(0.1 0.3625 0.1)
(0.1125 0.3625 0.09999999999999999)
(0.125 0.3625 0.1)
(0.1375 0.3625 0.1)
(0.15 0.3625 0.1)
(0.1625 0.3625 0.1)
(0.175 0.3625 0.09999999999999998)
(0.1875 0.3625 0.1)
(0.2 0.3625 0.09999999999999998)
(0.2125 0.3625 0.1)
(0.225 0.3625 0.09999999999999998)
(0.2375 0.3625 0.1)
(0.25 0.3625 0.1)
(0.2625 0.3625 0.1)
(0.275 0.3625 0.1)
(0.2875 0.3625 0.09999999999999999)
(0.3 0.3625 0.09999999999999999)
(0.3125 0.3625 0.09999999999999999)
(0.325 0.3625 0.09999999999999999)
(0.3375000000000001 0.3625 0.09999999999999999)
(0.35 0.3625 0.1)
(0.3625 0.3625 0.1)
(0.375 0.3625 0.1)
(0.3875 0.3625 0.1)
(0.4000000000000001 0.3625 0.1)
(0.4124999999999999 0.3625 0.1)
(0.425 0.3625 0.1)
(0.4375 0.3625 0.1)
(0.45 0.3625 0.1)
(0.4625000000000001 0.3625 0.09999999999999999)
(0.475 0.3625 0.09999999999999999)
(0.4875 0.3625 0.09999999999999999)
(0.5 0.3625 0.09999999999999999)
(0.5125 0.3625 0.1)
(0.5249999999999999 0.3625 0.1)
(0.5374999999999999 0.3625 0.1)
(0.55 0.3625 0.1)
(0.5625 0.3625 0.1)
(0.5750000000000001 0.3625 0.1)
(0.5875 0.3625 0.09999999999999999)
(0.6 0.3625 0.09999999999999999)
(0.6124999999999999 0.3625 0.09999999999999999)
(0.625 0.3625 0.09999999999999999)
(0.6374999999999998 0.3625 0.09999999999999999)
(0.65 0.3625 0.1)
(0.6625 0.3625 0.1)
(0.6750000000000002 0.3625 0.1)
(0.6875 0.3625 0.1)
(0.7000000000000001 0.3625 0.09999999999999999)
(0.7125 0.3625 0.1)
(0.725 0.3625 0.09999999999999999)
(0.7375000000000002 0.3625 0.1)
(0.75 0.3625 0.1)
(0.7624999999999998 0.3625 0.1)
(0.7749999999999999 0.3625 0.09999999999999998)
(0.7875 0.3625 0.1)
(0.8000000000000002 0.3625 0.09999999999999998)
(0.8125 0.3625 0.1)
(0.8249999999999998 0.3625 0.1)
(0.8375 0.3624999999999999 0.1)
(0.85 0.3625 0.1)
(0.8624999999999999 0.3625 0.1)
(0.875 0.3625 0.1)
(0.8875000000000001 0.3625 0.09999999999999999)
(0.8999999999999999 0.3625 0.1)
(0.9124999999999998 0.3625 0.09999999999999999)
(0.9250000000000002 0.3625 0.09999999999999999)
(0.9375 0.3625 0.1)
(0.9499999999999998 0.3625 0.1)
(0.9625 0.3625 0.1)
(0.975 0.3625 0.1)
(0.9874999999999999 0.3625 0.1)
(1 0.3625 0.1)
(0 0.375 0.1)
(0.0125 0.375 0.1)
(0.025 0.375 0.1)
(0.0375 0.375 0.09999999999999999)
(0.05000000000000001 0.375 0.1)
(0.0625 0.375 0.09999999999999999)
(0.07500000000000001 0.375 0.09999999999999999)
(0.08749999999999998 0.375 0.1)
(0.1 0.375 0.09999999999999999)
(0.1125 0.375 0.09999999999999999)
(0.125 0.375 0.1)
(0.1375 0.375 0.1)
(0.15 0.375 0.1)
(0.1625 0.375 0.1)
(0.175 0.3749999999999999 0.09999999999999999)
(0.1875 0.375 0.09999999999999999)
(0.2 0.3750000000000001 0.1)
(0.2125 0.375 0.1)
(0.225 0.375 0.09999999999999999)
(0.2375 0.3749999999999999 0.09999999999999999)
(0.25 0.375 0.1)
(0.2625 0.3750000000000001 0.09999999999999999)
(0.275 0.375 0.09999999999999999)
(0.2875 0.375 0.1)
(0.3 0.3749999999999999 0.09999999999999999)
(0.3125 0.375 0.09999999999999999)
(0.325 0.3750000000000001 0.1)
(0.3375000000000001 0.375 0.09999999999999999)
(0.3499999999999999 0.375 0.09999999999999999)
(0.3625 0.375 0.1)
(0.375 0.375 0.09999999999999999)
(0.3875 0.375 0.09999999999999999)
(0.4000000000000001 0.375 0.1)
(0.4124999999999999 0.375 0.09999999999999999)
(0.425 0.375 0.09999999999999999)
(0.4375 0.375 0.1)
(0.45 0.375 0.1)
(0.4625000000000001 0.375 0.09999999999999999)
(0.4749999999999999 0.375 0.1)
(0.4875 0.375 0.09999999999999999)
(0.5 0.375 0.09999999999999999)
(0.5125 0.375 0.1)
(0.525 0.375 0.1)
(0.5375 0.375 0.09999999999999999)
(0.55 0.375 0.09999999999999999)
(0.5625 0.375 0.1)
(0.575 0.375 0.09999999999999999)
(0.5875 0.375 0.09999999999999999)
(0.6 0.375 0.1)
(0.6125 0.375 0.09999999999999999)
(0.625 0.375 0.09999999999999999)
(0.6375 0.375 0.1)
(0.65 0.375 0.09999999999999999)
(0.6625 0.375 0.09999999999999999)
(0.6750000000000002 0.375 0.1)
(0.6875 0.375 0.09999999999999999)
(0.6999999999999998 0.375 0.09999999999999999)
(0.7125 0.375 0.1)
(0.725 0.375 0.09999999999999998)
(0.7375000000000002 0.375 0.09999999999999999)
(0.75 0.375 0.1)
(0.7624999999999998 0.375 0.09999999999999999)
(0.7749999999999999 0.375 0.09999999999999999)
(0.7875000000000001 0.375 0.1)
(0.8000000000000002 0.375 0.1)
(0.8125 0.375 0.09999999999999999)
(0.8249999999999998 0.375 0.1)
(0.8374999999999999 0.375 0.1)
(0.8500000000000001 0.375 0.09999999999999999)
(0.8625000000000002 0.375 0.09999999999999999)
(0.875 0.375 0.1)
(0.8874999999999998 0.375 0.09999999999999999)
(0.8999999999999999 0.375 0.09999999999999999)
(0.9125000000000001 0.375 0.1)
(0.9250000000000002 0.375 0.09999999999999999)
(0.9375 0.375 0.09999999999999999)
(0.9499999999999998 0.375 0.1)
(0.9624999999999999 0.375 0.09999999999999999)
(0.9750000000000001 0.375 0.09999999999999999)
(0.9875000000000002 0.375 0.1)
(1 0.375 0.1)
(0 0.3875 0.1)
(0.0125 0.3875 0.09999999999999998)
(0.025 0.3875 0.09999999999999999)
(0.03749999999999999 0.3875 0.09999999999999999)
(0.05000000000000001 0.3875 0.1)
(0.0625 0.3875 0.1)
(0.075 0.3875 0.1)
(0.08749999999999998 0.3875 0.1)
(0.1 0.3875 0.1)
(0.1125 0.3875 0.09999999999999999)
(0.125 0.3875 0.09999999999999998)
(0.1375 0.3875 0.1)
(0.15 0.3875 0.1)
(0.1625 0.3875 0.1)
(0.175 0.3875 0.1)
(0.1875 0.3875 0.1)
(0.2 0.3875 0.1)
(0.2125 0.3875 0.09999999999999999)
(0.225 0.3875 0.1)
(0.2375 0.3875 0.1)
(0.25 0.3875 0.1)
(0.2625 0.3875 0.1)
(0.275 0.3875 0.1)
(0.2875 0.3875 0.1)
(0.3 0.3875 0.09999999999999999)
(0.3125 0.3875 0.1)
(0.3250000000000001 0.3875 0.1)
(0.3375000000000001 0.3875 0.1)
(0.3499999999999999 0.3875 0.1)
(0.3625 0.3875 0.1)
(0.375 0.3875 0.09999999999999999)
(0.3875 0.3875 0.09999999999999998)
(0.4000000000000001 0.3875 0.1)
(0.4125 0.3875 0.1)
(0.425 0.3875 0.09999999999999998)
(0.4375 0.3875 0.1)
(0.45 0.3875 0.1)
(0.4625000000000001 0.3875 0.09999999999999998)
(0.475 0.3875 0.09999999999999999)
(0.4875 0.3875 0.09999999999999999)
(0.5 0.3875 0.1)
(0.5125 0.3875 0.1)
(0.525 0.3875 0.1)
(0.5375 0.3875 0.1)
(0.55 0.3875 0.09999999999999999)
(0.5625 0.3875 0.09999999999999999)
(0.575 0.3875 0.09999999999999999)
(0.5875 0.3875000000000001 0.1)
(0.6 0.3875 0.09999999999999999)
(0.6125 0.3875 0.1)
(0.625 0.3875 0.1)
(0.6375 0.3875 0.09999999999999999)
(0.6500000000000001 0.3875 0.09999999999999999)
(0.6625000000000001 0.3875 0.1)
(0.6750000000000002 0.3875 0.1)
(0.6875 0.3875 0.09999999999999998)
(0.6999999999999998 0.3875 0.09999999999999999)
(0.7125 0.3875 0.1)
(0.725 0.3875 0.09999999999999998)
(0.7374999999999999 0.3875 0.09999999999999999)
(0.75 0.3875000000000001 0.1)
(0.7625000000000001 0.3875 0.1)
(0.775 0.3875 0.09999999999999999)
(0.7875000000000001 0.3875 0.1)
(0.8000000000000002 0.3875 0.1)
(0.8125 0.3875 0.09999999999999999)
(0.8250000000000001 0.3875 0.1)
(0.8375000000000002 0.3875 0.1)
(0.85 0.3875 0.1)
(0.8625000000000002 0.3875 0.09999999999999999)
(0.875 0.3875 0.09999999999999999)
(0.8874999999999998 0.3875 0.1)
(0.9 0.3875 0.09999999999999999)
(0.9125000000000001 0.3875 0.1)
(0.9250000000000002 0.3875 0.1)
(0.9375 0.3875 0.09999999999999999)
(0.9500000000000001 0.3875 0.09999999999999999)
(0.9625 0.3875 0.1)
(0.975 0.3875 0.1)
(0.9875000000000002 0.3875 0.1)
(1 0.3875 0.1)
(0 0.4000000000000001 0.1)
(0.0125 0.4000000000000001 0.1)
(0.025 0.4000000000000001 0.1)
(0.0375 0.4000000000000001 0.1)
(0.05000000000000001 0.4000000000000001 0.1)
(0.0625 0.4000000000000001 0.1)
(0.075 0.4000000000000001 0.09999999999999999)
(0.08749999999999998 0.4 0.09999999999999999)
(0.09999999999999999 0.4000000000000001 0.09999999999999999)
(0.1125 0.4 0.09999999999999999)
(0.125 0.4000000000000001 0.1)
(0.1375 0.4000000000000001 0.1)
(0.15 0.4000000000000001 0.1)
(0.1625 0.4 0.1)
(0.175 0.4 0.1)
(0.1875 0.4 0.1)
(0.2 0.4000000000000001 0.1)
(0.2125 0.4 0.1)
(0.225 0.4000000000000001 0.1)
(0.2375 0.4 0.1)
(0.25 0.4000000000000001 0.1)
(0.2625 0.4000000000000001 0.1)
(0.275 0.4 0.1)
(0.2875 0.4000000000000001 0.1)
(0.3 0.4 0.1)
(0.3125 0.4000000000000001 0.1)
(0.3250000000000001 0.4000000000000001 0.1)
(0.3375000000000001 0.4000000000000001 0.1)
(0.3499999999999999 0.4000000000000001 0.1)
(0.3625 0.4000000000000001 0.1)
(0.375 0.4000000000000001 0.1)
(0.3875 0.4000000000000001 0.1)
(0.4000000000000001 0.4000000000000001 0.1)
(0.4125 0.4000000000000001 0.1)
(0.425 0.4000000000000001 0.1)
(0.4375 0.4000000000000001 0.1)
(0.45 0.4 0.1)
(0.4625000000000001 0.4000000000000001 0.1)
(0.4749999999999999 0.4 0.1)
(0.4875 0.4000000000000001 0.1)
(0.5 0.4 0.1)
(0.5125 0.4000000000000001 0.1)
(0.525 0.4 0.1)
(0.5375 0.4000000000000001 0.1)
(0.55 0.4 0.1)
(0.5625 0.4000000000000001 0.1)
(0.575 0.4000000000000001 0.1)
(0.5875 0.4000000000000001 0.1)
(0.6 0.4000000000000001 0.1)
(0.6125 0.4000000000000001 0.1)
(0.625 0.4000000000000001 0.1)
(0.6374999999999998 0.4000000000000001 0.1)
(0.65 0.4 0.1)
(0.6625 0.4 0.1)
(0.6750000000000002 0.4 0.1)
(0.6875 0.4000000000000001 0.1)
(0.6999999999999998 0.4000000000000001 0.1)
(0.7125 0.4 0.1)
(0.725 0.4 0.1)
(0.7374999999999999 0.4000000000000001 0.1)
(0.75 0.4000000000000001 0.1)
(0.7625000000000001 0.4 0.09999999999999999)
(0.775 0.4000000000000001 0.1)
(0.7875 0.4 0.09999999999999999)
(0.8000000000000002 0.4000000000000001 0.1)
(0.8125 0.4 0.09999999999999999)
(0.8250000000000001 0.4000000000000001 0.1)
(0.8374999999999999 0.4 0.09999999999999999)
(0.85 0.4000000000000001 0.1)
(0.8625000000000002 0.4 0.09999999999999999)
(0.875 0.4000000000000001 0.1)
(0.8875000000000001 0.4 0.09999999999999999)
(0.9 0.4000000000000001 0.1)
(0.9125 0.4 0.09999999999999999)
(0.9250000000000002 0.4000000000000001 0.1)
(0.9375 0.4 0.09999999999999999)
(0.9499999999999998 0.4000000000000001 0.1)
(0.9625 0.4 0.09999999999999999)
(0.9750000000000001 0.4 0.1)
(0.9874999999999999 0.4 0.09999999999999999)
(1 0.4000000000000001 0.1)
(0 0.4124999999999999 0.1)
(0.0125 0.4124999999999999 0.1)
(0.025 0.4124999999999999 0.1)
(0.0375 0.4125 0.09999999999999999)
(0.05000000000000001 0.4124999999999999 0.09999999999999999)
(0.0625 0.4124999999999999 0.1)
(0.075 0.4124999999999999 0.1)
(0.08749999999999998 0.4125 0.1)
(0.1 0.4124999999999999 0.1)
(0.1125 0.4124999999999999 0.1)
(0.125 0.4124999999999999 0.09999999999999998)
(0.1375 0.4125 0.09999999999999999)
(0.15 0.4124999999999999 0.09999999999999999)
(0.1625 0.4124999999999999 0.09999999999999999)
(0.175 0.4124999999999999 0.1)
(0.1875 0.4125 0.1)
(0.2 0.4125 0.1)
(0.2125 0.4124999999999999 0.1)
(0.225 0.4124999999999999 0.1)
(0.2375 0.4125 0.1)
(0.25 0.4124999999999999 0.1)
(0.2625000000000001 0.4124999999999999 0.1)
(0.275 0.4124999999999999 0.1)
(0.2875 0.4124999999999999 0.1)
(0.3 0.4124999999999999 0.09999999999999999)
(0.3125 0.4124999999999999 0.1)
(0.325 0.4124999999999999 0.1)
(0.3375 0.4124999999999999 0.09999999999999999)
(0.3499999999999999 0.4124999999999999 0.1)
(0.3625 0.4124999999999999 0.1)
(0.375 0.4124999999999999 0.09999999999999999)
(0.3875 0.4125 0.1)
(0.4000000000000001 0.4125 0.1)
(0.4125 0.4125 0.1)
(0.425 0.4125000000000001 0.1)
(0.4375 0.4124999999999999 0.1)
(0.45 0.4124999999999999 0.1)
(0.4625 0.4124999999999999 0.1)
(0.4749999999999999 0.4125 0.1)
(0.4875 0.4125 0.1)
(0.5 0.4125 0.1)
(0.5125 0.4125 0.1)
(0.525 0.4124999999999999 0.1)
(0.5375 0.4124999999999999 0.1)
(0.55 0.4124999999999999 0.09999999999999999)
(0.5625 0.4124999999999999 0.1)
(0.575 0.4124999999999999 0.1)
(0.5875 0.4125 0.1)
(0.6 0.4125 0.09999999999999999)
(0.6125 0.4125 0.1)
(0.625 0.4124999999999999 0.09999999999999999)
(0.6375 0.4124999999999999 0.09999999999999999)
(0.65 0.4124999999999999 0.1)
(0.6625 0.4124999999999999 0.1)
(0.6749999999999999 0.4125 0.1)
(0.6875 0.4124999999999999 0.1)
(0.6999999999999998 0.4125 0.09999999999999999)
(0.7125 0.4124999999999999 0.1)
(0.725 0.4125 0.1)
(0.7375000000000002 0.4124999999999999 0.1)
(0.75 0.4124999999999999 0.1)
(0.7625000000000001 0.4125 0.09999999999999999)
(0.775 0.4124999999999999 0.1)
(0.7875 0.4125 0.1)
(0.8000000000000002 0.4125 0.1)
(0.8125 0.4125 0.1)
(0.8250000000000001 0.4125 0.1)
(0.8375 0.4124999999999999 0.09999999999999999)
(0.85 0.4124999999999999 0.1)
(0.8625000000000002 0.4124999999999999 0.1)
(0.875 0.4124999999999999 0.09999999999999999)
(0.8875000000000001 0.4124999999999999 0.1)
(0.9 0.4125 0.1)
(0.9125000000000001 0.4125 0.1)
(0.9250000000000002 0.4125 0.1)
(0.9375 0.4125 0.1)
(0.9499999999999998 0.4125 0.1)
(0.9625 0.4125 0.1)
(0.9750000000000001 0.4125 0.09999999999999999)
(0.9874999999999999 0.4125 0.1)
(1 0.4124999999999999 0.1)
(0 0.425 0.09999999999999999)
(0.0125 0.425 0.09999999999999999)
(0.025 0.425 0.1)
(0.03750000000000001 0.425 0.1)
(0.05 0.425 0.09999999999999999)
(0.0625 0.425 0.1)
(0.075 0.425 0.1)
(0.08749999999999998 0.425 0.09999999999999999)
(0.09999999999999999 0.425 0.09999999999999999)
(0.1125 0.425 0.1)
(0.125 0.425 0.09999999999999999)
(0.1375 0.425 0.09999999999999999)
(0.15 0.425 0.1)
(0.1625 0.425 0.09999999999999999)
(0.175 0.425 0.09999999999999999)
(0.1875 0.425 0.1)
(0.2 0.425 0.1)
(0.2125 0.425 0.09999999999999999)
(0.225 0.425 0.09999999999999999)
(0.2375 0.425 0.1)
(0.25 0.425 0.09999999999999999)
(0.2625 0.425 0.09999999999999999)
(0.275 0.425 0.1)
(0.2875 0.425 0.09999999999999999)
(0.3 0.425 0.09999999999999999)
(0.3125 0.425 0.1)
(0.325 0.425 0.09999999999999999)
(0.3375000000000001 0.425 0.09999999999999999)
(0.35 0.425 0.1)
(0.3625 0.425 0.1)
(0.375 0.425 0.09999999999999999)
(0.3875 0.425 0.09999999999999999)
(0.4 0.425 0.1)
(0.4124999999999999 0.425 0.09999999999999999)
(0.425 0.425 0.09999999999999999)
(0.4375 0.425 0.1)
(0.45 0.425 0.09999999999999999)
(0.4625 0.425 0.09999999999999999)
(0.475 0.425 0.1)
(0.4875 0.425 0.1)
(0.5 0.425 0.09999999999999999)
(0.5125 0.425 0.09999999999999999)
(0.525 0.425 0.1)
(0.5375 0.425 0.09999999999999999)
(0.5499999999999999 0.4249999999999999 0.09999999999999999)
(0.5625 0.425 0.1)
(0.575 0.425 0.09999999999999999)
(0.5875 0.425 0.09999999999999999)
(0.6 0.425 0.1)
(0.6125000000000002 0.425 0.09999999999999999)
(0.625 0.425 0.09999999999999999)
(0.6375 0.425 0.09999999999999999)
(0.6499999999999999 0.425 0.1)
(0.6625000000000001 0.425 0.1)
(0.6750000000000002 0.425 0.1)
(0.6875 0.425 0.1)
(0.6999999999999998 0.425 0.09999999999999999)
(0.7124999999999999 0.425 0.09999999999999999)
(0.725 0.425 0.1)
(0.7375000000000002 0.425 0.09999999999999999)
(0.75 0.425 0.09999999999999999)
(0.7625000000000001 0.425 0.1)
(0.775 0.425 0.1)
(0.7874999999999998 0.425 0.09999999999999999)
(0.7999999999999999 0.425 0.09999999999999999)
(0.8125 0.425 0.1)
(0.8249999999999998 0.425 0.09999999999999999)
(0.8374999999999999 0.425 0.09999999999999999)
(0.85 0.425 0.1)
(0.8625000000000002 0.425 0.09999999999999999)
(0.875 0.425 0.1)
(0.8874999999999998 0.425 0.09999999999999999)
(0.8999999999999999 0.425 0.09999999999999999)
(0.9125 0.425 0.09999999999999999)
(0.9249999999999999 0.425 0.1)
(0.9375 0.425 0.1)
(0.9500000000000001 0.425 0.09999999999999999)
(0.9625 0.425 0.09999999999999999)
(0.975 0.425 0.1)
(0.9875000000000002 0.425 0.09999999999999999)
(1 0.425 0.09999999999999999)
(0 0.4375 0.1)
(0.0125 0.4375 0.1)
(0.025 0.4375 0.1)
(0.0375 0.4375 0.1)
(0.05000000000000001 0.4375 0.1)
(0.0625 0.4375 0.1)
(0.07499999999999998 0.4375 0.1)
(0.08750000000000001 0.4375 0.1)
(0.1 0.4375 0.09999999999999999)
(0.1125 0.4374999999999999 0.1)
(0.125 0.4375 0.1)
(0.1375 0.4375000000000001 0.1)
(0.15 0.4375 0.1)
(0.1625 0.4375 0.09999999999999999)
(0.175 0.4375 0.09999999999999999)
(0.1875 0.4375 0.09999999999999999)
(0.2 0.4375 0.1)
(0.2125 0.4375 0.1)
(0.225 0.4375 0.1)
(0.2375 0.4375 0.1)
(0.25 0.4375 0.09999999999999999)
(0.2625000000000001 0.4375 0.1)
(0.275 0.4375 0.09999999999999999)
(0.2875 0.4375 0.1)
(0.3 0.4375 0.09999999999999999)
(0.3125 0.4375 0.09999999999999999)
(0.325 0.4375 0.1)
(0.3375 0.4375 0.1)
(0.35 0.4375 0.1)
(0.3625 0.4375 0.1)
(0.375 0.4375 0.1)
(0.3875 0.4375 0.1)
(0.4000000000000001 0.4375 0.1)
(0.4124999999999999 0.4375 0.1)
(0.425 0.4375 0.1)
(0.4375 0.4375 0.1)
(0.45 0.4375 0.1)
(0.4625000000000001 0.4375 0.1)
(0.4749999999999999 0.4375 0.1)
(0.4875 0.4375 0.09999999999999999)
(0.5 0.4375 0.09999999999999999)
(0.5125 0.4375 0.1)
(0.525 0.4375 0.1)
(0.5375 0.4375 0.1)
(0.55 0.4375 0.1)
(0.5625 0.4375 0.09999999999999999)
(0.575 0.4375 0.1)
(0.5875 0.4375 0.09999999999999999)
(0.6 0.4375 0.09999999999999999)
(0.6125 0.4375 0.09999999999999999)
(0.625 0.4375 0.09999999999999999)
(0.6375 0.4375 0.09999999999999999)
(0.65 0.4375 0.1)
(0.6625 0.4375 0.09999999999999999)
(0.6749999999999999 0.4375 0.1)
(0.6875 0.4375 0.1)
(0.7000000000000001 0.4375 0.09999999999999999)
(0.7125 0.4375 0.1)
(0.725 0.4375 0.09999999999999999)
(0.7374999999999999 0.4375 0.1)
(0.75 0.4375 0.1)
(0.7625000000000001 0.4375 0.1)
(0.775 0.4375 0.09999999999999999)
(0.7875000000000001 0.4375 0.1)
(0.8000000000000002 0.4375 0.09999999999999999)
(0.8125 0.4375 0.09999999999999999)
(0.8250000000000001 0.4375 0.1)
(0.8374999999999999 0.4375 0.09999999999999999)
(0.8500000000000001 0.4375 0.09999999999999999)
(0.8625000000000002 0.4375 0.09999999999999999)
(0.875 0.4375 0.09999999999999999)
(0.8875000000000001 0.4375 0.1)
(0.8999999999999999 0.4375 0.09999999999999999)
(0.9125000000000001 0.4375000000000001 0.1)
(0.9250000000000002 0.4375 0.1)
(0.9375 0.4375 0.09999999999999999)
(0.9500000000000001 0.4375 0.1)
(0.9624999999999999 0.4375 0.09999999999999999)
(0.9750000000000001 0.4375000000000001 0.1)
(0.9875000000000002 0.4375 0.1)
(1 0.4375 0.1)
(0 0.45 0.09999999999999999)
(0.0125 0.45 0.1)
(0.025 0.45 0.09999999999999999)
(0.03750000000000001 0.45 0.1)
(0.05000000000000001 0.45 0.09999999999999999)
(0.0625 0.45 0.09999999999999999)
(0.07500000000000001 0.45 0.1)
(0.08750000000000001 0.45 0.09999999999999999)
(0.09999999999999999 0.45 0.1)
(0.1125 0.45 0.1)
(0.125 0.45 0.09999999999999999)
(0.1375 0.45 0.1)
(0.15 0.45 0.09999999999999999)
(0.1625 0.45 0.09999999999999999)
(0.175 0.45 0.1)
(0.1875 0.45 0.09999999999999999)
(0.2 0.45 0.1)
(0.2125 0.45 0.1)
(0.225 0.45 0.1)
(0.2375 0.45 0.1)
(0.25 0.45 0.09999999999999999)
(0.2625000000000001 0.45 0.1)
(0.275 0.45 0.1)
(0.2875 0.45 0.09999999999999999)
(0.3 0.45 0.1)
(0.3125 0.45 0.09999999999999999)
(0.325 0.45 0.1)
(0.3375000000000001 0.45 0.1)
(0.35 0.45 0.09999999999999999)
(0.3625 0.45 0.09999999999999999)
(0.375 0.45 0.09999999999999999)
(0.3875 0.45 0.09999999999999999)
(0.4 0.45 0.1)
(0.4124999999999999 0.45 0.09999999999999999)
(0.425 0.45 0.09999999999999999)
(0.4375 0.45 0.1)
(0.45 0.45 0.09999999999999999)
(0.4625000000000001 0.4500000000000001 0.1)
(0.4749999999999999 0.45 0.1)
(0.4875 0.45 0.09999999999999999)
(0.5 0.45 0.1)
(0.5125 0.45 0.09999999999999999)
(0.5250000000000001 0.45 0.09999999999999999)
(0.5375000000000001 0.45 0.1)
(0.55 0.45 0.09999999999999999)
(0.5625 0.45 0.1)
(0.575 0.45 0.09999999999999999)
(0.5875000000000001 0.45 0.1)
(0.6000000000000001 0.4500000000000001 0.1)
(0.6125 0.45 0.09999999999999999)
(0.625 0.45 0.1)
(0.6375 0.45 0.09999999999999999)
(0.65 0.45 0.1)
(0.6625 0.45 0.1)
(0.6750000000000002 0.45 0.09999999999999999)
(0.6875 0.45 0.09999999999999999)
(0.7000000000000001 0.45 0.09999999999999999)
(0.7125 0.45 0.09999999999999999)
(0.725 0.45 0.1)
(0.7375000000000002 0.45 0.09999999999999999)
(0.75 0.4500000000000001 0.09999999999999999)
(0.7625000000000001 0.45 0.1)
(0.775 0.45 0.09999999999999999)
(0.7875000000000001 0.45 0.1)
(0.7999999999999999 0.45 0.09999999999999999)
(0.8125 0.45 0.09999999999999999)
(0.8249999999999998 0.45 0.1)
(0.8375 0.45 0.09999999999999999)
(0.85 0.45 0.1)
(0.8625000000000002 0.45 0.1)
(0.875 0.45 0.09999999999999999)
(0.8875000000000001 0.45 0.1)
(0.9 0.45 0.1)
(0.9125000000000001 0.45 0.1)
(0.9250000000000002 0.45 0.1)
(0.9375 0.45 0.09999999999999999)
(0.9499999999999998 0.45 0.1)
(0.9625 0.45 0.1)
(0.975 0.45 0.09999999999999999)
(0.9875000000000002 0.45 0.1)
(1 0.45 0.09999999999999999)
(0 0.4625000000000001 0.1)
(0.0125 0.4625000000000001 0.1)
(0.025 0.4625 0.09999999999999999)
(0.0375 0.4625000000000001 0.1)
(0.05000000000000001 0.4625 0.1)
(0.0625 0.4625000000000001 0.1)
(0.075 0.4625000000000001 0.1)
(0.08749999999999998 0.4625000000000001 0.09999999999999999)
(0.1 0.4625000000000001 0.1)
(0.1125 0.4625 0.09999999999999999)
(0.125 0.4625000000000001 0.1)
(0.1375 0.4625000000000001 0.1)
(0.15 0.4625 0.09999999999999998)
(0.1625 0.4625000000000001 0.1)
(0.175 0.4625 0.1)
(0.1875 0.4625 0.1)
(0.2 0.4625000000000001 0.1)
(0.2125 0.4625000000000001 0.1)
(0.225 0.4625 0.1)
(0.2375 0.4625000000000001 0.09999999999999999)
(0.25 0.4625000000000001 0.09999999999999999)
(0.2625 0.4625 0.1)
(0.275 0.4625000000000001 0.1)
(0.2875 0.4625000000000001 0.1)
(0.3 0.4625 0.09999999999999999)
(0.3125 0.4625000000000001 0.1)
(0.325 0.4625000000000001 0.09999999999999999)
(0.3375000000000001 0.4625 0.09999999999999999)
(0.3499999999999999 0.4625000000000001 0.1)
(0.3625 0.4625000000000001 0.1)
(0.375 0.4625000000000001 0.1)
(0.3875 0.4625000000000001 0.09999999999999999)
(0.4000000000000001 0.4625000000000001 0.1)
(0.4124999999999999 0.4625 0.1)
(0.425 0.4625 0.1)
(0.4375 0.4625000000000001 0.1)
(0.45 0.4625000000000001 0.1)
(0.4625 0.4625 0.1)
(0.475 0.4625000000000001 0.1)
(0.4875 0.4625 0.09999999999999999)
(0.5 0.4625 0.1)
(0.5125 0.4625000000000001 0.1)
(0.525 0.4625000000000001 0.1)
(0.5375 0.4625 0.1)
(0.55 0.4625 0.1)
(0.5625 0.4625000000000001 0.09999999999999999)
(0.575 0.4625 0.09999999999999999)
(0.5875 0.4625 0.1)
(0.6 0.4625000000000001 0.09999999999999999)
(0.6124999999999999 0.4625000000000001 0.09999999999999999)
(0.625 0.4625000000000001 0.09999999999999999)
(0.6375 0.4625000000000001 0.1)
(0.65 0.4625 0.1)
(0.6625 0.4625000000000001 0.09999999999999999)
(0.6750000000000002 0.4625000000000001 0.1)
(0.6875 0.4625000000000001 0.09999999999999999)
(0.6999999999999998 0.4625000000000001 0.09999999999999999)
(0.7125 0.4625000000000001 0.1)
(0.725 0.4625 0.09999999999999999)
(0.7375000000000002 0.4625 0.1)
(0.75 0.4625000000000001 0.09999999999999999)
(0.7624999999999998 0.4625000000000001 0.1)
(0.775 0.4625 0.1)
(0.7875 0.4625 0.1)
(0.8000000000000002 0.4625000000000001 0.1)
(0.8125 0.4625 0.1)
(0.8249999999999998 0.4625000000000001 0.1)
(0.8374999999999999 0.4625000000000001 0.1)
(0.85 0.4625 0.09999999999999999)
(0.8624999999999999 0.4625 0.1)
(0.875 0.4625000000000001 0.1)
(0.8875000000000001 0.4625 0.1)
(0.9 0.4625 0.1)
(0.9125 0.4625000000000001 0.1)
(0.9249999999999999 0.4625000000000001 0.1)
(0.9375 0.4625 0.09999999999999999)
(0.9500000000000001 0.4625000000000001 0.1)
(0.9625 0.4625 0.1)
(0.975 0.4625 0.1)
(0.9875000000000002 0.4625000000000001 0.1)
(1 0.4625000000000001 0.1)
(0 0.4749999999999999 0.09999999999999999)
(0.0125 0.475 0.1)
(0.025 0.4749999999999999 0.09999999999999999)
(0.0375 0.4749999999999999 0.1)
(0.05 0.475 0.1)
(0.0625 0.4749999999999999 0.1)
(0.075 0.475 0.1)
(0.08749999999999998 0.4749999999999999 0.09999999999999999)
(0.09999999999999999 0.4749999999999999 0.09999999999999999)
(0.1125 0.4749999999999999 0.09999999999999999)
(0.125 0.4749999999999999 0.1)
(0.1375 0.4749999999999999 0.09999999999999999)
(0.15 0.475 0.09999999999999999)
(0.1625 0.4749999999999999 0.09999999999999999)
(0.175 0.4749999999999999 0.09999999999999999)
(0.1875 0.475 0.09999999999999999)
(0.2 0.4749999999999999 0.1)
(0.2125 0.4749999999999999 0.09999999999999999)
(0.225 0.475 0.1)
(0.2375 0.4749999999999999 0.1)
(0.25 0.4749999999999999 0.1)
(0.2625 0.475 0.09999999999999999)
(0.275 0.4749999999999999 0.09999999999999999)
(0.2874999999999999 0.4749999999999999 0.09999999999999999)
(0.3 0.475 0.09999999999999999)
(0.3125 0.4749999999999999 0.09999999999999999)
(0.325 0.4749999999999999 0.09999999999999999)
(0.3375000000000001 0.475 0.09999999999999999)
(0.3499999999999999 0.4749999999999999 0.09999999999999999)
(0.3625 0.4749999999999999 0.09999999999999999)
(0.375 0.4749999999999999 0.09999999999999999)
(0.3875 0.475 0.1)
(0.4 0.4749999999999999 0.1)
(0.4124999999999999 0.475 0.1)
(0.425 0.4749999999999999 0.1)
(0.4375 0.4749999999999999 0.1)
(0.45 0.4749999999999999 0.09999999999999999)
(0.4625000000000001 0.475 0.1)
(0.4749999999999999 0.4749999999999999 0.09999999999999999)
(0.4875 0.475 0.1)
(0.5 0.475 0.09999999999999999)
(0.5125 0.4749999999999999 0.09999999999999999)
(0.525 0.4749999999999999 0.09999999999999999)
(0.5375 0.475 0.09999999999999999)
(0.55 0.4749999999999999 0.09999999999999999)
(0.5625 0.4749999999999999 0.1)
(0.5749999999999998 0.475 0.1)
(0.5875 0.4749999999999999 0.1)
(0.6 0.4749999999999999 0.1)
(0.6125 0.475 0.09999999999999999)
(0.625 0.4749999999999999 0.09999999999999999)
(0.6375 0.475 0.09999999999999999)
(0.65 0.475 0.09999999999999999)
(0.6625 0.475 0.09999999999999999)
(0.6750000000000002 0.4749999999999999 0.09999999999999999)
(0.6875 0.4749999999999999 0.09999999999999999)
(0.6999999999999998 0.475 0.09999999999999999)
(0.7125 0.4749999999999999 0.09999999999999999)
(0.725 0.475 0.09999999999999998)
(0.7375000000000002 0.475 0.09999999999999999)
(0.75 0.4749999999999999 0.1)
(0.7625000000000001 0.4749999999999999 0.1)
(0.775 0.4749999999999999 0.1)
(0.7875 0.4749999999999999 0.09999999999999999)
(0.7999999999999999 0.475 0.1)
(0.8125 0.475 0.1)
(0.8249999999999998 0.475 0.1)
(0.8375 0.4749999999999999 0.09999999999999999)
(0.85 0.475 0.09999999999999999)
(0.8624999999999999 0.4749999999999999 0.09999999999999999)
(0.875 0.4749999999999999 0.09999999999999999)
(0.8874999999999998 0.475 0.09999999999999999)
(0.9 0.4749999999999999 0.09999999999999999)
(0.9125000000000001 0.475 0.1)
(0.9250000000000002 0.475 0.1)
(0.9375 0.475 0.1)
(0.9499999999999998 0.475 0.1)
(0.9625 0.475 0.09999999999999999)
(0.975 0.475 0.1)
(0.9875000000000002 0.4749999999999999 0.09999999999999999)
(1 0.4749999999999999 0.09999999999999999)
(0 0.4875 0.1)
(0.0125 0.4875 0.1)
(0.025 0.4875 0.1)
(0.0375 0.4875 0.1)
(0.05000000000000001 0.4875 0.09999999999999999)
(0.0625 0.4875 0.09999999999999999)
(0.07499999999999998 0.4875 0.09999999999999999)
(0.08750000000000001 0.4875 0.1)
(0.1 0.4875 0.1)
(0.1125 0.4875 0.1)
(0.125 0.4875 0.09999999999999999)
(0.1375 0.4875 0.09999999999999999)
(0.15 0.4875 0.1)
(0.1625 0.4875 0.1)
(0.175 0.4874999999999999 0.1)
(0.1875 0.4874999999999999 0.09999999999999999)
(0.2 0.4875 0.1)
(0.2125 0.4875 0.1)
(0.225 0.4875 0.1)
(0.2375 0.4875 0.1)
(0.25 0.4875 0.1)
(0.2625 0.4875 0.1)
(0.2750000000000001 0.4875 0.1)
(0.2875 0.4875 0.09999999999999999)
(0.2999999999999999 0.4875 0.09999999999999999)
(0.3125 0.4875 0.09999999999999999)
(0.325 0.4875 0.1)
(0.3375000000000001 0.4875 0.1)
(0.3499999999999999 0.4875 0.09999999999999999)
(0.3625 0.4875 0.09999999999999999)
(0.375 0.4875 0.09999999999999999)
(0.3875 0.4875 0.1)
(0.4000000000000001 0.4875 0.1)
(0.4125 0.4875 0.09999999999999998)
(0.425 0.4875 0.09999999999999999)
(0.4375 0.4875 0.09999999999999999)
(0.45 0.4875 0.1)
(0.4625000000000001 0.4874999999999999 0.1)
(0.4749999999999999 0.4874999999999999 0.09999999999999998)
(0.4875 0.4875 0.1)
(0.5 0.4875 0.09999999999999999)
(0.5125 0.4875 0.1)
(0.525 0.4875 0.1)
(0.5375000000000001 0.4875 0.1)
(0.5500000000000002 0.4875 0.09999999999999999)
(0.5625 0.4875 0.1)
(0.575 0.4875 0.1)
(0.5875 0.4875 0.1)
(0.5999999999999999 0.4875 0.09999999999999999)
(0.6125 0.4875 0.1)
(0.625 0.4875 0.1)
(0.6375 0.4875 0.1)
(0.65 0.4875 0.09999999999999999)
(0.6624999999999999 0.4875 0.09999999999999999)
(0.6750000000000002 0.4875 0.09999999999999999)
(0.6875 0.4875 0.1)
(0.6999999999999998 0.4875 0.09999999999999999)
(0.7124999999999999 0.4875 0.09999999999999998)
(0.725 0.4875 0.1)
(0.7374999999999999 0.4875 0.09999999999999999)
(0.75 0.4875 0.1)
(0.7624999999999998 0.4875 0.1)
(0.7749999999999999 0.4874999999999999 0.09999999999999998)
(0.7875 0.4875 0.09999999999999999)
(0.8000000000000002 0.4874999999999999 0.09999999999999999)
(0.8125 0.4875 0.1)
(0.8250000000000001 0.4875 0.1)
(0.8374999999999999 0.4875 0.1)
(0.85 0.4875 0.1)
(0.8624999999999999 0.4875 0.09999999999999999)
(0.875 0.4875 0.1)
(0.8874999999999998 0.4875 0.1)
(0.9 0.4875 0.1)
(0.9125 0.4875 0.1)
(0.9250000000000002 0.4875 0.09999999999999999)
(0.9375 0.4875 0.1)
(0.9499999999999998 0.4875 0.09999999999999998)
(0.9624999999999999 0.4875 0.09999999999999999)
(0.9749999999999998 0.4875 0.09999999999999999)
(0.9875000000000002 0.4875 0.1)
(1 0.4875 0.1)
(0 0.5 0.09999999999999999)
(0.0125 0.5 0.09999999999999999)
(0.025 0.5 0.09999999999999999)
(0.0375 0.5 0.1)
(0.05 0.5 0.09999999999999999)
(0.0625 0.5 0.09999999999999999)
(0.075 0.5 0.09999999999999999)
(0.08750000000000001 0.5 0.1)
(0.09999999999999999 0.5 0.09999999999999999)
(0.1125 0.5 0.09999999999999999)
(0.125 0.5 0.09999999999999999)
(0.1375 0.5 0.1)
(0.15 0.5 0.09999999999999999)
(0.1625 0.5 0.09999999999999999)
(0.175 0.5 0.09999999999999999)
(0.1875 0.5 0.1)
(0.2 0.5 0.1)
(0.2125 0.5 0.09999999999999999)
(0.225 0.5 0.09999999999999999)
(0.2375 0.5 0.1)
(0.25 0.5 0.1)
(0.2625 0.5 0.09999999999999999)
(0.275 0.5 0.09999999999999999)
(0.2875 0.5 0.1)
(0.3 0.5 0.09999999999999999)
(0.3125 0.5 0.09999999999999999)
(0.325 0.5 0.09999999999999999)
(0.3375 0.5 0.09999999999999999)
(0.35 0.5 0.1)
(0.3625 0.5 0.09999999999999999)
(0.375 0.5 0.09999999999999999)
(0.3875 0.5 0.1)
(0.4 0.5 0.1)
(0.4125 0.5 0.09999999999999999)
(0.425 0.5 0.09999999999999999)
(0.4375 0.5 0.09999999999999999)
(0.45 0.5 0.1)
(0.4625 0.5 0.09999999999999999)
(0.475 0.5 0.09999999999999999)
(0.4875 0.5 0.09999999999999999)
(0.5 0.5 0.1)
(0.5125000000000001 0.5 0.09999999999999999)
(0.525 0.5 0.09999999999999999)
(0.5375 0.5 0.09999999999999999)
(0.5499999999999999 0.5 0.1)
(0.5625 0.5 0.09999999999999999)
(0.5750000000000001 0.5 0.09999999999999999)
(0.5875 0.5 0.09999999999999999)
(0.6 0.5 0.1)
(0.6124999999999999 0.5 0.09999999999999999)
(0.625 0.5 0.09999999999999999)
(0.6375000000000001 0.5 0.09999999999999999)
(0.65 0.5 0.09999999999999999)
(0.6625 0.5 0.1)
(0.6749999999999999 0.5 0.09999999999999999)
(0.6875 0.5 0.09999999999999999)
(0.7000000000000001 0.5 0.09999999999999999)
(0.7125 0.5 0.1)
(0.725 0.5 0.09999999999999999)
(0.7374999999999999 0.5 0.09999999999999999)
(0.75 0.5 0.09999999999999999)
(0.7625000000000001 0.5 0.1)
(0.775 0.5 0.09999999999999999)
(0.7875 0.5 0.09999999999999999)
(0.7999999999999999 0.5 0.1)
(0.8125 0.5 0.1)
(0.8250000000000001 0.5 0.09999999999999999)
(0.8375 0.5 0.09999999999999999)
(0.85 0.5 0.09999999999999999)
(0.8624999999999999 0.5 0.1)
(0.875 0.5 0.09999999999999999)
(0.8875000000000001 0.5 0.09999999999999999)
(0.9 0.5 0.09999999999999999)
(0.9125 0.5 0.1)
(0.9249999999999999 0.5 0.09999999999999999)
(0.9375 0.5 0.09999999999999999)
(0.9500000000000001 0.5 0.09999999999999999)
(0.9625 0.5 0.09999999999999999)
(0.975 0.5 0.1)
(0.9874999999999999 0.5 0.09999999999999999)
(1 0.5 0.09999999999999999)
(0 0.5125 0.1)
(0.0125 0.5125 0.1)
(0.025 0.5124999999999998 0.09999999999999999)
(0.0375 0.5125 0.1)
(0.05000000000000001 0.5125 0.1)
(0.0625 0.5125 0.09999999999999999)
(0.075 0.5125 0.09999999999999999)
(0.08750000000000001 0.5125 0.09999999999999999)
(0.1 0.5125 0.1)
(0.1125 0.5125 0.1)
(0.125 0.5124999999999998 0.1)
(0.1375 0.5125000000000001 0.1)
(0.15 0.5125 0.1)
(0.1625 0.5125 0.09999999999999999)
(0.175 0.5124999999999998 0.09999999999999999)
(0.1875 0.5125000000000001 0.09999999999999999)
(0.2 0.5125 0.09999999999999999)
(0.2125 0.5125 0.1)
(0.225 0.5125 0.1)
(0.2375 0.5125000000000001 0.1)
(0.25 0.5125 0.09999999999999999)
(0.2625 0.5125 0.1)
(0.275 0.5125 0.1)
(0.2875 0.5124999999999998 0.1)
(0.3 0.5125 0.09999999999999999)
(0.3125 0.5125 0.09999999999999999)
(0.325 0.5125 0.09999999999999999)
(0.3375000000000001 0.5124999999999998 0.09999999999999999)
(0.35 0.5125000000000001 0.1)
(0.3625 0.5125 0.1)
(0.375 0.5125 0.09999999999999999)
(0.3875 0.5125 0.1)
(0.4000000000000001 0.5125 0.1)
(0.4125 0.5125 0.1)
(0.425 0.5125 0.09999999999999999)
(0.4375 0.5125 0.09999999999999999)
(0.45 0.5125000000000001 0.09999999999999999)
(0.4625000000000001 0.5125 0.1)
(0.475 0.5125 0.1)
(0.4875 0.5125 0.09999999999999999)
(0.5 0.5125000000000001 0.1)
(0.5125 0.5125 0.1)
(0.525 0.5125 0.09999999999999999)
(0.5375 0.5125 0.09999999999999999)
(0.5499999999999999 0.5124999999999998 0.09999999999999999)
(0.5625 0.5125 0.09999999999999999)
(0.575 0.5125 0.1)
(0.5875 0.5125 0.1)
(0.6000000000000001 0.5125000000000001 0.1)
(0.6125 0.5125 0.1)
(0.625 0.5125 0.1)
(0.6375 0.5125 0.1)
(0.65 0.5125 0.1)
(0.6625 0.5124999999999998 0.09999999999999999)
(0.6750000000000002 0.5125 0.09999999999999999)
(0.6875 0.5125 0.09999999999999999)
(0.7000000000000001 0.5125 0.09999999999999998)
(0.7125 0.5125 0.1)
(0.725 0.5125 0.09999999999999999)
(0.7375000000000002 0.5125 0.09999999999999999)
(0.75 0.5125 0.09999999999999999)
(0.7624999999999998 0.5125 0.09999999999999999)
(0.775 0.5125 0.1)
(0.7875 0.5125 0.09999999999999999)
(0.8000000000000002 0.5125000000000001 0.1)
(0.8125 0.5125000000000001 0.09999999999999999)
(0.8250000000000001 0.5125 0.09999999999999999)
(0.8375 0.5125 0.1)
(0.85 0.5125 0.1)
(0.8624999999999999 0.5124999999999998 0.1)
(0.875 0.5124999999999998 0.1)
(0.8874999999999998 0.5125 0.1)
(0.9 0.5125 0.09999999999999999)
(0.9125000000000001 0.5125000000000001 0.1)
(0.9250000000000002 0.5125 0.09999999999999999)
(0.9375 0.5125 0.09999999999999999)
(0.9500000000000001 0.5125 0.1)
(0.9625 0.5125 0.1)
(0.975 0.5125000000000001 0.09999999999999999)
(0.9875000000000002 0.5125 0.1)
(1 0.5125 0.1)
(0 0.525 0.09999999999999999)
(0.0125 0.525 0.1)
(0.025 0.525 0.1)
(0.0375 0.525 0.1)
(0.05 0.525 0.09999999999999999)
(0.0625 0.525 0.1)
(0.075 0.525 0.1)
(0.08750000000000001 0.525 0.09999999999999999)
(0.09999999999999999 0.525 0.1)
(0.1125 0.525 0.09999999999999999)
(0.125 0.525 0.1)
(0.1375 0.5250000000000001 0.09999999999999999)
(0.15 0.525 0.1)
(0.1625 0.525 0.09999999999999999)
(0.175 0.525 0.1)
(0.1875 0.525 0.1)
(0.2 0.525 0.1)
(0.2125 0.525 0.1)
(0.225 0.525 0.09999999999999999)
(0.2375 0.525 0.09999999999999999)
(0.25 0.525 0.09999999999999999)
(0.2625 0.525 0.1)
(0.275 0.525 0.1)
(0.2874999999999999 0.525 0.1)
(0.3 0.525 0.09999999999999999)
(0.3125 0.525 0.09999999999999999)
(0.325 0.5250000000000001 0.09999999999999999)
(0.3375 0.525 0.09999999999999999)
(0.35 0.525 0.09999999999999999)
(0.3625 0.525 0.09999999999999999)
(0.375 0.525 0.1)
(0.3875 0.525 0.09999999999999999)
(0.4 0.525 0.1)
(0.4125 0.525 0.09999999999999999)
(0.425 0.525 0.09999999999999999)
(0.4375 0.525 0.1)
(0.45 0.5250000000000001 0.09999999999999999)
(0.4625000000000001 0.525 0.1)
(0.4749999999999999 0.525 0.09999999999999999)
(0.4875 0.525 0.1)
(0.5 0.525 0.09999999999999999)
(0.5125 0.525 0.1)
(0.525 0.525 0.09999999999999999)
(0.5375 0.525 0.1)
(0.55 0.525 0.1)
(0.5625 0.525 0.09999999999999999)
(0.5749999999999998 0.525 0.09999999999999999)
(0.5875 0.525 0.09999999999999999)
(0.6 0.525 0.1)
(0.6125 0.525 0.09999999999999999)
(0.625 0.525 0.1)
(0.6375 0.525 0.1)
(0.65 0.525 0.09999999999999999)
(0.6625 0.525 0.09999999999999999)
(0.6749999999999999 0.525 0.09999999999999999)
(0.6875 0.525 0.09999999999999999)
(0.7000000000000001 0.525 0.09999999999999999)
(0.7125 0.525 0.1)
(0.725 0.525 0.09999999999999999)
(0.7375000000000002 0.525 0.1)
(0.75 0.525 0.09999999999999999)
(0.7624999999999998 0.525 0.1)
(0.775 0.525 0.09999999999999999)
(0.7875 0.525 0.09999999999999999)
(0.7999999999999999 0.525 0.1)
(0.8125 0.525 0.09999999999999999)
(0.8250000000000001 0.525 0.1)
(0.8375 0.525 0.09999999999999999)
(0.85 0.525 0.1)
(0.8625000000000002 0.525 0.09999999999999999)
(0.875 0.525 0.1)
(0.8874999999999998 0.525 0.1)
(0.9 0.525 0.09999999999999999)
(0.9125 0.525 0.09999999999999999)
(0.9250000000000002 0.525 0.09999999999999999)
(0.9375 0.5249999999999999 0.1)
(0.9499999999999998 0.525 0.1)
(0.9625 0.525 0.1)
(0.9749999999999998 0.525 0.09999999999999999)
(0.9875000000000002 0.525 0.1)
(1 0.525 0.09999999999999999)
(0 0.5375 0.1)
(0.0125 0.5375 0.1)
(0.025 0.5375 0.09999999999999999)
(0.0375 0.5375 0.1)
(0.05000000000000001 0.5375 0.1)
(0.0625 0.5375 0.1)
(0.075 0.5375 0.1)
(0.08749999999999998 0.5375 0.09999999999999999)
(0.1 0.5375 0.09999999999999999)
(0.1125 0.5375 0.1)
(0.125 0.5375 0.1)
(0.1375 0.5375000000000001 0.1)
(0.15 0.5375 0.09999999999999999)
(0.1625 0.5375 0.1)
(0.175 0.5375 0.1)
(0.1875 0.5375 0.1)
(0.2 0.5375 0.09999999999999999)
(0.2125 0.5375 0.09999999999999999)
(0.225 0.5375 0.1)
(0.2375 0.5375 0.09999999999999999)
(0.25 0.5375 0.1)
(0.2625 0.5375 0.09999999999999999)
(0.275 0.5375 0.1)
(0.2875 0.5375 0.1)
(0.3 0.5375 0.09999999999999999)
(0.3125 0.5375 0.09999999999999999)
(0.3250000000000001 0.5375 0.09999999999999999)
(0.3375000000000001 0.5375 0.1)
(0.3499999999999999 0.5375 0.09999999999999999)
(0.3625 0.5375 0.1)
(0.375 0.5375 0.09999999999999999)
(0.3875 0.5375 0.1)
(0.4000000000000001 0.5375 0.1)
(0.4124999999999999 0.5375 0.1)
(0.425 0.5375 0.1)
(0.4375 0.5375 0.09999999999999999)
(0.4500000000000001 0.5375000000000001 0.09999999999999999)
(0.4625 0.5375 0.1)
(0.475 0.5375 0.1)
(0.4875 0.5375 0.09999999999999998)
(0.5 0.5375 0.09999999999999999)
(0.5125 0.5375 0.09999999999999999)
(0.525 0.5375 0.1)
(0.5375 0.5375 0.1)
(0.55 0.5375 0.1)
(0.5625 0.5375 0.09999999999999999)
(0.575 0.5375 0.09999999999999999)
(0.5875 0.5375 0.1)
(0.6 0.5375 0.1)
(0.6124999999999999 0.5375 0.09999999999999999)
(0.625 0.5375 0.09999999999999999)
(0.6375 0.5375 0.1)
(0.65 0.5375 0.1)
(0.6625 0.5375 0.1)
(0.6750000000000002 0.5375 0.09999999999999999)
(0.6875 0.5375 0.09999999999999999)
(0.6999999999999998 0.5375 0.09999999999999999)
(0.7125 0.5375 0.09999999999999999)
(0.725 0.5375 0.09999999999999999)
(0.7374999999999999 0.5375 0.09999999999999999)
(0.75 0.5375 0.1)
(0.7624999999999998 0.5375 0.09999999999999999)
(0.775 0.5375 0.1)
(0.7875 0.5375 0.1)
(0.8000000000000002 0.5375 0.09999999999999999)
(0.8125 0.5375 0.09999999999999999)
(0.8249999999999998 0.5375 0.1)
(0.8375 0.5375 0.1)
(0.8500000000000001 0.5375 0.1)
(0.8625000000000002 0.5375 0.1)
(0.875 0.5375 0.09999999999999999)
(0.8875000000000001 0.5375 0.1)
(0.9 0.5375 0.1)
(0.9125 0.5375 0.1)
(0.9249999999999999 0.5375 0.09999999999999999)
(0.9375 0.5375000000000001 0.1)
(0.9500000000000001 0.5375 0.1)
(0.9625 0.5375 0.1)
(0.975 0.5375 0.09999999999999999)
(0.9874999999999999 0.5375 0.09999999999999999)
(1 0.5375 0.1)
(0 0.55 0.09999999999999999)
(0.0125 0.55 0.1)
(0.025 0.5499999999999999 0.09999999999999999)
(0.0375 0.5499999999999999 0.1)
(0.05 0.55 0.1)
(0.0625 0.55 0.09999999999999999)
(0.075 0.55 0.09999999999999999)
(0.08749999999999998 0.55 0.1)
(0.09999999999999999 0.55 0.09999999999999999)
(0.1125 0.5500000000000002 0.1)
(0.125 0.5500000000000002 0.1)
(0.1375 0.55 0.1)
(0.15 0.55 0.1)
(0.1625 0.55 0.09999999999999999)
(0.175 0.55 0.1)
(0.1875 0.5499999999999999 0.09999999999999999)
(0.2 0.5500000000000002 0.1)
(0.2125 0.55 0.1)
(0.225 0.55 0.1)
(0.2375 0.55 0.09999999999999999)
(0.25 0.55 0.1)
(0.2625 0.5500000000000002 0.1)
(0.275 0.55 0.1)
(0.2875 0.55 0.09999999999999999)
(0.3 0.55 0.1)
(0.3125 0.55 0.1)
(0.325 0.55 0.09999999999999999)
(0.3375000000000001 0.5499999999999999 0.09999999999999999)
(0.3499999999999999 0.5499999999999999 0.09999999999999999)
(0.3625 0.55 0.1)
(0.375 0.55 0.09999999999999999)
(0.3875 0.55 0.09999999999999999)
(0.4 0.55 0.1)
(0.4124999999999999 0.55 0.1)
(0.425 0.55 0.1)
(0.4375 0.55 0.1)
(0.45 0.55 0.09999999999999999)
(0.4625 0.55 0.09999999999999999)
(0.4749999999999999 0.55 0.09999999999999999)
(0.4875 0.55 0.1)
(0.5 0.5499999999999999 0.1)
(0.5124999999999998 0.5499999999999999 0.09999999999999999)
(0.525 0.55 0.1)
(0.5375 0.55 0.1)
(0.55 0.55 0.09999999999999999)
(0.5625 0.55 0.09999999999999999)
(0.5750000000000001 0.5500000000000002 0.1)
(0.5875 0.55 0.1)
(0.6 0.55 0.1)
(0.6125 0.55 0.09999999999999999)
(0.625 0.55 0.1)
(0.6375 0.55 0.1)
(0.65 0.5499999999999999 0.09999999999999999)
(0.6625 0.5499999999999999 0.09999999999999999)
(0.6750000000000002 0.55 0.09999999999999999)
(0.6875 0.55 0.1)
(0.6999999999999998 0.55 0.09999999999999999)
(0.7125 0.5500000000000002 0.1)
(0.7250000000000001 0.5500000000000002 0.09999999999999999)
(0.7374999999999999 0.55 0.1)
(0.75 0.55 0.09999999999999999)
(0.7624999999999998 0.55 0.1)
(0.775 0.55 0.1)
(0.7875 0.55 0.09999999999999999)
(0.7999999999999999 0.5499999999999999 0.1)
(0.8125 0.5499999999999999 0.09999999999999999)
(0.8249999999999998 0.5499999999999999 0.09999999999999999)
(0.8375 0.55 0.09999999999999999)
(0.85 0.55 0.09999999999999999)
(0.8625000000000002 0.5500000000000002 0.1)
(0.875 0.5500000000000002 0.1)
(0.8875000000000001 0.5500000000000002 0.1)
(0.9 0.55 0.1)
(0.9125000000000001 0.55 0.1)
(0.9249999999999999 0.55 0.09999999999999999)
(0.9375 0.55 0.09999999999999999)
(0.9499999999999998 0.55 0.1)
(0.9625 0.5499999999999999 0.1)
(0.975 0.5499999999999999 0.1)
(0.9875000000000002 0.55 0.09999999999999999)
(1 0.55 0.09999999999999999)
(0 0.5625 0.1)
(0.0125 0.5625 0.1)
(0.025 0.5625 0.1)
(0.0375 0.5625 0.1)
(0.05000000000000001 0.5625 0.1)
(0.0625 0.5625 0.1)
(0.07499999999999998 0.5625 0.1)
(0.08749999999999998 0.5625 0.09999999999999999)
(0.1 0.5625 0.09999999999999999)
(0.1125 0.5625 0.09999999999999999)
(0.125 0.5625 0.1)
(0.1375 0.5625 0.1)
(0.15 0.5625 0.09999999999999999)
(0.1625 0.5625 0.1)
(0.175 0.5625 0.09999999999999999)
(0.1875 0.5625 0.1)
(0.2 0.5625 0.09999999999999999)
(0.2125 0.5625 0.1)
(0.225 0.5625 0.09999999999999999)
(0.2375 0.5625 0.1)
(0.25 0.5625 0.09999999999999999)
(0.2625000000000001 0.5625 0.1)
(0.275 0.5625 0.09999999999999999)
(0.2875 0.5625 0.1)
(0.3 0.5625 0.09999999999999999)
(0.3125 0.5625 0.1)
(0.325 0.5625 0.1)
(0.3375000000000001 0.5625 0.1)
(0.3499999999999999 0.5625 0.1)
(0.3625 0.5625 0.1)
(0.375 0.5625 0.1)
(0.3875 0.5625 0.1)
(0.4000000000000001 0.5625 0.1)
(0.4124999999999999 0.5625 0.1)
(0.425 0.5625 0.09999999999999999)
(0.4375 0.5625 0.09999999999999999)
(0.45 0.5625 0.1)
(0.4625000000000001 0.5625 0.09999999999999999)
(0.4749999999999999 0.5625 0.1)
(0.4875 0.5625 0.09999999999999999)
(0.5 0.5625 0.1)
(0.5125 0.5625 0.09999999999999999)
(0.525 0.5625 0.1)
(0.5375 0.5625 0.09999999999999999)
(0.55 0.5625 0.1)
(0.5625 0.5625 0.09999999999999999)
(0.575 0.5625 0.09999999999999999)
(0.5875 0.5625 0.09999999999999999)
(0.6 0.5625 0.1)
(0.6125 0.5625 0.09999999999999999)
(0.625 0.5625 0.1)
(0.6375 0.5625 0.1)
(0.65 0.5625 0.1)
(0.6625 0.5625 0.1)
(0.6750000000000002 0.5625 0.1)
(0.6875 0.5625 0.1)
(0.6999999999999998 0.5625 0.09999999999999998)
(0.7125 0.5625 0.1)
(0.725 0.5625 0.1)
(0.7375000000000002 0.5625 0.1)
(0.75 0.5625 0.09999999999999999)
(0.7624999999999998 0.5625 0.1)
(0.775 0.5625 0.09999999999999999)
(0.7875 0.5625 0.1)
(0.8000000000000002 0.5625000000000001 0.1)
(0.8125 0.5625 0.1)
(0.8249999999999998 0.5625 0.09999999999999999)
(0.8375 0.5625 0.1)
(0.85 0.5625 0.1)
(0.8625000000000002 0.5625000000000001 0.1)
(0.875 0.5625 0.09999999999999999)
(0.8874999999999998 0.5625 0.1)
(0.8999999999999999 0.5625 0.09999999999999999)
(0.9125000000000001 0.5625 0.1)
(0.9250000000000002 0.5625000000000001 0.09999999999999999)
(0.9375 0.5625 0.1)
(0.9499999999999998 0.5624999999999999 0.1)
(0.9624999999999999 0.5625 0.1)
(0.9750000000000001 0.5625 0.1)
(0.9875000000000002 0.5625000000000001 0.09999999999999999)
(1 0.5625 0.1)
(0 0.575 0.1)
(0.0125 0.5749999999999998 0.09999999999999999)
(0.025 0.575 0.1)
(0.0375 0.5749999999999998 0.1)
(0.05000000000000001 0.5750000000000001 0.09999999999999999)
(0.0625 0.575 0.1)
(0.075 0.5750000000000001 0.1)
(0.08749999999999998 0.575 0.09999999999999999)
(0.1 0.5750000000000001 0.1)
(0.1125 0.575 0.09999999999999999)
(0.125 0.5749999999999998 0.09999999999999999)
(0.1375 0.575 0.09999999999999999)
(0.15 0.575 0.1)
(0.1625 0.575 0.1)
(0.175 0.575 0.09999999999999998)
(0.1875 0.5750000000000001 0.1)
(0.2 0.575 0.09999999999999999)
(0.2125 0.5749999999999998 0.09999999999999999)
(0.225 0.575 0.1)
(0.2375 0.575 0.1)
(0.25 0.575 0.1)
(0.2625 0.575 0.1)
(0.275 0.575 0.1)
(0.2875 0.575 0.1)
(0.3 0.5750000000000001 0.1)
(0.3125 0.575 0.1)
(0.325 0.575 0.1)
(0.3375 0.575 0.09999999999999999)
(0.3499999999999999 0.575 0.09999999999999999)
(0.3625 0.575 0.1)
(0.375 0.575 0.09999999999999999)
(0.3875 0.5750000000000001 0.1)
(0.4000000000000001 0.575 0.09999999999999999)
(0.4124999999999999 0.5749999999999998 0.09999999999999999)
(0.425 0.575 0.1)
(0.4375 0.575 0.1)
(0.45 0.575 0.1)
(0.4625 0.575 0.1)
(0.4749999999999999 0.5749999999999998 0.09999999999999999)
(0.4875 0.575 0.09999999999999999)
(0.5 0.5750000000000001 0.09999999999999999)
(0.5125 0.575 0.1)
(0.525 0.5749999999999998 0.1)
(0.5375 0.575 0.1)
(0.55 0.575 0.09999999999999999)
(0.5625 0.575 0.09999999999999999)
(0.575 0.575 0.1)
(0.5875 0.575 0.1)
(0.6 0.575 0.1)
(0.6124999999999999 0.5749999999999998 0.09999999999999999)
(0.625 0.575 0.09999999999999999)
(0.6375 0.575 0.09999999999999999)
(0.65 0.575 0.1)
(0.6625 0.575 0.09999999999999999)
(0.6749999999999999 0.575 0.1)
(0.6875 0.575 0.09999999999999999)
(0.6999999999999998 0.575 0.09999999999999999)
(0.7125 0.575 0.1)
(0.7250000000000001 0.5750000000000001 0.09999999999999999)
(0.7375000000000002 0.575 0.1)
(0.75 0.575 0.1)
(0.7625000000000001 0.5749999999999998 0.09999999999999999)
(0.775 0.575 0.09999999999999999)
(0.7875 0.5749999999999998 0.09999999999999999)
(0.8000000000000002 0.575 0.1)
(0.8125 0.5750000000000001 0.1)
(0.8249999999999998 0.575 0.1)
(0.8375 0.575 0.09999999999999999)
(0.85 0.575 0.09999999999999999)
(0.8625000000000002 0.5750000000000001 0.1)
(0.875 0.5749999999999998 0.1)
(0.8875000000000001 0.575 0.1)
(0.9 0.5749999999999998 0.09999999999999999)
(0.9125 0.575 0.09999999999999999)
(0.9249999999999999 0.5749999999999998 0.09999999999999999)
(0.9375 0.575 0.1)
(0.9499999999999998 0.575 0.1)
(0.9624999999999999 0.5749999999999998 0.1)
(0.975 0.575 0.09999999999999999)
(0.9875000000000002 0.5749999999999998 0.09999999999999999)
(1 0.575 0.1)
(0 0.5875 0.1)
(0.0125 0.5875 0.09999999999999999)
(0.025 0.5875 0.1)
(0.0375 0.5874999999999999 0.1)
(0.05000000000000001 0.5875 0.09999999999999999)
(0.0625 0.5875 0.09999999999999999)
(0.075 0.5875 0.1)
(0.08749999999999998 0.5875 0.1)
(0.1 0.5875 0.09999999999999999)
(0.1125 0.5875 0.1)
(0.125 0.5875 0.1)
(0.1375 0.5875 0.1)
(0.15 0.5875 0.1)
(0.1625 0.5875 0.1)
(0.175 0.5875 0.1)
(0.1875 0.5875 0.09999999999999999)
(0.2 0.5875 0.09999999999999999)
(0.2125 0.5875 0.1)
(0.225 0.5875 0.1)
(0.2375 0.5875 0.1)
(0.25 0.5875 0.1)
(0.2625 0.5875000000000001 0.1)
(0.275 0.5875 0.09999999999999999)
(0.2874999999999999 0.5875 0.1)
(0.3 0.5875 0.1)
(0.3125 0.5875 0.09999999999999999)
(0.325 0.5875 0.1)
(0.3375 0.5875 0.1)
(0.3499999999999999 0.5875 0.09999999999999999)
(0.3625 0.5875 0.09999999999999999)
(0.375 0.5875 0.1)
(0.3875 0.5875 0.1)
(0.4000000000000001 0.5875 0.1)
(0.4125 0.5875 0.09999999999999999)
(0.425 0.5875 0.09999999999999999)
(0.4375 0.5875 0.1)
(0.45 0.5875000000000001 0.1)
(0.4625 0.5875 0.1)
(0.475 0.5875 0.09999999999999999)
(0.4875 0.5875 0.1)
(0.5 0.5875 0.09999999999999999)
(0.5125 0.5875 0.1)
(0.525 0.5875 0.1)
(0.5375 0.5875 0.1)
(0.55 0.5875 0.1)
(0.5625 0.5875 0.09999999999999999)
(0.5749999999999998 0.5875 0.09999999999999999)
(0.5875 0.5875 0.1)
(0.6 0.5875 0.1)
(0.6125 0.5875 0.1)
(0.625 0.5875 0.1)
(0.6375 0.5875 0.09999999999999999)
(0.65 0.5875 0.09999999999999999)
(0.6625 0.5875 0.1)
(0.6749999999999999 0.5875 0.1)
(0.6875 0.5875 0.09999999999999999)
(0.6999999999999998 0.5875 0.09999999999999999)
(0.7125 0.5875 0.09999999999999999)
(0.725 0.5875 0.09999999999999999)
(0.7375000000000002 0.5875000000000001 0.09999999999999999)
(0.75 0.5875000000000001 0.1)
(0.7624999999999998 0.5875 0.1)
(0.775 0.5875 0.1)
(0.7875 0.5875 0.1)
(0.8000000000000002 0.5875 0.09999999999999999)
(0.8125 0.5875 0.1)
(0.8250000000000001 0.5875 0.1)
(0.8375 0.5875 0.1)
(0.8500000000000001 0.5875 0.1)
(0.8625000000000002 0.5875 0.09999999999999999)
(0.875 0.5875 0.09999999999999999)
(0.8875000000000001 0.5875 0.1)
(0.9 0.5875 0.09999999999999999)
(0.9125000000000001 0.5875 0.1)
(0.9249999999999999 0.5874999999999999 0.1)
(0.9375 0.5874999999999999 0.09999999999999999)
(0.9500000000000001 0.5874999999999999 0.09999999999999999)
(0.9625 0.5875 0.1)
(0.9750000000000001 0.5875 0.1)
(0.9874999999999999 0.5875 0.1)
(1 0.5875 0.1)
(0 0.6 0.1)
(0.0125 0.6 0.1)
(0.025 0.6 0.1)
(0.0375 0.6 0.1)
(0.05000000000000001 0.6 0.1)
(0.0625 0.6 0.1)
(0.07500000000000001 0.6000000000000001 0.1)
(0.08750000000000001 0.6 0.1)
(0.1 0.6 0.1)
(0.1125 0.6 0.1)
(0.125 0.6 0.1)
(0.1375 0.6 0.1)
(0.15 0.6 0.1)
(0.1625 0.6 0.1)
(0.175 0.6 0.09999999999999999)
(0.1875 0.6 0.1)
(0.2 0.6 0.09999999999999999)
(0.2125 0.6 0.1)
(0.225 0.6 0.09999999999999999)
(0.2375 0.6 0.1)
(0.25 0.6 0.09999999999999999)
(0.2625 0.6 0.1)
(0.275 0.6 0.09999999999999999)
(0.2875 0.6 0.1)
(0.3 0.6 0.09999999999999999)
(0.3125 0.6 0.1)
(0.325 0.6000000000000001 0.1)
(0.3375000000000001 0.6 0.1)
(0.35 0.6 0.1)
(0.3625 0.6 0.09999999999999999)
(0.375 0.6 0.1)
(0.3875 0.6 0.1)
(0.4000000000000001 0.6 0.09999999999999999)
(0.4125 0.6 0.09999999999999999)
(0.425 0.6 0.09999999999999999)
(0.4375 0.6 0.09999999999999999)
(0.45 0.6000000000000001 0.1)
(0.4625000000000001 0.6 0.09999999999999999)
(0.4749999999999999 0.6 0.1)
(0.4875 0.6 0.09999999999999999)
(0.5 0.6 0.1)
(0.5125 0.6 0.09999999999999999)
(0.525 0.6 0.1)
(0.5375 0.6 0.09999999999999999)
(0.55 0.6 0.1)
(0.5625 0.6 0.09999999999999999)
(0.575 0.6 0.1)
(0.5875 0.6 0.1)
(0.6 0.6 0.1)
(0.6125 0.6 0.09999999999999999)
(0.625 0.6 0.1)
(0.6374999999999998 0.6 0.09999999999999999)
(0.65 0.6 0.1)
(0.6625 0.6 0.09999999999999999)
(0.6750000000000002 0.6 0.1)
(0.6875 0.6 0.09999999999999999)
(0.7000000000000001 0.6 0.09999999999999999)
(0.7125 0.6 0.09999999999999999)
(0.725 0.6 0.09999999999999999)
(0.7374999999999999 0.6 0.09999999999999999)
(0.75 0.5999999999999999 0.1)
(0.7624999999999998 0.6 0.09999999999999999)
(0.775 0.6 0.1)
(0.7875 0.6 0.09999999999999999)
(0.8000000000000002 0.6 0.1)
(0.8125 0.6 0.09999999999999999)
(0.8250000000000001 0.6 0.1)
(0.8374999999999999 0.6 0.09999999999999999)
(0.85 0.6 0.1)
(0.8625000000000002 0.6 0.09999999999999999)
(0.875 0.6 0.1)
(0.8874999999999998 0.6 0.09999999999999999)
(0.9 0.6000000000000001 0.1)
(0.9125 0.6 0.09999999999999999)
(0.9250000000000002 0.6 0.1)
(0.9375 0.6000000000000001 0.09999999999999999)
(0.9499999999999998 0.6 0.1)
(0.9625 0.6 0.09999999999999999)
(0.975 0.6000000000000001 0.09999999999999999)
(0.9875000000000002 0.6 0.09999999999999999)
(1 0.6 0.1)
(0 0.6125 0.1)
(0.0125 0.6125000000000002 0.1)
(0.025 0.6125 0.09999999999999999)
(0.0375 0.6125 0.1)
(0.05000000000000001 0.6124999999999999 0.1)
(0.0625 0.6125 0.09999999999999999)
(0.075 0.6125 0.1)
(0.08750000000000001 0.6125000000000002 0.1)
(0.1 0.6125 0.09999999999999999)
(0.1125 0.6124999999999999 0.1)
(0.125 0.6125000000000002 0.1)
(0.1375 0.6125 0.09999999999999999)
(0.15 0.6124999999999999 0.09999999999999999)
(0.1625 0.6125000000000002 0.1)
(0.175 0.6125 0.09999999999999999)
(0.1875 0.6124999999999999 0.1)
(0.2 0.6125 0.09999999999999999)
(0.2125 0.6125 0.09999999999999999)
(0.225 0.6124999999999999 0.1)
(0.2375 0.6125 0.1)
(0.25 0.6125 0.09999999999999999)
(0.2625 0.6125000000000002 0.1)
(0.275 0.6125 0.1)
(0.2874999999999999 0.6125 0.09999999999999999)
(0.2999999999999999 0.6125 0.09999999999999999)
(0.3125 0.6125 0.1)
(0.325 0.6125000000000002 0.09999999999999999)
(0.3375 0.6125 0.1)
(0.35 0.6125 0.1)
(0.3625 0.6125 0.09999999999999999)
(0.375 0.6125 0.09999999999999999)
(0.3875 0.6125 0.09999999999999999)
(0.4000000000000001 0.6125 0.1)
(0.4124999999999999 0.6125 0.1)
(0.425 0.6125 0.1)
(0.4375 0.6125 0.1)
(0.45 0.6125 0.09999999999999999)
(0.4625000000000001 0.6124999999999999 0.09999999999999999)
(0.475 0.6125 0.09999999999999999)
(0.4875 0.6125 0.1)
(0.5 0.6124999999999999 0.1)
(0.5125 0.6125 0.1)
(0.525 0.6125 0.1)
(0.5375 0.6124999999999999 0.09999999999999999)
(0.55 0.6125 0.09999999999999999)
(0.5625 0.6125 0.09999999999999999)
(0.5749999999999998 0.6124999999999999 0.1)
(0.5875 0.6125 0.1)
(0.6 0.6125000000000002 0.1)
(0.6125 0.6125 0.1)
(0.625 0.6125 0.09999999999999999)
(0.6375000000000001 0.6125000000000002 0.1)
(0.65 0.6125 0.1)
(0.6625 0.6125 0.1)
(0.6749999999999999 0.6125 0.1)
(0.6875 0.6125 0.1)
(0.7000000000000001 0.6125 0.09999999999999999)
(0.7125 0.6125 0.09999999999999999)
(0.725 0.6125 0.09999999999999999)
(0.7374999999999999 0.6124999999999999 0.1)
(0.75 0.6125 0.09999999999999999)
(0.7624999999999998 0.6125 0.1)
(0.775 0.6124999999999999 0.1)
(0.7875 0.6125 0.1)
(0.8000000000000002 0.6125000000000002 0.1)
(0.8125 0.6124999999999999 0.1)
(0.8249999999999998 0.6125 0.09999999999999999)
(0.8375 0.6125000000000002 0.1)
(0.85 0.6124999999999999 0.1)
(0.8624999999999999 0.6125 0.1)
(0.875 0.6125000000000002 0.09999999999999999)
(0.8874999999999998 0.6124999999999999 0.09999999999999999)
(0.8999999999999999 0.6125 0.09999999999999999)
(0.9125000000000001 0.6125000000000002 0.1)
(0.9250000000000002 0.6125 0.1)
(0.9375 0.6125 0.09999999999999999)
(0.9500000000000001 0.6125000000000002 0.1)
(0.9625 0.6125 0.09999999999999999)
(0.975 0.6125 0.09999999999999999)
(0.9875000000000002 0.6125 0.1)
(1 0.6125 0.1)
(0 0.625 0.1)
(0.0125 0.625 0.1)
(0.025 0.625 0.1)
(0.0375 0.625 0.1)
(0.05000000000000001 0.625 0.09999999999999999)
(0.0625 0.625 0.1)
(0.07500000000000001 0.625 0.1)
(0.08749999999999998 0.625 0.09999999999999999)
(0.1 0.625 0.1)
(0.1125 0.625 0.09999999999999999)
(0.125 0.625 0.1)
(0.1375 0.625 0.1)
(0.15 0.625 0.09999999999999999)
(0.1625 0.625 0.1)
(0.175 0.625 0.09999999999999999)
(0.1875 0.625 0.09999999999999999)
(0.2 0.625 0.09999999999999999)
(0.2125 0.625 0.1)
(0.225 0.625 0.09999999999999999)
(0.2375 0.625 0.1)
(0.25 0.625 0.1)
(0.2625 0.625 0.09999999999999999)
(0.275 0.625 0.1)
(0.2875 0.625 0.1)
(0.3 0.625 0.1)
(0.3125 0.625 0.1)
(0.325 0.625 0.09999999999999999)
(0.3375000000000001 0.625 0.1)
(0.3499999999999999 0.625 0.1)
(0.3625 0.625 0.09999999999999999)
(0.375 0.625 0.1)
(0.3875 0.625 0.09999999999999999)
(0.4000000000000001 0.625 0.1)
(0.4124999999999999 0.625 0.1)
(0.425 0.625 0.09999999999999999)
(0.4375 0.625 0.1)
(0.45 0.625 0.09999999999999999)
(0.4625000000000001 0.625 0.09999999999999999)
(0.4749999999999999 0.625 0.1)
(0.4875 0.625 0.09999999999999999)
(0.5 0.625 0.09999999999999999)
(0.5125 0.625 0.09999999999999999)
(0.525 0.625 0.09999999999999999)
(0.5375 0.625 0.09999999999999999)
(0.55 0.625 0.1)
(0.5625 0.625 0.1)
(0.575 0.625 0.09999999999999999)
(0.5875 0.625 0.09999999999999999)
(0.6 0.625 0.1)
(0.6125 0.625 0.1)
(0.625 0.625 0.1)
(0.6375 0.625 0.09999999999999999)
(0.65 0.625 0.09999999999999999)
(0.6625 0.625 0.1)
(0.6750000000000002 0.625 0.1)
(0.6875 0.625 0.1)
(0.6999999999999998 0.625 0.09999999999999999)
(0.7125 0.625 0.09999999999999999)
(0.725 0.625 0.1)
(0.7375000000000002 0.625 0.09999999999999999)
(0.75 0.625 0.1)
(0.7624999999999998 0.625 0.09999999999999999)
(0.775 0.625 0.09999999999999999)
(0.7875 0.625 0.1)
(0.8000000000000002 0.625 0.1)
(0.8125 0.625 0.09999999999999999)
(0.8249999999999998 0.625 0.09999999999999999)
(0.8375 0.625 0.09999999999999999)
(0.85 0.625 0.1)
(0.8625000000000002 0.625 0.1)
(0.875 0.625 0.1)
(0.8874999999999998 0.625 0.09999999999999999)
(0.9 0.625 0.09999999999999999)
(0.9125 0.625 0.1)
(0.9250000000000002 0.625 0.1)
(0.9375 0.625 0.1)
(0.9499999999999998 0.625 0.09999999999999999)
(0.9625 0.625 0.09999999999999999)
(0.975 0.625 0.1)
(0.9875000000000002 0.625 0.1)
(1 0.625 0.1)
(0 0.6375 0.1)
(0.0125 0.6375000000000001 0.1)
(0.025 0.6374999999999998 0.1)
(0.03750000000000001 0.6375 0.1)
(0.05000000000000001 0.6375000000000001 0.1)
(0.0625 0.6375 0.1)
(0.07500000000000001 0.6375000000000001 0.09999999999999999)
(0.08750000000000001 0.6374999999999998 0.09999999999999999)
(0.1 0.6375 0.09999999999999999)
(0.1125 0.6375000000000001 0.1)
(0.125 0.6374999999999998 0.09999999999999999)
(0.1375 0.6375 0.1)
(0.15 0.6375000000000001 0.1)
(0.1625 0.6375 0.1)
(0.175 0.6375 0.1)
(0.1875 0.6375000000000001 0.1)
(0.2 0.6375 0.1)
(0.2125 0.6375 0.1)
(0.225 0.6375000000000001 0.09999999999999999)
(0.2375 0.6375 0.1)
(0.25 0.6375 0.09999999999999999)
(0.2625 0.6375 0.1)
(0.275 0.6375 0.1)
(0.2875 0.6375000000000001 0.09999999999999999)
(0.3 0.6375 0.1)
(0.3125 0.6375 0.09999999999999999)
(0.325 0.6375000000000001 0.1)
(0.3375 0.6375 0.09999999999999999)
(0.35 0.6375 0.1)
(0.3625 0.6374999999999998 0.09999999999999999)
(0.375 0.6375 0.1)
(0.3875 0.6375 0.09999999999999999)
(0.4000000000000001 0.6374999999999998 0.1)
(0.4124999999999999 0.6375 0.09999999999999999)
(0.425 0.6375 0.09999999999999999)
(0.4375 0.6375 0.1)
(0.45 0.6375 0.09999999999999999)
(0.4625000000000001 0.6375 0.1)
(0.4749999999999999 0.6375 0.09999999999999999)
(0.4875 0.6375 0.1)
(0.5 0.6375000000000001 0.09999999999999999)
(0.5125 0.6375 0.1)
(0.525 0.6375 0.09999999999999999)
(0.5375 0.6375 0.1)
(0.55 0.6375 0.09999999999999999)
(0.5625 0.6375 0.09999999999999999)
(0.575 0.6375 0.1)
(0.5875 0.6375 0.09999999999999999)
(0.6 0.6374999999999998 0.1)
(0.6125000000000002 0.6375000000000001 0.1)
(0.625 0.6375 0.1)
(0.6375000000000001 0.6375000000000001 0.09999999999999999)
(0.65 0.6375 0.1)
(0.6625 0.6375 0.09999999999999999)
(0.6749999999999999 0.6374999999999998 0.1)
(0.6875 0.6375 0.09999999999999999)
(0.7000000000000001 0.6374999999999998 0.09999999999999999)
(0.7125 0.6375000000000001 0.09999999999999999)
(0.725 0.6375 0.09999999999999999)
(0.7374999999999999 0.6375 0.1)
(0.75 0.6375 0.09999999999999999)
(0.7624999999999998 0.6375 0.1)
(0.775 0.6374999999999998 0.09999999999999999)
(0.7875 0.6375 0.1)
(0.8000000000000002 0.6375 0.09999999999999999)
(0.8125 0.6375000000000001 0.1)
(0.8249999999999998 0.6375 0.09999999999999999)
(0.8375 0.6375 0.1)
(0.8500000000000001 0.6375000000000001 0.1)
(0.8625000000000002 0.6375 0.1)
(0.875 0.6374999999999998 0.1)
(0.8874999999999998 0.6375 0.09999999999999999)
(0.9 0.6375 0.1)
(0.9125 0.6375000000000001 0.09999999999999999)
(0.9250000000000002 0.6375000000000001 0.1)
(0.9375 0.6375 0.09999999999999999)
(0.9499999999999998 0.6375000000000001 0.1)
(0.9625 0.6375 0.09999999999999999)
(0.975 0.6374999999999998 0.09999999999999999)
(0.9874999999999999 0.6375000000000001 0.09999999999999999)
(1 0.6375 0.1)
(0 0.65 0.1)
(0.0125 0.65 0.1)
(0.025 0.65 0.09999999999999999)
(0.03750000000000001 0.65 0.1)
(0.05000000000000001 0.6499999999999999 0.1)
(0.0625 0.65 0.1)
(0.075 0.65 0.09999999999999999)
(0.08749999999999998 0.65 0.1)
(0.09999999999999999 0.65 0.1)
(0.1125 0.65 0.1)
(0.125 0.65 0.09999999999999999)
(0.1375 0.65 0.1)
(0.15 0.65 0.1)
(0.1625 0.65 0.1)
(0.175 0.65 0.1)
(0.1875 0.65 0.1)
(0.2 0.65 0.1)
(0.2125 0.65 0.09999999999999999)
(0.225 0.65 0.1)
(0.2375 0.65 0.1)
(0.25 0.65 0.1)
(0.2625000000000001 0.6500000000000001 0.1)
(0.275 0.65 0.1)
(0.2875 0.65 0.1)
(0.3 0.65 0.09999999999999999)
(0.3125 0.65 0.09999999999999999)
(0.325 0.65 0.1)
(0.3375000000000001 0.65 0.1)
(0.3499999999999999 0.65 0.1)
(0.3625 0.65 0.1)
(0.375 0.65 0.1)
(0.3875 0.6500000000000001 0.1)
(0.4000000000000001 0.65 0.1)
(0.4124999999999999 0.65 0.09999999999999999)
(0.425 0.65 0.09999999999999999)
(0.4375 0.65 0.09999999999999999)
(0.45 0.65 0.09999999999999999)
(0.4625000000000001 0.65 0.1)
(0.4749999999999999 0.65 0.1)
(0.4875 0.65 0.1)
(0.5 0.65 0.09999999999999998)
(0.5125000000000001 0.65 0.09999999999999999)
(0.525 0.65 0.09999999999999999)
(0.5375 0.65 0.09999999999999999)
(0.5499999999999999 0.65 0.09999999999999999)
(0.5625 0.65 0.1)
(0.575 0.65 0.1)
(0.5875 0.65 0.1)
(0.6 0.65 0.1)
(0.6125 0.65 0.09999999999999999)
(0.625 0.6499999999999999 0.09999999999999999)
(0.6375 0.65 0.09999999999999999)
(0.65 0.65 0.09999999999999999)
(0.6625 0.65 0.09999999999999999)
(0.6750000000000002 0.65 0.1)
(0.6875 0.65 0.09999999999999999)
(0.6999999999999998 0.65 0.09999999999999999)
(0.7125 0.65 0.1)
(0.725 0.65 0.09999999999999998)
(0.7374999999999999 0.65 0.09999999999999999)
(0.75 0.6500000000000001 0.09999999999999999)
(0.7624999999999998 0.6499999999999999 0.09999999999999999)
(0.775 0.65 0.1)
(0.7875 0.65 0.09999999999999999)
(0.8000000000000002 0.6499999999999999 0.1)
(0.8125 0.65 0.1)
(0.8249999999999998 0.65 0.1)
(0.8375 0.65 0.09999999999999999)
(0.85 0.65 0.09999999999999999)
(0.8624999999999999 0.65 0.09999999999999999)
(0.875 0.65 0.09999999999999999)
(0.8874999999999998 0.6500000000000001 0.09999999999999999)
(0.9 0.65 0.1)
(0.9125000000000001 0.65 0.1)
(0.9250000000000002 0.6500000000000001 0.09999999999999999)
(0.9375 0.6499999999999999 0.1)
(0.9499999999999998 0.65 0.1)
(0.9624999999999999 0.65 0.09999999999999999)
(0.9750000000000001 0.65 0.1)
(0.9875000000000002 0.65 0.1)
(1 0.65 0.1)
(0 0.6625 0.1)
(0.0125 0.6625 0.1)
(0.025 0.6625 0.09999999999999999)
(0.0375 0.6625 0.1)
(0.05000000000000001 0.6625 0.09999999999999999)
(0.0625 0.6625 0.1)
(0.075 0.6625 0.1)
(0.08750000000000001 0.6625 0.1)
(0.1 0.6625 0.09999999999999999)
(0.1125 0.6625 0.1)
(0.125 0.6625 0.09999999999999999)
(0.1375 0.6625 0.1)
(0.15 0.6625 0.09999999999999999)
(0.1625 0.6625 0.1)
(0.175 0.6625 0.1)
(0.1875 0.6625 0.09999999999999999)
(0.2 0.6625000000000001 0.1)
(0.2125 0.6625 0.1)
(0.225 0.6625 0.1)
(0.2375 0.6625000000000001 0.1)
(0.25 0.6625 0.09999999999999999)
(0.2625 0.6625 0.09999999999999999)
(0.275 0.6625 0.1)
(0.2875 0.6625 0.1)
(0.3 0.6625 0.09999999999999999)
(0.3125 0.6625 0.09999999999999999)
(0.325 0.6625 0.1)
(0.3375 0.6625 0.1)
(0.35 0.6625 0.1)
(0.3625 0.6625 0.09999999999999999)
(0.375 0.6625 0.1)
(0.3875 0.6625000000000001 0.1)
(0.4000000000000001 0.6625 0.1)
(0.4124999999999999 0.6625 0.09999999999999999)
(0.425 0.6625 0.09999999999999999)
(0.4375 0.6625 0.1)
(0.45 0.6625 0.1)
(0.4625 0.6625 0.09999999999999999)
(0.475 0.6625 0.09999999999999999)
(0.4875 0.6625 0.1)
(0.5 0.6625 0.1)
(0.5124999999999998 0.6625 0.09999999999999999)
(0.525 0.6625 0.09999999999999999)
(0.5375 0.6625 0.09999999999999999)
(0.5499999999999999 0.6625 0.1)
(0.5625 0.6625 0.09999999999999999)
(0.575 0.6625 0.09999999999999999)
(0.5875 0.6625 0.09999999999999999)
(0.6 0.6625000000000001 0.1)
(0.6125 0.6625 0.1)
(0.625 0.6625000000000001 0.09999999999999999)
(0.6375 0.6625 0.09999999999999999)
(0.65 0.6625 0.1)
(0.6625 0.6625 0.1)
(0.6749999999999999 0.6625 0.1)
(0.6875 0.6625 0.09999999999999999)
(0.7000000000000001 0.6625 0.09999999999999998)
(0.7125 0.6625 0.1)
(0.725 0.6625 0.09999999999999999)
(0.7375000000000002 0.6625 0.09999999999999999)
(0.75 0.6624999999999999 0.09999999999999999)
(0.7624999999999998 0.6625 0.1)
(0.775 0.6625 0.1)
(0.7875000000000001 0.6625 0.09999999999999999)
(0.8000000000000002 0.6625 0.09999999999999999)
(0.8125 0.6625 0.1)
(0.8249999999999998 0.6625 0.1)
(0.8375 0.6625 0.1)
(0.85 0.6625 0.09999999999999999)
(0.8624999999999999 0.6625 0.09999999999999999)
(0.875 0.6625 0.1)
(0.8874999999999998 0.6625 0.09999999999999999)
(0.8999999999999999 0.6625 0.09999999999999999)
(0.9125 0.6625000000000001 0.09999999999999999)
(0.9249999999999999 0.6625 0.1)
(0.9375 0.6625000000000001 0.1)
(0.9500000000000001 0.6625 0.09999999999999999)
(0.9625 0.6625000000000001 0.1)
(0.9750000000000001 0.6625 0.1)
(0.9875000000000002 0.6625 0.1)
(1 0.6625 0.1)
(0 0.6750000000000002 0.1)
(0.0125 0.6750000000000002 0.1)
(0.025 0.6750000000000002 0.1)
(0.0375 0.6750000000000002 0.09999999999999999)
(0.05000000000000001 0.6749999999999999 0.09999999999999999)
(0.0625 0.6750000000000002 0.09999999999999999)
(0.07500000000000001 0.6750000000000002 0.1)
(0.08750000000000001 0.6750000000000002 0.1)
(0.1 0.6749999999999999 0.1)
(0.1125 0.6750000000000002 0.1)
(0.125 0.6750000000000002 0.1)
(0.1375 0.6750000000000002 0.1)
(0.15 0.6750000000000002 0.09999999999999999)
(0.1625 0.6750000000000002 0.1)
(0.175 0.6750000000000002 0.1)
(0.1875 0.6749999999999999 0.1)
(0.2 0.6750000000000002 0.1)
(0.2125 0.6750000000000002 0.09999999999999999)
(0.225 0.6750000000000002 0.1)
(0.2375 0.6750000000000002 0.1)
(0.25 0.6750000000000002 0.1)
(0.2625 0.6750000000000002 0.09999999999999999)
(0.275 0.6749999999999999 0.09999999999999999)
(0.2875 0.6750000000000002 0.09999999999999999)
(0.3 0.6750000000000002 0.1)
(0.3125 0.6750000000000002 0.1)
(0.325 0.6750000000000002 0.1)
(0.3375 0.6749999999999999 0.1)
(0.35 0.6750000000000002 0.09999999999999999)
(0.3625 0.6749999999999999 0.1)
(0.375 0.6750000000000002 0.09999999999999999)
(0.3875 0.6750000000000002 0.1)
(0.4000000000000001 0.6750000000000002 0.1)
(0.4124999999999999 0.6749999999999999 0.09999999999999999)
(0.425 0.6749999999999999 0.1)
(0.4375 0.6750000000000002 0.09999999999999999)
(0.45 0.6750000000000002 0.1)
(0.4625000000000001 0.6750000000000002 0.09999999999999999)
(0.4749999999999999 0.6749999999999999 0.1)
(0.4875 0.6750000000000002 0.09999999999999999)
(0.5 0.6749999999999999 0.09999999999999999)
(0.5125 0.6750000000000002 0.09999999999999999)
(0.525 0.6750000000000002 0.09999999999999999)
(0.5375 0.6750000000000002 0.1)
(0.55 0.6750000000000002 0.09999999999999999)
(0.5625 0.6749999999999999 0.1)
(0.575 0.6750000000000002 0.1)
(0.5875 0.6749999999999999 0.09999999999999999)
(0.6 0.6750000000000002 0.1)
(0.6125 0.6750000000000002 0.09999999999999999)
(0.625 0.6750000000000002 0.09999999999999999)
(0.6374999999999998 0.6749999999999999 0.09999999999999999)
(0.65 0.6750000000000002 0.1)
(0.6625 0.6750000000000002 0.1)
(0.6749999999999999 0.6749999999999999 0.09999999999999999)
(0.6875 0.6750000000000002 0.1)
(0.7000000000000001 0.6750000000000002 0.09999999999999999)
(0.7125 0.6749999999999999 0.09999999999999999)
(0.725 0.6749999999999999 0.09999999999999999)
(0.7375000000000002 0.6750000000000002 0.1)
(0.75 0.6750000000000002 0.1)
(0.7624999999999998 0.6749999999999999 0.09999999999999999)
(0.775 0.6750000000000002 0.1)
(0.7875000000000001 0.6750000000000002 0.09999999999999999)
(0.8000000000000002 0.6749999999999999 0.1)
(0.8125 0.6749999999999999 0.09999999999999999)
(0.8249999999999998 0.6750000000000002 0.1)
(0.8375 0.6750000000000002 0.1)
(0.85 0.6749999999999999 0.09999999999999999)
(0.8625000000000002 0.6750000000000002 0.1)
(0.875 0.6750000000000002 0.09999999999999999)
(0.8875000000000001 0.6750000000000002 0.1)
(0.9 0.6749999999999999 0.09999999999999999)
(0.9125 0.6750000000000002 0.1)
(0.9250000000000002 0.6750000000000002 0.1)
(0.9375 0.6749999999999999 0.09999999999999999)
(0.9499999999999998 0.6749999999999999 0.09999999999999999)
(0.9625 0.6750000000000002 0.09999999999999999)
(0.9750000000000001 0.6750000000000002 0.1)
(0.9874999999999999 0.6749999999999999 0.09999999999999999)
(1 0.6750000000000002 0.1)
(0 0.6875 0.1)
(0.0125 0.6875 0.1)
(0.025 0.6875 0.09999999999999999)
(0.0375 0.6875 0.09999999999999999)
(0.05000000000000001 0.6875 0.1)
(0.0625 0.6875 0.1)
(0.075 0.6875 0.1)
(0.08749999999999998 0.6875 0.09999999999999999)
(0.1 0.6875 0.09999999999999999)
(0.1125 0.6875 0.09999999999999999)
(0.125 0.6875 0.1)
(0.1375 0.6875 0.1)
(0.15 0.6875 0.1)
(0.1625 0.6875 0.1)
(0.175 0.6875 0.09999999999999999)
(0.1875 0.6875 0.09999999999999999)
(0.2 0.6875 0.1)
(0.2125 0.6875 0.1)
(0.225 0.6875 0.1)
(0.2375 0.6875 0.09999999999999999)
(0.25 0.6875 0.09999999999999999)
(0.2625 0.6875 0.09999999999999999)
(0.275 0.6875 0.1)
(0.2875 0.6875 0.1)
(0.3 0.6875 0.1)
(0.3125 0.6875 0.1)
(0.325 0.6875 0.1)
(0.3375000000000001 0.6875 0.09999999999999999)
(0.3499999999999999 0.6875 0.09999999999999999)
(0.3625 0.6875 0.09999999999999999)
(0.375 0.6875 0.09999999999999999)
(0.3875 0.6875 0.1)
(0.4000000000000001 0.6875 0.1)
(0.4124999999999999 0.6875 0.1)
(0.425 0.6875 0.1)
(0.4375 0.6875 0.1)
(0.45 0.6875 0.1)
(0.4625000000000001 0.6875 0.09999999999999999)
(0.4749999999999999 0.6875 0.09999999999999999)
(0.4875 0.6875 0.09999999999999999)
(0.5 0.6875 0.09999999999999999)
(0.5125 0.6875 0.09999999999999999)
(0.525 0.6875 0.09999999999999999)
(0.5375 0.6875 0.09999999999999999)
(0.55 0.6875 0.1)
(0.5625 0.6875 0.1)
(0.575 0.6875 0.1)
(0.5875 0.6875 0.1)
(0.6 0.6875 0.1)
(0.6125 0.6875 0.09999999999999999)
(0.625 0.6875 0.09999999999999999)
(0.6375 0.6875 0.09999999999999999)
(0.65 0.6875 0.09999999999999999)
(0.6625 0.6875 0.09999999999999999)
(0.6750000000000002 0.6875 0.1)
(0.6875 0.6875 0.1)
(0.6999999999999998 0.6875 0.09999999999999999)
(0.7125 0.6875 0.1)
(0.725 0.6875 0.1)
(0.7375000000000002 0.6875 0.1)
(0.75 0.6875 0.1)
(0.7624999999999998 0.6875 0.1)
(0.775 0.6875 0.09999999999999999)
(0.7875 0.6875 0.09999999999999999)
(0.8000000000000002 0.6875 0.09999999999999999)
(0.8125 0.6875 0.09999999999999999)
(0.8249999999999998 0.6875 0.09999999999999999)
(0.8375 0.6875 0.09999999999999999)
(0.85 0.6875 0.09999999999999999)
(0.8625000000000002 0.6875 0.1)
(0.875 0.6875 0.1)
(0.8874999999999998 0.6875 0.1)
(0.8999999999999999 0.6875 0.1)
(0.9125000000000001 0.6875 0.1)
(0.9250000000000002 0.6875 0.09999999999999999)
(0.9375 0.6875 0.09999999999999999)
(0.9499999999999998 0.6875 0.09999999999999999)
(0.9624999999999999 0.6875 0.09999999999999999)
(0.9750000000000001 0.6875 0.09999999999999999)
(0.9875000000000002 0.6875 0.1)
(1 0.6875 0.1)
(0 0.6999999999999998 0.09999999999999999)
(0.0125 0.7000000000000001 0.09999999999999999)
(0.025 0.7000000000000001 0.1)
(0.0375 0.7000000000000001 0.09999999999999999)
(0.05 0.6999999999999998 0.09999999999999999)
(0.0625 0.6999999999999998 0.09999999999999999)
(0.075 0.6999999999999998 0.1)
(0.08749999999999998 0.6999999999999998 0.09999999999999999)
(0.09999999999999999 0.7000000000000001 0.1)
(0.1125 0.7000000000000001 0.09999999999999999)
(0.125 0.6999999999999998 0.1)
(0.1375 0.6999999999999998 0.09999999999999999)
(0.15 0.6999999999999998 0.1)
(0.1625 0.6999999999999998 0.09999999999999999)
(0.175 0.6999999999999998 0.1)
(0.1875 0.7000000000000001 0.09999999999999999)
(0.2 0.6999999999999998 0.1)
(0.2125 0.6999999999999998 0.09999999999999999)
(0.225 0.6999999999999998 0.1)
(0.2375 0.6999999999999998 0.09999999999999999)
(0.25 0.6999999999999998 0.1)
(0.2625 0.7000000000000001 0.1)
(0.275 0.6999999999999998 0.1)
(0.2875 0.6999999999999998 0.09999999999999999)
(0.3 0.6999999999999998 0.1)
(0.3125 0.6999999999999998 0.1)
(0.325 0.7000000000000001 0.1)
(0.3375000000000001 0.7000000000000001 0.09999999999999999)
(0.3499999999999999 0.6999999999999998 0.1)
(0.3625 0.7000000000000001 0.1)
(0.375 0.6999999999999998 0.09999999999999999)
(0.3875 0.7000000000000001 0.09999999999999999)
(0.4 0.7000000000000001 0.09999999999999999)
(0.4124999999999999 0.6999999999999998 0.1)
(0.425 0.6999999999999998 0.1)
(0.4375 0.6999999999999998 0.09999999999999999)
(0.45 0.6999999999999998 0.1)
(0.4625000000000001 0.6999999999999998 0.1)
(0.475 0.7000000000000001 0.1)
(0.4875 0.7000000000000001 0.09999999999999999)
(0.5 0.7000000000000001 0.09999999999999999)
(0.5125 0.6999999999999998 0.1)
(0.525 0.6999999999999998 0.1)
(0.5375 0.6999999999999998 0.09999999999999999)
(0.55 0.6999999999999998 0.1)
(0.5625 0.7000000000000001 0.1)
(0.5750000000000001 0.6999999999999998 0.1)
(0.5875 0.6999999999999998 0.09999999999999999)
(0.6 0.6999999999999998 0.1)
(0.6125 0.6999999999999998 0.1)
(0.625 0.6999999999999998 0.1)
(0.6374999999999998 0.7000000000000001 0.09999999999999999)
(0.65 0.6999999999999998 0.1)
(0.6625 0.7000000000000001 0.1)
(0.6750000000000002 0.7000000000000001 0.1)
(0.6875 0.6999999999999998 0.09999999999999999)
(0.6999999999999998 0.7000000000000001 0.09999999999999999)
(0.7125 0.7000000000000001 0.09999999999999999)
(0.725 0.6999999999999998 0.09999999999999999)
(0.7374999999999999 0.6999999999999998 0.09999999999999999)
(0.75 0.6999999999999998 0.1)
(0.7624999999999998 0.6999999999999998 0.09999999999999999)
(0.775 0.6999999999999998 0.1)
(0.7875 0.6999999999999998 0.1)
(0.7999999999999999 0.6999999999999998 0.1)
(0.8125 0.7000000000000001 0.09999999999999999)
(0.8249999999999998 0.6999999999999998 0.09999999999999999)
(0.8374999999999999 0.6999999999999998 0.1)
(0.85 0.7000000000000001 0.09999999999999999)
(0.8625000000000002 0.7000000000000001 0.09999999999999999)
(0.875 0.6999999999999998 0.09999999999999999)
(0.8874999999999998 0.7000000000000001 0.1)
(0.9 0.7000000000000001 0.1)
(0.9125 0.6999999999999998 0.09999999999999999)
(0.9250000000000002 0.6999999999999998 0.1)
(0.9375 0.7000000000000001 0.1)
(0.9500000000000001 0.7000000000000001 0.09999999999999999)
(0.9625 0.6999999999999998 0.09999999999999999)
(0.9750000000000001 0.7000000000000001 0.1)
(0.9875000000000002 0.7000000000000001 0.1)
(1 0.6999999999999998 0.09999999999999999)
(0 0.7125 0.1)
(0.0125 0.7125 0.1)
(0.025 0.7125 0.1)
(0.0375 0.7125 0.1)
(0.05000000000000001 0.7125 0.09999999999999999)
(0.0625 0.7125 0.1)
(0.075 0.7125 0.1)
(0.08749999999999998 0.7125 0.1)
(0.1 0.7125 0.09999999999999999)
(0.1125 0.7125 0.09999999999999999)
(0.125 0.7125 0.1)
(0.1375 0.7125 0.1)
(0.15 0.7124999999999999 0.09999999999999999)
(0.1625 0.7125 0.1)
(0.175 0.7124999999999999 0.09999999999999999)
(0.1875 0.7125 0.1)
(0.2 0.7125 0.1)
(0.2125 0.7125 0.09999999999999999)
(0.225 0.7125 0.1)
(0.2375 0.7124999999999999 0.1)
(0.25 0.7125 0.1)
(0.2625 0.7125 0.09999999999999999)
(0.275 0.7125 0.09999999999999999)
(0.2875 0.7125 0.1)
(0.3 0.7124999999999999 0.09999999999999999)
(0.3125 0.7125 0.1)
(0.325 0.7125 0.1)
(0.3375000000000001 0.7125 0.1)
(0.3499999999999999 0.7125 0.1)
(0.3625 0.7125 0.09999999999999999)
(0.375 0.7125 0.1)
(0.3875 0.7125 0.1)
(0.4000000000000001 0.7125 0.1)
(0.4124999999999999 0.7125 0.1)
(0.425 0.7125 0.09999999999999999)
(0.4375 0.7125 0.1)
(0.45 0.7125 0.09999999999999999)
(0.4625000000000001 0.7124999999999999 0.1)
(0.4749999999999999 0.7125 0.1)
(0.4875 0.7124999999999999 0.09999999999999999)
(0.5 0.7125 0.1)
(0.5124999999999998 0.7125 0.09999999999999999)
(0.525 0.7125 0.09999999999999999)
(0.5375 0.7125 0.1)
(0.55 0.7125 0.09999999999999999)
(0.5625 0.7125 0.1)
(0.575 0.7124999999999999 0.09999999999999999)
(0.5875 0.7125 0.1)
(0.6 0.7125 0.1)
(0.6125 0.7125 0.09999999999999999)
(0.625 0.7124999999999999 0.1)
(0.6375000000000001 0.7125 0.09999999999999999)
(0.65 0.7125 0.09999999999999999)
(0.6625 0.7125 0.1)
(0.6750000000000002 0.7125 0.09999999999999999)
(0.6875 0.7125 0.1)
(0.6999999999999998 0.7125 0.1)
(0.7125 0.7125 0.1)
(0.725 0.7125 0.09999999999999999)
(0.7374999999999999 0.7125 0.09999999999999999)
(0.75 0.7125 0.1)
(0.7624999999999998 0.7125 0.1)
(0.775 0.7125 0.09999999999999999)
(0.7875 0.7124999999999999 0.1)
(0.8000000000000002 0.7125 0.09999999999999999)
(0.8125 0.7125 0.1)
(0.8249999999999998 0.7124999999999999 0.1)
(0.8375 0.7125 0.1)
(0.85 0.7125 0.1)
(0.8625000000000002 0.7125 0.09999999999999999)
(0.875 0.7124999999999999 0.1)
(0.8875000000000001 0.7124999999999999 0.1)
(0.8999999999999999 0.7125 0.09999999999999999)
(0.9125 0.7125 0.1)
(0.9250000000000002 0.7125 0.1)
(0.9375 0.7124999999999999 0.09999999999999999)
(0.9499999999999998 0.7125 0.1)
(0.9625 0.7125 0.09999999999999999)
(0.9750000000000001 0.7125 0.1)
(0.9874999999999999 0.7124999999999999 0.09999999999999999)
(1 0.7125 0.1)
(0 0.725 0.09999999999999999)
(0.0125 0.725 0.09999999999999999)
(0.025 0.725 0.1)
(0.03750000000000001 0.725 0.1)
(0.05 0.725 0.09999999999999999)
(0.0625 0.725 0.09999999999999999)
(0.075 0.725 0.1)
(0.08749999999999998 0.725 0.1)
(0.09999999999999999 0.725 0.1)
(0.1125 0.725 0.1)
(0.125 0.725 0.1)
(0.1375 0.7250000000000001 0.1)
(0.15 0.725 0.09999999999999999)
(0.1625 0.725 0.09999999999999999)
(0.175 0.725 0.09999999999999999)
(0.1875 0.725 0.09999999999999999)
(0.2 0.725 0.1)
(0.2125 0.725 0.1)
(0.225 0.725 0.1)
(0.2375 0.725 0.09999999999999999)
(0.25 0.725 0.09999999999999999)
(0.2625 0.725 0.09999999999999999)
(0.275 0.725 0.09999999999999999)
(0.2875 0.725 0.09999999999999999)
(0.3 0.725 0.09999999999999999)
(0.3125 0.725 0.1)
(0.325 0.725 0.1)
(0.3375 0.725 0.1)
(0.3499999999999999 0.725 0.1)
(0.3625 0.725 0.1)
(0.375 0.725 0.1)
(0.3875 0.7250000000000001 0.1)
(0.4 0.725 0.1)
(0.4124999999999999 0.725 0.1)
(0.425 0.725 0.09999999999999999)
(0.4375 0.725 0.09999999999999999)
(0.45 0.725 0.09999999999999999)
(0.4625000000000001 0.725 0.09999999999999999)
(0.4749999999999999 0.725 0.09999999999999999)
(0.4875 0.725 0.09999999999999999)
(0.5 0.725 0.1)
(0.5125 0.725 0.09999999999999999)
(0.525 0.725 0.1)
(0.5375 0.7250000000000001 0.1)
(0.55 0.725 0.1)
(0.5625 0.725 0.1)
(0.575 0.725 0.1)
(0.5875 0.725 0.1)
(0.6 0.725 0.1)
(0.6125 0.725 0.09999999999999999)
(0.625 0.7250000000000001 0.09999999999999999)
(0.6375 0.725 0.09999999999999999)
(0.65 0.725 0.09999999999999999)
(0.6625 0.725 0.09999999999999999)
(0.6749999999999999 0.725 0.09999999999999999)
(0.6875 0.725 0.1)
(0.6999999999999998 0.725 0.09999999999999999)
(0.7125 0.7250000000000001 0.09999999999999999)
(0.725 0.725 0.09999999999999999)
(0.7375000000000002 0.725 0.09999999999999999)
(0.75 0.725 0.09999999999999999)
(0.7624999999999998 0.7250000000000001 0.09999999999999999)
(0.775 0.725 0.1)
(0.7875 0.7250000000000001 0.1)
(0.7999999999999999 0.725 0.1)
(0.8125 0.725 0.09999999999999999)
(0.8249999999999998 0.725 0.09999999999999999)
(0.8375 0.7249999999999998 0.1)
(0.85 0.7250000000000001 0.1)
(0.8625000000000002 0.725 0.1)
(0.875 0.7250000000000001 0.1)
(0.8875000000000001 0.725 0.1)
(0.8999999999999999 0.725 0.09999999999999999)
(0.9125000000000001 0.725 0.09999999999999999)
(0.9250000000000002 0.725 0.09999999999999999)
(0.9375 0.7250000000000001 0.09999999999999999)
(0.9499999999999998 0.725 0.1)
(0.9624999999999999 0.725 0.1)
(0.975 0.7249999999999998 0.1)
(0.9874999999999999 0.725 0.1)
(1 0.725 0.09999999999999999)
(0 0.7375000000000002 0.1)
(0.0125 0.7375000000000002 0.09999999999999999)
(0.025 0.7375000000000002 0.1)
(0.0375 0.7375000000000002 0.1)
(0.05000000000000001 0.7375000000000002 0.1)
(0.0625 0.7375000000000002 0.09999999999999999)
(0.075 0.7375000000000002 0.09999999999999999)
(0.08749999999999998 0.7374999999999999 0.1)
(0.1 0.7375000000000002 0.09999999999999999)
(0.1125 0.7375000000000002 0.1)
(0.125 0.7375000000000002 0.1)
(0.1375 0.7375000000000002 0.1)
(0.15 0.7375000000000002 0.1)
(0.1625 0.7375000000000002 0.09999999999999999)
(0.175 0.7375000000000002 0.1)
(0.1875 0.7374999999999999 0.09999999999999999)
(0.2 0.7375000000000002 0.1)
(0.2125 0.7375000000000002 0.1)
(0.225 0.7375000000000002 0.09999999999999999)
(0.2375 0.7375000000000002 0.09999999999999999)
(0.25 0.7375000000000002 0.1)
(0.2625 0.7375000000000002 0.1)
(0.275 0.7375000000000002 0.09999999999999999)
(0.2875 0.7374999999999999 0.09999999999999999)
(0.3 0.7374999999999999 0.1)
(0.3125 0.7375000000000002 0.09999999999999999)
(0.325 0.7375000000000002 0.09999999999999999)
(0.3375000000000001 0.7375000000000002 0.09999999999999999)
(0.3499999999999999 0.7374999999999999 0.1)
(0.3625 0.7374999999999999 0.09999999999999999)
(0.375 0.7375000000000002 0.09999999999999999)
(0.3875 0.7375000000000002 0.1)
(0.4000000000000001 0.7374999999999999 0.1)
(0.4124999999999999 0.7375000000000002 0.09999999999999999)
(0.425 0.7375000000000002 0.1)
(0.4375 0.7375000000000002 0.1)
(0.45 0.7375000000000002 0.09999999999999999)
(0.4625 0.7374999999999999 0.09999999999999999)
(0.475 0.7375000000000002 0.1)
(0.4875 0.7375000000000002 0.09999999999999999)
(0.5 0.7374999999999999 0.09999999999999999)
(0.5125 0.7375000000000002 0.1)
(0.525 0.7375000000000002 0.1)
(0.5375 0.7375000000000002 0.09999999999999999)
(0.55 0.7375000000000002 0.09999999999999999)
(0.5625 0.7374999999999999 0.1)
(0.575 0.7375000000000002 0.1)
(0.5875 0.7375000000000002 0.09999999999999999)
(0.6 0.7374999999999999 0.1)
(0.6124999999999999 0.7374999999999999 0.1)
(0.625 0.7375000000000002 0.09999999999999999)
(0.6375 0.7375000000000002 0.1)
(0.65 0.7375000000000002 0.1)
(0.6625 0.7375000000000002 0.09999999999999999)
(0.6750000000000002 0.7375000000000002 0.09999999999999999)
(0.6875 0.7375000000000002 0.1)
(0.6999999999999998 0.7374999999999999 0.09999999999999999)
(0.7125 0.7374999999999999 0.09999999999999999)
(0.725 0.7374999999999999 0.09999999999999999)
(0.7375000000000002 0.7374999999999999 0.1)
(0.75 0.7375000000000002 0.1)
(0.7625000000000001 0.7375000000000002 0.09999999999999999)
(0.775 0.7375000000000002 0.1)
(0.7875 0.7374999999999999 0.1)
(0.8000000000000002 0.7375000000000002 0.09999999999999999)
(0.8125 0.7374999999999999 0.1)
(0.8249999999999998 0.7374999999999999 0.1)
(0.8375 0.7374999999999999 0.09999999999999999)
(0.8500000000000001 0.7375000000000002 0.1)
(0.8625000000000002 0.7375000000000002 0.1)
(0.875 0.7375000000000002 0.09999999999999999)
(0.8874999999999998 0.7375000000000002 0.09999999999999999)
(0.9 0.7374999999999999 0.1)
(0.9125 0.7374999999999999 0.09999999999999999)
(0.9249999999999999 0.7374999999999999 0.09999999999999999)
(0.9375 0.7374999999999999 0.1)
(0.9500000000000001 0.7375000000000002 0.1)
(0.9625 0.7375000000000002 0.1)
(0.9750000000000001 0.7375000000000002 0.09999999999999999)
(0.9875000000000002 0.7375000000000002 0.1)
(1 0.7375000000000002 0.1)
(0 0.75 0.1)
(0.0125 0.75 0.1)
(0.025 0.75 0.09999999999999999)
(0.0375 0.75 0.09999999999999999)
(0.05000000000000001 0.75 0.1)
(0.0625 0.75 0.1)
(0.075 0.75 0.09999999999999999)
(0.08749999999999998 0.75 0.1)
(0.1 0.75 0.1)
(0.1125 0.75 0.1)
(0.125 0.75 0.09999999999999999)
(0.1375 0.75 0.1)
(0.15 0.75 0.1)
(0.1625 0.75 0.09999999999999999)
(0.175 0.75 0.09999999999999999)
(0.1875 0.75 0.1)
(0.2 0.7500000000000001 0.1)
(0.2125 0.75 0.09999999999999999)
(0.225 0.75 0.1)
(0.2375 0.75 0.1)
(0.25 0.75 0.1)
(0.2625000000000001 0.7500000000000001 0.1)
(0.275 0.75 0.09999999999999999)
(0.2875 0.75 0.1)
(0.3 0.75 0.1)
(0.3125 0.75 0.09999999999999999)
(0.3250000000000001 0.7500000000000001 0.1)
(0.3375000000000001 0.75 0.1)
(0.3499999999999999 0.75 0.09999999999999999)
(0.3625 0.75 0.09999999999999999)
(0.375 0.75 0.09999999999999999)
(0.3875 0.75 0.1)
(0.4000000000000001 0.75 0.1)
(0.4124999999999999 0.75 0.09999999999999999)
(0.425 0.75 0.1)
(0.4375 0.75 0.09999999999999999)
(0.45 0.75 0.1)
(0.4625000000000001 0.75 0.1)
(0.4749999999999999 0.75 0.09999999999999999)
(0.4875 0.75 0.09999999999999999)
(0.5 0.75 0.1)
(0.5125 0.75 0.09999999999999999)
(0.525 0.75 0.1)
(0.5375 0.75 0.09999999999999999)
(0.55 0.75 0.1)
(0.5625 0.75 0.1)
(0.575 0.75 0.09999999999999999)
(0.5875 0.75 0.09999999999999999)
(0.6 0.75 0.1)
(0.6125 0.75 0.09999999999999999)
(0.625 0.75 0.09999999999999999)
(0.6375 0.75 0.1)
(0.65 0.75 0.1)
(0.6625 0.75 0.09999999999999999)
(0.6750000000000002 0.75 0.09999999999999999)
(0.6875 0.75 0.09999999999999999)
(0.6999999999999998 0.75 0.09999999999999999)
(0.7125 0.75 0.1)
(0.725 0.75 0.09999999999999999)
(0.7375000000000002 0.75 0.1)
(0.75 0.75 0.1)
(0.7624999999999998 0.75 0.1)
(0.775 0.75 0.09999999999999999)
(0.7875 0.75 0.09999999999999999)
(0.8000000000000002 0.75 0.1)
(0.8125 0.75 0.1)
(0.8249999999999998 0.75 0.09999999999999999)
(0.8375 0.75 0.1)
(0.85 0.75 0.09999999999999999)
(0.8625000000000002 0.75 0.1)
(0.875 0.75 0.1)
(0.8874999999999998 0.75 0.09999999999999999)
(0.9 0.75 0.09999999999999999)
(0.9125 0.75 0.1)
(0.9250000000000002 0.75 0.09999999999999999)
(0.9375 0.75 0.09999999999999999)
(0.9499999999999998 0.75 0.1)
(0.9625 0.75 0.1)
(0.975 0.75 0.09999999999999999)
(0.9875000000000002 0.75 0.09999999999999999)
(1 0.75 0.1)
(0 0.7624999999999998 0.09999999999999999)
(0.0125 0.7624999999999998 0.1)
(0.025 0.7624999999999998 0.09999999999999999)
(0.0375 0.7624999999999998 0.1)
(0.05000000000000001 0.7624999999999998 0.1)
(0.0625 0.7624999999999998 0.1)
(0.075 0.7624999999999998 0.1)
(0.08749999999999998 0.7624999999999998 0.09999999999999999)
(0.09999999999999999 0.7624999999999998 0.09999999999999999)
(0.1125 0.7624999999999998 0.09999999999999999)
(0.125 0.7624999999999998 0.09999999999999999)
(0.1375 0.7624999999999998 0.09999999999999999)
(0.15 0.7624999999999998 0.09999999999999999)
(0.1625 0.7625000000000001 0.09999999999999999)
(0.175 0.7624999999999998 0.09999999999999999)
(0.1875 0.7625000000000001 0.09999999999999999)
(0.2 0.7625000000000001 0.1)
(0.2125 0.7625000000000001 0.1)
(0.225 0.7625000000000001 0.1)
(0.2375 0.7625000000000001 0.1)
(0.25 0.7624999999999998 0.1)
(0.2625000000000001 0.7625000000000001 0.1)
(0.275 0.7624999999999998 0.09999999999999999)
(0.2874999999999999 0.7624999999999998 0.09999999999999999)
(0.3 0.7624999999999998 0.09999999999999999)
(0.3125 0.7624999999999998 0.09999999999999999)
(0.325 0.7624999999999998 0.09999999999999999)
(0.3375000000000001 0.7624999999999998 0.09999999999999999)
(0.3499999999999999 0.7624999999999998 0.09999999999999999)
(0.3625 0.7624999999999998 0.09999999999999999)
(0.375 0.7624999999999998 0.09999999999999999)
(0.3875 0.7624999999999998 0.1)
(0.4 0.7624999999999998 0.1)
(0.4125 0.7624999999999998 0.1)
(0.425 0.7625000000000001 0.1)
(0.4375 0.7624999999999998 0.1)
(0.45 0.7625000000000001 0.1)
(0.4625000000000001 0.7624999999999998 0.1)
(0.4749999999999999 0.7624999999999998 0.09999999999999999)
(0.4875 0.7624999999999998 0.09999999999999999)
(0.5 0.7625000000000001 0.1)
(0.5125000000000001 0.7624999999999998 0.1)
(0.525 0.7625000000000001 0.1)
(0.5375 0.7624999999999998 0.1)
(0.55 0.7625000000000001 0.1)
(0.5625 0.7625000000000001 0.1)
(0.5749999999999998 0.7625000000000001 0.1)
(0.5875 0.7625000000000001 0.1)
(0.6 0.7625000000000001 0.1)
(0.6125 0.7624999999999998 0.09999999999999999)
(0.625 0.7624999999999998 0.09999999999999999)
(0.6375 0.7624999999999998 0.1)
(0.65 0.7624999999999998 0.09999999999999999)
(0.6625 0.7625000000000001 0.09999999999999999)
(0.6750000000000002 0.7624999999999998 0.09999999999999999)
(0.6875 0.7624999999999998 0.09999999999999999)
(0.6999999999999998 0.7624999999999998 0.09999999999999998)
(0.7124999999999999 0.7625000000000001 0.09999999999999999)
(0.725 0.7624999999999998 0.09999999999999999)
(0.7375000000000002 0.7625000000000001 0.1)
(0.75 0.7624999999999998 0.09999999999999999)
(0.7624999999999998 0.7625000000000001 0.09999999999999999)
(0.775 0.7625000000000001 0.1)
(0.7875000000000001 0.7625000000000001 0.1)
(0.7999999999999999 0.7624999999999998 0.1)
(0.8125 0.7625000000000001 0.09999999999999999)
(0.8250000000000001 0.7625000000000001 0.09999999999999999)
(0.8375 0.7624999999999998 0.09999999999999999)
(0.85 0.7624999999999998 0.09999999999999999)
(0.8624999999999999 0.7624999999999998 0.09999999999999999)
(0.875 0.7624999999999998 0.09999999999999999)
(0.8875000000000001 0.7625000000000001 0.09999999999999999)
(0.9 0.7624999999999998 0.1)
(0.9125 0.7624999999999998 0.1)
(0.9250000000000002 0.7625000000000001 0.1)
(0.9375 0.7625000000000001 0.1)
(0.9499999999999998 0.7624999999999998 0.1)
(0.9625 0.7625000000000001 0.1)
(0.975 0.7625000000000001 0.09999999999999999)
(0.9874999999999999 0.7624999999999998 0.09999999999999999)
(1 0.7624999999999998 0.09999999999999999)
(0 0.775 0.1)
(0.0125 0.775 0.1)
(0.025 0.775 0.1)
(0.0375 0.775 0.09999999999999999)
(0.05000000000000001 0.7749999999999999 0.09999999999999999)
(0.0625 0.775 0.1)
(0.075 0.775 0.1)
(0.08749999999999998 0.7749999999999999 0.09999999999999999)
(0.1 0.775 0.1)
(0.1125 0.7749999999999999 0.1)
(0.125 0.775 0.09999999999999999)
(0.1375 0.775 0.1)
(0.15 0.775 0.09999999999999999)
(0.1625 0.775 0.09999999999999999)
(0.175 0.775 0.1)
(0.1875 0.775 0.09999999999999999)
(0.2 0.775 0.1)
(0.2125 0.775 0.1)
(0.225 0.775 0.09999999999999999)
(0.2375 0.775 0.09999999999999999)
(0.25 0.775 0.1)
(0.2625000000000001 0.775 0.09999999999999999)
(0.275 0.775 0.1)
(0.2875 0.775 0.1)
(0.3 0.775 0.09999999999999999)
(0.3125 0.7749999999999999 0.1)
(0.325 0.775 0.1)
(0.3375000000000001 0.775 0.1)
(0.3499999999999999 0.775 0.1)
(0.3625 0.7749999999999999 0.09999999999999999)
(0.375 0.775 0.1)
(0.3875 0.775 0.09999999999999999)
(0.4000000000000001 0.7749999999999999 0.1)
(0.4124999999999999 0.775 0.1)
(0.425 0.775 0.09999999999999999)
(0.4375 0.775 0.1)
(0.45 0.775 0.1)
(0.4625 0.775 0.1)
(0.475 0.775 0.09999999999999999)
(0.4875 0.7749999999999999 0.1)
(0.5 0.775 0.1)
(0.5125 0.775 0.09999999999999999)
(0.525 0.775 0.1)
(0.5375 0.775 0.1)
(0.55 0.775 0.09999999999999999)
(0.5625 0.775 0.1)
(0.575 0.775 0.09999999999999999)
(0.5875 0.7750000000000002 0.09999999999999999)
(0.6 0.775 0.1)
(0.6124999999999999 0.775 0.09999999999999999)
(0.625 0.7749999999999999 0.09999999999999999)
(0.6374999999999998 0.775 0.1)
(0.65 0.775 0.09999999999999999)
(0.6625 0.775 0.1)
(0.6750000000000002 0.775 0.09999999999999999)
(0.6875 0.775 0.09999999999999999)
(0.6999999999999998 0.7749999999999999 0.09999999999999999)
(0.7125 0.775 0.1)
(0.725 0.775 0.09999999999999999)
(0.7375000000000002 0.775 0.09999999999999999)
(0.75 0.7750000000000002 0.1)
(0.7625000000000001 0.775 0.1)
(0.775 0.775 0.09999999999999999)
(0.7875 0.7749999999999999 0.09999999999999999)
(0.8000000000000002 0.775 0.1)
(0.8125 0.775 0.09999999999999999)
(0.8249999999999998 0.775 0.1)
(0.8375 0.775 0.09999999999999999)
(0.85 0.7749999999999999 0.1)
(0.8625000000000002 0.7749999999999999 0.09999999999999999)
(0.875 0.7749999999999999 0.09999999999999999)
(0.8874999999999998 0.775 0.1)
(0.9 0.775 0.09999999999999999)
(0.9125 0.775 0.09999999999999999)
(0.9249999999999999 0.775 0.1)
(0.9375 0.7749999999999999 0.09999999999999999)
(0.9500000000000001 0.7749999999999999 0.09999999999999999)
(0.9625 0.7749999999999999 0.1)
(0.975 0.775 0.09999999999999999)
(0.9875000000000002 0.775 0.1)
(1 0.775 0.1)
(0 0.7875 0.09999999999999999)
(0.0125 0.7875000000000001 0.1)
(0.025 0.7875 0.1)
(0.0375 0.7875 0.1)
(0.05 0.7875 0.09999999999999999)
(0.0625 0.7875 0.1)
(0.075 0.7875 0.1)
(0.08749999999999998 0.7875 0.1)
(0.09999999999999999 0.7875 0.09999999999999999)
(0.1125 0.7875 0.1)
(0.125 0.7875 0.1)
(0.1375 0.7875 0.09999999999999999)
(0.15 0.7875 0.1)
(0.1625 0.7875 0.09999999999999999)
(0.175 0.7875 0.09999999999999999)
(0.1875 0.7875 0.1)
(0.2 0.7875 0.1)
(0.2125 0.7875 0.09999999999999999)
(0.225 0.7875000000000001 0.1)
(0.2375 0.7875 0.1)
(0.25 0.7875 0.09999999999999999)
(0.2625 0.7875000000000001 0.1)
(0.275 0.7875000000000001 0.1)
(0.2874999999999999 0.7875 0.09999999999999999)
(0.3 0.7875 0.1)
(0.3125 0.7875000000000001 0.1)
(0.325 0.7875000000000001 0.09999999999999999)
(0.3375000000000001 0.7875000000000001 0.1)
(0.3499999999999999 0.7875 0.09999999999999999)
(0.3625 0.7875 0.1)
(0.375 0.7875 0.1)
(0.3875 0.7875000000000001 0.1)
(0.4 0.7875 0.1)
(0.4124999999999999 0.7875 0.1)
(0.425 0.7875 0.09999999999999999)
(0.4375 0.7875 0.1)
(0.45 0.7875000000000001 0.1)
(0.4625000000000001 0.7875 0.09999999999999999)
(0.4749999999999999 0.7875000000000001 0.1)
(0.4875 0.7875 0.1)
(0.5 0.7875 0.09999999999999999)
(0.5125 0.7875 0.1)
(0.525 0.7875 0.09999999999999999)
(0.5375 0.7875 0.09999999999999999)
(0.55 0.7875000000000001 0.1)
(0.5625 0.7875000000000001 0.1)
(0.5749999999999998 0.7875 0.09999999999999999)
(0.5875 0.7874999999999998 0.1)
(0.6 0.7875 0.1)
(0.6125 0.7875 0.09999999999999999)
(0.625 0.7875000000000001 0.1)
(0.6375 0.7875000000000001 0.1)
(0.65 0.7875 0.09999999999999999)
(0.6625 0.7875 0.1)
(0.6750000000000002 0.7875000000000001 0.1)
(0.6875 0.7875 0.09999999999999999)
(0.6999999999999998 0.7875 0.09999999999999999)
(0.7125 0.7875000000000001 0.1)
(0.725 0.7875000000000001 0.09999999999999999)
(0.7375000000000002 0.7874999999999998 0.1)
(0.75 0.7874999999999998 0.1)
(0.7625000000000001 0.7875000000000001 0.09999999999999999)
(0.775 0.7875000000000001 0.1)
(0.7875 0.7875000000000001 0.1)
(0.7999999999999999 0.7875 0.09999999999999999)
(0.8125 0.7875 0.1)
(0.8249999999999998 0.7875 0.1)
(0.8375 0.7875 0.09999999999999999)
(0.85 0.7875 0.1)
(0.8625000000000002 0.7875 0.1)
(0.875 0.7875000000000001 0.09999999999999999)
(0.8874999999999998 0.7875 0.1)
(0.9 0.7874999999999998 0.1)
(0.9125 0.7874999999999998 0.09999999999999999)
(0.9250000000000002 0.7875 0.1)
(0.9375 0.7875000000000001 0.1)
(0.9499999999999998 0.7875000000000001 0.09999999999999999)
(0.9624999999999999 0.7875 0.09999999999999999)
(0.975 0.7875 0.1)
(0.9875000000000002 0.7875 0.09999999999999999)
(1 0.7875 0.09999999999999999)
(0 0.8000000000000002 0.1)
(0.0125 0.8000000000000002 0.1)
(0.025 0.8000000000000002 0.1)
(0.0375 0.8000000000000002 0.1)
(0.05000000000000001 0.8000000000000002 0.1)
(0.0625 0.8000000000000002 0.1)
(0.075 0.8000000000000002 0.1)
(0.08749999999999998 0.8000000000000002 0.09999999999999999)
(0.1 0.8000000000000002 0.1)
(0.1125 0.8000000000000002 0.09999999999999999)
(0.125 0.8000000000000002 0.1)
(0.1375 0.8000000000000002 0.1)
(0.15 0.8000000000000002 0.1)
(0.1625 0.7999999999999999 0.1)
(0.175 0.7999999999999999 0.09999999999999999)
(0.1875 0.7999999999999999 0.1)
(0.2 0.8000000000000002 0.1)
(0.2125 0.7999999999999999 0.09999999999999999)
(0.225 0.8000000000000002 0.09999999999999999)
(0.2375 0.7999999999999999 0.09999999999999999)
(0.25 0.8000000000000002 0.09999999999999999)
(0.2625 0.8000000000000002 0.09999999999999999)
(0.275 0.7999999999999999 0.09999999999999999)
(0.2875 0.8000000000000002 0.09999999999999999)
(0.3 0.8000000000000002 0.1)
(0.3125 0.8000000000000002 0.09999999999999999)
(0.325 0.8000000000000002 0.1)
(0.3375000000000001 0.8000000000000002 0.09999999999999999)
(0.3499999999999999 0.8000000000000002 0.1)
(0.3625 0.8000000000000002 0.09999999999999999)
(0.375 0.8000000000000002 0.1)
(0.3875 0.8000000000000002 0.1)
(0.4000000000000001 0.8000000000000002 0.1)
(0.4125 0.8000000000000002 0.09999999999999999)
(0.425 0.8000000000000002 0.09999999999999999)
(0.4375 0.8000000000000002 0.09999999999999999)
(0.45 0.8000000000000002 0.1)
(0.4625000000000001 0.8000000000000002 0.09999999999999999)
(0.4749999999999999 0.7999999999999999 0.1)
(0.4875 0.7999999999999999 0.09999999999999999)
(0.5 0.7999999999999999 0.1)
(0.5125 0.8000000000000002 0.1)
(0.525 0.7999999999999999 0.1)
(0.5375 0.8000000000000002 0.1)
(0.5499999999999999 0.7999999999999999 0.09999999999999999)
(0.5625 0.8000000000000002 0.1)
(0.575 0.8000000000000002 0.1)
(0.5875 0.8000000000000002 0.1)
(0.6 0.8000000000000002 0.1)
(0.6125 0.8000000000000002 0.1)
(0.625 0.8000000000000002 0.1)
(0.6375 0.8000000000000002 0.1)
(0.65 0.7999999999999999 0.1)
(0.6625 0.7999999999999999 0.1)
(0.6750000000000002 0.7999999999999999 0.1)
(0.6875 0.8000000000000002 0.1)
(0.6999999999999998 0.7999999999999999 0.09999999999999999)
(0.7125 0.7999999999999999 0.1)
(0.725 0.8000000000000002 0.1)
(0.7375000000000002 0.8000000000000002 0.1)
(0.75 0.8000000000000002 0.1)
(0.7624999999999998 0.7999999999999999 0.1)
(0.775 0.8000000000000002 0.1)
(0.7875 0.7999999999999999 0.1)
(0.8000000000000002 0.8000000000000002 0.1)
(0.8125 0.7999999999999999 0.1)
(0.8250000000000001 0.8000000000000002 0.1)
(0.8375 0.7999999999999999 0.1)
(0.85 0.8000000000000002 0.1)
(0.8624999999999999 0.7999999999999999 0.1)
(0.875 0.8000000000000002 0.1)
(0.8874999999999998 0.7999999999999999 0.09999999999999999)
(0.9 0.8000000000000002 0.1)
(0.9125 0.7999999999999999 0.09999999999999999)
(0.9250000000000002 0.8000000000000002 0.1)
(0.9375 0.7999999999999999 0.1)
(0.9499999999999998 0.8000000000000002 0.1)
(0.9624999999999999 0.7999999999999999 0.1)
(0.975 0.7999999999999999 0.1)
(0.9874999999999999 0.7999999999999999 0.1)
(1 0.8000000000000002 0.1)
(0 0.8125 0.09999999999999999)
(0.0125 0.8125 0.1)
(0.025 0.8125 0.1)
(0.0375 0.8125 0.1)
(0.05 0.8125 0.1)
(0.0625 0.8125 0.09999999999999999)
(0.075 0.8125 0.1)
(0.08750000000000001 0.8125 0.1)
(0.09999999999999999 0.8125 0.09999999999999999)
(0.1125 0.8125 0.1)
(0.125 0.8125 0.1)
(0.1375 0.8125 0.09999999999999999)
(0.15 0.8125 0.09999999999999999)
(0.1625 0.8125 0.1)
(0.175 0.8125 0.09999999999999999)
(0.1875 0.8125 0.09999999999999999)
(0.2 0.8125 0.1)
(0.2125 0.8125 0.1)
(0.225 0.8125 0.09999999999999999)
(0.2375 0.8125 0.09999999999999999)
(0.25 0.8125 0.1)
(0.2625 0.8125 0.09999999999999999)
(0.275 0.8125 0.09999999999999999)
(0.2875 0.8125 0.1)
(0.3 0.8125 0.09999999999999999)
(0.3125 0.8125 0.09999999999999999)
(0.325 0.8125 0.1)
(0.3375 0.8125 0.09999999999999999)
(0.35 0.8125 0.1)
(0.3625 0.8125 0.1)
(0.375 0.8125 0.09999999999999999)
(0.3875 0.8125 0.1)
(0.4 0.8125 0.1)
(0.4125 0.8125 0.09999999999999999)
(0.425 0.8125 0.1)
(0.4375 0.8125 0.1)
(0.45 0.8125 0.09999999999999999)
(0.4625 0.8125 0.1)
(0.475 0.8125 0.1)
(0.4875 0.8125 0.1)
(0.5 0.8125 0.1)
(0.5125000000000001 0.8125 0.1)
(0.525 0.8125 0.1)
(0.5375 0.8125 0.1)
(0.5499999999999999 0.8125 0.09999999999999999)
(0.5625 0.8125 0.09999999999999999)
(0.5750000000000001 0.8125 0.1)
(0.5875 0.8125 0.09999999999999999)
(0.6 0.8125 0.1)
(0.6124999999999999 0.8125 0.1)
(0.625 0.8125 0.09999999999999999)
(0.6375000000000001 0.8125 0.1)
(0.65 0.8125 0.1)
(0.6625 0.8125 0.09999999999999999)
(0.6749999999999999 0.8125 0.1)
(0.6875 0.8125 0.09999999999999999)
(0.7000000000000001 0.8125 0.09999999999999998)
(0.7125 0.8125 0.1)
(0.725 0.8125 0.09999999999999999)
(0.7374999999999999 0.8125 0.09999999999999999)
(0.75 0.8125 0.1)
(0.7625000000000001 0.8125 0.09999999999999999)
(0.775 0.8125 0.1)
(0.7875 0.8125 0.1)
(0.7999999999999999 0.8125 0.1)
(0.8125 0.8125 0.1)
(0.8250000000000001 0.8125 0.1)
(0.8375 0.8125 0.1)
(0.85 0.8125 0.1)
(0.8624999999999999 0.8125 0.09999999999999999)
(0.875 0.8125 0.09999999999999999)
(0.8875000000000001 0.8125 0.1)
(0.9 0.8125 0.1)
(0.9125 0.8125 0.1)
(0.9249999999999999 0.8125 0.1)
(0.9375 0.8125 0.09999999999999999)
(0.9500000000000001 0.8125 0.1)
(0.9625000000000002 0.8125 0.1)
(0.9749999999999998 0.8125 0.09999999999999999)
(0.9874999999999999 0.8125 0.1)
(1 0.8125 0.09999999999999999)
(0 0.8249999999999998 0.1)
(0.0125 0.8249999999999998 0.1)
(0.025 0.8249999999999998 0.1)
(0.0375 0.8250000000000001 0.1)
(0.05000000000000001 0.8249999999999998 0.09999999999999999)
(0.0625 0.8249999999999998 0.1)
(0.075 0.8249999999999998 0.1)
(0.08749999999999998 0.8250000000000001 0.1)
(0.1 0.8249999999999998 0.1)
(0.1125 0.8249999999999998 0.09999999999999999)
(0.125 0.8249999999999998 0.1)
(0.1375 0.8250000000000001 0.1)
(0.15 0.8249999999999998 0.09999999999999999)
(0.1625 0.8249999999999998 0.1)
(0.175 0.8249999999999998 0.09999999999999999)
(0.1875 0.8250000000000001 0.1)
(0.2 0.8250000000000001 0.1)
(0.2125 0.8249999999999998 0.09999999999999999)
(0.225 0.8249999999999998 0.1)
(0.2375 0.8249999999999998 0.09999999999999999)
(0.25 0.8249999999999998 0.09999999999999999)
(0.2625 0.8249999999999998 0.1)
(0.275 0.8249999999999998 0.09999999999999999)
(0.2875 0.8249999999999998 0.1)
(0.3 0.8250000000000001 0.1)
(0.3125 0.8249999999999998 0.09999999999999999)
(0.325 0.8249999999999998 0.1)
(0.3375000000000001 0.8249999999999998 0.1)
(0.3499999999999999 0.8249999999999998 0.1)
(0.3625 0.8249999999999998 0.1)
(0.375 0.8249999999999998 0.09999999999999999)
(0.3875 0.8250000000000001 0.1)
(0.4000000000000001 0.8250000000000001 0.1)
(0.4125 0.8250000000000001 0.09999999999999999)
(0.425 0.8249999999999998 0.1)
(0.4375 0.8249999999999998 0.09999999999999999)
(0.45 0.8249999999999998 0.09999999999999999)
(0.4625000000000001 0.8249999999999998 0.1)
(0.475 0.8250000000000001 0.1)
(0.4875 0.8250000000000001 0.09999999999999999)
(0.5 0.8250000000000001 0.1)
(0.5124999999999998 0.8250000000000001 0.09999999999999999)
(0.525 0.8249999999999998 0.09999999999999999)
(0.5375 0.8249999999999998 0.1)
(0.5499999999999999 0.8249999999999998 0.09999999999999999)
(0.5625 0.8249999999999998 0.09999999999999999)
(0.575 0.8249999999999998 0.1)
(0.5875 0.8250000000000001 0.09999999999999999)
(0.6 0.8250000000000001 0.1)
(0.6125 0.8250000000000001 0.09999999999999999)
(0.625 0.8249999999999998 0.1)
(0.6375 0.8249999999999998 0.1)
(0.65 0.8249999999999998 0.09999999999999999)
(0.6625 0.8249999999999998 0.1)
(0.6750000000000002 0.8250000000000001 0.1)
(0.6875 0.8249999999999998 0.09999999999999999)
(0.6999999999999998 0.8250000000000001 0.09999999999999999)
(0.7125 0.8249999999999998 0.09999999999999999)
(0.725 0.8250000000000001 0.09999999999999998)
(0.7375000000000002 0.8249999999999998 0.09999999999999999)
(0.75 0.8249999999999998 0.09999999999999999)
(0.7625000000000001 0.8250000000000001 0.1)
(0.775 0.8249999999999998 0.09999999999999999)
(0.7875 0.8250000000000001 0.09999999999999999)
(0.8000000000000002 0.8250000000000001 0.1)
(0.8125 0.8250000000000001 0.09999999999999999)
(0.8250000000000001 0.8250000000000001 0.09999999999999999)
(0.8375 0.8249999999999998 0.1)
(0.85 0.8249999999999998 0.1)
(0.8624999999999999 0.8249999999999998 0.1)
(0.875 0.8249999999999998 0.1)
(0.8874999999999998 0.8249999999999998 0.09999999999999999)
(0.9 0.8250000000000001 0.09999999999999999)
(0.9125000000000001 0.8250000000000001 0.1)
(0.9250000000000002 0.8249999999999998 0.1)
(0.9375 0.8250000000000001 0.09999999999999999)
(0.9500000000000001 0.8250000000000001 0.09999999999999999)
(0.9625 0.8250000000000001 0.1)
(0.975 0.8250000000000001 0.1)
(0.9875000000000002 0.8250000000000001 0.09999999999999999)
(1 0.8249999999999998 0.1)
(0 0.8375 0.09999999999999999)
(0.0125 0.8375 0.1)
(0.025 0.8375 0.09999999999999999)
(0.0375 0.8375 0.1)
(0.05 0.8375 0.1)
(0.0625 0.8375 0.1)
(0.075 0.8375 0.09999999999999999)
(0.08750000000000001 0.8374999999999999 0.09999999999999999)
(0.09999999999999999 0.8375 0.09999999999999999)
(0.1125 0.8375 0.09999999999999999)
(0.125 0.8375 0.1)
(0.1375 0.8375 0.1)
(0.15 0.8375 0.1)
(0.1625 0.8375 0.1)
(0.175 0.8375 0.1)
(0.1875 0.8375 0.1)
(0.2 0.8375 0.1)
(0.2125 0.8375 0.09999999999999999)
(0.225 0.8374999999999999 0.09999999999999999)
(0.2375 0.8374999999999999 0.09999999999999999)
(0.25 0.8375 0.09999999999999999)
(0.2625 0.8375 0.09999999999999999)
(0.275 0.8375 0.09999999999999999)
(0.2875 0.8375 0.1)
(0.3 0.8375 0.1)
(0.3125 0.8374999999999999 0.1)
(0.325 0.8375 0.1)
(0.3375000000000001 0.8374999999999999 0.1)
(0.3499999999999999 0.8375 0.1)
(0.3625 0.8375 0.1)
(0.375 0.8375 0.1)
(0.3875 0.8375 0.1)
(0.4 0.8375 0.1)
(0.4124999999999999 0.8375 0.1)
(0.425 0.8374999999999999 0.09999999999999999)
(0.4375 0.8375 0.1)
(0.45 0.8375 0.09999999999999999)
(0.4625000000000001 0.8375 0.09999999999999999)
(0.4749999999999999 0.8375 0.09999999999999999)
(0.4875 0.8375 0.09999999999999999)
(0.5 0.8375 0.09999999999999999)
(0.5125 0.8374999999999999 0.09999999999999999)
(0.525 0.8375000000000002 0.09999999999999999)
(0.5375 0.8374999999999999 0.09999999999999999)
(0.55 0.8375 0.09999999999999999)
(0.5625 0.8374999999999999 0.09999999999999999)
(0.575 0.8375 0.1)
(0.5875 0.8375 0.09999999999999999)
(0.6 0.8374999999999999 0.1)
(0.6125000000000002 0.8375 0.1)
(0.625 0.8374999999999999 0.1)
(0.6375 0.8375 0.1)
(0.65 0.8374999999999999 0.1)
(0.6625 0.8375 0.09999999999999999)
(0.6750000000000002 0.8375 0.1)
(0.6875 0.8375 0.09999999999999999)
(0.6999999999999998 0.8375 0.09999999999999999)
(0.7125 0.8375 0.09999999999999999)
(0.725 0.8375 0.09999999999999999)
(0.7375000000000002 0.8374999999999999 0.09999999999999999)
(0.75 0.8375000000000002 0.09999999999999999)
(0.7624999999999998 0.8374999999999999 0.09999999999999999)
(0.775 0.8375 0.09999999999999999)
(0.7875 0.8375 0.09999999999999999)
(0.7999999999999999 0.8375 0.09999999999999999)
(0.8125 0.8375 0.09999999999999999)
(0.8249999999999998 0.8374999999999999 0.09999999999999999)
(0.8375 0.8375 0.09999999999999999)
(0.85 0.8374999999999999 0.09999999999999999)
(0.8625000000000002 0.8375 0.09999999999999999)
(0.875 0.8374999999999999 0.1)
(0.8875000000000001 0.8375 0.1)
(0.9 0.8374999999999999 0.1)
(0.9125 0.8374999999999999 0.1)
(0.9250000000000002 0.8375 0.1)
(0.9375 0.8374999999999999 0.1)
(0.9499999999999998 0.8375 0.1)
(0.9625 0.8375 0.1)
(0.975 0.8375 0.09999999999999999)
(0.9875000000000002 0.8374999999999999 0.1)
(1 0.8375 0.09999999999999999)
(0 0.85 0.1)
(0.0125 0.85 0.1)
(0.025 0.85 0.09999999999999999)
(0.0375 0.85 0.1)
(0.05000000000000001 0.85 0.1)
(0.0625 0.85 0.1)
(0.07500000000000001 0.85 0.09999999999999999)
(0.08749999999999998 0.85 0.1)
(0.1 0.85 0.1)
(0.1125 0.85 0.1)
(0.125 0.85 0.09999999999999999)
(0.1375 0.8500000000000001 0.09999999999999999)
(0.15 0.85 0.1)
(0.1625 0.8500000000000001 0.1)
(0.175 0.85 0.09999999999999999)
(0.1875 0.85 0.09999999999999999)
(0.2 0.8500000000000001 0.1)
(0.2125 0.85 0.1)
(0.225 0.85 0.09999999999999999)
(0.2375 0.85 0.09999999999999999)
(0.25 0.85 0.1)
(0.2625000000000001 0.8500000000000001 0.1)
(0.275 0.85 0.09999999999999999)
(0.2875 0.85 0.1)
(0.3 0.85 0.1)
(0.3125 0.8500000000000001 0.1)
(0.325 0.85 0.09999999999999999)
(0.3375000000000001 0.85 0.09999999999999999)
(0.3499999999999999 0.85 0.1)
(0.3625 0.8500000000000001 0.1)
(0.375 0.85 0.1)
(0.3875 0.85 0.1)
(0.4000000000000001 0.85 0.1)
(0.4124999999999999 0.8500000000000001 0.1)
(0.425 0.85 0.09999999999999999)
(0.4375 0.85 0.09999999999999999)
(0.45 0.85 0.1)
(0.4625 0.8500000000000001 0.1)
(0.475 0.85 0.1)
(0.4875 0.85 0.09999999999999999)
(0.5 0.85 0.09999999999999999)
(0.5125 0.8500000000000001 0.1)
(0.525 0.85 0.09999999999999999)
(0.5375 0.85 0.1)
(0.55 0.8499999999999998 0.1)
(0.5625 0.8500000000000001 0.09999999999999999)
(0.575 0.85 0.09999999999999999)
(0.5875 0.85 0.1)
(0.6 0.85 0.1)
(0.6124999999999999 0.85 0.1)
(0.625 0.8500000000000001 0.09999999999999999)
(0.6375000000000001 0.8500000000000001 0.1)
(0.65 0.8499999999999998 0.1)
(0.6625 0.85 0.09999999999999999)
(0.6750000000000002 0.85 0.09999999999999999)
(0.6875 0.85 0.09999999999999999)
(0.6999999999999998 0.85 0.09999999999999999)
(0.7125 0.85 0.1)
(0.725 0.8500000000000001 0.09999999999999998)
(0.7375000000000002 0.8500000000000001 0.1)
(0.75 0.8499999999999998 0.1)
(0.7624999999999998 0.85 0.1)
(0.775 0.85 0.09999999999999999)
(0.7875 0.85 0.09999999999999999)
(0.8000000000000002 0.85 0.1)
(0.8125 0.85 0.09999999999999999)
(0.8249999999999998 0.8500000000000001 0.09999999999999999)
(0.8375 0.8500000000000001 0.1)
(0.85 0.8499999999999998 0.09999999999999999)
(0.8625000000000002 0.85 0.09999999999999999)
(0.875 0.8500000000000001 0.09999999999999999)
(0.8874999999999998 0.85 0.1)
(0.9 0.85 0.1)
(0.9125000000000001 0.85 0.1)
(0.9249999999999999 0.85 0.1)
(0.9375 0.8500000000000001 0.1)
(0.9500000000000001 0.8500000000000001 0.1)
(0.9625 0.8499999999999998 0.1)
(0.975 0.8500000000000001 0.09999999999999999)
(0.9874999999999999 0.85 0.1)
(1 0.85 0.1)
(0 0.8625000000000002 0.09999999999999999)
(0.0125 0.8625000000000002 0.1)
(0.025 0.8624999999999999 0.1)
(0.0375 0.8624999999999999 0.1)
(0.05000000000000001 0.8625000000000002 0.1)
(0.0625 0.8625000000000002 0.1)
(0.075 0.8625000000000002 0.1)
(0.08749999999999998 0.8625000000000002 0.1)
(0.09999999999999999 0.8625000000000002 0.09999999999999999)
(0.1125 0.8625000000000002 0.1)
(0.125 0.8625000000000002 0.09999999999999999)
(0.1375 0.8625000000000002 0.1)
(0.15 0.8625000000000002 0.09999999999999999)
(0.1625 0.8625000000000002 0.1)
(0.175 0.8624999999999999 0.09999999999999999)
(0.1875 0.8624999999999999 0.09999999999999999)
(0.2 0.8625000000000002 0.1)
(0.2125 0.8625000000000002 0.09999999999999999)
(0.225 0.8625000000000002 0.1)
(0.2375 0.8625000000000002 0.09999999999999999)
(0.25 0.8625000000000002 0.1)
(0.2625000000000001 0.8625000000000002 0.1)
(0.275 0.8625000000000002 0.1)
(0.2875 0.8625000000000002 0.09999999999999999)
(0.3 0.8625000000000002 0.09999999999999999)
(0.3125 0.8625000000000002 0.1)
(0.325 0.8625000000000002 0.1)
(0.3375000000000001 0.8624999999999999 0.1)
(0.3499999999999999 0.8624999999999999 0.09999999999999999)
(0.3625 0.8624999999999999 0.1)
(0.375 0.8625000000000002 0.1)
(0.3875 0.8625000000000002 0.09999999999999999)
(0.4 0.8625000000000002 0.1)
(0.4124999999999999 0.8625000000000002 0.1)
(0.425 0.8624999999999999 0.1)
(0.4375 0.8625000000000002 0.09999999999999999)
(0.45 0.8625000000000002 0.1)
(0.4625000000000001 0.8625000000000002 0.1)
(0.4749999999999999 0.8625000000000002 0.09999999999999999)
(0.4875 0.8624999999999999 0.1)
(0.5 0.8624999999999999 0.1)
(0.5124999999999998 0.8624999999999999 0.1)
(0.525 0.8624999999999999 0.09999999999999999)
(0.5375 0.8624999999999999 0.09999999999999999)
(0.55 0.8625000000000002 0.1)
(0.5625 0.8625000000000002 0.09999999999999999)
(0.575 0.8625000000000002 0.1)
(0.5874999999999999 0.8625000000000002 0.1)
(0.6 0.8624999999999999 0.1)
(0.6125 0.8624999999999999 0.09999999999999999)
(0.625 0.8625000000000002 0.09999999999999999)
(0.6375 0.8625000000000002 0.09999999999999999)
(0.65 0.8624999999999999 0.09999999999999999)
(0.6625 0.8624999999999999 0.1)
(0.6750000000000002 0.8625000000000002 0.09999999999999999)
(0.6875 0.8625000000000002 0.1)
(0.6999999999999998 0.8625000000000002 0.09999999999999998)
(0.7125 0.8625000000000002 0.09999999999999999)
(0.725 0.8625000000000002 0.09999999999999999)
(0.7375000000000002 0.8625000000000002 0.1)
(0.75 0.8625000000000002 0.09999999999999999)
(0.7624999999999998 0.8624999999999999 0.09999999999999999)
(0.775 0.8624999999999999 0.1)
(0.7875 0.8624999999999999 0.1)
(0.7999999999999999 0.8624999999999999 0.1)
(0.8125 0.8624999999999999 0.09999999999999999)
(0.8249999999999998 0.8624999999999999 0.1)
(0.8375 0.8624999999999999 0.09999999999999999)
(0.85 0.8624999999999999 0.09999999999999999)
(0.8625000000000002 0.8625000000000002 0.1)
(0.875 0.8625000000000002 0.1)
(0.8875000000000001 0.8625000000000002 0.09999999999999999)
(0.9 0.8625000000000002 0.09999999999999999)
(0.9125000000000001 0.8625000000000002 0.1)
(0.9250000000000002 0.8624999999999999 0.1)
(0.9375 0.8624999999999999 0.09999999999999999)
(0.9499999999999998 0.8624999999999999 0.09999999999999999)
(0.9624999999999999 0.8624999999999999 0.1)
(0.975 0.8624999999999999 0.1)
(0.9875000000000002 0.8625000000000002 0.09999999999999999)
(1 0.8625000000000002 0.09999999999999999)
(0 0.875 0.1)
(0.0125 0.8750000000000001 0.1)
(0.025 0.875 0.1)
(0.0375 0.875 0.1)
(0.05000000000000001 0.875 0.09999999999999999)
(0.0625 0.875 0.1)
(0.075 0.8750000000000001 0.1)
(0.08749999999999998 0.875 0.1)
(0.1 0.875 0.1)
(0.1125 0.875 0.1)
(0.125 0.875 0.09999999999999999)
(0.1375 0.8750000000000001 0.09999999999999999)
(0.15 0.875 0.09999999999999999)
(0.1625 0.875 0.1)
(0.175 0.875 0.1)
(0.1875 0.875 0.1)
(0.2 0.875 0.1)
(0.2125 0.875 0.1)
(0.225 0.875 0.1)
(0.2375 0.875 0.09999999999999999)
(0.25 0.875 0.09999999999999999)
(0.2625000000000001 0.875 0.1)
(0.2750000000000001 0.875 0.1)
(0.2874999999999999 0.875 0.1)
(0.3 0.875 0.1)
(0.3125 0.875 0.1)
(0.325 0.875 0.09999999999999999)
(0.3375000000000001 0.875 0.09999999999999999)
(0.3499999999999999 0.875 0.09999999999999999)
(0.3625 0.875 0.09999999999999999)
(0.375 0.875 0.1)
(0.3875 0.875 0.1)
(0.4000000000000001 0.875 0.1)
(0.4124999999999999 0.875 0.1)
(0.425 0.875 0.1)
(0.4375 0.875 0.1)
(0.45 0.875 0.1)
(0.4625000000000001 0.875 0.1)
(0.4749999999999999 0.875 0.1)
(0.4875 0.875 0.09999999999999999)
(0.5 0.875 0.1)
(0.5124999999999998 0.875 0.1)
(0.525 0.875 0.1)
(0.5375 0.875 0.09999999999999999)
(0.5500000000000002 0.875 0.09999999999999999)
(0.5625 0.875 0.09999999999999999)
(0.5749999999999998 0.875 0.09999999999999999)
(0.5875 0.875 0.09999999999999999)
(0.6 0.875 0.1)
(0.6125000000000002 0.875 0.09999999999999999)
(0.625 0.875 0.1)
(0.6374999999999998 0.875 0.09999999999999999)
(0.65 0.875 0.09999999999999999)
(0.6625 0.875 0.09999999999999999)
(0.6750000000000002 0.875 0.1)
(0.6875 0.875 0.1)
(0.6999999999999998 0.875 0.09999999999999999)
(0.7125 0.875 0.1)
(0.725 0.875 0.09999999999999999)
(0.7375000000000002 0.875 0.1)
(0.75 0.875 0.09999999999999999)
(0.7624999999999998 0.875 0.09999999999999999)
(0.775 0.875 0.1)
(0.7875 0.875 0.1)
(0.8000000000000002 0.875 0.1)
(0.8125 0.875 0.1)
(0.8249999999999998 0.875 0.1)
(0.8375 0.875 0.1)
(0.85 0.875 0.09999999999999999)
(0.8625000000000002 0.875 0.09999999999999999)
(0.875 0.875 0.09999999999999999)
(0.8874999999999998 0.875 0.09999999999999999)
(0.9 0.875 0.09999999999999999)
(0.9125 0.875 0.09999999999999999)
(0.9250000000000002 0.875 0.09999999999999999)
(0.9375 0.875 0.1)
(0.9499999999999998 0.875 0.1)
(0.9625 0.875 0.1)
(0.975 0.875 0.1)
(0.9875000000000002 0.875 0.1)
(1 0.875 0.1)
(0 0.8874999999999998 0.1)
(0.0125 0.8874999999999998 0.1)
(0.025 0.8874999999999998 0.1)
(0.0375 0.8874999999999998 0.09999999999999999)
(0.05000000000000001 0.8874999999999998 0.1)
(0.0625 0.8874999999999998 0.1)
(0.075 0.8875000000000001 0.1)
(0.08750000000000001 0.8874999999999998 0.1)
(0.1 0.8875000000000001 0.09999999999999999)
(0.1125 0.8874999999999998 0.09999999999999999)
(0.125 0.8874999999999998 0.09999999999999999)
(0.1375 0.8875000000000001 0.1)
(0.15 0.8874999999999998 0.1)
(0.1625 0.8875000000000001 0.1)
(0.175 0.8874999999999998 0.1)
(0.1875 0.8875000000000001 0.1)
(0.2 0.8874999999999998 0.09999999999999999)
(0.2125 0.8874999999999998 0.09999999999999999)
(0.225 0.8874999999999998 0.1)
(0.2375 0.8874999999999998 0.09999999999999999)
(0.25 0.8874999999999998 0.1)
(0.2625 0.8874999999999998 0.1)
(0.2750000000000001 0.8875000000000001 0.1)
(0.2875 0.8875000000000001 0.1)
(0.3 0.8874999999999998 0.09999999999999999)
(0.3125 0.8874999999999998 0.1)
(0.325 0.8875000000000001 0.1)
(0.3375000000000001 0.8874999999999998 0.1)
(0.35 0.8874999999999998 0.1)
(0.3625 0.8874999999999998 0.09999999999999999)
(0.375 0.8874999999999998 0.09999999999999999)
(0.3875 0.8874999999999998 0.1)
(0.4000000000000001 0.8874999999999998 0.1)
(0.4124999999999999 0.8875000000000001 0.1)
(0.425 0.8874999999999998 0.1)
(0.4375 0.8874999999999998 0.09999999999999999)
(0.45 0.8875000000000001 0.1)
(0.4625 0.8875000000000001 0.1)
(0.4749999999999999 0.8874999999999998 0.09999999999999999)
(0.4875 0.8874999999999998 0.1)
(0.5 0.8875000000000001 0.09999999999999999)
(0.5125 0.8874999999999998 0.1)
(0.525 0.8874999999999998 0.1)
(0.5375 0.8875000000000001 0.09999999999999999)
(0.5500000000000002 0.8875000000000001 0.1)
(0.5625 0.8874999999999998 0.09999999999999999)
(0.575 0.8874999999999998 0.1)
(0.5875 0.8874999999999998 0.09999999999999999)
(0.6 0.8875000000000001 0.09999999999999999)
(0.6124999999999999 0.8874999999999998 0.1)
(0.625 0.8874999999999998 0.09999999999999999)
(0.6375 0.8875000000000001 0.09999999999999999)
(0.65 0.8874999999999998 0.1)
(0.6625 0.8874999999999998 0.1)
(0.6750000000000002 0.8875000000000001 0.1)
(0.6875 0.8874999999999998 0.09999999999999999)
(0.7000000000000001 0.8875000000000001 0.09999999999999999)
(0.7125 0.8874999999999998 0.09999999999999999)
(0.725 0.8875000000000001 0.09999999999999999)
(0.7375000000000002 0.8875000000000001 0.1)
(0.75 0.8874999999999998 0.1)
(0.7625000000000001 0.8875000000000001 0.09999999999999999)
(0.775 0.8875000000000001 0.09999999999999999)
(0.7875 0.8874999999999998 0.1)
(0.8000000000000002 0.8874999999999998 0.09999999999999999)
(0.8125 0.8875000000000001 0.1)
(0.8249999999999998 0.8874999999999998 0.09999999999999999)
(0.8375 0.8875000000000001 0.09999999999999999)
(0.85 0.8874999999999998 0.09999999999999999)
(0.8625000000000002 0.8875000000000001 0.1)
(0.875 0.8874999999999998 0.1)
(0.8874999999999998 0.8875000000000001 0.09999999999999999)
(0.9 0.8874999999999998 0.09999999999999999)
(0.9125 0.8875000000000001 0.1)
(0.9249999999999999 0.8874999999999998 0.09999999999999999)
(0.9375 0.8875000000000001 0.1)
(0.9499999999999998 0.8875000000000001 0.09999999999999999)
(0.9625 0.8874999999999998 0.1)
(0.975 0.8874999999999998 0.09999999999999999)
(0.9875000000000002 0.8874999999999998 0.1)
(1 0.8874999999999998 0.1)
(0 0.9 0.1)
(0.0125 0.9 0.09999999999999999)
(0.025 0.8999999999999999 0.1)
(0.0375 0.9 0.09999999999999999)
(0.05000000000000001 0.9 0.1)
(0.0625 0.9 0.09999999999999999)
(0.075 0.9 0.1)
(0.08750000000000001 0.9 0.09999999999999999)
(0.1 0.9 0.1)
(0.1125 0.8999999999999999 0.09999999999999999)
(0.125 0.8999999999999999 0.1)
(0.1375 0.9 0.09999999999999999)
(0.15 0.9 0.1)
(0.1625 0.9 0.09999999999999999)
(0.175 0.9 0.1)
(0.1875 0.9 0.09999999999999999)
(0.2 0.9 0.1)
(0.2125 0.9 0.09999999999999999)
(0.225 0.9 0.1)
(0.2375 0.9 0.09999999999999999)
(0.25 0.9 0.1)
(0.2625 0.9 0.1)
(0.275 0.8999999999999999 0.1)
(0.2874999999999999 0.8999999999999999 0.09999999999999999)
(0.3 0.8999999999999999 0.1)
(0.3125 0.8999999999999999 0.09999999999999999)
(0.325 0.9 0.1)
(0.3375 0.9 0.09999999999999999)
(0.35 0.9 0.1)
(0.3625 0.9 0.09999999999999999)
(0.375 0.9 0.1)
(0.3875 0.9 0.1)
(0.4000000000000001 0.9 0.1)
(0.4124999999999999 0.9 0.09999999999999999)
(0.425 0.8999999999999999 0.1)
(0.4375 0.8999999999999999 0.09999999999999999)
(0.45 0.9 0.1)
(0.4625000000000001 0.9000000000000002 0.09999999999999999)
(0.4749999999999999 0.9 0.1)
(0.4875 0.9000000000000002 0.09999999999999998)
(0.5 0.9 0.09999999999999999)
(0.5125 0.9 0.09999999999999999)
(0.525 0.9 0.1)
(0.5375 0.9 0.1)
(0.55 0.8999999999999999 0.09999999999999999)
(0.5625 0.8999999999999999 0.09999999999999999)
(0.5749999999999998 0.9 0.1)
(0.5875 0.8999999999999999 0.09999999999999999)
(0.6 0.9 0.1)
(0.6125 0.8999999999999999 0.09999999999999999)
(0.625 0.8999999999999999 0.1)
(0.6375 0.8999999999999999 0.09999999999999999)
(0.65 0.9 0.1)
(0.6625 0.8999999999999999 0.09999999999999999)
(0.6749999999999999 0.9 0.1)
(0.6875 0.9 0.09999999999999999)
(0.7000000000000001 0.9 0.1)
(0.7125 0.9 0.09999999999999999)
(0.725 0.9 0.09999999999999999)
(0.7375000000000002 0.9 0.09999999999999999)
(0.75 0.9000000000000002 0.1)
(0.7624999999999998 0.9 0.1)
(0.775 0.9 0.1)
(0.7875 0.9 0.09999999999999999)
(0.8000000000000002 0.9 0.1)
(0.8125 0.9 0.1)
(0.8249999999999998 0.9 0.09999999999999999)
(0.8375 0.9 0.09999999999999999)
(0.85 0.9 0.1)
(0.8625000000000002 0.8999999999999999 0.1)
(0.875 0.8999999999999999 0.09999999999999999)
(0.8874999999999998 0.8999999999999999 0.09999999999999999)
(0.9 0.9 0.1)
(0.9125 0.8999999999999999 0.09999999999999999)
(0.9250000000000002 0.8999999999999999 0.09999999999999999)
(0.9375 0.8999999999999999 0.09999999999999999)
(0.9499999999999998 0.8999999999999999 0.1)
(0.9625 0.9 0.1)
(0.975 0.8999999999999999 0.1)
(0.9874999999999999 0.9 0.09999999999999999)
(1 0.9 0.1)
(0 0.9125 0.1)
(0.0125 0.9125 0.1)
(0.025 0.9125 0.09999999999999999)
(0.0375 0.9125 0.1)
(0.05000000000000001 0.9125 0.1)
(0.0625 0.9125 0.1)
(0.075 0.9125000000000001 0.1)
(0.08749999999999998 0.9125 0.09999999999999999)
(0.1 0.9125 0.09999999999999999)
(0.1125 0.9125 0.1)
(0.125 0.9125000000000001 0.1)
(0.1375 0.9125 0.1)
(0.15 0.9125 0.1)
(0.1625 0.9125 0.09999999999999999)
(0.175 0.9125000000000001 0.1)
(0.1875 0.9125 0.1)
(0.2 0.9125 0.09999999999999999)
(0.2125 0.9125 0.09999999999999999)
(0.225 0.9125 0.1)
(0.2375 0.9125 0.1)
(0.25 0.9125 0.09999999999999999)
(0.2625 0.9125000000000001 0.1)
(0.275 0.9125000000000001 0.1)
(0.2875 0.9125 0.1)
(0.3 0.9125 0.09999999999999999)
(0.3125 0.9125000000000001 0.1)
(0.325 0.9125 0.1)
(0.3375000000000001 0.9125 0.1)
(0.3499999999999999 0.9125000000000001 0.1)
(0.3625 0.9124999999999998 0.09999999999999999)
(0.375 0.9125 0.1)
(0.3875 0.9125000000000001 0.1)
(0.4000000000000001 0.9124999999999998 0.1)
(0.4125 0.9125000000000001 0.1)
(0.425 0.9125 0.09999999999999999)
(0.4375 0.9125000000000001 0.09999999999999999)
(0.45 0.9125000000000001 0.1)
(0.4625000000000001 0.9125 0.09999999999999999)
(0.475 0.9125 0.09999999999999999)
(0.4875 0.9125 0.09999999999999999)
(0.5 0.9125 0.1)
(0.5125 0.9125 0.1)
(0.525 0.9125000000000001 0.1)
(0.5375 0.9125 0.1)
(0.55 0.9125000000000001 0.1)
(0.5625 0.9125000000000001 0.1)
(0.575 0.9125 0.09999999999999999)
(0.5875 0.9125000000000001 0.1)
(0.6 0.9125 0.09999999999999999)
(0.6125000000000002 0.9125 0.09999999999999999)
(0.625 0.9125000000000001 0.1)
(0.6375000000000001 0.9125 0.09999999999999999)
(0.65 0.9125 0.1)
(0.6625 0.9125000000000001 0.09999999999999999)
(0.6750000000000002 0.9124999999999998 0.09999999999999999)
(0.6875 0.9125 0.09999999999999999)
(0.6999999999999998 0.9125000000000001 0.09999999999999998)
(0.7125 0.9124999999999998 0.09999999999999999)
(0.725 0.9125 0.1)
(0.7374999999999999 0.9125 0.1)
(0.75 0.9124999999999998 0.1)
(0.7624999999999998 0.9125 0.1)
(0.775 0.9125 0.09999999999999999)
(0.7875 0.9124999999999998 0.09999999999999999)
(0.8000000000000002 0.9125 0.09999999999999999)
(0.8125 0.9125 0.09999999999999999)
(0.8250000000000001 0.9125000000000001 0.1)
(0.8375 0.9125 0.09999999999999998)
(0.85 0.9125 0.1)
(0.8625000000000002 0.9125000000000001 0.1)
(0.875 0.9125000000000001 0.1)
(0.8874999999999998 0.9125 0.09999999999999999)
(0.9 0.9125000000000001 0.09999999999999999)
(0.9125 0.9125000000000001 0.09999999999999999)
(0.9250000000000002 0.9125 0.09999999999999999)
(0.9375 0.9125000000000001 0.09999999999999999)
(0.9500000000000001 0.9125000000000001 0.1)
(0.9625 0.9125 0.1)
(0.975 0.9125000000000001 0.09999999999999999)
(0.9875000000000002 0.9125 0.1)
(1 0.9125 0.1)
(0 0.9250000000000002 0.1)
(0.0125 0.9250000000000002 0.1)
(0.025 0.9250000000000002 0.1)
(0.0375 0.9250000000000002 0.1)
(0.05000000000000001 0.9249999999999999 0.09999999999999999)
(0.0625 0.9250000000000002 0.09999999999999999)
(0.075 0.9250000000000002 0.1)
(0.08749999999999998 0.9250000000000002 0.1)
(0.1 0.9250000000000002 0.1)
(0.1125 0.9249999999999999 0.1)
(0.125 0.9250000000000002 0.1)
(0.1375 0.9250000000000002 0.1)
(0.15 0.9249999999999999 0.09999999999999999)
(0.1625 0.9250000000000002 0.09999999999999999)
(0.175 0.9250000000000002 0.09999999999999999)
(0.1875 0.9249999999999999 0.1)
(0.2 0.9250000000000002 0.1)
(0.2125 0.9250000000000002 0.1)
(0.225 0.9249999999999999 0.1)
(0.2375 0.9250000000000002 0.1)
(0.25 0.9250000000000002 0.09999999999999999)
(0.2625 0.9249999999999999 0.09999999999999999)
(0.275 0.9250000000000002 0.09999999999999999)
(0.2874999999999999 0.9250000000000002 0.1)
(0.3 0.9249999999999999 0.1)
(0.3125 0.9250000000000002 0.1)
(0.3250000000000001 0.9250000000000002 0.1)
(0.3375000000000001 0.9249999999999999 0.1)
(0.3499999999999999 0.9250000000000002 0.1)
(0.3625 0.9250000000000002 0.09999999999999999)
(0.375 0.9250000000000002 0.1)
(0.3875 0.9250000000000002 0.1)
(0.4000000000000001 0.9250000000000002 0.1)
(0.4124999999999999 0.9249999999999999 0.1)
(0.425 0.9249999999999999 0.1)
(0.4375 0.9250000000000002 0.09999999999999999)
(0.45 0.9250000000000002 0.09999999999999999)
(0.4625000000000001 0.9249999999999999 0.1)
(0.475 0.9250000000000002 0.1)
(0.4875 0.9249999999999999 0.09999999999999999)
(0.5 0.9249999999999999 0.1)
(0.5125 0.9250000000000002 0.09999999999999999)
(0.525 0.9250000000000002 0.1)
(0.5375 0.9249999999999999 0.09999999999999999)
(0.55 0.9249999999999999 0.1)
(0.5625 0.9250000000000002 0.09999999999999999)
(0.5749999999999998 0.9249999999999999 0.1)
(0.5875 0.9249999999999999 0.1)
(0.6 0.9250000000000002 0.1)
(0.6125 0.9250000000000002 0.1)
(0.625 0.9250000000000002 0.09999999999999999)
(0.6375000000000001 0.9250000000000002 0.09999999999999999)
(0.65 0.9249999999999999 0.09999999999999999)
(0.6625 0.9250000000000002 0.09999999999999999)
(0.6750000000000002 0.9250000000000002 0.1)
(0.6875 0.9250000000000002 0.1)
(0.6999999999999998 0.9250000000000002 0.09999999999999999)
(0.7125 0.9250000000000002 0.1)
(0.725 0.9249999999999999 0.09999999999999999)
(0.7374999999999999 0.9249999999999999 0.09999999999999999)
(0.75 0.9250000000000002 0.09999999999999999)
(0.7624999999999998 0.9250000000000002 0.1)
(0.775 0.9249999999999999 0.1)
(0.7875 0.9249999999999999 0.09999999999999999)
(0.8000000000000002 0.9250000000000002 0.1)
(0.8125 0.9249999999999999 0.1)
(0.8249999999999998 0.9249999999999999 0.1)
(0.8375 0.9250000000000002 0.09999999999999999)
(0.85 0.9249999999999999 0.09999999999999999)
(0.8625000000000002 0.9249999999999999 0.1)
(0.875 0.9250000000000002 0.09999999999999999)
(0.8874999999999998 0.9249999999999999 0.1)
(0.9 0.9249999999999999 0.09999999999999999)
(0.9125 0.9250000000000002 0.1)
(0.9250000000000002 0.9250000000000002 0.09999999999999999)
(0.9375 0.9249999999999999 0.09999999999999999)
(0.9500000000000001 0.9250000000000002 0.09999999999999999)
(0.9625 0.9249999999999999 0.1)
(0.975 0.9249999999999999 0.09999999999999999)
(0.9875000000000002 0.9250000000000002 0.09999999999999999)
(1 0.9250000000000002 0.1)
(0 0.9375 0.1)
(0.0125 0.9375 0.1)
(0.025 0.9375 0.1)
(0.0375 0.9375 0.1)
(0.05000000000000001 0.9375 0.1)
(0.0625 0.9375 0.1)
(0.075 0.9375 0.09999999999999999)
(0.08749999999999998 0.9375 0.1)
(0.1 0.9375 0.09999999999999999)
(0.1125 0.9375 0.1)
(0.125 0.9375 0.1)
(0.1375 0.9375 0.1)
(0.15 0.9375 0.1)
(0.1625 0.9375 0.1)
(0.175 0.9375 0.1)
(0.1875 0.9375 0.09999999999999999)
(0.2 0.9375 0.1)
(0.2125 0.9375 0.1)
(0.225 0.9375 0.1)
(0.2375 0.9375 0.1)
(0.25 0.9375 0.1)
(0.2625 0.9375 0.1)
(0.275 0.9375 0.09999999999999999)
(0.2875 0.9375 0.1)
(0.3 0.9375 0.09999999999999999)
(0.3125 0.9375 0.1)
(0.325 0.9375 0.1)
(0.3375000000000001 0.9375 0.1)
(0.3499999999999999 0.9375 0.1)
(0.3625 0.9375 0.1)
(0.375 0.9375 0.1)
(0.3875 0.9375 0.09999999999999999)
(0.4000000000000001 0.9375 0.1)
(0.4124999999999999 0.9375 0.09999999999999999)
(0.425 0.9375 0.1)
(0.4375 0.9375 0.1)
(0.45 0.9375 0.1)
(0.4625000000000001 0.9375 0.1)
(0.4749999999999999 0.9375 0.1)
(0.4875 0.9375 0.09999999999999999)
(0.5 0.9375 0.09999999999999999)
(0.5125 0.9375 0.1)
(0.525 0.9375 0.1)
(0.5375 0.9375 0.1)
(0.55 0.9375 0.09999999999999999)
(0.5625 0.9375 0.1)
(0.575 0.9375 0.1)
(0.5875 0.9375 0.1)
(0.6 0.9375 0.1)
(0.6125 0.9375 0.09999999999999999)
(0.625 0.9375 0.1)
(0.6375 0.9375 0.1)
(0.65 0.9375 0.1)
(0.6625 0.9375 0.09999999999999999)
(0.6750000000000002 0.9375 0.09999999999999999)
(0.6875 0.9375 0.1)
(0.6999999999999998 0.9375 0.09999999999999999)
(0.7125 0.9375 0.1)
(0.725 0.9375 0.09999999999999998)
(0.7375000000000002 0.9375 0.09999999999999999)
(0.75 0.9375 0.1)
(0.7624999999999998 0.9375 0.1)
(0.775 0.9375 0.1)
(0.7875 0.9375 0.1)
(0.8000000000000002 0.9375 0.09999999999999999)
(0.8125 0.9375 0.09999999999999999)
(0.8249999999999998 0.9375 0.1)
(0.8375 0.9375 0.1)
(0.85 0.9375 0.09999999999999999)
(0.8625000000000002 0.9375 0.09999999999999999)
(0.875 0.9375 0.1)
(0.8874999999999998 0.9375 0.1)
(0.9 0.9375 0.1)
(0.9125 0.9375 0.09999999999999999)
(0.9250000000000002 0.9375 0.09999999999999999)
(0.9375 0.9375 0.1)
(0.9499999999999998 0.9375 0.1)
(0.9625 0.9375 0.1)
(0.975 0.9375 0.09999999999999999)
(0.9874999999999999 0.9375 0.09999999999999999)
(1 0.9375 0.1)
(0 0.9499999999999998 0.1)
(0.0125 0.9500000000000001 0.1)
(0.025 0.9499999999999998 0.09999999999999999)
(0.0375 0.9499999999999998 0.1)
(0.05000000000000001 0.9500000000000001 0.1)
(0.0625 0.9499999999999998 0.1)
(0.07500000000000001 0.9500000000000001 0.1)
(0.08750000000000001 0.9499999999999998 0.1)
(0.1 0.9499999999999998 0.1)
(0.1125 0.9499999999999998 0.09999999999999999)
(0.125 0.9499999999999998 0.1)
(0.1375 0.9499999999999998 0.1)
(0.15 0.9500000000000001 0.09999999999999999)
(0.1625 0.9499999999999998 0.1)
(0.175 0.9499999999999998 0.1)
(0.1875 0.9500000000000001 0.1)
(0.2 0.9499999999999998 0.1)
(0.2125 0.9499999999999998 0.09999999999999999)
(0.225 0.9500000000000001 0.1)
(0.2375 0.9499999999999998 0.1)
(0.25 0.9499999999999998 0.09999999999999999)
(0.2625000000000001 0.9500000000000001 0.1)
(0.275 0.9499999999999998 0.1)
(0.2875 0.9499999999999998 0.09999999999999999)
(0.3 0.9500000000000001 0.09999999999999999)
(0.3125 0.9499999999999998 0.1)
(0.325 0.9499999999999998 0.09999999999999999)
(0.3375 0.9500000000000001 0.09999999999999999)
(0.35 0.9499999999999998 0.1)
(0.3625 0.9499999999999998 0.1)
(0.375 0.9499999999999998 0.09999999999999999)
(0.3875 0.9500000000000001 0.1)
(0.4000000000000001 0.9499999999999998 0.1)
(0.4124999999999999 0.9500000000000001 0.09999999999999999)
(0.425 0.9499999999999998 0.09999999999999999)
(0.4375 0.9499999999999998 0.1)
(0.45 0.9499999999999998 0.1)
(0.4625000000000001 0.9500000000000001 0.1)
(0.475 0.9499999999999998 0.1)
(0.4875 0.9499999999999998 0.09999999999999999)
(0.5 0.9500000000000001 0.09999999999999999)
(0.5125 0.9499999999999998 0.1)
(0.525 0.9499999999999998 0.1)
(0.5375 0.9500000000000001 0.1)
(0.55 0.9499999999999998 0.1)
(0.5625 0.9499999999999998 0.09999999999999999)
(0.575 0.9500000000000001 0.09999999999999999)
(0.5875 0.9499999999999998 0.09999999999999999)
(0.6 0.9499999999999998 0.1)
(0.6125000000000002 0.9500000000000001 0.09999999999999999)
(0.625 0.9499999999999998 0.1)
(0.6375000000000001 0.9500000000000001 0.1)
(0.6499999999999999 0.9500000000000001 0.1)
(0.6625 0.9499999999999998 0.09999999999999999)
(0.6749999999999999 0.9499999999999998 0.09999999999999999)
(0.6875 0.9499999999999998 0.09999999999999999)
(0.7000000000000001 0.9500000000000001 0.09999999999999999)
(0.7125 0.9499999999999998 0.1)
(0.725 0.9500000000000001 0.1)
(0.7375000000000002 0.9500000000000001 0.1)
(0.75 0.9499999999999998 0.09999999999999999)
(0.7624999999999998 0.9499999999999998 0.09999999999999999)
(0.775 0.9499999999999998 0.09999999999999999)
(0.7875 0.9499999999999998 0.1)
(0.8000000000000002 0.9500000000000001 0.1)
(0.8125 0.9500000000000001 0.1)
(0.8249999999999998 0.9500000000000001 0.1)
(0.8375 0.9499999999999998 0.1)
(0.8500000000000001 0.9500000000000001 0.1)
(0.8625000000000002 0.9499999999999998 0.09999999999999999)
(0.875 0.9499999999999998 0.1)
(0.8874999999999998 0.9500000000000001 0.1)
(0.9 0.9499999999999998 0.1)
(0.9125 0.9500000000000001 0.09999999999999999)
(0.9250000000000002 0.9500000000000001 0.09999999999999999)
(0.9375 0.9500000000000001 0.09999999999999999)
(0.9500000000000001 0.9500000000000001 0.1)
(0.9625 0.9500000000000001 0.1)
(0.975 0.9499999999999998 0.1)
(0.9874999999999999 0.9499999999999998 0.1)
(1 0.9499999999999998 0.1)
(0 0.9625 0.1)
(0.0125 0.9625 0.1)
(0.025 0.9625 0.1)
(0.0375 0.9625 0.1)
(0.05000000000000001 0.9625 0.1)
(0.0625 0.9625 0.1)
(0.075 0.9625 0.1)
(0.08749999999999998 0.9624999999999999 0.1)
(0.1 0.9625 0.09999999999999999)
(0.1125 0.9625 0.09999999999999999)
(0.125 0.9624999999999999 0.09999999999999999)
(0.1375 0.9625 0.1)
(0.15 0.9625 0.1)
(0.1625 0.9625 0.1)
(0.175 0.9624999999999999 0.1)
(0.1875 0.9625000000000002 0.1)
(0.2 0.9625 0.1)
(0.2125 0.9624999999999999 0.09999999999999999)
(0.225 0.9625000000000002 0.1)
(0.2375 0.9625 0.09999999999999999)
(0.25 0.9625 0.1)
(0.2625 0.9625 0.1)
(0.275 0.9625 0.1)
(0.2874999999999999 0.9625 0.09999999999999999)
(0.3 0.9624999999999999 0.09999999999999999)
(0.3125 0.9624999999999999 0.09999999999999999)
(0.325 0.9625000000000002 0.09999999999999999)
(0.3375000000000001 0.9625 0.1)
(0.3499999999999999 0.9624999999999999 0.1)
(0.3625 0.9625 0.1)
(0.375 0.9625 0.1)
(0.3875 0.9625 0.1)
(0.4000000000000001 0.9625000000000002 0.1)
(0.4125 0.9625 0.1)
(0.425 0.9625 0.1)
(0.4375 0.9624999999999999 0.1)
(0.45 0.9625 0.1)
(0.4625000000000001 0.9625 0.1)
(0.4749999999999999 0.9625 0.1)
(0.4875 0.9624999999999999 0.09999999999999999)
(0.5 0.9625 0.09999999999999998)
(0.5125 0.9625 0.09999999999999999)
(0.525 0.9624999999999999 0.1)
(0.5375 0.9625 0.09999999999999999)
(0.5499999999999999 0.9625 0.1)
(0.5625 0.9624999999999999 0.1)
(0.5749999999999998 0.9625 0.1)
(0.5875 0.9625 0.1)
(0.6 0.9625 0.1)
(0.6125 0.9625 0.1)
(0.625 0.9624999999999999 0.09999999999999999)
(0.6375 0.9625 0.09999999999999999)
(0.65 0.9625 0.09999999999999999)
(0.6625 0.9625 0.1)
(0.6750000000000002 0.9625 0.09999999999999999)
(0.6875 0.9625 0.09999999999999999)
(0.6999999999999998 0.9625 0.09999999999999998)
(0.7125 0.9625 0.09999999999999999)
(0.725 0.9624999999999999 0.09999999999999999)
(0.7375000000000002 0.9625 0.1)
(0.75 0.9625000000000002 0.09999999999999999)
(0.7624999999999998 0.9624999999999999 0.1)
(0.775 0.9625 0.09999999999999999)
(0.7875 0.9625 0.1)
(0.8000000000000002 0.9624999999999999 0.1)
(0.8125 0.9625 0.1)
(0.8250000000000001 0.9625 0.09999999999999999)
(0.8375 0.9624999999999999 0.1)
(0.85 0.9625 0.1)
(0.8624999999999999 0.9625 0.1)
(0.875 0.9624999999999999 0.09999999999999999)
(0.8874999999999998 0.9625 0.1)
(0.9 0.9625 0.09999999999999999)
(0.9125 0.9625 0.1)
(0.9250000000000002 0.9625 0.09999999999999999)
(0.9375 0.9624999999999999 0.1)
(0.9499999999999998 0.9625 0.1)
(0.9625 0.9625 0.1)
(0.975 0.9624999999999999 0.09999999999999999)
(0.9875000000000002 0.9625 0.09999999999999999)
(1 0.9625 0.1)
(0 0.975 0.1)
(0.0125 0.9750000000000001 0.1)
(0.025 0.975 0.1)
(0.03750000000000001 0.9750000000000001 0.1)
(0.05000000000000001 0.975 0.1)
(0.0625 0.975 0.1)
(0.075 0.975 0.1)
(0.08750000000000001 0.975 0.09999999999999999)
(0.1 0.975 0.1)
(0.1125 0.975 0.1)
(0.125 0.9750000000000001 0.1)
(0.1375 0.9750000000000001 0.1)
(0.15 0.9749999999999998 0.1)
(0.1625 0.975 0.09999999999999999)
(0.175 0.9749999999999998 0.1)
(0.1875 0.9749999999999998 0.1)
(0.2 0.975 0.1)
(0.2125 0.975 0.1)
(0.225 0.975 0.1)
(0.2375 0.975 0.09999999999999999)
(0.25 0.975 0.1)
(0.2625 0.9750000000000001 0.1)
(0.275 0.975 0.1)
(0.2875 0.9750000000000001 0.1)
(0.3 0.9750000000000001 0.1)
(0.3125 0.9750000000000001 0.09999999999999999)
(0.325 0.9750000000000001 0.1)
(0.3375000000000001 0.9750000000000001 0.09999999999999999)
(0.35 0.9750000000000001 0.1)
(0.3625 0.975 0.1)
(0.375 0.975 0.1)
(0.3875 0.975 0.09999999999999999)
(0.4000000000000001 0.975 0.1)
(0.4125 0.9750000000000001 0.1)
(0.425 0.975 0.1)
(0.4375 0.9750000000000001 0.1)
(0.45 0.975 0.1)
(0.4625000000000001 0.9749999999999998 0.09999999999999999)
(0.4749999999999999 0.9749999999999998 0.1)
(0.4875 0.9749999999999998 0.09999999999999999)
(0.5 0.975 0.1)
(0.5125000000000001 0.975 0.1)
(0.525 0.975 0.09999999999999999)
(0.5375 0.975 0.09999999999999999)
(0.5499999999999999 0.975 0.1)
(0.5625 0.9750000000000001 0.1)
(0.575 0.9750000000000001 0.1)
(0.5875 0.9750000000000001 0.1)
(0.6 0.9750000000000001 0.1)
(0.6125 0.975 0.09999999999999999)
(0.625 0.9750000000000001 0.09999999999999999)
(0.6374999999999998 0.975 0.1)
(0.65 0.9750000000000001 0.1)
(0.6625 0.975 0.1)
(0.6750000000000002 0.9750000000000001 0.1)
(0.6875 0.975 0.09999999999999999)
(0.7000000000000001 0.9750000000000001 0.1)
(0.7125 0.975 0.1)
(0.725 0.9749999999999998 0.09999999999999999)
(0.7375000000000002 0.975 0.09999999999999999)
(0.75 0.9749999999999998 0.09999999999999999)
(0.7624999999999998 0.975 0.09999999999999999)
(0.775 0.9749999999999998 0.09999999999999999)
(0.7875 0.975 0.1)
(0.8000000000000002 0.9749999999999998 0.1)
(0.8125 0.975 0.1)
(0.8250000000000001 0.975 0.09999999999999999)
(0.8375 0.975 0.09999999999999999)
(0.85 0.9750000000000001 0.1)
(0.8624999999999999 0.975 0.1)
(0.875 0.9750000000000001 0.1)
(0.8874999999999998 0.9750000000000001 0.1)
(0.9 0.975 0.09999999999999999)
(0.9125 0.9750000000000001 0.09999999999999999)
(0.9250000000000002 0.975 0.09999999999999999)
(0.9375 0.9750000000000001 0.1)
(0.9499999999999998 0.975 0.1)
(0.9625 0.9750000000000001 0.09999999999999999)
(0.975 0.975 0.09999999999999999)
(0.9875000000000002 0.9750000000000001 0.09999999999999999)
(1 0.975 0.1)
(0 0.9875000000000002 0.1)
(0.0125 0.9875000000000002 0.1)
(0.025 0.9875000000000002 0.1)
(0.0375 0.9875000000000002 0.1)
(0.05000000000000001 0.9874999999999999 0.1)
(0.0625 0.9874999999999999 0.1)
(0.075 0.9875000000000002 0.1)
(0.08750000000000001 0.9875000000000002 0.1)
(0.1 0.9874999999999999 0.09999999999999999)
(0.1125 0.9875000000000002 0.1)
(0.125 0.9875000000000002 0.1)
(0.1375 0.9875000000000002 0.09999999999999999)
(0.15 0.9874999999999999 0.1)
(0.1625 0.9875000000000002 0.1)
(0.175 0.9875000000000002 0.09999999999999999)
(0.1875 0.9874999999999999 0.1)
(0.2 0.9875000000000002 0.1)
(0.2125 0.9875000000000002 0.1)
(0.225 0.9875000000000002 0.1)
(0.2375 0.9874999999999999 0.1)
(0.25 0.9875000000000002 0.1)
(0.2625 0.9875000000000002 0.1)
(0.275 0.9874999999999999 0.1)
(0.2874999999999999 0.9874999999999999 0.1)
(0.3 0.9875000000000002 0.09999999999999999)
(0.3125 0.9875000000000002 0.1)
(0.325 0.9874999999999999 0.1)
(0.3375 0.9875000000000002 0.09999999999999999)
(0.35 0.9875000000000002 0.1)
(0.3625 0.9874999999999999 0.1)
(0.375 0.9875000000000002 0.1)
(0.3875 0.9875000000000002 0.1)
(0.4000000000000001 0.9875000000000002 0.1)
(0.4124999999999999 0.9874999999999999 0.1)
(0.425 0.9875000000000002 0.1)
(0.4375 0.9875000000000002 0.1)
(0.45 0.9875000000000002 0.1)
(0.4625000000000001 0.9874999999999999 0.09999999999999999)
(0.4749999999999999 0.9875000000000002 0.1)
(0.4875 0.9875000000000002 0.09999999999999999)
(0.5 0.9874999999999999 0.09999999999999999)
(0.5125 0.9875000000000002 0.09999999999999999)
(0.525 0.9874999999999999 0.09999999999999999)
(0.5375 0.9875000000000002 0.1)
(0.55 0.9875000000000002 0.1)
(0.5625 0.9875000000000002 0.1)
(0.5749999999999998 0.9874999999999999 0.09999999999999999)
(0.5875 0.9874999999999999 0.09999999999999999)
(0.6 0.9874999999999999 0.1)
(0.6125 0.9875000000000002 0.1)
(0.625 0.9875000000000002 0.09999999999999999)
(0.6375000000000001 0.9874999999999999 0.09999999999999999)
(0.65 0.9875000000000002 0.09999999999999999)
(0.6625 0.9874999999999999 0.09999999999999999)
(0.6749999999999999 0.9874999999999999 0.09999999999999999)
(0.6875 0.9875000000000002 0.1)
(0.7000000000000001 0.9875000000000002 0.09999999999999999)
(0.7125 0.9874999999999999 0.1)
(0.725 0.9874999999999999 0.09999999999999999)
(0.7375000000000002 0.9875000000000002 0.09999999999999999)
(0.75 0.9875000000000002 0.1)
(0.7624999999999998 0.9874999999999999 0.1)
(0.775 0.9874999999999999 0.1)
(0.7875 0.9875000000000002 0.09999999999999999)
(0.8000000000000002 0.9874999999999999 0.09999999999999999)
(0.8125 0.9874999999999999 0.09999999999999999)
(0.8249999999999998 0.9875000000000002 0.1)
(0.8375 0.9875000000000002 0.1)
(0.85 0.9874999999999999 0.1)
(0.8625000000000002 0.9875000000000002 0.09999999999999999)
(0.875 0.9875000000000002 0.1)
(0.8874999999999998 0.9874999999999999 0.1)
(0.9 0.9874999999999999 0.09999999999999999)
(0.9125 0.9874999999999999 0.1)
(0.9250000000000002 0.9875000000000002 0.1)
(0.9375 0.9874999999999999 0.09999999999999999)
(0.9499999999999998 0.9874999999999999 0.09999999999999999)
(0.9625 0.9875000000000002 0.09999999999999999)
(0.975 0.9875000000000002 0.1)
(0.9874999999999999 0.9874999999999999 0.09999999999999999)
(1 0.9875000000000002 0.1)
(0 1 0.1)
(0.0125 1 0.1)
(0.025 1 0.1)
(0.0375 1 0.1)
(0.05000000000000001 1 0.1)
(0.0625 1 0.1)
(0.075 1 0.1)
(0.08749999999999998 1 0.1)
(0.1 1 0.1)
(0.1125 1 0.1)
(0.125 1 0.1)
(0.1375 1 0.1)
(0.15 1 0.1)
(0.1625 1 0.09999999999999999)
(0.175 1 0.09999999999999999)
(0.1875 1 0.09999999999999999)
(0.2 1 0.1)
(0.2125 1 0.09999999999999999)
(0.225 1 0.1)
(0.2375 1 0.09999999999999999)
(0.25 1 0.1)
(0.2625 1 0.1)
(0.275 1 0.09999999999999999)
(0.2875 1 0.1)
(0.3 1 0.09999999999999999)
(0.3125 1 0.1)
(0.325 1 0.1)
(0.3375000000000001 1 0.1)
(0.3499999999999999 1 0.1)
(0.3625 1 0.1)
(0.375 1 0.1)
(0.3875 1 0.1)
(0.4000000000000001 1 0.1)
(0.4124999999999999 1 0.1)
(0.425 1 0.1)
(0.4375 1 0.1)
(0.45 1 0.1)
(0.4625000000000001 1 0.1)
(0.4749999999999999 1 0.09999999999999999)
(0.4875 1 0.09999999999999999)
(0.5 1 0.09999999999999999)
(0.5125 1 0.1)
(0.525 1 0.09999999999999999)
(0.5375 1 0.1)
(0.55 1 0.09999999999999999)
(0.5625 1 0.1)
(0.575 1 0.1)
(0.5875 1 0.1)
(0.6 1 0.1)
(0.6125 1 0.1)
(0.625 1 0.1)
(0.6375 1 0.1)
(0.65 1 0.09999999999999999)
(0.6625 1 0.09999999999999999)
(0.6750000000000002 1 0.09999999999999999)
(0.6875 1 0.1)
(0.6999999999999998 1 0.09999999999999999)
(0.7125 1 0.09999999999999999)
(0.725 1 0.09999999999999999)
(0.7375000000000002 1 0.1)
(0.75 1 0.1)
(0.7624999999999998 1 0.09999999999999999)
(0.775 1 0.1)
(0.7875 1 0.09999999999999999)
(0.8000000000000002 1 0.1)
(0.8125 1 0.09999999999999999)
(0.8249999999999998 1 0.1)
(0.8375 1 0.09999999999999999)
(0.85 1 0.1)
(0.8625000000000002 1 0.09999999999999999)
(0.875 1 0.1)
(0.8874999999999998 1 0.09999999999999999)
(0.9 1 0.1)
(0.9125 1 0.09999999999999999)
(0.9250000000000002 1 0.1)
(0.9375 1 0.09999999999999999)
(0.9499999999999998 1 0.1)
(0.9625 1 0.09999999999999999)
(0.975 1 0.09999999999999999)
(0.9875000000000002 1 0.09999999999999999)
(1 1 0.1)
)


// ************************************************************************* //
