/*--------------------------------*- C++ -*----------------------------------*\
  =========                 |
  \\      /  F ield         | OpenFOAM: The Open Source CFD Toolbox
   \\    /   O peration     | Website:  https://openfoam.org
    \\  /    A nd           | Version:  14
     \\/     M anipulation  |
\*---------------------------------------------------------------------------*/
FoamFile
{
    format      ascii;
    class       volVectorField;
    location    "80.000000000018";
    object      U;
}
// * * * * * * * * * * * * * * * * * * * * * * * * * * * * * * * * * * * * * //

dimensions      [0 1 -1 0 0 0 0];

internalField   nonuniform List<vector> 
2646
(
(0.000842979665797 -0.00415699865802 0)
(0.00126919507623 -0.00218557320487 -6.65221620375e-18)
(0.00434909807839 -0.00295656555502 -6.18258052968e-20)
(0.0162025370764 0.00201718628991 4.07496836975e-18)
(0.00278018648303 -0.0123590869044 -1.30191470221e-18)
(-0.0794385512545 0.0121278917984 0)
(-0.0104226044772 0.00512031183649 0)
(-0.10526197629 0.00326785689388 0)
(-0.336466786922 0.0965004970425 -1.49255094889e-16)
(-0.354437391588 0.0212614674597 4.74491330837e-17)
(-0.0642335904939 0.0385148766883 1.37563339973e-18)
(-0.367158948776 -0.0346784506382 -6.80559421288e-18)
(-0.407176759416 0.0331738328663 1.85187709604e-16)
(-0.40489679996 -0.00186140168887 3.00821748568e-17)
(-0.379252861775 0.06974726032 3.62225853598e-17)
(-0.234802198752 -0.127763423215 8.02683858269e-19)
(-0.384582098614 -0.0574746333376 -5.37585265566e-17)
(-0.205512419977 0.10531876153 0)
(-0.349974676754 -0.100466400352 -1.77648369699e-16)
(-0.114831875048 0.0637690540115 0)
(-0.304989181462 -0.0585540717476 5.92427158219e-17)
(0.00242680247272 -0.00626579131599 7.79768121194e-18)
(-0.217854847635 0.000873386058311 3.50510156167e-18)
(-0.35045826689 -0.00718328605658 -2.18412946652e-16)
(-0.218173479949 -0.0604946449565 -5.79102761236e-17)
(-0.102492068885 0.0547582943806 2.52816282684e-18)
(-0.167658437178 0.0263954051661 0)
(-0.307166930659 0.0540924628979 1.69164195981e-16)
(-0.325201675906 0.0317934772078 0)
(-0.197976180397 0.0721720781585 1.01051749025e-16)
(-0.107587782058 0.016410337283 -6.96600871648e-17)
(0.000217788152158 0.00193958167594 1.71768118264e-18)
(0.000542246731848 -0.00870079405125 -1.31202888563e-17)
(-0.000753254150627 -0.037809373371 0)
(-0.00910179768588 -0.0240117548009 0)
(-0.0631051606166 0.0417359017827 0)
(-0.273719820685 0.107840103049 0)
(-0.393431526237 0.0523328920066 -1.4099517249e-16)
(-0.410547917264 -0.0413221877887 -4.71940883331e-17)
(-0.292293995494 -0.118591507659 -1.08192723348e-17)
(-0.138925595356 -0.0727284803935 0)
(-0.107778029772 -0.0717364437146 -3.3918741405e-19)
(0.000196289868552 0.00329786938806 8.1256529512e-17)
(0.000640656469943 -0.00209573107154 -1.85850441947e-16)
(0.00165470406571 0.00282405071557 4.12690399741e-17)
(-0.00924323293654 -0.0115558671752 1.65017700116e-17)
(-0.00346472005893 0.00416870371631 -1.3112719141e-17)
(-0.00243907334167 0.099318446064 -5.8309516999e-17)
(-0.00289748866257 0.0338109745369 2.0744711677e-17)
(0.0136406734542 0.171553367168 -1.29641469041e-17)
(-0.096341088314 0.299700158624 -1.12549073801e-16)
(0.0421353121968 0.363057212677 2.30444419793e-16)
(0.0121624497697 0.348904532644 0)
(0.050118434635 0.30813688658 1.50840683126e-16)
(-0.0492391760848 0.0719849728057 7.20192868807e-19)
(-0.0738325004349 0.125735496464 -5.56449365939e-18)
(0.0533744020551 0.227449386998 -1.37732222768e-16)
(-0.0032355519325 0.349733578508 -9.13424275032e-17)
(-0.0215344282323 0.385606129871 2.10990956149e-16)
(0.0115992048315 0.374222618893 -2.12887303589e-16)
(-0.0643743049575 0.340239001787 0)
(0.0949742847431 0.252222425111 -8.43835729686e-17)
(0.0510205944145 0.37236945136 -1.11223313185e-16)
(-0.118326963591 0.201105550844 5.6691772218e-18)
(0.0794583627766 0.33848727933 3.10906318003e-16)
(-0.0800602166082 0.121171690599 1.33725196871e-17)
(0.00863769873342 0.215702684016 7.31066950122e-17)
(0.0078552088684 0.00389865366003 -3.6732912514e-17)
(0.0565185201904 0.146362803161 6.3702425007e-17)
(-0.0560741939349 0.282924761918 1.49987902008e-17)
(-0.01001049771 0.316598711966 3.18426341726e-17)
(0.0326095538594 0.115267280224 2.23484850074e-17)
(-0.0822114512752 0.219783480454 8.68988508051e-17)
(-0.0389427521686 0.158751231454 -3.16691946333e-17)
(-0.00221899304823 0.064012537368 -2.48023442273e-16)
(-0.015250038795 0.166794703842 0)
(0.000521574603251 -0.00319352460568 7.02505952222e-19)
(0.00280823842949 0.0021795184876 5.14667549326e-17)
(0.0226841044227 0.0565399135498 1.26213962709e-16)
(0.0112684941295 0.0659244936719 1.24312836355e-16)
(-0.0590845466154 0.0631927675224 4.07826161219e-18)
(-0.118829192598 0.259074411288 -1.0562336381e-19)
(-0.0349593943464 0.361089127944 0)
(0.0391761212973 0.379118015771 -2.99582536368e-16)
(0.0824262907394 0.281378641908 -2.80984812525e-17)
(0.0646046852818 0.17944018471 2.88792826699e-17)
(0.00300292753403 -0.407455303655 1.27550017521e-16)
(-0.0236088617099 -0.089868213783 -4.68637386038e-17)
(-0.00580662049809 -0.258335853966 -5.84973032986e-17)
(-0.148396376003 -0.470433136805 2.18372187937e-16)
(-0.0567722181421 -0.543237108382 0)
(-0.0855492425917 -0.147324422631 4.38866439711e-18)
(-0.0138362964476 -0.452716000381 0)
(-0.0498176169942 -0.461252030474 0)
(-0.0169551339661 -0.430273611565 8.07049071826e-17)
(-0.09798526415 -0.454920187594 -4.35915381086e-16)
(0.03629364241 -0.373811554926 2.2832144674e-18)
(-0.00440774117167 -0.4027831257 0)
(-0.173677964334 -0.322636513779 2.20333939404e-17)
(0.0134771647619 -0.390492072507 0)
(-0.13160759238 -0.213553179145 -1.60899755103e-17)
(-0.00582290710395 -0.445569447161 0)
(0.0087120724977 -0.00792382272208 -2.00211141467e-18)
(-0.0412430711733 -0.508683826947 -2.58727084797e-16)
(-0.0335698567094 -0.490198588846 5.63318695767e-16)
(0.0142708888799 -0.44881741837 0)
(-0.112232202826 -0.215978635488 -2.83109516338e-17)
(-0.0461971258991 -0.420013453527 0)
(-0.103517234163 -0.474644481095 -1.63360586911e-16)
(-0.0638936823962 -0.502941632882 1.82262502362e-16)
(-0.114119221787 -0.340664516639 2.43843578013e-17)
(-0.0413721847131 -0.269599696008 5.43207755064e-17)
(-0.0115223809405 -0.0113335933899 3.98950755517e-17)
(0.00411910083766 -0.0219438396492 0)
(0.00790193750268 -0.364310697737 -4.78253844123e-16)
(-0.0912639308682 -0.129177554433 -1.28936036133e-16)
(-0.162875468518 -0.39788316162 0)
(-0.0632793806347 -0.469531582774 2.63671895191e-16)
(-0.0174985294846 -0.421951547638 0)
(0.0316757660024 -0.383431740811 0)
(0.0385255729586 -0.345023990981 1.41665161025e-16)
(0.0548482546475 -0.412648635695 2.35996931564e-16)
(0.0619617248286 -0.450096788071 -1.98638810811e-16)
(-0.046414667503 -0.0306526921755 -2.37285608292e-17)
(-0.097019470436 0.0710703740393 -8.00289274415e-17)
(0.263233056167 0.0224510178361 1.19153328137e-16)
(-0.0683142172934 0.0530154145222 0)
(0.0218473262739 0.0947874278356 -7.27443868988e-18)
(0.542361248631 0.00764824071592 2.90675140817e-16)
(0.347863977466 0.00110772829483 -5.89595443905e-17)
(0.416479914584 0.0418889622783 0)
(0.355030486062 0.094882733179 9.06462708114e-16)
(0.392294235472 -0.00439449866174 4.72160524355e-16)
(0.432946972015 0.013885220296 1.76550840154e-15)
(0.410021015341 -0.00758925288098 -3.79022031231e-16)
(0.154144063107 0.0873807809159 8.70885870665e-18)
(0.21806542987 0.0886344527578 6.00978017393e-18)
(0.351930104644 -0.013610438091 3.92113840766e-16)
(0.419493332165 0.0228853821659 -5.63051158703e-16)
(0.410790212738 0.0392763870815 -3.26157832874e-16)
(0.399837599346 0.0146172944431 -6.03681290169e-16)
(0.403049451828 0.0529557243734 1.31264533221e-16)
(0.325746564505 -0.0322962277253 -7.26579851173e-16)
(0.387688346052 -0.00599988512694 1.00192917939e-15)
(0.270397209347 0.136647677089 -1.36981713496e-17)
(0.389558543677 -0.0558055365338 0)
(0.191573401842 0.134705467752 -5.1519935123e-17)
(0.456140418153 -0.00358737551342 6.2044981801e-16)
(0.193007203455 0.0280676235475 -6.79873778103e-18)
(0.307778683986 -0.0455377967395 -5.80314770226e-16)
(0.387648992113 0.0425517009359 -1.76746073662e-16)
(0.421283025885 0.0504091209145 0)
(0.42971955918 -0.0423987580853 -3.04956276265e-18)
(0.305286972648 0.0836764995971 -3.64463786196e-16)
(0.347373893008 0.0220767079155 1.44399609927e-16)
(0.539400435953 0.0280116103182 -3.41480544356e-17)
(0.531994089075 0.00632110998894 -6.10161436197e-16)
(0.08200405648 0.106080581142 1.72904297589e-16)
(0.306908529202 -0.059548942494 0)
(0.0488928017957 0.0713359662729 -1.7738429154e-16)
(0.372289481923 -0.0305499629593 -4.39402334248e-17)
(0.12450571896 0.13332012689 0)
(0.326414258922 0.127481927255 4.51565011416e-16)
(0.417770470971 0.0715881319401 -4.35100921656e-16)
(0.397423156765 -0.00318382906969 -8.68105862065e-16)
(0.336398499028 -0.0432785686423 0)
(0.300041878092 -0.0806860346845 4.2959660909e-16)
(0.448323400159 -0.382116266812 -2.05563214772e-15)
(0.290546147904 -0.104679924538 3.15458920804e-15)
(-0.00669998537909 -0.469234151198 0)
(0.0211969792019 -0.308923906813 1.19217655715e-16)
(0.38254713184 -0.0104357018127 0)
(-0.411118458042 0.0304604625988 3.16204599291e-16)
(-0.410166053729 0.0156965147763 -3.16204599291e-16)
(-0.171539139803 0.107851027274 0)
(-0.188020913667 0.112156977002 0)
(-0.366283652886 -0.0835641347563 3.15573895389e-16)
(-0.375071571785 -0.10187654574 5.89660973387e-16)
(-0.0367855464288 0.0342492723968 0)
(-0.0509643467532 0.0407654634904 0)
(-0.332861410896 0.112711999806 0)
(-0.310792484228 0.124947004734 0)
(-0.368018978677 0.0834481826238 0)
(-0.354583774712 0.109700941986 4.35097025701e-16)
(-0.216704382431 -0.131798761116 -3.95664270849e-17)
(-0.198345259271 -0.117172435687 3.9566427085e-17)
(-0.0813124247768 -0.0719974667452 0)
(-0.0978023628297 -0.0923737565504 0)
(-0.0181734666398 0.386920986868 0)
(-0.0010095371468 0.379076288239 6.0303962888e-16)
(-0.113474694277 0.167462693854 -5.67401869172e-17)
(-0.122954158591 0.185066354388 -1.39554049743e-17)
(0.0636521890053 0.35641199386 3.19788107213e-16)
(0.0836091171597 0.355183171077 -1.6518927623e-15)
(-0.0415703377053 0.0380977158635 -4.47220684362e-18)
(-0.0519096305176 0.0527372231507 -3.75136256573e-17)
(-0.106626063494 0.299524040855 9.97767252101e-17)
(-0.122959525972 0.284979032144 -9.97767252103e-17)
(-0.084888212073 0.328785387746 -2.78284425972e-17)
(-0.101822487425 0.326915183595 2.78284425972e-17)
(0.101141001208 0.238308504842 -1.130309258e-16)
(0.109293966619 0.222296533485 1.130309258e-16)
(0.0707788326788 0.13423602165 0)
(0.0613448464444 0.145818134542 -9.16419599855e-17)
(-0.394299593099 -0.0946957588804 2.16117285792e-16)
(-0.26665104166 0.203220542303 -2.51788842601e-17)
(-0.0897989008507 0.0801791518746 -5.13644753818e-19)
(0.348595363032 -0.0386916473938 -4.93103788125e-16)
(0.132487616548 0.183718771508 0)
(-0.144570565844 -0.156412171432 0)
(-0.184181376596 -0.189468338358 0)
(0.327475226793 0.0771169745718 -1.8546869377e-15)
(0.266991408845 -0.112558330038 2.35212865732e-15)
(0.321934110661 0.0999196993087 1.4414183363e-15)
(0.36047814243 -0.0305226411042 0)
(-0.400898218384 -0.0828044505938 4.03394632327e-16)
(-0.110738842104 0.0998232811369 0)
(0.149394339296 0.205494831753 0)
(0.242284552816 0.209247658657 1.08637649014e-16)
(-0.0910962354173 -0.361398840735 0)
(-0.0989214761993 -0.349027326157 -5.19488940297e-17)
(-0.215886262902 -0.387809802271 1.38621734405e-16)
(-0.222207991596 -0.369385208892 -2.44093074524e-16)
(-0.196343234342 -0.389458670799 0)
(-0.202520607063 -0.384005608367 -1.45280628234e-16)
(-0.240497419027 -0.316232945046 -1.88195434772e-16)
(-0.249383046607 -0.308434001204 1.43769201868e-16)
(-0.311168290302 0.207842187361 0)
(-0.333363797019 -0.197509182016 -2.13085817402e-16)
(0.271356673487 -0.116013186064 -2.15801889783e-15)
(0.276906060281 -0.0959013117941 0)
(0.291460588609 0.186668878842 0)
(0.369084585812 -0.00343329631762 -1.88113601865e-16)
(-0.41072736862 -0.0285702157954 0)
(0.169296278394 -0.104033340607 2.15020682926e-16)
(0.230895003567 0.217686006919 -3.40167796292e-16)
(0.271508362561 -0.107837020655 1.06171926868e-15)
(-0.322388375858 0.207717588298 -4.65191087374e-16)
(-0.267045326924 0.1911366674 0)
(0.362364647978 0.00270006848662 -2.07861620257e-15)
(-0.25150485433 0.197217691989 -1.56752505099e-16)
(0.319740889727 0.110619587484 2.16709842885e-16)
(0.327598087115 0.0685577535649 -1.01957502734e-15)
(-0.238744326386 -0.2899089267 0)
(-0.213576164336 -0.25949188995 0)
(-0.134563072677 -0.356508946485 3.77941597843e-16)
(-0.149910165665 -0.376026142468 8.27801315085e-17)
(-0.238466484416 -0.369357894973 -5.17962496133e-16)
(-0.23764312698 -0.372849205577 6.0782848395e-16)
(-0.0780488413331 -0.356633285605 -2.20614515172e-15)
(-0.07069189737 -0.351723833555 1.83651131644e-15)
(0.0688698089458 -0.287528935236 9.74721060977e-16)
(0.00400412378807 -0.298550877757 0)
(-0.0496215643422 -0.335831957067 1.74087796055e-15)
(-0.125700696623 -0.354816224656 4.42065266731e-16)
(-0.118750361737 -0.364909184413 0)
(-0.163544090317 -0.381019891523 -9.35231074196e-17)
(-0.167950308064 -0.367481956314 -7.88317568591e-17)
(-0.0281980480923 -0.368954893129 0)
(-0.235274268051 -0.346301854046 -3.90135186285e-16)
(-0.250896143327 -0.342926270968 3.15110861491e-16)
(-0.190770308117 -0.219625477048 0)
(0.01301771906 -0.295556344491 1.82763278683e-15)
(0.0180225962677 -0.30504630616 -1.91667126199e-15)
(0.0318424396988 -0.336837770248 -2.07105999624e-15)
(0.0823616610111 -0.283307825229 -1.73671964864e-15)
(0.080696880922 -0.279217982797 1.70627567339e-15)
(-0.0536995572863 -0.344743637879 -2.72946886641e-15)
(0.0598123372383 -0.298106277964 -2.90799506821e-16)
(-0.00237306732894 -0.310382569792 7.77778047717e-16)
(-0.0325659280499 -0.360723237286 -7.00327225576e-16)
(0.0301248334075 -0.335490904849 2.38312856002e-15)
(0.273119020912 -0.0872807545632 0)
(-0.197965958257 -0.213134813658 9.78358596758e-18)
(-0.323527116767 -0.210021934276 -5.70646722306e-17)
(-0.387433059479 0.0789637263419 6.97648151442e-16)
(0.327068113456 -0.0458192064396 -2.58978069838e-15)
(0.340901333381 0.0813358422049 -1.01163833241e-15)
(0.296488107368 0.183295207972 2.36427660118e-16)
(0.194169063992 -0.076380668879 2.94450089177e-17)
(-0.40478676317 -0.0161887829119 -5.95710154273e-17)
(0.335383612017 0.091949550076 -1.970351836e-15)
(-0.377294041043 -0.0978012480871 2.65725668197e-16)
(0.360427936716 -0.0114536563698 3.29502227915e-15)
(-0.408420853023 -0.0422882193752 0)
(0.279884880359 0.19964595001 -2.62113061532e-16)
(0.21409762941 -0.103603854452 0)
(-0.345394025954 -0.191379009756 1.3947588603e-16)
(0.261943858759 0.185625487134 -3.52782622431e-16)
(-0.41959462168 -0.0427695331902 1.25763963879e-17)
(0.388997432258 -0.0160573686122 -6.19525448658e-17)
(0.228508749552 -0.13904588719 0)
(-0.407340111466 0.0427699689459 -1.26417336898e-15)
(0.235334249573 -0.102006066755 -8.43181561573e-16)
(-0.360020138776 0.147890108478 6.78229958161e-16)
(-0.291409534355 0.194937374849 1.6027355834e-16)
(0.235492783038 -0.134398610611 7.76115042164e-16)
(-0.366501883428 0.0805390341919 8.57603898981e-16)
(0.256165864821 0.210054160053 2.04789862151e-16)
(0.358593343419 -0.0233615690593 1.09443815115e-15)
(-0.39546404993 -0.0643227249461 -4.71847961783e-16)
(0.116573991278 0.176596926399 -6.31219000503e-17)
(-0.133782865247 -0.141351737764 0)
(0.191175565423 0.220473057858 1.2995621571e-16)
(-0.158919218279 0.128109072644 -2.34066008281e-17)
(0.0966040191307 -0.266773392558 -1.33053363533e-15)
(0.0840271205801 -0.276366807108 2.15927828719e-15)
(0.143300844109 -0.0834584575456 0)
(-0.0821454401794 0.0781608192066 4.87166585231e-18)
(0.199496503266 0.219811952608 1.7672283395e-16)
(-0.370459701293 0.15466124903 6.57196872935e-16)
(0.266523364744 0.19625642337 2.84346063042e-16)
(-0.40834380053 -0.0499880893586 -1.42266276082e-17)
(0.37192413748 -0.018094126774 -1.0744702972e-15)
(-0.419637796564 0.0354795555359 1.49676829726e-15)
(0.318881418613 0.159378707253 -1.41458644809e-15)
(-0.345343330525 0.174953821576 0)
(0.288098490028 -0.0959560513581 1.89593378515e-16)
(-0.371596938736 -0.160606631799 0)
(0.315142308504 0.169884518424 1.24605118565e-15)
(-0.339899136966 0.175061328552 0)
(-0.368170307309 -0.17475706855 -3.42668602088e-16)
(-0.364293879757 0.101957328644 -1.3868636262e-15)
(-0.409346875887 0.0509249759127 4.42987908481e-17)
(0.238321510054 -0.115419204975 4.90403858499e-16)
(-0.171359479891 0.141251669722 5.277577001e-17)
(-0.125521365364 0.102941937273 6.81200283123e-17)
(0.167994932241 0.202094151337 0)
(0.331058237591 0.11704957711 -8.01713075972e-16)
(0.282545024004 -0.0756573263969 2.44087770709e-15)
(0.339915777989 0.0630062281787 -1.05474966759e-15)
(0.339126886774 0.00334569681588 1.76259575753e-15)
(0.257228929917 -0.112306141662 0)
(0.269672582728 -0.0972786911513 5.94191578993e-16)
(0.203858907353 -0.0870608604949 3.39962579835e-16)
(0.299446663043 -0.0679194319654 -2.55004211642e-15)
(0.153928709324 0.261323332606 -1.51140025138e-16)
(0.192817578861 0.261176572742 4.02891640041e-20)
(0.174834266123 0.256662488781 -4.02684422699e-20)
(0.0482999769527 0.296924334259 0)
(0.015163490671 0.180591240402 -2.0969795419e-26)
(0.0150420382325 0.139545899844 0)
(0.0146959034521 0.10044459797 -3.26678125763e-15)
(0.275919180196 0.215113680232 8.61051512421e-16)
(0.0375061288305 0.324424248398 1.8477610395e-15)
(0.0140222063998 0.0628197067349 0)
(0.102800557514 0.373107457553 7.98725417665e-27)
(0.0269467601071 0.333601718927 -1.8477610395e-15)
(0.0822872075438 -0.0731699729092 0)
(0.169884979516 0.265993090548 3.31930872979e-19)
(0.048011250598 0.246457624525 0)
(0.363119462115 0.0451481628794 -1.11044425796e-15)
(-0.213325550109 -0.308082452783 -1.41260975356e-15)
(0.0128876326269 0.0259218852515 1.29941932134e-26)
(0.241694680781 0.223558956622 0)
(0.0561665312061 -0.102539654573 -3.40905797466e-15)
(0.143486900793 0.0715657965044 0)
(0.08700674231 -0.0360287927166 -4.49627322651e-17)
(0.011173846911 -0.0110663076152 -3.60951730474e-15)
(0.0814349968618 0.0524629848976 0)
(0.142453750112 0.0370651808734 0)
(0.129429977059 0.0309195239758 1.18768027839e-26)
(0.0156396031478 0.405445565835 0)
(-0.423169635962 -0.00169659756504 0)
(-0.138674986922 0.360360216342 0)
(0.140111154529 0.003152763441 0)
(0.00417321271664 0.187581071118 2.82033928537e-15)
(0.396549650314 0.0083043462037 1.31077306842e-16)
(0.0376501407409 0.30582940726 0)
(-0.20143764623 -0.316107156092 7.28759362242e-16)
(-0.1554932117 0.342480955143 0)
(0.00407312277192 0.146151736689 -2.18644545371e-26)
(-0.143365879091 0.350530342723 0)
(0.0147452372185 0.39909735666 0)
(-0.13131083282 0.278672446504 0)
(0.00377995027381 0.106666185119 3.26678125764e-15)
(0.131007659841 0.101372395265 0)
(-0.215068674687 -0.223643011762 -1.87021295099e-15)
(0.372942816585 0.00871505273851 -1.37225921122e-16)
(0.143378701685 0.107383316266 0)
(0.0378261358494 -0.078787954368 6.41526242196e-27)
(-0.191791245914 -0.256545127424 -1.81771017057e-15)
(-0.203696989934 -0.247544556773 1.81771017057e-15)
(0.0747902090213 -0.0431120716276 6.95045697121e-15)
(0.106228625029 0.126561903287 2.99461688229e-15)
(0.365208844853 0.030648887937 -1.15782220102e-15)
(0.375159844323 0.0227984018779 -1.17826048446e-15)
(0.0781960550713 -0.00683758332883 0)
(0.277272649633 0.205458185855 -5.56669056353e-16)
(-0.143112447326 0.271074609553 3.48915594651e-27)
(-0.00415534291116 -0.0830161554158 0)
(-0.126354252044 -0.119428299107 0)
(0.00319916015213 0.0687197707606 1.23563803163e-26)
(0.264164193161 0.217297921892 -1.33553425895e-15)
(0.373754968675 0.0388353243825 1.15166135946e-15)
(0.275911438013 0.217398984871 -6.79991038888e-16)
(0.2250799823 -0.0671095300143 -1.29377399745e-15)
(0.00482668450367 0.394845204175 0)
(-0.0615158902019 0.159733831413 0)
(-0.0395520831966 0.187479489664 0)
(0.102040666569 -0.00514496429532 6.7909085045e-15)
(0.0370578392381 0.254408459336 0)
(-0.0149198593584 -0.0906511802098 0)
(0.00586135167399 0.384827183423 0)
(-0.0265331752211 -0.112583028175 0)
(-0.0505400664212 0.166525033861 -5.14408578904e-27)
(-0.0613974395922 0.11940254005 -3.06535938986e-15)
(-0.0505300079753 0.180501731762 5.14408578904e-27)
(-0.189783805067 -0.183838529148 0)
(0.00221673870429 0.031580300435 0)
(0.00778071577909 -0.0621336969151 1.31023358365e-26)
(-0.0614367744848 0.0805803203248 0)
(-0.0505959854576 0.0869418141432 -1.18100065032e-26)
(-0.153333751631 -0.146515179706 0)
(-0.0504970066908 0.125921266992 0)
(0.0265151960537 -0.086529918814 3.5319910871e-15)
(0.0556217334816 0.395288371579 -1.02052522047e-15)
(-0.0615248796387 0.0678021968734 0)
(-0.0723593888747 0.0614828005315 -3.27908428529e-15)
(0.255142796042 0.213751582871 1.33540185272e-15)
(-0.0432373045039 0.396146703762 -9.76232760272e-28)
(-0.203303782004 -0.232014760704 1.87021295099e-15)
(-0.187311128228 0.215410537027 -1.87908783151e-16)
(-0.0538278810143 0.389813835104 -2.23599239332e-27)
(0.0139782538057 -0.108381590947 3.4860824678e-15)
(0.090365666091 -0.000231059515484 -3.41826979133e-15)
(-0.077404370748 0.384059094524 0)
(0.046212158983 -0.0975076026513 3.40905797467e-15)
(-0.0619459588364 0.0300151923863 0)
(-0.169937724313 0.346714649414 -5.93010725282e-28)
(0.0680837035575 -0.0942908837023 0)
(-0.0450144741199 -0.251691391842 1.41390229348e-15)
(-0.0632845902323 0.389941143777 8.60740306204e-28)
(-0.428917530547 0.0347643507162 5.42945676166e-16)
(-0.0171267383528 0.403623365616 0)
(0.396630495895 0.0294166535157 1.98075610273e-15)
(-0.0345681026229 -0.397558452663 0)
(0.128602679589 0.019410978617 -1.18768027839e-26)
(0.143064668328 0.0485102483823 -3.11740605399e-15)
(-0.102757902792 0.37215116708 -1.16938300281e-15)
(-0.117290977454 0.364746213337 -4.37522833254e-27)
(0.161698248884 0.232682358193 -1.85342047286e-16)
(-0.389299409358 -0.130710613606 3.80118824393e-16)
(0.0700645354993 -0.080990318541 0)
(-0.166030307226 0.19507259584 9.07598900596e-17)
(-0.0308913953874 -0.172953934365 0)
(0.0962260586278 0.16890318205 5.3954238583e-17)
(-0.0993630172129 0.375644274656 0)
(0.117651803572 0.0477611689067 3.27206377531e-15)
(-0.127860133925 0.366866829568 0)
(0.114713281421 0.00141798999284 -3.37263871317e-15)
(-0.0865224425979 0.382828827997 7.74174795837e-28)
(-0.0410343729993 -0.181970631056 1.91011757608e-19)
(0.14198561872 0.21625818256 0)
(-0.0220428433511 -0.179868203427 -3.22690213302e-15)
(0.141175410085 0.0145316107099 -3.19487485237e-15)
(-0.0117669549733 -0.170674249329 3.22689880964e-15)
(-0.127859906789 -0.125085570693 0)
(0.0819151172006 0.0645184130317 0)
(0.105417422854 0.0531931448597 -3.2720637753e-15)
(0.0932079604844 0.0469651908562 -6.11963005128e-27)
(0.132243879317 0.301858850038 0)
(0.143287582502 0.119693577807 0)
(0.126885329339 -0.00333596452797 0)
(-0.00314449211495 -0.0694824323185 0)
(-0.0500782429577 -0.174745711144 0)
(-0.138698723018 0.0233701693303 3.12198563105e-15)
(0.119982150534 0.188894781601 0)
(0.13074659783 0.0655687795813 -2.30709323357e-26)
(-0.2173163201 -0.17797598565 0)
(0.0883819652445 -0.0238336845591 -4.20943346206e-17)
(-0.387623697465 -0.120237708049 0)
(0.103904571032 0.364662612584 0)
(-0.422418539106 0.0115518593954 0)
(0.399500338041 0.0120243932514 0)
(0.00682973224211 0.402280045982 1.06957209664e-15)
(-0.129827017333 0.230614914745 -2.19258273565e-15)
(0.0933445564138 0.201062956438 0)
(0.118494703676 0.120078395643 0)
(-0.11795419523 0.208666107214 0)
(-0.433057226569 0.0405206237999 -2.58510024939e-16)
(0.389750089645 0.0352996091601 9.57464685778e-16)
(-0.040724883681 -0.381761113199 1.72239109319e-15)
(0.000717917815784 -0.00554565887152 -2.6227287405e-26)
(-0.15772977057 0.329680846375 0)
(-0.0381197591049 0.402617077378 -9.57724687893e-16)
(0.225297837741 0.247934571746 0)
(0.238425935273 0.237943359012 0)
(0.104647391905 0.208150872952 4.38933727532e-27)
(-0.144977399235 0.30516414113 -1.11437347744e-26)
(0.128217240065 0.2075979919 0)
(-0.144490988593 0.322476227975 1.11437347744e-26)
(-0.131638105207 0.296351156275 0)
(0.359106711015 -0.0582075071396 2.72033209956e-15)
(-0.138674071573 0.0105095337162 -3.08152038511e-15)
(0.393759038305 0.0452867974299 -1.87293771449e-15)
(-0.0494278984516 -0.398723119438 -4.00546466262e-15)
(0.383606226103 0.0585425085066 -1.01963765688e-15)
(0.0368258735122 0.376989390205 0)
(-0.05657986 -0.383426631815 1.87235484537e-15)
(-0.160845395957 0.343656592004 5.21496365082e-16)
(-0.428153268653 0.0401936382669 0)
(-0.423396050771 0.0517263355947 0)
(-0.0360935782596 -0.106308451522 -1.26732820315e-26)
(-0.130166334503 0.246060320119 -5.54835358814e-17)
(0.107546554367 0.366778329628 0)
(0.017818325567 -0.067653651493 -1.29539596423e-26)
(-0.0222294679397 0.408323035154 1.03870300986e-27)
(-0.0614919537399 0.146029969843 0)
(-0.0159373639898 -0.104651605039 0)
(0.105579883174 0.166038218455 0)
(-0.18201196155 -0.136983138246 0)
(0.10839869744 0.221311262684 0)
(0.127975314499 0.222498774651 0)
(0.204441317473 0.205070514607 0)
(-0.0298293622188 0.402787625503 0)
(-0.142597066347 0.254254001063 -2.03021968035e-15)
(-0.210183022439 -0.28615873213 0)
(-0.00561573180535 0.401550895859 0)
(0.22198645128 0.262694787247 0)
(-0.398162781996 -0.0837100351513 0)
(0.0758874734234 0.373014644271 0)
(-0.0942781782524 0.0233958453087 0)
(-0.039505274517 0.201734462896 0)
(0.00438398524749 -0.10265650957 -3.4860824678e-15)
(-0.0724626873159 0.0487716774669 -3.33902936523e-15)
(-0.225401977153 -0.161905448177 -2.16591180514e-16)
(0.0250468250786 -0.100287572891 -3.18169188322e-27)
(0.375196184235 -0.0330864889715 9.34132616491e-16)
(0.0107707354005 -0.367762673926 -1.7767212878e-15)
(-0.0614025664739 0.106240654721 0)
(0.34614100234 -0.061498302951 -3.09268201659e-17)
(-0.0585550534495 -0.152003006698 0)
(0.0952552979192 0.178207951943 0)
(0.228138580243 -0.056546657987 -1.32251773784e-15)
(0.00365796920533 -0.20045621305 1.55721254396e-15)
(-0.105192807943 0.0296308007946 3.24003895668e-15)
(0.105400479517 0.179662024908 0)
(-0.00301587581711 -0.177235523294 -1.93840258858e-19)
(-0.356792938321 0.189328405786 0)
(0.0151053645428 0.166651478439 2.09697954191e-26)
(0.254730728749 -0.0697456368515 0)
(0.0833282992329 -0.217838199112 0)
(-0.0617469809585 0.0426649867396 0)
(0.106194484738 0.139441564845 0)
(-0.0834210095765 0.0297525595242 0)
(-0.0727188903701 0.0236341055714 0)
(-0.332441828614 0.19258144902 1.2766768668e-15)
(0.139611326998 0.246059823106 0)
(-0.387096579962 -0.110126010773 -2.31062728054e-16)
(0.047939188024 -0.0839454442007 0)
(0.0958938936639 0.366692464951 -8.88936509557e-16)
(-0.0505207116998 0.0998547475543 1.18100065033e-26)
(-0.0504865912629 0.139334267305 -3.01292123294e-15)
(0.0100574833115 -0.36385502108 1.72721790607e-15)
(-0.206143010878 -0.186319375347 -2.21690668435e-15)
(0.00253309097076 -0.360013461727 3.40112389136e-15)
(0.0743222121308 -0.186511569106 0)
(0.0149235993804 0.126266993169 0)
(-0.116211003672 0.0233059301796 -3.24003895668e-15)
(0.369645928101 -0.0513223841615 -9.29980784372e-16)
(-0.049230563969 -0.15899750692 0)
(0.0841365415361 -0.0603987771621 -4.27991228679e-17)
(0.363768311717 0.0161726424681 1.16817438426e-15)
(-0.252182309863 -0.189980081004 -1.343626078e-16)
(0.139887618027 0.230124307791 -2.14550274432e-15)
(-0.355554945551 0.187517709288 -9.46768184012e-16)
(0.014470687936 0.0877166106495 0)
(0.117747705727 0.158975453244 5.0274477739e-27)
(0.0139017708644 -0.350757144207 0)
(0.218525878024 0.196648087361 -9.10746880672e-16)
(0.122875528224 -0.103304946115 0)
(-0.00880817392954 -0.366376150542 0)
(-0.173545811393 0.00431923471181 0)
(-0.430248112483 0.0166600703058 -5.64628940917e-16)
(-0.00970185970926 0.406619398453 -1.06957209664e-15)
(0.393808422485 0.0237242402777 -1.97804767728e-15)
(-0.309278854347 -0.176200496755 0)
(0.0151725652503 0.22369866945 2.54391021484e-15)
(-0.25713113756 -0.32631681329 -5.82080803863e-16)
(-0.268284130853 -0.318187385319 0)
(0.0482377124354 0.279329688652 0)
(-0.127435081079 0.0296618495064 -3.12198563106e-15)
(0.134018674766 -0.106808788026 0)
(-0.00301669212202 -0.355363221654 -1.24663894732e-15)
(0.140923798427 0.185657156331 -1.09112659791e-27)
(-0.225270810589 0.256248329532 -2.820680505e-16)
(0.0357178709518 -0.170040806548 0)
(0.209634870095 0.272470717956 0)
(0.136998124887 0.231304369391 1.50658284481e-16)
(-0.00163733040209 -0.373544657904 -1.06051018601e-15)
(0.117925568556 0.145804631689 -5.02744777391e-27)
(-0.345146318526 0.197704299878 1.02622853257e-15)
(0.140595197102 0.199835344401 1.09112659791e-27)
(0.0269487986078 -0.164421311252 -3.2089384205e-15)
(0.139328931792 0.252499744359 -3.61749108578e-16)
(-0.316210264337 -0.157888826161 0)
(0.119543815384 0.303884281831 0)
(0.119689105922 0.273363646465 0)
(-0.415331111811 -0.0163927591039 0)
(0.0207277103756 0.399503134719 0)
(-0.362535016228 -0.143906698234 8.60774110351e-17)
(0.0136488509856 0.050390878289 0)
(0.107639004302 0.342996331705 6.20532376402e-16)
(-0.276246831817 0.234053230903 -1.41334349491e-15)
(0.0770858517088 -0.0189634779463 3.46544591709e-15)
(0.108507632703 0.207032388821 0)
(-0.173467436144 -0.00869459100868 5.8137421506e-15)
(-0.291352414198 0.241946453661 4.45997064654e-21)
(0.398075447141 0.00582556896033 0)
(-0.0189911289331 -0.395546570262 0)
(0.128699624094 0.272760240066 0)
(0.281659156413 0.20463120286 -3.45045698322e-16)
(0.374678482746 0.0523027750767 1.07274586529e-15)
(0.143712622556 0.0833275311184 0)
(-0.267892225847 -0.297881485821 0)
(0.339407447698 -0.0707979564202 2.52344542838e-15)
(-0.209698239136 0.301304026612 0)
(-0.213776714712 -0.307618692548 0)
(-0.397841037703 -0.105716379626 -5.0314796498e-18)
(0.315644502065 -0.074634634712 1.158711006e-15)
(0.308446414309 -0.0681094564242 -1.25750505863e-15)
(0.116621802214 0.200511934291 0)
(0.332453543181 -0.0687775993762 -8.16972909316e-16)
(0.0629384332917 -0.299777947434 1.89573167976e-15)
(-0.230016426655 0.206298984125 1.85447135357e-15)
(-0.197969380904 0.132894588436 -5.30947844224e-17)
(-0.246898099682 0.231384815199 0)
(0.119761204177 0.32235479705 0)
(-0.340246476353 -0.163778590365 0)
(-0.024120409326 0.400251014781 -1.03870300986e-27)
(-0.398331270135 -0.104433078954 2.37297392649e-16)
(0.0849783100251 0.375172280825 8.88936509557e-16)
(-0.0343595678602 0.3954511242 0)
(-0.127415741679 -0.307850942627 -1.06451904062e-15)
(-0.150049532885 0.00412512715549 6.09279019879e-15)
(0.130517911368 -0.120018868853 0)
(-0.263155857819 0.240508104398 1.4133354821e-15)
(-0.280185086478 -0.290808719529 0)
(0.0559784207761 -0.165377498057 -3.1295550985e-15)
(0.229766080911 0.217939900229 8.24927328908e-19)
(-0.0546253064826 -0.261416094018 -1.05828834115e-17)
(-0.138408155291 -0.300912885719 0)
(-0.221672041625 -0.279976268422 0)
(0.0162020949681 -0.174008975272 3.20911945855e-15)
(-0.00470810518793 -0.193673425403 8.52489635576e-19)
(-0.206039848162 0.24140303972 -3.35894590421e-17)
(0.368201772385 -0.0399733604664 0)
(0.0446299266589 -0.313598746236 8.05915629745e-16)
(-0.245404257394 0.215182541843 0)
(0.138166121436 0.251087570776 3.61749108581e-16)
(0.141597567428 -0.123166558824 -2.80125927136e-15)
(0.0612630087607 -0.29967217326 4.36174201637e-17)
(0.129157389075 0.178986581459 0)
(0.0101358571459 -0.349223204663 -2.40350124083e-15)
(-0.162546787293 0.350846034435 -1.7118875735e-27)
(0.100833120784 -0.0170262730115 -3.42335158247e-15)
(-0.0603023059194 -0.183610400059 0)
(0.0470089039509 -0.16017697715 3.1295550985e-15)
(-0.139865442165 0.188785442278 5.29503633515e-17)
(0.2059294875 0.286680897315 1.21728445394e-15)
(-0.214923004764 -0.208173070722 0)
(0.142490556525 -0.0699138754386 2.34631431157e-20)
(-0.239728175232 -0.195982515758 8.80880837499e-17)
(0.088882759493 -0.188271570189 -3.22137103916e-18)
(-0.0798998609914 -0.184960156071 3.01944497323e-15)
(-0.0158802186147 0.398437322609 0)
(-0.404379913538 0.0872825230998 0)
(0.106159414485 -0.179135680828 3.20372266402e-18)
(0.00747690423273 -0.167837921443 0)
(-0.346379727585 -0.148675815167 0)
(0.106274918269 0.326139135312 -6.20532376402e-16)
(0.127695733181 0.254403713089 -2.10559773837e-15)
(-0.012015280784 -0.384080099447 0)
(-0.0695608450338 -0.176239355531 0)
(0.0590514882375 0.270936177068 0)
(0.183215868185 0.0549239903648 2.93180640588e-15)
(-0.185349250325 -0.0152039083982 -8.11330181424e-17)
(0.210639470372 0.0997025361974 -2.63725395447e-15)
(0.0123294249873 0.0135128601225 -1.29941932134e-26)
(0.0140652586247 -0.190488817423 0)
(-0.116180338302 0.0842533769577 2.9847234511e-18)
(-0.0555767412121 -0.0935519125564 0)
(-0.409761936853 0.076299302837 0)
(-0.118095110251 0.223123157653 0)
(0.0510097661854 -0.31595464297 -1.4861900842e-15)
(0.0575202554349 -0.310886603252 1.71302364739e-15)
(0.00214425212365 -0.336666488291 -2.21682632857e-15)
(-0.147212418599 0.108563475167 7.59466611612e-17)
(-0.228658209069 -0.233583128456 1.6565530933e-15)
(0.142369356177 0.145177132021 0)
(-0.292199866078 -0.262838792966 5.6099165601e-16)
(-0.138313457462 -0.284214188897 2.09810180633e-15)
(-0.0431403061802 -0.365955454635 0)
(-0.253226720431 -0.345211092206 -1.74506740052e-18)
(-0.111709578159 0.341342022229 0)
(0.0703442491563 0.279611451983 0)
(-0.354178934239 0.123077137288 0)
(-0.172109239027 0.30343793546 0)
(-0.241459428364 -0.225975800177 -1.6565530933e-15)
(0.0771517674068 -0.160003194507 3.049929914e-15)
(0.242967650914 0.242165759386 0)
(-0.140885863979 -0.252349095525 0)
(0.000711675079712 -0.378980392113 0)
(0.360402174247 0.107465987421 0)
(0.33633590727 -0.0698974332788 -2.53591398691e-16)
(0.0378794269439 0.36083944735 1.63402161727e-15)
(0.0330416585897 -0.186146810528 1.540336599e-15)
(-0.279226084358 -0.270599826199 -5.61397193798e-16)
(-0.306037789443 -0.272036191574 0)
(-0.28597940708 -0.20864842075 4.95354212774e-17)
(-0.161814343776 0.0106870870932 -3.01126981366e-15)
(0.0414927660488 -0.191885819574 0)
(-0.238067061395 -0.293185937812 0)
(-0.262293446319 0.149271672596 7.63475639252e-17)
(0.258120962923 0.223565507539 -6.61836163011e-16)
(0.257336530311 0.0402519591987 4.01030907437e-15)
(-0.31824808674 0.199011559605 -1.27434093328e-15)
(-0.130303841055 -0.260839820096 -2.3802371204e-15)
(0.197295868256 0.0496502119724 -2.93108366905e-15)
(0.234006335428 0.256879106318 2.6299965607e-28)
(-0.166402447928 -0.150438365565 0)
(-0.388473234456 0.0942738877888 0)
(-0.285279386641 -0.306091895004 7.18121957086e-18)
(0.193603703703 0.156080976249 -2.36777440959e-15)
(0.0936361245867 0.148699199111 -7.35023249246e-18)
(-0.0903587065336 -0.101549425239 0)
(0.216873339436 0.282192943618 -7.15767385692e-28)
(-0.253014308275 0.150020622125 -1.96008339289e-15)
(-0.39139220078 -0.121668005575 -3.81912342641e-16)
(-0.0688759641684 -0.160451747288 0)
(0.183499603434 0.06608480142 -1.79279931735e-19)
(0.216066634744 0.226909169578 0)
(-0.141652937801 0.2234828695 2.19258273565e-15)
(-0.110504573099 -0.278824068172 1.15041927583e-15)
(0.127453911752 0.271289685526 0)
(0.139768804067 -0.0821242241424 -2.3463121933e-20)
(-0.185282387527 -0.028384533125 -2.56915036111e-27)
(-0.277454013248 -0.322895589042 0)
(-0.382285325517 0.138718810121 0)
(-0.130393950927 -0.276687762447 0)
(-0.330515886053 -0.183275009761 1.1197854734e-15)
(-0.173289031898 -0.0485697162243 -2.62750345785e-27)
(0.130529627725 0.126255477443 1.02862947894e-26)
(-0.225859156073 0.142421139135 -1.34342988845e-18)
(-0.147641542005 0.358405579754 0)
(0.104256537114 0.254503379398 -2.20474637492e-15)
(0.225760257773 0.274297296072 7.15767385693e-28)
(-0.292559985531 -0.296444775052 0)
(0.0679118215785 -0.155389830919 -3.049929914e-15)
(0.130305633258 0.0538807287435 2.30709323357e-26)
(0.211576285508 0.0552034643476 0)
(0.0983305479699 -0.040677691629 -3.41132426023e-15)
(-0.177552713508 0.202644514847 2.15729213472e-15)
(-0.303832332681 -0.287625874479 -6.74503388749e-16)
(-0.303484689099 -0.288875976694 6.58412928633e-16)
(-0.162329426245 0.204762533835 -9.07598900598e-17)
(0.148247945864 -0.139367648694 2.62787203166e-15)
(-0.303779681828 0.234354629608 0)
(0.104125887928 0.271240038008 -1.90743551934e-27)
(0.235563944634 0.262950829494 3.80328217386e-28)
(0.0487208122367 0.352086773819 -1.63402161724e-15)
(-0.227632179741 0.134889356233 0)
(-0.173244360714 -0.035198406131 2.62750345785e-27)
(0.0595063981237 0.32495351731 -1.78732400694e-15)
(-0.189218837352 0.181738400955 0)
(-0.376917901619 0.135084552212 0)
(0.073658369215 -0.175671003379 -2.89156047495e-15)
(0.2051039224 0.297303865098 -8.4711888068e-16)
(-0.177014152677 0.188296537711 0)
(-0.2098677083 -0.0148592044768 0)
(-0.0352647482865 -0.0922407816177 1.26732820315e-26)
(-0.0575637410644 0.38070358834 2.23599239332e-27)
(-0.22873677473 0.190904021017 0)
(0.0927677252861 0.297507147057 0)
(0.211956675653 0.287470633252 -4.47236526362e-28)
(-0.00276652910156 -0.254196674572 -1.44506260789e-15)
(-0.239882203685 -0.316345294474 1.20798109591e-15)
(0.365417869125 0.0642776599075 -1.7200635432e-15)
(-0.25803334735 -0.237755403199 0)
(0.0813331398584 0.271045767213 -9.92048134048e-28)
(0.327415457306 -0.0781222473637 0)
(-0.240644226437 0.17019947964 -5.88166855797e-20)
(0.175777283579 -0.0921691345515 3.43726707859e-19)
(0.00561658227348 -0.0887564580249 -1.28023765972e-26)
(-0.238710452213 0.142327066931 0)
(0.257461161222 0.0498534586984 2.55694675929e-15)
(0.187014159043 0.276613637235 0)
(0.0934953252973 0.186951630669 0)
(0.0348548905519 0.0267844293608 -7.05784272624e-15)
(0.226520693531 0.0498843060461 0)
(-0.314748509175 0.238730740313 0)
(0.059516353434 0.306148471776 0)
(0.116862130343 0.186394156039 0)
(-0.388338001122 0.108594270113 0)
(-0.0692177340098 0.372512816657 0)
(0.0929170587992 0.279778978536 0)
(0.0432344425901 -0.232544540778 2.72760182826e-15)
(-0.0369378032517 -0.259774404572 -2.83716082546e-15)
(0.0146955341939 -0.249510491555 1.43776410038e-15)
(0.241661155424 0.0345371072655 -2.69136913018e-15)
(-0.260868070637 -0.257619766804 0)
(0.316058805488 -0.0719884616411 2.15243386405e-15)
(0.0223570276053 -0.196563633433 -1.54032655706e-15)
(0.0702167793538 0.297360362826 0)
(0.00739038403825 -0.243156349131 -2.90516746643e-15)
(0.199491306826 0.267421755873 0)
(-0.119735743093 -0.285771402787 -1.15113609806e-15)
(-0.0845291725367 0.372571826566 0)
(0.0489216138526 0.333735730281 -2.50498134084e-26)
(-0.185100711067 -0.0554667406653 0)
(0.0701313594305 0.246427790555 0)
(0.126252260674 -0.197966304277 1.18893270639e-15)
(-0.154758283659 0.217948640868 5.8084644179e-29)
(-0.278219134404 0.110226640094 -7.64831713177e-18)
(0.0482269350659 0.201718000683 0)
(-0.403084381218 0.0966375127617 0)
(0.24428185028 0.253119142336 8.61990510857e-16)
(0.0318521304416 -0.24466019737 0)
(-0.241964478208 0.184959574047 5.88167978861e-20)
(-0.232540527096 -0.161425010201 2.16591180514e-16)
(0.188657701444 -0.0946801592734 8.13195187947e-20)
(0.197197286602 0.071654623626 -3.42129402893e-19)
(-0.0161756694687 0.38490370664 0)
(-0.173921960037 0.242146001905 -5.8084644179e-29)
(-0.139818592534 0.182789993977 -5.29503633516e-17)
(0.181796453941 0.0221019896561 0)
(-0.153214967392 0.201937416859 -2.11182589402e-27)
(-0.0709119014406 0.357790508149 0)
(0.181291001328 0.137251887119 -2.56240888313e-15)
(-0.248083225207 -0.264511016236 0)
(0.294780188215 0.153930950113 -9.11221988082e-16)
(0.0166116617031 -0.0810649990806 -3.53199108709e-15)
(0.214420413302 0.242444880968 0)
(0.139487821153 0.279661361703 7.95863162342e-28)
(0.0818515354129 0.306368855584 0)
(-0.239917701747 -0.208751313922 0)
(-0.0303839235795 -0.287415286408 1.44663100268e-15)
(0.204801476791 -0.0858796290107 -1.29611050167e-15)
(0.11561653014 0.297540862505 0)
(0.0814178981892 0.254511443932 9.92048134048e-28)
(0.024241446765 -0.237767046856 1.14375598383e-17)
(-0.0947458850764 0.139599769252 0)
(0.156427413214 -0.113618469705 2.80129150496e-15)
(-0.0101007551315 -0.246800906846 2.85869109376e-15)
(-0.0196697118458 -0.257655216764 -2.87258953655e-15)
(-0.0776171107878 0.0640452291242 0)
(-0.076363275923 0.0778024168477 0)
(0.255779350288 0.239833767657 -8.61990510857e-16)
(-0.227070527514 -0.184664005742 -6.98475594794e-27)
(-0.30937985827 -0.0646617243528 0)
(-0.0104036574324 -0.38809473482 1.08287702231e-15)
(0.383306106457 0.0826034417106 0)
(-0.165394560536 0.209338880317 -2.15729213472e-15)
(0.196789141786 0.0388191252566 2.97767937389e-15)
(0.0261500656398 0.159841448014 -2.17927973395e-26)
(0.118210912874 0.0712260051722 -3.21100087247e-15)
(-0.366332097242 -0.124371530324 0)
(0.0959117041726 0.351623987147 0)
(0.0239937579297 0.0323375847649 3.53655982737e-15)
(-0.107893847164 0.372328233948 -6.82623017864e-28)
(-0.309451113899 -0.0504741516878 2.67199467452e-15)
(0.20357060957 0.220159656262 0)
(-0.141333524447 0.208842472426 2.03748838716e-27)
(0.184230882385 -0.106842647021 -2.57566298259e-15)
(0.0590311392332 0.254487013555 0)
(-0.294016077067 -0.0719785026766 9.69383108025e-16)
(0.115737610726 0.0130675070994 -6.07782467259e-27)
(-0.0900354557428 -0.313079196922 1.19942068567e-15)
(-0.293637976501 -0.2979394014 0)
(-0.260935282497 -0.275247028402 0)
(0.212467702926 0.273581170857 -4.93297184638e-28)
(-0.150013642554 -0.0351658707718 -3.08682654877e-15)
(0.0591612784445 0.22351899823 0)
(-0.228787122314 -0.321746717627 6.22980350566e-17)
(-0.263648249595 0.103153279515 -1.07318675229e-15)
(-0.150513859584 -0.259497475149 0)
(0.252357751888 0.233303965939 4.94336023204e-16)
(0.0702005054279 0.231014693821 0)
(-0.09646776543 -0.334101599158 -1.67121356116e-15)
(0.0384803965746 -0.208774165447 0)
(0.197182022685 0.0828875758877 -2.72732443949e-15)
(-0.267393209448 0.136011260258 1.1147645933e-16)
(-0.146641706443 0.259466725983 0)
(0.128874953457 -0.159642283176 -3.13019284192e-17)
(-0.145889203478 -0.324919162478 0)
(0.182590777743 0.0330226514094 -2.97767937389e-15)
(-0.0606397832524 0.33177079397 0)
(-0.29393725563 -0.0860194169019 -3.61239577487e-18)
(0.115832702533 0.246231999295 2.10559773837e-15)
(-0.176305577966 0.147431954119 2.45484391097e-15)
(0.134780951834 -0.199490554541 1.10007929891e-15)
(0.256817293843 0.0200211145752 0)
(-0.100136806196 -0.287524922103 2.40193640538e-15)
(-0.0894522794828 -0.177366448507 -3.01943485039e-15)
(-0.234702547511 -0.0142570681621 0)
(0.221256981964 0.260106788566 -2.6299965607e-28)
(0.163768285966 -0.129159538032 -7.89402239797e-17)
(-0.168596753404 0.272649313324 0)
(0.0371879939156 0.166680420106 -2.91532687994e-15)
(0.116003706814 0.230489757625 0)
(-0.0206736452135 -0.276781874514 1.08862753537e-17)
(-0.0706869086358 0.0629175233697 -1.10344981774e-18)
(-0.271863164593 -0.230856573968 -1.29975700672e-15)
(0.373943469712 0.0982772619924 0)
(0.152843442802 -0.00143851028707 2.89547613526e-27)
(-0.0876347625411 -0.326093124344 -3.37326397111e-17)
(-0.250012082969 -0.285447014164 0)
(-0.147610655662 -0.307922674502 0)
(0.148407574186 -0.0980068852604 -9.00895199089e-20)
(-0.0314843123634 -0.3064793558 -2.75004467091e-15)
(-0.218288537965 -0.259063698802 -1.60163732237e-15)
(0.0368501193957 0.100734703796 0)
(-0.141399867027 -0.236204449057 0)
(-0.107791379708 0.087246550552 -2.79894649161e-17)
(-0.226827138461 -0.199759784944 6.98475594794e-27)
(0.204514109819 -0.0290658204002 -2.86620721593e-15)
(-0.0833399216515 0.10630396005 0)
(0.294148961396 0.183361314021 -8.57705141803e-17)
(-0.288266661292 -0.311598809643 0)
(0.104431449555 0.306345702674 0)
(0.151492132191 -0.0127162956749 -2.89547613526e-27)
(0.206994540795 0.292880109902 8.47118880682e-16)
(0.305702424909 0.094184474414 0)
(0.137866845963 -0.0194008401287 0)
(-0.26100053969 0.0257680747974 -2.33560211978e-15)
(-0.158913803024 -0.282159865993 0)
(0.300573109732 0.169346911331 7.48946703776e-17)
(-0.31099950693 -0.274434676621 1.86757065499e-16)
(0.189528735398 0.308770674086 5.31559897939e-28)
(0.290287941643 0.0402909133862 -1.2197005383e-15)
(0.210958674774 0.0883234025613 2.72752580766e-15)
(0.264536694879 0.230005026314 0)
(-0.197704796756 -0.00839289855014 -2.78742736522e-15)
(-0.0382589234473 -0.279017841977 -2.73831762852e-15)
(0.219005830151 -0.0891684471844 1.30708631034e-15)
(-0.220798399276 0.31763219448 0)
(0.273616526811 0.026042040687 0)
(-0.230228397104 0.24347088389 2.820680505e-16)
(-0.0595171275014 0.350324913728 0)
(0.160315288348 -0.185660199843 1.00859894079e-15)
(0.290055285526 0.0498449313083 -8.2766009882e-17)
(0.0529953475824 -0.181228314894 0)
(-0.247353063756 -0.00741833097868 1.08803840375e-27)
(0.225159127344 0.0188011440843 2.79761565085e-15)
(-0.0275153765554 -0.249247162157 4.27345707149e-15)
(-0.185286081445 -0.111833047986 0)
(-0.188761150376 0.167836340297 2.27364029293e-15)
(0.211169287318 0.0339473030154 0)
(-0.209262242494 -0.0553045880463 2.6667227687e-15)
(0.0481014279301 0.107193440395 2.89347823523e-27)
(-0.158991698968 -0.297141337111 0)
(-0.193462860276 0.134965101964 5.53389092536e-17)
(0.291915540754 0.165676722815 1.62746637971e-15)
(0.339226691631 -0.074246968692 0)
(0.125591823525 -0.0149375837462 3.32460892406e-15)
(-0.0261239129285 0.378023484207 3.49837525939e-28)
(0.166673747931 0.00493099319607 -3.08677206823e-15)
(-0.0246461932578 -0.0846604052627 0)
(-0.191920193846 -0.272668142833 -8.72550021695e-16)
(0.240854973241 0.0245777188982 -2.79761565085e-15)
(0.0615953944922 -0.186410646142 0)
(-0.127798163462 0.361901156515 0)
(-0.209676672445 -0.0281200134157 -5.297420007e-15)
(0.107957745966 -0.0573825883154 -3.28617996704e-15)
(-0.0921889091146 0.369857509775 1.16938300281e-15)
(0.0484074437767 0.159843344529 2.91532687994e-15)
(-0.0724683045208 0.139412750002 1.09095639596e-26)
(0.0581691877821 -0.20316512831 0)
(0.160289047251 -0.100898858305 0)
(-0.221858120213 -0.034674144019 5.1194716264e-15)
(0.273881178844 0.0344780652537 -1.31880484683e-15)
(0.0474291131613 0.0697072239807 0)
(-0.286836779089 0.169858633068 -1.43800188258e-17)
(0.0342201376115 0.0144978632006 -3.57540573402e-15)
(0.115982098096 0.279863333751 0)
(-0.274320414731 0.0324590651305 1.07235234614e-15)
(0.0966359198096 -0.0529812817318 -3.38703599136e-15)
(0.151161488594 -0.201038526072 9.14674774742e-16)
(-0.247786732099 0.00584156132691 -2.34481029849e-15)
(0.0930753969018 -0.0776538132777 0)
(-0.248610260962 0.254331755939 4.25927607698e-16)
(0.0361189276763 0.0633554413013 0)
(-0.310614105364 0.135804497759 0)
(-0.118736079608 0.353936074315 4.37522833254e-27)
(0.306702158814 0.0848027656987 -7.55973224514e-17)
(0.122892583854 -0.0380189055082 0)
(-0.083640417113 0.146160854794 -5.19654878275e-27)
(-0.0497766113602 0.304317301013 0)
(0.195684545204 0.0174560317325 0)
(0.168178905112 -0.116198605535 0)
(0.290094936698 0.0700449236505 0)
(-0.196884762084 -0.119269612435 0)
(-0.106540220304 0.347076679106 1.39458847138e-15)
(-0.138709447341 -0.028465025826 3.08682654877e-15)
(-0.234371909993 -0.027660654069 -2.5141903221e-15)
(-0.0943503465725 0.0999544099079 0)
(-0.372470876857 0.0503081746205 0)
(0.13732490593 -0.136782156001 0)
(0.0260709981787 0.146262375697 3.04638055232e-15)
(0.134765441253 -0.215753122511 -9.24731581225e-16)
(0.0251118557673 0.0691897241468 0)
(-0.13861242351 -0.0153708649675 0)
(-0.0946301842193 0.126153015832 2.95259156449e-15)
(0.0254259786621 0.0816901353299 0)
(0.0464330583846 -0.214591853446 0)
(-0.207588737991 0.323896616053 0)
(0.0592006899202 0.208863964084 0)
(0.0595469889336 0.180426344235 0)
(-0.0364539218174 0.383700893923 1.39972323818e-15)
(0.0229919422162 0.00800412748528 3.57540573398e-15)
(0.197235515138 -0.10850931025 2.57569786816e-15)
(0.167768707913 0.0160189690101 0)
(0.0663214769072 -0.208187580043 0)
(0.157478473351 -0.146674231866 3.0457657064e-17)
(0.0503462990172 -0.238379117285 -2.72760182826e-15)
(0.0371880543506 0.139655734993 -3.0463805523e-15)
(-0.109841089729 -0.178403798179 -2.84811948728e-15)
(0.13625816181 -0.0309927526837 0)
(-0.260572273247 0.0125875681978 4.59454425258e-15)
(-0.404270849567 0.0754733344622 3.76394086402e-16)
(0.0480162476655 -0.281998739855 3.61913049858e-15)
(-0.120921288745 -0.203159303342 -2.72911281173e-15)
(-0.23055346251 -0.252286750455 1.60163732237e-15)
(-0.170430019284 -0.2731940269 0)
(-0.235778765238 0.0250060959164 -2.4264552446e-15)
(-0.322489005684 0.0928598745369 1.59096823691e-15)
(0.0483483500735 0.146339156039 0)
(0.138758768211 0.297132470051 -1.69182493361e-15)
(-0.218019791321 -0.163101815414 0)
(0.126564197253 -0.231188962566 0)
(-0.275923217093 -0.166187799348 0)
(0.210373880834 0.0233656264753 0)
(-0.305187012316 0.220663138293 1.35964755933e-15)
(-0.253130648372 -0.201244251949 0)
(0.0257638710347 0.106925480246 0)
(0.0261051569545 0.187593833686 -2.80510930756e-15)
(0.0596915646464 0.139714893738 0)
(0.104470763163 0.222910571462 2.36077183725e-15)
(0.287236663807 -0.00726522413448 0)
(-0.266394504465 0.144196898568 2.89284742628e-15)
(-0.254101034736 0.164428582463 0)
(0.289531598182 0.0799022861527 2.23268444063e-15)
(-0.305311292473 0.0716841190261 0)
(-0.0834053163087 0.119507805876 0)
(-0.0833012786117 0.0424579579304 3.33902936523e-15)
(-0.291781521344 0.0918007841332 -9.75612591905e-16)
(0.301956114628 -0.0829883216146 -1.91003774909e-15)
(-0.223424059212 0.0311438043111 1.15823215073e-27)
(0.202384081843 -0.0397324330969 0)
(0.0259395802501 0.11986739207 0)
(-0.185781754966 0.0110121890393 0)
(0.0347808581004 -0.105681864672 0)
(-0.225046340828 0.121771845684 2.23797722284e-15)
(-0.150046861765 -0.00884426485607 3.02032278739e-15)
(0.0104022832906 -0.0237074193283 -5.77409791852e-18)
(-0.235485035788 0.0119515906082 0)
(-0.00640188578838 -0.110670038198 0)
(-0.0942805283178 0.0869358540124 4.4358858956e-17)
(-0.197214780276 -0.0484881197092 -2.6667227687e-15)
(0.0222792621185 -0.00443663273984 3.60951730475e-15)
(-0.105328150818 0.0806639933819 3.12308365484e-15)
(-0.263313228064 0.0898261194338 1.06048817987e-15)
(-0.114003036318 0.361999244256 0)
(-0.31657502247 -0.263220905166 3.48666673775e-16)
(0.0595582234278 0.166624776394 0)
(-0.275809074002 0.0707258090464 -2.07474912905e-15)
(0.0591417318586 0.359953754618 1.09154797246e-26)
(0.111086698829 -0.0336087612465 6.08788563372e-27)
(-0.151997565003 0.12053004347 -2.74624220921e-15)
(-0.0800420914932 -0.30642148282 -1.17404270215e-15)
(0.287129199089 0.102641169702 0)
(-0.0469886333214 0.37629690791 -1.39972323818e-15)
(-0.24985693917 0.0830730153178 -2.30427890417e-15)
(-0.101465693347 -0.253636132589 0)
(-0.140395681726 0.126877367543 -5.71041764438e-17)
(-0.305883162176 0.0855892234915 9.82828202763e-16)
(-0.0345975685505 -0.223401233279 -2.97757109336e-15)
(0.155424153671 0.0319990537678 0)
(-0.250479710792 0.109152291157 -1.16051950069e-15)
(-0.203547097598 0.283858211213 0)
(0.154600128465 0.0207616418614 3.19487485237e-15)
(-0.0837196927171 0.331261264636 -7.21304150118e-28)
(-0.0493572852581 0.323157465135 0)
(-0.0420307229301 -0.198555874492 3.05878146253e-15)
(-0.0608049622985 0.295361551907 -9.33648558733e-28)
(-0.149433234978 -0.274757344309 -2.076249053e-15)
(-0.176549297013 0.160859695083 0)
(0.12104672262 -0.0499895985967 3.28617996704e-15)
(-0.24949059839 0.0702275262659 0)
(0.168989023803 0.037985148386 -2.77683746179e-27)
(-0.387705968785 0.130352533899 0)
(-0.216090914667 0.154411284298 -8.67189402335e-19)
(-0.223661082207 0.0441322501168 -2.48801889758e-15)
(0.0482821205923 0.120054502875 -2.89347823523e-27)
(0.241577465686 0.055302900479 0)
(-0.182928778553 0.281740981699 1.5868973267e-15)
(0.151337577381 0.270962836016 0)
(-0.197445561311 0.306533065344 -5.65677215391e-28)
(-0.328083574243 0.135887731202 -2.49072209567e-17)
(-0.195704474883 0.32014005698 5.65677215391e-28)
(-0.161501103592 -0.250427498064 0)
(-0.167196498148 0.345990905778 1.7118875735e-27)
(-0.0912844160261 -0.279114758287 -2.40809523702e-15)
(-0.39348237423 0.117398874106 4.65483818943e-16)
(-0.0947568286679 0.355871896505 -1.39458847138e-15)
(0.105890258815 -0.0698313586733 0)
(-0.253521946715 0.214814915222 0)
(0.21171795553 0.06597675895 0)
(0.226127475466 0.0396071231257 0)
(-0.353891445746 0.0555315987789 0)
(0.059437875276 0.101021123259 3.19386292471e-15)
(0.0595913506072 0.126591177721 0)
(-0.175905339275 0.120955761548 -5.17073369203e-15)
(-0.0829076863908 0.34890529205 7.21304150118e-28)
(-0.16158297898 -0.0285018760794 0)
(0.255693744584 0.0102520766958 0)
(-0.236362140161 0.0506723409852 2.48801889758e-15)
(-0.11106892777 -0.228027301491 0)
(-0.259521080342 0.269992530559 -9.18981802654e-16)
(-0.107569096017 0.330698971849 1.56394549357e-15)
(-0.164040020308 0.127324263379 2.6200337374e-15)
(0.361166281645 -0.0592726106078 -1.76765887158e-15)
(0.0331105574051 -0.333790571824 1.72124956255e-15)
(-0.111089060154 -0.262136989989 0)
(-0.105304081937 0.00419946830525 3.00675998614e-27)
(0.224575405743 0.105054143648 -1.24390201049e-15)
(-0.0269886786158 0.360454774347 -3.49837525939e-28)
(0.151867710091 0.254135114148 0)
(-0.221585961124 -0.0481824070992 -2.48580412689e-15)
(-0.0562520783618 -0.107666156554 -3.38087226413e-17)
(0.0370668025433 0.126445514569 0)
(0.169552653232 0.0491645678191 2.77683746179e-27)
(-0.116668536478 0.0871499913658 0)
(0.226102260269 0.0713205309179 2.59988229478e-18)
(-0.13164533632 -0.228278347119 0)
(-0.222472752498 -0.00796118757787 0)
(-0.345616999724 0.156032177516 -5.32505990524e-16)
(-0.106658233622 -0.074963007106 -3.2948775169e-15)
(-0.292900226761 0.104506889776 1.50937719146e-17)
(-0.211576820205 0.0631795003101 -8.19062138893e-17)
(-0.161558020303 -0.0153636451938 -5.96550455462e-15)
(-0.0745317199891 -0.053659264667 -3.47231698536e-15)
(0.125844532778 -0.0903799235214 0)
(-0.265484486364 0.130009403734 0)
(-0.348348390542 0.196383776516 0)
(0.224136122064 0.0086121943654 0)
(0.3465797098 -0.0658772860173 -2.53709423849e-15)
(0.273052329237 0.0649034790559 4.00716139243e-17)
(-0.0952012518975 0.322352155614 0)
(-0.161917043933 0.0235900510347 -2.69765306741e-27)
(-0.202192820089 0.330194564228 0)
(-0.0654754600149 0.38554908332 -8.07965727488e-16)
(-0.183367727201 0.327885054041 -2.00027969161e-27)
(0.0477735780236 0.0821055467546 3.32625287727e-15)
(0.36415623093 0.106981422426 -5.38467534899e-18)
(0.350461294994 0.115388354567 5.76412454643e-18)
(-0.118701084008 0.269964868494 0)
(0.302790763757 0.150746424229 0)
(-0.198411060291 -0.375988245401 0)
(0.193893012462 0.307316459165 0)
(0.127292402751 0.305797324 1.69182493361e-15)
(0.0482316942904 0.18752076467 0)
(-0.2113358607 0.0502778328211 0)
(-0.234892088372 0.253921765254 -1.52700928387e-15)
(-0.0393482511345 0.230817969628 0)
(-0.23731099333 0.102295091156 4.55461091366e-15)
(-0.0844766540027 -0.0341941699238 0)
(-0.253260708636 0.240478024789 0)
(-0.180041364489 0.248769227088 -7.51059650071e-17)
(-0.0956046620444 0.304006242076 -1.86461336023e-15)
(-0.262280375613 0.0642716668355 0)
(0.175867249165 -0.131461134859 -7.92140172495e-17)
(-0.0987318413195 -0.154340126316 0)
(0.0365993945599 0.0880890251359 -3.32625287727e-15)
(0.201321055385 0.251605856645 -1.67259976969e-15)
(-0.254740728022 0.291925021941 -3.22719425915e-28)
(-0.184831096358 -0.410902457101 0)
(-0.224802789055 0.108558790922 -4.72697061974e-15)
(-0.161588120381 -0.0553987013993 0)
(-0.236622815495 0.0636293549443 0)
(0.00980631784973 -0.22475580486 -1.50017807179e-15)
(0.00180384355738 -0.217649053413 2.99366617058e-18)
(-0.199541531555 0.0823132336848 5.18832274973e-15)
(-0.324593270472 0.105761134689 8.08352479597e-16)
(-0.292304123967 0.222814533475 -4.34488224956e-16)
(-0.210865916721 0.220556712563 0)
(0.110126895889 -0.24671313409 1.7840748382e-15)
(0.0783535628668 -0.0989431188219 3.29447875934e-15)
(-0.308424205323 -0.0932771790008 2.61691767314e-17)
(0.071018964605 0.146329934497 2.95894020008e-15)
(-0.40451931304 0.0907672269416 -3.78025742658e-16)
(-0.270853243782 0.248584643168 0)
(0.223422208521 0.276692036506 4.80615617055e-28)
(0.0706610125505 0.187320904316 0)
(-0.106448830297 0.187541252813 0)
(-0.195210032587 0.274766277416 -3.09040045902e-15)
(0.353575049769 -0.0662646489584 8.64285399602e-16)
(-0.225883924 0.148462257477 -2.22591932347e-15)
(-0.212628226686 0.128055022923 -2.40187180807e-15)
(-0.212968828551 0.141425881742 2.22586805286e-15)
(0.0462118732515 0.0331861280706 3.52128289887e-15)
(-0.180090903761 0.338307389933 2.00027969161e-27)
(-0.110957632586 -0.21123525054 2.72911281173e-15)
(-0.0800727564749 0.377255037143 0)
(-0.0959002431695 -0.0677933175917 3.2948775169e-15)
(-0.330363287797 0.149485515242 -1.53340903762e-15)
(0.196149876975 0.106104365453 2.63693187531e-15)
(-0.238049226561 0.12860769432 -2.23846933936e-15)
(-0.290261088068 0.0649691850944 2.07474912905e-15)
(-0.0836299799976 0.295236909832 1.86461336023e-15)
(0.0927263397473 0.246344714163 2.20474637492e-15)
(0.273603929715 0.055395808342 -2.64131585411e-15)
(0.11656836386 -0.129506924721 -2.98993609126e-15)
(0.0244878575836 0.0446650959903 6.40061520527e-27)
(-0.0513074122604 0.0503685054167 1.63721682725e-18)
(-0.197287171139 -0.0350556444238 2.6921387027e-15)
(-0.199316298756 0.0693470236414 2.61305032947e-15)
(-0.226582571682 0.162466064331 -2.11739205935e-15)
(0.0521220871873 -0.0453196003052 0)
(-0.250606522503 0.262650679816 0)
(-0.106064046758 -0.0478955970724 0)
(-0.219860605413 0.31566307209 0)
(-0.167823728867 0.25564303197 1.84277355457e-15)
(-0.0832193376594 0.0805519593673 -3.16744251378e-15)
(-0.251801689973 0.282155936668 4.93054194957e-16)
(-0.187439500101 0.088526306287 -2.63315565918e-15)
(-0.198680025429 0.0435823173037 0)
(-0.276647183722 0.0836727657949 -1.05789972051e-15)
(-0.371167964155 0.0379886620806 -8.47782866136e-16)
(-0.151965295685 -0.227498992331 0)
(-0.128406902491 0.106858824547 -5.45410255937e-17)
(-0.117260604466 0.126463428703 0)
(-0.279286588991 0.124017279441 7.67061592217e-18)
(-0.273308975494 0.27338459701 0)
(-0.344981558476 0.172105732555 -7.53877147132e-16)
(-0.107026245773 -0.0887845064693 0)
(-0.188111966821 0.127713203232 7.18682038327e-17)
(-0.0955429838289 -0.0543233663497 -1.51860469897e-27)
(-0.32108675951 0.065344667614 6.03715436802e-17)
(-0.107467631391 0.375621083388 6.82623017864e-28)
(-0.191462586999 0.225918460573 1.93777729941e-15)
(-0.151761885912 0.107325383456 -2.83207884029e-15)
(-0.208857065923 0.3266181044 -2.92787000686e-28)
(-0.179104224672 0.232507280603 6.86206682858e-17)
(-0.117224516545 -0.0683431622382 0)
(-0.0723092042981 0.0868727877069 5.79423005176e-27)
(0.156198951397 0.0544732255295 3.117406054e-15)
(-0.0982194378625 -0.139162434379 0)
(-0.357376976616 0.176063901649 1.47951805605e-15)
(0.0908418890746 -0.0906517884435 -6.53927593213e-15)
(-0.11681709778 0.100212702737 -5.08903471142e-17)
(-0.0722185199265 0.304026578572 8.32483958699e-28)
(-0.332498225501 0.179303019332 -1.40745592087e-15)
(-0.0723028544191 0.099839312421 -5.79423005177e-27)
(-0.198447599314 0.0306598363803 0)
(-0.117435716424 0.139888329968 -2.80684226273e-15)
(-0.0832325755605 0.0677169429896 6.51673993258e-15)
(0.194583270626 0.00674212577115 0)
(-0.175675110893 0.107817923594 6.86928088718e-17)
(-0.128608335626 0.120098403422 2.80334638565e-15)
(-0.297140895349 -0.198757966525 6.99182756038e-17)
(-0.12925598072 0.160274037965 -2.64760458599e-15)
(-0.3414881881 0.207381633087 0)
(-0.10941561481 -0.162650612156 -1.33409094608e-27)
(-0.200019624506 0.108211199065 -2.48596913133e-15)
(-0.197866291413 0.0046659176183 2.49779792017e-27)
(-0.1057672946 0.119742680463 -2.95259156449e-15)
(-0.264456908826 0.290831774937 3.22719425914e-28)
(-0.190613564962 0.204052360372 1.18770850674e-16)
(0.112583810851 -0.021700282012 -3.32460892406e-15)
(-0.0726279161352 0.166584622718 -5.04504392664e-27)
(-0.0724183450331 0.125974174195 3.06535938985e-15)
(-0.212042309385 0.0889347024687 -5.03097037054e-15)
(-0.210200535484 0.283613694607 2.9289824565e-15)
(-0.0610621918277 0.277830507299 2.12487549654e-15)
(-0.239141382912 -0.176286668086 8.78932656947e-28)
(-0.223377018321 0.305421828721 0)
(-0.0950137657657 0.16672444321 -4.02277900397e-17)
(-0.0718489783677 0.322426721442 -8.32483958699e-28)
(-0.106143319532 0.146401235783 2.80684226273e-15)
(-0.20102315002 0.161377829934 -2.27364029293e-15)
(-0.0836958411568 0.277741918073 -3.77457487187e-17)
(-0.105261893774 0.0677717108789 -3.19189474079e-15)
(0.326576634531 -0.081149539125 0)
(-0.0465944343334 -0.11416215042 3.4124567086e-15)
(-0.200620705875 0.147785963705 -2.38203193226e-15)
(-0.183159204937 0.29863474247 1.39215731896e-27)
(-0.106275309361 0.160032227119 -2.74034788463e-15)
(-0.24670243607 0.300920488428 0)
(-0.244578092319 0.302564988493 0)
(-0.309473390043 0.224617368513 0)
(-0.106446321586 -0.325473214411 1.88791219045e-15)
(0.173093503894 -0.125437636726 -2.82845762981e-16)
(0.282355327689 0.137106070588 -1.12986972861e-15)
(-0.0274819440416 0.323566113921 -1.82901903157e-15)
(-0.240536306335 0.306819221909 0)
(0.0591791308212 0.0884737344547 3.28155699184e-15)
(-0.0284556431419 0.223529490624 -1.18160581469e-27)
(-0.0950905596853 0.180577349091 2.65826729776e-15)
(-0.120625817713 -0.186920470936 2.84811948728e-15)
(-0.194369263303 0.257743281052 -7.29566454077e-17)
(-0.18223514037 0.339626994057 0)
(-0.200218454332 0.121325920209 4.88070355887e-15)
(-0.273843781559 0.233419635527 0)
(-0.224400556748 0.0827397392645 4.86634975264e-15)
(0.0372239529319 0.180557678694 2.80510930756e-15)
(-0.0387539124705 0.29561666382 2.02167776888e-15)
(0.00923581776942 -0.152241437291 -3.32837745954e-15)
(-0.21390542155 0.168637895722 2.11729381107e-15)
(-0.0392405858369 0.24596538304 2.36395985589e-15)
(-0.139835459364 0.100603405919 -5.8739979197e-17)
(-0.218394437889 0.22836136358 -1.78394689535e-15)
(-0.280490992726 0.260688520952 0)
(0.112767808049 -0.143671802914 2.83211362831e-15)
(-0.217116189801 0.212391912017 -3.78980892018e-15)
(-0.22936603009 -0.154852747902 9.71871136988e-28)
(0.283013692609 0.192044747725 0)
(-0.0285374220418 0.20892060927 1.18160581469e-27)
(-0.0176170363863 0.201810292968 9.99527618748e-27)
(-0.214723138019 0.182958051666 -2.0750794474e-15)
(0.27619565079 0.177289064622 -1.57158000361e-15)
(-0.11626528729 0.0104953858564 0)
(-0.209770223443 0.299123683192 0)
(0.117018313658 0.0360834534193 -5.95783068341e-27)
(-0.0726579793243 0.180514676424 5.04504392664e-27)
(-0.0501507857959 0.253578039421 0)
(-0.0944117551161 0.0106391012211 3.37361330718e-15)
(-0.0177667065047 0.146052924377 -3.05630510408e-15)
(-0.212262374925 0.101920835722 4.89114159157e-15)
(-0.237044495994 0.089173439812 -8.62675684882e-17)
(-0.0722677864246 0.26948744571 -3.45309314214e-17)
(-0.0941625311552 0.0614377240776 -4.57609065046e-17)
(-0.203014950399 0.204027122065 3.95034975565e-15)
(-0.0287248967719 0.125971678189 3.13773041493e-15)
(-0.0837194314503 0.15984427101 2.78057567467e-15)
(-0.0848212726016 -0.0473696008351 0)
(-0.0297526703298 -0.157194637118 0)
(0.0709228888126 0.107430737791 -3.19386292471e-15)
(-0.224243403392 0.0697736822707 -2.53114411558e-15)
(-0.0856150904347 -0.074277985725 0)
(-0.0176754874662 0.187531507848 -9.99527618745e-27)
(-0.202081284247 0.189199438143 2.0750794474e-15)
(-0.0500019107664 0.269729642478 0)
(-0.228858540609 0.316010833852 0)
(0.358145585015 0.100360251406 -1.46225988752e-15)
(-0.163467294386 0.101079498812 -2.70405922236e-15)
(-0.0723574425313 0.253356121231 -2.26048124487e-15)
(-0.187661335811 0.101551289023 2.63536641349e-15)
(-0.327109659141 0.228125650982 -1.22717825314e-16)
(0.0825335400173 -0.180067379998 4.95311831323e-17)
(-0.235599803126 0.297530570881 0)
(-0.188328115625 0.14095591762 -7.28119787074e-17)
(-0.0919583335917 -0.262270156851 0)
(-0.0282275692596 0.253828464603 -4.74172571563e-15)
(-0.0177088400846 0.159727544076 0)
(-0.117778202756 0.166933767413 2.64760458599e-15)
(-0.165996413145 0.224325605529 -4.07999331919e-15)
(-0.0389244655803 0.27811476665 -2.19828455868e-15)
(-0.206860357548 0.251194185778 -1.69471094416e-15)
(-0.119722426207 0.322062686315 -1.56394549357e-15)
(-0.0286363324983 0.166534269491 0)
(-0.26200472337 0.0511400244221 -2.30803186796e-15)
(-0.190508703984 0.210422844338 -2.01500180887e-15)
(0.217071060433 -0.0228985988164 -1.17073179012e-16)
(0.0451079542057 0.00911171346154 0)
(-0.0876464669612 -0.131141012788 1.46911517504e-27)
(-0.219396641458 -0.133380954615 -2.32789633295e-15)
(-0.117902186138 0.180683924739 0)
(0.229462784028 0.265058301567 -4.80615617055e-28)
(-0.17058450212 -0.308906513871 0)
(-0.0174143631405 0.24617610394 2.37776585975e-15)
(0.070547296869 0.333723351233 3.8438202415e-17)
(-0.248618696585 0.0316587655626 4.76205736439e-15)
(0.169762417047 0.0717269326587 0)
(-0.285403627258 -0.282643623158 0)
(-0.205673441471 0.234596310097 1.78394689535e-15)
(0.058702200605 0.063931063632 0)
(-0.0127375067991 -0.285724669479 0)
(-0.332281994193 0.215193769826 -7.33199411775e-16)
(-0.325456191333 -0.0720591917509 -8.11519916737e-16)
(-0.0280916845681 0.269969405385 2.19828455868e-15)
(-0.222925859692 -0.29604668232 -6.0140441451e-18)
(0.214870798691 -0.0993554790254 0)
(-0.0178683889536 0.119512680021 1.16735632596e-26)
(-0.0286645966784 0.139348743766 0)
(-0.0971699549033 -0.109687684183 0)
(-0.121537581548 -0.236529374424 -1.13401732498e-27)
(-0.0612716514349 0.245751521166 0)
(-0.095108595426 0.269574678096 -2.0525988164e-15)
(-0.12742861625 -0.00883636443179 0)
(-0.233960272116 0.205104229644 0)
(0.0479902734487 0.231142271548 0)
(-0.0175120564614 0.230993906588 0)
(-0.0836962946913 0.245582829525 2.26048124487e-15)
(-0.116362281067 0.061539628767 1.4297636089e-27)
(-0.140607536704 0.140242283657 0)
(-0.101287525022 -0.236307565919 -2.715158111e-15)
(-0.129083153975 0.146730676461 0)
(-0.118397116603 0.253530564343 -4.96089568295e-17)
(-0.0285960143469 0.180523844137 0)
(-0.131504390108 -0.211714140367 2.59207531277e-15)
(0.190144748526 0.228728808146 0)
(-0.127925908706 0.0809287085963 2.96638567272e-15)
(-0.274501299256 0.280179921186 0)
(0.258512379146 0.230300741902 0)
(-0.140963296468 0.167183250923 0)
(-0.0949778523892 -0.0279291370927 -3.34055742095e-15)
(-0.258275564877 0.29194372362 0)
(-0.0288535346151 0.0999778022284 0)
(0.235806964801 -0.0801632011194 1.22300555183e-15)
(-0.0182337330895 0.0809788714197 0)
(-0.129455615913 0.187664318864 0)
(-0.107873754554 -0.117387189463 3.12466228422e-15)
(0.0823440828273 0.0888333110388 0)
(-0.017107315649 0.278427542763 0)
(-0.170488481328 -0.257759745023 -1.99595791401e-15)
(-0.10562836947 0.106507997483 2.9962501922e-15)
(-0.299581651731 0.248398230262 0)
(-0.0487576379408 0.359446696443 1.60104725707e-15)
(-0.0184516278423 0.068321126204 0)
(-0.0838418695294 0.187472500926 -2.65826729776e-15)
(-0.02898921325 0.0871201739955 0)
(-0.0816174341392 -0.289360704791 -2.53293285635e-15)
(-0.22217399087 0.260343362976 1.52700575184e-15)
(0.304669942412 -0.0867415874835 0)
(-0.233805291573 0.237398864375 0)
(-0.248904757954 0.0446597436735 2.30803186796e-15)
(-0.310129538489 0.245927395807 0)
(-0.0516669711544 0.0113666050574 0)
(-0.0179844916087 0.106447979066 3.26076743257e-15)
(0.192325134551 -0.121109963269 -2.46973043174e-15)
(0.104495096435 0.0298249935377 3.3649031339e-15)
(-0.292740946557 0.261088864976 0)
(-0.107083847453 0.295449919662 -3.4483813918e-27)
(-0.0941893919062 0.0486687145278 -3.24890973416e-15)
(0.0925803078433 0.0350848138228 -3.3649031339e-15)
(-0.315537896653 0.16954450777 -1.1580658681e-16)
(-0.106587004767 0.245619252043 4.31685291994e-15)
(-0.152925165831 0.187871122453 2.11182589402e-27)
(-0.0130668694867 -0.063725483075 0)
(0.0329239814834 -0.00980623810306 0)
(-0.170205038383 0.321732357095 0)
(0.0710273070024 0.159735253233 0)
(-0.180731703249 0.233859318962 0)
(0.0356964953187 0.0510320877861 0)
(0.191456346128 0.198082758385 0)
(-0.127781545044 0.0679849740381 -3.03075633709e-15)
(-0.122579375447 0.372385589487 0)
(0.169201051119 0.106893008084 2.83709587833e-15)
(0.182924505394 0.100556067769 -4.25383675259e-20)
(-0.139620691821 0.0875171860162 -5.87337173663e-15)
(-0.316791639396 0.233240388862 0)
(-0.289266212363 0.212448668516 -1.36140955604e-15)
(-0.290068141205 0.238572426222 4.26229728471e-16)
(-0.309334993354 0.126815983051 -5.6381688305e-17)
(-0.164253627755 0.140602505825 -2.58768089242e-15)
(-0.150138818421 -0.0484896309589 0)
(0.0124870802918 -0.122708187452 0)
(-0.292463077324 0.265304738848 8.39287404889e-16)
(-0.100490380597 -0.304149039611 2.18269247193e-15)
(-0.3090237659 0.247974838688 0)
(-0.164849016993 0.181136009082 0)
(-0.158421185682 0.103554085671 -5.12439882803e-17)
(-0.119543689616 0.151199551425 1.16028806986e-17)
(-0.107013731295 0.277937047094 3.4483813918e-27)
(0.071084696226 0.120190685147 0)
(-0.0737634435846 -0.0274267797667 -3.48375059776e-15)
(-0.0950762511696 0.253287678989 -2.18154074688e-15)
(-0.210691438632 0.0244307547153 0)
(-0.275441040065 0.218399014784 0)
(-0.301983651618 0.191301597594 -1.50799466532e-15)
(-0.119737595751 0.304436446353 -7.49123990794e-28)
(-0.116307028597 0.0487151072214 -1.4297636089e-27)
(-0.141138535534 0.180851598507 0)
(-0.189718522428 0.338348418109 0)
(-0.108317064644 -0.132051742488 3.04706372658e-15)
(-0.262824076658 0.282779279418 1.04654425901e-15)
(0.0705829130177 0.201463517387 0)
(0.197480110977 -0.126060009542 4.1021411688e-17)
(0.0540762795609 -0.116457960549 3.30728825342e-15)
(-0.0377884528254 0.351509555588 -1.60104725707e-15)
(0.181681955832 0.124777933309 0)
(-0.374627358543 0.121737850356 0)
(-0.109997230896 0.361755832661 0)
(0.285877431905 0.113132644706 9.70018854525e-16)
(-0.0406104997145 0.0304116840237 0)
(0.0573469407329 0.0277328736824 -3.47377060017e-15)
(-0.0277330968238 0.30465516747 -4.05744544814e-15)
(-0.0695679668224 -0.316014231532 2.07400178811e-15)
(-0.0263471562765 -0.231092463006 1.48835457058e-15)
(-0.185956213104 0.0239549511739 2.84423999903e-15)
(0.0207980369177 -0.0291474652891 -3.61645867182e-15)
(-0.299352191144 0.258411877594 -1.02456950153e-15)
(0.0329915717877 -0.119850390498 0)
(-0.0749773493787 -0.0670781123442 3.44345232989e-15)
(-0.0398241603014 0.0807297045542 -6.09516334225e-27)
(-0.161972281618 -0.23510748609 0)
(-0.139128737199 0.0617950559432 6.15215731774e-17)
(0.0706530548434 0.0825223158306 -3.28155699184e-15)
(-0.237525402858 0.284573033185 1.24466950071e-15)
(0.374060620485 0.100944135458 0)
(-0.137502259949 -0.417561737882 2.89455065222e-15)
(0.0825880716447 0.101261581879 0)
(-0.0295393151527 0.0493654410878 3.46168371935e-15)
(-0.282665221435 0.275766284194 -8.39287404889e-16)
(-0.050963212464 0.0490087852654 0)
(-0.0412205010492 0.00544739872723 -1.61517317767e-27)
(-0.269414247329 -0.212352623431 1.45124872005e-15)
(-0.336404397684 0.0484308475427 1.75550603926e-18)
(0.271856942908 0.0862130172658 -2.84938208819e-19)
(0.290293637815 0.0204584122678 0)
(-0.0189164157553 0.043454830969 -1.27846556412e-26)
(-0.222659038265 0.276724049684 -1.42547932417e-15)
(-0.0333582224488 -0.205912286025 -3.10181582289e-15)
(-0.27294384168 0.00680297589489 -1.03368384033e-16)
(0.208070457291 -0.0751280303277 0)
(-0.208524882465 -0.111733443943 1.13380357091e-27)
(-0.287953258377 0.197146961502 1.50811349728e-15)
(0.00876879946785 -0.0490098787762 -1.31023358365e-26)
(-0.162598608387 0.0621946353883 -2.90499792508e-15)
(-0.308691697493 -0.10745470871 1.65133678658e-15)
(-0.105454251793 -0.00867077261479 -5.56271570444e-17)
(-0.10515412896 0.042390289553 3.24890973416e-15)
(0.0826123626299 0.126651059154 0)
(-0.0729328618561 0.0109317322437 -3.41959494007e-15)
(0.180031873236 0.00053343426187 3.08677206824e-15)
(0.167689801015 0.144288225751 2.56240631727e-15)
(-0.308884652351 0.112296184016 -8.15312033232e-16)
(-0.249933529318 0.277240067983 -1.24466950071e-15)
(-0.150943446694 0.068359753366 5.87423268899e-15)
(0.130981306128 -0.228666576166 0)
(-0.0292916039905 0.0619546130864 -1.56467436029e-27)
(-0.27448270084 0.274214349028 -1.04654425901e-15)
(-0.301209329946 0.175834970965 1.52449290436e-15)
(0.350115673234 0.110909510332 1.51048154291e-15)
(-0.0383471269078 0.332460467799 1.82901903158e-15)
(0.195759792154 0.11803487716 0)
(0.0582428086323 0.0517319100849 0)
(-0.017000570277 0.29595268318 2.03576767926e-15)
(0.177998977808 0.206143900139 2.16174721285e-15)
(-0.313814054663 0.155028383566 1.54410507473e-15)
(0.154080386109 0.164563833633 2.56871364146e-15)
(0.1526079766 0.206934316813 -9.95767631968e-28)
(-0.234135292896 0.21991034377 9.54786472994e-29)
(0.0702951261064 0.0702444700479 1.50430123917e-27)
(0.0287511474216 -0.264394983173 0)
(-0.170911027928 0.306096140436 0)
(-0.283988316606 0.166894003397 0)
(0.15562029166 0.125673199735 -9.87941634117e-27)
(-0.174813155817 0.0688492136664 0)
(-0.139585016942 -0.0967751089002 -3.05506185162e-15)
(-0.117851233477 -0.0961973945897 0)
(-0.0513690951922 0.0240136919853 0)
(-0.0389138336871 -0.150457452558 0)
(0.271918419111 0.00574407300628 -4.17062652799e-17)
(0.184713499851 0.292284040376 0)
(-0.173819162364 -0.119185114692 0)
(0.000194178401111 -0.146143744536 -3.28980890845e-18)
(-0.096716629393 -0.0954937924958 3.30358208184e-15)
(-0.0205291676591 -0.0064793692563 3.60502977985e-15)
(-0.185142969558 -0.0691312265968 0)
(-0.17506381231 0.0818210549698 0)
(-0.174008775258 0.0302063874621 -2.84423999903e-15)
(0.0507842007487 -0.0581307886069 -3.01696379669e-17)
(0.322581078801 -0.0106503828782 2.05205706604e-15)
(-0.209100812934 -0.0690329612501 0)
(-0.138990967979 0.0489221152555 0)
(0.156575630341 0.0659295572389 0)
(-0.222757197088 0.00516279111773 -2.61805094121e-15)
(0.0467631980821 0.0453891241269 0)
(-0.186568086761 0.049765118458 6.25733108465e-28)
(-0.121296405076 -0.253019350825 2.3802371204e-15)
(0.156472158628 0.0892073060827 0)
(-0.127478085239 0.0424744584663 0)
(0.0273593016666 -0.220151069404 -1.12552560203e-17)
(0.0696221814612 0.0461650197562 0)
(-0.0399802601031 0.0680092644767 3.37521709539e-15)
(-0.0200250536338 0.00616228161637 -3.56885556724e-15)
(-0.0103379571288 -0.154975011847 3.33167681166e-15)
(-0.151154532735 0.0813330632525 6.36879046366e-17)
(-0.119131218356 -0.140039620529 -3.04706372658e-15)
(0.271630363781 0.0972679089838 2.84448534901e-19)
(-0.0507867397583 0.0616609934125 -3.37521709538e-15)
(-0.0403350528419 0.0430006794032 -3.46168371935e-15)
(0.106413277892 0.101401146905 0)
(-0.0638789256566 -0.046674966547 6.98233328493e-15)
(0.0566409648062 0.0155998921195 3.1909790914e-27)
(-0.163224930168 0.088002805927 2.84329815927e-15)
(-0.0165904436969 0.332933037118 0)
(-0.00763341659404 -0.125118274612 -3.41518315778e-15)
(-0.00637335596275 0.270183759292 0)
(-0.119562561421 -0.155236343938 0)
(0.270635819068 -0.00365472559729 -2.70255752944e-15)
(-0.132771749246 0.330451274442 0)
(-0.00645734890374 0.254073967772 0)
(0.239323452301 -0.0693853361509 1.30430268028e-15)
(-0.290620154943 -0.243330151863 1.41920809583e-16)
(0.225936871832 0.0821958070373 -1.29398018151e-15)
(0.0320296032863 -0.022316462723 0)
(0.272296057689 0.189543372095 4.6809832909e-20)
(0.157870549214 -0.198639812665 0)
(0.0443028289051 -0.00317324237274 3.55904718512e-15)
(0.280256227389 0.14929090085 -8.5056459218e-16)
(0.16987366897 0.0832445295899 -2.86187522059e-15)
(-0.31936997085 0.0542213662666 -1.06588130585e-15)
(0.204438369228 -0.156204219554 -7.28849592191e-18)
(0.0198517078989 -0.0419298733772 0)
(-0.282191772446 0.152364949537 -9.30672642225e-16)
(0.0538460105429 -0.286554393125 -6.77062170012e-17)
(0.285618803512 -0.0158701304385 1.27657804056e-15)
(-0.15032894483 0.0298559974674 0)
(-0.161742259999 -0.0690176641969 0)
(-0.150623014945 -0.0898136977953 1.35131557967e-27)
(-0.0244285925073 -0.336062637246 -1.36889474974e-15)
(0.165895107615 0.184766201568 2.30576935048e-15)
(0.092822206078 0.230785812419 -2.36077183726e-15)
(0.103688614075 0.0180811564334 -6.11743352335e-27)
(-0.325661258189 -0.0849779272789 1.5246113481e-15)
(0.168967387386 0.119012420476 0)
(0.0783522614509 -0.196520119717 0)
(0.0759686585584 -0.112575533097 -5.97244019121e-27)
(-0.365077685271 -0.0289204741972 -1.83198675332e-15)
(-0.11694037407 -0.0548234530222 0)
(-0.105800710684 -0.0346687843319 3.34055742096e-15)
(0.0805105437818 0.0287530278208 -3.44177288036e-15)
(0.0690240557707 0.0341085332939 6.91554348051e-15)
(-0.116567214922 -0.0282739194742 0)
(0.0403327689429 -0.139786843862 0)
(0.338134486853 -0.0178060372115 -1.24220992406e-15)
(-0.0473950865803 -0.128726240544 0)
(0.0552094216588 -0.00839535913476 -3.55904718512e-15)
(-0.00588566770261 0.305058585444 0)
(-0.128184647107 -0.0754952306809 0)
(-0.0300777071362 0.0245258520651 -3.22301643909e-27)
(0.146042860212 -0.212630352292 -6.98153200594e-16)
(-0.398204777979 0.109252043817 -4.28442293674e-16)
(-0.127355250707 0.0040855301219 0)
(0.328375865452 0.146413586592 0)
(-0.0839395559507 -0.00835086349883 -3.39136629467e-15)
(0.0826632310056 0.139664212492 -5.88415687271e-15)
(-0.0860672865226 -0.0880544397422 -6.65720802657e-15)
(0.183082003327 0.0888962384233 2.86198771921e-15)
(-0.0624001844153 0.00488151885962 0)
(0.118476519541 -0.161785677716 2.72137585535e-15)
(0.0944578824834 0.120221238605 -2.99461688229e-15)
(0.156462722679 0.101107821743 -2.83709587833e-15)
(0.0943452414477 0.107586592893 0)
(-0.156847564145 0.297389107349 0)
(-0.295455352654 0.132524077013 0)
(-0.213000019272 0.207769920198 -9.54786472994e-29)
(0.155335698549 0.138256969752 9.87941634117e-27)
(0.239591102357 0.00415643205258 0)
(0.241254145995 0.254051464026 0)
(0.0621090350659 -0.226255314163 -2.62786600306e-15)
(-0.116397846199 -0.0152296510323 -3.28363450772e-15)
(-0.128491324983 -0.0893656470644 3.05506185162e-15)
(0.0816959669467 0.208574307265 0)
(0.203874208611 -0.146486438836 -2.02521905019e-15)
(-0.0304640891647 0.0119402949996 3.56885556724e-15)
(0.20875519342 0.00251278524439 0)
(-0.0396658937945 0.106297095409 0)
(0.167267858069 0.157263823584 -2.44012733902e-15)
(-0.0275354115388 -0.127111333113 0)
(-0.352441341965 0.0303781531197 8.32065445348e-16)
(-0.152400648324 -0.211694141046 2.44158478022e-15)
(-0.164581187556 0.167453149356 0)
(0.10151464304 -0.0948921066716 3.24480338621e-15)
(0.153695741577 0.17812126673 0)
(-0.080457740152 0.384915218274 8.07965727487e-16)
(0.130894893516 0.089267007508 0)
(0.0815862388573 0.22324450212 0)
(-0.296745976527 0.147171364883 0)
(-0.186798893074 0.0626899297738 -6.25733108465e-28)
(0.106165914699 -0.125849535459 2.98991174983e-15)
(0.234919384048 -0.132568866471 -8.05816031373e-16)
(0.169361485215 0.177741647834 -3.8764646778e-17)
(-0.263308401561 0.255859988034 0)
(-0.0164616186921 0.352325431753 0)
(-0.0837095659546 0.0044651856147 4.59816328893e-17)
(0.234178219748 0.174120901775 9.4784259129e-16)
(0.119283780691 -0.242607880246 0)
(0.118865572676 -0.236994324971 -7.19050776216e-16)
(-0.0871098424517 -0.116510622305 3.29269224177e-15)
(0.181428400683 -0.178874927401 1.60912256728e-15)
(-0.210459582262 0.0114389353655 2.61805094121e-15)
(-0.28954799418 0.254778557621 1.02456164153e-15)
(-0.277590526881 0.262794432412 0)
(-0.0818133381576 -0.25354058175 -2.67613413216e-15)
(0.21370259409 -0.14434074144 -9.81342177659e-16)
(-0.159682322516 0.253706572664 0)
(-0.392585807115 0.0902143278845 7.06338303185e-16)
(0.143238300676 -0.153586758648 5.08289355844e-15)
(0.0392432116176 -0.0655371194538 3.53363353526e-15)
(-0.0194058223882 -0.148519240029 0)
(0.126876435166 0.161798891423 3.68111642587e-18)
(-0.122183623265 -0.139203495799 0)
(-0.321414620067 -0.263671467377 -3.80025459616e-16)
(0.11846757755 0.107595303183 0)
(-0.118234377513 -0.110432867376 -6.18473839009e-15)
(-0.0416253845623 -0.00725520537974 1.61517317767e-27)
(-0.152676959744 0.160543721801 0)
(0.175042175986 -0.182943645514 -7.21077797436e-16)
(0.0425088077787 -0.125154912547 0)
(0.172655513548 0.301397964947 0)
(-0.09473172114 -0.014937399956 6.73062795943e-15)
(0.0218652571967 -0.128418257869 0)
(-0.274936261762 0.0453232255316 1.05878084186e-15)
(0.0669455955878 -0.00176717336449 0)
(-0.230164958997 -0.140143865084 -9.71871136989e-28)
(0.00434914045971 0.246318797009 0)
(0.0638325399156 -0.121359965251 -3.30728825342e-15)
(-0.174400466661 0.321528287095 0)
(-0.00591896435026 0.323761783422 0)
(0.0200623820825 -0.143269108765 0)
(0.0301718772619 -0.0472864870891 0)
(-0.184752528469 -0.187388986667 -2.39567778677e-15)
(-0.0192690176409 0.0309366258899 -3.54354291922e-15)
(-0.239362676964 -0.161330601113 -8.78932656948e-28)
(-0.139116801133 -0.0687475661538 1.403822787e-27)
(-0.0634428679711 -0.0335535561499 3.48375059776e-15)
(0.0290115735641 -0.0602730661903 0)
(-0.251109650782 0.12258084415 -2.10013404996e-18)
(-0.389970489181 0.113124877338 -3.47217898226e-17)
(0.165483988074 0.199041466943 -2.16174721285e-15)
(-0.251715877487 -0.184780530215 0)
(0.0532969154963 -0.261820814601 0)
(0.0470927732589 -0.257149774388 -2.64997357012e-15)
(0.00167908836966 -0.131167220489 0)
(-0.107164368512 -0.311100528763 -2.08495372557e-15)
(0.128460718902 -0.16476534984 -2.58172573524e-15)
(0.130377684019 0.138984824441 -1.02862947894e-26)
(-0.0318292883425 -0.0259271301425 0)
(-0.0577912965993 -0.136869360092 0)
(0.170293080883 -0.144776691304 0)
(0.267906558905 0.132354947986 1.00189725801e-15)
(-0.317949080483 0.213153957989 1.1196367957e-15)
(-0.0778367874955 -0.138126301164 0)
(-0.219909951771 -0.118805430939 -2.31526605328e-15)
(-0.246401175796 -0.0339421537671 2.32402390762e-15)
(-0.17289374042 -0.226579912499 0)
(-0.221003786403 -0.0758830795952 0)
(-0.210592449754 0.183506696195 -7.93030414574e-17)
(-0.118767302289 -0.299545647562 1.03104367966e-15)
(0.177785088743 0.317981465922 0)
(0.0195708626336 -0.214022948724 1.49361111738e-15)
(0.132883330552 -0.0540935591149 0)
(-0.0450279958271 -0.0860255833594 0)
(0.336374608392 -0.0246509425153 1.37818904823e-16)
(0.152277297343 0.221993517783 2.14550274432e-15)
(0.193965736589 0.296178378125 -1.21728445394e-15)
(-0.00417744230757 -0.275050722481 -1.18988676304e-15)
(0.0291662393756 -0.148935006914 0)
(0.231011891082 -0.122632461342 1.78187128057e-15)
(0.177562293069 -0.171774727405 0)
(0.251766171268 0.139870389568 -1.08221716505e-15)
(-0.150377765001 -0.0758974178658 -1.35131557967e-27)
(-0.141829211185 -0.203716914069 -2.59207531277e-15)
(-0.286843801761 0.0136563696846 -2.15570301247e-15)
(0.154094330481 -0.155850370527 -2.5011678232e-15)
(-0.196998767493 -0.0902323450532 0)
(0.216506450601 -0.0429690916779 0)
(-0.0673788281698 -0.130059318039 0)
(-0.0395778681484 0.146001708828 3.01292123294e-15)
(-0.163208870277 -0.187767608611 -2.4802126368e-15)
(0.186517368852 -0.170392958183 -5.30144797983e-17)
(0.262680701598 0.17163317684 0)
(-0.162039443374 -0.0972258166238 0)
(0.0813468736822 0.324671449263 1.74888580452e-15)
(0.237283133952 -0.111200069337 0)
(-0.181684285713 -0.248841406689 1.99595791401e-15)
(-0.152481433254 0.147094869183 2.58768089242e-15)
(0.175332849271 -0.159203740829 2.09036852627e-15)
(0.189287784549 0.244665504166 1.67259976969e-15)
(0.123047800045 -0.180129581191 -8.02176937721e-17)
(-0.347913717085 -0.192337099965 -5.46181154697e-16)
(0.0913307692908 0.0116619447742 -3.44059575421e-15)
(-0.270105317873 -0.177494826471 -2.32882895757e-18)
(-0.0313064949437 -0.013109111091 0)
(0.235095744207 -0.0260279012491 2.79403812556e-15)
(0.127707817372 -0.2151284241 -5.04911928647e-19)
(0.105893994973 0.0650801340128 3.21100087247e-15)
(0.185734449715 -0.159042390553 -9.37420914881e-17)
(-0.127585063911 -0.0349895517936 0)
(-0.385086363017 0.101609100601 0)
(0.229381271895 -0.101312357983 0)
(-0.336069457088 0.0358552331025 -1.83063734801e-15)
(0.182112476744 -0.145884095803 0)
(-0.24165915523 -0.132140626075 -2.02913748893e-15)
(-0.0159422611914 -0.307667434411 0)
(-0.189911115276 0.18176445389 0)
(-0.208739221123 -0.0974012647609 -2.47961955116e-15)
(-0.131530123673 0.346242967751 0)
(-0.023354075693 -0.196335020447 6.21580974379e-15)
(0.109378785476 -0.11215807056 0)
(0.0588531803749 0.376092467531 -1.09154797247e-26)
(-0.202726593333 -0.176224999858 0)
(-0.173343915774 -0.0761644861672 1.27973916444e-27)
(0.256834280834 0.0707624510869 0)
(0.269046012208 0.120455895091 3.32751183076e-15)
(0.211683938028 -0.135123992716 -2.07963417175e-15)
(-0.037966723415 -0.135343768259 0)
(-0.259584816353 -0.0133707404245 0)
(-0.174073882482 -0.179802172494 4.87589042358e-15)
(0.150247774469 0.304358592723 0)
(-0.130831863866 -0.179246355619 2.7126524314e-15)
(0.163327088632 0.278729917671 0)
(-0.151155536015 -0.118734841616 -2.84100829339e-15)
(0.0797457332978 0.0168013791299 3.44059575421e-15)
(0.104712767551 -0.172850052655 -2.72137585535e-15)
(-0.16307711465 -0.203420923849 -2.44158478022e-15)
(0.177517679514 0.221342910297 0)
(-0.0182076089818 -0.133460411378 3.41518315778e-15)
(-0.28953021029 0.0524716769309 -1.05709509836e-15)
(-0.269438350671 0.172409295639 0)
(0.246595282801 0.240695303449 0)
(0.206770830129 0.162274653564 0)
(-0.1852179248 -0.0975006945164 0)
(-0.0243947854393 -0.31601468863 0)
(-0.0523411496285 -0.0138815141964 1.60857573464e-27)
(0.0678357745999 0.0103369023869 0)
(0.0472188180331 -0.303799553752 -4.03754003629e-15)
(0.0860599139212 -0.117020715127 0)
(0.122958669064 -0.147027660827 -2.83208998476e-15)
(0.0832135664233 -0.131083962786 0)
(0.0953444546126 -0.169106288223 2.84202929182e-15)
(0.164377054191 -0.0169806997204 0)
(-0.220673381717 -0.0899277754801 9.40836919727e-17)
(-0.184265900715 -0.202688677824 -2.18656282402e-15)
(0.126315199283 0.323305257501 -1.56221725851e-15)
(-0.154532254261 0.247050614138 0)
(0.0152420988577 0.254264308678 0)
(-0.140877213678 0.337036493884 0)
(-0.331443801077 -0.219266294834 0)
(0.151383676069 -0.186011100045 -1.0062618225e-15)
(0.24152587739 0.0655956000417 0)
(0.160105285186 0.336115289163 1.01763865955e-15)
(0.205114929044 -0.12277932005 0)
(-0.303502423113 0.0468187885074 9.7116252562e-16)
(0.0415496008479 -0.0401946724419 -3.25287769236e-27)
(0.176528950936 0.253390402894 0)
(-0.00137871804299 -0.0434388529722 3.61237994099e-15)
(0.254970587559 0.103909542124 0)
(-0.130462700731 -0.163491648975 -2.81861063233e-15)
(0.0158056164468 0.305415561183 0)
(-0.325819209604 -0.11545872282 0)
(-0.000577492414382 -0.0305379995997 7.24222988536e-15)
(-0.156522351683 0.279951242466 0)
(-0.197022061231 -0.0762145874261 0)
(0.26435364891 0.158522330906 0)
(-0.329223893021 -0.0298320852728 0)
(0.132657817354 -0.182451220426 -7.65009526639e-17)
(0.248021359945 0.18024185518 -9.45197281036e-16)
(0.175546767709 0.269934668367 0)
(-0.378464812091 -0.0618772580673 1.20521350056e-15)
(-0.182372069417 -0.233675683967 2.05513109998e-15)
(-0.138897868796 -0.0551786048937 -1.403822787e-27)
(0.00465571644271 0.278734036114 0)
(0.0993598375569 -0.153898812948 -2.95010926064e-15)
(-0.0463809173448 -0.288743374438 1.4507839471e-15)
(-0.150450670899 0.0427153301378 0)
(0.169769955163 0.316198592531 0)
(0.148713525675 -0.207384806996 1.47168108163e-15)
(0.00476308465892 0.296173965533 0)
(-0.272492575937 -0.00662667868628 -2.14412117722e-15)
(0.199589650511 -0.134781407243 0)
(-0.0395998618708 0.119412326856 -3.13773041493e-15)
(-0.174198029659 0.0430966834385 -2.88425916532e-15)
(0.0988313969934 -0.108188451823 0)
(0.0897168158504 -0.149904644848 2.95010926064e-15)
(-0.0627143364741 -0.00787881585738 0)
(-0.356626105449 -0.184659594036 0)
(-0.141755867622 -0.18760195805 -7.42416805184e-17)
(0.0656887056704 -0.272681787041 -1.95799721184e-15)
(-0.287555703731 0.0268671436176 -4.87910013088e-17)
(-0.0667299082711 -0.115455185394 -6.71674105654e-15)
(-0.368110123774 0.0130656012679 2.24342570542e-16)
(-0.0734329680136 -0.014489466398 -1.57491271038e-27)
(0.0930936794003 -0.135306478421 0)
(0.206218360018 0.174142987808 0)
(-0.147370770987 0.22391847318 0)
(-0.186392254984 -0.257412561165 -5.68390991816e-17)
(-0.257378911548 0.193598684121 0)
(0.054204386022 -0.020732348713 0)
(-0.16239565134 0.0492852175255 2.88425916532e-15)
(-0.271030172282 0.187811324392 0)
(0.223063319317 -0.112898547946 0)
(-0.0727354555242 -0.262103540774 2.67944502657e-15)
(-0.00589744369208 0.378127413645 0)
(0.0641966650736 -0.249000987704 -2.29570120816e-27)
(-0.127777520161 -0.0482673818225 0)
(0.162059237635 0.295468513971 0)
(0.0159399292096 0.324260022699 1.86455185696e-15)
(0.10891837607 -0.192174785476 2.51911757117e-15)
(0.0697898429691 0.352089393978 -1.55768684026e-15)
(-0.32507212989 0.228955738248 8.48771611885e-16)
(-0.173324451795 -0.211075316 0)
(-0.16228721315 -0.11154478233 2.84100829339e-15)
(0.0708631242082 -0.253162132594 0)
(0.171996949113 0.327719687304 -1.01763865955e-15)
(-0.0527631375894 -0.0267628024911 -1.60857573464e-27)
(-0.258829544912 0.209429547872 0)
(0.148298397683 -0.170184034528 -2.36263143915e-15)
(0.0693846300355 -0.230507234335 2.62786600306e-15)
(0.250908876907 0.15253749927 -4.02747276303e-18)
(-0.23356458234 -0.0547445198332 4.87604407591e-15)
(-0.265636652891 -0.176976844416 0)
(0.00538897814891 0.333254262739 -1.86455185695e-15)
(-0.0760122033328 -0.0946232517728 6.75289271905e-15)
(-0.365024408296 -0.0419855471428 -1.12228226017e-15)
(0.233094462863 -0.0359043081819 0)
(-0.173498746366 -0.0901319895922 -1.27973916444e-27)
(-0.0999566010484 -0.186039864027 0)
(0.238076642942 -0.00589953248789 7.25054256584e-17)
(-0.242476552452 -0.117633440744 0)
(0.0426474769675 -0.0275596070577 3.25287769236e-27)
(-0.00825030986219 -0.22818743505 1.14652498384e-17)
(0.0153473807684 0.270475113816 0)
(0.253854430439 -0.00953125851037 5.39904142832e-15)
(0.256396372045 0.0812117690095 0)
(-0.25904711864 -0.0268204582216 -9.84505436104e-17)
(0.254331935245 0.11520302819 -3.35986147797e-15)
(0.132514791172 -0.219575303365 6.85169077833e-16)
(-0.0784326677713 -0.153269248322 0)
(-0.41640364908 0.0578962592874 -4.41456646751e-16)
(-0.0449542132315 0.394965188263 9.57724687895e-16)
(0.166104498321 -0.191777411204 -7.17524356089e-16)
(0.40017611649 0.0681999362994 -8.52769468336e-17)
(-0.0612242420021 -0.398819540457 0)
(-0.252159125511 -0.13850632937 2.02913748893e-15)
(-0.349448390097 -0.210534353779 -1.48844537513e-17)
(-0.189806704841 0.169332804644 6.55121298962e-29)
(-0.0395553446177 0.15969989107 0)
(-0.129561320994 -0.132839485159 1.35874112662e-27)
(0.244792704696 -0.123401625686 -8.43786867626e-16)
(0.288423457315 0.0109949907546 0)
(-0.415170361346 0.0733045328555 4.48824641366e-16)
(-0.319561617878 -0.246341645878 0)
(-0.232128857658 -0.0966852653895 4.6729029269e-15)
(-0.129173223141 -0.118123511139 6.05047948329e-15)
(-0.346325546084 -0.0622208885105 7.93228642053e-16)
(0.155223325407 0.186362216536 -3.20641739605e-18)
(0.207294681917 -0.00811859291592 -7.07824995794e-17)
(-0.233139104673 -0.0685720564184 0)
(0.251939757925 -0.0195718549114 0)
(0.197065660755 0.296615490579 -6.59980241781e-28)
(-0.351633583491 0.0185356935558 0)
(0.235235221734 0.160910493737 -3.92752208589e-18)
(-0.139902788085 -0.111056515085 -2.99040337743e-15)
(0.0999922844705 -0.18883857713 0)
(-0.0730472032289 -0.280890082867 5.10806333645e-15)
(0.148235212577 0.32049044359 0)
(0.302649516453 -0.0185523184175 -3.68924939277e-15)
(0.0708584936888 -0.140478294801 0)
(-0.0425457218438 -0.0327370622919 3.24130762835e-27)
(-0.0615727522405 0.187453442336 0)
(-0.333367512891 0.155470094042 0)
(-0.344886183644 -0.208104008509 1.39850303186e-17)
(-0.088906112609 -0.161629580608 -5.8124368959e-21)
(0.231441965925 0.203180044607 9.10831679835e-16)
(-0.152320121352 -0.179742667378 -2.63841075089e-15)
(0.154173335553 0.337203183937 0)
(-0.160966555815 0.328340015124 -5.21496365082e-16)
(0.22026304086 -0.0224232161598 7.21690903656e-17)
(-0.347111503557 -0.00790747143656 1.77748971014e-15)
(0.16419213831 0.245661851345 0)
(0.0495946765974 -0.145017234089 3.2268971981e-15)
(0.350856763064 0.132196253142 -5.30270722712e-16)
(0.0868169085055 -0.200764951295 0)
(-0.059810727692 0.391664129924 -8.60740306204e-28)
(0.24043741832 0.0874545802736 1.2909836436e-15)
(0.190540031238 -0.0253241773374 0)
(-0.327396905078 -0.041664674016 -1.74675003209e-15)
(-0.0726208173757 0.208712503241 -4.56115605596e-27)
(0.136566654405 0.329291627252 2.4902859587e-27)
(-0.0765580247304 -0.108773026029 4.54008288042e-17)
(0.178652435138 -0.0104065116354 0)
(0.164625526061 0.229616165756 0)
(0.0349653698838 -0.270230897583 2.46306346302e-15)
(-0.302422849801 0.0337437301966 -1.04110743714e-15)
(0.00393370576491 0.119675391007 0)
(-0.231559077682 -0.111071998372 2.31526605329e-15)
(-0.251830966649 -0.153177889748 0)
(-0.106519741847 0.201564470696 0)
(-0.304094363905 -0.236199461686 1.15783619714e-15)
(-0.364105121343 -0.0720099375575 -1.02157714915e-15)
(-0.129613267429 0.20164453111 0)
(-0.0441613961431 -0.233216658847 1.4065052554e-18)
(0.158584040134 -0.171658514052 0)
(0.266983036067 -0.0221211206596 0)
(-0.0838585995251 0.201584993509 0)
(-0.0521135813585 -0.207837307129 -6.08706515164e-15)
(-0.00530583297035 0.361063028056 0)
(0.157947724246 0.324741073953 0)
(-0.329986051465 -0.236549866306 0)
(0.299591649195 -0.0289761342483 -4.75171279692e-18)
(0.0819990522769 -0.217688593023 2.50579403934e-15)
(-0.245882249518 -0.0475668423607 -9.69352457935e-17)
(-0.345621789816 -0.0479724402568 0)
(0.0613381811017 -0.135707978658 -3.2268971981e-15)
(0.209071102873 0.123589101429 0)
(-0.120191847471 0.126034184407 -2.35590620768e-17)
(-0.346706999883 -0.0206643978671 7.84949389939e-16)
(0.221918709807 -0.0120639812483 -5.69186664639e-15)
(0.380894982967 0.0805057687804 0)
(0.103852554163 0.324419303699 0)
(-0.0163595441596 -0.220949304977 1.49333647076e-15)
(-0.0950897732597 0.20864950904 -2.21493418473e-27)
(-0.299560370477 0.148084667102 -8.14535048418e-17)
(-0.012243478804 -0.0504996455512 -3.61237994102e-15)
(0.00415199839961 0.159787877364 2.18644545371e-26)
(0.239997305891 0.0986321112259 1.24454839642e-15)
(-0.153927783195 0.231230734736 2.07359535149e-15)
(0.224069215608 0.116797301562 0)
(-0.140971330991 -0.156008666854 2.81861063233e-15)
(-0.0148168260757 -0.203518049628 -4.67267430788e-15)
(-0.0542964007969 -0.0661778355399 0)
(0.0928094862267 0.333034266577 0)
(-0.200302941843 0.252077581451 2.21498242194e-16)
(-0.332359174643 0.145090825741 2.35278762084e-16)
(0.194133343401 0.143171101125 -1.17047692408e-18)
(-0.13845845976 0.315671116252 0)
(-0.264529058192 -0.161054645917 0)
(0.11505770971 0.331833573648 1.5622172585e-15)
(-0.152174391761 -0.164147764469 -2.66806134823e-15)
(0.315483134659 -0.0391763622298 1.87272954579e-15)
(0.21937531458 0.182273616839 2.06925671148e-15)
(0.0807698827617 0.358657971072 1.55768684025e-15)
(0.162667348583 -0.0282174663532 0)
(0.31720631692 -0.031032726775 0)
(-0.36605804426 0.000612850930878 5.96122511137e-16)
(-0.383294954106 -0.0496789939659 1.32985513573e-15)
(-0.316986064161 -0.209226450552 1.17452216153e-15)
(-0.352979451368 0.132791446638 -2.44799101997e-16)
(-0.326496404313 -0.131178793699 -6.84016152462e-16)
(0.114658706538 -0.0865923030977 6.09111763454e-21)
(0.186297518325 0.313996418932 0)
(0.104499507782 -0.246282209452 -1.7451629091e-15)
(-0.203729170397 -0.42219803112 0)
(-0.33966458118 0.209256389099 0)
(0.394468844873 0.0619236294735 0)
(-0.281397527793 -0.187269033847 -7.28639607389e-16)
(-0.207933803905 -0.141231404239 2.32789633296e-15)
(0.192268280555 -0.0145224090078 2.95273550498e-15)
(-0.061546811753 0.201654486752 -2.61964822304e-15)
(0.175034347491 0.322765469388 1.4859912394e-27)
(0.0822408998944 0.180135167264 -2.51436812937e-27)
(-0.151457051037 -0.133465252694 0)
(-0.317844311055 0.0283045225035 1.82970563128e-15)
(0.130633094356 -0.0661457146293 0)
(0.343044174399 0.133185809956 1.55106301593e-15)
(-0.193596529046 -0.42661569757 0)
(0.315386926437 0.158085816237 0)
(0.179266370847 0.177086383337 -2.30576963417e-15)
(0.23825983876 0.122214919544 1.15106741167e-15)
(0.367079490259 0.0699401948968 4.83349599829e-17)
(0.00537328958422 0.352065123271 -6.41862716992e-27)
(-0.300430219871 0.00827176990086 0)
(0.00347118695213 0.0813070727934 -1.23563803163e-26)
(0.192988200763 0.19279115794 3.82255095438e-17)
(-0.0527697018714 -0.225083735692 0)
(-0.283912257199 -0.205008554927 -1.45179330732e-15)
(0.00423195036085 0.201852481229 0)
(0.199323243777 0.275281504216 4.9324641711e-28)
(-0.140772340783 0.354130618044 0)
(0.396203450699 0.0591723841788 1.99236773197e-15)
(0.191733162492 0.285232878578 0)
(0.0912870393426 -0.242034174451 1.1579691866e-15)
(0.084467966641 -0.239250804535 -1.14901281353e-15)
(0.186906827943 0.306574925655 0)
(0.0918029351766 0.350251102661 0)
(-0.140646530513 -0.140796222126 0)
(0.146650859045 -0.0467498126929 0)
(-0.302084734033 -0.217476007439 -1.17232009198e-15)
(0.117159247694 -0.0739399199517 -6.09111860652e-21)
(0.0941798571152 0.146173059772 2.92521667263e-15)
(0.0151146394115 0.209053450373 0)
(-0.201681099177 -0.391091033151 0)
(0.151708492469 -0.0855274848308 9.00911765595e-20)
(-0.100428755418 -0.202460681725 0)
(-0.185267012421 -0.156604765564 -2.41593151176e-15)
(-0.205517428488 -0.201240836074 0)
(0.237525489726 0.134280802892 1.08658368009e-15)
(-0.222618224684 0.309459169397 0)
(-0.331611425062 -0.00188934655295 -1.69105014536e-15)
(0.0732669536256 -0.0556983800217 6.90037687942e-15)
(-0.185366462955 -0.141595221189 2.51068878957e-15)
(0.184404163963 -0.0579994651349 0)
(0.103303895174 -0.208759535301 1.18596247129e-15)
(0.334045600221 0.144384350238 -9.00680897045e-16)
(0.27955283237 -0.0446659140798 1.2049953654e-15)
(0.175705363468 -0.0321055619379 0)
(-0.329740539999 -0.167333565639 1.19918844229e-15)
(-0.329530012459 0.219096855399 -1.11551125926e-15)
(0.0651238689299 -0.0257880875461 0)
(0.206127178099 0.175807205186 -2.06993483201e-15)
(-0.317088004632 0.0156405616179 -1.84296518335e-18)
(0.11149684208 -0.211428790222 -3.47220391004e-15)
(0.148623676607 -0.0351502921167 0)
(0.0899892737837 -0.22168007105 -2.5186570016e-15)
(0.107580146546 0.369223299168 -7.98725417664e-27)
(0.00264583699312 0.0440158665418 0)
(-0.163016752922 -0.156534614876 2.66806134823e-15)
(0.104777964579 -0.227845573755 0)
(-0.0818311296032 -0.235778237353 5.5905359898e-15)
(0.0941100817469 0.159464335932 2.8083567304e-15)
(-0.332849307897 0.0101659791637 -6.95286663917e-18)
(0.082324085362 0.166427368627 -2.8083567304e-15)
(0.20858353402 0.135937098939 0)
(-0.162819944874 -0.141375013204 2.6809930245e-15)
(0.179741552173 0.163493735121 4.80858165624e-15)
(-0.313688096688 -0.0106627781468 0)
(-0.195844415271 -0.179159930696 2.21690668435e-15)
(0.246120624365 0.193948826078 1.71566463375e-18)
(0.0638787739813 -0.0382287723755 -3.49416997872e-15)
(-0.174159522525 -0.164414725108 0)
(-0.299843217087 -0.0047582025677 0)
(-0.237000380808 0.274722031318 -4.11433611142e-28)
(0.145118637959 0.313599756859 5.56267089567e-16)
(-0.0503992551255 0.223376710717 0)
(-0.14693601218 0.313565468108 -2.86694894741e-16)
(-0.0654506747222 -0.0871473793325 -3.39926677431e-15)
(-0.144071733266 0.165652204141 -2.68803063407e-17)
(0.148696936656 0.263043187981 0)
(-0.180292766322 -0.281677495174 8.57075354373e-16)
(-0.147011182703 0.34851900616 0)
(-0.265096160674 -0.115899975058 0)
(-0.173969431279 -0.13392059717 -2.6809930245e-15)
(-0.0908487740046 -0.210331377744 -5.35837263362e-21)
(-0.196752480309 -0.133920634428 -2.51068878957e-15)
(-0.155907696662 0.286009165639 2.29031885555e-16)
(-0.312948643709 -0.0234934529012 -9.58895179373e-16)
(-0.194348801446 -0.209876260019 2.18656282401e-15)
(-0.0443448431714 -0.072344258249 0)
(0.17925121859 -0.0805499411877 -3.43764904798e-19)
(-0.177352831345 0.274939477857 0)
(-0.122981943658 0.143415682175 -1.16239924976e-17)
(0.186858860043 -0.0468407204959 0)
(0.192003155628 0.183708320094 0)
(-0.0504741807162 0.208813828408 2.61964822304e-15)
(0.221988880361 0.141753764605 0)
(-0.296452218102 -0.0443323045675 -9.3237167552e-16)
(-0.278967017607 -0.107845287263 -8.963295377e-16)
(-0.0981737033779 0.105551305487 0)
(-0.198800088269 0.323056756087 2.92787000686e-28)
(0.112022579088 -0.229784016945 -6.20446447353e-17)
(-0.0803882447483 -0.20136359257 0)
(-0.207526175338 -0.156089262692 -2.11891322367e-27)
(-0.143646950018 0.291461952356 5.7663009186e-17)
(-0.212686896277 0.273969346027 0)
(-0.0537427010261 -0.0528118272467 3.31256573415e-17)
(0.221424017047 0.15466583764 0)
(-0.186662062812 0.267069539371 0)
(-0.281272037016 -0.0659314376267 -3.00241979224e-15)
(0.0938486130163 0.0707675090538 -2.94590677835e-27)
(0.0941964661158 0.0829012045078 2.94590677835e-27)
(0.169262280782 -0.0656590558355 0)
(-0.285009155017 -0.0123018465088 2.15043766849e-15)
(0.142068094639 0.158241032592 -2.56871364146e-15)
(-0.0911770502198 -0.227308237343 -5.55308452096e-17)
(-0.255138766442 -0.0952466589776 0)
(-0.196269946917 -0.164108303594 2.41593151176e-15)
(-0.186515451469 0.331257725861 0)
(0.0640178038766 0.385479503265 0)
(-0.0716927675966 -0.226542394649 -5.6825434872e-15)
(0.257994320366 0.199067722288 -7.19896233318e-19)
(-0.167532775576 0.165499938071 0)
(-0.244036680718 -0.0890945684078 -2.28752955234e-15)
(0.0370864048019 0.270649135942 0)
(0.00133339694494 0.0070219390324 3.58886789327e-15)
(-0.14589471661 0.156423977733 5.06041258857e-17)
(-0.193609892725 -0.224732614734 -2.05513109998e-15)
(-0.282162859091 -0.0523006549029 -1.04433196458e-15)
(-0.0645406382267 -0.289567350775 -2.54286342041e-15)
(-0.064896220542 -0.0734155966281 -3.44345232989e-15)
(-0.00734560371324 0.0873854354968 -2.40833176535e-26)
(-0.297046454323 -0.0310077217963 1.96640172674e-15)
(-0.00696245124448 0.126097179999 -2.26581897836e-26)
(-0.00804737220546 0.0498294757403 0)
(0.046419741064 0.391677548081 1.18807153372e-15)
(-0.233211379926 0.299393964825 0)
(0.147024746563 0.290539977241 0)
(-0.0544448814729 -0.280090403067 1.05679995401e-17)
(-0.00679455362958 0.166588144224 0)
(0.245068859618 -0.0491378746925 3.88821640707e-15)
(-0.0610598632066 -0.200085662097 6.01873224681e-15)
(0.159083345835 -0.0505523617765 0)
(0.281514253813 -0.0360410265107 -2.52910723748e-15)
(0.247974279705 -0.0390909514911 0)
(-0.198352757436 0.310346766319 0)
(-0.00917815770595 0.0126551933525 -3.58886789324e-15)
(-0.284187257613 -0.025535625142 -1.01061275587e-15)
(0.0554003626968 0.392950910034 -1.18807153372e-15)
(0.0370553890218 0.209015185017 9.43731980665e-27)
(-0.00670706323217 0.209011706365 0)
(-0.268284269167 -0.0735284185305 4.18238193137e-15)
(-0.0627979252196 -0.234619996335 2.86375661368e-15)
(-0.181411952999 -0.300862230154 1.33939883269e-17)
(-0.270882128013 -0.0326580988155 -2.22872123891e-15)
(-0.184055843706 0.296004442361 0)
(-0.0725762980615 0.223200594406 4.56115605596e-27)
(0.129442435827 0.165419287377 0)
(-0.0613801957388 0.230622156579 0)
(0.0596561915396 -0.0761564219609 -1.26215234561e-26)
(0.156699117492 -0.0621821419403 0)
(-0.08371657583 0.230466316705 0)
(0.00425902544824 0.231120084487 -2.54391021485e-15)
(-0.0951100224446 0.22309658971 2.21493418474e-27)
(-0.0430877534852 -0.0457966268225 -7.11216188899e-15)
(-0.106481316677 0.230416984289 -4.07637596093e-27)
(0.0612894859436 -0.0631223063551 -6.97400566249e-15)
(-0.254374246445 -0.109685046106 0)
(-0.0711116138105 -0.209242646118 -2.99066028333e-15)
(0.260814831951 -0.052002869918 -2.55987179692e-15)
(-0.063264088873 -0.252513962176 0)
(0.156341096096 0.279838529762 5.63434697185e-20)
(0.173636953878 -0.0433052551306 0)
(-0.31513985504 -0.190529759443 -5.85793696312e-16)
(-0.270257282581 -0.0464320341457 1.0446445657e-15)
(-0.101421802268 0.112990112037 0)
(-0.292522959327 -0.115093934641 -7.7401025825e-16)
(0.118517010476 0.0831910165486 -2.86720330528e-27)
(0.194794778279 -0.0723900283526 0)
(0.213898204951 -0.0535857963866 0)
(-0.257641362913 -0.0537067466175 -2.2946054434e-15)
(-0.0238103070227 -0.0710402915365 0)
(0.166420484334 -0.0773217630608 0)
(-0.167396613395 0.176950758882 -1.19669004972e-16)
(-0.0636260830593 -0.308210654551 -1.03649488826e-15)
(0.106215752063 0.0891181700667 0)
(-0.228667814733 0.285980532639 0)
(-0.267460642848 -0.0877046898961 0)
(0.0478129790087 0.382589298036 0)
(0.0263417451013 0.279058557059 0)
(-0.297219179557 -0.179677691395 7.28366182274e-16)
(-0.308993624576 -0.139750442186 0)
(-0.256928245583 -0.0675477039804 -2.14570859166e-15)
(-0.244760940324 -0.0750188961702 0)
(0.0260883357081 0.246433160967 0)
(-0.279294085789 -0.0937346845734 3.69810071896e-18)
(-0.293493603015 -0.130161814198 0)
(-0.295555602369 -0.163262551841 1.45923038501e-15)
(0.10189350031 0.356027762856 0)
(0.265049019075 -0.0317916589824 2.52938860079e-15)
(-0.310799253148 -0.155962211534 -1.48451796667e-15)
(-0.00870099713312 0.0251636948901 3.54354291923e-15)
(-0.00773192344063 0.062346349604 0)
(-0.0101826035052 -0.0121716017859 -3.60502977986e-15)
(-0.00715877643625 0.100183048551 -3.26076743256e-15)
(-0.264961419548 -0.130527944376 0)
(-0.0108219353141 -0.0249102042173 -3.61999711558e-15)
(-0.00686504329095 0.139430101361 3.0563051041e-15)
(-0.0216395556189 -0.0317349670773 0)
(0.197812145965 -0.0612247390702 0)
(-0.278885641706 -0.153457313511 0)
(-0.00673720180664 0.180562585633 -2.82033928538e-15)
(0.154620890697 0.309534630061 -5.56256817593e-16)
(0.257999707583 -0.0610740811234 0)
(-0.0337082684354 -0.06506680828 0)
(-0.0223031926657 -0.0447220229141 0)
(-0.278086684076 -0.138417534405 0)
(0.131285067524 0.33371873779 0)
(0.294962286057 -0.0475001423321 -1.20497824034e-15)
(-0.00663591239274 0.223635704175 0)
(0.0261374313266 0.201835234986 0)
(0.142877726291 0.327334359742 0)
(-0.136539569869 0.134493722651 2.8270243632e-18)
(0.0370678092689 0.223645855709 -9.43731980664e-27)
(0.0671317449023 0.380099363749 -1.338725253e-15)
(-0.0330291774197 -0.0517637159066 3.56901993208e-15)
(0.113394926071 0.347925033224 5.4175333393e-27)
(0.13674604873 0.353976431701 -8.01791935472e-27)
(0.0260467198174 0.231181752173 0)
(0.0426880656297 0.393904887678 1.02052522047e-15)
(0.0724669031917 0.388279115365 0)
(0.0894324196996 0.378338807688 0)
(0.0263710481078 0.296624091193 0)
(0.0525780499529 0.384457731681 0)
(-0.118176969939 0.115712760302 -2.67541933172e-18)
(0.0841955035433 0.38146254777 0)
(0.0267181636372 0.352647244337 0)
(0.121216055726 0.353396338509 8.13493339617e-16)
(0.0162156633552 0.360979597345 0)
(0.0261902777864 0.384248051101 1.46057935306e-15)
(0.065368347766 0.391957613882 -1.15956711588e-27)
(0.016370475694 0.378204272988 -1.46057935304e-15)
(0.142356521901 0.345398093895 8.01791935474e-27)
(0.0880092469173 0.375239758554 -1.30498117154e-15)
(0.0783660512467 0.373162709267 2.64370642456e-15)
(0.035008991576 0.396913907954 0)
(0.0250858884496 0.396403908147 -9.82941230883e-27)
(0.122311999842 0.35157800735 -1.30133045077e-15)
(0.273353754442 -0.0643004288547 -1.95727649976e-17)
(0.119240120037 0.362689332103 8.99854667461e-27)
(0.290768549962 -0.0557627666314 0)
(0.0305777832344 0.397532637584 0)
(0.133001199056 0.346732627778 -8.13493339615e-16)
(0.099642230519 0.369064090652 0)
(0.124769690905 0.360846429117 -7.20068983494e-27)
(0.119160957379 0.365772425809 7.20068983495e-27)
(0.133892255808 0.344010421289 1.30133045076e-15)
(0.153471933123 0.34186888862 0)
(0.15427955856 0.332622911687 0)
(0.166039904095 0.323977041901 -1.48599123943e-27)
(0.165123977408 0.313595449053 -1.79599565765e-20)
(0.179197848353 0.282605651136 0)
(0.171192205215 0.290926234604 -5.6335576809e-20)
(0.175639637016 0.306238672532 0)
(0.141490149514 0.348424796841 1.54738915244e-27)
(0.197478170622 0.249311998127 1.41583029438e-16)
(0.21419373761 0.249356877056 0)
(0.275965361758 -0.103352710262 0)
(-0.413779178043 0.00595417301489 0)
(-0.334219832049 -0.224156980462 0)
(0.209501849788 0.207848083055 -1.689920107e-16)
(-0.382395519597 0.125328047365 -1.0074942613e-15)
(-0.0385281422905 -0.33323638816 1.56970100618e-15)
(-0.0180731225117 -0.371586622822 0)
(0.0407120954575 -0.325023089401 0)
(-0.397250430441 0.00683966824378 9.97339407889e-16)
(0.245985274578 -0.0914943867147 7.99661137077e-17)
(0.268248138615 -0.0744125009754 2.01952048094e-17)
(0.342774946893 0.134675340925 -7.99046308201e-16)
(-0.367446176194 0.148270391108 0)
(0.0333970869896 -0.113908830885 -4.43898607635e-17)
(0.115557675671 -0.121678114496 0)
(-0.0562631576832 0.0515138460386 -7.79732893186e-18)
(0.0893080919665 0.14063224771 8.22270856727e-18)
(-0.102328439147 -0.101424936363 -1.27536217597e-16)
(-0.0895086473744 0.0871116552219 0)
(0.307084575566 0.0353063697537 -1.13275830501e-15)
(0.311911008872 -0.0672812792043 0)
(-0.288517546979 -0.266465844863 -8.55958911254e-17)
(-0.359666297813 -0.167272644065 -3.73325286371e-16)
(-0.346107273806 -0.141038330479 5.94504207969e-16)
(0.385820429211 -0.0152970393321 0)
(-0.416474029087 -0.0485824890883 0)
(-0.384006869745 0.136204174452 1.07245280772e-15)
(0.242855714286 0.178765777468 0)
(-0.342806218053 -0.109011397154 6.92626269202e-16)
(-0.362439729452 -0.0861971809932 0)
(-0.266526083786 -0.221937468723 -9.37961469744e-19)
(0.342283838991 -0.0556093392294 -3.48074981204e-17)
(-0.038028980866 -0.316691799209 1.42725584017e-15)
(-0.136549550013 -0.335592640951 -4.90952652394e-16)
(-0.122008432206 -0.33219041675 -5.59394622937e-16)
(-0.147812774018 -0.409343488962 -1.64813632992e-15)
(-0.164758556195 -0.340509753712 -1.27814546884e-15)
(-0.0768508847875 -0.337472377643 0)
(-0.123449880008 -0.400756905029 -1.31544837523e-15)
(-0.16731394559 -0.418590513066 0)
(-0.0719775891934 -0.382571143678 5.32327916114e-16)
(-0.0320814730706 -0.385021842685 2.07314508021e-15)
(-0.257791558245 -0.342052211194 2.98192697896e-17)
(-0.219863998484 -0.329846533533 1.29782525699e-16)
(-0.0206155526467 -0.386615478911 0)
(-0.256117204739 -0.288305477381 0)
(-0.211250760473 -0.367914812507 -1.41510842317e-16)
(-0.240979004396 -0.354036934349 0)
(-0.181598595298 -0.242297385791 6.37914066102e-17)
(-0.149544628609 -0.17645781696 -8.02577135952e-17)
(0.0187782112588 -0.351732225906 0)
(0.00304785580033 -0.281077926656 1.46147131396e-15)
(0.0183945603798 -0.274775889356 -7.86000586135e-16)
(0.0105134077763 -0.32461855632 -2.06410996583e-15)
(0.0307097781315 -0.332405466373 -1.8417133298e-15)
(0.0694655481098 -0.297017513516 0)
(0.0710664160227 -0.275164028507 4.1688137868e-17)
(0.0909263953562 -0.259413160053 0)
(-0.0531097126534 -0.318100082271 -5.92258741225e-16)
(-0.325455585717 0.195515111259 5.72384732474e-16)
(0.307359037921 0.0557025455095 0)
(0.302857061863 -0.086838625671 -1.10913407241e-15)
(0.298538314793 0.129284624158 0)
(0.344736454633 0.0320331008566 1.14964636678e-15)
(0.322197750543 -0.00465531994745 -2.13413996757e-15)
(0.304880717942 0.00760801857689 0)
(0.22021010774 -0.134444464356 5.74656533223e-16)
(-0.347947225727 0.161455334131 0)
(0.330292287535 0.14954019856 1.27250336176e-15)
(0.250116922197 -0.0843711979456 0)
(-0.344935871582 -0.225700312806 2.87362059678e-16)
(-0.328217833597 -0.252099229159 1.95158077552e-16)
(0.249322805462 -0.0830137893023 -1.40130201255e-15)
(-0.278185513728 0.173885441576 1.57183840227e-16)
(-0.238877844363 0.169820687307 8.69488006181e-17)
(0.254042021501 -0.0998106019974 6.0536513224e-16)
(0.354009707866 0.091366471617 0)
(0.356973268177 0.0751997177441 3.04515480213e-15)
(-0.0411784315286 -0.341255550169 -4.28576710461e-16)
(-0.0218165844686 -0.363990460148 4.04821297629e-16)
(0.0393543127341 -0.326700730889 -3.48034642265e-16)
(0.272535049741 0.168884304405 3.62511869638e-16)
(0.395786720908 -0.00904664447021 0)
(-0.419620911402 -0.0489805665415 4.15239815653e-16)
(-0.356308549088 0.0895411178153 8.2083145724e-16)
(0.337742459202 0.127704394159 0)
(-0.382688060129 0.148984831293 0)
(0.0660693393264 -0.143587662831 4.43724226587e-17)
(-0.123015699614 -0.129180429737 0)
(0.117641537431 0.162029386255 -8.54994366915e-18)
(-0.0721043121777 0.0720798830224 1.10189158994e-18)
(-0.353628087325 -0.202223100876 0)
(0.306973216594 0.026345622521 -2.40434609496e-15)
(-0.288330603337 -0.235288803691 4.6492053687e-17)
(-0.357901610316 0.112947675706 8.43264534911e-16)
(-0.382890214766 -0.0145475933956 1.7484590471e-15)
(0.291780477815 0.192657417484 6.66608477922e-16)
(0.220039510842 -0.143097310415 0)
(-0.302738497356 -0.265028163333 -3.85864060398e-16)
(0.26342128356 -0.113756789477 7.65070477382e-17)
(0.235152418458 0.234482795083 0)
(-0.415569195741 0.0584558733961 0)
(0.241245786632 -0.0792258193347 -3.96806169104e-16)
(0.22222933854 -0.0874704023115 1.41582764693e-16)
(0.165429412874 0.224631872327 2.91312803371e-16)
(-0.137985445493 0.126611574724 0)
(-0.384819956804 0.0217179741159 -8.31256095841e-16)
(0.244811041712 -0.071128411768 0)
(0.290634622294 -0.0694092107654 0)
(-0.175781023226 0.133454194555 4.41919018579e-17)
(0.308463495477 0.169823468127 -1.0278166198e-15)
(-0.313996823575 0.166486134246 -1.03752581172e-16)
(-0.347424246115 -0.157014407647 -1.08361947589e-15)
(0.376706742086 -0.0225143908369 -1.0139107565e-15)
(-0.409972936321 -0.0817328198799 0)
(-0.340501905147 0.116907338688 -8.47292722661e-16)
(-0.337904695862 0.0865337353641 -2.106955993e-15)
(-0.352185126591 0.0665949982756 0)
(0.211890079142 -0.154469915982 -5.25102515299e-17)
(0.0754744916962 0.12667541669 3.16822902122e-17)
(-0.0641708340302 -0.0813814639735 6.05395432392e-17)
(-0.071951619616 -0.0762772200922 0)
(0.0676644787125 0.135207798539 0)
(0.175435076258 -0.0266097311216 5.15267053866e-17)
(0.161525622946 -0.0450069822588 -4.22031186364e-17)
(-0.0327368680737 0.0365440944304 2.26612269543e-18)
(-0.0347131013661 0.0364392171043 -3.96300793847e-18)
(-0.307983168567 -0.253264667972 1.79134309635e-16)
(-0.377722535378 -0.151644410934 -1.15156596582e-16)
(-0.415909926383 -0.00641448550561 -6.33324776903e-16)
(-0.0551875440791 -0.363396253955 7.81466275531e-17)
(0.0684177552176 -0.245594705902 9.58418539472e-16)
(0.072828812536 -0.282286835096 0)
(0.0335188345357 -0.287648158049 -1.28974511078e-15)
(0.103770249244 -0.258643397168 2.4894580233e-15)
(0.233264466503 0.185998687416 0)
(-0.342665654409 -0.0934909548403 -1.53706010647e-15)
(0.35512608305 -0.0449882448873 0)
(-0.36991680357 -0.158585437893 -4.20291206179e-18)
(-0.222809781229 -0.351756658988 3.30912840104e-16)
(-0.203357530786 -0.341916685934 1.39280318687e-15)
(-0.130727631247 -0.323840854973 9.71183114605e-18)
(-0.163391458806 -0.426219541629 0)
(-0.0932669881778 -0.40743653568 0)
(-0.116218852344 -0.41186765552 0)
(-0.0992235551092 -0.396613104765 0)
(-0.174071228393 -0.33103794431 1.58559402934e-15)
(-0.0718048200742 -0.332597262468 1.30909164401e-15)
(-0.0464519269474 -0.307759954261 1.25548289212e-15)
(-0.206574892008 -0.331349583053 -1.29782525699e-16)
(-0.195610765423 -0.347490275164 -1.42062837963e-15)
(-0.267203624926 -0.321254680255 9.80157712087e-17)
(-0.269923642061 -0.332936234581 0)
(-0.232908289959 -0.343410348827 0)
(-0.277004261943 -0.309359706481 -8.88064298718e-18)
(-0.148043163054 -0.194127702159 9.14058069719e-17)
(-0.0281533777221 -0.400123906118 -2.31585868533e-15)
(0.0112219163035 -0.266044384483 1.67879933811e-15)
(0.0136703450227 -0.331931258487 1.54284462804e-15)
(0.0195245623794 -0.352103612024 0)
(0.0694715894581 -0.294986847302 0)
(0.0850058835754 -0.257137360783 -1.29559861027e-15)
(0.103016053138 -0.242674898561 -7.37590236312e-16)
(0.306590741229 0.0638825528049 1.18517428667e-15)
(0.3080497988 -0.0911260552227 2.0391146927e-15)
(0.337733379837 0.0224206496379 -2.70490313513e-15)
(0.300701626783 0.118212046047 -2.14240095458e-15)
(-0.351316498233 -0.173694886817 1.32624475453e-16)
(0.322056294977 0.041164664429 1.70493481083e-15)
(-0.395665094885 0.070091556295 -1.79841151823e-15)
(0.320438099918 0.0197192446899 4.04259056821e-15)
(-0.231276845881 -0.245966907995 -1.30040885338e-17)
(0.30393122491 -0.00186455634615 0)
(-0.0138571849211 -0.336545808748 0)
(-0.0384399221448 -0.35925063613 4.14157646229e-16)
(-0.0195261121128 -0.345077380071 1.20711914409e-15)
(-0.0097399011295 -0.316634909996 -7.86385712098e-16)
(0.0531839246358 -0.310015099193 3.56179350578e-15)
(0.0241165275316 -0.337364104298 -3.56942697324e-16)
(0.144336474423 -0.195997874195 6.81262446816e-17)
(0.128502240227 -0.212163720213 0)
(0.165730871316 -0.183543654495 -6.54322823219e-16)
(0.182359449242 -0.166435018163 5.78500703921e-16)
(-0.335835385154 -0.241309744318 -2.86781028683e-16)
(0.110432980389 -0.221170781532 0)
(0.0279042017574 -0.320298786449 -1.16819042834e-15)
(-0.24583988086 0.158046212608 -9.56729698476e-17)
(-0.38001422009 0.146907000169 -6.80928500961e-16)
(0.367781746829 0.0817264923547 0)
(0.306032649663 0.144413574267 2.553771529e-15)
(-0.36806067286 0.168334168193 -1.26767823274e-15)
(0.288521007533 0.172959705189 0)
(-0.259707569056 -0.245910721929 1.06154893661e-16)
(-0.062579752061 -0.353243742096 8.29359752828e-17)
(0.0746657455862 -0.269453115385 -3.68193048846e-16)
(0.0247999862614 -0.300696283659 0)
(0.0756870331721 -0.257058134986 -1.0166487816e-15)
(0.0926335588833 -0.272308203019 -1.89851984077e-15)
(0.252997771872 -0.123006878512 -8.20297348694e-16)
(-0.378065890888 -0.147418423458 5.30697200685e-16)
(0.391044723612 0.00201602689136 2.87016712769e-16)
(-0.412602404062 -0.0327259471329 -4.3127539424e-16)
(-0.364643105646 -0.191041840838 3.69480143195e-16)
(0.293067850901 -0.0976302316 -1.97224827594e-15)
(0.339056092512 0.0380199035979 2.72979597163e-15)
(-0.228902436144 0.177295479903 2.32143032882e-16)
(-0.302219695124 0.176803393678 -3.05362996295e-16)
(-0.357517437496 -0.133395438428 0)
(-0.384007992562 -0.00292626424585 -1.57582177364e-15)
(0.31846595547 0.143604026162 -1.47841418668e-15)
(-0.372139557638 0.165770028167 0)
(0.303063842997 0.184779170708 1.64736163937e-16)
(-0.344986669797 0.192259560214 0)
(-0.393025292154 0.0583760468259 0)
(-0.206073640397 0.17088883636 4.52769324016e-17)
(-0.358754014278 -0.117415555943 -8.44889089983e-16)
(0.312715322195 0.159723785024 0)
(-0.360391943639 0.179442903139 4.83333719753e-16)
(-0.249697466448 -0.223956180141 1.63573790589e-18)
(-0.0627199689782 -0.343054776721 -1.63311957325e-15)
(0.0208927964995 -0.317043568984 0)
(0.100847587951 -0.237503363763 0)
(0.0947589264206 -0.259318872449 1.09149781419e-15)
(0.0798245469259 -0.281542034385 -9.15335056733e-16)
(0.216335685488 0.237786741568 0)
(-0.407767435308 0.0687689213841 1.92643877192e-16)
(0.252953256337 -0.0726756892124 0)
(-0.166138200227 0.14410886162 -3.78573845127e-17)
(0.187124927563 0.235307261043 -3.88549705181e-16)
(0.294614833614 -0.0951630762094 1.12605601977e-15)
(-0.387354561221 0.0338433219773 0)
(0.28331062588 -0.056103348082 0)
(0.320612422706 0.0497089675844 -3.99675017896e-16)
(0.285582270231 -0.0879784435132 1.27182823067e-15)
(-0.212772247894 0.155583427583 -6.50705009518e-17)
(-0.373875406764 -0.134916556899 0)
(-0.368864392097 0.128549559763 0)
(0.310516517818 0.133534021181 1.17698140643e-15)
(0.322622703594 0.151434470843 1.00412008743e-15)
(-0.36796150953 0.168895054163 -5.19604368137e-16)
(0.106957110842 -0.063143009174 5.07699989347e-17)
(-0.052020791436 0.0510648472134 1.26325226235e-17)
(0.0814117277026 0.150447561254 0)
(-0.0959571637847 -0.0992753658634 1.81119033926e-16)
(0.302697451776 -0.06018879295 0)
(-0.34132808881 0.131462212145 9.49007184962e-16)
(-0.397956542522 0.0185302691882 1.506291399e-15)
(-0.334621842817 0.0725940934449 2.8036758921e-16)
(0.319768350387 0.0117896092527 0)
(0.197937283355 -0.16564013865 -7.35718805876e-18)
(-0.371135231527 -0.112553929273 -7.51126776275e-16)
(-0.0876994115211 -0.105246536497 -1.18730627893e-16)
(0.0915763267605 0.147946982056 -1.0557352469e-16)
(0.176886169621 -0.0373308624634 -5.58050666877e-17)
(-0.0486836544011 0.0494968980064 -2.95343803628e-18)
(-0.329304117626 -0.250628061993 -4.32605796966e-17)
(0.243328328485 -0.128078321522 1.03371803979e-15)
(0.257346190177 -0.0949127914859 -1.51621152959e-15)
(0.0884328504323 -0.221196322497 0)
(-0.0508946767479 -0.358078800578 0)
(0.0396195815415 -0.292105056785 2.06550982893e-17)
(0.0732701977849 -0.279645685149 -1.60039141897e-15)
(0.108846262933 -0.256186399701 -9.3645034311e-16)
(0.103155812946 -0.216058781318 0)
(0.0339058742223 -0.309784138061 2.68314407163e-15)
(0.277364945791 -0.0839690595032 -1.58153980263e-15)
(0.32803361989 -0.059195962778 4.4963890212e-17)
(-0.357304141819 0.136199545506 -8.88389450827e-16)
(0.117237618562 -0.19531013231 0)
(0.160772842079 -0.162659566021 3.03961193393e-16)
(0.138298042434 -0.182029875562 0)
(0.200406062786 -0.138997911885 0)
(0.181863878145 -0.157291652014 -2.9003765239e-16)
(-0.0122803720742 -0.361624827837 -3.98289003872e-16)
(0.0526718142988 -0.31271188221 -2.30169727223e-15)
(-0.010444616715 -0.343483348456 1.3034894931e-15)
(-0.00323773695741 -0.331150948273 2.50340364502e-15)
(-0.0303932356937 -0.342918401511 -8.55168113385e-16)
(0.0385244404588 -0.315169502492 2.31527144227e-15)
(0.333978568797 0.144024464375 8.64834527989e-16)
(-0.360087989584 0.157532598208 0)
(-0.302182850569 -0.226276597268 -8.80690672987e-17)
(0.34756866877 0.0152247026238 -1.75403162135e-15)
(0.347924945453 0.0440131532457 1.62512839496e-15)
(-0.215573768829 -0.197917248351 0)
(-0.380585777976 -0.123556718129 0)
(-0.381402543086 -0.140231403804 0)
(-0.423288584681 0.0175118936731 0)
(0.141135446651 -0.0721795792725 0)
(-0.0605633917772 0.0600850000181 -6.05892512018e-18)
(0.104533953894 0.156728006292 9.55623403809e-17)
(-0.110833385646 -0.115215994002 4.58187188576e-17)
(0.201868608092 -0.158248708695 -6.98391657375e-16)
(0.336051014951 0.0542393011409 1.53935832319e-18)
(0.319670188206 -0.0532474339428 1.54084426514e-15)
(0.324355890597 0.126067968288 -1.104501278e-15)
(0.329107206473 0.130791374439 1.19171960526e-15)
(-0.37858695501 0.154040626376 0)
(0.334936304017 0.00879664908329 9.44304831456e-16)
(-0.2315139992 -0.238062547026 -2.94334933025e-17)
(-0.208292597535 -0.203843786103 2.60877975824e-17)
(-0.324312752318 -0.235049111826 -1.48168379087e-16)
(-0.413369319645 0.0250170568979 -4.86002892557e-16)
(-0.034266289889 -0.425393673455 8.77258529461e-16)
(-0.02557568453 -0.429815390668 -8.7725852946e-16)
(-0.187851327267 -0.284221773262 6.26940156259e-17)
(-0.186686169264 -0.300467466794 0)
(0.0016472648783 -0.397151134138 1.06235585436e-15)
(0.00601047866982 -0.388998399749 -1.06235585436e-15)
(-0.0791100697729 -0.0897277332589 -3.86161746813e-16)
(-0.0878761297958 -0.108889972242 3.90001531981e-16)
(-0.163695038545 -0.450884723383 0)
(-0.189023369953 -0.441114943675 0)
(-0.117958117982 -0.443346431381 -1.46623570834e-16)
(-0.141198318199 -0.439941804881 1.46623570834e-16)
(0.0602610976552 -0.363574374892 0)
(0.0441209001098 -0.345015787261 -4.80157120383e-16)
(0.0141463949282 -0.289780023971 0)
(0.0231379082173 -0.326806704859 0)
(0.408786152471 0.024133399694 8.31022561387e-16)
(0.405092899106 0.0141251701258 7.8394560855e-16)
(0.236779413601 0.156848835228 2.19581396764e-16)
(0.247432277191 0.154886440933 -1.85733705107e-17)
(0.371403926803 -0.0216157927202 -1.85712674562e-15)
(0.369724341028 -0.0398595779122 0)
(0.0931433900583 0.121891941974 -1.94507382514e-17)
(0.112762178653 0.137994543771 1.94507382514e-17)
(0.350939349238 0.109181186146 0)
(0.34324338105 0.123787809619 -8.76998889549e-16)
(0.373461915341 0.0842229089546 1.31289074283e-15)
(0.373950714088 0.0939970733817 -2.63651821418e-15)
(0.312418116976 -0.0433718472743 3.16499163996e-15)
(0.297604666315 -0.0330425434642 0)
(0.292668407411 -0.0180790748186 0)
(0.293850428965 -0.0755273746592 -1.36322898703e-15)
)
;

boundaryField
{
    bottomWall
    {
        type            noSlip;
    }
    leftWall
    {
        type            noSlip;
    }
    rightWall
    {
        type            noSlip;
    }
    movingTop
    {
        type            fixedValue;
        value           uniform (1 0 0);
    }
    front
    {
        type            empty;
    }
    back
    {
        type            empty;
    }
}


// ************************************************************************* //
