cell,x,y,z,volume,numerical,exact,error,absError
0,-4.9166666666700003e+00,-4.9166666666700003e+00,5.0000000000000003e-02,3.1250000000100000e-03,8.7863447824299995e-18,8.7341091634265641e-20,8.6990036907957339e-18,8.6990036907957339e-18
1,-4.8333333333299997e+00,-4.8333333333299997e+00,5.0000000000000003e-02,3.1250000000100000e-03,2.3854216356900000e-17,4.5731924355192348e-19,2.3396897113348076e-17,2.3396897113348076e-17
2,-4.8333333333299997e+00,-4.6666666666700003e+00,5.0000000000000003e-02,3.1250000000100000e-03,7.8187535154600006e-17,2.2758359712172967e-18,7.5911699183382703e-17,7.5911699183382703e-17
3,-4.9166666666700003e+00,-4.5833333333299997e+00,5.0000000000000003e-02,3.1250000000100000e-03,8.6105178891600003e-17,2.1630961731247448e-18,8.3942082718475258e-17,8.3942082718475258e-17
4,-4.9166666666700003e+00,-4.4166666666700003e+00,5.0000000000000003e-02,3.1250000000100000e-03,3.7663414484600002e-16,9.7260006036796647e-18,3.6690814424232037e-16,3.6690814424232037e-16
5,-4.8333333333299997e+00,-4.3333333333299997e+00,5.0000000000000003e-02,3.1250000000100000e-03,1.0946448364000000e-15,4.6012388101434810e-17,1.0486324482985653e-15,1.0486324482985653e-15
6,-4.8333333333299997e+00,-4.1666666666700003e+00,5.0000000000000003e-02,3.1250000000100000e-03,3.3240377211800001e-15,1.8699183529840954e-16,3.1370458858815906e-15,3.1370458858815906e-15
7,-4.9166666666700003e+00,-4.0833333333299997e+00,5.0000000000000003e-02,3.1250000000100000e-03,3.1955543432400001e-15,1.6063871422354289e-16,3.0349156290164573e-15,3.0349156290164573e-15
8,-4.9166666666700003e+00,-3.9166666666699999e+00,5.0000000000000003e-02,3.1250000000100000e-03,1.2099241145400000e-14,5.9029587792133386e-16,1.1508945267478667e-14,1.1508945267478667e-14
9,-4.8333333333299997e+00,-3.8333333333300001e+00,5.0000000000000003e-02,3.1250000000100000e-03,3.3067591574400002e-14,2.5251434292837234e-15,3.0542448145116280e-14,3.0542448145116280e-14
10,-4.8333333333299997e+00,-3.6666666666699999e+00,5.0000000000000003e-02,3.1250000000100000e-03,8.8518113460000006e-14,8.3945437658226410e-15,8.0123569694177362e-14,8.0123569694177362e-14
11,-4.9166666666700003e+00,-3.5833333333300001e+00,5.0000000000000003e-02,3.1250000000100000e-03,7.5222526424800001e-14,6.5241130715824633e-15,6.8698413353217533e-14,6.8698413353217533e-14
12,-4.9166666666700003e+00,-3.4166666666599999e+00,5.0000000000000003e-02,3.1250000000100000e-03,2.4323272823999999e-13,1.9633230561386287e-14,2.2359949767861370e-13,2.2359949767861370e-13
13,-4.8333333333299997e+00,-3.3333333333300001e+00,5.0000000000000003e-02,3.1250000000100000e-03,6.2687443151299998e-13,7.6028095456592908e-14,5.5084633605640709e-13,5.5084633605640709e-13
14,-4.8333333333299997e+00,-3.1666666666599999e+00,5.0000000000000003e-02,3.1250000000100000e-03,1.4702475091899999e-12,2.0726832466996180e-13,1.2629791845200381e-12,1.2629791845200381e-12
15,-4.9166666666700003e+00,-3.0833333333300001e+00,5.0000000000000003e-02,3.1250000000100000e-03,1.1222829164900000e-12,1.4593339712635868e-13,9.7634951936364129e-13,9.7634951936364129e-13
16,-4.9166666666700003e+00,-2.9166666666599999e+00,5.0000000000000003e-02,3.1250000000100000e-03,3.0601337468100001e-12,3.6075416036186260e-13,2.6993795864481376e-12,2.6993795864481376e-12
17,-4.8333333333299997e+00,-2.8333333333300001e+00,5.0000000000000003e-02,3.1250000000100000e-03,7.4548788457299995e-12,1.2667855746476253e-12,6.1880932710823745e-12,6.1880932710823745e-12
18,-4.8333333333299997e+00,-2.6666666666599999e+00,5.0000000000000003e-02,3.1250000000100000e-03,1.5208179847100001e-11,2.8429669949853240e-12,1.2365212852114677e-11,1.2365212852114677e-11
19,-4.9166666666700003e+00,-2.5833333333300001e+00,5.0000000000000003e-02,3.1250000000100000e-03,1.0586649534999999e-11,1.8172762433032083e-12,8.7693732916967910e-12,8.7693732916967910e-12
20,-4.9166666666700003e+00,-2.4166666666599999e+00,5.0000000000000003e-02,3.1250000000100000e-03,2.4057332528900001e-11,3.7081280944381858e-12,2.0349204434461817e-11,2.0349204434461817e-11
21,-4.8333333333299997e+00,-2.3333333333300001e+00,5.0000000000000003e-02,3.1250000000100000e-03,5.5522669790900001e-11,1.1839461511183904e-11,4.3683208279716095e-11,4.3683208279716095e-11
22,-4.8333333333299997e+00,-2.1666666666599999e+00,5.0000000000000003e-02,3.1250000000100000e-03,9.7838761997899999e-11,2.2007387068284688e-11,7.5831374929615315e-11,7.5831374929615315e-11
23,-4.9166666666700003e+00,-2.0833333333300001e+00,5.0000000000000003e-02,3.1250000000100000e-03,6.2970871589299995e-11,1.2815853831844478e-11,5.0155017757455514e-11,5.0155017757455514e-11
24,-4.9166666666700003e+00,-1.9166666666600001e+00,5.0000000000000003e-02,3.1250000000100000e-03,1.1825596239799999e-10,2.1755571354790105e-11,9.6500391043209888e-11,9.6500391043209888e-11
25,-4.8333333333299997e+00,-1.8333333333299999e+00,5.0000000000000003e-02,3.1250000000100000e-03,2.5926209440000001e-10,6.3441015819338967e-11,1.9582107858066106e-10,1.9582107858066106e-10
26,-4.8333333333299997e+00,-1.6666666666600001e+00,5.0000000000000003e-02,3.1250000000100000e-03,3.9320201358899999e-10,9.8670748763014971e-11,2.9453126482598505e-10,2.9453126482598505e-10
27,-4.9166666666700003e+00,-1.5833333333299999e+00,5.0000000000000003e-02,3.1250000000100000e-03,2.3696039249300000e-10,5.2651351615644123e-11,1.8430904087735589e-10,1.8430904087735589e-10
28,-4.9166666666700003e+00,-1.4166666666600001e+00,5.0000000000000003e-02,3.1250000000100000e-03,3.6764416443000000e-10,7.5344691290793970e-11,2.9229947313920603e-10,2.9229947313920603e-10
29,-4.8333333333299997e+00,-1.3333333333299999e+00,5.0000000000000003e-02,3.1250000000100000e-03,7.6865337998799998e-10,2.0217845878389536e-10,5.6647492120410459e-10,5.6647492120410459e-10
30,-4.8333333333299997e+00,-1.1666666666600001e+00,5.0000000000000003e-02,3.1250000000100000e-03,1.0081611299400001e-09,2.6763908575804488e-10,7.4052204418195514e-10,7.4052204418195514e-10
31,-4.9166666666700003e+00,-1.0833333333299999e+00,5.0000000000000003e-02,3.1250000000100000e-03,5.7583677186900005e-10,1.3213164352784216e-10,4.4370512834115786e-10,4.4370512834115786e-10
32,-4.9166666666700003e+00,-9.1666666666200003e-01,5.0000000000000003e-02,3.1250000000100000e-03,7.4876648320899996e-10,1.6289693174153924e-10,5.8586955146746072e-10,5.8586955146746072e-10
33,-4.8333333333299997e+00,-8.3333333332799997e-01,5.0000000000000003e-02,3.1250000000100000e-03,1.5018226305000001e-09,4.0714069058664386e-10,1.0946819399133563e-09,1.0946819399133563e-09
34,-4.8333333333299997e+00,-6.6666666666200003e-01,5.0000000000000003e-02,3.1250000000100000e-03,1.7344203982000000e-09,4.7115637456181362e-10,1.2632640236381864e-09,1.2632640236381864e-09
35,-4.9166666666700003e+00,-5.8333333332799997e-01,5.0000000000000003e-02,3.1250000000100000e-03,9.5031154772699999e-10,2.1835366000218499e-10,7.3195788772481505e-10,7.3195788772481505e-10
36,-4.9166666666700003e+00,-4.1666666666100000e-01,5.0000000000000003e-02,3.1250000000100000e-03,1.0676923563400000e-09,2.3916924938047541e-10,8.2852310695952462e-10,8.2852310695952462e-10
37,-4.8333333333299997e+00,-3.3333333332800003e-01,5.0000000000000003e-02,3.1250000000100000e-03,2.0700946145099999e-09,5.6573517988389661e-10,1.5043594346261032e-09,1.5043594346261032e-09
38,-4.8333333333299997e+00,-1.6666666666100000e-01,5.0000000000000003e-02,3.1250000000100000e-03,2.1617716626100001e-09,5.9080271569025334e-10,1.5709689469197468e-09,1.5709689469197468e-09
39,-4.9166666666700003e+00,-8.3333333327400005e-02,5.0000000000000003e-02,3.1250000000100000e-03,1.1475435517399999e-09,2.6096308680806305e-10,8.8658046493193685e-10,8.8658046493193685e-10
40,-4.9166666666700003e+00,8.3333333339499993e-02,5.0000000000000003e-02,3.1250000000100000e-03,1.1475435517299999e-09,2.6096308680779422e-10,8.8658046492220569e-10,8.8658046492220569e-10
41,-4.8333333333299997e+00,1.6666666667300001e-01,5.0000000000000003e-02,3.1250000000100000e-03,2.1617716625999999e-09,5.9080271568903862e-10,1.5709689469109613e-09,1.5709689469109613e-09
42,-4.8333333333299997e+00,3.3333333333999998e-01,5.0000000000000003e-02,3.1250000000100000e-03,2.0700946144899999e-09,5.6573517988151443e-10,1.5043594346084855e-09,1.5043594346084855e-09
43,-4.9166666666700003e+00,4.1666666667300001e-01,5.0000000000000003e-02,3.1250000000100000e-03,1.0676923563300000e-09,2.3916924937919545e-10,8.2852310695080459e-10,8.2852310695080459e-10
44,-4.9166666666700003e+00,5.8333333334000004e-01,5.0000000000000003e-02,3.1250000000100000e-03,9.5031154771599993e-10,2.1835366000048183e-10,7.3195788771551816e-10,7.3195788771551816e-10
45,-4.8333333333299997e+00,6.6666666667300001e-01,5.0000000000000003e-02,3.1250000000100000e-03,1.7344203981700000e-09,4.7115637455787552e-10,1.2632640236121246e-09,1.2632640236121246e-09
46,-4.8333333333299997e+00,8.3333333334000004e-01,5.0000000000000003e-02,3.1250000000100000e-03,1.5018226304799999e-09,4.0714069058177636e-10,1.0946819398982234e-09,1.0946819398982234e-09
47,-4.9166666666700003e+00,9.1666666667399999e-01,5.0000000000000003e-02,3.1250000000100000e-03,7.4876648319500003e-10,1.6289693173934421e-10,5.8586955145565582e-10,5.8586955145565582e-10
48,-4.9166666666700003e+00,1.0833333333399999e+00,5.0000000000000003e-02,3.1249999999899999e-03,5.7583677185700004e-10,1.3213164352600228e-10,4.4370512833099776e-10,4.4370512833099776e-10
49,-4.8333333333299997e+00,1.1666666666700001e+00,5.0000000000000003e-02,3.1249999999899999e-03,1.0081611299200001e-09,2.6763908575393679e-10,7.4052204416606334e-10,7.4052204416606334e-10
50,-4.8333333333299997e+00,1.3333333333399999e+00,5.0000000000000003e-02,3.1249999999899999e-03,7.6865337996899995e-10,2.0217845878018749e-10,5.6647492118881240e-10,5.6647492118881240e-10
51,-4.9166666666700003e+00,1.4166666666700001e+00,5.0000000000000003e-02,3.1249999999899999e-03,3.6764416442100002e-10,7.5344691289294705e-11,2.9229947313170531e-10,2.9229947313170531e-10
52,-4.9166666666700003e+00,1.5833333333399999e+00,5.0000000000000003e-02,3.1249999999899999e-03,2.3696039248700000e-10,5.2651351614426242e-11,1.8430904087257375e-10,1.8430904087257375e-10
53,-4.8333333333299997e+00,1.6666666666700001e+00,5.0000000000000003e-02,3.1249999999899999e-03,3.9320201357799999e-10,9.8670748760568106e-11,2.9453126481743190e-10,2.9453126481743190e-10
54,-4.8333333333299997e+00,1.8333333333399999e+00,5.0000000000000003e-02,3.1249999999899999e-03,2.5926209439300000e-10,6.3441015817548586e-11,1.9582107857545142e-10,1.9582107857545142e-10
55,-4.9166666666700003e+00,1.9166666666700001e+00,5.0000000000000003e-02,3.1249999999899999e-03,1.1825596239400000e-10,2.1755571354138018e-11,9.6500391039861991e-11,9.6500391039861991e-11
56,-4.9166666666700003e+00,2.0833333333400001e+00,5.0000000000000003e-02,3.1249999999899999e-03,6.2970871587499998e-11,1.2815853831414572e-11,5.0155017756085425e-11,5.0155017756085425e-11
57,-4.8333333333299997e+00,2.1666666666699999e+00,5.0000000000000003e-02,3.1249999999899999e-03,9.7838761995200004e-11,2.2007387067506492e-11,7.5831374927693516e-11,7.5831374927693516e-11
58,-4.8333333333299997e+00,2.3333333333400001e+00,5.0000000000000003e-02,3.1249999999899999e-03,5.5522669789400000e-11,1.1839461510721604e-11,4.3683208278678397e-11,4.3683208278678397e-11
59,-4.9166666666700003e+00,2.4166666666699999e+00,5.0000000000000003e-02,3.1249999999899999e-03,2.4057332528199999e-11,3.7081280942864846e-12,2.0349204433913516e-11,2.0349204433913516e-11
60,-4.9166666666700003e+00,2.5833333333400001e+00,5.0000000000000003e-02,3.1249999999899999e-03,1.0586649534699999e-11,1.8172762432220010e-12,8.7693732914779985e-12,8.7693732914779985e-12
61,-4.8333333333299997e+00,2.6666666666699999e+00,5.0000000000000003e-02,3.1249999999899999e-03,1.5208179846700001e-11,2.8429669948528842e-12,1.2365212851847116e-11,1.2365212851847116e-11
62,-4.8333333333299997e+00,2.8333333333300001e+00,5.0000000000000003e-02,3.1249999999899999e-03,7.4548788455599994e-12,1.2667855746476253e-12,6.1880932709123743e-12,6.1880932709123743e-12
63,-4.9166666666700003e+00,2.9166666666699999e+00,5.0000000000000003e-02,3.1249999999899999e-03,3.0601337467400000e-12,3.6075416034296346e-13,2.6993795863970366e-12,2.6993795863970366e-12
64,-4.9166666666700003e+00,3.0833333333300001e+00,5.0000000000000003e-02,3.1249999999899999e-03,1.1222829164700000e-12,1.4593339712635868e-13,9.7634951934364133e-13,9.7634951934364133e-13
65,-4.8333333333299997e+00,3.1666666666699999e+00,5.0000000000000003e-02,3.1249999999899999e-03,1.4702475091600001e-12,2.0726832465791159e-13,1.2629791845020885e-12,1.2629791845020885e-12
66,-4.8333333333299997e+00,3.3333333333300001e+00,5.0000000000000003e-02,3.1249999999899999e-03,6.2687443150399995e-13,7.6028095456592908e-14,5.5084633604740706e-13,5.5084633604740706e-13
67,-4.9166666666700003e+00,3.4166666666699999e+00,5.0000000000000003e-02,3.1249999999899999e-03,2.4323272823700000e-13,1.9633230560139470e-14,2.2359949767686051e-13,2.2359949767686051e-13
68,-4.9166666666700003e+00,3.5833333333300001e+00,5.0000000000000003e-02,3.1249999999899999e-03,7.5222526424099997e-14,6.5241130715824633e-15,6.8698413352517530e-14,6.8698413352517530e-14
69,-4.8333333333299997e+00,3.6666666666699999e+00,5.0000000000000003e-02,3.1250000000000002e-03,8.8518113459400005e-14,8.3945437658226410e-15,8.0123569693577361e-14,8.0123569693577361e-14
70,-4.8333333333299997e+00,3.8333333333300001e+00,5.0000000000000003e-02,3.1250000000100000e-03,3.3067591574199998e-14,2.5251434292837234e-15,3.0542448144916275e-14,3.0542448144916275e-14
71,-4.9166666666700003e+00,3.9166666666699999e+00,5.0000000000000003e-02,3.1250000000100000e-03,1.2099241145400000e-14,5.9029587792133386e-16,1.1508945267478667e-14,1.1508945267478667e-14
72,-4.9166666666700003e+00,4.0833333333299997e+00,5.0000000000000003e-02,3.1250000000100000e-03,3.1955543432200001e-15,1.6063871422354289e-16,3.0349156289964573e-15,3.0349156289964573e-15
73,-4.8333333333299997e+00,4.1666666666700003e+00,5.0000000000000003e-02,3.1250000000100000e-03,3.3240377211600001e-15,1.8699183529840954e-16,3.1370458858615906e-15,3.1370458858615906e-15
74,-4.8333333333299997e+00,4.3333333333299997e+00,5.0000000000000003e-02,3.1250000000100000e-03,1.0946448364000000e-15,4.6012388101434810e-17,1.0486324482985653e-15,1.0486324482985653e-15
75,-4.9166666666700003e+00,4.4166666666700003e+00,5.0000000000000003e-02,3.1250000000100000e-03,3.7663414484499999e-16,9.7260006036796647e-18,3.6690814424132034e-16,3.6690814424132034e-16
76,-4.9166666666700003e+00,4.5833333333299997e+00,5.0000000000000003e-02,3.1250000000100000e-03,8.6105178891400002e-17,2.1630961731247448e-18,8.3942082718275258e-17,8.3942082718275258e-17
77,-4.8333333333299997e+00,4.6666666666700003e+00,5.0000000000000003e-02,3.1250000000100000e-03,7.8187535154500005e-17,2.2758359712172967e-18,7.5911699183282715e-17,7.5911699183282715e-17
78,-4.8333333333299997e+00,4.8333333333299997e+00,5.0000000000000003e-02,3.1250000000100000e-03,2.3854216356900000e-17,4.5731924355192348e-19,2.3396897113348076e-17,2.3396897113348076e-17
79,-4.9166666666700003e+00,4.9166666666700003e+00,5.0000000000000003e-02,3.1250000000100000e-03,8.7863447824299995e-18,8.7341091634265641e-20,8.6990036907957339e-18,8.6990036907957339e-18
80,-4.5833333333299997e+00,-4.9166666666700003e+00,5.0000000000000003e-02,3.1250000000100000e-03,8.6105178891400002e-17,2.1630961731247448e-18,8.3942082718275258e-17,8.3942082718275258e-17
81,-4.6666666666700003e+00,-4.8333333333299997e+00,5.0000000000000003e-02,3.1250000000100000e-03,7.8187535154500005e-17,2.2758359712172967e-18,7.5911699183282715e-17,7.5911699183282715e-17
82,-4.6666666666700003e+00,-4.6666666666700003e+00,5.0000000000000003e-02,3.1250000000100000e-03,3.6439684965200002e-16,1.1325631800793683e-17,3.5307121785120631e-16,3.5307121785120631e-16
83,-4.5833333333299997e+00,-4.5833333333299997e+00,5.0000000000000003e-02,3.1250000000100000e-03,1.1978358342300001e-15,5.3571405699619826e-17,1.1442644285303803e-15,1.1442644285303803e-15
84,-4.5833333333299997e+00,-4.4166666666700003e+00,5.0000000000000003e-02,3.1250000000100000e-03,3.7648871894000003e-15,2.4087487678451121e-16,3.5240123126154891e-15,3.5240123126154891e-15
85,-4.6666666666700003e+00,-4.3333333333299997e+00,5.0000000000000003e-02,3.1250000000100000e-03,3.5008143975000002e-15,2.2897931683245836e-16,3.2718350806675420e-15,3.2718350806675420e-15
86,-4.6666666666700003e+00,-4.1666666666700003e+00,5.0000000000000003e-02,3.1250000000100000e-03,1.5182598992299999e-14,9.3055945293441996e-16,1.4252039539365577e-14,1.4252039539365577e-14
87,-4.5833333333299997e+00,-4.0833333333299997e+00,5.0000000000000003e-02,3.1250000000100000e-03,4.7157029900499998e-14,3.9783907149644904e-15,4.3178639185535507e-14,4.3178639185535507e-14
88,-4.5833333333299997e+00,-3.9166666666699999e+00,5.0000000000000003e-02,3.1250000000100000e-03,1.3125560128600001e-13,1.4619312979161443e-14,1.1663628830683858e-13,1.1663628830683858e-13
89,-4.6666666666700003e+00,-3.8333333333300001e+00,5.0000000000000003e-02,3.1250000000100000e-03,1.0609585053199999e-13,1.2566303145724529e-14,9.3529547386275467e-14,9.3529547386275467e-14
90,-4.6666666666700003e+00,-3.6666666666699999e+00,5.0000000000000003e-02,3.1250000000100000e-03,3.9383272172400001e-13,4.1775203938139022e-14,3.5205751778586102e-13,3.5205751778586102e-13
91,-4.5833333333299997e+00,-3.5833333333300001e+00,5.0000000000000003e-02,3.1250000000100000e-03,1.1572434691300000e-12,1.6157668462935287e-13,9.9566678450064724e-13,9.9566678450064724e-13
92,-4.5833333333299997e+00,-3.4166666666599999e+00,5.0000000000000003e-02,3.1250000000100000e-03,2.8367899849800000e-12,4.8623809364834187e-13,2.3505518913316583e-12,2.3505518913316583e-12
93,-4.6666666666700003e+00,-3.3333333333300001e+00,5.0000000000000003e-02,3.1250000000100000e-03,2.0273073215899999e-12,3.7835161520731223e-13,1.6489557063826876e-12,1.6489557063826876e-12
94,-4.6666666666700003e+00,-3.1666666666599999e+00,5.0000000000000003e-02,3.1250000000100000e-03,6.3470755363200001e-12,1.0314648150691417e-12,5.3156107212508582e-12,5.3156107212508582e-12
95,-4.5833333333299997e+00,-3.0833333333300001e+00,5.0000000000000003e-02,3.1250000000100000e-03,1.7690628745900000e-11,3.6141977040653023e-12,1.4076431041834698e-11,1.4076431041834698e-11
96,-4.5833333333299997e+00,-2.9166666666599999e+00,5.0000000000000003e-02,3.1250000000100000e-03,3.7952936704899999e-11,8.9344651997849581e-12,2.9018471505115039e-11,2.9018471505115039e-11
97,-4.6666666666700003e+00,-2.8333333333300001e+00,5.0000000000000003e-02,3.1250000000100000e-03,2.4405214145900000e-11,6.3041217251443032e-12,1.8101092420755698e-11,1.8101092420755698e-11
98,-4.6666666666700003e+00,-2.6666666666599999e+00,5.0000000000000003e-02,3.1250000000100000e-03,6.3544219413700005e-11,1.4147942916022368e-11,4.9396276497677637e-11,4.9396276497677637e-11
99,-4.5833333333299997e+00,-2.5833333333300001e+00,5.0000000000000003e-02,3.1250000000100000e-03,1.6837108400299999e-10,4.5006802798621029e-11,1.2336428120437897e-10,1.2336428120437897e-10
100,-4.5833333333299997e+00,-2.4166666666599999e+00,5.0000000000000003e-02,3.1250000000100000e-03,3.1398145889200002e-10,9.1835784742914533e-11,2.2214567414908548e-10,2.2214567414908548e-10
101,-4.6666666666700003e+00,-2.3333333333300001e+00,5.0000000000000003e-02,3.1250000000100000e-03,1.8470680206400000e-10,5.8918737330448150e-11,1.2578806473355184e-10,1.2578806473355184e-10
102,-4.6666666666700003e+00,-2.1666666666599999e+00,5.0000000000000003e-02,3.1250000000100000e-03,3.9533313053399999e-10,1.0951912439437516e-10,2.8581400613962485e-10,2.8581400613962485e-10
103,-4.5833333333299997e+00,-2.0833333333300001e+00,5.0000000000000003e-02,3.1250000000100000e-03,9.9799255877300000e-10,3.1739841877718211e-10,6.8059413999581784e-10,6.8059413999581784e-10
104,-4.5833333333299997e+00,-1.9166666666600001e+00,5.0000000000000003e-02,3.1250000000100000e-03,1.6091948338900000e-09,5.3880014848848603e-10,1.0703946854015140e-09,1.0703946854015140e-09
105,-4.6666666666700003e+00,-1.8333333333299999e+00,5.0000000000000003e-02,3.1250000000100000e-03,8.7921026968100004e-10,3.1571237792407547e-10,5.6349789175692457e-10,5.6349789175692457e-10
106,-4.6666666666700003e+00,-1.6666666666600001e+00,5.0000000000000003e-02,3.1250000000100000e-03,1.5383262918400000e-09,4.9103212363797667e-10,1.0472941682020234e-09,1.0472941682020234e-09
107,-4.5833333333299997e+00,-1.5833333333299999e+00,5.0000000000000003e-02,3.1250000000100000e-03,3.7099864957800000e-09,1.3039674116571710e-09,2.4060190841228290e-09,2.4060190841228290e-09
108,-4.5833333333299997e+00,-1.4166666666600001e+00,5.0000000000000003e-02,3.1250000000100000e-03,5.1736531776500001e-09,1.8659924022800088e-09,3.3076607753699912e-09,3.3076607753699912e-09
109,-4.6666666666700003e+00,-1.3333333333299999e+00,5.0000000000000003e-02,3.1250000000100000e-03,2.6621156509900001e-09,1.0061352448935830e-09,1.6559804060964171e-09,1.6559804060964171e-09
110,-4.6666666666700003e+00,-1.1666666666600001e+00,5.0000000000000003e-02,3.1250000000100000e-03,3.8329564147499998e-09,1.3318981592400729e-09,2.5010582555099269e-09,2.5010582555099269e-09
111,-4.5833333333299997e+00,-1.0833333333299999e+00,5.0000000000000003e-02,3.1250000000100000e-03,8.8674308796799999e-09,3.2723824160634605e-09,5.5950484636165389e-09,5.5950484636165389e-09
112,-4.5833333333299997e+00,-9.1666666666200003e-01,5.0000000000000003e-02,3.1250000000100000e-03,1.0813624467100001e-08,4.0343179031855358e-09,6.7793065639144650e-09,6.7793065639144650e-09
113,-4.6666666666700003e+00,-8.3333333332899995e-01,5.0000000000000003e-02,3.1250000000100000e-03,5.3097673835999999e-09,2.0261238555932518e-09,3.2836435280067481e-09,3.2836435280067481e-09
114,-4.6666666666700003e+00,-6.6666666666200003e-01,5.0000000000000003e-02,3.1250000000100000e-03,6.4457886240899999e-09,2.3446960529540034e-09,4.1010925711359969e-09,4.1010925711359969e-09
115,-4.5833333333299997e+00,-5.8333333332799997e-01,5.0000000000000003e-02,3.1250000000100000e-03,1.4391836748800000e-08,5.4077634879618050e-09,8.9840732608381941e-09,8.9840732608381941e-09
116,-4.5833333333299997e+00,-4.1666666666199997e-01,5.0000000000000003e-02,3.1250000000100000e-03,1.5711570035200000e-08,5.9232839707355823e-09,9.7882860644644184e-09,9.7882860644644184e-09
117,-4.6666666666700003e+00,-3.3333333332800003e-01,5.0000000000000003e-02,3.1250000000100000e-03,7.4500457387499998e-09,2.8153647385640274e-09,4.6346810001859724e-09,4.6346810001859724e-09
118,-4.6666666666700003e+00,-1.6666666666100000e-01,5.0000000000000003e-02,3.1250000000100000e-03,7.8988114875100008e-09,2.9401126045291452e-09,4.9586988829808556e-09,4.9586988829808556e-09
119,-4.5833333333299997e+00,-8.3333333327800005e-02,5.0000000000000003e-02,3.1250000000100000e-03,1.7129333192899999e-08,6.4630318197198104e-09,1.0666301373180188e-08,1.0666301373180188e-08
120,-4.5833333333299997e+00,8.3333333339099994e-02,5.0000000000000003e-02,3.1250000000100000e-03,1.7129333192899999e-08,6.4630318197135916e-09,1.0666301373186407e-08,1.0666301373186407e-08
121,-4.6666666666700003e+00,1.6666666667300001e-01,5.0000000000000003e-02,3.1250000000100000e-03,7.8988114874800006e-09,2.9401126045230998e-09,4.9586988829569013e-09,4.9586988829569013e-09
122,-4.6666666666700003e+00,3.3333333333900000e-01,5.0000000000000003e-02,3.1250000000100000e-03,7.4500457387000000e-09,2.8153647385531607e-09,4.6346810001468393e-09,4.6346810001468393e-09
123,-4.5833333333299997e+00,4.1666666667300001e-01,5.0000000000000003e-02,3.1250000000100000e-03,1.5711570035100000e-08,5.9232839707065251e-09,9.7882860643934761e-09,9.7882860643934761e-09
124,-4.5833333333299997e+00,5.8333333334000004e-01,5.0000000000000003e-02,3.1250000000100000e-03,1.4391836748700000e-08,5.4077634879196246e-09,8.9840732607803759e-09,8.9840732607803759e-09
125,-4.6666666666700003e+00,6.6666666667300001e-01,5.0000000000000003e-02,3.1250000000100000e-03,6.4457886240100000e-09,2.3446960529344054e-09,4.1010925710755946e-09,4.1010925710755946e-09
126,-4.6666666666700003e+00,8.3333333334000004e-01,5.0000000000000003e-02,3.1250000000100000e-03,5.3097673835200000e-09,2.0261238555710470e-09,3.2836435279489530e-09,3.2836435279489530e-09
127,-4.5833333333299997e+00,9.1666666667300001e-01,5.0000000000000003e-02,3.1250000000100000e-03,1.0813624466900000e-08,4.0343179031357039e-09,6.7793065637642961e-09,6.7793065637642961e-09
128,-4.5833333333299997e+00,1.0833333333399999e+00,5.0000000000000003e-02,3.1249999999899999e-03,8.8674308795099993e-09,3.2723824160178941e-09,5.5950484634921053e-09,5.5950484634921053e-09
129,-4.6666666666700003e+00,1.1666666666700001e+00,5.0000000000000003e-02,3.1249999999899999e-03,3.8329564146699998e-09,1.3318981592196289e-09,2.5010582554503707e-09,2.5010582554503707e-09
130,-4.6666666666700003e+00,1.3333333333399999e+00,5.0000000000000003e-02,3.1249999999899999e-03,2.6621156509300002e-09,1.0061352448751309e-09,1.6559804060548693e-09,1.6559804060548693e-09
131,-4.5833333333299997e+00,1.4166666666700001e+00,5.0000000000000003e-02,3.1249999999899999e-03,5.1736531775200004e-09,1.8659924022428779e-09,3.3076607752771224e-09,3.3076607752771224e-09
132,-4.5833333333299997e+00,1.5833333333399999e+00,5.0000000000000003e-02,3.1249999999899999e-03,3.7099864956899999e-09,1.3039674116270089e-09,2.4060190840629912e-09,2.4060190840629912e-09
133,-4.6666666666700003e+00,1.6666666666700001e+00,5.0000000000000003e-02,3.1249999999899999e-03,1.5383262918000000e-09,4.9103212362579995e-10,1.0472941681742000e-09,1.0472941681742000e-09
134,-4.6666666666700003e+00,1.8333333333399999e+00,5.0000000000000003e-02,3.1249999999899999e-03,8.7921026965799997e-10,3.1571237791516570e-10,5.6349789174283427e-10,5.6349789174283427e-10
135,-4.5833333333299997e+00,1.9166666666700001e+00,5.0000000000000003e-02,3.1249999999899999e-03,1.6091948338500000e-09,5.3880014847233646e-10,1.0703946853776635e-09,1.0703946853776635e-09
136,-4.5833333333299997e+00,2.0833333333400001e+00,5.0000000000000003e-02,3.1249999999899999e-03,9.9799255874799991e-10,3.1739841876653505e-10,6.8059413998146481e-10,6.8059413998146481e-10
137,-4.6666666666700003e+00,2.1666666666699999e+00,5.0000000000000003e-02,3.1249999999899999e-03,3.9533313052400000e-10,1.0951912439050248e-10,2.8581400613349751e-10,2.8581400613349751e-10
138,-4.6666666666700003e+00,2.3333333333400001e+00,5.0000000000000003e-02,3.1249999999899999e-03,1.8470680205900000e-10,5.8918737328147528e-11,1.2578806473085249e-10,1.2578806473085249e-10
139,-4.5833333333299997e+00,2.4166666666699999e+00,5.0000000000000003e-02,3.1249999999899999e-03,3.1398145888500001e-10,9.1835784739157479e-11,2.2214567414584251e-10,2.2214567414584251e-10
140,-4.5833333333299997e+00,2.5833333333400001e+00,5.0000000000000003e-02,3.1249999999899999e-03,1.6837108399900000e-10,4.5006802796609843e-11,1.2336428120239017e-10,1.2336428120239017e-10
141,-4.6666666666700003e+00,2.6666666666699999e+00,5.0000000000000003e-02,3.1249999999899999e-03,6.3544219412200003e-11,1.4147942915363286e-11,4.9396276496836717e-11,4.9396276496836717e-11
142,-4.6666666666700003e+00,2.8333333333300001e+00,5.0000000000000003e-02,3.1249999999899999e-03,2.4405214145400001e-11,6.3041217251443032e-12,1.8101092420255700e-11,1.8101092420255700e-11
143,-4.5833333333299997e+00,2.9166666666699999e+00,5.0000000000000003e-02,3.1249999999899999e-03,3.7952936704099999e-11,8.9344651993168999e-12,2.9018471504783101e-11,2.9018471504783101e-11
144,-4.5833333333299997e+00,3.0833333333300001e+00,5.0000000000000003e-02,3.1249999999899999e-03,1.7690628745599999e-11,3.6141977040653023e-12,1.4076431041534696e-11,1.4076431041534696e-11
145,-4.6666666666700003e+00,3.1666666666699999e+00,5.0000000000000003e-02,3.1249999999899999e-03,6.3470755362099996e-12,1.0314648150091741e-12,5.3156107212008251e-12,5.3156107212008251e-12
146,-4.6666666666700003e+00,3.3333333333300001e+00,5.0000000000000003e-02,3.1249999999899999e-03,2.0273073215600000e-12,3.7835161520731223e-13,1.6489557063526877e-12,1.6489557063526877e-12
147,-4.5833333333299997e+00,3.4166666666699999e+00,5.0000000000000003e-02,3.1249999999899999e-03,2.8367899849500001e-12,4.8623809361746305e-13,2.3505518913325372e-12,2.3505518913325372e-12
148,-4.5833333333299997e+00,3.5833333333300001e+00,5.0000000000000003e-02,3.1250000000000002e-03,1.1572434691300000e-12,1.6157668462935287e-13,9.9566678450064724e-13,9.9566678450064724e-13
149,-4.6666666666700003e+00,3.6666666666699999e+00,5.0000000000000003e-02,3.1250000000000002e-03,3.9383272172100002e-13,4.1775203938139022e-14,3.5205751778286097e-13,3.5205751778286097e-13
150,-4.6666666666700003e+00,3.8333333333300001e+00,5.0000000000000003e-02,3.1250000000100000e-03,1.0609585053199999e-13,1.2566303145724529e-14,9.3529547386275467e-14,9.3529547386275467e-14
151,-4.5833333333299997e+00,3.9166666666699999e+00,5.0000000000000003e-02,3.1250000000100000e-03,1.3125560128500001e-13,1.4619312979161443e-14,1.1663628830583858e-13,1.1663628830583858e-13
152,-4.5833333333299997e+00,4.0833333333299997e+00,5.0000000000000003e-02,3.1250000000100000e-03,4.7157029900400002e-14,3.9783907149644904e-15,4.3178639185435511e-14,4.3178639185435511e-14
153,-4.6666666666700003e+00,4.1666666666700003e+00,5.0000000000000003e-02,3.1250000000100000e-03,1.5182598992299999e-14,9.3055945293441996e-16,1.4252039539365577e-14,1.4252039539365577e-14
154,-4.6666666666700003e+00,4.3333333333299997e+00,5.0000000000000003e-02,3.1250000000100000e-03,3.5008143975000002e-15,2.2897931683245836e-16,3.2718350806675420e-15,3.2718350806675420e-15
155,-4.5833333333299997e+00,4.4166666666700003e+00,5.0000000000000003e-02,3.1250000000100000e-03,3.7648871894000003e-15,2.4087487678451121e-16,3.5240123126154891e-15,3.5240123126154891e-15
156,-4.5833333333299997e+00,4.5833333333299997e+00,5.0000000000000003e-02,3.1250000000100000e-03,1.1978358342300001e-15,5.3571405699619826e-17,1.1442644285303803e-15,1.1442644285303803e-15
157,-4.6666666666700003e+00,4.6666666666700003e+00,5.0000000000000003e-02,3.1250000000100000e-03,3.6439684965200002e-16,1.1325631800793683e-17,3.5307121785120631e-16,3.5307121785120631e-16
158,-4.6666666666700003e+00,4.8333333333299997e+00,5.0000000000000003e-02,3.1250000000100000e-03,7.8187535154600006e-17,2.2758359712172967e-18,7.5911699183382703e-17,7.5911699183382703e-17
159,-4.5833333333299997e+00,4.9166666666700003e+00,5.0000000000000003e-02,3.1250000000100000e-03,8.6105178891600003e-17,2.1630961731247448e-18,8.3942082718475258e-17,8.3942082718475258e-17
160,-4.4166666666700003e+00,-4.9166666666700003e+00,5.0000000000000003e-02,3.1250000000100000e-03,3.7663414484499999e-16,9.7260006036796647e-18,3.6690814424132034e-16,3.6690814424132034e-16
161,-4.3333333333299997e+00,-4.8333333333299997e+00,5.0000000000000003e-02,3.1250000000100000e-03,1.0946448364000000e-15,4.6012388101434810e-17,1.0486324482985653e-15,1.0486324482985653e-15
162,-4.3333333333299997e+00,-4.6666666666700003e+00,5.0000000000000003e-02,3.1250000000100000e-03,3.5008143975000002e-15,2.2897931683245836e-16,3.2718350806675420e-15,3.2718350806675420e-15
163,-4.4166666666700003e+00,-4.5833333333299997e+00,5.0000000000000003e-02,3.1250000000100000e-03,3.7648871894000003e-15,2.4087487678451121e-16,3.5240123126154891e-15,3.5240123126154891e-15
164,-4.4166666666700003e+00,-4.4166666666700003e+00,5.0000000000000003e-02,3.1250000000100000e-03,1.7347803646599999e-14,1.0830536460305206e-15,1.6264750000569480e-14,1.6264750000569480e-14
165,-4.3333333333299997e+00,-4.3333333333299997e+00,5.0000000000000003e-02,3.1250000000100000e-03,5.3864060939200002e-14,4.6294571869610867e-15,4.9234603752238915e-14,4.9234603752238915e-14
166,-4.3333333333299997e+00,-4.1666666666700003e+00,5.0000000000000003e-02,3.1250000000100000e-03,1.5889483906200001e-13,1.8813861473933615e-14,1.4008097758806639e-13,1.4008097758806639e-13
167,-4.4166666666700003e+00,-4.0833333333299997e+00,5.0000000000000003e-02,3.1250000000100000e-03,1.4772595423600000e-13,1.7888169271513360e-14,1.2983778496448664e-13,1.2983778496448664e-13
168,-4.4166666666700003e+00,-3.9166666666699999e+00,5.0000000000000003e-02,3.1250000000100000e-03,5.8863708979700002e-13,6.5733298698090884e-14,5.2290379109890915e-13,5.2290379109890915e-13
169,-4.3333333333299997e+00,-3.8333333333300001e+00,5.0000000000000003e-02,3.1250000000100000e-03,1.7218985371200001e-12,2.5406295737213792e-13,1.4678355797478622e-12,1.4678355797478622e-12
170,-4.3333333333299997e+00,-3.6666666666699999e+00,5.0000000000000003e-02,3.1250000000100000e-03,4.4791016624499999e-12,8.4460256403720896e-13,3.6344990984127909e-12,3.6344990984127909e-12
171,-4.4166666666700003e+00,-3.5833333333300001e+00,5.0000000000000003e-02,3.1250000000100000e-03,3.6367392518500000e-12,7.2650257153176402e-13,2.9102366803182362e-12,2.9102366803182362e-12
172,-4.4166666666700003e+00,-3.4166666666599999e+00,5.0000000000000003e-02,3.1250000000100000e-03,1.2332533634800000e-11,2.1862883634638531e-12,1.0146245271336147e-11,1.0146245271336147e-11
173,-4.3333333333299997e+00,-3.3333333333300001e+00,5.0000000000000003e-02,3.1250000000100000e-03,3.4095947371999998e-11,7.6494358898861869e-12,2.6446511482113811e-11,2.6446511482113811e-11
174,-4.3333333333299997e+00,-3.1666666666599999e+00,5.0000000000000003e-02,3.1250000000100000e-03,7.7808227977300004e-11,2.0853945532177608e-11,5.6954282445122397e-11,5.6954282445122397e-11
175,-4.4166666666700003e+00,-3.0833333333300001e+00,5.0000000000000003e-02,3.1250000000100000e-03,5.6087974952099998e-11,1.6250636235363358e-11,3.9837338716736636e-11,3.9837338716736636e-11
176,-4.4166666666700003e+00,-2.9166666666599999e+00,5.0000000000000003e-02,3.1250000000100000e-03,1.5947302642499999e-10,4.0172330295021129e-11,1.1930069612997885e-10,1.1930069612997885e-10
177,-4.3333333333299997e+00,-2.8333333333300001e+00,5.0000000000000003e-02,3.1250000000100000e-03,4.1782799086000002e-10,1.2745544895350053e-10,2.9037254190649947e-10,2.9037254190649947e-10
178,-4.3333333333299997e+00,-2.6666666666599999e+00,5.0000000000000003e-02,3.1250000000100000e-03,8.3140205308699997e-10,2.8604022808408759e-10,5.4536182500291233e-10,5.4536182500291233e-10
179,-4.4166666666700003e+00,-2.5833333333300001e+00,5.0000000000000003e-02,3.1250000000100000e-03,5.4129495514300003e-10,2.0236557053158621e-10,3.3892938461141385e-10,3.3892938461141385e-10
180,-4.4166666666700003e+00,-2.4166666666599999e+00,5.0000000000000003e-02,3.1250000000100000e-03,1.2732268514200001e-09,4.1292426520208739e-10,8.6030258621791267e-10,8.6030258621791267e-10
181,-4.3333333333299997e+00,-2.3333333333300001e+00,5.0000000000000003e-02,3.1250000000100000e-03,3.1688782869900001e-09,1.1912070301995549e-09,1.9776712567904454e-09,1.9776712567904454e-09
182,-4.3333333333299997e+00,-2.1666666666599999e+00,5.0000000000000003e-02,3.1250000000100000e-03,5.4664116110500002e-09,2.2142353490739165e-09,3.2521762619760837e-09,3.2521762619760837e-09
183,-4.4166666666700003e+00,-2.0833333333300001e+00,5.0000000000000003e-02,3.1250000000100000e-03,3.2674588265299998e-09,1.4271289695707013e-09,1.8403298569592985e-09,1.8403298569592985e-09
184,-4.4166666666700003e+00,-1.9166666666600001e+00,5.0000000000000003e-02,3.1250000000100000e-03,6.2993998413900002e-09,2.4226248627177881e-09,3.8767749786722116e-09,3.8767749786722116e-09
185,-4.3333333333299997e+00,-1.8333333333299999e+00,5.0000000000000003e-02,3.1250000000100000e-03,1.4930608261800001e-08,6.3830085494691455e-09,8.5475997123308555e-09,8.5475997123308555e-09
186,-4.3333333333299997e+00,-1.6666666666600001e+00,5.0000000000000003e-02,3.1250000000100000e-03,2.2271139633300001e-08,9.9275874574640308e-09,1.2343552175835971e-08,1.2343552175835971e-08
187,-4.4166666666700003e+00,-1.5833333333299999e+00,5.0000000000000003e-02,3.1250000000100000e-03,1.2408811701900001e-08,5.8630716426425236e-09,6.5457400592574772e-09,6.5457400592574772e-09
188,-4.4166666666700003e+00,-1.4166666666600001e+00,5.0000000000000003e-02,3.1250000000100000e-03,1.9602141848900001e-08,8.3901231283766912e-09,1.1212018720523310e-08,1.1212018720523310e-08
189,-4.3333333333299997e+00,-1.3333333333299999e+00,5.0000000000000003e-02,3.1250000000100000e-03,4.4394466202999999e-08,2.0341837441743946e-08,2.4052628761256052e-08,2.4052628761256052e-08
190,-4.3333333333299997e+00,-1.1666666666600001e+00,5.0000000000000003e-02,3.1250000000100000e-03,5.7571657321900003e-08,2.6928045689409432e-08,3.0643611632490571e-08,3.0643611632490571e-08
191,-4.4166666666700003e+00,-1.0833333333299999e+00,5.0000000000000003e-02,3.1250000000100000e-03,3.0331262241499998e-08,1.4713720892089285e-08,1.5617541349410713e-08,1.5617541349410713e-08
192,-4.4166666666700003e+00,-9.1666666666200003e-01,5.0000000000000003e-02,3.1250000000100000e-03,3.9860330348100002e-08,1.8139636530879007e-08,2.1720693817220995e-08,2.1720693817220995e-08
193,-4.3333333333299997e+00,-8.3333333332899995e-01,5.0000000000000003e-02,3.1250000000100000e-03,8.6708728176400003e-08,4.0963759411565634e-08,4.5744968764834369e-08,4.5744968764834369e-08
194,-4.3333333333299997e+00,-6.6666666666200003e-01,5.0000000000000003e-02,3.1250000000100000e-03,9.9516055107399996e-08,4.7404587207889371e-08,5.2111467899510625e-08,5.2111467899510625e-08
195,-4.4166666666700003e+00,-5.8333333332899995e-01,5.0000000000000003e-02,3.1250000000100000e-03,5.0251380864900002e-08,2.4315105172813783e-08,2.5936275692086219e-08,2.5936275692086219e-08
196,-4.4166666666700003e+00,-4.1666666666199997e-01,5.0000000000000003e-02,3.1250000000100000e-03,5.6721461326899998e-08,2.6633056907460035e-08,3.0088404419439963e-08,3.0088404419439963e-08
197,-4.3333333333299997e+00,-3.3333333332800003e-01,5.0000000000000003e-02,3.1250000000100000e-03,1.1933147192499999e-07,5.6920470823129440e-08,6.2411001101870554e-08,6.2411001101870554e-08
198,-4.3333333333299997e+00,-1.6666666666200000e-01,5.0000000000000003e-02,3.1250000000100000e-03,1.2437712214499999e-07,5.9442597767330699e-08,6.4934524377669293e-08,6.4934524377669293e-08
199,-4.4166666666700003e+00,-8.3333333327999998e-02,5.0000000000000003e-02,3.1250000000100000e-03,6.0839558936200005e-08,2.9059942947145890e-08,3.1779615989054118e-08,3.1779615989054118e-08
200,-4.4166666666700003e+00,8.3333333338900001e-02,5.0000000000000003e-02,3.1250000000100000e-03,6.0839558936100002e-08,2.9059942947118918e-08,3.1779615988981088e-08,3.1779615988981088e-08
201,-4.3333333333299997e+00,1.6666666667200000e-01,5.0000000000000003e-02,3.1250000000100000e-03,1.2437712214399999e-07,5.9442597767228844e-08,6.4934524376771147e-08,6.4934524376771147e-08
202,-4.3333333333299997e+00,3.3333333333900000e-01,5.0000000000000003e-02,3.1250000000100000e-03,1.1933147192499999e-07,5.6920470822909734e-08,6.2411001102090253e-08,6.2411001102090253e-08
203,-4.4166666666700003e+00,4.1666666667300001e-01,5.0000000000000003e-02,3.1250000000100000e-03,5.6721461326500000e-08,2.6633056907329387e-08,3.0088404419170613e-08,3.0088404419170613e-08
204,-4.4166666666700003e+00,5.8333333333899995e-01,5.0000000000000003e-02,3.1250000000100000e-03,5.0251380864400001e-08,2.4315105172655735e-08,2.5936275691744266e-08,2.5936275691744266e-08
205,-4.3333333333299997e+00,6.6666666667300001e-01,5.0000000000000003e-02,3.1250000000100000e-03,9.9516055106200002e-08,4.7404587207493145e-08,5.2111467898706856e-08,5.2111467898706856e-08
206,-4.3333333333299997e+00,8.3333333334000004e-01,5.0000000000000003e-02,3.1250000000100000e-03,8.6708728175100006e-08,4.0963759411116707e-08,4.5744968763983299e-08,4.5744968763983299e-08
207,-4.4166666666700003e+00,9.1666666667300001e-01,5.0000000000000003e-02,3.1250000000100000e-03,3.9860330347400002e-08,1.8139636530654947e-08,2.1720693816745055e-08,2.1720693816745055e-08
208,-4.4166666666700003e+00,1.0833333333399999e+00,5.0000000000000003e-02,3.1250000000000002e-03,3.0331262240900001e-08,1.4713720891884403e-08,1.5617541349015599e-08,1.5617541349015599e-08
209,-4.3333333333299997e+00,1.1666666666700001e+00,5.0000000000000003e-02,3.1250000000000002e-03,5.7571657320700002e-08,2.6928045688996100e-08,3.0643611631703902e-08,3.0643611631703902e-08
210,-4.3333333333299997e+00,1.3333333333399999e+00,5.0000000000000003e-02,3.1249999999899999e-03,4.4394466202100000e-08,2.0341837441370885e-08,2.4052628760729115e-08,2.4052628760729115e-08
211,-4.4166666666700003e+00,1.4166666666700001e+00,5.0000000000000003e-02,3.1249999999899999e-03,1.9602141848499999e-08,8.3901231282097380e-09,1.1212018720290261e-08,1.1212018720290261e-08
212,-4.4166666666700003e+00,1.5833333333399999e+00,5.0000000000000003e-02,3.1249999999899999e-03,1.2408811701600001e-08,5.8630716425069048e-09,6.5457400590930958e-09,6.5457400590930958e-09
213,-4.3333333333299997e+00,1.6666666666700001e+00,5.0000000000000003e-02,3.1249999999899999e-03,2.2271139632800000e-08,9.9275874572178437e-09,1.2343552175582157e-08,1.2343552175582157e-08
214,-4.3333333333299997e+00,1.8333333333399999e+00,5.0000000000000003e-02,3.1249999999899999e-03,1.4930608261499999e-08,6.3830085492890095e-09,8.5475997122109904e-09,8.5475997122109904e-09
215,-4.4166666666700003e+00,1.9166666666700001e+00,5.0000000000000003e-02,3.1249999999899999e-03,6.2993998412400001e-09,2.4226248626451745e-09,3.8767749785948256e-09,3.8767749785948256e-09
216,-4.4166666666700003e+00,2.0833333333400001e+00,5.0000000000000003e-02,3.1249999999899999e-03,3.2674588264499999e-09,1.4271289695228284e-09,1.8403298569271715e-09,1.8403298569271715e-09
217,-4.3333333333299997e+00,2.1666666666699999e+00,5.0000000000000003e-02,3.1249999999899999e-03,5.4664116109199997e-09,2.2142353489956193e-09,3.2521762619243804e-09,3.2521762619243804e-09
218,-4.3333333333299997e+00,2.3333333333400001e+00,5.0000000000000003e-02,3.1249999999899999e-03,3.1688782869100002e-09,1.1912070301530413e-09,1.9776712567569587e-09,1.9776712567569587e-09
219,-4.4166666666700003e+00,2.4166666666699999e+00,5.0000000000000003e-02,3.1249999999899999e-03,1.2732268513900001e-09,4.1292426518519440e-10,8.6030258620480568e-10,8.6030258620480568e-10
220,-4.4166666666700003e+00,2.5833333333400001e+00,5.0000000000000003e-02,3.1249999999899999e-03,5.4129495513100002e-10,2.0236557052254324e-10,3.3892938460845678e-10,3.3892938460845678e-10
221,-4.3333333333299997e+00,2.6666666666699999e+00,5.0000000000000003e-02,3.1249999999899999e-03,8.3140205306900000e-10,2.8604022807076238e-10,5.4536182499823762e-10,5.4536182499823762e-10
222,-4.3333333333299997e+00,2.8333333333300001e+00,5.0000000000000003e-02,3.1249999999899999e-03,4.1782799085200000e-10,1.2745544895350053e-10,2.9037254189849949e-10,2.9037254189849949e-10
223,-4.4166666666700003e+00,2.9166666666699999e+00,5.0000000000000003e-02,3.1249999999899999e-03,1.5947302642199999e-10,4.0172330292916587e-11,1.1930069612908340e-10,1.1930069612908340e-10
224,-4.4166666666700003e+00,3.0833333333300001e+00,5.0000000000000003e-02,3.1249999999899999e-03,5.6087974951199999e-11,1.6250636235363358e-11,3.9837338715836638e-11,3.9837338715836638e-11
225,-4.3333333333299997e+00,3.1666666666699999e+00,5.0000000000000003e-02,3.1249999999899999e-03,7.7808227976199996e-11,2.0853945530965197e-11,5.6954282445234796e-11,5.6954282445234796e-11
226,-4.3333333333299997e+00,3.3333333333300001e+00,5.0000000000000003e-02,3.1249999999899999e-03,3.4095947371599998e-11,7.6494358898861869e-12,2.6446511481713811e-11,2.6446511481713811e-11
227,-4.4166666666700003e+00,3.4166666666699999e+00,5.0000000000000003e-02,3.1249999999899999e-03,1.2332533634700000e-11,2.1862883633250119e-12,1.0146245271374988e-11,1.0146245271374988e-11
228,-4.4166666666700003e+00,3.5833333333300001e+00,5.0000000000000003e-02,3.1250000000000002e-03,3.6367392518299999e-12,7.2650257153176402e-13,2.9102366802982360e-12,2.9102366802982360e-12
229,-4.3333333333299997e+00,3.6666666666699999e+00,5.0000000000000003e-02,3.1250000000000002e-03,4.4791016624299998e-12,8.4460256403720896e-13,3.6344990983927907e-12,3.6344990983927907e-12
230,-4.3333333333299997e+00,3.8333333333300001e+00,5.0000000000000003e-02,3.1250000000100000e-03,1.7218985371200001e-12,2.5406295737213792e-13,1.4678355797478622e-12,1.4678355797478622e-12
231,-4.4166666666700003e+00,3.9166666666699999e+00,5.0000000000000003e-02,3.1250000000100000e-03,5.8863708979599997e-13,6.5733298698090884e-14,5.2290379109790910e-13,5.2290379109790910e-13
232,-4.4166666666700003e+00,4.0833333333299997e+00,5.0000000000000003e-02,3.1250000000100000e-03,1.4772595423600000e-13,1.7888169271513360e-14,1.2983778496448664e-13,1.2983778496448664e-13
233,-4.3333333333299997e+00,4.1666666666700003e+00,5.0000000000000003e-02,3.1250000000100000e-03,1.5889483906100001e-13,1.8813861473933615e-14,1.4008097758706639e-13,1.4008097758706639e-13
234,-4.3333333333299997e+00,4.3333333333299997e+00,5.0000000000000003e-02,3.1250000000100000e-03,5.3864060939200002e-14,4.6294571869610867e-15,4.9234603752238915e-14,4.9234603752238915e-14
235,-4.4166666666700003e+00,4.4166666666700003e+00,5.0000000000000003e-02,3.1250000000100000e-03,1.7347803646599999e-14,1.0830536460305206e-15,1.6264750000569480e-14,1.6264750000569480e-14
236,-4.4166666666700003e+00,4.5833333333299997e+00,5.0000000000000003e-02,3.1250000000100000e-03,3.7648871894000003e-15,2.4087487678451121e-16,3.5240123126154891e-15,3.5240123126154891e-15
237,-4.3333333333299997e+00,4.6666666666700003e+00,5.0000000000000003e-02,3.1250000000100000e-03,3.5008143975000002e-15,2.2897931683245836e-16,3.2718350806675420e-15,3.2718350806675420e-15
238,-4.3333333333299997e+00,4.8333333333299997e+00,5.0000000000000003e-02,3.1250000000100000e-03,1.0946448364000000e-15,4.6012388101434810e-17,1.0486324482985653e-15,1.0486324482985653e-15
239,-4.4166666666700003e+00,4.9166666666700003e+00,5.0000000000000003e-02,3.1250000000100000e-03,3.7663414484600002e-16,9.7260006036796647e-18,3.6690814424232037e-16,3.6690814424232037e-16
240,-4.0833333333299997e+00,-4.9166666666700003e+00,5.0000000000000003e-02,3.1250000000100000e-03,3.1955543432200001e-15,1.6063871422354289e-16,3.0349156289964573e-15,3.0349156289964573e-15
241,-4.1666666666700003e+00,-4.8333333333299997e+00,5.0000000000000003e-02,3.1250000000100000e-03,3.3240377211600001e-15,1.8699183529840954e-16,3.1370458858615906e-15,3.1370458858615906e-15
242,-4.1666666666700003e+00,-4.6666666666700003e+00,5.0000000000000003e-02,3.1250000000100000e-03,1.5182598992299999e-14,9.3055945293441996e-16,1.4252039539365577e-14,1.4252039539365577e-14
243,-4.0833333333299997e+00,-4.5833333333299997e+00,5.0000000000000003e-02,3.1250000000100000e-03,4.7157029900400002e-14,3.9783907149644904e-15,4.3178639185435511e-14,4.3178639185435511e-14
244,-4.0833333333299997e+00,-4.4166666666700003e+00,5.0000000000000003e-02,3.1250000000100000e-03,1.4772595423600000e-13,1.7888169271513360e-14,1.2983778496448664e-13,1.2983778496448664e-13
245,-4.1666666666700003e+00,-4.3333333333299997e+00,5.0000000000000003e-02,3.1250000000100000e-03,1.5889483906100001e-13,1.8813861473933615e-14,1.4008097758706639e-13,1.4008097758706639e-13
246,-4.1666666666700003e+00,-4.1666666666700003e+00,5.0000000000000003e-02,3.1250000000100000e-03,6.7435488644799998e-13,7.6458506746168738e-14,5.9789637970183125e-13,5.9789637970183125e-13
247,-4.0833333333299997e+00,-4.0833333333299997e+00,5.0000000000000003e-02,3.1250000000100000e-03,1.9682485455300002e-12,2.9544852284934517e-13,1.6728000226806549e-12,1.6728000226806549e-12
248,-4.0833333333299997e+00,-3.9166666666699999e+00,5.0000000000000003e-02,3.1250000000100000e-03,5.4425301793099999e-12,1.0856787918086774e-12,4.3568513875013227e-12,4.3568513875013227e-12
249,-4.1666666666700003e+00,-3.8333333333300001e+00,5.0000000000000003e-02,3.1250000000100000e-03,5.0721486336599998e-12,1.0324979997914131e-12,4.0396506338685871e-12,4.0396506338685871e-12
250,-4.1666666666700003e+00,-3.6666666666699999e+00,5.0000000000000003e-02,3.1250000000100000e-03,1.8500189932900001e-11,3.4324187477271000e-12,1.5067771185172903e-11,1.5067771185172903e-11
251,-4.0833333333299997e+00,-3.5833333333300001e+00,5.0000000000000003e-02,3.1250000000100000e-03,5.0818403930299999e-11,1.1999221851457313e-11,3.8819182078842689e-11,3.8819182078842689e-11
252,-4.0833333333299997e+00,-3.4166666666599999e+00,5.0000000000000003e-02,3.1250000000100000e-03,1.2343750880400001e-10,3.6109657601281227e-11,8.7327851202718785e-11,8.7327851202718785e-11
253,-4.1666666666700003e+00,-3.3333333333300001e+00,5.0000000000000003e-02,3.1250000000100000e-03,1.0093013490000000e-10,3.1086890184748677e-11,6.9843244715251327e-11,6.9843244715251327e-11
254,-4.1666666666700003e+00,-3.1666666666599999e+00,5.0000000000000003e-02,3.1250000000100000e-03,3.1152174796399999e-10,8.4749297073614828e-11,2.2677245089038516e-10,2.2677245089038516e-10
255,-4.0833333333299997e+00,-3.0833333333300001e+00,5.0000000000000003e-02,3.1250000000100000e-03,8.0793325245899995e-10,2.6840233889926503e-10,5.3953091355973497e-10,5.3953091355973497e-10
256,-4.0833333333299997e+00,-2.9166666666599999e+00,5.0000000000000003e-02,3.1250000000100000e-03,1.7149815086600000e-09,6.6350309329758885e-10,1.0514784153624112e-09,1.0514784153624112e-09
257,-4.1666666666700003e+00,-2.8333333333300001e+00,5.0000000000000003e-02,3.1250000000100000e-03,1.2502187595700000e-09,5.1797199193524632e-10,7.3224676763475367e-10,7.3224676763475367e-10
258,-4.1666666666700003e+00,-2.6666666666599999e+00,5.0000000000000003e-02,3.1250000000100000e-03,3.2176117426400002e-09,1.1624518836254732e-09,2.0551598590145272e-09,2.0551598590145272e-09
259,-4.0833333333299997e+00,-2.5833333333300001e+00,5.0000000000000003e-02,3.1250000000100000e-03,7.9005403897600001e-09,3.3423548257861450e-09,4.5581855639738555e-09,4.5581855639738555e-09
260,-4.0833333333299997e+00,-2.4166666666599999e+00,5.0000000000000003e-02,3.1250000000100000e-03,1.4574503094100001e-08,6.8200307337703771e-09,7.7544723603296234e-09,7.7544723603296234e-09
261,-4.1666666666700003e+00,-2.3333333333300001e+00,5.0000000000000003e-02,3.1250000000100000e-03,9.6336625980300003e-09,4.8410003911628493e-09,4.7926622068671510e-09,4.7926622068671510e-09
262,-4.1666666666700003e+00,-2.1666666666599999e+00,5.0000000000000003e-02,3.1250000000100000e-03,2.0426281134100000e-08,8.9985316735393472e-09,1.1427749460560653e-08,1.1427749460560653e-08
263,-4.0833333333299997e+00,-2.0833333333300001e+00,5.0000000000000003e-02,3.1250000000100000e-03,4.7605646277100002e-08,2.3571061944646962e-08,2.4034584332453040e-08,2.4034584332453040e-08
264,-4.0833333333299997e+00,-1.9166666666600001e+00,5.0000000000000003e-02,3.1250000000100000e-03,7.6016243375000007e-08,4.0013090565276938e-08,3.6003152809723069e-08,3.6003152809723069e-08
265,-4.1666666666700003e+00,-1.8333333333299999e+00,5.0000000000000003e-02,3.1250000000100000e-03,4.6306549178799997e-08,2.5940198556080928e-08,2.0366350622719069e-08,2.0366350622719069e-08
266,-4.1666666666700003e+00,-1.6666666666600001e+00,5.0000000000000003e-02,3.1250000000100000e-03,8.0432993251199999e-08,4.0345173883699872e-08,4.0087819367500127e-08,4.0087819367500127e-08
267,-4.0833333333299997e+00,-1.5833333333299999e+00,5.0000000000000003e-02,3.1250000000100000e-03,1.7845600186399999e-07,9.6836955749137317e-08,8.1619046114862676e-08,8.1619046114862676e-08
268,-4.0833333333299997e+00,-1.4166666666600001e+00,5.0000000000000003e-02,3.1250000000100000e-03,2.4696739070800001e-07,1.3857480031511947e-07,1.0839259039288054e-07,1.0839259039288054e-07
269,-4.1666666666700003e+00,-1.3333333333299999e+00,5.0000000000000003e-02,3.1250000000100000e-03,1.4080288376800000e-07,8.2668117729255422e-08,5.8134766038744580e-08,5.8134766038744580e-08
270,-4.1666666666700003e+00,-1.1666666666600001e+00,5.0000000000000003e-02,3.1250000000100000e-03,2.0169504816700001e-07,1.0943410877439501e-07,9.2260939392604997e-08,9.2260939392604997e-08
271,-4.0833333333299997e+00,-1.0833333333299999e+00,5.0000000000000003e-02,3.1250000000100000e-03,4.2783794893699999e-07,2.4301799905863449e-07,1.8481994987836550e-07,1.8481994987836550e-07
272,-4.0833333333299997e+00,-9.1666666666300001e-01,5.0000000000000003e-02,3.1250000000100000e-03,5.1915149826599997e-07,2.9960186180711370e-07,2.1954963645888627e-07,2.1954963645888627e-07
273,-4.1666666666700003e+00,-8.3333333332899995e-01,5.0000000000000003e-02,3.1250000000100000e-03,2.8114215547000002e-07,1.6647448370219009e-07,1.1466767176780993e-07,1.1466767176780993e-07
274,-4.1666666666700003e+00,-6.6666666666200003e-01,5.0000000000000003e-02,3.1250000000100000e-03,3.4027750664000002e-07,1.9264965652348581e-07,1.4762785011651421e-07,1.4762785011651421e-07
275,-4.0833333333299997e+00,-5.8333333332899995e-01,5.0000000000000003e-02,3.1250000000100000e-03,6.9452094939500000e-07,4.0159849771069055e-07,2.9292245168430945e-07,2.9292245168430945e-07
276,-4.0833333333299997e+00,-4.1666666666199997e-01,5.0000000000000003e-02,3.1250000000100000e-03,7.5643089406999999e-07,4.3988276289415472e-07,3.1654813117584527e-07,3.1654813117584527e-07
277,-4.1666666666700003e+00,-3.3333333332900000e-01,5.0000000000000003e-02,3.1250000000100000e-03,3.9431363253300002e-07,2.3132168845048295e-07,1.6299194408251707e-07,1.6299194408251707e-07
278,-4.1666666666700003e+00,-1.6666666666200000e-01,5.0000000000000003e-02,3.1250000000100000e-03,4.1766037065000002e-07,2.4157147477141489e-07,1.7608889587858514e-07,1.7608889587858514e-07
279,-4.0833333333299997e+00,-8.3333333328399997e-02,5.0000000000000003e-02,3.1250000000100000e-03,8.2588306472400001e-07,4.7996623284937454e-07,3.4591683187462548e-07,3.4591683187462548e-07
280,-4.0833333333299997e+00,8.3333333338500001e-02,5.0000000000000003e-02,3.1250000000100000e-03,8.2588306472299999e-07,4.7996623284896161e-07,3.4591683187403838e-07,3.4591683187403838e-07
281,-4.1666666666700003e+00,1.6666666667200000e-01,5.0000000000000003e-02,3.1250000000100000e-03,4.1766037064899999e-07,2.4157147477100095e-07,1.7608889587799904e-07,1.7608889587799904e-07
282,-4.1666666666700003e+00,3.3333333333900000e-01,5.0000000000000003e-02,3.1250000000100000e-03,3.9431363253100001e-07,2.3132168844967123e-07,1.6299194408132878e-07,1.6299194408132878e-07
283,-4.0833333333299997e+00,4.1666666667199997e-01,5.0000000000000003e-02,3.1250000000100000e-03,7.5643089406400003e-07,4.3988276289219299e-07,3.1654813117180704e-07,3.1654813117180704e-07
284,-4.0833333333299997e+00,5.8333333333899995e-01,5.0000000000000003e-02,3.1250000000100000e-03,6.9452094938800001e-07,4.0159849770808015e-07,2.9292245167991986e-07,2.9292245167991986e-07
285,-4.1666666666700003e+00,6.6666666667300001e-01,5.0000000000000003e-02,3.1250000000100000e-03,3.4027750663600001e-07,1.9264965652187557e-07,1.4762785011412444e-07,1.4762785011412444e-07
286,-4.1666666666700003e+00,8.3333333333899995e-01,5.0000000000000003e-02,3.1250000000100000e-03,2.8114215546600002e-07,1.6647448370053155e-07,1.1466767176546847e-07,1.1466767176546847e-07
287,-4.0833333333299997e+00,9.1666666667300001e-01,5.0000000000000003e-02,3.1250000000100000e-03,5.1915149825799996e-07,2.9960186180374949e-07,2.1954963645425046e-07,2.1954963645425046e-07
288,-4.0833333333299997e+00,1.0833333333399999e+00,5.0000000000000003e-02,3.1250000000000002e-03,4.2783794893000000e-07,2.4301799905525054e-07,1.8481994987474946e-07,1.8481994987474946e-07
289,-4.1666666666700003e+00,1.1666666666700001e+00,5.0000000000000003e-02,3.1250000000000002e-03,2.0169504816300000e-07,1.0943410877271526e-07,9.2260939390284736e-08,9.2260939390284736e-08
290,-4.1666666666700003e+00,1.3333333333399999e+00,5.0000000000000003e-02,3.1249999999899999e-03,1.4080288376500000e-07,8.2668117727739325e-08,5.8134766037260671e-08,5.8134766037260671e-08
291,-4.0833333333299997e+00,1.4166666666700001e+00,5.0000000000000003e-02,3.1250000000000002e-03,2.4696739070300003e-07,1.3857480031236201e-07,1.0839259039063802e-07,1.0839259039063802e-07
292,-4.0833333333299997e+00,1.5833333333399999e+00,5.0000000000000003e-02,3.1250000000000002e-03,1.7845600186000001e-07,9.6836955746897378e-08,8.1619046113102635e-08,8.1619046113102635e-08
293,-4.1666666666700003e+00,1.6666666666700001e+00,5.0000000000000003e-02,3.1249999999899999e-03,8.0432993249400001e-08,4.0345173882699381e-08,4.0087819366700620e-08,4.0087819366700620e-08
294,-4.1666666666700003e+00,1.8333333333399999e+00,5.0000000000000003e-02,3.1249999999899999e-03,4.6306549177800002e-08,2.5940198555348863e-08,2.0366350622451139e-08,2.0366350622451139e-08
295,-4.0833333333299997e+00,1.9166666666700001e+00,5.0000000000000003e-02,3.1250000000000002e-03,7.6016243373299998e-08,4.0013090564077619e-08,3.6003152809222380e-08,3.6003152809222380e-08
296,-4.0833333333299997e+00,2.0833333333400001e+00,5.0000000000000003e-02,3.1250000000000002e-03,4.7605646276100000e-08,2.3571061943856274e-08,2.4034584332243727e-08,2.4034584332243727e-08
297,-4.1666666666700003e+00,2.1666666666699999e+00,5.0000000000000003e-02,3.1249999999899999e-03,2.0426281133599999e-08,8.9985316732211523e-09,1.1427749460378847e-08,1.1427749460378847e-08
298,-4.1666666666700003e+00,2.3333333333400001e+00,5.0000000000000003e-02,3.1249999999899999e-03,9.6336625978299996e-09,4.8410003909738203e-09,4.7926622068561793e-09,4.7926622068561793e-09
299,-4.0833333333299997e+00,2.4166666666699999e+00,5.0000000000000003e-02,3.1250000000000002e-03,1.4574503093800000e-08,6.8200307334913650e-09,7.7544723603086345e-09,7.7544723603086345e-09
300,-4.0833333333299997e+00,2.5833333333400001e+00,5.0000000000000003e-02,3.1250000000000002e-03,7.9005403896099992e-09,3.3423548256367881e-09,4.5581855639732111e-09,4.5581855639732111e-09
301,-4.1666666666700003e+00,2.6666666666699999e+00,5.0000000000000003e-02,3.1249999999899999e-03,3.2176117425700000e-09,1.1624518835713204e-09,2.0551598589986796e-09,2.0551598589986796e-09
302,-4.1666666666700003e+00,2.8333333333300001e+00,5.0000000000000003e-02,3.1249999999899999e-03,1.2502187595500000e-09,5.1797199193524632e-10,7.3224676761475368e-10,7.3224676761475368e-10
303,-4.0833333333299997e+00,2.9166666666699999e+00,5.0000000000000003e-02,3.1250000000000002e-03,1.7149815086300000e-09,6.6350309326282928e-10,1.0514784153671708e-09,1.0514784153671708e-09
304,-4.0833333333299997e+00,3.0833333333300001e+00,5.0000000000000003e-02,3.1250000000000002e-03,8.0793325244700004e-10,2.6840233889926503e-10,5.3953091354773507e-10,5.3953091354773507e-10
305,-4.1666666666700003e+00,3.1666666666699999e+00,5.0000000000000003e-02,3.1249999999899999e-03,3.1152174796000000e-10,8.4749297068687649e-11,2.2677245089131235e-10,2.2677245089131235e-10
306,-4.1666666666700003e+00,3.3333333333300001e+00,5.0000000000000003e-02,3.1249999999899999e-03,1.0093013489899999e-10,3.1086890184748677e-11,6.9843244714251317e-11,6.9843244714251317e-11
307,-4.0833333333299997e+00,3.4166666666699999e+00,5.0000000000000003e-02,3.1250000000000002e-03,1.2343750880300000e-10,3.6109657598988062e-11,8.7327851204011940e-11,8.7327851204011940e-11
308,-4.0833333333299997e+00,3.5833333333300001e+00,5.0000000000000003e-02,3.1250000000000002e-03,5.0818403930100002e-11,1.1999221851457313e-11,3.8819182078642692e-11,3.8819182078642692e-11
309,-4.1666666666700003e+00,3.6666666666699999e+00,5.0000000000000003e-02,3.1250000000000002e-03,1.8500189932900001e-11,3.4324187477271000e-12,1.5067771185172903e-11,1.5067771185172903e-11
310,-4.1666666666700003e+00,3.8333333333300001e+00,5.0000000000000003e-02,3.1250000000100000e-03,5.0721486336500001e-12,1.0324979997914131e-12,4.0396506338585866e-12,4.0396506338585866e-12
311,-4.0833333333299997e+00,3.9166666666699999e+00,5.0000000000000003e-02,3.1250000000100000e-03,5.4425301793099999e-12,1.0856787918086774e-12,4.3568513875013227e-12,4.3568513875013227e-12
312,-4.0833333333299997e+00,4.0833333333299997e+00,5.0000000000000003e-02,3.1250000000100000e-03,1.9682485455300002e-12,2.9544852284934517e-13,1.6728000226806549e-12,1.6728000226806549e-12
313,-4.1666666666700003e+00,4.1666666666700003e+00,5.0000000000000003e-02,3.1250000000100000e-03,6.7435488644799998e-13,7.6458506746168738e-14,5.9789637970183125e-13,5.9789637970183125e-13
314,-4.1666666666700003e+00,4.3333333333299997e+00,5.0000000000000003e-02,3.1250000000100000e-03,1.5889483906200001e-13,1.8813861473933615e-14,1.4008097758806639e-13,1.4008097758806639e-13
315,-4.0833333333299997e+00,4.4166666666700003e+00,5.0000000000000003e-02,3.1250000000100000e-03,1.4772595423600000e-13,1.7888169271513360e-14,1.2983778496448664e-13,1.2983778496448664e-13
316,-4.0833333333299997e+00,4.5833333333299997e+00,5.0000000000000003e-02,3.1250000000100000e-03,4.7157029900499998e-14,3.9783907149644904e-15,4.3178639185535507e-14,4.3178639185535507e-14
317,-4.1666666666700003e+00,4.6666666666700003e+00,5.0000000000000003e-02,3.1250000000100000e-03,1.5182598992299999e-14,9.3055945293441996e-16,1.4252039539365577e-14,1.4252039539365577e-14
318,-4.1666666666700003e+00,4.8333333333299997e+00,5.0000000000000003e-02,3.1250000000100000e-03,3.3240377211800001e-15,1.8699183529840954e-16,3.1370458858815906e-15,3.1370458858815906e-15
319,-4.0833333333299997e+00,4.9166666666700003e+00,5.0000000000000003e-02,3.1250000000100000e-03,3.1955543432400001e-15,1.6063871422354289e-16,3.0349156290164573e-15,3.0349156290164573e-15
320,-3.9166666666699999e+00,-4.9166666666700003e+00,5.0000000000000003e-02,3.1250000000100000e-03,1.2099241145400000e-14,5.9029587792133386e-16,1.1508945267478667e-14,1.1508945267478667e-14
321,-3.8333333333300001e+00,-4.8333333333299997e+00,5.0000000000000003e-02,3.1250000000100000e-03,3.3067591574199998e-14,2.5251434292837234e-15,3.0542448144916275e-14,3.0542448144916275e-14
322,-3.8333333333300001e+00,-4.6666666666700003e+00,5.0000000000000003e-02,3.1250000000100000e-03,1.0609585053199999e-13,1.2566303145724529e-14,9.3529547386275467e-14,9.3529547386275467e-14
323,-3.9166666666699999e+00,-4.5833333333299997e+00,5.0000000000000003e-02,3.1250000000100000e-03,1.3125560128500001e-13,1.4619312979161443e-14,1.1663628830583858e-13,1.1663628830583858e-13
324,-3.9166666666699999e+00,-4.4166666666700003e+00,5.0000000000000003e-02,3.1250000000100000e-03,5.8863708979599997e-13,6.5733298698090884e-14,5.2290379109790910e-13,5.2290379109790910e-13
325,-3.8333333333300001e+00,-4.3333333333299997e+00,5.0000000000000003e-02,3.1250000000100000e-03,1.7218985371200001e-12,2.5406295737213792e-13,1.4678355797478622e-12,1.4678355797478622e-12
326,-3.8333333333300001e+00,-4.1666666666700003e+00,5.0000000000000003e-02,3.1250000000100000e-03,5.0721486336500001e-12,1.0324979997914131e-12,4.0396506338585866e-12,4.0396506338585866e-12
327,-3.9166666666699999e+00,-4.0833333333299997e+00,5.0000000000000003e-02,3.1250000000100000e-03,5.4425301793099999e-12,1.0856787918086774e-12,4.3568513875013227e-12,4.3568513875013227e-12
328,-3.9166666666699999e+00,-3.9166666666699999e+00,5.0000000000000003e-02,3.1250000000100000e-03,2.1201910561299999e-11,3.9895221936316481e-12,1.7212388367668350e-11,1.7212388367668350e-11
329,-3.8333333333300001e+00,-3.8333333333300001e+00,5.0000000000000003e-02,3.1250000000100000e-03,5.8108203143999999e-11,1.3942884381883221e-11,4.4165318762116776e-11,4.4165318762116776e-11
330,-3.8333333333300001e+00,-3.6666666666699999e+00,5.0000000000000003e-02,3.1250000000100000e-03,1.5046004756700000e-10,4.6351487130663362e-11,1.0410856043633663e-10,1.0410856043633663e-10
331,-3.9166666666699999e+00,-3.5833333333300001e+00,5.0000000000000003e-02,3.1250000000100000e-03,1.4056134846899999e-10,4.4093301116206047e-11,9.6468047352793948e-11,9.6468047352793948e-11
332,-3.9166666666699999e+00,-3.4166666666599999e+00,5.0000000000000003e-02,3.1250000000100000e-03,4.6801987683699998e-10,1.3269143828881024e-10,3.3532843854818977e-10,3.3532843854818977e-10
333,-3.8333333333300001e+00,-3.3333333333300001e+00,5.0000000000000003e-02,3.1250000000000002e-03,1.2058976860600000e-09,4.1979831023964747e-10,7.8609937582035246e-10,7.8609937582035246e-10
334,-3.8333333333300001e+00,-3.1666666666599999e+00,5.0000000000000003e-02,3.1250000000100000e-03,2.7322488634999999e-09,1.1444570844514996e-09,1.5877917790485004e-09,1.5877917790485004e-09
335,-3.9166666666699999e+00,-3.0833333333300001e+00,5.0000000000000003e-02,3.1250000000100000e-03,2.2499396144400002e-09,9.8629271930178846e-10,1.2636468951382117e-09,1.2636468951382117e-09
336,-3.9166666666699999e+00,-2.9166666666599999e+00,5.0000000000000003e-02,3.1250000000100000e-03,6.3038421963500001e-09,2.4381615780152920e-09,3.8656806183347085e-09,3.8656806183347085e-09
337,-3.8333333333300001e+00,-2.8333333333300001e+00,5.0000000000000003e-02,3.1250000000100000e-03,1.5318658744800001e-08,6.9947095278304578e-09,8.3239492169695434e-09,8.3239492169695434e-09
338,-3.8333333333300001e+00,-2.6666666666599999e+00,5.0000000000000003e-02,3.1250000000100000e-03,3.0220354149500001e-08,1.5697785580375647e-08,1.4522568569124354e-08,1.4522568569124354e-08
339,-3.9166666666699999e+00,-2.5833333333300001e+00,5.0000000000000003e-02,3.1250000000100000e-03,2.2283641193000002e-08,1.2282084588068021e-08,1.0001556604931980e-08,1.0001556604931980e-08
340,-3.9166666666699999e+00,-2.4166666666599999e+00,5.0000000000000003e-02,3.1250000000100000e-03,5.1801489283000003e-08,2.5061430856817978e-08,2.6740058426182025e-08,2.6740058426182025e-08
341,-3.8333333333300001e+00,-2.3333333333300001e+00,5.0000000000000003e-02,3.1250000000100000e-03,1.1905804744800001e-07,6.5373016470996566e-08,5.3685030977003440e-08,5.3685030977003440e-08
342,-3.8333333333300001e+00,-2.1666666666599999e+00,5.0000000000000003e-02,3.1250000000100000e-03,2.0359388657400000e-07,1.2151644531632989e-07,8.2077441257670109e-08,8.2077441257670109e-08
343,-3.9166666666699999e+00,-2.0833333333300001e+00,5.0000000000000003e-02,3.1250000000100000e-03,1.3668314747399999e-07,8.6616111012885136e-08,5.0067036461114856e-08,5.0067036461114856e-08
344,-3.9166666666699999e+00,-1.9166666666600001e+00,5.0000000000000003e-02,3.1250000000100000e-03,2.6108652525300002e-07,1.4703530551612419e-07,1.1405121973687583e-07,1.1405121973687583e-07
345,-3.8333333333300001e+00,-1.8333333333299999e+00,5.0000000000000003e-02,3.1250000000100000e-03,5.6915719639499999e-07,3.5029723000296161e-07,2.1885996639203837e-07,2.1885996639203837e-07
346,-3.8333333333300001e+00,-1.6666666666600001e+00,5.0000000000000003e-02,3.1250000000100000e-03,8.4251993655900001e-07,5.4482245480479828e-07,2.9769748175420173e-07,2.9769748175420173e-07
347,-3.9166666666699999e+00,-1.5833333333299999e+00,5.0000000000000003e-02,3.1250000000100000e-03,5.2346528958999998e-07,3.5584482909655131e-07,1.6762046049344867e-07,1.6762046049344867e-07
348,-3.9166666666699999e+00,-1.4166666666600001e+00,5.0000000000000003e-02,3.1250000000100000e-03,8.2125993392699996e-07,5.0921805372492529e-07,3.1204188020207466e-07,3.1204188020207466e-07
349,-3.8333333333300001e+00,-1.3333333333299999e+00,5.0000000000000003e-02,3.1250000000100000e-03,1.7042272728800001e-06,1.1163527753078219e-06,5.8787449757217821e-07,5.8787449757217821e-07
350,-3.8333333333300001e+00,-1.1666666666600001e+00,5.0000000000000003e-02,3.1250000000100000e-03,2.1976106620099999e-06,1.4778015321909309e-06,7.1980912981906906e-07,7.1980912981906906e-07
351,-3.9166666666699999e+00,-1.0833333333299999e+00,5.0000000000000003e-02,3.1250000000100000e-03,1.2837793428099999e-06,8.9301339218499797e-07,3.9076595062500197e-07,3.9076595062500197e-07
352,-3.9166666666699999e+00,-9.1666666666300001e-01,5.0000000000000003e-02,3.1250000000100000e-03,1.6795058331400000e-06,1.1009409836049160e-06,5.7856484953508398e-07,5.7856484953508398e-07
353,-3.8333333333300001e+00,-8.3333333333000004e-01,5.0000000000000003e-02,3.1250000000100000e-03,3.3358647886200000e-06,2.2480764895040433e-06,1.0877882991159567e-06,1.0877882991159567e-06
354,-3.8333333333300001e+00,-6.6666666666300001e-01,5.0000000000000003e-02,3.1250000000100000e-03,3.8158727604899997e-06,2.6015468191290295e-06,1.2143259413609702e-06,1.2143259413609702e-06
355,-3.9166666666699999e+00,-5.8333333332899995e-01,5.0000000000000003e-02,3.1250000000100000e-03,2.1278272436000000e-06,1.4757459864135139e-06,6.5208125718648612e-07,6.5208125718648612e-07
356,-3.9166666666699999e+00,-4.1666666666199997e-01,5.0000000000000003e-02,3.1250000000100000e-03,2.3964310409899998e-06,1.6164284117944688e-06,7.8000262919553105e-07,7.8000262919553105e-07
357,-3.8333333333300001e+00,-3.3333333332900000e-01,5.0000000000000003e-02,3.1250000000100000e-03,4.5897962253399997e-06,3.1237751140812607e-06,1.4660211112587390e-06,1.4660211112587390e-06
358,-3.8333333333300001e+00,-1.6666666666200000e-01,5.0000000000000003e-02,3.1250000000100000e-03,4.7787121279600002e-06,3.2621885401998907e-06,1.5165235877601095e-06,1.5165235877601095e-06
359,-3.9166666666699999e+00,-8.3333333328600004e-02,5.0000000000000003e-02,3.1250000000100000e-03,2.5740426526700001e-06,1.7637223390505007e-06,8.1032031361949935e-07,8.1032031361949935e-07
360,-3.9166666666699999e+00,8.3333333338200005e-02,5.0000000000000003e-02,3.1250000000100000e-03,2.5740426526700001e-06,1.7637223390490589e-06,8.1032031362094121e-07,8.1032031362094121e-07
361,-3.8333333333300001e+00,1.6666666667200000e-01,5.0000000000000003e-02,3.1250000000100000e-03,4.7787121279500001e-06,3.2621885401943011e-06,1.5165235877556990e-06,1.5165235877556990e-06
362,-3.8333333333300001e+00,3.3333333333800003e-01,5.0000000000000003e-02,3.1250000000100000e-03,4.5897962253100003e-06,3.1237751140713953e-06,1.4660211112386050e-06,1.4660211112386050e-06
363,-3.9166666666699999e+00,4.1666666667199997e-01,5.0000000000000003e-02,3.1250000000100000e-03,2.3964310409700001e-06,1.6164284117872601e-06,7.8000262918274000e-07,7.8000262918274000e-07
364,-3.9166666666699999e+00,5.8333333333899995e-01,5.0000000000000003e-02,3.1250000000100000e-03,2.1278272435799999e-06,1.4757459864039215e-06,6.5208125717607841e-07,6.5208125717607841e-07
365,-3.8333333333300001e+00,6.6666666667200003e-01,5.0000000000000003e-02,3.1250000000100000e-03,3.8158727604500003e-06,2.6015468191112388e-06,1.2143259413387614e-06,1.2143259413387614e-06
366,-3.8333333333300001e+00,8.3333333333899995e-01,5.0000000000000003e-02,3.1250000000100000e-03,3.3358647885700001e-06,2.2480764894838865e-06,1.0877882990861136e-06,1.0877882990861136e-06
367,-3.9166666666699999e+00,9.1666666667300001e-01,5.0000000000000003e-02,3.1250000000100000e-03,1.6795058331200001e-06,1.1009409835925536e-06,5.7856484952744649e-07,5.7856484952744649e-07
368,-3.9166666666699999e+00,1.0833333333399999e+00,5.0000000000000003e-02,3.1250000000000002e-03,1.2837793427799999e-06,8.9301339217256311e-07,3.9076595060743684e-07,3.9076595060743684e-07
369,-3.8333333333300001e+00,1.1666666666700001e+00,5.0000000000000003e-02,3.1250000000000002e-03,2.1976106619800001e-06,1.4778015321682475e-06,7.1980912981175260e-07,7.1980912981175260e-07
370,-3.8333333333300001e+00,1.3333333333399999e+00,5.0000000000000003e-02,3.1250000000000002e-03,1.7042272728500001e-06,1.1163527752873484e-06,5.8787449756265163e-07,5.8787449756265163e-07
371,-3.9166666666699999e+00,1.4166666666700001e+00,5.0000000000000003e-02,3.1249999999899999e-03,8.2125993391100003e-07,5.0921805371479245e-07,3.1204188019620758e-07,3.1204188019620758e-07
372,-3.9166666666699999e+00,1.5833333333399999e+00,5.0000000000000003e-02,3.1249999999899999e-03,5.2346528957899998e-07,3.5584482908832027e-07,1.6762046049067972e-07,1.6762046049067972e-07
373,-3.8333333333300001e+00,1.6666666666700001e+00,5.0000000000000003e-02,3.1250000000000002e-03,8.4251993654199995e-07,5.4482245479128758e-07,2.9769748175071238e-07,2.9769748175071238e-07
374,-3.8333333333300001e+00,1.8333333333399999e+00,5.0000000000000003e-02,3.1250000000000002e-03,5.6915719638299996e-07,3.5029722999307584e-07,2.1885996638992412e-07,2.1885996638992412e-07
375,-3.9166666666699999e+00,1.9166666666700001e+00,5.0000000000000003e-02,3.1249999999899999e-03,2.6108652524700001e-07,1.4703530551171705e-07,1.1405121973528296e-07,1.1405121973528296e-07
376,-3.9166666666699999e+00,2.0833333333400001e+00,5.0000000000000003e-02,3.1249999999899999e-03,1.3668314747099999e-07,8.6616111009979602e-08,5.0067036461020385e-08,5.0067036461020385e-08
377,-3.8333333333300001e+00,2.1666666666699999e+00,5.0000000000000003e-02,3.1250000000000002e-03,2.0359388657000000e-07,1.2151644531203300e-07,8.2077441257966994e-08,8.2077441257966994e-08
378,-3.8333333333300001e+00,2.3333333333400001e+00,5.0000000000000003e-02,3.1250000000000002e-03,1.1905804744600000e-07,6.5373016468443913e-08,5.3685030977556089e-08,5.3685030977556089e-08
379,-3.9166666666699999e+00,2.4166666666699999e+00,5.0000000000000003e-02,3.1249999999899999e-03,5.1801489282000001e-08,2.5061430855792701e-08,2.6740058426207301e-08,2.6740058426207301e-08
380,-3.9166666666699999e+00,2.5833333333300001e+00,5.0000000000000003e-02,3.1249999999899999e-03,2.2283641192500001e-08,1.2282084588068021e-08,1.0001556604431979e-08,1.0001556604431979e-08
381,-3.8333333333300001e+00,2.6666666666699999e+00,5.0000000000000003e-02,3.1250000000000002e-03,3.0220354148899997e-08,1.5697785579644366e-08,1.4522568569255631e-08,1.4522568569255631e-08
382,-3.8333333333300001e+00,2.8333333333300001e+00,5.0000000000000003e-02,3.1250000000000002e-03,1.5318658744599999e-08,6.9947095278304578e-09,8.3239492167695411e-09,8.3239492167695411e-09
383,-3.9166666666699999e+00,2.9166666666699999e+00,5.0000000000000003e-02,3.1249999999899999e-03,6.3038421962499997e-09,2.4381615778875621e-09,3.8656806183624373e-09,3.8656806183624373e-09
384,-3.9166666666699999e+00,3.0833333333300001e+00,5.0000000000000003e-02,3.1250000000000002e-03,2.2499396144100000e-09,9.8629271930178846e-10,1.2636468951082116e-09,1.2636468951082116e-09
385,-3.8333333333300001e+00,3.1666666666699999e+00,5.0000000000000003e-02,3.1250000000000002e-03,2.7322488634700002e-09,1.1444570843849628e-09,1.5877917790850374e-09,1.5877917790850374e-09
386,-3.8333333333300001e+00,3.3333333333300001e+00,5.0000000000000003e-02,3.1250000000000002e-03,1.2058976860500000e-09,4.1979831023964747e-10,7.8609937581035246e-10,7.8609937581035246e-10
387,-3.9166666666699999e+00,3.4166666666699999e+00,5.0000000000000003e-02,3.1249999999899999e-03,4.6801987683300004e-10,1.3269143828038360e-10,3.3532843855261642e-10,3.3532843855261642e-10
388,-3.9166666666699999e+00,3.5833333333300001e+00,5.0000000000000003e-02,3.1250000000000002e-03,1.4056134846899999e-10,4.4093301116206047e-11,9.6468047352793948e-11,9.6468047352793948e-11
389,-3.8333333333300001e+00,3.6666666666699999e+00,5.0000000000000003e-02,3.1250000000000002e-03,1.5046004756700000e-10,4.6351487130663362e-11,1.0410856043633663e-10,1.0410856043633663e-10
390,-3.8333333333300001e+00,3.8333333333300001e+00,5.0000000000000003e-02,3.1250000000100000e-03,5.8108203143999999e-11,1.3942884381883221e-11,4.4165318762116776e-11,4.4165318762116776e-11
391,-3.9166666666699999e+00,3.9166666666699999e+00,5.0000000000000003e-02,3.1250000000100000e-03,2.1201910561299999e-11,3.9895221936316481e-12,1.7212388367668350e-11,1.7212388367668350e-11
392,-3.9166666666699999e+00,4.0833333333299997e+00,5.0000000000000003e-02,3.1250000000100000e-03,5.4425301793099999e-12,1.0856787918086774e-12,4.3568513875013227e-12,4.3568513875013227e-12
393,-3.8333333333300001e+00,4.1666666666700003e+00,5.0000000000000003e-02,3.1250000000100000e-03,5.0721486336599998e-12,1.0324979997914131e-12,4.0396506338685871e-12,4.0396506338685871e-12
394,-3.8333333333300001e+00,4.3333333333299997e+00,5.0000000000000003e-02,3.1250000000100000e-03,1.7218985371200001e-12,2.5406295737213792e-13,1.4678355797478622e-12,1.4678355797478622e-12
395,-3.9166666666699999e+00,4.4166666666700003e+00,5.0000000000000003e-02,3.1250000000100000e-03,5.8863708979700002e-13,6.5733298698090884e-14,5.2290379109890915e-13,5.2290379109890915e-13
396,-3.9166666666699999e+00,4.5833333333299997e+00,5.0000000000000003e-02,3.1250000000100000e-03,1.3125560128600001e-13,1.4619312979161443e-14,1.1663628830683858e-13,1.1663628830683858e-13
397,-3.8333333333300001e+00,4.6666666666700003e+00,5.0000000000000003e-02,3.1250000000100000e-03,1.0609585053199999e-13,1.2566303145724529e-14,9.3529547386275467e-14,9.3529547386275467e-14
398,-3.8333333333300001e+00,4.8333333333299997e+00,5.0000000000000003e-02,3.1250000000100000e-03,3.3067591574400002e-14,2.5251434292837234e-15,3.0542448145116280e-14,3.0542448145116280e-14
399,-3.9166666666699999e+00,4.9166666666700003e+00,5.0000000000000003e-02,3.1250000000100000e-03,1.2099241145400000e-14,5.9029587792133386e-16,1.1508945267478667e-14,1.1508945267478667e-14
400,-3.5833333333300001e+00,-4.9166666666700003e+00,5.0000000000000003e-02,3.1249999999899999e-03,7.5222526424099997e-14,6.5241130715824633e-15,6.8698413352517530e-14,6.8698413352517530e-14
401,-3.6666666666699999e+00,-4.8333333333299997e+00,5.0000000000000003e-02,3.1250000000000002e-03,8.8518113459400005e-14,8.3945437658226410e-15,8.0123569693577361e-14,8.0123569693577361e-14
402,-3.6666666666699999e+00,-4.6666666666700003e+00,5.0000000000000003e-02,3.1250000000000002e-03,3.9383272172100002e-13,4.1775203938139022e-14,3.5205751778286097e-13,3.5205751778286097e-13
403,-3.5833333333300001e+00,-4.5833333333299997e+00,5.0000000000000003e-02,3.1250000000000002e-03,1.1572434691300000e-12,1.6157668462935287e-13,9.9566678450064724e-13,9.9566678450064724e-13
404,-3.5833333333300001e+00,-4.4166666666700003e+00,5.0000000000000003e-02,3.1250000000000002e-03,3.6367392518299999e-12,7.2650257153176402e-13,2.9102366802982360e-12,2.9102366802982360e-12
405,-3.6666666666699999e+00,-4.3333333333299997e+00,5.0000000000000003e-02,3.1250000000000002e-03,4.4791016624299998e-12,8.4460256403720896e-13,3.6344990983927907e-12,3.6344990983927907e-12
406,-3.6666666666699999e+00,-4.1666666666700003e+00,5.0000000000000003e-02,3.1250000000000002e-03,1.8500189932900001e-11,3.4324187477271000e-12,1.5067771185172903e-11,1.5067771185172903e-11
407,-3.5833333333300001e+00,-4.0833333333299997e+00,5.0000000000000003e-02,3.1250000000000002e-03,5.0818403930100002e-11,1.1999221851457313e-11,3.8819182078642692e-11,3.8819182078642692e-11
408,-3.5833333333300001e+00,-3.9166666666699999e+00,5.0000000000000003e-02,3.1250000000000002e-03,1.4056134846899999e-10,4.4093301116206047e-11,9.6468047352793948e-11,9.6468047352793948e-11
409,-3.6666666666699999e+00,-3.8333333333300001e+00,5.0000000000000003e-02,3.1250000000000002e-03,1.5046004756700000e-10,4.6351487130663362e-11,1.0410856043633663e-10,1.0410856043633663e-10
410,-3.6666666666699999e+00,-3.6666666666699999e+00,5.0000000000000003e-02,3.1249999999899999e-03,5.3659711531899999e-10,1.5409009358319483e-10,3.8250702173580514e-10,3.8250702173580514e-10
411,-3.5833333333300001e+00,-3.5833333333300001e+00,5.0000000000000003e-02,3.1250000000000002e-03,1.3794512348300000e-09,4.8733134168996854e-10,8.9211989314003142e-10,8.9211989314003142e-10
412,-3.5833333333300001e+00,-3.4166666666599999e+00,5.0000000000000003e-02,3.1249999999899999e-03,3.3412799528800000e-09,1.4665424228872423e-09,1.8747375299927577e-09,1.8747375299927577e-09
413,-3.6666666666699999e+00,-3.3333333333300001e+00,5.0000000000000003e-02,3.1250000000000002e-03,3.1290513576100001e-09,1.3955703455326995e-09,1.7334810120773006e-09,1.7334810120773006e-09
414,-3.6666666666699999e+00,-3.1666666666599999e+00,5.0000000000000003e-02,3.1250000000000002e-03,9.4852014830500005e-09,3.8046136200109020e-09,5.6805878630390985e-09,5.6805878630390985e-09
415,-3.5833333333300001e+00,-3.0833333333300001e+00,5.0000000000000003e-02,3.1250000000000002e-03,2.2897461381000000e-08,1.0900779529517456e-08,1.1996681851482544e-08,1.1996681851482544e-08
416,-3.5833333333300001e+00,-2.9166666666599999e+00,5.0000000000000003e-02,3.1250000000000002e-03,4.8346644751800002e-08,2.6947235135325691e-08,2.1399409616474311e-08,2.1399409616474311e-08
417,-3.6666666666699999e+00,-2.8333333333300001e+00,5.0000000000000003e-02,3.1250000000000002e-03,4.0098150330799997e-08,2.3253093103406424e-08,1.6845057227393573e-08,1.6845057227393573e-08
418,-3.6666666666699999e+00,-2.6666666666599999e+00,5.0000000000000003e-02,3.1250000000000002e-03,1.0173158950200000e-07,5.2185450756095124e-08,4.9546138745904873e-08,4.9546138745904873e-08
419,-3.5833333333300001e+00,-2.5833333333300001e+00,5.0000000000000003e-02,3.1250000000000002e-03,2.3134980631699999e-07,1.3574499095176576e-07,9.5604815365234233e-08,9.5604815365234233e-08
420,-3.5833333333300001e+00,-2.4166666666599999e+00,5.0000000000000003e-02,3.1250000000000002e-03,4.2394200047599998e-07,2.7698585533290083e-07,1.4695614514309915e-07,1.4695614514309915e-07
421,-3.6666666666699999e+00,-2.3333333333300001e+00,5.0000000000000003e-02,3.1250000000000002e-03,3.1626887289900000e-07,2.1732494142928336e-07,9.8943931469716645e-08,9.8943931469716645e-08
422,-3.6666666666699999e+00,-2.1666666666599999e+00,5.0000000000000003e-02,3.1250000000000002e-03,6.6308882695300002e-07,4.0396719910855801e-07,2.5912162784444201e-07,2.5912162784444201e-07
423,-3.5833333333300001e+00,-2.0833333333300001e+00,5.0000000000000003e-02,3.1250000000000002e-03,1.4247937657100000e-06,9.5730518068111791e-07,4.6748858502888209e-07,4.6748858502888209e-07
424,-3.5833333333300001e+00,-1.9166666666600001e+00,5.0000000000000003e-02,3.1250000000000002e-03,2.2597571925400001e-06,1.6250748049941579e-06,6.3468238754584221e-07,6.3468238754584221e-07
425,-3.6666666666699999e+00,-1.8333333333299999e+00,5.0000000000000003e-02,3.1250000000000002e-03,1.5416996533700000e-06,1.1645221392990024e-06,3.7717751407099759e-07,3.7717751407099759e-07
426,-3.6666666666699999e+00,-1.6666666666600001e+00,5.0000000000000003e-02,3.1250000000000002e-03,2.6550343974600000e-06,1.8111984802222207e-06,8.4383591723777933e-07,8.4383591723777933e-07
427,-3.5833333333300001e+00,-1.5833333333299999e+00,5.0000000000000003e-02,3.1250000000000002e-03,5.4079829972399998e-06,3.9328953289306623e-06,1.4750876683093375e-06,1.4750876683093375e-06
428,-3.5833333333300001e+00,-1.4166666666600001e+00,5.0000000000000003e-02,3.1250000000000002e-03,7.4414348672600001e-06,5.6280185663693563e-06,1.8134163008906438e-06,1.8134163008906438e-06
429,-3.6666666666699999e+00,-1.3333333333299999e+00,5.0000000000000003e-02,3.1250000000000002e-03,4.7204547797399997e-06,3.7111841338364341e-06,1.0092706459035656e-06,1.0092706459035656e-06
430,-3.6666666666699999e+00,-1.1666666666600001e+00,5.0000000000000003e-02,3.1250000000000002e-03,6.7209462994799998e-06,4.9127782189764301e-06,1.8081680805035697e-06,1.8081680805035697e-06
431,-3.5833333333300001e+00,-1.0833333333299999e+00,5.0000000000000003e-02,3.1250000000000002e-03,1.3036754823600000e-05,9.8698306441990160e-06,3.1669241794009844e-06,3.1669241794009844e-06
432,-3.5833333333300001e+00,-9.1666666666300001e-01,5.0000000000000003e-02,3.1250000000000002e-03,1.5756441234299999e-05,1.2167903810324234e-05,3.5885374239757645e-06,3.5885374239757645e-06
433,-3.6666666666699999e+00,-8.3333333333000004e-01,5.0000000000000003e-02,3.1250000000000002e-03,9.4464566106500004e-06,7.4734671548584804e-06,1.9729894557915201e-06,1.9729894557915201e-06
434,-3.6666666666699999e+00,-6.6666666666300001e-01,5.0000000000000003e-02,3.1250000000000002e-03,1.1391670536000000e-05,8.6485378924436217e-06,2.7431326435563787e-06,2.7431326435563787e-06
435,-3.5833333333300001e+00,-5.8333333333000004e-01,5.0000000000000003e-02,3.1250000000000002e-03,2.1188313128400001e-05,1.6310352215558885e-05,4.8779609128411158e-06,4.8779609128411158e-06
436,-3.5833333333300001e+00,-4.1666666666300001e-01,5.0000000000000003e-02,3.1250000000000002e-03,2.3031132153500000e-05,1.7865213234753879e-05,5.1659189187461210e-06,5.1659189187461210e-06
437,-3.6666666666699999e+00,-3.3333333332900000e-01,5.0000000000000003e-02,3.1250000000000002e-03,1.3245142003799999e-05,1.0384624732853697e-05,2.8605172709463028e-06,2.8605172709463028e-06
438,-3.6666666666699999e+00,-1.6666666666200000e-01,5.0000000000000003e-02,3.1250000000000002e-03,1.4012028909800000e-05,1.0844763966869360e-05,3.1672649429306404e-06,3.1672649429306404e-06
439,-3.5833333333300001e+00,-8.3333333329000003e-02,5.0000000000000003e-02,3.1250000000000002e-03,2.5179697901099999e-05,1.9493146398651334e-05,5.6865515024486653e-06,5.6865515024486653e-06
440,-3.5833333333300001e+00,8.3333333337800006e-02,5.0000000000000003e-02,3.1250000000000002e-03,2.5179697901099999e-05,1.9493146398636725e-05,5.6865515024632749e-06,5.6865515024632749e-06
441,-3.6666666666699999e+00,1.6666666667100000e-01,5.0000000000000003e-02,3.1250000000000002e-03,1.4012028909800000e-05,1.0844763966852634e-05,3.1672649429473659e-06,3.1672649429473659e-06
442,-3.6666666666699999e+00,3.3333333333800003e-01,5.0000000000000003e-02,3.1250000000000002e-03,1.3245142003799999e-05,1.0384624732820901e-05,2.8605172709790982e-06,2.8605172709790982e-06
443,-3.5833333333300001e+00,4.1666666667199997e-01,5.0000000000000003e-02,3.1250000000000002e-03,2.3031132153299998e-05,1.7865213234682169e-05,5.1659189186178294e-06,5.1659189186178294e-06
444,-3.5833333333300001e+00,5.8333333333799997e-01,5.0000000000000003e-02,3.1250000000000002e-03,2.1188313128300000e-05,1.6310352215474070e-05,4.8779609128259302e-06,4.8779609128259302e-06
445,-3.6666666666699999e+00,6.6666666667200003e-01,5.0000000000000003e-02,3.1250000000000002e-03,1.1391670535900000e-05,8.6485378923844785e-06,2.7431326435155212e-06,2.7431326435155212e-06
446,-3.6666666666699999e+00,8.3333333333899995e-01,5.0000000000000003e-02,3.1250000000000002e-03,9.4464566105299996e-06,7.4734671547914699e-06,1.9729894557385297e-06,1.9729894557385297e-06
447,-3.5833333333300001e+00,9.1666666667200003e-01,5.0000000000000003e-02,3.1250000000000002e-03,1.5756441234100001e-05,1.2167903810201264e-05,3.5885374238987370e-06,3.5885374238987370e-06
448,-3.5833333333300001e+00,1.0833333333399999e+00,5.0000000000000003e-02,3.1249999999899999e-03,1.3036754823400001e-05,9.8698306440615832e-06,3.1669241793384175e-06,3.1669241793384175e-06
449,-3.6666666666699999e+00,1.1666666666700001e+00,5.0000000000000003e-02,3.1249999999899999e-03,6.7209462993800000e-06,4.9127782189010213e-06,1.8081680804789787e-06,1.8081680804789787e-06
450,-3.6666666666699999e+00,1.3333333333399999e+00,5.0000000000000003e-02,3.1249999999899999e-03,4.7204547796599999e-06,3.7111841337683729e-06,1.0092706458916271e-06,1.0092706458916271e-06
451,-3.5833333333300001e+00,1.4166666666700001e+00,5.0000000000000003e-02,3.1249999999899999e-03,7.4414348671400001e-06,5.6280185662573658e-06,1.8134163008826343e-06,1.8134163008826343e-06
452,-3.5833333333300001e+00,1.5833333333399999e+00,5.0000000000000003e-02,3.1249999999899999e-03,5.4079829971500000e-06,3.9328953288396901e-06,1.4750876683103099e-06,1.4750876683103099e-06
453,-3.6666666666699999e+00,1.6666666666700001e+00,5.0000000000000003e-02,3.1249999999899999e-03,2.6550343974200002e-06,1.8111984801773059e-06,8.4383591724269424e-07,8.4383591724269424e-07
454,-3.6666666666699999e+00,1.8333333333399999e+00,5.0000000000000003e-02,3.1249999999899999e-03,1.5416996533400000e-06,1.1645221392661384e-06,3.7717751407386162e-07,3.7717751407386162e-07
455,-3.5833333333300001e+00,1.9166666666700001e+00,5.0000000000000003e-02,3.1249999999899999e-03,2.2597571924999998e-06,1.6250748049454491e-06,6.3468238755455077e-07,6.3468238755455077e-07
456,-3.5833333333300001e+00,2.0833333333400001e+00,5.0000000000000003e-02,3.1249999999899999e-03,1.4247937656900001e-06,9.5730518064900519e-07,4.6748858504099487e-07,4.6748858504099487e-07
457,-3.6666666666699999e+00,2.1666666666699999e+00,5.0000000000000003e-02,3.1249999999899999e-03,6.6308882694100000e-07,4.0396719909427348e-07,2.5912162784672651e-07,2.5912162784672651e-07
458,-3.6666666666699999e+00,2.3333333333400001e+00,5.0000000000000003e-02,3.1249999999899999e-03,3.1626887289400002e-07,2.1732494142079739e-07,9.8943931473202636e-08,9.8943931473202636e-08
459,-3.5833333333300001e+00,2.4166666666699999e+00,5.0000000000000003e-02,3.1249999999899999e-03,4.2394200046900000e-07,2.7698585532156917e-07,1.4695614514743083e-07,1.4695614514743083e-07
460,-3.5833333333300001e+00,2.5833333333300001e+00,5.0000000000000003e-02,3.1249999999899999e-03,2.3134980631300001e-07,1.3574499095176576e-07,9.5604815361234252e-08,9.5604815361234252e-08
461,-3.6666666666699999e+00,2.6666666666699999e+00,5.0000000000000003e-02,3.1249999999899999e-03,1.0173158949999999e-07,5.2185450753664067e-08,4.9546138746335927e-08,4.9546138746335927e-08
462,-3.6666666666699999e+00,2.8333333333300001e+00,5.0000000000000003e-02,3.1249999999899999e-03,4.0098150330300002e-08,2.3253093103406424e-08,1.6845057226893579e-08,1.6845057226893579e-08
463,-3.5833333333300001e+00,2.9166666666699999e+00,5.0000000000000003e-02,3.1249999999899999e-03,4.8346644751300002e-08,2.6947235133913982e-08,2.1399409617386020e-08,2.1399409617386020e-08
464,-3.5833333333300001e+00,3.0833333333300001e+00,5.0000000000000003e-02,3.1249999999899999e-03,2.2897461380800001e-08,1.0900779529517456e-08,1.1996681851282545e-08,1.1996681851282545e-08
465,-3.6666666666699999e+00,3.1666666666699999e+00,5.0000000000000003e-02,3.1249999999899999e-03,9.4852014829700005e-09,3.8046136197897081e-09,5.6805878631802924e-09,5.6805878631802924e-09
466,-3.6666666666699999e+00,3.3333333333300001e+00,5.0000000000000003e-02,3.1249999999899999e-03,3.1290513575900001e-09,1.3955703455326995e-09,1.7334810120573006e-09,1.7334810120573006e-09
467,-3.5833333333300001e+00,3.4166666666699999e+00,5.0000000000000003e-02,3.1249999999899999e-03,3.3412799528700002e-09,1.4665424227941088e-09,1.8747375300758914e-09,1.8747375300758914e-09
468,-3.5833333333300001e+00,3.5833333333300001e+00,5.0000000000000003e-02,3.1250000000000002e-03,1.3794512348300000e-09,4.8733134168996854e-10,8.9211989314003142e-10,8.9211989314003142e-10
469,-3.6666666666699999e+00,3.6666666666699999e+00,5.0000000000000003e-02,3.1249999999899999e-03,5.3659711531899999e-10,1.5409009358319483e-10,3.8250702173580514e-10,3.8250702173580514e-10
470,-3.6666666666699999e+00,3.8333333333300001e+00,5.0000000000000003e-02,3.1250000000000002e-03,1.5046004756700000e-10,4.6351487130663362e-11,1.0410856043633663e-10,1.0410856043633663e-10
471,-3.5833333333300001e+00,3.9166666666699999e+00,5.0000000000000003e-02,3.1250000000100000e-03,1.4056134846899999e-10,4.4093301116206047e-11,9.6468047352793948e-11,9.6468047352793948e-11
472,-3.5833333333300001e+00,4.0833333333299997e+00,5.0000000000000003e-02,3.1250000000100000e-03,5.0818403930299999e-11,1.1999221851457313e-11,3.8819182078842689e-11,3.8819182078842689e-11
473,-3.6666666666699999e+00,4.1666666666700003e+00,5.0000000000000003e-02,3.1250000000100000e-03,1.8500189932900001e-11,3.4324187477271000e-12,1.5067771185172903e-11,1.5067771185172903e-11
474,-3.6666666666699999e+00,4.3333333333299997e+00,5.0000000000000003e-02,3.1250000000100000e-03,4.4791016624499999e-12,8.4460256403720896e-13,3.6344990984127909e-12,3.6344990984127909e-12
475,-3.5833333333300001e+00,4.4166666666700003e+00,5.0000000000000003e-02,3.1250000000100000e-03,3.6367392518500000e-12,7.2650257153176402e-13,2.9102366803182362e-12,2.9102366803182362e-12
476,-3.5833333333300001e+00,4.5833333333299997e+00,5.0000000000000003e-02,3.1250000000100000e-03,1.1572434691300000e-12,1.6157668462935287e-13,9.9566678450064724e-13,9.9566678450064724e-13
477,-3.6666666666699999e+00,4.6666666666700003e+00,5.0000000000000003e-02,3.1250000000100000e-03,3.9383272172400001e-13,4.1775203938139022e-14,3.5205751778586102e-13,3.5205751778586102e-13
478,-3.6666666666699999e+00,4.8333333333299997e+00,5.0000000000000003e-02,3.1250000000100000e-03,8.8518113460000006e-14,8.3945437658226410e-15,8.0123569694177362e-14,8.0123569694177362e-14
479,-3.5833333333300001e+00,4.9166666666700003e+00,5.0000000000000003e-02,3.1250000000100000e-03,7.5222526424800001e-14,6.5241130715824633e-15,6.8698413353217533e-14,6.8698413353217533e-14
480,-3.4166666666699999e+00,-4.9166666666700003e+00,5.0000000000000003e-02,3.1249999999899999e-03,2.4323272823700000e-13,1.9633230560139470e-14,2.2359949767686051e-13,2.2359949767686051e-13
481,-3.3333333333300001e+00,-4.8333333333299997e+00,5.0000000000000003e-02,3.1249999999899999e-03,6.2687443150399995e-13,7.6028095456592908e-14,5.5084633604740706e-13,5.5084633604740706e-13
482,-3.3333333333300001e+00,-4.6666666666700003e+00,5.0000000000000003e-02,3.1249999999899999e-03,2.0273073215600000e-12,3.7835161520731223e-13,1.6489557063526877e-12,1.6489557063526877e-12
483,-3.4166666666699999e+00,-4.5833333333299997e+00,5.0000000000000003e-02,3.1249999999899999e-03,2.8367899849500001e-12,4.8623809361746305e-13,2.3505518913325372e-12,2.3505518913325372e-12
484,-3.4166666666699999e+00,-4.4166666666700003e+00,5.0000000000000003e-02,3.1249999999899999e-03,1.2332533634700000e-11,2.1862883633250119e-12,1.0146245271374988e-11,1.0146245271374988e-11
485,-3.3333333333300001e+00,-4.3333333333299997e+00,5.0000000000000003e-02,3.1249999999899999e-03,3.4095947371599998e-11,7.6494358898861869e-12,2.6446511481713811e-11,2.6446511481713811e-11
486,-3.3333333333300001e+00,-4.1666666666700003e+00,5.0000000000000003e-02,3.1249999999899999e-03,1.0093013489899999e-10,3.1086890184748677e-11,6.9843244714251317e-11,6.9843244714251317e-11
487,-3.4166666666699999e+00,-4.0833333333299997e+00,5.0000000000000003e-02,3.1250000000000002e-03,1.2343750880300000e-10,3.6109657598988062e-11,8.7327851204011940e-11,8.7327851204011940e-11
488,-3.4166666666699999e+00,-3.9166666666699999e+00,5.0000000000000003e-02,3.1249999999899999e-03,4.6801987683300004e-10,1.3269143828038360e-10,3.3532843855261642e-10,3.3532843855261642e-10
489,-3.3333333333300001e+00,-3.8333333333300001e+00,5.0000000000000003e-02,3.1250000000000002e-03,1.2058976860500000e-09,4.1979831023964747e-10,7.8609937581035246e-10,7.8609937581035246e-10
490,-3.3333333333300001e+00,-3.6666666666699999e+00,5.0000000000000003e-02,3.1249999999899999e-03,3.1290513575900001e-09,1.3955703455326995e-09,1.7334810120573006e-09,1.7334810120573006e-09
491,-3.4166666666699999e+00,-3.5833333333300001e+00,5.0000000000000003e-02,3.1249999999899999e-03,3.3412799528700002e-09,1.4665424227941088e-09,1.8747375300758914e-09,1.8747375300758914e-09
492,-3.4166666666699999e+00,-3.4166666666599999e+00,5.0000000000000003e-02,3.1249999999899999e-03,1.0880036399700000e-08,4.4133149132847380e-09,6.4667214864152623e-09,6.4667214864152623e-09
493,-3.3333333333300001e+00,-3.3333333333300001e+00,5.0000000000000003e-02,3.1249999999899999e-03,2.6204417209399999e-08,1.2639466587634459e-08,1.3564950621765541e-08,1.3564950621765541e-08
494,-3.3333333333300001e+00,-3.1666666666599999e+00,5.0000000000000003e-02,3.1249999999899999e-03,5.9317411106200001e-08,3.4457802061300700e-08,2.4859609044899301e-08,2.4859609044899301e-08
495,-3.4166666666699999e+00,-3.0833333333300001e+00,5.0000000000000003e-02,3.1249999999899999e-03,5.5685883281299998e-08,3.2804078568238795e-08,2.2881804713061203e-08,2.2881804713061203e-08
496,-3.4166666666699999e+00,-2.9166666666599999e+00,5.0000000000000003e-02,3.1249999999899999e-03,1.5327514662300001e-07,8.1093211378357264e-08,7.2181935244642749e-08,7.2181935244642749e-08
497,-3.3333333333300001e+00,-2.8333333333300001e+00,5.0000000000000003e-02,3.1249999999899999e-03,3.4623068750000000e-07,2.1059969802344318e-07,1.3563098947655682e-07,1.3563098947655682e-07
498,-3.3333333333300001e+00,-2.6666666666599999e+00,5.0000000000000003e-02,3.1249999999899999e-03,6.8072856026800001e-07,4.7263562406847720e-07,2.0809293619952281e-07,2.0809293619952281e-07
499,-3.4166666666699999e+00,-2.5833333333300001e+00,5.0000000000000003e-02,3.1250000000000002e-03,5.6871272907000004e-07,4.0850191826819827e-07,1.6021081080180176e-07,1.6021081080180176e-07
500,-3.4166666666699999e+00,-2.4166666666599999e+00,5.0000000000000003e-02,3.1250000000000002e-03,1.3038207839000001e-06,8.3354275132592516e-07,4.7027803257407489e-07,4.7027803257407489e-07
501,-3.3333333333300001e+00,-2.3333333333300001e+00,5.0000000000000003e-02,3.1250000000000002e-03,2.7712108278499999e-06,1.9682786644528064e-06,8.0293216339719351e-07,8.0293216339719351e-07
502,-3.3333333333300001e+00,-2.1666666666599999e+00,5.0000000000000003e-02,3.1250000000000002e-03,4.7164738587599998e-06,3.6586689678361752e-06,1.0578048909238245e-06,1.0578048909238245e-06
503,-3.4166666666699999e+00,-2.0833333333300001e+00,5.0000000000000003e-02,3.1250000000000002e-03,3.5610889484000001e-06,2.8808503351352129e-06,6.8023861326478722e-07,6.8023861326478722e-07
504,-3.4166666666699999e+00,-1.9166666666600001e+00,5.0000000000000003e-02,3.1250000000000002e-03,6.7300500605300002e-06,4.8903916860204147e-06,1.8396583745095855e-06,1.8396583745095855e-06
505,-3.3333333333300001e+00,-1.8333333333299999e+00,5.0000000000000003e-02,3.1250000000000002e-03,1.3502964077800001e-05,1.0546898418518642e-05,2.9560656592813585e-06,2.9560656592813585e-06
506,-3.3333333333300001e+00,-1.6666666666600001e+00,5.0000000000000003e-02,3.1250000000000002e-03,1.9891212531900001e-05,1.6403746860646284e-05,3.4874656712537166e-06,3.4874656712537166e-06
507,-3.4166666666699999e+00,-1.5833333333299999e+00,5.0000000000000003e-02,3.1250000000000002e-03,1.3801065287200000e-05,1.1835392782832651e-05,1.9656725043673496e-06,1.9656725043673496e-06
508,-3.4166666666699999e+00,-1.4166666666600001e+00,5.0000000000000003e-02,3.1250000000000002e-03,2.1482707821800001e-05,1.6936583547512559e-05,4.5461242742874416e-06,4.5461242742874416e-06
509,-3.3333333333300001e+00,-1.3333333333299999e+00,5.0000000000000003e-02,3.1250000000000002e-03,4.0848355040800002e-05,3.3611625533845697e-05,7.2367295069543052e-06,7.2367295069543052e-06
510,-3.3333333333300001e+00,-1.1666666666600001e+00,5.0000000000000003e-02,3.1250000000000002e-03,5.2463451798700003e-05,4.4494278880301682e-05,7.9691729183983207e-06,7.9691729183983207e-06
511,-3.4166666666699999e+00,-1.0833333333299999e+00,5.0000000000000003e-02,3.1250000000000002e-03,3.4024223930800001e-05,2.9701609782199472e-05,4.3226141486005294e-06,4.3226141486005294e-06
512,-3.4166666666699999e+00,-9.1666666666399998e-01,5.0000000000000003e-02,3.1250000000000002e-03,4.4278196934600001e-05,3.6617277830759841e-05,7.6609191038401594e-06,7.6609191038401594e-06
513,-3.3333333333300001e+00,-8.3333333333000004e-01,5.0000000000000003e-02,3.1250000000000002e-03,8.0265016211900005e-05,6.7686045852142980e-05,1.2578970359757025e-05,1.2578970359757025e-05
514,-3.3333333333300001e+00,-6.6666666666300001e-01,5.0000000000000003e-02,3.1250000000000002e-03,9.1578726690499994e-05,7.8328481307551838e-05,1.3250245382948156e-05,1.3250245382948156e-05
515,-3.4166666666699999e+00,-5.8333333333000004e-01,5.0000000000000003e-02,3.1250000000000002e-03,5.6449078714400003e-05,4.9083285659161125e-05,7.3657930552388783e-06,7.3657930552388783e-06
516,-3.4166666666699999e+00,-4.1666666666300001e-01,5.0000000000000003e-02,3.1250000000000002e-03,6.3403142454799993e-05,5.3762380663169739e-05,9.6407617916302544e-06,9.6407617916302544e-06
517,-3.3333333333300001e+00,-3.3333333332999998e-01,5.0000000000000003e-02,3.1250000000000002e-03,1.1046843022900000e-04,9.4051953565894416e-05,1.6416476663105579e-05,1.6416476663105579e-05
518,-3.3333333333300001e+00,-1.6666666666300001e-01,5.0000000000000003e-02,3.1250000000000002e-03,1.1491327197100000e-04,9.8219364039067868e-05,1.6693907931932136e-05,1.6693907931932136e-05
519,-3.4166666666699999e+00,-8.3333333329199996e-02,5.0000000000000003e-02,3.1250000000000002e-03,6.8219651671900001e-05,5.8661374103750487e-05,9.5582775681495144e-06,9.5582775681495144e-06
520,-3.4166666666699999e+00,8.3333333337599999e-02,5.0000000000000003e-02,3.1250000000000002e-03,6.8219651671900001e-05,5.8661374103708515e-05,9.5582775681914866e-06,9.5582775681914866e-06
521,-3.3333333333300001e+00,1.6666666667100000e-01,5.0000000000000003e-02,3.1250000000000002e-03,1.1491327197100000e-04,9.8219364038933210e-05,1.6693907932066794e-05,1.6693907932066794e-05
522,-3.3333333333300001e+00,3.3333333333800003e-01,5.0000000000000003e-02,3.1250000000000002e-03,1.1046843022800000e-04,9.4051953565630386e-05,1.6416476662369609e-05,1.6416476662369609e-05
523,-3.4166666666699999e+00,4.1666666667100000e-01,5.0000000000000003e-02,3.1250000000000002e-03,6.3403142454499995e-05,5.3762380662977923e-05,9.6407617915220714e-06,9.6407617915220714e-06
524,-3.4166666666699999e+00,5.8333333333799997e-01,5.0000000000000003e-02,3.1250000000000002e-03,5.6449078714000000e-05,4.9083285658905897e-05,7.3657930550941034e-06,7.3657930550941034e-06
525,-3.3333333333300001e+00,6.6666666667200003e-01,5.0000000000000003e-02,3.1250000000000002e-03,9.1578726689800006e-05,7.8328481307016187e-05,1.3250245382783818e-05,1.3250245382783818e-05
526,-3.3333333333300001e+00,8.3333333333799997e-01,5.0000000000000003e-02,3.1250000000000002e-03,8.0265016211099999e-05,6.7686045851603508e-05,1.2578970359496491e-05,1.2578970359496491e-05
527,-3.4166666666699999e+00,9.1666666667200003e-01,5.0000000000000003e-02,3.1250000000000002e-03,4.4278196934199998e-05,3.6617277830430894e-05,7.6609191037691035e-06,7.6609191037691035e-06
528,-3.4166666666699999e+00,1.0833333333399999e+00,5.0000000000000003e-02,3.1249999999899999e-03,3.4024223930399998e-05,2.9701609781785889e-05,4.3226141486141090e-06,4.3226141486141090e-06
529,-3.3333333333300001e+00,1.1666666666700001e+00,5.0000000000000003e-02,3.1249999999899999e-03,5.2463451798099999e-05,4.4494278879618723e-05,7.9691729184812757e-06,7.9691729184812757e-06
530,-3.3333333333300001e+00,1.3333333333399999e+00,5.0000000000000003e-02,3.1249999999899999e-03,4.0848355040199998e-05,3.3611625533229274e-05,7.2367295069707241e-06,7.2367295069707241e-06
531,-3.4166666666699999e+00,1.4166666666700001e+00,5.0000000000000003e-02,3.1249999999899999e-03,2.1482707821499999e-05,1.6936583547175542e-05,4.5461242743244570e-06,4.5461242743244570e-06
532,-3.4166666666699999e+00,1.5833333333399999e+00,5.0000000000000003e-02,3.1249999999899999e-03,1.3801065287000001e-05,1.1835392782558886e-05,1.9656725044411143e-06,1.9656725044411143e-06
533,-3.3333333333300001e+00,1.6666666666700001e+00,5.0000000000000003e-02,3.1249999999899999e-03,1.9891212531599998e-05,1.6403746860239498e-05,3.4874656713605003e-06,3.4874656713605003e-06
534,-3.3333333333300001e+00,1.8333333333399999e+00,5.0000000000000003e-02,3.1249999999899999e-03,1.3502964077700000e-05,1.0546898418220997e-05,2.9560656594790035e-06,2.9560656594790035e-06
535,-3.4166666666699999e+00,1.9166666666700001e+00,5.0000000000000003e-02,3.1249999999899999e-03,6.7300500604200003e-06,4.8903916858738339e-06,1.8396583745461663e-06,1.8396583745461663e-06
536,-3.4166666666699999e+00,2.0833333333400001e+00,5.0000000000000003e-02,3.1249999999899999e-03,3.5610889483500002e-06,2.8808503350385749e-06,6.8023861331142527e-07,6.8023861331142527e-07
537,-3.3333333333300001e+00,2.1666666666699999e+00,5.0000000000000003e-02,3.1249999999899999e-03,4.7164738586900001e-06,3.6586689677068024e-06,1.0578048909831977e-06,1.0578048909831977e-06
538,-3.3333333333300001e+00,2.3333333333400001e+00,5.0000000000000003e-02,3.1249999999899999e-03,2.7712108278200001e-06,1.9682786643759500e-06,8.0293216344405010e-07,8.0293216344405010e-07
539,-3.4166666666699999e+00,2.4166666666699999e+00,5.0000000000000003e-02,3.1249999999899999e-03,1.3038207838900000e-06,8.3354275129182446e-07,4.7027803259817552e-07,4.7027803259817552e-07
540,-3.4166666666699999e+00,2.5833333333300001e+00,5.0000000000000003e-02,3.1249999999899999e-03,5.6871272906399997e-07,4.0850191826819827e-07,1.6021081079580170e-07,1.6021081079580170e-07
541,-3.3333333333300001e+00,2.6666666666699999e+00,5.0000000000000003e-02,3.1249999999899999e-03,6.8072856026100002e-07,4.7263562404645948e-07,2.0809293621454054e-07,2.0809293621454054e-07
542,-3.3333333333300001e+00,2.8333333333300001e+00,5.0000000000000003e-02,3.1249999999899999e-03,3.4623068749700002e-07,2.1059969802344318e-07,1.3563098947355684e-07,1.3563098947355684e-07
543,-3.4166666666699999e+00,2.9166666666699999e+00,5.0000000000000003e-02,3.1249999999899999e-03,1.5327514662100001e-07,8.1093211374108970e-08,7.2181935246891039e-08,7.2181935246891039e-08
544,-3.4166666666699999e+00,3.0833333333300001e+00,5.0000000000000003e-02,3.1249999999899999e-03,5.5685883281000003e-08,3.2804078568238795e-08,2.2881804712761208e-08,2.2881804712761208e-08
545,-3.3333333333300001e+00,3.1666666666699999e+00,5.0000000000000003e-02,3.1249999999899999e-03,5.9317411106000002e-08,3.4457802059297388e-08,2.4859609046702614e-08,2.4859609046702614e-08
546,-3.3333333333300001e+00,3.3333333333300001e+00,5.0000000000000003e-02,3.1249999999899999e-03,2.6204417209399999e-08,1.2639466587634459e-08,1.3564950621765541e-08,1.3564950621765541e-08
547,-3.4166666666599999e+00,3.4166666666699999e+00,5.0000000000000003e-02,3.1249999999899999e-03,1.0880036399700000e-08,4.4133149132847380e-09,6.4667214864152623e-09,6.4667214864152623e-09
548,-3.4166666666599999e+00,3.5833333333300001e+00,5.0000000000000003e-02,3.1249999999899999e-03,3.3412799528800000e-09,1.4665424228872423e-09,1.8747375299927577e-09,1.8747375299927577e-09
549,-3.3333333333300001e+00,3.6666666666699999e+00,5.0000000000000003e-02,3.1250000000000002e-03,3.1290513576100001e-09,1.3955703455326995e-09,1.7334810120773006e-09,1.7334810120773006e-09
550,-3.3333333333300001e+00,3.8333333333300001e+00,5.0000000000000003e-02,3.1250000000100000e-03,1.2058976860600000e-09,4.1979831023964747e-10,7.8609937582035246e-10,7.8609937582035246e-10
551,-3.4166666666599999e+00,3.9166666666699999e+00,5.0000000000000003e-02,3.1250000000100000e-03,4.6801987683699998e-10,1.3269143828881024e-10,3.3532843854818977e-10,3.3532843854818977e-10
552,-3.4166666666599999e+00,4.0833333333299997e+00,5.0000000000000003e-02,3.1250000000100000e-03,1.2343750880400001e-10,3.6109657601281227e-11,8.7327851202718785e-11,8.7327851202718785e-11
553,-3.3333333333300001e+00,4.1666666666700003e+00,5.0000000000000003e-02,3.1250000000100000e-03,1.0093013490000000e-10,3.1086890184748677e-11,6.9843244715251327e-11,6.9843244715251327e-11
554,-3.3333333333300001e+00,4.3333333333299997e+00,5.0000000000000003e-02,3.1250000000100000e-03,3.4095947371999998e-11,7.6494358898861869e-12,2.6446511482113811e-11,2.6446511482113811e-11
555,-3.4166666666599999e+00,4.4166666666700003e+00,5.0000000000000003e-02,3.1250000000100000e-03,1.2332533634800000e-11,2.1862883634638531e-12,1.0146245271336147e-11,1.0146245271336147e-11
556,-3.4166666666599999e+00,4.5833333333299997e+00,5.0000000000000003e-02,3.1250000000100000e-03,2.8367899849800000e-12,4.8623809364834187e-13,2.3505518913316583e-12,2.3505518913316583e-12
557,-3.3333333333300001e+00,4.6666666666700003e+00,5.0000000000000003e-02,3.1250000000100000e-03,2.0273073215899999e-12,3.7835161520731223e-13,1.6489557063826876e-12,1.6489557063826876e-12
558,-3.3333333333300001e+00,4.8333333333299997e+00,5.0000000000000003e-02,3.1250000000100000e-03,6.2687443151299998e-13,7.6028095456592908e-14,5.5084633605640709e-13,5.5084633605640709e-13
559,-3.4166666666599999e+00,4.9166666666700003e+00,5.0000000000000003e-02,3.1250000000100000e-03,2.4323272823999999e-13,1.9633230561386287e-14,2.2359949767861370e-13,2.2359949767861370e-13
560,-3.0833333333300001e+00,-4.9166666666700003e+00,5.0000000000000003e-02,3.1249999999899999e-03,1.1222829164700000e-12,1.4593339712635868e-13,9.7634951934364133e-13,9.7634951934364133e-13
561,-3.1666666666699999e+00,-4.8333333333299997e+00,5.0000000000000003e-02,3.1249999999899999e-03,1.4702475091600001e-12,2.0726832465791159e-13,1.2629791845020885e-12,1.2629791845020885e-12
562,-3.1666666666699999e+00,-4.6666666666700003e+00,5.0000000000000003e-02,3.1249999999899999e-03,6.3470755362099996e-12,1.0314648150091741e-12,5.3156107212008251e-12,5.3156107212008251e-12
563,-3.0833333333300001e+00,-4.5833333333299997e+00,5.0000000000000003e-02,3.1249999999899999e-03,1.7690628745599999e-11,3.6141977040653023e-12,1.4076431041534696e-11,1.4076431041534696e-11
564,-3.0833333333300001e+00,-4.4166666666700003e+00,5.0000000000000003e-02,3.1249999999899999e-03,5.6087974951199999e-11,1.6250636235363358e-11,3.9837338715836638e-11,3.9837338715836638e-11
565,-3.1666666666699999e+00,-4.3333333333299997e+00,5.0000000000000003e-02,3.1249999999899999e-03,7.7808227976199996e-11,2.0853945530965197e-11,5.6954282445234796e-11,5.6954282445234796e-11
566,-3.1666666666699999e+00,-4.1666666666700003e+00,5.0000000000000003e-02,3.1249999999899999e-03,3.1152174796000000e-10,8.4749297068687649e-11,2.2677245089131235e-10,2.2677245089131235e-10
567,-3.0833333333300001e+00,-4.0833333333299997e+00,5.0000000000000003e-02,3.1250000000000002e-03,8.0793325244700004e-10,2.6840233889926503e-10,5.3953091354773507e-10,5.3953091354773507e-10
568,-3.0833333333300001e+00,-3.9166666666699999e+00,5.0000000000000003e-02,3.1250000000000002e-03,2.2499396144100000e-09,9.8629271930178846e-10,1.2636468951082116e-09,1.2636468951082116e-09
569,-3.1666666666699999e+00,-3.8333333333300001e+00,5.0000000000000003e-02,3.1250000000000002e-03,2.7322488634700002e-09,1.1444570843849628e-09,1.5877917790850374e-09,1.5877917790850374e-09
570,-3.1666666666699999e+00,-3.6666666666699999e+00,5.0000000000000003e-02,3.1249999999899999e-03,9.4852014829700005e-09,3.8046136197897081e-09,5.6805878631802924e-09,5.6805878631802924e-09
571,-3.0833333333300001e+00,-3.5833333333300001e+00,5.0000000000000003e-02,3.1249999999899999e-03,2.2897461380800001e-08,1.0900779529517456e-08,1.1996681851282545e-08,1.1996681851282545e-08
572,-3.0833333333300001e+00,-3.4166666666699999e+00,5.0000000000000003e-02,3.1249999999899999e-03,5.5685883281000003e-08,3.2804078568238795e-08,2.2881804712761208e-08,2.2881804712761208e-08
573,-3.1666666666699999e+00,-3.3333333333300001e+00,5.0000000000000003e-02,3.1249999999899999e-03,5.9317411106000002e-08,3.4457802059297388e-08,2.4859609046702614e-08,2.4859609046702614e-08
574,-3.1666666666699999e+00,-3.1666666666599999e+00,5.0000000000000003e-02,3.1249999999899999e-03,1.7588640691399999e-07,9.3939100562072519e-08,8.1947306351927470e-08,8.1947306351927470e-08
575,-3.0833333333300001e+00,-3.0833333333300001e+00,5.0000000000000003e-02,3.1249999999899999e-03,3.9638517913100000e-07,2.4383203825774542e-07,1.5255314087325458e-07,1.5255314087325458e-07
576,-3.0833333333300001e+00,-2.9166666666599999e+00,5.0000000000000003e-02,3.1249999999899999e-03,8.3779635891600003e-07,6.0276416477052226e-07,2.3503219414547778e-07,2.3503219414547778e-07
577,-3.1666666666699999e+00,-2.8333333333300001e+00,5.0000000000000003e-02,3.1249999999899999e-03,7.8846132465500004e-07,5.7413836714748229e-07,2.1432295750751775e-07,2.1432295750751775e-07
578,-3.1666666666699999e+00,-2.6666666666599999e+00,5.0000000000000003e-02,3.1249999999899999e-03,1.9658577789600001e-06,1.2885025382524536e-06,6.7735524070754644e-07,6.7735524070754644e-07
579,-3.0833333333300001e+00,-2.5833333333300001e+00,5.0000000000000003e-02,3.1249999999899999e-03,4.1497642666900001e-06,3.0363863187418712e-06,1.1133779479481288e-06,1.1133779479481288e-06
580,-3.0833333333300001e+00,-2.4166666666599999e+00,5.0000000000000003e-02,3.1249999999899999e-03,7.5933313777499998e-06,6.1957060494164421e-06,1.3976253283335577e-06,1.3976253283335577e-06
581,-3.1666666666699999e+00,-2.3333333333300001e+00,5.0000000000000003e-02,3.1250000000000002e-03,6.3913861576500004e-06,5.3659350374489458e-06,1.0254511202010546e-06,1.0254511202010546e-06
582,-3.1666666666699999e+00,-2.1666666666599999e+00,5.0000000000000003e-02,3.1250000000000002e-03,1.3221660742800000e-05,9.9742888847485284e-06,3.2473718580514715e-06,3.2473718580514715e-06
583,-3.0833333333300001e+00,-2.0833333333300001e+00,5.0000000000000003e-02,3.1250000000000002e-03,2.6229946498400000e-05,2.1413301022014993e-05,4.8166454763850078e-06,4.8166454763850078e-06
584,-3.0833333333300001e+00,-1.9166666666600001e+00,5.0000000000000003e-02,3.1250000000000002e-03,4.1482617357899997e-05,3.6350180365548061e-05,5.1324369923519360e-06,5.1324369923519360e-06
585,-3.1666666666699999e+00,-1.8333333333299999e+00,5.0000000000000003e-02,3.1250000000000002e-03,3.1714846910400000e-05,2.8753028106453380e-05,2.9618188039466193e-06,2.9618188039466193e-06
586,-3.1666666666699999e+00,-1.6666666666600001e+00,5.0000000000000003e-02,3.1250000000000002e-03,5.4071116438400003e-05,4.4720009221588329e-05,9.3511072168116745e-06,9.3511072168116745e-06
587,-3.0833333333300001e+00,-1.5833333333299999e+00,5.0000000000000003e-02,3.1250000000000002e-03,1.0118208944800000e-04,8.7972230032798396e-05,1.3209859415201603e-05,1.3209859415201603e-05
588,-3.0833333333300001e+00,-1.4166666666600001e+00,5.0000000000000003e-02,3.1250000000000002e-03,1.3879023269399999e-04,1.2588927559486395e-04,1.2900957099136045e-05,1.2900957099136045e-05
589,-3.1666666666699999e+00,-1.3333333333299999e+00,5.0000000000000003e-02,3.1250000000000002e-03,9.8031304773600004e-05,9.1632248204964848e-05,6.3990565686351564e-06,6.3990565686351564e-06
590,-3.1666666666699999e+00,-1.1666666666600001e+00,5.0000000000000003e-02,3.1250000000000002e-03,1.3858426120700001e-04,1.2130061374018420e-04,1.7283647466815816e-05,1.7283647466815816e-05
591,-3.0833333333300001e+00,-1.0833333333299999e+00,5.0000000000000003e-02,3.1250000000000002e-03,2.4584273456499999e-04,2.2077145186884947e-04,2.5071282696150524e-05,2.5071282696150524e-05
592,-3.0833333333300001e+00,-9.1666666666399998e-01,5.0000000000000003e-02,3.1250000000000002e-03,2.9636751457899998e-04,2.7217546959447137e-04,2.4192044984528609e-05,2.4192044984528609e-05
593,-3.1666666666699999e+00,-8.3333333333000004e-01,5.0000000000000003e-02,3.1250000000000002e-03,1.9682822038600000e-04,1.8452617078251038e-04,1.2302049603489615e-05,1.2302049603489615e-05
594,-3.1666666666699999e+00,-6.6666666666399998e-01,5.0000000000000003e-02,3.1250000000000002e-03,2.3632034448399999e-04,2.1353965262580616e-04,2.2780691858193832e-05,2.2780691858193832e-05
595,-3.0833333333300001e+00,-5.8333333333000004e-01,5.0000000000000003e-02,3.1250000000000002e-03,4.0044873126900002e-04,3.6483504823232632e-04,3.5613683036673702e-05,3.5613683036673702e-05
596,-3.0833333333300001e+00,-4.1666666666300001e-01,5.0000000000000003e-02,3.1250000000000002e-03,4.3464605742899999e-04,3.9961466472591977e-04,3.5031392703080216e-05,3.5031392703080216e-05
597,-3.1666666666699999e+00,-3.3333333332999998e-01,5.0000000000000003e-02,3.1250000000000002e-03,2.7590476518799998e-04,2.5640509247711496e-04,1.9499672710885014e-05,1.9499672710885014e-05
598,-3.1666666666699999e+00,-1.6666666666300001e-01,5.0000000000000003e-02,3.1250000000000002e-03,2.9143727936999997e-04,2.6776631600572035e-04,2.3670963364279621e-05,2.3670963364279621e-05
599,-3.0833333333300001e+00,-8.3333333329599996e-02,5.0000000000000003e-02,3.1250000000000002e-03,4.7572881007300002e-04,4.3602878175538556e-04,3.9700028317614464e-05,3.9700028317614464e-05
600,-3.0833333333300001e+00,8.3333333337200000e-02,5.0000000000000003e-02,3.1250000000000002e-03,4.7572881007300002e-04,4.3602878175510339e-04,3.9700028317896628e-05,3.9700028317896628e-05
601,-3.1666666666699999e+00,1.6666666667100000e-01,5.0000000000000003e-02,3.1250000000000002e-03,2.9143727936999997e-04,2.6776631600535324e-04,2.3670963364646731e-05,2.3670963364646731e-05
602,-3.1666666666699999e+00,3.3333333333800003e-01,5.0000000000000003e-02,3.1250000000000002e-03,2.7590476518700002e-04,2.5640509247639522e-04,1.9499672710604802e-05,1.9499672710604802e-05
603,-3.0833333333300001e+00,4.1666666667100000e-01,5.0000000000000003e-02,3.1250000000000002e-03,4.3464605742700002e-04,3.9961466472449399e-04,3.5031392702506022e-05,3.5031392702506022e-05
604,-3.0833333333300001e+00,5.8333333333799997e-01,5.0000000000000003e-02,3.1250000000000002e-03,4.0044873126700000e-04,3.6483504823042918e-04,3.5613683036570811e-05,3.5613683036570811e-05
605,-3.1666666666699999e+00,6.6666666667100005e-01,5.0000000000000003e-02,3.1250000000000002e-03,2.3632034448199999e-04,2.1353965262467035e-04,2.2780691857329641e-05,2.2780691857329641e-05
606,-3.1666666666699999e+00,8.3333333333799997e-01,5.0000000000000003e-02,3.1250000000000002e-03,1.9682822038400000e-04,1.8452617078103966e-04,1.2302049602960335e-05,1.2302049602960335e-05
607,-3.0833333333300001e+00,9.1666666667200003e-01,5.0000000000000003e-02,3.1250000000000002e-03,2.9636751457700001e-04,2.7217546959202628e-04,2.4192044984973728e-05,2.4192044984973728e-05
608,-3.0833333333300001e+00,1.0833333333399999e+00,5.0000000000000003e-02,3.1249999999899999e-03,2.4584273456200001e-04,2.2077145186577532e-04,2.5071282696224683e-05,2.5071282696224683e-05
609,-3.1666666666699999e+00,1.1666666666700001e+00,5.0000000000000003e-02,3.1249999999899999e-03,1.3858426120600000e-04,1.2130061373832230e-04,1.7283647467677702e-05,1.7283647467677702e-05
610,-3.1666666666699999e+00,1.3333333333399999e+00,5.0000000000000003e-02,3.1249999999899999e-03,9.8031304772500000e-05,9.1632248203284348e-05,6.3990565692156518e-06,6.3990565692156518e-06
611,-3.0833333333300001e+00,1.4166666666700001e+00,5.0000000000000003e-02,3.1249999999899999e-03,1.3879023269300000e-04,1.2588927559235892e-04,1.2900957100641080e-05,1.2900957100641080e-05
612,-3.0833333333300001e+00,1.5833333333399999e+00,5.0000000000000003e-02,3.1249999999899999e-03,1.0118208944700000e-04,8.7972230030763511e-05,1.3209859416236488e-05,1.3209859416236488e-05
613,-3.1666666666699999e+00,1.6666666666700001e+00,5.0000000000000003e-02,3.1249999999899999e-03,5.4071116437799999e-05,4.4720009220479346e-05,9.3511072173206532e-06,9.3511072173206532e-06
614,-3.1666666666699999e+00,1.8333333333399999e+00,5.0000000000000003e-02,3.1249999999899999e-03,3.1714846910100001e-05,2.8753028105641936e-05,2.9618188044580646e-06,2.9618188044580646e-06
615,-3.0833333333300001e+00,1.9166666666700001e+00,5.0000000000000003e-02,3.1249999999899999e-03,4.1482617357500001e-05,3.6350180364458533e-05,5.1324369930414682e-06,5.1324369930414682e-06
616,-3.0833333333300001e+00,2.0833333333400001e+00,5.0000000000000003e-02,3.1249999999899999e-03,2.6229946498199999e-05,2.1413301021296685e-05,4.8166454769033140e-06,4.8166454769033140e-06
617,-3.1666666666699999e+00,2.1666666666699999e+00,5.0000000000000003e-02,3.1249999999899999e-03,1.3221660742600000e-05,9.9742888843958306e-06,3.2473718582041695e-06,3.2473718582041695e-06
618,-3.1666666666699999e+00,2.3333333333400001e+00,5.0000000000000003e-02,3.1249999999899999e-03,6.3913861575899999e-06,5.3659350372394203e-06,1.0254511203505796e-06,1.0254511203505796e-06
619,-3.0833333333300001e+00,2.4166666666699999e+00,5.0000000000000003e-02,3.1249999999899999e-03,7.5933313776900002e-06,6.1957060491629717e-06,1.3976253285270285e-06,1.3976253285270285e-06
620,-3.0833333333300001e+00,2.5833333333300001e+00,5.0000000000000003e-02,3.1249999999899999e-03,4.1497642666699999e-06,3.0363863187418712e-06,1.1133779479281287e-06,1.1133779479281287e-06
621,-3.1666666666699999e+00,2.6666666666699999e+00,5.0000000000000003e-02,3.1249999999899999e-03,1.9658577789500000e-06,1.2885025381924287e-06,6.7735524075757136e-07,6.7735524075757136e-07
622,-3.1666666666599999e+00,2.8333333333300001e+00,5.0000000000000003e-02,3.1249999999899999e-03,7.8846132465100003e-07,5.7413836718086163e-07,2.1432295747013839e-07,2.1432295747013839e-07
623,-3.0833333333300001e+00,2.9166666666699999e+00,5.0000000000000003e-02,3.1249999999899999e-03,8.3779635891399998e-07,6.0276416473894466e-07,2.3503219417505532e-07,2.3503219417505532e-07
624,-3.0833333333300001e+00,3.0833333333300001e+00,5.0000000000000003e-02,3.1249999999899999e-03,3.9638517913100000e-07,2.4383203825774542e-07,1.5255314087325458e-07,1.5255314087325458e-07
625,-3.1666666666599999e+00,3.1666666666699999e+00,5.0000000000000003e-02,3.1249999999899999e-03,1.7588640691399999e-07,9.3939100562072519e-08,8.1947306351927470e-08,8.1947306351927470e-08
626,-3.1666666666599999e+00,3.3333333333300001e+00,5.0000000000000003e-02,3.1249999999899999e-03,5.9317411106200001e-08,3.4457802061300700e-08,2.4859609044899301e-08,2.4859609044899301e-08
627,-3.0833333333300001e+00,3.4166666666699999e+00,5.0000000000000003e-02,3.1249999999899999e-03,5.5685883281299998e-08,3.2804078568238795e-08,2.2881804713061203e-08,2.2881804713061203e-08
628,-3.0833333333300001e+00,3.5833333333300001e+00,5.0000000000000003e-02,3.1250000000000002e-03,2.2897461381000000e-08,1.0900779529517456e-08,1.1996681851482544e-08,1.1996681851482544e-08
629,-3.1666666666599999e+00,3.6666666666699999e+00,5.0000000000000003e-02,3.1250000000000002e-03,9.4852014830500005e-09,3.8046136200109020e-09,5.6805878630390985e-09,5.6805878630390985e-09
630,-3.1666666666599999e+00,3.8333333333300001e+00,5.0000000000000003e-02,3.1250000000000002e-03,2.7322488634999999e-09,1.1444570844514996e-09,1.5877917790485004e-09,1.5877917790485004e-09
631,-3.0833333333300001e+00,3.9166666666699999e+00,5.0000000000000003e-02,3.1250000000100000e-03,2.2499396144400002e-09,9.8629271930178846e-10,1.2636468951382117e-09,1.2636468951382117e-09
632,-3.0833333333300001e+00,4.0833333333299997e+00,5.0000000000000003e-02,3.1250000000100000e-03,8.0793325245899995e-10,2.6840233889926503e-10,5.3953091355973497e-10,5.3953091355973497e-10
633,-3.1666666666599999e+00,4.1666666666700003e+00,5.0000000000000003e-02,3.1250000000100000e-03,3.1152174796399999e-10,8.4749297073614828e-11,2.2677245089038516e-10,2.2677245089038516e-10
634,-3.1666666666599999e+00,4.3333333333299997e+00,5.0000000000000003e-02,3.1250000000100000e-03,7.7808227977300004e-11,2.0853945532177608e-11,5.6954282445122397e-11,5.6954282445122397e-11
635,-3.0833333333300001e+00,4.4166666666700003e+00,5.0000000000000003e-02,3.1250000000100000e-03,5.6087974952099998e-11,1.6250636235363358e-11,3.9837338716736636e-11,3.9837338716736636e-11
636,-3.0833333333300001e+00,4.5833333333299997e+00,5.0000000000000003e-02,3.1250000000100000e-03,1.7690628745900000e-11,3.6141977040653023e-12,1.4076431041834698e-11,1.4076431041834698e-11
637,-3.1666666666599999e+00,4.6666666666700003e+00,5.0000000000000003e-02,3.1250000000100000e-03,6.3470755363200001e-12,1.0314648150691417e-12,5.3156107212508582e-12,5.3156107212508582e-12
638,-3.1666666666599999e+00,4.8333333333299997e+00,5.0000000000000003e-02,3.1250000000100000e-03,1.4702475091899999e-12,2.0726832466996180e-13,1.2629791845200381e-12,1.2629791845200381e-12
639,-3.0833333333300001e+00,4.9166666666700003e+00,5.0000000000000003e-02,3.1250000000100000e-03,1.1222829164900000e-12,1.4593339712635868e-13,9.7634951936364129e-13,9.7634951936364129e-13
640,-2.9166666666699999e+00,-4.9166666666700003e+00,5.0000000000000003e-02,3.1249999999899999e-03,3.0601337467400000e-12,3.6075416034296346e-13,2.6993795863970366e-12,2.6993795863970366e-12
641,-2.8333333333300001e+00,-4.8333333333299997e+00,5.0000000000000003e-02,3.1249999999899999e-03,7.4548788455599994e-12,1.2667855746476253e-12,6.1880932709123743e-12,6.1880932709123743e-12
642,-2.8333333333300001e+00,-4.6666666666700003e+00,5.0000000000000003e-02,3.1249999999899999e-03,2.4405214145400001e-11,6.3041217251443032e-12,1.8101092420255700e-11,1.8101092420255700e-11
643,-2.9166666666699999e+00,-4.5833333333299997e+00,5.0000000000000003e-02,3.1249999999899999e-03,3.7952936704099999e-11,8.9344651993168999e-12,2.9018471504783101e-11,2.9018471504783101e-11
644,-2.9166666666699999e+00,-4.4166666666700003e+00,5.0000000000000003e-02,3.1249999999899999e-03,1.5947302642199999e-10,4.0172330292916587e-11,1.1930069612908340e-10,1.1930069612908340e-10
645,-2.8333333333300001e+00,-4.3333333333299997e+00,5.0000000000000003e-02,3.1249999999899999e-03,4.1782799085200000e-10,1.2745544895350053e-10,2.9037254189849949e-10,2.9037254189849949e-10
646,-2.8333333333300001e+00,-4.1666666666700003e+00,5.0000000000000003e-02,3.1249999999899999e-03,1.2502187595500000e-09,5.1797199193524632e-10,7.3224676761475368e-10,7.3224676761475368e-10
647,-2.9166666666699999e+00,-4.0833333333299997e+00,5.0000000000000003e-02,3.1250000000000002e-03,1.7149815086300000e-09,6.6350309326282928e-10,1.0514784153671708e-09,1.0514784153671708e-09
648,-2.9166666666699999e+00,-3.9166666666699999e+00,5.0000000000000003e-02,3.1249999999899999e-03,6.3038421962499997e-09,2.4381615778875621e-09,3.8656806183624373e-09,3.8656806183624373e-09
649,-2.8333333333300001e+00,-3.8333333333300001e+00,5.0000000000000003e-02,3.1250000000000002e-03,1.5318658744599999e-08,6.9947095278304578e-09,8.3239492167695411e-09,8.3239492167695411e-09
650,-2.8333333333300001e+00,-3.6666666666699999e+00,5.0000000000000003e-02,3.1249999999899999e-03,4.0098150330300002e-08,2.3253093103406424e-08,1.6845057226893579e-08,1.6845057226893579e-08
651,-2.9166666666699999e+00,-3.5833333333300001e+00,5.0000000000000003e-02,3.1249999999899999e-03,4.8346644751300002e-08,2.6947235133913982e-08,2.1399409617386020e-08,2.1399409617386020e-08
652,-2.9166666666699999e+00,-3.4166666666699999e+00,5.0000000000000003e-02,3.1249999999899999e-03,1.5327514662100001e-07,8.1093211374108970e-08,7.2181935246891039e-08,7.2181935246891039e-08
653,-2.8333333333300001e+00,-3.3333333333300001e+00,5.0000000000000003e-02,3.1249999999899999e-03,3.4623068749700002e-07,2.1059969802344318e-07,1.3563098947355684e-07,1.3563098947355684e-07
654,-2.8333333333300001e+00,-3.1666666666599999e+00,5.0000000000000003e-02,3.1249999999899999e-03,7.8846132465100003e-07,5.7413836718086163e-07,2.1432295747013839e-07,2.1432295747013839e-07
655,-2.9166666666699999e+00,-3.0833333333300001e+00,5.0000000000000003e-02,3.1249999999899999e-03,8.3779635891399998e-07,6.0276416473894466e-07,2.3503219417505532e-07,2.3503219417505532e-07
656,-2.9166666666699999e+00,-2.9166666666599999e+00,5.0000000000000003e-02,3.1249999999899999e-03,2.2563819333400000e-06,1.4900611130044158e-06,7.6632082033558419e-07,7.6632082033558419e-07
657,-2.8333333333300001e+00,-2.8333333333300001e+00,5.0000000000000003e-02,3.1249999999899999e-03,4.7518002620699999e-06,3.5090272599760247e-06,1.2427730020939752e-06,1.2427730020939752e-06
658,-2.8333333333300001e+00,-2.6666666666599999e+00,5.0000000000000003e-02,3.1249999999899999e-03,9.3703797181199996e-06,7.8750886371520343e-06,1.4952910809679653e-06,1.4952910809679653e-06
659,-2.9166666666699999e+00,-2.5833333333300001e+00,5.0000000000000003e-02,3.1249999999899999e-03,8.8410496329399992e-06,7.5060885202728902e-06,1.3349611126671091e-06,1.3349611126671091e-06
660,-2.9166666666699999e+00,-2.4166666666599999e+00,5.0000000000000003e-02,3.1249999999899999e-03,1.9927436028499999e-05,1.5316074165351808e-05,4.6113618631481908e-06,4.6113618631481908e-06
661,-2.8333333333300001e+00,-2.3333333333300001e+00,5.0000000000000003e-02,3.1249999999899999e-03,3.9255211816199999e-05,3.2795600153354761e-05,6.4596116628452382e-06,6.4596116628452382e-06
662,-2.8333333333300001e+00,-2.1666666666599999e+00,5.0000000000000003e-02,3.1249999999899999e-03,6.6839584270399994e-05,6.0961004521176308e-05,5.8785797492236854e-06,5.8785797492236854e-06
663,-2.9166666666699999e+00,-2.0833333333300001e+00,5.0000000000000003e-02,3.1250000000000002e-03,5.6697092692700001e-05,5.2934678301769297e-05,3.7624143909307042e-06,3.7624143909307042e-06
664,-2.9166666666699999e+00,-1.9166666666600001e+00,5.0000000000000003e-02,3.1250000000000002e-03,1.0578181896100000e-04,8.9859340317652322e-05,1.5922478643347682e-05,1.5922478643347682e-05
665,-2.8333333333300001e+00,-1.8333333333299999e+00,5.0000000000000003e-02,3.1250000000000002e-03,1.9561813431800000e-04,1.7573317723684577e-04,1.9884957081154226e-05,1.9884957081154226e-05
666,-2.8333333333300001e+00,-1.6666666666600001e+00,5.0000000000000003e-02,3.1250000000000002e-03,2.8783833054299999e-04,2.7332040567952976e-04,1.4517924863470229e-05,1.4517924863470229e-05
667,-2.9166666666699999e+00,-1.5833333333299999e+00,5.0000000000000003e-02,3.1250000000000002e-03,2.2298511965900000e-04,2.1747145344324997e-04,5.5136662157500335e-06,5.5136662157500335e-06
668,-2.9166666666699999e+00,-1.4166666666600001e+00,5.0000000000000003e-02,3.1250000000000002e-03,3.4385845907999998e-04,3.1120415756569913e-04,3.2654301514300848e-05,3.2654301514300848e-05
669,-2.8333333333300001e+00,-1.3333333333299999e+00,5.0000000000000003e-02,3.1250000000000002e-03,5.9956366428600002e-04,5.6003931324365738e-04,3.9524351042342638e-05,3.9524351042342638e-05
670,-2.8333333333300001e+00,-1.1666666666600001e+00,5.0000000000000003e-02,3.1250000000000002e-03,7.6874400480199997e-04,7.4136686314988981e-04,2.7377141652110159e-05,2.7377141652110159e-05
671,-2.9166666666699999e+00,-1.0833333333299999e+00,5.0000000000000003e-02,3.1250000000000002e-03,5.5350444380699996e-04,5.4575732022247518e-04,7.7471235845247809e-06,7.7471235845247809e-06
672,-2.9166666666699999e+00,-9.1666666666399998e-01,5.0000000000000003e-02,3.1250000000000002e-03,7.1578633781100003e-04,6.7283044822486610e-04,4.2955889586133934e-05,4.2955889586133934e-05
673,-2.8333333333300001e+00,-8.3333333333100001e-01,5.0000000000000003e-02,3.1250000000000002e-03,1.1845338515800001e-03,1.1277897463484552e-03,5.6744105231544897e-05,5.6744105231544897e-05
674,-2.8333333333300001e+00,-6.6666666666399998e-01,5.0000000000000003e-02,3.1250000000000002e-03,1.3495378263200001e-03,1.3051147685402523e-03,4.4423057779747815e-05,4.4423057779747815e-05
675,-2.9166666666699999e+00,-5.8333333333000004e-01,5.0000000000000003e-02,3.1250000000000002e-03,9.1953214115699997e-04,9.0188924591932810e-04,1.7642895237671868e-05,1.7642895237671868e-05
676,-2.9166666666699999e+00,-4.1666666666399998e-01,5.0000000000000003e-02,3.1250000000000002e-03,1.0294239011599999e-03,9.8786607913364951e-04,4.1557822026350427e-05,4.1557822026350427e-05
677,-2.8333333333300001e+00,-3.3333333332999998e-01,5.0000000000000003e-02,3.1250000000000002e-03,1.6316840670800000e-03,1.5671003900489208e-03,6.4583677031079204e-05,6.4583677031079204e-05
678,-2.8333333333300001e+00,-1.6666666666300001e-01,5.0000000000000003e-02,3.1250000000000002e-03,1.6963438379500001e-03,1.6365380819882863e-03,5.9805755961713815e-05,5.9805755961713815e-05
679,-2.9166666666699999e+00,-8.3333333329900006e-02,5.0000000000000003e-02,3.1250000000000002e-03,1.1098980324900001e-03,1.0778834738653105e-03,3.2014558624689606e-05,3.2014558624689606e-05
680,-2.9166666666699999e+00,8.3333333337000007e-02,5.0000000000000003e-02,3.1250000000000002e-03,1.1098980324900001e-03,1.0778834738646586e-03,3.2014558625341428e-05,3.2014558625341428e-05
681,-2.8333333333300001e+00,1.6666666666999999e-01,5.0000000000000003e-02,3.1250000000000002e-03,1.6963438379500001e-03,1.6365380819863230e-03,5.9805755963677088e-05,5.9805755963677088e-05
682,-2.8333333333300001e+00,3.3333333333699999e-01,5.0000000000000003e-02,3.1250000000000002e-03,1.6316840670800000e-03,1.5671003900450716e-03,6.4583677034928339e-05,6.4583677034928339e-05
683,-2.9166666666699999e+00,4.1666666667100000e-01,5.0000000000000003e-02,3.1250000000000002e-03,1.0294239011599999e-03,9.8786607913056560e-04,4.1557822029434331e-05,4.1557822029434331e-05
684,-2.9166666666699999e+00,5.8333333333799997e-01,5.0000000000000003e-02,3.1250000000000002e-03,9.1953214115300002e-04,9.0188924591463827e-04,1.7642895238361746e-05,1.7642895238361746e-05
685,-2.8333333333300001e+00,6.6666666667100005e-01,5.0000000000000003e-02,3.1250000000000002e-03,1.3495378263200001e-03,1.3051147685333104e-03,4.4423057786689745e-05,4.4423057786689745e-05
686,-2.8333333333300001e+00,8.3333333333799997e-01,5.0000000000000003e-02,3.1250000000000002e-03,1.1845338515700000e-03,1.1277897463405899e-03,5.6744105229410103e-05,5.6744105229410103e-05
687,-2.9166666666699999e+00,9.1666666667100005e-01,5.0000000000000003e-02,3.1250000000000002e-03,7.1578633780600002e-04,6.7283044821957736e-04,4.2955889586422658e-05,4.2955889586422658e-05
688,-2.9166666666699999e+00,1.0833333333399999e+00,5.0000000000000003e-02,3.1249999999899999e-03,5.5350444380200005e-04,5.4575732021487568e-04,7.7471235871243724e-06,7.7471235871243724e-06
689,-2.8333333333300001e+00,1.1666666666700001e+00,5.0000000000000003e-02,3.1249999999899999e-03,7.6874400479599999e-04,7.4136686313851024e-04,2.7377141657489753e-05,2.7377141657489753e-05
690,-2.8333333333300001e+00,1.3333333333399999e+00,5.0000000000000003e-02,3.1249999999899999e-03,5.9956366428100000e-04,5.6003931323338652e-04,3.9524351047613487e-05,3.9524351047613487e-05
691,-2.9166666666699999e+00,1.4166666666700001e+00,5.0000000000000003e-02,3.1249999999899999e-03,3.4385845907599998e-04,3.1120415755950655e-04,3.2654301516493430e-05,3.2654301516493430e-05
692,-2.9166666666699999e+00,1.5833333333399999e+00,5.0000000000000003e-02,3.1249999999899999e-03,2.2298511965700000e-04,2.1747145343821962e-04,5.5136662187803785e-06,5.5136662187803785e-06
693,-2.8333333333300001e+00,1.6666666666700001e+00,5.0000000000000003e-02,3.1249999999899999e-03,2.8783833054100001e-04,2.7332040567275187e-04,1.4517924868248145e-05,1.4517924868248145e-05
694,-2.8333333333300001e+00,1.8333333333399999e+00,5.0000000000000003e-02,3.1249999999899999e-03,1.9561813431600000e-04,1.7573317723188636e-04,1.9884957084113637e-05,1.9884957084113637e-05
695,-2.9166666666699999e+00,1.9166666666700001e+00,5.0000000000000003e-02,3.1249999999899999e-03,1.0578181896000000e-04,8.9859340314958934e-05,1.5922478645041070e-05,1.5922478645041070e-05
696,-2.9166666666699999e+00,2.0833333333400001e+00,5.0000000000000003e-02,3.1249999999899999e-03,5.6697092692299999e-05,5.2934678299993611e-05,3.7624143923063874e-06,3.7624143923063874e-06
697,-2.8333333333300001e+00,2.1666666666699999e+00,5.0000000000000003e-02,3.1249999999899999e-03,6.6839584269900000e-05,6.0961004519020684e-05,5.8785797508793163e-06,5.8785797508793163e-06
698,-2.8333333333300001e+00,2.3333333333300001e+00,5.0000000000000003e-02,3.1249999999899999e-03,3.9255211815999998e-05,3.2795600153354761e-05,6.4596116626452368e-06,6.4596116626452368e-06
699,-2.9166666666699999e+00,2.4166666666699999e+00,5.0000000000000003e-02,3.1249999999899999e-03,1.9927436028399998e-05,1.5316074164725217e-05,4.6113618636747810e-06,4.6113618636747810e-06
700,-2.9166666666599999e+00,2.5833333333300001e+00,5.0000000000000003e-02,3.1249999999899999e-03,8.8410496329000006e-06,7.5060885206661184e-06,1.3349611122338822e-06,1.3349611122338822e-06
701,-2.8333333333300001e+00,2.6666666666699999e+00,5.0000000000000003e-02,3.1249999999899999e-03,9.3703797180999995e-06,7.8750886367851725e-06,1.4952910813148269e-06,1.4952910813148269e-06
702,-2.8333333333300001e+00,2.8333333333300001e+00,5.0000000000000003e-02,3.1249999999899999e-03,4.7518002620699999e-06,3.5090272599760247e-06,1.2427730020939752e-06,1.2427730020939752e-06
703,-2.9166666666599999e+00,2.9166666666699999e+00,5.0000000000000003e-02,3.1249999999899999e-03,2.2563819333400000e-06,1.4900611130044158e-06,7.6632082033558419e-07,7.6632082033558419e-07
704,-2.9166666666599999e+00,3.0833333333300001e+00,5.0000000000000003e-02,3.1249999999899999e-03,8.3779635891600003e-07,6.0276416477052226e-07,2.3503219414547778e-07,2.3503219414547778e-07
705,-2.8333333333300001e+00,3.1666666666699999e+00,5.0000000000000003e-02,3.1249999999899999e-03,7.8846132465500004e-07,5.7413836714748229e-07,2.1432295750751775e-07,2.1432295750751775e-07
706,-2.8333333333300001e+00,3.3333333333300001e+00,5.0000000000000003e-02,3.1249999999899999e-03,3.4623068750000000e-07,2.1059969802344318e-07,1.3563098947655682e-07,1.3563098947655682e-07
707,-2.9166666666599999e+00,3.4166666666699999e+00,5.0000000000000003e-02,3.1249999999899999e-03,1.5327514662300001e-07,8.1093211378357264e-08,7.2181935244642749e-08,7.2181935244642749e-08
708,-2.9166666666599999e+00,3.5833333333300001e+00,5.0000000000000003e-02,3.1250000000000002e-03,4.8346644751800002e-08,2.6947235135325691e-08,2.1399409616474311e-08,2.1399409616474311e-08
709,-2.8333333333300001e+00,3.6666666666699999e+00,5.0000000000000003e-02,3.1250000000000002e-03,4.0098150330799997e-08,2.3253093103406424e-08,1.6845057227393573e-08,1.6845057227393573e-08
710,-2.8333333333300001e+00,3.8333333333300001e+00,5.0000000000000003e-02,3.1250000000100000e-03,1.5318658744800001e-08,6.9947095278304578e-09,8.3239492169695434e-09,8.3239492169695434e-09
711,-2.9166666666599999e+00,3.9166666666699999e+00,5.0000000000000003e-02,3.1250000000100000e-03,6.3038421963500001e-09,2.4381615780152920e-09,3.8656806183347085e-09,3.8656806183347085e-09
712,-2.9166666666599999e+00,4.0833333333299997e+00,5.0000000000000003e-02,3.1250000000100000e-03,1.7149815086600000e-09,6.6350309329758885e-10,1.0514784153624112e-09,1.0514784153624112e-09
713,-2.8333333333300001e+00,4.1666666666700003e+00,5.0000000000000003e-02,3.1250000000100000e-03,1.2502187595700000e-09,5.1797199193524632e-10,7.3224676763475367e-10,7.3224676763475367e-10
714,-2.8333333333300001e+00,4.3333333333299997e+00,5.0000000000000003e-02,3.1250000000100000e-03,4.1782799086000002e-10,1.2745544895350053e-10,2.9037254190649947e-10,2.9037254190649947e-10
715,-2.9166666666599999e+00,4.4166666666700003e+00,5.0000000000000003e-02,3.1250000000100000e-03,1.5947302642499999e-10,4.0172330295021129e-11,1.1930069612997885e-10,1.1930069612997885e-10
716,-2.9166666666599999e+00,4.5833333333299997e+00,5.0000000000000003e-02,3.1250000000100000e-03,3.7952936704899999e-11,8.9344651997849581e-12,2.9018471505115039e-11,2.9018471505115039e-11
717,-2.8333333333300001e+00,4.6666666666700003e+00,5.0000000000000003e-02,3.1250000000100000e-03,2.4405214145900000e-11,6.3041217251443032e-12,1.8101092420755698e-11,1.8101092420755698e-11
718,-2.8333333333300001e+00,4.8333333333299997e+00,5.0000000000000003e-02,3.1250000000100000e-03,7.4548788457299995e-12,1.2667855746476253e-12,6.1880932710823745e-12,6.1880932710823745e-12
719,-2.9166666666599999e+00,4.9166666666700003e+00,5.0000000000000003e-02,3.1250000000100000e-03,3.0601337468100001e-12,3.6075416036186260e-13,2.6993795864481376e-12,2.6993795864481376e-12
720,-2.5833333333400001e+00,-4.9166666666700003e+00,5.0000000000000003e-02,3.1249999999899999e-03,1.0586649534699999e-11,1.8172762432220010e-12,8.7693732914779985e-12,8.7693732914779985e-12
721,-2.6666666666699999e+00,-4.8333333333299997e+00,5.0000000000000003e-02,3.1249999999899999e-03,1.5208179846700001e-11,2.8429669948528842e-12,1.2365212851847116e-11,1.2365212851847116e-11
722,-2.6666666666699999e+00,-4.6666666666700003e+00,5.0000000000000003e-02,3.1249999999899999e-03,6.3544219412200003e-11,1.4147942915363286e-11,4.9396276496836717e-11,4.9396276496836717e-11
723,-2.5833333333400001e+00,-4.5833333333299997e+00,5.0000000000000003e-02,3.1249999999899999e-03,1.6837108399900000e-10,4.5006802796609843e-11,1.2336428120239017e-10,1.2336428120239017e-10
724,-2.5833333333400001e+00,-4.4166666666700003e+00,5.0000000000000003e-02,3.1249999999899999e-03,5.4129495513100002e-10,2.0236557052254324e-10,3.3892938460845678e-10,3.3892938460845678e-10
725,-2.6666666666699999e+00,-4.3333333333299997e+00,5.0000000000000003e-02,3.1249999999899999e-03,8.3140205306900000e-10,2.8604022807076238e-10,5.4536182499823762e-10,5.4536182499823762e-10
726,-2.6666666666699999e+00,-4.1666666666700003e+00,5.0000000000000003e-02,3.1249999999899999e-03,3.2176117425700000e-09,1.1624518835713204e-09,2.0551598589986796e-09,2.0551598589986796e-09
727,-2.5833333333400001e+00,-4.0833333333299997e+00,5.0000000000000003e-02,3.1250000000000002e-03,7.9005403896099992e-09,3.3423548256367881e-09,4.5581855639732111e-09,4.5581855639732111e-09
728,-2.5833333333300001e+00,-3.9166666666699999e+00,5.0000000000000003e-02,3.1249999999899999e-03,2.2283641192500001e-08,1.2282084588068021e-08,1.0001556604431979e-08,1.0001556604431979e-08
729,-2.6666666666699999e+00,-3.8333333333300001e+00,5.0000000000000003e-02,3.1250000000000002e-03,3.0220354148899997e-08,1.5697785579644366e-08,1.4522568569255631e-08,1.4522568569255631e-08
730,-2.6666666666699999e+00,-3.6666666666699999e+00,5.0000000000000003e-02,3.1249999999899999e-03,1.0173158949999999e-07,5.2185450753664067e-08,4.9546138746335927e-08,4.9546138746335927e-08
731,-2.5833333333300001e+00,-3.5833333333300001e+00,5.0000000000000003e-02,3.1249999999899999e-03,2.3134980631300001e-07,1.3574499095176576e-07,9.5604815361234252e-08,9.5604815361234252e-08
732,-2.5833333333300001e+00,-3.4166666666699999e+00,5.0000000000000003e-02,3.1249999999899999e-03,5.6871272906399997e-07,4.0850191826819827e-07,1.6021081079580170e-07,1.6021081079580170e-07
733,-2.6666666666699999e+00,-3.3333333333300001e+00,5.0000000000000003e-02,3.1249999999899999e-03,6.8072856026100002e-07,4.7263562404645948e-07,2.0809293621454054e-07,2.0809293621454054e-07
734,-2.6666666666699999e+00,-3.1666666666699999e+00,5.0000000000000003e-02,3.1249999999899999e-03,1.9658577789500000e-06,1.2885025381924287e-06,6.7735524075757136e-07,6.7735524075757136e-07
735,-2.5833333333300001e+00,-3.0833333333300001e+00,5.0000000000000003e-02,3.1249999999899999e-03,4.1497642666699999e-06,3.0363863187418712e-06,1.1133779479281287e-06,1.1133779479281287e-06
736,-2.5833333333300001e+00,-2.9166666666599999e+00,5.0000000000000003e-02,3.1249999999899999e-03,8.8410496329000006e-06,7.5060885206661184e-06,1.3349611122338822e-06,1.3349611122338822e-06
737,-2.6666666666699999e+00,-2.8333333333300001e+00,5.0000000000000003e-02,3.1249999999899999e-03,9.3703797180999995e-06,7.8750886367851725e-06,1.4952910813148269e-06,1.4952910813148269e-06
738,-2.6666666666699999e+00,-2.6666666666599999e+00,5.0000000000000003e-02,3.1249999999899999e-03,2.2869676206900001e-05,1.7673564907140602e-05,5.1961112997593995e-06,5.1961112997593995e-06
739,-2.5833333333300001e+00,-2.5833333333300001e+00,5.0000000000000003e-02,3.1249999999899999e-03,4.4942317554299999e-05,3.7811445708775505e-05,7.1308718455244938e-06,7.1308718455244938e-06
740,-2.5833333333300001e+00,-2.4166666666599999e+00,5.0000000000000003e-02,3.1249999999899999e-03,8.2636477621400004e-05,7.7153753943968209e-05,5.4827236774317948e-06,5.4827236774317948e-06
741,-2.6666666666699999e+00,-2.3333333333300001e+00,5.0000000000000003e-02,3.1249999999899999e-03,7.8173847299000003e-05,7.3601097674572859e-05,4.5727496244271442e-06,4.5727496244271442e-06
742,-2.6666666666699999e+00,-2.1666666666599999e+00,5.0000000000000003e-02,3.1249999999899999e-03,1.5907746512600001e-04,1.3681093887968403e-04,2.2266526246315980e-05,2.2266526246315980e-05
743,-2.5833333333300001e+00,-2.0833333333300001e+00,5.0000000000000003e-02,3.1249999999899999e-03,2.9202331085300000e-04,2.6665509063914943e-04,2.5368220213850578e-05,2.5368220213850578e-05
744,-2.5833333333300001e+00,-1.9166666666600001e+00,5.0000000000000003e-02,3.1249999999899999e-03,4.6282773771299997e-04,4.5266073783576505e-04,1.0166999877234920e-05,1.0166999877234920e-05
745,-2.6666666666699999e+00,-1.8333333333299999e+00,5.0000000000000003e-02,3.1250000000000002e-03,3.9580544470099998e-04,3.9438688976542588e-04,1.4185549355741020e-06,1.4185549355741020e-06
746,-2.6666666666699999e+00,-1.6666666666600001e+00,5.0000000000000003e-02,3.1250000000000002e-03,6.6663269603300002e-04,6.1339575372323680e-04,5.3236942309763222e-05,5.3236942309763222e-05
747,-2.5833333333300001e+00,-1.5833333333299999e+00,5.0000000000000003e-02,3.1250000000000002e-03,1.1477706361400000e-03,1.0954986785552850e-03,5.2271957584715083e-05,5.2271957584715083e-05
748,-2.5833333333300001e+00,-1.4166666666600001e+00,5.0000000000000003e-02,3.1250000000000002e-03,1.5748656625099999e-03,1.5676712413342079e-03,7.1944211757920228e-06,7.1944211757920228e-06
749,-2.6666666666699999e+00,-1.3333333333299999e+00,5.0000000000000003e-02,3.1250000000000002e-03,1.2373989637999999e-03,1.2568609204558392e-03,-1.9461956655839312e-05,1.9461956655839312e-05
750,-2.6666666666699999e+00,-1.1666666666600001e+00,5.0000000000000003e-02,3.1250000000000002e-03,1.7343334272300001e-03,1.6638029080801883e-03,7.0530519149811753e-05,7.0530519149811753e-05
751,-2.5833333333300001e+00,-1.0833333333299999e+00,5.0000000000000003e-02,3.1250000000000002e-03,2.8163636642699998e-03,2.7492179486058995e-03,6.7145715664100256e-05,6.7145715664100256e-05
752,-2.5833333333300001e+00,-9.1666666666499996e-01,5.0000000000000003e-02,3.1250000000000002e-03,3.3931136260600000e-03,3.3893407858867253e-03,3.7728401732746789e-06,3.7728401732746789e-06
753,-2.6666666666699999e+00,-8.3333333333100001e-01,5.0000000000000003e-02,3.1250000000000002e-03,2.4945227425399999e-03,2.5310274210329827e-03,-3.6504678492982855e-05,3.6504678492982855e-05
754,-2.6666666666699999e+00,-6.6666666666399998e-01,5.0000000000000003e-02,3.1250000000000002e-03,2.9792429903600002e-03,2.9289867880656116e-03,5.0256202294388531e-05,5.0256202294388531e-05
755,-2.5833333333300001e+00,-5.8333333333100001e-01,5.0000000000000003e-02,3.1250000000000002e-03,4.6020912536399996e-03,4.5432099775110550e-03,5.8881276128944574e-05,5.8881276128944574e-05
756,-2.5833333333300001e+00,-4.1666666666399998e-01,5.0000000000000003e-02,3.1250000000000002e-03,4.9918291099500002e-03,4.9763128316191139e-03,1.5516278330886257e-05,1.5516278330886257e-05
757,-2.6666666666699999e+00,-3.3333333332999998e-01,5.0000000000000003e-02,3.1250000000000002e-03,3.4952833161400001e-03,3.5169446003278379e-03,-2.1661284187837835e-05,2.1661284187837835e-05
758,-2.6666666666699999e+00,-1.6666666666400001e-01,5.0000000000000003e-02,3.1250000000000002e-03,3.6852760746700001e-03,3.6727792343277496e-03,1.2496840342250508e-05,1.2496840342250508e-05
759,-2.5833333333300001e+00,-8.3333333330300005e-02,5.0000000000000003e-02,3.1250000000000002e-03,5.4675868820499999e-03,5.4297697585588027e-03,3.7817123491197188e-05,3.7817123491197188e-05
760,-2.5833333333300001e+00,8.3333333336599993e-02,5.0000000000000003e-02,3.1250000000000002e-03,5.4675868820499999e-03,5.4297697585558901e-03,3.7817123494109789e-05,3.7817123494109789e-05
761,-2.6666666666699999e+00,1.6666666666999999e-01,5.0000000000000003e-02,3.1250000000000002e-03,3.6852760746700001e-03,3.6727792343239731e-03,1.2496840346027001e-05,1.2496840346027001e-05
762,-2.6666666666699999e+00,3.3333333333699999e-01,5.0000000000000003e-02,3.1250000000000002e-03,3.4952833161400001e-03,3.5169446003191994e-03,-2.1661284179199346e-05,2.1661284179199346e-05
763,-2.5833333333300001e+00,4.1666666667000002e-01,5.0000000000000003e-02,3.1250000000000002e-03,4.9918291099299997e-03,4.9763128316057991e-03,1.5516278324200633e-05,1.5516278324200633e-05
764,-2.5833333333300001e+00,5.8333333333699999e-01,5.0000000000000003e-02,3.1250000000000002e-03,4.6020912536299998e-03,4.5432099774933366e-03,5.8881276136663226e-05,5.8881276136663226e-05
765,-2.6666666666699999e+00,6.6666666667100005e-01,5.0000000000000003e-02,3.1250000000000002e-03,2.9792429903499999e-03,2.9289867880500325e-03,5.0256202299967401e-05,5.0256202299967401e-05
766,-2.6666666666699999e+00,8.3333333333799997e-01,5.0000000000000003e-02,3.1250000000000002e-03,2.4945227425199998e-03,2.5310274210153315e-03,-3.6504678495331670e-05,3.6504678495331670e-05
767,-2.5833333333300001e+00,9.1666666667100005e-01,5.0000000000000003e-02,3.1250000000000002e-03,3.3931136260399999e-03,3.3893407858638894e-03,3.7728401761105181e-06,3.7728401761105181e-06
768,-2.5833333333300001e+00,1.0833333333399999e+00,5.0000000000000003e-02,3.1249999999899999e-03,2.8163636642500002e-03,2.7492179485676177e-03,6.7145715682382506e-05,6.7145715682382506e-05
769,-2.6666666666699999e+00,1.1666666666700001e+00,5.0000000000000003e-02,3.1249999999899999e-03,1.7343334272200001e-03,1.6638029080546500e-03,7.0530519165350105e-05,7.0530519165350105e-05
770,-2.6666666666699999e+00,1.3333333333399999e+00,5.0000000000000003e-02,3.1249999999899999e-03,1.2373989637900001e-03,1.2568609204327891e-03,-1.9461956642788988e-05,1.9461956642788988e-05
771,-2.5833333333300001e+00,1.4166666666700001e+00,5.0000000000000003e-02,3.1249999999899999e-03,1.5748656624999999e-03,1.5676712413030132e-03,7.1944211969866573e-06,7.1944211969866573e-06
772,-2.5833333333300001e+00,1.5833333333399999e+00,5.0000000000000003e-02,3.1249999999899999e-03,1.1477706361300000e-03,1.0954986785299450e-03,5.2271957600055026e-05,5.2271957600055026e-05
773,-2.6666666666699999e+00,1.6666666666700001e+00,5.0000000000000003e-02,3.1249999999899999e-03,6.6663269602800000e-04,6.1339575370802566e-04,5.3236942319974346e-05,5.3236942319974346e-05
774,-2.6666666666699999e+00,1.8333333333399999e+00,5.0000000000000003e-02,3.1249999999899999e-03,3.9580544469900000e-04,3.9438688975429578e-04,1.4185549447042227e-06,1.4185549447042227e-06
775,-2.5833333333300001e+00,1.9166666666700001e+00,5.0000000000000003e-02,3.1249999999899999e-03,4.6282773770999999e-04,4.5266073782219729e-04,1.0166999887802693e-05,1.0166999887802693e-05
776,-2.5833333333300001e+00,2.0833333333400001e+00,5.0000000000000003e-02,3.1249999999899999e-03,2.9202331085099998e-04,2.6665509063020449e-04,2.5368220220795489e-05,2.5368220220795489e-05
777,-2.6666666666699999e+00,2.1666666666699999e+00,5.0000000000000003e-02,3.1249999999899999e-03,1.5907746512600001e-04,1.3681093887484629e-04,2.2266526251153718e-05,2.2266526251153718e-05
778,-2.6666666666699999e+00,2.3333333333300001e+00,5.0000000000000003e-02,3.1249999999899999e-03,7.8173847298799995e-05,7.3601097674572859e-05,4.5727496242271360e-06,4.5727496242271360e-06
779,-2.5833333333300001e+00,2.4166666666699999e+00,5.0000000000000003e-02,3.1249999999899999e-03,8.2636477621199995e-05,7.7153753940811798e-05,5.4827236803881973e-06,5.4827236803881973e-06
780,-2.5833333333300001e+00,2.5833333333300001e+00,5.0000000000000003e-02,3.1249999999899999e-03,4.4942317554299999e-05,3.7811445708775505e-05,7.1308718455244938e-06,7.1308718455244938e-06
781,-2.6666666666599999e+00,2.6666666666699999e+00,5.0000000000000003e-02,3.1249999999899999e-03,2.2869676206900001e-05,1.7673564907140602e-05,5.1961112997593995e-06,5.1961112997593995e-06
782,-2.6666666666599999e+00,2.8333333333300001e+00,5.0000000000000003e-02,3.1249999999899999e-03,9.3703797181199996e-06,7.8750886371520343e-06,1.4952910809679653e-06,1.4952910809679653e-06
783,-2.5833333333300001e+00,2.9166666666699999e+00,5.0000000000000003e-02,3.1249999999899999e-03,8.8410496329399992e-06,7.5060885202728902e-06,1.3349611126671091e-06,1.3349611126671091e-06
784,-2.5833333333300001e+00,3.0833333333300001e+00,5.0000000000000003e-02,3.1249999999899999e-03,4.1497642666900001e-06,3.0363863187418712e-06,1.1133779479481288e-06,1.1133779479481288e-06
785,-2.6666666666599999e+00,3.1666666666699999e+00,5.0000000000000003e-02,3.1249999999899999e-03,1.9658577789600001e-06,1.2885025382524536e-06,6.7735524070754644e-07,6.7735524070754644e-07
786,-2.6666666666599999e+00,3.3333333333300001e+00,5.0000000000000003e-02,3.1249999999899999e-03,6.8072856026800001e-07,4.7263562406847720e-07,2.0809293619952281e-07,2.0809293619952281e-07
787,-2.5833333333300001e+00,3.4166666666699999e+00,5.0000000000000003e-02,3.1250000000000002e-03,5.6871272907000004e-07,4.0850191826819827e-07,1.6021081080180176e-07,1.6021081080180176e-07
788,-2.5833333333300001e+00,3.5833333333300001e+00,5.0000000000000003e-02,3.1250000000000002e-03,2.3134980631699999e-07,1.3574499095176576e-07,9.5604815365234233e-08,9.5604815365234233e-08
789,-2.6666666666599999e+00,3.6666666666699999e+00,5.0000000000000003e-02,3.1250000000000002e-03,1.0173158950200000e-07,5.2185450756095124e-08,4.9546138745904873e-08,4.9546138745904873e-08
790,-2.6666666666599999e+00,3.8333333333300001e+00,5.0000000000000003e-02,3.1250000000100000e-03,3.0220354149500001e-08,1.5697785580375647e-08,1.4522568569124354e-08,1.4522568569124354e-08
791,-2.5833333333300001e+00,3.9166666666699999e+00,5.0000000000000003e-02,3.1250000000100000e-03,2.2283641193000002e-08,1.2282084588068021e-08,1.0001556604931980e-08,1.0001556604931980e-08
792,-2.5833333333300001e+00,4.0833333333299997e+00,5.0000000000000003e-02,3.1250000000100000e-03,7.9005403897600001e-09,3.3423548257861450e-09,4.5581855639738555e-09,4.5581855639738555e-09
793,-2.6666666666599999e+00,4.1666666666700003e+00,5.0000000000000003e-02,3.1250000000100000e-03,3.2176117426400002e-09,1.1624518836254732e-09,2.0551598590145272e-09,2.0551598590145272e-09
794,-2.6666666666599999e+00,4.3333333333299997e+00,5.0000000000000003e-02,3.1250000000100000e-03,8.3140205308699997e-10,2.8604022808408759e-10,5.4536182500291233e-10,5.4536182500291233e-10
795,-2.5833333333300001e+00,4.4166666666700003e+00,5.0000000000000003e-02,3.1250000000100000e-03,5.4129495514300003e-10,2.0236557053158621e-10,3.3892938461141385e-10,3.3892938461141385e-10
796,-2.5833333333300001e+00,4.5833333333299997e+00,5.0000000000000003e-02,3.1250000000100000e-03,1.6837108400299999e-10,4.5006802798621029e-11,1.2336428120437897e-10,1.2336428120437897e-10
797,-2.6666666666599999e+00,4.6666666666700003e+00,5.0000000000000003e-02,3.1250000000100000e-03,6.3544219413700005e-11,1.4147942916022368e-11,4.9396276497677637e-11,4.9396276497677637e-11
798,-2.6666666666599999e+00,4.8333333333299997e+00,5.0000000000000003e-02,3.1250000000100000e-03,1.5208179847100001e-11,2.8429669949853240e-12,1.2365212852114677e-11,1.2365212852114677e-11
799,-2.5833333333300001e+00,4.9166666666700003e+00,5.0000000000000003e-02,3.1250000000100000e-03,1.0586649534999999e-11,1.8172762433032083e-12,8.7693732916967910e-12,8.7693732916967910e-12
800,-2.4166666666699999e+00,-4.9166666666700003e+00,5.0000000000000003e-02,3.1249999999899999e-03,2.4057332528199999e-11,3.7081280942864846e-12,2.0349204433913516e-11,2.0349204433913516e-11
801,-2.3333333333400001e+00,-4.8333333333299997e+00,5.0000000000000003e-02,3.1249999999899999e-03,5.5522669789400000e-11,1.1839461510721604e-11,4.3683208278678397e-11,4.3683208278678397e-11
802,-2.3333333333400001e+00,-4.6666666666700003e+00,5.0000000000000003e-02,3.1249999999899999e-03,1.8470680205900000e-10,5.8918737328147528e-11,1.2578806473085249e-10,1.2578806473085249e-10
803,-2.4166666666699999e+00,-4.5833333333299997e+00,5.0000000000000003e-02,3.1249999999899999e-03,3.1398145888500001e-10,9.1835784739157479e-11,2.2214567414584251e-10,2.2214567414584251e-10
804,-2.4166666666699999e+00,-4.4166666666700003e+00,5.0000000000000003e-02,3.1249999999899999e-03,1.2732268513900001e-09,4.1292426518519440e-10,8.6030258620480568e-10,8.6030258620480568e-10
805,-2.3333333333400001e+00,-4.3333333333299997e+00,5.0000000000000003e-02,3.1249999999899999e-03,3.1688782869100002e-09,1.1912070301530413e-09,1.9776712567569587e-09,1.9776712567569587e-09
806,-2.3333333333400001e+00,-4.1666666666700003e+00,5.0000000000000003e-02,3.1249999999899999e-03,9.6336625978299996e-09,4.8410003909738203e-09,4.7926622068561793e-09,4.7926622068561793e-09
807,-2.4166666666699999e+00,-4.0833333333299997e+00,5.0000000000000003e-02,3.1250000000000002e-03,1.4574503093800000e-08,6.8200307334913650e-09,7.7544723603086345e-09,7.7544723603086345e-09
808,-2.4166666666699999e+00,-3.9166666666699999e+00,5.0000000000000003e-02,3.1249999999899999e-03,5.1801489282000001e-08,2.5061430855792701e-08,2.6740058426207301e-08,2.6740058426207301e-08
809,-2.3333333333400001e+00,-3.8333333333300001e+00,5.0000000000000003e-02,3.1250000000000002e-03,1.1905804744600000e-07,6.5373016468443913e-08,5.3685030977556089e-08,5.3685030977556089e-08
810,-2.3333333333400001e+00,-3.6666666666699999e+00,5.0000000000000003e-02,3.1249999999899999e-03,3.1626887289400002e-07,2.1732494142079739e-07,9.8943931473202636e-08,9.8943931473202636e-08
811,-2.4166666666699999e+00,-3.5833333333300001e+00,5.0000000000000003e-02,3.1249999999899999e-03,4.2394200046900000e-07,2.7698585532156917e-07,1.4695614514743083e-07,1.4695614514743083e-07
812,-2.4166666666699999e+00,-3.4166666666699999e+00,5.0000000000000003e-02,3.1249999999899999e-03,1.3038207838900000e-06,8.3354275129182446e-07,4.7027803259817552e-07,4.7027803259817552e-07
813,-2.3333333333400001e+00,-3.3333333333300001e+00,5.0000000000000003e-02,3.1249999999899999e-03,2.7712108278200001e-06,1.9682786643759500e-06,8.0293216344405010e-07,8.0293216344405010e-07
814,-2.3333333333400001e+00,-3.1666666666699999e+00,5.0000000000000003e-02,3.1249999999899999e-03,6.3913861575899999e-06,5.3659350372394203e-06,1.0254511203505796e-06,1.0254511203505796e-06
815,-2.4166666666699999e+00,-3.0833333333300001e+00,5.0000000000000003e-02,3.1249999999899999e-03,7.5933313776900002e-06,6.1957060491629717e-06,1.3976253285270285e-06,1.3976253285270285e-06
816,-2.4166666666699999e+00,-2.9166666666699999e+00,5.0000000000000003e-02,3.1249999999899999e-03,1.9927436028399998e-05,1.5316074164725217e-05,4.6113618636747810e-06,4.6113618636747810e-06
817,-2.3333333333300001e+00,-2.8333333333300001e+00,5.0000000000000003e-02,3.1249999999899999e-03,3.9255211815999998e-05,3.2795600153354761e-05,6.4596116626452368e-06,6.4596116626452368e-06
818,-2.3333333333300001e+00,-2.6666666666699999e+00,5.0000000000000003e-02,3.1249999999899999e-03,7.8173847298799995e-05,7.3601097674572859e-05,4.5727496242271360e-06,4.5727496242271360e-06
819,-2.4166666666699999e+00,-2.5833333333300001e+00,5.0000000000000003e-02,3.1249999999899999e-03,8.2636477621199995e-05,7.7153753940811798e-05,5.4827236803881973e-06,5.4827236803881973e-06
820,-2.4166666666699999e+00,-2.4166666666699999e+00,5.0000000000000003e-02,3.1249999999899999e-03,1.8243615607600001e-04,1.5743121257534446e-04,2.5004943500655553e-05,2.5004943500655553e-05
821,-2.3333333333300001e+00,-2.3333333333300001e+00,5.0000000000000003e-02,3.1249999999899999e-03,3.3406612781299998e-04,3.0650984154112032e-04,2.7556286271879660e-05,2.7556286271879660e-05
822,-2.3333333333300001e+00,-2.1666666666699999e+00,5.0000000000000003e-02,3.1249999999899999e-03,5.7254304061799997e-04,5.6974556794019170e-04,2.7974726778082649e-06,2.7974726778082649e-06
823,-2.4166666666699999e+00,-2.0833333333300001e+00,5.0000000000000003e-02,3.1249999999899999e-03,5.4312026222100003e-04,5.4410617908383742e-04,-9.8591686283739342e-07,9.8591686283739342e-07
824,-2.4166666666699999e+00,-1.9166666666600001e+00,5.0000000000000003e-02,3.1249999999899999e-03,9.9749441001500006e-04,9.2364823748438307e-04,7.3846172530616988e-05,7.3846172530616988e-05
825,-2.3333333333300001e+00,-1.8333333333299999e+00,5.0000000000000003e-02,3.1249999999899999e-03,1.7041377845200001e-03,1.6424138621190410e-03,6.1723922400959072e-05,6.1723922400959072e-05
826,-2.3333333333300001e+00,-1.6666666666700001e+00,5.0000000000000003e-02,3.1249999999899999e-03,2.5164490278800000e-03,2.5544705338816690e-03,-3.8021506001669012e-05,3.8021506001669012e-05
827,-2.4166666666699999e+00,-1.5833333333299999e+00,5.0000000000000003e-02,3.1250000000000002e-03,2.1708214811200000e-03,2.2353505374729061e-03,-6.4529056352906084e-05,6.4529056352906084e-05
828,-2.4166666666699999e+00,-1.4166666666600001e+00,5.0000000000000003e-02,3.1250000000000002e-03,3.3097173173400000e-03,3.1988123952085569e-03,1.1090492213144303e-04,1.1090492213144303e-04
829,-2.3333333333300001e+00,-1.3333333333299999e+00,5.0000000000000003e-02,3.1250000000000002e-03,5.3010773517199999e-03,5.2341643499868046e-03,6.6913001733195226e-05,6.6913001733195226e-05
830,-2.3333333333300001e+00,-1.1666666666700001e+00,5.0000000000000003e-02,3.1250000000000002e-03,6.8060119741199998e-03,6.9288635878547106e-03,-1.2285161373471083e-04,1.2285161373471083e-04
831,-2.4166666666699999e+00,-1.0833333333299999e+00,5.0000000000000003e-02,3.1250000000000002e-03,5.4304470058099998e-03,5.6097427950810835e-03,-1.7929578927108371e-04,1.7929578927108371e-04
832,-2.4166666666699999e+00,-9.1666666666499996e-01,5.0000000000000003e-02,3.1250000000000002e-03,6.9696048475899998e-03,6.9159049624799599e-03,5.3699885110039883e-05,5.3699885110039883e-05
833,-2.3333333333300001e+00,-8.3333333333100001e-01,5.0000000000000003e-02,3.1250000000000002e-03,1.0543264741300001e-02,1.0540397334659075e-02,2.8674066409259402e-06,2.8674066409259402e-06
834,-2.3333333333300001e+00,-6.6666666666499996e-01,5.0000000000000003e-02,3.1250000000000002e-03,1.2012900774400001e-02,1.2197688684682427e-02,-1.8478791028242632e-04,1.8478791028242632e-04
835,-2.4166666666699999e+00,-5.8333333333100001e-01,5.0000000000000003e-02,3.1250000000000002e-03,9.0339147151299991e-03,9.2703597584203705e-03,-2.3644504329037135e-04,2.3644504329037135e-04
836,-2.4166666666699999e+00,-4.1666666666399998e-01,5.0000000000000003e-02,3.1250000000000002e-03,1.0073889792400001e-02,1.0154100393313928e-02,-8.0210600913926955e-05,8.0210600913926955e-05
837,-2.3333333333300001e+00,-3.3333333333100001e-01,5.0000000000000003e-02,3.1250000000000002e-03,1.4544088775499999e-02,1.4646223578366790e-02,-1.0213480286679066e-04,1.0213480286679066e-04
838,-2.3333333333300001e+00,-1.6666666666400001e-01,5.0000000000000003e-02,3.1250000000000002e-03,1.5118113852100001e-02,1.5295192825884020e-02,-1.7707897378401935e-04,1.7707897378401935e-04
839,-2.4166666666699999e+00,-8.3333333330499998e-02,5.0000000000000003e-02,3.1250000000000002e-03,1.0886891596600000e-02,1.1079373244114619e-02,-1.9248164751461960e-04,1.9248164751461960e-04
840,-2.4166666666699999e+00,8.3333333336400001e-02,5.0000000000000003e-02,3.1250000000000002e-03,1.0886891596600000e-02,1.1079373244109052e-02,-1.9248164750905288e-04,1.9248164750905288e-04
841,-2.3333333333300001e+00,1.6666666666999999e-01,5.0000000000000003e-02,3.1250000000000002e-03,1.5118113852000001e-02,1.5295192825868293e-02,-1.7707897386829222e-04,1.7707897386829222e-04
842,-2.3333333333300001e+00,3.3333333333699999e-01,5.0000000000000003e-02,3.1250000000000002e-03,1.4544088775400000e-02,1.4646223578335954e-02,-1.0213480293595409e-04,1.0213480293595409e-04
843,-2.4166666666699999e+00,4.1666666667000002e-01,5.0000000000000003e-02,3.1250000000000002e-03,1.0073889792400001e-02,1.0154100393286758e-02,-8.0210600886757716e-05,8.0210600886757716e-05
844,-2.4166666666699999e+00,5.8333333333699999e-01,5.0000000000000003e-02,3.1250000000000002e-03,9.0339147151099995e-03,9.2703597583842154e-03,-2.3644504327421587e-04,2.3644504327421587e-04
845,-2.3333333333300001e+00,6.6666666666999996e-01,5.0000000000000003e-02,3.1250000000000002e-03,1.2012900774300001e-02,1.2197688684636084e-02,-1.8478791033608305e-04,1.8478791033608305e-04
846,-2.3333333333300001e+00,8.3333333333699999e-01,5.0000000000000003e-02,3.1250000000000002e-03,1.0543264741300001e-02,1.0540397334596068e-02,2.8674067039328316e-06,2.8674067039328316e-06
847,-2.4166666666699999e+00,9.1666666667100005e-01,5.0000000000000003e-02,3.1250000000000002e-03,6.9696048475600004e-03,6.9159049624333635e-03,5.3699885126636850e-05,5.3699885126636850e-05
848,-2.4166666666699999e+00,1.0833333333399999e+00,5.0000000000000003e-02,3.1249999999899999e-03,5.4304470057800003e-03,5.6097427950029706e-03,-1.7929578922297029e-04,1.7929578922297029e-04
849,-2.3333333333300001e+00,1.1666666666700001e+00,5.0000000000000003e-02,3.1249999999899999e-03,6.8060119740900003e-03,6.9288635878547106e-03,-1.2285161376471027e-04,1.2285161376471027e-04
850,-2.3333333333300001e+00,1.3333333333399999e+00,5.0000000000000003e-02,3.1249999999899999e-03,5.3010773516900004e-03,5.2341643498908120e-03,6.6913001799188444e-05,6.6913001799188444e-05
851,-2.4166666666699999e+00,1.4166666666700001e+00,5.0000000000000003e-02,3.1249999999899999e-03,3.3097173173300002e-03,3.1988123951449043e-03,1.1090492218509586e-04,1.1090492218509586e-04
852,-2.4166666666699999e+00,1.5833333333399999e+00,5.0000000000000003e-02,3.1249999999899999e-03,2.1708214811099998e-03,2.2353505374212001e-03,-6.4529056311200296e-05,6.4529056311200296e-05
853,-2.3333333333300001e+00,1.6666666666700001e+00,5.0000000000000003e-02,3.1249999999899999e-03,2.5164490278700002e-03,2.5544705338816690e-03,-3.8021506011668826e-05,3.8021506011668826e-05
854,-2.3333333333300001e+00,1.8333333333399999e+00,5.0000000000000003e-02,3.1249999999899999e-03,1.7041377845200001e-03,1.6424138620726900e-03,6.1723922447310016e-05,6.1723922447310016e-05
855,-2.4166666666699999e+00,1.9166666666700001e+00,5.0000000000000003e-02,3.1249999999899999e-03,9.9749441001200007e-04,9.2364823745669830e-04,7.3846172555301778e-05,7.3846172555301778e-05
856,-2.4166666666699999e+00,2.0833333333400001e+00,5.0000000000000003e-02,3.1249999999899999e-03,5.4312026221999996e-04,5.4410617906558542e-04,-9.8591684558546003e-07,9.8591684558546003e-07
857,-2.3333333333300001e+00,2.1666666666699999e+00,5.0000000000000003e-02,3.1249999999899999e-03,5.7254304061700001e-04,5.6974556794019170e-04,2.7974726768083052e-06,2.7974726768083052e-06
858,-2.3333333333300001e+00,2.3333333333300001e+00,5.0000000000000003e-02,3.1249999999899999e-03,3.3406612781299998e-04,3.0650984154112032e-04,2.7556286271879660e-05,2.7556286271879660e-05
859,-2.4166666666699999e+00,2.4166666666699999e+00,5.0000000000000003e-02,3.1249999999899999e-03,1.8243615607600001e-04,1.5743121257534446e-04,2.5004943500655553e-05,2.5004943500655553e-05
860,-2.4166666666599999e+00,2.5833333333300001e+00,5.0000000000000003e-02,3.1249999999899999e-03,8.2636477621400004e-05,7.7153753943968209e-05,5.4827236774317948e-06,5.4827236774317948e-06
861,-2.3333333333300001e+00,2.6666666666699999e+00,5.0000000000000003e-02,3.1249999999899999e-03,7.8173847299000003e-05,7.3601097674572859e-05,4.5727496244271442e-06,4.5727496244271442e-06
862,-2.3333333333300001e+00,2.8333333333300001e+00,5.0000000000000003e-02,3.1249999999899999e-03,3.9255211816199999e-05,3.2795600153354761e-05,6.4596116628452382e-06,6.4596116628452382e-06
863,-2.4166666666599999e+00,2.9166666666699999e+00,5.0000000000000003e-02,3.1249999999899999e-03,1.9927436028499999e-05,1.5316074165351808e-05,4.6113618631481908e-06,4.6113618631481908e-06
864,-2.4166666666599999e+00,3.0833333333300001e+00,5.0000000000000003e-02,3.1249999999899999e-03,7.5933313777499998e-06,6.1957060494164421e-06,1.3976253283335577e-06,1.3976253283335577e-06
865,-2.3333333333300001e+00,3.1666666666699999e+00,5.0000000000000003e-02,3.1250000000000002e-03,6.3913861576500004e-06,5.3659350374489458e-06,1.0254511202010546e-06,1.0254511202010546e-06
866,-2.3333333333300001e+00,3.3333333333300001e+00,5.0000000000000003e-02,3.1250000000000002e-03,2.7712108278499999e-06,1.9682786644528064e-06,8.0293216339719351e-07,8.0293216339719351e-07
867,-2.4166666666599999e+00,3.4166666666699999e+00,5.0000000000000003e-02,3.1250000000000002e-03,1.3038207839000001e-06,8.3354275132592516e-07,4.7027803257407489e-07,4.7027803257407489e-07
868,-2.4166666666599999e+00,3.5833333333300001e+00,5.0000000000000003e-02,3.1250000000000002e-03,4.2394200047599998e-07,2.7698585533290083e-07,1.4695614514309915e-07,1.4695614514309915e-07
869,-2.3333333333300001e+00,3.6666666666699999e+00,5.0000000000000003e-02,3.1250000000000002e-03,3.1626887289900000e-07,2.1732494142928336e-07,9.8943931469716645e-08,9.8943931469716645e-08
870,-2.3333333333300001e+00,3.8333333333300001e+00,5.0000000000000003e-02,3.1250000000100000e-03,1.1905804744800001e-07,6.5373016470996566e-08,5.3685030977003440e-08,5.3685030977003440e-08
871,-2.4166666666599999e+00,3.9166666666699999e+00,5.0000000000000003e-02,3.1250000000100000e-03,5.1801489283000003e-08,2.5061430856817978e-08,2.6740058426182025e-08,2.6740058426182025e-08
872,-2.4166666666599999e+00,4.0833333333299997e+00,5.0000000000000003e-02,3.1250000000100000e-03,1.4574503094100001e-08,6.8200307337703771e-09,7.7544723603296234e-09,7.7544723603296234e-09
873,-2.3333333333300001e+00,4.1666666666700003e+00,5.0000000000000003e-02,3.1250000000100000e-03,9.6336625980399993e-09,4.8410003911628493e-09,4.7926622068771500e-09,4.7926622068771500e-09
874,-2.3333333333300001e+00,4.3333333333299997e+00,5.0000000000000003e-02,3.1250000000100000e-03,3.1688782869900001e-09,1.1912070301995549e-09,1.9776712567904454e-09,1.9776712567904454e-09
875,-2.4166666666599999e+00,4.4166666666700003e+00,5.0000000000000003e-02,3.1250000000100000e-03,1.2732268514200001e-09,4.1292426520208739e-10,8.6030258621791267e-10,8.6030258621791267e-10
876,-2.4166666666599999e+00,4.5833333333299997e+00,5.0000000000000003e-02,3.1250000000100000e-03,3.1398145889200002e-10,9.1835784742914533e-11,2.2214567414908548e-10,2.2214567414908548e-10
877,-2.3333333333300001e+00,4.6666666666700003e+00,5.0000000000000003e-02,3.1250000000100000e-03,1.8470680206400000e-10,5.8918737330448150e-11,1.2578806473355184e-10,1.2578806473355184e-10
878,-2.3333333333300001e+00,4.8333333333299997e+00,5.0000000000000003e-02,3.1250000000100000e-03,5.5522669790900001e-11,1.1839461511183904e-11,4.3683208279716095e-11,4.3683208279716095e-11
879,-2.4166666666599999e+00,4.9166666666700003e+00,5.0000000000000003e-02,3.1250000000100000e-03,2.4057332528900001e-11,3.7081280944381858e-12,2.0349204434461817e-11,2.0349204434461817e-11
880,-2.0833333333400001e+00,-4.9166666666700003e+00,5.0000000000000003e-02,3.1249999999899999e-03,6.2970871587499998e-11,1.2815853831414572e-11,5.0155017756085425e-11,5.0155017756085425e-11
881,-2.1666666666699999e+00,-4.8333333333299997e+00,5.0000000000000003e-02,3.1249999999899999e-03,9.7838761995200004e-11,2.2007387067506492e-11,7.5831374927693516e-11,7.5831374927693516e-11
882,-2.1666666666699999e+00,-4.6666666666700003e+00,5.0000000000000003e-02,3.1249999999899999e-03,3.9533313052400000e-10,1.0951912439050248e-10,2.8581400613349751e-10,2.8581400613349751e-10
883,-2.0833333333400001e+00,-4.5833333333299997e+00,5.0000000000000003e-02,3.1249999999899999e-03,9.9799255874799991e-10,3.1739841876653505e-10,6.8059413998146481e-10,6.8059413998146481e-10
884,-2.0833333333400001e+00,-4.4166666666700003e+00,5.0000000000000003e-02,3.1249999999899999e-03,3.2674588264499999e-09,1.4271289695228284e-09,1.8403298569271715e-09,1.8403298569271715e-09
885,-2.1666666666699999e+00,-4.3333333333299997e+00,5.0000000000000003e-02,3.1249999999899999e-03,5.4664116109199997e-09,2.2142353489956193e-09,3.2521762619243804e-09,3.2521762619243804e-09
886,-2.1666666666699999e+00,-4.1666666666700003e+00,5.0000000000000003e-02,3.1249999999899999e-03,2.0426281133599999e-08,8.9985316732211523e-09,1.1427749460378847e-08,1.1427749460378847e-08
887,-2.0833333333400001e+00,-4.0833333333299997e+00,5.0000000000000003e-02,3.1250000000000002e-03,4.7605646276100000e-08,2.3571061943856274e-08,2.4034584332243727e-08,2.4034584332243727e-08
888,-2.0833333333400001e+00,-3.9166666666699999e+00,5.0000000000000003e-02,3.1249999999899999e-03,1.3668314747099999e-07,8.6616111009979602e-08,5.0067036461020385e-08,5.0067036461020385e-08
889,-2.1666666666699999e+00,-3.8333333333300001e+00,5.0000000000000003e-02,3.1250000000000002e-03,2.0359388657000000e-07,1.2151644531203300e-07,8.2077441257966994e-08,8.2077441257966994e-08
890,-2.1666666666699999e+00,-3.6666666666699999e+00,5.0000000000000003e-02,3.1249999999899999e-03,6.6308882694100000e-07,4.0396719909427348e-07,2.5912162784672651e-07,2.5912162784672651e-07
891,-2.0833333333400001e+00,-3.5833333333300001e+00,5.0000000000000003e-02,3.1249999999899999e-03,1.4247937656900001e-06,9.5730518064900519e-07,4.6748858504099487e-07,4.6748858504099487e-07
892,-2.0833333333400001e+00,-3.4166666666699999e+00,5.0000000000000003e-02,3.1249999999899999e-03,3.5610889483500002e-06,2.8808503350385749e-06,6.8023861331142527e-07,6.8023861331142527e-07
893,-2.1666666666699999e+00,-3.3333333333300001e+00,5.0000000000000003e-02,3.1249999999899999e-03,4.7164738586900001e-06,3.6586689677068024e-06,1.0578048909831977e-06,1.0578048909831977e-06
894,-2.1666666666699999e+00,-3.1666666666699999e+00,5.0000000000000003e-02,3.1249999999899999e-03,1.3221660742600000e-05,9.9742888843958306e-06,3.2473718582041695e-06,3.2473718582041695e-06
895,-2.0833333333400001e+00,-3.0833333333300001e+00,5.0000000000000003e-02,3.1249999999899999e-03,2.6229946498199999e-05,2.1413301021296685e-05,4.8166454769033140e-06,4.8166454769033140e-06
896,-2.0833333333400001e+00,-2.9166666666699999e+00,5.0000000000000003e-02,3.1249999999899999e-03,5.6697092692299999e-05,5.2934678299993611e-05,3.7624143923063874e-06,3.7624143923063874e-06
897,-2.1666666666699999e+00,-2.8333333333300001e+00,5.0000000000000003e-02,3.1249999999899999e-03,6.6839584269900000e-05,6.0961004519020684e-05,5.8785797508793163e-06,5.8785797508793163e-06
898,-2.1666666666699999e+00,-2.6666666666699999e+00,5.0000000000000003e-02,3.1249999999899999e-03,1.5907746512600001e-04,1.3681093887484629e-04,2.2266526251153718e-05,2.2266526251153718e-05
899,-2.0833333333400001e+00,-2.5833333333300001e+00,5.0000000000000003e-02,3.1249999999899999e-03,2.9202331085099998e-04,2.6665509063020449e-04,2.5368220220795489e-05,2.5368220220795489e-05
900,-2.0833333333400001e+00,-2.4166666666699999e+00,5.0000000000000003e-02,3.1249999999899999e-03,5.4312026221999996e-04,5.4410617906558542e-04,-9.8591684558546003e-07,9.8591684558546003e-07
901,-2.1666666666699999e+00,-2.3333333333300001e+00,5.0000000000000003e-02,3.1249999999899999e-03,5.7254304061700001e-04,5.6974556794019170e-04,2.7974726768083052e-06,2.7974726768083052e-06
902,-2.1666666666699999e+00,-2.1666666666699999e+00,5.0000000000000003e-02,3.1249999999899999e-03,1.1421322356900000e-03,1.0590524942212763e-03,8.3079741468723668e-05,8.3079741468723668e-05
903,-2.0833333333300001e+00,-2.0833333333300001e+00,5.0000000000000003e-02,3.1249999999899999e-03,1.9461065716100000e-03,1.8805135860560480e-03,6.5592985553951984e-05,6.5592985553951984e-05
904,-2.0833333333300001e+00,-1.9166666666700001e+00,5.0000000000000003e-02,3.1249999999899999e-03,3.1087348445500000e-03,3.1922685792664233e-03,-8.3533734716423336e-05,8.3533734716423336e-05
905,-2.1666666666699999e+00,-1.8333333333299999e+00,5.0000000000000003e-02,3.1249999999899999e-03,2.9576548817000000e-03,3.0529460782104077e-03,-9.5291196510407725e-05,9.5291196510407725e-05
906,-2.1666666666699999e+00,-1.6666666666700001e+00,5.0000000000000003e-02,3.1249999999899999e-03,4.9082975808400001e-03,4.7482921194151777e-03,1.6000546142482235e-04,1.6000546142482235e-04
907,-2.0833333333300001e+00,-1.5833333333299999e+00,5.0000000000000003e-02,3.1249999999899999e-03,7.7956404737300001e-03,7.7257109308949516e-03,6.9929542835048437e-05,6.9929542835048437e-05
908,-2.0833333333300001e+00,-1.4166666666700001e+00,5.0000000000000003e-02,3.1249999999899999e-03,1.0744659417600000e-02,1.1055581427954356e-02,-3.1092201035435620e-04,3.1092201035435620e-04
909,-2.1666666666699999e+00,-1.3333333333299999e+00,5.0000000000000003e-02,3.1250000000000002e-03,9.3567963515400008e-03,9.7293513489858444e-03,-3.7255499744584357e-04,3.7255499744584357e-04
910,-2.1666666666699999e+00,-1.1666666666700001e+00,5.0000000000000003e-02,3.1250000000000002e-03,1.2980295100300000e-02,1.2879486349258996e-02,1.0080875104100454e-04,1.0080875104100454e-04
911,-2.0833333333300001e+00,-1.0833333333299999e+00,5.0000000000000003e-02,3.1250000000000002e-03,1.9337370975000000e-02,1.9388123028105799e-02,-5.0752053105798667e-05,5.0752053105798667e-05
912,-2.0833333333300001e+00,-9.1666666666499996e-01,5.0000000000000003e-02,3.1250000000000002e-03,2.3341253824599999e-02,2.3902417840051930e-02,-5.6116401545193081e-04,5.6116401545193081e-04
913,-2.1666666666699999e+00,-8.3333333333199999e-01,5.0000000000000003e-02,3.1250000000000002e-03,1.8941123096000000e-02,1.9592665069251874e-02,-6.5154197325187346e-04,6.5154197325187346e-04
914,-2.1666666666699999e+00,-6.6666666666499996e-01,5.0000000000000003e-02,3.1250000000000002e-03,2.2480888853300001e-02,2.2673265668305496e-02,-1.9237681500549469e-04,1.9237681500549469e-04
915,-2.0833333333300001e+00,-5.8333333333100001e-01,5.0000000000000003e-02,3.1250000000000002e-03,3.1721307086400002e-02,3.2039771176078917e-02,-3.1846408967891454e-04,3.1846408967891454e-04
916,-2.0833333333300001e+00,-4.1666666666500002e-01,5.0000000000000003e-02,3.1250000000000002e-03,3.4421363104599999e-02,3.5094113020269865e-02,-6.7274991566986658e-04,6.7274991566986658e-04
917,-2.1666666666699999e+00,-3.3333333333100001e-01,5.0000000000000003e-02,3.1250000000000002e-03,2.6519970362499999e-02,2.7224642865883733e-02,-7.0467250338373394e-04,7.0467250338373394e-04
918,-2.1666666666699999e+00,-1.6666666666400001e-01,5.0000000000000003e-02,3.1250000000000002e-03,2.7901468401599998e-02,2.8430957647305910e-02,-5.2948924570591152e-04,5.2948924570591152e-04
919,-2.0833333333300001e+00,-8.3333333330899997e-02,5.0000000000000003e-02,3.1250000000000002e-03,3.7706526196799997e-02,3.8291996509990739e-02,-5.8547031319074183e-04,5.8547031319074183e-04
920,-2.0833333333300001e+00,8.3333333336000001e-02,5.0000000000000003e-02,3.1250000000000002e-03,3.7706526196799997e-02,3.8291996509974113e-02,-5.8547031317411624e-04,5.8547031317411624e-04
921,-2.1666666666699999e+00,1.6666666666999999e-01,5.0000000000000003e-02,3.1250000000000002e-03,2.7901468401599998e-02,2.8430957647276676e-02,-5.2948924567667796e-04,5.2948924567667796e-04
922,-2.1666666666699999e+00,3.3333333333600002e-01,5.0000000000000003e-02,3.1250000000000002e-03,2.6519970362399999e-02,2.7224642865835966e-02,-7.0467250343596646e-04,7.0467250343596646e-04
923,-2.0833333333300001e+00,4.1666666667000002e-01,5.0000000000000003e-02,3.1250000000000002e-03,3.4421363104599999e-02,3.5094113020191608e-02,-6.7274991559160974e-04,6.7274991559160974e-04
924,-2.0833333333300001e+00,5.8333333333699999e-01,5.0000000000000003e-02,3.1250000000000002e-03,3.1721307086299999e-02,3.2039771175953961e-02,-3.1846408965396228e-04,3.1846408965396228e-04
925,-2.1666666666699999e+00,6.6666666666999996e-01,5.0000000000000003e-02,3.1250000000000002e-03,2.2480888853300001e-02,2.2673265668219349e-02,-1.9237681491934833e-04,1.9237681491934833e-04
926,-2.1666666666699999e+00,8.3333333333699999e-01,5.0000000000000003e-02,3.1250000000000002e-03,1.8941123096000000e-02,1.9592665069154275e-02,-6.5154197315427445e-04,6.5154197315427445e-04
927,-2.0833333333300001e+00,9.1666666666999996e-01,5.0000000000000003e-02,3.1250000000000002e-03,2.3341253824599999e-02,2.3902417839917728e-02,-5.6116401531772914e-04,5.6116401531772914e-04
928,-2.0833333333300001e+00,1.0833333333399999e+00,5.0000000000000003e-02,3.1249999999899999e-03,1.9337370975000000e-02,1.9388123027835828e-02,-5.0752052835827122e-05,5.0752052835827122e-05
929,-2.1666666666699999e+00,1.1666666666700001e+00,5.0000000000000003e-02,3.1249999999899999e-03,1.2980295100300000e-02,1.2879486349258996e-02,1.0080875104100454e-04,1.0080875104100454e-04
930,-2.1666666666699999e+00,1.3333333333399999e+00,5.0000000000000003e-02,3.1249999999899999e-03,9.3567963515100005e-03,9.7293513488074124e-03,-3.7255499729741196e-04,3.7255499729741196e-04
931,-2.0833333333300001e+00,1.4166666666700001e+00,5.0000000000000003e-02,3.1249999999899999e-03,1.0744659417600000e-02,1.1055581427954356e-02,-3.1092201035435620e-04,3.1092201035435620e-04
932,-2.0833333333300001e+00,1.5833333333399999e+00,5.0000000000000003e-02,3.1249999999899999e-03,7.7956404737100004e-03,7.7257109307162473e-03,6.9929542993753084e-05,6.9929542993753084e-05
933,-2.1666666666699999e+00,1.6666666666700001e+00,5.0000000000000003e-02,3.1249999999899999e-03,4.9082975808199996e-03,4.7482921194151777e-03,1.6000546140482186e-04,1.6000546140482186e-04
934,-2.1666666666699999e+00,1.8333333333399999e+00,5.0000000000000003e-02,3.1249999999899999e-03,2.9576548816900002e-03,3.0529460781242501e-03,-9.5291196434249895e-05,9.5291196434249895e-05
935,-2.0833333333300001e+00,1.9166666666700001e+00,5.0000000000000003e-02,3.1249999999899999e-03,3.1087348445500000e-03,3.1922685792664233e-03,-8.3533734716423336e-05,8.3533734716423336e-05
936,-2.0833333333300001e+00,2.0833333333300001e+00,5.0000000000000003e-02,3.1249999999899999e-03,1.9461065716100000e-03,1.8805135860560480e-03,6.5592985553951984e-05,6.5592985553951984e-05
937,-2.1666666666699999e+00,2.1666666666699999e+00,5.0000000000000003e-02,3.1249999999899999e-03,1.1421322356900000e-03,1.0590524942212763e-03,8.3079741468723668e-05,8.3079741468723668e-05
938,-2.1666666666699999e+00,2.3333333333300001e+00,5.0000000000000003e-02,3.1249999999899999e-03,5.7254304061799997e-04,5.6974556794019170e-04,2.7974726778082649e-06,2.7974726778082649e-06
939,-2.0833333333300001e+00,2.4166666666699999e+00,5.0000000000000003e-02,3.1249999999899999e-03,5.4312026222100003e-04,5.4410617908383742e-04,-9.8591686283739342e-07,9.8591686283739342e-07
940,-2.0833333333300001e+00,2.5833333333300001e+00,5.0000000000000003e-02,3.1249999999899999e-03,2.9202331085300000e-04,2.6665509063914943e-04,2.5368220213850578e-05,2.5368220213850578e-05
941,-2.1666666666599999e+00,2.6666666666699999e+00,5.0000000000000003e-02,3.1249999999899999e-03,1.5907746512600001e-04,1.3681093887968403e-04,2.2266526246315980e-05,2.2266526246315980e-05
942,-2.1666666666599999e+00,2.8333333333300001e+00,5.0000000000000003e-02,3.1249999999899999e-03,6.6839584270399994e-05,6.0961004521176308e-05,5.8785797492236854e-06,5.8785797492236854e-06
943,-2.0833333333300001e+00,2.9166666666699999e+00,5.0000000000000003e-02,3.1250000000000002e-03,5.6697092692700001e-05,5.2934678301769297e-05,3.7624143909307042e-06,3.7624143909307042e-06
944,-2.0833333333300001e+00,3.0833333333300001e+00,5.0000000000000003e-02,3.1250000000000002e-03,2.6229946498400000e-05,2.1413301022014993e-05,4.8166454763850078e-06,4.8166454763850078e-06
945,-2.1666666666599999e+00,3.1666666666699999e+00,5.0000000000000003e-02,3.1250000000000002e-03,1.3221660742800000e-05,9.9742888847485284e-06,3.2473718580514715e-06,3.2473718580514715e-06
946,-2.1666666666599999e+00,3.3333333333300001e+00,5.0000000000000003e-02,3.1250000000000002e-03,4.7164738587599998e-06,3.6586689678361752e-06,1.0578048909238245e-06,1.0578048909238245e-06
947,-2.0833333333300001e+00,3.4166666666699999e+00,5.0000000000000003e-02,3.1250000000000002e-03,3.5610889484000001e-06,2.8808503351352129e-06,6.8023861326478722e-07,6.8023861326478722e-07
948,-2.0833333333300001e+00,3.5833333333300001e+00,5.0000000000000003e-02,3.1250000000000002e-03,1.4247937657100000e-06,9.5730518068111791e-07,4.6748858502888209e-07,4.6748858502888209e-07
949,-2.1666666666599999e+00,3.6666666666699999e+00,5.0000000000000003e-02,3.1250000000000002e-03,6.6308882695300002e-07,4.0396719910855801e-07,2.5912162784444201e-07,2.5912162784444201e-07
950,-2.1666666666599999e+00,3.8333333333300001e+00,5.0000000000000003e-02,3.1250000000100000e-03,2.0359388657400000e-07,1.2151644531632989e-07,8.2077441257670109e-08,8.2077441257670109e-08
951,-2.0833333333300001e+00,3.9166666666699999e+00,5.0000000000000003e-02,3.1250000000100000e-03,1.3668314747399999e-07,8.6616111012885136e-08,5.0067036461114856e-08,5.0067036461114856e-08
952,-2.0833333333300001e+00,4.0833333333299997e+00,5.0000000000000003e-02,3.1250000000100000e-03,4.7605646277100002e-08,2.3571061944646962e-08,2.4034584332453040e-08,2.4034584332453040e-08
953,-2.1666666666599999e+00,4.1666666666700003e+00,5.0000000000000003e-02,3.1250000000100000e-03,2.0426281134100000e-08,8.9985316735393472e-09,1.1427749460560653e-08,1.1427749460560653e-08
954,-2.1666666666599999e+00,4.3333333333299997e+00,5.0000000000000003e-02,3.1250000000100000e-03,5.4664116110500002e-09,2.2142353490739165e-09,3.2521762619760837e-09,3.2521762619760837e-09
955,-2.0833333333300001e+00,4.4166666666700003e+00,5.0000000000000003e-02,3.1250000000100000e-03,3.2674588265299998e-09,1.4271289695707013e-09,1.8403298569592985e-09,1.8403298569592985e-09
956,-2.0833333333300001e+00,4.5833333333299997e+00,5.0000000000000003e-02,3.1250000000100000e-03,9.9799255877300000e-10,3.1739841877718211e-10,6.8059413999581784e-10,6.8059413999581784e-10
957,-2.1666666666599999e+00,4.6666666666700003e+00,5.0000000000000003e-02,3.1250000000100000e-03,3.9533313053399999e-10,1.0951912439437516e-10,2.8581400613962485e-10,2.8581400613962485e-10
958,-2.1666666666599999e+00,4.8333333333299997e+00,5.0000000000000003e-02,3.1250000000100000e-03,9.7838761997899999e-11,2.2007387068284688e-11,7.5831374929615315e-11,7.5831374929615315e-11
959,-2.0833333333300001e+00,4.9166666666700003e+00,5.0000000000000003e-02,3.1250000000100000e-03,6.2970871589299995e-11,1.2815853831844478e-11,5.0155017757455514e-11,5.0155017757455514e-11
960,-1.9166666666700001e+00,-4.9166666666700003e+00,5.0000000000000003e-02,3.1249999999899999e-03,1.1825596239400000e-10,2.1755571354138018e-11,9.6500391039861991e-11,9.6500391039861991e-11
961,-1.8333333333399999e+00,-4.8333333333299997e+00,5.0000000000000003e-02,3.1249999999899999e-03,2.5926209439300000e-10,6.3441015817548586e-11,1.9582107857545142e-10,1.9582107857545142e-10
962,-1.8333333333399999e+00,-4.6666666666700003e+00,5.0000000000000003e-02,3.1249999999899999e-03,8.7921026965799997e-10,3.1571237791516570e-10,5.6349789174283427e-10,5.6349789174283427e-10
963,-1.9166666666700001e+00,-4.5833333333299997e+00,5.0000000000000003e-02,3.1249999999899999e-03,1.6091948338500000e-09,5.3880014847233646e-10,1.0703946853776635e-09,1.0703946853776635e-09
964,-1.9166666666700001e+00,-4.4166666666700003e+00,5.0000000000000003e-02,3.1249999999899999e-03,6.2993998412400001e-09,2.4226248626451745e-09,3.8767749785948256e-09,3.8767749785948256e-09
965,-1.8333333333399999e+00,-4.3333333333299997e+00,5.0000000000000003e-02,3.1249999999899999e-03,1.4930608261499999e-08,6.3830085492890095e-09,8.5475997122109904e-09,8.5475997122109904e-09
966,-1.8333333333399999e+00,-4.1666666666700003e+00,5.0000000000000003e-02,3.1249999999899999e-03,4.6306549177800002e-08,2.5940198555348863e-08,2.0366350622451139e-08,2.0366350622451139e-08
967,-1.9166666666700001e+00,-4.0833333333299997e+00,5.0000000000000003e-02,3.1250000000000002e-03,7.6016243373299998e-08,4.0013090564077619e-08,3.6003152809222380e-08,3.6003152809222380e-08
968,-1.9166666666700001e+00,-3.9166666666699999e+00,5.0000000000000003e-02,3.1249999999899999e-03,2.6108652524700001e-07,1.4703530551171705e-07,1.1405121973528296e-07,1.1405121973528296e-07
969,-1.8333333333399999e+00,-3.8333333333300001e+00,5.0000000000000003e-02,3.1250000000000002e-03,5.6915719638299996e-07,3.5029722999307584e-07,2.1885996638992412e-07,2.1885996638992412e-07
970,-1.8333333333399999e+00,-3.6666666666699999e+00,5.0000000000000003e-02,3.1249999999899999e-03,1.5416996533400000e-06,1.1645221392661384e-06,3.7717751407386162e-07,3.7717751407386162e-07
971,-1.9166666666700001e+00,-3.5833333333300001e+00,5.0000000000000003e-02,3.1249999999899999e-03,2.2597571924999998e-06,1.6250748049454491e-06,6.3468238755455077e-07,6.3468238755455077e-07
972,-1.9166666666700001e+00,-3.4166666666699999e+00,5.0000000000000003e-02,3.1249999999899999e-03,6.7300500604200003e-06,4.8903916858738339e-06,1.8396583745461663e-06,1.8396583745461663e-06
973,-1.8333333333399999e+00,-3.3333333333300001e+00,5.0000000000000003e-02,3.1249999999899999e-03,1.3502964077700000e-05,1.0546898418220997e-05,2.9560656594790035e-06,2.9560656594790035e-06
974,-1.8333333333399999e+00,-3.1666666666699999e+00,5.0000000000000003e-02,3.1249999999899999e-03,3.1714846910100001e-05,2.8753028105641936e-05,2.9618188044580646e-06,2.9618188044580646e-06
975,-1.9166666666700001e+00,-3.0833333333300001e+00,5.0000000000000003e-02,3.1249999999899999e-03,4.1482617357500001e-05,3.6350180364458533e-05,5.1324369930414682e-06,5.1324369930414682e-06
976,-1.9166666666700001e+00,-2.9166666666699999e+00,5.0000000000000003e-02,3.1249999999899999e-03,1.0578181896000000e-04,8.9859340314958934e-05,1.5922478645041070e-05,1.5922478645041070e-05
977,-1.8333333333399999e+00,-2.8333333333300001e+00,5.0000000000000003e-02,3.1249999999899999e-03,1.9561813431600000e-04,1.7573317723188636e-04,1.9884957084113637e-05,1.9884957084113637e-05
978,-1.8333333333399999e+00,-2.6666666666699999e+00,5.0000000000000003e-02,3.1249999999899999e-03,3.9580544469900000e-04,3.9438688975429578e-04,1.4185549447042227e-06,1.4185549447042227e-06
979,-1.9166666666700001e+00,-2.5833333333300001e+00,5.0000000000000003e-02,3.1249999999899999e-03,4.6282773770999999e-04,4.5266073782219729e-04,1.0166999887802693e-05,1.0166999887802693e-05
980,-1.9166666666700001e+00,-2.4166666666699999e+00,5.0000000000000003e-02,3.1249999999899999e-03,9.9749441001200007e-04,9.2364823745669830e-04,7.3846172555301778e-05,7.3846172555301778e-05
981,-1.8333333333399999e+00,-2.3333333333300001e+00,5.0000000000000003e-02,3.1249999999899999e-03,1.7041377845200001e-03,1.6424138620726900e-03,6.1723922447310016e-05,6.1723922447310016e-05
982,-1.8333333333399999e+00,-2.1666666666699999e+00,5.0000000000000003e-02,3.1249999999899999e-03,2.9576548816900002e-03,3.0529460781242501e-03,-9.5291196434249895e-05,9.5291196434249895e-05
983,-1.9166666666700001e+00,-2.0833333333300001e+00,5.0000000000000003e-02,3.1249999999899999e-03,3.1087348445500000e-03,3.1922685792664233e-03,-8.3533734716423336e-05,8.3533734716423336e-05
984,-1.9166666666700001e+00,-1.9166666666700001e+00,5.0000000000000003e-02,3.1249999999899999e-03,5.6037520334200003e-03,5.4190401801584975e-03,1.8471185326150285e-04,1.8471185326150285e-04
985,-1.8333333333399999e+00,-1.8333333333299999e+00,5.0000000000000003e-02,3.1249999999899999e-03,8.8749933348699992e-03,8.8007722063396330e-03,7.4221128530366220e-05,7.4221128530366220e-05
986,-1.8333333333399999e+00,-1.6666666666700001e+00,5.0000000000000003e-02,3.1249999999899999e-03,1.3219149125400001e-02,1.3687970976751248e-02,-4.6882185135124765e-04,4.6882185135124765e-04
987,-1.9166666666700001e+00,-1.5833333333299999e+00,5.0000000000000003e-02,3.1249999999899999e-03,1.2616854262800001e-02,1.3114791852642348e-02,-4.9793758984234722e-04,4.9793758984234722e-04
988,-1.9166666666700001e+00,-1.4166666666700001e+00,5.0000000000000003e-02,3.1249999999899999e-03,1.8978333662799999e-02,1.8767418368935002e-02,2.1091529386499733e-04,2.1091529386499733e-04
989,-1.8333333333299999e+00,-1.3333333333299999e+00,5.0000000000000003e-02,3.1249999999899999e-03,2.8010120665600002e-02,2.8046943099131541e-02,-3.6822433531539384e-05,3.6822433531539384e-05
990,-1.8333333333299999e+00,-1.1666666666700001e+00,5.0000000000000003e-02,3.1249999999899999e-03,3.6136309113200003e-02,3.7127883229477771e-02,-9.9157411627776720e-04,9.9157411627776720e-04
991,-1.9166666666700001e+00,-1.0833333333299999e+00,5.0000000000000003e-02,3.1250000000000002e-03,3.1798124729699999e-02,3.2912336508761200e-02,-1.1142117790612013e-03,1.1142117790612013e-03
992,-1.9166666666700001e+00,-9.1666666666499996e-01,5.0000000000000003e-02,3.1250000000000002e-03,4.0451724183199998e-02,4.0575584247345503e-02,-1.2386006414550482e-04,1.2386006414550482e-04
993,-1.8333333333299999e+00,-8.3333333333199999e-01,5.0000000000000003e-02,3.1250000000000002e-03,5.6107611234499997e-02,5.6480061480658629e-02,-3.7245024615863154e-04,3.7245024615863154e-04
994,-1.8333333333299999e+00,-6.6666666666499996e-01,5.0000000000000003e-02,3.1250000000000002e-03,6.4051823634600005e-02,6.5360553778001110e-02,-1.3087301434011045e-03,1.3087301434011045e-03
995,-1.9166666666700001e+00,-5.8333333333199999e-01,5.0000000000000003e-02,3.1250000000000002e-03,5.2949220407800000e-02,5.4389160264842598e-02,-1.4399398570425978e-03,1.4399398570425978e-03
996,-1.9166666666700001e+00,-4.1666666666500002e-01,5.0000000000000003e-02,3.1250000000000002e-03,5.8780498738099998e-02,5.9574062714850898e-02,-7.9356397675089951e-04,7.9356397675089951e-04
997,-1.8333333333299999e+00,-3.3333333333100001e-01,5.0000000000000003e-02,3.1250000000000002e-03,7.7546410047900000e-02,7.8480875236683720e-02,-9.3446518878372020e-04,9.3446518878372020e-04
998,-1.8333333333299999e+00,-1.6666666666499999e-01,5.0000000000000003e-02,3.1250000000000002e-03,8.0637989907799995e-02,8.1958336458965442e-02,-1.3203465511654466e-03,1.3203465511654466e-03
999,-1.9166666666700001e+00,-8.3333333331100004e-02,5.0000000000000003e-02,3.1250000000000002e-03,6.3684289486799994e-02,6.5002634494435191e-02,-1.3183450076351966e-03,1.3183450076351966e-03
1000,-1.9166666666700001e+00,8.3333333335799994e-02,5.0000000000000003e-02,3.1250000000000002e-03,6.3684289486700005e-02,6.5002634494409184e-02,-1.3183450077091791e-03,1.3183450077091791e-03
1001,-1.8333333333299999e+00,1.6666666666900001e-01,5.0000000000000003e-02,3.1250000000000002e-03,8.0637989907799995e-02,8.1958336458909251e-02,-1.3203465511092555e-03,1.3203465511092555e-03
1002,-1.8333333333299999e+00,3.3333333333600002e-01,5.0000000000000003e-02,3.1250000000000002e-03,7.7546410047900000e-02,7.8480875236546024e-02,-9.3446518864602479e-04,9.3446518864602479e-04
1003,-1.9166666666700001e+00,4.1666666667000002e-01,5.0000000000000003e-02,3.1250000000000002e-03,5.8780498738000002e-02,5.9574062714718060e-02,-7.9356397671805773e-04,7.9356397671805773e-04
1004,-1.9166666666700001e+00,5.8333333333600002e-01,5.0000000000000003e-02,3.1250000000000002e-03,5.2949220407699997e-02,5.4389160264701190e-02,-1.4399398570011934e-03,1.4399398570011934e-03
1005,-1.8333333333299999e+00,6.6666666666999996e-01,5.0000000000000003e-02,3.1250000000000002e-03,6.4051823634500002e-02,6.5360553777752767e-02,-1.3087301432527648e-03,1.3087301432527648e-03
1006,-1.8333333333299999e+00,8.3333333333699999e-01,5.0000000000000003e-02,3.1250000000000002e-03,5.6107611234400001e-02,5.6480061480377278e-02,-3.7245024597727661e-04,3.7245024597727661e-04
1007,-1.9166666666700001e+00,9.1666666666999996e-01,5.0000000000000003e-02,3.1250000000000002e-03,4.0451724183100002e-02,4.0575584247117685e-02,-1.2386006401768346e-04,1.2386006401768346e-04
1008,-1.9166666666700001e+00,1.0833333333399999e+00,5.0000000000000003e-02,3.1249999999899999e-03,3.1798124729699999e-02,3.2912336508302914e-02,-1.1142117786029151e-03,1.1142117786029151e-03
1009,-1.8333333333299999e+00,1.1666666666700001e+00,5.0000000000000003e-02,3.1249999999899999e-03,3.6136309113100000e-02,3.7127883229477771e-02,-9.9157411637777054e-04,9.9157411637777054e-04
1010,-1.8333333333299999e+00,1.3333333333399999e+00,5.0000000000000003e-02,3.1249999999899999e-03,2.8010120665499998e-02,2.8046943098617175e-02,-3.6822433117176395e-05,3.6822433117176395e-05
1011,-1.9166666666700001e+00,1.4166666666700001e+00,5.0000000000000003e-02,3.1249999999899999e-03,1.8978333662699999e-02,1.8767418368935002e-02,2.1091529376499746e-04,2.1091529376499746e-04
1012,-1.9166666666700001e+00,1.5833333333399999e+00,5.0000000000000003e-02,3.1249999999899999e-03,1.2616854262800001e-02,1.3114791852338990e-02,-4.9793758953898919e-04,4.9793758953898919e-04
1013,-1.8333333333299999e+00,1.6666666666700001e+00,5.0000000000000003e-02,3.1249999999899999e-03,1.3219149125400001e-02,1.3687970977137538e-02,-4.6882185173753761e-04,4.6882185173753761e-04
1014,-1.8333333333299999e+00,1.8333333333399999e+00,5.0000000000000003e-02,3.1249999999899999e-03,8.8749933348699992e-03,8.8007722063396330e-03,7.4221128530366220e-05,7.4221128530366220e-05
1015,-1.9166666666700001e+00,1.9166666666700001e+00,5.0000000000000003e-02,3.1249999999899999e-03,5.6037520334200003e-03,5.4190401801584975e-03,1.8471185326150285e-04,1.8471185326150285e-04
1016,-1.9166666666700001e+00,2.0833333333300001e+00,5.0000000000000003e-02,3.1249999999899999e-03,3.1087348445500000e-03,3.1922685792664233e-03,-8.3533734716423336e-05,8.3533734716423336e-05
1017,-1.8333333333299999e+00,2.1666666666699999e+00,5.0000000000000003e-02,3.1249999999899999e-03,2.9576548817000000e-03,3.0529460782104077e-03,-9.5291196510407725e-05,9.5291196510407725e-05
1018,-1.8333333333299999e+00,2.3333333333300001e+00,5.0000000000000003e-02,3.1249999999899999e-03,1.7041377845200001e-03,1.6424138621190410e-03,6.1723922400959072e-05,6.1723922400959072e-05
1019,-1.9166666666600001e+00,2.4166666666699999e+00,5.0000000000000003e-02,3.1249999999899999e-03,9.9749441001500006e-04,9.2364823748438307e-04,7.3846172530616988e-05,7.3846172530616988e-05
1020,-1.9166666666600001e+00,2.5833333333300001e+00,5.0000000000000003e-02,3.1249999999899999e-03,4.6282773771299997e-04,4.5266073783576505e-04,1.0166999877234920e-05,1.0166999877234920e-05
1021,-1.8333333333299999e+00,2.6666666666699999e+00,5.0000000000000003e-02,3.1250000000000002e-03,3.9580544470099998e-04,3.9438688976542588e-04,1.4185549355741020e-06,1.4185549355741020e-06
1022,-1.8333333333299999e+00,2.8333333333300001e+00,5.0000000000000003e-02,3.1250000000000002e-03,1.9561813431800000e-04,1.7573317723684577e-04,1.9884957081154226e-05,1.9884957081154226e-05
1023,-1.9166666666600001e+00,2.9166666666699999e+00,5.0000000000000003e-02,3.1250000000000002e-03,1.0578181896100000e-04,8.9859340317652322e-05,1.5922478643347682e-05,1.5922478643347682e-05
1024,-1.9166666666600001e+00,3.0833333333300001e+00,5.0000000000000003e-02,3.1250000000000002e-03,4.1482617357899997e-05,3.6350180365548061e-05,5.1324369923519360e-06,5.1324369923519360e-06
1025,-1.8333333333299999e+00,3.1666666666699999e+00,5.0000000000000003e-02,3.1250000000000002e-03,3.1714846910400000e-05,2.8753028106453380e-05,2.9618188039466193e-06,2.9618188039466193e-06
1026,-1.8333333333299999e+00,3.3333333333300001e+00,5.0000000000000003e-02,3.1250000000000002e-03,1.3502964077800001e-05,1.0546898418518642e-05,2.9560656592813585e-06,2.9560656592813585e-06
1027,-1.9166666666600001e+00,3.4166666666699999e+00,5.0000000000000003e-02,3.1250000000000002e-03,6.7300500605300002e-06,4.8903916860204147e-06,1.8396583745095855e-06,1.8396583745095855e-06
1028,-1.9166666666600001e+00,3.5833333333300001e+00,5.0000000000000003e-02,3.1250000000000002e-03,2.2597571925400001e-06,1.6250748049941579e-06,6.3468238754584221e-07,6.3468238754584221e-07
1029,-1.8333333333299999e+00,3.6666666666699999e+00,5.0000000000000003e-02,3.1250000000000002e-03,1.5416996533700000e-06,1.1645221392990024e-06,3.7717751407099759e-07,3.7717751407099759e-07
1030,-1.8333333333299999e+00,3.8333333333300001e+00,5.0000000000000003e-02,3.1250000000100000e-03,5.6915719639499999e-07,3.5029723000296161e-07,2.1885996639203837e-07,2.1885996639203837e-07
1031,-1.9166666666600001e+00,3.9166666666699999e+00,5.0000000000000003e-02,3.1250000000100000e-03,2.6108652525300002e-07,1.4703530551612419e-07,1.1405121973687583e-07,1.1405121973687583e-07
1032,-1.9166666666600001e+00,4.0833333333299997e+00,5.0000000000000003e-02,3.1250000000100000e-03,7.6016243375000007e-08,4.0013090565276938e-08,3.6003152809723069e-08,3.6003152809723069e-08
1033,-1.8333333333299999e+00,4.1666666666700003e+00,5.0000000000000003e-02,3.1250000000100000e-03,4.6306549178799997e-08,2.5940198556080928e-08,2.0366350622719069e-08,2.0366350622719069e-08
1034,-1.8333333333299999e+00,4.3333333333299997e+00,5.0000000000000003e-02,3.1250000000100000e-03,1.4930608261800001e-08,6.3830085494691455e-09,8.5475997123308555e-09,8.5475997123308555e-09
1035,-1.9166666666600001e+00,4.4166666666700003e+00,5.0000000000000003e-02,3.1250000000100000e-03,6.2993998413900002e-09,2.4226248627177881e-09,3.8767749786722116e-09,3.8767749786722116e-09
1036,-1.9166666666600001e+00,4.5833333333299997e+00,5.0000000000000003e-02,3.1250000000100000e-03,1.6091948338900000e-09,5.3880014848848603e-10,1.0703946854015140e-09,1.0703946854015140e-09
1037,-1.8333333333299999e+00,4.6666666666700003e+00,5.0000000000000003e-02,3.1250000000100000e-03,8.7921026968100004e-10,3.1571237792407547e-10,5.6349789175692457e-10,5.6349789175692457e-10
1038,-1.8333333333299999e+00,4.8333333333299997e+00,5.0000000000000003e-02,3.1250000000100000e-03,2.5926209440000001e-10,6.3441015819338967e-11,1.9582107858066106e-10,1.9582107858066106e-10
1039,-1.9166666666600001e+00,4.9166666666700003e+00,5.0000000000000003e-02,3.1250000000100000e-03,1.1825596239799999e-10,2.1755571354790105e-11,9.6500391043209888e-11,9.6500391043209888e-11
1040,-1.5833333333399999e+00,-4.9166666666700003e+00,5.0000000000000003e-02,3.1249999999899999e-03,2.3696039248700000e-10,5.2651351614426242e-11,1.8430904087257375e-10,1.8430904087257375e-10
1041,-1.6666666666700001e+00,-4.8333333333299997e+00,5.0000000000000003e-02,3.1249999999899999e-03,3.9320201357799999e-10,9.8670748760568106e-11,2.9453126481743190e-10,2.9453126481743190e-10
1042,-1.6666666666700001e+00,-4.6666666666700003e+00,5.0000000000000003e-02,3.1249999999899999e-03,1.5383262918000000e-09,4.9103212362579995e-10,1.0472941681742000e-09,1.0472941681742000e-09
1043,-1.5833333333399999e+00,-4.5833333333299997e+00,5.0000000000000003e-02,3.1249999999899999e-03,3.7099864956899999e-09,1.3039674116270089e-09,2.4060190840629912e-09,2.4060190840629912e-09
1044,-1.5833333333399999e+00,-4.4166666666700003e+00,5.0000000000000003e-02,3.1249999999899999e-03,1.2408811701600001e-08,5.8630716425069048e-09,6.5457400590930958e-09,6.5457400590930958e-09
1045,-1.6666666666700001e+00,-4.3333333333299997e+00,5.0000000000000003e-02,3.1249999999899999e-03,2.2271139632800000e-08,9.9275874572178437e-09,1.2343552175582157e-08,1.2343552175582157e-08
1046,-1.6666666666700001e+00,-4.1666666666700003e+00,5.0000000000000003e-02,3.1249999999899999e-03,8.0432993249400001e-08,4.0345173882699381e-08,4.0087819366700620e-08,4.0087819366700620e-08
1047,-1.5833333333399999e+00,-4.0833333333299997e+00,5.0000000000000003e-02,3.1250000000000002e-03,1.7845600186000001e-07,9.6836955746897378e-08,8.1619046113102635e-08,8.1619046113102635e-08
1048,-1.5833333333399999e+00,-3.9166666666699999e+00,5.0000000000000003e-02,3.1249999999899999e-03,5.2346528957899998e-07,3.5584482908832027e-07,1.6762046049067972e-07,1.6762046049067972e-07
1049,-1.6666666666700001e+00,-3.8333333333300001e+00,5.0000000000000003e-02,3.1250000000000002e-03,8.4251993654199995e-07,5.4482245479128758e-07,2.9769748175071238e-07,2.9769748175071238e-07
1050,-1.6666666666700001e+00,-3.6666666666699999e+00,5.0000000000000003e-02,3.1249999999899999e-03,2.6550343974200002e-06,1.8111984801773059e-06,8.4383591724269424e-07,8.4383591724269424e-07
1051,-1.5833333333399999e+00,-3.5833333333300001e+00,5.0000000000000003e-02,3.1249999999899999e-03,5.4079829971500000e-06,3.9328953288396901e-06,1.4750876683103099e-06,1.4750876683103099e-06
1052,-1.5833333333399999e+00,-3.4166666666699999e+00,5.0000000000000003e-02,3.1249999999899999e-03,1.3801065287000001e-05,1.1835392782558886e-05,1.9656725044411143e-06,1.9656725044411143e-06
1053,-1.6666666666700001e+00,-3.3333333333300001e+00,5.0000000000000003e-02,3.1249999999899999e-03,1.9891212531599998e-05,1.6403746860239498e-05,3.4874656713605003e-06,3.4874656713605003e-06
1054,-1.6666666666700001e+00,-3.1666666666699999e+00,5.0000000000000003e-02,3.1249999999899999e-03,5.4071116437799999e-05,4.4720009220479346e-05,9.3511072173206532e-06,9.3511072173206532e-06
1055,-1.5833333333399999e+00,-3.0833333333300001e+00,5.0000000000000003e-02,3.1249999999899999e-03,1.0118208944700000e-04,8.7972230030763511e-05,1.3209859416236488e-05,1.3209859416236488e-05
1056,-1.5833333333399999e+00,-2.9166666666699999e+00,5.0000000000000003e-02,3.1249999999899999e-03,2.2298511965700000e-04,2.1747145343821962e-04,5.5136662187803785e-06,5.5136662187803785e-06
1057,-1.6666666666700001e+00,-2.8333333333300001e+00,5.0000000000000003e-02,3.1249999999899999e-03,2.8783833054100001e-04,2.7332040567275187e-04,1.4517924868248145e-05,1.4517924868248145e-05
1058,-1.6666666666700001e+00,-2.6666666666699999e+00,5.0000000000000003e-02,3.1249999999899999e-03,6.6663269602800000e-04,6.1339575370802566e-04,5.3236942319974346e-05,5.3236942319974346e-05
1059,-1.5833333333399999e+00,-2.5833333333300001e+00,5.0000000000000003e-02,3.1249999999899999e-03,1.1477706361300000e-03,1.0954986785299450e-03,5.2271957600055026e-05,5.2271957600055026e-05
1060,-1.5833333333399999e+00,-2.4166666666699999e+00,5.0000000000000003e-02,3.1249999999899999e-03,2.1708214811099998e-03,2.2353505374212001e-03,-6.4529056311200296e-05,6.4529056311200296e-05
1061,-1.6666666666700001e+00,-2.3333333333300001e+00,5.0000000000000003e-02,3.1249999999899999e-03,2.5164490278700002e-03,2.5544705338816690e-03,-3.8021506011668826e-05,3.8021506011668826e-05
1062,-1.6666666666700001e+00,-2.1666666666699999e+00,5.0000000000000003e-02,3.1249999999899999e-03,4.9082975808199996e-03,4.7482921194151777e-03,1.6000546140482186e-04,1.6000546140482186e-04
1063,-1.5833333333399999e+00,-2.0833333333300001e+00,5.0000000000000003e-02,3.1249999999899999e-03,7.7956404737100004e-03,7.7257109307162473e-03,6.9929542993753084e-05,6.9929542993753084e-05
1064,-1.5833333333399999e+00,-1.9166666666700001e+00,5.0000000000000003e-02,3.1249999999899999e-03,1.2616854262800001e-02,1.3114791852338990e-02,-4.9793758953898919e-04,4.9793758953898919e-04
1065,-1.6666666666700001e+00,-1.8333333333299999e+00,5.0000000000000003e-02,3.1249999999899999e-03,1.3219149125400001e-02,1.3687970977137538e-02,-4.6882185173753761e-04,4.6882185173753761e-04
1066,-1.6666666666700001e+00,-1.6666666666700001e+00,5.0000000000000003e-02,3.1249999999899999e-03,2.1566744199199999e-02,2.1289103396030060e-02,2.7764080316993942e-04,2.7764080316993942e-04
1067,-1.5833333333399999e+00,-1.5833333333299999e+00,5.0000000000000003e-02,3.1249999999899999e-03,3.1730538387899999e-02,3.1739525749212107e-02,-8.9873613121072005e-06,8.9873613121072005e-06
1068,-1.5833333333399999e+00,-1.4166666666700001e+00,5.0000000000000003e-02,3.1249999999899999e-03,4.4115430435399998e-02,4.5419627338350338e-02,-1.3041969029503400e-03,1.3041969029503400e-03
1069,-1.6666666666700001e+00,-1.3333333333299999e+00,5.0000000000000003e-02,3.1249999999899999e-03,4.2253872267400003e-02,4.3621824781575405e-02,-1.3679525141754023e-03,1.3679525141754023e-03
1070,-1.6666666666700001e+00,-1.1666666666700001e+00,5.0000000000000003e-02,3.1249999999899999e-03,5.7931817227999997e-02,5.7745545067876609e-02,1.8627216012338799e-04,1.8627216012338799e-04
1071,-1.5833333333299999e+00,-1.0833333333299999e+00,5.0000000000000003e-02,3.1249999999899999e-03,7.9508360313699997e-02,7.9652194548574112e-02,-1.4383423487411562e-04,1.4383423487411562e-04
1072,-1.5833333333299999e+00,-9.1666666666600005e-01,5.0000000000000003e-02,3.1250000000000002e-03,9.6406422877899994e-02,9.8198264639390104e-02,-1.7918417614901094e-03,1.7918417614901094e-03
1073,-1.6666666666700001e+00,-8.3333333333199999e-01,5.0000000000000003e-02,3.1250000000000002e-03,8.5820746362699998e-02,8.7844273682652629e-02,-2.0235273199526310e-03,2.0235273199526310e-03
1074,-1.6666666666700001e+00,-6.6666666666499996e-01,5.0000000000000003e-02,3.1250000000000002e-03,1.0115407571700000e-01,1.0165623449419643e-01,-5.0215877719643476e-04,5.0215877719643476e-04
1075,-1.5833333333299999e+00,-5.8333333333199999e-01,5.0000000000000003e-02,3.1250000000000002e-03,1.3096194479100001e-01,1.3162894021807267e-01,-6.6699542707265858e-04,6.6699542707265858e-04
1076,-1.5833333333299999e+00,-4.1666666666500002e-01,5.0000000000000003e-02,3.1250000000000002e-03,1.4233217037699999e-01,1.4417708788767075e-01,-1.8449175106707572e-03,1.8449175106707572e-03
1077,-1.6666666666700001e+00,-3.3333333333199999e-01,5.0000000000000003e-02,3.1250000000000002e-03,1.2000860289800000e-01,1.2206246421144207e-01,-2.0538613134420680e-03,2.0538613134420680e-03
1078,-1.6666666666700001e+00,-1.6666666666499999e-01,5.0000000000000003e-02,3.1250000000000002e-03,1.2596610377199999e-01,1.2747101100344502e-01,-1.5049072314450296e-03,1.5049072314450296e-03
1079,-1.5833333333299999e+00,-8.3333333331500004e-02,5.0000000000000003e-02,3.1250000000000002e-03,1.5582575398000001e-01,1.5731494746786398e-01,-1.4891934878639712e-03,1.4891934878639712e-03
1080,-1.5833333333299999e+00,8.3333333335399995e-02,5.0000000000000003e-02,3.1250000000000002e-03,1.5582575398000001e-01,1.5731494746781172e-01,-1.4891934878117075e-03,1.4891934878117075e-03
1081,-1.6666666666700001e+00,1.6666666666900001e-01,5.0000000000000003e-02,3.1250000000000002e-03,1.2596610377199999e-01,1.2747101100335764e-01,-1.5049072313576550e-03,1.5049072313576550e-03
1082,-1.6666666666700001e+00,3.3333333333600002e-01,5.0000000000000003e-02,3.1250000000000002e-03,1.2000860289800000e-01,1.2206246421127075e-01,-2.0538613132707467e-03,2.0538613132707467e-03
1083,-1.5833333333299999e+00,4.1666666666899999e-01,5.0000000000000003e-02,3.1250000000000002e-03,1.4233217037699999e-01,1.4417708788741354e-01,-1.8449175104135462e-03,1.8449175104135462e-03
1084,-1.5833333333299999e+00,5.8333333333600002e-01,5.0000000000000003e-02,3.1250000000000002e-03,1.3096194479100001e-01,1.3162894021773044e-01,-6.6699542673043233e-04,6.6699542673043233e-04
1085,-1.6666666666700001e+00,6.6666666666999996e-01,5.0000000000000003e-02,3.1250000000000002e-03,1.0115407571600001e-01,1.0165623449381020e-01,-5.0215877781019380e-04,5.0215877781019380e-04
1086,-1.6666666666700001e+00,8.3333333333600002e-01,5.0000000000000003e-02,3.1250000000000002e-03,8.5820746362599995e-02,8.7844273682302562e-02,-2.0235273197025672e-03,2.0235273197025672e-03
1087,-1.5833333333299999e+00,9.1666666666999996e-01,5.0000000000000003e-02,3.1250000000000002e-03,9.6406422877800005e-02,9.8198264638949040e-02,-1.7918417611490350e-03,1.7918417611490350e-03
1088,-1.5833333333299999e+00,1.0833333333399999e+00,5.0000000000000003e-02,3.1249999999899999e-03,7.9508360313599993e-02,7.9652194547464986e-02,-1.4383423386499228e-04,1.4383423386499228e-04
1089,-1.6666666666700001e+00,1.1666666666700001e+00,5.0000000000000003e-02,3.1249999999899999e-03,5.7931817227900001e-02,5.7745545067876609e-02,1.8627216002339159e-04,1.8627216002339159e-04
1090,-1.6666666666700001e+00,1.3333333333399999e+00,5.0000000000000003e-02,3.1249999999899999e-03,4.2253872267400003e-02,4.3621824780775399e-02,-1.3679525133753964e-03,1.3679525133753964e-03
1091,-1.5833333333299999e+00,1.4166666666700001e+00,5.0000000000000003e-02,3.1249999999899999e-03,4.4115430435399998e-02,4.5419627339400942e-02,-1.3041969040009441e-03,1.3041969040009441e-03
1092,-1.5833333333299999e+00,1.5833333333399999e+00,5.0000000000000003e-02,3.1249999999899999e-03,3.1730538387899999e-02,3.1739525749212107e-02,-8.9873613121072005e-06,8.9873613121072005e-06
1093,-1.6666666666700001e+00,1.6666666666700001e+00,5.0000000000000003e-02,3.1249999999899999e-03,2.1566744199199999e-02,2.1289103396030060e-02,2.7764080316993942e-04,2.7764080316993942e-04
1094,-1.6666666666700001e+00,1.8333333333399999e+00,5.0000000000000003e-02,3.1249999999899999e-03,1.3219149125400001e-02,1.3687970976751248e-02,-4.6882185135124765e-04,4.6882185135124765e-04
1095,-1.5833333333299999e+00,1.9166666666700001e+00,5.0000000000000003e-02,3.1249999999899999e-03,1.2616854262800001e-02,1.3114791852642348e-02,-4.9793758984234722e-04,4.9793758984234722e-04
1096,-1.5833333333299999e+00,2.0833333333300001e+00,5.0000000000000003e-02,3.1249999999899999e-03,7.7956404737300001e-03,7.7257109308949516e-03,6.9929542835048437e-05,6.9929542835048437e-05
1097,-1.6666666666700001e+00,2.1666666666699999e+00,5.0000000000000003e-02,3.1249999999899999e-03,4.9082975808400001e-03,4.7482921194151777e-03,1.6000546142482235e-04,1.6000546142482235e-04
1098,-1.6666666666700001e+00,2.3333333333300001e+00,5.0000000000000003e-02,3.1249999999899999e-03,2.5164490278800000e-03,2.5544705338816690e-03,-3.8021506001669012e-05,3.8021506001669012e-05
1099,-1.5833333333299999e+00,2.4166666666699999e+00,5.0000000000000003e-02,3.1250000000000002e-03,2.1708214811200000e-03,2.2353505374729061e-03,-6.4529056352906084e-05,6.4529056352906084e-05
1100,-1.5833333333299999e+00,2.5833333333300001e+00,5.0000000000000003e-02,3.1250000000000002e-03,1.1477706361400000e-03,1.0954986785552850e-03,5.2271957584715083e-05,5.2271957584715083e-05
1101,-1.6666666666600001e+00,2.6666666666699999e+00,5.0000000000000003e-02,3.1250000000000002e-03,6.6663269603300002e-04,6.1339575372323680e-04,5.3236942309763222e-05,5.3236942309763222e-05
1102,-1.6666666666600001e+00,2.8333333333300001e+00,5.0000000000000003e-02,3.1250000000000002e-03,2.8783833054299999e-04,2.7332040567952976e-04,1.4517924863470229e-05,1.4517924863470229e-05
1103,-1.5833333333299999e+00,2.9166666666699999e+00,5.0000000000000003e-02,3.1250000000000002e-03,2.2298511965900000e-04,2.1747145344324997e-04,5.5136662157500335e-06,5.5136662157500335e-06
1104,-1.5833333333299999e+00,3.0833333333300001e+00,5.0000000000000003e-02,3.1250000000000002e-03,1.0118208944800000e-04,8.7972230032798396e-05,1.3209859415201603e-05,1.3209859415201603e-05
1105,-1.6666666666600001e+00,3.1666666666699999e+00,5.0000000000000003e-02,3.1250000000000002e-03,5.4071116438400003e-05,4.4720009221588329e-05,9.3511072168116745e-06,9.3511072168116745e-06
1106,-1.6666666666600001e+00,3.3333333333300001e+00,5.0000000000000003e-02,3.1250000000000002e-03,1.9891212531900001e-05,1.6403746860646284e-05,3.4874656712537166e-06,3.4874656712537166e-06
1107,-1.5833333333299999e+00,3.4166666666699999e+00,5.0000000000000003e-02,3.1250000000000002e-03,1.3801065287200000e-05,1.1835392782832651e-05,1.9656725043673496e-06,1.9656725043673496e-06
1108,-1.5833333333299999e+00,3.5833333333300001e+00,5.0000000000000003e-02,3.1250000000000002e-03,5.4079829972399998e-06,3.9328953289306623e-06,1.4750876683093375e-06,1.4750876683093375e-06
1109,-1.6666666666600001e+00,3.6666666666699999e+00,5.0000000000000003e-02,3.1250000000000002e-03,2.6550343974600000e-06,1.8111984802222207e-06,8.4383591723777933e-07,8.4383591723777933e-07
1110,-1.6666666666600001e+00,3.8333333333300001e+00,5.0000000000000003e-02,3.1250000000100000e-03,8.4251993655900001e-07,5.4482245480479828e-07,2.9769748175420173e-07,2.9769748175420173e-07
1111,-1.5833333333299999e+00,3.9166666666699999e+00,5.0000000000000003e-02,3.1250000000100000e-03,5.2346528958999998e-07,3.5584482909655131e-07,1.6762046049344867e-07,1.6762046049344867e-07
1112,-1.5833333333299999e+00,4.0833333333299997e+00,5.0000000000000003e-02,3.1250000000100000e-03,1.7845600186399999e-07,9.6836955749137317e-08,8.1619046114862676e-08,8.1619046114862676e-08
1113,-1.6666666666600001e+00,4.1666666666700003e+00,5.0000000000000003e-02,3.1250000000100000e-03,8.0432993251199999e-08,4.0345173883699872e-08,4.0087819367500127e-08,4.0087819367500127e-08
1114,-1.6666666666600001e+00,4.3333333333299997e+00,5.0000000000000003e-02,3.1250000000100000e-03,2.2271139633300001e-08,9.9275874574640308e-09,1.2343552175835971e-08,1.2343552175835971e-08
1115,-1.5833333333299999e+00,4.4166666666700003e+00,5.0000000000000003e-02,3.1250000000100000e-03,1.2408811701900001e-08,5.8630716426425236e-09,6.5457400592574772e-09,6.5457400592574772e-09
1116,-1.5833333333299999e+00,4.5833333333299997e+00,5.0000000000000003e-02,3.1250000000100000e-03,3.7099864957800000e-09,1.3039674116571710e-09,2.4060190841228290e-09,2.4060190841228290e-09
1117,-1.6666666666600001e+00,4.6666666666700003e+00,5.0000000000000003e-02,3.1250000000100000e-03,1.5383262918400000e-09,4.9103212363797667e-10,1.0472941682020234e-09,1.0472941682020234e-09
1118,-1.6666666666600001e+00,4.8333333333299997e+00,5.0000000000000003e-02,3.1250000000100000e-03,3.9320201358899999e-10,9.8670748763014971e-11,2.9453126482598505e-10,2.9453126482598505e-10
1119,-1.5833333333299999e+00,4.9166666666700003e+00,5.0000000000000003e-02,3.1250000000100000e-03,2.3696039249300000e-10,5.2651351615644123e-11,1.8430904087735589e-10,1.8430904087735589e-10
1120,-1.4166666666700001e+00,-4.9166666666700003e+00,5.0000000000000003e-02,3.1249999999899999e-03,3.6764416442100002e-10,7.5344691289294705e-11,2.9229947313170531e-10,2.9229947313170531e-10
1121,-1.3333333333399999e+00,-4.8333333333299997e+00,5.0000000000000003e-02,3.1249999999899999e-03,7.6865337996899995e-10,2.0217845878018749e-10,5.6647492118881240e-10,5.6647492118881240e-10
1122,-1.3333333333399999e+00,-4.6666666666700003e+00,5.0000000000000003e-02,3.1249999999899999e-03,2.6621156509300002e-09,1.0061352448751309e-09,1.6559804060548693e-09,1.6559804060548693e-09
1123,-1.4166666666700001e+00,-4.5833333333299997e+00,5.0000000000000003e-02,3.1249999999899999e-03,5.1736531775200004e-09,1.8659924022428779e-09,3.3076607752771224e-09,3.3076607752771224e-09
1124,-1.4166666666700001e+00,-4.4166666666700003e+00,5.0000000000000003e-02,3.1249999999899999e-03,1.9602141848499999e-08,8.3901231282097380e-09,1.1212018720290261e-08,1.1212018720290261e-08
1125,-1.3333333333399999e+00,-4.3333333333299997e+00,5.0000000000000003e-02,3.1249999999899999e-03,4.4394466202100000e-08,2.0341837441370885e-08,2.4052628760729115e-08,2.4052628760729115e-08
1126,-1.3333333333399999e+00,-4.1666666666700003e+00,5.0000000000000003e-02,3.1249999999899999e-03,1.4080288376500000e-07,8.2668117727739325e-08,5.8134766037260671e-08,5.8134766037260671e-08
1127,-1.4166666666700001e+00,-4.0833333333299997e+00,5.0000000000000003e-02,3.1250000000000002e-03,2.4696739070300003e-07,1.3857480031236201e-07,1.0839259039063802e-07,1.0839259039063802e-07
1128,-1.4166666666700001e+00,-3.9166666666699999e+00,5.0000000000000003e-02,3.1249999999899999e-03,8.2125993391100003e-07,5.0921805371479245e-07,3.1204188019620758e-07,3.1204188019620758e-07
1129,-1.3333333333399999e+00,-3.8333333333300001e+00,5.0000000000000003e-02,3.1250000000000002e-03,1.7042272728500001e-06,1.1163527752873484e-06,5.8787449756265163e-07,5.8787449756265163e-07
1130,-1.3333333333399999e+00,-3.6666666666699999e+00,5.0000000000000003e-02,3.1249999999899999e-03,4.7204547796599999e-06,3.7111841337683729e-06,1.0092706458916271e-06,1.0092706458916271e-06
1131,-1.4166666666700001e+00,-3.5833333333300001e+00,5.0000000000000003e-02,3.1249999999899999e-03,7.4414348671400001e-06,5.6280185662573658e-06,1.8134163008826343e-06,1.8134163008826343e-06
1132,-1.4166666666700001e+00,-3.4166666666699999e+00,5.0000000000000003e-02,3.1249999999899999e-03,2.1482707821499999e-05,1.6936583547175542e-05,4.5461242743244570e-06,4.5461242743244570e-06
1133,-1.3333333333399999e+00,-3.3333333333300001e+00,5.0000000000000003e-02,3.1249999999899999e-03,4.0848355040199998e-05,3.3611625533229274e-05,7.2367295069707241e-06,7.2367295069707241e-06
1134,-1.3333333333399999e+00,-3.1666666666699999e+00,5.0000000000000003e-02,3.1249999999899999e-03,9.8031304772500000e-05,9.1632248203284348e-05,6.3990565692156518e-06,6.3990565692156518e-06
1135,-1.4166666666700001e+00,-3.0833333333300001e+00,5.0000000000000003e-02,3.1249999999899999e-03,1.3879023269300000e-04,1.2588927559235892e-04,1.2900957100641080e-05,1.2900957100641080e-05
1136,-1.4166666666700001e+00,-2.9166666666699999e+00,5.0000000000000003e-02,3.1249999999899999e-03,3.4385845907599998e-04,3.1120415755950655e-04,3.2654301516493430e-05,3.2654301516493430e-05
1137,-1.3333333333399999e+00,-2.8333333333300001e+00,5.0000000000000003e-02,3.1249999999899999e-03,5.9956366428100000e-04,5.6003931323338652e-04,3.9524351047613487e-05,3.9524351047613487e-05
1138,-1.3333333333399999e+00,-2.6666666666699999e+00,5.0000000000000003e-02,3.1249999999899999e-03,1.2373989637900001e-03,1.2568609204327891e-03,-1.9461956642788988e-05,1.9461956642788988e-05
1139,-1.4166666666700001e+00,-2.5833333333300001e+00,5.0000000000000003e-02,3.1249999999899999e-03,1.5748656624999999e-03,1.5676712413030132e-03,7.1944211969866573e-06,7.1944211969866573e-06
1140,-1.4166666666700001e+00,-2.4166666666699999e+00,5.0000000000000003e-02,3.1249999999899999e-03,3.3097173173300002e-03,3.1988123951449043e-03,1.1090492218509586e-04,1.1090492218509586e-04
1141,-1.3333333333399999e+00,-2.3333333333300001e+00,5.0000000000000003e-02,3.1249999999899999e-03,5.3010773516900004e-03,5.2341643498908120e-03,6.6913001799188444e-05,6.6913001799188444e-05
1142,-1.3333333333399999e+00,-2.1666666666699999e+00,5.0000000000000003e-02,3.1249999999899999e-03,9.3567963515100005e-03,9.7293513488074124e-03,-3.7255499729741196e-04,3.7255499729741196e-04
1143,-1.4166666666700001e+00,-2.0833333333300001e+00,5.0000000000000003e-02,3.1249999999899999e-03,1.0744659417600000e-02,1.1055581427954356e-02,-3.1092201035435620e-04,3.1092201035435620e-04
1144,-1.4166666666700001e+00,-1.9166666666700001e+00,5.0000000000000003e-02,3.1249999999899999e-03,1.8978333662699999e-02,1.8767418368935002e-02,2.1091529376499746e-04,2.1091529376499746e-04
1145,-1.3333333333399999e+00,-1.8333333333299999e+00,5.0000000000000003e-02,3.1249999999899999e-03,2.8010120665499998e-02,2.8046943098617175e-02,-3.6822433117176395e-05,3.6822433117176395e-05
1146,-1.3333333333399999e+00,-1.6666666666700001e+00,5.0000000000000003e-02,3.1249999999899999e-03,4.2253872267400003e-02,4.3621824780775399e-02,-1.3679525133753964e-03,1.3679525133753964e-03
1147,-1.4166666666700001e+00,-1.5833333333299999e+00,5.0000000000000003e-02,3.1249999999899999e-03,4.4115430435399998e-02,4.5419627339400942e-02,-1.3041969040009441e-03,1.3041969040009441e-03
1148,-1.4166666666700001e+00,-1.4166666666700001e+00,5.0000000000000003e-02,3.1249999999899999e-03,6.5381030689900005e-02,6.4996010460350043e-02,3.8502022954996218e-04,3.8502022954996218e-04
1149,-1.3333333333399999e+00,-1.3333333333299999e+00,5.0000000000000003e-02,3.1249999999899999e-03,8.9412777516199998e-02,8.9382044975854155e-02,3.0732540345843051e-05,3.0732540345843051e-05
1150,-1.3333333333399999e+00,-1.1666666666700001e+00,5.0000000000000003e-02,3.1249999999899999e-03,1.1626950746100000e-01,1.1832184765897719e-01,-2.0523401979771899e-03,2.0523401979771899e-03
1151,-1.4166666666700001e+00,-1.0833333333299999e+00,5.0000000000000003e-02,3.1249999999899999e-03,1.1180222746100001e-01,1.1398320887538224e-01,-2.1809814143822354e-03,2.1809814143822354e-03
1152,-1.4166666666700001e+00,-9.1666666666600005e-01,5.0000000000000003e-02,3.1250000000000002e-03,1.4087997037800001e-01,1.4052284903168477e-01,3.5712134631524228e-04,3.5712134631524228e-04
1153,-1.3333333333399999e+00,-8.3333333333299997e-01,5.0000000000000003e-02,3.1250000000000002e-03,1.8023864441699999e-01,1.7999478152235870e-01,2.4386289464128907e-04,2.4386289464128907e-04
1154,-1.3333333333299999e+00,-6.6666666666600005e-01,5.0000000000000003e-02,3.1250000000000002e-03,2.0651472011899999e-01,2.0829578242755542e-01,-1.7810623085554311e-03,1.7810623085554311e-03
1155,-1.4166666666700001e+00,-5.8333333333199999e-01,5.0000000000000003e-02,3.1250000000000002e-03,1.8618746266500000e-01,1.8836253127680291e-01,-2.1750686118029161e-03,2.1750686118029161e-03
1156,-1.4166666666700001e+00,-4.1666666666500002e-01,5.0000000000000003e-02,3.1250000000000002e-03,2.0573223810899999e-01,2.0631907528577828e-01,-5.8683717677829317e-04,5.8683717677829317e-04
1157,-1.3333333333299999e+00,-3.3333333333199999e-01,5.0000000000000003e-02,3.1250000000000002e-03,2.4964603314799999e-01,2.5010858029989935e-01,-4.6254715189936180e-04,4.6254715189936180e-04
1158,-1.3333333333299999e+00,-1.6666666666499999e-01,5.0000000000000003e-02,3.1250000000000002e-03,2.5983698556899998e-01,2.6119080748884244e-01,-1.3538219198424573e-03,1.3538219198424573e-03
1159,-1.4166666666700001e+00,-8.3333333331699996e-02,5.0000000000000003e-02,3.1250000000000002e-03,2.2344078559200001e-01,2.2511950383883073e-01,-1.6787182468307182e-03,1.6787182468307182e-03
1160,-1.4166666666700001e+00,8.3333333335200002e-02,5.0000000000000003e-02,3.1250000000000002e-03,2.2344078559200001e-01,2.2511950383876364e-01,-1.6787182467636330e-03,1.6787182467636330e-03
1161,-1.3333333333299999e+00,1.6666666666900001e-01,5.0000000000000003e-02,3.1250000000000002e-03,2.5983698556899998e-01,2.6119080748866336e-01,-1.3538219196633783e-03,1.3538219196633783e-03
1162,-1.3333333333299999e+00,3.3333333333499998e-01,5.0000000000000003e-02,3.1250000000000002e-03,2.4964603314799999e-01,2.5010858029963606e-01,-4.6254715163607241e-04,4.6254715163607241e-04
1163,-1.4166666666700001e+00,4.1666666666899999e-01,5.0000000000000003e-02,3.1250000000000002e-03,2.0573223810899999e-01,2.0631907528541021e-01,-5.8683717641022648e-04,5.8683717641022648e-04
1164,-1.4166666666700001e+00,5.8333333333600002e-01,5.0000000000000003e-02,3.1250000000000002e-03,1.8618746266500000e-01,1.8836253127631317e-01,-2.1750686113131690e-03,2.1750686113131690e-03
1165,-1.3333333333299999e+00,6.6666666666899999e-01,5.0000000000000003e-02,3.1250000000000002e-03,2.0651472011899999e-01,2.0829578242708061e-01,-1.7810623080806165e-03,1.7810623080806165e-03
1166,-1.3333333333299999e+00,8.3333333333600002e-01,5.0000000000000003e-02,3.1250000000000002e-03,1.8023864441699999e-01,1.7999478152512172e-01,2.4386289187827703e-04,2.4386289187827703e-04
1167,-1.4166666666700001e+00,9.1666666666899999e-01,5.0000000000000003e-02,3.1250000000000002e-03,1.4087997037800001e-01,1.4052284903121143e-01,3.5712134678858587e-04,3.5712134678858587e-04
1168,-1.4166666666700001e+00,1.0833333333399999e+00,5.0000000000000003e-02,3.1249999999899999e-03,1.1180222746100001e-01,1.1398320887379508e-01,-2.1809814127950744e-03,2.1809814127950744e-03
1169,-1.3333333333299999e+00,1.1666666666700001e+00,5.0000000000000003e-02,3.1249999999899999e-03,1.1626950746100000e-01,1.1832184766114716e-01,-2.0523402001471625e-03,2.0523402001471625e-03
1170,-1.3333333333299999e+00,1.3333333333399999e+00,5.0000000000000003e-02,3.1249999999899999e-03,8.9412777516199998e-02,8.9382044975854155e-02,3.0732540345843051e-05,3.0732540345843051e-05
1171,-1.4166666666700001e+00,1.4166666666700001e+00,5.0000000000000003e-02,3.1249999999899999e-03,6.5381030689900005e-02,6.4996010460350043e-02,3.8502022954996218e-04,3.8502022954996218e-04
1172,-1.4166666666700001e+00,1.5833333333399999e+00,5.0000000000000003e-02,3.1249999999899999e-03,4.4115430435399998e-02,4.5419627338350338e-02,-1.3041969029503400e-03,1.3041969029503400e-03
1173,-1.3333333333299999e+00,1.6666666666700001e+00,5.0000000000000003e-02,3.1249999999899999e-03,4.2253872267400003e-02,4.3621824781575405e-02,-1.3679525141754023e-03,1.3679525141754023e-03
1174,-1.3333333333299999e+00,1.8333333333299999e+00,5.0000000000000003e-02,3.1249999999899999e-03,2.8010120665600002e-02,2.8046943099131541e-02,-3.6822433531539384e-05,3.6822433531539384e-05
1175,-1.4166666666700001e+00,1.9166666666700001e+00,5.0000000000000003e-02,3.1249999999899999e-03,1.8978333662799999e-02,1.8767418368935002e-02,2.1091529386499733e-04,2.1091529386499733e-04
1176,-1.4166666666700001e+00,2.0833333333300001e+00,5.0000000000000003e-02,3.1249999999899999e-03,1.0744659417600000e-02,1.1055581427954356e-02,-3.1092201035435620e-04,3.1092201035435620e-04
1177,-1.3333333333299999e+00,2.1666666666699999e+00,5.0000000000000003e-02,3.1250000000000002e-03,9.3567963515400008e-03,9.7293513489858444e-03,-3.7255499744584357e-04,3.7255499744584357e-04
1178,-1.3333333333299999e+00,2.3333333333300001e+00,5.0000000000000003e-02,3.1250000000000002e-03,5.3010773517199999e-03,5.2341643499868046e-03,6.6913001733195226e-05,6.6913001733195226e-05
1179,-1.4166666666600001e+00,2.4166666666699999e+00,5.0000000000000003e-02,3.1250000000000002e-03,3.3097173173400000e-03,3.1988123952085569e-03,1.1090492213144303e-04,1.1090492213144303e-04
1180,-1.4166666666600001e+00,2.5833333333300001e+00,5.0000000000000003e-02,3.1250000000000002e-03,1.5748656625099999e-03,1.5676712413342079e-03,7.1944211757920228e-06,7.1944211757920228e-06
1181,-1.3333333333299999e+00,2.6666666666699999e+00,5.0000000000000003e-02,3.1250000000000002e-03,1.2373989637999999e-03,1.2568609204558392e-03,-1.9461956655839312e-05,1.9461956655839312e-05
1182,-1.3333333333299999e+00,2.8333333333300001e+00,5.0000000000000003e-02,3.1250000000000002e-03,5.9956366428600002e-04,5.6003931324365738e-04,3.9524351042342638e-05,3.9524351042342638e-05
1183,-1.4166666666600001e+00,2.9166666666699999e+00,5.0000000000000003e-02,3.1250000000000002e-03,3.4385845907999998e-04,3.1120415756569913e-04,3.2654301514300848e-05,3.2654301514300848e-05
1184,-1.4166666666600001e+00,3.0833333333300001e+00,5.0000000000000003e-02,3.1250000000000002e-03,1.3879023269399999e-04,1.2588927559486395e-04,1.2900957099136045e-05,1.2900957099136045e-05
1185,-1.3333333333299999e+00,3.1666666666699999e+00,5.0000000000000003e-02,3.1250000000000002e-03,9.8031304773600004e-05,9.1632248204964848e-05,6.3990565686351564e-06,6.3990565686351564e-06
1186,-1.3333333333299999e+00,3.3333333333300001e+00,5.0000000000000003e-02,3.1250000000000002e-03,4.0848355040800002e-05,3.3611625533845697e-05,7.2367295069543052e-06,7.2367295069543052e-06
1187,-1.4166666666600001e+00,3.4166666666699999e+00,5.0000000000000003e-02,3.1250000000000002e-03,2.1482707821800001e-05,1.6936583547512559e-05,4.5461242742874416e-06,4.5461242742874416e-06
1188,-1.4166666666600001e+00,3.5833333333300001e+00,5.0000000000000003e-02,3.1250000000000002e-03,7.4414348672600001e-06,5.6280185663693563e-06,1.8134163008906438e-06,1.8134163008906438e-06
1189,-1.3333333333299999e+00,3.6666666666699999e+00,5.0000000000000003e-02,3.1250000000000002e-03,4.7204547797399997e-06,3.7111841338364341e-06,1.0092706459035656e-06,1.0092706459035656e-06
1190,-1.3333333333299999e+00,3.8333333333300001e+00,5.0000000000000003e-02,3.1250000000100000e-03,1.7042272728800001e-06,1.1163527753078219e-06,5.8787449757217821e-07,5.8787449757217821e-07
1191,-1.4166666666600001e+00,3.9166666666699999e+00,5.0000000000000003e-02,3.1250000000100000e-03,8.2125993392699996e-07,5.0921805372492529e-07,3.1204188020207466e-07,3.1204188020207466e-07
1192,-1.4166666666600001e+00,4.0833333333299997e+00,5.0000000000000003e-02,3.1250000000100000e-03,2.4696739070800001e-07,1.3857480031511947e-07,1.0839259039288054e-07,1.0839259039288054e-07
1193,-1.3333333333299999e+00,4.1666666666700003e+00,5.0000000000000003e-02,3.1250000000100000e-03,1.4080288376800000e-07,8.2668117729255422e-08,5.8134766038744580e-08,5.8134766038744580e-08
1194,-1.3333333333299999e+00,4.3333333333299997e+00,5.0000000000000003e-02,3.1250000000100000e-03,4.4394466202999999e-08,2.0341837441743946e-08,2.4052628761256052e-08,2.4052628761256052e-08
1195,-1.4166666666600001e+00,4.4166666666700003e+00,5.0000000000000003e-02,3.1250000000100000e-03,1.9602141848900001e-08,8.3901231283766912e-09,1.1212018720523310e-08,1.1212018720523310e-08
1196,-1.4166666666600001e+00,4.5833333333299997e+00,5.0000000000000003e-02,3.1250000000100000e-03,5.1736531776500001e-09,1.8659924022800088e-09,3.3076607753699912e-09,3.3076607753699912e-09
1197,-1.3333333333299999e+00,4.6666666666700003e+00,5.0000000000000003e-02,3.1250000000100000e-03,2.6621156509900001e-09,1.0061352448935830e-09,1.6559804060964171e-09,1.6559804060964171e-09
1198,-1.3333333333299999e+00,4.8333333333299997e+00,5.0000000000000003e-02,3.1250000000100000e-03,7.6865337998799998e-10,2.0217845878389536e-10,5.6647492120410459e-10,5.6647492120410459e-10
1199,-1.4166666666600001e+00,4.9166666666700003e+00,5.0000000000000003e-02,3.1250000000100000e-03,3.6764416443000000e-10,7.5344691290793970e-11,2.9229947313920603e-10,2.9229947313920603e-10
1200,-1.0833333333399999e+00,-4.9166666666700003e+00,5.0000000000000003e-02,3.1249999999899999e-03,5.7583677185700004e-10,1.3213164352600228e-10,4.4370512833099776e-10,4.4370512833099776e-10
1201,-1.1666666666700001e+00,-4.8333333333299997e+00,5.0000000000000003e-02,3.1249999999899999e-03,1.0081611299200001e-09,2.6763908575393679e-10,7.4052204416606334e-10,7.4052204416606334e-10
1202,-1.1666666666700001e+00,-4.6666666666700003e+00,5.0000000000000003e-02,3.1249999999899999e-03,3.8329564146699998e-09,1.3318981592196289e-09,2.5010582554503707e-09,2.5010582554503707e-09
1203,-1.0833333333399999e+00,-4.5833333333299997e+00,5.0000000000000003e-02,3.1249999999899999e-03,8.8674308795099993e-09,3.2723824160178941e-09,5.5950484634921053e-09,5.5950484634921053e-09
1204,-1.0833333333399999e+00,-4.4166666666700003e+00,5.0000000000000003e-02,3.1250000000000002e-03,3.0331262240900001e-08,1.4713720891884403e-08,1.5617541349015599e-08,1.5617541349015599e-08
1205,-1.1666666666700001e+00,-4.3333333333299997e+00,5.0000000000000003e-02,3.1250000000000002e-03,5.7571657320700002e-08,2.6928045688996100e-08,3.0643611631703902e-08,3.0643611631703902e-08
1206,-1.1666666666700001e+00,-4.1666666666700003e+00,5.0000000000000003e-02,3.1250000000000002e-03,2.0169504816300000e-07,1.0943410877271526e-07,9.2260939390284736e-08,9.2260939390284736e-08
1207,-1.0833333333399999e+00,-4.0833333333299997e+00,5.0000000000000003e-02,3.1250000000000002e-03,4.2783794893000000e-07,2.4301799905525054e-07,1.8481994987474946e-07,1.8481994987474946e-07
1208,-1.0833333333399999e+00,-3.9166666666699999e+00,5.0000000000000003e-02,3.1250000000000002e-03,1.2837793427799999e-06,8.9301339217256311e-07,3.9076595060743684e-07,3.9076595060743684e-07
1209,-1.1666666666700001e+00,-3.8333333333300001e+00,5.0000000000000003e-02,3.1250000000000002e-03,2.1976106619800001e-06,1.4778015321682475e-06,7.1980912981175260e-07,7.1980912981175260e-07
1210,-1.1666666666700001e+00,-3.6666666666699999e+00,5.0000000000000003e-02,3.1249999999899999e-03,6.7209462993800000e-06,4.9127782189010213e-06,1.8081680804789787e-06,1.8081680804789787e-06
1211,-1.0833333333399999e+00,-3.5833333333300001e+00,5.0000000000000003e-02,3.1249999999899999e-03,1.3036754823400001e-05,9.8698306440615832e-06,3.1669241793384175e-06,3.1669241793384175e-06
1212,-1.0833333333399999e+00,-3.4166666666699999e+00,5.0000000000000003e-02,3.1249999999899999e-03,3.4024223930399998e-05,2.9701609781785889e-05,4.3226141486141090e-06,4.3226141486141090e-06
1213,-1.1666666666700001e+00,-3.3333333333300001e+00,5.0000000000000003e-02,3.1249999999899999e-03,5.2463451798099999e-05,4.4494278879618723e-05,7.9691729184812757e-06,7.9691729184812757e-06
1214,-1.1666666666700001e+00,-3.1666666666699999e+00,5.0000000000000003e-02,3.1249999999899999e-03,1.3858426120600000e-04,1.2130061373832230e-04,1.7283647467677702e-05,1.7283647467677702e-05
1215,-1.0833333333399999e+00,-3.0833333333300001e+00,5.0000000000000003e-02,3.1249999999899999e-03,2.4584273456200001e-04,2.2077145186577532e-04,2.5071282696224683e-05,2.5071282696224683e-05
1216,-1.0833333333399999e+00,-2.9166666666699999e+00,5.0000000000000003e-02,3.1249999999899999e-03,5.5350444380200005e-04,5.4575732021487568e-04,7.7471235871243724e-06,7.7471235871243724e-06
1217,-1.1666666666700001e+00,-2.8333333333300001e+00,5.0000000000000003e-02,3.1249999999899999e-03,7.6874400479599999e-04,7.4136686313851024e-04,2.7377141657489753e-05,2.7377141657489753e-05
1218,-1.1666666666700001e+00,-2.6666666666699999e+00,5.0000000000000003e-02,3.1249999999899999e-03,1.7343334272200001e-03,1.6638029080546500e-03,7.0530519165350105e-05,7.0530519165350105e-05
1219,-1.0833333333399999e+00,-2.5833333333300001e+00,5.0000000000000003e-02,3.1249999999899999e-03,2.8163636642500002e-03,2.7492179485676177e-03,6.7145715682382506e-05,6.7145715682382506e-05
1220,-1.0833333333399999e+00,-2.4166666666699999e+00,5.0000000000000003e-02,3.1249999999899999e-03,5.4304470057800003e-03,5.6097427950029706e-03,-1.7929578922297029e-04,1.7929578922297029e-04
1221,-1.1666666666700001e+00,-2.3333333333300001e+00,5.0000000000000003e-02,3.1249999999899999e-03,6.8060119740900003e-03,6.9288635878547106e-03,-1.2285161376471027e-04,1.2285161376471027e-04
1222,-1.1666666666700001e+00,-2.1666666666699999e+00,5.0000000000000003e-02,3.1249999999899999e-03,1.2980295100300000e-02,1.2879486349258996e-02,1.0080875104100454e-04,1.0080875104100454e-04
1223,-1.0833333333399999e+00,-2.0833333333300001e+00,5.0000000000000003e-02,3.1249999999899999e-03,1.9337370975000000e-02,1.9388123027835828e-02,-5.0752052835827122e-05,5.0752052835827122e-05
1224,-1.0833333333399999e+00,-1.9166666666700001e+00,5.0000000000000003e-02,3.1249999999899999e-03,3.1798124729699999e-02,3.2912336508302914e-02,-1.1142117786029151e-03,1.1142117786029151e-03
1225,-1.1666666666700001e+00,-1.8333333333299999e+00,5.0000000000000003e-02,3.1249999999899999e-03,3.6136309113100000e-02,3.7127883229477771e-02,-9.9157411637777054e-04,9.9157411637777054e-04
1226,-1.1666666666700001e+00,-1.6666666666700001e+00,5.0000000000000003e-02,3.1249999999899999e-03,5.7931817227900001e-02,5.7745545067876609e-02,1.8627216002339159e-04,1.8627216002339159e-04
1227,-1.0833333333399999e+00,-1.5833333333299999e+00,5.0000000000000003e-02,3.1249999999899999e-03,7.9508360313599993e-02,7.9652194547464986e-02,-1.4383423386499228e-04,1.4383423386499228e-04
1228,-1.0833333333399999e+00,-1.4166666666700001e+00,5.0000000000000003e-02,3.1249999999899999e-03,1.1180222746100001e-01,1.1398320887379508e-01,-2.1809814127950744e-03,2.1809814127950744e-03
1229,-1.1666666666700001e+00,-1.3333333333299999e+00,5.0000000000000003e-02,3.1249999999899999e-03,1.1626950746100000e-01,1.1832184766114716e-01,-2.0523402001471625e-03,2.0523402001471625e-03
1230,-1.1666666666700001e+00,-1.1666666666700001e+00,5.0000000000000003e-02,3.1249999999899999e-03,1.5749892693400000e-01,1.5663167739642747e-01,8.6724953757252865e-04,8.6724953757252865e-04
1231,-1.0833333333399999e+00,-1.0833333333299999e+00,5.0000000000000003e-02,3.1249999999899999e-03,2.0068456446200000e-01,1.9989183664240145e-01,7.9272781959854877e-04,7.9272781959854877e-04
1232,-1.0833333333399999e+00,-9.1666666666600005e-01,5.0000000000000003e-02,3.1250000000000002e-03,2.4490492040400000e-01,2.4643428326251512e-01,-1.5293628585151264e-03,1.5293628585151264e-03
1233,-1.1666666666700001e+00,-8.3333333333299997e-01,5.0000000000000003e-02,3.1250000000000002e-03,2.3652649780300000e-01,2.3827285586096503e-01,-1.7463580579650251e-03,1.7463580579650251e-03
1234,-1.1666666666700001e+00,-6.6666666666600005e-01,5.0000000000000003e-02,3.1250000000000002e-03,2.7687644583799997e-01,2.7573705483085076e-01,1.1393910071492153e-03,1.1393910071492153e-03
1235,-1.0833333333399999e+00,-5.8333333333299997e-01,5.0000000000000003e-02,3.1250000000000002e-03,3.3173620840300000e-01,3.3033051712618916e-01,1.4056912768108387e-03,1.4056912768108387e-03
1236,-1.0833333333299999e+00,-4.1666666666600000e-01,5.0000000000000003e-02,3.1250000000000002e-03,3.6143695821400001e-01,3.6182082695075984e-01,-3.8386873675982924e-04,3.8386873675982924e-04
1237,-1.1666666666700001e+00,-3.3333333333199999e-01,5.0000000000000003e-02,3.1250000000000002e-03,3.3018814629100002e-01,3.3108785264917745e-01,-8.9970635817743227e-04,8.9970635817743227e-04
1238,-1.1666666666700001e+00,-1.6666666666499999e-01,5.0000000000000003e-02,3.1250000000000002e-03,3.4581375049200003e-01,3.4575824419735168e-01,5.5506294648344223e-05,5.5506294648344223e-05
1239,-1.0833333333299999e+00,-8.3333333332099996e-02,5.0000000000000003e-02,3.1250000000000002e-03,3.9525162529800001e-01,3.9479105326989922e-01,4.6057202810079190e-04,4.6057202810079190e-04
1240,-1.0833333333299999e+00,8.3333333334800003e-02,5.0000000000000003e-02,3.1250000000000002e-03,3.9525162529800001e-01,3.9479105326980846e-01,4.6057202819155263e-04,4.6057202819155263e-04
1241,-1.1666666666700001e+00,1.6666666666800001e-01,5.0000000000000003e-02,3.1250000000000002e-03,3.4581375049200003e-01,3.4575824419717388e-01,5.5506294826146441e-05,5.5506294826146441e-05
1242,-1.1666666666700001e+00,3.3333333333499998e-01,5.0000000000000003e-02,3.1250000000000002e-03,3.3018814629100002e-01,3.3108785264882890e-01,-8.9970635782887776e-04,8.9970635782887776e-04
1243,-1.0833333333299999e+00,4.1666666666899999e-01,5.0000000000000003e-02,3.1250000000000002e-03,3.6143695821400001e-01,3.6182082695027573e-01,-3.8386873627571649e-04,3.8386873627571649e-04
1244,-1.0833333333299999e+00,5.8333333333500004e-01,5.0000000000000003e-02,3.1250000000000002e-03,3.3173620840300000e-01,3.3033051713035938e-01,1.4056912726406190e-03,1.4056912726406190e-03
1245,-1.1666666666700001e+00,6.6666666666899999e-01,5.0000000000000003e-02,3.1250000000000002e-03,2.7687644583799997e-01,2.7573705483022221e-01,1.1393910077777680e-03,1.1393910077777680e-03
1246,-1.1666666666700001e+00,8.3333333333600002e-01,5.0000000000000003e-02,3.1250000000000002e-03,2.3652649780300000e-01,2.3827285586025282e-01,-1.7463580572528170e-03,1.7463580572528170e-03
1247,-1.0833333333299999e+00,9.1666666666899999e-01,5.0000000000000003e-02,3.1250000000000002e-03,2.4490492040400000e-01,2.4643428326511649e-01,-1.5293628611164900e-03,1.5293628611164900e-03
1248,-1.0833333333299999e+00,1.0833333333399999e+00,5.0000000000000003e-02,3.1249999999899999e-03,2.0068456446200000e-01,1.9989183664240145e-01,7.9272781959854877e-04,7.9272781959854877e-04
1249,-1.1666666666700001e+00,1.1666666666700001e+00,5.0000000000000003e-02,3.1249999999899999e-03,1.5749892693400000e-01,1.5663167739642747e-01,8.6724953757252865e-04,8.6724953757252865e-04
1250,-1.1666666666700001e+00,1.3333333333399999e+00,5.0000000000000003e-02,3.1249999999899999e-03,1.1626950746100000e-01,1.1832184765897719e-01,-2.0523401979771899e-03,2.0523401979771899e-03
1251,-1.0833333333299999e+00,1.4166666666700001e+00,5.0000000000000003e-02,3.1249999999899999e-03,1.1180222746100001e-01,1.1398320887538224e-01,-2.1809814143822354e-03,2.1809814143822354e-03
1252,-1.0833333333299999e+00,1.5833333333299999e+00,5.0000000000000003e-02,3.1249999999899999e-03,7.9508360313699997e-02,7.9652194548574112e-02,-1.4383423487411562e-04,1.4383423487411562e-04
1253,-1.1666666666700001e+00,1.6666666666700001e+00,5.0000000000000003e-02,3.1249999999899999e-03,5.7931817227999997e-02,5.7745545067876609e-02,1.8627216012338799e-04,1.8627216012338799e-04
1254,-1.1666666666700001e+00,1.8333333333299999e+00,5.0000000000000003e-02,3.1249999999899999e-03,3.6136309113200003e-02,3.7127883229477771e-02,-9.9157411627776720e-04,9.9157411627776720e-04
1255,-1.0833333333299999e+00,1.9166666666700001e+00,5.0000000000000003e-02,3.1250000000000002e-03,3.1798124729699999e-02,3.2912336508761200e-02,-1.1142117790612013e-03,1.1142117790612013e-03
1256,-1.0833333333299999e+00,2.0833333333300001e+00,5.0000000000000003e-02,3.1250000000000002e-03,1.9337370975000000e-02,1.9388123028105799e-02,-5.0752053105798667e-05,5.0752053105798667e-05
1257,-1.1666666666700001e+00,2.1666666666699999e+00,5.0000000000000003e-02,3.1250000000000002e-03,1.2980295100300000e-02,1.2879486349258996e-02,1.0080875104100454e-04,1.0080875104100454e-04
1258,-1.1666666666700001e+00,2.3333333333300001e+00,5.0000000000000003e-02,3.1250000000000002e-03,6.8060119741199998e-03,6.9288635878547106e-03,-1.2285161373471083e-04,1.2285161373471083e-04
1259,-1.0833333333299999e+00,2.4166666666699999e+00,5.0000000000000003e-02,3.1250000000000002e-03,5.4304470058099998e-03,5.6097427950810835e-03,-1.7929578927108371e-04,1.7929578927108371e-04
1260,-1.0833333333299999e+00,2.5833333333300001e+00,5.0000000000000003e-02,3.1250000000000002e-03,2.8163636642699998e-03,2.7492179486058995e-03,6.7145715664100256e-05,6.7145715664100256e-05
1261,-1.1666666666600001e+00,2.6666666666699999e+00,5.0000000000000003e-02,3.1250000000000002e-03,1.7343334272300001e-03,1.6638029080801883e-03,7.0530519149811753e-05,7.0530519149811753e-05
1262,-1.1666666666600001e+00,2.8333333333300001e+00,5.0000000000000003e-02,3.1250000000000002e-03,7.6874400480199997e-04,7.4136686314988981e-04,2.7377141652110159e-05,2.7377141652110159e-05
1263,-1.0833333333299999e+00,2.9166666666699999e+00,5.0000000000000003e-02,3.1250000000000002e-03,5.5350444380699996e-04,5.4575732022247518e-04,7.7471235845247809e-06,7.7471235845247809e-06
1264,-1.0833333333299999e+00,3.0833333333300001e+00,5.0000000000000003e-02,3.1250000000000002e-03,2.4584273456499999e-04,2.2077145186884947e-04,2.5071282696150524e-05,2.5071282696150524e-05
1265,-1.1666666666600001e+00,3.1666666666699999e+00,5.0000000000000003e-02,3.1250000000000002e-03,1.3858426120700001e-04,1.2130061374018420e-04,1.7283647466815816e-05,1.7283647466815816e-05
1266,-1.1666666666600001e+00,3.3333333333300001e+00,5.0000000000000003e-02,3.1250000000000002e-03,5.2463451798700003e-05,4.4494278880301682e-05,7.9691729183983207e-06,7.9691729183983207e-06
1267,-1.0833333333299999e+00,3.4166666666699999e+00,5.0000000000000003e-02,3.1250000000000002e-03,3.4024223930800001e-05,2.9701609782199472e-05,4.3226141486005294e-06,4.3226141486005294e-06
1268,-1.0833333333299999e+00,3.5833333333300001e+00,5.0000000000000003e-02,3.1250000000000002e-03,1.3036754823600000e-05,9.8698306441990160e-06,3.1669241794009844e-06,3.1669241794009844e-06
1269,-1.1666666666600001e+00,3.6666666666699999e+00,5.0000000000000003e-02,3.1250000000000002e-03,6.7209462994799998e-06,4.9127782189764301e-06,1.8081680805035697e-06,1.8081680805035697e-06
1270,-1.1666666666600001e+00,3.8333333333300001e+00,5.0000000000000003e-02,3.1250000000100000e-03,2.1976106620099999e-06,1.4778015321909309e-06,7.1980912981906906e-07,7.1980912981906906e-07
1271,-1.0833333333299999e+00,3.9166666666699999e+00,5.0000000000000003e-02,3.1250000000100000e-03,1.2837793428099999e-06,8.9301339218499797e-07,3.9076595062500197e-07,3.9076595062500197e-07
1272,-1.0833333333299999e+00,4.0833333333299997e+00,5.0000000000000003e-02,3.1250000000100000e-03,4.2783794893699999e-07,2.4301799905863449e-07,1.8481994987836550e-07,1.8481994987836550e-07
1273,-1.1666666666600001e+00,4.1666666666700003e+00,5.0000000000000003e-02,3.1250000000100000e-03,2.0169504816700001e-07,1.0943410877439501e-07,9.2260939392604997e-08,9.2260939392604997e-08
1274,-1.1666666666600001e+00,4.3333333333299997e+00,5.0000000000000003e-02,3.1250000000100000e-03,5.7571657321900003e-08,2.6928045689409432e-08,3.0643611632490571e-08,3.0643611632490571e-08
1275,-1.0833333333299999e+00,4.4166666666700003e+00,5.0000000000000003e-02,3.1250000000100000e-03,3.0331262241499998e-08,1.4713720892089285e-08,1.5617541349410713e-08,1.5617541349410713e-08
1276,-1.0833333333299999e+00,4.5833333333299997e+00,5.0000000000000003e-02,3.1250000000100000e-03,8.8674308796799999e-09,3.2723824160634605e-09,5.5950484636165389e-09,5.5950484636165389e-09
1277,-1.1666666666600001e+00,4.6666666666700003e+00,5.0000000000000003e-02,3.1250000000100000e-03,3.8329564147499998e-09,1.3318981592400729e-09,2.5010582555099269e-09,2.5010582555099269e-09
1278,-1.1666666666600001e+00,4.8333333333299997e+00,5.0000000000000003e-02,3.1250000000100000e-03,1.0081611299400001e-09,2.6763908575804488e-10,7.4052204418195514e-10,7.4052204418195514e-10
1279,-1.0833333333299999e+00,4.9166666666700003e+00,5.0000000000000003e-02,3.1250000000100000e-03,5.7583677186900005e-10,1.3213164352784216e-10,4.4370512834115786e-10,4.4370512834115786e-10
1280,-9.1666666667399999e-01,-4.9166666666700003e+00,5.0000000000000003e-02,3.1250000000100000e-03,7.4876648319500003e-10,1.6289693173934421e-10,5.8586955145565582e-10,5.8586955145565582e-10
1281,-8.3333333334000004e-01,-4.8333333333299997e+00,5.0000000000000003e-02,3.1250000000100000e-03,1.5018226304799999e-09,4.0714069058177636e-10,1.0946819398982234e-09,1.0946819398982234e-09
1282,-8.3333333334000004e-01,-4.6666666666700003e+00,5.0000000000000003e-02,3.1250000000100000e-03,5.3097673835200000e-09,2.0261238555710470e-09,3.2836435279489530e-09,3.2836435279489530e-09
1283,-9.1666666667300001e-01,-4.5833333333299997e+00,5.0000000000000003e-02,3.1250000000100000e-03,1.0813624466900000e-08,4.0343179031357039e-09,6.7793065637642961e-09,6.7793065637642961e-09
1284,-9.1666666667300001e-01,-4.4166666666700003e+00,5.0000000000000003e-02,3.1250000000100000e-03,3.9860330347400002e-08,1.8139636530654947e-08,2.1720693816745055e-08,2.1720693816745055e-08
1285,-8.3333333334000004e-01,-4.3333333333299997e+00,5.0000000000000003e-02,3.1250000000100000e-03,8.6708728175100006e-08,4.0963759411116707e-08,4.5744968763983299e-08,4.5744968763983299e-08
1286,-8.3333333333899995e-01,-4.1666666666700003e+00,5.0000000000000003e-02,3.1250000000100000e-03,2.8114215546600002e-07,1.6647448370053155e-07,1.1466767176546847e-07,1.1466767176546847e-07
1287,-9.1666666667300001e-01,-4.0833333333299997e+00,5.0000000000000003e-02,3.1250000000100000e-03,5.1915149825799996e-07,2.9960186180374949e-07,2.1954963645425046e-07,2.1954963645425046e-07
1288,-9.1666666667300001e-01,-3.9166666666699999e+00,5.0000000000000003e-02,3.1250000000100000e-03,1.6795058331200001e-06,1.1009409835925536e-06,5.7856484952744649e-07,5.7856484952744649e-07
1289,-8.3333333333899995e-01,-3.8333333333300001e+00,5.0000000000000003e-02,3.1250000000100000e-03,3.3358647885700001e-06,2.2480764894838865e-06,1.0877882990861136e-06,1.0877882990861136e-06
1290,-8.3333333333899995e-01,-3.6666666666699999e+00,5.0000000000000003e-02,3.1250000000000002e-03,9.4464566105299996e-06,7.4734671547914699e-06,1.9729894557385297e-06,1.9729894557385297e-06
1291,-9.1666666667200003e-01,-3.5833333333300001e+00,5.0000000000000003e-02,3.1250000000000002e-03,1.5756441234100001e-05,1.2167903810201264e-05,3.5885374238987370e-06,3.5885374238987370e-06
1292,-9.1666666667200003e-01,-3.4166666666699999e+00,5.0000000000000003e-02,3.1250000000000002e-03,4.4278196934199998e-05,3.6617277830430894e-05,7.6609191037691035e-06,7.6609191037691035e-06
1293,-8.3333333333799997e-01,-3.3333333333300001e+00,5.0000000000000003e-02,3.1250000000000002e-03,8.0265016211099999e-05,6.7686045851603508e-05,1.2578970359496491e-05,1.2578970359496491e-05
1294,-8.3333333333799997e-01,-3.1666666666699999e+00,5.0000000000000003e-02,3.1250000000000002e-03,1.9682822038400000e-04,1.8452617078103966e-04,1.2302049602960335e-05,1.2302049602960335e-05
1295,-9.1666666667200003e-01,-3.0833333333300001e+00,5.0000000000000003e-02,3.1250000000000002e-03,2.9636751457700001e-04,2.7217546959202628e-04,2.4192044984973728e-05,2.4192044984973728e-05
1296,-9.1666666667100005e-01,-2.9166666666699999e+00,5.0000000000000003e-02,3.1250000000000002e-03,7.1578633780600002e-04,6.7283044821957736e-04,4.2955889586422658e-05,4.2955889586422658e-05
1297,-8.3333333333799997e-01,-2.8333333333300001e+00,5.0000000000000003e-02,3.1250000000000002e-03,1.1845338515700000e-03,1.1277897463405899e-03,5.6744105229410103e-05,5.6744105229410103e-05
1298,-8.3333333333799997e-01,-2.6666666666699999e+00,5.0000000000000003e-02,3.1250000000000002e-03,2.4945227425199998e-03,2.5310274210153315e-03,-3.6504678495331670e-05,3.6504678495331670e-05
1299,-9.1666666667100005e-01,-2.5833333333300001e+00,5.0000000000000003e-02,3.1250000000000002e-03,3.3931136260399999e-03,3.3893407858638894e-03,3.7728401761105181e-06,3.7728401761105181e-06
1300,-9.1666666667100005e-01,-2.4166666666699999e+00,5.0000000000000003e-02,3.1250000000000002e-03,6.9696048475600004e-03,6.9159049624333635e-03,5.3699885126636850e-05,5.3699885126636850e-05
1301,-8.3333333333699999e-01,-2.3333333333300001e+00,5.0000000000000003e-02,3.1250000000000002e-03,1.0543264741300001e-02,1.0540397334596068e-02,2.8674067039328316e-06,2.8674067039328316e-06
1302,-8.3333333333699999e-01,-2.1666666666699999e+00,5.0000000000000003e-02,3.1250000000000002e-03,1.8941123096000000e-02,1.9592665069154275e-02,-6.5154197315427445e-04,6.5154197315427445e-04
1303,-9.1666666666999996e-01,-2.0833333333300001e+00,5.0000000000000003e-02,3.1250000000000002e-03,2.3341253824599999e-02,2.3902417839917728e-02,-5.6116401531772914e-04,5.6116401531772914e-04
1304,-9.1666666666999996e-01,-1.9166666666700001e+00,5.0000000000000003e-02,3.1250000000000002e-03,4.0451724183100002e-02,4.0575584247117685e-02,-1.2386006401768346e-04,1.2386006401768346e-04
1305,-8.3333333333699999e-01,-1.8333333333299999e+00,5.0000000000000003e-02,3.1250000000000002e-03,5.6107611234400001e-02,5.6480061480377278e-02,-3.7245024597727661e-04,3.7245024597727661e-04
1306,-8.3333333333600002e-01,-1.6666666666700001e+00,5.0000000000000003e-02,3.1250000000000002e-03,8.5820746362599995e-02,8.7844273682302562e-02,-2.0235273197025672e-03,2.0235273197025672e-03
1307,-9.1666666666999996e-01,-1.5833333333299999e+00,5.0000000000000003e-02,3.1250000000000002e-03,9.6406422877800005e-02,9.8198264638949040e-02,-1.7918417611490350e-03,1.7918417611490350e-03
1308,-9.1666666666899999e-01,-1.4166666666700001e+00,5.0000000000000003e-02,3.1250000000000002e-03,1.4087997037800001e-01,1.4052284903121143e-01,3.5712134678858587e-04,3.5712134678858587e-04
1309,-8.3333333333600002e-01,-1.3333333333299999e+00,5.0000000000000003e-02,3.1250000000000002e-03,1.8023864441699999e-01,1.7999478152512172e-01,2.4386289187827703e-04,2.4386289187827703e-04
1310,-8.3333333333600002e-01,-1.1666666666700001e+00,5.0000000000000003e-02,3.1250000000000002e-03,2.3652649780300000e-01,2.3827285586025282e-01,-1.7463580572528170e-03,1.7463580572528170e-03
1311,-9.1666666666899999e-01,-1.0833333333299999e+00,5.0000000000000003e-02,3.1250000000000002e-03,2.4490492040400000e-01,2.4643428326511649e-01,-1.5293628611164900e-03,1.5293628611164900e-03
1312,-9.1666666666899999e-01,-9.1666666666700003e-01,5.0000000000000003e-02,3.1250000000100000e-03,3.0587826165199999e-01,3.0381358732685870e-01,2.0646743251412913e-03,2.0646743251412913e-03
1313,-8.3333333333500004e-01,-8.3333333333299997e-01,5.0000000000000003e-02,3.1250000000100000e-03,3.6486418713800001e-01,3.6246789144915342e-01,2.3962956888465836e-03,2.3962956888465836e-03
1314,-8.3333333333500004e-01,-6.6666666666600005e-01,5.0000000000000003e-02,3.1250000000100000e-03,4.1995861102900001e-01,4.1945956662918255e-01,4.9904439981746096e-04,4.9904439981746096e-04
1315,-9.1666666666800001e-01,-5.8333333333299997e-01,5.0000000000000003e-02,3.1250000000100000e-03,4.0747796364200001e-01,4.0724406557086673e-01,2.3389807113327610e-04,2.3389807113327610e-04
1316,-9.1666666666800001e-01,-4.1666666666600000e-01,5.0000000000000003e-02,3.1250000000100000e-03,4.4840351263099998e-01,4.4606652105745331e-01,2.3369915735466651e-03,2.3369915735466651e-03
1317,-8.3333333333500004e-01,-3.3333333333300003e-01,5.0000000000000003e-02,3.1250000000100000e-03,5.0639850424499999e-01,5.0366087819990590e-01,2.7376260450940881e-03,2.7376260450940881e-03
1318,-8.3333333333500004e-01,-1.6666666666600000e-01,5.0000000000000003e-02,3.1250000000100000e-03,5.2771969717699996e-01,5.2597792254810327e-01,1.7417746288966862e-03,1.7417746288966862e-03
1319,-9.1666666666800001e-01,-8.3333333332300003e-02,5.0000000000000003e-02,3.1250000000100000e-03,4.8800015999200003e-01,4.8671347407172483e-01,1.2866859202751990e-03,1.2866859202751990e-03
1320,-9.1666666666800001e-01,8.3333333334599996e-02,5.0000000000000003e-02,3.1250000000100000e-03,4.8800015999200003e-01,4.8671347407162946e-01,1.2866859203705672e-03,1.2866859203705672e-03
1321,-8.3333333333399995e-01,1.6666666666800001e-01,5.0000000000000003e-02,3.1250000000100000e-03,5.2771969717699996e-01,5.2597792254844711e-01,1.7417746285528501e-03,1.7417746285528501e-03
1322,-8.3333333333399995e-01,3.3333333333499998e-01,5.0000000000000003e-02,3.1250000000100000e-03,5.0639850424499999e-01,5.0366087820005423e-01,2.7376260449457623e-03,2.7376260449457623e-03
1323,-9.1666666666700003e-01,4.1666666666800001e-01,5.0000000000000003e-02,3.1250000000100000e-03,4.4840351263000000e-01,4.4606652105755629e-01,2.3369915724437140e-03,2.3369915724437140e-03
1324,-9.1666666666700003e-01,5.8333333333500004e-01,5.0000000000000003e-02,3.1250000000100000e-03,4.0747796364200001e-01,4.0724406557079446e-01,2.3389807120555162e-04,2.3389807120555162e-04
1325,-8.3333333333399995e-01,6.6666666666899999e-01,5.0000000000000003e-02,3.1250000000100000e-03,4.1995861102900001e-01,4.1945956662864431e-01,4.9904440035569708e-04,4.9904440035569708e-04
1326,-8.3333333333299997e-01,8.3333333333500004e-01,5.0000000000000003e-02,3.1250000000100000e-03,3.6486418713800001e-01,3.6246789144915342e-01,2.3962956888465836e-03,2.3962956888465836e-03
1327,-9.1666666666700003e-01,9.1666666666899999e-01,5.0000000000000003e-02,3.1250000000100000e-03,3.0587826165199999e-01,3.0381358732685870e-01,2.0646743251412913e-03,2.0646743251412913e-03
1328,-9.1666666666600005e-01,1.0833333333399999e+00,5.0000000000000003e-02,3.1250000000000002e-03,2.4490492040400000e-01,2.4643428326251512e-01,-1.5293628585151264e-03,1.5293628585151264e-03
1329,-8.3333333333299997e-01,1.1666666666700001e+00,5.0000000000000003e-02,3.1250000000000002e-03,2.3652649780300000e-01,2.3827285586096503e-01,-1.7463580579650251e-03,1.7463580579650251e-03
1330,-8.3333333333299997e-01,1.3333333333399999e+00,5.0000000000000003e-02,3.1250000000000002e-03,1.8023864441699999e-01,1.7999478152235870e-01,2.4386289464128907e-04,2.4386289464128907e-04
1331,-9.1666666666600005e-01,1.4166666666700001e+00,5.0000000000000003e-02,3.1250000000000002e-03,1.4087997037800001e-01,1.4052284903168477e-01,3.5712134631524228e-04,3.5712134631524228e-04
1332,-9.1666666666600005e-01,1.5833333333299999e+00,5.0000000000000003e-02,3.1250000000000002e-03,9.6406422877899994e-02,9.8198264639390104e-02,-1.7918417614901094e-03,1.7918417614901094e-03
1333,-8.3333333333199999e-01,1.6666666666700001e+00,5.0000000000000003e-02,3.1250000000000002e-03,8.5820746362699998e-02,8.7844273682652629e-02,-2.0235273199526310e-03,2.0235273199526310e-03
1334,-8.3333333333199999e-01,1.8333333333299999e+00,5.0000000000000003e-02,3.1250000000000002e-03,5.6107611234499997e-02,5.6480061480658629e-02,-3.7245024615863154e-04,3.7245024615863154e-04
1335,-9.1666666666499996e-01,1.9166666666700001e+00,5.0000000000000003e-02,3.1250000000000002e-03,4.0451724183199998e-02,4.0575584247345503e-02,-1.2386006414550482e-04,1.2386006414550482e-04
1336,-9.1666666666499996e-01,2.0833333333300001e+00,5.0000000000000003e-02,3.1250000000000002e-03,2.3341253824599999e-02,2.3902417840051930e-02,-5.6116401545193081e-04,5.6116401545193081e-04
1337,-8.3333333333199999e-01,2.1666666666699999e+00,5.0000000000000003e-02,3.1250000000000002e-03,1.8941123096000000e-02,1.9592665069251874e-02,-6.5154197325187346e-04,6.5154197325187346e-04
1338,-8.3333333333100001e-01,2.3333333333300001e+00,5.0000000000000003e-02,3.1250000000000002e-03,1.0543264741300001e-02,1.0540397334659075e-02,2.8674066409259402e-06,2.8674066409259402e-06
1339,-9.1666666666499996e-01,2.4166666666699999e+00,5.0000000000000003e-02,3.1250000000000002e-03,6.9696048475899998e-03,6.9159049624799599e-03,5.3699885110039883e-05,5.3699885110039883e-05
1340,-9.1666666666499996e-01,2.5833333333300001e+00,5.0000000000000003e-02,3.1250000000000002e-03,3.3931136260600000e-03,3.3893407858867253e-03,3.7728401732746789e-06,3.7728401732746789e-06
1341,-8.3333333333100001e-01,2.6666666666699999e+00,5.0000000000000003e-02,3.1250000000000002e-03,2.4945227425399999e-03,2.5310274210329827e-03,-3.6504678492982855e-05,3.6504678492982855e-05
1342,-8.3333333333100001e-01,2.8333333333300001e+00,5.0000000000000003e-02,3.1250000000000002e-03,1.1845338515800001e-03,1.1277897463484552e-03,5.6744105231544897e-05,5.6744105231544897e-05
1343,-9.1666666666399998e-01,2.9166666666699999e+00,5.0000000000000003e-02,3.1250000000000002e-03,7.1578633781100003e-04,6.7283044822486610e-04,4.2955889586133934e-05,4.2955889586133934e-05
1344,-9.1666666666399998e-01,3.0833333333300001e+00,5.0000000000000003e-02,3.1250000000000002e-03,2.9636751457899998e-04,2.7217546959447137e-04,2.4192044984528609e-05,2.4192044984528609e-05
1345,-8.3333333333000004e-01,3.1666666666699999e+00,5.0000000000000003e-02,3.1250000000000002e-03,1.9682822038600000e-04,1.8452617078251038e-04,1.2302049603489615e-05,1.2302049603489615e-05
1346,-8.3333333333000004e-01,3.3333333333300001e+00,5.0000000000000003e-02,3.1250000000000002e-03,8.0265016211900005e-05,6.7686045852142980e-05,1.2578970359757025e-05,1.2578970359757025e-05
1347,-9.1666666666399998e-01,3.4166666666699999e+00,5.0000000000000003e-02,3.1250000000000002e-03,4.4278196934600001e-05,3.6617277830759841e-05,7.6609191038401594e-06,7.6609191038401594e-06
1348,-9.1666666666300001e-01,3.5833333333300001e+00,5.0000000000000003e-02,3.1250000000000002e-03,1.5756441234299999e-05,1.2167903810324234e-05,3.5885374239757645e-06,3.5885374239757645e-06
1349,-8.3333333333000004e-01,3.6666666666699999e+00,5.0000000000000003e-02,3.1250000000000002e-03,9.4464566106500004e-06,7.4734671548584804e-06,1.9729894557915201e-06,1.9729894557915201e-06
1350,-8.3333333333000004e-01,3.8333333333300001e+00,5.0000000000000003e-02,3.1250000000100000e-03,3.3358647886200000e-06,2.2480764895040433e-06,1.0877882991159567e-06,1.0877882991159567e-06
1351,-9.1666666666300001e-01,3.9166666666699999e+00,5.0000000000000003e-02,3.1250000000100000e-03,1.6795058331400000e-06,1.1009409836049160e-06,5.7856484953508398e-07,5.7856484953508398e-07
1352,-9.1666666666300001e-01,4.0833333333299997e+00,5.0000000000000003e-02,3.1250000000100000e-03,5.1915149826599997e-07,2.9960186180711370e-07,2.1954963645888627e-07,2.1954963645888627e-07
1353,-8.3333333332899995e-01,4.1666666666700003e+00,5.0000000000000003e-02,3.1250000000100000e-03,2.8114215547000002e-07,1.6647448370219009e-07,1.1466767176780993e-07,1.1466767176780993e-07
1354,-8.3333333332899995e-01,4.3333333333299997e+00,5.0000000000000003e-02,3.1250000000100000e-03,8.6708728176400003e-08,4.0963759411565634e-08,4.5744968764834369e-08,4.5744968764834369e-08
1355,-9.1666666666200003e-01,4.4166666666700003e+00,5.0000000000000003e-02,3.1250000000100000e-03,3.9860330348100002e-08,1.8139636530879007e-08,2.1720693817220995e-08,2.1720693817220995e-08
1356,-9.1666666666200003e-01,4.5833333333299997e+00,5.0000000000000003e-02,3.1250000000100000e-03,1.0813624467100001e-08,4.0343179031855358e-09,6.7793065639144650e-09,6.7793065639144650e-09
1357,-8.3333333332899995e-01,4.6666666666700003e+00,5.0000000000000003e-02,3.1250000000100000e-03,5.3097673835999999e-09,2.0261238555932518e-09,3.2836435280067481e-09,3.2836435280067481e-09
1358,-8.3333333332799997e-01,4.8333333333299997e+00,5.0000000000000003e-02,3.1250000000100000e-03,1.5018226305000001e-09,4.0714069058664386e-10,1.0946819399133563e-09,1.0946819399133563e-09
1359,-9.1666666666200003e-01,4.9166666666700003e+00,5.0000000000000003e-02,3.1250000000100000e-03,7.4876648320899996e-10,1.6289693174153924e-10,5.8586955146746072e-10,5.8586955146746072e-10
1360,-5.8333333334000004e-01,-4.9166666666700003e+00,5.0000000000000003e-02,3.1250000000100000e-03,9.5031154771599993e-10,2.1835366000048183e-10,7.3195788771551816e-10,7.3195788771551816e-10
1361,-6.6666666667300001e-01,-4.8333333333299997e+00,5.0000000000000003e-02,3.1250000000100000e-03,1.7344203981700000e-09,4.7115637455787552e-10,1.2632640236121246e-09,1.2632640236121246e-09
1362,-6.6666666667300001e-01,-4.6666666666700003e+00,5.0000000000000003e-02,3.1250000000100000e-03,6.4457886240100000e-09,2.3446960529344054e-09,4.1010925710755946e-09,4.1010925710755946e-09
1363,-5.8333333334000004e-01,-4.5833333333299997e+00,5.0000000000000003e-02,3.1250000000100000e-03,1.4391836748700000e-08,5.4077634879196246e-09,8.9840732607803759e-09,8.9840732607803759e-09
1364,-5.8333333333899995e-01,-4.4166666666700003e+00,5.0000000000000003e-02,3.1250000000100000e-03,5.0251380864400001e-08,2.4315105172655735e-08,2.5936275691744266e-08,2.5936275691744266e-08
1365,-6.6666666667300001e-01,-4.3333333333299997e+00,5.0000000000000003e-02,3.1250000000100000e-03,9.9516055106200002e-08,4.7404587207493145e-08,5.2111467898706856e-08,5.2111467898706856e-08
1366,-6.6666666667300001e-01,-4.1666666666700003e+00,5.0000000000000003e-02,3.1250000000100000e-03,3.4027750663600001e-07,1.9264965652187557e-07,1.4762785011412444e-07,1.4762785011412444e-07
1367,-5.8333333333899995e-01,-4.0833333333299997e+00,5.0000000000000003e-02,3.1250000000100000e-03,6.9452094938900004e-07,4.0159849770808015e-07,2.9292245168091989e-07,2.9292245168091989e-07
1368,-5.8333333333899995e-01,-3.9166666666699999e+00,5.0000000000000003e-02,3.1250000000100000e-03,2.1278272435799999e-06,1.4757459864039215e-06,6.5208125717607841e-07,6.5208125717607841e-07
1369,-6.6666666667200003e-01,-3.8333333333300001e+00,5.0000000000000003e-02,3.1250000000100000e-03,3.8158727604500003e-06,2.6015468191112388e-06,1.2143259413387614e-06,1.2143259413387614e-06
1370,-6.6666666667200003e-01,-3.6666666666699999e+00,5.0000000000000003e-02,3.1250000000000002e-03,1.1391670535900000e-05,8.6485378923844785e-06,2.7431326435155212e-06,2.7431326435155212e-06
1371,-5.8333333333799997e-01,-3.5833333333300001e+00,5.0000000000000003e-02,3.1250000000000002e-03,2.1188313128300000e-05,1.6310352215474070e-05,4.8779609128259302e-06,4.8779609128259302e-06
1372,-5.8333333333799997e-01,-3.4166666666699999e+00,5.0000000000000003e-02,3.1250000000000002e-03,5.6449078714000000e-05,4.9083285658905897e-05,7.3657930550941034e-06,7.3657930550941034e-06
1373,-6.6666666667200003e-01,-3.3333333333300001e+00,5.0000000000000003e-02,3.1250000000000002e-03,9.1578726689800006e-05,7.8328481307016187e-05,1.3250245382783818e-05,1.3250245382783818e-05
1374,-6.6666666667100005e-01,-3.1666666666699999e+00,5.0000000000000003e-02,3.1250000000000002e-03,2.3632034448199999e-04,2.1353965262467035e-04,2.2780691857329641e-05,2.2780691857329641e-05
1375,-5.8333333333799997e-01,-3.0833333333300001e+00,5.0000000000000003e-02,3.1250000000000002e-03,4.0044873126700000e-04,3.6483504823042918e-04,3.5613683036570811e-05,3.5613683036570811e-05
1376,-5.8333333333799997e-01,-2.9166666666699999e+00,5.0000000000000003e-02,3.1250000000000002e-03,9.1953214115300002e-04,9.0188924591463827e-04,1.7642895238361746e-05,1.7642895238361746e-05
1377,-6.6666666667100005e-01,-2.8333333333300001e+00,5.0000000000000003e-02,3.1250000000000002e-03,1.3495378263200001e-03,1.3051147685333104e-03,4.4423057786689745e-05,4.4423057786689745e-05
1378,-6.6666666667100005e-01,-2.6666666666699999e+00,5.0000000000000003e-02,3.1250000000000002e-03,2.9792429903499999e-03,2.9289867880500325e-03,5.0256202299967401e-05,5.0256202299967401e-05
1379,-5.8333333333699999e-01,-2.5833333333300001e+00,5.0000000000000003e-02,3.1250000000000002e-03,4.6020912536299998e-03,4.5432099774933366e-03,5.8881276136663226e-05,5.8881276136663226e-05
1380,-5.8333333333699999e-01,-2.4166666666699999e+00,5.0000000000000003e-02,3.1250000000000002e-03,9.0339147151099995e-03,9.2703597583842154e-03,-2.3644504327421587e-04,2.3644504327421587e-04
1381,-6.6666666666999996e-01,-2.3333333333300001e+00,5.0000000000000003e-02,3.1250000000000002e-03,1.2012900774300001e-02,1.2197688684636084e-02,-1.8478791033608305e-04,1.8478791033608305e-04
1382,-6.6666666666999996e-01,-2.1666666666699999e+00,5.0000000000000003e-02,3.1250000000000002e-03,2.2480888853300001e-02,2.2673265668219349e-02,-1.9237681491934833e-04,1.9237681491934833e-04
1383,-5.8333333333699999e-01,-2.0833333333300001e+00,5.0000000000000003e-02,3.1250000000000002e-03,3.1721307086299999e-02,3.2039771175953961e-02,-3.1846408965396228e-04,3.1846408965396228e-04
1384,-5.8333333333600002e-01,-1.9166666666700001e+00,5.0000000000000003e-02,3.1250000000000002e-03,5.2949220407699997e-02,5.4389160264701190e-02,-1.4399398570011934e-03,1.4399398570011934e-03
1385,-6.6666666666999996e-01,-1.8333333333299999e+00,5.0000000000000003e-02,3.1250000000000002e-03,6.4051823634500002e-02,6.5360553777752767e-02,-1.3087301432527648e-03,1.3087301432527648e-03
1386,-6.6666666666999996e-01,-1.6666666666700001e+00,5.0000000000000003e-02,3.1250000000000002e-03,1.0115407571600001e-01,1.0165623449381020e-01,-5.0215877781019380e-04,5.0215877781019380e-04
1387,-5.8333333333600002e-01,-1.5833333333299999e+00,5.0000000000000003e-02,3.1250000000000002e-03,1.3096194479100001e-01,1.3162894021773044e-01,-6.6699542673043233e-04,6.6699542673043233e-04
1388,-5.8333333333600002e-01,-1.4166666666700001e+00,5.0000000000000003e-02,3.1250000000000002e-03,1.8618746266500000e-01,1.8836253127631317e-01,-2.1750686113131690e-03,2.1750686113131690e-03
1389,-6.6666666666899999e-01,-1.3333333333299999e+00,5.0000000000000003e-02,3.1250000000000002e-03,2.0651472011899999e-01,2.0829578242708061e-01,-1.7810623080806165e-03,1.7810623080806165e-03
1390,-6.6666666666899999e-01,-1.1666666666700001e+00,5.0000000000000003e-02,3.1250000000000002e-03,2.7687644583799997e-01,2.7573705483022221e-01,1.1393910077777680e-03,1.1393910077777680e-03
1391,-5.8333333333500004e-01,-1.0833333333299999e+00,5.0000000000000003e-02,3.1250000000000002e-03,3.3173620840300000e-01,3.3033051713035938e-01,1.4056912726406190e-03,1.4056912726406190e-03
1392,-5.8333333333500004e-01,-9.1666666666700003e-01,5.0000000000000003e-02,3.1250000000100000e-03,4.0747796364200001e-01,4.0724406557079446e-01,2.3389807120555162e-04,2.3389807120555162e-04
1393,-6.6666666666899999e-01,-8.3333333333399995e-01,5.0000000000000003e-02,3.1250000000100000e-03,4.1995861102900001e-01,4.1945956662864431e-01,4.9904440035569708e-04,4.9904440035569708e-04
1394,-6.6666666666800001e-01,-6.6666666666700003e-01,5.0000000000000003e-02,3.1250000000100000e-03,4.8883536849100001e-01,4.8541217632616906e-01,3.4231921648309460e-03,3.4231921648309460e-03
1395,-5.8333333333500004e-01,-5.8333333333299997e-01,5.0000000000000003e-02,3.1250000000100000e-03,5.4968813647899994e-01,5.4588647730242890e-01,3.8016591765710483e-03,3.8016591765710483e-03
1396,-5.8333333333500004e-01,-4.1666666666600000e-01,5.0000000000000003e-02,3.1250000000100000e-03,6.0051705579799997e-01,5.9792567260929153e-01,2.5913831887084404e-03,2.5913831887084404e-03
1397,-6.6666666666800001e-01,-3.3333333333300003e-01,5.0000000000000003e-02,3.1250000000100000e-03,5.8524244909500001e-01,5.8285265724713720e-01,2.3897918478628100e-03,2.3897918478628100e-03
1398,-6.6666666666800001e-01,-1.6666666666600000e-01,5.0000000000000003e-02,3.1250000000100000e-03,6.1188404813399999e-01,6.0867866272673354e-01,3.2053854072664478e-03,3.2053854072664478e-03
1399,-5.8333333333399995e-01,-8.3333333332700002e-02,5.0000000000000003e-02,3.1250000000100000e-03,6.5586080402600000e-01,6.5241049846696997e-01,3.4503055590300313e-03,3.4503055590300313e-03
1400,-5.8333333333399995e-01,8.3333333334199997e-02,5.0000000000000003e-02,3.1250000000100000e-03,6.5586080402600000e-01,6.5241049846688659e-01,3.4503055591134091e-03,3.4503055591134091e-03
1401,-6.6666666666700003e-01,1.6666666666800001e-01,5.0000000000000003e-02,3.1250000000100000e-03,6.1188404813399999e-01,6.0867866272698745e-01,3.2053854070125398e-03,3.2053854070125398e-03
1402,-6.6666666666700003e-01,3.3333333333499998e-01,5.0000000000000003e-02,3.1250000000100000e-03,5.8524244909500001e-01,5.8285265724717106e-01,2.3897918478289482e-03,2.3897918478289482e-03
1403,-5.8333333333399995e-01,4.1666666666800001e-01,5.0000000000000003e-02,3.1250000000100000e-03,6.0051705579799997e-01,5.9792567260914697e-01,2.5913831888529915e-03,2.5913831888529915e-03
1404,-5.8333333333299997e-01,5.8333333333500004e-01,5.0000000000000003e-02,3.1250000000100000e-03,5.4968813647899994e-01,5.4588647730242890e-01,3.8016591765710483e-03,3.8016591765710483e-03
1405,-6.6666666666700003e-01,6.6666666666800001e-01,5.0000000000000003e-02,3.1250000000100000e-03,4.8883536849100001e-01,4.8541217632616906e-01,3.4231921648309460e-03,3.4231921648309460e-03
1406,-6.6666666666600005e-01,8.3333333333500004e-01,5.0000000000000003e-02,3.1250000000100000e-03,4.1995861102900001e-01,4.1945956662918255e-01,4.9904439981746096e-04,4.9904439981746096e-04
1407,-5.8333333333299997e-01,9.1666666666800001e-01,5.0000000000000003e-02,3.1250000000100000e-03,4.0747796364200001e-01,4.0724406557086673e-01,2.3389807113327610e-04,2.3389807113327610e-04
1408,-5.8333333333299997e-01,1.0833333333399999e+00,5.0000000000000003e-02,3.1250000000000002e-03,3.3173620840300000e-01,3.3033051712618916e-01,1.4056912768108387e-03,1.4056912768108387e-03
1409,-6.6666666666600005e-01,1.1666666666700001e+00,5.0000000000000003e-02,3.1250000000000002e-03,2.7687644583799997e-01,2.7573705483085076e-01,1.1393910071492153e-03,1.1393910071492153e-03
1410,-6.6666666666600005e-01,1.3333333333299999e+00,5.0000000000000003e-02,3.1250000000000002e-03,2.0651472011899999e-01,2.0829578242755542e-01,-1.7810623085554311e-03,1.7810623085554311e-03
1411,-5.8333333333199999e-01,1.4166666666700001e+00,5.0000000000000003e-02,3.1250000000000002e-03,1.8618746266500000e-01,1.8836253127680291e-01,-2.1750686118029161e-03,2.1750686118029161e-03
1412,-5.8333333333199999e-01,1.5833333333299999e+00,5.0000000000000003e-02,3.1250000000000002e-03,1.3096194479100001e-01,1.3162894021807267e-01,-6.6699542707265858e-04,6.6699542707265858e-04
1413,-6.6666666666499996e-01,1.6666666666700001e+00,5.0000000000000003e-02,3.1250000000000002e-03,1.0115407571700000e-01,1.0165623449419643e-01,-5.0215877719643476e-04,5.0215877719643476e-04
1414,-6.6666666666499996e-01,1.8333333333299999e+00,5.0000000000000003e-02,3.1250000000000002e-03,6.4051823634600005e-02,6.5360553778001110e-02,-1.3087301434011045e-03,1.3087301434011045e-03
1415,-5.8333333333199999e-01,1.9166666666700001e+00,5.0000000000000003e-02,3.1250000000000002e-03,5.2949220407800000e-02,5.4389160264842598e-02,-1.4399398570425978e-03,1.4399398570425978e-03
1416,-5.8333333333100001e-01,2.0833333333300001e+00,5.0000000000000003e-02,3.1250000000000002e-03,3.1721307086400002e-02,3.2039771176078917e-02,-3.1846408967891454e-04,3.1846408967891454e-04
1417,-6.6666666666499996e-01,2.1666666666699999e+00,5.0000000000000003e-02,3.1250000000000002e-03,2.2480888853300001e-02,2.2673265668305496e-02,-1.9237681500549469e-04,1.9237681500549469e-04
1418,-6.6666666666499996e-01,2.3333333333300001e+00,5.0000000000000003e-02,3.1250000000000002e-03,1.2012900774400001e-02,1.2197688684682427e-02,-1.8478791028242632e-04,1.8478791028242632e-04
1419,-5.8333333333100001e-01,2.4166666666699999e+00,5.0000000000000003e-02,3.1250000000000002e-03,9.0339147151299991e-03,9.2703597584203705e-03,-2.3644504329037135e-04,2.3644504329037135e-04
1420,-5.8333333333100001e-01,2.5833333333300001e+00,5.0000000000000003e-02,3.1250000000000002e-03,4.6020912536399996e-03,4.5432099775110550e-03,5.8881276128944574e-05,5.8881276128944574e-05
1421,-6.6666666666399998e-01,2.6666666666699999e+00,5.0000000000000003e-02,3.1250000000000002e-03,2.9792429903600002e-03,2.9289867880656116e-03,5.0256202294388531e-05,5.0256202294388531e-05
1422,-6.6666666666399998e-01,2.8333333333300001e+00,5.0000000000000003e-02,3.1250000000000002e-03,1.3495378263200001e-03,1.3051147685402523e-03,4.4423057779747815e-05,4.4423057779747815e-05
1423,-5.8333333333000004e-01,2.9166666666699999e+00,5.0000000000000003e-02,3.1250000000000002e-03,9.1953214115699997e-04,9.0188924591932810e-04,1.7642895237671868e-05,1.7642895237671868e-05
1424,-5.8333333333000004e-01,3.0833333333300001e+00,5.0000000000000003e-02,3.1250000000000002e-03,4.0044873126900002e-04,3.6483504823232632e-04,3.5613683036673702e-05,3.5613683036673702e-05
1425,-6.6666666666399998e-01,3.1666666666699999e+00,5.0000000000000003e-02,3.1250000000000002e-03,2.3632034448399999e-04,2.1353965262580616e-04,2.2780691858193832e-05,2.2780691858193832e-05
1426,-6.6666666666300001e-01,3.3333333333300001e+00,5.0000000000000003e-02,3.1250000000000002e-03,9.1578726690499994e-05,7.8328481307551838e-05,1.3250245382948156e-05,1.3250245382948156e-05
1427,-5.8333333333000004e-01,3.4166666666699999e+00,5.0000000000000003e-02,3.1250000000000002e-03,5.6449078714400003e-05,4.9083285659161125e-05,7.3657930552388783e-06,7.3657930552388783e-06
1428,-5.8333333333000004e-01,3.5833333333300001e+00,5.0000000000000003e-02,3.1250000000000002e-03,2.1188313128400001e-05,1.6310352215558885e-05,4.8779609128411158e-06,4.8779609128411158e-06
1429,-6.6666666666300001e-01,3.6666666666699999e+00,5.0000000000000003e-02,3.1250000000000002e-03,1.1391670536000000e-05,8.6485378924436217e-06,2.7431326435563787e-06,2.7431326435563787e-06
1430,-6.6666666666300001e-01,3.8333333333300001e+00,5.0000000000000003e-02,3.1250000000100000e-03,3.8158727604899997e-06,2.6015468191290295e-06,1.2143259413609702e-06,1.2143259413609702e-06
1431,-5.8333333332899995e-01,3.9166666666699999e+00,5.0000000000000003e-02,3.1250000000100000e-03,2.1278272436000000e-06,1.4757459864135139e-06,6.5208125718648612e-07,6.5208125718648612e-07
1432,-5.8333333332899995e-01,4.0833333333299997e+00,5.0000000000000003e-02,3.1250000000100000e-03,6.9452094939500000e-07,4.0159849771069055e-07,2.9292245168430945e-07,2.9292245168430945e-07
1433,-6.6666666666200003e-01,4.1666666666700003e+00,5.0000000000000003e-02,3.1250000000100000e-03,3.4027750664000002e-07,1.9264965652348581e-07,1.4762785011651421e-07,1.4762785011651421e-07
1434,-6.6666666666200003e-01,4.3333333333299997e+00,5.0000000000000003e-02,3.1250000000100000e-03,9.9516055107399996e-08,4.7404587207889371e-08,5.2111467899510625e-08,5.2111467899510625e-08
1435,-5.8333333332899995e-01,4.4166666666700003e+00,5.0000000000000003e-02,3.1250000000100000e-03,5.0251380864900002e-08,2.4315105172813783e-08,2.5936275692086219e-08,2.5936275692086219e-08
1436,-5.8333333332799997e-01,4.5833333333299997e+00,5.0000000000000003e-02,3.1250000000100000e-03,1.4391836748800000e-08,5.4077634879618050e-09,8.9840732608381941e-09,8.9840732608381941e-09
1437,-6.6666666666200003e-01,4.6666666666700003e+00,5.0000000000000003e-02,3.1250000000100000e-03,6.4457886240899999e-09,2.3446960529540034e-09,4.1010925711359969e-09,4.1010925711359969e-09
1438,-6.6666666666200003e-01,4.8333333333299997e+00,5.0000000000000003e-02,3.1250000000100000e-03,1.7344203982000000e-09,4.7115637456181362e-10,1.2632640236381864e-09,1.2632640236381864e-09
1439,-5.8333333332799997e-01,4.9166666666700003e+00,5.0000000000000003e-02,3.1250000000100000e-03,9.5031154772699999e-10,2.1835366000218499e-10,7.3195788772481505e-10,7.3195788772481505e-10
1440,-4.1666666667300001e-01,-4.9166666666700003e+00,5.0000000000000003e-02,3.1250000000100000e-03,1.0676923563300000e-09,2.3916924937919545e-10,8.2852310695080459e-10,8.2852310695080459e-10
1441,-3.3333333333999998e-01,-4.8333333333299997e+00,5.0000000000000003e-02,3.1250000000100000e-03,2.0700946144899999e-09,5.6573517988151443e-10,1.5043594346084855e-09,1.5043594346084855e-09
1442,-3.3333333333900000e-01,-4.6666666666700003e+00,5.0000000000000003e-02,3.1250000000100000e-03,7.4500457387000000e-09,2.8153647385531607e-09,4.6346810001468393e-09,4.6346810001468393e-09
1443,-4.1666666667300001e-01,-4.5833333333299997e+00,5.0000000000000003e-02,3.1250000000100000e-03,1.5711570035100000e-08,5.9232839707065251e-09,9.7882860643934761e-09,9.7882860643934761e-09
1444,-4.1666666667300001e-01,-4.4166666666700003e+00,5.0000000000000003e-02,3.1250000000100000e-03,5.6721461326500000e-08,2.6633056907329387e-08,3.0088404419170613e-08,3.0088404419170613e-08
1445,-3.3333333333900000e-01,-4.3333333333299997e+00,5.0000000000000003e-02,3.1250000000100000e-03,1.1933147192499999e-07,5.6920470822909734e-08,6.2411001102090253e-08,6.2411001102090253e-08
1446,-3.3333333333900000e-01,-4.1666666666700003e+00,5.0000000000000003e-02,3.1250000000100000e-03,3.9431363253100001e-07,2.3132168844967123e-07,1.6299194408132878e-07,1.6299194408132878e-07
1447,-4.1666666667199997e-01,-4.0833333333299997e+00,5.0000000000000003e-02,3.1250000000100000e-03,7.5643089406400003e-07,4.3988276289219299e-07,3.1654813117180704e-07,3.1654813117180704e-07
1448,-4.1666666667199997e-01,-3.9166666666699999e+00,5.0000000000000003e-02,3.1250000000100000e-03,2.3964310409700001e-06,1.6164284117872601e-06,7.8000262918274000e-07,7.8000262918274000e-07
1449,-3.3333333333800003e-01,-3.8333333333300001e+00,5.0000000000000003e-02,3.1250000000100000e-03,4.5897962253100003e-06,3.1237751140713953e-06,1.4660211112386050e-06,1.4660211112386050e-06
1450,-3.3333333333800003e-01,-3.6666666666699999e+00,5.0000000000000003e-02,3.1250000000000002e-03,1.3245142003799999e-05,1.0384624732820901e-05,2.8605172709790982e-06,2.8605172709790982e-06
1451,-4.1666666667199997e-01,-3.5833333333300001e+00,5.0000000000000003e-02,3.1250000000000002e-03,2.3031132153299998e-05,1.7865213234682169e-05,5.1659189186178294e-06,5.1659189186178294e-06
1452,-4.1666666667100000e-01,-3.4166666666699999e+00,5.0000000000000003e-02,3.1250000000000002e-03,6.3403142454499995e-05,5.3762380662977923e-05,9.6407617915220714e-06,9.6407617915220714e-06
1453,-3.3333333333800003e-01,-3.3333333333300001e+00,5.0000000000000003e-02,3.1250000000000002e-03,1.1046843022800000e-04,9.4051953565630386e-05,1.6416476662369609e-05,1.6416476662369609e-05
1454,-3.3333333333800003e-01,-3.1666666666699999e+00,5.0000000000000003e-02,3.1250000000000002e-03,2.7590476518700002e-04,2.5640509247639522e-04,1.9499672710604802e-05,1.9499672710604802e-05
1455,-4.1666666667100000e-01,-3.0833333333300001e+00,5.0000000000000003e-02,3.1250000000000002e-03,4.3464605742700002e-04,3.9961466472449399e-04,3.5031392702506022e-05,3.5031392702506022e-05
1456,-4.1666666667100000e-01,-2.9166666666699999e+00,5.0000000000000003e-02,3.1250000000000002e-03,1.0294239011599999e-03,9.8786607913056560e-04,4.1557822029434331e-05,4.1557822029434331e-05
1457,-3.3333333333699999e-01,-2.8333333333300001e+00,5.0000000000000003e-02,3.1250000000000002e-03,1.6316840670800000e-03,1.5671003900450716e-03,6.4583677034928339e-05,6.4583677034928339e-05
1458,-3.3333333333699999e-01,-2.6666666666699999e+00,5.0000000000000003e-02,3.1250000000000002e-03,3.4952833161400001e-03,3.5169446003191994e-03,-2.1661284179199346e-05,2.1661284179199346e-05
1459,-4.1666666667000002e-01,-2.5833333333300001e+00,5.0000000000000003e-02,3.1250000000000002e-03,4.9918291099299997e-03,4.9763128316057991e-03,1.5516278324200633e-05,1.5516278324200633e-05
1460,-4.1666666667000002e-01,-2.4166666666699999e+00,5.0000000000000003e-02,3.1250000000000002e-03,1.0073889792400001e-02,1.0154100393286758e-02,-8.0210600886757716e-05,8.0210600886757716e-05
1461,-3.3333333333699999e-01,-2.3333333333300001e+00,5.0000000000000003e-02,3.1250000000000002e-03,1.4544088775400000e-02,1.4646223578335954e-02,-1.0213480293595409e-04,1.0213480293595409e-04
1462,-3.3333333333600002e-01,-2.1666666666699999e+00,5.0000000000000003e-02,3.1250000000000002e-03,2.6519970362399999e-02,2.7224642865835966e-02,-7.0467250343596646e-04,7.0467250343596646e-04
1463,-4.1666666667000002e-01,-2.0833333333300001e+00,5.0000000000000003e-02,3.1250000000000002e-03,3.4421363104599999e-02,3.5094113020191608e-02,-6.7274991559160974e-04,6.7274991559160974e-04
1464,-4.1666666667000002e-01,-1.9166666666700001e+00,5.0000000000000003e-02,3.1250000000000002e-03,5.8780498738000002e-02,5.9574062714718060e-02,-7.9356397671805773e-04,7.9356397671805773e-04
1465,-3.3333333333600002e-01,-1.8333333333299999e+00,5.0000000000000003e-02,3.1250000000000002e-03,7.7546410047900000e-02,7.8480875236546024e-02,-9.3446518864602479e-04,9.3446518864602479e-04
1466,-3.3333333333600002e-01,-1.6666666666700001e+00,5.0000000000000003e-02,3.1250000000000002e-03,1.2000860289800000e-01,1.2206246421127075e-01,-2.0538613132707467e-03,2.0538613132707467e-03
1467,-4.1666666666899999e-01,-1.5833333333299999e+00,5.0000000000000003e-02,3.1250000000000002e-03,1.4233217037699999e-01,1.4417708788741354e-01,-1.8449175104135462e-03,1.8449175104135462e-03
1468,-4.1666666666899999e-01,-1.4166666666700001e+00,5.0000000000000003e-02,3.1250000000000002e-03,2.0573223810899999e-01,2.0631907528541021e-01,-5.8683717641022648e-04,5.8683717641022648e-04
1469,-3.3333333333499998e-01,-1.3333333333299999e+00,5.0000000000000003e-02,3.1250000000000002e-03,2.4964603314799999e-01,2.5010858029963606e-01,-4.6254715163607241e-04,4.6254715163607241e-04
1470,-3.3333333333499998e-01,-1.1666666666700001e+00,5.0000000000000003e-02,3.1250000000000002e-03,3.3018814629100002e-01,3.3108785264882890e-01,-8.9970635782887776e-04,8.9970635782887776e-04
1471,-4.1666666666899999e-01,-1.0833333333299999e+00,5.0000000000000003e-02,3.1250000000000002e-03,3.6143695821400001e-01,3.6182082695027573e-01,-3.8386873627571649e-04,3.8386873627571649e-04
1472,-4.1666666666800001e-01,-9.1666666666700003e-01,5.0000000000000003e-02,3.1250000000100000e-03,4.4840351263099998e-01,4.4606652105755629e-01,2.3369915734436919e-03,2.3369915734436919e-03
1473,-3.3333333333499998e-01,-8.3333333333399995e-01,5.0000000000000003e-02,3.1250000000100000e-03,5.0639850424499999e-01,5.0366087820005423e-01,2.7376260449457623e-03,2.7376260449457623e-03
1474,-3.3333333333499998e-01,-6.6666666666700003e-01,5.0000000000000003e-02,3.1250000000100000e-03,5.8524244909500001e-01,5.8285265724717106e-01,2.3897918478289482e-03,2.3897918478289482e-03
1475,-4.1666666666800001e-01,-5.8333333333399995e-01,5.0000000000000003e-02,3.1250000000100000e-03,6.0051705579799997e-01,5.9792567260914697e-01,2.5913831888529915e-03,2.5913831888529915e-03
1476,-4.1666666666800001e-01,-4.1666666666699997e-01,5.0000000000000003e-02,3.1250000000100000e-03,6.5887539384899996e-01,6.5492574890656563e-01,3.9496449424343272e-03,3.9496449424343272e-03
1477,-3.3333333333400000e-01,-3.3333333333300003e-01,5.0000000000000003e-02,3.1250000000100000e-03,7.0392818529199996e-01,6.9985310758236374e-01,4.0750777096362212e-03,4.0750777096362212e-03
1478,-3.3333333333400000e-01,-1.6666666666600000e-01,5.0000000000000003e-02,3.1250000000100000e-03,7.3442287691899999e-01,7.3086336371931204e-01,3.5595131996879470e-03,3.5595131996879470e-03
1479,-4.1666666666699997e-01,-8.3333333332899995e-02,5.0000000000000003e-02,3.1250000000100000e-03,7.1809952716699998e-01,7.1460459698689716e-01,3.4949301801028287e-03,3.4949301801028287e-03
1480,-4.1666666666699997e-01,8.3333333333900000e-02,5.0000000000000003e-02,3.1250000000100000e-03,7.1809952716699998e-01,7.1460459698683620e-01,3.4949301801637800e-03,3.4949301801637800e-03
1481,-3.3333333333400000e-01,1.6666666666700000e-01,5.0000000000000003e-02,3.1250000000100000e-03,7.3442287691899999e-01,7.3086336371918681e-01,3.5595131998131802e-03,3.5595131998131802e-03
1482,-3.3333333333300003e-01,3.3333333333400000e-01,5.0000000000000003e-02,3.1250000000100000e-03,7.0392818529199996e-01,6.9985310758236374e-01,4.0750777096362212e-03,4.0750777096362212e-03
1483,-4.1666666666699997e-01,4.1666666666800001e-01,5.0000000000000003e-02,3.1250000000100000e-03,6.5887539384899996e-01,6.5492574890656563e-01,3.9496449424343272e-03,3.9496449424343272e-03
1484,-4.1666666666600000e-01,5.8333333333500004e-01,5.0000000000000003e-02,3.1250000000100000e-03,6.0051705579799997e-01,5.9792567260929153e-01,2.5913831887084404e-03,2.5913831887084404e-03
1485,-3.3333333333300003e-01,6.6666666666800001e-01,5.0000000000000003e-02,3.1250000000100000e-03,5.8524244909500001e-01,5.8285265724713720e-01,2.3897918478628100e-03,2.3897918478628100e-03
1486,-3.3333333333300003e-01,8.3333333333500004e-01,5.0000000000000003e-02,3.1250000000100000e-03,5.0639850424499999e-01,5.0366087819990590e-01,2.7376260450940881e-03,2.7376260450940881e-03
1487,-4.1666666666600000e-01,9.1666666666800001e-01,5.0000000000000003e-02,3.1250000000100000e-03,4.4840351263099998e-01,4.4606652105745331e-01,2.3369915735466651e-03,2.3369915735466651e-03
1488,-4.1666666666600000e-01,1.0833333333299999e+00,5.0000000000000003e-02,3.1250000000000002e-03,3.6143695821400001e-01,3.6182082695075984e-01,-3.8386873675982924e-04,3.8386873675982924e-04
1489,-3.3333333333199999e-01,1.1666666666700001e+00,5.0000000000000003e-02,3.1250000000000002e-03,3.3018814629100002e-01,3.3108785264917745e-01,-8.9970635817743227e-04,8.9970635817743227e-04
1490,-3.3333333333199999e-01,1.3333333333299999e+00,5.0000000000000003e-02,3.1250000000000002e-03,2.4964603314799999e-01,2.5010858029989935e-01,-4.6254715189936180e-04,4.6254715189936180e-04
1491,-4.1666666666500002e-01,1.4166666666700001e+00,5.0000000000000003e-02,3.1250000000000002e-03,2.0573223810899999e-01,2.0631907528577828e-01,-5.8683717677829317e-04,5.8683717677829317e-04
1492,-4.1666666666500002e-01,1.5833333333299999e+00,5.0000000000000003e-02,3.1250000000000002e-03,1.4233217037699999e-01,1.4417708788767075e-01,-1.8449175106707572e-03,1.8449175106707572e-03
1493,-3.3333333333199999e-01,1.6666666666700001e+00,5.0000000000000003e-02,3.1250000000000002e-03,1.2000860289800000e-01,1.2206246421144207e-01,-2.0538613134420680e-03,2.0538613134420680e-03
1494,-3.3333333333100001e-01,1.8333333333299999e+00,5.0000000000000003e-02,3.1250000000000002e-03,7.7546410047900000e-02,7.8480875236683720e-02,-9.3446518878372020e-04,9.3446518878372020e-04
1495,-4.1666666666500002e-01,1.9166666666700001e+00,5.0000000000000003e-02,3.1250000000000002e-03,5.8780498738099998e-02,5.9574062714850898e-02,-7.9356397675089951e-04,7.9356397675089951e-04
1496,-4.1666666666500002e-01,2.0833333333300001e+00,5.0000000000000003e-02,3.1250000000000002e-03,3.4421363104599999e-02,3.5094113020269865e-02,-6.7274991566986658e-04,6.7274991566986658e-04
1497,-3.3333333333100001e-01,2.1666666666699999e+00,5.0000000000000003e-02,3.1250000000000002e-03,2.6519970362499999e-02,2.7224642865883733e-02,-7.0467250338373394e-04,7.0467250338373394e-04
1498,-3.3333333333100001e-01,2.3333333333300001e+00,5.0000000000000003e-02,3.1250000000000002e-03,1.4544088775499999e-02,1.4646223578366790e-02,-1.0213480286679066e-04,1.0213480286679066e-04
1499,-4.1666666666399998e-01,2.4166666666699999e+00,5.0000000000000003e-02,3.1250000000000002e-03,1.0073889792400001e-02,1.0154100393313928e-02,-8.0210600913926955e-05,8.0210600913926955e-05
1500,-4.1666666666399998e-01,2.5833333333300001e+00,5.0000000000000003e-02,3.1250000000000002e-03,4.9918291099500002e-03,4.9763128316191139e-03,1.5516278330886257e-05,1.5516278330886257e-05
1501,-3.3333333332999998e-01,2.6666666666699999e+00,5.0000000000000003e-02,3.1250000000000002e-03,3.4952833161400001e-03,3.5169446003278379e-03,-2.1661284187837835e-05,2.1661284187837835e-05
1502,-3.3333333332999998e-01,2.8333333333300001e+00,5.0000000000000003e-02,3.1250000000000002e-03,1.6316840670800000e-03,1.5671003900489208e-03,6.4583677031079204e-05,6.4583677031079204e-05
1503,-4.1666666666399998e-01,2.9166666666699999e+00,5.0000000000000003e-02,3.1250000000000002e-03,1.0294239011599999e-03,9.8786607913364951e-04,4.1557822026350427e-05,4.1557822026350427e-05
1504,-4.1666666666300001e-01,3.0833333333300001e+00,5.0000000000000003e-02,3.1250000000000002e-03,4.3464605742899999e-04,3.9961466472591977e-04,3.5031392703080216e-05,3.5031392703080216e-05
1505,-3.3333333332999998e-01,3.1666666666699999e+00,5.0000000000000003e-02,3.1250000000000002e-03,2.7590476518799998e-04,2.5640509247711496e-04,1.9499672710885014e-05,1.9499672710885014e-05
1506,-3.3333333332999998e-01,3.3333333333300001e+00,5.0000000000000003e-02,3.1250000000000002e-03,1.1046843022900000e-04,9.4051953565894416e-05,1.6416476663105579e-05,1.6416476663105579e-05
1507,-4.1666666666300001e-01,3.4166666666699999e+00,5.0000000000000003e-02,3.1250000000000002e-03,6.3403142454799993e-05,5.3762380663169739e-05,9.6407617916302544e-06,9.6407617916302544e-06
1508,-4.1666666666300001e-01,3.5833333333300001e+00,5.0000000000000003e-02,3.1250000000000002e-03,2.3031132153500000e-05,1.7865213234753879e-05,5.1659189187461210e-06,5.1659189187461210e-06
1509,-3.3333333332900000e-01,3.6666666666699999e+00,5.0000000000000003e-02,3.1250000000000002e-03,1.3245142003799999e-05,1.0384624732853697e-05,2.8605172709463028e-06,2.8605172709463028e-06
1510,-3.3333333332900000e-01,3.8333333333300001e+00,5.0000000000000003e-02,3.1250000000100000e-03,4.5897962253399997e-06,3.1237751140812607e-06,1.4660211112587390e-06,1.4660211112587390e-06
1511,-4.1666666666199997e-01,3.9166666666699999e+00,5.0000000000000003e-02,3.1250000000100000e-03,2.3964310409899998e-06,1.6164284117944688e-06,7.8000262919553105e-07,7.8000262919553105e-07
1512,-4.1666666666199997e-01,4.0833333333299997e+00,5.0000000000000003e-02,3.1250000000100000e-03,7.5643089406999999e-07,4.3988276289415472e-07,3.1654813117584527e-07,3.1654813117584527e-07
1513,-3.3333333332900000e-01,4.1666666666700003e+00,5.0000000000000003e-02,3.1250000000100000e-03,3.9431363253300002e-07,2.3132168845048295e-07,1.6299194408251707e-07,1.6299194408251707e-07
1514,-3.3333333332800003e-01,4.3333333333299997e+00,5.0000000000000003e-02,3.1250000000100000e-03,1.1933147192499999e-07,5.6920470823129440e-08,6.2411001101870554e-08,6.2411001101870554e-08
1515,-4.1666666666199997e-01,4.4166666666700003e+00,5.0000000000000003e-02,3.1250000000100000e-03,5.6721461326899998e-08,2.6633056907460035e-08,3.0088404419439963e-08,3.0088404419439963e-08
1516,-4.1666666666199997e-01,4.5833333333299997e+00,5.0000000000000003e-02,3.1250000000100000e-03,1.5711570035200000e-08,5.9232839707355823e-09,9.7882860644644184e-09,9.7882860644644184e-09
1517,-3.3333333332800003e-01,4.6666666666700003e+00,5.0000000000000003e-02,3.1250000000100000e-03,7.4500457387499998e-09,2.8153647385640274e-09,4.6346810001859724e-09,4.6346810001859724e-09
1518,-3.3333333332800003e-01,4.8333333333299997e+00,5.0000000000000003e-02,3.1250000000100000e-03,2.0700946145099999e-09,5.6573517988389661e-10,1.5043594346261032e-09,1.5043594346261032e-09
1519,-4.1666666666100000e-01,4.9166666666700003e+00,5.0000000000000003e-02,3.1250000000100000e-03,1.0676923563400000e-09,2.3916924938047541e-10,8.2852310695952462e-10,8.2852310695952462e-10
1520,-8.3333333339499993e-02,-4.9166666666700003e+00,5.0000000000000003e-02,3.1250000000100000e-03,1.1475435517299999e-09,2.6096308680779422e-10,8.8658046492220569e-10,8.8658046492220569e-10
1521,-1.6666666667300001e-01,-4.8333333333299997e+00,5.0000000000000003e-02,3.1250000000100000e-03,2.1617716625999999e-09,5.9080271568903862e-10,1.5709689469109613e-09,1.5709689469109613e-09
1522,-1.6666666667300001e-01,-4.6666666666700003e+00,5.0000000000000003e-02,3.1250000000100000e-03,7.8988114874800006e-09,2.9401126045230998e-09,4.9586988829569013e-09,4.9586988829569013e-09
1523,-8.3333333339099994e-02,-4.5833333333299997e+00,5.0000000000000003e-02,3.1250000000100000e-03,1.7129333192899999e-08,6.4630318197135916e-09,1.0666301373186407e-08,1.0666301373186407e-08
1524,-8.3333333338900001e-02,-4.4166666666700003e+00,5.0000000000000003e-02,3.1250000000100000e-03,6.0839558936100002e-08,2.9059942947118918e-08,3.1779615988981088e-08,3.1779615988981088e-08
1525,-1.6666666667200000e-01,-4.3333333333299997e+00,5.0000000000000003e-02,3.1250000000100000e-03,1.2437712214399999e-07,5.9442597767228844e-08,6.4934524376771147e-08,6.4934524376771147e-08
1526,-1.6666666667200000e-01,-4.1666666666700003e+00,5.0000000000000003e-02,3.1250000000100000e-03,4.1766037064899999e-07,2.4157147477100095e-07,1.7608889587799904e-07,1.7608889587799904e-07
1527,-8.3333333338500001e-02,-4.0833333333299997e+00,5.0000000000000003e-02,3.1250000000100000e-03,8.2588306472299999e-07,4.7996623284896161e-07,3.4591683187403838e-07,3.4591683187403838e-07
1528,-8.3333333338200005e-02,-3.9166666666699999e+00,5.0000000000000003e-02,3.1250000000100000e-03,2.5740426526700001e-06,1.7637223390490589e-06,8.1032031362094121e-07,8.1032031362094121e-07
1529,-1.6666666667200000e-01,-3.8333333333300001e+00,5.0000000000000003e-02,3.1250000000100000e-03,4.7787121279500001e-06,3.2621885401943011e-06,1.5165235877556990e-06,1.5165235877556990e-06
1530,-1.6666666667100000e-01,-3.6666666666699999e+00,5.0000000000000003e-02,3.1250000000000002e-03,1.4012028909800000e-05,1.0844763966852634e-05,3.1672649429473659e-06,3.1672649429473659e-06
1531,-8.3333333337800006e-02,-3.5833333333300001e+00,5.0000000000000003e-02,3.1250000000000002e-03,2.5179697901099999e-05,1.9493146398636725e-05,5.6865515024632749e-06,5.6865515024632749e-06
1532,-8.3333333337599999e-02,-3.4166666666699999e+00,5.0000000000000003e-02,3.1250000000000002e-03,6.8219651671900001e-05,5.8661374103708515e-05,9.5582775681914866e-06,9.5582775681914866e-06
1533,-1.6666666667100000e-01,-3.3333333333300001e+00,5.0000000000000003e-02,3.1250000000000002e-03,1.1491327197100000e-04,9.8219364038933210e-05,1.6693907932066794e-05,1.6693907932066794e-05
1534,-1.6666666667100000e-01,-3.1666666666699999e+00,5.0000000000000003e-02,3.1250000000000002e-03,2.9143727936999997e-04,2.6776631600535324e-04,2.3670963364646731e-05,2.3670963364646731e-05
1535,-8.3333333337200000e-02,-3.0833333333300001e+00,5.0000000000000003e-02,3.1250000000000002e-03,4.7572881007300002e-04,4.3602878175510339e-04,3.9700028317896628e-05,3.9700028317896628e-05
1536,-8.3333333337000007e-02,-2.9166666666699999e+00,5.0000000000000003e-02,3.1250000000000002e-03,1.1098980324900001e-03,1.0778834738646586e-03,3.2014558625341428e-05,3.2014558625341428e-05
1537,-1.6666666666999999e-01,-2.8333333333300001e+00,5.0000000000000003e-02,3.1250000000000002e-03,1.6963438379500001e-03,1.6365380819863230e-03,5.9805755963677088e-05,5.9805755963677088e-05
1538,-1.6666666666999999e-01,-2.6666666666699999e+00,5.0000000000000003e-02,3.1250000000000002e-03,3.6852760746700001e-03,3.6727792343239731e-03,1.2496840346027001e-05,1.2496840346027001e-05
1539,-8.3333333336599993e-02,-2.5833333333300001e+00,5.0000000000000003e-02,3.1250000000000002e-03,5.4675868820499999e-03,5.4297697585558901e-03,3.7817123494109789e-05,3.7817123494109789e-05
1540,-8.3333333336400001e-02,-2.4166666666699999e+00,5.0000000000000003e-02,3.1250000000000002e-03,1.0886891596600000e-02,1.1079373244109052e-02,-1.9248164750905288e-04,1.9248164750905288e-04
1541,-1.6666666666999999e-01,-2.3333333333300001e+00,5.0000000000000003e-02,3.1250000000000002e-03,1.5118113852000001e-02,1.5295192825868293e-02,-1.7707897386829222e-04,1.7707897386829222e-04
1542,-1.6666666666999999e-01,-2.1666666666699999e+00,5.0000000000000003e-02,3.1250000000000002e-03,2.7901468401599998e-02,2.8430957647276676e-02,-5.2948924567667796e-04,5.2948924567667796e-04
1543,-8.3333333336000001e-02,-2.0833333333300001e+00,5.0000000000000003e-02,3.1250000000000002e-03,3.7706526196799997e-02,3.8291996509974113e-02,-5.8547031317411624e-04,5.8547031317411624e-04
1544,-8.3333333335799994e-02,-1.9166666666700001e+00,5.0000000000000003e-02,3.1250000000000002e-03,6.3684289486700005e-02,6.5002634494409184e-02,-1.3183450077091791e-03,1.3183450077091791e-03
1545,-1.6666666666900001e-01,-1.8333333333299999e+00,5.0000000000000003e-02,3.1250000000000002e-03,8.0637989907799995e-02,8.1958336458909251e-02,-1.3203465511092555e-03,1.3203465511092555e-03
1546,-1.6666666666900001e-01,-1.6666666666700001e+00,5.0000000000000003e-02,3.1250000000000002e-03,1.2596610377199999e-01,1.2747101100335764e-01,-1.5049072313576550e-03,1.5049072313576550e-03
1547,-8.3333333335399995e-02,-1.5833333333299999e+00,5.0000000000000003e-02,3.1250000000000002e-03,1.5582575398000001e-01,1.5731494746781172e-01,-1.4891934878117075e-03,1.4891934878117075e-03
1548,-8.3333333335200002e-02,-1.4166666666700001e+00,5.0000000000000003e-02,3.1250000000000002e-03,2.2344078559200001e-01,2.2511950383876364e-01,-1.6787182467636330e-03,1.6787182467636330e-03
1549,-1.6666666666900001e-01,-1.3333333333299999e+00,5.0000000000000003e-02,3.1250000000000002e-03,2.5983698556899998e-01,2.6119080748866336e-01,-1.3538219196633783e-03,1.3538219196633783e-03
1550,-1.6666666666800001e-01,-1.1666666666700001e+00,5.0000000000000003e-02,3.1250000000000002e-03,3.4581375049200003e-01,3.4575824419717388e-01,5.5506294826146441e-05,5.5506294826146441e-05
1551,-8.3333333334800003e-02,-1.0833333333299999e+00,5.0000000000000003e-02,3.1250000000000002e-03,3.9525162529800001e-01,3.9479105326980846e-01,4.6057202819155263e-04,4.6057202819155263e-04
1552,-8.3333333334599996e-02,-9.1666666666800001e-01,5.0000000000000003e-02,3.1250000000100000e-03,4.8800015999200003e-01,4.8671347407162946e-01,1.2866859203705672e-03,1.2866859203705672e-03
1553,-1.6666666666800001e-01,-8.3333333333399995e-01,5.0000000000000003e-02,3.1250000000100000e-03,5.2771969717699996e-01,5.2597792254844711e-01,1.7417746285528501e-03,1.7417746285528501e-03
1554,-1.6666666666800001e-01,-6.6666666666700003e-01,5.0000000000000003e-02,3.1250000000100000e-03,6.1188404813399999e-01,6.0867866272698745e-01,3.2053854070125398e-03,3.2053854070125398e-03
1555,-8.3333333334199997e-02,-5.8333333333399995e-01,5.0000000000000003e-02,3.1250000000100000e-03,6.5586080402600000e-01,6.5241049846688659e-01,3.4503055591134091e-03,3.4503055591134091e-03
1556,-8.3333333333900000e-02,-4.1666666666699997e-01,5.0000000000000003e-02,3.1250000000100000e-03,7.1809952716699998e-01,7.1460459698683620e-01,3.4949301801637800e-03,3.4949301801637800e-03
1557,-1.6666666666700000e-01,-3.3333333333400000e-01,5.0000000000000003e-02,3.1250000000100000e-03,7.3442287691899999e-01,7.3086336371918681e-01,3.5595131998131802e-03,3.5595131998131802e-03
1558,-1.6666666666700000e-01,-1.6666666666700000e-01,5.0000000000000003e-02,3.1250000000100000e-03,7.6697657626700000e-01,7.6324767389026393e-01,3.7289023767360652e-03,3.7289023767360652e-03
1559,-8.3333333333500001e-02,-8.3333333333299994e-02,5.0000000000000003e-02,3.1250000000100000e-03,7.8344319767199999e-01,7.7972156521118419e-01,3.7216324608158047e-03,3.7216324608158047e-03
1560,-8.3333333333299994e-02,8.3333333333500001e-02,5.0000000000000003e-02,3.1250000000100000e-03,7.8344319767199999e-01,7.7972156521118419e-01,3.7216324608158047e-03,3.7216324608158047e-03
1561,-1.6666666666700000e-01,1.6666666666700000e-01,5.0000000000000003e-02,3.1250000000100000e-03,7.6697657626700000e-01,7.6324767389026393e-01,3.7289023767360652e-03,3.7289023767360652e-03
1562,-1.6666666666600000e-01,3.3333333333400000e-01,5.0000000000000003e-02,3.1250000000100000e-03,7.3442287691899999e-01,7.3086336371931204e-01,3.5595131996879470e-03,3.5595131996879470e-03
1563,-8.3333333332899995e-02,4.1666666666699997e-01,5.0000000000000003e-02,3.1250000000100000e-03,7.1809952716699998e-01,7.1460459698689716e-01,3.4949301801028287e-03,3.4949301801028287e-03
1564,-8.3333333332700002e-02,5.8333333333399995e-01,5.0000000000000003e-02,3.1250000000100000e-03,6.5586080402600000e-01,6.5241049846696997e-01,3.4503055590300313e-03,3.4503055590300313e-03
1565,-1.6666666666600000e-01,6.6666666666800001e-01,5.0000000000000003e-02,3.1250000000100000e-03,6.1188404813399999e-01,6.0867866272673354e-01,3.2053854072664478e-03,3.2053854072664478e-03
1566,-1.6666666666600000e-01,8.3333333333500004e-01,5.0000000000000003e-02,3.1250000000100000e-03,5.2771969717699996e-01,5.2597792254810327e-01,1.7417746288966862e-03,1.7417746288966862e-03
1567,-8.3333333332300003e-02,9.1666666666800001e-01,5.0000000000000003e-02,3.1250000000100000e-03,4.8800015999200003e-01,4.8671347407172483e-01,1.2866859202751990e-03,1.2866859202751990e-03
1568,-8.3333333332099996e-02,1.0833333333299999e+00,5.0000000000000003e-02,3.1250000000000002e-03,3.9525162529800001e-01,3.9479105326989922e-01,4.6057202810079190e-04,4.6057202810079190e-04
1569,-1.6666666666499999e-01,1.1666666666700001e+00,5.0000000000000003e-02,3.1250000000000002e-03,3.4581375049200003e-01,3.4575824419735168e-01,5.5506294648344223e-05,5.5506294648344223e-05
1570,-1.6666666666499999e-01,1.3333333333299999e+00,5.0000000000000003e-02,3.1250000000000002e-03,2.5983698556899998e-01,2.6119080748884244e-01,-1.3538219198424573e-03,1.3538219198424573e-03
1571,-8.3333333331699996e-02,1.4166666666700001e+00,5.0000000000000003e-02,3.1250000000000002e-03,2.2344078559200001e-01,2.2511950383883073e-01,-1.6787182468307182e-03,1.6787182468307182e-03
1572,-8.3333333331500004e-02,1.5833333333299999e+00,5.0000000000000003e-02,3.1250000000000002e-03,1.5582575398000001e-01,1.5731494746786398e-01,-1.4891934878639712e-03,1.4891934878639712e-03
1573,-1.6666666666499999e-01,1.6666666666700001e+00,5.0000000000000003e-02,3.1250000000000002e-03,1.2596610377199999e-01,1.2747101100344502e-01,-1.5049072314450296e-03,1.5049072314450296e-03
1574,-1.6666666666499999e-01,1.8333333333299999e+00,5.0000000000000003e-02,3.1250000000000002e-03,8.0637989907799995e-02,8.1958336458965442e-02,-1.3203465511654466e-03,1.3203465511654466e-03
1575,-8.3333333331100004e-02,1.9166666666700001e+00,5.0000000000000003e-02,3.1250000000000002e-03,6.3684289486799994e-02,6.5002634494435191e-02,-1.3183450076351966e-03,1.3183450076351966e-03
1576,-8.3333333330899997e-02,2.0833333333300001e+00,5.0000000000000003e-02,3.1250000000000002e-03,3.7706526196799997e-02,3.8291996509990739e-02,-5.8547031319074183e-04,5.8547031319074183e-04
1577,-1.6666666666400001e-01,2.1666666666699999e+00,5.0000000000000003e-02,3.1250000000000002e-03,2.7901468401599998e-02,2.8430957647305910e-02,-5.2948924570591152e-04,5.2948924570591152e-04
1578,-1.6666666666400001e-01,2.3333333333300001e+00,5.0000000000000003e-02,3.1250000000000002e-03,1.5118113852100001e-02,1.5295192825884020e-02,-1.7707897378401935e-04,1.7707897378401935e-04
1579,-8.3333333330499998e-02,2.4166666666699999e+00,5.0000000000000003e-02,3.1250000000000002e-03,1.0886891596600000e-02,1.1079373244114619e-02,-1.9248164751461960e-04,1.9248164751461960e-04
1580,-8.3333333330300005e-02,2.5833333333300001e+00,5.0000000000000003e-02,3.1250000000000002e-03,5.4675868820499999e-03,5.4297697585588027e-03,3.7817123491197188e-05,3.7817123491197188e-05
1581,-1.6666666666400001e-01,2.6666666666699999e+00,5.0000000000000003e-02,3.1250000000000002e-03,3.6852760746700001e-03,3.6727792343277496e-03,1.2496840342250508e-05,1.2496840342250508e-05
1582,-1.6666666666300001e-01,2.8333333333300001e+00,5.0000000000000003e-02,3.1250000000000002e-03,1.6963438379500001e-03,1.6365380819882863e-03,5.9805755961713815e-05,5.9805755961713815e-05
1583,-8.3333333329900006e-02,2.9166666666699999e+00,5.0000000000000003e-02,3.1250000000000002e-03,1.1098980324900001e-03,1.0778834738653105e-03,3.2014558624689606e-05,3.2014558624689606e-05
1584,-8.3333333329599996e-02,3.0833333333300001e+00,5.0000000000000003e-02,3.1250000000000002e-03,4.7572881007300002e-04,4.3602878175538556e-04,3.9700028317614464e-05,3.9700028317614464e-05
1585,-1.6666666666300001e-01,3.1666666666699999e+00,5.0000000000000003e-02,3.1250000000000002e-03,2.9143727936999997e-04,2.6776631600572035e-04,2.3670963364279621e-05,2.3670963364279621e-05
1586,-1.6666666666300001e-01,3.3333333333300001e+00,5.0000000000000003e-02,3.1250000000000002e-03,1.1491327197100000e-04,9.8219364039067868e-05,1.6693907931932136e-05,1.6693907931932136e-05
1587,-8.3333333329199996e-02,3.4166666666699999e+00,5.0000000000000003e-02,3.1250000000000002e-03,6.8219651671900001e-05,5.8661374103750487e-05,9.5582775681495144e-06,9.5582775681495144e-06
1588,-8.3333333329000003e-02,3.5833333333300001e+00,5.0000000000000003e-02,3.1250000000000002e-03,2.5179697901099999e-05,1.9493146398651334e-05,5.6865515024486653e-06,5.6865515024486653e-06
1589,-1.6666666666200000e-01,3.6666666666699999e+00,5.0000000000000003e-02,3.1250000000000002e-03,1.4012028909800000e-05,1.0844763966869360e-05,3.1672649429306404e-06,3.1672649429306404e-06
1590,-1.6666666666200000e-01,3.8333333333300001e+00,5.0000000000000003e-02,3.1250000000100000e-03,4.7787121279600002e-06,3.2621885401998907e-06,1.5165235877601095e-06,1.5165235877601095e-06
1591,-8.3333333328600004e-02,3.9166666666699999e+00,5.0000000000000003e-02,3.1250000000100000e-03,2.5740426526700001e-06,1.7637223390505007e-06,8.1032031361949935e-07,8.1032031361949935e-07
1592,-8.3333333328399997e-02,4.0833333333299997e+00,5.0000000000000003e-02,3.1250000000100000e-03,8.2588306472400001e-07,4.7996623284937454e-07,3.4591683187462548e-07,3.4591683187462548e-07
1593,-1.6666666666200000e-01,4.1666666666700003e+00,5.0000000000000003e-02,3.1250000000100000e-03,4.1766037065000002e-07,2.4157147477141489e-07,1.7608889587858514e-07,1.7608889587858514e-07
1594,-1.6666666666200000e-01,4.3333333333299997e+00,5.0000000000000003e-02,3.1250000000100000e-03,1.2437712214499999e-07,5.9442597767330699e-08,6.4934524377669293e-08,6.4934524377669293e-08
1595,-8.3333333327999998e-02,4.4166666666700003e+00,5.0000000000000003e-02,3.1250000000100000e-03,6.0839558936200005e-08,2.9059942947145890e-08,3.1779615989054118e-08,3.1779615989054118e-08
1596,-8.3333333327800005e-02,4.5833333333299997e+00,5.0000000000000003e-02,3.1250000000100000e-03,1.7129333192899999e-08,6.4630318197198104e-09,1.0666301373180188e-08,1.0666301373180188e-08
1597,-1.6666666666100000e-01,4.6666666666700003e+00,5.0000000000000003e-02,3.1250000000100000e-03,7.8988114875100008e-09,2.9401126045291452e-09,4.9586988829808556e-09,4.9586988829808556e-09
1598,-1.6666666666100000e-01,4.8333333333299997e+00,5.0000000000000003e-02,3.1250000000100000e-03,2.1617716626100001e-09,5.9080271569025334e-10,1.5709689469197468e-09,1.5709689469197468e-09
1599,-8.3333333327400005e-02,4.9166666666700003e+00,5.0000000000000003e-02,3.1250000000100000e-03,1.1475435517399999e-09,2.6096308680806305e-10,8.8658046493193685e-10,8.8658046493193685e-10
1600,8.3333333327400005e-02,-4.9166666666700003e+00,5.0000000000000003e-02,3.1250000000100000e-03,1.1475435517399999e-09,2.6096308680806305e-10,8.8658046493193685e-10,8.8658046493193685e-10
1601,1.6666666666100000e-01,-4.8333333333299997e+00,5.0000000000000003e-02,3.1250000000100000e-03,2.1617716626100001e-09,5.9080271569025334e-10,1.5709689469197468e-09,1.5709689469197468e-09
1602,1.6666666666100000e-01,-4.6666666666700003e+00,5.0000000000000003e-02,3.1250000000100000e-03,7.8988114875100008e-09,2.9401126045291452e-09,4.9586988829808556e-09,4.9586988829808556e-09
1603,8.3333333327800005e-02,-4.5833333333299997e+00,5.0000000000000003e-02,3.1250000000100000e-03,1.7129333192899999e-08,6.4630318197198104e-09,1.0666301373180188e-08,1.0666301373180188e-08
1604,8.3333333327999998e-02,-4.4166666666700003e+00,5.0000000000000003e-02,3.1250000000100000e-03,6.0839558936200005e-08,2.9059942947145890e-08,3.1779615989054118e-08,3.1779615989054118e-08
1605,1.6666666666200000e-01,-4.3333333333299997e+00,5.0000000000000003e-02,3.1250000000100000e-03,1.2437712214499999e-07,5.9442597767330699e-08,6.4934524377669293e-08,6.4934524377669293e-08
1606,1.6666666666200000e-01,-4.1666666666700003e+00,5.0000000000000003e-02,3.1250000000100000e-03,4.1766037065000002e-07,2.4157147477141489e-07,1.7608889587858514e-07,1.7608889587858514e-07
1607,8.3333333328399997e-02,-4.0833333333299997e+00,5.0000000000000003e-02,3.1250000000100000e-03,8.2588306472400001e-07,4.7996623284937454e-07,3.4591683187462548e-07,3.4591683187462548e-07
1608,8.3333333328600004e-02,-3.9166666666699999e+00,5.0000000000000003e-02,3.1250000000100000e-03,2.5740426526700001e-06,1.7637223390505007e-06,8.1032031361949935e-07,8.1032031361949935e-07
1609,1.6666666666200000e-01,-3.8333333333300001e+00,5.0000000000000003e-02,3.1250000000100000e-03,4.7787121279600002e-06,3.2621885401998907e-06,1.5165235877601095e-06,1.5165235877601095e-06
1610,1.6666666666200000e-01,-3.6666666666699999e+00,5.0000000000000003e-02,3.1250000000000002e-03,1.4012028909800000e-05,1.0844763966869360e-05,3.1672649429306404e-06,3.1672649429306404e-06
1611,8.3333333329000003e-02,-3.5833333333300001e+00,5.0000000000000003e-02,3.1250000000000002e-03,2.5179697901099999e-05,1.9493146398651334e-05,5.6865515024486653e-06,5.6865515024486653e-06
1612,8.3333333329199996e-02,-3.4166666666699999e+00,5.0000000000000003e-02,3.1250000000000002e-03,6.8219651671900001e-05,5.8661374103750487e-05,9.5582775681495144e-06,9.5582775681495144e-06
1613,1.6666666666300001e-01,-3.3333333333300001e+00,5.0000000000000003e-02,3.1250000000000002e-03,1.1491327197100000e-04,9.8219364039067868e-05,1.6693907931932136e-05,1.6693907931932136e-05
1614,1.6666666666300001e-01,-3.1666666666699999e+00,5.0000000000000003e-02,3.1250000000000002e-03,2.9143727936999997e-04,2.6776631600572035e-04,2.3670963364279621e-05,2.3670963364279621e-05
1615,8.3333333329599996e-02,-3.0833333333300001e+00,5.0000000000000003e-02,3.1250000000000002e-03,4.7572881007300002e-04,4.3602878175538556e-04,3.9700028317614464e-05,3.9700028317614464e-05
1616,8.3333333329900006e-02,-2.9166666666699999e+00,5.0000000000000003e-02,3.1250000000000002e-03,1.1098980324900001e-03,1.0778834738653105e-03,3.2014558624689606e-05,3.2014558624689606e-05
1617,1.6666666666300001e-01,-2.8333333333300001e+00,5.0000000000000003e-02,3.1250000000000002e-03,1.6963438379500001e-03,1.6365380819882863e-03,5.9805755961713815e-05,5.9805755961713815e-05
1618,1.6666666666400001e-01,-2.6666666666699999e+00,5.0000000000000003e-02,3.1250000000000002e-03,3.6852760746700001e-03,3.6727792343277496e-03,1.2496840342250508e-05,1.2496840342250508e-05
1619,8.3333333330300005e-02,-2.5833333333300001e+00,5.0000000000000003e-02,3.1250000000000002e-03,5.4675868820499999e-03,5.4297697585588027e-03,3.7817123491197188e-05,3.7817123491197188e-05
1620,8.3333333330499998e-02,-2.4166666666699999e+00,5.0000000000000003e-02,3.1250000000000002e-03,1.0886891596600000e-02,1.1079373244114619e-02,-1.9248164751461960e-04,1.9248164751461960e-04
1621,1.6666666666400001e-01,-2.3333333333300001e+00,5.0000000000000003e-02,3.1250000000000002e-03,1.5118113852100001e-02,1.5295192825884020e-02,-1.7707897378401935e-04,1.7707897378401935e-04
1622,1.6666666666400001e-01,-2.1666666666699999e+00,5.0000000000000003e-02,3.1250000000000002e-03,2.7901468401599998e-02,2.8430957647305910e-02,-5.2948924570591152e-04,5.2948924570591152e-04
1623,8.3333333330899997e-02,-2.0833333333300001e+00,5.0000000000000003e-02,3.1250000000000002e-03,3.7706526196799997e-02,3.8291996509990739e-02,-5.8547031319074183e-04,5.8547031319074183e-04
1624,8.3333333331100004e-02,-1.9166666666700001e+00,5.0000000000000003e-02,3.1250000000000002e-03,6.3684289486799994e-02,6.5002634494435191e-02,-1.3183450076351966e-03,1.3183450076351966e-03
1625,1.6666666666499999e-01,-1.8333333333299999e+00,5.0000000000000003e-02,3.1250000000000002e-03,8.0637989907799995e-02,8.1958336458965442e-02,-1.3203465511654466e-03,1.3203465511654466e-03
1626,1.6666666666499999e-01,-1.6666666666700001e+00,5.0000000000000003e-02,3.1250000000000002e-03,1.2596610377199999e-01,1.2747101100344502e-01,-1.5049072314450296e-03,1.5049072314450296e-03
1627,8.3333333331500004e-02,-1.5833333333299999e+00,5.0000000000000003e-02,3.1250000000000002e-03,1.5582575398000001e-01,1.5731494746786398e-01,-1.4891934878639712e-03,1.4891934878639712e-03
1628,8.3333333331699996e-02,-1.4166666666700001e+00,5.0000000000000003e-02,3.1250000000000002e-03,2.2344078559200001e-01,2.2511950383883073e-01,-1.6787182468307182e-03,1.6787182468307182e-03
1629,1.6666666666499999e-01,-1.3333333333299999e+00,5.0000000000000003e-02,3.1250000000000002e-03,2.5983698556899998e-01,2.6119080748884244e-01,-1.3538219198424573e-03,1.3538219198424573e-03
1630,1.6666666666499999e-01,-1.1666666666700001e+00,5.0000000000000003e-02,3.1250000000000002e-03,3.4581375049200003e-01,3.4575824419735168e-01,5.5506294648344223e-05,5.5506294648344223e-05
1631,8.3333333332099996e-02,-1.0833333333299999e+00,5.0000000000000003e-02,3.1250000000000002e-03,3.9525162529800001e-01,3.9479105326989922e-01,4.6057202810079190e-04,4.6057202810079190e-04
1632,8.3333333332300003e-02,-9.1666666666800001e-01,5.0000000000000003e-02,3.1250000000100000e-03,4.8800015999200003e-01,4.8671347407172483e-01,1.2866859202751990e-03,1.2866859202751990e-03
1633,1.6666666666600000e-01,-8.3333333333500004e-01,5.0000000000000003e-02,3.1250000000100000e-03,5.2771969717699996e-01,5.2597792254810327e-01,1.7417746288966862e-03,1.7417746288966862e-03
1634,1.6666666666600000e-01,-6.6666666666800001e-01,5.0000000000000003e-02,3.1250000000100000e-03,6.1188404813399999e-01,6.0867866272673354e-01,3.2053854072664478e-03,3.2053854072664478e-03
1635,8.3333333332700002e-02,-5.8333333333399995e-01,5.0000000000000003e-02,3.1250000000100000e-03,6.5586080402600000e-01,6.5241049846696997e-01,3.4503055590300313e-03,3.4503055590300313e-03
1636,8.3333333332899995e-02,-4.1666666666699997e-01,5.0000000000000003e-02,3.1250000000100000e-03,7.1809952716699998e-01,7.1460459698689716e-01,3.4949301801028287e-03,3.4949301801028287e-03
1637,1.6666666666600000e-01,-3.3333333333400000e-01,5.0000000000000003e-02,3.1250000000100000e-03,7.3442287691899999e-01,7.3086336371931204e-01,3.5595131996879470e-03,3.5595131996879470e-03
1638,1.6666666666700000e-01,-1.6666666666700000e-01,5.0000000000000003e-02,3.1250000000100000e-03,7.6697657626700000e-01,7.6324767389026393e-01,3.7289023767360652e-03,3.7289023767360652e-03
1639,8.3333333333299994e-02,-8.3333333333500001e-02,5.0000000000000003e-02,3.1250000000100000e-03,7.8344319767199999e-01,7.7972156521118419e-01,3.7216324608158047e-03,3.7216324608158047e-03
1640,8.3333333333500001e-02,8.3333333333299994e-02,5.0000000000000003e-02,3.1250000000100000e-03,7.8344319767199999e-01,7.7972156521118419e-01,3.7216324608158047e-03,3.7216324608158047e-03
1641,1.6666666666700000e-01,1.6666666666700000e-01,5.0000000000000003e-02,3.1250000000100000e-03,7.6697657626700000e-01,7.6324767389026393e-01,3.7289023767360652e-03,3.7289023767360652e-03
1642,1.6666666666700000e-01,3.3333333333400000e-01,5.0000000000000003e-02,3.1250000000100000e-03,7.3442287691899999e-01,7.3086336371918681e-01,3.5595131998131802e-03,3.5595131998131802e-03
1643,8.3333333333900000e-02,4.1666666666699997e-01,5.0000000000000003e-02,3.1250000000100000e-03,7.1809952716699998e-01,7.1460459698683620e-01,3.4949301801637800e-03,3.4949301801637800e-03
1644,8.3333333334199997e-02,5.8333333333399995e-01,5.0000000000000003e-02,3.1250000000100000e-03,6.5586080402600000e-01,6.5241049846688659e-01,3.4503055591134091e-03,3.4503055591134091e-03
1645,1.6666666666800001e-01,6.6666666666700003e-01,5.0000000000000003e-02,3.1250000000100000e-03,6.1188404813399999e-01,6.0867866272698745e-01,3.2053854070125398e-03,3.2053854070125398e-03
1646,1.6666666666800001e-01,8.3333333333399995e-01,5.0000000000000003e-02,3.1250000000100000e-03,5.2771969717699996e-01,5.2597792254844711e-01,1.7417746285528501e-03,1.7417746285528501e-03
1647,8.3333333334599996e-02,9.1666666666800001e-01,5.0000000000000003e-02,3.1250000000100000e-03,4.8800015999200003e-01,4.8671347407162946e-01,1.2866859203705672e-03,1.2866859203705672e-03
1648,8.3333333334800003e-02,1.0833333333299999e+00,5.0000000000000003e-02,3.1250000000000002e-03,3.9525162529800001e-01,3.9479105326980846e-01,4.6057202819155263e-04,4.6057202819155263e-04
1649,1.6666666666800001e-01,1.1666666666700001e+00,5.0000000000000003e-02,3.1250000000000002e-03,3.4581375049200003e-01,3.4575824419717388e-01,5.5506294826146441e-05,5.5506294826146441e-05
1650,1.6666666666900001e-01,1.3333333333299999e+00,5.0000000000000003e-02,3.1250000000000002e-03,2.5983698556899998e-01,2.6119080748866336e-01,-1.3538219196633783e-03,1.3538219196633783e-03
1651,8.3333333335200002e-02,1.4166666666700001e+00,5.0000000000000003e-02,3.1250000000000002e-03,2.2344078559200001e-01,2.2511950383876364e-01,-1.6787182467636330e-03,1.6787182467636330e-03
1652,8.3333333335399995e-02,1.5833333333299999e+00,5.0000000000000003e-02,3.1250000000000002e-03,1.5582575398000001e-01,1.5731494746781172e-01,-1.4891934878117075e-03,1.4891934878117075e-03
1653,1.6666666666900001e-01,1.6666666666700001e+00,5.0000000000000003e-02,3.1250000000000002e-03,1.2596610377199999e-01,1.2747101100335764e-01,-1.5049072313576550e-03,1.5049072313576550e-03
1654,1.6666666666900001e-01,1.8333333333299999e+00,5.0000000000000003e-02,3.1250000000000002e-03,8.0637989907799995e-02,8.1958336458909251e-02,-1.3203465511092555e-03,1.3203465511092555e-03
1655,8.3333333335799994e-02,1.9166666666700001e+00,5.0000000000000003e-02,3.1250000000000002e-03,6.3684289486700005e-02,6.5002634494409184e-02,-1.3183450077091791e-03,1.3183450077091791e-03
1656,8.3333333336000001e-02,2.0833333333300001e+00,5.0000000000000003e-02,3.1250000000000002e-03,3.7706526196799997e-02,3.8291996509974113e-02,-5.8547031317411624e-04,5.8547031317411624e-04
1657,1.6666666666999999e-01,2.1666666666699999e+00,5.0000000000000003e-02,3.1250000000000002e-03,2.7901468401599998e-02,2.8430957647276676e-02,-5.2948924567667796e-04,5.2948924567667796e-04
1658,1.6666666666999999e-01,2.3333333333300001e+00,5.0000000000000003e-02,3.1250000000000002e-03,1.5118113852000001e-02,1.5295192825868293e-02,-1.7707897386829222e-04,1.7707897386829222e-04
1659,8.3333333336400001e-02,2.4166666666699999e+00,5.0000000000000003e-02,3.1250000000000002e-03,1.0886891596600000e-02,1.1079373244109052e-02,-1.9248164750905288e-04,1.9248164750905288e-04
1660,8.3333333336599993e-02,2.5833333333300001e+00,5.0000000000000003e-02,3.1250000000000002e-03,5.4675868820499999e-03,5.4297697585558901e-03,3.7817123494109789e-05,3.7817123494109789e-05
1661,1.6666666666999999e-01,2.6666666666699999e+00,5.0000000000000003e-02,3.1250000000000002e-03,3.6852760746700001e-03,3.6727792343239731e-03,1.2496840346027001e-05,1.2496840346027001e-05
1662,1.6666666666999999e-01,2.8333333333300001e+00,5.0000000000000003e-02,3.1250000000000002e-03,1.6963438379500001e-03,1.6365380819863230e-03,5.9805755963677088e-05,5.9805755963677088e-05
1663,8.3333333337000007e-02,2.9166666666699999e+00,5.0000000000000003e-02,3.1250000000000002e-03,1.1098980324900001e-03,1.0778834738646586e-03,3.2014558625341428e-05,3.2014558625341428e-05
1664,8.3333333337200000e-02,3.0833333333300001e+00,5.0000000000000003e-02,3.1250000000000002e-03,4.7572881007300002e-04,4.3602878175510339e-04,3.9700028317896628e-05,3.9700028317896628e-05
1665,1.6666666667100000e-01,3.1666666666699999e+00,5.0000000000000003e-02,3.1250000000000002e-03,2.9143727936999997e-04,2.6776631600535324e-04,2.3670963364646731e-05,2.3670963364646731e-05
1666,1.6666666667100000e-01,3.3333333333300001e+00,5.0000000000000003e-02,3.1250000000000002e-03,1.1491327197100000e-04,9.8219364038933210e-05,1.6693907932066794e-05,1.6693907932066794e-05
1667,8.3333333337599999e-02,3.4166666666699999e+00,5.0000000000000003e-02,3.1250000000000002e-03,6.8219651671900001e-05,5.8661374103708515e-05,9.5582775681914866e-06,9.5582775681914866e-06
1668,8.3333333337800006e-02,3.5833333333300001e+00,5.0000000000000003e-02,3.1250000000000002e-03,2.5179697901099999e-05,1.9493146398636725e-05,5.6865515024632749e-06,5.6865515024632749e-06
1669,1.6666666667100000e-01,3.6666666666699999e+00,5.0000000000000003e-02,3.1250000000000002e-03,1.4012028909800000e-05,1.0844763966852634e-05,3.1672649429473659e-06,3.1672649429473659e-06
1670,1.6666666667200000e-01,3.8333333333300001e+00,5.0000000000000003e-02,3.1250000000100000e-03,4.7787121279500001e-06,3.2621885401943011e-06,1.5165235877556990e-06,1.5165235877556990e-06
1671,8.3333333338200005e-02,3.9166666666699999e+00,5.0000000000000003e-02,3.1250000000100000e-03,2.5740426526700001e-06,1.7637223390490589e-06,8.1032031362094121e-07,8.1032031362094121e-07
1672,8.3333333338500001e-02,4.0833333333299997e+00,5.0000000000000003e-02,3.1250000000100000e-03,8.2588306472299999e-07,4.7996623284896161e-07,3.4591683187403838e-07,3.4591683187403838e-07
1673,1.6666666667200000e-01,4.1666666666700003e+00,5.0000000000000003e-02,3.1250000000100000e-03,4.1766037064899999e-07,2.4157147477100095e-07,1.7608889587799904e-07,1.7608889587799904e-07
1674,1.6666666667200000e-01,4.3333333333299997e+00,5.0000000000000003e-02,3.1250000000100000e-03,1.2437712214399999e-07,5.9442597767228844e-08,6.4934524376771147e-08,6.4934524376771147e-08
1675,8.3333333338900001e-02,4.4166666666700003e+00,5.0000000000000003e-02,3.1250000000100000e-03,6.0839558936100002e-08,2.9059942947118918e-08,3.1779615988981088e-08,3.1779615988981088e-08
1676,8.3333333339099994e-02,4.5833333333299997e+00,5.0000000000000003e-02,3.1250000000100000e-03,1.7129333192899999e-08,6.4630318197135916e-09,1.0666301373186407e-08,1.0666301373186407e-08
1677,1.6666666667300001e-01,4.6666666666700003e+00,5.0000000000000003e-02,3.1250000000100000e-03,7.8988114874800006e-09,2.9401126045230998e-09,4.9586988829569013e-09,4.9586988829569013e-09
1678,1.6666666667300001e-01,4.8333333333299997e+00,5.0000000000000003e-02,3.1250000000100000e-03,2.1617716625999999e-09,5.9080271568903862e-10,1.5709689469109613e-09,1.5709689469109613e-09
1679,8.3333333339499993e-02,4.9166666666700003e+00,5.0000000000000003e-02,3.1250000000100000e-03,1.1475435517299999e-09,2.6096308680779422e-10,8.8658046492220569e-10,8.8658046492220569e-10
1680,4.1666666666100000e-01,-4.9166666666700003e+00,5.0000000000000003e-02,3.1250000000100000e-03,1.0676923563400000e-09,2.3916924938047541e-10,8.2852310695952462e-10,8.2852310695952462e-10
1681,3.3333333332800003e-01,-4.8333333333299997e+00,5.0000000000000003e-02,3.1250000000100000e-03,2.0700946145099999e-09,5.6573517988389661e-10,1.5043594346261032e-09,1.5043594346261032e-09
1682,3.3333333332800003e-01,-4.6666666666700003e+00,5.0000000000000003e-02,3.1250000000100000e-03,7.4500457387499998e-09,2.8153647385640274e-09,4.6346810001859724e-09,4.6346810001859724e-09
1683,4.1666666666199997e-01,-4.5833333333299997e+00,5.0000000000000003e-02,3.1250000000100000e-03,1.5711570035200000e-08,5.9232839707355823e-09,9.7882860644644184e-09,9.7882860644644184e-09
1684,4.1666666666199997e-01,-4.4166666666700003e+00,5.0000000000000003e-02,3.1250000000100000e-03,5.6721461326899998e-08,2.6633056907460035e-08,3.0088404419439963e-08,3.0088404419439963e-08
1685,3.3333333332800003e-01,-4.3333333333299997e+00,5.0000000000000003e-02,3.1250000000100000e-03,1.1933147192499999e-07,5.6920470823129440e-08,6.2411001101870554e-08,6.2411001101870554e-08
1686,3.3333333332900000e-01,-4.1666666666700003e+00,5.0000000000000003e-02,3.1250000000100000e-03,3.9431363253300002e-07,2.3132168845048295e-07,1.6299194408251707e-07,1.6299194408251707e-07
1687,4.1666666666199997e-01,-4.0833333333299997e+00,5.0000000000000003e-02,3.1250000000100000e-03,7.5643089406999999e-07,4.3988276289415472e-07,3.1654813117584527e-07,3.1654813117584527e-07
1688,4.1666666666199997e-01,-3.9166666666699999e+00,5.0000000000000003e-02,3.1250000000100000e-03,2.3964310409899998e-06,1.6164284117944688e-06,7.8000262919553105e-07,7.8000262919553105e-07
1689,3.3333333332900000e-01,-3.8333333333300001e+00,5.0000000000000003e-02,3.1250000000100000e-03,4.5897962253399997e-06,3.1237751140812607e-06,1.4660211112587390e-06,1.4660211112587390e-06
1690,3.3333333332900000e-01,-3.6666666666699999e+00,5.0000000000000003e-02,3.1250000000000002e-03,1.3245142003799999e-05,1.0384624732853697e-05,2.8605172709463028e-06,2.8605172709463028e-06
1691,4.1666666666300001e-01,-3.5833333333300001e+00,5.0000000000000003e-02,3.1250000000000002e-03,2.3031132153500000e-05,1.7865213234753879e-05,5.1659189187461210e-06,5.1659189187461210e-06
1692,4.1666666666300001e-01,-3.4166666666699999e+00,5.0000000000000003e-02,3.1250000000000002e-03,6.3403142454799993e-05,5.3762380663169739e-05,9.6407617916302544e-06,9.6407617916302544e-06
1693,3.3333333332999998e-01,-3.3333333333300001e+00,5.0000000000000003e-02,3.1250000000000002e-03,1.1046843022900000e-04,9.4051953565894416e-05,1.6416476663105579e-05,1.6416476663105579e-05
1694,3.3333333332999998e-01,-3.1666666666699999e+00,5.0000000000000003e-02,3.1250000000000002e-03,2.7590476518799998e-04,2.5640509247711496e-04,1.9499672710885014e-05,1.9499672710885014e-05
1695,4.1666666666300001e-01,-3.0833333333300001e+00,5.0000000000000003e-02,3.1250000000000002e-03,4.3464605742899999e-04,3.9961466472591977e-04,3.5031392703080216e-05,3.5031392703080216e-05
1696,4.1666666666399998e-01,-2.9166666666699999e+00,5.0000000000000003e-02,3.1250000000000002e-03,1.0294239011599999e-03,9.8786607913364951e-04,4.1557822026350427e-05,4.1557822026350427e-05
1697,3.3333333332999998e-01,-2.8333333333300001e+00,5.0000000000000003e-02,3.1250000000000002e-03,1.6316840670800000e-03,1.5671003900489208e-03,6.4583677031079204e-05,6.4583677031079204e-05
1698,3.3333333332999998e-01,-2.6666666666699999e+00,5.0000000000000003e-02,3.1250000000000002e-03,3.4952833161400001e-03,3.5169446003278379e-03,-2.1661284187837835e-05,2.1661284187837835e-05
1699,4.1666666666399998e-01,-2.5833333333300001e+00,5.0000000000000003e-02,3.1250000000000002e-03,4.9918291099500002e-03,4.9763128316191139e-03,1.5516278330886257e-05,1.5516278330886257e-05
1700,4.1666666666399998e-01,-2.4166666666699999e+00,5.0000000000000003e-02,3.1250000000000002e-03,1.0073889792400001e-02,1.0154100393313928e-02,-8.0210600913926955e-05,8.0210600913926955e-05
1701,3.3333333333100001e-01,-2.3333333333300001e+00,5.0000000000000003e-02,3.1250000000000002e-03,1.4544088775499999e-02,1.4646223578366790e-02,-1.0213480286679066e-04,1.0213480286679066e-04
1702,3.3333333333100001e-01,-2.1666666666699999e+00,5.0000000000000003e-02,3.1250000000000002e-03,2.6519970362499999e-02,2.7224642865883733e-02,-7.0467250338373394e-04,7.0467250338373394e-04
1703,4.1666666666500002e-01,-2.0833333333300001e+00,5.0000000000000003e-02,3.1250000000000002e-03,3.4421363104599999e-02,3.5094113020269865e-02,-6.7274991566986658e-04,6.7274991566986658e-04
1704,4.1666666666500002e-01,-1.9166666666700001e+00,5.0000000000000003e-02,3.1250000000000002e-03,5.8780498738099998e-02,5.9574062714850898e-02,-7.9356397675089951e-04,7.9356397675089951e-04
1705,3.3333333333100001e-01,-1.8333333333299999e+00,5.0000000000000003e-02,3.1250000000000002e-03,7.7546410047900000e-02,7.8480875236683720e-02,-9.3446518878372020e-04,9.3446518878372020e-04
1706,3.3333333333199999e-01,-1.6666666666700001e+00,5.0000000000000003e-02,3.1250000000000002e-03,1.2000860289800000e-01,1.2206246421144207e-01,-2.0538613134420680e-03,2.0538613134420680e-03
1707,4.1666666666500002e-01,-1.5833333333299999e+00,5.0000000000000003e-02,3.1250000000000002e-03,1.4233217037699999e-01,1.4417708788767075e-01,-1.8449175106707572e-03,1.8449175106707572e-03
1708,4.1666666666500002e-01,-1.4166666666700001e+00,5.0000000000000003e-02,3.1250000000000002e-03,2.0573223810899999e-01,2.0631907528577828e-01,-5.8683717677829317e-04,5.8683717677829317e-04
1709,3.3333333333199999e-01,-1.3333333333299999e+00,5.0000000000000003e-02,3.1250000000000002e-03,2.4964603314799999e-01,2.5010858029989935e-01,-4.6254715189936180e-04,4.6254715189936180e-04
1710,3.3333333333199999e-01,-1.1666666666700001e+00,5.0000000000000003e-02,3.1250000000000002e-03,3.3018814629100002e-01,3.3108785264917745e-01,-8.9970635817743227e-04,8.9970635817743227e-04
1711,4.1666666666600000e-01,-1.0833333333299999e+00,5.0000000000000003e-02,3.1250000000000002e-03,3.6143695821400001e-01,3.6182082695075984e-01,-3.8386873675982924e-04,3.8386873675982924e-04
1712,4.1666666666600000e-01,-9.1666666666800001e-01,5.0000000000000003e-02,3.1250000000100000e-03,4.4840351263099998e-01,4.4606652105745331e-01,2.3369915735466651e-03,2.3369915735466651e-03
1713,3.3333333333300003e-01,-8.3333333333500004e-01,5.0000000000000003e-02,3.1250000000100000e-03,5.0639850424499999e-01,5.0366087819990590e-01,2.7376260450940881e-03,2.7376260450940881e-03
1714,3.3333333333300003e-01,-6.6666666666800001e-01,5.0000000000000003e-02,3.1250000000100000e-03,5.8524244909500001e-01,5.8285265724713720e-01,2.3897918478628100e-03,2.3897918478628100e-03
1715,4.1666666666600000e-01,-5.8333333333500004e-01,5.0000000000000003e-02,3.1250000000100000e-03,6.0051705579799997e-01,5.9792567260929153e-01,2.5913831887084404e-03,2.5913831887084404e-03
1716,4.1666666666699997e-01,-4.1666666666800001e-01,5.0000000000000003e-02,3.1250000000100000e-03,6.5887539384899996e-01,6.5492574890656563e-01,3.9496449424343272e-03,3.9496449424343272e-03
1717,3.3333333333300003e-01,-3.3333333333400000e-01,5.0000000000000003e-02,3.1250000000100000e-03,7.0392818529199996e-01,6.9985310758236374e-01,4.0750777096362212e-03,4.0750777096362212e-03
1718,3.3333333333400000e-01,-1.6666666666700000e-01,5.0000000000000003e-02,3.1250000000100000e-03,7.3442287691899999e-01,7.3086336371918681e-01,3.5595131998131802e-03,3.5595131998131802e-03
1719,4.1666666666699997e-01,-8.3333333333900000e-02,5.0000000000000003e-02,3.1250000000100000e-03,7.1809952716699998e-01,7.1460459698683620e-01,3.4949301801637800e-03,3.4949301801637800e-03
1720,4.1666666666699997e-01,8.3333333332899995e-02,5.0000000000000003e-02,3.1250000000100000e-03,7.1809952716699998e-01,7.1460459698689716e-01,3.4949301801028287e-03,3.4949301801028287e-03
1721,3.3333333333400000e-01,1.6666666666600000e-01,5.0000000000000003e-02,3.1250000000100000e-03,7.3442287691899999e-01,7.3086336371931204e-01,3.5595131996879470e-03,3.5595131996879470e-03
1722,3.3333333333400000e-01,3.3333333333300003e-01,5.0000000000000003e-02,3.1250000000100000e-03,7.0392818529199996e-01,6.9985310758236374e-01,4.0750777096362212e-03,4.0750777096362212e-03
1723,4.1666666666800001e-01,4.1666666666699997e-01,5.0000000000000003e-02,3.1250000000100000e-03,6.5887539384899996e-01,6.5492574890656563e-01,3.9496449424343272e-03,3.9496449424343272e-03
1724,4.1666666666800001e-01,5.8333333333399995e-01,5.0000000000000003e-02,3.1250000000100000e-03,6.0051705579799997e-01,5.9792567260914697e-01,2.5913831888529915e-03,2.5913831888529915e-03
1725,3.3333333333499998e-01,6.6666666666700003e-01,5.0000000000000003e-02,3.1250000000100000e-03,5.8524244909500001e-01,5.8285265724717106e-01,2.3897918478289482e-03,2.3897918478289482e-03
1726,3.3333333333499998e-01,8.3333333333399995e-01,5.0000000000000003e-02,3.1250000000100000e-03,5.0639850424499999e-01,5.0366087820005423e-01,2.7376260449457623e-03,2.7376260449457623e-03
1727,4.1666666666800001e-01,9.1666666666700003e-01,5.0000000000000003e-02,3.1250000000100000e-03,4.4840351263000000e-01,4.4606652105755629e-01,2.3369915724437140e-03,2.3369915724437140e-03
1728,4.1666666666899999e-01,1.0833333333299999e+00,5.0000000000000003e-02,3.1250000000000002e-03,3.6143695821400001e-01,3.6182082695027573e-01,-3.8386873627571649e-04,3.8386873627571649e-04
1729,3.3333333333499998e-01,1.1666666666700001e+00,5.0000000000000003e-02,3.1250000000000002e-03,3.3018814629100002e-01,3.3108785264882890e-01,-8.9970635782887776e-04,8.9970635782887776e-04
1730,3.3333333333499998e-01,1.3333333333299999e+00,5.0000000000000003e-02,3.1250000000000002e-03,2.4964603314799999e-01,2.5010858029963606e-01,-4.6254715163607241e-04,4.6254715163607241e-04
1731,4.1666666666899999e-01,1.4166666666700001e+00,5.0000000000000003e-02,3.1250000000000002e-03,2.0573223810899999e-01,2.0631907528541021e-01,-5.8683717641022648e-04,5.8683717641022648e-04
1732,4.1666666666899999e-01,1.5833333333299999e+00,5.0000000000000003e-02,3.1250000000000002e-03,1.4233217037699999e-01,1.4417708788741354e-01,-1.8449175104135462e-03,1.8449175104135462e-03
1733,3.3333333333600002e-01,1.6666666666700001e+00,5.0000000000000003e-02,3.1250000000000002e-03,1.2000860289800000e-01,1.2206246421127075e-01,-2.0538613132707467e-03,2.0538613132707467e-03
1734,3.3333333333600002e-01,1.8333333333299999e+00,5.0000000000000003e-02,3.1250000000000002e-03,7.7546410047900000e-02,7.8480875236546024e-02,-9.3446518864602479e-04,9.3446518864602479e-04
1735,4.1666666667000002e-01,1.9166666666700001e+00,5.0000000000000003e-02,3.1250000000000002e-03,5.8780498738000002e-02,5.9574062714718060e-02,-7.9356397671805773e-04,7.9356397671805773e-04
1736,4.1666666667000002e-01,2.0833333333300001e+00,5.0000000000000003e-02,3.1250000000000002e-03,3.4421363104599999e-02,3.5094113020191608e-02,-6.7274991559160974e-04,6.7274991559160974e-04
1737,3.3333333333600002e-01,2.1666666666699999e+00,5.0000000000000003e-02,3.1250000000000002e-03,2.6519970362399999e-02,2.7224642865835966e-02,-7.0467250343596646e-04,7.0467250343596646e-04
1738,3.3333333333699999e-01,2.3333333333300001e+00,5.0000000000000003e-02,3.1250000000000002e-03,1.4544088775400000e-02,1.4646223578335954e-02,-1.0213480293595409e-04,1.0213480293595409e-04
1739,4.1666666667000002e-01,2.4166666666699999e+00,5.0000000000000003e-02,3.1250000000000002e-03,1.0073889792400001e-02,1.0154100393286758e-02,-8.0210600886757716e-05,8.0210600886757716e-05
1740,4.1666666667000002e-01,2.5833333333300001e+00,5.0000000000000003e-02,3.1250000000000002e-03,4.9918291099299997e-03,4.9763128316057991e-03,1.5516278324200633e-05,1.5516278324200633e-05
1741,3.3333333333699999e-01,2.6666666666699999e+00,5.0000000000000003e-02,3.1250000000000002e-03,3.4952833161400001e-03,3.5169446003191994e-03,-2.1661284179199346e-05,2.1661284179199346e-05
1742,3.3333333333699999e-01,2.8333333333300001e+00,5.0000000000000003e-02,3.1250000000000002e-03,1.6316840670800000e-03,1.5671003900450716e-03,6.4583677034928339e-05,6.4583677034928339e-05
1743,4.1666666667100000e-01,2.9166666666699999e+00,5.0000000000000003e-02,3.1250000000000002e-03,1.0294239011599999e-03,9.8786607913056560e-04,4.1557822029434331e-05,4.1557822029434331e-05
1744,4.1666666667100000e-01,3.0833333333300001e+00,5.0000000000000003e-02,3.1250000000000002e-03,4.3464605742700002e-04,3.9961466472449399e-04,3.5031392702506022e-05,3.5031392702506022e-05
1745,3.3333333333800003e-01,3.1666666666699999e+00,5.0000000000000003e-02,3.1250000000000002e-03,2.7590476518700002e-04,2.5640509247639522e-04,1.9499672710604802e-05,1.9499672710604802e-05
1746,3.3333333333800003e-01,3.3333333333300001e+00,5.0000000000000003e-02,3.1250000000000002e-03,1.1046843022800000e-04,9.4051953565630386e-05,1.6416476662369609e-05,1.6416476662369609e-05
1747,4.1666666667100000e-01,3.4166666666699999e+00,5.0000000000000003e-02,3.1250000000000002e-03,6.3403142454499995e-05,5.3762380662977923e-05,9.6407617915220714e-06,9.6407617915220714e-06
1748,4.1666666667199997e-01,3.5833333333300001e+00,5.0000000000000003e-02,3.1250000000000002e-03,2.3031132153299998e-05,1.7865213234682169e-05,5.1659189186178294e-06,5.1659189186178294e-06
1749,3.3333333333800003e-01,3.6666666666699999e+00,5.0000000000000003e-02,3.1250000000000002e-03,1.3245142003799999e-05,1.0384624732820901e-05,2.8605172709790982e-06,2.8605172709790982e-06
1750,3.3333333333800003e-01,3.8333333333300001e+00,5.0000000000000003e-02,3.1250000000100000e-03,4.5897962253100003e-06,3.1237751140713953e-06,1.4660211112386050e-06,1.4660211112386050e-06
1751,4.1666666667199997e-01,3.9166666666699999e+00,5.0000000000000003e-02,3.1250000000100000e-03,2.3964310409700001e-06,1.6164284117872601e-06,7.8000262918274000e-07,7.8000262918274000e-07
1752,4.1666666667199997e-01,4.0833333333299997e+00,5.0000000000000003e-02,3.1250000000100000e-03,7.5643089406400003e-07,4.3988276289219299e-07,3.1654813117180704e-07,3.1654813117180704e-07
1753,3.3333333333900000e-01,4.1666666666700003e+00,5.0000000000000003e-02,3.1250000000100000e-03,3.9431363253100001e-07,2.3132168844967123e-07,1.6299194408132878e-07,1.6299194408132878e-07
1754,3.3333333333900000e-01,4.3333333333299997e+00,5.0000000000000003e-02,3.1250000000100000e-03,1.1933147192499999e-07,5.6920470822909734e-08,6.2411001102090253e-08,6.2411001102090253e-08
1755,4.1666666667300001e-01,4.4166666666700003e+00,5.0000000000000003e-02,3.1250000000100000e-03,5.6721461326500000e-08,2.6633056907329387e-08,3.0088404419170613e-08,3.0088404419170613e-08
1756,4.1666666667300001e-01,4.5833333333299997e+00,5.0000000000000003e-02,3.1250000000100000e-03,1.5711570035100000e-08,5.9232839707065251e-09,9.7882860643934761e-09,9.7882860643934761e-09
1757,3.3333333333900000e-01,4.6666666666700003e+00,5.0000000000000003e-02,3.1250000000100000e-03,7.4500457387000000e-09,2.8153647385531607e-09,4.6346810001468393e-09,4.6346810001468393e-09
1758,3.3333333333999998e-01,4.8333333333299997e+00,5.0000000000000003e-02,3.1250000000100000e-03,2.0700946144899999e-09,5.6573517988151443e-10,1.5043594346084855e-09,1.5043594346084855e-09
1759,4.1666666667300001e-01,4.9166666666700003e+00,5.0000000000000003e-02,3.1250000000100000e-03,1.0676923563300000e-09,2.3916924937919545e-10,8.2852310695080459e-10,8.2852310695080459e-10
1760,5.8333333332799997e-01,-4.9166666666700003e+00,5.0000000000000003e-02,3.1250000000100000e-03,9.5031154772699999e-10,2.1835366000218499e-10,7.3195788772481505e-10,7.3195788772481505e-10
1761,6.6666666666200003e-01,-4.8333333333299997e+00,5.0000000000000003e-02,3.1250000000100000e-03,1.7344203982000000e-09,4.7115637456181362e-10,1.2632640236381864e-09,1.2632640236381864e-09
1762,6.6666666666200003e-01,-4.6666666666700003e+00,5.0000000000000003e-02,3.1250000000100000e-03,6.4457886240899999e-09,2.3446960529540034e-09,4.1010925711359969e-09,4.1010925711359969e-09
1763,5.8333333332799997e-01,-4.5833333333299997e+00,5.0000000000000003e-02,3.1250000000100000e-03,1.4391836748800000e-08,5.4077634879618050e-09,8.9840732608381941e-09,8.9840732608381941e-09
1764,5.8333333332899995e-01,-4.4166666666700003e+00,5.0000000000000003e-02,3.1250000000100000e-03,5.0251380864900002e-08,2.4315105172813783e-08,2.5936275692086219e-08,2.5936275692086219e-08
1765,6.6666666666200003e-01,-4.3333333333299997e+00,5.0000000000000003e-02,3.1250000000100000e-03,9.9516055107399996e-08,4.7404587207889371e-08,5.2111467899510625e-08,5.2111467899510625e-08
1766,6.6666666666200003e-01,-4.1666666666700003e+00,5.0000000000000003e-02,3.1250000000100000e-03,3.4027750664000002e-07,1.9264965652348581e-07,1.4762785011651421e-07,1.4762785011651421e-07
1767,5.8333333332899995e-01,-4.0833333333299997e+00,5.0000000000000003e-02,3.1250000000100000e-03,6.9452094939500000e-07,4.0159849771069055e-07,2.9292245168430945e-07,2.9292245168430945e-07
1768,5.8333333332899995e-01,-3.9166666666699999e+00,5.0000000000000003e-02,3.1250000000100000e-03,2.1278272436000000e-06,1.4757459864135139e-06,6.5208125718648612e-07,6.5208125718648612e-07
1769,6.6666666666300001e-01,-3.8333333333300001e+00,5.0000000000000003e-02,3.1250000000100000e-03,3.8158727604899997e-06,2.6015468191290295e-06,1.2143259413609702e-06,1.2143259413609702e-06
1770,6.6666666666300001e-01,-3.6666666666699999e+00,5.0000000000000003e-02,3.1250000000000002e-03,1.1391670536000000e-05,8.6485378924436217e-06,2.7431326435563787e-06,2.7431326435563787e-06
1771,5.8333333333000004e-01,-3.5833333333300001e+00,5.0000000000000003e-02,3.1250000000000002e-03,2.1188313128400001e-05,1.6310352215558885e-05,4.8779609128411158e-06,4.8779609128411158e-06
1772,5.8333333333000004e-01,-3.4166666666699999e+00,5.0000000000000003e-02,3.1250000000000002e-03,5.6449078714400003e-05,4.9083285659161125e-05,7.3657930552388783e-06,7.3657930552388783e-06
1773,6.6666666666300001e-01,-3.3333333333300001e+00,5.0000000000000003e-02,3.1250000000000002e-03,9.1578726690499994e-05,7.8328481307551838e-05,1.3250245382948156e-05,1.3250245382948156e-05
1774,6.6666666666399998e-01,-3.1666666666699999e+00,5.0000000000000003e-02,3.1250000000000002e-03,2.3632034448399999e-04,2.1353965262580616e-04,2.2780691858193832e-05,2.2780691858193832e-05
1775,5.8333333333000004e-01,-3.0833333333300001e+00,5.0000000000000003e-02,3.1250000000000002e-03,4.0044873126900002e-04,3.6483504823232632e-04,3.5613683036673702e-05,3.5613683036673702e-05
1776,5.8333333333000004e-01,-2.9166666666699999e+00,5.0000000000000003e-02,3.1250000000000002e-03,9.1953214115699997e-04,9.0188924591932810e-04,1.7642895237671868e-05,1.7642895237671868e-05
1777,6.6666666666399998e-01,-2.8333333333300001e+00,5.0000000000000003e-02,3.1250000000000002e-03,1.3495378263200001e-03,1.3051147685402523e-03,4.4423057779747815e-05,4.4423057779747815e-05
1778,6.6666666666399998e-01,-2.6666666666699999e+00,5.0000000000000003e-02,3.1250000000000002e-03,2.9792429903600002e-03,2.9289867880656116e-03,5.0256202294388531e-05,5.0256202294388531e-05
1779,5.8333333333100001e-01,-2.5833333333300001e+00,5.0000000000000003e-02,3.1250000000000002e-03,4.6020912536399996e-03,4.5432099775110550e-03,5.8881276128944574e-05,5.8881276128944574e-05
1780,5.8333333333100001e-01,-2.4166666666699999e+00,5.0000000000000003e-02,3.1250000000000002e-03,9.0339147151299991e-03,9.2703597584203705e-03,-2.3644504329037135e-04,2.3644504329037135e-04
1781,6.6666666666499996e-01,-2.3333333333300001e+00,5.0000000000000003e-02,3.1250000000000002e-03,1.2012900774400001e-02,1.2197688684682427e-02,-1.8478791028242632e-04,1.8478791028242632e-04
1782,6.6666666666499996e-01,-2.1666666666699999e+00,5.0000000000000003e-02,3.1250000000000002e-03,2.2480888853300001e-02,2.2673265668305496e-02,-1.9237681500549469e-04,1.9237681500549469e-04
1783,5.8333333333100001e-01,-2.0833333333300001e+00,5.0000000000000003e-02,3.1250000000000002e-03,3.1721307086400002e-02,3.2039771176078917e-02,-3.1846408967891454e-04,3.1846408967891454e-04
1784,5.8333333333199999e-01,-1.9166666666700001e+00,5.0000000000000003e-02,3.1250000000000002e-03,5.2949220407800000e-02,5.4389160264842598e-02,-1.4399398570425978e-03,1.4399398570425978e-03
1785,6.6666666666499996e-01,-1.8333333333299999e+00,5.0000000000000003e-02,3.1250000000000002e-03,6.4051823634600005e-02,6.5360553778001110e-02,-1.3087301434011045e-03,1.3087301434011045e-03
1786,6.6666666666499996e-01,-1.6666666666700001e+00,5.0000000000000003e-02,3.1250000000000002e-03,1.0115407571700000e-01,1.0165623449419643e-01,-5.0215877719643476e-04,5.0215877719643476e-04
1787,5.8333333333199999e-01,-1.5833333333299999e+00,5.0000000000000003e-02,3.1250000000000002e-03,1.3096194479100001e-01,1.3162894021807267e-01,-6.6699542707265858e-04,6.6699542707265858e-04
1788,5.8333333333199999e-01,-1.4166666666700001e+00,5.0000000000000003e-02,3.1250000000000002e-03,1.8618746266500000e-01,1.8836253127680291e-01,-2.1750686118029161e-03,2.1750686118029161e-03
1789,6.6666666666600005e-01,-1.3333333333299999e+00,5.0000000000000003e-02,3.1250000000000002e-03,2.0651472011899999e-01,2.0829578242755542e-01,-1.7810623085554311e-03,1.7810623085554311e-03
1790,6.6666666666600005e-01,-1.1666666666700001e+00,5.0000000000000003e-02,3.1250000000000002e-03,2.7687644583799997e-01,2.7573705483085076e-01,1.1393910071492153e-03,1.1393910071492153e-03
1791,5.8333333333299997e-01,-1.0833333333399999e+00,5.0000000000000003e-02,3.1250000000000002e-03,3.3173620840300000e-01,3.3033051712618916e-01,1.4056912768108387e-03,1.4056912768108387e-03
1792,5.8333333333299997e-01,-9.1666666666800001e-01,5.0000000000000003e-02,3.1250000000100000e-03,4.0747796364200001e-01,4.0724406557086673e-01,2.3389807113327610e-04,2.3389807113327610e-04
1793,6.6666666666600005e-01,-8.3333333333500004e-01,5.0000000000000003e-02,3.1250000000100000e-03,4.1995861102900001e-01,4.1945956662918255e-01,4.9904439981746096e-04,4.9904439981746096e-04
1794,6.6666666666700003e-01,-6.6666666666800001e-01,5.0000000000000003e-02,3.1250000000100000e-03,4.8883536849100001e-01,4.8541217632616906e-01,3.4231921648309460e-03,3.4231921648309460e-03
1795,5.8333333333299997e-01,-5.8333333333500004e-01,5.0000000000000003e-02,3.1250000000100000e-03,5.4968813647899994e-01,5.4588647730242890e-01,3.8016591765710483e-03,3.8016591765710483e-03
1796,5.8333333333399995e-01,-4.1666666666800001e-01,5.0000000000000003e-02,3.1250000000100000e-03,6.0051705579799997e-01,5.9792567260914697e-01,2.5913831888529915e-03,2.5913831888529915e-03
1797,6.6666666666700003e-01,-3.3333333333499998e-01,5.0000000000000003e-02,3.1250000000100000e-03,5.8524244909500001e-01,5.8285265724717106e-01,2.3897918478289482e-03,2.3897918478289482e-03
1798,6.6666666666700003e-01,-1.6666666666800001e-01,5.0000000000000003e-02,3.1250000000100000e-03,6.1188404813399999e-01,6.0867866272698745e-01,3.2053854070125398e-03,3.2053854070125398e-03
1799,5.8333333333399995e-01,-8.3333333334199997e-02,5.0000000000000003e-02,3.1250000000100000e-03,6.5586080402600000e-01,6.5241049846688659e-01,3.4503055591134091e-03,3.4503055591134091e-03
1800,5.8333333333399995e-01,8.3333333332700002e-02,5.0000000000000003e-02,3.1250000000100000e-03,6.5586080402600000e-01,6.5241049846696997e-01,3.4503055590300313e-03,3.4503055590300313e-03
1801,6.6666666666800001e-01,1.6666666666600000e-01,5.0000000000000003e-02,3.1250000000100000e-03,6.1188404813399999e-01,6.0867866272673354e-01,3.2053854072664478e-03,3.2053854072664478e-03
1802,6.6666666666800001e-01,3.3333333333300003e-01,5.0000000000000003e-02,3.1250000000100000e-03,5.8524244909500001e-01,5.8285265724713720e-01,2.3897918478628100e-03,2.3897918478628100e-03
1803,5.8333333333500004e-01,4.1666666666600000e-01,5.0000000000000003e-02,3.1250000000100000e-03,6.0051705579799997e-01,5.9792567260929153e-01,2.5913831887084404e-03,2.5913831887084404e-03
1804,5.8333333333500004e-01,5.8333333333299997e-01,5.0000000000000003e-02,3.1250000000100000e-03,5.4968813647899994e-01,5.4588647730242890e-01,3.8016591765710483e-03,3.8016591765710483e-03
1805,6.6666666666800001e-01,6.6666666666700003e-01,5.0000000000000003e-02,3.1250000000100000e-03,4.8883536849100001e-01,4.8541217632616906e-01,3.4231921648309460e-03,3.4231921648309460e-03
1806,6.6666666666899999e-01,8.3333333333399995e-01,5.0000000000000003e-02,3.1250000000100000e-03,4.1995861102900001e-01,4.1945956662864431e-01,4.9904440035569708e-04,4.9904440035569708e-04
1807,5.8333333333500004e-01,9.1666666666700003e-01,5.0000000000000003e-02,3.1250000000100000e-03,4.0747796364200001e-01,4.0724406557079446e-01,2.3389807120555162e-04,2.3389807120555162e-04
1808,5.8333333333500004e-01,1.0833333333299999e+00,5.0000000000000003e-02,3.1250000000000002e-03,3.3173620840300000e-01,3.3033051713035938e-01,1.4056912726406190e-03,1.4056912726406190e-03
1809,6.6666666666899999e-01,1.1666666666700001e+00,5.0000000000000003e-02,3.1250000000000002e-03,2.7687644583799997e-01,2.7573705483022221e-01,1.1393910077777680e-03,1.1393910077777680e-03
1810,6.6666666666899999e-01,1.3333333333299999e+00,5.0000000000000003e-02,3.1250000000000002e-03,2.0651472011899999e-01,2.0829578242708061e-01,-1.7810623080806165e-03,1.7810623080806165e-03
1811,5.8333333333600002e-01,1.4166666666700001e+00,5.0000000000000003e-02,3.1250000000000002e-03,1.8618746266500000e-01,1.8836253127631317e-01,-2.1750686113131690e-03,2.1750686113131690e-03
1812,5.8333333333600002e-01,1.5833333333299999e+00,5.0000000000000003e-02,3.1250000000000002e-03,1.3096194479100001e-01,1.3162894021773044e-01,-6.6699542673043233e-04,6.6699542673043233e-04
1813,6.6666666666999996e-01,1.6666666666700001e+00,5.0000000000000003e-02,3.1250000000000002e-03,1.0115407571600001e-01,1.0165623449381020e-01,-5.0215877781019380e-04,5.0215877781019380e-04
1814,6.6666666666999996e-01,1.8333333333299999e+00,5.0000000000000003e-02,3.1250000000000002e-03,6.4051823634500002e-02,6.5360553777752767e-02,-1.3087301432527648e-03,1.3087301432527648e-03
1815,5.8333333333600002e-01,1.9166666666700001e+00,5.0000000000000003e-02,3.1250000000000002e-03,5.2949220407699997e-02,5.4389160264701190e-02,-1.4399398570011934e-03,1.4399398570011934e-03
1816,5.8333333333699999e-01,2.0833333333300001e+00,5.0000000000000003e-02,3.1250000000000002e-03,3.1721307086299999e-02,3.2039771175953961e-02,-3.1846408965396228e-04,3.1846408965396228e-04
1817,6.6666666666999996e-01,2.1666666666699999e+00,5.0000000000000003e-02,3.1250000000000002e-03,2.2480888853300001e-02,2.2673265668219349e-02,-1.9237681491934833e-04,1.9237681491934833e-04
1818,6.6666666666999996e-01,2.3333333333300001e+00,5.0000000000000003e-02,3.1250000000000002e-03,1.2012900774300001e-02,1.2197688684636084e-02,-1.8478791033608305e-04,1.8478791033608305e-04
1819,5.8333333333699999e-01,2.4166666666699999e+00,5.0000000000000003e-02,3.1250000000000002e-03,9.0339147151099995e-03,9.2703597583842154e-03,-2.3644504327421587e-04,2.3644504327421587e-04
1820,5.8333333333699999e-01,2.5833333333300001e+00,5.0000000000000003e-02,3.1250000000000002e-03,4.6020912536299998e-03,4.5432099774933366e-03,5.8881276136663226e-05,5.8881276136663226e-05
1821,6.6666666667100005e-01,2.6666666666699999e+00,5.0000000000000003e-02,3.1250000000000002e-03,2.9792429903499999e-03,2.9289867880500325e-03,5.0256202299967401e-05,5.0256202299967401e-05
1822,6.6666666667100005e-01,2.8333333333300001e+00,5.0000000000000003e-02,3.1250000000000002e-03,1.3495378263200001e-03,1.3051147685333104e-03,4.4423057786689745e-05,4.4423057786689745e-05
1823,5.8333333333799997e-01,2.9166666666699999e+00,5.0000000000000003e-02,3.1250000000000002e-03,9.1953214115300002e-04,9.0188924591463827e-04,1.7642895238361746e-05,1.7642895238361746e-05
1824,5.8333333333799997e-01,3.0833333333300001e+00,5.0000000000000003e-02,3.1250000000000002e-03,4.0044873126700000e-04,3.6483504823042918e-04,3.5613683036570811e-05,3.5613683036570811e-05
1825,6.6666666667100005e-01,3.1666666666699999e+00,5.0000000000000003e-02,3.1250000000000002e-03,2.3632034448199999e-04,2.1353965262467035e-04,2.2780691857329641e-05,2.2780691857329641e-05
1826,6.6666666667200003e-01,3.3333333333300001e+00,5.0000000000000003e-02,3.1250000000000002e-03,9.1578726689800006e-05,7.8328481307016187e-05,1.3250245382783818e-05,1.3250245382783818e-05
1827,5.8333333333799997e-01,3.4166666666699999e+00,5.0000000000000003e-02,3.1250000000000002e-03,5.6449078714000000e-05,4.9083285658905897e-05,7.3657930550941034e-06,7.3657930550941034e-06
1828,5.8333333333799997e-01,3.5833333333300001e+00,5.0000000000000003e-02,3.1250000000000002e-03,2.1188313128300000e-05,1.6310352215474070e-05,4.8779609128259302e-06,4.8779609128259302e-06
1829,6.6666666667200003e-01,3.6666666666699999e+00,5.0000000000000003e-02,3.1250000000000002e-03,1.1391670535900000e-05,8.6485378923844785e-06,2.7431326435155212e-06,2.7431326435155212e-06
1830,6.6666666667200003e-01,3.8333333333300001e+00,5.0000000000000003e-02,3.1250000000100000e-03,3.8158727604500003e-06,2.6015468191112388e-06,1.2143259413387614e-06,1.2143259413387614e-06
1831,5.8333333333899995e-01,3.9166666666699999e+00,5.0000000000000003e-02,3.1250000000100000e-03,2.1278272435799999e-06,1.4757459864039215e-06,6.5208125717607841e-07,6.5208125717607841e-07
1832,5.8333333333899995e-01,4.0833333333299997e+00,5.0000000000000003e-02,3.1250000000100000e-03,6.9452094938900004e-07,4.0159849770808015e-07,2.9292245168091989e-07,2.9292245168091989e-07
1833,6.6666666667300001e-01,4.1666666666700003e+00,5.0000000000000003e-02,3.1250000000100000e-03,3.4027750663600001e-07,1.9264965652187557e-07,1.4762785011412444e-07,1.4762785011412444e-07
1834,6.6666666667300001e-01,4.3333333333299997e+00,5.0000000000000003e-02,3.1250000000100000e-03,9.9516055106200002e-08,4.7404587207493145e-08,5.2111467898706856e-08,5.2111467898706856e-08
1835,5.8333333333899995e-01,4.4166666666700003e+00,5.0000000000000003e-02,3.1250000000100000e-03,5.0251380864400001e-08,2.4315105172655735e-08,2.5936275691744266e-08,2.5936275691744266e-08
1836,5.8333333334000004e-01,4.5833333333299997e+00,5.0000000000000003e-02,3.1250000000100000e-03,1.4391836748700000e-08,5.4077634879196246e-09,8.9840732607803759e-09,8.9840732607803759e-09
1837,6.6666666667300001e-01,4.6666666666700003e+00,5.0000000000000003e-02,3.1250000000100000e-03,6.4457886240100000e-09,2.3446960529344054e-09,4.1010925710755946e-09,4.1010925710755946e-09
1838,6.6666666667300001e-01,4.8333333333299997e+00,5.0000000000000003e-02,3.1250000000100000e-03,1.7344203981700000e-09,4.7115637455787552e-10,1.2632640236121246e-09,1.2632640236121246e-09
1839,5.8333333334000004e-01,4.9166666666700003e+00,5.0000000000000003e-02,3.1250000000100000e-03,9.5031154771599993e-10,2.1835366000048183e-10,7.3195788771551816e-10,7.3195788771551816e-10
1840,9.1666666666200003e-01,-4.9166666666700003e+00,5.0000000000000003e-02,3.1250000000100000e-03,7.4876648320899996e-10,1.6289693174153924e-10,5.8586955146746072e-10,5.8586955146746072e-10
1841,8.3333333332799997e-01,-4.8333333333299997e+00,5.0000000000000003e-02,3.1250000000100000e-03,1.5018226305000001e-09,4.0714069058664386e-10,1.0946819399133563e-09,1.0946819399133563e-09
1842,8.3333333332899995e-01,-4.6666666666700003e+00,5.0000000000000003e-02,3.1250000000100000e-03,5.3097673835999999e-09,2.0261238555932518e-09,3.2836435280067481e-09,3.2836435280067481e-09
1843,9.1666666666200003e-01,-4.5833333333299997e+00,5.0000000000000003e-02,3.1250000000100000e-03,1.0813624467100001e-08,4.0343179031855358e-09,6.7793065639144650e-09,6.7793065639144650e-09
1844,9.1666666666200003e-01,-4.4166666666700003e+00,5.0000000000000003e-02,3.1250000000100000e-03,3.9860330348100002e-08,1.8139636530879007e-08,2.1720693817220995e-08,2.1720693817220995e-08
1845,8.3333333332899995e-01,-4.3333333333299997e+00,5.0000000000000003e-02,3.1250000000100000e-03,8.6708728176400003e-08,4.0963759411565634e-08,4.5744968764834369e-08,4.5744968764834369e-08
1846,8.3333333332899995e-01,-4.1666666666700003e+00,5.0000000000000003e-02,3.1250000000100000e-03,2.8114215547000002e-07,1.6647448370219009e-07,1.1466767176780993e-07,1.1466767176780993e-07
1847,9.1666666666300001e-01,-4.0833333333299997e+00,5.0000000000000003e-02,3.1250000000100000e-03,5.1915149826599997e-07,2.9960186180711370e-07,2.1954963645888627e-07,2.1954963645888627e-07
1848,9.1666666666300001e-01,-3.9166666666699999e+00,5.0000000000000003e-02,3.1250000000100000e-03,1.6795058331400000e-06,1.1009409836049160e-06,5.7856484953508398e-07,5.7856484953508398e-07
1849,8.3333333333000004e-01,-3.8333333333300001e+00,5.0000000000000003e-02,3.1250000000100000e-03,3.3358647886200000e-06,2.2480764895040433e-06,1.0877882991159567e-06,1.0877882991159567e-06
1850,8.3333333333000004e-01,-3.6666666666699999e+00,5.0000000000000003e-02,3.1250000000000002e-03,9.4464566106500004e-06,7.4734671548584804e-06,1.9729894557915201e-06,1.9729894557915201e-06
1851,9.1666666666300001e-01,-3.5833333333300001e+00,5.0000000000000003e-02,3.1250000000000002e-03,1.5756441234299999e-05,1.2167903810324234e-05,3.5885374239757645e-06,3.5885374239757645e-06
1852,9.1666666666399998e-01,-3.4166666666699999e+00,5.0000000000000003e-02,3.1250000000000002e-03,4.4278196934600001e-05,3.6617277830759841e-05,7.6609191038401594e-06,7.6609191038401594e-06
1853,8.3333333333000004e-01,-3.3333333333300001e+00,5.0000000000000003e-02,3.1250000000000002e-03,8.0265016211900005e-05,6.7686045852142980e-05,1.2578970359757025e-05,1.2578970359757025e-05
1854,8.3333333333000004e-01,-3.1666666666699999e+00,5.0000000000000003e-02,3.1250000000000002e-03,1.9682822038600000e-04,1.8452617078251038e-04,1.2302049603489615e-05,1.2302049603489615e-05
1855,9.1666666666399998e-01,-3.0833333333300001e+00,5.0000000000000003e-02,3.1250000000000002e-03,2.9636751457899998e-04,2.7217546959447137e-04,2.4192044984528609e-05,2.4192044984528609e-05
1856,9.1666666666399998e-01,-2.9166666666699999e+00,5.0000000000000003e-02,3.1250000000000002e-03,7.1578633781100003e-04,6.7283044822486610e-04,4.2955889586133934e-05,4.2955889586133934e-05
1857,8.3333333333100001e-01,-2.8333333333300001e+00,5.0000000000000003e-02,3.1250000000000002e-03,1.1845338515800001e-03,1.1277897463484552e-03,5.6744105231544897e-05,5.6744105231544897e-05
1858,8.3333333333100001e-01,-2.6666666666699999e+00,5.0000000000000003e-02,3.1250000000000002e-03,2.4945227425399999e-03,2.5310274210329827e-03,-3.6504678492982855e-05,3.6504678492982855e-05
1859,9.1666666666499996e-01,-2.5833333333300001e+00,5.0000000000000003e-02,3.1250000000000002e-03,3.3931136260600000e-03,3.3893407858867253e-03,3.7728401732746789e-06,3.7728401732746789e-06
1860,9.1666666666499996e-01,-2.4166666666699999e+00,5.0000000000000003e-02,3.1250000000000002e-03,6.9696048475899998e-03,6.9159049624799599e-03,5.3699885110039883e-05,5.3699885110039883e-05
1861,8.3333333333100001e-01,-2.3333333333300001e+00,5.0000000000000003e-02,3.1250000000000002e-03,1.0543264741300001e-02,1.0540397334659075e-02,2.8674066409259402e-06,2.8674066409259402e-06
1862,8.3333333333199999e-01,-2.1666666666699999e+00,5.0000000000000003e-02,3.1250000000000002e-03,1.8941123096000000e-02,1.9592665069251874e-02,-6.5154197325187346e-04,6.5154197325187346e-04
1863,9.1666666666499996e-01,-2.0833333333300001e+00,5.0000000000000003e-02,3.1250000000000002e-03,2.3341253824599999e-02,2.3902417840051930e-02,-5.6116401545193081e-04,5.6116401545193081e-04
1864,9.1666666666499996e-01,-1.9166666666700001e+00,5.0000000000000003e-02,3.1250000000000002e-03,4.0451724183199998e-02,4.0575584247345503e-02,-1.2386006414550482e-04,1.2386006414550482e-04
1865,8.3333333333199999e-01,-1.8333333333299999e+00,5.0000000000000003e-02,3.1250000000000002e-03,5.6107611234499997e-02,5.6480061480658629e-02,-3.7245024615863154e-04,3.7245024615863154e-04
1866,8.3333333333199999e-01,-1.6666666666700001e+00,5.0000000000000003e-02,3.1250000000000002e-03,8.5820746362699998e-02,8.7844273682652629e-02,-2.0235273199526310e-03,2.0235273199526310e-03
1867,9.1666666666600005e-01,-1.5833333333299999e+00,5.0000000000000003e-02,3.1250000000000002e-03,9.6406422877899994e-02,9.8198264639390104e-02,-1.7918417614901094e-03,1.7918417614901094e-03
1868,9.1666666666600005e-01,-1.4166666666700001e+00,5.0000000000000003e-02,3.1250000000000002e-03,1.4087997037800001e-01,1.4052284903168477e-01,3.5712134631524228e-04,3.5712134631524228e-04
1869,8.3333333333299997e-01,-1.3333333333399999e+00,5.0000000000000003e-02,3.1250000000000002e-03,1.8023864441699999e-01,1.7999478152235870e-01,2.4386289464128907e-04,2.4386289464128907e-04
1870,8.3333333333299997e-01,-1.1666666666700001e+00,5.0000000000000003e-02,3.1250000000000002e-03,2.3652649780300000e-01,2.3827285586096503e-01,-1.7463580579650251e-03,1.7463580579650251e-03
1871,9.1666666666600005e-01,-1.0833333333399999e+00,5.0000000000000003e-02,3.1250000000000002e-03,2.4490492040400000e-01,2.4643428326251512e-01,-1.5293628585151264e-03,1.5293628585151264e-03
1872,9.1666666666700003e-01,-9.1666666666899999e-01,5.0000000000000003e-02,3.1250000000100000e-03,3.0587826165199999e-01,3.0381358732685870e-01,2.0646743251412913e-03,2.0646743251412913e-03
1873,8.3333333333299997e-01,-8.3333333333500004e-01,5.0000000000000003e-02,3.1250000000100000e-03,3.6486418713800001e-01,3.6246789144915342e-01,2.3962956888465836e-03,2.3962956888465836e-03
1874,8.3333333333399995e-01,-6.6666666666899999e-01,5.0000000000000003e-02,3.1250000000100000e-03,4.1995861102900001e-01,4.1945956662864431e-01,4.9904440035569708e-04,4.9904440035569708e-04
1875,9.1666666666700003e-01,-5.8333333333500004e-01,5.0000000000000003e-02,3.1250000000100000e-03,4.0747796364200001e-01,4.0724406557079446e-01,2.3389807120555162e-04,2.3389807120555162e-04
1876,9.1666666666700003e-01,-4.1666666666800001e-01,5.0000000000000003e-02,3.1250000000100000e-03,4.4840351263099998e-01,4.4606652105755629e-01,2.3369915734436919e-03,2.3369915734436919e-03
1877,8.3333333333399995e-01,-3.3333333333499998e-01,5.0000000000000003e-02,3.1250000000100000e-03,5.0639850424499999e-01,5.0366087820005423e-01,2.7376260449457623e-03,2.7376260449457623e-03
1878,8.3333333333399995e-01,-1.6666666666800001e-01,5.0000000000000003e-02,3.1250000000100000e-03,5.2771969717699996e-01,5.2597792254844711e-01,1.7417746285528501e-03,1.7417746285528501e-03
1879,9.1666666666800001e-01,-8.3333333334599996e-02,5.0000000000000003e-02,3.1250000000100000e-03,4.8800015999200003e-01,4.8671347407162946e-01,1.2866859203705672e-03,1.2866859203705672e-03
1880,9.1666666666800001e-01,8.3333333332300003e-02,5.0000000000000003e-02,3.1250000000100000e-03,4.8800015999200003e-01,4.8671347407172483e-01,1.2866859202751990e-03,1.2866859202751990e-03
1881,8.3333333333500004e-01,1.6666666666600000e-01,5.0000000000000003e-02,3.1250000000100000e-03,5.2771969717699996e-01,5.2597792254810327e-01,1.7417746288966862e-03,1.7417746288966862e-03
1882,8.3333333333500004e-01,3.3333333333300003e-01,5.0000000000000003e-02,3.1250000000100000e-03,5.0639850424499999e-01,5.0366087819990590e-01,2.7376260450940881e-03,2.7376260450940881e-03
1883,9.1666666666800001e-01,4.1666666666600000e-01,5.0000000000000003e-02,3.1250000000100000e-03,4.4840351263099998e-01,4.4606652105745331e-01,2.3369915735466651e-03,2.3369915735466651e-03
1884,9.1666666666800001e-01,5.8333333333299997e-01,5.0000000000000003e-02,3.1250000000100000e-03,4.0747796364200001e-01,4.0724406557086673e-01,2.3389807113327610e-04,2.3389807113327610e-04
1885,8.3333333333500004e-01,6.6666666666600005e-01,5.0000000000000003e-02,3.1250000000100000e-03,4.1995861102900001e-01,4.1945956662918255e-01,4.9904439981746096e-04,4.9904439981746096e-04
1886,8.3333333333500004e-01,8.3333333333299997e-01,5.0000000000000003e-02,3.1250000000100000e-03,3.6486418713800001e-01,3.6246789144915342e-01,2.3962956888465836e-03,2.3962956888465836e-03
1887,9.1666666666899999e-01,9.1666666666700003e-01,5.0000000000000003e-02,3.1250000000100000e-03,3.0587826165199999e-01,3.0381358732685870e-01,2.0646743251412913e-03,2.0646743251412913e-03
1888,9.1666666666899999e-01,1.0833333333299999e+00,5.0000000000000003e-02,3.1250000000000002e-03,2.4490492040400000e-01,2.4643428326511649e-01,-1.5293628611164900e-03,1.5293628611164900e-03
1889,8.3333333333600002e-01,1.1666666666700001e+00,5.0000000000000003e-02,3.1250000000000002e-03,2.3652649780300000e-01,2.3827285586025282e-01,-1.7463580572528170e-03,1.7463580572528170e-03
1890,8.3333333333600002e-01,1.3333333333299999e+00,5.0000000000000003e-02,3.1250000000000002e-03,1.8023864441699999e-01,1.7999478152512172e-01,2.4386289187827703e-04,2.4386289187827703e-04
1891,9.1666666666899999e-01,1.4166666666700001e+00,5.0000000000000003e-02,3.1250000000000002e-03,1.4087997037800001e-01,1.4052284903121143e-01,3.5712134678858587e-04,3.5712134678858587e-04
1892,9.1666666666999996e-01,1.5833333333299999e+00,5.0000000000000003e-02,3.1250000000000002e-03,9.6406422877800005e-02,9.8198264638949040e-02,-1.7918417611490350e-03,1.7918417611490350e-03
1893,8.3333333333600002e-01,1.6666666666700001e+00,5.0000000000000003e-02,3.1250000000000002e-03,8.5820746362599995e-02,8.7844273682302562e-02,-2.0235273197025672e-03,2.0235273197025672e-03
1894,8.3333333333699999e-01,1.8333333333299999e+00,5.0000000000000003e-02,3.1250000000000002e-03,5.6107611234400001e-02,5.6480061480377278e-02,-3.7245024597727661e-04,3.7245024597727661e-04
1895,9.1666666666999996e-01,1.9166666666700001e+00,5.0000000000000003e-02,3.1250000000000002e-03,4.0451724183100002e-02,4.0575584247117685e-02,-1.2386006401768346e-04,1.2386006401768346e-04
1896,9.1666666666999996e-01,2.0833333333300001e+00,5.0000000000000003e-02,3.1250000000000002e-03,2.3341253824599999e-02,2.3902417839917728e-02,-5.6116401531772914e-04,5.6116401531772914e-04
1897,8.3333333333699999e-01,2.1666666666699999e+00,5.0000000000000003e-02,3.1250000000000002e-03,1.8941123096000000e-02,1.9592665069154275e-02,-6.5154197315427445e-04,6.5154197315427445e-04
1898,8.3333333333699999e-01,2.3333333333300001e+00,5.0000000000000003e-02,3.1250000000000002e-03,1.0543264741300001e-02,1.0540397334596068e-02,2.8674067039328316e-06,2.8674067039328316e-06
1899,9.1666666667100005e-01,2.4166666666699999e+00,5.0000000000000003e-02,3.1250000000000002e-03,6.9696048475600004e-03,6.9159049624333635e-03,5.3699885126636850e-05,5.3699885126636850e-05
1900,9.1666666667100005e-01,2.5833333333300001e+00,5.0000000000000003e-02,3.1250000000000002e-03,3.3931136260399999e-03,3.3893407858638894e-03,3.7728401761105181e-06,3.7728401761105181e-06
1901,8.3333333333799997e-01,2.6666666666699999e+00,5.0000000000000003e-02,3.1250000000000002e-03,2.4945227425199998e-03,2.5310274210153315e-03,-3.6504678495331670e-05,3.6504678495331670e-05
1902,8.3333333333799997e-01,2.8333333333300001e+00,5.0000000000000003e-02,3.1250000000000002e-03,1.1845338515700000e-03,1.1277897463405899e-03,5.6744105229410103e-05,5.6744105229410103e-05
1903,9.1666666667100005e-01,2.9166666666699999e+00,5.0000000000000003e-02,3.1250000000000002e-03,7.1578633780600002e-04,6.7283044821957736e-04,4.2955889586422658e-05,4.2955889586422658e-05
1904,9.1666666667200003e-01,3.0833333333300001e+00,5.0000000000000003e-02,3.1250000000000002e-03,2.9636751457700001e-04,2.7217546959202628e-04,2.4192044984973728e-05,2.4192044984973728e-05
1905,8.3333333333799997e-01,3.1666666666699999e+00,5.0000000000000003e-02,3.1250000000000002e-03,1.9682822038400000e-04,1.8452617078103966e-04,1.2302049602960335e-05,1.2302049602960335e-05
1906,8.3333333333799997e-01,3.3333333333300001e+00,5.0000000000000003e-02,3.1250000000000002e-03,8.0265016211099999e-05,6.7686045851603508e-05,1.2578970359496491e-05,1.2578970359496491e-05
1907,9.1666666667200003e-01,3.4166666666699999e+00,5.0000000000000003e-02,3.1250000000000002e-03,4.4278196934199998e-05,3.6617277830430894e-05,7.6609191037691035e-06,7.6609191037691035e-06
1908,9.1666666667200003e-01,3.5833333333300001e+00,5.0000000000000003e-02,3.1250000000000002e-03,1.5756441234100001e-05,1.2167903810201264e-05,3.5885374238987370e-06,3.5885374238987370e-06
1909,8.3333333333899995e-01,3.6666666666699999e+00,5.0000000000000003e-02,3.1250000000000002e-03,9.4464566105299996e-06,7.4734671547914699e-06,1.9729894557385297e-06,1.9729894557385297e-06
1910,8.3333333333899995e-01,3.8333333333300001e+00,5.0000000000000003e-02,3.1250000000100000e-03,3.3358647885700001e-06,2.2480764894838865e-06,1.0877882990861136e-06,1.0877882990861136e-06
1911,9.1666666667300001e-01,3.9166666666699999e+00,5.0000000000000003e-02,3.1250000000100000e-03,1.6795058331200001e-06,1.1009409835925536e-06,5.7856484952744649e-07,5.7856484952744649e-07
1912,9.1666666667300001e-01,4.0833333333299997e+00,5.0000000000000003e-02,3.1250000000100000e-03,5.1915149825799996e-07,2.9960186180374949e-07,2.1954963645425046e-07,2.1954963645425046e-07
1913,8.3333333333899995e-01,4.1666666666700003e+00,5.0000000000000003e-02,3.1250000000100000e-03,2.8114215546600002e-07,1.6647448370053155e-07,1.1466767176546847e-07,1.1466767176546847e-07
1914,8.3333333334000004e-01,4.3333333333299997e+00,5.0000000000000003e-02,3.1250000000100000e-03,8.6708728175100006e-08,4.0963759411116707e-08,4.5744968763983299e-08,4.5744968763983299e-08
1915,9.1666666667300001e-01,4.4166666666700003e+00,5.0000000000000003e-02,3.1250000000100000e-03,3.9860330347400002e-08,1.8139636530654947e-08,2.1720693816745055e-08,2.1720693816745055e-08
1916,9.1666666667300001e-01,4.5833333333299997e+00,5.0000000000000003e-02,3.1250000000100000e-03,1.0813624466900000e-08,4.0343179031357039e-09,6.7793065637642961e-09,6.7793065637642961e-09
1917,8.3333333334000004e-01,4.6666666666700003e+00,5.0000000000000003e-02,3.1250000000100000e-03,5.3097673835200000e-09,2.0261238555710470e-09,3.2836435279489530e-09,3.2836435279489530e-09
1918,8.3333333334000004e-01,4.8333333333299997e+00,5.0000000000000003e-02,3.1250000000100000e-03,1.5018226304799999e-09,4.0714069058177636e-10,1.0946819398982234e-09,1.0946819398982234e-09
1919,9.1666666667399999e-01,4.9166666666700003e+00,5.0000000000000003e-02,3.1250000000100000e-03,7.4876648319500003e-10,1.6289693173934421e-10,5.8586955145565582e-10,5.8586955145565582e-10
1920,1.0833333333299999e+00,-4.9166666666700003e+00,5.0000000000000003e-02,3.1250000000100000e-03,5.7583677186900005e-10,1.3213164352784216e-10,4.4370512834115786e-10,4.4370512834115786e-10
1921,1.1666666666600001e+00,-4.8333333333299997e+00,5.0000000000000003e-02,3.1250000000100000e-03,1.0081611299400001e-09,2.6763908575804488e-10,7.4052204418195514e-10,7.4052204418195514e-10
1922,1.1666666666600001e+00,-4.6666666666700003e+00,5.0000000000000003e-02,3.1250000000100000e-03,3.8329564147499998e-09,1.3318981592400729e-09,2.5010582555099269e-09,2.5010582555099269e-09
1923,1.0833333333299999e+00,-4.5833333333299997e+00,5.0000000000000003e-02,3.1250000000100000e-03,8.8674308796799999e-09,3.2723824160634605e-09,5.5950484636165389e-09,5.5950484636165389e-09
1924,1.0833333333299999e+00,-4.4166666666700003e+00,5.0000000000000003e-02,3.1250000000100000e-03,3.0331262241499998e-08,1.4713720892089285e-08,1.5617541349410713e-08,1.5617541349410713e-08
1925,1.1666666666600001e+00,-4.3333333333299997e+00,5.0000000000000003e-02,3.1250000000100000e-03,5.7571657321900003e-08,2.6928045689409432e-08,3.0643611632490571e-08,3.0643611632490571e-08
1926,1.1666666666600001e+00,-4.1666666666700003e+00,5.0000000000000003e-02,3.1250000000100000e-03,2.0169504816700001e-07,1.0943410877439501e-07,9.2260939392604997e-08,9.2260939392604997e-08
1927,1.0833333333299999e+00,-4.0833333333299997e+00,5.0000000000000003e-02,3.1250000000100000e-03,4.2783794893699999e-07,2.4301799905863449e-07,1.8481994987836550e-07,1.8481994987836550e-07
1928,1.0833333333299999e+00,-3.9166666666699999e+00,5.0000000000000003e-02,3.1250000000100000e-03,1.2837793428099999e-06,8.9301339218499797e-07,3.9076595062500197e-07,3.9076595062500197e-07
1929,1.1666666666600001e+00,-3.8333333333300001e+00,5.0000000000000003e-02,3.1250000000100000e-03,2.1976106620099999e-06,1.4778015321909309e-06,7.1980912981906906e-07,7.1980912981906906e-07
1930,1.1666666666600001e+00,-3.6666666666699999e+00,5.0000000000000003e-02,3.1250000000000002e-03,6.7209462994799998e-06,4.9127782189764301e-06,1.8081680805035697e-06,1.8081680805035697e-06
1931,1.0833333333299999e+00,-3.5833333333300001e+00,5.0000000000000003e-02,3.1250000000000002e-03,1.3036754823600000e-05,9.8698306441990160e-06,3.1669241794009844e-06,3.1669241794009844e-06
1932,1.0833333333299999e+00,-3.4166666666699999e+00,5.0000000000000003e-02,3.1250000000000002e-03,3.4024223930800001e-05,2.9701609782199472e-05,4.3226141486005294e-06,4.3226141486005294e-06
1933,1.1666666666600001e+00,-3.3333333333300001e+00,5.0000000000000003e-02,3.1250000000000002e-03,5.2463451798700003e-05,4.4494278880301682e-05,7.9691729183983207e-06,7.9691729183983207e-06
1934,1.1666666666600001e+00,-3.1666666666699999e+00,5.0000000000000003e-02,3.1250000000000002e-03,1.3858426120700001e-04,1.2130061374018420e-04,1.7283647466815816e-05,1.7283647466815816e-05
1935,1.0833333333299999e+00,-3.0833333333300001e+00,5.0000000000000003e-02,3.1250000000000002e-03,2.4584273456499999e-04,2.2077145186884947e-04,2.5071282696150524e-05,2.5071282696150524e-05
1936,1.0833333333299999e+00,-2.9166666666699999e+00,5.0000000000000003e-02,3.1250000000000002e-03,5.5350444380699996e-04,5.4575732022247518e-04,7.7471235845247809e-06,7.7471235845247809e-06
1937,1.1666666666600001e+00,-2.8333333333300001e+00,5.0000000000000003e-02,3.1250000000000002e-03,7.6874400480199997e-04,7.4136686314988981e-04,2.7377141652110159e-05,2.7377141652110159e-05
1938,1.1666666666600001e+00,-2.6666666666699999e+00,5.0000000000000003e-02,3.1250000000000002e-03,1.7343334272300001e-03,1.6638029080801883e-03,7.0530519149811753e-05,7.0530519149811753e-05
1939,1.0833333333299999e+00,-2.5833333333300001e+00,5.0000000000000003e-02,3.1250000000000002e-03,2.8163636642699998e-03,2.7492179486058995e-03,6.7145715664100256e-05,6.7145715664100256e-05
1940,1.0833333333299999e+00,-2.4166666666699999e+00,5.0000000000000003e-02,3.1250000000000002e-03,5.4304470058099998e-03,5.6097427950810835e-03,-1.7929578927108371e-04,1.7929578927108371e-04
1941,1.1666666666700001e+00,-2.3333333333300001e+00,5.0000000000000003e-02,3.1250000000000002e-03,6.8060119741199998e-03,6.9288635878547106e-03,-1.2285161373471083e-04,1.2285161373471083e-04
1942,1.1666666666700001e+00,-2.1666666666699999e+00,5.0000000000000003e-02,3.1250000000000002e-03,1.2980295100300000e-02,1.2879486349258996e-02,1.0080875104100454e-04,1.0080875104100454e-04
1943,1.0833333333299999e+00,-2.0833333333300001e+00,5.0000000000000003e-02,3.1250000000000002e-03,1.9337370975000000e-02,1.9388123028105799e-02,-5.0752053105798667e-05,5.0752053105798667e-05
1944,1.0833333333299999e+00,-1.9166666666700001e+00,5.0000000000000003e-02,3.1250000000000002e-03,3.1798124729699999e-02,3.2912336508761200e-02,-1.1142117790612013e-03,1.1142117790612013e-03
1945,1.1666666666700001e+00,-1.8333333333299999e+00,5.0000000000000003e-02,3.1249999999899999e-03,3.6136309113200003e-02,3.7127883229477771e-02,-9.9157411627776720e-04,9.9157411627776720e-04
1946,1.1666666666700001e+00,-1.6666666666700001e+00,5.0000000000000003e-02,3.1249999999899999e-03,5.7931817227999997e-02,5.7745545067876609e-02,1.8627216012338799e-04,1.8627216012338799e-04
1947,1.0833333333299999e+00,-1.5833333333299999e+00,5.0000000000000003e-02,3.1249999999899999e-03,7.9508360313699997e-02,7.9652194548574112e-02,-1.4383423487411562e-04,1.4383423487411562e-04
1948,1.0833333333299999e+00,-1.4166666666700001e+00,5.0000000000000003e-02,3.1249999999899999e-03,1.1180222746100001e-01,1.1398320887538224e-01,-2.1809814143822354e-03,2.1809814143822354e-03
1949,1.1666666666700001e+00,-1.3333333333399999e+00,5.0000000000000003e-02,3.1249999999899999e-03,1.1626950746100000e-01,1.1832184765897719e-01,-2.0523401979771899e-03,2.0523401979771899e-03
1950,1.1666666666700001e+00,-1.1666666666700001e+00,5.0000000000000003e-02,3.1249999999899999e-03,1.5749892693400000e-01,1.5663167739642747e-01,8.6724953757252865e-04,8.6724953757252865e-04
1951,1.0833333333299999e+00,-1.0833333333399999e+00,5.0000000000000003e-02,3.1249999999899999e-03,2.0068456446200000e-01,1.9989183664240145e-01,7.9272781959854877e-04,7.9272781959854877e-04
1952,1.0833333333299999e+00,-9.1666666666899999e-01,5.0000000000000003e-02,3.1250000000000002e-03,2.4490492040400000e-01,2.4643428326511649e-01,-1.5293628611164900e-03,1.5293628611164900e-03
1953,1.1666666666700001e+00,-8.3333333333600002e-01,5.0000000000000003e-02,3.1250000000000002e-03,2.3652649780300000e-01,2.3827285586025282e-01,-1.7463580572528170e-03,1.7463580572528170e-03
1954,1.1666666666700001e+00,-6.6666666666899999e-01,5.0000000000000003e-02,3.1250000000000002e-03,2.7687644583799997e-01,2.7573705483022221e-01,1.1393910077777680e-03,1.1393910077777680e-03
1955,1.0833333333299999e+00,-5.8333333333500004e-01,5.0000000000000003e-02,3.1250000000000002e-03,3.3173620840300000e-01,3.3033051713035938e-01,1.4056912726406190e-03,1.4056912726406190e-03
1956,1.0833333333299999e+00,-4.1666666666899999e-01,5.0000000000000003e-02,3.1250000000000002e-03,3.6143695821400001e-01,3.6182082695027573e-01,-3.8386873627571649e-04,3.8386873627571649e-04
1957,1.1666666666700001e+00,-3.3333333333499998e-01,5.0000000000000003e-02,3.1250000000000002e-03,3.3018814629100002e-01,3.3108785264882890e-01,-8.9970635782887776e-04,8.9970635782887776e-04
1958,1.1666666666700001e+00,-1.6666666666800001e-01,5.0000000000000003e-02,3.1250000000000002e-03,3.4581375049200003e-01,3.4575824419717388e-01,5.5506294826146441e-05,5.5506294826146441e-05
1959,1.0833333333299999e+00,-8.3333333334800003e-02,5.0000000000000003e-02,3.1250000000000002e-03,3.9525162529800001e-01,3.9479105326980846e-01,4.6057202819155263e-04,4.6057202819155263e-04
1960,1.0833333333299999e+00,8.3333333332099996e-02,5.0000000000000003e-02,3.1250000000000002e-03,3.9525162529800001e-01,3.9479105326989922e-01,4.6057202810079190e-04,4.6057202810079190e-04
1961,1.1666666666700001e+00,1.6666666666499999e-01,5.0000000000000003e-02,3.1250000000000002e-03,3.4581375049200003e-01,3.4575824419735168e-01,5.5506294648344223e-05,5.5506294648344223e-05
1962,1.1666666666700001e+00,3.3333333333199999e-01,5.0000000000000003e-02,3.1250000000000002e-03,3.3018814629100002e-01,3.3108785264917745e-01,-8.9970635817743227e-04,8.9970635817743227e-04
1963,1.0833333333299999e+00,4.1666666666600000e-01,5.0000000000000003e-02,3.1250000000000002e-03,3.6143695821400001e-01,3.6182082695075984e-01,-3.8386873675982924e-04,3.8386873675982924e-04
1964,1.0833333333399999e+00,5.8333333333299997e-01,5.0000000000000003e-02,3.1250000000000002e-03,3.3173620840300000e-01,3.3033051712618916e-01,1.4056912768108387e-03,1.4056912768108387e-03
1965,1.1666666666700001e+00,6.6666666666600005e-01,5.0000000000000003e-02,3.1250000000000002e-03,2.7687644583799997e-01,2.7573705483085076e-01,1.1393910071492153e-03,1.1393910071492153e-03
1966,1.1666666666700001e+00,8.3333333333299997e-01,5.0000000000000003e-02,3.1250000000000002e-03,2.3652649780300000e-01,2.3827285586096503e-01,-1.7463580579650251e-03,1.7463580579650251e-03
1967,1.0833333333399999e+00,9.1666666666600005e-01,5.0000000000000003e-02,3.1250000000000002e-03,2.4490492040400000e-01,2.4643428326251512e-01,-1.5293628585151264e-03,1.5293628585151264e-03
1968,1.0833333333399999e+00,1.0833333333299999e+00,5.0000000000000003e-02,3.1249999999899999e-03,2.0068456446200000e-01,1.9989183664240145e-01,7.9272781959854877e-04,7.9272781959854877e-04
1969,1.1666666666700001e+00,1.1666666666700001e+00,5.0000000000000003e-02,3.1249999999899999e-03,1.5749892693400000e-01,1.5663167739642747e-01,8.6724953757252865e-04,8.6724953757252865e-04
1970,1.1666666666700001e+00,1.3333333333299999e+00,5.0000000000000003e-02,3.1249999999899999e-03,1.1626950746100000e-01,1.1832184766114716e-01,-2.0523402001471625e-03,2.0523402001471625e-03
1971,1.0833333333399999e+00,1.4166666666700001e+00,5.0000000000000003e-02,3.1249999999899999e-03,1.1180222746100001e-01,1.1398320887379508e-01,-2.1809814127950744e-03,2.1809814127950744e-03
1972,1.0833333333399999e+00,1.5833333333299999e+00,5.0000000000000003e-02,3.1249999999899999e-03,7.9508360313599993e-02,7.9652194547464986e-02,-1.4383423386499228e-04,1.4383423386499228e-04
1973,1.1666666666700001e+00,1.6666666666700001e+00,5.0000000000000003e-02,3.1249999999899999e-03,5.7931817227900001e-02,5.7745545067876609e-02,1.8627216002339159e-04,1.8627216002339159e-04
1974,1.1666666666700001e+00,1.8333333333299999e+00,5.0000000000000003e-02,3.1249999999899999e-03,3.6136309113100000e-02,3.7127883229477771e-02,-9.9157411637777054e-04,9.9157411637777054e-04
1975,1.0833333333399999e+00,1.9166666666700001e+00,5.0000000000000003e-02,3.1249999999899999e-03,3.1798124729699999e-02,3.2912336508302914e-02,-1.1142117786029151e-03,1.1142117786029151e-03
1976,1.0833333333399999e+00,2.0833333333300001e+00,5.0000000000000003e-02,3.1249999999899999e-03,1.9337370975000000e-02,1.9388123027835828e-02,-5.0752052835827122e-05,5.0752052835827122e-05
1977,1.1666666666700001e+00,2.1666666666699999e+00,5.0000000000000003e-02,3.1249999999899999e-03,1.2980295100300000e-02,1.2879486349258996e-02,1.0080875104100454e-04,1.0080875104100454e-04
1978,1.1666666666700001e+00,2.3333333333300001e+00,5.0000000000000003e-02,3.1249999999899999e-03,6.8060119740900003e-03,6.9288635878547106e-03,-1.2285161376471027e-04,1.2285161376471027e-04
1979,1.0833333333399999e+00,2.4166666666699999e+00,5.0000000000000003e-02,3.1249999999899999e-03,5.4304470057800003e-03,5.6097427950029706e-03,-1.7929578922297029e-04,1.7929578922297029e-04
1980,1.0833333333399999e+00,2.5833333333300001e+00,5.0000000000000003e-02,3.1249999999899999e-03,2.8163636642500002e-03,2.7492179485676177e-03,6.7145715682382506e-05,6.7145715682382506e-05
1981,1.1666666666700001e+00,2.6666666666699999e+00,5.0000000000000003e-02,3.1249999999899999e-03,1.7343334272200001e-03,1.6638029080546500e-03,7.0530519165350105e-05,7.0530519165350105e-05
1982,1.1666666666700001e+00,2.8333333333300001e+00,5.0000000000000003e-02,3.1249999999899999e-03,7.6874400479599999e-04,7.4136686313851024e-04,2.7377141657489753e-05,2.7377141657489753e-05
1983,1.0833333333399999e+00,2.9166666666699999e+00,5.0000000000000003e-02,3.1249999999899999e-03,5.5350444380200005e-04,5.4575732021487568e-04,7.7471235871243724e-06,7.7471235871243724e-06
1984,1.0833333333399999e+00,3.0833333333300001e+00,5.0000000000000003e-02,3.1249999999899999e-03,2.4584273456200001e-04,2.2077145186577532e-04,2.5071282696224683e-05,2.5071282696224683e-05
1985,1.1666666666700001e+00,3.1666666666699999e+00,5.0000000000000003e-02,3.1249999999899999e-03,1.3858426120600000e-04,1.2130061373832230e-04,1.7283647467677702e-05,1.7283647467677702e-05
1986,1.1666666666700001e+00,3.3333333333300001e+00,5.0000000000000003e-02,3.1249999999899999e-03,5.2463451798099999e-05,4.4494278879618723e-05,7.9691729184812757e-06,7.9691729184812757e-06
1987,1.0833333333399999e+00,3.4166666666699999e+00,5.0000000000000003e-02,3.1249999999899999e-03,3.4024223930399998e-05,2.9701609781785889e-05,4.3226141486141090e-06,4.3226141486141090e-06
1988,1.0833333333399999e+00,3.5833333333300001e+00,5.0000000000000003e-02,3.1249999999899999e-03,1.3036754823400001e-05,9.8698306440615832e-06,3.1669241793384175e-06,3.1669241793384175e-06
1989,1.1666666666700001e+00,3.6666666666699999e+00,5.0000000000000003e-02,3.1249999999899999e-03,6.7209462993800000e-06,4.9127782189010213e-06,1.8081680804789787e-06,1.8081680804789787e-06
1990,1.1666666666700001e+00,3.8333333333300001e+00,5.0000000000000003e-02,3.1250000000000002e-03,2.1976106619800001e-06,1.4778015321682475e-06,7.1980912981175260e-07,7.1980912981175260e-07
1991,1.0833333333399999e+00,3.9166666666699999e+00,5.0000000000000003e-02,3.1250000000000002e-03,1.2837793427799999e-06,8.9301339217256311e-07,3.9076595060743684e-07,3.9076595060743684e-07
1992,1.0833333333399999e+00,4.0833333333299997e+00,5.0000000000000003e-02,3.1250000000000002e-03,4.2783794893000000e-07,2.4301799905525054e-07,1.8481994987474946e-07,1.8481994987474946e-07
1993,1.1666666666700001e+00,4.1666666666700003e+00,5.0000000000000003e-02,3.1250000000000002e-03,2.0169504816300000e-07,1.0943410877271526e-07,9.2260939390284736e-08,9.2260939390284736e-08
1994,1.1666666666700001e+00,4.3333333333299997e+00,5.0000000000000003e-02,3.1250000000000002e-03,5.7571657320700002e-08,2.6928045688996100e-08,3.0643611631703902e-08,3.0643611631703902e-08
1995,1.0833333333399999e+00,4.4166666666700003e+00,5.0000000000000003e-02,3.1250000000000002e-03,3.0331262240900001e-08,1.4713720891884403e-08,1.5617541349015599e-08,1.5617541349015599e-08
1996,1.0833333333399999e+00,4.5833333333299997e+00,5.0000000000000003e-02,3.1249999999899999e-03,8.8674308795099993e-09,3.2723824160178941e-09,5.5950484634921053e-09,5.5950484634921053e-09
1997,1.1666666666700001e+00,4.6666666666700003e+00,5.0000000000000003e-02,3.1249999999899999e-03,3.8329564146699998e-09,1.3318981592196289e-09,2.5010582554503707e-09,2.5010582554503707e-09
1998,1.1666666666700001e+00,4.8333333333299997e+00,5.0000000000000003e-02,3.1249999999899999e-03,1.0081611299200001e-09,2.6763908575393679e-10,7.4052204416606334e-10,7.4052204416606334e-10
1999,1.0833333333399999e+00,4.9166666666700003e+00,5.0000000000000003e-02,3.1249999999899999e-03,5.7583677185700004e-10,1.3213164352600228e-10,4.4370512833099776e-10,4.4370512833099776e-10
2000,1.4166666666600001e+00,-4.9166666666700003e+00,5.0000000000000003e-02,3.1250000000100000e-03,3.6764416443000000e-10,7.5344691290793970e-11,2.9229947313920603e-10,2.9229947313920603e-10
2001,1.3333333333299999e+00,-4.8333333333299997e+00,5.0000000000000003e-02,3.1250000000100000e-03,7.6865337998799998e-10,2.0217845878389536e-10,5.6647492120410459e-10,5.6647492120410459e-10
2002,1.3333333333299999e+00,-4.6666666666700003e+00,5.0000000000000003e-02,3.1250000000100000e-03,2.6621156509900001e-09,1.0061352448935830e-09,1.6559804060964171e-09,1.6559804060964171e-09
2003,1.4166666666600001e+00,-4.5833333333299997e+00,5.0000000000000003e-02,3.1250000000100000e-03,5.1736531776500001e-09,1.8659924022800088e-09,3.3076607753699912e-09,3.3076607753699912e-09
2004,1.4166666666600001e+00,-4.4166666666700003e+00,5.0000000000000003e-02,3.1250000000100000e-03,1.9602141848900001e-08,8.3901231283766912e-09,1.1212018720523310e-08,1.1212018720523310e-08
2005,1.3333333333299999e+00,-4.3333333333299997e+00,5.0000000000000003e-02,3.1250000000100000e-03,4.4394466202999999e-08,2.0341837441743946e-08,2.4052628761256052e-08,2.4052628761256052e-08
2006,1.3333333333299999e+00,-4.1666666666700003e+00,5.0000000000000003e-02,3.1250000000100000e-03,1.4080288376800000e-07,8.2668117729255422e-08,5.8134766038744580e-08,5.8134766038744580e-08
2007,1.4166666666600001e+00,-4.0833333333299997e+00,5.0000000000000003e-02,3.1250000000100000e-03,2.4696739070800001e-07,1.3857480031511947e-07,1.0839259039288054e-07,1.0839259039288054e-07
2008,1.4166666666600001e+00,-3.9166666666699999e+00,5.0000000000000003e-02,3.1250000000100000e-03,8.2125993392699996e-07,5.0921805372492529e-07,3.1204188020207466e-07,3.1204188020207466e-07
2009,1.3333333333299999e+00,-3.8333333333300001e+00,5.0000000000000003e-02,3.1250000000100000e-03,1.7042272728800001e-06,1.1163527753078219e-06,5.8787449757217821e-07,5.8787449757217821e-07
2010,1.3333333333299999e+00,-3.6666666666699999e+00,5.0000000000000003e-02,3.1250000000000002e-03,4.7204547797399997e-06,3.7111841338364341e-06,1.0092706459035656e-06,1.0092706459035656e-06
2011,1.4166666666600001e+00,-3.5833333333300001e+00,5.0000000000000003e-02,3.1250000000000002e-03,7.4414348672600001e-06,5.6280185663693563e-06,1.8134163008906438e-06,1.8134163008906438e-06
2012,1.4166666666600001e+00,-3.4166666666699999e+00,5.0000000000000003e-02,3.1250000000000002e-03,2.1482707821800001e-05,1.6936583547512559e-05,4.5461242742874416e-06,4.5461242742874416e-06
2013,1.3333333333299999e+00,-3.3333333333300001e+00,5.0000000000000003e-02,3.1250000000000002e-03,4.0848355040800002e-05,3.3611625533845697e-05,7.2367295069543052e-06,7.2367295069543052e-06
2014,1.3333333333299999e+00,-3.1666666666699999e+00,5.0000000000000003e-02,3.1250000000000002e-03,9.8031304773600004e-05,9.1632248204964848e-05,6.3990565686351564e-06,6.3990565686351564e-06
2015,1.4166666666600001e+00,-3.0833333333300001e+00,5.0000000000000003e-02,3.1250000000000002e-03,1.3879023269399999e-04,1.2588927559486395e-04,1.2900957099136045e-05,1.2900957099136045e-05
2016,1.4166666666600001e+00,-2.9166666666699999e+00,5.0000000000000003e-02,3.1250000000000002e-03,3.4385845907999998e-04,3.1120415756569913e-04,3.2654301514300848e-05,3.2654301514300848e-05
2017,1.3333333333299999e+00,-2.8333333333300001e+00,5.0000000000000003e-02,3.1250000000000002e-03,5.9956366428600002e-04,5.6003931324365738e-04,3.9524351042342638e-05,3.9524351042342638e-05
2018,1.3333333333299999e+00,-2.6666666666699999e+00,5.0000000000000003e-02,3.1250000000000002e-03,1.2373989637999999e-03,1.2568609204558392e-03,-1.9461956655839312e-05,1.9461956655839312e-05
2019,1.4166666666600001e+00,-2.5833333333300001e+00,5.0000000000000003e-02,3.1250000000000002e-03,1.5748656625099999e-03,1.5676712413342079e-03,7.1944211757920228e-06,7.1944211757920228e-06
2020,1.4166666666600001e+00,-2.4166666666699999e+00,5.0000000000000003e-02,3.1250000000000002e-03,3.3097173173400000e-03,3.1988123952085569e-03,1.1090492213144303e-04,1.1090492213144303e-04
2021,1.3333333333299999e+00,-2.3333333333300001e+00,5.0000000000000003e-02,3.1250000000000002e-03,5.3010773517199999e-03,5.2341643499868046e-03,6.6913001733195226e-05,6.6913001733195226e-05
2022,1.3333333333299999e+00,-2.1666666666699999e+00,5.0000000000000003e-02,3.1250000000000002e-03,9.3567963515400008e-03,9.7293513489858444e-03,-3.7255499744584357e-04,3.7255499744584357e-04
2023,1.4166666666700001e+00,-2.0833333333300001e+00,5.0000000000000003e-02,3.1249999999899999e-03,1.0744659417600000e-02,1.1055581427954356e-02,-3.1092201035435620e-04,3.1092201035435620e-04
2024,1.4166666666700001e+00,-1.9166666666700001e+00,5.0000000000000003e-02,3.1249999999899999e-03,1.8978333662799999e-02,1.8767418368935002e-02,2.1091529386499733e-04,2.1091529386499733e-04
2025,1.3333333333299999e+00,-1.8333333333299999e+00,5.0000000000000003e-02,3.1249999999899999e-03,2.8010120665600002e-02,2.8046943099131541e-02,-3.6822433531539384e-05,3.6822433531539384e-05
2026,1.3333333333299999e+00,-1.6666666666700001e+00,5.0000000000000003e-02,3.1249999999899999e-03,4.2253872267400003e-02,4.3621824781575405e-02,-1.3679525141754023e-03,1.3679525141754023e-03
2027,1.4166666666700001e+00,-1.5833333333399999e+00,5.0000000000000003e-02,3.1249999999899999e-03,4.4115430435399998e-02,4.5419627338350338e-02,-1.3041969029503400e-03,1.3041969029503400e-03
2028,1.4166666666700001e+00,-1.4166666666700001e+00,5.0000000000000003e-02,3.1249999999899999e-03,6.5381030689900005e-02,6.4996010460350043e-02,3.8502022954996218e-04,3.8502022954996218e-04
2029,1.3333333333299999e+00,-1.3333333333399999e+00,5.0000000000000003e-02,3.1249999999899999e-03,8.9412777516199998e-02,8.9382044975854155e-02,3.0732540345843051e-05,3.0732540345843051e-05
2030,1.3333333333299999e+00,-1.1666666666700001e+00,5.0000000000000003e-02,3.1249999999899999e-03,1.1626950746100000e-01,1.1832184766114716e-01,-2.0523402001471625e-03,2.0523402001471625e-03
2031,1.4166666666700001e+00,-1.0833333333399999e+00,5.0000000000000003e-02,3.1249999999899999e-03,1.1180222746100001e-01,1.1398320887379508e-01,-2.1809814127950744e-03,2.1809814127950744e-03
2032,1.4166666666700001e+00,-9.1666666666899999e-01,5.0000000000000003e-02,3.1250000000000002e-03,1.4087997037800001e-01,1.4052284903121143e-01,3.5712134678858587e-04,3.5712134678858587e-04
2033,1.3333333333299999e+00,-8.3333333333600002e-01,5.0000000000000003e-02,3.1250000000000002e-03,1.8023864441699999e-01,1.7999478152512172e-01,2.4386289187827703e-04,2.4386289187827703e-04
2034,1.3333333333299999e+00,-6.6666666666899999e-01,5.0000000000000003e-02,3.1250000000000002e-03,2.0651472011899999e-01,2.0829578242708061e-01,-1.7810623080806165e-03,1.7810623080806165e-03
2035,1.4166666666700001e+00,-5.8333333333600002e-01,5.0000000000000003e-02,3.1250000000000002e-03,1.8618746266500000e-01,1.8836253127631317e-01,-2.1750686113131690e-03,2.1750686113131690e-03
2036,1.4166666666700001e+00,-4.1666666666899999e-01,5.0000000000000003e-02,3.1250000000000002e-03,2.0573223810899999e-01,2.0631907528541021e-01,-5.8683717641022648e-04,5.8683717641022648e-04
2037,1.3333333333299999e+00,-3.3333333333499998e-01,5.0000000000000003e-02,3.1250000000000002e-03,2.4964603314799999e-01,2.5010858029963606e-01,-4.6254715163607241e-04,4.6254715163607241e-04
2038,1.3333333333299999e+00,-1.6666666666900001e-01,5.0000000000000003e-02,3.1250000000000002e-03,2.5983698556899998e-01,2.6119080748866336e-01,-1.3538219196633783e-03,1.3538219196633783e-03
2039,1.4166666666700001e+00,-8.3333333335200002e-02,5.0000000000000003e-02,3.1250000000000002e-03,2.2344078559200001e-01,2.2511950383876364e-01,-1.6787182467636330e-03,1.6787182467636330e-03
2040,1.4166666666700001e+00,8.3333333331699996e-02,5.0000000000000003e-02,3.1250000000000002e-03,2.2344078559200001e-01,2.2511950383883073e-01,-1.6787182468307182e-03,1.6787182468307182e-03
2041,1.3333333333299999e+00,1.6666666666499999e-01,5.0000000000000003e-02,3.1250000000000002e-03,2.5983698556899998e-01,2.6119080748884244e-01,-1.3538219198424573e-03,1.3538219198424573e-03
2042,1.3333333333299999e+00,3.3333333333199999e-01,5.0000000000000003e-02,3.1250000000000002e-03,2.4964603314799999e-01,2.5010858029989935e-01,-4.6254715189936180e-04,4.6254715189936180e-04
2043,1.4166666666700001e+00,4.1666666666500002e-01,5.0000000000000003e-02,3.1250000000000002e-03,2.0573223810899999e-01,2.0631907528577828e-01,-5.8683717677829317e-04,5.8683717677829317e-04
2044,1.4166666666700001e+00,5.8333333333199999e-01,5.0000000000000003e-02,3.1250000000000002e-03,1.8618746266500000e-01,1.8836253127680291e-01,-2.1750686118029161e-03,2.1750686118029161e-03
2045,1.3333333333299999e+00,6.6666666666600005e-01,5.0000000000000003e-02,3.1250000000000002e-03,2.0651472011899999e-01,2.0829578242755542e-01,-1.7810623085554311e-03,1.7810623085554311e-03
2046,1.3333333333399999e+00,8.3333333333299997e-01,5.0000000000000003e-02,3.1250000000000002e-03,1.8023864441699999e-01,1.7999478152235870e-01,2.4386289464128907e-04,2.4386289464128907e-04
2047,1.4166666666700001e+00,9.1666666666600005e-01,5.0000000000000003e-02,3.1250000000000002e-03,1.4087997037800001e-01,1.4052284903168477e-01,3.5712134631524228e-04,3.5712134631524228e-04
2048,1.4166666666700001e+00,1.0833333333299999e+00,5.0000000000000003e-02,3.1249999999899999e-03,1.1180222746100001e-01,1.1398320887538224e-01,-2.1809814143822354e-03,2.1809814143822354e-03
2049,1.3333333333399999e+00,1.1666666666700001e+00,5.0000000000000003e-02,3.1249999999899999e-03,1.1626950746100000e-01,1.1832184765897719e-01,-2.0523401979771899e-03,2.0523401979771899e-03
2050,1.3333333333399999e+00,1.3333333333299999e+00,5.0000000000000003e-02,3.1249999999899999e-03,8.9412777516199998e-02,8.9382044975854155e-02,3.0732540345843051e-05,3.0732540345843051e-05
2051,1.4166666666700001e+00,1.4166666666700001e+00,5.0000000000000003e-02,3.1249999999899999e-03,6.5381030689900005e-02,6.4996010460350043e-02,3.8502022954996218e-04,3.8502022954996218e-04
2052,1.4166666666700001e+00,1.5833333333299999e+00,5.0000000000000003e-02,3.1249999999899999e-03,4.4115430435399998e-02,4.5419627339400942e-02,-1.3041969040009441e-03,1.3041969040009441e-03
2053,1.3333333333399999e+00,1.6666666666700001e+00,5.0000000000000003e-02,3.1249999999899999e-03,4.2253872267400003e-02,4.3621824780775399e-02,-1.3679525133753964e-03,1.3679525133753964e-03
2054,1.3333333333399999e+00,1.8333333333299999e+00,5.0000000000000003e-02,3.1249999999899999e-03,2.8010120665499998e-02,2.8046943098617175e-02,-3.6822433117176395e-05,3.6822433117176395e-05
2055,1.4166666666700001e+00,1.9166666666700001e+00,5.0000000000000003e-02,3.1249999999899999e-03,1.8978333662699999e-02,1.8767418368935002e-02,2.1091529376499746e-04,2.1091529376499746e-04
2056,1.4166666666700001e+00,2.0833333333300001e+00,5.0000000000000003e-02,3.1249999999899999e-03,1.0744659417600000e-02,1.1055581427954356e-02,-3.1092201035435620e-04,3.1092201035435620e-04
2057,1.3333333333399999e+00,2.1666666666699999e+00,5.0000000000000003e-02,3.1249999999899999e-03,9.3567963515100005e-03,9.7293513488074124e-03,-3.7255499729741196e-04,3.7255499729741196e-04
2058,1.3333333333399999e+00,2.3333333333300001e+00,5.0000000000000003e-02,3.1249999999899999e-03,5.3010773516900004e-03,5.2341643498908120e-03,6.6913001799188444e-05,6.6913001799188444e-05
2059,1.4166666666700001e+00,2.4166666666699999e+00,5.0000000000000003e-02,3.1249999999899999e-03,3.3097173173300002e-03,3.1988123951449043e-03,1.1090492218509586e-04,1.1090492218509586e-04
2060,1.4166666666700001e+00,2.5833333333300001e+00,5.0000000000000003e-02,3.1249999999899999e-03,1.5748656624999999e-03,1.5676712413030132e-03,7.1944211969866573e-06,7.1944211969866573e-06
2061,1.3333333333399999e+00,2.6666666666699999e+00,5.0000000000000003e-02,3.1249999999899999e-03,1.2373989637900001e-03,1.2568609204327891e-03,-1.9461956642788988e-05,1.9461956642788988e-05
2062,1.3333333333399999e+00,2.8333333333300001e+00,5.0000000000000003e-02,3.1249999999899999e-03,5.9956366428100000e-04,5.6003931323338652e-04,3.9524351047613487e-05,3.9524351047613487e-05
2063,1.4166666666700001e+00,2.9166666666699999e+00,5.0000000000000003e-02,3.1249999999899999e-03,3.4385845907599998e-04,3.1120415755950655e-04,3.2654301516493430e-05,3.2654301516493430e-05
2064,1.4166666666700001e+00,3.0833333333300001e+00,5.0000000000000003e-02,3.1249999999899999e-03,1.3879023269300000e-04,1.2588927559235892e-04,1.2900957100641080e-05,1.2900957100641080e-05
2065,1.3333333333399999e+00,3.1666666666699999e+00,5.0000000000000003e-02,3.1249999999899999e-03,9.8031304772500000e-05,9.1632248203284348e-05,6.3990565692156518e-06,6.3990565692156518e-06
2066,1.3333333333399999e+00,3.3333333333300001e+00,5.0000000000000003e-02,3.1249999999899999e-03,4.0848355040199998e-05,3.3611625533229274e-05,7.2367295069707241e-06,7.2367295069707241e-06
2067,1.4166666666700001e+00,3.4166666666699999e+00,5.0000000000000003e-02,3.1249999999899999e-03,2.1482707821499999e-05,1.6936583547175542e-05,4.5461242743244570e-06,4.5461242743244570e-06
2068,1.4166666666700001e+00,3.5833333333300001e+00,5.0000000000000003e-02,3.1249999999899999e-03,7.4414348671400001e-06,5.6280185662573658e-06,1.8134163008826343e-06,1.8134163008826343e-06
2069,1.3333333333399999e+00,3.6666666666699999e+00,5.0000000000000003e-02,3.1249999999899999e-03,4.7204547796599999e-06,3.7111841337683729e-06,1.0092706458916271e-06,1.0092706458916271e-06
2070,1.3333333333399999e+00,3.8333333333300001e+00,5.0000000000000003e-02,3.1250000000000002e-03,1.7042272728500001e-06,1.1163527752873484e-06,5.8787449756265163e-07,5.8787449756265163e-07
2071,1.4166666666700001e+00,3.9166666666699999e+00,5.0000000000000003e-02,3.1249999999899999e-03,8.2125993391100003e-07,5.0921805371479245e-07,3.1204188019620758e-07,3.1204188019620758e-07
2072,1.4166666666700001e+00,4.0833333333299997e+00,5.0000000000000003e-02,3.1250000000000002e-03,2.4696739070300003e-07,1.3857480031236201e-07,1.0839259039063802e-07,1.0839259039063802e-07
2073,1.3333333333399999e+00,4.1666666666700003e+00,5.0000000000000003e-02,3.1249999999899999e-03,1.4080288376500000e-07,8.2668117727739325e-08,5.8134766037260671e-08,5.8134766037260671e-08
2074,1.3333333333399999e+00,4.3333333333299997e+00,5.0000000000000003e-02,3.1249999999899999e-03,4.4394466202100000e-08,2.0341837441370885e-08,2.4052628760729115e-08,2.4052628760729115e-08
2075,1.4166666666700001e+00,4.4166666666700003e+00,5.0000000000000003e-02,3.1249999999899999e-03,1.9602141848499999e-08,8.3901231282097380e-09,1.1212018720290261e-08,1.1212018720290261e-08
2076,1.4166666666700001e+00,4.5833333333299997e+00,5.0000000000000003e-02,3.1249999999899999e-03,5.1736531775200004e-09,1.8659924022428779e-09,3.3076607752771224e-09,3.3076607752771224e-09
2077,1.3333333333399999e+00,4.6666666666700003e+00,5.0000000000000003e-02,3.1249999999899999e-03,2.6621156509300002e-09,1.0061352448751309e-09,1.6559804060548693e-09,1.6559804060548693e-09
2078,1.3333333333399999e+00,4.8333333333299997e+00,5.0000000000000003e-02,3.1249999999899999e-03,7.6865337996899995e-10,2.0217845878018749e-10,5.6647492118881240e-10,5.6647492118881240e-10
2079,1.4166666666700001e+00,4.9166666666700003e+00,5.0000000000000003e-02,3.1249999999899999e-03,3.6764416442100002e-10,7.5344691289294705e-11,2.9229947313170531e-10,2.9229947313170531e-10
2080,1.5833333333299999e+00,-4.9166666666700003e+00,5.0000000000000003e-02,3.1250000000100000e-03,2.3696039249300000e-10,5.2651351615644123e-11,1.8430904087735589e-10,1.8430904087735589e-10
2081,1.6666666666600001e+00,-4.8333333333299997e+00,5.0000000000000003e-02,3.1250000000100000e-03,3.9320201358899999e-10,9.8670748763014971e-11,2.9453126482598505e-10,2.9453126482598505e-10
2082,1.6666666666600001e+00,-4.6666666666700003e+00,5.0000000000000003e-02,3.1250000000100000e-03,1.5383262918400000e-09,4.9103212363797667e-10,1.0472941682020234e-09,1.0472941682020234e-09
2083,1.5833333333299999e+00,-4.5833333333299997e+00,5.0000000000000003e-02,3.1250000000100000e-03,3.7099864957800000e-09,1.3039674116571710e-09,2.4060190841228290e-09,2.4060190841228290e-09
2084,1.5833333333299999e+00,-4.4166666666700003e+00,5.0000000000000003e-02,3.1250000000100000e-03,1.2408811701900001e-08,5.8630716426425236e-09,6.5457400592574772e-09,6.5457400592574772e-09
2085,1.6666666666600001e+00,-4.3333333333299997e+00,5.0000000000000003e-02,3.1250000000100000e-03,2.2271139633300001e-08,9.9275874574640308e-09,1.2343552175835971e-08,1.2343552175835971e-08
2086,1.6666666666600001e+00,-4.1666666666700003e+00,5.0000000000000003e-02,3.1250000000100000e-03,8.0432993251199999e-08,4.0345173883699872e-08,4.0087819367500127e-08,4.0087819367500127e-08
2087,1.5833333333299999e+00,-4.0833333333299997e+00,5.0000000000000003e-02,3.1250000000100000e-03,1.7845600186399999e-07,9.6836955749137317e-08,8.1619046114862676e-08,8.1619046114862676e-08
2088,1.5833333333299999e+00,-3.9166666666699999e+00,5.0000000000000003e-02,3.1250000000100000e-03,5.2346528958999998e-07,3.5584482909655131e-07,1.6762046049344867e-07,1.6762046049344867e-07
2089,1.6666666666600001e+00,-3.8333333333300001e+00,5.0000000000000003e-02,3.1250000000100000e-03,8.4251993655900001e-07,5.4482245480479828e-07,2.9769748175420173e-07,2.9769748175420173e-07
2090,1.6666666666600001e+00,-3.6666666666699999e+00,5.0000000000000003e-02,3.1250000000000002e-03,2.6550343974600000e-06,1.8111984802222207e-06,8.4383591723777933e-07,8.4383591723777933e-07
2091,1.5833333333299999e+00,-3.5833333333300001e+00,5.0000000000000003e-02,3.1250000000000002e-03,5.4079829972399998e-06,3.9328953289306623e-06,1.4750876683093375e-06,1.4750876683093375e-06
2092,1.5833333333299999e+00,-3.4166666666699999e+00,5.0000000000000003e-02,3.1250000000000002e-03,1.3801065287200000e-05,1.1835392782832651e-05,1.9656725043673496e-06,1.9656725043673496e-06
2093,1.6666666666600001e+00,-3.3333333333300001e+00,5.0000000000000003e-02,3.1250000000000002e-03,1.9891212531900001e-05,1.6403746860646284e-05,3.4874656712537166e-06,3.4874656712537166e-06
2094,1.6666666666600001e+00,-3.1666666666699999e+00,5.0000000000000003e-02,3.1250000000000002e-03,5.4071116438400003e-05,4.4720009221588329e-05,9.3511072168116745e-06,9.3511072168116745e-06
2095,1.5833333333299999e+00,-3.0833333333300001e+00,5.0000000000000003e-02,3.1250000000000002e-03,1.0118208944800000e-04,8.7972230032798396e-05,1.3209859415201603e-05,1.3209859415201603e-05
2096,1.5833333333299999e+00,-2.9166666666699999e+00,5.0000000000000003e-02,3.1250000000000002e-03,2.2298511965900000e-04,2.1747145344324997e-04,5.5136662157500335e-06,5.5136662157500335e-06
2097,1.6666666666600001e+00,-2.8333333333300001e+00,5.0000000000000003e-02,3.1250000000000002e-03,2.8783833054299999e-04,2.7332040567952976e-04,1.4517924863470229e-05,1.4517924863470229e-05
2098,1.6666666666600001e+00,-2.6666666666699999e+00,5.0000000000000003e-02,3.1250000000000002e-03,6.6663269603300002e-04,6.1339575372323680e-04,5.3236942309763222e-05,5.3236942309763222e-05
2099,1.5833333333299999e+00,-2.5833333333300001e+00,5.0000000000000003e-02,3.1250000000000002e-03,1.1477706361400000e-03,1.0954986785552850e-03,5.2271957584715083e-05,5.2271957584715083e-05
2100,1.5833333333299999e+00,-2.4166666666699999e+00,5.0000000000000003e-02,3.1250000000000002e-03,2.1708214811200000e-03,2.2353505374729061e-03,-6.4529056352906084e-05,6.4529056352906084e-05
2101,1.6666666666700001e+00,-2.3333333333300001e+00,5.0000000000000003e-02,3.1249999999899999e-03,2.5164490278800000e-03,2.5544705338816690e-03,-3.8021506001669012e-05,3.8021506001669012e-05
2102,1.6666666666700001e+00,-2.1666666666699999e+00,5.0000000000000003e-02,3.1249999999899999e-03,4.9082975808400001e-03,4.7482921194151777e-03,1.6000546142482235e-04,1.6000546142482235e-04
2103,1.5833333333299999e+00,-2.0833333333300001e+00,5.0000000000000003e-02,3.1249999999899999e-03,7.7956404737300001e-03,7.7257109308949516e-03,6.9929542835048437e-05,6.9929542835048437e-05
2104,1.5833333333299999e+00,-1.9166666666700001e+00,5.0000000000000003e-02,3.1249999999899999e-03,1.2616854262800001e-02,1.3114791852642348e-02,-4.9793758984234722e-04,4.9793758984234722e-04
2105,1.6666666666700001e+00,-1.8333333333399999e+00,5.0000000000000003e-02,3.1249999999899999e-03,1.3219149125400001e-02,1.3687970976751248e-02,-4.6882185135124765e-04,4.6882185135124765e-04
2106,1.6666666666700001e+00,-1.6666666666700001e+00,5.0000000000000003e-02,3.1249999999899999e-03,2.1566744199199999e-02,2.1289103396030060e-02,2.7764080316993942e-04,2.7764080316993942e-04
2107,1.5833333333299999e+00,-1.5833333333399999e+00,5.0000000000000003e-02,3.1249999999899999e-03,3.1730538387899999e-02,3.1739525749212107e-02,-8.9873613121072005e-06,8.9873613121072005e-06
2108,1.5833333333299999e+00,-1.4166666666700001e+00,5.0000000000000003e-02,3.1249999999899999e-03,4.4115430435399998e-02,4.5419627339400942e-02,-1.3041969040009441e-03,1.3041969040009441e-03
2109,1.6666666666700001e+00,-1.3333333333399999e+00,5.0000000000000003e-02,3.1249999999899999e-03,4.2253872267400003e-02,4.3621824780775399e-02,-1.3679525133753964e-03,1.3679525133753964e-03
2110,1.6666666666700001e+00,-1.1666666666700001e+00,5.0000000000000003e-02,3.1249999999899999e-03,5.7931817227900001e-02,5.7745545067876609e-02,1.8627216002339159e-04,1.8627216002339159e-04
2111,1.5833333333299999e+00,-1.0833333333399999e+00,5.0000000000000003e-02,3.1249999999899999e-03,7.9508360313599993e-02,7.9652194547464986e-02,-1.4383423386499228e-04,1.4383423386499228e-04
2112,1.5833333333299999e+00,-9.1666666666999996e-01,5.0000000000000003e-02,3.1250000000000002e-03,9.6406422877800005e-02,9.8198264638949040e-02,-1.7918417611490350e-03,1.7918417611490350e-03
2113,1.6666666666700001e+00,-8.3333333333600002e-01,5.0000000000000003e-02,3.1250000000000002e-03,8.5820746362599995e-02,8.7844273682302562e-02,-2.0235273197025672e-03,2.0235273197025672e-03
2114,1.6666666666700001e+00,-6.6666666666999996e-01,5.0000000000000003e-02,3.1250000000000002e-03,1.0115407571600001e-01,1.0165623449381020e-01,-5.0215877781019380e-04,5.0215877781019380e-04
2115,1.5833333333299999e+00,-5.8333333333600002e-01,5.0000000000000003e-02,3.1250000000000002e-03,1.3096194479100001e-01,1.3162894021773044e-01,-6.6699542673043233e-04,6.6699542673043233e-04
2116,1.5833333333299999e+00,-4.1666666666899999e-01,5.0000000000000003e-02,3.1250000000000002e-03,1.4233217037699999e-01,1.4417708788741354e-01,-1.8449175104135462e-03,1.8449175104135462e-03
2117,1.6666666666700001e+00,-3.3333333333600002e-01,5.0000000000000003e-02,3.1250000000000002e-03,1.2000860289800000e-01,1.2206246421127075e-01,-2.0538613132707467e-03,2.0538613132707467e-03
2118,1.6666666666700001e+00,-1.6666666666900001e-01,5.0000000000000003e-02,3.1250000000000002e-03,1.2596610377199999e-01,1.2747101100335764e-01,-1.5049072313576550e-03,1.5049072313576550e-03
2119,1.5833333333299999e+00,-8.3333333335399995e-02,5.0000000000000003e-02,3.1250000000000002e-03,1.5582575398000001e-01,1.5731494746781172e-01,-1.4891934878117075e-03,1.4891934878117075e-03
2120,1.5833333333299999e+00,8.3333333331500004e-02,5.0000000000000003e-02,3.1250000000000002e-03,1.5582575398000001e-01,1.5731494746786398e-01,-1.4891934878639712e-03,1.4891934878639712e-03
2121,1.6666666666700001e+00,1.6666666666499999e-01,5.0000000000000003e-02,3.1250000000000002e-03,1.2596610377199999e-01,1.2747101100344502e-01,-1.5049072314450296e-03,1.5049072314450296e-03
2122,1.6666666666700001e+00,3.3333333333199999e-01,5.0000000000000003e-02,3.1250000000000002e-03,1.2000860289800000e-01,1.2206246421144207e-01,-2.0538613134420680e-03,2.0538613134420680e-03
2123,1.5833333333299999e+00,4.1666666666500002e-01,5.0000000000000003e-02,3.1250000000000002e-03,1.4233217037699999e-01,1.4417708788767075e-01,-1.8449175106707572e-03,1.8449175106707572e-03
2124,1.5833333333299999e+00,5.8333333333199999e-01,5.0000000000000003e-02,3.1250000000000002e-03,1.3096194479100001e-01,1.3162894021807267e-01,-6.6699542707265858e-04,6.6699542707265858e-04
2125,1.6666666666700001e+00,6.6666666666499996e-01,5.0000000000000003e-02,3.1250000000000002e-03,1.0115407571700000e-01,1.0165623449419643e-01,-5.0215877719643476e-04,5.0215877719643476e-04
2126,1.6666666666700001e+00,8.3333333333199999e-01,5.0000000000000003e-02,3.1250000000000002e-03,8.5820746362699998e-02,8.7844273682652629e-02,-2.0235273199526310e-03,2.0235273199526310e-03
2127,1.5833333333299999e+00,9.1666666666600005e-01,5.0000000000000003e-02,3.1250000000000002e-03,9.6406422877899994e-02,9.8198264639390104e-02,-1.7918417614901094e-03,1.7918417614901094e-03
2128,1.5833333333299999e+00,1.0833333333299999e+00,5.0000000000000003e-02,3.1249999999899999e-03,7.9508360313699997e-02,7.9652194548574112e-02,-1.4383423487411562e-04,1.4383423487411562e-04
2129,1.6666666666700001e+00,1.1666666666700001e+00,5.0000000000000003e-02,3.1249999999899999e-03,5.7931817227999997e-02,5.7745545067876609e-02,1.8627216012338799e-04,1.8627216012338799e-04
2130,1.6666666666700001e+00,1.3333333333299999e+00,5.0000000000000003e-02,3.1249999999899999e-03,4.2253872267400003e-02,4.3621824781575405e-02,-1.3679525141754023e-03,1.3679525141754023e-03
2131,1.5833333333399999e+00,1.4166666666700001e+00,5.0000000000000003e-02,3.1249999999899999e-03,4.4115430435399998e-02,4.5419627338350338e-02,-1.3041969029503400e-03,1.3041969029503400e-03
2132,1.5833333333399999e+00,1.5833333333299999e+00,5.0000000000000003e-02,3.1249999999899999e-03,3.1730538387899999e-02,3.1739525749212107e-02,-8.9873613121072005e-06,8.9873613121072005e-06
2133,1.6666666666700001e+00,1.6666666666700001e+00,5.0000000000000003e-02,3.1249999999899999e-03,2.1566744199199999e-02,2.1289103396030060e-02,2.7764080316993942e-04,2.7764080316993942e-04
2134,1.6666666666700001e+00,1.8333333333299999e+00,5.0000000000000003e-02,3.1249999999899999e-03,1.3219149125400001e-02,1.3687970977137538e-02,-4.6882185173753761e-04,4.6882185173753761e-04
2135,1.5833333333399999e+00,1.9166666666700001e+00,5.0000000000000003e-02,3.1249999999899999e-03,1.2616854262800001e-02,1.3114791852338990e-02,-4.9793758953898919e-04,4.9793758953898919e-04
2136,1.5833333333399999e+00,2.0833333333300001e+00,5.0000000000000003e-02,3.1249999999899999e-03,7.7956404737100004e-03,7.7257109307162473e-03,6.9929542993753084e-05,6.9929542993753084e-05
2137,1.6666666666700001e+00,2.1666666666699999e+00,5.0000000000000003e-02,3.1249999999899999e-03,4.9082975808199996e-03,4.7482921194151777e-03,1.6000546140482186e-04,1.6000546140482186e-04
2138,1.6666666666700001e+00,2.3333333333300001e+00,5.0000000000000003e-02,3.1249999999899999e-03,2.5164490278700002e-03,2.5544705338816690e-03,-3.8021506011668826e-05,3.8021506011668826e-05
2139,1.5833333333399999e+00,2.4166666666699999e+00,5.0000000000000003e-02,3.1249999999899999e-03,2.1708214811099998e-03,2.2353505374212001e-03,-6.4529056311200296e-05,6.4529056311200296e-05
2140,1.5833333333399999e+00,2.5833333333300001e+00,5.0000000000000003e-02,3.1249999999899999e-03,1.1477706361300000e-03,1.0954986785299450e-03,5.2271957600055026e-05,5.2271957600055026e-05
2141,1.6666666666700001e+00,2.6666666666699999e+00,5.0000000000000003e-02,3.1249999999899999e-03,6.6663269602800000e-04,6.1339575370802566e-04,5.3236942319974346e-05,5.3236942319974346e-05
2142,1.6666666666700001e+00,2.8333333333300001e+00,5.0000000000000003e-02,3.1249999999899999e-03,2.8783833054100001e-04,2.7332040567275187e-04,1.4517924868248145e-05,1.4517924868248145e-05
2143,1.5833333333399999e+00,2.9166666666699999e+00,5.0000000000000003e-02,3.1249999999899999e-03,2.2298511965700000e-04,2.1747145343821962e-04,5.5136662187803785e-06,5.5136662187803785e-06
2144,1.5833333333399999e+00,3.0833333333300001e+00,5.0000000000000003e-02,3.1249999999899999e-03,1.0118208944700000e-04,8.7972230030763511e-05,1.3209859416236488e-05,1.3209859416236488e-05
2145,1.6666666666700001e+00,3.1666666666699999e+00,5.0000000000000003e-02,3.1249999999899999e-03,5.4071116437799999e-05,4.4720009220479346e-05,9.3511072173206532e-06,9.3511072173206532e-06
2146,1.6666666666700001e+00,3.3333333333300001e+00,5.0000000000000003e-02,3.1249999999899999e-03,1.9891212531599998e-05,1.6403746860239498e-05,3.4874656713605003e-06,3.4874656713605003e-06
2147,1.5833333333399999e+00,3.4166666666699999e+00,5.0000000000000003e-02,3.1249999999899999e-03,1.3801065287000001e-05,1.1835392782558886e-05,1.9656725044411143e-06,1.9656725044411143e-06
2148,1.5833333333399999e+00,3.5833333333300001e+00,5.0000000000000003e-02,3.1249999999899999e-03,5.4079829971500000e-06,3.9328953288396901e-06,1.4750876683103099e-06,1.4750876683103099e-06
2149,1.6666666666700001e+00,3.6666666666699999e+00,5.0000000000000003e-02,3.1249999999899999e-03,2.6550343974200002e-06,1.8111984801773059e-06,8.4383591724269424e-07,8.4383591724269424e-07
2150,1.6666666666700001e+00,3.8333333333300001e+00,5.0000000000000003e-02,3.1250000000000002e-03,8.4251993654199995e-07,5.4482245479128758e-07,2.9769748175071238e-07,2.9769748175071238e-07
2151,1.5833333333399999e+00,3.9166666666699999e+00,5.0000000000000003e-02,3.1249999999899999e-03,5.2346528957899998e-07,3.5584482908832027e-07,1.6762046049067972e-07,1.6762046049067972e-07
2152,1.5833333333399999e+00,4.0833333333299997e+00,5.0000000000000003e-02,3.1250000000000002e-03,1.7845600186000001e-07,9.6836955746897378e-08,8.1619046113102635e-08,8.1619046113102635e-08
2153,1.6666666666700001e+00,4.1666666666700003e+00,5.0000000000000003e-02,3.1249999999899999e-03,8.0432993249400001e-08,4.0345173882699381e-08,4.0087819366700620e-08,4.0087819366700620e-08
2154,1.6666666666700001e+00,4.3333333333299997e+00,5.0000000000000003e-02,3.1249999999899999e-03,2.2271139632800000e-08,9.9275874572178437e-09,1.2343552175582157e-08,1.2343552175582157e-08
2155,1.5833333333399999e+00,4.4166666666700003e+00,5.0000000000000003e-02,3.1249999999899999e-03,1.2408811701600001e-08,5.8630716425069048e-09,6.5457400590930958e-09,6.5457400590930958e-09
2156,1.5833333333399999e+00,4.5833333333299997e+00,5.0000000000000003e-02,3.1249999999899999e-03,3.7099864956899999e-09,1.3039674116270089e-09,2.4060190840629912e-09,2.4060190840629912e-09
2157,1.6666666666700001e+00,4.6666666666700003e+00,5.0000000000000003e-02,3.1249999999899999e-03,1.5383262918000000e-09,4.9103212362579995e-10,1.0472941681742000e-09,1.0472941681742000e-09
2158,1.6666666666700001e+00,4.8333333333299997e+00,5.0000000000000003e-02,3.1249999999899999e-03,3.9320201357799999e-10,9.8670748760568106e-11,2.9453126481743190e-10,2.9453126481743190e-10
2159,1.5833333333399999e+00,4.9166666666700003e+00,5.0000000000000003e-02,3.1249999999899999e-03,2.3696039248700000e-10,5.2651351614426242e-11,1.8430904087257375e-10,1.8430904087257375e-10
2160,1.9166666666600001e+00,-4.9166666666700003e+00,5.0000000000000003e-02,3.1250000000100000e-03,1.1825596239799999e-10,2.1755571354790105e-11,9.6500391043209888e-11,9.6500391043209888e-11
2161,1.8333333333299999e+00,-4.8333333333299997e+00,5.0000000000000003e-02,3.1250000000100000e-03,2.5926209440000001e-10,6.3441015819338967e-11,1.9582107858066106e-10,1.9582107858066106e-10
2162,1.8333333333299999e+00,-4.6666666666700003e+00,5.0000000000000003e-02,3.1250000000100000e-03,8.7921026968100004e-10,3.1571237792407547e-10,5.6349789175692457e-10,5.6349789175692457e-10
2163,1.9166666666600001e+00,-4.5833333333299997e+00,5.0000000000000003e-02,3.1250000000100000e-03,1.6091948338900000e-09,5.3880014848848603e-10,1.0703946854015140e-09,1.0703946854015140e-09
2164,1.9166666666600001e+00,-4.4166666666700003e+00,5.0000000000000003e-02,3.1250000000100000e-03,6.2993998413900002e-09,2.4226248627177881e-09,3.8767749786722116e-09,3.8767749786722116e-09
2165,1.8333333333299999e+00,-4.3333333333299997e+00,5.0000000000000003e-02,3.1250000000100000e-03,1.4930608261800001e-08,6.3830085494691455e-09,8.5475997123308555e-09,8.5475997123308555e-09
2166,1.8333333333299999e+00,-4.1666666666700003e+00,5.0000000000000003e-02,3.1250000000100000e-03,4.6306549178799997e-08,2.5940198556080928e-08,2.0366350622719069e-08,2.0366350622719069e-08
2167,1.9166666666600001e+00,-4.0833333333299997e+00,5.0000000000000003e-02,3.1250000000100000e-03,7.6016243375000007e-08,4.0013090565276938e-08,3.6003152809723069e-08,3.6003152809723069e-08
2168,1.9166666666600001e+00,-3.9166666666699999e+00,5.0000000000000003e-02,3.1250000000100000e-03,2.6108652525300002e-07,1.4703530551612419e-07,1.1405121973687583e-07,1.1405121973687583e-07
2169,1.8333333333299999e+00,-3.8333333333300001e+00,5.0000000000000003e-02,3.1250000000100000e-03,5.6915719639499999e-07,3.5029723000296161e-07,2.1885996639203837e-07,2.1885996639203837e-07
2170,1.8333333333299999e+00,-3.6666666666699999e+00,5.0000000000000003e-02,3.1250000000000002e-03,1.5416996533700000e-06,1.1645221392990024e-06,3.7717751407099759e-07,3.7717751407099759e-07
2171,1.9166666666600001e+00,-3.5833333333300001e+00,5.0000000000000003e-02,3.1250000000000002e-03,2.2597571925400001e-06,1.6250748049941579e-06,6.3468238754584221e-07,6.3468238754584221e-07
2172,1.9166666666600001e+00,-3.4166666666699999e+00,5.0000000000000003e-02,3.1250000000000002e-03,6.7300500605300002e-06,4.8903916860204147e-06,1.8396583745095855e-06,1.8396583745095855e-06
2173,1.8333333333299999e+00,-3.3333333333300001e+00,5.0000000000000003e-02,3.1250000000000002e-03,1.3502964077800001e-05,1.0546898418518642e-05,2.9560656592813585e-06,2.9560656592813585e-06
2174,1.8333333333299999e+00,-3.1666666666699999e+00,5.0000000000000003e-02,3.1250000000000002e-03,3.1714846910400000e-05,2.8753028106453380e-05,2.9618188039466193e-06,2.9618188039466193e-06
2175,1.9166666666600001e+00,-3.0833333333300001e+00,5.0000000000000003e-02,3.1250000000000002e-03,4.1482617357899997e-05,3.6350180365548061e-05,5.1324369923519360e-06,5.1324369923519360e-06
2176,1.9166666666600001e+00,-2.9166666666699999e+00,5.0000000000000003e-02,3.1250000000000002e-03,1.0578181896100000e-04,8.9859340317652322e-05,1.5922478643347682e-05,1.5922478643347682e-05
2177,1.8333333333299999e+00,-2.8333333333300001e+00,5.0000000000000003e-02,3.1250000000000002e-03,1.9561813431800000e-04,1.7573317723684577e-04,1.9884957081154226e-05,1.9884957081154226e-05
2178,1.8333333333299999e+00,-2.6666666666699999e+00,5.0000000000000003e-02,3.1250000000000002e-03,3.9580544470099998e-04,3.9438688976542588e-04,1.4185549355741020e-06,1.4185549355741020e-06
2179,1.9166666666600001e+00,-2.5833333333300001e+00,5.0000000000000003e-02,3.1249999999899999e-03,4.6282773771299997e-04,4.5266073783576505e-04,1.0166999877234920e-05,1.0166999877234920e-05
2180,1.9166666666600001e+00,-2.4166666666699999e+00,5.0000000000000003e-02,3.1249999999899999e-03,9.9749441001500006e-04,9.2364823748438307e-04,7.3846172530616988e-05,7.3846172530616988e-05
2181,1.8333333333299999e+00,-2.3333333333300001e+00,5.0000000000000003e-02,3.1249999999899999e-03,1.7041377845200001e-03,1.6424138621190410e-03,6.1723922400959072e-05,6.1723922400959072e-05
2182,1.8333333333299999e+00,-2.1666666666699999e+00,5.0000000000000003e-02,3.1249999999899999e-03,2.9576548817000000e-03,3.0529460782104077e-03,-9.5291196510407725e-05,9.5291196510407725e-05
2183,1.9166666666700001e+00,-2.0833333333300001e+00,5.0000000000000003e-02,3.1249999999899999e-03,3.1087348445500000e-03,3.1922685792664233e-03,-8.3533734716423336e-05,8.3533734716423336e-05
2184,1.9166666666700001e+00,-1.9166666666700001e+00,5.0000000000000003e-02,3.1249999999899999e-03,5.6037520334200003e-03,5.4190401801584975e-03,1.8471185326150285e-04,1.8471185326150285e-04
2185,1.8333333333299999e+00,-1.8333333333399999e+00,5.0000000000000003e-02,3.1249999999899999e-03,8.8749933348699992e-03,8.8007722063396330e-03,7.4221128530366220e-05,7.4221128530366220e-05
2186,1.8333333333299999e+00,-1.6666666666700001e+00,5.0000000000000003e-02,3.1249999999899999e-03,1.3219149125400001e-02,1.3687970977137538e-02,-4.6882185173753761e-04,4.6882185173753761e-04
2187,1.9166666666700001e+00,-1.5833333333399999e+00,5.0000000000000003e-02,3.1249999999899999e-03,1.2616854262800001e-02,1.3114791852338990e-02,-4.9793758953898919e-04,4.9793758953898919e-04
2188,1.9166666666700001e+00,-1.4166666666700001e+00,5.0000000000000003e-02,3.1249999999899999e-03,1.8978333662699999e-02,1.8767418368935002e-02,2.1091529376499746e-04,2.1091529376499746e-04
2189,1.8333333333299999e+00,-1.3333333333399999e+00,5.0000000000000003e-02,3.1249999999899999e-03,2.8010120665499998e-02,2.8046943098617175e-02,-3.6822433117176395e-05,3.6822433117176395e-05
2190,1.8333333333299999e+00,-1.1666666666700001e+00,5.0000000000000003e-02,3.1249999999899999e-03,3.6136309113100000e-02,3.7127883229477771e-02,-9.9157411637777054e-04,9.9157411637777054e-04
2191,1.9166666666700001e+00,-1.0833333333399999e+00,5.0000000000000003e-02,3.1249999999899999e-03,3.1798124729699999e-02,3.2912336508302914e-02,-1.1142117786029151e-03,1.1142117786029151e-03
2192,1.9166666666700001e+00,-9.1666666666999996e-01,5.0000000000000003e-02,3.1250000000000002e-03,4.0451724183100002e-02,4.0575584247117685e-02,-1.2386006401768346e-04,1.2386006401768346e-04
2193,1.8333333333299999e+00,-8.3333333333699999e-01,5.0000000000000003e-02,3.1250000000000002e-03,5.6107611234400001e-02,5.6480061480377278e-02,-3.7245024597727661e-04,3.7245024597727661e-04
2194,1.8333333333299999e+00,-6.6666666666999996e-01,5.0000000000000003e-02,3.1250000000000002e-03,6.4051823634500002e-02,6.5360553777752767e-02,-1.3087301432527648e-03,1.3087301432527648e-03
2195,1.9166666666700001e+00,-5.8333333333600002e-01,5.0000000000000003e-02,3.1250000000000002e-03,5.2949220407699997e-02,5.4389160264701190e-02,-1.4399398570011934e-03,1.4399398570011934e-03
2196,1.9166666666700001e+00,-4.1666666667000002e-01,5.0000000000000003e-02,3.1250000000000002e-03,5.8780498738000002e-02,5.9574062714718060e-02,-7.9356397671805773e-04,7.9356397671805773e-04
2197,1.8333333333299999e+00,-3.3333333333600002e-01,5.0000000000000003e-02,3.1250000000000002e-03,7.7546410047900000e-02,7.8480875236546024e-02,-9.3446518864602479e-04,9.3446518864602479e-04
2198,1.8333333333299999e+00,-1.6666666666900001e-01,5.0000000000000003e-02,3.1250000000000002e-03,8.0637989907799995e-02,8.1958336458909251e-02,-1.3203465511092555e-03,1.3203465511092555e-03
2199,1.9166666666700001e+00,-8.3333333335799994e-02,5.0000000000000003e-02,3.1250000000000002e-03,6.3684289486700005e-02,6.5002634494409184e-02,-1.3183450077091791e-03,1.3183450077091791e-03
2200,1.9166666666700001e+00,8.3333333331100004e-02,5.0000000000000003e-02,3.1250000000000002e-03,6.3684289486799994e-02,6.5002634494435191e-02,-1.3183450076351966e-03,1.3183450076351966e-03
2201,1.8333333333299999e+00,1.6666666666499999e-01,5.0000000000000003e-02,3.1250000000000002e-03,8.0637989907799995e-02,8.1958336458965442e-02,-1.3203465511654466e-03,1.3203465511654466e-03
2202,1.8333333333299999e+00,3.3333333333100001e-01,5.0000000000000003e-02,3.1250000000000002e-03,7.7546410047900000e-02,7.8480875236683720e-02,-9.3446518878372020e-04,9.3446518878372020e-04
2203,1.9166666666700001e+00,4.1666666666500002e-01,5.0000000000000003e-02,3.1250000000000002e-03,5.8780498738099998e-02,5.9574062714850898e-02,-7.9356397675089951e-04,7.9356397675089951e-04
2204,1.9166666666700001e+00,5.8333333333199999e-01,5.0000000000000003e-02,3.1250000000000002e-03,5.2949220407800000e-02,5.4389160264842598e-02,-1.4399398570425978e-03,1.4399398570425978e-03
2205,1.8333333333299999e+00,6.6666666666499996e-01,5.0000000000000003e-02,3.1250000000000002e-03,6.4051823634600005e-02,6.5360553778001110e-02,-1.3087301434011045e-03,1.3087301434011045e-03
2206,1.8333333333299999e+00,8.3333333333199999e-01,5.0000000000000003e-02,3.1250000000000002e-03,5.6107611234499997e-02,5.6480061480658629e-02,-3.7245024615863154e-04,3.7245024615863154e-04
2207,1.9166666666700001e+00,9.1666666666499996e-01,5.0000000000000003e-02,3.1250000000000002e-03,4.0451724183199998e-02,4.0575584247345503e-02,-1.2386006414550482e-04,1.2386006414550482e-04
2208,1.9166666666700001e+00,1.0833333333299999e+00,5.0000000000000003e-02,3.1250000000000002e-03,3.1798124729699999e-02,3.2912336508761200e-02,-1.1142117790612013e-03,1.1142117790612013e-03
2209,1.8333333333299999e+00,1.1666666666700001e+00,5.0000000000000003e-02,3.1249999999899999e-03,3.6136309113200003e-02,3.7127883229477771e-02,-9.9157411627776720e-04,9.9157411627776720e-04
2210,1.8333333333299999e+00,1.3333333333299999e+00,5.0000000000000003e-02,3.1249999999899999e-03,2.8010120665600002e-02,2.8046943099131541e-02,-3.6822433531539384e-05,3.6822433531539384e-05
2211,1.9166666666700001e+00,1.4166666666700001e+00,5.0000000000000003e-02,3.1249999999899999e-03,1.8978333662799999e-02,1.8767418368935002e-02,2.1091529386499733e-04,2.1091529386499733e-04
2212,1.9166666666700001e+00,1.5833333333299999e+00,5.0000000000000003e-02,3.1249999999899999e-03,1.2616854262800001e-02,1.3114791852642348e-02,-4.9793758984234722e-04,4.9793758984234722e-04
2213,1.8333333333399999e+00,1.6666666666700001e+00,5.0000000000000003e-02,3.1249999999899999e-03,1.3219149125400001e-02,1.3687970976751248e-02,-4.6882185135124765e-04,4.6882185135124765e-04
2214,1.8333333333399999e+00,1.8333333333299999e+00,5.0000000000000003e-02,3.1249999999899999e-03,8.8749933348699992e-03,8.8007722063396330e-03,7.4221128530366220e-05,7.4221128530366220e-05
2215,1.9166666666700001e+00,1.9166666666700001e+00,5.0000000000000003e-02,3.1249999999899999e-03,5.6037520334200003e-03,5.4190401801584975e-03,1.8471185326150285e-04,1.8471185326150285e-04
2216,1.9166666666700001e+00,2.0833333333300001e+00,5.0000000000000003e-02,3.1249999999899999e-03,3.1087348445500000e-03,3.1922685792664233e-03,-8.3533734716423336e-05,8.3533734716423336e-05
2217,1.8333333333399999e+00,2.1666666666699999e+00,5.0000000000000003e-02,3.1249999999899999e-03,2.9576548816900002e-03,3.0529460781242501e-03,-9.5291196434249895e-05,9.5291196434249895e-05
2218,1.8333333333399999e+00,2.3333333333300001e+00,5.0000000000000003e-02,3.1249999999899999e-03,1.7041377845200001e-03,1.6424138620726900e-03,6.1723922447310016e-05,6.1723922447310016e-05
2219,1.9166666666700001e+00,2.4166666666699999e+00,5.0000000000000003e-02,3.1249999999899999e-03,9.9749441001200007e-04,9.2364823745669830e-04,7.3846172555301778e-05,7.3846172555301778e-05
2220,1.9166666666700001e+00,2.5833333333300001e+00,5.0000000000000003e-02,3.1249999999899999e-03,4.6282773770999999e-04,4.5266073782219729e-04,1.0166999887802693e-05,1.0166999887802693e-05
2221,1.8333333333399999e+00,2.6666666666699999e+00,5.0000000000000003e-02,3.1249999999899999e-03,3.9580544469900000e-04,3.9438688975429578e-04,1.4185549447042227e-06,1.4185549447042227e-06
2222,1.8333333333399999e+00,2.8333333333300001e+00,5.0000000000000003e-02,3.1249999999899999e-03,1.9561813431600000e-04,1.7573317723188636e-04,1.9884957084113637e-05,1.9884957084113637e-05
2223,1.9166666666700001e+00,2.9166666666699999e+00,5.0000000000000003e-02,3.1249999999899999e-03,1.0578181896000000e-04,8.9859340314958934e-05,1.5922478645041070e-05,1.5922478645041070e-05
2224,1.9166666666700001e+00,3.0833333333300001e+00,5.0000000000000003e-02,3.1249999999899999e-03,4.1482617357500001e-05,3.6350180364458533e-05,5.1324369930414682e-06,5.1324369930414682e-06
2225,1.8333333333399999e+00,3.1666666666699999e+00,5.0000000000000003e-02,3.1249999999899999e-03,3.1714846910100001e-05,2.8753028105641936e-05,2.9618188044580646e-06,2.9618188044580646e-06
2226,1.8333333333399999e+00,3.3333333333300001e+00,5.0000000000000003e-02,3.1249999999899999e-03,1.3502964077700000e-05,1.0546898418220997e-05,2.9560656594790035e-06,2.9560656594790035e-06
2227,1.9166666666700001e+00,3.4166666666699999e+00,5.0000000000000003e-02,3.1249999999899999e-03,6.7300500604200003e-06,4.8903916858738339e-06,1.8396583745461663e-06,1.8396583745461663e-06
2228,1.9166666666700001e+00,3.5833333333300001e+00,5.0000000000000003e-02,3.1249999999899999e-03,2.2597571924999998e-06,1.6250748049454491e-06,6.3468238755455077e-07,6.3468238755455077e-07
2229,1.8333333333399999e+00,3.6666666666699999e+00,5.0000000000000003e-02,3.1249999999899999e-03,1.5416996533400000e-06,1.1645221392661384e-06,3.7717751407386162e-07,3.7717751407386162e-07
2230,1.8333333333399999e+00,3.8333333333300001e+00,5.0000000000000003e-02,3.1250000000000002e-03,5.6915719638299996e-07,3.5029722999307584e-07,2.1885996638992412e-07,2.1885996638992412e-07
2231,1.9166666666700001e+00,3.9166666666699999e+00,5.0000000000000003e-02,3.1249999999899999e-03,2.6108652524700001e-07,1.4703530551171705e-07,1.1405121973528296e-07,1.1405121973528296e-07
2232,1.9166666666700001e+00,4.0833333333299997e+00,5.0000000000000003e-02,3.1250000000000002e-03,7.6016243373299998e-08,4.0013090564077619e-08,3.6003152809222380e-08,3.6003152809222380e-08
2233,1.8333333333399999e+00,4.1666666666700003e+00,5.0000000000000003e-02,3.1249999999899999e-03,4.6306549177800002e-08,2.5940198555348863e-08,2.0366350622451139e-08,2.0366350622451139e-08
2234,1.8333333333399999e+00,4.3333333333299997e+00,5.0000000000000003e-02,3.1250000000000002e-03,1.4930608261499999e-08,6.3830085492890095e-09,8.5475997122109904e-09,8.5475997122109904e-09
2235,1.9166666666700001e+00,4.4166666666700003e+00,5.0000000000000003e-02,3.1249999999899999e-03,6.2993998412400001e-09,2.4226248626451745e-09,3.8767749785948256e-09,3.8767749785948256e-09
2236,1.9166666666700001e+00,4.5833333333299997e+00,5.0000000000000003e-02,3.1249999999899999e-03,1.6091948338500000e-09,5.3880014847233646e-10,1.0703946853776635e-09,1.0703946853776635e-09
2237,1.8333333333399999e+00,4.6666666666700003e+00,5.0000000000000003e-02,3.1249999999899999e-03,8.7921026965799997e-10,3.1571237791516570e-10,5.6349789174283427e-10,5.6349789174283427e-10
2238,1.8333333333399999e+00,4.8333333333299997e+00,5.0000000000000003e-02,3.1249999999899999e-03,2.5926209439300000e-10,6.3441015817548586e-11,1.9582107857545142e-10,1.9582107857545142e-10
2239,1.9166666666700001e+00,4.9166666666700003e+00,5.0000000000000003e-02,3.1249999999899999e-03,1.1825596239400000e-10,2.1755571354138018e-11,9.6500391039861991e-11,9.6500391039861991e-11
2240,2.0833333333300001e+00,-4.9166666666700003e+00,5.0000000000000003e-02,3.1250000000100000e-03,6.2970871589299995e-11,1.2815853831844478e-11,5.0155017757455514e-11,5.0155017757455514e-11
2241,2.1666666666599999e+00,-4.8333333333299997e+00,5.0000000000000003e-02,3.1250000000100000e-03,9.7838761997899999e-11,2.2007387068284688e-11,7.5831374929615315e-11,7.5831374929615315e-11
2242,2.1666666666599999e+00,-4.6666666666700003e+00,5.0000000000000003e-02,3.1250000000100000e-03,3.9533313053399999e-10,1.0951912439437516e-10,2.8581400613962485e-10,2.8581400613962485e-10
2243,2.0833333333300001e+00,-4.5833333333299997e+00,5.0000000000000003e-02,3.1250000000100000e-03,9.9799255877300000e-10,3.1739841877718211e-10,6.8059413999581784e-10,6.8059413999581784e-10
2244,2.0833333333300001e+00,-4.4166666666700003e+00,5.0000000000000003e-02,3.1250000000100000e-03,3.2674588265299998e-09,1.4271289695707013e-09,1.8403298569592985e-09,1.8403298569592985e-09
2245,2.1666666666599999e+00,-4.3333333333299997e+00,5.0000000000000003e-02,3.1250000000100000e-03,5.4664116110500002e-09,2.2142353490739165e-09,3.2521762619760837e-09,3.2521762619760837e-09
2246,2.1666666666599999e+00,-4.1666666666700003e+00,5.0000000000000003e-02,3.1250000000100000e-03,2.0426281134100000e-08,8.9985316735393472e-09,1.1427749460560653e-08,1.1427749460560653e-08
2247,2.0833333333300001e+00,-4.0833333333299997e+00,5.0000000000000003e-02,3.1250000000100000e-03,4.7605646277100002e-08,2.3571061944646962e-08,2.4034584332453040e-08,2.4034584332453040e-08
2248,2.0833333333300001e+00,-3.9166666666699999e+00,5.0000000000000003e-02,3.1250000000100000e-03,1.3668314747399999e-07,8.6616111012885136e-08,5.0067036461114856e-08,5.0067036461114856e-08
2249,2.1666666666599999e+00,-3.8333333333300001e+00,5.0000000000000003e-02,3.1250000000100000e-03,2.0359388657400000e-07,1.2151644531632989e-07,8.2077441257670109e-08,8.2077441257670109e-08
2250,2.1666666666599999e+00,-3.6666666666699999e+00,5.0000000000000003e-02,3.1250000000000002e-03,6.6308882695300002e-07,4.0396719910855801e-07,2.5912162784444201e-07,2.5912162784444201e-07
2251,2.0833333333300001e+00,-3.5833333333300001e+00,5.0000000000000003e-02,3.1250000000000002e-03,1.4247937657100000e-06,9.5730518068111791e-07,4.6748858502888209e-07,4.6748858502888209e-07
2252,2.0833333333300001e+00,-3.4166666666699999e+00,5.0000000000000003e-02,3.1250000000000002e-03,3.5610889484000001e-06,2.8808503351352129e-06,6.8023861326478722e-07,6.8023861326478722e-07
2253,2.1666666666599999e+00,-3.3333333333300001e+00,5.0000000000000003e-02,3.1250000000000002e-03,4.7164738587599998e-06,3.6586689678361752e-06,1.0578048909238245e-06,1.0578048909238245e-06
2254,2.1666666666599999e+00,-3.1666666666699999e+00,5.0000000000000003e-02,3.1250000000000002e-03,1.3221660742800000e-05,9.9742888847485284e-06,3.2473718580514715e-06,3.2473718580514715e-06
2255,2.0833333333300001e+00,-3.0833333333300001e+00,5.0000000000000003e-02,3.1250000000000002e-03,2.6229946498400000e-05,2.1413301022014993e-05,4.8166454763850078e-06,4.8166454763850078e-06
2256,2.0833333333300001e+00,-2.9166666666699999e+00,5.0000000000000003e-02,3.1250000000000002e-03,5.6697092692700001e-05,5.2934678301769297e-05,3.7624143909307042e-06,3.7624143909307042e-06
2257,2.1666666666599999e+00,-2.8333333333300001e+00,5.0000000000000003e-02,3.1249999999899999e-03,6.6839584270399994e-05,6.0961004521176308e-05,5.8785797492236854e-06,5.8785797492236854e-06
2258,2.1666666666599999e+00,-2.6666666666699999e+00,5.0000000000000003e-02,3.1249999999899999e-03,1.5907746512600001e-04,1.3681093887968403e-04,2.2266526246315980e-05,2.2266526246315980e-05
2259,2.0833333333300001e+00,-2.5833333333300001e+00,5.0000000000000003e-02,3.1249999999899999e-03,2.9202331085300000e-04,2.6665509063914943e-04,2.5368220213850578e-05,2.5368220213850578e-05
2260,2.0833333333300001e+00,-2.4166666666699999e+00,5.0000000000000003e-02,3.1249999999899999e-03,5.4312026222100003e-04,5.4410617908383742e-04,-9.8591686283739342e-07,9.8591686283739342e-07
2261,2.1666666666699999e+00,-2.3333333333300001e+00,5.0000000000000003e-02,3.1249999999899999e-03,5.7254304061799997e-04,5.6974556794019170e-04,2.7974726778082649e-06,2.7974726778082649e-06
2262,2.1666666666699999e+00,-2.1666666666699999e+00,5.0000000000000003e-02,3.1249999999899999e-03,1.1421322356900000e-03,1.0590524942212763e-03,8.3079741468723668e-05,8.3079741468723668e-05
2263,2.0833333333300001e+00,-2.0833333333300001e+00,5.0000000000000003e-02,3.1249999999899999e-03,1.9461065716100000e-03,1.8805135860560480e-03,6.5592985553951984e-05,6.5592985553951984e-05
2264,2.0833333333300001e+00,-1.9166666666700001e+00,5.0000000000000003e-02,3.1249999999899999e-03,3.1087348445500000e-03,3.1922685792664233e-03,-8.3533734716423336e-05,8.3533734716423336e-05
2265,2.1666666666699999e+00,-1.8333333333399999e+00,5.0000000000000003e-02,3.1249999999899999e-03,2.9576548816900002e-03,3.0529460781242501e-03,-9.5291196434249895e-05,9.5291196434249895e-05
2266,2.1666666666699999e+00,-1.6666666666700001e+00,5.0000000000000003e-02,3.1249999999899999e-03,4.9082975808199996e-03,4.7482921194151777e-03,1.6000546140482186e-04,1.6000546140482186e-04
2267,2.0833333333300001e+00,-1.5833333333399999e+00,5.0000000000000003e-02,3.1249999999899999e-03,7.7956404737100004e-03,7.7257109307162473e-03,6.9929542993753084e-05,6.9929542993753084e-05
2268,2.0833333333300001e+00,-1.4166666666700001e+00,5.0000000000000003e-02,3.1249999999899999e-03,1.0744659417600000e-02,1.1055581427954356e-02,-3.1092201035435620e-04,3.1092201035435620e-04
2269,2.1666666666699999e+00,-1.3333333333399999e+00,5.0000000000000003e-02,3.1249999999899999e-03,9.3567963515100005e-03,9.7293513488074124e-03,-3.7255499729741196e-04,3.7255499729741196e-04
2270,2.1666666666699999e+00,-1.1666666666700001e+00,5.0000000000000003e-02,3.1249999999899999e-03,1.2980295100300000e-02,1.2879486349258996e-02,1.0080875104100454e-04,1.0080875104100454e-04
2271,2.0833333333300001e+00,-1.0833333333399999e+00,5.0000000000000003e-02,3.1249999999899999e-03,1.9337370975000000e-02,1.9388123027835828e-02,-5.0752052835827122e-05,5.0752052835827122e-05
2272,2.0833333333300001e+00,-9.1666666666999996e-01,5.0000000000000003e-02,3.1250000000000002e-03,2.3341253824599999e-02,2.3902417839917728e-02,-5.6116401531772914e-04,5.6116401531772914e-04
2273,2.1666666666699999e+00,-8.3333333333699999e-01,5.0000000000000003e-02,3.1250000000000002e-03,1.8941123096000000e-02,1.9592665069154275e-02,-6.5154197315427445e-04,6.5154197315427445e-04
2274,2.1666666666699999e+00,-6.6666666666999996e-01,5.0000000000000003e-02,3.1250000000000002e-03,2.2480888853300001e-02,2.2673265668219349e-02,-1.9237681491934833e-04,1.9237681491934833e-04
2275,2.0833333333300001e+00,-5.8333333333699999e-01,5.0000000000000003e-02,3.1250000000000002e-03,3.1721307086299999e-02,3.2039771175953961e-02,-3.1846408965396228e-04,3.1846408965396228e-04
2276,2.0833333333300001e+00,-4.1666666667000002e-01,5.0000000000000003e-02,3.1250000000000002e-03,3.4421363104599999e-02,3.5094113020191608e-02,-6.7274991559160974e-04,6.7274991559160974e-04
2277,2.1666666666699999e+00,-3.3333333333600002e-01,5.0000000000000003e-02,3.1250000000000002e-03,2.6519970362399999e-02,2.7224642865835966e-02,-7.0467250343596646e-04,7.0467250343596646e-04
2278,2.1666666666699999e+00,-1.6666666666999999e-01,5.0000000000000003e-02,3.1250000000000002e-03,2.7901468401599998e-02,2.8430957647276676e-02,-5.2948924567667796e-04,5.2948924567667796e-04
2279,2.0833333333300001e+00,-8.3333333336000001e-02,5.0000000000000003e-02,3.1250000000000002e-03,3.7706526196799997e-02,3.8291996509974113e-02,-5.8547031317411624e-04,5.8547031317411624e-04
2280,2.0833333333300001e+00,8.3333333330899997e-02,5.0000000000000003e-02,3.1250000000000002e-03,3.7706526196799997e-02,3.8291996509990739e-02,-5.8547031319074183e-04,5.8547031319074183e-04
2281,2.1666666666699999e+00,1.6666666666400001e-01,5.0000000000000003e-02,3.1250000000000002e-03,2.7901468401599998e-02,2.8430957647305910e-02,-5.2948924570591152e-04,5.2948924570591152e-04
2282,2.1666666666699999e+00,3.3333333333100001e-01,5.0000000000000003e-02,3.1250000000000002e-03,2.6519970362499999e-02,2.7224642865883733e-02,-7.0467250338373394e-04,7.0467250338373394e-04
2283,2.0833333333300001e+00,4.1666666666500002e-01,5.0000000000000003e-02,3.1250000000000002e-03,3.4421363104599999e-02,3.5094113020269865e-02,-6.7274991566986658e-04,6.7274991566986658e-04
2284,2.0833333333300001e+00,5.8333333333100001e-01,5.0000000000000003e-02,3.1250000000000002e-03,3.1721307086400002e-02,3.2039771176078917e-02,-3.1846408967891454e-04,3.1846408967891454e-04
2285,2.1666666666699999e+00,6.6666666666499996e-01,5.0000000000000003e-02,3.1250000000000002e-03,2.2480888853300001e-02,2.2673265668305496e-02,-1.9237681500549469e-04,1.9237681500549469e-04
2286,2.1666666666699999e+00,8.3333333333199999e-01,5.0000000000000003e-02,3.1250000000000002e-03,1.8941123096000000e-02,1.9592665069251874e-02,-6.5154197325187346e-04,6.5154197325187346e-04
2287,2.0833333333300001e+00,9.1666666666499996e-01,5.0000000000000003e-02,3.1250000000000002e-03,2.3341253824599999e-02,2.3902417840051930e-02,-5.6116401545193081e-04,5.6116401545193081e-04
2288,2.0833333333300001e+00,1.0833333333299999e+00,5.0000000000000003e-02,3.1250000000000002e-03,1.9337370975000000e-02,1.9388123028105799e-02,-5.0752053105798667e-05,5.0752053105798667e-05
2289,2.1666666666699999e+00,1.1666666666700001e+00,5.0000000000000003e-02,3.1250000000000002e-03,1.2980295100300000e-02,1.2879486349258996e-02,1.0080875104100454e-04,1.0080875104100454e-04
2290,2.1666666666699999e+00,1.3333333333299999e+00,5.0000000000000003e-02,3.1250000000000002e-03,9.3567963515400008e-03,9.7293513489858444e-03,-3.7255499744584357e-04,3.7255499744584357e-04
2291,2.0833333333300001e+00,1.4166666666700001e+00,5.0000000000000003e-02,3.1249999999899999e-03,1.0744659417600000e-02,1.1055581427954356e-02,-3.1092201035435620e-04,3.1092201035435620e-04
2292,2.0833333333300001e+00,1.5833333333299999e+00,5.0000000000000003e-02,3.1249999999899999e-03,7.7956404737300001e-03,7.7257109308949516e-03,6.9929542835048437e-05,6.9929542835048437e-05
2293,2.1666666666699999e+00,1.6666666666700001e+00,5.0000000000000003e-02,3.1249999999899999e-03,4.9082975808400001e-03,4.7482921194151777e-03,1.6000546142482235e-04,1.6000546142482235e-04
2294,2.1666666666699999e+00,1.8333333333299999e+00,5.0000000000000003e-02,3.1249999999899999e-03,2.9576548817000000e-03,3.0529460782104077e-03,-9.5291196510407725e-05,9.5291196510407725e-05
2295,2.0833333333300001e+00,1.9166666666700001e+00,5.0000000000000003e-02,3.1249999999899999e-03,3.1087348445500000e-03,3.1922685792664233e-03,-8.3533734716423336e-05,8.3533734716423336e-05
2296,2.0833333333300001e+00,2.0833333333300001e+00,5.0000000000000003e-02,3.1249999999899999e-03,1.9461065716100000e-03,1.8805135860560480e-03,6.5592985553951984e-05,6.5592985553951984e-05
2297,2.1666666666699999e+00,2.1666666666699999e+00,5.0000000000000003e-02,3.1249999999899999e-03,1.1421322356900000e-03,1.0590524942212763e-03,8.3079741468723668e-05,8.3079741468723668e-05
2298,2.1666666666699999e+00,2.3333333333300001e+00,5.0000000000000003e-02,3.1249999999899999e-03,5.7254304061700001e-04,5.6974556794019170e-04,2.7974726768083052e-06,2.7974726768083052e-06
2299,2.0833333333400001e+00,2.4166666666699999e+00,5.0000000000000003e-02,3.1249999999899999e-03,5.4312026221999996e-04,5.4410617906558542e-04,-9.8591684558546003e-07,9.8591684558546003e-07
2300,2.0833333333400001e+00,2.5833333333300001e+00,5.0000000000000003e-02,3.1249999999899999e-03,2.9202331085099998e-04,2.6665509063020449e-04,2.5368220220795489e-05,2.5368220220795489e-05
2301,2.1666666666699999e+00,2.6666666666699999e+00,5.0000000000000003e-02,3.1249999999899999e-03,1.5907746512600001e-04,1.3681093887484629e-04,2.2266526251153718e-05,2.2266526251153718e-05
2302,2.1666666666699999e+00,2.8333333333300001e+00,5.0000000000000003e-02,3.1249999999899999e-03,6.6839584269900000e-05,6.0961004519020684e-05,5.8785797508793163e-06,5.8785797508793163e-06
2303,2.0833333333400001e+00,2.9166666666699999e+00,5.0000000000000003e-02,3.1249999999899999e-03,5.6697092692299999e-05,5.2934678299993611e-05,3.7624143923063874e-06,3.7624143923063874e-06
2304,2.0833333333400001e+00,3.0833333333300001e+00,5.0000000000000003e-02,3.1249999999899999e-03,2.6229946498199999e-05,2.1413301021296685e-05,4.8166454769033140e-06,4.8166454769033140e-06
2305,2.1666666666699999e+00,3.1666666666699999e+00,5.0000000000000003e-02,3.1249999999899999e-03,1.3221660742600000e-05,9.9742888843958306e-06,3.2473718582041695e-06,3.2473718582041695e-06
2306,2.1666666666699999e+00,3.3333333333300001e+00,5.0000000000000003e-02,3.1249999999899999e-03,4.7164738586900001e-06,3.6586689677068024e-06,1.0578048909831977e-06,1.0578048909831977e-06
2307,2.0833333333400001e+00,3.4166666666699999e+00,5.0000000000000003e-02,3.1249999999899999e-03,3.5610889483500002e-06,2.8808503350385749e-06,6.8023861331142527e-07,6.8023861331142527e-07
2308,2.0833333333400001e+00,3.5833333333300001e+00,5.0000000000000003e-02,3.1249999999899999e-03,1.4247937656900001e-06,9.5730518064900519e-07,4.6748858504099487e-07,4.6748858504099487e-07
2309,2.1666666666699999e+00,3.6666666666699999e+00,5.0000000000000003e-02,3.1249999999899999e-03,6.6308882694100000e-07,4.0396719909427348e-07,2.5912162784672651e-07,2.5912162784672651e-07
2310,2.1666666666699999e+00,3.8333333333300001e+00,5.0000000000000003e-02,3.1250000000000002e-03,2.0359388657000000e-07,1.2151644531203300e-07,8.2077441257966994e-08,8.2077441257966994e-08
2311,2.0833333333400001e+00,3.9166666666699999e+00,5.0000000000000003e-02,3.1249999999899999e-03,1.3668314747099999e-07,8.6616111009979602e-08,5.0067036461020385e-08,5.0067036461020385e-08
2312,2.0833333333400001e+00,4.0833333333299997e+00,5.0000000000000003e-02,3.1250000000000002e-03,4.7605646276100000e-08,2.3571061943856274e-08,2.4034584332243727e-08,2.4034584332243727e-08
2313,2.1666666666699999e+00,4.1666666666700003e+00,5.0000000000000003e-02,3.1249999999899999e-03,2.0426281133599999e-08,8.9985316732211523e-09,1.1427749460378847e-08,1.1427749460378847e-08
2314,2.1666666666699999e+00,4.3333333333299997e+00,5.0000000000000003e-02,3.1249999999899999e-03,5.4664116109199997e-09,2.2142353489956193e-09,3.2521762619243804e-09,3.2521762619243804e-09
2315,2.0833333333400001e+00,4.4166666666700003e+00,5.0000000000000003e-02,3.1249999999899999e-03,3.2674588264499999e-09,1.4271289695228284e-09,1.8403298569271715e-09,1.8403298569271715e-09
2316,2.0833333333400001e+00,4.5833333333299997e+00,5.0000000000000003e-02,3.1249999999899999e-03,9.9799255874799991e-10,3.1739841876653505e-10,6.8059413998146481e-10,6.8059413998146481e-10
2317,2.1666666666699999e+00,4.6666666666700003e+00,5.0000000000000003e-02,3.1249999999899999e-03,3.9533313052400000e-10,1.0951912439050248e-10,2.8581400613349751e-10,2.8581400613349751e-10
2318,2.1666666666699999e+00,4.8333333333299997e+00,5.0000000000000003e-02,3.1249999999899999e-03,9.7838761995200004e-11,2.2007387067506492e-11,7.5831374927693516e-11,7.5831374927693516e-11
2319,2.0833333333400001e+00,4.9166666666700003e+00,5.0000000000000003e-02,3.1249999999899999e-03,6.2970871587499998e-11,1.2815853831414572e-11,5.0155017756085425e-11,5.0155017756085425e-11
2320,2.4166666666599999e+00,-4.9166666666700003e+00,5.0000000000000003e-02,3.1250000000100000e-03,2.4057332528900001e-11,3.7081280944381858e-12,2.0349204434461817e-11,2.0349204434461817e-11
2321,2.3333333333300001e+00,-4.8333333333299997e+00,5.0000000000000003e-02,3.1250000000100000e-03,5.5522669790900001e-11,1.1839461511183904e-11,4.3683208279716095e-11,4.3683208279716095e-11
2322,2.3333333333300001e+00,-4.6666666666700003e+00,5.0000000000000003e-02,3.1250000000100000e-03,1.8470680206400000e-10,5.8918737330448150e-11,1.2578806473355184e-10,1.2578806473355184e-10
2323,2.4166666666599999e+00,-4.5833333333299997e+00,5.0000000000000003e-02,3.1250000000100000e-03,3.1398145889200002e-10,9.1835784742914533e-11,2.2214567414908548e-10,2.2214567414908548e-10
2324,2.4166666666599999e+00,-4.4166666666700003e+00,5.0000000000000003e-02,3.1250000000100000e-03,1.2732268514200001e-09,4.1292426520208739e-10,8.6030258621791267e-10,8.6030258621791267e-10
2325,2.3333333333300001e+00,-4.3333333333299997e+00,5.0000000000000003e-02,3.1250000000100000e-03,3.1688782869799999e-09,1.1912070301995549e-09,1.9776712567804448e-09,1.9776712567804448e-09
2326,2.3333333333300001e+00,-4.1666666666700003e+00,5.0000000000000003e-02,3.1250000000100000e-03,9.6336625980300003e-09,4.8410003911628493e-09,4.7926622068671510e-09,4.7926622068671510e-09
2327,2.4166666666599999e+00,-4.0833333333299997e+00,5.0000000000000003e-02,3.1250000000100000e-03,1.4574503094100001e-08,6.8200307337703771e-09,7.7544723603296234e-09,7.7544723603296234e-09
2328,2.4166666666599999e+00,-3.9166666666699999e+00,5.0000000000000003e-02,3.1250000000100000e-03,5.1801489283000003e-08,2.5061430856817978e-08,2.6740058426182025e-08,2.6740058426182025e-08
2329,2.3333333333300001e+00,-3.8333333333300001e+00,5.0000000000000003e-02,3.1250000000100000e-03,1.1905804744800001e-07,6.5373016470996566e-08,5.3685030977003440e-08,5.3685030977003440e-08
2330,2.3333333333300001e+00,-3.6666666666699999e+00,5.0000000000000003e-02,3.1250000000000002e-03,3.1626887289900000e-07,2.1732494142928336e-07,9.8943931469716645e-08,9.8943931469716645e-08
2331,2.4166666666599999e+00,-3.5833333333300001e+00,5.0000000000000003e-02,3.1250000000000002e-03,4.2394200047599998e-07,2.7698585533290083e-07,1.4695614514309915e-07,1.4695614514309915e-07
2332,2.4166666666599999e+00,-3.4166666666699999e+00,5.0000000000000003e-02,3.1250000000000002e-03,1.3038207839000001e-06,8.3354275132592516e-07,4.7027803257407489e-07,4.7027803257407489e-07
2333,2.3333333333300001e+00,-3.3333333333300001e+00,5.0000000000000003e-02,3.1250000000000002e-03,2.7712108278499999e-06,1.9682786644528064e-06,8.0293216339719351e-07,8.0293216339719351e-07
2334,2.3333333333300001e+00,-3.1666666666699999e+00,5.0000000000000003e-02,3.1250000000000002e-03,6.3913861576500004e-06,5.3659350374489458e-06,1.0254511202010546e-06,1.0254511202010546e-06
2335,2.4166666666599999e+00,-3.0833333333300001e+00,5.0000000000000003e-02,3.1249999999899999e-03,7.5933313777499998e-06,6.1957060494164421e-06,1.3976253283335577e-06,1.3976253283335577e-06
2336,2.4166666666599999e+00,-2.9166666666699999e+00,5.0000000000000003e-02,3.1249999999899999e-03,1.9927436028499999e-05,1.5316074165351808e-05,4.6113618631481908e-06,4.6113618631481908e-06
2337,2.3333333333300001e+00,-2.8333333333300001e+00,5.0000000000000003e-02,3.1249999999899999e-03,3.9255211816199999e-05,3.2795600153354761e-05,6.4596116628452382e-06,6.4596116628452382e-06
2338,2.3333333333300001e+00,-2.6666666666699999e+00,5.0000000000000003e-02,3.1249999999899999e-03,7.8173847299000003e-05,7.3601097674572859e-05,4.5727496244271442e-06,4.5727496244271442e-06
2339,2.4166666666599999e+00,-2.5833333333300001e+00,5.0000000000000003e-02,3.1249999999899999e-03,8.2636477621400004e-05,7.7153753943968209e-05,5.4827236774317948e-06,5.4827236774317948e-06
2340,2.4166666666699999e+00,-2.4166666666699999e+00,5.0000000000000003e-02,3.1249999999899999e-03,1.8243615607600001e-04,1.5743121257534446e-04,2.5004943500655553e-05,2.5004943500655553e-05
2341,2.3333333333300001e+00,-2.3333333333300001e+00,5.0000000000000003e-02,3.1249999999899999e-03,3.3406612781299998e-04,3.0650984154112032e-04,2.7556286271879660e-05,2.7556286271879660e-05
2342,2.3333333333300001e+00,-2.1666666666699999e+00,5.0000000000000003e-02,3.1249999999899999e-03,5.7254304061700001e-04,5.6974556794019170e-04,2.7974726768083052e-06,2.7974726768083052e-06
2343,2.4166666666699999e+00,-2.0833333333400001e+00,5.0000000000000003e-02,3.1249999999899999e-03,5.4312026221999996e-04,5.4410617906558542e-04,-9.8591684558546003e-07,9.8591684558546003e-07
2344,2.4166666666699999e+00,-1.9166666666700001e+00,5.0000000000000003e-02,3.1249999999899999e-03,9.9749441001200007e-04,9.2364823745669830e-04,7.3846172555301778e-05,7.3846172555301778e-05
2345,2.3333333333300001e+00,-1.8333333333399999e+00,5.0000000000000003e-02,3.1249999999899999e-03,1.7041377845200001e-03,1.6424138620726900e-03,6.1723922447310016e-05,6.1723922447310016e-05
2346,2.3333333333300001e+00,-1.6666666666700001e+00,5.0000000000000003e-02,3.1249999999899999e-03,2.5164490278700002e-03,2.5544705338816690e-03,-3.8021506011668826e-05,3.8021506011668826e-05
2347,2.4166666666699999e+00,-1.5833333333399999e+00,5.0000000000000003e-02,3.1249999999899999e-03,2.1708214811099998e-03,2.2353505374212001e-03,-6.4529056311200296e-05,6.4529056311200296e-05
2348,2.4166666666699999e+00,-1.4166666666700001e+00,5.0000000000000003e-02,3.1249999999899999e-03,3.3097173173300002e-03,3.1988123951449043e-03,1.1090492218509586e-04,1.1090492218509586e-04
2349,2.3333333333300001e+00,-1.3333333333399999e+00,5.0000000000000003e-02,3.1249999999899999e-03,5.3010773516900004e-03,5.2341643498908120e-03,6.6913001799188444e-05,6.6913001799188444e-05
2350,2.3333333333300001e+00,-1.1666666666700001e+00,5.0000000000000003e-02,3.1249999999899999e-03,6.8060119740900003e-03,6.9288635878547106e-03,-1.2285161376471027e-04,1.2285161376471027e-04
2351,2.4166666666699999e+00,-1.0833333333399999e+00,5.0000000000000003e-02,3.1249999999899999e-03,5.4304470057800003e-03,5.6097427950029706e-03,-1.7929578922297029e-04,1.7929578922297029e-04
2352,2.4166666666699999e+00,-9.1666666667100005e-01,5.0000000000000003e-02,3.1250000000000002e-03,6.9696048475600004e-03,6.9159049624333635e-03,5.3699885126636850e-05,5.3699885126636850e-05
2353,2.3333333333300001e+00,-8.3333333333699999e-01,5.0000000000000003e-02,3.1250000000000002e-03,1.0543264741300001e-02,1.0540397334596068e-02,2.8674067039328316e-06,2.8674067039328316e-06
2354,2.3333333333300001e+00,-6.6666666666999996e-01,5.0000000000000003e-02,3.1250000000000002e-03,1.2012900774300001e-02,1.2197688684636084e-02,-1.8478791033608305e-04,1.8478791033608305e-04
2355,2.4166666666699999e+00,-5.8333333333699999e-01,5.0000000000000003e-02,3.1250000000000002e-03,9.0339147151099995e-03,9.2703597583842154e-03,-2.3644504327421587e-04,2.3644504327421587e-04
2356,2.4166666666699999e+00,-4.1666666667000002e-01,5.0000000000000003e-02,3.1250000000000002e-03,1.0073889792400001e-02,1.0154100393286758e-02,-8.0210600886757716e-05,8.0210600886757716e-05
2357,2.3333333333300001e+00,-3.3333333333699999e-01,5.0000000000000003e-02,3.1250000000000002e-03,1.4544088775400000e-02,1.4646223578335954e-02,-1.0213480293595409e-04,1.0213480293595409e-04
2358,2.3333333333300001e+00,-1.6666666666999999e-01,5.0000000000000003e-02,3.1250000000000002e-03,1.5118113852000001e-02,1.5295192825868293e-02,-1.7707897386829222e-04,1.7707897386829222e-04
2359,2.4166666666699999e+00,-8.3333333336400001e-02,5.0000000000000003e-02,3.1250000000000002e-03,1.0886891596600000e-02,1.1079373244109052e-02,-1.9248164750905288e-04,1.9248164750905288e-04
2360,2.4166666666699999e+00,8.3333333330499998e-02,5.0000000000000003e-02,3.1250000000000002e-03,1.0886891596600000e-02,1.1079373244114619e-02,-1.9248164751461960e-04,1.9248164751461960e-04
2361,2.3333333333300001e+00,1.6666666666400001e-01,5.0000000000000003e-02,3.1250000000000002e-03,1.5118113852100001e-02,1.5295192825884020e-02,-1.7707897378401935e-04,1.7707897378401935e-04
2362,2.3333333333300001e+00,3.3333333333100001e-01,5.0000000000000003e-02,3.1250000000000002e-03,1.4544088775499999e-02,1.4646223578366790e-02,-1.0213480286679066e-04,1.0213480286679066e-04
2363,2.4166666666699999e+00,4.1666666666399998e-01,5.0000000000000003e-02,3.1250000000000002e-03,1.0073889792400001e-02,1.0154100393313928e-02,-8.0210600913926955e-05,8.0210600913926955e-05
2364,2.4166666666699999e+00,5.8333333333100001e-01,5.0000000000000003e-02,3.1250000000000002e-03,9.0339147151299991e-03,9.2703597584203705e-03,-2.3644504329037135e-04,2.3644504329037135e-04
2365,2.3333333333300001e+00,6.6666666666499996e-01,5.0000000000000003e-02,3.1250000000000002e-03,1.2012900774400001e-02,1.2197688684682427e-02,-1.8478791028242632e-04,1.8478791028242632e-04
2366,2.3333333333300001e+00,8.3333333333100001e-01,5.0000000000000003e-02,3.1250000000000002e-03,1.0543264741300001e-02,1.0540397334659075e-02,2.8674066409259402e-06,2.8674066409259402e-06
2367,2.4166666666699999e+00,9.1666666666499996e-01,5.0000000000000003e-02,3.1250000000000002e-03,6.9696048475899998e-03,6.9159049624799599e-03,5.3699885110039883e-05,5.3699885110039883e-05
2368,2.4166666666699999e+00,1.0833333333299999e+00,5.0000000000000003e-02,3.1250000000000002e-03,5.4304470058099998e-03,5.6097427950810835e-03,-1.7929578927108371e-04,1.7929578927108371e-04
2369,2.3333333333300001e+00,1.1666666666700001e+00,5.0000000000000003e-02,3.1250000000000002e-03,6.8060119741199998e-03,6.9288635878547106e-03,-1.2285161373471083e-04,1.2285161373471083e-04
2370,2.3333333333300001e+00,1.3333333333299999e+00,5.0000000000000003e-02,3.1250000000000002e-03,5.3010773517199999e-03,5.2341643499868046e-03,6.6913001733195226e-05,6.6913001733195226e-05
2371,2.4166666666699999e+00,1.4166666666600001e+00,5.0000000000000003e-02,3.1250000000000002e-03,3.3097173173400000e-03,3.1988123952085569e-03,1.1090492213144303e-04,1.1090492213144303e-04
2372,2.4166666666699999e+00,1.5833333333299999e+00,5.0000000000000003e-02,3.1250000000000002e-03,2.1708214811200000e-03,2.2353505374729061e-03,-6.4529056352906084e-05,6.4529056352906084e-05
2373,2.3333333333300001e+00,1.6666666666700001e+00,5.0000000000000003e-02,3.1249999999899999e-03,2.5164490278800000e-03,2.5544705338816690e-03,-3.8021506001669012e-05,3.8021506001669012e-05
2374,2.3333333333300001e+00,1.8333333333299999e+00,5.0000000000000003e-02,3.1249999999899999e-03,1.7041377845200001e-03,1.6424138621190410e-03,6.1723922400959072e-05,6.1723922400959072e-05
2375,2.4166666666699999e+00,1.9166666666600001e+00,5.0000000000000003e-02,3.1249999999899999e-03,9.9749441001500006e-04,9.2364823748438307e-04,7.3846172530616988e-05,7.3846172530616988e-05
2376,2.4166666666699999e+00,2.0833333333300001e+00,5.0000000000000003e-02,3.1249999999899999e-03,5.4312026222100003e-04,5.4410617908383742e-04,-9.8591686283739342e-07,9.8591686283739342e-07
2377,2.3333333333300001e+00,2.1666666666699999e+00,5.0000000000000003e-02,3.1249999999899999e-03,5.7254304061799997e-04,5.6974556794019170e-04,2.7974726778082649e-06,2.7974726778082649e-06
2378,2.3333333333300001e+00,2.3333333333300001e+00,5.0000000000000003e-02,3.1249999999899999e-03,3.3406612781299998e-04,3.0650984154112032e-04,2.7556286271879660e-05,2.7556286271879660e-05
2379,2.4166666666699999e+00,2.4166666666699999e+00,5.0000000000000003e-02,3.1249999999899999e-03,1.8243615607600001e-04,1.5743121257534446e-04,2.5004943500655553e-05,2.5004943500655553e-05
2380,2.4166666666699999e+00,2.5833333333300001e+00,5.0000000000000003e-02,3.1249999999899999e-03,8.2636477621199995e-05,7.7153753940811798e-05,5.4827236803881973e-06,5.4827236803881973e-06
2381,2.3333333333300001e+00,2.6666666666699999e+00,5.0000000000000003e-02,3.1249999999899999e-03,7.8173847298799995e-05,7.3601097674572859e-05,4.5727496242271360e-06,4.5727496242271360e-06
2382,2.3333333333300001e+00,2.8333333333300001e+00,5.0000000000000003e-02,3.1249999999899999e-03,3.9255211815999998e-05,3.2795600153354761e-05,6.4596116626452368e-06,6.4596116626452368e-06
2383,2.4166666666699999e+00,2.9166666666699999e+00,5.0000000000000003e-02,3.1249999999899999e-03,1.9927436028399998e-05,1.5316074164725217e-05,4.6113618636747810e-06,4.6113618636747810e-06
2384,2.4166666666699999e+00,3.0833333333300001e+00,5.0000000000000003e-02,3.1249999999899999e-03,7.5933313776900002e-06,6.1957060491629717e-06,1.3976253285270285e-06,1.3976253285270285e-06
2385,2.3333333333400001e+00,3.1666666666699999e+00,5.0000000000000003e-02,3.1249999999899999e-03,6.3913861575899999e-06,5.3659350372394203e-06,1.0254511203505796e-06,1.0254511203505796e-06
2386,2.3333333333400001e+00,3.3333333333300001e+00,5.0000000000000003e-02,3.1249999999899999e-03,2.7712108278200001e-06,1.9682786643759500e-06,8.0293216344405010e-07,8.0293216344405010e-07
2387,2.4166666666699999e+00,3.4166666666699999e+00,5.0000000000000003e-02,3.1249999999899999e-03,1.3038207838900000e-06,8.3354275129182446e-07,4.7027803259817552e-07,4.7027803259817552e-07
2388,2.4166666666699999e+00,3.5833333333300001e+00,5.0000000000000003e-02,3.1249999999899999e-03,4.2394200046900000e-07,2.7698585532156917e-07,1.4695614514743083e-07,1.4695614514743083e-07
2389,2.3333333333400001e+00,3.6666666666699999e+00,5.0000000000000003e-02,3.1249999999899999e-03,3.1626887289400002e-07,2.1732494142079739e-07,9.8943931473202636e-08,9.8943931473202636e-08
2390,2.3333333333400001e+00,3.8333333333300001e+00,5.0000000000000003e-02,3.1250000000000002e-03,1.1905804744600000e-07,6.5373016468443913e-08,5.3685030977556089e-08,5.3685030977556089e-08
2391,2.4166666666699999e+00,3.9166666666699999e+00,5.0000000000000003e-02,3.1249999999899999e-03,5.1801489282000001e-08,2.5061430855792701e-08,2.6740058426207301e-08,2.6740058426207301e-08
2392,2.4166666666699999e+00,4.0833333333299997e+00,5.0000000000000003e-02,3.1250000000000002e-03,1.4574503093800000e-08,6.8200307334913650e-09,7.7544723603086345e-09,7.7544723603086345e-09
2393,2.3333333333400001e+00,4.1666666666700003e+00,5.0000000000000003e-02,3.1249999999899999e-03,9.6336625978299996e-09,4.8410003909738203e-09,4.7926622068561793e-09,4.7926622068561793e-09
2394,2.3333333333400001e+00,4.3333333333299997e+00,5.0000000000000003e-02,3.1249999999899999e-03,3.1688782869100002e-09,1.1912070301530413e-09,1.9776712567569587e-09,1.9776712567569587e-09
2395,2.4166666666699999e+00,4.4166666666700003e+00,5.0000000000000003e-02,3.1249999999899999e-03,1.2732268513900001e-09,4.1292426518519440e-10,8.6030258620480568e-10,8.6030258620480568e-10
2396,2.4166666666699999e+00,4.5833333333299997e+00,5.0000000000000003e-02,3.1249999999899999e-03,3.1398145888500001e-10,9.1835784739157479e-11,2.2214567414584251e-10,2.2214567414584251e-10
2397,2.3333333333400001e+00,4.6666666666700003e+00,5.0000000000000003e-02,3.1249999999899999e-03,1.8470680205900000e-10,5.8918737328147528e-11,1.2578806473085249e-10,1.2578806473085249e-10
2398,2.3333333333400001e+00,4.8333333333299997e+00,5.0000000000000003e-02,3.1249999999899999e-03,5.5522669789400000e-11,1.1839461510721604e-11,4.3683208278678397e-11,4.3683208278678397e-11
2399,2.4166666666699999e+00,4.9166666666700003e+00,5.0000000000000003e-02,3.1249999999899999e-03,2.4057332528199999e-11,3.7081280942864846e-12,2.0349204433913516e-11,2.0349204433913516e-11
2400,2.5833333333300001e+00,-4.9166666666700003e+00,5.0000000000000003e-02,3.1250000000100000e-03,1.0586649534999999e-11,1.8172762433032083e-12,8.7693732916967910e-12,8.7693732916967910e-12
2401,2.6666666666599999e+00,-4.8333333333299997e+00,5.0000000000000003e-02,3.1250000000100000e-03,1.5208179847100001e-11,2.8429669949853240e-12,1.2365212852114677e-11,1.2365212852114677e-11
2402,2.6666666666599999e+00,-4.6666666666700003e+00,5.0000000000000003e-02,3.1250000000100000e-03,6.3544219413700005e-11,1.4147942916022368e-11,4.9396276497677637e-11,4.9396276497677637e-11
2403,2.5833333333300001e+00,-4.5833333333299997e+00,5.0000000000000003e-02,3.1250000000100000e-03,1.6837108400299999e-10,4.5006802798621029e-11,1.2336428120437897e-10,1.2336428120437897e-10
2404,2.5833333333300001e+00,-4.4166666666700003e+00,5.0000000000000003e-02,3.1250000000100000e-03,5.4129495514300003e-10,2.0236557053158621e-10,3.3892938461141385e-10,3.3892938461141385e-10
2405,2.6666666666599999e+00,-4.3333333333299997e+00,5.0000000000000003e-02,3.1250000000100000e-03,8.3140205308699997e-10,2.8604022808408759e-10,5.4536182500291233e-10,5.4536182500291233e-10
2406,2.6666666666599999e+00,-4.1666666666700003e+00,5.0000000000000003e-02,3.1250000000100000e-03,3.2176117426400002e-09,1.1624518836254732e-09,2.0551598590145272e-09,2.0551598590145272e-09
2407,2.5833333333300001e+00,-4.0833333333299997e+00,5.0000000000000003e-02,3.1250000000100000e-03,7.9005403897600001e-09,3.3423548257861450e-09,4.5581855639738555e-09,4.5581855639738555e-09
2408,2.5833333333300001e+00,-3.9166666666699999e+00,5.0000000000000003e-02,3.1250000000100000e-03,2.2283641193000002e-08,1.2282084588068021e-08,1.0001556604931980e-08,1.0001556604931980e-08
2409,2.6666666666599999e+00,-3.8333333333300001e+00,5.0000000000000003e-02,3.1250000000100000e-03,3.0220354149500001e-08,1.5697785580375647e-08,1.4522568569124354e-08,1.4522568569124354e-08
2410,2.6666666666599999e+00,-3.6666666666699999e+00,5.0000000000000003e-02,3.1250000000000002e-03,1.0173158950200000e-07,5.2185450756095124e-08,4.9546138745904873e-08,4.9546138745904873e-08
2411,2.5833333333300001e+00,-3.5833333333300001e+00,5.0000000000000003e-02,3.1250000000000002e-03,2.3134980631699999e-07,1.3574499095176576e-07,9.5604815365234233e-08,9.5604815365234233e-08
2412,2.5833333333300001e+00,-3.4166666666699999e+00,5.0000000000000003e-02,3.1250000000000002e-03,5.6871272907000004e-07,4.0850191826819827e-07,1.6021081080180176e-07,1.6021081080180176e-07
2413,2.6666666666599999e+00,-3.3333333333300001e+00,5.0000000000000003e-02,3.1249999999899999e-03,6.8072856026800001e-07,4.7263562406847720e-07,2.0809293619952281e-07,2.0809293619952281e-07
2414,2.6666666666599999e+00,-3.1666666666699999e+00,5.0000000000000003e-02,3.1249999999899999e-03,1.9658577789600001e-06,1.2885025382524536e-06,6.7735524070754644e-07,6.7735524070754644e-07
2415,2.5833333333300001e+00,-3.0833333333300001e+00,5.0000000000000003e-02,3.1249999999899999e-03,4.1497642666900001e-06,3.0363863187418712e-06,1.1133779479481288e-06,1.1133779479481288e-06
2416,2.5833333333300001e+00,-2.9166666666699999e+00,5.0000000000000003e-02,3.1249999999899999e-03,8.8410496329399992e-06,7.5060885202728902e-06,1.3349611126671091e-06,1.3349611126671091e-06
2417,2.6666666666599999e+00,-2.8333333333300001e+00,5.0000000000000003e-02,3.1249999999899999e-03,9.3703797181199996e-06,7.8750886371520343e-06,1.4952910809679653e-06,1.4952910809679653e-06
2418,2.6666666666599999e+00,-2.6666666666699999e+00,5.0000000000000003e-02,3.1249999999899999e-03,2.2869676206900001e-05,1.7673564907140602e-05,5.1961112997593995e-06,5.1961112997593995e-06
2419,2.5833333333300001e+00,-2.5833333333300001e+00,5.0000000000000003e-02,3.1249999999899999e-03,4.4942317554299999e-05,3.7811445708775505e-05,7.1308718455244938e-06,7.1308718455244938e-06
2420,2.5833333333300001e+00,-2.4166666666699999e+00,5.0000000000000003e-02,3.1249999999899999e-03,8.2636477621199995e-05,7.7153753940811798e-05,5.4827236803881973e-06,5.4827236803881973e-06
2421,2.6666666666699999e+00,-2.3333333333300001e+00,5.0000000000000003e-02,3.1249999999899999e-03,7.8173847298799995e-05,7.3601097674572859e-05,4.5727496242271360e-06,4.5727496242271360e-06
2422,2.6666666666699999e+00,-2.1666666666699999e+00,5.0000000000000003e-02,3.1249999999899999e-03,1.5907746512600001e-04,1.3681093887484629e-04,2.2266526251153718e-05,2.2266526251153718e-05
2423,2.5833333333300001e+00,-2.0833333333400001e+00,5.0000000000000003e-02,3.1249999999899999e-03,2.9202331085099998e-04,2.6665509063020449e-04,2.5368220220795489e-05,2.5368220220795489e-05
2424,2.5833333333300001e+00,-1.9166666666700001e+00,5.0000000000000003e-02,3.1249999999899999e-03,4.6282773770999999e-04,4.5266073782219729e-04,1.0166999887802693e-05,1.0166999887802693e-05
2425,2.6666666666699999e+00,-1.8333333333399999e+00,5.0000000000000003e-02,3.1249999999899999e-03,3.9580544469900000e-04,3.9438688975429578e-04,1.4185549447042227e-06,1.4185549447042227e-06
2426,2.6666666666699999e+00,-1.6666666666700001e+00,5.0000000000000003e-02,3.1249999999899999e-03,6.6663269602800000e-04,6.1339575370802566e-04,5.3236942319974346e-05,5.3236942319974346e-05
2427,2.5833333333300001e+00,-1.5833333333399999e+00,5.0000000000000003e-02,3.1249999999899999e-03,1.1477706361300000e-03,1.0954986785299450e-03,5.2271957600055026e-05,5.2271957600055026e-05
2428,2.5833333333300001e+00,-1.4166666666700001e+00,5.0000000000000003e-02,3.1249999999899999e-03,1.5748656624999999e-03,1.5676712413030132e-03,7.1944211969866573e-06,7.1944211969866573e-06
2429,2.6666666666699999e+00,-1.3333333333399999e+00,5.0000000000000003e-02,3.1249999999899999e-03,1.2373989637900001e-03,1.2568609204327891e-03,-1.9461956642788988e-05,1.9461956642788988e-05
2430,2.6666666666699999e+00,-1.1666666666700001e+00,5.0000000000000003e-02,3.1249999999899999e-03,1.7343334272200001e-03,1.6638029080546500e-03,7.0530519165350105e-05,7.0530519165350105e-05
2431,2.5833333333300001e+00,-1.0833333333399999e+00,5.0000000000000003e-02,3.1249999999899999e-03,2.8163636642500002e-03,2.7492179485676177e-03,6.7145715682382506e-05,6.7145715682382506e-05
2432,2.5833333333300001e+00,-9.1666666667100005e-01,5.0000000000000003e-02,3.1250000000000002e-03,3.3931136260399999e-03,3.3893407858638894e-03,3.7728401761105181e-06,3.7728401761105181e-06
2433,2.6666666666699999e+00,-8.3333333333799997e-01,5.0000000000000003e-02,3.1250000000000002e-03,2.4945227425199998e-03,2.5310274210153315e-03,-3.6504678495331670e-05,3.6504678495331670e-05
2434,2.6666666666699999e+00,-6.6666666667100005e-01,5.0000000000000003e-02,3.1250000000000002e-03,2.9792429903499999e-03,2.9289867880500325e-03,5.0256202299967401e-05,5.0256202299967401e-05
2435,2.5833333333300001e+00,-5.8333333333699999e-01,5.0000000000000003e-02,3.1250000000000002e-03,4.6020912536299998e-03,4.5432099774933366e-03,5.8881276136663226e-05,5.8881276136663226e-05
2436,2.5833333333300001e+00,-4.1666666667000002e-01,5.0000000000000003e-02,3.1250000000000002e-03,4.9918291099299997e-03,4.9763128316057991e-03,1.5516278324200633e-05,1.5516278324200633e-05
2437,2.6666666666699999e+00,-3.3333333333699999e-01,5.0000000000000003e-02,3.1250000000000002e-03,3.4952833161400001e-03,3.5169446003191994e-03,-2.1661284179199346e-05,2.1661284179199346e-05
2438,2.6666666666699999e+00,-1.6666666666999999e-01,5.0000000000000003e-02,3.1250000000000002e-03,3.6852760746700001e-03,3.6727792343239731e-03,1.2496840346027001e-05,1.2496840346027001e-05
2439,2.5833333333300001e+00,-8.3333333336599993e-02,5.0000000000000003e-02,3.1250000000000002e-03,5.4675868820499999e-03,5.4297697585558901e-03,3.7817123494109789e-05,3.7817123494109789e-05
2440,2.5833333333300001e+00,8.3333333330300005e-02,5.0000000000000003e-02,3.1250000000000002e-03,5.4675868820499999e-03,5.4297697585588027e-03,3.7817123491197188e-05,3.7817123491197188e-05
2441,2.6666666666699999e+00,1.6666666666400001e-01,5.0000000000000003e-02,3.1250000000000002e-03,3.6852760746700001e-03,3.6727792343277496e-03,1.2496840342250508e-05,1.2496840342250508e-05
2442,2.6666666666699999e+00,3.3333333332999998e-01,5.0000000000000003e-02,3.1250000000000002e-03,3.4952833161400001e-03,3.5169446003278379e-03,-2.1661284187837835e-05,2.1661284187837835e-05
2443,2.5833333333300001e+00,4.1666666666399998e-01,5.0000000000000003e-02,3.1250000000000002e-03,4.9918291099500002e-03,4.9763128316191139e-03,1.5516278330886257e-05,1.5516278330886257e-05
2444,2.5833333333300001e+00,5.8333333333100001e-01,5.0000000000000003e-02,3.1250000000000002e-03,4.6020912536399996e-03,4.5432099775110550e-03,5.8881276128944574e-05,5.8881276128944574e-05
2445,2.6666666666699999e+00,6.6666666666399998e-01,5.0000000000000003e-02,3.1250000000000002e-03,2.9792429903600002e-03,2.9289867880656116e-03,5.0256202294388531e-05,5.0256202294388531e-05
2446,2.6666666666699999e+00,8.3333333333100001e-01,5.0000000000000003e-02,3.1250000000000002e-03,2.4945227425399999e-03,2.5310274210329827e-03,-3.6504678492982855e-05,3.6504678492982855e-05
2447,2.5833333333300001e+00,9.1666666666499996e-01,5.0000000000000003e-02,3.1250000000000002e-03,3.3931136260600000e-03,3.3893407858867253e-03,3.7728401732746789e-06,3.7728401732746789e-06
2448,2.5833333333300001e+00,1.0833333333299999e+00,5.0000000000000003e-02,3.1250000000000002e-03,2.8163636642699998e-03,2.7492179486058995e-03,6.7145715664100256e-05,6.7145715664100256e-05
2449,2.6666666666699999e+00,1.1666666666600001e+00,5.0000000000000003e-02,3.1250000000000002e-03,1.7343334272300001e-03,1.6638029080801883e-03,7.0530519149811753e-05,7.0530519149811753e-05
2450,2.6666666666699999e+00,1.3333333333299999e+00,5.0000000000000003e-02,3.1250000000000002e-03,1.2373989637999999e-03,1.2568609204558392e-03,-1.9461956655839312e-05,1.9461956655839312e-05
2451,2.5833333333300001e+00,1.4166666666600001e+00,5.0000000000000003e-02,3.1250000000000002e-03,1.5748656625099999e-03,1.5676712413342079e-03,7.1944211757920228e-06,7.1944211757920228e-06
2452,2.5833333333300001e+00,1.5833333333299999e+00,5.0000000000000003e-02,3.1250000000000002e-03,1.1477706361400000e-03,1.0954986785552850e-03,5.2271957584715083e-05,5.2271957584715083e-05
2453,2.6666666666699999e+00,1.6666666666600001e+00,5.0000000000000003e-02,3.1250000000000002e-03,6.6663269603300002e-04,6.1339575372323680e-04,5.3236942309763222e-05,5.3236942309763222e-05
2454,2.6666666666699999e+00,1.8333333333299999e+00,5.0000000000000003e-02,3.1250000000000002e-03,3.9580544470099998e-04,3.9438688976542588e-04,1.4185549355741020e-06,1.4185549355741020e-06
2455,2.5833333333300001e+00,1.9166666666600001e+00,5.0000000000000003e-02,3.1249999999899999e-03,4.6282773771299997e-04,4.5266073783576505e-04,1.0166999877234920e-05,1.0166999877234920e-05
2456,2.5833333333300001e+00,2.0833333333300001e+00,5.0000000000000003e-02,3.1249999999899999e-03,2.9202331085300000e-04,2.6665509063914943e-04,2.5368220213850578e-05,2.5368220213850578e-05
2457,2.6666666666699999e+00,2.1666666666599999e+00,5.0000000000000003e-02,3.1249999999899999e-03,1.5907746512600001e-04,1.3681093887968403e-04,2.2266526246315980e-05,2.2266526246315980e-05
2458,2.6666666666699999e+00,2.3333333333300001e+00,5.0000000000000003e-02,3.1249999999899999e-03,7.8173847299000003e-05,7.3601097674572859e-05,4.5727496244271442e-06,4.5727496244271442e-06
2459,2.5833333333300001e+00,2.4166666666599999e+00,5.0000000000000003e-02,3.1249999999899999e-03,8.2636477621400004e-05,7.7153753943968209e-05,5.4827236774317948e-06,5.4827236774317948e-06
2460,2.5833333333300001e+00,2.5833333333300001e+00,5.0000000000000003e-02,3.1249999999899999e-03,4.4942317554299999e-05,3.7811445708775505e-05,7.1308718455244938e-06,7.1308718455244938e-06
2461,2.6666666666699999e+00,2.6666666666599999e+00,5.0000000000000003e-02,3.1249999999899999e-03,2.2869676206900001e-05,1.7673564907140602e-05,5.1961112997593995e-06,5.1961112997593995e-06
2462,2.6666666666699999e+00,2.8333333333300001e+00,5.0000000000000003e-02,3.1249999999899999e-03,9.3703797180999995e-06,7.8750886367851725e-06,1.4952910813148269e-06,1.4952910813148269e-06
2463,2.5833333333300001e+00,2.9166666666599999e+00,5.0000000000000003e-02,3.1249999999899999e-03,8.8410496329000006e-06,7.5060885206661184e-06,1.3349611122338822e-06,1.3349611122338822e-06
2464,2.5833333333300001e+00,3.0833333333300001e+00,5.0000000000000003e-02,3.1249999999899999e-03,4.1497642666699999e-06,3.0363863187418712e-06,1.1133779479281287e-06,1.1133779479281287e-06
2465,2.6666666666699999e+00,3.1666666666699999e+00,5.0000000000000003e-02,3.1249999999899999e-03,1.9658577789500000e-06,1.2885025381924287e-06,6.7735524075757136e-07,6.7735524075757136e-07
2466,2.6666666666699999e+00,3.3333333333300001e+00,5.0000000000000003e-02,3.1249999999899999e-03,6.8072856026100002e-07,4.7263562404645948e-07,2.0809293621454054e-07,2.0809293621454054e-07
2467,2.5833333333300001e+00,3.4166666666699999e+00,5.0000000000000003e-02,3.1249999999899999e-03,5.6871272906399997e-07,4.0850191826819827e-07,1.6021081079580170e-07,1.6021081079580170e-07
2468,2.5833333333300001e+00,3.5833333333300001e+00,5.0000000000000003e-02,3.1249999999899999e-03,2.3134980631300001e-07,1.3574499095176576e-07,9.5604815361234252e-08,9.5604815361234252e-08
2469,2.6666666666699999e+00,3.6666666666699999e+00,5.0000000000000003e-02,3.1249999999899999e-03,1.0173158949999999e-07,5.2185450753664067e-08,4.9546138746335927e-08,4.9546138746335927e-08
2470,2.6666666666699999e+00,3.8333333333300001e+00,5.0000000000000003e-02,3.1250000000000002e-03,3.0220354148899997e-08,1.5697785579644366e-08,1.4522568569255631e-08,1.4522568569255631e-08
2471,2.5833333333300001e+00,3.9166666666699999e+00,5.0000000000000003e-02,3.1249999999899999e-03,2.2283641192500001e-08,1.2282084588068021e-08,1.0001556604431979e-08,1.0001556604431979e-08
2472,2.5833333333400001e+00,4.0833333333299997e+00,5.0000000000000003e-02,3.1250000000000002e-03,7.9005403896099992e-09,3.3423548256367881e-09,4.5581855639732111e-09,4.5581855639732111e-09
2473,2.6666666666699999e+00,4.1666666666700003e+00,5.0000000000000003e-02,3.1249999999899999e-03,3.2176117425700000e-09,1.1624518835713204e-09,2.0551598589986796e-09,2.0551598589986796e-09
2474,2.6666666666699999e+00,4.3333333333299997e+00,5.0000000000000003e-02,3.1249999999899999e-03,8.3140205306900000e-10,2.8604022807076238e-10,5.4536182499823762e-10,5.4536182499823762e-10
2475,2.5833333333400001e+00,4.4166666666700003e+00,5.0000000000000003e-02,3.1249999999899999e-03,5.4129495513100002e-10,2.0236557052254324e-10,3.3892938460845678e-10,3.3892938460845678e-10
2476,2.5833333333400001e+00,4.5833333333299997e+00,5.0000000000000003e-02,3.1249999999899999e-03,1.6837108399900000e-10,4.5006802796609843e-11,1.2336428120239017e-10,1.2336428120239017e-10
2477,2.6666666666699999e+00,4.6666666666700003e+00,5.0000000000000003e-02,3.1249999999899999e-03,6.3544219412200003e-11,1.4147942915363286e-11,4.9396276496836717e-11,4.9396276496836717e-11
2478,2.6666666666699999e+00,4.8333333333299997e+00,5.0000000000000003e-02,3.1249999999899999e-03,1.5208179846700001e-11,2.8429669948528842e-12,1.2365212851847116e-11,1.2365212851847116e-11
2479,2.5833333333400001e+00,4.9166666666700003e+00,5.0000000000000003e-02,3.1249999999899999e-03,1.0586649534699999e-11,1.8172762432220010e-12,8.7693732914779985e-12,8.7693732914779985e-12
2480,2.9166666666599999e+00,-4.9166666666700003e+00,5.0000000000000003e-02,3.1250000000100000e-03,3.0601337468100001e-12,3.6075416036186260e-13,2.6993795864481376e-12,2.6993795864481376e-12
2481,2.8333333333300001e+00,-4.8333333333299997e+00,5.0000000000000003e-02,3.1250000000100000e-03,7.4548788457299995e-12,1.2667855746476253e-12,6.1880932710823745e-12,6.1880932710823745e-12
2482,2.8333333333300001e+00,-4.6666666666700003e+00,5.0000000000000003e-02,3.1250000000100000e-03,2.4405214145900000e-11,6.3041217251443032e-12,1.8101092420755698e-11,1.8101092420755698e-11
2483,2.9166666666599999e+00,-4.5833333333299997e+00,5.0000000000000003e-02,3.1250000000100000e-03,3.7952936704899999e-11,8.9344651997849581e-12,2.9018471505115039e-11,2.9018471505115039e-11
2484,2.9166666666599999e+00,-4.4166666666700003e+00,5.0000000000000003e-02,3.1250000000100000e-03,1.5947302642499999e-10,4.0172330295021129e-11,1.1930069612997885e-10,1.1930069612997885e-10
2485,2.8333333333300001e+00,-4.3333333333299997e+00,5.0000000000000003e-02,3.1250000000100000e-03,4.1782799086000002e-10,1.2745544895350053e-10,2.9037254190649947e-10,2.9037254190649947e-10
2486,2.8333333333300001e+00,-4.1666666666700003e+00,5.0000000000000003e-02,3.1250000000100000e-03,1.2502187595700000e-09,5.1797199193524632e-10,7.3224676763475367e-10,7.3224676763475367e-10
2487,2.9166666666599999e+00,-4.0833333333299997e+00,5.0000000000000003e-02,3.1250000000100000e-03,1.7149815086600000e-09,6.6350309329758885e-10,1.0514784153624112e-09,1.0514784153624112e-09
2488,2.9166666666599999e+00,-3.9166666666699999e+00,5.0000000000000003e-02,3.1250000000100000e-03,6.3038421963500001e-09,2.4381615780152920e-09,3.8656806183347085e-09,3.8656806183347085e-09
2489,2.8333333333300001e+00,-3.8333333333300001e+00,5.0000000000000003e-02,3.1250000000100000e-03,1.5318658744800001e-08,6.9947095278304578e-09,8.3239492169695434e-09,8.3239492169695434e-09
2490,2.8333333333300001e+00,-3.6666666666699999e+00,5.0000000000000003e-02,3.1250000000000002e-03,4.0098150330799997e-08,2.3253093103406424e-08,1.6845057227393573e-08,1.6845057227393573e-08
2491,2.9166666666599999e+00,-3.5833333333300001e+00,5.0000000000000003e-02,3.1250000000000002e-03,4.8346644751800002e-08,2.6947235135325691e-08,2.1399409616474311e-08,2.1399409616474311e-08
2492,2.9166666666599999e+00,-3.4166666666699999e+00,5.0000000000000003e-02,3.1249999999899999e-03,1.5327514662300001e-07,8.1093211378357264e-08,7.2181935244642749e-08,7.2181935244642749e-08
2493,2.8333333333300001e+00,-3.3333333333300001e+00,5.0000000000000003e-02,3.1249999999899999e-03,3.4623068750000000e-07,2.1059969802344318e-07,1.3563098947655682e-07,1.3563098947655682e-07
2494,2.8333333333300001e+00,-3.1666666666699999e+00,5.0000000000000003e-02,3.1249999999899999e-03,7.8846132465500004e-07,5.7413836714748229e-07,2.1432295750751775e-07,2.1432295750751775e-07
2495,2.9166666666599999e+00,-3.0833333333300001e+00,5.0000000000000003e-02,3.1249999999899999e-03,8.3779635891600003e-07,6.0276416477052226e-07,2.3503219414547778e-07,2.3503219414547778e-07
2496,2.9166666666599999e+00,-2.9166666666699999e+00,5.0000000000000003e-02,3.1249999999899999e-03,2.2563819333400000e-06,1.4900611130044158e-06,7.6632082033558419e-07,7.6632082033558419e-07
2497,2.8333333333300001e+00,-2.8333333333300001e+00,5.0000000000000003e-02,3.1249999999899999e-03,4.7518002620699999e-06,3.5090272599760247e-06,1.2427730020939752e-06,1.2427730020939752e-06
2498,2.8333333333300001e+00,-2.6666666666699999e+00,5.0000000000000003e-02,3.1249999999899999e-03,9.3703797180999995e-06,7.8750886367851725e-06,1.4952910813148269e-06,1.4952910813148269e-06
2499,2.9166666666599999e+00,-2.5833333333300001e+00,5.0000000000000003e-02,3.1249999999899999e-03,8.8410496329000006e-06,7.5060885206661184e-06,1.3349611122338822e-06,1.3349611122338822e-06
2500,2.9166666666699999e+00,-2.4166666666699999e+00,5.0000000000000003e-02,3.1249999999899999e-03,1.9927436028399998e-05,1.5316074164725217e-05,4.6113618636747810e-06,4.6113618636747810e-06
2501,2.8333333333300001e+00,-2.3333333333300001e+00,5.0000000000000003e-02,3.1249999999899999e-03,3.9255211815999998e-05,3.2795600153354761e-05,6.4596116626452368e-06,6.4596116626452368e-06
2502,2.8333333333300001e+00,-2.1666666666699999e+00,5.0000000000000003e-02,3.1249999999899999e-03,6.6839584269900000e-05,6.0961004519020684e-05,5.8785797508793163e-06,5.8785797508793163e-06
2503,2.9166666666699999e+00,-2.0833333333400001e+00,5.0000000000000003e-02,3.1249999999899999e-03,5.6697092692299999e-05,5.2934678299993611e-05,3.7624143923063874e-06,3.7624143923063874e-06
2504,2.9166666666699999e+00,-1.9166666666700001e+00,5.0000000000000003e-02,3.1249999999899999e-03,1.0578181896000000e-04,8.9859340314958934e-05,1.5922478645041070e-05,1.5922478645041070e-05
2505,2.8333333333300001e+00,-1.8333333333399999e+00,5.0000000000000003e-02,3.1249999999899999e-03,1.9561813431600000e-04,1.7573317723188636e-04,1.9884957084113637e-05,1.9884957084113637e-05
2506,2.8333333333300001e+00,-1.6666666666700001e+00,5.0000000000000003e-02,3.1249999999899999e-03,2.8783833054100001e-04,2.7332040567275187e-04,1.4517924868248145e-05,1.4517924868248145e-05
2507,2.9166666666699999e+00,-1.5833333333399999e+00,5.0000000000000003e-02,3.1249999999899999e-03,2.2298511965700000e-04,2.1747145343821962e-04,5.5136662187803785e-06,5.5136662187803785e-06
2508,2.9166666666699999e+00,-1.4166666666700001e+00,5.0000000000000003e-02,3.1249999999899999e-03,3.4385845907599998e-04,3.1120415755950655e-04,3.2654301516493430e-05,3.2654301516493430e-05
2509,2.8333333333300001e+00,-1.3333333333399999e+00,5.0000000000000003e-02,3.1249999999899999e-03,5.9956366428100000e-04,5.6003931323338652e-04,3.9524351047613487e-05,3.9524351047613487e-05
2510,2.8333333333300001e+00,-1.1666666666700001e+00,5.0000000000000003e-02,3.1249999999899999e-03,7.6874400479599999e-04,7.4136686313851024e-04,2.7377141657489753e-05,2.7377141657489753e-05
2511,2.9166666666699999e+00,-1.0833333333399999e+00,5.0000000000000003e-02,3.1249999999899999e-03,5.5350444380200005e-04,5.4575732021487568e-04,7.7471235871243724e-06,7.7471235871243724e-06
2512,2.9166666666699999e+00,-9.1666666667100005e-01,5.0000000000000003e-02,3.1250000000000002e-03,7.1578633780600002e-04,6.7283044821957736e-04,4.2955889586422658e-05,4.2955889586422658e-05
2513,2.8333333333300001e+00,-8.3333333333799997e-01,5.0000000000000003e-02,3.1250000000000002e-03,1.1845338515700000e-03,1.1277897463405899e-03,5.6744105229410103e-05,5.6744105229410103e-05
2514,2.8333333333300001e+00,-6.6666666667100005e-01,5.0000000000000003e-02,3.1250000000000002e-03,1.3495378263200001e-03,1.3051147685333104e-03,4.4423057786689745e-05,4.4423057786689745e-05
2515,2.9166666666699999e+00,-5.8333333333799997e-01,5.0000000000000003e-02,3.1250000000000002e-03,9.1953214115300002e-04,9.0188924591463827e-04,1.7642895238361746e-05,1.7642895238361746e-05
2516,2.9166666666699999e+00,-4.1666666667100000e-01,5.0000000000000003e-02,3.1250000000000002e-03,1.0294239011599999e-03,9.8786607913056560e-04,4.1557822029434331e-05,4.1557822029434331e-05
2517,2.8333333333300001e+00,-3.3333333333699999e-01,5.0000000000000003e-02,3.1250000000000002e-03,1.6316840670800000e-03,1.5671003900450716e-03,6.4583677034928339e-05,6.4583677034928339e-05
2518,2.8333333333300001e+00,-1.6666666666999999e-01,5.0000000000000003e-02,3.1250000000000002e-03,1.6963438379500001e-03,1.6365380819863230e-03,5.9805755963677088e-05,5.9805755963677088e-05
2519,2.9166666666699999e+00,-8.3333333337000007e-02,5.0000000000000003e-02,3.1250000000000002e-03,1.1098980324900001e-03,1.0778834738646586e-03,3.2014558625341428e-05,3.2014558625341428e-05
2520,2.9166666666699999e+00,8.3333333329900006e-02,5.0000000000000003e-02,3.1250000000000002e-03,1.1098980324900001e-03,1.0778834738653105e-03,3.2014558624689606e-05,3.2014558624689606e-05
2521,2.8333333333300001e+00,1.6666666666300001e-01,5.0000000000000003e-02,3.1250000000000002e-03,1.6963438379500001e-03,1.6365380819882863e-03,5.9805755961713815e-05,5.9805755961713815e-05
2522,2.8333333333300001e+00,3.3333333332999998e-01,5.0000000000000003e-02,3.1250000000000002e-03,1.6316840670800000e-03,1.5671003900489208e-03,6.4583677031079204e-05,6.4583677031079204e-05
2523,2.9166666666699999e+00,4.1666666666399998e-01,5.0000000000000003e-02,3.1250000000000002e-03,1.0294239011599999e-03,9.8786607913364951e-04,4.1557822026350427e-05,4.1557822026350427e-05
2524,2.9166666666699999e+00,5.8333333333000004e-01,5.0000000000000003e-02,3.1250000000000002e-03,9.1953214115699997e-04,9.0188924591932810e-04,1.7642895237671868e-05,1.7642895237671868e-05
2525,2.8333333333300001e+00,6.6666666666399998e-01,5.0000000000000003e-02,3.1250000000000002e-03,1.3495378263200001e-03,1.3051147685402523e-03,4.4423057779747815e-05,4.4423057779747815e-05
2526,2.8333333333300001e+00,8.3333333333100001e-01,5.0000000000000003e-02,3.1250000000000002e-03,1.1845338515800001e-03,1.1277897463484552e-03,5.6744105231544897e-05,5.6744105231544897e-05
2527,2.9166666666699999e+00,9.1666666666399998e-01,5.0000000000000003e-02,3.1250000000000002e-03,7.1578633781100003e-04,6.7283044822486610e-04,4.2955889586133934e-05,4.2955889586133934e-05
2528,2.9166666666699999e+00,1.0833333333299999e+00,5.0000000000000003e-02,3.1250000000000002e-03,5.5350444380699996e-04,5.4575732022247518e-04,7.7471235845247809e-06,7.7471235845247809e-06
2529,2.8333333333300001e+00,1.1666666666600001e+00,5.0000000000000003e-02,3.1250000000000002e-03,7.6874400480199997e-04,7.4136686314988981e-04,2.7377141652110159e-05,2.7377141652110159e-05
2530,2.8333333333300001e+00,1.3333333333299999e+00,5.0000000000000003e-02,3.1250000000000002e-03,5.9956366428600002e-04,5.6003931324365738e-04,3.9524351042342638e-05,3.9524351042342638e-05
2531,2.9166666666699999e+00,1.4166666666600001e+00,5.0000000000000003e-02,3.1250000000000002e-03,3.4385845907999998e-04,3.1120415756569913e-04,3.2654301514300848e-05,3.2654301514300848e-05
2532,2.9166666666699999e+00,1.5833333333299999e+00,5.0000000000000003e-02,3.1250000000000002e-03,2.2298511965900000e-04,2.1747145344324997e-04,5.5136662157500335e-06,5.5136662157500335e-06
2533,2.8333333333300001e+00,1.6666666666600001e+00,5.0000000000000003e-02,3.1250000000000002e-03,2.8783833054299999e-04,2.7332040567952976e-04,1.4517924863470229e-05,1.4517924863470229e-05
2534,2.8333333333300001e+00,1.8333333333299999e+00,5.0000000000000003e-02,3.1250000000000002e-03,1.9561813431800000e-04,1.7573317723684577e-04,1.9884957081154226e-05,1.9884957081154226e-05
2535,2.9166666666699999e+00,1.9166666666600001e+00,5.0000000000000003e-02,3.1250000000000002e-03,1.0578181896100000e-04,8.9859340317652322e-05,1.5922478643347682e-05,1.5922478643347682e-05
2536,2.9166666666699999e+00,2.0833333333300001e+00,5.0000000000000003e-02,3.1250000000000002e-03,5.6697092692700001e-05,5.2934678301769297e-05,3.7624143909307042e-06,3.7624143909307042e-06
2537,2.8333333333300001e+00,2.1666666666599999e+00,5.0000000000000003e-02,3.1249999999899999e-03,6.6839584270399994e-05,6.0961004521176308e-05,5.8785797492236854e-06,5.8785797492236854e-06
2538,2.8333333333300001e+00,2.3333333333300001e+00,5.0000000000000003e-02,3.1249999999899999e-03,3.9255211816199999e-05,3.2795600153354761e-05,6.4596116628452382e-06,6.4596116628452382e-06
2539,2.9166666666699999e+00,2.4166666666599999e+00,5.0000000000000003e-02,3.1249999999899999e-03,1.9927436028499999e-05,1.5316074165351808e-05,4.6113618631481908e-06,4.6113618631481908e-06
2540,2.9166666666699999e+00,2.5833333333300001e+00,5.0000000000000003e-02,3.1249999999899999e-03,8.8410496329399992e-06,7.5060885202728902e-06,1.3349611126671091e-06,1.3349611126671091e-06
2541,2.8333333333300001e+00,2.6666666666599999e+00,5.0000000000000003e-02,3.1249999999899999e-03,9.3703797181199996e-06,7.8750886371520343e-06,1.4952910809679653e-06,1.4952910809679653e-06
2542,2.8333333333300001e+00,2.8333333333300001e+00,5.0000000000000003e-02,3.1249999999899999e-03,4.7518002620699999e-06,3.5090272599760247e-06,1.2427730020939752e-06,1.2427730020939752e-06
2543,2.9166666666699999e+00,2.9166666666599999e+00,5.0000000000000003e-02,3.1249999999899999e-03,2.2563819333400000e-06,1.4900611130044158e-06,7.6632082033558419e-07,7.6632082033558419e-07
2544,2.9166666666699999e+00,3.0833333333300001e+00,5.0000000000000003e-02,3.1249999999899999e-03,8.3779635891399998e-07,6.0276416473894466e-07,2.3503219417505532e-07,2.3503219417505532e-07
2545,2.8333333333300001e+00,3.1666666666599999e+00,5.0000000000000003e-02,3.1249999999899999e-03,7.8846132465100003e-07,5.7413836718086163e-07,2.1432295747013839e-07,2.1432295747013839e-07
2546,2.8333333333300001e+00,3.3333333333300001e+00,5.0000000000000003e-02,3.1249999999899999e-03,3.4623068749700002e-07,2.1059969802344318e-07,1.3563098947355684e-07,1.3563098947355684e-07
2547,2.9166666666699999e+00,3.4166666666699999e+00,5.0000000000000003e-02,3.1249999999899999e-03,1.5327514662100001e-07,8.1093211374108970e-08,7.2181935246891039e-08,7.2181935246891039e-08
2548,2.9166666666699999e+00,3.5833333333300001e+00,5.0000000000000003e-02,3.1249999999899999e-03,4.8346644751300002e-08,2.6947235133913982e-08,2.1399409617386020e-08,2.1399409617386020e-08
2549,2.8333333333300001e+00,3.6666666666699999e+00,5.0000000000000003e-02,3.1249999999899999e-03,4.0098150330300002e-08,2.3253093103406424e-08,1.6845057226893579e-08,1.6845057226893579e-08
2550,2.8333333333300001e+00,3.8333333333300001e+00,5.0000000000000003e-02,3.1250000000000002e-03,1.5318658744599999e-08,6.9947095278304578e-09,8.3239492167695411e-09,8.3239492167695411e-09
2551,2.9166666666699999e+00,3.9166666666699999e+00,5.0000000000000003e-02,3.1249999999899999e-03,6.3038421962499997e-09,2.4381615778875621e-09,3.8656806183624373e-09,3.8656806183624373e-09
2552,2.9166666666699999e+00,4.0833333333299997e+00,5.0000000000000003e-02,3.1250000000000002e-03,1.7149815086300000e-09,6.6350309326282928e-10,1.0514784153671708e-09,1.0514784153671708e-09
2553,2.8333333333300001e+00,4.1666666666700003e+00,5.0000000000000003e-02,3.1249999999899999e-03,1.2502187595500000e-09,5.1797199193524632e-10,7.3224676761475368e-10,7.3224676761475368e-10
2554,2.8333333333300001e+00,4.3333333333299997e+00,5.0000000000000003e-02,3.1249999999899999e-03,4.1782799085200000e-10,1.2745544895350053e-10,2.9037254189849949e-10,2.9037254189849949e-10
2555,2.9166666666699999e+00,4.4166666666700003e+00,5.0000000000000003e-02,3.1249999999899999e-03,1.5947302642199999e-10,4.0172330292916587e-11,1.1930069612908340e-10,1.1930069612908340e-10
2556,2.9166666666699999e+00,4.5833333333299997e+00,5.0000000000000003e-02,3.1249999999899999e-03,3.7952936704099999e-11,8.9344651993168999e-12,2.9018471504783101e-11,2.9018471504783101e-11
2557,2.8333333333300001e+00,4.6666666666700003e+00,5.0000000000000003e-02,3.1249999999899999e-03,2.4405214145400001e-11,6.3041217251443032e-12,1.8101092420255700e-11,1.8101092420255700e-11
2558,2.8333333333300001e+00,4.8333333333299997e+00,5.0000000000000003e-02,3.1249999999899999e-03,7.4548788455599994e-12,1.2667855746476253e-12,6.1880932709123743e-12,6.1880932709123743e-12
2559,2.9166666666699999e+00,4.9166666666700003e+00,5.0000000000000003e-02,3.1249999999899999e-03,3.0601337467400000e-12,3.6075416034296346e-13,2.6993795863970366e-12,2.6993795863970366e-12
2560,3.0833333333300001e+00,-4.9166666666700003e+00,5.0000000000000003e-02,3.1250000000100000e-03,1.1222829164900000e-12,1.4593339712635868e-13,9.7634951936364129e-13,9.7634951936364129e-13
2561,3.1666666666599999e+00,-4.8333333333299997e+00,5.0000000000000003e-02,3.1250000000100000e-03,1.4702475091899999e-12,2.0726832466996180e-13,1.2629791845200381e-12,1.2629791845200381e-12
2562,3.1666666666599999e+00,-4.6666666666700003e+00,5.0000000000000003e-02,3.1250000000100000e-03,6.3470755363200001e-12,1.0314648150691417e-12,5.3156107212508582e-12,5.3156107212508582e-12
2563,3.0833333333300001e+00,-4.5833333333299997e+00,5.0000000000000003e-02,3.1250000000100000e-03,1.7690628745900000e-11,3.6141977040653023e-12,1.4076431041834698e-11,1.4076431041834698e-11
2564,3.0833333333300001e+00,-4.4166666666700003e+00,5.0000000000000003e-02,3.1250000000100000e-03,5.6087974952099998e-11,1.6250636235363358e-11,3.9837338716736636e-11,3.9837338716736636e-11
2565,3.1666666666599999e+00,-4.3333333333299997e+00,5.0000000000000003e-02,3.1250000000100000e-03,7.7808227977300004e-11,2.0853945532177608e-11,5.6954282445122397e-11,5.6954282445122397e-11
2566,3.1666666666599999e+00,-4.1666666666700003e+00,5.0000000000000003e-02,3.1250000000100000e-03,3.1152174796399999e-10,8.4749297073614828e-11,2.2677245089038516e-10,2.2677245089038516e-10
2567,3.0833333333300001e+00,-4.0833333333299997e+00,5.0000000000000003e-02,3.1250000000100000e-03,8.0793325245899995e-10,2.6840233889926503e-10,5.3953091355973497e-10,5.3953091355973497e-10
2568,3.0833333333300001e+00,-3.9166666666699999e+00,5.0000000000000003e-02,3.1250000000100000e-03,2.2499396144400002e-09,9.8629271930178846e-10,1.2636468951382117e-09,1.2636468951382117e-09
2569,3.1666666666599999e+00,-3.8333333333300001e+00,5.0000000000000003e-02,3.1250000000100000e-03,2.7322488634999999e-09,1.1444570844514996e-09,1.5877917790485004e-09,1.5877917790485004e-09
2570,3.1666666666599999e+00,-3.6666666666699999e+00,5.0000000000000003e-02,3.1250000000000002e-03,9.4852014830500005e-09,3.8046136200109020e-09,5.6805878630390985e-09,5.6805878630390985e-09
2571,3.0833333333300001e+00,-3.5833333333300001e+00,5.0000000000000003e-02,3.1250000000000002e-03,2.2897461381000000e-08,1.0900779529517456e-08,1.1996681851482544e-08,1.1996681851482544e-08
2572,3.0833333333300001e+00,-3.4166666666699999e+00,5.0000000000000003e-02,3.1249999999899999e-03,5.5685883281299998e-08,3.2804078568238795e-08,2.2881804713061203e-08,2.2881804713061203e-08
2573,3.1666666666599999e+00,-3.3333333333300001e+00,5.0000000000000003e-02,3.1249999999899999e-03,5.9317411106200001e-08,3.4457802061300700e-08,2.4859609044899301e-08,2.4859609044899301e-08
2574,3.1666666666599999e+00,-3.1666666666699999e+00,5.0000000000000003e-02,3.1249999999899999e-03,1.7588640691399999e-07,9.3939100562072519e-08,8.1947306351927470e-08,8.1947306351927470e-08
2575,3.0833333333300001e+00,-3.0833333333300001e+00,5.0000000000000003e-02,3.1249999999899999e-03,3.9638517913100000e-07,2.4383203825774542e-07,1.5255314087325458e-07,1.5255314087325458e-07
2576,3.0833333333300001e+00,-2.9166666666699999e+00,5.0000000000000003e-02,3.1249999999899999e-03,8.3779635891399998e-07,6.0276416473894466e-07,2.3503219417505532e-07,2.3503219417505532e-07
2577,3.1666666666599999e+00,-2.8333333333300001e+00,5.0000000000000003e-02,3.1249999999899999e-03,7.8846132465100003e-07,5.7413836718086163e-07,2.1432295747013839e-07,2.1432295747013839e-07
2578,3.1666666666699999e+00,-2.6666666666699999e+00,5.0000000000000003e-02,3.1249999999899999e-03,1.9658577789500000e-06,1.2885025381924287e-06,6.7735524075757136e-07,6.7735524075757136e-07
2579,3.0833333333300001e+00,-2.5833333333300001e+00,5.0000000000000003e-02,3.1249999999899999e-03,4.1497642666699999e-06,3.0363863187418712e-06,1.1133779479281287e-06,1.1133779479281287e-06
2580,3.0833333333300001e+00,-2.4166666666699999e+00,5.0000000000000003e-02,3.1249999999899999e-03,7.5933313776900002e-06,6.1957060491629717e-06,1.3976253285270285e-06,1.3976253285270285e-06
2581,3.1666666666699999e+00,-2.3333333333400001e+00,5.0000000000000003e-02,3.1249999999899999e-03,6.3913861575899999e-06,5.3659350372394203e-06,1.0254511203505796e-06,1.0254511203505796e-06
2582,3.1666666666699999e+00,-2.1666666666699999e+00,5.0000000000000003e-02,3.1249999999899999e-03,1.3221660742600000e-05,9.9742888843958306e-06,3.2473718582041695e-06,3.2473718582041695e-06
2583,3.0833333333300001e+00,-2.0833333333400001e+00,5.0000000000000003e-02,3.1249999999899999e-03,2.6229946498199999e-05,2.1413301021296685e-05,4.8166454769033140e-06,4.8166454769033140e-06
2584,3.0833333333300001e+00,-1.9166666666700001e+00,5.0000000000000003e-02,3.1249999999899999e-03,4.1482617357500001e-05,3.6350180364458533e-05,5.1324369930414682e-06,5.1324369930414682e-06
2585,3.1666666666699999e+00,-1.8333333333399999e+00,5.0000000000000003e-02,3.1249999999899999e-03,3.1714846910100001e-05,2.8753028105641936e-05,2.9618188044580646e-06,2.9618188044580646e-06
2586,3.1666666666699999e+00,-1.6666666666700001e+00,5.0000000000000003e-02,3.1249999999899999e-03,5.4071116437799999e-05,4.4720009220479346e-05,9.3511072173206532e-06,9.3511072173206532e-06
2587,3.0833333333300001e+00,-1.5833333333399999e+00,5.0000000000000003e-02,3.1249999999899999e-03,1.0118208944700000e-04,8.7972230030763511e-05,1.3209859416236488e-05,1.3209859416236488e-05
2588,3.0833333333300001e+00,-1.4166666666700001e+00,5.0000000000000003e-02,3.1249999999899999e-03,1.3879023269300000e-04,1.2588927559235892e-04,1.2900957100641080e-05,1.2900957100641080e-05
2589,3.1666666666699999e+00,-1.3333333333399999e+00,5.0000000000000003e-02,3.1249999999899999e-03,9.8031304772500000e-05,9.1632248203284348e-05,6.3990565692156518e-06,6.3990565692156518e-06
2590,3.1666666666699999e+00,-1.1666666666700001e+00,5.0000000000000003e-02,3.1249999999899999e-03,1.3858426120600000e-04,1.2130061373832230e-04,1.7283647467677702e-05,1.7283647467677702e-05
2591,3.0833333333300001e+00,-1.0833333333399999e+00,5.0000000000000003e-02,3.1249999999899999e-03,2.4584273456200001e-04,2.2077145186577532e-04,2.5071282696224683e-05,2.5071282696224683e-05
2592,3.0833333333300001e+00,-9.1666666667200003e-01,5.0000000000000003e-02,3.1250000000000002e-03,2.9636751457700001e-04,2.7217546959202628e-04,2.4192044984973728e-05,2.4192044984973728e-05
2593,3.1666666666699999e+00,-8.3333333333799997e-01,5.0000000000000003e-02,3.1250000000000002e-03,1.9682822038400000e-04,1.8452617078103966e-04,1.2302049602960335e-05,1.2302049602960335e-05
2594,3.1666666666699999e+00,-6.6666666667100005e-01,5.0000000000000003e-02,3.1250000000000002e-03,2.3632034448199999e-04,2.1353965262467035e-04,2.2780691857329641e-05,2.2780691857329641e-05
2595,3.0833333333300001e+00,-5.8333333333799997e-01,5.0000000000000003e-02,3.1250000000000002e-03,4.0044873126700000e-04,3.6483504823042918e-04,3.5613683036570811e-05,3.5613683036570811e-05
2596,3.0833333333300001e+00,-4.1666666667100000e-01,5.0000000000000003e-02,3.1250000000000002e-03,4.3464605742700002e-04,3.9961466472449399e-04,3.5031392702506022e-05,3.5031392702506022e-05
2597,3.1666666666699999e+00,-3.3333333333800003e-01,5.0000000000000003e-02,3.1250000000000002e-03,2.7590476518700002e-04,2.5640509247639522e-04,1.9499672710604802e-05,1.9499672710604802e-05
2598,3.1666666666699999e+00,-1.6666666667100000e-01,5.0000000000000003e-02,3.1250000000000002e-03,2.9143727936999997e-04,2.6776631600535324e-04,2.3670963364646731e-05,2.3670963364646731e-05
2599,3.0833333333300001e+00,-8.3333333337200000e-02,5.0000000000000003e-02,3.1250000000000002e-03,4.7572881007300002e-04,4.3602878175510339e-04,3.9700028317896628e-05,3.9700028317896628e-05
2600,3.0833333333300001e+00,8.3333333329599996e-02,5.0000000000000003e-02,3.1250000000000002e-03,4.7572881007300002e-04,4.3602878175538556e-04,3.9700028317614464e-05,3.9700028317614464e-05
2601,3.1666666666699999e+00,1.6666666666300001e-01,5.0000000000000003e-02,3.1250000000000002e-03,2.9143727936999997e-04,2.6776631600572035e-04,2.3670963364279621e-05,2.3670963364279621e-05
2602,3.1666666666699999e+00,3.3333333332999998e-01,5.0000000000000003e-02,3.1250000000000002e-03,2.7590476518799998e-04,2.5640509247711496e-04,1.9499672710885014e-05,1.9499672710885014e-05
2603,3.0833333333300001e+00,4.1666666666300001e-01,5.0000000000000003e-02,3.1250000000000002e-03,4.3464605742899999e-04,3.9961466472591977e-04,3.5031392703080216e-05,3.5031392703080216e-05
2604,3.0833333333300001e+00,5.8333333333000004e-01,5.0000000000000003e-02,3.1250000000000002e-03,4.0044873126900002e-04,3.6483504823232632e-04,3.5613683036673702e-05,3.5613683036673702e-05
2605,3.1666666666699999e+00,6.6666666666399998e-01,5.0000000000000003e-02,3.1250000000000002e-03,2.3632034448399999e-04,2.1353965262580616e-04,2.2780691858193832e-05,2.2780691858193832e-05
2606,3.1666666666699999e+00,8.3333333333000004e-01,5.0000000000000003e-02,3.1250000000000002e-03,1.9682822038600000e-04,1.8452617078251038e-04,1.2302049603489615e-05,1.2302049603489615e-05
2607,3.0833333333300001e+00,9.1666666666399998e-01,5.0000000000000003e-02,3.1250000000000002e-03,2.9636751457999999e-04,2.7217546959447137e-04,2.4192044985528623e-05,2.4192044985528623e-05
2608,3.0833333333300001e+00,1.0833333333299999e+00,5.0000000000000003e-02,3.1250000000000002e-03,2.4584273456499999e-04,2.2077145186884947e-04,2.5071282696150524e-05,2.5071282696150524e-05
2609,3.1666666666699999e+00,1.1666666666600001e+00,5.0000000000000003e-02,3.1250000000000002e-03,1.3858426120700001e-04,1.2130061374018420e-04,1.7283647466815816e-05,1.7283647466815816e-05
2610,3.1666666666699999e+00,1.3333333333299999e+00,5.0000000000000003e-02,3.1250000000000002e-03,9.8031304773600004e-05,9.1632248204964848e-05,6.3990565686351564e-06,6.3990565686351564e-06
2611,3.0833333333300001e+00,1.4166666666600001e+00,5.0000000000000003e-02,3.1250000000000002e-03,1.3879023269399999e-04,1.2588927559486395e-04,1.2900957099136045e-05,1.2900957099136045e-05
2612,3.0833333333300001e+00,1.5833333333299999e+00,5.0000000000000003e-02,3.1250000000000002e-03,1.0118208944800000e-04,8.7972230032798396e-05,1.3209859415201603e-05,1.3209859415201603e-05
2613,3.1666666666699999e+00,1.6666666666600001e+00,5.0000000000000003e-02,3.1250000000000002e-03,5.4071116438400003e-05,4.4720009221588329e-05,9.3511072168116745e-06,9.3511072168116745e-06
2614,3.1666666666699999e+00,1.8333333333299999e+00,5.0000000000000003e-02,3.1250000000000002e-03,3.1714846910400000e-05,2.8753028106453380e-05,2.9618188039466193e-06,2.9618188039466193e-06
2615,3.0833333333300001e+00,1.9166666666600001e+00,5.0000000000000003e-02,3.1250000000000002e-03,4.1482617357899997e-05,3.6350180365548061e-05,5.1324369923519360e-06,5.1324369923519360e-06
2616,3.0833333333300001e+00,2.0833333333300001e+00,5.0000000000000003e-02,3.1250000000000002e-03,2.6229946498400000e-05,2.1413301022014993e-05,4.8166454763850078e-06,4.8166454763850078e-06
2617,3.1666666666699999e+00,2.1666666666599999e+00,5.0000000000000003e-02,3.1250000000000002e-03,1.3221660742800000e-05,9.9742888847485284e-06,3.2473718580514715e-06,3.2473718580514715e-06
2618,3.1666666666699999e+00,2.3333333333300001e+00,5.0000000000000003e-02,3.1250000000000002e-03,6.3913861576500004e-06,5.3659350374489458e-06,1.0254511202010546e-06,1.0254511202010546e-06
2619,3.0833333333300001e+00,2.4166666666599999e+00,5.0000000000000003e-02,3.1249999999899999e-03,7.5933313777499998e-06,6.1957060494164421e-06,1.3976253283335577e-06,1.3976253283335577e-06
2620,3.0833333333300001e+00,2.5833333333300001e+00,5.0000000000000003e-02,3.1249999999899999e-03,4.1497642666900001e-06,3.0363863187418712e-06,1.1133779479481288e-06,1.1133779479481288e-06
2621,3.1666666666699999e+00,2.6666666666599999e+00,5.0000000000000003e-02,3.1249999999899999e-03,1.9658577789600001e-06,1.2885025382524536e-06,6.7735524070754644e-07,6.7735524070754644e-07
2622,3.1666666666699999e+00,2.8333333333300001e+00,5.0000000000000003e-02,3.1249999999899999e-03,7.8846132465500004e-07,5.7413836714748229e-07,2.1432295750751775e-07,2.1432295750751775e-07
2623,3.0833333333300001e+00,2.9166666666599999e+00,5.0000000000000003e-02,3.1249999999899999e-03,8.3779635891600003e-07,6.0276416477052226e-07,2.3503219414547778e-07,2.3503219414547778e-07
2624,3.0833333333300001e+00,3.0833333333300001e+00,5.0000000000000003e-02,3.1249999999899999e-03,3.9638517913100000e-07,2.4383203825774542e-07,1.5255314087325458e-07,1.5255314087325458e-07
2625,3.1666666666699999e+00,3.1666666666599999e+00,5.0000000000000003e-02,3.1249999999899999e-03,1.7588640691399999e-07,9.3939100562072519e-08,8.1947306351927470e-08,8.1947306351927470e-08
2626,3.1666666666699999e+00,3.3333333333300001e+00,5.0000000000000003e-02,3.1249999999899999e-03,5.9317411106000002e-08,3.4457802059297388e-08,2.4859609046702614e-08,2.4859609046702614e-08
2627,3.0833333333300001e+00,3.4166666666699999e+00,5.0000000000000003e-02,3.1249999999899999e-03,5.5685883281000003e-08,3.2804078568238795e-08,2.2881804712761208e-08,2.2881804712761208e-08
2628,3.0833333333300001e+00,3.5833333333300001e+00,5.0000000000000003e-02,3.1249999999899999e-03,2.2897461380800001e-08,1.0900779529517456e-08,1.1996681851282545e-08,1.1996681851282545e-08
2629,3.1666666666699999e+00,3.6666666666699999e+00,5.0000000000000003e-02,3.1249999999899999e-03,9.4852014829700005e-09,3.8046136197897081e-09,5.6805878631802924e-09,5.6805878631802924e-09
2630,3.1666666666699999e+00,3.8333333333300001e+00,5.0000000000000003e-02,3.1250000000000002e-03,2.7322488634700002e-09,1.1444570843849628e-09,1.5877917790850374e-09,1.5877917790850374e-09
2631,3.0833333333300001e+00,3.9166666666699999e+00,5.0000000000000003e-02,3.1249999999899999e-03,2.2499396144100000e-09,9.8629271930178846e-10,1.2636468951082116e-09,1.2636468951082116e-09
2632,3.0833333333300001e+00,4.0833333333299997e+00,5.0000000000000003e-02,3.1250000000000002e-03,8.0793325244700004e-10,2.6840233889926503e-10,5.3953091354773507e-10,5.3953091354773507e-10
2633,3.1666666666699999e+00,4.1666666666700003e+00,5.0000000000000003e-02,3.1249999999899999e-03,3.1152174796000000e-10,8.4749297068687649e-11,2.2677245089131235e-10,2.2677245089131235e-10
2634,3.1666666666699999e+00,4.3333333333299997e+00,5.0000000000000003e-02,3.1249999999899999e-03,7.7808227976199996e-11,2.0853945530965197e-11,5.6954282445234796e-11,5.6954282445234796e-11
2635,3.0833333333300001e+00,4.4166666666700003e+00,5.0000000000000003e-02,3.1249999999899999e-03,5.6087974951199999e-11,1.6250636235363358e-11,3.9837338715836638e-11,3.9837338715836638e-11
2636,3.0833333333300001e+00,4.5833333333299997e+00,5.0000000000000003e-02,3.1249999999899999e-03,1.7690628745599999e-11,3.6141977040653023e-12,1.4076431041534696e-11,1.4076431041534696e-11
2637,3.1666666666699999e+00,4.6666666666700003e+00,5.0000000000000003e-02,3.1249999999899999e-03,6.3470755362099996e-12,1.0314648150091741e-12,5.3156107212008251e-12,5.3156107212008251e-12
2638,3.1666666666699999e+00,4.8333333333299997e+00,5.0000000000000003e-02,3.1249999999899999e-03,1.4702475091600001e-12,2.0726832465791159e-13,1.2629791845020885e-12,1.2629791845020885e-12
2639,3.0833333333300001e+00,4.9166666666700003e+00,5.0000000000000003e-02,3.1249999999899999e-03,1.1222829164700000e-12,1.4593339712635868e-13,9.7634951934364133e-13,9.7634951934364133e-13
2640,3.4166666666599999e+00,-4.9166666666700003e+00,5.0000000000000003e-02,3.1250000000100000e-03,2.4323272823999999e-13,1.9633230561386287e-14,2.2359949767861370e-13,2.2359949767861370e-13
2641,3.3333333333300001e+00,-4.8333333333299997e+00,5.0000000000000003e-02,3.1250000000100000e-03,6.2687443151299998e-13,7.6028095456592908e-14,5.5084633605640709e-13,5.5084633605640709e-13
2642,3.3333333333300001e+00,-4.6666666666700003e+00,5.0000000000000003e-02,3.1250000000100000e-03,2.0273073215899999e-12,3.7835161520731223e-13,1.6489557063826876e-12,1.6489557063826876e-12
2643,3.4166666666599999e+00,-4.5833333333299997e+00,5.0000000000000003e-02,3.1250000000100000e-03,2.8367899849800000e-12,4.8623809364834187e-13,2.3505518913316583e-12,2.3505518913316583e-12
2644,3.4166666666599999e+00,-4.4166666666700003e+00,5.0000000000000003e-02,3.1250000000100000e-03,1.2332533634800000e-11,2.1862883634638531e-12,1.0146245271336147e-11,1.0146245271336147e-11
2645,3.3333333333300001e+00,-4.3333333333299997e+00,5.0000000000000003e-02,3.1250000000100000e-03,3.4095947371999998e-11,7.6494358898861869e-12,2.6446511482113811e-11,2.6446511482113811e-11
2646,3.3333333333300001e+00,-4.1666666666700003e+00,5.0000000000000003e-02,3.1250000000100000e-03,1.0093013490000000e-10,3.1086890184748677e-11,6.9843244715251327e-11,6.9843244715251327e-11
2647,3.4166666666599999e+00,-4.0833333333299997e+00,5.0000000000000003e-02,3.1250000000100000e-03,1.2343750880400001e-10,3.6109657601281227e-11,8.7327851202718785e-11,8.7327851202718785e-11
2648,3.4166666666599999e+00,-3.9166666666699999e+00,5.0000000000000003e-02,3.1250000000100000e-03,4.6801987683699998e-10,1.3269143828881024e-10,3.3532843854818977e-10,3.3532843854818977e-10
2649,3.3333333333300001e+00,-3.8333333333300001e+00,5.0000000000000003e-02,3.1250000000100000e-03,1.2058976860600000e-09,4.1979831023964747e-10,7.8609937582035246e-10,7.8609937582035246e-10
2650,3.3333333333300001e+00,-3.6666666666699999e+00,5.0000000000000003e-02,3.1250000000000002e-03,3.1290513576100001e-09,1.3955703455326995e-09,1.7334810120773006e-09,1.7334810120773006e-09
2651,3.4166666666599999e+00,-3.5833333333300001e+00,5.0000000000000003e-02,3.1249999999899999e-03,3.3412799528800000e-09,1.4665424228872423e-09,1.8747375299927577e-09,1.8747375299927577e-09
2652,3.4166666666599999e+00,-3.4166666666699999e+00,5.0000000000000003e-02,3.1249999999899999e-03,1.0880036399700000e-08,4.4133149132847380e-09,6.4667214864152623e-09,6.4667214864152623e-09
2653,3.3333333333300001e+00,-3.3333333333300001e+00,5.0000000000000003e-02,3.1249999999899999e-03,2.6204417209399999e-08,1.2639466587634459e-08,1.3564950621765541e-08,1.3564950621765541e-08
2654,3.3333333333300001e+00,-3.1666666666699999e+00,5.0000000000000003e-02,3.1249999999899999e-03,5.9317411106000002e-08,3.4457802059297388e-08,2.4859609046702614e-08,2.4859609046702614e-08
2655,3.4166666666699999e+00,-3.0833333333300001e+00,5.0000000000000003e-02,3.1249999999899999e-03,5.5685883281000003e-08,3.2804078568238795e-08,2.2881804712761208e-08,2.2881804712761208e-08
2656,3.4166666666699999e+00,-2.9166666666699999e+00,5.0000000000000003e-02,3.1249999999899999e-03,1.5327514662100001e-07,8.1093211374108970e-08,7.2181935246891039e-08,7.2181935246891039e-08
2657,3.3333333333300001e+00,-2.8333333333300001e+00,5.0000000000000003e-02,3.1249999999899999e-03,3.4623068749700002e-07,2.1059969802344318e-07,1.3563098947355684e-07,1.3563098947355684e-07
2658,3.3333333333300001e+00,-2.6666666666699999e+00,5.0000000000000003e-02,3.1249999999899999e-03,6.8072856026100002e-07,4.7263562404645948e-07,2.0809293621454054e-07,2.0809293621454054e-07
2659,3.4166666666699999e+00,-2.5833333333300001e+00,5.0000000000000003e-02,3.1249999999899999e-03,5.6871272906399997e-07,4.0850191826819827e-07,1.6021081079580170e-07,1.6021081079580170e-07
2660,3.4166666666699999e+00,-2.4166666666699999e+00,5.0000000000000003e-02,3.1249999999899999e-03,1.3038207838900000e-06,8.3354275129182446e-07,4.7027803259817552e-07,4.7027803259817552e-07
2661,3.3333333333300001e+00,-2.3333333333400001e+00,5.0000000000000003e-02,3.1249999999899999e-03,2.7712108278200001e-06,1.9682786643759500e-06,8.0293216344405010e-07,8.0293216344405010e-07
2662,3.3333333333300001e+00,-2.1666666666699999e+00,5.0000000000000003e-02,3.1249999999899999e-03,4.7164738586900001e-06,3.6586689677068024e-06,1.0578048909831977e-06,1.0578048909831977e-06
2663,3.4166666666699999e+00,-2.0833333333400001e+00,5.0000000000000003e-02,3.1249999999899999e-03,3.5610889483500002e-06,2.8808503350385749e-06,6.8023861331142527e-07,6.8023861331142527e-07
2664,3.4166666666699999e+00,-1.9166666666700001e+00,5.0000000000000003e-02,3.1249999999899999e-03,6.7300500604200003e-06,4.8903916858738339e-06,1.8396583745461663e-06,1.8396583745461663e-06
2665,3.3333333333300001e+00,-1.8333333333399999e+00,5.0000000000000003e-02,3.1249999999899999e-03,1.3502964077700000e-05,1.0546898418220997e-05,2.9560656594790035e-06,2.9560656594790035e-06
2666,3.3333333333300001e+00,-1.6666666666700001e+00,5.0000000000000003e-02,3.1249999999899999e-03,1.9891212531599998e-05,1.6403746860239498e-05,3.4874656713605003e-06,3.4874656713605003e-06
2667,3.4166666666699999e+00,-1.5833333333399999e+00,5.0000000000000003e-02,3.1249999999899999e-03,1.3801065287000001e-05,1.1835392782558886e-05,1.9656725044411143e-06,1.9656725044411143e-06
2668,3.4166666666699999e+00,-1.4166666666700001e+00,5.0000000000000003e-02,3.1249999999899999e-03,2.1482707821499999e-05,1.6936583547175542e-05,4.5461242743244570e-06,4.5461242743244570e-06
2669,3.3333333333300001e+00,-1.3333333333399999e+00,5.0000000000000003e-02,3.1249999999899999e-03,4.0848355040199998e-05,3.3611625533229274e-05,7.2367295069707241e-06,7.2367295069707241e-06
2670,3.3333333333300001e+00,-1.1666666666700001e+00,5.0000000000000003e-02,3.1249999999899999e-03,5.2463451798099999e-05,4.4494278879618723e-05,7.9691729184812757e-06,7.9691729184812757e-06
2671,3.4166666666699999e+00,-1.0833333333399999e+00,5.0000000000000003e-02,3.1249999999899999e-03,3.4024223930399998e-05,2.9701609781785889e-05,4.3226141486141090e-06,4.3226141486141090e-06
2672,3.4166666666699999e+00,-9.1666666667200003e-01,5.0000000000000003e-02,3.1250000000000002e-03,4.4278196934199998e-05,3.6617277830430894e-05,7.6609191037691035e-06,7.6609191037691035e-06
2673,3.3333333333300001e+00,-8.3333333333799997e-01,5.0000000000000003e-02,3.1250000000000002e-03,8.0265016211099999e-05,6.7686045851603508e-05,1.2578970359496491e-05,1.2578970359496491e-05
2674,3.3333333333300001e+00,-6.6666666667200003e-01,5.0000000000000003e-02,3.1250000000000002e-03,9.1578726689800006e-05,7.8328481307016187e-05,1.3250245382783818e-05,1.3250245382783818e-05
2675,3.4166666666699999e+00,-5.8333333333799997e-01,5.0000000000000003e-02,3.1250000000000002e-03,5.6449078714000000e-05,4.9083285658905897e-05,7.3657930550941034e-06,7.3657930550941034e-06
2676,3.4166666666699999e+00,-4.1666666667100000e-01,5.0000000000000003e-02,3.1250000000000002e-03,6.3403142454499995e-05,5.3762380662977923e-05,9.6407617915220714e-06,9.6407617915220714e-06
2677,3.3333333333300001e+00,-3.3333333333800003e-01,5.0000000000000003e-02,3.1250000000000002e-03,1.1046843022800000e-04,9.4051953565630386e-05,1.6416476662369609e-05,1.6416476662369609e-05
2678,3.3333333333300001e+00,-1.6666666667100000e-01,5.0000000000000003e-02,3.1250000000000002e-03,1.1491327197100000e-04,9.8219364038933210e-05,1.6693907932066794e-05,1.6693907932066794e-05
2679,3.4166666666699999e+00,-8.3333333337599999e-02,5.0000000000000003e-02,3.1250000000000002e-03,6.8219651671900001e-05,5.8661374103708515e-05,9.5582775681914866e-06,9.5582775681914866e-06
2680,3.4166666666699999e+00,8.3333333329199996e-02,5.0000000000000003e-02,3.1250000000000002e-03,6.8219651671900001e-05,5.8661374103750487e-05,9.5582775681495144e-06,9.5582775681495144e-06
2681,3.3333333333300001e+00,1.6666666666300001e-01,5.0000000000000003e-02,3.1250000000000002e-03,1.1491327197100000e-04,9.8219364039067868e-05,1.6693907931932136e-05,1.6693907931932136e-05
2682,3.3333333333300001e+00,3.3333333332999998e-01,5.0000000000000003e-02,3.1250000000000002e-03,1.1046843022900000e-04,9.4051953565894416e-05,1.6416476663105579e-05,1.6416476663105579e-05
2683,3.4166666666699999e+00,4.1666666666300001e-01,5.0000000000000003e-02,3.1250000000000002e-03,6.3403142454799993e-05,5.3762380663169739e-05,9.6407617916302544e-06,9.6407617916302544e-06
2684,3.4166666666699999e+00,5.8333333333000004e-01,5.0000000000000003e-02,3.1250000000000002e-03,5.6449078714400003e-05,4.9083285659161125e-05,7.3657930552388783e-06,7.3657930552388783e-06
2685,3.3333333333300001e+00,6.6666666666300001e-01,5.0000000000000003e-02,3.1250000000000002e-03,9.1578726690499994e-05,7.8328481307551838e-05,1.3250245382948156e-05,1.3250245382948156e-05
2686,3.3333333333300001e+00,8.3333333333000004e-01,5.0000000000000003e-02,3.1250000000000002e-03,8.0265016211900005e-05,6.7686045852142980e-05,1.2578970359757025e-05,1.2578970359757025e-05
2687,3.4166666666699999e+00,9.1666666666399998e-01,5.0000000000000003e-02,3.1250000000000002e-03,4.4278196934600001e-05,3.6617277830759841e-05,7.6609191038401594e-06,7.6609191038401594e-06
2688,3.4166666666699999e+00,1.0833333333299999e+00,5.0000000000000003e-02,3.1250000000000002e-03,3.4024223930800001e-05,2.9701609782199472e-05,4.3226141486005294e-06,4.3226141486005294e-06
2689,3.3333333333300001e+00,1.1666666666600001e+00,5.0000000000000003e-02,3.1250000000000002e-03,5.2463451798700003e-05,4.4494278880301682e-05,7.9691729183983207e-06,7.9691729183983207e-06
2690,3.3333333333300001e+00,1.3333333333299999e+00,5.0000000000000003e-02,3.1250000000000002e-03,4.0848355040800002e-05,3.3611625533845697e-05,7.2367295069543052e-06,7.2367295069543052e-06
2691,3.4166666666699999e+00,1.4166666666600001e+00,5.0000000000000003e-02,3.1250000000000002e-03,2.1482707821800001e-05,1.6936583547512559e-05,4.5461242742874416e-06,4.5461242742874416e-06
2692,3.4166666666699999e+00,1.5833333333299999e+00,5.0000000000000003e-02,3.1250000000000002e-03,1.3801065287200000e-05,1.1835392782832651e-05,1.9656725043673496e-06,1.9656725043673496e-06
2693,3.3333333333300001e+00,1.6666666666600001e+00,5.0000000000000003e-02,3.1250000000000002e-03,1.9891212531900001e-05,1.6403746860646284e-05,3.4874656712537166e-06,3.4874656712537166e-06
2694,3.3333333333300001e+00,1.8333333333299999e+00,5.0000000000000003e-02,3.1250000000000002e-03,1.3502964077800001e-05,1.0546898418518642e-05,2.9560656592813585e-06,2.9560656592813585e-06
2695,3.4166666666699999e+00,1.9166666666600001e+00,5.0000000000000003e-02,3.1250000000000002e-03,6.7300500605300002e-06,4.8903916860204147e-06,1.8396583745095855e-06,1.8396583745095855e-06
2696,3.4166666666699999e+00,2.0833333333300001e+00,5.0000000000000003e-02,3.1250000000000002e-03,3.5610889484000001e-06,2.8808503351352129e-06,6.8023861326478722e-07,6.8023861326478722e-07
2697,3.3333333333300001e+00,2.1666666666599999e+00,5.0000000000000003e-02,3.1250000000000002e-03,4.7164738587599998e-06,3.6586689678361752e-06,1.0578048909238245e-06,1.0578048909238245e-06
2698,3.3333333333300001e+00,2.3333333333300001e+00,5.0000000000000003e-02,3.1250000000000002e-03,2.7712108278499999e-06,1.9682786644528064e-06,8.0293216339719351e-07,8.0293216339719351e-07
2699,3.4166666666699999e+00,2.4166666666599999e+00,5.0000000000000003e-02,3.1250000000000002e-03,1.3038207839000001e-06,8.3354275132592516e-07,4.7027803257407489e-07,4.7027803257407489e-07
2700,3.4166666666699999e+00,2.5833333333300001e+00,5.0000000000000003e-02,3.1250000000000002e-03,5.6871272907000004e-07,4.0850191826819827e-07,1.6021081080180176e-07,1.6021081080180176e-07
2701,3.3333333333300001e+00,2.6666666666599999e+00,5.0000000000000003e-02,3.1249999999899999e-03,6.8072856026800001e-07,4.7263562406847720e-07,2.0809293619952281e-07,2.0809293619952281e-07
2702,3.3333333333300001e+00,2.8333333333300001e+00,5.0000000000000003e-02,3.1249999999899999e-03,3.4623068750000000e-07,2.1059969802344318e-07,1.3563098947655682e-07,1.3563098947655682e-07
2703,3.4166666666699999e+00,2.9166666666599999e+00,5.0000000000000003e-02,3.1249999999899999e-03,1.5327514662300001e-07,8.1093211378357264e-08,7.2181935244642749e-08,7.2181935244642749e-08
2704,3.4166666666699999e+00,3.0833333333300001e+00,5.0000000000000003e-02,3.1249999999899999e-03,5.5685883281299998e-08,3.2804078568238795e-08,2.2881804713061203e-08,2.2881804713061203e-08
2705,3.3333333333300001e+00,3.1666666666599999e+00,5.0000000000000003e-02,3.1249999999899999e-03,5.9317411106200001e-08,3.4457802061300700e-08,2.4859609044899301e-08,2.4859609044899301e-08
2706,3.3333333333300001e+00,3.3333333333300001e+00,5.0000000000000003e-02,3.1249999999899999e-03,2.6204417209399999e-08,1.2639466587634459e-08,1.3564950621765541e-08,1.3564950621765541e-08
2707,3.4166666666699999e+00,3.4166666666599999e+00,5.0000000000000003e-02,3.1249999999899999e-03,1.0880036399700000e-08,4.4133149132847380e-09,6.4667214864152623e-09,6.4667214864152623e-09
2708,3.4166666666699999e+00,3.5833333333300001e+00,5.0000000000000003e-02,3.1249999999899999e-03,3.3412799528700002e-09,1.4665424227941088e-09,1.8747375300758914e-09,1.8747375300758914e-09
2709,3.3333333333300001e+00,3.6666666666699999e+00,5.0000000000000003e-02,3.1249999999899999e-03,3.1290513575900001e-09,1.3955703455326995e-09,1.7334810120573006e-09,1.7334810120573006e-09
2710,3.3333333333300001e+00,3.8333333333300001e+00,5.0000000000000003e-02,3.1250000000000002e-03,1.2058976860500000e-09,4.1979831023964747e-10,7.8609937581035246e-10,7.8609937581035246e-10
2711,3.4166666666699999e+00,3.9166666666699999e+00,5.0000000000000003e-02,3.1249999999899999e-03,4.6801987683300004e-10,1.3269143828038360e-10,3.3532843855261642e-10,3.3532843855261642e-10
2712,3.4166666666699999e+00,4.0833333333299997e+00,5.0000000000000003e-02,3.1250000000000002e-03,1.2343750880300000e-10,3.6109657598988062e-11,8.7327851204011940e-11,8.7327851204011940e-11
2713,3.3333333333300001e+00,4.1666666666700003e+00,5.0000000000000003e-02,3.1249999999899999e-03,1.0093013489899999e-10,3.1086890184748677e-11,6.9843244714251317e-11,6.9843244714251317e-11
2714,3.3333333333300001e+00,4.3333333333299997e+00,5.0000000000000003e-02,3.1249999999899999e-03,3.4095947371599998e-11,7.6494358898861869e-12,2.6446511481713811e-11,2.6446511481713811e-11
2715,3.4166666666699999e+00,4.4166666666700003e+00,5.0000000000000003e-02,3.1249999999899999e-03,1.2332533634700000e-11,2.1862883633250119e-12,1.0146245271374988e-11,1.0146245271374988e-11
2716,3.4166666666699999e+00,4.5833333333299997e+00,5.0000000000000003e-02,3.1249999999899999e-03,2.8367899849500001e-12,4.8623809361746305e-13,2.3505518913325372e-12,2.3505518913325372e-12
2717,3.3333333333300001e+00,4.6666666666700003e+00,5.0000000000000003e-02,3.1249999999899999e-03,2.0273073215600000e-12,3.7835161520731223e-13,1.6489557063526877e-12,1.6489557063526877e-12
2718,3.3333333333300001e+00,4.8333333333299997e+00,5.0000000000000003e-02,3.1249999999899999e-03,6.2687443150399995e-13,7.6028095456592908e-14,5.5084633604740706e-13,5.5084633604740706e-13
2719,3.4166666666699999e+00,4.9166666666700003e+00,5.0000000000000003e-02,3.1249999999899999e-03,2.4323272823700000e-13,1.9633230560139470e-14,2.2359949767686051e-13,2.2359949767686051e-13
2720,3.5833333333300001e+00,-4.9166666666700003e+00,5.0000000000000003e-02,3.1250000000100000e-03,7.5222526424800001e-14,6.5241130715824633e-15,6.8698413353217533e-14,6.8698413353217533e-14
2721,3.6666666666699999e+00,-4.8333333333299997e+00,5.0000000000000003e-02,3.1250000000100000e-03,8.8518113460000006e-14,8.3945437658226410e-15,8.0123569694177362e-14,8.0123569694177362e-14
2722,3.6666666666699999e+00,-4.6666666666700003e+00,5.0000000000000003e-02,3.1250000000100000e-03,3.9383272172400001e-13,4.1775203938139022e-14,3.5205751778586102e-13,3.5205751778586102e-13
2723,3.5833333333300001e+00,-4.5833333333299997e+00,5.0000000000000003e-02,3.1250000000100000e-03,1.1572434691300000e-12,1.6157668462935287e-13,9.9566678450064724e-13,9.9566678450064724e-13
2724,3.5833333333300001e+00,-4.4166666666700003e+00,5.0000000000000003e-02,3.1250000000100000e-03,3.6367392518500000e-12,7.2650257153176402e-13,2.9102366803182362e-12,2.9102366803182362e-12
2725,3.6666666666699999e+00,-4.3333333333299997e+00,5.0000000000000003e-02,3.1250000000100000e-03,4.4791016624499999e-12,8.4460256403720896e-13,3.6344990984127909e-12,3.6344990984127909e-12
2726,3.6666666666699999e+00,-4.1666666666700003e+00,5.0000000000000003e-02,3.1250000000100000e-03,1.8500189932900001e-11,3.4324187477271000e-12,1.5067771185172903e-11,1.5067771185172903e-11
2727,3.5833333333300001e+00,-4.0833333333299997e+00,5.0000000000000003e-02,3.1250000000100000e-03,5.0818403930299999e-11,1.1999221851457313e-11,3.8819182078842689e-11,3.8819182078842689e-11
2728,3.5833333333300001e+00,-3.9166666666699999e+00,5.0000000000000003e-02,3.1250000000100000e-03,1.4056134846899999e-10,4.4093301116206047e-11,9.6468047352793948e-11,9.6468047352793948e-11
2729,3.6666666666699999e+00,-3.8333333333300001e+00,5.0000000000000003e-02,3.1250000000000002e-03,1.5046004756700000e-10,4.6351487130663362e-11,1.0410856043633663e-10,1.0410856043633663e-10
2730,3.6666666666699999e+00,-3.6666666666699999e+00,5.0000000000000003e-02,3.1249999999899999e-03,5.3659711531899999e-10,1.5409009358319483e-10,3.8250702173580514e-10,3.8250702173580514e-10
2731,3.5833333333300001e+00,-3.5833333333300001e+00,5.0000000000000003e-02,3.1250000000000002e-03,1.3794512348300000e-09,4.8733134168996854e-10,8.9211989314003142e-10,8.9211989314003142e-10
2732,3.5833333333300001e+00,-3.4166666666699999e+00,5.0000000000000003e-02,3.1249999999899999e-03,3.3412799528700002e-09,1.4665424227941088e-09,1.8747375300758914e-09,1.8747375300758914e-09
2733,3.6666666666699999e+00,-3.3333333333300001e+00,5.0000000000000003e-02,3.1249999999899999e-03,3.1290513575900001e-09,1.3955703455326995e-09,1.7334810120573006e-09,1.7334810120573006e-09
2734,3.6666666666699999e+00,-3.1666666666699999e+00,5.0000000000000003e-02,3.1249999999899999e-03,9.4852014829700005e-09,3.8046136197897081e-09,5.6805878631802924e-09,5.6805878631802924e-09
2735,3.5833333333300001e+00,-3.0833333333300001e+00,5.0000000000000003e-02,3.1249999999899999e-03,2.2897461380800001e-08,1.0900779529517456e-08,1.1996681851282545e-08,1.1996681851282545e-08
2736,3.5833333333300001e+00,-2.9166666666699999e+00,5.0000000000000003e-02,3.1249999999899999e-03,4.8346644751300002e-08,2.6947235133913982e-08,2.1399409617386020e-08,2.1399409617386020e-08
2737,3.6666666666699999e+00,-2.8333333333300001e+00,5.0000000000000003e-02,3.1249999999899999e-03,4.0098150330300002e-08,2.3253093103406424e-08,1.6845057226893579e-08,1.6845057226893579e-08
2738,3.6666666666699999e+00,-2.6666666666699999e+00,5.0000000000000003e-02,3.1249999999899999e-03,1.0173158949999999e-07,5.2185450753664067e-08,4.9546138746335927e-08,4.9546138746335927e-08
2739,3.5833333333300001e+00,-2.5833333333300001e+00,5.0000000000000003e-02,3.1249999999899999e-03,2.3134980631300001e-07,1.3574499095176576e-07,9.5604815361234252e-08,9.5604815361234252e-08
2740,3.5833333333300001e+00,-2.4166666666699999e+00,5.0000000000000003e-02,3.1249999999899999e-03,4.2394200046900000e-07,2.7698585532156917e-07,1.4695614514743083e-07,1.4695614514743083e-07
2741,3.6666666666699999e+00,-2.3333333333400001e+00,5.0000000000000003e-02,3.1249999999899999e-03,3.1626887289400002e-07,2.1732494142079739e-07,9.8943931473202636e-08,9.8943931473202636e-08
2742,3.6666666666699999e+00,-2.1666666666699999e+00,5.0000000000000003e-02,3.1249999999899999e-03,6.6308882694100000e-07,4.0396719909427348e-07,2.5912162784672651e-07,2.5912162784672651e-07
2743,3.5833333333300001e+00,-2.0833333333400001e+00,5.0000000000000003e-02,3.1249999999899999e-03,1.4247937656900001e-06,9.5730518064900519e-07,4.6748858504099487e-07,4.6748858504099487e-07
2744,3.5833333333300001e+00,-1.9166666666700001e+00,5.0000000000000003e-02,3.1249999999899999e-03,2.2597571924999998e-06,1.6250748049454491e-06,6.3468238755455077e-07,6.3468238755455077e-07
2745,3.6666666666699999e+00,-1.8333333333399999e+00,5.0000000000000003e-02,3.1249999999899999e-03,1.5416996533400000e-06,1.1645221392661384e-06,3.7717751407386162e-07,3.7717751407386162e-07
2746,3.6666666666699999e+00,-1.6666666666700001e+00,5.0000000000000003e-02,3.1249999999899999e-03,2.6550343974200002e-06,1.8111984801773059e-06,8.4383591724269424e-07,8.4383591724269424e-07
2747,3.5833333333300001e+00,-1.5833333333399999e+00,5.0000000000000003e-02,3.1249999999899999e-03,5.4079829971500000e-06,3.9328953288396901e-06,1.4750876683103099e-06,1.4750876683103099e-06
2748,3.5833333333300001e+00,-1.4166666666700001e+00,5.0000000000000003e-02,3.1249999999899999e-03,7.4414348671400001e-06,5.6280185662573658e-06,1.8134163008826343e-06,1.8134163008826343e-06
2749,3.6666666666699999e+00,-1.3333333333399999e+00,5.0000000000000003e-02,3.1249999999899999e-03,4.7204547796599999e-06,3.7111841337683729e-06,1.0092706458916271e-06,1.0092706458916271e-06
2750,3.6666666666699999e+00,-1.1666666666700001e+00,5.0000000000000003e-02,3.1249999999899999e-03,6.7209462993800000e-06,4.9127782189010213e-06,1.8081680804789787e-06,1.8081680804789787e-06
2751,3.5833333333300001e+00,-1.0833333333399999e+00,5.0000000000000003e-02,3.1249999999899999e-03,1.3036754823400001e-05,9.8698306440615832e-06,3.1669241793384175e-06,3.1669241793384175e-06
2752,3.5833333333300001e+00,-9.1666666667200003e-01,5.0000000000000003e-02,3.1250000000000002e-03,1.5756441234100001e-05,1.2167903810201264e-05,3.5885374238987370e-06,3.5885374238987370e-06
2753,3.6666666666699999e+00,-8.3333333333899995e-01,5.0000000000000003e-02,3.1250000000000002e-03,9.4464566105299996e-06,7.4734671547914699e-06,1.9729894557385297e-06,1.9729894557385297e-06
2754,3.6666666666699999e+00,-6.6666666667200003e-01,5.0000000000000003e-02,3.1250000000000002e-03,1.1391670535900000e-05,8.6485378923844785e-06,2.7431326435155212e-06,2.7431326435155212e-06
2755,3.5833333333300001e+00,-5.8333333333799997e-01,5.0000000000000003e-02,3.1250000000000002e-03,2.1188313128300000e-05,1.6310352215474070e-05,4.8779609128259302e-06,4.8779609128259302e-06
2756,3.5833333333300001e+00,-4.1666666667199997e-01,5.0000000000000003e-02,3.1250000000000002e-03,2.3031132153299998e-05,1.7865213234682169e-05,5.1659189186178294e-06,5.1659189186178294e-06
2757,3.6666666666699999e+00,-3.3333333333800003e-01,5.0000000000000003e-02,3.1250000000000002e-03,1.3245142003799999e-05,1.0384624732820901e-05,2.8605172709790982e-06,2.8605172709790982e-06
2758,3.6666666666699999e+00,-1.6666666667100000e-01,5.0000000000000003e-02,3.1250000000000002e-03,1.4012028909800000e-05,1.0844763966852634e-05,3.1672649429473659e-06,3.1672649429473659e-06
2759,3.5833333333300001e+00,-8.3333333337800006e-02,5.0000000000000003e-02,3.1250000000000002e-03,2.5179697901099999e-05,1.9493146398636725e-05,5.6865515024632749e-06,5.6865515024632749e-06
2760,3.5833333333300001e+00,8.3333333329000003e-02,5.0000000000000003e-02,3.1250000000000002e-03,2.5179697901099999e-05,1.9493146398651334e-05,5.6865515024486653e-06,5.6865515024486653e-06
2761,3.6666666666699999e+00,1.6666666666200000e-01,5.0000000000000003e-02,3.1250000000000002e-03,1.4012028909800000e-05,1.0844763966869360e-05,3.1672649429306404e-06,3.1672649429306404e-06
2762,3.6666666666699999e+00,3.3333333332900000e-01,5.0000000000000003e-02,3.1250000000000002e-03,1.3245142003799999e-05,1.0384624732853697e-05,2.8605172709463028e-06,2.8605172709463028e-06
2763,3.5833333333300001e+00,4.1666666666300001e-01,5.0000000000000003e-02,3.1250000000000002e-03,2.3031132153500000e-05,1.7865213234753879e-05,5.1659189187461210e-06,5.1659189187461210e-06
2764,3.5833333333300001e+00,5.8333333333000004e-01,5.0000000000000003e-02,3.1250000000000002e-03,2.1188313128400001e-05,1.6310352215558885e-05,4.8779609128411158e-06,4.8779609128411158e-06
2765,3.6666666666699999e+00,6.6666666666300001e-01,5.0000000000000003e-02,3.1250000000000002e-03,1.1391670536000000e-05,8.6485378924436217e-06,2.7431326435563787e-06,2.7431326435563787e-06
2766,3.6666666666699999e+00,8.3333333333000004e-01,5.0000000000000003e-02,3.1250000000000002e-03,9.4464566106500004e-06,7.4734671548584804e-06,1.9729894557915201e-06,1.9729894557915201e-06
2767,3.5833333333300001e+00,9.1666666666300001e-01,5.0000000000000003e-02,3.1250000000000002e-03,1.5756441234299999e-05,1.2167903810324234e-05,3.5885374239757645e-06,3.5885374239757645e-06
2768,3.5833333333300001e+00,1.0833333333299999e+00,5.0000000000000003e-02,3.1250000000000002e-03,1.3036754823600000e-05,9.8698306441990160e-06,3.1669241794009844e-06,3.1669241794009844e-06
2769,3.6666666666699999e+00,1.1666666666600001e+00,5.0000000000000003e-02,3.1250000000000002e-03,6.7209462994799998e-06,4.9127782189764301e-06,1.8081680805035697e-06,1.8081680805035697e-06
2770,3.6666666666699999e+00,1.3333333333299999e+00,5.0000000000000003e-02,3.1250000000000002e-03,4.7204547797399997e-06,3.7111841338364341e-06,1.0092706459035656e-06,1.0092706459035656e-06
2771,3.5833333333300001e+00,1.4166666666600001e+00,5.0000000000000003e-02,3.1250000000000002e-03,7.4414348672600001e-06,5.6280185663693563e-06,1.8134163008906438e-06,1.8134163008906438e-06
2772,3.5833333333300001e+00,1.5833333333299999e+00,5.0000000000000003e-02,3.1250000000000002e-03,5.4079829972399998e-06,3.9328953289306623e-06,1.4750876683093375e-06,1.4750876683093375e-06
2773,3.6666666666699999e+00,1.6666666666600001e+00,5.0000000000000003e-02,3.1250000000000002e-03,2.6550343974600000e-06,1.8111984802222207e-06,8.4383591723777933e-07,8.4383591723777933e-07
2774,3.6666666666699999e+00,1.8333333333299999e+00,5.0000000000000003e-02,3.1250000000000002e-03,1.5416996533700000e-06,1.1645221392990024e-06,3.7717751407099759e-07,3.7717751407099759e-07
2775,3.5833333333300001e+00,1.9166666666600001e+00,5.0000000000000003e-02,3.1250000000000002e-03,2.2597571925400001e-06,1.6250748049941579e-06,6.3468238754584221e-07,6.3468238754584221e-07
2776,3.5833333333300001e+00,2.0833333333300001e+00,5.0000000000000003e-02,3.1250000000000002e-03,1.4247937657100000e-06,9.5730518068111791e-07,4.6748858502888209e-07,4.6748858502888209e-07
2777,3.6666666666699999e+00,2.1666666666599999e+00,5.0000000000000003e-02,3.1250000000000002e-03,6.6308882695300002e-07,4.0396719910855801e-07,2.5912162784444201e-07,2.5912162784444201e-07
2778,3.6666666666699999e+00,2.3333333333300001e+00,5.0000000000000003e-02,3.1250000000000002e-03,3.1626887289900000e-07,2.1732494142928336e-07,9.8943931469716645e-08,9.8943931469716645e-08
2779,3.5833333333300001e+00,2.4166666666599999e+00,5.0000000000000003e-02,3.1250000000000002e-03,4.2394200047599998e-07,2.7698585533290083e-07,1.4695614514309915e-07,1.4695614514309915e-07
2780,3.5833333333300001e+00,2.5833333333300001e+00,5.0000000000000003e-02,3.1250000000000002e-03,2.3134980631699999e-07,1.3574499095176576e-07,9.5604815365234233e-08,9.5604815365234233e-08
2781,3.6666666666699999e+00,2.6666666666599999e+00,5.0000000000000003e-02,3.1250000000000002e-03,1.0173158950200000e-07,5.2185450756095124e-08,4.9546138745904873e-08,4.9546138745904873e-08
2782,3.6666666666699999e+00,2.8333333333300001e+00,5.0000000000000003e-02,3.1250000000000002e-03,4.0098150330799997e-08,2.3253093103406424e-08,1.6845057227393573e-08,1.6845057227393573e-08
2783,3.5833333333300001e+00,2.9166666666599999e+00,5.0000000000000003e-02,3.1250000000000002e-03,4.8346644751800002e-08,2.6947235135325691e-08,2.1399409616474311e-08,2.1399409616474311e-08
2784,3.5833333333300001e+00,3.0833333333300001e+00,5.0000000000000003e-02,3.1250000000000002e-03,2.2897461381000000e-08,1.0900779529517456e-08,1.1996681851482544e-08,1.1996681851482544e-08
2785,3.6666666666699999e+00,3.1666666666599999e+00,5.0000000000000003e-02,3.1250000000000002e-03,9.4852014830500005e-09,3.8046136200109020e-09,5.6805878630390985e-09,5.6805878630390985e-09
2786,3.6666666666699999e+00,3.3333333333300001e+00,5.0000000000000003e-02,3.1250000000000002e-03,3.1290513576100001e-09,1.3955703455326995e-09,1.7334810120773006e-09,1.7334810120773006e-09
2787,3.5833333333300001e+00,3.4166666666599999e+00,5.0000000000000003e-02,3.1249999999899999e-03,3.3412799528800000e-09,1.4665424228872423e-09,1.8747375299927577e-09,1.8747375299927577e-09
2788,3.5833333333300001e+00,3.5833333333300001e+00,5.0000000000000003e-02,3.1249999999899999e-03,1.3794512348300000e-09,4.8733134168996854e-10,8.9211989314003142e-10,8.9211989314003142e-10
2789,3.6666666666699999e+00,3.6666666666699999e+00,5.0000000000000003e-02,3.1249999999899999e-03,5.3659711531899999e-10,1.5409009358319483e-10,3.8250702173580514e-10,3.8250702173580514e-10
2790,3.6666666666699999e+00,3.8333333333300001e+00,5.0000000000000003e-02,3.1250000000000002e-03,1.5046004756700000e-10,4.6351487130663362e-11,1.0410856043633663e-10,1.0410856043633663e-10
2791,3.5833333333300001e+00,3.9166666666699999e+00,5.0000000000000003e-02,3.1250000000000002e-03,1.4056134846899999e-10,4.4093301116206047e-11,9.6468047352793948e-11,9.6468047352793948e-11
2792,3.5833333333300001e+00,4.0833333333299997e+00,5.0000000000000003e-02,3.1250000000000002e-03,5.0818403930100002e-11,1.1999221851457313e-11,3.8819182078642692e-11,3.8819182078642692e-11
2793,3.6666666666699999e+00,4.1666666666700003e+00,5.0000000000000003e-02,3.1250000000000002e-03,1.8500189932900001e-11,3.4324187477271000e-12,1.5067771185172903e-11,1.5067771185172903e-11
2794,3.6666666666699999e+00,4.3333333333299997e+00,5.0000000000000003e-02,3.1250000000000002e-03,4.4791016624299998e-12,8.4460256403720896e-13,3.6344990983927907e-12,3.6344990983927907e-12
2795,3.5833333333300001e+00,4.4166666666700003e+00,5.0000000000000003e-02,3.1250000000000002e-03,3.6367392518299999e-12,7.2650257153176402e-13,2.9102366802982360e-12,2.9102366802982360e-12
2796,3.5833333333300001e+00,4.5833333333299997e+00,5.0000000000000003e-02,3.1250000000000002e-03,1.1572434691300000e-12,1.6157668462935287e-13,9.9566678450064724e-13,9.9566678450064724e-13
2797,3.6666666666699999e+00,4.6666666666700003e+00,5.0000000000000003e-02,3.1250000000000002e-03,3.9383272172100002e-13,4.1775203938139022e-14,3.5205751778286097e-13,3.5205751778286097e-13
2798,3.6666666666699999e+00,4.8333333333299997e+00,5.0000000000000003e-02,3.1250000000000002e-03,8.8518113459400005e-14,8.3945437658226410e-15,8.0123569693577361e-14,8.0123569693577361e-14
2799,3.5833333333300001e+00,4.9166666666700003e+00,5.0000000000000003e-02,3.1249999999899999e-03,7.5222526424099997e-14,6.5241130715824633e-15,6.8698413352517530e-14,6.8698413352517530e-14
2800,3.9166666666699999e+00,-4.9166666666700003e+00,5.0000000000000003e-02,3.1250000000100000e-03,1.2099241145400000e-14,5.9029587792133386e-16,1.1508945267478667e-14,1.1508945267478667e-14
2801,3.8333333333300001e+00,-4.8333333333299997e+00,5.0000000000000003e-02,3.1250000000100000e-03,3.3067591574400002e-14,2.5251434292837234e-15,3.0542448145116280e-14,3.0542448145116280e-14
2802,3.8333333333300001e+00,-4.6666666666700003e+00,5.0000000000000003e-02,3.1250000000100000e-03,1.0609585053199999e-13,1.2566303145724529e-14,9.3529547386275467e-14,9.3529547386275467e-14
2803,3.9166666666699999e+00,-4.5833333333299997e+00,5.0000000000000003e-02,3.1250000000100000e-03,1.3125560128600001e-13,1.4619312979161443e-14,1.1663628830683858e-13,1.1663628830683858e-13
2804,3.9166666666699999e+00,-4.4166666666700003e+00,5.0000000000000003e-02,3.1250000000100000e-03,5.8863708979700002e-13,6.5733298698090884e-14,5.2290379109890915e-13,5.2290379109890915e-13
2805,3.8333333333300001e+00,-4.3333333333299997e+00,5.0000000000000003e-02,3.1250000000100000e-03,1.7218985371200001e-12,2.5406295737213792e-13,1.4678355797478622e-12,1.4678355797478622e-12
2806,3.8333333333300001e+00,-4.1666666666700003e+00,5.0000000000000003e-02,3.1250000000100000e-03,5.0721486336599998e-12,1.0324979997914131e-12,4.0396506338685871e-12,4.0396506338685871e-12
2807,3.9166666666699999e+00,-4.0833333333299997e+00,5.0000000000000003e-02,3.1250000000100000e-03,5.4425301793099999e-12,1.0856787918086774e-12,4.3568513875013227e-12,4.3568513875013227e-12
2808,3.9166666666699999e+00,-3.9166666666699999e+00,5.0000000000000003e-02,3.1250000000100000e-03,2.1201910561299999e-11,3.9895221936316481e-12,1.7212388367668350e-11,1.7212388367668350e-11
2809,3.8333333333300001e+00,-3.8333333333300001e+00,5.0000000000000003e-02,3.1250000000100000e-03,5.8108203143999999e-11,1.3942884381883221e-11,4.4165318762116776e-11,4.4165318762116776e-11
2810,3.8333333333300001e+00,-3.6666666666699999e+00,5.0000000000000003e-02,3.1250000000000002e-03,1.5046004756700000e-10,4.6351487130663362e-11,1.0410856043633663e-10,1.0410856043633663e-10
2811,3.9166666666699999e+00,-3.5833333333300001e+00,5.0000000000000003e-02,3.1250000000000002e-03,1.4056134846899999e-10,4.4093301116206047e-11,9.6468047352793948e-11,9.6468047352793948e-11
2812,3.9166666666699999e+00,-3.4166666666699999e+00,5.0000000000000003e-02,3.1249999999899999e-03,4.6801987683300004e-10,1.3269143828038360e-10,3.3532843855261642e-10,3.3532843855261642e-10
2813,3.8333333333300001e+00,-3.3333333333300001e+00,5.0000000000000003e-02,3.1250000000000002e-03,1.2058976860500000e-09,4.1979831023964747e-10,7.8609937581035246e-10,7.8609937581035246e-10
2814,3.8333333333300001e+00,-3.1666666666699999e+00,5.0000000000000003e-02,3.1250000000000002e-03,2.7322488634700002e-09,1.1444570843849628e-09,1.5877917790850374e-09,1.5877917790850374e-09
2815,3.9166666666699999e+00,-3.0833333333300001e+00,5.0000000000000003e-02,3.1249999999899999e-03,2.2499396144100000e-09,9.8629271930178846e-10,1.2636468951082116e-09,1.2636468951082116e-09
2816,3.9166666666699999e+00,-2.9166666666699999e+00,5.0000000000000003e-02,3.1249999999899999e-03,6.3038421962499997e-09,2.4381615778875621e-09,3.8656806183624373e-09,3.8656806183624373e-09
2817,3.8333333333300001e+00,-2.8333333333300001e+00,5.0000000000000003e-02,3.1250000000000002e-03,1.5318658744599999e-08,6.9947095278304578e-09,8.3239492167695411e-09,8.3239492167695411e-09
2818,3.8333333333300001e+00,-2.6666666666699999e+00,5.0000000000000003e-02,3.1250000000000002e-03,3.0220354148899997e-08,1.5697785579644366e-08,1.4522568569255631e-08,1.4522568569255631e-08
2819,3.9166666666699999e+00,-2.5833333333300001e+00,5.0000000000000003e-02,3.1249999999899999e-03,2.2283641192500001e-08,1.2282084588068021e-08,1.0001556604431979e-08,1.0001556604431979e-08
2820,3.9166666666699999e+00,-2.4166666666699999e+00,5.0000000000000003e-02,3.1249999999899999e-03,5.1801489282000001e-08,2.5061430855792701e-08,2.6740058426207301e-08,2.6740058426207301e-08
2821,3.8333333333300001e+00,-2.3333333333400001e+00,5.0000000000000003e-02,3.1250000000000002e-03,1.1905804744600000e-07,6.5373016468443913e-08,5.3685030977556089e-08,5.3685030977556089e-08
2822,3.8333333333300001e+00,-2.1666666666699999e+00,5.0000000000000003e-02,3.1250000000000002e-03,2.0359388657000000e-07,1.2151644531203300e-07,8.2077441257966994e-08,8.2077441257966994e-08
2823,3.9166666666699999e+00,-2.0833333333400001e+00,5.0000000000000003e-02,3.1249999999899999e-03,1.3668314747099999e-07,8.6616111009979602e-08,5.0067036461020385e-08,5.0067036461020385e-08
2824,3.9166666666699999e+00,-1.9166666666700001e+00,5.0000000000000003e-02,3.1249999999899999e-03,2.6108652524700001e-07,1.4703530551171705e-07,1.1405121973528296e-07,1.1405121973528296e-07
2825,3.8333333333300001e+00,-1.8333333333399999e+00,5.0000000000000003e-02,3.1250000000000002e-03,5.6915719638299996e-07,3.5029722999307584e-07,2.1885996638992412e-07,2.1885996638992412e-07
2826,3.8333333333300001e+00,-1.6666666666700001e+00,5.0000000000000003e-02,3.1250000000000002e-03,8.4251993654199995e-07,5.4482245479128758e-07,2.9769748175071238e-07,2.9769748175071238e-07
2827,3.9166666666699999e+00,-1.5833333333399999e+00,5.0000000000000003e-02,3.1249999999899999e-03,5.2346528957899998e-07,3.5584482908832027e-07,1.6762046049067972e-07,1.6762046049067972e-07
2828,3.9166666666699999e+00,-1.4166666666700001e+00,5.0000000000000003e-02,3.1249999999899999e-03,8.2125993391100003e-07,5.0921805371479245e-07,3.1204188019620758e-07,3.1204188019620758e-07
2829,3.8333333333300001e+00,-1.3333333333399999e+00,5.0000000000000003e-02,3.1250000000000002e-03,1.7042272728500001e-06,1.1163527752873484e-06,5.8787449756265163e-07,5.8787449756265163e-07
2830,3.8333333333300001e+00,-1.1666666666700001e+00,5.0000000000000003e-02,3.1250000000000002e-03,2.1976106619800001e-06,1.4778015321682475e-06,7.1980912981175260e-07,7.1980912981175260e-07
2831,3.9166666666699999e+00,-1.0833333333399999e+00,5.0000000000000003e-02,3.1250000000000002e-03,1.2837793427799999e-06,8.9301339217256311e-07,3.9076595060743684e-07,3.9076595060743684e-07
2832,3.9166666666699999e+00,-9.1666666667300001e-01,5.0000000000000003e-02,3.1250000000100000e-03,1.6795058331200001e-06,1.1009409835925536e-06,5.7856484952744649e-07,5.7856484952744649e-07
2833,3.8333333333300001e+00,-8.3333333333899995e-01,5.0000000000000003e-02,3.1250000000100000e-03,3.3358647885700001e-06,2.2480764894838865e-06,1.0877882990861136e-06,1.0877882990861136e-06
2834,3.8333333333300001e+00,-6.6666666667200003e-01,5.0000000000000003e-02,3.1250000000100000e-03,3.8158727604500003e-06,2.6015468191112388e-06,1.2143259413387614e-06,1.2143259413387614e-06
2835,3.9166666666699999e+00,-5.8333333333899995e-01,5.0000000000000003e-02,3.1250000000100000e-03,2.1278272435799999e-06,1.4757459864039215e-06,6.5208125717607841e-07,6.5208125717607841e-07
2836,3.9166666666699999e+00,-4.1666666667199997e-01,5.0000000000000003e-02,3.1250000000100000e-03,2.3964310409700001e-06,1.6164284117872601e-06,7.8000262918274000e-07,7.8000262918274000e-07
2837,3.8333333333300001e+00,-3.3333333333800003e-01,5.0000000000000003e-02,3.1250000000100000e-03,4.5897962253100003e-06,3.1237751140713953e-06,1.4660211112386050e-06,1.4660211112386050e-06
2838,3.8333333333300001e+00,-1.6666666667200000e-01,5.0000000000000003e-02,3.1250000000100000e-03,4.7787121279500001e-06,3.2621885401943011e-06,1.5165235877556990e-06,1.5165235877556990e-06
2839,3.9166666666699999e+00,-8.3333333338200005e-02,5.0000000000000003e-02,3.1250000000100000e-03,2.5740426526700001e-06,1.7637223390490589e-06,8.1032031362094121e-07,8.1032031362094121e-07
2840,3.9166666666699999e+00,8.3333333328600004e-02,5.0000000000000003e-02,3.1250000000100000e-03,2.5740426526700001e-06,1.7637223390505007e-06,8.1032031361949935e-07,8.1032031361949935e-07
2841,3.8333333333300001e+00,1.6666666666200000e-01,5.0000000000000003e-02,3.1250000000100000e-03,4.7787121279600002e-06,3.2621885401998907e-06,1.5165235877601095e-06,1.5165235877601095e-06
2842,3.8333333333300001e+00,3.3333333332900000e-01,5.0000000000000003e-02,3.1250000000100000e-03,4.5897962253399997e-06,3.1237751140812607e-06,1.4660211112587390e-06,1.4660211112587390e-06
2843,3.9166666666699999e+00,4.1666666666199997e-01,5.0000000000000003e-02,3.1250000000100000e-03,2.3964310409899998e-06,1.6164284117944688e-06,7.8000262919553105e-07,7.8000262919553105e-07
2844,3.9166666666699999e+00,5.8333333332899995e-01,5.0000000000000003e-02,3.1250000000100000e-03,2.1278272436000000e-06,1.4757459864135139e-06,6.5208125718648612e-07,6.5208125718648612e-07
2845,3.8333333333300001e+00,6.6666666666300001e-01,5.0000000000000003e-02,3.1250000000100000e-03,3.8158727604899997e-06,2.6015468191290295e-06,1.2143259413609702e-06,1.2143259413609702e-06
2846,3.8333333333300001e+00,8.3333333333000004e-01,5.0000000000000003e-02,3.1250000000100000e-03,3.3358647886200000e-06,2.2480764895040433e-06,1.0877882991159567e-06,1.0877882991159567e-06
2847,3.9166666666699999e+00,9.1666666666300001e-01,5.0000000000000003e-02,3.1250000000100000e-03,1.6795058331400000e-06,1.1009409836049160e-06,5.7856484953508398e-07,5.7856484953508398e-07
2848,3.9166666666699999e+00,1.0833333333299999e+00,5.0000000000000003e-02,3.1250000000100000e-03,1.2837793428099999e-06,8.9301339218499797e-07,3.9076595062500197e-07,3.9076595062500197e-07
2849,3.8333333333300001e+00,1.1666666666600001e+00,5.0000000000000003e-02,3.1250000000100000e-03,2.1976106620099999e-06,1.4778015321909309e-06,7.1980912981906906e-07,7.1980912981906906e-07
2850,3.8333333333300001e+00,1.3333333333299999e+00,5.0000000000000003e-02,3.1250000000100000e-03,1.7042272728800001e-06,1.1163527753078219e-06,5.8787449757217821e-07,5.8787449757217821e-07
2851,3.9166666666699999e+00,1.4166666666600001e+00,5.0000000000000003e-02,3.1250000000100000e-03,8.2125993392699996e-07,5.0921805372492529e-07,3.1204188020207466e-07,3.1204188020207466e-07
2852,3.9166666666699999e+00,1.5833333333299999e+00,5.0000000000000003e-02,3.1250000000100000e-03,5.2346528958999998e-07,3.5584482909655131e-07,1.6762046049344867e-07,1.6762046049344867e-07
2853,3.8333333333300001e+00,1.6666666666600001e+00,5.0000000000000003e-02,3.1250000000100000e-03,8.4251993655900001e-07,5.4482245480479828e-07,2.9769748175420173e-07,2.9769748175420173e-07
2854,3.8333333333300001e+00,1.8333333333299999e+00,5.0000000000000003e-02,3.1250000000100000e-03,5.6915719639499999e-07,3.5029723000296161e-07,2.1885996639203837e-07,2.1885996639203837e-07
2855,3.9166666666699999e+00,1.9166666666600001e+00,5.0000000000000003e-02,3.1250000000100000e-03,2.6108652525300002e-07,1.4703530551612419e-07,1.1405121973687583e-07,1.1405121973687583e-07
2856,3.9166666666699999e+00,2.0833333333300001e+00,5.0000000000000003e-02,3.1250000000100000e-03,1.3668314747399999e-07,8.6616111012885136e-08,5.0067036461114856e-08,5.0067036461114856e-08
2857,3.8333333333300001e+00,2.1666666666599999e+00,5.0000000000000003e-02,3.1250000000100000e-03,2.0359388657400000e-07,1.2151644531632989e-07,8.2077441257670109e-08,8.2077441257670109e-08
2858,3.8333333333300001e+00,2.3333333333300001e+00,5.0000000000000003e-02,3.1250000000100000e-03,1.1905804744800001e-07,6.5373016470996566e-08,5.3685030977003440e-08,5.3685030977003440e-08
2859,3.9166666666699999e+00,2.4166666666599999e+00,5.0000000000000003e-02,3.1250000000100000e-03,5.1801489283000003e-08,2.5061430856817978e-08,2.6740058426182025e-08,2.6740058426182025e-08
2860,3.9166666666699999e+00,2.5833333333300001e+00,5.0000000000000003e-02,3.1250000000100000e-03,2.2283641193000002e-08,1.2282084588068021e-08,1.0001556604931980e-08,1.0001556604931980e-08
2861,3.8333333333300001e+00,2.6666666666599999e+00,5.0000000000000003e-02,3.1250000000100000e-03,3.0220354149500001e-08,1.5697785580375647e-08,1.4522568569124354e-08,1.4522568569124354e-08
2862,3.8333333333300001e+00,2.8333333333300001e+00,5.0000000000000003e-02,3.1250000000100000e-03,1.5318658744800001e-08,6.9947095278304578e-09,8.3239492169695434e-09,8.3239492169695434e-09
2863,3.9166666666699999e+00,2.9166666666599999e+00,5.0000000000000003e-02,3.1250000000100000e-03,6.3038421963500001e-09,2.4381615780152920e-09,3.8656806183347085e-09,3.8656806183347085e-09
2864,3.9166666666699999e+00,3.0833333333300001e+00,5.0000000000000003e-02,3.1250000000100000e-03,2.2499396144400002e-09,9.8629271930178846e-10,1.2636468951382117e-09,1.2636468951382117e-09
2865,3.8333333333300001e+00,3.1666666666599999e+00,5.0000000000000003e-02,3.1250000000100000e-03,2.7322488634999999e-09,1.1444570844514996e-09,1.5877917790485004e-09,1.5877917790485004e-09
2866,3.8333333333300001e+00,3.3333333333300001e+00,5.0000000000000003e-02,3.1250000000100000e-03,1.2058976860600000e-09,4.1979831023964747e-10,7.8609937582035246e-10,7.8609937582035246e-10
2867,3.9166666666699999e+00,3.4166666666599999e+00,5.0000000000000003e-02,3.1250000000100000e-03,4.6801987683699998e-10,1.3269143828881024e-10,3.3532843854818977e-10,3.3532843854818977e-10
2868,3.9166666666699999e+00,3.5833333333300001e+00,5.0000000000000003e-02,3.1250000000100000e-03,1.4056134846899999e-10,4.4093301116206047e-11,9.6468047352793948e-11,9.6468047352793948e-11
2869,3.8333333333300001e+00,3.6666666666699999e+00,5.0000000000000003e-02,3.1250000000000002e-03,1.5046004756700000e-10,4.6351487130663362e-11,1.0410856043633663e-10,1.0410856043633663e-10
2870,3.8333333333300001e+00,3.8333333333300001e+00,5.0000000000000003e-02,3.1250000000100000e-03,5.8108203143999999e-11,1.3942884381883221e-11,4.4165318762116776e-11,4.4165318762116776e-11
2871,3.9166666666699999e+00,3.9166666666699999e+00,5.0000000000000003e-02,3.1250000000100000e-03,2.1201910561299999e-11,3.9895221936316481e-12,1.7212388367668350e-11,1.7212388367668350e-11
2872,3.9166666666699999e+00,4.0833333333299997e+00,5.0000000000000003e-02,3.1250000000100000e-03,5.4425301793099999e-12,1.0856787918086774e-12,4.3568513875013227e-12,4.3568513875013227e-12
2873,3.8333333333300001e+00,4.1666666666700003e+00,5.0000000000000003e-02,3.1250000000100000e-03,5.0721486336500001e-12,1.0324979997914131e-12,4.0396506338585866e-12,4.0396506338585866e-12
2874,3.8333333333300001e+00,4.3333333333299997e+00,5.0000000000000003e-02,3.1250000000100000e-03,1.7218985371200001e-12,2.5406295737213792e-13,1.4678355797478622e-12,1.4678355797478622e-12
2875,3.9166666666699999e+00,4.4166666666700003e+00,5.0000000000000003e-02,3.1250000000100000e-03,5.8863708979599997e-13,6.5733298698090884e-14,5.2290379109790910e-13,5.2290379109790910e-13
2876,3.9166666666699999e+00,4.5833333333299997e+00,5.0000000000000003e-02,3.1250000000100000e-03,1.3125560128500001e-13,1.4619312979161443e-14,1.1663628830583858e-13,1.1663628830583858e-13
2877,3.8333333333300001e+00,4.6666666666700003e+00,5.0000000000000003e-02,3.1250000000100000e-03,1.0609585053199999e-13,1.2566303145724529e-14,9.3529547386275467e-14,9.3529547386275467e-14
2878,3.8333333333300001e+00,4.8333333333299997e+00,5.0000000000000003e-02,3.1250000000100000e-03,3.3067591574199998e-14,2.5251434292837234e-15,3.0542448144916275e-14,3.0542448144916275e-14
2879,3.9166666666699999e+00,4.9166666666700003e+00,5.0000000000000003e-02,3.1250000000100000e-03,1.2099241145400000e-14,5.9029587792133386e-16,1.1508945267478667e-14,1.1508945267478667e-14
2880,4.0833333333299997e+00,-4.9166666666700003e+00,5.0000000000000003e-02,3.1250000000100000e-03,3.1955543432400001e-15,1.6063871422354289e-16,3.0349156290164573e-15,3.0349156290164573e-15
2881,4.1666666666700003e+00,-4.8333333333299997e+00,5.0000000000000003e-02,3.1250000000100000e-03,3.3240377211800001e-15,1.8699183529840954e-16,3.1370458858815906e-15,3.1370458858815906e-15
2882,4.1666666666700003e+00,-4.6666666666700003e+00,5.0000000000000003e-02,3.1250000000100000e-03,1.5182598992299999e-14,9.3055945293441996e-16,1.4252039539365577e-14,1.4252039539365577e-14
2883,4.0833333333299997e+00,-4.5833333333299997e+00,5.0000000000000003e-02,3.1250000000100000e-03,4.7157029900499998e-14,3.9783907149644904e-15,4.3178639185535507e-14,4.3178639185535507e-14
2884,4.0833333333299997e+00,-4.4166666666700003e+00,5.0000000000000003e-02,3.1250000000100000e-03,1.4772595423600000e-13,1.7888169271513360e-14,1.2983778496448664e-13,1.2983778496448664e-13
2885,4.1666666666700003e+00,-4.3333333333299997e+00,5.0000000000000003e-02,3.1250000000100000e-03,1.5889483906200001e-13,1.8813861473933615e-14,1.4008097758806639e-13,1.4008097758806639e-13
2886,4.1666666666700003e+00,-4.1666666666700003e+00,5.0000000000000003e-02,3.1250000000100000e-03,6.7435488644799998e-13,7.6458506746168738e-14,5.9789637970183125e-13,5.9789637970183125e-13
2887,4.0833333333299997e+00,-4.0833333333299997e+00,5.0000000000000003e-02,3.1250000000100000e-03,1.9682485455300002e-12,2.9544852284934517e-13,1.6728000226806549e-12,1.6728000226806549e-12
2888,4.0833333333299997e+00,-3.9166666666699999e+00,5.0000000000000003e-02,3.1250000000100000e-03,5.4425301793099999e-12,1.0856787918086774e-12,4.3568513875013227e-12,4.3568513875013227e-12
2889,4.1666666666700003e+00,-3.8333333333300001e+00,5.0000000000000003e-02,3.1250000000100000e-03,5.0721486336500001e-12,1.0324979997914131e-12,4.0396506338585866e-12,4.0396506338585866e-12
2890,4.1666666666700003e+00,-3.6666666666699999e+00,5.0000000000000003e-02,3.1250000000000002e-03,1.8500189932900001e-11,3.4324187477271000e-12,1.5067771185172903e-11,1.5067771185172903e-11
2891,4.0833333333299997e+00,-3.5833333333300001e+00,5.0000000000000003e-02,3.1250000000000002e-03,5.0818403930100002e-11,1.1999221851457313e-11,3.8819182078642692e-11,3.8819182078642692e-11
2892,4.0833333333299997e+00,-3.4166666666699999e+00,5.0000000000000003e-02,3.1250000000000002e-03,1.2343750880300000e-10,3.6109657598988062e-11,8.7327851204011940e-11,8.7327851204011940e-11
2893,4.1666666666700003e+00,-3.3333333333300001e+00,5.0000000000000003e-02,3.1249999999899999e-03,1.0093013489899999e-10,3.1086890184748677e-11,6.9843244714251317e-11,6.9843244714251317e-11
2894,4.1666666666700003e+00,-3.1666666666699999e+00,5.0000000000000003e-02,3.1249999999899999e-03,3.1152174796000000e-10,8.4749297068687649e-11,2.2677245089131235e-10,2.2677245089131235e-10
2895,4.0833333333299997e+00,-3.0833333333300001e+00,5.0000000000000003e-02,3.1250000000000002e-03,8.0793325244700004e-10,2.6840233889926503e-10,5.3953091354773507e-10,5.3953091354773507e-10
2896,4.0833333333299997e+00,-2.9166666666699999e+00,5.0000000000000003e-02,3.1250000000000002e-03,1.7149815086300000e-09,6.6350309326282928e-10,1.0514784153671708e-09,1.0514784153671708e-09
2897,4.1666666666700003e+00,-2.8333333333300001e+00,5.0000000000000003e-02,3.1249999999899999e-03,1.2502187595500000e-09,5.1797199193524632e-10,7.3224676761475368e-10,7.3224676761475368e-10
2898,4.1666666666700003e+00,-2.6666666666699999e+00,5.0000000000000003e-02,3.1249999999899999e-03,3.2176117425700000e-09,1.1624518835713204e-09,2.0551598589986796e-09,2.0551598589986796e-09
2899,4.0833333333299997e+00,-2.5833333333400001e+00,5.0000000000000003e-02,3.1250000000000002e-03,7.9005403896099992e-09,3.3423548256367881e-09,4.5581855639732111e-09,4.5581855639732111e-09
2900,4.0833333333299997e+00,-2.4166666666699999e+00,5.0000000000000003e-02,3.1250000000000002e-03,1.4574503093800000e-08,6.8200307334913650e-09,7.7544723603086345e-09,7.7544723603086345e-09
2901,4.1666666666700003e+00,-2.3333333333400001e+00,5.0000000000000003e-02,3.1249999999899999e-03,9.6336625978299996e-09,4.8410003909738203e-09,4.7926622068561793e-09,4.7926622068561793e-09
2902,4.1666666666700003e+00,-2.1666666666699999e+00,5.0000000000000003e-02,3.1250000000000002e-03,2.0426281133599999e-08,8.9985316732211523e-09,1.1427749460378847e-08,1.1427749460378847e-08
2903,4.0833333333299997e+00,-2.0833333333400001e+00,5.0000000000000003e-02,3.1250000000000002e-03,4.7605646276100000e-08,2.3571061943856274e-08,2.4034584332243727e-08,2.4034584332243727e-08
2904,4.0833333333299997e+00,-1.9166666666700001e+00,5.0000000000000003e-02,3.1250000000000002e-03,7.6016243373299998e-08,4.0013090564077619e-08,3.6003152809222380e-08,3.6003152809222380e-08
2905,4.1666666666700003e+00,-1.8333333333399999e+00,5.0000000000000003e-02,3.1249999999899999e-03,4.6306549177800002e-08,2.5940198555348863e-08,2.0366350622451139e-08,2.0366350622451139e-08
2906,4.1666666666700003e+00,-1.6666666666700001e+00,5.0000000000000003e-02,3.1249999999899999e-03,8.0432993249400001e-08,4.0345173882699381e-08,4.0087819366700620e-08,4.0087819366700620e-08
2907,4.0833333333299997e+00,-1.5833333333399999e+00,5.0000000000000003e-02,3.1250000000000002e-03,1.7845600186000001e-07,9.6836955746897378e-08,8.1619046113102635e-08,8.1619046113102635e-08
2908,4.0833333333299997e+00,-1.4166666666700001e+00,5.0000000000000003e-02,3.1250000000000002e-03,2.4696739070300003e-07,1.3857480031236201e-07,1.0839259039063802e-07,1.0839259039063802e-07
2909,4.1666666666700003e+00,-1.3333333333399999e+00,5.0000000000000003e-02,3.1249999999899999e-03,1.4080288376500000e-07,8.2668117727739325e-08,5.8134766037260671e-08,5.8134766037260671e-08
2910,4.1666666666700003e+00,-1.1666666666700001e+00,5.0000000000000003e-02,3.1250000000000002e-03,2.0169504816300000e-07,1.0943410877271526e-07,9.2260939390284736e-08,9.2260939390284736e-08
2911,4.0833333333299997e+00,-1.0833333333399999e+00,5.0000000000000003e-02,3.1250000000000002e-03,4.2783794893000000e-07,2.4301799905525054e-07,1.8481994987474946e-07,1.8481994987474946e-07
2912,4.0833333333299997e+00,-9.1666666667300001e-01,5.0000000000000003e-02,3.1250000000100000e-03,5.1915149825799996e-07,2.9960186180374949e-07,2.1954963645425046e-07,2.1954963645425046e-07
2913,4.1666666666700003e+00,-8.3333333333899995e-01,5.0000000000000003e-02,3.1250000000100000e-03,2.8114215546600002e-07,1.6647448370053155e-07,1.1466767176546847e-07,1.1466767176546847e-07
2914,4.1666666666700003e+00,-6.6666666667300001e-01,5.0000000000000003e-02,3.1250000000100000e-03,3.4027750663600001e-07,1.9264965652187557e-07,1.4762785011412444e-07,1.4762785011412444e-07
2915,4.0833333333299997e+00,-5.8333333333899995e-01,5.0000000000000003e-02,3.1250000000100000e-03,6.9452094938900004e-07,4.0159849770808015e-07,2.9292245168091989e-07,2.9292245168091989e-07
2916,4.0833333333299997e+00,-4.1666666667199997e-01,5.0000000000000003e-02,3.1250000000100000e-03,7.5643089406400003e-07,4.3988276289219299e-07,3.1654813117180704e-07,3.1654813117180704e-07
2917,4.1666666666700003e+00,-3.3333333333900000e-01,5.0000000000000003e-02,3.1250000000100000e-03,3.9431363253100001e-07,2.3132168844967123e-07,1.6299194408132878e-07,1.6299194408132878e-07
2918,4.1666666666700003e+00,-1.6666666667200000e-01,5.0000000000000003e-02,3.1250000000100000e-03,4.1766037064899999e-07,2.4157147477100095e-07,1.7608889587799904e-07,1.7608889587799904e-07
2919,4.0833333333299997e+00,-8.3333333338500001e-02,5.0000000000000003e-02,3.1250000000100000e-03,8.2588306472299999e-07,4.7996623284896161e-07,3.4591683187403838e-07,3.4591683187403838e-07
2920,4.0833333333299997e+00,8.3333333328399997e-02,5.0000000000000003e-02,3.1250000000100000e-03,8.2588306472400001e-07,4.7996623284937454e-07,3.4591683187462548e-07,3.4591683187462548e-07
2921,4.1666666666700003e+00,1.6666666666200000e-01,5.0000000000000003e-02,3.1250000000100000e-03,4.1766037065000002e-07,2.4157147477141489e-07,1.7608889587858514e-07,1.7608889587858514e-07
2922,4.1666666666700003e+00,3.3333333332900000e-01,5.0000000000000003e-02,3.1250000000100000e-03,3.9431363253300002e-07,2.3132168845048295e-07,1.6299194408251707e-07,1.6299194408251707e-07
2923,4.0833333333299997e+00,4.1666666666199997e-01,5.0000000000000003e-02,3.1250000000100000e-03,7.5643089406999999e-07,4.3988276289415472e-07,3.1654813117584527e-07,3.1654813117584527e-07
2924,4.0833333333299997e+00,5.8333333332899995e-01,5.0000000000000003e-02,3.1250000000100000e-03,6.9452094939500000e-07,4.0159849771069055e-07,2.9292245168430945e-07,2.9292245168430945e-07
2925,4.1666666666700003e+00,6.6666666666200003e-01,5.0000000000000003e-02,3.1250000000100000e-03,3.4027750664000002e-07,1.9264965652348581e-07,1.4762785011651421e-07,1.4762785011651421e-07
2926,4.1666666666700003e+00,8.3333333332899995e-01,5.0000000000000003e-02,3.1250000000100000e-03,2.8114215547000002e-07,1.6647448370219009e-07,1.1466767176780993e-07,1.1466767176780993e-07
2927,4.0833333333299997e+00,9.1666666666300001e-01,5.0000000000000003e-02,3.1250000000100000e-03,5.1915149826599997e-07,2.9960186180711370e-07,2.1954963645888627e-07,2.1954963645888627e-07
2928,4.0833333333299997e+00,1.0833333333299999e+00,5.0000000000000003e-02,3.1250000000100000e-03,4.2783794893699999e-07,2.4301799905863449e-07,1.8481994987836550e-07,1.8481994987836550e-07
2929,4.1666666666700003e+00,1.1666666666600001e+00,5.0000000000000003e-02,3.1250000000100000e-03,2.0169504816700001e-07,1.0943410877439501e-07,9.2260939392604997e-08,9.2260939392604997e-08
2930,4.1666666666700003e+00,1.3333333333299999e+00,5.0000000000000003e-02,3.1250000000100000e-03,1.4080288376800000e-07,8.2668117729255422e-08,5.8134766038744580e-08,5.8134766038744580e-08
2931,4.0833333333299997e+00,1.4166666666600001e+00,5.0000000000000003e-02,3.1250000000100000e-03,2.4696739070800001e-07,1.3857480031511947e-07,1.0839259039288054e-07,1.0839259039288054e-07
2932,4.0833333333299997e+00,1.5833333333299999e+00,5.0000000000000003e-02,3.1250000000100000e-03,1.7845600186399999e-07,9.6836955749137317e-08,8.1619046114862676e-08,8.1619046114862676e-08
2933,4.1666666666700003e+00,1.6666666666600001e+00,5.0000000000000003e-02,3.1250000000100000e-03,8.0432993251199999e-08,4.0345173883699872e-08,4.0087819367500127e-08,4.0087819367500127e-08
2934,4.1666666666700003e+00,1.8333333333299999e+00,5.0000000000000003e-02,3.1250000000100000e-03,4.6306549178799997e-08,2.5940198556080928e-08,2.0366350622719069e-08,2.0366350622719069e-08
2935,4.0833333333299997e+00,1.9166666666600001e+00,5.0000000000000003e-02,3.1250000000100000e-03,7.6016243375000007e-08,4.0013090565276938e-08,3.6003152809723069e-08,3.6003152809723069e-08
2936,4.0833333333299997e+00,2.0833333333300001e+00,5.0000000000000003e-02,3.1250000000100000e-03,4.7605646277100002e-08,2.3571061944646962e-08,2.4034584332453040e-08,2.4034584332453040e-08
2937,4.1666666666700003e+00,2.1666666666599999e+00,5.0000000000000003e-02,3.1250000000100000e-03,2.0426281134100000e-08,8.9985316735393472e-09,1.1427749460560653e-08,1.1427749460560653e-08
2938,4.1666666666700003e+00,2.3333333333300001e+00,5.0000000000000003e-02,3.1250000000100000e-03,9.6336625980300003e-09,4.8410003911628493e-09,4.7926622068671510e-09,4.7926622068671510e-09
2939,4.0833333333299997e+00,2.4166666666599999e+00,5.0000000000000003e-02,3.1250000000100000e-03,1.4574503094100001e-08,6.8200307337703771e-09,7.7544723603296234e-09,7.7544723603296234e-09
2940,4.0833333333299997e+00,2.5833333333300001e+00,5.0000000000000003e-02,3.1250000000100000e-03,7.9005403897600001e-09,3.3423548257861450e-09,4.5581855639738555e-09,4.5581855639738555e-09
2941,4.1666666666700003e+00,2.6666666666599999e+00,5.0000000000000003e-02,3.1250000000100000e-03,3.2176117426400002e-09,1.1624518836254732e-09,2.0551598590145272e-09,2.0551598590145272e-09
2942,4.1666666666700003e+00,2.8333333333300001e+00,5.0000000000000003e-02,3.1250000000100000e-03,1.2502187595700000e-09,5.1797199193524632e-10,7.3224676763475367e-10,7.3224676763475367e-10
2943,4.0833333333299997e+00,2.9166666666599999e+00,5.0000000000000003e-02,3.1250000000100000e-03,1.7149815086600000e-09,6.6350309329758885e-10,1.0514784153624112e-09,1.0514784153624112e-09
2944,4.0833333333299997e+00,3.0833333333300001e+00,5.0000000000000003e-02,3.1250000000100000e-03,8.0793325245899995e-10,2.6840233889926503e-10,5.3953091355973497e-10,5.3953091355973497e-10
2945,4.1666666666700003e+00,3.1666666666599999e+00,5.0000000000000003e-02,3.1250000000100000e-03,3.1152174796399999e-10,8.4749297073614828e-11,2.2677245089038516e-10,2.2677245089038516e-10
2946,4.1666666666700003e+00,3.3333333333300001e+00,5.0000000000000003e-02,3.1250000000100000e-03,1.0093013490000000e-10,3.1086890184748677e-11,6.9843244715251327e-11,6.9843244715251327e-11
2947,4.0833333333299997e+00,3.4166666666599999e+00,5.0000000000000003e-02,3.1250000000100000e-03,1.2343750880400001e-10,3.6109657601281227e-11,8.7327851202718785e-11,8.7327851202718785e-11
2948,4.0833333333299997e+00,3.5833333333300001e+00,5.0000000000000003e-02,3.1250000000100000e-03,5.0818403930299999e-11,1.1999221851457313e-11,3.8819182078842689e-11,3.8819182078842689e-11
2949,4.1666666666700003e+00,3.6666666666699999e+00,5.0000000000000003e-02,3.1250000000100000e-03,1.8500189932900001e-11,3.4324187477271000e-12,1.5067771185172903e-11,1.5067771185172903e-11
2950,4.1666666666700003e+00,3.8333333333300001e+00,5.0000000000000003e-02,3.1250000000100000e-03,5.0721486336599998e-12,1.0324979997914131e-12,4.0396506338685871e-12,4.0396506338685871e-12
2951,4.0833333333299997e+00,3.9166666666699999e+00,5.0000000000000003e-02,3.1250000000100000e-03,5.4425301793099999e-12,1.0856787918086774e-12,4.3568513875013227e-12,4.3568513875013227e-12
2952,4.0833333333299997e+00,4.0833333333299997e+00,5.0000000000000003e-02,3.1250000000100000e-03,1.9682485455300002e-12,2.9544852284934517e-13,1.6728000226806549e-12,1.6728000226806549e-12
2953,4.1666666666700003e+00,4.1666666666700003e+00,5.0000000000000003e-02,3.1250000000100000e-03,6.7435488644799998e-13,7.6458506746168738e-14,5.9789637970183125e-13,5.9789637970183125e-13
2954,4.1666666666700003e+00,4.3333333333299997e+00,5.0000000000000003e-02,3.1250000000100000e-03,1.5889483906100001e-13,1.8813861473933615e-14,1.4008097758706639e-13,1.4008097758706639e-13
2955,4.0833333333299997e+00,4.4166666666700003e+00,5.0000000000000003e-02,3.1250000000100000e-03,1.4772595423600000e-13,1.7888169271513360e-14,1.2983778496448664e-13,1.2983778496448664e-13
2956,4.0833333333299997e+00,4.5833333333299997e+00,5.0000000000000003e-02,3.1250000000100000e-03,4.7157029900400002e-14,3.9783907149644904e-15,4.3178639185435511e-14,4.3178639185435511e-14
2957,4.1666666666700003e+00,4.6666666666700003e+00,5.0000000000000003e-02,3.1250000000100000e-03,1.5182598992299999e-14,9.3055945293441996e-16,1.4252039539365577e-14,1.4252039539365577e-14
2958,4.1666666666700003e+00,4.8333333333299997e+00,5.0000000000000003e-02,3.1250000000100000e-03,3.3240377211600001e-15,1.8699183529840954e-16,3.1370458858615906e-15,3.1370458858615906e-15
2959,4.0833333333299997e+00,4.9166666666700003e+00,5.0000000000000003e-02,3.1250000000100000e-03,3.1955543432200001e-15,1.6063871422354289e-16,3.0349156289964573e-15,3.0349156289964573e-15
2960,4.4166666666700003e+00,-4.9166666666700003e+00,5.0000000000000003e-02,3.1250000000100000e-03,3.7663414484600002e-16,9.7260006036796647e-18,3.6690814424232037e-16,3.6690814424232037e-16
2961,4.3333333333299997e+00,-4.8333333333299997e+00,5.0000000000000003e-02,3.1250000000100000e-03,1.0946448364000000e-15,4.6012388101434810e-17,1.0486324482985653e-15,1.0486324482985653e-15
2962,4.3333333333299997e+00,-4.6666666666700003e+00,5.0000000000000003e-02,3.1250000000100000e-03,3.5008143975000002e-15,2.2897931683245836e-16,3.2718350806675420e-15,3.2718350806675420e-15
2963,4.4166666666700003e+00,-4.5833333333299997e+00,5.0000000000000003e-02,3.1250000000100000e-03,3.7648871894000003e-15,2.4087487678451121e-16,3.5240123126154891e-15,3.5240123126154891e-15
2964,4.4166666666700003e+00,-4.4166666666700003e+00,5.0000000000000003e-02,3.1250000000100000e-03,1.7347803646599999e-14,1.0830536460305206e-15,1.6264750000569480e-14,1.6264750000569480e-14
2965,4.3333333333299997e+00,-4.3333333333299997e+00,5.0000000000000003e-02,3.1250000000100000e-03,5.3864060939200002e-14,4.6294571869610867e-15,4.9234603752238915e-14,4.9234603752238915e-14
2966,4.3333333333299997e+00,-4.1666666666700003e+00,5.0000000000000003e-02,3.1250000000100000e-03,1.5889483906100001e-13,1.8813861473933615e-14,1.4008097758706639e-13,1.4008097758706639e-13
2967,4.4166666666700003e+00,-4.0833333333299997e+00,5.0000000000000003e-02,3.1250000000100000e-03,1.4772595423600000e-13,1.7888169271513360e-14,1.2983778496448664e-13,1.2983778496448664e-13
2968,4.4166666666700003e+00,-3.9166666666699999e+00,5.0000000000000003e-02,3.1250000000100000e-03,5.8863708979599997e-13,6.5733298698090884e-14,5.2290379109790910e-13,5.2290379109790910e-13
2969,4.3333333333299997e+00,-3.8333333333300001e+00,5.0000000000000003e-02,3.1250000000100000e-03,1.7218985371200001e-12,2.5406295737213792e-13,1.4678355797478622e-12,1.4678355797478622e-12
2970,4.3333333333299997e+00,-3.6666666666699999e+00,5.0000000000000003e-02,3.1250000000000002e-03,4.4791016624299998e-12,8.4460256403720896e-13,3.6344990983927907e-12,3.6344990983927907e-12
2971,4.4166666666700003e+00,-3.5833333333300001e+00,5.0000000000000003e-02,3.1250000000000002e-03,3.6367392518299999e-12,7.2650257153176402e-13,2.9102366802982360e-12,2.9102366802982360e-12
2972,4.4166666666700003e+00,-3.4166666666699999e+00,5.0000000000000003e-02,3.1249999999899999e-03,1.2332533634700000e-11,2.1862883633250119e-12,1.0146245271374988e-11,1.0146245271374988e-11
2973,4.3333333333299997e+00,-3.3333333333300001e+00,5.0000000000000003e-02,3.1249999999899999e-03,3.4095947371599998e-11,7.6494358898861869e-12,2.6446511481713811e-11,2.6446511481713811e-11
2974,4.3333333333299997e+00,-3.1666666666699999e+00,5.0000000000000003e-02,3.1249999999899999e-03,7.7808227976199996e-11,2.0853945530965197e-11,5.6954282445234796e-11,5.6954282445234796e-11
2975,4.4166666666700003e+00,-3.0833333333300001e+00,5.0000000000000003e-02,3.1249999999899999e-03,5.6087974951199999e-11,1.6250636235363358e-11,3.9837338715836638e-11,3.9837338715836638e-11
2976,4.4166666666700003e+00,-2.9166666666699999e+00,5.0000000000000003e-02,3.1249999999899999e-03,1.5947302642199999e-10,4.0172330292916587e-11,1.1930069612908340e-10,1.1930069612908340e-10
2977,4.3333333333299997e+00,-2.8333333333300001e+00,5.0000000000000003e-02,3.1249999999899999e-03,4.1782799085200000e-10,1.2745544895350053e-10,2.9037254189849949e-10,2.9037254189849949e-10
2978,4.3333333333299997e+00,-2.6666666666699999e+00,5.0000000000000003e-02,3.1249999999899999e-03,8.3140205306900000e-10,2.8604022807076238e-10,5.4536182499823762e-10,5.4536182499823762e-10
2979,4.4166666666700003e+00,-2.5833333333400001e+00,5.0000000000000003e-02,3.1249999999899999e-03,5.4129495513100002e-10,2.0236557052254324e-10,3.3892938460845678e-10,3.3892938460845678e-10
2980,4.4166666666700003e+00,-2.4166666666699999e+00,5.0000000000000003e-02,3.1249999999899999e-03,1.2732268513900001e-09,4.1292426518519440e-10,8.6030258620480568e-10,8.6030258620480568e-10
2981,4.3333333333299997e+00,-2.3333333333400001e+00,5.0000000000000003e-02,3.1249999999899999e-03,3.1688782869100002e-09,1.1912070301530413e-09,1.9776712567569587e-09,1.9776712567569587e-09
2982,4.3333333333299997e+00,-2.1666666666699999e+00,5.0000000000000003e-02,3.1249999999899999e-03,5.4664116109199997e-09,2.2142353489956193e-09,3.2521762619243804e-09,3.2521762619243804e-09
2983,4.4166666666700003e+00,-2.0833333333400001e+00,5.0000000000000003e-02,3.1249999999899999e-03,3.2674588264499999e-09,1.4271289695228284e-09,1.8403298569271715e-09,1.8403298569271715e-09
2984,4.4166666666700003e+00,-1.9166666666700001e+00,5.0000000000000003e-02,3.1249999999899999e-03,6.2993998412400001e-09,2.4226248626451745e-09,3.8767749785948256e-09,3.8767749785948256e-09
2985,4.3333333333299997e+00,-1.8333333333399999e+00,5.0000000000000003e-02,3.1249999999899999e-03,1.4930608261499999e-08,6.3830085492890095e-09,8.5475997122109904e-09,8.5475997122109904e-09
2986,4.3333333333299997e+00,-1.6666666666700001e+00,5.0000000000000003e-02,3.1249999999899999e-03,2.2271139632800000e-08,9.9275874572178437e-09,1.2343552175582157e-08,1.2343552175582157e-08
2987,4.4166666666700003e+00,-1.5833333333399999e+00,5.0000000000000003e-02,3.1249999999899999e-03,1.2408811701600001e-08,5.8630716425069048e-09,6.5457400590930958e-09,6.5457400590930958e-09
2988,4.4166666666700003e+00,-1.4166666666700001e+00,5.0000000000000003e-02,3.1249999999899999e-03,1.9602141848499999e-08,8.3901231282097380e-09,1.1212018720290261e-08,1.1212018720290261e-08
2989,4.3333333333299997e+00,-1.3333333333399999e+00,5.0000000000000003e-02,3.1249999999899999e-03,4.4394466202100000e-08,2.0341837441370885e-08,2.4052628760729115e-08,2.4052628760729115e-08
2990,4.3333333333299997e+00,-1.1666666666700001e+00,5.0000000000000003e-02,3.1250000000000002e-03,5.7571657320700002e-08,2.6928045688996100e-08,3.0643611631703902e-08,3.0643611631703902e-08
2991,4.4166666666700003e+00,-1.0833333333399999e+00,5.0000000000000003e-02,3.1250000000000002e-03,3.0331262240900001e-08,1.4713720891884403e-08,1.5617541349015599e-08,1.5617541349015599e-08
2992,4.4166666666700003e+00,-9.1666666667300001e-01,5.0000000000000003e-02,3.1250000000100000e-03,3.9860330347400002e-08,1.8139636530654947e-08,2.1720693816745055e-08,2.1720693816745055e-08
2993,4.3333333333299997e+00,-8.3333333334000004e-01,5.0000000000000003e-02,3.1250000000100000e-03,8.6708728175100006e-08,4.0963759411116707e-08,4.5744968763983299e-08,4.5744968763983299e-08
2994,4.3333333333299997e+00,-6.6666666667300001e-01,5.0000000000000003e-02,3.1250000000100000e-03,9.9516055106200002e-08,4.7404587207493145e-08,5.2111467898706856e-08,5.2111467898706856e-08
2995,4.4166666666700003e+00,-5.8333333333899995e-01,5.0000000000000003e-02,3.1250000000100000e-03,5.0251380864400001e-08,2.4315105172655735e-08,2.5936275691744266e-08,2.5936275691744266e-08
2996,4.4166666666700003e+00,-4.1666666667300001e-01,5.0000000000000003e-02,3.1250000000100000e-03,5.6721461326500000e-08,2.6633056907329387e-08,3.0088404419170613e-08,3.0088404419170613e-08
2997,4.3333333333299997e+00,-3.3333333333900000e-01,5.0000000000000003e-02,3.1250000000100000e-03,1.1933147192499999e-07,5.6920470822909734e-08,6.2411001102090253e-08,6.2411001102090253e-08
2998,4.3333333333299997e+00,-1.6666666667200000e-01,5.0000000000000003e-02,3.1250000000100000e-03,1.2437712214399999e-07,5.9442597767228844e-08,6.4934524376771147e-08,6.4934524376771147e-08
2999,4.4166666666700003e+00,-8.3333333338900001e-02,5.0000000000000003e-02,3.1250000000100000e-03,6.0839558936100002e-08,2.9059942947118918e-08,3.1779615988981088e-08,3.1779615988981088e-08
3000,4.4166666666700003e+00,8.3333333327999998e-02,5.0000000000000003e-02,3.1250000000100000e-03,6.0839558936200005e-08,2.9059942947145890e-08,3.1779615989054118e-08,3.1779615989054118e-08
3001,4.3333333333299997e+00,1.6666666666200000e-01,5.0000000000000003e-02,3.1250000000100000e-03,1.2437712214499999e-07,5.9442597767330699e-08,6.4934524377669293e-08,6.4934524377669293e-08
3002,4.3333333333299997e+00,3.3333333332800003e-01,5.0000000000000003e-02,3.1250000000100000e-03,1.1933147192499999e-07,5.6920470823129440e-08,6.2411001101870554e-08,6.2411001101870554e-08
3003,4.4166666666700003e+00,4.1666666666199997e-01,5.0000000000000003e-02,3.1250000000100000e-03,5.6721461326899998e-08,2.6633056907460035e-08,3.0088404419439963e-08,3.0088404419439963e-08
3004,4.4166666666700003e+00,5.8333333332899995e-01,5.0000000000000003e-02,3.1250000000100000e-03,5.0251380864900002e-08,2.4315105172813783e-08,2.5936275692086219e-08,2.5936275692086219e-08
3005,4.3333333333299997e+00,6.6666666666200003e-01,5.0000000000000003e-02,3.1250000000100000e-03,9.9516055107399996e-08,4.7404587207889371e-08,5.2111467899510625e-08,5.2111467899510625e-08
3006,4.3333333333299997e+00,8.3333333332899995e-01,5.0000000000000003e-02,3.1250000000100000e-03,8.6708728176400003e-08,4.0963759411565634e-08,4.5744968764834369e-08,4.5744968764834369e-08
3007,4.4166666666700003e+00,9.1666666666200003e-01,5.0000000000000003e-02,3.1250000000100000e-03,3.9860330348100002e-08,1.8139636530879007e-08,2.1720693817220995e-08,2.1720693817220995e-08
3008,4.4166666666700003e+00,1.0833333333299999e+00,5.0000000000000003e-02,3.1250000000100000e-03,3.0331262241499998e-08,1.4713720892089285e-08,1.5617541349410713e-08,1.5617541349410713e-08
3009,4.3333333333299997e+00,1.1666666666600001e+00,5.0000000000000003e-02,3.1250000000100000e-03,5.7571657321900003e-08,2.6928045689409432e-08,3.0643611632490571e-08,3.0643611632490571e-08
3010,4.3333333333299997e+00,1.3333333333299999e+00,5.0000000000000003e-02,3.1250000000100000e-03,4.4394466202999999e-08,2.0341837441743946e-08,2.4052628761256052e-08,2.4052628761256052e-08
3011,4.4166666666700003e+00,1.4166666666600001e+00,5.0000000000000003e-02,3.1250000000100000e-03,1.9602141848900001e-08,8.3901231283766912e-09,1.1212018720523310e-08,1.1212018720523310e-08
3012,4.4166666666700003e+00,1.5833333333299999e+00,5.0000000000000003e-02,3.1250000000100000e-03,1.2408811701900001e-08,5.8630716426425236e-09,6.5457400592574772e-09,6.5457400592574772e-09
3013,4.3333333333299997e+00,1.6666666666600001e+00,5.0000000000000003e-02,3.1250000000100000e-03,2.2271139633300001e-08,9.9275874574640308e-09,1.2343552175835971e-08,1.2343552175835971e-08
3014,4.3333333333299997e+00,1.8333333333299999e+00,5.0000000000000003e-02,3.1250000000100000e-03,1.4930608261800001e-08,6.3830085494691455e-09,8.5475997123308555e-09,8.5475997123308555e-09
3015,4.4166666666700003e+00,1.9166666666600001e+00,5.0000000000000003e-02,3.1250000000100000e-03,6.2993998413900002e-09,2.4226248627177881e-09,3.8767749786722116e-09,3.8767749786722116e-09
3016,4.4166666666700003e+00,2.0833333333300001e+00,5.0000000000000003e-02,3.1250000000100000e-03,3.2674588265299998e-09,1.4271289695707013e-09,1.8403298569592985e-09,1.8403298569592985e-09
3017,4.3333333333299997e+00,2.1666666666599999e+00,5.0000000000000003e-02,3.1250000000100000e-03,5.4664116110500002e-09,2.2142353490739165e-09,3.2521762619760837e-09,3.2521762619760837e-09
3018,4.3333333333299997e+00,2.3333333333300001e+00,5.0000000000000003e-02,3.1250000000100000e-03,3.1688782869799999e-09,1.1912070301995549e-09,1.9776712567804448e-09,1.9776712567804448e-09
3019,4.4166666666700003e+00,2.4166666666599999e+00,5.0000000000000003e-02,3.1250000000100000e-03,1.2732268514200001e-09,4.1292426520208739e-10,8.6030258621791267e-10,8.6030258621791267e-10
3020,4.4166666666700003e+00,2.5833333333300001e+00,5.0000000000000003e-02,3.1250000000100000e-03,5.4129495514300003e-10,2.0236557053158621e-10,3.3892938461141385e-10,3.3892938461141385e-10
3021,4.3333333333299997e+00,2.6666666666599999e+00,5.0000000000000003e-02,3.1250000000100000e-03,8.3140205308699997e-10,2.8604022808408759e-10,5.4536182500291233e-10,5.4536182500291233e-10
3022,4.3333333333299997e+00,2.8333333333300001e+00,5.0000000000000003e-02,3.1250000000100000e-03,4.1782799086000002e-10,1.2745544895350053e-10,2.9037254190649947e-10,2.9037254190649947e-10
3023,4.4166666666700003e+00,2.9166666666599999e+00,5.0000000000000003e-02,3.1250000000100000e-03,1.5947302642499999e-10,4.0172330295021129e-11,1.1930069612997885e-10,1.1930069612997885e-10
3024,4.4166666666700003e+00,3.0833333333300001e+00,5.0000000000000003e-02,3.1250000000100000e-03,5.6087974952099998e-11,1.6250636235363358e-11,3.9837338716736636e-11,3.9837338716736636e-11
3025,4.3333333333299997e+00,3.1666666666599999e+00,5.0000000000000003e-02,3.1250000000100000e-03,7.7808227977300004e-11,2.0853945532177608e-11,5.6954282445122397e-11,5.6954282445122397e-11
3026,4.3333333333299997e+00,3.3333333333300001e+00,5.0000000000000003e-02,3.1250000000100000e-03,3.4095947371999998e-11,7.6494358898861869e-12,2.6446511482113811e-11,2.6446511482113811e-11
3027,4.4166666666700003e+00,3.4166666666599999e+00,5.0000000000000003e-02,3.1250000000100000e-03,1.2332533634800000e-11,2.1862883634638531e-12,1.0146245271336147e-11,1.0146245271336147e-11
3028,4.4166666666700003e+00,3.5833333333300001e+00,5.0000000000000003e-02,3.1250000000100000e-03,3.6367392518500000e-12,7.2650257153176402e-13,2.9102366803182362e-12,2.9102366803182362e-12
3029,4.3333333333299997e+00,3.6666666666699999e+00,5.0000000000000003e-02,3.1250000000100000e-03,4.4791016624499999e-12,8.4460256403720896e-13,3.6344990984127909e-12,3.6344990984127909e-12
3030,4.3333333333299997e+00,3.8333333333300001e+00,5.0000000000000003e-02,3.1250000000100000e-03,1.7218985371200001e-12,2.5406295737213792e-13,1.4678355797478622e-12,1.4678355797478622e-12
3031,4.4166666666700003e+00,3.9166666666699999e+00,5.0000000000000003e-02,3.1250000000100000e-03,5.8863708979700002e-13,6.5733298698090884e-14,5.2290379109890915e-13,5.2290379109890915e-13
3032,4.4166666666700003e+00,4.0833333333299997e+00,5.0000000000000003e-02,3.1250000000100000e-03,1.4772595423600000e-13,1.7888169271513360e-14,1.2983778496448664e-13,1.2983778496448664e-13
3033,4.3333333333299997e+00,4.1666666666700003e+00,5.0000000000000003e-02,3.1250000000100000e-03,1.5889483906200001e-13,1.8813861473933615e-14,1.4008097758806639e-13,1.4008097758806639e-13
3034,4.3333333333299997e+00,4.3333333333299997e+00,5.0000000000000003e-02,3.1250000000100000e-03,5.3864060939200002e-14,4.6294571869610867e-15,4.9234603752238915e-14,4.9234603752238915e-14
3035,4.4166666666700003e+00,4.4166666666700003e+00,5.0000000000000003e-02,3.1250000000100000e-03,1.7347803646599999e-14,1.0830536460305206e-15,1.6264750000569480e-14,1.6264750000569480e-14
3036,4.4166666666700003e+00,4.5833333333299997e+00,5.0000000000000003e-02,3.1250000000100000e-03,3.7648871894000003e-15,2.4087487678451121e-16,3.5240123126154891e-15,3.5240123126154891e-15
3037,4.3333333333299997e+00,4.6666666666700003e+00,5.0000000000000003e-02,3.1250000000100000e-03,3.5008143975000002e-15,2.2897931683245836e-16,3.2718350806675420e-15,3.2718350806675420e-15
3038,4.3333333333299997e+00,4.8333333333299997e+00,5.0000000000000003e-02,3.1250000000100000e-03,1.0946448364000000e-15,4.6012388101434810e-17,1.0486324482985653e-15,1.0486324482985653e-15
3039,4.4166666666700003e+00,4.9166666666700003e+00,5.0000000000000003e-02,3.1250000000100000e-03,3.7663414484499999e-16,9.7260006036796647e-18,3.6690814424132034e-16,3.6690814424132034e-16
3040,4.5833333333299997e+00,-4.9166666666700003e+00,5.0000000000000003e-02,3.1250000000100000e-03,8.6105178891600003e-17,2.1630961731247448e-18,8.3942082718475258e-17,8.3942082718475258e-17
3041,4.6666666666700003e+00,-4.8333333333299997e+00,5.0000000000000003e-02,3.1250000000100000e-03,7.8187535154600006e-17,2.2758359712172967e-18,7.5911699183382703e-17,7.5911699183382703e-17
3042,4.6666666666700003e+00,-4.6666666666700003e+00,5.0000000000000003e-02,3.1250000000100000e-03,3.6439684965200002e-16,1.1325631800793683e-17,3.5307121785120631e-16,3.5307121785120631e-16
3043,4.5833333333299997e+00,-4.5833333333299997e+00,5.0000000000000003e-02,3.1250000000100000e-03,1.1978358342300001e-15,5.3571405699619826e-17,1.1442644285303803e-15,1.1442644285303803e-15
3044,4.5833333333299997e+00,-4.4166666666700003e+00,5.0000000000000003e-02,3.1250000000100000e-03,3.7648871894000003e-15,2.4087487678451121e-16,3.5240123126154891e-15,3.5240123126154891e-15
3045,4.6666666666700003e+00,-4.3333333333299997e+00,5.0000000000000003e-02,3.1250000000100000e-03,3.5008143975000002e-15,2.2897931683245836e-16,3.2718350806675420e-15,3.2718350806675420e-15
3046,4.6666666666700003e+00,-4.1666666666700003e+00,5.0000000000000003e-02,3.1250000000100000e-03,1.5182598992299999e-14,9.3055945293441996e-16,1.4252039539365577e-14,1.4252039539365577e-14
3047,4.5833333333299997e+00,-4.0833333333299997e+00,5.0000000000000003e-02,3.1250000000100000e-03,4.7157029900400002e-14,3.9783907149644904e-15,4.3178639185435511e-14,4.3178639185435511e-14
3048,4.5833333333299997e+00,-3.9166666666699999e+00,5.0000000000000003e-02,3.1250000000100000e-03,1.3125560128500001e-13,1.4619312979161443e-14,1.1663628830583858e-13,1.1663628830583858e-13
3049,4.6666666666700003e+00,-3.8333333333300001e+00,5.0000000000000003e-02,3.1250000000100000e-03,1.0609585053199999e-13,1.2566303145724529e-14,9.3529547386275467e-14,9.3529547386275467e-14
3050,4.6666666666700003e+00,-3.6666666666699999e+00,5.0000000000000003e-02,3.1250000000000002e-03,3.9383272172100002e-13,4.1775203938139022e-14,3.5205751778286097e-13,3.5205751778286097e-13
3051,4.5833333333299997e+00,-3.5833333333300001e+00,5.0000000000000003e-02,3.1250000000000002e-03,1.1572434691300000e-12,1.6157668462935287e-13,9.9566678450064724e-13,9.9566678450064724e-13
3052,4.5833333333299997e+00,-3.4166666666699999e+00,5.0000000000000003e-02,3.1249999999899999e-03,2.8367899849500001e-12,4.8623809361746305e-13,2.3505518913325372e-12,2.3505518913325372e-12
3053,4.6666666666700003e+00,-3.3333333333300001e+00,5.0000000000000003e-02,3.1249999999899999e-03,2.0273073215600000e-12,3.7835161520731223e-13,1.6489557063526877e-12,1.6489557063526877e-12
3054,4.6666666666700003e+00,-3.1666666666699999e+00,5.0000000000000003e-02,3.1249999999899999e-03,6.3470755362099996e-12,1.0314648150091741e-12,5.3156107212008251e-12,5.3156107212008251e-12
3055,4.5833333333299997e+00,-3.0833333333300001e+00,5.0000000000000003e-02,3.1249999999899999e-03,1.7690628745599999e-11,3.6141977040653023e-12,1.4076431041534696e-11,1.4076431041534696e-11
3056,4.5833333333299997e+00,-2.9166666666699999e+00,5.0000000000000003e-02,3.1249999999899999e-03,3.7952936704099999e-11,8.9344651993168999e-12,2.9018471504783101e-11,2.9018471504783101e-11
3057,4.6666666666700003e+00,-2.8333333333300001e+00,5.0000000000000003e-02,3.1249999999899999e-03,2.4405214145400001e-11,6.3041217251443032e-12,1.8101092420255700e-11,1.8101092420255700e-11
3058,4.6666666666700003e+00,-2.6666666666699999e+00,5.0000000000000003e-02,3.1249999999899999e-03,6.3544219412200003e-11,1.4147942915363286e-11,4.9396276496836717e-11,4.9396276496836717e-11
3059,4.5833333333299997e+00,-2.5833333333400001e+00,5.0000000000000003e-02,3.1249999999899999e-03,1.6837108399900000e-10,4.5006802796609843e-11,1.2336428120239017e-10,1.2336428120239017e-10
3060,4.5833333333299997e+00,-2.4166666666699999e+00,5.0000000000000003e-02,3.1249999999899999e-03,3.1398145888500001e-10,9.1835784739157479e-11,2.2214567414584251e-10,2.2214567414584251e-10
3061,4.6666666666700003e+00,-2.3333333333400001e+00,5.0000000000000003e-02,3.1249999999899999e-03,1.8470680205900000e-10,5.8918737328147528e-11,1.2578806473085249e-10,1.2578806473085249e-10
3062,4.6666666666700003e+00,-2.1666666666699999e+00,5.0000000000000003e-02,3.1249999999899999e-03,3.9533313052400000e-10,1.0951912439050248e-10,2.8581400613349751e-10,2.8581400613349751e-10
3063,4.5833333333299997e+00,-2.0833333333400001e+00,5.0000000000000003e-02,3.1249999999899999e-03,9.9799255874799991e-10,3.1739841876653505e-10,6.8059413998146481e-10,6.8059413998146481e-10
3064,4.5833333333299997e+00,-1.9166666666700001e+00,5.0000000000000003e-02,3.1249999999899999e-03,1.6091948338500000e-09,5.3880014847233646e-10,1.0703946853776635e-09,1.0703946853776635e-09
3065,4.6666666666700003e+00,-1.8333333333399999e+00,5.0000000000000003e-02,3.1249999999899999e-03,8.7921026965799997e-10,3.1571237791516570e-10,5.6349789174283427e-10,5.6349789174283427e-10
3066,4.6666666666700003e+00,-1.6666666666700001e+00,5.0000000000000003e-02,3.1249999999899999e-03,1.5383262918000000e-09,4.9103212362579995e-10,1.0472941681742000e-09,1.0472941681742000e-09
3067,4.5833333333299997e+00,-1.5833333333399999e+00,5.0000000000000003e-02,3.1249999999899999e-03,3.7099864956899999e-09,1.3039674116270089e-09,2.4060190840629912e-09,2.4060190840629912e-09
3068,4.5833333333299997e+00,-1.4166666666700001e+00,5.0000000000000003e-02,3.1249999999899999e-03,5.1736531775200004e-09,1.8659924022428779e-09,3.3076607752771224e-09,3.3076607752771224e-09
3069,4.6666666666700003e+00,-1.3333333333399999e+00,5.0000000000000003e-02,3.1249999999899999e-03,2.6621156509300002e-09,1.0061352448751309e-09,1.6559804060548693e-09,1.6559804060548693e-09
3070,4.6666666666700003e+00,-1.1666666666700001e+00,5.0000000000000003e-02,3.1249999999899999e-03,3.8329564146699998e-09,1.3318981592196289e-09,2.5010582554503707e-09,2.5010582554503707e-09
3071,4.5833333333299997e+00,-1.0833333333399999e+00,5.0000000000000003e-02,3.1249999999899999e-03,8.8674308795099993e-09,3.2723824160178941e-09,5.5950484634921053e-09,5.5950484634921053e-09
3072,4.5833333333299997e+00,-9.1666666667300001e-01,5.0000000000000003e-02,3.1250000000100000e-03,1.0813624466900000e-08,4.0343179031357039e-09,6.7793065637642961e-09,6.7793065637642961e-09
3073,4.6666666666700003e+00,-8.3333333334000004e-01,5.0000000000000003e-02,3.1250000000100000e-03,5.3097673835200000e-09,2.0261238555710470e-09,3.2836435279489530e-09,3.2836435279489530e-09
3074,4.6666666666700003e+00,-6.6666666667300001e-01,5.0000000000000003e-02,3.1250000000100000e-03,6.4457886240100000e-09,2.3446960529344054e-09,4.1010925710755946e-09,4.1010925710755946e-09
3075,4.5833333333299997e+00,-5.8333333334000004e-01,5.0000000000000003e-02,3.1250000000100000e-03,1.4391836748700000e-08,5.4077634879196246e-09,8.9840732607803759e-09,8.9840732607803759e-09
3076,4.5833333333299997e+00,-4.1666666667300001e-01,5.0000000000000003e-02,3.1250000000100000e-03,1.5711570035100000e-08,5.9232839707065251e-09,9.7882860643934761e-09,9.7882860643934761e-09
3077,4.6666666666700003e+00,-3.3333333333900000e-01,5.0000000000000003e-02,3.1250000000100000e-03,7.4500457387000000e-09,2.8153647385531607e-09,4.6346810001468393e-09,4.6346810001468393e-09
3078,4.6666666666700003e+00,-1.6666666667300001e-01,5.0000000000000003e-02,3.1250000000100000e-03,7.8988114874800006e-09,2.9401126045230998e-09,4.9586988829569013e-09,4.9586988829569013e-09
3079,4.5833333333299997e+00,-8.3333333339099994e-02,5.0000000000000003e-02,3.1250000000100000e-03,1.7129333192899999e-08,6.4630318197135916e-09,1.0666301373186407e-08,1.0666301373186407e-08
3080,4.5833333333299997e+00,8.3333333327800005e-02,5.0000000000000003e-02,3.1250000000100000e-03,1.7129333192899999e-08,6.4630318197198104e-09,1.0666301373180188e-08,1.0666301373180188e-08
3081,4.6666666666700003e+00,1.6666666666100000e-01,5.0000000000000003e-02,3.1250000000100000e-03,7.8988114875100008e-09,2.9401126045291452e-09,4.9586988829808556e-09,4.9586988829808556e-09
3082,4.6666666666700003e+00,3.3333333332800003e-01,5.0000000000000003e-02,3.1250000000100000e-03,7.4500457387499998e-09,2.8153647385640274e-09,4.6346810001859724e-09,4.6346810001859724e-09
3083,4.5833333333299997e+00,4.1666666666199997e-01,5.0000000000000003e-02,3.1250000000100000e-03,1.5711570035200000e-08,5.9232839707355823e-09,9.7882860644644184e-09,9.7882860644644184e-09
3084,4.5833333333299997e+00,5.8333333332799997e-01,5.0000000000000003e-02,3.1250000000100000e-03,1.4391836748800000e-08,5.4077634879618050e-09,8.9840732608381941e-09,8.9840732608381941e-09
3085,4.6666666666700003e+00,6.6666666666200003e-01,5.0000000000000003e-02,3.1250000000100000e-03,6.4457886240899999e-09,2.3446960529540034e-09,4.1010925711359969e-09,4.1010925711359969e-09
3086,4.6666666666700003e+00,8.3333333332899995e-01,5.0000000000000003e-02,3.1250000000100000e-03,5.3097673835999999e-09,2.0261238555932518e-09,3.2836435280067481e-09,3.2836435280067481e-09
3087,4.5833333333299997e+00,9.1666666666200003e-01,5.0000000000000003e-02,3.1250000000100000e-03,1.0813624467100001e-08,4.0343179031855358e-09,6.7793065639144650e-09,6.7793065639144650e-09
3088,4.5833333333299997e+00,1.0833333333299999e+00,5.0000000000000003e-02,3.1250000000100000e-03,8.8674308796799999e-09,3.2723824160634605e-09,5.5950484636165389e-09,5.5950484636165389e-09
3089,4.6666666666700003e+00,1.1666666666600001e+00,5.0000000000000003e-02,3.1250000000100000e-03,3.8329564147499998e-09,1.3318981592400729e-09,2.5010582555099269e-09,2.5010582555099269e-09
3090,4.6666666666700003e+00,1.3333333333299999e+00,5.0000000000000003e-02,3.1250000000100000e-03,2.6621156509900001e-09,1.0061352448935830e-09,1.6559804060964171e-09,1.6559804060964171e-09
3091,4.5833333333299997e+00,1.4166666666600001e+00,5.0000000000000003e-02,3.1250000000100000e-03,5.1736531776500001e-09,1.8659924022800088e-09,3.3076607753699912e-09,3.3076607753699912e-09
3092,4.5833333333299997e+00,1.5833333333299999e+00,5.0000000000000003e-02,3.1250000000100000e-03,3.7099864957800000e-09,1.3039674116571710e-09,2.4060190841228290e-09,2.4060190841228290e-09
3093,4.6666666666700003e+00,1.6666666666600001e+00,5.0000000000000003e-02,3.1250000000100000e-03,1.5383262918400000e-09,4.9103212363797667e-10,1.0472941682020234e-09,1.0472941682020234e-09
3094,4.6666666666700003e+00,1.8333333333299999e+00,5.0000000000000003e-02,3.1250000000100000e-03,8.7921026968100004e-10,3.1571237792407547e-10,5.6349789175692457e-10,5.6349789175692457e-10
3095,4.5833333333299997e+00,1.9166666666600001e+00,5.0000000000000003e-02,3.1250000000100000e-03,1.6091948338900000e-09,5.3880014848848603e-10,1.0703946854015140e-09,1.0703946854015140e-09
3096,4.5833333333299997e+00,2.0833333333300001e+00,5.0000000000000003e-02,3.1250000000100000e-03,9.9799255877300000e-10,3.1739841877718211e-10,6.8059413999581784e-10,6.8059413999581784e-10
3097,4.6666666666700003e+00,2.1666666666599999e+00,5.0000000000000003e-02,3.1250000000100000e-03,3.9533313053399999e-10,1.0951912439437516e-10,2.8581400613962485e-10,2.8581400613962485e-10
3098,4.6666666666700003e+00,2.3333333333300001e+00,5.0000000000000003e-02,3.1250000000100000e-03,1.8470680206400000e-10,5.8918737330448150e-11,1.2578806473355184e-10,1.2578806473355184e-10
3099,4.5833333333299997e+00,2.4166666666599999e+00,5.0000000000000003e-02,3.1250000000100000e-03,3.1398145889200002e-10,9.1835784742914533e-11,2.2214567414908548e-10,2.2214567414908548e-10
3100,4.5833333333299997e+00,2.5833333333300001e+00,5.0000000000000003e-02,3.1250000000100000e-03,1.6837108400299999e-10,4.5006802798621029e-11,1.2336428120437897e-10,1.2336428120437897e-10
3101,4.6666666666700003e+00,2.6666666666599999e+00,5.0000000000000003e-02,3.1250000000100000e-03,6.3544219413700005e-11,1.4147942916022368e-11,4.9396276497677637e-11,4.9396276497677637e-11
3102,4.6666666666700003e+00,2.8333333333300001e+00,5.0000000000000003e-02,3.1250000000100000e-03,2.4405214145900000e-11,6.3041217251443032e-12,1.8101092420755698e-11,1.8101092420755698e-11
3103,4.5833333333299997e+00,2.9166666666599999e+00,5.0000000000000003e-02,3.1250000000100000e-03,3.7952936704899999e-11,8.9344651997849581e-12,2.9018471505115039e-11,2.9018471505115039e-11
3104,4.5833333333299997e+00,3.0833333333300001e+00,5.0000000000000003e-02,3.1250000000100000e-03,1.7690628745900000e-11,3.6141977040653023e-12,1.4076431041834698e-11,1.4076431041834698e-11
3105,4.6666666666700003e+00,3.1666666666599999e+00,5.0000000000000003e-02,3.1250000000100000e-03,6.3470755363200001e-12,1.0314648150691417e-12,5.3156107212508582e-12,5.3156107212508582e-12
3106,4.6666666666700003e+00,3.3333333333300001e+00,5.0000000000000003e-02,3.1250000000100000e-03,2.0273073215899999e-12,3.7835161520731223e-13,1.6489557063826876e-12,1.6489557063826876e-12
3107,4.5833333333299997e+00,3.4166666666599999e+00,5.0000000000000003e-02,3.1250000000100000e-03,2.8367899849800000e-12,4.8623809364834187e-13,2.3505518913316583e-12,2.3505518913316583e-12
3108,4.5833333333299997e+00,3.5833333333300001e+00,5.0000000000000003e-02,3.1250000000100000e-03,1.1572434691300000e-12,1.6157668462935287e-13,9.9566678450064724e-13,9.9566678450064724e-13
3109,4.6666666666700003e+00,3.6666666666699999e+00,5.0000000000000003e-02,3.1250000000100000e-03,3.9383272172400001e-13,4.1775203938139022e-14,3.5205751778586102e-13,3.5205751778586102e-13
3110,4.6666666666700003e+00,3.8333333333300001e+00,5.0000000000000003e-02,3.1250000000100000e-03,1.0609585053199999e-13,1.2566303145724529e-14,9.3529547386275467e-14,9.3529547386275467e-14
3111,4.5833333333299997e+00,3.9166666666699999e+00,5.0000000000000003e-02,3.1250000000100000e-03,1.3125560128600001e-13,1.4619312979161443e-14,1.1663628830683858e-13,1.1663628830683858e-13
3112,4.5833333333299997e+00,4.0833333333299997e+00,5.0000000000000003e-02,3.1250000000100000e-03,4.7157029900499998e-14,3.9783907149644904e-15,4.3178639185535507e-14,4.3178639185535507e-14
3113,4.6666666666700003e+00,4.1666666666700003e+00,5.0000000000000003e-02,3.1250000000100000e-03,1.5182598992299999e-14,9.3055945293441996e-16,1.4252039539365577e-14,1.4252039539365577e-14
3114,4.6666666666700003e+00,4.3333333333299997e+00,5.0000000000000003e-02,3.1250000000100000e-03,3.5008143975000002e-15,2.2897931683245836e-16,3.2718350806675420e-15,3.2718350806675420e-15
3115,4.5833333333299997e+00,4.4166666666700003e+00,5.0000000000000003e-02,3.1250000000100000e-03,3.7648871894000003e-15,2.4087487678451121e-16,3.5240123126154891e-15,3.5240123126154891e-15
3116,4.5833333333299997e+00,4.5833333333299997e+00,5.0000000000000003e-02,3.1250000000100000e-03,1.1978358342300001e-15,5.3571405699619826e-17,1.1442644285303803e-15,1.1442644285303803e-15
3117,4.6666666666700003e+00,4.6666666666700003e+00,5.0000000000000003e-02,3.1250000000100000e-03,3.6439684965200002e-16,1.1325631800793683e-17,3.5307121785120631e-16,3.5307121785120631e-16
3118,4.6666666666700003e+00,4.8333333333299997e+00,5.0000000000000003e-02,3.1250000000100000e-03,7.8187535154500005e-17,2.2758359712172967e-18,7.5911699183282715e-17,7.5911699183282715e-17
3119,4.5833333333299997e+00,4.9166666666700003e+00,5.0000000000000003e-02,3.1250000000100000e-03,8.6105178891400002e-17,2.1630961731247448e-18,8.3942082718275258e-17,8.3942082718275258e-17
3120,4.9166666666700003e+00,-4.9166666666700003e+00,5.0000000000000003e-02,3.1250000000100000e-03,8.7863447824299995e-18,8.7341091634265641e-20,8.6990036907957339e-18,8.6990036907957339e-18
3121,4.8333333333299997e+00,-4.8333333333299997e+00,5.0000000000000003e-02,3.1250000000100000e-03,2.3854216356900000e-17,4.5731924355192348e-19,2.3396897113348076e-17,2.3396897113348076e-17
3122,4.8333333333299997e+00,-4.6666666666700003e+00,5.0000000000000003e-02,3.1250000000100000e-03,7.8187535154500005e-17,2.2758359712172967e-18,7.5911699183282715e-17,7.5911699183282715e-17
3123,4.9166666666700003e+00,-4.5833333333299997e+00,5.0000000000000003e-02,3.1250000000100000e-03,8.6105178891400002e-17,2.1630961731247448e-18,8.3942082718275258e-17,8.3942082718275258e-17
3124,4.9166666666700003e+00,-4.4166666666700003e+00,5.0000000000000003e-02,3.1250000000100000e-03,3.7663414484499999e-16,9.7260006036796647e-18,3.6690814424132034e-16,3.6690814424132034e-16
3125,4.8333333333299997e+00,-4.3333333333299997e+00,5.0000000000000003e-02,3.1250000000100000e-03,1.0946448364000000e-15,4.6012388101434810e-17,1.0486324482985653e-15,1.0486324482985653e-15
3126,4.8333333333299997e+00,-4.1666666666700003e+00,5.0000000000000003e-02,3.1250000000100000e-03,3.3240377211600001e-15,1.8699183529840954e-16,3.1370458858615906e-15,3.1370458858615906e-15
3127,4.9166666666700003e+00,-4.0833333333299997e+00,5.0000000000000003e-02,3.1250000000100000e-03,3.1955543432200001e-15,1.6063871422354289e-16,3.0349156289964573e-15,3.0349156289964573e-15
3128,4.9166666666700003e+00,-3.9166666666699999e+00,5.0000000000000003e-02,3.1250000000100000e-03,1.2099241145400000e-14,5.9029587792133386e-16,1.1508945267478667e-14,1.1508945267478667e-14
3129,4.8333333333299997e+00,-3.8333333333300001e+00,5.0000000000000003e-02,3.1250000000100000e-03,3.3067591574199998e-14,2.5251434292837234e-15,3.0542448144916275e-14,3.0542448144916275e-14
3130,4.8333333333299997e+00,-3.6666666666699999e+00,5.0000000000000003e-02,3.1250000000000002e-03,8.8518113459400005e-14,8.3945437658226410e-15,8.0123569693577361e-14,8.0123569693577361e-14
3131,4.9166666666700003e+00,-3.5833333333300001e+00,5.0000000000000003e-02,3.1249999999899999e-03,7.5222526424099997e-14,6.5241130715824633e-15,6.8698413352517530e-14,6.8698413352517530e-14
3132,4.9166666666700003e+00,-3.4166666666699999e+00,5.0000000000000003e-02,3.1249999999899999e-03,2.4323272823700000e-13,1.9633230560139470e-14,2.2359949767686051e-13,2.2359949767686051e-13
3133,4.8333333333299997e+00,-3.3333333333300001e+00,5.0000000000000003e-02,3.1249999999899999e-03,6.2687443150399995e-13,7.6028095456592908e-14,5.5084633604740706e-13,5.5084633604740706e-13
3134,4.8333333333299997e+00,-3.1666666666699999e+00,5.0000000000000003e-02,3.1249999999899999e-03,1.4702475091600001e-12,2.0726832465791159e-13,1.2629791845020885e-12,1.2629791845020885e-12
3135,4.9166666666700003e+00,-3.0833333333300001e+00,5.0000000000000003e-02,3.1249999999899999e-03,1.1222829164700000e-12,1.4593339712635868e-13,9.7634951934364133e-13,9.7634951934364133e-13
3136,4.9166666666700003e+00,-2.9166666666699999e+00,5.0000000000000003e-02,3.1249999999899999e-03,3.0601337467400000e-12,3.6075416034296346e-13,2.6993795863970366e-12,2.6993795863970366e-12
3137,4.8333333333299997e+00,-2.8333333333300001e+00,5.0000000000000003e-02,3.1249999999899999e-03,7.4548788455599994e-12,1.2667855746476253e-12,6.1880932709123743e-12,6.1880932709123743e-12
3138,4.8333333333299997e+00,-2.6666666666699999e+00,5.0000000000000003e-02,3.1249999999899999e-03,1.5208179846700001e-11,2.8429669948528842e-12,1.2365212851847116e-11,1.2365212851847116e-11
3139,4.9166666666700003e+00,-2.5833333333400001e+00,5.0000000000000003e-02,3.1249999999899999e-03,1.0586649534699999e-11,1.8172762432220010e-12,8.7693732914779985e-12,8.7693732914779985e-12
3140,4.9166666666700003e+00,-2.4166666666699999e+00,5.0000000000000003e-02,3.1249999999899999e-03,2.4057332528199999e-11,3.7081280942864846e-12,2.0349204433913516e-11,2.0349204433913516e-11
3141,4.8333333333299997e+00,-2.3333333333400001e+00,5.0000000000000003e-02,3.1249999999899999e-03,5.5522669789400000e-11,1.1839461510721604e-11,4.3683208278678397e-11,4.3683208278678397e-11
3142,4.8333333333299997e+00,-2.1666666666699999e+00,5.0000000000000003e-02,3.1249999999899999e-03,9.7838761995200004e-11,2.2007387067506492e-11,7.5831374927693516e-11,7.5831374927693516e-11
3143,4.9166666666700003e+00,-2.0833333333400001e+00,5.0000000000000003e-02,3.1249999999899999e-03,6.2970871587499998e-11,1.2815853831414572e-11,5.0155017756085425e-11,5.0155017756085425e-11
3144,4.9166666666700003e+00,-1.9166666666700001e+00,5.0000000000000003e-02,3.1249999999899999e-03,1.1825596239400000e-10,2.1755571354138018e-11,9.6500391039861991e-11,9.6500391039861991e-11
3145,4.8333333333299997e+00,-1.8333333333399999e+00,5.0000000000000003e-02,3.1249999999899999e-03,2.5926209439300000e-10,6.3441015817548586e-11,1.9582107857545142e-10,1.9582107857545142e-10
3146,4.8333333333299997e+00,-1.6666666666700001e+00,5.0000000000000003e-02,3.1249999999899999e-03,3.9320201357799999e-10,9.8670748760568106e-11,2.9453126481743190e-10,2.9453126481743190e-10
3147,4.9166666666700003e+00,-1.5833333333399999e+00,5.0000000000000003e-02,3.1249999999899999e-03,2.3696039248700000e-10,5.2651351614426242e-11,1.8430904087257375e-10,1.8430904087257375e-10
3148,4.9166666666700003e+00,-1.4166666666700001e+00,5.0000000000000003e-02,3.1249999999899999e-03,3.6764416442100002e-10,7.5344691289294705e-11,2.9229947313170531e-10,2.9229947313170531e-10
3149,4.8333333333299997e+00,-1.3333333333399999e+00,5.0000000000000003e-02,3.1249999999899999e-03,7.6865337996899995e-10,2.0217845878018749e-10,5.6647492118881240e-10,5.6647492118881240e-10
3150,4.8333333333299997e+00,-1.1666666666700001e+00,5.0000000000000003e-02,3.1249999999899999e-03,1.0081611299200001e-09,2.6763908575393679e-10,7.4052204416606334e-10,7.4052204416606334e-10
3151,4.9166666666700003e+00,-1.0833333333399999e+00,5.0000000000000003e-02,3.1249999999899999e-03,5.7583677185700004e-10,1.3213164352600228e-10,4.4370512833099776e-10,4.4370512833099776e-10
3152,4.9166666666700003e+00,-9.1666666667399999e-01,5.0000000000000003e-02,3.1250000000100000e-03,7.4876648319500003e-10,1.6289693173934421e-10,5.8586955145565582e-10,5.8586955145565582e-10
3153,4.8333333333299997e+00,-8.3333333334000004e-01,5.0000000000000003e-02,3.1250000000100000e-03,1.5018226304799999e-09,4.0714069058177636e-10,1.0946819398982234e-09,1.0946819398982234e-09
3154,4.8333333333299997e+00,-6.6666666667300001e-01,5.0000000000000003e-02,3.1250000000100000e-03,1.7344203981700000e-09,4.7115637455787552e-10,1.2632640236121246e-09,1.2632640236121246e-09
3155,4.9166666666700003e+00,-5.8333333334000004e-01,5.0000000000000003e-02,3.1250000000100000e-03,9.5031154771599993e-10,2.1835366000048183e-10,7.3195788771551816e-10,7.3195788771551816e-10
3156,4.9166666666700003e+00,-4.1666666667300001e-01,5.0000000000000003e-02,3.1250000000100000e-03,1.0676923563300000e-09,2.3916924937919545e-10,8.2852310695080459e-10,8.2852310695080459e-10
3157,4.8333333333299997e+00,-3.3333333333999998e-01,5.0000000000000003e-02,3.1250000000100000e-03,2.0700946144899999e-09,5.6573517988151443e-10,1.5043594346084855e-09,1.5043594346084855e-09
3158,4.8333333333299997e+00,-1.6666666667300001e-01,5.0000000000000003e-02,3.1250000000100000e-03,2.1617716625999999e-09,5.9080271568903862e-10,1.5709689469109613e-09,1.5709689469109613e-09
3159,4.9166666666700003e+00,-8.3333333339499993e-02,5.0000000000000003e-02,3.1250000000100000e-03,1.1475435517299999e-09,2.6096308680779422e-10,8.8658046492220569e-10,8.8658046492220569e-10
3160,4.9166666666700003e+00,8.3333333327400005e-02,5.0000000000000003e-02,3.1250000000100000e-03,1.1475435517399999e-09,2.6096308680806305e-10,8.8658046493193685e-10,8.8658046493193685e-10
3161,4.8333333333299997e+00,1.6666666666100000e-01,5.0000000000000003e-02,3.1250000000100000e-03,2.1617716626100001e-09,5.9080271569025334e-10,1.5709689469197468e-09,1.5709689469197468e-09
3162,4.8333333333299997e+00,3.3333333332800003e-01,5.0000000000000003e-02,3.1250000000100000e-03,2.0700946145099999e-09,5.6573517988389661e-10,1.5043594346261032e-09,1.5043594346261032e-09
3163,4.9166666666700003e+00,4.1666666666100000e-01,5.0000000000000003e-02,3.1250000000100000e-03,1.0676923563400000e-09,2.3916924938047541e-10,8.2852310695952462e-10,8.2852310695952462e-10
3164,4.9166666666700003e+00,5.8333333332799997e-01,5.0000000000000003e-02,3.1250000000100000e-03,9.5031154772699999e-10,2.1835366000218499e-10,7.3195788772481505e-10,7.3195788772481505e-10
3165,4.8333333333299997e+00,6.6666666666200003e-01,5.0000000000000003e-02,3.1250000000100000e-03,1.7344203982000000e-09,4.7115637456181362e-10,1.2632640236381864e-09,1.2632640236381864e-09
3166,4.8333333333299997e+00,8.3333333332799997e-01,5.0000000000000003e-02,3.1250000000100000e-03,1.5018226305000001e-09,4.0714069058664386e-10,1.0946819399133563e-09,1.0946819399133563e-09
3167,4.9166666666700003e+00,9.1666666666200003e-01,5.0000000000000003e-02,3.1250000000100000e-03,7.4876648320899996e-10,1.6289693174153924e-10,5.8586955146746072e-10,5.8586955146746072e-10
3168,4.9166666666700003e+00,1.0833333333299999e+00,5.0000000000000003e-02,3.1250000000100000e-03,5.7583677186900005e-10,1.3213164352784216e-10,4.4370512834115786e-10,4.4370512834115786e-10
3169,4.8333333333299997e+00,1.1666666666600001e+00,5.0000000000000003e-02,3.1250000000100000e-03,1.0081611299400001e-09,2.6763908575804488e-10,7.4052204418195514e-10,7.4052204418195514e-10
3170,4.8333333333299997e+00,1.3333333333299999e+00,5.0000000000000003e-02,3.1250000000100000e-03,7.6865337998700002e-10,2.0217845878389536e-10,5.6647492120310464e-10,5.6647492120310464e-10
3171,4.9166666666700003e+00,1.4166666666600001e+00,5.0000000000000003e-02,3.1250000000100000e-03,3.6764416443000000e-10,7.5344691290793970e-11,2.9229947313920603e-10,2.9229947313920603e-10
3172,4.9166666666700003e+00,1.5833333333299999e+00,5.0000000000000003e-02,3.1250000000100000e-03,2.3696039249300000e-10,5.2651351615644123e-11,1.8430904087735589e-10,1.8430904087735589e-10
3173,4.8333333333299997e+00,1.6666666666600001e+00,5.0000000000000003e-02,3.1250000000100000e-03,3.9320201358899999e-10,9.8670748763014971e-11,2.9453126482598505e-10,2.9453126482598505e-10
3174,4.8333333333299997e+00,1.8333333333299999e+00,5.0000000000000003e-02,3.1250000000100000e-03,2.5926209440000001e-10,6.3441015819338967e-11,1.9582107858066106e-10,1.9582107858066106e-10
3175,4.9166666666700003e+00,1.9166666666600001e+00,5.0000000000000003e-02,3.1250000000100000e-03,1.1825596239799999e-10,2.1755571354790105e-11,9.6500391043209888e-11,9.6500391043209888e-11
3176,4.9166666666700003e+00,2.0833333333300001e+00,5.0000000000000003e-02,3.1250000000100000e-03,6.2970871589299995e-11,1.2815853831844478e-11,5.0155017757455514e-11,5.0155017757455514e-11
3177,4.8333333333299997e+00,2.1666666666599999e+00,5.0000000000000003e-02,3.1250000000100000e-03,9.7838761997899999e-11,2.2007387068284688e-11,7.5831374929615315e-11,7.5831374929615315e-11
3178,4.8333333333299997e+00,2.3333333333300001e+00,5.0000000000000003e-02,3.1250000000100000e-03,5.5522669790900001e-11,1.1839461511183904e-11,4.3683208279716095e-11,4.3683208279716095e-11
3179,4.9166666666700003e+00,2.4166666666599999e+00,5.0000000000000003e-02,3.1250000000100000e-03,2.4057332528900001e-11,3.7081280944381858e-12,2.0349204434461817e-11,2.0349204434461817e-11
3180,4.9166666666700003e+00,2.5833333333300001e+00,5.0000000000000003e-02,3.1250000000100000e-03,1.0586649534999999e-11,1.8172762433032083e-12,8.7693732916967910e-12,8.7693732916967910e-12
3181,4.8333333333299997e+00,2.6666666666599999e+00,5.0000000000000003e-02,3.1250000000100000e-03,1.5208179847100001e-11,2.8429669949853240e-12,1.2365212852114677e-11,1.2365212852114677e-11
3182,4.8333333333299997e+00,2.8333333333300001e+00,5.0000000000000003e-02,3.1250000000100000e-03,7.4548788457299995e-12,1.2667855746476253e-12,6.1880932710823745e-12,6.1880932710823745e-12
3183,4.9166666666700003e+00,2.9166666666599999e+00,5.0000000000000003e-02,3.1250000000100000e-03,3.0601337468100001e-12,3.6075416036186260e-13,2.6993795864481376e-12,2.6993795864481376e-12
3184,4.9166666666700003e+00,3.0833333333300001e+00,5.0000000000000003e-02,3.1250000000100000e-03,1.1222829164900000e-12,1.4593339712635868e-13,9.7634951936364129e-13,9.7634951936364129e-13
3185,4.8333333333299997e+00,3.1666666666599999e+00,5.0000000000000003e-02,3.1250000000100000e-03,1.4702475091899999e-12,2.0726832466996180e-13,1.2629791845200381e-12,1.2629791845200381e-12
3186,4.8333333333299997e+00,3.3333333333300001e+00,5.0000000000000003e-02,3.1250000000100000e-03,6.2687443151299998e-13,7.6028095456592908e-14,5.5084633605640709e-13,5.5084633605640709e-13
3187,4.9166666666700003e+00,3.4166666666599999e+00,5.0000000000000003e-02,3.1250000000100000e-03,2.4323272823999999e-13,1.9633230561386287e-14,2.2359949767861370e-13,2.2359949767861370e-13
3188,4.9166666666700003e+00,3.5833333333300001e+00,5.0000000000000003e-02,3.1250000000100000e-03,7.5222526424800001e-14,6.5241130715824633e-15,6.8698413353217533e-14,6.8698413353217533e-14
3189,4.8333333333299997e+00,3.6666666666699999e+00,5.0000000000000003e-02,3.1250000000100000e-03,8.8518113460000006e-14,8.3945437658226410e-15,8.0123569694177362e-14,8.0123569694177362e-14
3190,4.8333333333299997e+00,3.8333333333300001e+00,5.0000000000000003e-02,3.1250000000100000e-03,3.3067591574400002e-14,2.5251434292837234e-15,3.0542448145116280e-14,3.0542448145116280e-14
3191,4.9166666666700003e+00,3.9166666666699999e+00,5.0000000000000003e-02,3.1250000000100000e-03,1.2099241145400000e-14,5.9029587792133386e-16,1.1508945267478667e-14,1.1508945267478667e-14
3192,4.9166666666700003e+00,4.0833333333299997e+00,5.0000000000000003e-02,3.1250000000100000e-03,3.1955543432400001e-15,1.6063871422354289e-16,3.0349156290164573e-15,3.0349156290164573e-15
3193,4.8333333333299997e+00,4.1666666666700003e+00,5.0000000000000003e-02,3.1250000000100000e-03,3.3240377211800001e-15,1.8699183529840954e-16,3.1370458858815906e-15,3.1370458858815906e-15
3194,4.8333333333299997e+00,4.3333333333299997e+00,5.0000000000000003e-02,3.1250000000100000e-03,1.0946448364000000e-15,4.6012388101434810e-17,1.0486324482985653e-15,1.0486324482985653e-15
3195,4.9166666666700003e+00,4.4166666666700003e+00,5.0000000000000003e-02,3.1250000000100000e-03,3.7663414484600002e-16,9.7260006036796647e-18,3.6690814424232037e-16,3.6690814424232037e-16
3196,4.9166666666700003e+00,4.5833333333299997e+00,5.0000000000000003e-02,3.1250000000100000e-03,8.6105178891600003e-17,2.1630961731247448e-18,8.3942082718475258e-17,8.3942082718475258e-17
3197,4.8333333333299997e+00,4.6666666666700003e+00,5.0000000000000003e-02,3.1250000000100000e-03,7.8187535154600006e-17,2.2758359712172967e-18,7.5911699183382703e-17,7.5911699183382703e-17
3198,4.8333333333299997e+00,4.8333333333299997e+00,5.0000000000000003e-02,3.1250000000100000e-03,2.3854216356900000e-17,4.5731924355192348e-19,2.3396897113348076e-17,2.3396897113348076e-17
3199,4.9166666666700003e+00,4.9166666666700003e+00,5.0000000000000003e-02,3.1250000000100000e-03,8.7863447824299995e-18,8.7341091634265641e-20,8.6990036907957339e-18,8.6990036907957339e-18
