/*--------------------------------*- C++ -*----------------------------------*\
  =========                 |
  \\      /  F ield         | OpenFOAM: The Open Source CFD Toolbox
   \\    /   O peration     | Website:  https://openfoam.org
    \\  /    A nd           | Version:  14
     \\/     M anipulation  |
\*---------------------------------------------------------------------------*/
FoamFile
{
    format      ascii;
    class       volVectorField;
    location    "constant";
    object      C;
}
// * * * * * * * * * * * * * * * * * * * * * * * * * * * * * * * * * * * * * //

dimensions      [0 1 0 0 0 0 0];

internalField   nonuniform List<vector> 
12800
(
(0.00416666666666 0.00416666666668 0.05)
(0.00833333333332 0.00833333333337 0.05)
(0.00833333333332 0.0166666666667 0.05)
(0.00416666666666 0.0208333333334 0.05)
(0.00416666666666 0.0291666666668 0.05)
(0.00833333333332 0.0333333333335 0.05)
(0.00833333333332 0.0416666666668 0.05)
(0.00416666666666 0.0458333333335 0.05)
(0.00416666666666 0.0541666666669 0.05)
(0.00833333333332 0.0583333333336 0.05)
(0.00833333333332 0.0666666666669 0.05)
(0.00416666666666 0.0708333333336 0.05)
(0.00416666666666 0.079166666667 0.05)
(0.00833333333332 0.0833333333337 0.05)
(0.00833333333332 0.091666666667 0.05)
(0.00416666666666 0.0958333333337 0.05)
(0.00416666666666 0.104166666667 0.05)
(0.00833333333332 0.108333333334 0.05)
(0.00833333333332 0.116666666667 0.05)
(0.00416666666666 0.120833333334 0.05)
(0.00416666666666 0.129166666667 0.05)
(0.00833333333332 0.133333333334 0.05)
(0.00833333333332 0.141666666667 0.05)
(0.00416666666666 0.145833333334 0.05)
(0.00416666666666 0.154166666667 0.05)
(0.00833333333333 0.158333333334 0.05)
(0.00833333333333 0.166666666667 0.05)
(0.00416666666666 0.170833333334 0.05)
(0.00416666666666 0.179166666667 0.05)
(0.00833333333333 0.183333333334 0.05)
(0.00833333333333 0.191666666667 0.05)
(0.00416666666666 0.195833333334 0.05)
(0.00416666666666 0.204166666668 0.05)
(0.00833333333333 0.208333333334 0.05)
(0.00833333333333 0.216666666668 0.05)
(0.00416666666666 0.220833333334 0.05)
(0.00416666666666 0.229166666668 0.05)
(0.00833333333333 0.233333333334 0.05)
(0.00833333333333 0.241666666668 0.05)
(0.00416666666667 0.245833333334 0.05)
(0.00416666666667 0.254166666668 0.05)
(0.00833333333333 0.258333333334 0.05)
(0.00833333333333 0.266666666668 0.05)
(0.00416666666667 0.270833333334 0.05)
(0.00416666666667 0.279166666668 0.05)
(0.00833333333333 0.283333333334 0.05)
(0.00833333333333 0.291666666668 0.05)
(0.00416666666667 0.295833333335 0.05)
(0.00416666666667 0.304166666668 0.05)
(0.00833333333333 0.308333333335 0.05)
(0.00833333333333 0.316666666668 0.05)
(0.00416666666667 0.320833333335 0.05)
(0.00416666666667 0.329166666668 0.05)
(0.00833333333333 0.333333333335 0.05)
(0.00833333333333 0.341666666668 0.05)
(0.00416666666667 0.345833333335 0.05)
(0.00416666666667 0.354166666668 0.05)
(0.00833333333334 0.358333333335 0.05)
(0.00833333333334 0.366666666668 0.05)
(0.00416666666667 0.370833333335 0.05)
(0.00416666666667 0.379166666668 0.05)
(0.00833333333334 0.383333333335 0.05)
(0.00833333333334 0.391666666668 0.05)
(0.00416666666667 0.395833333335 0.05)
(0.00416666666667 0.404166666668 0.05)
(0.00833333333334 0.408333333335 0.05)
(0.00833333333334 0.416666666668 0.05)
(0.00416666666667 0.420833333335 0.05)
(0.00416666666667 0.429166666668 0.05)
(0.00833333333334 0.433333333335 0.05)
(0.00833333333334 0.441666666668 0.05)
(0.00416666666667 0.445833333335 0.05)
(0.00416666666667 0.454166666669 0.05)
(0.00833333333334 0.458333333335 0.05)
(0.00833333333334 0.466666666669 0.05)
(0.00416666666667 0.470833333335 0.05)
(0.00416666666667 0.479166666669 0.05)
(0.00833333333334 0.483333333335 0.05)
(0.00833333333334 0.491666666669 0.05)
(0.00416666666667 0.495833333335 0.05)
(0.00416666666667 0.504166666669 0.05)
(0.00833333333334 0.508333333335 0.05)
(0.00833333333334 0.516666666669 0.05)
(0.00416666666667 0.520833333335 0.05)
(0.00416666666667 0.529166666669 0.05)
(0.00833333333334 0.533333333335 0.05)
(0.00833333333335 0.541666666668 0.05)
(0.00416666666667 0.545833333335 0.05)
(0.00416666666667 0.554166666668 0.05)
(0.00833333333335 0.558333333335 0.05)
(0.00833333333335 0.566666666668 0.05)
(0.00416666666667 0.570833333335 0.05)
(0.00416666666667 0.579166666668 0.05)
(0.00833333333335 0.583333333335 0.05)
(0.00833333333335 0.591666666668 0.05)
(0.00416666666667 0.595833333335 0.05)
(0.00416666666667 0.604166666668 0.05)
(0.00833333333335 0.608333333335 0.05)
(0.00833333333335 0.616666666668 0.05)
(0.00416666666667 0.620833333335 0.05)
(0.00416666666667 0.629166666668 0.05)
(0.00833333333335 0.633333333334 0.05)
(0.00833333333335 0.641666666668 0.05)
(0.00416666666668 0.645833333334 0.05)
(0.00416666666668 0.654166666668 0.05)
(0.00833333333335 0.658333333334 0.05)
(0.00833333333335 0.666666666668 0.05)
(0.00416666666668 0.670833333334 0.05)
(0.00416666666668 0.679166666667 0.05)
(0.00833333333335 0.683333333334 0.05)
(0.00833333333335 0.691666666667 0.05)
(0.00416666666668 0.695833333334 0.05)
(0.00416666666668 0.704166666667 0.05)
(0.00833333333335 0.708333333334 0.05)
(0.00833333333335 0.716666666667 0.05)
(0.00416666666668 0.720833333334 0.05)
(0.00416666666668 0.729166666667 0.05)
(0.00833333333335 0.733333333334 0.05)
(0.00833333333336 0.741666666667 0.05)
(0.00416666666668 0.745833333334 0.05)
(0.00416666666668 0.754166666667 0.05)
(0.00833333333336 0.758333333334 0.05)
(0.00833333333336 0.766666666667 0.05)
(0.00416666666668 0.770833333334 0.05)
(0.00416666666668 0.779166666667 0.05)
(0.00833333333336 0.783333333333 0.05)
(0.00833333333336 0.791666666667 0.05)
(0.00416666666668 0.795833333333 0.05)
(0.00416666666668 0.804166666667 0.05)
(0.00833333333336 0.808333333333 0.05)
(0.00833333333336 0.816666666667 0.05)
(0.00416666666668 0.820833333333 0.05)
(0.00416666666668 0.829166666666 0.05)
(0.00833333333336 0.833333333333 0.05)
(0.00833333333336 0.841666666666 0.05)
(0.00416666666668 0.845833333333 0.05)
(0.00416666666668 0.854166666666 0.05)
(0.00833333333336 0.858333333333 0.05)
(0.00833333333336 0.866666666666 0.05)
(0.00416666666668 0.870833333333 0.05)
(0.00416666666668 0.879166666666 0.05)
(0.00833333333336 0.883333333333 0.05)
(0.00833333333336 0.891666666666 0.05)
(0.00416666666668 0.895833333333 0.05)
(0.00416666666668 0.904166666666 0.05)
(0.00833333333336 0.908333333333 0.05)
(0.00833333333336 0.916666666666 0.05)
(0.00416666666668 0.920833333333 0.05)
(0.00416666666668 0.929166666666 0.05)
(0.00833333333336 0.933333333333 0.05)
(0.00833333333337 0.941666666666 0.05)
(0.00416666666668 0.945833333333 0.05)
(0.00416666666668 0.954166666666 0.05)
(0.00833333333337 0.958333333333 0.05)
(0.00833333333337 0.966666666667 0.05)
(0.00416666666668 0.970833333333 0.05)
(0.00416666666668 0.979166666667 0.05)
(0.00833333333337 0.983333333333 0.05)
(0.00833333333337 0.991666666667 0.05)
(0.00416666666668 0.995833333333 0.05)
(0.0208333333333 0.00416666666668 0.05)
(0.0166666666666 0.00833333333337 0.05)
(0.0166666666666 0.0166666666667 0.05)
(0.0208333333333 0.0208333333334 0.05)
(0.0208333333333 0.0291666666668 0.05)
(0.0166666666666 0.0333333333335 0.05)
(0.0166666666666 0.0416666666668 0.05)
(0.0208333333333 0.0458333333335 0.05)
(0.0208333333333 0.0541666666669 0.05)
(0.0166666666666 0.0583333333336 0.05)
(0.0166666666666 0.0666666666669 0.05)
(0.0208333333333 0.0708333333336 0.05)
(0.0208333333333 0.079166666667 0.05)
(0.0166666666666 0.0833333333337 0.05)
(0.0166666666666 0.091666666667 0.05)
(0.0208333333333 0.0958333333337 0.05)
(0.0208333333333 0.104166666667 0.05)
(0.0166666666666 0.108333333334 0.05)
(0.0166666666666 0.116666666667 0.05)
(0.0208333333333 0.120833333334 0.05)
(0.0208333333333 0.129166666667 0.05)
(0.0166666666666 0.133333333334 0.05)
(0.0166666666666 0.141666666667 0.05)
(0.0208333333333 0.145833333334 0.05)
(0.0208333333333 0.154166666667 0.05)
(0.0166666666667 0.158333333334 0.05)
(0.0166666666667 0.166666666667 0.05)
(0.0208333333333 0.170833333334 0.05)
(0.0208333333333 0.179166666667 0.05)
(0.0166666666667 0.183333333334 0.05)
(0.0166666666667 0.191666666667 0.05)
(0.0208333333333 0.195833333334 0.05)
(0.0208333333333 0.204166666667 0.05)
(0.0166666666667 0.208333333334 0.05)
(0.0166666666667 0.216666666668 0.05)
(0.0208333333333 0.220833333334 0.05)
(0.0208333333333 0.229166666668 0.05)
(0.0166666666667 0.233333333334 0.05)
(0.0166666666667 0.241666666668 0.05)
(0.0208333333333 0.245833333334 0.05)
(0.0208333333333 0.254166666668 0.05)
(0.0166666666667 0.258333333334 0.05)
(0.0166666666667 0.266666666668 0.05)
(0.0208333333333 0.270833333334 0.05)
(0.0208333333333 0.279166666668 0.05)
(0.0166666666667 0.283333333334 0.05)
(0.0166666666667 0.291666666668 0.05)
(0.0208333333333 0.295833333335 0.05)
(0.0208333333333 0.304166666668 0.05)
(0.0166666666667 0.308333333335 0.05)
(0.0166666666667 0.316666666668 0.05)
(0.0208333333333 0.320833333335 0.05)
(0.0208333333333 0.329166666668 0.05)
(0.0166666666667 0.333333333335 0.05)
(0.0166666666667 0.341666666668 0.05)
(0.0208333333333 0.345833333335 0.05)
(0.0208333333333 0.354166666668 0.05)
(0.0166666666667 0.358333333335 0.05)
(0.0166666666667 0.366666666668 0.05)
(0.0208333333333 0.370833333335 0.05)
(0.0208333333333 0.379166666668 0.05)
(0.0166666666667 0.383333333335 0.05)
(0.0166666666667 0.391666666668 0.05)
(0.0208333333333 0.395833333335 0.05)
(0.0208333333333 0.404166666668 0.05)
(0.0166666666667 0.408333333335 0.05)
(0.0166666666667 0.416666666668 0.05)
(0.0208333333333 0.420833333335 0.05)
(0.0208333333333 0.429166666668 0.05)
(0.0166666666667 0.433333333335 0.05)
(0.0166666666667 0.441666666668 0.05)
(0.0208333333334 0.445833333335 0.05)
(0.0208333333334 0.454166666668 0.05)
(0.0166666666667 0.458333333335 0.05)
(0.0166666666667 0.466666666669 0.05)
(0.0208333333334 0.470833333335 0.05)
(0.0208333333334 0.479166666669 0.05)
(0.0166666666667 0.483333333335 0.05)
(0.0166666666667 0.491666666669 0.05)
(0.0208333333334 0.495833333335 0.05)
(0.0208333333334 0.504166666669 0.05)
(0.0166666666667 0.508333333335 0.05)
(0.0166666666667 0.516666666669 0.05)
(0.0208333333334 0.520833333335 0.05)
(0.0208333333334 0.529166666668 0.05)
(0.0166666666667 0.533333333335 0.05)
(0.0166666666667 0.541666666668 0.05)
(0.0208333333334 0.545833333335 0.05)
(0.0208333333334 0.554166666668 0.05)
(0.0166666666667 0.558333333335 0.05)
(0.0166666666667 0.566666666668 0.05)
(0.0208333333334 0.570833333335 0.05)
(0.0208333333334 0.579166666668 0.05)
(0.0166666666667 0.583333333335 0.05)
(0.0166666666667 0.591666666668 0.05)
(0.0208333333334 0.595833333335 0.05)
(0.0208333333334 0.604166666668 0.05)
(0.0166666666667 0.608333333335 0.05)
(0.0166666666667 0.616666666668 0.05)
(0.0208333333334 0.620833333335 0.05)
(0.0208333333334 0.629166666668 0.05)
(0.0166666666667 0.633333333334 0.05)
(0.0166666666667 0.641666666668 0.05)
(0.0208333333334 0.645833333334 0.05)
(0.0208333333334 0.654166666668 0.05)
(0.0166666666667 0.658333333334 0.05)
(0.0166666666667 0.666666666668 0.05)
(0.0208333333334 0.670833333334 0.05)
(0.0208333333334 0.679166666667 0.05)
(0.0166666666667 0.683333333334 0.05)
(0.0166666666667 0.691666666667 0.05)
(0.0208333333334 0.695833333334 0.05)
(0.0208333333334 0.704166666667 0.05)
(0.0166666666667 0.708333333334 0.05)
(0.0166666666667 0.716666666667 0.05)
(0.0208333333334 0.720833333334 0.05)
(0.0208333333334 0.729166666667 0.05)
(0.0166666666667 0.733333333334 0.05)
(0.0166666666667 0.741666666667 0.05)
(0.0208333333334 0.745833333334 0.05)
(0.0208333333334 0.754166666667 0.05)
(0.0166666666667 0.758333333334 0.05)
(0.0166666666667 0.766666666667 0.05)
(0.0208333333334 0.770833333334 0.05)
(0.0208333333334 0.779166666667 0.05)
(0.0166666666667 0.783333333333 0.05)
(0.0166666666667 0.791666666667 0.05)
(0.0208333333334 0.795833333333 0.05)
(0.0208333333334 0.804166666667 0.05)
(0.0166666666667 0.808333333333 0.05)
(0.0166666666667 0.816666666667 0.05)
(0.0208333333334 0.820833333333 0.05)
(0.0208333333334 0.829166666666 0.05)
(0.0166666666667 0.833333333333 0.05)
(0.0166666666667 0.841666666666 0.05)
(0.0208333333334 0.845833333333 0.05)
(0.0208333333334 0.854166666666 0.05)
(0.0166666666667 0.858333333333 0.05)
(0.0166666666667 0.866666666666 0.05)
(0.0208333333334 0.870833333333 0.05)
(0.0208333333334 0.879166666666 0.05)
(0.0166666666667 0.883333333333 0.05)
(0.0166666666667 0.891666666666 0.05)
(0.0208333333334 0.895833333333 0.05)
(0.0208333333334 0.904166666666 0.05)
(0.0166666666667 0.908333333333 0.05)
(0.0166666666667 0.916666666666 0.05)
(0.0208333333334 0.920833333333 0.05)
(0.0208333333334 0.929166666666 0.05)
(0.0166666666667 0.933333333333 0.05)
(0.0166666666667 0.941666666666 0.05)
(0.0208333333334 0.945833333333 0.05)
(0.0208333333334 0.954166666666 0.05)
(0.0166666666667 0.958333333333 0.05)
(0.0166666666667 0.966666666667 0.05)
(0.0208333333334 0.970833333333 0.05)
(0.0208333333334 0.979166666667 0.05)
(0.0166666666667 0.983333333333 0.05)
(0.0166666666667 0.991666666667 0.05)
(0.0208333333334 0.995833333333 0.05)
(0.0291666666666 0.00416666666668 0.05)
(0.0333333333333 0.00833333333337 0.05)
(0.0333333333333 0.0166666666667 0.05)
(0.0291666666666 0.0208333333334 0.05)
(0.0291666666666 0.0291666666668 0.05)
(0.0333333333333 0.0333333333335 0.05)
(0.0333333333333 0.0416666666668 0.05)
(0.0291666666666 0.0458333333335 0.05)
(0.0291666666666 0.0541666666669 0.05)
(0.0333333333333 0.0583333333336 0.05)
(0.0333333333333 0.0666666666669 0.05)
(0.0291666666666 0.0708333333336 0.05)
(0.0291666666666 0.079166666667 0.05)
(0.0333333333333 0.0833333333337 0.05)
(0.0333333333333 0.091666666667 0.05)
(0.0291666666666 0.0958333333337 0.05)
(0.0291666666666 0.104166666667 0.05)
(0.0333333333333 0.108333333334 0.05)
(0.0333333333333 0.116666666667 0.05)
(0.0291666666666 0.120833333334 0.05)
(0.0291666666666 0.129166666667 0.05)
(0.0333333333333 0.133333333334 0.05)
(0.0333333333333 0.141666666667 0.05)
(0.0291666666666 0.145833333334 0.05)
(0.0291666666666 0.154166666667 0.05)
(0.0333333333333 0.158333333334 0.05)
(0.0333333333333 0.166666666667 0.05)
(0.0291666666666 0.170833333334 0.05)
(0.0291666666666 0.179166666667 0.05)
(0.0333333333333 0.183333333334 0.05)
(0.0333333333333 0.191666666667 0.05)
(0.0291666666666 0.195833333334 0.05)
(0.0291666666666 0.204166666667 0.05)
(0.0333333333333 0.208333333334 0.05)
(0.0333333333333 0.216666666668 0.05)
(0.0291666666667 0.220833333334 0.05)
(0.0291666666667 0.229166666668 0.05)
(0.0333333333333 0.233333333334 0.05)
(0.0333333333333 0.241666666668 0.05)
(0.0291666666667 0.245833333334 0.05)
(0.0291666666667 0.254166666668 0.05)
(0.0333333333333 0.258333333334 0.05)
(0.0333333333333 0.266666666668 0.05)
(0.0291666666667 0.270833333334 0.05)
(0.0291666666667 0.279166666668 0.05)
(0.0333333333333 0.283333333334 0.05)
(0.0333333333333 0.291666666668 0.05)
(0.0291666666667 0.295833333335 0.05)
(0.0291666666667 0.304166666668 0.05)
(0.0333333333333 0.308333333335 0.05)
(0.0333333333333 0.316666666668 0.05)
(0.0291666666667 0.320833333335 0.05)
(0.0291666666667 0.329166666668 0.05)
(0.0333333333333 0.333333333335 0.05)
(0.0333333333333 0.341666666668 0.05)
(0.0291666666667 0.345833333335 0.05)
(0.0291666666667 0.354166666668 0.05)
(0.0333333333333 0.358333333335 0.05)
(0.0333333333333 0.366666666668 0.05)
(0.0291666666667 0.370833333335 0.05)
(0.0291666666667 0.379166666668 0.05)
(0.0333333333333 0.383333333335 0.05)
(0.0333333333333 0.391666666668 0.05)
(0.0291666666667 0.395833333335 0.05)
(0.0291666666667 0.404166666668 0.05)
(0.0333333333334 0.408333333335 0.05)
(0.0333333333334 0.416666666668 0.05)
(0.0291666666667 0.420833333335 0.05)
(0.0291666666667 0.429166666668 0.05)
(0.0333333333334 0.433333333335 0.05)
(0.0333333333334 0.441666666668 0.05)
(0.0291666666667 0.445833333335 0.05)
(0.0291666666667 0.454166666668 0.05)
(0.0333333333334 0.458333333335 0.05)
(0.0333333333334 0.466666666669 0.05)
(0.0291666666667 0.470833333335 0.05)
(0.0291666666667 0.479166666669 0.05)
(0.0333333333334 0.483333333335 0.05)
(0.0333333333334 0.491666666669 0.05)
(0.0291666666667 0.495833333335 0.05)
(0.0291666666667 0.504166666669 0.05)
(0.0333333333334 0.508333333335 0.05)
(0.0333333333334 0.516666666669 0.05)
(0.0291666666667 0.520833333335 0.05)
(0.0291666666667 0.529166666668 0.05)
(0.0333333333334 0.533333333335 0.05)
(0.0333333333334 0.541666666668 0.05)
(0.0291666666667 0.545833333335 0.05)
(0.0291666666667 0.554166666668 0.05)
(0.0333333333334 0.558333333335 0.05)
(0.0333333333334 0.566666666668 0.05)
(0.0291666666667 0.570833333335 0.05)
(0.0291666666667 0.579166666668 0.05)
(0.0333333333334 0.583333333335 0.05)
(0.0333333333334 0.591666666668 0.05)
(0.0291666666667 0.595833333335 0.05)
(0.0291666666667 0.604166666668 0.05)
(0.0333333333334 0.608333333335 0.05)
(0.0333333333334 0.616666666668 0.05)
(0.0291666666667 0.620833333335 0.05)
(0.0291666666667 0.629166666668 0.05)
(0.0333333333334 0.633333333334 0.05)
(0.0333333333334 0.641666666668 0.05)
(0.0291666666667 0.645833333334 0.05)
(0.0291666666667 0.654166666668 0.05)
(0.0333333333334 0.658333333334 0.05)
(0.0333333333334 0.666666666668 0.05)
(0.0291666666667 0.670833333334 0.05)
(0.0291666666667 0.679166666667 0.05)
(0.0333333333334 0.683333333334 0.05)
(0.0333333333334 0.691666666667 0.05)
(0.0291666666667 0.695833333334 0.05)
(0.0291666666667 0.704166666667 0.05)
(0.0333333333334 0.708333333334 0.05)
(0.0333333333334 0.716666666667 0.05)
(0.0291666666667 0.720833333334 0.05)
(0.0291666666667 0.729166666667 0.05)
(0.0333333333334 0.733333333334 0.05)
(0.0333333333334 0.741666666667 0.05)
(0.0291666666667 0.745833333334 0.05)
(0.0291666666667 0.754166666667 0.05)
(0.0333333333334 0.758333333334 0.05)
(0.0333333333334 0.766666666667 0.05)
(0.0291666666667 0.770833333334 0.05)
(0.0291666666667 0.779166666667 0.05)
(0.0333333333334 0.783333333333 0.05)
(0.0333333333334 0.791666666667 0.05)
(0.0291666666668 0.795833333333 0.05)
(0.0291666666668 0.804166666667 0.05)
(0.0333333333334 0.808333333333 0.05)
(0.0333333333334 0.816666666667 0.05)
(0.0291666666668 0.820833333333 0.05)
(0.0291666666668 0.829166666666 0.05)
(0.0333333333334 0.833333333333 0.05)
(0.0333333333334 0.841666666666 0.05)
(0.0291666666668 0.845833333333 0.05)
(0.0291666666668 0.854166666666 0.05)
(0.0333333333334 0.858333333333 0.05)
(0.0333333333334 0.866666666666 0.05)
(0.0291666666668 0.870833333333 0.05)
(0.0291666666668 0.879166666666 0.05)
(0.0333333333334 0.883333333333 0.05)
(0.0333333333335 0.891666666666 0.05)
(0.0291666666668 0.895833333333 0.05)
(0.0291666666668 0.904166666666 0.05)
(0.0333333333335 0.908333333333 0.05)
(0.0333333333335 0.916666666666 0.05)
(0.0291666666668 0.920833333333 0.05)
(0.0291666666668 0.929166666666 0.05)
(0.0333333333335 0.933333333333 0.05)
(0.0333333333335 0.941666666666 0.05)
(0.0291666666668 0.945833333333 0.05)
(0.0291666666668 0.954166666666 0.05)
(0.0333333333335 0.958333333333 0.05)
(0.0333333333335 0.966666666667 0.05)
(0.0291666666668 0.970833333333 0.05)
(0.0291666666668 0.979166666667 0.05)
(0.0333333333335 0.983333333333 0.05)
(0.0333333333335 0.991666666667 0.05)
(0.0291666666668 0.995833333333 0.05)
(0.0458333333332 0.00416666666668 0.05)
(0.0416666666666 0.00833333333337 0.05)
(0.0416666666666 0.0166666666667 0.05)
(0.0458333333332 0.0208333333334 0.05)
(0.0458333333333 0.0291666666668 0.05)
(0.0416666666666 0.0333333333335 0.05)
(0.0416666666666 0.0416666666668 0.05)
(0.0458333333333 0.0458333333335 0.05)
(0.0458333333333 0.0541666666669 0.05)
(0.0416666666666 0.0583333333336 0.05)
(0.0416666666666 0.0666666666669 0.05)
(0.0458333333333 0.0708333333336 0.05)
(0.0458333333333 0.079166666667 0.05)
(0.0416666666666 0.0833333333337 0.05)
(0.0416666666666 0.091666666667 0.05)
(0.0458333333333 0.0958333333337 0.05)
(0.0458333333333 0.104166666667 0.05)
(0.0416666666666 0.108333333334 0.05)
(0.0416666666666 0.116666666667 0.05)
(0.0458333333333 0.120833333334 0.05)
(0.0458333333333 0.129166666667 0.05)
(0.0416666666666 0.133333333334 0.05)
(0.0416666666666 0.141666666667 0.05)
(0.0458333333333 0.145833333334 0.05)
(0.0458333333333 0.154166666667 0.05)
(0.0416666666666 0.158333333334 0.05)
(0.0416666666666 0.166666666667 0.05)
(0.0458333333333 0.170833333334 0.05)
(0.0458333333333 0.179166666667 0.05)
(0.0416666666666 0.183333333334 0.05)
(0.0416666666666 0.191666666667 0.05)
(0.0458333333333 0.195833333334 0.05)
(0.0458333333333 0.204166666667 0.05)
(0.0416666666666 0.208333333334 0.05)
(0.0416666666666 0.216666666668 0.05)
(0.0458333333333 0.220833333334 0.05)
(0.0458333333333 0.229166666668 0.05)
(0.0416666666666 0.233333333334 0.05)
(0.0416666666666 0.241666666668 0.05)
(0.0458333333333 0.245833333334 0.05)
(0.0458333333333 0.254166666668 0.05)
(0.0416666666667 0.258333333334 0.05)
(0.0416666666667 0.266666666668 0.05)
(0.0458333333333 0.270833333334 0.05)
(0.0458333333333 0.279166666668 0.05)
(0.0416666666667 0.283333333334 0.05)
(0.0416666666667 0.291666666668 0.05)
(0.0458333333333 0.295833333334 0.05)
(0.0458333333333 0.304166666668 0.05)
(0.0416666666667 0.308333333335 0.05)
(0.0416666666667 0.316666666668 0.05)
(0.0458333333333 0.320833333335 0.05)
(0.0458333333333 0.329166666668 0.05)
(0.0416666666667 0.333333333335 0.05)
(0.0416666666667 0.341666666668 0.05)
(0.0458333333333 0.345833333335 0.05)
(0.0458333333333 0.354166666668 0.05)
(0.0416666666667 0.358333333335 0.05)
(0.0416666666667 0.366666666668 0.05)
(0.0458333333333 0.370833333335 0.05)
(0.0458333333333 0.379166666668 0.05)
(0.0416666666667 0.383333333335 0.05)
(0.0416666666667 0.391666666668 0.05)
(0.0458333333334 0.395833333335 0.05)
(0.0458333333334 0.404166666668 0.05)
(0.0416666666667 0.408333333335 0.05)
(0.0416666666667 0.416666666668 0.05)
(0.0458333333334 0.420833333335 0.05)
(0.0458333333334 0.429166666668 0.05)
(0.0416666666667 0.433333333335 0.05)
(0.0416666666667 0.441666666668 0.05)
(0.0458333333334 0.445833333335 0.05)
(0.0458333333334 0.454166666668 0.05)
(0.0416666666667 0.458333333335 0.05)
(0.0416666666667 0.466666666668 0.05)
(0.0458333333334 0.470833333335 0.05)
(0.0458333333334 0.479166666669 0.05)
(0.0416666666667 0.483333333335 0.05)
(0.0416666666667 0.491666666669 0.05)
(0.0458333333334 0.495833333335 0.05)
(0.0458333333334 0.504166666669 0.05)
(0.0416666666667 0.508333333335 0.05)
(0.0416666666667 0.516666666668 0.05)
(0.0458333333334 0.520833333335 0.05)
(0.0458333333334 0.529166666668 0.05)
(0.0416666666667 0.533333333335 0.05)
(0.0416666666667 0.541666666668 0.05)
(0.0458333333334 0.545833333335 0.05)
(0.0458333333334 0.554166666668 0.05)
(0.0416666666667 0.558333333335 0.05)
(0.0416666666667 0.566666666668 0.05)
(0.0458333333334 0.570833333335 0.05)
(0.0458333333334 0.579166666668 0.05)
(0.0416666666667 0.583333333335 0.05)
(0.0416666666667 0.591666666668 0.05)
(0.0458333333334 0.595833333335 0.05)
(0.0458333333334 0.604166666668 0.05)
(0.0416666666667 0.608333333335 0.05)
(0.0416666666667 0.616666666668 0.05)
(0.0458333333334 0.620833333334 0.05)
(0.0458333333334 0.629166666668 0.05)
(0.0416666666667 0.633333333334 0.05)
(0.0416666666667 0.641666666668 0.05)
(0.0458333333334 0.645833333334 0.05)
(0.0458333333334 0.654166666668 0.05)
(0.0416666666668 0.658333333334 0.05)
(0.0416666666668 0.666666666668 0.05)
(0.0458333333334 0.670833333334 0.05)
(0.0458333333334 0.679166666667 0.05)
(0.0416666666668 0.683333333334 0.05)
(0.0416666666668 0.691666666667 0.05)
(0.0458333333334 0.695833333334 0.05)
(0.0458333333334 0.704166666667 0.05)
(0.0416666666668 0.708333333334 0.05)
(0.0416666666668 0.716666666667 0.05)
(0.0458333333334 0.720833333334 0.05)
(0.0458333333334 0.729166666667 0.05)
(0.0416666666668 0.733333333334 0.05)
(0.0416666666668 0.741666666667 0.05)
(0.0458333333335 0.745833333334 0.05)
(0.0458333333335 0.754166666667 0.05)
(0.0416666666668 0.758333333334 0.05)
(0.0416666666668 0.766666666667 0.05)
(0.0458333333335 0.770833333333 0.05)
(0.0458333333335 0.779166666667 0.05)
(0.0416666666668 0.783333333333 0.05)
(0.0416666666668 0.791666666667 0.05)
(0.0458333333335 0.795833333333 0.05)
(0.0458333333335 0.804166666667 0.05)
(0.0416666666668 0.808333333333 0.05)
(0.0416666666668 0.816666666667 0.05)
(0.0458333333335 0.820833333333 0.05)
(0.0458333333335 0.829166666666 0.05)
(0.0416666666668 0.833333333333 0.05)
(0.0416666666668 0.841666666666 0.05)
(0.0458333333335 0.845833333333 0.05)
(0.0458333333335 0.854166666666 0.05)
(0.0416666666668 0.858333333333 0.05)
(0.0416666666668 0.866666666666 0.05)
(0.0458333333335 0.870833333333 0.05)
(0.0458333333335 0.879166666666 0.05)
(0.0416666666668 0.883333333333 0.05)
(0.0416666666668 0.891666666666 0.05)
(0.0458333333335 0.895833333333 0.05)
(0.0458333333335 0.904166666666 0.05)
(0.0416666666668 0.908333333333 0.05)
(0.0416666666668 0.916666666666 0.05)
(0.0458333333335 0.920833333333 0.05)
(0.0458333333335 0.929166666666 0.05)
(0.0416666666668 0.933333333333 0.05)
(0.0416666666668 0.941666666666 0.05)
(0.0458333333335 0.945833333333 0.05)
(0.0458333333335 0.954166666666 0.05)
(0.0416666666668 0.958333333333 0.05)
(0.0416666666668 0.966666666667 0.05)
(0.0458333333335 0.970833333333 0.05)
(0.0458333333335 0.979166666667 0.05)
(0.0416666666668 0.983333333333 0.05)
(0.0416666666668 0.991666666667 0.05)
(0.0458333333335 0.995833333333 0.05)
(0.0541666666666 0.00416666666668 0.05)
(0.0583333333332 0.00833333333337 0.05)
(0.0583333333332 0.0166666666667 0.05)
(0.0541666666666 0.0208333333334 0.05)
(0.0541666666666 0.0291666666668 0.05)
(0.0583333333332 0.0333333333335 0.05)
(0.0583333333332 0.0416666666668 0.05)
(0.0541666666666 0.0458333333335 0.05)
(0.0541666666666 0.0541666666669 0.05)
(0.0583333333332 0.0583333333336 0.05)
(0.0583333333332 0.0666666666669 0.05)
(0.0541666666666 0.0708333333336 0.05)
(0.0541666666666 0.079166666667 0.05)
(0.0583333333332 0.0833333333337 0.05)
(0.0583333333332 0.091666666667 0.05)
(0.0541666666666 0.0958333333337 0.05)
(0.0541666666666 0.104166666667 0.05)
(0.0583333333333 0.108333333334 0.05)
(0.0583333333333 0.116666666667 0.05)
(0.0541666666666 0.120833333334 0.05)
(0.0541666666666 0.129166666667 0.05)
(0.0583333333333 0.133333333334 0.05)
(0.0583333333333 0.141666666667 0.05)
(0.0541666666666 0.145833333334 0.05)
(0.0541666666666 0.154166666667 0.05)
(0.0583333333333 0.158333333334 0.05)
(0.0583333333333 0.166666666667 0.05)
(0.0541666666666 0.170833333334 0.05)
(0.0541666666666 0.179166666667 0.05)
(0.0583333333333 0.183333333334 0.05)
(0.0583333333333 0.191666666667 0.05)
(0.0541666666666 0.195833333334 0.05)
(0.0541666666666 0.204166666667 0.05)
(0.0583333333333 0.208333333334 0.05)
(0.0583333333333 0.216666666667 0.05)
(0.0541666666666 0.220833333334 0.05)
(0.0541666666666 0.229166666668 0.05)
(0.0583333333333 0.233333333334 0.05)
(0.0583333333333 0.241666666668 0.05)
(0.0541666666666 0.245833333334 0.05)
(0.0541666666666 0.254166666668 0.05)
(0.0583333333333 0.258333333334 0.05)
(0.0583333333333 0.266666666668 0.05)
(0.0541666666666 0.270833333334 0.05)
(0.0541666666667 0.279166666668 0.05)
(0.0583333333333 0.283333333334 0.05)
(0.0583333333333 0.291666666668 0.05)
(0.0541666666667 0.295833333334 0.05)
(0.0541666666667 0.304166666668 0.05)
(0.0583333333333 0.308333333334 0.05)
(0.0583333333333 0.316666666668 0.05)
(0.0541666666667 0.320833333335 0.05)
(0.0541666666667 0.329166666668 0.05)
(0.0583333333333 0.333333333335 0.05)
(0.0583333333333 0.341666666668 0.05)
(0.0541666666667 0.345833333335 0.05)
(0.0541666666667 0.354166666668 0.05)
(0.0583333333333 0.358333333335 0.05)
(0.0583333333333 0.366666666668 0.05)
(0.0541666666667 0.370833333335 0.05)
(0.0541666666667 0.379166666668 0.05)
(0.0583333333334 0.383333333335 0.05)
(0.0583333333334 0.391666666668 0.05)
(0.0541666666667 0.395833333335 0.05)
(0.0541666666667 0.404166666668 0.05)
(0.0583333333334 0.408333333335 0.05)
(0.0583333333334 0.416666666668 0.05)
(0.0541666666667 0.420833333335 0.05)
(0.0541666666667 0.429166666668 0.05)
(0.0583333333334 0.433333333335 0.05)
(0.0583333333334 0.441666666668 0.05)
(0.0541666666667 0.445833333335 0.05)
(0.0541666666667 0.454166666668 0.05)
(0.0583333333334 0.458333333335 0.05)
(0.0583333333334 0.466666666668 0.05)
(0.0541666666667 0.470833333335 0.05)
(0.0541666666667 0.479166666668 0.05)
(0.0583333333334 0.483333333335 0.05)
(0.0583333333334 0.491666666669 0.05)
(0.0541666666667 0.495833333335 0.05)
(0.0541666666667 0.504166666669 0.05)
(0.0583333333334 0.508333333335 0.05)
(0.0583333333334 0.516666666668 0.05)
(0.0541666666667 0.520833333335 0.05)
(0.0541666666667 0.529166666668 0.05)
(0.0583333333334 0.533333333335 0.05)
(0.0583333333334 0.541666666668 0.05)
(0.0541666666667 0.545833333335 0.05)
(0.0541666666667 0.554166666668 0.05)
(0.0583333333334 0.558333333335 0.05)
(0.0583333333334 0.566666666668 0.05)
(0.0541666666667 0.570833333335 0.05)
(0.0541666666668 0.579166666668 0.05)
(0.0583333333334 0.583333333335 0.05)
(0.0583333333334 0.591666666668 0.05)
(0.0541666666668 0.595833333335 0.05)
(0.0541666666668 0.604166666668 0.05)
(0.0583333333334 0.608333333335 0.05)
(0.0583333333334 0.616666666668 0.05)
(0.0541666666668 0.620833333334 0.05)
(0.0541666666668 0.629166666668 0.05)
(0.0583333333334 0.633333333334 0.05)
(0.0583333333334 0.641666666668 0.05)
(0.0541666666668 0.645833333334 0.05)
(0.0541666666668 0.654166666668 0.05)
(0.0583333333335 0.658333333334 0.05)
(0.0583333333335 0.666666666667 0.05)
(0.0541666666668 0.670833333334 0.05)
(0.0541666666668 0.679166666667 0.05)
(0.0583333333335 0.683333333334 0.05)
(0.0583333333335 0.691666666667 0.05)
(0.0541666666668 0.695833333334 0.05)
(0.0541666666668 0.704166666667 0.05)
(0.0583333333335 0.708333333334 0.05)
(0.0583333333335 0.716666666667 0.05)
(0.0541666666668 0.720833333334 0.05)
(0.0541666666668 0.729166666667 0.05)
(0.0583333333335 0.733333333334 0.05)
(0.0583333333335 0.741666666667 0.05)
(0.0541666666668 0.745833333334 0.05)
(0.0541666666668 0.754166666667 0.05)
(0.0583333333335 0.758333333334 0.05)
(0.0583333333335 0.766666666667 0.05)
(0.0541666666668 0.770833333333 0.05)
(0.0541666666668 0.779166666667 0.05)
(0.0583333333335 0.783333333333 0.05)
(0.0583333333335 0.791666666667 0.05)
(0.0541666666668 0.795833333333 0.05)
(0.0541666666668 0.804166666667 0.05)
(0.0583333333335 0.808333333333 0.05)
(0.0583333333335 0.816666666667 0.05)
(0.0541666666668 0.820833333333 0.05)
(0.0541666666668 0.829166666666 0.05)
(0.0583333333335 0.833333333333 0.05)
(0.0583333333335 0.841666666666 0.05)
(0.0541666666668 0.845833333333 0.05)
(0.0541666666668 0.854166666666 0.05)
(0.0583333333335 0.858333333333 0.05)
(0.0583333333335 0.866666666666 0.05)
(0.0541666666668 0.870833333333 0.05)
(0.0541666666669 0.879166666666 0.05)
(0.0583333333335 0.883333333333 0.05)
(0.0583333333335 0.891666666666 0.05)
(0.0541666666669 0.895833333333 0.05)
(0.0541666666669 0.904166666666 0.05)
(0.0583333333335 0.908333333333 0.05)
(0.0583333333335 0.916666666666 0.05)
(0.0541666666669 0.920833333333 0.05)
(0.0541666666669 0.929166666666 0.05)
(0.0583333333336 0.933333333333 0.05)
(0.0583333333336 0.941666666666 0.05)
(0.0541666666669 0.945833333333 0.05)
(0.0541666666669 0.954166666666 0.05)
(0.0583333333336 0.958333333333 0.05)
(0.0583333333336 0.966666666667 0.05)
(0.0541666666669 0.970833333333 0.05)
(0.0541666666669 0.979166666667 0.05)
(0.0583333333336 0.983333333333 0.05)
(0.0583333333336 0.991666666667 0.05)
(0.0541666666669 0.995833333333 0.05)
(0.0708333333332 0.00416666666668 0.05)
(0.0666666666665 0.00833333333336 0.05)
(0.0666666666665 0.0166666666667 0.05)
(0.0708333333332 0.0208333333334 0.05)
(0.0708333333332 0.0291666666668 0.05)
(0.0666666666665 0.0333333333335 0.05)
(0.0666666666665 0.0416666666668 0.05)
(0.0708333333332 0.0458333333335 0.05)
(0.0708333333332 0.0541666666669 0.05)
(0.0666666666666 0.0583333333336 0.05)
(0.0666666666666 0.0666666666669 0.05)
(0.0708333333332 0.0708333333336 0.05)
(0.0708333333332 0.079166666667 0.05)
(0.0666666666666 0.0833333333336 0.05)
(0.0666666666666 0.091666666667 0.05)
(0.0708333333332 0.0958333333337 0.05)
(0.0708333333332 0.104166666667 0.05)
(0.0666666666666 0.108333333334 0.05)
(0.0666666666666 0.116666666667 0.05)
(0.0708333333332 0.120833333334 0.05)
(0.0708333333332 0.129166666667 0.05)
(0.0666666666666 0.133333333334 0.05)
(0.0666666666666 0.141666666667 0.05)
(0.0708333333333 0.145833333334 0.05)
(0.0708333333333 0.154166666667 0.05)
(0.0666666666666 0.158333333334 0.05)
(0.0666666666666 0.166666666667 0.05)
(0.0708333333333 0.170833333334 0.05)
(0.0708333333333 0.179166666667 0.05)
(0.0666666666666 0.183333333334 0.05)
(0.0666666666666 0.191666666667 0.05)
(0.0708333333333 0.195833333334 0.05)
(0.0708333333333 0.204166666667 0.05)
(0.0666666666666 0.208333333334 0.05)
(0.0666666666666 0.216666666667 0.05)
(0.0708333333333 0.220833333334 0.05)
(0.0708333333333 0.229166666668 0.05)
(0.0666666666666 0.233333333334 0.05)
(0.0666666666666 0.241666666668 0.05)
(0.0708333333333 0.245833333334 0.05)
(0.0708333333333 0.254166666668 0.05)
(0.0666666666666 0.258333333334 0.05)
(0.0666666666666 0.266666666668 0.05)
(0.0708333333333 0.270833333334 0.05)
(0.0708333333333 0.279166666668 0.05)
(0.0666666666666 0.283333333334 0.05)
(0.0666666666667 0.291666666668 0.05)
(0.0708333333333 0.295833333334 0.05)
(0.0708333333333 0.304166666668 0.05)
(0.0666666666667 0.308333333334 0.05)
(0.0666666666667 0.316666666668 0.05)
(0.0708333333333 0.320833333335 0.05)
(0.0708333333333 0.329166666668 0.05)
(0.0666666666667 0.333333333335 0.05)
(0.0666666666667 0.341666666668 0.05)
(0.0708333333333 0.345833333335 0.05)
(0.0708333333333 0.354166666668 0.05)
(0.0666666666667 0.358333333335 0.05)
(0.0666666666667 0.366666666668 0.05)
(0.0708333333334 0.370833333335 0.05)
(0.0708333333334 0.379166666668 0.05)
(0.0666666666667 0.383333333335 0.05)
(0.0666666666667 0.391666666668 0.05)
(0.0708333333334 0.395833333335 0.05)
(0.0708333333334 0.404166666668 0.05)
(0.0666666666667 0.408333333335 0.05)
(0.0666666666667 0.416666666668 0.05)
(0.0708333333334 0.420833333335 0.05)
(0.0708333333334 0.429166666668 0.05)
(0.0666666666667 0.433333333335 0.05)
(0.0666666666667 0.441666666668 0.05)
(0.0708333333334 0.445833333335 0.05)
(0.0708333333334 0.454166666668 0.05)
(0.0666666666667 0.458333333335 0.05)
(0.0666666666667 0.466666666668 0.05)
(0.0708333333334 0.470833333335 0.05)
(0.0708333333334 0.479166666668 0.05)
(0.0666666666667 0.483333333335 0.05)
(0.0666666666667 0.491666666668 0.05)
(0.0708333333334 0.495833333335 0.05)
(0.0708333333334 0.504166666668 0.05)
(0.0666666666667 0.508333333335 0.05)
(0.0666666666667 0.516666666668 0.05)
(0.0708333333334 0.520833333335 0.05)
(0.0708333333334 0.529166666668 0.05)
(0.0666666666668 0.533333333335 0.05)
(0.0666666666668 0.541666666668 0.05)
(0.0708333333334 0.545833333335 0.05)
(0.0708333333334 0.554166666668 0.05)
(0.0666666666668 0.558333333335 0.05)
(0.0666666666668 0.566666666668 0.05)
(0.0708333333334 0.570833333335 0.05)
(0.0708333333334 0.579166666668 0.05)
(0.0666666666668 0.583333333335 0.05)
(0.0666666666668 0.591666666668 0.05)
(0.0708333333335 0.595833333335 0.05)
(0.0708333333335 0.604166666668 0.05)
(0.0666666666668 0.608333333335 0.05)
(0.0666666666668 0.616666666668 0.05)
(0.0708333333335 0.620833333334 0.05)
(0.0708333333335 0.629166666668 0.05)
(0.0666666666668 0.633333333334 0.05)
(0.0666666666668 0.641666666668 0.05)
(0.0708333333335 0.645833333334 0.05)
(0.0708333333335 0.654166666668 0.05)
(0.0666666666668 0.658333333334 0.05)
(0.0666666666668 0.666666666667 0.05)
(0.0708333333335 0.670833333334 0.05)
(0.0708333333335 0.679166666667 0.05)
(0.0666666666668 0.683333333334 0.05)
(0.0666666666668 0.691666666667 0.05)
(0.0708333333335 0.695833333334 0.05)
(0.0708333333335 0.704166666667 0.05)
(0.0666666666668 0.708333333334 0.05)
(0.0666666666668 0.716666666667 0.05)
(0.0708333333335 0.720833333334 0.05)
(0.0708333333335 0.729166666667 0.05)
(0.0666666666668 0.733333333334 0.05)
(0.0666666666668 0.741666666667 0.05)
(0.0708333333335 0.745833333334 0.05)
(0.0708333333335 0.754166666667 0.05)
(0.0666666666668 0.758333333334 0.05)
(0.0666666666668 0.766666666667 0.05)
(0.0708333333335 0.770833333333 0.05)
(0.0708333333335 0.779166666667 0.05)
(0.0666666666669 0.783333333333 0.05)
(0.0666666666669 0.791666666667 0.05)
(0.0708333333335 0.795833333333 0.05)
(0.0708333333335 0.804166666667 0.05)
(0.0666666666669 0.808333333333 0.05)
(0.0666666666669 0.816666666667 0.05)
(0.0708333333336 0.820833333333 0.05)
(0.0708333333336 0.829166666666 0.05)
(0.0666666666669 0.833333333333 0.05)
(0.0666666666669 0.841666666666 0.05)
(0.0708333333336 0.845833333333 0.05)
(0.0708333333336 0.854166666666 0.05)
(0.0666666666669 0.858333333333 0.05)
(0.0666666666669 0.866666666666 0.05)
(0.0708333333336 0.870833333333 0.05)
(0.0708333333336 0.879166666666 0.05)
(0.0666666666669 0.883333333333 0.05)
(0.0666666666669 0.891666666666 0.05)
(0.0708333333336 0.895833333333 0.05)
(0.0708333333336 0.904166666666 0.05)
(0.0666666666669 0.908333333333 0.05)
(0.0666666666669 0.916666666666 0.05)
(0.0708333333336 0.920833333333 0.05)
(0.0708333333336 0.929166666666 0.05)
(0.0666666666669 0.933333333333 0.05)
(0.0666666666669 0.941666666666 0.05)
(0.0708333333336 0.945833333333 0.05)
(0.0708333333336 0.954166666666 0.05)
(0.0666666666669 0.958333333333 0.05)
(0.0666666666669 0.966666666667 0.05)
(0.0708333333336 0.970833333333 0.05)
(0.0708333333336 0.979166666667 0.05)
(0.0666666666669 0.983333333333 0.05)
(0.0666666666669 0.991666666667 0.05)
(0.0708333333336 0.995833333333 0.05)
(0.0791666666665 0.00416666666668 0.05)
(0.0833333333332 0.00833333333336 0.05)
(0.0833333333332 0.0166666666667 0.05)
(0.0791666666665 0.0208333333334 0.05)
(0.0791666666665 0.0291666666668 0.05)
(0.0833333333332 0.0333333333335 0.05)
(0.0833333333332 0.0416666666668 0.05)
(0.0791666666665 0.0458333333335 0.05)
(0.0791666666665 0.0541666666669 0.05)
(0.0833333333332 0.0583333333335 0.05)
(0.0833333333332 0.0666666666669 0.05)
(0.0791666666665 0.0708333333336 0.05)
(0.0791666666666 0.079166666667 0.05)
(0.0833333333332 0.0833333333336 0.05)
(0.0833333333332 0.091666666667 0.05)
(0.0791666666666 0.0958333333337 0.05)
(0.0791666666666 0.104166666667 0.05)
(0.0833333333332 0.108333333334 0.05)
(0.0833333333332 0.116666666667 0.05)
(0.0791666666666 0.120833333334 0.05)
(0.0791666666666 0.129166666667 0.05)
(0.0833333333332 0.133333333334 0.05)
(0.0833333333332 0.141666666667 0.05)
(0.0791666666666 0.145833333334 0.05)
(0.0791666666666 0.154166666667 0.05)
(0.0833333333333 0.158333333334 0.05)
(0.0833333333333 0.166666666667 0.05)
(0.0791666666666 0.170833333334 0.05)
(0.0791666666666 0.179166666667 0.05)
(0.0833333333333 0.183333333334 0.05)
(0.0833333333333 0.191666666667 0.05)
(0.0791666666666 0.195833333334 0.05)
(0.0791666666666 0.204166666667 0.05)
(0.0833333333333 0.208333333334 0.05)
(0.0833333333333 0.216666666667 0.05)
(0.0791666666666 0.220833333334 0.05)
(0.0791666666666 0.229166666668 0.05)
(0.0833333333333 0.233333333334 0.05)
(0.0833333333333 0.241666666668 0.05)
(0.0791666666666 0.245833333334 0.05)
(0.0791666666666 0.254166666668 0.05)
(0.0833333333333 0.258333333334 0.05)
(0.0833333333333 0.266666666668 0.05)
(0.0791666666666 0.270833333334 0.05)
(0.0791666666666 0.279166666668 0.05)
(0.0833333333333 0.283333333334 0.05)
(0.0833333333333 0.291666666668 0.05)
(0.0791666666667 0.295833333334 0.05)
(0.0791666666667 0.304166666668 0.05)
(0.0833333333333 0.308333333334 0.05)
(0.0833333333333 0.316666666668 0.05)
(0.0791666666667 0.320833333334 0.05)
(0.0791666666667 0.329166666668 0.05)
(0.0833333333333 0.333333333335 0.05)
(0.0833333333333 0.341666666668 0.05)
(0.0791666666667 0.345833333335 0.05)
(0.0791666666667 0.354166666668 0.05)
(0.0833333333334 0.358333333335 0.05)
(0.0833333333334 0.366666666668 0.05)
(0.0791666666667 0.370833333335 0.05)
(0.0791666666667 0.379166666668 0.05)
(0.0833333333334 0.383333333335 0.05)
(0.0833333333334 0.391666666668 0.05)
(0.0791666666667 0.395833333335 0.05)
(0.0791666666667 0.404166666668 0.05)
(0.0833333333334 0.408333333335 0.05)
(0.0833333333334 0.416666666668 0.05)
(0.0791666666667 0.420833333335 0.05)
(0.0791666666667 0.429166666668 0.05)
(0.0833333333334 0.433333333335 0.05)
(0.0833333333334 0.441666666668 0.05)
(0.0791666666667 0.445833333335 0.05)
(0.0791666666667 0.454166666668 0.05)
(0.0833333333334 0.458333333335 0.05)
(0.0833333333334 0.466666666668 0.05)
(0.0791666666667 0.470833333335 0.05)
(0.0791666666667 0.479166666668 0.05)
(0.0833333333334 0.483333333335 0.05)
(0.0833333333334 0.491666666668 0.05)
(0.0791666666668 0.495833333335 0.05)
(0.0791666666668 0.504166666668 0.05)
(0.0833333333334 0.508333333335 0.05)
(0.0833333333334 0.516666666668 0.05)
(0.0791666666668 0.520833333335 0.05)
(0.0791666666668 0.529166666668 0.05)
(0.0833333333334 0.533333333335 0.05)
(0.0833333333334 0.541666666668 0.05)
(0.0791666666668 0.545833333335 0.05)
(0.0791666666668 0.554166666668 0.05)
(0.0833333333335 0.558333333335 0.05)
(0.0833333333335 0.566666666668 0.05)
(0.0791666666668 0.570833333335 0.05)
(0.0791666666668 0.579166666668 0.05)
(0.0833333333335 0.583333333335 0.05)
(0.0833333333335 0.591666666668 0.05)
(0.0791666666668 0.595833333335 0.05)
(0.0791666666668 0.604166666668 0.05)
(0.0833333333335 0.608333333334 0.05)
(0.0833333333335 0.616666666668 0.05)
(0.0791666666668 0.620833333334 0.05)
(0.0791666666668 0.629166666668 0.05)
(0.0833333333335 0.633333333334 0.05)
(0.0833333333335 0.641666666668 0.05)
(0.0791666666668 0.645833333334 0.05)
(0.0791666666668 0.654166666668 0.05)
(0.0833333333335 0.658333333334 0.05)
(0.0833333333335 0.666666666667 0.05)
(0.0791666666668 0.670833333334 0.05)
(0.0791666666668 0.679166666667 0.05)
(0.0833333333335 0.683333333334 0.05)
(0.0833333333335 0.691666666667 0.05)
(0.0791666666668 0.695833333334 0.05)
(0.0791666666669 0.704166666667 0.05)
(0.0833333333335 0.708333333334 0.05)
(0.0833333333335 0.716666666667 0.05)
(0.0791666666669 0.720833333334 0.05)
(0.0791666666669 0.729166666667 0.05)
(0.0833333333335 0.733333333334 0.05)
(0.0833333333335 0.741666666667 0.05)
(0.0791666666669 0.745833333334 0.05)
(0.0791666666669 0.754166666667 0.05)
(0.0833333333336 0.758333333334 0.05)
(0.0833333333336 0.766666666667 0.05)
(0.0791666666669 0.770833333333 0.05)
(0.0791666666669 0.779166666667 0.05)
(0.0833333333336 0.783333333333 0.05)
(0.0833333333336 0.791666666667 0.05)
(0.0791666666669 0.795833333333 0.05)
(0.0791666666669 0.804166666667 0.05)
(0.0833333333336 0.808333333333 0.05)
(0.0833333333336 0.816666666667 0.05)
(0.0791666666669 0.820833333333 0.05)
(0.0791666666669 0.829166666666 0.05)
(0.0833333333336 0.833333333333 0.05)
(0.0833333333336 0.841666666666 0.05)
(0.0791666666669 0.845833333333 0.05)
(0.0791666666669 0.854166666666 0.05)
(0.0833333333336 0.858333333333 0.05)
(0.0833333333336 0.866666666666 0.05)
(0.0791666666669 0.870833333333 0.05)
(0.0791666666669 0.879166666666 0.05)
(0.0833333333336 0.883333333333 0.05)
(0.0833333333336 0.891666666666 0.05)
(0.0791666666669 0.895833333333 0.05)
(0.0791666666669 0.904166666666 0.05)
(0.0833333333336 0.908333333333 0.05)
(0.0833333333336 0.916666666666 0.05)
(0.079166666667 0.920833333333 0.05)
(0.079166666667 0.929166666666 0.05)
(0.0833333333336 0.933333333333 0.05)
(0.0833333333337 0.941666666666 0.05)
(0.079166666667 0.945833333333 0.05)
(0.079166666667 0.954166666666 0.05)
(0.0833333333337 0.958333333333 0.05)
(0.0833333333337 0.966666666667 0.05)
(0.079166666667 0.970833333333 0.05)
(0.079166666667 0.979166666667 0.05)
(0.0833333333337 0.983333333333 0.05)
(0.0833333333337 0.991666666667 0.05)
(0.079166666667 0.995833333333 0.05)
(0.0958333333332 0.00416666666668 0.05)
(0.0916666666665 0.00833333333336 0.05)
(0.0916666666665 0.0166666666667 0.05)
(0.0958333333332 0.0208333333334 0.05)
(0.0958333333332 0.0291666666668 0.05)
(0.0916666666665 0.0333333333335 0.05)
(0.0916666666665 0.0416666666668 0.05)
(0.0958333333332 0.0458333333335 0.05)
(0.0958333333332 0.0541666666669 0.05)
(0.0916666666665 0.0583333333335 0.05)
(0.0916666666665 0.0666666666669 0.05)
(0.0958333333332 0.0708333333336 0.05)
(0.0958333333332 0.0791666666669 0.05)
(0.0916666666665 0.0833333333336 0.05)
(0.0916666666665 0.091666666667 0.05)
(0.0958333333332 0.0958333333337 0.05)
(0.0958333333332 0.104166666667 0.05)
(0.0916666666666 0.108333333334 0.05)
(0.0916666666666 0.116666666667 0.05)
(0.0958333333332 0.120833333334 0.05)
(0.0958333333332 0.129166666667 0.05)
(0.0916666666666 0.133333333334 0.05)
(0.0916666666666 0.141666666667 0.05)
(0.0958333333332 0.145833333334 0.05)
(0.0958333333332 0.154166666667 0.05)
(0.0916666666666 0.158333333334 0.05)
(0.0916666666666 0.166666666667 0.05)
(0.0958333333333 0.170833333334 0.05)
(0.0958333333333 0.179166666667 0.05)
(0.0916666666666 0.183333333334 0.05)
(0.0916666666666 0.191666666667 0.05)
(0.0958333333333 0.195833333334 0.05)
(0.0958333333333 0.204166666667 0.05)
(0.0916666666666 0.208333333334 0.05)
(0.0916666666666 0.216666666667 0.05)
(0.0958333333333 0.220833333334 0.05)
(0.0958333333333 0.229166666667 0.05)
(0.0916666666666 0.233333333334 0.05)
(0.0916666666666 0.241666666668 0.05)
(0.0958333333333 0.245833333334 0.05)
(0.0958333333333 0.254166666668 0.05)
(0.0916666666666 0.258333333334 0.05)
(0.0916666666666 0.266666666668 0.05)
(0.0958333333333 0.270833333334 0.05)
(0.0958333333333 0.279166666668 0.05)
(0.0916666666667 0.283333333334 0.05)
(0.0916666666667 0.291666666668 0.05)
(0.0958333333333 0.295833333334 0.05)
(0.0958333333333 0.304166666668 0.05)
(0.0916666666667 0.308333333334 0.05)
(0.0916666666667 0.316666666668 0.05)
(0.0958333333333 0.320833333334 0.05)
(0.0958333333333 0.329166666668 0.05)
(0.0916666666667 0.333333333335 0.05)
(0.0916666666667 0.341666666668 0.05)
(0.0958333333334 0.345833333335 0.05)
(0.0958333333334 0.354166666668 0.05)
(0.0916666666667 0.358333333335 0.05)
(0.0916666666667 0.366666666668 0.05)
(0.0958333333334 0.370833333335 0.05)
(0.0958333333334 0.379166666668 0.05)
(0.0916666666667 0.383333333335 0.05)
(0.0916666666667 0.391666666668 0.05)
(0.0958333333334 0.395833333335 0.05)
(0.0958333333334 0.404166666668 0.05)
(0.0916666666667 0.408333333335 0.05)
(0.0916666666667 0.416666666668 0.05)
(0.0958333333334 0.420833333335 0.05)
(0.0958333333334 0.429166666668 0.05)
(0.0916666666667 0.433333333335 0.05)
(0.0916666666667 0.441666666668 0.05)
(0.0958333333334 0.445833333335 0.05)
(0.0958333333334 0.454166666668 0.05)
(0.0916666666667 0.458333333335 0.05)
(0.0916666666668 0.466666666668 0.05)
(0.0958333333334 0.470833333335 0.05)
(0.0958333333334 0.479166666668 0.05)
(0.0916666666668 0.483333333335 0.05)
(0.0916666666668 0.491666666668 0.05)
(0.0958333333334 0.495833333335 0.05)
(0.0958333333334 0.504166666668 0.05)
(0.0916666666668 0.508333333335 0.05)
(0.0916666666668 0.516666666668 0.05)
(0.0958333333335 0.520833333335 0.05)
(0.0958333333335 0.529166666668 0.05)
(0.0916666666668 0.533333333335 0.05)
(0.0916666666668 0.541666666668 0.05)
(0.0958333333335 0.545833333335 0.05)
(0.0958333333335 0.554166666668 0.05)
(0.0916666666668 0.558333333335 0.05)
(0.0916666666668 0.566666666668 0.05)
(0.0958333333335 0.570833333335 0.05)
(0.0958333333335 0.579166666668 0.05)
(0.0916666666668 0.583333333335 0.05)
(0.0916666666668 0.591666666668 0.05)
(0.0958333333335 0.595833333335 0.05)
(0.0958333333335 0.604166666668 0.05)
(0.0916666666668 0.608333333334 0.05)
(0.0916666666668 0.616666666668 0.05)
(0.0958333333335 0.620833333334 0.05)
(0.0958333333335 0.629166666668 0.05)
(0.0916666666668 0.633333333334 0.05)
(0.0916666666668 0.641666666668 0.05)
(0.0958333333335 0.645833333334 0.05)
(0.0958333333335 0.654166666667 0.05)
(0.0916666666669 0.658333333334 0.05)
(0.0916666666669 0.666666666667 0.05)
(0.0958333333335 0.670833333334 0.05)
(0.0958333333335 0.679166666667 0.05)
(0.0916666666669 0.683333333334 0.05)
(0.0916666666669 0.691666666667 0.05)
(0.0958333333336 0.695833333334 0.05)
(0.0958333333336 0.704166666667 0.05)
(0.0916666666669 0.708333333334 0.05)
(0.0916666666669 0.716666666667 0.05)
(0.0958333333336 0.720833333334 0.05)
(0.0958333333336 0.729166666667 0.05)
(0.0916666666669 0.733333333334 0.05)
(0.0916666666669 0.741666666667 0.05)
(0.0958333333336 0.745833333334 0.05)
(0.0958333333336 0.754166666667 0.05)
(0.0916666666669 0.758333333334 0.05)
(0.0916666666669 0.766666666667 0.05)
(0.0958333333336 0.770833333333 0.05)
(0.0958333333336 0.779166666667 0.05)
(0.0916666666669 0.783333333333 0.05)
(0.0916666666669 0.791666666667 0.05)
(0.0958333333336 0.795833333333 0.05)
(0.0958333333336 0.804166666667 0.05)
(0.0916666666669 0.808333333333 0.05)
(0.0916666666669 0.816666666667 0.05)
(0.0958333333336 0.820833333333 0.05)
(0.0958333333336 0.829166666666 0.05)
(0.091666666667 0.833333333333 0.05)
(0.091666666667 0.841666666666 0.05)
(0.0958333333336 0.845833333333 0.05)
(0.0958333333336 0.854166666666 0.05)
(0.091666666667 0.858333333333 0.05)
(0.091666666667 0.866666666666 0.05)
(0.0958333333337 0.870833333333 0.05)
(0.0958333333337 0.879166666666 0.05)
(0.091666666667 0.883333333333 0.05)
(0.091666666667 0.891666666666 0.05)
(0.0958333333337 0.895833333333 0.05)
(0.0958333333337 0.904166666666 0.05)
(0.091666666667 0.908333333333 0.05)
(0.091666666667 0.916666666666 0.05)
(0.0958333333337 0.920833333333 0.05)
(0.0958333333337 0.929166666666 0.05)
(0.091666666667 0.933333333333 0.05)
(0.091666666667 0.941666666666 0.05)
(0.0958333333337 0.945833333333 0.05)
(0.0958333333337 0.954166666666 0.05)
(0.091666666667 0.958333333333 0.05)
(0.091666666667 0.966666666667 0.05)
(0.0958333333337 0.970833333333 0.05)
(0.0958333333337 0.979166666667 0.05)
(0.091666666667 0.983333333333 0.05)
(0.091666666667 0.991666666667 0.05)
(0.0958333333337 0.995833333333 0.05)
(0.104166666666 0.00416666666668 0.05)
(0.108333333333 0.00833333333336 0.05)
(0.108333333333 0.0166666666667 0.05)
(0.104166666666 0.0208333333334 0.05)
(0.104166666666 0.0291666666668 0.05)
(0.108333333333 0.0333333333335 0.05)
(0.108333333333 0.0416666666668 0.05)
(0.104166666667 0.0458333333335 0.05)
(0.104166666667 0.0541666666669 0.05)
(0.108333333333 0.0583333333335 0.05)
(0.108333333333 0.0666666666669 0.05)
(0.104166666667 0.0708333333336 0.05)
(0.104166666667 0.0791666666669 0.05)
(0.108333333333 0.0833333333336 0.05)
(0.108333333333 0.091666666667 0.05)
(0.104166666667 0.0958333333337 0.05)
(0.104166666667 0.104166666667 0.05)
(0.108333333333 0.108333333334 0.05)
(0.108333333333 0.116666666667 0.05)
(0.104166666667 0.120833333334 0.05)
(0.104166666667 0.129166666667 0.05)
(0.108333333333 0.133333333334 0.05)
(0.108333333333 0.141666666667 0.05)
(0.104166666667 0.145833333334 0.05)
(0.104166666667 0.154166666667 0.05)
(0.108333333333 0.158333333334 0.05)
(0.108333333333 0.166666666667 0.05)
(0.104166666667 0.170833333334 0.05)
(0.104166666667 0.179166666667 0.05)
(0.108333333333 0.183333333334 0.05)
(0.108333333333 0.191666666667 0.05)
(0.104166666667 0.195833333334 0.05)
(0.104166666667 0.204166666667 0.05)
(0.108333333333 0.208333333334 0.05)
(0.108333333333 0.216666666667 0.05)
(0.104166666667 0.220833333334 0.05)
(0.104166666667 0.229166666667 0.05)
(0.108333333333 0.233333333334 0.05)
(0.108333333333 0.241666666668 0.05)
(0.104166666667 0.245833333334 0.05)
(0.104166666667 0.254166666668 0.05)
(0.108333333333 0.258333333334 0.05)
(0.108333333333 0.266666666668 0.05)
(0.104166666667 0.270833333334 0.05)
(0.104166666667 0.279166666668 0.05)
(0.108333333333 0.283333333334 0.05)
(0.108333333333 0.291666666668 0.05)
(0.104166666667 0.295833333334 0.05)
(0.104166666667 0.304166666668 0.05)
(0.108333333333 0.308333333334 0.05)
(0.108333333333 0.316666666668 0.05)
(0.104166666667 0.320833333334 0.05)
(0.104166666667 0.329166666668 0.05)
(0.108333333333 0.333333333334 0.05)
(0.108333333333 0.341666666668 0.05)
(0.104166666667 0.345833333335 0.05)
(0.104166666667 0.354166666668 0.05)
(0.108333333333 0.358333333335 0.05)
(0.108333333333 0.366666666668 0.05)
(0.104166666667 0.370833333335 0.05)
(0.104166666667 0.379166666668 0.05)
(0.108333333333 0.383333333335 0.05)
(0.108333333333 0.391666666668 0.05)
(0.104166666667 0.395833333335 0.05)
(0.104166666667 0.404166666668 0.05)
(0.108333333333 0.408333333335 0.05)
(0.108333333333 0.416666666668 0.05)
(0.104166666667 0.420833333335 0.05)
(0.104166666667 0.429166666668 0.05)
(0.108333333333 0.433333333335 0.05)
(0.108333333333 0.441666666668 0.05)
(0.104166666667 0.445833333335 0.05)
(0.104166666667 0.454166666668 0.05)
(0.108333333333 0.458333333335 0.05)
(0.108333333333 0.466666666668 0.05)
(0.104166666667 0.470833333335 0.05)
(0.104166666667 0.479166666668 0.05)
(0.108333333333 0.483333333335 0.05)
(0.108333333333 0.491666666668 0.05)
(0.104166666667 0.495833333335 0.05)
(0.104166666667 0.504166666668 0.05)
(0.108333333333 0.508333333335 0.05)
(0.108333333333 0.516666666668 0.05)
(0.104166666667 0.520833333335 0.05)
(0.104166666667 0.529166666668 0.05)
(0.108333333333 0.533333333335 0.05)
(0.108333333333 0.541666666668 0.05)
(0.104166666667 0.545833333335 0.05)
(0.104166666667 0.554166666668 0.05)
(0.108333333333 0.558333333335 0.05)
(0.108333333334 0.566666666668 0.05)
(0.104166666667 0.570833333335 0.05)
(0.104166666667 0.579166666668 0.05)
(0.108333333334 0.583333333335 0.05)
(0.108333333334 0.591666666668 0.05)
(0.104166666667 0.595833333334 0.05)
(0.104166666667 0.604166666668 0.05)
(0.108333333334 0.608333333334 0.05)
(0.108333333334 0.616666666668 0.05)
(0.104166666667 0.620833333334 0.05)
(0.104166666667 0.629166666668 0.05)
(0.108333333334 0.633333333334 0.05)
(0.108333333334 0.641666666668 0.05)
(0.104166666667 0.645833333334 0.05)
(0.104166666667 0.654166666667 0.05)
(0.108333333334 0.658333333334 0.05)
(0.108333333334 0.666666666667 0.05)
(0.104166666667 0.670833333334 0.05)
(0.104166666667 0.679166666667 0.05)
(0.108333333334 0.683333333334 0.05)
(0.108333333334 0.691666666667 0.05)
(0.104166666667 0.695833333334 0.05)
(0.104166666667 0.704166666667 0.05)
(0.108333333334 0.708333333334 0.05)
(0.108333333334 0.716666666667 0.05)
(0.104166666667 0.720833333334 0.05)
(0.104166666667 0.729166666667 0.05)
(0.108333333334 0.733333333334 0.05)
(0.108333333334 0.741666666667 0.05)
(0.104166666667 0.745833333334 0.05)
(0.104166666667 0.754166666667 0.05)
(0.108333333334 0.758333333334 0.05)
(0.108333333334 0.766666666667 0.05)
(0.104166666667 0.770833333333 0.05)
(0.104166666667 0.779166666667 0.05)
(0.108333333334 0.783333333333 0.05)
(0.108333333334 0.791666666667 0.05)
(0.104166666667 0.795833333333 0.05)
(0.104166666667 0.804166666667 0.05)
(0.108333333334 0.808333333333 0.05)
(0.108333333334 0.816666666667 0.05)
(0.104166666667 0.820833333333 0.05)
(0.104166666667 0.829166666666 0.05)
(0.108333333334 0.833333333333 0.05)
(0.108333333334 0.841666666666 0.05)
(0.104166666667 0.845833333333 0.05)
(0.104166666667 0.854166666666 0.05)
(0.108333333334 0.858333333333 0.05)
(0.108333333334 0.866666666666 0.05)
(0.104166666667 0.870833333333 0.05)
(0.104166666667 0.879166666666 0.05)
(0.108333333334 0.883333333333 0.05)
(0.108333333334 0.891666666666 0.05)
(0.104166666667 0.895833333333 0.05)
(0.104166666667 0.904166666666 0.05)
(0.108333333334 0.908333333333 0.05)
(0.108333333334 0.916666666666 0.05)
(0.104166666667 0.920833333333 0.05)
(0.104166666667 0.929166666666 0.05)
(0.108333333334 0.933333333333 0.05)
(0.108333333334 0.941666666666 0.05)
(0.104166666667 0.945833333333 0.05)
(0.104166666667 0.954166666666 0.05)
(0.108333333334 0.958333333333 0.05)
(0.108333333334 0.966666666667 0.05)
(0.104166666667 0.970833333333 0.05)
(0.104166666667 0.979166666667 0.05)
(0.108333333334 0.983333333333 0.05)
(0.108333333334 0.991666666667 0.05)
(0.104166666667 0.995833333333 0.05)
(0.120833333333 0.00416666666668 0.05)
(0.116666666666 0.00833333333336 0.05)
(0.116666666666 0.0166666666667 0.05)
(0.120833333333 0.0208333333334 0.05)
(0.120833333333 0.0291666666668 0.05)
(0.116666666666 0.0333333333334 0.05)
(0.116666666666 0.0416666666668 0.05)
(0.120833333333 0.0458333333335 0.05)
(0.120833333333 0.0541666666669 0.05)
(0.116666666666 0.0583333333335 0.05)
(0.116666666667 0.0666666666669 0.05)
(0.120833333333 0.0708333333336 0.05)
(0.120833333333 0.0791666666669 0.05)
(0.116666666667 0.0833333333336 0.05)
(0.116666666667 0.091666666667 0.05)
(0.120833333333 0.0958333333337 0.05)
(0.120833333333 0.104166666667 0.05)
(0.116666666667 0.108333333334 0.05)
(0.116666666667 0.116666666667 0.05)
(0.120833333333 0.120833333334 0.05)
(0.120833333333 0.129166666667 0.05)
(0.116666666667 0.133333333334 0.05)
(0.116666666667 0.141666666667 0.05)
(0.120833333333 0.145833333334 0.05)
(0.120833333333 0.154166666667 0.05)
(0.116666666667 0.158333333334 0.05)
(0.116666666667 0.166666666667 0.05)
(0.120833333333 0.170833333334 0.05)
(0.120833333333 0.179166666667 0.05)
(0.116666666667 0.183333333334 0.05)
(0.116666666667 0.191666666667 0.05)
(0.120833333333 0.195833333334 0.05)
(0.120833333333 0.204166666667 0.05)
(0.116666666667 0.208333333334 0.05)
(0.116666666667 0.216666666667 0.05)
(0.120833333333 0.220833333334 0.05)
(0.120833333333 0.229166666667 0.05)
(0.116666666667 0.233333333334 0.05)
(0.116666666667 0.241666666667 0.05)
(0.120833333333 0.245833333334 0.05)
(0.120833333333 0.254166666668 0.05)
(0.116666666667 0.258333333334 0.05)
(0.116666666667 0.266666666668 0.05)
(0.120833333333 0.270833333334 0.05)
(0.120833333333 0.279166666668 0.05)
(0.116666666667 0.283333333334 0.05)
(0.116666666667 0.291666666668 0.05)
(0.120833333333 0.295833333334 0.05)
(0.120833333333 0.304166666668 0.05)
(0.116666666667 0.308333333334 0.05)
(0.116666666667 0.316666666668 0.05)
(0.120833333333 0.320833333334 0.05)
(0.120833333333 0.329166666668 0.05)
(0.116666666667 0.333333333334 0.05)
(0.116666666667 0.341666666668 0.05)
(0.120833333333 0.345833333334 0.05)
(0.120833333333 0.354166666668 0.05)
(0.116666666667 0.358333333335 0.05)
(0.116666666667 0.366666666668 0.05)
(0.120833333333 0.370833333335 0.05)
(0.120833333333 0.379166666668 0.05)
(0.116666666667 0.383333333335 0.05)
(0.116666666667 0.391666666668 0.05)
(0.120833333333 0.395833333335 0.05)
(0.120833333333 0.404166666668 0.05)
(0.116666666667 0.408333333335 0.05)
(0.116666666667 0.416666666668 0.05)
(0.120833333333 0.420833333335 0.05)
(0.120833333333 0.429166666668 0.05)
(0.116666666667 0.433333333335 0.05)
(0.116666666667 0.441666666668 0.05)
(0.120833333333 0.445833333335 0.05)
(0.120833333333 0.454166666668 0.05)
(0.116666666667 0.458333333335 0.05)
(0.116666666667 0.466666666668 0.05)
(0.120833333333 0.470833333335 0.05)
(0.120833333333 0.479166666668 0.05)
(0.116666666667 0.483333333335 0.05)
(0.116666666667 0.491666666668 0.05)
(0.120833333333 0.495833333335 0.05)
(0.120833333333 0.504166666668 0.05)
(0.116666666667 0.508333333335 0.05)
(0.116666666667 0.516666666668 0.05)
(0.120833333333 0.520833333335 0.05)
(0.120833333333 0.529166666668 0.05)
(0.116666666667 0.533333333335 0.05)
(0.116666666667 0.541666666668 0.05)
(0.120833333334 0.545833333335 0.05)
(0.120833333334 0.554166666668 0.05)
(0.116666666667 0.558333333335 0.05)
(0.116666666667 0.566666666668 0.05)
(0.120833333334 0.570833333335 0.05)
(0.120833333334 0.579166666668 0.05)
(0.116666666667 0.583333333335 0.05)
(0.116666666667 0.591666666668 0.05)
(0.120833333334 0.595833333334 0.05)
(0.120833333334 0.604166666668 0.05)
(0.116666666667 0.608333333334 0.05)
(0.116666666667 0.616666666668 0.05)
(0.120833333334 0.620833333334 0.05)
(0.120833333334 0.629166666668 0.05)
(0.116666666667 0.633333333334 0.05)
(0.116666666667 0.641666666668 0.05)
(0.120833333334 0.645833333334 0.05)
(0.120833333334 0.654166666667 0.05)
(0.116666666667 0.658333333334 0.05)
(0.116666666667 0.666666666667 0.05)
(0.120833333334 0.670833333334 0.05)
(0.120833333334 0.679166666667 0.05)
(0.116666666667 0.683333333334 0.05)
(0.116666666667 0.691666666667 0.05)
(0.120833333334 0.695833333334 0.05)
(0.120833333334 0.704166666667 0.05)
(0.116666666667 0.708333333334 0.05)
(0.116666666667 0.716666666667 0.05)
(0.120833333334 0.720833333334 0.05)
(0.120833333334 0.729166666667 0.05)
(0.116666666667 0.733333333334 0.05)
(0.116666666667 0.741666666667 0.05)
(0.120833333334 0.745833333334 0.05)
(0.120833333334 0.754166666667 0.05)
(0.116666666667 0.758333333334 0.05)
(0.116666666667 0.766666666667 0.05)
(0.120833333334 0.770833333333 0.05)
(0.120833333334 0.779166666667 0.05)
(0.116666666667 0.783333333333 0.05)
(0.116666666667 0.791666666667 0.05)
(0.120833333334 0.795833333333 0.05)
(0.120833333334 0.804166666667 0.05)
(0.116666666667 0.808333333333 0.05)
(0.116666666667 0.816666666667 0.05)
(0.120833333334 0.820833333333 0.05)
(0.120833333334 0.829166666666 0.05)
(0.116666666667 0.833333333333 0.05)
(0.116666666667 0.841666666666 0.05)
(0.120833333334 0.845833333333 0.05)
(0.120833333334 0.854166666666 0.05)
(0.116666666667 0.858333333333 0.05)
(0.116666666667 0.866666666666 0.05)
(0.120833333334 0.870833333333 0.05)
(0.120833333334 0.879166666666 0.05)
(0.116666666667 0.883333333333 0.05)
(0.116666666667 0.891666666666 0.05)
(0.120833333334 0.895833333333 0.05)
(0.120833333334 0.904166666666 0.05)
(0.116666666667 0.908333333333 0.05)
(0.116666666667 0.916666666666 0.05)
(0.120833333334 0.920833333333 0.05)
(0.120833333334 0.929166666666 0.05)
(0.116666666667 0.933333333333 0.05)
(0.116666666667 0.941666666666 0.05)
(0.120833333334 0.945833333333 0.05)
(0.120833333334 0.954166666666 0.05)
(0.116666666667 0.958333333333 0.05)
(0.116666666667 0.966666666667 0.05)
(0.120833333334 0.970833333333 0.05)
(0.120833333334 0.979166666667 0.05)
(0.116666666667 0.983333333333 0.05)
(0.116666666667 0.991666666667 0.05)
(0.120833333334 0.995833333333 0.05)
(0.129166666666 0.00416666666668 0.05)
(0.133333333333 0.00833333333336 0.05)
(0.133333333333 0.0166666666667 0.05)
(0.129166666666 0.0208333333334 0.05)
(0.129166666666 0.0291666666668 0.05)
(0.133333333333 0.0333333333334 0.05)
(0.133333333333 0.0416666666668 0.05)
(0.129166666666 0.0458333333335 0.05)
(0.129166666666 0.0541666666668 0.05)
(0.133333333333 0.0583333333335 0.05)
(0.133333333333 0.0666666666669 0.05)
(0.129166666666 0.0708333333336 0.05)
(0.129166666666 0.0791666666669 0.05)
(0.133333333333 0.0833333333336 0.05)
(0.133333333333 0.091666666667 0.05)
(0.129166666667 0.0958333333337 0.05)
(0.129166666667 0.104166666667 0.05)
(0.133333333333 0.108333333334 0.05)
(0.133333333333 0.116666666667 0.05)
(0.129166666667 0.120833333334 0.05)
(0.129166666667 0.129166666667 0.05)
(0.133333333333 0.133333333334 0.05)
(0.133333333333 0.141666666667 0.05)
(0.129166666667 0.145833333334 0.05)
(0.129166666667 0.154166666667 0.05)
(0.133333333333 0.158333333334 0.05)
(0.133333333333 0.166666666667 0.05)
(0.129166666667 0.170833333334 0.05)
(0.129166666667 0.179166666667 0.05)
(0.133333333333 0.183333333334 0.05)
(0.133333333333 0.191666666667 0.05)
(0.129166666667 0.195833333334 0.05)
(0.129166666667 0.204166666667 0.05)
(0.133333333333 0.208333333334 0.05)
(0.133333333333 0.216666666667 0.05)
(0.129166666667 0.220833333334 0.05)
(0.129166666667 0.229166666667 0.05)
(0.133333333333 0.233333333334 0.05)
(0.133333333333 0.241666666667 0.05)
(0.129166666667 0.245833333334 0.05)
(0.129166666667 0.254166666668 0.05)
(0.133333333333 0.258333333334 0.05)
(0.133333333333 0.266666666668 0.05)
(0.129166666667 0.270833333334 0.05)
(0.129166666667 0.279166666668 0.05)
(0.133333333333 0.283333333334 0.05)
(0.133333333333 0.291666666668 0.05)
(0.129166666667 0.295833333334 0.05)
(0.129166666667 0.304166666668 0.05)
(0.133333333333 0.308333333334 0.05)
(0.133333333333 0.316666666668 0.05)
(0.129166666667 0.320833333334 0.05)
(0.129166666667 0.329166666668 0.05)
(0.133333333333 0.333333333334 0.05)
(0.133333333333 0.341666666668 0.05)
(0.129166666667 0.345833333334 0.05)
(0.129166666667 0.354166666668 0.05)
(0.133333333333 0.358333333335 0.05)
(0.133333333333 0.366666666668 0.05)
(0.129166666667 0.370833333335 0.05)
(0.129166666667 0.379166666668 0.05)
(0.133333333333 0.383333333335 0.05)
(0.133333333333 0.391666666668 0.05)
(0.129166666667 0.395833333335 0.05)
(0.129166666667 0.404166666668 0.05)
(0.133333333333 0.408333333335 0.05)
(0.133333333333 0.416666666668 0.05)
(0.129166666667 0.420833333335 0.05)
(0.129166666667 0.429166666668 0.05)
(0.133333333333 0.433333333335 0.05)
(0.133333333333 0.441666666668 0.05)
(0.129166666667 0.445833333335 0.05)
(0.129166666667 0.454166666668 0.05)
(0.133333333333 0.458333333335 0.05)
(0.133333333333 0.466666666668 0.05)
(0.129166666667 0.470833333335 0.05)
(0.129166666667 0.479166666668 0.05)
(0.133333333333 0.483333333335 0.05)
(0.133333333333 0.491666666668 0.05)
(0.129166666667 0.495833333335 0.05)
(0.129166666667 0.504166666668 0.05)
(0.133333333333 0.508333333335 0.05)
(0.133333333333 0.516666666668 0.05)
(0.129166666667 0.520833333335 0.05)
(0.129166666667 0.529166666668 0.05)
(0.133333333334 0.533333333335 0.05)
(0.133333333334 0.541666666668 0.05)
(0.129166666667 0.545833333335 0.05)
(0.129166666667 0.554166666668 0.05)
(0.133333333334 0.558333333335 0.05)
(0.133333333334 0.566666666668 0.05)
(0.129166666667 0.570833333335 0.05)
(0.129166666667 0.579166666668 0.05)
(0.133333333334 0.583333333334 0.05)
(0.133333333334 0.591666666668 0.05)
(0.129166666667 0.595833333334 0.05)
(0.129166666667 0.604166666668 0.05)
(0.133333333334 0.608333333334 0.05)
(0.133333333334 0.616666666668 0.05)
(0.129166666667 0.620833333334 0.05)
(0.129166666667 0.629166666668 0.05)
(0.133333333334 0.633333333334 0.05)
(0.133333333334 0.641666666667 0.05)
(0.129166666667 0.645833333334 0.05)
(0.129166666667 0.654166666667 0.05)
(0.133333333334 0.658333333334 0.05)
(0.133333333334 0.666666666667 0.05)
(0.129166666667 0.670833333334 0.05)
(0.129166666667 0.679166666667 0.05)
(0.133333333334 0.683333333334 0.05)
(0.133333333334 0.691666666667 0.05)
(0.129166666667 0.695833333334 0.05)
(0.129166666667 0.704166666667 0.05)
(0.133333333334 0.708333333334 0.05)
(0.133333333334 0.716666666667 0.05)
(0.129166666667 0.720833333334 0.05)
(0.129166666667 0.729166666667 0.05)
(0.133333333334 0.733333333334 0.05)
(0.133333333334 0.741666666667 0.05)
(0.129166666667 0.745833333334 0.05)
(0.129166666667 0.754166666667 0.05)
(0.133333333334 0.758333333333 0.05)
(0.133333333334 0.766666666667 0.05)
(0.129166666667 0.770833333333 0.05)
(0.129166666667 0.779166666667 0.05)
(0.133333333334 0.783333333333 0.05)
(0.133333333334 0.791666666667 0.05)
(0.129166666667 0.795833333333 0.05)
(0.129166666667 0.804166666667 0.05)
(0.133333333334 0.808333333333 0.05)
(0.133333333334 0.816666666667 0.05)
(0.129166666667 0.820833333333 0.05)
(0.129166666667 0.829166666666 0.05)
(0.133333333334 0.833333333333 0.05)
(0.133333333334 0.841666666666 0.05)
(0.129166666667 0.845833333333 0.05)
(0.129166666667 0.854166666666 0.05)
(0.133333333334 0.858333333333 0.05)
(0.133333333334 0.866666666666 0.05)
(0.129166666667 0.870833333333 0.05)
(0.129166666667 0.879166666666 0.05)
(0.133333333334 0.883333333333 0.05)
(0.133333333334 0.891666666666 0.05)
(0.129166666667 0.895833333333 0.05)
(0.129166666667 0.904166666666 0.05)
(0.133333333334 0.908333333333 0.05)
(0.133333333334 0.916666666666 0.05)
(0.129166666667 0.920833333333 0.05)
(0.129166666667 0.929166666666 0.05)
(0.133333333334 0.933333333333 0.05)
(0.133333333334 0.941666666666 0.05)
(0.129166666667 0.945833333333 0.05)
(0.129166666667 0.954166666666 0.05)
(0.133333333334 0.958333333333 0.05)
(0.133333333334 0.966666666667 0.05)
(0.129166666667 0.970833333333 0.05)
(0.129166666667 0.979166666667 0.05)
(0.133333333334 0.983333333333 0.05)
(0.133333333334 0.991666666667 0.05)
(0.129166666667 0.995833333333 0.05)
(0.145833333333 0.00416666666668 0.05)
(0.141666666666 0.00833333333336 0.05)
(0.141666666666 0.0166666666667 0.05)
(0.145833333333 0.0208333333334 0.05)
(0.145833333333 0.0291666666668 0.05)
(0.141666666666 0.0333333333334 0.05)
(0.141666666666 0.0416666666668 0.05)
(0.145833333333 0.0458333333335 0.05)
(0.145833333333 0.0541666666668 0.05)
(0.141666666666 0.0583333333335 0.05)
(0.141666666666 0.0666666666669 0.05)
(0.145833333333 0.0708333333336 0.05)
(0.145833333333 0.0791666666669 0.05)
(0.141666666666 0.0833333333336 0.05)
(0.141666666666 0.091666666667 0.05)
(0.145833333333 0.0958333333336 0.05)
(0.145833333333 0.104166666667 0.05)
(0.141666666666 0.108333333334 0.05)
(0.141666666666 0.116666666667 0.05)
(0.145833333333 0.120833333334 0.05)
(0.145833333333 0.129166666667 0.05)
(0.141666666667 0.133333333334 0.05)
(0.141666666667 0.141666666667 0.05)
(0.145833333333 0.145833333334 0.05)
(0.145833333333 0.154166666667 0.05)
(0.141666666667 0.158333333334 0.05)
(0.141666666667 0.166666666667 0.05)
(0.145833333333 0.170833333334 0.05)
(0.145833333333 0.179166666667 0.05)
(0.141666666667 0.183333333334 0.05)
(0.141666666667 0.191666666667 0.05)
(0.145833333333 0.195833333334 0.05)
(0.145833333333 0.204166666667 0.05)
(0.141666666667 0.208333333334 0.05)
(0.141666666667 0.216666666667 0.05)
(0.145833333333 0.220833333334 0.05)
(0.145833333333 0.229166666667 0.05)
(0.141666666667 0.233333333334 0.05)
(0.141666666667 0.241666666667 0.05)
(0.145833333333 0.245833333334 0.05)
(0.145833333333 0.254166666667 0.05)
(0.141666666667 0.258333333334 0.05)
(0.141666666667 0.266666666668 0.05)
(0.145833333333 0.270833333334 0.05)
(0.145833333333 0.279166666668 0.05)
(0.141666666667 0.283333333334 0.05)
(0.141666666667 0.291666666668 0.05)
(0.145833333333 0.295833333334 0.05)
(0.145833333333 0.304166666668 0.05)
(0.141666666667 0.308333333334 0.05)
(0.141666666667 0.316666666668 0.05)
(0.145833333333 0.320833333334 0.05)
(0.145833333333 0.329166666668 0.05)
(0.141666666667 0.333333333334 0.05)
(0.141666666667 0.341666666668 0.05)
(0.145833333333 0.345833333334 0.05)
(0.145833333333 0.354166666668 0.05)
(0.141666666667 0.358333333334 0.05)
(0.141666666667 0.366666666668 0.05)
(0.145833333333 0.370833333335 0.05)
(0.145833333333 0.379166666668 0.05)
(0.141666666667 0.383333333335 0.05)
(0.141666666667 0.391666666668 0.05)
(0.145833333333 0.395833333335 0.05)
(0.145833333333 0.404166666668 0.05)
(0.141666666667 0.408333333335 0.05)
(0.141666666667 0.416666666668 0.05)
(0.145833333333 0.420833333335 0.05)
(0.145833333333 0.429166666668 0.05)
(0.141666666667 0.433333333335 0.05)
(0.141666666667 0.441666666668 0.05)
(0.145833333333 0.445833333335 0.05)
(0.145833333333 0.454166666668 0.05)
(0.141666666667 0.458333333335 0.05)
(0.141666666667 0.466666666668 0.05)
(0.145833333333 0.470833333335 0.05)
(0.145833333333 0.479166666668 0.05)
(0.141666666667 0.483333333335 0.05)
(0.141666666667 0.491666666668 0.05)
(0.145833333333 0.495833333335 0.05)
(0.145833333333 0.504166666668 0.05)
(0.141666666667 0.508333333335 0.05)
(0.141666666667 0.516666666668 0.05)
(0.145833333334 0.520833333335 0.05)
(0.145833333334 0.529166666668 0.05)
(0.141666666667 0.533333333335 0.05)
(0.141666666667 0.541666666668 0.05)
(0.145833333334 0.545833333335 0.05)
(0.145833333334 0.554166666668 0.05)
(0.141666666667 0.558333333335 0.05)
(0.141666666667 0.566666666668 0.05)
(0.145833333334 0.570833333335 0.05)
(0.145833333334 0.579166666668 0.05)
(0.141666666667 0.583333333334 0.05)
(0.141666666667 0.591666666668 0.05)
(0.145833333334 0.595833333334 0.05)
(0.145833333334 0.604166666668 0.05)
(0.141666666667 0.608333333334 0.05)
(0.141666666667 0.616666666668 0.05)
(0.145833333334 0.620833333334 0.05)
(0.145833333334 0.629166666668 0.05)
(0.141666666667 0.633333333334 0.05)
(0.141666666667 0.641666666667 0.05)
(0.145833333334 0.645833333334 0.05)
(0.145833333334 0.654166666667 0.05)
(0.141666666667 0.658333333334 0.05)
(0.141666666667 0.666666666667 0.05)
(0.145833333334 0.670833333334 0.05)
(0.145833333334 0.679166666667 0.05)
(0.141666666667 0.683333333334 0.05)
(0.141666666667 0.691666666667 0.05)
(0.145833333334 0.695833333334 0.05)
(0.145833333334 0.704166666667 0.05)
(0.141666666667 0.708333333334 0.05)
(0.141666666667 0.716666666667 0.05)
(0.145833333334 0.720833333334 0.05)
(0.145833333334 0.729166666667 0.05)
(0.141666666667 0.733333333334 0.05)
(0.141666666667 0.741666666667 0.05)
(0.145833333334 0.745833333334 0.05)
(0.145833333334 0.754166666667 0.05)
(0.141666666667 0.758333333333 0.05)
(0.141666666667 0.766666666667 0.05)
(0.145833333334 0.770833333333 0.05)
(0.145833333334 0.779166666667 0.05)
(0.141666666667 0.783333333333 0.05)
(0.141666666667 0.791666666667 0.05)
(0.145833333334 0.795833333333 0.05)
(0.145833333334 0.804166666667 0.05)
(0.141666666667 0.808333333333 0.05)
(0.141666666667 0.816666666666 0.05)
(0.145833333334 0.820833333333 0.05)
(0.145833333334 0.829166666666 0.05)
(0.141666666667 0.833333333333 0.05)
(0.141666666667 0.841666666666 0.05)
(0.145833333334 0.845833333333 0.05)
(0.145833333334 0.854166666666 0.05)
(0.141666666667 0.858333333333 0.05)
(0.141666666667 0.866666666666 0.05)
(0.145833333334 0.870833333333 0.05)
(0.145833333334 0.879166666666 0.05)
(0.141666666667 0.883333333333 0.05)
(0.141666666667 0.891666666666 0.05)
(0.145833333334 0.895833333333 0.05)
(0.145833333334 0.904166666666 0.05)
(0.141666666667 0.908333333333 0.05)
(0.141666666667 0.916666666666 0.05)
(0.145833333334 0.920833333333 0.05)
(0.145833333334 0.929166666666 0.05)
(0.141666666667 0.933333333333 0.05)
(0.141666666667 0.941666666666 0.05)
(0.145833333334 0.945833333333 0.05)
(0.145833333334 0.954166666666 0.05)
(0.141666666667 0.958333333333 0.05)
(0.141666666667 0.966666666667 0.05)
(0.145833333334 0.970833333333 0.05)
(0.145833333334 0.979166666667 0.05)
(0.141666666667 0.983333333333 0.05)
(0.141666666667 0.991666666667 0.05)
(0.145833333334 0.995833333333 0.05)
(0.154166666666 0.00416666666668 0.05)
(0.158333333333 0.00833333333336 0.05)
(0.158333333333 0.0166666666667 0.05)
(0.154166666666 0.0208333333334 0.05)
(0.154166666666 0.0291666666668 0.05)
(0.158333333333 0.0333333333334 0.05)
(0.158333333333 0.0416666666668 0.05)
(0.154166666666 0.0458333333335 0.05)
(0.154166666666 0.0541666666668 0.05)
(0.158333333333 0.0583333333335 0.05)
(0.158333333333 0.0666666666669 0.05)
(0.154166666666 0.0708333333336 0.05)
(0.154166666666 0.0791666666669 0.05)
(0.158333333333 0.0833333333336 0.05)
(0.158333333333 0.091666666667 0.05)
(0.154166666666 0.0958333333336 0.05)
(0.154166666666 0.104166666667 0.05)
(0.158333333333 0.108333333334 0.05)
(0.158333333333 0.116666666667 0.05)
(0.154166666666 0.120833333334 0.05)
(0.154166666666 0.129166666667 0.05)
(0.158333333333 0.133333333334 0.05)
(0.158333333333 0.141666666667 0.05)
(0.154166666666 0.145833333334 0.05)
(0.154166666667 0.154166666667 0.05)
(0.158333333333 0.158333333334 0.05)
(0.158333333333 0.166666666667 0.05)
(0.154166666667 0.170833333334 0.05)
(0.154166666667 0.179166666667 0.05)
(0.158333333333 0.183333333334 0.05)
(0.158333333333 0.191666666667 0.05)
(0.154166666667 0.195833333334 0.05)
(0.154166666667 0.204166666667 0.05)
(0.158333333333 0.208333333334 0.05)
(0.158333333333 0.216666666667 0.05)
(0.154166666667 0.220833333334 0.05)
(0.154166666667 0.229166666667 0.05)
(0.158333333333 0.233333333334 0.05)
(0.158333333333 0.241666666667 0.05)
(0.154166666667 0.245833333334 0.05)
(0.154166666667 0.254166666667 0.05)
(0.158333333333 0.258333333334 0.05)
(0.158333333333 0.266666666667 0.05)
(0.154166666667 0.270833333334 0.05)
(0.154166666667 0.279166666668 0.05)
(0.158333333333 0.283333333334 0.05)
(0.158333333333 0.291666666668 0.05)
(0.154166666667 0.295833333334 0.05)
(0.154166666667 0.304166666668 0.05)
(0.158333333333 0.308333333334 0.05)
(0.158333333333 0.316666666668 0.05)
(0.154166666667 0.320833333334 0.05)
(0.154166666667 0.329166666668 0.05)
(0.158333333333 0.333333333334 0.05)
(0.158333333333 0.341666666668 0.05)
(0.154166666667 0.345833333334 0.05)
(0.154166666667 0.354166666668 0.05)
(0.158333333333 0.358333333334 0.05)
(0.158333333333 0.366666666668 0.05)
(0.154166666667 0.370833333334 0.05)
(0.154166666667 0.379166666668 0.05)
(0.158333333333 0.383333333335 0.05)
(0.158333333333 0.391666666668 0.05)
(0.154166666667 0.395833333335 0.05)
(0.154166666667 0.404166666668 0.05)
(0.158333333333 0.408333333335 0.05)
(0.158333333333 0.416666666668 0.05)
(0.154166666667 0.420833333335 0.05)
(0.154166666667 0.429166666668 0.05)
(0.158333333333 0.433333333335 0.05)
(0.158333333333 0.441666666668 0.05)
(0.154166666667 0.445833333335 0.05)
(0.154166666667 0.454166666668 0.05)
(0.158333333333 0.458333333335 0.05)
(0.158333333333 0.466666666668 0.05)
(0.154166666667 0.470833333335 0.05)
(0.154166666667 0.479166666668 0.05)
(0.158333333333 0.483333333335 0.05)
(0.158333333333 0.491666666668 0.05)
(0.154166666667 0.495833333335 0.05)
(0.154166666667 0.504166666668 0.05)
(0.158333333334 0.508333333335 0.05)
(0.158333333334 0.516666666668 0.05)
(0.154166666667 0.520833333335 0.05)
(0.154166666667 0.529166666668 0.05)
(0.158333333334 0.533333333335 0.05)
(0.158333333334 0.541666666668 0.05)
(0.154166666667 0.545833333335 0.05)
(0.154166666667 0.554166666668 0.05)
(0.158333333334 0.558333333335 0.05)
(0.158333333334 0.566666666668 0.05)
(0.154166666667 0.570833333335 0.05)
(0.154166666667 0.579166666668 0.05)
(0.158333333334 0.583333333334 0.05)
(0.158333333334 0.591666666668 0.05)
(0.154166666667 0.595833333334 0.05)
(0.154166666667 0.604166666668 0.05)
(0.158333333334 0.608333333334 0.05)
(0.158333333334 0.616666666668 0.05)
(0.154166666667 0.620833333334 0.05)
(0.154166666667 0.629166666668 0.05)
(0.158333333334 0.633333333334 0.05)
(0.158333333334 0.641666666667 0.05)
(0.154166666667 0.645833333334 0.05)
(0.154166666667 0.654166666667 0.05)
(0.158333333334 0.658333333334 0.05)
(0.158333333334 0.666666666667 0.05)
(0.154166666667 0.670833333334 0.05)
(0.154166666667 0.679166666667 0.05)
(0.158333333334 0.683333333334 0.05)
(0.158333333334 0.691666666667 0.05)
(0.154166666667 0.695833333334 0.05)
(0.154166666667 0.704166666667 0.05)
(0.158333333334 0.708333333334 0.05)
(0.158333333334 0.716666666667 0.05)
(0.154166666667 0.720833333334 0.05)
(0.154166666667 0.729166666667 0.05)
(0.158333333334 0.733333333334 0.05)
(0.158333333334 0.741666666667 0.05)
(0.154166666667 0.745833333334 0.05)
(0.154166666667 0.754166666667 0.05)
(0.158333333334 0.758333333333 0.05)
(0.158333333334 0.766666666667 0.05)
(0.154166666667 0.770833333333 0.05)
(0.154166666667 0.779166666667 0.05)
(0.158333333334 0.783333333333 0.05)
(0.158333333334 0.791666666667 0.05)
(0.154166666667 0.795833333333 0.05)
(0.154166666667 0.804166666667 0.05)
(0.158333333334 0.808333333333 0.05)
(0.158333333334 0.816666666666 0.05)
(0.154166666667 0.820833333333 0.05)
(0.154166666667 0.829166666666 0.05)
(0.158333333334 0.833333333333 0.05)
(0.158333333334 0.841666666666 0.05)
(0.154166666667 0.845833333333 0.05)
(0.154166666667 0.854166666666 0.05)
(0.158333333334 0.858333333333 0.05)
(0.158333333334 0.866666666666 0.05)
(0.154166666667 0.870833333333 0.05)
(0.154166666667 0.879166666666 0.05)
(0.158333333334 0.883333333333 0.05)
(0.158333333334 0.891666666666 0.05)
(0.154166666667 0.895833333333 0.05)
(0.154166666667 0.904166666666 0.05)
(0.158333333334 0.908333333333 0.05)
(0.158333333334 0.916666666666 0.05)
(0.154166666667 0.920833333333 0.05)
(0.154166666667 0.929166666666 0.05)
(0.158333333334 0.933333333333 0.05)
(0.158333333334 0.941666666666 0.05)
(0.154166666667 0.945833333333 0.05)
(0.154166666667 0.954166666666 0.05)
(0.158333333334 0.958333333333 0.05)
(0.158333333334 0.966666666667 0.05)
(0.154166666667 0.970833333333 0.05)
(0.154166666667 0.979166666667 0.05)
(0.158333333334 0.983333333333 0.05)
(0.158333333334 0.991666666667 0.05)
(0.154166666667 0.995833333333 0.05)
(0.170833333333 0.00416666666668 0.05)
(0.166666666666 0.00833333333336 0.05)
(0.166666666666 0.0166666666667 0.05)
(0.170833333333 0.0208333333334 0.05)
(0.170833333333 0.0291666666668 0.05)
(0.166666666666 0.0333333333334 0.05)
(0.166666666666 0.0416666666668 0.05)
(0.170833333333 0.0458333333335 0.05)
(0.170833333333 0.0541666666668 0.05)
(0.166666666666 0.0583333333335 0.05)
(0.166666666666 0.0666666666669 0.05)
(0.170833333333 0.0708333333336 0.05)
(0.170833333333 0.0791666666669 0.05)
(0.166666666666 0.0833333333336 0.05)
(0.166666666666 0.091666666667 0.05)
(0.170833333333 0.0958333333336 0.05)
(0.170833333333 0.104166666667 0.05)
(0.166666666666 0.108333333334 0.05)
(0.166666666666 0.116666666667 0.05)
(0.170833333333 0.120833333334 0.05)
(0.170833333333 0.129166666667 0.05)
(0.166666666666 0.133333333334 0.05)
(0.166666666666 0.141666666667 0.05)
(0.170833333333 0.145833333334 0.05)
(0.170833333333 0.154166666667 0.05)
(0.166666666666 0.158333333334 0.05)
(0.166666666666 0.166666666667 0.05)
(0.170833333333 0.170833333334 0.05)
(0.170833333333 0.179166666667 0.05)
(0.166666666667 0.183333333334 0.05)
(0.166666666667 0.191666666667 0.05)
(0.170833333333 0.195833333334 0.05)
(0.170833333333 0.204166666667 0.05)
(0.166666666667 0.208333333334 0.05)
(0.166666666667 0.216666666667 0.05)
(0.170833333333 0.220833333334 0.05)
(0.170833333333 0.229166666667 0.05)
(0.166666666667 0.233333333334 0.05)
(0.166666666667 0.241666666667 0.05)
(0.170833333333 0.245833333334 0.05)
(0.170833333333 0.254166666667 0.05)
(0.166666666667 0.258333333334 0.05)
(0.166666666667 0.266666666667 0.05)
(0.170833333333 0.270833333334 0.05)
(0.170833333333 0.279166666668 0.05)
(0.166666666667 0.283333333334 0.05)
(0.166666666667 0.291666666668 0.05)
(0.170833333333 0.295833333334 0.05)
(0.170833333333 0.304166666668 0.05)
(0.166666666667 0.308333333334 0.05)
(0.166666666667 0.316666666668 0.05)
(0.170833333333 0.320833333334 0.05)
(0.170833333333 0.329166666668 0.05)
(0.166666666667 0.333333333334 0.05)
(0.166666666667 0.341666666668 0.05)
(0.170833333333 0.345833333334 0.05)
(0.170833333333 0.354166666668 0.05)
(0.166666666667 0.358333333334 0.05)
(0.166666666667 0.366666666668 0.05)
(0.170833333333 0.370833333334 0.05)
(0.170833333333 0.379166666668 0.05)
(0.166666666667 0.383333333334 0.05)
(0.166666666667 0.391666666668 0.05)
(0.170833333333 0.395833333335 0.05)
(0.170833333333 0.404166666668 0.05)
(0.166666666667 0.408333333335 0.05)
(0.166666666667 0.416666666668 0.05)
(0.170833333333 0.420833333335 0.05)
(0.170833333333 0.429166666668 0.05)
(0.166666666667 0.433333333335 0.05)
(0.166666666667 0.441666666668 0.05)
(0.170833333333 0.445833333335 0.05)
(0.170833333333 0.454166666668 0.05)
(0.166666666667 0.458333333335 0.05)
(0.166666666667 0.466666666668 0.05)
(0.170833333333 0.470833333335 0.05)
(0.170833333333 0.479166666668 0.05)
(0.166666666667 0.483333333335 0.05)
(0.166666666667 0.491666666668 0.05)
(0.170833333334 0.495833333335 0.05)
(0.170833333334 0.504166666668 0.05)
(0.166666666667 0.508333333335 0.05)
(0.166666666667 0.516666666668 0.05)
(0.170833333334 0.520833333335 0.05)
(0.170833333334 0.529166666668 0.05)
(0.166666666667 0.533333333335 0.05)
(0.166666666667 0.541666666668 0.05)
(0.170833333334 0.545833333335 0.05)
(0.170833333334 0.554166666668 0.05)
(0.166666666667 0.558333333335 0.05)
(0.166666666667 0.566666666668 0.05)
(0.170833333334 0.570833333334 0.05)
(0.170833333334 0.579166666668 0.05)
(0.166666666667 0.583333333334 0.05)
(0.166666666667 0.591666666668 0.05)
(0.170833333334 0.595833333334 0.05)
(0.170833333334 0.604166666668 0.05)
(0.166666666667 0.608333333334 0.05)
(0.166666666667 0.616666666668 0.05)
(0.170833333334 0.620833333334 0.05)
(0.170833333334 0.629166666667 0.05)
(0.166666666667 0.633333333334 0.05)
(0.166666666667 0.641666666667 0.05)
(0.170833333334 0.645833333334 0.05)
(0.170833333334 0.654166666667 0.05)
(0.166666666667 0.658333333334 0.05)
(0.166666666667 0.666666666667 0.05)
(0.170833333334 0.670833333334 0.05)
(0.170833333334 0.679166666667 0.05)
(0.166666666667 0.683333333334 0.05)
(0.166666666667 0.691666666667 0.05)
(0.170833333334 0.695833333334 0.05)
(0.170833333334 0.704166666667 0.05)
(0.166666666667 0.708333333334 0.05)
(0.166666666667 0.716666666667 0.05)
(0.170833333334 0.720833333334 0.05)
(0.170833333334 0.729166666667 0.05)
(0.166666666667 0.733333333334 0.05)
(0.166666666667 0.741666666667 0.05)
(0.170833333334 0.745833333334 0.05)
(0.170833333334 0.754166666667 0.05)
(0.166666666667 0.758333333333 0.05)
(0.166666666667 0.766666666667 0.05)
(0.170833333334 0.770833333333 0.05)
(0.170833333334 0.779166666667 0.05)
(0.166666666667 0.783333333333 0.05)
(0.166666666667 0.791666666667 0.05)
(0.170833333334 0.795833333333 0.05)
(0.170833333334 0.804166666667 0.05)
(0.166666666667 0.808333333333 0.05)
(0.166666666667 0.816666666666 0.05)
(0.170833333334 0.820833333333 0.05)
(0.170833333334 0.829166666666 0.05)
(0.166666666667 0.833333333333 0.05)
(0.166666666667 0.841666666666 0.05)
(0.170833333334 0.845833333333 0.05)
(0.170833333334 0.854166666666 0.05)
(0.166666666667 0.858333333333 0.05)
(0.166666666667 0.866666666666 0.05)
(0.170833333334 0.870833333333 0.05)
(0.170833333334 0.879166666666 0.05)
(0.166666666667 0.883333333333 0.05)
(0.166666666667 0.891666666666 0.05)
(0.170833333334 0.895833333333 0.05)
(0.170833333334 0.904166666666 0.05)
(0.166666666667 0.908333333333 0.05)
(0.166666666667 0.916666666666 0.05)
(0.170833333334 0.920833333333 0.05)
(0.170833333334 0.929166666666 0.05)
(0.166666666667 0.933333333333 0.05)
(0.166666666667 0.941666666666 0.05)
(0.170833333334 0.945833333333 0.05)
(0.170833333334 0.954166666666 0.05)
(0.166666666667 0.958333333333 0.05)
(0.166666666667 0.966666666667 0.05)
(0.170833333334 0.970833333333 0.05)
(0.170833333334 0.979166666667 0.05)
(0.166666666667 0.983333333333 0.05)
(0.166666666667 0.991666666667 0.05)
(0.170833333334 0.995833333333 0.05)
(0.179166666666 0.00416666666668 0.05)
(0.183333333333 0.00833333333336 0.05)
(0.183333333333 0.0166666666667 0.05)
(0.179166666666 0.0208333333334 0.05)
(0.179166666666 0.0291666666668 0.05)
(0.183333333333 0.0333333333334 0.05)
(0.183333333333 0.0416666666668 0.05)
(0.179166666666 0.0458333333335 0.05)
(0.179166666666 0.0541666666668 0.05)
(0.183333333333 0.0583333333335 0.05)
(0.183333333333 0.0666666666669 0.05)
(0.179166666666 0.0708333333336 0.05)
(0.179166666666 0.0791666666669 0.05)
(0.183333333333 0.0833333333336 0.05)
(0.183333333333 0.0916666666669 0.05)
(0.179166666666 0.0958333333336 0.05)
(0.179166666666 0.104166666667 0.05)
(0.183333333333 0.108333333334 0.05)
(0.183333333333 0.116666666667 0.05)
(0.179166666666 0.120833333334 0.05)
(0.179166666666 0.129166666667 0.05)
(0.183333333333 0.133333333334 0.05)
(0.183333333333 0.141666666667 0.05)
(0.179166666666 0.145833333334 0.05)
(0.179166666666 0.154166666667 0.05)
(0.183333333333 0.158333333334 0.05)
(0.183333333333 0.166666666667 0.05)
(0.179166666666 0.170833333334 0.05)
(0.179166666666 0.179166666667 0.05)
(0.183333333333 0.183333333334 0.05)
(0.183333333333 0.191666666667 0.05)
(0.179166666667 0.195833333334 0.05)
(0.179166666667 0.204166666667 0.05)
(0.183333333333 0.208333333334 0.05)
(0.183333333333 0.216666666667 0.05)
(0.179166666667 0.220833333334 0.05)
(0.179166666667 0.229166666667 0.05)
(0.183333333333 0.233333333334 0.05)
(0.183333333333 0.241666666667 0.05)
(0.179166666667 0.245833333334 0.05)
(0.179166666667 0.254166666667 0.05)
(0.183333333333 0.258333333334 0.05)
(0.183333333333 0.266666666667 0.05)
(0.179166666667 0.270833333334 0.05)
(0.179166666667 0.279166666667 0.05)
(0.183333333333 0.283333333334 0.05)
(0.183333333333 0.291666666668 0.05)
(0.179166666667 0.295833333334 0.05)
(0.179166666667 0.304166666668 0.05)
(0.183333333333 0.308333333334 0.05)
(0.183333333333 0.316666666668 0.05)
(0.179166666667 0.320833333334 0.05)
(0.179166666667 0.329166666668 0.05)
(0.183333333333 0.333333333334 0.05)
(0.183333333333 0.341666666668 0.05)
(0.179166666667 0.345833333334 0.05)
(0.179166666667 0.354166666668 0.05)
(0.183333333333 0.358333333334 0.05)
(0.183333333333 0.366666666668 0.05)
(0.179166666667 0.370833333334 0.05)
(0.179166666667 0.379166666668 0.05)
(0.183333333333 0.383333333334 0.05)
(0.183333333333 0.391666666668 0.05)
(0.179166666667 0.395833333335 0.05)
(0.179166666667 0.404166666668 0.05)
(0.183333333333 0.408333333335 0.05)
(0.183333333333 0.416666666668 0.05)
(0.179166666667 0.420833333335 0.05)
(0.179166666667 0.429166666668 0.05)
(0.183333333333 0.433333333335 0.05)
(0.183333333333 0.441666666668 0.05)
(0.179166666667 0.445833333335 0.05)
(0.179166666667 0.454166666668 0.05)
(0.183333333333 0.458333333335 0.05)
(0.183333333333 0.466666666668 0.05)
(0.179166666667 0.470833333335 0.05)
(0.179166666667 0.479166666668 0.05)
(0.183333333333 0.483333333335 0.05)
(0.183333333334 0.491666666668 0.05)
(0.179166666667 0.495833333335 0.05)
(0.179166666667 0.504166666668 0.05)
(0.183333333334 0.508333333335 0.05)
(0.183333333334 0.516666666668 0.05)
(0.179166666667 0.520833333335 0.05)
(0.179166666667 0.529166666668 0.05)
(0.183333333334 0.533333333335 0.05)
(0.183333333334 0.541666666668 0.05)
(0.179166666667 0.545833333335 0.05)
(0.179166666667 0.554166666668 0.05)
(0.183333333334 0.558333333334 0.05)
(0.183333333334 0.566666666668 0.05)
(0.179166666667 0.570833333334 0.05)
(0.179166666667 0.579166666668 0.05)
(0.183333333334 0.583333333334 0.05)
(0.183333333334 0.591666666668 0.05)
(0.179166666667 0.595833333334 0.05)
(0.179166666667 0.604166666668 0.05)
(0.183333333334 0.608333333334 0.05)
(0.183333333334 0.616666666668 0.05)
(0.179166666667 0.620833333334 0.05)
(0.179166666667 0.629166666667 0.05)
(0.183333333334 0.633333333334 0.05)
(0.183333333334 0.641666666667 0.05)
(0.179166666667 0.645833333334 0.05)
(0.179166666667 0.654166666667 0.05)
(0.183333333334 0.658333333334 0.05)
(0.183333333334 0.666666666667 0.05)
(0.179166666667 0.670833333334 0.05)
(0.179166666667 0.679166666667 0.05)
(0.183333333334 0.683333333334 0.05)
(0.183333333334 0.691666666667 0.05)
(0.179166666667 0.695833333334 0.05)
(0.179166666667 0.704166666667 0.05)
(0.183333333334 0.708333333334 0.05)
(0.183333333334 0.716666666667 0.05)
(0.179166666667 0.720833333334 0.05)
(0.179166666667 0.729166666667 0.05)
(0.183333333334 0.733333333334 0.05)
(0.183333333334 0.741666666667 0.05)
(0.179166666667 0.745833333334 0.05)
(0.179166666667 0.754166666667 0.05)
(0.183333333334 0.758333333333 0.05)
(0.183333333334 0.766666666667 0.05)
(0.179166666667 0.770833333333 0.05)
(0.179166666667 0.779166666667 0.05)
(0.183333333334 0.783333333333 0.05)
(0.183333333334 0.791666666667 0.05)
(0.179166666667 0.795833333333 0.05)
(0.179166666667 0.804166666667 0.05)
(0.183333333334 0.808333333333 0.05)
(0.183333333334 0.816666666666 0.05)
(0.179166666667 0.820833333333 0.05)
(0.179166666667 0.829166666666 0.05)
(0.183333333334 0.833333333333 0.05)
(0.183333333334 0.841666666666 0.05)
(0.179166666667 0.845833333333 0.05)
(0.179166666667 0.854166666666 0.05)
(0.183333333334 0.858333333333 0.05)
(0.183333333334 0.866666666666 0.05)
(0.179166666667 0.870833333333 0.05)
(0.179166666667 0.879166666666 0.05)
(0.183333333334 0.883333333333 0.05)
(0.183333333334 0.891666666666 0.05)
(0.179166666667 0.895833333333 0.05)
(0.179166666667 0.904166666666 0.05)
(0.183333333334 0.908333333333 0.05)
(0.183333333334 0.916666666666 0.05)
(0.179166666667 0.920833333333 0.05)
(0.179166666667 0.929166666666 0.05)
(0.183333333334 0.933333333333 0.05)
(0.183333333334 0.941666666666 0.05)
(0.179166666667 0.945833333333 0.05)
(0.179166666667 0.954166666666 0.05)
(0.183333333334 0.958333333333 0.05)
(0.183333333334 0.966666666667 0.05)
(0.179166666667 0.970833333333 0.05)
(0.179166666667 0.979166666667 0.05)
(0.183333333334 0.983333333333 0.05)
(0.183333333334 0.991666666667 0.05)
(0.179166666667 0.995833333333 0.05)
(0.195833333333 0.00416666666668 0.05)
(0.191666666666 0.00833333333336 0.05)
(0.191666666666 0.0166666666667 0.05)
(0.195833333333 0.0208333333334 0.05)
(0.195833333333 0.0291666666668 0.05)
(0.191666666666 0.0333333333334 0.05)
(0.191666666666 0.0416666666668 0.05)
(0.195833333333 0.0458333333335 0.05)
(0.195833333333 0.0541666666668 0.05)
(0.191666666666 0.0583333333335 0.05)
(0.191666666666 0.0666666666669 0.05)
(0.195833333333 0.0708333333335 0.05)
(0.195833333333 0.0791666666669 0.05)
(0.191666666666 0.0833333333336 0.05)
(0.191666666666 0.0916666666669 0.05)
(0.195833333333 0.0958333333336 0.05)
(0.195833333333 0.104166666667 0.05)
(0.191666666666 0.108333333334 0.05)
(0.191666666666 0.116666666667 0.05)
(0.195833333333 0.120833333334 0.05)
(0.195833333333 0.129166666667 0.05)
(0.191666666666 0.133333333334 0.05)
(0.191666666666 0.141666666667 0.05)
(0.195833333333 0.145833333334 0.05)
(0.195833333333 0.154166666667 0.05)
(0.191666666666 0.158333333334 0.05)
(0.191666666666 0.166666666667 0.05)
(0.195833333333 0.170833333334 0.05)
(0.195833333333 0.179166666667 0.05)
(0.191666666666 0.183333333334 0.05)
(0.191666666666 0.191666666667 0.05)
(0.195833333333 0.195833333334 0.05)
(0.195833333333 0.204166666667 0.05)
(0.191666666667 0.208333333334 0.05)
(0.191666666667 0.216666666667 0.05)
(0.195833333333 0.220833333334 0.05)
(0.195833333333 0.229166666667 0.05)
(0.191666666667 0.233333333334 0.05)
(0.191666666667 0.241666666667 0.05)
(0.195833333333 0.245833333334 0.05)
(0.195833333333 0.254166666667 0.05)
(0.191666666667 0.258333333334 0.05)
(0.191666666667 0.266666666667 0.05)
(0.195833333333 0.270833333334 0.05)
(0.195833333333 0.279166666667 0.05)
(0.191666666667 0.283333333334 0.05)
(0.191666666667 0.291666666668 0.05)
(0.195833333333 0.295833333334 0.05)
(0.195833333333 0.304166666668 0.05)
(0.191666666667 0.308333333334 0.05)
(0.191666666667 0.316666666668 0.05)
(0.195833333333 0.320833333334 0.05)
(0.195833333333 0.329166666668 0.05)
(0.191666666667 0.333333333334 0.05)
(0.191666666667 0.341666666668 0.05)
(0.195833333333 0.345833333334 0.05)
(0.195833333333 0.354166666668 0.05)
(0.191666666667 0.358333333334 0.05)
(0.191666666667 0.366666666668 0.05)
(0.195833333333 0.370833333334 0.05)
(0.195833333333 0.379166666668 0.05)
(0.191666666667 0.383333333334 0.05)
(0.191666666667 0.391666666668 0.05)
(0.195833333333 0.395833333334 0.05)
(0.195833333333 0.404166666668 0.05)
(0.191666666667 0.408333333335 0.05)
(0.191666666667 0.416666666668 0.05)
(0.195833333333 0.420833333335 0.05)
(0.195833333333 0.429166666668 0.05)
(0.191666666667 0.433333333335 0.05)
(0.191666666667 0.441666666668 0.05)
(0.195833333333 0.445833333335 0.05)
(0.195833333333 0.454166666668 0.05)
(0.191666666667 0.458333333335 0.05)
(0.191666666667 0.466666666668 0.05)
(0.195833333333 0.470833333335 0.05)
(0.195833333333 0.479166666668 0.05)
(0.191666666667 0.483333333335 0.05)
(0.191666666667 0.491666666668 0.05)
(0.195833333334 0.495833333335 0.05)
(0.195833333334 0.504166666668 0.05)
(0.191666666667 0.508333333335 0.05)
(0.191666666667 0.516666666668 0.05)
(0.195833333334 0.520833333335 0.05)
(0.195833333334 0.529166666668 0.05)
(0.191666666667 0.533333333335 0.05)
(0.191666666667 0.541666666668 0.05)
(0.195833333334 0.545833333335 0.05)
(0.195833333334 0.554166666668 0.05)
(0.191666666667 0.558333333334 0.05)
(0.191666666667 0.566666666668 0.05)
(0.195833333334 0.570833333334 0.05)
(0.195833333334 0.579166666668 0.05)
(0.191666666667 0.583333333334 0.05)
(0.191666666667 0.591666666668 0.05)
(0.195833333334 0.595833333334 0.05)
(0.195833333334 0.604166666668 0.05)
(0.191666666667 0.608333333334 0.05)
(0.191666666667 0.616666666668 0.05)
(0.195833333334 0.620833333334 0.05)
(0.195833333334 0.629166666667 0.05)
(0.191666666667 0.633333333334 0.05)
(0.191666666667 0.641666666667 0.05)
(0.195833333334 0.645833333334 0.05)
(0.195833333334 0.654166666667 0.05)
(0.191666666667 0.658333333334 0.05)
(0.191666666667 0.666666666667 0.05)
(0.195833333334 0.670833333334 0.05)
(0.195833333334 0.679166666667 0.05)
(0.191666666667 0.683333333334 0.05)
(0.191666666667 0.691666666667 0.05)
(0.195833333334 0.695833333334 0.05)
(0.195833333334 0.704166666667 0.05)
(0.191666666667 0.708333333334 0.05)
(0.191666666667 0.716666666667 0.05)
(0.195833333334 0.720833333334 0.05)
(0.195833333334 0.729166666667 0.05)
(0.191666666667 0.733333333334 0.05)
(0.191666666667 0.741666666667 0.05)
(0.195833333334 0.745833333334 0.05)
(0.195833333334 0.754166666667 0.05)
(0.191666666667 0.758333333333 0.05)
(0.191666666667 0.766666666667 0.05)
(0.195833333334 0.770833333333 0.05)
(0.195833333334 0.779166666667 0.05)
(0.191666666667 0.783333333333 0.05)
(0.191666666667 0.791666666667 0.05)
(0.195833333334 0.795833333333 0.05)
(0.195833333334 0.804166666667 0.05)
(0.191666666667 0.808333333333 0.05)
(0.191666666667 0.816666666666 0.05)
(0.195833333334 0.820833333333 0.05)
(0.195833333334 0.829166666666 0.05)
(0.191666666667 0.833333333333 0.05)
(0.191666666667 0.841666666666 0.05)
(0.195833333334 0.845833333333 0.05)
(0.195833333334 0.854166666666 0.05)
(0.191666666667 0.858333333333 0.05)
(0.191666666667 0.866666666666 0.05)
(0.195833333334 0.870833333333 0.05)
(0.195833333334 0.879166666666 0.05)
(0.191666666667 0.883333333333 0.05)
(0.191666666667 0.891666666666 0.05)
(0.195833333334 0.895833333333 0.05)
(0.195833333334 0.904166666666 0.05)
(0.191666666667 0.908333333333 0.05)
(0.191666666667 0.916666666666 0.05)
(0.195833333334 0.920833333333 0.05)
(0.195833333334 0.929166666666 0.05)
(0.191666666667 0.933333333333 0.05)
(0.191666666667 0.941666666666 0.05)
(0.195833333334 0.945833333333 0.05)
(0.195833333334 0.954166666666 0.05)
(0.191666666667 0.958333333333 0.05)
(0.191666666667 0.966666666667 0.05)
(0.195833333334 0.970833333333 0.05)
(0.195833333334 0.979166666667 0.05)
(0.191666666667 0.983333333333 0.05)
(0.191666666667 0.991666666667 0.05)
(0.195833333334 0.995833333333 0.05)
(0.204166666666 0.00416666666668 0.05)
(0.208333333333 0.00833333333336 0.05)
(0.208333333333 0.0166666666667 0.05)
(0.204166666666 0.0208333333334 0.05)
(0.204166666666 0.0291666666668 0.05)
(0.208333333333 0.0333333333334 0.05)
(0.208333333333 0.0416666666668 0.05)
(0.204166666666 0.0458333333335 0.05)
(0.204166666666 0.0541666666668 0.05)
(0.208333333333 0.0583333333335 0.05)
(0.208333333333 0.0666666666669 0.05)
(0.204166666666 0.0708333333335 0.05)
(0.204166666666 0.0791666666669 0.05)
(0.208333333333 0.0833333333336 0.05)
(0.208333333333 0.0916666666669 0.05)
(0.204166666666 0.0958333333336 0.05)
(0.204166666666 0.104166666667 0.05)
(0.208333333333 0.108333333334 0.05)
(0.208333333333 0.116666666667 0.05)
(0.204166666666 0.120833333334 0.05)
(0.204166666666 0.129166666667 0.05)
(0.208333333333 0.133333333334 0.05)
(0.208333333333 0.141666666667 0.05)
(0.204166666666 0.145833333334 0.05)
(0.204166666666 0.154166666667 0.05)
(0.208333333333 0.158333333334 0.05)
(0.208333333333 0.166666666667 0.05)
(0.204166666666 0.170833333334 0.05)
(0.204166666666 0.179166666667 0.05)
(0.208333333333 0.183333333334 0.05)
(0.208333333333 0.191666666667 0.05)
(0.204166666666 0.195833333334 0.05)
(0.204166666666 0.204166666667 0.05)
(0.208333333333 0.208333333334 0.05)
(0.208333333333 0.216666666667 0.05)
(0.204166666666 0.220833333334 0.05)
(0.204166666667 0.229166666667 0.05)
(0.208333333333 0.233333333334 0.05)
(0.208333333333 0.241666666667 0.05)
(0.204166666667 0.245833333334 0.05)
(0.204166666667 0.254166666667 0.05)
(0.208333333333 0.258333333334 0.05)
(0.208333333333 0.266666666667 0.05)
(0.204166666667 0.270833333334 0.05)
(0.204166666667 0.279166666667 0.05)
(0.208333333333 0.283333333334 0.05)
(0.208333333333 0.291666666667 0.05)
(0.204166666667 0.295833333334 0.05)
(0.204166666667 0.304166666668 0.05)
(0.208333333333 0.308333333334 0.05)
(0.208333333333 0.316666666668 0.05)
(0.204166666667 0.320833333334 0.05)
(0.204166666667 0.329166666668 0.05)
(0.208333333333 0.333333333334 0.05)
(0.208333333333 0.341666666668 0.05)
(0.204166666667 0.345833333334 0.05)
(0.204166666667 0.354166666668 0.05)
(0.208333333333 0.358333333334 0.05)
(0.208333333333 0.366666666668 0.05)
(0.204166666667 0.370833333334 0.05)
(0.204166666667 0.379166666668 0.05)
(0.208333333333 0.383333333334 0.05)
(0.208333333333 0.391666666668 0.05)
(0.204166666667 0.395833333334 0.05)
(0.204166666667 0.404166666668 0.05)
(0.208333333333 0.408333333334 0.05)
(0.208333333333 0.416666666668 0.05)
(0.204166666667 0.420833333335 0.05)
(0.204166666667 0.429166666668 0.05)
(0.208333333333 0.433333333335 0.05)
(0.208333333333 0.441666666668 0.05)
(0.204166666667 0.445833333335 0.05)
(0.204166666667 0.454166666668 0.05)
(0.208333333333 0.458333333335 0.05)
(0.208333333333 0.466666666668 0.05)
(0.204166666667 0.470833333335 0.05)
(0.204166666667 0.479166666668 0.05)
(0.208333333334 0.483333333335 0.05)
(0.208333333334 0.491666666668 0.05)
(0.204166666667 0.495833333335 0.05)
(0.204166666667 0.504166666668 0.05)
(0.208333333334 0.508333333335 0.05)
(0.208333333334 0.516666666668 0.05)
(0.204166666667 0.520833333335 0.05)
(0.204166666667 0.529166666668 0.05)
(0.208333333334 0.533333333335 0.05)
(0.208333333334 0.541666666668 0.05)
(0.204166666667 0.545833333334 0.05)
(0.204166666667 0.554166666668 0.05)
(0.208333333334 0.558333333334 0.05)
(0.208333333334 0.566666666668 0.05)
(0.204166666667 0.570833333334 0.05)
(0.204166666667 0.579166666668 0.05)
(0.208333333334 0.583333333334 0.05)
(0.208333333334 0.591666666668 0.05)
(0.204166666667 0.595833333334 0.05)
(0.204166666667 0.604166666668 0.05)
(0.208333333334 0.608333333334 0.05)
(0.208333333334 0.616666666667 0.05)
(0.204166666667 0.620833333334 0.05)
(0.204166666667 0.629166666667 0.05)
(0.208333333334 0.633333333334 0.05)
(0.208333333334 0.641666666667 0.05)
(0.204166666667 0.645833333334 0.05)
(0.204166666667 0.654166666667 0.05)
(0.208333333334 0.658333333334 0.05)
(0.208333333334 0.666666666667 0.05)
(0.204166666667 0.670833333334 0.05)
(0.204166666667 0.679166666667 0.05)
(0.208333333334 0.683333333334 0.05)
(0.208333333334 0.691666666667 0.05)
(0.204166666667 0.695833333334 0.05)
(0.204166666667 0.704166666667 0.05)
(0.208333333334 0.708333333334 0.05)
(0.208333333334 0.716666666667 0.05)
(0.204166666667 0.720833333334 0.05)
(0.204166666667 0.729166666667 0.05)
(0.208333333334 0.733333333334 0.05)
(0.208333333334 0.741666666667 0.05)
(0.204166666667 0.745833333333 0.05)
(0.204166666667 0.754166666667 0.05)
(0.208333333334 0.758333333333 0.05)
(0.208333333334 0.766666666667 0.05)
(0.204166666667 0.770833333333 0.05)
(0.204166666667 0.779166666667 0.05)
(0.208333333334 0.783333333333 0.05)
(0.208333333334 0.791666666667 0.05)
(0.204166666667 0.795833333333 0.05)
(0.204166666667 0.804166666667 0.05)
(0.208333333334 0.808333333333 0.05)
(0.208333333334 0.816666666666 0.05)
(0.204166666667 0.820833333333 0.05)
(0.204166666667 0.829166666666 0.05)
(0.208333333334 0.833333333333 0.05)
(0.208333333334 0.841666666666 0.05)
(0.204166666667 0.845833333333 0.05)
(0.204166666667 0.854166666666 0.05)
(0.208333333334 0.858333333333 0.05)
(0.208333333334 0.866666666666 0.05)
(0.204166666667 0.870833333333 0.05)
(0.204166666667 0.879166666666 0.05)
(0.208333333334 0.883333333333 0.05)
(0.208333333334 0.891666666666 0.05)
(0.204166666667 0.895833333333 0.05)
(0.204166666667 0.904166666666 0.05)
(0.208333333334 0.908333333333 0.05)
(0.208333333334 0.916666666666 0.05)
(0.204166666667 0.920833333333 0.05)
(0.204166666667 0.929166666666 0.05)
(0.208333333334 0.933333333333 0.05)
(0.208333333334 0.941666666666 0.05)
(0.204166666667 0.945833333333 0.05)
(0.204166666667 0.954166666666 0.05)
(0.208333333334 0.958333333333 0.05)
(0.208333333334 0.966666666667 0.05)
(0.204166666667 0.970833333333 0.05)
(0.204166666667 0.979166666667 0.05)
(0.208333333334 0.983333333333 0.05)
(0.208333333334 0.991666666667 0.05)
(0.204166666668 0.995833333333 0.05)
(0.220833333333 0.00416666666668 0.05)
(0.216666666666 0.00833333333336 0.05)
(0.216666666666 0.0166666666667 0.05)
(0.220833333333 0.0208333333334 0.05)
(0.220833333333 0.0291666666667 0.05)
(0.216666666666 0.0333333333334 0.05)
(0.216666666666 0.0416666666668 0.05)
(0.220833333333 0.0458333333335 0.05)
(0.220833333333 0.0541666666668 0.05)
(0.216666666666 0.0583333333335 0.05)
(0.216666666666 0.0666666666669 0.05)
(0.220833333333 0.0708333333335 0.05)
(0.220833333333 0.0791666666669 0.05)
(0.216666666666 0.0833333333336 0.05)
(0.216666666666 0.0916666666669 0.05)
(0.220833333333 0.0958333333336 0.05)
(0.220833333333 0.104166666667 0.05)
(0.216666666666 0.108333333334 0.05)
(0.216666666666 0.116666666667 0.05)
(0.220833333333 0.120833333334 0.05)
(0.220833333333 0.129166666667 0.05)
(0.216666666666 0.133333333334 0.05)
(0.216666666666 0.141666666667 0.05)
(0.220833333333 0.145833333334 0.05)
(0.220833333333 0.154166666667 0.05)
(0.216666666666 0.158333333334 0.05)
(0.216666666666 0.166666666667 0.05)
(0.220833333333 0.170833333334 0.05)
(0.220833333333 0.179166666667 0.05)
(0.216666666666 0.183333333334 0.05)
(0.216666666666 0.191666666667 0.05)
(0.220833333333 0.195833333334 0.05)
(0.220833333333 0.204166666667 0.05)
(0.216666666666 0.208333333334 0.05)
(0.216666666666 0.216666666667 0.05)
(0.220833333333 0.220833333334 0.05)
(0.220833333333 0.229166666667 0.05)
(0.216666666667 0.233333333334 0.05)
(0.216666666667 0.241666666667 0.05)
(0.220833333333 0.245833333334 0.05)
(0.220833333333 0.254166666667 0.05)
(0.216666666667 0.258333333334 0.05)
(0.216666666667 0.266666666667 0.05)
(0.220833333333 0.270833333334 0.05)
(0.220833333333 0.279166666667 0.05)
(0.216666666667 0.283333333334 0.05)
(0.216666666667 0.291666666667 0.05)
(0.220833333333 0.295833333334 0.05)
(0.220833333333 0.304166666667 0.05)
(0.216666666667 0.308333333334 0.05)
(0.216666666667 0.316666666668 0.05)
(0.220833333333 0.320833333334 0.05)
(0.220833333333 0.329166666668 0.05)
(0.216666666667 0.333333333334 0.05)
(0.216666666667 0.341666666668 0.05)
(0.220833333333 0.345833333334 0.05)
(0.220833333333 0.354166666668 0.05)
(0.216666666667 0.358333333334 0.05)
(0.216666666667 0.366666666668 0.05)
(0.220833333333 0.370833333334 0.05)
(0.220833333333 0.379166666668 0.05)
(0.216666666667 0.383333333334 0.05)
(0.216666666667 0.391666666668 0.05)
(0.220833333333 0.395833333334 0.05)
(0.220833333333 0.404166666668 0.05)
(0.216666666667 0.408333333334 0.05)
(0.216666666667 0.416666666668 0.05)
(0.220833333333 0.420833333334 0.05)
(0.220833333333 0.429166666668 0.05)
(0.216666666667 0.433333333335 0.05)
(0.216666666667 0.441666666668 0.05)
(0.220833333333 0.445833333335 0.05)
(0.220833333333 0.454166666668 0.05)
(0.216666666667 0.458333333335 0.05)
(0.216666666667 0.466666666668 0.05)
(0.220833333333 0.470833333335 0.05)
(0.220833333334 0.479166666668 0.05)
(0.216666666667 0.483333333335 0.05)
(0.216666666667 0.491666666668 0.05)
(0.220833333334 0.495833333335 0.05)
(0.220833333334 0.504166666668 0.05)
(0.216666666667 0.508333333335 0.05)
(0.216666666667 0.516666666668 0.05)
(0.220833333334 0.520833333335 0.05)
(0.220833333334 0.529166666668 0.05)
(0.216666666667 0.533333333335 0.05)
(0.216666666667 0.541666666668 0.05)
(0.220833333334 0.545833333334 0.05)
(0.220833333334 0.554166666668 0.05)
(0.216666666667 0.558333333334 0.05)
(0.216666666667 0.566666666668 0.05)
(0.220833333334 0.570833333334 0.05)
(0.220833333334 0.579166666668 0.05)
(0.216666666667 0.583333333334 0.05)
(0.216666666667 0.591666666668 0.05)
(0.220833333334 0.595833333334 0.05)
(0.220833333334 0.604166666667 0.05)
(0.216666666667 0.608333333334 0.05)
(0.216666666667 0.616666666667 0.05)
(0.220833333334 0.620833333334 0.05)
(0.220833333334 0.629166666667 0.05)
(0.216666666667 0.633333333334 0.05)
(0.216666666667 0.641666666667 0.05)
(0.220833333334 0.645833333334 0.05)
(0.220833333334 0.654166666667 0.05)
(0.216666666667 0.658333333334 0.05)
(0.216666666667 0.666666666667 0.05)
(0.220833333334 0.670833333334 0.05)
(0.220833333334 0.679166666667 0.05)
(0.216666666667 0.683333333334 0.05)
(0.216666666667 0.691666666667 0.05)
(0.220833333334 0.695833333334 0.05)
(0.220833333334 0.704166666667 0.05)
(0.216666666667 0.708333333334 0.05)
(0.216666666667 0.716666666667 0.05)
(0.220833333334 0.720833333334 0.05)
(0.220833333334 0.729166666667 0.05)
(0.216666666667 0.733333333334 0.05)
(0.216666666667 0.741666666667 0.05)
(0.220833333334 0.745833333333 0.05)
(0.220833333334 0.754166666667 0.05)
(0.216666666667 0.758333333333 0.05)
(0.216666666667 0.766666666667 0.05)
(0.220833333334 0.770833333333 0.05)
(0.220833333334 0.779166666667 0.05)
(0.216666666667 0.783333333333 0.05)
(0.216666666667 0.791666666667 0.05)
(0.220833333334 0.795833333333 0.05)
(0.220833333334 0.804166666667 0.05)
(0.216666666667 0.808333333333 0.05)
(0.216666666667 0.816666666666 0.05)
(0.220833333334 0.820833333333 0.05)
(0.220833333334 0.829166666666 0.05)
(0.216666666667 0.833333333333 0.05)
(0.216666666667 0.841666666666 0.05)
(0.220833333334 0.845833333333 0.05)
(0.220833333334 0.854166666666 0.05)
(0.216666666667 0.858333333333 0.05)
(0.216666666667 0.866666666666 0.05)
(0.220833333334 0.870833333333 0.05)
(0.220833333334 0.879166666666 0.05)
(0.216666666667 0.883333333333 0.05)
(0.216666666667 0.891666666666 0.05)
(0.220833333334 0.895833333333 0.05)
(0.220833333334 0.904166666666 0.05)
(0.216666666667 0.908333333333 0.05)
(0.216666666667 0.916666666666 0.05)
(0.220833333334 0.920833333333 0.05)
(0.220833333334 0.929166666666 0.05)
(0.216666666667 0.933333333333 0.05)
(0.216666666667 0.941666666666 0.05)
(0.220833333334 0.945833333333 0.05)
(0.220833333334 0.954166666666 0.05)
(0.216666666668 0.958333333333 0.05)
(0.216666666668 0.966666666667 0.05)
(0.220833333334 0.970833333333 0.05)
(0.220833333334 0.979166666667 0.05)
(0.216666666668 0.983333333333 0.05)
(0.216666666668 0.991666666667 0.05)
(0.220833333334 0.995833333333 0.05)
(0.229166666666 0.00416666666668 0.05)
(0.233333333333 0.00833333333336 0.05)
(0.233333333333 0.0166666666667 0.05)
(0.229166666666 0.0208333333334 0.05)
(0.229166666666 0.0291666666667 0.05)
(0.233333333333 0.0333333333334 0.05)
(0.233333333333 0.0416666666668 0.05)
(0.229166666666 0.0458333333335 0.05)
(0.229166666666 0.0541666666668 0.05)
(0.233333333333 0.0583333333335 0.05)
(0.233333333333 0.0666666666668 0.05)
(0.229166666666 0.0708333333335 0.05)
(0.229166666666 0.0791666666669 0.05)
(0.233333333333 0.0833333333336 0.05)
(0.233333333333 0.0916666666669 0.05)
(0.229166666666 0.0958333333336 0.05)
(0.229166666666 0.104166666667 0.05)
(0.233333333333 0.108333333334 0.05)
(0.233333333333 0.116666666667 0.05)
(0.229166666666 0.120833333334 0.05)
(0.229166666666 0.129166666667 0.05)
(0.233333333333 0.133333333334 0.05)
(0.233333333333 0.141666666667 0.05)
(0.229166666666 0.145833333334 0.05)
(0.229166666666 0.154166666667 0.05)
(0.233333333333 0.158333333334 0.05)
(0.233333333333 0.166666666667 0.05)
(0.229166666666 0.170833333334 0.05)
(0.229166666666 0.179166666667 0.05)
(0.233333333333 0.183333333334 0.05)
(0.233333333333 0.191666666667 0.05)
(0.229166666666 0.195833333334 0.05)
(0.229166666666 0.204166666667 0.05)
(0.233333333333 0.208333333334 0.05)
(0.233333333333 0.216666666667 0.05)
(0.229166666666 0.220833333334 0.05)
(0.229166666666 0.229166666667 0.05)
(0.233333333333 0.233333333334 0.05)
(0.233333333333 0.241666666667 0.05)
(0.229166666667 0.245833333334 0.05)
(0.229166666667 0.254166666667 0.05)
(0.233333333333 0.258333333334 0.05)
(0.233333333333 0.266666666667 0.05)
(0.229166666667 0.270833333334 0.05)
(0.229166666667 0.279166666667 0.05)
(0.233333333333 0.283333333334 0.05)
(0.233333333333 0.291666666667 0.05)
(0.229166666667 0.295833333334 0.05)
(0.229166666667 0.304166666667 0.05)
(0.233333333333 0.308333333334 0.05)
(0.233333333333 0.316666666667 0.05)
(0.229166666667 0.320833333334 0.05)
(0.229166666667 0.329166666668 0.05)
(0.233333333333 0.333333333334 0.05)
(0.233333333333 0.341666666668 0.05)
(0.229166666667 0.345833333334 0.05)
(0.229166666667 0.354166666668 0.05)
(0.233333333333 0.358333333334 0.05)
(0.233333333333 0.366666666668 0.05)
(0.229166666667 0.370833333334 0.05)
(0.229166666667 0.379166666668 0.05)
(0.233333333333 0.383333333334 0.05)
(0.233333333333 0.391666666668 0.05)
(0.229166666667 0.395833333334 0.05)
(0.229166666667 0.404166666668 0.05)
(0.233333333333 0.408333333334 0.05)
(0.233333333333 0.416666666668 0.05)
(0.229166666667 0.420833333334 0.05)
(0.229166666667 0.429166666668 0.05)
(0.233333333333 0.433333333334 0.05)
(0.233333333333 0.441666666668 0.05)
(0.229166666667 0.445833333334 0.05)
(0.229166666667 0.454166666668 0.05)
(0.233333333333 0.458333333335 0.05)
(0.233333333333 0.466666666668 0.05)
(0.229166666667 0.470833333335 0.05)
(0.229166666667 0.479166666668 0.05)
(0.233333333334 0.483333333335 0.05)
(0.233333333334 0.491666666668 0.05)
(0.229166666667 0.495833333335 0.05)
(0.229166666667 0.504166666668 0.05)
(0.233333333334 0.508333333335 0.05)
(0.233333333334 0.516666666668 0.05)
(0.229166666667 0.520833333335 0.05)
(0.229166666667 0.529166666668 0.05)
(0.233333333334 0.533333333334 0.05)
(0.233333333334 0.541666666668 0.05)
(0.229166666667 0.545833333334 0.05)
(0.229166666667 0.554166666668 0.05)
(0.233333333334 0.558333333334 0.05)
(0.233333333334 0.566666666668 0.05)
(0.229166666667 0.570833333334 0.05)
(0.229166666667 0.579166666668 0.05)
(0.233333333334 0.583333333334 0.05)
(0.233333333334 0.591666666668 0.05)
(0.229166666667 0.595833333334 0.05)
(0.229166666667 0.604166666667 0.05)
(0.233333333334 0.608333333334 0.05)
(0.233333333334 0.616666666667 0.05)
(0.229166666667 0.620833333334 0.05)
(0.229166666667 0.629166666667 0.05)
(0.233333333334 0.633333333334 0.05)
(0.233333333334 0.641666666667 0.05)
(0.229166666667 0.645833333334 0.05)
(0.229166666667 0.654166666667 0.05)
(0.233333333334 0.658333333334 0.05)
(0.233333333334 0.666666666667 0.05)
(0.229166666667 0.670833333334 0.05)
(0.229166666667 0.679166666667 0.05)
(0.233333333334 0.683333333334 0.05)
(0.233333333334 0.691666666667 0.05)
(0.229166666667 0.695833333334 0.05)
(0.229166666667 0.704166666667 0.05)
(0.233333333334 0.708333333334 0.05)
(0.233333333334 0.716666666667 0.05)
(0.229166666667 0.720833333334 0.05)
(0.229166666667 0.729166666667 0.05)
(0.233333333334 0.733333333334 0.05)
(0.233333333334 0.741666666667 0.05)
(0.229166666667 0.745833333333 0.05)
(0.229166666667 0.754166666667 0.05)
(0.233333333334 0.758333333333 0.05)
(0.233333333334 0.766666666667 0.05)
(0.229166666667 0.770833333333 0.05)
(0.229166666667 0.779166666667 0.05)
(0.233333333334 0.783333333333 0.05)
(0.233333333334 0.791666666667 0.05)
(0.229166666667 0.795833333333 0.05)
(0.229166666667 0.804166666667 0.05)
(0.233333333334 0.808333333333 0.05)
(0.233333333334 0.816666666666 0.05)
(0.229166666667 0.820833333333 0.05)
(0.229166666667 0.829166666666 0.05)
(0.233333333334 0.833333333333 0.05)
(0.233333333334 0.841666666666 0.05)
(0.229166666667 0.845833333333 0.05)
(0.229166666667 0.854166666666 0.05)
(0.233333333334 0.858333333333 0.05)
(0.233333333334 0.866666666666 0.05)
(0.229166666667 0.870833333333 0.05)
(0.229166666667 0.879166666666 0.05)
(0.233333333334 0.883333333333 0.05)
(0.233333333334 0.891666666666 0.05)
(0.229166666667 0.895833333333 0.05)
(0.229166666667 0.904166666666 0.05)
(0.233333333334 0.908333333333 0.05)
(0.233333333334 0.916666666666 0.05)
(0.229166666668 0.920833333333 0.05)
(0.229166666668 0.929166666666 0.05)
(0.233333333334 0.933333333333 0.05)
(0.233333333334 0.941666666666 0.05)
(0.229166666668 0.945833333333 0.05)
(0.229166666668 0.954166666666 0.05)
(0.233333333334 0.958333333333 0.05)
(0.233333333334 0.966666666667 0.05)
(0.229166666668 0.970833333333 0.05)
(0.229166666668 0.979166666667 0.05)
(0.233333333334 0.983333333333 0.05)
(0.233333333334 0.991666666667 0.05)
(0.229166666668 0.995833333333 0.05)
(0.245833333333 0.00416666666668 0.05)
(0.241666666666 0.00833333333336 0.05)
(0.241666666666 0.0166666666667 0.05)
(0.245833333333 0.0208333333334 0.05)
(0.245833333333 0.0291666666667 0.05)
(0.241666666666 0.0333333333334 0.05)
(0.241666666666 0.0416666666668 0.05)
(0.245833333333 0.0458333333335 0.05)
(0.245833333333 0.0541666666668 0.05)
(0.241666666666 0.0583333333335 0.05)
(0.241666666666 0.0666666666668 0.05)
(0.245833333333 0.0708333333335 0.05)
(0.245833333333 0.0791666666669 0.05)
(0.241666666666 0.0833333333336 0.05)
(0.241666666666 0.0916666666669 0.05)
(0.245833333333 0.0958333333336 0.05)
(0.245833333333 0.104166666667 0.05)
(0.241666666666 0.108333333334 0.05)
(0.241666666666 0.116666666667 0.05)
(0.245833333333 0.120833333334 0.05)
(0.245833333333 0.129166666667 0.05)
(0.241666666666 0.133333333334 0.05)
(0.241666666666 0.141666666667 0.05)
(0.245833333333 0.145833333334 0.05)
(0.245833333333 0.154166666667 0.05)
(0.241666666666 0.158333333334 0.05)
(0.241666666666 0.166666666667 0.05)
(0.245833333333 0.170833333334 0.05)
(0.245833333333 0.179166666667 0.05)
(0.241666666666 0.183333333334 0.05)
(0.241666666666 0.191666666667 0.05)
(0.245833333333 0.195833333334 0.05)
(0.245833333333 0.204166666667 0.05)
(0.241666666666 0.208333333334 0.05)
(0.241666666666 0.216666666667 0.05)
(0.245833333333 0.220833333334 0.05)
(0.245833333333 0.229166666667 0.05)
(0.241666666666 0.233333333334 0.05)
(0.241666666666 0.241666666667 0.05)
(0.245833333333 0.245833333334 0.05)
(0.245833333333 0.254166666667 0.05)
(0.241666666667 0.258333333334 0.05)
(0.241666666667 0.266666666667 0.05)
(0.245833333333 0.270833333334 0.05)
(0.245833333333 0.279166666667 0.05)
(0.241666666667 0.283333333334 0.05)
(0.241666666667 0.291666666667 0.05)
(0.245833333333 0.295833333334 0.05)
(0.245833333333 0.304166666667 0.05)
(0.241666666667 0.308333333334 0.05)
(0.241666666667 0.316666666667 0.05)
(0.245833333333 0.320833333334 0.05)
(0.245833333333 0.329166666667 0.05)
(0.241666666667 0.333333333334 0.05)
(0.241666666667 0.341666666668 0.05)
(0.245833333333 0.345833333334 0.05)
(0.245833333333 0.354166666668 0.05)
(0.241666666667 0.358333333334 0.05)
(0.241666666667 0.366666666668 0.05)
(0.245833333333 0.370833333334 0.05)
(0.245833333333 0.379166666668 0.05)
(0.241666666667 0.383333333334 0.05)
(0.241666666667 0.391666666668 0.05)
(0.245833333333 0.395833333334 0.05)
(0.245833333333 0.404166666668 0.05)
(0.241666666667 0.408333333334 0.05)
(0.241666666667 0.416666666668 0.05)
(0.245833333333 0.420833333334 0.05)
(0.245833333333 0.429166666668 0.05)
(0.241666666667 0.433333333334 0.05)
(0.241666666667 0.441666666668 0.05)
(0.245833333333 0.445833333334 0.05)
(0.245833333333 0.454166666668 0.05)
(0.241666666667 0.458333333334 0.05)
(0.241666666667 0.466666666668 0.05)
(0.245833333334 0.470833333335 0.05)
(0.245833333334 0.479166666668 0.05)
(0.241666666667 0.483333333335 0.05)
(0.241666666667 0.491666666668 0.05)
(0.245833333334 0.495833333335 0.05)
(0.245833333334 0.504166666668 0.05)
(0.241666666667 0.508333333335 0.05)
(0.241666666667 0.516666666668 0.05)
(0.245833333334 0.520833333334 0.05)
(0.245833333334 0.529166666668 0.05)
(0.241666666667 0.533333333334 0.05)
(0.241666666667 0.541666666668 0.05)
(0.245833333334 0.545833333334 0.05)
(0.245833333334 0.554166666668 0.05)
(0.241666666667 0.558333333334 0.05)
(0.241666666667 0.566666666668 0.05)
(0.245833333334 0.570833333334 0.05)
(0.245833333334 0.579166666668 0.05)
(0.241666666667 0.583333333334 0.05)
(0.241666666667 0.591666666668 0.05)
(0.245833333334 0.595833333334 0.05)
(0.245833333334 0.604166666667 0.05)
(0.241666666667 0.608333333334 0.05)
(0.241666666667 0.616666666667 0.05)
(0.245833333334 0.620833333334 0.05)
(0.245833333334 0.629166666667 0.05)
(0.241666666667 0.633333333334 0.05)
(0.241666666667 0.641666666667 0.05)
(0.245833333334 0.645833333334 0.05)
(0.245833333334 0.654166666667 0.05)
(0.241666666667 0.658333333334 0.05)
(0.241666666667 0.666666666667 0.05)
(0.245833333334 0.670833333334 0.05)
(0.245833333334 0.679166666667 0.05)
(0.241666666667 0.683333333334 0.05)
(0.241666666667 0.691666666667 0.05)
(0.245833333334 0.695833333334 0.05)
(0.245833333334 0.704166666667 0.05)
(0.241666666667 0.708333333334 0.05)
(0.241666666667 0.716666666667 0.05)
(0.245833333334 0.720833333334 0.05)
(0.245833333334 0.729166666667 0.05)
(0.241666666667 0.733333333334 0.05)
(0.241666666667 0.741666666667 0.05)
(0.245833333334 0.745833333333 0.05)
(0.245833333334 0.754166666667 0.05)
(0.241666666667 0.758333333333 0.05)
(0.241666666667 0.766666666667 0.05)
(0.245833333334 0.770833333333 0.05)
(0.245833333334 0.779166666667 0.05)
(0.241666666667 0.783333333333 0.05)
(0.241666666667 0.791666666667 0.05)
(0.245833333334 0.795833333333 0.05)
(0.245833333334 0.804166666667 0.05)
(0.241666666667 0.808333333333 0.05)
(0.241666666667 0.816666666666 0.05)
(0.245833333334 0.820833333333 0.05)
(0.245833333334 0.829166666666 0.05)
(0.241666666667 0.833333333333 0.05)
(0.241666666667 0.841666666666 0.05)
(0.245833333334 0.845833333333 0.05)
(0.245833333334 0.854166666666 0.05)
(0.241666666667 0.858333333333 0.05)
(0.241666666667 0.866666666666 0.05)
(0.245833333334 0.870833333333 0.05)
(0.245833333334 0.879166666666 0.05)
(0.241666666667 0.883333333333 0.05)
(0.241666666668 0.891666666666 0.05)
(0.245833333334 0.895833333333 0.05)
(0.245833333334 0.904166666666 0.05)
(0.241666666668 0.908333333333 0.05)
(0.241666666668 0.916666666666 0.05)
(0.245833333334 0.920833333333 0.05)
(0.245833333334 0.929166666666 0.05)
(0.241666666668 0.933333333333 0.05)
(0.241666666668 0.941666666666 0.05)
(0.245833333334 0.945833333333 0.05)
(0.245833333334 0.954166666666 0.05)
(0.241666666668 0.958333333333 0.05)
(0.241666666668 0.966666666667 0.05)
(0.245833333334 0.970833333333 0.05)
(0.245833333334 0.979166666667 0.05)
(0.241666666668 0.983333333333 0.05)
(0.241666666668 0.991666666667 0.05)
(0.245833333334 0.995833333333 0.05)
(0.254166666666 0.00416666666668 0.05)
(0.258333333333 0.00833333333336 0.05)
(0.258333333333 0.0166666666667 0.05)
(0.254166666666 0.0208333333334 0.05)
(0.254166666666 0.0291666666667 0.05)
(0.258333333333 0.0333333333334 0.05)
(0.258333333333 0.0416666666668 0.05)
(0.254166666666 0.0458333333335 0.05)
(0.254166666666 0.0541666666668 0.05)
(0.258333333333 0.0583333333335 0.05)
(0.258333333333 0.0666666666668 0.05)
(0.254166666666 0.0708333333335 0.05)
(0.254166666666 0.0791666666669 0.05)
(0.258333333333 0.0833333333335 0.05)
(0.258333333333 0.0916666666669 0.05)
(0.254166666666 0.0958333333336 0.05)
(0.254166666666 0.104166666667 0.05)
(0.258333333333 0.108333333334 0.05)
(0.258333333333 0.116666666667 0.05)
(0.254166666666 0.120833333334 0.05)
(0.254166666666 0.129166666667 0.05)
(0.258333333333 0.133333333334 0.05)
(0.258333333333 0.141666666667 0.05)
(0.254166666666 0.145833333334 0.05)
(0.254166666666 0.154166666667 0.05)
(0.258333333333 0.158333333334 0.05)
(0.258333333333 0.166666666667 0.05)
(0.254166666666 0.170833333334 0.05)
(0.254166666666 0.179166666667 0.05)
(0.258333333333 0.183333333334 0.05)
(0.258333333333 0.191666666667 0.05)
(0.254166666666 0.195833333334 0.05)
(0.254166666666 0.204166666667 0.05)
(0.258333333333 0.208333333334 0.05)
(0.258333333333 0.216666666667 0.05)
(0.254166666666 0.220833333334 0.05)
(0.254166666666 0.229166666667 0.05)
(0.258333333333 0.233333333334 0.05)
(0.258333333333 0.241666666667 0.05)
(0.254166666666 0.245833333334 0.05)
(0.254166666666 0.254166666667 0.05)
(0.258333333333 0.258333333334 0.05)
(0.258333333333 0.266666666667 0.05)
(0.254166666667 0.270833333334 0.05)
(0.254166666667 0.279166666667 0.05)
(0.258333333333 0.283333333334 0.05)
(0.258333333333 0.291666666667 0.05)
(0.254166666667 0.295833333334 0.05)
(0.254166666667 0.304166666667 0.05)
(0.258333333333 0.308333333334 0.05)
(0.258333333333 0.316666666667 0.05)
(0.254166666667 0.320833333334 0.05)
(0.254166666667 0.329166666667 0.05)
(0.258333333333 0.333333333334 0.05)
(0.258333333333 0.341666666668 0.05)
(0.254166666667 0.345833333334 0.05)
(0.254166666667 0.354166666668 0.05)
(0.258333333333 0.358333333334 0.05)
(0.258333333333 0.366666666668 0.05)
(0.254166666667 0.370833333334 0.05)
(0.254166666667 0.379166666668 0.05)
(0.258333333333 0.383333333334 0.05)
(0.258333333333 0.391666666668 0.05)
(0.254166666667 0.395833333334 0.05)
(0.254166666667 0.404166666668 0.05)
(0.258333333333 0.408333333334 0.05)
(0.258333333333 0.416666666668 0.05)
(0.254166666667 0.420833333334 0.05)
(0.254166666667 0.429166666668 0.05)
(0.258333333333 0.433333333334 0.05)
(0.258333333333 0.441666666668 0.05)
(0.254166666667 0.445833333334 0.05)
(0.254166666667 0.454166666668 0.05)
(0.258333333333 0.458333333334 0.05)
(0.258333333334 0.466666666668 0.05)
(0.254166666667 0.470833333334 0.05)
(0.254166666667 0.479166666668 0.05)
(0.258333333334 0.483333333334 0.05)
(0.258333333334 0.491666666668 0.05)
(0.254166666667 0.495833333335 0.05)
(0.254166666667 0.504166666668 0.05)
(0.258333333334 0.508333333334 0.05)
(0.258333333334 0.516666666668 0.05)
(0.254166666667 0.520833333334 0.05)
(0.254166666667 0.529166666668 0.05)
(0.258333333334 0.533333333334 0.05)
(0.258333333334 0.541666666668 0.05)
(0.254166666667 0.545833333334 0.05)
(0.254166666667 0.554166666668 0.05)
(0.258333333334 0.558333333334 0.05)
(0.258333333334 0.566666666668 0.05)
(0.254166666667 0.570833333334 0.05)
(0.254166666667 0.579166666668 0.05)
(0.258333333334 0.583333333334 0.05)
(0.258333333334 0.591666666667 0.05)
(0.254166666667 0.595833333334 0.05)
(0.254166666667 0.604166666667 0.05)
(0.258333333334 0.608333333334 0.05)
(0.258333333334 0.616666666667 0.05)
(0.254166666667 0.620833333334 0.05)
(0.254166666667 0.629166666667 0.05)
(0.258333333334 0.633333333334 0.05)
(0.258333333334 0.641666666667 0.05)
(0.254166666667 0.645833333334 0.05)
(0.254166666667 0.654166666667 0.05)
(0.258333333334 0.658333333334 0.05)
(0.258333333334 0.666666666667 0.05)
(0.254166666667 0.670833333334 0.05)
(0.254166666667 0.679166666667 0.05)
(0.258333333334 0.683333333334 0.05)
(0.258333333334 0.691666666667 0.05)
(0.254166666667 0.695833333334 0.05)
(0.254166666667 0.704166666667 0.05)
(0.258333333334 0.708333333334 0.05)
(0.258333333334 0.716666666667 0.05)
(0.254166666667 0.720833333334 0.05)
(0.254166666667 0.729166666667 0.05)
(0.258333333334 0.733333333333 0.05)
(0.258333333334 0.741666666667 0.05)
(0.254166666667 0.745833333333 0.05)
(0.254166666667 0.754166666667 0.05)
(0.258333333334 0.758333333333 0.05)
(0.258333333334 0.766666666667 0.05)
(0.254166666667 0.770833333333 0.05)
(0.254166666667 0.779166666667 0.05)
(0.258333333334 0.783333333333 0.05)
(0.258333333334 0.791666666667 0.05)
(0.254166666667 0.795833333333 0.05)
(0.254166666667 0.804166666667 0.05)
(0.258333333334 0.808333333333 0.05)
(0.258333333334 0.816666666666 0.05)
(0.254166666667 0.820833333333 0.05)
(0.254166666667 0.829166666666 0.05)
(0.258333333334 0.833333333333 0.05)
(0.258333333334 0.841666666666 0.05)
(0.254166666667 0.845833333333 0.05)
(0.254166666667 0.854166666666 0.05)
(0.258333333334 0.858333333333 0.05)
(0.258333333334 0.866666666666 0.05)
(0.254166666668 0.870833333333 0.05)
(0.254166666668 0.879166666666 0.05)
(0.258333333334 0.883333333333 0.05)
(0.258333333334 0.891666666666 0.05)
(0.254166666668 0.895833333333 0.05)
(0.254166666668 0.904166666666 0.05)
(0.258333333334 0.908333333333 0.05)
(0.258333333334 0.916666666666 0.05)
(0.254166666668 0.920833333333 0.05)
(0.254166666668 0.929166666666 0.05)
(0.258333333334 0.933333333333 0.05)
(0.258333333334 0.941666666666 0.05)
(0.254166666668 0.945833333333 0.05)
(0.254166666668 0.954166666666 0.05)
(0.258333333334 0.958333333333 0.05)
(0.258333333334 0.966666666667 0.05)
(0.254166666668 0.970833333333 0.05)
(0.254166666668 0.979166666667 0.05)
(0.258333333334 0.983333333333 0.05)
(0.258333333334 0.991666666667 0.05)
(0.254166666668 0.995833333333 0.05)
(0.270833333333 0.00416666666668 0.05)
(0.266666666666 0.00833333333335 0.05)
(0.266666666666 0.0166666666667 0.05)
(0.270833333333 0.0208333333334 0.05)
(0.270833333333 0.0291666666667 0.05)
(0.266666666666 0.0333333333334 0.05)
(0.266666666666 0.0416666666668 0.05)
(0.270833333333 0.0458333333334 0.05)
(0.270833333333 0.0541666666668 0.05)
(0.266666666666 0.0583333333335 0.05)
(0.266666666666 0.0666666666668 0.05)
(0.270833333333 0.0708333333335 0.05)
(0.270833333333 0.0791666666669 0.05)
(0.266666666666 0.0833333333335 0.05)
(0.266666666666 0.0916666666669 0.05)
(0.270833333333 0.0958333333336 0.05)
(0.270833333333 0.104166666667 0.05)
(0.266666666666 0.108333333334 0.05)
(0.266666666666 0.116666666667 0.05)
(0.270833333333 0.120833333334 0.05)
(0.270833333333 0.129166666667 0.05)
(0.266666666666 0.133333333334 0.05)
(0.266666666666 0.141666666667 0.05)
(0.270833333333 0.145833333334 0.05)
(0.270833333333 0.154166666667 0.05)
(0.266666666666 0.158333333334 0.05)
(0.266666666666 0.166666666667 0.05)
(0.270833333333 0.170833333334 0.05)
(0.270833333333 0.179166666667 0.05)
(0.266666666666 0.183333333334 0.05)
(0.266666666666 0.191666666667 0.05)
(0.270833333333 0.195833333334 0.05)
(0.270833333333 0.204166666667 0.05)
(0.266666666666 0.208333333334 0.05)
(0.266666666666 0.216666666667 0.05)
(0.270833333333 0.220833333334 0.05)
(0.270833333333 0.229166666667 0.05)
(0.266666666666 0.233333333334 0.05)
(0.266666666666 0.241666666667 0.05)
(0.270833333333 0.245833333334 0.05)
(0.270833333333 0.254166666667 0.05)
(0.266666666666 0.258333333334 0.05)
(0.266666666666 0.266666666667 0.05)
(0.270833333333 0.270833333334 0.05)
(0.270833333333 0.279166666667 0.05)
(0.266666666667 0.283333333334 0.05)
(0.266666666667 0.291666666667 0.05)
(0.270833333333 0.295833333334 0.05)
(0.270833333333 0.304166666667 0.05)
(0.266666666667 0.308333333334 0.05)
(0.266666666667 0.316666666667 0.05)
(0.270833333333 0.320833333334 0.05)
(0.270833333333 0.329166666667 0.05)
(0.266666666667 0.333333333334 0.05)
(0.266666666667 0.341666666667 0.05)
(0.270833333333 0.345833333334 0.05)
(0.270833333333 0.354166666667 0.05)
(0.266666666667 0.358333333334 0.05)
(0.266666666667 0.366666666668 0.05)
(0.270833333333 0.370833333334 0.05)
(0.270833333333 0.379166666668 0.05)
(0.266666666667 0.383333333334 0.05)
(0.266666666667 0.391666666668 0.05)
(0.270833333333 0.395833333334 0.05)
(0.270833333333 0.404166666668 0.05)
(0.266666666667 0.408333333334 0.05)
(0.266666666667 0.416666666668 0.05)
(0.270833333333 0.420833333334 0.05)
(0.270833333333 0.429166666668 0.05)
(0.266666666667 0.433333333334 0.05)
(0.266666666667 0.441666666668 0.05)
(0.270833333333 0.445833333334 0.05)
(0.270833333333 0.454166666668 0.05)
(0.266666666667 0.458333333334 0.05)
(0.266666666667 0.466666666668 0.05)
(0.270833333334 0.470833333334 0.05)
(0.270833333334 0.479166666668 0.05)
(0.266666666667 0.483333333334 0.05)
(0.266666666667 0.491666666668 0.05)
(0.270833333334 0.495833333334 0.05)
(0.270833333334 0.504166666668 0.05)
(0.266666666667 0.508333333334 0.05)
(0.266666666667 0.516666666668 0.05)
(0.270833333334 0.520833333334 0.05)
(0.270833333334 0.529166666668 0.05)
(0.266666666667 0.533333333334 0.05)
(0.266666666667 0.541666666668 0.05)
(0.270833333334 0.545833333334 0.05)
(0.270833333334 0.554166666668 0.05)
(0.266666666667 0.558333333334 0.05)
(0.266666666667 0.566666666668 0.05)
(0.270833333334 0.570833333334 0.05)
(0.270833333334 0.579166666667 0.05)
(0.266666666667 0.583333333334 0.05)
(0.266666666667 0.591666666667 0.05)
(0.270833333334 0.595833333334 0.05)
(0.270833333334 0.604166666667 0.05)
(0.266666666667 0.608333333334 0.05)
(0.266666666667 0.616666666667 0.05)
(0.270833333334 0.620833333334 0.05)
(0.270833333334 0.629166666667 0.05)
(0.266666666667 0.633333333334 0.05)
(0.266666666667 0.641666666667 0.05)
(0.270833333334 0.645833333334 0.05)
(0.270833333334 0.654166666667 0.05)
(0.266666666667 0.658333333334 0.05)
(0.266666666667 0.666666666667 0.05)
(0.270833333334 0.670833333334 0.05)
(0.270833333334 0.679166666667 0.05)
(0.266666666667 0.683333333334 0.05)
(0.266666666667 0.691666666667 0.05)
(0.270833333334 0.695833333334 0.05)
(0.270833333334 0.704166666667 0.05)
(0.266666666667 0.708333333334 0.05)
(0.266666666667 0.716666666667 0.05)
(0.270833333334 0.720833333334 0.05)
(0.270833333334 0.729166666667 0.05)
(0.266666666667 0.733333333333 0.05)
(0.266666666667 0.741666666667 0.05)
(0.270833333334 0.745833333333 0.05)
(0.270833333334 0.754166666667 0.05)
(0.266666666667 0.758333333333 0.05)
(0.266666666667 0.766666666667 0.05)
(0.270833333334 0.770833333333 0.05)
(0.270833333334 0.779166666667 0.05)
(0.266666666667 0.783333333333 0.05)
(0.266666666667 0.791666666667 0.05)
(0.270833333334 0.795833333333 0.05)
(0.270833333334 0.804166666667 0.05)
(0.266666666667 0.808333333333 0.05)
(0.266666666667 0.816666666666 0.05)
(0.270833333334 0.820833333333 0.05)
(0.270833333334 0.829166666666 0.05)
(0.266666666667 0.833333333333 0.05)
(0.266666666667 0.841666666666 0.05)
(0.270833333334 0.845833333333 0.05)
(0.270833333334 0.854166666666 0.05)
(0.266666666668 0.858333333333 0.05)
(0.266666666668 0.866666666666 0.05)
(0.270833333334 0.870833333333 0.05)
(0.270833333334 0.879166666666 0.05)
(0.266666666668 0.883333333333 0.05)
(0.266666666668 0.891666666666 0.05)
(0.270833333334 0.895833333333 0.05)
(0.270833333334 0.904166666666 0.05)
(0.266666666668 0.908333333333 0.05)
(0.266666666668 0.916666666666 0.05)
(0.270833333334 0.920833333333 0.05)
(0.270833333334 0.929166666666 0.05)
(0.266666666668 0.933333333333 0.05)
(0.266666666668 0.941666666666 0.05)
(0.270833333334 0.945833333333 0.05)
(0.270833333334 0.954166666666 0.05)
(0.266666666668 0.958333333333 0.05)
(0.266666666668 0.966666666667 0.05)
(0.270833333334 0.970833333333 0.05)
(0.270833333334 0.979166666667 0.05)
(0.266666666668 0.983333333333 0.05)
(0.266666666668 0.991666666667 0.05)
(0.270833333334 0.995833333333 0.05)
(0.279166666666 0.00416666666668 0.05)
(0.283333333333 0.00833333333335 0.05)
(0.283333333333 0.0166666666667 0.05)
(0.279166666666 0.0208333333334 0.05)
(0.279166666666 0.0291666666667 0.05)
(0.283333333333 0.0333333333334 0.05)
(0.283333333333 0.0416666666668 0.05)
(0.279166666666 0.0458333333334 0.05)
(0.279166666666 0.0541666666668 0.05)
(0.283333333333 0.0583333333335 0.05)
(0.283333333333 0.0666666666668 0.05)
(0.279166666666 0.0708333333335 0.05)
(0.279166666666 0.0791666666669 0.05)
(0.283333333333 0.0833333333335 0.05)
(0.283333333333 0.0916666666669 0.05)
(0.279166666666 0.0958333333336 0.05)
(0.279166666666 0.104166666667 0.05)
(0.283333333333 0.108333333334 0.05)
(0.283333333333 0.116666666667 0.05)
(0.279166666666 0.120833333334 0.05)
(0.279166666666 0.129166666667 0.05)
(0.283333333333 0.133333333334 0.05)
(0.283333333333 0.141666666667 0.05)
(0.279166666666 0.145833333334 0.05)
(0.279166666666 0.154166666667 0.05)
(0.283333333333 0.158333333334 0.05)
(0.283333333333 0.166666666667 0.05)
(0.279166666666 0.170833333334 0.05)
(0.279166666666 0.179166666667 0.05)
(0.283333333333 0.183333333334 0.05)
(0.283333333333 0.191666666667 0.05)
(0.279166666666 0.195833333334 0.05)
(0.279166666666 0.204166666667 0.05)
(0.283333333333 0.208333333334 0.05)
(0.283333333333 0.216666666667 0.05)
(0.279166666666 0.220833333334 0.05)
(0.279166666666 0.229166666667 0.05)
(0.283333333333 0.233333333334 0.05)
(0.283333333333 0.241666666667 0.05)
(0.279166666666 0.245833333334 0.05)
(0.279166666666 0.254166666667 0.05)
(0.283333333333 0.258333333334 0.05)
(0.283333333333 0.266666666667 0.05)
(0.279166666666 0.270833333334 0.05)
(0.279166666667 0.279166666667 0.05)
(0.283333333333 0.283333333334 0.05)
(0.283333333333 0.291666666667 0.05)
(0.279166666667 0.295833333334 0.05)
(0.279166666667 0.304166666667 0.05)
(0.283333333333 0.308333333334 0.05)
(0.283333333333 0.316666666667 0.05)
(0.279166666667 0.320833333334 0.05)
(0.279166666667 0.329166666667 0.05)
(0.283333333333 0.333333333334 0.05)
(0.283333333333 0.341666666667 0.05)
(0.279166666667 0.345833333334 0.05)
(0.279166666667 0.354166666667 0.05)
(0.283333333333 0.358333333334 0.05)
(0.283333333333 0.366666666667 0.05)
(0.279166666667 0.370833333334 0.05)
(0.279166666667 0.379166666668 0.05)
(0.283333333333 0.383333333334 0.05)
(0.283333333333 0.391666666668 0.05)
(0.279166666667 0.395833333334 0.05)
(0.279166666667 0.404166666668 0.05)
(0.283333333333 0.408333333334 0.05)
(0.283333333333 0.416666666668 0.05)
(0.279166666667 0.420833333334 0.05)
(0.279166666667 0.429166666668 0.05)
(0.283333333333 0.433333333334 0.05)
(0.283333333333 0.441666666668 0.05)
(0.279166666667 0.445833333334 0.05)
(0.279166666667 0.454166666668 0.05)
(0.283333333334 0.458333333334 0.05)
(0.283333333334 0.466666666668 0.05)
(0.279166666667 0.470833333334 0.05)
(0.279166666667 0.479166666668 0.05)
(0.283333333334 0.483333333334 0.05)
(0.283333333334 0.491666666668 0.05)
(0.279166666667 0.495833333334 0.05)
(0.279166666667 0.504166666668 0.05)
(0.283333333334 0.508333333334 0.05)
(0.283333333334 0.516666666668 0.05)
(0.279166666667 0.520833333334 0.05)
(0.279166666667 0.529166666668 0.05)
(0.283333333334 0.533333333334 0.05)
(0.283333333334 0.541666666668 0.05)
(0.279166666667 0.545833333334 0.05)
(0.279166666667 0.554166666668 0.05)
(0.283333333334 0.558333333334 0.05)
(0.283333333334 0.566666666668 0.05)
(0.279166666667 0.570833333334 0.05)
(0.279166666667 0.579166666667 0.05)
(0.283333333334 0.583333333334 0.05)
(0.283333333334 0.591666666667 0.05)
(0.279166666667 0.595833333334 0.05)
(0.279166666667 0.604166666667 0.05)
(0.283333333334 0.608333333334 0.05)
(0.283333333334 0.616666666667 0.05)
(0.279166666667 0.620833333334 0.05)
(0.279166666667 0.629166666667 0.05)
(0.283333333334 0.633333333334 0.05)
(0.283333333334 0.641666666667 0.05)
(0.279166666667 0.645833333334 0.05)
(0.279166666667 0.654166666667 0.05)
(0.283333333334 0.658333333334 0.05)
(0.283333333334 0.666666666667 0.05)
(0.279166666667 0.670833333334 0.05)
(0.279166666667 0.679166666667 0.05)
(0.283333333334 0.683333333334 0.05)
(0.283333333334 0.691666666667 0.05)
(0.279166666667 0.695833333334 0.05)
(0.279166666667 0.704166666667 0.05)
(0.283333333334 0.708333333334 0.05)
(0.283333333334 0.716666666667 0.05)
(0.279166666667 0.720833333334 0.05)
(0.279166666667 0.729166666667 0.05)
(0.283333333334 0.733333333333 0.05)
(0.283333333334 0.741666666667 0.05)
(0.279166666667 0.745833333333 0.05)
(0.279166666667 0.754166666667 0.05)
(0.283333333334 0.758333333333 0.05)
(0.283333333334 0.766666666667 0.05)
(0.279166666667 0.770833333333 0.05)
(0.279166666667 0.779166666667 0.05)
(0.283333333334 0.783333333333 0.05)
(0.283333333334 0.791666666667 0.05)
(0.279166666667 0.795833333333 0.05)
(0.279166666667 0.804166666667 0.05)
(0.283333333334 0.808333333333 0.05)
(0.283333333334 0.816666666666 0.05)
(0.279166666667 0.820833333333 0.05)
(0.279166666668 0.829166666666 0.05)
(0.283333333334 0.833333333333 0.05)
(0.283333333334 0.841666666666 0.05)
(0.279166666668 0.845833333333 0.05)
(0.279166666668 0.854166666666 0.05)
(0.283333333334 0.858333333333 0.05)
(0.283333333334 0.866666666666 0.05)
(0.279166666668 0.870833333333 0.05)
(0.279166666668 0.879166666666 0.05)
(0.283333333334 0.883333333333 0.05)
(0.283333333334 0.891666666666 0.05)
(0.279166666668 0.895833333333 0.05)
(0.279166666668 0.904166666666 0.05)
(0.283333333334 0.908333333333 0.05)
(0.283333333334 0.916666666666 0.05)
(0.279166666668 0.920833333333 0.05)
(0.279166666668 0.929166666666 0.05)
(0.283333333334 0.933333333333 0.05)
(0.283333333334 0.941666666666 0.05)
(0.279166666668 0.945833333333 0.05)
(0.279166666668 0.954166666666 0.05)
(0.283333333334 0.958333333333 0.05)
(0.283333333334 0.966666666667 0.05)
(0.279166666668 0.970833333333 0.05)
(0.279166666668 0.979166666667 0.05)
(0.283333333334 0.983333333333 0.05)
(0.283333333334 0.991666666667 0.05)
(0.279166666668 0.995833333333 0.05)
(0.295833333333 0.00416666666668 0.05)
(0.291666666666 0.00833333333335 0.05)
(0.291666666666 0.0166666666667 0.05)
(0.295833333333 0.0208333333334 0.05)
(0.295833333333 0.0291666666667 0.05)
(0.291666666666 0.0333333333334 0.05)
(0.291666666666 0.0416666666668 0.05)
(0.295833333333 0.0458333333334 0.05)
(0.295833333333 0.0541666666668 0.05)
(0.291666666666 0.0583333333335 0.05)
(0.291666666666 0.0666666666668 0.05)
(0.295833333333 0.0708333333335 0.05)
(0.295833333333 0.0791666666669 0.05)
(0.291666666666 0.0833333333335 0.05)
(0.291666666666 0.0916666666669 0.05)
(0.295833333333 0.0958333333336 0.05)
(0.295833333333 0.104166666667 0.05)
(0.291666666666 0.108333333334 0.05)
(0.291666666666 0.116666666667 0.05)
(0.295833333333 0.120833333334 0.05)
(0.295833333333 0.129166666667 0.05)
(0.291666666666 0.133333333334 0.05)
(0.291666666666 0.141666666667 0.05)
(0.295833333333 0.145833333334 0.05)
(0.295833333333 0.154166666667 0.05)
(0.291666666666 0.158333333334 0.05)
(0.291666666666 0.166666666667 0.05)
(0.295833333333 0.170833333334 0.05)
(0.295833333333 0.179166666667 0.05)
(0.291666666666 0.183333333334 0.05)
(0.291666666666 0.191666666667 0.05)
(0.295833333333 0.195833333334 0.05)
(0.295833333333 0.204166666667 0.05)
(0.291666666666 0.208333333334 0.05)
(0.291666666666 0.216666666667 0.05)
(0.295833333333 0.220833333334 0.05)
(0.295833333333 0.229166666667 0.05)
(0.291666666666 0.233333333334 0.05)
(0.291666666666 0.241666666667 0.05)
(0.295833333333 0.245833333334 0.05)
(0.295833333333 0.254166666667 0.05)
(0.291666666666 0.258333333334 0.05)
(0.291666666666 0.266666666667 0.05)
(0.295833333333 0.270833333334 0.05)
(0.295833333333 0.279166666667 0.05)
(0.291666666667 0.283333333334 0.05)
(0.291666666667 0.291666666667 0.05)
(0.295833333333 0.295833333334 0.05)
(0.295833333333 0.304166666667 0.05)
(0.291666666667 0.308333333334 0.05)
(0.291666666667 0.316666666667 0.05)
(0.295833333333 0.320833333334 0.05)
(0.295833333333 0.329166666667 0.05)
(0.291666666667 0.333333333334 0.05)
(0.291666666667 0.341666666667 0.05)
(0.295833333333 0.345833333334 0.05)
(0.295833333333 0.354166666667 0.05)
(0.291666666667 0.358333333334 0.05)
(0.291666666667 0.366666666667 0.05)
(0.295833333333 0.370833333334 0.05)
(0.295833333333 0.379166666667 0.05)
(0.291666666667 0.383333333334 0.05)
(0.291666666667 0.391666666668 0.05)
(0.295833333333 0.395833333334 0.05)
(0.295833333333 0.404166666668 0.05)
(0.291666666667 0.408333333334 0.05)
(0.291666666667 0.416666666668 0.05)
(0.295833333333 0.420833333334 0.05)
(0.295833333333 0.429166666668 0.05)
(0.291666666667 0.433333333334 0.05)
(0.291666666667 0.441666666668 0.05)
(0.295833333333 0.445833333334 0.05)
(0.295833333333 0.454166666668 0.05)
(0.291666666667 0.458333333334 0.05)
(0.291666666667 0.466666666668 0.05)
(0.295833333334 0.470833333334 0.05)
(0.295833333334 0.479166666668 0.05)
(0.291666666667 0.483333333334 0.05)
(0.291666666667 0.491666666668 0.05)
(0.295833333334 0.495833333334 0.05)
(0.295833333334 0.504166666668 0.05)
(0.291666666667 0.508333333334 0.05)
(0.291666666667 0.516666666668 0.05)
(0.295833333334 0.520833333334 0.05)
(0.295833333334 0.529166666668 0.05)
(0.291666666667 0.533333333334 0.05)
(0.291666666667 0.541666666668 0.05)
(0.295833333334 0.545833333334 0.05)
(0.295833333334 0.554166666668 0.05)
(0.291666666667 0.558333333334 0.05)
(0.291666666667 0.566666666667 0.05)
(0.295833333334 0.570833333334 0.05)
(0.295833333334 0.579166666667 0.05)
(0.291666666667 0.583333333334 0.05)
(0.291666666667 0.591666666667 0.05)
(0.295833333334 0.595833333334 0.05)
(0.295833333334 0.604166666667 0.05)
(0.291666666667 0.608333333334 0.05)
(0.291666666667 0.616666666667 0.05)
(0.295833333334 0.620833333334 0.05)
(0.295833333334 0.629166666667 0.05)
(0.291666666667 0.633333333334 0.05)
(0.291666666667 0.641666666667 0.05)
(0.295833333334 0.645833333334 0.05)
(0.295833333334 0.654166666667 0.05)
(0.291666666667 0.658333333334 0.05)
(0.291666666667 0.666666666667 0.05)
(0.295833333334 0.670833333334 0.05)
(0.295833333334 0.679166666667 0.05)
(0.291666666667 0.683333333334 0.05)
(0.291666666667 0.691666666667 0.05)
(0.295833333334 0.695833333334 0.05)
(0.295833333334 0.704166666667 0.05)
(0.291666666667 0.708333333334 0.05)
(0.291666666667 0.716666666667 0.05)
(0.295833333334 0.720833333334 0.05)
(0.295833333334 0.729166666667 0.05)
(0.291666666667 0.733333333333 0.05)
(0.291666666667 0.741666666667 0.05)
(0.295833333334 0.745833333333 0.05)
(0.295833333334 0.754166666667 0.05)
(0.291666666667 0.758333333333 0.05)
(0.291666666667 0.766666666667 0.05)
(0.295833333334 0.770833333333 0.05)
(0.295833333334 0.779166666667 0.05)
(0.291666666667 0.783333333333 0.05)
(0.291666666667 0.791666666667 0.05)
(0.295833333334 0.795833333333 0.05)
(0.295833333334 0.804166666666 0.05)
(0.291666666668 0.808333333333 0.05)
(0.291666666668 0.816666666666 0.05)
(0.295833333334 0.820833333333 0.05)
(0.295833333334 0.829166666666 0.05)
(0.291666666668 0.833333333333 0.05)
(0.291666666668 0.841666666666 0.05)
(0.295833333334 0.845833333333 0.05)
(0.295833333334 0.854166666666 0.05)
(0.291666666668 0.858333333333 0.05)
(0.291666666668 0.866666666666 0.05)
(0.295833333334 0.870833333333 0.05)
(0.295833333334 0.879166666666 0.05)
(0.291666666668 0.883333333333 0.05)
(0.291666666668 0.891666666666 0.05)
(0.295833333334 0.895833333333 0.05)
(0.295833333334 0.904166666666 0.05)
(0.291666666668 0.908333333333 0.05)
(0.291666666668 0.916666666666 0.05)
(0.295833333334 0.920833333333 0.05)
(0.295833333334 0.929166666666 0.05)
(0.291666666668 0.933333333333 0.05)
(0.291666666668 0.941666666666 0.05)
(0.295833333334 0.945833333333 0.05)
(0.295833333334 0.954166666666 0.05)
(0.291666666668 0.958333333333 0.05)
(0.291666666668 0.966666666667 0.05)
(0.295833333335 0.970833333333 0.05)
(0.295833333335 0.979166666667 0.05)
(0.291666666668 0.983333333333 0.05)
(0.291666666668 0.991666666667 0.05)
(0.295833333335 0.995833333333 0.05)
(0.304166666666 0.00416666666668 0.05)
(0.308333333333 0.00833333333335 0.05)
(0.308333333333 0.0166666666667 0.05)
(0.304166666666 0.0208333333334 0.05)
(0.304166666666 0.0291666666667 0.05)
(0.308333333333 0.0333333333334 0.05)
(0.308333333333 0.0416666666668 0.05)
(0.304166666666 0.0458333333334 0.05)
(0.304166666666 0.0541666666668 0.05)
(0.308333333333 0.0583333333335 0.05)
(0.308333333333 0.0666666666668 0.05)
(0.304166666666 0.0708333333335 0.05)
(0.304166666666 0.0791666666668 0.05)
(0.308333333333 0.0833333333335 0.05)
(0.308333333333 0.0916666666669 0.05)
(0.304166666666 0.0958333333336 0.05)
(0.304166666666 0.104166666667 0.05)
(0.308333333333 0.108333333334 0.05)
(0.308333333333 0.116666666667 0.05)
(0.304166666666 0.120833333334 0.05)
(0.304166666666 0.129166666667 0.05)
(0.308333333333 0.133333333334 0.05)
(0.308333333333 0.141666666667 0.05)
(0.304166666666 0.145833333334 0.05)
(0.304166666666 0.154166666667 0.05)
(0.308333333333 0.158333333334 0.05)
(0.308333333333 0.166666666667 0.05)
(0.304166666666 0.170833333334 0.05)
(0.304166666666 0.179166666667 0.05)
(0.308333333333 0.183333333334 0.05)
(0.308333333333 0.191666666667 0.05)
(0.304166666666 0.195833333334 0.05)
(0.304166666666 0.204166666667 0.05)
(0.308333333333 0.208333333334 0.05)
(0.308333333333 0.216666666667 0.05)
(0.304166666666 0.220833333334 0.05)
(0.304166666666 0.229166666667 0.05)
(0.308333333333 0.233333333334 0.05)
(0.308333333333 0.241666666667 0.05)
(0.304166666666 0.245833333334 0.05)
(0.304166666666 0.254166666667 0.05)
(0.308333333333 0.258333333334 0.05)
(0.308333333333 0.266666666667 0.05)
(0.304166666666 0.270833333334 0.05)
(0.304166666666 0.279166666667 0.05)
(0.308333333333 0.283333333334 0.05)
(0.308333333333 0.291666666667 0.05)
(0.304166666667 0.295833333334 0.05)
(0.304166666667 0.304166666667 0.05)
(0.308333333333 0.308333333334 0.05)
(0.308333333333 0.316666666667 0.05)
(0.304166666667 0.320833333334 0.05)
(0.304166666667 0.329166666667 0.05)
(0.308333333333 0.333333333334 0.05)
(0.308333333333 0.341666666667 0.05)
(0.304166666667 0.345833333334 0.05)
(0.304166666667 0.354166666667 0.05)
(0.308333333333 0.358333333334 0.05)
(0.308333333333 0.366666666667 0.05)
(0.304166666667 0.370833333334 0.05)
(0.304166666667 0.379166666667 0.05)
(0.308333333333 0.383333333334 0.05)
(0.308333333333 0.391666666667 0.05)
(0.304166666667 0.395833333334 0.05)
(0.304166666667 0.404166666668 0.05)
(0.308333333333 0.408333333334 0.05)
(0.308333333333 0.416666666668 0.05)
(0.304166666667 0.420833333334 0.05)
(0.304166666667 0.429166666668 0.05)
(0.308333333333 0.433333333334 0.05)
(0.308333333333 0.441666666668 0.05)
(0.304166666667 0.445833333334 0.05)
(0.304166666667 0.454166666668 0.05)
(0.308333333334 0.458333333334 0.05)
(0.308333333334 0.466666666668 0.05)
(0.304166666667 0.470833333334 0.05)
(0.304166666667 0.479166666668 0.05)
(0.308333333334 0.483333333334 0.05)
(0.308333333334 0.491666666668 0.05)
(0.304166666667 0.495833333334 0.05)
(0.304166666667 0.504166666668 0.05)
(0.308333333334 0.508333333334 0.05)
(0.308333333334 0.516666666668 0.05)
(0.304166666667 0.520833333334 0.05)
(0.304166666667 0.529166666668 0.05)
(0.308333333334 0.533333333334 0.05)
(0.308333333334 0.541666666668 0.05)
(0.304166666667 0.545833333334 0.05)
(0.304166666667 0.554166666667 0.05)
(0.308333333334 0.558333333334 0.05)
(0.308333333334 0.566666666667 0.05)
(0.304166666667 0.570833333334 0.05)
(0.304166666667 0.579166666667 0.05)
(0.308333333334 0.583333333334 0.05)
(0.308333333334 0.591666666667 0.05)
(0.304166666667 0.595833333334 0.05)
(0.304166666667 0.604166666667 0.05)
(0.308333333334 0.608333333334 0.05)
(0.308333333334 0.616666666667 0.05)
(0.304166666667 0.620833333334 0.05)
(0.304166666667 0.629166666667 0.05)
(0.308333333334 0.633333333334 0.05)
(0.308333333334 0.641666666667 0.05)
(0.304166666667 0.645833333334 0.05)
(0.304166666667 0.654166666667 0.05)
(0.308333333334 0.658333333334 0.05)
(0.308333333334 0.666666666667 0.05)
(0.304166666667 0.670833333334 0.05)
(0.304166666667 0.679166666667 0.05)
(0.308333333334 0.683333333334 0.05)
(0.308333333334 0.691666666667 0.05)
(0.304166666667 0.695833333334 0.05)
(0.304166666667 0.704166666667 0.05)
(0.308333333334 0.708333333334 0.05)
(0.308333333334 0.716666666667 0.05)
(0.304166666667 0.720833333333 0.05)
(0.304166666667 0.729166666667 0.05)
(0.308333333334 0.733333333333 0.05)
(0.308333333334 0.741666666667 0.05)
(0.304166666667 0.745833333333 0.05)
(0.304166666667 0.754166666667 0.05)
(0.308333333334 0.758333333333 0.05)
(0.308333333334 0.766666666667 0.05)
(0.304166666667 0.770833333333 0.05)
(0.304166666667 0.779166666667 0.05)
(0.308333333334 0.783333333333 0.05)
(0.308333333334 0.791666666667 0.05)
(0.304166666668 0.795833333333 0.05)
(0.304166666668 0.804166666666 0.05)
(0.308333333334 0.808333333333 0.05)
(0.308333333334 0.816666666666 0.05)
(0.304166666668 0.820833333333 0.05)
(0.304166666668 0.829166666666 0.05)
(0.308333333334 0.833333333333 0.05)
(0.308333333334 0.841666666666 0.05)
(0.304166666668 0.845833333333 0.05)
(0.304166666668 0.854166666666 0.05)
(0.308333333334 0.858333333333 0.05)
(0.308333333334 0.866666666666 0.05)
(0.304166666668 0.870833333333 0.05)
(0.304166666668 0.879166666666 0.05)
(0.308333333334 0.883333333333 0.05)
(0.308333333334 0.891666666666 0.05)
(0.304166666668 0.895833333333 0.05)
(0.304166666668 0.904166666666 0.05)
(0.308333333334 0.908333333333 0.05)
(0.308333333334 0.916666666666 0.05)
(0.304166666668 0.920833333333 0.05)
(0.304166666668 0.929166666666 0.05)
(0.308333333334 0.933333333333 0.05)
(0.308333333334 0.941666666666 0.05)
(0.304166666668 0.945833333333 0.05)
(0.304166666668 0.954166666666 0.05)
(0.308333333335 0.958333333333 0.05)
(0.308333333335 0.966666666667 0.05)
(0.304166666668 0.970833333333 0.05)
(0.304166666668 0.979166666667 0.05)
(0.308333333335 0.983333333333 0.05)
(0.308333333335 0.991666666667 0.05)
(0.304166666668 0.995833333333 0.05)
(0.320833333333 0.00416666666668 0.05)
(0.316666666666 0.00833333333335 0.05)
(0.316666666666 0.0166666666667 0.05)
(0.320833333333 0.0208333333334 0.05)
(0.320833333333 0.0291666666667 0.05)
(0.316666666666 0.0333333333334 0.05)
(0.316666666666 0.0416666666668 0.05)
(0.320833333333 0.0458333333334 0.05)
(0.320833333333 0.0541666666668 0.05)
(0.316666666666 0.0583333333335 0.05)
(0.316666666666 0.0666666666668 0.05)
(0.320833333333 0.0708333333335 0.05)
(0.320833333333 0.0791666666668 0.05)
(0.316666666666 0.0833333333335 0.05)
(0.316666666666 0.0916666666669 0.05)
(0.320833333333 0.0958333333335 0.05)
(0.320833333333 0.104166666667 0.05)
(0.316666666666 0.108333333334 0.05)
(0.316666666666 0.116666666667 0.05)
(0.320833333333 0.120833333334 0.05)
(0.320833333333 0.129166666667 0.05)
(0.316666666666 0.133333333334 0.05)
(0.316666666666 0.141666666667 0.05)
(0.320833333333 0.145833333334 0.05)
(0.320833333333 0.154166666667 0.05)
(0.316666666666 0.158333333334 0.05)
(0.316666666666 0.166666666667 0.05)
(0.320833333333 0.170833333334 0.05)
(0.320833333333 0.179166666667 0.05)
(0.316666666666 0.183333333334 0.05)
(0.316666666666 0.191666666667 0.05)
(0.320833333333 0.195833333334 0.05)
(0.320833333333 0.204166666667 0.05)
(0.316666666666 0.208333333334 0.05)
(0.316666666666 0.216666666667 0.05)
(0.320833333333 0.220833333334 0.05)
(0.320833333333 0.229166666667 0.05)
(0.316666666666 0.233333333334 0.05)
(0.316666666666 0.241666666667 0.05)
(0.320833333333 0.245833333334 0.05)
(0.320833333333 0.254166666667 0.05)
(0.316666666666 0.258333333334 0.05)
(0.316666666666 0.266666666667 0.05)
(0.320833333333 0.270833333334 0.05)
(0.320833333333 0.279166666667 0.05)
(0.316666666666 0.283333333334 0.05)
(0.316666666666 0.291666666667 0.05)
(0.320833333333 0.295833333334 0.05)
(0.320833333333 0.304166666667 0.05)
(0.316666666667 0.308333333334 0.05)
(0.316666666667 0.316666666667 0.05)
(0.320833333333 0.320833333334 0.05)
(0.320833333333 0.329166666667 0.05)
(0.316666666667 0.333333333334 0.05)
(0.316666666667 0.341666666667 0.05)
(0.320833333333 0.345833333334 0.05)
(0.320833333333 0.354166666667 0.05)
(0.316666666667 0.358333333334 0.05)
(0.316666666667 0.366666666667 0.05)
(0.320833333333 0.370833333334 0.05)
(0.320833333333 0.379166666667 0.05)
(0.316666666667 0.383333333334 0.05)
(0.316666666667 0.391666666667 0.05)
(0.320833333333 0.395833333334 0.05)
(0.320833333333 0.404166666667 0.05)
(0.316666666667 0.408333333334 0.05)
(0.316666666667 0.416666666668 0.05)
(0.320833333333 0.420833333334 0.05)
(0.320833333333 0.429166666668 0.05)
(0.316666666667 0.433333333334 0.05)
(0.316666666667 0.441666666668 0.05)
(0.320833333333 0.445833333334 0.05)
(0.320833333334 0.454166666668 0.05)
(0.316666666667 0.458333333334 0.05)
(0.316666666667 0.466666666668 0.05)
(0.320833333334 0.470833333334 0.05)
(0.320833333334 0.479166666668 0.05)
(0.316666666667 0.483333333334 0.05)
(0.316666666667 0.491666666668 0.05)
(0.320833333334 0.495833333334 0.05)
(0.320833333334 0.504166666668 0.05)
(0.316666666667 0.508333333334 0.05)
(0.316666666667 0.516666666668 0.05)
(0.320833333334 0.520833333334 0.05)
(0.320833333334 0.529166666668 0.05)
(0.316666666667 0.533333333334 0.05)
(0.316666666667 0.541666666668 0.05)
(0.320833333334 0.545833333334 0.05)
(0.320833333334 0.554166666667 0.05)
(0.316666666667 0.558333333334 0.05)
(0.316666666667 0.566666666667 0.05)
(0.320833333334 0.570833333334 0.05)
(0.320833333334 0.579166666667 0.05)
(0.316666666667 0.583333333334 0.05)
(0.316666666667 0.591666666667 0.05)
(0.320833333334 0.595833333334 0.05)
(0.320833333334 0.604166666667 0.05)
(0.316666666667 0.608333333334 0.05)
(0.316666666667 0.616666666667 0.05)
(0.320833333334 0.620833333334 0.05)
(0.320833333334 0.629166666667 0.05)
(0.316666666667 0.633333333334 0.05)
(0.316666666667 0.641666666667 0.05)
(0.320833333334 0.645833333334 0.05)
(0.320833333334 0.654166666667 0.05)
(0.316666666667 0.658333333334 0.05)
(0.316666666667 0.666666666667 0.05)
(0.320833333334 0.670833333334 0.05)
(0.320833333334 0.679166666667 0.05)
(0.316666666667 0.683333333334 0.05)
(0.316666666667 0.691666666667 0.05)
(0.320833333334 0.695833333334 0.05)
(0.320833333334 0.704166666667 0.05)
(0.316666666667 0.708333333334 0.05)
(0.316666666667 0.716666666667 0.05)
(0.320833333334 0.720833333333 0.05)
(0.320833333334 0.729166666667 0.05)
(0.316666666667 0.733333333333 0.05)
(0.316666666667 0.741666666667 0.05)
(0.320833333334 0.745833333333 0.05)
(0.320833333334 0.754166666667 0.05)
(0.316666666667 0.758333333333 0.05)
(0.316666666667 0.766666666667 0.05)
(0.320833333334 0.770833333333 0.05)
(0.320833333334 0.779166666667 0.05)
(0.316666666668 0.783333333333 0.05)
(0.316666666668 0.791666666667 0.05)
(0.320833333334 0.795833333333 0.05)
(0.320833333334 0.804166666666 0.05)
(0.316666666668 0.808333333333 0.05)
(0.316666666668 0.816666666666 0.05)
(0.320833333334 0.820833333333 0.05)
(0.320833333334 0.829166666666 0.05)
(0.316666666668 0.833333333333 0.05)
(0.316666666668 0.841666666666 0.05)
(0.320833333334 0.845833333333 0.05)
(0.320833333334 0.854166666666 0.05)
(0.316666666668 0.858333333333 0.05)
(0.316666666668 0.866666666666 0.05)
(0.320833333334 0.870833333333 0.05)
(0.320833333334 0.879166666666 0.05)
(0.316666666668 0.883333333333 0.05)
(0.316666666668 0.891666666666 0.05)
(0.320833333334 0.895833333333 0.05)
(0.320833333334 0.904166666666 0.05)
(0.316666666668 0.908333333333 0.05)
(0.316666666668 0.916666666666 0.05)
(0.320833333334 0.920833333333 0.05)
(0.320833333335 0.929166666666 0.05)
(0.316666666668 0.933333333333 0.05)
(0.316666666668 0.941666666666 0.05)
(0.320833333335 0.945833333333 0.05)
(0.320833333335 0.954166666666 0.05)
(0.316666666668 0.958333333333 0.05)
(0.316666666668 0.966666666667 0.05)
(0.320833333335 0.970833333333 0.05)
(0.320833333335 0.979166666667 0.05)
(0.316666666668 0.983333333333 0.05)
(0.316666666668 0.991666666667 0.05)
(0.320833333335 0.995833333333 0.05)
(0.329166666666 0.00416666666668 0.05)
(0.333333333333 0.00833333333335 0.05)
(0.333333333333 0.0166666666667 0.05)
(0.329166666666 0.0208333333334 0.05)
(0.329166666666 0.0291666666667 0.05)
(0.333333333333 0.0333333333334 0.05)
(0.333333333333 0.0416666666668 0.05)
(0.329166666666 0.0458333333334 0.05)
(0.329166666666 0.0541666666668 0.05)
(0.333333333333 0.0583333333335 0.05)
(0.333333333333 0.0666666666668 0.05)
(0.329166666666 0.0708333333335 0.05)
(0.329166666666 0.0791666666668 0.05)
(0.333333333333 0.0833333333335 0.05)
(0.333333333333 0.0916666666669 0.05)
(0.329166666666 0.0958333333335 0.05)
(0.329166666666 0.104166666667 0.05)
(0.333333333333 0.108333333334 0.05)
(0.333333333333 0.116666666667 0.05)
(0.329166666666 0.120833333334 0.05)
(0.329166666666 0.129166666667 0.05)
(0.333333333333 0.133333333334 0.05)
(0.333333333333 0.141666666667 0.05)
(0.329166666666 0.145833333334 0.05)
(0.329166666666 0.154166666667 0.05)
(0.333333333333 0.158333333334 0.05)
(0.333333333333 0.166666666667 0.05)
(0.329166666666 0.170833333334 0.05)
(0.329166666666 0.179166666667 0.05)
(0.333333333333 0.183333333334 0.05)
(0.333333333333 0.191666666667 0.05)
(0.329166666666 0.195833333334 0.05)
(0.329166666666 0.204166666667 0.05)
(0.333333333333 0.208333333334 0.05)
(0.333333333333 0.216666666667 0.05)
(0.329166666666 0.220833333334 0.05)
(0.329166666666 0.229166666667 0.05)
(0.333333333333 0.233333333334 0.05)
(0.333333333333 0.241666666667 0.05)
(0.329166666666 0.245833333334 0.05)
(0.329166666666 0.254166666667 0.05)
(0.333333333333 0.258333333334 0.05)
(0.333333333333 0.266666666667 0.05)
(0.329166666666 0.270833333334 0.05)
(0.329166666666 0.279166666667 0.05)
(0.333333333333 0.283333333334 0.05)
(0.333333333333 0.291666666667 0.05)
(0.329166666666 0.295833333334 0.05)
(0.329166666667 0.304166666667 0.05)
(0.333333333333 0.308333333334 0.05)
(0.333333333333 0.316666666667 0.05)
(0.329166666667 0.320833333334 0.05)
(0.329166666667 0.329166666667 0.05)
(0.333333333333 0.333333333334 0.05)
(0.333333333333 0.341666666667 0.05)
(0.329166666667 0.345833333334 0.05)
(0.329166666667 0.354166666667 0.05)
(0.333333333333 0.358333333334 0.05)
(0.333333333333 0.366666666667 0.05)
(0.329166666667 0.370833333334 0.05)
(0.329166666667 0.379166666667 0.05)
(0.333333333333 0.383333333334 0.05)
(0.333333333333 0.391666666667 0.05)
(0.329166666667 0.395833333334 0.05)
(0.329166666667 0.404166666667 0.05)
(0.333333333333 0.408333333334 0.05)
(0.333333333333 0.416666666667 0.05)
(0.329166666667 0.420833333334 0.05)
(0.329166666667 0.429166666667 0.05)
(0.333333333333 0.433333333334 0.05)
(0.333333333333 0.441666666668 0.05)
(0.329166666667 0.445833333334 0.05)
(0.329166666667 0.454166666668 0.05)
(0.333333333334 0.458333333334 0.05)
(0.333333333334 0.466666666668 0.05)
(0.329166666667 0.470833333334 0.05)
(0.329166666667 0.479166666668 0.05)
(0.333333333334 0.483333333334 0.05)
(0.333333333334 0.491666666668 0.05)
(0.329166666667 0.495833333334 0.05)
(0.329166666667 0.504166666668 0.05)
(0.333333333334 0.508333333334 0.05)
(0.333333333334 0.516666666668 0.05)
(0.329166666667 0.520833333334 0.05)
(0.329166666667 0.529166666668 0.05)
(0.333333333334 0.533333333334 0.05)
(0.333333333334 0.541666666667 0.05)
(0.329166666667 0.545833333334 0.05)
(0.329166666667 0.554166666667 0.05)
(0.333333333334 0.558333333334 0.05)
(0.333333333334 0.566666666667 0.05)
(0.329166666667 0.570833333334 0.05)
(0.329166666667 0.579166666667 0.05)
(0.333333333334 0.583333333334 0.05)
(0.333333333334 0.591666666667 0.05)
(0.329166666667 0.595833333334 0.05)
(0.329166666667 0.604166666667 0.05)
(0.333333333334 0.608333333334 0.05)
(0.333333333334 0.616666666667 0.05)
(0.329166666667 0.620833333334 0.05)
(0.329166666667 0.629166666667 0.05)
(0.333333333334 0.633333333334 0.05)
(0.333333333334 0.641666666667 0.05)
(0.329166666667 0.645833333334 0.05)
(0.329166666667 0.654166666667 0.05)
(0.333333333334 0.658333333334 0.05)
(0.333333333334 0.666666666667 0.05)
(0.329166666667 0.670833333334 0.05)
(0.329166666667 0.679166666667 0.05)
(0.333333333334 0.683333333334 0.05)
(0.333333333334 0.691666666667 0.05)
(0.329166666667 0.695833333334 0.05)
(0.329166666667 0.704166666667 0.05)
(0.333333333334 0.708333333334 0.05)
(0.333333333334 0.716666666667 0.05)
(0.329166666667 0.720833333333 0.05)
(0.329166666667 0.729166666667 0.05)
(0.333333333334 0.733333333333 0.05)
(0.333333333334 0.741666666667 0.05)
(0.329166666667 0.745833333333 0.05)
(0.329166666667 0.754166666667 0.05)
(0.333333333334 0.758333333333 0.05)
(0.333333333334 0.766666666667 0.05)
(0.329166666668 0.770833333333 0.05)
(0.329166666668 0.779166666667 0.05)
(0.333333333334 0.783333333333 0.05)
(0.333333333334 0.791666666667 0.05)
(0.329166666668 0.795833333333 0.05)
(0.329166666668 0.804166666666 0.05)
(0.333333333334 0.808333333333 0.05)
(0.333333333334 0.816666666666 0.05)
(0.329166666668 0.820833333333 0.05)
(0.329166666668 0.829166666666 0.05)
(0.333333333334 0.833333333333 0.05)
(0.333333333334 0.841666666666 0.05)
(0.329166666668 0.845833333333 0.05)
(0.329166666668 0.854166666666 0.05)
(0.333333333334 0.858333333333 0.05)
(0.333333333334 0.866666666666 0.05)
(0.329166666668 0.870833333333 0.05)
(0.329166666668 0.879166666666 0.05)
(0.333333333334 0.883333333333 0.05)
(0.333333333334 0.891666666666 0.05)
(0.329166666668 0.895833333333 0.05)
(0.329166666668 0.904166666666 0.05)
(0.333333333335 0.908333333333 0.05)
(0.333333333335 0.916666666666 0.05)
(0.329166666668 0.920833333333 0.05)
(0.329166666668 0.929166666666 0.05)
(0.333333333335 0.933333333333 0.05)
(0.333333333335 0.941666666666 0.05)
(0.329166666668 0.945833333333 0.05)
(0.329166666668 0.954166666666 0.05)
(0.333333333335 0.958333333333 0.05)
(0.333333333335 0.966666666667 0.05)
(0.329166666668 0.970833333333 0.05)
(0.329166666668 0.979166666667 0.05)
(0.333333333335 0.983333333333 0.05)
(0.333333333335 0.991666666667 0.05)
(0.329166666668 0.995833333333 0.05)
(0.345833333332 0.00416666666668 0.05)
(0.341666666666 0.00833333333335 0.05)
(0.341666666666 0.0166666666667 0.05)
(0.345833333333 0.0208333333334 0.05)
(0.345833333333 0.0291666666667 0.05)
(0.341666666666 0.0333333333334 0.05)
(0.341666666666 0.0416666666668 0.05)
(0.345833333333 0.0458333333334 0.05)
(0.345833333333 0.0541666666668 0.05)
(0.341666666666 0.0583333333335 0.05)
(0.341666666666 0.0666666666668 0.05)
(0.345833333333 0.0708333333335 0.05)
(0.345833333333 0.0791666666668 0.05)
(0.341666666666 0.0833333333335 0.05)
(0.341666666666 0.0916666666669 0.05)
(0.345833333333 0.0958333333335 0.05)
(0.345833333333 0.104166666667 0.05)
(0.341666666666 0.108333333334 0.05)
(0.341666666666 0.116666666667 0.05)
(0.345833333333 0.120833333334 0.05)
(0.345833333333 0.129166666667 0.05)
(0.341666666666 0.133333333334 0.05)
(0.341666666666 0.141666666667 0.05)
(0.345833333333 0.145833333334 0.05)
(0.345833333333 0.154166666667 0.05)
(0.341666666666 0.158333333334 0.05)
(0.341666666666 0.166666666667 0.05)
(0.345833333333 0.170833333334 0.05)
(0.345833333333 0.179166666667 0.05)
(0.341666666666 0.183333333334 0.05)
(0.341666666666 0.191666666667 0.05)
(0.345833333333 0.195833333334 0.05)
(0.345833333333 0.204166666667 0.05)
(0.341666666666 0.208333333334 0.05)
(0.341666666666 0.216666666667 0.05)
(0.345833333333 0.220833333334 0.05)
(0.345833333333 0.229166666667 0.05)
(0.341666666666 0.233333333334 0.05)
(0.341666666666 0.241666666667 0.05)
(0.345833333333 0.245833333334 0.05)
(0.345833333333 0.254166666667 0.05)
(0.341666666666 0.258333333334 0.05)
(0.341666666666 0.266666666667 0.05)
(0.345833333333 0.270833333334 0.05)
(0.345833333333 0.279166666667 0.05)
(0.341666666666 0.283333333334 0.05)
(0.341666666666 0.291666666667 0.05)
(0.345833333333 0.295833333334 0.05)
(0.345833333333 0.304166666667 0.05)
(0.341666666667 0.308333333334 0.05)
(0.341666666667 0.316666666667 0.05)
(0.345833333333 0.320833333334 0.05)
(0.345833333333 0.329166666667 0.05)
(0.341666666667 0.333333333334 0.05)
(0.341666666667 0.341666666667 0.05)
(0.345833333333 0.345833333334 0.05)
(0.345833333333 0.354166666667 0.05)
(0.341666666667 0.358333333334 0.05)
(0.341666666667 0.366666666667 0.05)
(0.345833333333 0.370833333334 0.05)
(0.345833333333 0.379166666667 0.05)
(0.341666666667 0.383333333334 0.05)
(0.341666666667 0.391666666667 0.05)
(0.345833333333 0.395833333334 0.05)
(0.345833333333 0.404166666667 0.05)
(0.341666666667 0.408333333334 0.05)
(0.341666666667 0.416666666667 0.05)
(0.345833333333 0.420833333334 0.05)
(0.345833333333 0.429166666667 0.05)
(0.341666666667 0.433333333334 0.05)
(0.341666666667 0.441666666667 0.05)
(0.345833333333 0.445833333334 0.05)
(0.345833333334 0.454166666667 0.05)
(0.341666666667 0.458333333334 0.05)
(0.341666666667 0.466666666668 0.05)
(0.345833333334 0.470833333334 0.05)
(0.345833333334 0.479166666668 0.05)
(0.341666666667 0.483333333334 0.05)
(0.341666666667 0.491666666668 0.05)
(0.345833333334 0.495833333334 0.05)
(0.345833333334 0.504166666668 0.05)
(0.341666666667 0.508333333334 0.05)
(0.341666666667 0.516666666668 0.05)
(0.345833333334 0.520833333334 0.05)
(0.345833333334 0.529166666667 0.05)
(0.341666666667 0.533333333334 0.05)
(0.341666666667 0.541666666667 0.05)
(0.345833333334 0.545833333334 0.05)
(0.345833333334 0.554166666667 0.05)
(0.341666666667 0.558333333334 0.05)
(0.341666666667 0.566666666667 0.05)
(0.345833333334 0.570833333334 0.05)
(0.345833333334 0.579166666667 0.05)
(0.341666666667 0.583333333334 0.05)
(0.341666666667 0.591666666667 0.05)
(0.345833333334 0.595833333334 0.05)
(0.345833333334 0.604166666667 0.05)
(0.341666666667 0.608333333334 0.05)
(0.341666666667 0.616666666667 0.05)
(0.345833333334 0.620833333334 0.05)
(0.345833333334 0.629166666667 0.05)
(0.341666666667 0.633333333334 0.05)
(0.341666666667 0.641666666667 0.05)
(0.345833333334 0.645833333334 0.05)
(0.345833333334 0.654166666667 0.05)
(0.341666666667 0.658333333334 0.05)
(0.341666666667 0.666666666667 0.05)
(0.345833333334 0.670833333334 0.05)
(0.345833333334 0.679166666667 0.05)
(0.341666666667 0.683333333334 0.05)
(0.341666666667 0.691666666667 0.05)
(0.345833333334 0.695833333334 0.05)
(0.345833333334 0.704166666667 0.05)
(0.341666666667 0.708333333333 0.05)
(0.341666666667 0.716666666667 0.05)
(0.345833333334 0.720833333333 0.05)
(0.345833333334 0.729166666667 0.05)
(0.341666666667 0.733333333333 0.05)
(0.341666666668 0.741666666667 0.05)
(0.345833333334 0.745833333333 0.05)
(0.345833333334 0.754166666667 0.05)
(0.341666666668 0.758333333333 0.05)
(0.341666666668 0.766666666667 0.05)
(0.345833333334 0.770833333333 0.05)
(0.345833333334 0.779166666667 0.05)
(0.341666666668 0.783333333333 0.05)
(0.341666666668 0.791666666667 0.05)
(0.345833333334 0.795833333333 0.05)
(0.345833333334 0.804166666666 0.05)
(0.341666666668 0.808333333333 0.05)
(0.341666666668 0.816666666666 0.05)
(0.345833333334 0.820833333333 0.05)
(0.345833333334 0.829166666666 0.05)
(0.341666666668 0.833333333333 0.05)
(0.341666666668 0.841666666666 0.05)
(0.345833333334 0.845833333333 0.05)
(0.345833333334 0.854166666666 0.05)
(0.341666666668 0.858333333333 0.05)
(0.341666666668 0.866666666666 0.05)
(0.345833333334 0.870833333333 0.05)
(0.345833333334 0.879166666666 0.05)
(0.341666666668 0.883333333333 0.05)
(0.341666666668 0.891666666666 0.05)
(0.345833333335 0.895833333333 0.05)
(0.345833333335 0.904166666666 0.05)
(0.341666666668 0.908333333333 0.05)
(0.341666666668 0.916666666666 0.05)
(0.345833333335 0.920833333333 0.05)
(0.345833333335 0.929166666666 0.05)
(0.341666666668 0.933333333333 0.05)
(0.341666666668 0.941666666666 0.05)
(0.345833333335 0.945833333333 0.05)
(0.345833333335 0.954166666667 0.05)
(0.341666666668 0.958333333333 0.05)
(0.341666666668 0.966666666667 0.05)
(0.345833333335 0.970833333333 0.05)
(0.345833333335 0.979166666667 0.05)
(0.341666666668 0.983333333333 0.05)
(0.341666666668 0.991666666667 0.05)
(0.345833333335 0.995833333333 0.05)
(0.354166666666 0.00416666666668 0.05)
(0.358333333332 0.00833333333335 0.05)
(0.358333333332 0.0166666666667 0.05)
(0.354166666666 0.0208333333334 0.05)
(0.354166666666 0.0291666666667 0.05)
(0.358333333333 0.0333333333334 0.05)
(0.358333333333 0.0416666666667 0.05)
(0.354166666666 0.0458333333334 0.05)
(0.354166666666 0.0541666666668 0.05)
(0.358333333333 0.0583333333334 0.05)
(0.358333333333 0.0666666666668 0.05)
(0.354166666666 0.0708333333335 0.05)
(0.354166666666 0.0791666666668 0.05)
(0.358333333333 0.0833333333335 0.05)
(0.358333333333 0.0916666666668 0.05)
(0.354166666666 0.0958333333335 0.05)
(0.354166666666 0.104166666667 0.05)
(0.358333333333 0.108333333334 0.05)
(0.358333333333 0.116666666667 0.05)
(0.354166666666 0.120833333334 0.05)
(0.354166666666 0.129166666667 0.05)
(0.358333333333 0.133333333334 0.05)
(0.358333333333 0.141666666667 0.05)
(0.354166666666 0.145833333334 0.05)
(0.354166666666 0.154166666667 0.05)
(0.358333333333 0.158333333334 0.05)
(0.358333333333 0.166666666667 0.05)
(0.354166666666 0.170833333334 0.05)
(0.354166666666 0.179166666667 0.05)
(0.358333333333 0.183333333334 0.05)
(0.358333333333 0.191666666667 0.05)
(0.354166666666 0.195833333334 0.05)
(0.354166666666 0.204166666667 0.05)
(0.358333333333 0.208333333334 0.05)
(0.358333333333 0.216666666667 0.05)
(0.354166666666 0.220833333334 0.05)
(0.354166666666 0.229166666667 0.05)
(0.358333333333 0.233333333334 0.05)
(0.358333333333 0.241666666667 0.05)
(0.354166666666 0.245833333334 0.05)
(0.354166666666 0.254166666667 0.05)
(0.358333333333 0.258333333334 0.05)
(0.358333333333 0.266666666667 0.05)
(0.354166666666 0.270833333334 0.05)
(0.354166666666 0.279166666667 0.05)
(0.358333333333 0.283333333334 0.05)
(0.358333333333 0.291666666667 0.05)
(0.354166666666 0.295833333334 0.05)
(0.354166666666 0.304166666667 0.05)
(0.358333333333 0.308333333334 0.05)
(0.358333333333 0.316666666667 0.05)
(0.354166666667 0.320833333334 0.05)
(0.354166666667 0.329166666667 0.05)
(0.358333333333 0.333333333334 0.05)
(0.358333333333 0.341666666667 0.05)
(0.354166666667 0.345833333334 0.05)
(0.354166666667 0.354166666667 0.05)
(0.358333333333 0.358333333334 0.05)
(0.358333333333 0.366666666667 0.05)
(0.354166666667 0.370833333334 0.05)
(0.354166666667 0.379166666667 0.05)
(0.358333333333 0.383333333334 0.05)
(0.358333333333 0.391666666667 0.05)
(0.354166666667 0.395833333334 0.05)
(0.354166666667 0.404166666667 0.05)
(0.358333333333 0.408333333334 0.05)
(0.358333333333 0.416666666667 0.05)
(0.354166666667 0.420833333334 0.05)
(0.354166666667 0.429166666667 0.05)
(0.358333333333 0.433333333334 0.05)
(0.358333333333 0.441666666667 0.05)
(0.354166666667 0.445833333334 0.05)
(0.354166666667 0.454166666667 0.05)
(0.358333333334 0.458333333334 0.05)
(0.358333333334 0.466666666667 0.05)
(0.354166666667 0.470833333334 0.05)
(0.354166666667 0.479166666668 0.05)
(0.358333333334 0.483333333334 0.05)
(0.358333333334 0.491666666668 0.05)
(0.354166666667 0.495833333334 0.05)
(0.354166666667 0.504166666668 0.05)
(0.358333333334 0.508333333334 0.05)
(0.358333333334 0.516666666667 0.05)
(0.354166666667 0.520833333334 0.05)
(0.354166666667 0.529166666667 0.05)
(0.358333333334 0.533333333334 0.05)
(0.358333333334 0.541666666667 0.05)
(0.354166666667 0.545833333334 0.05)
(0.354166666667 0.554166666667 0.05)
(0.358333333334 0.558333333334 0.05)
(0.358333333334 0.566666666667 0.05)
(0.354166666667 0.570833333334 0.05)
(0.354166666667 0.579166666667 0.05)
(0.358333333334 0.583333333334 0.05)
(0.358333333334 0.591666666667 0.05)
(0.354166666667 0.595833333334 0.05)
(0.354166666667 0.604166666667 0.05)
(0.358333333334 0.608333333334 0.05)
(0.358333333334 0.616666666667 0.05)
(0.354166666667 0.620833333334 0.05)
(0.354166666667 0.629166666667 0.05)
(0.358333333334 0.633333333334 0.05)
(0.358333333334 0.641666666667 0.05)
(0.354166666667 0.645833333334 0.05)
(0.354166666667 0.654166666667 0.05)
(0.358333333334 0.658333333334 0.05)
(0.358333333334 0.666666666667 0.05)
(0.354166666667 0.670833333334 0.05)
(0.354166666667 0.679166666667 0.05)
(0.358333333334 0.683333333334 0.05)
(0.358333333334 0.691666666667 0.05)
(0.354166666667 0.695833333334 0.05)
(0.354166666667 0.704166666667 0.05)
(0.358333333334 0.708333333333 0.05)
(0.358333333334 0.716666666667 0.05)
(0.354166666667 0.720833333333 0.05)
(0.354166666667 0.729166666667 0.05)
(0.358333333334 0.733333333333 0.05)
(0.358333333334 0.741666666667 0.05)
(0.354166666668 0.745833333333 0.05)
(0.354166666668 0.754166666667 0.05)
(0.358333333334 0.758333333333 0.05)
(0.358333333334 0.766666666667 0.05)
(0.354166666668 0.770833333333 0.05)
(0.354166666668 0.779166666667 0.05)
(0.358333333334 0.783333333333 0.05)
(0.358333333334 0.791666666667 0.05)
(0.354166666668 0.795833333333 0.05)
(0.354166666668 0.804166666666 0.05)
(0.358333333334 0.808333333333 0.05)
(0.358333333334 0.816666666666 0.05)
(0.354166666668 0.820833333333 0.05)
(0.354166666668 0.829166666666 0.05)
(0.358333333334 0.833333333333 0.05)
(0.358333333334 0.841666666666 0.05)
(0.354166666668 0.845833333333 0.05)
(0.354166666668 0.854166666666 0.05)
(0.358333333334 0.858333333333 0.05)
(0.358333333335 0.866666666666 0.05)
(0.354166666668 0.870833333333 0.05)
(0.354166666668 0.879166666666 0.05)
(0.358333333335 0.883333333333 0.05)
(0.358333333335 0.891666666666 0.05)
(0.354166666668 0.895833333333 0.05)
(0.354166666668 0.904166666666 0.05)
(0.358333333335 0.908333333333 0.05)
(0.358333333335 0.916666666666 0.05)
(0.354166666668 0.920833333333 0.05)
(0.354166666668 0.929166666666 0.05)
(0.358333333335 0.933333333333 0.05)
(0.358333333335 0.941666666666 0.05)
(0.354166666668 0.945833333333 0.05)
(0.354166666668 0.954166666667 0.05)
(0.358333333335 0.958333333333 0.05)
(0.358333333335 0.966666666667 0.05)
(0.354166666668 0.970833333333 0.05)
(0.354166666668 0.979166666667 0.05)
(0.358333333335 0.983333333333 0.05)
(0.358333333335 0.991666666667 0.05)
(0.354166666668 0.995833333333 0.05)
(0.370833333332 0.00416666666667 0.05)
(0.366666666666 0.00833333333335 0.05)
(0.366666666666 0.0166666666667 0.05)
(0.370833333332 0.0208333333334 0.05)
(0.370833333332 0.0291666666667 0.05)
(0.366666666666 0.0333333333334 0.05)
(0.366666666666 0.0416666666667 0.05)
(0.370833333333 0.0458333333334 0.05)
(0.370833333333 0.0541666666668 0.05)
(0.366666666666 0.0583333333334 0.05)
(0.366666666666 0.0666666666668 0.05)
(0.370833333333 0.0708333333335 0.05)
(0.370833333333 0.0791666666668 0.05)
(0.366666666666 0.0833333333335 0.05)
(0.366666666666 0.0916666666668 0.05)
(0.370833333333 0.0958333333335 0.05)
(0.370833333333 0.104166666667 0.05)
(0.366666666666 0.108333333334 0.05)
(0.366666666666 0.116666666667 0.05)
(0.370833333333 0.120833333334 0.05)
(0.370833333333 0.129166666667 0.05)
(0.366666666666 0.133333333334 0.05)
(0.366666666666 0.141666666667 0.05)
(0.370833333333 0.145833333334 0.05)
(0.370833333333 0.154166666667 0.05)
(0.366666666666 0.158333333334 0.05)
(0.366666666666 0.166666666667 0.05)
(0.370833333333 0.170833333334 0.05)
(0.370833333333 0.179166666667 0.05)
(0.366666666666 0.183333333334 0.05)
(0.366666666666 0.191666666667 0.05)
(0.370833333333 0.195833333334 0.05)
(0.370833333333 0.204166666667 0.05)
(0.366666666666 0.208333333334 0.05)
(0.366666666666 0.216666666667 0.05)
(0.370833333333 0.220833333334 0.05)
(0.370833333333 0.229166666667 0.05)
(0.366666666666 0.233333333334 0.05)
(0.366666666666 0.241666666667 0.05)
(0.370833333333 0.245833333334 0.05)
(0.370833333333 0.254166666667 0.05)
(0.366666666666 0.258333333334 0.05)
(0.366666666666 0.266666666667 0.05)
(0.370833333333 0.270833333334 0.05)
(0.370833333333 0.279166666667 0.05)
(0.366666666666 0.283333333334 0.05)
(0.366666666666 0.291666666667 0.05)
(0.370833333333 0.295833333334 0.05)
(0.370833333333 0.304166666667 0.05)
(0.366666666666 0.308333333334 0.05)
(0.366666666667 0.316666666667 0.05)
(0.370833333333 0.320833333334 0.05)
(0.370833333333 0.329166666667 0.05)
(0.366666666667 0.333333333334 0.05)
(0.366666666667 0.341666666667 0.05)
(0.370833333333 0.345833333334 0.05)
(0.370833333333 0.354166666667 0.05)
(0.366666666667 0.358333333334 0.05)
(0.366666666667 0.366666666667 0.05)
(0.370833333333 0.370833333334 0.05)
(0.370833333333 0.379166666667 0.05)
(0.366666666667 0.383333333334 0.05)
(0.366666666667 0.391666666667 0.05)
(0.370833333333 0.395833333334 0.05)
(0.370833333333 0.404166666667 0.05)
(0.366666666667 0.408333333334 0.05)
(0.366666666667 0.416666666667 0.05)
(0.370833333333 0.420833333334 0.05)
(0.370833333333 0.429166666667 0.05)
(0.366666666667 0.433333333334 0.05)
(0.366666666667 0.441666666667 0.05)
(0.370833333333 0.445833333334 0.05)
(0.370833333334 0.454166666667 0.05)
(0.366666666667 0.458333333334 0.05)
(0.366666666667 0.466666666667 0.05)
(0.370833333334 0.470833333334 0.05)
(0.370833333334 0.479166666667 0.05)
(0.366666666667 0.483333333334 0.05)
(0.366666666667 0.491666666667 0.05)
(0.370833333334 0.495833333334 0.05)
(0.370833333334 0.504166666667 0.05)
(0.366666666667 0.508333333334 0.05)
(0.366666666667 0.516666666667 0.05)
(0.370833333334 0.520833333334 0.05)
(0.370833333334 0.529166666667 0.05)
(0.366666666667 0.533333333334 0.05)
(0.366666666667 0.541666666667 0.05)
(0.370833333334 0.545833333334 0.05)
(0.370833333334 0.554166666667 0.05)
(0.366666666667 0.558333333334 0.05)
(0.366666666667 0.566666666667 0.05)
(0.370833333334 0.570833333334 0.05)
(0.370833333334 0.579166666667 0.05)
(0.366666666667 0.583333333334 0.05)
(0.366666666667 0.591666666667 0.05)
(0.370833333334 0.595833333334 0.05)
(0.370833333334 0.604166666667 0.05)
(0.366666666667 0.608333333334 0.05)
(0.366666666667 0.616666666667 0.05)
(0.370833333334 0.620833333334 0.05)
(0.370833333334 0.629166666667 0.05)
(0.366666666667 0.633333333334 0.05)
(0.366666666667 0.641666666667 0.05)
(0.370833333334 0.645833333334 0.05)
(0.370833333334 0.654166666667 0.05)
(0.366666666667 0.658333333334 0.05)
(0.366666666667 0.666666666667 0.05)
(0.370833333334 0.670833333334 0.05)
(0.370833333334 0.679166666667 0.05)
(0.366666666667 0.683333333334 0.05)
(0.366666666667 0.691666666667 0.05)
(0.370833333334 0.695833333333 0.05)
(0.370833333334 0.704166666667 0.05)
(0.366666666667 0.708333333333 0.05)
(0.366666666667 0.716666666667 0.05)
(0.370833333334 0.720833333333 0.05)
(0.370833333334 0.729166666667 0.05)
(0.366666666668 0.733333333333 0.05)
(0.366666666668 0.741666666667 0.05)
(0.370833333334 0.745833333333 0.05)
(0.370833333334 0.754166666667 0.05)
(0.366666666668 0.758333333333 0.05)
(0.366666666668 0.766666666667 0.05)
(0.370833333334 0.770833333333 0.05)
(0.370833333334 0.779166666667 0.05)
(0.366666666668 0.783333333333 0.05)
(0.366666666668 0.791666666667 0.05)
(0.370833333334 0.795833333333 0.05)
(0.370833333334 0.804166666666 0.05)
(0.366666666668 0.808333333333 0.05)
(0.366666666668 0.816666666666 0.05)
(0.370833333334 0.820833333333 0.05)
(0.370833333334 0.829166666666 0.05)
(0.366666666668 0.833333333333 0.05)
(0.366666666668 0.841666666666 0.05)
(0.370833333334 0.845833333333 0.05)
(0.370833333335 0.854166666666 0.05)
(0.366666666668 0.858333333333 0.05)
(0.366666666668 0.866666666666 0.05)
(0.370833333335 0.870833333333 0.05)
(0.370833333335 0.879166666666 0.05)
(0.366666666668 0.883333333333 0.05)
(0.366666666668 0.891666666666 0.05)
(0.370833333335 0.895833333333 0.05)
(0.370833333335 0.904166666666 0.05)
(0.366666666668 0.908333333333 0.05)
(0.366666666668 0.916666666666 0.05)
(0.370833333335 0.920833333333 0.05)
(0.370833333335 0.929166666666 0.05)
(0.366666666668 0.933333333333 0.05)
(0.366666666668 0.941666666666 0.05)
(0.370833333335 0.945833333333 0.05)
(0.370833333335 0.954166666667 0.05)
(0.366666666668 0.958333333333 0.05)
(0.366666666668 0.966666666667 0.05)
(0.370833333335 0.970833333333 0.05)
(0.370833333335 0.979166666667 0.05)
(0.366666666668 0.983333333333 0.05)
(0.366666666668 0.991666666667 0.05)
(0.370833333335 0.995833333333 0.05)
(0.379166666666 0.00416666666667 0.05)
(0.383333333332 0.00833333333335 0.05)
(0.383333333332 0.0166666666667 0.05)
(0.379166666666 0.0208333333334 0.05)
(0.379166666666 0.0291666666667 0.05)
(0.383333333332 0.0333333333334 0.05)
(0.383333333332 0.0416666666667 0.05)
(0.379166666666 0.0458333333334 0.05)
(0.379166666666 0.0541666666668 0.05)
(0.383333333333 0.0583333333334 0.05)
(0.383333333333 0.0666666666668 0.05)
(0.379166666666 0.0708333333335 0.05)
(0.379166666666 0.0791666666668 0.05)
(0.383333333333 0.0833333333335 0.05)
(0.383333333333 0.0916666666668 0.05)
(0.379166666666 0.0958333333335 0.05)
(0.379166666666 0.104166666667 0.05)
(0.383333333333 0.108333333334 0.05)
(0.383333333333 0.116666666667 0.05)
(0.379166666666 0.120833333334 0.05)
(0.379166666666 0.129166666667 0.05)
(0.383333333333 0.133333333334 0.05)
(0.383333333333 0.141666666667 0.05)
(0.379166666666 0.145833333334 0.05)
(0.379166666666 0.154166666667 0.05)
(0.383333333333 0.158333333334 0.05)
(0.383333333333 0.166666666667 0.05)
(0.379166666666 0.170833333334 0.05)
(0.379166666666 0.179166666667 0.05)
(0.383333333333 0.183333333334 0.05)
(0.383333333333 0.191666666667 0.05)
(0.379166666666 0.195833333334 0.05)
(0.379166666666 0.204166666667 0.05)
(0.383333333333 0.208333333334 0.05)
(0.383333333333 0.216666666667 0.05)
(0.379166666666 0.220833333334 0.05)
(0.379166666666 0.229166666667 0.05)
(0.383333333333 0.233333333334 0.05)
(0.383333333333 0.241666666667 0.05)
(0.379166666666 0.245833333334 0.05)
(0.379166666666 0.254166666667 0.05)
(0.383333333333 0.258333333334 0.05)
(0.383333333333 0.266666666667 0.05)
(0.379166666666 0.270833333334 0.05)
(0.379166666666 0.279166666667 0.05)
(0.383333333333 0.283333333334 0.05)
(0.383333333333 0.291666666667 0.05)
(0.379166666666 0.295833333334 0.05)
(0.379166666666 0.304166666667 0.05)
(0.383333333333 0.308333333334 0.05)
(0.383333333333 0.316666666667 0.05)
(0.379166666667 0.320833333334 0.05)
(0.379166666667 0.329166666667 0.05)
(0.383333333333 0.333333333334 0.05)
(0.383333333333 0.341666666667 0.05)
(0.379166666667 0.345833333334 0.05)
(0.379166666667 0.354166666667 0.05)
(0.383333333333 0.358333333334 0.05)
(0.383333333333 0.366666666667 0.05)
(0.379166666667 0.370833333334 0.05)
(0.379166666667 0.379166666667 0.05)
(0.383333333333 0.383333333334 0.05)
(0.383333333333 0.391666666667 0.05)
(0.379166666667 0.395833333334 0.05)
(0.379166666667 0.404166666667 0.05)
(0.383333333333 0.408333333334 0.05)
(0.383333333333 0.416666666667 0.05)
(0.379166666667 0.420833333334 0.05)
(0.379166666667 0.429166666667 0.05)
(0.383333333333 0.433333333334 0.05)
(0.383333333333 0.441666666667 0.05)
(0.379166666667 0.445833333334 0.05)
(0.379166666667 0.454166666667 0.05)
(0.383333333334 0.458333333334 0.05)
(0.383333333334 0.466666666667 0.05)
(0.379166666667 0.470833333334 0.05)
(0.379166666667 0.479166666667 0.05)
(0.383333333334 0.483333333334 0.05)
(0.383333333334 0.491666666667 0.05)
(0.379166666667 0.495833333334 0.05)
(0.379166666667 0.504166666667 0.05)
(0.383333333334 0.508333333334 0.05)
(0.383333333334 0.516666666667 0.05)
(0.379166666667 0.520833333334 0.05)
(0.379166666667 0.529166666667 0.05)
(0.383333333334 0.533333333334 0.05)
(0.383333333334 0.541666666667 0.05)
(0.379166666667 0.545833333334 0.05)
(0.379166666667 0.554166666667 0.05)
(0.383333333334 0.558333333334 0.05)
(0.383333333334 0.566666666667 0.05)
(0.379166666667 0.570833333334 0.05)
(0.379166666667 0.579166666667 0.05)
(0.383333333334 0.583333333334 0.05)
(0.383333333334 0.591666666667 0.05)
(0.379166666667 0.595833333334 0.05)
(0.379166666667 0.604166666667 0.05)
(0.383333333334 0.608333333334 0.05)
(0.383333333334 0.616666666667 0.05)
(0.379166666667 0.620833333334 0.05)
(0.379166666667 0.629166666667 0.05)
(0.383333333334 0.633333333334 0.05)
(0.383333333334 0.641666666667 0.05)
(0.379166666667 0.645833333334 0.05)
(0.379166666667 0.654166666667 0.05)
(0.383333333334 0.658333333334 0.05)
(0.383333333334 0.666666666667 0.05)
(0.379166666667 0.670833333334 0.05)
(0.379166666667 0.679166666667 0.05)
(0.383333333334 0.683333333334 0.05)
(0.383333333334 0.691666666667 0.05)
(0.379166666667 0.695833333333 0.05)
(0.379166666667 0.704166666667 0.05)
(0.383333333334 0.708333333333 0.05)
(0.383333333334 0.716666666667 0.05)
(0.379166666668 0.720833333333 0.05)
(0.379166666668 0.729166666667 0.05)
(0.383333333334 0.733333333333 0.05)
(0.383333333334 0.741666666667 0.05)
(0.379166666668 0.745833333333 0.05)
(0.379166666668 0.754166666667 0.05)
(0.383333333334 0.758333333333 0.05)
(0.383333333334 0.766666666667 0.05)
(0.379166666668 0.770833333333 0.05)
(0.379166666668 0.779166666667 0.05)
(0.383333333334 0.783333333333 0.05)
(0.383333333334 0.791666666666 0.05)
(0.379166666668 0.795833333333 0.05)
(0.379166666668 0.804166666666 0.05)
(0.383333333334 0.808333333333 0.05)
(0.383333333334 0.816666666666 0.05)
(0.379166666668 0.820833333333 0.05)
(0.379166666668 0.829166666666 0.05)
(0.383333333334 0.833333333333 0.05)
(0.383333333335 0.841666666666 0.05)
(0.379166666668 0.845833333333 0.05)
(0.379166666668 0.854166666666 0.05)
(0.383333333335 0.858333333333 0.05)
(0.383333333335 0.866666666666 0.05)
(0.379166666668 0.870833333333 0.05)
(0.379166666668 0.879166666666 0.05)
(0.383333333335 0.883333333333 0.05)
(0.383333333335 0.891666666666 0.05)
(0.379166666668 0.895833333333 0.05)
(0.379166666668 0.904166666666 0.05)
(0.383333333335 0.908333333333 0.05)
(0.383333333335 0.916666666666 0.05)
(0.379166666668 0.920833333333 0.05)
(0.379166666668 0.929166666666 0.05)
(0.383333333335 0.933333333333 0.05)
(0.383333333335 0.941666666666 0.05)
(0.379166666668 0.945833333333 0.05)
(0.379166666668 0.954166666667 0.05)
(0.383333333335 0.958333333333 0.05)
(0.383333333335 0.966666666667 0.05)
(0.379166666668 0.970833333333 0.05)
(0.379166666668 0.979166666667 0.05)
(0.383333333335 0.983333333333 0.05)
(0.383333333335 0.991666666667 0.05)
(0.379166666668 0.995833333333 0.05)
(0.395833333332 0.00416666666667 0.05)
(0.391666666666 0.00833333333335 0.05)
(0.391666666666 0.0166666666667 0.05)
(0.395833333332 0.0208333333334 0.05)
(0.395833333332 0.0291666666667 0.05)
(0.391666666666 0.0333333333334 0.05)
(0.391666666666 0.0416666666667 0.05)
(0.395833333332 0.0458333333334 0.05)
(0.395833333332 0.0541666666668 0.05)
(0.391666666666 0.0583333333334 0.05)
(0.391666666666 0.0666666666668 0.05)
(0.395833333333 0.0708333333335 0.05)
(0.395833333333 0.0791666666668 0.05)
(0.391666666666 0.0833333333335 0.05)
(0.391666666666 0.0916666666668 0.05)
(0.395833333333 0.0958333333335 0.05)
(0.395833333333 0.104166666667 0.05)
(0.391666666666 0.108333333334 0.05)
(0.391666666666 0.116666666667 0.05)
(0.395833333333 0.120833333334 0.05)
(0.395833333333 0.129166666667 0.05)
(0.391666666666 0.133333333334 0.05)
(0.391666666666 0.141666666667 0.05)
(0.395833333333 0.145833333334 0.05)
(0.395833333333 0.154166666667 0.05)
(0.391666666666 0.158333333334 0.05)
(0.391666666666 0.166666666667 0.05)
(0.395833333333 0.170833333334 0.05)
(0.395833333333 0.179166666667 0.05)
(0.391666666666 0.183333333334 0.05)
(0.391666666666 0.191666666667 0.05)
(0.395833333333 0.195833333334 0.05)
(0.395833333333 0.204166666667 0.05)
(0.391666666666 0.208333333334 0.05)
(0.391666666666 0.216666666667 0.05)
(0.395833333333 0.220833333334 0.05)
(0.395833333333 0.229166666667 0.05)
(0.391666666666 0.233333333334 0.05)
(0.391666666666 0.241666666667 0.05)
(0.395833333333 0.245833333334 0.05)
(0.395833333333 0.254166666667 0.05)
(0.391666666666 0.258333333334 0.05)
(0.391666666666 0.266666666667 0.05)
(0.395833333333 0.270833333334 0.05)
(0.395833333333 0.279166666667 0.05)
(0.391666666666 0.283333333334 0.05)
(0.391666666666 0.291666666667 0.05)
(0.395833333333 0.295833333334 0.05)
(0.395833333333 0.304166666667 0.05)
(0.391666666666 0.308333333334 0.05)
(0.391666666666 0.316666666667 0.05)
(0.395833333333 0.320833333334 0.05)
(0.395833333333 0.329166666667 0.05)
(0.391666666667 0.333333333334 0.05)
(0.391666666667 0.341666666667 0.05)
(0.395833333333 0.345833333334 0.05)
(0.395833333333 0.354166666667 0.05)
(0.391666666667 0.358333333334 0.05)
(0.391666666667 0.366666666667 0.05)
(0.395833333333 0.370833333334 0.05)
(0.395833333333 0.379166666667 0.05)
(0.391666666667 0.383333333334 0.05)
(0.391666666667 0.391666666667 0.05)
(0.395833333333 0.395833333334 0.05)
(0.395833333333 0.404166666667 0.05)
(0.391666666667 0.408333333334 0.05)
(0.391666666667 0.416666666667 0.05)
(0.395833333333 0.420833333334 0.05)
(0.395833333333 0.429166666667 0.05)
(0.391666666667 0.433333333334 0.05)
(0.391666666667 0.441666666667 0.05)
(0.395833333334 0.445833333334 0.05)
(0.395833333334 0.454166666667 0.05)
(0.391666666667 0.458333333334 0.05)
(0.391666666667 0.466666666667 0.05)
(0.395833333334 0.470833333334 0.05)
(0.395833333334 0.479166666667 0.05)
(0.391666666667 0.483333333334 0.05)
(0.391666666667 0.491666666667 0.05)
(0.395833333334 0.495833333334 0.05)
(0.395833333334 0.504166666667 0.05)
(0.391666666667 0.508333333334 0.05)
(0.391666666667 0.516666666667 0.05)
(0.395833333334 0.520833333334 0.05)
(0.395833333334 0.529166666667 0.05)
(0.391666666667 0.533333333334 0.05)
(0.391666666667 0.541666666667 0.05)
(0.395833333334 0.545833333334 0.05)
(0.395833333334 0.554166666667 0.05)
(0.391666666667 0.558333333334 0.05)
(0.391666666667 0.566666666667 0.05)
(0.395833333334 0.570833333334 0.05)
(0.395833333334 0.579166666667 0.05)
(0.391666666667 0.583333333334 0.05)
(0.391666666667 0.591666666667 0.05)
(0.395833333334 0.595833333334 0.05)
(0.395833333334 0.604166666667 0.05)
(0.391666666667 0.608333333334 0.05)
(0.391666666667 0.616666666667 0.05)
(0.395833333334 0.620833333334 0.05)
(0.395833333334 0.629166666667 0.05)
(0.391666666667 0.633333333334 0.05)
(0.391666666667 0.641666666667 0.05)
(0.395833333334 0.645833333334 0.05)
(0.395833333334 0.654166666667 0.05)
(0.391666666667 0.658333333334 0.05)
(0.391666666667 0.666666666667 0.05)
(0.395833333334 0.670833333334 0.05)
(0.395833333334 0.679166666667 0.05)
(0.391666666667 0.683333333333 0.05)
(0.391666666667 0.691666666667 0.05)
(0.395833333334 0.695833333333 0.05)
(0.395833333334 0.704166666667 0.05)
(0.391666666668 0.708333333333 0.05)
(0.391666666668 0.716666666667 0.05)
(0.395833333334 0.720833333333 0.05)
(0.395833333334 0.729166666667 0.05)
(0.391666666668 0.733333333333 0.05)
(0.391666666668 0.741666666667 0.05)
(0.395833333334 0.745833333333 0.05)
(0.395833333334 0.754166666667 0.05)
(0.391666666668 0.758333333333 0.05)
(0.391666666668 0.766666666667 0.05)
(0.395833333334 0.770833333333 0.05)
(0.395833333334 0.779166666667 0.05)
(0.391666666668 0.783333333333 0.05)
(0.391666666668 0.791666666666 0.05)
(0.395833333334 0.795833333333 0.05)
(0.395833333334 0.804166666666 0.05)
(0.391666666668 0.808333333333 0.05)
(0.391666666668 0.816666666666 0.05)
(0.395833333335 0.820833333333 0.05)
(0.395833333335 0.829166666666 0.05)
(0.391666666668 0.833333333333 0.05)
(0.391666666668 0.841666666666 0.05)
(0.395833333335 0.845833333333 0.05)
(0.395833333335 0.854166666666 0.05)
(0.391666666668 0.858333333333 0.05)
(0.391666666668 0.866666666666 0.05)
(0.395833333335 0.870833333333 0.05)
(0.395833333335 0.879166666666 0.05)
(0.391666666668 0.883333333333 0.05)
(0.391666666668 0.891666666666 0.05)
(0.395833333335 0.895833333333 0.05)
(0.395833333335 0.904166666666 0.05)
(0.391666666668 0.908333333333 0.05)
(0.391666666668 0.916666666666 0.05)
(0.395833333335 0.920833333333 0.05)
(0.395833333335 0.929166666666 0.05)
(0.391666666668 0.933333333333 0.05)
(0.391666666668 0.941666666666 0.05)
(0.395833333335 0.945833333333 0.05)
(0.395833333335 0.954166666667 0.05)
(0.391666666668 0.958333333333 0.05)
(0.391666666668 0.966666666667 0.05)
(0.395833333335 0.970833333333 0.05)
(0.395833333335 0.979166666667 0.05)
(0.391666666668 0.983333333333 0.05)
(0.391666666668 0.991666666667 0.05)
(0.395833333335 0.995833333333 0.05)
(0.404166666666 0.00416666666667 0.05)
(0.408333333332 0.00833333333335 0.05)
(0.408333333332 0.0166666666667 0.05)
(0.404166666666 0.0208333333334 0.05)
(0.404166666666 0.0291666666667 0.05)
(0.408333333332 0.0333333333334 0.05)
(0.408333333332 0.0416666666667 0.05)
(0.404166666666 0.0458333333334 0.05)
(0.404166666666 0.0541666666668 0.05)
(0.408333333332 0.0583333333334 0.05)
(0.408333333332 0.0666666666668 0.05)
(0.404166666666 0.0708333333335 0.05)
(0.404166666666 0.0791666666668 0.05)
(0.408333333333 0.0833333333335 0.05)
(0.408333333333 0.0916666666668 0.05)
(0.404166666666 0.0958333333335 0.05)
(0.404166666666 0.104166666667 0.05)
(0.408333333333 0.108333333334 0.05)
(0.408333333333 0.116666666667 0.05)
(0.404166666666 0.120833333334 0.05)
(0.404166666666 0.129166666667 0.05)
(0.408333333333 0.133333333334 0.05)
(0.408333333333 0.141666666667 0.05)
(0.404166666666 0.145833333334 0.05)
(0.404166666666 0.154166666667 0.05)
(0.408333333333 0.158333333334 0.05)
(0.408333333333 0.166666666667 0.05)
(0.404166666666 0.170833333334 0.05)
(0.404166666666 0.179166666667 0.05)
(0.408333333333 0.183333333334 0.05)
(0.408333333333 0.191666666667 0.05)
(0.404166666666 0.195833333334 0.05)
(0.404166666666 0.204166666667 0.05)
(0.408333333333 0.208333333334 0.05)
(0.408333333333 0.216666666667 0.05)
(0.404166666666 0.220833333334 0.05)
(0.404166666666 0.229166666667 0.05)
(0.408333333333 0.233333333334 0.05)
(0.408333333333 0.241666666667 0.05)
(0.404166666666 0.245833333334 0.05)
(0.404166666666 0.254166666667 0.05)
(0.408333333333 0.258333333334 0.05)
(0.408333333333 0.266666666667 0.05)
(0.404166666666 0.270833333334 0.05)
(0.404166666666 0.279166666667 0.05)
(0.408333333333 0.283333333334 0.05)
(0.408333333333 0.291666666667 0.05)
(0.404166666666 0.295833333334 0.05)
(0.404166666666 0.304166666667 0.05)
(0.408333333333 0.308333333334 0.05)
(0.408333333333 0.316666666667 0.05)
(0.404166666667 0.320833333334 0.05)
(0.404166666667 0.329166666667 0.05)
(0.408333333333 0.333333333334 0.05)
(0.408333333333 0.341666666667 0.05)
(0.404166666667 0.345833333334 0.05)
(0.404166666667 0.354166666667 0.05)
(0.408333333333 0.358333333334 0.05)
(0.408333333333 0.366666666667 0.05)
(0.404166666667 0.370833333334 0.05)
(0.404166666667 0.379166666667 0.05)
(0.408333333333 0.383333333334 0.05)
(0.408333333333 0.391666666667 0.05)
(0.404166666667 0.395833333334 0.05)
(0.404166666667 0.404166666667 0.05)
(0.408333333333 0.408333333334 0.05)
(0.408333333333 0.416666666667 0.05)
(0.404166666667 0.420833333334 0.05)
(0.404166666667 0.429166666667 0.05)
(0.408333333333 0.433333333334 0.05)
(0.408333333333 0.441666666667 0.05)
(0.404166666667 0.445833333334 0.05)
(0.404166666667 0.454166666667 0.05)
(0.408333333334 0.458333333334 0.05)
(0.408333333334 0.466666666667 0.05)
(0.404166666667 0.470833333334 0.05)
(0.404166666667 0.479166666667 0.05)
(0.408333333334 0.483333333334 0.05)
(0.408333333334 0.491666666667 0.05)
(0.404166666667 0.495833333334 0.05)
(0.404166666667 0.504166666667 0.05)
(0.408333333334 0.508333333334 0.05)
(0.408333333334 0.516666666667 0.05)
(0.404166666667 0.520833333334 0.05)
(0.404166666667 0.529166666667 0.05)
(0.408333333334 0.533333333334 0.05)
(0.408333333334 0.541666666667 0.05)
(0.404166666667 0.545833333334 0.05)
(0.404166666667 0.554166666667 0.05)
(0.408333333334 0.558333333334 0.05)
(0.408333333334 0.566666666667 0.05)
(0.404166666667 0.570833333334 0.05)
(0.404166666667 0.579166666667 0.05)
(0.408333333334 0.583333333334 0.05)
(0.408333333334 0.591666666667 0.05)
(0.404166666667 0.595833333334 0.05)
(0.404166666667 0.604166666667 0.05)
(0.408333333334 0.608333333334 0.05)
(0.408333333334 0.616666666667 0.05)
(0.404166666667 0.620833333334 0.05)
(0.404166666667 0.629166666667 0.05)
(0.408333333334 0.633333333334 0.05)
(0.408333333334 0.641666666667 0.05)
(0.404166666667 0.645833333334 0.05)
(0.404166666667 0.654166666667 0.05)
(0.408333333334 0.658333333334 0.05)
(0.408333333334 0.666666666667 0.05)
(0.404166666667 0.670833333334 0.05)
(0.404166666667 0.679166666667 0.05)
(0.408333333334 0.683333333333 0.05)
(0.408333333334 0.691666666667 0.05)
(0.404166666668 0.695833333333 0.05)
(0.404166666668 0.704166666667 0.05)
(0.408333333334 0.708333333333 0.05)
(0.408333333334 0.716666666667 0.05)
(0.404166666668 0.720833333333 0.05)
(0.404166666668 0.729166666667 0.05)
(0.408333333334 0.733333333333 0.05)
(0.408333333334 0.741666666667 0.05)
(0.404166666668 0.745833333333 0.05)
(0.404166666668 0.754166666667 0.05)
(0.408333333334 0.758333333333 0.05)
(0.408333333334 0.766666666667 0.05)
(0.404166666668 0.770833333333 0.05)
(0.404166666668 0.779166666667 0.05)
(0.408333333334 0.783333333333 0.05)
(0.408333333334 0.791666666666 0.05)
(0.404166666668 0.795833333333 0.05)
(0.404166666668 0.804166666666 0.05)
(0.408333333335 0.808333333333 0.05)
(0.408333333335 0.816666666666 0.05)
(0.404166666668 0.820833333333 0.05)
(0.404166666668 0.829166666666 0.05)
(0.408333333335 0.833333333333 0.05)
(0.408333333335 0.841666666666 0.05)
(0.404166666668 0.845833333333 0.05)
(0.404166666668 0.854166666666 0.05)
(0.408333333335 0.858333333333 0.05)
(0.408333333335 0.866666666666 0.05)
(0.404166666668 0.870833333333 0.05)
(0.404166666668 0.879166666666 0.05)
(0.408333333335 0.883333333333 0.05)
(0.408333333335 0.891666666666 0.05)
(0.404166666668 0.895833333333 0.05)
(0.404166666668 0.904166666666 0.05)
(0.408333333335 0.908333333333 0.05)
(0.408333333335 0.916666666666 0.05)
(0.404166666668 0.920833333333 0.05)
(0.404166666668 0.929166666666 0.05)
(0.408333333335 0.933333333333 0.05)
(0.408333333335 0.941666666666 0.05)
(0.404166666668 0.945833333333 0.05)
(0.404166666668 0.954166666667 0.05)
(0.408333333335 0.958333333333 0.05)
(0.408333333335 0.966666666667 0.05)
(0.404166666668 0.970833333333 0.05)
(0.404166666668 0.979166666667 0.05)
(0.408333333335 0.983333333333 0.05)
(0.408333333335 0.991666666667 0.05)
(0.404166666668 0.995833333333 0.05)
(0.420833333332 0.00416666666667 0.05)
(0.416666666666 0.00833333333335 0.05)
(0.416666666666 0.0166666666667 0.05)
(0.420833333332 0.0208333333334 0.05)
(0.420833333332 0.0291666666667 0.05)
(0.416666666666 0.0333333333334 0.05)
(0.416666666666 0.0416666666667 0.05)
(0.420833333332 0.0458333333334 0.05)
(0.420833333332 0.0541666666668 0.05)
(0.416666666666 0.0583333333334 0.05)
(0.416666666666 0.0666666666668 0.05)
(0.420833333332 0.0708333333334 0.05)
(0.420833333332 0.0791666666668 0.05)
(0.416666666666 0.0833333333335 0.05)
(0.416666666666 0.0916666666668 0.05)
(0.420833333333 0.0958333333335 0.05)
(0.420833333333 0.104166666667 0.05)
(0.416666666666 0.108333333334 0.05)
(0.416666666666 0.116666666667 0.05)
(0.420833333333 0.120833333334 0.05)
(0.420833333333 0.129166666667 0.05)
(0.416666666666 0.133333333334 0.05)
(0.416666666666 0.141666666667 0.05)
(0.420833333333 0.145833333334 0.05)
(0.420833333333 0.154166666667 0.05)
(0.416666666666 0.158333333334 0.05)
(0.416666666666 0.166666666667 0.05)
(0.420833333333 0.170833333334 0.05)
(0.420833333333 0.179166666667 0.05)
(0.416666666666 0.183333333334 0.05)
(0.416666666666 0.191666666667 0.05)
(0.420833333333 0.195833333334 0.05)
(0.420833333333 0.204166666667 0.05)
(0.416666666666 0.208333333334 0.05)
(0.416666666666 0.216666666667 0.05)
(0.420833333333 0.220833333334 0.05)
(0.420833333333 0.229166666667 0.05)
(0.416666666666 0.233333333334 0.05)
(0.416666666666 0.241666666667 0.05)
(0.420833333333 0.245833333334 0.05)
(0.420833333333 0.254166666667 0.05)
(0.416666666666 0.258333333334 0.05)
(0.416666666666 0.266666666667 0.05)
(0.420833333333 0.270833333334 0.05)
(0.420833333333 0.279166666667 0.05)
(0.416666666666 0.283333333334 0.05)
(0.416666666666 0.291666666667 0.05)
(0.420833333333 0.295833333334 0.05)
(0.420833333333 0.304166666667 0.05)
(0.416666666666 0.308333333334 0.05)
(0.416666666666 0.316666666667 0.05)
(0.420833333333 0.320833333334 0.05)
(0.420833333333 0.329166666667 0.05)
(0.416666666667 0.333333333334 0.05)
(0.416666666667 0.341666666667 0.05)
(0.420833333333 0.345833333334 0.05)
(0.420833333333 0.354166666667 0.05)
(0.416666666667 0.358333333334 0.05)
(0.416666666667 0.366666666667 0.05)
(0.420833333333 0.370833333334 0.05)
(0.420833333333 0.379166666667 0.05)
(0.416666666667 0.383333333334 0.05)
(0.416666666667 0.391666666667 0.05)
(0.420833333333 0.395833333334 0.05)
(0.420833333333 0.404166666667 0.05)
(0.416666666667 0.408333333334 0.05)
(0.416666666667 0.416666666667 0.05)
(0.420833333333 0.420833333334 0.05)
(0.420833333333 0.429166666667 0.05)
(0.416666666667 0.433333333334 0.05)
(0.416666666667 0.441666666667 0.05)
(0.420833333334 0.445833333334 0.05)
(0.420833333334 0.454166666667 0.05)
(0.416666666667 0.458333333334 0.05)
(0.416666666667 0.466666666667 0.05)
(0.420833333334 0.470833333334 0.05)
(0.420833333334 0.479166666667 0.05)
(0.416666666667 0.483333333334 0.05)
(0.416666666667 0.491666666667 0.05)
(0.420833333334 0.495833333334 0.05)
(0.420833333334 0.504166666667 0.05)
(0.416666666667 0.508333333334 0.05)
(0.416666666667 0.516666666667 0.05)
(0.420833333334 0.520833333334 0.05)
(0.420833333334 0.529166666667 0.05)
(0.416666666667 0.533333333334 0.05)
(0.416666666667 0.541666666667 0.05)
(0.420833333334 0.545833333334 0.05)
(0.420833333334 0.554166666667 0.05)
(0.416666666667 0.558333333334 0.05)
(0.416666666667 0.566666666667 0.05)
(0.420833333334 0.570833333334 0.05)
(0.420833333334 0.579166666667 0.05)
(0.416666666667 0.583333333334 0.05)
(0.416666666667 0.591666666667 0.05)
(0.420833333334 0.595833333334 0.05)
(0.420833333334 0.604166666667 0.05)
(0.416666666667 0.608333333334 0.05)
(0.416666666667 0.616666666667 0.05)
(0.420833333334 0.620833333334 0.05)
(0.420833333334 0.629166666667 0.05)
(0.416666666667 0.633333333334 0.05)
(0.416666666667 0.641666666667 0.05)
(0.420833333334 0.645833333334 0.05)
(0.420833333334 0.654166666667 0.05)
(0.416666666667 0.658333333334 0.05)
(0.416666666667 0.666666666667 0.05)
(0.420833333334 0.670833333333 0.05)
(0.420833333334 0.679166666667 0.05)
(0.416666666668 0.683333333333 0.05)
(0.416666666668 0.691666666667 0.05)
(0.420833333334 0.695833333333 0.05)
(0.420833333334 0.704166666667 0.05)
(0.416666666668 0.708333333333 0.05)
(0.416666666668 0.716666666667 0.05)
(0.420833333334 0.720833333333 0.05)
(0.420833333334 0.729166666667 0.05)
(0.416666666668 0.733333333333 0.05)
(0.416666666668 0.741666666667 0.05)
(0.420833333334 0.745833333333 0.05)
(0.420833333334 0.754166666667 0.05)
(0.416666666668 0.758333333333 0.05)
(0.416666666668 0.766666666667 0.05)
(0.420833333334 0.770833333333 0.05)
(0.420833333334 0.779166666667 0.05)
(0.416666666668 0.783333333333 0.05)
(0.416666666668 0.791666666666 0.05)
(0.420833333335 0.795833333333 0.05)
(0.420833333335 0.804166666666 0.05)
(0.416666666668 0.808333333333 0.05)
(0.416666666668 0.816666666666 0.05)
(0.420833333335 0.820833333333 0.05)
(0.420833333335 0.829166666666 0.05)
(0.416666666668 0.833333333333 0.05)
(0.416666666668 0.841666666666 0.05)
(0.420833333335 0.845833333333 0.05)
(0.420833333335 0.854166666666 0.05)
(0.416666666668 0.858333333333 0.05)
(0.416666666668 0.866666666666 0.05)
(0.420833333335 0.870833333333 0.05)
(0.420833333335 0.879166666666 0.05)
(0.416666666668 0.883333333333 0.05)
(0.416666666668 0.891666666666 0.05)
(0.420833333335 0.895833333333 0.05)
(0.420833333335 0.904166666666 0.05)
(0.416666666668 0.908333333333 0.05)
(0.416666666668 0.916666666666 0.05)
(0.420833333335 0.920833333333 0.05)
(0.420833333335 0.929166666666 0.05)
(0.416666666668 0.933333333333 0.05)
(0.416666666668 0.941666666666 0.05)
(0.420833333335 0.945833333333 0.05)
(0.420833333335 0.954166666667 0.05)
(0.416666666668 0.958333333333 0.05)
(0.416666666668 0.966666666667 0.05)
(0.420833333335 0.970833333333 0.05)
(0.420833333335 0.979166666667 0.05)
(0.416666666668 0.983333333333 0.05)
(0.416666666668 0.991666666667 0.05)
(0.420833333335 0.995833333333 0.05)
(0.429166666666 0.00416666666667 0.05)
(0.433333333332 0.00833333333335 0.05)
(0.433333333332 0.0166666666667 0.05)
(0.429166666666 0.0208333333334 0.05)
(0.429166666666 0.0291666666667 0.05)
(0.433333333332 0.0333333333334 0.05)
(0.433333333332 0.0416666666667 0.05)
(0.429166666666 0.0458333333334 0.05)
(0.429166666666 0.0541666666667 0.05)
(0.433333333332 0.0583333333334 0.05)
(0.433333333332 0.0666666666668 0.05)
(0.429166666666 0.0708333333334 0.05)
(0.429166666666 0.0791666666668 0.05)
(0.433333333332 0.0833333333335 0.05)
(0.433333333332 0.0916666666668 0.05)
(0.429166666666 0.0958333333335 0.05)
(0.429166666666 0.104166666667 0.05)
(0.433333333333 0.108333333334 0.05)
(0.433333333333 0.116666666667 0.05)
(0.429166666666 0.120833333334 0.05)
(0.429166666666 0.129166666667 0.05)
(0.433333333333 0.133333333334 0.05)
(0.433333333333 0.141666666667 0.05)
(0.429166666666 0.145833333334 0.05)
(0.429166666666 0.154166666667 0.05)
(0.433333333333 0.158333333334 0.05)
(0.433333333333 0.166666666667 0.05)
(0.429166666666 0.170833333334 0.05)
(0.429166666666 0.179166666667 0.05)
(0.433333333333 0.183333333334 0.05)
(0.433333333333 0.191666666667 0.05)
(0.429166666666 0.195833333334 0.05)
(0.429166666666 0.204166666667 0.05)
(0.433333333333 0.208333333334 0.05)
(0.433333333333 0.216666666667 0.05)
(0.429166666666 0.220833333334 0.05)
(0.429166666666 0.229166666667 0.05)
(0.433333333333 0.233333333334 0.05)
(0.433333333333 0.241666666667 0.05)
(0.429166666666 0.245833333334 0.05)
(0.429166666666 0.254166666667 0.05)
(0.433333333333 0.258333333334 0.05)
(0.433333333333 0.266666666667 0.05)
(0.429166666666 0.270833333334 0.05)
(0.429166666666 0.279166666667 0.05)
(0.433333333333 0.283333333334 0.05)
(0.433333333333 0.291666666667 0.05)
(0.429166666666 0.295833333334 0.05)
(0.429166666666 0.304166666667 0.05)
(0.433333333333 0.308333333334 0.05)
(0.433333333333 0.316666666667 0.05)
(0.429166666666 0.320833333334 0.05)
(0.429166666667 0.329166666667 0.05)
(0.433333333333 0.333333333334 0.05)
(0.433333333333 0.341666666667 0.05)
(0.429166666667 0.345833333334 0.05)
(0.429166666667 0.354166666667 0.05)
(0.433333333333 0.358333333334 0.05)
(0.433333333333 0.366666666667 0.05)
(0.429166666667 0.370833333334 0.05)
(0.429166666667 0.379166666667 0.05)
(0.433333333333 0.383333333334 0.05)
(0.433333333333 0.391666666667 0.05)
(0.429166666667 0.395833333334 0.05)
(0.429166666667 0.404166666667 0.05)
(0.433333333333 0.408333333334 0.05)
(0.433333333333 0.416666666667 0.05)
(0.429166666667 0.420833333334 0.05)
(0.429166666667 0.429166666667 0.05)
(0.433333333333 0.433333333334 0.05)
(0.433333333334 0.441666666667 0.05)
(0.429166666667 0.445833333334 0.05)
(0.429166666667 0.454166666667 0.05)
(0.433333333334 0.458333333334 0.05)
(0.433333333334 0.466666666667 0.05)
(0.429166666667 0.470833333334 0.05)
(0.429166666667 0.479166666667 0.05)
(0.433333333334 0.483333333334 0.05)
(0.433333333334 0.491666666667 0.05)
(0.429166666667 0.495833333334 0.05)
(0.429166666667 0.504166666667 0.05)
(0.433333333334 0.508333333334 0.05)
(0.433333333334 0.516666666667 0.05)
(0.429166666667 0.520833333334 0.05)
(0.429166666667 0.529166666667 0.05)
(0.433333333334 0.533333333334 0.05)
(0.433333333334 0.541666666667 0.05)
(0.429166666667 0.545833333334 0.05)
(0.429166666667 0.554166666667 0.05)
(0.433333333334 0.558333333334 0.05)
(0.433333333334 0.566666666667 0.05)
(0.429166666667 0.570833333334 0.05)
(0.429166666667 0.579166666667 0.05)
(0.433333333334 0.583333333334 0.05)
(0.433333333334 0.591666666667 0.05)
(0.429166666667 0.595833333334 0.05)
(0.429166666667 0.604166666667 0.05)
(0.433333333334 0.608333333334 0.05)
(0.433333333334 0.616666666667 0.05)
(0.429166666667 0.620833333334 0.05)
(0.429166666667 0.629166666667 0.05)
(0.433333333334 0.633333333334 0.05)
(0.433333333334 0.641666666667 0.05)
(0.429166666667 0.645833333334 0.05)
(0.429166666667 0.654166666667 0.05)
(0.433333333334 0.658333333333 0.05)
(0.433333333334 0.666666666667 0.05)
(0.429166666667 0.670833333333 0.05)
(0.429166666668 0.679166666667 0.05)
(0.433333333334 0.683333333333 0.05)
(0.433333333334 0.691666666667 0.05)
(0.429166666668 0.695833333333 0.05)
(0.429166666668 0.704166666667 0.05)
(0.433333333334 0.708333333333 0.05)
(0.433333333334 0.716666666667 0.05)
(0.429166666668 0.720833333333 0.05)
(0.429166666668 0.729166666667 0.05)
(0.433333333334 0.733333333333 0.05)
(0.433333333334 0.741666666667 0.05)
(0.429166666668 0.745833333333 0.05)
(0.429166666668 0.754166666667 0.05)
(0.433333333334 0.758333333333 0.05)
(0.433333333334 0.766666666667 0.05)
(0.429166666668 0.770833333333 0.05)
(0.429166666668 0.779166666666 0.05)
(0.433333333335 0.783333333333 0.05)
(0.433333333335 0.791666666666 0.05)
(0.429166666668 0.795833333333 0.05)
(0.429166666668 0.804166666666 0.05)
(0.433333333335 0.808333333333 0.05)
(0.433333333335 0.816666666666 0.05)
(0.429166666668 0.820833333333 0.05)
(0.429166666668 0.829166666666 0.05)
(0.433333333335 0.833333333333 0.05)
(0.433333333335 0.841666666666 0.05)
(0.429166666668 0.845833333333 0.05)
(0.429166666668 0.854166666666 0.05)
(0.433333333335 0.858333333333 0.05)
(0.433333333335 0.866666666666 0.05)
(0.429166666668 0.870833333333 0.05)
(0.429166666668 0.879166666666 0.05)
(0.433333333335 0.883333333333 0.05)
(0.433333333335 0.891666666666 0.05)
(0.429166666668 0.895833333333 0.05)
(0.429166666668 0.904166666666 0.05)
(0.433333333335 0.908333333333 0.05)
(0.433333333335 0.916666666666 0.05)
(0.429166666668 0.920833333333 0.05)
(0.429166666668 0.929166666666 0.05)
(0.433333333335 0.933333333333 0.05)
(0.433333333335 0.941666666666 0.05)
(0.429166666668 0.945833333333 0.05)
(0.429166666668 0.954166666667 0.05)
(0.433333333335 0.958333333333 0.05)
(0.433333333335 0.966666666667 0.05)
(0.429166666668 0.970833333333 0.05)
(0.429166666668 0.979166666667 0.05)
(0.433333333335 0.983333333333 0.05)
(0.433333333335 0.991666666667 0.05)
(0.429166666668 0.995833333333 0.05)
(0.445833333332 0.00416666666667 0.05)
(0.441666666666 0.00833333333335 0.05)
(0.441666666666 0.0166666666667 0.05)
(0.445833333332 0.0208333333334 0.05)
(0.445833333332 0.0291666666667 0.05)
(0.441666666666 0.0333333333334 0.05)
(0.441666666666 0.0416666666667 0.05)
(0.445833333332 0.0458333333334 0.05)
(0.445833333332 0.0541666666667 0.05)
(0.441666666666 0.0583333333334 0.05)
(0.441666666666 0.0666666666668 0.05)
(0.445833333332 0.0708333333334 0.05)
(0.445833333332 0.0791666666668 0.05)
(0.441666666666 0.0833333333335 0.05)
(0.441666666666 0.0916666666668 0.05)
(0.445833333332 0.0958333333335 0.05)
(0.445833333332 0.104166666667 0.05)
(0.441666666666 0.108333333333 0.05)
(0.441666666666 0.116666666667 0.05)
(0.445833333333 0.120833333334 0.05)
(0.445833333333 0.129166666667 0.05)
(0.441666666666 0.133333333334 0.05)
(0.441666666666 0.141666666667 0.05)
(0.445833333333 0.145833333334 0.05)
(0.445833333333 0.154166666667 0.05)
(0.441666666666 0.158333333334 0.05)
(0.441666666666 0.166666666667 0.05)
(0.445833333333 0.170833333334 0.05)
(0.445833333333 0.179166666667 0.05)
(0.441666666666 0.183333333334 0.05)
(0.441666666666 0.191666666667 0.05)
(0.445833333333 0.195833333334 0.05)
(0.445833333333 0.204166666667 0.05)
(0.441666666666 0.208333333334 0.05)
(0.441666666666 0.216666666667 0.05)
(0.445833333333 0.220833333334 0.05)
(0.445833333333 0.229166666667 0.05)
(0.441666666666 0.233333333334 0.05)
(0.441666666666 0.241666666667 0.05)
(0.445833333333 0.245833333334 0.05)
(0.445833333333 0.254166666667 0.05)
(0.441666666666 0.258333333334 0.05)
(0.441666666666 0.266666666667 0.05)
(0.445833333333 0.270833333334 0.05)
(0.445833333333 0.279166666667 0.05)
(0.441666666666 0.283333333334 0.05)
(0.441666666666 0.291666666667 0.05)
(0.445833333333 0.295833333334 0.05)
(0.445833333333 0.304166666667 0.05)
(0.441666666666 0.308333333334 0.05)
(0.441666666666 0.316666666667 0.05)
(0.445833333333 0.320833333334 0.05)
(0.445833333333 0.329166666667 0.05)
(0.441666666667 0.333333333334 0.05)
(0.441666666667 0.341666666667 0.05)
(0.445833333333 0.345833333334 0.05)
(0.445833333333 0.354166666667 0.05)
(0.441666666667 0.358333333334 0.05)
(0.441666666667 0.366666666667 0.05)
(0.445833333333 0.370833333334 0.05)
(0.445833333333 0.379166666667 0.05)
(0.441666666667 0.383333333334 0.05)
(0.441666666667 0.391666666667 0.05)
(0.445833333333 0.395833333334 0.05)
(0.445833333333 0.404166666667 0.05)
(0.441666666667 0.408333333334 0.05)
(0.441666666667 0.416666666667 0.05)
(0.445833333333 0.420833333334 0.05)
(0.445833333333 0.429166666667 0.05)
(0.441666666667 0.433333333334 0.05)
(0.441666666667 0.441666666667 0.05)
(0.445833333334 0.445833333334 0.05)
(0.445833333334 0.454166666667 0.05)
(0.441666666667 0.458333333334 0.05)
(0.441666666667 0.466666666667 0.05)
(0.445833333334 0.470833333334 0.05)
(0.445833333334 0.479166666667 0.05)
(0.441666666667 0.483333333334 0.05)
(0.441666666667 0.491666666667 0.05)
(0.445833333334 0.495833333334 0.05)
(0.445833333334 0.504166666667 0.05)
(0.441666666667 0.508333333334 0.05)
(0.441666666667 0.516666666667 0.05)
(0.445833333334 0.520833333334 0.05)
(0.445833333334 0.529166666667 0.05)
(0.441666666667 0.533333333334 0.05)
(0.441666666667 0.541666666667 0.05)
(0.445833333334 0.545833333334 0.05)
(0.445833333334 0.554166666667 0.05)
(0.441666666667 0.558333333334 0.05)
(0.441666666667 0.566666666667 0.05)
(0.445833333334 0.570833333334 0.05)
(0.445833333334 0.579166666667 0.05)
(0.441666666667 0.583333333334 0.05)
(0.441666666667 0.591666666667 0.05)
(0.445833333334 0.595833333334 0.05)
(0.445833333334 0.604166666667 0.05)
(0.441666666667 0.608333333334 0.05)
(0.441666666667 0.616666666667 0.05)
(0.445833333334 0.620833333334 0.05)
(0.445833333334 0.629166666667 0.05)
(0.441666666667 0.633333333334 0.05)
(0.441666666667 0.641666666667 0.05)
(0.445833333334 0.645833333334 0.05)
(0.445833333334 0.654166666667 0.05)
(0.441666666667 0.658333333333 0.05)
(0.441666666668 0.666666666667 0.05)
(0.445833333334 0.670833333333 0.05)
(0.445833333334 0.679166666667 0.05)
(0.441666666668 0.683333333333 0.05)
(0.441666666668 0.691666666667 0.05)
(0.445833333334 0.695833333333 0.05)
(0.445833333334 0.704166666667 0.05)
(0.441666666668 0.708333333333 0.05)
(0.441666666668 0.716666666667 0.05)
(0.445833333334 0.720833333333 0.05)
(0.445833333334 0.729166666667 0.05)
(0.441666666668 0.733333333333 0.05)
(0.441666666668 0.741666666667 0.05)
(0.445833333334 0.745833333333 0.05)
(0.445833333334 0.754166666667 0.05)
(0.441666666668 0.758333333333 0.05)
(0.441666666668 0.766666666667 0.05)
(0.445833333334 0.770833333333 0.05)
(0.445833333335 0.779166666666 0.05)
(0.441666666668 0.783333333333 0.05)
(0.441666666668 0.791666666666 0.05)
(0.445833333335 0.795833333333 0.05)
(0.445833333335 0.804166666666 0.05)
(0.441666666668 0.808333333333 0.05)
(0.441666666668 0.816666666666 0.05)
(0.445833333335 0.820833333333 0.05)
(0.445833333335 0.829166666666 0.05)
(0.441666666668 0.833333333333 0.05)
(0.441666666668 0.841666666666 0.05)
(0.445833333335 0.845833333333 0.05)
(0.445833333335 0.854166666666 0.05)
(0.441666666668 0.858333333333 0.05)
(0.441666666668 0.866666666666 0.05)
(0.445833333335 0.870833333333 0.05)
(0.445833333335 0.879166666666 0.05)
(0.441666666668 0.883333333333 0.05)
(0.441666666668 0.891666666666 0.05)
(0.445833333335 0.895833333333 0.05)
(0.445833333335 0.904166666666 0.05)
(0.441666666668 0.908333333333 0.05)
(0.441666666668 0.916666666666 0.05)
(0.445833333335 0.920833333333 0.05)
(0.445833333335 0.929166666666 0.05)
(0.441666666668 0.933333333333 0.05)
(0.441666666668 0.941666666666 0.05)
(0.445833333335 0.945833333333 0.05)
(0.445833333335 0.954166666667 0.05)
(0.441666666668 0.958333333333 0.05)
(0.441666666668 0.966666666667 0.05)
(0.445833333335 0.970833333333 0.05)
(0.445833333335 0.979166666667 0.05)
(0.441666666668 0.983333333333 0.05)
(0.441666666668 0.991666666667 0.05)
(0.445833333335 0.995833333333 0.05)
(0.454166666665 0.00416666666667 0.05)
(0.458333333332 0.00833333333335 0.05)
(0.458333333332 0.0166666666667 0.05)
(0.454166666666 0.0208333333334 0.05)
(0.454166666666 0.0291666666667 0.05)
(0.458333333332 0.0333333333334 0.05)
(0.458333333332 0.0416666666667 0.05)
(0.454166666666 0.0458333333334 0.05)
(0.454166666666 0.0541666666667 0.05)
(0.458333333332 0.0583333333334 0.05)
(0.458333333332 0.0666666666668 0.05)
(0.454166666666 0.0708333333334 0.05)
(0.454166666666 0.0791666666668 0.05)
(0.458333333332 0.0833333333334 0.05)
(0.458333333332 0.0916666666668 0.05)
(0.454166666666 0.0958333333335 0.05)
(0.454166666666 0.104166666667 0.05)
(0.458333333332 0.108333333333 0.05)
(0.458333333332 0.116666666667 0.05)
(0.454166666666 0.120833333334 0.05)
(0.454166666666 0.129166666667 0.05)
(0.458333333333 0.133333333334 0.05)
(0.458333333333 0.141666666667 0.05)
(0.454166666666 0.145833333334 0.05)
(0.454166666666 0.154166666667 0.05)
(0.458333333333 0.158333333334 0.05)
(0.458333333333 0.166666666667 0.05)
(0.454166666666 0.170833333334 0.05)
(0.454166666666 0.179166666667 0.05)
(0.458333333333 0.183333333334 0.05)
(0.458333333333 0.191666666667 0.05)
(0.454166666666 0.195833333334 0.05)
(0.454166666666 0.204166666667 0.05)
(0.458333333333 0.208333333334 0.05)
(0.458333333333 0.216666666667 0.05)
(0.454166666666 0.220833333334 0.05)
(0.454166666666 0.229166666667 0.05)
(0.458333333333 0.233333333334 0.05)
(0.458333333333 0.241666666667 0.05)
(0.454166666666 0.245833333334 0.05)
(0.454166666666 0.254166666667 0.05)
(0.458333333333 0.258333333334 0.05)
(0.458333333333 0.266666666667 0.05)
(0.454166666666 0.270833333334 0.05)
(0.454166666666 0.279166666667 0.05)
(0.458333333333 0.283333333334 0.05)
(0.458333333333 0.291666666667 0.05)
(0.454166666666 0.295833333334 0.05)
(0.454166666666 0.304166666667 0.05)
(0.458333333333 0.308333333334 0.05)
(0.458333333333 0.316666666667 0.05)
(0.454166666666 0.320833333334 0.05)
(0.454166666666 0.329166666667 0.05)
(0.458333333333 0.333333333334 0.05)
(0.458333333333 0.341666666667 0.05)
(0.454166666667 0.345833333334 0.05)
(0.454166666667 0.354166666667 0.05)
(0.458333333333 0.358333333334 0.05)
(0.458333333333 0.366666666667 0.05)
(0.454166666667 0.370833333334 0.05)
(0.454166666667 0.379166666667 0.05)
(0.458333333333 0.383333333334 0.05)
(0.458333333333 0.391666666667 0.05)
(0.454166666667 0.395833333334 0.05)
(0.454166666667 0.404166666667 0.05)
(0.458333333333 0.408333333334 0.05)
(0.458333333333 0.416666666667 0.05)
(0.454166666667 0.420833333334 0.05)
(0.454166666667 0.429166666667 0.05)
(0.458333333333 0.433333333334 0.05)
(0.458333333334 0.441666666667 0.05)
(0.454166666667 0.445833333334 0.05)
(0.454166666667 0.454166666667 0.05)
(0.458333333334 0.458333333334 0.05)
(0.458333333334 0.466666666667 0.05)
(0.454166666667 0.470833333334 0.05)
(0.454166666667 0.479166666667 0.05)
(0.458333333334 0.483333333334 0.05)
(0.458333333334 0.491666666667 0.05)
(0.454166666667 0.495833333334 0.05)
(0.454166666667 0.504166666667 0.05)
(0.458333333334 0.508333333334 0.05)
(0.458333333334 0.516666666667 0.05)
(0.454166666667 0.520833333334 0.05)
(0.454166666667 0.529166666667 0.05)
(0.458333333334 0.533333333334 0.05)
(0.458333333334 0.541666666667 0.05)
(0.454166666667 0.545833333334 0.05)
(0.454166666667 0.554166666667 0.05)
(0.458333333334 0.558333333334 0.05)
(0.458333333334 0.566666666667 0.05)
(0.454166666667 0.570833333334 0.05)
(0.454166666667 0.579166666667 0.05)
(0.458333333334 0.583333333334 0.05)
(0.458333333334 0.591666666667 0.05)
(0.454166666667 0.595833333334 0.05)
(0.454166666667 0.604166666667 0.05)
(0.458333333334 0.608333333334 0.05)
(0.458333333334 0.616666666667 0.05)
(0.454166666667 0.620833333334 0.05)
(0.454166666667 0.629166666667 0.05)
(0.458333333334 0.633333333334 0.05)
(0.458333333334 0.641666666667 0.05)
(0.454166666667 0.645833333333 0.05)
(0.454166666667 0.654166666667 0.05)
(0.458333333334 0.658333333333 0.05)
(0.458333333334 0.666666666667 0.05)
(0.454166666668 0.670833333333 0.05)
(0.454166666668 0.679166666667 0.05)
(0.458333333334 0.683333333333 0.05)
(0.458333333334 0.691666666667 0.05)
(0.454166666668 0.695833333333 0.05)
(0.454166666668 0.704166666667 0.05)
(0.458333333334 0.708333333333 0.05)
(0.458333333334 0.716666666667 0.05)
(0.454166666668 0.720833333333 0.05)
(0.454166666668 0.729166666667 0.05)
(0.458333333334 0.733333333333 0.05)
(0.458333333334 0.741666666667 0.05)
(0.454166666668 0.745833333333 0.05)
(0.454166666668 0.754166666667 0.05)
(0.458333333334 0.758333333333 0.05)
(0.458333333335 0.766666666667 0.05)
(0.454166666668 0.770833333333 0.05)
(0.454166666668 0.779166666666 0.05)
(0.458333333335 0.783333333333 0.05)
(0.458333333335 0.791666666666 0.05)
(0.454166666668 0.795833333333 0.05)
(0.454166666668 0.804166666666 0.05)
(0.458333333335 0.808333333333 0.05)
(0.458333333335 0.816666666666 0.05)
(0.454166666668 0.820833333333 0.05)
(0.454166666668 0.829166666666 0.05)
(0.458333333335 0.833333333333 0.05)
(0.458333333335 0.841666666666 0.05)
(0.454166666668 0.845833333333 0.05)
(0.454166666668 0.854166666666 0.05)
(0.458333333335 0.858333333333 0.05)
(0.458333333335 0.866666666666 0.05)
(0.454166666668 0.870833333333 0.05)
(0.454166666668 0.879166666666 0.05)
(0.458333333335 0.883333333333 0.05)
(0.458333333335 0.891666666666 0.05)
(0.454166666668 0.895833333333 0.05)
(0.454166666668 0.904166666666 0.05)
(0.458333333335 0.908333333333 0.05)
(0.458333333335 0.916666666666 0.05)
(0.454166666668 0.920833333333 0.05)
(0.454166666668 0.929166666666 0.05)
(0.458333333335 0.933333333333 0.05)
(0.458333333335 0.941666666666 0.05)
(0.454166666668 0.945833333333 0.05)
(0.454166666668 0.954166666667 0.05)
(0.458333333335 0.958333333333 0.05)
(0.458333333335 0.966666666667 0.05)
(0.454166666668 0.970833333333 0.05)
(0.454166666668 0.979166666667 0.05)
(0.458333333335 0.983333333333 0.05)
(0.458333333335 0.991666666667 0.05)
(0.454166666669 0.995833333333 0.05)
(0.470833333332 0.00416666666667 0.05)
(0.466666666665 0.00833333333334 0.05)
(0.466666666665 0.0166666666667 0.05)
(0.470833333332 0.0208333333334 0.05)
(0.470833333332 0.0291666666667 0.05)
(0.466666666666 0.0333333333334 0.05)
(0.466666666666 0.0416666666667 0.05)
(0.470833333332 0.0458333333334 0.05)
(0.470833333332 0.0541666666667 0.05)
(0.466666666666 0.0583333333334 0.05)
(0.466666666666 0.0666666666668 0.05)
(0.470833333332 0.0708333333334 0.05)
(0.470833333332 0.0791666666668 0.05)
(0.466666666666 0.0833333333334 0.05)
(0.466666666666 0.0916666666668 0.05)
(0.470833333332 0.0958333333335 0.05)
(0.470833333332 0.104166666667 0.05)
(0.466666666666 0.108333333333 0.05)
(0.466666666666 0.116666666667 0.05)
(0.470833333332 0.120833333333 0.05)
(0.470833333333 0.129166666667 0.05)
(0.466666666666 0.133333333334 0.05)
(0.466666666666 0.141666666667 0.05)
(0.470833333333 0.145833333334 0.05)
(0.470833333333 0.154166666667 0.05)
(0.466666666666 0.158333333334 0.05)
(0.466666666666 0.166666666667 0.05)
(0.470833333333 0.170833333334 0.05)
(0.470833333333 0.179166666667 0.05)
(0.466666666666 0.183333333334 0.05)
(0.466666666666 0.191666666667 0.05)
(0.470833333333 0.195833333334 0.05)
(0.470833333333 0.204166666667 0.05)
(0.466666666666 0.208333333334 0.05)
(0.466666666666 0.216666666667 0.05)
(0.470833333333 0.220833333334 0.05)
(0.470833333333 0.229166666667 0.05)
(0.466666666666 0.233333333334 0.05)
(0.466666666666 0.241666666667 0.05)
(0.470833333333 0.245833333334 0.05)
(0.470833333333 0.254166666667 0.05)
(0.466666666666 0.258333333334 0.05)
(0.466666666666 0.266666666667 0.05)
(0.470833333333 0.270833333334 0.05)
(0.470833333333 0.279166666667 0.05)
(0.466666666666 0.283333333334 0.05)
(0.466666666666 0.291666666667 0.05)
(0.470833333333 0.295833333334 0.05)
(0.470833333333 0.304166666667 0.05)
(0.466666666666 0.308333333334 0.05)
(0.466666666666 0.316666666667 0.05)
(0.470833333333 0.320833333334 0.05)
(0.470833333333 0.329166666667 0.05)
(0.466666666666 0.333333333334 0.05)
(0.466666666667 0.341666666667 0.05)
(0.470833333333 0.345833333334 0.05)
(0.470833333333 0.354166666667 0.05)
(0.466666666667 0.358333333334 0.05)
(0.466666666667 0.366666666667 0.05)
(0.470833333333 0.370833333334 0.05)
(0.470833333333 0.379166666667 0.05)
(0.466666666667 0.383333333334 0.05)
(0.466666666667 0.391666666667 0.05)
(0.470833333333 0.395833333334 0.05)
(0.470833333333 0.404166666667 0.05)
(0.466666666667 0.408333333334 0.05)
(0.466666666667 0.416666666667 0.05)
(0.470833333333 0.420833333334 0.05)
(0.470833333333 0.429166666667 0.05)
(0.466666666667 0.433333333334 0.05)
(0.466666666667 0.441666666667 0.05)
(0.470833333334 0.445833333334 0.05)
(0.470833333334 0.454166666667 0.05)
(0.466666666667 0.458333333334 0.05)
(0.466666666667 0.466666666667 0.05)
(0.470833333334 0.470833333334 0.05)
(0.470833333334 0.479166666667 0.05)
(0.466666666667 0.483333333334 0.05)
(0.466666666667 0.491666666667 0.05)
(0.470833333334 0.495833333334 0.05)
(0.470833333334 0.504166666667 0.05)
(0.466666666667 0.508333333334 0.05)
(0.466666666667 0.516666666667 0.05)
(0.470833333334 0.520833333334 0.05)
(0.470833333334 0.529166666667 0.05)
(0.466666666667 0.533333333334 0.05)
(0.466666666667 0.541666666667 0.05)
(0.470833333334 0.545833333334 0.05)
(0.470833333334 0.554166666667 0.05)
(0.466666666667 0.558333333334 0.05)
(0.466666666667 0.566666666667 0.05)
(0.470833333334 0.570833333334 0.05)
(0.470833333334 0.579166666667 0.05)
(0.466666666667 0.583333333334 0.05)
(0.466666666667 0.591666666667 0.05)
(0.470833333334 0.595833333334 0.05)
(0.470833333334 0.604166666667 0.05)
(0.466666666667 0.608333333334 0.05)
(0.466666666667 0.616666666667 0.05)
(0.470833333334 0.620833333334 0.05)
(0.470833333334 0.629166666667 0.05)
(0.466666666667 0.633333333333 0.05)
(0.466666666667 0.641666666667 0.05)
(0.470833333334 0.645833333333 0.05)
(0.470833333334 0.654166666667 0.05)
(0.466666666668 0.658333333333 0.05)
(0.466666666668 0.666666666667 0.05)
(0.470833333334 0.670833333333 0.05)
(0.470833333334 0.679166666667 0.05)
(0.466666666668 0.683333333333 0.05)
(0.466666666668 0.691666666667 0.05)
(0.470833333334 0.695833333333 0.05)
(0.470833333334 0.704166666667 0.05)
(0.466666666668 0.708333333333 0.05)
(0.466666666668 0.716666666667 0.05)
(0.470833333334 0.720833333333 0.05)
(0.470833333334 0.729166666667 0.05)
(0.466666666668 0.733333333333 0.05)
(0.466666666668 0.741666666667 0.05)
(0.470833333334 0.745833333333 0.05)
(0.470833333335 0.754166666667 0.05)
(0.466666666668 0.758333333333 0.05)
(0.466666666668 0.766666666667 0.05)
(0.470833333335 0.770833333333 0.05)
(0.470833333335 0.779166666666 0.05)
(0.466666666668 0.783333333333 0.05)
(0.466666666668 0.791666666666 0.05)
(0.470833333335 0.795833333333 0.05)
(0.470833333335 0.804166666666 0.05)
(0.466666666668 0.808333333333 0.05)
(0.466666666668 0.816666666666 0.05)
(0.470833333335 0.820833333333 0.05)
(0.470833333335 0.829166666666 0.05)
(0.466666666668 0.833333333333 0.05)
(0.466666666668 0.841666666666 0.05)
(0.470833333335 0.845833333333 0.05)
(0.470833333335 0.854166666666 0.05)
(0.466666666668 0.858333333333 0.05)
(0.466666666668 0.866666666666 0.05)
(0.470833333335 0.870833333333 0.05)
(0.470833333335 0.879166666666 0.05)
(0.466666666668 0.883333333333 0.05)
(0.466666666668 0.891666666666 0.05)
(0.470833333335 0.895833333333 0.05)
(0.470833333335 0.904166666666 0.05)
(0.466666666668 0.908333333333 0.05)
(0.466666666668 0.916666666666 0.05)
(0.470833333335 0.920833333333 0.05)
(0.470833333335 0.929166666666 0.05)
(0.466666666668 0.933333333333 0.05)
(0.466666666668 0.941666666666 0.05)
(0.470833333335 0.945833333333 0.05)
(0.470833333335 0.954166666667 0.05)
(0.466666666668 0.958333333333 0.05)
(0.466666666669 0.966666666667 0.05)
(0.470833333335 0.970833333333 0.05)
(0.470833333335 0.979166666667 0.05)
(0.466666666669 0.983333333333 0.05)
(0.466666666669 0.991666666667 0.05)
(0.470833333335 0.995833333333 0.05)
(0.479166666665 0.00416666666667 0.05)
(0.483333333332 0.00833333333334 0.05)
(0.483333333332 0.0166666666667 0.05)
(0.479166666665 0.0208333333334 0.05)
(0.479166666666 0.0291666666667 0.05)
(0.483333333332 0.0333333333334 0.05)
(0.483333333332 0.0416666666667 0.05)
(0.479166666666 0.0458333333334 0.05)
(0.479166666666 0.0541666666667 0.05)
(0.483333333332 0.0583333333334 0.05)
(0.483333333332 0.0666666666667 0.05)
(0.479166666666 0.0708333333334 0.05)
(0.479166666666 0.0791666666668 0.05)
(0.483333333332 0.0833333333334 0.05)
(0.483333333332 0.0916666666668 0.05)
(0.479166666666 0.0958333333335 0.05)
(0.479166666666 0.104166666667 0.05)
(0.483333333332 0.108333333333 0.05)
(0.483333333332 0.116666666667 0.05)
(0.479166666666 0.120833333333 0.05)
(0.479166666666 0.129166666667 0.05)
(0.483333333333 0.133333333333 0.05)
(0.483333333333 0.141666666667 0.05)
(0.479166666666 0.145833333334 0.05)
(0.479166666666 0.154166666667 0.05)
(0.483333333333 0.158333333334 0.05)
(0.483333333333 0.166666666667 0.05)
(0.479166666666 0.170833333334 0.05)
(0.479166666666 0.179166666667 0.05)
(0.483333333333 0.183333333334 0.05)
(0.483333333333 0.191666666667 0.05)
(0.479166666666 0.195833333334 0.05)
(0.479166666666 0.204166666667 0.05)
(0.483333333333 0.208333333334 0.05)
(0.483333333333 0.216666666667 0.05)
(0.479166666666 0.220833333334 0.05)
(0.479166666666 0.229166666667 0.05)
(0.483333333333 0.233333333334 0.05)
(0.483333333333 0.241666666667 0.05)
(0.479166666666 0.245833333334 0.05)
(0.479166666666 0.254166666667 0.05)
(0.483333333333 0.258333333334 0.05)
(0.483333333333 0.266666666667 0.05)
(0.479166666666 0.270833333334 0.05)
(0.479166666666 0.279166666667 0.05)
(0.483333333333 0.283333333334 0.05)
(0.483333333333 0.291666666667 0.05)
(0.479166666666 0.295833333334 0.05)
(0.479166666666 0.304166666667 0.05)
(0.483333333333 0.308333333334 0.05)
(0.483333333333 0.316666666667 0.05)
(0.479166666666 0.320833333334 0.05)
(0.479166666666 0.329166666667 0.05)
(0.483333333333 0.333333333334 0.05)
(0.483333333333 0.341666666667 0.05)
(0.479166666667 0.345833333334 0.05)
(0.479166666667 0.354166666667 0.05)
(0.483333333333 0.358333333334 0.05)
(0.483333333333 0.366666666667 0.05)
(0.479166666667 0.370833333334 0.05)
(0.479166666667 0.379166666667 0.05)
(0.483333333333 0.383333333334 0.05)
(0.483333333333 0.391666666667 0.05)
(0.479166666667 0.395833333334 0.05)
(0.479166666667 0.404166666667 0.05)
(0.483333333333 0.408333333334 0.05)
(0.483333333333 0.416666666667 0.05)
(0.479166666667 0.420833333334 0.05)
(0.479166666667 0.429166666667 0.05)
(0.483333333333 0.433333333334 0.05)
(0.483333333334 0.441666666667 0.05)
(0.479166666667 0.445833333334 0.05)
(0.479166666667 0.454166666667 0.05)
(0.483333333334 0.458333333334 0.05)
(0.483333333334 0.466666666667 0.05)
(0.479166666667 0.470833333334 0.05)
(0.479166666667 0.479166666667 0.05)
(0.483333333334 0.483333333334 0.05)
(0.483333333334 0.491666666667 0.05)
(0.479166666667 0.495833333334 0.05)
(0.479166666667 0.504166666667 0.05)
(0.483333333334 0.508333333334 0.05)
(0.483333333334 0.516666666667 0.05)
(0.479166666667 0.520833333334 0.05)
(0.479166666667 0.529166666667 0.05)
(0.483333333334 0.533333333334 0.05)
(0.483333333334 0.541666666667 0.05)
(0.479166666667 0.545833333334 0.05)
(0.479166666667 0.554166666667 0.05)
(0.483333333334 0.558333333334 0.05)
(0.483333333334 0.566666666667 0.05)
(0.479166666667 0.570833333334 0.05)
(0.479166666667 0.579166666667 0.05)
(0.483333333334 0.583333333334 0.05)
(0.483333333334 0.591666666667 0.05)
(0.479166666667 0.595833333334 0.05)
(0.479166666667 0.604166666667 0.05)
(0.483333333334 0.608333333334 0.05)
(0.483333333334 0.616666666667 0.05)
(0.479166666667 0.620833333334 0.05)
(0.479166666667 0.629166666667 0.05)
(0.483333333334 0.633333333333 0.05)
(0.483333333334 0.641666666667 0.05)
(0.479166666668 0.645833333333 0.05)
(0.479166666668 0.654166666667 0.05)
(0.483333333334 0.658333333333 0.05)
(0.483333333334 0.666666666667 0.05)
(0.479166666668 0.670833333333 0.05)
(0.479166666668 0.679166666667 0.05)
(0.483333333334 0.683333333333 0.05)
(0.483333333334 0.691666666667 0.05)
(0.479166666668 0.695833333333 0.05)
(0.479166666668 0.704166666667 0.05)
(0.483333333334 0.708333333333 0.05)
(0.483333333334 0.716666666667 0.05)
(0.479166666668 0.720833333333 0.05)
(0.479166666668 0.729166666667 0.05)
(0.483333333334 0.733333333333 0.05)
(0.483333333334 0.741666666667 0.05)
(0.479166666668 0.745833333333 0.05)
(0.479166666668 0.754166666667 0.05)
(0.483333333335 0.758333333333 0.05)
(0.483333333335 0.766666666666 0.05)
(0.479166666668 0.770833333333 0.05)
(0.479166666668 0.779166666666 0.05)
(0.483333333335 0.783333333333 0.05)
(0.483333333335 0.791666666666 0.05)
(0.479166666668 0.795833333333 0.05)
(0.479166666668 0.804166666666 0.05)
(0.483333333335 0.808333333333 0.05)
(0.483333333335 0.816666666666 0.05)
(0.479166666668 0.820833333333 0.05)
(0.479166666668 0.829166666666 0.05)
(0.483333333335 0.833333333333 0.05)
(0.483333333335 0.841666666666 0.05)
(0.479166666668 0.845833333333 0.05)
(0.479166666668 0.854166666666 0.05)
(0.483333333335 0.858333333333 0.05)
(0.483333333335 0.866666666666 0.05)
(0.479166666668 0.870833333333 0.05)
(0.479166666668 0.879166666666 0.05)
(0.483333333335 0.883333333333 0.05)
(0.483333333335 0.891666666666 0.05)
(0.479166666668 0.895833333333 0.05)
(0.479166666668 0.904166666666 0.05)
(0.483333333335 0.908333333333 0.05)
(0.483333333335 0.916666666666 0.05)
(0.479166666668 0.920833333333 0.05)
(0.479166666668 0.929166666666 0.05)
(0.483333333335 0.933333333333 0.05)
(0.483333333335 0.941666666666 0.05)
(0.479166666668 0.945833333333 0.05)
(0.479166666669 0.954166666667 0.05)
(0.483333333335 0.958333333333 0.05)
(0.483333333335 0.966666666667 0.05)
(0.479166666669 0.970833333333 0.05)
(0.479166666669 0.979166666667 0.05)
(0.483333333335 0.983333333333 0.05)
(0.483333333335 0.991666666667 0.05)
(0.479166666669 0.995833333333 0.05)
(0.495833333332 0.00416666666667 0.05)
(0.491666666665 0.00833333333334 0.05)
(0.491666666665 0.0166666666667 0.05)
(0.495833333332 0.0208333333334 0.05)
(0.495833333332 0.0291666666667 0.05)
(0.491666666665 0.0333333333334 0.05)
(0.491666666666 0.0416666666667 0.05)
(0.495833333332 0.0458333333334 0.05)
(0.495833333332 0.0541666666667 0.05)
(0.491666666666 0.0583333333334 0.05)
(0.491666666666 0.0666666666667 0.05)
(0.495833333332 0.0708333333334 0.05)
(0.495833333332 0.0791666666668 0.05)
(0.491666666666 0.0833333333334 0.05)
(0.491666666666 0.0916666666668 0.05)
(0.495833333332 0.0958333333334 0.05)
(0.495833333332 0.104166666667 0.05)
(0.491666666666 0.108333333333 0.05)
(0.491666666666 0.116666666667 0.05)
(0.495833333332 0.120833333333 0.05)
(0.495833333332 0.129166666667 0.05)
(0.491666666666 0.133333333333 0.05)
(0.491666666666 0.141666666667 0.05)
(0.495833333333 0.145833333333 0.05)
(0.495833333333 0.154166666667 0.05)
(0.491666666666 0.158333333334 0.05)
(0.491666666666 0.166666666667 0.05)
(0.495833333333 0.170833333334 0.05)
(0.495833333333 0.179166666667 0.05)
(0.491666666666 0.183333333334 0.05)
(0.491666666666 0.191666666667 0.05)
(0.495833333333 0.195833333334 0.05)
(0.495833333333 0.204166666667 0.05)
(0.491666666666 0.208333333334 0.05)
(0.491666666666 0.216666666667 0.05)
(0.495833333333 0.220833333334 0.05)
(0.495833333333 0.229166666667 0.05)
(0.491666666666 0.233333333334 0.05)
(0.491666666666 0.241666666667 0.05)
(0.495833333333 0.245833333334 0.05)
(0.495833333333 0.254166666667 0.05)
(0.491666666666 0.258333333334 0.05)
(0.491666666666 0.266666666667 0.05)
(0.495833333333 0.270833333334 0.05)
(0.495833333333 0.279166666667 0.05)
(0.491666666666 0.283333333334 0.05)
(0.491666666666 0.291666666667 0.05)
(0.495833333333 0.295833333334 0.05)
(0.495833333333 0.304166666667 0.05)
(0.491666666666 0.308333333334 0.05)
(0.491666666666 0.316666666667 0.05)
(0.495833333333 0.320833333334 0.05)
(0.495833333333 0.329166666667 0.05)
(0.491666666666 0.333333333334 0.05)
(0.491666666667 0.341666666667 0.05)
(0.495833333333 0.345833333334 0.05)
(0.495833333333 0.354166666667 0.05)
(0.491666666667 0.358333333334 0.05)
(0.491666666667 0.366666666667 0.05)
(0.495833333333 0.370833333334 0.05)
(0.495833333333 0.379166666667 0.05)
(0.491666666667 0.383333333334 0.05)
(0.491666666667 0.391666666667 0.05)
(0.495833333333 0.395833333334 0.05)
(0.495833333333 0.404166666667 0.05)
(0.491666666667 0.408333333334 0.05)
(0.491666666667 0.416666666667 0.05)
(0.495833333333 0.420833333334 0.05)
(0.495833333333 0.429166666667 0.05)
(0.491666666667 0.433333333334 0.05)
(0.491666666667 0.441666666667 0.05)
(0.495833333334 0.445833333334 0.05)
(0.495833333334 0.454166666667 0.05)
(0.491666666667 0.458333333334 0.05)
(0.491666666667 0.466666666667 0.05)
(0.495833333334 0.470833333334 0.05)
(0.495833333334 0.479166666667 0.05)
(0.491666666667 0.483333333334 0.05)
(0.491666666667 0.491666666667 0.05)
(0.495833333334 0.495833333334 0.05)
(0.495833333334 0.504166666667 0.05)
(0.491666666667 0.508333333334 0.05)
(0.491666666667 0.516666666667 0.05)
(0.495833333334 0.520833333334 0.05)
(0.495833333334 0.529166666667 0.05)
(0.491666666667 0.533333333334 0.05)
(0.491666666667 0.541666666667 0.05)
(0.495833333334 0.545833333334 0.05)
(0.495833333334 0.554166666667 0.05)
(0.491666666667 0.558333333334 0.05)
(0.491666666667 0.566666666667 0.05)
(0.495833333334 0.570833333334 0.05)
(0.495833333334 0.579166666667 0.05)
(0.491666666667 0.583333333334 0.05)
(0.491666666667 0.591666666667 0.05)
(0.495833333334 0.595833333334 0.05)
(0.495833333334 0.604166666667 0.05)
(0.491666666667 0.608333333334 0.05)
(0.491666666667 0.616666666667 0.05)
(0.495833333334 0.620833333333 0.05)
(0.495833333334 0.629166666667 0.05)
(0.491666666667 0.633333333333 0.05)
(0.491666666668 0.641666666667 0.05)
(0.495833333334 0.645833333333 0.05)
(0.495833333334 0.654166666667 0.05)
(0.491666666668 0.658333333333 0.05)
(0.491666666668 0.666666666667 0.05)
(0.495833333334 0.670833333333 0.05)
(0.495833333334 0.679166666667 0.05)
(0.491666666668 0.683333333333 0.05)
(0.491666666668 0.691666666667 0.05)
(0.495833333334 0.695833333333 0.05)
(0.495833333334 0.704166666667 0.05)
(0.491666666668 0.708333333333 0.05)
(0.491666666668 0.716666666667 0.05)
(0.495833333334 0.720833333333 0.05)
(0.495833333334 0.729166666667 0.05)
(0.491666666668 0.733333333333 0.05)
(0.491666666668 0.741666666667 0.05)
(0.495833333335 0.745833333333 0.05)
(0.495833333335 0.754166666667 0.05)
(0.491666666668 0.758333333333 0.05)
(0.491666666668 0.766666666666 0.05)
(0.495833333335 0.770833333333 0.05)
(0.495833333335 0.779166666666 0.05)
(0.491666666668 0.783333333333 0.05)
(0.491666666668 0.791666666666 0.05)
(0.495833333335 0.795833333333 0.05)
(0.495833333335 0.804166666666 0.05)
(0.491666666668 0.808333333333 0.05)
(0.491666666668 0.816666666666 0.05)
(0.495833333335 0.820833333333 0.05)
(0.495833333335 0.829166666666 0.05)
(0.491666666668 0.833333333333 0.05)
(0.491666666668 0.841666666666 0.05)
(0.495833333335 0.845833333333 0.05)
(0.495833333335 0.854166666666 0.05)
(0.491666666668 0.858333333333 0.05)
(0.491666666668 0.866666666666 0.05)
(0.495833333335 0.870833333333 0.05)
(0.495833333335 0.879166666666 0.05)
(0.491666666668 0.883333333333 0.05)
(0.491666666668 0.891666666666 0.05)
(0.495833333335 0.895833333333 0.05)
(0.495833333335 0.904166666666 0.05)
(0.491666666668 0.908333333333 0.05)
(0.491666666668 0.916666666666 0.05)
(0.495833333335 0.920833333333 0.05)
(0.495833333335 0.929166666666 0.05)
(0.491666666668 0.933333333333 0.05)
(0.491666666669 0.941666666666 0.05)
(0.495833333335 0.945833333333 0.05)
(0.495833333335 0.954166666667 0.05)
(0.491666666669 0.958333333333 0.05)
(0.491666666669 0.966666666667 0.05)
(0.495833333335 0.970833333333 0.05)
(0.495833333335 0.979166666667 0.05)
(0.491666666669 0.983333333333 0.05)
(0.491666666669 0.991666666667 0.05)
(0.495833333335 0.995833333333 0.05)
(0.504166666665 0.00416666666667 0.05)
(0.508333333332 0.00833333333334 0.05)
(0.508333333332 0.0166666666667 0.05)
(0.504166666665 0.0208333333334 0.05)
(0.504166666665 0.0291666666667 0.05)
(0.508333333332 0.0333333333334 0.05)
(0.508333333332 0.0416666666667 0.05)
(0.504166666666 0.0458333333334 0.05)
(0.504166666666 0.0541666666667 0.05)
(0.508333333332 0.0583333333334 0.05)
(0.508333333332 0.0666666666667 0.05)
(0.504166666666 0.0708333333334 0.05)
(0.504166666666 0.0791666666668 0.05)
(0.508333333332 0.0833333333334 0.05)
(0.508333333332 0.0916666666668 0.05)
(0.504166666666 0.0958333333334 0.05)
(0.504166666666 0.104166666667 0.05)
(0.508333333332 0.108333333333 0.05)
(0.508333333332 0.116666666667 0.05)
(0.504166666666 0.120833333333 0.05)
(0.504166666666 0.129166666667 0.05)
(0.508333333332 0.133333333333 0.05)
(0.508333333333 0.141666666667 0.05)
(0.504166666666 0.145833333333 0.05)
(0.504166666666 0.154166666667 0.05)
(0.508333333333 0.158333333333 0.05)
(0.508333333333 0.166666666667 0.05)
(0.504166666666 0.170833333334 0.05)
(0.504166666666 0.179166666667 0.05)
(0.508333333333 0.183333333334 0.05)
(0.508333333333 0.191666666667 0.05)
(0.504166666666 0.195833333334 0.05)
(0.504166666666 0.204166666667 0.05)
(0.508333333333 0.208333333334 0.05)
(0.508333333333 0.216666666667 0.05)
(0.504166666666 0.220833333334 0.05)
(0.504166666666 0.229166666667 0.05)
(0.508333333333 0.233333333334 0.05)
(0.508333333333 0.241666666667 0.05)
(0.504166666666 0.245833333334 0.05)
(0.504166666666 0.254166666667 0.05)
(0.508333333333 0.258333333334 0.05)
(0.508333333333 0.266666666667 0.05)
(0.504166666666 0.270833333334 0.05)
(0.504166666666 0.279166666667 0.05)
(0.508333333333 0.283333333334 0.05)
(0.508333333333 0.291666666667 0.05)
(0.504166666666 0.295833333334 0.05)
(0.504166666666 0.304166666667 0.05)
(0.508333333333 0.308333333334 0.05)
(0.508333333333 0.316666666667 0.05)
(0.504166666666 0.320833333334 0.05)
(0.504166666666 0.329166666667 0.05)
(0.508333333333 0.333333333334 0.05)
(0.508333333333 0.341666666667 0.05)
(0.504166666667 0.345833333334 0.05)
(0.504166666667 0.354166666667 0.05)
(0.508333333333 0.358333333334 0.05)
(0.508333333333 0.366666666667 0.05)
(0.504166666667 0.370833333334 0.05)
(0.504166666667 0.379166666667 0.05)
(0.508333333333 0.383333333334 0.05)
(0.508333333333 0.391666666667 0.05)
(0.504166666667 0.395833333334 0.05)
(0.504166666667 0.404166666667 0.05)
(0.508333333333 0.408333333334 0.05)
(0.508333333333 0.416666666667 0.05)
(0.504166666667 0.420833333334 0.05)
(0.504166666667 0.429166666667 0.05)
(0.508333333333 0.433333333334 0.05)
(0.508333333334 0.441666666667 0.05)
(0.504166666667 0.445833333334 0.05)
(0.504166666667 0.454166666667 0.05)
(0.508333333334 0.458333333334 0.05)
(0.508333333334 0.466666666667 0.05)
(0.504166666667 0.470833333334 0.05)
(0.504166666667 0.479166666667 0.05)
(0.508333333334 0.483333333334 0.05)
(0.508333333334 0.491666666667 0.05)
(0.504166666667 0.495833333334 0.05)
(0.504166666667 0.504166666667 0.05)
(0.508333333334 0.508333333334 0.05)
(0.508333333334 0.516666666667 0.05)
(0.504166666667 0.520833333334 0.05)
(0.504166666667 0.529166666667 0.05)
(0.508333333334 0.533333333334 0.05)
(0.508333333334 0.541666666667 0.05)
(0.504166666667 0.545833333334 0.05)
(0.504166666667 0.554166666667 0.05)
(0.508333333334 0.558333333334 0.05)
(0.508333333334 0.566666666667 0.05)
(0.504166666667 0.570833333334 0.05)
(0.504166666667 0.579166666667 0.05)
(0.508333333334 0.583333333334 0.05)
(0.508333333334 0.591666666667 0.05)
(0.504166666667 0.595833333333 0.05)
(0.504166666667 0.604166666667 0.05)
(0.508333333334 0.608333333333 0.05)
(0.508333333334 0.616666666667 0.05)
(0.504166666667 0.620833333333 0.05)
(0.504166666667 0.629166666667 0.05)
(0.508333333334 0.633333333333 0.05)
(0.508333333334 0.641666666667 0.05)
(0.504166666668 0.645833333333 0.05)
(0.504166666668 0.654166666667 0.05)
(0.508333333334 0.658333333333 0.05)
(0.508333333334 0.666666666667 0.05)
(0.504166666668 0.670833333333 0.05)
(0.504166666668 0.679166666667 0.05)
(0.508333333334 0.683333333333 0.05)
(0.508333333334 0.691666666667 0.05)
(0.504166666668 0.695833333333 0.05)
(0.504166666668 0.704166666667 0.05)
(0.508333333334 0.708333333333 0.05)
(0.508333333334 0.716666666667 0.05)
(0.504166666668 0.720833333333 0.05)
(0.504166666668 0.729166666667 0.05)
(0.508333333334 0.733333333333 0.05)
(0.508333333334 0.741666666667 0.05)
(0.504166666668 0.745833333333 0.05)
(0.504166666668 0.754166666666 0.05)
(0.508333333335 0.758333333333 0.05)
(0.508333333335 0.766666666666 0.05)
(0.504166666668 0.770833333333 0.05)
(0.504166666668 0.779166666666 0.05)
(0.508333333335 0.783333333333 0.05)
(0.508333333335 0.791666666666 0.05)
(0.504166666668 0.795833333333 0.05)
(0.504166666668 0.804166666666 0.05)
(0.508333333335 0.808333333333 0.05)
(0.508333333335 0.816666666666 0.05)
(0.504166666668 0.820833333333 0.05)
(0.504166666668 0.829166666666 0.05)
(0.508333333335 0.833333333333 0.05)
(0.508333333335 0.841666666666 0.05)
(0.504166666668 0.845833333333 0.05)
(0.504166666668 0.854166666666 0.05)
(0.508333333335 0.858333333333 0.05)
(0.508333333335 0.866666666666 0.05)
(0.504166666668 0.870833333333 0.05)
(0.504166666668 0.879166666666 0.05)
(0.508333333335 0.883333333333 0.05)
(0.508333333335 0.891666666666 0.05)
(0.504166666668 0.895833333333 0.05)
(0.504166666668 0.904166666666 0.05)
(0.508333333335 0.908333333333 0.05)
(0.508333333335 0.916666666666 0.05)
(0.504166666668 0.920833333333 0.05)
(0.504166666668 0.929166666666 0.05)
(0.508333333335 0.933333333333 0.05)
(0.508333333335 0.941666666666 0.05)
(0.504166666669 0.945833333333 0.05)
(0.504166666669 0.954166666667 0.05)
(0.508333333335 0.958333333333 0.05)
(0.508333333335 0.966666666667 0.05)
(0.504166666669 0.970833333333 0.05)
(0.504166666669 0.979166666667 0.05)
(0.508333333335 0.983333333333 0.05)
(0.508333333335 0.991666666667 0.05)
(0.504166666669 0.995833333333 0.05)
(0.520833333332 0.00416666666667 0.05)
(0.516666666665 0.00833333333334 0.05)
(0.516666666665 0.0166666666667 0.05)
(0.520833333332 0.0208333333334 0.05)
(0.520833333332 0.0291666666667 0.05)
(0.516666666665 0.0333333333334 0.05)
(0.516666666666 0.0416666666667 0.05)
(0.520833333332 0.0458333333334 0.05)
(0.520833333332 0.0541666666667 0.05)
(0.516666666666 0.0583333333334 0.05)
(0.516666666666 0.0666666666667 0.05)
(0.520833333332 0.0708333333334 0.05)
(0.520833333332 0.0791666666667 0.05)
(0.516666666666 0.0833333333334 0.05)
(0.516666666666 0.0916666666668 0.05)
(0.520833333332 0.0958333333334 0.05)
(0.520833333332 0.104166666667 0.05)
(0.516666666666 0.108333333333 0.05)
(0.516666666666 0.116666666667 0.05)
(0.520833333332 0.120833333333 0.05)
(0.520833333332 0.129166666667 0.05)
(0.516666666666 0.133333333333 0.05)
(0.516666666666 0.141666666667 0.05)
(0.520833333333 0.145833333333 0.05)
(0.520833333333 0.154166666667 0.05)
(0.516666666666 0.158333333333 0.05)
(0.516666666666 0.166666666667 0.05)
(0.520833333333 0.170833333333 0.05)
(0.520833333333 0.179166666667 0.05)
(0.516666666666 0.183333333333 0.05)
(0.516666666666 0.191666666667 0.05)
(0.520833333333 0.195833333333 0.05)
(0.520833333333 0.204166666667 0.05)
(0.516666666666 0.208333333334 0.05)
(0.516666666666 0.216666666667 0.05)
(0.520833333333 0.220833333334 0.05)
(0.520833333333 0.229166666667 0.05)
(0.516666666666 0.233333333334 0.05)
(0.516666666666 0.241666666667 0.05)
(0.520833333333 0.245833333334 0.05)
(0.520833333333 0.254166666667 0.05)
(0.516666666666 0.258333333334 0.05)
(0.516666666666 0.266666666667 0.05)
(0.520833333333 0.270833333334 0.05)
(0.520833333333 0.279166666667 0.05)
(0.516666666666 0.283333333334 0.05)
(0.516666666666 0.291666666667 0.05)
(0.520833333333 0.295833333334 0.05)
(0.520833333333 0.304166666667 0.05)
(0.516666666666 0.308333333334 0.05)
(0.516666666666 0.316666666667 0.05)
(0.520833333333 0.320833333334 0.05)
(0.520833333333 0.329166666667 0.05)
(0.516666666666 0.333333333334 0.05)
(0.516666666666 0.341666666667 0.05)
(0.520833333333 0.345833333334 0.05)
(0.520833333333 0.354166666667 0.05)
(0.516666666667 0.358333333334 0.05)
(0.516666666667 0.366666666667 0.05)
(0.520833333333 0.370833333334 0.05)
(0.520833333333 0.379166666667 0.05)
(0.516666666667 0.383333333334 0.05)
(0.516666666667 0.391666666667 0.05)
(0.520833333333 0.395833333334 0.05)
(0.520833333333 0.404166666667 0.05)
(0.516666666667 0.408333333334 0.05)
(0.516666666667 0.416666666667 0.05)
(0.520833333333 0.420833333334 0.05)
(0.520833333333 0.429166666667 0.05)
(0.516666666667 0.433333333334 0.05)
(0.516666666667 0.441666666667 0.05)
(0.520833333333 0.445833333334 0.05)
(0.520833333334 0.454166666667 0.05)
(0.516666666667 0.458333333334 0.05)
(0.516666666667 0.466666666667 0.05)
(0.520833333334 0.470833333334 0.05)
(0.520833333334 0.479166666667 0.05)
(0.516666666667 0.483333333334 0.05)
(0.516666666667 0.491666666667 0.05)
(0.520833333334 0.495833333334 0.05)
(0.520833333334 0.504166666667 0.05)
(0.516666666667 0.508333333334 0.05)
(0.516666666667 0.516666666667 0.05)
(0.520833333334 0.520833333334 0.05)
(0.520833333334 0.529166666667 0.05)
(0.516666666667 0.533333333334 0.05)
(0.516666666667 0.541666666667 0.05)
(0.520833333334 0.545833333334 0.05)
(0.520833333334 0.554166666667 0.05)
(0.516666666667 0.558333333334 0.05)
(0.516666666667 0.566666666667 0.05)
(0.520833333334 0.570833333334 0.05)
(0.520833333334 0.579166666667 0.05)
(0.516666666667 0.583333333333 0.05)
(0.516666666667 0.591666666667 0.05)
(0.520833333334 0.595833333333 0.05)
(0.520833333334 0.604166666667 0.05)
(0.516666666667 0.608333333333 0.05)
(0.516666666667 0.616666666667 0.05)
(0.520833333334 0.620833333333 0.05)
(0.520833333334 0.629166666667 0.05)
(0.516666666667 0.633333333333 0.05)
(0.516666666667 0.641666666667 0.05)
(0.520833333334 0.645833333333 0.05)
(0.520833333334 0.654166666667 0.05)
(0.516666666668 0.658333333333 0.05)
(0.516666666668 0.666666666667 0.05)
(0.520833333334 0.670833333333 0.05)
(0.520833333334 0.679166666667 0.05)
(0.516666666668 0.683333333333 0.05)
(0.516666666668 0.691666666667 0.05)
(0.520833333334 0.695833333333 0.05)
(0.520833333334 0.704166666667 0.05)
(0.516666666668 0.708333333333 0.05)
(0.516666666668 0.716666666667 0.05)
(0.520833333334 0.720833333333 0.05)
(0.520833333334 0.729166666667 0.05)
(0.516666666668 0.733333333333 0.05)
(0.516666666668 0.741666666667 0.05)
(0.520833333334 0.745833333333 0.05)
(0.520833333334 0.754166666666 0.05)
(0.516666666668 0.758333333333 0.05)
(0.516666666668 0.766666666666 0.05)
(0.520833333335 0.770833333333 0.05)
(0.520833333335 0.779166666666 0.05)
(0.516666666668 0.783333333333 0.05)
(0.516666666668 0.791666666666 0.05)
(0.520833333335 0.795833333333 0.05)
(0.520833333335 0.804166666666 0.05)
(0.516666666668 0.808333333333 0.05)
(0.516666666668 0.816666666666 0.05)
(0.520833333335 0.820833333333 0.05)
(0.520833333335 0.829166666666 0.05)
(0.516666666668 0.833333333333 0.05)
(0.516666666668 0.841666666666 0.05)
(0.520833333335 0.845833333333 0.05)
(0.520833333335 0.854166666666 0.05)
(0.516666666668 0.858333333333 0.05)
(0.516666666668 0.866666666666 0.05)
(0.520833333335 0.870833333333 0.05)
(0.520833333335 0.879166666666 0.05)
(0.516666666668 0.883333333333 0.05)
(0.516666666668 0.891666666666 0.05)
(0.520833333335 0.895833333333 0.05)
(0.520833333335 0.904166666666 0.05)
(0.516666666668 0.908333333333 0.05)
(0.516666666668 0.916666666666 0.05)
(0.520833333335 0.920833333333 0.05)
(0.520833333335 0.929166666666 0.05)
(0.516666666668 0.933333333333 0.05)
(0.516666666668 0.941666666666 0.05)
(0.520833333335 0.945833333333 0.05)
(0.520833333335 0.954166666667 0.05)
(0.516666666668 0.958333333333 0.05)
(0.516666666669 0.966666666667 0.05)
(0.520833333335 0.970833333333 0.05)
(0.520833333335 0.979166666667 0.05)
(0.516666666669 0.983333333333 0.05)
(0.516666666669 0.991666666667 0.05)
(0.520833333335 0.995833333333 0.05)
(0.529166666665 0.00416666666667 0.05)
(0.533333333332 0.00833333333334 0.05)
(0.533333333332 0.0166666666667 0.05)
(0.529166666665 0.0208333333334 0.05)
(0.529166666666 0.0291666666667 0.05)
(0.533333333332 0.0333333333334 0.05)
(0.533333333332 0.0416666666667 0.05)
(0.529166666666 0.0458333333334 0.05)
(0.529166666666 0.0541666666667 0.05)
(0.533333333332 0.0583333333334 0.05)
(0.533333333332 0.0666666666667 0.05)
(0.529166666666 0.0708333333334 0.05)
(0.529166666666 0.0791666666667 0.05)
(0.533333333332 0.0833333333334 0.05)
(0.533333333332 0.0916666666668 0.05)
(0.529166666666 0.0958333333334 0.05)
(0.529166666666 0.104166666667 0.05)
(0.533333333332 0.108333333333 0.05)
(0.533333333332 0.116666666667 0.05)
(0.529166666666 0.120833333333 0.05)
(0.529166666666 0.129166666667 0.05)
(0.533333333333 0.133333333333 0.05)
(0.533333333333 0.141666666667 0.05)
(0.529166666666 0.145833333333 0.05)
(0.529166666666 0.154166666667 0.05)
(0.533333333333 0.158333333333 0.05)
(0.533333333333 0.166666666667 0.05)
(0.529166666666 0.170833333333 0.05)
(0.529166666666 0.179166666667 0.05)
(0.533333333333 0.183333333333 0.05)
(0.533333333333 0.191666666667 0.05)
(0.529166666666 0.195833333333 0.05)
(0.529166666666 0.204166666667 0.05)
(0.533333333333 0.208333333333 0.05)
(0.533333333333 0.216666666667 0.05)
(0.529166666666 0.220833333333 0.05)
(0.529166666666 0.229166666667 0.05)
(0.533333333333 0.233333333333 0.05)
(0.533333333333 0.241666666667 0.05)
(0.529166666666 0.245833333334 0.05)
(0.529166666666 0.254166666667 0.05)
(0.533333333333 0.258333333334 0.05)
(0.533333333333 0.266666666667 0.05)
(0.529166666666 0.270833333334 0.05)
(0.529166666666 0.279166666667 0.05)
(0.533333333333 0.283333333334 0.05)
(0.533333333333 0.291666666667 0.05)
(0.529166666666 0.295833333334 0.05)
(0.529166666666 0.304166666667 0.05)
(0.533333333333 0.308333333334 0.05)
(0.533333333333 0.316666666667 0.05)
(0.529166666666 0.320833333334 0.05)
(0.529166666666 0.329166666667 0.05)
(0.533333333333 0.333333333334 0.05)
(0.533333333333 0.341666666667 0.05)
(0.529166666667 0.345833333334 0.05)
(0.529166666667 0.354166666667 0.05)
(0.533333333333 0.358333333334 0.05)
(0.533333333333 0.366666666667 0.05)
(0.529166666667 0.370833333334 0.05)
(0.529166666667 0.379166666667 0.05)
(0.533333333333 0.383333333334 0.05)
(0.533333333333 0.391666666667 0.05)
(0.529166666667 0.395833333334 0.05)
(0.529166666667 0.404166666667 0.05)
(0.533333333333 0.408333333334 0.05)
(0.533333333333 0.416666666667 0.05)
(0.529166666667 0.420833333334 0.05)
(0.529166666667 0.429166666667 0.05)
(0.533333333333 0.433333333334 0.05)
(0.533333333333 0.441666666667 0.05)
(0.529166666667 0.445833333334 0.05)
(0.529166666667 0.454166666667 0.05)
(0.533333333334 0.458333333334 0.05)
(0.533333333334 0.466666666667 0.05)
(0.529166666667 0.470833333334 0.05)
(0.529166666667 0.479166666667 0.05)
(0.533333333334 0.483333333334 0.05)
(0.533333333334 0.491666666667 0.05)
(0.529166666667 0.495833333334 0.05)
(0.529166666667 0.504166666667 0.05)
(0.533333333334 0.508333333334 0.05)
(0.533333333334 0.516666666667 0.05)
(0.529166666667 0.520833333334 0.05)
(0.529166666667 0.529166666667 0.05)
(0.533333333334 0.533333333334 0.05)
(0.533333333334 0.541666666667 0.05)
(0.529166666667 0.545833333334 0.05)
(0.529166666667 0.554166666667 0.05)
(0.533333333334 0.558333333333 0.05)
(0.533333333334 0.566666666667 0.05)
(0.529166666667 0.570833333333 0.05)
(0.529166666667 0.579166666667 0.05)
(0.533333333334 0.583333333333 0.05)
(0.533333333334 0.591666666667 0.05)
(0.529166666667 0.595833333333 0.05)
(0.529166666667 0.604166666667 0.05)
(0.533333333334 0.608333333333 0.05)
(0.533333333334 0.616666666667 0.05)
(0.529166666667 0.620833333333 0.05)
(0.529166666667 0.629166666667 0.05)
(0.533333333334 0.633333333333 0.05)
(0.533333333334 0.641666666667 0.05)
(0.529166666667 0.645833333333 0.05)
(0.529166666667 0.654166666667 0.05)
(0.533333333334 0.658333333333 0.05)
(0.533333333334 0.666666666667 0.05)
(0.529166666668 0.670833333333 0.05)
(0.529166666668 0.679166666667 0.05)
(0.533333333334 0.683333333333 0.05)
(0.533333333334 0.691666666667 0.05)
(0.529166666668 0.695833333333 0.05)
(0.529166666668 0.704166666667 0.05)
(0.533333333334 0.708333333333 0.05)
(0.533333333334 0.716666666667 0.05)
(0.529166666668 0.720833333333 0.05)
(0.529166666668 0.729166666667 0.05)
(0.533333333334 0.733333333333 0.05)
(0.533333333334 0.741666666666 0.05)
(0.529166666668 0.745833333333 0.05)
(0.529166666668 0.754166666666 0.05)
(0.533333333334 0.758333333333 0.05)
(0.533333333334 0.766666666666 0.05)
(0.529166666668 0.770833333333 0.05)
(0.529166666668 0.779166666666 0.05)
(0.533333333335 0.783333333333 0.05)
(0.533333333335 0.791666666666 0.05)
(0.529166666668 0.795833333333 0.05)
(0.529166666668 0.804166666666 0.05)
(0.533333333335 0.808333333333 0.05)
(0.533333333335 0.816666666666 0.05)
(0.529166666668 0.820833333333 0.05)
(0.529166666668 0.829166666666 0.05)
(0.533333333335 0.833333333333 0.05)
(0.533333333335 0.841666666666 0.05)
(0.529166666668 0.845833333333 0.05)
(0.529166666668 0.854166666666 0.05)
(0.533333333335 0.858333333333 0.05)
(0.533333333335 0.866666666666 0.05)
(0.529166666668 0.870833333333 0.05)
(0.529166666668 0.879166666666 0.05)
(0.533333333335 0.883333333333 0.05)
(0.533333333335 0.891666666666 0.05)
(0.529166666668 0.895833333333 0.05)
(0.529166666668 0.904166666666 0.05)
(0.533333333335 0.908333333333 0.05)
(0.533333333335 0.916666666666 0.05)
(0.529166666668 0.920833333333 0.05)
(0.529166666668 0.929166666666 0.05)
(0.533333333335 0.933333333333 0.05)
(0.533333333335 0.941666666666 0.05)
(0.529166666668 0.945833333333 0.05)
(0.529166666668 0.954166666667 0.05)
(0.533333333335 0.958333333333 0.05)
(0.533333333335 0.966666666667 0.05)
(0.529166666668 0.970833333333 0.05)
(0.529166666668 0.979166666667 0.05)
(0.533333333335 0.983333333333 0.05)
(0.533333333335 0.991666666667 0.05)
(0.529166666669 0.995833333333 0.05)
(0.545833333332 0.00416666666667 0.05)
(0.541666666665 0.00833333333334 0.05)
(0.541666666666 0.0166666666667 0.05)
(0.545833333332 0.0208333333334 0.05)
(0.545833333332 0.0291666666667 0.05)
(0.541666666666 0.0333333333334 0.05)
(0.541666666666 0.0416666666667 0.05)
(0.545833333332 0.0458333333334 0.05)
(0.545833333332 0.0541666666667 0.05)
(0.541666666666 0.0583333333334 0.05)
(0.541666666666 0.0666666666667 0.05)
(0.545833333332 0.0708333333334 0.05)
(0.545833333332 0.0791666666667 0.05)
(0.541666666666 0.0833333333334 0.05)
(0.541666666666 0.0916666666667 0.05)
(0.545833333332 0.0958333333334 0.05)
(0.545833333332 0.104166666667 0.05)
(0.541666666666 0.108333333333 0.05)
(0.541666666666 0.116666666667 0.05)
(0.545833333332 0.120833333333 0.05)
(0.545833333333 0.129166666667 0.05)
(0.541666666666 0.133333333333 0.05)
(0.541666666666 0.141666666667 0.05)
(0.545833333333 0.145833333333 0.05)
(0.545833333333 0.154166666667 0.05)
(0.541666666666 0.158333333333 0.05)
(0.541666666666 0.166666666667 0.05)
(0.545833333333 0.170833333333 0.05)
(0.545833333333 0.179166666667 0.05)
(0.541666666666 0.183333333333 0.05)
(0.541666666666 0.191666666667 0.05)
(0.545833333333 0.195833333333 0.05)
(0.545833333333 0.204166666667 0.05)
(0.541666666666 0.208333333333 0.05)
(0.541666666666 0.216666666667 0.05)
(0.545833333333 0.220833333333 0.05)
(0.545833333333 0.229166666667 0.05)
(0.541666666666 0.233333333333 0.05)
(0.541666666666 0.241666666667 0.05)
(0.545833333333 0.245833333333 0.05)
(0.545833333333 0.254166666667 0.05)
(0.541666666666 0.258333333333 0.05)
(0.541666666666 0.266666666667 0.05)
(0.545833333333 0.270833333333 0.05)
(0.545833333333 0.279166666667 0.05)
(0.541666666666 0.283333333334 0.05)
(0.541666666666 0.291666666667 0.05)
(0.545833333333 0.295833333333 0.05)
(0.545833333333 0.304166666667 0.05)
(0.541666666666 0.308333333334 0.05)
(0.541666666666 0.316666666667 0.05)
(0.545833333333 0.320833333334 0.05)
(0.545833333333 0.329166666667 0.05)
(0.541666666666 0.333333333334 0.05)
(0.541666666666 0.341666666667 0.05)
(0.545833333333 0.345833333334 0.05)
(0.545833333333 0.354166666667 0.05)
(0.541666666667 0.358333333334 0.05)
(0.541666666667 0.366666666667 0.05)
(0.545833333333 0.370833333334 0.05)
(0.545833333333 0.379166666667 0.05)
(0.541666666667 0.383333333334 0.05)
(0.541666666667 0.391666666667 0.05)
(0.545833333333 0.395833333334 0.05)
(0.545833333333 0.404166666667 0.05)
(0.541666666667 0.408333333334 0.05)
(0.541666666667 0.416666666667 0.05)
(0.545833333333 0.420833333334 0.05)
(0.545833333333 0.429166666667 0.05)
(0.541666666667 0.433333333334 0.05)
(0.541666666667 0.441666666667 0.05)
(0.545833333333 0.445833333334 0.05)
(0.545833333333 0.454166666667 0.05)
(0.541666666667 0.458333333334 0.05)
(0.541666666667 0.466666666667 0.05)
(0.545833333334 0.470833333334 0.05)
(0.545833333334 0.479166666667 0.05)
(0.541666666667 0.483333333334 0.05)
(0.541666666667 0.491666666667 0.05)
(0.545833333334 0.495833333334 0.05)
(0.545833333334 0.504166666667 0.05)
(0.541666666667 0.508333333334 0.05)
(0.541666666667 0.516666666667 0.05)
(0.545833333334 0.520833333334 0.05)
(0.545833333334 0.529166666667 0.05)
(0.541666666667 0.533333333334 0.05)
(0.541666666667 0.541666666667 0.05)
(0.545833333334 0.545833333333 0.05)
(0.545833333334 0.554166666667 0.05)
(0.541666666667 0.558333333333 0.05)
(0.541666666667 0.566666666667 0.05)
(0.545833333334 0.570833333333 0.05)
(0.545833333334 0.579166666667 0.05)
(0.541666666667 0.583333333333 0.05)
(0.541666666667 0.591666666667 0.05)
(0.545833333334 0.595833333333 0.05)
(0.545833333334 0.604166666667 0.05)
(0.541666666667 0.608333333333 0.05)
(0.541666666667 0.616666666667 0.05)
(0.545833333334 0.620833333333 0.05)
(0.545833333334 0.629166666667 0.05)
(0.541666666667 0.633333333333 0.05)
(0.541666666667 0.641666666667 0.05)
(0.545833333334 0.645833333333 0.05)
(0.545833333334 0.654166666667 0.05)
(0.541666666667 0.658333333333 0.05)
(0.541666666667 0.666666666667 0.05)
(0.545833333334 0.670833333333 0.05)
(0.545833333334 0.679166666667 0.05)
(0.541666666668 0.683333333333 0.05)
(0.541666666668 0.691666666667 0.05)
(0.545833333334 0.695833333333 0.05)
(0.545833333334 0.704166666667 0.05)
(0.541666666668 0.708333333333 0.05)
(0.541666666668 0.716666666667 0.05)
(0.545833333334 0.720833333333 0.05)
(0.545833333334 0.729166666667 0.05)
(0.541666666668 0.733333333333 0.05)
(0.541666666668 0.741666666666 0.05)
(0.545833333334 0.745833333333 0.05)
(0.545833333334 0.754166666666 0.05)
(0.541666666668 0.758333333333 0.05)
(0.541666666668 0.766666666666 0.05)
(0.545833333334 0.770833333333 0.05)
(0.545833333334 0.779166666666 0.05)
(0.541666666668 0.783333333333 0.05)
(0.541666666668 0.791666666666 0.05)
(0.545833333334 0.795833333333 0.05)
(0.545833333335 0.804166666666 0.05)
(0.541666666668 0.808333333333 0.05)
(0.541666666668 0.816666666666 0.05)
(0.545833333335 0.820833333333 0.05)
(0.545833333335 0.829166666666 0.05)
(0.541666666668 0.833333333333 0.05)
(0.541666666668 0.841666666666 0.05)
(0.545833333335 0.845833333333 0.05)
(0.545833333335 0.854166666666 0.05)
(0.541666666668 0.858333333333 0.05)
(0.541666666668 0.866666666666 0.05)
(0.545833333335 0.870833333333 0.05)
(0.545833333335 0.879166666666 0.05)
(0.541666666668 0.883333333333 0.05)
(0.541666666668 0.891666666666 0.05)
(0.545833333335 0.895833333333 0.05)
(0.545833333335 0.904166666666 0.05)
(0.541666666668 0.908333333333 0.05)
(0.541666666668 0.916666666666 0.05)
(0.545833333335 0.920833333333 0.05)
(0.545833333335 0.929166666666 0.05)
(0.541666666668 0.933333333333 0.05)
(0.541666666668 0.941666666666 0.05)
(0.545833333335 0.945833333333 0.05)
(0.545833333335 0.954166666667 0.05)
(0.541666666668 0.958333333333 0.05)
(0.541666666668 0.966666666667 0.05)
(0.545833333335 0.970833333333 0.05)
(0.545833333335 0.979166666667 0.05)
(0.541666666668 0.983333333333 0.05)
(0.541666666668 0.991666666667 0.05)
(0.545833333335 0.995833333333 0.05)
(0.554166666666 0.00416666666667 0.05)
(0.558333333332 0.00833333333334 0.05)
(0.558333333332 0.0166666666667 0.05)
(0.554166666666 0.0208333333334 0.05)
(0.554166666666 0.0291666666667 0.05)
(0.558333333332 0.0333333333334 0.05)
(0.558333333332 0.0416666666667 0.05)
(0.554166666666 0.0458333333334 0.05)
(0.554166666666 0.0541666666667 0.05)
(0.558333333332 0.0583333333334 0.05)
(0.558333333332 0.0666666666667 0.05)
(0.554166666666 0.0708333333334 0.05)
(0.554166666666 0.0791666666667 0.05)
(0.558333333332 0.0833333333334 0.05)
(0.558333333332 0.0916666666667 0.05)
(0.554166666666 0.0958333333334 0.05)
(0.554166666666 0.104166666667 0.05)
(0.558333333332 0.108333333333 0.05)
(0.558333333332 0.116666666667 0.05)
(0.554166666666 0.120833333333 0.05)
(0.554166666666 0.129166666667 0.05)
(0.558333333333 0.133333333333 0.05)
(0.558333333333 0.141666666667 0.05)
(0.554166666666 0.145833333333 0.05)
(0.554166666666 0.154166666667 0.05)
(0.558333333333 0.158333333333 0.05)
(0.558333333333 0.166666666667 0.05)
(0.554166666666 0.170833333333 0.05)
(0.554166666666 0.179166666667 0.05)
(0.558333333333 0.183333333333 0.05)
(0.558333333333 0.191666666667 0.05)
(0.554166666666 0.195833333333 0.05)
(0.554166666666 0.204166666667 0.05)
(0.558333333333 0.208333333333 0.05)
(0.558333333333 0.216666666667 0.05)
(0.554166666666 0.220833333333 0.05)
(0.554166666666 0.229166666667 0.05)
(0.558333333333 0.233333333333 0.05)
(0.558333333333 0.241666666667 0.05)
(0.554166666666 0.245833333333 0.05)
(0.554166666666 0.254166666667 0.05)
(0.558333333333 0.258333333333 0.05)
(0.558333333333 0.266666666667 0.05)
(0.554166666666 0.270833333333 0.05)
(0.554166666666 0.279166666667 0.05)
(0.558333333333 0.283333333333 0.05)
(0.558333333333 0.291666666667 0.05)
(0.554166666666 0.295833333333 0.05)
(0.554166666666 0.304166666667 0.05)
(0.558333333333 0.308333333333 0.05)
(0.558333333333 0.316666666667 0.05)
(0.554166666666 0.320833333333 0.05)
(0.554166666666 0.329166666667 0.05)
(0.558333333333 0.333333333333 0.05)
(0.558333333333 0.341666666667 0.05)
(0.554166666666 0.345833333333 0.05)
(0.554166666667 0.354166666667 0.05)
(0.558333333333 0.358333333333 0.05)
(0.558333333333 0.366666666667 0.05)
(0.554166666667 0.370833333333 0.05)
(0.554166666667 0.379166666667 0.05)
(0.558333333333 0.383333333333 0.05)
(0.558333333333 0.391666666667 0.05)
(0.554166666667 0.395833333334 0.05)
(0.554166666667 0.404166666667 0.05)
(0.558333333333 0.408333333333 0.05)
(0.558333333333 0.416666666667 0.05)
(0.554166666667 0.420833333334 0.05)
(0.554166666667 0.429166666667 0.05)
(0.558333333333 0.433333333334 0.05)
(0.558333333333 0.441666666667 0.05)
(0.554166666667 0.445833333334 0.05)
(0.554166666667 0.454166666667 0.05)
(0.558333333333 0.458333333334 0.05)
(0.558333333333 0.466666666667 0.05)
(0.554166666667 0.470833333334 0.05)
(0.554166666667 0.479166666667 0.05)
(0.558333333334 0.483333333334 0.05)
(0.558333333334 0.491666666667 0.05)
(0.554166666667 0.495833333334 0.05)
(0.554166666667 0.504166666667 0.05)
(0.558333333334 0.508333333334 0.05)
(0.558333333334 0.516666666667 0.05)
(0.554166666667 0.520833333333 0.05)
(0.554166666667 0.529166666667 0.05)
(0.558333333334 0.533333333333 0.05)
(0.558333333334 0.541666666667 0.05)
(0.554166666667 0.545833333333 0.05)
(0.554166666667 0.554166666667 0.05)
(0.558333333334 0.558333333333 0.05)
(0.558333333334 0.566666666667 0.05)
(0.554166666667 0.570833333333 0.05)
(0.554166666667 0.579166666667 0.05)
(0.558333333334 0.583333333333 0.05)
(0.558333333334 0.591666666667 0.05)
(0.554166666667 0.595833333333 0.05)
(0.554166666667 0.604166666667 0.05)
(0.558333333334 0.608333333333 0.05)
(0.558333333334 0.616666666667 0.05)
(0.554166666667 0.620833333333 0.05)
(0.554166666667 0.629166666667 0.05)
(0.558333333334 0.633333333333 0.05)
(0.558333333334 0.641666666667 0.05)
(0.554166666667 0.645833333333 0.05)
(0.554166666667 0.654166666667 0.05)
(0.558333333334 0.658333333333 0.05)
(0.558333333334 0.666666666667 0.05)
(0.554166666667 0.670833333333 0.05)
(0.554166666667 0.679166666667 0.05)
(0.558333333334 0.683333333333 0.05)
(0.558333333334 0.691666666667 0.05)
(0.554166666667 0.695833333333 0.05)
(0.554166666668 0.704166666667 0.05)
(0.558333333334 0.708333333333 0.05)
(0.558333333334 0.716666666667 0.05)
(0.554166666668 0.720833333333 0.05)
(0.554166666668 0.729166666666 0.05)
(0.558333333334 0.733333333333 0.05)
(0.558333333334 0.741666666666 0.05)
(0.554166666668 0.745833333333 0.05)
(0.554166666668 0.754166666666 0.05)
(0.558333333334 0.758333333333 0.05)
(0.558333333334 0.766666666666 0.05)
(0.554166666668 0.770833333333 0.05)
(0.554166666668 0.779166666666 0.05)
(0.558333333334 0.783333333333 0.05)
(0.558333333334 0.791666666666 0.05)
(0.554166666668 0.795833333333 0.05)
(0.554166666668 0.804166666666 0.05)
(0.558333333334 0.808333333333 0.05)
(0.558333333334 0.816666666666 0.05)
(0.554166666668 0.820833333333 0.05)
(0.554166666668 0.829166666666 0.05)
(0.558333333335 0.833333333333 0.05)
(0.558333333335 0.841666666666 0.05)
(0.554166666668 0.845833333333 0.05)
(0.554166666668 0.854166666666 0.05)
(0.558333333335 0.858333333333 0.05)
(0.558333333335 0.866666666666 0.05)
(0.554166666668 0.870833333333 0.05)
(0.554166666668 0.879166666666 0.05)
(0.558333333335 0.883333333333 0.05)
(0.558333333335 0.891666666666 0.05)
(0.554166666668 0.895833333333 0.05)
(0.554166666668 0.904166666666 0.05)
(0.558333333335 0.908333333333 0.05)
(0.558333333335 0.916666666666 0.05)
(0.554166666668 0.920833333333 0.05)
(0.554166666668 0.929166666666 0.05)
(0.558333333335 0.933333333333 0.05)
(0.558333333335 0.941666666666 0.05)
(0.554166666668 0.945833333333 0.05)
(0.554166666668 0.954166666667 0.05)
(0.558333333335 0.958333333333 0.05)
(0.558333333335 0.966666666667 0.05)
(0.554166666668 0.970833333333 0.05)
(0.554166666668 0.979166666667 0.05)
(0.558333333335 0.983333333333 0.05)
(0.558333333335 0.991666666667 0.05)
(0.554166666668 0.995833333333 0.05)
(0.570833333332 0.00416666666667 0.05)
(0.566666666666 0.00833333333334 0.05)
(0.566666666666 0.0166666666667 0.05)
(0.570833333332 0.0208333333333 0.05)
(0.570833333332 0.0291666666667 0.05)
(0.566666666666 0.0333333333334 0.05)
(0.566666666666 0.0416666666667 0.05)
(0.570833333332 0.0458333333334 0.05)
(0.570833333332 0.0541666666667 0.05)
(0.566666666666 0.0583333333334 0.05)
(0.566666666666 0.0666666666667 0.05)
(0.570833333332 0.0708333333334 0.05)
(0.570833333332 0.0791666666667 0.05)
(0.566666666666 0.0833333333334 0.05)
(0.566666666666 0.0916666666667 0.05)
(0.570833333332 0.0958333333334 0.05)
(0.570833333332 0.104166666667 0.05)
(0.566666666666 0.108333333333 0.05)
(0.566666666666 0.116666666667 0.05)
(0.570833333333 0.120833333333 0.05)
(0.570833333333 0.129166666667 0.05)
(0.566666666666 0.133333333333 0.05)
(0.566666666666 0.141666666667 0.05)
(0.570833333333 0.145833333333 0.05)
(0.570833333333 0.154166666667 0.05)
(0.566666666666 0.158333333333 0.05)
(0.566666666666 0.166666666667 0.05)
(0.570833333333 0.170833333333 0.05)
(0.570833333333 0.179166666667 0.05)
(0.566666666666 0.183333333333 0.05)
(0.566666666666 0.191666666667 0.05)
(0.570833333333 0.195833333333 0.05)
(0.570833333333 0.204166666667 0.05)
(0.566666666666 0.208333333333 0.05)
(0.566666666666 0.216666666667 0.05)
(0.570833333333 0.220833333333 0.05)
(0.570833333333 0.229166666667 0.05)
(0.566666666666 0.233333333333 0.05)
(0.566666666666 0.241666666667 0.05)
(0.570833333333 0.245833333333 0.05)
(0.570833333333 0.254166666667 0.05)
(0.566666666666 0.258333333333 0.05)
(0.566666666666 0.266666666667 0.05)
(0.570833333333 0.270833333333 0.05)
(0.570833333333 0.279166666667 0.05)
(0.566666666666 0.283333333333 0.05)
(0.566666666666 0.291666666667 0.05)
(0.570833333333 0.295833333333 0.05)
(0.570833333333 0.304166666667 0.05)
(0.566666666666 0.308333333333 0.05)
(0.566666666666 0.316666666667 0.05)
(0.570833333333 0.320833333333 0.05)
(0.570833333333 0.329166666667 0.05)
(0.566666666666 0.333333333333 0.05)
(0.566666666666 0.341666666667 0.05)
(0.570833333333 0.345833333333 0.05)
(0.570833333333 0.354166666667 0.05)
(0.566666666667 0.358333333333 0.05)
(0.566666666667 0.366666666667 0.05)
(0.570833333333 0.370833333333 0.05)
(0.570833333333 0.379166666667 0.05)
(0.566666666667 0.383333333333 0.05)
(0.566666666667 0.391666666667 0.05)
(0.570833333333 0.395833333333 0.05)
(0.570833333333 0.404166666667 0.05)
(0.566666666667 0.408333333333 0.05)
(0.566666666667 0.416666666667 0.05)
(0.570833333333 0.420833333333 0.05)
(0.570833333333 0.429166666667 0.05)
(0.566666666667 0.433333333333 0.05)
(0.566666666667 0.441666666667 0.05)
(0.570833333333 0.445833333333 0.05)
(0.570833333333 0.454166666667 0.05)
(0.566666666667 0.458333333333 0.05)
(0.566666666667 0.466666666667 0.05)
(0.570833333333 0.470833333333 0.05)
(0.570833333334 0.479166666667 0.05)
(0.566666666667 0.483333333333 0.05)
(0.566666666667 0.491666666667 0.05)
(0.570833333334 0.495833333333 0.05)
(0.570833333334 0.504166666667 0.05)
(0.566666666667 0.508333333333 0.05)
(0.566666666667 0.516666666667 0.05)
(0.570833333334 0.520833333333 0.05)
(0.570833333334 0.529166666667 0.05)
(0.566666666667 0.533333333333 0.05)
(0.566666666667 0.541666666667 0.05)
(0.570833333334 0.545833333333 0.05)
(0.570833333334 0.554166666667 0.05)
(0.566666666667 0.558333333333 0.05)
(0.566666666667 0.566666666667 0.05)
(0.570833333334 0.570833333333 0.05)
(0.570833333334 0.579166666667 0.05)
(0.566666666667 0.583333333333 0.05)
(0.566666666667 0.591666666667 0.05)
(0.570833333334 0.595833333333 0.05)
(0.570833333334 0.604166666667 0.05)
(0.566666666667 0.608333333333 0.05)
(0.566666666667 0.616666666667 0.05)
(0.570833333334 0.620833333333 0.05)
(0.570833333334 0.629166666667 0.05)
(0.566666666667 0.633333333333 0.05)
(0.566666666667 0.641666666667 0.05)
(0.570833333334 0.645833333333 0.05)
(0.570833333334 0.654166666667 0.05)
(0.566666666667 0.658333333333 0.05)
(0.566666666667 0.666666666667 0.05)
(0.570833333334 0.670833333333 0.05)
(0.570833333334 0.679166666667 0.05)
(0.566666666667 0.683333333333 0.05)
(0.566666666667 0.691666666667 0.05)
(0.570833333334 0.695833333333 0.05)
(0.570833333334 0.704166666667 0.05)
(0.566666666667 0.708333333333 0.05)
(0.566666666668 0.716666666666 0.05)
(0.570833333334 0.720833333333 0.05)
(0.570833333334 0.729166666666 0.05)
(0.566666666668 0.733333333333 0.05)
(0.566666666668 0.741666666666 0.05)
(0.570833333334 0.745833333333 0.05)
(0.570833333334 0.754166666666 0.05)
(0.566666666668 0.758333333333 0.05)
(0.566666666668 0.766666666666 0.05)
(0.570833333334 0.770833333333 0.05)
(0.570833333334 0.779166666666 0.05)
(0.566666666668 0.783333333333 0.05)
(0.566666666668 0.791666666666 0.05)
(0.570833333334 0.795833333333 0.05)
(0.570833333334 0.804166666666 0.05)
(0.566666666668 0.808333333333 0.05)
(0.566666666668 0.816666666666 0.05)
(0.570833333334 0.820833333333 0.05)
(0.570833333334 0.829166666666 0.05)
(0.566666666668 0.833333333333 0.05)
(0.566666666668 0.841666666666 0.05)
(0.570833333335 0.845833333333 0.05)
(0.570833333335 0.854166666666 0.05)
(0.566666666668 0.858333333333 0.05)
(0.566666666668 0.866666666666 0.05)
(0.570833333335 0.870833333333 0.05)
(0.570833333335 0.879166666666 0.05)
(0.566666666668 0.883333333333 0.05)
(0.566666666668 0.891666666666 0.05)
(0.570833333335 0.895833333333 0.05)
(0.570833333335 0.904166666666 0.05)
(0.566666666668 0.908333333333 0.05)
(0.566666666668 0.916666666666 0.05)
(0.570833333335 0.920833333333 0.05)
(0.570833333335 0.929166666666 0.05)
(0.566666666668 0.933333333333 0.05)
(0.566666666668 0.941666666666 0.05)
(0.570833333335 0.945833333333 0.05)
(0.570833333335 0.954166666667 0.05)
(0.566666666668 0.958333333333 0.05)
(0.566666666668 0.966666666667 0.05)
(0.570833333335 0.970833333333 0.05)
(0.570833333335 0.979166666667 0.05)
(0.566666666668 0.983333333333 0.05)
(0.566666666668 0.991666666667 0.05)
(0.570833333335 0.995833333333 0.05)
(0.579166666666 0.00416666666667 0.05)
(0.583333333332 0.00833333333334 0.05)
(0.583333333332 0.0166666666667 0.05)
(0.579166666666 0.0208333333333 0.05)
(0.579166666666 0.0291666666667 0.05)
(0.583333333332 0.0333333333334 0.05)
(0.583333333332 0.0416666666667 0.05)
(0.579166666666 0.0458333333334 0.05)
(0.579166666666 0.0541666666667 0.05)
(0.583333333332 0.0583333333334 0.05)
(0.583333333332 0.0666666666667 0.05)
(0.579166666666 0.0708333333334 0.05)
(0.579166666666 0.0791666666667 0.05)
(0.583333333332 0.0833333333334 0.05)
(0.583333333332 0.0916666666667 0.05)
(0.579166666666 0.0958333333334 0.05)
(0.579166666666 0.104166666667 0.05)
(0.583333333333 0.108333333333 0.05)
(0.583333333333 0.116666666667 0.05)
(0.579166666666 0.120833333333 0.05)
(0.579166666666 0.129166666667 0.05)
(0.583333333333 0.133333333333 0.05)
(0.583333333333 0.141666666667 0.05)
(0.579166666666 0.145833333333 0.05)
(0.579166666666 0.154166666667 0.05)
(0.583333333333 0.158333333333 0.05)
(0.583333333333 0.166666666667 0.05)
(0.579166666666 0.170833333333 0.05)
(0.579166666666 0.179166666667 0.05)
(0.583333333333 0.183333333333 0.05)
(0.583333333333 0.191666666667 0.05)
(0.579166666666 0.195833333333 0.05)
(0.579166666666 0.204166666667 0.05)
(0.583333333333 0.208333333333 0.05)
(0.583333333333 0.216666666667 0.05)
(0.579166666666 0.220833333333 0.05)
(0.579166666666 0.229166666667 0.05)
(0.583333333333 0.233333333333 0.05)
(0.583333333333 0.241666666667 0.05)
(0.579166666666 0.245833333333 0.05)
(0.579166666666 0.254166666667 0.05)
(0.583333333333 0.258333333333 0.05)
(0.583333333333 0.266666666667 0.05)
(0.579166666666 0.270833333333 0.05)
(0.579166666666 0.279166666667 0.05)
(0.583333333333 0.283333333333 0.05)
(0.583333333333 0.291666666667 0.05)
(0.579166666666 0.295833333333 0.05)
(0.579166666666 0.304166666667 0.05)
(0.583333333333 0.308333333333 0.05)
(0.583333333333 0.316666666667 0.05)
(0.579166666666 0.320833333333 0.05)
(0.579166666666 0.329166666667 0.05)
(0.583333333333 0.333333333333 0.05)
(0.583333333333 0.341666666667 0.05)
(0.579166666666 0.345833333333 0.05)
(0.579166666666 0.354166666667 0.05)
(0.583333333333 0.358333333333 0.05)
(0.583333333333 0.366666666667 0.05)
(0.579166666667 0.370833333333 0.05)
(0.579166666667 0.379166666667 0.05)
(0.583333333333 0.383333333333 0.05)
(0.583333333333 0.391666666667 0.05)
(0.579166666667 0.395833333333 0.05)
(0.579166666667 0.404166666667 0.05)
(0.583333333333 0.408333333333 0.05)
(0.583333333333 0.416666666667 0.05)
(0.579166666667 0.420833333333 0.05)
(0.579166666667 0.429166666667 0.05)
(0.583333333333 0.433333333333 0.05)
(0.583333333333 0.441666666667 0.05)
(0.579166666667 0.445833333333 0.05)
(0.579166666667 0.454166666667 0.05)
(0.583333333333 0.458333333333 0.05)
(0.583333333333 0.466666666667 0.05)
(0.579166666667 0.470833333333 0.05)
(0.579166666667 0.479166666667 0.05)
(0.583333333333 0.483333333333 0.05)
(0.583333333334 0.491666666667 0.05)
(0.579166666667 0.495833333333 0.05)
(0.579166666667 0.504166666667 0.05)
(0.583333333334 0.508333333333 0.05)
(0.583333333334 0.516666666667 0.05)
(0.579166666667 0.520833333333 0.05)
(0.579166666667 0.529166666667 0.05)
(0.583333333334 0.533333333333 0.05)
(0.583333333334 0.541666666667 0.05)
(0.579166666667 0.545833333333 0.05)
(0.579166666667 0.554166666667 0.05)
(0.583333333334 0.558333333333 0.05)
(0.583333333334 0.566666666667 0.05)
(0.579166666667 0.570833333333 0.05)
(0.579166666667 0.579166666667 0.05)
(0.583333333334 0.583333333333 0.05)
(0.583333333334 0.591666666667 0.05)
(0.579166666667 0.595833333333 0.05)
(0.579166666667 0.604166666667 0.05)
(0.583333333334 0.608333333333 0.05)
(0.583333333334 0.616666666667 0.05)
(0.579166666667 0.620833333333 0.05)
(0.579166666667 0.629166666667 0.05)
(0.583333333334 0.633333333333 0.05)
(0.583333333334 0.641666666667 0.05)
(0.579166666667 0.645833333333 0.05)
(0.579166666667 0.654166666667 0.05)
(0.583333333334 0.658333333333 0.05)
(0.583333333334 0.666666666667 0.05)
(0.579166666667 0.670833333333 0.05)
(0.579166666667 0.679166666667 0.05)
(0.583333333334 0.683333333333 0.05)
(0.583333333334 0.691666666667 0.05)
(0.579166666667 0.695833333333 0.05)
(0.579166666667 0.704166666666 0.05)
(0.583333333334 0.708333333333 0.05)
(0.583333333334 0.716666666666 0.05)
(0.579166666667 0.720833333333 0.05)
(0.579166666667 0.729166666666 0.05)
(0.583333333334 0.733333333333 0.05)
(0.583333333334 0.741666666666 0.05)
(0.579166666668 0.745833333333 0.05)
(0.579166666668 0.754166666666 0.05)
(0.583333333334 0.758333333333 0.05)
(0.583333333334 0.766666666666 0.05)
(0.579166666668 0.770833333333 0.05)
(0.579166666668 0.779166666666 0.05)
(0.583333333334 0.783333333333 0.05)
(0.583333333334 0.791666666666 0.05)
(0.579166666668 0.795833333333 0.05)
(0.579166666668 0.804166666666 0.05)
(0.583333333334 0.808333333333 0.05)
(0.583333333334 0.816666666666 0.05)
(0.579166666668 0.820833333333 0.05)
(0.579166666668 0.829166666666 0.05)
(0.583333333334 0.833333333333 0.05)
(0.583333333334 0.841666666666 0.05)
(0.579166666668 0.845833333333 0.05)
(0.579166666668 0.854166666666 0.05)
(0.583333333334 0.858333333333 0.05)
(0.583333333334 0.866666666666 0.05)
(0.579166666668 0.870833333333 0.05)
(0.579166666668 0.879166666666 0.05)
(0.583333333335 0.883333333333 0.05)
(0.583333333335 0.891666666666 0.05)
(0.579166666668 0.895833333333 0.05)
(0.579166666668 0.904166666666 0.05)
(0.583333333335 0.908333333333 0.05)
(0.583333333335 0.916666666666 0.05)
(0.579166666668 0.920833333333 0.05)
(0.579166666668 0.929166666666 0.05)
(0.583333333335 0.933333333333 0.05)
(0.583333333335 0.941666666666 0.05)
(0.579166666668 0.945833333333 0.05)
(0.579166666668 0.954166666667 0.05)
(0.583333333335 0.958333333333 0.05)
(0.583333333335 0.966666666667 0.05)
(0.579166666668 0.970833333333 0.05)
(0.579166666668 0.979166666667 0.05)
(0.583333333335 0.983333333333 0.05)
(0.583333333335 0.991666666667 0.05)
(0.579166666668 0.995833333333 0.05)
(0.595833333332 0.00416666666667 0.05)
(0.591666666666 0.00833333333334 0.05)
(0.591666666666 0.0166666666667 0.05)
(0.595833333332 0.0208333333333 0.05)
(0.595833333332 0.0291666666667 0.05)
(0.591666666666 0.0333333333334 0.05)
(0.591666666666 0.0416666666667 0.05)
(0.595833333332 0.0458333333334 0.05)
(0.595833333332 0.0541666666667 0.05)
(0.591666666666 0.0583333333334 0.05)
(0.591666666666 0.0666666666667 0.05)
(0.595833333332 0.0708333333334 0.05)
(0.595833333332 0.0791666666667 0.05)
(0.591666666666 0.0833333333334 0.05)
(0.591666666666 0.0916666666667 0.05)
(0.595833333333 0.0958333333334 0.05)
(0.595833333333 0.104166666667 0.05)
(0.591666666666 0.108333333333 0.05)
(0.591666666666 0.116666666667 0.05)
(0.595833333333 0.120833333333 0.05)
(0.595833333333 0.129166666667 0.05)
(0.591666666666 0.133333333333 0.05)
(0.591666666666 0.141666666667 0.05)
(0.595833333333 0.145833333333 0.05)
(0.595833333333 0.154166666667 0.05)
(0.591666666666 0.158333333333 0.05)
(0.591666666666 0.166666666667 0.05)
(0.595833333333 0.170833333333 0.05)
(0.595833333333 0.179166666667 0.05)
(0.591666666666 0.183333333333 0.05)
(0.591666666666 0.191666666667 0.05)
(0.595833333333 0.195833333333 0.05)
(0.595833333333 0.204166666667 0.05)
(0.591666666666 0.208333333333 0.05)
(0.591666666666 0.216666666667 0.05)
(0.595833333333 0.220833333333 0.05)
(0.595833333333 0.229166666667 0.05)
(0.591666666666 0.233333333333 0.05)
(0.591666666666 0.241666666667 0.05)
(0.595833333333 0.245833333333 0.05)
(0.595833333333 0.254166666667 0.05)
(0.591666666666 0.258333333333 0.05)
(0.591666666666 0.266666666667 0.05)
(0.595833333333 0.270833333333 0.05)
(0.595833333333 0.279166666667 0.05)
(0.591666666666 0.283333333333 0.05)
(0.591666666666 0.291666666667 0.05)
(0.595833333333 0.295833333333 0.05)
(0.595833333333 0.304166666667 0.05)
(0.591666666666 0.308333333333 0.05)
(0.591666666666 0.316666666667 0.05)
(0.595833333333 0.320833333333 0.05)
(0.595833333333 0.329166666667 0.05)
(0.591666666666 0.333333333333 0.05)
(0.591666666666 0.341666666667 0.05)
(0.595833333333 0.345833333333 0.05)
(0.595833333333 0.354166666667 0.05)
(0.591666666666 0.358333333333 0.05)
(0.591666666667 0.366666666667 0.05)
(0.595833333333 0.370833333333 0.05)
(0.595833333333 0.379166666667 0.05)
(0.591666666667 0.383333333333 0.05)
(0.591666666667 0.391666666667 0.05)
(0.595833333333 0.395833333333 0.05)
(0.595833333333 0.404166666667 0.05)
(0.591666666667 0.408333333333 0.05)
(0.591666666667 0.416666666667 0.05)
(0.595833333333 0.420833333333 0.05)
(0.595833333333 0.429166666667 0.05)
(0.591666666667 0.433333333333 0.05)
(0.591666666667 0.441666666667 0.05)
(0.595833333333 0.445833333333 0.05)
(0.595833333333 0.454166666667 0.05)
(0.591666666667 0.458333333333 0.05)
(0.591666666667 0.466666666667 0.05)
(0.595833333333 0.470833333333 0.05)
(0.595833333333 0.479166666667 0.05)
(0.591666666667 0.483333333333 0.05)
(0.591666666667 0.491666666667 0.05)
(0.595833333333 0.495833333333 0.05)
(0.595833333334 0.504166666667 0.05)
(0.591666666667 0.508333333333 0.05)
(0.591666666667 0.516666666667 0.05)
(0.595833333334 0.520833333333 0.05)
(0.595833333334 0.529166666667 0.05)
(0.591666666667 0.533333333333 0.05)
(0.591666666667 0.541666666667 0.05)
(0.595833333334 0.545833333333 0.05)
(0.595833333334 0.554166666667 0.05)
(0.591666666667 0.558333333333 0.05)
(0.591666666667 0.566666666667 0.05)
(0.595833333334 0.570833333333 0.05)
(0.595833333334 0.579166666667 0.05)
(0.591666666667 0.583333333333 0.05)
(0.591666666667 0.591666666667 0.05)
(0.595833333334 0.595833333333 0.05)
(0.595833333334 0.604166666667 0.05)
(0.591666666667 0.608333333333 0.05)
(0.591666666667 0.616666666667 0.05)
(0.595833333334 0.620833333333 0.05)
(0.595833333334 0.629166666667 0.05)
(0.591666666667 0.633333333333 0.05)
(0.591666666667 0.641666666667 0.05)
(0.595833333334 0.645833333333 0.05)
(0.595833333334 0.654166666667 0.05)
(0.591666666667 0.658333333333 0.05)
(0.591666666667 0.666666666667 0.05)
(0.595833333334 0.670833333333 0.05)
(0.595833333334 0.679166666667 0.05)
(0.591666666667 0.683333333333 0.05)
(0.591666666667 0.691666666666 0.05)
(0.595833333334 0.695833333333 0.05)
(0.595833333334 0.704166666666 0.05)
(0.591666666667 0.708333333333 0.05)
(0.591666666667 0.716666666666 0.05)
(0.595833333334 0.720833333333 0.05)
(0.595833333334 0.729166666666 0.05)
(0.591666666667 0.733333333333 0.05)
(0.591666666667 0.741666666666 0.05)
(0.595833333334 0.745833333333 0.05)
(0.595833333334 0.754166666666 0.05)
(0.591666666668 0.758333333333 0.05)
(0.591666666668 0.766666666666 0.05)
(0.595833333334 0.770833333333 0.05)
(0.595833333334 0.779166666666 0.05)
(0.591666666668 0.783333333333 0.05)
(0.591666666668 0.791666666666 0.05)
(0.595833333334 0.795833333333 0.05)
(0.595833333334 0.804166666666 0.05)
(0.591666666668 0.808333333333 0.05)
(0.591666666668 0.816666666666 0.05)
(0.595833333334 0.820833333333 0.05)
(0.595833333334 0.829166666666 0.05)
(0.591666666668 0.833333333333 0.05)
(0.591666666668 0.841666666666 0.05)
(0.595833333334 0.845833333333 0.05)
(0.595833333334 0.854166666666 0.05)
(0.591666666668 0.858333333333 0.05)
(0.591666666668 0.866666666666 0.05)
(0.595833333334 0.870833333333 0.05)
(0.595833333334 0.879166666666 0.05)
(0.591666666668 0.883333333333 0.05)
(0.591666666668 0.891666666666 0.05)
(0.595833333334 0.895833333333 0.05)
(0.595833333335 0.904166666666 0.05)
(0.591666666668 0.908333333333 0.05)
(0.591666666668 0.916666666666 0.05)
(0.595833333335 0.920833333333 0.05)
(0.595833333335 0.929166666666 0.05)
(0.591666666668 0.933333333333 0.05)
(0.591666666668 0.941666666666 0.05)
(0.595833333335 0.945833333333 0.05)
(0.595833333335 0.954166666667 0.05)
(0.591666666668 0.958333333333 0.05)
(0.591666666668 0.966666666667 0.05)
(0.595833333335 0.970833333333 0.05)
(0.595833333335 0.979166666667 0.05)
(0.591666666668 0.983333333333 0.05)
(0.591666666668 0.991666666667 0.05)
(0.595833333335 0.995833333333 0.05)
(0.604166666666 0.00416666666667 0.05)
(0.608333333332 0.00833333333334 0.05)
(0.608333333332 0.0166666666667 0.05)
(0.604166666666 0.0208333333333 0.05)
(0.604166666666 0.0291666666667 0.05)
(0.608333333332 0.0333333333333 0.05)
(0.608333333332 0.0416666666667 0.05)
(0.604166666666 0.0458333333334 0.05)
(0.604166666666 0.0541666666667 0.05)
(0.608333333332 0.0583333333334 0.05)
(0.608333333332 0.0666666666667 0.05)
(0.604166666666 0.0708333333334 0.05)
(0.604166666666 0.0791666666667 0.05)
(0.608333333332 0.0833333333334 0.05)
(0.608333333333 0.0916666666667 0.05)
(0.604166666666 0.0958333333334 0.05)
(0.604166666666 0.104166666667 0.05)
(0.608333333333 0.108333333333 0.05)
(0.608333333333 0.116666666667 0.05)
(0.604166666666 0.120833333333 0.05)
(0.604166666666 0.129166666667 0.05)
(0.608333333333 0.133333333333 0.05)
(0.608333333333 0.141666666667 0.05)
(0.604166666666 0.145833333333 0.05)
(0.604166666666 0.154166666667 0.05)
(0.608333333333 0.158333333333 0.05)
(0.608333333333 0.166666666667 0.05)
(0.604166666666 0.170833333333 0.05)
(0.604166666666 0.179166666667 0.05)
(0.608333333333 0.183333333333 0.05)
(0.608333333333 0.191666666667 0.05)
(0.604166666666 0.195833333333 0.05)
(0.604166666666 0.204166666667 0.05)
(0.608333333333 0.208333333333 0.05)
(0.608333333333 0.216666666667 0.05)
(0.604166666666 0.220833333333 0.05)
(0.604166666666 0.229166666667 0.05)
(0.608333333333 0.233333333333 0.05)
(0.608333333333 0.241666666667 0.05)
(0.604166666666 0.245833333333 0.05)
(0.604166666666 0.254166666667 0.05)
(0.608333333333 0.258333333333 0.05)
(0.608333333333 0.266666666667 0.05)
(0.604166666666 0.270833333333 0.05)
(0.604166666666 0.279166666667 0.05)
(0.608333333333 0.283333333333 0.05)
(0.608333333333 0.291666666667 0.05)
(0.604166666666 0.295833333333 0.05)
(0.604166666666 0.304166666667 0.05)
(0.608333333333 0.308333333333 0.05)
(0.608333333333 0.316666666667 0.05)
(0.604166666666 0.320833333333 0.05)
(0.604166666666 0.329166666667 0.05)
(0.608333333333 0.333333333333 0.05)
(0.608333333333 0.341666666667 0.05)
(0.604166666666 0.345833333333 0.05)
(0.604166666666 0.354166666667 0.05)
(0.608333333333 0.358333333333 0.05)
(0.608333333333 0.366666666667 0.05)
(0.604166666667 0.370833333333 0.05)
(0.604166666667 0.379166666667 0.05)
(0.608333333333 0.383333333333 0.05)
(0.608333333333 0.391666666667 0.05)
(0.604166666667 0.395833333333 0.05)
(0.604166666667 0.404166666667 0.05)
(0.608333333333 0.408333333333 0.05)
(0.608333333333 0.416666666667 0.05)
(0.604166666667 0.420833333333 0.05)
(0.604166666667 0.429166666667 0.05)
(0.608333333333 0.433333333333 0.05)
(0.608333333333 0.441666666667 0.05)
(0.604166666667 0.445833333333 0.05)
(0.604166666667 0.454166666667 0.05)
(0.608333333333 0.458333333333 0.05)
(0.608333333333 0.466666666667 0.05)
(0.604166666667 0.470833333333 0.05)
(0.604166666667 0.479166666667 0.05)
(0.608333333333 0.483333333333 0.05)
(0.608333333333 0.491666666667 0.05)
(0.604166666667 0.495833333333 0.05)
(0.604166666667 0.504166666667 0.05)
(0.608333333334 0.508333333333 0.05)
(0.608333333334 0.516666666667 0.05)
(0.604166666667 0.520833333333 0.05)
(0.604166666667 0.529166666667 0.05)
(0.608333333334 0.533333333333 0.05)
(0.608333333334 0.541666666667 0.05)
(0.604166666667 0.545833333333 0.05)
(0.604166666667 0.554166666667 0.05)
(0.608333333334 0.558333333333 0.05)
(0.608333333334 0.566666666667 0.05)
(0.604166666667 0.570833333333 0.05)
(0.604166666667 0.579166666667 0.05)
(0.608333333334 0.583333333333 0.05)
(0.608333333334 0.591666666667 0.05)
(0.604166666667 0.595833333333 0.05)
(0.604166666667 0.604166666667 0.05)
(0.608333333334 0.608333333333 0.05)
(0.608333333334 0.616666666667 0.05)
(0.604166666667 0.620833333333 0.05)
(0.604166666667 0.629166666667 0.05)
(0.608333333334 0.633333333333 0.05)
(0.608333333334 0.641666666667 0.05)
(0.604166666667 0.645833333333 0.05)
(0.604166666667 0.654166666667 0.05)
(0.608333333334 0.658333333333 0.05)
(0.608333333334 0.666666666666 0.05)
(0.604166666667 0.670833333333 0.05)
(0.604166666667 0.679166666666 0.05)
(0.608333333334 0.683333333333 0.05)
(0.608333333334 0.691666666666 0.05)
(0.604166666667 0.695833333333 0.05)
(0.604166666667 0.704166666666 0.05)
(0.608333333334 0.708333333333 0.05)
(0.608333333334 0.716666666666 0.05)
(0.604166666667 0.720833333333 0.05)
(0.604166666667 0.729166666666 0.05)
(0.608333333334 0.733333333333 0.05)
(0.608333333334 0.741666666666 0.05)
(0.604166666667 0.745833333333 0.05)
(0.604166666667 0.754166666666 0.05)
(0.608333333334 0.758333333333 0.05)
(0.608333333334 0.766666666666 0.05)
(0.604166666667 0.770833333333 0.05)
(0.604166666667 0.779166666666 0.05)
(0.608333333334 0.783333333333 0.05)
(0.608333333334 0.791666666666 0.05)
(0.604166666668 0.795833333333 0.05)
(0.604166666668 0.804166666666 0.05)
(0.608333333334 0.808333333333 0.05)
(0.608333333334 0.816666666666 0.05)
(0.604166666668 0.820833333333 0.05)
(0.604166666668 0.829166666666 0.05)
(0.608333333334 0.833333333333 0.05)
(0.608333333334 0.841666666666 0.05)
(0.604166666668 0.845833333333 0.05)
(0.604166666668 0.854166666666 0.05)
(0.608333333334 0.858333333333 0.05)
(0.608333333334 0.866666666666 0.05)
(0.604166666668 0.870833333333 0.05)
(0.604166666668 0.879166666666 0.05)
(0.608333333334 0.883333333333 0.05)
(0.608333333334 0.891666666666 0.05)
(0.604166666668 0.895833333333 0.05)
(0.604166666668 0.904166666666 0.05)
(0.608333333334 0.908333333333 0.05)
(0.608333333334 0.916666666666 0.05)
(0.604166666668 0.920833333333 0.05)
(0.604166666668 0.929166666666 0.05)
(0.608333333335 0.933333333333 0.05)
(0.608333333335 0.941666666666 0.05)
(0.604166666668 0.945833333333 0.05)
(0.604166666668 0.954166666667 0.05)
(0.608333333335 0.958333333333 0.05)
(0.608333333335 0.966666666667 0.05)
(0.604166666668 0.970833333333 0.05)
(0.604166666668 0.979166666667 0.05)
(0.608333333335 0.983333333333 0.05)
(0.608333333335 0.991666666667 0.05)
(0.604166666668 0.995833333333 0.05)
(0.620833333332 0.00416666666667 0.05)
(0.616666666666 0.00833333333334 0.05)
(0.616666666666 0.0166666666667 0.05)
(0.620833333332 0.0208333333333 0.05)
(0.620833333332 0.0291666666667 0.05)
(0.616666666666 0.0333333333333 0.05)
(0.616666666666 0.0416666666667 0.05)
(0.620833333332 0.0458333333333 0.05)
(0.620833333332 0.0541666666667 0.05)
(0.616666666666 0.0583333333334 0.05)
(0.616666666666 0.0666666666667 0.05)
(0.620833333332 0.0708333333334 0.05)
(0.620833333333 0.0791666666667 0.05)
(0.616666666666 0.0833333333334 0.05)
(0.616666666666 0.0916666666667 0.05)
(0.620833333333 0.0958333333334 0.05)
(0.620833333333 0.104166666667 0.05)
(0.616666666666 0.108333333333 0.05)
(0.616666666666 0.116666666667 0.05)
(0.620833333333 0.120833333333 0.05)
(0.620833333333 0.129166666667 0.05)
(0.616666666666 0.133333333333 0.05)
(0.616666666666 0.141666666667 0.05)
(0.620833333333 0.145833333333 0.05)
(0.620833333333 0.154166666667 0.05)
(0.616666666666 0.158333333333 0.05)
(0.616666666666 0.166666666667 0.05)
(0.620833333333 0.170833333333 0.05)
(0.620833333333 0.179166666667 0.05)
(0.616666666666 0.183333333333 0.05)
(0.616666666666 0.191666666667 0.05)
(0.620833333333 0.195833333333 0.05)
(0.620833333333 0.204166666667 0.05)
(0.616666666666 0.208333333333 0.05)
(0.616666666666 0.216666666667 0.05)
(0.620833333333 0.220833333333 0.05)
(0.620833333333 0.229166666667 0.05)
(0.616666666666 0.233333333333 0.05)
(0.616666666666 0.241666666667 0.05)
(0.620833333333 0.245833333333 0.05)
(0.620833333333 0.254166666667 0.05)
(0.616666666666 0.258333333333 0.05)
(0.616666666666 0.266666666667 0.05)
(0.620833333333 0.270833333333 0.05)
(0.620833333333 0.279166666667 0.05)
(0.616666666666 0.283333333333 0.05)
(0.616666666666 0.291666666667 0.05)
(0.620833333333 0.295833333333 0.05)
(0.620833333333 0.304166666667 0.05)
(0.616666666666 0.308333333333 0.05)
(0.616666666666 0.316666666667 0.05)
(0.620833333333 0.320833333333 0.05)
(0.620833333333 0.329166666667 0.05)
(0.616666666666 0.333333333333 0.05)
(0.616666666666 0.341666666667 0.05)
(0.620833333333 0.345833333333 0.05)
(0.620833333333 0.354166666667 0.05)
(0.616666666666 0.358333333333 0.05)
(0.616666666666 0.366666666667 0.05)
(0.620833333333 0.370833333333 0.05)
(0.620833333333 0.379166666667 0.05)
(0.616666666667 0.383333333333 0.05)
(0.616666666667 0.391666666667 0.05)
(0.620833333333 0.395833333333 0.05)
(0.620833333333 0.404166666667 0.05)
(0.616666666667 0.408333333333 0.05)
(0.616666666667 0.416666666667 0.05)
(0.620833333333 0.420833333333 0.05)
(0.620833333333 0.429166666667 0.05)
(0.616666666667 0.433333333333 0.05)
(0.616666666667 0.441666666667 0.05)
(0.620833333333 0.445833333333 0.05)
(0.620833333333 0.454166666667 0.05)
(0.616666666667 0.458333333333 0.05)
(0.616666666667 0.466666666667 0.05)
(0.620833333333 0.470833333333 0.05)
(0.620833333333 0.479166666667 0.05)
(0.616666666667 0.483333333333 0.05)
(0.616666666667 0.491666666667 0.05)
(0.620833333333 0.495833333333 0.05)
(0.620833333333 0.504166666667 0.05)
(0.616666666667 0.508333333333 0.05)
(0.616666666667 0.516666666667 0.05)
(0.620833333334 0.520833333333 0.05)
(0.620833333334 0.529166666667 0.05)
(0.616666666667 0.533333333333 0.05)
(0.616666666667 0.541666666667 0.05)
(0.620833333334 0.545833333333 0.05)
(0.620833333334 0.554166666667 0.05)
(0.616666666667 0.558333333333 0.05)
(0.616666666667 0.566666666667 0.05)
(0.620833333334 0.570833333333 0.05)
(0.620833333334 0.579166666667 0.05)
(0.616666666667 0.583333333333 0.05)
(0.616666666667 0.591666666667 0.05)
(0.620833333334 0.595833333333 0.05)
(0.620833333334 0.604166666667 0.05)
(0.616666666667 0.608333333333 0.05)
(0.616666666667 0.616666666667 0.05)
(0.620833333334 0.620833333333 0.05)
(0.620833333334 0.629166666667 0.05)
(0.616666666667 0.633333333333 0.05)
(0.616666666667 0.641666666667 0.05)
(0.620833333334 0.645833333333 0.05)
(0.620833333334 0.654166666666 0.05)
(0.616666666667 0.658333333333 0.05)
(0.616666666667 0.666666666666 0.05)
(0.620833333334 0.670833333333 0.05)
(0.620833333334 0.679166666666 0.05)
(0.616666666667 0.683333333333 0.05)
(0.616666666667 0.691666666666 0.05)
(0.620833333334 0.695833333333 0.05)
(0.620833333334 0.704166666666 0.05)
(0.616666666667 0.708333333333 0.05)
(0.616666666667 0.716666666666 0.05)
(0.620833333334 0.720833333333 0.05)
(0.620833333334 0.729166666666 0.05)
(0.616666666667 0.733333333333 0.05)
(0.616666666667 0.741666666666 0.05)
(0.620833333334 0.745833333333 0.05)
(0.620833333334 0.754166666666 0.05)
(0.616666666667 0.758333333333 0.05)
(0.616666666667 0.766666666666 0.05)
(0.620833333334 0.770833333333 0.05)
(0.620833333334 0.779166666666 0.05)
(0.616666666667 0.783333333333 0.05)
(0.616666666667 0.791666666666 0.05)
(0.620833333334 0.795833333333 0.05)
(0.620833333334 0.804166666666 0.05)
(0.616666666668 0.808333333333 0.05)
(0.616666666668 0.816666666666 0.05)
(0.620833333334 0.820833333333 0.05)
(0.620833333334 0.829166666666 0.05)
(0.616666666668 0.833333333333 0.05)
(0.616666666668 0.841666666666 0.05)
(0.620833333334 0.845833333333 0.05)
(0.620833333334 0.854166666666 0.05)
(0.616666666668 0.858333333333 0.05)
(0.616666666668 0.866666666666 0.05)
(0.620833333334 0.870833333333 0.05)
(0.620833333334 0.879166666666 0.05)
(0.616666666668 0.883333333333 0.05)
(0.616666666668 0.891666666666 0.05)
(0.620833333334 0.895833333333 0.05)
(0.620833333334 0.904166666666 0.05)
(0.616666666668 0.908333333333 0.05)
(0.616666666668 0.916666666666 0.05)
(0.620833333334 0.920833333333 0.05)
(0.620833333334 0.929166666666 0.05)
(0.616666666668 0.933333333333 0.05)
(0.616666666668 0.941666666666 0.05)
(0.620833333334 0.945833333333 0.05)
(0.620833333334 0.954166666667 0.05)
(0.616666666668 0.958333333333 0.05)
(0.616666666668 0.966666666667 0.05)
(0.620833333335 0.970833333333 0.05)
(0.620833333335 0.979166666667 0.05)
(0.616666666668 0.983333333333 0.05)
(0.616666666668 0.991666666667 0.05)
(0.620833333335 0.995833333333 0.05)
(0.629166666666 0.00416666666667 0.05)
(0.633333333332 0.00833333333334 0.05)
(0.633333333332 0.0166666666667 0.05)
(0.629166666666 0.0208333333333 0.05)
(0.629166666666 0.0291666666667 0.05)
(0.633333333332 0.0333333333333 0.05)
(0.633333333332 0.0416666666667 0.05)
(0.629166666666 0.0458333333333 0.05)
(0.629166666666 0.0541666666667 0.05)
(0.633333333332 0.0583333333333 0.05)
(0.633333333333 0.0666666666667 0.05)
(0.629166666666 0.0708333333334 0.05)
(0.629166666666 0.0791666666667 0.05)
(0.633333333333 0.0833333333334 0.05)
(0.633333333333 0.0916666666667 0.05)
(0.629166666666 0.0958333333334 0.05)
(0.629166666666 0.104166666667 0.05)
(0.633333333333 0.108333333333 0.05)
(0.633333333333 0.116666666667 0.05)
(0.629166666666 0.120833333333 0.05)
(0.629166666666 0.129166666667 0.05)
(0.633333333333 0.133333333333 0.05)
(0.633333333333 0.141666666667 0.05)
(0.629166666666 0.145833333333 0.05)
(0.629166666666 0.154166666667 0.05)
(0.633333333333 0.158333333333 0.05)
(0.633333333333 0.166666666667 0.05)
(0.629166666666 0.170833333333 0.05)
(0.629166666666 0.179166666667 0.05)
(0.633333333333 0.183333333333 0.05)
(0.633333333333 0.191666666667 0.05)
(0.629166666666 0.195833333333 0.05)
(0.629166666666 0.204166666667 0.05)
(0.633333333333 0.208333333333 0.05)
(0.633333333333 0.216666666667 0.05)
(0.629166666666 0.220833333333 0.05)
(0.629166666666 0.229166666667 0.05)
(0.633333333333 0.233333333333 0.05)
(0.633333333333 0.241666666667 0.05)
(0.629166666666 0.245833333333 0.05)
(0.629166666666 0.254166666667 0.05)
(0.633333333333 0.258333333333 0.05)
(0.633333333333 0.266666666667 0.05)
(0.629166666666 0.270833333333 0.05)
(0.629166666666 0.279166666667 0.05)
(0.633333333333 0.283333333333 0.05)
(0.633333333333 0.291666666667 0.05)
(0.629166666666 0.295833333333 0.05)
(0.629166666666 0.304166666667 0.05)
(0.633333333333 0.308333333333 0.05)
(0.633333333333 0.316666666667 0.05)
(0.629166666666 0.320833333333 0.05)
(0.629166666666 0.329166666667 0.05)
(0.633333333333 0.333333333333 0.05)
(0.633333333333 0.341666666667 0.05)
(0.629166666666 0.345833333333 0.05)
(0.629166666666 0.354166666667 0.05)
(0.633333333333 0.358333333333 0.05)
(0.633333333333 0.366666666667 0.05)
(0.629166666666 0.370833333333 0.05)
(0.629166666667 0.379166666667 0.05)
(0.633333333333 0.383333333333 0.05)
(0.633333333333 0.391666666667 0.05)
(0.629166666667 0.395833333333 0.05)
(0.629166666667 0.404166666667 0.05)
(0.633333333333 0.408333333333 0.05)
(0.633333333333 0.416666666667 0.05)
(0.629166666667 0.420833333333 0.05)
(0.629166666667 0.429166666667 0.05)
(0.633333333333 0.433333333333 0.05)
(0.633333333333 0.441666666667 0.05)
(0.629166666667 0.445833333333 0.05)
(0.629166666667 0.454166666667 0.05)
(0.633333333333 0.458333333333 0.05)
(0.633333333333 0.466666666667 0.05)
(0.629166666667 0.470833333333 0.05)
(0.629166666667 0.479166666667 0.05)
(0.633333333333 0.483333333333 0.05)
(0.633333333333 0.491666666667 0.05)
(0.629166666667 0.495833333333 0.05)
(0.629166666667 0.504166666667 0.05)
(0.633333333333 0.508333333333 0.05)
(0.633333333333 0.516666666667 0.05)
(0.629166666667 0.520833333333 0.05)
(0.629166666667 0.529166666667 0.05)
(0.633333333333 0.533333333333 0.05)
(0.633333333334 0.541666666667 0.05)
(0.629166666667 0.545833333333 0.05)
(0.629166666667 0.554166666667 0.05)
(0.633333333334 0.558333333333 0.05)
(0.633333333334 0.566666666667 0.05)
(0.629166666667 0.570833333333 0.05)
(0.629166666667 0.579166666667 0.05)
(0.633333333334 0.583333333333 0.05)
(0.633333333334 0.591666666667 0.05)
(0.629166666667 0.595833333333 0.05)
(0.629166666667 0.604166666667 0.05)
(0.633333333334 0.608333333333 0.05)
(0.633333333334 0.616666666666 0.05)
(0.629166666667 0.620833333333 0.05)
(0.629166666667 0.629166666666 0.05)
(0.633333333334 0.633333333333 0.05)
(0.633333333334 0.641666666666 0.05)
(0.629166666667 0.645833333333 0.05)
(0.629166666667 0.654166666666 0.05)
(0.633333333334 0.658333333333 0.05)
(0.633333333334 0.666666666666 0.05)
(0.629166666667 0.670833333333 0.05)
(0.629166666667 0.679166666666 0.05)
(0.633333333334 0.683333333333 0.05)
(0.633333333334 0.691666666666 0.05)
(0.629166666667 0.695833333333 0.05)
(0.629166666667 0.704166666666 0.05)
(0.633333333334 0.708333333333 0.05)
(0.633333333334 0.716666666666 0.05)
(0.629166666667 0.720833333333 0.05)
(0.629166666667 0.729166666666 0.05)
(0.633333333334 0.733333333333 0.05)
(0.633333333334 0.741666666666 0.05)
(0.629166666667 0.745833333333 0.05)
(0.629166666667 0.754166666666 0.05)
(0.633333333334 0.758333333333 0.05)
(0.633333333334 0.766666666666 0.05)
(0.629166666667 0.770833333333 0.05)
(0.629166666667 0.779166666666 0.05)
(0.633333333334 0.783333333333 0.05)
(0.633333333334 0.791666666666 0.05)
(0.629166666667 0.795833333333 0.05)
(0.629166666667 0.804166666666 0.05)
(0.633333333334 0.808333333333 0.05)
(0.633333333334 0.816666666666 0.05)
(0.629166666667 0.820833333333 0.05)
(0.629166666667 0.829166666666 0.05)
(0.633333333334 0.833333333333 0.05)
(0.633333333334 0.841666666666 0.05)
(0.629166666668 0.845833333333 0.05)
(0.629166666668 0.854166666666 0.05)
(0.633333333334 0.858333333333 0.05)
(0.633333333334 0.866666666666 0.05)
(0.629166666668 0.870833333333 0.05)
(0.629166666668 0.879166666666 0.05)
(0.633333333334 0.883333333333 0.05)
(0.633333333334 0.891666666666 0.05)
(0.629166666668 0.895833333333 0.05)
(0.629166666668 0.904166666666 0.05)
(0.633333333334 0.908333333333 0.05)
(0.633333333334 0.916666666666 0.05)
(0.629166666668 0.920833333333 0.05)
(0.629166666668 0.929166666666 0.05)
(0.633333333334 0.933333333333 0.05)
(0.633333333334 0.941666666666 0.05)
(0.629166666668 0.945833333333 0.05)
(0.629166666668 0.954166666667 0.05)
(0.633333333334 0.958333333333 0.05)
(0.633333333334 0.966666666667 0.05)
(0.629166666668 0.970833333333 0.05)
(0.629166666668 0.979166666667 0.05)
(0.633333333334 0.983333333333 0.05)
(0.633333333334 0.991666666667 0.05)
(0.629166666668 0.995833333333 0.05)
(0.645833333332 0.00416666666667 0.05)
(0.641666666666 0.00833333333334 0.05)
(0.641666666666 0.0166666666667 0.05)
(0.645833333332 0.0208333333333 0.05)
(0.645833333332 0.0291666666667 0.05)
(0.641666666666 0.0333333333333 0.05)
(0.641666666666 0.0416666666667 0.05)
(0.645833333332 0.0458333333333 0.05)
(0.645833333333 0.0541666666667 0.05)
(0.641666666666 0.0583333333333 0.05)
(0.641666666666 0.0666666666667 0.05)
(0.645833333333 0.0708333333333 0.05)
(0.645833333333 0.0791666666667 0.05)
(0.641666666666 0.0833333333334 0.05)
(0.641666666666 0.0916666666667 0.05)
(0.645833333333 0.0958333333334 0.05)
(0.645833333333 0.104166666667 0.05)
(0.641666666666 0.108333333333 0.05)
(0.641666666666 0.116666666667 0.05)
(0.645833333333 0.120833333333 0.05)
(0.645833333333 0.129166666667 0.05)
(0.641666666666 0.133333333333 0.05)
(0.641666666666 0.141666666667 0.05)
(0.645833333333 0.145833333333 0.05)
(0.645833333333 0.154166666667 0.05)
(0.641666666666 0.158333333333 0.05)
(0.641666666666 0.166666666667 0.05)
(0.645833333333 0.170833333333 0.05)
(0.645833333333 0.179166666667 0.05)
(0.641666666666 0.183333333333 0.05)
(0.641666666666 0.191666666667 0.05)
(0.645833333333 0.195833333333 0.05)
(0.645833333333 0.204166666667 0.05)
(0.641666666666 0.208333333333 0.05)
(0.641666666666 0.216666666667 0.05)
(0.645833333333 0.220833333333 0.05)
(0.645833333333 0.229166666667 0.05)
(0.641666666666 0.233333333333 0.05)
(0.641666666666 0.241666666667 0.05)
(0.645833333333 0.245833333333 0.05)
(0.645833333333 0.254166666667 0.05)
(0.641666666666 0.258333333333 0.05)
(0.641666666666 0.266666666667 0.05)
(0.645833333333 0.270833333333 0.05)
(0.645833333333 0.279166666667 0.05)
(0.641666666666 0.283333333333 0.05)
(0.641666666666 0.291666666667 0.05)
(0.645833333333 0.295833333333 0.05)
(0.645833333333 0.304166666667 0.05)
(0.641666666666 0.308333333333 0.05)
(0.641666666666 0.316666666667 0.05)
(0.645833333333 0.320833333333 0.05)
(0.645833333333 0.329166666667 0.05)
(0.641666666666 0.333333333333 0.05)
(0.641666666666 0.341666666667 0.05)
(0.645833333333 0.345833333333 0.05)
(0.645833333333 0.354166666667 0.05)
(0.641666666666 0.358333333333 0.05)
(0.641666666666 0.366666666667 0.05)
(0.645833333333 0.370833333333 0.05)
(0.645833333333 0.379166666667 0.05)
(0.641666666667 0.383333333333 0.05)
(0.641666666667 0.391666666667 0.05)
(0.645833333333 0.395833333333 0.05)
(0.645833333333 0.404166666667 0.05)
(0.641666666667 0.408333333333 0.05)
(0.641666666667 0.416666666667 0.05)
(0.645833333333 0.420833333333 0.05)
(0.645833333333 0.429166666667 0.05)
(0.641666666667 0.433333333333 0.05)
(0.641666666667 0.441666666667 0.05)
(0.645833333333 0.445833333333 0.05)
(0.645833333333 0.454166666667 0.05)
(0.641666666667 0.458333333333 0.05)
(0.641666666667 0.466666666667 0.05)
(0.645833333333 0.470833333333 0.05)
(0.645833333333 0.479166666667 0.05)
(0.641666666667 0.483333333333 0.05)
(0.641666666667 0.491666666667 0.05)
(0.645833333333 0.495833333333 0.05)
(0.645833333333 0.504166666667 0.05)
(0.641666666667 0.508333333333 0.05)
(0.641666666667 0.516666666667 0.05)
(0.645833333333 0.520833333333 0.05)
(0.645833333333 0.529166666667 0.05)
(0.641666666667 0.533333333333 0.05)
(0.641666666667 0.541666666667 0.05)
(0.645833333333 0.545833333333 0.05)
(0.645833333334 0.554166666667 0.05)
(0.641666666667 0.558333333333 0.05)
(0.641666666667 0.566666666667 0.05)
(0.645833333334 0.570833333333 0.05)
(0.645833333334 0.579166666666 0.05)
(0.641666666667 0.583333333333 0.05)
(0.641666666667 0.591666666666 0.05)
(0.645833333334 0.595833333333 0.05)
(0.645833333334 0.604166666666 0.05)
(0.641666666667 0.608333333333 0.05)
(0.641666666667 0.616666666666 0.05)
(0.645833333334 0.620833333333 0.05)
(0.645833333334 0.629166666666 0.05)
(0.641666666667 0.633333333333 0.05)
(0.641666666667 0.641666666666 0.05)
(0.645833333334 0.645833333333 0.05)
(0.645833333334 0.654166666666 0.05)
(0.641666666667 0.658333333333 0.05)
(0.641666666667 0.666666666666 0.05)
(0.645833333334 0.670833333333 0.05)
(0.645833333334 0.679166666666 0.05)
(0.641666666667 0.683333333333 0.05)
(0.641666666667 0.691666666666 0.05)
(0.645833333334 0.695833333333 0.05)
(0.645833333334 0.704166666666 0.05)
(0.641666666667 0.708333333333 0.05)
(0.641666666667 0.716666666666 0.05)
(0.645833333334 0.720833333333 0.05)
(0.645833333334 0.729166666666 0.05)
(0.641666666667 0.733333333333 0.05)
(0.641666666667 0.741666666666 0.05)
(0.645833333334 0.745833333333 0.05)
(0.645833333334 0.754166666666 0.05)
(0.641666666667 0.758333333333 0.05)
(0.641666666667 0.766666666666 0.05)
(0.645833333334 0.770833333333 0.05)
(0.645833333334 0.779166666666 0.05)
(0.641666666667 0.783333333333 0.05)
(0.641666666667 0.791666666666 0.05)
(0.645833333334 0.795833333333 0.05)
(0.645833333334 0.804166666666 0.05)
(0.641666666667 0.808333333333 0.05)
(0.641666666667 0.816666666666 0.05)
(0.645833333334 0.820833333333 0.05)
(0.645833333334 0.829166666666 0.05)
(0.641666666667 0.833333333333 0.05)
(0.641666666667 0.841666666666 0.05)
(0.645833333334 0.845833333333 0.05)
(0.645833333334 0.854166666666 0.05)
(0.641666666667 0.858333333333 0.05)
(0.641666666667 0.866666666666 0.05)
(0.645833333334 0.870833333333 0.05)
(0.645833333334 0.879166666666 0.05)
(0.641666666668 0.883333333333 0.05)
(0.641666666668 0.891666666666 0.05)
(0.645833333334 0.895833333333 0.05)
(0.645833333334 0.904166666666 0.05)
(0.641666666668 0.908333333333 0.05)
(0.641666666668 0.916666666666 0.05)
(0.645833333334 0.920833333333 0.05)
(0.645833333334 0.929166666666 0.05)
(0.641666666668 0.933333333333 0.05)
(0.641666666668 0.941666666666 0.05)
(0.645833333334 0.945833333333 0.05)
(0.645833333334 0.954166666667 0.05)
(0.641666666668 0.958333333333 0.05)
(0.641666666668 0.966666666667 0.05)
(0.645833333334 0.970833333333 0.05)
(0.645833333334 0.979166666667 0.05)
(0.641666666668 0.983333333333 0.05)
(0.641666666668 0.991666666667 0.05)
(0.645833333334 0.995833333333 0.05)
(0.654166666666 0.00416666666667 0.05)
(0.658333333332 0.00833333333333 0.05)
(0.658333333332 0.0166666666667 0.05)
(0.654166666666 0.0208333333333 0.05)
(0.654166666666 0.0291666666667 0.05)
(0.658333333332 0.0333333333333 0.05)
(0.658333333333 0.0416666666667 0.05)
(0.654166666666 0.0458333333333 0.05)
(0.654166666666 0.0541666666667 0.05)
(0.658333333333 0.0583333333333 0.05)
(0.658333333333 0.0666666666667 0.05)
(0.654166666666 0.0708333333333 0.05)
(0.654166666666 0.0791666666667 0.05)
(0.658333333333 0.0833333333333 0.05)
(0.658333333333 0.0916666666667 0.05)
(0.654166666666 0.0958333333334 0.05)
(0.654166666666 0.104166666667 0.05)
(0.658333333333 0.108333333333 0.05)
(0.658333333333 0.116666666667 0.05)
(0.654166666666 0.120833333333 0.05)
(0.654166666666 0.129166666667 0.05)
(0.658333333333 0.133333333333 0.05)
(0.658333333333 0.141666666667 0.05)
(0.654166666666 0.145833333333 0.05)
(0.654166666666 0.154166666667 0.05)
(0.658333333333 0.158333333333 0.05)
(0.658333333333 0.166666666667 0.05)
(0.654166666666 0.170833333333 0.05)
(0.654166666666 0.179166666667 0.05)
(0.658333333333 0.183333333333 0.05)
(0.658333333333 0.191666666667 0.05)
(0.654166666666 0.195833333333 0.05)
(0.654166666666 0.204166666667 0.05)
(0.658333333333 0.208333333333 0.05)
(0.658333333333 0.216666666667 0.05)
(0.654166666666 0.220833333333 0.05)
(0.654166666666 0.229166666667 0.05)
(0.658333333333 0.233333333333 0.05)
(0.658333333333 0.241666666667 0.05)
(0.654166666666 0.245833333333 0.05)
(0.654166666666 0.254166666667 0.05)
(0.658333333333 0.258333333333 0.05)
(0.658333333333 0.266666666667 0.05)
(0.654166666666 0.270833333333 0.05)
(0.654166666666 0.279166666667 0.05)
(0.658333333333 0.283333333333 0.05)
(0.658333333333 0.291666666667 0.05)
(0.654166666666 0.295833333333 0.05)
(0.654166666666 0.304166666667 0.05)
(0.658333333333 0.308333333333 0.05)
(0.658333333333 0.316666666667 0.05)
(0.654166666666 0.320833333333 0.05)
(0.654166666666 0.329166666667 0.05)
(0.658333333333 0.333333333333 0.05)
(0.658333333333 0.341666666667 0.05)
(0.654166666666 0.345833333333 0.05)
(0.654166666666 0.354166666667 0.05)
(0.658333333333 0.358333333333 0.05)
(0.658333333333 0.366666666667 0.05)
(0.654166666666 0.370833333333 0.05)
(0.654166666666 0.379166666667 0.05)
(0.658333333333 0.383333333333 0.05)
(0.658333333333 0.391666666667 0.05)
(0.654166666667 0.395833333333 0.05)
(0.654166666667 0.404166666667 0.05)
(0.658333333333 0.408333333333 0.05)
(0.658333333333 0.416666666667 0.05)
(0.654166666667 0.420833333333 0.05)
(0.654166666667 0.429166666667 0.05)
(0.658333333333 0.433333333333 0.05)
(0.658333333333 0.441666666667 0.05)
(0.654166666667 0.445833333333 0.05)
(0.654166666667 0.454166666667 0.05)
(0.658333333333 0.458333333333 0.05)
(0.658333333333 0.466666666667 0.05)
(0.654166666667 0.470833333333 0.05)
(0.654166666667 0.479166666667 0.05)
(0.658333333333 0.483333333333 0.05)
(0.658333333333 0.491666666667 0.05)
(0.654166666667 0.495833333333 0.05)
(0.654166666667 0.504166666667 0.05)
(0.658333333333 0.508333333333 0.05)
(0.658333333333 0.516666666666 0.05)
(0.654166666667 0.520833333333 0.05)
(0.654166666667 0.529166666667 0.05)
(0.658333333333 0.533333333333 0.05)
(0.658333333333 0.541666666666 0.05)
(0.654166666667 0.545833333333 0.05)
(0.654166666667 0.554166666666 0.05)
(0.658333333333 0.558333333333 0.05)
(0.658333333333 0.566666666666 0.05)
(0.654166666667 0.570833333333 0.05)
(0.654166666667 0.579166666666 0.05)
(0.658333333334 0.583333333333 0.05)
(0.658333333334 0.591666666666 0.05)
(0.654166666667 0.595833333333 0.05)
(0.654166666667 0.604166666666 0.05)
(0.658333333334 0.608333333333 0.05)
(0.658333333334 0.616666666666 0.05)
(0.654166666667 0.620833333333 0.05)
(0.654166666667 0.629166666666 0.05)
(0.658333333334 0.633333333333 0.05)
(0.658333333334 0.641666666666 0.05)
(0.654166666667 0.645833333333 0.05)
(0.654166666667 0.654166666666 0.05)
(0.658333333334 0.658333333333 0.05)
(0.658333333334 0.666666666666 0.05)
(0.654166666667 0.670833333333 0.05)
(0.654166666667 0.679166666666 0.05)
(0.658333333334 0.683333333333 0.05)
(0.658333333334 0.691666666666 0.05)
(0.654166666667 0.695833333333 0.05)
(0.654166666667 0.704166666666 0.05)
(0.658333333334 0.708333333333 0.05)
(0.658333333334 0.716666666666 0.05)
(0.654166666667 0.720833333333 0.05)
(0.654166666667 0.729166666666 0.05)
(0.658333333334 0.733333333333 0.05)
(0.658333333334 0.741666666666 0.05)
(0.654166666667 0.745833333333 0.05)
(0.654166666667 0.754166666666 0.05)
(0.658333333334 0.758333333333 0.05)
(0.658333333334 0.766666666666 0.05)
(0.654166666667 0.770833333333 0.05)
(0.654166666667 0.779166666666 0.05)
(0.658333333334 0.783333333333 0.05)
(0.658333333334 0.791666666666 0.05)
(0.654166666667 0.795833333333 0.05)
(0.654166666667 0.804166666666 0.05)
(0.658333333334 0.808333333333 0.05)
(0.658333333334 0.816666666666 0.05)
(0.654166666667 0.820833333333 0.05)
(0.654166666667 0.829166666666 0.05)
(0.658333333334 0.833333333333 0.05)
(0.658333333334 0.841666666666 0.05)
(0.654166666667 0.845833333333 0.05)
(0.654166666667 0.854166666666 0.05)
(0.658333333334 0.858333333333 0.05)
(0.658333333334 0.866666666666 0.05)
(0.654166666667 0.870833333333 0.05)
(0.654166666667 0.879166666666 0.05)
(0.658333333334 0.883333333333 0.05)
(0.658333333334 0.891666666666 0.05)
(0.654166666667 0.895833333333 0.05)
(0.654166666667 0.904166666666 0.05)
(0.658333333334 0.908333333333 0.05)
(0.658333333334 0.916666666666 0.05)
(0.654166666668 0.920833333333 0.05)
(0.654166666668 0.929166666666 0.05)
(0.658333333334 0.933333333333 0.05)
(0.658333333334 0.941666666666 0.05)
(0.654166666668 0.945833333333 0.05)
(0.654166666668 0.954166666667 0.05)
(0.658333333334 0.958333333333 0.05)
(0.658333333334 0.966666666667 0.05)
(0.654166666668 0.970833333333 0.05)
(0.654166666668 0.979166666667 0.05)
(0.658333333334 0.983333333333 0.05)
(0.658333333334 0.991666666667 0.05)
(0.654166666668 0.995833333333 0.05)
(0.670833333332 0.00416666666667 0.05)
(0.666666666666 0.00833333333333 0.05)
(0.666666666666 0.0166666666667 0.05)
(0.670833333333 0.0208333333333 0.05)
(0.670833333333 0.0291666666667 0.05)
(0.666666666666 0.0333333333333 0.05)
(0.666666666666 0.0416666666667 0.05)
(0.670833333333 0.0458333333333 0.05)
(0.670833333333 0.0541666666667 0.05)
(0.666666666666 0.0583333333333 0.05)
(0.666666666666 0.0666666666667 0.05)
(0.670833333333 0.0708333333333 0.05)
(0.670833333333 0.0791666666667 0.05)
(0.666666666666 0.0833333333333 0.05)
(0.666666666666 0.0916666666667 0.05)
(0.670833333333 0.0958333333333 0.05)
(0.670833333333 0.104166666667 0.05)
(0.666666666666 0.108333333333 0.05)
(0.666666666666 0.116666666667 0.05)
(0.670833333333 0.120833333333 0.05)
(0.670833333333 0.129166666667 0.05)
(0.666666666666 0.133333333333 0.05)
(0.666666666666 0.141666666667 0.05)
(0.670833333333 0.145833333333 0.05)
(0.670833333333 0.154166666667 0.05)
(0.666666666666 0.158333333333 0.05)
(0.666666666666 0.166666666667 0.05)
(0.670833333333 0.170833333333 0.05)
(0.670833333333 0.179166666667 0.05)
(0.666666666666 0.183333333333 0.05)
(0.666666666666 0.191666666667 0.05)
(0.670833333333 0.195833333333 0.05)
(0.670833333333 0.204166666667 0.05)
(0.666666666666 0.208333333333 0.05)
(0.666666666666 0.216666666667 0.05)
(0.670833333333 0.220833333333 0.05)
(0.670833333333 0.229166666667 0.05)
(0.666666666666 0.233333333333 0.05)
(0.666666666666 0.241666666667 0.05)
(0.670833333333 0.245833333333 0.05)
(0.670833333333 0.254166666667 0.05)
(0.666666666666 0.258333333333 0.05)
(0.666666666666 0.266666666667 0.05)
(0.670833333333 0.270833333333 0.05)
(0.670833333333 0.279166666667 0.05)
(0.666666666666 0.283333333333 0.05)
(0.666666666666 0.291666666667 0.05)
(0.670833333333 0.295833333333 0.05)
(0.670833333333 0.304166666667 0.05)
(0.666666666666 0.308333333333 0.05)
(0.666666666666 0.316666666667 0.05)
(0.670833333333 0.320833333333 0.05)
(0.670833333333 0.329166666667 0.05)
(0.666666666666 0.333333333333 0.05)
(0.666666666666 0.341666666667 0.05)
(0.670833333333 0.345833333333 0.05)
(0.670833333333 0.354166666667 0.05)
(0.666666666666 0.358333333333 0.05)
(0.666666666666 0.366666666667 0.05)
(0.670833333333 0.370833333333 0.05)
(0.670833333333 0.379166666667 0.05)
(0.666666666666 0.383333333333 0.05)
(0.666666666666 0.391666666667 0.05)
(0.670833333333 0.395833333333 0.05)
(0.670833333333 0.404166666667 0.05)
(0.666666666667 0.408333333333 0.05)
(0.666666666667 0.416666666667 0.05)
(0.670833333333 0.420833333333 0.05)
(0.670833333333 0.429166666667 0.05)
(0.666666666667 0.433333333333 0.05)
(0.666666666667 0.441666666667 0.05)
(0.670833333333 0.445833333333 0.05)
(0.670833333333 0.454166666666 0.05)
(0.666666666667 0.458333333333 0.05)
(0.666666666667 0.466666666666 0.05)
(0.670833333333 0.470833333333 0.05)
(0.670833333333 0.479166666666 0.05)
(0.666666666667 0.483333333333 0.05)
(0.666666666667 0.491666666666 0.05)
(0.670833333333 0.495833333333 0.05)
(0.670833333333 0.504166666666 0.05)
(0.666666666667 0.508333333333 0.05)
(0.666666666667 0.516666666666 0.05)
(0.670833333333 0.520833333333 0.05)
(0.670833333333 0.529166666666 0.05)
(0.666666666667 0.533333333333 0.05)
(0.666666666667 0.541666666666 0.05)
(0.670833333333 0.545833333333 0.05)
(0.670833333333 0.554166666666 0.05)
(0.666666666667 0.558333333333 0.05)
(0.666666666667 0.566666666666 0.05)
(0.670833333333 0.570833333333 0.05)
(0.670833333333 0.579166666666 0.05)
(0.666666666667 0.583333333333 0.05)
(0.666666666667 0.591666666666 0.05)
(0.670833333334 0.595833333333 0.05)
(0.670833333334 0.604166666666 0.05)
(0.666666666667 0.608333333333 0.05)
(0.666666666667 0.616666666666 0.05)
(0.670833333334 0.620833333333 0.05)
(0.670833333334 0.629166666666 0.05)
(0.666666666667 0.633333333333 0.05)
(0.666666666667 0.641666666666 0.05)
(0.670833333334 0.645833333333 0.05)
(0.670833333334 0.654166666666 0.05)
(0.666666666667 0.658333333333 0.05)
(0.666666666667 0.666666666666 0.05)
(0.670833333334 0.670833333333 0.05)
(0.670833333334 0.679166666666 0.05)
(0.666666666667 0.683333333333 0.05)
(0.666666666667 0.691666666666 0.05)
(0.670833333334 0.695833333333 0.05)
(0.670833333334 0.704166666666 0.05)
(0.666666666667 0.708333333333 0.05)
(0.666666666667 0.716666666666 0.05)
(0.670833333334 0.720833333333 0.05)
(0.670833333334 0.729166666666 0.05)
(0.666666666667 0.733333333333 0.05)
(0.666666666667 0.741666666666 0.05)
(0.670833333334 0.745833333333 0.05)
(0.670833333334 0.754166666666 0.05)
(0.666666666667 0.758333333333 0.05)
(0.666666666667 0.766666666666 0.05)
(0.670833333334 0.770833333333 0.05)
(0.670833333334 0.779166666666 0.05)
(0.666666666667 0.783333333333 0.05)
(0.666666666667 0.791666666666 0.05)
(0.670833333334 0.795833333333 0.05)
(0.670833333334 0.804166666666 0.05)
(0.666666666667 0.808333333333 0.05)
(0.666666666667 0.816666666666 0.05)
(0.670833333334 0.820833333333 0.05)
(0.670833333334 0.829166666666 0.05)
(0.666666666667 0.833333333333 0.05)
(0.666666666667 0.841666666666 0.05)
(0.670833333334 0.845833333333 0.05)
(0.670833333334 0.854166666666 0.05)
(0.666666666667 0.858333333333 0.05)
(0.666666666667 0.866666666666 0.05)
(0.670833333334 0.870833333333 0.05)
(0.670833333334 0.879166666666 0.05)
(0.666666666667 0.883333333333 0.05)
(0.666666666667 0.891666666666 0.05)
(0.670833333334 0.895833333333 0.05)
(0.670833333334 0.904166666666 0.05)
(0.666666666667 0.908333333333 0.05)
(0.666666666667 0.916666666666 0.05)
(0.670833333334 0.920833333333 0.05)
(0.670833333334 0.929166666666 0.05)
(0.666666666667 0.933333333333 0.05)
(0.666666666667 0.941666666666 0.05)
(0.670833333334 0.945833333333 0.05)
(0.670833333334 0.954166666667 0.05)
(0.666666666668 0.958333333333 0.05)
(0.666666666668 0.966666666667 0.05)
(0.670833333334 0.970833333333 0.05)
(0.670833333334 0.979166666667 0.05)
(0.666666666668 0.983333333333 0.05)
(0.666666666668 0.991666666667 0.05)
(0.670833333334 0.995833333333 0.05)
(0.679166666666 0.00416666666667 0.05)
(0.683333333333 0.00833333333333 0.05)
(0.683333333333 0.0166666666667 0.05)
(0.679166666666 0.0208333333333 0.05)
(0.679166666666 0.0291666666667 0.05)
(0.683333333333 0.0333333333333 0.05)
(0.683333333333 0.0416666666667 0.05)
(0.679166666666 0.0458333333333 0.05)
(0.679166666666 0.0541666666667 0.05)
(0.683333333333 0.0583333333333 0.05)
(0.683333333333 0.0666666666667 0.05)
(0.679166666666 0.0708333333333 0.05)
(0.679166666666 0.0791666666667 0.05)
(0.683333333333 0.0833333333333 0.05)
(0.683333333333 0.0916666666667 0.05)
(0.679166666666 0.0958333333333 0.05)
(0.679166666666 0.104166666667 0.05)
(0.683333333333 0.108333333333 0.05)
(0.683333333333 0.116666666667 0.05)
(0.679166666666 0.120833333333 0.05)
(0.679166666666 0.129166666667 0.05)
(0.683333333333 0.133333333333 0.05)
(0.683333333333 0.141666666667 0.05)
(0.679166666666 0.145833333333 0.05)
(0.679166666666 0.154166666667 0.05)
(0.683333333333 0.158333333333 0.05)
(0.683333333333 0.166666666667 0.05)
(0.679166666666 0.170833333333 0.05)
(0.679166666666 0.179166666667 0.05)
(0.683333333333 0.183333333333 0.05)
(0.683333333333 0.191666666667 0.05)
(0.679166666666 0.195833333333 0.05)
(0.679166666666 0.204166666667 0.05)
(0.683333333333 0.208333333333 0.05)
(0.683333333333 0.216666666667 0.05)
(0.679166666666 0.220833333333 0.05)
(0.679166666666 0.229166666667 0.05)
(0.683333333333 0.233333333333 0.05)
(0.683333333333 0.241666666667 0.05)
(0.679166666666 0.245833333333 0.05)
(0.679166666666 0.254166666667 0.05)
(0.683333333333 0.258333333333 0.05)
(0.683333333333 0.266666666667 0.05)
(0.679166666666 0.270833333333 0.05)
(0.679166666666 0.279166666667 0.05)
(0.683333333333 0.283333333333 0.05)
(0.683333333333 0.291666666667 0.05)
(0.679166666666 0.295833333333 0.05)
(0.679166666666 0.304166666667 0.05)
(0.683333333333 0.308333333333 0.05)
(0.683333333333 0.316666666667 0.05)
(0.679166666666 0.320833333333 0.05)
(0.679166666666 0.329166666667 0.05)
(0.683333333333 0.333333333333 0.05)
(0.683333333333 0.341666666667 0.05)
(0.679166666666 0.345833333333 0.05)
(0.679166666666 0.354166666667 0.05)
(0.683333333333 0.358333333333 0.05)
(0.683333333333 0.366666666667 0.05)
(0.679166666666 0.370833333333 0.05)
(0.679166666666 0.379166666667 0.05)
(0.683333333333 0.383333333333 0.05)
(0.683333333333 0.391666666666 0.05)
(0.679166666666 0.395833333333 0.05)
(0.679166666667 0.404166666667 0.05)
(0.683333333333 0.408333333333 0.05)
(0.683333333333 0.416666666666 0.05)
(0.679166666667 0.420833333333 0.05)
(0.679166666667 0.429166666666 0.05)
(0.683333333333 0.433333333333 0.05)
(0.683333333333 0.441666666666 0.05)
(0.679166666667 0.445833333333 0.05)
(0.679166666667 0.454166666666 0.05)
(0.683333333333 0.458333333333 0.05)
(0.683333333333 0.466666666666 0.05)
(0.679166666667 0.470833333333 0.05)
(0.679166666667 0.479166666666 0.05)
(0.683333333333 0.483333333333 0.05)
(0.683333333333 0.491666666666 0.05)
(0.679166666667 0.495833333333 0.05)
(0.679166666667 0.504166666666 0.05)
(0.683333333333 0.508333333333 0.05)
(0.683333333333 0.516666666666 0.05)
(0.679166666667 0.520833333333 0.05)
(0.679166666667 0.529166666666 0.05)
(0.683333333333 0.533333333333 0.05)
(0.683333333333 0.541666666666 0.05)
(0.679166666667 0.545833333333 0.05)
(0.679166666667 0.554166666666 0.05)
(0.683333333333 0.558333333333 0.05)
(0.683333333333 0.566666666666 0.05)
(0.679166666667 0.570833333333 0.05)
(0.679166666667 0.579166666666 0.05)
(0.683333333333 0.583333333333 0.05)
(0.683333333333 0.591666666666 0.05)
(0.679166666667 0.595833333333 0.05)
(0.679166666667 0.604166666666 0.05)
(0.683333333333 0.608333333333 0.05)
(0.683333333334 0.616666666666 0.05)
(0.679166666667 0.620833333333 0.05)
(0.679166666667 0.629166666666 0.05)
(0.683333333334 0.633333333333 0.05)
(0.683333333334 0.641666666666 0.05)
(0.679166666667 0.645833333333 0.05)
(0.679166666667 0.654166666666 0.05)
(0.683333333334 0.658333333333 0.05)
(0.683333333334 0.666666666666 0.05)
(0.679166666667 0.670833333333 0.05)
(0.679166666667 0.679166666666 0.05)
(0.683333333334 0.683333333333 0.05)
(0.683333333334 0.691666666666 0.05)
(0.679166666667 0.695833333333 0.05)
(0.679166666667 0.704166666666 0.05)
(0.683333333334 0.708333333333 0.05)
(0.683333333334 0.716666666666 0.05)
(0.679166666667 0.720833333333 0.05)
(0.679166666667 0.729166666666 0.05)
(0.683333333334 0.733333333333 0.05)
(0.683333333334 0.741666666666 0.05)
(0.679166666667 0.745833333333 0.05)
(0.679166666667 0.754166666666 0.05)
(0.683333333334 0.758333333333 0.05)
(0.683333333334 0.766666666666 0.05)
(0.679166666667 0.770833333333 0.05)
(0.679166666667 0.779166666666 0.05)
(0.683333333334 0.783333333333 0.05)
(0.683333333334 0.791666666666 0.05)
(0.679166666667 0.795833333333 0.05)
(0.679166666667 0.804166666666 0.05)
(0.683333333334 0.808333333333 0.05)
(0.683333333334 0.816666666666 0.05)
(0.679166666667 0.820833333333 0.05)
(0.679166666667 0.829166666666 0.05)
(0.683333333334 0.833333333333 0.05)
(0.683333333334 0.841666666666 0.05)
(0.679166666667 0.845833333333 0.05)
(0.679166666667 0.854166666666 0.05)
(0.683333333334 0.858333333333 0.05)
(0.683333333334 0.866666666666 0.05)
(0.679166666667 0.870833333333 0.05)
(0.679166666667 0.879166666666 0.05)
(0.683333333334 0.883333333333 0.05)
(0.683333333334 0.891666666666 0.05)
(0.679166666667 0.895833333333 0.05)
(0.679166666667 0.904166666666 0.05)
(0.683333333334 0.908333333333 0.05)
(0.683333333334 0.916666666666 0.05)
(0.679166666667 0.920833333333 0.05)
(0.679166666667 0.929166666666 0.05)
(0.683333333334 0.933333333333 0.05)
(0.683333333334 0.941666666666 0.05)
(0.679166666667 0.945833333333 0.05)
(0.679166666667 0.954166666667 0.05)
(0.683333333334 0.958333333333 0.05)
(0.683333333334 0.966666666667 0.05)
(0.679166666667 0.970833333333 0.05)
(0.679166666667 0.979166666667 0.05)
(0.683333333334 0.983333333333 0.05)
(0.683333333334 0.991666666667 0.05)
(0.679166666667 0.995833333333 0.05)
(0.695833333333 0.00416666666667 0.05)
(0.691666666666 0.00833333333333 0.05)
(0.691666666666 0.0166666666667 0.05)
(0.695833333333 0.0208333333333 0.05)
(0.695833333333 0.0291666666667 0.05)
(0.691666666666 0.0333333333333 0.05)
(0.691666666666 0.0416666666667 0.05)
(0.695833333333 0.0458333333333 0.05)
(0.695833333333 0.0541666666667 0.05)
(0.691666666666 0.0583333333333 0.05)
(0.691666666666 0.0666666666667 0.05)
(0.695833333333 0.0708333333333 0.05)
(0.695833333333 0.0791666666667 0.05)
(0.691666666666 0.0833333333333 0.05)
(0.691666666666 0.0916666666667 0.05)
(0.695833333333 0.0958333333333 0.05)
(0.695833333333 0.104166666667 0.05)
(0.691666666666 0.108333333333 0.05)
(0.691666666666 0.116666666667 0.05)
(0.695833333333 0.120833333333 0.05)
(0.695833333333 0.129166666667 0.05)
(0.691666666666 0.133333333333 0.05)
(0.691666666666 0.141666666667 0.05)
(0.695833333333 0.145833333333 0.05)
(0.695833333333 0.154166666667 0.05)
(0.691666666666 0.158333333333 0.05)
(0.691666666666 0.166666666667 0.05)
(0.695833333333 0.170833333333 0.05)
(0.695833333333 0.179166666667 0.05)
(0.691666666666 0.183333333333 0.05)
(0.691666666666 0.191666666667 0.05)
(0.695833333333 0.195833333333 0.05)
(0.695833333333 0.204166666667 0.05)
(0.691666666666 0.208333333333 0.05)
(0.691666666666 0.216666666667 0.05)
(0.695833333333 0.220833333333 0.05)
(0.695833333333 0.229166666667 0.05)
(0.691666666666 0.233333333333 0.05)
(0.691666666666 0.241666666667 0.05)
(0.695833333333 0.245833333333 0.05)
(0.695833333333 0.254166666667 0.05)
(0.691666666666 0.258333333333 0.05)
(0.691666666666 0.266666666667 0.05)
(0.695833333333 0.270833333333 0.05)
(0.695833333333 0.279166666667 0.05)
(0.691666666666 0.283333333333 0.05)
(0.691666666666 0.291666666667 0.05)
(0.695833333333 0.295833333333 0.05)
(0.695833333333 0.304166666667 0.05)
(0.691666666666 0.308333333333 0.05)
(0.691666666666 0.316666666667 0.05)
(0.695833333333 0.320833333333 0.05)
(0.695833333333 0.329166666667 0.05)
(0.691666666666 0.333333333333 0.05)
(0.691666666666 0.341666666667 0.05)
(0.695833333333 0.345833333333 0.05)
(0.695833333333 0.354166666666 0.05)
(0.691666666666 0.358333333333 0.05)
(0.691666666666 0.366666666666 0.05)
(0.695833333333 0.370833333333 0.05)
(0.695833333333 0.379166666666 0.05)
(0.691666666666 0.383333333333 0.05)
(0.691666666666 0.391666666666 0.05)
(0.695833333333 0.395833333333 0.05)
(0.695833333333 0.404166666666 0.05)
(0.691666666666 0.408333333333 0.05)
(0.691666666667 0.416666666666 0.05)
(0.695833333333 0.420833333333 0.05)
(0.695833333333 0.429166666666 0.05)
(0.691666666667 0.433333333333 0.05)
(0.691666666667 0.441666666666 0.05)
(0.695833333333 0.445833333333 0.05)
(0.695833333333 0.454166666666 0.05)
(0.691666666667 0.458333333333 0.05)
(0.691666666667 0.466666666666 0.05)
(0.695833333333 0.470833333333 0.05)
(0.695833333333 0.479166666666 0.05)
(0.691666666667 0.483333333333 0.05)
(0.691666666667 0.491666666666 0.05)
(0.695833333333 0.495833333333 0.05)
(0.695833333333 0.504166666666 0.05)
(0.691666666667 0.508333333333 0.05)
(0.691666666667 0.516666666666 0.05)
(0.695833333333 0.520833333333 0.05)
(0.695833333333 0.529166666666 0.05)
(0.691666666667 0.533333333333 0.05)
(0.691666666667 0.541666666666 0.05)
(0.695833333333 0.545833333333 0.05)
(0.695833333333 0.554166666666 0.05)
(0.691666666667 0.558333333333 0.05)
(0.691666666667 0.566666666666 0.05)
(0.695833333333 0.570833333333 0.05)
(0.695833333333 0.579166666666 0.05)
(0.691666666667 0.583333333333 0.05)
(0.691666666667 0.591666666666 0.05)
(0.695833333333 0.595833333333 0.05)
(0.695833333333 0.604166666666 0.05)
(0.691666666667 0.608333333333 0.05)
(0.691666666667 0.616666666666 0.05)
(0.695833333333 0.620833333333 0.05)
(0.695833333333 0.629166666666 0.05)
(0.691666666667 0.633333333333 0.05)
(0.691666666667 0.641666666666 0.05)
(0.695833333334 0.645833333333 0.05)
(0.695833333334 0.654166666666 0.05)
(0.691666666667 0.658333333333 0.05)
(0.691666666667 0.666666666666 0.05)
(0.695833333334 0.670833333333 0.05)
(0.695833333334 0.679166666666 0.05)
(0.691666666667 0.683333333333 0.05)
(0.691666666667 0.691666666666 0.05)
(0.695833333334 0.695833333333 0.05)
(0.695833333334 0.704166666666 0.05)
(0.691666666667 0.708333333333 0.05)
(0.691666666667 0.716666666666 0.05)
(0.695833333334 0.720833333333 0.05)
(0.695833333334 0.729166666666 0.05)
(0.691666666667 0.733333333333 0.05)
(0.691666666667 0.741666666666 0.05)
(0.695833333334 0.745833333333 0.05)
(0.695833333334 0.754166666666 0.05)
(0.691666666667 0.758333333333 0.05)
(0.691666666667 0.766666666666 0.05)
(0.695833333334 0.770833333333 0.05)
(0.695833333334 0.779166666666 0.05)
(0.691666666667 0.783333333333 0.05)
(0.691666666667 0.791666666666 0.05)
(0.695833333334 0.795833333333 0.05)
(0.695833333334 0.804166666666 0.05)
(0.691666666667 0.808333333333 0.05)
(0.691666666667 0.816666666666 0.05)
(0.695833333334 0.820833333333 0.05)
(0.695833333334 0.829166666666 0.05)
(0.691666666667 0.833333333333 0.05)
(0.691666666667 0.841666666666 0.05)
(0.695833333334 0.845833333333 0.05)
(0.695833333334 0.854166666666 0.05)
(0.691666666667 0.858333333333 0.05)
(0.691666666667 0.866666666666 0.05)
(0.695833333334 0.870833333333 0.05)
(0.695833333334 0.879166666666 0.05)
(0.691666666667 0.883333333333 0.05)
(0.691666666667 0.891666666666 0.05)
(0.695833333334 0.895833333333 0.05)
(0.695833333334 0.904166666666 0.05)
(0.691666666667 0.908333333333 0.05)
(0.691666666667 0.916666666666 0.05)
(0.695833333334 0.920833333333 0.05)
(0.695833333334 0.929166666666 0.05)
(0.691666666667 0.933333333333 0.05)
(0.691666666667 0.941666666666 0.05)
(0.695833333334 0.945833333333 0.05)
(0.695833333334 0.954166666667 0.05)
(0.691666666667 0.958333333333 0.05)
(0.691666666667 0.966666666667 0.05)
(0.695833333334 0.970833333333 0.05)
(0.695833333334 0.979166666667 0.05)
(0.691666666667 0.983333333333 0.05)
(0.691666666667 0.991666666667 0.05)
(0.695833333334 0.995833333333 0.05)
(0.704166666666 0.00416666666667 0.05)
(0.708333333333 0.00833333333333 0.05)
(0.708333333333 0.0166666666667 0.05)
(0.704166666666 0.0208333333333 0.05)
(0.704166666666 0.0291666666667 0.05)
(0.708333333333 0.0333333333333 0.05)
(0.708333333333 0.0416666666667 0.05)
(0.704166666666 0.0458333333333 0.05)
(0.704166666666 0.0541666666667 0.05)
(0.708333333333 0.0583333333333 0.05)
(0.708333333333 0.0666666666667 0.05)
(0.704166666666 0.0708333333333 0.05)
(0.704166666666 0.0791666666667 0.05)
(0.708333333333 0.0833333333333 0.05)
(0.708333333333 0.0916666666667 0.05)
(0.704166666666 0.0958333333333 0.05)
(0.704166666666 0.104166666667 0.05)
(0.708333333333 0.108333333333 0.05)
(0.708333333333 0.116666666667 0.05)
(0.704166666666 0.120833333333 0.05)
(0.704166666666 0.129166666667 0.05)
(0.708333333333 0.133333333333 0.05)
(0.708333333333 0.141666666667 0.05)
(0.704166666666 0.145833333333 0.05)
(0.704166666666 0.154166666667 0.05)
(0.708333333333 0.158333333333 0.05)
(0.708333333333 0.166666666667 0.05)
(0.704166666666 0.170833333333 0.05)
(0.704166666666 0.179166666667 0.05)
(0.708333333333 0.183333333333 0.05)
(0.708333333333 0.191666666667 0.05)
(0.704166666666 0.195833333333 0.05)
(0.704166666666 0.204166666667 0.05)
(0.708333333333 0.208333333333 0.05)
(0.708333333333 0.216666666667 0.05)
(0.704166666666 0.220833333333 0.05)
(0.704166666666 0.229166666667 0.05)
(0.708333333333 0.233333333333 0.05)
(0.708333333333 0.241666666667 0.05)
(0.704166666666 0.245833333333 0.05)
(0.704166666666 0.254166666667 0.05)
(0.708333333333 0.258333333333 0.05)
(0.708333333333 0.266666666667 0.05)
(0.704166666666 0.270833333333 0.05)
(0.704166666666 0.279166666667 0.05)
(0.708333333333 0.283333333333 0.05)
(0.708333333333 0.291666666667 0.05)
(0.704166666666 0.295833333333 0.05)
(0.704166666666 0.304166666667 0.05)
(0.708333333333 0.308333333333 0.05)
(0.708333333333 0.316666666666 0.05)
(0.704166666666 0.320833333333 0.05)
(0.704166666666 0.329166666666 0.05)
(0.708333333333 0.333333333333 0.05)
(0.708333333333 0.341666666666 0.05)
(0.704166666666 0.345833333333 0.05)
(0.704166666666 0.354166666666 0.05)
(0.708333333333 0.358333333333 0.05)
(0.708333333333 0.366666666666 0.05)
(0.704166666666 0.370833333333 0.05)
(0.704166666666 0.379166666666 0.05)
(0.708333333333 0.383333333333 0.05)
(0.708333333333 0.391666666666 0.05)
(0.704166666666 0.395833333333 0.05)
(0.704166666666 0.404166666666 0.05)
(0.708333333333 0.408333333333 0.05)
(0.708333333333 0.416666666666 0.05)
(0.704166666666 0.420833333333 0.05)
(0.704166666667 0.429166666666 0.05)
(0.708333333333 0.433333333333 0.05)
(0.708333333333 0.441666666666 0.05)
(0.704166666667 0.445833333333 0.05)
(0.704166666667 0.454166666666 0.05)
(0.708333333333 0.458333333333 0.05)
(0.708333333333 0.466666666666 0.05)
(0.704166666667 0.470833333333 0.05)
(0.704166666667 0.479166666666 0.05)
(0.708333333333 0.483333333333 0.05)
(0.708333333333 0.491666666666 0.05)
(0.704166666667 0.495833333333 0.05)
(0.704166666667 0.504166666666 0.05)
(0.708333333333 0.508333333333 0.05)
(0.708333333333 0.516666666666 0.05)
(0.704166666667 0.520833333333 0.05)
(0.704166666667 0.529166666666 0.05)
(0.708333333333 0.533333333333 0.05)
(0.708333333333 0.541666666666 0.05)
(0.704166666667 0.545833333333 0.05)
(0.704166666667 0.554166666666 0.05)
(0.708333333333 0.558333333333 0.05)
(0.708333333333 0.566666666666 0.05)
(0.704166666667 0.570833333333 0.05)
(0.704166666667 0.579166666666 0.05)
(0.708333333333 0.583333333333 0.05)
(0.708333333333 0.591666666666 0.05)
(0.704166666667 0.595833333333 0.05)
(0.704166666667 0.604166666666 0.05)
(0.708333333333 0.608333333333 0.05)
(0.708333333333 0.616666666666 0.05)
(0.704166666667 0.620833333333 0.05)
(0.704166666667 0.629166666666 0.05)
(0.708333333333 0.633333333333 0.05)
(0.708333333333 0.641666666666 0.05)
(0.704166666667 0.645833333333 0.05)
(0.704166666667 0.654166666666 0.05)
(0.708333333333 0.658333333333 0.05)
(0.708333333334 0.666666666666 0.05)
(0.704166666667 0.670833333333 0.05)
(0.704166666667 0.679166666666 0.05)
(0.708333333334 0.683333333333 0.05)
(0.708333333334 0.691666666666 0.05)
(0.704166666667 0.695833333333 0.05)
(0.704166666667 0.704166666666 0.05)
(0.708333333334 0.708333333333 0.05)
(0.708333333334 0.716666666666 0.05)
(0.704166666667 0.720833333333 0.05)
(0.704166666667 0.729166666666 0.05)
(0.708333333334 0.733333333333 0.05)
(0.708333333334 0.741666666666 0.05)
(0.704166666667 0.745833333333 0.05)
(0.704166666667 0.754166666666 0.05)
(0.708333333334 0.758333333333 0.05)
(0.708333333334 0.766666666666 0.05)
(0.704166666667 0.770833333333 0.05)
(0.704166666667 0.779166666666 0.05)
(0.708333333334 0.783333333333 0.05)
(0.708333333334 0.791666666666 0.05)
(0.704166666667 0.795833333333 0.05)
(0.704166666667 0.804166666666 0.05)
(0.708333333334 0.808333333333 0.05)
(0.708333333334 0.816666666666 0.05)
(0.704166666667 0.820833333333 0.05)
(0.704166666667 0.829166666666 0.05)
(0.708333333334 0.833333333333 0.05)
(0.708333333334 0.841666666666 0.05)
(0.704166666667 0.845833333333 0.05)
(0.704166666667 0.854166666666 0.05)
(0.708333333334 0.858333333333 0.05)
(0.708333333334 0.866666666666 0.05)
(0.704166666667 0.870833333333 0.05)
(0.704166666667 0.879166666666 0.05)
(0.708333333334 0.883333333333 0.05)
(0.708333333334 0.891666666666 0.05)
(0.704166666667 0.895833333333 0.05)
(0.704166666667 0.904166666666 0.05)
(0.708333333334 0.908333333333 0.05)
(0.708333333334 0.916666666666 0.05)
(0.704166666667 0.920833333333 0.05)
(0.704166666667 0.929166666666 0.05)
(0.708333333334 0.933333333333 0.05)
(0.708333333334 0.941666666666 0.05)
(0.704166666667 0.945833333333 0.05)
(0.704166666667 0.954166666667 0.05)
(0.708333333334 0.958333333333 0.05)
(0.708333333334 0.966666666667 0.05)
(0.704166666667 0.970833333333 0.05)
(0.704166666667 0.979166666667 0.05)
(0.708333333334 0.983333333333 0.05)
(0.708333333334 0.991666666667 0.05)
(0.704166666667 0.995833333333 0.05)
(0.720833333333 0.00416666666667 0.05)
(0.716666666666 0.00833333333333 0.05)
(0.716666666666 0.0166666666667 0.05)
(0.720833333333 0.0208333333333 0.05)
(0.720833333333 0.0291666666667 0.05)
(0.716666666666 0.0333333333333 0.05)
(0.716666666666 0.0416666666667 0.05)
(0.720833333333 0.0458333333333 0.05)
(0.720833333333 0.0541666666667 0.05)
(0.716666666666 0.0583333333333 0.05)
(0.716666666666 0.0666666666666 0.05)
(0.720833333333 0.0708333333333 0.05)
(0.720833333333 0.0791666666666 0.05)
(0.716666666666 0.0833333333333 0.05)
(0.716666666666 0.0916666666667 0.05)
(0.720833333333 0.0958333333333 0.05)
(0.720833333333 0.104166666667 0.05)
(0.716666666666 0.108333333333 0.05)
(0.716666666666 0.116666666667 0.05)
(0.720833333333 0.120833333333 0.05)
(0.720833333333 0.129166666667 0.05)
(0.716666666666 0.133333333333 0.05)
(0.716666666666 0.141666666667 0.05)
(0.720833333333 0.145833333333 0.05)
(0.720833333333 0.154166666667 0.05)
(0.716666666666 0.158333333333 0.05)
(0.716666666666 0.166666666667 0.05)
(0.720833333333 0.170833333333 0.05)
(0.720833333333 0.179166666667 0.05)
(0.716666666666 0.183333333333 0.05)
(0.716666666666 0.191666666667 0.05)
(0.720833333333 0.195833333333 0.05)
(0.720833333333 0.204166666667 0.05)
(0.716666666666 0.208333333333 0.05)
(0.716666666666 0.216666666667 0.05)
(0.720833333333 0.220833333333 0.05)
(0.720833333333 0.229166666667 0.05)
(0.716666666666 0.233333333333 0.05)
(0.716666666666 0.241666666667 0.05)
(0.720833333333 0.245833333333 0.05)
(0.720833333333 0.254166666667 0.05)
(0.716666666666 0.258333333333 0.05)
(0.716666666666 0.266666666667 0.05)
(0.720833333333 0.270833333333 0.05)
(0.720833333333 0.279166666667 0.05)
(0.716666666666 0.283333333333 0.05)
(0.716666666666 0.291666666667 0.05)
(0.720833333333 0.295833333333 0.05)
(0.720833333333 0.304166666666 0.05)
(0.716666666666 0.308333333333 0.05)
(0.716666666666 0.316666666666 0.05)
(0.720833333333 0.320833333333 0.05)
(0.720833333333 0.329166666666 0.05)
(0.716666666666 0.333333333333 0.05)
(0.716666666666 0.341666666666 0.05)
(0.720833333333 0.345833333333 0.05)
(0.720833333333 0.354166666666 0.05)
(0.716666666666 0.358333333333 0.05)
(0.716666666666 0.366666666666 0.05)
(0.720833333333 0.370833333333 0.05)
(0.720833333333 0.379166666666 0.05)
(0.716666666666 0.383333333333 0.05)
(0.716666666666 0.391666666666 0.05)
(0.720833333333 0.395833333333 0.05)
(0.720833333333 0.404166666666 0.05)
(0.716666666666 0.408333333333 0.05)
(0.716666666666 0.416666666666 0.05)
(0.720833333333 0.420833333333 0.05)
(0.720833333333 0.429166666666 0.05)
(0.716666666666 0.433333333333 0.05)
(0.716666666667 0.441666666666 0.05)
(0.720833333333 0.445833333333 0.05)
(0.720833333333 0.454166666666 0.05)
(0.716666666667 0.458333333333 0.05)
(0.716666666667 0.466666666666 0.05)
(0.720833333333 0.470833333333 0.05)
(0.720833333333 0.479166666666 0.05)
(0.716666666667 0.483333333333 0.05)
(0.716666666667 0.491666666666 0.05)
(0.720833333333 0.495833333333 0.05)
(0.720833333333 0.504166666666 0.05)
(0.716666666667 0.508333333333 0.05)
(0.716666666667 0.516666666666 0.05)
(0.720833333333 0.520833333333 0.05)
(0.720833333333 0.529166666666 0.05)
(0.716666666667 0.533333333333 0.05)
(0.716666666667 0.541666666666 0.05)
(0.720833333333 0.545833333333 0.05)
(0.720833333333 0.554166666666 0.05)
(0.716666666667 0.558333333333 0.05)
(0.716666666667 0.566666666666 0.05)
(0.720833333333 0.570833333333 0.05)
(0.720833333333 0.579166666666 0.05)
(0.716666666667 0.583333333333 0.05)
(0.716666666667 0.591666666666 0.05)
(0.720833333333 0.595833333333 0.05)
(0.720833333333 0.604166666666 0.05)
(0.716666666667 0.608333333333 0.05)
(0.716666666667 0.616666666666 0.05)
(0.720833333333 0.620833333333 0.05)
(0.720833333333 0.629166666666 0.05)
(0.716666666667 0.633333333333 0.05)
(0.716666666667 0.641666666666 0.05)
(0.720833333333 0.645833333333 0.05)
(0.720833333333 0.654166666666 0.05)
(0.716666666667 0.658333333333 0.05)
(0.716666666667 0.666666666666 0.05)
(0.720833333333 0.670833333333 0.05)
(0.720833333333 0.679166666666 0.05)
(0.716666666667 0.683333333333 0.05)
(0.716666666667 0.691666666666 0.05)
(0.720833333333 0.695833333333 0.05)
(0.720833333334 0.704166666666 0.05)
(0.716666666667 0.708333333333 0.05)
(0.716666666667 0.716666666666 0.05)
(0.720833333334 0.720833333333 0.05)
(0.720833333334 0.729166666666 0.05)
(0.716666666667 0.733333333333 0.05)
(0.716666666667 0.741666666666 0.05)
(0.720833333334 0.745833333333 0.05)
(0.720833333334 0.754166666666 0.05)
(0.716666666667 0.758333333333 0.05)
(0.716666666667 0.766666666666 0.05)
(0.720833333334 0.770833333333 0.05)
(0.720833333334 0.779166666666 0.05)
(0.716666666667 0.783333333333 0.05)
(0.716666666667 0.791666666666 0.05)
(0.720833333334 0.795833333333 0.05)
(0.720833333334 0.804166666666 0.05)
(0.716666666667 0.808333333333 0.05)
(0.716666666667 0.816666666666 0.05)
(0.720833333334 0.820833333333 0.05)
(0.720833333334 0.829166666666 0.05)
(0.716666666667 0.833333333333 0.05)
(0.716666666667 0.841666666666 0.05)
(0.720833333334 0.845833333333 0.05)
(0.720833333334 0.854166666666 0.05)
(0.716666666667 0.858333333333 0.05)
(0.716666666667 0.866666666666 0.05)
(0.720833333334 0.870833333333 0.05)
(0.720833333334 0.879166666666 0.05)
(0.716666666667 0.883333333333 0.05)
(0.716666666667 0.891666666666 0.05)
(0.720833333334 0.895833333333 0.05)
(0.720833333334 0.904166666666 0.05)
(0.716666666667 0.908333333333 0.05)
(0.716666666667 0.916666666666 0.05)
(0.720833333334 0.920833333333 0.05)
(0.720833333334 0.929166666666 0.05)
(0.716666666667 0.933333333333 0.05)
(0.716666666667 0.941666666666 0.05)
(0.720833333334 0.945833333333 0.05)
(0.720833333334 0.954166666667 0.05)
(0.716666666667 0.958333333333 0.05)
(0.716666666667 0.966666666667 0.05)
(0.720833333334 0.970833333333 0.05)
(0.720833333334 0.979166666667 0.05)
(0.716666666667 0.983333333333 0.05)
(0.716666666667 0.991666666667 0.05)
(0.720833333334 0.995833333333 0.05)
(0.729166666666 0.00416666666667 0.05)
(0.733333333333 0.00833333333333 0.05)
(0.733333333333 0.0166666666667 0.05)
(0.729166666666 0.0208333333333 0.05)
(0.729166666666 0.0291666666667 0.05)
(0.733333333333 0.0333333333333 0.05)
(0.733333333333 0.0416666666667 0.05)
(0.729166666666 0.0458333333333 0.05)
(0.729166666666 0.0541666666666 0.05)
(0.733333333333 0.0583333333333 0.05)
(0.733333333333 0.0666666666666 0.05)
(0.729166666666 0.0708333333333 0.05)
(0.729166666666 0.0791666666666 0.05)
(0.733333333333 0.0833333333333 0.05)
(0.733333333333 0.0916666666666 0.05)
(0.729166666666 0.0958333333333 0.05)
(0.729166666666 0.104166666667 0.05)
(0.733333333333 0.108333333333 0.05)
(0.733333333333 0.116666666667 0.05)
(0.729166666666 0.120833333333 0.05)
(0.729166666666 0.129166666667 0.05)
(0.733333333333 0.133333333333 0.05)
(0.733333333333 0.141666666667 0.05)
(0.729166666666 0.145833333333 0.05)
(0.729166666666 0.154166666667 0.05)
(0.733333333333 0.158333333333 0.05)
(0.733333333333 0.166666666667 0.05)
(0.729166666666 0.170833333333 0.05)
(0.729166666666 0.179166666667 0.05)
(0.733333333333 0.183333333333 0.05)
(0.733333333333 0.191666666667 0.05)
(0.729166666666 0.195833333333 0.05)
(0.729166666666 0.204166666667 0.05)
(0.733333333333 0.208333333333 0.05)
(0.733333333333 0.216666666667 0.05)
(0.729166666666 0.220833333333 0.05)
(0.729166666666 0.229166666667 0.05)
(0.733333333333 0.233333333333 0.05)
(0.733333333333 0.241666666667 0.05)
(0.729166666666 0.245833333333 0.05)
(0.729166666666 0.254166666667 0.05)
(0.733333333333 0.258333333333 0.05)
(0.733333333333 0.266666666666 0.05)
(0.729166666666 0.270833333333 0.05)
(0.729166666666 0.279166666666 0.05)
(0.733333333333 0.283333333333 0.05)
(0.733333333333 0.291666666666 0.05)
(0.729166666666 0.295833333333 0.05)
(0.729166666666 0.304166666666 0.05)
(0.733333333333 0.308333333333 0.05)
(0.733333333333 0.316666666666 0.05)
(0.729166666666 0.320833333333 0.05)
(0.729166666666 0.329166666666 0.05)
(0.733333333333 0.333333333333 0.05)
(0.733333333333 0.341666666666 0.05)
(0.729166666666 0.345833333333 0.05)
(0.729166666666 0.354166666666 0.05)
(0.733333333333 0.358333333333 0.05)
(0.733333333333 0.366666666666 0.05)
(0.729166666666 0.370833333333 0.05)
(0.729166666666 0.379166666666 0.05)
(0.733333333333 0.383333333333 0.05)
(0.733333333333 0.391666666666 0.05)
(0.729166666666 0.395833333333 0.05)
(0.729166666666 0.404166666666 0.05)
(0.733333333333 0.408333333333 0.05)
(0.733333333333 0.416666666666 0.05)
(0.729166666666 0.420833333333 0.05)
(0.729166666666 0.429166666666 0.05)
(0.733333333333 0.433333333333 0.05)
(0.733333333333 0.441666666666 0.05)
(0.729166666666 0.445833333333 0.05)
(0.729166666666 0.454166666666 0.05)
(0.733333333333 0.458333333333 0.05)
(0.733333333333 0.466666666666 0.05)
(0.729166666667 0.470833333333 0.05)
(0.729166666667 0.479166666666 0.05)
(0.733333333333 0.483333333333 0.05)
(0.733333333333 0.491666666666 0.05)
(0.729166666667 0.495833333333 0.05)
(0.729166666667 0.504166666666 0.05)
(0.733333333333 0.508333333333 0.05)
(0.733333333333 0.516666666666 0.05)
(0.729166666667 0.520833333333 0.05)
(0.729166666667 0.529166666666 0.05)
(0.733333333333 0.533333333333 0.05)
(0.733333333333 0.541666666666 0.05)
(0.729166666667 0.545833333333 0.05)
(0.729166666667 0.554166666666 0.05)
(0.733333333333 0.558333333333 0.05)
(0.733333333333 0.566666666666 0.05)
(0.729166666667 0.570833333333 0.05)
(0.729166666667 0.579166666666 0.05)
(0.733333333333 0.583333333333 0.05)
(0.733333333333 0.591666666666 0.05)
(0.729166666667 0.595833333333 0.05)
(0.729166666667 0.604166666666 0.05)
(0.733333333333 0.608333333333 0.05)
(0.733333333333 0.616666666666 0.05)
(0.729166666667 0.620833333333 0.05)
(0.729166666667 0.629166666666 0.05)
(0.733333333333 0.633333333333 0.05)
(0.733333333333 0.641666666666 0.05)
(0.729166666667 0.645833333333 0.05)
(0.729166666667 0.654166666666 0.05)
(0.733333333333 0.658333333333 0.05)
(0.733333333333 0.666666666666 0.05)
(0.729166666667 0.670833333333 0.05)
(0.729166666667 0.679166666666 0.05)
(0.733333333333 0.683333333333 0.05)
(0.733333333333 0.691666666666 0.05)
(0.729166666667 0.695833333333 0.05)
(0.729166666667 0.704166666666 0.05)
(0.733333333333 0.708333333333 0.05)
(0.733333333333 0.716666666666 0.05)
(0.729166666667 0.720833333333 0.05)
(0.729166666667 0.729166666666 0.05)
(0.733333333333 0.733333333333 0.05)
(0.733333333333 0.741666666666 0.05)
(0.729166666667 0.745833333333 0.05)
(0.729166666667 0.754166666666 0.05)
(0.733333333334 0.758333333333 0.05)
(0.733333333334 0.766666666666 0.05)
(0.729166666667 0.770833333333 0.05)
(0.729166666667 0.779166666666 0.05)
(0.733333333334 0.783333333333 0.05)
(0.733333333334 0.791666666666 0.05)
(0.729166666667 0.795833333333 0.05)
(0.729166666667 0.804166666666 0.05)
(0.733333333334 0.808333333333 0.05)
(0.733333333334 0.816666666666 0.05)
(0.729166666667 0.820833333333 0.05)
(0.729166666667 0.829166666666 0.05)
(0.733333333334 0.833333333333 0.05)
(0.733333333334 0.841666666666 0.05)
(0.729166666667 0.845833333333 0.05)
(0.729166666667 0.854166666666 0.05)
(0.733333333334 0.858333333333 0.05)
(0.733333333334 0.866666666666 0.05)
(0.729166666667 0.870833333333 0.05)
(0.729166666667 0.879166666666 0.05)
(0.733333333334 0.883333333333 0.05)
(0.733333333334 0.891666666666 0.05)
(0.729166666667 0.895833333333 0.05)
(0.729166666667 0.904166666666 0.05)
(0.733333333334 0.908333333333 0.05)
(0.733333333334 0.916666666666 0.05)
(0.729166666667 0.920833333333 0.05)
(0.729166666667 0.929166666666 0.05)
(0.733333333334 0.933333333333 0.05)
(0.733333333334 0.941666666666 0.05)
(0.729166666667 0.945833333333 0.05)
(0.729166666667 0.954166666667 0.05)
(0.733333333334 0.958333333333 0.05)
(0.733333333334 0.966666666667 0.05)
(0.729166666667 0.970833333333 0.05)
(0.729166666667 0.979166666667 0.05)
(0.733333333334 0.983333333333 0.05)
(0.733333333334 0.991666666667 0.05)
(0.729166666667 0.995833333333 0.05)
(0.745833333333 0.00416666666667 0.05)
(0.741666666666 0.00833333333333 0.05)
(0.741666666666 0.0166666666667 0.05)
(0.745833333333 0.0208333333333 0.05)
(0.745833333333 0.0291666666667 0.05)
(0.741666666666 0.0333333333333 0.05)
(0.741666666666 0.0416666666667 0.05)
(0.745833333333 0.0458333333333 0.05)
(0.745833333333 0.0541666666666 0.05)
(0.741666666666 0.0583333333333 0.05)
(0.741666666666 0.0666666666666 0.05)
(0.745833333333 0.0708333333333 0.05)
(0.745833333333 0.0791666666666 0.05)
(0.741666666666 0.0833333333333 0.05)
(0.741666666666 0.0916666666666 0.05)
(0.745833333333 0.0958333333333 0.05)
(0.745833333333 0.104166666667 0.05)
(0.741666666666 0.108333333333 0.05)
(0.741666666666 0.116666666667 0.05)
(0.745833333333 0.120833333333 0.05)
(0.745833333333 0.129166666667 0.05)
(0.741666666666 0.133333333333 0.05)
(0.741666666666 0.141666666667 0.05)
(0.745833333333 0.145833333333 0.05)
(0.745833333333 0.154166666667 0.05)
(0.741666666666 0.158333333333 0.05)
(0.741666666666 0.166666666667 0.05)
(0.745833333333 0.170833333333 0.05)
(0.745833333333 0.179166666667 0.05)
(0.741666666666 0.183333333333 0.05)
(0.741666666666 0.191666666667 0.05)
(0.745833333333 0.195833333333 0.05)
(0.745833333333 0.204166666667 0.05)
(0.741666666666 0.208333333333 0.05)
(0.741666666666 0.216666666667 0.05)
(0.745833333333 0.220833333333 0.05)
(0.745833333333 0.229166666667 0.05)
(0.741666666666 0.233333333333 0.05)
(0.741666666666 0.241666666667 0.05)
(0.745833333333 0.245833333333 0.05)
(0.745833333333 0.254166666666 0.05)
(0.741666666666 0.258333333333 0.05)
(0.741666666666 0.266666666666 0.05)
(0.745833333333 0.270833333333 0.05)
(0.745833333333 0.279166666666 0.05)
(0.741666666666 0.283333333333 0.05)
(0.741666666666 0.291666666666 0.05)
(0.745833333333 0.295833333333 0.05)
(0.745833333333 0.304166666666 0.05)
(0.741666666666 0.308333333333 0.05)
(0.741666666666 0.316666666666 0.05)
(0.745833333333 0.320833333333 0.05)
(0.745833333333 0.329166666666 0.05)
(0.741666666666 0.333333333333 0.05)
(0.741666666666 0.341666666666 0.05)
(0.745833333333 0.345833333333 0.05)
(0.745833333333 0.354166666666 0.05)
(0.741666666666 0.358333333333 0.05)
(0.741666666666 0.366666666666 0.05)
(0.745833333333 0.370833333333 0.05)
(0.745833333333 0.379166666666 0.05)
(0.741666666666 0.383333333333 0.05)
(0.741666666666 0.391666666666 0.05)
(0.745833333333 0.395833333333 0.05)
(0.745833333333 0.404166666666 0.05)
(0.741666666666 0.408333333333 0.05)
(0.741666666666 0.416666666666 0.05)
(0.745833333333 0.420833333333 0.05)
(0.745833333333 0.429166666666 0.05)
(0.741666666666 0.433333333333 0.05)
(0.741666666666 0.441666666666 0.05)
(0.745833333333 0.445833333333 0.05)
(0.745833333333 0.454166666666 0.05)
(0.741666666666 0.458333333333 0.05)
(0.741666666666 0.466666666666 0.05)
(0.745833333333 0.470833333333 0.05)
(0.745833333333 0.479166666666 0.05)
(0.741666666667 0.483333333333 0.05)
(0.741666666667 0.491666666666 0.05)
(0.745833333333 0.495833333333 0.05)
(0.745833333333 0.504166666666 0.05)
(0.741666666667 0.508333333333 0.05)
(0.741666666667 0.516666666666 0.05)
(0.745833333333 0.520833333333 0.05)
(0.745833333333 0.529166666666 0.05)
(0.741666666667 0.533333333333 0.05)
(0.741666666667 0.541666666666 0.05)
(0.745833333333 0.545833333333 0.05)
(0.745833333333 0.554166666666 0.05)
(0.741666666667 0.558333333333 0.05)
(0.741666666667 0.566666666666 0.05)
(0.745833333333 0.570833333333 0.05)
(0.745833333333 0.579166666666 0.05)
(0.741666666667 0.583333333333 0.05)
(0.741666666667 0.591666666666 0.05)
(0.745833333333 0.595833333333 0.05)
(0.745833333333 0.604166666666 0.05)
(0.741666666667 0.608333333333 0.05)
(0.741666666667 0.616666666666 0.05)
(0.745833333333 0.620833333333 0.05)
(0.745833333333 0.629166666666 0.05)
(0.741666666667 0.633333333333 0.05)
(0.741666666667 0.641666666666 0.05)
(0.745833333333 0.645833333333 0.05)
(0.745833333333 0.654166666666 0.05)
(0.741666666667 0.658333333333 0.05)
(0.741666666667 0.666666666666 0.05)
(0.745833333333 0.670833333333 0.05)
(0.745833333333 0.679166666666 0.05)
(0.741666666667 0.683333333333 0.05)
(0.741666666667 0.691666666666 0.05)
(0.745833333333 0.695833333333 0.05)
(0.745833333333 0.704166666666 0.05)
(0.741666666667 0.708333333333 0.05)
(0.741666666667 0.716666666666 0.05)
(0.745833333333 0.720833333333 0.05)
(0.745833333333 0.729166666666 0.05)
(0.741666666667 0.733333333333 0.05)
(0.741666666667 0.741666666666 0.05)
(0.745833333333 0.745833333333 0.05)
(0.745833333333 0.754166666666 0.05)
(0.741666666667 0.758333333333 0.05)
(0.741666666667 0.766666666666 0.05)
(0.745833333333 0.770833333333 0.05)
(0.745833333333 0.779166666666 0.05)
(0.741666666667 0.783333333333 0.05)
(0.741666666667 0.791666666666 0.05)
(0.745833333333 0.795833333333 0.05)
(0.745833333334 0.804166666666 0.05)
(0.741666666667 0.808333333333 0.05)
(0.741666666667 0.816666666666 0.05)
(0.745833333334 0.820833333333 0.05)
(0.745833333334 0.829166666666 0.05)
(0.741666666667 0.833333333333 0.05)
(0.741666666667 0.841666666666 0.05)
(0.745833333334 0.845833333333 0.05)
(0.745833333334 0.854166666666 0.05)
(0.741666666667 0.858333333333 0.05)
(0.741666666667 0.866666666666 0.05)
(0.745833333334 0.870833333333 0.05)
(0.745833333334 0.879166666666 0.05)
(0.741666666667 0.883333333333 0.05)
(0.741666666667 0.891666666666 0.05)
(0.745833333334 0.895833333333 0.05)
(0.745833333334 0.904166666666 0.05)
(0.741666666667 0.908333333333 0.05)
(0.741666666667 0.916666666666 0.05)
(0.745833333334 0.920833333333 0.05)
(0.745833333334 0.929166666666 0.05)
(0.741666666667 0.933333333333 0.05)
(0.741666666667 0.941666666666 0.05)
(0.745833333334 0.945833333333 0.05)
(0.745833333334 0.954166666667 0.05)
(0.741666666667 0.958333333333 0.05)
(0.741666666667 0.966666666667 0.05)
(0.745833333334 0.970833333333 0.05)
(0.745833333334 0.979166666667 0.05)
(0.741666666667 0.983333333333 0.05)
(0.741666666667 0.991666666667 0.05)
(0.745833333334 0.995833333333 0.05)
(0.754166666666 0.00416666666667 0.05)
(0.758333333333 0.00833333333333 0.05)
(0.758333333333 0.0166666666667 0.05)
(0.754166666666 0.0208333333333 0.05)
(0.754166666666 0.0291666666667 0.05)
(0.758333333333 0.0333333333333 0.05)
(0.758333333333 0.0416666666666 0.05)
(0.754166666666 0.0458333333333 0.05)
(0.754166666666 0.0541666666666 0.05)
(0.758333333333 0.0583333333333 0.05)
(0.758333333333 0.0666666666666 0.05)
(0.754166666666 0.0708333333333 0.05)
(0.754166666666 0.0791666666666 0.05)
(0.758333333333 0.0833333333333 0.05)
(0.758333333333 0.0916666666666 0.05)
(0.754166666666 0.0958333333333 0.05)
(0.754166666666 0.104166666667 0.05)
(0.758333333333 0.108333333333 0.05)
(0.758333333333 0.116666666667 0.05)
(0.754166666666 0.120833333333 0.05)
(0.754166666666 0.129166666667 0.05)
(0.758333333333 0.133333333333 0.05)
(0.758333333333 0.141666666667 0.05)
(0.754166666666 0.145833333333 0.05)
(0.754166666666 0.154166666667 0.05)
(0.758333333333 0.158333333333 0.05)
(0.758333333333 0.166666666667 0.05)
(0.754166666666 0.170833333333 0.05)
(0.754166666666 0.179166666667 0.05)
(0.758333333333 0.183333333333 0.05)
(0.758333333333 0.191666666667 0.05)
(0.754166666666 0.195833333333 0.05)
(0.754166666666 0.204166666667 0.05)
(0.758333333333 0.208333333333 0.05)
(0.758333333333 0.216666666667 0.05)
(0.754166666666 0.220833333333 0.05)
(0.754166666666 0.229166666667 0.05)
(0.758333333333 0.233333333333 0.05)
(0.758333333333 0.241666666666 0.05)
(0.754166666666 0.245833333333 0.05)
(0.754166666666 0.254166666666 0.05)
(0.758333333333 0.258333333333 0.05)
(0.758333333333 0.266666666666 0.05)
(0.754166666666 0.270833333333 0.05)
(0.754166666666 0.279166666666 0.05)
(0.758333333333 0.283333333333 0.05)
(0.758333333333 0.291666666666 0.05)
(0.754166666666 0.295833333333 0.05)
(0.754166666666 0.304166666666 0.05)
(0.758333333333 0.308333333333 0.05)
(0.758333333333 0.316666666666 0.05)
(0.754166666666 0.320833333333 0.05)
(0.754166666666 0.329166666666 0.05)
(0.758333333333 0.333333333333 0.05)
(0.758333333333 0.341666666666 0.05)
(0.754166666666 0.345833333333 0.05)
(0.754166666666 0.354166666666 0.05)
(0.758333333333 0.358333333333 0.05)
(0.758333333333 0.366666666666 0.05)
(0.754166666666 0.370833333333 0.05)
(0.754166666666 0.379166666666 0.05)
(0.758333333333 0.383333333333 0.05)
(0.758333333333 0.391666666666 0.05)
(0.754166666666 0.395833333333 0.05)
(0.754166666666 0.404166666666 0.05)
(0.758333333333 0.408333333333 0.05)
(0.758333333333 0.416666666666 0.05)
(0.754166666666 0.420833333333 0.05)
(0.754166666666 0.429166666666 0.05)
(0.758333333333 0.433333333333 0.05)
(0.758333333333 0.441666666666 0.05)
(0.754166666666 0.445833333333 0.05)
(0.754166666666 0.454166666666 0.05)
(0.758333333333 0.458333333333 0.05)
(0.758333333333 0.466666666666 0.05)
(0.754166666666 0.470833333333 0.05)
(0.754166666666 0.479166666666 0.05)
(0.758333333333 0.483333333333 0.05)
(0.758333333333 0.491666666666 0.05)
(0.754166666666 0.495833333333 0.05)
(0.754166666667 0.504166666666 0.05)
(0.758333333333 0.508333333333 0.05)
(0.758333333333 0.516666666666 0.05)
(0.754166666667 0.520833333333 0.05)
(0.754166666667 0.529166666666 0.05)
(0.758333333333 0.533333333333 0.05)
(0.758333333333 0.541666666666 0.05)
(0.754166666667 0.545833333333 0.05)
(0.754166666667 0.554166666666 0.05)
(0.758333333333 0.558333333333 0.05)
(0.758333333333 0.566666666666 0.05)
(0.754166666667 0.570833333333 0.05)
(0.754166666667 0.579166666666 0.05)
(0.758333333333 0.583333333333 0.05)
(0.758333333333 0.591666666666 0.05)
(0.754166666667 0.595833333333 0.05)
(0.754166666667 0.604166666666 0.05)
(0.758333333333 0.608333333333 0.05)
(0.758333333333 0.616666666666 0.05)
(0.754166666667 0.620833333333 0.05)
(0.754166666667 0.629166666666 0.05)
(0.758333333333 0.633333333333 0.05)
(0.758333333333 0.641666666666 0.05)
(0.754166666667 0.645833333333 0.05)
(0.754166666667 0.654166666666 0.05)
(0.758333333333 0.658333333333 0.05)
(0.758333333333 0.666666666666 0.05)
(0.754166666667 0.670833333333 0.05)
(0.754166666667 0.679166666666 0.05)
(0.758333333333 0.683333333333 0.05)
(0.758333333333 0.691666666666 0.05)
(0.754166666667 0.695833333333 0.05)
(0.754166666667 0.704166666666 0.05)
(0.758333333333 0.708333333333 0.05)
(0.758333333333 0.716666666666 0.05)
(0.754166666667 0.720833333333 0.05)
(0.754166666667 0.729166666666 0.05)
(0.758333333333 0.733333333333 0.05)
(0.758333333333 0.741666666666 0.05)
(0.754166666667 0.745833333333 0.05)
(0.754166666667 0.754166666666 0.05)
(0.758333333333 0.758333333333 0.05)
(0.758333333333 0.766666666666 0.05)
(0.754166666667 0.770833333333 0.05)
(0.754166666667 0.779166666666 0.05)
(0.758333333333 0.783333333333 0.05)
(0.758333333333 0.791666666666 0.05)
(0.754166666667 0.795833333333 0.05)
(0.754166666667 0.804166666666 0.05)
(0.758333333333 0.808333333333 0.05)
(0.758333333333 0.816666666666 0.05)
(0.754166666667 0.820833333333 0.05)
(0.754166666667 0.829166666666 0.05)
(0.758333333333 0.833333333333 0.05)
(0.758333333333 0.841666666666 0.05)
(0.754166666667 0.845833333333 0.05)
(0.754166666667 0.854166666666 0.05)
(0.758333333333 0.858333333333 0.05)
(0.758333333333 0.866666666666 0.05)
(0.754166666667 0.870833333333 0.05)
(0.754166666667 0.879166666666 0.05)
(0.758333333334 0.883333333333 0.05)
(0.758333333334 0.891666666666 0.05)
(0.754166666667 0.895833333333 0.05)
(0.754166666667 0.904166666666 0.05)
(0.758333333334 0.908333333333 0.05)
(0.758333333334 0.916666666666 0.05)
(0.754166666667 0.920833333333 0.05)
(0.754166666667 0.929166666666 0.05)
(0.758333333334 0.933333333333 0.05)
(0.758333333334 0.941666666666 0.05)
(0.754166666667 0.945833333333 0.05)
(0.754166666667 0.954166666667 0.05)
(0.758333333334 0.958333333333 0.05)
(0.758333333334 0.966666666667 0.05)
(0.754166666667 0.970833333333 0.05)
(0.754166666667 0.979166666667 0.05)
(0.758333333334 0.983333333333 0.05)
(0.758333333334 0.991666666667 0.05)
(0.754166666667 0.995833333333 0.05)
(0.770833333333 0.00416666666666 0.05)
(0.766666666666 0.00833333333333 0.05)
(0.766666666666 0.0166666666667 0.05)
(0.770833333333 0.0208333333333 0.05)
(0.770833333333 0.0291666666667 0.05)
(0.766666666666 0.0333333333333 0.05)
(0.766666666666 0.0416666666666 0.05)
(0.770833333333 0.0458333333333 0.05)
(0.770833333333 0.0541666666666 0.05)
(0.766666666666 0.0583333333333 0.05)
(0.766666666666 0.0666666666666 0.05)
(0.770833333333 0.0708333333333 0.05)
(0.770833333333 0.0791666666666 0.05)
(0.766666666666 0.0833333333333 0.05)
(0.766666666666 0.0916666666666 0.05)
(0.770833333333 0.0958333333333 0.05)
(0.770833333333 0.104166666667 0.05)
(0.766666666666 0.108333333333 0.05)
(0.766666666666 0.116666666667 0.05)
(0.770833333333 0.120833333333 0.05)
(0.770833333333 0.129166666667 0.05)
(0.766666666666 0.133333333333 0.05)
(0.766666666666 0.141666666667 0.05)
(0.770833333333 0.145833333333 0.05)
(0.770833333333 0.154166666667 0.05)
(0.766666666666 0.158333333333 0.05)
(0.766666666666 0.166666666667 0.05)
(0.770833333333 0.170833333333 0.05)
(0.770833333333 0.179166666667 0.05)
(0.766666666666 0.183333333333 0.05)
(0.766666666666 0.191666666667 0.05)
(0.770833333333 0.195833333333 0.05)
(0.770833333333 0.204166666667 0.05)
(0.766666666666 0.208333333333 0.05)
(0.766666666666 0.216666666667 0.05)
(0.770833333333 0.220833333333 0.05)
(0.770833333333 0.229166666666 0.05)
(0.766666666666 0.233333333333 0.05)
(0.766666666666 0.241666666666 0.05)
(0.770833333333 0.245833333333 0.05)
(0.770833333333 0.254166666666 0.05)
(0.766666666666 0.258333333333 0.05)
(0.766666666666 0.266666666666 0.05)
(0.770833333333 0.270833333333 0.05)
(0.770833333333 0.279166666666 0.05)
(0.766666666666 0.283333333333 0.05)
(0.766666666666 0.291666666666 0.05)
(0.770833333333 0.295833333333 0.05)
(0.770833333333 0.304166666666 0.05)
(0.766666666666 0.308333333333 0.05)
(0.766666666666 0.316666666666 0.05)
(0.770833333333 0.320833333333 0.05)
(0.770833333333 0.329166666666 0.05)
(0.766666666666 0.333333333333 0.05)
(0.766666666666 0.341666666666 0.05)
(0.770833333333 0.345833333333 0.05)
(0.770833333333 0.354166666666 0.05)
(0.766666666666 0.358333333333 0.05)
(0.766666666666 0.366666666666 0.05)
(0.770833333333 0.370833333333 0.05)
(0.770833333333 0.379166666666 0.05)
(0.766666666666 0.383333333333 0.05)
(0.766666666666 0.391666666666 0.05)
(0.770833333333 0.395833333333 0.05)
(0.770833333333 0.404166666666 0.05)
(0.766666666666 0.408333333333 0.05)
(0.766666666666 0.416666666666 0.05)
(0.770833333333 0.420833333333 0.05)
(0.770833333333 0.429166666666 0.05)
(0.766666666666 0.433333333333 0.05)
(0.766666666666 0.441666666666 0.05)
(0.770833333333 0.445833333333 0.05)
(0.770833333333 0.454166666666 0.05)
(0.766666666666 0.458333333333 0.05)
(0.766666666666 0.466666666666 0.05)
(0.770833333333 0.470833333333 0.05)
(0.770833333333 0.479166666666 0.05)
(0.766666666666 0.483333333333 0.05)
(0.766666666666 0.491666666666 0.05)
(0.770833333333 0.495833333333 0.05)
(0.770833333333 0.504166666666 0.05)
(0.766666666666 0.508333333333 0.05)
(0.766666666666 0.516666666666 0.05)
(0.770833333333 0.520833333333 0.05)
(0.770833333333 0.529166666666 0.05)
(0.766666666667 0.533333333333 0.05)
(0.766666666667 0.541666666666 0.05)
(0.770833333333 0.545833333333 0.05)
(0.770833333333 0.554166666666 0.05)
(0.766666666667 0.558333333333 0.05)
(0.766666666667 0.566666666666 0.05)
(0.770833333333 0.570833333333 0.05)
(0.770833333333 0.579166666666 0.05)
(0.766666666667 0.583333333333 0.05)
(0.766666666667 0.591666666666 0.05)
(0.770833333333 0.595833333333 0.05)
(0.770833333333 0.604166666666 0.05)
(0.766666666667 0.608333333333 0.05)
(0.766666666667 0.616666666666 0.05)
(0.770833333333 0.620833333333 0.05)
(0.770833333333 0.629166666666 0.05)
(0.766666666667 0.633333333333 0.05)
(0.766666666667 0.641666666666 0.05)
(0.770833333333 0.645833333333 0.05)
(0.770833333333 0.654166666666 0.05)
(0.766666666667 0.658333333333 0.05)
(0.766666666667 0.666666666666 0.05)
(0.770833333333 0.670833333333 0.05)
(0.770833333333 0.679166666666 0.05)
(0.766666666667 0.683333333333 0.05)
(0.766666666667 0.691666666666 0.05)
(0.770833333333 0.695833333333 0.05)
(0.770833333333 0.704166666666 0.05)
(0.766666666667 0.708333333333 0.05)
(0.766666666667 0.716666666666 0.05)
(0.770833333333 0.720833333333 0.05)
(0.770833333333 0.729166666666 0.05)
(0.766666666667 0.733333333333 0.05)
(0.766666666667 0.741666666666 0.05)
(0.770833333333 0.745833333333 0.05)
(0.770833333333 0.754166666666 0.05)
(0.766666666667 0.758333333333 0.05)
(0.766666666667 0.766666666666 0.05)
(0.770833333333 0.770833333333 0.05)
(0.770833333333 0.779166666666 0.05)
(0.766666666667 0.783333333333 0.05)
(0.766666666667 0.791666666666 0.05)
(0.770833333333 0.795833333333 0.05)
(0.770833333333 0.804166666666 0.05)
(0.766666666667 0.808333333333 0.05)
(0.766666666667 0.816666666666 0.05)
(0.770833333333 0.820833333333 0.05)
(0.770833333333 0.829166666666 0.05)
(0.766666666667 0.833333333333 0.05)
(0.766666666667 0.841666666666 0.05)
(0.770833333333 0.845833333333 0.05)
(0.770833333333 0.854166666666 0.05)
(0.766666666667 0.858333333333 0.05)
(0.766666666667 0.866666666666 0.05)
(0.770833333333 0.870833333333 0.05)
(0.770833333333 0.879166666666 0.05)
(0.766666666667 0.883333333333 0.05)
(0.766666666667 0.891666666666 0.05)
(0.770833333333 0.895833333333 0.05)
(0.770833333333 0.904166666666 0.05)
(0.766666666667 0.908333333333 0.05)
(0.766666666667 0.916666666666 0.05)
(0.770833333333 0.920833333333 0.05)
(0.770833333333 0.929166666666 0.05)
(0.766666666667 0.933333333333 0.05)
(0.766666666667 0.941666666666 0.05)
(0.770833333333 0.945833333333 0.05)
(0.770833333333 0.954166666667 0.05)
(0.766666666667 0.958333333333 0.05)
(0.766666666667 0.966666666667 0.05)
(0.770833333334 0.970833333333 0.05)
(0.770833333334 0.979166666667 0.05)
(0.766666666667 0.983333333333 0.05)
(0.766666666667 0.991666666667 0.05)
(0.770833333334 0.995833333333 0.05)
(0.779166666666 0.00416666666666 0.05)
(0.783333333333 0.00833333333333 0.05)
(0.783333333333 0.0166666666667 0.05)
(0.779166666666 0.0208333333333 0.05)
(0.779166666666 0.0291666666667 0.05)
(0.783333333333 0.0333333333333 0.05)
(0.783333333333 0.0416666666666 0.05)
(0.779166666666 0.0458333333333 0.05)
(0.779166666666 0.0541666666666 0.05)
(0.783333333333 0.0583333333333 0.05)
(0.783333333333 0.0666666666666 0.05)
(0.779166666666 0.0708333333333 0.05)
(0.779166666666 0.0791666666666 0.05)
(0.783333333333 0.0833333333333 0.05)
(0.783333333333 0.0916666666666 0.05)
(0.779166666666 0.0958333333333 0.05)
(0.779166666666 0.104166666667 0.05)
(0.783333333333 0.108333333333 0.05)
(0.783333333333 0.116666666667 0.05)
(0.779166666666 0.120833333333 0.05)
(0.779166666666 0.129166666667 0.05)
(0.783333333333 0.133333333333 0.05)
(0.783333333333 0.141666666667 0.05)
(0.779166666666 0.145833333333 0.05)
(0.779166666666 0.154166666667 0.05)
(0.783333333333 0.158333333333 0.05)
(0.783333333333 0.166666666667 0.05)
(0.779166666666 0.170833333333 0.05)
(0.779166666666 0.179166666667 0.05)
(0.783333333333 0.183333333333 0.05)
(0.783333333333 0.191666666667 0.05)
(0.779166666666 0.195833333333 0.05)
(0.779166666666 0.204166666666 0.05)
(0.783333333333 0.208333333333 0.05)
(0.783333333333 0.216666666666 0.05)
(0.779166666666 0.220833333333 0.05)
(0.779166666666 0.229166666666 0.05)
(0.783333333333 0.233333333333 0.05)
(0.783333333333 0.241666666666 0.05)
(0.779166666666 0.245833333333 0.05)
(0.779166666666 0.254166666666 0.05)
(0.783333333333 0.258333333333 0.05)
(0.783333333333 0.266666666666 0.05)
(0.779166666666 0.270833333333 0.05)
(0.779166666666 0.279166666666 0.05)
(0.783333333333 0.283333333333 0.05)
(0.783333333333 0.291666666666 0.05)
(0.779166666666 0.295833333333 0.05)
(0.779166666666 0.304166666666 0.05)
(0.783333333333 0.308333333333 0.05)
(0.783333333333 0.316666666666 0.05)
(0.779166666666 0.320833333333 0.05)
(0.779166666666 0.329166666666 0.05)
(0.783333333333 0.333333333333 0.05)
(0.783333333333 0.341666666666 0.05)
(0.779166666666 0.345833333333 0.05)
(0.779166666666 0.354166666666 0.05)
(0.783333333333 0.358333333333 0.05)
(0.783333333333 0.366666666666 0.05)
(0.779166666666 0.370833333333 0.05)
(0.779166666666 0.379166666666 0.05)
(0.783333333333 0.383333333333 0.05)
(0.783333333333 0.391666666666 0.05)
(0.779166666666 0.395833333333 0.05)
(0.779166666666 0.404166666666 0.05)
(0.783333333333 0.408333333333 0.05)
(0.783333333333 0.416666666666 0.05)
(0.779166666666 0.420833333333 0.05)
(0.779166666666 0.429166666666 0.05)
(0.783333333333 0.433333333333 0.05)
(0.783333333333 0.441666666666 0.05)
(0.779166666666 0.445833333333 0.05)
(0.779166666666 0.454166666666 0.05)
(0.783333333333 0.458333333333 0.05)
(0.783333333333 0.466666666666 0.05)
(0.779166666666 0.470833333333 0.05)
(0.779166666666 0.479166666666 0.05)
(0.783333333333 0.483333333333 0.05)
(0.783333333333 0.491666666666 0.05)
(0.779166666666 0.495833333333 0.05)
(0.779166666666 0.504166666666 0.05)
(0.783333333333 0.508333333333 0.05)
(0.783333333333 0.516666666666 0.05)
(0.779166666666 0.520833333333 0.05)
(0.779166666666 0.529166666666 0.05)
(0.783333333333 0.533333333333 0.05)
(0.783333333333 0.541666666666 0.05)
(0.779166666666 0.545833333333 0.05)
(0.779166666666 0.554166666666 0.05)
(0.783333333333 0.558333333333 0.05)
(0.783333333333 0.566666666666 0.05)
(0.779166666666 0.570833333333 0.05)
(0.779166666667 0.579166666666 0.05)
(0.783333333333 0.583333333333 0.05)
(0.783333333333 0.591666666666 0.05)
(0.779166666667 0.595833333333 0.05)
(0.779166666667 0.604166666666 0.05)
(0.783333333333 0.608333333333 0.05)
(0.783333333333 0.616666666666 0.05)
(0.779166666667 0.620833333333 0.05)
(0.779166666667 0.629166666666 0.05)
(0.783333333333 0.633333333333 0.05)
(0.783333333333 0.641666666666 0.05)
(0.779166666667 0.645833333333 0.05)
(0.779166666667 0.654166666666 0.05)
(0.783333333333 0.658333333333 0.05)
(0.783333333333 0.666666666666 0.05)
(0.779166666667 0.670833333333 0.05)
(0.779166666667 0.679166666666 0.05)
(0.783333333333 0.683333333333 0.05)
(0.783333333333 0.691666666666 0.05)
(0.779166666667 0.695833333333 0.05)
(0.779166666667 0.704166666666 0.05)
(0.783333333333 0.708333333333 0.05)
(0.783333333333 0.716666666666 0.05)
(0.779166666667 0.720833333333 0.05)
(0.779166666667 0.729166666666 0.05)
(0.783333333333 0.733333333333 0.05)
(0.783333333333 0.741666666666 0.05)
(0.779166666667 0.745833333333 0.05)
(0.779166666667 0.754166666666 0.05)
(0.783333333333 0.758333333333 0.05)
(0.783333333333 0.766666666666 0.05)
(0.779166666667 0.770833333333 0.05)
(0.779166666667 0.779166666666 0.05)
(0.783333333333 0.783333333333 0.05)
(0.783333333333 0.791666666666 0.05)
(0.779166666667 0.795833333333 0.05)
(0.779166666667 0.804166666666 0.05)
(0.783333333333 0.808333333333 0.05)
(0.783333333333 0.816666666666 0.05)
(0.779166666667 0.820833333333 0.05)
(0.779166666667 0.829166666666 0.05)
(0.783333333333 0.833333333333 0.05)
(0.783333333333 0.841666666666 0.05)
(0.779166666667 0.845833333333 0.05)
(0.779166666667 0.854166666666 0.05)
(0.783333333333 0.858333333333 0.05)
(0.783333333333 0.866666666666 0.05)
(0.779166666667 0.870833333333 0.05)
(0.779166666667 0.879166666666 0.05)
(0.783333333333 0.883333333333 0.05)
(0.783333333333 0.891666666666 0.05)
(0.779166666667 0.895833333333 0.05)
(0.779166666667 0.904166666666 0.05)
(0.783333333333 0.908333333333 0.05)
(0.783333333333 0.916666666666 0.05)
(0.779166666667 0.920833333333 0.05)
(0.779166666667 0.929166666666 0.05)
(0.783333333333 0.933333333333 0.05)
(0.783333333333 0.941666666666 0.05)
(0.779166666667 0.945833333333 0.05)
(0.779166666667 0.954166666667 0.05)
(0.783333333333 0.958333333333 0.05)
(0.783333333333 0.966666666667 0.05)
(0.779166666667 0.970833333333 0.05)
(0.779166666667 0.979166666667 0.05)
(0.783333333333 0.983333333333 0.05)
(0.783333333333 0.991666666667 0.05)
(0.779166666667 0.995833333333 0.05)
(0.795833333333 0.00416666666666 0.05)
(0.791666666666 0.00833333333333 0.05)
(0.791666666666 0.0166666666667 0.05)
(0.795833333333 0.0208333333333 0.05)
(0.795833333333 0.0291666666666 0.05)
(0.791666666666 0.0333333333333 0.05)
(0.791666666666 0.0416666666666 0.05)
(0.795833333333 0.0458333333333 0.05)
(0.795833333333 0.0541666666666 0.05)
(0.791666666666 0.0583333333333 0.05)
(0.791666666666 0.0666666666666 0.05)
(0.795833333333 0.0708333333333 0.05)
(0.795833333333 0.0791666666666 0.05)
(0.791666666666 0.0833333333333 0.05)
(0.791666666666 0.0916666666666 0.05)
(0.795833333333 0.0958333333333 0.05)
(0.795833333333 0.104166666667 0.05)
(0.791666666666 0.108333333333 0.05)
(0.791666666666 0.116666666667 0.05)
(0.795833333333 0.120833333333 0.05)
(0.795833333333 0.129166666667 0.05)
(0.791666666666 0.133333333333 0.05)
(0.791666666666 0.141666666667 0.05)
(0.795833333333 0.145833333333 0.05)
(0.795833333333 0.154166666667 0.05)
(0.791666666666 0.158333333333 0.05)
(0.791666666666 0.166666666667 0.05)
(0.795833333333 0.170833333333 0.05)
(0.795833333333 0.179166666667 0.05)
(0.791666666666 0.183333333333 0.05)
(0.791666666666 0.191666666667 0.05)
(0.795833333333 0.195833333333 0.05)
(0.795833333333 0.204166666666 0.05)
(0.791666666666 0.208333333333 0.05)
(0.791666666666 0.216666666666 0.05)
(0.795833333333 0.220833333333 0.05)
(0.795833333333 0.229166666666 0.05)
(0.791666666666 0.233333333333 0.05)
(0.791666666666 0.241666666666 0.05)
(0.795833333333 0.245833333333 0.05)
(0.795833333333 0.254166666666 0.05)
(0.791666666666 0.258333333333 0.05)
(0.791666666666 0.266666666666 0.05)
(0.795833333333 0.270833333333 0.05)
(0.795833333333 0.279166666666 0.05)
(0.791666666666 0.283333333333 0.05)
(0.791666666666 0.291666666666 0.05)
(0.795833333333 0.295833333333 0.05)
(0.795833333333 0.304166666666 0.05)
(0.791666666666 0.308333333333 0.05)
(0.791666666666 0.316666666666 0.05)
(0.795833333333 0.320833333333 0.05)
(0.795833333333 0.329166666666 0.05)
(0.791666666666 0.333333333333 0.05)
(0.791666666666 0.341666666666 0.05)
(0.795833333333 0.345833333333 0.05)
(0.795833333333 0.354166666666 0.05)
(0.791666666666 0.358333333333 0.05)
(0.791666666666 0.366666666666 0.05)
(0.795833333333 0.370833333333 0.05)
(0.795833333333 0.379166666666 0.05)
(0.791666666666 0.383333333333 0.05)
(0.791666666666 0.391666666666 0.05)
(0.795833333333 0.395833333333 0.05)
(0.795833333333 0.404166666666 0.05)
(0.791666666666 0.408333333333 0.05)
(0.791666666666 0.416666666666 0.05)
(0.795833333333 0.420833333333 0.05)
(0.795833333333 0.429166666666 0.05)
(0.791666666666 0.433333333333 0.05)
(0.791666666666 0.441666666666 0.05)
(0.795833333333 0.445833333333 0.05)
(0.795833333333 0.454166666666 0.05)
(0.791666666666 0.458333333333 0.05)
(0.791666666666 0.466666666666 0.05)
(0.795833333333 0.470833333333 0.05)
(0.795833333333 0.479166666666 0.05)
(0.791666666666 0.483333333333 0.05)
(0.791666666666 0.491666666666 0.05)
(0.795833333333 0.495833333333 0.05)
(0.795833333333 0.504166666666 0.05)
(0.791666666666 0.508333333333 0.05)
(0.791666666666 0.516666666666 0.05)
(0.795833333333 0.520833333333 0.05)
(0.795833333333 0.529166666666 0.05)
(0.791666666666 0.533333333333 0.05)
(0.791666666666 0.541666666666 0.05)
(0.795833333333 0.545833333333 0.05)
(0.795833333333 0.554166666666 0.05)
(0.791666666666 0.558333333333 0.05)
(0.791666666666 0.566666666666 0.05)
(0.795833333333 0.570833333333 0.05)
(0.795833333333 0.579166666666 0.05)
(0.791666666666 0.583333333333 0.05)
(0.791666666666 0.591666666666 0.05)
(0.795833333333 0.595833333333 0.05)
(0.795833333333 0.604166666666 0.05)
(0.791666666666 0.608333333333 0.05)
(0.791666666666 0.616666666666 0.05)
(0.795833333333 0.620833333333 0.05)
(0.795833333333 0.629166666666 0.05)
(0.791666666667 0.633333333333 0.05)
(0.791666666667 0.641666666666 0.05)
(0.795833333333 0.645833333333 0.05)
(0.795833333333 0.654166666666 0.05)
(0.791666666667 0.658333333333 0.05)
(0.791666666667 0.666666666666 0.05)
(0.795833333333 0.670833333333 0.05)
(0.795833333333 0.679166666666 0.05)
(0.791666666667 0.683333333333 0.05)
(0.791666666667 0.691666666666 0.05)
(0.795833333333 0.695833333333 0.05)
(0.795833333333 0.704166666666 0.05)
(0.791666666667 0.708333333333 0.05)
(0.791666666667 0.716666666666 0.05)
(0.795833333333 0.720833333333 0.05)
(0.795833333333 0.729166666666 0.05)
(0.791666666667 0.733333333333 0.05)
(0.791666666667 0.741666666666 0.05)
(0.795833333333 0.745833333333 0.05)
(0.795833333333 0.754166666666 0.05)
(0.791666666667 0.758333333333 0.05)
(0.791666666667 0.766666666666 0.05)
(0.795833333333 0.770833333333 0.05)
(0.795833333333 0.779166666666 0.05)
(0.791666666667 0.783333333333 0.05)
(0.791666666667 0.791666666666 0.05)
(0.795833333333 0.795833333333 0.05)
(0.795833333333 0.804166666666 0.05)
(0.791666666667 0.808333333333 0.05)
(0.791666666667 0.816666666666 0.05)
(0.795833333333 0.820833333333 0.05)
(0.795833333333 0.829166666666 0.05)
(0.791666666667 0.833333333333 0.05)
(0.791666666667 0.841666666666 0.05)
(0.795833333333 0.845833333333 0.05)
(0.795833333333 0.854166666666 0.05)
(0.791666666667 0.858333333333 0.05)
(0.791666666667 0.866666666666 0.05)
(0.795833333333 0.870833333333 0.05)
(0.795833333333 0.879166666666 0.05)
(0.791666666667 0.883333333333 0.05)
(0.791666666667 0.891666666666 0.05)
(0.795833333333 0.895833333333 0.05)
(0.795833333333 0.904166666666 0.05)
(0.791666666667 0.908333333333 0.05)
(0.791666666667 0.916666666666 0.05)
(0.795833333333 0.920833333333 0.05)
(0.795833333333 0.929166666666 0.05)
(0.791666666667 0.933333333333 0.05)
(0.791666666667 0.941666666666 0.05)
(0.795833333333 0.945833333333 0.05)
(0.795833333333 0.954166666667 0.05)
(0.791666666667 0.958333333333 0.05)
(0.791666666667 0.966666666667 0.05)
(0.795833333333 0.970833333333 0.05)
(0.795833333333 0.979166666667 0.05)
(0.791666666667 0.983333333333 0.05)
(0.791666666667 0.991666666667 0.05)
(0.795833333333 0.995833333333 0.05)
(0.804166666666 0.00416666666666 0.05)
(0.808333333333 0.00833333333333 0.05)
(0.808333333333 0.0166666666667 0.05)
(0.804166666666 0.0208333333333 0.05)
(0.804166666666 0.0291666666666 0.05)
(0.808333333333 0.0333333333333 0.05)
(0.808333333333 0.0416666666666 0.05)
(0.804166666666 0.0458333333333 0.05)
(0.804166666666 0.0541666666666 0.05)
(0.808333333333 0.0583333333333 0.05)
(0.808333333333 0.0666666666666 0.05)
(0.804166666666 0.0708333333333 0.05)
(0.804166666666 0.0791666666666 0.05)
(0.808333333333 0.0833333333333 0.05)
(0.808333333333 0.0916666666666 0.05)
(0.804166666666 0.0958333333333 0.05)
(0.804166666666 0.104166666667 0.05)
(0.808333333333 0.108333333333 0.05)
(0.808333333333 0.116666666667 0.05)
(0.804166666666 0.120833333333 0.05)
(0.804166666666 0.129166666667 0.05)
(0.808333333333 0.133333333333 0.05)
(0.808333333333 0.141666666667 0.05)
(0.804166666666 0.145833333333 0.05)
(0.804166666666 0.154166666667 0.05)
(0.808333333333 0.158333333333 0.05)
(0.808333333333 0.166666666667 0.05)
(0.804166666666 0.170833333333 0.05)
(0.804166666666 0.179166666667 0.05)
(0.808333333333 0.183333333333 0.05)
(0.808333333333 0.191666666666 0.05)
(0.804166666666 0.195833333333 0.05)
(0.804166666666 0.204166666666 0.05)
(0.808333333333 0.208333333333 0.05)
(0.808333333333 0.216666666666 0.05)
(0.804166666666 0.220833333333 0.05)
(0.804166666666 0.229166666666 0.05)
(0.808333333333 0.233333333333 0.05)
(0.808333333333 0.241666666666 0.05)
(0.804166666666 0.245833333333 0.05)
(0.804166666666 0.254166666666 0.05)
(0.808333333333 0.258333333333 0.05)
(0.808333333333 0.266666666666 0.05)
(0.804166666666 0.270833333333 0.05)
(0.804166666666 0.279166666666 0.05)
(0.808333333333 0.283333333333 0.05)
(0.808333333333 0.291666666666 0.05)
(0.804166666666 0.295833333333 0.05)
(0.804166666666 0.304166666666 0.05)
(0.808333333333 0.308333333333 0.05)
(0.808333333333 0.316666666666 0.05)
(0.804166666666 0.320833333333 0.05)
(0.804166666666 0.329166666666 0.05)
(0.808333333333 0.333333333333 0.05)
(0.808333333333 0.341666666666 0.05)
(0.804166666666 0.345833333333 0.05)
(0.804166666666 0.354166666666 0.05)
(0.808333333333 0.358333333333 0.05)
(0.808333333333 0.366666666666 0.05)
(0.804166666666 0.370833333333 0.05)
(0.804166666666 0.379166666666 0.05)
(0.808333333333 0.383333333333 0.05)
(0.808333333333 0.391666666666 0.05)
(0.804166666666 0.395833333333 0.05)
(0.804166666666 0.404166666666 0.05)
(0.808333333333 0.408333333333 0.05)
(0.808333333333 0.416666666666 0.05)
(0.804166666666 0.420833333333 0.05)
(0.804166666666 0.429166666666 0.05)
(0.808333333333 0.433333333333 0.05)
(0.808333333333 0.441666666666 0.05)
(0.804166666666 0.445833333333 0.05)
(0.804166666666 0.454166666666 0.05)
(0.808333333333 0.458333333333 0.05)
(0.808333333333 0.466666666666 0.05)
(0.804166666666 0.470833333333 0.05)
(0.804166666666 0.479166666666 0.05)
(0.808333333333 0.483333333333 0.05)
(0.808333333333 0.491666666666 0.05)
(0.804166666666 0.495833333333 0.05)
(0.804166666666 0.504166666666 0.05)
(0.808333333333 0.508333333333 0.05)
(0.808333333333 0.516666666666 0.05)
(0.804166666666 0.520833333333 0.05)
(0.804166666666 0.529166666666 0.05)
(0.808333333333 0.533333333333 0.05)
(0.808333333333 0.541666666666 0.05)
(0.804166666666 0.545833333333 0.05)
(0.804166666666 0.554166666666 0.05)
(0.808333333333 0.558333333333 0.05)
(0.808333333333 0.566666666666 0.05)
(0.804166666666 0.570833333333 0.05)
(0.804166666666 0.579166666666 0.05)
(0.808333333333 0.583333333333 0.05)
(0.808333333333 0.591666666666 0.05)
(0.804166666666 0.595833333333 0.05)
(0.804166666666 0.604166666666 0.05)
(0.808333333333 0.608333333333 0.05)
(0.808333333333 0.616666666666 0.05)
(0.804166666666 0.620833333333 0.05)
(0.804166666666 0.629166666666 0.05)
(0.808333333333 0.633333333333 0.05)
(0.808333333333 0.641666666666 0.05)
(0.804166666666 0.645833333333 0.05)
(0.804166666666 0.654166666666 0.05)
(0.808333333333 0.658333333333 0.05)
(0.808333333333 0.666666666666 0.05)
(0.804166666666 0.670833333333 0.05)
(0.804166666666 0.679166666666 0.05)
(0.808333333333 0.683333333333 0.05)
(0.808333333333 0.691666666666 0.05)
(0.804166666666 0.695833333333 0.05)
(0.804166666666 0.704166666666 0.05)
(0.808333333333 0.708333333333 0.05)
(0.808333333333 0.716666666666 0.05)
(0.804166666667 0.720833333333 0.05)
(0.804166666667 0.729166666666 0.05)
(0.808333333333 0.733333333333 0.05)
(0.808333333333 0.741666666666 0.05)
(0.804166666667 0.745833333333 0.05)
(0.804166666667 0.754166666666 0.05)
(0.808333333333 0.758333333333 0.05)
(0.808333333333 0.766666666666 0.05)
(0.804166666667 0.770833333333 0.05)
(0.804166666667 0.779166666666 0.05)
(0.808333333333 0.783333333333 0.05)
(0.808333333333 0.791666666666 0.05)
(0.804166666667 0.795833333333 0.05)
(0.804166666667 0.804166666666 0.05)
(0.808333333333 0.808333333333 0.05)
(0.808333333333 0.816666666666 0.05)
(0.804166666667 0.820833333333 0.05)
(0.804166666667 0.829166666666 0.05)
(0.808333333333 0.833333333333 0.05)
(0.808333333333 0.841666666666 0.05)
(0.804166666667 0.845833333333 0.05)
(0.804166666667 0.854166666666 0.05)
(0.808333333333 0.858333333333 0.05)
(0.808333333333 0.866666666666 0.05)
(0.804166666667 0.870833333333 0.05)
(0.804166666667 0.879166666666 0.05)
(0.808333333333 0.883333333333 0.05)
(0.808333333333 0.891666666666 0.05)
(0.804166666667 0.895833333333 0.05)
(0.804166666667 0.904166666666 0.05)
(0.808333333333 0.908333333333 0.05)
(0.808333333333 0.916666666666 0.05)
(0.804166666667 0.920833333333 0.05)
(0.804166666667 0.929166666666 0.05)
(0.808333333333 0.933333333333 0.05)
(0.808333333333 0.941666666666 0.05)
(0.804166666667 0.945833333333 0.05)
(0.804166666667 0.954166666667 0.05)
(0.808333333333 0.958333333333 0.05)
(0.808333333333 0.966666666667 0.05)
(0.804166666667 0.970833333333 0.05)
(0.804166666667 0.979166666667 0.05)
(0.808333333333 0.983333333333 0.05)
(0.808333333333 0.991666666667 0.05)
(0.804166666667 0.995833333333 0.05)
(0.820833333333 0.00416666666666 0.05)
(0.816666666666 0.00833333333333 0.05)
(0.816666666666 0.0166666666667 0.05)
(0.820833333333 0.0208333333333 0.05)
(0.820833333333 0.0291666666666 0.05)
(0.816666666666 0.0333333333333 0.05)
(0.816666666666 0.0416666666666 0.05)
(0.820833333333 0.0458333333333 0.05)
(0.820833333333 0.0541666666666 0.05)
(0.816666666666 0.0583333333333 0.05)
(0.816666666666 0.0666666666666 0.05)
(0.820833333333 0.0708333333333 0.05)
(0.820833333333 0.0791666666666 0.05)
(0.816666666666 0.0833333333333 0.05)
(0.816666666666 0.0916666666666 0.05)
(0.820833333333 0.0958333333333 0.05)
(0.820833333333 0.104166666667 0.05)
(0.816666666666 0.108333333333 0.05)
(0.816666666666 0.116666666667 0.05)
(0.820833333333 0.120833333333 0.05)
(0.820833333333 0.129166666667 0.05)
(0.816666666666 0.133333333333 0.05)
(0.816666666666 0.141666666667 0.05)
(0.820833333333 0.145833333333 0.05)
(0.820833333333 0.154166666667 0.05)
(0.816666666666 0.158333333333 0.05)
(0.816666666666 0.166666666667 0.05)
(0.820833333333 0.170833333333 0.05)
(0.820833333333 0.179166666666 0.05)
(0.816666666666 0.183333333333 0.05)
(0.816666666666 0.191666666666 0.05)
(0.820833333333 0.195833333333 0.05)
(0.820833333333 0.204166666666 0.05)
(0.816666666666 0.208333333333 0.05)
(0.816666666666 0.216666666666 0.05)
(0.820833333333 0.220833333333 0.05)
(0.820833333333 0.229166666666 0.05)
(0.816666666666 0.233333333333 0.05)
(0.816666666666 0.241666666666 0.05)
(0.820833333333 0.245833333333 0.05)
(0.820833333333 0.254166666666 0.05)
(0.816666666666 0.258333333333 0.05)
(0.816666666666 0.266666666666 0.05)
(0.820833333333 0.270833333333 0.05)
(0.820833333333 0.279166666666 0.05)
(0.816666666666 0.283333333333 0.05)
(0.816666666666 0.291666666666 0.05)
(0.820833333333 0.295833333333 0.05)
(0.820833333333 0.304166666666 0.05)
(0.816666666666 0.308333333333 0.05)
(0.816666666666 0.316666666666 0.05)
(0.820833333333 0.320833333333 0.05)
(0.820833333333 0.329166666666 0.05)
(0.816666666666 0.333333333333 0.05)
(0.816666666666 0.341666666666 0.05)
(0.820833333333 0.345833333333 0.05)
(0.820833333333 0.354166666666 0.05)
(0.816666666666 0.358333333333 0.05)
(0.816666666666 0.366666666666 0.05)
(0.820833333333 0.370833333333 0.05)
(0.820833333333 0.379166666666 0.05)
(0.816666666666 0.383333333333 0.05)
(0.816666666666 0.391666666666 0.05)
(0.820833333333 0.395833333333 0.05)
(0.820833333333 0.404166666666 0.05)
(0.816666666666 0.408333333333 0.05)
(0.816666666666 0.416666666666 0.05)
(0.820833333333 0.420833333333 0.05)
(0.820833333333 0.429166666666 0.05)
(0.816666666666 0.433333333333 0.05)
(0.816666666666 0.441666666666 0.05)
(0.820833333333 0.445833333333 0.05)
(0.820833333333 0.454166666666 0.05)
(0.816666666666 0.458333333333 0.05)
(0.816666666666 0.466666666666 0.05)
(0.820833333333 0.470833333333 0.05)
(0.820833333333 0.479166666666 0.05)
(0.816666666666 0.483333333333 0.05)
(0.816666666666 0.491666666666 0.05)
(0.820833333333 0.495833333333 0.05)
(0.820833333333 0.504166666666 0.05)
(0.816666666666 0.508333333333 0.05)
(0.816666666666 0.516666666666 0.05)
(0.820833333333 0.520833333333 0.05)
(0.820833333333 0.529166666666 0.05)
(0.816666666666 0.533333333333 0.05)
(0.816666666666 0.541666666666 0.05)
(0.820833333333 0.545833333333 0.05)
(0.820833333333 0.554166666666 0.05)
(0.816666666666 0.558333333333 0.05)
(0.816666666666 0.566666666666 0.05)
(0.820833333333 0.570833333333 0.05)
(0.820833333333 0.579166666666 0.05)
(0.816666666666 0.583333333333 0.05)
(0.816666666666 0.591666666666 0.05)
(0.820833333333 0.595833333333 0.05)
(0.820833333333 0.604166666666 0.05)
(0.816666666666 0.608333333333 0.05)
(0.816666666666 0.616666666666 0.05)
(0.820833333333 0.620833333333 0.05)
(0.820833333333 0.629166666666 0.05)
(0.816666666666 0.633333333333 0.05)
(0.816666666666 0.641666666666 0.05)
(0.820833333333 0.645833333333 0.05)
(0.820833333333 0.654166666666 0.05)
(0.816666666666 0.658333333333 0.05)
(0.816666666666 0.666666666666 0.05)
(0.820833333333 0.670833333333 0.05)
(0.820833333333 0.679166666666 0.05)
(0.816666666666 0.683333333333 0.05)
(0.816666666666 0.691666666666 0.05)
(0.820833333333 0.695833333333 0.05)
(0.820833333333 0.704166666666 0.05)
(0.816666666666 0.708333333333 0.05)
(0.816666666666 0.716666666666 0.05)
(0.820833333333 0.720833333333 0.05)
(0.820833333333 0.729166666666 0.05)
(0.816666666666 0.733333333333 0.05)
(0.816666666666 0.741666666666 0.05)
(0.820833333333 0.745833333333 0.05)
(0.820833333333 0.754166666666 0.05)
(0.816666666666 0.758333333333 0.05)
(0.816666666666 0.766666666666 0.05)
(0.820833333333 0.770833333333 0.05)
(0.820833333333 0.779166666666 0.05)
(0.816666666666 0.783333333333 0.05)
(0.816666666666 0.791666666666 0.05)
(0.820833333333 0.795833333333 0.05)
(0.820833333333 0.804166666666 0.05)
(0.816666666666 0.808333333333 0.05)
(0.816666666666 0.816666666666 0.05)
(0.820833333333 0.820833333333 0.05)
(0.820833333333 0.829166666666 0.05)
(0.816666666666 0.833333333333 0.05)
(0.816666666666 0.841666666666 0.05)
(0.820833333333 0.845833333333 0.05)
(0.820833333333 0.854166666666 0.05)
(0.816666666666 0.858333333333 0.05)
(0.816666666667 0.866666666666 0.05)
(0.820833333333 0.870833333333 0.05)
(0.820833333333 0.879166666666 0.05)
(0.816666666667 0.883333333333 0.05)
(0.816666666667 0.891666666666 0.05)
(0.820833333333 0.895833333333 0.05)
(0.820833333333 0.904166666666 0.05)
(0.816666666667 0.908333333333 0.05)
(0.816666666667 0.916666666666 0.05)
(0.820833333333 0.920833333333 0.05)
(0.820833333333 0.929166666666 0.05)
(0.816666666667 0.933333333333 0.05)
(0.816666666667 0.941666666666 0.05)
(0.820833333333 0.945833333333 0.05)
(0.820833333333 0.954166666667 0.05)
(0.816666666667 0.958333333333 0.05)
(0.816666666667 0.966666666667 0.05)
(0.820833333333 0.970833333333 0.05)
(0.820833333333 0.979166666667 0.05)
(0.816666666667 0.983333333333 0.05)
(0.816666666667 0.991666666667 0.05)
(0.820833333333 0.995833333333 0.05)
(0.829166666666 0.00416666666666 0.05)
(0.833333333333 0.00833333333333 0.05)
(0.833333333333 0.0166666666667 0.05)
(0.829166666666 0.0208333333333 0.05)
(0.829166666666 0.0291666666666 0.05)
(0.833333333333 0.0333333333333 0.05)
(0.833333333333 0.0416666666666 0.05)
(0.829166666666 0.0458333333333 0.05)
(0.829166666666 0.0541666666666 0.05)
(0.833333333333 0.0583333333333 0.05)
(0.833333333333 0.0666666666666 0.05)
(0.829166666666 0.0708333333333 0.05)
(0.829166666666 0.0791666666666 0.05)
(0.833333333333 0.0833333333333 0.05)
(0.833333333333 0.0916666666666 0.05)
(0.829166666666 0.0958333333333 0.05)
(0.829166666666 0.104166666667 0.05)
(0.833333333333 0.108333333333 0.05)
(0.833333333333 0.116666666667 0.05)
(0.829166666666 0.120833333333 0.05)
(0.829166666666 0.129166666667 0.05)
(0.833333333333 0.133333333333 0.05)
(0.833333333333 0.141666666667 0.05)
(0.829166666666 0.145833333333 0.05)
(0.829166666666 0.154166666667 0.05)
(0.833333333333 0.158333333333 0.05)
(0.833333333333 0.166666666666 0.05)
(0.829166666666 0.170833333333 0.05)
(0.829166666666 0.179166666666 0.05)
(0.833333333333 0.183333333333 0.05)
(0.833333333333 0.191666666666 0.05)
(0.829166666666 0.195833333333 0.05)
(0.829166666666 0.204166666666 0.05)
(0.833333333333 0.208333333333 0.05)
(0.833333333333 0.216666666666 0.05)
(0.829166666666 0.220833333333 0.05)
(0.829166666666 0.229166666666 0.05)
(0.833333333333 0.233333333333 0.05)
(0.833333333333 0.241666666666 0.05)
(0.829166666666 0.245833333333 0.05)
(0.829166666666 0.254166666666 0.05)
(0.833333333333 0.258333333333 0.05)
(0.833333333333 0.266666666666 0.05)
(0.829166666666 0.270833333333 0.05)
(0.829166666666 0.279166666666 0.05)
(0.833333333333 0.283333333333 0.05)
(0.833333333333 0.291666666666 0.05)
(0.829166666666 0.295833333333 0.05)
(0.829166666666 0.304166666666 0.05)
(0.833333333333 0.308333333333 0.05)
(0.833333333333 0.316666666666 0.05)
(0.829166666666 0.320833333333 0.05)
(0.829166666666 0.329166666666 0.05)
(0.833333333333 0.333333333333 0.05)
(0.833333333333 0.341666666666 0.05)
(0.829166666666 0.345833333333 0.05)
(0.829166666666 0.354166666666 0.05)
(0.833333333333 0.358333333333 0.05)
(0.833333333333 0.366666666666 0.05)
(0.829166666666 0.370833333333 0.05)
(0.829166666666 0.379166666666 0.05)
(0.833333333333 0.383333333333 0.05)
(0.833333333333 0.391666666666 0.05)
(0.829166666666 0.395833333333 0.05)
(0.829166666666 0.404166666666 0.05)
(0.833333333333 0.408333333333 0.05)
(0.833333333333 0.416666666666 0.05)
(0.829166666666 0.420833333333 0.05)
(0.829166666666 0.429166666666 0.05)
(0.833333333333 0.433333333333 0.05)
(0.833333333333 0.441666666666 0.05)
(0.829166666666 0.445833333333 0.05)
(0.829166666666 0.454166666666 0.05)
(0.833333333333 0.458333333333 0.05)
(0.833333333333 0.466666666666 0.05)
(0.829166666666 0.470833333333 0.05)
(0.829166666666 0.479166666666 0.05)
(0.833333333333 0.483333333333 0.05)
(0.833333333333 0.491666666666 0.05)
(0.829166666666 0.495833333333 0.05)
(0.829166666666 0.504166666666 0.05)
(0.833333333333 0.508333333333 0.05)
(0.833333333333 0.516666666666 0.05)
(0.829166666666 0.520833333333 0.05)
(0.829166666666 0.529166666666 0.05)
(0.833333333333 0.533333333333 0.05)
(0.833333333333 0.541666666666 0.05)
(0.829166666666 0.545833333333 0.05)
(0.829166666666 0.554166666666 0.05)
(0.833333333333 0.558333333333 0.05)
(0.833333333333 0.566666666666 0.05)
(0.829166666666 0.570833333333 0.05)
(0.829166666666 0.579166666666 0.05)
(0.833333333333 0.583333333333 0.05)
(0.833333333333 0.591666666666 0.05)
(0.829166666666 0.595833333333 0.05)
(0.829166666666 0.604166666666 0.05)
(0.833333333333 0.608333333333 0.05)
(0.833333333333 0.616666666666 0.05)
(0.829166666666 0.620833333333 0.05)
(0.829166666666 0.629166666666 0.05)
(0.833333333333 0.633333333333 0.05)
(0.833333333333 0.641666666666 0.05)
(0.829166666666 0.645833333333 0.05)
(0.829166666666 0.654166666666 0.05)
(0.833333333333 0.658333333333 0.05)
(0.833333333333 0.666666666666 0.05)
(0.829166666666 0.670833333333 0.05)
(0.829166666666 0.679166666666 0.05)
(0.833333333333 0.683333333333 0.05)
(0.833333333333 0.691666666666 0.05)
(0.829166666666 0.695833333333 0.05)
(0.829166666666 0.704166666666 0.05)
(0.833333333333 0.708333333333 0.05)
(0.833333333333 0.716666666666 0.05)
(0.829166666666 0.720833333333 0.05)
(0.829166666666 0.729166666666 0.05)
(0.833333333333 0.733333333333 0.05)
(0.833333333333 0.741666666666 0.05)
(0.829166666666 0.745833333333 0.05)
(0.829166666666 0.754166666666 0.05)
(0.833333333333 0.758333333333 0.05)
(0.833333333333 0.766666666666 0.05)
(0.829166666666 0.770833333333 0.05)
(0.829166666666 0.779166666666 0.05)
(0.833333333333 0.783333333333 0.05)
(0.833333333333 0.791666666666 0.05)
(0.829166666666 0.795833333333 0.05)
(0.829166666666 0.804166666666 0.05)
(0.833333333333 0.808333333333 0.05)
(0.833333333333 0.816666666666 0.05)
(0.829166666666 0.820833333333 0.05)
(0.829166666666 0.829166666666 0.05)
(0.833333333333 0.833333333333 0.05)
(0.833333333333 0.841666666666 0.05)
(0.829166666666 0.845833333333 0.05)
(0.829166666666 0.854166666666 0.05)
(0.833333333333 0.858333333333 0.05)
(0.833333333333 0.866666666666 0.05)
(0.829166666666 0.870833333333 0.05)
(0.829166666666 0.879166666666 0.05)
(0.833333333333 0.883333333333 0.05)
(0.833333333333 0.891666666666 0.05)
(0.829166666666 0.895833333333 0.05)
(0.829166666666 0.904166666666 0.05)
(0.833333333333 0.908333333333 0.05)
(0.833333333333 0.916666666666 0.05)
(0.829166666666 0.920833333333 0.05)
(0.829166666666 0.929166666666 0.05)
(0.833333333333 0.933333333333 0.05)
(0.833333333333 0.941666666666 0.05)
(0.829166666666 0.945833333333 0.05)
(0.829166666666 0.954166666667 0.05)
(0.833333333333 0.958333333333 0.05)
(0.833333333333 0.966666666667 0.05)
(0.829166666666 0.970833333333 0.05)
(0.829166666666 0.979166666667 0.05)
(0.833333333333 0.983333333333 0.05)
(0.833333333333 0.991666666667 0.05)
(0.829166666666 0.995833333333 0.05)
(0.845833333333 0.00416666666666 0.05)
(0.841666666666 0.00833333333333 0.05)
(0.841666666666 0.0166666666667 0.05)
(0.845833333333 0.0208333333333 0.05)
(0.845833333333 0.0291666666666 0.05)
(0.841666666666 0.0333333333333 0.05)
(0.841666666666 0.0416666666666 0.05)
(0.845833333333 0.0458333333333 0.05)
(0.845833333333 0.0541666666666 0.05)
(0.841666666666 0.0583333333333 0.05)
(0.841666666666 0.0666666666666 0.05)
(0.845833333333 0.0708333333333 0.05)
(0.845833333333 0.0791666666666 0.05)
(0.841666666666 0.0833333333333 0.05)
(0.841666666666 0.0916666666666 0.05)
(0.845833333333 0.0958333333332 0.05)
(0.845833333333 0.104166666667 0.05)
(0.841666666666 0.108333333333 0.05)
(0.841666666666 0.116666666667 0.05)
(0.845833333333 0.120833333333 0.05)
(0.845833333333 0.129166666667 0.05)
(0.841666666666 0.133333333333 0.05)
(0.841666666666 0.141666666667 0.05)
(0.845833333333 0.145833333333 0.05)
(0.845833333333 0.154166666667 0.05)
(0.841666666666 0.158333333333 0.05)
(0.841666666666 0.166666666666 0.05)
(0.845833333333 0.170833333333 0.05)
(0.845833333333 0.179166666666 0.05)
(0.841666666666 0.183333333333 0.05)
(0.841666666666 0.191666666666 0.05)
(0.845833333333 0.195833333333 0.05)
(0.845833333333 0.204166666666 0.05)
(0.841666666666 0.208333333333 0.05)
(0.841666666666 0.216666666666 0.05)
(0.845833333333 0.220833333333 0.05)
(0.845833333333 0.229166666666 0.05)
(0.841666666666 0.233333333333 0.05)
(0.841666666666 0.241666666666 0.05)
(0.845833333333 0.245833333333 0.05)
(0.845833333333 0.254166666666 0.05)
(0.841666666666 0.258333333333 0.05)
(0.841666666666 0.266666666666 0.05)
(0.845833333333 0.270833333333 0.05)
(0.845833333333 0.279166666666 0.05)
(0.841666666666 0.283333333333 0.05)
(0.841666666666 0.291666666666 0.05)
(0.845833333333 0.295833333333 0.05)
(0.845833333333 0.304166666666 0.05)
(0.841666666666 0.308333333333 0.05)
(0.841666666666 0.316666666666 0.05)
(0.845833333333 0.320833333333 0.05)
(0.845833333333 0.329166666666 0.05)
(0.841666666666 0.333333333333 0.05)
(0.841666666666 0.341666666666 0.05)
(0.845833333333 0.345833333333 0.05)
(0.845833333333 0.354166666666 0.05)
(0.841666666666 0.358333333333 0.05)
(0.841666666666 0.366666666666 0.05)
(0.845833333333 0.370833333333 0.05)
(0.845833333333 0.379166666666 0.05)
(0.841666666666 0.383333333333 0.05)
(0.841666666666 0.391666666666 0.05)
(0.845833333333 0.395833333333 0.05)
(0.845833333333 0.404166666666 0.05)
(0.841666666666 0.408333333333 0.05)
(0.841666666666 0.416666666666 0.05)
(0.845833333333 0.420833333333 0.05)
(0.845833333333 0.429166666666 0.05)
(0.841666666666 0.433333333333 0.05)
(0.841666666666 0.441666666666 0.05)
(0.845833333333 0.445833333333 0.05)
(0.845833333333 0.454166666666 0.05)
(0.841666666666 0.458333333333 0.05)
(0.841666666666 0.466666666666 0.05)
(0.845833333333 0.470833333333 0.05)
(0.845833333333 0.479166666666 0.05)
(0.841666666666 0.483333333333 0.05)
(0.841666666666 0.491666666666 0.05)
(0.845833333333 0.495833333333 0.05)
(0.845833333333 0.504166666666 0.05)
(0.841666666666 0.508333333333 0.05)
(0.841666666666 0.516666666666 0.05)
(0.845833333333 0.520833333333 0.05)
(0.845833333333 0.529166666666 0.05)
(0.841666666666 0.533333333333 0.05)
(0.841666666666 0.541666666666 0.05)
(0.845833333333 0.545833333333 0.05)
(0.845833333333 0.554166666666 0.05)
(0.841666666666 0.558333333333 0.05)
(0.841666666666 0.566666666666 0.05)
(0.845833333333 0.570833333333 0.05)
(0.845833333333 0.579166666666 0.05)
(0.841666666666 0.583333333333 0.05)
(0.841666666666 0.591666666666 0.05)
(0.845833333333 0.595833333333 0.05)
(0.845833333333 0.604166666666 0.05)
(0.841666666666 0.608333333333 0.05)
(0.841666666666 0.616666666666 0.05)
(0.845833333333 0.620833333333 0.05)
(0.845833333333 0.629166666666 0.05)
(0.841666666666 0.633333333333 0.05)
(0.841666666666 0.641666666666 0.05)
(0.845833333333 0.645833333333 0.05)
(0.845833333333 0.654166666666 0.05)
(0.841666666666 0.658333333333 0.05)
(0.841666666666 0.666666666666 0.05)
(0.845833333333 0.670833333333 0.05)
(0.845833333333 0.679166666666 0.05)
(0.841666666666 0.683333333333 0.05)
(0.841666666666 0.691666666666 0.05)
(0.845833333333 0.695833333333 0.05)
(0.845833333333 0.704166666666 0.05)
(0.841666666666 0.708333333333 0.05)
(0.841666666666 0.716666666666 0.05)
(0.845833333333 0.720833333333 0.05)
(0.845833333333 0.729166666666 0.05)
(0.841666666666 0.733333333333 0.05)
(0.841666666666 0.741666666666 0.05)
(0.845833333333 0.745833333333 0.05)
(0.845833333333 0.754166666666 0.05)
(0.841666666666 0.758333333333 0.05)
(0.841666666666 0.766666666666 0.05)
(0.845833333333 0.770833333333 0.05)
(0.845833333333 0.779166666666 0.05)
(0.841666666666 0.783333333333 0.05)
(0.841666666666 0.791666666666 0.05)
(0.845833333333 0.795833333333 0.05)
(0.845833333333 0.804166666666 0.05)
(0.841666666666 0.808333333333 0.05)
(0.841666666666 0.816666666666 0.05)
(0.845833333333 0.820833333333 0.05)
(0.845833333333 0.829166666666 0.05)
(0.841666666666 0.833333333333 0.05)
(0.841666666666 0.841666666666 0.05)
(0.845833333333 0.845833333333 0.05)
(0.845833333333 0.854166666666 0.05)
(0.841666666666 0.858333333333 0.05)
(0.841666666666 0.866666666666 0.05)
(0.845833333333 0.870833333333 0.05)
(0.845833333333 0.879166666666 0.05)
(0.841666666666 0.883333333333 0.05)
(0.841666666666 0.891666666666 0.05)
(0.845833333333 0.895833333333 0.05)
(0.845833333333 0.904166666666 0.05)
(0.841666666666 0.908333333333 0.05)
(0.841666666666 0.916666666666 0.05)
(0.845833333333 0.920833333333 0.05)
(0.845833333333 0.929166666666 0.05)
(0.841666666666 0.933333333333 0.05)
(0.841666666666 0.941666666666 0.05)
(0.845833333333 0.945833333333 0.05)
(0.845833333333 0.954166666667 0.05)
(0.841666666666 0.958333333333 0.05)
(0.841666666666 0.966666666667 0.05)
(0.845833333333 0.970833333333 0.05)
(0.845833333333 0.979166666667 0.05)
(0.841666666666 0.983333333333 0.05)
(0.841666666666 0.991666666667 0.05)
(0.845833333333 0.995833333333 0.05)
(0.854166666666 0.00416666666666 0.05)
(0.858333333333 0.00833333333332 0.05)
(0.858333333333 0.0166666666666 0.05)
(0.854166666666 0.0208333333333 0.05)
(0.854166666666 0.0291666666666 0.05)
(0.858333333333 0.0333333333333 0.05)
(0.858333333333 0.0416666666666 0.05)
(0.854166666666 0.0458333333333 0.05)
(0.854166666666 0.0541666666666 0.05)
(0.858333333333 0.0583333333333 0.05)
(0.858333333333 0.0666666666666 0.05)
(0.854166666666 0.0708333333333 0.05)
(0.854166666666 0.0791666666666 0.05)
(0.858333333333 0.0833333333332 0.05)
(0.858333333333 0.0916666666666 0.05)
(0.854166666666 0.0958333333332 0.05)
(0.854166666666 0.104166666667 0.05)
(0.858333333333 0.108333333333 0.05)
(0.858333333333 0.116666666667 0.05)
(0.854166666666 0.120833333333 0.05)
(0.854166666666 0.129166666667 0.05)
(0.858333333333 0.133333333333 0.05)
(0.858333333333 0.141666666667 0.05)
(0.854166666666 0.145833333333 0.05)
(0.854166666666 0.154166666666 0.05)
(0.858333333333 0.158333333333 0.05)
(0.858333333333 0.166666666666 0.05)
(0.854166666666 0.170833333333 0.05)
(0.854166666666 0.179166666666 0.05)
(0.858333333333 0.183333333333 0.05)
(0.858333333333 0.191666666666 0.05)
(0.854166666666 0.195833333333 0.05)
(0.854166666666 0.204166666666 0.05)
(0.858333333333 0.208333333333 0.05)
(0.858333333333 0.216666666666 0.05)
(0.854166666666 0.220833333333 0.05)
(0.854166666666 0.229166666666 0.05)
(0.858333333333 0.233333333333 0.05)
(0.858333333333 0.241666666666 0.05)
(0.854166666666 0.245833333333 0.05)
(0.854166666666 0.254166666666 0.05)
(0.858333333333 0.258333333333 0.05)
(0.858333333333 0.266666666666 0.05)
(0.854166666666 0.270833333333 0.05)
(0.854166666666 0.279166666666 0.05)
(0.858333333333 0.283333333333 0.05)
(0.858333333333 0.291666666666 0.05)
(0.854166666666 0.295833333333 0.05)
(0.854166666666 0.304166666666 0.05)
(0.858333333333 0.308333333333 0.05)
(0.858333333333 0.316666666666 0.05)
(0.854166666666 0.320833333333 0.05)
(0.854166666666 0.329166666666 0.05)
(0.858333333333 0.333333333333 0.05)
(0.858333333333 0.341666666666 0.05)
(0.854166666666 0.345833333333 0.05)
(0.854166666666 0.354166666666 0.05)
(0.858333333333 0.358333333333 0.05)
(0.858333333333 0.366666666666 0.05)
(0.854166666666 0.370833333333 0.05)
(0.854166666666 0.379166666666 0.05)
(0.858333333333 0.383333333333 0.05)
(0.858333333333 0.391666666666 0.05)
(0.854166666666 0.395833333333 0.05)
(0.854166666666 0.404166666666 0.05)
(0.858333333333 0.408333333333 0.05)
(0.858333333333 0.416666666666 0.05)
(0.854166666666 0.420833333333 0.05)
(0.854166666666 0.429166666666 0.05)
(0.858333333333 0.433333333333 0.05)
(0.858333333333 0.441666666666 0.05)
(0.854166666666 0.445833333333 0.05)
(0.854166666666 0.454166666666 0.05)
(0.858333333333 0.458333333333 0.05)
(0.858333333333 0.466666666666 0.05)
(0.854166666666 0.470833333333 0.05)
(0.854166666666 0.479166666666 0.05)
(0.858333333333 0.483333333333 0.05)
(0.858333333333 0.491666666666 0.05)
(0.854166666666 0.495833333333 0.05)
(0.854166666666 0.504166666666 0.05)
(0.858333333333 0.508333333333 0.05)
(0.858333333333 0.516666666666 0.05)
(0.854166666666 0.520833333333 0.05)
(0.854166666666 0.529166666666 0.05)
(0.858333333333 0.533333333333 0.05)
(0.858333333333 0.541666666666 0.05)
(0.854166666666 0.545833333333 0.05)
(0.854166666666 0.554166666666 0.05)
(0.858333333333 0.558333333333 0.05)
(0.858333333333 0.566666666666 0.05)
(0.854166666666 0.570833333333 0.05)
(0.854166666666 0.579166666666 0.05)
(0.858333333333 0.583333333333 0.05)
(0.858333333333 0.591666666666 0.05)
(0.854166666666 0.595833333333 0.05)
(0.854166666666 0.604166666666 0.05)
(0.858333333333 0.608333333333 0.05)
(0.858333333333 0.616666666666 0.05)
(0.854166666666 0.620833333333 0.05)
(0.854166666666 0.629166666666 0.05)
(0.858333333333 0.633333333333 0.05)
(0.858333333333 0.641666666666 0.05)
(0.854166666666 0.645833333333 0.05)
(0.854166666666 0.654166666666 0.05)
(0.858333333333 0.658333333333 0.05)
(0.858333333333 0.666666666666 0.05)
(0.854166666666 0.670833333333 0.05)
(0.854166666666 0.679166666666 0.05)
(0.858333333333 0.683333333333 0.05)
(0.858333333333 0.691666666666 0.05)
(0.854166666666 0.695833333333 0.05)
(0.854166666666 0.704166666666 0.05)
(0.858333333333 0.708333333333 0.05)
(0.858333333333 0.716666666666 0.05)
(0.854166666666 0.720833333333 0.05)
(0.854166666666 0.729166666666 0.05)
(0.858333333333 0.733333333333 0.05)
(0.858333333333 0.741666666666 0.05)
(0.854166666666 0.745833333333 0.05)
(0.854166666666 0.754166666666 0.05)
(0.858333333333 0.758333333333 0.05)
(0.858333333333 0.766666666666 0.05)
(0.854166666666 0.770833333333 0.05)
(0.854166666666 0.779166666666 0.05)
(0.858333333333 0.783333333333 0.05)
(0.858333333333 0.791666666666 0.05)
(0.854166666666 0.795833333333 0.05)
(0.854166666666 0.804166666666 0.05)
(0.858333333333 0.808333333333 0.05)
(0.858333333333 0.816666666666 0.05)
(0.854166666666 0.820833333333 0.05)
(0.854166666666 0.829166666666 0.05)
(0.858333333333 0.833333333333 0.05)
(0.858333333333 0.841666666666 0.05)
(0.854166666666 0.845833333333 0.05)
(0.854166666666 0.854166666666 0.05)
(0.858333333333 0.858333333333 0.05)
(0.858333333333 0.866666666666 0.05)
(0.854166666666 0.870833333333 0.05)
(0.854166666666 0.879166666666 0.05)
(0.858333333333 0.883333333333 0.05)
(0.858333333333 0.891666666666 0.05)
(0.854166666666 0.895833333333 0.05)
(0.854166666666 0.904166666666 0.05)
(0.858333333333 0.908333333333 0.05)
(0.858333333333 0.916666666666 0.05)
(0.854166666666 0.920833333333 0.05)
(0.854166666666 0.929166666666 0.05)
(0.858333333333 0.933333333333 0.05)
(0.858333333333 0.941666666667 0.05)
(0.854166666666 0.945833333333 0.05)
(0.854166666666 0.954166666667 0.05)
(0.858333333333 0.958333333333 0.05)
(0.858333333333 0.966666666667 0.05)
(0.854166666666 0.970833333333 0.05)
(0.854166666666 0.979166666667 0.05)
(0.858333333333 0.983333333333 0.05)
(0.858333333333 0.991666666667 0.05)
(0.854166666666 0.995833333333 0.05)
(0.870833333333 0.00416666666666 0.05)
(0.866666666666 0.00833333333332 0.05)
(0.866666666666 0.0166666666666 0.05)
(0.870833333333 0.0208333333333 0.05)
(0.870833333333 0.0291666666666 0.05)
(0.866666666666 0.0333333333333 0.05)
(0.866666666666 0.0416666666666 0.05)
(0.870833333333 0.0458333333333 0.05)
(0.870833333333 0.0541666666666 0.05)
(0.866666666666 0.0583333333333 0.05)
(0.866666666666 0.0666666666666 0.05)
(0.870833333333 0.0708333333332 0.05)
(0.870833333333 0.0791666666666 0.05)
(0.866666666666 0.0833333333332 0.05)
(0.866666666666 0.0916666666666 0.05)
(0.870833333333 0.0958333333332 0.05)
(0.870833333333 0.104166666667 0.05)
(0.866666666666 0.108333333333 0.05)
(0.866666666666 0.116666666667 0.05)
(0.870833333333 0.120833333333 0.05)
(0.870833333333 0.129166666667 0.05)
(0.866666666666 0.133333333333 0.05)
(0.866666666666 0.141666666667 0.05)
(0.870833333333 0.145833333333 0.05)
(0.870833333333 0.154166666666 0.05)
(0.866666666666 0.158333333333 0.05)
(0.866666666666 0.166666666666 0.05)
(0.870833333333 0.170833333333 0.05)
(0.870833333333 0.179166666666 0.05)
(0.866666666666 0.183333333333 0.05)
(0.866666666666 0.191666666666 0.05)
(0.870833333333 0.195833333333 0.05)
(0.870833333333 0.204166666666 0.05)
(0.866666666666 0.208333333333 0.05)
(0.866666666666 0.216666666666 0.05)
(0.870833333333 0.220833333333 0.05)
(0.870833333333 0.229166666666 0.05)
(0.866666666666 0.233333333333 0.05)
(0.866666666666 0.241666666666 0.05)
(0.870833333333 0.245833333333 0.05)
(0.870833333333 0.254166666666 0.05)
(0.866666666666 0.258333333333 0.05)
(0.866666666666 0.266666666666 0.05)
(0.870833333333 0.270833333333 0.05)
(0.870833333333 0.279166666666 0.05)
(0.866666666666 0.283333333333 0.05)
(0.866666666666 0.291666666666 0.05)
(0.870833333333 0.295833333333 0.05)
(0.870833333333 0.304166666666 0.05)
(0.866666666666 0.308333333333 0.05)
(0.866666666666 0.316666666666 0.05)
(0.870833333333 0.320833333333 0.05)
(0.870833333333 0.329166666666 0.05)
(0.866666666666 0.333333333333 0.05)
(0.866666666666 0.341666666666 0.05)
(0.870833333333 0.345833333333 0.05)
(0.870833333333 0.354166666666 0.05)
(0.866666666666 0.358333333333 0.05)
(0.866666666666 0.366666666666 0.05)
(0.870833333333 0.370833333333 0.05)
(0.870833333333 0.379166666666 0.05)
(0.866666666666 0.383333333333 0.05)
(0.866666666666 0.391666666666 0.05)
(0.870833333333 0.395833333333 0.05)
(0.870833333333 0.404166666666 0.05)
(0.866666666666 0.408333333333 0.05)
(0.866666666666 0.416666666666 0.05)
(0.870833333333 0.420833333333 0.05)
(0.870833333333 0.429166666666 0.05)
(0.866666666666 0.433333333333 0.05)
(0.866666666666 0.441666666666 0.05)
(0.870833333333 0.445833333333 0.05)
(0.870833333333 0.454166666666 0.05)
(0.866666666666 0.458333333333 0.05)
(0.866666666666 0.466666666666 0.05)
(0.870833333333 0.470833333333 0.05)
(0.870833333333 0.479166666666 0.05)
(0.866666666666 0.483333333333 0.05)
(0.866666666666 0.491666666666 0.05)
(0.870833333333 0.495833333332 0.05)
(0.870833333333 0.504166666666 0.05)
(0.866666666666 0.508333333332 0.05)
(0.866666666666 0.516666666666 0.05)
(0.870833333333 0.520833333332 0.05)
(0.870833333333 0.529166666666 0.05)
(0.866666666666 0.533333333333 0.05)
(0.866666666666 0.541666666666 0.05)
(0.870833333333 0.545833333333 0.05)
(0.870833333333 0.554166666666 0.05)
(0.866666666666 0.558333333333 0.05)
(0.866666666666 0.566666666666 0.05)
(0.870833333333 0.570833333333 0.05)
(0.870833333333 0.579166666666 0.05)
(0.866666666666 0.583333333333 0.05)
(0.866666666666 0.591666666666 0.05)
(0.870833333333 0.595833333333 0.05)
(0.870833333333 0.604166666666 0.05)
(0.866666666666 0.608333333333 0.05)
(0.866666666666 0.616666666666 0.05)
(0.870833333333 0.620833333333 0.05)
(0.870833333333 0.629166666666 0.05)
(0.866666666666 0.633333333333 0.05)
(0.866666666666 0.641666666666 0.05)
(0.870833333333 0.645833333333 0.05)
(0.870833333333 0.654166666666 0.05)
(0.866666666666 0.658333333333 0.05)
(0.866666666666 0.666666666666 0.05)
(0.870833333333 0.670833333333 0.05)
(0.870833333333 0.679166666666 0.05)
(0.866666666666 0.683333333333 0.05)
(0.866666666666 0.691666666666 0.05)
(0.870833333333 0.695833333333 0.05)
(0.870833333333 0.704166666666 0.05)
(0.866666666666 0.708333333333 0.05)
(0.866666666666 0.716666666666 0.05)
(0.870833333333 0.720833333333 0.05)
(0.870833333333 0.729166666666 0.05)
(0.866666666666 0.733333333333 0.05)
(0.866666666666 0.741666666666 0.05)
(0.870833333333 0.745833333333 0.05)
(0.870833333333 0.754166666666 0.05)
(0.866666666666 0.758333333333 0.05)
(0.866666666666 0.766666666666 0.05)
(0.870833333333 0.770833333333 0.05)
(0.870833333333 0.779166666666 0.05)
(0.866666666666 0.783333333333 0.05)
(0.866666666666 0.791666666666 0.05)
(0.870833333333 0.795833333333 0.05)
(0.870833333333 0.804166666666 0.05)
(0.866666666666 0.808333333333 0.05)
(0.866666666666 0.816666666666 0.05)
(0.870833333333 0.820833333333 0.05)
(0.870833333333 0.829166666666 0.05)
(0.866666666666 0.833333333333 0.05)
(0.866666666666 0.841666666666 0.05)
(0.870833333333 0.845833333333 0.05)
(0.870833333333 0.854166666666 0.05)
(0.866666666666 0.858333333333 0.05)
(0.866666666666 0.866666666666 0.05)
(0.870833333333 0.870833333333 0.05)
(0.870833333333 0.879166666666 0.05)
(0.866666666666 0.883333333333 0.05)
(0.866666666666 0.891666666666 0.05)
(0.870833333333 0.895833333333 0.05)
(0.870833333333 0.904166666666 0.05)
(0.866666666666 0.908333333333 0.05)
(0.866666666666 0.916666666666 0.05)
(0.870833333333 0.920833333333 0.05)
(0.870833333333 0.929166666666 0.05)
(0.866666666666 0.933333333333 0.05)
(0.866666666666 0.941666666667 0.05)
(0.870833333333 0.945833333333 0.05)
(0.870833333333 0.954166666667 0.05)
(0.866666666666 0.958333333333 0.05)
(0.866666666666 0.966666666667 0.05)
(0.870833333333 0.970833333333 0.05)
(0.870833333333 0.979166666667 0.05)
(0.866666666666 0.983333333333 0.05)
(0.866666666666 0.991666666667 0.05)
(0.870833333333 0.995833333333 0.05)
(0.879166666666 0.00416666666666 0.05)
(0.883333333333 0.00833333333332 0.05)
(0.883333333333 0.0166666666666 0.05)
(0.879166666666 0.0208333333333 0.05)
(0.879166666666 0.0291666666666 0.05)
(0.883333333333 0.0333333333333 0.05)
(0.883333333333 0.0416666666666 0.05)
(0.879166666666 0.0458333333333 0.05)
(0.879166666666 0.0541666666666 0.05)
(0.883333333333 0.0583333333333 0.05)
(0.883333333333 0.0666666666666 0.05)
(0.879166666666 0.0708333333332 0.05)
(0.879166666666 0.0791666666666 0.05)
(0.883333333333 0.0833333333332 0.05)
(0.883333333333 0.0916666666666 0.05)
(0.879166666666 0.0958333333332 0.05)
(0.879166666666 0.104166666667 0.05)
(0.883333333333 0.108333333333 0.05)
(0.883333333333 0.116666666667 0.05)
(0.879166666666 0.120833333333 0.05)
(0.879166666666 0.129166666667 0.05)
(0.883333333333 0.133333333333 0.05)
(0.883333333333 0.141666666666 0.05)
(0.879166666666 0.145833333333 0.05)
(0.879166666666 0.154166666666 0.05)
(0.883333333333 0.158333333333 0.05)
(0.883333333333 0.166666666666 0.05)
(0.879166666666 0.170833333333 0.05)
(0.879166666666 0.179166666666 0.05)
(0.883333333333 0.183333333333 0.05)
(0.883333333333 0.191666666666 0.05)
(0.879166666666 0.195833333333 0.05)
(0.879166666666 0.204166666666 0.05)
(0.883333333333 0.208333333333 0.05)
(0.883333333333 0.216666666666 0.05)
(0.879166666666 0.220833333333 0.05)
(0.879166666666 0.229166666666 0.05)
(0.883333333333 0.233333333333 0.05)
(0.883333333333 0.241666666666 0.05)
(0.879166666666 0.245833333333 0.05)
(0.879166666666 0.254166666666 0.05)
(0.883333333333 0.258333333333 0.05)
(0.883333333333 0.266666666666 0.05)
(0.879166666666 0.270833333333 0.05)
(0.879166666666 0.279166666666 0.05)
(0.883333333333 0.283333333333 0.05)
(0.883333333333 0.291666666666 0.05)
(0.879166666666 0.295833333333 0.05)
(0.879166666666 0.304166666666 0.05)
(0.883333333333 0.308333333333 0.05)
(0.883333333333 0.316666666666 0.05)
(0.879166666666 0.320833333333 0.05)
(0.879166666666 0.329166666666 0.05)
(0.883333333333 0.333333333333 0.05)
(0.883333333333 0.341666666666 0.05)
(0.879166666666 0.345833333333 0.05)
(0.879166666666 0.354166666666 0.05)
(0.883333333333 0.358333333333 0.05)
(0.883333333333 0.366666666666 0.05)
(0.879166666666 0.370833333333 0.05)
(0.879166666666 0.379166666666 0.05)
(0.883333333333 0.383333333333 0.05)
(0.883333333333 0.391666666666 0.05)
(0.879166666666 0.395833333333 0.05)
(0.879166666666 0.404166666666 0.05)
(0.883333333333 0.408333333333 0.05)
(0.883333333333 0.416666666666 0.05)
(0.879166666666 0.420833333333 0.05)
(0.879166666666 0.429166666666 0.05)
(0.883333333333 0.433333333333 0.05)
(0.883333333333 0.441666666666 0.05)
(0.879166666666 0.445833333333 0.05)
(0.879166666666 0.454166666666 0.05)
(0.883333333333 0.458333333332 0.05)
(0.883333333333 0.466666666666 0.05)
(0.879166666666 0.470833333332 0.05)
(0.879166666666 0.479166666666 0.05)
(0.883333333333 0.483333333332 0.05)
(0.883333333333 0.491666666666 0.05)
(0.879166666666 0.495833333332 0.05)
(0.879166666666 0.504166666666 0.05)
(0.883333333333 0.508333333332 0.05)
(0.883333333333 0.516666666666 0.05)
(0.879166666666 0.520833333332 0.05)
(0.879166666666 0.529166666666 0.05)
(0.883333333333 0.533333333332 0.05)
(0.883333333333 0.541666666666 0.05)
(0.879166666666 0.545833333332 0.05)
(0.879166666666 0.554166666666 0.05)
(0.883333333333 0.558333333332 0.05)
(0.883333333333 0.566666666666 0.05)
(0.879166666666 0.570833333333 0.05)
(0.879166666666 0.579166666666 0.05)
(0.883333333333 0.583333333333 0.05)
(0.883333333333 0.591666666666 0.05)
(0.879166666666 0.595833333333 0.05)
(0.879166666666 0.604166666666 0.05)
(0.883333333333 0.608333333333 0.05)
(0.883333333333 0.616666666666 0.05)
(0.879166666666 0.620833333333 0.05)
(0.879166666666 0.629166666666 0.05)
(0.883333333333 0.633333333333 0.05)
(0.883333333333 0.641666666666 0.05)
(0.879166666666 0.645833333333 0.05)
(0.879166666666 0.654166666666 0.05)
(0.883333333333 0.658333333333 0.05)
(0.883333333333 0.666666666666 0.05)
(0.879166666666 0.670833333333 0.05)
(0.879166666666 0.679166666666 0.05)
(0.883333333333 0.683333333333 0.05)
(0.883333333333 0.691666666666 0.05)
(0.879166666666 0.695833333333 0.05)
(0.879166666666 0.704166666666 0.05)
(0.883333333333 0.708333333333 0.05)
(0.883333333333 0.716666666666 0.05)
(0.879166666666 0.720833333333 0.05)
(0.879166666666 0.729166666666 0.05)
(0.883333333333 0.733333333333 0.05)
(0.883333333333 0.741666666666 0.05)
(0.879166666666 0.745833333333 0.05)
(0.879166666666 0.754166666666 0.05)
(0.883333333333 0.758333333333 0.05)
(0.883333333333 0.766666666666 0.05)
(0.879166666666 0.770833333333 0.05)
(0.879166666666 0.779166666666 0.05)
(0.883333333333 0.783333333333 0.05)
(0.883333333333 0.791666666666 0.05)
(0.879166666666 0.795833333333 0.05)
(0.879166666666 0.804166666666 0.05)
(0.883333333333 0.808333333333 0.05)
(0.883333333333 0.816666666666 0.05)
(0.879166666666 0.820833333333 0.05)
(0.879166666666 0.829166666666 0.05)
(0.883333333333 0.833333333333 0.05)
(0.883333333333 0.841666666666 0.05)
(0.879166666666 0.845833333333 0.05)
(0.879166666666 0.854166666666 0.05)
(0.883333333333 0.858333333333 0.05)
(0.883333333333 0.866666666666 0.05)
(0.879166666666 0.870833333333 0.05)
(0.879166666666 0.879166666666 0.05)
(0.883333333333 0.883333333333 0.05)
(0.883333333333 0.891666666666 0.05)
(0.879166666666 0.895833333333 0.05)
(0.879166666666 0.904166666666 0.05)
(0.883333333333 0.908333333333 0.05)
(0.883333333333 0.916666666666 0.05)
(0.879166666666 0.920833333333 0.05)
(0.879166666666 0.929166666666 0.05)
(0.883333333333 0.933333333333 0.05)
(0.883333333333 0.941666666667 0.05)
(0.879166666666 0.945833333333 0.05)
(0.879166666666 0.954166666667 0.05)
(0.883333333333 0.958333333333 0.05)
(0.883333333333 0.966666666667 0.05)
(0.879166666666 0.970833333333 0.05)
(0.879166666666 0.979166666667 0.05)
(0.883333333333 0.983333333333 0.05)
(0.883333333333 0.991666666667 0.05)
(0.879166666666 0.995833333333 0.05)
(0.895833333333 0.00416666666666 0.05)
(0.891666666666 0.00833333333332 0.05)
(0.891666666666 0.0166666666666 0.05)
(0.895833333333 0.0208333333333 0.05)
(0.895833333333 0.0291666666666 0.05)
(0.891666666666 0.0333333333333 0.05)
(0.891666666666 0.0416666666666 0.05)
(0.895833333333 0.0458333333333 0.05)
(0.895833333333 0.0541666666666 0.05)
(0.891666666666 0.0583333333333 0.05)
(0.891666666666 0.0666666666666 0.05)
(0.895833333333 0.0708333333332 0.05)
(0.895833333333 0.0791666666666 0.05)
(0.891666666666 0.0833333333332 0.05)
(0.891666666666 0.0916666666666 0.05)
(0.895833333333 0.0958333333332 0.05)
(0.895833333333 0.104166666667 0.05)
(0.891666666666 0.108333333333 0.05)
(0.891666666666 0.116666666667 0.05)
(0.895833333333 0.120833333333 0.05)
(0.895833333333 0.129166666667 0.05)
(0.891666666666 0.133333333333 0.05)
(0.891666666666 0.141666666666 0.05)
(0.895833333333 0.145833333333 0.05)
(0.895833333333 0.154166666666 0.05)
(0.891666666666 0.158333333333 0.05)
(0.891666666666 0.166666666666 0.05)
(0.895833333333 0.170833333333 0.05)
(0.895833333333 0.179166666666 0.05)
(0.891666666666 0.183333333333 0.05)
(0.891666666666 0.191666666666 0.05)
(0.895833333333 0.195833333333 0.05)
(0.895833333333 0.204166666666 0.05)
(0.891666666666 0.208333333333 0.05)
(0.891666666666 0.216666666666 0.05)
(0.895833333333 0.220833333333 0.05)
(0.895833333333 0.229166666666 0.05)
(0.891666666666 0.233333333333 0.05)
(0.891666666666 0.241666666666 0.05)
(0.895833333333 0.245833333333 0.05)
(0.895833333333 0.254166666666 0.05)
(0.891666666666 0.258333333333 0.05)
(0.891666666666 0.266666666666 0.05)
(0.895833333333 0.270833333333 0.05)
(0.895833333333 0.279166666666 0.05)
(0.891666666666 0.283333333333 0.05)
(0.891666666666 0.291666666666 0.05)
(0.895833333333 0.295833333333 0.05)
(0.895833333333 0.304166666666 0.05)
(0.891666666666 0.308333333333 0.05)
(0.891666666666 0.316666666666 0.05)
(0.895833333333 0.320833333333 0.05)
(0.895833333333 0.329166666666 0.05)
(0.891666666666 0.333333333333 0.05)
(0.891666666666 0.341666666666 0.05)
(0.895833333333 0.345833333333 0.05)
(0.895833333333 0.354166666666 0.05)
(0.891666666666 0.358333333333 0.05)
(0.891666666666 0.366666666666 0.05)
(0.895833333333 0.370833333333 0.05)
(0.895833333333 0.379166666666 0.05)
(0.891666666666 0.383333333333 0.05)
(0.891666666666 0.391666666666 0.05)
(0.895833333333 0.395833333333 0.05)
(0.895833333333 0.404166666666 0.05)
(0.891666666666 0.408333333333 0.05)
(0.891666666666 0.416666666666 0.05)
(0.895833333333 0.420833333333 0.05)
(0.895833333333 0.429166666666 0.05)
(0.891666666666 0.433333333333 0.05)
(0.891666666666 0.441666666666 0.05)
(0.895833333333 0.445833333332 0.05)
(0.895833333333 0.454166666666 0.05)
(0.891666666666 0.458333333332 0.05)
(0.891666666666 0.466666666666 0.05)
(0.895833333333 0.470833333332 0.05)
(0.895833333333 0.479166666666 0.05)
(0.891666666666 0.483333333332 0.05)
(0.891666666666 0.491666666666 0.05)
(0.895833333333 0.495833333332 0.05)
(0.895833333333 0.504166666666 0.05)
(0.891666666666 0.508333333332 0.05)
(0.891666666666 0.516666666666 0.05)
(0.895833333333 0.520833333332 0.05)
(0.895833333333 0.529166666666 0.05)
(0.891666666666 0.533333333332 0.05)
(0.891666666666 0.541666666666 0.05)
(0.895833333333 0.545833333332 0.05)
(0.895833333333 0.554166666666 0.05)
(0.891666666666 0.558333333332 0.05)
(0.891666666666 0.566666666666 0.05)
(0.895833333333 0.570833333332 0.05)
(0.895833333333 0.579166666666 0.05)
(0.891666666666 0.583333333333 0.05)
(0.891666666666 0.591666666666 0.05)
(0.895833333333 0.595833333333 0.05)
(0.895833333333 0.604166666666 0.05)
(0.891666666666 0.608333333333 0.05)
(0.891666666666 0.616666666666 0.05)
(0.895833333333 0.620833333333 0.05)
(0.895833333333 0.629166666666 0.05)
(0.891666666666 0.633333333333 0.05)
(0.891666666666 0.641666666666 0.05)
(0.895833333333 0.645833333333 0.05)
(0.895833333333 0.654166666666 0.05)
(0.891666666666 0.658333333333 0.05)
(0.891666666666 0.666666666666 0.05)
(0.895833333333 0.670833333333 0.05)
(0.895833333333 0.679166666666 0.05)
(0.891666666666 0.683333333333 0.05)
(0.891666666666 0.691666666666 0.05)
(0.895833333333 0.695833333333 0.05)
(0.895833333333 0.704166666666 0.05)
(0.891666666666 0.708333333333 0.05)
(0.891666666666 0.716666666666 0.05)
(0.895833333333 0.720833333333 0.05)
(0.895833333333 0.729166666666 0.05)
(0.891666666666 0.733333333333 0.05)
(0.891666666666 0.741666666666 0.05)
(0.895833333333 0.745833333333 0.05)
(0.895833333333 0.754166666666 0.05)
(0.891666666666 0.758333333333 0.05)
(0.891666666666 0.766666666666 0.05)
(0.895833333333 0.770833333333 0.05)
(0.895833333333 0.779166666666 0.05)
(0.891666666666 0.783333333333 0.05)
(0.891666666666 0.791666666666 0.05)
(0.895833333333 0.795833333333 0.05)
(0.895833333333 0.804166666666 0.05)
(0.891666666666 0.808333333333 0.05)
(0.891666666666 0.816666666666 0.05)
(0.895833333333 0.820833333333 0.05)
(0.895833333333 0.829166666666 0.05)
(0.891666666666 0.833333333333 0.05)
(0.891666666666 0.841666666666 0.05)
(0.895833333333 0.845833333333 0.05)
(0.895833333333 0.854166666666 0.05)
(0.891666666666 0.858333333333 0.05)
(0.891666666666 0.866666666666 0.05)
(0.895833333333 0.870833333333 0.05)
(0.895833333333 0.879166666666 0.05)
(0.891666666666 0.883333333333 0.05)
(0.891666666666 0.891666666666 0.05)
(0.895833333333 0.895833333333 0.05)
(0.895833333333 0.904166666666 0.05)
(0.891666666666 0.908333333333 0.05)
(0.891666666666 0.916666666666 0.05)
(0.895833333333 0.920833333333 0.05)
(0.895833333333 0.929166666666 0.05)
(0.891666666666 0.933333333333 0.05)
(0.891666666666 0.941666666667 0.05)
(0.895833333333 0.945833333333 0.05)
(0.895833333333 0.954166666667 0.05)
(0.891666666666 0.958333333333 0.05)
(0.891666666666 0.966666666667 0.05)
(0.895833333333 0.970833333333 0.05)
(0.895833333333 0.979166666667 0.05)
(0.891666666666 0.983333333333 0.05)
(0.891666666666 0.991666666667 0.05)
(0.895833333333 0.995833333333 0.05)
(0.904166666666 0.00416666666666 0.05)
(0.908333333333 0.00833333333332 0.05)
(0.908333333333 0.0166666666666 0.05)
(0.904166666666 0.0208333333333 0.05)
(0.904166666666 0.0291666666666 0.05)
(0.908333333333 0.0333333333333 0.05)
(0.908333333333 0.0416666666666 0.05)
(0.904166666666 0.0458333333333 0.05)
(0.904166666666 0.0541666666666 0.05)
(0.908333333333 0.0583333333332 0.05)
(0.908333333333 0.0666666666666 0.05)
(0.904166666666 0.0708333333332 0.05)
(0.904166666666 0.0791666666666 0.05)
(0.908333333333 0.0833333333332 0.05)
(0.908333333333 0.0916666666665 0.05)
(0.904166666666 0.0958333333332 0.05)
(0.904166666666 0.104166666667 0.05)
(0.908333333333 0.108333333333 0.05)
(0.908333333333 0.116666666667 0.05)
(0.904166666666 0.120833333333 0.05)
(0.904166666666 0.129166666667 0.05)
(0.908333333333 0.133333333333 0.05)
(0.908333333333 0.141666666666 0.05)
(0.904166666666 0.145833333333 0.05)
(0.904166666666 0.154166666666 0.05)
(0.908333333333 0.158333333333 0.05)
(0.908333333333 0.166666666666 0.05)
(0.904166666666 0.170833333333 0.05)
(0.904166666666 0.179166666666 0.05)
(0.908333333333 0.183333333333 0.05)
(0.908333333333 0.191666666666 0.05)
(0.904166666666 0.195833333333 0.05)
(0.904166666666 0.204166666666 0.05)
(0.908333333333 0.208333333333 0.05)
(0.908333333333 0.216666666666 0.05)
(0.904166666666 0.220833333333 0.05)
(0.904166666666 0.229166666666 0.05)
(0.908333333333 0.233333333333 0.05)
(0.908333333333 0.241666666666 0.05)
(0.904166666666 0.245833333333 0.05)
(0.904166666666 0.254166666666 0.05)
(0.908333333333 0.258333333333 0.05)
(0.908333333333 0.266666666666 0.05)
(0.904166666666 0.270833333333 0.05)
(0.904166666666 0.279166666666 0.05)
(0.908333333333 0.283333333333 0.05)
(0.908333333333 0.291666666666 0.05)
(0.904166666666 0.295833333333 0.05)
(0.904166666666 0.304166666666 0.05)
(0.908333333333 0.308333333333 0.05)
(0.908333333333 0.316666666666 0.05)
(0.904166666666 0.320833333333 0.05)
(0.904166666666 0.329166666666 0.05)
(0.908333333333 0.333333333333 0.05)
(0.908333333333 0.341666666666 0.05)
(0.904166666666 0.345833333333 0.05)
(0.904166666666 0.354166666666 0.05)
(0.908333333333 0.358333333333 0.05)
(0.908333333333 0.366666666666 0.05)
(0.904166666666 0.370833333333 0.05)
(0.904166666666 0.379166666666 0.05)
(0.908333333333 0.383333333333 0.05)
(0.908333333333 0.391666666666 0.05)
(0.904166666666 0.395833333333 0.05)
(0.904166666666 0.404166666666 0.05)
(0.908333333333 0.408333333333 0.05)
(0.908333333333 0.416666666666 0.05)
(0.904166666666 0.420833333333 0.05)
(0.904166666666 0.429166666666 0.05)
(0.908333333333 0.433333333332 0.05)
(0.908333333333 0.441666666666 0.05)
(0.904166666666 0.445833333332 0.05)
(0.904166666666 0.454166666666 0.05)
(0.908333333333 0.458333333332 0.05)
(0.908333333333 0.466666666666 0.05)
(0.904166666666 0.470833333332 0.05)
(0.904166666666 0.479166666666 0.05)
(0.908333333333 0.483333333332 0.05)
(0.908333333333 0.491666666666 0.05)
(0.904166666666 0.495833333332 0.05)
(0.904166666666 0.504166666666 0.05)
(0.908333333333 0.508333333332 0.05)
(0.908333333333 0.516666666666 0.05)
(0.904166666666 0.520833333332 0.05)
(0.904166666666 0.529166666666 0.05)
(0.908333333333 0.533333333332 0.05)
(0.908333333333 0.541666666666 0.05)
(0.904166666666 0.545833333332 0.05)
(0.904166666666 0.554166666666 0.05)
(0.908333333333 0.558333333332 0.05)
(0.908333333333 0.566666666666 0.05)
(0.904166666666 0.570833333332 0.05)
(0.904166666666 0.579166666666 0.05)
(0.908333333333 0.583333333332 0.05)
(0.908333333333 0.591666666666 0.05)
(0.904166666666 0.595833333333 0.05)
(0.904166666666 0.604166666666 0.05)
(0.908333333333 0.608333333333 0.05)
(0.908333333333 0.616666666666 0.05)
(0.904166666666 0.620833333333 0.05)
(0.904166666666 0.629166666666 0.05)
(0.908333333333 0.633333333333 0.05)
(0.908333333333 0.641666666666 0.05)
(0.904166666666 0.645833333333 0.05)
(0.904166666666 0.654166666666 0.05)
(0.908333333333 0.658333333333 0.05)
(0.908333333333 0.666666666666 0.05)
(0.904166666666 0.670833333333 0.05)
(0.904166666666 0.679166666666 0.05)
(0.908333333333 0.683333333333 0.05)
(0.908333333333 0.691666666666 0.05)
(0.904166666666 0.695833333333 0.05)
(0.904166666666 0.704166666666 0.05)
(0.908333333333 0.708333333333 0.05)
(0.908333333333 0.716666666666 0.05)
(0.904166666666 0.720833333333 0.05)
(0.904166666666 0.729166666666 0.05)
(0.908333333333 0.733333333333 0.05)
(0.908333333333 0.741666666666 0.05)
(0.904166666666 0.745833333333 0.05)
(0.904166666666 0.754166666666 0.05)
(0.908333333333 0.758333333333 0.05)
(0.908333333333 0.766666666666 0.05)
(0.904166666666 0.770833333333 0.05)
(0.904166666666 0.779166666666 0.05)
(0.908333333333 0.783333333333 0.05)
(0.908333333333 0.791666666666 0.05)
(0.904166666666 0.795833333333 0.05)
(0.904166666666 0.804166666666 0.05)
(0.908333333333 0.808333333333 0.05)
(0.908333333333 0.816666666666 0.05)
(0.904166666666 0.820833333333 0.05)
(0.904166666666 0.829166666666 0.05)
(0.908333333333 0.833333333333 0.05)
(0.908333333333 0.841666666666 0.05)
(0.904166666666 0.845833333333 0.05)
(0.904166666666 0.854166666666 0.05)
(0.908333333333 0.858333333333 0.05)
(0.908333333333 0.866666666666 0.05)
(0.904166666666 0.870833333333 0.05)
(0.904166666666 0.879166666666 0.05)
(0.908333333333 0.883333333333 0.05)
(0.908333333333 0.891666666666 0.05)
(0.904166666666 0.895833333333 0.05)
(0.904166666666 0.904166666666 0.05)
(0.908333333333 0.908333333333 0.05)
(0.908333333333 0.916666666666 0.05)
(0.904166666666 0.920833333333 0.05)
(0.904166666666 0.929166666666 0.05)
(0.908333333333 0.933333333333 0.05)
(0.908333333333 0.941666666667 0.05)
(0.904166666666 0.945833333333 0.05)
(0.904166666666 0.954166666667 0.05)
(0.908333333333 0.958333333333 0.05)
(0.908333333333 0.966666666667 0.05)
(0.904166666666 0.970833333333 0.05)
(0.904166666666 0.979166666667 0.05)
(0.908333333333 0.983333333333 0.05)
(0.908333333333 0.991666666667 0.05)
(0.904166666666 0.995833333333 0.05)
(0.920833333333 0.00416666666666 0.05)
(0.916666666666 0.00833333333332 0.05)
(0.916666666666 0.0166666666666 0.05)
(0.920833333333 0.0208333333333 0.05)
(0.920833333333 0.0291666666666 0.05)
(0.916666666666 0.0333333333333 0.05)
(0.916666666666 0.0416666666666 0.05)
(0.920833333333 0.0458333333333 0.05)
(0.920833333333 0.0541666666666 0.05)
(0.916666666666 0.0583333333332 0.05)
(0.916666666666 0.0666666666666 0.05)
(0.920833333333 0.0708333333332 0.05)
(0.920833333333 0.0791666666666 0.05)
(0.916666666666 0.0833333333332 0.05)
(0.916666666666 0.0916666666665 0.05)
(0.920833333333 0.0958333333332 0.05)
(0.920833333333 0.104166666667 0.05)
(0.916666666666 0.108333333333 0.05)
(0.916666666666 0.116666666667 0.05)
(0.920833333333 0.120833333333 0.05)
(0.920833333333 0.129166666666 0.05)
(0.916666666666 0.133333333333 0.05)
(0.916666666666 0.141666666666 0.05)
(0.920833333333 0.145833333333 0.05)
(0.920833333333 0.154166666666 0.05)
(0.916666666666 0.158333333333 0.05)
(0.916666666666 0.166666666666 0.05)
(0.920833333333 0.170833333333 0.05)
(0.920833333333 0.179166666666 0.05)
(0.916666666666 0.183333333333 0.05)
(0.916666666666 0.191666666666 0.05)
(0.920833333333 0.195833333333 0.05)
(0.920833333333 0.204166666666 0.05)
(0.916666666666 0.208333333333 0.05)
(0.916666666666 0.216666666666 0.05)
(0.920833333333 0.220833333333 0.05)
(0.920833333333 0.229166666666 0.05)
(0.916666666666 0.233333333333 0.05)
(0.916666666666 0.241666666666 0.05)
(0.920833333333 0.245833333333 0.05)
(0.920833333333 0.254166666666 0.05)
(0.916666666666 0.258333333333 0.05)
(0.916666666666 0.266666666666 0.05)
(0.920833333333 0.270833333333 0.05)
(0.920833333333 0.279166666666 0.05)
(0.916666666666 0.283333333333 0.05)
(0.916666666666 0.291666666666 0.05)
(0.920833333333 0.295833333333 0.05)
(0.920833333333 0.304166666666 0.05)
(0.916666666666 0.308333333333 0.05)
(0.916666666666 0.316666666666 0.05)
(0.920833333333 0.320833333333 0.05)
(0.920833333333 0.329166666666 0.05)
(0.916666666666 0.333333333333 0.05)
(0.916666666666 0.341666666666 0.05)
(0.920833333333 0.345833333333 0.05)
(0.920833333333 0.354166666666 0.05)
(0.916666666666 0.358333333333 0.05)
(0.916666666666 0.366666666666 0.05)
(0.920833333333 0.370833333333 0.05)
(0.920833333333 0.379166666666 0.05)
(0.916666666666 0.383333333333 0.05)
(0.916666666666 0.391666666666 0.05)
(0.920833333333 0.395833333333 0.05)
(0.920833333333 0.404166666666 0.05)
(0.916666666666 0.408333333333 0.05)
(0.916666666666 0.416666666666 0.05)
(0.920833333333 0.420833333332 0.05)
(0.920833333333 0.429166666666 0.05)
(0.916666666666 0.433333333332 0.05)
(0.916666666666 0.441666666666 0.05)
(0.920833333333 0.445833333332 0.05)
(0.920833333333 0.454166666666 0.05)
(0.916666666666 0.458333333332 0.05)
(0.916666666666 0.466666666666 0.05)
(0.920833333333 0.470833333332 0.05)
(0.920833333333 0.479166666666 0.05)
(0.916666666666 0.483333333332 0.05)
(0.916666666666 0.491666666666 0.05)
(0.920833333333 0.495833333332 0.05)
(0.920833333333 0.504166666666 0.05)
(0.916666666666 0.508333333332 0.05)
(0.916666666666 0.516666666666 0.05)
(0.920833333333 0.520833333332 0.05)
(0.920833333333 0.529166666666 0.05)
(0.916666666666 0.533333333332 0.05)
(0.916666666666 0.541666666666 0.05)
(0.920833333333 0.545833333332 0.05)
(0.920833333333 0.554166666666 0.05)
(0.916666666666 0.558333333332 0.05)
(0.916666666666 0.566666666666 0.05)
(0.920833333333 0.570833333332 0.05)
(0.920833333333 0.579166666666 0.05)
(0.916666666666 0.583333333332 0.05)
(0.916666666666 0.591666666666 0.05)
(0.920833333333 0.595833333332 0.05)
(0.920833333333 0.604166666666 0.05)
(0.916666666666 0.608333333332 0.05)
(0.916666666666 0.616666666666 0.05)
(0.920833333333 0.620833333333 0.05)
(0.920833333333 0.629166666666 0.05)
(0.916666666666 0.633333333333 0.05)
(0.916666666666 0.641666666666 0.05)
(0.920833333333 0.645833333333 0.05)
(0.920833333333 0.654166666666 0.05)
(0.916666666666 0.658333333333 0.05)
(0.916666666666 0.666666666666 0.05)
(0.920833333333 0.670833333333 0.05)
(0.920833333333 0.679166666666 0.05)
(0.916666666666 0.683333333333 0.05)
(0.916666666666 0.691666666666 0.05)
(0.920833333333 0.695833333333 0.05)
(0.920833333333 0.704166666666 0.05)
(0.916666666666 0.708333333333 0.05)
(0.916666666666 0.716666666666 0.05)
(0.920833333333 0.720833333333 0.05)
(0.920833333333 0.729166666666 0.05)
(0.916666666666 0.733333333333 0.05)
(0.916666666666 0.741666666666 0.05)
(0.920833333333 0.745833333333 0.05)
(0.920833333333 0.754166666666 0.05)
(0.916666666666 0.758333333333 0.05)
(0.916666666666 0.766666666666 0.05)
(0.920833333333 0.770833333333 0.05)
(0.920833333333 0.779166666666 0.05)
(0.916666666666 0.783333333333 0.05)
(0.916666666666 0.791666666666 0.05)
(0.920833333333 0.795833333333 0.05)
(0.920833333333 0.804166666666 0.05)
(0.916666666666 0.808333333333 0.05)
(0.916666666666 0.816666666666 0.05)
(0.920833333333 0.820833333333 0.05)
(0.920833333333 0.829166666666 0.05)
(0.916666666666 0.833333333333 0.05)
(0.916666666666 0.841666666666 0.05)
(0.920833333333 0.845833333333 0.05)
(0.920833333333 0.854166666666 0.05)
(0.916666666666 0.858333333333 0.05)
(0.916666666666 0.866666666666 0.05)
(0.920833333333 0.870833333333 0.05)
(0.920833333333 0.879166666666 0.05)
(0.916666666666 0.883333333333 0.05)
(0.916666666666 0.891666666666 0.05)
(0.920833333333 0.895833333333 0.05)
(0.920833333333 0.904166666666 0.05)
(0.916666666666 0.908333333333 0.05)
(0.916666666666 0.916666666666 0.05)
(0.920833333333 0.920833333333 0.05)
(0.920833333333 0.929166666666 0.05)
(0.916666666666 0.933333333333 0.05)
(0.916666666666 0.941666666667 0.05)
(0.920833333333 0.945833333333 0.05)
(0.920833333333 0.954166666667 0.05)
(0.916666666666 0.958333333333 0.05)
(0.916666666666 0.966666666667 0.05)
(0.920833333333 0.970833333333 0.05)
(0.920833333333 0.979166666667 0.05)
(0.916666666666 0.983333333333 0.05)
(0.916666666666 0.991666666667 0.05)
(0.920833333333 0.995833333333 0.05)
(0.929166666666 0.00416666666666 0.05)
(0.933333333333 0.00833333333332 0.05)
(0.933333333333 0.0166666666666 0.05)
(0.929166666666 0.0208333333333 0.05)
(0.929166666666 0.0291666666666 0.05)
(0.933333333333 0.0333333333333 0.05)
(0.933333333333 0.0416666666666 0.05)
(0.929166666666 0.0458333333333 0.05)
(0.929166666666 0.0541666666666 0.05)
(0.933333333333 0.0583333333332 0.05)
(0.933333333333 0.0666666666666 0.05)
(0.929166666666 0.0708333333332 0.05)
(0.929166666666 0.0791666666665 0.05)
(0.933333333333 0.0833333333332 0.05)
(0.933333333333 0.0916666666665 0.05)
(0.929166666666 0.0958333333332 0.05)
(0.929166666666 0.104166666667 0.05)
(0.933333333333 0.108333333333 0.05)
(0.933333333333 0.116666666667 0.05)
(0.929166666666 0.120833333333 0.05)
(0.929166666666 0.129166666666 0.05)
(0.933333333333 0.133333333333 0.05)
(0.933333333333 0.141666666666 0.05)
(0.929166666666 0.145833333333 0.05)
(0.929166666666 0.154166666666 0.05)
(0.933333333333 0.158333333333 0.05)
(0.933333333333 0.166666666666 0.05)
(0.929166666666 0.170833333333 0.05)
(0.929166666666 0.179166666666 0.05)
(0.933333333333 0.183333333333 0.05)
(0.933333333333 0.191666666666 0.05)
(0.929166666666 0.195833333333 0.05)
(0.929166666666 0.204166666666 0.05)
(0.933333333333 0.208333333333 0.05)
(0.933333333333 0.216666666666 0.05)
(0.929166666666 0.220833333333 0.05)
(0.929166666666 0.229166666666 0.05)
(0.933333333333 0.233333333333 0.05)
(0.933333333333 0.241666666666 0.05)
(0.929166666666 0.245833333333 0.05)
(0.929166666666 0.254166666666 0.05)
(0.933333333333 0.258333333333 0.05)
(0.933333333333 0.266666666666 0.05)
(0.929166666666 0.270833333333 0.05)
(0.929166666666 0.279166666666 0.05)
(0.933333333333 0.283333333333 0.05)
(0.933333333333 0.291666666666 0.05)
(0.929166666666 0.295833333333 0.05)
(0.929166666666 0.304166666666 0.05)
(0.933333333333 0.308333333333 0.05)
(0.933333333333 0.316666666666 0.05)
(0.929166666666 0.320833333333 0.05)
(0.929166666666 0.329166666666 0.05)
(0.933333333333 0.333333333333 0.05)
(0.933333333333 0.341666666666 0.05)
(0.929166666666 0.345833333333 0.05)
(0.929166666666 0.354166666666 0.05)
(0.933333333333 0.358333333333 0.05)
(0.933333333333 0.366666666666 0.05)
(0.929166666666 0.370833333333 0.05)
(0.929166666666 0.379166666666 0.05)
(0.933333333333 0.383333333333 0.05)
(0.933333333333 0.391666666666 0.05)
(0.929166666666 0.395833333333 0.05)
(0.929166666666 0.404166666666 0.05)
(0.933333333333 0.408333333332 0.05)
(0.933333333333 0.416666666666 0.05)
(0.929166666666 0.420833333332 0.05)
(0.929166666666 0.429166666666 0.05)
(0.933333333333 0.433333333332 0.05)
(0.933333333333 0.441666666666 0.05)
(0.929166666666 0.445833333332 0.05)
(0.929166666666 0.454166666666 0.05)
(0.933333333333 0.458333333332 0.05)
(0.933333333333 0.466666666666 0.05)
(0.929166666666 0.470833333332 0.05)
(0.929166666666 0.479166666666 0.05)
(0.933333333333 0.483333333332 0.05)
(0.933333333333 0.491666666666 0.05)
(0.929166666666 0.495833333332 0.05)
(0.929166666666 0.504166666666 0.05)
(0.933333333333 0.508333333332 0.05)
(0.933333333333 0.516666666666 0.05)
(0.929166666666 0.520833333332 0.05)
(0.929166666666 0.529166666666 0.05)
(0.933333333333 0.533333333332 0.05)
(0.933333333333 0.541666666666 0.05)
(0.929166666666 0.545833333332 0.05)
(0.929166666666 0.554166666666 0.05)
(0.933333333333 0.558333333332 0.05)
(0.933333333333 0.566666666666 0.05)
(0.929166666666 0.570833333332 0.05)
(0.929166666666 0.579166666666 0.05)
(0.933333333333 0.583333333332 0.05)
(0.933333333333 0.591666666666 0.05)
(0.929166666666 0.595833333332 0.05)
(0.929166666666 0.604166666666 0.05)
(0.933333333333 0.608333333332 0.05)
(0.933333333333 0.616666666666 0.05)
(0.929166666666 0.620833333332 0.05)
(0.929166666666 0.629166666666 0.05)
(0.933333333333 0.633333333333 0.05)
(0.933333333333 0.641666666666 0.05)
(0.929166666666 0.645833333333 0.05)
(0.929166666666 0.654166666666 0.05)
(0.933333333333 0.658333333333 0.05)
(0.933333333333 0.666666666666 0.05)
(0.929166666666 0.670833333333 0.05)
(0.929166666666 0.679166666666 0.05)
(0.933333333333 0.683333333333 0.05)
(0.933333333333 0.691666666666 0.05)
(0.929166666666 0.695833333333 0.05)
(0.929166666666 0.704166666666 0.05)
(0.933333333333 0.708333333333 0.05)
(0.933333333333 0.716666666666 0.05)
(0.929166666666 0.720833333333 0.05)
(0.929166666666 0.729166666666 0.05)
(0.933333333333 0.733333333333 0.05)
(0.933333333333 0.741666666666 0.05)
(0.929166666666 0.745833333333 0.05)
(0.929166666666 0.754166666666 0.05)
(0.933333333333 0.758333333333 0.05)
(0.933333333333 0.766666666666 0.05)
(0.929166666666 0.770833333333 0.05)
(0.929166666666 0.779166666666 0.05)
(0.933333333333 0.783333333333 0.05)
(0.933333333333 0.791666666666 0.05)
(0.929166666666 0.795833333333 0.05)
(0.929166666666 0.804166666666 0.05)
(0.933333333333 0.808333333333 0.05)
(0.933333333333 0.816666666666 0.05)
(0.929166666666 0.820833333333 0.05)
(0.929166666666 0.829166666666 0.05)
(0.933333333333 0.833333333333 0.05)
(0.933333333333 0.841666666666 0.05)
(0.929166666666 0.845833333333 0.05)
(0.929166666666 0.854166666666 0.05)
(0.933333333333 0.858333333333 0.05)
(0.933333333333 0.866666666666 0.05)
(0.929166666666 0.870833333333 0.05)
(0.929166666666 0.879166666666 0.05)
(0.933333333333 0.883333333333 0.05)
(0.933333333333 0.891666666666 0.05)
(0.929166666666 0.895833333333 0.05)
(0.929166666666 0.904166666666 0.05)
(0.933333333333 0.908333333333 0.05)
(0.933333333333 0.916666666666 0.05)
(0.929166666666 0.920833333333 0.05)
(0.929166666666 0.929166666666 0.05)
(0.933333333333 0.933333333333 0.05)
(0.933333333333 0.941666666667 0.05)
(0.929166666666 0.945833333333 0.05)
(0.929166666666 0.954166666667 0.05)
(0.933333333333 0.958333333333 0.05)
(0.933333333333 0.966666666667 0.05)
(0.929166666666 0.970833333333 0.05)
(0.929166666666 0.979166666667 0.05)
(0.933333333333 0.983333333333 0.05)
(0.933333333333 0.991666666667 0.05)
(0.929166666666 0.995833333333 0.05)
(0.945833333333 0.00416666666666 0.05)
(0.941666666667 0.00833333333332 0.05)
(0.941666666667 0.0166666666666 0.05)
(0.945833333333 0.0208333333333 0.05)
(0.945833333333 0.0291666666666 0.05)
(0.941666666667 0.0333333333333 0.05)
(0.941666666667 0.0416666666666 0.05)
(0.945833333333 0.0458333333333 0.05)
(0.945833333333 0.0541666666666 0.05)
(0.941666666667 0.0583333333332 0.05)
(0.941666666667 0.0666666666666 0.05)
(0.945833333333 0.0708333333332 0.05)
(0.945833333333 0.0791666666665 0.05)
(0.941666666667 0.0833333333332 0.05)
(0.941666666667 0.0916666666665 0.05)
(0.945833333333 0.0958333333332 0.05)
(0.945833333333 0.104166666667 0.05)
(0.941666666667 0.108333333333 0.05)
(0.941666666667 0.116666666666 0.05)
(0.945833333333 0.120833333333 0.05)
(0.945833333333 0.129166666666 0.05)
(0.941666666667 0.133333333333 0.05)
(0.941666666667 0.141666666666 0.05)
(0.945833333333 0.145833333333 0.05)
(0.945833333333 0.154166666666 0.05)
(0.941666666666 0.158333333333 0.05)
(0.941666666666 0.166666666666 0.05)
(0.945833333333 0.170833333333 0.05)
(0.945833333333 0.179166666666 0.05)
(0.941666666666 0.183333333333 0.05)
(0.941666666666 0.191666666666 0.05)
(0.945833333333 0.195833333333 0.05)
(0.945833333333 0.204166666666 0.05)
(0.941666666666 0.208333333333 0.05)
(0.941666666666 0.216666666666 0.05)
(0.945833333333 0.220833333333 0.05)
(0.945833333333 0.229166666666 0.05)
(0.941666666666 0.233333333333 0.05)
(0.941666666666 0.241666666666 0.05)
(0.945833333333 0.245833333333 0.05)
(0.945833333333 0.254166666666 0.05)
(0.941666666666 0.258333333333 0.05)
(0.941666666666 0.266666666666 0.05)
(0.945833333333 0.270833333333 0.05)
(0.945833333333 0.279166666666 0.05)
(0.941666666666 0.283333333333 0.05)
(0.941666666666 0.291666666666 0.05)
(0.945833333333 0.295833333333 0.05)
(0.945833333333 0.304166666666 0.05)
(0.941666666666 0.308333333333 0.05)
(0.941666666666 0.316666666666 0.05)
(0.945833333333 0.320833333333 0.05)
(0.945833333333 0.329166666666 0.05)
(0.941666666666 0.333333333333 0.05)
(0.941666666666 0.341666666666 0.05)
(0.945833333333 0.345833333333 0.05)
(0.945833333333 0.354166666666 0.05)
(0.941666666666 0.358333333333 0.05)
(0.941666666666 0.366666666666 0.05)
(0.945833333333 0.370833333333 0.05)
(0.945833333333 0.379166666666 0.05)
(0.941666666666 0.383333333333 0.05)
(0.941666666666 0.391666666666 0.05)
(0.945833333333 0.395833333332 0.05)
(0.945833333333 0.404166666666 0.05)
(0.941666666666 0.408333333332 0.05)
(0.941666666666 0.416666666666 0.05)
(0.945833333333 0.420833333332 0.05)
(0.945833333333 0.429166666666 0.05)
(0.941666666666 0.433333333332 0.05)
(0.941666666666 0.441666666666 0.05)
(0.945833333333 0.445833333332 0.05)
(0.945833333333 0.454166666666 0.05)
(0.941666666666 0.458333333332 0.05)
(0.941666666666 0.466666666666 0.05)
(0.945833333333 0.470833333332 0.05)
(0.945833333333 0.479166666666 0.05)
(0.941666666666 0.483333333332 0.05)
(0.941666666666 0.491666666666 0.05)
(0.945833333333 0.495833333332 0.05)
(0.945833333333 0.504166666666 0.05)
(0.941666666666 0.508333333332 0.05)
(0.941666666666 0.516666666666 0.05)
(0.945833333333 0.520833333332 0.05)
(0.945833333333 0.529166666666 0.05)
(0.941666666666 0.533333333332 0.05)
(0.941666666666 0.541666666666 0.05)
(0.945833333333 0.545833333332 0.05)
(0.945833333333 0.554166666666 0.05)
(0.941666666666 0.558333333332 0.05)
(0.941666666666 0.566666666666 0.05)
(0.945833333333 0.570833333332 0.05)
(0.945833333333 0.579166666666 0.05)
(0.941666666666 0.583333333332 0.05)
(0.941666666666 0.591666666666 0.05)
(0.945833333333 0.595833333332 0.05)
(0.945833333333 0.604166666666 0.05)
(0.941666666666 0.608333333332 0.05)
(0.941666666666 0.616666666666 0.05)
(0.945833333333 0.620833333332 0.05)
(0.945833333333 0.629166666666 0.05)
(0.941666666666 0.633333333332 0.05)
(0.941666666666 0.641666666666 0.05)
(0.945833333333 0.645833333333 0.05)
(0.945833333333 0.654166666666 0.05)
(0.941666666666 0.658333333333 0.05)
(0.941666666666 0.666666666666 0.05)
(0.945833333333 0.670833333333 0.05)
(0.945833333333 0.679166666666 0.05)
(0.941666666666 0.683333333333 0.05)
(0.941666666666 0.691666666666 0.05)
(0.945833333333 0.695833333333 0.05)
(0.945833333333 0.704166666666 0.05)
(0.941666666666 0.708333333333 0.05)
(0.941666666666 0.716666666666 0.05)
(0.945833333333 0.720833333333 0.05)
(0.945833333333 0.729166666666 0.05)
(0.941666666666 0.733333333333 0.05)
(0.941666666666 0.741666666666 0.05)
(0.945833333333 0.745833333333 0.05)
(0.945833333333 0.754166666666 0.05)
(0.941666666666 0.758333333333 0.05)
(0.941666666666 0.766666666666 0.05)
(0.945833333333 0.770833333333 0.05)
(0.945833333333 0.779166666666 0.05)
(0.941666666666 0.783333333333 0.05)
(0.941666666666 0.791666666666 0.05)
(0.945833333333 0.795833333333 0.05)
(0.945833333333 0.804166666666 0.05)
(0.941666666666 0.808333333333 0.05)
(0.941666666666 0.816666666666 0.05)
(0.945833333333 0.820833333333 0.05)
(0.945833333333 0.829166666666 0.05)
(0.941666666666 0.833333333333 0.05)
(0.941666666666 0.841666666666 0.05)
(0.945833333333 0.845833333333 0.05)
(0.945833333333 0.854166666666 0.05)
(0.941666666666 0.858333333333 0.05)
(0.941666666666 0.866666666666 0.05)
(0.945833333333 0.870833333333 0.05)
(0.945833333333 0.879166666666 0.05)
(0.941666666666 0.883333333333 0.05)
(0.941666666666 0.891666666666 0.05)
(0.945833333333 0.895833333333 0.05)
(0.945833333333 0.904166666666 0.05)
(0.941666666666 0.908333333333 0.05)
(0.941666666666 0.916666666666 0.05)
(0.945833333333 0.920833333333 0.05)
(0.945833333333 0.929166666666 0.05)
(0.941666666666 0.933333333333 0.05)
(0.941666666666 0.941666666667 0.05)
(0.945833333333 0.945833333333 0.05)
(0.945833333333 0.954166666667 0.05)
(0.941666666666 0.958333333333 0.05)
(0.941666666666 0.966666666667 0.05)
(0.945833333333 0.970833333333 0.05)
(0.945833333333 0.979166666667 0.05)
(0.941666666666 0.983333333333 0.05)
(0.941666666666 0.991666666667 0.05)
(0.945833333333 0.995833333333 0.05)
(0.954166666667 0.00416666666666 0.05)
(0.958333333333 0.00833333333332 0.05)
(0.958333333333 0.0166666666666 0.05)
(0.954166666667 0.0208333333333 0.05)
(0.954166666667 0.0291666666666 0.05)
(0.958333333333 0.0333333333333 0.05)
(0.958333333333 0.0416666666666 0.05)
(0.954166666667 0.0458333333333 0.05)
(0.954166666667 0.0541666666666 0.05)
(0.958333333333 0.0583333333332 0.05)
(0.958333333333 0.0666666666665 0.05)
(0.954166666667 0.0708333333332 0.05)
(0.954166666667 0.0791666666665 0.05)
(0.958333333333 0.0833333333332 0.05)
(0.958333333333 0.0916666666665 0.05)
(0.954166666667 0.0958333333332 0.05)
(0.954166666667 0.104166666667 0.05)
(0.958333333333 0.108333333333 0.05)
(0.958333333333 0.116666666666 0.05)
(0.954166666667 0.120833333333 0.05)
(0.954166666667 0.129166666666 0.05)
(0.958333333333 0.133333333333 0.05)
(0.958333333333 0.141666666666 0.05)
(0.954166666667 0.145833333333 0.05)
(0.954166666667 0.154166666666 0.05)
(0.958333333333 0.158333333333 0.05)
(0.958333333333 0.166666666666 0.05)
(0.954166666667 0.170833333333 0.05)
(0.954166666667 0.179166666666 0.05)
(0.958333333333 0.183333333333 0.05)
(0.958333333333 0.191666666666 0.05)
(0.954166666667 0.195833333333 0.05)
(0.954166666667 0.204166666666 0.05)
(0.958333333333 0.208333333333 0.05)
(0.958333333333 0.216666666666 0.05)
(0.954166666667 0.220833333333 0.05)
(0.954166666667 0.229166666666 0.05)
(0.958333333333 0.233333333333 0.05)
(0.958333333333 0.241666666666 0.05)
(0.954166666667 0.245833333333 0.05)
(0.954166666667 0.254166666666 0.05)
(0.958333333333 0.258333333333 0.05)
(0.958333333333 0.266666666666 0.05)
(0.954166666667 0.270833333333 0.05)
(0.954166666667 0.279166666666 0.05)
(0.958333333333 0.283333333333 0.05)
(0.958333333333 0.291666666666 0.05)
(0.954166666667 0.295833333333 0.05)
(0.954166666667 0.304166666666 0.05)
(0.958333333333 0.308333333333 0.05)
(0.958333333333 0.316666666666 0.05)
(0.954166666667 0.320833333333 0.05)
(0.954166666667 0.329166666666 0.05)
(0.958333333333 0.333333333333 0.05)
(0.958333333333 0.341666666666 0.05)
(0.954166666667 0.345833333333 0.05)
(0.954166666667 0.354166666666 0.05)
(0.958333333333 0.358333333333 0.05)
(0.958333333333 0.366666666666 0.05)
(0.954166666667 0.370833333333 0.05)
(0.954166666667 0.379166666666 0.05)
(0.958333333333 0.383333333332 0.05)
(0.958333333333 0.391666666666 0.05)
(0.954166666667 0.395833333332 0.05)
(0.954166666667 0.404166666666 0.05)
(0.958333333333 0.408333333332 0.05)
(0.958333333333 0.416666666666 0.05)
(0.954166666667 0.420833333332 0.05)
(0.954166666667 0.429166666666 0.05)
(0.958333333333 0.433333333332 0.05)
(0.958333333333 0.441666666666 0.05)
(0.954166666667 0.445833333332 0.05)
(0.954166666667 0.454166666666 0.05)
(0.958333333333 0.458333333332 0.05)
(0.958333333333 0.466666666666 0.05)
(0.954166666667 0.470833333332 0.05)
(0.954166666667 0.479166666666 0.05)
(0.958333333333 0.483333333332 0.05)
(0.958333333333 0.491666666666 0.05)
(0.954166666667 0.495833333332 0.05)
(0.954166666667 0.504166666666 0.05)
(0.958333333333 0.508333333332 0.05)
(0.958333333333 0.516666666666 0.05)
(0.954166666667 0.520833333332 0.05)
(0.954166666667 0.529166666666 0.05)
(0.958333333333 0.533333333332 0.05)
(0.958333333333 0.541666666666 0.05)
(0.954166666667 0.545833333332 0.05)
(0.954166666667 0.554166666666 0.05)
(0.958333333333 0.558333333332 0.05)
(0.958333333333 0.566666666666 0.05)
(0.954166666667 0.570833333332 0.05)
(0.954166666667 0.579166666666 0.05)
(0.958333333333 0.583333333332 0.05)
(0.958333333333 0.591666666666 0.05)
(0.954166666667 0.595833333332 0.05)
(0.954166666667 0.604166666666 0.05)
(0.958333333333 0.608333333332 0.05)
(0.958333333333 0.616666666666 0.05)
(0.954166666667 0.620833333332 0.05)
(0.954166666667 0.629166666666 0.05)
(0.958333333333 0.633333333332 0.05)
(0.958333333333 0.641666666666 0.05)
(0.954166666667 0.645833333332 0.05)
(0.954166666666 0.654166666666 0.05)
(0.958333333333 0.658333333333 0.05)
(0.958333333333 0.666666666666 0.05)
(0.954166666666 0.670833333333 0.05)
(0.954166666666 0.679166666666 0.05)
(0.958333333333 0.683333333333 0.05)
(0.958333333333 0.691666666666 0.05)
(0.954166666666 0.695833333333 0.05)
(0.954166666666 0.704166666666 0.05)
(0.958333333333 0.708333333333 0.05)
(0.958333333333 0.716666666666 0.05)
(0.954166666666 0.720833333333 0.05)
(0.954166666666 0.729166666666 0.05)
(0.958333333333 0.733333333333 0.05)
(0.958333333333 0.741666666666 0.05)
(0.954166666666 0.745833333333 0.05)
(0.954166666666 0.754166666666 0.05)
(0.958333333333 0.758333333333 0.05)
(0.958333333333 0.766666666666 0.05)
(0.954166666666 0.770833333333 0.05)
(0.954166666666 0.779166666666 0.05)
(0.958333333333 0.783333333333 0.05)
(0.958333333333 0.791666666666 0.05)
(0.954166666666 0.795833333333 0.05)
(0.954166666666 0.804166666666 0.05)
(0.958333333333 0.808333333333 0.05)
(0.958333333333 0.816666666666 0.05)
(0.954166666666 0.820833333333 0.05)
(0.954166666666 0.829166666666 0.05)
(0.958333333333 0.833333333333 0.05)
(0.958333333333 0.841666666666 0.05)
(0.954166666666 0.845833333333 0.05)
(0.954166666666 0.854166666666 0.05)
(0.958333333333 0.858333333333 0.05)
(0.958333333333 0.866666666666 0.05)
(0.954166666666 0.870833333333 0.05)
(0.954166666666 0.879166666666 0.05)
(0.958333333333 0.883333333333 0.05)
(0.958333333333 0.891666666666 0.05)
(0.954166666666 0.895833333333 0.05)
(0.954166666666 0.904166666666 0.05)
(0.958333333333 0.908333333333 0.05)
(0.958333333333 0.916666666666 0.05)
(0.954166666666 0.920833333333 0.05)
(0.954166666666 0.929166666666 0.05)
(0.958333333333 0.933333333333 0.05)
(0.958333333333 0.941666666667 0.05)
(0.954166666666 0.945833333333 0.05)
(0.954166666666 0.954166666667 0.05)
(0.958333333333 0.958333333333 0.05)
(0.958333333333 0.966666666667 0.05)
(0.954166666666 0.970833333333 0.05)
(0.954166666666 0.979166666667 0.05)
(0.958333333333 0.983333333333 0.05)
(0.958333333333 0.991666666667 0.05)
(0.954166666666 0.995833333333 0.05)
(0.970833333333 0.00416666666666 0.05)
(0.966666666667 0.00833333333332 0.05)
(0.966666666667 0.0166666666666 0.05)
(0.970833333333 0.0208333333333 0.05)
(0.970833333333 0.0291666666666 0.05)
(0.966666666667 0.0333333333333 0.05)
(0.966666666667 0.0416666666666 0.05)
(0.970833333333 0.0458333333333 0.05)
(0.970833333333 0.0541666666666 0.05)
(0.966666666667 0.0583333333332 0.05)
(0.966666666667 0.0666666666665 0.05)
(0.970833333333 0.0708333333332 0.05)
(0.970833333333 0.0791666666665 0.05)
(0.966666666667 0.0833333333332 0.05)
(0.966666666667 0.0916666666665 0.05)
(0.970833333333 0.0958333333332 0.05)
(0.970833333333 0.104166666666 0.05)
(0.966666666667 0.108333333333 0.05)
(0.966666666667 0.116666666666 0.05)
(0.970833333333 0.120833333333 0.05)
(0.970833333333 0.129166666666 0.05)
(0.966666666667 0.133333333333 0.05)
(0.966666666667 0.141666666666 0.05)
(0.970833333333 0.145833333333 0.05)
(0.970833333333 0.154166666666 0.05)
(0.966666666667 0.158333333333 0.05)
(0.966666666667 0.166666666666 0.05)
(0.970833333333 0.170833333333 0.05)
(0.970833333333 0.179166666666 0.05)
(0.966666666667 0.183333333333 0.05)
(0.966666666667 0.191666666666 0.05)
(0.970833333333 0.195833333333 0.05)
(0.970833333333 0.204166666666 0.05)
(0.966666666667 0.208333333333 0.05)
(0.966666666667 0.216666666666 0.05)
(0.970833333333 0.220833333333 0.05)
(0.970833333333 0.229166666666 0.05)
(0.966666666667 0.233333333333 0.05)
(0.966666666667 0.241666666666 0.05)
(0.970833333333 0.245833333333 0.05)
(0.970833333333 0.254166666666 0.05)
(0.966666666667 0.258333333333 0.05)
(0.966666666667 0.266666666666 0.05)
(0.970833333333 0.270833333333 0.05)
(0.970833333333 0.279166666666 0.05)
(0.966666666667 0.283333333333 0.05)
(0.966666666667 0.291666666666 0.05)
(0.970833333333 0.295833333333 0.05)
(0.970833333333 0.304166666666 0.05)
(0.966666666667 0.308333333333 0.05)
(0.966666666667 0.316666666666 0.05)
(0.970833333333 0.320833333333 0.05)
(0.970833333333 0.329166666666 0.05)
(0.966666666667 0.333333333333 0.05)
(0.966666666667 0.341666666666 0.05)
(0.970833333333 0.345833333333 0.05)
(0.970833333333 0.354166666666 0.05)
(0.966666666667 0.358333333333 0.05)
(0.966666666667 0.366666666666 0.05)
(0.970833333333 0.370833333332 0.05)
(0.970833333333 0.379166666666 0.05)
(0.966666666667 0.383333333332 0.05)
(0.966666666667 0.391666666666 0.05)
(0.970833333333 0.395833333332 0.05)
(0.970833333333 0.404166666666 0.05)
(0.966666666667 0.408333333332 0.05)
(0.966666666667 0.416666666666 0.05)
(0.970833333333 0.420833333332 0.05)
(0.970833333333 0.429166666666 0.05)
(0.966666666667 0.433333333332 0.05)
(0.966666666667 0.441666666666 0.05)
(0.970833333333 0.445833333332 0.05)
(0.970833333333 0.454166666666 0.05)
(0.966666666667 0.458333333332 0.05)
(0.966666666667 0.466666666666 0.05)
(0.970833333333 0.470833333332 0.05)
(0.970833333333 0.479166666666 0.05)
(0.966666666667 0.483333333332 0.05)
(0.966666666667 0.491666666665 0.05)
(0.970833333333 0.495833333332 0.05)
(0.970833333333 0.504166666665 0.05)
(0.966666666667 0.508333333332 0.05)
(0.966666666667 0.516666666665 0.05)
(0.970833333333 0.520833333332 0.05)
(0.970833333333 0.529166666666 0.05)
(0.966666666667 0.533333333332 0.05)
(0.966666666667 0.541666666666 0.05)
(0.970833333333 0.545833333332 0.05)
(0.970833333333 0.554166666666 0.05)
(0.966666666667 0.558333333332 0.05)
(0.966666666667 0.566666666666 0.05)
(0.970833333333 0.570833333332 0.05)
(0.970833333333 0.579166666666 0.05)
(0.966666666667 0.583333333332 0.05)
(0.966666666667 0.591666666666 0.05)
(0.970833333333 0.595833333332 0.05)
(0.970833333333 0.604166666666 0.05)
(0.966666666667 0.608333333332 0.05)
(0.966666666667 0.616666666666 0.05)
(0.970833333333 0.620833333332 0.05)
(0.970833333333 0.629166666666 0.05)
(0.966666666667 0.633333333332 0.05)
(0.966666666667 0.641666666666 0.05)
(0.970833333333 0.645833333332 0.05)
(0.970833333333 0.654166666666 0.05)
(0.966666666667 0.658333333332 0.05)
(0.966666666667 0.666666666666 0.05)
(0.970833333333 0.670833333333 0.05)
(0.970833333333 0.679166666666 0.05)
(0.966666666667 0.683333333333 0.05)
(0.966666666667 0.691666666666 0.05)
(0.970833333333 0.695833333333 0.05)
(0.970833333333 0.704166666666 0.05)
(0.966666666667 0.708333333333 0.05)
(0.966666666667 0.716666666666 0.05)
(0.970833333333 0.720833333333 0.05)
(0.970833333333 0.729166666666 0.05)
(0.966666666667 0.733333333333 0.05)
(0.966666666667 0.741666666666 0.05)
(0.970833333333 0.745833333333 0.05)
(0.970833333333 0.754166666666 0.05)
(0.966666666667 0.758333333333 0.05)
(0.966666666667 0.766666666666 0.05)
(0.970833333333 0.770833333333 0.05)
(0.970833333333 0.779166666666 0.05)
(0.966666666667 0.783333333333 0.05)
(0.966666666667 0.791666666666 0.05)
(0.970833333333 0.795833333333 0.05)
(0.970833333333 0.804166666666 0.05)
(0.966666666667 0.808333333333 0.05)
(0.966666666667 0.816666666666 0.05)
(0.970833333333 0.820833333333 0.05)
(0.970833333333 0.829166666666 0.05)
(0.966666666667 0.833333333333 0.05)
(0.966666666667 0.841666666666 0.05)
(0.970833333333 0.845833333333 0.05)
(0.970833333333 0.854166666666 0.05)
(0.966666666667 0.858333333333 0.05)
(0.966666666667 0.866666666666 0.05)
(0.970833333333 0.870833333333 0.05)
(0.970833333333 0.879166666666 0.05)
(0.966666666667 0.883333333333 0.05)
(0.966666666667 0.891666666666 0.05)
(0.970833333333 0.895833333333 0.05)
(0.970833333333 0.904166666666 0.05)
(0.966666666667 0.908333333333 0.05)
(0.966666666667 0.916666666666 0.05)
(0.970833333333 0.920833333333 0.05)
(0.970833333333 0.929166666666 0.05)
(0.966666666667 0.933333333333 0.05)
(0.966666666667 0.941666666667 0.05)
(0.970833333333 0.945833333333 0.05)
(0.970833333333 0.954166666667 0.05)
(0.966666666667 0.958333333333 0.05)
(0.966666666667 0.966666666667 0.05)
(0.970833333333 0.970833333333 0.05)
(0.970833333333 0.979166666667 0.05)
(0.966666666667 0.983333333333 0.05)
(0.966666666667 0.991666666667 0.05)
(0.970833333333 0.995833333333 0.05)
(0.979166666667 0.00416666666666 0.05)
(0.983333333333 0.00833333333332 0.05)
(0.983333333333 0.0166666666666 0.05)
(0.979166666667 0.0208333333333 0.05)
(0.979166666667 0.0291666666666 0.05)
(0.983333333333 0.0333333333333 0.05)
(0.983333333333 0.0416666666666 0.05)
(0.979166666667 0.0458333333332 0.05)
(0.979166666667 0.0541666666666 0.05)
(0.983333333333 0.0583333333332 0.05)
(0.983333333333 0.0666666666665 0.05)
(0.979166666667 0.0708333333332 0.05)
(0.979166666667 0.0791666666665 0.05)
(0.983333333333 0.0833333333332 0.05)
(0.983333333333 0.0916666666665 0.05)
(0.979166666667 0.0958333333332 0.05)
(0.979166666667 0.104166666666 0.05)
(0.983333333333 0.108333333333 0.05)
(0.983333333333 0.116666666666 0.05)
(0.979166666667 0.120833333333 0.05)
(0.979166666667 0.129166666666 0.05)
(0.983333333333 0.133333333333 0.05)
(0.983333333333 0.141666666666 0.05)
(0.979166666667 0.145833333333 0.05)
(0.979166666667 0.154166666666 0.05)
(0.983333333333 0.158333333333 0.05)
(0.983333333333 0.166666666666 0.05)
(0.979166666667 0.170833333333 0.05)
(0.979166666667 0.179166666666 0.05)
(0.983333333333 0.183333333333 0.05)
(0.983333333333 0.191666666666 0.05)
(0.979166666667 0.195833333333 0.05)
(0.979166666667 0.204166666666 0.05)
(0.983333333333 0.208333333333 0.05)
(0.983333333333 0.216666666666 0.05)
(0.979166666667 0.220833333333 0.05)
(0.979166666667 0.229166666666 0.05)
(0.983333333333 0.233333333333 0.05)
(0.983333333333 0.241666666666 0.05)
(0.979166666667 0.245833333333 0.05)
(0.979166666667 0.254166666666 0.05)
(0.983333333333 0.258333333333 0.05)
(0.983333333333 0.266666666666 0.05)
(0.979166666667 0.270833333333 0.05)
(0.979166666667 0.279166666666 0.05)
(0.983333333333 0.283333333333 0.05)
(0.983333333333 0.291666666666 0.05)
(0.979166666667 0.295833333333 0.05)
(0.979166666667 0.304166666666 0.05)
(0.983333333333 0.308333333333 0.05)
(0.983333333333 0.316666666666 0.05)
(0.979166666667 0.320833333333 0.05)
(0.979166666667 0.329166666666 0.05)
(0.983333333333 0.333333333333 0.05)
(0.983333333333 0.341666666666 0.05)
(0.979166666667 0.345833333333 0.05)
(0.979166666667 0.354166666666 0.05)
(0.983333333333 0.358333333332 0.05)
(0.983333333333 0.366666666666 0.05)
(0.979166666667 0.370833333332 0.05)
(0.979166666667 0.379166666666 0.05)
(0.983333333333 0.383333333332 0.05)
(0.983333333333 0.391666666666 0.05)
(0.979166666667 0.395833333332 0.05)
(0.979166666667 0.404166666666 0.05)
(0.983333333333 0.408333333332 0.05)
(0.983333333333 0.416666666666 0.05)
(0.979166666667 0.420833333332 0.05)
(0.979166666667 0.429166666666 0.05)
(0.983333333333 0.433333333332 0.05)
(0.983333333333 0.441666666666 0.05)
(0.979166666667 0.445833333332 0.05)
(0.979166666667 0.454166666666 0.05)
(0.983333333333 0.458333333332 0.05)
(0.983333333333 0.466666666665 0.05)
(0.979166666667 0.470833333332 0.05)
(0.979166666667 0.479166666665 0.05)
(0.983333333333 0.483333333332 0.05)
(0.983333333333 0.491666666665 0.05)
(0.979166666667 0.495833333332 0.05)
(0.979166666667 0.504166666665 0.05)
(0.983333333333 0.508333333332 0.05)
(0.983333333333 0.516666666665 0.05)
(0.979166666667 0.520833333332 0.05)
(0.979166666667 0.529166666665 0.05)
(0.983333333333 0.533333333332 0.05)
(0.983333333333 0.541666666666 0.05)
(0.979166666667 0.545833333332 0.05)
(0.979166666667 0.554166666666 0.05)
(0.983333333333 0.558333333332 0.05)
(0.983333333333 0.566666666666 0.05)
(0.979166666667 0.570833333332 0.05)
(0.979166666667 0.579166666666 0.05)
(0.983333333333 0.583333333332 0.05)
(0.983333333333 0.591666666666 0.05)
(0.979166666667 0.595833333332 0.05)
(0.979166666667 0.604166666666 0.05)
(0.983333333333 0.608333333332 0.05)
(0.983333333333 0.616666666666 0.05)
(0.979166666667 0.620833333332 0.05)
(0.979166666667 0.629166666666 0.05)
(0.983333333333 0.633333333332 0.05)
(0.983333333333 0.641666666666 0.05)
(0.979166666667 0.645833333332 0.05)
(0.979166666667 0.654166666666 0.05)
(0.983333333333 0.658333333332 0.05)
(0.983333333333 0.666666666666 0.05)
(0.979166666667 0.670833333333 0.05)
(0.979166666667 0.679166666666 0.05)
(0.983333333333 0.683333333333 0.05)
(0.983333333333 0.691666666666 0.05)
(0.979166666667 0.695833333333 0.05)
(0.979166666667 0.704166666666 0.05)
(0.983333333333 0.708333333333 0.05)
(0.983333333333 0.716666666666 0.05)
(0.979166666667 0.720833333333 0.05)
(0.979166666667 0.729166666666 0.05)
(0.983333333333 0.733333333333 0.05)
(0.983333333333 0.741666666666 0.05)
(0.979166666667 0.745833333333 0.05)
(0.979166666667 0.754166666666 0.05)
(0.983333333333 0.758333333333 0.05)
(0.983333333333 0.766666666666 0.05)
(0.979166666667 0.770833333333 0.05)
(0.979166666667 0.779166666666 0.05)
(0.983333333333 0.783333333333 0.05)
(0.983333333333 0.791666666666 0.05)
(0.979166666667 0.795833333333 0.05)
(0.979166666667 0.804166666666 0.05)
(0.983333333333 0.808333333333 0.05)
(0.983333333333 0.816666666666 0.05)
(0.979166666667 0.820833333333 0.05)
(0.979166666667 0.829166666666 0.05)
(0.983333333333 0.833333333333 0.05)
(0.983333333333 0.841666666666 0.05)
(0.979166666667 0.845833333333 0.05)
(0.979166666667 0.854166666666 0.05)
(0.983333333333 0.858333333333 0.05)
(0.983333333333 0.866666666666 0.05)
(0.979166666667 0.870833333333 0.05)
(0.979166666667 0.879166666666 0.05)
(0.983333333333 0.883333333333 0.05)
(0.983333333333 0.891666666666 0.05)
(0.979166666667 0.895833333333 0.05)
(0.979166666667 0.904166666666 0.05)
(0.983333333333 0.908333333333 0.05)
(0.983333333333 0.916666666666 0.05)
(0.979166666667 0.920833333333 0.05)
(0.979166666667 0.929166666666 0.05)
(0.983333333333 0.933333333333 0.05)
(0.983333333333 0.941666666667 0.05)
(0.979166666667 0.945833333333 0.05)
(0.979166666667 0.954166666667 0.05)
(0.983333333333 0.958333333333 0.05)
(0.983333333333 0.966666666667 0.05)
(0.979166666667 0.970833333333 0.05)
(0.979166666667 0.979166666667 0.05)
(0.983333333333 0.983333333333 0.05)
(0.983333333333 0.991666666667 0.05)
(0.979166666667 0.995833333333 0.05)
(0.995833333333 0.00416666666666 0.05)
(0.991666666667 0.00833333333332 0.05)
(0.991666666667 0.0166666666666 0.05)
(0.995833333333 0.0208333333333 0.05)
(0.995833333333 0.0291666666666 0.05)
(0.991666666667 0.0333333333333 0.05)
(0.991666666667 0.0416666666666 0.05)
(0.995833333333 0.0458333333332 0.05)
(0.995833333333 0.0541666666666 0.05)
(0.991666666667 0.0583333333332 0.05)
(0.991666666667 0.0666666666665 0.05)
(0.995833333333 0.0708333333332 0.05)
(0.995833333333 0.0791666666665 0.05)
(0.991666666667 0.0833333333332 0.05)
(0.991666666667 0.0916666666665 0.05)
(0.995833333333 0.0958333333332 0.05)
(0.995833333333 0.104166666666 0.05)
(0.991666666667 0.108333333333 0.05)
(0.991666666667 0.116666666666 0.05)
(0.995833333333 0.120833333333 0.05)
(0.995833333333 0.129166666666 0.05)
(0.991666666667 0.133333333333 0.05)
(0.991666666667 0.141666666666 0.05)
(0.995833333333 0.145833333333 0.05)
(0.995833333333 0.154166666666 0.05)
(0.991666666667 0.158333333333 0.05)
(0.991666666667 0.166666666666 0.05)
(0.995833333333 0.170833333333 0.05)
(0.995833333333 0.179166666666 0.05)
(0.991666666667 0.183333333333 0.05)
(0.991666666667 0.191666666666 0.05)
(0.995833333333 0.195833333333 0.05)
(0.995833333333 0.204166666666 0.05)
(0.991666666667 0.208333333333 0.05)
(0.991666666667 0.216666666666 0.05)
(0.995833333333 0.220833333333 0.05)
(0.995833333333 0.229166666666 0.05)
(0.991666666667 0.233333333333 0.05)
(0.991666666667 0.241666666666 0.05)
(0.995833333333 0.245833333333 0.05)
(0.995833333333 0.254166666666 0.05)
(0.991666666667 0.258333333333 0.05)
(0.991666666667 0.266666666666 0.05)
(0.995833333333 0.270833333333 0.05)
(0.995833333333 0.279166666666 0.05)
(0.991666666667 0.283333333333 0.05)
(0.991666666667 0.291666666666 0.05)
(0.995833333333 0.295833333333 0.05)
(0.995833333333 0.304166666666 0.05)
(0.991666666667 0.308333333333 0.05)
(0.991666666667 0.316666666666 0.05)
(0.995833333333 0.320833333333 0.05)
(0.995833333333 0.329166666666 0.05)
(0.991666666667 0.333333333333 0.05)
(0.991666666667 0.341666666666 0.05)
(0.995833333333 0.345833333332 0.05)
(0.995833333333 0.354166666666 0.05)
(0.991666666667 0.358333333332 0.05)
(0.991666666667 0.366666666666 0.05)
(0.995833333333 0.370833333332 0.05)
(0.995833333333 0.379166666666 0.05)
(0.991666666667 0.383333333332 0.05)
(0.991666666667 0.391666666666 0.05)
(0.995833333333 0.395833333332 0.05)
(0.995833333333 0.404166666666 0.05)
(0.991666666667 0.408333333332 0.05)
(0.991666666667 0.416666666666 0.05)
(0.995833333333 0.420833333332 0.05)
(0.995833333333 0.429166666666 0.05)
(0.991666666667 0.433333333332 0.05)
(0.991666666667 0.441666666666 0.05)
(0.995833333333 0.445833333332 0.05)
(0.995833333333 0.454166666665 0.05)
(0.991666666667 0.458333333332 0.05)
(0.991666666667 0.466666666665 0.05)
(0.995833333333 0.470833333332 0.05)
(0.995833333333 0.479166666665 0.05)
(0.991666666667 0.483333333332 0.05)
(0.991666666667 0.491666666665 0.05)
(0.995833333333 0.495833333332 0.05)
(0.995833333333 0.504166666665 0.05)
(0.991666666667 0.508333333332 0.05)
(0.991666666667 0.516666666665 0.05)
(0.995833333333 0.520833333332 0.05)
(0.995833333333 0.529166666665 0.05)
(0.991666666667 0.533333333332 0.05)
(0.991666666667 0.541666666665 0.05)
(0.995833333333 0.545833333332 0.05)
(0.995833333333 0.554166666666 0.05)
(0.991666666667 0.558333333332 0.05)
(0.991666666667 0.566666666666 0.05)
(0.995833333333 0.570833333332 0.05)
(0.995833333333 0.579166666666 0.05)
(0.991666666667 0.583333333332 0.05)
(0.991666666667 0.591666666666 0.05)
(0.995833333333 0.595833333332 0.05)
(0.995833333333 0.604166666666 0.05)
(0.991666666667 0.608333333332 0.05)
(0.991666666667 0.616666666666 0.05)
(0.995833333333 0.620833333332 0.05)
(0.995833333333 0.629166666666 0.05)
(0.991666666667 0.633333333332 0.05)
(0.991666666667 0.641666666666 0.05)
(0.995833333333 0.645833333332 0.05)
(0.995833333333 0.654166666666 0.05)
(0.991666666667 0.658333333332 0.05)
(0.991666666667 0.666666666666 0.05)
(0.995833333333 0.670833333332 0.05)
(0.995833333333 0.679166666666 0.05)
(0.991666666667 0.683333333333 0.05)
(0.991666666667 0.691666666666 0.05)
(0.995833333333 0.695833333333 0.05)
(0.995833333333 0.704166666666 0.05)
(0.991666666667 0.708333333333 0.05)
(0.991666666667 0.716666666666 0.05)
(0.995833333333 0.720833333333 0.05)
(0.995833333333 0.729166666666 0.05)
(0.991666666667 0.733333333333 0.05)
(0.991666666667 0.741666666666 0.05)
(0.995833333333 0.745833333333 0.05)
(0.995833333333 0.754166666666 0.05)
(0.991666666667 0.758333333333 0.05)
(0.991666666667 0.766666666666 0.05)
(0.995833333333 0.770833333333 0.05)
(0.995833333333 0.779166666666 0.05)
(0.991666666667 0.783333333333 0.05)
(0.991666666667 0.791666666666 0.05)
(0.995833333333 0.795833333333 0.05)
(0.995833333333 0.804166666666 0.05)
(0.991666666667 0.808333333333 0.05)
(0.991666666667 0.816666666666 0.05)
(0.995833333333 0.820833333333 0.05)
(0.995833333333 0.829166666666 0.05)
(0.991666666667 0.833333333333 0.05)
(0.991666666667 0.841666666666 0.05)
(0.995833333333 0.845833333333 0.05)
(0.995833333333 0.854166666666 0.05)
(0.991666666667 0.858333333333 0.05)
(0.991666666667 0.866666666666 0.05)
(0.995833333333 0.870833333333 0.05)
(0.995833333333 0.879166666666 0.05)
(0.991666666667 0.883333333333 0.05)
(0.991666666667 0.891666666666 0.05)
(0.995833333333 0.895833333333 0.05)
(0.995833333333 0.904166666666 0.05)
(0.991666666667 0.908333333333 0.05)
(0.991666666667 0.916666666666 0.05)
(0.995833333333 0.920833333333 0.05)
(0.995833333333 0.929166666666 0.05)
(0.991666666667 0.933333333333 0.05)
(0.991666666667 0.941666666667 0.05)
(0.995833333333 0.945833333333 0.05)
(0.995833333333 0.954166666667 0.05)
(0.991666666667 0.958333333333 0.05)
(0.991666666667 0.966666666667 0.05)
(0.995833333333 0.970833333333 0.05)
(0.995833333333 0.979166666667 0.05)
(0.991666666667 0.983333333333 0.05)
(0.991666666667 0.991666666667 0.05)
(0.995833333333 0.995833333333 0.05)
)
;

boundaryField
{
    zMin
    {
        type            empty;
    }
    zMax
    {
        type            empty;
    }
    xMin
    {
        type            cyclic;
    }
    xMax
    {
        type            cyclic;
    }
    yMin
    {
        type            cyclic;
    }
    yMax
    {
        type            cyclic;
    }
}


// ************************************************************************* //
