time,step,deltaT,maxCo,residualIntegral,minT,maxT,amplitude
0.00202020202020202,1.0,0.0020202020202,0.2,3.99799551104e-19,0.0,1.0,0.5
0.00404040404040404,2.0,0.0020202020202,0.2,-2.20387384964e-19,0.0,1.0,0.5
0.006060606060606061,3.0,0.0020202020202,0.2,1.6792357869e-18,0.0,1.0,0.5
0.00808080808080808,4.0,0.0020202020202,0.2,-1.32521851135e-18,0.0,1.0,0.5
0.0101010101010101,5.0,0.0020202020202,0.2,9.41380997528e-20,0.0,1.0,0.5
0.012121212121212121,6.0,0.0020202020202,0.2,-2.85695836881e-18,0.0,1.0,0.5
0.014141414141414142,7.0,0.0020202020202,0.2,2.36833223797e-18,0.0,1.0,0.5
0.01616161616161616,8.0,0.0020202020202,0.2,-2.83570428234e-19,0.0,1.0,0.5
0.01818181818181818,9.0,0.0020202020202,0.2,-2.02885407792e-18,0.0,1.0,0.5
0.0202020202020202,10.0,0.0020202020202,0.2,2.87121406645e-18,0.0,1.0,0.5
0.022222222222222223,11.0,0.0020202020202,0.2,-2.35523226194e-18,0.0,1.0,0.5
0.024242424242424242,12.0,0.0020202020202,0.2,-1.17525639774e-18,0.0,1.0,0.5
0.026262626262626262,13.0,0.0020202020202,0.2,2.59604741833e-18,0.0,1.0,0.5
0.028282828282828285,14.0,0.0020202020202,0.2,1.24854354084e-18,0.0,1.0,0.5
0.030303030303030304,15.0,0.0020202020202,0.2,1.55323822215e-18,0.0,1.0,0.5
0.03232323232323232,16.0,0.0020202020202,0.2,1.20702614325e-18,0.0,1.0,0.5
0.03434343434343434,17.0,0.0020202020202,0.2,1.5016876642e-18,0.0,1.0,0.5
0.03636363636363636,18.0,0.0020202020202,0.2,3.91645280278e-18,0.0,1.0,0.5
0.03838383838383838,19.0,0.0020202020202,0.2,1.36949160377e-18,0.0,1.0,0.5
0.0404040404040404,20.0,0.0020202020202,0.2,5.32620551721e-19,0.0,1.0,0.5
0.04242424242424243,21.0,0.0020202020202,0.2,2.1075560587e-18,0.0,0.999999999999,0.4999999999995
0.044444444444444446,22.0,0.0020202020202,0.2,3.45360870431e-18,0.0,0.999999999999,0.4999999999995
0.046464646464646465,23.0,0.0020202020202,0.2,3.51805864205e-18,0.0,0.999999999997,0.4999999999985
0.048484848484848485,24.0,0.0020202020202,0.2,9.35822147241e-19,0.0,0.999999999993,0.4999999999965
0.050505050505050504,25.0,0.0020202020202,0.2,-2.71844996993e-19,0.0,0.999999999986,0.499999999993
0.052525252525252523,26.0,0.0020202020202,0.2,2.541085845e-18,0.0,0.999999999973,0.4999999999865
0.05454545454545454,27.0,0.0020202020202,0.2,-1.72451915681e-18,0.0,0.999999999949,0.4999999999745
0.05656565656565657,28.0,0.0020202020202,0.2,-1.24395423756e-18,0.0,0.999999999908,0.499999999954
0.05858585858585859,29.0,0.0020202020202,0.2,-1.28409418442e-18,0.0,0.999999999838,0.499999999919
0.06060606060606061,30.0,0.0020202020202,0.2,4.2040854399e-18,0.0,0.999999999723,0.4999999998615
0.06262626262626263,31.0,0.0020202020202,0.2,1.93163468688e-18,0.0,0.999999999539,0.4999999997695
0.06464646464646465,32.0,0.0020202020202,0.2,2.08005902013e-18,0.0,0.999999999248,0.499999999624
0.06666666666666667,33.0,0.0020202020202,0.2,2.06533341587e-18,0.0,0.999999998799,0.4999999993995
0.06868686868686869,34.0,0.0020202020202,0.2,3.87464869178e-18,0.0,0.999999998119,0.4999999990595
0.0707070707070707,35.0,0.0020202020202,0.2,3.09597805142e-18,0.0,0.999999997107,0.4999999985535
0.07272727272727272,36.0,0.0020202020202,0.2,2.51696171546e-18,0.0,0.999999995625,0.4999999978125
0.07474747474747474,37.0,0.0020202020202,0.2,-1.61466131872e-18,0.0,0.999999993485,0.4999999967425
0.07676767676767676,38.0,0.0020202020202,0.2,3.46164596436e-18,0.0,0.999999990438,0.499999995219
0.07878787878787878,39.0,0.0020202020202,0.2,1.50059557659e-18,0.0,0.999999986157,0.4999999930785
0.0808080808080808,40.0,0.0020202020202,0.2,1.88732740494e-19,0.0,0.999999980211,0.4999999901055
0.08282828282828283,41.0,0.0020202020202,0.2,1.0661303573e-19,0.0,0.99999997205,0.499999986025
0.08484848484848485,42.0,0.0020202020202,0.2,3.71414630663e-19,0.0,0.999999960966,0.499999980483
0.08686868686868687,43.0,0.0020202020202,0.2,-1.55178019459e-18,0.0,0.999999946066,0.499999973033
0.08888888888888889,44.0,0.0020202020202,0.2,6.78273480594e-19,0.0,0.999999926225,0.4999999631125
0.09090909090909091,45.0,0.0020202020202,0.2,2.50059946731e-18,0.0,0.999999900044,0.499999950022
0.09292929292929293,46.0,0.0020202020202,0.2,-3.27176332158e-19,0.0,0.999999865792,0.499999932896
0.09494949494949495,47.0,0.0020202020202,0.2,8.84695909941e-19,0.0,0.999999821344,0.499999910672
0.09696969696969697,48.0,0.0020202020202,0.2,3.32809891038e-18,0.0,0.99999976411,0.499999882055
0.09898989898989899,49.0,0.0020202020202,0.2,4.52207865372e-18,0.0,0.999999690954,0.499999845477
0.10101010101010101,50.0,0.0020202020202,0.2,7.46751800902e-19,0.0,0.9999995981,0.49999979905
0.10303030303030303,51.0,0.0020202020202,0.2,2.05663419862e-18,0.0,0.999999481031,0.4999997405155
0.10505050505050505,52.0,0.0020202020202,0.2,3.35498741263e-18,0.0,0.999999334372,0.499999667186
0.10707070707070707,53.0,0.0020202020202,0.2,1.16736594604e-18,0.0,0.999999151764,0.499999575882
0.10909090909090909,54.0,0.0020202020202,0.2,-2.72289573474e-19,0.0,0.999998925721,0.4999994628605
0.1111111111111111,55.0,0.0020202020202,0.2,3.6959791327e-18,0.0,0.999998647474,0.499999323737
0.11313131313131314,56.0,0.0020202020202,0.2,2.355967815e-19,0.0,0.999998306802,0.499999153401
0.11515151515151516,57.0,0.0020202020202,0.2,4.73482432362e-18,0.0,0.999997891843,0.4999989459215
0.11717171717171718,58.0,0.0020202020202,0.2,1.96634767481e-18,0.0,0.999997388892,0.499998694446
0.1191919191919192,59.0,0.0020202020202,0.2,-2.66758187583e-18,0.0,0.999996782182,0.499998391091
0.12121212121212122,60.0,0.0020202020202,0.2,-5.79312421794e-18,0.0,0.999996053646,0.499998026823
0.12323232323232323,61.0,0.0020202020202,0.2,3.3828659744e-18,0.0,0.999995182666,0.499997591333
0.12525252525252525,62.0,0.0020202020202,0.2,2.873004337e-18,0.0,0.999994145795,0.4999970728975
0.12727272727272726,63.0,0.0020202020202,0.2,4.97184383751e-18,0.0,0.999992916471,0.4999964582355
0.1292929292929293,64.0,0.0020202020202,0.2,2.11861348268e-18,0.0,0.999991464704,0.499995732352
0.13131313131313133,65.0,0.0020202020202,0.2,4.3804631641e-18,0.0,0.999989756753,0.4999948783765
0.13333333333333333,66.0,0.0020202020202,0.2,1.35026785057e-18,0.0,0.999987754779,0.4999938773895
0.13535353535353536,67.0,0.0020202020202,0.2,3.55768024369e-18,0.0,0.999985416479,0.4999927082395
0.13737373737373737,68.0,0.0020202020202,0.2,3.19389518574e-18,0.0,0.999982694706,0.499991347353
0.1393939393939394,69.0,0.0020202020202,0.2,2.64423431252e-18,0.0,0.999979537069,0.4999897685345
0.1414141414141414,70.0,0.0020202020202,0.2,1.11583880177e-17,0.0,0.999975885521,0.4999879427605
0.14343434343434344,71.0,0.0020202020202,0.2,1.04166878277e-18,0.0,0.99997167592,0.49998583796
0.14545454545454545,72.0,0.0020202020202,0.2,-2.10511906691e-18,0.0,0.999966837585,0.4999834187925
0.14747474747474748,73.0,0.0020202020202,0.2,2.89416213378e-18,0.0,0.999961292834,0.499980646417
0.1494949494949495,74.0,0.0020202020202,0.2,3.42763952595e-21,0.0,0.999954956504,0.499977478252
0.15151515151515152,75.0,0.0020202020202,0.2,3.18953294507e-18,0.0,0.999947735464,0.499973867732
0.15353535353535352,76.0,0.0020202020202,0.2,2.14845025954e-18,0.0,0.999939528114,0.499969764057
0.15555555555555556,77.0,0.0020202020202,0.2,7.39407938323e-18,0.0,0.999930223872,0.499965111936
0.15757575757575756,78.0,0.0020202020202,0.2,-3.24146466385e-19,0.0,0.999919702655,0.4999598513275
0.1595959595959596,79.0,0.0020202020202,0.2,1.85749702793e-18,0.0,0.999907834353,0.4999539171765
0.1616161616161616,80.0,0.0020202020202,0.2,-3.26684022775e-19,0.0,0.99989447829,0.499947239145
0.16363636363636364,81.0,0.0020202020202,0.2,7.41525002123e-18,0.0,0.999879482694,0.499939741347
0.16565656565656567,82.0,0.0020202020202,0.2,1.77086951448e-19,0.0,0.999862684149,0.4999313420745
0.16767676767676767,83.0,0.0020202020202,0.2,7.34299848513e-19,0.0,0.999843907061,0.4999219535305
0.1696969696969697,84.0,0.0020202020202,0.2,-1.21740421081e-18,0.0,0.99982296311,0.499911481555
0.1717171717171717,85.0,0.0020202020202,0.2,-2.95641063186e-19,0.0,0.999799650722,0.499899825361
0.17373737373737375,86.0,0.0020202020202,0.2,1.41625748992e-18,0.0,0.99977375453,0.499886877265
0.17575757575757575,87.0,0.0020202020202,0.2,-1.55476410025e-18,0.0,0.999745044854,0.499872522427
0.17777777777777778,88.0,0.0020202020202,0.2,2.2422007578e-18,0.0,0.999713277182,0.499856638591
0.1797979797979798,89.0,0.0020202020202,0.2,4.45244839382e-18,0.0,0.999678191666,0.499839095833
0.18181818181818182,90.0,0.0020202020202,0.2,-1.0146764871e-18,0.0,0.999639512632,0.499819756316
0.18383838383838383,91.0,0.0020202020202,0.2,5.74891530257e-18,0.0,0.999596948102,0.499798474051
0.18585858585858586,92.0,0.0020202020202,0.2,-6.44551509516e-19,0.0,0.999550189336,0.499775094668
0.18787878787878787,93.0,0.0020202020202,0.2,7.2494955636e-18,0.0,0.99949891039,0.499749455195
0.1898989898989899,94.0,0.0020202020202,0.2,3.96295211612e-18,0.0,0.999442767701,0.4997213838505
0.1919191919191919,95.0,0.0020202020202,0.2,-1.2623452678e-18,0.0,0.999381399689,0.4996906998445
0.19393939393939394,96.0,0.0020202020202,0.2,-5.2894547817e-18,0.0,0.999314426389,0.4996572131945
0.19595959595959597,97.0,0.0020202020202,0.2,2.77566168819e-18,0.0,0.999241449106,0.499620724553
0.19797979797979798,98.0,0.0020202020202,0.2,3.26605159353e-18,0.0,0.999162050105,0.4995810250525
0.2,99.0,0.0020202020202,0.2,5.42224748331e-18,0.0,0.999075792325,0.4995378961625
0.20202020202020202,100.0,0.0020202020202,0.2,9.56934719364e-18,0.0,0.99898221913,0.499491109565
0.20404040404040405,101.0,0.0020202020202,0.2,8.32469911517e-19,0.0,0.998880854093,0.4994404270465
0.20606060606060606,102.0,0.0020202020202,0.2,-5.14892465921e-19,0.0,0.998771200815,0.4993856004075
0.2080808080808081,103.0,0.0020202020202,0.2,6.08041890406e-18,0.0,0.99865274278,0.49932637139
0.2101010101010101,104.0,0.0020202020202,0.2,3.3213838376e-18,0.0,0.998524943256,0.499262471628
0.21212121212121213,105.0,0.0020202020202,0.2,-3.7859018826e-19,0.0,0.998387245223,0.4991936226115
0.21414141414141413,106.0,0.0020202020202,0.2,2.26551406678e-18,0.0,0.998239071351,0.4991195356755
0.21616161616161617,107.0,0.0020202020202,0.2,7.83195218817e-18,0.0,0.99807982402,0.49903991201
0.21818181818181817,108.0,0.0020202020202,0.2,-2.29783635114e-18,0.0,0.997908885377,0.4989544426885
0.2202020202020202,109.0,0.0020202020202,0.2,4.89023493015e-18,0.0,0.997725617444,0.498862808722
0.2222222222222222,110.0,0.0020202020202,0.2,4.27818509562e-18,0.0,0.99752936226,0.49876468113
0.22424242424242424,111.0,0.0020202020202,0.2,5.0062336859e-18,0.0,0.997319442082,0.498659721041
0.22626262626262628,112.0,0.0020202020202,0.2,6.07914146566e-18,0.0,0.997095159616,0.498547579808
0.22828282828282828,113.0,0.0020202020202,0.2,1.24649886988e-18,0.0,0.996855798307,0.4984278991535
0.23030303030303031,114.0,0.0020202020202,0.2,6.1494279394e-18,0.0,0.996600622663,0.4983003113315
0.23232323232323232,115.0,0.0020202020202,0.2,8.53753473805e-19,0.0,0.996328878634,0.498164439317
0.23434343434343435,116.0,0.0020202020202,0.2,2.21128188922e-18,0.0,0.996039794031,0.4980198970155
0.23636363636363636,117.0,0.0020202020202,0.2,3.36619275635e-18,0.0,0.995732578992,0.497866289496
0.2383838383838384,118.0,0.0020202020202,0.2,3.70781593545e-18,0.0,0.995406426494,0.497703213247
0.2404040404040404,119.0,0.0020202020202,0.2,4.69965204547e-18,0.0,0.995344652432,0.497672326216
0.24242424242424243,120.0,0.0020202020202,0.2,3.51887601019e-18,0.0,0.995289710628,0.497644855314
0.24444444444444444,121.0,0.0020202020202,0.2,7.35081599463e-18,0.0,0.995216955693,0.4976084778465
0.24646464646464647,122.0,0.0020202020202,0.2,5.05361094152e-18,0.0,0.995126083274,0.497563041637
0.24848484848484848,123.0,0.0020202020202,0.2,2.52711570766e-18,0.0,0.995016757519,0.4975083787595
0.2505050505050505,124.0,0.0020202020202,0.2,3.93860211344e-18,0.0,0.994888611953,0.4974443059765
0.25252525252525254,125.0,0.0020202020202,0.2,1.12249960166e-18,0.0,0.994741250346,0.497370625173
0.2545454545454545,126.0,0.0020202020202,0.2,9.3611213756e-18,0.0,0.994574247595,0.4972871237975
0.25656565656565655,127.0,0.0020202020202,0.2,6.52112825665e-18,0.0,0.994430645681,0.4972153228405
0.2585858585858586,128.0,0.0020202020202,0.2,4.56054431144e-18,0.0,0.994279261723,0.4971396308615
0.2606060606060606,129.0,0.0020202020202,0.2,5.01453098795e-18,0.0,0.994107669522,0.497053834761
0.26262626262626265,130.0,0.0020202020202,0.2,2.20496500832e-18,0.0,0.99391541518,0.49695770759
0.26464646464646463,131.0,0.0020202020202,0.2,-2.25698817508e-18,0.0,0.993702019263,0.4968510096315
0.26666666666666666,132.0,0.0020202020202,0.2,5.26100643726e-18,0.0,0.993466977683,0.4967334888415
0.2686868686868687,133.0,0.0020202020202,0.2,9.53313504163e-19,0.0,0.9932097626,0.4966048813
0.27070707070707073,134.0,0.0020202020202,0.2,4.67382934873e-19,0.0,0.992929823331,0.4964649116655
0.2727272727272727,135.0,0.0020202020202,0.2,3.31617941551e-18,0.0,0.992626587264,0.496313293632
0.27474747474747474,136.0,0.0020202020202,0.2,-6.7084586016e-19,0.0,0.992299460802,0.496149730401
0.2767676767676768,137.0,0.0020202020202,0.2,4.7146795824e-18,0.0,0.991947830303,0.4959739151515
0.2787878787878788,138.0,0.0020202020202,0.2,6.3119281666e-19,0.0,0.991571063046,0.495785531523
0.2808080808080808,139.0,0.0020202020202,0.2,1.74517040607e-18,0.0,0.9911685082,0.4955842541
0.2828282828282828,140.0,0.0020202020202,0.2,3.98764057946e-18,0.0,0.990739497821,0.4953697489105
0.28484848484848485,141.0,0.0020202020202,0.2,-4.17802057699e-18,0.0,0.99030525252,0.49515262626
0.2868686868686869,142.0,0.0020202020202,0.2,6.85437639716e-18,0.0,0.989863530518,0.494931765259
0.28888888888888886,143.0,0.0020202020202,0.2,3.52943506228e-18,0.0,0.989394037911,0.4946970189555
0.2909090909090909,144.0,0.0020202020202,0.2,1.19167562192e-18,0.0,0.989108190548,0.494554095274
0.29292929292929293,145.0,0.0020202020202,0.2,-3.85948851821e-18,0.0,0.989031311237,0.4945156556185
0.29494949494949496,146.0,0.0020202020202,0.2,3.76209288091e-18,0.0,0.988926042031,0.4944630210155
0.296969696969697,147.0,0.0020202020202,0.2,1.42053781108e-19,0.0,0.988792165949,0.4943960829745
0.298989898989899,148.0,0.0020202020202,0.2,-2.29360551275e-19,0.0,0.98862943674,0.49431471837
0.301010101010101,149.0,0.0020202020202,0.2,1.85705877994e-18,0.0,0.98843758,0.49421879
0.30303030303030304,150.0,0.0020202020202,0.2,-4.47460699551e-18,0.0,0.988216294293,0.4941081471465
0.30505050505050507,151.0,0.0020202020202,0.2,2.03927221382e-18,0.0,0.987965252262,0.493982626131
0.30707070707070705,152.0,0.0020202020202,0.2,3.41528277189e-18,0.0,0.987684101758,0.493842050879
0.3090909090909091,153.0,0.0020202020202,0.2,2.1861443239e-19,0.0,0.987372466958,0.493686233479
0.3111111111111111,154.0,0.0020202020202,0.2,3.78898808272e-18,0.0,0.987071239465,0.4935356197325
0.31313131313131315,155.0,0.0020202020202,0.2,4.94760682664e-18,0.0,0.986807986926,0.493403993463
0.3151515151515151,156.0,0.0020202020202,0.2,4.46893778303e-18,0.0,0.986513908892,0.493256954446
0.31717171717171716,157.0,0.0020202020202,0.2,-5.77893668315e-18,0.0,0.986188635283,0.4930943176415
0.3191919191919192,158.0,0.0020202020202,0.2,1.03365893148e-18,0.0,0.985831775864,0.492915887932
0.3212121212121212,159.0,0.0020202020202,0.2,-6.80222975577e-18,0.0,0.985442921314,0.492721460657
0.3232323232323232,160.0,0.0020202020202,0.2,3.28179261581e-18,0.0,0.985021644297,0.4925108221485
0.32525252525252524,161.0,0.0020202020202,0.2,1.19861386137e-17,0.0,0.984567500539,0.4922837502695
0.32727272727272727,162.0,0.0020202020202,0.2,-3.55299976339e-18,0.0,0.984080029903,0.4920400149515
0.3292929292929293,163.0,0.0020202020202,0.2,-2.39532741084e-18,0.0,0.983558757463,0.4917793787315
0.33131313131313134,164.0,0.0020202020202,0.2,7.38210143757e-18,0.0,0.983003194591,0.4915015972955
0.3333333333333333,165.0,0.0020202020202,0.2,3.23980351785e-19,0.0,0.982412840025,0.4912064200125
0.33535353535353535,166.0,0.0020202020202,0.2,2.1533941479e-18,0.0,0.981787180957,0.4908935904785
0.3373737373737374,167.0,0.0020202020202,0.2,7.33295304339e-18,0.0,0.981489205169,0.4907446025845
0.3393939393939394,168.0,0.0020202020202,0.2,-4.84655386189e-18,0.0,0.981378301677,0.4906891508385
0.3414141414141414,169.0,0.0020202020202,0.2,-1.58370846128e-18,0.0,0.981246796725,0.4906233983625
0.3434343434343434,170.0,0.0020202020202,0.2,-2.63776857464e-18,0.0,0.981078770226,0.490539385113
0.34545454545454546,171.0,0.0020202020202,0.2,7.01027523333e-18,0.0,0.98087407847,0.490437039235
0.3474747474747475,172.0,0.0020202020202,0.2,1.21276445003e-17,0.0,0.98063255466,0.49031627733
0.34949494949494947,173.0,0.0020202020202,0.2,-5.33370313702e-18,0.0,0.980354009946,0.490177004973
0.3515151515151515,174.0,0.0020202020202,0.2,2.76652412911e-19,0.0,0.980038234472,0.490019117236
0.35353535353535354,175.0,0.0020202020202,0.2,-8.79387315163e-18,0.0,0.979684998416,0.489842499208
0.35555555555555557,176.0,0.0020202020202,0.2,1.14461765628e-17,0.0,0.979294053041,0.4896470265205
0.3575757575757576,177.0,0.0020202020202,0.2,4.80458166275e-18,0.0,0.978865131738,0.489432565869
0.3595959595959596,178.0,0.0020202020202,0.2,8.17412827619e-18,0.0,0.978423197877,0.4892115989385
0.3616161616161616,179.0,0.0020202020202,0.2,5.50047020648e-18,0.0,0.978086319123,0.4890431595615
0.36363636363636365,180.0,0.0020202020202,0.2,-4.21228892148e-19,0.0,0.977711398669,0.4888556993345
0.3656565656565657,181.0,0.0020202020202,0.2,-2.26473241093e-19,0.0,0.977298195579,0.4886490977895
0.36767676767676766,182.0,0.0020202020202,0.2,9.01505617367e-19,0.0,0.976846453734,0.488423226867
0.3696969696969697,183.0,0.0020202020202,0.2,-1.46567431715e-19,0.0,0.976355902793,0.4881779513965
0.3717171717171717,184.0,0.0020202020202,0.2,1.4276150886e-17,0.0,0.975826259165,0.4879131295825
0.37373737373737376,185.0,0.0020202020202,0.2,2.04075170205e-19,0.0,0.975257226968,0.487628613484
0.37575757575757573,186.0,0.0020202020202,0.2,9.49730486005e-19,0.0,0.974648498993,0.4873242494965
0.37777777777777777,187.0,0.0020202020202,0.2,3.93606977606e-18,0.0,0.973999757667,0.4869998788335
0.3797979797979798,188.0,0.0020202020202,0.2,-1.52179304586e-18,0.0,0.973310676006,0.486655338003
0.38181818181818183,189.0,0.0020202020202,0.2,-4.6093520963e-18,0.0,0.9729721727,0.48648608635
0.3838383838383838,190.0,0.0020202020202,0.2,4.06331275174e-19,0.0,0.97282301638,0.48641150819
0.38585858585858585,191.0,0.0020202020202,0.2,6.6938114936e-18,0.0,0.972667086564,0.486333543282
0.3878787878787879,192.0,0.0020202020202,0.2,-5.03347481588e-18,0.0,0.97246879852,0.48623439926
0.3898989898989899,193.0,0.0020202020202,0.2,7.54932581972e-18,0.0,0.97222809672,0.48611404836
0.39191919191919194,194.0,0.0020202020202,0.2,-2.29806294357e-18,0.0,0.971944907762,0.485972453881
0.3939393939393939,195.0,0.0020202020202,0.2,6.8995385896e-18,0.0,0.971619141235,0.4858095706175
0.39595959595959596,196.0,0.0020202020202,0.2,-7.30851842038e-18,0.0,0.971250690599,0.4856253452995
0.397979797979798,197.0,0.0020202020202,0.2,3.35655476276e-18,0.0,0.970839434064,0.485419717032
0.4,198.0,0.0020202020202,0.2,-1.53156881676e-19,0.0,0.970385235471,0.4851926177355
0.402020202020202,199.0,0.0020202020202,0.2,-2.52009635103e-18,0.0,0.969887945178,0.484943972589
0.40404040404040403,200.0,0.0020202020202,0.2,-5.26614992858e-18,0.0,0.969347400945,0.4846737004725
0.40606060606060607,201.0,0.0020202020202,0.2,4.33178450916e-18,0.0,0.96890649728,0.48445324864
0.4080808080808081,202.0,0.0020202020202,0.2,3.88346146376e-18,0.0,0.968507991909,0.4842539959545
0.4101010101010101,203.0,0.0020202020202,0.2,6.46899131624e-18,0.0,0.968066411278,0.484033205639
0.4121212121212121,204.0,0.0020202020202,0.2,2.88735963156e-18,0.0,0.967581626657,0.4837908133285
0.41414141414141414,205.0,0.0020202020202,0.2,4.41639916835e-18,0.0,0.967053498469,0.4835267492345
0.4161616161616162,206.0,0.0020202020202,0.2,1.07716924943e-17,0.0,0.966481877082,0.483240938541
0.41818181818181815,207.0,0.0020202020202,0.2,6.29047025208e-18,0.0,0.965866603612,0.482933301806
0.4202020202020202,208.0,0.0020202020202,0.2,1.86380721025e-18,0.0,0.965207510707,0.4826037553535
0.4222222222222222,209.0,0.0020202020202,0.2,4.69889459716e-18,0.0,0.964504423348,0.482252211674
0.42424242424242425,210.0,0.0020202020202,0.2,7.09287158188e-18,0.0,0.964099474413,0.4820497372065
0.4262626262626263,211.0,0.0020202020202,0.2,3.51385240296e-18,0.0,0.963829609347,0.4819148046735
0.42828282828282827,212.0,0.0020202020202,0.2,-8.13317077155e-20,0.0,0.963659732078,0.481829866039
0.4303030303030303,213.0,0.0020202020202,0.2,8.64804532518e-20,0.0,0.963446589936,0.481723294968
0.43232323232323233,214.0,0.0020202020202,0.2,2.39646155065e-18,0.0,0.963186880408,0.481593440204
0.43434343434343436,215.0,0.0020202020202,0.2,-3.18804983906e-18,0.0,0.962880608711,0.4814403043555
0.43636363636363634,216.0,0.0020202020202,0.2,9.00138323173e-18,0.0,0.962527767256,0.481263883628
0.4383838383838384,217.0,0.0020202020202,0.2,-5.47918580882e-18,0.0,0.962128336348,0.481064168174
0.4404040404040404,218.0,0.0020202020202,0.2,-1.18185717452e-18,0.0,0.961682284896,0.480841142448
0.44242424242424244,219.0,0.0020202020202,0.2,-8.92391679874e-19,0.0,0.961189571125,0.4805947855625
0.4444444444444444,220.0,0.0020202020202,0.2,7.71948015869e-18,0.0,0.960650143287,0.4803250716435
0.44646464646464645,221.0,0.0020202020202,0.2,2.36404314371e-18,0.0,0.960063940386,0.480031970193
0.4484848484848485,222.0,0.0020202020202,0.2,1.09339307623e-17,0.0,0.959514896813,0.4797574484065
0.4505050505050505,223.0,0.0020202020202,0.2,6.7447652137e-18,0.0,0.959123144401,0.4795615722005
0.45252525252525255,224.0,0.0020202020202,0.2,-2.68609224138e-18,0.0,0.958684926468,0.479342463234
0.45454545454545453,225.0,0.0020202020202,0.2,5.2451997692e-18,0.0,0.958200214166,0.479100107083
0.45656565656565656,226.0,0.0020202020202,0.2,5.8811156548e-18,0.0,0.957668970481,0.4788344852405
0.4585858585858586,227.0,0.0020202020202,0.2,-1.79947606437e-18,0.0,0.957091150862,0.478545575431
0.46060606060606063,228.0,0.0020202020202,0.2,-8.46263638901e-18,0.0,0.956494096422,0.478247048211
0.4626262626262626,229.0,0.0020202020202,0.2,7.06778184558e-19,0.0,0.955968029467,0.4779840147335
0.46464646464646464,230.0,0.0020202020202,0.2,-3.5027303652e-19,0.0,0.955390955581,0.4776954777905
0.4666666666666667,231.0,0.0020202020202,0.2,7.56572193826e-18,0.0,0.954763038758,0.477381519379
0.4686868686868687,232.0,0.0020202020202,0.2,-1.26638393202e-17,0.0,0.954568818127,0.4772844090635
0.4707070707070707,233.0,0.0020202020202,0.2,4.00515323398e-18,0.0,0.954362660992,0.477181330496
0.4727272727272727,234.0,0.0020202020202,0.2,8.20851238228e-19,0.0,0.954106919658,0.477053459829
0.47474747474747475,235.0,0.0020202020202,0.2,1.68329827733e-17,0.0,0.953801662306,0.476900831153
0.4767676767676768,236.0,0.0020202020202,0.2,-2.90941924034e-18,0.0,0.953446947638,0.476723473819
0.47878787878787876,237.0,0.0020202020202,0.2,8.43872789871e-18,0.0,0.953042825428,0.476521412714
0.4808080808080808,238.0,0.0020202020202,0.2,8.78590696737e-18,0.0,0.95258933707,0.476294668535
0.48282828282828283,239.0,0.0020202020202,0.2,6.30490453284e-18,0.0,0.952086516142,0.476043258071
0.48484848484848486,240.0,0.0020202020202,0.2,-7.26781496773e-18,0.0,0.951534388968,0.475767194484
0.4868686868686869,241.0,0.0020202020202,0.2,2.93017006145e-18,0.0,0.950932975182,0.475466487591
0.4888888888888889,242.0,0.0020202020202,0.2,3.10613873107e-18,0.0,0.950282288299,0.4751411441495
0.4909090909090909,243.0,0.0020202020202,0.2,1.04870505614e-17,0.0,0.949979282133,0.4749896410665
0.49292929292929294,244.0,0.0020202020202,0.2,-2.31410444908e-18,0.0,0.949636067959,0.4748180339795
0.494949494949495,245.0,0.0020202020202,0.2,5.54984311815e-18,0.0,0.949238686659,0.4746193433295
0.49696969696969695,246.0,0.0020202020202,0.2,6.10123969226e-18,0.0,0.948787371053,0.4743936855265
0.498989898989899,247.0,0.0020202020202,0.2,4.09493585791e-19,0.0,0.948282345811,0.4741411729055
0.501010101010101,248.0,0.0020202020202,0.2,3.3168910797e-18,0.0,0.947723828183,0.4738619140915
0.503030303030303,249.0,0.0020202020202,0.2,1.64265388505e-17,0.0,0.947112028723,0.4735560143615
0.5050505050505051,250.0,0.0020202020202,0.2,2.5060117586e-18,0.0,0.946447152034,0.473223576017
0.5070707070707071,251.0,0.0020202020202,0.2,4.73565914236e-18,0.0,0.945729397512,0.472864698756
0.509090909090909,252.0,0.0020202020202,0.2,-8.79117896035e-19,0.0,0.945434030382,0.472717015191
0.5111111111111111,253.0,0.0020202020202,0.2,4.9194882402e-18,0.0,0.94520725944,0.47260362972
0.5131313131313131,254.0,0.0020202020202,0.2,6.0085604181e-18,0.0,0.944928774157,0.4724643870785
0.5151515151515151,255.0,0.0020202020202,0.2,-6.51533957933e-18,0.0,0.944598683378,0.472299341689
0.5171717171717172,256.0,0.0020202020202,0.2,-2.02819537105e-18,0.0,0.944217089554,0.472108544777
0.5191919191919192,257.0,0.0020202020202,0.2,2.16822330644e-18,0.0,0.943784089165,0.4718920445825
0.5212121212121212,258.0,0.0020202020202,0.2,-8.14736740337e-19,0.0,0.943299773143,0.4716498865715
0.5232323232323233,259.0,0.0020202020202,0.2,1.06742677892e-17,0.0,0.942868877922,0.471434438961
0.5252525252525253,260.0,0.0020202020202,0.2,-1.46801133791e-18,0.0,0.942416939625,0.4712084698125
0.5272727272727272,261.0,0.0020202020202,0.2,4.22492948808e-18,0.0,0.941910852248,0.470955426124
0.5292929292929293,262.0,0.0020202020202,0.2,-5.86609097194e-18,0.0,0.941350892491,0.4706754462455
0.5313131313131313,263.0,0.0020202020202,0.2,2.17381726396e-17,0.0,0.940737332345,0.4703686661725
0.5333333333333333,264.0,0.0020202020202,0.2,7.07032349046e-18,0.0,0.940285587431,0.4701427937155
0.5353535353535354,265.0,0.0020202020202,0.2,8.48711973764e-18,0.0,0.939845680834,0.469922840417
0.5373737373737374,266.0,0.0020202020202,0.2,3.76919264722e-18,0.0,0.939355346066,0.469677673033
0.5393939393939394,267.0,0.0020202020202,0.2,7.07071282046e-18,0.0,0.938814669938,0.469407334969
0.5414141414141415,268.0,0.0020202020202,0.2,3.71437759108e-18,0.0,0.93822373606,0.46911186803
0.5434343434343434,269.0,0.0020202020202,0.2,1.23925655265e-17,0.0,0.937582625208,0.468791312604
0.5454545454545454,270.0,0.0020202020202,0.2,3.89114563822e-18,0.0,0.936891415701,0.4684457078505
0.5474747474747474,271.0,0.0020202020202,0.2,-1.42304983476e-19,0.0,0.936585716914,0.468292858457
0.5494949494949495,272.0,0.0020202020202,0.2,3.53211290222e-18,0.0,0.936359204899,0.4681796024495
0.5515151515151515,273.0,0.0020202020202,0.2,1.85129974083e-18,0.0,0.93608135811,0.468040679055
0.5535353535353535,274.0,0.0020202020202,0.2,-4.68293580489e-19,0.0,0.93582638633,0.467913193165
0.5555555555555556,275.0,0.0020202020202,0.2,4.34393520254e-18,0.0,0.93551469686,0.46775734843
0.5575757575757576,276.0,0.0020202020202,0.2,1.44126994025e-19,0.0,0.935146596919,0.4675732984595
0.5595959595959596,277.0,0.0020202020202,0.2,2.4177365012e-18,0.0,0.934722390286,0.467361195143
0.5616161616161616,278.0,0.0020202020202,0.2,1.13372304028e-17,0.0,0.93424237779,0.467121188895
0.5636363636363636,279.0,0.0020202020202,0.2,1.68399874221e-18,0.0,0.933706857803,0.4668534289015
0.5656565656565656,280.0,0.0020202020202,0.2,1.07288580067e-17,0.0,0.933116126751,0.4665580633755
0.5676767676767677,281.0,0.0020202020202,0.2,4.37430208316e-18,0.0,0.932470479619,0.4662352398095
0.5696969696969697,282.0,0.0020202020202,0.2,9.54910508725e-18,0.0,0.931954180349,0.4659770901745
0.5717171717171717,283.0,0.0020202020202,0.2,-5.2077941021e-19,0.0,0.931602010726,0.465801005363
0.5737373737373738,284.0,0.0020202020202,0.2,9.08570635822e-18,0.0,0.931198107396,0.465599053698
0.5757575757575758,285.0,0.0020202020202,0.2,1.0677222117e-18,0.0,0.930742595919,0.4653712979595
0.5777777777777777,286.0,0.0020202020202,0.2,5.00441653451e-18,0.0,0.930235599873,0.4651177999365
0.5797979797979798,287.0,0.0020202020202,0.2,1.84113432573e-17,0.0,0.929677241135,0.4648386205675
0.5818181818181818,288.0,0.0020202020202,0.2,2.98862181902e-18,0.0,0.92937907833,0.464689539165
0.5838383838383838,289.0,0.0020202020202,0.2,1.37508785206e-18,0.0,0.929115177209,0.4645575886045
0.5858585858585859,290.0,0.0020202020202,0.2,4.81063280587e-18,0.0,0.928794755611,0.4643973778055
0.5878787878787879,291.0,0.0020202020202,0.2,7.02951572608e-18,0.0,0.928418154961,0.4642090774805
0.5898989898989899,292.0,0.0020202020202,0.2,-3.0237694269e-18,0.0,0.927985715215,0.4639928576075
0.591919191919192,293.0,0.0020202020202,0.2,1.7782581911e-18,0.0,0.927497775229,0.4637488876145
0.593939393939394,294.0,0.0020202020202,0.2,-5.27196089824e-18,0.0,0.926954673144,0.463477336572
0.5959595959595959,295.0,0.0020202020202,0.2,-2.87660572882e-18,0.0,0.926356746777,0.4631783733885
0.597979797979798,296.0,0.0020202020202,0.2,6.75428848703e-18,0.0,0.925704334012,0.462852167006
0.6,297.0,0.0020202020202,0.2,-1.21693572495e-18,0.0,0.924997773206,0.462498886603
0.602020202020202,298.0,0.0020202020202,0.2,-5.43176766113e-18,0.0,0.924292253188,0.462146126594
0.604040404040404,299.0,0.0020202020202,0.2,-1.00222613967e-18,0.0,0.923988519638,0.461994259819
0.6060606060606061,300.0,0.0020202020202,0.2,2.09668616326e-17,0.0,0.923747274824,0.461873637412
0.6080808080808081,301.0,0.0020202020202,0.2,8.66872321547e-18,0.0,0.923453194885,0.4617265974425
0.6101010101010101,302.0,0.0020202020202,0.2,3.12860781012e-18,0.0,0.923106428366,0.461553214183
0.6121212121212121,303.0,0.0020202020202,0.2,1.01481920524e-17,0.0,0.922707123021,0.4613535615105
0.6141414141414141,304.0,0.0020202020202,0.2,4.24787340043e-18,0.0,0.922255425994,0.461127712997
0.6161616161616161,305.0,0.0020202020202,0.2,4.26983666936e-18,0.0,0.921751484017,0.4608757420085
0.6181818181818182,306.0,0.0020202020202,0.2,-5.26832307985e-18,0.0,0.921195443617,0.4605977218085
0.6202020202020202,307.0,0.0020202020202,0.2,-3.15667264058e-18,0.0,0.920628759807,0.4603143799035
0.6222222222222222,308.0,0.0020202020202,0.2,3.08491907802e-18,0.0,0.920226234863,0.4601131174315
0.6242424242424243,309.0,0.0020202020202,0.2,-4.34374924184e-19,0.0,0.919767082571,0.4598835412855
0.6262626262626263,310.0,0.0020202020202,0.2,1.74500576348e-17,0.0,0.919251653282,0.459625826641
0.6282828282828283,311.0,0.0020202020202,0.2,1.04549935414e-17,0.0,0.918680299311,0.4593401496555
0.6303030303030303,312.0,0.0020202020202,0.2,1.72340087703e-18,0.0,0.918116895545,0.4590584477725
0.6323232323232323,313.0,0.0020202020202,0.2,-3.59332317556e-18,0.0,0.917621338601,0.4588106693005
0.6343434343434343,314.0,0.0020202020202,0.2,2.77361327244e-18,0.0,0.917071302686,0.458535651343
0.6363636363636364,315.0,0.0020202020202,0.2,8.0890269016e-18,0.0,0.916466962752,0.458233481376
0.6383838383838384,316.0,0.0020202020202,0.2,2.86578941728e-18,0.0,0.91614952354,0.45807476177
0.6404040404040404,317.0,0.0020202020202,0.2,2.51685100212e-18,0.0,0.915985439726,0.457992719863
0.6424242424242425,318.0,0.0020202020202,0.2,7.8501106837e-18,0.0,0.915767699021,0.4578838495105
0.6444444444444445,319.0,0.0020202020202,0.2,1.91946612061e-17,0.0,0.915496459986,0.457748229993
0.6464646464646464,320.0,0.0020202020202,0.2,1.19451556933e-17,0.0,0.915171881716,0.457585940858
0.6484848484848484,321.0,0.0020202020202,0.2,1.1006445107e-17,0.0,0.914794123955,0.4573970619775
0.6505050505050505,322.0,0.0020202020202,0.2,-5.62298807182e-19,0.0,0.914363347231,0.4571816736155
0.6525252525252525,323.0,0.0020202020202,0.2,-3.32516066275e-18,0.0,0.913879712989,0.4569398564945
0.6545454545454545,324.0,0.0020202020202,0.2,-4.31827014485e-18,0.0,0.913343383721,0.4566716918605
0.6565656565656566,325.0,0.0020202020202,0.2,-6.01912344565e-18,0.0,0.912843931182,0.456421965591
0.6585858585858586,326.0,0.0020202020202,0.2,1.8375785439e-18,0.0,0.912304787881,0.4561523939405
0.6606060606060606,327.0,0.0020202020202,0.2,1.2585213819e-18,0.0,0.911710766064,0.455855383032
0.6626262626262627,328.0,0.0020202020202,0.2,1.03102979025e-17,0.0,0.911062250125,0.4555311250625
0.6646464646464646,329.0,0.0020202020202,0.2,1.28549829062e-17,0.0,0.910359628135,0.4551798140675
0.6666666666666666,330.0,0.0020202020202,0.2,4.95635244184e-18,0.0,0.909624960988,0.454812480494
0.6686868686868687,331.0,0.0020202020202,0.2,-4.22712588734e-18,0.0,0.909118132706,0.454559066353
0.6707070707070707,332.0,0.0020202020202,0.2,9.34040534504e-18,0.0,0.908695811611,0.4543479058055
0.6727272727272727,333.0,0.0020202020202,0.2,-2.80996126318e-18,0.0,0.908546016926,0.454273008463
0.6747474747474748,334.0,0.0020202020202,0.2,4.827534625e-18,0.0,0.908420559935,0.4542102799675
0.6767676767676768,335.0,0.0020202020202,0.2,2.39677087473e-18,0.0,0.908240858727,0.4541204293635
0.6787878787878788,336.0,0.0020202020202,0.2,7.58406081035e-18,0.0,0.908007074473,0.4540035372365
0.6808080808080809,337.0,0.0020202020202,0.2,1.79681123456e-17,0.0,0.907719370227,0.4538596851135
0.6828282828282828,338.0,0.0020202020202,0.2,-1.79783124486e-18,0.0,0.90737791099,0.453688955495
0.6848484848484848,339.0,0.0020202020202,0.2,1.91448977365e-18,0.0,0.906982863793,0.4534914318965
0.6868686868686869,340.0,0.0020202020202,0.2,6.45825085962e-18,0.0,0.906534397769,0.4532671988845
0.6888888888888889,341.0,0.0020202020202,0.2,2.01430358994e-18,0.0,0.906032684244,0.453016342122
0.6909090909090909,342.0,0.0020202020202,0.2,-2.4938436464e-18,0.0,0.905477896823,0.4527389484115
0.692929292929293,343.0,0.0020202020202,0.2,2.09783742401e-17,0.0,0.904870211486,0.452435105743
0.694949494949495,344.0,0.0020202020202,0.2,3.41971469651e-18,0.0,0.904209806684,0.452104903342
0.696969696969697,345.0,0.0020202020202,0.2,-1.28805735708e-18,0.0,0.90349686344,0.45174843172
0.6989898989898989,346.0,0.0020202020202,0.2,7.49673384496e-18,0.0,0.902813387219,0.4514066936095
0.701010101010101,347.0,0.0020202020202,0.2,8.57869399906e-18,0.0,0.902568498156,0.451284249078
0.703030303030303,348.0,0.0020202020202,0.2,1.39772118397e-17,0.0,0.902271438381,0.4511357191905
0.705050505050505,349.0,0.0020202020202,0.2,5.38049405703e-18,0.0,0.901922363508,0.450961181754
0.7070707070707071,350.0,0.0020202020202,0.2,7.67928820475e-18,0.0,0.901521431745,0.4507607158725
0.7090909090909091,351.0,0.0020202020202,0.2,-6.14222242586e-18,0.0,0.901068803952,0.450534401976
0.7111111111111111,352.0,0.0020202020202,0.2,1.08527405515e-17,0.0,0.900864538223,0.4504322691115
0.7131313131313132,353.0,0.0020202020202,0.2,1.2747877777e-17,0.0,0.900626515551,0.4503132577755
0.7151515151515152,354.0,0.0020202020202,0.2,-1.08852522976e-17,0.0,0.90033416497,0.450167082485
0.7171717171717171,355.0,0.0020202020202,0.2,5.40008157542e-18,0.0,0.899987654168,0.449993827084
0.7191919191919192,356.0,0.0020202020202,0.2,1.06737152803e-17,0.0,0.899587154072,0.449793577036
0.7212121212121212,357.0,0.0020202020202,0.2,7.05897384032e-18,0.0,0.899132838892,0.449566419446
0.7232323232323232,358.0,0.0020202020202,0.2,1.3812485141e-17,0.0,0.898624886159,0.4493124430795
0.7252525252525253,359.0,0.0020202020202,0.2,9.27295171041e-18,0.0,0.898063476778,0.449031738389
0.7272727272727273,360.0,0.0020202020202,0.2,-4.1902645861e-18,0.0,0.897448795077,0.4487243975385
0.7292929292929293,361.0,0.0020202020202,0.2,2.41249521988e-18,0.0,0.896781028863,0.4483905144315
0.7313131313131314,362.0,0.0020202020202,0.2,9.288941677e-18,0.0,0.896205413935,0.4481027069675
0.7333333333333333,363.0,0.0020202020202,0.2,6.16515807383e-19,0.0,0.896044512681,0.4480222563405
0.7353535353535353,364.0,0.0020202020202,0.2,8.10390472031e-18,0.0,0.895831017631,0.4479155088155
0.7373737373737373,365.0,0.0020202020202,0.2,3.22891127593e-18,0.0,0.895565078914,0.447782539457
0.7393939393939394,366.0,0.0020202020202,0.2,8.33103685703e-18,0.0,0.895246850192,0.447623425096
0.7414141414141414,367.0,0.0020202020202,0.2,8.54858286872e-18,0.0,0.894876488682,0.447438244341
0.7434343434343434,368.0,0.0020202020202,0.2,1.61218823235e-17,0.0,0.894454155179,0.4472270775895
0.7454545454545455,369.0,0.0020202020202,0.2,1.50187291288e-17,0.0,0.893980014083,0.4469900070415
0.7474747474747475,370.0,0.0020202020202,0.2,7.26790806227e-18,0.0,0.893454233428,0.446727116714
0.7494949494949495,371.0,0.0020202020202,0.2,3.56266005266e-18,0.0,0.89288172599,0.446440862995
0.7515151515151515,372.0,0.0020202020202,0.2,6.26983806605e-18,0.0,0.892485877874,0.446242938937
0.7535353535353535,373.0,0.0020202020202,0.2,5.78224371844e-18,0.0,0.892035774646,0.446017887323
0.7555555555555555,374.0,0.0020202020202,0.2,-2.50622828727e-18,0.0,0.891531597039,0.4457657985195
0.7575757575757576,375.0,0.0020202020202,0.2,-5.84542535796e-18,0.0,0.890973530189,0.4454867650945
0.7595959595959596,376.0,0.0020202020202,0.2,4.9661717236e-18,0.0,0.890361763642,0.445180881821
0.7616161616161616,377.0,0.0020202020202,0.2,7.12380899886e-19,0.0,0.889803441737,0.4449017208685
0.7636363636363637,378.0,0.0020202020202,0.2,9.70981555147e-18,0.0,0.889734778329,0.4448673891645
0.7656565656565657,379.0,0.0020202020202,0.2,-7.94220605828e-18,0.0,0.889613068116,0.444806534058
0.7676767676767676,380.0,0.0020202020202,0.2,6.48945504575e-18,0.0,0.889438450322,0.444719225161
0.7696969696969697,381.0,0.0020202020202,0.2,4.28369140547e-18,0.0,0.889211068683,0.4446055343415
0.7717171717171717,382.0,0.0020202020202,0.2,-4.1023823081e-18,0.0,0.888931071436,0.444465535718
0.7737373737373737,383.0,0.0020202020202,0.2,7.84304218006e-18,0.0,0.888598611304,0.444299305652
0.7757575757575758,384.0,0.0020202020202,0.2,1.43650271441e-17,0.0,0.888213845487,0.4441069227435
0.7777777777777778,385.0,0.0020202020202,0.2,7.23868694743e-18,0.0,0.887776935664,0.443888467832
0.7797979797979798,386.0,0.0020202020202,0.2,1.12369600223e-17,0.0,0.887288047986,0.443644023993
0.7818181818181819,387.0,0.0020202020202,0.2,2.75225707009e-17,0.0,0.886747353084,0.443373676542
0.7838383838383839,388.0,0.0020202020202,0.2,2.62916250192e-18,0.0,0.886155026072,0.443077513036
0.7858585858585858,389.0,0.0020202020202,0.2,-4.67537762359e-18,0.0,0.885511246562,0.442755623281
0.7878787878787878,390.0,0.0020202020202,0.2,7.56407917262e-18,0.0,0.884816198671,0.4424080993355
0.7898989898989899,391.0,0.0020202020202,0.2,2.35647852351e-19,0.0,0.884070071036,0.442035035518
0.7919191919191919,392.0,0.0020202020202,0.2,-3.71539666892e-18,0.0,0.883448118971,0.4417240594855
0.793939393939394,393.0,0.0020202020202,0.2,-5.62207980937e-19,0.0,0.883425184757,0.4417125923785
0.795959595959596,394.0,0.0020202020202,0.2,-2.23205844857e-19,0.0,0.883348835906,0.441674417953
0.797979797979798,395.0,0.0020202020202,0.2,-5.7503017072e-18,0.0,0.883219201343,0.4416096006715
0.8,396.0,0.0020202020202,0.2,-1.06939011168e-18,0.0,0.88303641551,0.441518207755
0.802020202020202,397.0,0.0020202020202,0.2,-3.83354808876e-19,0.0,0.882800618319,0.4414003091595
0.804040404040404,398.0,0.0020202020202,0.2,4.59824739448e-18,0.0,0.882511955116,0.441255977558
0.806060606060606,399.0,0.0020202020202,0.2,-2.62287164255e-18,0.0,0.882170576642,0.441085288321
0.8080808080808081,400.0,0.0020202020202,0.2,9.18343036492e-18,0.0,0.881776639001,0.4408883195005
0.8101010101010101,401.0,0.0020202020202,0.2,-5.51407165848e-19,0.0,0.881330303635,0.4406651518175
0.8121212121212121,402.0,0.0020202020202,0.2,1.87669820297e-18,0.0,0.880831737297,0.4404158686485
0.8141414141414142,403.0,0.0020202020202,0.2,-7.76964581568e-19,0.0,0.880281112029,0.4401405560145
0.8161616161616162,404.0,0.0020202020202,0.2,-9.28061392995e-18,0.0,0.879678605147,0.4398393025735
0.8181818181818182,405.0,0.0020202020202,0.2,-1.46493940305e-17,0.0,0.879024399221,0.4395121996105
0.8202020202020202,406.0,0.0020202020202,0.2,-1.02094514931e-17,0.0,0.878318682067,0.4391593410335
0.8222222222222222,407.0,0.0020202020202,0.2,7.81830152794e-18,0.0,0.877874283503,0.4389371417515
0.8242424242424242,408.0,0.0020202020202,0.2,-6.76487787193e-18,0.0,0.877734446378,0.438867223189
0.8262626262626263,409.0,0.0020202020202,0.2,6.26097598419e-18,0.0,0.877543550452,0.438771775226
0.8282828282828283,410.0,0.0020202020202,0.2,3.17804396545e-18,0.0,0.877301724458,0.438650862229
0.8303030303030303,411.0,0.0020202020202,0.2,1.02460406724e-17,0.0,0.87700910257,0.438504551285
0.8323232323232324,412.0,0.0020202020202,0.2,6.49860210338e-18,0.0,0.876665824365,0.4383329121825
0.8343434343434344,413.0,0.0020202020202,0.2,-8.75736432954e-18,0.0,0.876272034791,0.4381360173955
0.8363636363636363,414.0,0.0020202020202,0.2,5.45334143577e-18,0.0,0.875827884134,0.437913942067
0.8383838383838383,415.0,0.0020202020202,0.2,-2.55048257839e-18,0.0,0.875396350339,0.4376981751695
0.8404040404040404,416.0,0.0020202020202,0.2,-1.13607090089e-17,0.0,0.874944318107,0.4374721590535
0.8424242424242424,417.0,0.0020202020202,0.2,2.79452969546e-17,0.0,0.874439710699,0.4372198553495
0.8444444444444444,418.0,0.0020202020202,0.2,8.02414596571e-18,0.0,0.873882700907,0.4369413504535
0.8464646464646465,419.0,0.0020202020202,0.2,1.60834410433e-17,0.0,0.873273467586,0.436636733793
0.8484848484848485,420.0,0.0020202020202,0.2,1.46059356369e-18,0.0,0.872612195613,0.4363060978065
0.8505050505050505,421.0,0.0020202020202,0.2,1.49373966199e-18,0.0,0.872473768372,0.436236884186
0.8525252525252526,422.0,0.0020202020202,0.2,-8.20909035116e-18,0.0,0.872409249265,0.4362046246325
0.8545454545454545,423.0,0.0020202020202,0.2,2.08914631968e-17,0.0,0.872293321236,0.436146660618
0.8565656565656565,424.0,0.0020202020202,0.2,1.48173458175e-18,0.0,0.872126097814,0.436063048907
0.8585858585858586,425.0,0.0020202020202,0.2,-1.60828414754e-17,0.0,0.871907698791,0.4359538493955
0.8606060606060606,426.0,0.0020202020202,0.2,-1.90725369222e-18,0.0,0.871638250167,0.4358191250835
0.8626262626262626,427.0,0.0020202020202,0.2,1.86043220028e-17,0.0,0.871317884088,0.435658942044
0.8646464646464647,428.0,0.0020202020202,0.2,-7.53753594413e-18,0.0,0.870946738801,0.4354733694005
0.8666666666666667,429.0,0.0020202020202,0.2,-1.52750080285e-17,0.0,0.870524958594,0.435262479297
0.8686868686868687,430.0,0.0020202020202,0.2,-1.45290609134e-17,0.0,0.870052693758,0.435026346879
0.8707070707070707,431.0,0.0020202020202,0.2,-2.01339610126e-17,0.0,0.869530100535,0.4347650502675
0.8727272727272727,432.0,0.0020202020202,0.2,-8.70738024098e-18,0.0,0.868957341078,0.434478670539
0.8747474747474747,433.0,0.0020202020202,0.2,2.33456342839e-18,0.0,0.868334583412,0.434167291706
0.8767676767676768,434.0,0.0020202020202,0.2,-1.18977466542e-17,0.0,0.867662001392,0.433831000696
0.8787878787878788,435.0,0.0020202020202,0.2,2.58565226583e-17,0.0,0.86693977467,0.433469887335
0.8808080808080808,436.0,0.0020202020202,0.2,6.01298708084e-18,0.0,0.866858895453,0.4334294477265
0.8828282828282829,437.0,0.0020202020202,0.2,7.96909397461e-18,0.0,0.8667674664,0.4333837332
0.8848484848484849,438.0,0.0020202020202,0.2,3.36976656781e-17,0.0,0.866624413763,0.4333122068815
0.8868686868686869,439.0,0.0020202020202,0.2,7.52145458069e-18,0.0,0.86642984771,0.433214923855
0.8888888888888888,440.0,0.0020202020202,0.2,-8.55439221186e-18,0.0,0.866183885416,0.433091942708
0.8909090909090909,441.0,0.0020202020202,0.2,2.05765859055e-17,0.0,0.865886650997,0.4329433254985
0.8929292929292929,442.0,0.0020202020202,0.2,-5.90534961284e-18,0.0,0.865538275431,0.4327691377155
0.8949494949494949,443.0,0.0020202020202,0.2,-3.67539499539e-18,0.0,0.865138896497,0.4325694482485
0.896969696969697,444.0,0.0020202020202,0.2,5.80007748982e-19,0.0,0.864688658705,0.4323443293525
0.898989898989899,445.0,0.0020202020202,0.2,-4.50851726823e-18,0.0,0.864187713234,0.432093856617
0.901010101010101,446.0,0.0020202020202,0.2,2.12080431664e-17,0.0,0.86363621787,0.431818108935
0.9030303030303031,447.0,0.0020202020202,0.2,4.75154162006e-19,0.0,0.863034336949,0.4315171684745
0.9050505050505051,448.0,0.0020202020202,0.2,-3.72181235476e-18,0.0,0.8623822413,0.43119112065
0.907070707070707,449.0,0.0020202020202,0.2,8.22644579766e-18,0.0,0.861680108188,0.430840054094
0.9090909090909091,450.0,0.0020202020202,0.2,1.78484229043e-18,0.0,0.861403704017,0.4307018520085
0.9111111111111111,451.0,0.0020202020202,0.2,-1.53380512762e-17,0.0,0.861316621493,0.4306583107465
0.9131313131313131,452.0,0.0020202020202,0.2,-1.8849659213e-17,0.0,0.861180041822,0.430590020911
0.9151515151515152,453.0,0.0020202020202,0.2,1.2519545241e-17,0.0,0.860994062896,0.430497031448
0.9171717171717172,454.0,0.0020202020202,0.2,-8.20459287039e-19,0.0,0.860758789393,0.4303793946965
0.9191919191919192,455.0,0.0020202020202,0.2,-2.75468801322e-18,0.0,0.860474332702,0.430237166351
0.9212121212121213,456.0,0.0020202020202,0.2,-1.69878001843e-17,0.0,0.86014081086,0.43007040543
0.9232323232323232,457.0,0.0020202020202,0.2,4.77116316985e-18,0.0,0.859758348489,0.4298791742445
0.9252525252525252,458.0,0.0020202020202,0.2,2.40707346679e-18,0.0,0.859327076728,0.429663538364
0.9272727272727272,459.0,0.0020202020202,0.2,3.09046485116e-18,0.0,0.858847133177,0.4294235665885
0.9292929292929293,460.0,0.0020202020202,0.2,2.02624163854e-18,0.0,0.858318661834,0.429159330917
0.9313131313131313,461.0,0.0020202020202,0.2,5.44206812544e-18,0.0,0.857741813042,0.428870906521
0.9333333333333333,462.0,0.0020202020202,0.2,3.3649403775e-18,0.0,0.857116743428,0.428558371714
0.9353535353535354,463.0,0.0020202020202,0.2,-2.55093608975e-18,0.0,0.856614455738,0.428307227869
0.9373737373737374,464.0,0.0020202020202,0.2,-5.58913803131e-18,0.0,0.856572076934,0.428286038467
0.9393939393939394,465.0,0.0020202020202,0.2,4.30248271933e-18,0.0,0.856479875539,0.4282399377695
0.9414141414141414,466.0,0.0020202020202,0.2,-1.22067067105e-17,0.0,0.856337935371,0.4281689676855
0.9434343434343434,467.0,0.0020202020202,0.2,-2.00305849329e-18,0.0,0.856146347768,0.428073173884
0.9454545454545454,468.0,0.0020202020202,0.2,1.88167152805e-17,0.0,0.855905211501,0.4279526057505
0.9474747474747475,469.0,0.0020202020202,0.2,8.23988754946e-18,0.0,0.855614632695,0.4278073163475
0.9494949494949495,470.0,0.0020202020202,0.2,8.97147262225e-18,0.0,0.855274724752,0.427637362376
0.9515151515151515,471.0,0.0020202020202,0.2,-6.034961109e-18,0.0,0.854885608271,0.4274428041355
0.9535353535353536,472.0,0.0020202020202,0.2,6.71630826875e-18,0.0,0.854447410973,0.4272237054865
0.9555555555555556,473.0,0.0020202020202,0.2,-1.13470322663e-17,0.0,0.853960267629,0.4269801338145
0.9575757575757575,474.0,0.0020202020202,0.2,3.69423792534e-18,0.0,0.853424319988,0.426712159994
0.9595959595959596,475.0,0.0020202020202,0.2,-3.92929066407e-18,0.0,0.852839716705,0.4264198583525
0.9616161616161616,476.0,0.0020202020202,0.2,-4.19831768973e-17,0.0,0.852206613274,0.426103306637
0.9636363636363636,477.0,0.0020202020202,0.2,-3.38742436986e-18,0.0,0.851525171959,0.4257625859795
0.9656565656565657,478.0,0.0020202020202,0.2,8.25942968432e-18,0.0,0.851228748521,0.4256143742605
0.9676767676767677,479.0,0.0020202020202,0.2,-2.29744794029e-17,0.0,0.851077491254,0.425538745627
0.9696969696969697,480.0,0.0020202020202,0.2,-1.60354196716e-17,0.0,0.850876260473,0.4254381302365
0.9717171717171718,481.0,0.0020202020202,0.2,2.5472740256e-18,0.0,0.850625150095,0.4253125750475
0.9737373737373738,482.0,0.0020202020202,0.2,-1.9503945195e-17,0.0,0.850324262073,0.4251621310365
0.9757575757575757,483.0,0.0020202020202,0.2,-4.17348420645e-18,0.0,0.849973706312,0.424986853156
0.9777777777777777,484.0,0.0020202020202,0.2,-5.89884957118e-18,0.0,0.849573600571,0.4247868002855
0.9797979797979798,485.0,0.0020202020202,0.2,-5.30034360989e-18,0.0,0.849131586113,0.4245657930565
0.9818181818181818,486.0,0.0020202020202,0.2,-2.32939820382e-17,0.0,0.848748981969,0.4243744909845
0.9838383838383838,487.0,0.0020202020202,0.2,1.75635141703e-17,0.0,0.848319311872,0.424159655936
0.9858585858585859,488.0,0.0020202020202,0.2,-1.75868928297e-17,0.0,0.8478426994,0.4239213497
0.9878787878787879,489.0,0.0020202020202,0.2,9.646320498e-18,0.0,0.847319274842,0.423659637421
0.98989898989899,490.0,0.0020202020202,0.2,1.27442029676e-18,0.0,0.84674917513,0.423374587565
0.9919191919191919,491.0,0.0020202020202,0.2,-2.18090911748e-17,0.0,0.846386863918,0.423193431959
0.9939393939393939,492.0,0.0020202020202,0.2,-1.62560758402e-17,0.0,0.846345848336,0.423172924168
0.9959595959595959,493.0,0.0020202020202,0.2,-4.78114235581e-18,0.0,0.846256834447,0.4231284172235
0.997979797979798,494.0,0.0020202020202,0.2,-9.77199063247e-18,0.0,0.846119887331,0.4230599436655
1.0,495.0,0.0020202020202,0.2,4.74018513825e-19,0.0,0.845935079886,0.422967539943
1.002020202020202,496.0,0.0020202020202,0.2,3.01757729706e-17,0.0,0.845702492738,0.422851246369
1.004040404040404,497.0,0.0020202020202,0.2,5.8165924094e-18,0.0,0.845422214162,0.422711107081
1.006060606060606,498.0,0.0020202020202,0.2,2.90445719598e-17,0.0,0.845094339996,0.422547169998
1.0080808080808081,499.0,0.0020202020202,0.2,-5.23570225909e-18,0.0,0.844718973561,0.4223594867805
1.0101010101010102,500.0,0.0020202020202,0.2,3.68446491225e-17,0.0,0.844296225576,0.422148112788
1.0121212121212122,501.0,0.0020202020202,0.2,2.15654856761e-17,0.0,0.843826214085,0.4219131070425
1.0141414141414142,502.0,0.0020202020202,0.2,1.55731172802e-17,0.0,0.843309064375,0.4216545321875
1.0161616161616163,503.0,0.0020202020202,0.2,1.997785096e-18,0.0,0.842744908897,0.4213724544485
1.018181818181818,504.0,0.0020202020202,0.2,-1.06728156039e-17,0.0,0.842133887194,0.421066943597
1.02020202020202,505.0,0.0020202020202,0.2,7.00011359565e-18,0.0,0.841580540094,0.420790270047
1.0222222222222221,506.0,0.0020202020202,0.2,1.72473830935e-17,0.0,0.841445958047,0.4207229790235
1.0242424242424242,507.0,0.0020202020202,0.2,2.78471312864e-18,0.0,0.841263177912,0.420631588956
1.0262626262626262,508.0,0.0020202020202,0.2,-6.56695468717e-20,0.0,0.841032273091,0.4205161365455
1.0282828282828282,509.0,0.0020202020202,0.2,-5.58779312714e-18,0.0,0.840753325273,0.4203766626365
1.0303030303030303,510.0,0.0020202020202,0.2,2.08572012866e-17,0.0,0.840426424336,0.420213212168
1.0323232323232323,511.0,0.0020202020202,0.2,1.2027629875e-18,0.0,0.840051668257,0.4200258341285
1.0343434343434343,512.0,0.0020202020202,0.2,3.11050692367e-18,0.0,0.839629163019,0.4198145815095
1.0363636363636364,513.0,0.0020202020202,0.2,-2.63884885344e-18,0.0,0.839159022521,0.4195795112605
1.0383838383838384,514.0,0.0020202020202,0.2,-1.29608483082e-17,0.0,0.83864136849,0.419320684245
1.0404040404040404,515.0,0.0020202020202,0.2,1.1180587202e-17,0.0,0.838076330388,0.419038165194
1.0424242424242425,516.0,0.0020202020202,0.2,-1.34322003186e-17,0.0,0.837588101082,0.418794050541
1.0444444444444445,517.0,0.0020202020202,0.2,-6.54646323453e-19,0.0,0.837118015489,0.4185590077445
1.0464646464646465,518.0,0.0020202020202,0.2,3.74398137631e-18,0.0,0.836602763665,0.4183013818325
1.0484848484848486,519.0,0.0020202020202,0.2,-8.93739269511e-18,0.0,0.836321028705,0.4181605143525
1.0505050505050506,520.0,0.0020202020202,0.2,-2.19874134903e-17,0.0,0.836278089993,0.4181390449965
1.0525252525252524,521.0,0.0020202020202,0.2,8.01161161677e-18,0.0,0.836188910041,0.4180944550205
1.0545454545454545,522.0,0.0020202020202,0.2,-1.10294836121e-17,0.0,0.836053536614,0.418026768307
1.0565656565656565,523.0,0.0020202020202,0.2,-2.96013494118e-17,0.0,0.835872025484,0.417936012742
1.0585858585858585,524.0,0.0020202020202,0.2,-1.11180858551e-18,0.0,0.835644440345,0.4178222201725
1.0606060606060606,525.0,0.0020202020202,0.2,-1.86871720635e-18,0.0,0.835370852727,0.4176854263635
1.0626262626262626,526.0,0.0020202020202,0.2,1.10111440319e-17,0.0,0.835051341912,0.417525670956
1.0646464646464646,527.0,0.0020202020202,0.2,-1.48805042985e-17,0.0,0.834685994854,0.417342997427
1.0666666666666667,528.0,0.0020202020202,0.2,2.03658650933e-17,0.0,0.83427490609,0.417137453045
1.0686868686868687,529.0,0.0020202020202,0.2,-1.27064440276e-18,0.0,0.833818177663,0.4169090888315
1.0707070707070707,530.0,0.0020202020202,0.2,7.44551858477e-18,0.0,0.833315919037,0.4166579595185
1.0727272727272728,531.0,0.0020202020202,0.2,2.7780281265e-17,0.0,0.83276824702,0.41638412351
1.0747474747474748,532.0,0.0020202020202,0.2,-1.1371299774e-17,0.0,0.832175285679,0.4160876428395
1.0767676767676768,533.0,0.0020202020202,0.2,-1.07123454516e-18,0.0,0.831839118001,0.4159195590005
1.0787878787878789,534.0,0.0020202020202,0.2,-7.49644010815e-18,0.0,0.831664806798,0.415832403399
1.0808080808080809,535.0,0.0020202020202,0.2,1.11189554593e-17,0.0,0.831444073057,0.4157220365285
1.082828282828283,536.0,0.0020202020202,0.2,3.74662998735e-18,0.0,0.831176980383,0.4155884901915
1.084848484848485,537.0,0.0020202020202,0.2,-3.28475386404e-19,0.0,0.830863600725,0.4154318003625
1.0868686868686868,538.0,0.0020202020202,0.2,-3.33638051111e-18,0.0,0.830504014284,0.415252007142
1.0888888888888888,539.0,0.0020202020202,0.2,-2.10765717291e-17,0.0,0.830098309425,0.4150491547125
1.0909090909090908,540.0,0.0020202020202,0.2,1.91242462435e-18,0.0,0.829646582575,0.4148232912875
1.0929292929292929,541.0,0.0020202020202,0.2,-1.23845828659e-17,0.0,0.829148938144,0.414574469072
1.094949494949495,542.0,0.0020202020202,0.2,4.81038471482e-18,0.0,0.828605488426,0.414302744213
1.096969696969697,543.0,0.0020202020202,0.2,-7.20765421747e-19,0.0,0.82801635351,0.414008176755
1.098989898989899,544.0,0.0020202020202,0.2,2.03374816188e-17,0.0,0.827593576832,0.413796788416
1.101010101010101,545.0,0.0020202020202,0.2,9.12963151753e-18,0.0,0.827168868961,0.4135844344805
1.103030303030303,546.0,0.0020202020202,0.2,7.61751166228e-18,0.0,0.826700481403,0.4133502407015
1.105050505050505,547.0,0.0020202020202,0.2,7.03578197405e-18,0.0,0.826481214739,0.4132406073695
1.107070707070707,548.0,0.0020202020202,0.2,2.02915888943e-17,0.0,0.826425770454,0.413212885227
1.1090909090909091,549.0,0.0020202020202,0.2,1.92020149689e-17,0.0,0.826325779423,0.4131628897115
1.1111111111111112,550.0,0.0020202020202,0.2,-9.67407668569e-18,0.0,0.826181274755,0.4130906373775
1.1131313131313132,551.0,0.0020202020202,0.2,7.24884793345e-18,0.0,0.825992297662,0.412996148831
1.1151515151515152,552.0,0.0020202020202,0.2,2.13186258647e-17,0.0,0.825758897379,0.4128794486895
1.1171717171717173,553.0,0.0020202020202,0.2,1.46806948104e-17,0.0,0.825481131074,0.412740565537
1.1191919191919193,554.0,0.0020202020202,0.2,-2.84944247192e-18,0.0,0.825159063772,0.412579531886
1.121212121212121,555.0,0.0020202020202,0.2,4.92415994098e-18,0.0,0.824792768265,0.4123963841325
1.1232323232323231,556.0,0.0020202020202,0.2,1.21433421e-17,0.0,0.824382325034,0.412191162517
1.1252525252525252,557.0,0.0020202020202,0.2,1.63791315111e-17,0.0,0.823927822164,0.411963911082
1.1272727272727272,558.0,0.0020202020202,0.2,7.63599658073e-18,0.0,0.823429355263,0.4117146776315
1.1292929292929292,559.0,0.0020202020202,0.2,1.89739654744e-18,0.0,0.82288702738,0.41144351369
1.1313131313131313,560.0,0.0020202020202,0.2,1.90880213404e-18,0.0,0.822300948921,0.4111504744605
1.1333333333333333,561.0,0.0020202020202,0.2,-1.9868793198e-18,0.0,0.822087568299,0.4110437841495
1.1353535353535353,562.0,0.0020202020202,0.2,-6.67251767658e-18,0.0,0.821860502488,0.410930251244
1.1373737373737374,563.0,0.0020202020202,0.2,-1.41361015363e-17,0.0,0.821588721553,0.4107943607765
1.1393939393939394,564.0,0.0020202020202,0.2,1.84178884639e-18,0.0,0.821272282892,0.410636141446
1.1414141414141414,565.0,0.0020202020202,0.2,-5.26797588817e-18,0.0,0.820911252229,0.4104556261145
1.1434343434343435,566.0,0.0020202020202,0.2,-5.58368263768e-18,0.0,0.820505703517,0.4102528517585
1.1454545454545455,567.0,0.0020202020202,0.2,-1.53247774659e-17,0.0,0.820055718849,0.4100278594245
1.1474747474747475,568.0,0.0020202020202,0.2,-1.15280440381e-17,0.0,0.819561388371,0.4097806941855
1.1494949494949496,569.0,0.0020202020202,0.2,-3.43958676217e-18,0.0,0.819022810183,0.4095114050915
1.1515151515151516,570.0,0.0020202020202,0.2,-1.29683379485e-17,0.0,0.818533393641,0.4092666968205
1.1535353535353536,571.0,0.0020202020202,0.2,3.97617776855e-18,0.0,0.818223041677,0.4091115208385
1.1555555555555554,572.0,0.0020202020202,0.2,-4.98453686669e-18,0.0,0.81787033345,0.408935166725
1.1575757575757575,573.0,0.0020202020202,0.2,1.01824307444e-17,0.0,0.817475338933,0.4087376694665
1.1595959595959595,574.0,0.0020202020202,0.2,1.21211838106e-17,0.0,0.817038135339,0.4085190676695
1.1616161616161615,575.0,0.0020202020202,0.2,1.18752196714e-17,0.0,0.816873885145,0.4084369425725
1.1636363636363636,576.0,0.0020202020202,0.2,-6.83803756076e-18,0.0,0.816788438022,0.408394219011
1.1656565656565656,577.0,0.0020202020202,0.2,-5.28977030941e-18,0.0,0.816660076237,0.4083300381185
1.1676767676767676,578.0,0.0020202020202,0.2,2.57670034052e-18,0.0,0.816488822266,0.408244411133
1.1696969696969697,579.0,0.0020202020202,0.2,-1.72100293844e-17,0.0,0.816274706701,0.4081373533505
1.1717171717171717,580.0,0.0020202020202,0.2,-9.42573500592e-18,0.0,0.81601776817,0.408008884085
1.1737373737373737,581.0,0.0020202020202,0.2,1.66624003195e-17,0.0,0.815718053252,0.407859026626
1.1757575757575758,582.0,0.0020202020202,0.2,-7.27094733521e-18,0.0,0.8153756164,0.4076878082
1.1777777777777778,583.0,0.0020202020202,0.2,-3.10263789314e-18,0.0,0.814990519856,0.407495259928
1.1797979797979798,584.0,0.0020202020202,0.2,1.76702426839e-17,0.0,0.814562833571,0.4072814167855
1.1818181818181819,585.0,0.0020202020202,0.2,-1.8943078359e-17,0.0,0.814092635124,0.407046317562
1.183838383838384,586.0,0.0020202020202,0.2,5.2026478886e-18,0.0,0.813580009638,0.406790004819
1.185858585858586,587.0,0.0020202020202,0.2,-2.5751904531e-18,0.0,0.8130250497,0.40651252485
1.187878787878788,588.0,0.0020202020202,0.2,-7.35156359397e-18,0.0,0.812480309708,0.406240154854
1.1898989898989898,589.0,0.0020202020202,0.2,8.84074040618e-18,0.0,0.812224421742,0.406112210871
1.1919191919191918,590.0,0.0020202020202,0.2,-3.02859424641e-18,0.0,0.811925428661,0.4059627143305
1.1939393939393939,591.0,0.0020202020202,0.2,7.91394082677e-18,0.0,0.811583378006,0.405791689003
1.195959595959596,592.0,0.0020202020202,0.2,1.0705722264e-17,0.0,0.811198325625,0.4055991628125
1.197979797979798,593.0,0.0020202020202,0.2,1.46405764722e-17,0.0,0.810770335587,0.4053851677935
1.2,594.0,0.0020202020202,0.2,-1.24277083927e-17,0.0,0.810299480092,0.405149740046
1.202020202020202,595.0,0.0020202020202,0.2,-4.46949116599e-18,0.0,0.809785839379,0.4048929196895
1.204040404040404,596.0,0.0020202020202,0.2,3.72879149728e-17,0.0,0.809528769898,0.404764384949
1.206060606060606,597.0,0.0020202020202,0.2,-1.17763870901e-17,0.0,0.809304293987,0.4046521469935
1.208080808080808,598.0,0.0020202020202,0.2,7.79091650837e-18,0.0,0.809038856565,0.4045194282825
1.2101010101010101,599.0,0.0020202020202,0.2,-9.62867720601e-18,0.0,0.808732498253,0.4043662491265
1.2121212121212122,600.0,0.0020202020202,0.2,3.10506062115e-18,0.0,0.808385267099,0.4041926335495
1.2141414141414142,601.0,0.0020202020202,0.2,-1.9473980152e-17,0.0,0.807997218512,0.403998609256
1.2161616161616162,602.0,0.0020202020202,0.2,-6.75931287135e-18,0.0,0.80756841518,0.40378420759
1.2181818181818183,603.0,0.0020202020202,0.2,1.04415569721e-17,0.0,0.807423262367,0.4037116311835
1.2202020202020203,604.0,0.0020202020202,0.2,-1.74956075145e-18,0.0,0.807284106808,0.403642053404
1.2222222222222223,605.0,0.0020202020202,0.2,1.95323707728e-18,0.0,0.80710360695,0.403551803475
1.2242424242424241,606.0,0.0020202020202,0.2,6.04825158071e-18,0.0,0.806881779977,0.4034408899885
1.2262626262626262,607.0,0.0020202020202,0.2,-3.07714916145e-18,0.0,0.80661865112,0.40330932556
1.2282828282828282,608.0,0.0020202020202,0.2,7.7322132495e-18,0.0,0.806314253581,0.4031571267905
1.2303030303030302,609.0,0.0020202020202,0.2,5.65302899234e-18,0.0,0.805968628452,0.402984314226
1.2323232323232323,610.0,0.0020202020202,0.2,-9.21110512325e-19,0.0,0.805581824636,0.402790912318
1.2343434343434343,611.0,0.0020202020202,0.2,1.21417494522e-17,0.0,0.805153898767,0.4025769493835
1.2363636363636363,612.0,0.0020202020202,0.2,1.99610314296e-17,0.0,0.804684915133,0.4023424575665
1.2383838383838384,613.0,0.0020202020202,0.2,3.98376448478e-19,0.0,0.804174945592,0.402087472796
1.2404040404040404,614.0,0.0020202020202,0.2,-9.3832006501e-18,0.0,0.803624069492,0.401812034746
1.2424242424242424,615.0,0.0020202020202,0.2,-2.07419237759e-17,0.0,0.803032373593,0.4015161867965
1.2444444444444445,616.0,0.0020202020202,0.2,1.10458428193e-17,0.0,0.802399951983,0.4011999759915
1.2464646464646465,617.0,0.0020202020202,0.2,3.01739661695e-17,0.0,0.802040483556,0.401020241778
1.2484848484848485,618.0,0.0020202020202,0.2,9.98210223675e-18,0.0,0.801645093646,0.400822546823
1.2505050505050506,619.0,0.0020202020202,0.2,5.11154032454e-18,0.0,0.801208278496,0.400604139248
1.2525252525252526,620.0,0.0020202020202,0.2,-6.99424685145e-18,0.0,0.80089059095,0.400445295475
1.2545454545454546,621.0,0.0020202020202,0.2,-3.21167984969e-18,0.0,0.800796429741,0.4003982148705
1.2565656565656567,622.0,0.0020202020202,0.2,-1.48505881066e-17,0.0,0.800662728163,0.4003313640815
1.2585858585858585,623.0,0.0020202020202,0.2,-1.34625447057e-18,0.0,0.800489487496,0.400244743748
1.2606060606060605,624.0,0.0020202020202,0.2,-1.21331148637e-18,0.0,0.800276716701,0.4001383583505
1.2626262626262625,625.0,0.0020202020202,0.2,-9.72548461335e-19,0.0,0.800024432343,0.4000122161715
1.2646464646464646,626.0,0.0020202020202,0.2,-1.25244921362e-17,0.0,0.799732658527,0.3998663292635
1.2666666666666666,627.0,0.0020202020202,0.2,1.18513673709e-17,0.0,0.799401426826,0.399700713413
1.2686868686868686,628.0,0.0020202020202,0.2,-3.04383838296e-18,0.0,0.799030776208,0.399515388104
1.2707070707070707,629.0,0.0020202020202,0.2,2.31682060103e-18,0.0,0.798620752969,0.3993103764845
1.2727272727272727,630.0,0.0020202020202,0.2,2.03708109427e-17,0.0,0.798171410656,0.399085705328
1.2747474747474747,631.0,0.0020202020202,0.2,2.22016847355e-17,0.0,0.797939281794,0.398969640897
1.2767676767676768,632.0,0.0020202020202,0.2,1.79649777301e-17,0.0,0.79771748036,0.39885874018
1.2787878787878788,633.0,0.0020202020202,0.2,4.55529015981e-18,0.0,0.797455851487,0.3987279257435
1.2808080808080808,634.0,0.0020202020202,0.2,-9.8071377115e-19,0.0,0.797154413524,0.398577206762
1.2828282828282829,635.0,0.0020202020202,0.2,-4.10450130345e-18,0.0,0.796813192728,0.398406596364
1.284848484848485,636.0,0.0020202020202,0.2,-3.4668338239e-19,0.0,0.796432223178,0.398216111589
1.286868686868687,637.0,0.0020202020202,0.2,-1.41680355505e-17,0.0,0.796011546706,0.398005773353
1.288888888888889,638.0,0.0020202020202,0.2,8.26805166322e-18,0.0,0.795551212815,0.3977756064075
1.290909090909091,639.0,0.0020202020202,0.2,2.9298889399e-18,0.0,0.795051278601,0.3975256393005
1.2929292929292928,640.0,0.0020202020202,0.2,-7.4208003661e-18,0.0,0.794511808678,0.397255904339
1.2949494949494949,641.0,0.0020202020202,0.2,-1.45489129191e-17,0.0,0.793932875095,0.3969664375475
1.2969696969696969,642.0,0.0020202020202,0.2,-8.39037453651e-18,0.0,0.793314557256,0.396657278628
1.298989898989899,643.0,0.0020202020202,0.2,7.6888080152e-18,0.0,0.792656941846,0.396328470923
1.301010101010101,644.0,0.0020202020202,0.2,3.07188684594e-18,0.0,0.792246537293,0.3961232686465
1.303030303030303,645.0,0.0020202020202,0.2,-1.44736610216e-17,0.0,0.79219840765,0.396099203825
1.305050505050505,646.0,0.0020202020202,0.2,2.62882909591e-18,0.0,0.792151196762,0.396075598381
1.307070707070707,647.0,0.0020202020202,0.2,-2.43730409762e-18,0.0,0.792065930403,0.3960329652015
1.309090909090909,648.0,0.0020202020202,0.2,4.988417645e-18,0.0,0.791942585062,0.395971292531
1.3111111111111111,649.0,0.0020202020202,0.2,1.62726993388e-18,0.0,0.791781144983,0.3958905724915
1.3131313131313131,650.0,0.0020202020202,0.2,-1.38541853878e-17,0.0,0.791581602101,0.3957908010505
1.3151515151515152,651.0,0.0020202020202,0.2,7.0906465348e-18,0.0,0.791343955975,0.3956719779875
1.3171717171717172,652.0,0.0020202020202,0.2,-7.17764166639e-18,0.0,0.791068213722,0.395534106861
1.3191919191919192,653.0,0.0020202020202,0.2,-3.56372733529e-18,0.0,0.790754389954,0.395377194977
1.3212121212121213,654.0,0.0020202020202,0.2,-1.0709561857e-17,0.0,0.790402506704,0.395201253352
1.3232323232323233,655.0,0.0020202020202,0.2,-4.35491497339e-19,0.0,0.790012593362,0.395006296681
1.3252525252525253,656.0,0.0020202020202,0.2,-1.56545226458e-17,0.0,0.789584686605,0.3947923433025
1.3272727272727274,657.0,0.0020202020202,0.2,5.25322976863e-19,0.0,0.789118830329,0.3945594151645
1.3292929292929292,658.0,0.0020202020202,0.2,-3.13731415198e-18,0.0,0.788615075574,0.394307537787
1.3313131313131312,659.0,0.0020202020202,0.2,8.28975718923e-18,0.0,0.788081916465,0.3940409582325
1.3333333333333333,660.0,0.0020202020202,0.2,-1.12107318043e-17,0.0,0.787744511871,0.3938722559355
1.3353535353535353,661.0,0.0020202020202,0.2,2.46720784809e-18,0.0,0.787368767229,0.3936843836145
1.3373737373737373,662.0,0.0020202020202,0.2,3.46810603465e-18,0.0,0.786954709315,0.3934773546575
1.3393939393939394,663.0,0.0020202020202,0.2,1.68390339246e-18,0.0,0.786502372583,0.3932511862915
1.3414141414141414,664.0,0.0020202020202,0.2,-5.88610637068e-18,0.0,0.786011799091,0.3930058995455
1.3434343434343434,665.0,0.0020202020202,0.2,1.15889097301e-17,0.0,0.785483038427,0.3927415192135
1.3454545454545455,666.0,0.0020202020202,0.2,-3.85592624035e-18,0.0,0.784932199322,0.392466099661
1.3474747474747475,667.0,0.0020202020202,0.2,-1.4737071675e-19,0.0,0.784804872498,0.392402436249
1.3494949494949495,668.0,0.0020202020202,0.2,-2.14737190341e-18,0.0,0.784641168245,0.3923205841225
1.3515151515151516,669.0,0.0020202020202,0.2,-7.42452837437e-18,0.0,0.784441072803,0.3922205364015
1.3535353535353536,670.0,0.0020202020202,0.2,1.52051250424e-18,0.0,0.7842045796,0.3921022898
1.3555555555555556,671.0,0.0020202020202,0.2,3.94405170031e-18,0.0,0.7839316892,0.3919658446
1.3575757575757577,672.0,0.0020202020202,0.2,7.5092138897e-18,0.0,0.783622409236,0.391811204618
1.3595959595959597,673.0,0.0020202020202,0.2,5.79183116761e-18,0.0,0.783400035374,0.391700017687
1.3616161616161617,674.0,0.0020202020202,0.2,-6.15062181353e-18,0.0,0.783244317956,0.391622158978
1.3636363636363635,675.0,0.0020202020202,0.2,2.06771709698e-17,0.0,0.783051904727,0.3915259523635
1.3656565656565656,676.0,0.0020202020202,0.2,-4.54761720186e-19,0.0,0.782822779056,0.391411389528
1.3676767676767676,677.0,0.0020202020202,0.2,-3.75054832313e-18,0.0,0.782556931869,0.3912784659345
1.3696969696969696,678.0,0.0020202020202,0.2,3.56584095523e-18,0.0,0.78225436159,0.391127180795
1.3717171717171717,679.0,0.0020202020202,0.2,-4.66515151983e-18,0.0,0.781915074075,0.3909575370375
1.3737373737373737,680.0,0.0020202020202,0.2,8.29725362097e-18,0.0,0.781539082549,0.3907695412745
1.3757575757575757,681.0,0.0020202020202,0.2,-4.97121432949e-18,0.0,0.781126407535,0.3905632037675
1.3777777777777778,682.0,0.0020202020202,0.2,-1.30650316986e-18,0.0,0.780677076794,0.390338538397
1.3797979797979798,683.0,0.0020202020202,0.2,-1.02854382643e-17,0.0,0.780191125256,0.390095562628
1.3818181818181818,684.0,0.0020202020202,0.2,-7.6178524181e-18,0.0,0.779668594948,0.389834297474
1.3838383838383839,685.0,0.0020202020202,0.2,-7.90803619125e-19,0.0,0.77910953493,0.389554767465
1.385858585858586,686.0,0.0020202020202,0.2,-2.18038655676e-17,0.0,0.778514001226,0.389257000613
1.387878787878788,687.0,0.0020202020202,0.2,7.17056340422e-18,0.0,0.777882056748,0.388941028374
1.38989898989899,688.0,0.0020202020202,0.2,-6.15998133949e-18,0.0,0.777213771232,0.388606885616
1.391919191919192,689.0,0.0020202020202,0.2,1.71494245864e-18,0.0,0.777184771015,0.3885923855075
1.393939393939394,690.0,0.0020202020202,0.2,4.81838858775e-18,0.0,0.777137437016,0.388568718508
1.395959595959596,691.0,0.0020202020202,0.2,4.07810725467e-18,0.0,0.777055166075,0.3885275830375
1.3979797979797979,692.0,0.0020202020202,0.2,7.46411769547e-18,0.0,0.776937913088,0.388468956544
1.4,693.0,0.0020202020202,0.2,-1.46032864697e-17,0.0,0.776785640243,0.3883928201215
1.402020202020202,694.0,0.0020202020202,0.2,-4.41303518009e-18,0.0,0.77659831697,0.388299158485
1.404040404040404,695.0,0.0020202020202,0.2,4.53255051135e-18,0.0,0.77637591989,0.388187959945
1.406060606060606,696.0,0.0020202020202,0.2,1.56650073227e-18,0.0,0.776118432753,0.3880592163765
1.408080808080808,697.0,0.0020202020202,0.2,5.63228916699e-18,0.0,0.775825846389,0.3879129231945
1.41010101010101,698.0,0.0020202020202,0.2,1.28259984034e-17,0.0,0.775498158652,0.387749079326
1.412121212121212,699.0,0.0020202020202,0.2,-2.68678598292e-19,0.0,0.775135374357,0.3875676871785
1.4141414141414141,700.0,0.0020202020202,0.2,-7.47668890468e-18,0.0,0.774737505227,0.3873687526135
1.4161616161616162,701.0,0.0020202020202,0.2,1.13768764966e-17,0.0,0.774304569833,0.3871522849165
1.4181818181818182,702.0,0.0020202020202,0.2,5.00429780975e-18,0.0,0.773836593532,0.386918296766
1.4202020202020202,703.0,0.0020202020202,0.2,-2.04191327462e-18,0.0,0.773352503316,0.386676251658
1.4222222222222223,704.0,0.0020202020202,0.2,1.25899906511e-17,0.0,0.772978290165,0.3864891450825
1.4242424242424243,705.0,0.0020202020202,0.2,-3.22417326051e-18,0.0,0.772568703593,0.3862843517965
1.4262626262626263,706.0,0.0020202020202,0.2,-1.05775523652e-17,0.0,0.772123756981,0.3860618784905
1.4282828282828284,707.0,0.0020202020202,0.2,-1.07852627887e-17,0.0,0.771643470876,0.385821735438
1.4303030303030304,708.0,0.0020202020202,0.2,-6.75145345256e-18,0.0,0.771127872923,0.3855639364615
1.4323232323232322,709.0,0.0020202020202,0.2,5.0003018599e-18,0.0,0.770576997802,0.385288498901
1.4343434343434343,710.0,0.0020202020202,0.2,-1.04947430103e-18,0.0,0.770030572928,0.385015286464
1.4363636363636363,711.0,0.0020202020202,0.2,1.12686311733e-17,0.0,0.769926959624,0.384963479812
1.4383838383838383,712.0,0.0020202020202,0.2,7.35821893496e-18,0.0,0.769789973103,0.3848949865515
1.4404040404040404,713.0,0.0020202020202,0.2,-2.9840285518e-18,0.0,0.769619574066,0.384809787033
1.4424242424242424,714.0,0.0020202020202,0.2,8.73110215689e-18,0.0,0.769415730013,0.3847078650065
1.4444444444444444,715.0,0.0020202020202,0.2,5.67324958025e-18,0.0,0.769231511616,0.384615755808
1.4464646464646465,716.0,0.0020202020202,0.2,-1.03851096338e-17,0.0,0.769107759248,0.384553879624
1.4484848484848485,717.0,0.0020202020202,0.2,-2.16790489552e-18,0.0,0.768950318713,0.3844751593565
1.4505050505050505,718.0,0.0020202020202,0.2,-1.22887784787e-17,0.0,0.768759145476,0.384379572738
1.4525252525252526,719.0,0.0020202020202,0.2,-1.76638112788e-19,0.0,0.768534202163,0.3842671010815
1.4545454545454546,720.0,0.0020202020202,0.2,1.90033136782e-18,0.0,0.768275458507,0.3841377292535
1.4565656565656566,721.0,0.0020202020202,0.2,1.3302792595e-18,0.0,0.767982891301,0.3839914456505
1.4585858585858587,722.0,0.0020202020202,0.2,-1.66467283108e-17,0.0,0.767656484338,0.383828242169
1.4606060606060607,723.0,0.0020202020202,0.2,1.13626987406e-17,0.0,0.767296228365,0.3836481141825
1.4626262626262627,724.0,0.0020202020202,0.2,-5.30733455362e-19,0.0,0.766902121026,0.383451060513
1.4646464646464648,725.0,0.0020202020202,0.2,-3.29277422518e-18,0.0,0.766474166803,0.3832370834015
1.4666666666666666,726.0,0.0020202020202,0.2,2.25574805683e-18,0.0,0.766012376962,0.383006188481
1.4686868686868686,727.0,0.0020202020202,0.2,-4.90968286435e-18,0.0,0.765516769496,0.382758384748
1.4707070707070706,728.0,0.0020202020202,0.2,-8.67785076597e-18,0.0,0.764987369068,0.382493684534
1.4727272727272727,729.0,0.0020202020202,0.2,8.12987244908e-18,0.0,0.764424206945,0.3822121034725
1.4747474747474747,730.0,0.0020202020202,0.2,-1.14468670951e-18,0.0,0.763827320947,0.3819136604735
1.4767676767676767,731.0,0.0020202020202,0.2,-1.03145802834e-17,0.0,0.76319941115,0.381599705575
1.4787878787878788,732.0,0.0020202020202,0.2,6.41868908182e-18,0.0,0.763183533452,0.381591766726
1.4808080808080808,733.0,0.0020202020202,0.2,-5.72556747048e-18,0.0,0.763135734131,0.3815678670655
1.4828282828282828,734.0,0.0020202020202,0.2,3.32820521447e-18,0.0,0.763055940174,0.381527970087
1.4848484848484849,735.0,0.0020202020202,0.2,-5.20987028392e-18,0.0,0.762944085454,0.381472042727
1.486868686868687,736.0,0.0020202020202,0.2,-1.19111988507e-17,0.0,0.762800110698,0.381400055349
1.488888888888889,737.0,0.0020202020202,0.2,-4.63219757101e-18,0.0,0.762623963436,0.381311981718
1.490909090909091,738.0,0.0020202020202,0.2,-2.55255514793e-18,0.0,0.76241559797,0.381207798985
1.492929292929293,739.0,0.0020202020202,0.2,-3.21808485394e-18,0.0,0.762174975319,0.3810874876595
1.494949494949495,740.0,0.0020202020202,0.2,5.98227030222e-18,0.0,0.761902063184,0.380951031592
1.496969696969697,741.0,0.0020202020202,0.2,-3.08619770764e-18,0.0,0.761596835899,0.3807984179495
1.498989898989899,742.0,0.0020202020202,0.2,4.77696136327e-18,0.0,0.761259274382,0.380629637191
1.501010101010101,743.0,0.0020202020202,0.2,-3.12357282488e-18,0.0,0.76088936609,0.380444683045
1.503030303030303,744.0,0.0020202020202,0.2,-5.05835689336e-18,0.0,0.760487104973,0.3802435524865
1.505050505050505,745.0,0.0020202020202,0.2,4.98282920244e-18,0.0,0.760052491417,0.3800262457085
1.507070707070707,746.0,0.0020202020202,0.2,-1.26866591757e-18,0.0,0.759585532203,0.3797927661015
1.509090909090909,747.0,0.0020202020202,0.2,3.66696832045e-18,0.0,0.759086240446,0.379543120223
1.511111111111111,748.0,0.0020202020202,0.2,-2.68391286236e-18,0.0,0.75855463555,0.379277317775
1.513131313131313,749.0,0.0020202020202,0.2,7.41717303552e-18,0.0,0.75799074315,0.378995371575
1.5151515151515151,750.0,0.0020202020202,0.2,-1.22691786473e-17,0.0,0.757394595063,0.3786972975315
1.5171717171717172,751.0,0.0020202020202,0.2,3.99678132457e-18,0.0,0.756766229225,0.3783831146125
1.5191919191919192,752.0,0.0020202020202,0.2,-1.48694491702e-18,0.0,0.756644137275,0.3783220686375
1.5212121212121212,753.0,0.0020202020202,0.2,1.02420076063e-17,0.0,0.75658164388,0.37829082194
1.5232323232323233,754.0,0.0020202020202,0.2,-3.32586978119e-18,0.0,0.756488663331,0.3782443316655
1.5252525252525253,755.0,0.0020202020202,0.2,8.51903177747e-18,0.0,0.756365127351,0.3781825636755
1.5272727272727273,756.0,0.0020202020202,0.2,-6.16103456106e-19,0.0,0.756210974104,0.378105487052
1.5292929292929294,757.0,0.0020202020202,0.2,-7.16399230636e-18,0.0,0.756026148154,0.378013074077
1.5313131313131314,758.0,0.0020202020202,0.2,1.34218766075e-18,0.0,0.755810600433,0.3779053002165
1.5333333333333334,759.0,0.0020202020202,0.2,3.77655887341e-18,0.0,0.755564288202,0.377782144101
1.5353535353535352,760.0,0.0020202020202,0.2,-4.48143534197e-18,0.0,0.755347402371,0.3776737011855
1.5373737373737373,761.0,0.0020202020202,0.2,-5.57973357477e-18,0.0,0.755111183257,0.3775555916285
1.5393939393939393,762.0,0.0020202020202,0.2,1.71519173148e-18,0.0,0.754843885788,0.377421942894
1.5414141414141413,763.0,0.0020202020202,0.2,1.44338606772e-17,0.0,0.754545468615,0.3772727343075
1.5434343434343434,764.0,0.0020202020202,0.2,-1.05166996984e-18,0.0,0.754215896974,0.377107948487
1.5454545454545454,765.0,0.0020202020202,0.2,-1.16878273601e-18,0.0,0.753855142643,0.3769275713215
1.5474747474747474,766.0,0.0020202020202,0.2,-7.36292288084e-18,0.0,0.753463183897,0.3767315919485
1.5494949494949495,767.0,0.0020202020202,0.2,-6.67599940504e-19,0.0,0.753040005462,0.376520002731
1.5515151515151515,768.0,0.0020202020202,0.2,-2.63504780568e-18,0.0,0.752585598467,0.3762927992335
1.5535353535353535,769.0,0.0020202020202,0.2,-4.89854125232e-18,0.0,0.752099960398,0.376049980199
1.5555555555555556,770.0,0.0020202020202,0.2,-3.59219614619e-18,0.0,0.751583095048,0.375791547524
1.5575757575757576,771.0,0.0020202020202,0.2,-1.42318467036e-18,0.0,0.751035012467,0.3755175062335
1.5595959595959596,772.0,0.0020202020202,0.2,-3.27431644241e-18,0.0,0.750562522548,0.375281261274
1.5616161616161617,773.0,0.0020202020202,0.2,4.78850088849e-18,0.0,0.750548010463,0.3752740052315
1.5636363636363637,774.0,0.0020202020202,0.2,6.3827984895e-19,0.0,0.750504379061,0.3752521895305
1.5656565656565657,775.0,0.0020202020202,0.2,5.54055059434e-18,0.0,0.750431533826,0.375215766913
1.5676767676767678,776.0,0.0020202020202,0.2,2.01259186751e-17,0.0,0.750329386704,0.375164693352
1.5696969696969696,777.0,0.0020202020202,0.2,-2.17483021154e-18,0.0,0.750197856082,0.375098928041
1.5717171717171716,778.0,0.0020202020202,0.2,-1.20293510049e-18,0.0,0.750036866753,0.3750184333765
1.5737373737373737,779.0,0.0020202020202,0.2,-4.62490935595e-18,0.0,0.749846349887,0.3749231749435
1.5757575757575757,780.0,0.0020202020202,0.2,-2.57607037608e-18,0.0,0.749626242998,0.374813121499
1.5777777777777777,781.0,0.0020202020202,0.2,-5.77680841299e-19,0.0,0.749376489912,0.374688244956
1.5797979797979798,782.0,0.0020202020202,0.2,-7.55326014444e-19,0.0,0.749097040727,0.3745485203635
1.5818181818181818,783.0,0.0020202020202,0.2,-8.53540355218e-18,0.0,0.748787851784,0.374393925892
1.5838383838383838,784.0,0.0020202020202,0.2,6.34065472737e-18,0.0,0.748448885626,0.374224442813
1.5858585858585859,785.0,0.0020202020202,0.2,-4.12455573527e-18,0.0,0.748080110957,0.3740400554785
1.587878787878788,786.0,0.0020202020202,0.2,8.28305112009e-18,0.0,0.747681502611,0.3738407513055
1.58989898989899,787.0,0.0020202020202,0.2,-3.78233237065e-18,0.0,0.7472530415,0.37362652075
1.591919191919192,788.0,0.0020202020202,0.2,-3.07282498329e-18,0.0,0.746794714585,0.3733973572925
1.593939393939394,789.0,0.0020202020202,0.2,4.82976678893e-18,0.0,0.746306514822,0.373153257411
1.595959595959596,790.0,0.0020202020202,0.2,4.44536948235e-18,0.0,0.745788441126,0.372894220563
1.597979797979798,791.0,0.0020202020202,0.2,1.74772987732e-18,0.0,0.745240498324,0.372620249162
1.6,792.0,0.0020202020202,0.2,3.29460204962e-18,0.0,0.744897145968,0.372448572984
1.6020202020202021,793.0,0.0020202020202,0.2,7.9397956471e-18,0.0,0.744864014513,0.3724320072565
1.604040404040404,794.0,0.0020202020202,0.2,1.06578004907e-17,0.0,0.744803130096,0.372401565048
1.606060606060606,795.0,0.0020202020202,0.2,-4.97215147876e-18,0.0,0.744714397622,0.372357198811
1.608080808080808,796.0,0.0020202020202,0.2,1.14107563905e-17,0.0,0.744597728071,0.3722988640355
1.61010101010101,797.0,0.0020202020202,0.2,-1.05357918541e-17,0.0,0.744453038477,0.3722265192385
1.612121212121212,798.0,0.0020202020202,0.2,6.19063690345e-18,0.0,0.744280251906,0.372140125953
1.614141414141414,799.0,0.0020202020202,0.2,-3.50735560995e-18,0.0,0.744079297421,0.3720396487105
1.6161616161616161,800.0,0.0020202020202,0.2,7.52753809324e-18,0.0,0.743850110064,0.371925055032
1.6181818181818182,801.0,0.0020202020202,0.2,1.31781886554e-18,0.0,0.74359263082,0.37179631541
1.6202020202020202,802.0,0.0020202020202,0.2,7.60658647403e-18,0.0,0.743306806592,0.371653403296
1.6222222222222222,803.0,0.0020202020202,0.2,1.48701460151e-17,0.0,0.742992590165,0.3714962950825
1.6242424242424243,804.0,0.0020202020202,0.2,3.74661241024e-18,0.0,0.742649940181,0.3713249700905
1.6262626262626263,805.0,0.0020202020202,0.2,8.95303074997e-18,0.0,0.742278821096,0.371139410548
1.6282828282828283,806.0,0.0020202020202,0.2,4.98269251274e-18,0.0,0.741879203155,0.3709396015775
1.6303030303030304,807.0,0.0020202020202,0.2,4.62863133898e-18,0.0,0.74145106235,0.370725531175
1.6323232323232324,808.0,0.0020202020202,0.2,-1.41052424995e-18,0.0,0.740994380389,0.3704971901945
1.6343434343434344,809.0,0.0020202020202,0.2,-8.87740144221e-18,0.0,0.740509144652,0.370254572326
1.6363636363636365,810.0,0.0020202020202,0.2,-4.6924864348e-18,0.0,0.739995348158,0.369997674079
1.6383838383838383,811.0,0.0020202020202,0.2,6.85795444648e-18,0.0,0.739452989525,0.3697264947625
1.6404040404040403,812.0,0.0020202020202,0.2,7.9196675046e-18,0.0,0.739264554277,0.3696322771385
1.6424242424242423,813.0,0.0020202020202,0.2,-3.91032822014e-18,0.0,0.739217209385,0.3696086046925
1.6444444444444444,814.0,0.0020202020202,0.2,-3.74108585979e-18,0.0,0.739143447276,0.369571723638
1.6464646464646464,815.0,0.0020202020202,0.2,9.21381549684e-18,0.0,0.739043171235,0.3695215856175
1.6484848484848484,816.0,0.0020202020202,0.2,-2.58811182033e-18,0.0,0.738916290268,0.369458145134
1.6505050505050505,817.0,0.0020202020202,0.2,-7.1340092648e-18,0.0,0.738762719081,0.3693813595405
1.6525252525252525,818.0,0.0020202020202,0.2,4.93340364361e-18,0.0,0.738582378056,0.369291189028
1.6545454545454545,819.0,0.0020202020202,0.2,1.01086728587e-17,0.0,0.738375193233,0.3691875966165
1.6565656565656566,820.0,0.0020202020202,0.2,-1.99154720015e-18,0.0,0.738141096286,0.369070548143
1.6585858585858586,821.0,0.0020202020202,0.2,2.2802914597e-18,0.0,0.737880024498,0.368940012249
1.6606060606060606,822.0,0.0020202020202,0.2,-4.0659478458e-19,0.0,0.737591920736,0.368795960368
1.6626262626262627,823.0,0.0020202020202,0.2,-2.78385718682e-18,0.0,0.737276733426,0.368638366713
1.6646464646464647,824.0,0.0020202020202,0.2,6.10314626017e-18,0.0,0.736934416523,0.3684672082615
1.6666666666666667,825.0,0.0020202020202,0.2,-1.82491839424e-18,0.0,0.736564929484,0.368282464742
1.6686868686868688,826.0,0.0020202020202,0.2,9.64295016792e-18,0.0,0.736168237238,0.368084118619
1.6707070707070708,827.0,0.0020202020202,0.2,-6.9399383096e-18,0.0,0.735744310155,0.3678721550775
1.6727272727272726,828.0,0.0020202020202,0.2,1.35144806414e-17,0.0,0.735293124016,0.367646562008
1.6747474747474747,829.0,0.0020202020202,0.2,-8.52002136925e-18,0.0,0.734814659978,0.367407329989
1.6767676767676767,830.0,0.0020202020202,0.2,-1.11968134479e-17,0.0,0.734592792043,0.3672963960215
1.6787878787878787,831.0,0.0020202020202,0.2,-3.12197104737e-18,0.0,0.734558828659,0.3672794143295
1.6808080808080808,832.0,0.0020202020202,0.2,-1.81728973143e-18,0.0,0.734499607688,0.367249803844
1.6828282828282828,833.0,0.0020202020202,0.2,-5.45389355261e-18,0.0,0.734415013138,0.367207506569
1.6848484848484848,834.0,0.0020202020202,0.2,-2.98043756037e-18,0.0,0.734304934736,0.367152467368
1.6868686868686869,835.0,0.0020202020202,0.2,3.93839046264e-18,0.0,0.73416926791,0.367084633955
1.6888888888888889,836.0,0.0020202020202,0.2,1.27034791496e-17,0.0,0.734007913782,0.367003956891
1.690909090909091,837.0,0.0020202020202,0.2,8.35753277949e-18,0.0,0.733820779142,0.366910389571
1.692929292929293,838.0,0.0020202020202,0.2,-3.21691740252e-18,0.0,0.733607776439,0.3668038882195
1.694949494949495,839.0,0.0020202020202,0.2,-4.87425579689e-18,0.0,0.733368823755,0.3666844118775
1.696969696969697,840.0,0.0020202020202,0.2,4.11119260796e-18,0.0,0.73310384479,0.366551922395
1.698989898989899,841.0,0.0020202020202,0.2,2.08961932689e-18,0.0,0.732812768839,0.3664063844195
1.701010101010101,842.0,0.0020202020202,0.2,-4.01630725182e-19,0.0,0.732495530768,0.366247765384
1.7030303030303031,843.0,0.0020202020202,0.2,-1.05299281954e-17,0.0,0.732152070992,0.366076035496
1.7050505050505051,844.0,0.0020202020202,0.2,-3.4055798913e-18,0.0,0.73178233545,0.365891167725
1.707070707070707,845.0,0.0020202020202,0.2,2.22400777647e-18,0.0,0.731386275577,0.3656931377885
1.709090909090909,846.0,0.0020202020202,0.2,8.65867888327e-18,0.0,0.730963848281,0.3654819241405
1.711111111111111,847.0,0.0020202020202,0.2,2.02545800363e-17,0.0,0.730515015908,0.365257507954
1.713131313131313,848.0,0.0020202020202,0.2,1.15506599622e-17,0.0,0.730097781564,0.365048890782
1.715151515151515,849.0,0.0020202020202,0.2,7.48485835356e-18,0.0,0.7300844199,0.36504220995
1.7171717171717171,850.0,0.0020202020202,0.2,4.32003685229e-18,0.0,0.730047163702,0.365023581851
1.7191919191919192,851.0,0.0020202020202,0.2,9.01487383559e-18,0.0,0.729985888047,0.3649929440235
1.7212121212121212,852.0,0.0020202020202,0.2,-1.16337824021e-17,0.0,0.729900473415,0.3649502367075
1.7232323232323232,853.0,0.0020202020202,0.2,3.43056270344e-18,0.0,0.729790805681,0.3648954028405
1.7252525252525253,854.0,0.0020202020202,0.2,3.68339637454e-18,0.0,0.729656776109,0.3648283880545
1.7272727272727273,855.0,0.0020202020202,0.2,-6.75981581303e-18,0.0,0.729498281334,0.364749140667
1.7292929292929293,856.0,0.0020202020202,0.2,1.35861908749e-17,0.0,0.729315223359,0.3646576116795
1.7313131313131314,857.0,0.0020202020202,0.2,7.63241901971e-18,0.0,0.729107509535,0.3645537547675
1.7333333333333334,858.0,0.0020202020202,0.2,5.84285883553e-18,0.0,0.728875052552,0.364437526276
1.7353535353535354,859.0,0.0020202020202,0.2,1.27960727351e-17,0.0,0.728617770419,0.3643088852095
1.7373737373737375,860.0,0.0020202020202,0.2,1.22082359751e-17,0.0,0.72833558645,0.364167793225
1.7393939393939395,861.0,0.0020202020202,0.2,1.82189281437e-18,0.0,0.728028429244,0.364014214622
1.7414141414141413,862.0,0.0020202020202,0.2,1.64686015669e-17,0.0,0.727696232669,0.3638481163345
1.7434343434343433,863.0,0.0020202020202,0.2,6.07025679871e-18,0.0,0.727338935838,0.363669467919
1.7454545454545454,864.0,0.0020202020202,0.2,-4.48677414283e-18,0.0,0.726956483092,0.363478241546
1.7474747474747474,865.0,0.0020202020202,0.2,4.5702611704e-18,0.0,0.726548823971,0.3632744119855
1.7494949494949494,866.0,0.0020202020202,0.2,3.43818942757e-18,0.0,0.7261159132,0.3630579566
1.7515151515151515,867.0,0.0020202020202,0.2,2.25652007808e-18,0.0,0.725836152546,0.362918076273
1.7535353535353535,868.0,0.0020202020202,0.2,-3.19477443593e-19,0.0,0.725816907008,0.362908453504
1.7555555555555555,869.0,0.0020202020202,0.2,-3.18469832924e-18,0.0,0.725774948833,0.3628874744165
1.7575757575757576,870.0,0.0020202020202,0.2,-2.98470906488e-18,0.0,0.725710150192,0.362855075096
1.7595959595959596,871.0,0.0020202020202,0.2,-1.11277414392e-18,0.0,0.725622388355,0.3628111941775
1.7616161616161616,872.0,0.0020202020202,0.2,-1.27406433875e-18,0.0,0.725511545685,0.3627557728425
1.7636363636363637,873.0,0.0020202020202,0.2,-3.17740637674e-18,0.0,0.725377509636,0.362688754818
1.7656565656565657,874.0,0.0020202020202,0.2,1.04582171362e-17,0.0,0.725220172741,0.3626100863705
1.7676767676767677,875.0,0.0020202020202,0.2,2.3545263378e-18,0.0,0.72503943261,0.362519716305
1.7696969696969698,876.0,0.0020202020202,0.2,3.44628074785e-18,0.0,0.724835191916,0.362417595958
1.7717171717171718,877.0,0.0020202020202,0.2,4.80837832472e-18,0.0,0.724607358388,0.362303679194
1.7737373737373738,878.0,0.0020202020202,0.2,4.84631527439e-18,0.0,0.724355844801,0.3621779224005
1.7757575757575756,879.0,0.0020202020202,0.2,-1.3128353094e-17,0.0,0.724080568959,0.3620402844795
1.7777777777777777,880.0,0.0020202020202,0.2,-3.23363704196e-18,0.0,0.723781453684,0.361890726842
1.7797979797979797,881.0,0.0020202020202,0.2,-6.63046433432e-18,0.0,0.7234584268,0.3617292134
1.7818181818181817,882.0,0.0020202020202,0.2,1.87611725364e-18,0.0,0.723111421121,0.3615557105605
1.7838383838383838,883.0,0.0020202020202,0.2,1.73075775212e-17,0.0,0.722740374428,0.361370187214
1.7858585858585858,884.0,0.0020202020202,0.2,1.13803977932e-17,0.0,0.722345229454,0.361172614727
1.7878787878787878,885.0,0.0020202020202,0.2,-8.83329495654e-18,0.0,0.721925933867,0.3609629669335
1.7898989898989899,886.0,0.0020202020202,0.2,-1.01955971471e-18,0.0,0.721879714855,0.3609398574275
1.791919191919192,887.0,0.0020202020202,0.2,-4.87767158343e-18,0.0,0.721852450182,0.360926225091
1.793939393939394,888.0,0.0020202020202,0.2,1.0542524281e-17,0.0,0.721803583771,0.3609017918855
1.795959595959596,889.0,0.0020202020202,0.2,-1.28392456757e-17,0.0,0.721732985374,0.360866492687
1.797979797979798,890.0,0.0020202020202,0.2,-1.43221765862e-17,0.0,0.721640529556,0.360820264778
1.8,891.0,0.0020202020202,0.2,1.4788527419e-17,0.0,0.721526095695,0.3607630478475
1.802020202020202,892.0,0.0020202020202,0.2,9.33661687446e-18,0.0,0.72138956798,0.36069478399
1.804040404040404,893.0,0.0020202020202,0.2,4.00933428603e-18,0.0,0.721230835408,0.360615417704
1.8060606060606061,894.0,0.0020202020202,0.2,-2.40785558335e-18,0.0,0.72104979178,0.36052489589
1.8080808080808082,895.0,0.0020202020202,0.2,2.55498898823e-17,0.0,0.720846335695,0.3604231678475
1.8101010101010102,896.0,0.0020202020202,0.2,6.36332980698e-18,0.0,0.720620370545,0.3603101852725
1.812121212121212,897.0,0.0020202020202,0.2,-1.4791317338e-17,0.0,0.720371804508,0.360185902254
1.814141414141414,898.0,0.0020202020202,0.2,1.14092786656e-17,0.0,0.720100550537,0.3600502752685
1.816161616161616,899.0,0.0020202020202,0.2,5.95473810267e-18,0.0,0.71980652635,0.359903263175
1.8181818181818181,900.0,0.0020202020202,0.2,-1.65423701651e-17,0.0,0.719489654422,0.359744827211
1.8202020202020202,901.0,0.0020202020202,0.2,7.42276407972e-18,0.0,0.719149861971,0.3595749309855
1.8222222222222222,902.0,0.0020202020202,0.2,1.17859677997e-17,0.0,0.718787080945,0.3593935404725
1.8242424242424242,903.0,0.0020202020202,0.2,4.38534724094e-19,0.0,0.718401248009,0.3592006240045
1.8262626262626263,904.0,0.0020202020202,0.2,-4.21495070242e-18,0.0,0.718289697093,0.3591448485465
1.8282828282828283,905.0,0.0020202020202,0.2,-2.0175752541e-17,0.0,0.71827205974,0.35913602987
1.8303030303030303,906.0,0.0020202020202,0.2,-2.47481577988e-18,0.0,0.718233986013,0.3591169930065
1.8323232323232324,907.0,0.0020202020202,0.2,1.18208927785e-17,0.0,0.718175339326,0.359087669663
1.8343434343434344,908.0,0.0020202020202,0.2,1.92687496437e-18,0.0,0.718095987638,0.359047993819
1.8363636363636364,909.0,0.0020202020202,0.2,3.43539868277e-18,0.0,0.717995803456,0.358997901728
1.8383838383838385,910.0,0.0020202020202,0.2,-2.78172237149e-18,0.0,0.717874663841,0.3589373319205
1.8404040404040405,911.0,0.0020202020202,0.2,1.02581036373e-17,0.0,0.717732450408,0.358866225204
1.8424242424242425,912.0,0.0020202020202,0.2,-2.71034905125e-18,0.0,0.717569049325,0.3587845246625
1.8444444444444446,913.0,0.0020202020202,0.2,8.85636021795e-18,0.0,0.717384351314,0.358692175657
1.8464646464646464,914.0,0.0020202020202,0.2,-4.52197042953e-18,0.0,0.717178251647,0.3585891258235
1.8484848484848484,915.0,0.0020202020202,0.2,-3.45307923497e-19,0.0,0.716950650147,0.3584753250735
1.8505050505050504,916.0,0.0020202020202,0.2,1.75070353859e-17,0.0,0.716701451178,0.358350725589
1.8525252525252525,917.0,0.0020202020202,0.2,1.29211397976e-17,0.0,0.716430563645,0.3582152818225
1.8545454545454545,918.0,0.0020202020202,0.2,2.93097170373e-18,0.0,0.716137900985,0.3580689504925
1.8565656565656565,919.0,0.0020202020202,0.2,1.85554977182e-17,0.0,0.715823381158,0.357911690579
1.8585858585858586,920.0,0.0020202020202,0.2,5.05124035003e-18,0.0,0.715486926642,0.357743463321
1.8606060606060606,921.0,0.0020202020202,0.2,1.30492702878e-17,0.0,0.715198113786,0.357599056893
1.8626262626262626,922.0,0.0020202020202,0.2,6.04201212615e-18,0.0,0.715092094715,0.3575460473575
1.8646464646464647,923.0,0.0020202020202,0.2,5.55199077062e-18,0.0,0.715015742299,0.3575078711495
1.8666666666666667,924.0,0.0020202020202,0.2,-1.84636622402e-18,0.0,0.714982505897,0.3574912529485
1.8686868686868687,925.0,0.0020202020202,0.2,7.06553711918e-18,0.0,0.714929770896,0.357464885448
1.8707070707070708,926.0,0.0020202020202,0.2,-5.14239232517e-19,0.0,0.714857399983,0.3574286999915
1.8727272727272728,927.0,0.0020202020202,0.2,-1.0887189563e-17,0.0,0.714765260144,0.357382630072
1.8747474747474748,928.0,0.0020202020202,0.2,-1.27370114748e-17,0.0,0.714653222676,0.357326611338
1.8767676767676769,929.0,0.0020202020202,0.2,5.46201661909e-18,0.0,0.714521163187,0.3572605815935
1.878787878787879,930.0,0.0020202020202,0.2,-4.67167303487e-18,0.0,0.714368961603,0.3571844808015
1.8808080808080807,931.0,0.0020202020202,0.2,-9.0185917502e-19,0.0,0.714196502171,0.3570982510855
1.8828282828282827,932.0,0.0020202020202,0.2,-1.62956145137e-18,0.0,0.71400367346,0.35700183673
1.8848484848484848,933.0,0.0020202020202,0.2,9.45853524203e-18,0.0,0.713790368364,0.356895184182
1.8868686868686868,934.0,0.0020202020202,0.2,2.38745258851e-18,0.0,0.7135564841,0.35677824205
1.8888888888888888,935.0,0.0020202020202,0.2,-1.11698920085e-17,0.0,0.713301922206,0.356650961103
1.8909090909090909,936.0,0.0020202020202,0.2,1.5824763165e-17,0.0,0.713026588542,0.356513294271
1.892929292929293,937.0,0.0020202020202,0.2,1.68502827325e-17,0.0,0.712730393283,0.3563651966415
1.894949494949495,938.0,0.0020202020202,0.2,-1.48896326068e-18,0.0,0.712413250916,0.356206625458
1.896969696969697,939.0,0.0020202020202,0.2,6.08558702564e-18,0.0,0.712252792643,0.3561263963215
1.898989898989899,940.0,0.0020202020202,0.2,-1.59307223817e-17,0.0,0.712133037138,0.356066518569
1.901010101010101,941.0,0.0020202020202,0.2,4.43665366115e-18,0.0,0.712041072599,0.3560205362995
1.903030303030303,942.0,0.0020202020202,0.2,-2.4071602421e-18,0.0,0.712006000365,0.3560030001825
1.905050505050505,943.0,0.0020202020202,0.2,1.29213839463e-17,0.0,0.711952408199,0.3559762040995
1.9070707070707071,944.0,0.0020202020202,0.2,7.04460433739e-18,0.0,0.711880154968,0.355940077484
1.9090909090909092,945.0,0.0020202020202,0.2,1.07991597962e-17,0.0,0.711789103606,0.355894551803
1.9111111111111112,946.0,0.0020202020202,0.2,-6.86813705944e-18,0.0,0.711679121129,0.3558395605645
1.9131313131313132,947.0,0.0020202020202,0.2,-4.57379322845e-18,0.0,0.711550078641,0.3557750393205
1.915151515151515,948.0,0.0020202020202,0.2,-1.55136148651e-18,0.0,0.711401851345,0.3557009256725
1.917171717171717,949.0,0.0020202020202,0.2,5.19721870651e-19,0.0,0.711234318544,0.355617159272
1.9191919191919191,950.0,0.0020202020202,0.2,1.77583263928e-17,0.0,0.711047363651,0.3555236818255
1.9212121212121211,951.0,0.0020202020202,0.2,-1.46191465674e-18,0.0,0.710840874192,0.355420437096
1.9232323232323232,952.0,0.0020202020202,0.2,5.6627166301e-19,0.0,0.710614741808,0.355307370904
1.9252525252525252,953.0,0.0020202020202,0.2,-1.05558959559e-17,0.0,0.710368862261,0.3551844311305
1.9272727272727272,954.0,0.0020202020202,0.2,-1.52140527122e-17,0.0,0.710103135431,0.3550515677155
1.9292929292929293,955.0,0.0020202020202,0.2,2.36096007826e-18,0.0,0.709817465317,0.3549087326585
1.9313131313131313,956.0,0.0020202020202,0.2,-5.28536800368e-18,0.0,0.709548444623,0.3547742223115
1.9333333333333333,957.0,0.0020202020202,0.2,-9.87384160063e-18,0.0,0.709426921396,0.354713460698
1.9353535353535354,958.0,0.0020202020202,0.2,7.10209706239e-18,0.0,0.709362388526,0.354681194263
1.9373737373737374,959.0,0.0020202020202,0.2,6.14766651315e-19,0.0,0.709336147331,0.3546680736655
1.9393939393939394,960.0,0.0020202020202,0.2,-1.09817476942e-17,0.0,0.70929240663,0.354646203315
1.9414141414141415,961.0,0.0020202020202,0.2,-2.1145630139e-17,0.0,0.709231019087,0.3546155095435
1.9434343434343435,962.0,0.0020202020202,0.2,-1.130375321e-17,0.0,0.709151841209,0.3545759206045
1.9454545454545455,963.0,0.0020202020202,0.2,-9.1584666408e-18,0.0,0.709054733363,0.3545273666815
1.9474747474747476,964.0,0.0020202020202,0.2,-1.69231270451e-17,0.0,0.708939559784,0.354469779892
1.9494949494949494,965.0,0.0020202020202,0.2,8.89934689676e-18,0.0,0.708806188593,0.3544030942965
1.9515151515151514,966.0,0.0020202020202,0.2,-1.22925959029e-17,0.0,0.708654491802,0.354327245901
1.9535353535353535,967.0,0.0020202020202,0.2,1.80177558691e-18,0.0,0.708484345325,0.3542421726625
1.9555555555555555,968.0,0.0020202020202,0.2,1.018259989e-18,0.0,0.708295628988,0.354147814494
1.9575757575757575,969.0,0.0020202020202,0.2,-1.10436244957e-17,0.0,0.708088226535,0.3540441132675
1.9595959595959596,970.0,0.0020202020202,0.2,-3.10183630028e-17,0.0,0.707862025636,0.353931012818
1.9616161616161616,971.0,0.0020202020202,0.2,-6.67827226124e-18,0.0,0.707616917887,0.3538084589435
1.9636363636363636,972.0,0.0020202020202,0.2,1.82488939216e-17,0.0,0.707352798822,0.353676399411
1.9656565656565657,973.0,0.0020202020202,0.2,-1.94325944079e-17,0.0,0.707069567909,0.3535347839545
1.9676767676767677,974.0,0.0020202020202,0.2,5.22961209987e-18,0.0,0.706944587647,0.3534722938235
1.9696969696969697,975.0,0.0020202020202,0.2,6.16462707389e-18,0.0,0.706934934824,0.353467467412
1.9717171717171718,976.0,0.0020202020202,0.2,-5.66285276867e-18,0.0,0.706908849913,0.3534544249565
1.9737373737373738,977.0,0.0020202020202,0.2,-1.3625102091e-17,0.0,0.706866177629,0.3534330888145
1.9757575757575758,978.0,0.0020202020202,0.2,5.96279823338e-18,0.0,0.706806766307,0.3534033831535
1.9777777777777779,979.0,0.0020202020202,0.2,-5.10913445107e-18,0.0,0.706730467913,0.3533652339565
1.97979797979798,980.0,0.0020202020202,0.2,2.15383691499e-19,0.0,0.706637138065,0.3533185690325
1.981818181818182,981.0,0.0020202020202,0.2,-5.58555565494e-18,0.0,0.706526636048,0.353263318024
1.9838383838383837,982.0,0.0020202020202,0.2,6.7141976776e-18,0.0,0.70639882483,0.353199412415
1.9858585858585858,983.0,0.0020202020202,0.2,1.17185246181e-17,0.0,0.706253571074,0.353126785537
1.9878787878787878,984.0,0.0020202020202,0.2,-7.68399542257e-18,0.0,0.706090745153,0.3530453725765
1.9898989898989898,985.0,0.0020202020202,0.2,-1.29428635872e-17,0.0,0.705910221159,0.3529551105795
1.9919191919191919,986.0,0.0020202020202,0.2,-4.66739855581e-18,0.0,0.705711876919,0.3528559384595
1.993939393939394,987.0,0.0020202020202,0.2,2.66633842466e-18,0.0,0.705495593998,0.352747796999
1.995959595959596,988.0,0.0020202020202,0.2,-6.74482741729e-18,0.0,0.705261257713,0.3526306288565
1.997979797979798,989.0,0.0020202020202,0.2,-1.61330489658e-17,0.0,0.705008757137,0.3525043785685
2.0,990.0,0.0020202020202,0.2,-1.80035459079e-17,0.0,0.704745269748,0.352372634874
2.002020202020202,991.0,0.0020202020202,0.2,5.87813504757e-18,0.0,0.704741919582,0.352370959791
2.004040404040404,992.0,0.0020202020202,0.2,1.41325559508e-17,0.0,0.704723094324,0.352361547162
2.006060606060606,993.0,0.0020202020202,0.2,-1.52651518181e-18,0.0,0.704688632976,0.352344316488
2.008080808080808,994.0,0.0020202020202,0.2,2.84453498664e-17,0.0,0.70463837794,0.35231918897
2.01010101010101,995.0,0.0020202020202,0.2,1.24081666017e-17,0.0,0.704572175037,0.3522860875185
2.012121212121212,996.0,0.0020202020202,0.2,-1.75269358281e-18,0.0,0.704489873532,0.352244936766
2.014141414141414,997.0,0.0020202020202,0.2,1.0446506568e-17,0.0,0.704391326152,0.352195663076
2.0161616161616163,998.0,0.0020202020202,0.2,1.88610444746e-17,0.0,0.704276389103,0.3521381945515
2.018181818181818,999.0,0.0020202020202,0.2,-1.26967508007e-17,0.0,0.704144922091,0.3520724610455
2.0202020202020203,1000.0,0.0020202020202,0.2,-2.70777921165e-17,0.0,0.703996788338,0.351998394169
2.022222222222222,1001.0,0.0020202020202,0.2,-1.03716257063e-17,0.0,0.703831854596,0.351915927298
2.0242424242424244,1002.0,0.0020202020202,0.2,3.76060961842e-18,0.0,0.703649991162,0.351824995581
2.026262626262626,1003.0,0.0020202020202,0.2,9.44030741787e-18,0.0,0.703451071895,0.3517255359475
2.0282828282828285,1004.0,0.0020202020202,0.2,1.44333548321e-18,0.0,0.703234974223,0.3516174871115
2.0303030303030303,1005.0,0.0020202020202,0.2,8.49741624468e-18,0.0,0.70300157916,0.35150078958
2.0323232323232325,1006.0,0.0020202020202,0.2,1.16889591032e-17,0.0,0.702750771315,0.3513753856575
2.0343434343434343,1007.0,0.0020202020202,0.2,7.30943303692e-19,0.0,0.702723675364,0.351361837682
2.036363636363636,1008.0,0.0020202020202,0.2,2.94731319993e-18,0.0,0.702702160405,0.3513510802025
2.0383838383838384,1009.0,0.0020202020202,0.2,-8.24851417643e-18,0.0,0.702665839289,0.3513329196445
2.04040404040404,1010.0,0.0020202020202,0.2,1.8977885698e-17,0.0,0.702614550632,0.351307275316
2.0424242424242425,1011.0,0.0020202020202,0.2,-5.71458395873e-19,0.0,0.702548136272,0.351274068136
2.0444444444444443,1012.0,0.0020202020202,0.2,-1.11803998137e-17,0.0,0.702466441297,0.3512332206485
2.0464646464646465,1013.0,0.0020202020202,0.2,3.2648800508e-18,0.0,0.702369314065,0.3511846570325
2.0484848484848484,1014.0,0.0020202020202,0.2,3.15391623977e-18,0.0,0.702256606227,0.3511283031135
2.0505050505050506,1015.0,0.0020202020202,0.2,1.02467567068e-17,0.0,0.702128172748,0.351064086374
2.0525252525252524,1016.0,0.0020202020202,0.2,5.41984336044e-18,0.0,0.701983871929,0.3509919359645
2.0545454545454547,1017.0,0.0020202020202,0.2,-2.45107127794e-17,0.0,0.701823565424,0.350911782712
2.0565656565656565,1018.0,0.0020202020202,0.2,6.07328958601e-18,0.0,0.701647118257,0.3508235591285
2.0585858585858587,1019.0,0.0020202020202,0.2,3.92666951108e-18,0.0,0.701454398841,0.3507271994205
2.0606060606060606,1020.0,0.0020202020202,0.2,2.2370058758e-18,0.0,0.701245278994,0.350622639497
2.062626262626263,1021.0,0.0020202020202,0.2,-1.31819448736e-19,0.0,0.701019633954,0.350509816977
2.0646464646464646,1022.0,0.0020202020202,0.2,-2.06113090799e-18,0.0,0.700838709914,0.350419354957
2.066666666666667,1023.0,0.0020202020202,0.2,7.66876057868e-18,0.0,0.700818877511,0.3504094387555
2.0686868686868687,1024.0,0.0020202020202,0.2,1.96791473451e-17,0.0,0.70078510403,0.350392552015
2.0707070707070705,1025.0,0.0020202020202,0.2,1.03382636598e-18,0.0,0.700737223336,0.350368611668
2.0727272727272728,1026.0,0.0020202020202,0.2,-1.39944870229e-17,0.0,0.70067507231,0.350337536155
2.0747474747474746,1027.0,0.0020202020202,0.2,-6.5032482542e-18,0.0,0.700598490884,0.350299245442
2.076767676767677,1028.0,0.0020202020202,0.2,8.17039853463e-18,0.0,0.700507322058,0.350253661029
2.0787878787878786,1029.0,0.0020202020202,0.2,9.76570486237e-18,0.0,0.700401411934,0.350200705967
2.080808080808081,1030.0,0.0020202020202,0.2,-1.7495154059e-17,0.0,0.700280609735,0.3501403048675
2.0828282828282827,1031.0,0.0020202020202,0.2,-2.13664602303e-17,0.0,0.700144767831,0.3500723839155
2.084848484848485,1032.0,0.0020202020202,0.2,6.56723059776e-18,0.0,0.699993741764,0.349996870882
2.0868686868686868,1033.0,0.0020202020202,0.2,2.11064591163e-17,0.0,0.699827390264,0.349913695132
2.088888888888889,1034.0,0.0020202020202,0.2,-2.54329122757e-18,0.0,0.699645575275,0.3498227876375
2.090909090909091,1035.0,0.0020202020202,0.2,1.22910834808e-17,0.0,0.699448161972,0.349724080986
2.092929292929293,1036.0,0.0020202020202,0.2,7.38609347187e-18,0.0,0.699235018782,0.349617509391
2.094949494949495,1037.0,0.0020202020202,0.2,1.43450099674e-17,0.0,0.699007343382,0.349503671691
2.096969696969697,1038.0,0.0020202020202,0.2,2.27087253686e-18,0.0,0.698978606199,0.3494893030995
2.098989898989899,1039.0,0.0020202020202,0.2,-6.36684710689e-18,0.0,0.698936658221,0.3494683291105
2.101010101010101,1040.0,0.0020202020202,0.2,-3.18808798669e-18,0.0,0.698881330892,0.349440665446
2.103030303030303,1041.0,0.0020202020202,0.2,-5.72163987819e-18,0.0,0.698812458482,0.349406229241
2.105050505050505,1042.0,0.0020202020202,0.2,-1.21307030987e-17,0.0,0.698729878125,0.3493649390625
2.107070707070707,1043.0,0.0020202020202,0.2,6.94688853012e-18,0.0,0.698633429844,0.349316714922
2.109090909090909,1044.0,0.0020202020202,0.2,2.57175328218e-19,0.0,0.698522956582,0.349261478291
2.111111111111111,1045.0,0.0020202020202,0.2,1.98394739906e-17,0.0,0.698398304227,0.3491991521135
2.113131313131313,1046.0,0.0020202020202,0.2,4.99438183436e-18,0.0,0.698259321643,0.3491296608215
2.1151515151515152,1047.0,0.0020202020202,0.2,7.55581375333e-18,0.0,0.698105860691,0.3490529303455
2.117171717171717,1048.0,0.0020202020202,0.2,-8.82468126262e-18,0.0,0.697937776258,0.348968888129
2.1191919191919193,1049.0,0.0020202020202,0.2,-8.08958240319e-18,0.0,0.697754926276,0.348877463138
2.121212121212121,1050.0,0.0020202020202,0.2,1.26389038479e-17,0.0,0.697587539027,0.3487937695135
2.1232323232323234,1051.0,0.0020202020202,0.2,6.40905886655e-18,0.0,0.697532060933,0.3487660304665
2.125252525252525,1052.0,0.0020202020202,0.2,5.93695651867e-18,0.0,0.697463075336,0.348731537668
2.1272727272727274,1053.0,0.0020202020202,0.2,1.23896538089e-17,0.0,0.69738043108,0.34869021554
2.1292929292929292,1054.0,0.0020202020202,0.2,-1.05764966911e-18,0.0,0.69728397978,0.34864198989
2.1313131313131315,1055.0,0.0020202020202,0.2,-3.02157589053e-18,0.0,0.697173575851,0.3485867879255
2.1333333333333333,1056.0,0.0020202020202,0.2,-1.01088667749e-17,0.0,0.697049076532,0.348524538266
2.1353535353535356,1057.0,0.0020202020202,0.2,-1.3930160257e-17,0.0,0.696910341905,0.3484551709525
2.1373737373737374,1058.0,0.0020202020202,0.2,-8.04943471995e-19,0.0,0.696757234919,0.3483786174595
2.139393939393939,1059.0,0.0020202020202,0.2,1.36760251811e-17,0.0,0.696589621411,0.3482948107055
2.1414141414141414,1060.0,0.0020202020202,0.2,-1.52823998287e-20,0.0,0.696407370127,0.3482036850635
2.1434343434343432,1061.0,0.0020202020202,0.2,-8.16965967895e-18,0.0,0.696389936603,0.3481949683015
2.1454545454545455,1062.0,0.0020202020202,0.2,7.21607491523e-18,0.0,0.696378806845,0.3481894034225
2.1474747474747473,1063.0,0.0020202020202,0.2,6.246937391e-18,0.0,0.696355466568,0.348177733284
2.1494949494949496,1064.0,0.0020202020202,0.2,-5.84636619003e-18,0.0,0.696319751206,0.348159875603
2.1515151515151514,1065.0,0.0020202020202,0.2,1.99377561729e-18,0.0,0.696271498693,0.3481357493465
2.1535353535353536,1066.0,0.0020202020202,0.2,3.52487278998e-18,0.0,0.696210549496,0.348105274748
2.1555555555555554,1067.0,0.0020202020202,0.2,-2.8315835289e-18,0.0,0.696136746644,0.348068373322
2.1575757575757577,1068.0,0.0020202020202,0.2,1.15334872642e-17,0.0,0.696049935752,0.348024967876
2.1595959595959595,1069.0,0.0020202020202,0.2,-1.48984792742e-17,0.0,0.695949965059,0.3479749825295
2.1616161616161618,1070.0,0.0020202020202,0.2,3.5573300622e-18,0.0,0.695836685447,0.3479183427235
2.1636363636363636,1071.0,0.0020202020202,0.2,-9.06901941696e-18,0.0,0.695709950468,0.347854975234
2.165656565656566,1072.0,0.0020202020202,0.2,6.51733004305e-19,0.0,0.695569616377,0.3477848081885
2.1676767676767676,1073.0,0.0020202020202,0.2,2.02939446469e-18,0.0,0.695415542146,0.347707771073
2.16969696969697,1074.0,0.0020202020202,0.2,-5.96841708953e-18,0.0,0.695247589498,0.347623794749
2.1717171717171717,1075.0,0.0020202020202,0.2,-4.02109438418e-18,0.0,0.695068065104,0.347534032552
2.1737373737373735,1076.0,0.0020202020202,0.2,2.3862637118e-18,0.0,0.695050031403,0.3475250157015
2.175757575757576,1077.0,0.0020202020202,0.2,-1.05752214419e-17,0.0,0.695020470452,0.347510235226
2.1777777777777776,1078.0,0.0020202020202,0.2,5.16756130418e-18,0.0,0.694979214953,0.3474896074765
2.17979797979798,1079.0,0.0020202020202,0.2,3.62254336939e-18,0.0,0.694926099931,0.3474630499655
2.1818181818181817,1080.0,0.0020202020202,0.2,1.45254722166e-17,0.0,0.694860962766,0.347430481383
2.183838383838384,1081.0,0.0020202020202,0.2,3.64987424783e-18,0.0,0.694783643229,0.3473918216145
2.1858585858585857,1082.0,0.0020202020202,0.2,-4.91085678524e-18,0.0,0.694693983511,0.3473469917555
2.187878787878788,1083.0,0.0020202020202,0.2,1.271811697e-17,0.0,0.694591828255,0.3472959141275
2.18989898989899,1084.0,0.0020202020202,0.2,-4.04573284855e-18,0.0,0.694477024587,0.3472385122935
2.191919191919192,1085.0,0.0020202020202,0.2,-9.08372575224e-18,0.0,0.694349422145,0.3471747110725
2.193939393939394,1086.0,0.0020202020202,0.2,9.74942998793e-18,0.0,0.694208873108,0.347104436554
2.195959595959596,1087.0,0.0020202020202,0.2,9.00964797066e-18,0.0,0.694055232222,0.347027616111
2.197979797979798,1088.0,0.0020202020202,0.2,-2.12535327682e-18,0.0,0.693888356831,0.3469441784155
2.2,1089.0,0.0020202020202,0.2,3.78288585029e-18,0.0,0.693708106898,0.346854053449
2.202020202020202,1090.0,0.0020202020202,0.2,-2.69246594475e-18,0.0,0.693561385011,0.3467806925055
2.2040404040404042,1091.0,0.0020202020202,0.2,1.38518292533e-17,0.0,0.693514647089,0.3467573235445
2.206060606060606,1092.0,0.0020202020202,0.2,-3.45265297133e-19,0.0,0.693456744652,0.346728372326
2.208080808080808,1093.0,0.0020202020202,0.2,4.46939609476e-18,0.0,0.693387512193,0.3466937560965
2.21010101010101,1094.0,0.0020202020202,0.2,6.8620418766e-18,0.0,0.69330678641,0.346653393205
2.212121212121212,1095.0,0.0020202020202,0.2,-3.20602014663e-18,0.0,0.693214406236,0.346607203118
2.214141414141414,1096.0,0.0020202020202,0.2,-8.30350616948e-18,0.0,0.693110212875,0.3465551064375
2.216161616161616,1097.0,0.0020202020202,0.2,3.13329572215e-18,0.0,0.692994049837,0.3464970249185
2.2181818181818183,1098.0,0.0020202020202,0.2,-6.38645584797e-18,0.0,0.692865762968,0.346432881484
2.22020202020202,1099.0,0.0020202020202,0.2,-5.93791439419e-18,0.0,0.692725200487,0.3463626002435
2.2222222222222223,1100.0,0.0020202020202,0.2,-1.68075219054e-18,0.0,0.692572213008,0.346286106504
2.224242424242424,1101.0,0.0020202020202,0.2,1.04213360104e-18,0.0,0.69240665358,0.34620332679
2.2262626262626264,1102.0,0.0020202020202,0.2,1.05421990787e-17,0.0,0.69222837771,0.346114188855
2.228282828282828,1103.0,0.0020202020202,0.2,3.71592566755e-18,0.0,0.69215898101,0.346079490505
2.2303030303030305,1104.0,0.0020202020202,0.2,6.20210515291e-18,0.0,0.692113370019,0.3460566850095
2.2323232323232323,1105.0,0.0020202020202,0.2,3.48340679839e-18,0.0,0.69205659771,0.346028298855
2.2343434343434345,1106.0,0.0020202020202,0.2,-8.18482659051e-18,0.0,0.691988508634,0.345994254317
2.2363636363636363,1107.0,0.0020202020202,0.2,-3.13904762228e-18,0.0,0.691908949484,0.345954474742
2.2383838383838386,1108.0,0.0020202020202,0.2,4.51533856207e-18,0.0,0.69181776913,0.345908884565
2.2404040404040404,1109.0,0.0020202020202,0.2,3.61651470695e-19,0.0,0.691714818646,0.345857409323
2.242424242424242,1110.0,0.0020202020202,0.2,4.53945977679e-18,0.0,0.691599951343,0.3457999756715
2.2444444444444445,1111.0,0.0020202020202,0.2,1.86874290747e-18,0.0,0.691473022792,0.345736511396
2.2464646464646463,1112.0,0.0020202020202,0.2,-7.61248989057e-18,0.0,0.691341818549,0.3456709092745
2.2484848484848485,1113.0,0.0020202020202,0.2,-6.25122243475e-18,0.0,0.691330184234,0.345665092117
2.2505050505050503,1114.0,0.0020202020202,0.2,2.18027465952e-18,0.0,0.691308631354,0.345654315677
2.2525252525252526,1115.0,0.0020202020202,0.2,-1.64085884027e-19,0.0,0.691276994202,0.345638497101
2.2545454545454544,1116.0,0.0020202020202,0.2,2.35075966041e-18,0.0,0.691235108912,0.345617554456
2.2565656565656567,1117.0,0.0020202020202,0.2,-1.66921274899e-19,0.0,0.691182813502,0.345591406751
2.2585858585858585,1118.0,0.0020202020202,0.2,2.39293213518e-17,0.0,0.691119947905,0.3455599739525
2.2606060606060607,1119.0,0.0020202020202,0.2,3.26548640774e-18,0.0,0.691046354006,0.345523177003
2.2626262626262625,1120.0,0.0020202020202,0.2,-4.60330457111e-18,0.0,0.690961875676,0.345480937838
2.264646464646465,1121.0,0.0020202020202,0.2,8.20959991247e-18,0.0,0.690866358806,0.345433179403
2.2666666666666666,1122.0,0.0020202020202,0.2,1.09553364134e-17,0.0,0.690759651339,0.3453798256695
2.268686868686869,1123.0,0.0020202020202,0.2,3.57237389588e-18,0.0,0.690641603305,0.3453208016525
2.2707070707070707,1124.0,0.0020202020202,0.2,-1.08866842966e-17,0.0,0.690512066848,0.345256033424
2.272727272727273,1125.0,0.0020202020202,0.2,3.12492034459e-18,0.0,0.690370896261,0.3451854481305
2.2747474747474747,1126.0,0.0020202020202,0.2,-9.01339233529e-19,0.0,0.690217948014,0.345108974007
2.2767676767676766,1127.0,0.0020202020202,0.2,1.56728227723e-18,0.0,0.690058535567,0.3450292677835
2.278787878787879,1128.0,0.0020202020202,0.2,6.35723892905e-18,0.0,0.690007804589,0.3450039022945
2.2808080808080806,1129.0,0.0020202020202,0.2,-4.59106046554e-18,0.0,0.68994726378,0.34497363189
2.282828282828283,1130.0,0.0020202020202,0.2,-3.14418684951e-18,0.0,0.689876751253,0.3449383756265
2.2848484848484847,1131.0,0.0020202020202,0.2,2.07113816814e-17,0.0,0.689796106893,0.3448980534465
2.286868686868687,1132.0,0.0020202020202,0.2,4.60965289387e-19,0.0,0.689705172398,0.344852586199
2.2888888888888888,1133.0,0.0020202020202,0.2,-2.04432946868e-18,0.0,0.689603791313,0.3448018956565
2.290909090909091,1134.0,0.0020202020202,0.2,3.28684776295e-18,0.0,0.689491809067,0.3447459045335
2.292929292929293,1135.0,0.0020202020202,0.2,-2.52418277181e-18,0.0,0.68936907301,0.344684536505
2.294949494949495,1136.0,0.0020202020202,0.2,4.24020114901e-18,0.0,0.689235432444,0.344617716222
2.296969696969697,1137.0,0.0020202020202,0.2,5.74788291925e-18,0.0,0.689090738659,0.3445453693295
2.298989898989899,1138.0,0.0020202020202,0.2,-3.52681183391e-18,0.0,0.688934844965,0.3444674224825
2.301010101010101,1139.0,0.0020202020202,0.2,1.15693569936e-17,0.0,0.688767606725,0.3443838033625
2.303030303030303,1140.0,0.0020202020202,0.2,-4.04587456356e-18,0.0,0.688592635298,0.344296317649
2.305050505050505,1141.0,0.0020202020202,0.2,4.18744176685e-18,0.0,0.688554694273,0.3442773471365
2.3070707070707073,1142.0,0.0020202020202,0.2,-9.0068576832e-19,0.0,0.68850714147,0.344253570735
2.309090909090909,1143.0,0.0020202020202,0.2,7.49523352924e-18,0.0,0.688449821692,0.344224910846
2.311111111111111,1144.0,0.0020202020202,0.2,4.94753471471e-18,0.0,0.688382581445,0.3441912907225
2.313131313131313,1145.0,0.0020202020202,0.2,6.08334322545e-18,0.0,0.688305268973,0.3441526344865
2.315151515151515,1146.0,0.0020202020202,0.2,4.74964289123e-18,0.0,0.688217734288,0.344108867144
2.317171717171717,1147.0,0.0020202020202,0.2,-8.87176815781e-18,0.0,0.688119829208,0.344059914604
2.319191919191919,1148.0,0.0020202020202,0.2,-6.82788566771e-18,0.0,0.688011407386,0.344005703693
2.3212121212121213,1149.0,0.0020202020202,0.2,3.59904666364e-18,0.0,0.687961764813,0.3439808824065
2.323232323232323,1150.0,0.0020202020202,0.2,1.03750580517e-17,0.0,0.687938199257,0.3439690996285
2.3252525252525253,1151.0,0.0020202020202,0.2,-3.36378878751e-18,0.0,0.687905979639,0.3439529898195
2.327272727272727,1152.0,0.0020202020202,0.2,-4.74514672698e-18,0.0,0.687864945132,0.343932472566
2.3292929292929294,1153.0,0.0020202020202,0.2,1.3941003262e-17,0.0,0.687814936347,0.3439074681735
2.3313131313131312,1154.0,0.0020202020202,0.2,1.01458114407e-17,0.0,0.687755795377,0.3438778976885
2.3333333333333335,1155.0,0.0020202020202,0.2,-3.40381635352e-19,0.0,0.687687365829,0.3438436829145
2.3353535353535353,1156.0,0.0020202020202,0.2,7.52463556044e-18,0.0,0.687609492868,0.343804746434
2.3373737373737375,1157.0,0.0020202020202,0.2,8.99211517046e-18,0.0,0.687522023246,0.343761011623
2.3393939393939394,1158.0,0.0020202020202,0.2,-5.01455637538e-18,0.0,0.687424805344,0.343712402672
2.3414141414141416,1159.0,0.0020202020202,0.2,-1.08005461257e-17,0.0,0.687317689204,0.343658844602
2.3434343434343434,1160.0,0.0020202020202,0.2,-1.39260066622e-17,0.0,0.687200526564,0.343600263282
2.3454545454545452,1161.0,0.0020202020202,0.2,1.35240716908e-18,0.0,0.687073170893,0.3435365854465
2.3474747474747475,1162.0,0.0020202020202,0.2,9.38175902847e-19,0.0,0.686935477423,0.3434677387115
2.3494949494949493,1163.0,0.0020202020202,0.2,5.05679888782e-18,0.0,0.686787303182,0.343393651591
2.3515151515151516,1164.0,0.0020202020202,0.2,-2.57370931217e-18,0.0,0.686628507028,0.343314253514
2.3535353535353534,1165.0,0.0020202020202,0.2,7.21891593951e-18,0.0,0.686465777444,0.343232888722
2.3555555555555556,1166.0,0.0020202020202,0.2,-3.16712872495e-18,0.0,0.68638383512,0.34319191756
2.3575757575757574,1167.0,0.0020202020202,0.2,4.64172750273e-18,0.0,0.686292924729,0.3431464623645
2.3595959595959597,1168.0,0.0020202020202,0.2,-5.78412284482e-18,0.0,0.686192892544,0.343096446272
2.3616161616161615,1169.0,0.0020202020202,0.2,7.17953562056e-19,0.0,0.686083586309,0.3430417931545
2.3636363636363638,1170.0,0.0020202020202,0.2,-2.43898000498e-18,0.0,0.685964855268,0.342982427634
2.3656565656565656,1171.0,0.0020202020202,0.2,4.60036887462e-18,0.0,0.685836550207,0.3429182751035
2.367676767676768,1172.0,0.0020202020202,0.2,6.57054179467e-18,0.0,0.685698523492,0.342849261746
2.3696969696969696,1173.0,0.0020202020202,0.2,-4.67714399726e-18,0.0,0.685607990423,0.3428039952115
2.371717171717172,1174.0,0.0020202020202,0.2,-5.23700611345e-18,0.0,0.685588991942,0.342794495971
2.3737373737373737,1175.0,0.0020202020202,0.2,-5.13906274813e-18,0.0,0.685562157865,0.3427810789325
2.375757575757576,1176.0,0.0020202020202,0.2,-1.55393060132e-18,0.0,0.685527332108,0.342763666054
2.3777777777777778,1177.0,0.0020202020202,0.2,4.1470134559e-18,0.0,0.685484359776,0.342742179888
2.3797979797979796,1178.0,0.0020202020202,0.2,-6.69203798077e-18,0.0,0.685433087207,0.3427165436035
2.381818181818182,1179.0,0.0020202020202,0.2,2.18877956576e-18,0.0,0.685373362001,0.3426866810005
2.3838383838383836,1180.0,0.0020202020202,0.2,-4.84641853595e-18,0.0,0.685305033065,0.3426525165325
2.385858585858586,1181.0,0.0020202020202,0.2,-3.3992516537e-18,0.0,0.685227950644,0.342613975322
2.3878787878787877,1182.0,0.0020202020202,0.2,1.8143413123e-18,0.0,0.685141966361,0.3425709831805
2.38989898989899,1183.0,0.0020202020202,0.2,-3.14416681625e-18,0.0,0.685046933249,0.3425234666245
2.391919191919192,1184.0,0.0020202020202,0.2,2.51248718695e-18,0.0,0.684942705787,0.3424713528935
2.393939393939394,1185.0,0.0020202020202,0.2,7.12645015711e-18,0.0,0.684829139935,0.3424145699675
2.395959595959596,1186.0,0.0020202020202,0.2,7.72152341131e-18,0.0,0.684706093166,0.342353046583
2.397979797979798,1187.0,0.0020202020202,0.2,-3.15556622045e-18,0.0,0.684629886629,0.3423149433145
2.4,1188.0,0.0020202020202,0.2,-2.69529429152e-18,0.0,0.684567996707,0.3422839983535
2.402020202020202,1189.0,0.0020202020202,0.2,-3.21328607519e-18,0.0,0.684498146292,0.342249073146
2.404040404040404,1190.0,0.0020202020202,0.2,7.57328119834e-18,0.0,0.684420183699,0.3422100918495
2.4060606060606062,1191.0,0.0020202020202,0.2,-5.56958473356e-18,0.0,0.684333958412,0.342166979206
2.408080808080808,1192.0,0.0020202020202,0.2,2.12357450442e-18,0.0,0.684239321119,0.3421196605595
2.4101010101010103,1193.0,0.0020202020202,0.2,5.26875803975e-18,0.0,0.684136123755,0.3420680618775
2.412121212121212,1194.0,0.0020202020202,0.2,-1.07398530783e-18,0.0,0.684024219535,0.3420121097675
2.414141414141414,1195.0,0.0020202020202,0.2,2.91481637802e-18,0.0,0.68390346299,0.341951731495
2.416161616161616,1196.0,0.0020202020202,0.2,-1.84075320601e-17,0.0,0.68377371001,0.341886855005
2.418181818181818,1197.0,0.0020202020202,0.2,4.37314962457e-18,0.0,0.683634817871,0.3418174089355
2.4202020202020202,1198.0,0.0020202020202,0.2,1.08453591671e-18,0.0,0.683486645277,0.3417433226385
2.422222222222222,1199.0,0.0020202020202,0.2,-8.43273434277e-18,0.0,0.683329052391,0.3416645261955
2.4242424242424243,1200.0,0.0020202020202,0.2,5.56747737247e-18,0.0,0.683162408702,0.341581204351
2.426262626262626,1201.0,0.0020202020202,0.2,1.04846430265e-17,0.0,0.683122583258,0.341561291629
2.4282828282828284,1202.0,0.0020202020202,0.2,5.93993436228e-18,0.0,0.683075252825,0.3415376264125
2.43030303030303,1203.0,0.0020202020202,0.2,1.6962732772e-17,0.0,0.683020269438,0.341510134719
2.4323232323232324,1204.0,0.0020202020202,0.2,6.21236671499e-18,0.0,0.682957486201,0.3414787431005
2.4343434343434343,1205.0,0.0020202020202,0.2,1.08467906787e-18,0.0,0.682886757314,0.341443378657
2.4363636363636365,1206.0,0.0020202020202,0.2,1.06235956941e-17,0.0,0.682807938115,0.3414039690575
2.4383838383838383,1207.0,0.0020202020202,0.2,-7.83882410665e-18,0.0,0.682749727661,0.3413748638305
2.4404040404040406,1208.0,0.0020202020202,0.2,-5.54294219859e-18,0.0,0.682714188317,0.3413570941585
2.4424242424242424,1209.0,0.0020202020202,0.2,6.54507224158e-18,0.0,0.682671934389,0.3413359671945
2.4444444444444446,1210.0,0.0020202020202,0.2,1.06353170425e-17,0.0,0.68262281601,0.341311408005
2.4464646464646465,1211.0,0.0020202020202,0.2,7.32949299614e-19,0.0,0.682566684113,0.3412833420565
2.4484848484848483,1212.0,0.0020202020202,0.2,-5.81304666958e-18,0.0,0.682503390474,0.341251695237
2.4505050505050505,1213.0,0.0020202020202,0.2,1.67902142389e-18,0.0,0.68243278775,0.341216393875
2.4525252525252523,1214.0,0.0020202020202,0.2,-6.55143492489e-18,0.0,0.682354729518,0.341177364759
2.4545454545454546,1215.0,0.0020202020202,0.2,-1.98377041008e-18,0.0,0.682269070314,0.341134535157
2.4565656565656564,1216.0,0.0020202020202,0.2,1.08346147204e-18,0.0,0.682175665668,0.341087832834
2.4585858585858587,1217.0,0.0020202020202,0.2,-1.88122867334e-18,0.0,0.682074372147,0.3410371860735
2.4606060606060605,1218.0,0.0020202020202,0.2,-5.49783246401e-18,0.0,0.681965047386,0.340982523693
2.4626262626262627,1219.0,0.0020202020202,0.2,3.64345847736e-18,0.0,0.681847550129,0.3409237750645
2.4646464646464645,1220.0,0.0020202020202,0.2,1.9217286953e-18,0.0,0.681721740263,0.3408608701315
2.466666666666667,1221.0,0.0020202020202,0.2,1.23860458739e-17,0.0,0.681587478853,0.3407937394265
2.4686868686868686,1222.0,0.0020202020202,0.2,-9.00957648735e-18,0.0,0.681444628179,0.3407223140895
2.470707070707071,1223.0,0.0020202020202,0.2,-2.44590225966e-18,0.0,0.681293051767,0.3406465258835
2.4727272727272727,1224.0,0.0020202020202,0.2,-3.27853567881e-18,0.0,0.681132614427,0.3405663072135
2.474747474747475,1225.0,0.0020202020202,0.2,-3.59091125562e-18,0.0,0.680963182285,0.3404815911425
2.4767676767676767,1226.0,0.0020202020202,0.2,4.53863730152e-18,0.0,0.680843635386,0.340421817693
2.478787878787879,1227.0,0.0020202020202,0.2,1.67292772973e-17,0.0,0.680828863281,0.3404144316405
2.480808080808081,1228.0,0.0020202020202,0.2,4.96173985481e-18,0.0,0.680808658683,0.3404043293415
2.4828282828282826,1229.0,0.0020202020202,0.2,-1.15861242534e-17,0.0,0.680782875761,0.3403914378805
2.484848484848485,1230.0,0.0020202020202,0.2,-8.12248751187e-18,0.0,0.680751369099,0.3403756845495
2.4868686868686867,1231.0,0.0020202020202,0.2,-1.64090035216e-17,0.0,0.680713993731,0.3403569968655
2.488888888888889,1232.0,0.0020202020202,0.2,-5.55775653816e-18,0.0,0.680670605187,0.3403353025935
2.4909090909090907,1233.0,0.0020202020202,0.2,5.86570287045e-18,0.0,0.68062105953,0.340310529765
2.492929292929293,1234.0,0.0020202020202,0.2,8.49791761286e-18,0.0,0.680565213395,0.3402826066975
2.494949494949495,1235.0,0.0020202020202,0.2,1.36801959904e-17,0.0,0.680502924029,0.3402514620145
2.496969696969697,1236.0,0.0020202020202,0.2,-3.81398360758e-18,0.0,0.680434049332,0.340217024666
2.498989898989899,1237.0,0.0020202020202,0.2,1.45649264286e-18,0.0,0.680358447892,0.340179223946
2.501010101010101,1238.0,0.0020202020202,0.2,1.94204737381e-17,0.0,0.680275979025,0.3401379895125
2.503030303030303,1239.0,0.0020202020202,0.2,-4.47504959753e-19,0.0,0.680186502811,0.3400932514055
2.505050505050505,1240.0,0.0020202020202,0.2,-3.8326427052e-18,0.0,0.680089880135,0.3400449400675
2.507070707070707,1241.0,0.0020202020202,0.2,-6.62146617796e-19,0.0,0.67998597272,0.33999298636
2.5090909090909093,1242.0,0.0020202020202,0.2,-1.35418294822e-18,0.0,0.679874643164,0.339937321582
2.511111111111111,1243.0,0.0020202020202,0.2,-4.14743137877e-18,0.0,0.679755754979,0.3398778774895
2.5131313131313133,1244.0,0.0020202020202,0.2,1.65993742642e-18,0.0,0.679629172624,0.339814586312
2.515151515151515,1245.0,0.0020202020202,0.2,1.52233895537e-18,0.0,0.67949476154,0.33974738077
2.517171717171717,1246.0,0.0020202020202,0.2,5.09128842425e-18,0.0,0.679352388188,0.339676194094
2.519191919191919,1247.0,0.0020202020202,0.2,1.1042185515e-17,0.0,0.679201920077,0.3396009600385
2.521212121212121,1248.0,0.0020202020202,0.2,8.32850017343e-18,0.0,0.679043225805,0.3395216129025
2.5232323232323233,1249.0,0.0020202020202,0.2,-2.76324953044e-18,0.0,0.678952355779,0.3394761778895
2.525252525252525,1250.0,0.0020202020202,0.2,2.57476066706e-18,0.0,0.678928456784,0.339464228392
2.5272727272727273,1251.0,0.0020202020202,0.2,-6.84611772839e-18,0.0,0.678899691555,0.3394498457775
2.529292929292929,1252.0,0.0020202020202,0.2,-4.49888042481e-18,0.0,0.678865921812,0.339432960906
2.5313131313131314,1253.0,0.0020202020202,0.2,2.36172533566e-19,0.0,0.678827009481,0.3394135047405
2.533333333333333,1254.0,0.0020202020202,0.2,9.53470603858e-20,0.0,0.678782816738,0.339391408369
2.5353535353535355,1255.0,0.0020202020202,0.2,9.83598148483e-18,0.0,0.678733206049,0.3393666030245
2.5373737373737373,1256.0,0.0020202020202,0.2,3.09013281406e-18,0.0,0.678678040205,0.3393390201025
2.5393939393939395,1257.0,0.0020202020202,0.2,-1.60370690859e-18,0.0,0.678617182363,0.3393085911815
2.5414141414141413,1258.0,0.0020202020202,0.2,-4.54375208134e-18,0.0,0.678550496085,0.3392752480425
2.5434343434343436,1259.0,0.0020202020202,0.2,-6.21837043944e-19,0.0,0.678477845375,0.3392389226875
2.5454545454545454,1260.0,0.0020202020202,0.2,-1.00565724292e-17,0.0,0.678399094719,0.3391995473595
2.5474747474747477,1261.0,0.0020202020202,0.2,9.15135922504e-18,0.0,0.678314109119,0.3391570545595
2.5494949494949495,1262.0,0.0020202020202,0.2,-4.00261950307e-18,0.0,0.678222754133,0.3391113770665
2.5515151515151513,1263.0,0.0020202020202,0.2,2.81868826306e-19,0.0,0.678124895912,0.339062447956
2.5535353535353535,1264.0,0.0020202020202,0.2,-9.39110409081e-18,0.0,0.678020401235,0.3390102006175
2.5555555555555554,1265.0,0.0020202020202,0.2,-7.52771284423e-18,0.0,0.677909137546,0.338954568773
2.5575757575757576,1266.0,0.0020202020202,0.2,2.67337523115e-18,0.0,0.677790972989,0.3388954864945
2.5595959595959594,1267.0,0.0020202020202,0.2,-4.44415813143e-18,0.0,0.677665776446,0.338832888223
2.5616161616161617,1268.0,0.0020202020202,0.2,9.24015813426e-18,0.0,0.677533417569,0.3387667087845
2.5636363636363635,1269.0,0.0020202020202,0.2,-5.91812738043e-18,0.0,0.677393766818,0.338696883409
2.5656565656565657,1270.0,0.0020202020202,0.2,7.61541877251e-18,0.0,0.677246695491,0.3386233477455
2.5676767676767676,1271.0,0.0020202020202,0.2,4.61490429621e-18,0.0,0.677178628895,0.3385893144475
2.56969696969697,1272.0,0.0020202020202,0.2,5.71248050129e-18,0.0,0.67714579461,0.338572897305
2.5717171717171716,1273.0,0.0020202020202,0.2,4.57557445188e-19,0.0,0.677108662843,0.3385543314215
2.573737373737374,1274.0,0.0020202020202,0.2,-3.5977589854e-18,0.0,0.677067103447,0.3385335517235
2.5757575757575757,1275.0,0.0020202020202,0.2,-7.7414146339e-18,0.0,0.677020986273,0.3385104931365
2.577777777777778,1276.0,0.0020202020202,0.2,-5.61268508903e-18,0.0,0.676970181203,0.3384850906015
2.5797979797979798,1277.0,0.0020202020202,0.2,-6.32458665892e-19,0.0,0.676914558193,0.3384572790965
2.581818181818182,1278.0,0.0020202020202,0.2,1.2303702494e-18,0.0,0.676853987303,0.3384269936515
2.583838383838384,1279.0,0.0020202020202,0.2,3.73288077186e-18,0.0,0.676788338746,0.338394169373
2.5858585858585856,1280.0,0.0020202020202,0.2,-2.85356152289e-18,0.0,0.676717482916,0.338358741458
2.587878787878788,1281.0,0.0020202020202,0.2,-7.72975293715e-18,0.0,0.676641290432,0.338320645216
2.5898989898989897,1282.0,0.0020202020202,0.2,1.13904814168e-18,0.0,0.676559632171,0.3382798160855
2.591919191919192,1283.0,0.0020202020202,0.2,5.78558628431e-19,0.0,0.676472379309,0.3382361896545
2.5939393939393938,1284.0,0.0020202020202,0.2,1.04421154847e-17,0.0,0.676379403354,0.338189701677
2.595959595959596,1285.0,0.0020202020202,0.2,7.55612060116e-18,0.0,0.676280576184,0.338140288092
2.597979797979798,1286.0,0.0020202020202,0.2,3.15845969222e-18,0.0,0.676175770087,0.3380878850435
2.6,1287.0,0.0020202020202,0.2,7.90424429582e-18,0.0,0.67606485779,0.338032428895
2.602020202020202,1288.0,0.0020202020202,0.2,-2.98524510648e-18,0.0,0.6759477125,0.33797385625
2.604040404040404,1289.0,0.0020202020202,0.2,-5.80866855828e-18,0.0,0.675824207937,0.3379121039685
2.606060606060606,1290.0,0.0020202020202,0.2,-4.93951444274e-18,0.0,0.675694218369,0.3378471091845
2.608080808080808,1291.0,0.0020202020202,0.2,6.53300820826e-18,0.0,0.675569229902,0.337784614951
2.61010101010101,1292.0,0.0020202020202,0.2,1.01265353495e-18,0.0,0.675523033439,0.3377615167195
2.6121212121212123,1293.0,0.0020202020202,0.2,3.70720490662e-18,0.0,0.675472270356,0.337736135178
2.614141414141414,1294.0,0.0020202020202,0.2,3.43798188332e-18,0.0,0.675416815239,0.3377084076195
2.6161616161616164,1295.0,0.0020202020202,0.2,-3.34607670147e-18,0.0,0.675356542792,0.337678271396
2.618181818181818,1296.0,0.0020202020202,0.2,9.361631522e-19,0.0,0.675295592542,0.337647796271
2.6202020202020204,1297.0,0.0020202020202,0.2,-3.18248949134e-18,0.0,0.675237466445,0.3376187332225
2.6222222222222222,1298.0,0.0020202020202,0.2,7.61188087253e-18,0.0,0.675175089032,0.337587544516
2.624242424242424,1299.0,0.0020202020202,0.2,3.28698176909e-18,0.0,0.675108338589,0.3375541692945
2.6262626262626263,1300.0,0.0020202020202,0.2,2.99863171582e-18,0.0,0.675037093326,0.337518546663
2.628282828282828,1301.0,0.0020202020202,0.2,5.12400164866e-18,0.0,0.674961231415,0.3374806157075
2.6303030303030304,1302.0,0.0020202020202,0.2,5.50208615765e-18,0.0,0.674880631024,0.337440315512
2.632323232323232,1303.0,0.0020202020202,0.2,-2.92170799738e-18,0.0,0.674795170356,0.337397585178
2.6343434343434344,1304.0,0.0020202020202,0.2,-9.29051746344e-18,0.0,0.674704727685,0.3373523638425
2.6363636363636362,1305.0,0.0020202020202,0.2,4.56565448253e-19,0.0,0.674609181388,0.337304590694
2.6383838383838385,1306.0,0.0020202020202,0.2,-2.31390132592e-18,0.0,0.674508409988,0.337254204994
2.6404040404040403,1307.0,0.0020202020202,0.2,-2.06627301458e-18,0.0,0.674437805296,0.337218902648
2.6424242424242426,1308.0,0.0020202020202,0.2,-9.46013112571e-18,0.0,0.674402442148,0.337201221074
2.6444444444444444,1309.0,0.0020202020202,0.2,-1.56271494529e-18,0.0,0.67436367999,0.337181839995
2.6464646464646466,1310.0,0.0020202020202,0.2,3.78202517766e-18,0.0,0.674321402431,0.3371607012155
2.6484848484848484,1311.0,0.0020202020202,0.2,-1.65934910172e-18,0.0,0.674275492798,0.337137746399
2.6505050505050507,1312.0,0.0020202020202,0.2,1.01537948863e-18,0.0,0.674225834174,0.337112917087
2.6525252525252525,1313.0,0.0020202020202,0.2,-9.29301804206e-18,0.0,0.674172309431,0.3370861547155
2.6545454545454548,1314.0,0.0020202020202,0.2,-8.86010283935e-19,0.0,0.674114801263,0.3370574006315
2.6565656565656566,1315.0,0.0020202020202,0.2,-1.88396563236e-18,0.0,0.674053192226,0.337026596113
2.6585858585858584,1316.0,0.0020202020202,0.2,-2.04516071296e-18,0.0,0.67398736477,0.336993682385
2.6606060606060606,1317.0,0.0020202020202,0.2,-4.6409097546e-18,0.0,0.673917201275,0.3369586006375
2.6626262626262625,1318.0,0.0020202020202,0.2,1.93426960734e-18,0.0,0.673842584083,0.3369212920415
2.6646464646464647,1319.0,0.0020202020202,0.2,3.45452482236e-18,0.0,0.673763395535,0.3368816977675
2.6666666666666665,1320.0,0.0020202020202,0.2,-3.79196135434e-18,0.0,0.673679518005,0.3368397590025
2.6686868686868688,1321.0,0.0020202020202,0.2,-3.77526156279e-18,0.0,0.673590833933,0.3367954169665
2.6707070707070706,1322.0,0.0020202020202,0.2,3.33703198759e-18,0.0,0.673497225861,0.3367486129305
2.672727272727273,1323.0,0.0020202020202,0.2,-3.92238855534e-18,0.0,0.673398576465,0.3366992882325
2.6747474747474747,1324.0,0.0020202020202,0.2,-2.54621144236e-18,0.0,0.673337679481,0.3366688397405
2.676767676767677,1325.0,0.0020202020202,0.2,3.3871618677e-18,0.0,0.673299459712,0.336649729856
2.6787878787878787,1326.0,0.0020202020202,0.2,-3.19793864482e-18,0.0,0.673258602182,0.336629301091
2.680808080808081,1327.0,0.0020202020202,0.2,-1.3243884378e-18,0.0,0.673215002544,0.336607501272
2.682828282828283,1328.0,0.0020202020202,0.2,-2.37416867206e-18,0.0,0.673168555854,0.336584277927
2.684848484848485,1329.0,0.0020202020202,0.2,-6.65627298248e-18,0.0,0.673119156604,0.336559578302
2.686868686868687,1330.0,0.0020202020202,0.2,1.33227533661e-18,0.0,0.673066698759,0.3365333493795
2.688888888888889,1331.0,0.0020202020202,0.2,1.72843380345e-18,0.0,0.67301107579,0.336505537895
2.690909090909091,1332.0,0.0020202020202,0.2,4.68840645102e-18,0.0,0.672952180703,0.3364760903515
2.6929292929292927,1333.0,0.0020202020202,0.2,7.80408288399e-18,0.0,0.672889906081,0.3364449530405
2.694949494949495,1334.0,0.0020202020202,0.2,-1.5212674445e-18,0.0,0.672824144112,0.336412072056
2.696969696969697,1335.0,0.0020202020202,0.2,3.91267709689e-18,0.0,0.672754786624,0.336377393312
2.698989898989899,1336.0,0.0020202020202,0.2,-1.28256146524e-19,0.0,0.672681725119,0.3363408625595
2.701010101010101,1337.0,0.0020202020202,0.2,3.57292024759e-18,0.0,0.672604850809,0.3363024254045
2.703030303030303,1338.0,0.0020202020202,0.2,-1.10277581233e-19,0.0,0.672524054646,0.336262027323
2.705050505050505,1339.0,0.0020202020202,0.2,2.86146001973e-18,0.0,0.672439227358,0.336219613679
2.707070707070707,1340.0,0.0020202020202,0.2,1.57578645307e-18,0.0,0.672350259481,0.3361751297405
2.709090909090909,1341.0,0.0020202020202,0.2,1.62243669152e-18,0.0,0.672257041395,0.3361285206975
2.7111111111111112,1342.0,0.0020202020202,0.2,-2.85050537873e-19,0.0,0.672159463353,0.3360797316765
2.713131313131313,1343.0,0.0020202020202,0.2,-2.55659507919e-18,0.0,0.672057415519,0.3360287077595
2.7151515151515153,1344.0,0.0020202020202,0.2,1.89587721277e-18,0.0,0.671982921639,0.3359914608195
2.717171717171717,1345.0,0.0020202020202,0.2,1.31148657325e-18,0.0,0.671938783788,0.335969391894
2.7191919191919194,1346.0,0.0020202020202,0.2,-4.56925526209e-18,0.0,0.671910184271,0.3359550921355
2.721212121212121,1347.0,0.0020202020202,0.2,-4.88563251174e-18,0.0,0.67188056262,0.33594028131
2.7232323232323234,1348.0,0.0020202020202,0.2,2.95993812511e-18,0.0,0.671849845991,0.3359249229955
2.7252525252525253,1349.0,0.0020202020202,0.2,4.38006115834e-18,0.0,0.671817960333,0.3359089801665
2.727272727272727,1350.0,0.0020202020202,0.2,6.9883103504e-18,0.0,0.671784830414,0.335892415207
2.7292929292929293,1351.0,0.0020202020202,0.2,9.55000677071e-19,0.0,0.671750379852,0.335875189926
2.731313131313131,1352.0,0.0020202020202,0.2,8.27749763518e-18,0.0,0.671714531137,0.3358572655685
2.7333333333333334,1353.0,0.0020202020202,0.2,-7.38544983063e-18,0.0,0.671677205665,0.3358386028325
2.735353535353535,1354.0,0.0020202020202,0.2,7.46227347271e-18,0.0,0.671638323764,0.335819161882
2.7373737373737375,1355.0,0.0020202020202,0.2,-2.0612351345e-18,0.0,0.671597804719,0.3357989023595
2.7393939393939393,1356.0,0.0020202020202,0.2,2.27949840559e-18,0.0,0.671555566806,0.335777783403
2.7414141414141415,1357.0,0.0020202020202,0.2,-1.28916918409e-18,0.0,0.671511527319,0.3357557636595
2.7434343434343433,1358.0,0.0020202020202,0.2,-9.63992181201e-19,0.0,0.671465602597,0.3357328012985
2.7454545454545456,1359.0,0.0020202020202,0.2,-4.81087762683e-18,0.0,0.671417708056,0.335708854028
2.7474747474747474,1360.0,0.0020202020202,0.2,2.25145850021e-18,0.0,0.671367758216,0.335683879108
2.7494949494949497,1361.0,0.0020202020202,0.2,-1.50616893761e-18,0.0,0.671315666732,0.335657833366
2.7515151515151515,1362.0,0.0020202020202,0.2,9.49551434345e-19,0.0,0.671261346423,0.3356306732115
2.7535353535353537,1363.0,0.0020202020202,0.2,3.24296351815e-18,0.0,0.671204709301,0.3356023546505
2.7555555555555555,1364.0,0.0020202020202,0.2,-3.22566865504e-19,0.0,0.671156892393,0.3355784461965
2.757575757575758,1365.0,0.0020202020202,0.2,7.93669168462e-19,0.0,0.671126402297,0.3355632011485
2.7595959595959596,1366.0,0.0020202020202,0.2,2.93190877315e-18,0.0,0.671095484997,0.3355477424985
2.7616161616161614,1367.0,0.0020202020202,0.2,-7.68323057837e-18,0.0,0.67106411,0.335532055
2.7636363636363637,1368.0,0.0020202020202,0.2,3.32247814722e-18,0.0,0.671032245214,0.335516122607
2.7656565656565655,1369.0,0.0020202020202,0.2,1.11421145673e-18,0.0,0.670999856958,0.335499928479
2.7676767676767677,1370.0,0.0020202020202,0.2,1.70632092669e-18,0.0,0.670966909984,0.335483454992
2.7696969696969695,1371.0,0.0020202020202,0.2,4.39062197845e-18,0.0,0.670933367494,0.335466683747
2.771717171717172,1372.0,0.0020202020202,0.2,1.44242530469e-18,0.0,0.670899191156,0.335449595578
2.7737373737373736,1373.0,0.0020202020202,0.2,5.40981446182e-18,0.0,0.670864341126,0.335432170563
2.775757575757576,1374.0,0.0020202020202,0.2,-4.56380295922e-18,0.0,0.67082877606,0.33541438803
2.7777777777777777,1375.0,0.0020202020202,0.2,-5.46770868306e-18,0.0,0.670792453141,0.3353962265705
2.77979797979798,1376.0,0.0020202020202,0.2,-5.32996727116e-18,0.0,0.670755328093,0.3353776640465
2.7818181818181817,1377.0,0.0020202020202,0.2,-1.31383214477e-18,0.0,0.670717355203,0.3353586776015
2.783838383838384,1378.0,0.0020202020202,0.2,-2.595164678e-18,0.0,0.67067848734,0.33533924367
2.785858585858586,1379.0,0.0020202020202,0.2,-5.02387290926e-19,0.0,0.670638675976,0.335319337988
2.787878787878788,1380.0,0.0020202020202,0.2,-1.91072911018e-18,0.0,0.670597871207,0.3352989356035
2.78989898989899,1381.0,0.0020202020202,0.2,1.04719297617e-18,0.0,0.670556021775,0.3352780108875
2.791919191919192,1382.0,0.0020202020202,0.2,-1.04103922171e-18,0.0,0.670513075087,0.3352565375435
2.793939393939394,1383.0,0.0020202020202,0.2,7.75600295049e-19,0.0,0.670472489449,0.3352362447245
2.7959595959595958,1384.0,0.0020202020202,0.2,4.15262201616e-18,0.0,0.670439169141,0.3352195845705
2.797979797979798,1385.0,0.0020202020202,0.2,1.35882157219e-18,0.0,0.670405306441,0.3352026532205
2.8,1386.0,0.0020202020202,0.2,4.48980034957e-18,0.0,0.670370871546,0.335185435773
2.802020202020202,1387.0,0.0020202020202,0.2,-3.64351751012e-18,0.0,0.670335833143,0.3351679165715
2.804040404040404,1388.0,0.0020202020202,0.2,-6.71885505178e-19,0.0,0.670300158421,0.3351500792105
2.806060606060606,1389.0,0.0020202020202,0.2,2.85666626393e-18,0.0,0.670263813091,0.3351319065455
2.808080808080808,1390.0,0.0020202020202,0.2,-3.98209922086e-18,0.0,0.6702267614,0.3351133807
2.81010101010101,1391.0,0.0020202020202,0.2,-2.03452382706e-18,0.0,0.67018896615,0.335094483075
2.812121212121212,1392.0,0.0020202020202,0.2,-1.95415630658e-19,0.0,0.670150388713,0.3350751943565
2.8141414141414143,1393.0,0.0020202020202,0.2,-2.50896280624e-18,0.0,0.670110989053,0.3350554945265
2.816161616161616,1394.0,0.0020202020202,0.2,6.6921925027e-18,0.0,0.670070725739,0.3350353628695
2.8181818181818183,1395.0,0.0020202020202,0.2,-4.34811250896e-18,0.0,0.670029555966,0.335014777983
2.82020202020202,1396.0,0.0020202020202,0.2,1.18533014061e-18,0.0,0.669987435576,0.334993717788
2.8222222222222224,1397.0,0.0020202020202,0.2,-1.57319282577e-18,0.0,0.669944319071,0.3349721595355
2.824242424242424,1398.0,0.0020202020202,0.2,2.15243053039e-18,0.0,0.669900159638,0.334950079819
2.8262626262626265,1399.0,0.0020202020202,0.2,-2.87184806701e-18,0.0,0.669854909168,0.334927454584
2.8282828282828283,1400.0,0.0020202020202,0.2,2.0893916429e-18,0.0,0.669808518273,0.3349042591365
2.83030303030303,1401.0,0.0020202020202,0.2,-4.65262738813e-18,0.0,0.669799245897,0.3348996229485
2.8323232323232324,1402.0,0.0020202020202,0.2,3.55600744563e-18,0.0,0.66978913893,0.334894569465
2.834343434343434,1403.0,0.0020202020202,0.2,3.07494368767e-18,0.0,0.669777837614,0.334888918807
2.8363636363636364,1404.0,0.0020202020202,0.2,-1.9519348246e-18,0.0,0.6697653545,0.33488267725
2.8383838383838382,1405.0,0.0020202020202,0.2,-6.38656150303e-18,0.0,0.669751700553,0.3348758502765
2.8404040404040405,1406.0,0.0020202020202,0.2,1.96590390957e-18,0.0,0.669736885155,0.3348684425775
2.8424242424242423,1407.0,0.0020202020202,0.2,-3.25376145746e-18,0.0,0.669720916113,0.3348604580565
2.8444444444444446,1408.0,0.0020202020202,0.2,4.99853180836e-18,0.0,0.669703799659,0.3348518998295
2.8464646464646464,1409.0,0.0020202020202,0.2,-1.47753023587e-18,0.0,0.669685540458,0.334842770229
2.8484848484848486,1410.0,0.0020202020202,0.2,2.21343004294e-18,0.0,0.669666141612,0.334833070806
2.8505050505050504,1411.0,0.0020202020202,0.2,-2.39265998854e-18,0.0,0.669645604669,0.3348228023345
2.8525252525252527,1412.0,0.0020202020202,0.2,3.06297366098e-19,0.0,0.669623929623,0.3348119648115
2.8545454545454545,1413.0,0.0020202020202,0.2,4.89889459032e-18,0.0,0.669601114931,0.3348005574655
2.8565656565656568,1414.0,0.0020202020202,0.2,6.02245406811e-18,0.0,0.669577157509,0.3347885787545
2.8585858585858586,1415.0,0.0020202020202,0.2,-3.8618555356e-18,0.0,0.669552052749,0.3347760263745
2.860606060606061,1416.0,0.0020202020202,0.2,3.07396795351e-18,0.0,0.669525794523,0.3347628972615
2.8626262626262626,1417.0,0.0020202020202,0.2,-1.47679549643e-18,0.0,0.669498375191,0.3347491875955
2.8646464646464644,1418.0,0.0020202020202,0.2,4.06393076481e-18,0.0,0.669469785613,0.3347348928065
2.8666666666666667,1419.0,0.0020202020202,0.2,-5.87174706631e-18,0.0,0.669440015158,0.334720007579
2.8686868686868685,1420.0,0.0020202020202,0.2,-5.43332452133e-19,0.0,0.669409051709,0.3347045258545
2.8707070707070708,1421.0,0.0020202020202,0.2,-1.26541800672e-19,0.0,0.669376881681,0.3346884408405
2.8727272727272726,1422.0,0.0020202020202,0.2,-8.79242782206e-18,0.0,0.669343490027,0.3346717450135
2.874747474747475,1423.0,0.0020202020202,0.2,5.18228106733e-20,0.0,0.669308860249,0.3346544301245
2.8767676767676766,1424.0,0.0020202020202,0.2,6.04541279698e-18,0.0,0.669272974414,0.334636487207
2.878787878787879,1425.0,0.0020202020202,0.2,2.9397260242e-18,0.0,0.669258724405,0.3346293622025
2.8808080808080807,1426.0,0.0020202020202,0.2,-3.38853975001e-18,0.0,0.66924419654,0.33462209827
2.882828282828283,1427.0,0.0020202020202,0.2,2.89653912796e-18,0.0,0.669228369487,0.3346141847435
2.8848484848484848,1428.0,0.0020202020202,0.2,4.89251127884e-18,0.0,0.669211247855,0.3346056239275
2.886868686868687,1429.0,0.0020202020202,0.2,-1.14435722344e-18,0.0,0.669192834776,0.334596417388
2.888888888888889,1430.0,0.0020202020202,0.2,-5.04418887245e-18,0.0,0.669173131907,0.3345865659535
2.890909090909091,1431.0,0.0020202020202,0.2,-2.9349807894e-19,0.0,0.669152139437,0.3345760697185
2.892929292929293,1432.0,0.0020202020202,0.2,-1.74331354123e-18,0.0,0.669129856093,0.3345649280465
2.894949494949495,1433.0,0.0020202020202,0.2,2.85973284436e-19,0.0,0.669106279149,0.3345531395745
2.896969696969697,1434.0,0.0020202020202,0.2,-3.34734125641e-18,0.0,0.669081404429,0.3345407022145
2.898989898989899,1435.0,0.0020202020202,0.2,-1.86847458124e-18,0.0,0.669055226321,0.3345276131605
2.901010101010101,1436.0,0.0020202020202,0.2,5.71755642628e-18,0.0,0.669027737777,0.3345138688885
2.903030303030303,1437.0,0.0020202020202,0.2,-5.83862134765e-18,0.0,0.668998930332,0.334499465166
2.905050505050505,1438.0,0.0020202020202,0.2,1.69255716795e-18,0.0,0.668968794102,0.334484397051
2.907070707070707,1439.0,0.0020202020202,0.2,-4.10155642437e-18,0.0,0.668937317801,0.3344686589005
2.909090909090909,1440.0,0.0020202020202,0.2,-1.71312738079e-19,0.0,0.668904488749,0.3344522443745
2.911111111111111,1441.0,0.0020202020202,0.2,2.67099120667e-19,0.0,0.66887029288,0.33443514644
2.9131313131313132,1442.0,0.0020202020202,0.2,2.93729864984e-19,0.0,0.668834714754,0.334417357377
2.915151515151515,1443.0,0.0020202020202,0.2,2.80386471831e-18,0.0,0.668797737568,0.334398868784
2.9171717171717173,1444.0,0.0020202020202,0.2,2.13858801708e-18,0.0,0.668759343167,0.3343796715835
2.919191919191919,1445.0,0.0020202020202,0.2,4.15243593425e-18,0.0,0.668719512055,0.3343597560275
2.9212121212121214,1446.0,0.0020202020202,0.2,-9.25385385636e-19,0.0,0.668678223409,0.3343391117045
2.923232323232323,1447.0,0.0020202020202,0.2,2.99604139011e-18,0.0,0.668653700132,0.334326850066
2.9252525252525254,1448.0,0.0020202020202,0.2,-2.49736012524e-18,0.0,0.668637431125,0.3343187155625
2.9272727272727272,1449.0,0.0020202020202,0.2,3.98962106126e-18,0.0,0.668619699899,0.3343098499495
2.9292929292929295,1450.0,0.0020202020202,0.2,3.85292478417e-18,0.0,0.668600507276,0.334300253638
2.9313131313131313,1451.0,0.0020202020202,0.2,1.99760694214e-18,0.0,0.668579852691,0.3342899263455
2.933333333333333,1452.0,0.0020202020202,0.2,3.66723961001e-18,0.0,0.668557734204,0.334278867102
2.9353535353535354,1453.0,0.0020202020202,0.2,3.73432038069e-18,0.0,0.668534148503,0.3342670742515
2.937373737373737,1454.0,0.0020202020202,0.2,-3.13602882972e-18,0.0,0.668509090913,0.3342545454565
2.9393939393939394,1455.0,0.0020202020202,0.2,4.86536196537e-19,0.0,0.668482555401,0.3342412777005
2.9414141414141413,1456.0,0.0020202020202,0.2,-3.51334316263e-18,0.0,0.668454534586,0.334227267293
2.9434343434343435,1457.0,0.0020202020202,0.2,6.57789766452e-19,0.0,0.668425019746,0.334212509873
2.9454545454545453,1458.0,0.0020202020202,0.2,-1.70384615311e-18,0.0,0.668394000831,0.3341970004155
2.9474747474747476,1459.0,0.0020202020202,0.2,-2.26057529917e-18,0.0,0.668361466463,0.3341807332315
2.9494949494949494,1460.0,0.0020202020202,0.2,1.45836157312e-18,0.0,0.668327403955,0.3341637019775
2.9515151515151516,1461.0,0.0020202020202,0.2,5.7528800506e-18,0.0,0.668291799315,0.3341458996575
2.9535353535353535,1462.0,0.0020202020202,0.2,9.97267805941e-19,0.0,0.668254637258,0.334127318629
2.9555555555555557,1463.0,0.0020202020202,0.2,-4.91976593989e-18,0.0,0.668215901216,0.334107950608
2.9575757575757575,1464.0,0.0020202020202,0.2,-1.14068756415e-18,0.0,0.668175573348,0.334087786674
2.95959595959596,1465.0,0.0020202020202,0.2,3.57756299721e-19,0.0,0.668133634554,0.334066817277
2.9616161616161616,1466.0,0.0020202020202,0.2,1.22060757978e-19,0.0,0.668090064481,0.3340450322405
2.963636363636364,1467.0,0.0020202020202,0.2,-1.73296565168e-18,0.0,0.668047687122,0.334023843561
2.9656565656565657,1468.0,0.0020202020202,0.2,2.7814066473e-18,0.0,0.668033048339,0.3340165241695
2.9676767676767675,1469.0,0.0020202020202,0.2,-3.29009892893e-18,0.0,0.668016760493,0.3340083802465
2.9696969696969697,1470.0,0.0020202020202,0.2,2.61780404414e-18,0.0,0.667998824033,0.3339994120165
2.9717171717171715,1471.0,0.0020202020202,0.2,-9.74584812144e-19,0.0,0.667979238101,0.3339896190505
2.973737373737374,1472.0,0.0020202020202,0.2,4.66062697642e-18,0.0,0.667958000543,0.3339790002715
2.9757575757575756,1473.0,0.0020202020202,0.2,-8.1406244867e-19,0.0,0.667935107909,0.3339675539545
2.977777777777778,1474.0,0.0020202020202,0.2,5.05470561402e-19,0.0,0.667910555465,0.3339552777325
2.9797979797979797,1475.0,0.0020202020202,0.2,7.4763785949e-19,0.0,0.667884337199,0.3339421685995
2.981818181818182,1476.0,0.0020202020202,0.2,9.40069475933e-19,0.0,0.667856445826,0.333928222913
2.9838383838383837,1477.0,0.0020202020202,0.2,-3.70179790818e-18,0.0,0.667826872799,0.3339134363995
2.985858585858586,1478.0,0.0020202020202,0.2,9.3119974483e-19,0.0,0.667795608317,0.3338978041585
2.987878787878788,1479.0,0.0020202020202,0.2,1.81471181176e-18,0.0,0.66776264133,0.333881320665
2.98989898989899,1480.0,0.0020202020202,0.2,1.26073819317e-18,0.0,0.667727959553,0.3338639797765
2.991919191919192,1481.0,0.0020202020202,0.2,5.70230475515e-18,0.0,0.667691549472,0.333845774736
2.993939393939394,1482.0,0.0020202020202,0.2,-1.98460942387e-18,0.0,0.667653396354,0.333826698177
2.995959595959596,1483.0,0.0020202020202,0.2,-1.79674716701e-18,0.0,0.667613484258,0.333806742129
2.997979797979798,1484.0,0.0020202020202,0.2,-3.00126732899e-18,0.0,0.667571796045,0.3337858980225
3.0,1485.0,0.0020202020202,0.2,-1.83396587598e-18,0.0,0.667528313387,0.3337641566935
3.002020202020202,1486.0,0.0020202020202,0.2,-6.40186363364e-19,0.0,0.66748301678,0.33374150839
3.004040404040404,1487.0,0.0020202020202,0.2,4.36512798983e-19,0.0,0.66744981817,0.333724909085
3.006060606060606,1488.0,0.0020202020202,0.2,-1.14128852847e-18,0.0,0.667437510535,0.3337187552675
3.008080808080808,1489.0,0.0020202020202,0.2,-1.50979135875e-19,0.0,0.66742335553,0.333711677765
3.01010101010101,1490.0,0.0020202020202,0.2,1.94387499802e-18,0.0,0.667407353564,0.333703676782
3.012121212121212,1491.0,0.0020202020202,0.2,-1.20666830065e-18,0.0,0.66738950381,0.333694751905
3.014141414141414,1492.0,0.0020202020202,0.2,2.26421478596e-18,0.0,0.66736980422,0.33368490211
3.0161616161616163,1493.0,0.0020202020202,0.2,3.52615053513e-18,0.0,0.667348251524,0.333674125762
3.018181818181818,1494.0,0.0020202020202,0.2,-3.55906754501e-19,0.0,0.66732484124,0.33366242062
3.0202020202020203,1495.0,0.0020202020202,0.2,1.50670032276e-18,0.0,0.667299567679,0.3336497838395
3.022222222222222,1496.0,0.0020202020202,0.2,9.81076370672e-19,0.0,0.667272423954,0.333636211977
3.0242424242424244,1497.0,0.0020202020202,0.2,-8.21526751962e-19,0.0,0.667243401987,0.3336217009935
3.026262626262626,1498.0,0.0020202020202,0.2,3.3078186932e-18,0.0,0.667212492514,0.333606246257
3.0282828282828285,1499.0,0.0020202020202,0.2,-2.11792725571e-18,0.0,0.667179685098,0.333589842549
3.0303030303030303,1500.0,0.0020202020202,0.2,4.38123472746e-19,0.0,0.667144968133,0.3335724840665
3.0323232323232325,1501.0,0.0020202020202,0.2,-2.1923451538e-18,0.0,0.667108328856,0.333554164428
3.0343434343434343,1502.0,0.0020202020202,0.2,1.39478648469e-18,0.0,0.667069753353,0.3335348766765
3.036363636363636,1503.0,0.0020202020202,0.2,-1.33858984015e-18,0.0,0.667029226572,0.333514613286
3.0383838383838384,1504.0,0.0020202020202,0.2,-4.82809300895e-21,0.0,0.666986732328,0.333493366164
3.04040404040404,1505.0,0.0020202020202,0.2,-2.8067938607e-19,0.0,0.666942253318,0.333471126659
3.0424242424242425,1506.0,0.0020202020202,0.2,-4.54647797443e-19,0.0,0.666895771127,0.3334478855635
3.0444444444444443,1507.0,0.0020202020202,0.2,-9.14723893351e-19,0.0,0.666887397645,0.3334436988225
3.0464646464646465,1508.0,0.0020202020202,0.2,3.60563710362e-18,0.0,0.6668780318,0.3334390159
3.0484848484848484,1509.0,0.0020202020202,0.2,1.06376641523e-18,0.0,0.666866612306,0.333433306153
3.0505050505050506,1510.0,0.0020202020202,0.2,-2.56404526301e-18,0.0,0.666853139743,0.3334265698715
3.0525252525252524,1511.0,0.0020202020202,0.2,-2.68437480469e-18,0.0,0.666837613529,0.3334188067645
3.0545454545454547,1512.0,0.0020202020202,0.2,-4.85653922918e-19,0.0,0.666820031923,0.3334100159615
3.0565656565656565,1513.0,0.0020202020202,0.2,1.0188224298e-18,0.0,0.666800392036,0.333400196018
3.0585858585858587,1514.0,0.0020202020202,0.2,-8.6082519919e-19,0.0,0.666778689832,0.333389344916
3.0606060606060606,1515.0,0.0020202020202,0.2,-1.95538275667e-18,0.0,0.666754920137,0.3333774600685
3.062626262626263,1516.0,0.0020202020202,0.2,2.24991366408e-18,0.0,0.666729076644,0.333364538322
3.0646464646464646,1517.0,0.0020202020202,0.2,-4.80280637453e-19,0.0,0.666701151922,0.333350575961
3.066666666666667,1518.0,0.0020202020202,0.2,3.43295823161e-18,0.0,0.666671137423,0.3333355687115
3.0686868686868687,1519.0,0.0020202020202,0.2,1.23533607482e-18,0.0,0.666639023487,0.3333195117435
3.0707070707070705,1520.0,0.0020202020202,0.2,1.54206867834e-18,0.0,0.666604799353,0.3333023996765
3.0727272727272728,1521.0,0.0020202020202,0.2,-1.05691010239e-18,0.0,0.666568453167,0.3332842265835
3.0747474747474746,1522.0,0.0020202020202,0.2,-4.20442844552e-20,0.0,0.666529971988,0.333264985994
3.076767676767677,1523.0,0.0020202020202,0.2,6.71017887905e-19,0.0,0.666489341798,0.333244670899
3.0787878787878786,1524.0,0.0020202020202,0.2,9.55758949427e-19,0.0,0.666446547513,0.3332232737565
3.080808080808081,1525.0,0.0020202020202,0.2,-1.0437587474e-18,0.0,0.66640157299,0.333200786495
3.0828282828282827,1526.0,0.0020202020202,0.2,-3.29237347012e-18,0.0,0.666378398295,0.3331891991475
3.084848484848485,1527.0,0.0020202020202,0.2,6.46877899787e-19,0.0,0.666374738018,0.333187369009
3.0868686868686868,1528.0,0.0020202020202,0.2,-8.64881829964e-19,0.0,0.666368810457,0.3331844052285
3.088888888888889,1529.0,0.0020202020202,0.2,-1.46449005343e-18,0.0,0.666360617584,0.333180308792
3.090909090909091,1530.0,0.0020202020202,0.2,9.84350854626e-19,0.0,0.666350160264,0.333175080132
3.092929292929293,1531.0,0.0020202020202,0.2,-3.58784351886e-18,0.0,0.666337438266,0.333168719133
3.094949494949495,1532.0,0.0020202020202,0.2,1.55140477864e-18,0.0,0.666322450267,0.3331612251335
3.096969696969697,1533.0,0.0020202020202,0.2,-2.07029718964e-18,0.0,0.666305193853,0.3331525969265
3.098989898989899,1534.0,0.0020202020202,0.2,-3.23522733238e-19,0.0,0.666285665532,0.333142832766
3.101010101010101,1535.0,0.0020202020202,0.2,-1.57419094059e-18,0.0,0.666263860733,0.3331319303665
3.103030303030303,1536.0,0.0020202020202,0.2,3.99673966867e-19,0.0,0.666239773818,0.333119886909
3.105050505050505,1537.0,0.0020202020202,0.2,1.66966556711e-19,0.0,0.666213398083,0.3331066990415
3.107070707070707,1538.0,0.0020202020202,0.2,-5.28376179394e-20,0.0,0.66618472577,0.333092362885
3.109090909090909,1539.0,0.0020202020202,0.2,9.7761267496e-19,0.0,0.66615374807,0.333076874035
3.111111111111111,1540.0,0.0020202020202,0.2,3.12341677018e-18,0.0,0.666120455133,0.3330602275665
3.113131313131313,1541.0,0.0020202020202,0.2,2.22853508253e-19,0.0,0.666084836074,0.333042418037
3.1151515151515152,1542.0,0.0020202020202,0.2,1.77572639828e-19,0.0,0.666046878983,0.3330234394915
3.117171717171717,1543.0,0.0020202020202,0.2,-1.96480926238e-18,0.0,0.66600657093,0.333003285465
3.1191919191919193,1544.0,0.0020202020202,0.2,3.98961147545e-18,0.0,0.665963897977,0.3329819489885
3.121212121212121,1545.0,0.0020202020202,0.2,-3.40738346045e-18,0.0,0.665918845184,0.332959422592
3.1232323232323234,1546.0,0.0020202020202,0.2,-1.20655656252e-18,0.0,0.665871396619,0.3329356983095
3.125252525252525,1547.0,0.0020202020202,0.2,-3.68200997876e-18,0.0,0.665849950713,0.3329249753565
3.1272727272727274,1548.0,0.0020202020202,0.2,8.88878156177e-19,0.0,0.665847896574,0.332923948287
3.1292929292929292,1549.0,0.0020202020202,0.2,1.1197927375e-18,0.0,0.665843359928,0.332921679964
3.1313131313131315,1550.0,0.0020202020202,0.2,5.41657771923e-19,0.0,0.665836341951,0.3329181709755
3.1333333333333333,1551.0,0.0020202020202,0.2,-2.11205332565e-18,0.0,0.66582684278,0.33291342139
3.1353535353535356,1552.0,0.0020202020202,0.2,-2.4025856217e-18,0.0,0.665814861518,0.332907430759
3.1373737373737374,1553.0,0.0020202020202,0.2,-1.12076506693e-18,0.0,0.665800396243,0.3329001981215
3.139393939393939,1554.0,0.0020202020202,0.2,1.16329627752e-18,0.0,0.665783444008,0.332891722004
3.1414141414141414,1555.0,0.0020202020202,0.2,-1.68609901076e-18,0.0,0.665764000848,0.332882000424
3.1434343434343432,1556.0,0.0020202020202,0.2,-2.545542617e-18,0.0,0.665742061789,0.3328710308945
3.1454545454545455,1557.0,0.0020202020202,0.2,-4.39721921285e-18,0.0,0.66571762085,0.332858810425
3.1474747474747473,1558.0,0.0020202020202,0.2,-2.31150447482e-18,0.0,0.665690671051,0.3328453355255
3.1494949494949496,1559.0,0.0020202020202,0.2,2.67578150296e-18,0.0,0.66566120442,0.33283060221
3.1515151515151514,1560.0,0.0020202020202,0.2,-7.49963554117e-19,0.0,0.665629211998,0.332814605999
3.1535353535353536,1561.0,0.0020202020202,0.2,5.93385414509e-18,0.0,0.665594683851,0.3327973419255
3.1555555555555554,1562.0,0.0020202020202,0.2,4.94681707845e-19,0.0,0.66555760907,0.332778804535
3.1575757575757577,1563.0,0.0020202020202,0.2,-2.99144601082e-18,0.0,0.665517975785,0.3327589878925
3.1595959595959595,1564.0,0.0020202020202,0.2,1.02553457773e-18,0.0,0.665475771171,0.3327378855855
3.1616161616161618,1565.0,0.0020202020202,0.2,9.84633793553e-19,0.0,0.665430981453,0.3327154907265
3.1636363636363636,1566.0,0.0020202020202,0.2,-9.10485539438e-19,0.0,0.665383591921,0.3326917959605
3.165656565656566,1567.0,0.0020202020202,0.2,-3.48191749427e-18,0.0,0.665333586931,0.3326667934655
3.1676767676767676,1568.0,0.0020202020202,0.2,2.73819472603e-18,0.0,0.665280949922,0.332640474961
3.16969696969697,1569.0,0.0020202020202,0.2,-2.16353538312e-18,0.0,0.665239840493,0.3326199202465
3.1717171717171717,1570.0,0.0020202020202,0.2,-3.34338711246e-19,0.0,0.665236551939,0.3326182759695
3.1737373737373735,1571.0,0.0020202020202,0.2,-1.77657500194e-19,0.0,0.665230559581,0.3326152797905
3.175757575757576,1572.0,0.0020202020202,0.2,2.10827239957e-18,0.0,0.665221862891,0.3326109314455
3.1777777777777776,1573.0,0.0020202020202,0.2,-7.28365533379e-19,0.0,0.665210460367,0.3326052301835
3.17979797979798,1574.0,0.0020202020202,0.2,4.99653773775e-18,0.0,0.665196349542,0.332598174771
3.1818181818181817,1575.0,0.0020202020202,0.2,5.12957964703e-18,0.0,0.665179526988,0.332589763494
3.183838383838384,1576.0,0.0020202020202,0.2,-1.00492614958e-18,0.0,0.665159988319,0.3325799941595
3.1858585858585857,1577.0,0.0020202020202,0.2,-4.85200903791e-19,0.0,0.665137728198,0.332568864099
3.187878787878788,1578.0,0.0020202020202,0.2,-1.09523130217e-18,0.0,0.665112740344,0.332556370172
3.18989898989899,1579.0,0.0020202020202,0.2,1.91125465409e-18,0.0,0.665085017537,0.3325425087685
3.191919191919192,1580.0,0.0020202020202,0.2,2.48512478876e-18,0.0,0.665054551626,0.332527275813
3.193939393939394,1581.0,0.0020202020202,0.2,2.13625964101e-18,0.0,0.665021333533,0.3325106667665
3.195959595959596,1582.0,0.0020202020202,0.2,3.35097366383e-18,0.0,0.664985353262,0.332492676631
3.197979797979798,1583.0,0.0020202020202,0.2,-6.98457807484e-19,0.0,0.664946599906,0.332473299953
3.2,1584.0,0.0020202020202,0.2,2.54567565432e-18,0.0,0.664905061653,0.3324525308265
3.202020202020202,1585.0,0.0020202020202,0.2,2.93375510104e-18,0.0,0.664860725796,0.332430362898
3.2040404040404042,1586.0,0.0020202020202,0.2,-3.36392190912e-19,0.0,0.664813578738,0.332406789369
3.206060606060606,1587.0,0.0020202020202,0.2,1.0938553759e-18,0.0,0.664763606004,0.332381803002
3.208080808080808,1588.0,0.0020202020202,0.2,-1.67344741246e-18,0.0,0.664710792245,0.3323553961225
3.21010101010101,1589.0,0.0020202020202,0.2,-9.33760460527e-19,0.0,0.664655121249,0.3323275606245
3.212121212121212,1590.0,0.0020202020202,0.2,5.08940840184e-18,0.0,0.664596575951,0.3322982879755
3.214141414141414,1591.0,0.0020202020202,0.2,-6.04353204189e-19,0.0,0.664535138439,0.3322675692195
3.216161616161616,1592.0,0.0020202020202,0.2,-8.13054362762e-19,0.0,0.664517339418,0.332258669709
3.2181818181818183,1593.0,0.0020202020202,0.2,1.5015312217e-19,0.0,0.664509014302,0.332254507151
3.22020202020202,1594.0,0.0020202020202,0.2,6.14353158837e-19,0.0,0.664497754082,0.332248877041
3.2222222222222223,1595.0,0.0020202020202,0.2,4.38324066056e-20,0.0,0.664483555739,0.3322417778695
3.224242424242424,1596.0,0.0020202020202,0.2,-2.70686758735e-18,0.0,0.664466415348,0.332233207674
3.2262626262626264,1597.0,0.0020202020202,0.2,-8.33187897051e-20,0.0,0.664446328088,0.332223164044
3.228282828282828,1598.0,0.0020202020202,0.2,-2.41539054649e-18,0.0,0.664423288245,0.3322116441225
3.2303030303030305,1599.0,0.0020202020202,0.2,-3.27809345492e-18,0.0,0.664397289214,0.332198644607
3.2323232323232323,1600.0,0.0020202020202,0.2,4.8910295397e-19,0.0,0.664368323513,0.3321841617565
3.2343434343434345,1601.0,0.0020202020202,0.2,2.66518265342e-19,0.0,0.664336382782,0.332168191391
3.2363636363636363,1602.0,0.0020202020202,0.2,-1.99457871318e-18,0.0,0.664301457794,0.332150728897
3.2383838383838386,1603.0,0.0020202020202,0.2,3.02987873262e-18,0.0,0.664263538458,0.332131769229
3.2404040404040404,1604.0,0.0020202020202,0.2,1.98436769805e-18,0.0,0.66422261383,0.332111306915
3.242424242424242,1605.0,0.0020202020202,0.2,-1.38636017491e-18,0.0,0.664178672119,0.3320893360595
3.2444444444444445,1606.0,0.0020202020202,0.2,2.10253015048e-18,0.0,0.664131700691,0.3320658503455
3.2464646464646463,1607.0,0.0020202020202,0.2,2.90633575837e-18,0.0,0.664081686082,0.332040843041
3.2484848484848485,1608.0,0.0020202020202,0.2,2.91832123164e-18,0.0,0.664028614003,0.3320143070015
3.2505050505050503,1609.0,0.0020202020202,0.2,-4.6287701911e-19,0.0,0.663972469346,0.331986234673
3.2525252525252526,1610.0,0.0020202020202,0.2,1.6685908566e-18,0.0,0.663913236199,0.3319566180995
3.2545454545454544,1611.0,0.0020202020202,0.2,-9.98433749544e-19,0.0,0.663850897846,0.331925448923
3.2565656565656567,1612.0,0.0020202020202,0.2,-4.93159245454e-18,0.0,0.663785436783,0.3318927183915
3.2585858585858585,1613.0,0.0020202020202,0.2,-3.28894884499e-18,0.0,0.663716834722,0.331858417361
3.2606060606060607,1614.0,0.0020202020202,0.2,2.8312419792e-18,0.0,0.663648304276,0.331824152138
3.2626262626262625,1615.0,0.0020202020202,0.2,-2.83011081221e-18,0.0,0.663636439362,0.331818219681
3.264646464646465,1616.0,0.0020202020202,0.2,-1.43336379833e-18,0.0,0.663621400987,0.3318107004935
3.2666666666666666,1617.0,0.0020202020202,0.2,-1.72613619604e-18,0.0,0.663603184675,0.3318015923375
3.268686868686869,1618.0,0.0020202020202,0.2,9.92726157872e-19,0.0,0.663581785103,0.3317908925515
3.2707070707070707,1619.0,0.0020202020202,0.2,1.1039559793e-18,0.0,0.663557196113,0.3317785980565
3.272727272727273,1620.0,0.0020202020202,0.2,-2.95089459594e-18,0.0,0.66352941071,0.331764705355
3.2747474747474747,1621.0,0.0020202020202,0.2,2.74726403936e-18,0.0,0.663498421077,0.3317492105385
3.2767676767676766,1622.0,0.0020202020202,0.2,2.84613963546e-19,0.0,0.663464218574,0.331732109287
3.278787878787879,1623.0,0.0020202020202,0.2,3.66880229575e-18,0.0,0.663426793745,0.3317133968725
3.2808080808080806,1624.0,0.0020202020202,0.2,-1.73690365201e-18,0.0,0.66338613633,0.331693068165
3.282828282828283,1625.0,0.0020202020202,0.2,-2.0868735504e-18,0.0,0.663342235266,0.331671117633
3.2848484848484847,1626.0,0.0020202020202,0.2,-9.39236595448e-19,0.0,0.663295078697,0.3316475393485
3.286868686868687,1627.0,0.0020202020202,0.2,-6.57206484949e-19,0.0,0.663244653981,0.3316223269905
3.2888888888888888,1628.0,0.0020202020202,0.2,3.496429903e-18,0.0,0.663190947696,0.331595473848
3.290909090909091,1629.0,0.0020202020202,0.2,3.5358419621e-18,0.0,0.66313394565,0.331566972825
3.292929292929293,1630.0,0.0020202020202,0.2,7.52750353363e-19,0.0,0.663073632886,0.331536816443
3.294949494949495,1631.0,0.0020202020202,0.2,1.15948034447e-18,0.0,0.663009993693,0.3315049968465
3.296969696969697,1632.0,0.0020202020202,0.2,-4.74863544486e-18,0.0,0.662943011614,0.331471505807
3.298989898989899,1633.0,0.0020202020202,0.2,-7.03919851339e-19,0.0,0.662872669451,0.3314363347255
3.301010101010101,1634.0,0.0020202020202,0.2,2.78514592335e-18,0.0,0.662798949277,0.3313994746385
3.303030303030303,1635.0,0.0020202020202,0.2,-7.06227724215e-19,0.0,0.662721832446,0.331360916223
3.305050505050505,1636.0,0.0020202020202,0.2,-2.48704834038e-18,0.0,0.662641299597,0.3313206497985
3.3070707070707073,1637.0,0.0020202020202,0.2,5.83732420937e-18,0.0,0.662557330668,0.331278665334
3.309090909090909,1638.0,0.0020202020202,0.2,1.95276237559e-18,0.0,0.66253491122,0.33126745561
3.311111111111111,1639.0,0.0020202020202,0.2,4.31134592127e-18,0.0,0.66251108145,0.331255540725
3.313131313131313,1640.0,0.0020202020202,0.2,-2.25028099202e-18,0.0,0.662483819056,0.331241909528
3.315151515151515,1641.0,0.0020202020202,0.2,5.0431221141e-18,0.0,0.662453116554,0.331226558277
3.317171717171717,1642.0,0.0020202020202,0.2,-4.55858806443e-18,0.0,0.662418965688,0.331209482844
3.319191919191919,1643.0,0.0020202020202,0.2,-9.37546114221e-19,0.0,0.662381357433,0.3311906787165
3.3212121212121213,1644.0,0.0020202020202,0.2,-1.83290249788e-20,0.0,0.662340282002,0.331170141001
3.323232323232323,1645.0,0.0020202020202,0.2,2.23878590401e-20,0.0,0.662295728855,0.3311478644275
3.3252525252525253,1646.0,0.0020202020202,0.2,1.86547835089e-18,0.0,0.662247686702,0.331123843351
3.327272727272727,1647.0,0.0020202020202,0.2,-2.78496165093e-18,0.0,0.662196143513,0.3310980717565
3.3292929292929294,1648.0,0.0020202020202,0.2,2.46917187978e-18,0.0,0.662141086522,0.331070543261
3.3313131313131312,1649.0,0.0020202020202,0.2,-6.38597207962e-18,0.0,0.662082502238,0.331041251119
3.3333333333333335,1650.0,0.0020202020202,0.2,-2.93586088713e-18,0.0,0.662020376451,0.3310101882255
3.3353535353535353,1651.0,0.0020202020202,0.2,1.96190210442e-18,0.0,0.661954694238,0.330977347119
3.3373737373737375,1652.0,0.0020202020202,0.2,-6.95943557215e-18,0.0,0.661885439975,0.3309427199875
3.3393939393939394,1653.0,0.0020202020202,0.2,-9.43922537889e-19,0.0,0.661812597339,0.3309062986695
3.3414141414141416,1654.0,0.0020202020202,0.2,3.3917460562e-18,0.0,0.661736149322,0.330868074661
3.3434343434343434,1655.0,0.0020202020202,0.2,-2.34845868556e-18,0.0,0.661656078238,0.330828039119
3.3454545454545452,1656.0,0.0020202020202,0.2,-6.71271971736e-19,0.0,0.66157236573,0.330786182865
3.3474747474747475,1657.0,0.0020202020202,0.2,2.92440588412e-18,0.0,0.66148499278,0.33074249639
3.3494949494949493,1658.0,0.0020202020202,0.2,3.87415644661e-19,0.0,0.661393939718,0.330696969859
3.3515151515151516,1659.0,0.0020202020202,0.2,1.01744519708e-18,0.0,0.66129918623,0.330649593115
3.3535353535353534,1660.0,0.0020202020202,0.2,2.19790083055e-18,0.0,0.66120071137,0.330600355685
3.3555555555555556,1661.0,0.0020202020202,0.2,-3.66477465606e-18,0.0,0.66113963397,0.330569816985
3.3575757575757574,1662.0,0.0020202020202,0.2,1.56918588157e-18,0.0,0.661120216762,0.330560108381
3.3595959595959597,1663.0,0.0020202020202,0.2,-1.28739148615e-18,0.0,0.661097482326,0.330548741163
3.3616161616161615,1664.0,0.0020202020202,0.2,-1.66524374754e-18,0.0,0.661071423873,0.3305357119365
3.3636363636363638,1665.0,0.0020202020202,0.2,-1.41133078169e-18,0.0,0.661042033898,0.330521016949
3.3656565656565656,1666.0,0.0020202020202,0.2,-1.19754862875e-18,0.0,0.661009304181,0.3305046520905
3.367676767676768,1667.0,0.0020202020202,0.2,-3.62535203607e-18,0.0,0.660973225793,0.3304866128965
3.3696969696969696,1668.0,0.0020202020202,0.2,-6.8757145621e-19,0.0,0.660933789106,0.330466894553
3.371717171717172,1669.0,0.0020202020202,0.2,2.76452555569e-18,0.0,0.660890983794,0.330445491897
3.3737373737373737,1670.0,0.0020202020202,0.2,-1.44896411069e-18,0.0,0.66084479884,0.33042239942
3.375757575757576,1671.0,0.0020202020202,0.2,8.81505401426e-19,0.0,0.660795222544,0.330397611272
3.3777777777777778,1672.0,0.0020202020202,0.2,-5.42070244224e-18,0.0,0.66074224253,0.330371121265
3.3797979797979796,1673.0,0.0020202020202,0.2,2.83703335252e-18,0.0,0.66068584575,0.330342922875
3.381818181818182,1674.0,0.0020202020202,0.2,-4.49254511703e-18,0.0,0.660626018492,0.330313009246
3.3838383838383836,1675.0,0.0020202020202,0.2,-1.42887558238e-19,0.0,0.660562746389,0.3302813731945
3.385858585858586,1676.0,0.0020202020202,0.2,2.06011296945e-18,0.0,0.660496014424,0.330248007212
3.3878787878787877,1677.0,0.0020202020202,0.2,-3.24953817375e-18,0.0,0.660425806936,0.330212903468
3.38989898989899,1678.0,0.0020202020202,0.2,1.07733693378e-18,0.0,0.660352107632,0.330176053816
3.391919191919192,1679.0,0.0020202020202,0.2,3.711804181e-18,0.0,0.660296422297,0.3301482111485
3.393939393939394,1680.0,0.0020202020202,0.2,5.48123818367e-18,0.0,0.660285233813,0.3301426169065
3.395959595959596,1681.0,0.0020202020202,0.2,5.44867764417e-18,0.0,0.660270499691,0.3301352498455
3.397979797979798,1682.0,0.0020202020202,0.2,4.13663312763e-19,0.0,0.660252214879,0.3301261074395
3.4,1683.0,0.0020202020202,0.2,1.30418116444e-18,0.0,0.660230373639,0.3301151868195
3.402020202020202,1684.0,0.0020202020202,0.2,-4.63399878867e-18,0.0,0.660204969542,0.330102484771
3.404040404040404,1685.0,0.0020202020202,0.2,-2.23055521676e-18,0.0,0.660175995481,0.3300879977405
3.4060606060606062,1686.0,0.0020202020202,0.2,-2.76194694738e-18,0.0,0.660143443671,0.3300717218355
3.408080808080808,1687.0,0.0020202020202,0.2,-1.07203817329e-18,0.0,0.660107305656,0.330053652828
3.4101010101010103,1688.0,0.0020202020202,0.2,-2.56423556641e-18,0.0,0.660067572316,0.330033786158
3.412121212121212,1689.0,0.0020202020202,0.2,-1.96943815652e-18,0.0,0.66002423387,0.330012116935
3.414141414141414,1690.0,0.0020202020202,0.2,5.67582485971e-19,0.0,0.659977279884,0.329988639942
3.416161616161616,1691.0,0.0020202020202,0.2,2.72528240635e-20,0.0,0.659926699276,0.329963349638
3.418181818181818,1692.0,0.0020202020202,0.2,-1.99329128524e-18,0.0,0.659872480322,0.329936240161
3.4202020202020202,1693.0,0.0020202020202,0.2,-1.31380578162e-18,0.0,0.659814610664,0.329907305332
3.422222222222222,1694.0,0.0020202020202,0.2,1.54040624106e-18,0.0,0.659753077316,0.329876538658
3.4242424242424243,1695.0,0.0020202020202,0.2,5.55102960468e-18,0.0,0.659687866669,0.3298439333345
3.426262626262626,1696.0,0.0020202020202,0.2,-1.1581025252e-19,0.0,0.6596189645,0.32980948225
3.4282828282828284,1697.0,0.0020202020202,0.2,-5.95576667372e-19,0.0,0.659546355978,0.329773177989
3.43030303030303,1698.0,0.0020202020202,0.2,1.42584945744e-19,0.0,0.659470025671,0.3297350128355
3.4323232323232324,1699.0,0.0020202020202,0.2,2.58407755808e-18,0.0,0.659389957556,0.329694978778
3.4343434343434343,1700.0,0.0020202020202,0.2,2.76819895624e-18,0.0,0.659306135022,0.329653067511
3.4363636363636365,1701.0,0.0020202020202,0.2,2.56237717463e-18,0.0,0.659218540883,0.3296092704415
3.4383838383838383,1702.0,0.0020202020202,0.2,4.85617830052e-18,0.0,0.65912715738,0.32956357869
3.4404040404040406,1703.0,0.0020202020202,0.2,-3.93789070202e-18,0.0,0.659031966195,0.3295159830975
3.4424242424242424,1704.0,0.0020202020202,0.2,2.216232943e-18,0.0,0.658994526394,0.329497263197
3.4444444444444446,1705.0,0.0020202020202,0.2,1.62370286131e-18,0.0,0.658964374478,0.329482187239
3.4464646464646465,1706.0,0.0020202020202,0.2,5.81722295635e-18,0.0,0.658930397626,0.329465198813
3.4484848484848483,1707.0,0.0020202020202,0.2,5.09198711669e-18,0.0,0.658892587558,0.329446293779
3.4505050505050505,1708.0,0.0020202020202,0.2,2.93386064237e-19,0.0,0.658850935366,0.329425467683
3.4525252525252523,1709.0,0.0020202020202,0.2,1.01071445191e-18,0.0,0.65880543152,0.32940271576
3.4545454545454546,1710.0,0.0020202020202,0.2,-7.33896736887e-19,0.0,0.658756065873,0.3293780329365
3.4565656565656564,1711.0,0.0020202020202,0.2,-2.55203166411e-18,0.0,0.658702827668,0.329351413834
3.4585858585858587,1712.0,0.0020202020202,0.2,-5.1768232828e-19,0.0,0.658645705544,0.329322852772
3.4606060606060605,1713.0,0.0020202020202,0.2,-5.29540153878e-19,0.0,0.658584687541,0.3292923437705
3.4626262626262627,1714.0,0.0020202020202,0.2,-2.41021945831e-18,0.0,0.658519761109,0.3292598805545
3.4646464646464645,1715.0,0.0020202020202,0.2,4.98511656074e-18,0.0,0.65845091311,0.329225456555
3.466666666666667,1716.0,0.0020202020202,0.2,8.72280434938e-19,0.0,0.658378129829,0.3291890649145
3.4686868686868686,1717.0,0.0020202020202,0.2,1.32653580666e-18,0.0,0.658301396981,0.3291506984905
3.470707070707071,1718.0,0.0020202020202,0.2,5.56855972807e-18,0.0,0.658220699713,0.3291103498565
3.4727272727272727,1719.0,0.0020202020202,0.2,-1.38063068174e-20,0.0,0.658136022619,0.3290680113095
3.474747474747475,1720.0,0.0020202020202,0.2,-2.10960790649e-18,0.0,0.65804734974,0.32902367487
3.4767676767676767,1721.0,0.0020202020202,0.2,-3.02186469009e-19,0.0,0.657954664575,0.3289773322875
3.478787878787879,1722.0,0.0020202020202,0.2,-3.06208097494e-18,0.0,0.657857950089,0.3289289750445
3.480808080808081,1723.0,0.0020202020202,0.2,5.58003556641e-18,0.0,0.657757188719,0.3288785943595
3.4828282828282826,1724.0,0.0020202020202,0.2,2.89231474412e-18,0.0,0.657652362384,0.328826181192
3.484848484848485,1725.0,0.0020202020202,0.2,3.53941647584e-18,0.0,0.657543452491,0.3287717262455
3.4868686868686867,1726.0,0.0020202020202,0.2,-5.81941592694e-19,0.0,0.657430439945,0.3287152199725
3.488888888888889,1727.0,0.0020202020202,0.2,-5.9932327003e-18,0.0,0.657313305154,0.328656652577
3.4909090909090907,1728.0,0.0020202020202,0.2,5.74672674251e-18,0.0,0.657192028043,0.3285960140215
3.492929292929293,1729.0,0.0020202020202,0.2,-3.16477688317e-18,0.0,0.657154233415,0.3285771167075
3.494949494949495,1730.0,0.0020202020202,0.2,-1.17632579919e-18,0.0,0.657128594309,0.3285642971545
3.496969696969697,1731.0,0.0020202020202,0.2,-1.48626910139e-18,0.0,0.657099192675,0.3285495963375
3.498989898989899,1732.0,0.0020202020202,0.2,-2.66721420921e-18,0.0,0.657066021115,0.3285330105575
3.501010101010101,1733.0,0.0020202020202,0.2,-4.40910981611e-18,0.0,0.657029071648,0.328514535824
3.503030303030303,1734.0,0.0020202020202,0.2,-6.53696384507e-18,0.0,0.656988335714,0.328494167857
3.505050505050505,1735.0,0.0020202020202,0.2,-5.31249969708e-18,0.0,0.656943804182,0.328471902091
3.507070707070707,1736.0,0.0020202020202,0.2,-2.47158129566e-18,0.0,0.656895467351,0.3284477336755
3.5090909090909093,1737.0,0.0020202020202,0.2,-7.61106188543e-18,0.0,0.656843314959,0.3284216574795
3.511111111111111,1738.0,0.0020202020202,0.2,-2.10237370949e-18,0.0,0.656787336189,0.3283936680945
3.5131313131313133,1739.0,0.0020202020202,0.2,5.52522258278e-18,0.0,0.656727519669,0.3283637598345
3.515151515151515,1740.0,0.0020202020202,0.2,6.39205070421e-18,0.0,0.656663853485,0.3283319267425
3.517171717171717,1741.0,0.0020202020202,0.2,1.6934630794e-18,0.0,0.656596325184,0.328298162592
3.519191919191919,1742.0,0.0020202020202,0.2,-1.88398633464e-18,0.0,0.656524921777,0.3282624608885
3.521212121212121,1743.0,0.0020202020202,0.2,-7.82517793841e-19,0.0,0.656449629752,0.328224814876
3.5232323232323233,1744.0,0.0020202020202,0.2,-6.26791046581e-18,0.0,0.656370435072,0.328185217536
3.525252525252525,1745.0,0.0020202020202,0.2,-5.0598016212e-18,0.0,0.656287323191,0.3281436615955
3.5272727272727273,1746.0,0.0020202020202,0.2,-3.30843201996e-18,0.0,0.656200279051,0.3281001395255
3.529292929292929,1747.0,0.0020202020202,0.2,-4.02738648944e-18,0.0,0.656109287099,0.3280546435495
3.5313131313131314,1748.0,0.0020202020202,0.2,-7.91472495313e-18,0.0,0.656065891548,0.328032945774
3.533333333333333,1749.0,0.0020202020202,0.2,-3.50011174045e-18,0.0,0.656041426782,0.328020713391
3.5353535353535355,1750.0,0.0020202020202,0.2,-7.97381328344e-18,0.0,0.656012955317,0.3280064776585
3.5373737373737373,1751.0,0.0020202020202,0.2,1.66316451548e-18,0.0,0.655980470224,0.327990235112
3.5393939393939395,1752.0,0.0020202020202,0.2,-3.60763021553e-18,0.0,0.65594396402,0.32797198201
3.5414141414141413,1753.0,0.0020202020202,0.2,-1.20586448028e-18,0.0,0.65590342867,0.327951714335
3.5434343434343436,1754.0,0.0020202020202,0.2,1.73004429571e-18,0.0,0.655858855596,0.327929427798
3.5454545454545454,1755.0,0.0020202020202,0.2,-8.79272195496e-19,0.0,0.655810235676,0.327905117838
3.5474747474747477,1756.0,0.0020202020202,0.2,-1.27130574097e-18,0.0,0.655757559257,0.3278787796285
3.5494949494949495,1757.0,0.0020202020202,0.2,-2.32840164836e-18,0.0,0.655700816152,0.327850408076
3.5515151515151513,1758.0,0.0020202020202,0.2,-1.87470170099e-18,0.0,0.655639995651,0.3278199978255
3.5535353535353535,1759.0,0.0020202020202,0.2,-3.41975377875e-18,0.0,0.655575086525,0.3277875432625
3.5555555555555554,1760.0,0.0020202020202,0.2,-1.25927054064e-17,0.0,0.655506077033,0.3277530385165
3.5575757575757576,1761.0,0.0020202020202,0.2,1.77218819e-18,0.0,0.655432954925,0.3277164774625
3.5595959595959594,1762.0,0.0020202020202,0.2,9.05286651545e-18,0.0,0.65535570745,0.327677853725
3.5616161616161617,1763.0,0.0020202020202,0.2,-3.98860366165e-18,0.0,0.655274321364,0.327637160682
3.5636363636363635,1764.0,0.0020202020202,0.2,1.66931147776e-18,0.0,0.655188782933,0.3275943914665
3.5656565656565657,1765.0,0.0020202020202,0.2,8.46930166889e-18,0.0,0.655099077941,0.3275495389705
3.5676767676767676,1766.0,0.0020202020202,0.2,-3.61687824785e-18,0.0,0.655005191696,0.327502595848
3.56969696969697,1767.0,0.0020202020202,0.2,-2.33402843431e-18,0.0,0.654907109038,0.327453554519
3.5717171717171716,1768.0,0.0020202020202,0.2,-3.27561286884e-18,0.0,0.654804814345,0.3274024071725
3.573737373737374,1769.0,0.0020202020202,0.2,2.54518719365e-18,0.0,0.65469829154,0.32734914577
3.5757575757575757,1770.0,0.0020202020202,0.2,-7.3739647875e-18,0.0,0.654587524098,0.327293762049
3.577777777777778,1771.0,0.0020202020202,0.2,1.42632471637e-18,0.0,0.654472495052,0.327236247526
3.5797979797979798,1772.0,0.0020202020202,0.2,4.43726201534e-18,0.0,0.654353187005,0.3271765935025
3.581818181818182,1773.0,0.0020202020202,0.2,-6.28556875556e-19,0.0,0.654229582132,0.327114791066
3.583838383838384,1774.0,0.0020202020202,0.2,1.11428829892e-17,0.0,0.654101662189,0.3270508310945
3.5858585858585856,1775.0,0.0020202020202,0.2,1.04850176758e-18,0.0,0.654040738659,0.3270203693295
3.587878787878788,1776.0,0.0020202020202,0.2,-2.8464986631e-18,0.0,0.653980718999,0.3269903594995
3.5898989898989897,1777.0,0.0020202020202,0.2,-9.50668116163e-19,0.0,0.653916366319,0.3269581831595
3.591919191919192,1778.0,0.0020202020202,0.2,8.13531716672e-18,0.0,0.653847669764,0.326923834882
3.5939393939393938,1779.0,0.0020202020202,0.2,1.38973109358e-18,0.0,0.653774617997,0.3268873089985
3.595959595959596,1780.0,0.0020202020202,0.2,-9.67779507185e-18,0.0,0.653697199205,0.3268485996025
3.597979797979798,1781.0,0.0020202020202,0.2,-5.48285022585e-19,0.0,0.653617221009,0.3268086105045
3.6,1782.0,0.0020202020202,0.2,-1.9034134147e-18,0.0,0.653570009193,0.3267850045965
3.602020202020202,1783.0,0.0020202020202,0.2,3.4379417699e-19,0.0,0.653518763975,0.3267593819875
3.604040404040404,1784.0,0.0020202020202,0.2,1.54469769074e-18,0.0,0.653463475891,0.3267317379455
3.606060606060606,1785.0,0.0020202020202,0.2,-1.09758812826e-18,0.0,0.653404134994,0.326702067497
3.608080808080808,1786.0,0.0020202020202,0.2,-1.03015031733e-17,0.0,0.653340730857,0.3266703654285
3.61010101010101,1787.0,0.0020202020202,0.2,-8.69810288525e-18,0.0,0.653273252581,0.3266366262905
3.6121212121212123,1788.0,0.0020202020202,0.2,6.8938611063e-18,0.0,0.653201688797,0.3266008443985
3.614141414141414,1789.0,0.0020202020202,0.2,-1.7723737628e-18,0.0,0.653126027673,0.3265630138365
3.6161616161616164,1790.0,0.0020202020202,0.2,-7.57651673052e-18,0.0,0.653046256923,0.3265231284615
3.618181818181818,1791.0,0.0020202020202,0.2,-1.14902720538e-18,0.0,0.652962363806,0.326481181903
3.6202020202020204,1792.0,0.0020202020202,0.2,-1.48995041582e-17,0.0,0.652874335138,0.326437167569
3.6222222222222222,1793.0,0.0020202020202,0.2,-2.40658682432e-18,0.0,0.652782157295,0.3263910786475
3.624242424242424,1794.0,0.0020202020202,0.2,1.64468295127e-18,0.0,0.652685816218,0.326342908109
3.6262626262626263,1795.0,0.0020202020202,0.2,2.55740870312e-18,0.0,0.65264020195,0.326320100975
3.628282828282828,1796.0,0.0020202020202,0.2,-2.75610263651e-18,0.0,0.652610923855,0.3263054619275
3.6303030303030304,1797.0,0.0020202020202,0.2,-1.05553364044e-17,0.0,0.652577399679,0.3262886998395
3.632323232323232,1798.0,0.0020202020202,0.2,-3.90017729794e-18,0.0,0.652539622504,0.326269811252
3.6343434343434344,1799.0,0.0020202020202,0.2,-2.48591040377e-18,0.0,0.652497584933,0.3262487924665
3.6363636363636362,1800.0,0.0020202020202,0.2,7.81804009587e-18,0.0,0.65245127909,0.326225639545
3.6383838383838385,1801.0,0.0020202020202,0.2,-1.41785373985e-18,0.0,0.652400696628,0.326200348314
3.6404040404040403,1802.0,0.0020202020202,0.2,-1.29024962601e-17,0.0,0.652345828731,0.3261729143655
3.6424242424242426,1803.0,0.0020202020202,0.2,1.98173536393e-18,0.0,0.652286666119,0.3261433330595
3.6444444444444444,1804.0,0.0020202020202,0.2,-2.54541777728e-18,0.0,0.652223199055,0.3261115995275
3.6464646464646466,1805.0,0.0020202020202,0.2,-6.98123061471e-18,0.0,0.652155417348,0.326077708674
3.6484848484848484,1806.0,0.0020202020202,0.2,3.46580811927e-18,0.0,0.652083310359,0.3260416551795
3.6505050505050507,1807.0,0.0020202020202,0.2,-3.53029868053e-19,0.0,0.652006867007,0.3260034335035
3.6525252525252525,1808.0,0.0020202020202,0.2,6.25739724188e-18,0.0,0.651926075775,0.3259630378875
3.6545454545454548,1809.0,0.0020202020202,0.2,-1.30861996746e-17,0.0,0.65184092471,0.325920462355
3.6565656565656566,1810.0,0.0020202020202,0.2,-8.54039164085e-18,0.0,0.651751401438,0.325875700719
3.6585858585858584,1811.0,0.0020202020202,0.2,-8.14831182925e-19,0.0,0.651657493162,0.325828746581
3.6606060606060606,1812.0,0.0020202020202,0.2,-5.90982894575e-18,0.0,0.651559186672,0.325779593336
3.6626262626262625,1813.0,0.0020202020202,0.2,-2.45707743307e-18,0.0,0.65145646835,0.325728234175
3.6646464646464647,1814.0,0.0020202020202,0.2,4.51573280568e-18,0.0,0.651349324175,0.3256746620875
3.6666666666666665,1815.0,0.0020202020202,0.2,1.54861833571e-18,0.0,0.651237739733,0.3256188698665
3.6686868686868688,1816.0,0.0020202020202,0.2,4.82735648864e-18,0.0,0.651121700216,0.325560850108
3.6707070707070706,1817.0,0.0020202020202,0.2,3.48598903813e-18,0.0,0.651001190439,0.3255005952195
3.672727272727273,1818.0,0.0020202020202,0.2,-2.31857588212e-19,0.0,0.650876194838,0.325438097419
3.6747474747474747,1819.0,0.0020202020202,0.2,-5.3569945009e-18,0.0,0.650746697478,0.325373348739
3.676767676767677,1820.0,0.0020202020202,0.2,-8.7584180859e-19,0.0,0.650612682065,0.3253063410325
3.6787878787878787,1821.0,0.0020202020202,0.2,3.76345165433e-18,0.0,0.650474131946,0.325237065973
3.680808080808081,1822.0,0.0020202020202,0.2,-2.86252016057e-18,0.0,0.650355240403,0.3251776202015
3.682828282828283,1823.0,0.0020202020202,0.2,-3.86884438781e-18,0.0,0.650330357817,0.3251651789085
3.684848484848485,1824.0,0.0020202020202,0.2,-2.15618433775e-19,0.0,0.650301227532,0.325150613766
3.686868686868687,1825.0,0.0020202020202,0.2,4.35851021644e-18,0.0,0.650267843518,0.325133921759
3.688888888888889,1826.0,0.0020202020202,0.2,3.69230161198e-18,0.0,0.6502301993,0.32511509965
3.690909090909091,1827.0,0.0020202020202,0.2,-5.65198809272e-18,0.0,0.650188287958,0.325094143979
3.6929292929292927,1828.0,0.0020202020202,0.2,-1.38659547037e-17,0.0,0.650142102131,0.3250710510655
3.694949494949495,1829.0,0.0020202020202,0.2,-8.99388457194e-19,0.0,0.650091634024,0.325045817012
3.696969696969697,1830.0,0.0020202020202,0.2,7.22681522738e-18,0.0,0.650036875409,0.3250184377045
3.698989898989899,1831.0,0.0020202020202,0.2,-9.4550728062e-18,0.0,0.649977817632,0.324988908816
3.701010101010101,1832.0,0.0020202020202,0.2,-2.37730880102e-18,0.0,0.649914451616,0.324957225808
3.703030303030303,1833.0,0.0020202020202,0.2,-2.62511541737e-18,0.0,0.649846767864,0.324923383932
3.705050505050505,1834.0,0.0020202020202,0.2,-1.94162133915e-18,0.0,0.649774756469,0.3248873782345
3.707070707070707,1835.0,0.0020202020202,0.2,5.39215586119e-18,0.0,0.649698407113,0.3248492035565
3.709090909090909,1836.0,0.0020202020202,0.2,-1.62286327622e-18,0.0,0.649617709078,0.324808854539
3.7111111111111112,1837.0,0.0020202020202,0.2,-6.38124974499e-18,0.0,0.649532651243,0.3247663256215
3.713131313131313,1838.0,0.0020202020202,0.2,-1.74846596911e-18,0.0,0.6494432221,0.32472161105
3.7151515151515153,1839.0,0.0020202020202,0.2,-1.59124163402e-18,0.0,0.649349409748,0.324674704874
3.717171717171717,1840.0,0.0020202020202,0.2,1.28037816151e-18,0.0,0.649251201906,0.324625600953
3.7191919191919194,1841.0,0.0020202020202,0.2,5.27738861805e-18,0.0,0.649148585918,0.324574292959
3.721212121212121,1842.0,0.0020202020202,0.2,6.64775532631e-18,0.0,0.649041548754,0.324520774377
3.7232323232323234,1843.0,0.0020202020202,0.2,3.30635433253e-18,0.0,0.648930077022,0.324465038511
3.7252525252525253,1844.0,0.0020202020202,0.2,-8.05546406924e-18,0.0,0.648814156969,0.3244070784845
3.727272727272727,1845.0,0.0020202020202,0.2,5.2505374759e-18,0.0,0.648693774487,0.3243468872435
3.7292929292929293,1846.0,0.0020202020202,0.2,1.7277752751e-17,0.0,0.648612870059,0.3243064350295
3.731313131313131,1847.0,0.0020202020202,0.2,-1.63660162083e-18,0.0,0.648558483117,0.3242792415585
3.7333333333333334,1848.0,0.0020202020202,0.2,-8.23703014867e-18,0.0,0.648499545187,0.3242497725935
3.735353535353535,1849.0,0.0020202020202,0.2,-5.49635856953e-18,0.0,0.648436047773,0.3242180238865
3.7373737373737375,1850.0,0.0020202020202,0.2,1.54228510495e-18,0.0,0.648367981978,0.324183990989
3.7393939393939393,1851.0,0.0020202020202,0.2,-5.97872728377e-18,0.0,0.648295338511,0.3241476692555
3.7414141414141415,1852.0,0.0020202020202,0.2,-2.62477050546e-18,0.0,0.648218107691,0.3241090538455
3.7434343434343433,1853.0,0.0020202020202,0.2,-7.8465486762e-18,0.0,0.648136279452,0.324068139726
3.7454545454545456,1854.0,0.0020202020202,0.2,-1.7737277865e-17,0.0,0.648049843348,0.324024921674
3.7474747474747474,1855.0,0.0020202020202,0.2,2.79188252044e-18,0.0,0.647958788559,0.3239793942795
3.7494949494949497,1856.0,0.0020202020202,0.2,1.80855274272e-17,0.0,0.647863103894,0.323931551947
3.7515151515151515,1857.0,0.0020202020202,0.2,6.08713531081e-18,0.0,0.6477627778,0.3238813889
3.7535353535353537,1858.0,0.0020202020202,0.2,-1.52899072181e-17,0.0,0.647657798362,0.323828899181
3.7555555555555555,1859.0,0.0020202020202,0.2,-9.05406773051e-18,0.0,0.647548153315,0.3237740766575
3.757575757575758,1860.0,0.0020202020202,0.2,6.12362282895e-18,0.0,0.647433830045,0.3237169150225
3.7595959595959596,1861.0,0.0020202020202,0.2,-7.49106391244e-18,0.0,0.647314815597,0.3236574077985
3.7616161616161614,1862.0,0.0020202020202,0.2,3.54570379604e-19,0.0,0.64719109668,0.32359554834
3.7636363636363637,1863.0,0.0020202020202,0.2,-6.56057706281e-18,0.0,0.647082456514,0.323541228257
3.7656565656565655,1864.0,0.0020202020202,0.2,-8.15515526772e-19,0.0,0.647004825767,0.3235024128835
3.7676767676767677,1865.0,0.0020202020202,0.2,-1.64360987725e-19,0.0,0.646922818036,0.323461409018
3.7696969696969695,1866.0,0.0020202020202,0.2,1.23539813879e-19,0.0,0.646836422971,0.3234182114855
3.771717171717172,1867.0,0.0020202020202,0.2,3.32078160145e-18,0.0,0.646745629862,0.323372814931
3.7737373737373736,1868.0,0.0020202020202,0.2,-1.17734234294e-17,0.0,0.646650427644,0.323325213822
3.775757575757576,1869.0,0.0020202020202,0.2,-6.1535199982e-18,0.0,0.646579887133,0.3232899435665
3.7777777777777777,1870.0,0.0020202020202,0.2,-6.0559942963e-18,0.0,0.646549427506,0.323274713753
3.77979797979798,1871.0,0.0020202020202,0.2,6.6692362471e-18,0.0,0.646514424503,0.3232572122515
3.7818181818181817,1872.0,0.0020202020202,0.2,2.29016853499e-18,0.0,0.646474872254,0.323237436127
3.783838383838384,1873.0,0.0020202020202,0.2,-3.75937338836e-19,0.0,0.646430764502,0.323215382251
3.785858585858586,1874.0,0.0020202020202,0.2,-2.28298026301e-18,0.0,0.646382094601,0.3231910473005
3.787878787878788,1875.0,0.0020202020202,0.2,8.9997167722e-18,0.0,0.646328855525,0.3231644277625
3.78989898989899,1876.0,0.0020202020202,0.2,-8.6281419022e-18,0.0,0.646271039867,0.3231355199335
3.791919191919192,1877.0,0.0020202020202,0.2,-6.72016757071e-19,0.0,0.646208639849,0.3231043199245
3.793939393939394,1878.0,0.0020202020202,0.2,-1.34642004388e-18,0.0,0.64614164732,0.32307082366
3.7959595959595958,1879.0,0.0020202020202,0.2,-2.05582568548e-19,0.0,0.646070053764,0.323035026882
3.797979797979798,1880.0,0.0020202020202,0.2,-3.92731046882e-18,0.0,0.645993850303,0.3229969251515
3.8,1881.0,0.0020202020202,0.2,1.54116264247e-17,0.0,0.645913027703,0.3229565138515
3.802020202020202,1882.0,0.0020202020202,0.2,4.68586201106e-18,0.0,0.645827576378,0.322913788189
3.804040404040404,1883.0,0.0020202020202,0.2,6.90791811152e-18,0.0,0.645737486392,0.322868743196
3.806060606060606,1884.0,0.0020202020202,0.2,4.34274944996e-18,0.0,0.645642747469,0.3228213737345
3.808080808080808,1885.0,0.0020202020202,0.2,9.96745285817e-19,0.0,0.645543348993,0.3227716744965
3.81010101010101,1886.0,0.0020202020202,0.2,-3.07646955251e-18,0.0,0.645439280017,0.3227196400085
3.812121212121212,1887.0,0.0020202020202,0.2,-1.35795750273e-17,0.0,0.645330529264,0.322665264632
3.8141414141414143,1888.0,0.0020202020202,0.2,2.64898099453e-18,0.0,0.645217085137,0.3226085425685
3.816161616161616,1889.0,0.0020202020202,0.2,-8.16907677745e-18,0.0,0.64509893572,0.32254946786
3.8181818181818183,1890.0,0.0020202020202,0.2,2.2216219983e-18,0.0,0.644976068786,0.322488034393
3.82020202020202,1891.0,0.0020202020202,0.2,1.22158133855e-17,0.0,0.6448484718,0.3224242359
3.8222222222222224,1892.0,0.0020202020202,0.2,-9.90036347232e-19,0.0,0.64471613193,0.322358065965
3.824242424242424,1893.0,0.0020202020202,0.2,9.73687841615e-18,0.0,0.644579036047,0.3222895180235
3.8262626262626265,1894.0,0.0020202020202,0.2,4.85099059209e-19,0.0,0.644437170731,0.3222185853655
3.8282828282828283,1895.0,0.0020202020202,0.2,5.9300463459e-19,0.0,0.644290522281,0.3221452611405
3.83030303030303,1896.0,0.0020202020202,0.2,-3.30248327531e-18,0.0,0.644148740568,0.322074370284
3.8323232323232324,1897.0,0.0020202020202,0.2,1.04275973982e-18,0.0,0.644126278623,0.3220631393115
3.834343434343434,1898.0,0.0020202020202,0.2,-1.07468106302e-17,0.0,0.644099228865,0.3220496144325
3.8363636363636364,1899.0,0.0020202020202,0.2,-1.42927658049e-18,0.0,0.644067586523,0.3220337932615
3.8383838383838382,1900.0,0.0020202020202,0.2,-6.14594890357e-18,0.0,0.644031346463,0.3220156732315
3.8404040404040405,1901.0,0.0020202020202,0.2,-1.94001725372e-18,0.0,0.643990503188,0.321995251594
3.8424242424242423,1902.0,0.0020202020202,0.2,4.22059001043e-18,0.0,0.643945050842,0.321972525421
3.8444444444444446,1903.0,0.0020202020202,0.2,-9.10841678536e-18,0.0,0.643894983215,0.3219474916075
3.8464646464646464,1904.0,0.0020202020202,0.2,-1.90283324567e-19,0.0,0.643840293744,0.321920146872
3.8484848484848486,1905.0,0.0020202020202,0.2,3.27818214971e-18,0.0,0.643780975518,0.321890487759
3.8505050505050504,1906.0,0.0020202020202,0.2,-6.03129894392e-18,0.0,0.643717021284,0.321858510642
3.8525252525252527,1907.0,0.0020202020202,0.2,-4.68916989559e-18,0.0,0.643648423446,0.321824211723
3.8545454545454545,1908.0,0.0020202020202,0.2,1.89010807906e-18,0.0,0.643575174073,0.3217875870365
3.8565656565656568,1909.0,0.0020202020202,0.2,2.37101174328e-18,0.0,0.643497264903,0.3217486324515
3.8585858585858586,1910.0,0.0020202020202,0.2,-2.21172832699e-18,0.0,0.643414687345,0.3217073436725
3.860606060606061,1911.0,0.0020202020202,0.2,4.45625675138e-18,0.0,0.643327432482,0.321663716241
3.8626262626262626,1912.0,0.0020202020202,0.2,-2.15200181157e-18,0.0,0.643235491083,0.3216177455415
3.8646464646464644,1913.0,0.0020202020202,0.2,1.12444905168e-17,0.0,0.643138853597,0.3215694267985
3.8666666666666667,1914.0,0.0020202020202,0.2,1.12409258073e-17,0.0,0.643037510167,0.3215187550835
3.8686868686868685,1915.0,0.0020202020202,0.2,3.12686127823e-18,0.0,0.642931450629,0.3214657253145
3.8707070707070708,1916.0,0.0020202020202,0.2,3.36254163633e-18,0.0,0.642820664516,0.321410332258
3.8727272727272726,1917.0,0.0020202020202,0.2,3.37285099824e-18,0.0,0.64270514107,0.321352570535
3.874747474747475,1918.0,0.0020202020202,0.2,-3.74375798721e-18,0.0,0.642584869239,0.3212924346195
3.8767676767676766,1919.0,0.0020202020202,0.2,6.72692206983e-18,0.0,0.642459837685,0.3212299188425
3.878787878787879,1920.0,0.0020202020202,0.2,-1.24299723446e-17,0.0,0.642330034792,0.321165017396
3.8808080808080807,1921.0,0.0020202020202,0.2,5.86022464003e-20,0.0,0.642195448665,0.3210977243325
3.882828282828283,1922.0,0.0020202020202,0.2,4.86549486255e-18,0.0,0.642056067143,0.3210280335715
3.8848484848484848,1923.0,0.0020202020202,0.2,-7.83871971603e-19,0.0,0.641911877798,0.320955938899
3.886868686868687,1924.0,0.0020202020202,0.2,3.79961554828e-18,0.0,0.641762867942,0.320881433971
3.888888888888889,1925.0,0.0020202020202,0.2,4.38674510766e-18,0.0,0.641609024636,0.320804512318
3.890909090909091,1926.0,0.0020202020202,0.2,1.16624622186e-18,0.0,0.641548367288,0.320774183644
3.892929292929293,1927.0,0.0020202020202,0.2,4.48365509537e-18,0.0,0.641521481108,0.320760740554
3.894949494949495,1928.0,0.0020202020202,0.2,4.3283322376e-18,0.0,0.641489929164,0.320744964582
3.896969696969697,1929.0,0.0020202020202,0.2,-5.109844747e-18,0.0,0.64145370677,0.320726853385
3.898989898989899,1930.0,0.0020202020202,0.2,4.10591882323e-18,0.0,0.641412808911,0.3207064044555
3.901010101010101,1931.0,0.0020202020202,0.2,4.71685212557e-18,0.0,0.641367230238,0.320683615119
3.903030303030303,1932.0,0.0020202020202,0.2,-9.37343077987e-18,0.0,0.641316965076,0.320658482538
3.905050505050505,1933.0,0.0020202020202,0.2,1.39502406632e-18,0.0,0.641262007428,0.320631003714
3.907070707070707,1934.0,0.0020202020202,0.2,1.73857018156e-18,0.0,0.641202350975,0.3206011754875
3.909090909090909,1935.0,0.0020202020202,0.2,1.31551411092e-18,0.0,0.641137989081,0.3205689945405
3.911111111111111,1936.0,0.0020202020202,0.2,6.48376128018e-19,0.0,0.641068914799,0.3205344573995
3.9131313131313132,1937.0,0.0020202020202,0.2,3.79319700775e-18,0.0,0.640995120871,0.3204975604355
3.915151515151515,1938.0,0.0020202020202,0.2,-5.43947803432e-18,0.0,0.640916599733,0.3204582998665
3.9171717171717173,1939.0,0.0020202020202,0.2,-1.16119807554e-19,0.0,0.640833343522,0.320416671761
3.919191919191919,1940.0,0.0020202020202,0.2,-1.08079041749e-17,0.0,0.640745344073,0.3203726720365
3.9212121212121214,1941.0,0.0020202020202,0.2,7.17224780301e-18,0.0,0.640652592933,0.3203262964665
3.923232323232323,1942.0,0.0020202020202,0.2,2.84108484761e-18,0.0,0.640555081355,0.3202775406775
3.9252525252525254,1943.0,0.0020202020202,0.2,9.18639625914e-18,0.0,0.640452800309,0.3202264001545
3.9272727272727272,1944.0,0.0020202020202,0.2,-1.26493836059e-18,0.0,0.640345740485,0.3201728702425
3.9292929292929295,1945.0,0.0020202020202,0.2,-1.17600181923e-18,0.0,0.640233892296,0.320116946148
3.9313131313131313,1946.0,0.0020202020202,0.2,1.05333159598e-17,0.0,0.640117245882,0.320058622941
3.933333333333333,1947.0,0.0020202020202,0.2,-6.25296180005e-18,0.0,0.639995791119,0.3199978955595
3.9353535353535354,1948.0,0.0020202020202,0.2,-6.4801030326e-18,0.0,0.639869517618,0.319934758809
3.937373737373737,1949.0,0.0020202020202,0.2,-8.90944113194e-18,0.0,0.639738414735,0.3198692073675
3.9393939393939394,1950.0,0.0020202020202,0.2,5.48456301661e-20,0.0,0.639602471571,0.3198012357855
3.9414141414141413,1951.0,0.0020202020202,0.2,5.96559445244e-18,0.0,0.63946167698,0.31973083849
3.9434343434343435,1952.0,0.0020202020202,0.2,1.35349158976e-18,0.0,0.639316019575,0.3196580097875
3.9454545454545453,1953.0,0.0020202020202,0.2,-5.37387157431e-18,0.0,0.639165487729,0.3195827438645
3.9474747474747476,1954.0,0.0020202020202,0.2,-7.57530818151e-20,0.0,0.639010069585,0.3195050347925
3.9494949494949494,1955.0,0.0020202020202,0.2,-8.67921337537e-18,0.0,0.638934904735,0.3194674523675
3.9515151515151516,1956.0,0.0020202020202,0.2,1.4834872417e-18,0.0,0.638908625445,0.3194543127225
3.9535353535353535,1957.0,0.0020202020202,0.2,-9.70652606643e-18,0.0,0.638877589085,0.3194387945425
3.9555555555555557,1958.0,0.0020202020202,0.2,-5.93791467628e-18,0.0,0.638841791442,0.319420895721
3.9575757575757575,1959.0,0.0020202020202,0.2,-1.57156369323e-18,0.0,0.638801227996,0.319400613998
3.95959595959596,1960.0,0.0020202020202,0.2,1.00403627772e-17,0.0,0.638755893923,0.3193779469615
3.9616161616161616,1961.0,0.0020202020202,0.2,-3.30968096605e-18,0.0,0.638705784099,0.3193528920495
3.963636363636364,1962.0,0.0020202020202,0.2,-2.01924330009e-19,0.0,0.638650893101,0.3193254465505
3.9656565656565657,1963.0,0.0020202020202,0.2,9.73115429906e-18,0.0,0.638591215215,0.3192956076075
3.9676767676767675,1964.0,0.0020202020202,0.2,1.01651052986e-17,0.0,0.638526744432,0.319263372216
3.9696969696969697,1965.0,0.0020202020202,0.2,-1.50281971618e-18,0.0,0.638457474459,0.3192287372295
3.9717171717171715,1966.0,0.0020202020202,0.2,8.8848506937e-18,0.0,0.638383398715,0.3191916993575
3.973737373737374,1967.0,0.0020202020202,0.2,1.24777818796e-17,0.0,0.638304510343,0.3191522551715
3.9757575757575756,1968.0,0.0020202020202,0.2,5.25157724985e-18,0.0,0.638220802204,0.319110401102
3.977777777777778,1969.0,0.0020202020202,0.2,-9.47921974373e-18,0.0,0.638132266891,0.3190661334455
3.9797979797979797,1970.0,0.0020202020202,0.2,-2.50591399442e-18,0.0,0.638038896723,0.3190194483615
3.981818181818182,1971.0,0.0020202020202,0.2,-1.9672245517e-18,0.0,0.637940683757,0.3189703418785
3.9838383838383837,1972.0,0.0020202020202,0.2,1.82763273337e-18,0.0,0.637837619786,0.318918809893
3.985858585858586,1973.0,0.0020202020202,0.2,-1.11087947736e-17,0.0,0.637729696347,0.3188648481735
3.987878787878788,1974.0,0.0020202020202,0.2,-6.40482902412e-18,0.0,0.637616904724,0.318808452362
3.98989898989899,1975.0,0.0020202020202,0.2,-4.61784569458e-18,0.0,0.637499235952,0.318749617976
3.991919191919192,1976.0,0.0020202020202,0.2,-3.47974482692e-18,0.0,0.637376680821,0.3186883404105
3.993939393939394,1977.0,0.0020202020202,0.2,-7.66777174557e-18,0.0,0.637249229881,0.3186246149405
3.995959595959596,1978.0,0.0020202020202,0.2,-7.27625234246e-18,0.0,0.637116873445,0.3185584367225
3.997979797979798,1979.0,0.0020202020202,0.2,-7.12056897252e-18,0.0,0.636979601597,0.3184898007985
4.0,1980.0,0.0020202020202,0.2,7.06790953068e-18,0.0,0.636837404194,0.318418702097
4.002020202020202,1981.0,0.0020202020202,0.2,-2.09375604004e-18,0.0,0.636690270871,0.3183451354355
4.004040404040404,1982.0,0.0020202020202,0.2,1.59439208537e-18,0.0,0.636538191045,0.3182690955225
4.006060606060606,1983.0,0.0020202020202,0.2,-4.00877095299e-18,0.0,0.636381153922,0.318190576961
4.008080808080808,1984.0,0.0020202020202,0.2,1.33776002076e-19,0.0,0.636285903222,0.318142951611
4.01010101010101,1985.0,0.0020202020202,0.2,-8.1989137151e-19,0.0,0.636259743036,0.318129871518
4.012121212121212,1986.0,0.0020202020202,0.2,8.33191718348e-18,0.0,0.636228716351,0.3181143581755
4.014141414141414,1987.0,0.0020202020202,0.2,-3.40621852155e-18,0.0,0.636192819383,0.3180964096915
4.016161616161616,1988.0,0.0020202020202,0.2,-2.90982319086e-18,0.0,0.636152048067,0.3180760240335
4.0181818181818185,1989.0,0.0020202020202,0.2,5.52834396091e-18,0.0,0.636106398059,0.3180531990295
4.02020202020202,1990.0,0.0020202020202,0.2,4.4416470967e-18,0.0,0.636055864743,0.3180279323715
4.022222222222222,1991.0,0.0020202020202,0.2,-4.7393761715e-18,0.0,0.636000443227,0.3180002216135
4.024242424242424,1992.0,0.0020202020202,0.2,-1.84688996742e-17,0.0,0.635940128352,0.317970064176
4.026262626262627,1993.0,0.0020202020202,0.2,7.57540581797e-18,0.0,0.635874914694,0.317937457347
4.028282828282828,1994.0,0.0020202020202,0.2,-2.87562091053e-18,0.0,0.635804796563,0.3179023982815
4.03030303030303,1995.0,0.0020202020202,0.2,-1.0129187934e-17,0.0,0.635729768012,0.317864884006
4.0323232323232325,1996.0,0.0020202020202,0.2,-1.14481083864e-17,0.0,0.635649822836,0.317824911418
4.034343434343434,1997.0,0.0020202020202,0.2,2.77934205191e-18,0.0,0.635564954577,0.3177824772885
4.036363636363636,1998.0,0.0020202020202,0.2,-7.40059602646e-18,0.0,0.63547515653,0.317737578265
4.038383838383838,1999.0,0.0020202020202,0.2,4.16459026799e-18,0.0,0.635380421741,0.3176902108705
4.040404040404041,2000.0,0.0020202020202,0.2,-2.2800402693e-18,0.0,0.635280743017,0.3176403715085
4.042424242424242,2001.0,0.0020202020202,0.2,-1.12348157184e-17,0.0,0.635176112923,0.3175880564615
4.044444444444444,2002.0,0.0020202020202,0.2,9.95921705806e-18,0.0,0.635066523793,0.3175332618965
4.0464646464646465,2003.0,0.0020202020202,0.2,-7.56520998763e-18,0.0,0.63495196773,0.317475983865
4.048484848484849,2004.0,0.0020202020202,0.2,-4.46185621922e-18,0.0,0.634832436608,0.317416218304
4.05050505050505,2005.0,0.0020202020202,0.2,5.45248866556e-18,0.0,0.63470792208,0.31735396104
4.052525252525252,2006.0,0.0020202020202,0.2,-8.53535401204e-18,0.0,0.634578415581,0.3172892077905
4.054545454545455,2007.0,0.0020202020202,0.2,9.17665709995e-18,0.0,0.634443908333,0.3172219541665
4.056565656565657,2008.0,0.0020202020202,0.2,-4.65124659687e-18,0.0,0.634304391345,0.3171521956725
4.058585858585858,2009.0,0.0020202020202,0.2,-8.30456925207e-18,0.0,0.634159855424,0.317079927712
4.0606060606060606,2010.0,0.0020202020202,0.2,3.0321586732e-18,0.0,0.634010291174,0.317005145587
4.062626262626263,2011.0,0.0020202020202,0.2,1.26527636035e-17,0.0,0.633905143103,0.3169525715515
4.064646464646465,2012.0,0.0020202020202,0.2,7.51515576905e-18,0.0,0.633827013238,0.316913506619
4.066666666666666,2013.0,0.0020202020202,0.2,-7.45355514705e-18,0.0,0.633744104982,0.316872052491
4.068686868686869,2014.0,0.0020202020202,0.2,1.18141766021e-19,0.0,0.633656411973,0.3168282059865
4.070707070707071,2015.0,0.0020202020202,0.2,-2.52270539741e-18,0.0,0.633563927609,0.3167819638045
4.072727272727272,2016.0,0.0020202020202,0.2,6.40880785702e-18,0.0,0.63346664506,0.31673332253
4.074747474747475,2017.0,0.0020202020202,0.2,-6.00090787967e-18,0.0,0.633394557776,0.316697278888
4.076767676767677,2018.0,0.0020202020202,0.2,-3.43286584202e-18,0.0,0.633347027209,0.3166735136045
4.078787878787879,2019.0,0.0020202020202,0.2,7.79174446235e-18,0.0,0.633294487377,0.3166472436885
4.08080808080808,2020.0,0.0020202020202,0.2,5.79844175756e-19,0.0,0.633236933846,0.316618466923
4.082828282828283,2021.0,0.0020202020202,0.2,-8.98974370466e-18,0.0,0.633174361939,0.3165871809695
4.084848484848485,2022.0,0.0020202020202,0.2,4.51813749932e-18,0.0,0.633106766736,0.316553383368
4.086868686868687,2023.0,0.0020202020202,0.2,-1.89269688961e-19,0.0,0.633034143082,0.316517071541
4.088888888888889,2024.0,0.0020202020202,0.2,-3.47454635163e-19,0.0,0.632956485583,0.3164782427915
4.090909090909091,2025.0,0.0020202020202,0.2,8.68489355607e-18,0.0,0.632873788617,0.3164368943085
4.092929292929293,2026.0,0.0020202020202,0.2,2.31856714954e-18,0.0,0.632786046332,0.316393023166
4.094949494949495,2027.0,0.0020202020202,0.2,4.20759483728e-18,0.0,0.632693252649,0.3163466263245
4.096969696969697,2028.0,0.0020202020202,0.2,2.75672971936e-18,0.0,0.632595401269,0.3162977006345
4.098989898989899,2029.0,0.0020202020202,0.2,8.86759183942e-18,0.0,0.632492485675,0.3162462428375
4.101010101010101,2030.0,0.0020202020202,0.2,-1.77633930923e-18,0.0,0.632384499135,0.3161922495675
4.103030303030303,2031.0,0.0020202020202,0.2,-9.58029842663e-18,0.0,0.632271434706,0.316135717353
4.105050505050505,2032.0,0.0020202020202,0.2,6.39796106519e-19,0.0,0.632153285236,0.316076642618
4.107070707070707,2033.0,0.0020202020202,0.2,2.52265897327e-18,0.0,0.632030043372,0.316015021686
4.109090909090909,2034.0,0.0020202020202,0.2,-1.78557300248e-17,0.0,0.631962813806,0.315981406903
4.111111111111111,2035.0,0.0020202020202,0.2,-8.68569889355e-18,0.0,0.631914214323,0.3159571071615
4.113131313131313,2036.0,0.0020202020202,0.2,8.57735362973e-18,0.0,0.63186073575,0.315930367875
4.115151515151515,2037.0,0.0020202020202,0.2,6.2414115502e-18,0.0,0.631802373787,0.3159011868935
4.1171717171717175,2038.0,0.0020202020202,0.2,6.37508935693e-18,0.0,0.631739123905,0.3158695619525
4.119191919191919,2039.0,0.0020202020202,0.2,2.44928926391e-18,0.0,0.631670981345,0.3158354906725
4.121212121212121,2040.0,0.0020202020202,0.2,7.16093065828e-18,0.0,0.63159794112,0.31579897056
4.123232323232323,2041.0,0.0020202020202,0.2,9.08769442945e-18,0.0,0.63151999802,0.31575999901
4.125252525252526,2042.0,0.0020202020202,0.2,1.84173097501e-17,0.0,0.631437146615,0.3157185733075
4.127272727272727,2043.0,0.0020202020202,0.2,1.37027540363e-17,0.0,0.631349381257,0.3156746906285
4.129292929292929,2044.0,0.0020202020202,0.2,1.5364147565e-17,0.0,0.631256696084,0.315628348042
4.1313131313131315,2045.0,0.0020202020202,0.2,-6.67732827604e-18,0.0,0.631159085022,0.315579542511
4.133333333333334,2046.0,0.0020202020202,0.2,5.87822318425e-18,0.0,0.63105654179,0.315528270895
4.135353535353535,2047.0,0.0020202020202,0.2,1.62639479366e-18,0.0,0.630949059902,0.315474529951
4.137373737373737,2048.0,0.0020202020202,0.2,-1.86445019274e-17,0.0,0.630836632671,0.3154183163355
4.13939393939394,2049.0,0.0020202020202,0.2,-8.98694972164e-18,0.0,0.630719253213,0.3153596266065
4.141414141414141,2050.0,0.0020202020202,0.2,1.1296001639e-17,0.0,0.630596914449,0.3152984572245
4.143434343434343,2051.0,0.0020202020202,0.2,1.93412089654e-17,0.0,0.630469609109,0.3152348045545
4.1454545454545455,2052.0,0.0020202020202,0.2,-5.17390916379e-18,0.0,0.630337329738,0.315168664869
4.147474747474748,2053.0,0.0020202020202,0.2,-1.93061289878e-18,0.0,0.630200068699,0.3151000343495
4.149494949494949,2054.0,0.0020202020202,0.2,-3.09909750305e-18,0.0,0.630057818172,0.315028909086
4.151515151515151,2055.0,0.0020202020202,0.2,1.51471030475e-17,0.0,0.629910570165,0.3149552850825
4.153535353535354,2056.0,0.0020202020202,0.2,1.31900175017e-18,0.0,0.629758316515,0.3148791582575
4.155555555555556,2057.0,0.0020202020202,0.2,3.95818367705e-18,0.0,0.6296920836,0.3148460418
4.157575757575757,2058.0,0.0020202020202,0.2,-1.05067971918e-17,0.0,0.629671483875,0.3148357419375
4.1595959595959595,2059.0,0.0020202020202,0.2,8.88430099636e-18,0.0,0.629645871035,0.3148229355175
4.161616161616162,2060.0,0.0020202020202,0.2,8.31915159992e-18,0.0,0.629615242541,0.3148076212705
4.163636363636364,2061.0,0.0020202020202,0.2,1.3242239224e-17,0.0,0.62957959563,0.314789797815
4.165656565656565,2062.0,0.0020202020202,0.2,-1.93372481497e-17,0.0,0.62953892732,0.31476946366
4.167676767676768,2063.0,0.0020202020202,0.2,-9.8161550488e-18,0.0,0.629493234408,0.314746617204
4.16969696969697,2064.0,0.0020202020202,0.2,3.96377539163e-18,0.0,0.629442513477,0.3147212567385
4.171717171717172,2065.0,0.0020202020202,0.2,-2.33098957836e-18,0.0,0.629386760896,0.314693380448
4.1737373737373735,2066.0,0.0020202020202,0.2,-1.60895414801e-17,0.0,0.62932597282,0.31466298641
4.175757575757576,2067.0,0.0020202020202,0.2,-7.11535643909e-18,0.0,0.629260145198,0.314630072599
4.177777777777778,2068.0,0.0020202020202,0.2,-8.02695450318e-18,0.0,0.62918927377,0.314594636885
4.179797979797979,2069.0,0.0020202020202,0.2,4.44305567484e-18,0.0,0.629113354076,0.314556677038
4.181818181818182,2070.0,0.0020202020202,0.2,1.45409856085e-18,0.0,0.629032381452,0.314516190726
4.183838383838384,2071.0,0.0020202020202,0.2,2.48639327145e-18,0.0,0.628946351038,0.314473175519
4.185858585858586,2072.0,0.0020202020202,0.2,5.15523694909e-18,0.0,0.628855257778,0.314427628889
4.1878787878787875,2073.0,0.0020202020202,0.2,-9.3978490819e-18,0.0,0.628759096425,0.3143795482125
4.18989898989899,2074.0,0.0020202020202,0.2,7.40507690183e-18,0.0,0.628657861542,0.314328930771
4.191919191919192,2075.0,0.0020202020202,0.2,-7.00225284392e-18,0.0,0.628551547508,0.314275773754
4.193939393939394,2076.0,0.0020202020202,0.2,6.66938328437e-18,0.0,0.628440148517,0.3142200742585
4.195959595959596,2077.0,0.0020202020202,0.2,1.26131699473e-17,0.0,0.628323658586,0.314161829293
4.197979797979798,2078.0,0.0020202020202,0.2,8.06062735671e-18,0.0,0.628202071556,0.314101035778
4.2,2079.0,0.0020202020202,0.2,1.54347504331e-18,0.0,0.628075381094,0.314037690547
4.202020202020202,2080.0,0.0020202020202,0.2,4.00085433979e-18,0.0,0.627943580699,0.3139717903495
4.204040404040404,2081.0,0.0020202020202,0.2,1.09731696664e-17,0.0,0.627806663705,0.3139033318525
4.206060606060606,2082.0,0.0020202020202,0.2,-8.51220088896e-18,0.0,0.627664623283,0.3138323116415
4.208080808080808,2083.0,0.0020202020202,0.2,-1.04788568434e-17,0.0,0.627556272163,0.3137781360815
4.21010101010101,2084.0,0.0020202020202,0.2,-2.9534539184e-18,0.0,0.627495912969,0.3137479564845
4.212121212121212,2085.0,0.0020202020202,0.2,-2.8157541498e-18,0.0,0.627430618076,0.313715309038
4.214141414141414,2086.0,0.0020202020202,0.2,1.02191494684e-17,0.0,0.627360383435,0.3136801917175
4.216161616161616,2087.0,0.0020202020202,0.2,9.05935767563e-20,0.0,0.627285204805,0.3136426024025
4.218181818181818,2088.0,0.0020202020202,0.2,2.35468536163e-18,0.0,0.627205077756,0.313602538878
4.22020202020202,2089.0,0.0020202020202,0.2,-1.51365159966e-17,0.0,0.627119997671,0.3135599988355
4.222222222222222,2090.0,0.0020202020202,0.2,1.62659214111e-18,0.0,0.627029959748,0.313514979874
4.224242424242425,2091.0,0.0020202020202,0.2,-5.7757440733e-19,0.0,0.626934959006,0.313467479503
4.226262626262626,2092.0,0.0020202020202,0.2,-1.52297632581e-17,0.0,0.626834990285,0.3134174951425
4.228282828282828,2093.0,0.0020202020202,0.2,1.16138524012e-17,0.0,0.626730048249,0.3133650241245
4.2303030303030305,2094.0,0.0020202020202,0.2,5.08559149195e-18,0.0,0.626620127391,0.3133100636955
4.232323232323233,2095.0,0.0020202020202,0.2,-1.95734977889e-18,0.0,0.626505222033,0.3132526110165
4.234343434343434,2096.0,0.0020202020202,0.2,-1.58989787827e-17,0.0,0.626385326333,0.3131926631665
4.236363636363636,2097.0,0.0020202020202,0.2,-9.25093016914e-18,0.0,0.626276872579,0.3131384362895
4.238383838383839,2098.0,0.0020202020202,0.2,-1.1097434787e-17,0.0,0.626193756508,0.313096878254
4.240404040404041,2099.0,0.0020202020202,0.2,-2.25839935705e-19,0.0,0.626105419108,0.313052709554
4.242424242424242,2100.0,0.0020202020202,0.2,6.69218660322e-18,0.0,0.626011855994,0.313005927997
4.2444444444444445,2101.0,0.0020202020202,0.2,1.07727875958e-17,0.0,0.625913062614,0.312956531307
4.246464646464647,2102.0,0.0020202020202,0.2,2.49753394228e-18,0.0,0.625809034245,0.3129045171225
4.248484848484848,2103.0,0.0020202020202,0.2,1.6821614318e-18,0.0,0.625737821332,0.312868910666
4.25050505050505,2104.0,0.0020202020202,0.2,-1.00952361122e-18,0.0,0.625717999944,0.312858999972
4.252525252525253,2105.0,0.0020202020202,0.2,3.004482979e-18,0.0,0.625693089968,0.312846544984
4.254545454545455,2106.0,0.0020202020202,0.2,1.23645833753e-17,0.0,0.625663089399,0.3128315446995
4.256565656565656,2107.0,0.0020202020202,0.2,1.28677674067e-17,0.0,0.625627996044,0.312813998022
4.2585858585858585,2108.0,0.0020202020202,0.2,-7.64194683067e-18,0.0,0.625587807524,0.312793903762
4.260606060606061,2109.0,0.0020202020202,0.2,-1.0443470646e-17,0.0,0.625542521274,0.312771260637
4.262626262626263,2110.0,0.0020202020202,0.2,-8.18114609252e-18,0.0,0.625492134544,0.312746067272
4.264646464646464,2111.0,0.0020202020202,0.2,-5.80872505141e-18,0.0,0.625436644405,0.3127183222025
4.266666666666667,2112.0,0.0020202020202,0.2,-1.75408194973e-18,0.0,0.62537604775,0.312688023875
4.268686868686869,2113.0,0.0020202020202,0.2,4.38530330275e-18,0.0,0.625310341294,0.312655170647
4.270707070707071,2114.0,0.0020202020202,0.2,-8.74986421117e-19,0.0,0.625239521578,0.312619760789
4.2727272727272725,2115.0,0.0020202020202,0.2,-9.29234379044e-19,0.0,0.625163584972,0.312581792486
4.274747474747475,2116.0,0.0020202020202,0.2,-8.29771242996e-18,0.0,0.625082527677,0.3125412638385
4.276767676767677,2117.0,0.0020202020202,0.2,1.16116119124e-17,0.0,0.624996345727,0.3124981728635
4.278787878787878,2118.0,0.0020202020202,0.2,9.4861842484e-18,0.0,0.62490503499,0.312452517495
4.280808080808081,2119.0,0.0020202020202,0.2,-1.8326171321e-17,0.0,0.624808591175,0.3124042955875
4.282828282828283,2120.0,0.0020202020202,0.2,-4.03347423136e-18,0.0,0.624707009832,0.312353504916
4.284848484848485,2121.0,0.0020202020202,0.2,-8.95200534772e-19,0.0,0.624600286355,0.3123001431775
4.2868686868686865,2122.0,0.0020202020202,0.2,1.2453153401e-17,0.0,0.624488415983,0.3122442079915
4.288888888888889,2123.0,0.0020202020202,0.2,1.51242106175e-17,0.0,0.624371393807,0.3121856969035
4.290909090909091,2124.0,0.0020202020202,0.2,-1.91418563133e-18,0.0,0.624249214771,0.3121246073855
4.292929292929293,2125.0,0.0020202020202,0.2,-7.16062506062e-18,0.0,0.624121873674,0.312060936837
4.294949494949495,2126.0,0.0020202020202,0.2,3.85209976924e-18,0.0,0.623989365174,0.311994682587
4.296969696969697,2127.0,0.0020202020202,0.2,-1.07065822138e-17,0.0,0.623851683791,0.3119258418955
4.298989898989899,2128.0,0.0020202020202,0.2,-2.89412663508e-18,0.0,0.623763284268,0.311881642134
4.301010101010101,2129.0,0.0020202020202,0.2,6.38495559191e-18,0.0,0.623712834593,0.3118564172965
4.303030303030303,2130.0,0.0020202020202,0.2,1.50658648437e-17,0.0,0.623657361363,0.3118286806815
4.305050505050505,2131.0,0.0020202020202,0.2,-9.13882465543e-18,0.0,0.623596861618,0.311798430809
4.307070707070707,2132.0,0.0020202020202,0.2,-6.87750595569e-18,0.0,0.623531332236,0.311765666118
4.3090909090909095,2133.0,0.0020202020202,0.2,1.88484939739e-17,0.0,0.623460769934,0.311730384967
4.311111111111111,2134.0,0.0020202020202,0.2,-3.57705026783e-18,0.0,0.623385171265,0.3116925856325
4.313131313131313,2135.0,0.0020202020202,0.2,-1.55469829843e-18,0.0,0.623304532626,0.311652266313
4.315151515151515,2136.0,0.0020202020202,0.2,8.17927600552e-18,0.0,0.62321885026,0.31160942513
4.317171717171717,2137.0,0.0020202020202,0.2,-8.22738499719e-19,0.0,0.623128120254,0.311564060127
4.319191919191919,2138.0,0.0020202020202,0.2,1.38095653283e-17,0.0,0.623032338548,0.311516169274
4.321212121212121,2139.0,0.0020202020202,0.2,-7.29156980914e-18,0.0,0.622931500931,0.3114657504655
4.3232323232323235,2140.0,0.0020202020202,0.2,7.68022283771e-19,0.0,0.622825603048,0.311412801524
4.325252525252525,2141.0,0.0020202020202,0.2,-8.32576271182e-18,0.0,0.622714640401,0.3113573202005
4.327272727272727,2142.0,0.0020202020202,0.2,-2.87526055128e-18,0.0,0.622598608353,0.3112993041765
4.329292929292929,2143.0,0.0020202020202,0.2,1.20791948687e-17,0.0,0.622477502128,0.311238751064
4.331313131313132,2144.0,0.0020202020202,0.2,-3.88070012667e-19,0.0,0.622351316819,0.3111756584095
4.333333333333333,2145.0,0.0020202020202,0.2,8.62796563415e-19,0.0,0.622220047385,0.3111100236925
4.335353535353535,2146.0,0.0020202020202,0.2,-9.65968865168e-19,0.0,0.622083688656,0.311041844328
4.3373737373737375,2147.0,0.0020202020202,0.2,7.9151920572e-18,0.0,0.62194223534,0.31097111767
4.33939393939394,2148.0,0.0020202020202,0.2,-1.28146425933e-17,0.0,0.621917401039,0.3109587005195
4.341414141414141,2149.0,0.0020202020202,0.2,-6.91176585162e-18,0.0,0.621903381381,0.3109516906905
4.343434343434343,2150.0,0.0020202020202,0.2,9.16298318168e-18,0.0,0.621884152382,0.310942076191
4.345454545454546,2151.0,0.0020202020202,0.2,-4.70172670864e-19,0.0,0.621859712709,0.3109298563545
4.347474747474747,2152.0,0.0020202020202,0.2,6.1187397123e-18,0.0,0.621830060874,0.310915030437
4.349494949494949,2153.0,0.0020202020202,0.2,-2.11718530943e-18,0.0,0.621795195229,0.3108975976145
4.351515151515152,2154.0,0.0020202020202,0.2,-4.87499398588e-18,0.0,0.621755113975,0.3108775569875
4.353535353535354,2155.0,0.0020202020202,0.2,1.02394677043e-17,0.0,0.621709815157,0.3108549075785
4.355555555555555,2156.0,0.0020202020202,0.2,1.39944913687e-18,0.0,0.621659296672,0.310829648336
4.357575757575757,2157.0,0.0020202020202,0.2,-7.12863435906e-18,0.0,0.621603556266,0.310801778133
4.35959595959596,2158.0,0.0020202020202,0.2,-1.87557891708e-18,0.0,0.62154259154,0.31077129577
4.361616161616162,2159.0,0.0020202020202,0.2,5.59886445294e-18,0.0,0.621476399948,0.310738199974
4.363636363636363,2160.0,0.0020202020202,0.2,1.22914350215e-17,0.0,0.621404978802,0.310702489401
4.365656565656566,2161.0,0.0020202020202,0.2,-8.9827254536e-18,0.0,0.621328325273,0.3106641626365
4.367676767676768,2162.0,0.0020202020202,0.2,5.35298687724e-18,0.0,0.621246436395,0.3106232181975
4.36969696969697,2163.0,0.0020202020202,0.2,-3.18811636527e-18,0.0,0.621159309063,0.3105796545315
4.3717171717171714,2164.0,0.0020202020202,0.2,7.73538343048e-18,0.0,0.62106694004,0.31053347002
4.373737373737374,2165.0,0.0020202020202,0.2,-3.3620578266e-18,0.0,0.620969325957,0.3104846629785
4.375757575757576,2166.0,0.0020202020202,0.2,7.72270849775e-19,0.0,0.620866463315,0.3104332316575
4.377777777777778,2167.0,0.0020202020202,0.2,-2.68652487283e-18,0.0,0.62075834849,0.310379174245
4.37979797979798,2168.0,0.0020202020202,0.2,-3.76425581453e-18,0.0,0.620644977732,0.310322488866
4.381818181818182,2169.0,0.0020202020202,0.2,-2.42559451065e-18,0.0,0.620526347172,0.310263173586
4.383838383838384,2170.0,0.0020202020202,0.2,-1.09611810161e-18,0.0,0.620440217564,0.310220108782
4.3858585858585855,2171.0,0.0020202020202,0.2,5.25291763209e-18,0.0,0.6204133012,0.3102066506
4.387878787878788,2172.0,0.0020202020202,0.2,4.11245478396e-18,0.0,0.620381230667,0.3101906153335
4.38989898989899,2173.0,0.0020202020202,0.2,-9.5783198685e-19,0.0,0.620344004333,0.3101720021665
4.391919191919192,2174.0,0.0020202020202,0.2,2.83391343981e-18,0.0,0.620301620423,0.3101508102115
4.393939393939394,2175.0,0.0020202020202,0.2,-7.03401881505e-18,0.0,0.620254077024,0.310127038512
4.395959595959596,2176.0,0.0020202020202,0.2,-1.11261901394e-18,0.0,0.620201372081,0.3101006860405
4.397979797979798,2177.0,0.0020202020202,0.2,-6.8628009832e-19,0.0,0.620143503405,0.3100717517025
4.4,2178.0,0.0020202020202,0.2,-3.9837955593e-18,0.0,0.620080468671,0.3100402343355
4.402020202020202,2179.0,0.0020202020202,0.2,-1.17233156277e-17,0.0,0.620012265419,0.3100061327095
4.404040404040404,2180.0,0.0020202020202,0.2,2.94978779045e-18,0.0,0.61993889106,0.30996944553
4.406060606060606,2181.0,0.0020202020202,0.2,-5.58465352728e-18,0.0,0.619860342875,0.3099301714375
4.4080808080808085,2182.0,0.0020202020202,0.2,1.32442336228e-17,0.0,0.619776618018,0.309888309009
4.41010101010101,2183.0,0.0020202020202,0.2,7.10196100342e-18,0.0,0.619687713519,0.3098438567595
4.412121212121212,2184.0,0.0020202020202,0.2,9.595682611e-18,0.0,0.619593626284,0.309796813142
4.414141414141414,2185.0,0.0020202020202,0.2,3.84453192919e-18,0.0,0.619494353099,0.3097471765495
4.416161616161616,2186.0,0.0020202020202,0.2,-1.92068260384e-18,0.0,0.619389890632,0.309694945316
4.418181818181818,2187.0,0.0020202020202,0.2,-1.48030876256e-18,0.0,0.619280235436,0.309640117718
4.42020202020202,2188.0,0.0020202020202,0.2,4.30693773989e-19,0.0,0.619165383951,0.3095826919755
4.4222222222222225,2189.0,0.0020202020202,0.2,-6.90330114043e-18,0.0,0.619045332503,0.3095226662515
4.424242424242424,2190.0,0.0020202020202,0.2,-1.78603794969e-19,0.0,0.618920077314,0.309460038657
4.426262626262626,2191.0,0.0020202020202,0.2,4.16341106638e-18,0.0,0.618789614497,0.3093948072485
4.428282828282828,2192.0,0.0020202020202,0.2,6.79623086274e-18,0.0,0.618667225509,0.3093336127545
4.430303030303031,2193.0,0.0020202020202,0.2,-8.30955450965e-18,0.0,0.618630445727,0.3093152228635
4.432323232323232,2194.0,0.0020202020202,0.2,6.12408695339e-18,0.0,0.618588555737,0.3092942778685
4.434343434343434,2195.0,0.0020202020202,0.2,-2.65082672985e-20,0.0,0.618541553741,0.3092707768705
4.4363636363636365,2196.0,0.0020202020202,0.2,-5.94054275822e-18,0.0,0.618489437816,0.309244718908
4.438383838383839,2197.0,0.0020202020202,0.2,-1.54758307125e-18,0.0,0.618432205913,0.3092161029565
4.44040404040404,2198.0,0.0020202020202,0.2,-2.09018884877e-18,0.0,0.61836985586,0.30918492793
4.442424242424242,2199.0,0.0020202020202,0.2,-1.67628996809e-18,0.0,0.618302385362,0.309151192681
4.444444444444445,2200.0,0.0020202020202,0.2,2.04171046312e-17,0.0,0.618229792004,0.309114896002
4.446464646464647,2201.0,0.0020202020202,0.2,-2.90487917494e-18,0.0,0.618152073254,0.309076036627
4.448484848484848,2202.0,0.0020202020202,0.2,1.23364129404e-18,0.0,0.618069226462,0.309034613231
4.4505050505050505,2203.0,0.0020202020202,0.2,5.09889444673e-18,0.0,0.617981248866,0.308990624433
4.452525252525253,2204.0,0.0020202020202,0.2,8.94509209324e-18,0.0,0.617888137591,0.3089440687955
4.454545454545454,2205.0,0.0020202020202,0.2,9.15336246444e-19,0.0,0.617789889651,0.3088949448255
4.456565656565656,2206.0,0.0020202020202,0.2,4.33634370093e-18,0.0,0.617686501953,0.3088432509765
4.458585858585859,2207.0,0.0020202020202,0.2,9.13944783682e-18,0.0,0.6175779713,0.30878898565
4.460606060606061,2208.0,0.0020202020202,0.2,1.32083419603e-17,0.0,0.61746429439,0.308732147195
4.462626262626262,2209.0,0.0020202020202,0.2,8.37846372951e-18,0.0,0.61734546782,0.30867273391
4.4646464646464645,2210.0,0.0020202020202,0.2,5.33767318226e-18,0.0,0.617221488089,0.3086107440445
4.466666666666667,2211.0,0.0020202020202,0.2,-3.25697004552e-18,0.0,0.6170923516,0.3085461758
4.468686868686869,2212.0,0.0020202020202,0.2,5.5182756135e-18,0.0,0.616958054661,0.3084790273305
4.47070707070707,2213.0,0.0020202020202,0.2,1.76015183535e-17,0.0,0.616925875201,0.3084629376005
4.472727272727273,2214.0,0.0020202020202,0.2,-6.40128757782e-18,0.0,0.61691227508,0.30845613754
4.474747474747475,2215.0,0.0020202020202,0.2,-1.47011279424e-17,0.0,0.616893340381,0.3084466701905
4.476767676767677,2216.0,0.0020202020202,0.2,-6.16304438768e-18,0.0,0.616869070311,0.3084345351555
4.4787878787878785,2217.0,0.0020202020202,0.2,5.77993826184e-18,0.0,0.616839463962,0.308419731981
4.480808080808081,2218.0,0.0020202020202,0.2,-3.93900870073e-18,0.0,0.616804520315,0.3084022601575
4.482828282828283,2219.0,0.0020202020202,0.2,9.25930153405e-18,0.0,0.616764238234,0.308382119117
4.484848484848484,2220.0,0.0020202020202,0.2,-7.92622407816e-18,0.0,0.616718616478,0.308359308239
4.486868686868687,2221.0,0.0020202020202,0.2,9.77692247959e-18,0.0,0.616667653693,0.3083338268465
4.488888888888889,2222.0,0.0020202020202,0.2,-5.30596357252e-18,0.0,0.616611348417,0.3083056742085
4.490909090909091,2223.0,0.0020202020202,0.2,5.33213928095e-18,0.0,0.616549699086,0.308274849543
4.4929292929292926,2224.0,0.0020202020202,0.2,1.49423538661e-18,0.0,0.616482704026,0.308241352013
4.494949494949495,2225.0,0.0020202020202,0.2,4.52298478145e-19,0.0,0.616410361466,0.308205180733
4.496969696969697,2226.0,0.0020202020202,0.2,3.38153081352e-18,0.0,0.616332669531,0.3081663347655
4.498989898989899,2227.0,0.0020202020202,0.2,-2.16137284649e-18,0.0,0.616249626248,0.308124813124
4.501010101010101,2228.0,0.0020202020202,0.2,5.3485917864e-19,0.0,0.616161229546,0.308080614773
4.503030303030303,2229.0,0.0020202020202,0.2,-5.31707086681e-18,0.0,0.616067477262,0.308033738631
4.505050505050505,2230.0,0.0020202020202,0.2,-3.95376650781e-18,0.0,0.615968367138,0.307984183569
4.5070707070707074,2231.0,0.0020202020202,0.2,8.28987814219e-18,0.0,0.615863896823,0.3079319484115
4.509090909090909,2232.0,0.0020202020202,0.2,3.19743774995e-18,0.0,0.615754063882,0.307877031941
4.511111111111111,2233.0,0.0020202020202,0.2,-2.54675840604e-18,0.0,0.615745059729,0.3078725298645
4.513131313131313,2234.0,0.0020202020202,0.2,5.47419298302e-18,0.0,0.61573222392,0.30786611196
4.515151515151516,2235.0,0.0020202020202,0.2,9.69996858838e-18,0.0,0.615714082468,0.307857041234
4.517171717171717,2236.0,0.0020202020202,0.2,-3.73106457414e-18,0.0,0.61569063465,0.307845317325
4.519191919191919,2237.0,0.0020202020202,0.2,-1.21585061096e-17,0.0,0.615661879635,0.3078309398175
4.5212121212121215,2238.0,0.0020202020202,0.2,4.75884577976e-18,0.0,0.615627816492,0.307813908246
4.523232323232323,2239.0,0.0020202020202,0.2,-5.19954394022e-18,0.0,0.615588444185,0.3077942220925
4.525252525252525,2240.0,0.0020202020202,0.2,2.88115742081e-19,0.0,0.61554376158,0.30777188079
4.527272727272727,2241.0,0.0020202020202,0.2,-4.58708595386e-18,0.0,0.615493767444,0.307746883722
4.52929292929293,2242.0,0.0020202020202,0.2,-1.86464700729e-18,0.0,0.615438460445,0.3077192302225
4.531313131313131,2243.0,0.0020202020202,0.2,1.66765143994e-18,0.0,0.615377839156,0.307688919578
4.533333333333333,2244.0,0.0020202020202,0.2,2.82553103655e-18,0.0,0.615311902056,0.307655951028
4.5353535353535355,2245.0,0.0020202020202,0.2,-1.95758197858e-17,0.0,0.615240647531,0.3076203237655
4.537373737373738,2246.0,0.0020202020202,0.2,8.47969174911e-18,0.0,0.615164073877,0.3075820369385
4.539393939393939,2247.0,0.0020202020202,0.2,-7.07887852114e-18,0.0,0.615082179298,0.307541089649
4.541414141414141,2248.0,0.0020202020202,0.2,3.98886144757e-18,0.0,0.614994961913,0.3074974809565
4.543434343434344,2249.0,0.0020202020202,0.2,5.91240854745e-18,0.0,0.614902419756,0.307451209878
4.545454545454546,2250.0,0.0020202020202,0.2,-6.09472873706e-19,0.0,0.614804550774,0.307402275387
4.547474747474747,2251.0,0.0020202020202,0.2,1.21318861833e-17,0.0,0.614701352836,0.307350676418
4.5494949494949495,2252.0,0.0020202020202,0.2,-5.05625200544e-19,0.0,0.614592823729,0.3072964118645
4.551515151515152,2253.0,0.0020202020202,0.2,-2.53069563172e-18,0.0,0.614484167158,0.307242083579
4.553535353535353,2254.0,0.0020202020202,0.2,-2.58374717286e-18,0.0,0.614473837781,0.3072369188905
4.555555555555555,2255.0,0.0020202020202,0.2,-3.8493384657e-18,0.0,0.614458221781,0.3072291108905
4.557575757575758,2256.0,0.0020202020202,0.2,6.89688465077e-18,0.0,0.614437318529,0.3072186592645
4.55959595959596,2257.0,0.0020202020202,0.2,-5.99671654742e-18,0.0,0.614411127301,0.3072055636505
4.561616161616161,2258.0,0.0020202020202,0.2,-4.14434238313e-18,0.0,0.614379647281,0.3071898236405
4.5636363636363635,2259.0,0.0020202020202,0.2,4.7659853923e-18,0.0,0.614342877563,0.3071714387815
4.565656565656566,2260.0,0.0020202020202,0.2,1.01818131572e-18,0.0,0.614300817147,0.3071504085735
4.567676767676768,2261.0,0.0020202020202,0.2,-2.97950161344e-18,0.0,0.614253464947,0.3071267324735
4.569696969696969,2262.0,0.0020202020202,0.2,-1.0195053639e-17,0.0,0.614200819788,0.307100409894
4.571717171717172,2263.0,0.0020202020202,0.2,-5.57411738794e-18,0.0,0.614142880409,0.3070714402045
4.573737373737374,2264.0,0.0020202020202,0.2,2.91752862522e-18,0.0,0.614079645464,0.307039822732
4.575757575757576,2265.0,0.0020202020202,0.2,-3.55830532998e-18,0.0,0.614011113525,0.3070055567625
4.5777777777777775,2266.0,0.0020202020202,0.2,-2.98019947853e-19,0.0,0.613937283081,0.3069686415405
4.57979797979798,2267.0,0.0020202020202,0.2,-5.50491737622e-18,0.0,0.613858152541,0.3069290762705
4.581818181818182,2268.0,0.0020202020202,0.2,3.96479386893e-18,0.0,0.613773720237,0.3068868601185
4.583838383838384,2269.0,0.0020202020202,0.2,-8.70773390505e-18,0.0,0.613683984423,0.3068419922115
4.585858585858586,2270.0,0.0020202020202,0.2,8.7555148121e-18,0.0,0.613588943278,0.306794471639
4.587878787878788,2271.0,0.0020202020202,0.2,7.72344878261e-18,0.0,0.613488594909,0.3067442974545
4.58989898989899,2272.0,0.0020202020202,0.2,6.37938296426e-18,0.0,0.613382937351,0.3066914686755
4.5919191919191915,2273.0,0.0020202020202,0.2,-1.27196723408e-17,0.0,0.613271968571,0.3066359842855
4.593939393939394,2274.0,0.0020202020202,0.2,6.77086266532e-18,0.0,0.61320441809,0.306602209045
4.595959595959596,2275.0,0.0020202020202,0.2,-1.26154540245e-17,0.0,0.61319270322,0.30659635161
4.597979797979798,2276.0,0.0020202020202,0.2,2.70456801712e-18,0.0,0.613175710608,0.306587855304
4.6,2277.0,0.0020202020202,0.2,3.71485533618e-18,0.0,0.61315343965,0.306576719825
4.602020202020202,2278.0,0.0020202020202,0.2,5.42660536836e-18,0.0,0.613125889662,0.306562944831
4.604040404040404,2279.0,0.0020202020202,0.2,2.571225391e-18,0.0,0.613093059876,0.306546529938
4.606060606060606,2280.0,0.0020202020202,0.2,-1.02331535137e-17,0.0,0.613054949443,0.3065274747215
4.608080808080808,2281.0,0.0020202020202,0.2,3.36852669909e-18,0.0,0.613011557436,0.306505778718
4.61010101010101,2282.0,0.0020202020202,0.2,3.69684413287e-18,0.0,0.612962882848,0.306481441424
4.612121212121212,2283.0,0.0020202020202,0.2,3.10166008717e-19,0.0,0.612908924598,0.306454462299
4.6141414141414145,2284.0,0.0020202020202,0.2,-4.43313998572e-18,0.0,0.612849681526,0.306424840763
4.616161616161616,2285.0,0.0020202020202,0.2,6.52619488956e-19,0.0,0.612785152401,0.3063925762005
4.618181818181818,2286.0,0.0020202020202,0.2,2.49618039665e-18,0.0,0.612715335917,0.3063576679585
4.62020202020202,2287.0,0.0020202020202,0.2,3.52815510496e-18,0.0,0.612640230697,0.3063201153485
4.622222222222222,2288.0,0.0020202020202,0.2,-4.61373329623e-18,0.0,0.612559835297,0.3062799176485
4.624242424242424,2289.0,0.0020202020202,0.2,4.51620114486e-18,0.0,0.612474148201,0.3062370741005
4.626262626262626,2290.0,0.0020202020202,0.2,-2.3063270717e-18,0.0,0.61238316783,0.306191583915
4.6282828282828286,2291.0,0.0020202020202,0.2,-5.24326245814e-18,0.0,0.612286892538,0.306143446269
4.63030303030303,2292.0,0.0020202020202,0.2,-1.7647846969e-18,0.0,0.612185320617,0.3060926603085
4.632323232323232,2293.0,0.0020202020202,0.2,-1.22607581652e-17,0.0,0.612078450297,0.3060392251485
4.634343434343434,2294.0,0.0020202020202,0.2,1.16564836299e-17,0.0,0.611973531831,0.3059867659155
4.636363636363637,2295.0,0.0020202020202,0.2,1.27808616619e-18,0.0,0.611966732708,0.305983366354
4.638383838383838,2296.0,0.0020202020202,0.2,1.88553624828e-18,0.0,0.611954655965,0.3059773279825
4.64040404040404,2297.0,0.0020202020202,0.2,1.14828616e-17,0.0,0.611937301124,0.305968650562
4.642424242424243,2298.0,0.0020202020202,0.2,-3.71673505871e-18,0.0,0.61191466763,0.305957333815
4.644444444444445,2299.0,0.0020202020202,0.2,-7.49923344315e-18,0.0,0.611886754858,0.305943377429
4.646464646464646,2300.0,0.0020202020202,0.2,1.16150642347e-19,0.0,0.611853562111,0.3059267810555
4.648484848484848,2301.0,0.0020202020202,0.2,1.3418681085e-17,0.0,0.611815088623,0.3059075443115
4.650505050505051,2302.0,0.0020202020202,0.2,-6.90222212531e-18,0.0,0.611771333555,0.3058856667775
4.652525252525253,2303.0,0.0020202020202,0.2,1.96930373734e-18,0.0,0.611722296006,0.305861148003
4.654545454545454,2304.0,0.0020202020202,0.2,5.1825136298e-18,0.0,0.611667975003,0.3058339875015
4.656565656565657,2305.0,0.0020202020202,0.2,1.57724277876e-18,0.0,0.611608369512,0.305804184756
4.658585858585859,2306.0,0.0020202020202,0.2,-7.01064955507e-19,0.0,0.611543478431,0.3057717392155
4.66060606060606,2307.0,0.0020202020202,0.2,-5.29215059232e-18,0.0,0.611473300598,0.305736650299
4.6626262626262625,2308.0,0.0020202020202,0.2,-8.26991091838e-19,0.0,0.611397834789,0.3056989173945
4.664646464646465,2309.0,0.0020202020202,0.2,4.875562335e-18,0.0,0.61131707972,0.30565853986
4.666666666666667,2310.0,0.0020202020202,0.2,5.9607346349e-18,0.0,0.611231034048,0.305615517024
4.668686868686868,2311.0,0.0020202020202,0.2,-4.88528082585e-18,0.0,0.611139696376,0.305569848188
4.670707070707071,2312.0,0.0020202020202,0.2,9.50655453924e-18,0.0,0.611043065249,0.3055215326245
4.672727272727273,2313.0,0.0020202020202,0.2,-5.84231593069e-18,0.0,0.610941139159,0.3054705695795
4.674747474747475,2314.0,0.0020202020202,0.2,1.46243210025e-17,0.0,0.610833916546,0.305416958273
4.6767676767676765,2315.0,0.0020202020202,0.2,-3.47205182612e-18,0.0,0.610810887729,0.3054054438645
4.678787878787879,2316.0,0.0020202020202,0.2,1.03290153446e-17,0.0,0.610804367291,0.3054021836455
4.680808080808081,2317.0,0.0020202020202,0.2,-1.80726181254e-18,0.0,0.610792559783,0.3053962798915
4.682828282828283,2318.0,0.0020202020202,0.2,-1.6856776304e-18,0.0,0.610775464779,0.3053877323895
4.684848484848485,2319.0,0.0020202020202,0.2,-9.97919394404e-18,0.0,0.610753081787,0.3053765408935
4.686868686868687,2320.0,0.0020202020202,0.2,5.1679009709e-18,0.0,0.610725410255,0.3053627051275
4.688888888888889,2321.0,0.0020202020202,0.2,-4.26956851575e-18,0.0,0.610692449567,0.3053462247835
4.6909090909090905,2322.0,0.0020202020202,0.2,-6.28558013257e-18,0.0,0.61065419905,0.305327099525
4.692929292929293,2323.0,0.0020202020202,0.2,1.17799810091e-19,0.0,0.610610657969,0.3053053289845
4.694949494949495,2324.0,0.0020202020202,0.2,1.00897056561e-17,0.0,0.610561825534,0.305280912767
4.696969696969697,2325.0,0.0020202020202,0.2,7.72773614478e-18,0.0,0.610507700896,0.305253850448
4.698989898989899,2326.0,0.0020202020202,0.2,-1.20729597889e-17,0.0,0.610448283151,0.3052241415755
4.701010101010101,2327.0,0.0020202020202,0.2,2.22826656946e-18,0.0,0.61038357134,0.30519178567
4.703030303030303,2328.0,0.0020202020202,0.2,4.75936325788e-18,0.0,0.610313564452,0.305156782226
4.705050505050505,2329.0,0.0020202020202,0.2,-4.04416003615e-19,0.0,0.610238261423,0.3051191307115
4.707070707070707,2330.0,0.0020202020202,0.2,-5.65788626774e-18,0.0,0.61015766114,0.30507883057
4.709090909090909,2331.0,0.0020202020202,0.2,-1.03926679813e-18,0.0,0.610071762439,0.3050358812195
4.711111111111111,2332.0,0.0020202020202,0.2,-1.01855490321e-17,0.0,0.609980564111,0.3049902820555
4.7131313131313135,2333.0,0.0020202020202,0.2,-5.20504164369e-18,0.0,0.609884064898,0.304942032449
4.715151515151515,2334.0,0.0020202020202,0.2,-2.65220481773e-18,0.0,0.609782263499,0.3048911317495
4.717171717171717,2335.0,0.0020202020202,0.2,-8.04921831463e-18,0.0,0.609675158571,0.3048375792855
4.719191919191919,2336.0,0.0020202020202,0.2,-4.75446386444e-18,0.0,0.609660314406,0.304830157203
4.721212121212122,2337.0,0.0020202020202,0.2,1.29338305533e-17,0.0,0.609654331593,0.3048271657965
4.723232323232323,2338.0,0.0020202020202,0.2,-1.27867857389e-17,0.0,0.609643043301,0.3048215216505
4.725252525252525,2339.0,0.0020202020202,0.2,5.83550754641e-18,0.0,0.609626449159,0.3048132245795
4.7272727272727275,2340.0,0.0020202020202,0.2,2.408990227e-20,0.0,0.609604548744,0.304802274372
4.729292929292929,2341.0,0.0020202020202,0.2,7.2917103022e-18,0.0,0.609577341581,0.3047886707905
4.731313131313131,2342.0,0.0020202020202,0.2,-8.14235121179e-18,0.0,0.609544827141,0.3047724135705
4.733333333333333,2343.0,0.0020202020202,0.2,-2.0149552035e-18,0.0,0.609507004847,0.3047535024235
4.735353535353536,2344.0,0.0020202020202,0.2,-4.10587756273e-18,0.0,0.609463874071,0.3047319370355
4.737373737373737,2345.0,0.0020202020202,0.2,-2.81214906878e-18,0.0,0.609415434138,0.304707717069
4.739393939393939,2346.0,0.0020202020202,0.2,-4.78758790509e-18,0.0,0.609361684324,0.304680842162
4.7414141414141415,2347.0,0.0020202020202,0.2,1.36374052916e-17,0.0,0.60930262386,0.30465131193
4.743434343434344,2348.0,0.0020202020202,0.2,5.4712029881e-18,0.0,0.609238251932,0.304619125966
4.745454545454545,2349.0,0.0020202020202,0.2,6.55630853065e-18,0.0,0.609168567681,0.3045842838405
4.747474747474747,2350.0,0.0020202020202,0.2,-1.63258555324e-17,0.0,0.609093570206,0.304546785103
4.74949494949495,2351.0,0.0020202020202,0.2,-1.36745994608e-18,0.0,0.609013258565,0.3045066292825
4.751515151515152,2352.0,0.0020202020202,0.2,-8.10784524079e-19,0.0,0.608927631776,0.304463815888
4.753535353535353,2353.0,0.0020202020202,0.2,1.05612439025e-18,0.0,0.608836688817,0.3044183444085
4.7555555555555555,2354.0,0.0020202020202,0.2,5.24000281366e-18,0.0,0.60874042863,0.304370214315
4.757575757575758,2355.0,0.0020202020202,0.2,-3.03123827279e-18,0.0,0.608638850122,0.304319425061
4.759595959595959,2356.0,0.0020202020202,0.2,-3.53386785596e-18,0.0,0.608531952163,0.3042659760815
4.761616161616161,2357.0,0.0020202020202,0.2,2.99576619015e-18,0.0,0.608441040606,0.304220520303
4.763636363636364,2358.0,0.0020202020202,0.2,7.71114189622e-18,0.0,0.608435464063,0.3042177320315
4.765656565656566,2359.0,0.0020202020202,0.2,-1.94836441868e-18,0.0,0.608424554856,0.304212277428
4.767676767676767,2360.0,0.0020202020202,0.2,1.61494379962e-18,0.0,0.608408312672,0.304204156336
4.7696969696969695,2361.0,0.0020202020202,0.2,2.12892813474e-18,0.0,0.608386737154,0.304193368577
4.771717171717172,2362.0,0.0020202020202,0.2,-1.24301354059e-17,0.0,0.608359827905,0.3041799139525
4.773737373737374,2363.0,0.0020202020202,0.2,-1.23287312744e-18,0.0,0.608327584483,0.3041637922415
4.775757575757575,2364.0,0.0020202020202,0.2,5.32217577723e-18,0.0,0.608290006406,0.304145003203
4.777777777777778,2365.0,0.0020202020202,0.2,3.88864889174e-18,0.0,0.608247093154,0.304123546577
4.77979797979798,2366.0,0.0020202020202,0.2,2.39644913494e-18,0.0,0.608198844165,0.3040994220825
4.781818181818182,2367.0,0.0020202020202,0.2,-3.13932515862e-18,0.0,0.608145258841,0.3040726294205
4.783838383838384,2368.0,0.0020202020202,0.2,6.36581834987e-19,0.0,0.608086336547,0.3040431682735
4.785858585858586,2369.0,0.0020202020202,0.2,-4.17671100582e-18,0.0,0.608022076611,0.3040110383055
4.787878787878788,2370.0,0.0020202020202,0.2,-4.26124432947e-18,0.0,0.607952478326,0.303976239163
4.78989898989899,2371.0,0.0020202020202,0.2,-3.42244948759e-18,0.0,0.607877540953,0.3039387704765
4.791919191919192,2372.0,0.0020202020202,0.2,-8.73132757453e-19,0.0,0.607797263721,0.3038986318605
4.793939393939394,2373.0,0.0020202020202,0.2,-4.1212911822e-18,0.0,0.607711645825,0.3038558229125
4.795959595959596,2374.0,0.0020202020202,0.2,1.42278993392e-18,0.0,0.607620686432,0.303810343216
4.797979797979798,2375.0,0.0020202020202,0.2,-5.9286408663e-18,0.0,0.607524384682,0.303762192341
4.8,2376.0,0.0020202020202,0.2,2.7843586242e-18,0.0,0.607422739685,0.3037113698425
4.802020202020202,2377.0,0.0020202020202,0.2,4.43672276576e-18,0.0,0.607315750526,0.303657875263
4.804040404040404,2378.0,0.0020202020202,0.2,4.06255304071e-18,0.0,0.607203416266,0.303601708133
4.806060606060606,2379.0,0.0020202020202,0.2,1.86693606357e-18,0.0,0.607125222584,0.303562611292
4.808080808080808,2380.0,0.0020202020202,0.2,-7.19110883403e-18,0.0,0.607114144215,0.3035570721075
4.81010101010101,2381.0,0.0020202020202,0.2,5.38453453396e-19,0.0,0.607097697285,0.3035488486425
4.8121212121212125,2382.0,0.0020202020202,0.2,6.17783894554e-18,0.0,0.607075881504,0.303537940752
4.814141414141414,2383.0,0.0020202020202,0.2,2.60291893018e-18,0.0,0.60704869655,0.303524348275
4.816161616161616,2384.0,0.0020202020202,0.2,-7.87468647714e-19,0.0,0.607016142069,0.3035080710345
4.818181818181818,2385.0,0.0020202020202,0.2,1.18296752551e-19,0.0,0.606978217673,0.3034891088365
4.820202020202021,2386.0,0.0020202020202,0.2,-1.80651050629e-18,0.0,0.606934922946,0.303467461473
4.822222222222222,2387.0,0.0020202020202,0.2,3.58277886246e-18,0.0,0.606886257442,0.303443128721
4.824242424242424,2388.0,0.0020202020202,0.2,7.42458607965e-19,0.0,0.606832220685,0.3034161103425
4.8262626262626265,2389.0,0.0020202020202,0.2,1.1038590223e-18,0.0,0.606772812171,0.3033864060855
4.828282828282828,2390.0,0.0020202020202,0.2,9.98082205152e-18,0.0,0.606708031371,0.3033540156855
4.83030303030303,2391.0,0.0020202020202,0.2,5.27665293685e-18,0.0,0.60663787773,0.303318938865
4.832323232323232,2392.0,0.0020202020202,0.2,-3.75870542067e-18,0.0,0.606562350668,0.303281175334
4.834343434343435,2393.0,0.0020202020202,0.2,3.95547454464e-18,0.0,0.60648144958,0.30324072479
4.836363636363636,2394.0,0.0020202020202,0.2,4.85678634719e-18,0.0,0.606395173842,0.303197586921
4.838383838383838,2395.0,0.0020202020202,0.2,5.43513877559e-19,0.0,0.606303522806,0.303151761403
4.8404040404040405,2396.0,0.0020202020202,0.2,-3.76772389508e-18,0.0,0.606206495805,0.3031032479025
4.842424242424243,2397.0,0.0020202020202,0.2,-5.32900148182e-19,0.0,0.606104092156,0.303052046078
4.844444444444444,2398.0,0.0020202020202,0.2,1.11685696455e-17,0.0,0.605996311155,0.3029981555775
4.846464646464646,2399.0,0.0020202020202,0.2,5.51794500297e-19,0.0,0.605883152083,0.3029415760415
4.848484848484849,2400.0,0.0020202020202,0.2,4.43553421506e-18,0.0,0.605764614209,0.3028823071045
4.850505050505051,2401.0,0.0020202020202,0.2,-2.07176862306e-19,0.0,0.605672129889,0.3028360649445
4.852525252525252,2402.0,0.0020202020202,0.2,-1.28678657918e-17,0.0,0.605654513573,0.3028272567865
4.8545454545454545,2403.0,0.0020202020202,0.2,-5.34279641671e-18,0.0,0.60563148481,0.302815742405
4.856565656565657,2404.0,0.0020202020202,0.2,-8.16556831957e-18,0.0,0.605603043356,0.302801521678
4.858585858585859,2405.0,0.0020202020202,0.2,-8.97553939702e-19,0.0,0.605569188943,0.3027845944715
4.86060606060606,2406.0,0.0020202020202,0.2,6.38740503579e-18,0.0,0.60552992128,0.30276496064
4.862626262626263,2407.0,0.0020202020202,0.2,-1.26864173544e-18,0.0,0.605485240055,0.3027426200275
4.864646464646465,2408.0,0.0020202020202,0.2,1.35576286496e-18,0.0,0.605435144938,0.302717572469
4.866666666666666,2409.0,0.0020202020202,0.2,-9.93400537924e-18,0.0,0.605379635576,0.302689817788
4.8686868686868685,2410.0,0.0020202020202,0.2,-2.4665079574e-18,0.0,0.6053187116,0.3026593558
4.870707070707071,2411.0,0.0020202020202,0.2,1.2638889844e-18,0.0,0.605252372621,0.3026261863105
4.872727272727273,2412.0,0.0020202020202,0.2,3.5553651782e-18,0.0,0.605180618237,0.3025903091185
4.874747474747474,2413.0,0.0020202020202,0.2,4.2060858663e-18,0.0,0.605103448027,0.3025517240135
4.876767676767677,2414.0,0.0020202020202,0.2,-4.94283354434e-18,0.0,0.605020861558,0.302510430779
4.878787878787879,2415.0,0.0020202020202,0.2,8.50863272386e-18,0.0,0.604932858381,0.3024664291905
4.880808080808081,2416.0,0.0020202020202,0.2,8.96556174444e-19,0.0,0.604839438039,0.3024197190195
4.8828282828282825,2417.0,0.0020202020202,0.2,3.85560277419e-18,0.0,0.60474060006,0.30237030003
4.884848484848485,2418.0,0.0020202020202,0.2,-6.5548582614e-18,0.0,0.604636343963,0.3023181719815
4.886868686868687,2419.0,0.0020202020202,0.2,5.51944689936e-18,0.0,0.604526669261,0.3022633346305
4.888888888888889,2420.0,0.0020202020202,0.2,2.79527007438e-18,0.0,0.604411575457,0.3022057877285
4.890909090909091,2421.0,0.0020202020202,0.2,1.52595089199e-18,0.0,0.604291062049,0.3021455310245
4.892929292929293,2422.0,0.0020202020202,0.2,-4.3762520558e-18,0.0,0.604165128529,0.3020825642645
4.894949494949495,2423.0,0.0020202020202,0.2,5.42316096076e-18,0.0,0.604033774388,0.302016887194
4.8969696969696965,2424.0,0.0020202020202,0.2,-1.33771412029e-19,0.0,0.603997181899,0.3019985909495
4.898989898989899,2425.0,0.0020202020202,0.2,-1.48674717417e-17,0.0,0.603966097898,0.301983048949
4.901010101010101,2426.0,0.0020202020202,0.2,1.85621374714e-17,0.0,0.603929549911,0.3019647749555
4.903030303030303,2427.0,0.0020202020202,0.2,3.27011168133e-18,0.0,0.603887537749,0.3019437688745
4.905050505050505,2428.0,0.0020202020202,0.2,-5.12483268721e-18,0.0,0.603840061213,0.3019200306065
4.907070707070707,2429.0,0.0020202020202,0.2,-5.66936845881e-18,0.0,0.603787120089,0.3018935600445
4.909090909090909,2430.0,0.0020202020202,0.2,-6.78092721496e-18,0.0,0.603728714157,0.3018643570785
4.911111111111111,2431.0,0.0020202020202,0.2,-6.8007012676e-18,0.0,0.603664843184,0.301832421592
4.913131313131313,2432.0,0.0020202020202,0.2,-3.66102469429e-18,0.0,0.603595506932,0.301797753466
4.915151515151515,2433.0,0.0020202020202,0.2,5.70455714203e-18,0.0,0.603520705153,0.3017603525765
4.917171717171717,2434.0,0.0020202020202,0.2,4.32948516712e-18,0.0,0.603440437595,0.3017202187975
4.91919191919192,2435.0,0.0020202020202,0.2,5.94373770336e-18,0.0,0.603354703999,0.3016773519995
4.921212121212121,2436.0,0.0020202020202,0.2,-9.89534753502e-19,0.0,0.603263504103,0.3016317520515
4.923232323232323,2437.0,0.0020202020202,0.2,-5.54743610318e-19,0.0,0.603166837641,0.3015834188205
4.925252525252525,2438.0,0.0020202020202,0.2,7.81759070341e-19,0.0,0.603064704345,0.3015323521725
4.927272727272728,2439.0,0.0020202020202,0.2,-5.86919819927e-18,0.0,0.602957103947,0.3014785519735
4.929292929292929,2440.0,0.0020202020202,0.2,3.99011673694e-19,0.0,0.602844036178,0.301422018089
4.931313131313131,2441.0,0.0020202020202,0.2,1.19428284603e-17,0.0,0.602725500772,0.301362750386
4.933333333333334,2442.0,0.0020202020202,0.2,-1.1745001155e-18,0.0,0.602601497465,0.3013007487325
4.935353535353535,2443.0,0.0020202020202,0.2,-1.20697277422e-17,0.0,0.602472025997,0.3012360129985
4.937373737373737,2444.0,0.0020202020202,0.2,-2.3317463488e-18,0.0,0.602337086113,0.3011685430565
4.9393939393939394,2445.0,0.0020202020202,0.2,5.46430406024e-18,0.0,0.602315664284,0.301157832142
4.941414141414142,2446.0,0.0020202020202,0.2,-3.06563266177e-18,0.0,0.602305916992,0.301152958496
4.943434343434343,2447.0,0.0020202020202,0.2,2.21318300094e-18,0.0,0.602290885762,0.301145442881
4.945454545454545,2448.0,0.0020202020202,0.2,-2.47957132875e-18,0.0,0.602270570244,0.301135285122
4.947474747474748,2449.0,0.0020202020202,0.2,7.38027730489e-18,0.0,0.602244970077,0.3011224850385
4.94949494949495,2450.0,0.0020202020202,0.2,6.65934921594e-18,0.0,0.602214084891,0.3011070424455
4.951515151515151,2451.0,0.0020202020202,0.2,5.18810929958e-18,0.0,0.602177914308,0.301088957154
4.9535353535353535,2452.0,0.0020202020202,0.2,-1.28708794887e-17,0.0,0.602136457938,0.301068228969
4.955555555555556,2453.0,0.0020202020202,0.2,-3.90109087991e-18,0.0,0.602089715387,0.3010448576935
4.957575757575758,2454.0,0.0020202020202,0.2,-7.11983965563e-18,0.0,0.602037686253,0.3010188431265
4.959595959595959,2455.0,0.0020202020202,0.2,2.9371862673e-18,0.0,0.601980370126,0.300990185063
4.961616161616162,2456.0,0.0020202020202,0.2,7.82756745873e-18,0.0,0.601917766593,0.3009588832965
4.963636363636364,2457.0,0.0020202020202,0.2,-3.21169681756e-18,0.0,0.601849875236,0.300924937618
4.965656565656565,2458.0,0.0020202020202,0.2,7.28650967071e-18,0.0,0.601776695634,0.300888347817
4.9676767676767675,2459.0,0.0020202020202,0.2,3.9462796771e-18,0.0,0.601698227361,0.3008491136805
4.96969696969697,2460.0,0.0020202020202,0.2,-2.42196386768e-18,0.0,0.601614469992,0.300807234996
4.971717171717172,2461.0,0.0020202020202,0.2,-7.24068510331e-19,0.0,0.6015254231,0.30076271155
4.973737373737373,2462.0,0.0020202020202,0.2,-8.2792845676e-18,0.0,0.601431086259,0.3007155431295
4.975757575757576,2463.0,0.0020202020202,0.2,-7.14075851473e-18,0.0,0.601331459042,0.300665729521
4.977777777777778,2464.0,0.0020202020202,0.2,4.39063101595e-18,0.0,0.601226541029,0.3006132705145
4.97979797979798,2465.0,0.0020202020202,0.2,1.17934410032e-18,0.0,0.601116331797,0.3005581658985
4.9818181818181815,2466.0,0.0020202020202,0.2,-4.82167043593e-18,0.0,0.601000830934,0.300500415467
4.983838383838384,2467.0,0.0020202020202,0.2,-6.12686812804e-18,0.0,0.600934479496,0.300467239748
4.985858585858586,2468.0,0.0020202020202,0.2,-1.40671221344e-17,0.0,0.600917350111,0.3004586750555
4.987878787878788,2469.0,0.0020202020202,0.2,-2.08296604494e-19,0.0,0.600894866648,0.300447433324
4.98989898989899,2470.0,0.0020202020202,0.2,-2.17348668753e-17,0.0,0.600867028843,0.3004335144215
4.991919191919192,2471.0,0.0020202020202,0.2,6.60715120083e-18,0.0,0.600833836433,0.3004169182165
4.993939393939394,2472.0,0.0020202020202,0.2,8.24243897943e-18,0.0,0.600795289152,0.300397644576
4.995959595959596,2473.0,0.0020202020202,0.2,-4.92815761418e-18,0.0,0.600751386736,0.300375693368
4.997979797979798,2474.0,0.0020202020202,0.2,-2.43074612573e-18,0.0,0.600702128922,0.300351064461
5.0,2475.0,0.0020202020202,0.2,2.93039894129e-18,0.0,0.600647515446,0.300323757723
5.002020202020202,2476.0,0.0020202020202,0.2,5.78463669786e-18,0.0,0.600587546049,0.3002937730245
5.004040404040404,2477.0,0.0020202020202,0.2,6.48227467655e-18,0.0,0.600522220474,0.300261110237
5.006060606060606,2478.0,0.0020202020202,0.2,2.08068541388e-18,0.0,0.600451538469,0.3002257692345
5.008080808080808,2479.0,0.0020202020202,0.2,6.11329628341e-19,0.0,0.600375499784,0.300187749892
5.01010101010101,2480.0,0.0020202020202,0.2,-4.18420671064e-18,0.0,0.600294104178,0.300147052089
5.012121212121212,2481.0,0.0020202020202,0.2,3.31109976376e-18,0.0,0.600207351415,0.3001036757075
5.014141414141414,2482.0,0.0020202020202,0.2,1.07706811108e-18,0.0,0.600115241266,0.300057620633
5.016161616161616,2483.0,0.0020202020202,0.2,-1.4697866089e-18,0.0,0.600017773512,0.300008886756
5.0181818181818185,2484.0,0.0020202020202,0.2,1.51905379719e-18,0.0,0.599914947941,0.2999574739705
5.02020202020202,2485.0,0.0020202020202,0.2,-9.42261078946e-18,0.0,0.599806764355,0.2999033821775
5.022222222222222,2486.0,0.0020202020202,0.2,-6.0450453335e-18,0.0,0.599693222564,0.299846611282
5.024242424242424,2487.0,0.0020202020202,0.2,9.41522549729e-18,0.0,0.599574322391,0.2997871611955
5.026262626262627,2488.0,0.0020202020202,0.2,1.44631858243e-18,0.0,0.599450063676,0.299725031838
5.028282828282828,2489.0,0.0020202020202,0.2,-1.79012182238e-18,0.0,0.599320446269,0.2996602231345
5.03030303030303,2490.0,0.0020202020202,0.2,-5.57050611443e-18,0.0,0.599185470039,0.2995927350195
5.0323232323232325,2491.0,0.0020202020202,0.2,1.320840092e-18,0.0,0.599147513347,0.2995737566735
5.034343434343434,2492.0,0.0020202020202,0.2,1.33968453034e-18,0.0,0.59910937474,0.29955468737
5.036363636363636,2493.0,0.0020202020202,0.2,-3.31915986678e-18,0.0,0.599065805275,0.2995329026375
5.038383838383838,2494.0,0.0020202020202,0.2,5.18878760594e-18,0.0,0.599016804826,0.299508402413
5.040404040404041,2495.0,0.0020202020202,0.2,-3.85522048568e-18,0.0,0.598962373277,0.2994811866385
5.042424242424242,2496.0,0.0020202020202,0.2,-2.05692629737e-18,0.0,0.598902510522,0.299451255261
5.044444444444444,2497.0,0.0020202020202,0.2,5.79555327657e-18,0.0,0.598837216468,0.299418608234
5.0464646464646465,2498.0,0.0020202020202,0.2,1.03943616177e-17,0.0,0.598766491031,0.2993832455155
5.048484848484849,2499.0,0.0020202020202,0.2,5.09554470659e-18,0.0,0.598690334143,0.2993451670715
5.05050505050505,2500.0,0.0020202020202,0.2,-9.40863613241e-18,0.0,0.598608745746,0.299304372873
5.052525252525252,2501.0,0.0020202020202,0.2,2.71702980567e-18,0.0,0.5985217258,0.2992608629
5.054545454545455,2502.0,0.0020202020202,0.2,5.43037684544e-18,0.0,0.598429274279,0.2992146371395
5.056565656565657,2503.0,0.0020202020202,0.2,4.92637645966e-18,0.0,0.598331391172,0.299165695586
5.058585858585858,2504.0,0.0020202020202,0.2,6.28791776296e-19,0.0,0.598228076486,0.299114038243
5.0606060606060606,2505.0,0.0020202020202,0.2,-7.35451734319e-19,0.0,0.598119330246,0.299059665123
5.062626262626263,2506.0,0.0020202020202,0.2,-6.69272104524e-19,0.0,0.598005152498,0.299002576249
5.064646464646465,2507.0,0.0020202020202,0.2,2.12967320819e-18,0.0,0.597885543304,0.298942771652
5.066666666666666,2508.0,0.0020202020202,0.2,-1.4846887505e-18,0.0,0.597760502751,0.2988802513755
5.068686868686869,2509.0,0.0020202020202,0.2,-6.25869323513e-18,0.0,0.597630030947,0.2988150154735
5.070707070707071,2510.0,0.0020202020202,0.2,-4.74399436838e-18,0.0,0.597494128022,0.298747064011
5.072727272727272,2511.0,0.0020202020202,0.2,4.30904397161e-18,0.0,0.597352794131,0.2986763970655
5.074747474747475,2512.0,0.0020202020202,0.2,6.35269862973e-18,0.0,0.597206029455,0.2986030147275
5.076767676767677,2513.0,0.0020202020202,0.2,1.95060674587e-18,0.0,0.597053834201,0.2985269171005
5.078787878787879,2514.0,0.0020202020202,0.2,-1.07811979432e-17,0.0,0.596956477536,0.298478238768
5.08080808080808,2515.0,0.0020202020202,0.2,-1.08808704517e-17,0.0,0.59694029476,0.29847014738
5.082828282828283,2516.0,0.0020202020202,0.2,-6.12192783232e-18,0.0,0.596918821763,0.2984594108815
5.084848484848485,2517.0,0.0020202020202,0.2,7.11938668882e-18,0.0,0.596892058253,0.2984460291265
5.086868686868687,2518.0,0.0020202020202,0.2,-2.3069506222e-18,0.0,0.596860003949,0.2984300019745
5.088888888888889,2519.0,0.0020202020202,0.2,2.15674980191e-18,0.0,0.596822658581,0.2984113292905
5.090909090909091,2520.0,0.0020202020202,0.2,-6.32494782079e-18,0.0,0.596780021893,0.2983900109465
5.092929292929293,2521.0,0.0020202020202,0.2,-2.94123122865e-18,0.0,0.596732093642,0.298366046821
5.094949494949495,2522.0,0.0020202020202,0.2,1.03556751766e-18,0.0,0.596678873597,0.2983394367985
5.096969696969697,2523.0,0.0020202020202,0.2,4.82477257345e-18,0.0,0.596620361543,0.2983101807715
5.098989898989899,2524.0,0.0020202020202,0.2,-8.22175746301e-18,0.0,0.596556557279,0.2982782786395
5.101010101010101,2525.0,0.0020202020202,0.2,4.00097490595e-18,0.0,0.596487460618,0.298243730309
5.103030303030303,2526.0,0.0020202020202,0.2,3.84102762905e-18,0.0,0.596413071394,0.298206535697
5.105050505050505,2527.0,0.0020202020202,0.2,7.97385146432e-18,0.0,0.596333389453,0.2981666947265
5.107070707070707,2528.0,0.0020202020202,0.2,-2.26255715774e-18,0.0,0.596248414662,0.298124207331
5.109090909090909,2529.0,0.0020202020202,0.2,9.23021790829e-18,0.0,0.596158146906,0.298079073453
5.111111111111111,2530.0,0.0020202020202,0.2,7.71051759321e-18,0.0,0.59606258609,0.298031293045
5.113131313131313,2531.0,0.0020202020202,0.2,-2.89419234175e-19,0.0,0.595961732136,0.297980866068
5.115151515151515,2532.0,0.0020202020202,0.2,3.29446115146e-18,0.0,0.595855584992,0.297927792496
5.1171717171717175,2533.0,0.0020202020202,0.2,1.07946947133e-17,0.0,0.595744144626,0.297872072313
5.119191919191919,2534.0,0.0020202020202,0.2,-8.90394448253e-19,0.0,0.595627411028,0.297813705514
5.121212121212121,2535.0,0.0020202020202,0.2,3.06610006447e-18,0.0,0.595505384213,0.2977526921065
5.123232323232323,2536.0,0.0020202020202,0.2,-3.77533533384e-18,0.0,0.595418869797,0.2977094348985
5.125252525252526,2537.0,0.0020202020202,0.2,-6.09235469482e-18,0.0,0.595390114874,0.297695057437
5.127272727272727,2538.0,0.0020202020202,0.2,-1.06976007234e-17,0.0,0.595355975986,0.297677987993
5.129292929292929,2539.0,0.0020202020202,0.2,1.03547840311e-17,0.0,0.595316453001,0.2976582265005
5.1313131313131315,2540.0,0.0020202020202,0.2,3.57700910089e-18,0.0,0.595271545804,0.297635772902
5.133333333333334,2541.0,0.0020202020202,0.2,2.14578716392e-18,0.0,0.595221254305,0.2976106271525
5.135353535353535,2542.0,0.0020202020202,0.2,-5.2819265344e-18,0.0,0.595165578434,0.297582789217
5.137373737373737,2543.0,0.0020202020202,0.2,-6.8292535581e-18,0.0,0.595104518142,0.297552259071
5.13939393939394,2544.0,0.0020202020202,0.2,-2.54668092857e-18,0.0,0.595038073405,0.2975190367025
5.141414141414141,2545.0,0.0020202020202,0.2,1.65120470571e-18,0.0,0.59496624422,0.29748312211
5.143434343434343,2546.0,0.0020202020202,0.2,5.63668351237e-18,0.0,0.59488903061,0.297444515305
5.1454545454545455,2547.0,0.0020202020202,0.2,4.21688565709e-18,0.0,0.594806432622,0.297403216311
5.147474747474748,2548.0,0.0020202020202,0.2,4.97434655826e-19,0.0,0.594718450329,0.2973592251645
5.149494949494949,2549.0,0.0020202020202,0.2,-1.62865155502e-19,0.0,0.59462508383,0.297312541915
5.151515151515151,2550.0,0.0020202020202,0.2,1.15386834276e-17,0.0,0.594526333253,0.2972631666265
5.153535353535354,2551.0,0.0020202020202,0.2,6.40846938159e-18,0.0,0.594422198751,0.2972110993755
5.155555555555556,2552.0,0.0020202020202,0.2,2.68617966742e-18,0.0,0.594312680509,0.2971563402545
5.157575757575757,2553.0,0.0020202020202,0.2,1.04807902617e-17,0.0,0.594197778738,0.297098889369
5.1595959595959595,2554.0,0.0020202020202,0.2,4.23507511643e-18,0.0,0.594077493684,0.297038746842
5.161616161616162,2555.0,0.0020202020202,0.2,2.42366650709e-18,0.0,0.593951825621,0.2969759128105
5.163636363636364,2556.0,0.0020202020202,0.2,4.61868554013e-18,0.0,0.593820774856,0.296910387428
5.165656565656565,2557.0,0.0020202020202,0.2,4.20509887903e-18,0.0,0.593684341731,0.2968421708655
5.167676767676768,2558.0,0.0020202020202,0.2,6.89237626257e-18,0.0,0.593542526621,0.2967712633105
5.16969696969697,2559.0,0.0020202020202,0.2,-5.67724484929e-18,0.0,0.593395329937,0.2966976649685
5.171717171717171,2560.0,0.0020202020202,0.2,6.43330795587e-18,0.0,0.593242752124,0.296621376062
5.1737373737373735,2561.0,0.0020202020202,0.2,4.65732305001e-18,0.0,0.593084793667,0.2965423968335
5.175757575757576,2562.0,0.0020202020202,0.2,-1.49397002434e-17,0.0,0.592995216661,0.2964976083305
5.177777777777778,2563.0,0.0020202020202,0.2,-4.89331102336e-18,0.0,0.592927936646,0.296463968323
5.179797979797979,2564.0,0.0020202020202,0.2,-3.2704525167e-18,0.0,0.592855175699,0.2964275878495
5.181818181818182,2565.0,0.0020202020202,0.2,-1.42794923272e-18,0.0,0.592776934038,0.296388467019
5.183838383838384,2566.0,0.0020202020202,0.2,3.67503468656e-18,0.0,0.592693211915,0.2963466059575
5.185858585858586,2567.0,0.0020202020202,0.2,1.14953840157e-18,0.0,0.592635427312,0.296317713656
5.1878787878787875,2568.0,0.0020202020202,0.2,-7.84597113694e-19,0.0,0.592592831578,0.296296415789
5.18989898989899,2569.0,0.0020202020202,0.2,2.85402642061e-18,0.0,0.592544963073,0.2962724815365
5.191919191919192,2570.0,0.0020202020202,0.2,-7.9065716306e-18,0.0,0.592491821655,0.2962459108275
5.193939393939394,2571.0,0.0020202020202,0.2,-7.03927254347e-18,0.0,0.592433407211,0.2962167036055
5.195959595959596,2572.0,0.0020202020202,0.2,9.94793789941e-18,0.0,0.592369719654,0.296184859827
5.197979797979798,2573.0,0.0020202020202,0.2,1.15494306845e-17,0.0,0.592300758924,0.296150379462
5.2,2574.0,0.0020202020202,0.2,-2.19644125235e-17,0.0,0.592226524988,0.296113262494
5.202020202020202,2575.0,0.0020202020202,0.2,-4.68644012443e-18,0.0,0.592147017842,0.296073508921
5.204040404040404,2576.0,0.0020202020202,0.2,1.78813260679e-18,0.0,0.592062237511,0.2960311187555
5.206060606060606,2577.0,0.0020202020202,0.2,1.13024253425e-18,0.0,0.591972184049,0.2959860920245
5.208080808080808,2578.0,0.0020202020202,0.2,-7.09429682541e-18,0.0,0.591876857541,0.2959384287705
5.21010101010101,2579.0,0.0020202020202,0.2,-4.32409237534e-19,0.0,0.591776258102,0.295888129051
5.212121212121212,2580.0,0.0020202020202,0.2,-8.89992135755e-18,0.0,0.591670385882,0.295835192941
5.214141414141414,2581.0,0.0020202020202,0.2,-9.80187852536e-18,0.0,0.591559241059,0.2957796205295
5.216161616161616,2582.0,0.0020202020202,0.2,5.60792835431e-18,0.0,0.591442823848,0.295721411924
5.218181818181818,2583.0,0.0020202020202,0.2,-2.21288447681e-17,0.0,0.591321134497,0.2956605672485
5.22020202020202,2584.0,0.0020202020202,0.2,1.14274074958e-17,0.0,0.591232003705,0.2956160018525
5.222222222222222,2585.0,0.0020202020202,0.2,-1.16999220084e-17,0.0,0.591198678172,0.295599339086
5.224242424242425,2586.0,0.0020202020202,0.2,2.17767674318e-18,0.0,0.591159971557,0.2955799857785
5.226262626262626,2587.0,0.0020202020202,0.2,3.41836736753e-18,0.0,0.59111588382,0.29555794191
5.228282828282828,2588.0,0.0020202020202,0.2,1.46361486865e-18,0.0,0.591066414957,0.2955332074785
5.2303030303030305,2589.0,0.0020202020202,0.2,-5.2864363225e-18,0.0,0.591011564992,0.295505782496
5.232323232323233,2590.0,0.0020202020202,0.2,4.74709957692e-18,0.0,0.590951333986,0.295475666993
5.234343434343434,2591.0,0.0020202020202,0.2,6.70453095555e-18,0.0,0.590885722033,0.2954428610165
5.236363636363636,2592.0,0.0020202020202,0.2,-1.2661334547e-17,0.0,0.59081472926,0.29540736463
5.238383838383839,2593.0,0.0020202020202,0.2,-2.4592017197e-18,0.0,0.590738355831,0.2953691779155
5.240404040404041,2594.0,0.0020202020202,0.2,6.08776925121e-18,0.0,0.590656601946,0.295328300973
5.242424242424242,2595.0,0.0020202020202,0.2,-3.69836441484e-18,0.0,0.59056946784,0.29528473392
5.2444444444444445,2596.0,0.0020202020202,0.2,1.67657760605e-19,0.0,0.590476953786,0.295238476893
5.246464646464647,2597.0,0.0020202020202,0.2,-1.6253769782e-18,0.0,0.590379060095,0.2951895300475
5.248484848484848,2598.0,0.0020202020202,0.2,-5.96371895303e-19,0.0,0.590275787115,0.2951378935575
5.25050505050505,2599.0,0.0020202020202,0.2,-3.07715658442e-18,0.0,0.590167135237,0.2950835676185
5.252525252525253,2600.0,0.0020202020202,0.2,-2.37074142031e-18,0.0,0.590053104886,0.295026552443
5.254545454545455,2601.0,0.0020202020202,0.2,1.03657166577e-17,0.0,0.589933696534,0.294966848267
5.256565656565656,2602.0,0.0020202020202,0.2,3.32541759424e-18,0.0,0.58980891069,0.294904455345
5.2585858585858585,2603.0,0.0020202020202,0.2,7.95387344118e-18,0.0,0.589678747908,0.294839373954
5.260606060606061,2604.0,0.0020202020202,0.2,-1.06929666993e-17,0.0,0.589543208784,0.294771604392
5.262626262626263,2605.0,0.0020202020202,0.2,1.50214034605e-18,0.0,0.589402293957,0.2947011469785
5.264646464646464,2606.0,0.0020202020202,0.2,3.8115532435e-18,0.0,0.589256004113,0.2946280020565
5.266666666666667,2607.0,0.0020202020202,0.2,-7.82088704138e-18,0.0,0.589104339983,0.2945521699915
5.268686868686869,2608.0,0.0020202020202,0.2,-5.01492376225e-18,0.0,0.588947302343,0.2944736511715
5.270707070707071,2609.0,0.0020202020202,0.2,8.25008329454e-18,0.0,0.588784892019,0.2943924460095
5.2727272727272725,2610.0,0.0020202020202,0.2,6.98320101997e-19,0.0,0.588617109884,0.294308554942
5.274747474747475,2611.0,0.0020202020202,0.2,5.86885264164e-18,0.0,0.588588042961,0.2942940214805
5.276767676767677,2612.0,0.0020202020202,0.2,5.91398251746e-18,0.0,0.588566052155,0.2942830260775
5.278787878787878,2613.0,0.0020202020202,0.2,-2.46532078768e-18,0.0,0.588538763969,0.2942693819845
5.280808080808081,2614.0,0.0020202020202,0.2,8.3891244147e-19,0.0,0.588506178257,0.2942530891285
5.282828282828283,2615.0,0.0020202020202,0.2,-2.11734469366e-18,0.0,0.588468294909,0.2942341474545
5.284848484848485,2616.0,0.0020202020202,0.2,3.64571363073e-18,0.0,0.588425113851,0.2942125569255
5.2868686868686865,2617.0,0.0020202020202,0.2,4.76816886556e-18,0.0,0.588376635045,0.2941883175225
5.288888888888889,2618.0,0.0020202020202,0.2,7.72592910888e-18,0.0,0.58832285849,0.294161429245
5.290909090909091,2619.0,0.0020202020202,0.2,-3.00551866421e-18,0.0,0.588263784221,0.2941318921105
5.292929292929293,2620.0,0.0020202020202,0.2,3.60039042113e-19,0.0,0.588199412311,0.2940997061555
5.294949494949495,2621.0,0.0020202020202,0.2,-2.33101941809e-18,0.0,0.588129742874,0.294064871437
5.296969696969697,2622.0,0.0020202020202,0.2,-1.98047929313e-18,0.0,0.588054776058,0.294027388029
5.298989898989899,2623.0,0.0020202020202,0.2,-1.09501063393e-18,0.0,0.587974512054,0.293987256027
5.301010101010101,2624.0,0.0020202020202,0.2,-4.45139060794e-18,0.0,0.587888951092,0.293944475546
5.303030303030303,2625.0,0.0020202020202,0.2,-2.71271481064e-18,0.0,0.587798093443,0.2938990467215
5.305050505050505,2626.0,0.0020202020202,0.2,2.02519979725e-18,0.0,0.587701939417,0.2938509697085
5.307070707070707,2627.0,0.0020202020202,0.2,4.16237133704e-18,0.0,0.587600489368,0.293800244684
5.3090909090909095,2628.0,0.0020202020202,0.2,-7.08842711604e-19,0.0,0.587493743692,0.293746871846
5.311111111111111,2629.0,0.0020202020202,0.2,1.20999961585e-17,0.0,0.587381702827,0.2936908514135
5.313131313131313,2630.0,0.0020202020202,0.2,-4.85107676217e-19,0.0,0.587264367257,0.2936321836285
5.315151515151515,2631.0,0.0020202020202,0.2,-2.6426500367e-18,0.0,0.587141737508,0.293570868754
5.317171717171717,2632.0,0.0020202020202,0.2,-3.19225366524e-18,0.0,0.587013814154,0.293506907077
5.319191919191919,2633.0,0.0020202020202,0.2,-8.95356473265e-19,0.0,0.586880597811,0.2934402989055
5.321212121212121,2634.0,0.0020202020202,0.2,5.48170209551e-19,0.0,0.586742089147,0.2933710445735
5.3232323232323235,2635.0,0.0020202020202,0.2,-9.69699544737e-18,0.0,0.586598288873,0.2932991444365
5.325252525252525,2636.0,0.0020202020202,0.2,-9.94826487622e-18,0.0,0.586498371095,0.2932491855475
5.327272727272727,2637.0,0.0020202020202,0.2,-1.53331522228e-18,0.0,0.586436446473,0.2932182232365
5.329292929292929,2638.0,0.0020202020202,0.2,1.68691245784e-17,0.0,0.586369103452,0.293184551726
5.331313131313132,2639.0,0.0020202020202,0.2,-7.63626290188e-18,0.0,0.586296342356,0.293148171178
5.333333333333333,2640.0,0.0020202020202,0.2,-1.35668618015e-17,0.0,0.586218163557,0.2931090817785
5.335353535353535,2641.0,0.0020202020202,0.2,-3.99175582151e-18,0.0,0.586134567474,0.293067283737
5.3373737373737375,2642.0,0.0020202020202,0.2,-7.39018058664e-18,0.0,0.586045554572,0.293022777286
5.33939393939394,2643.0,0.0020202020202,0.2,-2.17744163789e-18,0.0,0.585951125366,0.292975562683
5.341414141414141,2644.0,0.0020202020202,0.2,3.69743957077e-19,0.0,0.58585128042,0.29292564021
5.343434343434343,2645.0,0.0020202020202,0.2,1.07332032899e-17,0.0,0.585746020347,0.2928730101735
5.345454545454546,2646.0,0.0020202020202,0.2,-5.15009505907e-18,0.0,0.585635345809,0.2928176729045
5.347474747474747,2647.0,0.0020202020202,0.2,-2.23945806584e-18,0.0,0.585519257521,0.2927596287605
5.349494949494949,2648.0,0.0020202020202,0.2,-4.62456369337e-18,0.0,0.585397756249,0.2926988781245
5.351515151515152,2649.0,0.0020202020202,0.2,-1.36970681516e-18,0.0,0.58527084281,0.292635421405
5.353535353535354,2650.0,0.0020202020202,0.2,8.46062605912e-18,0.0,0.585149150846,0.292574575423
5.355555555555555,2651.0,0.0020202020202,0.2,-4.37704149882e-19,0.0,0.585079491889,0.2925397459445
5.357575757575757,2652.0,0.0020202020202,0.2,-8.96100082634e-19,0.0,0.585004601424,0.292502300712
5.35959595959596,2653.0,0.0020202020202,0.2,-2.28089028398e-18,0.0,0.584924479673,0.2924622398365
5.361616161616162,2654.0,0.0020202020202,0.2,-8.67656466419e-18,0.0,0.5848391269,0.29241956345
5.363636363636363,2655.0,0.0020202020202,0.2,9.12138362252e-20,0.0,0.584748543416,0.292374271708
5.365656565656566,2656.0,0.0020202020202,0.2,9.26599474953e-18,0.0,0.584652729574,0.292326364787
5.367676767676768,2657.0,0.0020202020202,0.2,-1.94071435571e-18,0.0,0.584551685775,0.2922758428875
5.36969696969697,2658.0,0.0020202020202,0.2,-5.40461519757e-18,0.0,0.584445412465,0.2922227062325
5.3717171717171714,2659.0,0.0020202020202,0.2,-1.00965799282e-17,0.0,0.584333910138,0.292166955069
5.373737373737374,2660.0,0.0020202020202,0.2,-1.04943937674e-17,0.0,0.584217179334,0.292108589667
5.375757575757576,2661.0,0.0020202020202,0.2,-1.07269487807e-18,0.0,0.584136583428,0.292068291714
5.377777777777778,2662.0,0.0020202020202,0.2,1.78944738937e-18,0.0,0.584098234823,0.2920491174115
5.37979797979798,2663.0,0.0020202020202,0.2,-1.24593021449e-17,0.0,0.584054522951,0.2920272614755
5.381818181818182,2664.0,0.0020202020202,0.2,3.27674773295e-18,0.0,0.584005447942,0.292002723971
5.383838383838384,2665.0,0.0020202020202,0.2,8.87285008476e-18,0.0,0.583951009978,0.291975504989
5.3858585858585855,2666.0,0.0020202020202,0.2,1.34129391421e-17,0.0,0.583891209289,0.2919456046445
5.387878787878788,2667.0,0.0020202020202,0.2,1.5167020277e-18,0.0,0.583826046154,0.291913023077
5.38989898989899,2668.0,0.0020202020202,0.2,1.15141616093e-19,0.0,0.5837555209,0.29187776045
5.391919191919192,2669.0,0.0020202020202,0.2,4.83595042655e-18,0.0,0.583679633906,0.291839816953
5.393939393939394,2670.0,0.0020202020202,0.2,5.54641134133e-18,0.0,0.583598385602,0.291799192801
5.395959595959596,2671.0,0.0020202020202,0.2,9.90977370059e-18,0.0,0.583511776468,0.291755888234
5.397979797979798,2672.0,0.0020202020202,0.2,2.3234908192e-18,0.0,0.583419807035,0.2917099035175
5.4,2673.0,0.0020202020202,0.2,-1.04005729308e-17,0.0,0.583322477889,0.2916612389445
5.402020202020202,2674.0,0.0020202020202,0.2,-8.41741471402e-18,0.0,0.583219789667,0.2916098948335
5.404040404040404,2675.0,0.0020202020202,0.2,1.77468340552e-18,0.0,0.583111743059,0.2915558715295
5.406060606060606,2676.0,0.0020202020202,0.2,-3.35747970608e-18,0.0,0.582998338809,0.2914991694045
5.4080808080808085,2677.0,0.0020202020202,0.2,8.43021357967e-18,0.0,0.582879577717,0.2914397888585
5.41010101010101,2678.0,0.0020202020202,0.2,5.78522422591e-18,0.0,0.582755460638,0.291377730319
5.412121212121212,2679.0,0.0020202020202,0.2,-4.25399065414e-19,0.0,0.582625988482,0.291312994241
5.414141414141414,2680.0,0.0020202020202,0.2,4.69523098478e-18,0.0,0.582491162215,0.2912455811075
5.416161616161616,2681.0,0.0020202020202,0.2,-3.9611013257e-18,0.0,0.582350982862,0.291175491431
5.418181818181818,2682.0,0.0020202020202,0.2,-1.17838631311e-18,0.0,0.582205451506,0.291102725753
5.42020202020202,2683.0,0.0020202020202,0.2,-3.7254498741e-18,0.0,0.582054569286,0.291027284643
5.4222222222222225,2684.0,0.0020202020202,0.2,-3.26688619756e-18,0.0,0.581898337403,0.2909491687015
5.424242424242424,2685.0,0.0020202020202,0.2,6.99424557065e-18,0.0,0.581736757118,0.290868378559
5.426262626262626,2686.0,0.0020202020202,0.2,1.5097392707e-17,0.0,0.581569829751,0.2907849148755
5.428282828282828,2687.0,0.0020202020202,0.2,-1.37305434315e-19,0.0,0.581462150479,0.2907310752395
5.430303030303031,2688.0,0.0020202020202,0.2,-3.81412449807e-18,0.0,0.581443923413,0.2907219617065
5.432323232323232,2689.0,0.0020202020202,0.2,-6.14754354673e-18,0.0,0.58142037163,0.290710185815
5.434343434343434,2690.0,0.0020202020202,0.2,1.86425822234e-18,0.0,0.581391495098,0.290695747549
5.4363636363636365,2691.0,0.0020202020202,0.2,-1.32740934874e-17,0.0,0.581357293834,0.290678646917
5.438383838383839,2692.0,0.0020202020202,0.2,-9.25488233047e-18,0.0,0.581317767908,0.290658883954
5.44040404040404,2693.0,0.0020202020202,0.2,3.47855230058e-18,0.0,0.581272917442,0.290636458721
5.442424242424242,2694.0,0.0020202020202,0.2,2.92993378407e-18,0.0,0.581222742611,0.2906113713055
5.444444444444445,2695.0,0.0020202020202,0.2,1.6581120449e-19,0.0,0.581167243639,0.2905836218195
5.446464646464647,2696.0,0.0020202020202,0.2,-3.60225074619e-18,0.0,0.581106420808,0.290553210404
5.448484848484848,2697.0,0.0020202020202,0.2,2.88319431271e-18,0.0,0.58104027445,0.290520137225
5.4505050505050505,2698.0,0.0020202020202,0.2,4.64097681698e-18,0.0,0.580968804952,0.290484402476
5.452525252525253,2699.0,0.0020202020202,0.2,-4.50493916751e-18,0.0,0.580892012755,0.2904460063775
5.454545454545454,2700.0,0.0020202020202,0.2,7.04467907222e-19,0.0,0.580809898356,0.290404949178
5.456565656565656,2701.0,0.0020202020202,0.2,7.09305432865e-18,0.0,0.580722462306,0.290361231153
5.458585858585859,2702.0,0.0020202020202,0.2,4.42384972814e-18,0.0,0.580629705213,0.2903148526065
5.460606060606061,2703.0,0.0020202020202,0.2,2.43742311137e-18,0.0,0.580531627739,0.2902658138695
5.462626262626262,2704.0,0.0020202020202,0.2,1.36871617916e-17,0.0,0.580428230606,0.290214115303
5.4646464646464645,2705.0,0.0020202020202,0.2,4.1728986105e-18,0.0,0.58031951459,0.290159757295
5.466666666666667,2706.0,0.0020202020202,0.2,-2.79061598876e-18,0.0,0.580205480528,0.290102740264
5.468686868686869,2707.0,0.0020202020202,0.2,-1.79606303096e-17,0.0,0.580086129314,0.290043064657
5.47070707070707,2708.0,0.0020202020202,0.2,1.13133262772e-17,0.0,0.5799614619,0.28998073095
5.472727272727273,2709.0,0.0020202020202,0.2,-1.01685677723e-18,0.0,0.579831479299,0.2899157396495
5.474747474747475,2710.0,0.0020202020202,0.2,-6.55868036057e-18,0.0,0.579696182584,0.289848091292
5.476767676767677,2711.0,0.0020202020202,0.2,-3.09491295553e-18,0.0,0.57955557289,0.289777786445
5.4787878787878785,2712.0,0.0020202020202,0.2,-2.59894365066e-18,0.0,0.579409651412,0.289704825706
5.480808080808081,2713.0,0.0020202020202,0.2,8.77561660722e-18,0.0,0.579258419406,0.289629209703
5.482828282828283,2714.0,0.0020202020202,0.2,6.18498440697e-18,0.0,0.579101878195,0.2895509390975
5.484848484848484,2715.0,0.0020202020202,0.2,1.08996947605e-17,0.0,0.578940029161,0.2894700145805
5.486868686868687,2716.0,0.0020202020202,0.2,-6.83545708856e-18,0.0,0.578772873752,0.289386436876
5.488888888888889,2717.0,0.0020202020202,0.2,8.25767306703e-18,0.0,0.578618319145,0.2893091595725
5.490909090909091,2718.0,0.0020202020202,0.2,-6.1591379112e-18,0.0,0.578599987006,0.289299993503
5.4929292929292926,2719.0,0.0020202020202,0.2,-7.11858214339e-18,0.0,0.578576351427,0.2892881757135
5.494949494949495,2720.0,0.0020202020202,0.2,-3.36471243432e-18,0.0,0.57854741241,0.289273706205
5.496969696969697,2721.0,0.0020202020202,0.2,-5.12967515791e-18,0.0,0.57851317001,0.289256585005
5.498989898989899,2722.0,0.0020202020202,0.2,-2.05172107424e-18,0.0,0.578473624341,0.2892368121705
5.501010101010101,2723.0,0.0020202020202,0.2,1.06573479271e-17,0.0,0.578428775574,0.289214387787
5.503030303030303,2724.0,0.0020202020202,0.2,-1.10322473123e-17,0.0,0.578378623935,0.2891893119675
5.505050505050505,2725.0,0.0020202020202,0.2,1.50830617659e-19,0.0,0.578323169708,0.289161584854
5.5070707070707074,2726.0,0.0020202020202,0.2,2.14940952212e-18,0.0,0.578262413235,0.2891312066175
5.509090909090909,2727.0,0.0020202020202,0.2,-8.61903775248e-19,0.0,0.578196354916,0.289098177458
5.511111111111111,2728.0,0.0020202020202,0.2,7.03949807883e-18,0.0,0.578124995208,0.289062497604
5.513131313131313,2729.0,0.0020202020202,0.2,4.98898095607e-18,0.0,0.578048334629,0.2890241673145
5.515151515151516,2730.0,0.0020202020202,0.2,3.16614241957e-18,0.0,0.577966373754,0.288983186877
5.517171717171717,2731.0,0.0020202020202,0.2,7.73869199818e-18,0.0,0.577879113218,0.288939556609
5.519191919191919,2732.0,0.0020202020202,0.2,6.91081890985e-18,0.0,0.577786553719,0.2888932768595
5.5212121212121215,2733.0,0.0020202020202,0.2,3.57717045412e-19,0.0,0.577688696011,0.2888443480055
5.523232323232323,2734.0,0.0020202020202,0.2,6.15517832443e-18,0.0,0.577585540912,0.288792770456
5.525252525252525,2735.0,0.0020202020202,0.2,2.52716660397e-18,0.0,0.577477089301,0.2887385446505
5.527272727272727,2736.0,0.0020202020202,0.2,-5.1741869836e-18,0.0,0.577363342118,0.288681671059
5.52929292929293,2737.0,0.0020202020202,0.2,3.70405309475e-18,0.0,0.577244300367,0.2886221501835
5.531313131313131,2738.0,0.0020202020202,0.2,-3.6800835049e-18,0.0,0.577119965114,0.288559982557
5.533333333333333,2739.0,0.0020202020202,0.2,6.11445688385e-19,0.0,0.576990337489,0.2884951687445
5.5353535353535355,2740.0,0.0020202020202,0.2,-8.97008543739e-19,0.0,0.576855418686,0.288427709343
5.537373737373738,2741.0,0.0020202020202,0.2,-5.24898180903e-20,0.0,0.576715209965,0.2883576049825
5.539393939393939,2742.0,0.0020202020202,0.2,6.15636999563e-18,0.0,0.576569712649,0.2882848563245
5.541414141414141,2743.0,0.0020202020202,0.2,-2.82136224143e-18,0.0,0.576418928129,0.2882094640645
5.543434343434344,2744.0,0.0020202020202,0.2,6.6372409404e-18,0.0,0.576262857862,0.288131428931
5.545454545454546,2745.0,0.0020202020202,0.2,-1.11500436826e-17,0.0,0.576101503371,0.2880507516855
5.547474747474747,2746.0,0.0020202020202,0.2,4.40114706335e-18,0.0,0.575934866249,0.2879674331245
5.5494949494949495,2747.0,0.0020202020202,0.2,-1.41094242964e-18,0.0,0.575762948155,0.2878814740775
5.551515151515152,2748.0,0.0020202020202,0.2,-1.30271779424e-17,0.0,0.575743244171,0.2878716220855
5.553535353535353,2749.0,0.0020202020202,0.2,9.05262716884e-18,0.0,0.57571955752,0.28785977876
5.555555555555555,2750.0,0.0020202020202,0.2,3.07941906337e-18,0.0,0.575690571824,0.287845285912
5.557575757575758,2751.0,0.0020202020202,0.2,-5.46234426479e-18,0.0,0.575656287198,0.287828143599
5.55959595959596,2752.0,0.0020202020202,0.2,-4.69114270965e-18,0.0,0.575616703818,0.287808351909
5.561616161616161,2753.0,0.0020202020202,0.2,5.97811615175e-18,0.0,0.575571821923,0.2877859109615
5.5636363636363635,2754.0,0.0020202020202,0.2,1.56956664405e-18,0.0,0.575521641813,0.2877608209065
5.565656565656566,2755.0,0.0020202020202,0.2,-3.65908383605e-18,0.0,0.575466163851,0.2877330819255
5.567676767676768,2756.0,0.0020202020202,0.2,4.10123178537e-18,0.0,0.575405388461,0.2877026942305
5.569696969696969,2757.0,0.0020202020202,0.2,-2.48912268423e-18,0.0,0.575339316131,0.2876696580655
5.571717171717172,2758.0,0.0020202020202,0.2,4.15479021643e-18,0.0,0.575267947413,0.2876339737065
5.573737373737374,2759.0,0.0020202020202,0.2,-9.01830630985e-19,0.0,0.575191282919,0.2875956414595
5.575757575757576,2760.0,0.0020202020202,0.2,-7.59429349577e-18,0.0,0.575109323329,0.2875546616645
5.5777777777777775,2761.0,0.0020202020202,0.2,-1.52545753011e-18,0.0,0.575022069385,0.2875110346925
5.57979797979798,2762.0,0.0020202020202,0.2,1.50042282223e-18,0.0,0.574929521895,0.2874647609475
5.581818181818182,2763.0,0.0020202020202,0.2,-1.16224671585e-17,0.0,0.57483168173,0.287415840865
5.583838383838384,2764.0,0.0020202020202,0.2,-3.54629497648e-18,0.0,0.574728549829,0.2873642749145
5.585858585858586,2765.0,0.0020202020202,0.2,-3.59650890226e-18,0.0,0.574620127196,0.287310063598
5.587878787878788,2766.0,0.0020202020202,0.2,-2.87814845362e-18,0.0,0.574506414902,0.287253207451
5.58989898989899,2767.0,0.0020202020202,0.2,-7.26466655662e-19,0.0,0.574387414083,0.2871937070415
5.5919191919191915,2768.0,0.0020202020202,0.2,-4.35499361876e-18,0.0,0.574263125946,0.287131562973
5.593939393939394,2769.0,0.0020202020202,0.2,-3.40392151197e-18,0.0,0.574133551764,0.287066775882
5.595959595959596,2770.0,0.0020202020202,0.2,9.66685449028e-19,0.0,0.573998692877,0.2869993464385
5.597979797979798,2771.0,0.0020202020202,0.2,7.12759707214e-18,0.0,0.573858550697,0.2869292753485
5.6,2772.0,0.0020202020202,0.2,-2.66724752308e-18,0.0,0.573713126704,0.286856563352
5.602020202020202,2773.0,0.0020202020202,0.2,1.07627802766e-17,0.0,0.573562422448,0.286781211224
5.604040404040404,2774.0,0.0020202020202,0.2,-3.22118214045e-18,0.0,0.57340643955,0.286703219775
5.606060606060606,2775.0,0.0020202020202,0.2,6.63851445038e-18,0.0,0.573245179702,0.286622589851
5.608080808080808,2776.0,0.0020202020202,0.2,1.25162128341e-18,0.0,0.573139535628,0.286569767814
5.61010101010101,2777.0,0.0020202020202,0.2,1.25085050597e-18,0.0,0.573055642886,0.286527821443
5.612121212121212,2778.0,0.0020202020202,0.2,3.83616894199e-18,0.0,0.572966603852,0.286483301926
5.6141414141414145,2779.0,0.0020202020202,0.2,6.71188885246e-18,0.0,0.572872419251,0.2864362096255
5.616161616161616,2780.0,0.0020202020202,0.2,7.12725162589e-18,0.0,0.572799677008,0.286399838504
5.618181818181818,2781.0,0.0020202020202,0.2,-8.86931716082e-18,0.0,0.572764198436,0.286382099218
5.62020202020202,2782.0,0.0020202020202,0.2,-4.92485207984e-18,0.0,0.572723409641,0.2863617048205
5.622222222222222,2783.0,0.0020202020202,0.2,3.7001611379e-19,0.0,0.572677310963,0.2863386554815
5.624242424242424,2784.0,0.0020202020202,0.2,9.31822401989e-18,0.0,0.572625902812,0.286312951406
5.626262626262626,2785.0,0.0020202020202,0.2,1.45228399302e-17,0.0,0.572569185662,0.286284592831
5.6282828282828286,2786.0,0.0020202020202,0.2,-1.92276303049e-18,0.0,0.572507160058,0.286253580029
5.63030303030303,2787.0,0.0020202020202,0.2,-6.46070570196e-18,0.0,0.572439826613,0.2862199133065
5.632323232323232,2788.0,0.0020202020202,0.2,7.92289666603e-18,0.0,0.572367186005,0.2861835930025
5.634343434343434,2789.0,0.0020202020202,0.2,-1.13162301472e-17,0.0,0.572289238984,0.286144619492
5.636363636363637,2790.0,0.0020202020202,0.2,1.7375848268e-18,0.0,0.572205986369,0.2861029931845
5.638383838383838,2791.0,0.0020202020202,0.2,1.09492386746e-18,0.0,0.572117429047,0.2860587145235
5.64040404040404,2792.0,0.0020202020202,0.2,-3.61361791225e-18,0.0,0.572023567976,0.286011783988
5.642424242424243,2793.0,0.0020202020202,0.2,-7.16287640665e-18,0.0,0.571924404183,0.2859622020915
5.644444444444445,2794.0,0.0020202020202,0.2,2.26752222113e-19,0.0,0.571819938767,0.2859099693835
5.646464646464646,2795.0,0.0020202020202,0.2,-3.00585354796e-18,0.0,0.571710172897,0.2858550864485
5.648484848484848,2796.0,0.0020202020202,0.2,4.05608762372e-18,0.0,0.571595107814,0.285797553907
5.650505050505051,2797.0,0.0020202020202,0.2,-7.74750976977e-18,0.0,0.571474744832,0.285737372416
5.652525252525253,2798.0,0.0020202020202,0.2,-6.37091243091e-18,0.0,0.571349085336,0.285674542668
5.654545454545454,2799.0,0.0020202020202,0.2,3.64392865858e-18,0.0,0.571218130784,0.285609065392
5.656565656565657,2800.0,0.0020202020202,0.2,4.29079982567e-18,0.0,0.571081882708,0.285540941354
5.658585858585859,2801.0,0.0020202020202,0.2,2.92836710434e-18,0.0,0.570969702353,0.2854848511765
5.66060606060606,2802.0,0.0020202020202,0.2,-2.6111199066e-18,0.0,0.570913876998,0.285456938499
5.6626262626262625,2803.0,0.0020202020202,0.2,-4.35242061112e-18,0.0,0.57085287958,0.28542643979
5.664646464646465,2804.0,0.0020202020202,0.2,8.36911757736e-19,0.0,0.570786710603,0.2853933553015
5.666666666666667,2805.0,0.0020202020202,0.2,-1.89973459325e-18,0.0,0.570715370638,0.285357685319
5.668686868686868,2806.0,0.0020202020202,0.2,2.31056510815e-18,0.0,0.570638860321,0.2853194301605
5.670707070707071,2807.0,0.0020202020202,0.2,5.16960752488e-18,0.0,0.570557180358,0.285278590179
5.672727272727273,2808.0,0.0020202020202,0.2,-4.05065357438e-19,0.0,0.570470331518,0.285235165759
5.674747474747475,2809.0,0.0020202020202,0.2,1.68030581772e-20,0.0,0.570378314639,0.2851891573195
5.6767676767676765,2810.0,0.0020202020202,0.2,2.40647616582e-18,0.0,0.570281130628,0.285140565314
5.678787878787879,2811.0,0.0020202020202,0.2,-5.17751200127e-18,0.0,0.570178780458,0.285089390229
5.680808080808081,2812.0,0.0020202020202,0.2,6.83972108103e-18,0.0,0.570071265173,0.2850356325865
5.682828282828283,2813.0,0.0020202020202,0.2,5.36468566025e-18,0.0,0.569958585884,0.284979292942
5.684848484848485,2814.0,0.0020202020202,0.2,-1.29123147777e-18,0.0,0.569840743772,0.284920371886
5.686868686868687,2815.0,0.0020202020202,0.2,-5.87762872885e-18,0.0,0.569717740087,0.2848588700435
5.688888888888889,2816.0,0.0020202020202,0.2,4.05954900744e-18,0.0,0.569589576152,0.284794788076
5.6909090909090905,2817.0,0.0020202020202,0.2,-2.59176976241e-18,0.0,0.569456253357,0.2847281266785
5.692929292929293,2818.0,0.0020202020202,0.2,-3.22716981152e-18,0.0,0.569318738836,0.284659369418
5.694949494949495,2819.0,0.0020202020202,0.2,5.35528574112e-18,0.0,0.569237135148,0.284618567574
5.696969696969697,2820.0,0.0020202020202,0.2,-4.88172985865e-18,0.0,0.569150201303,0.2845751006515
5.698989898989899,2821.0,0.0020202020202,0.2,-8.97116506742e-18,0.0,0.569057938394,0.284528969197
5.701010101010101,2822.0,0.0020202020202,0.2,-2.43262655959e-18,0.0,0.568960347586,0.284480173793
5.703030303030303,2823.0,0.0020202020202,0.2,-2.46623630496e-18,0.0,0.568857430123,0.2844287150615
5.705050505050505,2824.0,0.0020202020202,0.2,-6.05647791155e-18,0.0,0.568749187323,0.2843745936615
5.707070707070707,2825.0,0.0020202020202,0.2,2.29684885961e-19,0.0,0.568662406212,0.284331203106
5.709090909090909,2826.0,0.0020202020202,0.2,-2.1041053517e-18,0.0,0.568637165508,0.284318582754
5.711111111111111,2827.0,0.0020202020202,0.2,6.61666206162e-19,0.0,0.568606712291,0.2843033561455
5.7131313131313135,2828.0,0.0020202020202,0.2,3.17703558952e-19,0.0,0.568571046785,0.2842855233925
5.715151515151515,2829.0,0.0020202020202,0.2,2.04756987621e-18,0.0,0.568530169282,0.284265084641
5.717171717171717,2830.0,0.0020202020202,0.2,-6.46726835786e-19,0.0,0.568484080146,0.284242040073
5.719191919191919,2831.0,0.0020202020202,0.2,-8.36271488216e-18,0.0,0.568432779813,0.2842163899065
5.721212121212122,2832.0,0.0020202020202,0.2,-6.63369165864e-19,0.0,0.568376268788,0.284188134394
5.723232323232323,2833.0,0.0020202020202,0.2,-3.10197091146e-18,0.0,0.568314547648,0.284157273824
5.725252525252525,2834.0,0.0020202020202,0.2,-1.31998325496e-19,0.0,0.568247617042,0.284123808521
5.7272727272727275,2835.0,0.0020202020202,0.2,7.39498134379e-18,0.0,0.568175477689,0.2840877388445
5.729292929292929,2836.0,0.0020202020202,0.2,3.07921173323e-18,0.0,0.568098130382,0.284049065191
5.731313131313131,2837.0,0.0020202020202,0.2,-4.27407760461e-18,0.0,0.568015575986,0.284007787993
5.733333333333333,2838.0,0.0020202020202,0.2,7.5413076084e-18,0.0,0.567927815438,0.283963907719
5.735353535353536,2839.0,0.0020202020202,0.2,1.06214408852e-17,0.0,0.567834849749,0.2839174248745
5.737373737373737,2840.0,0.0020202020202,0.2,-2.83593359621e-19,0.0,0.567736680003,0.2838683400015
5.739393939393939,2841.0,0.0020202020202,0.2,4.42538390483e-19,0.0,0.567633307356,0.283816653678
5.7414141414141415,2842.0,0.0020202020202,0.2,7.60552658749e-19,0.0,0.567524733042,0.283762366521
5.743434343434344,2843.0,0.0020202020202,0.2,-2.34726783571e-18,0.0,0.567410958365,0.2837054791825
5.745454545454545,2844.0,0.0020202020202,0.2,4.89944176558e-18,0.0,0.567291984707,0.2836459923535
5.747474747474747,2845.0,0.0020202020202,0.2,2.23567035331e-18,0.0,0.567167813524,0.283583906762
5.74949494949495,2846.0,0.0020202020202,0.2,3.29168309902e-19,0.0,0.567038446348,0.283519223174
5.751515151515152,2847.0,0.0020202020202,0.2,-1.01109257357e-18,0.0,0.566903884785,0.2834519423925
5.753535353535353,2848.0,0.0020202020202,0.2,1.48001066438e-19,0.0,0.566764130522,0.283382065261
5.7555555555555555,2849.0,0.0020202020202,0.2,-1.23602910274e-18,0.0,0.566619185317,0.2833095926585
5.757575757575758,2850.0,0.0020202020202,0.2,-2.34826171785e-18,0.0,0.566469051011,0.2832345255055
5.759595959595959,2851.0,0.0020202020202,0.2,-1.93632124168e-18,0.0,0.566313729518,0.283156864759
5.761616161616161,2852.0,0.0020202020202,0.2,-4.25585423329e-18,0.0,0.566153222833,0.2830766114165
5.763636363636364,2853.0,0.0020202020202,0.2,9.99347652146e-19,0.0,0.566017684466,0.283008842233
5.765656565656566,2854.0,0.0020202020202,0.2,2.7370665753e-18,0.0,0.565943682121,0.2829718410605
5.767676767676767,2855.0,0.0020202020202,0.2,-6.82320081294e-19,0.0,0.565907953436,0.282953976718
5.7696969696969695,2856.0,0.0020202020202,0.2,-1.27387062233e-18,0.0,0.565878291582,0.282939145791
5.771717171717172,2857.0,0.0020202020202,0.2,-1.33578726636e-18,0.0,0.565843365387,0.2829216826935
5.773737373737374,2858.0,0.0020202020202,0.2,1.96704218922e-19,0.0,0.565803175263,0.2829015876315
5.775757575757575,2859.0,0.0020202020202,0.2,5.20437882393e-18,0.0,0.5657577217,0.28287886085
5.777777777777778,2860.0,0.0020202020202,0.2,9.30143206625e-19,0.0,0.565707005263,0.2828535026315
5.77979797979798,2861.0,0.0020202020202,0.2,5.12473213195e-18,0.0,0.565651026596,0.282825513298
5.781818181818182,2862.0,0.0020202020202,0.2,5.74844590543e-19,0.0,0.565589786418,0.282794893209
5.783838383838384,2863.0,0.0020202020202,0.2,-1.12770635406e-18,0.0,0.565523285529,0.2827616427645
5.785858585858586,2864.0,0.0020202020202,0.2,1.70830385712e-18,0.0,0.565451524804,0.282725762402
5.787878787878788,2865.0,0.0020202020202,0.2,-2.6192959082e-18,0.0,0.565374505198,0.282687252599
5.78989898989899,2866.0,0.0020202020202,0.2,6.81480684931e-18,0.0,0.565292227744,0.282646113872
5.791919191919192,2867.0,0.0020202020202,0.2,9.73378977786e-19,0.0,0.565204693553,0.2826023467765
5.793939393939394,2868.0,0.0020202020202,0.2,4.45966124917e-18,0.0,0.565111903816,0.282555951908
5.795959595959596,2869.0,0.0020202020202,0.2,6.49122315439e-18,0.0,0.565013859804,0.282506929902
5.797979797979798,2870.0,0.0020202020202,0.2,-1.61589551272e-18,0.0,0.564910562866,0.282455281433
5.8,2871.0,0.0020202020202,0.2,1.90425418412e-18,0.0,0.564802014431,0.2824010072155
5.802020202020202,2872.0,0.0020202020202,0.2,4.90643650278e-18,0.0,0.564688216011,0.2823441080055
5.804040404040404,2873.0,0.0020202020202,0.2,-9.08030601668e-18,0.0,0.564569169195,0.2822845845975
5.806060606060606,2874.0,0.0020202020202,0.2,-1.44371483213e-18,0.0,0.564444875655,0.2822224378275
5.808080808080808,2875.0,0.0020202020202,0.2,4.89769778298e-18,0.0,0.56437340272,0.28218670136
5.81010101010101,2876.0,0.0020202020202,0.2,8.50117797795e-20,0.0,0.564337325886,0.282168662943
5.8121212121212125,2877.0,0.0020202020202,0.2,8.3465057443e-18,0.0,0.564296093587,0.2821480467935
5.814141414141414,2878.0,0.0020202020202,0.2,3.11982945705e-18,0.0,0.564249706258,0.282124853129
5.816161616161616,2879.0,0.0020202020202,0.2,3.72256427443e-18,0.0,0.564198164406,0.282099082203
5.818181818181818,2880.0,0.0020202020202,0.2,-5.1440888444e-18,0.0,0.564141468616,0.282070734308
5.820202020202021,2881.0,0.0020202020202,0.2,1.52467190724e-18,0.0,0.564079619548,0.282039809774
5.822222222222222,2882.0,0.0020202020202,0.2,2.17855519081e-18,0.0,0.564012617939,0.2820063089695
5.824242424242424,2883.0,0.0020202020202,0.2,-3.28356073669e-18,0.0,0.563940464602,0.281970232301
5.8262626262626265,2884.0,0.0020202020202,0.2,-2.95153309554e-19,0.0,0.563863160427,0.2819315802135
5.828282828282828,2885.0,0.0020202020202,0.2,7.3504159218e-20,0.0,0.563780706379,0.2818903531895
5.83030303030303,2886.0,0.0020202020202,0.2,-7.8679368642e-18,0.0,0.563693103504,0.281846551752
5.832323232323232,2887.0,0.0020202020202,0.2,6.70939433771e-19,0.0,0.563600352922,0.281800176461
5.834343434343435,2888.0,0.0020202020202,0.2,-3.41773354281e-19,0.0,0.563502455833,0.2817512279165
5.836363636363636,2889.0,0.0020202020202,0.2,-1.93004134393e-18,0.0,0.563399413513,0.2816997067565
5.838383838383838,2890.0,0.0020202020202,0.2,2.63603019841e-18,0.0,0.563291227318,0.281645613659
5.8404040404040405,2891.0,0.0020202020202,0.2,1.9047772244e-18,0.0,0.563177898683,0.2815889493415
5.842424242424243,2892.0,0.0020202020202,0.2,-3.65711472594e-18,0.0,0.563059429121,0.2815297145605
5.844444444444444,2893.0,0.0020202020202,0.2,2.77124070179e-18,0.0,0.562935820224,0.281467910112
5.846464646464646,2894.0,0.0020202020202,0.2,1.0917412481e-17,0.0,0.562807073664,0.281403536832
5.848484848484849,2895.0,0.0020202020202,0.2,5.26293702097e-19,0.0,0.562673191195,0.2813365955975
5.850505050505051,2896.0,0.0020202020202,0.2,-2.05266391897e-18,0.0,0.562534174648,0.281267087324
5.852525252525252,2897.0,0.0020202020202,0.2,-2.19889363195e-18,0.0,0.562390025937,0.2811950129685
5.8545454545454545,2898.0,0.0020202020202,0.2,-8.23063190494e-19,0.0,0.562240747057,0.2811203735285
5.856565656565657,2899.0,0.0020202020202,0.2,-7.0058694119e-18,0.0,0.562086340083,0.2810431700415
5.858585858585859,2900.0,0.0020202020202,0.2,-3.89706178977e-18,0.0,0.56194094005,0.280970470025
5.86060606060606,2901.0,0.0020202020202,0.2,-1.6881581631e-18,0.0,0.56191852034,0.28095926017
5.862626262626263,2902.0,0.0020202020202,0.2,-4.05005162994e-18,0.0,0.561894955315,0.2809474776575
5.864646464646465,2903.0,0.0020202020202,0.2,4.24664135301e-18,0.0,0.561866158107,0.2809330790535
5.866666666666666,2904.0,0.0020202020202,0.2,-9.21995597757e-19,0.0,0.561832129114,0.280916064557
5.8686868686868685,2905.0,0.0020202020202,0.2,-4.73670630456e-18,0.0,0.561792868819,0.2808964344095
5.870707070707071,2906.0,0.0020202020202,0.2,2.72124954711e-19,0.0,0.561748377782,0.280874188891
5.872727272727273,2907.0,0.0020202020202,0.2,4.2315740555e-18,0.0,0.56169865665,0.280849328325
5.874747474747474,2908.0,0.0020202020202,0.2,1.38592444347e-18,0.0,0.561643706149,0.2808218530745
5.876767676767677,2909.0,0.0020202020202,0.2,-3.54390253124e-19,0.0,0.561583527092,0.280791763546
5.878787878787879,2910.0,0.0020202020202,0.2,-4.46458430808e-18,0.0,0.561518120371,0.2807590601855
5.880808080808081,2911.0,0.0020202020202,0.2,-4.64916153942e-19,0.0,0.561447486962,0.280723743481
5.8828282828282825,2912.0,0.0020202020202,0.2,1.28070150679e-18,0.0,0.561371627927,0.2806858139635
5.884848484848485,2913.0,0.0020202020202,0.2,3.39645768954e-18,0.0,0.561290544407,0.2806452722035
5.886868686868687,2914.0,0.0020202020202,0.2,3.63129978944e-18,0.0,0.56120423763,0.280602118815
5.888888888888889,2915.0,0.0020202020202,0.2,6.13654777093e-18,0.0,0.561112708909,0.2805563544545
5.890909090909091,2916.0,0.0020202020202,0.2,-3.04018634491e-18,0.0,0.561015959638,0.280507979819
5.892929292929293,2917.0,0.0020202020202,0.2,-5.93259317652e-18,0.0,0.560913991297,0.2804569956485
5.894949494949495,2918.0,0.0020202020202,0.2,-1.0391567231e-18,0.0,0.560806805453,0.2804034027265
5.8969696969696965,2919.0,0.0020202020202,0.2,-2.74351803165e-18,0.0,0.560694403754,0.280347201877
5.898989898989899,2920.0,0.0020202020202,0.2,2.63810382641e-18,0.0,0.560576787937,0.2802883939685
5.901010101010101,2921.0,0.0020202020202,0.2,1.24744587732e-18,0.0,0.560528042011,0.2802640210055
5.903030303030303,2922.0,0.0020202020202,0.2,2.23429208805e-18,0.0,0.56050223566,0.28025111783
5.905050505050505,2923.0,0.0020202020202,0.2,-9.77192408647e-19,0.0,0.56047128798,0.28023564399
5.907070707070707,2924.0,0.0020202020202,0.2,-1.34416172427e-18,0.0,0.560435199342,0.280217599671
5.909090909090909,2925.0,0.0020202020202,0.2,2.09140933534e-18,0.0,0.560393970202,0.280196985101
5.911111111111111,2926.0,0.0020202020202,0.2,3.28963681006e-18,0.0,0.560347601094,0.280173800547
5.913131313131313,2927.0,0.0020202020202,0.2,1.169822198e-18,0.0,0.560296092636,0.280148046318
5.915151515151515,2928.0,0.0020202020202,0.2,-2.26374397321e-18,0.0,0.560239445526,0.280119722763
5.917171717171717,2929.0,0.0020202020202,0.2,-4.38117623583e-18,0.0,0.560177660545,0.2800888302725
5.91919191919192,2930.0,0.0020202020202,0.2,3.25849802827e-18,0.0,0.560110738555,0.2800553692775
5.921212121212121,2931.0,0.0020202020202,0.2,7.03574716042e-19,0.0,0.5600386805,0.28001934025
5.923232323232323,2932.0,0.0020202020202,0.2,-5.52997784586e-18,0.0,0.559961487409,0.2799807437045
5.925252525252525,2933.0,0.0020202020202,0.2,4.54992008135e-18,0.0,0.559879160389,0.2799395801945
5.927272727272728,2934.0,0.0020202020202,0.2,1.32146275331e-18,0.0,0.559791700634,0.279895850317
5.929292929292929,2935.0,0.0020202020202,0.2,3.98535563138e-18,0.0,0.55969910942,0.27984955471
5.931313131313131,2936.0,0.0020202020202,0.2,-3.58013340083e-18,0.0,0.559601388104,0.279800694052
5.933333333333334,2937.0,0.0020202020202,0.2,3.69534473392e-19,0.0,0.55949853813,0.279749269065
5.935353535353535,2938.0,0.0020202020202,0.2,1.94359761874e-18,0.0,0.559390561024,0.279695280512
5.937373737373737,2939.0,0.0020202020202,0.2,-4.67621790901e-18,0.0,0.559277458396,0.279638729198
5.9393939393939394,2940.0,0.0020202020202,0.2,-9.91043074183e-18,0.0,0.55915923194,0.27957961597
5.941414141414142,2941.0,0.0020202020202,0.2,9.71912181178e-20,0.0,0.559035883436,0.279517941718
5.943434343434343,2942.0,0.0020202020202,0.2,-3.11799858037e-19,0.0,0.558907414748,0.279453707374
5.945454545454545,2943.0,0.0020202020202,0.2,-8.79417982557e-19,0.0,0.558773827826,0.279386913913
5.947474747474748,2944.0,0.0020202020202,0.2,1.67222157419e-19,0.0,0.558648243246,0.279324121623
5.94949494949495,2945.0,0.0020202020202,0.2,9.62834031065e-19,0.0,0.558608303159,0.2793041515795
5.951515151515151,2946.0,0.0020202020202,0.2,4.56932140854e-18,0.0,0.558563307895,0.2792816539475
5.9535353535353535,2947.0,0.0020202020202,0.2,6.73302460377e-19,0.0,0.558513258001,0.2792566290005
5.955555555555556,2948.0,0.0020202020202,0.2,4.95853200242e-18,0.0,0.558458154104,0.279229077052
5.957575757575758,2949.0,0.0020202020202,0.2,2.80746550072e-18,0.0,0.558397996914,0.279198998457
5.959595959595959,2950.0,0.0020202020202,0.2,-1.69122400302e-18,0.0,0.558332787221,0.2791663936105
5.961616161616162,2951.0,0.0020202020202,0.2,2.71821322066e-19,0.0,0.558262525896,0.279131262948
5.963636363636364,2952.0,0.0020202020202,0.2,2.49458111419e-18,0.0,0.558187213893,0.2790936069465
5.965656565656565,2953.0,0.0020202020202,0.2,-2.14204331215e-18,0.0,0.558106852247,0.2790534261235
5.9676767676767675,2954.0,0.0020202020202,0.2,3.83503064958e-18,0.0,0.558021442077,0.2790107210385
5.96969696969697,2955.0,0.0020202020202,0.2,2.38008551222e-18,0.0,0.557930984581,0.2789654922905
5.971717171717172,2956.0,0.0020202020202,0.2,-1.45479596687e-18,0.0,0.557835481042,0.278917740521
5.973737373737373,2957.0,0.0020202020202,0.2,-2.55168681903e-18,0.0,0.557734932825,0.2788674664125
5.975757575757576,2958.0,0.0020202020202,0.2,1.70744744135e-18,0.0,0.557629341379,0.2788146706895
5.977777777777778,2959.0,0.0020202020202,0.2,-6.29218994383e-19,0.0,0.557518708236,0.278759354118
5.97979797979798,2960.0,0.0020202020202,0.2,-8.88760326296e-19,0.0,0.557403035009,0.2787015175045
5.9818181818181815,2961.0,0.0020202020202,0.2,-1.99057305831e-18,0.0,0.557282323398,0.278641161699
5.983838383838384,2962.0,0.0020202020202,0.2,2.39310765828e-18,0.0,0.557156575187,0.2785782875935
5.985858585858586,2963.0,0.0020202020202,0.2,-6.3089294854e-19,0.0,0.55702579224,0.27851289612
5.987878787878788,2964.0,0.0020202020202,0.2,3.98685695157e-18,0.0,0.556889976512,0.278444988256
5.98989898989899,2965.0,0.0020202020202,0.2,-5.91031513922e-18,0.0,0.556854564967,0.2784272824835
5.991919191919192,2966.0,0.0020202020202,0.2,3.54679618795e-18,0.0,0.556845385102,0.278422692551
5.993939393939394,2967.0,0.0020202020202,0.2,-1.03078280511e-19,0.0,0.55683103892,0.27841551946
5.995959595959596,2968.0,0.0020202020202,0.2,2.88857388304e-18,0.0,0.556811526638,0.278405763319
5.997979797979798,2969.0,0.0020202020202,0.2,1.47071435609e-18,0.0,0.556786848563,0.2783934242815
6.0,2970.0,0.0020202020202,0.2,-3.39007351149e-18,0.0,0.556757005086,0.278378502543
6.002020202020202,2971.0,0.0020202020202,0.2,1.1261718902e-18,0.0,0.556721996691,0.2783609983455
6.004040404040404,2972.0,0.0020202020202,0.2,1.23399036839e-18,0.0,0.556681823947,0.2783409119735
6.006060606060606,2973.0,0.0020202020202,0.2,3.27820931555e-18,0.0,0.556636487513,0.2783182437565
6.008080808080808,2974.0,0.0020202020202,0.2,-4.76664621588e-19,0.0,0.556585988134,0.278292994067
6.01010101010101,2975.0,0.0020202020202,0.2,-1.45204263985e-18,0.0,0.556530326647,0.2782651633235
6.012121212121212,2976.0,0.0020202020202,0.2,9.42581840372e-19,0.0,0.556469503976,0.278234751988
6.014141414141414,2977.0,0.0020202020202,0.2,2.32608709509e-18,0.0,0.556403521133,0.2782017605665
6.016161616161616,2978.0,0.0020202020202,0.2,-1.15036007101e-18,0.0,0.55633237922,0.27816618961
6.0181818181818185,2979.0,0.0020202020202,0.2,-2.39668937365e-18,0.0,0.55625607943,0.278128039715
6.02020202020202,2980.0,0.0020202020202,0.2,4.00165311751e-19,0.0,0.556174623041,0.2780873115205
6.022222222222222,2981.0,0.0020202020202,0.2,4.08334324287e-18,0.0,0.556088011426,0.278044005713
6.024242424242424,2982.0,0.0020202020202,0.2,9.39594122363e-19,0.0,0.555996246042,0.277998123021
6.026262626262627,2983.0,0.0020202020202,0.2,-3.58201649779e-18,0.0,0.555899328442,0.277949664221
6.028282828282828,2984.0,0.0020202020202,0.2,7.61605953301e-19,0.0,0.555797260263,0.2778986301315
6.03030303030303,2985.0,0.0020202020202,0.2,2.40151558701e-18,0.0,0.555690043237,0.2778450216185
6.0323232323232325,2986.0,0.0020202020202,0.2,2.00904891772e-18,0.0,0.555577679184,0.277788839592
6.034343434343434,2987.0,0.0020202020202,0.2,1.41299746978e-18,0.0,0.555542617591,0.2777713087955
6.036363636363636,2988.0,0.0020202020202,0.2,2.25444752588e-19,0.0,0.555525617486,0.277762808743
6.038383838383838,2989.0,0.0020202020202,0.2,2.44348902421e-18,0.0,0.555503517295,0.2777517586475
6.040404040404041,2990.0,0.0020202020202,0.2,-1.37586622762e-19,0.0,0.555476317325,0.2777381586625
6.042424242424242,2991.0,0.0020202020202,0.2,-2.30790535357e-18,0.0,0.555444017968,0.277722008984
6.044444444444444,2992.0,0.0020202020202,0.2,-1.31642398089e-18,0.0,0.555406619708,0.277703309854
6.0464646464646465,2993.0,0.0020202020202,0.2,-1.00972414593e-18,0.0,0.555364123115,0.2776820615575
6.048484848484849,2994.0,0.0020202020202,0.2,-6.77564478847e-18,0.0,0.555316528848,0.277658264424
6.05050505050505,2995.0,0.0020202020202,0.2,-4.68692759716e-19,0.0,0.555263837654,0.277631918827
6.052525252525252,2996.0,0.0020202020202,0.2,1.57373393641e-18,0.0,0.555206050368,0.277603025184
6.054545454545455,2997.0,0.0020202020202,0.2,-1.58209418094e-19,0.0,0.555143167914,0.277571583957
6.056565656565657,2998.0,0.0020202020202,0.2,-3.11853819383e-18,0.0,0.555075191306,0.277537595653
6.058585858585858,2999.0,0.0020202020202,0.2,9.01946067967e-19,0.0,0.555002121645,0.2775010608225
6.0606060606060606,3000.0,0.0020202020202,0.2,-4.1003908961e-18,0.0,0.554923960122,0.277461980061
6.062626262626263,3001.0,0.0020202020202,0.2,1.92777530889e-18,0.0,0.554840708017,0.2774203540085
6.064646464646465,3002.0,0.0020202020202,0.2,-1.08278176564e-18,0.0,0.554752366699,0.2773761833495
6.066666666666666,3003.0,0.0020202020202,0.2,1.31884040907e-18,0.0,0.554658937628,0.277329468814
6.068686868686869,3004.0,0.0020202020202,0.2,-6.04497235581e-19,0.0,0.554560422353,0.2772802111765
6.070707070707071,3005.0,0.0020202020202,0.2,-3.12975075038e-19,0.0,0.554456822511,0.2772284112555
6.072727272727272,3006.0,0.0020202020202,0.2,1.26999523658e-18,0.0,0.554348139833,0.2771740699165
6.074747474747475,3007.0,0.0020202020202,0.2,-1.78553963226e-19,0.0,0.554234376136,0.277117188068
6.076767676767677,3008.0,0.0020202020202,0.2,-2.06448228192e-18,0.0,0.55411553333,0.277057766665
6.078787878787879,3009.0,0.0020202020202,0.2,2.00694657569e-18,0.0,0.554094614979,0.2770473074895
6.08080808080808,3010.0,0.0020202020202,0.2,2.33381126165e-18,0.0,0.554072123108,0.277036061554
6.082828282828283,3011.0,0.0020202020202,0.2,1.64435766694e-18,0.0,0.554044590253,0.2770222951265
6.084848484848485,3012.0,0.0020202020202,0.2,1.88025305518e-18,0.0,0.554012016778,0.277006008389
6.086868686868687,3013.0,0.0020202020202,0.2,6.01958882884e-19,0.0,0.553974403137,0.2769872015685
6.088888888888889,3014.0,0.0020202020202,0.2,-7.14505742094e-19,0.0,0.553931749869,0.2769658749345
6.090909090909091,3015.0,0.0020202020202,0.2,1.13736645178e-18,0.0,0.553884057604,0.276942028802
6.092929292929293,3016.0,0.0020202020202,0.2,-8.75800787069e-19,0.0,0.553831327059,0.2769156635295
6.094949494949495,3017.0,0.0020202020202,0.2,-9.06304097146e-19,0.0,0.553773559042,0.276886779521
6.096969696969697,3018.0,0.0020202020202,0.2,4.61782704566e-18,0.0,0.553710754446,0.276855377223
6.098989898989899,3019.0,0.0020202020202,0.2,-8.20691089943e-19,0.0,0.553642914256,0.276821457128
6.101010101010101,3020.0,0.0020202020202,0.2,5.14274306446e-19,0.0,0.553570039544,0.276785019772
6.103030303030303,3021.0,0.0020202020202,0.2,3.13244706781e-18,0.0,0.553492131474,0.276746065737
6.105050505050505,3022.0,0.0020202020202,0.2,2.95300506637e-18,0.0,0.553409191295,0.2767045956475
6.107070707070707,3023.0,0.0020202020202,0.2,5.23005139448e-19,0.0,0.553321220349,0.2766606101745
6.109090909090909,3024.0,0.0020202020202,0.2,-6.18830058657e-19,0.0,0.553228220067,0.2766141100335
6.111111111111111,3025.0,0.0020202020202,0.2,2.34041690585e-18,0.0,0.553130191968,0.276565095984
6.113131313131313,3026.0,0.0020202020202,0.2,-3.63125468508e-19,0.0,0.553027137662,0.276513568831
6.115151515151515,3027.0,0.0020202020202,0.2,3.31119797752e-19,0.0,0.55291905885,0.276459529425
6.1171717171717175,3028.0,0.0020202020202,0.2,4.99258336444e-18,0.0,0.552805957322,0.276402978661
6.119191919191919,3029.0,0.0020202020202,0.2,-1.16129288693e-18,0.0,0.552687834959,0.2763439174795
6.121212121212121,3030.0,0.0020202020202,0.2,-1.17075377371e-18,0.0,0.552631502882,0.276315751441
6.123232323232323,3031.0,0.0020202020202,0.2,2.97145732296e-18,0.0,0.552610419602,0.276305209801
6.125252525252526,3032.0,0.0020202020202,0.2,-9.51057989492e-19,0.0,0.552584346396,0.276292173198
6.127272727272727,3033.0,0.0020202020202,0.2,1.43362938778e-19,0.0,0.552553283573,0.2762766417865
6.129292929292929,3034.0,0.0020202020202,0.2,-2.99633417899e-19,0.0,0.552517231529,0.2762586157645
6.1313131313131315,3035.0,0.0020202020202,0.2,-2.67756194222e-18,0.0,0.55247619075,0.276238095375
6.133333333333334,3036.0,0.0020202020202,0.2,-1.05348235596e-18,0.0,0.552430161812,0.276215080906
6.135353535353535,3037.0,0.0020202020202,0.2,2.87639990998e-18,0.0,0.552379145377,0.2761895726885
6.137373737373737,3038.0,0.0020202020202,0.2,2.42964473934e-18,0.0,0.552323142199,0.2761615710995
6.13939393939394,3039.0,0.0020202020202,0.2,-1.13981408462e-18,0.0,0.552262153119,0.2761310765595
6.141414141414141,3040.0,0.0020202020202,0.2,-1.68566726035e-18,0.0,0.552196179069,0.2760980895345
6.143434343434343,3041.0,0.0020202020202,0.2,-5.24426222589e-18,0.0,0.552125221068,0.276062610534
6.1454545454545455,3042.0,0.0020202020202,0.2,3.69466714995e-18,0.0,0.552049280225,0.2760246401125
6.147474747474748,3043.0,0.0020202020202,0.2,-3.10444710616e-18,0.0,0.551968357742,0.275984178871
6.149494949494949,3044.0,0.0020202020202,0.2,3.80809508772e-19,0.0,0.551882454906,0.275941227453
6.151515151515151,3045.0,0.0020202020202,0.2,8.09328323782e-19,0.0,0.551791573097,0.2758957865485
6.153535353535354,3046.0,0.0020202020202,0.2,-6.91573434663e-19,0.0,0.551695713783,0.2758478568915
6.155555555555556,3047.0,0.0020202020202,0.2,-3.38977274754e-18,0.0,0.551594878523,0.2757974392615
6.157575757575757,3048.0,0.0020202020202,0.2,2.25719397443e-18,0.0,0.551489068968,0.275744534484
6.1595959595959595,3049.0,0.0020202020202,0.2,-2.46721776713e-18,0.0,0.551378286856,0.275689143428
6.161616161616162,3050.0,0.0020202020202,0.2,-4.17622604952e-18,0.0,0.551262534019,0.2756312670095
6.163636363636364,3051.0,0.0020202020202,0.2,-8.88717567813e-19,0.0,0.551211365757,0.2756056828785
6.165656565656565,3052.0,0.0020202020202,0.2,-8.10913940159e-19,0.0,0.551193092111,0.2755965460555
6.167676767676768,3053.0,0.0020202020202,0.2,-3.38846510888e-18,0.0,0.55116987144,0.27558493572
6.16969696969697,3054.0,0.0020202020202,0.2,6.71907921153e-19,0.0,0.551141703977,0.2755708519885
6.171717171717171,3055.0,0.0020202020202,0.2,-5.67782152109e-19,0.0,0.551108590043,0.2755542950215
6.1737373737373735,3056.0,0.0020202020202,0.2,-1.00491366218e-18,0.0,0.55107053005,0.275535265025
6.175757575757576,3057.0,0.0020202020202,0.2,-2.26053909393e-18,0.0,0.551027524498,0.275513762249
6.177777777777778,3058.0,0.0020202020202,0.2,8.68906391557e-21,0.0,0.550979573978,0.275489786989
6.179797979797979,3059.0,0.0020202020202,0.2,3.0197717412e-18,0.0,0.550926679169,0.2754633395845
6.181818181818182,3060.0,0.0020202020202,0.2,9.52018392531e-19,0.0,0.55086884084,0.27543442042
6.183838383838384,3061.0,0.0020202020202,0.2,-1.17815547747e-18,0.0,0.550806059852,0.275403029926
6.185858585858586,3062.0,0.0020202020202,0.2,6.48282731873e-19,0.0,0.550738337152,0.275369168576
6.1878787878787875,3063.0,0.0020202020202,0.2,-1.74377854788e-18,0.0,0.550665673781,0.2753328368905
6.18989898989899,3064.0,0.0020202020202,0.2,6.06662278194e-19,0.0,0.550588070867,0.2752940354335
6.191919191919192,3065.0,0.0020202020202,0.2,2.75679070208e-19,0.0,0.55050552963,0.275252764815
6.193939393939394,3066.0,0.0020202020202,0.2,-1.17463518904e-18,0.0,0.55041805138,0.27520902569
6.195959595959596,3067.0,0.0020202020202,0.2,-8.05036803782e-20,0.0,0.550325637517,0.2751628187585
6.197979797979798,3068.0,0.0020202020202,0.2,3.99995880852e-18,0.0,0.550228289533,0.2751141447665
6.2,3069.0,0.0020202020202,0.2,7.61855973138e-19,0.0,0.550126009008,0.275063004504
6.202020202020202,3070.0,0.0020202020202,0.2,-4.24282594825e-18,0.0,0.550018797615,0.2750093988075
6.204040404040404,3071.0,0.0020202020202,0.2,-4.94224510434e-18,0.0,0.549906657119,0.2749533285595
6.206060606060606,3072.0,0.0020202020202,0.2,-4.82394899681e-19,0.0,0.549889487604,0.274944743802
6.208080808080808,3073.0,0.0020202020202,0.2,3.59969262193e-18,0.0,0.549875025336,0.274937512668
6.21010101010101,3074.0,0.0020202020202,0.2,1.8457330774e-18,0.0,0.549855650465,0.2749278252325
6.212121212121212,3075.0,0.0020202020202,0.2,1.44920026367e-18,0.0,0.549831363134,0.274915681567
6.214141414141414,3076.0,0.0020202020202,0.2,1.25983261495e-18,0.0,0.549802163574,0.274901081787
6.216161616161616,3077.0,0.0020202020202,0.2,7.54716977782e-19,0.0,0.549768052107,0.2748840260535
6.218181818181818,3078.0,0.0020202020202,0.2,-5.25691515571e-19,0.0,0.549729029146,0.274864514573
6.22020202020202,3079.0,0.0020202020202,0.2,1.26309203768e-18,0.0,0.549685095193,0.2748425475965
6.222222222222222,3080.0,0.0020202020202,0.2,4.06758098652e-19,0.0,0.549636250842,0.274818125421
6.224242424242425,3081.0,0.0020202020202,0.2,6.77496356555e-20,0.0,0.549582496777,0.2747912483885
6.226262626262626,3082.0,0.0020202020202,0.2,-2.80815952199e-18,0.0,0.549523833771,0.2747619168855
6.228282828282828,3083.0,0.0020202020202,0.2,1.58398581395e-18,0.0,0.54946026269,0.274730131345
6.2303030303030305,3084.0,0.0020202020202,0.2,1.42893969381e-18,0.0,0.549391784489,0.2746958922445
6.232323232323233,3085.0,0.0020202020202,0.2,4.43413470881e-19,0.0,0.549318400216,0.274659200108
6.234343434343434,3086.0,0.0020202020202,0.2,-1.47176365466e-18,0.0,0.549240111008,0.274620055504
6.236363636363636,3087.0,0.0020202020202,0.2,-2.1635309231e-19,0.0,0.549156918094,0.274578459047
6.238383838383839,3088.0,0.0020202020202,0.2,-7.79082149417e-19,0.0,0.549068822793,0.2745344113965
6.240404040404041,3089.0,0.0020202020202,0.2,-1.62458177067e-18,0.0,0.548975826518,0.274487913259
6.242424242424242,3090.0,0.0020202020202,0.2,-1.24648905929e-18,0.0,0.54887793077,0.274438965385
6.2444444444444445,3091.0,0.0020202020202,0.2,-7.80215999394e-19,0.0,0.548775137144,0.274387568572
6.246464646464647,3092.0,0.0020202020202,0.2,4.58622284437e-19,0.0,0.548705582901,0.2743527914505
6.248484848484848,3093.0,0.0020202020202,0.2,2.73606286958e-18,0.0,0.54870042354,0.27435021177
6.25050505050505,3094.0,0.0020202020202,0.2,-8.16012843616e-19,0.0,0.548690377337,0.2743451886685
6.252525252525253,3095.0,0.0020202020202,0.2,2.83297134586e-18,0.0,0.548675444243,0.2743377221215
6.254545454545455,3096.0,0.0020202020202,0.2,-1.37053743564e-19,0.0,0.548655624299,0.2743278121495
6.256565656565656,3097.0,0.0020202020202,0.2,2.10179030357e-18,0.0,0.548630917639,0.2743154588195
6.2585858585858585,3098.0,0.0020202020202,0.2,-1.49815946753e-18,0.0,0.548601324486,0.274300662243
6.260606060606061,3099.0,0.0020202020202,0.2,3.74385846531e-19,0.0,0.548566845158,0.274283422579
6.262626262626263,3100.0,0.0020202020202,0.2,1.10840104957e-18,0.0,0.548527480061,0.2742637400305
6.264646464646464,3101.0,0.0020202020202,0.2,1.6249030495e-18,0.0,0.548483229695,0.2742416148475
6.266666666666667,3102.0,0.0020202020202,0.2,-1.2077566651e-19,0.0,0.54843409465,0.274217047325
6.268686868686869,3103.0,0.0020202020202,0.2,-1.89546455952e-18,0.0,0.548380075609,0.2741900378045
6.270707070707071,3104.0,0.0020202020202,0.2,-3.63870270726e-18,0.0,0.548321173345,0.2741605866725
6.2727272727272725,3105.0,0.0020202020202,0.2,-1.7746197398e-18,0.0,0.548258818344,0.274129409172
6.274747474747475,3106.0,0.0020202020202,0.2,4.4033795389e-19,0.0,0.54819193776,0.27409596888
6.276767676767677,3107.0,0.0020202020202,0.2,-1.52024302106e-18,0.0,0.548119988009,0.2740599940045
6.278787878787878,3108.0,0.0020202020202,0.2,-9.37943578694e-19,0.0,0.548042970469,0.2740214852345
6.280808080808081,3109.0,0.0020202020202,0.2,-2.5334755383e-18,0.0,0.547960886617,0.2739804433085
6.282828282828283,3110.0,0.0020202020202,0.2,-2.43710705018e-18,0.0,0.547873738031,0.2739368690155
6.283185307179586,3111.0,0.000357024351303,0.035345410779,1.89800811545e-18,0.0,0.547857441739,0.2739287208695
