/*--------------------------------*- C++ -*----------------------------------*\
  =========                 |
  \\      /  F ield         | OpenFOAM: The Open Source CFD Toolbox
   \\    /   O peration     | Website:  https://openfoam.org
    \\  /    A nd           | Version:  14
     \\/     M anipulation  |
\*---------------------------------------------------------------------------*/
FoamFile
{
    format      ascii;
    class       vectorField;
    location    "constant/polyMesh";
    object      points;
}
// * * * * * * * * * * * * * * * * * * * * * * * * * * * * * * * * * * * * * //


3362
(
(0 0 0)
(1 0 0)
(1 1 0)
(0 1 0)
(0 0 0.1)
(1 0 0.1)
(1 1 0.1)
(0 1 0.1)
(0.02499999999995272 0 0)
(0.04999999999989938 0 0)
(0.07499999999985242 0 0)
(0.09999999999981413 0 0)
(0.1249999999997731 0 0)
(0.1499999999997028 0 0)
(0.1749999999996299 0 0)
(0.1999999999995569 0 0)
(0.2249999999994839 0 0)
(0.2499999999994109 0 0)
(0.274999999999338 0 0)
(0.299999999999265 0 0)
(0.324999999999192 0 0)
(0.3499999999991191 0 0)
(0.3749999999990461 0 0)
(0.3999999999989731 0 0)
(0.4249999999989001 0 0)
(0.4499999999988272 0 0)
(0.4749999999987542 0 0)
(0.4999999999986921 0 0)
(0.5249999999987471 0 0)
(0.5499999999988131 0 0)
(0.5749999999988791 0 0)
(0.599999999998945 0 0)
(0.6249999999990109 0 0)
(0.6499999999990769 0 0)
(0.6749999999991427 0 0)
(0.6999999999992088 0 0)
(0.7249999999992747 0 0)
(0.7499999999993406 0 0)
(0.7749999999994065 0 0)
(0.7999999999994725 0 0)
(0.8249999999995385 0 0)
(0.8499999999996044 0 0)
(0.8749999999996704 0 0)
(0.8999999999997362 0 0)
(0.9249999999998022 0 0)
(0.9499999999998682 0 0)
(0.9749999999999341 0 0)
(1 0.02499999999995272 0)
(1 0.04999999999989938 0)
(1 0.07499999999985242 0)
(1 0.09999999999981413 0)
(1 0.1249999999997731 0)
(1 0.1499999999997028 0)
(1 0.1749999999996299 0)
(1 0.1999999999995569 0)
(1 0.2249999999994839 0)
(1 0.2499999999994109 0)
(1 0.274999999999338 0)
(1 0.299999999999265 0)
(1 0.324999999999192 0)
(1 0.3499999999991191 0)
(1 0.3749999999990461 0)
(1 0.3999999999989731 0)
(1 0.4249999999989001 0)
(1 0.4499999999988272 0)
(1 0.4749999999987542 0)
(1 0.4999999999986921 0)
(1 0.5249999999987471 0)
(1 0.5499999999988131 0)
(1 0.5749999999988791 0)
(1 0.599999999998945 0)
(1 0.6249999999990109 0)
(1 0.6499999999990769 0)
(1 0.6749999999991427 0)
(1 0.6999999999992088 0)
(1 0.7249999999992747 0)
(1 0.7499999999993406 0)
(1 0.7749999999994065 0)
(1 0.7999999999994725 0)
(1 0.8249999999995385 0)
(1 0.8499999999996044 0)
(1 0.8749999999996704 0)
(1 0.8999999999997362 0)
(1 0.9249999999998022 0)
(1 0.9499999999998682 0)
(1 0.9749999999999341 0)
(0.9749999999998959 1 0)
(0.9499999999997918 1 0)
(0.9249999999996877 1 0)
(0.8999999999995836 1 0)
(0.8749999999995012 1 0)
(0.849999999999653 1 0)
(0.8249999999998265 1 0)
(0.8 1 0)
(0.7750000000001736 1 0)
(0.7500000000003471 1 0)
(0.7250000000005203 1 0)
(0.7000000000006938 1 0)
(0.6750000000008674 1 0)
(0.6500000000010406 1 0)
(0.6250000000012141 1 0)
(0.6000000000013874 1 0)
(0.5750000000015609 1 0)
(0.5500000000017343 1 0)
(0.5250000000019077 1 0)
(0.5000000000020595 1 0)
(0.4750000000019771 1 0)
(0.450000000001873 1 0)
(0.425000000001769 1 0)
(0.400000000001665 1 0)
(0.3750000000015609 1 0)
(0.3500000000014568 1 0)
(0.3250000000013528 1 0)
(0.3000000000012487 1 0)
(0.2750000000011447 1 0)
(0.2500000000010406 1 0)
(0.2250000000009365 1 0)
(0.2000000000008325 1 0)
(0.1750000000007285 1 0)
(0.1500000000006244 1 0)
(0.1250000000005204 1 0)
(0.1000000000004162 1 0)
(0.07500000000031226 1 0)
(0.0500000000002081 1 0)
(0.02500000000010416 1 0)
(0 0.9749999999998959 0)
(0 0.9499999999997918 0)
(0 0.9249999999996877 0)
(0 0.8999999999995836 0)
(0 0.8749999999995012 0)
(0 0.849999999999653 0)
(0 0.8249999999998265 0)
(0 0.8 0)
(0 0.7750000000001736 0)
(0 0.7500000000003471 0)
(0 0.7250000000005203 0)
(0 0.7000000000006938 0)
(0 0.6750000000008674 0)
(0 0.6500000000010406 0)
(0 0.6250000000012141 0)
(0 0.6000000000013874 0)
(0 0.5750000000015609 0)
(0 0.5500000000017343 0)
(0 0.5250000000019077 0)
(0 0.5000000000020595 0)
(0 0.4750000000019771 0)
(0 0.450000000001873 0)
(0 0.425000000001769 0)
(0 0.400000000001665 0)
(0 0.3750000000015609 0)
(0 0.3500000000014568 0)
(0 0.3250000000013528 0)
(0 0.3000000000012487 0)
(0 0.2750000000011447 0)
(0 0.2500000000010406 0)
(0 0.2250000000009365 0)
(0 0.2000000000008325 0)
(0 0.1750000000007285 0)
(0 0.1500000000006244 0)
(0 0.1250000000005204 0)
(0 0.1000000000004162 0)
(0 0.07500000000031226 0)
(0 0.0500000000002081 0)
(0 0.02500000000010416 0)
(0.02499999999995272 0 0.1)
(0.04999999999989938 0 0.1)
(0.07499999999985242 0 0.1)
(0.09999999999981413 0 0.1)
(0.1249999999997731 0 0.1)
(0.1499999999997028 0 0.1)
(0.1749999999996299 0 0.1)
(0.1999999999995569 0 0.1)
(0.2249999999994839 0 0.1)
(0.2499999999994109 0 0.1)
(0.274999999999338 0 0.1)
(0.299999999999265 0 0.1)
(0.324999999999192 0 0.1)
(0.3499999999991191 0 0.1)
(0.3749999999990461 0 0.1)
(0.3999999999989731 0 0.1)
(0.4249999999989001 0 0.1)
(0.4499999999988272 0 0.1)
(0.4749999999987542 0 0.1)
(0.4999999999986921 0 0.1)
(0.5249999999987471 0 0.1)
(0.5499999999988131 0 0.1)
(0.5749999999988791 0 0.1)
(0.599999999998945 0 0.1)
(0.6249999999990109 0 0.1)
(0.6499999999990769 0 0.1)
(0.6749999999991427 0 0.1)
(0.6999999999992088 0 0.1)
(0.7249999999992747 0 0.1)
(0.7499999999993406 0 0.1)
(0.7749999999994065 0 0.1)
(0.7999999999994725 0 0.1)
(0.8249999999995385 0 0.1)
(0.8499999999996044 0 0.1)
(0.8749999999996704 0 0.1)
(0.8999999999997362 0 0.1)
(0.9249999999998022 0 0.1)
(0.9499999999998682 0 0.1)
(0.9749999999999341 0 0.1)
(1 0.02499999999995272 0.1)
(1 0.04999999999989938 0.1)
(1 0.07499999999985242 0.1)
(1 0.09999999999981413 0.1)
(1 0.1249999999997731 0.1)
(1 0.1499999999997028 0.1)
(1 0.1749999999996299 0.1)
(1 0.1999999999995569 0.1)
(1 0.2249999999994839 0.1)
(1 0.2499999999994109 0.1)
(1 0.274999999999338 0.1)
(1 0.299999999999265 0.1)
(1 0.324999999999192 0.1)
(1 0.3499999999991191 0.1)
(1 0.3749999999990461 0.1)
(1 0.3999999999989731 0.1)
(1 0.4249999999989001 0.1)
(1 0.4499999999988272 0.1)
(1 0.4749999999987542 0.1)
(1 0.4999999999986921 0.1)
(1 0.5249999999987471 0.1)
(1 0.5499999999988131 0.1)
(1 0.5749999999988791 0.1)
(1 0.599999999998945 0.1)
(1 0.6249999999990109 0.1)
(1 0.6499999999990769 0.1)
(1 0.6749999999991427 0.1)
(1 0.6999999999992088 0.1)
(1 0.7249999999992747 0.1)
(1 0.7499999999993406 0.1)
(1 0.7749999999994065 0.1)
(1 0.7999999999994725 0.1)
(1 0.8249999999995385 0.1)
(1 0.8499999999996044 0.1)
(1 0.8749999999996704 0.1)
(1 0.8999999999997362 0.1)
(1 0.9249999999998022 0.1)
(1 0.9499999999998682 0.1)
(1 0.9749999999999341 0.1)
(0.9749999999998959 1 0.1)
(0.9499999999997918 1 0.1)
(0.9249999999996877 1 0.1)
(0.8999999999995836 1 0.1)
(0.8749999999995012 1 0.1)
(0.849999999999653 1 0.1)
(0.8249999999998265 1 0.1)
(0.8 1 0.1)
(0.7750000000001736 1 0.1)
(0.7500000000003471 1 0.1)
(0.7250000000005203 1 0.1)
(0.7000000000006938 1 0.1)
(0.6750000000008674 1 0.1)
(0.6500000000010406 1 0.1)
(0.6250000000012141 1 0.1)
(0.6000000000013874 1 0.1)
(0.5750000000015609 1 0.1)
(0.5500000000017343 1 0.1)
(0.5250000000019077 1 0.1)
(0.5000000000020595 1 0.1)
(0.4750000000019771 1 0.1)
(0.450000000001873 1 0.1)
(0.425000000001769 1 0.1)
(0.400000000001665 1 0.1)
(0.3750000000015609 1 0.1)
(0.3500000000014568 1 0.1)
(0.3250000000013528 1 0.1)
(0.3000000000012487 1 0.1)
(0.2750000000011447 1 0.1)
(0.2500000000010406 1 0.1)
(0.2250000000009365 1 0.1)
(0.2000000000008325 1 0.1)
(0.1750000000007285 1 0.1)
(0.1500000000006244 1 0.1)
(0.1250000000005204 1 0.1)
(0.1000000000004162 1 0.1)
(0.07500000000031226 1 0.1)
(0.0500000000002081 1 0.1)
(0.02500000000010416 1 0.1)
(0 0.9749999999998959 0.1)
(0 0.9499999999997918 0.1)
(0 0.9249999999996877 0.1)
(0 0.8999999999995836 0.1)
(0 0.8749999999995012 0.1)
(0 0.849999999999653 0.1)
(0 0.8249999999998265 0.1)
(0 0.8 0.1)
(0 0.7750000000001736 0.1)
(0 0.7500000000003471 0.1)
(0 0.7250000000005203 0.1)
(0 0.7000000000006938 0.1)
(0 0.6750000000008674 0.1)
(0 0.6500000000010406 0.1)
(0 0.6250000000012141 0.1)
(0 0.6000000000013874 0.1)
(0 0.5750000000015609 0.1)
(0 0.5500000000017343 0.1)
(0 0.5250000000019077 0.1)
(0 0.5000000000020595 0.1)
(0 0.4750000000019771 0.1)
(0 0.450000000001873 0.1)
(0 0.425000000001769 0.1)
(0 0.400000000001665 0.1)
(0 0.3750000000015609 0.1)
(0 0.3500000000014568 0.1)
(0 0.3250000000013528 0.1)
(0 0.3000000000012487 0.1)
(0 0.2750000000011447 0.1)
(0 0.2500000000010406 0.1)
(0 0.2250000000009365 0.1)
(0 0.2000000000008325 0.1)
(0 0.1750000000007285 0.1)
(0 0.1500000000006244 0.1)
(0 0.1250000000005204 0.1)
(0 0.1000000000004162 0.1)
(0 0.07500000000031226 0.1)
(0 0.0500000000002081 0.1)
(0 0.02500000000010416 0.1)
(0.02499999999995651 0.02500000000010038 0)
(0.02499999999996029 0.05000000000020038 0)
(0.02499999999996408 0.07500000000030078 0)
(0.02499999999996787 0.1000000000004011 0)
(0.02499999999997165 0.1250000000005017 0)
(0.02499999999997544 0.1500000000006014 0)
(0.02499999999997923 0.175000000000701 0)
(0.02499999999998301 0.2000000000008006 0)
(0.0249999999999868 0.2250000000009001 0)
(0.02499999999999058 0.2500000000009999 0)
(0.02499999999999437 0.2750000000010995 0)
(0.02499999999999816 0.3000000000011992 0)
(0.02500000000000194 0.3250000000012987 0)
(0.02500000000000572 0.3500000000013984 0)
(0.02500000000000951 0.375000000001498 0)
(0.0250000000000133 0.4000000000015977 0)
(0.02500000000001708 0.4250000000016972 0)
(0.02500000000002087 0.4500000000017969 0)
(0.02500000000002466 0.4750000000018966 0)
(0.02500000000002844 0.5000000000019753 0)
(0.02500000000003223 0.5250000000018286 0)
(0.02500000000003601 0.5500000000016614 0)
(0.0250000000000398 0.5750000000014938 0)
(0.02500000000004358 0.6000000000013264 0)
(0.02500000000004737 0.6250000000011591 0)
(0.02500000000005116 0.6500000000009915 0)
(0.02500000000005495 0.6750000000008243 0)
(0.02500000000005873 0.7000000000006567 0)
(0.02500000000006252 0.7250000000004891 0)
(0.0250000000000663 0.750000000000322 0)
(0.02500000000007009 0.7750000000001543 0)
(0.02500000000007388 0.7999999999999868 0)
(0.02500000000007766 0.8249999999998192 0)
(0.02500000000008144 0.8499999999996517 0)
(0.02500000000008523 0.8749999999995053 0)
(0.02500000000008902 0.8999999999995874 0)
(0.02500000000009281 0.9249999999996906 0)
(0.02500000000009659 0.9499999999997937 0)
(0.02500000000010038 0.9749999999998969 0)
(0.0499999999999071 0.02500000000009659 0)
(0.04999999999991482 0.05000000000019267 0)
(0.04999999999992254 0.07500000000028927 0)
(0.04999999999993025 0.1000000000003861 0)
(0.04999999999993798 0.1250000000004831 0)
(0.04999999999994569 0.1500000000005783 0)
(0.04999999999995341 0.1750000000006735 0)
(0.04999999999996113 0.2000000000007688 0)
(0.04999999999996885 0.2250000000008638 0)
(0.04999999999997655 0.2500000000009591 0)
(0.04999999999998428 0.2750000000010543 0)
(0.049999999999992 0.3000000000011495 0)
(0.04999999999999971 0.3250000000012447 0)
(0.05000000000000743 0.3500000000013399 0)
(0.05000000000001514 0.3750000000014352 0)
(0.05000000000002286 0.4000000000015305 0)
(0.05000000000003059 0.4250000000016256 0)
(0.05000000000003832 0.4500000000017207 0)
(0.05000000000004602 0.475000000001816 0)
(0.05000000000005375 0.5000000000018909 0)
(0.05000000000006145 0.5250000000017496 0)
(0.05000000000006917 0.5500000000015881 0)
(0.0500000000000769 0.5750000000014267 0)
(0.05000000000008462 0.6000000000012653 0)
(0.05000000000009233 0.625000000001104 0)
(0.05000000000010005 0.6500000000009425 0)
(0.05000000000010776 0.6750000000007813 0)
(0.05000000000011548 0.7000000000006197 0)
(0.0500000000001232 0.7250000000004581 0)
(0.05000000000013091 0.7500000000002965 0)
(0.05000000000013863 0.7750000000001352 0)
(0.05000000000014636 0.7999999999999735 0)
(0.05000000000015407 0.8249999999998122 0)
(0.05000000000016179 0.8499999999996505 0)
(0.05000000000016951 0.8749999999995096 0)
(0.05000000000017724 0.8999999999995911 0)
(0.05000000000018495 0.9249999999996935 0)
(0.05000000000019267 0.9499999999997956 0)
(0.05000000000020038 0.9749999999998978 0)
(0.07499999999986391 0.02500000000009281 0)
(0.07499999999987543 0.05000000000018495 0)
(0.07499999999988692 0.07500000000027778 0)
(0.07499999999989841 0.1000000000003711 0)
(0.07499999999990989 0.1250000000004643 0)
(0.07499999999992139 0.1500000000005553 0)
(0.07499999999993288 0.1750000000006461 0)
(0.0749999999999444 0.2000000000007369 0)
(0.07499999999995591 0.2250000000008275 0)
(0.07499999999996738 0.2500000000009184 0)
(0.07499999999997888 0.2750000000010091 0)
(0.07499999999999037 0.3000000000010999 0)
(0.07500000000000186 0.3250000000011907 0)
(0.07500000000001336 0.3500000000012815 0)
(0.07500000000002484 0.3750000000013723 0)
(0.07500000000003634 0.4000000000014631 0)
(0.07500000000004785 0.4250000000015539 0)
(0.07500000000005937 0.4500000000016445 0)
(0.07500000000007086 0.4750000000017354 0)
(0.07500000000008235 0.500000000001807 0)
(0.07500000000009384 0.5250000000016707 0)
(0.07500000000010533 0.5500000000015153 0)
(0.07500000000011682 0.5750000000013596 0)
(0.07500000000012831 0.6000000000012042 0)
(0.0750000000001398 0.6250000000010489 0)
(0.07500000000015132 0.6500000000008933 0)
(0.07500000000016281 0.6750000000007381 0)
(0.0750000000001743 0.7000000000005825 0)
(0.07500000000018582 0.725000000000427 0)
(0.07500000000019731 0.7500000000002717 0)
(0.0750000000002088 0.7750000000001162 0)
(0.07500000000022029 0.7999999999999605 0)
(0.07500000000023178 0.824999999999805 0)
(0.07500000000024327 0.8499999999996495 0)
(0.07500000000025477 0.8749999999995137 0)
(0.07500000000026628 0.899999999999595 0)
(0.07500000000027778 0.9249999999996964 0)
(0.07500000000028927 0.9499999999997975 0)
(0.07500000000030078 0.9749999999998988 0)
(0.09999999999982918 0.02500000000008901 0)
(0.09999999999984423 0.05000000000017724 0)
(0.09999999999985927 0.07500000000026626 0)
(0.09999999999987433 0.100000000000356 0)
(0.09999999999988939 0.1250000000004456 0)
(0.09999999999990443 0.1500000000005322 0)
(0.0999999999999195 0.1750000000006185 0)
(0.09999999999993456 0.2000000000007049 0)
(0.09999999999994959 0.2250000000007912 0)
(0.09999999999996463 0.2500000000008776 0)
(0.0999999999999797 0.275000000000964 0)
(0.09999999999999473 0.3000000000010504 0)
(0.1000000000000098 0.3250000000011367 0)
(0.1000000000000248 0.3500000000012231 0)
(0.1000000000000399 0.3750000000013095 0)
(0.1000000000000549 0.4000000000013959 0)
(0.10000000000007 0.4250000000014821 0)
(0.1000000000000851 0.4500000000015684 0)
(0.1000000000001001 0.4750000000016548 0)
(0.1000000000001151 0.5000000000017226 0)
(0.1000000000001302 0.5250000000015919 0)
(0.1000000000001453 0.5500000000014422 0)
(0.1000000000001603 0.5750000000012928 0)
(0.1000000000001754 0.6000000000011432 0)
(0.1000000000001904 0.6250000000009939 0)
(0.1000000000002055 0.6500000000008442 0)
(0.1000000000002205 0.675000000000695 0)
(0.1000000000002356 0.7000000000005454 0)
(0.1000000000002507 0.7250000000003959 0)
(0.1000000000002657 0.7500000000002464 0)
(0.1000000000002807 0.7750000000000968 0)
(0.1000000000002958 0.7999999999999473 0)
(0.1000000000003108 0.8249999999997979 0)
(0.1000000000003259 0.8499999999996481 0)
(0.1000000000003409 0.8749999999995182 0)
(0.100000000000356 0.8999999999995989 0)
(0.1000000000003711 0.9249999999996993 0)
(0.1000000000003861 0.9499999999997994 0)
(0.1000000000004011 0.9749999999998996 0)
(0.1249999999997918 0.02500000000008522 0)
(0.1249999999998105 0.05000000000016952 0)
(0.1249999999998292 0.07500000000025475 0)
(0.1249999999998478 0.1000000000003409 0)
(0.1249999999998665 0.125000000000427 0)
(0.1249999999998852 0.1500000000005093 0)
(0.1249999999999039 0.1750000000005912 0)
(0.1249999999999226 0.2000000000006731 0)
(0.1249999999999412 0.2250000000007549 0)
(0.1249999999999599 0.2500000000008369 0)
(0.1249999999999786 0.2750000000009188 0)
(0.1249999999999973 0.3000000000010007 0)
(0.125000000000016 0.3250000000010827 0)
(0.1250000000000347 0.3500000000011647 0)
(0.1250000000000533 0.3750000000012465 0)
(0.125000000000072 0.4000000000013285 0)
(0.1250000000000907 0.4250000000014104 0)
(0.1250000000001094 0.4500000000014923 0)
(0.1250000000001281 0.4750000000015742 0)
(0.1250000000001467 0.5000000000016387 0)
(0.1250000000001654 0.5250000000015128 0)
(0.1250000000001841 0.5500000000013692 0)
(0.1250000000002028 0.5750000000012255 0)
(0.1250000000002215 0.6000000000010821 0)
(0.1250000000002402 0.6250000000009388 0)
(0.1250000000002588 0.6500000000007951 0)
(0.1250000000002775 0.6750000000006519 0)
(0.1250000000002962 0.7000000000005083 0)
(0.1250000000003149 0.7250000000003648 0)
(0.1250000000003335 0.750000000000221 0)
(0.1250000000003522 0.7750000000000775 0)
(0.1250000000003709 0.799999999999934 0)
(0.1250000000003896 0.8249999999997906 0)
(0.1250000000004083 0.8499999999996468 0)
(0.125000000000427 0.8749999999995223 0)
(0.1250000000004456 0.8999999999996026 0)
(0.1250000000004643 0.9249999999997019 0)
(0.125000000000483 0.9499999999998014 0)
(0.1250000000005017 0.9749999999999009 0)
(0.1499999999997258 0.02500000000008145 0)
(0.1499999999997489 0.0500000000001618 0)
(0.149999999999772 0.07500000000024327 0)
(0.149999999999795 0.1000000000003259 0)
(0.149999999999818 0.1250000000004083 0)
(0.1499999999998411 0.1500000000004862 0)
(0.1499999999998641 0.1750000000005636 0)
(0.1499999999998871 0.2000000000006411 0)
(0.1499999999999102 0.2250000000007186 0)
(0.1499999999999332 0.2500000000007961 0)
(0.1499999999999563 0.2750000000008737 0)
(0.1499999999999793 0.3000000000009512 0)
(0.1500000000000023 0.3250000000010286 0)
(0.1500000000000254 0.3500000000011061 0)
(0.1500000000000484 0.3750000000011837 0)
(0.1500000000000715 0.4000000000012613 0)
(0.1500000000000945 0.4250000000013387 0)
(0.1500000000001176 0.4500000000014162 0)
(0.1500000000001406 0.4750000000014937 0)
(0.1500000000001636 0.5000000000015543 0)
(0.1500000000001867 0.5250000000014338 0)
(0.1500000000002097 0.5500000000012961 0)
(0.1500000000002328 0.5750000000011587 0)
(0.1500000000002558 0.600000000001021 0)
(0.1500000000002788 0.6250000000008837 0)
(0.1500000000003019 0.6500000000007461 0)
(0.1500000000003249 0.6750000000006087 0)
(0.1500000000003479 0.7000000000004709 0)
(0.150000000000371 0.7250000000003334 0)
(0.150000000000394 0.7500000000001961 0)
(0.150000000000417 0.7750000000000583 0)
(0.1500000000004401 0.7999999999999209 0)
(0.1500000000004631 0.8249999999997832 0)
(0.1500000000004861 0.8499999999996457 0)
(0.1500000000005092 0.8749999999995265 0)
(0.1500000000005322 0.8999999999996064 0)
(0.1500000000005553 0.9249999999997051 0)
(0.1500000000005783 0.9499999999998032 0)
(0.1500000000006014 0.9749999999999018 0)
(0.1749999999996573 0.02500000000007766 0)
(0.1749999999996848 0.05000000000015408 0)
(0.1749999999997122 0.07500000000023178 0)
(0.1749999999997397 0.1000000000003108 0)
(0.1749999999997672 0.1250000000003895 0)
(0.1749999999997947 0.1500000000004632 0)
(0.1749999999998222 0.1750000000005362 0)
(0.1749999999998497 0.2000000000006092 0)
(0.1749999999998771 0.2250000000006823 0)
(0.1749999999999045 0.2500000000007554 0)
(0.174999999999932 0.2750000000008285 0)
(0.1749999999999595 0.3000000000009015 0)
(0.1749999999999869 0.3250000000009746 0)
(0.1750000000000144 0.3500000000010477 0)
(0.1750000000000418 0.3750000000011207 0)
(0.1750000000000693 0.4000000000011939 0)
(0.1750000000000967 0.425000000001267 0)
(0.1750000000001243 0.45000000000134 0)
(0.1750000000001517 0.4750000000014131 0)
(0.1750000000001792 0.5000000000014702 0)
(0.1750000000002066 0.5250000000013547 0)
(0.1750000000002341 0.5500000000012231 0)
(0.1750000000002615 0.5750000000010914 0)
(0.1750000000002891 0.60000000000096 0)
(0.1750000000003165 0.6250000000008287 0)
(0.175000000000344 0.650000000000697 0)
(0.1750000000003714 0.6750000000005654 0)
(0.1750000000003989 0.7000000000004339 0)
(0.1750000000004264 0.7250000000003022 0)
(0.1750000000004538 0.7500000000001709 0)
(0.1750000000004812 0.7750000000000393 0)
(0.1750000000005087 0.7999999999999079 0)
(0.1750000000005362 0.8249999999997761 0)
(0.1750000000005636 0.8499999999996447 0)
(0.1750000000005912 0.8749999999995306 0)
(0.1750000000006186 0.8999999999996102 0)
(0.1750000000006461 0.9249999999997077 0)
(0.1750000000006735 0.9499999999998052 0)
(0.175000000000701 0.9749999999999028 0)
(0.1999999999995887 0.02500000000007388 0)
(0.1999999999996207 0.05000000000014634 0)
(0.1999999999996526 0.07500000000022029 0)
(0.1999999999996845 0.1000000000002958 0)
(0.1999999999997164 0.1250000000003709 0)
(0.1999999999997482 0.1500000000004401 0)
(0.1999999999997801 0.1750000000005087 0)
(0.199999999999812 0.2000000000005774 0)
(0.1999999999998439 0.2250000000006459 0)
(0.1999999999998758 0.2500000000007147 0)
(0.1999999999999077 0.2750000000007833 0)
(0.1999999999999396 0.3000000000008519 0)
(0.1999999999999715 0.3250000000009206 0)
(0.2000000000000034 0.3500000000009893 0)
(0.2000000000000352 0.3750000000010579 0)
(0.2000000000000671 0.4000000000011267 0)
(0.200000000000099 0.4250000000011951 0)
(0.2000000000001309 0.4500000000012638 0)
(0.2000000000001628 0.4750000000013325 0)
(0.2000000000001947 0.500000000001386 0)
(0.2000000000002266 0.5250000000012757 0)
(0.2000000000002585 0.55000000000115 0)
(0.2000000000002904 0.5750000000010244 0)
(0.2000000000003223 0.6000000000008989 0)
(0.2000000000003542 0.6250000000007736 0)
(0.200000000000386 0.6500000000006477 0)
(0.2000000000004179 0.6750000000005223 0)
(0.2000000000004498 0.700000000000397 0)
(0.2000000000004817 0.7250000000002711 0)
(0.2000000000005136 0.7500000000001459 0)
(0.2000000000005455 0.7750000000000202 0)
(0.2000000000005774 0.7999999999998945 0)
(0.2000000000006093 0.824999999999769 0)
(0.2000000000006412 0.8499999999996433 0)
(0.200000000000673 0.8749999999995351 0)
(0.2000000000007049 0.899999999999614 0)
(0.2000000000007369 0.9249999999997107 0)
(0.2000000000007687 0.949999999999807 0)
(0.2000000000008006 0.9749999999999037 0)
(0.2249999999995203 0.02500000000007009 0)
(0.2249999999995566 0.05000000000013863 0)
(0.2249999999995929 0.07500000000020882 0)
(0.2249999999996292 0.1000000000002807 0)
(0.2249999999996655 0.1250000000003522 0)
(0.2249999999997018 0.150000000000417 0)
(0.2249999999997381 0.1750000000004812 0)
(0.2249999999997745 0.2000000000005455 0)
(0.2249999999998107 0.2250000000006096 0)
(0.224999999999847 0.2500000000006739 0)
(0.2249999999998834 0.2750000000007382 0)
(0.2249999999999197 0.3000000000008024 0)
(0.224999999999956 0.3250000000008667 0)
(0.2249999999999924 0.3500000000009308 0)
(0.2250000000000286 0.375000000000995 0)
(0.225000000000065 0.4000000000010593 0)
(0.2250000000001013 0.4250000000011234 0)
(0.2250000000001375 0.4500000000011877 0)
(0.2250000000001739 0.4750000000012519 0)
(0.2250000000002102 0.5000000000013016 0)
(0.2250000000002465 0.5250000000011966 0)
(0.2250000000002828 0.550000000001077 0)
(0.2250000000003191 0.5750000000009576 0)
(0.2250000000003554 0.6000000000008379 0)
(0.2250000000003918 0.6250000000007185 0)
(0.2250000000004281 0.6500000000005989 0)
(0.2250000000004644 0.6750000000004792 0)
(0.2250000000005007 0.7000000000003596 0)
(0.225000000000537 0.7250000000002401 0)
(0.2250000000005734 0.7500000000001207 0)
(0.2250000000006097 0.775000000000001 0)
(0.225000000000646 0.7999999999998811 0)
(0.2250000000006823 0.8249999999997618 0)
(0.2250000000007186 0.8499999999996422 0)
(0.2250000000007549 0.8749999999995393 0)
(0.2250000000007912 0.8999999999996181 0)
(0.2250000000008275 0.9249999999997136 0)
(0.2250000000008638 0.949999999999809 0)
(0.2250000000009001 0.9749999999999045 0)
(0.2499999999994517 0.0250000000000663 0)
(0.2499999999994924 0.05000000000013093 0)
(0.2499999999995332 0.07500000000019731 0)
(0.249999999999574 0.1000000000002657 0)
(0.2499999999996146 0.1250000000003335 0)
(0.2499999999996554 0.150000000000394 0)
(0.2499999999996961 0.1750000000004538 0)
(0.2499999999997369 0.2000000000005136 0)
(0.2499999999997776 0.2250000000005733 0)
(0.2499999999998184 0.2500000000006332 0)
(0.2499999999998591 0.275000000000693 0)
(0.2499999999998999 0.3000000000007528 0)
(0.2499999999999406 0.3250000000008126 0)
(0.2499999999999813 0.3500000000008723 0)
(0.2500000000000221 0.3750000000009323 0)
(0.2500000000000628 0.4000000000009921 0)
(0.2500000000001036 0.4250000000010518 0)
(0.2500000000001443 0.4500000000011116 0)
(0.2500000000001851 0.4750000000011714 0)
(0.2500000000002257 0.5000000000012177 0)
(0.2500000000002666 0.5250000000011176 0)
(0.2500000000003073 0.5500000000010041 0)
(0.2500000000003479 0.5750000000008905 0)
(0.2500000000003888 0.6000000000007768 0)
(0.2500000000004295 0.6250000000006635 0)
(0.2500000000004703 0.6500000000005496 0)
(0.2500000000005109 0.6750000000004361 0)
(0.2500000000005517 0.7000000000003227 0)
(0.2500000000005924 0.7250000000002089 0)
(0.2500000000006332 0.7500000000000954 0)
(0.2500000000006739 0.7749999999999816 0)
(0.2500000000007147 0.7999999999998683 0)
(0.2500000000007554 0.8249999999997546 0)
(0.2500000000007961 0.8499999999996408 0)
(0.2500000000008369 0.8749999999995435 0)
(0.2500000000008776 0.8999999999996218 0)
(0.2500000000009184 0.9249999999997162 0)
(0.2500000000009591 0.9499999999998108 0)
(0.2500000000009999 0.9749999999999053 0)
(0.2749999999993832 0.02500000000006251 0)
(0.2749999999994283 0.0500000000001232 0)
(0.2749999999994734 0.07500000000018582 0)
(0.2749999999995186 0.1000000000002507 0)
(0.2749999999995638 0.1250000000003148 0)
(0.274999999999609 0.150000000000371 0)
(0.2749999999996542 0.1750000000004263 0)
(0.2749999999996994 0.2000000000004817 0)
(0.2749999999997444 0.225000000000537 0)
(0.2749999999997896 0.2500000000005925 0)
(0.2749999999998348 0.2750000000006478 0)
(0.27499999999988 0.3000000000007031 0)
(0.2749999999999252 0.3250000000007585 0)
(0.2749999999999704 0.350000000000814 0)
(0.2750000000000155 0.3750000000008694 0)
(0.2750000000000608 0.4000000000009248 0)
(0.2750000000001058 0.4250000000009801 0)
(0.275000000000151 0.4500000000010355 0)
(0.2750000000001962 0.4750000000010908 0)
(0.2750000000002413 0.5000000000011333 0)
(0.2750000000002865 0.5250000000010385 0)
(0.2750000000003316 0.5500000000009311 0)
(0.2750000000003768 0.5750000000008234 0)
(0.275000000000422 0.6000000000007157 0)
(0.2750000000004672 0.6250000000006084 0)
(0.2750000000005123 0.6500000000005007 0)
(0.2750000000005575 0.6750000000003931 0)
(0.2750000000006027 0.7000000000002854 0)
(0.2750000000006478 0.7250000000001778 0)
(0.275000000000693 0.7500000000000704 0)
(0.2750000000007382 0.7749999999999625 0)
(0.2750000000007833 0.7999999999998549 0)
(0.2750000000008285 0.8249999999997473 0)
(0.2750000000008737 0.8499999999996397 0)
(0.2750000000009188 0.8749999999995477 0)
(0.275000000000964 0.8999999999996255 0)
(0.2750000000010091 0.9249999999997193 0)
(0.2750000000010544 0.9499999999998128 0)
(0.2750000000010995 0.9749999999999064 0)
(0.2999999999993146 0.02500000000005873 0)
(0.2999999999993643 0.05000000000011548 0)
(0.2999999999994137 0.0750000000001743 0)
(0.2999999999994635 0.1000000000002356 0)
(0.299999999999513 0.1250000000002962 0)
(0.2999999999995626 0.1500000000003479 0)
(0.2999999999996121 0.1750000000003989 0)
(0.2999999999996618 0.2000000000004498 0)
(0.2999999999997113 0.2250000000005007 0)
(0.2999999999997609 0.2500000000005517 0)
(0.2999999999998105 0.2750000000006027 0)
(0.29999999999986 0.3000000000006536 0)
(0.2999999999999097 0.3250000000007046 0)
(0.2999999999999593 0.3500000000007554 0)
(0.3000000000000088 0.3750000000008064 0)
(0.3000000000000586 0.4000000000008574 0)
(0.3000000000001081 0.4250000000009084 0)
(0.3000000000001577 0.4500000000009593 0)
(0.3000000000002073 0.4750000000010102 0)
(0.3000000000002568 0.5000000000010494 0)
(0.3000000000003064 0.5250000000009595 0)
(0.3000000000003561 0.550000000000858 0)
(0.3000000000004056 0.5750000000007566 0)
(0.3000000000004552 0.6000000000006547 0)
(0.3000000000005049 0.6250000000005533 0)
(0.3000000000005544 0.6500000000004514 0)
(0.300000000000604 0.67500000000035 0)
(0.3000000000006536 0.7000000000002483 0)
(0.3000000000007031 0.7250000000001467 0)
(0.3000000000007528 0.7500000000000452 0)
(0.3000000000008024 0.7749999999999434 0)
(0.3000000000008519 0.7999999999998416 0)
(0.3000000000009015 0.8249999999997402 0)
(0.3000000000009512 0.8499999999996384 0)
(0.3000000000010008 0.8749999999995519 0)
(0.3000000000010503 0.8999999999996293 0)
(0.3000000000010999 0.924999999999722 0)
(0.3000000000011495 0.9499999999998148 0)
(0.3000000000011992 0.9749999999999074 0)
(0.3249999999992459 0.02500000000005495 0)
(0.3249999999993001 0.05000000000010776 0)
(0.3249999999993541 0.07500000000016281 0)
(0.3249999999994082 0.1000000000002205 0)
(0.3249999999994621 0.1250000000002775 0)
(0.3249999999995162 0.1500000000003249 0)
(0.3249999999995701 0.1750000000003715 0)
(0.3249999999996242 0.2000000000004179 0)
(0.3249999999996783 0.2250000000004643 0)
(0.3249999999997322 0.2500000000005109 0)
(0.3249999999997862 0.2750000000005575 0)
(0.3249999999998403 0.300000000000604 0)
(0.3249999999998944 0.3250000000006505 0)
(0.3249999999999482 0.3500000000006971 0)
(0.3250000000000022 0.3750000000007436 0)
(0.3250000000000564 0.4000000000007902 0)
(0.3250000000001103 0.4250000000008367 0)
(0.3250000000001644 0.4500000000008832 0)
(0.3250000000002184 0.4750000000009296 0)
(0.3250000000002723 0.500000000000965 0)
(0.3250000000003264 0.5250000000008804 0)
(0.3250000000003805 0.5500000000007848 0)
(0.3250000000004344 0.5750000000006894 0)
(0.3250000000004885 0.6000000000005936 0)
(0.3250000000005425 0.625000000000498 0)
(0.3250000000005965 0.6500000000004024 0)
(0.3250000000006505 0.6750000000003069 0)
(0.3250000000007046 0.7000000000002113 0)
(0.3250000000007586 0.7250000000001154 0)
(0.3250000000008126 0.75000000000002 0)
(0.3250000000008667 0.7749999999999244 0)
(0.3250000000009206 0.7999999999998285 0)
(0.3250000000009746 0.8249999999997328 0)
(0.3250000000010287 0.849999999999637 0)
(0.3250000000010827 0.8749999999995562 0)
(0.3250000000011367 0.8999999999996331 0)
(0.3250000000011907 0.924999999999725 0)
(0.3250000000012448 0.9499999999998165 0)
(0.3250000000012987 0.9749999999999084 0)
(0.3499999999991775 0.02500000000005115 0)
(0.349999999999236 0.05000000000010005 0)
(0.3499999999992945 0.07500000000015131 0)
(0.3499999999993529 0.1000000000002055 0)
(0.3499999999994113 0.1250000000002588 0)
(0.3499999999994697 0.1500000000003019 0)
(0.3499999999995282 0.175000000000344 0)
(0.3499999999995865 0.200000000000386 0)
(0.349999999999645 0.2250000000004281 0)
(0.3499999999997035 0.2500000000004702 0)
(0.3499999999997621 0.2750000000005124 0)
(0.3499999999998204 0.3000000000005544 0)
(0.3499999999998789 0.3250000000005965 0)
(0.3499999999999373 0.3500000000006386 0)
(0.3499999999999956 0.3750000000006806 0)
(0.3500000000000542 0.4000000000007228 0)
(0.3500000000001126 0.4250000000007649 0)
(0.350000000000171 0.450000000000807 0)
(0.3500000000002295 0.4750000000008491 0)
(0.3500000000002879 0.5000000000008809 0)
(0.3500000000003464 0.5250000000008014 0)
(0.3500000000004048 0.5500000000007119 0)
(0.3500000000004632 0.5750000000006223 0)
(0.3500000000005217 0.6000000000005326 0)
(0.3500000000005801 0.6250000000004432 0)
(0.3500000000006386 0.6500000000003533 0)
(0.350000000000697 0.6750000000002638 0)
(0.3500000000007554 0.7000000000001738 0)
(0.3500000000008139 0.7250000000000842 0)
(0.3500000000008724 0.7499999999999949 0)
(0.3500000000009308 0.7749999999999051 0)
(0.3500000000009892 0.7999999999998153 0)
(0.3500000000010477 0.8249999999997256 0)
(0.3500000000011061 0.8499999999996362 0)
(0.3500000000011646 0.8749999999995604 0)
(0.350000000001223 0.899999999999637 0)
(0.3500000000012815 0.9249999999997276 0)
(0.3500000000013399 0.9499999999998185 0)
(0.3500000000013984 0.9749999999999093 0)
(0.374999999999109 0.02500000000004737 0)
(0.3749999999991719 0.05000000000009233 0)
(0.3749999999992348 0.0750000000001398 0)
(0.3749999999992975 0.1000000000001904 0)
(0.3749999999993605 0.1250000000002401 0)
(0.3749999999994233 0.1500000000002788 0)
(0.3749999999994861 0.1750000000003165 0)
(0.3749999999995491 0.2000000000003541 0)
(0.3749999999996119 0.2250000000003917 0)
(0.3749999999996748 0.2500000000004294 0)
(0.3749999999997376 0.2750000000004671 0)
(0.3749999999998005 0.3000000000005049 0)
(0.3749999999998636 0.3250000000005425 0)
(0.3749999999999262 0.3500000000005802 0)
(0.3749999999999891 0.3750000000006178 0)
(0.375000000000052 0.4000000000006556 0)
(0.3750000000001148 0.4250000000006933 0)
(0.3750000000001777 0.4500000000007308 0)
(0.3750000000002406 0.4750000000007685 0)
(0.3750000000003034 0.5000000000007967 0)
(0.3750000000003663 0.5250000000007223 0)
(0.3750000000004292 0.5500000000006389 0)
(0.3750000000004921 0.5750000000005552 0)
(0.3750000000005549 0.6000000000004715 0)
(0.3750000000006178 0.6250000000003879 0)
(0.3750000000006807 0.650000000000304 0)
(0.3750000000007436 0.6750000000002205 0)
(0.3750000000008064 0.7000000000001372 0)
(0.3750000000008694 0.7250000000000532 0)
(0.3750000000009322 0.7499999999999698 0)
(0.375000000000995 0.7749999999998857 0)
(0.3750000000010579 0.7999999999998022 0)
(0.3750000000011207 0.8249999999997184 0)
(0.3750000000011837 0.8499999999996349 0)
(0.3750000000012465 0.8749999999995646 0)
(0.3750000000013095 0.8999999999996406 0)
(0.3750000000013723 0.9249999999997307 0)
(0.3750000000014351 0.9499999999998205 0)
(0.375000000001498 0.9749999999999104 0)
(0.3999999999990404 0.02500000000004358 0)
(0.3999999999991077 0.05000000000008462 0)
(0.3999999999991751 0.0750000000001283 0)
(0.3999999999992422 0.1000000000001754 0)
(0.3999999999993096 0.1250000000002215 0)
(0.3999999999993768 0.1500000000002558 0)
(0.3999999999994442 0.175000000000289 0)
(0.3999999999995115 0.2000000000003223 0)
(0.3999999999995788 0.2250000000003554 0)
(0.3999999999996461 0.2500000000003887 0)
(0.3999999999997134 0.275000000000422 0)
(0.3999999999997807 0.3000000000004552 0)
(0.399999999999848 0.3250000000004885 0)
(0.3999999999999154 0.3500000000005217 0)
(0.3999999999999826 0.3750000000005549 0)
(0.4000000000000499 0.4000000000005882 0)
(0.4000000000001171 0.4250000000006215 0)
(0.4000000000001844 0.4500000000006548 0)
(0.4000000000002518 0.475000000000688 0)
(0.4000000000003192 0.5000000000007125 0)
(0.4000000000003863 0.5250000000006435 0)
(0.4000000000004537 0.5500000000005658 0)
(0.400000000000521 0.5750000000004883 0)
(0.4000000000005883 0.6000000000004104 0)
(0.4000000000006555 0.6250000000003328 0)
(0.4000000000007228 0.6500000000002552 0)
(0.4000000000007901 0.6750000000001777 0)
(0.4000000000008574 0.7000000000000997 0)
(0.4000000000009248 0.7250000000000218 0)
(0.400000000000992 0.7499999999999443 0)
(0.4000000000010593 0.7749999999998667 0)
(0.4000000000011266 0.7999999999997891 0)
(0.400000000001194 0.8249999999997113 0)
(0.4000000000012613 0.8499999999996336 0)
(0.4000000000013286 0.8749999999995687 0)
(0.4000000000013959 0.8999999999996446 0)
(0.4000000000014631 0.9249999999997334 0)
(0.4000000000015304 0.9499999999998223 0)
(0.4000000000015976 0.974999999999911 0)
(0.4249999999989718 0.0250000000000398 0)
(0.4249999999990435 0.0500000000000769 0)
(0.4249999999991153 0.07500000000011682 0)
(0.4249999999991871 0.1000000000001603 0)
(0.4249999999992586 0.1250000000002028 0)
(0.4249999999993305 0.1500000000002328 0)
(0.4249999999994021 0.1750000000002615 0)
(0.4249999999994739 0.2000000000002904 0)
(0.4249999999995456 0.2250000000003191 0)
(0.4249999999996174 0.2500000000003481 0)
(0.4249999999996891 0.2750000000003768 0)
(0.4249999999997608 0.3000000000004056 0)
(0.4249999999998326 0.3250000000004345 0)
(0.4249999999999042 0.3500000000004632 0)
(0.424999999999976 0.3750000000004921 0)
(0.4250000000000476 0.400000000000521 0)
(0.4250000000001194 0.4250000000005497 0)
(0.4250000000001912 0.4500000000005784 0)
(0.4250000000002629 0.4750000000006074 0)
(0.4250000000003346 0.5000000000006284 0)
(0.4250000000004063 0.5250000000005647 0)
(0.4250000000004781 0.5500000000004928 0)
(0.4250000000005498 0.5750000000004213 0)
(0.4250000000006213 0.6000000000003496 0)
(0.4250000000006933 0.6250000000002778 0)
(0.4250000000007648 0.650000000000206 0)
(0.4250000000008367 0.6750000000001344 0)
(0.4250000000009084 0.7000000000000628 0)
(0.42500000000098 0.7249999999999909 0)
(0.4250000000010518 0.7499999999999194 0)
(0.4250000000011236 0.7749999999998475 0)
(0.4250000000011953 0.7999999999997758 0)
(0.4250000000012669 0.8249999999997042 0)
(0.4250000000013387 0.8499999999996324 0)
(0.4250000000014104 0.8749999999995732 0)
(0.4250000000014821 0.8999999999996484 0)
(0.4250000000015539 0.9249999999997363 0)
(0.4250000000016256 0.9499999999998243 0)
(0.4250000000016973 0.9749999999999122 0)
(0.4499999999989033 0.02500000000003602 0)
(0.4499999999989796 0.05000000000006918 0)
(0.4499999999990556 0.07500000000010533 0)
(0.4499999999991317 0.1000000000001453 0)
(0.4499999999992078 0.1250000000001841 0)
(0.4499999999992841 0.1500000000002097 0)
(0.4499999999993601 0.1750000000002341 0)
(0.4499999999994363 0.2000000000002585 0)
(0.4499999999995125 0.2250000000002828 0)
(0.4499999999995886 0.2500000000003072 0)
(0.4499999999996648 0.2750000000003316 0)
(0.4499999999997409 0.3000000000003561 0)
(0.449999999999817 0.3250000000003804 0)
(0.4499999999998933 0.3500000000004048 0)
(0.4499999999999693 0.3750000000004293 0)
(0.4500000000000456 0.4000000000004537 0)
(0.4500000000001217 0.4250000000004781 0)
(0.4500000000001978 0.4500000000005023 0)
(0.4500000000002738 0.4750000000005268 0)
(0.4500000000003501 0.500000000000544 0)
(0.4500000000004263 0.5250000000004854 0)
(0.4500000000005023 0.5500000000004197 0)
(0.4500000000005785 0.5750000000003542 0)
(0.4500000000006547 0.6000000000002883 0)
(0.4500000000007308 0.6250000000002227 0)
(0.450000000000807 0.650000000000157 0)
(0.4500000000008831 0.6750000000000913 0)
(0.4500000000009593 0.7000000000000256 0)
(0.4500000000010355 0.7249999999999598 0)
(0.4500000000011116 0.7499999999998942 0)
(0.4500000000011878 0.7749999999998284 0)
(0.4500000000012638 0.7999999999997626 0)
(0.4500000000013401 0.8249999999996971 0)
(0.4500000000014162 0.8499999999996311 0)
(0.4500000000014923 0.8749999999995772 0)
(0.4500000000015684 0.8999999999996522 0)
(0.4500000000016445 0.9249999999997394 0)
(0.4500000000017207 0.9499999999998261 0)
(0.4500000000017969 0.9749999999999132 0)
(0.4749999999988348 0.02500000000003223 0)
(0.4749999999989153 0.05000000000006147 0)
(0.474999999998996 0.07500000000009384 0)
(0.4749999999990764 0.1000000000001302 0)
(0.4749999999991571 0.1250000000001654 0)
(0.4749999999992377 0.1500000000001866 0)
(0.4749999999993182 0.1750000000002066 0)
(0.4749999999993988 0.2000000000002266 0)
(0.4749999999994793 0.2250000000002465 0)
(0.4749999999995599 0.2500000000002666 0)
(0.4749999999996406 0.2750000000002865 0)
(0.474999999999721 0.3000000000003065 0)
(0.4749999999998016 0.3250000000003264 0)
(0.4749999999998822 0.3500000000003464 0)
(0.4749999999999628 0.3750000000003664 0)
(0.4750000000000434 0.4000000000003864 0)
(0.4750000000001239 0.4250000000004063 0)
(0.4750000000002045 0.4500000000004263 0)
(0.4750000000002851 0.4750000000004462 0)
(0.4750000000003657 0.5000000000004601 0)
(0.4750000000004462 0.5250000000004066 0)
(0.4750000000005268 0.5500000000003467 0)
(0.4750000000006074 0.5750000000002872 0)
(0.475000000000688 0.6000000000002272 0)
(0.4750000000007684 0.6250000000001676 0)
(0.4750000000008491 0.6500000000001077 0)
(0.4750000000009297 0.6750000000000482 0)
(0.4750000000010102 0.6999999999999883 0)
(0.4750000000010908 0.7249999999999287 0)
(0.4750000000011714 0.7499999999998689 0)
(0.4750000000012519 0.7749999999998093 0)
(0.4750000000013326 0.7999999999997492 0)
(0.4750000000014131 0.8249999999996898 0)
(0.4750000000014937 0.8499999999996299 0)
(0.4750000000015742 0.8749999999995814 0)
(0.4750000000016548 0.8999999999996562 0)
(0.4750000000017354 0.9249999999997421 0)
(0.475000000001816 0.9499999999998281 0)
(0.4750000000018965 0.9749999999999142 0)
(0.4999999999987763 0.02500000000002844 0)
(0.4999999999988605 0.05000000000005374 0)
(0.4999999999989446 0.07500000000008235 0)
(0.4999999999990289 0.1000000000001151 0)
(0.499999999999113 0.1250000000001467 0)
(0.4999999999991973 0.1500000000001636 0)
(0.4999999999992815 0.1750000000001792 0)
(0.4999999999993656 0.2000000000001947 0)
(0.4999999999994498 0.2250000000002102 0)
(0.4999999999995339 0.2500000000002257 0)
(0.4999999999996181 0.2750000000002413 0)
(0.4999999999997022 0.3000000000002568 0)
(0.4999999999997864 0.3250000000002725 0)
(0.4999999999998705 0.350000000000288 0)
(0.4999999999999547 0.3750000000003035 0)
(0.5000000000000391 0.4000000000003192 0)
(0.5000000000001232 0.4250000000003346 0)
(0.5000000000002074 0.4500000000003501 0)
(0.5000000000002915 0.4750000000003656 0)
(0.5000000000003757 0.5000000000003757 0)
(0.5000000000004601 0.5250000000003275 0)
(0.5000000000005442 0.5500000000002736 0)
(0.5000000000006284 0.5750000000002201 0)
(0.5000000000007125 0.6000000000001662 0)
(0.5000000000007967 0.6250000000001126 0)
(0.5000000000008809 0.6500000000000589 0)
(0.500000000000965 0.6750000000000049 0)
(0.5000000000010492 0.6999999999999514 0)
(0.5000000000011333 0.7249999999998976 0)
(0.5000000000012177 0.749999999999844 0)
(0.5000000000013018 0.7749999999997902 0)
(0.500000000001386 0.7999999999997364 0)
(0.5000000000014702 0.8249999999996824 0)
(0.5000000000015543 0.8499999999996286 0)
(0.5000000000016385 0.8749999999995857 0)
(0.5000000000017226 0.89999999999966 0)
(0.500000000001807 0.924999999999745 0)
(0.5000000000018912 0.9499999999998299 0)
(0.5000000000019753 0.9749999999999152 0)
(0.5249999999988261 0.02500000000002465 0)
(0.5249999999989052 0.05000000000004602 0)
(0.5249999999989842 0.07500000000007086 0)
(0.5249999999990632 0.1000000000001001 0)
(0.5249999999991423 0.1250000000001281 0)
(0.5249999999992213 0.1500000000001405 0)
(0.5249999999993001 0.1750000000001517 0)
(0.5249999999993792 0.2000000000001628 0)
(0.5249999999994582 0.2250000000001739 0)
(0.5249999999995373 0.2500000000001851 0)
(0.5249999999996161 0.2750000000001962 0)
(0.5249999999996954 0.3000000000002073 0)
(0.5249999999997742 0.3250000000002184 0)
(0.5249999999998533 0.3500000000002295 0)
(0.5249999999999323 0.3750000000002405 0)
(0.5250000000000113 0.4000000000002518 0)
(0.5250000000000904 0.4250000000002629 0)
(0.5250000000001694 0.450000000000274 0)
(0.5250000000002485 0.4750000000002851 0)
(0.5250000000003273 0.5000000000002915 0)
(0.5250000000004066 0.5250000000002485 0)
(0.5250000000004854 0.5500000000002008 0)
(0.5250000000005645 0.5750000000001531 0)
(0.5250000000006435 0.6000000000001051 0)
(0.5250000000007226 0.6250000000000575 0)
(0.5250000000008014 0.6500000000000096 0)
(0.5250000000008804 0.6749999999999619 0)
(0.5250000000009595 0.6999999999999141 0)
(0.5250000000010385 0.7249999999998665 0)
(0.5250000000011176 0.7499999999998187 0)
(0.5250000000011966 0.7749999999997709 0)
(0.5250000000012757 0.799999999999723 0)
(0.5250000000013545 0.8249999999996753 0)
(0.5250000000014338 0.8499999999996275 0)
(0.5250000000015126 0.8749999999995901 0)
(0.5250000000015916 0.8999999999996637 0)
(0.5250000000016707 0.9249999999997477 0)
(0.5250000000017497 0.9499999999998319 0)
(0.5250000000018288 0.9749999999999159 0)
(0.5499999999988863 0.02500000000002087 0)
(0.5499999999989591 0.05000000000003831 0)
(0.5499999999990322 0.07500000000005937 0)
(0.5499999999991052 0.1000000000000851 0)
(0.5499999999991783 0.1250000000001093 0)
(0.5499999999992513 0.1500000000001176 0)
(0.5499999999993244 0.1750000000001242 0)
(0.5499999999993974 0.2000000000001309 0)
(0.5499999999994705 0.2250000000001376 0)
(0.5499999999995435 0.2500000000001442 0)
(0.5499999999996164 0.275000000000151 0)
(0.5499999999996894 0.3000000000001577 0)
(0.5499999999997625 0.3250000000001643 0)
(0.5499999999998355 0.350000000000171 0)
(0.5499999999999086 0.3750000000001777 0)
(0.5499999999999816 0.4000000000001845 0)
(0.5500000000000547 0.4250000000001912 0)
(0.5500000000001275 0.4500000000001978 0)
(0.5500000000002008 0.4750000000002045 0)
(0.5500000000002736 0.5000000000002074 0)
(0.5500000000003467 0.5250000000001694 0)
(0.5500000000004197 0.5500000000001275 0)
(0.5500000000004928 0.575000000000086 0)
(0.5500000000005658 0.6000000000000441 0)
(0.5500000000006389 0.6250000000000024 0)
(0.5500000000007119 0.6499999999999607 0)
(0.550000000000785 0.6749999999999188 0)
(0.550000000000858 0.6999999999998771 0)
(0.5500000000009311 0.7249999999998352 0)
(0.5500000000010041 0.7499999999997934 0)
(0.550000000001077 0.7749999999997516 0)
(0.55000000000115 0.7999999999997097 0)
(0.5500000000012231 0.8249999999996682 0)
(0.5500000000012961 0.8499999999996264 0)
(0.5500000000013692 0.8749999999995943 0)
(0.5500000000014422 0.8999999999996675 0)
(0.5500000000015153 0.9249999999997508 0)
(0.5500000000015883 0.9499999999998339 0)
(0.5500000000016614 0.974999999999917 0)
(0.574999999998946 0.02500000000001709 0)
(0.5749999999990131 0.05000000000003059 0)
(0.5749999999990804 0.07500000000004788 0)
(0.5749999999991474 0.10000000000007 0)
(0.5749999999992145 0.1250000000000907 0)
(0.5749999999992813 0.1500000000000945 0)
(0.5749999999993484 0.1750000000000968 0)
(0.5749999999994154 0.200000000000099 0)
(0.5749999999994826 0.2250000000001012 0)
(0.5749999999995495 0.2500000000001036 0)
(0.5749999999996166 0.2750000000001058 0)
(0.5749999999996837 0.3000000000001081 0)
(0.5749999999997506 0.3250000000001104 0)
(0.5749999999998177 0.3500000000001126 0)
(0.5749999999998846 0.3750000000001149 0)
(0.5749999999999519 0.4000000000001171 0)
(0.5750000000000189 0.4250000000001194 0)
(0.575000000000086 0.4500000000001216 0)
(0.5750000000001531 0.4750000000001239 0)
(0.5750000000002201 0.5000000000001232 0)
(0.5750000000002872 0.5250000000000904 0)
(0.575000000000354 0.5500000000000547 0)
(0.5750000000004211 0.5750000000000189 0)
(0.5750000000004881 0.599999999999983 0)
(0.5750000000005552 0.6249999999999472 0)
(0.5750000000006222 0.6499999999999114 0)
(0.5750000000006893 0.6749999999998757 0)
(0.5750000000007564 0.69999999999984 0)
(0.5750000000008234 0.7249999999998039 0)
(0.5750000000008905 0.7499999999997685 0)
(0.5750000000009575 0.7749999999997325 0)
(0.5750000000010246 0.7999999999996968 0)
(0.5750000000010916 0.8249999999996609 0)
(0.5750000000011587 0.8499999999996251 0)
(0.5750000000012258 0.8749999999995985 0)
(0.5750000000012928 0.8999999999996713 0)
(0.57500000000136 0.9249999999997536 0)
(0.5750000000014267 0.9499999999998356 0)
(0.5750000000014938 0.9749999999999178 0)
(0.599999999999006 0.0250000000000133 0)
(0.5999999999990671 0.05000000000002286 0)
(0.5999999999991281 0.07500000000003636 0)
(0.5999999999991894 0.100000000000055 0)
(0.5999999999992505 0.125000000000072 0)
(0.5999999999993113 0.1500000000000715 0)
(0.5999999999993726 0.1750000000000693 0)
(0.5999999999994334 0.2000000000000672 0)
(0.5999999999994947 0.2250000000000649 0)
(0.5999999999995556 0.2500000000000628 0)
(0.5999999999996166 0.2750000000000606 0)
(0.5999999999996777 0.3000000000000586 0)
(0.5999999999997387 0.3250000000000564 0)
(0.5999999999998 0.3500000000000542 0)
(0.5999999999998609 0.375000000000052 0)
(0.5999999999999219 0.4000000000000498 0)
(0.5999999999999832 0.4250000000000477 0)
(0.6000000000000441 0.4500000000000455 0)
(0.6000000000001051 0.4750000000000434 0)
(0.6000000000001662 0.5000000000000391 0)
(0.6000000000002272 0.5250000000000113 0)
(0.6000000000002883 0.5499999999999816 0)
(0.6000000000003494 0.5749999999999519 0)
(0.6000000000004104 0.5999999999999219 0)
(0.6000000000004715 0.6249999999998921 0)
(0.6000000000005326 0.6499999999998626 0)
(0.6000000000005936 0.6749999999998326 0)
(0.6000000000006547 0.6999999999998027 0)
(0.6000000000007157 0.7249999999997728 0)
(0.6000000000007768 0.7499999999997432 0)
(0.6000000000008379 0.7749999999997134 0)
(0.6000000000008989 0.7999999999996835 0)
(0.60000000000096 0.8249999999996538 0)
(0.600000000001021 0.8499999999996237 0)
(0.6000000000010821 0.8749999999996028 0)
(0.6000000000011432 0.8999999999996751 0)
(0.6000000000012042 0.9249999999997566 0)
(0.6000000000012653 0.9499999999998376 0)
(0.6000000000013264 0.9749999999999187 0)
(0.6249999999990661 0.02500000000000951 0)
(0.6249999999991211 0.05000000000001514 0)
(0.6249999999991762 0.07500000000002487 0)
(0.6249999999992313 0.1000000000000399 0)
(0.6249999999992863 0.1250000000000534 0)
(0.6249999999993416 0.1500000000000484 0)
(0.6249999999993965 0.1750000000000418 0)
(0.6249999999994515 0.2000000000000353 0)
(0.6249999999995066 0.2250000000000286 0)
(0.6249999999995617 0.2500000000000221 0)
(0.6249999999996168 0.2750000000000155 0)
(0.6249999999996718 0.3000000000000089 0)
(0.6249999999997269 0.3250000000000022 0)
(0.624999999999782 0.3499999999999958 0)
(0.6249999999998372 0.3749999999999892 0)
(0.6249999999998923 0.3999999999999825 0)
(0.6249999999999472 0.4249999999999761 0)
(0.6250000000000024 0.4499999999999694 0)
(0.6250000000000575 0.4749999999999628 0)
(0.6250000000001124 0.4999999999999547 0)
(0.6250000000001676 0.5249999999999323 0)
(0.6250000000002225 0.5499999999999086 0)
(0.6250000000002778 0.5749999999998848 0)
(0.6250000000003328 0.5999999999998611 0)
(0.6250000000003879 0.624999999999837 0)
(0.625000000000443 0.6499999999998133 0)
(0.625000000000498 0.6749999999997895 0)
(0.6250000000005531 0.6999999999997658 0)
(0.6250000000006084 0.7249999999997417 0)
(0.6250000000006632 0.7499999999997179 0)
(0.6250000000007185 0.7749999999996943 0)
(0.6250000000007736 0.7999999999996702 0)
(0.6250000000008287 0.8249999999996465 0)
(0.6250000000008837 0.8499999999996226 0)
(0.6250000000009388 0.874999999999607 0)
(0.6250000000009939 0.8999999999996791 0)
(0.6250000000010489 0.9249999999997593 0)
(0.625000000001104 0.9499999999998394 0)
(0.6250000000011591 0.9749999999999198 0)
(0.6499999999991261 0.02500000000000573 0)
(0.6499999999991752 0.05000000000000743 0)
(0.649999999999224 0.07500000000001335 0)
(0.6499999999992733 0.1000000000000249 0)
(0.6499999999993222 0.1250000000000346 0)
(0.6499999999993714 0.1500000000000254 0)
(0.6499999999994205 0.1750000000000144 0)
(0.6499999999994696 0.2000000000000033 0)
(0.6499999999995184 0.2249999999999923 0)
(0.6499999999995677 0.2499999999999813 0)
(0.6499999999996168 0.2749999999999704 0)
(0.6499999999996658 0.2999999999999593 0)
(0.6499999999997151 0.3249999999999483 0)
(0.6499999999997642 0.3499999999999372 0)
(0.6499999999998133 0.3749999999999263 0)
(0.6499999999998626 0.3999999999999153 0)
(0.6499999999999113 0.4249999999999043 0)
(0.6499999999999607 0.4499999999998933 0)
(0.6500000000000096 0.4749999999998822 0)
(0.6500000000000586 0.4999999999998708 0)
(0.6500000000001077 0.5249999999998533 0)
(0.650000000000157 0.5499999999998355 0)
(0.6500000000002061 0.5749999999998178 0)
(0.6500000000002552 0.5999999999997998 0)
(0.6500000000003042 0.624999999999782 0)
(0.6500000000003533 0.6499999999997642 0)
(0.6500000000004024 0.6749999999997465 0)
(0.6500000000004514 0.6999999999997285 0)
(0.6500000000005007 0.7249999999997107 0)
(0.6500000000005496 0.749999999999693 0)
(0.650000000000599 0.7749999999996751 0)
(0.6500000000006478 0.7999999999996572 0)
(0.6500000000006971 0.8249999999996394 0)
(0.6500000000007461 0.8499999999996215 0)
(0.6500000000007952 0.8749999999996112 0)
(0.6500000000008442 0.8999999999996828 0)
(0.6500000000008933 0.9249999999997621 0)
(0.6500000000009426 0.9499999999998414 0)
(0.6500000000009915 0.9749999999999208 0)
(0.6749999999991858 0.02500000000000193 0)
(0.674999999999229 0.04999999999999971 0)
(0.6749999999992722 0.07500000000000186 0)
(0.674999999999315 0.1000000000000098 0)
(0.6749999999993582 0.125000000000016 0)
(0.6749999999994014 0.1500000000000023 0)
(0.6749999999994445 0.1749999999999869 0)
(0.6749999999994876 0.1999999999999715 0)
(0.6749999999995309 0.224999999999956 0)
(0.6749999999995739 0.2499999999999406 0)
(0.674999999999617 0.2749999999999252 0)
(0.6749999999996601 0.2999999999999098 0)
(0.6749999999997032 0.3249999999998943 0)
(0.6749999999997465 0.3499999999998788 0)
(0.6749999999997893 0.3749999999998634 0)
(0.6749999999998326 0.3999999999998479 0)
(0.6749999999998757 0.4249999999998326 0)
(0.6749999999999188 0.4499999999998171 0)
(0.6749999999999619 0.4749999999998016 0)
(0.6750000000000049 0.4999999999997864 0)
(0.6750000000000482 0.5249999999997742 0)
(0.6750000000000913 0.5499999999997625 0)
(0.6750000000001344 0.5749999999997507 0)
(0.6750000000001775 0.599999999999739 0)
(0.6750000000002208 0.6249999999997269 0)
(0.6750000000002638 0.6499999999997151 0)
(0.6750000000003069 0.6749999999997034 0)
(0.67500000000035 0.6999999999996914 0)
(0.6750000000003931 0.7249999999996796 0)
(0.6750000000004361 0.7499999999996677 0)
(0.6750000000004792 0.7749999999996556 0)
(0.6750000000005223 0.799999999999644 0)
(0.6750000000005654 0.8249999999996322 0)
(0.6750000000006087 0.8499999999996202 0)
(0.6750000000006517 0.8749999999996154 0)
(0.675000000000695 0.8999999999996866 0)
(0.6750000000007381 0.9249999999997651 0)
(0.6750000000007812 0.9499999999998434 0)
(0.6750000000008243 0.9749999999999219 0)
(0.6999999999992458 0.02499999999999815 0)
(0.6999999999992832 0.049999999999992 0)
(0.6999999999993202 0.07499999999999037 0)
(0.6999999999993572 0.09999999999999475 0)
(0.6999999999993943 0.1249999999999973 0)
(0.6999999999994313 0.1499999999999793 0)
(0.6999999999994685 0.1749999999999594 0)
(0.6999999999995059 0.1999999999999396 0)
(0.6999999999995429 0.2249999999999197 0)
(0.6999999999995802 0.2499999999998999 0)
(0.699999999999617 0.27499999999988 0)
(0.6999999999996541 0.2999999999998602 0)
(0.6999999999996915 0.3249999999998403 0)
(0.6999999999997286 0.3499999999998204 0)
(0.6999999999997659 0.3749999999998004 0)
(0.6999999999998026 0.3999999999997807 0)
(0.6999999999998399 0.4249999999997608 0)
(0.6999999999998771 0.4499999999997409 0)
(0.6999999999999144 0.4749999999997211 0)
(0.6999999999999514 0.4999999999997022 0)
(0.6999999999999885 0.5249999999996952 0)
(0.7000000000000256 0.5499999999996896 0)
(0.7000000000000627 0.5749999999996837 0)
(0.7000000000000998 0.5999999999996777 0)
(0.7000000000001368 0.6249999999996718 0)
(0.7000000000001741 0.6499999999996658 0)
(0.7000000000002112 0.6749999999996601 0)
(0.7000000000002483 0.6999999999996543 0)
(0.7000000000002854 0.7249999999996485 0)
(0.7000000000003227 0.7499999999996424 0)
(0.7000000000003596 0.7749999999996365 0)
(0.700000000000397 0.7999999999996308 0)
(0.7000000000004342 0.8249999999996249 0)
(0.700000000000471 0.8499999999996191 0)
(0.7000000000005083 0.8749999999996196 0)
(0.7000000000005452 0.8999999999996904 0)
(0.7000000000005825 0.9249999999997679 0)
(0.7000000000006196 0.9499999999998452 0)
(0.7000000000006567 0.9749999999999228 0)
(0.7249999999993059 0.02499999999999437 0)
(0.724999999999337 0.04999999999998428 0)
(0.724999999999368 0.07499999999997888 0)
(0.7249999999993991 0.0999999999999797 0)
(0.7249999999994304 0.1249999999999786 0)
(0.7249999999994614 0.1499999999999563 0)
(0.7249999999994926 0.174999999999932 0)
(0.7249999999995237 0.1999999999999077 0)
(0.7249999999995549 0.2249999999998833 0)
(0.7249999999995861 0.2499999999998591 0)
(0.7249999999996172 0.2749999999998348 0)
(0.7249999999996485 0.2999999999998105 0)
(0.7249999999996796 0.3249999999997862 0)
(0.7249999999997105 0.349999999999762 0)
(0.7249999999997419 0.3749999999997376 0)
(0.7249999999997729 0.3999999999997134 0)
(0.7249999999998041 0.4249999999996892 0)
(0.7249999999998352 0.4499999999996648 0)
(0.7249999999998663 0.4749999999996405 0)
(0.7249999999998974 0.4999999999996181 0)
(0.7249999999999287 0.5249999999996163 0)
(0.7249999999999598 0.5499999999996164 0)
(0.7249999999999909 0.5749999999996166 0)
(0.725000000000022 0.5999999999996168 0)
(0.725000000000053 0.6249999999996168 0)
(0.7250000000000844 0.649999999999617 0)
(0.7250000000001154 0.674999999999617 0)
(0.7250000000001467 0.699999999999617 0)
(0.7250000000001778 0.7249999999996172 0)
(0.7250000000002089 0.7499999999996175 0)
(0.72500000000024 0.7749999999996174 0)
(0.7250000000002711 0.7999999999996176 0)
(0.7250000000003023 0.8249999999996176 0)
(0.7250000000003336 0.8499999999996177 0)
(0.7250000000003646 0.8749999999996239 0)
(0.7250000000003958 0.8999999999996944 0)
(0.725000000000427 0.9249999999997709 0)
(0.7250000000004581 0.9499999999998472 0)
(0.7250000000004891 0.9749999999999236 0)
(0.7499999999993658 0.02499999999999058 0)
(0.7499999999993908 0.04999999999997656 0)
(0.7499999999994161 0.07499999999996738 0)
(0.7499999999994412 0.09999999999996466 0)
(0.7499999999994665 0.1249999999999599 0)
(0.7499999999994915 0.1499999999999333 0)
(0.7499999999995167 0.1749999999999045 0)
(0.7499999999995419 0.1999999999998758 0)
(0.7499999999995669 0.224999999999847 0)
(0.7499999999995922 0.2499999999998184 0)
(0.7499999999996176 0.2749999999997896 0)
(0.7499999999996424 0.299999999999761 0)
(0.7499999999996678 0.3249999999997322 0)
(0.7499999999996929 0.3499999999997036 0)
(0.749999999999718 0.3749999999996748 0)
(0.7499999999997431 0.3999999999996461 0)
(0.7499999999997684 0.4249999999996174 0)
(0.7499999999997936 0.4499999999995886 0)
(0.7499999999998187 0.4749999999995599 0)
(0.749999999999844 0.4999999999995339 0)
(0.7499999999998691 0.5249999999995373 0)
(0.7499999999998942 0.5499999999995435 0)
(0.7499999999999193 0.5749999999995495 0)
(0.7499999999999444 0.5999999999995556 0)
(0.7499999999999697 0.6249999999995617 0)
(0.7499999999999948 0.6499999999995677 0)
(0.7500000000000199 0.6749999999995737 0)
(0.7500000000000452 0.6999999999995802 0)
(0.7500000000000703 0.7249999999995859 0)
(0.7500000000000953 0.7499999999995921 0)
(0.7500000000001207 0.7749999999995983 0)
(0.7500000000001458 0.7999999999996045 0)
(0.7500000000001709 0.8249999999996105 0)
(0.7500000000001961 0.8499999999996166 0)
(0.7500000000002213 0.8749999999996281 0)
(0.7500000000002464 0.8999999999996979 0)
(0.7500000000002717 0.9249999999997737 0)
(0.7500000000002968 0.9499999999998492 0)
(0.7500000000003219 0.9749999999999245 0)
(0.7749999999994256 0.02499999999998679 0)
(0.7749999999994447 0.04999999999996885 0)
(0.774999999999464 0.07499999999995589 0)
(0.7749999999994831 0.0999999999999496 0)
(0.7749999999995024 0.1249999999999412 0)
(0.7749999999995214 0.1499999999999102 0)
(0.7749999999995406 0.1749999999998771 0)
(0.7749999999995597 0.1999999999998439 0)
(0.7749999999995791 0.2249999999998107 0)
(0.7749999999995983 0.2499999999997776 0)
(0.7749999999996174 0.2749999999997446 0)
(0.7749999999996365 0.2999999999997113 0)
(0.7749999999996557 0.3249999999996783 0)
(0.7749999999996751 0.3499999999996449 0)
(0.774999999999694 0.3749999999996119 0)
(0.7749999999997133 0.3999999999995789 0)
(0.7749999999997327 0.4249999999995457 0)
(0.7749999999997518 0.4499999999995125 0)
(0.7749999999997709 0.4749999999994794 0)
(0.77499999999979 0.4999999999994498 0)
(0.7749999999998091 0.5249999999994582 0)
(0.7749999999998284 0.5499999999994702 0)
(0.7749999999998475 0.5749999999994825 0)
(0.7749999999998666 0.5999999999994947 0)
(0.7749999999998859 0.6249999999995066 0)
(0.7749999999999051 0.649999999999519 0)
(0.7749999999999243 0.6749999999995306 0)
(0.7749999999999434 0.6999999999995429 0)
(0.7749999999999625 0.7249999999995548 0)
(0.7749999999999818 0.7499999999995669 0)
(0.7750000000000011 0.774999999999579 0)
(0.7750000000000202 0.7999999999995911 0)
(0.7750000000000393 0.8249999999996034 0)
(0.7750000000000584 0.8499999999996153 0)
(0.7750000000000777 0.8749999999996323 0)
(0.7750000000000968 0.8999999999997019 0)
(0.7750000000001162 0.9249999999997766 0)
(0.7750000000001352 0.949999999999851 0)
(0.7750000000001543 0.9749999999999256 0)
(0.7999999999994855 0.024999999999983 0)
(0.7999999999994986 0.04999999999996113 0)
(0.7999999999995122 0.0749999999999444 0)
(0.799999999999525 0.09999999999993454 0)
(0.7999999999995383 0.1249999999999226 0)
(0.7999999999995516 0.1499999999998871 0)
(0.7999999999995648 0.1749999999998496 0)
(0.799999999999578 0.1999999999998121 0)
(0.7999999999995911 0.2249999999997744 0)
(0.7999999999996045 0.2499999999997369 0)
(0.7999999999996174 0.2749999999996993 0)
(0.7999999999996307 0.2999999999996618 0)
(0.7999999999996438 0.3249999999996241 0)
(0.799999999999657 0.3499999999995866 0)
(0.7999999999996703 0.3749999999995491 0)
(0.7999999999996834 0.3999999999995115 0)
(0.7999999999996967 0.424999999999474 0)
(0.7999999999997099 0.4499999999994363 0)
(0.799999999999723 0.4749999999993988 0)
(0.7999999999997364 0.4999999999993656 0)
(0.7999999999997495 0.5249999999993794 0)
(0.7999999999997626 0.5499999999993974 0)
(0.7999999999997759 0.5749999999994154 0)
(0.799999999999789 0.5999999999994334 0)
(0.7999999999998023 0.6249999999994515 0)
(0.7999999999998153 0.6499999999994694 0)
(0.7999999999998287 0.6749999999994876 0)
(0.7999999999998417 0.6999999999995061 0)
(0.7999999999998549 0.7249999999995237 0)
(0.7999999999998683 0.749999999999542 0)
(0.7999999999998814 0.7749999999995599 0)
(0.7999999999998945 0.7999999999995778 0)
(0.7999999999999078 0.8249999999995963 0)
(0.7999999999999211 0.8499999999996142 0)
(0.799999999999934 0.8749999999996365 0)
(0.7999999999999474 0.8999999999997057 0)
(0.7999999999999606 0.9249999999997792 0)
(0.7999999999999735 0.949999999999853 0)
(0.7999999999999868 0.9749999999999264 0)
(0.8249999999995459 0.02499999999997922 0)
(0.8249999999995529 0.0499999999999534 0)
(0.8249999999995601 0.07499999999993291 0)
(0.8249999999995674 0.09999999999991947 0)
(0.8249999999995745 0.1249999999999039 0)
(0.8249999999995816 0.1499999999998641 0)
(0.824999999999589 0.1749999999998221 0)
(0.8249999999995961 0.1999999999997801 0)
(0.8249999999996033 0.2249999999997381 0)
(0.8249999999996105 0.2499999999996961 0)
(0.8249999999996178 0.2749999999996542 0)
(0.8249999999996251 0.2999999999996121 0)
(0.824999999999632 0.3249999999995701 0)
(0.8249999999996392 0.3499999999995281 0)
(0.8249999999996465 0.3749999999994862 0)
(0.8249999999996536 0.3999999999994442 0)
(0.8249999999996609 0.4249999999994022 0)
(0.8249999999996682 0.4499999999993601 0)
(0.8249999999996753 0.4749999999993182 0)
(0.8249999999996827 0.4999999999992814 0)
(0.8249999999996898 0.5249999999993004 0)
(0.8249999999996971 0.5499999999993244 0)
(0.8249999999997042 0.5749999999993484 0)
(0.8249999999997113 0.5999999999993726 0)
(0.8249999999997186 0.6249999999993965 0)
(0.8249999999997255 0.6499999999994206 0)
(0.8249999999997331 0.6749999999994445 0)
(0.8249999999997402 0.6999999999994687 0)
(0.8249999999997473 0.7249999999994925 0)
(0.8249999999997546 0.7499999999995167 0)
(0.8249999999997617 0.7749999999995406 0)
(0.824999999999769 0.7999999999995647 0)
(0.8249999999997761 0.824999999999589 0)
(0.8249999999997832 0.8499999999996131 0)
(0.8249999999997906 0.8749999999996407 0)
(0.8249999999997979 0.8999999999997095 0)
(0.824999999999805 0.9249999999997823 0)
(0.8249999999998121 0.9499999999998547 0)
(0.8249999999998192 0.9749999999999277 0)
(0.8499999999996057 0.02499999999997544 0)
(0.849999999999607 0.0499999999999457 0)
(0.849999999999608 0.07499999999992142 0)
(0.8499999999996093 0.09999999999990444 0)
(0.8499999999996104 0.1249999999998852 0)
(0.8499999999996117 0.1499999999998411 0)
(0.849999999999613 0.1749999999997947 0)
(0.8499999999996142 0.1999999999997482 0)
(0.8499999999996153 0.2249999999997018 0)
(0.8499999999996166 0.2499999999996554 0)
(0.8499999999996177 0.274999999999609 0)
(0.8499999999996191 0.2999999999995626 0)
(0.8499999999996202 0.3249999999995162 0)
(0.8499999999996215 0.3499999999994698 0)
(0.8499999999996227 0.3749999999994234 0)
(0.8499999999996238 0.3999999999993769 0)
(0.8499999999996251 0.4249999999993305 0)
(0.8499999999996264 0.4499999999992841 0)
(0.8499999999996275 0.4749999999992376 0)
(0.8499999999996288 0.4999999999991972 0)
(0.8499999999996299 0.5249999999992213 0)
(0.8499999999996313 0.5499999999992513 0)
(0.8499999999996324 0.5749999999992813 0)
(0.8499999999996335 0.5999999999993113 0)
(0.8499999999996348 0.6249999999993414 0)
(0.8499999999996362 0.6499999999993714 0)
(0.8499999999996373 0.6749999999994014 0)
(0.8499999999996384 0.6999999999994314 0)
(0.8499999999996397 0.7249999999994616 0)
(0.849999999999641 0.7499999999994913 0)
(0.8499999999996422 0.7749999999995215 0)
(0.8499999999996433 0.7999999999995516 0)
(0.8499999999996446 0.8249999999995816 0)
(0.8499999999996459 0.8499999999996117 0)
(0.8499999999996468 0.874999999999645 0)
(0.8499999999996481 0.8999999999997135 0)
(0.8499999999996495 0.924999999999785 0)
(0.8499999999996508 0.9499999999998567 0)
(0.8499999999996517 0.9749999999999285 0)
(0.874999999999666 0.02499999999997165 0)
(0.8749999999996619 0.04999999999993798 0)
(0.8749999999996578 0.0749999999999099 0)
(0.8749999999996534 0.09999999999988939 0)
(0.8749999999996491 0.1249999999998665 0)
(0.8749999999996448 0.149999999999818 0)
(0.8749999999996407 0.1749999999997672 0)
(0.8749999999996364 0.1999999999997163 0)
(0.8749999999996323 0.2249999999996655 0)
(0.8749999999996281 0.2499999999996146 0)
(0.8749999999996241 0.2749999999995638 0)
(0.8749999999996196 0.299999999999513 0)
(0.8749999999996155 0.3249999999994622 0)
(0.8749999999996112 0.3499999999994113 0)
(0.874999999999607 0.3749999999993605 0)
(0.8749999999996024 0.3999999999993096 0)
(0.8749999999995985 0.4249999999992588 0)
(0.8749999999995943 0.4499999999992079 0)
(0.8749999999995901 0.474999999999157 0)
(0.8749999999995857 0.499999999999113 0)
(0.8749999999995817 0.5249999999991423 0)
(0.8749999999995772 0.5499999999991783 0)
(0.8749999999995732 0.5749999999992143 0)
(0.8749999999995688 0.5999999999992505 0)
(0.8749999999995643 0.6249999999992863 0)
(0.8749999999995604 0.6499999999993223 0)
(0.8749999999995561 0.6749999999993583 0)
(0.8749999999995519 0.6999999999993946 0)
(0.8749999999995479 0.7249999999994304 0)
(0.8749999999995435 0.7499999999994665 0)
(0.8749999999995393 0.7749999999995024 0)
(0.874999999999535 0.7999999999995383 0)
(0.8749999999995308 0.8249999999995745 0)
(0.8749999999995266 0.8499999999996104 0)
(0.8749999999995222 0.8749999999996492 0)
(0.8749999999995182 0.8999999999997172 0)
(0.8749999999995137 0.9249999999997879 0)
(0.8749999999995097 0.9499999999998587 0)
(0.8749999999995053 0.9749999999999294 0)
(0.8999999999997323 0.02499999999996786 0)
(0.8999999999997286 0.04999999999993025 0)
(0.8999999999997251 0.07499999999989838 0)
(0.899999999999721 0.09999999999987434 0)
(0.8999999999997171 0.1249999999998478 0)
(0.8999999999997135 0.149999999999795 0)
(0.8999999999997095 0.1749999999997397 0)
(0.8999999999997057 0.1999999999996845 0)
(0.8999999999997018 0.2249999999996292 0)
(0.8999999999996982 0.2499999999995739 0)
(0.8999999999996944 0.2749999999995187 0)
(0.8999999999996904 0.2999999999994635 0)
(0.8999999999996864 0.324999999999408 0)
(0.8999999999996829 0.3499999999993527 0)
(0.8999999999996791 0.3749999999992975 0)
(0.8999999999996753 0.3999999999992424 0)
(0.8999999999996713 0.4249999999991871 0)
(0.8999999999996677 0.4499999999991318 0)
(0.8999999999996637 0.4749999999990764 0)
(0.8999999999996597 0.4999999999990288 0)
(0.8999999999996562 0.5249999999990632 0)
(0.8999999999996522 0.5499999999991052 0)
(0.8999999999996482 0.5749999999991472 0)
(0.8999999999996446 0.5999999999991892 0)
(0.8999999999996411 0.6249999999992313 0)
(0.8999999999996371 0.6499999999992733 0)
(0.8999999999996331 0.6749999999993153 0)
(0.8999999999996293 0.6999999999993572 0)
(0.8999999999996255 0.7249999999993992 0)
(0.8999999999996218 0.7499999999994412 0)
(0.899999999999618 0.7749999999994831 0)
(0.899999999999614 0.7999999999995253 0)
(0.8999999999996102 0.8249999999995674 0)
(0.8999999999996064 0.8499999999996093 0)
(0.8999999999996027 0.8749999999996534 0)
(0.8999999999995989 0.899999999999721 0)
(0.8999999999995951 0.9249999999997908 0)
(0.8999999999995913 0.9499999999998605 0)
(0.8999999999995874 0.9749999999999303 0)
(0.9249999999997992 0.02499999999996408 0)
(0.9249999999997963 0.04999999999992254 0)
(0.9249999999997937 0.07499999999988689 0)
(0.9249999999997908 0.0999999999998593 0)
(0.9249999999997879 0.1249999999998292 0)
(0.9249999999997852 0.149999999999772 0)
(0.9249999999997821 0.1749999999997123 0)
(0.9249999999997793 0.1999999999996526 0)
(0.9249999999997764 0.2249999999995929 0)
(0.9249999999997734 0.2499999999995332 0)
(0.9249999999997708 0.2749999999994734 0)
(0.924999999999768 0.2999999999994137 0)
(0.924999999999765 0.3249999999993541 0)
(0.924999999999762 0.3499999999992944 0)
(0.9249999999997593 0.3749999999992347 0)
(0.9249999999997565 0.399999999999175 0)
(0.9249999999997534 0.4249999999991154 0)
(0.9249999999997509 0.4499999999990556 0)
(0.9249999999997477 0.4749999999989959 0)
(0.924999999999745 0.4999999999989446 0)
(0.9249999999997419 0.5249999999989842 0)
(0.9249999999997393 0.5499999999990324 0)
(0.9249999999997365 0.5749999999990802 0)
(0.9249999999997335 0.5999999999991283 0)
(0.9249999999997307 0.6249999999991762 0)
(0.9249999999997279 0.649999999999224 0)
(0.9249999999997252 0.6749999999992722 0)
(0.9249999999997219 0.6999999999993202 0)
(0.9249999999997194 0.724999999999368 0)
(0.9249999999997164 0.7499999999994161 0)
(0.9249999999997135 0.774999999999464 0)
(0.9249999999997106 0.7999999999995121 0)
(0.9249999999997077 0.8249999999995603 0)
(0.9249999999997048 0.8499999999996082 0)
(0.9249999999997019 0.8749999999996576 0)
(0.9249999999996993 0.8999999999997246 0)
(0.9249999999996962 0.9249999999997937 0)
(0.9249999999996935 0.9499999999998625 0)
(0.9249999999996906 0.9749999999999311 0)
(0.9499999999998661 0.0249999999999603 0)
(0.9499999999998646 0.04999999999991481 0)
(0.9499999999998625 0.0749999999998754 0)
(0.9499999999998605 0.09999999999984423 0)
(0.9499999999998587 0.1249999999998105 0)
(0.9499999999998567 0.1499999999997489 0)
(0.9499999999998547 0.1749999999996848 0)
(0.9499999999998527 0.1999999999996206 0)
(0.949999999999851 0.2249999999995566 0)
(0.949999999999849 0.2499999999994924 0)
(0.9499999999998472 0.2749999999994284 0)
(0.9499999999998452 0.2999999999993642 0)
(0.9499999999998434 0.3249999999993001 0)
(0.9499999999998414 0.349999999999236 0)
(0.9499999999998396 0.3749999999991718 0)
(0.9499999999998374 0.3999999999991077 0)
(0.9499999999998356 0.4249999999990436 0)
(0.9499999999998339 0.4499999999989795 0)
(0.9499999999998319 0.4749999999989154 0)
(0.9499999999998299 0.4999999999988605 0)
(0.9499999999998281 0.5249999999989051 0)
(0.9499999999998261 0.5499999999989591 0)
(0.9499999999998243 0.5749999999990131 0)
(0.9499999999998223 0.5999999999990671 0)
(0.9499999999998205 0.6249999999991211 0)
(0.9499999999998183 0.6499999999991751 0)
(0.9499999999998165 0.6749999999992289 0)
(0.9499999999998148 0.6999999999992831 0)
(0.949999999999813 0.724999999999337 0)
(0.949999999999811 0.749999999999391 0)
(0.949999999999809 0.7749999999994447 0)
(0.949999999999807 0.7999999999994988 0)
(0.9499999999998052 0.824999999999553 0)
(0.9499999999998032 0.8499999999996068 0)
(0.9499999999998014 0.874999999999662 0)
(0.9499999999997992 0.8999999999997286 0)
(0.9499999999997975 0.9249999999997965 0)
(0.9499999999997957 0.9499999999998643 0)
(0.9499999999997937 0.9749999999999323 0)
(0.9749999999999331 0.02499999999995651 0)
(0.974999999999932 0.0499999999999071 0)
(0.9749999999999313 0.07499999999986391 0)
(0.9749999999999303 0.09999999999982918 0)
(0.9749999999999296 0.1249999999997918 0)
(0.9749999999999285 0.1499999999997259 0)
(0.9749999999999275 0.1749999999996573 0)
(0.9749999999999266 0.1999999999995888 0)
(0.9749999999999256 0.2249999999995202 0)
(0.9749999999999244 0.2499999999994517 0)
(0.9749999999999239 0.2749999999993832 0)
(0.9749999999999225 0.2999999999993146 0)
(0.9749999999999219 0.3249999999992461 0)
(0.9749999999999208 0.3499999999991776 0)
(0.9749999999999197 0.374999999999109 0)
(0.9749999999999188 0.3999999999990403 0)
(0.9749999999999179 0.4249999999989719 0)
(0.9749999999999169 0.4499999999989033 0)
(0.9749999999999159 0.4749999999988348 0)
(0.9749999999999149 0.4999999999987763 0)
(0.9749999999999139 0.5249999999988261 0)
(0.9749999999999133 0.5499999999988863 0)
(0.974999999999912 0.574999999998946 0)
(0.9749999999999112 0.5999999999990062 0)
(0.9749999999999103 0.6249999999990661 0)
(0.9749999999999093 0.6499999999991258 0)
(0.9749999999999084 0.674999999999186 0)
(0.9749999999999077 0.6999999999992458 0)
(0.9749999999999065 0.7249999999993056 0)
(0.9749999999999056 0.7499999999993657 0)
(0.9749999999999045 0.7749999999994256 0)
(0.9749999999999035 0.7999999999994857 0)
(0.9749999999999028 0.8249999999995457 0)
(0.9749999999999018 0.8499999999996055 0)
(0.9749999999999007 0.874999999999666 0)
(0.9749999999998996 0.8999999999997323 0)
(0.9749999999998987 0.9249999999997992 0)
(0.9749999999998978 0.9499999999998663 0)
(0.9749999999998969 0.9749999999999331 0)
(0.02499999999995651 0.02500000000010038 0.1)
(0.02499999999996029 0.05000000000020038 0.1)
(0.02499999999996408 0.07500000000030078 0.1)
(0.02499999999996787 0.1000000000004011 0.1)
(0.02499999999997165 0.1250000000005017 0.1)
(0.02499999999997544 0.1500000000006014 0.1)
(0.02499999999997923 0.175000000000701 0.1)
(0.02499999999998301 0.2000000000008006 0.1)
(0.0249999999999868 0.2250000000009001 0.1)
(0.02499999999999058 0.2500000000009999 0.1)
(0.02499999999999437 0.2750000000010995 0.1)
(0.02499999999999816 0.3000000000011992 0.1)
(0.02500000000000194 0.3250000000012987 0.1)
(0.02500000000000572 0.3500000000013984 0.1)
(0.02500000000000951 0.375000000001498 0.1)
(0.0250000000000133 0.4000000000015977 0.1)
(0.02500000000001708 0.4250000000016972 0.1)
(0.02500000000002087 0.4500000000017969 0.1)
(0.02500000000002466 0.4750000000018966 0.1)
(0.02500000000002844 0.5000000000019753 0.1)
(0.02500000000003223 0.5250000000018286 0.1)
(0.02500000000003601 0.5500000000016614 0.1)
(0.0250000000000398 0.5750000000014938 0.1)
(0.02500000000004358 0.6000000000013264 0.1)
(0.02500000000004737 0.6250000000011591 0.1)
(0.02500000000005116 0.6500000000009915 0.1)
(0.02500000000005495 0.6750000000008243 0.1)
(0.02500000000005873 0.7000000000006567 0.1)
(0.02500000000006252 0.7250000000004891 0.1)
(0.0250000000000663 0.750000000000322 0.1)
(0.02500000000007009 0.7750000000001543 0.1)
(0.02500000000007388 0.7999999999999868 0.1)
(0.02500000000007766 0.8249999999998192 0.1)
(0.02500000000008144 0.8499999999996517 0.1)
(0.02500000000008523 0.8749999999995053 0.1)
(0.02500000000008902 0.8999999999995874 0.1)
(0.02500000000009281 0.9249999999996906 0.1)
(0.02500000000009659 0.9499999999997937 0.1)
(0.02500000000010038 0.9749999999998969 0.1)
(0.0499999999999071 0.02500000000009659 0.1)
(0.04999999999991482 0.05000000000019267 0.1)
(0.04999999999992254 0.07500000000028927 0.1)
(0.04999999999993025 0.1000000000003861 0.1)
(0.04999999999993798 0.1250000000004831 0.1)
(0.04999999999994569 0.1500000000005783 0.1)
(0.04999999999995341 0.1750000000006735 0.1)
(0.04999999999996113 0.2000000000007688 0.1)
(0.04999999999996885 0.2250000000008638 0.1)
(0.04999999999997655 0.2500000000009591 0.1)
(0.04999999999998428 0.2750000000010543 0.1)
(0.049999999999992 0.3000000000011495 0.1)
(0.04999999999999971 0.3250000000012447 0.1)
(0.05000000000000743 0.3500000000013399 0.1)
(0.05000000000001514 0.3750000000014352 0.1)
(0.05000000000002286 0.4000000000015305 0.1)
(0.05000000000003059 0.4250000000016256 0.1)
(0.05000000000003832 0.4500000000017207 0.1)
(0.05000000000004602 0.475000000001816 0.1)
(0.05000000000005375 0.5000000000018909 0.1)
(0.05000000000006145 0.5250000000017496 0.1)
(0.05000000000006917 0.5500000000015881 0.1)
(0.0500000000000769 0.5750000000014267 0.1)
(0.05000000000008462 0.6000000000012653 0.1)
(0.05000000000009233 0.625000000001104 0.1)
(0.05000000000010005 0.6500000000009425 0.1)
(0.05000000000010776 0.6750000000007813 0.1)
(0.05000000000011548 0.7000000000006197 0.1)
(0.0500000000001232 0.7250000000004581 0.1)
(0.05000000000013091 0.7500000000002965 0.1)
(0.05000000000013863 0.7750000000001352 0.1)
(0.05000000000014636 0.7999999999999735 0.1)
(0.05000000000015407 0.8249999999998122 0.1)
(0.05000000000016179 0.8499999999996505 0.1)
(0.05000000000016951 0.8749999999995096 0.1)
(0.05000000000017724 0.8999999999995911 0.1)
(0.05000000000018495 0.9249999999996935 0.1)
(0.05000000000019267 0.9499999999997956 0.1)
(0.05000000000020038 0.9749999999998978 0.1)
(0.07499999999986391 0.02500000000009281 0.1)
(0.07499999999987543 0.05000000000018495 0.1)
(0.07499999999988692 0.07500000000027778 0.1)
(0.07499999999989841 0.1000000000003711 0.1)
(0.07499999999990989 0.1250000000004643 0.1)
(0.07499999999992139 0.1500000000005553 0.1)
(0.07499999999993288 0.1750000000006461 0.1)
(0.0749999999999444 0.2000000000007369 0.1)
(0.07499999999995591 0.2250000000008275 0.1)
(0.07499999999996738 0.2500000000009184 0.1)
(0.07499999999997888 0.2750000000010091 0.1)
(0.07499999999999037 0.3000000000010999 0.1)
(0.07500000000000186 0.3250000000011907 0.1)
(0.07500000000001336 0.3500000000012815 0.1)
(0.07500000000002484 0.3750000000013723 0.1)
(0.07500000000003634 0.4000000000014631 0.1)
(0.07500000000004785 0.4250000000015539 0.1)
(0.07500000000005937 0.4500000000016445 0.1)
(0.07500000000007086 0.4750000000017354 0.1)
(0.07500000000008235 0.500000000001807 0.1)
(0.07500000000009384 0.5250000000016707 0.1)
(0.07500000000010533 0.5500000000015153 0.1)
(0.07500000000011682 0.5750000000013596 0.1)
(0.07500000000012831 0.6000000000012042 0.1)
(0.0750000000001398 0.6250000000010489 0.1)
(0.07500000000015132 0.6500000000008933 0.1)
(0.07500000000016281 0.6750000000007381 0.1)
(0.0750000000001743 0.7000000000005825 0.1)
(0.07500000000018582 0.725000000000427 0.1)
(0.07500000000019731 0.7500000000002717 0.1)
(0.0750000000002088 0.7750000000001162 0.1)
(0.07500000000022029 0.7999999999999605 0.1)
(0.07500000000023178 0.824999999999805 0.1)
(0.07500000000024327 0.8499999999996495 0.1)
(0.07500000000025477 0.8749999999995137 0.1)
(0.07500000000026628 0.899999999999595 0.1)
(0.07500000000027778 0.9249999999996964 0.1)
(0.07500000000028927 0.9499999999997975 0.1)
(0.07500000000030078 0.9749999999998988 0.1)
(0.09999999999982918 0.02500000000008901 0.1)
(0.09999999999984423 0.05000000000017724 0.1)
(0.09999999999985927 0.07500000000026626 0.1)
(0.09999999999987433 0.100000000000356 0.1)
(0.09999999999988939 0.1250000000004456 0.1)
(0.09999999999990443 0.1500000000005322 0.1)
(0.0999999999999195 0.1750000000006185 0.1)
(0.09999999999993456 0.2000000000007049 0.1)
(0.09999999999994959 0.2250000000007912 0.1)
(0.09999999999996463 0.2500000000008776 0.1)
(0.0999999999999797 0.275000000000964 0.1)
(0.09999999999999473 0.3000000000010504 0.1)
(0.1000000000000098 0.3250000000011367 0.1)
(0.1000000000000248 0.3500000000012231 0.1)
(0.1000000000000399 0.3750000000013095 0.1)
(0.1000000000000549 0.4000000000013959 0.1)
(0.10000000000007 0.4250000000014821 0.1)
(0.1000000000000851 0.4500000000015684 0.1)
(0.1000000000001001 0.4750000000016548 0.1)
(0.1000000000001151 0.5000000000017226 0.1)
(0.1000000000001302 0.5250000000015919 0.1)
(0.1000000000001453 0.5500000000014422 0.1)
(0.1000000000001603 0.5750000000012928 0.1)
(0.1000000000001754 0.6000000000011432 0.1)
(0.1000000000001904 0.6250000000009939 0.1)
(0.1000000000002055 0.6500000000008442 0.1)
(0.1000000000002205 0.675000000000695 0.1)
(0.1000000000002356 0.7000000000005454 0.1)
(0.1000000000002507 0.7250000000003959 0.1)
(0.1000000000002657 0.7500000000002464 0.1)
(0.1000000000002807 0.7750000000000968 0.1)
(0.1000000000002958 0.7999999999999473 0.1)
(0.1000000000003108 0.8249999999997979 0.1)
(0.1000000000003259 0.8499999999996481 0.1)
(0.1000000000003409 0.8749999999995182 0.1)
(0.100000000000356 0.8999999999995989 0.1)
(0.1000000000003711 0.9249999999996993 0.1)
(0.1000000000003861 0.9499999999997994 0.1)
(0.1000000000004011 0.9749999999998996 0.1)
(0.1249999999997918 0.02500000000008522 0.1)
(0.1249999999998105 0.05000000000016952 0.1)
(0.1249999999998292 0.07500000000025475 0.1)
(0.1249999999998478 0.1000000000003409 0.1)
(0.1249999999998665 0.125000000000427 0.1)
(0.1249999999998852 0.1500000000005093 0.1)
(0.1249999999999039 0.1750000000005912 0.1)
(0.1249999999999226 0.2000000000006731 0.1)
(0.1249999999999412 0.2250000000007549 0.1)
(0.1249999999999599 0.2500000000008369 0.1)
(0.1249999999999786 0.2750000000009188 0.1)
(0.1249999999999973 0.3000000000010007 0.1)
(0.125000000000016 0.3250000000010827 0.1)
(0.1250000000000347 0.3500000000011647 0.1)
(0.1250000000000533 0.3750000000012465 0.1)
(0.125000000000072 0.4000000000013285 0.1)
(0.1250000000000907 0.4250000000014104 0.1)
(0.1250000000001094 0.4500000000014923 0.1)
(0.1250000000001281 0.4750000000015742 0.1)
(0.1250000000001467 0.5000000000016387 0.1)
(0.1250000000001654 0.5250000000015128 0.1)
(0.1250000000001841 0.5500000000013692 0.1)
(0.1250000000002028 0.5750000000012255 0.1)
(0.1250000000002215 0.6000000000010821 0.1)
(0.1250000000002402 0.6250000000009388 0.1)
(0.1250000000002588 0.6500000000007951 0.1)
(0.1250000000002775 0.6750000000006519 0.1)
(0.1250000000002962 0.7000000000005083 0.1)
(0.1250000000003149 0.7250000000003648 0.1)
(0.1250000000003335 0.750000000000221 0.1)
(0.1250000000003522 0.7750000000000775 0.1)
(0.1250000000003709 0.799999999999934 0.1)
(0.1250000000003896 0.8249999999997906 0.1)
(0.1250000000004083 0.8499999999996468 0.1)
(0.125000000000427 0.8749999999995223 0.1)
(0.1250000000004456 0.8999999999996026 0.1)
(0.1250000000004643 0.9249999999997019 0.1)
(0.125000000000483 0.9499999999998014 0.1)
(0.1250000000005017 0.9749999999999009 0.1)
(0.1499999999997258 0.02500000000008145 0.1)
(0.1499999999997489 0.0500000000001618 0.1)
(0.149999999999772 0.07500000000024327 0.1)
(0.149999999999795 0.1000000000003259 0.1)
(0.149999999999818 0.1250000000004083 0.1)
(0.1499999999998411 0.1500000000004862 0.1)
(0.1499999999998641 0.1750000000005636 0.1)
(0.1499999999998871 0.2000000000006411 0.1)
(0.1499999999999102 0.2250000000007186 0.1)
(0.1499999999999332 0.2500000000007961 0.1)
(0.1499999999999563 0.2750000000008737 0.1)
(0.1499999999999793 0.3000000000009512 0.1)
(0.1500000000000023 0.3250000000010286 0.1)
(0.1500000000000254 0.3500000000011061 0.1)
(0.1500000000000484 0.3750000000011837 0.1)
(0.1500000000000715 0.4000000000012613 0.1)
(0.1500000000000945 0.4250000000013387 0.1)
(0.1500000000001176 0.4500000000014162 0.1)
(0.1500000000001406 0.4750000000014937 0.1)
(0.1500000000001636 0.5000000000015543 0.1)
(0.1500000000001867 0.5250000000014338 0.1)
(0.1500000000002097 0.5500000000012961 0.1)
(0.1500000000002328 0.5750000000011587 0.1)
(0.1500000000002558 0.600000000001021 0.1)
(0.1500000000002788 0.6250000000008837 0.1)
(0.1500000000003019 0.6500000000007461 0.1)
(0.1500000000003249 0.6750000000006087 0.1)
(0.1500000000003479 0.7000000000004709 0.1)
(0.150000000000371 0.7250000000003334 0.1)
(0.150000000000394 0.7500000000001961 0.1)
(0.150000000000417 0.7750000000000583 0.1)
(0.1500000000004401 0.7999999999999209 0.1)
(0.1500000000004631 0.8249999999997832 0.1)
(0.1500000000004861 0.8499999999996457 0.1)
(0.1500000000005092 0.8749999999995265 0.1)
(0.1500000000005322 0.8999999999996064 0.1)
(0.1500000000005553 0.9249999999997051 0.1)
(0.1500000000005783 0.9499999999998032 0.1)
(0.1500000000006014 0.9749999999999018 0.1)
(0.1749999999996573 0.02500000000007766 0.1)
(0.1749999999996848 0.05000000000015408 0.1)
(0.1749999999997122 0.07500000000023178 0.1)
(0.1749999999997397 0.1000000000003108 0.1)
(0.1749999999997672 0.1250000000003895 0.1)
(0.1749999999997947 0.1500000000004632 0.1)
(0.1749999999998222 0.1750000000005362 0.1)
(0.1749999999998497 0.2000000000006092 0.1)
(0.1749999999998771 0.2250000000006823 0.1)
(0.1749999999999045 0.2500000000007554 0.1)
(0.174999999999932 0.2750000000008285 0.1)
(0.1749999999999595 0.3000000000009015 0.1)
(0.1749999999999869 0.3250000000009746 0.1)
(0.1750000000000144 0.3500000000010477 0.1)
(0.1750000000000418 0.3750000000011207 0.1)
(0.1750000000000693 0.4000000000011939 0.1)
(0.1750000000000967 0.425000000001267 0.1)
(0.1750000000001243 0.45000000000134 0.1)
(0.1750000000001517 0.4750000000014131 0.1)
(0.1750000000001792 0.5000000000014702 0.1)
(0.1750000000002066 0.5250000000013547 0.1)
(0.1750000000002341 0.5500000000012231 0.1)
(0.1750000000002615 0.5750000000010914 0.1)
(0.1750000000002891 0.60000000000096 0.1)
(0.1750000000003165 0.6250000000008287 0.1)
(0.175000000000344 0.650000000000697 0.1)
(0.1750000000003714 0.6750000000005654 0.1)
(0.1750000000003989 0.7000000000004339 0.1)
(0.1750000000004264 0.7250000000003022 0.1)
(0.1750000000004538 0.7500000000001709 0.1)
(0.1750000000004812 0.7750000000000393 0.1)
(0.1750000000005087 0.7999999999999079 0.1)
(0.1750000000005362 0.8249999999997761 0.1)
(0.1750000000005636 0.8499999999996447 0.1)
(0.1750000000005912 0.8749999999995306 0.1)
(0.1750000000006186 0.8999999999996102 0.1)
(0.1750000000006461 0.9249999999997077 0.1)
(0.1750000000006735 0.9499999999998052 0.1)
(0.175000000000701 0.9749999999999028 0.1)
(0.1999999999995887 0.02500000000007388 0.1)
(0.1999999999996207 0.05000000000014634 0.1)
(0.1999999999996526 0.07500000000022029 0.1)
(0.1999999999996845 0.1000000000002958 0.1)
(0.1999999999997164 0.1250000000003709 0.1)
(0.1999999999997482 0.1500000000004401 0.1)
(0.1999999999997801 0.1750000000005087 0.1)
(0.199999999999812 0.2000000000005774 0.1)
(0.1999999999998439 0.2250000000006459 0.1)
(0.1999999999998758 0.2500000000007147 0.1)
(0.1999999999999077 0.2750000000007833 0.1)
(0.1999999999999396 0.3000000000008519 0.1)
(0.1999999999999715 0.3250000000009206 0.1)
(0.2000000000000034 0.3500000000009893 0.1)
(0.2000000000000352 0.3750000000010579 0.1)
(0.2000000000000671 0.4000000000011267 0.1)
(0.200000000000099 0.4250000000011951 0.1)
(0.2000000000001309 0.4500000000012638 0.1)
(0.2000000000001628 0.4750000000013325 0.1)
(0.2000000000001947 0.500000000001386 0.1)
(0.2000000000002266 0.5250000000012757 0.1)
(0.2000000000002585 0.55000000000115 0.1)
(0.2000000000002904 0.5750000000010244 0.1)
(0.2000000000003223 0.6000000000008989 0.1)
(0.2000000000003542 0.6250000000007736 0.1)
(0.200000000000386 0.6500000000006477 0.1)
(0.2000000000004179 0.6750000000005223 0.1)
(0.2000000000004498 0.700000000000397 0.1)
(0.2000000000004817 0.7250000000002711 0.1)
(0.2000000000005136 0.7500000000001459 0.1)
(0.2000000000005455 0.7750000000000202 0.1)
(0.2000000000005774 0.7999999999998945 0.1)
(0.2000000000006093 0.824999999999769 0.1)
(0.2000000000006412 0.8499999999996433 0.1)
(0.200000000000673 0.8749999999995351 0.1)
(0.2000000000007049 0.899999999999614 0.1)
(0.2000000000007369 0.9249999999997107 0.1)
(0.2000000000007687 0.949999999999807 0.1)
(0.2000000000008006 0.9749999999999037 0.1)
(0.2249999999995203 0.02500000000007009 0.1)
(0.2249999999995566 0.05000000000013863 0.1)
(0.2249999999995929 0.07500000000020882 0.1)
(0.2249999999996292 0.1000000000002807 0.1)
(0.2249999999996655 0.1250000000003522 0.1)
(0.2249999999997018 0.150000000000417 0.1)
(0.2249999999997381 0.1750000000004812 0.1)
(0.2249999999997745 0.2000000000005455 0.1)
(0.2249999999998107 0.2250000000006096 0.1)
(0.224999999999847 0.2500000000006739 0.1)
(0.2249999999998834 0.2750000000007382 0.1)
(0.2249999999999197 0.3000000000008024 0.1)
(0.224999999999956 0.3250000000008667 0.1)
(0.2249999999999924 0.3500000000009308 0.1)
(0.2250000000000286 0.375000000000995 0.1)
(0.225000000000065 0.4000000000010593 0.1)
(0.2250000000001013 0.4250000000011234 0.1)
(0.2250000000001375 0.4500000000011877 0.1)
(0.2250000000001739 0.4750000000012519 0.1)
(0.2250000000002102 0.5000000000013016 0.1)
(0.2250000000002465 0.5250000000011966 0.1)
(0.2250000000002828 0.550000000001077 0.1)
(0.2250000000003191 0.5750000000009576 0.1)
(0.2250000000003554 0.6000000000008379 0.1)
(0.2250000000003918 0.6250000000007185 0.1)
(0.2250000000004281 0.6500000000005989 0.1)
(0.2250000000004644 0.6750000000004792 0.1)
(0.2250000000005007 0.7000000000003596 0.1)
(0.225000000000537 0.7250000000002401 0.1)
(0.2250000000005734 0.7500000000001207 0.1)
(0.2250000000006097 0.775000000000001 0.1)
(0.225000000000646 0.7999999999998811 0.1)
(0.2250000000006823 0.8249999999997618 0.1)
(0.2250000000007186 0.8499999999996422 0.1)
(0.2250000000007549 0.8749999999995393 0.1)
(0.2250000000007912 0.8999999999996181 0.1)
(0.2250000000008275 0.9249999999997136 0.1)
(0.2250000000008638 0.949999999999809 0.1)
(0.2250000000009001 0.9749999999999045 0.1)
(0.2499999999994517 0.0250000000000663 0.1)
(0.2499999999994924 0.05000000000013093 0.1)
(0.2499999999995332 0.07500000000019731 0.1)
(0.249999999999574 0.1000000000002657 0.1)
(0.2499999999996146 0.1250000000003335 0.1)
(0.2499999999996554 0.150000000000394 0.1)
(0.2499999999996961 0.1750000000004538 0.1)
(0.2499999999997369 0.2000000000005136 0.1)
(0.2499999999997776 0.2250000000005733 0.1)
(0.2499999999998184 0.2500000000006332 0.1)
(0.2499999999998591 0.275000000000693 0.1)
(0.2499999999998999 0.3000000000007528 0.1)
(0.2499999999999406 0.3250000000008126 0.1)
(0.2499999999999813 0.3500000000008723 0.1)
(0.2500000000000221 0.3750000000009323 0.1)
(0.2500000000000628 0.4000000000009921 0.1)
(0.2500000000001036 0.4250000000010518 0.1)
(0.2500000000001443 0.4500000000011116 0.1)
(0.2500000000001851 0.4750000000011714 0.1)
(0.2500000000002257 0.5000000000012177 0.1)
(0.2500000000002666 0.5250000000011176 0.1)
(0.2500000000003073 0.5500000000010041 0.1)
(0.2500000000003479 0.5750000000008905 0.1)
(0.2500000000003888 0.6000000000007768 0.1)
(0.2500000000004295 0.6250000000006635 0.1)
(0.2500000000004703 0.6500000000005496 0.1)
(0.2500000000005109 0.6750000000004361 0.1)
(0.2500000000005517 0.7000000000003227 0.1)
(0.2500000000005924 0.7250000000002089 0.1)
(0.2500000000006332 0.7500000000000954 0.1)
(0.2500000000006739 0.7749999999999816 0.1)
(0.2500000000007147 0.7999999999998683 0.1)
(0.2500000000007554 0.8249999999997546 0.1)
(0.2500000000007961 0.8499999999996408 0.1)
(0.2500000000008369 0.8749999999995435 0.1)
(0.2500000000008776 0.8999999999996218 0.1)
(0.2500000000009184 0.9249999999997162 0.1)
(0.2500000000009591 0.9499999999998108 0.1)
(0.2500000000009999 0.9749999999999053 0.1)
(0.2749999999993832 0.02500000000006251 0.1)
(0.2749999999994283 0.0500000000001232 0.1)
(0.2749999999994734 0.07500000000018582 0.1)
(0.2749999999995186 0.1000000000002507 0.1)
(0.2749999999995638 0.1250000000003148 0.1)
(0.274999999999609 0.150000000000371 0.1)
(0.2749999999996542 0.1750000000004263 0.1)
(0.2749999999996994 0.2000000000004817 0.1)
(0.2749999999997444 0.225000000000537 0.1)
(0.2749999999997896 0.2500000000005925 0.1)
(0.2749999999998348 0.2750000000006478 0.1)
(0.27499999999988 0.3000000000007031 0.1)
(0.2749999999999252 0.3250000000007585 0.1)
(0.2749999999999704 0.350000000000814 0.1)
(0.2750000000000155 0.3750000000008694 0.1)
(0.2750000000000608 0.4000000000009248 0.1)
(0.2750000000001058 0.4250000000009801 0.1)
(0.275000000000151 0.4500000000010355 0.1)
(0.2750000000001962 0.4750000000010908 0.1)
(0.2750000000002413 0.5000000000011333 0.1)
(0.2750000000002865 0.5250000000010385 0.1)
(0.2750000000003316 0.5500000000009311 0.1)
(0.2750000000003768 0.5750000000008234 0.1)
(0.275000000000422 0.6000000000007157 0.1)
(0.2750000000004672 0.6250000000006084 0.1)
(0.2750000000005123 0.6500000000005007 0.1)
(0.2750000000005575 0.6750000000003931 0.1)
(0.2750000000006027 0.7000000000002854 0.1)
(0.2750000000006478 0.7250000000001778 0.1)
(0.275000000000693 0.7500000000000704 0.1)
(0.2750000000007382 0.7749999999999625 0.1)
(0.2750000000007833 0.7999999999998549 0.1)
(0.2750000000008285 0.8249999999997473 0.1)
(0.2750000000008737 0.8499999999996397 0.1)
(0.2750000000009188 0.8749999999995477 0.1)
(0.275000000000964 0.8999999999996255 0.1)
(0.2750000000010091 0.9249999999997193 0.1)
(0.2750000000010544 0.9499999999998128 0.1)
(0.2750000000010995 0.9749999999999064 0.1)
(0.2999999999993146 0.02500000000005873 0.1)
(0.2999999999993643 0.05000000000011548 0.1)
(0.2999999999994137 0.0750000000001743 0.1)
(0.2999999999994635 0.1000000000002356 0.1)
(0.299999999999513 0.1250000000002962 0.1)
(0.2999999999995626 0.1500000000003479 0.1)
(0.2999999999996121 0.1750000000003989 0.1)
(0.2999999999996618 0.2000000000004498 0.1)
(0.2999999999997113 0.2250000000005007 0.1)
(0.2999999999997609 0.2500000000005517 0.1)
(0.2999999999998105 0.2750000000006027 0.1)
(0.29999999999986 0.3000000000006536 0.1)
(0.2999999999999097 0.3250000000007046 0.1)
(0.2999999999999593 0.3500000000007554 0.1)
(0.3000000000000088 0.3750000000008064 0.1)
(0.3000000000000586 0.4000000000008574 0.1)
(0.3000000000001081 0.4250000000009084 0.1)
(0.3000000000001577 0.4500000000009593 0.1)
(0.3000000000002073 0.4750000000010102 0.1)
(0.3000000000002568 0.5000000000010494 0.1)
(0.3000000000003064 0.5250000000009595 0.1)
(0.3000000000003561 0.550000000000858 0.1)
(0.3000000000004056 0.5750000000007566 0.1)
(0.3000000000004552 0.6000000000006547 0.1)
(0.3000000000005049 0.6250000000005533 0.1)
(0.3000000000005544 0.6500000000004514 0.1)
(0.300000000000604 0.67500000000035 0.1)
(0.3000000000006536 0.7000000000002483 0.1)
(0.3000000000007031 0.7250000000001467 0.1)
(0.3000000000007528 0.7500000000000452 0.1)
(0.3000000000008024 0.7749999999999434 0.1)
(0.3000000000008519 0.7999999999998416 0.1)
(0.3000000000009015 0.8249999999997402 0.1)
(0.3000000000009512 0.8499999999996384 0.1)
(0.3000000000010008 0.8749999999995519 0.1)
(0.3000000000010503 0.8999999999996293 0.1)
(0.3000000000010999 0.924999999999722 0.1)
(0.3000000000011495 0.9499999999998148 0.1)
(0.3000000000011992 0.9749999999999074 0.1)
(0.3249999999992459 0.02500000000005495 0.1)
(0.3249999999993001 0.05000000000010776 0.1)
(0.3249999999993541 0.07500000000016281 0.1)
(0.3249999999994082 0.1000000000002205 0.1)
(0.3249999999994621 0.1250000000002775 0.1)
(0.3249999999995162 0.1500000000003249 0.1)
(0.3249999999995701 0.1750000000003715 0.1)
(0.3249999999996242 0.2000000000004179 0.1)
(0.3249999999996783 0.2250000000004643 0.1)
(0.3249999999997322 0.2500000000005109 0.1)
(0.3249999999997862 0.2750000000005575 0.1)
(0.3249999999998403 0.300000000000604 0.1)
(0.3249999999998944 0.3250000000006505 0.1)
(0.3249999999999482 0.3500000000006971 0.1)
(0.3250000000000022 0.3750000000007436 0.1)
(0.3250000000000564 0.4000000000007902 0.1)
(0.3250000000001103 0.4250000000008367 0.1)
(0.3250000000001644 0.4500000000008832 0.1)
(0.3250000000002184 0.4750000000009296 0.1)
(0.3250000000002723 0.500000000000965 0.1)
(0.3250000000003264 0.5250000000008804 0.1)
(0.3250000000003805 0.5500000000007848 0.1)
(0.3250000000004344 0.5750000000006894 0.1)
(0.3250000000004885 0.6000000000005936 0.1)
(0.3250000000005425 0.625000000000498 0.1)
(0.3250000000005965 0.6500000000004024 0.1)
(0.3250000000006505 0.6750000000003069 0.1)
(0.3250000000007046 0.7000000000002113 0.1)
(0.3250000000007586 0.7250000000001154 0.1)
(0.3250000000008126 0.75000000000002 0.1)
(0.3250000000008667 0.7749999999999244 0.1)
(0.3250000000009206 0.7999999999998285 0.1)
(0.3250000000009746 0.8249999999997328 0.1)
(0.3250000000010287 0.849999999999637 0.1)
(0.3250000000010827 0.8749999999995562 0.1)
(0.3250000000011367 0.8999999999996331 0.1)
(0.3250000000011907 0.924999999999725 0.1)
(0.3250000000012448 0.9499999999998165 0.1)
(0.3250000000012987 0.9749999999999084 0.1)
(0.3499999999991775 0.02500000000005115 0.1)
(0.349999999999236 0.05000000000010005 0.1)
(0.3499999999992945 0.07500000000015131 0.1)
(0.3499999999993529 0.1000000000002055 0.1)
(0.3499999999994113 0.1250000000002588 0.1)
(0.3499999999994697 0.1500000000003019 0.1)
(0.3499999999995282 0.175000000000344 0.1)
(0.3499999999995865 0.200000000000386 0.1)
(0.349999999999645 0.2250000000004281 0.1)
(0.3499999999997035 0.2500000000004702 0.1)
(0.3499999999997621 0.2750000000005124 0.1)
(0.3499999999998204 0.3000000000005544 0.1)
(0.3499999999998789 0.3250000000005965 0.1)
(0.3499999999999373 0.3500000000006386 0.1)
(0.3499999999999956 0.3750000000006806 0.1)
(0.3500000000000542 0.4000000000007228 0.1)
(0.3500000000001126 0.4250000000007649 0.1)
(0.350000000000171 0.450000000000807 0.1)
(0.3500000000002295 0.4750000000008491 0.1)
(0.3500000000002879 0.5000000000008809 0.1)
(0.3500000000003464 0.5250000000008014 0.1)
(0.3500000000004048 0.5500000000007119 0.1)
(0.3500000000004632 0.5750000000006223 0.1)
(0.3500000000005217 0.6000000000005326 0.1)
(0.3500000000005801 0.6250000000004432 0.1)
(0.3500000000006386 0.6500000000003533 0.1)
(0.350000000000697 0.6750000000002638 0.1)
(0.3500000000007554 0.7000000000001738 0.1)
(0.3500000000008139 0.7250000000000842 0.1)
(0.3500000000008724 0.7499999999999949 0.1)
(0.3500000000009308 0.7749999999999051 0.1)
(0.3500000000009892 0.7999999999998153 0.1)
(0.3500000000010477 0.8249999999997256 0.1)
(0.3500000000011061 0.8499999999996362 0.1)
(0.3500000000011646 0.8749999999995604 0.1)
(0.350000000001223 0.899999999999637 0.1)
(0.3500000000012815 0.9249999999997276 0.1)
(0.3500000000013399 0.9499999999998185 0.1)
(0.3500000000013984 0.9749999999999093 0.1)
(0.374999999999109 0.02500000000004737 0.1)
(0.3749999999991719 0.05000000000009233 0.1)
(0.3749999999992348 0.0750000000001398 0.1)
(0.3749999999992975 0.1000000000001904 0.1)
(0.3749999999993605 0.1250000000002401 0.1)
(0.3749999999994233 0.1500000000002788 0.1)
(0.3749999999994861 0.1750000000003165 0.1)
(0.3749999999995491 0.2000000000003541 0.1)
(0.3749999999996119 0.2250000000003917 0.1)
(0.3749999999996748 0.2500000000004294 0.1)
(0.3749999999997376 0.2750000000004671 0.1)
(0.3749999999998005 0.3000000000005049 0.1)
(0.3749999999998636 0.3250000000005425 0.1)
(0.3749999999999262 0.3500000000005802 0.1)
(0.3749999999999891 0.3750000000006178 0.1)
(0.375000000000052 0.4000000000006556 0.1)
(0.3750000000001148 0.4250000000006933 0.1)
(0.3750000000001777 0.4500000000007308 0.1)
(0.3750000000002406 0.4750000000007685 0.1)
(0.3750000000003034 0.5000000000007967 0.1)
(0.3750000000003663 0.5250000000007223 0.1)
(0.3750000000004292 0.5500000000006389 0.1)
(0.3750000000004921 0.5750000000005552 0.1)
(0.3750000000005549 0.6000000000004715 0.1)
(0.3750000000006178 0.6250000000003879 0.1)
(0.3750000000006807 0.650000000000304 0.1)
(0.3750000000007436 0.6750000000002205 0.1)
(0.3750000000008064 0.7000000000001372 0.1)
(0.3750000000008694 0.7250000000000532 0.1)
(0.3750000000009322 0.7499999999999698 0.1)
(0.375000000000995 0.7749999999998857 0.1)
(0.3750000000010579 0.7999999999998022 0.1)
(0.3750000000011207 0.8249999999997184 0.1)
(0.3750000000011837 0.8499999999996349 0.1)
(0.3750000000012465 0.8749999999995646 0.1)
(0.3750000000013095 0.8999999999996406 0.1)
(0.3750000000013723 0.9249999999997307 0.1)
(0.3750000000014351 0.9499999999998205 0.1)
(0.375000000001498 0.9749999999999104 0.1)
(0.3999999999990404 0.02500000000004358 0.1)
(0.3999999999991077 0.05000000000008462 0.1)
(0.3999999999991751 0.0750000000001283 0.1)
(0.3999999999992422 0.1000000000001754 0.1)
(0.3999999999993096 0.1250000000002215 0.1)
(0.3999999999993768 0.1500000000002558 0.1)
(0.3999999999994442 0.175000000000289 0.1)
(0.3999999999995115 0.2000000000003223 0.1)
(0.3999999999995788 0.2250000000003554 0.1)
(0.3999999999996461 0.2500000000003887 0.1)
(0.3999999999997134 0.275000000000422 0.1)
(0.3999999999997807 0.3000000000004552 0.1)
(0.399999999999848 0.3250000000004885 0.1)
(0.3999999999999154 0.3500000000005217 0.1)
(0.3999999999999826 0.3750000000005549 0.1)
(0.4000000000000499 0.4000000000005882 0.1)
(0.4000000000001171 0.4250000000006215 0.1)
(0.4000000000001844 0.4500000000006548 0.1)
(0.4000000000002518 0.475000000000688 0.1)
(0.4000000000003192 0.5000000000007125 0.1)
(0.4000000000003863 0.5250000000006435 0.1)
(0.4000000000004537 0.5500000000005658 0.1)
(0.400000000000521 0.5750000000004883 0.1)
(0.4000000000005883 0.6000000000004104 0.1)
(0.4000000000006555 0.6250000000003328 0.1)
(0.4000000000007228 0.6500000000002552 0.1)
(0.4000000000007901 0.6750000000001777 0.1)
(0.4000000000008574 0.7000000000000997 0.1)
(0.4000000000009248 0.7250000000000218 0.1)
(0.400000000000992 0.7499999999999443 0.1)
(0.4000000000010593 0.7749999999998667 0.1)
(0.4000000000011266 0.7999999999997891 0.1)
(0.400000000001194 0.8249999999997113 0.1)
(0.4000000000012613 0.8499999999996336 0.1)
(0.4000000000013286 0.8749999999995687 0.1)
(0.4000000000013959 0.8999999999996446 0.1)
(0.4000000000014631 0.9249999999997334 0.1)
(0.4000000000015304 0.9499999999998223 0.1)
(0.4000000000015976 0.974999999999911 0.1)
(0.4249999999989718 0.0250000000000398 0.1)
(0.4249999999990435 0.0500000000000769 0.1)
(0.4249999999991153 0.07500000000011682 0.1)
(0.4249999999991871 0.1000000000001603 0.1)
(0.4249999999992586 0.1250000000002028 0.1)
(0.4249999999993305 0.1500000000002328 0.1)
(0.4249999999994021 0.1750000000002615 0.1)
(0.4249999999994739 0.2000000000002904 0.1)
(0.4249999999995456 0.2250000000003191 0.1)
(0.4249999999996174 0.2500000000003481 0.1)
(0.4249999999996891 0.2750000000003768 0.1)
(0.4249999999997608 0.3000000000004056 0.1)
(0.4249999999998326 0.3250000000004345 0.1)
(0.4249999999999042 0.3500000000004632 0.1)
(0.424999999999976 0.3750000000004921 0.1)
(0.4250000000000476 0.400000000000521 0.1)
(0.4250000000001194 0.4250000000005497 0.1)
(0.4250000000001912 0.4500000000005784 0.1)
(0.4250000000002629 0.4750000000006074 0.1)
(0.4250000000003346 0.5000000000006284 0.1)
(0.4250000000004063 0.5250000000005647 0.1)
(0.4250000000004781 0.5500000000004928 0.1)
(0.4250000000005498 0.5750000000004213 0.1)
(0.4250000000006213 0.6000000000003496 0.1)
(0.4250000000006933 0.6250000000002778 0.1)
(0.4250000000007648 0.650000000000206 0.1)
(0.4250000000008367 0.6750000000001344 0.1)
(0.4250000000009084 0.7000000000000628 0.1)
(0.42500000000098 0.7249999999999909 0.1)
(0.4250000000010518 0.7499999999999194 0.1)
(0.4250000000011236 0.7749999999998475 0.1)
(0.4250000000011953 0.7999999999997758 0.1)
(0.4250000000012669 0.8249999999997042 0.1)
(0.4250000000013387 0.8499999999996324 0.1)
(0.4250000000014104 0.8749999999995732 0.1)
(0.4250000000014821 0.8999999999996484 0.1)
(0.4250000000015539 0.9249999999997363 0.1)
(0.4250000000016256 0.9499999999998243 0.1)
(0.4250000000016973 0.9749999999999122 0.1)
(0.4499999999989033 0.02500000000003602 0.1)
(0.4499999999989796 0.05000000000006918 0.1)
(0.4499999999990556 0.07500000000010533 0.1)
(0.4499999999991317 0.1000000000001453 0.1)
(0.4499999999992078 0.1250000000001841 0.1)
(0.4499999999992841 0.1500000000002097 0.1)
(0.4499999999993601 0.1750000000002341 0.1)
(0.4499999999994363 0.2000000000002585 0.1)
(0.4499999999995125 0.2250000000002828 0.1)
(0.4499999999995886 0.2500000000003072 0.1)
(0.4499999999996648 0.2750000000003316 0.1)
(0.4499999999997409 0.3000000000003561 0.1)
(0.449999999999817 0.3250000000003804 0.1)
(0.4499999999998933 0.3500000000004048 0.1)
(0.4499999999999693 0.3750000000004293 0.1)
(0.4500000000000456 0.4000000000004537 0.1)
(0.4500000000001217 0.4250000000004781 0.1)
(0.4500000000001978 0.4500000000005023 0.1)
(0.4500000000002738 0.4750000000005268 0.1)
(0.4500000000003501 0.500000000000544 0.1)
(0.4500000000004263 0.5250000000004854 0.1)
(0.4500000000005023 0.5500000000004197 0.1)
(0.4500000000005785 0.5750000000003542 0.1)
(0.4500000000006547 0.6000000000002883 0.1)
(0.4500000000007308 0.6250000000002227 0.1)
(0.450000000000807 0.650000000000157 0.1)
(0.4500000000008831 0.6750000000000913 0.1)
(0.4500000000009593 0.7000000000000256 0.1)
(0.4500000000010355 0.7249999999999598 0.1)
(0.4500000000011116 0.7499999999998942 0.1)
(0.4500000000011878 0.7749999999998284 0.1)
(0.4500000000012638 0.7999999999997626 0.1)
(0.4500000000013401 0.8249999999996971 0.1)
(0.4500000000014162 0.8499999999996311 0.1)
(0.4500000000014923 0.8749999999995772 0.1)
(0.4500000000015684 0.8999999999996522 0.1)
(0.4500000000016445 0.9249999999997394 0.1)
(0.4500000000017207 0.9499999999998261 0.1)
(0.4500000000017969 0.9749999999999132 0.1)
(0.4749999999988348 0.02500000000003223 0.1)
(0.4749999999989153 0.05000000000006147 0.1)
(0.474999999998996 0.07500000000009384 0.1)
(0.4749999999990764 0.1000000000001302 0.1)
(0.4749999999991571 0.1250000000001654 0.1)
(0.4749999999992377 0.1500000000001866 0.1)
(0.4749999999993182 0.1750000000002066 0.1)
(0.4749999999993988 0.2000000000002266 0.1)
(0.4749999999994793 0.2250000000002465 0.1)
(0.4749999999995599 0.2500000000002666 0.1)
(0.4749999999996406 0.2750000000002865 0.1)
(0.474999999999721 0.3000000000003065 0.1)
(0.4749999999998016 0.3250000000003264 0.1)
(0.4749999999998822 0.3500000000003464 0.1)
(0.4749999999999628 0.3750000000003664 0.1)
(0.4750000000000434 0.4000000000003864 0.1)
(0.4750000000001239 0.4250000000004063 0.1)
(0.4750000000002045 0.4500000000004263 0.1)
(0.4750000000002851 0.4750000000004462 0.1)
(0.4750000000003657 0.5000000000004601 0.1)
(0.4750000000004462 0.5250000000004066 0.1)
(0.4750000000005268 0.5500000000003467 0.1)
(0.4750000000006074 0.5750000000002872 0.1)
(0.475000000000688 0.6000000000002272 0.1)
(0.4750000000007684 0.6250000000001676 0.1)
(0.4750000000008491 0.6500000000001077 0.1)
(0.4750000000009297 0.6750000000000482 0.1)
(0.4750000000010102 0.6999999999999883 0.1)
(0.4750000000010908 0.7249999999999287 0.1)
(0.4750000000011714 0.7499999999998689 0.1)
(0.4750000000012519 0.7749999999998093 0.1)
(0.4750000000013326 0.7999999999997492 0.1)
(0.4750000000014131 0.8249999999996898 0.1)
(0.4750000000014937 0.8499999999996299 0.1)
(0.4750000000015742 0.8749999999995814 0.1)
(0.4750000000016548 0.8999999999996562 0.1)
(0.4750000000017354 0.9249999999997421 0.1)
(0.475000000001816 0.9499999999998281 0.1)
(0.4750000000018965 0.9749999999999142 0.1)
(0.4999999999987763 0.02500000000002844 0.1)
(0.4999999999988605 0.05000000000005374 0.1)
(0.4999999999989446 0.07500000000008235 0.1)
(0.4999999999990289 0.1000000000001151 0.1)
(0.499999999999113 0.1250000000001467 0.1)
(0.4999999999991973 0.1500000000001636 0.1)
(0.4999999999992815 0.1750000000001792 0.1)
(0.4999999999993656 0.2000000000001947 0.1)
(0.4999999999994498 0.2250000000002102 0.1)
(0.4999999999995339 0.2500000000002257 0.1)
(0.4999999999996181 0.2750000000002413 0.1)
(0.4999999999997022 0.3000000000002568 0.1)
(0.4999999999997864 0.3250000000002725 0.1)
(0.4999999999998705 0.350000000000288 0.1)
(0.4999999999999547 0.3750000000003035 0.1)
(0.5000000000000391 0.4000000000003192 0.1)
(0.5000000000001232 0.4250000000003346 0.1)
(0.5000000000002074 0.4500000000003501 0.1)
(0.5000000000002915 0.4750000000003656 0.1)
(0.5000000000003757 0.5000000000003757 0.1)
(0.5000000000004601 0.5250000000003275 0.1)
(0.5000000000005442 0.5500000000002736 0.1)
(0.5000000000006284 0.5750000000002201 0.1)
(0.5000000000007125 0.6000000000001662 0.1)
(0.5000000000007967 0.6250000000001126 0.1)
(0.5000000000008809 0.6500000000000589 0.1)
(0.500000000000965 0.6750000000000049 0.1)
(0.5000000000010492 0.6999999999999514 0.1)
(0.5000000000011333 0.7249999999998976 0.1)
(0.5000000000012177 0.749999999999844 0.1)
(0.5000000000013018 0.7749999999997902 0.1)
(0.500000000001386 0.7999999999997364 0.1)
(0.5000000000014702 0.8249999999996824 0.1)
(0.5000000000015543 0.8499999999996286 0.1)
(0.5000000000016385 0.8749999999995857 0.1)
(0.5000000000017226 0.89999999999966 0.1)
(0.500000000001807 0.924999999999745 0.1)
(0.5000000000018912 0.9499999999998299 0.1)
(0.5000000000019753 0.9749999999999152 0.1)
(0.5249999999988261 0.02500000000002465 0.1)
(0.5249999999989052 0.05000000000004602 0.1)
(0.5249999999989842 0.07500000000007086 0.1)
(0.5249999999990632 0.1000000000001001 0.1)
(0.5249999999991423 0.1250000000001281 0.1)
(0.5249999999992213 0.1500000000001405 0.1)
(0.5249999999993001 0.1750000000001517 0.1)
(0.5249999999993792 0.2000000000001628 0.1)
(0.5249999999994582 0.2250000000001739 0.1)
(0.5249999999995373 0.2500000000001851 0.1)
(0.5249999999996161 0.2750000000001962 0.1)
(0.5249999999996954 0.3000000000002073 0.1)
(0.5249999999997742 0.3250000000002184 0.1)
(0.5249999999998533 0.3500000000002295 0.1)
(0.5249999999999323 0.3750000000002405 0.1)
(0.5250000000000113 0.4000000000002518 0.1)
(0.5250000000000904 0.4250000000002629 0.1)
(0.5250000000001694 0.450000000000274 0.1)
(0.5250000000002485 0.4750000000002851 0.1)
(0.5250000000003273 0.5000000000002915 0.1)
(0.5250000000004066 0.5250000000002485 0.1)
(0.5250000000004854 0.5500000000002008 0.1)
(0.5250000000005645 0.5750000000001531 0.1)
(0.5250000000006435 0.6000000000001051 0.1)
(0.5250000000007226 0.6250000000000575 0.1)
(0.5250000000008014 0.6500000000000096 0.1)
(0.5250000000008804 0.6749999999999619 0.1)
(0.5250000000009595 0.6999999999999141 0.1)
(0.5250000000010385 0.7249999999998665 0.1)
(0.5250000000011176 0.7499999999998187 0.1)
(0.5250000000011966 0.7749999999997709 0.1)
(0.5250000000012757 0.799999999999723 0.1)
(0.5250000000013545 0.8249999999996753 0.1)
(0.5250000000014338 0.8499999999996275 0.1)
(0.5250000000015126 0.8749999999995901 0.1)
(0.5250000000015916 0.8999999999996637 0.1)
(0.5250000000016707 0.9249999999997477 0.1)
(0.5250000000017497 0.9499999999998319 0.1)
(0.5250000000018288 0.9749999999999159 0.1)
(0.5499999999988863 0.02500000000002087 0.1)
(0.5499999999989591 0.05000000000003831 0.1)
(0.5499999999990322 0.07500000000005937 0.1)
(0.5499999999991052 0.1000000000000851 0.1)
(0.5499999999991783 0.1250000000001093 0.1)
(0.5499999999992513 0.1500000000001176 0.1)
(0.5499999999993244 0.1750000000001242 0.1)
(0.5499999999993974 0.2000000000001309 0.1)
(0.5499999999994705 0.2250000000001376 0.1)
(0.5499999999995435 0.2500000000001442 0.1)
(0.5499999999996164 0.275000000000151 0.1)
(0.5499999999996894 0.3000000000001577 0.1)
(0.5499999999997625 0.3250000000001643 0.1)
(0.5499999999998355 0.350000000000171 0.1)
(0.5499999999999086 0.3750000000001777 0.1)
(0.5499999999999816 0.4000000000001845 0.1)
(0.5500000000000547 0.4250000000001912 0.1)
(0.5500000000001275 0.4500000000001978 0.1)
(0.5500000000002008 0.4750000000002045 0.1)
(0.5500000000002736 0.5000000000002074 0.1)
(0.5500000000003467 0.5250000000001694 0.1)
(0.5500000000004197 0.5500000000001275 0.1)
(0.5500000000004928 0.575000000000086 0.1)
(0.5500000000005658 0.6000000000000441 0.1)
(0.5500000000006389 0.6250000000000024 0.1)
(0.5500000000007119 0.6499999999999607 0.1)
(0.550000000000785 0.6749999999999188 0.1)
(0.550000000000858 0.6999999999998771 0.1)
(0.5500000000009311 0.7249999999998352 0.1)
(0.5500000000010041 0.7499999999997934 0.1)
(0.550000000001077 0.7749999999997516 0.1)
(0.55000000000115 0.7999999999997097 0.1)
(0.5500000000012231 0.8249999999996682 0.1)
(0.5500000000012961 0.8499999999996264 0.1)
(0.5500000000013692 0.8749999999995943 0.1)
(0.5500000000014422 0.8999999999996675 0.1)
(0.5500000000015153 0.9249999999997508 0.1)
(0.5500000000015883 0.9499999999998339 0.1)
(0.5500000000016614 0.974999999999917 0.1)
(0.574999999998946 0.02500000000001709 0.1)
(0.5749999999990131 0.05000000000003059 0.1)
(0.5749999999990804 0.07500000000004788 0.1)
(0.5749999999991474 0.10000000000007 0.1)
(0.5749999999992145 0.1250000000000907 0.1)
(0.5749999999992813 0.1500000000000945 0.1)
(0.5749999999993484 0.1750000000000968 0.1)
(0.5749999999994154 0.200000000000099 0.1)
(0.5749999999994826 0.2250000000001012 0.1)
(0.5749999999995495 0.2500000000001036 0.1)
(0.5749999999996166 0.2750000000001058 0.1)
(0.5749999999996837 0.3000000000001081 0.1)
(0.5749999999997506 0.3250000000001104 0.1)
(0.5749999999998177 0.3500000000001126 0.1)
(0.5749999999998846 0.3750000000001149 0.1)
(0.5749999999999519 0.4000000000001171 0.1)
(0.5750000000000189 0.4250000000001194 0.1)
(0.575000000000086 0.4500000000001216 0.1)
(0.5750000000001531 0.4750000000001239 0.1)
(0.5750000000002201 0.5000000000001232 0.1)
(0.5750000000002872 0.5250000000000904 0.1)
(0.575000000000354 0.5500000000000547 0.1)
(0.5750000000004211 0.5750000000000189 0.1)
(0.5750000000004881 0.599999999999983 0.1)
(0.5750000000005552 0.6249999999999472 0.1)
(0.5750000000006222 0.6499999999999114 0.1)
(0.5750000000006893 0.6749999999998757 0.1)
(0.5750000000007564 0.69999999999984 0.1)
(0.5750000000008234 0.7249999999998039 0.1)
(0.5750000000008905 0.7499999999997685 0.1)
(0.5750000000009575 0.7749999999997325 0.1)
(0.5750000000010246 0.7999999999996968 0.1)
(0.5750000000010916 0.8249999999996609 0.1)
(0.5750000000011587 0.8499999999996251 0.1)
(0.5750000000012258 0.8749999999995985 0.1)
(0.5750000000012928 0.8999999999996713 0.1)
(0.57500000000136 0.9249999999997536 0.1)
(0.5750000000014267 0.9499999999998356 0.1)
(0.5750000000014938 0.9749999999999178 0.1)
(0.599999999999006 0.0250000000000133 0.1)
(0.5999999999990671 0.05000000000002286 0.1)
(0.5999999999991281 0.07500000000003636 0.1)
(0.5999999999991894 0.100000000000055 0.1)
(0.5999999999992505 0.125000000000072 0.1)
(0.5999999999993113 0.1500000000000715 0.1)
(0.5999999999993726 0.1750000000000693 0.1)
(0.5999999999994334 0.2000000000000672 0.1)
(0.5999999999994947 0.2250000000000649 0.1)
(0.5999999999995556 0.2500000000000628 0.1)
(0.5999999999996166 0.2750000000000606 0.1)
(0.5999999999996777 0.3000000000000586 0.1)
(0.5999999999997387 0.3250000000000564 0.1)
(0.5999999999998 0.3500000000000542 0.1)
(0.5999999999998609 0.375000000000052 0.1)
(0.5999999999999219 0.4000000000000498 0.1)
(0.5999999999999832 0.4250000000000477 0.1)
(0.6000000000000441 0.4500000000000455 0.1)
(0.6000000000001051 0.4750000000000434 0.1)
(0.6000000000001662 0.5000000000000391 0.1)
(0.6000000000002272 0.5250000000000113 0.1)
(0.6000000000002883 0.5499999999999816 0.1)
(0.6000000000003494 0.5749999999999519 0.1)
(0.6000000000004104 0.5999999999999219 0.1)
(0.6000000000004715 0.6249999999998921 0.1)
(0.6000000000005326 0.6499999999998626 0.1)
(0.6000000000005936 0.6749999999998326 0.1)
(0.6000000000006547 0.6999999999998027 0.1)
(0.6000000000007157 0.7249999999997728 0.1)
(0.6000000000007768 0.7499999999997432 0.1)
(0.6000000000008379 0.7749999999997134 0.1)
(0.6000000000008989 0.7999999999996835 0.1)
(0.60000000000096 0.8249999999996538 0.1)
(0.600000000001021 0.8499999999996237 0.1)
(0.6000000000010821 0.8749999999996028 0.1)
(0.6000000000011432 0.8999999999996751 0.1)
(0.6000000000012042 0.9249999999997566 0.1)
(0.6000000000012653 0.9499999999998376 0.1)
(0.6000000000013264 0.9749999999999187 0.1)
(0.6249999999990661 0.02500000000000951 0.1)
(0.6249999999991211 0.05000000000001514 0.1)
(0.6249999999991762 0.07500000000002487 0.1)
(0.6249999999992313 0.1000000000000399 0.1)
(0.6249999999992863 0.1250000000000534 0.1)
(0.6249999999993416 0.1500000000000484 0.1)
(0.6249999999993965 0.1750000000000418 0.1)
(0.6249999999994515 0.2000000000000353 0.1)
(0.6249999999995066 0.2250000000000286 0.1)
(0.6249999999995617 0.2500000000000221 0.1)
(0.6249999999996168 0.2750000000000155 0.1)
(0.6249999999996718 0.3000000000000089 0.1)
(0.6249999999997269 0.3250000000000022 0.1)
(0.624999999999782 0.3499999999999958 0.1)
(0.6249999999998372 0.3749999999999892 0.1)
(0.6249999999998923 0.3999999999999825 0.1)
(0.6249999999999472 0.4249999999999761 0.1)
(0.6250000000000024 0.4499999999999694 0.1)
(0.6250000000000575 0.4749999999999628 0.1)
(0.6250000000001124 0.4999999999999547 0.1)
(0.6250000000001676 0.5249999999999323 0.1)
(0.6250000000002225 0.5499999999999086 0.1)
(0.6250000000002778 0.5749999999998848 0.1)
(0.6250000000003328 0.5999999999998611 0.1)
(0.6250000000003879 0.624999999999837 0.1)
(0.625000000000443 0.6499999999998133 0.1)
(0.625000000000498 0.6749999999997895 0.1)
(0.6250000000005531 0.6999999999997658 0.1)
(0.6250000000006084 0.7249999999997417 0.1)
(0.6250000000006632 0.7499999999997179 0.1)
(0.6250000000007185 0.7749999999996943 0.1)
(0.6250000000007736 0.7999999999996702 0.1)
(0.6250000000008287 0.8249999999996465 0.1)
(0.6250000000008837 0.8499999999996226 0.1)
(0.6250000000009388 0.874999999999607 0.1)
(0.6250000000009939 0.8999999999996791 0.1)
(0.6250000000010489 0.9249999999997593 0.1)
(0.625000000001104 0.9499999999998394 0.1)
(0.6250000000011591 0.9749999999999198 0.1)
(0.6499999999991261 0.02500000000000573 0.1)
(0.6499999999991752 0.05000000000000743 0.1)
(0.649999999999224 0.07500000000001335 0.1)
(0.6499999999992733 0.1000000000000249 0.1)
(0.6499999999993222 0.1250000000000346 0.1)
(0.6499999999993714 0.1500000000000254 0.1)
(0.6499999999994205 0.1750000000000144 0.1)
(0.6499999999994696 0.2000000000000033 0.1)
(0.6499999999995184 0.2249999999999923 0.1)
(0.6499999999995677 0.2499999999999813 0.1)
(0.6499999999996168 0.2749999999999704 0.1)
(0.6499999999996658 0.2999999999999593 0.1)
(0.6499999999997151 0.3249999999999483 0.1)
(0.6499999999997642 0.3499999999999372 0.1)
(0.6499999999998133 0.3749999999999263 0.1)
(0.6499999999998626 0.3999999999999153 0.1)
(0.6499999999999113 0.4249999999999043 0.1)
(0.6499999999999607 0.4499999999998933 0.1)
(0.6500000000000096 0.4749999999998822 0.1)
(0.6500000000000586 0.4999999999998708 0.1)
(0.6500000000001077 0.5249999999998533 0.1)
(0.650000000000157 0.5499999999998355 0.1)
(0.6500000000002061 0.5749999999998178 0.1)
(0.6500000000002552 0.5999999999997998 0.1)
(0.6500000000003042 0.624999999999782 0.1)
(0.6500000000003533 0.6499999999997642 0.1)
(0.6500000000004024 0.6749999999997465 0.1)
(0.6500000000004514 0.6999999999997285 0.1)
(0.6500000000005007 0.7249999999997107 0.1)
(0.6500000000005496 0.749999999999693 0.1)
(0.650000000000599 0.7749999999996751 0.1)
(0.6500000000006478 0.7999999999996572 0.1)
(0.6500000000006971 0.8249999999996394 0.1)
(0.6500000000007461 0.8499999999996215 0.1)
(0.6500000000007952 0.8749999999996112 0.1)
(0.6500000000008442 0.8999999999996828 0.1)
(0.6500000000008933 0.9249999999997621 0.1)
(0.6500000000009426 0.9499999999998414 0.1)
(0.6500000000009915 0.9749999999999208 0.1)
(0.6749999999991858 0.02500000000000193 0.1)
(0.674999999999229 0.04999999999999971 0.1)
(0.6749999999992722 0.07500000000000186 0.1)
(0.674999999999315 0.1000000000000098 0.1)
(0.6749999999993582 0.125000000000016 0.1)
(0.6749999999994014 0.1500000000000023 0.1)
(0.6749999999994445 0.1749999999999869 0.1)
(0.6749999999994876 0.1999999999999715 0.1)
(0.6749999999995309 0.224999999999956 0.1)
(0.6749999999995739 0.2499999999999406 0.1)
(0.674999999999617 0.2749999999999252 0.1)
(0.6749999999996601 0.2999999999999098 0.1)
(0.6749999999997032 0.3249999999998943 0.1)
(0.6749999999997465 0.3499999999998788 0.1)
(0.6749999999997893 0.3749999999998634 0.1)
(0.6749999999998326 0.3999999999998479 0.1)
(0.6749999999998757 0.4249999999998326 0.1)
(0.6749999999999188 0.4499999999998171 0.1)
(0.6749999999999619 0.4749999999998016 0.1)
(0.6750000000000049 0.4999999999997864 0.1)
(0.6750000000000482 0.5249999999997742 0.1)
(0.6750000000000913 0.5499999999997625 0.1)
(0.6750000000001344 0.5749999999997507 0.1)
(0.6750000000001775 0.599999999999739 0.1)
(0.6750000000002208 0.6249999999997269 0.1)
(0.6750000000002638 0.6499999999997151 0.1)
(0.6750000000003069 0.6749999999997034 0.1)
(0.67500000000035 0.6999999999996914 0.1)
(0.6750000000003931 0.7249999999996796 0.1)
(0.6750000000004361 0.7499999999996677 0.1)
(0.6750000000004792 0.7749999999996556 0.1)
(0.6750000000005223 0.799999999999644 0.1)
(0.6750000000005654 0.8249999999996322 0.1)
(0.6750000000006087 0.8499999999996202 0.1)
(0.6750000000006517 0.8749999999996154 0.1)
(0.675000000000695 0.8999999999996866 0.1)
(0.6750000000007381 0.9249999999997651 0.1)
(0.6750000000007812 0.9499999999998434 0.1)
(0.6750000000008243 0.9749999999999219 0.1)
(0.6999999999992458 0.02499999999999815 0.1)
(0.6999999999992832 0.049999999999992 0.1)
(0.6999999999993202 0.07499999999999037 0.1)
(0.6999999999993572 0.09999999999999475 0.1)
(0.6999999999993943 0.1249999999999973 0.1)
(0.6999999999994313 0.1499999999999793 0.1)
(0.6999999999994685 0.1749999999999594 0.1)
(0.6999999999995059 0.1999999999999396 0.1)
(0.6999999999995429 0.2249999999999197 0.1)
(0.6999999999995802 0.2499999999998999 0.1)
(0.699999999999617 0.27499999999988 0.1)
(0.6999999999996541 0.2999999999998602 0.1)
(0.6999999999996915 0.3249999999998403 0.1)
(0.6999999999997286 0.3499999999998204 0.1)
(0.6999999999997659 0.3749999999998004 0.1)
(0.6999999999998026 0.3999999999997807 0.1)
(0.6999999999998399 0.4249999999997608 0.1)
(0.6999999999998771 0.4499999999997409 0.1)
(0.6999999999999144 0.4749999999997211 0.1)
(0.6999999999999514 0.4999999999997022 0.1)
(0.6999999999999885 0.5249999999996952 0.1)
(0.7000000000000256 0.5499999999996896 0.1)
(0.7000000000000627 0.5749999999996837 0.1)
(0.7000000000000998 0.5999999999996777 0.1)
(0.7000000000001368 0.6249999999996718 0.1)
(0.7000000000001741 0.6499999999996658 0.1)
(0.7000000000002112 0.6749999999996601 0.1)
(0.7000000000002483 0.6999999999996543 0.1)
(0.7000000000002854 0.7249999999996485 0.1)
(0.7000000000003227 0.7499999999996424 0.1)
(0.7000000000003596 0.7749999999996365 0.1)
(0.700000000000397 0.7999999999996308 0.1)
(0.7000000000004342 0.8249999999996249 0.1)
(0.700000000000471 0.8499999999996191 0.1)
(0.7000000000005083 0.8749999999996196 0.1)
(0.7000000000005452 0.8999999999996904 0.1)
(0.7000000000005825 0.9249999999997679 0.1)
(0.7000000000006196 0.9499999999998452 0.1)
(0.7000000000006567 0.9749999999999228 0.1)
(0.7249999999993059 0.02499999999999437 0.1)
(0.724999999999337 0.04999999999998428 0.1)
(0.724999999999368 0.07499999999997888 0.1)
(0.7249999999993991 0.0999999999999797 0.1)
(0.7249999999994304 0.1249999999999786 0.1)
(0.7249999999994614 0.1499999999999563 0.1)
(0.7249999999994926 0.174999999999932 0.1)
(0.7249999999995237 0.1999999999999077 0.1)
(0.7249999999995549 0.2249999999998833 0.1)
(0.7249999999995861 0.2499999999998591 0.1)
(0.7249999999996172 0.2749999999998348 0.1)
(0.7249999999996485 0.2999999999998105 0.1)
(0.7249999999996796 0.3249999999997862 0.1)
(0.7249999999997105 0.349999999999762 0.1)
(0.7249999999997419 0.3749999999997376 0.1)
(0.7249999999997729 0.3999999999997134 0.1)
(0.7249999999998041 0.4249999999996892 0.1)
(0.7249999999998352 0.4499999999996648 0.1)
(0.7249999999998663 0.4749999999996405 0.1)
(0.7249999999998974 0.4999999999996181 0.1)
(0.7249999999999287 0.5249999999996163 0.1)
(0.7249999999999598 0.5499999999996164 0.1)
(0.7249999999999909 0.5749999999996166 0.1)
(0.725000000000022 0.5999999999996168 0.1)
(0.725000000000053 0.6249999999996168 0.1)
(0.7250000000000844 0.649999999999617 0.1)
(0.7250000000001154 0.674999999999617 0.1)
(0.7250000000001467 0.699999999999617 0.1)
(0.7250000000001778 0.7249999999996172 0.1)
(0.7250000000002089 0.7499999999996175 0.1)
(0.72500000000024 0.7749999999996174 0.1)
(0.7250000000002711 0.7999999999996176 0.1)
(0.7250000000003023 0.8249999999996176 0.1)
(0.7250000000003336 0.8499999999996177 0.1)
(0.7250000000003646 0.8749999999996239 0.1)
(0.7250000000003958 0.8999999999996944 0.1)
(0.725000000000427 0.9249999999997709 0.1)
(0.7250000000004581 0.9499999999998472 0.1)
(0.7250000000004891 0.9749999999999236 0.1)
(0.7499999999993658 0.02499999999999058 0.1)
(0.7499999999993908 0.04999999999997656 0.1)
(0.7499999999994161 0.07499999999996738 0.1)
(0.7499999999994412 0.09999999999996466 0.1)
(0.7499999999994665 0.1249999999999599 0.1)
(0.7499999999994915 0.1499999999999333 0.1)
(0.7499999999995167 0.1749999999999045 0.1)
(0.7499999999995419 0.1999999999998758 0.1)
(0.7499999999995669 0.224999999999847 0.1)
(0.7499999999995922 0.2499999999998184 0.1)
(0.7499999999996176 0.2749999999997896 0.1)
(0.7499999999996424 0.299999999999761 0.1)
(0.7499999999996678 0.3249999999997322 0.1)
(0.7499999999996929 0.3499999999997036 0.1)
(0.749999999999718 0.3749999999996748 0.1)
(0.7499999999997431 0.3999999999996461 0.1)
(0.7499999999997684 0.4249999999996174 0.1)
(0.7499999999997936 0.4499999999995886 0.1)
(0.7499999999998187 0.4749999999995599 0.1)
(0.749999999999844 0.4999999999995339 0.1)
(0.7499999999998691 0.5249999999995373 0.1)
(0.7499999999998942 0.5499999999995435 0.1)
(0.7499999999999193 0.5749999999995495 0.1)
(0.7499999999999444 0.5999999999995556 0.1)
(0.7499999999999697 0.6249999999995617 0.1)
(0.7499999999999948 0.6499999999995677 0.1)
(0.7500000000000199 0.6749999999995737 0.1)
(0.7500000000000452 0.6999999999995802 0.1)
(0.7500000000000703 0.7249999999995859 0.1)
(0.7500000000000953 0.7499999999995921 0.1)
(0.7500000000001207 0.7749999999995983 0.1)
(0.7500000000001458 0.7999999999996045 0.1)
(0.7500000000001709 0.8249999999996105 0.1)
(0.7500000000001961 0.8499999999996166 0.1)
(0.7500000000002213 0.8749999999996281 0.1)
(0.7500000000002464 0.8999999999996979 0.1)
(0.7500000000002717 0.9249999999997737 0.1)
(0.7500000000002968 0.9499999999998492 0.1)
(0.7500000000003219 0.9749999999999245 0.1)
(0.7749999999994256 0.02499999999998679 0.1)
(0.7749999999994447 0.04999999999996885 0.1)
(0.774999999999464 0.07499999999995589 0.1)
(0.7749999999994831 0.0999999999999496 0.1)
(0.7749999999995024 0.1249999999999412 0.1)
(0.7749999999995214 0.1499999999999102 0.1)
(0.7749999999995406 0.1749999999998771 0.1)
(0.7749999999995597 0.1999999999998439 0.1)
(0.7749999999995791 0.2249999999998107 0.1)
(0.7749999999995983 0.2499999999997776 0.1)
(0.7749999999996174 0.2749999999997446 0.1)
(0.7749999999996365 0.2999999999997113 0.1)
(0.7749999999996557 0.3249999999996783 0.1)
(0.7749999999996751 0.3499999999996449 0.1)
(0.774999999999694 0.3749999999996119 0.1)
(0.7749999999997133 0.3999999999995789 0.1)
(0.7749999999997327 0.4249999999995457 0.1)
(0.7749999999997518 0.4499999999995125 0.1)
(0.7749999999997709 0.4749999999994794 0.1)
(0.77499999999979 0.4999999999994498 0.1)
(0.7749999999998091 0.5249999999994582 0.1)
(0.7749999999998284 0.5499999999994702 0.1)
(0.7749999999998475 0.5749999999994825 0.1)
(0.7749999999998666 0.5999999999994947 0.1)
(0.7749999999998859 0.6249999999995066 0.1)
(0.7749999999999051 0.649999999999519 0.1)
(0.7749999999999243 0.6749999999995306 0.1)
(0.7749999999999434 0.6999999999995429 0.1)
(0.7749999999999625 0.7249999999995548 0.1)
(0.7749999999999818 0.7499999999995669 0.1)
(0.7750000000000011 0.774999999999579 0.1)
(0.7750000000000202 0.7999999999995911 0.1)
(0.7750000000000393 0.8249999999996034 0.1)
(0.7750000000000584 0.8499999999996153 0.1)
(0.7750000000000777 0.8749999999996323 0.1)
(0.7750000000000968 0.8999999999997019 0.1)
(0.7750000000001162 0.9249999999997766 0.1)
(0.7750000000001352 0.949999999999851 0.1)
(0.7750000000001543 0.9749999999999256 0.1)
(0.7999999999994855 0.024999999999983 0.1)
(0.7999999999994986 0.04999999999996113 0.1)
(0.7999999999995122 0.0749999999999444 0.1)
(0.799999999999525 0.09999999999993454 0.1)
(0.7999999999995383 0.1249999999999226 0.1)
(0.7999999999995516 0.1499999999998871 0.1)
(0.7999999999995648 0.1749999999998496 0.1)
(0.799999999999578 0.1999999999998121 0.1)
(0.7999999999995911 0.2249999999997744 0.1)
(0.7999999999996045 0.2499999999997369 0.1)
(0.7999999999996174 0.2749999999996993 0.1)
(0.7999999999996307 0.2999999999996618 0.1)
(0.7999999999996438 0.3249999999996241 0.1)
(0.799999999999657 0.3499999999995866 0.1)
(0.7999999999996703 0.3749999999995491 0.1)
(0.7999999999996834 0.3999999999995115 0.1)
(0.7999999999996967 0.424999999999474 0.1)
(0.7999999999997099 0.4499999999994363 0.1)
(0.799999999999723 0.4749999999993988 0.1)
(0.7999999999997364 0.4999999999993656 0.1)
(0.7999999999997495 0.5249999999993794 0.1)
(0.7999999999997626 0.5499999999993974 0.1)
(0.7999999999997759 0.5749999999994154 0.1)
(0.799999999999789 0.5999999999994334 0.1)
(0.7999999999998023 0.6249999999994515 0.1)
(0.7999999999998153 0.6499999999994694 0.1)
(0.7999999999998287 0.6749999999994876 0.1)
(0.7999999999998417 0.6999999999995061 0.1)
(0.7999999999998549 0.7249999999995237 0.1)
(0.7999999999998683 0.749999999999542 0.1)
(0.7999999999998814 0.7749999999995599 0.1)
(0.7999999999998945 0.7999999999995778 0.1)
(0.7999999999999078 0.8249999999995963 0.1)
(0.7999999999999211 0.8499999999996142 0.1)
(0.799999999999934 0.8749999999996365 0.1)
(0.7999999999999474 0.8999999999997057 0.1)
(0.7999999999999606 0.9249999999997792 0.1)
(0.7999999999999735 0.949999999999853 0.1)
(0.7999999999999868 0.9749999999999264 0.1)
(0.8249999999995459 0.02499999999997922 0.1)
(0.8249999999995529 0.0499999999999534 0.1)
(0.8249999999995601 0.07499999999993291 0.1)
(0.8249999999995674 0.09999999999991947 0.1)
(0.8249999999995745 0.1249999999999039 0.1)
(0.8249999999995816 0.1499999999998641 0.1)
(0.824999999999589 0.1749999999998221 0.1)
(0.8249999999995961 0.1999999999997801 0.1)
(0.8249999999996033 0.2249999999997381 0.1)
(0.8249999999996105 0.2499999999996961 0.1)
(0.8249999999996178 0.2749999999996542 0.1)
(0.8249999999996251 0.2999999999996121 0.1)
(0.824999999999632 0.3249999999995701 0.1)
(0.8249999999996392 0.3499999999995281 0.1)
(0.8249999999996465 0.3749999999994862 0.1)
(0.8249999999996536 0.3999999999994442 0.1)
(0.8249999999996609 0.4249999999994022 0.1)
(0.8249999999996682 0.4499999999993601 0.1)
(0.8249999999996753 0.4749999999993182 0.1)
(0.8249999999996827 0.4999999999992814 0.1)
(0.8249999999996898 0.5249999999993004 0.1)
(0.8249999999996971 0.5499999999993244 0.1)
(0.8249999999997042 0.5749999999993484 0.1)
(0.8249999999997113 0.5999999999993726 0.1)
(0.8249999999997186 0.6249999999993965 0.1)
(0.8249999999997255 0.6499999999994206 0.1)
(0.8249999999997331 0.6749999999994445 0.1)
(0.8249999999997402 0.6999999999994687 0.1)
(0.8249999999997473 0.7249999999994925 0.1)
(0.8249999999997546 0.7499999999995167 0.1)
(0.8249999999997617 0.7749999999995406 0.1)
(0.824999999999769 0.7999999999995647 0.1)
(0.8249999999997761 0.824999999999589 0.1)
(0.8249999999997832 0.8499999999996131 0.1)
(0.8249999999997906 0.8749999999996407 0.1)
(0.8249999999997979 0.8999999999997095 0.1)
(0.824999999999805 0.9249999999997823 0.1)
(0.8249999999998121 0.9499999999998547 0.1)
(0.8249999999998192 0.9749999999999277 0.1)
(0.8499999999996057 0.02499999999997544 0.1)
(0.849999999999607 0.0499999999999457 0.1)
(0.849999999999608 0.07499999999992142 0.1)
(0.8499999999996093 0.09999999999990444 0.1)
(0.8499999999996104 0.1249999999998852 0.1)
(0.8499999999996117 0.1499999999998411 0.1)
(0.849999999999613 0.1749999999997947 0.1)
(0.8499999999996142 0.1999999999997482 0.1)
(0.8499999999996153 0.2249999999997018 0.1)
(0.8499999999996166 0.2499999999996554 0.1)
(0.8499999999996177 0.274999999999609 0.1)
(0.8499999999996191 0.2999999999995626 0.1)
(0.8499999999996202 0.3249999999995162 0.1)
(0.8499999999996215 0.3499999999994698 0.1)
(0.8499999999996227 0.3749999999994234 0.1)
(0.8499999999996238 0.3999999999993769 0.1)
(0.8499999999996251 0.4249999999993305 0.1)
(0.8499999999996264 0.4499999999992841 0.1)
(0.8499999999996275 0.4749999999992376 0.1)
(0.8499999999996288 0.4999999999991972 0.1)
(0.8499999999996299 0.5249999999992213 0.1)
(0.8499999999996313 0.5499999999992513 0.1)
(0.8499999999996324 0.5749999999992813 0.1)
(0.8499999999996335 0.5999999999993113 0.1)
(0.8499999999996348 0.6249999999993414 0.1)
(0.8499999999996362 0.6499999999993714 0.1)
(0.8499999999996373 0.6749999999994014 0.1)
(0.8499999999996384 0.6999999999994314 0.1)
(0.8499999999996397 0.7249999999994616 0.1)
(0.849999999999641 0.7499999999994913 0.1)
(0.8499999999996422 0.7749999999995215 0.1)
(0.8499999999996433 0.7999999999995516 0.1)
(0.8499999999996446 0.8249999999995816 0.1)
(0.8499999999996459 0.8499999999996117 0.1)
(0.8499999999996468 0.874999999999645 0.1)
(0.8499999999996481 0.8999999999997135 0.1)
(0.8499999999996495 0.924999999999785 0.1)
(0.8499999999996508 0.9499999999998567 0.1)
(0.8499999999996517 0.9749999999999285 0.1)
(0.874999999999666 0.02499999999997165 0.1)
(0.8749999999996619 0.04999999999993798 0.1)
(0.8749999999996578 0.0749999999999099 0.1)
(0.8749999999996534 0.09999999999988939 0.1)
(0.8749999999996491 0.1249999999998665 0.1)
(0.8749999999996448 0.149999999999818 0.1)
(0.8749999999996407 0.1749999999997672 0.1)
(0.8749999999996364 0.1999999999997163 0.1)
(0.8749999999996323 0.2249999999996655 0.1)
(0.8749999999996281 0.2499999999996146 0.1)
(0.8749999999996241 0.2749999999995638 0.1)
(0.8749999999996196 0.299999999999513 0.1)
(0.8749999999996155 0.3249999999994622 0.1)
(0.8749999999996112 0.3499999999994113 0.1)
(0.874999999999607 0.3749999999993605 0.1)
(0.8749999999996024 0.3999999999993096 0.1)
(0.8749999999995985 0.4249999999992588 0.1)
(0.8749999999995943 0.4499999999992079 0.1)
(0.8749999999995901 0.474999999999157 0.1)
(0.8749999999995857 0.499999999999113 0.1)
(0.8749999999995817 0.5249999999991423 0.1)
(0.8749999999995772 0.5499999999991783 0.1)
(0.8749999999995732 0.5749999999992143 0.1)
(0.8749999999995688 0.5999999999992505 0.1)
(0.8749999999995643 0.6249999999992863 0.1)
(0.8749999999995604 0.6499999999993223 0.1)
(0.8749999999995561 0.6749999999993583 0.1)
(0.8749999999995519 0.6999999999993946 0.1)
(0.8749999999995479 0.7249999999994304 0.1)
(0.8749999999995435 0.7499999999994665 0.1)
(0.8749999999995393 0.7749999999995024 0.1)
(0.874999999999535 0.7999999999995383 0.1)
(0.8749999999995308 0.8249999999995745 0.1)
(0.8749999999995266 0.8499999999996104 0.1)
(0.8749999999995222 0.8749999999996492 0.1)
(0.8749999999995182 0.8999999999997172 0.1)
(0.8749999999995137 0.9249999999997879 0.1)
(0.8749999999995097 0.9499999999998587 0.1)
(0.8749999999995053 0.9749999999999294 0.1)
(0.8999999999997323 0.02499999999996786 0.1)
(0.8999999999997286 0.04999999999993025 0.1)
(0.8999999999997251 0.07499999999989838 0.1)
(0.899999999999721 0.09999999999987434 0.1)
(0.8999999999997171 0.1249999999998478 0.1)
(0.8999999999997135 0.149999999999795 0.1)
(0.8999999999997095 0.1749999999997397 0.1)
(0.8999999999997057 0.1999999999996845 0.1)
(0.8999999999997018 0.2249999999996292 0.1)
(0.8999999999996982 0.2499999999995739 0.1)
(0.8999999999996944 0.2749999999995187 0.1)
(0.8999999999996904 0.2999999999994635 0.1)
(0.8999999999996864 0.324999999999408 0.1)
(0.8999999999996829 0.3499999999993527 0.1)
(0.8999999999996791 0.3749999999992975 0.1)
(0.8999999999996753 0.3999999999992424 0.1)
(0.8999999999996713 0.4249999999991871 0.1)
(0.8999999999996677 0.4499999999991318 0.1)
(0.8999999999996637 0.4749999999990764 0.1)
(0.8999999999996597 0.4999999999990288 0.1)
(0.8999999999996562 0.5249999999990632 0.1)
(0.8999999999996522 0.5499999999991052 0.1)
(0.8999999999996482 0.5749999999991472 0.1)
(0.8999999999996446 0.5999999999991892 0.1)
(0.8999999999996411 0.6249999999992313 0.1)
(0.8999999999996371 0.6499999999992733 0.1)
(0.8999999999996331 0.6749999999993153 0.1)
(0.8999999999996293 0.6999999999993572 0.1)
(0.8999999999996255 0.7249999999993992 0.1)
(0.8999999999996218 0.7499999999994412 0.1)
(0.899999999999618 0.7749999999994831 0.1)
(0.899999999999614 0.7999999999995253 0.1)
(0.8999999999996102 0.8249999999995674 0.1)
(0.8999999999996064 0.8499999999996093 0.1)
(0.8999999999996027 0.8749999999996534 0.1)
(0.8999999999995989 0.899999999999721 0.1)
(0.8999999999995951 0.9249999999997908 0.1)
(0.8999999999995913 0.9499999999998605 0.1)
(0.8999999999995874 0.9749999999999303 0.1)
(0.9249999999997992 0.02499999999996408 0.1)
(0.9249999999997963 0.04999999999992254 0.1)
(0.9249999999997937 0.07499999999988689 0.1)
(0.9249999999997908 0.0999999999998593 0.1)
(0.9249999999997879 0.1249999999998292 0.1)
(0.9249999999997852 0.149999999999772 0.1)
(0.9249999999997821 0.1749999999997123 0.1)
(0.9249999999997793 0.1999999999996526 0.1)
(0.9249999999997764 0.2249999999995929 0.1)
(0.9249999999997734 0.2499999999995332 0.1)
(0.9249999999997708 0.2749999999994734 0.1)
(0.924999999999768 0.2999999999994137 0.1)
(0.924999999999765 0.3249999999993541 0.1)
(0.924999999999762 0.3499999999992944 0.1)
(0.9249999999997593 0.3749999999992347 0.1)
(0.9249999999997565 0.399999999999175 0.1)
(0.9249999999997534 0.4249999999991154 0.1)
(0.9249999999997509 0.4499999999990556 0.1)
(0.9249999999997477 0.4749999999989959 0.1)
(0.924999999999745 0.4999999999989446 0.1)
(0.9249999999997419 0.5249999999989842 0.1)
(0.9249999999997393 0.5499999999990324 0.1)
(0.9249999999997365 0.5749999999990802 0.1)
(0.9249999999997335 0.5999999999991283 0.1)
(0.9249999999997307 0.6249999999991762 0.1)
(0.9249999999997279 0.649999999999224 0.1)
(0.9249999999997252 0.6749999999992722 0.1)
(0.9249999999997219 0.6999999999993202 0.1)
(0.9249999999997194 0.724999999999368 0.1)
(0.9249999999997164 0.7499999999994161 0.1)
(0.9249999999997135 0.774999999999464 0.1)
(0.9249999999997106 0.7999999999995121 0.1)
(0.9249999999997077 0.8249999999995603 0.1)
(0.9249999999997048 0.8499999999996082 0.1)
(0.9249999999997019 0.8749999999996576 0.1)
(0.9249999999996993 0.8999999999997246 0.1)
(0.9249999999996962 0.9249999999997937 0.1)
(0.9249999999996935 0.9499999999998625 0.1)
(0.9249999999996906 0.9749999999999311 0.1)
(0.9499999999998661 0.0249999999999603 0.1)
(0.9499999999998646 0.04999999999991481 0.1)
(0.9499999999998625 0.0749999999998754 0.1)
(0.9499999999998605 0.09999999999984423 0.1)
(0.9499999999998587 0.1249999999998105 0.1)
(0.9499999999998567 0.1499999999997489 0.1)
(0.9499999999998547 0.1749999999996848 0.1)
(0.9499999999998527 0.1999999999996206 0.1)
(0.949999999999851 0.2249999999995566 0.1)
(0.949999999999849 0.2499999999994924 0.1)
(0.9499999999998472 0.2749999999994284 0.1)
(0.9499999999998452 0.2999999999993642 0.1)
(0.9499999999998434 0.3249999999993001 0.1)
(0.9499999999998414 0.349999999999236 0.1)
(0.9499999999998396 0.3749999999991718 0.1)
(0.9499999999998374 0.3999999999991077 0.1)
(0.9499999999998356 0.4249999999990436 0.1)
(0.9499999999998339 0.4499999999989795 0.1)
(0.9499999999998319 0.4749999999989154 0.1)
(0.9499999999998299 0.4999999999988605 0.1)
(0.9499999999998281 0.5249999999989051 0.1)
(0.9499999999998261 0.5499999999989591 0.1)
(0.9499999999998243 0.5749999999990131 0.1)
(0.9499999999998223 0.5999999999990671 0.1)
(0.9499999999998205 0.6249999999991211 0.1)
(0.9499999999998183 0.6499999999991751 0.1)
(0.9499999999998165 0.6749999999992289 0.1)
(0.9499999999998148 0.6999999999992831 0.1)
(0.949999999999813 0.724999999999337 0.1)
(0.949999999999811 0.749999999999391 0.1)
(0.949999999999809 0.7749999999994447 0.1)
(0.949999999999807 0.7999999999994988 0.1)
(0.9499999999998052 0.824999999999553 0.1)
(0.9499999999998032 0.8499999999996068 0.1)
(0.9499999999998014 0.874999999999662 0.1)
(0.9499999999997992 0.8999999999997286 0.1)
(0.9499999999997975 0.9249999999997965 0.1)
(0.9499999999997957 0.9499999999998643 0.1)
(0.9499999999997937 0.9749999999999323 0.1)
(0.9749999999999331 0.02499999999995651 0.1)
(0.974999999999932 0.0499999999999071 0.1)
(0.9749999999999313 0.07499999999986391 0.1)
(0.9749999999999303 0.09999999999982918 0.1)
(0.9749999999999296 0.1249999999997918 0.1)
(0.9749999999999285 0.1499999999997259 0.1)
(0.9749999999999275 0.1749999999996573 0.1)
(0.9749999999999266 0.1999999999995888 0.1)
(0.9749999999999256 0.2249999999995202 0.1)
(0.9749999999999244 0.2499999999994517 0.1)
(0.9749999999999239 0.2749999999993832 0.1)
(0.9749999999999225 0.2999999999993146 0.1)
(0.9749999999999219 0.3249999999992461 0.1)
(0.9749999999999208 0.3499999999991776 0.1)
(0.9749999999999197 0.374999999999109 0.1)
(0.9749999999999188 0.3999999999990403 0.1)
(0.9749999999999179 0.4249999999989719 0.1)
(0.9749999999999169 0.4499999999989033 0.1)
(0.9749999999999159 0.4749999999988348 0.1)
(0.9749999999999149 0.4999999999987763 0.1)
(0.9749999999999139 0.5249999999988261 0.1)
(0.9749999999999133 0.5499999999988863 0.1)
(0.974999999999912 0.574999999998946 0.1)
(0.9749999999999112 0.5999999999990062 0.1)
(0.9749999999999103 0.6249999999990661 0.1)
(0.9749999999999093 0.6499999999991258 0.1)
(0.9749999999999084 0.674999999999186 0.1)
(0.9749999999999077 0.6999999999992458 0.1)
(0.9749999999999065 0.7249999999993056 0.1)
(0.9749999999999056 0.7499999999993657 0.1)
(0.9749999999999045 0.7749999999994256 0.1)
(0.9749999999999035 0.7999999999994857 0.1)
(0.9749999999999028 0.8249999999995457 0.1)
(0.9749999999999018 0.8499999999996055 0.1)
(0.9749999999999007 0.874999999999666 0.1)
(0.9749999999998996 0.8999999999997323 0.1)
(0.9749999999998987 0.9249999999997992 0.1)
(0.9749999999998978 0.9499999999998663 0.1)
(0.9749999999998969 0.9749999999999331 0.1)
)


// ************************************************************************* //
