/*--------------------------------*- C++ -*----------------------------------*\
  =========                 |
  \\      /  F ield         | OpenFOAM: The Open Source CFD Toolbox
   \\    /   O peration     | Website:  https://openfoam.org
    \\  /    A nd           | Version:  14
     \\/     M anipulation  |
\*---------------------------------------------------------------------------*/
FoamFile
{
    format      ascii;
    class       volVectorField;
    location    "11.999999999999";
    object      U;
}
// * * * * * * * * * * * * * * * * * * * * * * * * * * * * * * * * * * * * * //

dimensions      [0 1 -1 0 0 0 0];

internalField   nonuniform List<vector> 
2646
(
(-0.00195855658716 0.00214511033215 0)
(-0.0110089663926 0.00764157724629 -7.07290874798e-19)
(-0.000444098334316 0.00243065177486 1.04007353738e-21)
(-0.00981999184338 0.00373021760426 -5.72631963781e-20)
(-0.00544535451654 0.0100676659723 3.55142567077e-19)
(-0.00527616424373 -0.000723055008215 0)
(-0.0133237369656 0.00285449364743 0)
(-0.0148230423265 -0.00260576231576 0)
(-0.0487132129667 0.00215871577061 2.94786123088e-18)
(-0.0355432291357 -0.00283974010053 -2.61953530335e-18)
(-0.0316468711778 0.00581623733205 -2.92352162638e-20)
(-0.026986271022 -0.00527433620375 7.01876969006e-19)
(-0.0411068260634 -0.00655037907939 -1.55202202398e-18)
(-0.0358546549483 -0.00906559836898 -3.02988818474e-19)
(-0.0468029083335 -0.00376879355196 -5.26896997545e-20)
(-0.0103648521975 -0.00862143840997 3.44767519474e-20)
(-0.0296136735779 -0.0105375339009 4.06946538091e-18)
(-0.0431517149634 0.00882269569353 0)
(-0.0221088903367 -0.0100333410754 2.71956710974e-18)
(-0.0375170824985 0.0101710453996 0)
(-0.0196732412539 -0.00789066508478 3.03973493039e-19)
(-0.00930150824823 -0.001468391593 -1.15107640929e-19)
(-0.0167367882159 -0.000896745133488 1.05157537463e-19)
(-0.0302623116461 -0.00383496698745 7.99305959095e-18)
(-0.0154854136626 -0.00619099630551 -4.03833425566e-18)
(-0.0330402106542 0.00677644030263 -2.77058562143e-19)
(-0.0151387676127 0.00196487764798 0)
(-0.0417503691752 -0.000631890108487 -3.2476450708e-18)
(-0.0377451512729 -0.00154647645979 0)
(-0.0391363119585 0.00211923182279 -2.28417299598e-18)
(-0.0252729205897 -0.001109687606 1.83235008349e-18)
(-0.0129078303545 0.00274034834343 -3.77681241836e-19)
(-0.0150162391898 -0.00221711276018 5.68889063664e-19)
(-0.000968733995326 -0.00102023258134 0)
(-0.00122023928682 -0.00182190136636 0)
(-0.0296209480819 0.00754226121601 0)
(-0.0467700426386 0.00352314212433 0)
(-0.0437440834047 -0.0057323207904 1.19519320258e-18)
(-0.0345019414491 -0.00824677746282 4.75340667057e-19)
(-0.0171508803738 -0.00857057464597 2.68742334724e-18)
(-0.0037131933729 -0.00353647446324 0)
(-0.00608504177693 -0.00323091389372 -1.45687249313e-20)
(0.000463672921019 -2.14805517908e-06 4.48302914809e-18)
(-0.000242956949432 -0.000361311027067 -9.98691143854e-18)
(-0.00117886739151 -5.89927368014e-05 2.06675013647e-18)
(-0.00111379237194 -0.00136418276092 8.62798755962e-19)
(0.000235971146482 -0.000894290687007 -6.91389121734e-19)
(0.00163907446294 0.0472262415963 -5.93162807311e-18)
(-0.00314194112611 0.0313957575834 -3.36797851966e-18)
(0.00375610443751 0.0541265568531 -6.51704658339e-19)
(-0.0185906509874 0.0713241543607 -3.52119134903e-18)
(0.00274014445735 0.094974086013 8.16501313272e-18)
(-0.00146472356246 0.0904104243782 0)
(0.00310826662693 0.0873834270099 7.8634276829e-18)
(-0.00791839597449 0.0379818207873 -1.83644684404e-19)
(-0.0135527388251 0.0468479152452 -6.84434718005e-19)
(0.00446554343056 0.08144671698 -8.53816031122e-18)
(-0.00299170184221 0.0890426483098 -1.90487326511e-18)
(-0.00605437858831 0.0938573322093 4.40004762884e-18)
(-0.00291732072641 0.0955186014139 -6.42437916121e-18)
(-0.012924808064 0.080077440505 0)
(0.00755939311229 0.0854067936647 -1.03709081077e-17)
(0.00398713885625 0.0976362092656 -3.27514845116e-18)
(-0.0205010954006 0.0518550312174 2.18550226138e-18)
(0.00300583771874 0.0916200055094 1.47003247353e-17)
(-0.0185414589155 0.0385367369124 1.42254145292e-18)
(-0.00150304453016 0.0709320080496 7.43689446912e-18)
(0.00175873247803 0.0209750364419 8.17910636616e-19)
(0.00196899498209 0.0790405844364 1.12093643293e-17)
(-0.0107948677185 0.0724543807537 3.33738911586e-18)
(-0.000475859124323 0.0817707153633 1.6007218352e-18)
(-0.00283446321125 0.064031584714 -1.36234951861e-18)
(-0.0142427178117 0.0605446063865 3.39326963797e-18)
(-0.00696225528056 0.0549390203807 2.80058022433e-18)
(0.0047350120244 0.0411522951262 -4.33952122001e-17)
(-0.00382831715987 0.0520275893913 0)
(-0.0107370306831 0.0127126543763 -1.46625126657e-19)
(-0.00491958372459 0.0179551819807 -1.08233119297e-18)
(-0.0021610544446 0.0679830081628 5.37023891716e-17)
(-0.00337359518193 0.0636916973327 -7.76743747393e-18)
(-0.0162986905298 0.0262247612662 -3.94594125e-19)
(-0.0195456417696 0.0611954680514 -1.44195259295e-20)
(-0.00711475241698 0.0872806802927 0)
(0.000146852792461 0.0976484668802 -1.12066500092e-17)
(0.00574213772658 0.0898043607319 1.174399029e-18)
(-0.00278124199861 0.0776540348062 1.7291423281e-17)
(-0.000211348774881 -0.277227623637 5.41976875564e-18)
(-0.0070902131324 -0.0132686637023 -5.40950766701e-18)
(-0.0196682766398 -0.113070999833 1.4177816557e-18)
(-0.131966136774 -0.240578680219 -7.48703115648e-18)
(-0.0643292846287 -0.335496983375 0)
(-0.00444179573091 -0.00992123898238 8.51546798235e-19)
(-0.0236189476629 -0.27487103158 0)
(-0.0646297571569 -0.292700293347 0)
(-0.0334505802634 -0.265126964541 2.69462120363e-18)
(-0.117036821115 -0.285299983722 -2.06464814729e-18)
(-0.0219708939578 -0.243668292171 2.44246386846e-19)
(-0.023090114679 -0.242643232674 0)
(-0.0587216531605 -0.070479475991 2.00047175379e-18)
(-0.013089743786 -0.233808915298 0)
(-0.0114946465787 -0.014728573473 -5.11608427811e-18)
(-0.015224225475 -0.278147740685 0)
(0.00045371866966 -0.00684088283171 -3.88476176487e-19)
(-0.0326448092388 -0.326258541961 -6.3416753078e-18)
(-0.0466509824496 -0.311151350908 1.34427654132e-17)
(0.0011267232032 -0.302668466071 0)
(-0.00744838919161 -0.0206334146713 5.27481789715e-19)
(-0.0317907807517 -0.247291148181 0)
(-0.0980478471144 -0.242589259474 5.60092297235e-18)
(-0.0797280272339 -0.283002822321 -3.78672351777e-18)
(-0.0691210909172 -0.0962589241419 -1.80789657535e-18)
(-0.0273870604562 -0.0612959649603 6.27027762475e-18)
(-0.00292386164365 -0.00112257081504 1.96750903266e-18)
(-0.00379229221373 -0.00330605520861 0)
(-0.0331506813027 -0.323052925268 -1.32415416164e-16)
(-0.00960786900335 -0.00354517921965 -6.17439314087e-18)
(-0.100078674555 -0.145949572929 0)
(-0.0999875424184 -0.299503321792 2.6050358009e-18)
(-0.0269971429648 -0.25115324869 0)
(-0.00450333354549 -0.241750594589 0)
(-0.00674129174568 -0.23638960759 3.33686369949e-17)
(0.0217034821435 -0.322630353658 6.53410992727e-17)
(0.0239792668859 -0.316392105353 -8.50263981152e-18)
(-0.0444143856344 -0.0261544101577 -7.58655318354e-18)
(-0.086519632477 0.0766316350184 -1.12420085219e-17)
(0.266304396479 0.0243330852598 2.92188393302e-17)
(-0.0668394710847 0.0638963879051 0)
(0.037959025765 0.0965563437612 -3.68351374848e-18)
(0.438580011878 0.00370942550026 4.2464058785e-17)
(0.334834898507 0.00934857010782 -8.66996387487e-18)
(0.287576586439 0.0442534360086 0)
(0.0534313718083 0.0377464401677 4.29023597484e-17)
(0.0802581009444 0.0183177618983 1.96496883727e-17)
(0.117635950923 0.0173737149487 6.61650329752e-17)
(0.153791335851 0.014534443628 -2.38750426588e-17)
(0.0463180139313 0.0315981719938 -7.73827119731e-19)
(0.0639444398347 0.00563617783463 1.65877366988e-18)
(0.128983095103 0.0154998073294 2.46997111091e-17)
(0.120472020134 0.0109053432682 -2.07007402791e-17)
(0.0875278123312 0.0216097613684 -9.51336567333e-18)
(0.0975425508248 0.0247045790772 -2.02228738092e-17)
(0.100696852894 0.0163552432015 2.06236687346e-18)
(0.118917224057 0.0548220742156 -1.04728478534e-16)
(0.106296135217 0.0264110690042 4.86896895092e-17)
(0.0399911878055 0.0306208546634 -3.7808647409e-18)
(0.132143779275 -0.0160471451305 0)
(0.0179892655638 0.044480264347 -1.42420221764e-17)
(0.277766560551 -0.00386715262899 2.4977421025e-17)
(0.188544823129 0.0437360941384 9.13790578223e-19)
(0.13955221888 0.0100645309669 -5.93434187168e-17)
(0.116881099249 0.00991010345526 -6.71567427995e-18)
(0.137097904671 0.0487195442234 0)
(0.299974231593 -0.0296727376359 -2.71865952894e-18)
(0.0595720951726 0.0270668184758 -2.21472780451e-17)
(0.222483005058 0.00788843940676 1.34170359808e-17)
(0.487804102284 0.0341890202431 -1.15328558479e-17)
(0.418178111997 -0.00128207040071 -2.47472734316e-17)
(0.0890638445175 0.103278433936 -6.07029811105e-17)
(0.254621603476 -0.00475098604649 0)
(0.0532038711941 0.075292152388 6.28783619014e-17)
(0.317725674948 -0.00852046923918 -1.02885333549e-17)
(0.0159524617843 0.0481898173233 0)
(0.0633171803795 0.0502133747606 2.56249032495e-17)
(0.103794141526 0.0526271512696 -1.32716555326e-17)
(0.104339818229 0.0247434907934 -3.60792287611e-17)
(0.109753382236 0.00911796067507 0)
(0.144727355311 -0.0172999089192 8.86128349701e-17)
(0.430524286267 -0.375505706954 -1.80144882543e-16)
(0.271539883809 -0.0692332985525 2.9229577752e-16)
(-0.0122978434658 -0.453913607741 0)
(0.0149062746588 -0.26112773991 4.85256063132e-18)
(0.349544825444 0.0337701728144 0)
(-0.0374028406187 -0.00840466377075 -3.10418110733e-18)
(-0.0367524246866 -0.0117781283586 3.10418110733e-18)
(-0.0399733927564 0.0116594541466 0)
(-0.0419563576144 0.0104952885973 0)
(-0.029041979586 -0.00933527154532 -1.72267040877e-17)
(-0.0262473595355 -0.00951650102726 -1.82247227704e-17)
(-0.0237258818102 0.0117071377327 0)
(-0.0259482631977 0.0102833391939 0)
(-0.0503224258124 0.00218124024195 0)
(-0.0491188191246 0.00363127883883 0)
(-0.0474858830788 -0.00390216057763 0)
(-0.047435137693 -0.000596461364998 -8.27868685832e-18)
(-0.0111298966021 -0.00409298852257 -3.68953457582e-18)
(-0.00753091774558 -0.0025572429142 3.68953457582e-18)
(-0.00134875201332 -0.00161638085375 0)
(-0.00306536952226 -0.00140076837536 0)
(-0.00614335447995 0.0955185060288 0)
(-0.00430139005003 0.0961127420417 1.8198150664e-17)
(-0.0211740352918 0.0449289266824 -5.95813051788e-18)
(-0.0218421617804 0.0477034755418 -6.80079166996e-18)
(0.00395928723736 0.0968649976818 1.54451935375e-17)
(0.00394719965107 0.0957253069354 -7.84299895265e-17)
(-0.0192683693539 0.0193912776473 1.20074408192e-18)
(-0.0200471741787 0.0226110177576 2.26278448766e-18)
(-0.0204752615123 0.0693547514228 4.5219305985e-18)
(-0.0207916614324 0.0660666989093 -4.52193059851e-18)
(-0.0163219215157 0.0774140921144 -6.90181745156e-19)
(-0.0188351806138 0.0746543255705 6.90181745156e-19)
(0.00745307311188 0.0832794109715 -2.42998300825e-17)
(0.00696311082495 0.0821143908782 2.42998300825e-17)
(-0.00257974386653 0.0720224389959 0)
(-0.00343732930794 0.0738890378597 -5.48704737067e-17)
(-0.067968521498 -0.0115360456621 -1.91721273931e-18)
(-0.0504179172978 0.0215019074624 1.42914981146e-20)
(-0.0302638822808 0.0184679822283 -2.79629492015e-21)
(0.118886336685 0.0131122235393 -2.3293658896e-17)
(0.00443998103947 0.064045049158 0)
(-0.0109208810133 -0.00479041851642 0)
(-0.016606253506 -0.00820827255567 0)
(0.0973990790158 0.0534264897064 -3.94209602261e-17)
(0.100777947602 -0.000330830275819 3.3717808642e-16)
(0.0869102750975 0.0567056297035 3.31124610224e-17)
(0.120524159827 0.0138577392059 0)
(-0.0659724710524 -0.010621811734 -3.72205678635e-18)
(-0.0320479761943 0.0196434217318 0)
(0.00823204941894 0.0650452202181 0)
(0.0260556949706 0.0553032313673 1.59583810341e-17)
(-0.119253862262 -0.248901763673 0)
(-0.124254697774 -0.241871396902 -9.38812112216e-19)
(-0.174438166777 -0.186723391681 -1.28583381395e-18)
(-0.177943942441 -0.17427806948 2.02730939775e-18)
(-0.191407043788 -0.218937223978 0)
(-0.200510802185 -0.215639247359 1.3476006854e-18)
(-0.0629570369989 -0.0489997707343 1.09624903272e-17)
(-0.0587699793506 -0.0458865341355 -9.68592723715e-18)
(-0.0561362078199 0.0189266444734 0)
(-0.0366403833303 -0.0154445361974 9.83641136363e-18)
(0.0972137734063 0.00106215231824 -3.09028523206e-16)
(0.0921580263156 0.0171607440415 0)
(0.0434808389969 0.0505249221521 0)
(0.122149895628 0.0231089709049 -8.96646562741e-18)
(-0.067788669024 -0.00339388779535 0)
(0.0727563578758 0.046867194537 7.94871828741e-17)
(0.0236051156857 0.0588483455407 -3.85445431895e-17)
(0.10359274227 -0.00230699608826 1.34791868299e-16)
(-0.0583367836639 0.0166841875208 9.42775051847e-19)
(-0.0504424456093 0.0191254710138 0)
(0.122057876638 0.0260397712514 -6.38852234261e-17)
(-0.047996549014 0.0227777830574 4.11046218672e-20)
(0.0829176912133 0.0585303444692 4.93582637128e-18)
(0.100741031327 0.0519157843296 -2.17919151871e-17)
(-0.0422943807107 -0.0296219856569 0)
(-0.031781009885 -0.0209966174398 0)
(-0.172370488021 -0.243316670526 2.45428086519e-18)
(-0.182611538396 -0.256366066944 7.23414957636e-20)
(-0.122513309687 -0.11169608372 8.32264146376e-18)
(-0.153823084463 -0.149868793666 -1.08580093476e-17)
(-0.101100293772 -0.244675059916 -4.93738243989e-17)
(-0.0905188620385 -0.23375468792 4.22310099604e-17)
(0.0428532444949 -0.107120380981 1.08955258275e-16)
(0.0222501462557 -0.208061886419 0)
(-0.0578393263715 -0.236645143103 6.61112690065e-17)
(-0.155145758137 -0.244265976283 5.79793527327e-18)
(-0.147931687625 -0.250664849339 0)
(-0.183469036867 -0.242606156205 -8.17297744749e-20)
(-0.193978660765 -0.236246936161 -1.60789968489e-19)
(-0.0329561818742 -0.229048734545 0)
(-0.0987426541346 -0.0899485840781 1.2582020132e-17)
(-0.0976302080739 -0.0816128366957 -1.05161726267e-17)
(-0.0233549896332 -0.0147285900364 0)
(0.0384743715871 -0.195790404121 1.32091070922e-16)
(0.0364217324382 -0.189818788308 -1.41497253945e-16)
(0.0138599840549 -0.140857962541 -1.79873335199e-16)
(0.0404706949855 -0.085233644261 -2.21784061855e-16)
(0.0470581735648 -0.0917833505869 2.17655003917e-16)
(-0.0634053335475 -0.238486486286 -1.05951136804e-16)
(0.035643604136 -0.114098949064 -3.09648205615e-17)
(0.0148277577934 -0.214715838903 4.970014283e-17)
(-0.0350818924112 -0.230926657985 -3.30654758114e-17)
(0.0183654842803 -0.14815351873 2.06976757351e-16)
(0.0843274291582 0.0234704536311 0)
(-0.0235116458257 -0.0132057091205 2.97614376885e-18)
(-0.0347978247643 -0.016661910144 1.119902113e-17)
(-0.0787736171489 -0.00469935933148 -2.25961871003e-18)
(0.122974376519 0.00960690772533 -1.22971843933e-16)
(0.0934005434107 0.0510386380822 -2.36213330125e-17)
(0.0475347258796 0.0529801745532 9.93982011976e-18)
(0.0774188390297 0.0608733011964 1.11802184228e-17)
(-0.0691060761912 -0.0119039671409 2.05664847493e-19)
(0.0876166785502 0.0526799109381 -4.521503722e-17)
(-0.102064265419 -0.0185506983809 -2.36134418964e-18)
(0.121879319285 0.0237279595375 1.07577362126e-16)
(-0.0682802650388 -0.00360252765383 0)
(0.0390760153387 0.0542650867542 -1.81637791554e-17)
(0.064650658745 0.0205084954229 0)
(-0.0441431554223 -0.0252546024047 -6.03134224864e-18)
(0.0316731808778 0.0478148259972 -3.45224940584e-17)
(-0.044032905629 -0.0130573350368 -1.3778775938e-19)
(0.11918132331 0.0207036841644 -2.205686842e-18)
(0.0874724251141 -0.00756427165959 0)
(-0.0684836708275 -0.0072226058923 6.23526781387e-18)
(0.0783804432973 0.0183324656042 -1.82232297371e-16)
(-0.0773893238675 0.00557453224889 -1.09709707329e-18)
(-0.0529531268259 0.0175663653906 -4.46025552793e-19)
(0.084176809348 -0.00167537393932 1.35565279673e-16)
(-0.095917441531 -0.0014599882368 -2.32490687044e-18)
(0.0298615059023 0.0554303959617 1.89629497644e-17)
(0.121924338691 0.0174101222423 4.12115628446e-17)
(-0.0709068178381 -0.0195811393337 4.35366454469e-18)
(0.00198659345595 0.0673875673318 -3.78050531883e-17)
(-0.00865361696092 -0.00439318723999 0)
(0.0150533163721 0.0626622647958 2.05614198371e-17)
(-0.0379709170411 0.0193505706328 1.19337577261e-20)
(0.0326377489508 -0.0589303083286 -2.16069324164e-16)
(0.0222334161129 -0.0678763822311 3.41949377074e-16)
(0.0443229344173 0.0657167574281 0)
(-0.0280972280478 0.0195765010099 2.0650120548e-19)
(0.0169362416011 0.0612483125103 4.11039530887e-17)
(-0.0712399214826 0.00221629502729 -1.54921352136e-18)
(0.0336951296217 0.0514605176214 1.96263157814e-17)
(-0.0520468951783 -0.0153060057757 1.55867792427e-19)
(0.119447247062 0.0208763543402 -4.06023108454e-17)
(-0.0578411282166 -0.00967148416067 -7.50597471304e-18)
(0.0594413759144 0.055358686747 -5.15824125432e-17)
(-0.0573880429368 0.00884282207529 0)
(0.0974812277446 0.0118813973276 2.79506839022e-17)
(-0.0559424679669 -0.0231607457306 0)
(0.0561870415369 0.0541322382269 4.9302007533e-17)
(-0.0567352670269 0.00960732046084 0)
(-0.0551426038427 -0.0196013458487 6.52445266632e-18)
(-0.0881968723099 0.000312652659566 3.48903620234e-18)
(-0.0666845876714 -0.00853206278176 -1.99769237557e-19)
(0.0768581878923 0.0159727333571 1.07048857634e-16)
(-0.0393597069576 0.0195519862983 -2.66816470608e-20)
(-0.0345236008861 0.0178525109801 6.53777005294e-20)
(0.0111410390252 0.0610932256126 0)
(0.0789936561446 0.0551655135695 -1.97391001486e-17)
(0.126183542324 -0.00234969962485 1.71003981693e-16)
(0.101261282398 0.0482764011726 -2.36669739116e-17)
(0.122698767083 0.028859528884 5.24414458112e-17)
(0.0849798963403 0.0108550936913 0)
(0.115235164352 -0.0085044890153 5.00974521164e-17)
(0.0657818046207 0.0324364498529 8.58682891487e-17)
(0.124109054338 0.00216590595145 -1.76262140292e-16)
(0.00945174184712 0.0789446940529 -1.77175322043e-17)
(0.0157247959406 0.072417104382 4.30744077724e-21)
(0.0123528703766 0.0742741430033 -4.3052253517e-21)
(0.00546401530595 0.119426801797 0)
(0.011572975966 0.181214277051 -2.16791782249e-28)
(0.0366336898527 0.224269154614 0)
(0.0634004524149 0.244611939846 -4.21501974808e-17)
(0.038975876329 0.0597924900264 3.80974871069e-17)
(0.000857726313984 0.114864375871 2.38463009233e-17)
(0.081089217566 0.223855546396 0)
(0.00858104096051 0.0983833207402 2.05830038648e-28)
(-0.00225983046373 0.113855421804 -2.38463009233e-17)
(0.205209570977 -0.0177826458397 0)
(0.012252016544 0.0768021885385 3.43282193583e-20)
(0.0110192169037 0.132678212281 0)
(0.100193440802 0.0382900614978 -2.67492050214e-17)
(-0.238048690139 -0.192809639078 4.8615226465e-18)
(0.0902729685584 0.173166015652 2.99675270303e-28)
(0.0462337311474 0.078569847025 0)
(0.171887342803 -0.0695525974517 -1.73132311683e-16)
(0.136923166966 0.124634554442 0)
(0.211780973594 0.0440076327809 -3.2618014264e-18)
(0.0936074396764 0.104341760386 -1.010652043e-16)
(0.163717742592 0.171168772566 0)
(0.171341108331 0.109953589424 0)
(0.182377967901 0.116514724635 2.53720708485e-28)
(-0.00372614239737 0.0999431953619 0)
(-0.0478207486268 -0.0107353799097 0)
(-0.0335192448197 0.0797254545809 0)
(0.197907896124 0.0806778296823 0)
(0.000602577198403 0.179828644552 2.71008140583e-17)
(0.11961936624 0.0224730549219 3.81438390857e-18)
(0.00174835639768 0.118755344483 0)
(-0.233036874856 -0.204603253884 -1.52053576027e-18)
(-0.0405432516683 0.0786295016134 0)
(0.0196088917327 0.226113891704 -2.27729721769e-28)
(-0.0375079390374 0.0812484908244 0)
(-0.00409956570759 0.101711782169 0)
(-0.056191426708 0.0943748872342 0)
(0.043044872583 0.250376792406 4.21501974808e-17)
(0.110155756289 0.137409754423 0)
(-0.278995693318 -0.154154471426 -4.93818272428e-18)
(0.117535756113 0.0268021267756 -3.99331019211e-18)
(0.102933226809 0.126338671338 0)
(0.150280942887 -0.0321694567716 2.72045290012e-28)
(-0.250743436928 -0.1822515889 -5.69708105861e-18)
(-0.262095045873 -0.17299105434 5.69708105861e-18)
(0.201656258039 0.03316050767 2.37683765463e-16)
(0.0872434169128 0.151516367097 4.21134406393e-17)
(0.110274048842 0.0320597536076 -2.86549670734e-17)
(0.111188385515 0.0288044952564 -3.14393261735e-17)
(0.198499855921 0.0967952367829 0)
(0.0482409513199 0.0668591370901 -1.83621535546e-17)
(-0.0605513305731 0.0906075076022 1.82690882148e-29)
(0.0606341694934 -0.0443457503763 0)
(-0.00554918318241 -0.00348269795101 0)
(0.0589410282418 0.232719984219 1.89171181101e-28)
(0.0458937654861 0.0704452893824 -3.60330425361e-17)
(0.104357988975 0.034524108875 2.85024922704e-17)
(0.041708687345 0.0628211302251 -2.97507159337e-17)
(0.1493292466 -0.000980602558539 -7.41888723286e-17)
(-0.00622103204027 0.102116486795 0)
(-0.0588600447271 0.226514222015 0)
(-0.0363752200712 0.189380076114 0)
(0.20942717817 0.0901508639476 1.73154411934e-16)
(0.00595275635213 0.13218013506 0)
(0.0336496704423 -0.0606935488283 0)
(-0.00675788740772 0.104701414127 0)
(0.00344467624087 -0.10240021948 0)
(-0.0475638050296 0.21872538635 -4.08812783862e-29)
(-0.0643491476834 0.26092457737 -2.72226442259e-17)
(-0.0454474097076 0.197733804312 4.08812783862e-29)
(-0.0132083590608 -0.00878256458521 0)
(0.0665592947683 0.184242548005 0)
(0.0895101227823 -0.0015652338181 4.97402093375e-28)
(-0.072189705716 0.246544637454 0)
(-0.0501086336944 0.253431915739 -1.37987477812e-28)
(-0.00818674534908 -0.00549289238553 0)
(-0.0476058487107 0.259744704393 0)
(0.127943441323 -0.0485966517522 1.58397119103e-16)
(0.00242688074276 0.0991759105654 -2.42602729101e-17)
(-0.075830674145 0.233936591379 0)
(-0.0998719190289 0.22359071516 -4.26941003003e-17)
(0.0486410347916 0.0748850453223 3.60278113893e-17)
(-0.0141151002924 0.0954043728521 -1.49227299418e-29)
(-0.268874022181 -0.164334391941 4.93818272428e-18)
(-0.0356947262881 0.0367821295391 -2.33394978694e-18)
(-0.0166380864758 0.0941352388274 -2.85332220228e-29)
(0.10004810352 -0.0891927062505 1.71064575157e-16)
(0.204615551039 0.101747998762 -8.77608173084e-17)
(-0.0206704742207 0.0901134914966 0)
(0.160779367801 -0.0631433265242 1.73132311684e-16)
(-0.0841570728443 0.18180432649 0)
(-0.0352285437397 0.0695827427142 -7.1671635823e-30)
(0.187967694589 -0.052904060673 0)
(-0.0436007302623 -0.24409267513 7.51344645825e-17)
(-0.017585006456 0.0914542255337 1.32481177293e-29)
(-0.0426964964922 -0.00872274960035 -3.5099744059e-18)
(-0.00799974113518 0.096640384272 0)
(0.102270493581 0.0248533431631 5.37829691924e-17)
(-0.0507849182024 -0.25309753619 0)
(0.192209757233 0.10466782199 -2.53720708485e-28)
(0.160542800801 0.117980438466 -5.8189163386e-17)
(-0.0272898626547 0.0874875426952 -1.27790224167e-17)
(-0.0305001178359 0.0856196330189 -4.20721220015e-29)
(0.00904578884922 0.0710354631106 -3.18818866986e-17)
(-0.0464796164897 -0.0169232359148 -6.35372175667e-18)
(0.192639014421 -0.0326574665626 0)
(-0.0319342751071 0.0370921411726 2.56847495625e-18)
(-0.00981262792721 -0.190393981606 0)
(0.000121331737375 0.0726527587293 1.98735284255e-17)
(-0.0242501965092 0.0851855389821 0)
(0.170062731969 0.138336657662 6.0461523094e-17)
(-0.0307033040961 0.0819343285773 0)
(0.207460096014 0.0920358759258 -8.53935946254e-17)
(-0.0213441067569 0.0869647672189 1.17725064955e-29)
(-0.0333647511799 -0.201692177109 1.00027177243e-20)
(0.0069620404066 0.0727484530632 0)
(0.0113695015677 -0.195748333296 -1.83653693931e-16)
(0.190179662365 0.0935221594692 -7.05193793855e-17)
(0.0347580446198 -0.182596296293 1.83653504786e-16)
(-0.00501390981956 -0.00448800466758 0)
(0.1521195367 0.179865181246 0)
(0.166424884814 0.150776028904 -6.04615230939e-17)
(0.172020108801 0.158433887317 -1.19996016479e-28)
(0.010495990465 0.0876325669085 0)
(0.0928983164013 0.125983816911 0)
(0.20642630866 0.081167691624 0)
(0.0632819264023 -0.0176086143097 0)
(-0.0562376725658 -0.194779175396 0)
(-0.24102649362 0.143047611344 3.84141034992e-17)
(0.0035584722637 0.0715531587718 0)
(0.147636136275 0.13507482541 -4.14033515058e-28)
(-0.298512474167 -0.12217813784 0)
(0.209875980465 0.0647774264652 -2.7483534992e-18)
(-0.0330320085033 -0.0142418642246 0)
(0.00678924295529 0.0951986559796 0)
(-0.0417137281898 -0.0106881065688 0)
(0.110716778664 0.0195990692793 0)
(-0.00447751566886 0.0983035887953 2.03154524631e-17)
(-0.0763501759506 0.10832400044 -1.05612882719e-17)
(0.0388081668675 0.133208048289 0)
(0.0934230655585 0.144087764115 0)
(-0.0853569944645 0.133129131554 0)
(-0.0470332245089 -0.00657175884164 1.37422344297e-18)
(0.0999812652514 0.0264992220359 2.45797646033e-17)
(-0.0551105518557 -0.245727985063 5.21700603159e-17)
(0.0692841061912 0.116684470264 -6.90389791306e-28)
(-0.0450940926017 0.0799948488112 0)
(-0.0111340950029 0.0936890601418 -1.5931300732e-17)
(0.0395112297047 0.0823209524777 0)
(0.0418416983941 0.0788765418913 0)
(0.0398796065892 0.126444503384 5.92569988571e-29)
(-0.0504456564733 0.0864626779611 -7.25926646968e-29)
(0.0449674146718 0.117596615851 0)
(-0.0453203809395 0.0846611339115 7.25926646968e-29)
(-0.0503458323643 0.0917443481635 0)
(0.112697910964 0.000531462421515 1.75624949263e-16)
(-0.246358757211 0.123678325277 -3.97893208525e-17)
(0.0928951726205 0.0300427694727 -4.73618579778e-17)
(-0.0634241632639 -0.25715730868 -1.10056783712e-16)
(0.0876073586171 0.0445319388832 -2.85371675766e-17)
(-0.000464709432607 0.106122492798 0)
(-0.0699829029517 -0.248217230976 4.58933514413e-17)
(-0.031297076655 0.0689442337419 7.55899172632e-18)
(-0.0470321760892 -0.00718043747057 0)
(-0.0482689230902 -0.00921035829366 0)
(-0.021978760966 -0.0914966554712 -5.48317511997e-28)
(-0.0681019863731 0.101575708364 -9.62656860645e-19)
(0.00889074193192 0.0963366731114 0)
(0.111363126326 -0.0130089223329 -5.49067037247e-28)
(-0.00941544956048 0.0966115246117 1.66190017616e-29)
(-0.0625959570301 0.243734317106 0)
(0.030402999773 -0.0866575472593 0)
(0.0586974441743 0.137708897031 0)
(-0.00705970364283 -0.0107359661032 0)
(0.00445959478801 0.0804222784141 0)
(0.0397955588006 0.115526437246 0)
(0.052642333936 0.0913217768798 0)
(-0.0102789248451 0.0945629581104 0)
(-0.0677243257163 0.0935128188616 -1.04806046728e-17)
(-0.250200816342 -0.188066781779 0)
(-0.00768199056887 0.1006880878 0)
(0.0354468302479 0.0824108412621 0)
(-0.0372377818258 -0.0125516210332 0)
(0.00533259179866 0.097952409332 0)
(-0.159422955145 0.161665785539 0)
(-0.035517584723 0.170811661882 0)
(0.079656294235 -0.0802098412553 -1.71064575157e-16)
(-0.104149226171 0.207560568004 -5.09084000299e-17)
(-0.0101021067595 -0.00961829584906 -1.30289975194e-17)
(0.123829696673 -0.0723136197136 -1.50173310703e-28)
(0.109316596352 0.0156103977632 4.23117469894e-17)
(-0.00866929001294 -0.192525703074 -1.26205137855e-16)
(-0.0681174549364 0.260901365204 0)
(0.116010234028 0.00206389685966 -1.98879746168e-18)
(-0.0785611794314 -0.166298618546 0)
(0.0012207579929 0.0757417287242 0)
(0.151275153711 0.00483124363313 -6.08759835783e-17)
(0.0604469034986 -0.200433770092 9.8159760915e-17)
(-0.179646896273 0.168146904671 4.77574641888e-17)
(0.0509776385523 0.134147434139 0)
(0.0530712498901 -0.18623910505 -1.17675113307e-20)
(-0.0651571791089 0.00957330899327 0)
(0.017710709127 0.196741736568 2.16791782249e-28)
(0.0732595175534 0.0185050479852 0)
(0.0130567943041 -0.0920807399848 0)
(-0.0808612879891 0.201072767727 0)
(0.0762313619305 0.147399231277 0)
(-0.133818779223 0.176118385697 0)
(-0.110537994935 0.168420599239 0)
(-0.0774920473594 0.0160756732176 -4.21152719127e-19)
(0.035295072796 0.108473471792 0)
(-0.0289394784019 -0.0141260965001 5.28880182439e-18)
(0.16524643958 -0.0410501796105 0)
(0.00590974528496 0.0962891737908 -2.80098524494e-17)
(-0.0474914231398 0.260739164933 1.37987477812e-28)
(-0.0452916843435 0.250473527549 -2.67115651889e-17)
(-0.00400746135727 -0.187853517975 1.22688783794e-16)
(-0.28700529059 -0.134029517782 -1.86420996444e-17)
(-0.000120641589109 -0.193871969672 2.2243019474e-16)
(-0.0237054682997 -0.0985599442635 0)
(0.0441081970404 0.235771230431 0)
(-0.203435698961 0.15302172554 -4.77574641887e-17)
(0.11162313124 -0.000113192009397 -5.50760415755e-17)
(-0.0540645311178 -0.175609675943 0)
(0.207764932737 0.00264856626645 -2.71573371549e-18)
(0.116124157759 0.0292025206763 3.11702004595e-17)
(-0.0163619790951 -0.0135527300026 -1.39646224587e-17)
(0.0397582017314 0.110246291165 -3.37362139286e-17)
(-0.0690476994493 0.0110539420604 1.10046437963e-18)
(0.0693641936176 0.241330422811 0)
(0.0643830476885 0.133492915741 7.00337372101e-29)
(0.00314622869394 -0.173218155556 0)
(0.0555269347778 0.0875734418582 -1.83403184655e-17)
(0.191536452319 -0.0463990137299 0)
(-0.011038509105 -0.209488222652 0)
(-0.292701822552 0.099472331074 0)
(-0.0463013417594 -0.0110024089704 3.65014994768e-18)
(-0.00688990226192 0.0987493960119 -2.03154524631e-17)
(0.111403510837 0.0253056374604 -5.37094280015e-17)
(-0.0222100874835 -0.0113619005804 0)
(-0.00083766608862 0.148476852053 2.52523854804e-17)
(-0.193514450978 -0.141625190257 5.06393115797e-18)
(-0.180272111467 -0.126850015754 0)
(0.00717444760747 0.123608333159 0)
(-0.219939906546 0.158335788174 -3.84141034993e-17)
(0.181782709677 -0.0456394433749 0)
(-0.00150526275646 -0.198609284137 -7.79990792231e-17)
(0.0552299949951 0.116063286376 -1.61516533636e-29)
(-0.0416957147308 0.0396118615218 -2.18491283243e-18)
(0.12014805528 -0.157037045021 0)
(0.0332217205328 0.0855574136666 0)
(0.00684871198968 0.0767181325887 1.76656407526e-17)
(-0.00838477175364 -0.206730531131 -6.00518722898e-17)
(0.0732070679639 0.136379647322 -7.00337372101e-29)
(-0.0725005031468 0.0135758035911 -1.19282414061e-18)
(0.049328230187 0.114546833578 1.61516533636e-29)
(0.110693292144 -0.157149066965 -2.06314256826e-16)
(0.00774220305181 0.083386511549 -3.52034909391e-17)
(-0.0186595144951 -0.0149337809639 0)
(0.010175595992 0.0879655235678 0)
(0.0101481678468 0.0856884830284 0)
(-0.0415314652818 -0.00340771834688 0)
(-0.00201208467976 0.0992557948871 0)
(-0.0296955968966 -0.014857884165 -2.68516095306e-18)
(0.084657332793 0.208811369442 0)
(0.00808198070027 0.0914791036315 2.99679799489e-17)
(-0.0768416662097 0.0378713851285 -2.32606095399e-18)
(0.201976924313 0.0758406519741 1.02773177221e-16)
(0.00320564951428 0.0774773434531 0)
(-0.296571343504 0.0800930115901 6.1836188037e-17)
(-0.0734015589822 0.033935778353 6.2963499301e-24)
(0.116168122509 0.0246425868669 0)
(-0.0254731602652 -0.234728145721 0)
(0.00980672425959 0.0849684308738 0)
(0.0449746854136 0.061672705831 -1.53304173276e-17)
(0.100625411504 0.0389738130316 2.58410981738e-17)
(0.125416446309 0.127396789502 0)
(-0.20397630692 -0.129348016074 0)
(0.12741045711 0.0105575047438 2.45863772339e-16)
(-0.038794582787 0.0532240009803 0)
(-0.046442171153 -0.0486880972483 0)
(-0.056564493886 -0.0206662670197 8.0658692531e-20)
(0.104285188918 0.0235324427354 1.50038148302e-16)
(0.102839036352 0.033490179046 -1.62830705413e-16)
(0.0448151555596 0.123860334853 0)
(0.121933652188 0.020490381381 -8.26239623295e-17)
(0.00631116593573 -0.120754663629 2.80732771731e-16)
(-0.0946103961926 0.0554892556024 4.05046900288e-18)
(-0.0429116196603 0.0140892071727 5.12915409166e-19)
(-0.0807851994065 0.0476524773979 0)
(0.00981792833657 0.0892974919426 0)
(-0.0251885042815 -0.0162115551011 0)
(-0.010899221643 0.0986580979496 -1.66190017617e-29)
(-0.0387976253051 -0.0136172063369 -5.39791111224e-18)
(0.00600492942963 0.0981630865877 2.80098524494e-17)
(-0.0131724383458 0.0984675849534 0)
(-0.165533638154 -0.222226302453 -1.92724666527e-17)
(-0.265801907582 0.108216965098 7.41617827047e-17)
(0.174145475284 -0.0562828967551 0)
(-0.0774135590142 0.042249092309 2.32604776662e-18)
(-0.188724265322 -0.114264894889 0)
(0.14167148945 -0.137939750871 -2.19901552295e-16)
(0.0485438343102 0.0829700700194 1.76777676917e-20)
(-0.0602773257123 -0.246946902718 -5.05907694402e-19)
(-0.178642710098 -0.218595969954 0)
(-0.25345750454 -0.177618468602 0)
(0.0900530778173 -0.173265484786 2.06325896417e-16)
(0.0457260111715 -0.200208252743 -3.49949267544e-18)
(-0.0379076704555 0.040124371607 -5.04742975919e-19)
(0.111620546582 0.0129362975926 0)
(0.0114359272127 -0.120522884672 9.06984497309e-17)
(-0.0891331093419 0.0460976472674 0)
(0.009667784861 0.0834966641226 3.52034909393e-17)
(0.163226096909 -0.0532583466532 -2.20658272786e-16)
(0.0101688600934 -0.110578194153 -2.15046390824e-18)
(0.0559411711086 0.122962515175 0)
(0.00869532251788 -0.183608773613 -1.60644581405e-16)
(-0.0359284921063 0.0734346579023 -1.54282535789e-29)
(0.214244814107 0.0715158626193 -1.00024823723e-16)
(-0.0790673257566 -0.204007836296 0)
(0.137925092431 -0.140029892282 2.19901552295e-16)
(-0.0260411872807 0.0431316783422 3.18278881546e-18)
(0.0295501888028 0.0854504929002 3.33511263305e-17)
(-0.286445260956 -0.144789328233 0)
(0.199980480644 -0.00793869076878 1.15870928848e-21)
(-0.018992835411 -0.0125023214573 7.25452557698e-18)
(-0.00701811329711 -0.0638909020264 -1.31293523667e-18)
(-0.123710858057 -0.202636496546 1.24606472618e-16)
(-0.00977583602585 0.100833798749 0)
(-0.0607755221567 -0.00716154220755 0)
(-0.00910387288705 -0.00976674244737 1.3057422827e-18)
(0.0756474847786 -0.171461182928 0)
(-0.0260024941096 -0.015517378821 0)
(0.00861691381482 0.0903821725373 -2.99679799489e-17)
(0.0315636055292 0.110737540031 -3.16693570092e-17)
(-0.0182372293739 -0.221331827393 0)
(-0.102607612963 -0.195632643893 0)
(0.0114721890358 0.123821694649 0)
(0.137604644389 0.0927934541884 5.61478271251e-17)
(-0.309605241222 0.0665438216936 -5.47515542007e-18)
(0.10000452842 0.0900275255279 -4.56127217078e-17)
(0.091953272477 0.151345492121 -2.99675270304e-28)
(0.0809547746466 -0.186224459764 0)
(-0.0349476840049 0.0129918433287 9.27829838354e-20)
(-0.0739621335202 -0.0679427207829 0)
(-0.0575924095866 -0.0065372299703 0)
(-0.0764521147939 0.11975506658 0)
(0.0107976445627 -0.134802361943 -1.77403393139e-16)
(0.0204395746275 -0.105640455063 1.91680992503e-16)
(0.00946411448164 -0.202943473442 -1.43271254535e-16)
(-0.0385808425717 0.0152913873187 -1.08466382091e-18)
(-0.28015709146 -0.151847982551 -3.36911446947e-18)
(0.0755857100106 0.121741776265 0)
(-0.192616501509 -0.0997328337949 -5.24765839931e-18)
(-0.182389835888 -0.213128492969 3.20053941594e-17)
(-0.0544814177381 -0.238736017182 0)
(-0.16667642683 -0.135977751665 2.12843631119e-20)
(-0.0229010540759 0.0723514347652 0)
(0.0138704548687 0.120061212822 0)
(-0.0526485153431 0.0022778955086 0)
(-0.0310162392138 0.0589260349761 0)
(-0.27873360397 -0.139399475245 3.36911446947e-18)
(0.153697340088 -0.116961800743 2.27926678403e-16)
(0.0276888921606 0.0652437032068 0)
(-0.195887389419 -0.205999183458 0)
(-0.00859715991162 -0.208410259897 0)
(0.0701948569504 0.0374123446798 0)
(0.117272223539 -0.000213004144653 -1.91201760732e-17)
(-0.000111142051542 0.108969828132 2.42117221214e-17)
(0.109694234642 -0.16860097127 1.08049303779e-16)
(-0.211811184929 -0.11399605753 5.25145190275e-18)
(-0.149954442423 -0.0764688337191 0)
(-0.0252427241762 -0.0162696850983 6.7042979499e-18)
(-0.276978117089 0.114114875274 -3.4372461852e-17)
(0.114746095888 -0.164673074736 0)
(-0.237822971941 -0.163761796191 0)
(-0.0484718370074 0.0123823566198 -9.31683421789e-19)
(0.032379107974 0.0608396905129 -3.87215538373e-17)
(0.124870942829 0.0581929771603 8.58313874116e-17)
(-0.0804642843207 0.0192502555872 4.20382136704e-19)
(-0.179523593864 -0.214149147428 -5.91843115243e-17)
(0.137002213773 0.0842765972562 -5.61340896539e-17)
(0.0263342908301 0.0691911997228 1.58076624341e-29)
(-0.00882280566065 -0.00626177646212 0)
(-0.0512349478828 -0.00380383628695 0)
(-0.0922712728085 -0.0614775705757 -1.91957759768e-19)
(0.0711731526699 0.0979695188326 -3.90402517977e-17)
(0.000816211408076 0.0731100130784 1.04088049168e-18)
(-0.00350544580363 -0.00359071623632 0)
(0.0237761468686 0.076616252116 -3.12745201318e-29)
(-0.133168785745 0.0579710513164 -1.00870947806e-18)
(-0.062483679417 -0.020520145866 6.3837005822e-18)
(-0.102458237642 -0.176666727957 0)
(0.129151710101 0.0972536623639 -3.32955385061e-21)
(0.0459120016163 0.0865386606176 0)
(-0.0828496340918 0.10486662047 1.05612882719e-17)
(-0.148586523335 -0.226983414638 2.88534013667e-17)
(0.0277605334374 0.108648556405 0)
(0.196274355006 -0.0213303735142 -1.15870824239e-21)
(-0.311725780253 0.0468286011158 -2.43721570275e-29)
(-0.140020149271 -0.0977581034046 0)
(-0.057348166819 0.0011220989817 0)
(-0.173556142754 -0.216187622248 0)
(-0.17025663999 -0.0525705764165 -1.0703472483e-17)
(-0.304190485751 0.0165622098017 -3.33829034441e-29)
(0.0882074505908 0.132698900109 1.50390915714e-28)
(-0.0455745776879 0.0138460629367 8.89821450108e-21)
(-0.0332208392051 0.0759206299572 0)
(0.0269705628043 0.117171276657 -3.04983423933e-17)
(0.0272797200071 0.0758449899977 3.12745201318e-29)
(-0.082370207015 -0.0508576084353 0)
(0.155683499998 -0.120657447232 -2.27926678403e-16)
(0.159866249278 0.12940873344 4.14033515058e-28)
(0.128074747951 0.0792410682148 0)
(0.215761369523 0.0345851112057 -1.14227018993e-16)
(-0.10232690117 0.0925236822756 7.5500960937e-18)
(-0.0974353227316 -0.0548754830377 1.25461993735e-17)
(-0.130592195322 -0.074214191675 -1.22469064062e-17)
(-0.0305212002574 0.0400212382217 -2.56847495626e-18)
(0.143625198414 -0.0564924920261 2.46800733324e-16)
(-0.072536808545 0.0299618230086 0)
(0.0233992474819 0.114405493522 -2.7595984747e-29)
(0.0289578500738 0.0724224086032 1.58110249813e-29)
(0.00248486875933 0.109628823988 -2.4211722121e-17)
(-0.045502499943 0.0122088996676 0)
(-0.303413369647 0.0380911097501 3.33829034441e-29)
(0.00642960723006 0.113183184321 -2.61650641748e-17)
(-0.122128912497 0.0995173051392 0)
(-0.0546617680485 0.000719204391611 0)
(0.141965345955 -0.126089273501 -2.43716873668e-16)
(0.0243987007623 0.0823942245159 -3.37778187799e-17)
(-0.115343190171 0.10456279314 0)
(-0.325527490504 0.0609502817173 0)
(-0.0194729857026 -0.0650101407945 5.48317511999e-28)
(-0.0193314880173 0.0969371665938 2.85332220228e-29)
(-0.105928091488 0.0585754625888 0)
(0.0167777055133 0.112700551849 0)
(0.0277404919196 0.0821816195897 -1.53607023561e-29)
(0.0343793963921 -0.222378599933 -8.80229871106e-17)
(-0.217802182609 -0.164070100863 -9.38695016604e-18)
(0.102473103689 0.0469880106232 -3.945081416e-17)
(-0.259697193212 -0.127689321611 0)
(0.0179715440476 0.119536413763 -1.32032093923e-29)
(0.115529063795 0.00790496539177 0)
(-0.11914705861 0.0582464451779 -7.8521685406e-23)
(0.165485856001 -0.0226934952095 2.136446092e-20)
(0.0833857469084 -0.0551887030037 -5.94732128355e-28)
(-0.153173336288 0.0787171850597 0)
(0.120313317362 0.0620295221593 5.26806852791e-17)
(0.0323483692733 0.092159244425 0)
(0.0452570548122 0.137165488897 0)
(0.130928748068 0.168379812144 -1.5046255874e-16)
(0.127700344092 0.0720025946041 0)
(-0.0688123671123 0.0271077589812 0)
(0.00793500763902 0.116556330841 0)
(0.0510128676993 0.126387979431 0)
(-0.0537945145297 -0.00364795216632 0)
(-0.0224718632077 0.095721885961 0)
(0.019567448363 0.115574432026 0)
(0.0904164386597 -0.168766694573 2.3348196238e-16)
(-0.0267479575195 -0.243530466233 -1.5444110607e-16)
(0.0574564324334 -0.204233804785 1.01371305046e-16)
(0.131930697814 0.0604943858867 -5.73084578162e-17)
(-0.241315549612 -0.132374003601 0)
(0.118655166425 0.00168400839645 1.73408999949e-16)
(0.091104811583 -0.184236943587 -1.08048598549e-16)
(0.0115543977613 0.116548066295 0)
(0.051500129382 -0.21184084707 -2.00701756316e-16)
(0.0348516806255 0.0892912956422 0)
(-0.15761374461 -0.222615816189 -2.88713798202e-17)
(-0.0183895146695 0.0815107691024 0)
(0.00332788816147 0.112789814201 -3.60777225122e-28)
(-0.314644106734 0.00567328812064 0)
(0.0190048453415 0.127767740397 0)
(0.100331984908 -0.0759344577274 1.37728977761e-16)
(-0.0276877177831 0.0463650644891 1.74670609874e-30)
(-0.159239546805 0.0522569588814 2.50741707565e-21)
(0.0217019378813 0.151262998962 0)
(-0.0575867325771 -0.00508818834271 0)
(0.0328267114119 0.0716519660548 3.48967664819e-17)
(0.0769771196115 -0.182443992848 0)
(-0.106390150349 0.0530133012566 7.85218353377e-23)
(-0.0105644420048 -0.00989435103096 1.30289975194e-17)
(0.154955764538 -0.0221849739719 6.21234660307e-21)
(0.12066100359 0.0906431750691 -6.14074159341e-21)
(-0.0110506749725 0.1031813729 0)
(-0.0313537553422 0.0463893061127 -1.74670609874e-30)
(-0.0267575168841 0.0400518617223 -3.18278881546e-18)
(0.162464739414 0.0758823855283 0)
(-0.100877465116 0.112956483143 -8.50742982712e-30)
(-0.0254100612303 0.098725774645 0)
(0.0805236753322 0.10388157307 -4.08360588434e-17)
(-0.250862106505 -0.146264666452 0)
(0.0673416649668 0.0652970522777 -2.33008915377e-17)
(0.108572826915 -0.0386345075341 -1.58397119102e-16)
(0.0414889338212 0.0864239157292 0)
(0.0279140107271 0.104639198818 1.42117270954e-29)
(0.0133305439015 0.113352566367 0)
(-0.291875952537 -0.131002241981 0)
(-0.0175842798946 -0.241307253509 7.7782814158e-17)
(0.150834533138 -0.0139706393722 -9.12762794801e-17)
(0.0211053895803 0.108108044542 0)
(0.0211904293161 0.123050719567 1.32032093923e-29)
(0.0747160600478 -0.191804864465 8.59841753095e-19)
(-0.108328292332 0.238719046024 0)
(0.162488587965 -0.0413398815975 2.20660811862e-16)
(0.0234972949766 -0.226268940704 1.83790028005e-16)
(0.00559308772253 -0.234994820793 -1.6798513182e-16)
(-0.0296412287942 0.0140891210073 0)
(-0.0240699056833 0.0238028384888 0)
(0.0347258223977 0.0680245547792 -3.48967664819e-17)
(-0.302380683192 -0.123302020784 -9.25279930123e-30)
(-0.253512369837 -0.0125865966704 0)
(-0.0176163626281 -0.223064453739 6.1318404582e-17)
(0.0794048441632 0.044981748705 0)
(-0.0967669593467 0.096864048373 -7.5500960937e-18)
(0.144173007254 0.0787557741252 6.07417988694e-17)
(0.0308866498226 0.195657816451 -2.42449738862e-28)
(0.144545319225 0.146538022312 -5.47172100104e-17)
(-0.0257358480977 -0.0149432285768 0)
(0.00662864008261 0.0933115867003 0)
(0.110054961901 0.180032349081 7.56258584577e-17)
(-0.0220629381281 0.080357855269 -1.04888058941e-29)
(-0.25094498564 -0.00239595069983 -9.21504362889e-18)
(0.0477968512934 0.0910845524908 0)
(-0.0931059286703 0.115899905942 9.34168046967e-30)
(0.14941874004 -0.0287215429233 -2.17020749366e-16)
(0.0141836164313 0.128146782621 0)
(-0.284819001868 -0.0151371963936 -2.1562522996e-18)
(0.199801484402 0.107595190681 -1.45595628486e-28)
(-0.110499038845 -0.234593134552 3.76906877743e-17)
(-0.147275312614 -0.0873516393684 0)
(-0.0469160821342 -0.0288824047933 0)
(0.0214380947627 0.0737667283295 -3.1518960653e-29)
(-0.277549666022 0.0420156299959 -5.20500660187e-17)
(0.0200430585362 0.137914798368 0)
(-0.221030734547 -0.177477051822 9.37583699027e-19)
(-0.187312916882 0.0722385224285 -2.54892281943e-19)
(-0.203208166903 -0.201476646013 0)
(0.0310643818312 0.0635747800096 2.90704226864e-17)
(0.0228699358507 0.132093299271 0)
(-0.124997302544 -0.233554903279 -3.27332937015e-17)
(0.102642645567 -0.172421692871 0)
(0.113108555475 0.0937728246351 -4.84020923668e-17)
(-0.0480219089623 0.0104021236839 -1.2340170963e-18)
(-0.0259199274421 0.0552124942166 0)
(0.0170117225871 0.0109619574033 -1.13825195935e-17)
(-0.186148079126 -0.228264871864 0)
(0.155141890305 0.0834847313277 -6.07417988694e-17)
(-0.0268614101299 0.105765283256 0)
(-0.283297226611 -0.0268321426672 1.15521217312e-20)
(0.0311021265913 0.115417198129 3.16693570092e-17)
(-0.164329473225 0.155297902952 6.92232895084e-18)
(0.0909283787483 -0.0668462446954 1.41265802132e-16)
(0.134310126056 0.0492612417668 0)
(-0.131255622071 -0.232804477113 7.63756655116e-17)
(-0.146874218724 -0.192938163848 -1.24606064771e-16)
(-0.332355672412 0.054607976237 0)
(0.0224928474481 0.0704336804698 -1.58076624341e-29)
(0.144020744568 -0.0450845381335 -5.61106344222e-19)
(-0.0636719277274 0.0802598463283 0)
(0.0328087189101 0.182375236703 -3.3389869234e-17)
(0.0354810523071 0.117913130372 0)
(-0.00231560693829 -0.236330882459 6.43811449645e-19)
(-0.0281618783606 0.0155833174465 8.01637477072e-20)
(-0.246197931344 -0.114161058425 9.37042156295e-18)
(0.0775546792688 0.0473267633503 0)
(0.193240521847 0.070800590229 7.58332936941e-29)
(-0.106592748522 -0.230729200801 -9.36196680103e-19)
(-0.231357284926 -0.148801399337 0)
(-0.190495913364 -0.218714601137 0)
(0.180382965648 -0.0335732443778 -5.42368145163e-21)
(-0.0230065226398 -0.238789755015 -1.40794235596e-16)
(-0.265401581858 -0.170852497705 2.9878910433e-18)
(0.0884396441879 0.228229591186 0)
(-0.203495674306 -0.201270291782 0)
(-0.0331367694965 0.0151245492178 3.05103104824e-19)
(-0.29427166951 -0.133357151888 9.25279930123e-30)
(0.167808434471 0.0277178609352 -9.03458747826e-17)
(-0.106972381195 0.254708468792 0)
(0.0549298182363 0.062934128923 -2.50035936237e-18)
(-0.124722412364 -0.0815452322252 0)
(0.017888472495 0.109323099087 0)
(0.198683286408 0.0577620653507 -7.58332936941e-29)
(0.0224518632905 0.079578440482 3.37778187799e-17)
(0.0915211164887 0.0603921280059 0)
(0.207786777243 0.0559488522019 0)
(-0.293640767618 0.074410077702 -1.2650528951e-18)
(-0.207546825906 -0.205083793957 0)
(0.0594605121834 0.0614031923537 2.18330963804e-18)
(-0.0853356513775 -0.0453151773827 -6.7698489879e-18)
(0.0242391008027 0.0879330082483 1.50236087869e-29)
(0.118379354538 0.0509435385975 -2.73586593793e-17)
(0.106744668805 0.0876770815963 4.84057350014e-17)
(0.0389358042186 0.0673137653631 0)
(-0.316176723991 0.0736084977768 -2.25570711864e-17)
(-0.0310455275344 -0.244458254774 -1.43036501389e-16)
(0.142165423593 -0.0139456656494 9.20492313066e-17)
(-0.0447507527188 0.0569658780224 0)
(0.1273931551 0.0482717513837 0)
(-0.0428500566784 0.0365045452084 2.18491283243e-18)
(-0.0239240383816 0.102191393753 0)
(0.0869183664662 -0.0475484617843 1.42845902525e-16)
(0.1140882226 0.0537881584603 -1.78709656496e-18)
(0.130220334853 -0.148225608492 0)
(-0.326373622657 0.0581478422876 1.42205626647e-30)
(0.144886284685 0.057235174371 6.29472442289e-17)
(-0.00883235563519 -0.238022259264 2.45988139031e-16)
(-0.304271681098 -0.0736798531768 0)
(-0.137137147036 0.114393209039 5.52047578519e-18)
(0.142239683673 0.0706648163614 0)
(-0.329291461031 0.00594794888369 2.2266174935e-17)
(0.0902141207905 0.216403387791 3.83160724453e-29)
(-0.202848899123 -0.212660830455 0)
(-0.0425220660234 0.0152393768261 -5.31067417912e-19)
(0.0625929454044 0.0658574592321 3.93758202177e-17)
(0.117987643524 -0.000373540435725 0)
(0.211994444091 0.0652135953736 9.42758817628e-17)
(-0.0137614017873 0.103199062805 4.21905001736e-30)
(0.18149628778 0.0693046706417 -7.55039017719e-17)
(0.0084094400784 -0.0491202170944 0)
(-0.244170189726 -0.190427560989 -2.74496138877e-18)
(0.136398891228 0.0556130312474 -6.29472442289e-17)
(0.129880007477 -0.142646219496 0)
(-0.0269438283187 0.0768742343523 0)
(-0.327432517285 0.0435845543744 -3.49801609877e-17)
(0.21561687925 0.00753880407626 -1.25012857599e-16)
(-0.0266906681893 0.0909680266107 1.27790224167e-17)
(0.0437383949578 0.179675305219 3.3389869234e-17)
(-0.0773868820694 0.24757808759 8.90870987411e-29)
(0.117224323752 -0.149319242479 0)
(0.169102002633 -0.0326576065674 0)
(-0.334101239571 0.0324615391378 2.51799561343e-17)
(0.123859222309 0.0523280460649 -2.85246441289e-17)
(0.124007503233 0.210589589919 0)
(-0.0513295707123 0.0136032912242 -3.06870757645e-19)
(0.134333844304 0.14773429515 -8.72510450023e-17)
(0.0242433884396 0.110371098086 0)
(-0.268468966866 0.0660701964078 -8.94077880242e-19)
(0.21575093834 0.0147525496426 -1.31034325411e-16)
(0.0773493916371 -0.0504557055107 1.4018861729e-16)
(-0.319877013756 0.0695379738588 -1.5800115673e-18)
(0.207642437069 -0.0237961433265 0)
(-0.046526476412 0.0357576902521 1.91649119178e-18)
(0.11528930939 0.213986920916 0)
(-0.0509214344839 0.00549312778016 0)
(-0.0341317321928 0.087678352457 4.20721220016e-29)
(0.0959595798049 0.0588932022607 -4.65606607526e-19)
(0.215684121926 0.0346158431054 0)
(-0.0921328593243 0.237875004772 -3.63345188258e-29)
(-0.0274885132041 0.113888163535 0)
(0.158575793428 0.0672231760736 0)
(0.151360925773 -0.0385436535979 0)
(0.104377181341 0.0593062418835 0)
(-0.308860881178 -0.0773322109829 0)
(-0.0335717689167 0.0916716944342 1.27902818905e-17)
(-0.259196572763 0.0564546177102 5.20500660187e-17)
(-0.335113052847 0.0400356872224 -1.0242622757e-17)
(-0.127571284604 0.247849153766 0)
(-0.101092186275 -0.000640693144982 0)
(0.154638854601 -0.0613979208833 0)
(0.0392146262057 0.210216625389 3.53381136497e-17)
(0.0719194820459 -0.0600445935156 -1.41725993323e-16)
(0.0957935690964 0.224145591847 0)
(-0.256361330224 0.0794489554694 0)
(-0.116215033767 0.247920819982 2.1102359428e-17)
(0.089525709182 0.233055899792 0)
(0.103589393492 -0.16488788328 0)
(-0.0487504797058 0.0645178486108 0)
(0.0248997783378 0.143628924468 0)
(0.0359442679105 0.158016437343 0)
(-0.015313084366 0.100598021883 1.70832072676e-17)
(0.11482189368 0.139348595707 8.72510450015e-17)
(0.139906533457 -0.0264860720758 2.17024328353e-16)
(0.174671661114 0.0795329521163 0)
(0.113855633806 -0.140932034807 0)
(0.0295005619645 0.0255879431542 1.10755118234e-17)
(0.0888223723668 -0.159271414541 -2.33481962381e-16)
(0.053803092565 0.20623826254 -3.53381136494e-17)
(-0.186875246922 -0.186590814842 -9.25787380994e-17)
(0.211041789722 0.0404178257147 0)
(-0.304468371416 0.0675197750753 1.38862254967e-18)
(-0.0492352786887 -0.00355985649373 -2.29297763608e-18)
(0.05819871851 -0.150241752632 3.37887948009e-16)
(-0.195178886502 -0.201174123668 -8.66933140564e-17)
(-0.267076261128 -0.159255101906 -2.9878910433e-18)
(-0.221463669553 -0.198156689531 0)
(-0.311188627199 0.0942757320239 -3.16634236292e-18)
(-0.128623282124 0.0185154220488 -2.80107457434e-18)
(0.0535900088934 0.191483435149 0)
(0.0245462944022 0.102943820364 -3.06774134087e-17)
(-0.304887416678 -0.110832442894 0)
(0.0628478050318 -0.0609833464896 0)
(-0.0164946036739 -0.0105643089435 0)
(0.147944095323 0.0645991248177 0)
(-0.0774976133707 0.0264693812331 7.68265886063e-19)
(-0.286263247692 -0.11859970416 0)
(0.0706401829521 0.235945497575 0)
(0.0156379131697 0.17049348247 -3.0303515996e-17)
(0.065288723565 0.18617678333 0)
(0.0346736275657 0.123443756106 3.16627352761e-17)
(0.133681221134 0.0301033451075 0)
(-0.132154270309 0.0493066234626 1.05364947728e-18)
(-0.119207319712 0.0513550232365 0)
(0.0999993065235 0.0620158003119 4.63177148666e-17)
(-0.173179922931 0.0370013831321 0)
(-0.100802972408 0.254733332706 0)
(-0.129284494074 0.194854172716 5.09084000299e-17)
(-0.167888396487 0.0454459808045 9.94145185627e-19)
(0.117594811537 -0.00065309572556 -1.55086975883e-16)
(-0.307291322222 0.109670026008 2.85002874343e-30)
(0.168548216123 0.0191398356412 0)
(0.062021549535 0.23079743441 0)
(-0.300507387405 0.104909030441 0)
(0.140170168888 -0.0801634430089 0)
(-0.192824832423 0.112557155017 2.28312867926e-18)
(-0.269949035184 0.0874851686062 3.98455346869e-17)
(0.0936402000682 0.0785002975482 -5.05270909244e-19)
(-0.319460558499 0.0838272857783 0)
(0.0538026598324 -0.0966346722995 0)
(-0.134252126175 0.24073610935 2.87765661986e-18)
(-0.322035018889 0.0157283362206 -2.2266174935e-17)
(0.116296924592 0.115718784122 1.010652043e-16)
(-0.156063186542 0.230216409575 3.01349885232e-17)
(-0.204992839175 0.0792244589858 -2.63363185889e-19)
(-0.0234232722434 0.0757043210259 0)
(-0.131552214257 -0.0638986559342 -6.10330931636e-18)
(0.0442474682363 0.166951446868 0)
(-0.216216526105 0.0679580579081 1.58074824549e-18)
(0.00435078888322 0.107863689743 1.83105244167e-28)
(0.21822496216 0.0429414560341 1.87275053521e-28)
(-0.187518344224 0.206153445346 -1.29634689234e-17)
(-0.10188351679 -0.238938291957 -3.70206980537e-17)
(0.0900676016055 0.0654006053969 0)
(-0.0180507180206 0.100019400104 -1.70832072676e-17)
(-0.232736867565 0.0977283331694 -1.53511790007e-18)
(-0.145107691927 -0.232176974758 0)
(-0.170831547309 0.215092827459 -2.15209563714e-18)
(-0.15798099345 0.0339159015978 -1.00360101247e-18)
(-0.0205650491125 -0.231441250282 -1.6850771056e-16)
(0.169639070555 0.0990784085509 0)
(-0.189119701331 0.0865337527878 -9.66078411467e-19)
(-0.036963453971 0.0496710909258 0)
(0.178575595232 0.089519278798 7.05193793855e-17)
(-0.0325082033483 0.100554226654 -6.48867935219e-30)
(-0.0247817315345 0.109451015124 0)
(-0.0366560892078 -0.21692767035 1.57788337441e-16)
(-0.0322852971156 0.113237008792 -7.60118640389e-30)
(-0.197069550849 -0.206711681586 -3.16720423736e-17)
(-0.148231673239 0.137846423414 0)
(0.216281840792 0.0173157954581 1.25012857599e-16)
(-0.250017215801 0.101290173738 0)
(0.157450546488 0.0929659486643 -5.45385294507e-29)
(-0.060008731608 -0.00123205913757 0)
(-0.0448873534093 0.0171849756498 5.29790928738e-21)
(-0.297224749451 0.118453927635 -4.45213284918e-18)
(0.0788594849163 0.210460273083 -3.83160724453e-29)
(0.120504900496 0.0683551905134 0)
(-0.0625687151945 0.0745089209617 6.95881499063e-18)
(0.0310895088853 0.102461169328 0)
(-0.0553014371277 0.0692064358715 -3.09729565887e-30)
(-0.0985126579438 0.0111056999293 2.93179660117e-20)
(-0.0501367360624 0.0689395188221 3.09729565887e-30)
(-0.218266669812 -0.193038488951 0)
(-0.0400407133619 0.0744466182664 1.54282535789e-29)
(-0.121911144327 -0.238022031881 -7.65715011982e-17)
(-0.057814330226 -0.00234410388457 -1.90359483714e-18)
(-0.0300517747343 0.0935473947714 -1.27902818905e-17)
(0.213480864967 -0.0106446875509 0)
(-0.0482561256709 0.0259003063118 0)
(0.12138496589 0.0832692344645 0)
(0.133311448914 0.0673500948807 0)
(-0.12002123272 0.00583292537466 0)
(0.104480039418 0.207166063458 4.488369506e-17)
(0.0769531806953 0.195573405808 0)
(-0.201207797833 0.179426283287 -1.69182417332e-17)
(-0.0289949528745 0.0973369847188 6.48867935219e-30)
(-0.289534768359 0.0512549016953 0)
(0.137474590613 0.0442322587442 0)
(-0.285598954936 0.112204018867 4.45213284918e-18)
(-0.169768153335 -0.219999622213 0)
(-0.0491967434256 0.0389597272318 -4.32121809259e-18)
(-0.0375546352055 0.09435324295 1.20328286047e-17)
(-0.187042034886 0.190414481818 9.27412701127e-18)
(0.119702088464 -0.00892736726909 -1.19029364856e-16)
(0.000489799829308 -0.151066645991 1.60605185502e-16)
(-0.154208114924 -0.227413370006 0)
(-0.189160771985 0.12492239729 5.73395972699e-29)
(0.0952013065375 0.0844650992863 -2.26744430035e-17)
(-0.0154333682956 0.106192784805 -4.21905001736e-30)
(0.0350236961276 0.10392937382 0)
(-0.334294306464 0.0158369647377 -1.15624563849e-17)
(-0.0754626724387 -0.0945560987943 -7.06312176013e-18)
(0.0639309912575 0.217274690148 0)
(0.148369688257 0.0995844065931 5.45385294507e-29)
(-0.171790422299 0.229475099438 0)
(0.114413504403 0.0782954343094 4.84176523863e-20)
(-0.197059786135 -0.20641015817 0)
(-0.32788011692 0.0671479786763 0)
(-0.0824004405726 0.00722435197726 9.11229686038e-19)
(-0.2025294303 -0.0298074043095 -9.54839778612e-17)
(-0.152841117263 0.0406240579415 -1.33401090451e-20)
(-0.27854934084 0.140759260158 -2.34177927931e-18)
(-0.286918509085 0.0727524605991 -7.36494961175e-17)
(-0.124861623115 0.013704470052 -1.07628427646e-16)
(0.197717999204 -0.033067806129 0)
(-0.14697873063 0.0563006363045 0)
(-0.0632218000491 0.0128770905339 0)
(0.149066983578 0.0509680650325 0)
(0.124980884109 -0.000112444523568 -2.36315734107e-16)
(0.109477993772 0.0624918787797 8.18256942965e-19)
(-0.0365463046997 0.0987891518761 0)
(-0.271621721813 0.132472167944 -2.64139022348e-29)
(-0.0441449811188 0.0642746918527 0)
(-0.0158528262765 0.0861681544299 -1.33308009349e-17)
(-0.0474119572545 0.0722946463442 -1.39336697162e-29)
(0.114623618526 0.217199426795 4.97902142725e-17)
(0.0763442688058 0.0439687610135 -1.68841877865e-19)
(0.0746715409889 0.0489708480458 1.80739886732e-19)
(-0.0557951019978 0.100640409025 0)
(0.0499429208878 0.0350554306488 0)
(-0.108025894296 -0.118293284534 0)
(0.0227919671587 0.0850862850012 0)
(0.0215976969435 0.104654758639 3.06774134087e-17)
(0.0279338666616 0.159674753113 0)
(-0.290354517707 0.134581583748 0)
(-0.073322377647 0.0542965558104 -4.53538721994e-18)
(-0.0331759505752 0.145624549725 0)
(-0.21456436172 0.107575298443 3.76217635154e-18)
(-0.14898581136 0.0539707549422 0)
(-0.0473755812888 0.0325788862286 0)
(-0.0742206627729 0.076649542389 -8.87641325757e-19)
(-0.040838612996 0.10226589141 -1.40835478113e-17)
(-0.24619903505 0.0841048701296 0)
(0.133728221237 -0.0408041153222 -1.521355833e-18)
(-0.172277287565 -0.163152791717 0)
(0.0976679445198 0.227068613783 -4.97902142725e-17)
(0.0388878034507 0.0896660917471 -3.42184276458e-17)
(-0.0505071287041 0.0458722049857 -1.37393104634e-30)
(-0.138080198769 -0.179135686968 0)
(-0.210961014168 0.123079971331 -6.26413100012e-18)
(-0.293786322866 0.00624338369175 0)
(-0.271321397677 0.114573328262 0)
(0.0620817552173 -0.206104018267 -1.04992645615e-16)
(0.0515245530285 -0.209890356202 1.94272505882e-19)
(-0.255777688115 0.159605269693 1.46634818595e-17)
(-0.117405511158 0.0169111757774 -9.74777608994e-19)
(-0.0543691663026 0.0238637895681 -2.67401199669e-19)
(-0.0403867843409 0.0333626348596 0)
(0.055544268975 -0.071099805112 2.52682110314e-16)
(0.192728943616 -0.0576353155492 1.7077319923e-16)
(-0.251936217533 -0.0269729642285 -1.21135816313e-19)
(0.0632608838001 0.171875918204 3.81503930104e-17)
(-0.053223841732 -0.00549578406047 2.30291762037e-18)
(-0.0508912745428 0.0315511063662 0)
(0.0295638744107 0.0790963301325 1.56284643816e-29)
(0.0376848339346 0.148353475105 0)
(-0.0926851886315 0.168103459754 0)
(-0.0653055580057 0.0700826942229 -1.31069656312e-17)
(0.12700441107 -0.00184584880013 7.63327347655e-17)
(-0.14999216298 0.0887531903688 -3.33693076917e-18)
(-0.186712965814 0.12574291569 -4.66415968027e-18)
(-0.168997171013 0.11224296811 3.33685390813e-18)
(0.145942734328 0.172716521317 7.4836700282e-17)
(-0.0427853928652 0.0715608547247 1.39336697162e-29)
(-0.175461847619 -0.21146474193 8.66933140564e-17)
(-0.0235236996009 0.092540611215 0)
(-0.177952986886 -0.0158772825371 9.54839778613e-17)
(-0.0911852461787 0.0125499232824 1.23055789226e-18)
(0.0977281408256 0.0960861463499 4.5607151176e-17)
(-0.170209262309 0.0897522741678 -2.28363072429e-18)
(-0.205418838063 0.0525533699099 -1.58074824549e-18)
(-0.0392955936484 0.107208829668 1.40835478113e-17)
(0.0256920474451 0.121921791689 3.04983423934e-17)
(0.114299634237 0.0592928607332 -5.44132200192e-17)
(0.171903156068 -0.0703917630472 -2.1712558704e-16)
(0.106437057111 0.198285344867 1.29050656981e-28)
(-0.025455872117 0.0150013790169 -7.53338267534e-20)
(-0.321799874692 0.0349928351826 2.00428276104e-17)
(-0.269157884006 0.15703109146 7.81024157583e-18)
(-0.134106853914 0.0773103482186 -3.60817740071e-18)
(0.174293101824 0.030866956093 0)
(-0.0706510719367 0.0495100317478 0)
(-0.200560192182 0.0239732826567 0)
(-0.0510791249407 0.06100341545 0)
(-0.0709785230884 0.0814989403993 7.67491838599e-18)
(-0.115564948602 0.23991345612 -3.3012645143e-17)
(-0.0479881083168 0.042329600709 2.40472690081e-18)
(-0.244296956515 0.175153329027 -8.38171888054e-18)
(-0.291788520007 0.13671189773 0)
(-0.198893114705 0.0639509730341 2.62761246773e-19)
(-0.107579195398 -0.000215090935411 2.7996938739e-18)
(-0.219446482616 -0.191123559775 0)
(-0.175219361243 0.22986357338 -2.60042533507e-18)
(-0.146394036892 0.23417143515 0)
(-0.143764390334 0.0459435247134 -2.51472749006e-21)
(-0.0530843660182 0.0379031827633 0)
(-0.078680345832 0.0101051605019 1.09243065824e-18)
(-0.202079404186 -0.0561489120855 0)
(-0.192728565475 0.160241128641 1.54337227614e-18)
(-0.177156805587 0.0113600959907 -4.34081101326e-29)
(-0.157656489155 0.0252662128448 -1.20753795178e-19)
(-0.0245843048173 0.0822667596785 1.04888058941e-29)
(-0.0860206227362 0.0735860214742 6.69923519982e-18)
(-0.200514264116 0.210965687271 -1.55030404633e-17)
(-0.0426465225778 0.0602388315934 -2.61683866267e-30)
(-0.0830722950728 0.0786161079462 8.68285818671e-19)
(-0.224597608217 -0.0167856039856 0)
(-0.093130576654 0.248851009985 6.13902917181e-29)
(0.148874277329 0.109582417972 5.81891633861e-17)
(-0.174604165221 -0.141863660137 0)
(-0.0721296051781 0.00726569398634 -2.53753401055e-18)
(0.203017883542 -0.0420074700453 -3.40152827408e-16)
(-0.163329959892 0.235580914028 -2.26370301646e-18)
(-0.0345059137314 0.108762451477 7.01305218565e-30)
(-0.0819299782492 0.01250211509 1.01190221014e-18)
(-0.0883672049392 0.256321190781 -6.13902917182e-29)
(-0.299829051344 0.124264320176 0)
(-0.135910306068 0.223966253799 -1.65183497286e-17)
(-0.120926936915 0.227516842271 8.22904716794e-17)
(0.16404924581 0.0592468861834 0)
(-0.216523092438 0.186944536354 2.12567331269e-18)
(-0.164550446936 0.227462609697 1.51155645605e-17)
(-0.0240006497698 -0.0154755441427 -1.28242186421e-17)
(-0.129606890171 0.190123575517 -1.33178570188e-17)
(-0.0652585682149 0.015500448602 0)
(-0.191071804277 -0.169205420415 -4.52635604724e-29)
(-0.220529059343 0.157388256284 -5.2987855095e-18)
(-0.312481303683 0.0910144904742 1.66230923712e-29)
(-0.134884613128 0.24357392376 -2.1102359428e-17)
(-0.0547778295651 0.0449643596632 1.37393104634e-30)
(-0.0368555707389 0.0337941839007 1.565191301e-18)
(0.215406532497 0.0612932734462 -9.42758817629e-17)
(-0.0722464331632 0.215532786247 -3.56785462664e-29)
(-0.0825744510024 0.256483022932 2.72226442258e-17)
(-0.246005570818 0.147411425357 -1.07507185024e-17)
(-0.0635975431444 0.0648554716946 1.16038828449e-17)
(-0.0357100534755 0.118562716332 1.63037014387e-17)
(-0.306329097773 -0.111315246282 2.78706051862e-31)
(-0.0560388329427 0.0607362611384 0)
(-0.0955334377842 0.206271171247 -1.79573829027e-18)
(-0.0309237844636 0.104663480189 -7.01305218565e-30)
(-0.119305073317 0.226010143754 1.65183497286e-17)
(-0.144833078289 0.107203124266 -5.52047578519e-18)
(-0.0437654918645 0.111924901741 -1.09828943457e-18)
(-0.162895567242 0.218283541733 -3.65945250599e-17)
(0.118816408127 0.00070824124665 0)
(-0.0492123965368 -0.106284588062 1.46580422541e-16)
(-0.16147669857 0.122465120654 -5.60858141342e-18)
(-0.0565292019269 0.0741237574221 6.78532248747e-30)
(-0.109692106335 0.208432668804 -1.63980199165e-17)
(-0.0558178205918 0.0526175573184 0)
(-0.048908515419 0.0493812287099 0)
(-0.0572643814775 0.0221350824642 0)
(-0.136924063711 -0.230174269548 3.68674323554e-17)
(0.0535763504617 0.0352200421472 -1.01699260911e-16)
(0.0754167329674 0.0688899061499 -2.34805875142e-17)
(-0.0183315304246 0.112845004718 -1.85285266817e-17)
(-0.051171625942 0.0532577048465 0)
(0.116454732261 0.207654927765 5.00420628012e-17)
(-0.0271515720041 0.151278393186 -1.00202463518e-29)
(-0.0874125950617 0.18460737345 1.65715902174e-17)
(-0.201405921104 -0.188502163564 9.25787380995e-17)
(-0.0723438901658 0.0698685220206 -7.66416969916e-19)
(-0.0375002142219 0.0668551381935 0)
(-0.203285697047 0.147681574895 1.0764902126e-17)
(-0.0512797777693 0.0282739932201 0)
(-0.252356108978 0.130724016575 7.21711707844e-18)
(0.0251454592826 0.170069300039 3.0303515996e-17)
(-0.0246784325539 0.117712177771 1.88737117478e-17)
(0.0829363759824 -0.154269913785 -1.90763402516e-16)
(-0.130296111182 0.0848167872847 3.60800997909e-18)
(-0.0313512147628 0.135866446376 2.00181612338e-17)
(-0.193852967762 0.219409978066 -2.24706373983e-18)
(-0.0840691378435 0.0596023372155 -5.04866037193e-18)
(-0.0539191498637 0.0344229888987 0)
(0.162243872861 -0.0800180441848 2.41123908838e-16)
(-0.0938381183013 0.0605825135766 -8.78644178707e-18)
(-0.313762347074 -0.0984444633099 3.21809029041e-30)
(0.0530609091868 0.0663747775207 0)
(-0.0274035338216 0.164530349711 1.00202463518e-29)
(-0.0186822690976 0.169870263951 8.93359904405e-29)
(-0.115894284626 0.0745970187635 -4.65134485368e-18)
(0.0603062794449 0.0701560252855 -3.80096025429e-17)
(-0.208448604232 0.132772639307 0)
(-0.0578363543711 0.0653138996257 0)
(0.181585591846 0.128523177492 -1.16063580294e-28)
(-0.0670591352364 0.194005964457 3.56785462664e-29)
(-0.0355533455293 0.130548208341 0)
(-0.163785581111 0.140507529465 6.60662441395e-17)
(-0.00484353077054 0.23758159457 -3.11344217579e-17)
(-0.22929908565 0.14225376069 9.02141960183e-18)
(-0.23260074037 0.114594098087 -1.213043655e-18)
(-0.041556209719 0.117536607843 -9.43587993628e-19)
(-0.144495091353 0.215694808799 -3.00184631927e-18)
(-0.0997448524619 0.0728124292637 1.04227726472e-17)
(-0.0134253007786 0.257460676157 3.20028842197e-17)
(-0.0853737719627 0.220606247336 1.81937582068e-17)
(-0.150712831661 0.0266382720584 0)
(-0.00570355676493 -0.171456014033 0)
(0.10138977265 0.193299637597 -4.488369506e-17)
(-0.268018553902 0.13179167001 -5.46846229652e-18)
(-0.153012135466 -0.0290843505582 0)
(-0.0169890141588 0.186506958569 -8.93359904403e-29)
(-0.112358743505 0.0803134161344 4.65134485367e-18)
(-0.0326722865446 0.123431619773 0)
(-0.0491994995066 0.0568282507866 0)
(0.0820023284071 0.0488993375858 -3.70061902238e-17)
(-0.216918122434 0.198810291518 -1.09588875286e-17)
(-0.0458888384004 0.124276649028 -1.56717966048e-17)
(-0.229676747228 0.173114883556 8.83321421587e-18)
(-0.0637529843547 0.0214229724945 -2.81554336134e-19)
(0.136826837659 -0.119377394291 -6.11103743643e-18)
(-0.058104889881 0.0568004483435 0)
(-0.175684463625 0.14609705 -1.31374753742e-18)
(-0.125993597577 -0.238374921443 0)
(-0.0246298937831 0.134309031335 -4.11978355494e-17)
(-0.00750950938081 0.22039620671 0)
(-0.115395768235 0.190900992 1.33178570188e-17)
(-0.0858879185625 0.0890292030739 -1.61077613922e-17)
(-0.026917124586 0.123309947152 -1.94553489216e-17)
(-0.0744460533838 0.064908828704 -6.02086009032e-18)
(-0.0414074671059 0.0920309443597 -1.20328286047e-17)
(-0.0233581393059 0.216165931251 0)
(-0.262326828555 0.0846197793126 -5.41786197647e-19)
(-0.0967073448186 0.0778461161088 -5.68677719105e-18)
(0.105801627127 0.0895463036186 -7.22355209981e-17)
(0.153652872632 0.135502746588 0)
(-0.152244907256 -0.132298081332 5.48149908124e-29)
(-0.316610555921 -0.0830490496164 -1.68390816047e-17)
(-0.104615031346 0.16953710234 0)
(0.0333144754632 0.0787273681886 -1.56284643816e-29)
(-0.215809799462 -0.214124012433 0)
(-0.0197941677554 0.138300610438 2.11796743156e-17)
(0.00825889982955 0.110722962309 -7.74343465347e-19)
(-0.298001960688 0.0903284777613 4.43139525802e-18)
(0.128288706512 0.10589639838 0)
(-0.0576692004809 -0.0358290890326 0)
(-0.0827392508479 0.0647090983147 5.04866037193e-18)
(0.13955957348 0.199193200975 0)
(0.0088163313368 -0.229444903258 0)
(-0.0625477475265 0.0183135342605 4.22219158898e-19)
(-0.216853152456 -0.0147394704421 3.94083592874e-18)
(-0.0232216775176 0.127247278588 1.94553489217e-17)
(-0.0424972972118 -0.0399473470301 3.44706799908e-19)
(0.137864408069 -0.018305530935 0)
(0.0072276949358 0.257229877526 1.34021576528e-28)
(-0.0142132468415 0.247344123763 0)
(-0.177601508627 -0.0951507323952 0)
(-0.179237072477 -0.216081798026 -3.14232296244e-29)
(-0.0426447090819 0.13081408428 0)
(-0.0493951907758 0.109800344251 -1.42618240105e-17)
(-0.235359251911 0.0950436182609 0)
(-0.0452169455609 0.0268078345755 0)
(0.0143526555365 0.138139595386 0)
(-0.0198905398646 0.14731685867 0)
(-0.0529649875419 0.123154379118 1.56717966048e-17)
(-0.185095757313 0.205410064854 1.58129632326e-29)
(-0.157828145437 0.203358223628 0)
(-0.150009696308 -0.22823349217 -9.96766343079e-17)
(-0.141856048621 0.208143455471 0)
(-0.0623906354398 0.105176040685 -1.09236648338e-18)
(-0.0242987455962 0.196238343789 0)
(-0.204808422716 -0.198686159668 6.60097928525e-17)
(0.0448303770983 0.0944824974893 0)
(-0.19218662074 0.217718929084 2.16792356588e-17)
(-0.0560064999508 0.0412585606132 0)
(0.0416160502046 0.0712434938131 0)
(-0.129841486183 0.169724689326 0)
(-0.17335778719 0.0659439903214 -7.94943022907e-17)
(-0.0574599724955 0.0487424741915 0)
(-0.0069603157424 0.260627526138 0)
(0.138903255716 -0.0072108040617 8.68950967489e-17)
(0.015684860603 0.24890794558 0)
(-0.105612553144 0.1505310476 0)
(-0.199985489535 -0.105867273454 9.59379772587e-17)
(0.125325454111 0.18449931073 0)
(-0.0178289526495 0.126055106855 0)
(-0.226708759845 -0.190667426399 -1.73263499515e-17)
(-0.143310108203 0.244330589138 2.26142325547e-17)
(-0.0578527972729 0.0294947920091 0)
(-0.0205618897275 0.102993807625 1.73085914024e-17)
(0.0163191570552 0.236880941105 0)
(-0.0757629507557 0.180553357388 -1.65715902174e-17)
(-0.00712683351491 0.254035684503 0)
(-0.104082677177 -0.241892970727 -9.74057955569e-17)
(-0.0721132182933 0.0591125666764 4.53537672942e-18)
(0.115389632918 0.000759057212554 0)
(-0.0806566362263 0.0524901626657 0)
(-0.285360296158 0.0953130061995 5.41786197647e-19)
(-0.0613055795171 0.0275029468876 0)
(-0.061364224098 0.150556465713 0)
(0.00914855851237 0.259189041906 4.00875532636e-17)
(0.133488129737 -0.0313560272528 -2.44719528519e-16)
(0.188141730305 0.133848567397 6.87021245716e-17)
(-0.0576063229501 0.0329803521864 0)
(-0.0453892163226 0.0999241284695 -2.32381970692e-29)
(-0.150120807304 0.200060835655 -4.38803700769e-17)
(0.182740448862 0.146471306289 -6.87021245714e-17)
(-0.0892714860254 0.0182559028738 -6.48196826318e-19)
(-0.0616196140423 0.113203212039 2.60528444859e-17)
(-0.113312603993 0.128776003367 8.50742982712e-30)
(0.0386432741825 -0.0055246466709 0)
(0.137644967951 0.103384478934 0)
(-0.0482338705931 0.0768763361482 0)
(0.0529977840757 0.163340268002 0)
(-0.0327128999509 0.0435587917885 0)
(0.121563398514 0.200722986175 0)
(0.0544970773718 0.0963569227168 0)
(-0.200316289501 0.206719251907 -2.63349826588e-17)
(-0.0272144517304 0.0806444654947 0)
(0.10028618143 0.109799833747 4.59153361519e-17)
(0.103143300213 0.103026300037 -7.2222274887e-22)
(-0.204137893797 0.215191939505 -4.03521356819e-17)
(-0.0607758388768 0.0240080865881 0)
(-0.0817325712809 0.0307393680549 -7.69263198686e-19)
(-0.0543636543571 0.0269256689022 2.62318595031e-19)
(-0.115575892723 0.0221401547538 5.63118931769e-20)
(-0.171733454458 0.177117480895 -9.78706656109e-18)
(-0.278775438126 0.0186664018293 0)
(0.0949286112842 -0.111843911695 0)
(-0.060887602551 0.0359427457199 1.87946999688e-18)
(-0.126684124387 -0.229113322941 5.32012994345e-17)
(-0.0648585096689 0.0299630440299 0)
(-0.122808164164 0.125318199025 0)
(-0.0394502017529 0.0139866709254 7.06026267184e-19)
(-0.0242428106248 0.036945961301 2.33433857189e-18)
(-0.0506883968204 0.10370461667 2.32381970692e-29)
(0.0884872075915 0.187743326345 0)
(-0.121464029436 0.0697436680102 -9.6902775924e-17)
(-0.0550106525841 0.115666347452 -1.35172164691e-17)
(-0.309787488889 0.109517159656 0)
(-0.0834526314361 0.0348340682969 0)
(-0.086020786061 0.0240744160215 -5.29993464135e-19)
(-0.0462086369634 0.0947137054192 -5.32613628163e-30)
(-0.191773365136 0.190253700191 -1.58129632326e-29)
(-0.116857354074 0.149350243749 0)
(-0.041765575513 0.0673932346055 0)
(-0.197612091763 -0.129258148862 9.72157948746e-17)
(-0.0622634869958 0.0474073132904 2.91158259115e-18)
(0.0311588754219 0.142434228665 0)
(0.0661524091706 0.0187429776545 1.22525509955e-17)
(0.165540206786 -0.0889254921493 1.90628561935e-16)
(-0.0187060643867 0.106081802076 -1.73085914024e-17)
(0.0876560954335 0.103211254252 0)
(-0.0522294365863 0.000400585735555 0)
(-0.0225234691636 0.0770021055242 0)
(0.0852839467376 0.0669761370376 2.15741656566e-17)
(-0.0327644252216 0.185065700172 0)
(0.162596349573 0.160496031103 -7.26947816144e-17)
(-0.0200372497879 0.117440730538 -3.87656946369e-17)
(-0.0852933208185 -0.240679645528 7.83475862583e-17)
(-0.0027986628599 -0.232265219708 8.04102329733e-17)
(-0.295083210868 0.121590683529 2.00415917679e-17)
(0.116426853267 0.0661209232504 -1.14821370738e-16)
(-0.065036523722 0.0337731202644 -1.51005330069e-18)
(0.134392107421 -0.101302918633 0)
(-0.126122710817 -0.014307270933 1.17410978633e-16)
(-0.0277151219339 0.249694772024 -8.54315925088e-29)
(-0.225415086675 -0.186605924372 0)
(-0.220425876856 0.193134742367 3.33853476133e-18)
(0.129282553333 0.196596656242 -5.00420628012e-17)
(-0.063426457948 0.0557809171369 4.10480717265e-18)
(0.077173196136 0.0482119314869 0)
(-0.162145167186 -0.265187053594 -2.37195934491e-18)
(0.111843031681 0.183363407006 0)
(-0.00645559860458 0.214241464638 6.11437081386e-17)
(-0.0602635225144 0.0397815433728 -1.87946999688e-18)
(-0.0555882474968 0.212345745721 0)
(-0.034755550939 0.13984104448 -4.03875601966e-29)
(-0.263558940773 -0.107646441986 -8.30942348977e-18)
(-0.151385515975 0.0155080525358 -4.75059167077e-21)
(0.0991115160851 0.0669770537978 -5.62287636891e-21)
(0.126616328909 0.0424789225758 0)
(0.0184241072683 0.205546538904 -2.51325152435e-28)
(-0.0656474207568 0.0604121776669 -5.45573220433e-18)
(-0.016051841228 -0.22094589371 -1.74669641192e-16)
(-0.295251932847 0.0531027947516 -2.01285740363e-18)
(0.154471238344 -0.00756508076328 0)
(-0.318015560153 -0.0647280075785 9.57122363415e-30)
(-0.0887137301143 0.0278876671006 5.30041801264e-19)
(0.09128543525 0.0252659405728 -4.97402093377e-28)
(-0.249343155301 0.178882598891 -1.95331753243e-17)
(-0.247445075824 -0.0377312962327 -7.31235260243e-18)
(-0.192906774013 0.101816016216 -5.88424208071e-18)
(-0.174123357044 0.186283312988 4.3880370077e-17)
(0.0841115745298 0.172924808341 0)
(-0.114027157772 0.146475861289 -7.04836341733e-17)
(0.175749772353 0.0605545161774 7.5503901772e-17)
(0.0769367759865 0.108928354568 4.08360179524e-17)
(-0.126850496843 0.0247049758567 9.9455239125e-19)
(-0.0649309978341 0.0514509639377 -4.10480717266e-18)
(-0.231922313792 0.193102460821 4.25296232217e-17)
(0.0543897369942 -0.0514112608926 0)
(-0.00557622417858 0.230682405737 -2.61124530087e-29)
(-0.0633195222941 0.0432810185168 -2.91158259115e-18)
(-0.0931259149923 0.0218529888821 -3.63594920153e-19)
(0.0804244149855 0.0521171563921 3.82265613545e-17)
(-0.0208408671978 0.109777963249 1.85285266817e-17)
(0.0906585688384 0.0976003188685 0)
(0.148728041558 0.188210668571 0)
(-0.0167731341269 0.120483019672 1.98919828892e-17)
(0.0511784980134 0.0999755201988 3.57285109617e-17)
(-0.0965886274899 0.0165366446647 -1.24816237023e-18)
(0.0659990597071 0.113200481229 3.83589976407e-17)
(0.0486793259901 0.10874987706 -1.57063764361e-29)
(-0.0447145028025 0.0297457105335 5.07014313563e-31)
(0.14131504857 0.192086375971 2.41911960763e-29)
(0.0630005518799 -0.185165063014 0)
(-0.0534637022337 0.0778612610287 0)
(-0.103217506705 0.0314777626067 0)
(0.0881921236552 0.116743234124 -1.5191820377e-28)
(-0.255899821483 0.176989848992 0)
(-0.261989848364 -0.064885158085 -7.43472921222e-17)
(-0.224033224401 -0.0679578664785 0)
(-0.0589079403032 0.173008998376 0)
(-0.0291659852748 -0.163418173157 0)
(0.134812413531 0.0390475082647 -1.09908333323e-18)
(0.0287521132036 0.0915576639397 0)
(-0.293878284445 -0.0864410875528 0)
(0.0648519384776 -0.149107092227 4.60065863401e-18)
(-0.178408293967 -0.0694450535548 1.09986556137e-16)
(0.017651317458 0.116343075414 1.00044028446e-16)
(-0.313423429432 -0.015033442469 0)
(-0.244686846428 0.183282661276 0)
(-0.280799829768 0.136237382784 -2.00415917679e-17)
(0.173069144467 0.00700740624932 -2.44025454022e-18)
(0.126973839062 0.0245857370088 6.70749017892e-17)
(-0.327745042208 -0.0120771863249 0)
(-0.227925001767 0.17878145432 0)
(0.138356609329 0.114525859929 0)
(-0.3234267716 0.0817486229613 -1.08654720924e-17)
(0.13991900716 0.189256269474 0)
(-0.27960061388 0.151965899614 2.96530032806e-30)
(-0.172237338375 -0.219593584419 5.91843115243e-17)
(0.116545712426 0.117289486993 0)
(-0.213745784677 0.175859946268 0)
(0.0864616006852 -0.187128716261 -8.46136693917e-19)
(0.162359958305 0.175896509924 0)
(-0.0293920375226 0.23715999948 4.98276856935e-17)
(0.0184969430314 0.141435798062 -8.57107893584e-17)
(0.0405898358367 -0.164293929241 1.86163277125e-16)
(-0.22243715236 0.202306373137 2.69150989197e-18)
(-0.216493683335 -0.13674542433 -9.72157948746e-17)
(0.094152585862 0.0691905042383 5.61321330577e-21)
(-0.0529033881048 0.228688800926 -4.98276856934e-17)
(-0.0308893752011 0.204667941877 -6.11437081386e-17)
(0.11272199036 0.159370540798 0)
(-0.0968144381924 0.0293605381673 2.20642360433e-16)
(0.168107493261 0.141600335047 7.1923525232e-29)
(-0.229264910032 0.197437701292 1.59813901311e-17)
(-0.0145616460242 0.112446366756 0)
(0.0494796847059 -0.120401692685 -1.75115152169e-16)
(-0.0136958813154 0.128991517186 0)
(-0.212222279123 -0.156947386805 0)
(0.137202880825 0.0345560613649 -7.49052852203e-17)
(-0.0418125543758 0.0874244670939 0)
(-0.0137456370422 0.135641934785 0)
(0.141989752376 -0.00259843449638 7.47926185064e-17)
(-0.213080033385 -0.0969186362728 9.76560436909e-19)
(0.108210811815 0.0813454745783 -2.39744537299e-17)
(0.138585772338 0.0788136030094 0)
(0.0554181271125 0.0708116014044 1.14421535272e-21)
(0.0681093326677 -0.0401604904714 0)
(0.156564836806 0.113266431303 9.69339066016e-17)
(0.0701493743114 0.069797692665 -1.95653553805e-17)
(0.118872086166 0.108909483429 -4.89450484765e-17)
(-0.171150850684 0.0268354749313 1.99913802409e-18)
(0.0878629055201 -0.021539442789 -1.11139449951e-18)
(0.115845028813 0.0400225389576 0)
(-0.114209848103 0.0332144399249 -4.39157138542e-20)
(0.0521929067281 -0.135618531241 6.99167534887e-18)
(0.134765126066 0.0259626837389 4.09509919186e-17)
(-0.253771933745 0.147477605535 0)
(-0.293098431843 -0.016649144728 0)
(-0.277876769928 -0.0519856370701 2.68729505539e-29)
(-0.0197857434047 -0.226944821946 -7.18003233085e-17)
(0.0581159954003 0.106150047439 3.71469024777e-17)
(0.0298855554997 0.125260704521 -3.16627352762e-17)
(0.197561603897 0.119556569481 -1.32458622099e-28)
(-0.216658173052 -0.0237323536337 -8.45705645115e-18)
(0.0919127680063 0.110656569455 0)
(0.124277578211 -0.125611538742 0)
(0.186020441164 -0.075099428796 -3.28491661038e-28)
(-0.130230506273 -0.00550575299172 9.46611481329e-18)
(-0.224286918375 0.00930864100452 0)
(-0.198958279392 0.0502600994186 7.94943022908e-17)
(0.182158850224 0.148943790061 -7.14251588585e-17)
(0.170983078984 0.161577362225 1.44119940473e-16)
(-0.220034487224 0.061498558788 0)
(0.13931349438 -0.124231045985 0)
(0.125470432574 0.0207866713648 -4.19809075899e-17)
(-0.0513147195083 -0.131039213815 0)
(0.173654983904 0.101035446489 -9.69339066015e-17)
(-0.0124796473672 0.119370075989 0)
(-0.245679732941 -0.029615719031 0)
(-0.00678123722354 0.175349304235 -7.1822009427e-29)
(0.0583863271163 -0.0426357808176 -1.30921348968e-16)
(-0.0609843258414 -0.00528715392081 1.76921427116e-18)
(-0.231265465438 0.116964156368 0)
(0.0589229857308 0.0498573652838 0)
(-0.144151507063 0.107349391909 -7.59206208246e-17)
(0.0722355943537 0.166061861777 -7.68488761735e-17)
(-0.153401752834 -0.0563221363191 -2.28140086166e-16)
(0.111276719275 0.10099684563 4.89469671904e-17)
(-0.088671560687 0.1365298014 0)
(0.141898044296 -0.082031426796 2.58823058884e-16)
(0.0925740292714 0.164983381013 -4.21134406393e-17)
(0.106581140397 0.118622392739 -4.59153361519e-17)
(0.105523142579 0.169066955573 0)
(-0.054053336135 0.083027125121 0)
(-0.121284353489 0.0290678069152 0)
(-0.041325648127 0.0304215778775 -5.07014313563e-31)
(0.0799382125126 0.116501021213 1.5191820377e-28)
(0.145223880774 0.0445267799898 0)
(0.0353560202449 0.0753200760351 0)
(0.100633687271 -0.145137437147 -2.47003876336e-16)
(-0.217266166271 0.0859026110354 -6.4548815296e-17)
(-0.24436737445 -0.0547032425858 7.43472921223e-17)
(0.0332509427337 0.135185766495 0)
(0.103101850469 -0.0274062181413 -2.77038033175e-16)
(-0.00802737553575 0.152716018788 8.57107893584e-17)
(0.158955188509 0.0516529724232 0)
(-0.0287051206058 0.26254751454 0)
(0.0700010932983 0.108797710081 -3.88792542829e-17)
(7.47603197092e-05 -0.126842687013 0)
(-0.138998456481 0.00688161108498 -2.74778911332e-18)
(-0.227950573568 -0.183303023332 4.62242205805e-17)
(-0.137289347542 0.143628959455 0)
(0.201119398074 -0.0451064554551 1.69379952522e-16)
(0.0594890070349 0.112335493761 0)
(-0.0183920583498 0.0850716327252 1.33308009349e-17)
(0.122096072183 0.137112546912 0)
(0.0281185233646 0.130988494099 0)
(-0.110054258837 0.0267805339881 0)
(-0.269881422302 0.161885252377 -2.96530032806e-30)
(0.180364359387 -0.0731465199712 2.17123751215e-16)
(0.0997802761942 -0.0135420151867 -1.16593526622e-16)
(0.012579018386 0.0560199004868 -3.09264783837e-17)
(-0.0712483266394 0.0449771058486 0)
(-0.013280765671 0.10868808338 0)
(-0.140907004214 0.131523890135 4.41739003373e-18)
(0.0633316988887 0.083392684808 1.91683044053e-17)
(0.0444831088295 -0.0527773980638 0)
(0.0318912497884 -0.0408979583064 -1.43868263894e-16)
(-0.153039115416 -0.108049283981 1.2354572865e-16)
(0.0659031074128 -0.0208825028422 2.97070924403e-16)
(-0.316050353178 0.0955506755271 1.08654720924e-17)
(-0.0684107118105 0.0369099980109 1.51004199324e-18)
(-0.068237579223 0.0410965736767 0)
(-0.113326505598 -0.240941582366 -1.10204468185e-16)
(0.0966504298218 -0.0210051404161 -1.39917977052e-16)
(-0.027748569279 0.0525948986445 0)
(-0.0709759482075 -0.0053452720862 -2.32880223926e-18)
(0.134482901196 -0.0625194596029 5.3190688789e-16)
(0.153138018064 -0.00802018644349 1.41347791716e-16)
(0.0192749965289 -0.157660010457 0)
(0.00639878237125 0.0560530428404 -3.41517550463e-17)
(-0.0114168929127 -0.00373402774095 0)
(-0.0984394210269 -0.0482678104878 6.65223579592e-18)
(0.105190217646 0.146210449306 0)
(-0.221991245793 -0.0926156427294 -1.82216790849e-16)
(-0.0366095758598 0.11464669643 4.03875601966e-29)
(-0.142995890977 0.166198134251 0)
(0.0737016202251 -0.0314324976726 -1.31325357231e-16)
(0.147030883628 -0.10633273699 0)
(0.0264065030953 0.0940202359419 0)
(-0.170777960346 0.0915782701739 1.46353678201e-16)
(0.112357739244 -0.118373658111 0)
(-0.253899740963 0.067999310119 -1.0197088963e-18)
(0.187130952639 0.108814412212 0)
(-0.319868524262 -0.0863062367935 -3.21809029041e-30)
(-0.00860141565536 0.138337772086 0)
(0.172226979152 -0.0922354314514 -1.90628561935e-16)
(-0.032263635039 0.0625210944263 0)
(-0.0117380374326 0.114838216816 0)
(0.105588611372 -0.137937516137 0)
(0.13656279775 0.0281672113236 0)
(-0.269253673661 -0.146275203721 -3.3702509551e-17)
(0.0182034576387 0.185879731504 -7.50035513138e-17)
(-0.314618598555 -0.10034476844 -2.78706051862e-31)
(-0.263619408071 -0.0170815637894 2.89416476006e-29)
(-0.0949923287142 0.0573224392008 9.69027759241e-17)
(0.134997424365 0.0026668796012 0)
(-0.171498109882 0.0771919082074 -8.80201878965e-22)
(-0.0664030127204 -0.00347430723289 1.24210375538e-19)
(0.0524976105989 0.105359771344 -3.57285109618e-17)
(-0.299149085884 -0.108981996941 0)
(0.0725629100805 -0.148664011718 0)
(0.0758565002835 -0.160432595258 -2.28836476207e-16)
(0.0705269632165 -0.128260676856 0)
(-0.138006658934 -0.227720650279 -5.11032393589e-17)
(0.131457874004 -0.0750883590661 -2.65250880289e-16)
(0.0785749301331 0.130884040956 -1.50390915714e-28)
(-0.0109753324789 0.0755332437264 0)
(-0.0772467568051 -0.143998525518 0)
(0.125916390772 -0.0453735729449 0)
(0.0783587853454 0.0730786515562 2.07781039544e-17)
(-0.0755358608115 0.0229295088799 -1.38493646745e-19)
(-0.127407520247 -0.144242440084 0)
(-0.321860537073 -0.0689401523346 -1.19998393073e-17)
(-0.33625955286 0.0289383042189 2.76384356097e-18)
(-0.240176798637 -0.176703328741 0)
(-0.332766715409 -0.019880745683 0)
(-0.0425809309846 0.0243622103934 -1.32780086302e-19)
(-0.153433844192 -0.223214911255 1.86895103563e-17)
(0.0223562844977 0.0903313655923 0)
(0.0804046736596 -0.192519142808 1.04538572078e-16)
(0.210333357457 0.011268150747 0)
(-0.0460936591727 -0.0527785187611 0)
(0.125160114936 0.0183422532358 4.82409144854e-18)
(0.043595962183 0.107418793018 3.37362139286e-17)
(0.0274871746598 0.0882393696488 -3.33511263306e-17)
(0.0253470197708 -0.222276397732 -7.81369784825e-17)
(0.119317355028 -0.141400353503 0)
(0.11200745093 -0.0171749811356 2.16157700812e-16)
(0.0913334865167 -0.0382009964661 0)
(0.0763694009231 0.0775558426372 -2.05551649522e-17)
(-0.279996910702 -0.0284636611542 -2.68729505539e-29)
(-0.221957780432 -0.187434005351 -6.60097928525e-17)
(-0.267377089215 0.0467309076578 2.21519560686e-18)
(0.124019128421 -0.0560502974702 -2.666560076e-16)
(-0.317564011846 -0.0422726056741 0)
(0.160206982111 0.0149075065819 0)
(-0.102768290942 -0.132883499439 0)
(-0.0328396650015 0.243593918927 2.67115651889e-17)
(-0.251502957617 -0.160845620732 -4.21949304677e-17)
(0.0837199415838 -0.0295363967382 -8.80576319994e-18)
(0.0630883476347 0.0746107020472 0)
(-0.290170659448 -0.0602437220012 0)
(0.0112698997793 0.11052577338 2.69394076401e-17)
(0.118467710538 -0.0157938676959 0)
(-0.240949674023 -0.182438522885 1.73263499515e-17)
(-0.157505413156 0.184378880404 9.78706656109e-18)
(0.108220727111 -0.0429851228226 2.77745693535e-16)
(0.0403705692059 0.0938902784362 3.42184276458e-17)
(0.120903157663 -0.0802716456618 3.63375624008e-18)
(-0.127868533955 -0.0398188622763 5.81597038236e-18)
(0.198113872814 0.119872805879 -7.93548780142e-17)
(-0.0164384484068 -0.00982934191939 -3.90344608057e-19)
(-0.00943558080051 0.102627181107 0)
(0.152118315391 0.025353075406 8.92559103691e-17)
(0.0807427233529 -0.0690976801992 -6.88489347937e-20)
(0.153687865132 0.157645825976 5.47172100103e-17)
(0.100244468833 -0.0359652986501 -4.61896167587e-18)
(-0.242521916616 0.0462277245297 0)
(-0.0739046048267 -0.00344598008529 0)
(0.131017313251 -0.0174340535346 0)
(-0.161937103457 0.0156699992004 4.57661776169e-18)
(0.116704641694 -0.0396507041529 0)
(-0.3245822209 -0.0741538039395 -1.72282268884e-18)
(0.00149228271037 -0.228166414415 0)
(-0.0389118199461 0.0275618409298 0)
(-0.322422047949 -0.048116867081 -1.81919754033e-17)
(-0.037483096198 0.0854305125421 0)
(0.00587886127527 -0.210676451656 3.57156392896e-16)
(0.188769492047 -0.0606497482274 0)
(0.003601860154 0.105343440827 -1.83105244167e-28)
(-0.0116118914588 -0.00942792987293 0)
(-0.304284226009 -0.0263159047666 1.92837654961e-29)
(0.109147090989 0.0680294500449 0)
(0.0836575961071 0.0718635986859 6.56511284836e-17)
(0.110827871385 -0.0259326766389 -2.52279132616e-16)
(-0.0261776476204 -0.141197032422 0)
(-0.322742260606 0.0453237725966 0)
(-0.265165229343 -0.14849946347 7.58974400187e-17)
(0.0244419642941 0.0995117151426 0)
(-0.220455317027 -0.17667336155 7.14757005166e-17)
(0.0306005082008 0.0985343905333 0)
(-0.272157815883 -0.0949163441799 -5.75492156931e-17)
(0.189909943224 0.132232579577 7.93548780142e-17)
(0.136623390825 -0.096447053992 -2.58823058884e-16)
(-0.242933592369 -0.171786250716 -4.62242205805e-17)
(0.0462093293338 0.0992452440887 0)
(0.0237422796643 -0.135897841691 1.75115152169e-16)
(-0.22169510938 0.0543548692792 1.0180853614e-18)
(-0.106020363116 0.0368822995066 0)
(0.0394581397805 0.0748409434113 0)
(0.0686135444537 0.092313400038 0)
(-0.308884315678 -0.0543639623511 0)
(-0.0114886187564 -0.233562449366 0)
(-0.0645569907827 0.0999955210536 4.44496069051e-29)
(0.182424360304 0.129198409585 0)
(0.0400009183059 -0.134504860166 -3.88789240695e-16)
(0.186235132578 -0.0766286133421 0)
(0.152237676348 -0.0748810983925 -2.41121966905e-16)
(0.177579095025 -0.0909101610638 0)
(0.14524608306 -0.103591633158 2.49827911104e-16)
(0.191751917506 0.0494764870425 0)
(-0.329761090706 -0.0360874226833 5.63869226933e-18)
(-0.261698129165 -0.1570108702 -2.16498747765e-17)
(0.0187800726253 0.102843067587 -2.95554083797e-17)
(-0.072238557102 0.089102862659 0)
(-0.00342755358749 0.134809544442 0)
(-0.0257465804068 0.0706761052545 0)
(-0.140453842966 -0.0521627276282 0)
(0.0957121149223 -0.0562408988051 -1.42497633939e-16)
(0.115020798379 0.0718974766498 0)
(0.0178451019042 0.0918533299387 3.19060442023e-17)
(0.124827892645 -0.027298363406 0)
(-0.205857801661 0.0397183224193 -1.81292766585e-18)
(0.157795985358 0.0421249565719 -1.08507112687e-28)
(0.0374305630601 0.0968782088825 0)
(0.067447931181 0.0375758032755 1.28853104521e-16)
(0.0926026190581 0.0743671949065 0)
(-0.226817648313 -0.160512436999 -7.51496271053e-17)
(-0.005128517856 0.119754911185 0)
(-0.209234235592 -0.0326857728537 0)
(0.0685320876256 0.0648200481527 2.30001532031e-16)
(-0.0601425463857 0.0844760186669 0)
(-0.320617470799 -0.0232801706712 0)
(0.06806372686 0.0737811887203 0)
(-0.20848559977 0.00289274701561 0)
(0.110884807084 -0.0720818255989 3.39695452052e-18)
(0.0607647428731 0.0786188100564 -1.91204574166e-17)
(0.0334294418158 0.0959821807788 0)
(-0.106210204846 -0.0128541909753 -8.27938891342e-18)
(-0.246980165443 -0.174272697388 1.64944838039e-17)
(-0.263798763533 0.00755627804379 -2.89416476006e-29)
(-0.00888927377064 0.126874516556 0)
(0.156568388733 -0.0954506966051 -2.34934228883e-16)
(-0.0459156361385 -0.246599425937 7.33639519899e-17)
(-0.247202651346 0.164169502876 0)
(0.0232664467419 0.0932196597244 0)
(0.0469954980684 -0.0315539790486 2.84377947189e-16)
(-0.00891986393709 0.12159453535 0)
(-0.304250446606 0.0447472613895 1.83320475675e-18)
(0.118208179496 -0.0303980369675 0)
(-0.0275792979818 0.261869727434 -3.20028842197e-17)
(-0.273805888172 0.151387587875 -2.00733236029e-17)
(0.194456874905 -0.0605798484002 0)
(0.163468906381 -0.100212012073 2.34934228883e-16)
(-0.0912909313502 0.111630927163 0)
(-0.103856962804 -0.0334677318845 0)
(-0.230077625324 -0.175844803511 -1.00193054179e-17)
(0.0626482678672 -0.124585510445 -1.99740098866e-16)
(-0.254799010797 0.0507497170336 -7.03366203431e-19)
(-0.102061519755 -0.108173472051 -2.715152576e-16)
(-0.123121324224 -0.000215120501077 -9.36910992994e-19)
(-0.119107214722 0.0962942573527 -4.04236743086e-29)
(0.173719402069 -0.089150240663 0)
(0.0189728079626 0.049072937651 0)
(-0.0262309674106 0.049088708733 0)
(-0.031395159945 -0.0207954149298 -1.34872973443e-17)
(-0.0975345586093 0.0408886751564 0)
(0.175740678083 0.0781119210094 0)
(-0.257717587461 0.166155953426 2.00733236029e-17)
(-0.0958168007299 0.0361087843437 0)
(0.125545780621 -0.0196232102593 0)
(-0.0939438527742 -0.24489778105 1.10341680464e-16)
(-0.00928025125062 0.105209569082 0)
(0.0819106259815 -0.136299346203 -2.23858455515e-28)
(-0.243982970616 0.0212999462844 0)
(0.0270938411268 0.0973958646391 0)
(-0.00526435731589 0.115474879224 2.21421788425e-17)
(0.115555665919 -0.0934308125028 2.7233746823e-16)
(0.0068926239851 0.108072850744 -2.64553311905e-17)
(-0.0677141944257 0.0235283523148 -1.25111748884e-19)
(-0.247746340295 -0.168105045026 0)
(-0.285934398029 -0.0818082973683 5.75492156931e-17)
(0.0763840335392 -0.125610526816 0)
(0.0195443963534 0.0898128958937 -3.19060442021e-17)
(-0.0665974078629 0.0729397353444 -4.44496069051e-29)
(-0.0882338611334 0.0414168389232 0)
(0.114682775966 -0.0604752554854 -2.79396940979e-16)
(0.0952025651267 -0.134668124185 2.47003876336e-16)
(0.0710257655306 0.0784971411749 -7.87475985773e-20)
(-0.338396232581 0.00632760456167 1.85462730053e-17)
(-0.288108179527 -0.0970689154353 0)
(-0.00828452406947 0.113782114663 -2.21421788424e-17)
(-0.12763952579 -0.0694267517458 2.43784248383e-16)
(-0.137105392592 -0.00971067432395 6.69557565459e-18)
(0.152655670319 0.0189423769504 0)
(-0.301522565097 -0.0478750787252 -1.92837654961e-29)
(-0.165201778052 -0.197446350382 0)
(0.148057313192 0.038570385507 7.71163242778e-19)
(-0.33011174172 -0.0613895892396 0)
(0.157781034779 0.0667236777064 1.08507112687e-28)
(0.0315316887289 -0.221444672664 7.22379966148e-19)
(-0.00453785142969 0.128824899471 0)
(0.143415671759 0.0333867722199 1.49991852332e-16)
(0.103848699416 0.0709311243342 0)
(-0.327467237694 0.0334974163126 -2.41849507368e-18)
(0.0872096555159 0.0761749185831 -6.45914692672e-17)
(0.0381272763014 -0.0310394240105 1.37089186136e-16)
(-0.12694701729 -0.166243811604 0)
(-0.0471383488308 -0.00678601567081 2.52877205556e-18)
(-0.0113018660185 0.0906704424582 1.5931300732e-17)
(0.0550585375218 -0.0236377099548 -1.43057644228e-16)
(0.096994344915 0.0536886475038 -6.89670513982e-19)
(-0.0899069007582 -0.265518506321 0)
(-0.321175425638 -0.0766463273679 1.72282268883e-18)
(-0.0814241195715 -0.0321353107386 3.14022896144e-19)
(-0.039739742725 0.0247488811602 2.24997699787e-31)
(-0.0322684222339 0.22629381946 0)
(-0.236511562118 -0.123655021106 3.70614741987e-29)
(0.107013377601 -0.01322481755 -1.02696568817e-16)
(0.129518875399 0.0388625117348 0)
(-0.0503280965348 -0.00733390308801 -2.57097773765e-18)
(-0.148497017194 -0.0643471421006 0)
(-0.333088612387 -0.0423010546318 1.99298180973e-17)
(-0.240472745933 -0.101496846063 1.6276844978e-16)
(-0.179670454028 -0.0128774304421 -3.8507277797e-18)
(0.0107466691044 0.0585034097383 2.97477093406e-17)
(0.162597226873 0.043825163417 -8.46626228074e-19)
(-0.337089695464 -0.00909512593671 0)
(0.144931086309 0.0278904984214 0)
(0.0194146787227 0.080258981023 -3.09035442221e-29)
(-0.147782074485 0.00588281952668 0)
(0.0686284232388 0.0828054954869 -7.56559440698e-20)
(-0.258738823265 -0.0881561031247 -7.648963619e-17)
(0.12480994664 -0.102172863504 0)
(-0.0926325921962 -0.24464363575 2.05246721444e-16)
(0.0214301874776 0.0982013007821 0)
(0.131425521389 0.0221753571051 -1.19809480126e-16)
(0.165972274627 -0.108122908464 0)
(-0.0392456628516 0.0603113979298 1.03359786131e-28)
(-0.056448482786 0.187584152498 0)
(-0.0530480017297 0.00622979856595 0)
(-0.118557184062 -0.0423312371392 -1.74199873985e-19)
(-0.148885052748 -0.174579701712 -2.29965093061e-22)
(0.0532723089667 0.0828075088226 1.83399549617e-17)
(-0.245979542558 -0.163425978351 -6.14563950987e-17)
(0.0184017425167 0.0943219314287 0)
(-0.0303526547677 0.0652113680264 -7.55899172633e-18)
(0.158620313118 0.0303598573963 1.08996441346e-18)
(-0.163717550401 0.00450339067474 -6.237643429e-18)
(0.038348999863 0.101260456952 0)
(0.147621723381 -0.125853694056 2.07256866751e-16)
(0.0663202867477 0.0474688491456 -2.03441508241e-17)
(0.117294867066 -0.116708068274 0)
(-0.0152870927102 0.0886195047481 -1.32481177293e-29)
(0.102738262508 0.0765220888299 2.39186869692e-17)
(0.17585735545 0.0334497565644 0)
(-0.213925045129 -0.00467922010372 6.58377343957e-18)
(-0.059584664097 0.157134287513 -3.14468294056e-29)
(0.0190061166274 0.0999037029108 5.48513928618e-29)
(-0.12801734457 -0.0957872465599 8.45222816955e-18)
(0.180394658434 0.0503367362109 0)
(0.0428302286545 0.102403281061 0)
(0.0620578362299 -0.17360297024 2.12695994371e-16)
(-0.220402138503 0.0396332463422 1.62879280199e-18)
(0.0377411962997 0.246766045888 0)
(-0.328927531045 -0.0565976361241 1.19998393073e-17)
(-0.313160675008 -0.0885621805006 0)
(-0.083802046428 0.148253387581 0)
(-0.190745741897 -0.0843035354661 -1.03469819999e-17)
(-0.133765831194 -0.0131055929127 7.01787236775e-18)
(-0.0946259722849 0.13210526944 0)
(-0.0402312842176 -0.23824607852 7.35807447836e-20)
(0.105168076712 -0.0529972014767 0)
(0.140018057253 0.0236141640352 0)
(-0.0694098218936 0.160298403625 0)
(-0.0580053805858 -0.224943828675 -3.07185468486e-16)
(-0.0101909349878 0.108230184851 0)
(0.0211147726373 0.0952861317816 0)
(-0.127613145469 -0.05317182127 0)
(0.131559224546 0.0185041089398 -1.66190941908e-19)
(0.104469418565 -0.120728839825 2.59953030808e-16)
(-0.337485177372 0.0147613115467 -3.48768846548e-18)
(-0.177096247317 -0.00803783244087 0)
(0.163846707378 -0.108329382562 -2.07256866751e-16)
(0.0866764969972 0.0914917726217 0)
(-0.0289279539732 0.027593413428 -7.21231913694e-19)
(-0.171406815324 1.09884551425e-05 -3.73175259714e-18)
(0.15660167858 0.0375764639287 -1.56782503004e-16)
(0.0818404974758 0.0430790284051 0)
(0.0154010066164 0.10702298529 0)
(0.0169973340654 -0.222894368947 8.83261053929e-17)
(-0.0738757842397 0.147143406522 -1.35239716813e-29)
(-0.0497512481641 0.00838863755384 1.47685239702e-18)
(0.0405578508966 0.0222324060166 -1.28853104522e-16)
(0.0137916536375 0.209757821968 2.27729721769e-28)
(0.097000244048 0.0789458177088 2.26862256365e-17)
(-0.0810984674954 0.0935286195792 8.54024037366e-18)
(0.0890824226385 0.0862557838218 0)
(-0.244620226536 -0.147686933154 7.51496271053e-17)
(0.0240626668706 -0.21267742424 -2.77198402969e-16)
(-0.0713358919605 -0.0120206509032 0)
(0.0125470973626 0.107780789545 0)
(-0.0365276102187 0.0431440648067 2.83869276287e-18)
(-0.0518074504304 0.00511890835189 -1.41200715049e-18)
(0.0774261816964 0.0974967890305 -1.95534431787e-20)
(-0.0253067249956 0.0666256477105 0)
(-0.300094577094 -0.0861670862532 0)
(0.0161176513782 0.104120601432 2.95554083796e-17)
(-0.253955742225 -0.148597118266 -5.52940766343e-17)
(0.126978117349 0.0134515204317 8.47974336364e-17)
(0.060670321077 0.0874318263994 3.78414286912e-17)
(0.00820044825357 0.1059202398 2.64553311903e-17)
(0.194865420226 0.0369915330012 0)
(0.126589398534 0.0163384217936 0)
(-0.129756194494 -0.000927698175845 -2.74907180666e-18)
(-0.103985820426 -0.0127854859484 -7.93396277116e-18)
(-0.183276207314 -0.0682060273867 -1.02606279209e-17)
(-0.0545161802558 0.0035104079505 1.46914272836e-18)
(-0.203085300545 -0.0417482235223 5.22293023062e-18)
(0.205124658965 -0.0312006399873 2.95985636946e-22)
(0.0198836586256 0.085091943713 0)
(0.0640695222326 -0.0812603943481 -2.47598754963e-16)
(-0.18166881965 -0.211845545936 0)
(-0.0693431442691 0.0171309844766 0)
(0.0913868194364 0.0268732823611 0)
(-0.260716654048 -0.0870728065343 4.30735545886e-18)
(-0.306818921329 -0.0957509466868 1.68390816047e-17)
(0.173257487997 0.0430396251079 8.05811017659e-17)
(-0.0528384400569 0.16778735151 -1.94830789902e-17)
(0.0184387076774 0.0873979789749 5.92505580329e-29)
(0.0444112502934 0.145887156334 -3.15884465577e-29)
(-0.266756155322 -0.115555598312 0)
(-0.199053950171 0.026562561718 -4.57389039539e-18)
(0.208679365873 -0.00431530351218 0)
(0.0612161223107 0.0465488946024 6.11449534171e-17)
(-0.177376175435 -0.221917186625 0)
(0.0589567907501 0.0464136857361 0)
(0.0617779300637 0.102220715853 -3.71468833552e-17)
(0.0852751241247 0.0811171369432 2.15881868227e-17)
(0.0938830853231 0.0456752256813 -5.67184425527e-19)
(-0.0078160370127 0.110098677829 -7.81346541121e-29)
(-0.247936422202 0.0336006463221 0)
(0.0556545077835 0.243537787413 -1.89171181101e-28)
(0.0162359386545 0.0552255514171 3.04963540976e-17)
(-0.0600185399833 -0.235577540893 0)
(-0.245316232908 -0.0950965843896 8.31254163635e-18)
(-0.00323743616964 0.165720561864 0)
(0.0180455709777 0.0750752357751 3.15157168889e-29)
(-0.0295869121946 0.0746186894871 0)
(0.103126557057 0.0343898486774 5.12814888249e-17)
(0.0173529047784 0.0777871574169 0)
(0.0763091356189 -0.102234497667 1.31232798277e-16)
(0.0842435211234 -0.11300672268 -1.30260585154e-16)
(0.0183357957813 0.0827266562359 0)
(0.0106619506191 0.10554449655 0)
(-0.250743205149 -0.128845905263 0)
(0.204954759855 0.018712487192 0)
(-0.208588774264 -0.0797140958641 1.02413906369e-17)
(0.209403124467 -0.0152600264626 -2.95985684177e-22)
(0.0693866061805 0.153160129766 3.8698483163e-17)
(0.00239213208945 0.158023533817 0)
(-0.140531493564 -0.156552117349 0)
(0.185765020746 -0.0225832559663 5.42378118737e-21)
(-0.16136294703 -0.211185195185 0)
(-0.285364127922 -0.122089137036 -2.89695194801e-17)
(-0.280559383591 -0.144392320367 0)
(0.0796017766945 0.0824280293684 2.0640352504e-17)
(-0.0428685307688 0.0531329190956 0)
(-0.194384317908 0.0106035374523 5.93621530727e-18)
(0.200969486105 0.0111770157444 2.70512246423e-16)
(-0.292440175172 -0.106628067158 3.09775660684e-17)
(0.176523031755 0.00469781670021 0)
(0.10387789401 -0.0972115139769 1.37261387738e-16)
(0.0575683915142 0.0503976514343 -3.6212840927e-17)
(0.135227155837 0.0117776771854 5.4491036716e-17)
(0.186221455289 0.0305163168349 0)
(-0.181878847727 -0.0479596365283 -9.76131253322e-18)
(-0.0713691166503 0.020117272684 1.37983337876e-19)
(0.189987331866 0.0664207655817 0)
(0.0629874174495 0.0925807029805 -3.7854584814e-17)
(-0.211142012351 0.0244697239904 4.56373604105e-21)
(0.0949735329421 -0.087762757646 -4.15925053336e-16)
(0.204030130465 0.0330982547622 0)
(0.0967384302058 -0.110445011914 -2.61335177081e-16)
(0.0103209325523 0.0994304609262 -2.05830038647e-28)
(0.0649749140172 0.203514230405 0)
(-0.268212179391 -0.135562255153 5.52940766343e-17)
(0.0838763055204 -0.0904533942112 0)
(-0.115675560638 -0.236231481247 2.31616003921e-16)
(0.05961061396 0.147768479332 3.617898781e-17)
(-0.184781541099 0.0143288931662 2.24912258937e-20)
(0.0526313399467 0.151799454307 -3.617898781e-17)
(0.0803814601153 0.0926241348356 0)
(-0.275462771685 -0.11832393431 4.79721382204e-17)
(0.0678010940503 0.102402676937 7.79308512933e-17)
(-0.232481200252 0.017613835923 0)
(-0.28211445634 -0.134267376479 1.86420996444e-17)
(0.0557920120402 0.0790378218584 3.65775941048e-20)
(0.190853037877 0.0436038121967 -1.20194945045e-16)
(-0.273218513414 -0.134876106241 0)
(-0.258317835524 0.0278196431456 0)
(-0.0440323708638 0.0430060788942 -2.5028420694e-30)
(0.0123421285029 0.0873024554719 3.2839020479e-17)
(-0.0412127066168 0.14839410957 0)
(-0.0263906830912 0.0643728102072 -7.01349757759e-18)
(-0.100701001619 -0.0551949635569 -1.25630718354e-16)
(-0.0297543436967 0.0336207512018 -8.61224248076e-19)
(0.00981155503171 0.0810647786188 0)
(-0.232469442083 -0.198391243793 2.70269040847e-18)
(-0.0292143751585 0.0712384376617 0)
(-0.319579599304 -0.053387226955 0)
(-0.287792920926 -0.105200889469 -4.79721382204e-17)
(-0.139809964824 -0.220168561668 -2.08512340567e-22)
(-0.303078696391 -0.0937731810596 -3.09775660684e-17)
(-0.0271398180572 0.0582747288817 6.38378112619e-18)
(-0.240956716414 0.0102875907017 2.61961110476e-18)
(-0.267472823622 -0.15535414304 2.16498747764e-17)
(-0.044154208087 -0.0249851958011 0)
(0.169935918954 -0.0141455882089 -2.13668350649e-20)
(-0.0314838735029 0.0526330992253 0)
(-0.0258711867777 0.0339839008474 -2.33858597285e-18)
(0.17749417669 0.0145144124442 0)
(0.0598603086548 0.0966105162441 0)
(-0.0436873973131 0.162860460233 1.94830789903e-17)
(0.0771805921275 0.087107185032 0)
(-0.279729442607 0.00340371136096 2.65685011317e-18)
(-0.303234622717 -0.0448957949892 2.75800367175e-18)
(-0.0256708616857 0.0266564439411 0)
(-0.0384132776413 0.0599996824087 2.61683866266e-30)
(0.0754722475005 -0.0800151567459 -8.34821453981e-18)
(-0.12230651717 -0.217307445552 0)
(-0.300645520961 -0.109314212404 -1.72458620146e-29)
(-0.0256651628564 0.0611139447634 6.29716451404e-19)
(-0.0386085059003 0.0466393561188 0)
(-0.0696673654175 0.0163362273359 4.7299283111e-18)
(0.0714529338354 0.0879057903474 0)
(-0.0331633693673 0.0497313912608 0)
(-0.30779066336 -0.0102122027531 4.89193556462e-18)
(0.147377937295 0.169913339736 -4.79953059392e-29)
(0.13396676627 0.173062092808 4.79953059391e-29)
(0.183985255722 -0.00230226482006 0)
(-0.289373393004 0.0323329689985 -1.83860530126e-18)
(0.0677791361276 0.120564812547 -3.83589976406e-17)
(-0.136505652554 -0.229547989842 -1.09303060301e-17)
(-0.3331373458 -0.037145056165 0)
(-0.289124991951 -0.121837564189 2.89695194801e-17)
(-0.0363208733352 0.0629990660579 0)
(0.00408845072194 0.0995972260067 0)
(-0.0994589919961 -0.234896294653 -2.5285659096e-16)
(0.0532894400724 0.0744306200132 -1.77657541277e-20)
(-0.0355626781075 0.0279652547115 0)
(-0.335732581381 -0.0311650257191 -7.37705896027e-18)
(0.00392720182834 0.127004383902 0)
(0.0690026921531 0.141259922694 8.7873270101e-17)
(-0.0311210951638 0.0305908703123 1.58763604108e-18)
(-0.261006485533 -0.164479274194 -1.64944838039e-17)
(-0.306682188793 0.00214219523437 9.92348667315e-19)
(-0.0752264273536 -0.246803941023 -1.06486404069e-16)
(-0.0995017989128 -0.0274728886085 -1.17410978633e-16)
(0.0335634625023 0.25018451515 -3.1920360104e-28)
(-0.275194704519 0.0132955785568 -4.38950528937e-18)
(0.0178491957073 0.249426000784 -2.44182533058e-28)
(0.0410850636474 0.213138110153 0)
(0.00106306826429 0.102469953204 2.42238538324e-17)
(-0.0446941454632 0.0498461769505 0)
(0.0119646348067 0.0844259104296 0)
(-0.0616416195984 -0.247765178064 5.05196180839e-19)
(-0.00119149565123 0.208488790939 0)
(0.145569394172 0.00982075289981 1.79328042428e-16)
(-0.0800113437999 -0.219112246187 2.88516250077e-16)
(0.195762975064 0.0135051286982 0)
(0.135443567134 0.0154695744631 -9.59318862727e-17)
(0.146165592408 0.0151510833518 0)
(-0.0368739560591 0.0563033124444 0)
(0.0437886443842 0.152964007291 -8.78732701003e-17)
(-0.29635987072 0.0228833805608 1.77789462022e-18)
(0.00266516301447 0.101554672182 -2.42238538324e-17)
(0.0146483926935 0.151426513519 1.02491681242e-28)
(-0.0117852928752 0.162677031608 0)
(-0.326101672774 -0.0154387700367 -2.34134862229e-18)
(-0.0786659048057 -0.239650426575 1.31896233903e-16)
(-0.226688256842 -0.207436124741 3.5690230428e-20)
(-0.31882858806 0.0226357252885 -3.4583695191e-19)
(-0.0329478684624 0.0560231369854 0)
(-0.05478829398 0.142133831163 3.14468294056e-29)
(0.063034407013 0.12489079351 0)
(-0.0463248387087 0.140830351809 0)
(0.183432769436 -0.0251257639037 -5.31220243316e-28)
(0.194516890343 0.000803170553845 0)
(-0.0584569981089 0.13280301267 0)
(-0.00721834701277 0.146282388334 -2.52523854805e-17)
(-0.0668637368881 0.132460787349 1.35239716814e-29)
(-0.0410530909806 0.0321322157375 -2.39361789636e-16)
(-0.0686960342519 0.121757350497 -2.41473603043e-29)
(0.1862346086 -0.00272439382983 -2.75669724472e-16)
(-0.328825112545 -0.0503727245678 0)
(-0.0999997337924 -0.224674041069 -1.39129962757e-16)
(0.139111857573 0.00731443021655 -1.1818292094e-16)
(-0.0789340974126 -0.244907041501 0)
(0.0118928943736 0.0825575066017 4.16755706334e-21)
(0.187150921731 0.0191774433476 0)
(-0.197886868662 -0.062513215851 5.06149571602e-18)
(-0.321888383519 0.010506093483 -9.92645708212e-19)
(-0.0231521976566 0.0299380481663 0)
(-0.276916756345 -0.0433857667168 4.63580476334e-18)
(0.131428862121 0.149201334107 -4.75080898098e-29)
(0.164097702187 -0.00630719924541 0)
(0.159419087254 0.00760917717207 0)
(-0.334640227778 0.00532491856037 -3.49811112488e-18)
(0.0108423214788 -0.0216591219773 0)
(0.1809215892 -0.0129903914247 0)
(-0.0345817596794 0.030753016604 -1.57702739787e-18)
(-0.0739720426785 -0.242299725234 -3.56722722726e-17)
(0.1260924925 0.160094090343 0)
(-0.0425418590128 0.0462228915444 0)
(-0.323924194455 -0.0285577920057 0)
(0.00150086344388 0.104942838863 0)
(-0.000467069128924 0.125970363606 0)
(-0.237928782565 -0.0758917233175 -4.30573910538e-18)
(-0.232982968326 -0.0483143211868 0)
(-0.334310400106 -0.00826211712678 -4.08819227006e-19)
(-0.338423801416 -0.016993748212 0)
(0.00176540198146 0.13632884421 0)
(-0.308009720928 -0.0322026224231 -9.22672812106e-21)
(-0.269438344334 -0.0553936486784 0)
(-0.25062674045 -0.0667908647667 -8.78056639609e-18)
(0.0115091887285 0.103175990846 0)
(0.140423240473 0.0187036861777 9.59425587002e-17)
(-0.22374027185 -0.0581625816374 8.93272831109e-18)
(0.043595867865 0.175408424208 7.50035513139e-17)
(0.0398517987315 0.229219034159 0)
(0.0439403470608 0.104084963972 -1.00044028446e-16)
(0.0307980197122 0.255417146974 -4.00875532634e-17)
(-0.312712095775 -0.0660762408698 0)
(0.0431653329673 0.0774076626166 -1.14674890383e-16)
(0.0136511040958 0.238409861447 3.11344217581e-17)
(0.0159947242994 0.0628687682697 0)
(0.166586207137 0.00179402125683 0)
(-0.282830853764 -0.0756676925086 0)
(-0.00497794742767 0.190346421515 -2.71008140584e-17)
(0.0127989999638 0.0857826857295 -3.28384657543e-17)
(0.137701193932 0.00314381162137 0)
(-0.015728381126 -0.00904735814115 0)
(0.0144545321111 0.0349278649041 0)
(-0.29317082568 -0.0639935104241 0)
(0.0116869472533 0.0900975812441 0)
(0.130402655504 0.00911741823086 -5.44902623046e-17)
(-0.0134791571873 0.151133371463 0)
(0.0102682556239 0.159241211991 0)
(0.0126860056885 0.0886956509433 0)
(-0.0330229918837 0.0248920151307 8.75365121146e-20)
(0.0103900709134 0.143888754753 -1.02491681242e-28)
(0.00481800213072 0.103827543514 -2.61294300219e-17)
(-0.0137740683436 0.0192084161316 1.21617928538e-16)
(0.0138335909355 0.102327439852 1.0542750999e-28)
(0.0141093188637 0.0949538890246 -2.21072555684e-28)
(0.00429664860135 0.143029644071 0)
(0.00094752946204 0.0994108466786 2.42602729101e-17)
(0.00490508386912 0.100606694938 0)
(0.0071609559082 0.0987812558432 0)
(-0.00142651639021 0.121179569593 0)
(0.00283688569533 0.0986793762464 0)
(-0.0303022049669 0.0246454120177 -8.28421855119e-20)
(0.00648851035993 0.100346280529 0)
(-0.00250757277213 0.110375494671 0)
(0.010264885498 0.0932030721515 3.04412898652e-17)
(-0.00503052921396 0.109122630186 0)
(-0.00254568077214 0.10523995313 2.21973642334e-17)
(0.00421006008002 0.102037375949 -2.33433036584e-29)
(-0.00480125654183 0.106106485552 -2.21973642332e-17)
(0.0164730631519 0.0960308555196 2.21072555685e-28)
(0.00781778353027 0.101950901565 -2.68430530026e-17)
(0.00687844523194 0.103879048933 5.29724830249e-17)
(-0.000662544830473 0.101979557917 0)
(-0.00251660712266 0.102829881574 -1.63539604181e-28)
(0.0143020278392 0.0998363077692 -2.97254037243e-17)
(0.13265761599 0.000797747303052 -1.24124329742e-18)
(0.0121291999951 0.0984952814237 2.12241438563e-28)
(0.129034291092 0.00518864311552 0)
(-0.000971179410956 0.0996853640873 0)
(0.0116519871875 0.0916899001386 -3.04412898651e-17)
(0.00976002938481 0.101488850926 0)
(0.0124509184209 0.0963497279279 -2.14510171482e-28)
(0.0102733876813 0.0951961225092 2.14510171483e-28)
(0.0164485640129 0.0985069268663 2.9725403724e-17)
(0.0154036668568 0.0910643738874 0)
(0.0147265317312 0.0891094328083 0)
(0.0159826799087 0.0872183909702 -5.92505580342e-29)
(0.0149432391366 0.0853483208375 -1.00858296806e-21)
(0.0145312304025 0.0791049987023 0)
(0.0140729780571 0.0813228305666 -4.16697324855e-21)
(0.0158131003082 0.0832496158335 0)
(0.0138859534594 0.0928380753706 5.59379430499e-29)
(0.0160837378561 0.069515409022 1.88692117321e-17)
(0.0198812701859 0.0675239324258 0)
(0.113964232141 -0.00641706114017 0)
(-0.0655023277864 -0.0130408260917 0)
(-0.051144473034 -0.0233950546075 0)
(0.019015792985 0.0580395841234 -3.93058413841e-17)
(-0.0695438845919 -0.000957652007946 2.96134968653e-18)
(-0.0375726407954 -0.234949776012 7.57547332836e-17)
(-0.0211914574026 -0.222523507785 0)
(0.0143757116512 -0.122086382835 0)
(-0.0814260816098 -0.00676977835801 -4.78131799358e-18)
(0.128989645028 -0.0105172436659 6.29354407083e-18)
(0.130867754964 -0.00147618338643 1.28071647582e-18)
(0.0674537986267 0.0498180783121 -2.54093060996e-17)
(-0.0571128755129 0.00425565622171 0)
(-0.0578427237644 -0.0567024733782 6.67490342215e-17)
(-0.000772414086931 0.0310100346098 0)
(-0.0222023692195 0.0183515272488 -7.97758723355e-19)
(-0.00488377876752 0.0517127000902 1.96840793012e-17)
(-0.00719106413091 -0.00168664834195 -7.11943682365e-18)
(-0.0279057495227 0.0218135900242 0)
(0.118114374701 0.0451668119735 -2.62208485098e-17)
(0.118254485746 0.000288518285233 0)
(-0.0501553253005 -0.029149267491 1.25568494347e-17)
(-0.108842869175 -0.0298702380842 4.92069311521e-18)
(-0.157078622957 -0.0339940844552 -4.53944543393e-18)
(0.115435620112 0.0231014208507 0)
(-0.0365172336177 -0.00877672782344 0)
(-0.0646149908851 -4.98468434969e-05 -3.15228374786e-18)
(0.026542229587 0.0475408647633 0)
(-0.175395223752 -0.0288853630656 -4.94643815591e-18)
(-0.137180220985 -0.019342060317 0)
(-0.0286591213016 -0.0155516866611 -2.08126465488e-19)
(0.114602684659 0.00666597985466 -2.02727525977e-18)
(-0.0340654776017 -0.239969085778 7.69021618228e-17)
(-0.175850313325 -0.231371128004 -3.18815316272e-18)
(-0.153343185647 -0.232171415854 -7.33677594711e-18)
(-0.169083551418 -0.259762984803 4.60698598203e-18)
(-0.201240078991 -0.228347614483 -9.67815013421e-19)
(-0.0933370579996 -0.234979411822 0)
(-0.148185750898 -0.262272818448 -1.41630099154e-18)
(-0.169963580452 -0.234219190121 0)
(-0.0996923921191 -0.261234163023 1.02213430537e-17)
(-0.0412359892485 -0.239984196544 8.26271957268e-17)
(-0.121960187853 -0.102214628369 -6.11442884362e-19)
(-0.0671478851375 -0.0669145332816 -7.95714271657e-18)
(-0.0277057228562 -0.231357889228 0)
(-0.0536991821119 -0.0333498898204 0)
(-0.102162539662 -0.108168770138 3.75195875875e-18)
(-0.176450652507 -0.152038098286 0)
(-0.0295305925011 -0.0204311795405 1.51370039524e-17)
(-0.0156800635311 -0.00813875522344 -7.35042770782e-18)
(-0.00318857205596 -0.16508206979 0)
(0.032638862417 -0.214640244171 9.59712774009e-17)
(0.0525960929588 -0.194711004411 -5.79287293022e-17)
(0.0223027479877 -0.192972367851 -1.46598304463e-16)
(0.00343466797489 -0.139723688549 -1.71845336905e-16)
(0.0294801410497 -0.0921234605976 0)
(0.0574516592599 -0.113774954732 8.84788621464e-18)
(0.0605281460801 -0.0904705754421 0)
(-0.0582323004785 -0.242051978154 -2.41723649605e-17)
(-0.0573869198781 0.0142688795604 -1.16001802373e-18)
(0.108984520768 0.051752327946 0)
(0.105539377348 0.0120044825547 -1.3976462182e-16)
(0.0769439744155 0.0647621457802 0)
(0.113990222548 0.0368806345611 2.86587158974e-17)
(0.126246795038 0.0274301999449 -6.24315172515e-17)
(0.127516002225 0.0347613357829 0)
(0.0725458706988 0.00857797853883 1.23079203968e-16)
(-0.0555390391471 0.00653558101299 0)
(0.0610000093236 0.0508448979441 4.66767472533e-17)
(0.0723471968796 0.0252910874706 0)
(-0.0759301290328 -0.0318366039624 -5.61162535822e-18)
(-0.0846340720313 -0.0394056461523 -6.09866526225e-18)
(0.132390042633 -0.00707609112882 -1.00173100382e-16)
(-0.0507285271235 0.0150947186848 -8.08243145892e-19)
(-0.0470109481923 0.0179463770394 -5.08989716191e-19)
(0.119459805978 -0.00842307924665 6.19802931165e-17)
(0.0841305244964 0.049375799121 0)
(0.0903049700389 0.0461792752968 7.23231277259e-17)
(-0.0428173334494 -0.235414695067 -1.81239876327e-17)
(-0.0225067447192 -0.224053902607 2.07268016995e-17)
(0.0182950649798 -0.128549071259 -3.36854227989e-17)
(0.0359115446253 0.0408392314376 3.54593659635e-17)
(0.116335317569 0.0191285895736 0)
(-0.0434600838627 -0.011168343922 -4.24116244771e-18)
(-0.0977642094253 0.00593752337351 -1.90053120137e-18)
(0.0704682028382 0.0519772707924 0)
(-0.0595103482134 0.00254218281744 0)
(-0.0218637605936 -0.0293081394289 -6.67228125431e-17)
(-0.01071907214 -0.0034589009943 0)
(0.00249690089238 0.059236447801 -2.04674369555e-17)
(-0.0247831262106 0.021578287619 4.2080436585e-19)
(-0.0686886676169 -0.025007032214 0)
(0.120797580896 0.0416848441898 -5.81529950024e-17)
(-0.0379712625015 -0.0245569731074 -2.69362606034e-19)
(-0.0886788228216 0.00309828829796 -1.58863808582e-18)
(-0.105028136804 -0.00688681538074 -1.00292766803e-17)
(0.0476718823207 0.0589212666321 2.44767255373e-17)
(0.0743941097587 0.0024489677119 0)
(-0.0596134227341 -0.0338355302476 1.80785228924e-17)
(0.107739349619 -0.00724430685097 3.98042787647e-18)
(0.0248089697897 0.0622218578149 0)
(-0.0570457463513 -0.00829954575514 0)
(0.0729878818229 0.0129378765405 -1.04248513257e-16)
(0.1019142917 0.0360023041168 8.73582220823e-17)
(0.00973552663924 0.0689932536008 5.04919444946e-17)
(-0.0340824505924 0.022516894152 0)
(-0.0954201724702 -0.00377228485376 3.77822518162e-18)
(0.0503108515449 0.0311263095419 0)
(0.0900961962877 0.0334768719545 0)
(-0.0403453272446 0.017579325111 -6.92692719161e-20)
(0.0526060118328 0.0507536042937 -4.13963976808e-17)
(-0.0526793211242 0.00989830368926 5.03027318181e-19)
(-0.151031296647 -0.0392806731816 8.8205889902e-18)
(0.112618597822 0.0187188151258 -4.59253157865e-17)
(-0.0422659014213 -0.0106126590259 0)
(-0.0994971077051 0.00598315466114 1.59622684618e-18)
(-0.119337619658 0.0120673709939 3.78328727652e-18)
(-0.113915763652 0.00557664925457 0)
(0.0830960986571 -0.0148944289199 -9.33551951143e-18)
(0.00198401042821 0.0792437119268 1.26514152942e-17)
(-0.00325968059109 -0.00163215836156 4.01327000153e-18)
(-0.00407963443471 -0.00164713582377 0)
(-0.00838956727663 0.0824566396603 0)
(0.0928524013658 0.0826745614623 -3.5136201072e-17)
(0.0639000529143 0.0302167999875 3.74377564311e-17)
(-0.021024324927 0.0119070367641 6.9747733124e-20)
(-0.0201212523398 0.0131611633162 -1.53040874869e-19)
(-0.0534686429407 -0.0269402661706 -6.5956254434e-18)
(-0.0407209986609 -0.0169148671259 3.59227807749e-18)
(-0.0596194562675 -0.00818584095038 4.33773351946e-18)
(-0.0689971577324 -0.236639696815 2.12712827944e-18)
(0.00156357977959 -0.103431127207 2.14245837858e-16)
(0.0157564098331 -0.11249054242 0)
(0.0502689267767 -0.170441216278 -1.11175988726e-16)
(0.0470816062362 -0.0663482272202 3.78580338403e-16)
(0.0236276758251 0.0507626309054 0)
(-0.177417751324 -0.0227331721405 8.53369819275e-18)
(0.116414009072 0.0103552758089 0)
(-0.0838044635428 -0.0229110746616 3.93432925234e-19)
(-0.208179328772 -0.190867270671 -2.74838895732e-18)
(-0.219503687638 -0.207422297146 -4.56678826919e-18)
(-0.164043361652 -0.227982767385 1.46710930119e-19)
(-0.161078095926 -0.239998402128 0)
(-0.113195428183 -0.271666654929 0)
(-0.135937353359 -0.268654851344 0)
(-0.123335649813 -0.266516074627 0)
(-0.20999139026 -0.222590896824 1.31783738952e-18)
(-0.0841339305222 -0.23691143405 4.47981575401e-17)
(-0.0485218866697 -0.243748879987 6.0617037974e-17)
(-0.0745063245969 -0.0792818247125 7.95714271658e-18)
(-0.216084616122 -0.216402048097 4.65802281336e-18)
(-0.0835372881021 -0.0639112053369 -4.00527207125e-18)
(-0.11363313424 -0.0871652517335 0)
(-0.205325434561 -0.175035796935 0)
(-0.0782917427043 -0.0546616118771 2.37384237635e-19)
(-0.0187252808627 -0.0114585013068 8.37142931346e-18)
(-0.0387529901605 -0.245302226502 -9.23007804399e-17)
(0.047704876086 -0.204875029606 1.24862529936e-16)
(0.0184480667833 -0.18014004097 1.09997423647e-16)
(-0.00893023168827 -0.172593972782 0)
(0.02041016241 -0.086490748716 0)
(0.0662008495071 -0.102390521356 -1.4983563789e-16)
(0.0209581564937 -0.0348513283972 -1.43227488603e-16)
(0.104534505187 0.0547321831038 2.53313555594e-17)
(0.11095741642 0.00710366889311 2.50638199822e-16)
(0.116889285991 0.0361519559244 -6.51865342231e-17)
(0.081878950456 0.0634844295032 -4.54398511961e-17)
(-0.0358264256239 -0.0200194301555 -6.56231463615e-18)
(0.11299941535 0.04462788973 3.79932667408e-17)
(-0.0760306721486 -0.00549176372148 5.99257336817e-18)
(0.120636788816 0.0374178752151 9.89241784445e-17)
(-0.0322566476624 -0.0193960105775 -3.95581305134e-18)
(0.129215765825 0.0314560705422 0)
(-0.00709367112651 -0.218695925291 0)
(-0.0430312432342 -0.232616856904 1.75142229501e-17)
(-0.0151963968661 -0.222022662261 6.38027495567e-17)
(0.00554142108913 -0.223326277175 -5.02501739737e-17)
(0.0338159370615 -0.124851518275 3.52347677642e-16)
(0.0165355623955 -0.160475052711 -2.88665324876e-17)
(0.034625766671 -0.0172499667435 1.60699743948e-17)
(0.0244499717754 -0.0220627563294 0)
(0.0451237367727 -0.0110037716542 -1.51491017277e-16)
(0.0548774311955 -0.00456645094664 1.33638060911e-16)
(-0.0952496003539 -0.0415206273378 5.49686752778e-18)
(0.0219519932411 -0.0285803721668 0)
(0.0314421573247 -0.163708583927 -1.01529249582e-16)
(-0.0471735106573 0.0152711062161 5.5886385923e-19)
(-0.0663622292268 0.00217218964684 1.60515620845e-18)
(0.0868570948794 0.0458871118969 0)
(0.0692492188069 0.0617265956026 6.2781413713e-17)
(-0.0692924993811 0.00527570012038 2.33748355619e-18)
(0.0435642370435 0.0446098655401 0)
(-0.0345101541704 -0.019453564309 -1.9268776268e-17)
(-0.0775745605402 -0.234493306478 2.21509347946e-18)
(0.00912900621576 -0.0935875045137 -6.50561503523e-17)
(0.0423993743859 -0.179499005706 0)
(0.00340674528809 -0.0849576516697 -2.27262684363e-16)
(0.041527304624 -0.0750989243511 -2.81769947448e-16)
(0.0882548088618 0.00394322816362 -1.43282675183e-16)
(-0.0859938169924 -0.0195039496685 -7.36368475435e-18)
(0.119035198987 0.0251313621862 9.26225599271e-18)
(-0.0459423047115 -0.00780511120799 4.40494610036e-18)
(-0.0746778899504 -0.0277674452358 -7.03494773298e-18)
(0.107686458739 0.00248947728185 -2.25017942826e-16)
(0.110883267742 0.0392346147613 6.40681190383e-17)
(-0.0455443594892 0.0210902299539 -7.17396714664e-20)
(-0.0524833361014 0.0132575322281 1.62421825035e-18)
(-0.136677891605 -0.0289502298687 0)
(-0.103370055714 -0.00489313613431 7.31246409948e-18)
(0.0674326845785 0.0580674213539 -3.97857472734e-17)
(-0.0638442522753 0.00563334870336 0)
(0.05371334474 0.0598097827245 5.87933652758e-18)
(-0.0596598408237 0.0124785883426 0)
(-0.0787343391942 -0.00394404684249 0)
(-0.0427628689485 0.0220685194006 1.97550333513e-19)
(-0.141946500297 -0.0252040797165 6.03383356658e-18)
(0.0617428309484 0.0583347425428 0)
(-0.0623022167568 0.00852705687121 -1.24662036966e-18)
(-0.0281256489379 -0.0160396879154 4.01771815415e-18)
(-0.0741810907464 -0.240131422281 -5.58866510677e-17)
(0.0288372612687 -0.171368844425 0)
(0.00918638598807 -0.0429793344811 0)
(0.0312478098283 -0.0545618187632 2.0540612167e-16)
(0.0267355762927 -0.0706744676634 -1.37915466274e-16)
(0.02038019643 0.0645814527506 0)
(-0.061184340923 -0.00662279538442 -7.49612957083e-19)
(0.0964633775129 0.0208114111323 0)
(-0.0377079994767 0.0226030927684 -1.09315212368e-19)
(0.0142996054538 0.0673640230472 -5.84359618766e-17)
(0.115456958985 -0.000442860074736 1.25150236853e-16)
(-0.0905255284078 -0.00569478067776 0)
(0.0806961076364 0.0497190955347 0)
(0.108142355831 0.047343054183 -8.85198086683e-18)
(0.11812784371 -0.00176192368633 9.27173807287e-17)
(-0.0441015785951 0.018334633856 1.70152090978e-19)
(-0.100005878736 -0.0313074028302 0)
(-0.0769970039862 0.000332374356185 0)
(0.0747892992852 0.0616036045503 2.81096823054e-17)
(0.0653901438654 0.0565086157288 2.77763739456e-17)
(-0.0625713397455 0.00641679402312 1.3401700792e-18)
(0.0332159318675 0.036156247906 -4.50373080364e-17)
(-0.0234215170768 0.0166081530579 6.00973705761e-19)
(-0.0133840534491 0.0657734811447 0)
(-0.00611566011246 -0.0019537248374 1.01105830477e-17)
(0.124915587363 0.00378451279511 0)
(-0.0936037222169 0.00724675037692 -1.68556839887e-18)
(-0.080384309799 -0.00797487177818 -6.94496709434e-18)
(-0.131897392638 0.0149345632636 -5.81279378645e-19)
(0.124145422864 0.0349628441535 0)
(0.0726823158196 -0.0139348061198 2.79640013382e-18)
(-0.11104563191 -0.0190968287725 6.66940371082e-18)
(-0.00449188947945 -0.00243347745103 -7.39011729678e-18)
(-0.00285528395293 0.0724048725721 -4.54177794665e-17)
(0.0901988943209 0.0858224785509 3.80536273232e-17)
(-0.024888678376 0.0149464380299 -9.09022306549e-20)
(-0.062508414493 -0.030215897619 2.60038211638e-19)
(0.095972034844 -0.00842509810533 1.47587828788e-16)
(0.123747566077 -0.0102955780523 -1.27351392238e-16)
(0.014863776479 -0.0709243050576 0)
(-0.0613775590482 -0.238407385615 0)
(0.0497032205428 -0.159166382414 -4.70721431367e-18)
(0.0143611204842 -0.0894420886764 -2.47126509177e-16)
(0.0418641115692 -0.0587131898121 -1.49666415265e-16)
(0.0132389430001 -0.0341339432945 0)
(0.037595667515 -0.155712161681 2.33176628685e-16)
(0.12354571928 -0.00393938951352 -1.27767557928e-16)
(0.118669848322 0.00571201823484 2.61880879499e-18)
(-0.0810319707127 0.00366166965879 1.57790289466e-18)
(0.0132602236072 -0.0158726684548 0)
(0.0382948289725 0.00692984601795 8.17052883327e-17)
(0.0222875410968 -0.00172376530991 0)
(0.0609116840893 0.0124398306687 0)
(0.0528127397478 0.00644042867122 -7.79626167122e-17)
(-0.0105885625803 -0.213205420712 -2.22073646654e-17)
(0.0246204193462 -0.108346914132 -2.57551387721e-16)
(-0.00221546982272 -0.210870937663 7.71329426237e-17)
(0.00836435695001 -0.209063998465 1.64776104213e-16)
(-0.0279365353197 -0.231520851305 -4.21122237764e-17)
(0.0341510719933 -0.145580246811 2.22122338057e-16)
(0.0646533180639 0.0524397651793 2.75597036523e-17)
(-0.0584262788915 0.00529606222499 0)
(-0.0355483825988 -0.0203777211042 6.46358167797e-19)
(0.117327310115 0.0322046298891 -4.48358513368e-17)
(0.104963991352 0.0398298493433 3.68935260617e-17)
(-0.0180111561342 -0.0104404590198 0)
(-0.0838816779281 -0.0252029934603 0)
(-0.0567730282702 -0.0141340866913 0)
(-0.0508429255529 -0.0104201326041 0)
(0.0710518145542 0.0703032731467 0)
(-0.0259079336296 0.0177118290328 -2.22997829341e-19)
(-0.00336023797189 0.0658802633856 5.72343252978e-17)
(-0.00592709928512 -0.00279000761681 2.54100943517e-18)
(0.0680081789855 -0.00458950227223 -1.36269091606e-16)
(0.104125503415 0.0458600304173 -3.92285777518e-19)
(0.122818015675 0.00711392767924 8.00173507993e-17)
(0.0756464321326 0.057678120712 -2.80971255785e-17)
(0.0717661211743 0.0550791283463 3.12850027138e-17)
(-0.0617337851738 0.0028010445871 0)
(0.122529307778 0.0305330880871 2.62179461028e-17)
(-0.0294269678838 -0.0169018889145 -6.27187503647e-18)
(-0.0210694876335 -0.0115004237201 4.91651085245e-18)
(-0.0507113386875 -0.0248441433589 -4.88233026818e-19)
(-0.0621931616207 -0.00565739039913 2.30970956446e-18)
(-0.0549521043764 -0.269703464712 2.43658876819e-17)
(-0.0428674132485 -0.266923742453 -2.43658876819e-17)
(-0.0257969316241 -0.0418466980552 1.99346398925e-17)
(-0.0499721935694 -0.0538443768255 0)
(-0.024955049429 -0.235267196149 6.55394641911e-17)
(-0.0224948392155 -0.223980191911 -6.55394641911e-17)
(-0.00708824905144 -0.000578839078578 -1.9044373633e-17)
(-0.00854501515966 -0.00212432206813 1.86761037194e-17)
(-0.151249761259 -0.230966219253 0)
(-0.155661613914 -0.209418916209 0)
(-0.132743065919 -0.273471163686 1.56500042427e-18)
(-0.155445013419 -0.266104365707 -1.56500042427e-18)
(0.0109595067477 -0.228858660505 0)
(-0.00524703619924 -0.217071882957 -1.13099004262e-16)
(-0.0483910876254 -0.22209752557 0)
(-0.0521872222906 -0.235406657049 0)
(0.0988575645164 0.0143275039536 2.57959044566e-17)
(0.101090828384 0.016334685311 2.80188643208e-17)
(0.0258142288168 0.0416494429786 5.91132691858e-17)
(0.0269813322027 0.0354026145554 -3.54719052697e-18)
(0.100230332189 0.0169740451909 -9.2672134064e-17)
(0.104691050137 0.00564981187108 0)
(0.0113494121135 0.0488419538233 4.78673580199e-18)
(0.0213134241667 0.0504115051042 -4.78673580199e-18)
(0.0653509393992 0.0375670760478 0)
(0.0599004911848 0.0421216611382 -4.04070687294e-17)
(0.0684099620963 0.0414083362549 4.63581821177e-17)
(0.0671233525157 0.0448235506912 -1.04629720228e-16)
(0.122700439158 0.0440963594733 4.56198666243e-16)
(0.113708556965 0.0615358437399 0)
(0.172859582068 0.0704384185862 0)
(0.16680809243 -0.00325956520165 -2.81193060415e-16)
)
;

boundaryField
{
    bottomWall
    {
        type            noSlip;
    }
    leftWall
    {
        type            noSlip;
    }
    rightWall
    {
        type            noSlip;
    }
    movingTop
    {
        type            fixedValue;
        value           uniform (1 0 0);
    }
    front
    {
        type            empty;
    }
    back
    {
        type            empty;
    }
}


// ************************************************************************* //
