$MeshFormat
2.2 0 8
$EndMeshFormat
$PhysicalNames
7
2 1 "xMaxSource"
2 2 "xMinSource"
2 3 "yMaxSource"
2 4 "yMinSource"
2 5 "zMaxSource"
2 6 "zMinSource"
3 7 "fluid"
$EndPhysicalNames
$Nodes
3362
1 -1 -1 0
2 1 -1 0
3 1 1 0
4 -1 1 0
5 -1 -1 0.1
6 1 -1 0.1
7 1 1 0.1
8 -1 1 0.1
9 -0.9500000000001386 -1 0
10 -0.9000000000002772 -1 0
11 -0.850000000000416 -1 0
12 -0.8000000000005545 -1 0
13 -0.7500000000006932 -1 0
14 -0.700000000000832 -1 0
15 -0.6500000000009706 -1 0
16 -0.6000000000011093 -1 0
17 -0.5500000000012479 -1 0
18 -0.5000000000013867 -1 0
19 -0.4500000000015252 -1 0
20 -0.4000000000016638 -1 0
21 -0.3500000000018023 -1 0
22 -0.3000000000019408 -1 0
23 -0.2500000000020793 -1 0
24 -0.2000000000022178 -1 0
25 -0.1500000000023564 -1 0
26 -0.1000000000024949 -1 0
27 -0.05000000000263338 -1 0
28 -2.750244476601438e-12 -1 0
29 0.04999999999736682 -1 0
30 0.09999999999750542 -1 0
31 0.149999999997644 -1 0
32 0.1999999999977824 -1 0
33 0.249999999997921 -1 0
34 0.2999999999980596 -1 0
35 0.3499999999981982 -1 0
36 0.3999999999983368 -1 0
37 0.4499999999984754 -1 0
38 0.499999999998614 -1 0
39 0.5499999999987526 -1 0
40 0.5999999999988912 -1 0
41 0.6499999999990298 -1 0
42 0.6999999999991684 -1 0
43 0.749999999999307 -1 0
44 0.7999999999994456 -1 0
45 0.8499999999995842 -1 0
46 0.8999999999997228 -1 0
47 0.9499999999998614 -1 0
48 1 -0.9500000000001386 0
49 1 -0.9000000000002772 0
50 1 -0.850000000000416 0
51 1 -0.8000000000005545 0
52 1 -0.7500000000006932 0
53 1 -0.700000000000832 0
54 1 -0.6500000000009706 0
55 1 -0.6000000000011093 0
56 1 -0.5500000000012479 0
57 1 -0.5000000000013867 0
58 1 -0.4500000000015252 0
59 1 -0.4000000000016638 0
60 1 -0.3500000000018023 0
61 1 -0.3000000000019408 0
62 1 -0.2500000000020793 0
63 1 -0.2000000000022178 0
64 1 -0.1500000000023564 0
65 1 -0.1000000000024949 0
66 1 -0.05000000000263338 0
67 1 -2.750244476601438e-12 0
68 1 0.04999999999736682 0
69 1 0.09999999999750542 0
70 1 0.149999999997644 0
71 1 0.1999999999977824 0
72 1 0.249999999997921 0
73 1 0.2999999999980596 0
74 1 0.3499999999981982 0
75 1 0.3999999999983368 0
76 1 0.4499999999984754 0
77 1 0.499999999998614 0
78 1 0.5499999999987526 0
79 1 0.5999999999988912 0
80 1 0.6499999999990298 0
81 1 0.6999999999991684 0
82 1 0.749999999999307 0
83 1 0.7999999999994456 0
84 1 0.8499999999995842 0
85 1 0.8999999999997228 0
86 1 0.9499999999998614 0
87 0.9500000000001386 1 0
88 0.9000000000002772 1 0
89 0.850000000000416 1 0
90 0.8000000000005545 1 0
91 0.7500000000006932 1 0
92 0.700000000000832 1 0
93 0.6500000000009706 1 0
94 0.6000000000011093 1 0
95 0.5500000000012479 1 0
96 0.5000000000013867 1 0
97 0.4500000000015252 1 0
98 0.4000000000016638 1 0
99 0.3500000000018023 1 0
100 0.3000000000019408 1 0
101 0.2500000000020793 1 0
102 0.2000000000022178 1 0
103 0.1500000000023564 1 0
104 0.1000000000024949 1 0
105 0.05000000000263338 1 0
106 2.750244476601438e-12 1 0
107 -0.04999999999736682 1 0
108 -0.09999999999750542 1 0
109 -0.149999999997644 1 0
110 -0.1999999999977824 1 0
111 -0.249999999997921 1 0
112 -0.2999999999980596 1 0
113 -0.3499999999981982 1 0
114 -0.3999999999983368 1 0
115 -0.4499999999984754 1 0
116 -0.499999999998614 1 0
117 -0.5499999999987526 1 0
118 -0.5999999999988912 1 0
119 -0.6499999999990298 1 0
120 -0.6999999999991684 1 0
121 -0.749999999999307 1 0
122 -0.7999999999994456 1 0
123 -0.8499999999995842 1 0
124 -0.8999999999997228 1 0
125 -0.9499999999998614 1 0
126 -1 0.9500000000001386 0
127 -1 0.9000000000002772 0
128 -1 0.850000000000416 0
129 -1 0.8000000000005545 0
130 -1 0.7500000000006932 0
131 -1 0.700000000000832 0
132 -1 0.6500000000009706 0
133 -1 0.6000000000011093 0
134 -1 0.5500000000012479 0
135 -1 0.5000000000013867 0
136 -1 0.4500000000015252 0
137 -1 0.4000000000016638 0
138 -1 0.3500000000018023 0
139 -1 0.3000000000019408 0
140 -1 0.2500000000020793 0
141 -1 0.2000000000022178 0
142 -1 0.1500000000023564 0
143 -1 0.1000000000024949 0
144 -1 0.05000000000263338 0
145 -1 2.750244476601438e-12 0
146 -1 -0.04999999999736682 0
147 -1 -0.09999999999750542 0
148 -1 -0.149999999997644 0
149 -1 -0.1999999999977824 0
150 -1 -0.249999999997921 0
151 -1 -0.2999999999980596 0
152 -1 -0.3499999999981982 0
153 -1 -0.3999999999983368 0
154 -1 -0.4499999999984754 0
155 -1 -0.499999999998614 0
156 -1 -0.5499999999987526 0
157 -1 -0.5999999999988912 0
158 -1 -0.6499999999990298 0
159 -1 -0.6999999999991684 0
160 -1 -0.749999999999307 0
161 -1 -0.7999999999994456 0
162 -1 -0.8499999999995842 0
163 -1 -0.8999999999997228 0
164 -1 -0.9499999999998614 0
165 -0.9500000000001386 -1 0.1
166 -0.9000000000002772 -1 0.1
167 -0.850000000000416 -1 0.1
168 -0.8000000000005545 -1 0.1
169 -0.7500000000006932 -1 0.1
170 -0.700000000000832 -1 0.1
171 -0.6500000000009706 -1 0.1
172 -0.6000000000011093 -1 0.1
173 -0.5500000000012479 -1 0.1
174 -0.5000000000013867 -1 0.1
175 -0.4500000000015252 -1 0.1
176 -0.4000000000016638 -1 0.1
177 -0.3500000000018023 -1 0.1
178 -0.3000000000019408 -1 0.1
179 -0.2500000000020793 -1 0.1
180 -0.2000000000022178 -1 0.1
181 -0.1500000000023564 -1 0.1
182 -0.1000000000024949 -1 0.1
183 -0.05000000000263338 -1 0.1
184 -2.750244476601438e-12 -1 0.1
185 0.04999999999736682 -1 0.1
186 0.09999999999750542 -1 0.1
187 0.149999999997644 -1 0.1
188 0.1999999999977824 -1 0.1
189 0.249999999997921 -1 0.1
190 0.2999999999980596 -1 0.1
191 0.3499999999981982 -1 0.1
192 0.3999999999983368 -1 0.1
193 0.4499999999984754 -1 0.1
194 0.499999999998614 -1 0.1
195 0.5499999999987526 -1 0.1
196 0.5999999999988912 -1 0.1
197 0.6499999999990298 -1 0.1
198 0.6999999999991684 -1 0.1
199 0.749999999999307 -1 0.1
200 0.7999999999994456 -1 0.1
201 0.8499999999995842 -1 0.1
202 0.8999999999997228 -1 0.1
203 0.9499999999998614 -1 0.1
204 1 -0.9500000000001386 0.1
205 1 -0.9000000000002772 0.1
206 1 -0.850000000000416 0.1
207 1 -0.8000000000005545 0.1
208 1 -0.7500000000006932 0.1
209 1 -0.700000000000832 0.1
210 1 -0.6500000000009706 0.1
211 1 -0.6000000000011093 0.1
212 1 -0.5500000000012479 0.1
213 1 -0.5000000000013867 0.1
214 1 -0.4500000000015252 0.1
215 1 -0.4000000000016638 0.1
216 1 -0.3500000000018023 0.1
217 1 -0.3000000000019408 0.1
218 1 -0.2500000000020793 0.1
219 1 -0.2000000000022178 0.1
220 1 -0.1500000000023564 0.1
221 1 -0.1000000000024949 0.1
222 1 -0.05000000000263338 0.1
223 1 -2.750244476601438e-12 0.1
224 1 0.04999999999736682 0.1
225 1 0.09999999999750542 0.1
226 1 0.149999999997644 0.1
227 1 0.1999999999977824 0.1
228 1 0.249999999997921 0.1
229 1 0.2999999999980596 0.1
230 1 0.3499999999981982 0.1
231 1 0.3999999999983368 0.1
232 1 0.4499999999984754 0.1
233 1 0.499999999998614 0.1
234 1 0.5499999999987526 0.1
235 1 0.5999999999988912 0.1
236 1 0.6499999999990298 0.1
237 1 0.6999999999991684 0.1
238 1 0.749999999999307 0.1
239 1 0.7999999999994456 0.1
240 1 0.8499999999995842 0.1
241 1 0.8999999999997228 0.1
242 1 0.9499999999998614 0.1
243 0.9500000000001386 1 0.1
244 0.9000000000002772 1 0.1
245 0.850000000000416 1 0.1
246 0.8000000000005545 1 0.1
247 0.7500000000006932 1 0.1
248 0.700000000000832 1 0.1
249 0.6500000000009706 1 0.1
250 0.6000000000011093 1 0.1
251 0.5500000000012479 1 0.1
252 0.5000000000013867 1 0.1
253 0.4500000000015252 1 0.1
254 0.4000000000016638 1 0.1
255 0.3500000000018023 1 0.1
256 0.3000000000019408 1 0.1
257 0.2500000000020793 1 0.1
258 0.2000000000022178 1 0.1
259 0.1500000000023564 1 0.1
260 0.1000000000024949 1 0.1
261 0.05000000000263338 1 0.1
262 2.750244476601438e-12 1 0.1
263 -0.04999999999736682 1 0.1
264 -0.09999999999750542 1 0.1
265 -0.149999999997644 1 0.1
266 -0.1999999999977824 1 0.1
267 -0.249999999997921 1 0.1
268 -0.2999999999980596 1 0.1
269 -0.3499999999981982 1 0.1
270 -0.3999999999983368 1 0.1
271 -0.4499999999984754 1 0.1
272 -0.499999999998614 1 0.1
273 -0.5499999999987526 1 0.1
274 -0.5999999999988912 1 0.1
275 -0.6499999999990298 1 0.1
276 -0.6999999999991684 1 0.1
277 -0.749999999999307 1 0.1
278 -0.7999999999994456 1 0.1
279 -0.8499999999995842 1 0.1
280 -0.8999999999997228 1 0.1
281 -0.9499999999998614 1 0.1
282 -1 0.9500000000001386 0.1
283 -1 0.9000000000002772 0.1
284 -1 0.850000000000416 0.1
285 -1 0.8000000000005545 0.1
286 -1 0.7500000000006932 0.1
287 -1 0.700000000000832 0.1
288 -1 0.6500000000009706 0.1
289 -1 0.6000000000011093 0.1
290 -1 0.5500000000012479 0.1
291 -1 0.5000000000013867 0.1
292 -1 0.4500000000015252 0.1
293 -1 0.4000000000016638 0.1
294 -1 0.3500000000018023 0.1
295 -1 0.3000000000019408 0.1
296 -1 0.2500000000020793 0.1
297 -1 0.2000000000022178 0.1
298 -1 0.1500000000023564 0.1
299 -1 0.1000000000024949 0.1
300 -1 0.05000000000263338 0.1
301 -1 2.750244476601438e-12 0.1
302 -1 -0.04999999999736682 0.1
303 -1 -0.09999999999750542 0.1
304 -1 -0.149999999997644 0.1
305 -1 -0.1999999999977824 0.1
306 -1 -0.249999999997921 0.1
307 -1 -0.2999999999980596 0.1
308 -1 -0.3499999999981982 0.1
309 -1 -0.3999999999983368 0.1
310 -1 -0.4499999999984754 0.1
311 -1 -0.499999999998614 0.1
312 -1 -0.5499999999987526 0.1
313 -1 -0.5999999999988912 0.1
314 -1 -0.6499999999990298 0.1
315 -1 -0.6999999999991684 0.1
316 -1 -0.749999999999307 0.1
317 -1 -0.7999999999994456 0.1
318 -1 -0.8499999999995842 0.1
319 -1 -0.8999999999997228 0.1
320 -1 -0.9499999999998614 0.1
321 -0.9500000000001319 -0.9499999999998685 0
322 -0.9500000000001246 -0.8999999999997367 0
323 -0.9500000000001179 -0.8499999999996051 0
324 -0.950000000000111 -0.7999999999994736 0
325 -0.9500000000001038 -0.7499999999993417 0
326 -0.9500000000000972 -0.6999999999992101 0
327 -0.95000000000009 -0.6499999999990785 0
328 -0.9500000000000832 -0.5999999999989469 0
329 -0.9500000000000761 -0.549999999998815 0
330 -0.9500000000000692 -0.4999999999986833 0
331 -0.9500000000000626 -0.4499999999985517 0
332 -0.9500000000000552 -0.3999999999984198 0
333 -0.9500000000000484 -0.3499999999982883 0
334 -0.9500000000000415 -0.2999999999981566 0
335 -0.9500000000000346 -0.2499999999980249 0
336 -0.9500000000000277 -0.1999999999978933 0
337 -0.9500000000000208 -0.1499999999977618 0
338 -0.9500000000000139 -0.09999999999763021 0
339 -0.9500000000000068 -0.04999999999749855 0
340 -0.95 2.612743355001612e-12 0
341 -0.9499999999999931 0.05000000000250177 0
342 -0.9499999999999862 0.1000000000023701 0
343 -0.9499999999999791 0.1500000000022386 0
344 -0.9499999999999722 0.2000000000021069 0
345 -0.9499999999999653 0.2500000000019753 0
346 -0.9499999999999581 0.3000000000018438 0
347 -0.9499999999999514 0.3500000000017123 0
348 -0.9499999999999444 0.4000000000015807 0
349 -0.9499999999999376 0.4500000000014491 0
350 -0.9499999999999307 0.5000000000013172 0
351 -0.9499999999999236 0.5500000000011855 0
352 -0.9499999999999169 0.6000000000010537 0
353 -0.9499999999999098 0.6500000000009221 0
354 -0.9499999999999029 0.7000000000007904 0
355 -0.9499999999998959 0.7500000000006586 0
356 -0.949999999999889 0.8000000000005267 0
357 -0.9499999999998823 0.8500000000003952 0
358 -0.9499999999998752 0.9000000000002634 0
359 -0.9499999999998683 0.9500000000001316 0
360 -0.9000000000002634 -0.9499999999998753 0
361 -0.9000000000002497 -0.8999999999997503 0
362 -0.9000000000002358 -0.8499999999996258 0
363 -0.9000000000002217 -0.7999999999995011 0
364 -0.900000000000208 -0.7499999999993763 0
365 -0.900000000000194 -0.6999999999992514 0
366 -0.9000000000001803 -0.6499999999991269 0
367 -0.9000000000001666 -0.5999999999990021 0
368 -0.9000000000001525 -0.5499999999988774 0
369 -0.9000000000001387 -0.4999999999987526 0
370 -0.9000000000001249 -0.4499999999986278 0
371 -0.9000000000001108 -0.399999999998503 0
372 -0.9000000000000969 -0.3499999999983786 0
373 -0.9000000000000832 -0.2999999999982536 0
374 -0.9000000000000694 -0.2499999999981289 0
375 -0.9000000000000556 -0.1999999999980042 0
376 -0.9000000000000417 -0.1499999999978797 0
377 -0.9000000000000277 -0.09999999999775488 0
378 -0.9000000000000138 -0.04999999999763016 0
379 -0.9000000000000001 2.475242233401787e-12 0
380 -0.8999999999999864 0.05000000000236998 0
381 -0.8999999999999724 0.1000000000022454 0
382 -0.8999999999999584 0.1500000000021207 0
383 -0.8999999999999446 0.200000000001996 0
384 -0.899999999999931 0.2500000000018714 0
385 -0.8999999999999169 0.3000000000017468 0
386 -0.8999999999999031 0.3500000000016221 0
387 -0.8999999999998891 0.4000000000014974 0
388 -0.8999999999998755 0.4500000000013726 0
389 -0.8999999999998616 0.5000000000012481 0
390 -0.8999999999998476 0.5500000000011231 0
391 -0.8999999999998336 0.6000000000009984 0
392 -0.8999999999998198 0.6500000000008734 0
393 -0.899999999999806 0.7000000000007487 0
394 -0.8999999999997921 0.7500000000006239 0
395 -0.8999999999997783 0.800000000000499 0
396 -0.8999999999997643 0.8500000000003743 0
397 -0.8999999999997507 0.9000000000002495 0
398 -0.8999999999997369 0.9500000000001247 0
399 -0.8500000000003951 -0.9499999999998823 0
400 -0.8500000000003743 -0.8999999999997644 0
401 -0.8500000000003536 -0.8499999999996466 0
402 -0.8500000000003329 -0.7999999999995289 0
403 -0.8500000000003121 -0.7499999999994109 0
404 -0.8500000000002912 -0.6999999999992932 0
405 -0.8500000000002703 -0.6499999999991752 0
406 -0.8500000000002494 -0.5999999999990577 0
407 -0.8500000000002286 -0.5499999999989398 0
408 -0.8500000000002079 -0.4999999999988221 0
409 -0.8500000000001873 -0.4499999999987043 0
410 -0.8500000000001664 -0.3999999999985863 0
411 -0.8500000000001458 -0.3499999999984684 0
412 -0.8500000000001249 -0.2999999999983506 0
413 -0.8500000000001042 -0.2499999999982329 0
414 -0.8500000000000834 -0.1999999999981151 0
415 -0.8500000000000625 -0.1499999999979975 0
416 -0.8500000000000416 -0.09999999999787956 0
417 -0.850000000000021 -0.04999999999776183 0
418 -0.8500000000000001 2.33768560065073e-12 0
419 -0.8499999999999792 0.05000000000223842 0
420 -0.8499999999999586 0.1000000000021207 0
421 -0.8499999999999377 0.1500000000020029 0
422 -0.849999999999917 0.2000000000018852 0
423 -0.8499999999998962 0.2500000000017675 0
424 -0.8499999999998753 0.3000000000016497 0
425 -0.8499999999998544 0.3500000000015319 0
426 -0.8499999999998336 0.4000000000014143 0
427 -0.8499999999998129 0.4500000000012965 0
428 -0.8499999999997923 0.5000000000011786 0
429 -0.8499999999997714 0.5500000000010608 0
430 -0.8499999999997505 0.6000000000009429 0
431 -0.8499999999997296 0.650000000000825 0
432 -0.849999999999709 0.7000000000007072 0
433 -0.8499999999996883 0.7500000000005893 0
434 -0.8499999999996675 0.8000000000004716 0
435 -0.8499999999996466 0.8500000000003536 0
436 -0.8499999999996257 0.9000000000002357 0
437 -0.8499999999996048 0.9500000000001179 0
438 -0.8000000000005265 -0.9499999999998894 0
439 -0.800000000000499 -0.8999999999997783 0
440 -0.8000000000004712 -0.8499999999996672 0
441 -0.8000000000004437 -0.7999999999995566 0
442 -0.8000000000004158 -0.7499999999994457 0
443 -0.8000000000003882 -0.6999999999993347 0
444 -0.8000000000003604 -0.6499999999992239 0
445 -0.8000000000003327 -0.599999999999113 0
446 -0.8000000000003049 -0.5499999999990022 0
447 -0.8000000000002769 -0.4999999999988913 0
448 -0.8000000000002496 -0.4499999999987804 0
449 -0.8000000000002218 -0.3999999999986693 0
450 -0.8000000000001943 -0.3499999999985586 0
451 -0.8000000000001661 -0.2999999999984476 0
452 -0.8000000000001386 -0.2499999999983368 0
453 -0.8000000000001108 -0.199999999998226 0
454 -0.8000000000000833 -0.1499999999981152 0
455 -0.8000000000000554 -0.0999999999980043 0
456 -0.8000000000000278 -0.04999999999789351 0
457 -0.8 2.200239990202135e-12 0
458 -0.7999999999999723 0.05000000000210675 0
459 -0.7999999999999448 0.100000000001996 0
460 -0.7999999999999168 0.1500000000018851 0
461 -0.7999999999998891 0.2000000000017743 0
462 -0.7999999999998615 0.2500000000016636 0
463 -0.7999999999998336 0.3000000000015527 0
464 -0.799999999999806 0.3500000000014418 0
465 -0.7999999999997781 0.4000000000013311 0
466 -0.7999999999997505 0.4500000000012201 0
467 -0.7999999999997227 0.5000000000011093 0
468 -0.799999999999695 0.5500000000009984 0
469 -0.7999999999996674 0.6000000000008874 0
470 -0.7999999999996397 0.6500000000007765 0
471 -0.7999999999996119 0.7000000000006656 0
472 -0.7999999999995844 0.7500000000005548 0
473 -0.7999999999995564 0.8000000000004435 0
474 -0.7999999999995289 0.8500000000003328 0
475 -0.7999999999995011 0.9000000000002217 0
476 -0.7999999999994734 0.9500000000001111 0
477 -0.7500000000006587 -0.9499999999998959 0
478 -0.7500000000006239 -0.8999999999997921 0
479 -0.7500000000005891 -0.8499999999996881 0
480 -0.7500000000005547 -0.7999999999995844 0
481 -0.75000000000052 -0.7499999999994802 0
482 -0.7500000000004852 -0.6999999999993762 0
483 -0.7500000000004508 -0.6499999999992725 0
484 -0.750000000000416 -0.5999999999991684 0
485 -0.7500000000003813 -0.5499999999990646 0
486 -0.7500000000003468 -0.4999999999989606 0
487 -0.750000000000312 -0.4499999999988565 0
488 -0.7500000000002773 -0.3999999999987527 0
489 -0.7500000000002427 -0.3499999999986488 0
490 -0.7500000000002081 -0.2999999999985447 0
491 -0.7500000000001734 -0.2499999999984409 0
492 -0.7500000000001388 -0.1999999999983368 0
493 -0.7500000000001041 -0.149999999998233 0
494 -0.7500000000000693 -0.09999999999812914 0
495 -0.7500000000000346 -0.04999999999802524 0
496 -0.75 2.062683357451078e-12 0
497 -0.7499999999999656 0.05000000000197508 0
498 -0.7499999999999307 0.1000000000018711 0
499 -0.7499999999998963 0.1500000000017673 0
500 -0.7499999999998617 0.2000000000016635 0
501 -0.749999999999827 0.2500000000015596 0
502 -0.7499999999997922 0.3000000000014557 0
503 -0.7499999999997576 0.3500000000013518 0
504 -0.7499999999997229 0.4000000000012479 0
505 -0.7499999999996882 0.4500000000011439 0
506 -0.7499999999996534 0.5000000000010401 0
507 -0.7499999999996187 0.550000000000936 0
508 -0.7499999999995841 0.6000000000008321 0
509 -0.7499999999995495 0.650000000000728 0
510 -0.7499999999995149 0.7000000000006239 0
511 -0.7499999999994802 0.75000000000052 0
512 -0.7499999999994457 0.8000000000004159 0
513 -0.7499999999994109 0.8500000000003121 0
514 -0.7499999999993763 0.900000000000208 0
515 -0.7499999999993416 0.9500000000001038 0
516 -0.7000000000007902 -0.9499999999999031 0
517 -0.7000000000007488 -0.899999999999806 0
518 -0.7000000000007072 -0.849999999999709 0
519 -0.7000000000006654 -0.7999999999996121 0
520 -0.700000000000624 -0.7499999999995149 0
521 -0.7000000000005824 -0.699999999999418 0
522 -0.7000000000005407 -0.649999999999321 0
523 -0.7000000000004993 -0.599999999999224 0
524 -0.7000000000004576 -0.549999999999127 0
525 -0.700000000000416 -0.4999999999990299 0
526 -0.7000000000003745 -0.449999999998933 0
527 -0.7000000000003328 -0.3999999999988359 0
528 -0.7000000000002913 -0.3499999999987389 0
529 -0.7000000000002498 -0.2999999999986417 0
530 -0.700000000000208 -0.2499999999985447 0
531 -0.7000000000001665 -0.1999999999984478 0
532 -0.700000000000125 -0.149999999998351 0
533 -0.7000000000000832 -0.09999999999825376 0
534 -0.7000000000000417 -0.04999999999815685 0
535 -0.7000000000000002 1.925182235851253e-12 0
536 -0.6999999999999587 0.0500000000018434 0
537 -0.6999999999999169 0.1000000000017465 0
538 -0.6999999999998754 0.1500000000016495 0
539 -0.6999999999998339 0.2000000000015526 0
540 -0.6999999999997921 0.2500000000014557 0
541 -0.6999999999997506 0.3000000000013586 0
542 -0.6999999999997091 0.3500000000012617 0
543 -0.6999999999996676 0.4000000000011648 0
544 -0.6999999999996257 0.4500000000010678 0
545 -0.6999999999995843 0.5000000000009708 0
546 -0.6999999999995428 0.5500000000008737 0
547 -0.699999999999501 0.6000000000007766 0
548 -0.6999999999994595 0.6500000000006794 0
549 -0.699999999999418 0.7000000000005824 0
550 -0.6999999999993763 0.7500000000004852 0
551 -0.6999999999993347 0.800000000000388 0
552 -0.6999999999992932 0.8500000000002912 0
553 -0.6999999999992517 0.9000000000001941 0
554 -0.6999999999992101 0.950000000000097 0
555 -0.6500000000009222 -0.9499999999999101 0
556 -0.6500000000008738 -0.8999999999998197 0
557 -0.650000000000825 -0.8499999999997299 0
558 -0.6500000000007764 -0.7999999999996397 0
559 -0.6500000000007279 -0.7499999999995494 0
560 -0.6500000000006795 -0.6999999999994594 0
561 -0.650000000000631 -0.6499999999993693 0
562 -0.6500000000005826 -0.5999999999992796 0
563 -0.6500000000005339 -0.5499999999991894 0
564 -0.6500000000004856 -0.4999999999990991 0
565 -0.650000000000437 -0.4499999999990094 0
566 -0.6500000000003884 -0.3999999999989189 0
567 -0.6500000000003399 -0.3499999999988291 0
568 -0.6500000000002913 -0.2999999999987388 0
569 -0.6500000000002426 -0.2499999999986487 0
570 -0.6500000000001944 -0.1999999999985586 0
571 -0.6500000000001458 -0.1499999999984687 0
572 -0.6500000000000972 -0.09999999999837861 0
573 -0.6500000000000488 -0.04999999999828852 0
574 -0.6500000000000001 1.787681114251427e-12 0
575 -0.6499999999999515 0.05000000000171168 0
576 -0.6499999999999031 0.1000000000016217 0
577 -0.6499999999998545 0.1500000000015317 0
578 -0.6499999999998061 0.2000000000014416 0
579 -0.6499999999997574 0.2500000000013516 0
580 -0.649999999999709 0.3000000000012618 0
581 -0.6499999999996607 0.3500000000011716 0
582 -0.6499999999996121 0.4000000000010816 0
583 -0.6499999999995636 0.4500000000009914 0
584 -0.649999999999515 0.5000000000009015 0
585 -0.6499999999994667 0.5500000000008112 0
586 -0.6499999999994179 0.600000000000721 0
587 -0.6499999999993693 0.6500000000006309 0
588 -0.6499999999993209 0.7000000000005409 0
589 -0.6499999999992725 0.7500000000004508 0
590 -0.649999999999224 0.8000000000003604 0
591 -0.6499999999991752 0.8500000000002702 0
592 -0.6499999999991268 0.9000000000001801 0
593 -0.6499999999990784 0.95000000000009 0
594 -0.6000000000010539 -0.9499999999999169 0
595 -0.6000000000009983 -0.8999999999998335 0
596 -0.6000000000009431 -0.8499999999997505 0
597 -0.6000000000008874 -0.7999999999996674 0
598 -0.600000000000832 -0.7499999999995842 0
599 -0.6000000000007765 -0.6999999999995009 0
600 -0.6000000000007211 -0.6499999999994179 0
601 -0.6000000000006656 -0.5999999999993348 0
602 -0.6000000000006103 -0.5499999999992518 0
603 -0.6000000000005548 -0.4999999999991684 0
604 -0.6000000000004992 -0.4499999999990852 0
605 -0.600000000000444 -0.3999999999990023 0
606 -0.6000000000003882 -0.3499999999989191 0
607 -0.6000000000003329 -0.2999999999988358 0
608 -0.6000000000002774 -0.2499999999987527 0
609 -0.6000000000002221 -0.1999999999986694 0
610 -0.6000000000001664 -0.1499999999985864 0
611 -0.6000000000001111 -0.09999999999850323 0
612 -0.6000000000000558 -0.04999999999842009 0
613 -0.6000000000000003 1.650179992651601e-12 0
614 -0.5999999999999448 0.05000000000158011 0
615 -0.5999999999998893 0.1000000000014969 0
616 -0.599999999999834 0.1500000000014139 0
617 -0.5999999999997785 0.2000000000013308 0
618 -0.599999999999723 0.2500000000012477 0
619 -0.5999999999996675 0.3000000000011646 0
620 -0.599999999999612 0.3500000000010814 0
621 -0.5999999999995567 0.4000000000009984 0
622 -0.5999999999995012 0.4500000000009152 0
623 -0.5999999999994456 0.5000000000008322 0
624 -0.5999999999993901 0.5500000000007491 0
625 -0.5999999999993347 0.6000000000006656 0
626 -0.5999999999992792 0.6500000000005826 0
627 -0.599999999999224 0.7000000000004991 0
628 -0.5999999999991685 0.7500000000004159 0
629 -0.599999999999113 0.8000000000003329 0
630 -0.5999999999990575 0.8500000000002494 0
631 -0.599999999999002 0.9000000000001664 0
632 -0.5999999999989467 0.950000000000083 0
633 -0.5500000000011854 -0.9499999999999239 0
634 -0.5500000000011233 -0.8999999999998475 0
635 -0.5500000000010605 -0.8499999999997712 0
636 -0.5500000000009984 -0.7999999999996953 0
637 -0.5500000000009359 -0.7499999999996189 0
638 -0.5500000000008736 -0.6999999999995428 0
639 -0.5500000000008113 -0.6499999999994666 0
640 -0.550000000000749 -0.5999999999993905 0
641 -0.5500000000006864 -0.5499999999993139 0
642 -0.550000000000624 -0.4999999999992377 0
643 -0.5500000000005618 -0.4499999999991617 0
644 -0.5500000000004992 -0.3999999999990852 0
645 -0.5500000000004369 -0.3499999999990092 0
646 -0.5500000000003746 -0.2999999999989329 0
647 -0.5500000000003121 -0.2499999999988565 0
648 -0.5500000000002498 -0.1999999999987803 0
649 -0.5500000000001875 -0.1499999999987042 0
650 -0.5500000000001249 -0.09999999999862802 0
651 -0.5500000000000627 -0.04999999999855176 0
652 -0.5500000000000003 1.512678871051776e-12 0
653 -0.5499999999999379 0.05000000000144844 0
654 -0.5499999999998755 0.1000000000013722 0
655 -0.5499999999998131 0.1500000000012961 0
656 -0.5499999999997506 0.2000000000012199 0
657 -0.5499999999996885 0.2500000000011437 0
658 -0.5499999999996258 0.3000000000010675 0
659 -0.5499999999995634 0.3500000000009913 0
660 -0.5499999999995013 0.4000000000009153 0
661 -0.5499999999994389 0.4500000000008391 0
662 -0.5499999999993763 0.5000000000007631 0
663 -0.549999999999314 0.5500000000006864 0
664 -0.5499999999992516 0.60000000000061 0
665 -0.5499999999991894 0.650000000000534 0
666 -0.549999999999127 0.7000000000004579 0
667 -0.5499999999990646 0.7500000000003816 0
668 -0.5499999999990022 0.800000000000305 0
669 -0.5499999999989398 0.8500000000002289 0
670 -0.5499999999988774 0.9000000000001526 0
671 -0.549999999998815 0.9500000000000761 0
672 -0.5000000000013174 -0.9499999999999307 0
673 -0.5000000000012481 -0.8999999999998614 0
674 -0.5000000000011787 -0.849999999999792 0
675 -0.5000000000011093 -0.7999999999997229 0
676 -0.5000000000010402 -0.7499999999996534 0
677 -0.5000000000009707 -0.6999999999995843 0
678 -0.5000000000009014 -0.6499999999995151 0
679 -0.5000000000008322 -0.5999999999994456 0
680 -0.5000000000007627 -0.5499999999993765 0
681 -0.5000000000006934 -0.4999999999993072 0
682 -0.5000000000006242 -0.4499999999992378 0
683 -0.500000000000555 -0.3999999999991685 0
684 -0.5000000000004856 -0.3499999999990993 0
685 -0.5000000000004163 -0.2999999999990299 0
686 -0.5000000000003471 -0.2499999999989606 0
687 -0.5000000000002776 -0.1999999999988913 0
688 -0.5000000000002083 -0.1499999999988221 0
689 -0.500000000000139 -0.09999999999875275 0
690 -0.5000000000000695 -0.04999999999868343 0
691 -0.5000000000000004 1.375122238300719e-12 0
692 -0.4999999999999311 0.05000000000131677 0
693 -0.4999999999998617 0.1000000000012475 0
694 -0.4999999999997924 0.1500000000011784 0
695 -0.499999999999723 0.200000000001109 0
696 -0.4999999999996538 0.2500000000010397 0
697 -0.4999999999995844 0.3000000000009705 0
698 -0.4999999999995151 0.3500000000009013 0
699 -0.4999999999994458 0.400000000000832 0
700 -0.4999999999993765 0.4500000000007627 0
701 -0.4999999999993071 0.5000000000006934 0
702 -0.4999999999992378 0.5500000000006242 0
703 -0.4999999999991687 0.6000000000005548 0
704 -0.4999999999990992 0.6500000000004853 0
705 -0.4999999999990299 0.7000000000004161 0
706 -0.4999999999989606 0.7500000000003468 0
707 -0.4999999999988913 0.8000000000002774 0
708 -0.4999999999988219 0.8500000000002081 0
709 -0.4999999999987527 0.9000000000001385 0
710 -0.4999999999986833 0.9500000000000692 0
711 -0.4500000000014489 -0.9499999999999378 0
712 -0.4500000000013727 -0.8999999999998752 0
713 -0.4500000000012965 -0.8499999999998129 0
714 -0.4500000000012202 -0.7999999999997507 0
715 -0.4500000000011439 -0.749999999999688 0
716 -0.4500000000010678 -0.6999999999996257 0
717 -0.4500000000009916 -0.6499999999995635 0
718 -0.4500000000009152 -0.5999999999995012 0
719 -0.450000000000839 -0.5499999999994387 0
720 -0.4500000000007628 -0.4999999999993765 0
721 -0.4500000000006865 -0.4499999999993138 0
722 -0.4500000000006102 -0.3999999999992516 0
723 -0.4500000000005339 -0.3499999999991892 0
724 -0.4500000000004578 -0.2999999999991269 0
725 -0.4500000000003815 -0.2499999999990646 0
726 -0.4500000000003053 -0.1999999999990022 0
727 -0.4500000000002292 -0.1499999999989399 0
728 -0.4500000000001527 -0.09999999999887754 0
729 -0.4500000000000766 -0.0499999999988151 0
730 -0.4500000000000002 1.237621116700893e-12 0
731 -0.449999999999924 0.0500000000011851 0
732 -0.4499999999998479 0.1000000000011227 0
733 -0.4499999999997717 0.1500000000010605 0
734 -0.4499999999996953 0.2000000000009981 0
735 -0.449999999999619 0.2500000000009358 0
736 -0.4499999999995428 0.3000000000008735 0
737 -0.4499999999994665 0.3500000000008112 0
738 -0.4499999999993903 0.4000000000007489 0
739 -0.4499999999993141 0.4500000000006865 0
740 -0.4499999999992379 0.5000000000006242 0
741 -0.4499999999991616 0.5500000000005616 0
742 -0.4499999999990854 0.6000000000004992 0
743 -0.4499999999990091 0.6500000000004369 0
744 -0.4499999999989329 0.7000000000003745 0
745 -0.4499999999988566 0.7500000000003122 0
746 -0.4499999999987804 0.8000000000002496 0
747 -0.4499999999987041 0.8500000000001873 0
748 -0.4499999999986279 0.9000000000001247 0
749 -0.4499999999985516 0.9500000000000624 0
750 -0.4000000000015806 -0.9499999999999444 0
751 -0.4000000000014974 -0.899999999999889 0
752 -0.4000000000014143 -0.8499999999998338 0
753 -0.4000000000013311 -0.7999999999997781 0
754 -0.4000000000012479 -0.7499999999997227 0
755 -0.4000000000011648 -0.6999999999996676 0
756 -0.4000000000010815 -0.6499999999996121 0
757 -0.4000000000009984 -0.5999999999995567 0
758 -0.4000000000009152 -0.5499999999995013 0
759 -0.400000000000832 -0.4999999999994458 0
760 -0.4000000000007489 -0.4499999999993903 0
761 -0.4000000000006657 -0.3999999999993348 0
762 -0.4000000000005826 -0.3499999999992794 0
763 -0.4000000000004994 -0.2999999999992239 0
764 -0.4000000000004162 -0.2499999999991684 0
765 -0.400000000000333 -0.1999999999991129 0
766 -0.4000000000002498 -0.1499999999990578 0
767 -0.4000000000001666 -0.09999999999900222 0
768 -0.4000000000000835 -0.04999999999894678 0
769 -0.4000000000000003 1.100008972798605e-12 0
770 -0.3999999999999171 0.05000000000105337 0
771 -0.399999999999834 0.1000000000009981 0
772 -0.3999999999997507 0.1500000000009427 0
773 -0.3999999999996677 0.2000000000008872 0
774 -0.3999999999995844 0.2500000000008318 0
775 -0.3999999999995012 0.3000000000007764 0
776 -0.3999999999994181 0.3500000000007211 0
777 -0.3999999999993348 0.4000000000006657 0
778 -0.3999999999992517 0.4500000000006103 0
779 -0.3999999999991685 0.5000000000005549 0
780 -0.3999999999990853 0.5500000000004994 0
781 -0.3999999999990023 0.600000000000444 0
782 -0.3999999999989189 0.6500000000003883 0
783 -0.399999999998836 0.7000000000003329 0
784 -0.3999999999987526 0.7500000000002773 0
785 -0.3999999999986694 0.8000000000002219 0
786 -0.3999999999985864 0.8500000000001665 0
787 -0.3999999999985032 0.9000000000001109 0
788 -0.3999999999984201 0.9500000000000556 0
789 -0.3500000000017122 -0.9499999999999513 0
790 -0.3500000000016221 -0.8999999999999028 0
791 -0.3500000000015321 -0.8499999999998546 0
792 -0.3500000000014419 -0.7999999999998061 0
793 -0.3500000000013518 -0.7499999999997574 0
794 -0.3500000000012616 -0.6999999999997091 0
795 -0.3500000000011715 -0.6499999999996606 0
796 -0.3500000000010814 -0.5999999999996121 0
797 -0.3500000000009914 -0.5499999999995635 0
798 -0.3500000000009014 -0.4999999999995153 0
799 -0.3500000000008112 -0.4499999999994666 0
800 -0.3500000000007211 -0.3999999999994182 0
801 -0.3500000000006311 -0.3499999999993695 0
802 -0.350000000000541 -0.299999999999321 0
803 -0.3500000000004507 -0.2499999999992725 0
804 -0.3500000000003607 -0.1999999999992238 0
805 -0.3500000000002707 -0.1499999999991756 0
806 -0.3500000000001804 -0.09999999999912701 0
807 -0.3500000000000903 -0.04999999999907845 0
808 -0.3500000000000003 9.625078511987795e-13 0
809 -0.3499999999999102 0.0500000000009217 0
810 -0.3499999999998201 0.1000000000008733 0
811 -0.3499999999997299 0.1500000000008248 0
812 -0.3499999999996399 0.2000000000007763 0
813 -0.3499999999995497 0.2500000000007279 0
814 -0.3499999999994597 0.3000000000006794 0
815 -0.3499999999993695 0.3500000000006309 0
816 -0.3499999999992793 0.4000000000005825 0
817 -0.3499999999991893 0.4500000000005341 0
818 -0.3499999999990993 0.5000000000004856 0
819 -0.3499999999990091 0.550000000000437 0
820 -0.349999999998919 0.6000000000003884 0
821 -0.3499999999988288 0.6500000000003398 0
822 -0.3499999999987389 0.7000000000002913 0
823 -0.3499999999986487 0.7500000000002429 0
824 -0.3499999999985586 0.8000000000001941 0
825 -0.3499999999984685 0.8500000000001454 0
826 -0.3499999999983784 0.9000000000000972 0
827 -0.3499999999982882 0.9500000000000485 0
828 -0.3000000000018437 -0.9499999999999584 0
829 -0.3000000000017467 -0.8999999999999168 0
830 -0.3000000000016496 -0.8499999999998753 0
831 -0.3000000000015527 -0.7999999999998336 0
832 -0.3000000000014557 -0.7499999999997921 0
833 -0.3000000000013586 -0.6999999999997505 0
834 -0.3000000000012616 -0.649999999999709 0
835 -0.3000000000011646 -0.5999999999996677 0
836 -0.3000000000010676 -0.5499999999996259 0
837 -0.3000000000009704 -0.4999999999995846 0
838 -0.3000000000008735 -0.4499999999995427 0
839 -0.3000000000007764 -0.3999999999995011 0
840 -0.3000000000006794 -0.3499999999994597 0
841 -0.3000000000005825 -0.299999999999418 0
842 -0.3000000000004854 -0.2499999999993763 0
843 -0.3000000000003883 -0.1999999999993348 0
844 -0.3000000000002914 -0.1499999999992933 0
845 -0.3000000000001942 -0.09999999999925169 0
846 -0.3000000000000973 -0.04999999999921007 0
847 -0.3000000000000002 8.249512184477226e-13 0
848 -0.2999999999999032 0.05000000000079013 0
849 -0.2999999999998061 0.1000000000007485 0
850 -0.2999999999997091 0.1500000000007071 0
851 -0.2999999999996121 0.2000000000006655 0
852 -0.299999999999515 0.2500000000006239 0
853 -0.299999999999418 0.3000000000005824 0
854 -0.2999999999993209 0.3500000000005409 0
855 -0.2999999999992239 0.4000000000004993 0
856 -0.2999999999991269 0.4500000000004577 0
857 -0.2999999999990299 0.5000000000004161 0
858 -0.2999999999989329 0.5500000000003746 0
859 -0.2999999999988359 0.600000000000333 0
860 -0.2999999999987388 0.6500000000002912 0
861 -0.2999999999986417 0.7000000000002495 0
862 -0.2999999999985448 0.7500000000002081 0
863 -0.2999999999984476 0.8000000000001664 0
864 -0.2999999999983507 0.8500000000001249 0
865 -0.2999999999982537 0.9000000000000833 0
866 -0.2999999999981566 0.9500000000000415 0
867 -0.2500000000019754 -0.9499999999999654 0
868 -0.2500000000018714 -0.8999999999999306 0
869 -0.2500000000017674 -0.8499999999998962 0
870 -0.2500000000016635 -0.7999999999998616 0
871 -0.2500000000015596 -0.7499999999998267 0
872 -0.2500000000014556 -0.6999999999997923 0
873 -0.2500000000013516 -0.6499999999997577 0
874 -0.2500000000012478 -0.5999999999997231 0
875 -0.2500000000011436 -0.5499999999996883 0
876 -0.2500000000010397 -0.4999999999996538 0
877 -0.2500000000009358 -0.449999999999619 0
878 -0.2500000000008318 -0.3999999999995844 0
879 -0.2500000000007279 -0.3499999999995498 0
880 -0.2500000000006239 -0.2999999999995151 0
881 -0.25000000000052 -0.2499999999994805 0
882 -0.2500000000004159 -0.1999999999994456 0
883 -0.2500000000003121 -0.1499999999994112 0
884 -0.2500000000002082 -0.09999999999937648 0
885 -0.2500000000001041 -0.04999999999934185 0
886 -0.2500000000000002 6.875056079991282e-13 0
887 -0.2499999999998962 0.05000000000065835 0
888 -0.2499999999997922 0.1000000000006239 0
889 -0.2499999999996883 0.1500000000005892 0
890 -0.2499999999995844 0.2000000000005545 0
891 -0.2499999999994804 0.25000000000052 0
892 -0.2499999999993764 0.3000000000004854 0
893 -0.2499999999992724 0.3500000000004508 0
894 -0.2499999999991684 0.4000000000004162 0
895 -0.2499999999990646 0.4500000000003815 0
896 -0.2499999999989606 0.5000000000003468 0
897 -0.2499999999988566 0.5500000000003122 0
898 -0.2499999999987527 0.6000000000002774 0
899 -0.2499999999986487 0.6500000000002428 0
900 -0.2499999999985447 0.7000000000002081 0
901 -0.2499999999984407 0.7500000000001734 0
902 -0.2499999999983368 0.8000000000001388 0
903 -0.249999999998233 0.850000000000104 0
904 -0.2499999999981289 0.9000000000000693 0
905 -0.2499999999980249 0.9500000000000346 0
906 -0.2000000000021069 -0.9499999999999724 0
907 -0.200000000001996 -0.8999999999999444 0
908 -0.2000000000018852 -0.8499999999999167 0
909 -0.2000000000017743 -0.7999999999998892 0
910 -0.2000000000016634 -0.7499999999998612 0
911 -0.2000000000015525 -0.6999999999998339 0
912 -0.2000000000014417 -0.6499999999998062 0
913 -0.2000000000013307 -0.5999999999997786 0
914 -0.2000000000012199 -0.5499999999997506 0
915 -0.200000000001109 -0.4999999999997231 0
916 -0.200000000000998 -0.4499999999996954 0
917 -0.2000000000008872 -0.3999999999996677 0
918 -0.2000000000007763 -0.34999999999964 0
919 -0.2000000000006654 -0.2999999999996121 0
920 -0.2000000000005546 -0.2499999999995843 0
921 -0.2000000000004437 -0.1999999999995566 0
922 -0.2000000000003328 -0.149999999999529 0
923 -0.2000000000002219 -0.09999999999950115 0
924 -0.200000000000111 -0.04999999999947347 0
925 -0.2000000000000002 5.500599975505338e-13 0
926 -0.1999999999998892 0.05000000000052673 0
927 -0.1999999999997784 0.1000000000004991 0
928 -0.1999999999996674 0.1500000000004714 0
929 -0.1999999999995566 0.2000000000004437 0
930 -0.1999999999994457 0.250000000000416 0
931 -0.1999999999993349 0.3000000000003884 0
932 -0.199999999999224 0.3500000000003607 0
933 -0.199999999999113 0.400000000000333 0
934 -0.1999999999990021 0.4500000000003053 0
935 -0.1999999999988912 0.5000000000002776 0
936 -0.1999999999987804 0.5500000000002498 0
937 -0.1999999999986695 0.6000000000002221 0
938 -0.1999999999985586 0.6500000000001942 0
939 -0.1999999999984477 0.7000000000001665 0
940 -0.1999999999983368 0.7500000000001388 0
941 -0.1999999999982259 0.8000000000001108 0
942 -0.199999999998115 0.8500000000000834 0
943 -0.1999999999980042 0.9000000000000554 0
944 -0.1999999999978933 0.9500000000000277 0
945 -0.1500000000022385 -0.9499999999999794 0
946 -0.1500000000021208 -0.8999999999999582 0
947 -0.1500000000020029 -0.8499999999999377 0
948 -0.150000000001885 -0.7999999999999169 0
949 -0.1500000000017673 -0.749999999999896 0
950 -0.1500000000016496 -0.6999999999998754 0
951 -0.1500000000015317 -0.6499999999998547 0
952 -0.1500000000014139 -0.5999999999998338 0
953 -0.1500000000012961 -0.549999999999813 0
954 -0.1500000000011783 -0.4999999999997924 0
955 -0.1500000000010605 -0.4499999999997717 0
956 -0.1500000000009427 -0.3999999999997507 0
957 -0.1500000000008248 -0.3499999999997301 0
958 -0.150000000000707 -0.2999999999997091 0
959 -0.1500000000005893 -0.2499999999996882 0
960 -0.1500000000004715 -0.1999999999996675 0
961 -0.1500000000003536 -0.1499999999996467 0
962 -0.1500000000002358 -0.09999999999962594 0
963 -0.150000000000118 -0.04999999999960508 0
964 -0.1500000000000002 4.126143871019394e-13 0
965 -0.1499999999998824 0.05000000000039501 0
966 -0.1499999999997646 0.1000000000003743 0
967 -0.1499999999996468 0.1500000000003537 0
968 -0.149999999999529 0.2000000000003329 0
969 -0.1499999999994111 0.250000000000312 0
970 -0.1499999999992933 0.3000000000002913 0
971 -0.1499999999991755 0.3500000000002705 0
972 -0.1499999999990577 0.4000000000002499 0
973 -0.1499999999989399 0.4500000000002291 0
974 -0.1499999999988221 0.5000000000002083 0
975 -0.1499999999987043 0.5500000000001875 0
976 -0.1499999999985865 0.6000000000001666 0
977 -0.1499999999984687 0.6500000000001456 0
978 -0.1499999999983508 0.7000000000001247 0
979 -0.149999999998233 0.7500000000001041 0
980 -0.1499999999981153 0.8000000000000834 0
981 -0.1499999999979975 0.8500000000000625 0
982 -0.1499999999978797 0.9000000000000417 0
983 -0.1499999999977618 0.9500000000000208 0
984 -0.1000000000023702 -0.9499999999999861 0
985 -0.1000000000022454 -0.8999999999999723 0
986 -0.1000000000021207 -0.8499999999999586 0
987 -0.1000000000019959 -0.7999999999999446 0
988 -0.1000000000018712 -0.7499999999999306 0
989 -0.1000000000017465 -0.6999999999999171 0
990 -0.1000000000016217 -0.6499999999999031 0
991 -0.100000000001497 -0.5999999999998895 0
992 -0.1000000000013722 -0.5499999999998756 0
993 -0.1000000000012475 -0.4999999999998617 0
994 -0.1000000000011227 -0.4499999999998476 0
995 -0.1000000000009981 -0.3999999999998337 0
996 -0.1000000000008733 -0.34999999999982 0
997 -0.1000000000007485 -0.2999999999998062 0
998 -0.1000000000006238 -0.2499999999997923 0
999 -0.1000000000004991 -0.1999999999997783 0
1000 -0.1000000000003744 -0.1499999999997646 0
1001 -0.1000000000002496 -0.09999999999975073 0
1002 -0.1000000000001249 -0.04999999999973681 0
1003 -0.1000000000000001 2.7494673204842e-13 0
1004 -0.09999999999987541 0.05000000000026339 0
1005 -0.09999999999975068 0.1000000000002496 0
1006 -0.09999999999962594 0.1500000000002358 0
1007 -0.09999999999950124 0.2000000000002219 0
1008 -0.09999999999937648 0.250000000000208 0
1009 -0.09999999999925172 0.3000000000001943 0
1010 -0.09999999999912693 0.3500000000001805 0
1011 -0.09999999999900225 0.4000000000001666 0
1012 -0.09999999999887754 0.4500000000001528 0
1013 -0.09999999999875278 0.500000000000139 0
1014 -0.09999999999862796 0.5500000000001251 0
1015 -0.09999999999850337 0.6000000000001113 0
1016 -0.09999999999837858 0.6500000000000972 0
1017 -0.09999999999825382 0.7000000000000834 0
1018 -0.09999999999812909 0.7500000000000695 0
1019 -0.0999999999980043 0.8000000000000556 0
1020 -0.09999999999787956 0.8500000000000415 0
1021 -0.09999999999775494 0.9000000000000279 0
1022 -0.09999999999763021 0.9500000000000139 0
1023 -0.05000000000250173 -0.9499999999999933 0
1024 -0.05000000000237009 -0.8999999999999863 0
1025 -0.0500000000022384 -0.8499999999999791 0
1026 -0.0500000000021067 -0.7999999999999724 0
1027 -0.05000000000197507 -0.7499999999999651 0
1028 -0.05000000000184342 -0.6999999999999584 0
1029 -0.05000000000171172 -0.6499999999999515 0
1030 -0.05000000000158007 -0.5999999999999448 0
1031 -0.05000000000144844 -0.5499999999999378 0
1032 -0.05000000000131673 -0.4999999999999309 0
1033 -0.05000000000118505 -0.4499999999999242 0
1034 -0.05000000000105344 -0.399999999999917 0
1035 -0.05000000000092175 -0.3499999999999102 0
1036 -0.05000000000079007 -0.2999999999999031 0
1037 -0.05000000000065841 -0.2499999999998962 0
1038 -0.05000000000052679 -0.1999999999998893 0
1039 -0.05000000000039506 -0.1499999999998823 0
1040 -0.05000000000026339 -0.09999999999987536 0
1041 -0.05000000000013179 -0.04999999999986848 0
1042 -0.0500000000000001 1.375566327510569e-13 0
1043 -0.04999999999986846 0.05000000000013183 0
1044 -0.04999999999973676 0.1000000000001249 0
1045 -0.04999999999960511 0.150000000000118 0
1046 -0.04999999999947344 0.200000000000111 0
1047 -0.04999999999934172 0.2500000000001041 0
1048 -0.04999999999921012 0.3000000000000972 0
1049 -0.04999999999907845 0.3500000000000904 0
1050 -0.04999999999894678 0.4000000000000835 0
1051 -0.04999999999881513 0.4500000000000766 0
1052 -0.04999999999868346 0.5000000000000697 0
1053 -0.04999999999855179 0.5500000000000627 0
1054 -0.04999999999842013 0.6000000000000558 0
1055 -0.04999999999828847 0.6500000000000488 0
1056 -0.0499999999981568 0.7000000000000417 0
1057 -0.04999999999802519 0.7500000000000346 0
1058 -0.04999999999789342 0.8000000000000278 0
1059 -0.04999999999776181 0.8500000000000207 0
1060 -0.0499999999976302 0.9000000000000139 0
1061 -0.04999999999749849 0.9500000000000069 0
1062 -2.612725313877462e-12 -0.9499999999999998 0
1063 -2.475206151153487e-12 -0.9 0
1064 -2.337693927323415e-12 -0.8500000000000001 0
1065 -2.200167825705534e-12 -0.8000000000000003 0
1066 -2.062655601875464e-12 -0.7499999999999998 0
1067 -1.925143378045391e-12 -0.7000000000000002 0
1068 -1.78763115421532e-12 -0.6500000000000001 0
1069 -1.650091174809632e-12 -0.6000000000000003 0
1070 -1.51257895097956e-12 -0.5500000000000002 0
1071 -1.375066727149489e-12 -0.5000000000000002 0
1072 -1.237665525621879e-12 -0.4500000000000003 0
1073 -1.100153301791808e-12 -0.4000000000000004 0
1074 -9.626410779617358e-13 -0.3500000000000004 0
1075 -8.251288541316634e-13 -0.3000000000000002 0
1076 -6.876166303015917e-13 -0.2500000000000003 0
1077 -5.500488953202885e-13 -0.2000000000000001 0
1078 -4.125366714902168e-13 -0.1500000000000001 0
1079 -2.750244476601451e-13 -0.1000000000000001 0
1080 -1.375122238300727e-13 -0.05000000000000002 0
1081 -8.077935669463161e-28 0 0
1082 1.375122238300713e-13 0.0500000000000001 0
1083 2.750244476601435e-13 0.1000000000000001 0
1084 4.125366714902156e-13 0.1500000000000002 0
1085 5.500488953202873e-13 0.2000000000000001 0
1086 6.875611191503594e-13 0.2500000000000002 0
1087 8.250178318292003e-13 0.3000000000000003 0
1088 9.625300556592725e-13 0.3500000000000003 0
1089 1.100042279489344e-12 0.4000000000000004 0
1090 1.237554503319416e-12 0.4500000000000003 0
1091 1.37517774945195e-12 0.5000000000000004 0
1092 1.512689973282022e-12 0.5500000000000003 0
1093 1.650202197112094e-12 0.6000000000000003 0
1094 1.787658909790934e-12 0.6500000000000001 0
1095 1.925226644772238e-12 0.7000000000000002 0
1096 2.062683357451078e-12 0.7500000000000002 0
1097 2.20019558128115e-12 0.8 0
1098 2.337707805111222e-12 0.8500000000000001 0
1099 2.475220028941294e-12 0.8999999999999999 0
1100 2.612732252771366e-12 0.95 0
1101 0.04999999999749852 -0.9500000000000071 0
1102 0.04999999999763012 -0.9000000000000137 0
1103 0.04999999999776185 -0.8500000000000207 0
1104 0.04999999999789349 -0.8000000000000278 0
1105 0.04999999999802514 -0.7500000000000346 0
1106 0.04999999999815677 -0.7000000000000416 0
1107 0.04999999999828843 -0.6500000000000489 0
1108 0.04999999999842021 -0.6000000000000558 0
1109 0.04999999999855183 -0.5500000000000627 0
1110 0.04999999999868346 -0.5000000000000695 0
1111 0.04999999999881512 -0.4500000000000764 0
1112 0.04999999999894673 -0.4000000000000833 0
1113 0.04999999999907841 -0.3500000000000902 0
1114 0.04999999999921018 -0.3000000000000972 0
1115 0.04999999999934179 -0.2500000000001042 0
1116 0.04999999999947344 -0.200000000000111 0
1117 0.04999999999960505 -0.150000000000118 0
1118 0.04999999999973673 -0.1000000000001249 0
1119 0.04999999999986843 -0.05000000000013172 0
1120 0.0500000000000001 -1.375566327510569e-13 0
1121 0.05000000000013177 0.04999999999986843 0
1122 0.05000000000026349 0.09999999999987541 0
1123 0.05000000000039503 0.1499999999998824 0
1124 0.05000000000052675 0.1999999999998893 0
1125 0.05000000000065842 0.2499999999998962 0
1126 0.05000000000079009 0.2999999999999032 0
1127 0.05000000000092181 0.3499999999999102 0
1128 0.05000000000105334 0.3999999999999171 0
1129 0.05000000000118507 0.449999999999924 0
1130 0.05000000000131674 0.4999999999999311 0
1131 0.05000000000144841 0.5499999999999379 0
1132 0.05000000000158013 0.5999999999999448 0
1133 0.05000000000171168 0.6499999999999517 0
1134 0.0500000000018434 0.6999999999999587 0
1135 0.05000000000197506 0.7499999999999654 0
1136 0.05000000000210672 0.7999999999999723 0
1137 0.05000000000223845 0.8499999999999794 0
1138 0.05000000000237005 0.8999999999999861 0
1139 0.05000000000250177 0.9499999999999931 0
1140 0.09999999999763017 -0.9500000000000141 0
1141 0.0999999999977549 -0.9000000000000274 0
1142 0.09999999999787965 -0.8500000000000416 0
1143 0.09999999999800438 -0.8000000000000558 0
1144 0.09999999999812909 -0.7500000000000696 0
1145 0.09999999999825389 -0.7000000000000832 0
1146 0.09999999999837858 -0.6500000000000973 0
1147 0.09999999999850324 -0.6000000000001113 0
1148 0.09999999999862805 -0.5500000000001251 0
1149 0.09999999999875274 -0.500000000000139 0
1150 0.09999999999887753 -0.4500000000001528 0
1151 0.09999999999900222 -0.4000000000001666 0
1152 0.09999999999912706 -0.3500000000001804 0
1153 0.09999999999925169 -0.3000000000001943 0
1154 0.09999999999937653 -0.2500000000002081 0
1155 0.09999999999950121 -0.2000000000002219 0
1156 0.09999999999962589 -0.1500000000002358 0
1157 0.0999999999997507 -0.1000000000002496 0
1158 0.09999999999987536 -0.05000000000026339 0
1159 0.1000000000000001 -2.750022431996513e-13 0
1160 0.1000000000001249 0.04999999999973678 0
1161 0.1000000000002496 0.09999999999975068 0
1162 0.1000000000003744 0.1499999999997645 0
1163 0.1000000000004991 0.1999999999997784 0
1164 0.1000000000006238 0.2499999999997923 0
1165 0.1000000000007485 0.2999999999998062 0
1166 0.1000000000008733 0.34999999999982 0
1167 0.100000000000998 0.3999999999998339 0
1168 0.1000000000011228 0.4499999999998479 0
1169 0.1000000000012475 0.4999999999998617 0
1170 0.1000000000013723 0.5499999999998755 0
1171 0.100000000001497 0.5999999999998893 0
1172 0.1000000000016217 0.6499999999999031 0
1173 0.1000000000017465 0.6999999999999169 0
1174 0.1000000000018712 0.7499999999999307 0
1175 0.1000000000019959 0.7999999999999445 0
1176 0.1000000000021207 0.8499999999999586 0
1177 0.1000000000022453 0.8999999999999724 0
1178 0.1000000000023702 0.9499999999999862 0
1179 0.1499999999977619 -0.9500000000000208 0
1180 0.1499999999978796 -0.9000000000000417 0
1181 0.1499999999979975 -0.8500000000000625 0
1182 0.1499999999981152 -0.8000000000000833 0
1183 0.149999999998233 -0.7500000000001041 0
1184 0.1499999999983509 -0.700000000000125 0
1185 0.1499999999984687 -0.6500000000001459 0
1186 0.1499999999985865 -0.6000000000001668 0
1187 0.1499999999987043 -0.5500000000001875 0
1188 0.1499999999988221 -0.5000000000002083 0
1189 0.1499999999989399 -0.450000000000229 0
1190 0.1499999999990577 -0.4000000000002499 0
1191 0.1499999999991755 -0.3500000000002707 0
1192 0.1499999999992934 -0.3000000000002913 0
1193 0.1499999999994111 -0.250000000000312 0
1194 0.149999999999529 -0.2000000000003328 0
1195 0.1499999999996467 -0.1500000000003536 0
1196 0.1499999999997645 -0.1000000000003743 0
1197 0.1499999999998824 -0.05000000000039509 0
1198 0.1500000000000002 -4.125588759507082e-13 0
1199 0.150000000000118 0.04999999999960511 0
1200 0.1500000000002358 0.09999999999962597 0
1201 0.1500000000003536 0.1499999999996467 0
1202 0.1500000000004714 0.1999999999996674 0
1203 0.1500000000005892 0.2499999999996883 0
1204 0.150000000000707 0.2999999999997092 0
1205 0.1500000000008249 0.34999999999973 0
1206 0.1500000000009426 0.3999999999997508 0
1207 0.1500000000010605 0.4499999999997716 0
1208 0.1500000000011783 0.4999999999997924 0
1209 0.150000000001296 0.5499999999998131 0
1210 0.1500000000014139 0.5999999999998338 0
1211 0.1500000000015317 0.6499999999998547 0
1212 0.1500000000016494 0.6999999999998754 0
1213 0.1500000000017674 0.7499999999998961 0
1214 0.1500000000018851 0.7999999999999168 0
1215 0.150000000002003 0.8499999999999377 0
1216 0.1500000000021208 0.8999999999999584 0
1217 0.1500000000022386 0.9499999999999793 0
1218 0.1999999999978933 -0.9500000000000279 0
1219 0.1999999999980041 -0.9000000000000554 0
1220 0.199999999998115 -0.8500000000000834 0
1221 0.199999999998226 -0.8000000000001106 0
1222 0.1999999999983368 -0.7500000000001388 0
1223 0.1999999999984478 -0.7000000000001665 0
1224 0.1999999999985586 -0.6500000000001943 0
1225 0.1999999999986694 -0.6000000000002221 0
1226 0.1999999999987803 -0.5500000000002498 0
1227 0.1999999999988913 -0.5000000000002776 0
1228 0.1999999999990022 -0.4500000000003052 0
1229 0.199999999999113 -0.4000000000003329 0
1230 0.199999999999224 -0.3500000000003607 0
1231 0.1999999999993348 -0.3000000000003883 0
1232 0.1999999999994458 -0.2500000000004159 0
1233 0.1999999999995566 -0.2000000000004437 0
1234 0.1999999999996675 -0.1500000000004714 0
1235 0.1999999999997784 -0.100000000000499 0
1236 0.1999999999998893 -0.05000000000052673 0
1237 0.2000000000000001 -5.500044863993026e-13 0
1238 0.200000000000111 0.04999999999947347 0
1239 0.2000000000002219 0.09999999999950121 0
1240 0.2000000000003327 0.149999999999529 0
1241 0.2000000000004437 0.1999999999995566 0
1242 0.2000000000005546 0.2499999999995843 0
1243 0.2000000000006654 0.2999999999996121 0
1244 0.2000000000007763 0.3499999999996398 0
1245 0.2000000000008871 0.3999999999996676 0
1246 0.200000000000998 0.4499999999996953 0
1247 0.200000000001109 0.4999999999997231 0
1248 0.2000000000012199 0.5499999999997507 0
1249 0.2000000000013308 0.5999999999997785 0
1250 0.2000000000014417 0.6499999999998061 0
1251 0.2000000000015524 0.6999999999998339 0
1252 0.2000000000016633 0.7499999999998614 0
1253 0.2000000000017743 0.7999999999998892 0
1254 0.2000000000018852 0.8499999999999168 0
1255 0.2000000000019961 0.8999999999999444 0
1256 0.2000000000021069 0.9499999999999722 0
1257 0.249999999998025 -0.9500000000000346 0
1258 0.2499999999981289 -0.9000000000000694 0
1259 0.2499999999982329 -0.8500000000001042 0
1260 0.2499999999983368 -0.8000000000001388 0
1261 0.2499999999984408 -0.7500000000001734 0
1262 0.2499999999985448 -0.7000000000002079 0
1263 0.2499999999986487 -0.6500000000002428 0
1264 0.2499999999987527 -0.6000000000002776 0
1265 0.2499999999988566 -0.5500000000003122 0
1266 0.2499999999989606 -0.5000000000003468 0
1267 0.2499999999990645 -0.4500000000003815 0
1268 0.2499999999991685 -0.4000000000004162 0
1269 0.2499999999992725 -0.350000000000451 0
1270 0.2499999999993763 -0.3000000000004854 0
1271 0.2499999999994805 -0.2500000000005199 0
1272 0.2499999999995844 -0.2000000000005545 0
1273 0.2499999999996883 -0.1500000000005892 0
1274 0.2499999999997923 -0.1000000000006238 0
1275 0.2499999999998961 -0.05000000000065841 0
1276 0.2500000000000001 -6.875611191503594e-13 0
1277 0.2500000000001041 0.04999999999934179 0
1278 0.2500000000002081 0.09999999999937648 0
1279 0.2500000000003121 0.1499999999994111 0
1280 0.250000000000416 0.1999999999994457 0
1281 0.25000000000052 0.2499999999994804 0
1282 0.2500000000006239 0.2999999999995151 0
1283 0.2500000000007279 0.3499999999995498 0
1284 0.2500000000008317 0.3999999999995845 0
1285 0.2500000000009358 0.449999999999619 0
1286 0.2500000000010397 0.4999999999996537 0
1287 0.2500000000011438 0.5499999999996885 0
1288 0.2500000000012477 0.599999999999723 0
1289 0.2500000000013516 0.6499999999997574 0
1290 0.2500000000014556 0.6999999999997921 0
1291 0.2500000000015595 0.7499999999998268 0
1292 0.2500000000016635 0.7999999999998615 0
1293 0.2500000000017674 0.8499999999998959 0
1294 0.2500000000018714 0.8999999999999306 0
1295 0.2500000000019753 0.9499999999999653 0
1296 0.2999999999981566 -0.9500000000000416 0
1297 0.2999999999982537 -0.900000000000083 0
1298 0.2999999999983506 -0.8500000000001249 0
1299 0.2999999999984477 -0.8000000000001662 0
1300 0.2999999999985448 -0.7500000000002081 0
1301 0.2999999999986417 -0.7000000000002498 0
1302 0.2999999999987389 -0.6500000000002912 0
1303 0.2999999999988358 -0.6000000000003329 0
1304 0.2999999999989329 -0.5500000000003746 0
1305 0.2999999999990299 -0.5000000000004163 0
1306 0.299999999999127 -0.4500000000004577 0
1307 0.2999999999992239 -0.4000000000004992 0
1308 0.299999999999321 -0.350000000000541 0
1309 0.299999999999418 -0.3000000000005825 0
1310 0.299999999999515 -0.250000000000624 0
1311 0.2999999999996121 -0.2000000000006655 0
1312 0.2999999999997092 -0.150000000000707 0
1313 0.2999999999998061 -0.1000000000007486 0
1314 0.2999999999999032 -0.05000000000079011 0
1315 0.3000000000000002 -8.25145507477032e-13 0
1316 0.3000000000000973 0.04999999999921012 0
1317 0.3000000000001942 0.09999999999925166 0
1318 0.3000000000002913 0.1499999999992934 0
1319 0.3000000000003883 0.1999999999993348 0
1320 0.3000000000004854 0.2499999999993764 0
1321 0.3000000000005824 0.2999999999994181 0
1322 0.3000000000006795 0.3499999999994596 0
1323 0.3000000000007765 0.3999999999995012 0
1324 0.3000000000008735 0.4499999999995428 0
1325 0.3000000000009705 0.4999999999995844 0
1326 0.3000000000010677 0.5499999999996259 0
1327 0.3000000000011645 0.5999999999996677 0
1328 0.3000000000012616 0.649999999999709 0
1329 0.3000000000013586 0.6999999999997506 0
1330 0.3000000000014557 0.7499999999997922 0
1331 0.3000000000015527 0.7999999999998337 0
1332 0.3000000000016497 0.8499999999998753 0
1333 0.3000000000017468 0.8999999999999169 0
1334 0.3000000000018437 0.9499999999999584 0
1335 0.3499999999982882 -0.9500000000000485 0
1336 0.3499999999983783 -0.9000000000000972 0
1337 0.3499999999984684 -0.8500000000001456 0
1338 0.3499999999985586 -0.8000000000001943 0
1339 0.3499999999986487 -0.7500000000002429 0
1340 0.3499999999987388 -0.7000000000002913 0
1341 0.3499999999988289 -0.6500000000003399 0
1342 0.3499999999989191 -0.6000000000003884 0
1343 0.3499999999990091 -0.5500000000004369 0
1344 0.3499999999990993 -0.5000000000004856 0
1345 0.3499999999991893 -0.4500000000005338 0
1346 0.3499999999992795 -0.4000000000005825 0
1347 0.3499999999993695 -0.350000000000631 0
1348 0.3499999999994596 -0.3000000000006794 0
1349 0.3499999999995498 -0.2500000000007279 0
1350 0.3499999999996399 -0.2000000000007764 0
1351 0.34999999999973 -0.1500000000008248 0
1352 0.3499999999998201 -0.1000000000008733 0
1353 0.3499999999999102 -0.05000000000092175 0
1354 0.3500000000000002 -9.625911179256263e-13 0
1355 0.3500000000000903 0.04999999999907848 0
1356 0.3500000000001804 0.09999999999912701 0
1357 0.3500000000002706 0.1499999999991756 0
1358 0.3500000000003607 0.1999999999992239 0
1359 0.3500000000004507 0.2499999999992725 0
1360 0.3500000000005409 0.299999999999321 0
1361 0.3500000000006309 0.3499999999993695 0
1362 0.350000000000721 0.399999999999418 0
1363 0.3500000000008112 0.4499999999994666 0
1364 0.3500000000009013 0.4999999999995152 0
1365 0.3500000000009915 0.5499999999995637 0
1366 0.3500000000010814 0.5999999999996122 0
1367 0.3500000000011716 0.6499999999996606 0
1368 0.3500000000012618 0.6999999999997091 0
1369 0.3500000000013518 0.7499999999997575 0
1370 0.3500000000014419 0.799999999999806 0
1371 0.350000000001532 0.8499999999998544 0
1372 0.3500000000016221 0.8999999999999031 0
1373 0.3500000000017122 0.9499999999999515 0
1374 0.39999999999842 -0.9500000000000555 0
1375 0.3999999999985032 -0.9000000000001109 0
1376 0.3999999999985864 -0.8500000000001664 0
1377 0.3999999999986694 -0.8000000000002218 0
1378 0.3999999999987527 -0.7500000000002773 0
1379 0.3999999999988358 -0.7000000000003328 0
1380 0.3999999999989191 -0.6500000000003886 0
1381 0.3999999999990023 -0.600000000000444 0
1382 0.3999999999990854 -0.5500000000004991 0
1383 0.3999999999991685 -0.5000000000005549 0
1384 0.3999999999992518 -0.4500000000006102 0
1385 0.3999999999993349 -0.4000000000006655 0
1386 0.3999999999994181 -0.3500000000007211 0
1387 0.3999999999995013 -0.3000000000007765 0
1388 0.3999999999995844 -0.2500000000008318 0
1389 0.3999999999996675 -0.2000000000008871 0
1390 0.3999999999997508 -0.1500000000009427 0
1391 0.3999999999998339 -0.1000000000009981 0
1392 0.3999999999999171 -0.05000000000105342 0
1393 0.4000000000000002 -1.100147750676683e-12 0
1394 0.4000000000000835 0.04999999999894675 0
1395 0.4000000000001667 0.09999999999900219 0
1396 0.4000000000002498 0.1499999999990577 0
1397 0.400000000000333 0.199999999999113 0
1398 0.4000000000004162 0.2499999999991685 0
1399 0.4000000000004994 0.299999999999224 0
1400 0.4000000000005826 0.3499999999992794 0
1401 0.4000000000006656 0.3999999999993349 0
1402 0.4000000000007489 0.4499999999993904 0
1403 0.4000000000008321 0.4999999999994458 0
1404 0.4000000000009152 0.5499999999995011 0
1405 0.4000000000009984 0.5999999999995567 0
1406 0.4000000000010816 0.649999999999612 0
1407 0.4000000000011647 0.6999999999996673 0
1408 0.4000000000012479 0.7499999999997229 0
1409 0.4000000000013311 0.7999999999997782 0
1410 0.4000000000014144 0.8499999999998338 0
1411 0.4000000000014974 0.8999999999998891 0
1412 0.4000000000015807 0.9499999999999444 0
1413 0.4499999999985517 -0.9500000000000626 0
1414 0.4499999999986278 -0.9000000000001249 0
1415 0.4499999999987042 -0.8500000000001873 0
1416 0.4499999999987803 -0.8000000000002496 0
1417 0.4499999999988567 -0.750000000000312 0
1418 0.4499999999989329 -0.7000000000003745 0
1419 0.4499999999990091 -0.650000000000437 0
1420 0.4499999999990854 -0.6000000000004995 0
1421 0.4499999999991617 -0.5500000000005617 0
1422 0.4499999999992378 -0.5000000000006242 0
1423 0.4499999999993142 -0.4500000000006866 0
1424 0.4499999999993903 -0.4000000000007488 0
1425 0.4499999999994667 -0.3500000000008113 0
1426 0.4499999999995428 -0.3000000000008736 0
1427 0.449999999999619 -0.2500000000009358 0
1428 0.4499999999996953 -0.2000000000009981 0
1429 0.4499999999997715 -0.1500000000010604 0
1430 0.4499999999998479 -0.1000000000011227 0
1431 0.449999999999924 -0.05000000000118512 0
1432 0.4500000000000004 -1.237593361125278e-12 0
1433 0.4500000000000764 0.0499999999988151 0
1434 0.4500000000001529 0.09999999999887754 0
1435 0.4500000000002291 0.1499999999989399 0
1436 0.4500000000003053 0.1999999999990021 0
1437 0.4500000000003815 0.2499999999990645 0
1438 0.4500000000004578 0.299999999999127 0
1439 0.450000000000534 0.3499999999991894 0
1440 0.4500000000006103 0.3999999999992518 0
1441 0.4500000000006865 0.4499999999993141 0
1442 0.4500000000007627 0.4999999999993765 0
1443 0.450000000000839 0.5499999999994389 0
1444 0.4500000000009152 0.5999999999995012 0
1445 0.4500000000009914 0.6499999999995636 0
1446 0.4500000000010678 0.6999999999996258 0
1447 0.4500000000011439 0.7499999999996882 0
1448 0.4500000000012203 0.7999999999997507 0
1449 0.4500000000012965 0.8499999999998129 0
1450 0.4500000000013726 0.8999999999998753 0
1451 0.4500000000014491 0.9499999999999378 0
1452 0.4999999999986835 -0.9500000000000691 0
1453 0.4999999999987527 -0.9000000000001385 0
1454 0.4999999999988219 -0.8500000000002078 0
1455 0.4999999999988912 -0.8000000000002774 0
1456 0.4999999999989606 -0.7500000000003466 0
1457 0.4999999999990298 -0.7000000000004161 0
1458 0.4999999999990992 -0.6500000000004853 0
1459 0.4999999999991686 -0.6000000000005549 0
1460 0.4999999999992379 -0.5500000000006239 0
1461 0.4999999999993072 -0.5000000000006934 0
1462 0.4999999999993765 -0.4500000000007628 0
1463 0.4999999999994458 -0.4000000000008321 0
1464 0.4999999999995152 -0.3500000000009014 0
1465 0.4999999999995844 -0.3000000000009705 0
1466 0.4999999999996537 -0.2500000000010397 0
1467 0.4999999999997231 -0.2000000000011089 0
1468 0.4999999999997924 -0.1500000000011783 0
1469 0.4999999999998617 -0.1000000000012475 0
1470 0.499999999999931 -0.05000000000131676 0
1471 0.5000000000000002 -1.375094482725103e-12 0
1472 0.5000000000000697 0.04999999999868343 0
1473 0.500000000000139 0.09999999999875273 0
1474 0.5000000000002083 0.1499999999988221 0
1475 0.5000000000002776 0.1999999999988913 0
1476 0.5000000000003468 0.2499999999989606 0
1477 0.5000000000004161 0.2999999999990299 0
1478 0.5000000000004856 0.3499999999990992 0
1479 0.5000000000005549 0.3999999999991686 0
1480 0.5000000000006242 0.4499999999992379 0
1481 0.5000000000006934 0.4999999999993072 0
1482 0.5000000000007627 0.5499999999993763 0
1483 0.5000000000008322 0.5999999999994456 0
1484 0.5000000000009015 0.649999999999515 0
1485 0.5000000000009709 0.6999999999995843 0
1486 0.5000000000010401 0.7499999999996536 0
1487 0.5000000000011093 0.7999999999997227 0
1488 0.5000000000011786 0.8499999999997923 0
1489 0.5000000000012481 0.8999999999998614 0
1490 0.5000000000013173 0.9499999999999307 0
1491 0.549999999998815 -0.9500000000000763 0
1492 0.5499999999988776 -0.9000000000001525 0
1493 0.5499999999989398 -0.850000000000229 0
1494 0.5499999999990022 -0.8000000000003051 0
1495 0.5499999999990646 -0.7500000000003813 0
1496 0.549999999999127 -0.7000000000004575 0
1497 0.5499999999991894 -0.6500000000005337 0
1498 0.5499999999992518 -0.6000000000006105 0
1499 0.5499999999993139 -0.5500000000006866 0
1500 0.5499999999993765 -0.5000000000007628 0
1501 0.5499999999994389 -0.4500000000008389 0
1502 0.5499999999995011 -0.4000000000009152 0
1503 0.5499999999995634 -0.3500000000009914 0
1504 0.549999999999626 -0.3000000000010676 0
1505 0.5499999999996884 -0.2500000000011438 0
1506 0.5499999999997507 -0.2000000000012199 0
1507 0.549999999999813 -0.1500000000012961 0
1508 0.5499999999998754 -0.1000000000013722 0
1509 0.5499999999999379 -0.05000000000144844 0
1510 0.5500000000000003 -1.51265111547616e-12 0
1511 0.5500000000000627 0.04999999999855183 0
1512 0.5500000000001251 0.09999999999862806 0
1513 0.5500000000001875 0.1499999999987043 0
1514 0.5500000000002498 0.1999999999987804 0
1515 0.550000000000312 0.2499999999988566 0
1516 0.5500000000003747 0.2999999999989329 0
1517 0.5500000000004368 0.3499999999990091 0
1518 0.5500000000004994 0.3999999999990853 0
1519 0.5500000000005618 0.4499999999991616 0
1520 0.5500000000006242 0.4999999999992378 0
1521 0.5500000000006864 0.5499999999993141 0
1522 0.5500000000007488 0.5999999999993901 0
1523 0.5500000000008111 0.6499999999994666 0
1524 0.5500000000008737 0.6999999999995428 0
1525 0.550000000000936 0.749999999999619 0
1526 0.5500000000009984 0.7999999999996952 0
1527 0.5500000000010608 0.8499999999997714 0
1528 0.5500000000011233 0.8999999999998476 0
1529 0.5500000000011855 0.9499999999999238 0
1530 0.5999999999989465 -0.9500000000000832 0
1531 0.5999999999990022 -0.9000000000001662 0
1532 0.5999999999990577 -0.8500000000002494 0
1533 0.5999999999991128 -0.8000000000003329 0
1534 0.5999999999991682 -0.750000000000416 0
1535 0.599999999999224 -0.7000000000004993 0
1536 0.5999999999992792 -0.6500000000005824 0
1537 0.5999999999993346 -0.6000000000006656 0
1538 0.5999999999993901 -0.5500000000007487 0
1539 0.5999999999994459 -0.500000000000832 0
1540 0.5999999999995012 -0.4500000000009154 0
1541 0.5999999999995564 -0.4000000000009983 0
1542 0.5999999999996122 -0.3500000000010814 0
1543 0.5999999999996676 -0.3000000000011646 0
1544 0.599999999999723 -0.2500000000012477 0
1545 0.5999999999997785 -0.2000000000013308 0
1546 0.5999999999998338 -0.1500000000014139 0
1547 0.5999999999998892 -0.100000000001497 0
1548 0.5999999999999448 -0.05000000000158013 0
1549 0.6000000000000002 -1.650096725924755e-12 0
1550 0.6000000000000558 0.04999999999842016 0
1551 0.600000000000111 0.0999999999985033 0
1552 0.6000000000001666 0.1499999999985865 0
1553 0.6000000000002218 0.1999999999986695 0
1554 0.6000000000002774 0.2499999999987527 0
1555 0.6000000000003329 0.2999999999988358 0
1556 0.6000000000003884 0.3499999999989189 0
1557 0.600000000000444 0.3999999999990022 0
1558 0.6000000000004995 0.4499999999990853 0
1559 0.6000000000005546 0.4999999999991686 0
1560 0.6000000000006103 0.5499999999992515 0
1561 0.6000000000006656 0.5999999999993348 0
1562 0.6000000000007211 0.6499999999994179 0
1563 0.6000000000007766 0.6999999999995012 0
1564 0.6000000000008321 0.7499999999995843 0
1565 0.6000000000008876 0.7999999999996674 0
1566 0.6000000000009431 0.8499999999997505 0
1567 0.6000000000009984 0.8999999999998336 0
1568 0.6000000000010537 0.9499999999999169 0
1569 0.6499999999990784 -0.9500000000000901 0
1570 0.6499999999991268 -0.9000000000001802 0
1571 0.6499999999991753 -0.8500000000002702 0
1572 0.649999999999224 -0.8000000000003603 0
1573 0.6499999999992723 -0.7500000000004505 0
1574 0.6499999999993211 -0.7000000000005409 0
1575 0.6499999999993692 -0.6500000000006311 0
1576 0.6499999999994179 -0.6000000000007211 0
1577 0.6499999999994667 -0.5500000000008111 0
1578 0.649999999999515 -0.5000000000009013 0
1579 0.6499999999995636 -0.4500000000009915 0
1580 0.649999999999612 -0.4000000000010817 0
1581 0.6499999999996604 -0.3500000000011717 0
1582 0.649999999999709 -0.3000000000012616 0
1583 0.6499999999997577 -0.2500000000013516 0
1584 0.649999999999806 -0.2000000000014416 0
1585 0.6499999999998548 -0.1500000000015317 0
1586 0.649999999999903 -0.1000000000016217 0
1587 0.6499999999999516 -0.05000000000171177 0
1588 0.6500000000000004 -1.787667236463619e-12 0
1589 0.6500000000000489 0.04999999999828844 0
1590 0.6500000000000973 0.09999999999837859 0
1591 0.6500000000001458 0.1499999999984687 0
1592 0.6500000000001942 0.1999999999985586 0
1593 0.6500000000002428 0.2499999999986487 0
1594 0.6500000000002912 0.2999999999987388 0
1595 0.6500000000003399 0.3499999999988289 0
1596 0.6500000000003885 0.399999999998919 0
1597 0.6500000000004369 0.4499999999990092 0
1598 0.6500000000004853 0.4999999999990992 0
1599 0.6500000000005336 0.5499999999991894 0
1600 0.6500000000005826 0.5999999999992793 0
1601 0.650000000000631 0.6499999999993693 0
1602 0.6500000000006794 0.6999999999994595 0
1603 0.6500000000007281 0.7499999999995497 0
1604 0.6500000000007766 0.7999999999996397 0
1605 0.6500000000008249 0.8499999999997299 0
1606 0.6500000000008734 0.8999999999998198 0
1607 0.6500000000009221 0.9499999999999098 0
1608 0.6999999999992099 -0.9500000000000972 0
1609 0.6999999999992517 -0.900000000000194 0
1610 0.6999999999992932 -0.8500000000002912 0
1611 0.6999999999993347 -0.8000000000003884 0
1612 0.6999999999993765 -0.7500000000004854 0
1613 0.699999999999418 -0.7000000000005824 0
1614 0.6999999999994594 -0.6500000000006795 0
1615 0.699999999999501 -0.6000000000007766 0
1616 0.6999999999995427 -0.5500000000008735 0
1617 0.6999999999995843 -0.5000000000009708 0
1618 0.6999999999996258 -0.4500000000010676 0
1619 0.6999999999996673 -0.4000000000011647 0
1620 0.699999999999709 -0.3500000000012618 0
1621 0.6999999999997506 -0.3000000000013587 0
1622 0.6999999999997922 -0.2500000000014556 0
1623 0.6999999999998339 -0.2000000000015526 0
1624 0.6999999999998754 -0.1500000000016495 0
1625 0.6999999999999172 -0.1000000000017464 0
1626 0.6999999999999584 -0.05000000000184335 0
1627 0.7000000000000002 -1.925112846912214e-12 0
1628 0.7000000000000417 0.04999999999815678 0
1629 0.7000000000000834 0.09999999999825383 0
1630 0.7000000000001251 0.1499999999983509 0
1631 0.7000000000001664 0.1999999999984476 0
1632 0.7000000000002082 0.2499999999985448 0
1633 0.7000000000002498 0.2999999999986418 0
1634 0.7000000000002914 0.3499999999987388 0
1635 0.7000000000003329 0.3999999999988358 0
1636 0.7000000000003742 0.4499999999989329 0
1637 0.7000000000004161 0.4999999999990299 0
1638 0.7000000000004578 0.549999999999127 0
1639 0.7000000000004991 0.599999999999224 0
1640 0.7000000000005409 0.6499999999993209 0
1641 0.7000000000005826 0.6999999999994178 0
1642 0.7000000000006239 0.7499999999995151 0
1643 0.7000000000006656 0.7999999999996119 0
1644 0.7000000000007073 0.849999999999709 0
1645 0.7000000000007487 0.8999999999998058 0
1646 0.7000000000007904 0.9499999999999031 0
1647 0.7499999999993416 -0.9500000000001041 0
1648 0.7499999999993765 -0.9000000000002077 0
1649 0.7499999999994109 -0.8500000000003121 0
1650 0.7499999999994457 -0.8000000000004158 0
1651 0.7499999999994804 -0.7500000000005198 0
1652 0.7499999999995147 -0.7000000000006238 0
1653 0.7499999999995496 -0.6500000000007281 0
1654 0.7499999999995843 -0.6000000000008321 0
1655 0.7499999999996189 -0.5500000000009361 0
1656 0.7499999999996536 -0.5000000000010401 0
1657 0.7499999999996884 -0.450000000001144 0
1658 0.7499999999997228 -0.4000000000012477 0
1659 0.7499999999997576 -0.350000000001352 0
1660 0.7499999999997919 -0.3000000000014557 0
1661 0.7499999999998268 -0.2500000000015595 0
1662 0.7499999999998614 -0.2000000000016634 0
1663 0.7499999999998962 -0.1500000000017674 0
1664 0.7499999999999307 -0.1000000000018711 0
1665 0.7499999999999654 -0.05000000000197504 0
1666 0.75 -2.062669479663271e-12 0
1667 0.7500000000000346 0.04999999999802512 0
1668 0.7500000000000693 0.09999999999812907 0
1669 0.7500000000001039 0.1499999999982331 0
1670 0.7500000000001384 0.1999999999983368 0
1671 0.7500000000001734 0.2499999999984408 0
1672 0.7500000000002082 0.2999999999985448 0
1673 0.7500000000002427 0.3499999999986487 0
1674 0.7500000000002773 0.3999999999987527 0
1675 0.750000000000312 0.4499999999988566 0
1676 0.7500000000003468 0.4999999999989606 0
1677 0.7500000000003813 0.5499999999990646 0
1678 0.7500000000004161 0.5999999999991685 0
1679 0.7500000000004509 0.6499999999992725 0
1680 0.7500000000004853 0.6999999999993765 0
1681 0.75000000000052 0.7499999999994802 0
1682 0.7500000000005547 0.7999999999995842 0
1683 0.7500000000005893 0.8499999999996881 0
1684 0.7500000000006241 0.8999999999997921 0
1685 0.7500000000006585 0.949999999999896 0
1686 0.7999999999994731 -0.9500000000001108 0
1687 0.7999999999995011 -0.9000000000002215 0
1688 0.799999999999529 -0.8500000000003326 0
1689 0.7999999999995564 -0.8000000000004439 0
1690 0.7999999999995842 -0.7500000000005544 0
1691 0.7999999999996121 -0.7000000000006656 0
1692 0.7999999999996397 -0.6500000000007766 0
1693 0.7999999999996672 -0.6000000000008876 0
1694 0.7999999999996953 -0.5500000000009982 0
1695 0.7999999999997229 -0.5000000000011096 0
1696 0.7999999999997505 -0.4500000000012203 0
1697 0.799999999999778 -0.400000000001331 0
1698 0.7999999999998062 -0.3500000000014419 0
1699 0.7999999999998338 -0.3000000000015527 0
1700 0.7999999999998615 -0.2500000000016636 0
1701 0.7999999999998892 -0.2000000000017743 0
1702 0.7999999999999168 -0.150000000001885 0
1703 0.7999999999999446 -0.1000000000019959 0
1704 0.7999999999999723 -0.05000000000210667 0
1705 0.7999999999999998 -2.200226112414327e-12 0
1706 0.8000000000000278 0.04999999999789346 0
1707 0.8000000000000553 0.09999999999800435 0
1708 0.8000000000000832 0.1499999999981152 0
1709 0.8000000000001108 0.1999999999982259 0
1710 0.8000000000001386 0.2499999999983368 0
1711 0.8000000000001664 0.2999999999984477 0
1712 0.8000000000001939 0.3499999999985586 0
1713 0.8000000000002219 0.3999999999986694 0
1714 0.8000000000002495 0.4499999999987804 0
1715 0.8000000000002774 0.4999999999988913 0
1716 0.8000000000003048 0.5499999999990022 0
1717 0.8000000000003327 0.599999999999113 0
1718 0.8000000000003604 0.6499999999992239 0
1719 0.8000000000003882 0.6999999999993347 0
1720 0.8000000000004159 0.7499999999994456 0
1721 0.8000000000004437 0.7999999999995564 0
1722 0.8000000000004714 0.8499999999996675 0
1723 0.800000000000499 0.8999999999997783 0
1724 0.8000000000005267 0.9499999999998892 0
1725 0.8499999999996052 -0.950000000000118 0
1726 0.8499999999996258 -0.9000000000002356 0
1727 0.8499999999996466 -0.8500000000003536 0
1728 0.8499999999996672 -0.8000000000004714 0
1729 0.8499999999996883 -0.7500000000005891 0
1730 0.849999999999709 -0.7000000000007072 0
1731 0.8499999999997297 -0.6500000000008251 0
1732 0.8499999999997505 -0.6000000000009431 0
1733 0.8499999999997713 -0.5500000000010609 0
1734 0.849999999999792 -0.5000000000011788 0
1735 0.8499999999998129 -0.4500000000012964 0
1736 0.8499999999998339 -0.4000000000014143 0
1737 0.8499999999998545 -0.350000000001532 0
1738 0.8499999999998756 -0.3000000000016498 0
1739 0.8499999999998964 -0.2500000000017675 0
1740 0.8499999999999168 -0.2000000000018852 0
1741 0.8499999999999378 -0.150000000002003 0
1742 0.8499999999999585 -0.1000000000021206 0
1743 0.8499999999999792 -0.05000000000223837 0
1744 0.85 -2.337678661756826e-12 0
1745 0.850000000000021 0.04999999999776186 0
1746 0.8500000000000416 0.09999999999787959 0
1747 0.8500000000000626 0.1499999999979975 0
1748 0.8500000000000834 0.199999999998115 0
1749 0.8500000000001039 0.2499999999982328 0
1750 0.8500000000001249 0.2999999999983507 0
1751 0.8500000000001458 0.3499999999984685 0
1752 0.8500000000001667 0.3999999999985864 0
1753 0.8500000000001873 0.4499999999987041 0
1754 0.8500000000002078 0.4999999999988219 0
1755 0.8500000000002289 0.5499999999989398 0
1756 0.8500000000002494 0.5999999999990575 0
1757 0.8500000000002702 0.6499999999991752 0
1758 0.8500000000002913 0.6999999999992932 0
1759 0.8500000000003121 0.7499999999994111 0
1760 0.8500000000003327 0.7999999999995289 0
1761 0.8500000000003536 0.8499999999996466 0
1762 0.8500000000003742 0.8999999999997645 0
1763 0.8500000000003952 0.9499999999998823 0
1764 0.8999999999997367 -0.9500000000001246 0
1765 0.8999999999997504 -0.9000000000002496 0
1766 0.8999999999997645 -0.8500000000003742 0
1767 0.8999999999997781 -0.800000000000499 0
1768 0.8999999999997923 -0.7500000000006237 0
1769 0.899999999999806 -0.7000000000007486 0
1770 0.8999999999998197 -0.6500000000008735 0
1771 0.8999999999998336 -0.6000000000009986 0
1772 0.8999999999998477 -0.550000000001123 0
1773 0.8999999999998616 -0.5000000000012481 0
1774 0.899999999999875 -0.4500000000013727 0
1775 0.8999999999998894 -0.4000000000014973 0
1776 0.8999999999999028 -0.3500000000016222 0
1777 0.899999999999917 -0.3000000000017468 0
1778 0.8999999999999305 -0.2500000000018714 0
1779 0.8999999999999446 -0.200000000001996 0
1780 0.8999999999999582 -0.1500000000021208 0
1781 0.8999999999999724 -0.1000000000022454 0
1782 0.899999999999986 -0.05000000000237005 0
1783 0.9000000000000001 -2.475235294507883e-12 0
1784 0.9000000000000137 0.04999999999763013 0
1785 0.9000000000000276 0.09999999999775483 0
1786 0.9000000000000418 0.1499999999978796 0
1787 0.9000000000000554 0.1999999999980042 0
1788 0.9000000000000692 0.2499999999981289 0
1789 0.9000000000000832 0.2999999999982537 0
1790 0.9000000000000972 0.3499999999983784 0
1791 0.9000000000001109 0.3999999999985031 0
1792 0.9000000000001246 0.4499999999986279 0
1793 0.9000000000001387 0.4999999999987526 0
1794 0.9000000000001527 0.5499999999988774 0
1795 0.9000000000001664 0.599999999999002 0
1796 0.9000000000001802 0.6499999999991268 0
1797 0.900000000000194 0.6999999999992517 0
1798 0.9000000000002081 0.7499999999993765 0
1799 0.9000000000002217 0.7999999999995011 0
1800 0.9000000000002356 0.8499999999996259 0
1801 0.9000000000002495 0.8999999999997506 0
1802 0.9000000000002633 0.9499999999998752 0
1803 0.9499999999998683 -0.9500000000001319 0
1804 0.9499999999998754 -0.9000000000002633 0
1805 0.9499999999998822 -0.850000000000395 0
1806 0.9499999999998892 -0.800000000000527 0
1807 0.9499999999998959 -0.7500000000006585 0
1808 0.9499999999999029 -0.7000000000007902 0
1809 0.9499999999999099 -0.6500000000009222 0
1810 0.9499999999999169 -0.6000000000010539 0
1811 0.9499999999999238 -0.5500000000011855 0
1812 0.9499999999999307 -0.5000000000013174 0
1813 0.9499999999999376 -0.4500000000014489 0
1814 0.9499999999999446 -0.4000000000015806 0
1815 0.9499999999999517 -0.3500000000017123 0
1816 0.9499999999999582 -0.3000000000018438 0
1817 0.9499999999999652 -0.2500000000019754 0
1818 0.9499999999999722 -0.2000000000021069 0
1819 0.9499999999999792 -0.1500000000022386 0
1820 0.9499999999999862 -0.1000000000023702 0
1821 0.9499999999999932 -0.05000000000250169 0
1822 0.95 -2.612684374403429e-12 0
1823 0.9500000000000069 0.04999999999749853 0
1824 0.9500000000000141 0.09999999999763018 0
1825 0.9500000000000208 0.1499999999977618 0
1826 0.9500000000000277 0.1999999999978933 0
1827 0.9500000000000346 0.249999999998025 0
1828 0.9500000000000414 0.2999999999981566 0
1829 0.9500000000000483 0.3499999999982883 0
1830 0.9500000000000555 0.39999999999842 0
1831 0.9500000000000625 0.4499999999985516 0
1832 0.9500000000000692 0.4999999999986833 0
1833 0.9500000000000762 0.549999999998815 0
1834 0.9500000000000832 0.5999999999989467 0
1835 0.9500000000000901 0.6499999999990784 0
1836 0.950000000000097 0.6999999999992099 0
1837 0.9500000000001038 0.7499999999993416 0
1838 0.9500000000001109 0.7999999999994734 0
1839 0.9500000000001178 0.8499999999996051 0
1840 0.9500000000001249 0.8999999999997366 0
1841 0.9500000000001319 0.9499999999998683 0
1842 -0.9500000000001319 -0.9499999999998685 0.1
1843 -0.9500000000001246 -0.8999999999997367 0.1
1844 -0.9500000000001179 -0.8499999999996051 0.1
1845 -0.950000000000111 -0.7999999999994736 0.1
1846 -0.9500000000001038 -0.7499999999993417 0.1
1847 -0.9500000000000972 -0.6999999999992101 0.1
1848 -0.95000000000009 -0.6499999999990785 0.1
1849 -0.9500000000000832 -0.5999999999989469 0.1
1850 -0.9500000000000761 -0.549999999998815 0.1
1851 -0.9500000000000692 -0.4999999999986833 0.1
1852 -0.9500000000000626 -0.4499999999985517 0.1
1853 -0.9500000000000552 -0.3999999999984198 0.1
1854 -0.9500000000000484 -0.3499999999982883 0.1
1855 -0.9500000000000415 -0.2999999999981566 0.1
1856 -0.9500000000000346 -0.2499999999980249 0.1
1857 -0.9500000000000277 -0.1999999999978933 0.1
1858 -0.9500000000000208 -0.1499999999977618 0.1
1859 -0.9500000000000139 -0.09999999999763021 0.1
1860 -0.9500000000000068 -0.04999999999749855 0.1
1861 -0.95 2.612743355001612e-12 0.1
1862 -0.9499999999999931 0.05000000000250177 0.1
1863 -0.9499999999999862 0.1000000000023701 0.1
1864 -0.9499999999999791 0.1500000000022386 0.1
1865 -0.9499999999999722 0.2000000000021069 0.1
1866 -0.9499999999999653 0.2500000000019753 0.1
1867 -0.9499999999999581 0.3000000000018438 0.1
1868 -0.9499999999999514 0.3500000000017123 0.1
1869 -0.9499999999999444 0.4000000000015807 0.1
1870 -0.9499999999999376 0.4500000000014491 0.1
1871 -0.9499999999999307 0.5000000000013172 0.1
1872 -0.9499999999999236 0.5500000000011855 0.1
1873 -0.9499999999999169 0.6000000000010537 0.1
1874 -0.9499999999999098 0.6500000000009221 0.1
1875 -0.9499999999999029 0.7000000000007904 0.1
1876 -0.9499999999998959 0.7500000000006586 0.1
1877 -0.949999999999889 0.8000000000005267 0.1
1878 -0.9499999999998823 0.8500000000003952 0.1
1879 -0.9499999999998752 0.9000000000002634 0.1
1880 -0.9499999999998683 0.9500000000001316 0.1
1881 -0.9000000000002634 -0.9499999999998753 0.1
1882 -0.9000000000002497 -0.8999999999997503 0.1
1883 -0.9000000000002358 -0.8499999999996258 0.1
1884 -0.9000000000002217 -0.7999999999995011 0.1
1885 -0.900000000000208 -0.7499999999993763 0.1
1886 -0.900000000000194 -0.6999999999992514 0.1
1887 -0.9000000000001803 -0.6499999999991269 0.1
1888 -0.9000000000001666 -0.5999999999990021 0.1
1889 -0.9000000000001525 -0.5499999999988774 0.1
1890 -0.9000000000001387 -0.4999999999987526 0.1
1891 -0.9000000000001249 -0.4499999999986278 0.1
1892 -0.9000000000001108 -0.399999999998503 0.1
1893 -0.9000000000000969 -0.3499999999983786 0.1
1894 -0.9000000000000832 -0.2999999999982536 0.1
1895 -0.9000000000000694 -0.2499999999981289 0.1
1896 -0.9000000000000556 -0.1999999999980042 0.1
1897 -0.9000000000000417 -0.1499999999978797 0.1
1898 -0.9000000000000277 -0.09999999999775488 0.1
1899 -0.9000000000000138 -0.04999999999763016 0.1
1900 -0.9000000000000001 2.475242233401787e-12 0.1
1901 -0.8999999999999864 0.05000000000236998 0.1
1902 -0.8999999999999724 0.1000000000022454 0.1
1903 -0.8999999999999584 0.1500000000021207 0.1
1904 -0.8999999999999446 0.200000000001996 0.1
1905 -0.899999999999931 0.2500000000018714 0.1
1906 -0.8999999999999169 0.3000000000017468 0.1
1907 -0.8999999999999031 0.3500000000016221 0.1
1908 -0.8999999999998891 0.4000000000014974 0.1
1909 -0.8999999999998755 0.4500000000013726 0.1
1910 -0.8999999999998616 0.5000000000012481 0.1
1911 -0.8999999999998476 0.5500000000011231 0.1
1912 -0.8999999999998336 0.6000000000009984 0.1
1913 -0.8999999999998198 0.6500000000008734 0.1
1914 -0.899999999999806 0.7000000000007487 0.1
1915 -0.8999999999997921 0.7500000000006239 0.1
1916 -0.8999999999997783 0.800000000000499 0.1
1917 -0.8999999999997643 0.8500000000003743 0.1
1918 -0.8999999999997507 0.9000000000002495 0.1
1919 -0.8999999999997369 0.9500000000001247 0.1
1920 -0.8500000000003951 -0.9499999999998823 0.1
1921 -0.8500000000003743 -0.8999999999997644 0.1
1922 -0.8500000000003536 -0.8499999999996466 0.1
1923 -0.8500000000003329 -0.7999999999995289 0.1
1924 -0.8500000000003121 -0.7499999999994109 0.1
1925 -0.8500000000002912 -0.6999999999992932 0.1
1926 -0.8500000000002703 -0.6499999999991752 0.1
1927 -0.8500000000002494 -0.5999999999990577 0.1
1928 -0.8500000000002286 -0.5499999999989398 0.1
1929 -0.8500000000002079 -0.4999999999988221 0.1
1930 -0.8500000000001873 -0.4499999999987043 0.1
1931 -0.8500000000001664 -0.3999999999985863 0.1
1932 -0.8500000000001458 -0.3499999999984684 0.1
1933 -0.8500000000001249 -0.2999999999983506 0.1
1934 -0.8500000000001042 -0.2499999999982329 0.1
1935 -0.8500000000000834 -0.1999999999981151 0.1
1936 -0.8500000000000625 -0.1499999999979975 0.1
1937 -0.8500000000000416 -0.09999999999787956 0.1
1938 -0.850000000000021 -0.04999999999776183 0.1
1939 -0.8500000000000001 2.33768560065073e-12 0.1
1940 -0.8499999999999792 0.05000000000223842 0.1
1941 -0.8499999999999586 0.1000000000021207 0.1
1942 -0.8499999999999377 0.1500000000020029 0.1
1943 -0.849999999999917 0.2000000000018852 0.1
1944 -0.8499999999998962 0.2500000000017675 0.1
1945 -0.8499999999998753 0.3000000000016497 0.1
1946 -0.8499999999998544 0.3500000000015319 0.1
1947 -0.8499999999998336 0.4000000000014143 0.1
1948 -0.8499999999998129 0.4500000000012965 0.1
1949 -0.8499999999997923 0.5000000000011786 0.1
1950 -0.8499999999997714 0.5500000000010608 0.1
1951 -0.8499999999997505 0.6000000000009429 0.1
1952 -0.8499999999997296 0.650000000000825 0.1
1953 -0.849999999999709 0.7000000000007072 0.1
1954 -0.8499999999996883 0.7500000000005893 0.1
1955 -0.8499999999996675 0.8000000000004716 0.1
1956 -0.8499999999996466 0.8500000000003536 0.1
1957 -0.8499999999996257 0.9000000000002357 0.1
1958 -0.8499999999996048 0.9500000000001179 0.1
1959 -0.8000000000005265 -0.9499999999998894 0.1
1960 -0.800000000000499 -0.8999999999997783 0.1
1961 -0.8000000000004712 -0.8499999999996672 0.1
1962 -0.8000000000004437 -0.7999999999995566 0.1
1963 -0.8000000000004158 -0.7499999999994457 0.1
1964 -0.8000000000003882 -0.6999999999993347 0.1
1965 -0.8000000000003604 -0.6499999999992239 0.1
1966 -0.8000000000003327 -0.599999999999113 0.1
1967 -0.8000000000003049 -0.5499999999990022 0.1
1968 -0.8000000000002769 -0.4999999999988913 0.1
1969 -0.8000000000002496 -0.4499999999987804 0.1
1970 -0.8000000000002218 -0.3999999999986693 0.1
1971 -0.8000000000001943 -0.3499999999985586 0.1
1972 -0.8000000000001661 -0.2999999999984476 0.1
1973 -0.8000000000001386 -0.2499999999983368 0.1
1974 -0.8000000000001108 -0.199999999998226 0.1
1975 -0.8000000000000833 -0.1499999999981152 0.1
1976 -0.8000000000000554 -0.0999999999980043 0.1
1977 -0.8000000000000278 -0.04999999999789351 0.1
1978 -0.8 2.200239990202135e-12 0.1
1979 -0.7999999999999723 0.05000000000210675 0.1
1980 -0.7999999999999448 0.100000000001996 0.1
1981 -0.7999999999999168 0.1500000000018851 0.1
1982 -0.7999999999998891 0.2000000000017743 0.1
1983 -0.7999999999998615 0.2500000000016636 0.1
1984 -0.7999999999998336 0.3000000000015527 0.1
1985 -0.799999999999806 0.3500000000014418 0.1
1986 -0.7999999999997781 0.4000000000013311 0.1
1987 -0.7999999999997505 0.4500000000012201 0.1
1988 -0.7999999999997227 0.5000000000011093 0.1
1989 -0.799999999999695 0.5500000000009984 0.1
1990 -0.7999999999996674 0.6000000000008874 0.1
1991 -0.7999999999996397 0.6500000000007765 0.1
1992 -0.7999999999996119 0.7000000000006656 0.1
1993 -0.7999999999995844 0.7500000000005548 0.1
1994 -0.7999999999995564 0.8000000000004435 0.1
1995 -0.7999999999995289 0.8500000000003328 0.1
1996 -0.7999999999995011 0.9000000000002217 0.1
1997 -0.7999999999994734 0.9500000000001111 0.1
1998 -0.7500000000006587 -0.9499999999998959 0.1
1999 -0.7500000000006239 -0.8999999999997921 0.1
2000 -0.7500000000005891 -0.8499999999996881 0.1
2001 -0.7500000000005547 -0.7999999999995844 0.1
2002 -0.75000000000052 -0.7499999999994802 0.1
2003 -0.7500000000004852 -0.6999999999993762 0.1
2004 -0.7500000000004508 -0.6499999999992725 0.1
2005 -0.750000000000416 -0.5999999999991684 0.1
2006 -0.7500000000003813 -0.5499999999990646 0.1
2007 -0.7500000000003468 -0.4999999999989606 0.1
2008 -0.750000000000312 -0.4499999999988565 0.1
2009 -0.7500000000002773 -0.3999999999987527 0.1
2010 -0.7500000000002427 -0.3499999999986488 0.1
2011 -0.7500000000002081 -0.2999999999985447 0.1
2012 -0.7500000000001734 -0.2499999999984409 0.1
2013 -0.7500000000001388 -0.1999999999983368 0.1
2014 -0.7500000000001041 -0.149999999998233 0.1
2015 -0.7500000000000693 -0.09999999999812914 0.1
2016 -0.7500000000000346 -0.04999999999802524 0.1
2017 -0.75 2.062683357451078e-12 0.1
2018 -0.7499999999999656 0.05000000000197508 0.1
2019 -0.7499999999999307 0.1000000000018711 0.1
2020 -0.7499999999998963 0.1500000000017673 0.1
2021 -0.7499999999998617 0.2000000000016635 0.1
2022 -0.749999999999827 0.2500000000015596 0.1
2023 -0.7499999999997922 0.3000000000014557 0.1
2024 -0.7499999999997576 0.3500000000013518 0.1
2025 -0.7499999999997229 0.4000000000012479 0.1
2026 -0.7499999999996882 0.4500000000011439 0.1
2027 -0.7499999999996534 0.5000000000010401 0.1
2028 -0.7499999999996187 0.550000000000936 0.1
2029 -0.7499999999995841 0.6000000000008321 0.1
2030 -0.7499999999995495 0.650000000000728 0.1
2031 -0.7499999999995149 0.7000000000006239 0.1
2032 -0.7499999999994802 0.75000000000052 0.1
2033 -0.7499999999994457 0.8000000000004159 0.1
2034 -0.7499999999994109 0.8500000000003121 0.1
2035 -0.7499999999993763 0.900000000000208 0.1
2036 -0.7499999999993416 0.9500000000001038 0.1
2037 -0.7000000000007902 -0.9499999999999031 0.1
2038 -0.7000000000007488 -0.899999999999806 0.1
2039 -0.7000000000007072 -0.849999999999709 0.1
2040 -0.7000000000006654 -0.7999999999996121 0.1
2041 -0.700000000000624 -0.7499999999995149 0.1
2042 -0.7000000000005824 -0.699999999999418 0.1
2043 -0.7000000000005407 -0.649999999999321 0.1
2044 -0.7000000000004993 -0.599999999999224 0.1
2045 -0.7000000000004576 -0.549999999999127 0.1
2046 -0.700000000000416 -0.4999999999990299 0.1
2047 -0.7000000000003745 -0.449999999998933 0.1
2048 -0.7000000000003328 -0.3999999999988359 0.1
2049 -0.7000000000002913 -0.3499999999987389 0.1
2050 -0.7000000000002498 -0.2999999999986417 0.1
2051 -0.700000000000208 -0.2499999999985447 0.1
2052 -0.7000000000001665 -0.1999999999984478 0.1
2053 -0.700000000000125 -0.149999999998351 0.1
2054 -0.7000000000000832 -0.09999999999825376 0.1
2055 -0.7000000000000417 -0.04999999999815685 0.1
2056 -0.7000000000000002 1.925182235851253e-12 0.1
2057 -0.6999999999999587 0.0500000000018434 0.1
2058 -0.6999999999999169 0.1000000000017465 0.1
2059 -0.6999999999998754 0.1500000000016495 0.1
2060 -0.6999999999998339 0.2000000000015526 0.1
2061 -0.6999999999997921 0.2500000000014557 0.1
2062 -0.6999999999997506 0.3000000000013586 0.1
2063 -0.6999999999997091 0.3500000000012617 0.1
2064 -0.6999999999996676 0.4000000000011648 0.1
2065 -0.6999999999996257 0.4500000000010678 0.1
2066 -0.6999999999995843 0.5000000000009708 0.1
2067 -0.6999999999995428 0.5500000000008737 0.1
2068 -0.699999999999501 0.6000000000007766 0.1
2069 -0.6999999999994595 0.6500000000006794 0.1
2070 -0.699999999999418 0.7000000000005824 0.1
2071 -0.6999999999993763 0.7500000000004852 0.1
2072 -0.6999999999993347 0.800000000000388 0.1
2073 -0.6999999999992932 0.8500000000002912 0.1
2074 -0.6999999999992517 0.9000000000001941 0.1
2075 -0.6999999999992101 0.950000000000097 0.1
2076 -0.6500000000009222 -0.9499999999999101 0.1
2077 -0.6500000000008738 -0.8999999999998197 0.1
2078 -0.650000000000825 -0.8499999999997299 0.1
2079 -0.6500000000007764 -0.7999999999996397 0.1
2080 -0.6500000000007279 -0.7499999999995494 0.1
2081 -0.6500000000006795 -0.6999999999994594 0.1
2082 -0.650000000000631 -0.6499999999993693 0.1
2083 -0.6500000000005826 -0.5999999999992796 0.1
2084 -0.6500000000005339 -0.5499999999991894 0.1
2085 -0.6500000000004856 -0.4999999999990991 0.1
2086 -0.650000000000437 -0.4499999999990094 0.1
2087 -0.6500000000003884 -0.3999999999989189 0.1
2088 -0.6500000000003399 -0.3499999999988291 0.1
2089 -0.6500000000002913 -0.2999999999987388 0.1
2090 -0.6500000000002426 -0.2499999999986487 0.1
2091 -0.6500000000001944 -0.1999999999985586 0.1
2092 -0.6500000000001458 -0.1499999999984687 0.1
2093 -0.6500000000000972 -0.09999999999837861 0.1
2094 -0.6500000000000488 -0.04999999999828852 0.1
2095 -0.6500000000000001 1.787681114251427e-12 0.1
2096 -0.6499999999999515 0.05000000000171168 0.1
2097 -0.6499999999999031 0.1000000000016217 0.1
2098 -0.6499999999998545 0.1500000000015317 0.1
2099 -0.6499999999998061 0.2000000000014416 0.1
2100 -0.6499999999997574 0.2500000000013516 0.1
2101 -0.649999999999709 0.3000000000012618 0.1
2102 -0.6499999999996607 0.3500000000011716 0.1
2103 -0.6499999999996121 0.4000000000010816 0.1
2104 -0.6499999999995636 0.4500000000009914 0.1
2105 -0.649999999999515 0.5000000000009015 0.1
2106 -0.6499999999994667 0.5500000000008112 0.1
2107 -0.6499999999994179 0.600000000000721 0.1
2108 -0.6499999999993693 0.6500000000006309 0.1
2109 -0.6499999999993209 0.7000000000005409 0.1
2110 -0.6499999999992725 0.7500000000004508 0.1
2111 -0.649999999999224 0.8000000000003604 0.1
2112 -0.6499999999991752 0.8500000000002702 0.1
2113 -0.6499999999991268 0.9000000000001801 0.1
2114 -0.6499999999990784 0.95000000000009 0.1
2115 -0.6000000000010539 -0.9499999999999169 0.1
2116 -0.6000000000009983 -0.8999999999998335 0.1
2117 -0.6000000000009431 -0.8499999999997505 0.1
2118 -0.6000000000008874 -0.7999999999996674 0.1
2119 -0.600000000000832 -0.7499999999995842 0.1
2120 -0.6000000000007765 -0.6999999999995009 0.1
2121 -0.6000000000007211 -0.6499999999994179 0.1
2122 -0.6000000000006656 -0.5999999999993348 0.1
2123 -0.6000000000006103 -0.5499999999992518 0.1
2124 -0.6000000000005548 -0.4999999999991684 0.1
2125 -0.6000000000004992 -0.4499999999990852 0.1
2126 -0.600000000000444 -0.3999999999990023 0.1
2127 -0.6000000000003882 -0.3499999999989191 0.1
2128 -0.6000000000003329 -0.2999999999988358 0.1
2129 -0.6000000000002774 -0.2499999999987527 0.1
2130 -0.6000000000002221 -0.1999999999986694 0.1
2131 -0.6000000000001664 -0.1499999999985864 0.1
2132 -0.6000000000001111 -0.09999999999850323 0.1
2133 -0.6000000000000558 -0.04999999999842009 0.1
2134 -0.6000000000000003 1.650179992651601e-12 0.1
2135 -0.5999999999999448 0.05000000000158011 0.1
2136 -0.5999999999998893 0.1000000000014969 0.1
2137 -0.599999999999834 0.1500000000014139 0.1
2138 -0.5999999999997785 0.2000000000013308 0.1
2139 -0.599999999999723 0.2500000000012477 0.1
2140 -0.5999999999996675 0.3000000000011646 0.1
2141 -0.599999999999612 0.3500000000010814 0.1
2142 -0.5999999999995567 0.4000000000009984 0.1
2143 -0.5999999999995012 0.4500000000009152 0.1
2144 -0.5999999999994456 0.5000000000008322 0.1
2145 -0.5999999999993901 0.5500000000007491 0.1
2146 -0.5999999999993347 0.6000000000006656 0.1
2147 -0.5999999999992792 0.6500000000005826 0.1
2148 -0.599999999999224 0.7000000000004991 0.1
2149 -0.5999999999991685 0.7500000000004159 0.1
2150 -0.599999999999113 0.8000000000003329 0.1
2151 -0.5999999999990575 0.8500000000002494 0.1
2152 -0.599999999999002 0.9000000000001664 0.1
2153 -0.5999999999989467 0.950000000000083 0.1
2154 -0.5500000000011854 -0.9499999999999239 0.1
2155 -0.5500000000011233 -0.8999999999998475 0.1
2156 -0.5500000000010605 -0.8499999999997712 0.1
2157 -0.5500000000009984 -0.7999999999996953 0.1
2158 -0.5500000000009359 -0.7499999999996189 0.1
2159 -0.5500000000008736 -0.6999999999995428 0.1
2160 -0.5500000000008113 -0.6499999999994666 0.1
2161 -0.550000000000749 -0.5999999999993905 0.1
2162 -0.5500000000006864 -0.5499999999993139 0.1
2163 -0.550000000000624 -0.4999999999992377 0.1
2164 -0.5500000000005618 -0.4499999999991617 0.1
2165 -0.5500000000004992 -0.3999999999990852 0.1
2166 -0.5500000000004369 -0.3499999999990092 0.1
2167 -0.5500000000003746 -0.2999999999989329 0.1
2168 -0.5500000000003121 -0.2499999999988565 0.1
2169 -0.5500000000002498 -0.1999999999987803 0.1
2170 -0.5500000000001875 -0.1499999999987042 0.1
2171 -0.5500000000001249 -0.09999999999862802 0.1
2172 -0.5500000000000627 -0.04999999999855176 0.1
2173 -0.5500000000000003 1.512678871051776e-12 0.1
2174 -0.5499999999999379 0.05000000000144844 0.1
2175 -0.5499999999998755 0.1000000000013722 0.1
2176 -0.5499999999998131 0.1500000000012961 0.1
2177 -0.5499999999997506 0.2000000000012199 0.1
2178 -0.5499999999996885 0.2500000000011437 0.1
2179 -0.5499999999996258 0.3000000000010675 0.1
2180 -0.5499999999995634 0.3500000000009913 0.1
2181 -0.5499999999995013 0.4000000000009153 0.1
2182 -0.5499999999994389 0.4500000000008391 0.1
2183 -0.5499999999993763 0.5000000000007631 0.1
2184 -0.549999999999314 0.5500000000006864 0.1
2185 -0.5499999999992516 0.60000000000061 0.1
2186 -0.5499999999991894 0.650000000000534 0.1
2187 -0.549999999999127 0.7000000000004579 0.1
2188 -0.5499999999990646 0.7500000000003816 0.1
2189 -0.5499999999990022 0.800000000000305 0.1
2190 -0.5499999999989398 0.8500000000002289 0.1
2191 -0.5499999999988774 0.9000000000001526 0.1
2192 -0.549999999998815 0.9500000000000761 0.1
2193 -0.5000000000013174 -0.9499999999999307 0.1
2194 -0.5000000000012481 -0.8999999999998614 0.1
2195 -0.5000000000011787 -0.849999999999792 0.1
2196 -0.5000000000011093 -0.7999999999997229 0.1
2197 -0.5000000000010402 -0.7499999999996534 0.1
2198 -0.5000000000009707 -0.6999999999995843 0.1
2199 -0.5000000000009014 -0.6499999999995151 0.1
2200 -0.5000000000008322 -0.5999999999994456 0.1
2201 -0.5000000000007627 -0.5499999999993765 0.1
2202 -0.5000000000006934 -0.4999999999993072 0.1
2203 -0.5000000000006242 -0.4499999999992378 0.1
2204 -0.500000000000555 -0.3999999999991685 0.1
2205 -0.5000000000004856 -0.3499999999990993 0.1
2206 -0.5000000000004163 -0.2999999999990299 0.1
2207 -0.5000000000003471 -0.2499999999989606 0.1
2208 -0.5000000000002776 -0.1999999999988913 0.1
2209 -0.5000000000002083 -0.1499999999988221 0.1
2210 -0.500000000000139 -0.09999999999875275 0.1
2211 -0.5000000000000695 -0.04999999999868343 0.1
2212 -0.5000000000000004 1.375122238300719e-12 0.1
2213 -0.4999999999999311 0.05000000000131677 0.1
2214 -0.4999999999998617 0.1000000000012475 0.1
2215 -0.4999999999997924 0.1500000000011784 0.1
2216 -0.499999999999723 0.200000000001109 0.1
2217 -0.4999999999996538 0.2500000000010397 0.1
2218 -0.4999999999995844 0.3000000000009705 0.1
2219 -0.4999999999995151 0.3500000000009013 0.1
2220 -0.4999999999994458 0.400000000000832 0.1
2221 -0.4999999999993765 0.4500000000007627 0.1
2222 -0.4999999999993071 0.5000000000006934 0.1
2223 -0.4999999999992378 0.5500000000006242 0.1
2224 -0.4999999999991687 0.6000000000005548 0.1
2225 -0.4999999999990992 0.6500000000004853 0.1
2226 -0.4999999999990299 0.7000000000004161 0.1
2227 -0.4999999999989606 0.7500000000003468 0.1
2228 -0.4999999999988913 0.8000000000002774 0.1
2229 -0.4999999999988219 0.8500000000002081 0.1
2230 -0.4999999999987527 0.9000000000001385 0.1
2231 -0.4999999999986833 0.9500000000000692 0.1
2232 -0.4500000000014489 -0.9499999999999378 0.1
2233 -0.4500000000013727 -0.8999999999998752 0.1
2234 -0.4500000000012965 -0.8499999999998129 0.1
2235 -0.4500000000012202 -0.7999999999997507 0.1
2236 -0.4500000000011439 -0.749999999999688 0.1
2237 -0.4500000000010678 -0.6999999999996257 0.1
2238 -0.4500000000009916 -0.6499999999995635 0.1
2239 -0.4500000000009152 -0.5999999999995012 0.1
2240 -0.450000000000839 -0.5499999999994387 0.1
2241 -0.4500000000007628 -0.4999999999993765 0.1
2242 -0.4500000000006865 -0.4499999999993138 0.1
2243 -0.4500000000006102 -0.3999999999992516 0.1
2244 -0.4500000000005339 -0.3499999999991892 0.1
2245 -0.4500000000004578 -0.2999999999991269 0.1
2246 -0.4500000000003815 -0.2499999999990646 0.1
2247 -0.4500000000003053 -0.1999999999990022 0.1
2248 -0.4500000000002292 -0.1499999999989399 0.1
2249 -0.4500000000001527 -0.09999999999887754 0.1
2250 -0.4500000000000766 -0.0499999999988151 0.1
2251 -0.4500000000000002 1.237621116700893e-12 0.1
2252 -0.449999999999924 0.0500000000011851 0.1
2253 -0.4499999999998479 0.1000000000011227 0.1
2254 -0.4499999999997717 0.1500000000010605 0.1
2255 -0.4499999999996953 0.2000000000009981 0.1
2256 -0.449999999999619 0.2500000000009358 0.1
2257 -0.4499999999995428 0.3000000000008735 0.1
2258 -0.4499999999994665 0.3500000000008112 0.1
2259 -0.4499999999993903 0.4000000000007489 0.1
2260 -0.4499999999993141 0.4500000000006865 0.1
2261 -0.4499999999992379 0.5000000000006242 0.1
2262 -0.4499999999991616 0.5500000000005616 0.1
2263 -0.4499999999990854 0.6000000000004992 0.1
2264 -0.4499999999990091 0.6500000000004369 0.1
2265 -0.4499999999989329 0.7000000000003745 0.1
2266 -0.4499999999988566 0.7500000000003122 0.1
2267 -0.4499999999987804 0.8000000000002496 0.1
2268 -0.4499999999987041 0.8500000000001873 0.1
2269 -0.4499999999986279 0.9000000000001247 0.1
2270 -0.4499999999985516 0.9500000000000624 0.1
2271 -0.4000000000015806 -0.9499999999999444 0.1
2272 -0.4000000000014974 -0.899999999999889 0.1
2273 -0.4000000000014143 -0.8499999999998338 0.1
2274 -0.4000000000013311 -0.7999999999997781 0.1
2275 -0.4000000000012479 -0.7499999999997227 0.1
2276 -0.4000000000011648 -0.6999999999996676 0.1
2277 -0.4000000000010815 -0.6499999999996121 0.1
2278 -0.4000000000009984 -0.5999999999995567 0.1
2279 -0.4000000000009152 -0.5499999999995013 0.1
2280 -0.400000000000832 -0.4999999999994458 0.1
2281 -0.4000000000007489 -0.4499999999993903 0.1
2282 -0.4000000000006657 -0.3999999999993348 0.1
2283 -0.4000000000005826 -0.3499999999992794 0.1
2284 -0.4000000000004994 -0.2999999999992239 0.1
2285 -0.4000000000004162 -0.2499999999991684 0.1
2286 -0.400000000000333 -0.1999999999991129 0.1
2287 -0.4000000000002498 -0.1499999999990578 0.1
2288 -0.4000000000001666 -0.09999999999900222 0.1
2289 -0.4000000000000835 -0.04999999999894678 0.1
2290 -0.4000000000000003 1.100008972798605e-12 0.1
2291 -0.3999999999999171 0.05000000000105337 0.1
2292 -0.399999999999834 0.1000000000009981 0.1
2293 -0.3999999999997507 0.1500000000009427 0.1
2294 -0.3999999999996677 0.2000000000008872 0.1
2295 -0.3999999999995844 0.2500000000008318 0.1
2296 -0.3999999999995012 0.3000000000007764 0.1
2297 -0.3999999999994181 0.3500000000007211 0.1
2298 -0.3999999999993348 0.4000000000006657 0.1
2299 -0.3999999999992517 0.4500000000006103 0.1
2300 -0.3999999999991685 0.5000000000005549 0.1
2301 -0.3999999999990853 0.5500000000004994 0.1
2302 -0.3999999999990023 0.600000000000444 0.1
2303 -0.3999999999989189 0.6500000000003883 0.1
2304 -0.399999999998836 0.7000000000003329 0.1
2305 -0.3999999999987526 0.7500000000002773 0.1
2306 -0.3999999999986694 0.8000000000002219 0.1
2307 -0.3999999999985864 0.8500000000001665 0.1
2308 -0.3999999999985032 0.9000000000001109 0.1
2309 -0.3999999999984201 0.9500000000000556 0.1
2310 -0.3500000000017122 -0.9499999999999513 0.1
2311 -0.3500000000016221 -0.8999999999999028 0.1
2312 -0.3500000000015321 -0.8499999999998546 0.1
2313 -0.3500000000014419 -0.7999999999998061 0.1
2314 -0.3500000000013518 -0.7499999999997574 0.1
2315 -0.3500000000012616 -0.6999999999997091 0.1
2316 -0.3500000000011715 -0.6499999999996606 0.1
2317 -0.3500000000010814 -0.5999999999996121 0.1
2318 -0.3500000000009914 -0.5499999999995635 0.1
2319 -0.3500000000009014 -0.4999999999995153 0.1
2320 -0.3500000000008112 -0.4499999999994666 0.1
2321 -0.3500000000007211 -0.3999999999994182 0.1
2322 -0.3500000000006311 -0.3499999999993695 0.1
2323 -0.350000000000541 -0.299999999999321 0.1
2324 -0.3500000000004507 -0.2499999999992725 0.1
2325 -0.3500000000003607 -0.1999999999992238 0.1
2326 -0.3500000000002707 -0.1499999999991756 0.1
2327 -0.3500000000001804 -0.09999999999912701 0.1
2328 -0.3500000000000903 -0.04999999999907845 0.1
2329 -0.3500000000000003 9.625078511987795e-13 0.1
2330 -0.3499999999999102 0.0500000000009217 0.1
2331 -0.3499999999998201 0.1000000000008733 0.1
2332 -0.3499999999997299 0.1500000000008248 0.1
2333 -0.3499999999996399 0.2000000000007763 0.1
2334 -0.3499999999995497 0.2500000000007279 0.1
2335 -0.3499999999994597 0.3000000000006794 0.1
2336 -0.3499999999993695 0.3500000000006309 0.1
2337 -0.3499999999992793 0.4000000000005825 0.1
2338 -0.3499999999991893 0.4500000000005341 0.1
2339 -0.3499999999990993 0.5000000000004856 0.1
2340 -0.3499999999990091 0.550000000000437 0.1
2341 -0.349999999998919 0.6000000000003884 0.1
2342 -0.3499999999988288 0.6500000000003398 0.1
2343 -0.3499999999987389 0.7000000000002913 0.1
2344 -0.3499999999986487 0.7500000000002429 0.1
2345 -0.3499999999985586 0.8000000000001941 0.1
2346 -0.3499999999984685 0.8500000000001454 0.1
2347 -0.3499999999983784 0.9000000000000972 0.1
2348 -0.3499999999982882 0.9500000000000485 0.1
2349 -0.3000000000018437 -0.9499999999999584 0.1
2350 -0.3000000000017467 -0.8999999999999168 0.1
2351 -0.3000000000016496 -0.8499999999998753 0.1
2352 -0.3000000000015527 -0.7999999999998336 0.1
2353 -0.3000000000014557 -0.7499999999997921 0.1
2354 -0.3000000000013586 -0.6999999999997505 0.1
2355 -0.3000000000012616 -0.649999999999709 0.1
2356 -0.3000000000011646 -0.5999999999996677 0.1
2357 -0.3000000000010676 -0.5499999999996259 0.1
2358 -0.3000000000009704 -0.4999999999995846 0.1
2359 -0.3000000000008735 -0.4499999999995427 0.1
2360 -0.3000000000007764 -0.3999999999995011 0.1
2361 -0.3000000000006794 -0.3499999999994597 0.1
2362 -0.3000000000005825 -0.299999999999418 0.1
2363 -0.3000000000004854 -0.2499999999993763 0.1
2364 -0.3000000000003883 -0.1999999999993348 0.1
2365 -0.3000000000002914 -0.1499999999992933 0.1
2366 -0.3000000000001942 -0.09999999999925169 0.1
2367 -0.3000000000000973 -0.04999999999921007 0.1
2368 -0.3000000000000002 8.249512184477226e-13 0.1
2369 -0.2999999999999032 0.05000000000079013 0.1
2370 -0.2999999999998061 0.1000000000007485 0.1
2371 -0.2999999999997091 0.1500000000007071 0.1
2372 -0.2999999999996121 0.2000000000006655 0.1
2373 -0.299999999999515 0.2500000000006239 0.1
2374 -0.299999999999418 0.3000000000005824 0.1
2375 -0.2999999999993209 0.3500000000005409 0.1
2376 -0.2999999999992239 0.4000000000004993 0.1
2377 -0.2999999999991269 0.4500000000004577 0.1
2378 -0.2999999999990299 0.5000000000004161 0.1
2379 -0.2999999999989329 0.5500000000003746 0.1
2380 -0.2999999999988359 0.600000000000333 0.1
2381 -0.2999999999987388 0.6500000000002912 0.1
2382 -0.2999999999986417 0.7000000000002495 0.1
2383 -0.2999999999985448 0.7500000000002081 0.1
2384 -0.2999999999984476 0.8000000000001664 0.1
2385 -0.2999999999983507 0.8500000000001249 0.1
2386 -0.2999999999982537 0.9000000000000833 0.1
2387 -0.2999999999981566 0.9500000000000415 0.1
2388 -0.2500000000019754 -0.9499999999999654 0.1
2389 -0.2500000000018714 -0.8999999999999306 0.1
2390 -0.2500000000017674 -0.8499999999998962 0.1
2391 -0.2500000000016635 -0.7999999999998616 0.1
2392 -0.2500000000015596 -0.7499999999998267 0.1
2393 -0.2500000000014556 -0.6999999999997923 0.1
2394 -0.2500000000013516 -0.6499999999997577 0.1
2395 -0.2500000000012478 -0.5999999999997231 0.1
2396 -0.2500000000011436 -0.5499999999996883 0.1
2397 -0.2500000000010397 -0.4999999999996538 0.1
2398 -0.2500000000009358 -0.449999999999619 0.1
2399 -0.2500000000008318 -0.3999999999995844 0.1
2400 -0.2500000000007279 -0.3499999999995498 0.1
2401 -0.2500000000006239 -0.2999999999995151 0.1
2402 -0.25000000000052 -0.2499999999994805 0.1
2403 -0.2500000000004159 -0.1999999999994456 0.1
2404 -0.2500000000003121 -0.1499999999994112 0.1
2405 -0.2500000000002082 -0.09999999999937648 0.1
2406 -0.2500000000001041 -0.04999999999934185 0.1
2407 -0.2500000000000002 6.875056079991282e-13 0.1
2408 -0.2499999999998962 0.05000000000065835 0.1
2409 -0.2499999999997922 0.1000000000006239 0.1
2410 -0.2499999999996883 0.1500000000005892 0.1
2411 -0.2499999999995844 0.2000000000005545 0.1
2412 -0.2499999999994804 0.25000000000052 0.1
2413 -0.2499999999993764 0.3000000000004854 0.1
2414 -0.2499999999992724 0.3500000000004508 0.1
2415 -0.2499999999991684 0.4000000000004162 0.1
2416 -0.2499999999990646 0.4500000000003815 0.1
2417 -0.2499999999989606 0.5000000000003468 0.1
2418 -0.2499999999988566 0.5500000000003122 0.1
2419 -0.2499999999987527 0.6000000000002774 0.1
2420 -0.2499999999986487 0.6500000000002428 0.1
2421 -0.2499999999985447 0.7000000000002081 0.1
2422 -0.2499999999984407 0.7500000000001734 0.1
2423 -0.2499999999983368 0.8000000000001388 0.1
2424 -0.249999999998233 0.850000000000104 0.1
2425 -0.2499999999981289 0.9000000000000693 0.1
2426 -0.2499999999980249 0.9500000000000346 0.1
2427 -0.2000000000021069 -0.9499999999999724 0.1
2428 -0.200000000001996 -0.8999999999999444 0.1
2429 -0.2000000000018852 -0.8499999999999167 0.1
2430 -0.2000000000017743 -0.7999999999998892 0.1
2431 -0.2000000000016634 -0.7499999999998612 0.1
2432 -0.2000000000015525 -0.6999999999998339 0.1
2433 -0.2000000000014417 -0.6499999999998062 0.1
2434 -0.2000000000013307 -0.5999999999997786 0.1
2435 -0.2000000000012199 -0.5499999999997506 0.1
2436 -0.200000000001109 -0.4999999999997231 0.1
2437 -0.200000000000998 -0.4499999999996954 0.1
2438 -0.2000000000008872 -0.3999999999996677 0.1
2439 -0.2000000000007763 -0.34999999999964 0.1
2440 -0.2000000000006654 -0.2999999999996121 0.1
2441 -0.2000000000005546 -0.2499999999995843 0.1
2442 -0.2000000000004437 -0.1999999999995566 0.1
2443 -0.2000000000003328 -0.149999999999529 0.1
2444 -0.2000000000002219 -0.09999999999950115 0.1
2445 -0.200000000000111 -0.04999999999947347 0.1
2446 -0.2000000000000002 5.500599975505338e-13 0.1
2447 -0.1999999999998892 0.05000000000052673 0.1
2448 -0.1999999999997784 0.1000000000004991 0.1
2449 -0.1999999999996674 0.1500000000004714 0.1
2450 -0.1999999999995566 0.2000000000004437 0.1
2451 -0.1999999999994457 0.250000000000416 0.1
2452 -0.1999999999993349 0.3000000000003884 0.1
2453 -0.199999999999224 0.3500000000003607 0.1
2454 -0.199999999999113 0.400000000000333 0.1
2455 -0.1999999999990021 0.4500000000003053 0.1
2456 -0.1999999999988912 0.5000000000002776 0.1
2457 -0.1999999999987804 0.5500000000002498 0.1
2458 -0.1999999999986695 0.6000000000002221 0.1
2459 -0.1999999999985586 0.6500000000001942 0.1
2460 -0.1999999999984477 0.7000000000001665 0.1
2461 -0.1999999999983368 0.7500000000001388 0.1
2462 -0.1999999999982259 0.8000000000001108 0.1
2463 -0.199999999998115 0.8500000000000834 0.1
2464 -0.1999999999980042 0.9000000000000554 0.1
2465 -0.1999999999978933 0.9500000000000277 0.1
2466 -0.1500000000022385 -0.9499999999999794 0.1
2467 -0.1500000000021208 -0.8999999999999582 0.1
2468 -0.1500000000020029 -0.8499999999999377 0.1
2469 -0.150000000001885 -0.7999999999999169 0.1
2470 -0.1500000000017673 -0.749999999999896 0.1
2471 -0.1500000000016496 -0.6999999999998754 0.1
2472 -0.1500000000015317 -0.6499999999998547 0.1
2473 -0.1500000000014139 -0.5999999999998338 0.1
2474 -0.1500000000012961 -0.549999999999813 0.1
2475 -0.1500000000011783 -0.4999999999997924 0.1
2476 -0.1500000000010605 -0.4499999999997717 0.1
2477 -0.1500000000009427 -0.3999999999997507 0.1
2478 -0.1500000000008248 -0.3499999999997301 0.1
2479 -0.150000000000707 -0.2999999999997091 0.1
2480 -0.1500000000005893 -0.2499999999996882 0.1
2481 -0.1500000000004715 -0.1999999999996675 0.1
2482 -0.1500000000003536 -0.1499999999996467 0.1
2483 -0.1500000000002358 -0.09999999999962594 0.1
2484 -0.150000000000118 -0.04999999999960508 0.1
2485 -0.1500000000000002 4.126143871019394e-13 0.1
2486 -0.1499999999998824 0.05000000000039501 0.1
2487 -0.1499999999997646 0.1000000000003743 0.1
2488 -0.1499999999996468 0.1500000000003537 0.1
2489 -0.149999999999529 0.2000000000003329 0.1
2490 -0.1499999999994111 0.250000000000312 0.1
2491 -0.1499999999992933 0.3000000000002913 0.1
2492 -0.1499999999991755 0.3500000000002705 0.1
2493 -0.1499999999990577 0.4000000000002499 0.1
2494 -0.1499999999989399 0.4500000000002291 0.1
2495 -0.1499999999988221 0.5000000000002083 0.1
2496 -0.1499999999987043 0.5500000000001875 0.1
2497 -0.1499999999985865 0.6000000000001666 0.1
2498 -0.1499999999984687 0.6500000000001456 0.1
2499 -0.1499999999983508 0.7000000000001247 0.1
2500 -0.149999999998233 0.7500000000001041 0.1
2501 -0.1499999999981153 0.8000000000000834 0.1
2502 -0.1499999999979975 0.8500000000000625 0.1
2503 -0.1499999999978797 0.9000000000000417 0.1
2504 -0.1499999999977618 0.9500000000000208 0.1
2505 -0.1000000000023702 -0.9499999999999861 0.1
2506 -0.1000000000022454 -0.8999999999999723 0.1
2507 -0.1000000000021207 -0.8499999999999586 0.1
2508 -0.1000000000019959 -0.7999999999999446 0.1
2509 -0.1000000000018712 -0.7499999999999306 0.1
2510 -0.1000000000017465 -0.6999999999999171 0.1
2511 -0.1000000000016217 -0.6499999999999031 0.1
2512 -0.100000000001497 -0.5999999999998895 0.1
2513 -0.1000000000013722 -0.5499999999998756 0.1
2514 -0.1000000000012475 -0.4999999999998617 0.1
2515 -0.1000000000011227 -0.4499999999998476 0.1
2516 -0.1000000000009981 -0.3999999999998337 0.1
2517 -0.1000000000008733 -0.34999999999982 0.1
2518 -0.1000000000007485 -0.2999999999998062 0.1
2519 -0.1000000000006238 -0.2499999999997923 0.1
2520 -0.1000000000004991 -0.1999999999997783 0.1
2521 -0.1000000000003744 -0.1499999999997646 0.1
2522 -0.1000000000002496 -0.09999999999975073 0.1
2523 -0.1000000000001249 -0.04999999999973681 0.1
2524 -0.1000000000000001 2.7494673204842e-13 0.1
2525 -0.09999999999987541 0.05000000000026339 0.1
2526 -0.09999999999975068 0.1000000000002496 0.1
2527 -0.09999999999962594 0.1500000000002358 0.1
2528 -0.09999999999950124 0.2000000000002219 0.1
2529 -0.09999999999937648 0.250000000000208 0.1
2530 -0.09999999999925172 0.3000000000001943 0.1
2531 -0.09999999999912693 0.3500000000001805 0.1
2532 -0.09999999999900225 0.4000000000001666 0.1
2533 -0.09999999999887754 0.4500000000001528 0.1
2534 -0.09999999999875278 0.500000000000139 0.1
2535 -0.09999999999862796 0.5500000000001251 0.1
2536 -0.09999999999850337 0.6000000000001113 0.1
2537 -0.09999999999837858 0.6500000000000972 0.1
2538 -0.09999999999825382 0.7000000000000834 0.1
2539 -0.09999999999812909 0.7500000000000695 0.1
2540 -0.0999999999980043 0.8000000000000556 0.1
2541 -0.09999999999787956 0.8500000000000415 0.1
2542 -0.09999999999775494 0.9000000000000279 0.1
2543 -0.09999999999763021 0.9500000000000139 0.1
2544 -0.05000000000250173 -0.9499999999999933 0.1
2545 -0.05000000000237009 -0.8999999999999863 0.1
2546 -0.0500000000022384 -0.8499999999999791 0.1
2547 -0.0500000000021067 -0.7999999999999724 0.1
2548 -0.05000000000197507 -0.7499999999999651 0.1
2549 -0.05000000000184342 -0.6999999999999584 0.1
2550 -0.05000000000171172 -0.6499999999999515 0.1
2551 -0.05000000000158007 -0.5999999999999448 0.1
2552 -0.05000000000144844 -0.5499999999999378 0.1
2553 -0.05000000000131673 -0.4999999999999309 0.1
2554 -0.05000000000118505 -0.4499999999999242 0.1
2555 -0.05000000000105344 -0.399999999999917 0.1
2556 -0.05000000000092175 -0.3499999999999102 0.1
2557 -0.05000000000079007 -0.2999999999999031 0.1
2558 -0.05000000000065841 -0.2499999999998962 0.1
2559 -0.05000000000052679 -0.1999999999998893 0.1
2560 -0.05000000000039506 -0.1499999999998823 0.1
2561 -0.05000000000026339 -0.09999999999987536 0.1
2562 -0.05000000000013179 -0.04999999999986848 0.1
2563 -0.0500000000000001 1.375566327510569e-13 0.1
2564 -0.04999999999986846 0.05000000000013183 0.1
2565 -0.04999999999973676 0.1000000000001249 0.1
2566 -0.04999999999960511 0.150000000000118 0.1
2567 -0.04999999999947344 0.200000000000111 0.1
2568 -0.04999999999934172 0.2500000000001041 0.1
2569 -0.04999999999921012 0.3000000000000972 0.1
2570 -0.04999999999907845 0.3500000000000904 0.1
2571 -0.04999999999894678 0.4000000000000835 0.1
2572 -0.04999999999881513 0.4500000000000766 0.1
2573 -0.04999999999868346 0.5000000000000697 0.1
2574 -0.04999999999855179 0.5500000000000627 0.1
2575 -0.04999999999842013 0.6000000000000558 0.1
2576 -0.04999999999828847 0.6500000000000488 0.1
2577 -0.0499999999981568 0.7000000000000417 0.1
2578 -0.04999999999802519 0.7500000000000346 0.1
2579 -0.04999999999789342 0.8000000000000278 0.1
2580 -0.04999999999776181 0.8500000000000207 0.1
2581 -0.0499999999976302 0.9000000000000139 0.1
2582 -0.04999999999749849 0.9500000000000069 0.1
2583 -2.612725313877462e-12 -0.9499999999999998 0.1
2584 -2.475206151153487e-12 -0.9 0.1
2585 -2.337693927323415e-12 -0.8500000000000001 0.1
2586 -2.200167825705534e-12 -0.8000000000000003 0.1
2587 -2.062655601875464e-12 -0.7499999999999998 0.1
2588 -1.925143378045391e-12 -0.7000000000000002 0.1
2589 -1.78763115421532e-12 -0.6500000000000001 0.1
2590 -1.650091174809632e-12 -0.6000000000000003 0.1
2591 -1.51257895097956e-12 -0.5500000000000002 0.1
2592 -1.375066727149489e-12 -0.5000000000000002 0.1
2593 -1.237665525621879e-12 -0.4500000000000003 0.1
2594 -1.100153301791808e-12 -0.4000000000000004 0.1
2595 -9.626410779617358e-13 -0.3500000000000004 0.1
2596 -8.251288541316634e-13 -0.3000000000000002 0.1
2597 -6.876166303015917e-13 -0.2500000000000003 0.1
2598 -5.500488953202885e-13 -0.2000000000000001 0.1
2599 -4.125366714902168e-13 -0.1500000000000001 0.1
2600 -2.750244476601451e-13 -0.1000000000000001 0.1
2601 -1.375122238300727e-13 -0.05000000000000002 0.1
2602 -8.077935669463161e-28 0 0.1
2603 1.375122238300713e-13 0.0500000000000001 0.1
2604 2.750244476601435e-13 0.1000000000000001 0.1
2605 4.125366714902156e-13 0.1500000000000002 0.1
2606 5.500488953202873e-13 0.2000000000000001 0.1
2607 6.875611191503594e-13 0.2500000000000002 0.1
2608 8.250178318292003e-13 0.3000000000000003 0.1
2609 9.625300556592725e-13 0.3500000000000003 0.1
2610 1.100042279489344e-12 0.4000000000000004 0.1
2611 1.237554503319416e-12 0.4500000000000003 0.1
2612 1.37517774945195e-12 0.5000000000000004 0.1
2613 1.512689973282022e-12 0.5500000000000003 0.1
2614 1.650202197112094e-12 0.6000000000000003 0.1
2615 1.787658909790934e-12 0.6500000000000001 0.1
2616 1.925226644772238e-12 0.7000000000000002 0.1
2617 2.062683357451078e-12 0.7500000000000002 0.1
2618 2.20019558128115e-12 0.8 0.1
2619 2.337707805111222e-12 0.8500000000000001 0.1
2620 2.475220028941294e-12 0.8999999999999999 0.1
2621 2.612732252771366e-12 0.95 0.1
2622 0.04999999999749852 -0.9500000000000071 0.1
2623 0.04999999999763012 -0.9000000000000137 0.1
2624 0.04999999999776185 -0.8500000000000207 0.1
2625 0.04999999999789349 -0.8000000000000278 0.1
2626 0.04999999999802514 -0.7500000000000346 0.1
2627 0.04999999999815677 -0.7000000000000416 0.1
2628 0.04999999999828843 -0.6500000000000489 0.1
2629 0.04999999999842021 -0.6000000000000558 0.1
2630 0.04999999999855183 -0.5500000000000627 0.1
2631 0.04999999999868346 -0.5000000000000695 0.1
2632 0.04999999999881512 -0.4500000000000764 0.1
2633 0.04999999999894673 -0.4000000000000833 0.1
2634 0.04999999999907841 -0.3500000000000902 0.1
2635 0.04999999999921018 -0.3000000000000972 0.1
2636 0.04999999999934179 -0.2500000000001042 0.1
2637 0.04999999999947344 -0.200000000000111 0.1
2638 0.04999999999960505 -0.150000000000118 0.1
2639 0.04999999999973673 -0.1000000000001249 0.1
2640 0.04999999999986843 -0.05000000000013172 0.1
2641 0.0500000000000001 -1.375566327510569e-13 0.1
2642 0.05000000000013177 0.04999999999986843 0.1
2643 0.05000000000026349 0.09999999999987541 0.1
2644 0.05000000000039503 0.1499999999998824 0.1
2645 0.05000000000052675 0.1999999999998893 0.1
2646 0.05000000000065842 0.2499999999998962 0.1
2647 0.05000000000079009 0.2999999999999032 0.1
2648 0.05000000000092181 0.3499999999999102 0.1
2649 0.05000000000105334 0.3999999999999171 0.1
2650 0.05000000000118507 0.449999999999924 0.1
2651 0.05000000000131674 0.4999999999999311 0.1
2652 0.05000000000144841 0.5499999999999379 0.1
2653 0.05000000000158013 0.5999999999999448 0.1
2654 0.05000000000171168 0.6499999999999517 0.1
2655 0.0500000000018434 0.6999999999999587 0.1
2656 0.05000000000197506 0.7499999999999654 0.1
2657 0.05000000000210672 0.7999999999999723 0.1
2658 0.05000000000223845 0.8499999999999794 0.1
2659 0.05000000000237005 0.8999999999999861 0.1
2660 0.05000000000250177 0.9499999999999931 0.1
2661 0.09999999999763017 -0.9500000000000141 0.1
2662 0.0999999999977549 -0.9000000000000274 0.1
2663 0.09999999999787965 -0.8500000000000416 0.1
2664 0.09999999999800438 -0.8000000000000558 0.1
2665 0.09999999999812909 -0.7500000000000696 0.1
2666 0.09999999999825389 -0.7000000000000832 0.1
2667 0.09999999999837858 -0.6500000000000973 0.1
2668 0.09999999999850324 -0.6000000000001113 0.1
2669 0.09999999999862805 -0.5500000000001251 0.1
2670 0.09999999999875274 -0.500000000000139 0.1
2671 0.09999999999887753 -0.4500000000001528 0.1
2672 0.09999999999900222 -0.4000000000001666 0.1
2673 0.09999999999912706 -0.3500000000001804 0.1
2674 0.09999999999925169 -0.3000000000001943 0.1
2675 0.09999999999937653 -0.2500000000002081 0.1
2676 0.09999999999950121 -0.2000000000002219 0.1
2677 0.09999999999962589 -0.1500000000002358 0.1
2678 0.0999999999997507 -0.1000000000002496 0.1
2679 0.09999999999987536 -0.05000000000026339 0.1
2680 0.1000000000000001 -2.750022431996513e-13 0.1
2681 0.1000000000001249 0.04999999999973678 0.1
2682 0.1000000000002496 0.09999999999975068 0.1
2683 0.1000000000003744 0.1499999999997645 0.1
2684 0.1000000000004991 0.1999999999997784 0.1
2685 0.1000000000006238 0.2499999999997923 0.1
2686 0.1000000000007485 0.2999999999998062 0.1
2687 0.1000000000008733 0.34999999999982 0.1
2688 0.100000000000998 0.3999999999998339 0.1
2689 0.1000000000011228 0.4499999999998479 0.1
2690 0.1000000000012475 0.4999999999998617 0.1
2691 0.1000000000013723 0.5499999999998755 0.1
2692 0.100000000001497 0.5999999999998893 0.1
2693 0.1000000000016217 0.6499999999999031 0.1
2694 0.1000000000017465 0.6999999999999169 0.1
2695 0.1000000000018712 0.7499999999999307 0.1
2696 0.1000000000019959 0.7999999999999445 0.1
2697 0.1000000000021207 0.8499999999999586 0.1
2698 0.1000000000022453 0.8999999999999724 0.1
2699 0.1000000000023702 0.9499999999999862 0.1
2700 0.1499999999977619 -0.9500000000000208 0.1
2701 0.1499999999978796 -0.9000000000000417 0.1
2702 0.1499999999979975 -0.8500000000000625 0.1
2703 0.1499999999981152 -0.8000000000000833 0.1
2704 0.149999999998233 -0.7500000000001041 0.1
2705 0.1499999999983509 -0.700000000000125 0.1
2706 0.1499999999984687 -0.6500000000001459 0.1
2707 0.1499999999985865 -0.6000000000001668 0.1
2708 0.1499999999987043 -0.5500000000001875 0.1
2709 0.1499999999988221 -0.5000000000002083 0.1
2710 0.1499999999989399 -0.450000000000229 0.1
2711 0.1499999999990577 -0.4000000000002499 0.1
2712 0.1499999999991755 -0.3500000000002707 0.1
2713 0.1499999999992934 -0.3000000000002913 0.1
2714 0.1499999999994111 -0.250000000000312 0.1
2715 0.149999999999529 -0.2000000000003328 0.1
2716 0.1499999999996467 -0.1500000000003536 0.1
2717 0.1499999999997645 -0.1000000000003743 0.1
2718 0.1499999999998824 -0.05000000000039509 0.1
2719 0.1500000000000002 -4.125588759507082e-13 0.1
2720 0.150000000000118 0.04999999999960511 0.1
2721 0.1500000000002358 0.09999999999962597 0.1
2722 0.1500000000003536 0.1499999999996467 0.1
2723 0.1500000000004714 0.1999999999996674 0.1
2724 0.1500000000005892 0.2499999999996883 0.1
2725 0.150000000000707 0.2999999999997092 0.1
2726 0.1500000000008249 0.34999999999973 0.1
2727 0.1500000000009426 0.3999999999997508 0.1
2728 0.1500000000010605 0.4499999999997716 0.1
2729 0.1500000000011783 0.4999999999997924 0.1
2730 0.150000000001296 0.5499999999998131 0.1
2731 0.1500000000014139 0.5999999999998338 0.1
2732 0.1500000000015317 0.6499999999998547 0.1
2733 0.1500000000016494 0.6999999999998754 0.1
2734 0.1500000000017674 0.7499999999998961 0.1
2735 0.1500000000018851 0.7999999999999168 0.1
2736 0.150000000002003 0.8499999999999377 0.1
2737 0.1500000000021208 0.8999999999999584 0.1
2738 0.1500000000022386 0.9499999999999793 0.1
2739 0.1999999999978933 -0.9500000000000279 0.1
2740 0.1999999999980041 -0.9000000000000554 0.1
2741 0.199999999998115 -0.8500000000000834 0.1
2742 0.199999999998226 -0.8000000000001106 0.1
2743 0.1999999999983368 -0.7500000000001388 0.1
2744 0.1999999999984478 -0.7000000000001665 0.1
2745 0.1999999999985586 -0.6500000000001943 0.1
2746 0.1999999999986694 -0.6000000000002221 0.1
2747 0.1999999999987803 -0.5500000000002498 0.1
2748 0.1999999999988913 -0.5000000000002776 0.1
2749 0.1999999999990022 -0.4500000000003052 0.1
2750 0.199999999999113 -0.4000000000003329 0.1
2751 0.199999999999224 -0.3500000000003607 0.1
2752 0.1999999999993348 -0.3000000000003883 0.1
2753 0.1999999999994458 -0.2500000000004159 0.1
2754 0.1999999999995566 -0.2000000000004437 0.1
2755 0.1999999999996675 -0.1500000000004714 0.1
2756 0.1999999999997784 -0.100000000000499 0.1
2757 0.1999999999998893 -0.05000000000052673 0.1
2758 0.2000000000000001 -5.500044863993026e-13 0.1
2759 0.200000000000111 0.04999999999947347 0.1
2760 0.2000000000002219 0.09999999999950121 0.1
2761 0.2000000000003327 0.149999999999529 0.1
2762 0.2000000000004437 0.1999999999995566 0.1
2763 0.2000000000005546 0.2499999999995843 0.1
2764 0.2000000000006654 0.2999999999996121 0.1
2765 0.2000000000007763 0.3499999999996398 0.1
2766 0.2000000000008871 0.3999999999996676 0.1
2767 0.200000000000998 0.4499999999996953 0.1
2768 0.200000000001109 0.4999999999997231 0.1
2769 0.2000000000012199 0.5499999999997507 0.1
2770 0.2000000000013308 0.5999999999997785 0.1
2771 0.2000000000014417 0.6499999999998061 0.1
2772 0.2000000000015524 0.6999999999998339 0.1
2773 0.2000000000016633 0.7499999999998614 0.1
2774 0.2000000000017743 0.7999999999998892 0.1
2775 0.2000000000018852 0.8499999999999168 0.1
2776 0.2000000000019961 0.8999999999999444 0.1
2777 0.2000000000021069 0.9499999999999722 0.1
2778 0.249999999998025 -0.9500000000000346 0.1
2779 0.2499999999981289 -0.9000000000000694 0.1
2780 0.2499999999982329 -0.8500000000001042 0.1
2781 0.2499999999983368 -0.8000000000001388 0.1
2782 0.2499999999984408 -0.7500000000001734 0.1
2783 0.2499999999985448 -0.7000000000002079 0.1
2784 0.2499999999986487 -0.6500000000002428 0.1
2785 0.2499999999987527 -0.6000000000002776 0.1
2786 0.2499999999988566 -0.5500000000003122 0.1
2787 0.2499999999989606 -0.5000000000003468 0.1
2788 0.2499999999990645 -0.4500000000003815 0.1
2789 0.2499999999991685 -0.4000000000004162 0.1
2790 0.2499999999992725 -0.350000000000451 0.1
2791 0.2499999999993763 -0.3000000000004854 0.1
2792 0.2499999999994805 -0.2500000000005199 0.1
2793 0.2499999999995844 -0.2000000000005545 0.1
2794 0.2499999999996883 -0.1500000000005892 0.1
2795 0.2499999999997923 -0.1000000000006238 0.1
2796 0.2499999999998961 -0.05000000000065841 0.1
2797 0.2500000000000001 -6.875611191503594e-13 0.1
2798 0.2500000000001041 0.04999999999934179 0.1
2799 0.2500000000002081 0.09999999999937648 0.1
2800 0.2500000000003121 0.1499999999994111 0.1
2801 0.250000000000416 0.1999999999994457 0.1
2802 0.25000000000052 0.2499999999994804 0.1
2803 0.2500000000006239 0.2999999999995151 0.1
2804 0.2500000000007279 0.3499999999995498 0.1
2805 0.2500000000008317 0.3999999999995845 0.1
2806 0.2500000000009358 0.449999999999619 0.1
2807 0.2500000000010397 0.4999999999996537 0.1
2808 0.2500000000011438 0.5499999999996885 0.1
2809 0.2500000000012477 0.599999999999723 0.1
2810 0.2500000000013516 0.6499999999997574 0.1
2811 0.2500000000014556 0.6999999999997921 0.1
2812 0.2500000000015595 0.7499999999998268 0.1
2813 0.2500000000016635 0.7999999999998615 0.1
2814 0.2500000000017674 0.8499999999998959 0.1
2815 0.2500000000018714 0.8999999999999306 0.1
2816 0.2500000000019753 0.9499999999999653 0.1
2817 0.2999999999981566 -0.9500000000000416 0.1
2818 0.2999999999982537 -0.900000000000083 0.1
2819 0.2999999999983506 -0.8500000000001249 0.1
2820 0.2999999999984477 -0.8000000000001662 0.1
2821 0.2999999999985448 -0.7500000000002081 0.1
2822 0.2999999999986417 -0.7000000000002498 0.1
2823 0.2999999999987389 -0.6500000000002912 0.1
2824 0.2999999999988358 -0.6000000000003329 0.1
2825 0.2999999999989329 -0.5500000000003746 0.1
2826 0.2999999999990299 -0.5000000000004163 0.1
2827 0.299999999999127 -0.4500000000004577 0.1
2828 0.2999999999992239 -0.4000000000004992 0.1
2829 0.299999999999321 -0.350000000000541 0.1
2830 0.299999999999418 -0.3000000000005825 0.1
2831 0.299999999999515 -0.250000000000624 0.1
2832 0.2999999999996121 -0.2000000000006655 0.1
2833 0.2999999999997092 -0.150000000000707 0.1
2834 0.2999999999998061 -0.1000000000007486 0.1
2835 0.2999999999999032 -0.05000000000079011 0.1
2836 0.3000000000000002 -8.25145507477032e-13 0.1
2837 0.3000000000000973 0.04999999999921012 0.1
2838 0.3000000000001942 0.09999999999925166 0.1
2839 0.3000000000002913 0.1499999999992934 0.1
2840 0.3000000000003883 0.1999999999993348 0.1
2841 0.3000000000004854 0.2499999999993764 0.1
2842 0.3000000000005824 0.2999999999994181 0.1
2843 0.3000000000006795 0.3499999999994596 0.1
2844 0.3000000000007765 0.3999999999995012 0.1
2845 0.3000000000008735 0.4499999999995428 0.1
2846 0.3000000000009705 0.4999999999995844 0.1
2847 0.3000000000010677 0.5499999999996259 0.1
2848 0.3000000000011645 0.5999999999996677 0.1
2849 0.3000000000012616 0.649999999999709 0.1
2850 0.3000000000013586 0.6999999999997506 0.1
2851 0.3000000000014557 0.7499999999997922 0.1
2852 0.3000000000015527 0.7999999999998337 0.1
2853 0.3000000000016497 0.8499999999998753 0.1
2854 0.3000000000017468 0.8999999999999169 0.1
2855 0.3000000000018437 0.9499999999999584 0.1
2856 0.3499999999982882 -0.9500000000000485 0.1
2857 0.3499999999983783 -0.9000000000000972 0.1
2858 0.3499999999984684 -0.8500000000001456 0.1
2859 0.3499999999985586 -0.8000000000001943 0.1
2860 0.3499999999986487 -0.7500000000002429 0.1
2861 0.3499999999987388 -0.7000000000002913 0.1
2862 0.3499999999988289 -0.6500000000003399 0.1
2863 0.3499999999989191 -0.6000000000003884 0.1
2864 0.3499999999990091 -0.5500000000004369 0.1
2865 0.3499999999990993 -0.5000000000004856 0.1
2866 0.3499999999991893 -0.4500000000005338 0.1
2867 0.3499999999992795 -0.4000000000005825 0.1
2868 0.3499999999993695 -0.350000000000631 0.1
2869 0.3499999999994596 -0.3000000000006794 0.1
2870 0.3499999999995498 -0.2500000000007279 0.1
2871 0.3499999999996399 -0.2000000000007764 0.1
2872 0.34999999999973 -0.1500000000008248 0.1
2873 0.3499999999998201 -0.1000000000008733 0.1
2874 0.3499999999999102 -0.05000000000092175 0.1
2875 0.3500000000000002 -9.625911179256263e-13 0.1
2876 0.3500000000000903 0.04999999999907848 0.1
2877 0.3500000000001804 0.09999999999912701 0.1
2878 0.3500000000002706 0.1499999999991756 0.1
2879 0.3500000000003607 0.1999999999992239 0.1
2880 0.3500000000004507 0.2499999999992725 0.1
2881 0.3500000000005409 0.299999999999321 0.1
2882 0.3500000000006309 0.3499999999993695 0.1
2883 0.350000000000721 0.399999999999418 0.1
2884 0.3500000000008112 0.4499999999994666 0.1
2885 0.3500000000009013 0.4999999999995152 0.1
2886 0.3500000000009915 0.5499999999995637 0.1
2887 0.3500000000010814 0.5999999999996122 0.1
2888 0.3500000000011716 0.6499999999996606 0.1
2889 0.3500000000012618 0.6999999999997091 0.1
2890 0.3500000000013518 0.7499999999997575 0.1
2891 0.3500000000014419 0.799999999999806 0.1
2892 0.350000000001532 0.8499999999998544 0.1
2893 0.3500000000016221 0.8999999999999031 0.1
2894 0.3500000000017122 0.9499999999999515 0.1
2895 0.39999999999842 -0.9500000000000555 0.1
2896 0.3999999999985032 -0.9000000000001109 0.1
2897 0.3999999999985864 -0.8500000000001664 0.1
2898 0.3999999999986694 -0.8000000000002218 0.1
2899 0.3999999999987527 -0.7500000000002773 0.1
2900 0.3999999999988358 -0.7000000000003328 0.1
2901 0.3999999999989191 -0.6500000000003886 0.1
2902 0.3999999999990023 -0.600000000000444 0.1
2903 0.3999999999990854 -0.5500000000004991 0.1
2904 0.3999999999991685 -0.5000000000005549 0.1
2905 0.3999999999992518 -0.4500000000006102 0.1
2906 0.3999999999993349 -0.4000000000006655 0.1
2907 0.3999999999994181 -0.3500000000007211 0.1
2908 0.3999999999995013 -0.3000000000007765 0.1
2909 0.3999999999995844 -0.2500000000008318 0.1
2910 0.3999999999996675 -0.2000000000008871 0.1
2911 0.3999999999997508 -0.1500000000009427 0.1
2912 0.3999999999998339 -0.1000000000009981 0.1
2913 0.3999999999999171 -0.05000000000105342 0.1
2914 0.4000000000000002 -1.100147750676683e-12 0.1
2915 0.4000000000000835 0.04999999999894675 0.1
2916 0.4000000000001667 0.09999999999900219 0.1
2917 0.4000000000002498 0.1499999999990577 0.1
2918 0.400000000000333 0.199999999999113 0.1
2919 0.4000000000004162 0.2499999999991685 0.1
2920 0.4000000000004994 0.299999999999224 0.1
2921 0.4000000000005826 0.3499999999992794 0.1
2922 0.4000000000006656 0.3999999999993349 0.1
2923 0.4000000000007489 0.4499999999993904 0.1
2924 0.4000000000008321 0.4999999999994458 0.1
2925 0.4000000000009152 0.5499999999995011 0.1
2926 0.4000000000009984 0.5999999999995567 0.1
2927 0.4000000000010816 0.649999999999612 0.1
2928 0.4000000000011647 0.6999999999996673 0.1
2929 0.4000000000012479 0.7499999999997229 0.1
2930 0.4000000000013311 0.7999999999997782 0.1
2931 0.4000000000014144 0.8499999999998338 0.1
2932 0.4000000000014974 0.8999999999998891 0.1
2933 0.4000000000015807 0.9499999999999444 0.1
2934 0.4499999999985517 -0.9500000000000626 0.1
2935 0.4499999999986278 -0.9000000000001249 0.1
2936 0.4499999999987042 -0.8500000000001873 0.1
2937 0.4499999999987803 -0.8000000000002496 0.1
2938 0.4499999999988567 -0.750000000000312 0.1
2939 0.4499999999989329 -0.7000000000003745 0.1
2940 0.4499999999990091 -0.650000000000437 0.1
2941 0.4499999999990854 -0.6000000000004995 0.1
2942 0.4499999999991617 -0.5500000000005617 0.1
2943 0.4499999999992378 -0.5000000000006242 0.1
2944 0.4499999999993142 -0.4500000000006866 0.1
2945 0.4499999999993903 -0.4000000000007488 0.1
2946 0.4499999999994667 -0.3500000000008113 0.1
2947 0.4499999999995428 -0.3000000000008736 0.1
2948 0.449999999999619 -0.2500000000009358 0.1
2949 0.4499999999996953 -0.2000000000009981 0.1
2950 0.4499999999997715 -0.1500000000010604 0.1
2951 0.4499999999998479 -0.1000000000011227 0.1
2952 0.449999999999924 -0.05000000000118512 0.1
2953 0.4500000000000004 -1.237593361125278e-12 0.1
2954 0.4500000000000764 0.0499999999988151 0.1
2955 0.4500000000001529 0.09999999999887754 0.1
2956 0.4500000000002291 0.1499999999989399 0.1
2957 0.4500000000003053 0.1999999999990021 0.1
2958 0.4500000000003815 0.2499999999990645 0.1
2959 0.4500000000004578 0.299999999999127 0.1
2960 0.450000000000534 0.3499999999991894 0.1
2961 0.4500000000006103 0.3999999999992518 0.1
2962 0.4500000000006865 0.4499999999993141 0.1
2963 0.4500000000007627 0.4999999999993765 0.1
2964 0.450000000000839 0.5499999999994389 0.1
2965 0.4500000000009152 0.5999999999995012 0.1
2966 0.4500000000009914 0.6499999999995636 0.1
2967 0.4500000000010678 0.6999999999996258 0.1
2968 0.4500000000011439 0.7499999999996882 0.1
2969 0.4500000000012203 0.7999999999997507 0.1
2970 0.4500000000012965 0.8499999999998129 0.1
2971 0.4500000000013726 0.8999999999998753 0.1
2972 0.4500000000014491 0.9499999999999378 0.1
2973 0.4999999999986835 -0.9500000000000691 0.1
2974 0.4999999999987527 -0.9000000000001385 0.1
2975 0.4999999999988219 -0.8500000000002078 0.1
2976 0.4999999999988912 -0.8000000000002774 0.1
2977 0.4999999999989606 -0.7500000000003466 0.1
2978 0.4999999999990298 -0.7000000000004161 0.1
2979 0.4999999999990992 -0.6500000000004853 0.1
2980 0.4999999999991686 -0.6000000000005549 0.1
2981 0.4999999999992379 -0.5500000000006239 0.1
2982 0.4999999999993072 -0.5000000000006934 0.1
2983 0.4999999999993765 -0.4500000000007628 0.1
2984 0.4999999999994458 -0.4000000000008321 0.1
2985 0.4999999999995152 -0.3500000000009014 0.1
2986 0.4999999999995844 -0.3000000000009705 0.1
2987 0.4999999999996537 -0.2500000000010397 0.1
2988 0.4999999999997231 -0.2000000000011089 0.1
2989 0.4999999999997924 -0.1500000000011783 0.1
2990 0.4999999999998617 -0.1000000000012475 0.1
2991 0.499999999999931 -0.05000000000131676 0.1
2992 0.5000000000000002 -1.375094482725103e-12 0.1
2993 0.5000000000000697 0.04999999999868343 0.1
2994 0.500000000000139 0.09999999999875273 0.1
2995 0.5000000000002083 0.1499999999988221 0.1
2996 0.5000000000002776 0.1999999999988913 0.1
2997 0.5000000000003468 0.2499999999989606 0.1
2998 0.5000000000004161 0.2999999999990299 0.1
2999 0.5000000000004856 0.3499999999990992 0.1
3000 0.5000000000005549 0.3999999999991686 0.1
3001 0.5000000000006242 0.4499999999992379 0.1
3002 0.5000000000006934 0.4999999999993072 0.1
3003 0.5000000000007627 0.5499999999993763 0.1
3004 0.5000000000008322 0.5999999999994456 0.1
3005 0.5000000000009015 0.649999999999515 0.1
3006 0.5000000000009709 0.6999999999995843 0.1
3007 0.5000000000010401 0.7499999999996536 0.1
3008 0.5000000000011093 0.7999999999997227 0.1
3009 0.5000000000011786 0.8499999999997923 0.1
3010 0.5000000000012481 0.8999999999998614 0.1
3011 0.5000000000013173 0.9499999999999307 0.1
3012 0.549999999998815 -0.9500000000000763 0.1
3013 0.5499999999988776 -0.9000000000001525 0.1
3014 0.5499999999989398 -0.850000000000229 0.1
3015 0.5499999999990022 -0.8000000000003051 0.1
3016 0.5499999999990646 -0.7500000000003813 0.1
3017 0.549999999999127 -0.7000000000004575 0.1
3018 0.5499999999991894 -0.6500000000005337 0.1
3019 0.5499999999992518 -0.6000000000006105 0.1
3020 0.5499999999993139 -0.5500000000006866 0.1
3021 0.5499999999993765 -0.5000000000007628 0.1
3022 0.5499999999994389 -0.4500000000008389 0.1
3023 0.5499999999995011 -0.4000000000009152 0.1
3024 0.5499999999995634 -0.3500000000009914 0.1
3025 0.549999999999626 -0.3000000000010676 0.1
3026 0.5499999999996884 -0.2500000000011438 0.1
3027 0.5499999999997507 -0.2000000000012199 0.1
3028 0.549999999999813 -0.1500000000012961 0.1
3029 0.5499999999998754 -0.1000000000013722 0.1
3030 0.5499999999999379 -0.05000000000144844 0.1
3031 0.5500000000000003 -1.51265111547616e-12 0.1
3032 0.5500000000000627 0.04999999999855183 0.1
3033 0.5500000000001251 0.09999999999862806 0.1
3034 0.5500000000001875 0.1499999999987043 0.1
3035 0.5500000000002498 0.1999999999987804 0.1
3036 0.550000000000312 0.2499999999988566 0.1
3037 0.5500000000003747 0.2999999999989329 0.1
3038 0.5500000000004368 0.3499999999990091 0.1
3039 0.5500000000004994 0.3999999999990853 0.1
3040 0.5500000000005618 0.4499999999991616 0.1
3041 0.5500000000006242 0.4999999999992378 0.1
3042 0.5500000000006864 0.5499999999993141 0.1
3043 0.5500000000007488 0.5999999999993901 0.1
3044 0.5500000000008111 0.6499999999994666 0.1
3045 0.5500000000008737 0.6999999999995428 0.1
3046 0.550000000000936 0.749999999999619 0.1
3047 0.5500000000009984 0.7999999999996952 0.1
3048 0.5500000000010608 0.8499999999997714 0.1
3049 0.5500000000011233 0.8999999999998476 0.1
3050 0.5500000000011855 0.9499999999999238 0.1
3051 0.5999999999989465 -0.9500000000000832 0.1
3052 0.5999999999990022 -0.9000000000001662 0.1
3053 0.5999999999990577 -0.8500000000002494 0.1
3054 0.5999999999991128 -0.8000000000003329 0.1
3055 0.5999999999991682 -0.750000000000416 0.1
3056 0.599999999999224 -0.7000000000004993 0.1
3057 0.5999999999992792 -0.6500000000005824 0.1
3058 0.5999999999993346 -0.6000000000006656 0.1
3059 0.5999999999993901 -0.5500000000007487 0.1
3060 0.5999999999994459 -0.500000000000832 0.1
3061 0.5999999999995012 -0.4500000000009154 0.1
3062 0.5999999999995564 -0.4000000000009983 0.1
3063 0.5999999999996122 -0.3500000000010814 0.1
3064 0.5999999999996676 -0.3000000000011646 0.1
3065 0.599999999999723 -0.2500000000012477 0.1
3066 0.5999999999997785 -0.2000000000013308 0.1
3067 0.5999999999998338 -0.1500000000014139 0.1
3068 0.5999999999998892 -0.100000000001497 0.1
3069 0.5999999999999448 -0.05000000000158013 0.1
3070 0.6000000000000002 -1.650096725924755e-12 0.1
3071 0.6000000000000558 0.04999999999842016 0.1
3072 0.600000000000111 0.0999999999985033 0.1
3073 0.6000000000001666 0.1499999999985865 0.1
3074 0.6000000000002218 0.1999999999986695 0.1
3075 0.6000000000002774 0.2499999999987527 0.1
3076 0.6000000000003329 0.2999999999988358 0.1
3077 0.6000000000003884 0.3499999999989189 0.1
3078 0.600000000000444 0.3999999999990022 0.1
3079 0.6000000000004995 0.4499999999990853 0.1
3080 0.6000000000005546 0.4999999999991686 0.1
3081 0.6000000000006103 0.5499999999992515 0.1
3082 0.6000000000006656 0.5999999999993348 0.1
3083 0.6000000000007211 0.6499999999994179 0.1
3084 0.6000000000007766 0.6999999999995012 0.1
3085 0.6000000000008321 0.7499999999995843 0.1
3086 0.6000000000008876 0.7999999999996674 0.1
3087 0.6000000000009431 0.8499999999997505 0.1
3088 0.6000000000009984 0.8999999999998336 0.1
3089 0.6000000000010537 0.9499999999999169 0.1
3090 0.6499999999990784 -0.9500000000000901 0.1
3091 0.6499999999991268 -0.9000000000001802 0.1
3092 0.6499999999991753 -0.8500000000002702 0.1
3093 0.649999999999224 -0.8000000000003603 0.1
3094 0.6499999999992723 -0.7500000000004505 0.1
3095 0.6499999999993211 -0.7000000000005409 0.1
3096 0.6499999999993692 -0.6500000000006311 0.1
3097 0.6499999999994179 -0.6000000000007211 0.1
3098 0.6499999999994667 -0.5500000000008111 0.1
3099 0.649999999999515 -0.5000000000009013 0.1
3100 0.6499999999995636 -0.4500000000009915 0.1
3101 0.649999999999612 -0.4000000000010817 0.1
3102 0.6499999999996604 -0.3500000000011717 0.1
3103 0.649999999999709 -0.3000000000012616 0.1
3104 0.6499999999997577 -0.2500000000013516 0.1
3105 0.649999999999806 -0.2000000000014416 0.1
3106 0.6499999999998548 -0.1500000000015317 0.1
3107 0.649999999999903 -0.1000000000016217 0.1
3108 0.6499999999999516 -0.05000000000171177 0.1
3109 0.6500000000000004 -1.787667236463619e-12 0.1
3110 0.6500000000000489 0.04999999999828844 0.1
3111 0.6500000000000973 0.09999999999837859 0.1
3112 0.6500000000001458 0.1499999999984687 0.1
3113 0.6500000000001942 0.1999999999985586 0.1
3114 0.6500000000002428 0.2499999999986487 0.1
3115 0.6500000000002912 0.2999999999987388 0.1
3116 0.6500000000003399 0.3499999999988289 0.1
3117 0.6500000000003885 0.399999999998919 0.1
3118 0.6500000000004369 0.4499999999990092 0.1
3119 0.6500000000004853 0.4999999999990992 0.1
3120 0.6500000000005336 0.5499999999991894 0.1
3121 0.6500000000005826 0.5999999999992793 0.1
3122 0.650000000000631 0.6499999999993693 0.1
3123 0.6500000000006794 0.6999999999994595 0.1
3124 0.6500000000007281 0.7499999999995497 0.1
3125 0.6500000000007766 0.7999999999996397 0.1
3126 0.6500000000008249 0.8499999999997299 0.1
3127 0.6500000000008734 0.8999999999998198 0.1
3128 0.6500000000009221 0.9499999999999098 0.1
3129 0.6999999999992099 -0.9500000000000972 0.1
3130 0.6999999999992517 -0.900000000000194 0.1
3131 0.6999999999992932 -0.8500000000002912 0.1
3132 0.6999999999993347 -0.8000000000003884 0.1
3133 0.6999999999993765 -0.7500000000004854 0.1
3134 0.699999999999418 -0.7000000000005824 0.1
3135 0.6999999999994594 -0.6500000000006795 0.1
3136 0.699999999999501 -0.6000000000007766 0.1
3137 0.6999999999995427 -0.5500000000008735 0.1
3138 0.6999999999995843 -0.5000000000009708 0.1
3139 0.6999999999996258 -0.4500000000010676 0.1
3140 0.6999999999996673 -0.4000000000011647 0.1
3141 0.699999999999709 -0.3500000000012618 0.1
3142 0.6999999999997506 -0.3000000000013587 0.1
3143 0.6999999999997922 -0.2500000000014556 0.1
3144 0.6999999999998339 -0.2000000000015526 0.1
3145 0.6999999999998754 -0.1500000000016495 0.1
3146 0.6999999999999172 -0.1000000000017464 0.1
3147 0.6999999999999584 -0.05000000000184335 0.1
3148 0.7000000000000002 -1.925112846912214e-12 0.1
3149 0.7000000000000417 0.04999999999815678 0.1
3150 0.7000000000000834 0.09999999999825383 0.1
3151 0.7000000000001251 0.1499999999983509 0.1
3152 0.7000000000001664 0.1999999999984476 0.1
3153 0.7000000000002082 0.2499999999985448 0.1
3154 0.7000000000002498 0.2999999999986418 0.1
3155 0.7000000000002914 0.3499999999987388 0.1
3156 0.7000000000003329 0.3999999999988358 0.1
3157 0.7000000000003742 0.4499999999989329 0.1
3158 0.7000000000004161 0.4999999999990299 0.1
3159 0.7000000000004578 0.549999999999127 0.1
3160 0.7000000000004991 0.599999999999224 0.1
3161 0.7000000000005409 0.6499999999993209 0.1
3162 0.7000000000005826 0.6999999999994178 0.1
3163 0.7000000000006239 0.7499999999995151 0.1
3164 0.7000000000006656 0.7999999999996119 0.1
3165 0.7000000000007073 0.849999999999709 0.1
3166 0.7000000000007487 0.8999999999998058 0.1
3167 0.7000000000007904 0.9499999999999031 0.1
3168 0.7499999999993416 -0.9500000000001041 0.1
3169 0.7499999999993765 -0.9000000000002077 0.1
3170 0.7499999999994109 -0.8500000000003121 0.1
3171 0.7499999999994457 -0.8000000000004158 0.1
3172 0.7499999999994804 -0.7500000000005198 0.1
3173 0.7499999999995147 -0.7000000000006238 0.1
3174 0.7499999999995496 -0.6500000000007281 0.1
3175 0.7499999999995843 -0.6000000000008321 0.1
3176 0.7499999999996189 -0.5500000000009361 0.1
3177 0.7499999999996536 -0.5000000000010401 0.1
3178 0.7499999999996884 -0.450000000001144 0.1
3179 0.7499999999997228 -0.4000000000012477 0.1
3180 0.7499999999997576 -0.350000000001352 0.1
3181 0.7499999999997919 -0.3000000000014557 0.1
3182 0.7499999999998268 -0.2500000000015595 0.1
3183 0.7499999999998614 -0.2000000000016634 0.1
3184 0.7499999999998962 -0.1500000000017674 0.1
3185 0.7499999999999307 -0.1000000000018711 0.1
3186 0.7499999999999654 -0.05000000000197504 0.1
3187 0.75 -2.062669479663271e-12 0.1
3188 0.7500000000000346 0.04999999999802512 0.1
3189 0.7500000000000693 0.09999999999812907 0.1
3190 0.7500000000001039 0.1499999999982331 0.1
3191 0.7500000000001384 0.1999999999983368 0.1
3192 0.7500000000001734 0.2499999999984408 0.1
3193 0.7500000000002082 0.2999999999985448 0.1
3194 0.7500000000002427 0.3499999999986487 0.1
3195 0.7500000000002773 0.3999999999987527 0.1
3196 0.750000000000312 0.4499999999988566 0.1
3197 0.7500000000003468 0.4999999999989606 0.1
3198 0.7500000000003813 0.5499999999990646 0.1
3199 0.7500000000004161 0.5999999999991685 0.1
3200 0.7500000000004509 0.6499999999992725 0.1
3201 0.7500000000004853 0.6999999999993765 0.1
3202 0.75000000000052 0.7499999999994802 0.1
3203 0.7500000000005547 0.7999999999995842 0.1
3204 0.7500000000005893 0.8499999999996881 0.1
3205 0.7500000000006241 0.8999999999997921 0.1
3206 0.7500000000006585 0.949999999999896 0.1
3207 0.7999999999994731 -0.9500000000001108 0.1
3208 0.7999999999995011 -0.9000000000002215 0.1
3209 0.799999999999529 -0.8500000000003326 0.1
3210 0.7999999999995564 -0.8000000000004439 0.1
3211 0.7999999999995842 -0.7500000000005544 0.1
3212 0.7999999999996121 -0.7000000000006656 0.1
3213 0.7999999999996397 -0.6500000000007766 0.1
3214 0.7999999999996672 -0.6000000000008876 0.1
3215 0.7999999999996953 -0.5500000000009982 0.1
3216 0.7999999999997229 -0.5000000000011096 0.1
3217 0.7999999999997505 -0.4500000000012203 0.1
3218 0.799999999999778 -0.400000000001331 0.1
3219 0.7999999999998062 -0.3500000000014419 0.1
3220 0.7999999999998338 -0.3000000000015527 0.1
3221 0.7999999999998615 -0.2500000000016636 0.1
3222 0.7999999999998892 -0.2000000000017743 0.1
3223 0.7999999999999168 -0.150000000001885 0.1
3224 0.7999999999999446 -0.1000000000019959 0.1
3225 0.7999999999999723 -0.05000000000210667 0.1
3226 0.7999999999999998 -2.200226112414327e-12 0.1
3227 0.8000000000000278 0.04999999999789346 0.1
3228 0.8000000000000553 0.09999999999800435 0.1
3229 0.8000000000000832 0.1499999999981152 0.1
3230 0.8000000000001108 0.1999999999982259 0.1
3231 0.8000000000001386 0.2499999999983368 0.1
3232 0.8000000000001664 0.2999999999984477 0.1
3233 0.8000000000001939 0.3499999999985586 0.1
3234 0.8000000000002219 0.3999999999986694 0.1
3235 0.8000000000002495 0.4499999999987804 0.1
3236 0.8000000000002774 0.4999999999988913 0.1
3237 0.8000000000003048 0.5499999999990022 0.1
3238 0.8000000000003327 0.599999999999113 0.1
3239 0.8000000000003604 0.6499999999992239 0.1
3240 0.8000000000003882 0.6999999999993347 0.1
3241 0.8000000000004159 0.7499999999994456 0.1
3242 0.8000000000004437 0.7999999999995564 0.1
3243 0.8000000000004714 0.8499999999996675 0.1
3244 0.800000000000499 0.8999999999997783 0.1
3245 0.8000000000005267 0.9499999999998892 0.1
3246 0.8499999999996052 -0.950000000000118 0.1
3247 0.8499999999996258 -0.9000000000002356 0.1
3248 0.8499999999996466 -0.8500000000003536 0.1
3249 0.8499999999996672 -0.8000000000004714 0.1
3250 0.8499999999996883 -0.7500000000005891 0.1
3251 0.849999999999709 -0.7000000000007072 0.1
3252 0.8499999999997297 -0.6500000000008251 0.1
3253 0.8499999999997505 -0.6000000000009431 0.1
3254 0.8499999999997713 -0.5500000000010609 0.1
3255 0.849999999999792 -0.5000000000011788 0.1
3256 0.8499999999998129 -0.4500000000012964 0.1
3257 0.8499999999998339 -0.4000000000014143 0.1
3258 0.8499999999998545 -0.350000000001532 0.1
3259 0.8499999999998756 -0.3000000000016498 0.1
3260 0.8499999999998964 -0.2500000000017675 0.1
3261 0.8499999999999168 -0.2000000000018852 0.1
3262 0.8499999999999378 -0.150000000002003 0.1
3263 0.8499999999999585 -0.1000000000021206 0.1
3264 0.8499999999999792 -0.05000000000223837 0.1
3265 0.85 -2.337678661756826e-12 0.1
3266 0.850000000000021 0.04999999999776186 0.1
3267 0.8500000000000416 0.09999999999787959 0.1
3268 0.8500000000000626 0.1499999999979975 0.1
3269 0.8500000000000834 0.199999999998115 0.1
3270 0.8500000000001039 0.2499999999982328 0.1
3271 0.8500000000001249 0.2999999999983507 0.1
3272 0.8500000000001458 0.3499999999984685 0.1
3273 0.8500000000001667 0.3999999999985864 0.1
3274 0.8500000000001873 0.4499999999987041 0.1
3275 0.8500000000002078 0.4999999999988219 0.1
3276 0.8500000000002289 0.5499999999989398 0.1
3277 0.8500000000002494 0.5999999999990575 0.1
3278 0.8500000000002702 0.6499999999991752 0.1
3279 0.8500000000002913 0.6999999999992932 0.1
3280 0.8500000000003121 0.7499999999994111 0.1
3281 0.8500000000003327 0.7999999999995289 0.1
3282 0.8500000000003536 0.8499999999996466 0.1
3283 0.8500000000003742 0.8999999999997645 0.1
3284 0.8500000000003952 0.9499999999998823 0.1
3285 0.8999999999997367 -0.9500000000001246 0.1
3286 0.8999999999997504 -0.9000000000002496 0.1
3287 0.8999999999997645 -0.8500000000003742 0.1
3288 0.8999999999997781 -0.800000000000499 0.1
3289 0.8999999999997923 -0.7500000000006237 0.1
3290 0.899999999999806 -0.7000000000007486 0.1
3291 0.8999999999998197 -0.6500000000008735 0.1
3292 0.8999999999998336 -0.6000000000009986 0.1
3293 0.8999999999998477 -0.550000000001123 0.1
3294 0.8999999999998616 -0.5000000000012481 0.1
3295 0.899999999999875 -0.4500000000013727 0.1
3296 0.8999999999998894 -0.4000000000014973 0.1
3297 0.8999999999999028 -0.3500000000016222 0.1
3298 0.899999999999917 -0.3000000000017468 0.1
3299 0.8999999999999305 -0.2500000000018714 0.1
3300 0.8999999999999446 -0.200000000001996 0.1
3301 0.8999999999999582 -0.1500000000021208 0.1
3302 0.8999999999999724 -0.1000000000022454 0.1
3303 0.899999999999986 -0.05000000000237005 0.1
3304 0.9000000000000001 -2.475235294507883e-12 0.1
3305 0.9000000000000137 0.04999999999763013 0.1
3306 0.9000000000000276 0.09999999999775483 0.1
3307 0.9000000000000418 0.1499999999978796 0.1
3308 0.9000000000000554 0.1999999999980042 0.1
3309 0.9000000000000692 0.2499999999981289 0.1
3310 0.9000000000000832 0.2999999999982537 0.1
3311 0.9000000000000972 0.3499999999983784 0.1
3312 0.9000000000001109 0.3999999999985031 0.1
3313 0.9000000000001246 0.4499999999986279 0.1
3314 0.9000000000001387 0.4999999999987526 0.1
3315 0.9000000000001527 0.5499999999988774 0.1
3316 0.9000000000001664 0.599999999999002 0.1
3317 0.9000000000001802 0.6499999999991268 0.1
3318 0.900000000000194 0.6999999999992517 0.1
3319 0.9000000000002081 0.7499999999993765 0.1
3320 0.9000000000002217 0.7999999999995011 0.1
3321 0.9000000000002356 0.8499999999996259 0.1
3322 0.9000000000002495 0.8999999999997506 0.1
3323 0.9000000000002633 0.9499999999998752 0.1
3324 0.9499999999998683 -0.9500000000001319 0.1
3325 0.9499999999998754 -0.9000000000002633 0.1
3326 0.9499999999998822 -0.850000000000395 0.1
3327 0.9499999999998892 -0.800000000000527 0.1
3328 0.9499999999998959 -0.7500000000006585 0.1
3329 0.9499999999999029 -0.7000000000007902 0.1
3330 0.9499999999999099 -0.6500000000009222 0.1
3331 0.9499999999999169 -0.6000000000010539 0.1
3332 0.9499999999999238 -0.5500000000011855 0.1
3333 0.9499999999999307 -0.5000000000013174 0.1
3334 0.9499999999999376 -0.4500000000014489 0.1
3335 0.9499999999999446 -0.4000000000015806 0.1
3336 0.9499999999999517 -0.3500000000017123 0.1
3337 0.9499999999999582 -0.3000000000018438 0.1
3338 0.9499999999999652 -0.2500000000019754 0.1
3339 0.9499999999999722 -0.2000000000021069 0.1
3340 0.9499999999999792 -0.1500000000022386 0.1
3341 0.9499999999999862 -0.1000000000023702 0.1
3342 0.9499999999999932 -0.05000000000250169 0.1
3343 0.95 -2.612684374403429e-12 0.1
3344 0.9500000000000069 0.04999999999749853 0.1
3345 0.9500000000000141 0.09999999999763018 0.1
3346 0.9500000000000208 0.1499999999977618 0.1
3347 0.9500000000000277 0.1999999999978933 0.1
3348 0.9500000000000346 0.249999999998025 0.1
3349 0.9500000000000414 0.2999999999981566 0.1
3350 0.9500000000000483 0.3499999999982883 0.1
3351 0.9500000000000555 0.39999999999842 0.1
3352 0.9500000000000625 0.4499999999985516 0.1
3353 0.9500000000000692 0.4999999999986833 0.1
3354 0.9500000000000762 0.549999999998815 0.1
3355 0.9500000000000832 0.5999999999989467 0.1
3356 0.9500000000000901 0.6499999999990784 0.1
3357 0.950000000000097 0.6999999999992099 0.1
3358 0.9500000000001038 0.7499999999993416 0.1
3359 0.9500000000001109 0.7999999999994734 0.1
3360 0.9500000000001178 0.8499999999996051 0.1
3361 0.9500000000001249 0.8999999999997366 0.1
3362 0.9500000000001319 0.9499999999998683 0.1
$EndNodes
$Elements
9920
1 2 2 6 1 1 9 164
2 2 2 6 1 164 9 321
3 2 2 6 1 164 321 322
4 2 2 6 1 322 163 164
5 2 2 6 1 163 322 162
6 2 2 6 1 162 322 323
7 2 2 6 1 162 323 324
8 2 2 6 1 324 161 162
9 2 2 6 1 161 324 160
10 2 2 6 1 160 324 325
11 2 2 6 1 160 325 326
12 2 2 6 1 326 159 160
13 2 2 6 1 159 326 158
14 2 2 6 1 158 326 327
15 2 2 6 1 158 327 328
16 2 2 6 1 328 157 158
17 2 2 6 1 157 328 156
18 2 2 6 1 156 328 329
19 2 2 6 1 156 329 330
20 2 2 6 1 330 155 156
21 2 2 6 1 155 330 154
22 2 2 6 1 154 330 331
23 2 2 6 1 154 331 332
24 2 2 6 1 332 153 154
25 2 2 6 1 153 332 152
26 2 2 6 1 152 332 333
27 2 2 6 1 152 333 334
28 2 2 6 1 334 151 152
29 2 2 6 1 151 334 150
30 2 2 6 1 150 334 335
31 2 2 6 1 150 335 336
32 2 2 6 1 336 149 150
33 2 2 6 1 149 336 148
34 2 2 6 1 148 336 337
35 2 2 6 1 148 337 338
36 2 2 6 1 338 147 148
37 2 2 6 1 147 338 146
38 2 2 6 1 146 338 339
39 2 2 6 1 146 339 340
40 2 2 6 1 340 145 146
41 2 2 6 1 145 340 144
42 2 2 6 1 144 340 341
43 2 2 6 1 144 341 342
44 2 2 6 1 342 143 144
45 2 2 6 1 143 342 142
46 2 2 6 1 142 342 343
47 2 2 6 1 142 343 344
48 2 2 6 1 344 141 142
49 2 2 6 1 141 344 140
50 2 2 6 1 140 344 345
51 2 2 6 1 140 345 346
52 2 2 6 1 346 139 140
53 2 2 6 1 139 346 138
54 2 2 6 1 138 346 347
55 2 2 6 1 138 347 348
56 2 2 6 1 348 137 138
57 2 2 6 1 137 348 136
58 2 2 6 1 136 348 349
59 2 2 6 1 136 349 350
60 2 2 6 1 350 135 136
61 2 2 6 1 135 350 134
62 2 2 6 1 134 350 351
63 2 2 6 1 134 351 352
64 2 2 6 1 352 133 134
65 2 2 6 1 133 352 132
66 2 2 6 1 132 352 353
67 2 2 6 1 132 353 354
68 2 2 6 1 354 131 132
69 2 2 6 1 131 354 130
70 2 2 6 1 130 354 355
71 2 2 6 1 130 355 356
72 2 2 6 1 356 129 130
73 2 2 6 1 129 356 128
74 2 2 6 1 128 356 357
75 2 2 6 1 128 357 358
76 2 2 6 1 358 127 128
77 2 2 6 1 127 358 126
78 2 2 6 1 126 358 359
79 2 2 6 1 126 359 125
80 2 2 6 1 125 4 126
81 2 2 6 1 9 10 360
82 2 2 6 1 360 321 9
83 2 2 6 1 321 360 322
84 2 2 6 1 322 360 361
85 2 2 6 1 322 361 362
86 2 2 6 1 362 323 322
87 2 2 6 1 323 362 324
88 2 2 6 1 324 362 363
89 2 2 6 1 324 363 364
90 2 2 6 1 364 325 324
91 2 2 6 1 325 364 326
92 2 2 6 1 326 364 365
93 2 2 6 1 326 365 366
94 2 2 6 1 366 327 326
95 2 2 6 1 327 366 328
96 2 2 6 1 328 366 367
97 2 2 6 1 328 367 368
98 2 2 6 1 368 329 328
99 2 2 6 1 329 368 330
100 2 2 6 1 330 368 369
101 2 2 6 1 330 369 370
102 2 2 6 1 370 331 330
103 2 2 6 1 331 370 332
104 2 2 6 1 332 370 371
105 2 2 6 1 332 371 372
106 2 2 6 1 372 333 332
107 2 2 6 1 333 372 334
108 2 2 6 1 334 372 373
109 2 2 6 1 334 373 374
110 2 2 6 1 374 335 334
111 2 2 6 1 335 374 336
112 2 2 6 1 336 374 375
113 2 2 6 1 336 375 376
114 2 2 6 1 376 337 336
115 2 2 6 1 337 376 338
116 2 2 6 1 338 376 377
117 2 2 6 1 338 377 378
118 2 2 6 1 378 339 338
119 2 2 6 1 339 378 340
120 2 2 6 1 340 378 379
121 2 2 6 1 340 379 380
122 2 2 6 1 380 341 340
123 2 2 6 1 341 380 342
124 2 2 6 1 342 380 381
125 2 2 6 1 342 381 382
126 2 2 6 1 382 343 342
127 2 2 6 1 343 382 344
128 2 2 6 1 344 382 383
129 2 2 6 1 344 383 384
130 2 2 6 1 384 345 344
131 2 2 6 1 345 384 346
132 2 2 6 1 346 384 385
133 2 2 6 1 346 385 386
134 2 2 6 1 386 347 346
135 2 2 6 1 347 386 348
136 2 2 6 1 348 386 387
137 2 2 6 1 348 387 388
138 2 2 6 1 388 349 348
139 2 2 6 1 349 388 350
140 2 2 6 1 350 388 389
141 2 2 6 1 350 389 390
142 2 2 6 1 390 351 350
143 2 2 6 1 351 390 352
144 2 2 6 1 352 390 391
145 2 2 6 1 352 391 392
146 2 2 6 1 392 353 352
147 2 2 6 1 353 392 354
148 2 2 6 1 354 392 393
149 2 2 6 1 354 393 394
150 2 2 6 1 394 355 354
151 2 2 6 1 355 394 356
152 2 2 6 1 356 394 395
153 2 2 6 1 356 395 396
154 2 2 6 1 396 357 356
155 2 2 6 1 357 396 358
156 2 2 6 1 358 396 397
157 2 2 6 1 358 397 398
158 2 2 6 1 398 359 358
159 2 2 6 1 359 398 125
160 2 2 6 1 125 398 124
161 2 2 6 1 10 11 360
162 2 2 6 1 360 11 399
163 2 2 6 1 360 399 400
164 2 2 6 1 400 361 360
165 2 2 6 1 361 400 362
166 2 2 6 1 362 400 401
167 2 2 6 1 362 401 402
168 2 2 6 1 402 363 362
169 2 2 6 1 363 402 364
170 2 2 6 1 364 402 403
171 2 2 6 1 364 403 404
172 2 2 6 1 404 365 364
173 2 2 6 1 365 404 366
174 2 2 6 1 366 404 405
175 2 2 6 1 366 405 406
176 2 2 6 1 406 367 366
177 2 2 6 1 367 406 368
178 2 2 6 1 368 406 407
179 2 2 6 1 368 407 408
180 2 2 6 1 408 369 368
181 2 2 6 1 369 408 370
182 2 2 6 1 370 408 409
183 2 2 6 1 370 409 410
184 2 2 6 1 410 371 370
185 2 2 6 1 371 410 372
186 2 2 6 1 372 410 411
187 2 2 6 1 372 411 412
188 2 2 6 1 412 373 372
189 2 2 6 1 373 412 374
190 2 2 6 1 374 412 413
191 2 2 6 1 374 413 414
192 2 2 6 1 414 375 374
193 2 2 6 1 375 414 376
194 2 2 6 1 376 414 415
195 2 2 6 1 376 415 416
196 2 2 6 1 416 377 376
197 2 2 6 1 377 416 378
198 2 2 6 1 378 416 417
199 2 2 6 1 378 417 418
200 2 2 6 1 418 379 378
201 2 2 6 1 379 418 380
202 2 2 6 1 380 418 419
203 2 2 6 1 380 419 420
204 2 2 6 1 420 381 380
205 2 2 6 1 381 420 382
206 2 2 6 1 382 420 421
207 2 2 6 1 382 421 422
208 2 2 6 1 422 383 382
209 2 2 6 1 383 422 384
210 2 2 6 1 384 422 423
211 2 2 6 1 384 423 424
212 2 2 6 1 424 385 384
213 2 2 6 1 385 424 386
214 2 2 6 1 386 424 425
215 2 2 6 1 386 425 426
216 2 2 6 1 426 387 386
217 2 2 6 1 387 426 388
218 2 2 6 1 388 426 427
219 2 2 6 1 388 427 428
220 2 2 6 1 428 389 388
221 2 2 6 1 389 428 390
222 2 2 6 1 390 428 429
223 2 2 6 1 390 429 430
224 2 2 6 1 430 391 390
225 2 2 6 1 391 430 392
226 2 2 6 1 392 430 431
227 2 2 6 1 392 431 432
228 2 2 6 1 432 393 392
229 2 2 6 1 393 432 394
230 2 2 6 1 394 432 433
231 2 2 6 1 394 433 434
232 2 2 6 1 434 395 394
233 2 2 6 1 395 434 396
234 2 2 6 1 396 434 435
235 2 2 6 1 396 435 436
236 2 2 6 1 436 397 396
237 2 2 6 1 397 436 398
238 2 2 6 1 398 436 437
239 2 2 6 1 398 437 123
240 2 2 6 1 123 124 398
241 2 2 6 1 11 12 438
242 2 2 6 1 438 399 11
243 2 2 6 1 399 438 400
244 2 2 6 1 400 438 439
245 2 2 6 1 400 439 440
246 2 2 6 1 440 401 400
247 2 2 6 1 401 440 402
248 2 2 6 1 402 440 441
249 2 2 6 1 402 441 442
250 2 2 6 1 442 403 402
251 2 2 6 1 403 442 404
252 2 2 6 1 404 442 443
253 2 2 6 1 404 443 444
254 2 2 6 1 444 405 404
255 2 2 6 1 405 444 406
256 2 2 6 1 406 444 445
257 2 2 6 1 406 445 446
258 2 2 6 1 446 407 406
259 2 2 6 1 407 446 408
260 2 2 6 1 408 446 447
261 2 2 6 1 408 447 448
262 2 2 6 1 448 409 408
263 2 2 6 1 409 448 410
264 2 2 6 1 410 448 449
265 2 2 6 1 410 449 450
266 2 2 6 1 450 411 410
267 2 2 6 1 411 450 412
268 2 2 6 1 412 450 451
269 2 2 6 1 412 451 452
270 2 2 6 1 452 413 412
271 2 2 6 1 413 452 414
272 2 2 6 1 414 452 453
273 2 2 6 1 414 453 454
274 2 2 6 1 454 415 414
275 2 2 6 1 415 454 416
276 2 2 6 1 416 454 455
277 2 2 6 1 416 455 456
278 2 2 6 1 456 417 416
279 2 2 6 1 417 456 418
280 2 2 6 1 418 456 457
281 2 2 6 1 418 457 458
282 2 2 6 1 458 419 418
283 2 2 6 1 419 458 420
284 2 2 6 1 420 458 459
285 2 2 6 1 420 459 460
286 2 2 6 1 460 421 420
287 2 2 6 1 421 460 422
288 2 2 6 1 422 460 461
289 2 2 6 1 422 461 462
290 2 2 6 1 462 423 422
291 2 2 6 1 423 462 424
292 2 2 6 1 424 462 463
293 2 2 6 1 424 463 464
294 2 2 6 1 464 425 424
295 2 2 6 1 425 464 426
296 2 2 6 1 426 464 465
297 2 2 6 1 426 465 466
298 2 2 6 1 466 427 426
299 2 2 6 1 427 466 428
300 2 2 6 1 428 466 467
301 2 2 6 1 428 467 468
302 2 2 6 1 468 429 428
303 2 2 6 1 429 468 430
304 2 2 6 1 430 468 469
305 2 2 6 1 430 469 470
306 2 2 6 1 470 431 430
307 2 2 6 1 431 470 432
308 2 2 6 1 432 470 471
309 2 2 6 1 432 471 472
310 2 2 6 1 472 433 432
311 2 2 6 1 433 472 434
312 2 2 6 1 434 472 473
313 2 2 6 1 434 473 474
314 2 2 6 1 474 435 434
315 2 2 6 1 435 474 436
316 2 2 6 1 436 474 475
317 2 2 6 1 436 475 476
318 2 2 6 1 476 437 436
319 2 2 6 1 437 476 123
320 2 2 6 1 123 476 122
321 2 2 6 1 12 13 438
322 2 2 6 1 438 13 477
323 2 2 6 1 438 477 478
324 2 2 6 1 478 439 438
325 2 2 6 1 439 478 440
326 2 2 6 1 440 478 479
327 2 2 6 1 440 479 480
328 2 2 6 1 480 441 440
329 2 2 6 1 441 480 442
330 2 2 6 1 442 480 481
331 2 2 6 1 442 481 482
332 2 2 6 1 482 443 442
333 2 2 6 1 443 482 444
334 2 2 6 1 444 482 483
335 2 2 6 1 444 483 484
336 2 2 6 1 484 445 444
337 2 2 6 1 445 484 446
338 2 2 6 1 446 484 485
339 2 2 6 1 446 485 486
340 2 2 6 1 486 447 446
341 2 2 6 1 447 486 448
342 2 2 6 1 448 486 487
343 2 2 6 1 448 487 488
344 2 2 6 1 488 449 448
345 2 2 6 1 449 488 450
346 2 2 6 1 450 488 489
347 2 2 6 1 450 489 490
348 2 2 6 1 490 451 450
349 2 2 6 1 451 490 452
350 2 2 6 1 452 490 491
351 2 2 6 1 452 491 492
352 2 2 6 1 492 453 452
353 2 2 6 1 453 492 454
354 2 2 6 1 454 492 493
355 2 2 6 1 454 493 494
356 2 2 6 1 494 455 454
357 2 2 6 1 455 494 456
358 2 2 6 1 456 494 495
359 2 2 6 1 456 495 496
360 2 2 6 1 496 457 456
361 2 2 6 1 457 496 458
362 2 2 6 1 458 496 497
363 2 2 6 1 458 497 498
364 2 2 6 1 498 459 458
365 2 2 6 1 459 498 460
366 2 2 6 1 460 498 499
367 2 2 6 1 460 499 500
368 2 2 6 1 500 461 460
369 2 2 6 1 461 500 462
370 2 2 6 1 462 500 501
371 2 2 6 1 462 501 502
372 2 2 6 1 502 463 462
373 2 2 6 1 463 502 464
374 2 2 6 1 464 502 503
375 2 2 6 1 464 503 504
376 2 2 6 1 504 465 464
377 2 2 6 1 465 504 466
378 2 2 6 1 466 504 505
379 2 2 6 1 466 505 506
380 2 2 6 1 506 467 466
381 2 2 6 1 467 506 468
382 2 2 6 1 468 506 507
383 2 2 6 1 468 507 508
384 2 2 6 1 508 469 468
385 2 2 6 1 469 508 470
386 2 2 6 1 470 508 509
387 2 2 6 1 470 509 510
388 2 2 6 1 510 471 470
389 2 2 6 1 471 510 472
390 2 2 6 1 472 510 511
391 2 2 6 1 472 511 512
392 2 2 6 1 512 473 472
393 2 2 6 1 473 512 474
394 2 2 6 1 474 512 513
395 2 2 6 1 474 513 514
396 2 2 6 1 514 475 474
397 2 2 6 1 475 514 476
398 2 2 6 1 476 514 515
399 2 2 6 1 476 515 121
400 2 2 6 1 121 122 476
401 2 2 6 1 13 14 516
402 2 2 6 1 516 477 13
403 2 2 6 1 477 516 478
404 2 2 6 1 478 516 517
405 2 2 6 1 478 517 518
406 2 2 6 1 518 479 478
407 2 2 6 1 479 518 480
408 2 2 6 1 480 518 519
409 2 2 6 1 480 519 520
410 2 2 6 1 520 481 480
411 2 2 6 1 481 520 482
412 2 2 6 1 482 520 521
413 2 2 6 1 482 521 522
414 2 2 6 1 522 483 482
415 2 2 6 1 483 522 484
416 2 2 6 1 484 522 523
417 2 2 6 1 484 523 524
418 2 2 6 1 524 485 484
419 2 2 6 1 485 524 486
420 2 2 6 1 486 524 525
421 2 2 6 1 486 525 526
422 2 2 6 1 526 487 486
423 2 2 6 1 487 526 488
424 2 2 6 1 488 526 527
425 2 2 6 1 488 527 528
426 2 2 6 1 528 489 488
427 2 2 6 1 489 528 490
428 2 2 6 1 490 528 529
429 2 2 6 1 490 529 530
430 2 2 6 1 530 491 490
431 2 2 6 1 491 530 492
432 2 2 6 1 492 530 531
433 2 2 6 1 492 531 532
434 2 2 6 1 532 493 492
435 2 2 6 1 493 532 494
436 2 2 6 1 494 532 533
437 2 2 6 1 494 533 534
438 2 2 6 1 534 495 494
439 2 2 6 1 495 534 496
440 2 2 6 1 496 534 535
441 2 2 6 1 496 535 536
442 2 2 6 1 536 497 496
443 2 2 6 1 497 536 498
444 2 2 6 1 498 536 537
445 2 2 6 1 498 537 538
446 2 2 6 1 538 499 498
447 2 2 6 1 499 538 500
448 2 2 6 1 500 538 539
449 2 2 6 1 500 539 540
450 2 2 6 1 540 501 500
451 2 2 6 1 501 540 502
452 2 2 6 1 502 540 541
453 2 2 6 1 502 541 542
454 2 2 6 1 542 503 502
455 2 2 6 1 503 542 504
456 2 2 6 1 504 542 543
457 2 2 6 1 504 543 544
458 2 2 6 1 544 505 504
459 2 2 6 1 505 544 506
460 2 2 6 1 506 544 545
461 2 2 6 1 506 545 546
462 2 2 6 1 546 507 506
463 2 2 6 1 507 546 508
464 2 2 6 1 508 546 547
465 2 2 6 1 508 547 548
466 2 2 6 1 548 509 508
467 2 2 6 1 509 548 510
468 2 2 6 1 510 548 549
469 2 2 6 1 510 549 550
470 2 2 6 1 550 511 510
471 2 2 6 1 511 550 512
472 2 2 6 1 512 550 551
473 2 2 6 1 512 551 552
474 2 2 6 1 552 513 512
475 2 2 6 1 513 552 514
476 2 2 6 1 514 552 553
477 2 2 6 1 514 553 554
478 2 2 6 1 554 515 514
479 2 2 6 1 515 554 121
480 2 2 6 1 121 554 120
481 2 2 6 1 14 15 516
482 2 2 6 1 516 15 555
483 2 2 6 1 516 555 556
484 2 2 6 1 556 517 516
485 2 2 6 1 517 556 518
486 2 2 6 1 518 556 557
487 2 2 6 1 518 557 558
488 2 2 6 1 558 519 518
489 2 2 6 1 519 558 520
490 2 2 6 1 520 558 559
491 2 2 6 1 520 559 560
492 2 2 6 1 560 521 520
493 2 2 6 1 521 560 522
494 2 2 6 1 522 560 561
495 2 2 6 1 522 561 562
496 2 2 6 1 562 523 522
497 2 2 6 1 523 562 524
498 2 2 6 1 524 562 563
499 2 2 6 1 524 563 564
500 2 2 6 1 564 525 524
501 2 2 6 1 525 564 526
502 2 2 6 1 526 564 565
503 2 2 6 1 526 565 566
504 2 2 6 1 566 527 526
505 2 2 6 1 527 566 528
506 2 2 6 1 528 566 567
507 2 2 6 1 528 567 568
508 2 2 6 1 568 529 528
509 2 2 6 1 529 568 530
510 2 2 6 1 530 568 569
511 2 2 6 1 530 569 570
512 2 2 6 1 570 531 530
513 2 2 6 1 531 570 532
514 2 2 6 1 532 570 571
515 2 2 6 1 532 571 572
516 2 2 6 1 572 533 532
517 2 2 6 1 533 572 534
518 2 2 6 1 534 572 573
519 2 2 6 1 534 573 574
520 2 2 6 1 574 535 534
521 2 2 6 1 535 574 536
522 2 2 6 1 536 574 575
523 2 2 6 1 536 575 576
524 2 2 6 1 576 537 536
525 2 2 6 1 537 576 538
526 2 2 6 1 538 576 577
527 2 2 6 1 538 577 578
528 2 2 6 1 578 539 538
529 2 2 6 1 539 578 540
530 2 2 6 1 540 578 579
531 2 2 6 1 540 579 580
532 2 2 6 1 580 541 540
533 2 2 6 1 541 580 542
534 2 2 6 1 542 580 581
535 2 2 6 1 542 581 582
536 2 2 6 1 582 543 542
537 2 2 6 1 543 582 544
538 2 2 6 1 544 582 583
539 2 2 6 1 544 583 584
540 2 2 6 1 584 545 544
541 2 2 6 1 545 584 546
542 2 2 6 1 546 584 585
543 2 2 6 1 546 585 586
544 2 2 6 1 586 547 546
545 2 2 6 1 547 586 548
546 2 2 6 1 548 586 587
547 2 2 6 1 548 587 588
548 2 2 6 1 588 549 548
549 2 2 6 1 549 588 550
550 2 2 6 1 550 588 589
551 2 2 6 1 550 589 590
552 2 2 6 1 590 551 550
553 2 2 6 1 551 590 552
554 2 2 6 1 552 590 591
555 2 2 6 1 552 591 592
556 2 2 6 1 592 553 552
557 2 2 6 1 553 592 554
558 2 2 6 1 554 592 593
559 2 2 6 1 554 593 119
560 2 2 6 1 119 120 554
561 2 2 6 1 15 16 594
562 2 2 6 1 594 555 15
563 2 2 6 1 555 594 556
564 2 2 6 1 556 594 595
565 2 2 6 1 556 595 596
566 2 2 6 1 596 557 556
567 2 2 6 1 557 596 558
568 2 2 6 1 558 596 597
569 2 2 6 1 558 597 598
570 2 2 6 1 598 559 558
571 2 2 6 1 559 598 560
572 2 2 6 1 560 598 599
573 2 2 6 1 560 599 600
574 2 2 6 1 600 561 560
575 2 2 6 1 561 600 562
576 2 2 6 1 562 600 601
577 2 2 6 1 562 601 602
578 2 2 6 1 602 563 562
579 2 2 6 1 563 602 564
580 2 2 6 1 564 602 603
581 2 2 6 1 564 603 604
582 2 2 6 1 604 565 564
583 2 2 6 1 565 604 566
584 2 2 6 1 566 604 605
585 2 2 6 1 566 605 606
586 2 2 6 1 606 567 566
587 2 2 6 1 567 606 568
588 2 2 6 1 568 606 607
589 2 2 6 1 568 607 608
590 2 2 6 1 608 569 568
591 2 2 6 1 569 608 570
592 2 2 6 1 570 608 609
593 2 2 6 1 570 609 610
594 2 2 6 1 610 571 570
595 2 2 6 1 571 610 572
596 2 2 6 1 572 610 611
597 2 2 6 1 572 611 612
598 2 2 6 1 612 573 572
599 2 2 6 1 573 612 574
600 2 2 6 1 574 612 613
601 2 2 6 1 574 613 614
602 2 2 6 1 614 575 574
603 2 2 6 1 575 614 576
604 2 2 6 1 576 614 615
605 2 2 6 1 576 615 616
606 2 2 6 1 616 577 576
607 2 2 6 1 577 616 578
608 2 2 6 1 578 616 617
609 2 2 6 1 578 617 618
610 2 2 6 1 618 579 578
611 2 2 6 1 579 618 580
612 2 2 6 1 580 618 619
613 2 2 6 1 580 619 620
614 2 2 6 1 620 581 580
615 2 2 6 1 581 620 582
616 2 2 6 1 582 620 621
617 2 2 6 1 582 621 622
618 2 2 6 1 622 583 582
619 2 2 6 1 583 622 584
620 2 2 6 1 584 622 623
621 2 2 6 1 584 623 624
622 2 2 6 1 624 585 584
623 2 2 6 1 585 624 586
624 2 2 6 1 586 624 625
625 2 2 6 1 586 625 626
626 2 2 6 1 626 587 586
627 2 2 6 1 587 626 588
628 2 2 6 1 588 626 627
629 2 2 6 1 588 627 628
630 2 2 6 1 628 589 588
631 2 2 6 1 589 628 590
632 2 2 6 1 590 628 629
633 2 2 6 1 590 629 630
634 2 2 6 1 630 591 590
635 2 2 6 1 591 630 592
636 2 2 6 1 592 630 631
637 2 2 6 1 592 631 632
638 2 2 6 1 632 593 592
639 2 2 6 1 593 632 119
640 2 2 6 1 119 632 118
641 2 2 6 1 16 17 594
642 2 2 6 1 594 17 633
643 2 2 6 1 594 633 634
644 2 2 6 1 634 595 594
645 2 2 6 1 595 634 596
646 2 2 6 1 596 634 635
647 2 2 6 1 596 635 636
648 2 2 6 1 636 597 596
649 2 2 6 1 597 636 598
650 2 2 6 1 598 636 637
651 2 2 6 1 598 637 638
652 2 2 6 1 638 599 598
653 2 2 6 1 599 638 600
654 2 2 6 1 600 638 639
655 2 2 6 1 600 639 640
656 2 2 6 1 640 601 600
657 2 2 6 1 601 640 602
658 2 2 6 1 602 640 641
659 2 2 6 1 602 641 642
660 2 2 6 1 642 603 602
661 2 2 6 1 603 642 604
662 2 2 6 1 604 642 643
663 2 2 6 1 604 643 644
664 2 2 6 1 644 605 604
665 2 2 6 1 605 644 606
666 2 2 6 1 606 644 645
667 2 2 6 1 606 645 646
668 2 2 6 1 646 607 606
669 2 2 6 1 607 646 608
670 2 2 6 1 608 646 647
671 2 2 6 1 608 647 648
672 2 2 6 1 648 609 608
673 2 2 6 1 609 648 610
674 2 2 6 1 610 648 649
675 2 2 6 1 610 649 650
676 2 2 6 1 650 611 610
677 2 2 6 1 611 650 612
678 2 2 6 1 612 650 651
679 2 2 6 1 612 651 652
680 2 2 6 1 652 613 612
681 2 2 6 1 613 652 614
682 2 2 6 1 614 652 653
683 2 2 6 1 614 653 654
684 2 2 6 1 654 615 614
685 2 2 6 1 615 654 616
686 2 2 6 1 616 654 655
687 2 2 6 1 616 655 656
688 2 2 6 1 656 617 616
689 2 2 6 1 617 656 618
690 2 2 6 1 618 656 657
691 2 2 6 1 618 657 658
692 2 2 6 1 658 619 618
693 2 2 6 1 619 658 620
694 2 2 6 1 620 658 659
695 2 2 6 1 620 659 660
696 2 2 6 1 660 621 620
697 2 2 6 1 621 660 622
698 2 2 6 1 622 660 661
699 2 2 6 1 622 661 662
700 2 2 6 1 662 623 622
701 2 2 6 1 623 662 624
702 2 2 6 1 624 662 663
703 2 2 6 1 624 663 664
704 2 2 6 1 664 625 624
705 2 2 6 1 625 664 626
706 2 2 6 1 626 664 665
707 2 2 6 1 626 665 666
708 2 2 6 1 666 627 626
709 2 2 6 1 627 666 628
710 2 2 6 1 628 666 667
711 2 2 6 1 628 667 668
712 2 2 6 1 668 629 628
713 2 2 6 1 629 668 630
714 2 2 6 1 630 668 669
715 2 2 6 1 630 669 670
716 2 2 6 1 670 631 630
717 2 2 6 1 631 670 632
718 2 2 6 1 632 670 671
719 2 2 6 1 632 671 117
720 2 2 6 1 117 118 632
721 2 2 6 1 17 18 672
722 2 2 6 1 672 633 17
723 2 2 6 1 633 672 634
724 2 2 6 1 634 672 673
725 2 2 6 1 634 673 674
726 2 2 6 1 674 635 634
727 2 2 6 1 635 674 636
728 2 2 6 1 636 674 675
729 2 2 6 1 636 675 676
730 2 2 6 1 676 637 636
731 2 2 6 1 637 676 638
732 2 2 6 1 638 676 677
733 2 2 6 1 638 677 678
734 2 2 6 1 678 639 638
735 2 2 6 1 639 678 640
736 2 2 6 1 640 678 679
737 2 2 6 1 640 679 680
738 2 2 6 1 680 641 640
739 2 2 6 1 641 680 642
740 2 2 6 1 642 680 681
741 2 2 6 1 642 681 682
742 2 2 6 1 682 643 642
743 2 2 6 1 643 682 644
744 2 2 6 1 644 682 683
745 2 2 6 1 644 683 684
746 2 2 6 1 684 645 644
747 2 2 6 1 645 684 646
748 2 2 6 1 646 684 685
749 2 2 6 1 646 685 686
750 2 2 6 1 686 647 646
751 2 2 6 1 647 686 648
752 2 2 6 1 648 686 687
753 2 2 6 1 648 687 688
754 2 2 6 1 688 649 648
755 2 2 6 1 649 688 650
756 2 2 6 1 650 688 689
757 2 2 6 1 650 689 690
758 2 2 6 1 690 651 650
759 2 2 6 1 651 690 652
760 2 2 6 1 652 690 691
761 2 2 6 1 652 691 692
762 2 2 6 1 692 653 652
763 2 2 6 1 653 692 654
764 2 2 6 1 654 692 693
765 2 2 6 1 654 693 694
766 2 2 6 1 694 655 654
767 2 2 6 1 655 694 656
768 2 2 6 1 656 694 695
769 2 2 6 1 656 695 696
770 2 2 6 1 696 657 656
771 2 2 6 1 657 696 658
772 2 2 6 1 658 696 697
773 2 2 6 1 658 697 698
774 2 2 6 1 698 659 658
775 2 2 6 1 659 698 660
776 2 2 6 1 660 698 699
777 2 2 6 1 660 699 700
778 2 2 6 1 700 661 660
779 2 2 6 1 661 700 662
780 2 2 6 1 662 700 701
781 2 2 6 1 662 701 702
782 2 2 6 1 702 663 662
783 2 2 6 1 663 702 664
784 2 2 6 1 664 702 703
785 2 2 6 1 664 703 704
786 2 2 6 1 704 665 664
787 2 2 6 1 665 704 666
788 2 2 6 1 666 704 705
789 2 2 6 1 666 705 706
790 2 2 6 1 706 667 666
791 2 2 6 1 667 706 668
792 2 2 6 1 668 706 707
793 2 2 6 1 668 707 708
794 2 2 6 1 708 669 668
795 2 2 6 1 669 708 670
796 2 2 6 1 670 708 709
797 2 2 6 1 670 709 710
798 2 2 6 1 710 671 670
799 2 2 6 1 671 710 117
800 2 2 6 1 117 710 116
801 2 2 6 1 18 19 672
802 2 2 6 1 672 19 711
803 2 2 6 1 672 711 712
804 2 2 6 1 712 673 672
805 2 2 6 1 673 712 674
806 2 2 6 1 674 712 713
807 2 2 6 1 674 713 714
808 2 2 6 1 714 675 674
809 2 2 6 1 675 714 676
810 2 2 6 1 676 714 715
811 2 2 6 1 676 715 716
812 2 2 6 1 716 677 676
813 2 2 6 1 677 716 678
814 2 2 6 1 678 716 717
815 2 2 6 1 678 717 718
816 2 2 6 1 718 679 678
817 2 2 6 1 679 718 680
818 2 2 6 1 680 718 719
819 2 2 6 1 680 719 720
820 2 2 6 1 720 681 680
821 2 2 6 1 681 720 682
822 2 2 6 1 682 720 721
823 2 2 6 1 682 721 722
824 2 2 6 1 722 683 682
825 2 2 6 1 683 722 684
826 2 2 6 1 684 722 723
827 2 2 6 1 684 723 724
828 2 2 6 1 724 685 684
829 2 2 6 1 685 724 686
830 2 2 6 1 686 724 725
831 2 2 6 1 686 725 726
832 2 2 6 1 726 687 686
833 2 2 6 1 687 726 688
834 2 2 6 1 688 726 727
835 2 2 6 1 688 727 728
836 2 2 6 1 728 689 688
837 2 2 6 1 689 728 690
838 2 2 6 1 690 728 729
839 2 2 6 1 690 729 730
840 2 2 6 1 730 691 690
841 2 2 6 1 691 730 692
842 2 2 6 1 692 730 731
843 2 2 6 1 692 731 732
844 2 2 6 1 732 693 692
845 2 2 6 1 693 732 694
846 2 2 6 1 694 732 733
847 2 2 6 1 694 733 734
848 2 2 6 1 734 695 694
849 2 2 6 1 695 734 696
850 2 2 6 1 696 734 735
851 2 2 6 1 696 735 736
852 2 2 6 1 736 697 696
853 2 2 6 1 697 736 698
854 2 2 6 1 698 736 737
855 2 2 6 1 698 737 738
856 2 2 6 1 738 699 698
857 2 2 6 1 699 738 700
858 2 2 6 1 700 738 739
859 2 2 6 1 700 739 740
860 2 2 6 1 740 701 700
861 2 2 6 1 701 740 702
862 2 2 6 1 702 740 741
863 2 2 6 1 702 741 742
864 2 2 6 1 742 703 702
865 2 2 6 1 703 742 704
866 2 2 6 1 704 742 743
867 2 2 6 1 704 743 744
868 2 2 6 1 744 705 704
869 2 2 6 1 705 744 706
870 2 2 6 1 706 744 745
871 2 2 6 1 706 745 746
872 2 2 6 1 746 707 706
873 2 2 6 1 707 746 708
874 2 2 6 1 708 746 747
875 2 2 6 1 708 747 748
876 2 2 6 1 748 709 708
877 2 2 6 1 709 748 710
878 2 2 6 1 710 748 749
879 2 2 6 1 710 749 115
880 2 2 6 1 115 116 710
881 2 2 6 1 19 20 750
882 2 2 6 1 750 711 19
883 2 2 6 1 711 750 712
884 2 2 6 1 712 750 751
885 2 2 6 1 712 751 752
886 2 2 6 1 752 713 712
887 2 2 6 1 713 752 714
888 2 2 6 1 714 752 753
889 2 2 6 1 714 753 754
890 2 2 6 1 754 715 714
891 2 2 6 1 715 754 716
892 2 2 6 1 716 754 755
893 2 2 6 1 716 755 756
894 2 2 6 1 756 717 716
895 2 2 6 1 717 756 718
896 2 2 6 1 718 756 757
897 2 2 6 1 718 757 758
898 2 2 6 1 758 719 718
899 2 2 6 1 719 758 720
900 2 2 6 1 720 758 759
901 2 2 6 1 720 759 760
902 2 2 6 1 760 721 720
903 2 2 6 1 721 760 722
904 2 2 6 1 722 760 761
905 2 2 6 1 722 761 762
906 2 2 6 1 762 723 722
907 2 2 6 1 723 762 724
908 2 2 6 1 724 762 763
909 2 2 6 1 724 763 764
910 2 2 6 1 764 725 724
911 2 2 6 1 725 764 726
912 2 2 6 1 726 764 765
913 2 2 6 1 726 765 766
914 2 2 6 1 766 727 726
915 2 2 6 1 727 766 728
916 2 2 6 1 728 766 767
917 2 2 6 1 728 767 768
918 2 2 6 1 768 729 728
919 2 2 6 1 729 768 730
920 2 2 6 1 730 768 769
921 2 2 6 1 730 769 770
922 2 2 6 1 770 731 730
923 2 2 6 1 731 770 732
924 2 2 6 1 732 770 771
925 2 2 6 1 732 771 772
926 2 2 6 1 772 733 732
927 2 2 6 1 733 772 734
928 2 2 6 1 734 772 773
929 2 2 6 1 734 773 774
930 2 2 6 1 774 735 734
931 2 2 6 1 735 774 736
932 2 2 6 1 736 774 775
933 2 2 6 1 736 775 776
934 2 2 6 1 776 737 736
935 2 2 6 1 737 776 738
936 2 2 6 1 738 776 777
937 2 2 6 1 738 777 778
938 2 2 6 1 778 739 738
939 2 2 6 1 739 778 740
940 2 2 6 1 740 778 779
941 2 2 6 1 740 779 780
942 2 2 6 1 780 741 740
943 2 2 6 1 741 780 742
944 2 2 6 1 742 780 781
945 2 2 6 1 742 781 782
946 2 2 6 1 782 743 742
947 2 2 6 1 743 782 744
948 2 2 6 1 744 782 783
949 2 2 6 1 744 783 784
950 2 2 6 1 784 745 744
951 2 2 6 1 745 784 746
952 2 2 6 1 746 784 785
953 2 2 6 1 746 785 786
954 2 2 6 1 786 747 746
955 2 2 6 1 747 786 748
956 2 2 6 1 748 786 787
957 2 2 6 1 748 787 788
958 2 2 6 1 788 749 748
959 2 2 6 1 749 788 115
960 2 2 6 1 115 788 114
961 2 2 6 1 20 21 750
962 2 2 6 1 750 21 789
963 2 2 6 1 750 789 790
964 2 2 6 1 790 751 750
965 2 2 6 1 751 790 752
966 2 2 6 1 752 790 791
967 2 2 6 1 752 791 792
968 2 2 6 1 792 753 752
969 2 2 6 1 753 792 754
970 2 2 6 1 754 792 793
971 2 2 6 1 754 793 794
972 2 2 6 1 794 755 754
973 2 2 6 1 755 794 756
974 2 2 6 1 756 794 795
975 2 2 6 1 756 795 796
976 2 2 6 1 796 757 756
977 2 2 6 1 757 796 758
978 2 2 6 1 758 796 797
979 2 2 6 1 758 797 798
980 2 2 6 1 798 759 758
981 2 2 6 1 759 798 760
982 2 2 6 1 760 798 799
983 2 2 6 1 760 799 800
984 2 2 6 1 800 761 760
985 2 2 6 1 761 800 762
986 2 2 6 1 762 800 801
987 2 2 6 1 762 801 802
988 2 2 6 1 802 763 762
989 2 2 6 1 763 802 764
990 2 2 6 1 764 802 803
991 2 2 6 1 764 803 804
992 2 2 6 1 804 765 764
993 2 2 6 1 765 804 766
994 2 2 6 1 766 804 805
995 2 2 6 1 766 805 806
996 2 2 6 1 806 767 766
997 2 2 6 1 767 806 768
998 2 2 6 1 768 806 807
999 2 2 6 1 768 807 808
1000 2 2 6 1 808 769 768
1001 2 2 6 1 769 808 770
1002 2 2 6 1 770 808 809
1003 2 2 6 1 770 809 810
1004 2 2 6 1 810 771 770
1005 2 2 6 1 771 810 772
1006 2 2 6 1 772 810 811
1007 2 2 6 1 772 811 812
1008 2 2 6 1 812 773 772
1009 2 2 6 1 773 812 774
1010 2 2 6 1 774 812 813
1011 2 2 6 1 774 813 814
1012 2 2 6 1 814 775 774
1013 2 2 6 1 775 814 776
1014 2 2 6 1 776 814 815
1015 2 2 6 1 776 815 816
1016 2 2 6 1 816 777 776
1017 2 2 6 1 777 816 778
1018 2 2 6 1 778 816 817
1019 2 2 6 1 778 817 818
1020 2 2 6 1 818 779 778
1021 2 2 6 1 779 818 780
1022 2 2 6 1 780 818 819
1023 2 2 6 1 780 819 820
1024 2 2 6 1 820 781 780
1025 2 2 6 1 781 820 782
1026 2 2 6 1 782 820 821
1027 2 2 6 1 782 821 822
1028 2 2 6 1 822 783 782
1029 2 2 6 1 783 822 784
1030 2 2 6 1 784 822 823
1031 2 2 6 1 784 823 824
1032 2 2 6 1 824 785 784
1033 2 2 6 1 785 824 786
1034 2 2 6 1 786 824 825
1035 2 2 6 1 786 825 826
1036 2 2 6 1 826 787 786
1037 2 2 6 1 787 826 788
1038 2 2 6 1 788 826 827
1039 2 2 6 1 788 827 113
1040 2 2 6 1 113 114 788
1041 2 2 6 1 21 22 828
1042 2 2 6 1 828 789 21
1043 2 2 6 1 789 828 790
1044 2 2 6 1 790 828 829
1045 2 2 6 1 790 829 830
1046 2 2 6 1 830 791 790
1047 2 2 6 1 791 830 792
1048 2 2 6 1 792 830 831
1049 2 2 6 1 792 831 832
1050 2 2 6 1 832 793 792
1051 2 2 6 1 793 832 794
1052 2 2 6 1 794 832 833
1053 2 2 6 1 794 833 834
1054 2 2 6 1 834 795 794
1055 2 2 6 1 795 834 796
1056 2 2 6 1 796 834 835
1057 2 2 6 1 796 835 836
1058 2 2 6 1 836 797 796
1059 2 2 6 1 797 836 798
1060 2 2 6 1 798 836 837
1061 2 2 6 1 798 837 838
1062 2 2 6 1 838 799 798
1063 2 2 6 1 799 838 800
1064 2 2 6 1 800 838 839
1065 2 2 6 1 800 839 840
1066 2 2 6 1 840 801 800
1067 2 2 6 1 801 840 802
1068 2 2 6 1 802 840 841
1069 2 2 6 1 802 841 842
1070 2 2 6 1 842 803 802
1071 2 2 6 1 803 842 804
1072 2 2 6 1 804 842 843
1073 2 2 6 1 804 843 844
1074 2 2 6 1 844 805 804
1075 2 2 6 1 805 844 806
1076 2 2 6 1 806 844 845
1077 2 2 6 1 806 845 846
1078 2 2 6 1 846 807 806
1079 2 2 6 1 807 846 808
1080 2 2 6 1 808 846 847
1081 2 2 6 1 808 847 848
1082 2 2 6 1 848 809 808
1083 2 2 6 1 809 848 810
1084 2 2 6 1 810 848 849
1085 2 2 6 1 810 849 850
1086 2 2 6 1 850 811 810
1087 2 2 6 1 811 850 812
1088 2 2 6 1 812 850 851
1089 2 2 6 1 812 851 852
1090 2 2 6 1 852 813 812
1091 2 2 6 1 813 852 814
1092 2 2 6 1 814 852 853
1093 2 2 6 1 814 853 854
1094 2 2 6 1 854 815 814
1095 2 2 6 1 815 854 816
1096 2 2 6 1 816 854 855
1097 2 2 6 1 816 855 856
1098 2 2 6 1 856 817 816
1099 2 2 6 1 817 856 818
1100 2 2 6 1 818 856 857
1101 2 2 6 1 818 857 858
1102 2 2 6 1 858 819 818
1103 2 2 6 1 819 858 820
1104 2 2 6 1 820 858 859
1105 2 2 6 1 820 859 860
1106 2 2 6 1 860 821 820
1107 2 2 6 1 821 860 822
1108 2 2 6 1 822 860 861
1109 2 2 6 1 822 861 862
1110 2 2 6 1 862 823 822
1111 2 2 6 1 823 862 824
1112 2 2 6 1 824 862 863
1113 2 2 6 1 824 863 864
1114 2 2 6 1 864 825 824
1115 2 2 6 1 825 864 826
1116 2 2 6 1 826 864 865
1117 2 2 6 1 826 865 866
1118 2 2 6 1 866 827 826
1119 2 2 6 1 827 866 113
1120 2 2 6 1 113 866 112
1121 2 2 6 1 22 23 828
1122 2 2 6 1 828 23 867
1123 2 2 6 1 828 867 868
1124 2 2 6 1 868 829 828
1125 2 2 6 1 829 868 830
1126 2 2 6 1 830 868 869
1127 2 2 6 1 830 869 870
1128 2 2 6 1 870 831 830
1129 2 2 6 1 831 870 832
1130 2 2 6 1 832 870 871
1131 2 2 6 1 832 871 872
1132 2 2 6 1 872 833 832
1133 2 2 6 1 833 872 834
1134 2 2 6 1 834 872 873
1135 2 2 6 1 834 873 874
1136 2 2 6 1 874 835 834
1137 2 2 6 1 835 874 836
1138 2 2 6 1 836 874 875
1139 2 2 6 1 836 875 876
1140 2 2 6 1 876 837 836
1141 2 2 6 1 837 876 838
1142 2 2 6 1 838 876 877
1143 2 2 6 1 838 877 878
1144 2 2 6 1 878 839 838
1145 2 2 6 1 839 878 840
1146 2 2 6 1 840 878 879
1147 2 2 6 1 840 879 880
1148 2 2 6 1 880 841 840
1149 2 2 6 1 841 880 842
1150 2 2 6 1 842 880 881
1151 2 2 6 1 842 881 882
1152 2 2 6 1 882 843 842
1153 2 2 6 1 843 882 844
1154 2 2 6 1 844 882 883
1155 2 2 6 1 844 883 884
1156 2 2 6 1 884 845 844
1157 2 2 6 1 845 884 846
1158 2 2 6 1 846 884 885
1159 2 2 6 1 846 885 886
1160 2 2 6 1 886 847 846
1161 2 2 6 1 847 886 848
1162 2 2 6 1 848 886 887
1163 2 2 6 1 848 887 888
1164 2 2 6 1 888 849 848
1165 2 2 6 1 849 888 850
1166 2 2 6 1 850 888 889
1167 2 2 6 1 850 889 890
1168 2 2 6 1 890 851 850
1169 2 2 6 1 851 890 852
1170 2 2 6 1 852 890 891
1171 2 2 6 1 852 891 892
1172 2 2 6 1 892 853 852
1173 2 2 6 1 853 892 854
1174 2 2 6 1 854 892 893
1175 2 2 6 1 854 893 894
1176 2 2 6 1 894 855 854
1177 2 2 6 1 855 894 856
1178 2 2 6 1 856 894 895
1179 2 2 6 1 856 895 896
1180 2 2 6 1 896 857 856
1181 2 2 6 1 857 896 858
1182 2 2 6 1 858 896 897
1183 2 2 6 1 858 897 898
1184 2 2 6 1 898 859 858
1185 2 2 6 1 859 898 860
1186 2 2 6 1 860 898 899
1187 2 2 6 1 860 899 900
1188 2 2 6 1 900 861 860
1189 2 2 6 1 861 900 862
1190 2 2 6 1 862 900 901
1191 2 2 6 1 862 901 902
1192 2 2 6 1 902 863 862
1193 2 2 6 1 863 902 864
1194 2 2 6 1 864 902 903
1195 2 2 6 1 864 903 904
1196 2 2 6 1 904 865 864
1197 2 2 6 1 865 904 866
1198 2 2 6 1 866 904 905
1199 2 2 6 1 866 905 111
1200 2 2 6 1 111 112 866
1201 2 2 6 1 23 24 906
1202 2 2 6 1 906 867 23
1203 2 2 6 1 867 906 868
1204 2 2 6 1 868 906 907
1205 2 2 6 1 868 907 908
1206 2 2 6 1 908 869 868
1207 2 2 6 1 869 908 870
1208 2 2 6 1 870 908 909
1209 2 2 6 1 870 909 910
1210 2 2 6 1 910 871 870
1211 2 2 6 1 871 910 872
1212 2 2 6 1 872 910 911
1213 2 2 6 1 872 911 912
1214 2 2 6 1 912 873 872
1215 2 2 6 1 873 912 874
1216 2 2 6 1 874 912 913
1217 2 2 6 1 874 913 914
1218 2 2 6 1 914 875 874
1219 2 2 6 1 875 914 876
1220 2 2 6 1 876 914 915
1221 2 2 6 1 876 915 916
1222 2 2 6 1 916 877 876
1223 2 2 6 1 877 916 878
1224 2 2 6 1 878 916 917
1225 2 2 6 1 878 917 918
1226 2 2 6 1 918 879 878
1227 2 2 6 1 879 918 880
1228 2 2 6 1 880 918 919
1229 2 2 6 1 880 919 920
1230 2 2 6 1 920 881 880
1231 2 2 6 1 881 920 882
1232 2 2 6 1 882 920 921
1233 2 2 6 1 882 921 922
1234 2 2 6 1 922 883 882
1235 2 2 6 1 883 922 884
1236 2 2 6 1 884 922 923
1237 2 2 6 1 884 923 924
1238 2 2 6 1 924 885 884
1239 2 2 6 1 885 924 886
1240 2 2 6 1 886 924 925
1241 2 2 6 1 886 925 926
1242 2 2 6 1 926 887 886
1243 2 2 6 1 887 926 888
1244 2 2 6 1 888 926 927
1245 2 2 6 1 888 927 928
1246 2 2 6 1 928 889 888
1247 2 2 6 1 889 928 890
1248 2 2 6 1 890 928 929
1249 2 2 6 1 890 929 930
1250 2 2 6 1 930 891 890
1251 2 2 6 1 891 930 892
1252 2 2 6 1 892 930 931
1253 2 2 6 1 892 931 932
1254 2 2 6 1 932 893 892
1255 2 2 6 1 893 932 894
1256 2 2 6 1 894 932 933
1257 2 2 6 1 894 933 934
1258 2 2 6 1 934 895 894
1259 2 2 6 1 895 934 896
1260 2 2 6 1 896 934 935
1261 2 2 6 1 896 935 936
1262 2 2 6 1 936 897 896
1263 2 2 6 1 897 936 898
1264 2 2 6 1 898 936 937
1265 2 2 6 1 898 937 938
1266 2 2 6 1 938 899 898
1267 2 2 6 1 899 938 900
1268 2 2 6 1 900 938 939
1269 2 2 6 1 900 939 940
1270 2 2 6 1 940 901 900
1271 2 2 6 1 901 940 902
1272 2 2 6 1 902 940 941
1273 2 2 6 1 902 941 942
1274 2 2 6 1 942 903 902
1275 2 2 6 1 903 942 904
1276 2 2 6 1 904 942 943
1277 2 2 6 1 904 943 944
1278 2 2 6 1 944 905 904
1279 2 2 6 1 905 944 111
1280 2 2 6 1 111 944 110
1281 2 2 6 1 24 25 906
1282 2 2 6 1 906 25 945
1283 2 2 6 1 906 945 946
1284 2 2 6 1 946 907 906
1285 2 2 6 1 907 946 908
1286 2 2 6 1 908 946 947
1287 2 2 6 1 908 947 948
1288 2 2 6 1 948 909 908
1289 2 2 6 1 909 948 910
1290 2 2 6 1 910 948 949
1291 2 2 6 1 910 949 950
1292 2 2 6 1 950 911 910
1293 2 2 6 1 911 950 912
1294 2 2 6 1 912 950 951
1295 2 2 6 1 912 951 952
1296 2 2 6 1 952 913 912
1297 2 2 6 1 913 952 914
1298 2 2 6 1 914 952 953
1299 2 2 6 1 914 953 954
1300 2 2 6 1 954 915 914
1301 2 2 6 1 915 954 916
1302 2 2 6 1 916 954 955
1303 2 2 6 1 916 955 956
1304 2 2 6 1 956 917 916
1305 2 2 6 1 917 956 918
1306 2 2 6 1 918 956 957
1307 2 2 6 1 918 957 958
1308 2 2 6 1 958 919 918
1309 2 2 6 1 919 958 920
1310 2 2 6 1 920 958 959
1311 2 2 6 1 920 959 960
1312 2 2 6 1 960 921 920
1313 2 2 6 1 921 960 922
1314 2 2 6 1 922 960 961
1315 2 2 6 1 922 961 962
1316 2 2 6 1 962 923 922
1317 2 2 6 1 923 962 924
1318 2 2 6 1 924 962 963
1319 2 2 6 1 924 963 964
1320 2 2 6 1 964 925 924
1321 2 2 6 1 925 964 926
1322 2 2 6 1 926 964 965
1323 2 2 6 1 926 965 966
1324 2 2 6 1 966 927 926
1325 2 2 6 1 927 966 928
1326 2 2 6 1 928 966 967
1327 2 2 6 1 928 967 968
1328 2 2 6 1 968 929 928
1329 2 2 6 1 929 968 930
1330 2 2 6 1 930 968 969
1331 2 2 6 1 930 969 970
1332 2 2 6 1 970 931 930
1333 2 2 6 1 931 970 932
1334 2 2 6 1 932 970 971
1335 2 2 6 1 932 971 972
1336 2 2 6 1 972 933 932
1337 2 2 6 1 933 972 934
1338 2 2 6 1 934 972 973
1339 2 2 6 1 934 973 974
1340 2 2 6 1 974 935 934
1341 2 2 6 1 935 974 936
1342 2 2 6 1 936 974 975
1343 2 2 6 1 936 975 976
1344 2 2 6 1 976 937 936
1345 2 2 6 1 937 976 938
1346 2 2 6 1 938 976 977
1347 2 2 6 1 938 977 978
1348 2 2 6 1 978 939 938
1349 2 2 6 1 939 978 940
1350 2 2 6 1 940 978 979
1351 2 2 6 1 940 979 980
1352 2 2 6 1 980 941 940
1353 2 2 6 1 941 980 942
1354 2 2 6 1 942 980 981
1355 2 2 6 1 942 981 982
1356 2 2 6 1 982 943 942
1357 2 2 6 1 943 982 944
1358 2 2 6 1 944 982 983
1359 2 2 6 1 944 983 109
1360 2 2 6 1 109 110 944
1361 2 2 6 1 25 26 984
1362 2 2 6 1 984 945 25
1363 2 2 6 1 945 984 946
1364 2 2 6 1 946 984 985
1365 2 2 6 1 946 985 986
1366 2 2 6 1 986 947 946
1367 2 2 6 1 947 986 948
1368 2 2 6 1 948 986 987
1369 2 2 6 1 948 987 988
1370 2 2 6 1 988 949 948
1371 2 2 6 1 949 988 950
1372 2 2 6 1 950 988 989
1373 2 2 6 1 950 989 990
1374 2 2 6 1 990 951 950
1375 2 2 6 1 951 990 952
1376 2 2 6 1 952 990 991
1377 2 2 6 1 952 991 992
1378 2 2 6 1 992 953 952
1379 2 2 6 1 953 992 954
1380 2 2 6 1 954 992 993
1381 2 2 6 1 954 993 994
1382 2 2 6 1 994 955 954
1383 2 2 6 1 955 994 956
1384 2 2 6 1 956 994 995
1385 2 2 6 1 956 995 996
1386 2 2 6 1 996 957 956
1387 2 2 6 1 957 996 958
1388 2 2 6 1 958 996 997
1389 2 2 6 1 958 997 998
1390 2 2 6 1 998 959 958
1391 2 2 6 1 959 998 960
1392 2 2 6 1 960 998 999
1393 2 2 6 1 960 999 1000
1394 2 2 6 1 1000 961 960
1395 2 2 6 1 961 1000 962
1396 2 2 6 1 962 1000 1001
1397 2 2 6 1 962 1001 1002
1398 2 2 6 1 1002 963 962
1399 2 2 6 1 963 1002 964
1400 2 2 6 1 964 1002 1003
1401 2 2 6 1 964 1003 1004
1402 2 2 6 1 1004 965 964
1403 2 2 6 1 965 1004 966
1404 2 2 6 1 966 1004 1005
1405 2 2 6 1 966 1005 1006
1406 2 2 6 1 1006 967 966
1407 2 2 6 1 967 1006 968
1408 2 2 6 1 968 1006 1007
1409 2 2 6 1 968 1007 1008
1410 2 2 6 1 1008 969 968
1411 2 2 6 1 969 1008 970
1412 2 2 6 1 970 1008 1009
1413 2 2 6 1 970 1009 1010
1414 2 2 6 1 1010 971 970
1415 2 2 6 1 971 1010 972
1416 2 2 6 1 972 1010 1011
1417 2 2 6 1 972 1011 1012
1418 2 2 6 1 1012 973 972
1419 2 2 6 1 973 1012 974
1420 2 2 6 1 974 1012 1013
1421 2 2 6 1 974 1013 1014
1422 2 2 6 1 1014 975 974
1423 2 2 6 1 975 1014 976
1424 2 2 6 1 976 1014 1015
1425 2 2 6 1 976 1015 1016
1426 2 2 6 1 1016 977 976
1427 2 2 6 1 977 1016 978
1428 2 2 6 1 978 1016 1017
1429 2 2 6 1 978 1017 1018
1430 2 2 6 1 1018 979 978
1431 2 2 6 1 979 1018 980
1432 2 2 6 1 980 1018 1019
1433 2 2 6 1 980 1019 1020
1434 2 2 6 1 1020 981 980
1435 2 2 6 1 981 1020 982
1436 2 2 6 1 982 1020 1021
1437 2 2 6 1 982 1021 1022
1438 2 2 6 1 1022 983 982
1439 2 2 6 1 983 1022 109
1440 2 2 6 1 109 1022 108
1441 2 2 6 1 26 27 984
1442 2 2 6 1 984 27 1023
1443 2 2 6 1 984 1023 1024
1444 2 2 6 1 1024 985 984
1445 2 2 6 1 985 1024 986
1446 2 2 6 1 986 1024 1025
1447 2 2 6 1 986 1025 1026
1448 2 2 6 1 1026 987 986
1449 2 2 6 1 987 1026 988
1450 2 2 6 1 988 1026 1027
1451 2 2 6 1 988 1027 1028
1452 2 2 6 1 1028 989 988
1453 2 2 6 1 989 1028 990
1454 2 2 6 1 990 1028 1029
1455 2 2 6 1 990 1029 1030
1456 2 2 6 1 1030 991 990
1457 2 2 6 1 991 1030 992
1458 2 2 6 1 992 1030 1031
1459 2 2 6 1 992 1031 1032
1460 2 2 6 1 1032 993 992
1461 2 2 6 1 993 1032 994
1462 2 2 6 1 994 1032 1033
1463 2 2 6 1 994 1033 1034
1464 2 2 6 1 1034 995 994
1465 2 2 6 1 995 1034 996
1466 2 2 6 1 996 1034 1035
1467 2 2 6 1 996 1035 1036
1468 2 2 6 1 1036 997 996
1469 2 2 6 1 997 1036 998
1470 2 2 6 1 998 1036 1037
1471 2 2 6 1 998 1037 1038
1472 2 2 6 1 1038 999 998
1473 2 2 6 1 999 1038 1000
1474 2 2 6 1 1000 1038 1039
1475 2 2 6 1 1000 1039 1040
1476 2 2 6 1 1040 1001 1000
1477 2 2 6 1 1001 1040 1002
1478 2 2 6 1 1002 1040 1041
1479 2 2 6 1 1002 1041 1042
1480 2 2 6 1 1042 1003 1002
1481 2 2 6 1 1003 1042 1004
1482 2 2 6 1 1004 1042 1043
1483 2 2 6 1 1004 1043 1044
1484 2 2 6 1 1044 1005 1004
1485 2 2 6 1 1005 1044 1006
1486 2 2 6 1 1006 1044 1045
1487 2 2 6 1 1006 1045 1046
1488 2 2 6 1 1046 1007 1006
1489 2 2 6 1 1007 1046 1008
1490 2 2 6 1 1008 1046 1047
1491 2 2 6 1 1008 1047 1048
1492 2 2 6 1 1048 1009 1008
1493 2 2 6 1 1009 1048 1010
1494 2 2 6 1 1010 1048 1049
1495 2 2 6 1 1010 1049 1050
1496 2 2 6 1 1050 1011 1010
1497 2 2 6 1 1011 1050 1012
1498 2 2 6 1 1012 1050 1051
1499 2 2 6 1 1012 1051 1052
1500 2 2 6 1 1052 1013 1012
1501 2 2 6 1 1013 1052 1014
1502 2 2 6 1 1014 1052 1053
1503 2 2 6 1 1014 1053 1054
1504 2 2 6 1 1054 1015 1014
1505 2 2 6 1 1015 1054 1016
1506 2 2 6 1 1016 1054 1055
1507 2 2 6 1 1016 1055 1056
1508 2 2 6 1 1056 1017 1016
1509 2 2 6 1 1017 1056 1018
1510 2 2 6 1 1018 1056 1057
1511 2 2 6 1 1018 1057 1058
1512 2 2 6 1 1058 1019 1018
1513 2 2 6 1 1019 1058 1020
1514 2 2 6 1 1020 1058 1059
1515 2 2 6 1 1020 1059 1060
1516 2 2 6 1 1060 1021 1020
1517 2 2 6 1 1021 1060 1022
1518 2 2 6 1 1022 1060 1061
1519 2 2 6 1 1022 1061 107
1520 2 2 6 1 107 108 1022
1521 2 2 6 1 27 28 1062
1522 2 2 6 1 1062 1023 27
1523 2 2 6 1 1023 1062 1024
1524 2 2 6 1 1024 1062 1063
1525 2 2 6 1 1024 1063 1064
1526 2 2 6 1 1064 1025 1024
1527 2 2 6 1 1025 1064 1026
1528 2 2 6 1 1026 1064 1065
1529 2 2 6 1 1026 1065 1066
1530 2 2 6 1 1066 1027 1026
1531 2 2 6 1 1027 1066 1028
1532 2 2 6 1 1028 1066 1067
1533 2 2 6 1 1028 1067 1068
1534 2 2 6 1 1068 1029 1028
1535 2 2 6 1 1029 1068 1030
1536 2 2 6 1 1030 1068 1069
1537 2 2 6 1 1030 1069 1070
1538 2 2 6 1 1070 1031 1030
1539 2 2 6 1 1031 1070 1032
1540 2 2 6 1 1032 1070 1071
1541 2 2 6 1 1032 1071 1072
1542 2 2 6 1 1072 1033 1032
1543 2 2 6 1 1033 1072 1034
1544 2 2 6 1 1034 1072 1073
1545 2 2 6 1 1034 1073 1074
1546 2 2 6 1 1074 1035 1034
1547 2 2 6 1 1035 1074 1036
1548 2 2 6 1 1036 1074 1075
1549 2 2 6 1 1036 1075 1076
1550 2 2 6 1 1076 1037 1036
1551 2 2 6 1 1037 1076 1038
1552 2 2 6 1 1038 1076 1077
1553 2 2 6 1 1038 1077 1078
1554 2 2 6 1 1078 1039 1038
1555 2 2 6 1 1039 1078 1040
1556 2 2 6 1 1040 1078 1079
1557 2 2 6 1 1040 1079 1080
1558 2 2 6 1 1080 1041 1040
1559 2 2 6 1 1041 1080 1042
1560 2 2 6 1 1042 1080 1081
1561 2 2 6 1 1042 1081 1082
1562 2 2 6 1 1082 1043 1042
1563 2 2 6 1 1043 1082 1044
1564 2 2 6 1 1044 1082 1083
1565 2 2 6 1 1044 1083 1084
1566 2 2 6 1 1084 1045 1044
1567 2 2 6 1 1045 1084 1046
1568 2 2 6 1 1046 1084 1085
1569 2 2 6 1 1046 1085 1086
1570 2 2 6 1 1086 1047 1046
1571 2 2 6 1 1047 1086 1048
1572 2 2 6 1 1048 1086 1087
1573 2 2 6 1 1048 1087 1088
1574 2 2 6 1 1088 1049 1048
1575 2 2 6 1 1049 1088 1050
1576 2 2 6 1 1050 1088 1089
1577 2 2 6 1 1050 1089 1090
1578 2 2 6 1 1090 1051 1050
1579 2 2 6 1 1051 1090 1052
1580 2 2 6 1 1052 1090 1091
1581 2 2 6 1 1052 1091 1092
1582 2 2 6 1 1092 1053 1052
1583 2 2 6 1 1053 1092 1054
1584 2 2 6 1 1054 1092 1093
1585 2 2 6 1 1054 1093 1094
1586 2 2 6 1 1094 1055 1054
1587 2 2 6 1 1055 1094 1056
1588 2 2 6 1 1056 1094 1095
1589 2 2 6 1 1056 1095 1096
1590 2 2 6 1 1096 1057 1056
1591 2 2 6 1 1057 1096 1058
1592 2 2 6 1 1058 1096 1097
1593 2 2 6 1 1058 1097 1098
1594 2 2 6 1 1098 1059 1058
1595 2 2 6 1 1059 1098 1060
1596 2 2 6 1 1060 1098 1099
1597 2 2 6 1 1060 1099 1100
1598 2 2 6 1 1100 1061 1060
1599 2 2 6 1 1061 1100 107
1600 2 2 6 1 107 1100 106
1601 2 2 6 1 28 29 1062
1602 2 2 6 1 1062 29 1101
1603 2 2 6 1 1062 1101 1102
1604 2 2 6 1 1102 1063 1062
1605 2 2 6 1 1063 1102 1064
1606 2 2 6 1 1064 1102 1103
1607 2 2 6 1 1064 1103 1104
1608 2 2 6 1 1104 1065 1064
1609 2 2 6 1 1065 1104 1066
1610 2 2 6 1 1066 1104 1105
1611 2 2 6 1 1066 1105 1106
1612 2 2 6 1 1106 1067 1066
1613 2 2 6 1 1067 1106 1068
1614 2 2 6 1 1068 1106 1107
1615 2 2 6 1 1068 1107 1108
1616 2 2 6 1 1108 1069 1068
1617 2 2 6 1 1069 1108 1070
1618 2 2 6 1 1070 1108 1109
1619 2 2 6 1 1070 1109 1110
1620 2 2 6 1 1110 1071 1070
1621 2 2 6 1 1071 1110 1072
1622 2 2 6 1 1072 1110 1111
1623 2 2 6 1 1072 1111 1112
1624 2 2 6 1 1112 1073 1072
1625 2 2 6 1 1073 1112 1074
1626 2 2 6 1 1074 1112 1113
1627 2 2 6 1 1074 1113 1114
1628 2 2 6 1 1114 1075 1074
1629 2 2 6 1 1075 1114 1076
1630 2 2 6 1 1076 1114 1115
1631 2 2 6 1 1076 1115 1116
1632 2 2 6 1 1116 1077 1076
1633 2 2 6 1 1077 1116 1078
1634 2 2 6 1 1078 1116 1117
1635 2 2 6 1 1078 1117 1118
1636 2 2 6 1 1118 1079 1078
1637 2 2 6 1 1079 1118 1080
1638 2 2 6 1 1080 1118 1119
1639 2 2 6 1 1080 1119 1120
1640 2 2 6 1 1120 1081 1080
1641 2 2 6 1 1081 1120 1082
1642 2 2 6 1 1082 1120 1121
1643 2 2 6 1 1082 1121 1122
1644 2 2 6 1 1122 1083 1082
1645 2 2 6 1 1083 1122 1084
1646 2 2 6 1 1084 1122 1123
1647 2 2 6 1 1084 1123 1124
1648 2 2 6 1 1124 1085 1084
1649 2 2 6 1 1085 1124 1086
1650 2 2 6 1 1086 1124 1125
1651 2 2 6 1 1086 1125 1126
1652 2 2 6 1 1126 1087 1086
1653 2 2 6 1 1087 1126 1088
1654 2 2 6 1 1088 1126 1127
1655 2 2 6 1 1088 1127 1128
1656 2 2 6 1 1128 1089 1088
1657 2 2 6 1 1089 1128 1090
1658 2 2 6 1 1090 1128 1129
1659 2 2 6 1 1090 1129 1130
1660 2 2 6 1 1130 1091 1090
1661 2 2 6 1 1091 1130 1092
1662 2 2 6 1 1092 1130 1131
1663 2 2 6 1 1092 1131 1132
1664 2 2 6 1 1132 1093 1092
1665 2 2 6 1 1093 1132 1094
1666 2 2 6 1 1094 1132 1133
1667 2 2 6 1 1094 1133 1134
1668 2 2 6 1 1134 1095 1094
1669 2 2 6 1 1095 1134 1096
1670 2 2 6 1 1096 1134 1135
1671 2 2 6 1 1096 1135 1136
1672 2 2 6 1 1136 1097 1096
1673 2 2 6 1 1097 1136 1098
1674 2 2 6 1 1098 1136 1137
1675 2 2 6 1 1098 1137 1138
1676 2 2 6 1 1138 1099 1098
1677 2 2 6 1 1099 1138 1100
1678 2 2 6 1 1100 1138 1139
1679 2 2 6 1 1100 1139 105
1680 2 2 6 1 105 106 1100
1681 2 2 6 1 29 30 1140
1682 2 2 6 1 1140 1101 29
1683 2 2 6 1 1101 1140 1102
1684 2 2 6 1 1102 1140 1141
1685 2 2 6 1 1102 1141 1142
1686 2 2 6 1 1142 1103 1102
1687 2 2 6 1 1103 1142 1104
1688 2 2 6 1 1104 1142 1143
1689 2 2 6 1 1104 1143 1144
1690 2 2 6 1 1144 1105 1104
1691 2 2 6 1 1105 1144 1106
1692 2 2 6 1 1106 1144 1145
1693 2 2 6 1 1106 1145 1146
1694 2 2 6 1 1146 1107 1106
1695 2 2 6 1 1107 1146 1108
1696 2 2 6 1 1108 1146 1147
1697 2 2 6 1 1108 1147 1148
1698 2 2 6 1 1148 1109 1108
1699 2 2 6 1 1109 1148 1110
1700 2 2 6 1 1110 1148 1149
1701 2 2 6 1 1110 1149 1150
1702 2 2 6 1 1150 1111 1110
1703 2 2 6 1 1111 1150 1112
1704 2 2 6 1 1112 1150 1151
1705 2 2 6 1 1112 1151 1152
1706 2 2 6 1 1152 1113 1112
1707 2 2 6 1 1113 1152 1114
1708 2 2 6 1 1114 1152 1153
1709 2 2 6 1 1114 1153 1154
1710 2 2 6 1 1154 1115 1114
1711 2 2 6 1 1115 1154 1116
1712 2 2 6 1 1116 1154 1155
1713 2 2 6 1 1116 1155 1156
1714 2 2 6 1 1156 1117 1116
1715 2 2 6 1 1117 1156 1118
1716 2 2 6 1 1118 1156 1157
1717 2 2 6 1 1118 1157 1158
1718 2 2 6 1 1158 1119 1118
1719 2 2 6 1 1119 1158 1120
1720 2 2 6 1 1120 1158 1159
1721 2 2 6 1 1120 1159 1160
1722 2 2 6 1 1160 1121 1120
1723 2 2 6 1 1121 1160 1122
1724 2 2 6 1 1122 1160 1161
1725 2 2 6 1 1122 1161 1162
1726 2 2 6 1 1162 1123 1122
1727 2 2 6 1 1123 1162 1124
1728 2 2 6 1 1124 1162 1163
1729 2 2 6 1 1124 1163 1164
1730 2 2 6 1 1164 1125 1124
1731 2 2 6 1 1125 1164 1126
1732 2 2 6 1 1126 1164 1165
1733 2 2 6 1 1126 1165 1166
1734 2 2 6 1 1166 1127 1126
1735 2 2 6 1 1127 1166 1128
1736 2 2 6 1 1128 1166 1167
1737 2 2 6 1 1128 1167 1168
1738 2 2 6 1 1168 1129 1128
1739 2 2 6 1 1129 1168 1130
1740 2 2 6 1 1130 1168 1169
1741 2 2 6 1 1130 1169 1170
1742 2 2 6 1 1170 1131 1130
1743 2 2 6 1 1131 1170 1132
1744 2 2 6 1 1132 1170 1171
1745 2 2 6 1 1132 1171 1172
1746 2 2 6 1 1172 1133 1132
1747 2 2 6 1 1133 1172 1134
1748 2 2 6 1 1134 1172 1173
1749 2 2 6 1 1134 1173 1174
1750 2 2 6 1 1174 1135 1134
1751 2 2 6 1 1135 1174 1136
1752 2 2 6 1 1136 1174 1175
1753 2 2 6 1 1136 1175 1176
1754 2 2 6 1 1176 1137 1136
1755 2 2 6 1 1137 1176 1138
1756 2 2 6 1 1138 1176 1177
1757 2 2 6 1 1138 1177 1178
1758 2 2 6 1 1178 1139 1138
1759 2 2 6 1 1139 1178 105
1760 2 2 6 1 105 1178 104
1761 2 2 6 1 30 31 1140
1762 2 2 6 1 1140 31 1179
1763 2 2 6 1 1140 1179 1180
1764 2 2 6 1 1180 1141 1140
1765 2 2 6 1 1141 1180 1142
1766 2 2 6 1 1142 1180 1181
1767 2 2 6 1 1142 1181 1182
1768 2 2 6 1 1182 1143 1142
1769 2 2 6 1 1143 1182 1144
1770 2 2 6 1 1144 1182 1183
1771 2 2 6 1 1144 1183 1184
1772 2 2 6 1 1184 1145 1144
1773 2 2 6 1 1145 1184 1146
1774 2 2 6 1 1146 1184 1185
1775 2 2 6 1 1146 1185 1186
1776 2 2 6 1 1186 1147 1146
1777 2 2 6 1 1147 1186 1148
1778 2 2 6 1 1148 1186 1187
1779 2 2 6 1 1148 1187 1188
1780 2 2 6 1 1188 1149 1148
1781 2 2 6 1 1149 1188 1150
1782 2 2 6 1 1150 1188 1189
1783 2 2 6 1 1150 1189 1190
1784 2 2 6 1 1190 1151 1150
1785 2 2 6 1 1151 1190 1152
1786 2 2 6 1 1152 1190 1191
1787 2 2 6 1 1152 1191 1192
1788 2 2 6 1 1192 1153 1152
1789 2 2 6 1 1153 1192 1154
1790 2 2 6 1 1154 1192 1193
1791 2 2 6 1 1154 1193 1194
1792 2 2 6 1 1194 1155 1154
1793 2 2 6 1 1155 1194 1156
1794 2 2 6 1 1156 1194 1195
1795 2 2 6 1 1156 1195 1196
1796 2 2 6 1 1196 1157 1156
1797 2 2 6 1 1157 1196 1158
1798 2 2 6 1 1158 1196 1197
1799 2 2 6 1 1158 1197 1198
1800 2 2 6 1 1198 1159 1158
1801 2 2 6 1 1159 1198 1160
1802 2 2 6 1 1160 1198 1199
1803 2 2 6 1 1160 1199 1200
1804 2 2 6 1 1200 1161 1160
1805 2 2 6 1 1161 1200 1162
1806 2 2 6 1 1162 1200 1201
1807 2 2 6 1 1162 1201 1202
1808 2 2 6 1 1202 1163 1162
1809 2 2 6 1 1163 1202 1164
1810 2 2 6 1 1164 1202 1203
1811 2 2 6 1 1164 1203 1204
1812 2 2 6 1 1204 1165 1164
1813 2 2 6 1 1165 1204 1166
1814 2 2 6 1 1166 1204 1205
1815 2 2 6 1 1166 1205 1206
1816 2 2 6 1 1206 1167 1166
1817 2 2 6 1 1167 1206 1168
1818 2 2 6 1 1168 1206 1207
1819 2 2 6 1 1168 1207 1208
1820 2 2 6 1 1208 1169 1168
1821 2 2 6 1 1169 1208 1170
1822 2 2 6 1 1170 1208 1209
1823 2 2 6 1 1170 1209 1210
1824 2 2 6 1 1210 1171 1170
1825 2 2 6 1 1171 1210 1172
1826 2 2 6 1 1172 1210 1211
1827 2 2 6 1 1172 1211 1212
1828 2 2 6 1 1212 1173 1172
1829 2 2 6 1 1173 1212 1174
1830 2 2 6 1 1174 1212 1213
1831 2 2 6 1 1174 1213 1214
1832 2 2 6 1 1214 1175 1174
1833 2 2 6 1 1175 1214 1176
1834 2 2 6 1 1176 1214 1215
1835 2 2 6 1 1176 1215 1216
1836 2 2 6 1 1216 1177 1176
1837 2 2 6 1 1177 1216 1178
1838 2 2 6 1 1178 1216 1217
1839 2 2 6 1 1178 1217 103
1840 2 2 6 1 103 104 1178
1841 2 2 6 1 31 32 1218
1842 2 2 6 1 1218 1179 31
1843 2 2 6 1 1179 1218 1180
1844 2 2 6 1 1180 1218 1219
1845 2 2 6 1 1180 1219 1220
1846 2 2 6 1 1220 1181 1180
1847 2 2 6 1 1181 1220 1182
1848 2 2 6 1 1182 1220 1221
1849 2 2 6 1 1182 1221 1222
1850 2 2 6 1 1222 1183 1182
1851 2 2 6 1 1183 1222 1184
1852 2 2 6 1 1184 1222 1223
1853 2 2 6 1 1184 1223 1224
1854 2 2 6 1 1224 1185 1184
1855 2 2 6 1 1185 1224 1186
1856 2 2 6 1 1186 1224 1225
1857 2 2 6 1 1186 1225 1226
1858 2 2 6 1 1226 1187 1186
1859 2 2 6 1 1187 1226 1188
1860 2 2 6 1 1188 1226 1227
1861 2 2 6 1 1188 1227 1228
1862 2 2 6 1 1228 1189 1188
1863 2 2 6 1 1189 1228 1190
1864 2 2 6 1 1190 1228 1229
1865 2 2 6 1 1190 1229 1230
1866 2 2 6 1 1230 1191 1190
1867 2 2 6 1 1191 1230 1192
1868 2 2 6 1 1192 1230 1231
1869 2 2 6 1 1192 1231 1232
1870 2 2 6 1 1232 1193 1192
1871 2 2 6 1 1193 1232 1194
1872 2 2 6 1 1194 1232 1233
1873 2 2 6 1 1194 1233 1234
1874 2 2 6 1 1234 1195 1194
1875 2 2 6 1 1195 1234 1196
1876 2 2 6 1 1196 1234 1235
1877 2 2 6 1 1196 1235 1236
1878 2 2 6 1 1236 1197 1196
1879 2 2 6 1 1197 1236 1198
1880 2 2 6 1 1198 1236 1237
1881 2 2 6 1 1198 1237 1238
1882 2 2 6 1 1238 1199 1198
1883 2 2 6 1 1199 1238 1200
1884 2 2 6 1 1200 1238 1239
1885 2 2 6 1 1200 1239 1240
1886 2 2 6 1 1240 1201 1200
1887 2 2 6 1 1201 1240 1202
1888 2 2 6 1 1202 1240 1241
1889 2 2 6 1 1202 1241 1242
1890 2 2 6 1 1242 1203 1202
1891 2 2 6 1 1203 1242 1204
1892 2 2 6 1 1204 1242 1243
1893 2 2 6 1 1204 1243 1244
1894 2 2 6 1 1244 1205 1204
1895 2 2 6 1 1205 1244 1206
1896 2 2 6 1 1206 1244 1245
1897 2 2 6 1 1206 1245 1246
1898 2 2 6 1 1246 1207 1206
1899 2 2 6 1 1207 1246 1208
1900 2 2 6 1 1208 1246 1247
1901 2 2 6 1 1208 1247 1248
1902 2 2 6 1 1248 1209 1208
1903 2 2 6 1 1209 1248 1210
1904 2 2 6 1 1210 1248 1249
1905 2 2 6 1 1210 1249 1250
1906 2 2 6 1 1250 1211 1210
1907 2 2 6 1 1211 1250 1212
1908 2 2 6 1 1212 1250 1251
1909 2 2 6 1 1212 1251 1252
1910 2 2 6 1 1252 1213 1212
1911 2 2 6 1 1213 1252 1214
1912 2 2 6 1 1214 1252 1253
1913 2 2 6 1 1214 1253 1254
1914 2 2 6 1 1254 1215 1214
1915 2 2 6 1 1215 1254 1216
1916 2 2 6 1 1216 1254 1255
1917 2 2 6 1 1216 1255 1256
1918 2 2 6 1 1256 1217 1216
1919 2 2 6 1 1217 1256 103
1920 2 2 6 1 103 1256 102
1921 2 2 6 1 32 33 1218
1922 2 2 6 1 1218 33 1257
1923 2 2 6 1 1218 1257 1258
1924 2 2 6 1 1258 1219 1218
1925 2 2 6 1 1219 1258 1220
1926 2 2 6 1 1220 1258 1259
1927 2 2 6 1 1220 1259 1260
1928 2 2 6 1 1260 1221 1220
1929 2 2 6 1 1221 1260 1222
1930 2 2 6 1 1222 1260 1261
1931 2 2 6 1 1222 1261 1262
1932 2 2 6 1 1262 1223 1222
1933 2 2 6 1 1223 1262 1224
1934 2 2 6 1 1224 1262 1263
1935 2 2 6 1 1224 1263 1264
1936 2 2 6 1 1264 1225 1224
1937 2 2 6 1 1225 1264 1226
1938 2 2 6 1 1226 1264 1265
1939 2 2 6 1 1226 1265 1266
1940 2 2 6 1 1266 1227 1226
1941 2 2 6 1 1227 1266 1228
1942 2 2 6 1 1228 1266 1267
1943 2 2 6 1 1228 1267 1268
1944 2 2 6 1 1268 1229 1228
1945 2 2 6 1 1229 1268 1230
1946 2 2 6 1 1230 1268 1269
1947 2 2 6 1 1230 1269 1270
1948 2 2 6 1 1270 1231 1230
1949 2 2 6 1 1231 1270 1232
1950 2 2 6 1 1232 1270 1271
1951 2 2 6 1 1232 1271 1272
1952 2 2 6 1 1272 1233 1232
1953 2 2 6 1 1233 1272 1234
1954 2 2 6 1 1234 1272 1273
1955 2 2 6 1 1234 1273 1274
1956 2 2 6 1 1274 1235 1234
1957 2 2 6 1 1235 1274 1236
1958 2 2 6 1 1236 1274 1275
1959 2 2 6 1 1236 1275 1276
1960 2 2 6 1 1276 1237 1236
1961 2 2 6 1 1237 1276 1238
1962 2 2 6 1 1238 1276 1277
1963 2 2 6 1 1238 1277 1278
1964 2 2 6 1 1278 1239 1238
1965 2 2 6 1 1239 1278 1240
1966 2 2 6 1 1240 1278 1279
1967 2 2 6 1 1240 1279 1280
1968 2 2 6 1 1280 1241 1240
1969 2 2 6 1 1241 1280 1242
1970 2 2 6 1 1242 1280 1281
1971 2 2 6 1 1242 1281 1282
1972 2 2 6 1 1282 1243 1242
1973 2 2 6 1 1243 1282 1244
1974 2 2 6 1 1244 1282 1283
1975 2 2 6 1 1244 1283 1284
1976 2 2 6 1 1284 1245 1244
1977 2 2 6 1 1245 1284 1246
1978 2 2 6 1 1246 1284 1285
1979 2 2 6 1 1246 1285 1286
1980 2 2 6 1 1286 1247 1246
1981 2 2 6 1 1247 1286 1248
1982 2 2 6 1 1248 1286 1287
1983 2 2 6 1 1248 1287 1288
1984 2 2 6 1 1288 1249 1248
1985 2 2 6 1 1249 1288 1250
1986 2 2 6 1 1250 1288 1289
1987 2 2 6 1 1250 1289 1290
1988 2 2 6 1 1290 1251 1250
1989 2 2 6 1 1251 1290 1252
1990 2 2 6 1 1252 1290 1291
1991 2 2 6 1 1252 1291 1292
1992 2 2 6 1 1292 1253 1252
1993 2 2 6 1 1253 1292 1254
1994 2 2 6 1 1254 1292 1293
1995 2 2 6 1 1254 1293 1294
1996 2 2 6 1 1294 1255 1254
1997 2 2 6 1 1255 1294 1256
1998 2 2 6 1 1256 1294 1295
1999 2 2 6 1 1256 1295 101
2000 2 2 6 1 101 102 1256
2001 2 2 6 1 33 34 1296
2002 2 2 6 1 1296 1257 33
2003 2 2 6 1 1257 1296 1258
2004 2 2 6 1 1258 1296 1297
2005 2 2 6 1 1258 1297 1298
2006 2 2 6 1 1298 1259 1258
2007 2 2 6 1 1259 1298 1260
2008 2 2 6 1 1260 1298 1299
2009 2 2 6 1 1260 1299 1300
2010 2 2 6 1 1300 1261 1260
2011 2 2 6 1 1261 1300 1262
2012 2 2 6 1 1262 1300 1301
2013 2 2 6 1 1262 1301 1302
2014 2 2 6 1 1302 1263 1262
2015 2 2 6 1 1263 1302 1264
2016 2 2 6 1 1264 1302 1303
2017 2 2 6 1 1264 1303 1304
2018 2 2 6 1 1304 1265 1264
2019 2 2 6 1 1265 1304 1266
2020 2 2 6 1 1266 1304 1305
2021 2 2 6 1 1266 1305 1306
2022 2 2 6 1 1306 1267 1266
2023 2 2 6 1 1267 1306 1268
2024 2 2 6 1 1268 1306 1307
2025 2 2 6 1 1268 1307 1308
2026 2 2 6 1 1308 1269 1268
2027 2 2 6 1 1269 1308 1270
2028 2 2 6 1 1270 1308 1309
2029 2 2 6 1 1270 1309 1310
2030 2 2 6 1 1310 1271 1270
2031 2 2 6 1 1271 1310 1272
2032 2 2 6 1 1272 1310 1311
2033 2 2 6 1 1272 1311 1312
2034 2 2 6 1 1312 1273 1272
2035 2 2 6 1 1273 1312 1274
2036 2 2 6 1 1274 1312 1313
2037 2 2 6 1 1274 1313 1314
2038 2 2 6 1 1314 1275 1274
2039 2 2 6 1 1275 1314 1276
2040 2 2 6 1 1276 1314 1315
2041 2 2 6 1 1276 1315 1316
2042 2 2 6 1 1316 1277 1276
2043 2 2 6 1 1277 1316 1278
2044 2 2 6 1 1278 1316 1317
2045 2 2 6 1 1278 1317 1318
2046 2 2 6 1 1318 1279 1278
2047 2 2 6 1 1279 1318 1280
2048 2 2 6 1 1280 1318 1319
2049 2 2 6 1 1280 1319 1320
2050 2 2 6 1 1320 1281 1280
2051 2 2 6 1 1281 1320 1282
2052 2 2 6 1 1282 1320 1321
2053 2 2 6 1 1282 1321 1322
2054 2 2 6 1 1322 1283 1282
2055 2 2 6 1 1283 1322 1284
2056 2 2 6 1 1284 1322 1323
2057 2 2 6 1 1284 1323 1324
2058 2 2 6 1 1324 1285 1284
2059 2 2 6 1 1285 1324 1286
2060 2 2 6 1 1286 1324 1325
2061 2 2 6 1 1286 1325 1326
2062 2 2 6 1 1326 1287 1286
2063 2 2 6 1 1287 1326 1288
2064 2 2 6 1 1288 1326 1327
2065 2 2 6 1 1288 1327 1328
2066 2 2 6 1 1328 1289 1288
2067 2 2 6 1 1289 1328 1290
2068 2 2 6 1 1290 1328 1329
2069 2 2 6 1 1290 1329 1330
2070 2 2 6 1 1330 1291 1290
2071 2 2 6 1 1291 1330 1292
2072 2 2 6 1 1292 1330 1331
2073 2 2 6 1 1292 1331 1332
2074 2 2 6 1 1332 1293 1292
2075 2 2 6 1 1293 1332 1294
2076 2 2 6 1 1294 1332 1333
2077 2 2 6 1 1294 1333 1334
2078 2 2 6 1 1334 1295 1294
2079 2 2 6 1 1295 1334 101
2080 2 2 6 1 101 1334 100
2081 2 2 6 1 34 35 1296
2082 2 2 6 1 1296 35 1335
2083 2 2 6 1 1296 1335 1336
2084 2 2 6 1 1336 1297 1296
2085 2 2 6 1 1297 1336 1298
2086 2 2 6 1 1298 1336 1337
2087 2 2 6 1 1298 1337 1338
2088 2 2 6 1 1338 1299 1298
2089 2 2 6 1 1299 1338 1300
2090 2 2 6 1 1300 1338 1339
2091 2 2 6 1 1300 1339 1340
2092 2 2 6 1 1340 1301 1300
2093 2 2 6 1 1301 1340 1302
2094 2 2 6 1 1302 1340 1341
2095 2 2 6 1 1302 1341 1342
2096 2 2 6 1 1342 1303 1302
2097 2 2 6 1 1303 1342 1304
2098 2 2 6 1 1304 1342 1343
2099 2 2 6 1 1304 1343 1344
2100 2 2 6 1 1344 1305 1304
2101 2 2 6 1 1305 1344 1306
2102 2 2 6 1 1306 1344 1345
2103 2 2 6 1 1306 1345 1346
2104 2 2 6 1 1346 1307 1306
2105 2 2 6 1 1307 1346 1308
2106 2 2 6 1 1308 1346 1347
2107 2 2 6 1 1308 1347 1348
2108 2 2 6 1 1348 1309 1308
2109 2 2 6 1 1309 1348 1310
2110 2 2 6 1 1310 1348 1349
2111 2 2 6 1 1310 1349 1350
2112 2 2 6 1 1350 1311 1310
2113 2 2 6 1 1311 1350 1312
2114 2 2 6 1 1312 1350 1351
2115 2 2 6 1 1312 1351 1352
2116 2 2 6 1 1352 1313 1312
2117 2 2 6 1 1313 1352 1314
2118 2 2 6 1 1314 1352 1353
2119 2 2 6 1 1314 1353 1354
2120 2 2 6 1 1354 1315 1314
2121 2 2 6 1 1315 1354 1316
2122 2 2 6 1 1316 1354 1355
2123 2 2 6 1 1316 1355 1356
2124 2 2 6 1 1356 1317 1316
2125 2 2 6 1 1317 1356 1318
2126 2 2 6 1 1318 1356 1357
2127 2 2 6 1 1318 1357 1358
2128 2 2 6 1 1358 1319 1318
2129 2 2 6 1 1319 1358 1320
2130 2 2 6 1 1320 1358 1359
2131 2 2 6 1 1320 1359 1360
2132 2 2 6 1 1360 1321 1320
2133 2 2 6 1 1321 1360 1322
2134 2 2 6 1 1322 1360 1361
2135 2 2 6 1 1322 1361 1362
2136 2 2 6 1 1362 1323 1322
2137 2 2 6 1 1323 1362 1324
2138 2 2 6 1 1324 1362 1363
2139 2 2 6 1 1324 1363 1364
2140 2 2 6 1 1364 1325 1324
2141 2 2 6 1 1325 1364 1326
2142 2 2 6 1 1326 1364 1365
2143 2 2 6 1 1326 1365 1366
2144 2 2 6 1 1366 1327 1326
2145 2 2 6 1 1327 1366 1328
2146 2 2 6 1 1328 1366 1367
2147 2 2 6 1 1328 1367 1368
2148 2 2 6 1 1368 1329 1328
2149 2 2 6 1 1329 1368 1330
2150 2 2 6 1 1330 1368 1369
2151 2 2 6 1 1330 1369 1370
2152 2 2 6 1 1370 1331 1330
2153 2 2 6 1 1331 1370 1332
2154 2 2 6 1 1332 1370 1371
2155 2 2 6 1 1332 1371 1372
2156 2 2 6 1 1372 1333 1332
2157 2 2 6 1 1333 1372 1334
2158 2 2 6 1 1334 1372 1373
2159 2 2 6 1 1334 1373 99
2160 2 2 6 1 99 100 1334
2161 2 2 6 1 35 36 1374
2162 2 2 6 1 1374 1335 35
2163 2 2 6 1 1335 1374 1336
2164 2 2 6 1 1336 1374 1375
2165 2 2 6 1 1336 1375 1376
2166 2 2 6 1 1376 1337 1336
2167 2 2 6 1 1337 1376 1338
2168 2 2 6 1 1338 1376 1377
2169 2 2 6 1 1338 1377 1378
2170 2 2 6 1 1378 1339 1338
2171 2 2 6 1 1339 1378 1340
2172 2 2 6 1 1340 1378 1379
2173 2 2 6 1 1340 1379 1380
2174 2 2 6 1 1380 1341 1340
2175 2 2 6 1 1341 1380 1342
2176 2 2 6 1 1342 1380 1381
2177 2 2 6 1 1342 1381 1382
2178 2 2 6 1 1382 1343 1342
2179 2 2 6 1 1343 1382 1344
2180 2 2 6 1 1344 1382 1383
2181 2 2 6 1 1344 1383 1384
2182 2 2 6 1 1384 1345 1344
2183 2 2 6 1 1345 1384 1346
2184 2 2 6 1 1346 1384 1385
2185 2 2 6 1 1346 1385 1386
2186 2 2 6 1 1386 1347 1346
2187 2 2 6 1 1347 1386 1348
2188 2 2 6 1 1348 1386 1387
2189 2 2 6 1 1348 1387 1388
2190 2 2 6 1 1388 1349 1348
2191 2 2 6 1 1349 1388 1350
2192 2 2 6 1 1350 1388 1389
2193 2 2 6 1 1350 1389 1390
2194 2 2 6 1 1390 1351 1350
2195 2 2 6 1 1351 1390 1352
2196 2 2 6 1 1352 1390 1391
2197 2 2 6 1 1352 1391 1392
2198 2 2 6 1 1392 1353 1352
2199 2 2 6 1 1353 1392 1354
2200 2 2 6 1 1354 1392 1393
2201 2 2 6 1 1354 1393 1394
2202 2 2 6 1 1394 1355 1354
2203 2 2 6 1 1355 1394 1356
2204 2 2 6 1 1356 1394 1395
2205 2 2 6 1 1356 1395 1396
2206 2 2 6 1 1396 1357 1356
2207 2 2 6 1 1357 1396 1358
2208 2 2 6 1 1358 1396 1397
2209 2 2 6 1 1358 1397 1398
2210 2 2 6 1 1398 1359 1358
2211 2 2 6 1 1359 1398 1360
2212 2 2 6 1 1360 1398 1399
2213 2 2 6 1 1360 1399 1400
2214 2 2 6 1 1400 1361 1360
2215 2 2 6 1 1361 1400 1362
2216 2 2 6 1 1362 1400 1401
2217 2 2 6 1 1362 1401 1402
2218 2 2 6 1 1402 1363 1362
2219 2 2 6 1 1363 1402 1364
2220 2 2 6 1 1364 1402 1403
2221 2 2 6 1 1364 1403 1404
2222 2 2 6 1 1404 1365 1364
2223 2 2 6 1 1365 1404 1366
2224 2 2 6 1 1366 1404 1405
2225 2 2 6 1 1366 1405 1406
2226 2 2 6 1 1406 1367 1366
2227 2 2 6 1 1367 1406 1368
2228 2 2 6 1 1368 1406 1407
2229 2 2 6 1 1368 1407 1408
2230 2 2 6 1 1408 1369 1368
2231 2 2 6 1 1369 1408 1370
2232 2 2 6 1 1370 1408 1409
2233 2 2 6 1 1370 1409 1410
2234 2 2 6 1 1410 1371 1370
2235 2 2 6 1 1371 1410 1372
2236 2 2 6 1 1372 1410 1411
2237 2 2 6 1 1372 1411 1412
2238 2 2 6 1 1412 1373 1372
2239 2 2 6 1 1373 1412 99
2240 2 2 6 1 99 1412 98
2241 2 2 6 1 36 37 1374
2242 2 2 6 1 1374 37 1413
2243 2 2 6 1 1374 1413 1414
2244 2 2 6 1 1414 1375 1374
2245 2 2 6 1 1375 1414 1376
2246 2 2 6 1 1376 1414 1415
2247 2 2 6 1 1376 1415 1416
2248 2 2 6 1 1416 1377 1376
2249 2 2 6 1 1377 1416 1378
2250 2 2 6 1 1378 1416 1417
2251 2 2 6 1 1378 1417 1418
2252 2 2 6 1 1418 1379 1378
2253 2 2 6 1 1379 1418 1380
2254 2 2 6 1 1380 1418 1419
2255 2 2 6 1 1380 1419 1420
2256 2 2 6 1 1420 1381 1380
2257 2 2 6 1 1381 1420 1382
2258 2 2 6 1 1382 1420 1421
2259 2 2 6 1 1382 1421 1422
2260 2 2 6 1 1422 1383 1382
2261 2 2 6 1 1383 1422 1384
2262 2 2 6 1 1384 1422 1423
2263 2 2 6 1 1384 1423 1424
2264 2 2 6 1 1424 1385 1384
2265 2 2 6 1 1385 1424 1386
2266 2 2 6 1 1386 1424 1425
2267 2 2 6 1 1386 1425 1426
2268 2 2 6 1 1426 1387 1386
2269 2 2 6 1 1387 1426 1388
2270 2 2 6 1 1388 1426 1427
2271 2 2 6 1 1388 1427 1428
2272 2 2 6 1 1428 1389 1388
2273 2 2 6 1 1389 1428 1390
2274 2 2 6 1 1390 1428 1429
2275 2 2 6 1 1390 1429 1430
2276 2 2 6 1 1430 1391 1390
2277 2 2 6 1 1391 1430 1392
2278 2 2 6 1 1392 1430 1431
2279 2 2 6 1 1392 1431 1432
2280 2 2 6 1 1432 1393 1392
2281 2 2 6 1 1393 1432 1394
2282 2 2 6 1 1394 1432 1433
2283 2 2 6 1 1394 1433 1434
2284 2 2 6 1 1434 1395 1394
2285 2 2 6 1 1395 1434 1396
2286 2 2 6 1 1396 1434 1435
2287 2 2 6 1 1396 1435 1436
2288 2 2 6 1 1436 1397 1396
2289 2 2 6 1 1397 1436 1398
2290 2 2 6 1 1398 1436 1437
2291 2 2 6 1 1398 1437 1438
2292 2 2 6 1 1438 1399 1398
2293 2 2 6 1 1399 1438 1400
2294 2 2 6 1 1400 1438 1439
2295 2 2 6 1 1400 1439 1440
2296 2 2 6 1 1440 1401 1400
2297 2 2 6 1 1401 1440 1402
2298 2 2 6 1 1402 1440 1441
2299 2 2 6 1 1402 1441 1442
2300 2 2 6 1 1442 1403 1402
2301 2 2 6 1 1403 1442 1404
2302 2 2 6 1 1404 1442 1443
2303 2 2 6 1 1404 1443 1444
2304 2 2 6 1 1444 1405 1404
2305 2 2 6 1 1405 1444 1406
2306 2 2 6 1 1406 1444 1445
2307 2 2 6 1 1406 1445 1446
2308 2 2 6 1 1446 1407 1406
2309 2 2 6 1 1407 1446 1408
2310 2 2 6 1 1408 1446 1447
2311 2 2 6 1 1408 1447 1448
2312 2 2 6 1 1448 1409 1408
2313 2 2 6 1 1409 1448 1410
2314 2 2 6 1 1410 1448 1449
2315 2 2 6 1 1410 1449 1450
2316 2 2 6 1 1450 1411 1410
2317 2 2 6 1 1411 1450 1412
2318 2 2 6 1 1412 1450 1451
2319 2 2 6 1 1412 1451 97
2320 2 2 6 1 97 98 1412
2321 2 2 6 1 37 38 1452
2322 2 2 6 1 1452 1413 37
2323 2 2 6 1 1413 1452 1414
2324 2 2 6 1 1414 1452 1453
2325 2 2 6 1 1414 1453 1454
2326 2 2 6 1 1454 1415 1414
2327 2 2 6 1 1415 1454 1416
2328 2 2 6 1 1416 1454 1455
2329 2 2 6 1 1416 1455 1456
2330 2 2 6 1 1456 1417 1416
2331 2 2 6 1 1417 1456 1418
2332 2 2 6 1 1418 1456 1457
2333 2 2 6 1 1418 1457 1458
2334 2 2 6 1 1458 1419 1418
2335 2 2 6 1 1419 1458 1420
2336 2 2 6 1 1420 1458 1459
2337 2 2 6 1 1420 1459 1460
2338 2 2 6 1 1460 1421 1420
2339 2 2 6 1 1421 1460 1422
2340 2 2 6 1 1422 1460 1461
2341 2 2 6 1 1422 1461 1462
2342 2 2 6 1 1462 1423 1422
2343 2 2 6 1 1423 1462 1424
2344 2 2 6 1 1424 1462 1463
2345 2 2 6 1 1424 1463 1464
2346 2 2 6 1 1464 1425 1424
2347 2 2 6 1 1425 1464 1426
2348 2 2 6 1 1426 1464 1465
2349 2 2 6 1 1426 1465 1466
2350 2 2 6 1 1466 1427 1426
2351 2 2 6 1 1427 1466 1428
2352 2 2 6 1 1428 1466 1467
2353 2 2 6 1 1428 1467 1468
2354 2 2 6 1 1468 1429 1428
2355 2 2 6 1 1429 1468 1430
2356 2 2 6 1 1430 1468 1469
2357 2 2 6 1 1430 1469 1470
2358 2 2 6 1 1470 1431 1430
2359 2 2 6 1 1431 1470 1432
2360 2 2 6 1 1432 1470 1471
2361 2 2 6 1 1432 1471 1472
2362 2 2 6 1 1472 1433 1432
2363 2 2 6 1 1433 1472 1434
2364 2 2 6 1 1434 1472 1473
2365 2 2 6 1 1434 1473 1474
2366 2 2 6 1 1474 1435 1434
2367 2 2 6 1 1435 1474 1436
2368 2 2 6 1 1436 1474 1475
2369 2 2 6 1 1436 1475 1476
2370 2 2 6 1 1476 1437 1436
2371 2 2 6 1 1437 1476 1438
2372 2 2 6 1 1438 1476 1477
2373 2 2 6 1 1438 1477 1478
2374 2 2 6 1 1478 1439 1438
2375 2 2 6 1 1439 1478 1440
2376 2 2 6 1 1440 1478 1479
2377 2 2 6 1 1440 1479 1480
2378 2 2 6 1 1480 1441 1440
2379 2 2 6 1 1441 1480 1442
2380 2 2 6 1 1442 1480 1481
2381 2 2 6 1 1442 1481 1482
2382 2 2 6 1 1482 1443 1442
2383 2 2 6 1 1443 1482 1444
2384 2 2 6 1 1444 1482 1483
2385 2 2 6 1 1444 1483 1484
2386 2 2 6 1 1484 1445 1444
2387 2 2 6 1 1445 1484 1446
2388 2 2 6 1 1446 1484 1485
2389 2 2 6 1 1446 1485 1486
2390 2 2 6 1 1486 1447 1446
2391 2 2 6 1 1447 1486 1448
2392 2 2 6 1 1448 1486 1487
2393 2 2 6 1 1448 1487 1488
2394 2 2 6 1 1488 1449 1448
2395 2 2 6 1 1449 1488 1450
2396 2 2 6 1 1450 1488 1489
2397 2 2 6 1 1450 1489 1490
2398 2 2 6 1 1490 1451 1450
2399 2 2 6 1 1451 1490 97
2400 2 2 6 1 97 1490 96
2401 2 2 6 1 38 39 1452
2402 2 2 6 1 1452 39 1491
2403 2 2 6 1 1452 1491 1492
2404 2 2 6 1 1492 1453 1452
2405 2 2 6 1 1453 1492 1454
2406 2 2 6 1 1454 1492 1493
2407 2 2 6 1 1454 1493 1494
2408 2 2 6 1 1494 1455 1454
2409 2 2 6 1 1455 1494 1456
2410 2 2 6 1 1456 1494 1495
2411 2 2 6 1 1456 1495 1496
2412 2 2 6 1 1496 1457 1456
2413 2 2 6 1 1457 1496 1458
2414 2 2 6 1 1458 1496 1497
2415 2 2 6 1 1458 1497 1498
2416 2 2 6 1 1498 1459 1458
2417 2 2 6 1 1459 1498 1460
2418 2 2 6 1 1460 1498 1499
2419 2 2 6 1 1460 1499 1500
2420 2 2 6 1 1500 1461 1460
2421 2 2 6 1 1461 1500 1462
2422 2 2 6 1 1462 1500 1501
2423 2 2 6 1 1462 1501 1502
2424 2 2 6 1 1502 1463 1462
2425 2 2 6 1 1463 1502 1464
2426 2 2 6 1 1464 1502 1503
2427 2 2 6 1 1464 1503 1504
2428 2 2 6 1 1504 1465 1464
2429 2 2 6 1 1465 1504 1466
2430 2 2 6 1 1466 1504 1505
2431 2 2 6 1 1466 1505 1506
2432 2 2 6 1 1506 1467 1466
2433 2 2 6 1 1467 1506 1468
2434 2 2 6 1 1468 1506 1507
2435 2 2 6 1 1468 1507 1508
2436 2 2 6 1 1508 1469 1468
2437 2 2 6 1 1469 1508 1470
2438 2 2 6 1 1470 1508 1509
2439 2 2 6 1 1470 1509 1510
2440 2 2 6 1 1510 1471 1470
2441 2 2 6 1 1471 1510 1472
2442 2 2 6 1 1472 1510 1511
2443 2 2 6 1 1472 1511 1512
2444 2 2 6 1 1512 1473 1472
2445 2 2 6 1 1473 1512 1474
2446 2 2 6 1 1474 1512 1513
2447 2 2 6 1 1474 1513 1514
2448 2 2 6 1 1514 1475 1474
2449 2 2 6 1 1475 1514 1476
2450 2 2 6 1 1476 1514 1515
2451 2 2 6 1 1476 1515 1516
2452 2 2 6 1 1516 1477 1476
2453 2 2 6 1 1477 1516 1478
2454 2 2 6 1 1478 1516 1517
2455 2 2 6 1 1478 1517 1518
2456 2 2 6 1 1518 1479 1478
2457 2 2 6 1 1479 1518 1480
2458 2 2 6 1 1480 1518 1519
2459 2 2 6 1 1480 1519 1520
2460 2 2 6 1 1520 1481 1480
2461 2 2 6 1 1481 1520 1482
2462 2 2 6 1 1482 1520 1521
2463 2 2 6 1 1482 1521 1522
2464 2 2 6 1 1522 1483 1482
2465 2 2 6 1 1483 1522 1484
2466 2 2 6 1 1484 1522 1523
2467 2 2 6 1 1484 1523 1524
2468 2 2 6 1 1524 1485 1484
2469 2 2 6 1 1485 1524 1486
2470 2 2 6 1 1486 1524 1525
2471 2 2 6 1 1486 1525 1526
2472 2 2 6 1 1526 1487 1486
2473 2 2 6 1 1487 1526 1488
2474 2 2 6 1 1488 1526 1527
2475 2 2 6 1 1488 1527 1528
2476 2 2 6 1 1528 1489 1488
2477 2 2 6 1 1489 1528 1490
2478 2 2 6 1 1490 1528 1529
2479 2 2 6 1 1490 1529 95
2480 2 2 6 1 95 96 1490
2481 2 2 6 1 39 40 1530
2482 2 2 6 1 1530 1491 39
2483 2 2 6 1 1491 1530 1492
2484 2 2 6 1 1492 1530 1531
2485 2 2 6 1 1492 1531 1532
2486 2 2 6 1 1532 1493 1492
2487 2 2 6 1 1493 1532 1494
2488 2 2 6 1 1494 1532 1533
2489 2 2 6 1 1494 1533 1534
2490 2 2 6 1 1534 1495 1494
2491 2 2 6 1 1495 1534 1496
2492 2 2 6 1 1496 1534 1535
2493 2 2 6 1 1496 1535 1536
2494 2 2 6 1 1536 1497 1496
2495 2 2 6 1 1497 1536 1498
2496 2 2 6 1 1498 1536 1537
2497 2 2 6 1 1498 1537 1538
2498 2 2 6 1 1538 1499 1498
2499 2 2 6 1 1499 1538 1500
2500 2 2 6 1 1500 1538 1539
2501 2 2 6 1 1500 1539 1540
2502 2 2 6 1 1540 1501 1500
2503 2 2 6 1 1501 1540 1502
2504 2 2 6 1 1502 1540 1541
2505 2 2 6 1 1502 1541 1542
2506 2 2 6 1 1542 1503 1502
2507 2 2 6 1 1503 1542 1504
2508 2 2 6 1 1504 1542 1543
2509 2 2 6 1 1504 1543 1544
2510 2 2 6 1 1544 1505 1504
2511 2 2 6 1 1505 1544 1506
2512 2 2 6 1 1506 1544 1545
2513 2 2 6 1 1506 1545 1546
2514 2 2 6 1 1546 1507 1506
2515 2 2 6 1 1507 1546 1508
2516 2 2 6 1 1508 1546 1547
2517 2 2 6 1 1508 1547 1548
2518 2 2 6 1 1548 1509 1508
2519 2 2 6 1 1509 1548 1510
2520 2 2 6 1 1510 1548 1549
2521 2 2 6 1 1510 1549 1550
2522 2 2 6 1 1550 1511 1510
2523 2 2 6 1 1511 1550 1512
2524 2 2 6 1 1512 1550 1551
2525 2 2 6 1 1512 1551 1552
2526 2 2 6 1 1552 1513 1512
2527 2 2 6 1 1513 1552 1514
2528 2 2 6 1 1514 1552 1553
2529 2 2 6 1 1514 1553 1554
2530 2 2 6 1 1554 1515 1514
2531 2 2 6 1 1515 1554 1516
2532 2 2 6 1 1516 1554 1555
2533 2 2 6 1 1516 1555 1556
2534 2 2 6 1 1556 1517 1516
2535 2 2 6 1 1517 1556 1518
2536 2 2 6 1 1518 1556 1557
2537 2 2 6 1 1518 1557 1558
2538 2 2 6 1 1558 1519 1518
2539 2 2 6 1 1519 1558 1520
2540 2 2 6 1 1520 1558 1559
2541 2 2 6 1 1520 1559 1560
2542 2 2 6 1 1560 1521 1520
2543 2 2 6 1 1521 1560 1522
2544 2 2 6 1 1522 1560 1561
2545 2 2 6 1 1522 1561 1562
2546 2 2 6 1 1562 1523 1522
2547 2 2 6 1 1523 1562 1524
2548 2 2 6 1 1524 1562 1563
2549 2 2 6 1 1524 1563 1564
2550 2 2 6 1 1564 1525 1524
2551 2 2 6 1 1525 1564 1526
2552 2 2 6 1 1526 1564 1565
2553 2 2 6 1 1526 1565 1566
2554 2 2 6 1 1566 1527 1526
2555 2 2 6 1 1527 1566 1528
2556 2 2 6 1 1528 1566 1567
2557 2 2 6 1 1528 1567 1568
2558 2 2 6 1 1568 1529 1528
2559 2 2 6 1 1529 1568 95
2560 2 2 6 1 95 1568 94
2561 2 2 6 1 40 41 1530
2562 2 2 6 1 1530 41 1569
2563 2 2 6 1 1530 1569 1570
2564 2 2 6 1 1570 1531 1530
2565 2 2 6 1 1531 1570 1532
2566 2 2 6 1 1532 1570 1571
2567 2 2 6 1 1532 1571 1572
2568 2 2 6 1 1572 1533 1532
2569 2 2 6 1 1533 1572 1534
2570 2 2 6 1 1534 1572 1573
2571 2 2 6 1 1534 1573 1574
2572 2 2 6 1 1574 1535 1534
2573 2 2 6 1 1535 1574 1536
2574 2 2 6 1 1536 1574 1575
2575 2 2 6 1 1536 1575 1576
2576 2 2 6 1 1576 1537 1536
2577 2 2 6 1 1537 1576 1538
2578 2 2 6 1 1538 1576 1577
2579 2 2 6 1 1538 1577 1578
2580 2 2 6 1 1578 1539 1538
2581 2 2 6 1 1539 1578 1540
2582 2 2 6 1 1540 1578 1579
2583 2 2 6 1 1540 1579 1580
2584 2 2 6 1 1580 1541 1540
2585 2 2 6 1 1541 1580 1542
2586 2 2 6 1 1542 1580 1581
2587 2 2 6 1 1542 1581 1582
2588 2 2 6 1 1582 1543 1542
2589 2 2 6 1 1543 1582 1544
2590 2 2 6 1 1544 1582 1583
2591 2 2 6 1 1544 1583 1584
2592 2 2 6 1 1584 1545 1544
2593 2 2 6 1 1545 1584 1546
2594 2 2 6 1 1546 1584 1585
2595 2 2 6 1 1546 1585 1586
2596 2 2 6 1 1586 1547 1546
2597 2 2 6 1 1547 1586 1548
2598 2 2 6 1 1548 1586 1587
2599 2 2 6 1 1548 1587 1588
2600 2 2 6 1 1588 1549 1548
2601 2 2 6 1 1549 1588 1550
2602 2 2 6 1 1550 1588 1589
2603 2 2 6 1 1550 1589 1590
2604 2 2 6 1 1590 1551 1550
2605 2 2 6 1 1551 1590 1552
2606 2 2 6 1 1552 1590 1591
2607 2 2 6 1 1552 1591 1592
2608 2 2 6 1 1592 1553 1552
2609 2 2 6 1 1553 1592 1554
2610 2 2 6 1 1554 1592 1593
2611 2 2 6 1 1554 1593 1594
2612 2 2 6 1 1594 1555 1554
2613 2 2 6 1 1555 1594 1556
2614 2 2 6 1 1556 1594 1595
2615 2 2 6 1 1556 1595 1596
2616 2 2 6 1 1596 1557 1556
2617 2 2 6 1 1557 1596 1558
2618 2 2 6 1 1558 1596 1597
2619 2 2 6 1 1558 1597 1598
2620 2 2 6 1 1598 1559 1558
2621 2 2 6 1 1559 1598 1560
2622 2 2 6 1 1560 1598 1599
2623 2 2 6 1 1560 1599 1600
2624 2 2 6 1 1600 1561 1560
2625 2 2 6 1 1561 1600 1562
2626 2 2 6 1 1562 1600 1601
2627 2 2 6 1 1562 1601 1602
2628 2 2 6 1 1602 1563 1562
2629 2 2 6 1 1563 1602 1564
2630 2 2 6 1 1564 1602 1603
2631 2 2 6 1 1564 1603 1604
2632 2 2 6 1 1604 1565 1564
2633 2 2 6 1 1565 1604 1566
2634 2 2 6 1 1566 1604 1605
2635 2 2 6 1 1566 1605 1606
2636 2 2 6 1 1606 1567 1566
2637 2 2 6 1 1567 1606 1568
2638 2 2 6 1 1568 1606 1607
2639 2 2 6 1 1568 1607 93
2640 2 2 6 1 93 94 1568
2641 2 2 6 1 41 42 1608
2642 2 2 6 1 1608 1569 41
2643 2 2 6 1 1569 1608 1570
2644 2 2 6 1 1570 1608 1609
2645 2 2 6 1 1570 1609 1610
2646 2 2 6 1 1610 1571 1570
2647 2 2 6 1 1571 1610 1572
2648 2 2 6 1 1572 1610 1611
2649 2 2 6 1 1572 1611 1612
2650 2 2 6 1 1612 1573 1572
2651 2 2 6 1 1573 1612 1574
2652 2 2 6 1 1574 1612 1613
2653 2 2 6 1 1574 1613 1614
2654 2 2 6 1 1614 1575 1574
2655 2 2 6 1 1575 1614 1576
2656 2 2 6 1 1576 1614 1615
2657 2 2 6 1 1576 1615 1616
2658 2 2 6 1 1616 1577 1576
2659 2 2 6 1 1577 1616 1578
2660 2 2 6 1 1578 1616 1617
2661 2 2 6 1 1578 1617 1618
2662 2 2 6 1 1618 1579 1578
2663 2 2 6 1 1579 1618 1580
2664 2 2 6 1 1580 1618 1619
2665 2 2 6 1 1580 1619 1620
2666 2 2 6 1 1620 1581 1580
2667 2 2 6 1 1581 1620 1582
2668 2 2 6 1 1582 1620 1621
2669 2 2 6 1 1582 1621 1622
2670 2 2 6 1 1622 1583 1582
2671 2 2 6 1 1583 1622 1584
2672 2 2 6 1 1584 1622 1623
2673 2 2 6 1 1584 1623 1624
2674 2 2 6 1 1624 1585 1584
2675 2 2 6 1 1585 1624 1586
2676 2 2 6 1 1586 1624 1625
2677 2 2 6 1 1586 1625 1626
2678 2 2 6 1 1626 1587 1586
2679 2 2 6 1 1587 1626 1588
2680 2 2 6 1 1588 1626 1627
2681 2 2 6 1 1588 1627 1628
2682 2 2 6 1 1628 1589 1588
2683 2 2 6 1 1589 1628 1590
2684 2 2 6 1 1590 1628 1629
2685 2 2 6 1 1590 1629 1630
2686 2 2 6 1 1630 1591 1590
2687 2 2 6 1 1591 1630 1592
2688 2 2 6 1 1592 1630 1631
2689 2 2 6 1 1592 1631 1632
2690 2 2 6 1 1632 1593 1592
2691 2 2 6 1 1593 1632 1594
2692 2 2 6 1 1594 1632 1633
2693 2 2 6 1 1594 1633 1634
2694 2 2 6 1 1634 1595 1594
2695 2 2 6 1 1595 1634 1596
2696 2 2 6 1 1596 1634 1635
2697 2 2 6 1 1596 1635 1636
2698 2 2 6 1 1636 1597 1596
2699 2 2 6 1 1597 1636 1598
2700 2 2 6 1 1598 1636 1637
2701 2 2 6 1 1598 1637 1638
2702 2 2 6 1 1638 1599 1598
2703 2 2 6 1 1599 1638 1600
2704 2 2 6 1 1600 1638 1639
2705 2 2 6 1 1600 1639 1640
2706 2 2 6 1 1640 1601 1600
2707 2 2 6 1 1601 1640 1602
2708 2 2 6 1 1602 1640 1641
2709 2 2 6 1 1602 1641 1642
2710 2 2 6 1 1642 1603 1602
2711 2 2 6 1 1603 1642 1604
2712 2 2 6 1 1604 1642 1643
2713 2 2 6 1 1604 1643 1644
2714 2 2 6 1 1644 1605 1604
2715 2 2 6 1 1605 1644 1606
2716 2 2 6 1 1606 1644 1645
2717 2 2 6 1 1606 1645 1646
2718 2 2 6 1 1646 1607 1606
2719 2 2 6 1 1607 1646 93
2720 2 2 6 1 93 1646 92
2721 2 2 6 1 42 43 1608
2722 2 2 6 1 1608 43 1647
2723 2 2 6 1 1608 1647 1648
2724 2 2 6 1 1648 1609 1608
2725 2 2 6 1 1609 1648 1610
2726 2 2 6 1 1610 1648 1649
2727 2 2 6 1 1610 1649 1650
2728 2 2 6 1 1650 1611 1610
2729 2 2 6 1 1611 1650 1612
2730 2 2 6 1 1612 1650 1651
2731 2 2 6 1 1612 1651 1652
2732 2 2 6 1 1652 1613 1612
2733 2 2 6 1 1613 1652 1614
2734 2 2 6 1 1614 1652 1653
2735 2 2 6 1 1614 1653 1654
2736 2 2 6 1 1654 1615 1614
2737 2 2 6 1 1615 1654 1616
2738 2 2 6 1 1616 1654 1655
2739 2 2 6 1 1616 1655 1656
2740 2 2 6 1 1656 1617 1616
2741 2 2 6 1 1617 1656 1618
2742 2 2 6 1 1618 1656 1657
2743 2 2 6 1 1618 1657 1658
2744 2 2 6 1 1658 1619 1618
2745 2 2 6 1 1619 1658 1620
2746 2 2 6 1 1620 1658 1659
2747 2 2 6 1 1620 1659 1660
2748 2 2 6 1 1660 1621 1620
2749 2 2 6 1 1621 1660 1622
2750 2 2 6 1 1622 1660 1661
2751 2 2 6 1 1622 1661 1662
2752 2 2 6 1 1662 1623 1622
2753 2 2 6 1 1623 1662 1624
2754 2 2 6 1 1624 1662 1663
2755 2 2 6 1 1624 1663 1664
2756 2 2 6 1 1664 1625 1624
2757 2 2 6 1 1625 1664 1626
2758 2 2 6 1 1626 1664 1665
2759 2 2 6 1 1626 1665 1666
2760 2 2 6 1 1666 1627 1626
2761 2 2 6 1 1627 1666 1628
2762 2 2 6 1 1628 1666 1667
2763 2 2 6 1 1628 1667 1668
2764 2 2 6 1 1668 1629 1628
2765 2 2 6 1 1629 1668 1630
2766 2 2 6 1 1630 1668 1669
2767 2 2 6 1 1630 1669 1670
2768 2 2 6 1 1670 1631 1630
2769 2 2 6 1 1631 1670 1632
2770 2 2 6 1 1632 1670 1671
2771 2 2 6 1 1632 1671 1672
2772 2 2 6 1 1672 1633 1632
2773 2 2 6 1 1633 1672 1634
2774 2 2 6 1 1634 1672 1673
2775 2 2 6 1 1634 1673 1674
2776 2 2 6 1 1674 1635 1634
2777 2 2 6 1 1635 1674 1636
2778 2 2 6 1 1636 1674 1675
2779 2 2 6 1 1636 1675 1676
2780 2 2 6 1 1676 1637 1636
2781 2 2 6 1 1637 1676 1638
2782 2 2 6 1 1638 1676 1677
2783 2 2 6 1 1638 1677 1678
2784 2 2 6 1 1678 1639 1638
2785 2 2 6 1 1639 1678 1640
2786 2 2 6 1 1640 1678 1679
2787 2 2 6 1 1640 1679 1680
2788 2 2 6 1 1680 1641 1640
2789 2 2 6 1 1641 1680 1642
2790 2 2 6 1 1642 1680 1681
2791 2 2 6 1 1642 1681 1682
2792 2 2 6 1 1682 1643 1642
2793 2 2 6 1 1643 1682 1644
2794 2 2 6 1 1644 1682 1683
2795 2 2 6 1 1644 1683 1684
2796 2 2 6 1 1684 1645 1644
2797 2 2 6 1 1645 1684 1646
2798 2 2 6 1 1646 1684 1685
2799 2 2 6 1 1646 1685 91
2800 2 2 6 1 91 92 1646
2801 2 2 6 1 43 44 1686
2802 2 2 6 1 1686 1647 43
2803 2 2 6 1 1647 1686 1648
2804 2 2 6 1 1648 1686 1687
2805 2 2 6 1 1648 1687 1688
2806 2 2 6 1 1688 1649 1648
2807 2 2 6 1 1649 1688 1650
2808 2 2 6 1 1650 1688 1689
2809 2 2 6 1 1650 1689 1690
2810 2 2 6 1 1690 1651 1650
2811 2 2 6 1 1651 1690 1652
2812 2 2 6 1 1652 1690 1691
2813 2 2 6 1 1652 1691 1692
2814 2 2 6 1 1692 1653 1652
2815 2 2 6 1 1653 1692 1654
2816 2 2 6 1 1654 1692 1693
2817 2 2 6 1 1654 1693 1694
2818 2 2 6 1 1694 1655 1654
2819 2 2 6 1 1655 1694 1656
2820 2 2 6 1 1656 1694 1695
2821 2 2 6 1 1656 1695 1696
2822 2 2 6 1 1696 1657 1656
2823 2 2 6 1 1657 1696 1658
2824 2 2 6 1 1658 1696 1697
2825 2 2 6 1 1658 1697 1698
2826 2 2 6 1 1698 1659 1658
2827 2 2 6 1 1659 1698 1660
2828 2 2 6 1 1660 1698 1699
2829 2 2 6 1 1660 1699 1700
2830 2 2 6 1 1700 1661 1660
2831 2 2 6 1 1661 1700 1662
2832 2 2 6 1 1662 1700 1701
2833 2 2 6 1 1662 1701 1702
2834 2 2 6 1 1702 1663 1662
2835 2 2 6 1 1663 1702 1664
2836 2 2 6 1 1664 1702 1703
2837 2 2 6 1 1664 1703 1704
2838 2 2 6 1 1704 1665 1664
2839 2 2 6 1 1665 1704 1666
2840 2 2 6 1 1666 1704 1705
2841 2 2 6 1 1666 1705 1706
2842 2 2 6 1 1706 1667 1666
2843 2 2 6 1 1667 1706 1668
2844 2 2 6 1 1668 1706 1707
2845 2 2 6 1 1668 1707 1708
2846 2 2 6 1 1708 1669 1668
2847 2 2 6 1 1669 1708 1670
2848 2 2 6 1 1670 1708 1709
2849 2 2 6 1 1670 1709 1710
2850 2 2 6 1 1710 1671 1670
2851 2 2 6 1 1671 1710 1672
2852 2 2 6 1 1672 1710 1711
2853 2 2 6 1 1672 1711 1712
2854 2 2 6 1 1712 1673 1672
2855 2 2 6 1 1673 1712 1674
2856 2 2 6 1 1674 1712 1713
2857 2 2 6 1 1674 1713 1714
2858 2 2 6 1 1714 1675 1674
2859 2 2 6 1 1675 1714 1676
2860 2 2 6 1 1676 1714 1715
2861 2 2 6 1 1676 1715 1716
2862 2 2 6 1 1716 1677 1676
2863 2 2 6 1 1677 1716 1678
2864 2 2 6 1 1678 1716 1717
2865 2 2 6 1 1678 1717 1718
2866 2 2 6 1 1718 1679 1678
2867 2 2 6 1 1679 1718 1680
2868 2 2 6 1 1680 1718 1719
2869 2 2 6 1 1680 1719 1720
2870 2 2 6 1 1720 1681 1680
2871 2 2 6 1 1681 1720 1682
2872 2 2 6 1 1682 1720 1721
2873 2 2 6 1 1682 1721 1722
2874 2 2 6 1 1722 1683 1682
2875 2 2 6 1 1683 1722 1684
2876 2 2 6 1 1684 1722 1723
2877 2 2 6 1 1684 1723 1724
2878 2 2 6 1 1724 1685 1684
2879 2 2 6 1 1685 1724 91
2880 2 2 6 1 91 1724 90
2881 2 2 6 1 44 45 1686
2882 2 2 6 1 1686 45 1725
2883 2 2 6 1 1686 1725 1726
2884 2 2 6 1 1726 1687 1686
2885 2 2 6 1 1687 1726 1688
2886 2 2 6 1 1688 1726 1727
2887 2 2 6 1 1688 1727 1728
2888 2 2 6 1 1728 1689 1688
2889 2 2 6 1 1689 1728 1690
2890 2 2 6 1 1690 1728 1729
2891 2 2 6 1 1690 1729 1730
2892 2 2 6 1 1730 1691 1690
2893 2 2 6 1 1691 1730 1692
2894 2 2 6 1 1692 1730 1731
2895 2 2 6 1 1692 1731 1732
2896 2 2 6 1 1732 1693 1692
2897 2 2 6 1 1693 1732 1694
2898 2 2 6 1 1694 1732 1733
2899 2 2 6 1 1694 1733 1734
2900 2 2 6 1 1734 1695 1694
2901 2 2 6 1 1695 1734 1696
2902 2 2 6 1 1696 1734 1735
2903 2 2 6 1 1696 1735 1736
2904 2 2 6 1 1736 1697 1696
2905 2 2 6 1 1697 1736 1698
2906 2 2 6 1 1698 1736 1737
2907 2 2 6 1 1698 1737 1738
2908 2 2 6 1 1738 1699 1698
2909 2 2 6 1 1699 1738 1700
2910 2 2 6 1 1700 1738 1739
2911 2 2 6 1 1700 1739 1740
2912 2 2 6 1 1740 1701 1700
2913 2 2 6 1 1701 1740 1702
2914 2 2 6 1 1702 1740 1741
2915 2 2 6 1 1702 1741 1742
2916 2 2 6 1 1742 1703 1702
2917 2 2 6 1 1703 1742 1704
2918 2 2 6 1 1704 1742 1743
2919 2 2 6 1 1704 1743 1744
2920 2 2 6 1 1744 1705 1704
2921 2 2 6 1 1705 1744 1706
2922 2 2 6 1 1706 1744 1745
2923 2 2 6 1 1706 1745 1746
2924 2 2 6 1 1746 1707 1706
2925 2 2 6 1 1707 1746 1708
2926 2 2 6 1 1708 1746 1747
2927 2 2 6 1 1708 1747 1748
2928 2 2 6 1 1748 1709 1708
2929 2 2 6 1 1709 1748 1710
2930 2 2 6 1 1710 1748 1749
2931 2 2 6 1 1710 1749 1750
2932 2 2 6 1 1750 1711 1710
2933 2 2 6 1 1711 1750 1712
2934 2 2 6 1 1712 1750 1751
2935 2 2 6 1 1712 1751 1752
2936 2 2 6 1 1752 1713 1712
2937 2 2 6 1 1713 1752 1714
2938 2 2 6 1 1714 1752 1753
2939 2 2 6 1 1714 1753 1754
2940 2 2 6 1 1754 1715 1714
2941 2 2 6 1 1715 1754 1716
2942 2 2 6 1 1716 1754 1755
2943 2 2 6 1 1716 1755 1756
2944 2 2 6 1 1756 1717 1716
2945 2 2 6 1 1717 1756 1718
2946 2 2 6 1 1718 1756 1757
2947 2 2 6 1 1718 1757 1758
2948 2 2 6 1 1758 1719 1718
2949 2 2 6 1 1719 1758 1720
2950 2 2 6 1 1720 1758 1759
2951 2 2 6 1 1720 1759 1760
2952 2 2 6 1 1760 1721 1720
2953 2 2 6 1 1721 1760 1722
2954 2 2 6 1 1722 1760 1761
2955 2 2 6 1 1722 1761 1762
2956 2 2 6 1 1762 1723 1722
2957 2 2 6 1 1723 1762 1724
2958 2 2 6 1 1724 1762 1763
2959 2 2 6 1 1724 1763 89
2960 2 2 6 1 89 90 1724
2961 2 2 6 1 45 46 1764
2962 2 2 6 1 1764 1725 45
2963 2 2 6 1 1725 1764 1726
2964 2 2 6 1 1726 1764 1765
2965 2 2 6 1 1726 1765 1766
2966 2 2 6 1 1766 1727 1726
2967 2 2 6 1 1727 1766 1728
2968 2 2 6 1 1728 1766 1767
2969 2 2 6 1 1728 1767 1768
2970 2 2 6 1 1768 1729 1728
2971 2 2 6 1 1729 1768 1730
2972 2 2 6 1 1730 1768 1769
2973 2 2 6 1 1730 1769 1770
2974 2 2 6 1 1770 1731 1730
2975 2 2 6 1 1731 1770 1732
2976 2 2 6 1 1732 1770 1771
2977 2 2 6 1 1732 1771 1772
2978 2 2 6 1 1772 1733 1732
2979 2 2 6 1 1733 1772 1734
2980 2 2 6 1 1734 1772 1773
2981 2 2 6 1 1734 1773 1774
2982 2 2 6 1 1774 1735 1734
2983 2 2 6 1 1735 1774 1736
2984 2 2 6 1 1736 1774 1775
2985 2 2 6 1 1736 1775 1776
2986 2 2 6 1 1776 1737 1736
2987 2 2 6 1 1737 1776 1738
2988 2 2 6 1 1738 1776 1777
2989 2 2 6 1 1738 1777 1778
2990 2 2 6 1 1778 1739 1738
2991 2 2 6 1 1739 1778 1740
2992 2 2 6 1 1740 1778 1779
2993 2 2 6 1 1740 1779 1780
2994 2 2 6 1 1780 1741 1740
2995 2 2 6 1 1741 1780 1742
2996 2 2 6 1 1742 1780 1781
2997 2 2 6 1 1742 1781 1782
2998 2 2 6 1 1782 1743 1742
2999 2 2 6 1 1743 1782 1744
3000 2 2 6 1 1744 1782 1783
3001 2 2 6 1 1744 1783 1784
3002 2 2 6 1 1784 1745 1744
3003 2 2 6 1 1745 1784 1746
3004 2 2 6 1 1746 1784 1785
3005 2 2 6 1 1746 1785 1786
3006 2 2 6 1 1786 1747 1746
3007 2 2 6 1 1747 1786 1748
3008 2 2 6 1 1748 1786 1787
3009 2 2 6 1 1748 1787 1788
3010 2 2 6 1 1788 1749 1748
3011 2 2 6 1 1749 1788 1750
3012 2 2 6 1 1750 1788 1789
3013 2 2 6 1 1750 1789 1790
3014 2 2 6 1 1790 1751 1750
3015 2 2 6 1 1751 1790 1752
3016 2 2 6 1 1752 1790 1791
3017 2 2 6 1 1752 1791 1792
3018 2 2 6 1 1792 1753 1752
3019 2 2 6 1 1753 1792 1754
3020 2 2 6 1 1754 1792 1793
3021 2 2 6 1 1754 1793 1794
3022 2 2 6 1 1794 1755 1754
3023 2 2 6 1 1755 1794 1756
3024 2 2 6 1 1756 1794 1795
3025 2 2 6 1 1756 1795 1796
3026 2 2 6 1 1796 1757 1756
3027 2 2 6 1 1757 1796 1758
3028 2 2 6 1 1758 1796 1797
3029 2 2 6 1 1758 1797 1798
3030 2 2 6 1 1798 1759 1758
3031 2 2 6 1 1759 1798 1760
3032 2 2 6 1 1760 1798 1799
3033 2 2 6 1 1760 1799 1800
3034 2 2 6 1 1800 1761 1760
3035 2 2 6 1 1761 1800 1762
3036 2 2 6 1 1762 1800 1801
3037 2 2 6 1 1762 1801 1802
3038 2 2 6 1 1802 1763 1762
3039 2 2 6 1 1763 1802 89
3040 2 2 6 1 89 1802 88
3041 2 2 6 1 46 47 1764
3042 2 2 6 1 1764 47 1803
3043 2 2 6 1 1764 1803 1804
3044 2 2 6 1 1804 1765 1764
3045 2 2 6 1 1765 1804 1766
3046 2 2 6 1 1766 1804 1805
3047 2 2 6 1 1766 1805 1806
3048 2 2 6 1 1806 1767 1766
3049 2 2 6 1 1767 1806 1768
3050 2 2 6 1 1768 1806 1807
3051 2 2 6 1 1768 1807 1808
3052 2 2 6 1 1808 1769 1768
3053 2 2 6 1 1769 1808 1770
3054 2 2 6 1 1770 1808 1809
3055 2 2 6 1 1770 1809 1810
3056 2 2 6 1 1810 1771 1770
3057 2 2 6 1 1771 1810 1772
3058 2 2 6 1 1772 1810 1811
3059 2 2 6 1 1772 1811 1812
3060 2 2 6 1 1812 1773 1772
3061 2 2 6 1 1773 1812 1774
3062 2 2 6 1 1774 1812 1813
3063 2 2 6 1 1774 1813 1814
3064 2 2 6 1 1814 1775 1774
3065 2 2 6 1 1775 1814 1776
3066 2 2 6 1 1776 1814 1815
3067 2 2 6 1 1776 1815 1816
3068 2 2 6 1 1816 1777 1776
3069 2 2 6 1 1777 1816 1778
3070 2 2 6 1 1778 1816 1817
3071 2 2 6 1 1778 1817 1818
3072 2 2 6 1 1818 1779 1778
3073 2 2 6 1 1779 1818 1780
3074 2 2 6 1 1780 1818 1819
3075 2 2 6 1 1780 1819 1820
3076 2 2 6 1 1820 1781 1780
3077 2 2 6 1 1781 1820 1782
3078 2 2 6 1 1782 1820 1821
3079 2 2 6 1 1782 1821 1822
3080 2 2 6 1 1822 1783 1782
3081 2 2 6 1 1783 1822 1784
3082 2 2 6 1 1784 1822 1823
3083 2 2 6 1 1784 1823 1824
3084 2 2 6 1 1824 1785 1784
3085 2 2 6 1 1785 1824 1786
3086 2 2 6 1 1786 1824 1825
3087 2 2 6 1 1786 1825 1826
3088 2 2 6 1 1826 1787 1786
3089 2 2 6 1 1787 1826 1788
3090 2 2 6 1 1788 1826 1827
3091 2 2 6 1 1788 1827 1828
3092 2 2 6 1 1828 1789 1788
3093 2 2 6 1 1789 1828 1790
3094 2 2 6 1 1790 1828 1829
3095 2 2 6 1 1790 1829 1830
3096 2 2 6 1 1830 1791 1790
3097 2 2 6 1 1791 1830 1792
3098 2 2 6 1 1792 1830 1831
3099 2 2 6 1 1792 1831 1832
3100 2 2 6 1 1832 1793 1792
3101 2 2 6 1 1793 1832 1794
3102 2 2 6 1 1794 1832 1833
3103 2 2 6 1 1794 1833 1834
3104 2 2 6 1 1834 1795 1794
3105 2 2 6 1 1795 1834 1796
3106 2 2 6 1 1796 1834 1835
3107 2 2 6 1 1796 1835 1836
3108 2 2 6 1 1836 1797 1796
3109 2 2 6 1 1797 1836 1798
3110 2 2 6 1 1798 1836 1837
3111 2 2 6 1 1798 1837 1838
3112 2 2 6 1 1838 1799 1798
3113 2 2 6 1 1799 1838 1800
3114 2 2 6 1 1800 1838 1839
3115 2 2 6 1 1800 1839 1840
3116 2 2 6 1 1840 1801 1800
3117 2 2 6 1 1801 1840 1802
3118 2 2 6 1 1802 1840 1841
3119 2 2 6 1 1802 1841 87
3120 2 2 6 1 87 88 1802
3121 2 2 6 1 47 2 48
3122 2 2 6 1 48 1803 47
3123 2 2 6 1 1803 48 1804
3124 2 2 6 1 1804 48 49
3125 2 2 6 1 1804 49 50
3126 2 2 6 1 50 1805 1804
3127 2 2 6 1 1805 50 1806
3128 2 2 6 1 1806 50 51
3129 2 2 6 1 1806 51 52
3130 2 2 6 1 52 1807 1806
3131 2 2 6 1 1807 52 1808
3132 2 2 6 1 1808 52 53
3133 2 2 6 1 1808 53 54
3134 2 2 6 1 54 1809 1808
3135 2 2 6 1 1809 54 1810
3136 2 2 6 1 1810 54 55
3137 2 2 6 1 1810 55 56
3138 2 2 6 1 56 1811 1810
3139 2 2 6 1 1811 56 1812
3140 2 2 6 1 1812 56 57
3141 2 2 6 1 1812 57 58
3142 2 2 6 1 58 1813 1812
3143 2 2 6 1 1813 58 1814
3144 2 2 6 1 1814 58 59
3145 2 2 6 1 1814 59 60
3146 2 2 6 1 60 1815 1814
3147 2 2 6 1 1815 60 1816
3148 2 2 6 1 1816 60 61
3149 2 2 6 1 1816 61 62
3150 2 2 6 1 62 1817 1816
3151 2 2 6 1 1817 62 1818
3152 2 2 6 1 1818 62 63
3153 2 2 6 1 1818 63 64
3154 2 2 6 1 64 1819 1818
3155 2 2 6 1 1819 64 1820
3156 2 2 6 1 1820 64 65
3157 2 2 6 1 1820 65 66
3158 2 2 6 1 66 1821 1820
3159 2 2 6 1 1821 66 1822
3160 2 2 6 1 1822 66 67
3161 2 2 6 1 1822 67 68
3162 2 2 6 1 68 1823 1822
3163 2 2 6 1 1823 68 1824
3164 2 2 6 1 1824 68 69
3165 2 2 6 1 1824 69 70
3166 2 2 6 1 70 1825 1824
3167 2 2 6 1 1825 70 1826
3168 2 2 6 1 1826 70 71
3169 2 2 6 1 1826 71 72
3170 2 2 6 1 72 1827 1826
3171 2 2 6 1 1827 72 1828
3172 2 2 6 1 1828 72 73
3173 2 2 6 1 1828 73 74
3174 2 2 6 1 74 1829 1828
3175 2 2 6 1 1829 74 1830
3176 2 2 6 1 1830 74 75
3177 2 2 6 1 1830 75 76
3178 2 2 6 1 76 1831 1830
3179 2 2 6 1 1831 76 1832
3180 2 2 6 1 1832 76 77
3181 2 2 6 1 1832 77 78
3182 2 2 6 1 78 1833 1832
3183 2 2 6 1 1833 78 1834
3184 2 2 6 1 1834 78 79
3185 2 2 6 1 1834 79 80
3186 2 2 6 1 80 1835 1834
3187 2 2 6 1 1835 80 1836
3188 2 2 6 1 1836 80 81
3189 2 2 6 1 1836 81 82
3190 2 2 6 1 82 1837 1836
3191 2 2 6 1 1837 82 1838
3192 2 2 6 1 1838 82 83
3193 2 2 6 1 1838 83 84
3194 2 2 6 1 84 1839 1838
3195 2 2 6 1 1839 84 1840
3196 2 2 6 1 1840 84 85
3197 2 2 6 1 1840 85 86
3198 2 2 6 1 86 1841 1840
3199 2 2 6 1 1841 86 87
3200 2 2 6 1 87 86 3
3201 2 2 4 13 1 9 5
3202 2 2 4 13 5 9 165
3203 2 2 4 13 9 10 166
3204 2 2 4 13 166 165 9
3205 2 2 4 13 10 11 166
3206 2 2 4 13 166 11 167
3207 2 2 4 13 11 12 168
3208 2 2 4 13 168 167 11
3209 2 2 4 13 12 13 168
3210 2 2 4 13 168 13 169
3211 2 2 4 13 13 14 170
3212 2 2 4 13 170 169 13
3213 2 2 4 13 14 15 170
3214 2 2 4 13 170 15 171
3215 2 2 4 13 15 16 172
3216 2 2 4 13 172 171 15
3217 2 2 4 13 16 17 172
3218 2 2 4 13 172 17 173
3219 2 2 4 13 17 18 174
3220 2 2 4 13 174 173 17
3221 2 2 4 13 18 19 174
3222 2 2 4 13 174 19 175
3223 2 2 4 13 19 20 176
3224 2 2 4 13 176 175 19
3225 2 2 4 13 20 21 176
3226 2 2 4 13 176 21 177
3227 2 2 4 13 21 22 178
3228 2 2 4 13 178 177 21
3229 2 2 4 13 22 23 178
3230 2 2 4 13 178 23 179
3231 2 2 4 13 23 24 180
3232 2 2 4 13 180 179 23
3233 2 2 4 13 24 25 180
3234 2 2 4 13 180 25 181
3235 2 2 4 13 25 26 182
3236 2 2 4 13 182 181 25
3237 2 2 4 13 26 27 182
3238 2 2 4 13 182 27 183
3239 2 2 4 13 27 28 184
3240 2 2 4 13 184 183 27
3241 2 2 4 13 28 29 184
3242 2 2 4 13 184 29 185
3243 2 2 4 13 29 30 186
3244 2 2 4 13 186 185 29
3245 2 2 4 13 30 31 186
3246 2 2 4 13 186 31 187
3247 2 2 4 13 31 32 188
3248 2 2 4 13 188 187 31
3249 2 2 4 13 32 33 188
3250 2 2 4 13 188 33 189
3251 2 2 4 13 33 34 190
3252 2 2 4 13 190 189 33
3253 2 2 4 13 34 35 190
3254 2 2 4 13 190 35 191
3255 2 2 4 13 35 36 192
3256 2 2 4 13 192 191 35
3257 2 2 4 13 36 37 192
3258 2 2 4 13 192 37 193
3259 2 2 4 13 37 38 194
3260 2 2 4 13 194 193 37
3261 2 2 4 13 38 39 194
3262 2 2 4 13 194 39 195
3263 2 2 4 13 39 40 196
3264 2 2 4 13 196 195 39
3265 2 2 4 13 40 41 196
3266 2 2 4 13 196 41 197
3267 2 2 4 13 41 42 198
3268 2 2 4 13 198 197 41
3269 2 2 4 13 42 43 198
3270 2 2 4 13 198 43 199
3271 2 2 4 13 43 44 200
3272 2 2 4 13 200 199 43
3273 2 2 4 13 44 45 200
3274 2 2 4 13 200 45 201
3275 2 2 4 13 45 46 202
3276 2 2 4 13 202 201 45
3277 2 2 4 13 46 47 202
3278 2 2 4 13 202 47 203
3279 2 2 4 13 47 2 6
3280 2 2 4 13 6 203 47
3281 2 2 1 17 2 48 6
3282 2 2 1 17 6 48 204
3283 2 2 1 17 48 49 205
3284 2 2 1 17 205 204 48
3285 2 2 1 17 49 50 205
3286 2 2 1 17 205 50 206
3287 2 2 1 17 50 51 207
3288 2 2 1 17 207 206 50
3289 2 2 1 17 51 52 207
3290 2 2 1 17 207 52 208
3291 2 2 1 17 52 53 209
3292 2 2 1 17 209 208 52
3293 2 2 1 17 53 54 209
3294 2 2 1 17 209 54 210
3295 2 2 1 17 54 55 211
3296 2 2 1 17 211 210 54
3297 2 2 1 17 55 56 211
3298 2 2 1 17 211 56 212
3299 2 2 1 17 56 57 213
3300 2 2 1 17 213 212 56
3301 2 2 1 17 57 58 213
3302 2 2 1 17 213 58 214
3303 2 2 1 17 58 59 215
3304 2 2 1 17 215 214 58
3305 2 2 1 17 59 60 215
3306 2 2 1 17 215 60 216
3307 2 2 1 17 60 61 217
3308 2 2 1 17 217 216 60
3309 2 2 1 17 61 62 217
3310 2 2 1 17 217 62 218
3311 2 2 1 17 62 63 219
3312 2 2 1 17 219 218 62
3313 2 2 1 17 63 64 219
3314 2 2 1 17 219 64 220
3315 2 2 1 17 64 65 221
3316 2 2 1 17 221 220 64
3317 2 2 1 17 65 66 221
3318 2 2 1 17 221 66 222
3319 2 2 1 17 66 67 223
3320 2 2 1 17 223 222 66
3321 2 2 1 17 67 68 223
3322 2 2 1 17 223 68 224
3323 2 2 1 17 68 69 225
3324 2 2 1 17 225 224 68
3325 2 2 1 17 69 70 225
3326 2 2 1 17 225 70 226
3327 2 2 1 17 70 71 227
3328 2 2 1 17 227 226 70
3329 2 2 1 17 71 72 227
3330 2 2 1 17 227 72 228
3331 2 2 1 17 72 73 229
3332 2 2 1 17 229 228 72
3333 2 2 1 17 73 74 229
3334 2 2 1 17 229 74 230
3335 2 2 1 17 74 75 231
3336 2 2 1 17 231 230 74
3337 2 2 1 17 75 76 231
3338 2 2 1 17 231 76 232
3339 2 2 1 17 76 77 233
3340 2 2 1 17 233 232 76
3341 2 2 1 17 77 78 233
3342 2 2 1 17 233 78 234
3343 2 2 1 17 78 79 235
3344 2 2 1 17 235 234 78
3345 2 2 1 17 79 80 235
3346 2 2 1 17 235 80 236
3347 2 2 1 17 80 81 237
3348 2 2 1 17 237 236 80
3349 2 2 1 17 81 82 237
3350 2 2 1 17 237 82 238
3351 2 2 1 17 82 83 239
3352 2 2 1 17 239 238 82
3353 2 2 1 17 83 84 239
3354 2 2 1 17 239 84 240
3355 2 2 1 17 84 85 241
3356 2 2 1 17 241 240 84
3357 2 2 1 17 85 86 241
3358 2 2 1 17 241 86 242
3359 2 2 1 17 86 3 7
3360 2 2 1 17 7 242 86
3361 2 2 3 21 3 87 7
3362 2 2 3 21 7 87 243
3363 2 2 3 21 87 88 244
3364 2 2 3 21 244 243 87
3365 2 2 3 21 88 89 244
3366 2 2 3 21 244 89 245
3367 2 2 3 21 89 90 246
3368 2 2 3 21 246 245 89
3369 2 2 3 21 90 91 246
3370 2 2 3 21 246 91 247
3371 2 2 3 21 91 92 248
3372 2 2 3 21 248 247 91
3373 2 2 3 21 92 93 248
3374 2 2 3 21 248 93 249
3375 2 2 3 21 93 94 250
3376 2 2 3 21 250 249 93
3377 2 2 3 21 94 95 250
3378 2 2 3 21 250 95 251
3379 2 2 3 21 95 96 252
3380 2 2 3 21 252 251 95
3381 2 2 3 21 96 97 252
3382 2 2 3 21 252 97 253
3383 2 2 3 21 97 98 254
3384 2 2 3 21 254 253 97
3385 2 2 3 21 98 99 254
3386 2 2 3 21 254 99 255
3387 2 2 3 21 99 100 256
3388 2 2 3 21 256 255 99
3389 2 2 3 21 100 101 256
3390 2 2 3 21 256 101 257
3391 2 2 3 21 101 102 258
3392 2 2 3 21 258 257 101
3393 2 2 3 21 102 103 258
3394 2 2 3 21 258 103 259
3395 2 2 3 21 103 104 260
3396 2 2 3 21 260 259 103
3397 2 2 3 21 104 105 260
3398 2 2 3 21 260 105 261
3399 2 2 3 21 105 106 262
3400 2 2 3 21 262 261 105
3401 2 2 3 21 106 107 262
3402 2 2 3 21 262 107 263
3403 2 2 3 21 107 108 264
3404 2 2 3 21 264 263 107
3405 2 2 3 21 108 109 264
3406 2 2 3 21 264 109 265
3407 2 2 3 21 109 110 266
3408 2 2 3 21 266 265 109
3409 2 2 3 21 110 111 266
3410 2 2 3 21 266 111 267
3411 2 2 3 21 111 112 268
3412 2 2 3 21 268 267 111
3413 2 2 3 21 112 113 268
3414 2 2 3 21 268 113 269
3415 2 2 3 21 113 114 270
3416 2 2 3 21 270 269 113
3417 2 2 3 21 114 115 270
3418 2 2 3 21 270 115 271
3419 2 2 3 21 115 116 272
3420 2 2 3 21 272 271 115
3421 2 2 3 21 116 117 272
3422 2 2 3 21 272 117 273
3423 2 2 3 21 117 118 274
3424 2 2 3 21 274 273 117
3425 2 2 3 21 118 119 274
3426 2 2 3 21 274 119 275
3427 2 2 3 21 119 120 276
3428 2 2 3 21 276 275 119
3429 2 2 3 21 120 121 276
3430 2 2 3 21 276 121 277
3431 2 2 3 21 121 122 278
3432 2 2 3 21 278 277 121
3433 2 2 3 21 122 123 278
3434 2 2 3 21 278 123 279
3435 2 2 3 21 123 124 280
3436 2 2 3 21 280 279 123
3437 2 2 3 21 124 125 280
3438 2 2 3 21 280 125 281
3439 2 2 3 21 125 4 8
3440 2 2 3 21 8 281 125
3441 2 2 2 25 1 5 164
3442 2 2 2 25 5 320 164
3443 2 2 2 25 164 319 163
3444 2 2 2 25 319 164 320
3445 2 2 2 25 163 319 162
3446 2 2 2 25 319 318 162
3447 2 2 2 25 162 317 161
3448 2 2 2 25 317 162 318
3449 2 2 2 25 161 317 160
3450 2 2 2 25 317 316 160
3451 2 2 2 25 160 315 159
3452 2 2 2 25 315 160 316
3453 2 2 2 25 159 315 158
3454 2 2 2 25 315 314 158
3455 2 2 2 25 158 313 157
3456 2 2 2 25 313 158 314
3457 2 2 2 25 157 313 156
3458 2 2 2 25 313 312 156
3459 2 2 2 25 156 311 155
3460 2 2 2 25 311 156 312
3461 2 2 2 25 155 311 154
3462 2 2 2 25 311 310 154
3463 2 2 2 25 154 309 153
3464 2 2 2 25 309 154 310
3465 2 2 2 25 153 309 152
3466 2 2 2 25 309 308 152
3467 2 2 2 25 152 307 151
3468 2 2 2 25 307 152 308
3469 2 2 2 25 151 307 150
3470 2 2 2 25 307 306 150
3471 2 2 2 25 150 305 149
3472 2 2 2 25 305 150 306
3473 2 2 2 25 149 305 148
3474 2 2 2 25 305 304 148
3475 2 2 2 25 148 303 147
3476 2 2 2 25 303 148 304
3477 2 2 2 25 147 303 146
3478 2 2 2 25 303 302 146
3479 2 2 2 25 146 301 145
3480 2 2 2 25 301 146 302
3481 2 2 2 25 145 301 144
3482 2 2 2 25 301 300 144
3483 2 2 2 25 144 299 143
3484 2 2 2 25 299 144 300
3485 2 2 2 25 143 299 142
3486 2 2 2 25 299 298 142
3487 2 2 2 25 142 297 141
3488 2 2 2 25 297 142 298
3489 2 2 2 25 141 297 140
3490 2 2 2 25 297 296 140
3491 2 2 2 25 140 295 139
3492 2 2 2 25 295 140 296
3493 2 2 2 25 139 295 138
3494 2 2 2 25 295 294 138
3495 2 2 2 25 138 293 137
3496 2 2 2 25 293 138 294
3497 2 2 2 25 137 293 136
3498 2 2 2 25 293 292 136
3499 2 2 2 25 136 291 135
3500 2 2 2 25 291 136 292
3501 2 2 2 25 135 291 134
3502 2 2 2 25 291 290 134
3503 2 2 2 25 134 289 133
3504 2 2 2 25 289 134 290
3505 2 2 2 25 133 289 132
3506 2 2 2 25 289 288 132
3507 2 2 2 25 132 287 131
3508 2 2 2 25 287 132 288
3509 2 2 2 25 131 287 130
3510 2 2 2 25 287 286 130
3511 2 2 2 25 130 285 129
3512 2 2 2 25 285 130 286
3513 2 2 2 25 129 285 128
3514 2 2 2 25 285 284 128
3515 2 2 2 25 128 283 127
3516 2 2 2 25 283 128 284
3517 2 2 2 25 127 283 126
3518 2 2 2 25 283 282 126
3519 2 2 2 25 126 8 4
3520 2 2 2 25 8 126 282
3521 2 2 5 26 5 165 320
3522 2 2 5 26 320 165 1842
3523 2 2 5 26 320 1842 1843
3524 2 2 5 26 1843 319 320
3525 2 2 5 26 319 1843 318
3526 2 2 5 26 318 1843 1844
3527 2 2 5 26 318 1844 1845
3528 2 2 5 26 1845 317 318
3529 2 2 5 26 317 1845 316
3530 2 2 5 26 316 1845 1846
3531 2 2 5 26 316 1846 1847
3532 2 2 5 26 1847 315 316
3533 2 2 5 26 315 1847 314
3534 2 2 5 26 314 1847 1848
3535 2 2 5 26 314 1848 1849
3536 2 2 5 26 1849 313 314
3537 2 2 5 26 313 1849 312
3538 2 2 5 26 312 1849 1850
3539 2 2 5 26 312 1850 1851
3540 2 2 5 26 1851 311 312
3541 2 2 5 26 311 1851 310
3542 2 2 5 26 310 1851 1852
3543 2 2 5 26 310 1852 1853
3544 2 2 5 26 1853 309 310
3545 2 2 5 26 309 1853 308
3546 2 2 5 26 308 1853 1854
3547 2 2 5 26 308 1854 1855
3548 2 2 5 26 1855 307 308
3549 2 2 5 26 307 1855 306
3550 2 2 5 26 306 1855 1856
3551 2 2 5 26 306 1856 1857
3552 2 2 5 26 1857 305 306
3553 2 2 5 26 305 1857 304
3554 2 2 5 26 304 1857 1858
3555 2 2 5 26 304 1858 1859
3556 2 2 5 26 1859 303 304
3557 2 2 5 26 303 1859 302
3558 2 2 5 26 302 1859 1860
3559 2 2 5 26 302 1860 1861
3560 2 2 5 26 1861 301 302
3561 2 2 5 26 301 1861 300
3562 2 2 5 26 300 1861 1862
3563 2 2 5 26 300 1862 1863
3564 2 2 5 26 1863 299 300
3565 2 2 5 26 299 1863 298
3566 2 2 5 26 298 1863 1864
3567 2 2 5 26 298 1864 1865
3568 2 2 5 26 1865 297 298
3569 2 2 5 26 297 1865 296
3570 2 2 5 26 296 1865 1866
3571 2 2 5 26 296 1866 1867
3572 2 2 5 26 1867 295 296
3573 2 2 5 26 295 1867 294
3574 2 2 5 26 294 1867 1868
3575 2 2 5 26 294 1868 1869
3576 2 2 5 26 1869 293 294
3577 2 2 5 26 293 1869 292
3578 2 2 5 26 292 1869 1870
3579 2 2 5 26 292 1870 1871
3580 2 2 5 26 1871 291 292
3581 2 2 5 26 291 1871 290
3582 2 2 5 26 290 1871 1872
3583 2 2 5 26 290 1872 1873
3584 2 2 5 26 1873 289 290
3585 2 2 5 26 289 1873 288
3586 2 2 5 26 288 1873 1874
3587 2 2 5 26 288 1874 1875
3588 2 2 5 26 1875 287 288
3589 2 2 5 26 287 1875 286
3590 2 2 5 26 286 1875 1876
3591 2 2 5 26 286 1876 1877
3592 2 2 5 26 1877 285 286
3593 2 2 5 26 285 1877 284
3594 2 2 5 26 284 1877 1878
3595 2 2 5 26 284 1878 1879
3596 2 2 5 26 1879 283 284
3597 2 2 5 26 283 1879 282
3598 2 2 5 26 282 1879 1880
3599 2 2 5 26 282 1880 281
3600 2 2 5 26 281 8 282
3601 2 2 5 26 165 166 1881
3602 2 2 5 26 1881 1842 165
3603 2 2 5 26 1842 1881 1843
3604 2 2 5 26 1843 1881 1882
3605 2 2 5 26 1843 1882 1883
3606 2 2 5 26 1883 1844 1843
3607 2 2 5 26 1844 1883 1845
3608 2 2 5 26 1845 1883 1884
3609 2 2 5 26 1845 1884 1885
3610 2 2 5 26 1885 1846 1845
3611 2 2 5 26 1846 1885 1847
3612 2 2 5 26 1847 1885 1886
3613 2 2 5 26 1847 1886 1887
3614 2 2 5 26 1887 1848 1847
3615 2 2 5 26 1848 1887 1849
3616 2 2 5 26 1849 1887 1888
3617 2 2 5 26 1849 1888 1889
3618 2 2 5 26 1889 1850 1849
3619 2 2 5 26 1850 1889 1851
3620 2 2 5 26 1851 1889 1890
3621 2 2 5 26 1851 1890 1891
3622 2 2 5 26 1891 1852 1851
3623 2 2 5 26 1852 1891 1853
3624 2 2 5 26 1853 1891 1892
3625 2 2 5 26 1853 1892 1893
3626 2 2 5 26 1893 1854 1853
3627 2 2 5 26 1854 1893 1855
3628 2 2 5 26 1855 1893 1894
3629 2 2 5 26 1855 1894 1895
3630 2 2 5 26 1895 1856 1855
3631 2 2 5 26 1856 1895 1857
3632 2 2 5 26 1857 1895 1896
3633 2 2 5 26 1857 1896 1897
3634 2 2 5 26 1897 1858 1857
3635 2 2 5 26 1858 1897 1859
3636 2 2 5 26 1859 1897 1898
3637 2 2 5 26 1859 1898 1899
3638 2 2 5 26 1899 1860 1859
3639 2 2 5 26 1860 1899 1861
3640 2 2 5 26 1861 1899 1900
3641 2 2 5 26 1861 1900 1901
3642 2 2 5 26 1901 1862 1861
3643 2 2 5 26 1862 1901 1863
3644 2 2 5 26 1863 1901 1902
3645 2 2 5 26 1863 1902 1903
3646 2 2 5 26 1903 1864 1863
3647 2 2 5 26 1864 1903 1865
3648 2 2 5 26 1865 1903 1904
3649 2 2 5 26 1865 1904 1905
3650 2 2 5 26 1905 1866 1865
3651 2 2 5 26 1866 1905 1867
3652 2 2 5 26 1867 1905 1906
3653 2 2 5 26 1867 1906 1907
3654 2 2 5 26 1907 1868 1867
3655 2 2 5 26 1868 1907 1869
3656 2 2 5 26 1869 1907 1908
3657 2 2 5 26 1869 1908 1909
3658 2 2 5 26 1909 1870 1869
3659 2 2 5 26 1870 1909 1871
3660 2 2 5 26 1871 1909 1910
3661 2 2 5 26 1871 1910 1911
3662 2 2 5 26 1911 1872 1871
3663 2 2 5 26 1872 1911 1873
3664 2 2 5 26 1873 1911 1912
3665 2 2 5 26 1873 1912 1913
3666 2 2 5 26 1913 1874 1873
3667 2 2 5 26 1874 1913 1875
3668 2 2 5 26 1875 1913 1914
3669 2 2 5 26 1875 1914 1915
3670 2 2 5 26 1915 1876 1875
3671 2 2 5 26 1876 1915 1877
3672 2 2 5 26 1877 1915 1916
3673 2 2 5 26 1877 1916 1917
3674 2 2 5 26 1917 1878 1877
3675 2 2 5 26 1878 1917 1879
3676 2 2 5 26 1879 1917 1918
3677 2 2 5 26 1879 1918 1919
3678 2 2 5 26 1919 1880 1879
3679 2 2 5 26 1880 1919 281
3680 2 2 5 26 281 1919 280
3681 2 2 5 26 166 167 1881
3682 2 2 5 26 1881 167 1920
3683 2 2 5 26 1881 1920 1921
3684 2 2 5 26 1921 1882 1881
3685 2 2 5 26 1882 1921 1883
3686 2 2 5 26 1883 1921 1922
3687 2 2 5 26 1883 1922 1923
3688 2 2 5 26 1923 1884 1883
3689 2 2 5 26 1884 1923 1885
3690 2 2 5 26 1885 1923 1924
3691 2 2 5 26 1885 1924 1925
3692 2 2 5 26 1925 1886 1885
3693 2 2 5 26 1886 1925 1887
3694 2 2 5 26 1887 1925 1926
3695 2 2 5 26 1887 1926 1927
3696 2 2 5 26 1927 1888 1887
3697 2 2 5 26 1888 1927 1889
3698 2 2 5 26 1889 1927 1928
3699 2 2 5 26 1889 1928 1929
3700 2 2 5 26 1929 1890 1889
3701 2 2 5 26 1890 1929 1891
3702 2 2 5 26 1891 1929 1930
3703 2 2 5 26 1891 1930 1931
3704 2 2 5 26 1931 1892 1891
3705 2 2 5 26 1892 1931 1893
3706 2 2 5 26 1893 1931 1932
3707 2 2 5 26 1893 1932 1933
3708 2 2 5 26 1933 1894 1893
3709 2 2 5 26 1894 1933 1895
3710 2 2 5 26 1895 1933 1934
3711 2 2 5 26 1895 1934 1935
3712 2 2 5 26 1935 1896 1895
3713 2 2 5 26 1896 1935 1897
3714 2 2 5 26 1897 1935 1936
3715 2 2 5 26 1897 1936 1937
3716 2 2 5 26 1937 1898 1897
3717 2 2 5 26 1898 1937 1899
3718 2 2 5 26 1899 1937 1938
3719 2 2 5 26 1899 1938 1939
3720 2 2 5 26 1939 1900 1899
3721 2 2 5 26 1900 1939 1901
3722 2 2 5 26 1901 1939 1940
3723 2 2 5 26 1901 1940 1941
3724 2 2 5 26 1941 1902 1901
3725 2 2 5 26 1902 1941 1903
3726 2 2 5 26 1903 1941 1942
3727 2 2 5 26 1903 1942 1943
3728 2 2 5 26 1943 1904 1903
3729 2 2 5 26 1904 1943 1905
3730 2 2 5 26 1905 1943 1944
3731 2 2 5 26 1905 1944 1945
3732 2 2 5 26 1945 1906 1905
3733 2 2 5 26 1906 1945 1907
3734 2 2 5 26 1907 1945 1946
3735 2 2 5 26 1907 1946 1947
3736 2 2 5 26 1947 1908 1907
3737 2 2 5 26 1908 1947 1909
3738 2 2 5 26 1909 1947 1948
3739 2 2 5 26 1909 1948 1949
3740 2 2 5 26 1949 1910 1909
3741 2 2 5 26 1910 1949 1911
3742 2 2 5 26 1911 1949 1950
3743 2 2 5 26 1911 1950 1951
3744 2 2 5 26 1951 1912 1911
3745 2 2 5 26 1912 1951 1913
3746 2 2 5 26 1913 1951 1952
3747 2 2 5 26 1913 1952 1953
3748 2 2 5 26 1953 1914 1913
3749 2 2 5 26 1914 1953 1915
3750 2 2 5 26 1915 1953 1954
3751 2 2 5 26 1915 1954 1955
3752 2 2 5 26 1955 1916 1915
3753 2 2 5 26 1916 1955 1917
3754 2 2 5 26 1917 1955 1956
3755 2 2 5 26 1917 1956 1957
3756 2 2 5 26 1957 1918 1917
3757 2 2 5 26 1918 1957 1919
3758 2 2 5 26 1919 1957 1958
3759 2 2 5 26 1919 1958 279
3760 2 2 5 26 279 280 1919
3761 2 2 5 26 167 168 1959
3762 2 2 5 26 1959 1920 167
3763 2 2 5 26 1920 1959 1921
3764 2 2 5 26 1921 1959 1960
3765 2 2 5 26 1921 1960 1961
3766 2 2 5 26 1961 1922 1921
3767 2 2 5 26 1922 1961 1923
3768 2 2 5 26 1923 1961 1962
3769 2 2 5 26 1923 1962 1963
3770 2 2 5 26 1963 1924 1923
3771 2 2 5 26 1924 1963 1925
3772 2 2 5 26 1925 1963 1964
3773 2 2 5 26 1925 1964 1965
3774 2 2 5 26 1965 1926 1925
3775 2 2 5 26 1926 1965 1927
3776 2 2 5 26 1927 1965 1966
3777 2 2 5 26 1927 1966 1967
3778 2 2 5 26 1967 1928 1927
3779 2 2 5 26 1928 1967 1929
3780 2 2 5 26 1929 1967 1968
3781 2 2 5 26 1929 1968 1969
3782 2 2 5 26 1969 1930 1929
3783 2 2 5 26 1930 1969 1931
3784 2 2 5 26 1931 1969 1970
3785 2 2 5 26 1931 1970 1971
3786 2 2 5 26 1971 1932 1931
3787 2 2 5 26 1932 1971 1933
3788 2 2 5 26 1933 1971 1972
3789 2 2 5 26 1933 1972 1973
3790 2 2 5 26 1973 1934 1933
3791 2 2 5 26 1934 1973 1935
3792 2 2 5 26 1935 1973 1974
3793 2 2 5 26 1935 1974 1975
3794 2 2 5 26 1975 1936 1935
3795 2 2 5 26 1936 1975 1937
3796 2 2 5 26 1937 1975 1976
3797 2 2 5 26 1937 1976 1977
3798 2 2 5 26 1977 1938 1937
3799 2 2 5 26 1938 1977 1939
3800 2 2 5 26 1939 1977 1978
3801 2 2 5 26 1939 1978 1979
3802 2 2 5 26 1979 1940 1939
3803 2 2 5 26 1940 1979 1941
3804 2 2 5 26 1941 1979 1980
3805 2 2 5 26 1941 1980 1981
3806 2 2 5 26 1981 1942 1941
3807 2 2 5 26 1942 1981 1943
3808 2 2 5 26 1943 1981 1982
3809 2 2 5 26 1943 1982 1983
3810 2 2 5 26 1983 1944 1943
3811 2 2 5 26 1944 1983 1945
3812 2 2 5 26 1945 1983 1984
3813 2 2 5 26 1945 1984 1985
3814 2 2 5 26 1985 1946 1945
3815 2 2 5 26 1946 1985 1947
3816 2 2 5 26 1947 1985 1986
3817 2 2 5 26 1947 1986 1987
3818 2 2 5 26 1987 1948 1947
3819 2 2 5 26 1948 1987 1949
3820 2 2 5 26 1949 1987 1988
3821 2 2 5 26 1949 1988 1989
3822 2 2 5 26 1989 1950 1949
3823 2 2 5 26 1950 1989 1951
3824 2 2 5 26 1951 1989 1990
3825 2 2 5 26 1951 1990 1991
3826 2 2 5 26 1991 1952 1951
3827 2 2 5 26 1952 1991 1953
3828 2 2 5 26 1953 1991 1992
3829 2 2 5 26 1953 1992 1993
3830 2 2 5 26 1993 1954 1953
3831 2 2 5 26 1954 1993 1955
3832 2 2 5 26 1955 1993 1994
3833 2 2 5 26 1955 1994 1995
3834 2 2 5 26 1995 1956 1955
3835 2 2 5 26 1956 1995 1957
3836 2 2 5 26 1957 1995 1996
3837 2 2 5 26 1957 1996 1997
3838 2 2 5 26 1997 1958 1957
3839 2 2 5 26 1958 1997 279
3840 2 2 5 26 279 1997 278
3841 2 2 5 26 168 169 1959
3842 2 2 5 26 1959 169 1998
3843 2 2 5 26 1959 1998 1999
3844 2 2 5 26 1999 1960 1959
3845 2 2 5 26 1960 1999 1961
3846 2 2 5 26 1961 1999 2000
3847 2 2 5 26 1961 2000 2001
3848 2 2 5 26 2001 1962 1961
3849 2 2 5 26 1962 2001 1963
3850 2 2 5 26 1963 2001 2002
3851 2 2 5 26 1963 2002 2003
3852 2 2 5 26 2003 1964 1963
3853 2 2 5 26 1964 2003 1965
3854 2 2 5 26 1965 2003 2004
3855 2 2 5 26 1965 2004 2005
3856 2 2 5 26 2005 1966 1965
3857 2 2 5 26 1966 2005 1967
3858 2 2 5 26 1967 2005 2006
3859 2 2 5 26 1967 2006 2007
3860 2 2 5 26 2007 1968 1967
3861 2 2 5 26 1968 2007 1969
3862 2 2 5 26 1969 2007 2008
3863 2 2 5 26 1969 2008 2009
3864 2 2 5 26 2009 1970 1969
3865 2 2 5 26 1970 2009 1971
3866 2 2 5 26 1971 2009 2010
3867 2 2 5 26 1971 2010 2011
3868 2 2 5 26 2011 1972 1971
3869 2 2 5 26 1972 2011 1973
3870 2 2 5 26 1973 2011 2012
3871 2 2 5 26 1973 2012 2013
3872 2 2 5 26 2013 1974 1973
3873 2 2 5 26 1974 2013 1975
3874 2 2 5 26 1975 2013 2014
3875 2 2 5 26 1975 2014 2015
3876 2 2 5 26 2015 1976 1975
3877 2 2 5 26 1976 2015 1977
3878 2 2 5 26 1977 2015 2016
3879 2 2 5 26 1977 2016 2017
3880 2 2 5 26 2017 1978 1977
3881 2 2 5 26 1978 2017 1979
3882 2 2 5 26 1979 2017 2018
3883 2 2 5 26 1979 2018 2019
3884 2 2 5 26 2019 1980 1979
3885 2 2 5 26 1980 2019 1981
3886 2 2 5 26 1981 2019 2020
3887 2 2 5 26 1981 2020 2021
3888 2 2 5 26 2021 1982 1981
3889 2 2 5 26 1982 2021 1983
3890 2 2 5 26 1983 2021 2022
3891 2 2 5 26 1983 2022 2023
3892 2 2 5 26 2023 1984 1983
3893 2 2 5 26 1984 2023 1985
3894 2 2 5 26 1985 2023 2024
3895 2 2 5 26 1985 2024 2025
3896 2 2 5 26 2025 1986 1985
3897 2 2 5 26 1986 2025 1987
3898 2 2 5 26 1987 2025 2026
3899 2 2 5 26 1987 2026 2027
3900 2 2 5 26 2027 1988 1987
3901 2 2 5 26 1988 2027 1989
3902 2 2 5 26 1989 2027 2028
3903 2 2 5 26 1989 2028 2029
3904 2 2 5 26 2029 1990 1989
3905 2 2 5 26 1990 2029 1991
3906 2 2 5 26 1991 2029 2030
3907 2 2 5 26 1991 2030 2031
3908 2 2 5 26 2031 1992 1991
3909 2 2 5 26 1992 2031 1993
3910 2 2 5 26 1993 2031 2032
3911 2 2 5 26 1993 2032 2033
3912 2 2 5 26 2033 1994 1993
3913 2 2 5 26 1994 2033 1995
3914 2 2 5 26 1995 2033 2034
3915 2 2 5 26 1995 2034 2035
3916 2 2 5 26 2035 1996 1995
3917 2 2 5 26 1996 2035 1997
3918 2 2 5 26 1997 2035 2036
3919 2 2 5 26 1997 2036 277
3920 2 2 5 26 277 278 1997
3921 2 2 5 26 169 170 2037
3922 2 2 5 26 2037 1998 169
3923 2 2 5 26 1998 2037 1999
3924 2 2 5 26 1999 2037 2038
3925 2 2 5 26 1999 2038 2039
3926 2 2 5 26 2039 2000 1999
3927 2 2 5 26 2000 2039 2001
3928 2 2 5 26 2001 2039 2040
3929 2 2 5 26 2001 2040 2041
3930 2 2 5 26 2041 2002 2001
3931 2 2 5 26 2002 2041 2003
3932 2 2 5 26 2003 2041 2042
3933 2 2 5 26 2003 2042 2043
3934 2 2 5 26 2043 2004 2003
3935 2 2 5 26 2004 2043 2005
3936 2 2 5 26 2005 2043 2044
3937 2 2 5 26 2005 2044 2045
3938 2 2 5 26 2045 2006 2005
3939 2 2 5 26 2006 2045 2007
3940 2 2 5 26 2007 2045 2046
3941 2 2 5 26 2007 2046 2047
3942 2 2 5 26 2047 2008 2007
3943 2 2 5 26 2008 2047 2009
3944 2 2 5 26 2009 2047 2048
3945 2 2 5 26 2009 2048 2049
3946 2 2 5 26 2049 2010 2009
3947 2 2 5 26 2010 2049 2011
3948 2 2 5 26 2011 2049 2050
3949 2 2 5 26 2011 2050 2051
3950 2 2 5 26 2051 2012 2011
3951 2 2 5 26 2012 2051 2013
3952 2 2 5 26 2013 2051 2052
3953 2 2 5 26 2013 2052 2053
3954 2 2 5 26 2053 2014 2013
3955 2 2 5 26 2014 2053 2015
3956 2 2 5 26 2015 2053 2054
3957 2 2 5 26 2015 2054 2055
3958 2 2 5 26 2055 2016 2015
3959 2 2 5 26 2016 2055 2017
3960 2 2 5 26 2017 2055 2056
3961 2 2 5 26 2017 2056 2057
3962 2 2 5 26 2057 2018 2017
3963 2 2 5 26 2018 2057 2019
3964 2 2 5 26 2019 2057 2058
3965 2 2 5 26 2019 2058 2059
3966 2 2 5 26 2059 2020 2019
3967 2 2 5 26 2020 2059 2021
3968 2 2 5 26 2021 2059 2060
3969 2 2 5 26 2021 2060 2061
3970 2 2 5 26 2061 2022 2021
3971 2 2 5 26 2022 2061 2023
3972 2 2 5 26 2023 2061 2062
3973 2 2 5 26 2023 2062 2063
3974 2 2 5 26 2063 2024 2023
3975 2 2 5 26 2024 2063 2025
3976 2 2 5 26 2025 2063 2064
3977 2 2 5 26 2025 2064 2065
3978 2 2 5 26 2065 2026 2025
3979 2 2 5 26 2026 2065 2027
3980 2 2 5 26 2027 2065 2066
3981 2 2 5 26 2027 2066 2067
3982 2 2 5 26 2067 2028 2027
3983 2 2 5 26 2028 2067 2029
3984 2 2 5 26 2029 2067 2068
3985 2 2 5 26 2029 2068 2069
3986 2 2 5 26 2069 2030 2029
3987 2 2 5 26 2030 2069 2031
3988 2 2 5 26 2031 2069 2070
3989 2 2 5 26 2031 2070 2071
3990 2 2 5 26 2071 2032 2031
3991 2 2 5 26 2032 2071 2033
3992 2 2 5 26 2033 2071 2072
3993 2 2 5 26 2033 2072 2073
3994 2 2 5 26 2073 2034 2033
3995 2 2 5 26 2034 2073 2035
3996 2 2 5 26 2035 2073 2074
3997 2 2 5 26 2035 2074 2075
3998 2 2 5 26 2075 2036 2035
3999 2 2 5 26 2036 2075 277
4000 2 2 5 26 277 2075 276
4001 2 2 5 26 170 171 2037
4002 2 2 5 26 2037 171 2076
4003 2 2 5 26 2037 2076 2077
4004 2 2 5 26 2077 2038 2037
4005 2 2 5 26 2038 2077 2039
4006 2 2 5 26 2039 2077 2078
4007 2 2 5 26 2039 2078 2079
4008 2 2 5 26 2079 2040 2039
4009 2 2 5 26 2040 2079 2041
4010 2 2 5 26 2041 2079 2080
4011 2 2 5 26 2041 2080 2081
4012 2 2 5 26 2081 2042 2041
4013 2 2 5 26 2042 2081 2043
4014 2 2 5 26 2043 2081 2082
4015 2 2 5 26 2043 2082 2083
4016 2 2 5 26 2083 2044 2043
4017 2 2 5 26 2044 2083 2045
4018 2 2 5 26 2045 2083 2084
4019 2 2 5 26 2045 2084 2085
4020 2 2 5 26 2085 2046 2045
4021 2 2 5 26 2046 2085 2047
4022 2 2 5 26 2047 2085 2086
4023 2 2 5 26 2047 2086 2087
4024 2 2 5 26 2087 2048 2047
4025 2 2 5 26 2048 2087 2049
4026 2 2 5 26 2049 2087 2088
4027 2 2 5 26 2049 2088 2089
4028 2 2 5 26 2089 2050 2049
4029 2 2 5 26 2050 2089 2051
4030 2 2 5 26 2051 2089 2090
4031 2 2 5 26 2051 2090 2091
4032 2 2 5 26 2091 2052 2051
4033 2 2 5 26 2052 2091 2053
4034 2 2 5 26 2053 2091 2092
4035 2 2 5 26 2053 2092 2093
4036 2 2 5 26 2093 2054 2053
4037 2 2 5 26 2054 2093 2055
4038 2 2 5 26 2055 2093 2094
4039 2 2 5 26 2055 2094 2095
4040 2 2 5 26 2095 2056 2055
4041 2 2 5 26 2056 2095 2057
4042 2 2 5 26 2057 2095 2096
4043 2 2 5 26 2057 2096 2097
4044 2 2 5 26 2097 2058 2057
4045 2 2 5 26 2058 2097 2059
4046 2 2 5 26 2059 2097 2098
4047 2 2 5 26 2059 2098 2099
4048 2 2 5 26 2099 2060 2059
4049 2 2 5 26 2060 2099 2061
4050 2 2 5 26 2061 2099 2100
4051 2 2 5 26 2061 2100 2101
4052 2 2 5 26 2101 2062 2061
4053 2 2 5 26 2062 2101 2063
4054 2 2 5 26 2063 2101 2102
4055 2 2 5 26 2063 2102 2103
4056 2 2 5 26 2103 2064 2063
4057 2 2 5 26 2064 2103 2065
4058 2 2 5 26 2065 2103 2104
4059 2 2 5 26 2065 2104 2105
4060 2 2 5 26 2105 2066 2065
4061 2 2 5 26 2066 2105 2067
4062 2 2 5 26 2067 2105 2106
4063 2 2 5 26 2067 2106 2107
4064 2 2 5 26 2107 2068 2067
4065 2 2 5 26 2068 2107 2069
4066 2 2 5 26 2069 2107 2108
4067 2 2 5 26 2069 2108 2109
4068 2 2 5 26 2109 2070 2069
4069 2 2 5 26 2070 2109 2071
4070 2 2 5 26 2071 2109 2110
4071 2 2 5 26 2071 2110 2111
4072 2 2 5 26 2111 2072 2071
4073 2 2 5 26 2072 2111 2073
4074 2 2 5 26 2073 2111 2112
4075 2 2 5 26 2073 2112 2113
4076 2 2 5 26 2113 2074 2073
4077 2 2 5 26 2074 2113 2075
4078 2 2 5 26 2075 2113 2114
4079 2 2 5 26 2075 2114 275
4080 2 2 5 26 275 276 2075
4081 2 2 5 26 171 172 2115
4082 2 2 5 26 2115 2076 171
4083 2 2 5 26 2076 2115 2077
4084 2 2 5 26 2077 2115 2116
4085 2 2 5 26 2077 2116 2117
4086 2 2 5 26 2117 2078 2077
4087 2 2 5 26 2078 2117 2079
4088 2 2 5 26 2079 2117 2118
4089 2 2 5 26 2079 2118 2119
4090 2 2 5 26 2119 2080 2079
4091 2 2 5 26 2080 2119 2081
4092 2 2 5 26 2081 2119 2120
4093 2 2 5 26 2081 2120 2121
4094 2 2 5 26 2121 2082 2081
4095 2 2 5 26 2082 2121 2083
4096 2 2 5 26 2083 2121 2122
4097 2 2 5 26 2083 2122 2123
4098 2 2 5 26 2123 2084 2083
4099 2 2 5 26 2084 2123 2085
4100 2 2 5 26 2085 2123 2124
4101 2 2 5 26 2085 2124 2125
4102 2 2 5 26 2125 2086 2085
4103 2 2 5 26 2086 2125 2087
4104 2 2 5 26 2087 2125 2126
4105 2 2 5 26 2087 2126 2127
4106 2 2 5 26 2127 2088 2087
4107 2 2 5 26 2088 2127 2089
4108 2 2 5 26 2089 2127 2128
4109 2 2 5 26 2089 2128 2129
4110 2 2 5 26 2129 2090 2089
4111 2 2 5 26 2090 2129 2091
4112 2 2 5 26 2091 2129 2130
4113 2 2 5 26 2091 2130 2131
4114 2 2 5 26 2131 2092 2091
4115 2 2 5 26 2092 2131 2093
4116 2 2 5 26 2093 2131 2132
4117 2 2 5 26 2093 2132 2133
4118 2 2 5 26 2133 2094 2093
4119 2 2 5 26 2094 2133 2095
4120 2 2 5 26 2095 2133 2134
4121 2 2 5 26 2095 2134 2135
4122 2 2 5 26 2135 2096 2095
4123 2 2 5 26 2096 2135 2097
4124 2 2 5 26 2097 2135 2136
4125 2 2 5 26 2097 2136 2137
4126 2 2 5 26 2137 2098 2097
4127 2 2 5 26 2098 2137 2099
4128 2 2 5 26 2099 2137 2138
4129 2 2 5 26 2099 2138 2139
4130 2 2 5 26 2139 2100 2099
4131 2 2 5 26 2100 2139 2101
4132 2 2 5 26 2101 2139 2140
4133 2 2 5 26 2101 2140 2141
4134 2 2 5 26 2141 2102 2101
4135 2 2 5 26 2102 2141 2103
4136 2 2 5 26 2103 2141 2142
4137 2 2 5 26 2103 2142 2143
4138 2 2 5 26 2143 2104 2103
4139 2 2 5 26 2104 2143 2105
4140 2 2 5 26 2105 2143 2144
4141 2 2 5 26 2105 2144 2145
4142 2 2 5 26 2145 2106 2105
4143 2 2 5 26 2106 2145 2107
4144 2 2 5 26 2107 2145 2146
4145 2 2 5 26 2107 2146 2147
4146 2 2 5 26 2147 2108 2107
4147 2 2 5 26 2108 2147 2109
4148 2 2 5 26 2109 2147 2148
4149 2 2 5 26 2109 2148 2149
4150 2 2 5 26 2149 2110 2109
4151 2 2 5 26 2110 2149 2111
4152 2 2 5 26 2111 2149 2150
4153 2 2 5 26 2111 2150 2151
4154 2 2 5 26 2151 2112 2111
4155 2 2 5 26 2112 2151 2113
4156 2 2 5 26 2113 2151 2152
4157 2 2 5 26 2113 2152 2153
4158 2 2 5 26 2153 2114 2113
4159 2 2 5 26 2114 2153 275
4160 2 2 5 26 275 2153 274
4161 2 2 5 26 172 173 2115
4162 2 2 5 26 2115 173 2154
4163 2 2 5 26 2115 2154 2155
4164 2 2 5 26 2155 2116 2115
4165 2 2 5 26 2116 2155 2117
4166 2 2 5 26 2117 2155 2156
4167 2 2 5 26 2117 2156 2157
4168 2 2 5 26 2157 2118 2117
4169 2 2 5 26 2118 2157 2119
4170 2 2 5 26 2119 2157 2158
4171 2 2 5 26 2119 2158 2159
4172 2 2 5 26 2159 2120 2119
4173 2 2 5 26 2120 2159 2121
4174 2 2 5 26 2121 2159 2160
4175 2 2 5 26 2121 2160 2161
4176 2 2 5 26 2161 2122 2121
4177 2 2 5 26 2122 2161 2123
4178 2 2 5 26 2123 2161 2162
4179 2 2 5 26 2123 2162 2163
4180 2 2 5 26 2163 2124 2123
4181 2 2 5 26 2124 2163 2125
4182 2 2 5 26 2125 2163 2164
4183 2 2 5 26 2125 2164 2165
4184 2 2 5 26 2165 2126 2125
4185 2 2 5 26 2126 2165 2127
4186 2 2 5 26 2127 2165 2166
4187 2 2 5 26 2127 2166 2167
4188 2 2 5 26 2167 2128 2127
4189 2 2 5 26 2128 2167 2129
4190 2 2 5 26 2129 2167 2168
4191 2 2 5 26 2129 2168 2169
4192 2 2 5 26 2169 2130 2129
4193 2 2 5 26 2130 2169 2131
4194 2 2 5 26 2131 2169 2170
4195 2 2 5 26 2131 2170 2171
4196 2 2 5 26 2171 2132 2131
4197 2 2 5 26 2132 2171 2133
4198 2 2 5 26 2133 2171 2172
4199 2 2 5 26 2133 2172 2173
4200 2 2 5 26 2173 2134 2133
4201 2 2 5 26 2134 2173 2135
4202 2 2 5 26 2135 2173 2174
4203 2 2 5 26 2135 2174 2175
4204 2 2 5 26 2175 2136 2135
4205 2 2 5 26 2136 2175 2137
4206 2 2 5 26 2137 2175 2176
4207 2 2 5 26 2137 2176 2177
4208 2 2 5 26 2177 2138 2137
4209 2 2 5 26 2138 2177 2139
4210 2 2 5 26 2139 2177 2178
4211 2 2 5 26 2139 2178 2179
4212 2 2 5 26 2179 2140 2139
4213 2 2 5 26 2140 2179 2141
4214 2 2 5 26 2141 2179 2180
4215 2 2 5 26 2141 2180 2181
4216 2 2 5 26 2181 2142 2141
4217 2 2 5 26 2142 2181 2143
4218 2 2 5 26 2143 2181 2182
4219 2 2 5 26 2143 2182 2183
4220 2 2 5 26 2183 2144 2143
4221 2 2 5 26 2144 2183 2145
4222 2 2 5 26 2145 2183 2184
4223 2 2 5 26 2145 2184 2185
4224 2 2 5 26 2185 2146 2145
4225 2 2 5 26 2146 2185 2147
4226 2 2 5 26 2147 2185 2186
4227 2 2 5 26 2147 2186 2187
4228 2 2 5 26 2187 2148 2147
4229 2 2 5 26 2148 2187 2149
4230 2 2 5 26 2149 2187 2188
4231 2 2 5 26 2149 2188 2189
4232 2 2 5 26 2189 2150 2149
4233 2 2 5 26 2150 2189 2151
4234 2 2 5 26 2151 2189 2190
4235 2 2 5 26 2151 2190 2191
4236 2 2 5 26 2191 2152 2151
4237 2 2 5 26 2152 2191 2153
4238 2 2 5 26 2153 2191 2192
4239 2 2 5 26 2153 2192 273
4240 2 2 5 26 273 274 2153
4241 2 2 5 26 173 174 2193
4242 2 2 5 26 2193 2154 173
4243 2 2 5 26 2154 2193 2155
4244 2 2 5 26 2155 2193 2194
4245 2 2 5 26 2155 2194 2195
4246 2 2 5 26 2195 2156 2155
4247 2 2 5 26 2156 2195 2157
4248 2 2 5 26 2157 2195 2196
4249 2 2 5 26 2157 2196 2197
4250 2 2 5 26 2197 2158 2157
4251 2 2 5 26 2158 2197 2159
4252 2 2 5 26 2159 2197 2198
4253 2 2 5 26 2159 2198 2199
4254 2 2 5 26 2199 2160 2159
4255 2 2 5 26 2160 2199 2161
4256 2 2 5 26 2161 2199 2200
4257 2 2 5 26 2161 2200 2201
4258 2 2 5 26 2201 2162 2161
4259 2 2 5 26 2162 2201 2163
4260 2 2 5 26 2163 2201 2202
4261 2 2 5 26 2163 2202 2203
4262 2 2 5 26 2203 2164 2163
4263 2 2 5 26 2164 2203 2165
4264 2 2 5 26 2165 2203 2204
4265 2 2 5 26 2165 2204 2205
4266 2 2 5 26 2205 2166 2165
4267 2 2 5 26 2166 2205 2167
4268 2 2 5 26 2167 2205 2206
4269 2 2 5 26 2167 2206 2207
4270 2 2 5 26 2207 2168 2167
4271 2 2 5 26 2168 2207 2169
4272 2 2 5 26 2169 2207 2208
4273 2 2 5 26 2169 2208 2209
4274 2 2 5 26 2209 2170 2169
4275 2 2 5 26 2170 2209 2171
4276 2 2 5 26 2171 2209 2210
4277 2 2 5 26 2171 2210 2211
4278 2 2 5 26 2211 2172 2171
4279 2 2 5 26 2172 2211 2173
4280 2 2 5 26 2173 2211 2212
4281 2 2 5 26 2173 2212 2213
4282 2 2 5 26 2213 2174 2173
4283 2 2 5 26 2174 2213 2175
4284 2 2 5 26 2175 2213 2214
4285 2 2 5 26 2175 2214 2215
4286 2 2 5 26 2215 2176 2175
4287 2 2 5 26 2176 2215 2177
4288 2 2 5 26 2177 2215 2216
4289 2 2 5 26 2177 2216 2217
4290 2 2 5 26 2217 2178 2177
4291 2 2 5 26 2178 2217 2179
4292 2 2 5 26 2179 2217 2218
4293 2 2 5 26 2179 2218 2219
4294 2 2 5 26 2219 2180 2179
4295 2 2 5 26 2180 2219 2181
4296 2 2 5 26 2181 2219 2220
4297 2 2 5 26 2181 2220 2221
4298 2 2 5 26 2221 2182 2181
4299 2 2 5 26 2182 2221 2183
4300 2 2 5 26 2183 2221 2222
4301 2 2 5 26 2183 2222 2223
4302 2 2 5 26 2223 2184 2183
4303 2 2 5 26 2184 2223 2185
4304 2 2 5 26 2185 2223 2224
4305 2 2 5 26 2185 2224 2225
4306 2 2 5 26 2225 2186 2185
4307 2 2 5 26 2186 2225 2187
4308 2 2 5 26 2187 2225 2226
4309 2 2 5 26 2187 2226 2227
4310 2 2 5 26 2227 2188 2187
4311 2 2 5 26 2188 2227 2189
4312 2 2 5 26 2189 2227 2228
4313 2 2 5 26 2189 2228 2229
4314 2 2 5 26 2229 2190 2189
4315 2 2 5 26 2190 2229 2191
4316 2 2 5 26 2191 2229 2230
4317 2 2 5 26 2191 2230 2231
4318 2 2 5 26 2231 2192 2191
4319 2 2 5 26 2192 2231 273
4320 2 2 5 26 273 2231 272
4321 2 2 5 26 174 175 2193
4322 2 2 5 26 2193 175 2232
4323 2 2 5 26 2193 2232 2233
4324 2 2 5 26 2233 2194 2193
4325 2 2 5 26 2194 2233 2195
4326 2 2 5 26 2195 2233 2234
4327 2 2 5 26 2195 2234 2235
4328 2 2 5 26 2235 2196 2195
4329 2 2 5 26 2196 2235 2197
4330 2 2 5 26 2197 2235 2236
4331 2 2 5 26 2197 2236 2237
4332 2 2 5 26 2237 2198 2197
4333 2 2 5 26 2198 2237 2199
4334 2 2 5 26 2199 2237 2238
4335 2 2 5 26 2199 2238 2239
4336 2 2 5 26 2239 2200 2199
4337 2 2 5 26 2200 2239 2201
4338 2 2 5 26 2201 2239 2240
4339 2 2 5 26 2201 2240 2241
4340 2 2 5 26 2241 2202 2201
4341 2 2 5 26 2202 2241 2203
4342 2 2 5 26 2203 2241 2242
4343 2 2 5 26 2203 2242 2243
4344 2 2 5 26 2243 2204 2203
4345 2 2 5 26 2204 2243 2205
4346 2 2 5 26 2205 2243 2244
4347 2 2 5 26 2205 2244 2245
4348 2 2 5 26 2245 2206 2205
4349 2 2 5 26 2206 2245 2207
4350 2 2 5 26 2207 2245 2246
4351 2 2 5 26 2207 2246 2247
4352 2 2 5 26 2247 2208 2207
4353 2 2 5 26 2208 2247 2209
4354 2 2 5 26 2209 2247 2248
4355 2 2 5 26 2209 2248 2249
4356 2 2 5 26 2249 2210 2209
4357 2 2 5 26 2210 2249 2211
4358 2 2 5 26 2211 2249 2250
4359 2 2 5 26 2211 2250 2251
4360 2 2 5 26 2251 2212 2211
4361 2 2 5 26 2212 2251 2213
4362 2 2 5 26 2213 2251 2252
4363 2 2 5 26 2213 2252 2253
4364 2 2 5 26 2253 2214 2213
4365 2 2 5 26 2214 2253 2215
4366 2 2 5 26 2215 2253 2254
4367 2 2 5 26 2215 2254 2255
4368 2 2 5 26 2255 2216 2215
4369 2 2 5 26 2216 2255 2217
4370 2 2 5 26 2217 2255 2256
4371 2 2 5 26 2217 2256 2257
4372 2 2 5 26 2257 2218 2217
4373 2 2 5 26 2218 2257 2219
4374 2 2 5 26 2219 2257 2258
4375 2 2 5 26 2219 2258 2259
4376 2 2 5 26 2259 2220 2219
4377 2 2 5 26 2220 2259 2221
4378 2 2 5 26 2221 2259 2260
4379 2 2 5 26 2221 2260 2261
4380 2 2 5 26 2261 2222 2221
4381 2 2 5 26 2222 2261 2223
4382 2 2 5 26 2223 2261 2262
4383 2 2 5 26 2223 2262 2263
4384 2 2 5 26 2263 2224 2223
4385 2 2 5 26 2224 2263 2225
4386 2 2 5 26 2225 2263 2264
4387 2 2 5 26 2225 2264 2265
4388 2 2 5 26 2265 2226 2225
4389 2 2 5 26 2226 2265 2227
4390 2 2 5 26 2227 2265 2266
4391 2 2 5 26 2227 2266 2267
4392 2 2 5 26 2267 2228 2227
4393 2 2 5 26 2228 2267 2229
4394 2 2 5 26 2229 2267 2268
4395 2 2 5 26 2229 2268 2269
4396 2 2 5 26 2269 2230 2229
4397 2 2 5 26 2230 2269 2231
4398 2 2 5 26 2231 2269 2270
4399 2 2 5 26 2231 2270 271
4400 2 2 5 26 271 272 2231
4401 2 2 5 26 175 176 2271
4402 2 2 5 26 2271 2232 175
4403 2 2 5 26 2232 2271 2233
4404 2 2 5 26 2233 2271 2272
4405 2 2 5 26 2233 2272 2273
4406 2 2 5 26 2273 2234 2233
4407 2 2 5 26 2234 2273 2235
4408 2 2 5 26 2235 2273 2274
4409 2 2 5 26 2235 2274 2275
4410 2 2 5 26 2275 2236 2235
4411 2 2 5 26 2236 2275 2237
4412 2 2 5 26 2237 2275 2276
4413 2 2 5 26 2237 2276 2277
4414 2 2 5 26 2277 2238 2237
4415 2 2 5 26 2238 2277 2239
4416 2 2 5 26 2239 2277 2278
4417 2 2 5 26 2239 2278 2279
4418 2 2 5 26 2279 2240 2239
4419 2 2 5 26 2240 2279 2241
4420 2 2 5 26 2241 2279 2280
4421 2 2 5 26 2241 2280 2281
4422 2 2 5 26 2281 2242 2241
4423 2 2 5 26 2242 2281 2243
4424 2 2 5 26 2243 2281 2282
4425 2 2 5 26 2243 2282 2283
4426 2 2 5 26 2283 2244 2243
4427 2 2 5 26 2244 2283 2245
4428 2 2 5 26 2245 2283 2284
4429 2 2 5 26 2245 2284 2285
4430 2 2 5 26 2285 2246 2245
4431 2 2 5 26 2246 2285 2247
4432 2 2 5 26 2247 2285 2286
4433 2 2 5 26 2247 2286 2287
4434 2 2 5 26 2287 2248 2247
4435 2 2 5 26 2248 2287 2249
4436 2 2 5 26 2249 2287 2288
4437 2 2 5 26 2249 2288 2289
4438 2 2 5 26 2289 2250 2249
4439 2 2 5 26 2250 2289 2251
4440 2 2 5 26 2251 2289 2290
4441 2 2 5 26 2251 2290 2291
4442 2 2 5 26 2291 2252 2251
4443 2 2 5 26 2252 2291 2253
4444 2 2 5 26 2253 2291 2292
4445 2 2 5 26 2253 2292 2293
4446 2 2 5 26 2293 2254 2253
4447 2 2 5 26 2254 2293 2255
4448 2 2 5 26 2255 2293 2294
4449 2 2 5 26 2255 2294 2295
4450 2 2 5 26 2295 2256 2255
4451 2 2 5 26 2256 2295 2257
4452 2 2 5 26 2257 2295 2296
4453 2 2 5 26 2257 2296 2297
4454 2 2 5 26 2297 2258 2257
4455 2 2 5 26 2258 2297 2259
4456 2 2 5 26 2259 2297 2298
4457 2 2 5 26 2259 2298 2299
4458 2 2 5 26 2299 2260 2259
4459 2 2 5 26 2260 2299 2261
4460 2 2 5 26 2261 2299 2300
4461 2 2 5 26 2261 2300 2301
4462 2 2 5 26 2301 2262 2261
4463 2 2 5 26 2262 2301 2263
4464 2 2 5 26 2263 2301 2302
4465 2 2 5 26 2263 2302 2303
4466 2 2 5 26 2303 2264 2263
4467 2 2 5 26 2264 2303 2265
4468 2 2 5 26 2265 2303 2304
4469 2 2 5 26 2265 2304 2305
4470 2 2 5 26 2305 2266 2265
4471 2 2 5 26 2266 2305 2267
4472 2 2 5 26 2267 2305 2306
4473 2 2 5 26 2267 2306 2307
4474 2 2 5 26 2307 2268 2267
4475 2 2 5 26 2268 2307 2269
4476 2 2 5 26 2269 2307 2308
4477 2 2 5 26 2269 2308 2309
4478 2 2 5 26 2309 2270 2269
4479 2 2 5 26 2270 2309 271
4480 2 2 5 26 271 2309 270
4481 2 2 5 26 176 177 2271
4482 2 2 5 26 2271 177 2310
4483 2 2 5 26 2271 2310 2311
4484 2 2 5 26 2311 2272 2271
4485 2 2 5 26 2272 2311 2273
4486 2 2 5 26 2273 2311 2312
4487 2 2 5 26 2273 2312 2313
4488 2 2 5 26 2313 2274 2273
4489 2 2 5 26 2274 2313 2275
4490 2 2 5 26 2275 2313 2314
4491 2 2 5 26 2275 2314 2315
4492 2 2 5 26 2315 2276 2275
4493 2 2 5 26 2276 2315 2277
4494 2 2 5 26 2277 2315 2316
4495 2 2 5 26 2277 2316 2317
4496 2 2 5 26 2317 2278 2277
4497 2 2 5 26 2278 2317 2279
4498 2 2 5 26 2279 2317 2318
4499 2 2 5 26 2279 2318 2319
4500 2 2 5 26 2319 2280 2279
4501 2 2 5 26 2280 2319 2281
4502 2 2 5 26 2281 2319 2320
4503 2 2 5 26 2281 2320 2321
4504 2 2 5 26 2321 2282 2281
4505 2 2 5 26 2282 2321 2283
4506 2 2 5 26 2283 2321 2322
4507 2 2 5 26 2283 2322 2323
4508 2 2 5 26 2323 2284 2283
4509 2 2 5 26 2284 2323 2285
4510 2 2 5 26 2285 2323 2324
4511 2 2 5 26 2285 2324 2325
4512 2 2 5 26 2325 2286 2285
4513 2 2 5 26 2286 2325 2287
4514 2 2 5 26 2287 2325 2326
4515 2 2 5 26 2287 2326 2327
4516 2 2 5 26 2327 2288 2287
4517 2 2 5 26 2288 2327 2289
4518 2 2 5 26 2289 2327 2328
4519 2 2 5 26 2289 2328 2329
4520 2 2 5 26 2329 2290 2289
4521 2 2 5 26 2290 2329 2291
4522 2 2 5 26 2291 2329 2330
4523 2 2 5 26 2291 2330 2331
4524 2 2 5 26 2331 2292 2291
4525 2 2 5 26 2292 2331 2293
4526 2 2 5 26 2293 2331 2332
4527 2 2 5 26 2293 2332 2333
4528 2 2 5 26 2333 2294 2293
4529 2 2 5 26 2294 2333 2295
4530 2 2 5 26 2295 2333 2334
4531 2 2 5 26 2295 2334 2335
4532 2 2 5 26 2335 2296 2295
4533 2 2 5 26 2296 2335 2297
4534 2 2 5 26 2297 2335 2336
4535 2 2 5 26 2297 2336 2337
4536 2 2 5 26 2337 2298 2297
4537 2 2 5 26 2298 2337 2299
4538 2 2 5 26 2299 2337 2338
4539 2 2 5 26 2299 2338 2339
4540 2 2 5 26 2339 2300 2299
4541 2 2 5 26 2300 2339 2301
4542 2 2 5 26 2301 2339 2340
4543 2 2 5 26 2301 2340 2341
4544 2 2 5 26 2341 2302 2301
4545 2 2 5 26 2302 2341 2303
4546 2 2 5 26 2303 2341 2342
4547 2 2 5 26 2303 2342 2343
4548 2 2 5 26 2343 2304 2303
4549 2 2 5 26 2304 2343 2305
4550 2 2 5 26 2305 2343 2344
4551 2 2 5 26 2305 2344 2345
4552 2 2 5 26 2345 2306 2305
4553 2 2 5 26 2306 2345 2307
4554 2 2 5 26 2307 2345 2346
4555 2 2 5 26 2307 2346 2347
4556 2 2 5 26 2347 2308 2307
4557 2 2 5 26 2308 2347 2309
4558 2 2 5 26 2309 2347 2348
4559 2 2 5 26 2309 2348 269
4560 2 2 5 26 269 270 2309
4561 2 2 5 26 177 178 2349
4562 2 2 5 26 2349 2310 177
4563 2 2 5 26 2310 2349 2311
4564 2 2 5 26 2311 2349 2350
4565 2 2 5 26 2311 2350 2351
4566 2 2 5 26 2351 2312 2311
4567 2 2 5 26 2312 2351 2313
4568 2 2 5 26 2313 2351 2352
4569 2 2 5 26 2313 2352 2353
4570 2 2 5 26 2353 2314 2313
4571 2 2 5 26 2314 2353 2315
4572 2 2 5 26 2315 2353 2354
4573 2 2 5 26 2315 2354 2355
4574 2 2 5 26 2355 2316 2315
4575 2 2 5 26 2316 2355 2317
4576 2 2 5 26 2317 2355 2356
4577 2 2 5 26 2317 2356 2357
4578 2 2 5 26 2357 2318 2317
4579 2 2 5 26 2318 2357 2319
4580 2 2 5 26 2319 2357 2358
4581 2 2 5 26 2319 2358 2359
4582 2 2 5 26 2359 2320 2319
4583 2 2 5 26 2320 2359 2321
4584 2 2 5 26 2321 2359 2360
4585 2 2 5 26 2321 2360 2361
4586 2 2 5 26 2361 2322 2321
4587 2 2 5 26 2322 2361 2323
4588 2 2 5 26 2323 2361 2362
4589 2 2 5 26 2323 2362 2363
4590 2 2 5 26 2363 2324 2323
4591 2 2 5 26 2324 2363 2325
4592 2 2 5 26 2325 2363 2364
4593 2 2 5 26 2325 2364 2365
4594 2 2 5 26 2365 2326 2325
4595 2 2 5 26 2326 2365 2327
4596 2 2 5 26 2327 2365 2366
4597 2 2 5 26 2327 2366 2367
4598 2 2 5 26 2367 2328 2327
4599 2 2 5 26 2328 2367 2329
4600 2 2 5 26 2329 2367 2368
4601 2 2 5 26 2329 2368 2369
4602 2 2 5 26 2369 2330 2329
4603 2 2 5 26 2330 2369 2331
4604 2 2 5 26 2331 2369 2370
4605 2 2 5 26 2331 2370 2371
4606 2 2 5 26 2371 2332 2331
4607 2 2 5 26 2332 2371 2333
4608 2 2 5 26 2333 2371 2372
4609 2 2 5 26 2333 2372 2373
4610 2 2 5 26 2373 2334 2333
4611 2 2 5 26 2334 2373 2335
4612 2 2 5 26 2335 2373 2374
4613 2 2 5 26 2335 2374 2375
4614 2 2 5 26 2375 2336 2335
4615 2 2 5 26 2336 2375 2337
4616 2 2 5 26 2337 2375 2376
4617 2 2 5 26 2337 2376 2377
4618 2 2 5 26 2377 2338 2337
4619 2 2 5 26 2338 2377 2339
4620 2 2 5 26 2339 2377 2378
4621 2 2 5 26 2339 2378 2379
4622 2 2 5 26 2379 2340 2339
4623 2 2 5 26 2340 2379 2341
4624 2 2 5 26 2341 2379 2380
4625 2 2 5 26 2341 2380 2381
4626 2 2 5 26 2381 2342 2341
4627 2 2 5 26 2342 2381 2343
4628 2 2 5 26 2343 2381 2382
4629 2 2 5 26 2343 2382 2383
4630 2 2 5 26 2383 2344 2343
4631 2 2 5 26 2344 2383 2345
4632 2 2 5 26 2345 2383 2384
4633 2 2 5 26 2345 2384 2385
4634 2 2 5 26 2385 2346 2345
4635 2 2 5 26 2346 2385 2347
4636 2 2 5 26 2347 2385 2386
4637 2 2 5 26 2347 2386 2387
4638 2 2 5 26 2387 2348 2347
4639 2 2 5 26 2348 2387 269
4640 2 2 5 26 269 2387 268
4641 2 2 5 26 178 179 2349
4642 2 2 5 26 2349 179 2388
4643 2 2 5 26 2349 2388 2389
4644 2 2 5 26 2389 2350 2349
4645 2 2 5 26 2350 2389 2351
4646 2 2 5 26 2351 2389 2390
4647 2 2 5 26 2351 2390 2391
4648 2 2 5 26 2391 2352 2351
4649 2 2 5 26 2352 2391 2353
4650 2 2 5 26 2353 2391 2392
4651 2 2 5 26 2353 2392 2393
4652 2 2 5 26 2393 2354 2353
4653 2 2 5 26 2354 2393 2355
4654 2 2 5 26 2355 2393 2394
4655 2 2 5 26 2355 2394 2395
4656 2 2 5 26 2395 2356 2355
4657 2 2 5 26 2356 2395 2357
4658 2 2 5 26 2357 2395 2396
4659 2 2 5 26 2357 2396 2397
4660 2 2 5 26 2397 2358 2357
4661 2 2 5 26 2358 2397 2359
4662 2 2 5 26 2359 2397 2398
4663 2 2 5 26 2359 2398 2399
4664 2 2 5 26 2399 2360 2359
4665 2 2 5 26 2360 2399 2361
4666 2 2 5 26 2361 2399 2400
4667 2 2 5 26 2361 2400 2401
4668 2 2 5 26 2401 2362 2361
4669 2 2 5 26 2362 2401 2363
4670 2 2 5 26 2363 2401 2402
4671 2 2 5 26 2363 2402 2403
4672 2 2 5 26 2403 2364 2363
4673 2 2 5 26 2364 2403 2365
4674 2 2 5 26 2365 2403 2404
4675 2 2 5 26 2365 2404 2405
4676 2 2 5 26 2405 2366 2365
4677 2 2 5 26 2366 2405 2367
4678 2 2 5 26 2367 2405 2406
4679 2 2 5 26 2367 2406 2407
4680 2 2 5 26 2407 2368 2367
4681 2 2 5 26 2368 2407 2369
4682 2 2 5 26 2369 2407 2408
4683 2 2 5 26 2369 2408 2409
4684 2 2 5 26 2409 2370 2369
4685 2 2 5 26 2370 2409 2371
4686 2 2 5 26 2371 2409 2410
4687 2 2 5 26 2371 2410 2411
4688 2 2 5 26 2411 2372 2371
4689 2 2 5 26 2372 2411 2373
4690 2 2 5 26 2373 2411 2412
4691 2 2 5 26 2373 2412 2413
4692 2 2 5 26 2413 2374 2373
4693 2 2 5 26 2374 2413 2375
4694 2 2 5 26 2375 2413 2414
4695 2 2 5 26 2375 2414 2415
4696 2 2 5 26 2415 2376 2375
4697 2 2 5 26 2376 2415 2377
4698 2 2 5 26 2377 2415 2416
4699 2 2 5 26 2377 2416 2417
4700 2 2 5 26 2417 2378 2377
4701 2 2 5 26 2378 2417 2379
4702 2 2 5 26 2379 2417 2418
4703 2 2 5 26 2379 2418 2419
4704 2 2 5 26 2419 2380 2379
4705 2 2 5 26 2380 2419 2381
4706 2 2 5 26 2381 2419 2420
4707 2 2 5 26 2381 2420 2421
4708 2 2 5 26 2421 2382 2381
4709 2 2 5 26 2382 2421 2383
4710 2 2 5 26 2383 2421 2422
4711 2 2 5 26 2383 2422 2423
4712 2 2 5 26 2423 2384 2383
4713 2 2 5 26 2384 2423 2385
4714 2 2 5 26 2385 2423 2424
4715 2 2 5 26 2385 2424 2425
4716 2 2 5 26 2425 2386 2385
4717 2 2 5 26 2386 2425 2387
4718 2 2 5 26 2387 2425 2426
4719 2 2 5 26 2387 2426 267
4720 2 2 5 26 267 268 2387
4721 2 2 5 26 179 180 2427
4722 2 2 5 26 2427 2388 179
4723 2 2 5 26 2388 2427 2389
4724 2 2 5 26 2389 2427 2428
4725 2 2 5 26 2389 2428 2429
4726 2 2 5 26 2429 2390 2389
4727 2 2 5 26 2390 2429 2391
4728 2 2 5 26 2391 2429 2430
4729 2 2 5 26 2391 2430 2431
4730 2 2 5 26 2431 2392 2391
4731 2 2 5 26 2392 2431 2393
4732 2 2 5 26 2393 2431 2432
4733 2 2 5 26 2393 2432 2433
4734 2 2 5 26 2433 2394 2393
4735 2 2 5 26 2394 2433 2395
4736 2 2 5 26 2395 2433 2434
4737 2 2 5 26 2395 2434 2435
4738 2 2 5 26 2435 2396 2395
4739 2 2 5 26 2396 2435 2397
4740 2 2 5 26 2397 2435 2436
4741 2 2 5 26 2397 2436 2437
4742 2 2 5 26 2437 2398 2397
4743 2 2 5 26 2398 2437 2399
4744 2 2 5 26 2399 2437 2438
4745 2 2 5 26 2399 2438 2439
4746 2 2 5 26 2439 2400 2399
4747 2 2 5 26 2400 2439 2401
4748 2 2 5 26 2401 2439 2440
4749 2 2 5 26 2401 2440 2441
4750 2 2 5 26 2441 2402 2401
4751 2 2 5 26 2402 2441 2403
4752 2 2 5 26 2403 2441 2442
4753 2 2 5 26 2403 2442 2443
4754 2 2 5 26 2443 2404 2403
4755 2 2 5 26 2404 2443 2405
4756 2 2 5 26 2405 2443 2444
4757 2 2 5 26 2405 2444 2445
4758 2 2 5 26 2445 2406 2405
4759 2 2 5 26 2406 2445 2407
4760 2 2 5 26 2407 2445 2446
4761 2 2 5 26 2407 2446 2447
4762 2 2 5 26 2447 2408 2407
4763 2 2 5 26 2408 2447 2409
4764 2 2 5 26 2409 2447 2448
4765 2 2 5 26 2409 2448 2449
4766 2 2 5 26 2449 2410 2409
4767 2 2 5 26 2410 2449 2411
4768 2 2 5 26 2411 2449 2450
4769 2 2 5 26 2411 2450 2451
4770 2 2 5 26 2451 2412 2411
4771 2 2 5 26 2412 2451 2413
4772 2 2 5 26 2413 2451 2452
4773 2 2 5 26 2413 2452 2453
4774 2 2 5 26 2453 2414 2413
4775 2 2 5 26 2414 2453 2415
4776 2 2 5 26 2415 2453 2454
4777 2 2 5 26 2415 2454 2455
4778 2 2 5 26 2455 2416 2415
4779 2 2 5 26 2416 2455 2417
4780 2 2 5 26 2417 2455 2456
4781 2 2 5 26 2417 2456 2457
4782 2 2 5 26 2457 2418 2417
4783 2 2 5 26 2418 2457 2419
4784 2 2 5 26 2419 2457 2458
4785 2 2 5 26 2419 2458 2459
4786 2 2 5 26 2459 2420 2419
4787 2 2 5 26 2420 2459 2421
4788 2 2 5 26 2421 2459 2460
4789 2 2 5 26 2421 2460 2461
4790 2 2 5 26 2461 2422 2421
4791 2 2 5 26 2422 2461 2423
4792 2 2 5 26 2423 2461 2462
4793 2 2 5 26 2423 2462 2463
4794 2 2 5 26 2463 2424 2423
4795 2 2 5 26 2424 2463 2425
4796 2 2 5 26 2425 2463 2464
4797 2 2 5 26 2425 2464 2465
4798 2 2 5 26 2465 2426 2425
4799 2 2 5 26 2426 2465 267
4800 2 2 5 26 267 2465 266
4801 2 2 5 26 180 181 2427
4802 2 2 5 26 2427 181 2466
4803 2 2 5 26 2427 2466 2467
4804 2 2 5 26 2467 2428 2427
4805 2 2 5 26 2428 2467 2429
4806 2 2 5 26 2429 2467 2468
4807 2 2 5 26 2429 2468 2469
4808 2 2 5 26 2469 2430 2429
4809 2 2 5 26 2430 2469 2431
4810 2 2 5 26 2431 2469 2470
4811 2 2 5 26 2431 2470 2471
4812 2 2 5 26 2471 2432 2431
4813 2 2 5 26 2432 2471 2433
4814 2 2 5 26 2433 2471 2472
4815 2 2 5 26 2433 2472 2473
4816 2 2 5 26 2473 2434 2433
4817 2 2 5 26 2434 2473 2435
4818 2 2 5 26 2435 2473 2474
4819 2 2 5 26 2435 2474 2475
4820 2 2 5 26 2475 2436 2435
4821 2 2 5 26 2436 2475 2437
4822 2 2 5 26 2437 2475 2476
4823 2 2 5 26 2437 2476 2477
4824 2 2 5 26 2477 2438 2437
4825 2 2 5 26 2438 2477 2439
4826 2 2 5 26 2439 2477 2478
4827 2 2 5 26 2439 2478 2479
4828 2 2 5 26 2479 2440 2439
4829 2 2 5 26 2440 2479 2441
4830 2 2 5 26 2441 2479 2480
4831 2 2 5 26 2441 2480 2481
4832 2 2 5 26 2481 2442 2441
4833 2 2 5 26 2442 2481 2443
4834 2 2 5 26 2443 2481 2482
4835 2 2 5 26 2443 2482 2483
4836 2 2 5 26 2483 2444 2443
4837 2 2 5 26 2444 2483 2445
4838 2 2 5 26 2445 2483 2484
4839 2 2 5 26 2445 2484 2485
4840 2 2 5 26 2485 2446 2445
4841 2 2 5 26 2446 2485 2447
4842 2 2 5 26 2447 2485 2486
4843 2 2 5 26 2447 2486 2487
4844 2 2 5 26 2487 2448 2447
4845 2 2 5 26 2448 2487 2449
4846 2 2 5 26 2449 2487 2488
4847 2 2 5 26 2449 2488 2489
4848 2 2 5 26 2489 2450 2449
4849 2 2 5 26 2450 2489 2451
4850 2 2 5 26 2451 2489 2490
4851 2 2 5 26 2451 2490 2491
4852 2 2 5 26 2491 2452 2451
4853 2 2 5 26 2452 2491 2453
4854 2 2 5 26 2453 2491 2492
4855 2 2 5 26 2453 2492 2493
4856 2 2 5 26 2493 2454 2453
4857 2 2 5 26 2454 2493 2455
4858 2 2 5 26 2455 2493 2494
4859 2 2 5 26 2455 2494 2495
4860 2 2 5 26 2495 2456 2455
4861 2 2 5 26 2456 2495 2457
4862 2 2 5 26 2457 2495 2496
4863 2 2 5 26 2457 2496 2497
4864 2 2 5 26 2497 2458 2457
4865 2 2 5 26 2458 2497 2459
4866 2 2 5 26 2459 2497 2498
4867 2 2 5 26 2459 2498 2499
4868 2 2 5 26 2499 2460 2459
4869 2 2 5 26 2460 2499 2461
4870 2 2 5 26 2461 2499 2500
4871 2 2 5 26 2461 2500 2501
4872 2 2 5 26 2501 2462 2461
4873 2 2 5 26 2462 2501 2463
4874 2 2 5 26 2463 2501 2502
4875 2 2 5 26 2463 2502 2503
4876 2 2 5 26 2503 2464 2463
4877 2 2 5 26 2464 2503 2465
4878 2 2 5 26 2465 2503 2504
4879 2 2 5 26 2465 2504 265
4880 2 2 5 26 265 266 2465
4881 2 2 5 26 181 182 2505
4882 2 2 5 26 2505 2466 181
4883 2 2 5 26 2466 2505 2467
4884 2 2 5 26 2467 2505 2506
4885 2 2 5 26 2467 2506 2507
4886 2 2 5 26 2507 2468 2467
4887 2 2 5 26 2468 2507 2469
4888 2 2 5 26 2469 2507 2508
4889 2 2 5 26 2469 2508 2509
4890 2 2 5 26 2509 2470 2469
4891 2 2 5 26 2470 2509 2471
4892 2 2 5 26 2471 2509 2510
4893 2 2 5 26 2471 2510 2511
4894 2 2 5 26 2511 2472 2471
4895 2 2 5 26 2472 2511 2473
4896 2 2 5 26 2473 2511 2512
4897 2 2 5 26 2473 2512 2513
4898 2 2 5 26 2513 2474 2473
4899 2 2 5 26 2474 2513 2475
4900 2 2 5 26 2475 2513 2514
4901 2 2 5 26 2475 2514 2515
4902 2 2 5 26 2515 2476 2475
4903 2 2 5 26 2476 2515 2477
4904 2 2 5 26 2477 2515 2516
4905 2 2 5 26 2477 2516 2517
4906 2 2 5 26 2517 2478 2477
4907 2 2 5 26 2478 2517 2479
4908 2 2 5 26 2479 2517 2518
4909 2 2 5 26 2479 2518 2519
4910 2 2 5 26 2519 2480 2479
4911 2 2 5 26 2480 2519 2481
4912 2 2 5 26 2481 2519 2520
4913 2 2 5 26 2481 2520 2521
4914 2 2 5 26 2521 2482 2481
4915 2 2 5 26 2482 2521 2483
4916 2 2 5 26 2483 2521 2522
4917 2 2 5 26 2483 2522 2523
4918 2 2 5 26 2523 2484 2483
4919 2 2 5 26 2484 2523 2485
4920 2 2 5 26 2485 2523 2524
4921 2 2 5 26 2485 2524 2525
4922 2 2 5 26 2525 2486 2485
4923 2 2 5 26 2486 2525 2487
4924 2 2 5 26 2487 2525 2526
4925 2 2 5 26 2487 2526 2527
4926 2 2 5 26 2527 2488 2487
4927 2 2 5 26 2488 2527 2489
4928 2 2 5 26 2489 2527 2528
4929 2 2 5 26 2489 2528 2529
4930 2 2 5 26 2529 2490 2489
4931 2 2 5 26 2490 2529 2491
4932 2 2 5 26 2491 2529 2530
4933 2 2 5 26 2491 2530 2531
4934 2 2 5 26 2531 2492 2491
4935 2 2 5 26 2492 2531 2493
4936 2 2 5 26 2493 2531 2532
4937 2 2 5 26 2493 2532 2533
4938 2 2 5 26 2533 2494 2493
4939 2 2 5 26 2494 2533 2495
4940 2 2 5 26 2495 2533 2534
4941 2 2 5 26 2495 2534 2535
4942 2 2 5 26 2535 2496 2495
4943 2 2 5 26 2496 2535 2497
4944 2 2 5 26 2497 2535 2536
4945 2 2 5 26 2497 2536 2537
4946 2 2 5 26 2537 2498 2497
4947 2 2 5 26 2498 2537 2499
4948 2 2 5 26 2499 2537 2538
4949 2 2 5 26 2499 2538 2539
4950 2 2 5 26 2539 2500 2499
4951 2 2 5 26 2500 2539 2501
4952 2 2 5 26 2501 2539 2540
4953 2 2 5 26 2501 2540 2541
4954 2 2 5 26 2541 2502 2501
4955 2 2 5 26 2502 2541 2503
4956 2 2 5 26 2503 2541 2542
4957 2 2 5 26 2503 2542 2543
4958 2 2 5 26 2543 2504 2503
4959 2 2 5 26 2504 2543 265
4960 2 2 5 26 265 2543 264
4961 2 2 5 26 182 183 2505
4962 2 2 5 26 2505 183 2544
4963 2 2 5 26 2505 2544 2545
4964 2 2 5 26 2545 2506 2505
4965 2 2 5 26 2506 2545 2507
4966 2 2 5 26 2507 2545 2546
4967 2 2 5 26 2507 2546 2547
4968 2 2 5 26 2547 2508 2507
4969 2 2 5 26 2508 2547 2509
4970 2 2 5 26 2509 2547 2548
4971 2 2 5 26 2509 2548 2549
4972 2 2 5 26 2549 2510 2509
4973 2 2 5 26 2510 2549 2511
4974 2 2 5 26 2511 2549 2550
4975 2 2 5 26 2511 2550 2551
4976 2 2 5 26 2551 2512 2511
4977 2 2 5 26 2512 2551 2513
4978 2 2 5 26 2513 2551 2552
4979 2 2 5 26 2513 2552 2553
4980 2 2 5 26 2553 2514 2513
4981 2 2 5 26 2514 2553 2515
4982 2 2 5 26 2515 2553 2554
4983 2 2 5 26 2515 2554 2555
4984 2 2 5 26 2555 2516 2515
4985 2 2 5 26 2516 2555 2517
4986 2 2 5 26 2517 2555 2556
4987 2 2 5 26 2517 2556 2557
4988 2 2 5 26 2557 2518 2517
4989 2 2 5 26 2518 2557 2519
4990 2 2 5 26 2519 2557 2558
4991 2 2 5 26 2519 2558 2559
4992 2 2 5 26 2559 2520 2519
4993 2 2 5 26 2520 2559 2521
4994 2 2 5 26 2521 2559 2560
4995 2 2 5 26 2521 2560 2561
4996 2 2 5 26 2561 2522 2521
4997 2 2 5 26 2522 2561 2523
4998 2 2 5 26 2523 2561 2562
4999 2 2 5 26 2523 2562 2563
5000 2 2 5 26 2563 2524 2523
5001 2 2 5 26 2524 2563 2525
5002 2 2 5 26 2525 2563 2564
5003 2 2 5 26 2525 2564 2565
5004 2 2 5 26 2565 2526 2525
5005 2 2 5 26 2526 2565 2527
5006 2 2 5 26 2527 2565 2566
5007 2 2 5 26 2527 2566 2567
5008 2 2 5 26 2567 2528 2527
5009 2 2 5 26 2528 2567 2529
5010 2 2 5 26 2529 2567 2568
5011 2 2 5 26 2529 2568 2569
5012 2 2 5 26 2569 2530 2529
5013 2 2 5 26 2530 2569 2531
5014 2 2 5 26 2531 2569 2570
5015 2 2 5 26 2531 2570 2571
5016 2 2 5 26 2571 2532 2531
5017 2 2 5 26 2532 2571 2533
5018 2 2 5 26 2533 2571 2572
5019 2 2 5 26 2533 2572 2573
5020 2 2 5 26 2573 2534 2533
5021 2 2 5 26 2534 2573 2535
5022 2 2 5 26 2535 2573 2574
5023 2 2 5 26 2535 2574 2575
5024 2 2 5 26 2575 2536 2535
5025 2 2 5 26 2536 2575 2537
5026 2 2 5 26 2537 2575 2576
5027 2 2 5 26 2537 2576 2577
5028 2 2 5 26 2577 2538 2537
5029 2 2 5 26 2538 2577 2539
5030 2 2 5 26 2539 2577 2578
5031 2 2 5 26 2539 2578 2579
5032 2 2 5 26 2579 2540 2539
5033 2 2 5 26 2540 2579 2541
5034 2 2 5 26 2541 2579 2580
5035 2 2 5 26 2541 2580 2581
5036 2 2 5 26 2581 2542 2541
5037 2 2 5 26 2542 2581 2543
5038 2 2 5 26 2543 2581 2582
5039 2 2 5 26 2543 2582 263
5040 2 2 5 26 263 264 2543
5041 2 2 5 26 183 184 2583
5042 2 2 5 26 2583 2544 183
5043 2 2 5 26 2544 2583 2545
5044 2 2 5 26 2545 2583 2584
5045 2 2 5 26 2545 2584 2585
5046 2 2 5 26 2585 2546 2545
5047 2 2 5 26 2546 2585 2547
5048 2 2 5 26 2547 2585 2586
5049 2 2 5 26 2547 2586 2587
5050 2 2 5 26 2587 2548 2547
5051 2 2 5 26 2548 2587 2549
5052 2 2 5 26 2549 2587 2588
5053 2 2 5 26 2549 2588 2589
5054 2 2 5 26 2589 2550 2549
5055 2 2 5 26 2550 2589 2551
5056 2 2 5 26 2551 2589 2590
5057 2 2 5 26 2551 2590 2591
5058 2 2 5 26 2591 2552 2551
5059 2 2 5 26 2552 2591 2553
5060 2 2 5 26 2553 2591 2592
5061 2 2 5 26 2553 2592 2593
5062 2 2 5 26 2593 2554 2553
5063 2 2 5 26 2554 2593 2555
5064 2 2 5 26 2555 2593 2594
5065 2 2 5 26 2555 2594 2595
5066 2 2 5 26 2595 2556 2555
5067 2 2 5 26 2556 2595 2557
5068 2 2 5 26 2557 2595 2596
5069 2 2 5 26 2557 2596 2597
5070 2 2 5 26 2597 2558 2557
5071 2 2 5 26 2558 2597 2559
5072 2 2 5 26 2559 2597 2598
5073 2 2 5 26 2559 2598 2599
5074 2 2 5 26 2599 2560 2559
5075 2 2 5 26 2560 2599 2561
5076 2 2 5 26 2561 2599 2600
5077 2 2 5 26 2561 2600 2601
5078 2 2 5 26 2601 2562 2561
5079 2 2 5 26 2562 2601 2563
5080 2 2 5 26 2563 2601 2602
5081 2 2 5 26 2563 2602 2603
5082 2 2 5 26 2603 2564 2563
5083 2 2 5 26 2564 2603 2565
5084 2 2 5 26 2565 2603 2604
5085 2 2 5 26 2565 2604 2605
5086 2 2 5 26 2605 2566 2565
5087 2 2 5 26 2566 2605 2567
5088 2 2 5 26 2567 2605 2606
5089 2 2 5 26 2567 2606 2607
5090 2 2 5 26 2607 2568 2567
5091 2 2 5 26 2568 2607 2569
5092 2 2 5 26 2569 2607 2608
5093 2 2 5 26 2569 2608 2609
5094 2 2 5 26 2609 2570 2569
5095 2 2 5 26 2570 2609 2571
5096 2 2 5 26 2571 2609 2610
5097 2 2 5 26 2571 2610 2611
5098 2 2 5 26 2611 2572 2571
5099 2 2 5 26 2572 2611 2573
5100 2 2 5 26 2573 2611 2612
5101 2 2 5 26 2573 2612 2613
5102 2 2 5 26 2613 2574 2573
5103 2 2 5 26 2574 2613 2575
5104 2 2 5 26 2575 2613 2614
5105 2 2 5 26 2575 2614 2615
5106 2 2 5 26 2615 2576 2575
5107 2 2 5 26 2576 2615 2577
5108 2 2 5 26 2577 2615 2616
5109 2 2 5 26 2577 2616 2617
5110 2 2 5 26 2617 2578 2577
5111 2 2 5 26 2578 2617 2579
5112 2 2 5 26 2579 2617 2618
5113 2 2 5 26 2579 2618 2619
5114 2 2 5 26 2619 2580 2579
5115 2 2 5 26 2580 2619 2581
5116 2 2 5 26 2581 2619 2620
5117 2 2 5 26 2581 2620 2621
5118 2 2 5 26 2621 2582 2581
5119 2 2 5 26 2582 2621 263
5120 2 2 5 26 263 2621 262
5121 2 2 5 26 184 185 2583
5122 2 2 5 26 2583 185 2622
5123 2 2 5 26 2583 2622 2623
5124 2 2 5 26 2623 2584 2583
5125 2 2 5 26 2584 2623 2585
5126 2 2 5 26 2585 2623 2624
5127 2 2 5 26 2585 2624 2625
5128 2 2 5 26 2625 2586 2585
5129 2 2 5 26 2586 2625 2587
5130 2 2 5 26 2587 2625 2626
5131 2 2 5 26 2587 2626 2627
5132 2 2 5 26 2627 2588 2587
5133 2 2 5 26 2588 2627 2589
5134 2 2 5 26 2589 2627 2628
5135 2 2 5 26 2589 2628 2629
5136 2 2 5 26 2629 2590 2589
5137 2 2 5 26 2590 2629 2591
5138 2 2 5 26 2591 2629 2630
5139 2 2 5 26 2591 2630 2631
5140 2 2 5 26 2631 2592 2591
5141 2 2 5 26 2592 2631 2593
5142 2 2 5 26 2593 2631 2632
5143 2 2 5 26 2593 2632 2633
5144 2 2 5 26 2633 2594 2593
5145 2 2 5 26 2594 2633 2595
5146 2 2 5 26 2595 2633 2634
5147 2 2 5 26 2595 2634 2635
5148 2 2 5 26 2635 2596 2595
5149 2 2 5 26 2596 2635 2597
5150 2 2 5 26 2597 2635 2636
5151 2 2 5 26 2597 2636 2637
5152 2 2 5 26 2637 2598 2597
5153 2 2 5 26 2598 2637 2599
5154 2 2 5 26 2599 2637 2638
5155 2 2 5 26 2599 2638 2639
5156 2 2 5 26 2639 2600 2599
5157 2 2 5 26 2600 2639 2601
5158 2 2 5 26 2601 2639 2640
5159 2 2 5 26 2601 2640 2641
5160 2 2 5 26 2641 2602 2601
5161 2 2 5 26 2602 2641 2603
5162 2 2 5 26 2603 2641 2642
5163 2 2 5 26 2603 2642 2643
5164 2 2 5 26 2643 2604 2603
5165 2 2 5 26 2604 2643 2605
5166 2 2 5 26 2605 2643 2644
5167 2 2 5 26 2605 2644 2645
5168 2 2 5 26 2645 2606 2605
5169 2 2 5 26 2606 2645 2607
5170 2 2 5 26 2607 2645 2646
5171 2 2 5 26 2607 2646 2647
5172 2 2 5 26 2647 2608 2607
5173 2 2 5 26 2608 2647 2609
5174 2 2 5 26 2609 2647 2648
5175 2 2 5 26 2609 2648 2649
5176 2 2 5 26 2649 2610 2609
5177 2 2 5 26 2610 2649 2611
5178 2 2 5 26 2611 2649 2650
5179 2 2 5 26 2611 2650 2651
5180 2 2 5 26 2651 2612 2611
5181 2 2 5 26 2612 2651 2613
5182 2 2 5 26 2613 2651 2652
5183 2 2 5 26 2613 2652 2653
5184 2 2 5 26 2653 2614 2613
5185 2 2 5 26 2614 2653 2615
5186 2 2 5 26 2615 2653 2654
5187 2 2 5 26 2615 2654 2655
5188 2 2 5 26 2655 2616 2615
5189 2 2 5 26 2616 2655 2617
5190 2 2 5 26 2617 2655 2656
5191 2 2 5 26 2617 2656 2657
5192 2 2 5 26 2657 2618 2617
5193 2 2 5 26 2618 2657 2619
5194 2 2 5 26 2619 2657 2658
5195 2 2 5 26 2619 2658 2659
5196 2 2 5 26 2659 2620 2619
5197 2 2 5 26 2620 2659 2621
5198 2 2 5 26 2621 2659 2660
5199 2 2 5 26 2621 2660 261
5200 2 2 5 26 261 262 2621
5201 2 2 5 26 185 186 2661
5202 2 2 5 26 2661 2622 185
5203 2 2 5 26 2622 2661 2623
5204 2 2 5 26 2623 2661 2662
5205 2 2 5 26 2623 2662 2663
5206 2 2 5 26 2663 2624 2623
5207 2 2 5 26 2624 2663 2625
5208 2 2 5 26 2625 2663 2664
5209 2 2 5 26 2625 2664 2665
5210 2 2 5 26 2665 2626 2625
5211 2 2 5 26 2626 2665 2627
5212 2 2 5 26 2627 2665 2666
5213 2 2 5 26 2627 2666 2667
5214 2 2 5 26 2667 2628 2627
5215 2 2 5 26 2628 2667 2629
5216 2 2 5 26 2629 2667 2668
5217 2 2 5 26 2629 2668 2669
5218 2 2 5 26 2669 2630 2629
5219 2 2 5 26 2630 2669 2631
5220 2 2 5 26 2631 2669 2670
5221 2 2 5 26 2631 2670 2671
5222 2 2 5 26 2671 2632 2631
5223 2 2 5 26 2632 2671 2633
5224 2 2 5 26 2633 2671 2672
5225 2 2 5 26 2633 2672 2673
5226 2 2 5 26 2673 2634 2633
5227 2 2 5 26 2634 2673 2635
5228 2 2 5 26 2635 2673 2674
5229 2 2 5 26 2635 2674 2675
5230 2 2 5 26 2675 2636 2635
5231 2 2 5 26 2636 2675 2637
5232 2 2 5 26 2637 2675 2676
5233 2 2 5 26 2637 2676 2677
5234 2 2 5 26 2677 2638 2637
5235 2 2 5 26 2638 2677 2639
5236 2 2 5 26 2639 2677 2678
5237 2 2 5 26 2639 2678 2679
5238 2 2 5 26 2679 2640 2639
5239 2 2 5 26 2640 2679 2641
5240 2 2 5 26 2641 2679 2680
5241 2 2 5 26 2641 2680 2681
5242 2 2 5 26 2681 2642 2641
5243 2 2 5 26 2642 2681 2643
5244 2 2 5 26 2643 2681 2682
5245 2 2 5 26 2643 2682 2683
5246 2 2 5 26 2683 2644 2643
5247 2 2 5 26 2644 2683 2645
5248 2 2 5 26 2645 2683 2684
5249 2 2 5 26 2645 2684 2685
5250 2 2 5 26 2685 2646 2645
5251 2 2 5 26 2646 2685 2647
5252 2 2 5 26 2647 2685 2686
5253 2 2 5 26 2647 2686 2687
5254 2 2 5 26 2687 2648 2647
5255 2 2 5 26 2648 2687 2649
5256 2 2 5 26 2649 2687 2688
5257 2 2 5 26 2649 2688 2689
5258 2 2 5 26 2689 2650 2649
5259 2 2 5 26 2650 2689 2651
5260 2 2 5 26 2651 2689 2690
5261 2 2 5 26 2651 2690 2691
5262 2 2 5 26 2691 2652 2651
5263 2 2 5 26 2652 2691 2653
5264 2 2 5 26 2653 2691 2692
5265 2 2 5 26 2653 2692 2693
5266 2 2 5 26 2693 2654 2653
5267 2 2 5 26 2654 2693 2655
5268 2 2 5 26 2655 2693 2694
5269 2 2 5 26 2655 2694 2695
5270 2 2 5 26 2695 2656 2655
5271 2 2 5 26 2656 2695 2657
5272 2 2 5 26 2657 2695 2696
5273 2 2 5 26 2657 2696 2697
5274 2 2 5 26 2697 2658 2657
5275 2 2 5 26 2658 2697 2659
5276 2 2 5 26 2659 2697 2698
5277 2 2 5 26 2659 2698 2699
5278 2 2 5 26 2699 2660 2659
5279 2 2 5 26 2660 2699 261
5280 2 2 5 26 261 2699 260
5281 2 2 5 26 186 187 2661
5282 2 2 5 26 2661 187 2700
5283 2 2 5 26 2661 2700 2701
5284 2 2 5 26 2701 2662 2661
5285 2 2 5 26 2662 2701 2663
5286 2 2 5 26 2663 2701 2702
5287 2 2 5 26 2663 2702 2703
5288 2 2 5 26 2703 2664 2663
5289 2 2 5 26 2664 2703 2665
5290 2 2 5 26 2665 2703 2704
5291 2 2 5 26 2665 2704 2705
5292 2 2 5 26 2705 2666 2665
5293 2 2 5 26 2666 2705 2667
5294 2 2 5 26 2667 2705 2706
5295 2 2 5 26 2667 2706 2707
5296 2 2 5 26 2707 2668 2667
5297 2 2 5 26 2668 2707 2669
5298 2 2 5 26 2669 2707 2708
5299 2 2 5 26 2669 2708 2709
5300 2 2 5 26 2709 2670 2669
5301 2 2 5 26 2670 2709 2671
5302 2 2 5 26 2671 2709 2710
5303 2 2 5 26 2671 2710 2711
5304 2 2 5 26 2711 2672 2671
5305 2 2 5 26 2672 2711 2673
5306 2 2 5 26 2673 2711 2712
5307 2 2 5 26 2673 2712 2713
5308 2 2 5 26 2713 2674 2673
5309 2 2 5 26 2674 2713 2675
5310 2 2 5 26 2675 2713 2714
5311 2 2 5 26 2675 2714 2715
5312 2 2 5 26 2715 2676 2675
5313 2 2 5 26 2676 2715 2677
5314 2 2 5 26 2677 2715 2716
5315 2 2 5 26 2677 2716 2717
5316 2 2 5 26 2717 2678 2677
5317 2 2 5 26 2678 2717 2679
5318 2 2 5 26 2679 2717 2718
5319 2 2 5 26 2679 2718 2719
5320 2 2 5 26 2719 2680 2679
5321 2 2 5 26 2680 2719 2681
5322 2 2 5 26 2681 2719 2720
5323 2 2 5 26 2681 2720 2721
5324 2 2 5 26 2721 2682 2681
5325 2 2 5 26 2682 2721 2683
5326 2 2 5 26 2683 2721 2722
5327 2 2 5 26 2683 2722 2723
5328 2 2 5 26 2723 2684 2683
5329 2 2 5 26 2684 2723 2685
5330 2 2 5 26 2685 2723 2724
5331 2 2 5 26 2685 2724 2725
5332 2 2 5 26 2725 2686 2685
5333 2 2 5 26 2686 2725 2687
5334 2 2 5 26 2687 2725 2726
5335 2 2 5 26 2687 2726 2727
5336 2 2 5 26 2727 2688 2687
5337 2 2 5 26 2688 2727 2689
5338 2 2 5 26 2689 2727 2728
5339 2 2 5 26 2689 2728 2729
5340 2 2 5 26 2729 2690 2689
5341 2 2 5 26 2690 2729 2691
5342 2 2 5 26 2691 2729 2730
5343 2 2 5 26 2691 2730 2731
5344 2 2 5 26 2731 2692 2691
5345 2 2 5 26 2692 2731 2693
5346 2 2 5 26 2693 2731 2732
5347 2 2 5 26 2693 2732 2733
5348 2 2 5 26 2733 2694 2693
5349 2 2 5 26 2694 2733 2695
5350 2 2 5 26 2695 2733 2734
5351 2 2 5 26 2695 2734 2735
5352 2 2 5 26 2735 2696 2695
5353 2 2 5 26 2696 2735 2697
5354 2 2 5 26 2697 2735 2736
5355 2 2 5 26 2697 2736 2737
5356 2 2 5 26 2737 2698 2697
5357 2 2 5 26 2698 2737 2699
5358 2 2 5 26 2699 2737 2738
5359 2 2 5 26 2699 2738 259
5360 2 2 5 26 259 260 2699
5361 2 2 5 26 187 188 2739
5362 2 2 5 26 2739 2700 187
5363 2 2 5 26 2700 2739 2701
5364 2 2 5 26 2701 2739 2740
5365 2 2 5 26 2701 2740 2741
5366 2 2 5 26 2741 2702 2701
5367 2 2 5 26 2702 2741 2703
5368 2 2 5 26 2703 2741 2742
5369 2 2 5 26 2703 2742 2743
5370 2 2 5 26 2743 2704 2703
5371 2 2 5 26 2704 2743 2705
5372 2 2 5 26 2705 2743 2744
5373 2 2 5 26 2705 2744 2745
5374 2 2 5 26 2745 2706 2705
5375 2 2 5 26 2706 2745 2707
5376 2 2 5 26 2707 2745 2746
5377 2 2 5 26 2707 2746 2747
5378 2 2 5 26 2747 2708 2707
5379 2 2 5 26 2708 2747 2709
5380 2 2 5 26 2709 2747 2748
5381 2 2 5 26 2709 2748 2749
5382 2 2 5 26 2749 2710 2709
5383 2 2 5 26 2710 2749 2711
5384 2 2 5 26 2711 2749 2750
5385 2 2 5 26 2711 2750 2751
5386 2 2 5 26 2751 2712 2711
5387 2 2 5 26 2712 2751 2713
5388 2 2 5 26 2713 2751 2752
5389 2 2 5 26 2713 2752 2753
5390 2 2 5 26 2753 2714 2713
5391 2 2 5 26 2714 2753 2715
5392 2 2 5 26 2715 2753 2754
5393 2 2 5 26 2715 2754 2755
5394 2 2 5 26 2755 2716 2715
5395 2 2 5 26 2716 2755 2717
5396 2 2 5 26 2717 2755 2756
5397 2 2 5 26 2717 2756 2757
5398 2 2 5 26 2757 2718 2717
5399 2 2 5 26 2718 2757 2719
5400 2 2 5 26 2719 2757 2758
5401 2 2 5 26 2719 2758 2759
5402 2 2 5 26 2759 2720 2719
5403 2 2 5 26 2720 2759 2721
5404 2 2 5 26 2721 2759 2760
5405 2 2 5 26 2721 2760 2761
5406 2 2 5 26 2761 2722 2721
5407 2 2 5 26 2722 2761 2723
5408 2 2 5 26 2723 2761 2762
5409 2 2 5 26 2723 2762 2763
5410 2 2 5 26 2763 2724 2723
5411 2 2 5 26 2724 2763 2725
5412 2 2 5 26 2725 2763 2764
5413 2 2 5 26 2725 2764 2765
5414 2 2 5 26 2765 2726 2725
5415 2 2 5 26 2726 2765 2727
5416 2 2 5 26 2727 2765 2766
5417 2 2 5 26 2727 2766 2767
5418 2 2 5 26 2767 2728 2727
5419 2 2 5 26 2728 2767 2729
5420 2 2 5 26 2729 2767 2768
5421 2 2 5 26 2729 2768 2769
5422 2 2 5 26 2769 2730 2729
5423 2 2 5 26 2730 2769 2731
5424 2 2 5 26 2731 2769 2770
5425 2 2 5 26 2731 2770 2771
5426 2 2 5 26 2771 2732 2731
5427 2 2 5 26 2732 2771 2733
5428 2 2 5 26 2733 2771 2772
5429 2 2 5 26 2733 2772 2773
5430 2 2 5 26 2773 2734 2733
5431 2 2 5 26 2734 2773 2735
5432 2 2 5 26 2735 2773 2774
5433 2 2 5 26 2735 2774 2775
5434 2 2 5 26 2775 2736 2735
5435 2 2 5 26 2736 2775 2737
5436 2 2 5 26 2737 2775 2776
5437 2 2 5 26 2737 2776 2777
5438 2 2 5 26 2777 2738 2737
5439 2 2 5 26 2738 2777 259
5440 2 2 5 26 259 2777 258
5441 2 2 5 26 188 189 2739
5442 2 2 5 26 2739 189 2778
5443 2 2 5 26 2739 2778 2779
5444 2 2 5 26 2779 2740 2739
5445 2 2 5 26 2740 2779 2741
5446 2 2 5 26 2741 2779 2780
5447 2 2 5 26 2741 2780 2781
5448 2 2 5 26 2781 2742 2741
5449 2 2 5 26 2742 2781 2743
5450 2 2 5 26 2743 2781 2782
5451 2 2 5 26 2743 2782 2783
5452 2 2 5 26 2783 2744 2743
5453 2 2 5 26 2744 2783 2745
5454 2 2 5 26 2745 2783 2784
5455 2 2 5 26 2745 2784 2785
5456 2 2 5 26 2785 2746 2745
5457 2 2 5 26 2746 2785 2747
5458 2 2 5 26 2747 2785 2786
5459 2 2 5 26 2747 2786 2787
5460 2 2 5 26 2787 2748 2747
5461 2 2 5 26 2748 2787 2749
5462 2 2 5 26 2749 2787 2788
5463 2 2 5 26 2749 2788 2789
5464 2 2 5 26 2789 2750 2749
5465 2 2 5 26 2750 2789 2751
5466 2 2 5 26 2751 2789 2790
5467 2 2 5 26 2751 2790 2791
5468 2 2 5 26 2791 2752 2751
5469 2 2 5 26 2752 2791 2753
5470 2 2 5 26 2753 2791 2792
5471 2 2 5 26 2753 2792 2793
5472 2 2 5 26 2793 2754 2753
5473 2 2 5 26 2754 2793 2755
5474 2 2 5 26 2755 2793 2794
5475 2 2 5 26 2755 2794 2795
5476 2 2 5 26 2795 2756 2755
5477 2 2 5 26 2756 2795 2757
5478 2 2 5 26 2757 2795 2796
5479 2 2 5 26 2757 2796 2797
5480 2 2 5 26 2797 2758 2757
5481 2 2 5 26 2758 2797 2759
5482 2 2 5 26 2759 2797 2798
5483 2 2 5 26 2759 2798 2799
5484 2 2 5 26 2799 2760 2759
5485 2 2 5 26 2760 2799 2761
5486 2 2 5 26 2761 2799 2800
5487 2 2 5 26 2761 2800 2801
5488 2 2 5 26 2801 2762 2761
5489 2 2 5 26 2762 2801 2763
5490 2 2 5 26 2763 2801 2802
5491 2 2 5 26 2763 2802 2803
5492 2 2 5 26 2803 2764 2763
5493 2 2 5 26 2764 2803 2765
5494 2 2 5 26 2765 2803 2804
5495 2 2 5 26 2765 2804 2805
5496 2 2 5 26 2805 2766 2765
5497 2 2 5 26 2766 2805 2767
5498 2 2 5 26 2767 2805 2806
5499 2 2 5 26 2767 2806 2807
5500 2 2 5 26 2807 2768 2767
5501 2 2 5 26 2768 2807 2769
5502 2 2 5 26 2769 2807 2808
5503 2 2 5 26 2769 2808 2809
5504 2 2 5 26 2809 2770 2769
5505 2 2 5 26 2770 2809 2771
5506 2 2 5 26 2771 2809 2810
5507 2 2 5 26 2771 2810 2811
5508 2 2 5 26 2811 2772 2771
5509 2 2 5 26 2772 2811 2773
5510 2 2 5 26 2773 2811 2812
5511 2 2 5 26 2773 2812 2813
5512 2 2 5 26 2813 2774 2773
5513 2 2 5 26 2774 2813 2775
5514 2 2 5 26 2775 2813 2814
5515 2 2 5 26 2775 2814 2815
5516 2 2 5 26 2815 2776 2775
5517 2 2 5 26 2776 2815 2777
5518 2 2 5 26 2777 2815 2816
5519 2 2 5 26 2777 2816 257
5520 2 2 5 26 257 258 2777
5521 2 2 5 26 189 190 2817
5522 2 2 5 26 2817 2778 189
5523 2 2 5 26 2778 2817 2779
5524 2 2 5 26 2779 2817 2818
5525 2 2 5 26 2779 2818 2819
5526 2 2 5 26 2819 2780 2779
5527 2 2 5 26 2780 2819 2781
5528 2 2 5 26 2781 2819 2820
5529 2 2 5 26 2781 2820 2821
5530 2 2 5 26 2821 2782 2781
5531 2 2 5 26 2782 2821 2783
5532 2 2 5 26 2783 2821 2822
5533 2 2 5 26 2783 2822 2823
5534 2 2 5 26 2823 2784 2783
5535 2 2 5 26 2784 2823 2785
5536 2 2 5 26 2785 2823 2824
5537 2 2 5 26 2785 2824 2825
5538 2 2 5 26 2825 2786 2785
5539 2 2 5 26 2786 2825 2787
5540 2 2 5 26 2787 2825 2826
5541 2 2 5 26 2787 2826 2827
5542 2 2 5 26 2827 2788 2787
5543 2 2 5 26 2788 2827 2789
5544 2 2 5 26 2789 2827 2828
5545 2 2 5 26 2789 2828 2829
5546 2 2 5 26 2829 2790 2789
5547 2 2 5 26 2790 2829 2791
5548 2 2 5 26 2791 2829 2830
5549 2 2 5 26 2791 2830 2831
5550 2 2 5 26 2831 2792 2791
5551 2 2 5 26 2792 2831 2793
5552 2 2 5 26 2793 2831 2832
5553 2 2 5 26 2793 2832 2833
5554 2 2 5 26 2833 2794 2793
5555 2 2 5 26 2794 2833 2795
5556 2 2 5 26 2795 2833 2834
5557 2 2 5 26 2795 2834 2835
5558 2 2 5 26 2835 2796 2795
5559 2 2 5 26 2796 2835 2797
5560 2 2 5 26 2797 2835 2836
5561 2 2 5 26 2797 2836 2837
5562 2 2 5 26 2837 2798 2797
5563 2 2 5 26 2798 2837 2799
5564 2 2 5 26 2799 2837 2838
5565 2 2 5 26 2799 2838 2839
5566 2 2 5 26 2839 2800 2799
5567 2 2 5 26 2800 2839 2801
5568 2 2 5 26 2801 2839 2840
5569 2 2 5 26 2801 2840 2841
5570 2 2 5 26 2841 2802 2801
5571 2 2 5 26 2802 2841 2803
5572 2 2 5 26 2803 2841 2842
5573 2 2 5 26 2803 2842 2843
5574 2 2 5 26 2843 2804 2803
5575 2 2 5 26 2804 2843 2805
5576 2 2 5 26 2805 2843 2844
5577 2 2 5 26 2805 2844 2845
5578 2 2 5 26 2845 2806 2805
5579 2 2 5 26 2806 2845 2807
5580 2 2 5 26 2807 2845 2846
5581 2 2 5 26 2807 2846 2847
5582 2 2 5 26 2847 2808 2807
5583 2 2 5 26 2808 2847 2809
5584 2 2 5 26 2809 2847 2848
5585 2 2 5 26 2809 2848 2849
5586 2 2 5 26 2849 2810 2809
5587 2 2 5 26 2810 2849 2811
5588 2 2 5 26 2811 2849 2850
5589 2 2 5 26 2811 2850 2851
5590 2 2 5 26 2851 2812 2811
5591 2 2 5 26 2812 2851 2813
5592 2 2 5 26 2813 2851 2852
5593 2 2 5 26 2813 2852 2853
5594 2 2 5 26 2853 2814 2813
5595 2 2 5 26 2814 2853 2815
5596 2 2 5 26 2815 2853 2854
5597 2 2 5 26 2815 2854 2855
5598 2 2 5 26 2855 2816 2815
5599 2 2 5 26 2816 2855 257
5600 2 2 5 26 257 2855 256
5601 2 2 5 26 190 191 2817
5602 2 2 5 26 2817 191 2856
5603 2 2 5 26 2817 2856 2857
5604 2 2 5 26 2857 2818 2817
5605 2 2 5 26 2818 2857 2819
5606 2 2 5 26 2819 2857 2858
5607 2 2 5 26 2819 2858 2859
5608 2 2 5 26 2859 2820 2819
5609 2 2 5 26 2820 2859 2821
5610 2 2 5 26 2821 2859 2860
5611 2 2 5 26 2821 2860 2861
5612 2 2 5 26 2861 2822 2821
5613 2 2 5 26 2822 2861 2823
5614 2 2 5 26 2823 2861 2862
5615 2 2 5 26 2823 2862 2863
5616 2 2 5 26 2863 2824 2823
5617 2 2 5 26 2824 2863 2825
5618 2 2 5 26 2825 2863 2864
5619 2 2 5 26 2825 2864 2865
5620 2 2 5 26 2865 2826 2825
5621 2 2 5 26 2826 2865 2827
5622 2 2 5 26 2827 2865 2866
5623 2 2 5 26 2827 2866 2867
5624 2 2 5 26 2867 2828 2827
5625 2 2 5 26 2828 2867 2829
5626 2 2 5 26 2829 2867 2868
5627 2 2 5 26 2829 2868 2869
5628 2 2 5 26 2869 2830 2829
5629 2 2 5 26 2830 2869 2831
5630 2 2 5 26 2831 2869 2870
5631 2 2 5 26 2831 2870 2871
5632 2 2 5 26 2871 2832 2831
5633 2 2 5 26 2832 2871 2833
5634 2 2 5 26 2833 2871 2872
5635 2 2 5 26 2833 2872 2873
5636 2 2 5 26 2873 2834 2833
5637 2 2 5 26 2834 2873 2835
5638 2 2 5 26 2835 2873 2874
5639 2 2 5 26 2835 2874 2875
5640 2 2 5 26 2875 2836 2835
5641 2 2 5 26 2836 2875 2837
5642 2 2 5 26 2837 2875 2876
5643 2 2 5 26 2837 2876 2877
5644 2 2 5 26 2877 2838 2837
5645 2 2 5 26 2838 2877 2839
5646 2 2 5 26 2839 2877 2878
5647 2 2 5 26 2839 2878 2879
5648 2 2 5 26 2879 2840 2839
5649 2 2 5 26 2840 2879 2841
5650 2 2 5 26 2841 2879 2880
5651 2 2 5 26 2841 2880 2881
5652 2 2 5 26 2881 2842 2841
5653 2 2 5 26 2842 2881 2843
5654 2 2 5 26 2843 2881 2882
5655 2 2 5 26 2843 2882 2883
5656 2 2 5 26 2883 2844 2843
5657 2 2 5 26 2844 2883 2845
5658 2 2 5 26 2845 2883 2884
5659 2 2 5 26 2845 2884 2885
5660 2 2 5 26 2885 2846 2845
5661 2 2 5 26 2846 2885 2847
5662 2 2 5 26 2847 2885 2886
5663 2 2 5 26 2847 2886 2887
5664 2 2 5 26 2887 2848 2847
5665 2 2 5 26 2848 2887 2849
5666 2 2 5 26 2849 2887 2888
5667 2 2 5 26 2849 2888 2889
5668 2 2 5 26 2889 2850 2849
5669 2 2 5 26 2850 2889 2851
5670 2 2 5 26 2851 2889 2890
5671 2 2 5 26 2851 2890 2891
5672 2 2 5 26 2891 2852 2851
5673 2 2 5 26 2852 2891 2853
5674 2 2 5 26 2853 2891 2892
5675 2 2 5 26 2853 2892 2893
5676 2 2 5 26 2893 2854 2853
5677 2 2 5 26 2854 2893 2855
5678 2 2 5 26 2855 2893 2894
5679 2 2 5 26 2855 2894 255
5680 2 2 5 26 255 256 2855
5681 2 2 5 26 191 192 2895
5682 2 2 5 26 2895 2856 191
5683 2 2 5 26 2856 2895 2857
5684 2 2 5 26 2857 2895 2896
5685 2 2 5 26 2857 2896 2897
5686 2 2 5 26 2897 2858 2857
5687 2 2 5 26 2858 2897 2859
5688 2 2 5 26 2859 2897 2898
5689 2 2 5 26 2859 2898 2899
5690 2 2 5 26 2899 2860 2859
5691 2 2 5 26 2860 2899 2861
5692 2 2 5 26 2861 2899 2900
5693 2 2 5 26 2861 2900 2901
5694 2 2 5 26 2901 2862 2861
5695 2 2 5 26 2862 2901 2863
5696 2 2 5 26 2863 2901 2902
5697 2 2 5 26 2863 2902 2903
5698 2 2 5 26 2903 2864 2863
5699 2 2 5 26 2864 2903 2865
5700 2 2 5 26 2865 2903 2904
5701 2 2 5 26 2865 2904 2905
5702 2 2 5 26 2905 2866 2865
5703 2 2 5 26 2866 2905 2867
5704 2 2 5 26 2867 2905 2906
5705 2 2 5 26 2867 2906 2907
5706 2 2 5 26 2907 2868 2867
5707 2 2 5 26 2868 2907 2869
5708 2 2 5 26 2869 2907 2908
5709 2 2 5 26 2869 2908 2909
5710 2 2 5 26 2909 2870 2869
5711 2 2 5 26 2870 2909 2871
5712 2 2 5 26 2871 2909 2910
5713 2 2 5 26 2871 2910 2911
5714 2 2 5 26 2911 2872 2871
5715 2 2 5 26 2872 2911 2873
5716 2 2 5 26 2873 2911 2912
5717 2 2 5 26 2873 2912 2913
5718 2 2 5 26 2913 2874 2873
5719 2 2 5 26 2874 2913 2875
5720 2 2 5 26 2875 2913 2914
5721 2 2 5 26 2875 2914 2915
5722 2 2 5 26 2915 2876 2875
5723 2 2 5 26 2876 2915 2877
5724 2 2 5 26 2877 2915 2916
5725 2 2 5 26 2877 2916 2917
5726 2 2 5 26 2917 2878 2877
5727 2 2 5 26 2878 2917 2879
5728 2 2 5 26 2879 2917 2918
5729 2 2 5 26 2879 2918 2919
5730 2 2 5 26 2919 2880 2879
5731 2 2 5 26 2880 2919 2881
5732 2 2 5 26 2881 2919 2920
5733 2 2 5 26 2881 2920 2921
5734 2 2 5 26 2921 2882 2881
5735 2 2 5 26 2882 2921 2883
5736 2 2 5 26 2883 2921 2922
5737 2 2 5 26 2883 2922 2923
5738 2 2 5 26 2923 2884 2883
5739 2 2 5 26 2884 2923 2885
5740 2 2 5 26 2885 2923 2924
5741 2 2 5 26 2885 2924 2925
5742 2 2 5 26 2925 2886 2885
5743 2 2 5 26 2886 2925 2887
5744 2 2 5 26 2887 2925 2926
5745 2 2 5 26 2887 2926 2927
5746 2 2 5 26 2927 2888 2887
5747 2 2 5 26 2888 2927 2889
5748 2 2 5 26 2889 2927 2928
5749 2 2 5 26 2889 2928 2929
5750 2 2 5 26 2929 2890 2889
5751 2 2 5 26 2890 2929 2891
5752 2 2 5 26 2891 2929 2930
5753 2 2 5 26 2891 2930 2931
5754 2 2 5 26 2931 2892 2891
5755 2 2 5 26 2892 2931 2893
5756 2 2 5 26 2893 2931 2932
5757 2 2 5 26 2893 2932 2933
5758 2 2 5 26 2933 2894 2893
5759 2 2 5 26 2894 2933 255
5760 2 2 5 26 255 2933 254
5761 2 2 5 26 192 193 2895
5762 2 2 5 26 2895 193 2934
5763 2 2 5 26 2895 2934 2935
5764 2 2 5 26 2935 2896 2895
5765 2 2 5 26 2896 2935 2897
5766 2 2 5 26 2897 2935 2936
5767 2 2 5 26 2897 2936 2937
5768 2 2 5 26 2937 2898 2897
5769 2 2 5 26 2898 2937 2899
5770 2 2 5 26 2899 2937 2938
5771 2 2 5 26 2899 2938 2939
5772 2 2 5 26 2939 2900 2899
5773 2 2 5 26 2900 2939 2901
5774 2 2 5 26 2901 2939 2940
5775 2 2 5 26 2901 2940 2941
5776 2 2 5 26 2941 2902 2901
5777 2 2 5 26 2902 2941 2903
5778 2 2 5 26 2903 2941 2942
5779 2 2 5 26 2903 2942 2943
5780 2 2 5 26 2943 2904 2903
5781 2 2 5 26 2904 2943 2905
5782 2 2 5 26 2905 2943 2944
5783 2 2 5 26 2905 2944 2945
5784 2 2 5 26 2945 2906 2905
5785 2 2 5 26 2906 2945 2907
5786 2 2 5 26 2907 2945 2946
5787 2 2 5 26 2907 2946 2947
5788 2 2 5 26 2947 2908 2907
5789 2 2 5 26 2908 2947 2909
5790 2 2 5 26 2909 2947 2948
5791 2 2 5 26 2909 2948 2949
5792 2 2 5 26 2949 2910 2909
5793 2 2 5 26 2910 2949 2911
5794 2 2 5 26 2911 2949 2950
5795 2 2 5 26 2911 2950 2951
5796 2 2 5 26 2951 2912 2911
5797 2 2 5 26 2912 2951 2913
5798 2 2 5 26 2913 2951 2952
5799 2 2 5 26 2913 2952 2953
5800 2 2 5 26 2953 2914 2913
5801 2 2 5 26 2914 2953 2915
5802 2 2 5 26 2915 2953 2954
5803 2 2 5 26 2915 2954 2955
5804 2 2 5 26 2955 2916 2915
5805 2 2 5 26 2916 2955 2917
5806 2 2 5 26 2917 2955 2956
5807 2 2 5 26 2917 2956 2957
5808 2 2 5 26 2957 2918 2917
5809 2 2 5 26 2918 2957 2919
5810 2 2 5 26 2919 2957 2958
5811 2 2 5 26 2919 2958 2959
5812 2 2 5 26 2959 2920 2919
5813 2 2 5 26 2920 2959 2921
5814 2 2 5 26 2921 2959 2960
5815 2 2 5 26 2921 2960 2961
5816 2 2 5 26 2961 2922 2921
5817 2 2 5 26 2922 2961 2923
5818 2 2 5 26 2923 2961 2962
5819 2 2 5 26 2923 2962 2963
5820 2 2 5 26 2963 2924 2923
5821 2 2 5 26 2924 2963 2925
5822 2 2 5 26 2925 2963 2964
5823 2 2 5 26 2925 2964 2965
5824 2 2 5 26 2965 2926 2925
5825 2 2 5 26 2926 2965 2927
5826 2 2 5 26 2927 2965 2966
5827 2 2 5 26 2927 2966 2967
5828 2 2 5 26 2967 2928 2927
5829 2 2 5 26 2928 2967 2929
5830 2 2 5 26 2929 2967 2968
5831 2 2 5 26 2929 2968 2969
5832 2 2 5 26 2969 2930 2929
5833 2 2 5 26 2930 2969 2931
5834 2 2 5 26 2931 2969 2970
5835 2 2 5 26 2931 2970 2971
5836 2 2 5 26 2971 2932 2931
5837 2 2 5 26 2932 2971 2933
5838 2 2 5 26 2933 2971 2972
5839 2 2 5 26 2933 2972 253
5840 2 2 5 26 253 254 2933
5841 2 2 5 26 193 194 2973
5842 2 2 5 26 2973 2934 193
5843 2 2 5 26 2934 2973 2935
5844 2 2 5 26 2935 2973 2974
5845 2 2 5 26 2935 2974 2975
5846 2 2 5 26 2975 2936 2935
5847 2 2 5 26 2936 2975 2937
5848 2 2 5 26 2937 2975 2976
5849 2 2 5 26 2937 2976 2977
5850 2 2 5 26 2977 2938 2937
5851 2 2 5 26 2938 2977 2939
5852 2 2 5 26 2939 2977 2978
5853 2 2 5 26 2939 2978 2979
5854 2 2 5 26 2979 2940 2939
5855 2 2 5 26 2940 2979 2941
5856 2 2 5 26 2941 2979 2980
5857 2 2 5 26 2941 2980 2981
5858 2 2 5 26 2981 2942 2941
5859 2 2 5 26 2942 2981 2943
5860 2 2 5 26 2943 2981 2982
5861 2 2 5 26 2943 2982 2983
5862 2 2 5 26 2983 2944 2943
5863 2 2 5 26 2944 2983 2945
5864 2 2 5 26 2945 2983 2984
5865 2 2 5 26 2945 2984 2985
5866 2 2 5 26 2985 2946 2945
5867 2 2 5 26 2946 2985 2947
5868 2 2 5 26 2947 2985 2986
5869 2 2 5 26 2947 2986 2987
5870 2 2 5 26 2987 2948 2947
5871 2 2 5 26 2948 2987 2949
5872 2 2 5 26 2949 2987 2988
5873 2 2 5 26 2949 2988 2989
5874 2 2 5 26 2989 2950 2949
5875 2 2 5 26 2950 2989 2951
5876 2 2 5 26 2951 2989 2990
5877 2 2 5 26 2951 2990 2991
5878 2 2 5 26 2991 2952 2951
5879 2 2 5 26 2952 2991 2953
5880 2 2 5 26 2953 2991 2992
5881 2 2 5 26 2953 2992 2993
5882 2 2 5 26 2993 2954 2953
5883 2 2 5 26 2954 2993 2955
5884 2 2 5 26 2955 2993 2994
5885 2 2 5 26 2955 2994 2995
5886 2 2 5 26 2995 2956 2955
5887 2 2 5 26 2956 2995 2957
5888 2 2 5 26 2957 2995 2996
5889 2 2 5 26 2957 2996 2997
5890 2 2 5 26 2997 2958 2957
5891 2 2 5 26 2958 2997 2959
5892 2 2 5 26 2959 2997 2998
5893 2 2 5 26 2959 2998 2999
5894 2 2 5 26 2999 2960 2959
5895 2 2 5 26 2960 2999 2961
5896 2 2 5 26 2961 2999 3000
5897 2 2 5 26 2961 3000 3001
5898 2 2 5 26 3001 2962 2961
5899 2 2 5 26 2962 3001 2963
5900 2 2 5 26 2963 3001 3002
5901 2 2 5 26 2963 3002 3003
5902 2 2 5 26 3003 2964 2963
5903 2 2 5 26 2964 3003 2965
5904 2 2 5 26 2965 3003 3004
5905 2 2 5 26 2965 3004 3005
5906 2 2 5 26 3005 2966 2965
5907 2 2 5 26 2966 3005 2967
5908 2 2 5 26 2967 3005 3006
5909 2 2 5 26 2967 3006 3007
5910 2 2 5 26 3007 2968 2967
5911 2 2 5 26 2968 3007 2969
5912 2 2 5 26 2969 3007 3008
5913 2 2 5 26 2969 3008 3009
5914 2 2 5 26 3009 2970 2969
5915 2 2 5 26 2970 3009 2971
5916 2 2 5 26 2971 3009 3010
5917 2 2 5 26 2971 3010 3011
5918 2 2 5 26 3011 2972 2971
5919 2 2 5 26 2972 3011 253
5920 2 2 5 26 253 3011 252
5921 2 2 5 26 194 195 2973
5922 2 2 5 26 2973 195 3012
5923 2 2 5 26 2973 3012 3013
5924 2 2 5 26 3013 2974 2973
5925 2 2 5 26 2974 3013 2975
5926 2 2 5 26 2975 3013 3014
5927 2 2 5 26 2975 3014 3015
5928 2 2 5 26 3015 2976 2975
5929 2 2 5 26 2976 3015 2977
5930 2 2 5 26 2977 3015 3016
5931 2 2 5 26 2977 3016 3017
5932 2 2 5 26 3017 2978 2977
5933 2 2 5 26 2978 3017 2979
5934 2 2 5 26 2979 3017 3018
5935 2 2 5 26 2979 3018 3019
5936 2 2 5 26 3019 2980 2979
5937 2 2 5 26 2980 3019 2981
5938 2 2 5 26 2981 3019 3020
5939 2 2 5 26 2981 3020 3021
5940 2 2 5 26 3021 2982 2981
5941 2 2 5 26 2982 3021 2983
5942 2 2 5 26 2983 3021 3022
5943 2 2 5 26 2983 3022 3023
5944 2 2 5 26 3023 2984 2983
5945 2 2 5 26 2984 3023 2985
5946 2 2 5 26 2985 3023 3024
5947 2 2 5 26 2985 3024 3025
5948 2 2 5 26 3025 2986 2985
5949 2 2 5 26 2986 3025 2987
5950 2 2 5 26 2987 3025 3026
5951 2 2 5 26 2987 3026 3027
5952 2 2 5 26 3027 2988 2987
5953 2 2 5 26 2988 3027 2989
5954 2 2 5 26 2989 3027 3028
5955 2 2 5 26 2989 3028 3029
5956 2 2 5 26 3029 2990 2989
5957 2 2 5 26 2990 3029 2991
5958 2 2 5 26 2991 3029 3030
5959 2 2 5 26 2991 3030 3031
5960 2 2 5 26 3031 2992 2991
5961 2 2 5 26 2992 3031 2993
5962 2 2 5 26 2993 3031 3032
5963 2 2 5 26 2993 3032 3033
5964 2 2 5 26 3033 2994 2993
5965 2 2 5 26 2994 3033 2995
5966 2 2 5 26 2995 3033 3034
5967 2 2 5 26 2995 3034 3035
5968 2 2 5 26 3035 2996 2995
5969 2 2 5 26 2996 3035 2997
5970 2 2 5 26 2997 3035 3036
5971 2 2 5 26 2997 3036 3037
5972 2 2 5 26 3037 2998 2997
5973 2 2 5 26 2998 3037 2999
5974 2 2 5 26 2999 3037 3038
5975 2 2 5 26 2999 3038 3039
5976 2 2 5 26 3039 3000 2999
5977 2 2 5 26 3000 3039 3001
5978 2 2 5 26 3001 3039 3040
5979 2 2 5 26 3001 3040 3041
5980 2 2 5 26 3041 3002 3001
5981 2 2 5 26 3002 3041 3003
5982 2 2 5 26 3003 3041 3042
5983 2 2 5 26 3003 3042 3043
5984 2 2 5 26 3043 3004 3003
5985 2 2 5 26 3004 3043 3005
5986 2 2 5 26 3005 3043 3044
5987 2 2 5 26 3005 3044 3045
5988 2 2 5 26 3045 3006 3005
5989 2 2 5 26 3006 3045 3007
5990 2 2 5 26 3007 3045 3046
5991 2 2 5 26 3007 3046 3047
5992 2 2 5 26 3047 3008 3007
5993 2 2 5 26 3008 3047 3009
5994 2 2 5 26 3009 3047 3048
5995 2 2 5 26 3009 3048 3049
5996 2 2 5 26 3049 3010 3009
5997 2 2 5 26 3010 3049 3011
5998 2 2 5 26 3011 3049 3050
5999 2 2 5 26 3011 3050 251
6000 2 2 5 26 251 252 3011
6001 2 2 5 26 195 196 3051
6002 2 2 5 26 3051 3012 195
6003 2 2 5 26 3012 3051 3013
6004 2 2 5 26 3013 3051 3052
6005 2 2 5 26 3013 3052 3053
6006 2 2 5 26 3053 3014 3013
6007 2 2 5 26 3014 3053 3015
6008 2 2 5 26 3015 3053 3054
6009 2 2 5 26 3015 3054 3055
6010 2 2 5 26 3055 3016 3015
6011 2 2 5 26 3016 3055 3017
6012 2 2 5 26 3017 3055 3056
6013 2 2 5 26 3017 3056 3057
6014 2 2 5 26 3057 3018 3017
6015 2 2 5 26 3018 3057 3019
6016 2 2 5 26 3019 3057 3058
6017 2 2 5 26 3019 3058 3059
6018 2 2 5 26 3059 3020 3019
6019 2 2 5 26 3020 3059 3021
6020 2 2 5 26 3021 3059 3060
6021 2 2 5 26 3021 3060 3061
6022 2 2 5 26 3061 3022 3021
6023 2 2 5 26 3022 3061 3023
6024 2 2 5 26 3023 3061 3062
6025 2 2 5 26 3023 3062 3063
6026 2 2 5 26 3063 3024 3023
6027 2 2 5 26 3024 3063 3025
6028 2 2 5 26 3025 3063 3064
6029 2 2 5 26 3025 3064 3065
6030 2 2 5 26 3065 3026 3025
6031 2 2 5 26 3026 3065 3027
6032 2 2 5 26 3027 3065 3066
6033 2 2 5 26 3027 3066 3067
6034 2 2 5 26 3067 3028 3027
6035 2 2 5 26 3028 3067 3029
6036 2 2 5 26 3029 3067 3068
6037 2 2 5 26 3029 3068 3069
6038 2 2 5 26 3069 3030 3029
6039 2 2 5 26 3030 3069 3031
6040 2 2 5 26 3031 3069 3070
6041 2 2 5 26 3031 3070 3071
6042 2 2 5 26 3071 3032 3031
6043 2 2 5 26 3032 3071 3033
6044 2 2 5 26 3033 3071 3072
6045 2 2 5 26 3033 3072 3073
6046 2 2 5 26 3073 3034 3033
6047 2 2 5 26 3034 3073 3035
6048 2 2 5 26 3035 3073 3074
6049 2 2 5 26 3035 3074 3075
6050 2 2 5 26 3075 3036 3035
6051 2 2 5 26 3036 3075 3037
6052 2 2 5 26 3037 3075 3076
6053 2 2 5 26 3037 3076 3077
6054 2 2 5 26 3077 3038 3037
6055 2 2 5 26 3038 3077 3039
6056 2 2 5 26 3039 3077 3078
6057 2 2 5 26 3039 3078 3079
6058 2 2 5 26 3079 3040 3039
6059 2 2 5 26 3040 3079 3041
6060 2 2 5 26 3041 3079 3080
6061 2 2 5 26 3041 3080 3081
6062 2 2 5 26 3081 3042 3041
6063 2 2 5 26 3042 3081 3043
6064 2 2 5 26 3043 3081 3082
6065 2 2 5 26 3043 3082 3083
6066 2 2 5 26 3083 3044 3043
6067 2 2 5 26 3044 3083 3045
6068 2 2 5 26 3045 3083 3084
6069 2 2 5 26 3045 3084 3085
6070 2 2 5 26 3085 3046 3045
6071 2 2 5 26 3046 3085 3047
6072 2 2 5 26 3047 3085 3086
6073 2 2 5 26 3047 3086 3087
6074 2 2 5 26 3087 3048 3047
6075 2 2 5 26 3048 3087 3049
6076 2 2 5 26 3049 3087 3088
6077 2 2 5 26 3049 3088 3089
6078 2 2 5 26 3089 3050 3049
6079 2 2 5 26 3050 3089 251
6080 2 2 5 26 251 3089 250
6081 2 2 5 26 196 197 3051
6082 2 2 5 26 3051 197 3090
6083 2 2 5 26 3051 3090 3091
6084 2 2 5 26 3091 3052 3051
6085 2 2 5 26 3052 3091 3053
6086 2 2 5 26 3053 3091 3092
6087 2 2 5 26 3053 3092 3093
6088 2 2 5 26 3093 3054 3053
6089 2 2 5 26 3054 3093 3055
6090 2 2 5 26 3055 3093 3094
6091 2 2 5 26 3055 3094 3095
6092 2 2 5 26 3095 3056 3055
6093 2 2 5 26 3056 3095 3057
6094 2 2 5 26 3057 3095 3096
6095 2 2 5 26 3057 3096 3097
6096 2 2 5 26 3097 3058 3057
6097 2 2 5 26 3058 3097 3059
6098 2 2 5 26 3059 3097 3098
6099 2 2 5 26 3059 3098 3099
6100 2 2 5 26 3099 3060 3059
6101 2 2 5 26 3060 3099 3061
6102 2 2 5 26 3061 3099 3100
6103 2 2 5 26 3061 3100 3101
6104 2 2 5 26 3101 3062 3061
6105 2 2 5 26 3062 3101 3063
6106 2 2 5 26 3063 3101 3102
6107 2 2 5 26 3063 3102 3103
6108 2 2 5 26 3103 3064 3063
6109 2 2 5 26 3064 3103 3065
6110 2 2 5 26 3065 3103 3104
6111 2 2 5 26 3065 3104 3105
6112 2 2 5 26 3105 3066 3065
6113 2 2 5 26 3066 3105 3067
6114 2 2 5 26 3067 3105 3106
6115 2 2 5 26 3067 3106 3107
6116 2 2 5 26 3107 3068 3067
6117 2 2 5 26 3068 3107 3069
6118 2 2 5 26 3069 3107 3108
6119 2 2 5 26 3069 3108 3109
6120 2 2 5 26 3109 3070 3069
6121 2 2 5 26 3070 3109 3071
6122 2 2 5 26 3071 3109 3110
6123 2 2 5 26 3071 3110 3111
6124 2 2 5 26 3111 3072 3071
6125 2 2 5 26 3072 3111 3073
6126 2 2 5 26 3073 3111 3112
6127 2 2 5 26 3073 3112 3113
6128 2 2 5 26 3113 3074 3073
6129 2 2 5 26 3074 3113 3075
6130 2 2 5 26 3075 3113 3114
6131 2 2 5 26 3075 3114 3115
6132 2 2 5 26 3115 3076 3075
6133 2 2 5 26 3076 3115 3077
6134 2 2 5 26 3077 3115 3116
6135 2 2 5 26 3077 3116 3117
6136 2 2 5 26 3117 3078 3077
6137 2 2 5 26 3078 3117 3079
6138 2 2 5 26 3079 3117 3118
6139 2 2 5 26 3079 3118 3119
6140 2 2 5 26 3119 3080 3079
6141 2 2 5 26 3080 3119 3081
6142 2 2 5 26 3081 3119 3120
6143 2 2 5 26 3081 3120 3121
6144 2 2 5 26 3121 3082 3081
6145 2 2 5 26 3082 3121 3083
6146 2 2 5 26 3083 3121 3122
6147 2 2 5 26 3083 3122 3123
6148 2 2 5 26 3123 3084 3083
6149 2 2 5 26 3084 3123 3085
6150 2 2 5 26 3085 3123 3124
6151 2 2 5 26 3085 3124 3125
6152 2 2 5 26 3125 3086 3085
6153 2 2 5 26 3086 3125 3087
6154 2 2 5 26 3087 3125 3126
6155 2 2 5 26 3087 3126 3127
6156 2 2 5 26 3127 3088 3087
6157 2 2 5 26 3088 3127 3089
6158 2 2 5 26 3089 3127 3128
6159 2 2 5 26 3089 3128 249
6160 2 2 5 26 249 250 3089
6161 2 2 5 26 197 198 3129
6162 2 2 5 26 3129 3090 197
6163 2 2 5 26 3090 3129 3091
6164 2 2 5 26 3091 3129 3130
6165 2 2 5 26 3091 3130 3131
6166 2 2 5 26 3131 3092 3091
6167 2 2 5 26 3092 3131 3093
6168 2 2 5 26 3093 3131 3132
6169 2 2 5 26 3093 3132 3133
6170 2 2 5 26 3133 3094 3093
6171 2 2 5 26 3094 3133 3095
6172 2 2 5 26 3095 3133 3134
6173 2 2 5 26 3095 3134 3135
6174 2 2 5 26 3135 3096 3095
6175 2 2 5 26 3096 3135 3097
6176 2 2 5 26 3097 3135 3136
6177 2 2 5 26 3097 3136 3137
6178 2 2 5 26 3137 3098 3097
6179 2 2 5 26 3098 3137 3099
6180 2 2 5 26 3099 3137 3138
6181 2 2 5 26 3099 3138 3139
6182 2 2 5 26 3139 3100 3099
6183 2 2 5 26 3100 3139 3101
6184 2 2 5 26 3101 3139 3140
6185 2 2 5 26 3101 3140 3141
6186 2 2 5 26 3141 3102 3101
6187 2 2 5 26 3102 3141 3103
6188 2 2 5 26 3103 3141 3142
6189 2 2 5 26 3103 3142 3143
6190 2 2 5 26 3143 3104 3103
6191 2 2 5 26 3104 3143 3105
6192 2 2 5 26 3105 3143 3144
6193 2 2 5 26 3105 3144 3145
6194 2 2 5 26 3145 3106 3105
6195 2 2 5 26 3106 3145 3107
6196 2 2 5 26 3107 3145 3146
6197 2 2 5 26 3107 3146 3147
6198 2 2 5 26 3147 3108 3107
6199 2 2 5 26 3108 3147 3109
6200 2 2 5 26 3109 3147 3148
6201 2 2 5 26 3109 3148 3149
6202 2 2 5 26 3149 3110 3109
6203 2 2 5 26 3110 3149 3111
6204 2 2 5 26 3111 3149 3150
6205 2 2 5 26 3111 3150 3151
6206 2 2 5 26 3151 3112 3111
6207 2 2 5 26 3112 3151 3113
6208 2 2 5 26 3113 3151 3152
6209 2 2 5 26 3113 3152 3153
6210 2 2 5 26 3153 3114 3113
6211 2 2 5 26 3114 3153 3115
6212 2 2 5 26 3115 3153 3154
6213 2 2 5 26 3115 3154 3155
6214 2 2 5 26 3155 3116 3115
6215 2 2 5 26 3116 3155 3117
6216 2 2 5 26 3117 3155 3156
6217 2 2 5 26 3117 3156 3157
6218 2 2 5 26 3157 3118 3117
6219 2 2 5 26 3118 3157 3119
6220 2 2 5 26 3119 3157 3158
6221 2 2 5 26 3119 3158 3159
6222 2 2 5 26 3159 3120 3119
6223 2 2 5 26 3120 3159 3121
6224 2 2 5 26 3121 3159 3160
6225 2 2 5 26 3121 3160 3161
6226 2 2 5 26 3161 3122 3121
6227 2 2 5 26 3122 3161 3123
6228 2 2 5 26 3123 3161 3162
6229 2 2 5 26 3123 3162 3163
6230 2 2 5 26 3163 3124 3123
6231 2 2 5 26 3124 3163 3125
6232 2 2 5 26 3125 3163 3164
6233 2 2 5 26 3125 3164 3165
6234 2 2 5 26 3165 3126 3125
6235 2 2 5 26 3126 3165 3127
6236 2 2 5 26 3127 3165 3166
6237 2 2 5 26 3127 3166 3167
6238 2 2 5 26 3167 3128 3127
6239 2 2 5 26 3128 3167 249
6240 2 2 5 26 249 3167 248
6241 2 2 5 26 198 199 3129
6242 2 2 5 26 3129 199 3168
6243 2 2 5 26 3129 3168 3169
6244 2 2 5 26 3169 3130 3129
6245 2 2 5 26 3130 3169 3131
6246 2 2 5 26 3131 3169 3170
6247 2 2 5 26 3131 3170 3171
6248 2 2 5 26 3171 3132 3131
6249 2 2 5 26 3132 3171 3133
6250 2 2 5 26 3133 3171 3172
6251 2 2 5 26 3133 3172 3173
6252 2 2 5 26 3173 3134 3133
6253 2 2 5 26 3134 3173 3135
6254 2 2 5 26 3135 3173 3174
6255 2 2 5 26 3135 3174 3175
6256 2 2 5 26 3175 3136 3135
6257 2 2 5 26 3136 3175 3137
6258 2 2 5 26 3137 3175 3176
6259 2 2 5 26 3137 3176 3177
6260 2 2 5 26 3177 3138 3137
6261 2 2 5 26 3138 3177 3139
6262 2 2 5 26 3139 3177 3178
6263 2 2 5 26 3139 3178 3179
6264 2 2 5 26 3179 3140 3139
6265 2 2 5 26 3140 3179 3141
6266 2 2 5 26 3141 3179 3180
6267 2 2 5 26 3141 3180 3181
6268 2 2 5 26 3181 3142 3141
6269 2 2 5 26 3142 3181 3143
6270 2 2 5 26 3143 3181 3182
6271 2 2 5 26 3143 3182 3183
6272 2 2 5 26 3183 3144 3143
6273 2 2 5 26 3144 3183 3145
6274 2 2 5 26 3145 3183 3184
6275 2 2 5 26 3145 3184 3185
6276 2 2 5 26 3185 3146 3145
6277 2 2 5 26 3146 3185 3147
6278 2 2 5 26 3147 3185 3186
6279 2 2 5 26 3147 3186 3187
6280 2 2 5 26 3187 3148 3147
6281 2 2 5 26 3148 3187 3149
6282 2 2 5 26 3149 3187 3188
6283 2 2 5 26 3149 3188 3189
6284 2 2 5 26 3189 3150 3149
6285 2 2 5 26 3150 3189 3151
6286 2 2 5 26 3151 3189 3190
6287 2 2 5 26 3151 3190 3191
6288 2 2 5 26 3191 3152 3151
6289 2 2 5 26 3152 3191 3153
6290 2 2 5 26 3153 3191 3192
6291 2 2 5 26 3153 3192 3193
6292 2 2 5 26 3193 3154 3153
6293 2 2 5 26 3154 3193 3155
6294 2 2 5 26 3155 3193 3194
6295 2 2 5 26 3155 3194 3195
6296 2 2 5 26 3195 3156 3155
6297 2 2 5 26 3156 3195 3157
6298 2 2 5 26 3157 3195 3196
6299 2 2 5 26 3157 3196 3197
6300 2 2 5 26 3197 3158 3157
6301 2 2 5 26 3158 3197 3159
6302 2 2 5 26 3159 3197 3198
6303 2 2 5 26 3159 3198 3199
6304 2 2 5 26 3199 3160 3159
6305 2 2 5 26 3160 3199 3161
6306 2 2 5 26 3161 3199 3200
6307 2 2 5 26 3161 3200 3201
6308 2 2 5 26 3201 3162 3161
6309 2 2 5 26 3162 3201 3163
6310 2 2 5 26 3163 3201 3202
6311 2 2 5 26 3163 3202 3203
6312 2 2 5 26 3203 3164 3163
6313 2 2 5 26 3164 3203 3165
6314 2 2 5 26 3165 3203 3204
6315 2 2 5 26 3165 3204 3205
6316 2 2 5 26 3205 3166 3165
6317 2 2 5 26 3166 3205 3167
6318 2 2 5 26 3167 3205 3206
6319 2 2 5 26 3167 3206 247
6320 2 2 5 26 247 248 3167
6321 2 2 5 26 199 200 3207
6322 2 2 5 26 3207 3168 199
6323 2 2 5 26 3168 3207 3169
6324 2 2 5 26 3169 3207 3208
6325 2 2 5 26 3169 3208 3209
6326 2 2 5 26 3209 3170 3169
6327 2 2 5 26 3170 3209 3171
6328 2 2 5 26 3171 3209 3210
6329 2 2 5 26 3171 3210 3211
6330 2 2 5 26 3211 3172 3171
6331 2 2 5 26 3172 3211 3173
6332 2 2 5 26 3173 3211 3212
6333 2 2 5 26 3173 3212 3213
6334 2 2 5 26 3213 3174 3173
6335 2 2 5 26 3174 3213 3175
6336 2 2 5 26 3175 3213 3214
6337 2 2 5 26 3175 3214 3215
6338 2 2 5 26 3215 3176 3175
6339 2 2 5 26 3176 3215 3177
6340 2 2 5 26 3177 3215 3216
6341 2 2 5 26 3177 3216 3217
6342 2 2 5 26 3217 3178 3177
6343 2 2 5 26 3178 3217 3179
6344 2 2 5 26 3179 3217 3218
6345 2 2 5 26 3179 3218 3219
6346 2 2 5 26 3219 3180 3179
6347 2 2 5 26 3180 3219 3181
6348 2 2 5 26 3181 3219 3220
6349 2 2 5 26 3181 3220 3221
6350 2 2 5 26 3221 3182 3181
6351 2 2 5 26 3182 3221 3183
6352 2 2 5 26 3183 3221 3222
6353 2 2 5 26 3183 3222 3223
6354 2 2 5 26 3223 3184 3183
6355 2 2 5 26 3184 3223 3185
6356 2 2 5 26 3185 3223 3224
6357 2 2 5 26 3185 3224 3225
6358 2 2 5 26 3225 3186 3185
6359 2 2 5 26 3186 3225 3187
6360 2 2 5 26 3187 3225 3226
6361 2 2 5 26 3187 3226 3227
6362 2 2 5 26 3227 3188 3187
6363 2 2 5 26 3188 3227 3189
6364 2 2 5 26 3189 3227 3228
6365 2 2 5 26 3189 3228 3229
6366 2 2 5 26 3229 3190 3189
6367 2 2 5 26 3190 3229 3191
6368 2 2 5 26 3191 3229 3230
6369 2 2 5 26 3191 3230 3231
6370 2 2 5 26 3231 3192 3191
6371 2 2 5 26 3192 3231 3193
6372 2 2 5 26 3193 3231 3232
6373 2 2 5 26 3193 3232 3233
6374 2 2 5 26 3233 3194 3193
6375 2 2 5 26 3194 3233 3195
6376 2 2 5 26 3195 3233 3234
6377 2 2 5 26 3195 3234 3235
6378 2 2 5 26 3235 3196 3195
6379 2 2 5 26 3196 3235 3197
6380 2 2 5 26 3197 3235 3236
6381 2 2 5 26 3197 3236 3237
6382 2 2 5 26 3237 3198 3197
6383 2 2 5 26 3198 3237 3199
6384 2 2 5 26 3199 3237 3238
6385 2 2 5 26 3199 3238 3239
6386 2 2 5 26 3239 3200 3199
6387 2 2 5 26 3200 3239 3201
6388 2 2 5 26 3201 3239 3240
6389 2 2 5 26 3201 3240 3241
6390 2 2 5 26 3241 3202 3201
6391 2 2 5 26 3202 3241 3203
6392 2 2 5 26 3203 3241 3242
6393 2 2 5 26 3203 3242 3243
6394 2 2 5 26 3243 3204 3203
6395 2 2 5 26 3204 3243 3205
6396 2 2 5 26 3205 3243 3244
6397 2 2 5 26 3205 3244 3245
6398 2 2 5 26 3245 3206 3205
6399 2 2 5 26 3206 3245 247
6400 2 2 5 26 247 3245 246
6401 2 2 5 26 200 201 3207
6402 2 2 5 26 3207 201 3246
6403 2 2 5 26 3207 3246 3247
6404 2 2 5 26 3247 3208 3207
6405 2 2 5 26 3208 3247 3209
6406 2 2 5 26 3209 3247 3248
6407 2 2 5 26 3209 3248 3249
6408 2 2 5 26 3249 3210 3209
6409 2 2 5 26 3210 3249 3211
6410 2 2 5 26 3211 3249 3250
6411 2 2 5 26 3211 3250 3251
6412 2 2 5 26 3251 3212 3211
6413 2 2 5 26 3212 3251 3213
6414 2 2 5 26 3213 3251 3252
6415 2 2 5 26 3213 3252 3253
6416 2 2 5 26 3253 3214 3213
6417 2 2 5 26 3214 3253 3215
6418 2 2 5 26 3215 3253 3254
6419 2 2 5 26 3215 3254 3255
6420 2 2 5 26 3255 3216 3215
6421 2 2 5 26 3216 3255 3217
6422 2 2 5 26 3217 3255 3256
6423 2 2 5 26 3217 3256 3257
6424 2 2 5 26 3257 3218 3217
6425 2 2 5 26 3218 3257 3219
6426 2 2 5 26 3219 3257 3258
6427 2 2 5 26 3219 3258 3259
6428 2 2 5 26 3259 3220 3219
6429 2 2 5 26 3220 3259 3221
6430 2 2 5 26 3221 3259 3260
6431 2 2 5 26 3221 3260 3261
6432 2 2 5 26 3261 3222 3221
6433 2 2 5 26 3222 3261 3223
6434 2 2 5 26 3223 3261 3262
6435 2 2 5 26 3223 3262 3263
6436 2 2 5 26 3263 3224 3223
6437 2 2 5 26 3224 3263 3225
6438 2 2 5 26 3225 3263 3264
6439 2 2 5 26 3225 3264 3265
6440 2 2 5 26 3265 3226 3225
6441 2 2 5 26 3226 3265 3227
6442 2 2 5 26 3227 3265 3266
6443 2 2 5 26 3227 3266 3267
6444 2 2 5 26 3267 3228 3227
6445 2 2 5 26 3228 3267 3229
6446 2 2 5 26 3229 3267 3268
6447 2 2 5 26 3229 3268 3269
6448 2 2 5 26 3269 3230 3229
6449 2 2 5 26 3230 3269 3231
6450 2 2 5 26 3231 3269 3270
6451 2 2 5 26 3231 3270 3271
6452 2 2 5 26 3271 3232 3231
6453 2 2 5 26 3232 3271 3233
6454 2 2 5 26 3233 3271 3272
6455 2 2 5 26 3233 3272 3273
6456 2 2 5 26 3273 3234 3233
6457 2 2 5 26 3234 3273 3235
6458 2 2 5 26 3235 3273 3274
6459 2 2 5 26 3235 3274 3275
6460 2 2 5 26 3275 3236 3235
6461 2 2 5 26 3236 3275 3237
6462 2 2 5 26 3237 3275 3276
6463 2 2 5 26 3237 3276 3277
6464 2 2 5 26 3277 3238 3237
6465 2 2 5 26 3238 3277 3239
6466 2 2 5 26 3239 3277 3278
6467 2 2 5 26 3239 3278 3279
6468 2 2 5 26 3279 3240 3239
6469 2 2 5 26 3240 3279 3241
6470 2 2 5 26 3241 3279 3280
6471 2 2 5 26 3241 3280 3281
6472 2 2 5 26 3281 3242 3241
6473 2 2 5 26 3242 3281 3243
6474 2 2 5 26 3243 3281 3282
6475 2 2 5 26 3243 3282 3283
6476 2 2 5 26 3283 3244 3243
6477 2 2 5 26 3244 3283 3245
6478 2 2 5 26 3245 3283 3284
6479 2 2 5 26 3245 3284 245
6480 2 2 5 26 245 246 3245
6481 2 2 5 26 201 202 3285
6482 2 2 5 26 3285 3246 201
6483 2 2 5 26 3246 3285 3247
6484 2 2 5 26 3247 3285 3286
6485 2 2 5 26 3247 3286 3287
6486 2 2 5 26 3287 3248 3247
6487 2 2 5 26 3248 3287 3249
6488 2 2 5 26 3249 3287 3288
6489 2 2 5 26 3249 3288 3289
6490 2 2 5 26 3289 3250 3249
6491 2 2 5 26 3250 3289 3251
6492 2 2 5 26 3251 3289 3290
6493 2 2 5 26 3251 3290 3291
6494 2 2 5 26 3291 3252 3251
6495 2 2 5 26 3252 3291 3253
6496 2 2 5 26 3253 3291 3292
6497 2 2 5 26 3253 3292 3293
6498 2 2 5 26 3293 3254 3253
6499 2 2 5 26 3254 3293 3255
6500 2 2 5 26 3255 3293 3294
6501 2 2 5 26 3255 3294 3295
6502 2 2 5 26 3295 3256 3255
6503 2 2 5 26 3256 3295 3257
6504 2 2 5 26 3257 3295 3296
6505 2 2 5 26 3257 3296 3297
6506 2 2 5 26 3297 3258 3257
6507 2 2 5 26 3258 3297 3259
6508 2 2 5 26 3259 3297 3298
6509 2 2 5 26 3259 3298 3299
6510 2 2 5 26 3299 3260 3259
6511 2 2 5 26 3260 3299 3261
6512 2 2 5 26 3261 3299 3300
6513 2 2 5 26 3261 3300 3301
6514 2 2 5 26 3301 3262 3261
6515 2 2 5 26 3262 3301 3263
6516 2 2 5 26 3263 3301 3302
6517 2 2 5 26 3263 3302 3303
6518 2 2 5 26 3303 3264 3263
6519 2 2 5 26 3264 3303 3265
6520 2 2 5 26 3265 3303 3304
6521 2 2 5 26 3265 3304 3305
6522 2 2 5 26 3305 3266 3265
6523 2 2 5 26 3266 3305 3267
6524 2 2 5 26 3267 3305 3306
6525 2 2 5 26 3267 3306 3307
6526 2 2 5 26 3307 3268 3267
6527 2 2 5 26 3268 3307 3269
6528 2 2 5 26 3269 3307 3308
6529 2 2 5 26 3269 3308 3309
6530 2 2 5 26 3309 3270 3269
6531 2 2 5 26 3270 3309 3271
6532 2 2 5 26 3271 3309 3310
6533 2 2 5 26 3271 3310 3311
6534 2 2 5 26 3311 3272 3271
6535 2 2 5 26 3272 3311 3273
6536 2 2 5 26 3273 3311 3312
6537 2 2 5 26 3273 3312 3313
6538 2 2 5 26 3313 3274 3273
6539 2 2 5 26 3274 3313 3275
6540 2 2 5 26 3275 3313 3314
6541 2 2 5 26 3275 3314 3315
6542 2 2 5 26 3315 3276 3275
6543 2 2 5 26 3276 3315 3277
6544 2 2 5 26 3277 3315 3316
6545 2 2 5 26 3277 3316 3317
6546 2 2 5 26 3317 3278 3277
6547 2 2 5 26 3278 3317 3279
6548 2 2 5 26 3279 3317 3318
6549 2 2 5 26 3279 3318 3319
6550 2 2 5 26 3319 3280 3279
6551 2 2 5 26 3280 3319 3281
6552 2 2 5 26 3281 3319 3320
6553 2 2 5 26 3281 3320 3321
6554 2 2 5 26 3321 3282 3281
6555 2 2 5 26 3282 3321 3283
6556 2 2 5 26 3283 3321 3322
6557 2 2 5 26 3283 3322 3323
6558 2 2 5 26 3323 3284 3283
6559 2 2 5 26 3284 3323 245
6560 2 2 5 26 245 3323 244
6561 2 2 5 26 202 203 3285
6562 2 2 5 26 3285 203 3324
6563 2 2 5 26 3285 3324 3325
6564 2 2 5 26 3325 3286 3285
6565 2 2 5 26 3286 3325 3287
6566 2 2 5 26 3287 3325 3326
6567 2 2 5 26 3287 3326 3327
6568 2 2 5 26 3327 3288 3287
6569 2 2 5 26 3288 3327 3289
6570 2 2 5 26 3289 3327 3328
6571 2 2 5 26 3289 3328 3329
6572 2 2 5 26 3329 3290 3289
6573 2 2 5 26 3290 3329 3291
6574 2 2 5 26 3291 3329 3330
6575 2 2 5 26 3291 3330 3331
6576 2 2 5 26 3331 3292 3291
6577 2 2 5 26 3292 3331 3293
6578 2 2 5 26 3293 3331 3332
6579 2 2 5 26 3293 3332 3333
6580 2 2 5 26 3333 3294 3293
6581 2 2 5 26 3294 3333 3295
6582 2 2 5 26 3295 3333 3334
6583 2 2 5 26 3295 3334 3335
6584 2 2 5 26 3335 3296 3295
6585 2 2 5 26 3296 3335 3297
6586 2 2 5 26 3297 3335 3336
6587 2 2 5 26 3297 3336 3337
6588 2 2 5 26 3337 3298 3297
6589 2 2 5 26 3298 3337 3299
6590 2 2 5 26 3299 3337 3338
6591 2 2 5 26 3299 3338 3339
6592 2 2 5 26 3339 3300 3299
6593 2 2 5 26 3300 3339 3301
6594 2 2 5 26 3301 3339 3340
6595 2 2 5 26 3301 3340 3341
6596 2 2 5 26 3341 3302 3301
6597 2 2 5 26 3302 3341 3303
6598 2 2 5 26 3303 3341 3342
6599 2 2 5 26 3303 3342 3343
6600 2 2 5 26 3343 3304 3303
6601 2 2 5 26 3304 3343 3305
6602 2 2 5 26 3305 3343 3344
6603 2 2 5 26 3305 3344 3345
6604 2 2 5 26 3345 3306 3305
6605 2 2 5 26 3306 3345 3307
6606 2 2 5 26 3307 3345 3346
6607 2 2 5 26 3307 3346 3347
6608 2 2 5 26 3347 3308 3307
6609 2 2 5 26 3308 3347 3309
6610 2 2 5 26 3309 3347 3348
6611 2 2 5 26 3309 3348 3349
6612 2 2 5 26 3349 3310 3309
6613 2 2 5 26 3310 3349 3311
6614 2 2 5 26 3311 3349 3350
6615 2 2 5 26 3311 3350 3351
6616 2 2 5 26 3351 3312 3311
6617 2 2 5 26 3312 3351 3313
6618 2 2 5 26 3313 3351 3352
6619 2 2 5 26 3313 3352 3353
6620 2 2 5 26 3353 3314 3313
6621 2 2 5 26 3314 3353 3315
6622 2 2 5 26 3315 3353 3354
6623 2 2 5 26 3315 3354 3355
6624 2 2 5 26 3355 3316 3315
6625 2 2 5 26 3316 3355 3317
6626 2 2 5 26 3317 3355 3356
6627 2 2 5 26 3317 3356 3357
6628 2 2 5 26 3357 3318 3317
6629 2 2 5 26 3318 3357 3319
6630 2 2 5 26 3319 3357 3358
6631 2 2 5 26 3319 3358 3359
6632 2 2 5 26 3359 3320 3319
6633 2 2 5 26 3320 3359 3321
6634 2 2 5 26 3321 3359 3360
6635 2 2 5 26 3321 3360 3361
6636 2 2 5 26 3361 3322 3321
6637 2 2 5 26 3322 3361 3323
6638 2 2 5 26 3323 3361 3362
6639 2 2 5 26 3323 3362 243
6640 2 2 5 26 243 244 3323
6641 2 2 5 26 203 6 204
6642 2 2 5 26 204 3324 203
6643 2 2 5 26 3324 204 3325
6644 2 2 5 26 3325 204 205
6645 2 2 5 26 3325 205 206
6646 2 2 5 26 206 3326 3325
6647 2 2 5 26 3326 206 3327
6648 2 2 5 26 3327 206 207
6649 2 2 5 26 3327 207 208
6650 2 2 5 26 208 3328 3327
6651 2 2 5 26 3328 208 3329
6652 2 2 5 26 3329 208 209
6653 2 2 5 26 3329 209 210
6654 2 2 5 26 210 3330 3329
6655 2 2 5 26 3330 210 3331
6656 2 2 5 26 3331 210 211
6657 2 2 5 26 3331 211 212
6658 2 2 5 26 212 3332 3331
6659 2 2 5 26 3332 212 3333
6660 2 2 5 26 3333 212 213
6661 2 2 5 26 3333 213 214
6662 2 2 5 26 214 3334 3333
6663 2 2 5 26 3334 214 3335
6664 2 2 5 26 3335 214 215
6665 2 2 5 26 3335 215 216
6666 2 2 5 26 216 3336 3335
6667 2 2 5 26 3336 216 3337
6668 2 2 5 26 3337 216 217
6669 2 2 5 26 3337 217 218
6670 2 2 5 26 218 3338 3337
6671 2 2 5 26 3338 218 3339
6672 2 2 5 26 3339 218 219
6673 2 2 5 26 3339 219 220
6674 2 2 5 26 220 3340 3339
6675 2 2 5 26 3340 220 3341
6676 2 2 5 26 3341 220 221
6677 2 2 5 26 3341 221 222
6678 2 2 5 26 222 3342 3341
6679 2 2 5 26 3342 222 3343
6680 2 2 5 26 3343 222 223
6681 2 2 5 26 3343 223 224
6682 2 2 5 26 224 3344 3343
6683 2 2 5 26 3344 224 3345
6684 2 2 5 26 3345 224 225
6685 2 2 5 26 3345 225 226
6686 2 2 5 26 226 3346 3345
6687 2 2 5 26 3346 226 3347
6688 2 2 5 26 3347 226 227
6689 2 2 5 26 3347 227 228
6690 2 2 5 26 228 3348 3347
6691 2 2 5 26 3348 228 3349
6692 2 2 5 26 3349 228 229
6693 2 2 5 26 3349 229 230
6694 2 2 5 26 230 3350 3349
6695 2 2 5 26 3350 230 3351
6696 2 2 5 26 3351 230 231
6697 2 2 5 26 3351 231 232
6698 2 2 5 26 232 3352 3351
6699 2 2 5 26 3352 232 3353
6700 2 2 5 26 3353 232 233
6701 2 2 5 26 3353 233 234
6702 2 2 5 26 234 3354 3353
6703 2 2 5 26 3354 234 3355
6704 2 2 5 26 3355 234 235
6705 2 2 5 26 3355 235 236
6706 2 2 5 26 236 3356 3355
6707 2 2 5 26 3356 236 3357
6708 2 2 5 26 3357 236 237
6709 2 2 5 26 3357 237 238
6710 2 2 5 26 238 3358 3357
6711 2 2 5 26 3358 238 3359
6712 2 2 5 26 3359 238 239
6713 2 2 5 26 3359 239 240
6714 2 2 5 26 240 3360 3359
6715 2 2 5 26 3360 240 3361
6716 2 2 5 26 3361 240 241
6717 2 2 5 26 3361 241 242
6718 2 2 5 26 242 3362 3361
6719 2 2 5 26 3362 242 243
6720 2 2 5 26 243 242 7
6721 6 2 7 1 1 9 164 5 165 320
6722 6 2 7 1 164 9 321 320 165 1842
6723 6 2 7 1 164 321 322 320 1842 1843
6724 6 2 7 1 322 163 164 1843 319 320
6725 6 2 7 1 163 322 162 319 1843 318
6726 6 2 7 1 162 322 323 318 1843 1844
6727 6 2 7 1 162 323 324 318 1844 1845
6728 6 2 7 1 324 161 162 1845 317 318
6729 6 2 7 1 161 324 160 317 1845 316
6730 6 2 7 1 160 324 325 316 1845 1846
6731 6 2 7 1 160 325 326 316 1846 1847
6732 6 2 7 1 326 159 160 1847 315 316
6733 6 2 7 1 159 326 158 315 1847 314
6734 6 2 7 1 158 326 327 314 1847 1848
6735 6 2 7 1 158 327 328 314 1848 1849
6736 6 2 7 1 328 157 158 1849 313 314
6737 6 2 7 1 157 328 156 313 1849 312
6738 6 2 7 1 156 328 329 312 1849 1850
6739 6 2 7 1 156 329 330 312 1850 1851
6740 6 2 7 1 330 155 156 1851 311 312
6741 6 2 7 1 155 330 154 311 1851 310
6742 6 2 7 1 154 330 331 310 1851 1852
6743 6 2 7 1 154 331 332 310 1852 1853
6744 6 2 7 1 332 153 154 1853 309 310
6745 6 2 7 1 153 332 152 309 1853 308
6746 6 2 7 1 152 332 333 308 1853 1854
6747 6 2 7 1 152 333 334 308 1854 1855
6748 6 2 7 1 334 151 152 1855 307 308
6749 6 2 7 1 151 334 150 307 1855 306
6750 6 2 7 1 150 334 335 306 1855 1856
6751 6 2 7 1 150 335 336 306 1856 1857
6752 6 2 7 1 336 149 150 1857 305 306
6753 6 2 7 1 149 336 148 305 1857 304
6754 6 2 7 1 148 336 337 304 1857 1858
6755 6 2 7 1 148 337 338 304 1858 1859
6756 6 2 7 1 338 147 148 1859 303 304
6757 6 2 7 1 147 338 146 303 1859 302
6758 6 2 7 1 146 338 339 302 1859 1860
6759 6 2 7 1 146 339 340 302 1860 1861
6760 6 2 7 1 340 145 146 1861 301 302
6761 6 2 7 1 145 340 144 301 1861 300
6762 6 2 7 1 144 340 341 300 1861 1862
6763 6 2 7 1 144 341 342 300 1862 1863
6764 6 2 7 1 342 143 144 1863 299 300
6765 6 2 7 1 143 342 142 299 1863 298
6766 6 2 7 1 142 342 343 298 1863 1864
6767 6 2 7 1 142 343 344 298 1864 1865
6768 6 2 7 1 344 141 142 1865 297 298
6769 6 2 7 1 141 344 140 297 1865 296
6770 6 2 7 1 140 344 345 296 1865 1866
6771 6 2 7 1 140 345 346 296 1866 1867
6772 6 2 7 1 346 139 140 1867 295 296
6773 6 2 7 1 139 346 138 295 1867 294
6774 6 2 7 1 138 346 347 294 1867 1868
6775 6 2 7 1 138 347 348 294 1868 1869
6776 6 2 7 1 348 137 138 1869 293 294
6777 6 2 7 1 137 348 136 293 1869 292
6778 6 2 7 1 136 348 349 292 1869 1870
6779 6 2 7 1 136 349 350 292 1870 1871
6780 6 2 7 1 350 135 136 1871 291 292
6781 6 2 7 1 135 350 134 291 1871 290
6782 6 2 7 1 134 350 351 290 1871 1872
6783 6 2 7 1 134 351 352 290 1872 1873
6784 6 2 7 1 352 133 134 1873 289 290
6785 6 2 7 1 133 352 132 289 1873 288
6786 6 2 7 1 132 352 353 288 1873 1874
6787 6 2 7 1 132 353 354 288 1874 1875
6788 6 2 7 1 354 131 132 1875 287 288
6789 6 2 7 1 131 354 130 287 1875 286
6790 6 2 7 1 130 354 355 286 1875 1876
6791 6 2 7 1 130 355 356 286 1876 1877
6792 6 2 7 1 356 129 130 1877 285 286
6793 6 2 7 1 129 356 128 285 1877 284
6794 6 2 7 1 128 356 357 284 1877 1878
6795 6 2 7 1 128 357 358 284 1878 1879
6796 6 2 7 1 358 127 128 1879 283 284
6797 6 2 7 1 127 358 126 283 1879 282
6798 6 2 7 1 126 358 359 282 1879 1880
6799 6 2 7 1 126 359 125 282 1880 281
6800 6 2 7 1 125 4 126 281 8 282
6801 6 2 7 1 9 10 360 165 166 1881
6802 6 2 7 1 360 321 9 1881 1842 165
6803 6 2 7 1 321 360 322 1842 1881 1843
6804 6 2 7 1 322 360 361 1843 1881 1882
6805 6 2 7 1 322 361 362 1843 1882 1883
6806 6 2 7 1 362 323 322 1883 1844 1843
6807 6 2 7 1 323 362 324 1844 1883 1845
6808 6 2 7 1 324 362 363 1845 1883 1884
6809 6 2 7 1 324 363 364 1845 1884 1885
6810 6 2 7 1 364 325 324 1885 1846 1845
6811 6 2 7 1 325 364 326 1846 1885 1847
6812 6 2 7 1 326 364 365 1847 1885 1886
6813 6 2 7 1 326 365 366 1847 1886 1887
6814 6 2 7 1 366 327 326 1887 1848 1847
6815 6 2 7 1 327 366 328 1848 1887 1849
6816 6 2 7 1 328 366 367 1849 1887 1888
6817 6 2 7 1 328 367 368 1849 1888 1889
6818 6 2 7 1 368 329 328 1889 1850 1849
6819 6 2 7 1 329 368 330 1850 1889 1851
6820 6 2 7 1 330 368 369 1851 1889 1890
6821 6 2 7 1 330 369 370 1851 1890 1891
6822 6 2 7 1 370 331 330 1891 1852 1851
6823 6 2 7 1 331 370 332 1852 1891 1853
6824 6 2 7 1 332 370 371 1853 1891 1892
6825 6 2 7 1 332 371 372 1853 1892 1893
6826 6 2 7 1 372 333 332 1893 1854 1853
6827 6 2 7 1 333 372 334 1854 1893 1855
6828 6 2 7 1 334 372 373 1855 1893 1894
6829 6 2 7 1 334 373 374 1855 1894 1895
6830 6 2 7 1 374 335 334 1895 1856 1855
6831 6 2 7 1 335 374 336 1856 1895 1857
6832 6 2 7 1 336 374 375 1857 1895 1896
6833 6 2 7 1 336 375 376 1857 1896 1897
6834 6 2 7 1 376 337 336 1897 1858 1857
6835 6 2 7 1 337 376 338 1858 1897 1859
6836 6 2 7 1 338 376 377 1859 1897 1898
6837 6 2 7 1 338 377 378 1859 1898 1899
6838 6 2 7 1 378 339 338 1899 1860 1859
6839 6 2 7 1 339 378 340 1860 1899 1861
6840 6 2 7 1 340 378 379 1861 1899 1900
6841 6 2 7 1 340 379 380 1861 1900 1901
6842 6 2 7 1 380 341 340 1901 1862 1861
6843 6 2 7 1 341 380 342 1862 1901 1863
6844 6 2 7 1 342 380 381 1863 1901 1902
6845 6 2 7 1 342 381 382 1863 1902 1903
6846 6 2 7 1 382 343 342 1903 1864 1863
6847 6 2 7 1 343 382 344 1864 1903 1865
6848 6 2 7 1 344 382 383 1865 1903 1904
6849 6 2 7 1 344 383 384 1865 1904 1905
6850 6 2 7 1 384 345 344 1905 1866 1865
6851 6 2 7 1 345 384 346 1866 1905 1867
6852 6 2 7 1 346 384 385 1867 1905 1906
6853 6 2 7 1 346 385 386 1867 1906 1907
6854 6 2 7 1 386 347 346 1907 1868 1867
6855 6 2 7 1 347 386 348 1868 1907 1869
6856 6 2 7 1 348 386 387 1869 1907 1908
6857 6 2 7 1 348 387 388 1869 1908 1909
6858 6 2 7 1 388 349 348 1909 1870 1869
6859 6 2 7 1 349 388 350 1870 1909 1871
6860 6 2 7 1 350 388 389 1871 1909 1910
6861 6 2 7 1 350 389 390 1871 1910 1911
6862 6 2 7 1 390 351 350 1911 1872 1871
6863 6 2 7 1 351 390 352 1872 1911 1873
6864 6 2 7 1 352 390 391 1873 1911 1912
6865 6 2 7 1 352 391 392 1873 1912 1913
6866 6 2 7 1 392 353 352 1913 1874 1873
6867 6 2 7 1 353 392 354 1874 1913 1875
6868 6 2 7 1 354 392 393 1875 1913 1914
6869 6 2 7 1 354 393 394 1875 1914 1915
6870 6 2 7 1 394 355 354 1915 1876 1875
6871 6 2 7 1 355 394 356 1876 1915 1877
6872 6 2 7 1 356 394 395 1877 1915 1916
6873 6 2 7 1 356 395 396 1877 1916 1917
6874 6 2 7 1 396 357 356 1917 1878 1877
6875 6 2 7 1 357 396 358 1878 1917 1879
6876 6 2 7 1 358 396 397 1879 1917 1918
6877 6 2 7 1 358 397 398 1879 1918 1919
6878 6 2 7 1 398 359 358 1919 1880 1879
6879 6 2 7 1 359 398 125 1880 1919 281
6880 6 2 7 1 125 398 124 281 1919 280
6881 6 2 7 1 10 11 360 166 167 1881
6882 6 2 7 1 360 11 399 1881 167 1920
6883 6 2 7 1 360 399 400 1881 1920 1921
6884 6 2 7 1 400 361 360 1921 1882 1881
6885 6 2 7 1 361 400 362 1882 1921 1883
6886 6 2 7 1 362 400 401 1883 1921 1922
6887 6 2 7 1 362 401 402 1883 1922 1923
6888 6 2 7 1 402 363 362 1923 1884 1883
6889 6 2 7 1 363 402 364 1884 1923 1885
6890 6 2 7 1 364 402 403 1885 1923 1924
6891 6 2 7 1 364 403 404 1885 1924 1925
6892 6 2 7 1 404 365 364 1925 1886 1885
6893 6 2 7 1 365 404 366 1886 1925 1887
6894 6 2 7 1 366 404 405 1887 1925 1926
6895 6 2 7 1 366 405 406 1887 1926 1927
6896 6 2 7 1 406 367 366 1927 1888 1887
6897 6 2 7 1 367 406 368 1888 1927 1889
6898 6 2 7 1 368 406 407 1889 1927 1928
6899 6 2 7 1 368 407 408 1889 1928 1929
6900 6 2 7 1 408 369 368 1929 1890 1889
6901 6 2 7 1 369 408 370 1890 1929 1891
6902 6 2 7 1 370 408 409 1891 1929 1930
6903 6 2 7 1 370 409 410 1891 1930 1931
6904 6 2 7 1 410 371 370 1931 1892 1891
6905 6 2 7 1 371 410 372 1892 1931 1893
6906 6 2 7 1 372 410 411 1893 1931 1932
6907 6 2 7 1 372 411 412 1893 1932 1933
6908 6 2 7 1 412 373 372 1933 1894 1893
6909 6 2 7 1 373 412 374 1894 1933 1895
6910 6 2 7 1 374 412 413 1895 1933 1934
6911 6 2 7 1 374 413 414 1895 1934 1935
6912 6 2 7 1 414 375 374 1935 1896 1895
6913 6 2 7 1 375 414 376 1896 1935 1897
6914 6 2 7 1 376 414 415 1897 1935 1936
6915 6 2 7 1 376 415 416 1897 1936 1937
6916 6 2 7 1 416 377 376 1937 1898 1897
6917 6 2 7 1 377 416 378 1898 1937 1899
6918 6 2 7 1 378 416 417 1899 1937 1938
6919 6 2 7 1 378 417 418 1899 1938 1939
6920 6 2 7 1 418 379 378 1939 1900 1899
6921 6 2 7 1 379 418 380 1900 1939 1901
6922 6 2 7 1 380 418 419 1901 1939 1940
6923 6 2 7 1 380 419 420 1901 1940 1941
6924 6 2 7 1 420 381 380 1941 1902 1901
6925 6 2 7 1 381 420 382 1902 1941 1903
6926 6 2 7 1 382 420 421 1903 1941 1942
6927 6 2 7 1 382 421 422 1903 1942 1943
6928 6 2 7 1 422 383 382 1943 1904 1903
6929 6 2 7 1 383 422 384 1904 1943 1905
6930 6 2 7 1 384 422 423 1905 1943 1944
6931 6 2 7 1 384 423 424 1905 1944 1945
6932 6 2 7 1 424 385 384 1945 1906 1905
6933 6 2 7 1 385 424 386 1906 1945 1907
6934 6 2 7 1 386 424 425 1907 1945 1946
6935 6 2 7 1 386 425 426 1907 1946 1947
6936 6 2 7 1 426 387 386 1947 1908 1907
6937 6 2 7 1 387 426 388 1908 1947 1909
6938 6 2 7 1 388 426 427 1909 1947 1948
6939 6 2 7 1 388 427 428 1909 1948 1949
6940 6 2 7 1 428 389 388 1949 1910 1909
6941 6 2 7 1 389 428 390 1910 1949 1911
6942 6 2 7 1 390 428 429 1911 1949 1950
6943 6 2 7 1 390 429 430 1911 1950 1951
6944 6 2 7 1 430 391 390 1951 1912 1911
6945 6 2 7 1 391 430 392 1912 1951 1913
6946 6 2 7 1 392 430 431 1913 1951 1952
6947 6 2 7 1 392 431 432 1913 1952 1953
6948 6 2 7 1 432 393 392 1953 1914 1913
6949 6 2 7 1 393 432 394 1914 1953 1915
6950 6 2 7 1 394 432 433 1915 1953 1954
6951 6 2 7 1 394 433 434 1915 1954 1955
6952 6 2 7 1 434 395 394 1955 1916 1915
6953 6 2 7 1 395 434 396 1916 1955 1917
6954 6 2 7 1 396 434 435 1917 1955 1956
6955 6 2 7 1 396 435 436 1917 1956 1957
6956 6 2 7 1 436 397 396 1957 1918 1917
6957 6 2 7 1 397 436 398 1918 1957 1919
6958 6 2 7 1 398 436 437 1919 1957 1958
6959 6 2 7 1 398 437 123 1919 1958 279
6960 6 2 7 1 123 124 398 279 280 1919
6961 6 2 7 1 11 12 438 167 168 1959
6962 6 2 7 1 438 399 11 1959 1920 167
6963 6 2 7 1 399 438 400 1920 1959 1921
6964 6 2 7 1 400 438 439 1921 1959 1960
6965 6 2 7 1 400 439 440 1921 1960 1961
6966 6 2 7 1 440 401 400 1961 1922 1921
6967 6 2 7 1 401 440 402 1922 1961 1923
6968 6 2 7 1 402 440 441 1923 1961 1962
6969 6 2 7 1 402 441 442 1923 1962 1963
6970 6 2 7 1 442 403 402 1963 1924 1923
6971 6 2 7 1 403 442 404 1924 1963 1925
6972 6 2 7 1 404 442 443 1925 1963 1964
6973 6 2 7 1 404 443 444 1925 1964 1965
6974 6 2 7 1 444 405 404 1965 1926 1925
6975 6 2 7 1 405 444 406 1926 1965 1927
6976 6 2 7 1 406 444 445 1927 1965 1966
6977 6 2 7 1 406 445 446 1927 1966 1967
6978 6 2 7 1 446 407 406 1967 1928 1927
6979 6 2 7 1 407 446 408 1928 1967 1929
6980 6 2 7 1 408 446 447 1929 1967 1968
6981 6 2 7 1 408 447 448 1929 1968 1969
6982 6 2 7 1 448 409 408 1969 1930 1929
6983 6 2 7 1 409 448 410 1930 1969 1931
6984 6 2 7 1 410 448 449 1931 1969 1970
6985 6 2 7 1 410 449 450 1931 1970 1971
6986 6 2 7 1 450 411 410 1971 1932 1931
6987 6 2 7 1 411 450 412 1932 1971 1933
6988 6 2 7 1 412 450 451 1933 1971 1972
6989 6 2 7 1 412 451 452 1933 1972 1973
6990 6 2 7 1 452 413 412 1973 1934 1933
6991 6 2 7 1 413 452 414 1934 1973 1935
6992 6 2 7 1 414 452 453 1935 1973 1974
6993 6 2 7 1 414 453 454 1935 1974 1975
6994 6 2 7 1 454 415 414 1975 1936 1935
6995 6 2 7 1 415 454 416 1936 1975 1937
6996 6 2 7 1 416 454 455 1937 1975 1976
6997 6 2 7 1 416 455 456 1937 1976 1977
6998 6 2 7 1 456 417 416 1977 1938 1937
6999 6 2 7 1 417 456 418 1938 1977 1939
7000 6 2 7 1 418 456 457 1939 1977 1978
7001 6 2 7 1 418 457 458 1939 1978 1979
7002 6 2 7 1 458 419 418 1979 1940 1939
7003 6 2 7 1 419 458 420 1940 1979 1941
7004 6 2 7 1 420 458 459 1941 1979 1980
7005 6 2 7 1 420 459 460 1941 1980 1981
7006 6 2 7 1 460 421 420 1981 1942 1941
7007 6 2 7 1 421 460 422 1942 1981 1943
7008 6 2 7 1 422 460 461 1943 1981 1982
7009 6 2 7 1 422 461 462 1943 1982 1983
7010 6 2 7 1 462 423 422 1983 1944 1943
7011 6 2 7 1 423 462 424 1944 1983 1945
7012 6 2 7 1 424 462 463 1945 1983 1984
7013 6 2 7 1 424 463 464 1945 1984 1985
7014 6 2 7 1 464 425 424 1985 1946 1945
7015 6 2 7 1 425 464 426 1946 1985 1947
7016 6 2 7 1 426 464 465 1947 1985 1986
7017 6 2 7 1 426 465 466 1947 1986 1987
7018 6 2 7 1 466 427 426 1987 1948 1947
7019 6 2 7 1 427 466 428 1948 1987 1949
7020 6 2 7 1 428 466 467 1949 1987 1988
7021 6 2 7 1 428 467 468 1949 1988 1989
7022 6 2 7 1 468 429 428 1989 1950 1949
7023 6 2 7 1 429 468 430 1950 1989 1951
7024 6 2 7 1 430 468 469 1951 1989 1990
7025 6 2 7 1 430 469 470 1951 1990 1991
7026 6 2 7 1 470 431 430 1991 1952 1951
7027 6 2 7 1 431 470 432 1952 1991 1953
7028 6 2 7 1 432 470 471 1953 1991 1992
7029 6 2 7 1 432 471 472 1953 1992 1993
7030 6 2 7 1 472 433 432 1993 1954 1953
7031 6 2 7 1 433 472 434 1954 1993 1955
7032 6 2 7 1 434 472 473 1955 1993 1994
7033 6 2 7 1 434 473 474 1955 1994 1995
7034 6 2 7 1 474 435 434 1995 1956 1955
7035 6 2 7 1 435 474 436 1956 1995 1957
7036 6 2 7 1 436 474 475 1957 1995 1996
7037 6 2 7 1 436 475 476 1957 1996 1997
7038 6 2 7 1 476 437 436 1997 1958 1957
7039 6 2 7 1 437 476 123 1958 1997 279
7040 6 2 7 1 123 476 122 279 1997 278
7041 6 2 7 1 12 13 438 168 169 1959
7042 6 2 7 1 438 13 477 1959 169 1998
7043 6 2 7 1 438 477 478 1959 1998 1999
7044 6 2 7 1 478 439 438 1999 1960 1959
7045 6 2 7 1 439 478 440 1960 1999 1961
7046 6 2 7 1 440 478 479 1961 1999 2000
7047 6 2 7 1 440 479 480 1961 2000 2001
7048 6 2 7 1 480 441 440 2001 1962 1961
7049 6 2 7 1 441 480 442 1962 2001 1963
7050 6 2 7 1 442 480 481 1963 2001 2002
7051 6 2 7 1 442 481 482 1963 2002 2003
7052 6 2 7 1 482 443 442 2003 1964 1963
7053 6 2 7 1 443 482 444 1964 2003 1965
7054 6 2 7 1 444 482 483 1965 2003 2004
7055 6 2 7 1 444 483 484 1965 2004 2005
7056 6 2 7 1 484 445 444 2005 1966 1965
7057 6 2 7 1 445 484 446 1966 2005 1967
7058 6 2 7 1 446 484 485 1967 2005 2006
7059 6 2 7 1 446 485 486 1967 2006 2007
7060 6 2 7 1 486 447 446 2007 1968 1967
7061 6 2 7 1 447 486 448 1968 2007 1969
7062 6 2 7 1 448 486 487 1969 2007 2008
7063 6 2 7 1 448 487 488 1969 2008 2009
7064 6 2 7 1 488 449 448 2009 1970 1969
7065 6 2 7 1 449 488 450 1970 2009 1971
7066 6 2 7 1 450 488 489 1971 2009 2010
7067 6 2 7 1 450 489 490 1971 2010 2011
7068 6 2 7 1 490 451 450 2011 1972 1971
7069 6 2 7 1 451 490 452 1972 2011 1973
7070 6 2 7 1 452 490 491 1973 2011 2012
7071 6 2 7 1 452 491 492 1973 2012 2013
7072 6 2 7 1 492 453 452 2013 1974 1973
7073 6 2 7 1 453 492 454 1974 2013 1975
7074 6 2 7 1 454 492 493 1975 2013 2014
7075 6 2 7 1 454 493 494 1975 2014 2015
7076 6 2 7 1 494 455 454 2015 1976 1975
7077 6 2 7 1 455 494 456 1976 2015 1977
7078 6 2 7 1 456 494 495 1977 2015 2016
7079 6 2 7 1 456 495 496 1977 2016 2017
7080 6 2 7 1 496 457 456 2017 1978 1977
7081 6 2 7 1 457 496 458 1978 2017 1979
7082 6 2 7 1 458 496 497 1979 2017 2018
7083 6 2 7 1 458 497 498 1979 2018 2019
7084 6 2 7 1 498 459 458 2019 1980 1979
7085 6 2 7 1 459 498 460 1980 2019 1981
7086 6 2 7 1 460 498 499 1981 2019 2020
7087 6 2 7 1 460 499 500 1981 2020 2021
7088 6 2 7 1 500 461 460 2021 1982 1981
7089 6 2 7 1 461 500 462 1982 2021 1983
7090 6 2 7 1 462 500 501 1983 2021 2022
7091 6 2 7 1 462 501 502 1983 2022 2023
7092 6 2 7 1 502 463 462 2023 1984 1983
7093 6 2 7 1 463 502 464 1984 2023 1985
7094 6 2 7 1 464 502 503 1985 2023 2024
7095 6 2 7 1 464 503 504 1985 2024 2025
7096 6 2 7 1 504 465 464 2025 1986 1985
7097 6 2 7 1 465 504 466 1986 2025 1987
7098 6 2 7 1 466 504 505 1987 2025 2026
7099 6 2 7 1 466 505 506 1987 2026 2027
7100 6 2 7 1 506 467 466 2027 1988 1987
7101 6 2 7 1 467 506 468 1988 2027 1989
7102 6 2 7 1 468 506 507 1989 2027 2028
7103 6 2 7 1 468 507 508 1989 2028 2029
7104 6 2 7 1 508 469 468 2029 1990 1989
7105 6 2 7 1 469 508 470 1990 2029 1991
7106 6 2 7 1 470 508 509 1991 2029 2030
7107 6 2 7 1 470 509 510 1991 2030 2031
7108 6 2 7 1 510 471 470 2031 1992 1991
7109 6 2 7 1 471 510 472 1992 2031 1993
7110 6 2 7 1 472 510 511 1993 2031 2032
7111 6 2 7 1 472 511 512 1993 2032 2033
7112 6 2 7 1 512 473 472 2033 1994 1993
7113 6 2 7 1 473 512 474 1994 2033 1995
7114 6 2 7 1 474 512 513 1995 2033 2034
7115 6 2 7 1 474 513 514 1995 2034 2035
7116 6 2 7 1 514 475 474 2035 1996 1995
7117 6 2 7 1 475 514 476 1996 2035 1997
7118 6 2 7 1 476 514 515 1997 2035 2036
7119 6 2 7 1 476 515 121 1997 2036 277
7120 6 2 7 1 121 122 476 277 278 1997
7121 6 2 7 1 13 14 516 169 170 2037
7122 6 2 7 1 516 477 13 2037 1998 169
7123 6 2 7 1 477 516 478 1998 2037 1999
7124 6 2 7 1 478 516 517 1999 2037 2038
7125 6 2 7 1 478 517 518 1999 2038 2039
7126 6 2 7 1 518 479 478 2039 2000 1999
7127 6 2 7 1 479 518 480 2000 2039 2001
7128 6 2 7 1 480 518 519 2001 2039 2040
7129 6 2 7 1 480 519 520 2001 2040 2041
7130 6 2 7 1 520 481 480 2041 2002 2001
7131 6 2 7 1 481 520 482 2002 2041 2003
7132 6 2 7 1 482 520 521 2003 2041 2042
7133 6 2 7 1 482 521 522 2003 2042 2043
7134 6 2 7 1 522 483 482 2043 2004 2003
7135 6 2 7 1 483 522 484 2004 2043 2005
7136 6 2 7 1 484 522 523 2005 2043 2044
7137 6 2 7 1 484 523 524 2005 2044 2045
7138 6 2 7 1 524 485 484 2045 2006 2005
7139 6 2 7 1 485 524 486 2006 2045 2007
7140 6 2 7 1 486 524 525 2007 2045 2046
7141 6 2 7 1 486 525 526 2007 2046 2047
7142 6 2 7 1 526 487 486 2047 2008 2007
7143 6 2 7 1 487 526 488 2008 2047 2009
7144 6 2 7 1 488 526 527 2009 2047 2048
7145 6 2 7 1 488 527 528 2009 2048 2049
7146 6 2 7 1 528 489 488 2049 2010 2009
7147 6 2 7 1 489 528 490 2010 2049 2011
7148 6 2 7 1 490 528 529 2011 2049 2050
7149 6 2 7 1 490 529 530 2011 2050 2051
7150 6 2 7 1 530 491 490 2051 2012 2011
7151 6 2 7 1 491 530 492 2012 2051 2013
7152 6 2 7 1 492 530 531 2013 2051 2052
7153 6 2 7 1 492 531 532 2013 2052 2053
7154 6 2 7 1 532 493 492 2053 2014 2013
7155 6 2 7 1 493 532 494 2014 2053 2015
7156 6 2 7 1 494 532 533 2015 2053 2054
7157 6 2 7 1 494 533 534 2015 2054 2055
7158 6 2 7 1 534 495 494 2055 2016 2015
7159 6 2 7 1 495 534 496 2016 2055 2017
7160 6 2 7 1 496 534 535 2017 2055 2056
7161 6 2 7 1 496 535 536 2017 2056 2057
7162 6 2 7 1 536 497 496 2057 2018 2017
7163 6 2 7 1 497 536 498 2018 2057 2019
7164 6 2 7 1 498 536 537 2019 2057 2058
7165 6 2 7 1 498 537 538 2019 2058 2059
7166 6 2 7 1 538 499 498 2059 2020 2019
7167 6 2 7 1 499 538 500 2020 2059 2021
7168 6 2 7 1 500 538 539 2021 2059 2060
7169 6 2 7 1 500 539 540 2021 2060 2061
7170 6 2 7 1 540 501 500 2061 2022 2021
7171 6 2 7 1 501 540 502 2022 2061 2023
7172 6 2 7 1 502 540 541 2023 2061 2062
7173 6 2 7 1 502 541 542 2023 2062 2063
7174 6 2 7 1 542 503 502 2063 2024 2023
7175 6 2 7 1 503 542 504 2024 2063 2025
7176 6 2 7 1 504 542 543 2025 2063 2064
7177 6 2 7 1 504 543 544 2025 2064 2065
7178 6 2 7 1 544 505 504 2065 2026 2025
7179 6 2 7 1 505 544 506 2026 2065 2027
7180 6 2 7 1 506 544 545 2027 2065 2066
7181 6 2 7 1 506 545 546 2027 2066 2067
7182 6 2 7 1 546 507 506 2067 2028 2027
7183 6 2 7 1 507 546 508 2028 2067 2029
7184 6 2 7 1 508 546 547 2029 2067 2068
7185 6 2 7 1 508 547 548 2029 2068 2069
7186 6 2 7 1 548 509 508 2069 2030 2029
7187 6 2 7 1 509 548 510 2030 2069 2031
7188 6 2 7 1 510 548 549 2031 2069 2070
7189 6 2 7 1 510 549 550 2031 2070 2071
7190 6 2 7 1 550 511 510 2071 2032 2031
7191 6 2 7 1 511 550 512 2032 2071 2033
7192 6 2 7 1 512 550 551 2033 2071 2072
7193 6 2 7 1 512 551 552 2033 2072 2073
7194 6 2 7 1 552 513 512 2073 2034 2033
7195 6 2 7 1 513 552 514 2034 2073 2035
7196 6 2 7 1 514 552 553 2035 2073 2074
7197 6 2 7 1 514 553 554 2035 2074 2075
7198 6 2 7 1 554 515 514 2075 2036 2035
7199 6 2 7 1 515 554 121 2036 2075 277
7200 6 2 7 1 121 554 120 277 2075 276
7201 6 2 7 1 14 15 516 170 171 2037
7202 6 2 7 1 516 15 555 2037 171 2076
7203 6 2 7 1 516 555 556 2037 2076 2077
7204 6 2 7 1 556 517 516 2077 2038 2037
7205 6 2 7 1 517 556 518 2038 2077 2039
7206 6 2 7 1 518 556 557 2039 2077 2078
7207 6 2 7 1 518 557 558 2039 2078 2079
7208 6 2 7 1 558 519 518 2079 2040 2039
7209 6 2 7 1 519 558 520 2040 2079 2041
7210 6 2 7 1 520 558 559 2041 2079 2080
7211 6 2 7 1 520 559 560 2041 2080 2081
7212 6 2 7 1 560 521 520 2081 2042 2041
7213 6 2 7 1 521 560 522 2042 2081 2043
7214 6 2 7 1 522 560 561 2043 2081 2082
7215 6 2 7 1 522 561 562 2043 2082 2083
7216 6 2 7 1 562 523 522 2083 2044 2043
7217 6 2 7 1 523 562 524 2044 2083 2045
7218 6 2 7 1 524 562 563 2045 2083 2084
7219 6 2 7 1 524 563 564 2045 2084 2085
7220 6 2 7 1 564 525 524 2085 2046 2045
7221 6 2 7 1 525 564 526 2046 2085 2047
7222 6 2 7 1 526 564 565 2047 2085 2086
7223 6 2 7 1 526 565 566 2047 2086 2087
7224 6 2 7 1 566 527 526 2087 2048 2047
7225 6 2 7 1 527 566 528 2048 2087 2049
7226 6 2 7 1 528 566 567 2049 2087 2088
7227 6 2 7 1 528 567 568 2049 2088 2089
7228 6 2 7 1 568 529 528 2089 2050 2049
7229 6 2 7 1 529 568 530 2050 2089 2051
7230 6 2 7 1 530 568 569 2051 2089 2090
7231 6 2 7 1 530 569 570 2051 2090 2091
7232 6 2 7 1 570 531 530 2091 2052 2051
7233 6 2 7 1 531 570 532 2052 2091 2053
7234 6 2 7 1 532 570 571 2053 2091 2092
7235 6 2 7 1 532 571 572 2053 2092 2093
7236 6 2 7 1 572 533 532 2093 2054 2053
7237 6 2 7 1 533 572 534 2054 2093 2055
7238 6 2 7 1 534 572 573 2055 2093 2094
7239 6 2 7 1 534 573 574 2055 2094 2095
7240 6 2 7 1 574 535 534 2095 2056 2055
7241 6 2 7 1 535 574 536 2056 2095 2057
7242 6 2 7 1 536 574 575 2057 2095 2096
7243 6 2 7 1 536 575 576 2057 2096 2097
7244 6 2 7 1 576 537 536 2097 2058 2057
7245 6 2 7 1 537 576 538 2058 2097 2059
7246 6 2 7 1 538 576 577 2059 2097 2098
7247 6 2 7 1 538 577 578 2059 2098 2099
7248 6 2 7 1 578 539 538 2099 2060 2059
7249 6 2 7 1 539 578 540 2060 2099 2061
7250 6 2 7 1 540 578 579 2061 2099 2100
7251 6 2 7 1 540 579 580 2061 2100 2101
7252 6 2 7 1 580 541 540 2101 2062 2061
7253 6 2 7 1 541 580 542 2062 2101 2063
7254 6 2 7 1 542 580 581 2063 2101 2102
7255 6 2 7 1 542 581 582 2063 2102 2103
7256 6 2 7 1 582 543 542 2103 2064 2063
7257 6 2 7 1 543 582 544 2064 2103 2065
7258 6 2 7 1 544 582 583 2065 2103 2104
7259 6 2 7 1 544 583 584 2065 2104 2105
7260 6 2 7 1 584 545 544 2105 2066 2065
7261 6 2 7 1 545 584 546 2066 2105 2067
7262 6 2 7 1 546 584 585 2067 2105 2106
7263 6 2 7 1 546 585 586 2067 2106 2107
7264 6 2 7 1 586 547 546 2107 2068 2067
7265 6 2 7 1 547 586 548 2068 2107 2069
7266 6 2 7 1 548 586 587 2069 2107 2108
7267 6 2 7 1 548 587 588 2069 2108 2109
7268 6 2 7 1 588 549 548 2109 2070 2069
7269 6 2 7 1 549 588 550 2070 2109 2071
7270 6 2 7 1 550 588 589 2071 2109 2110
7271 6 2 7 1 550 589 590 2071 2110 2111
7272 6 2 7 1 590 551 550 2111 2072 2071
7273 6 2 7 1 551 590 552 2072 2111 2073
7274 6 2 7 1 552 590 591 2073 2111 2112
7275 6 2 7 1 552 591 592 2073 2112 2113
7276 6 2 7 1 592 553 552 2113 2074 2073
7277 6 2 7 1 553 592 554 2074 2113 2075
7278 6 2 7 1 554 592 593 2075 2113 2114
7279 6 2 7 1 554 593 119 2075 2114 275
7280 6 2 7 1 119 120 554 275 276 2075
7281 6 2 7 1 15 16 594 171 172 2115
7282 6 2 7 1 594 555 15 2115 2076 171
7283 6 2 7 1 555 594 556 2076 2115 2077
7284 6 2 7 1 556 594 595 2077 2115 2116
7285 6 2 7 1 556 595 596 2077 2116 2117
7286 6 2 7 1 596 557 556 2117 2078 2077
7287 6 2 7 1 557 596 558 2078 2117 2079
7288 6 2 7 1 558 596 597 2079 2117 2118
7289 6 2 7 1 558 597 598 2079 2118 2119
7290 6 2 7 1 598 559 558 2119 2080 2079
7291 6 2 7 1 559 598 560 2080 2119 2081
7292 6 2 7 1 560 598 599 2081 2119 2120
7293 6 2 7 1 560 599 600 2081 2120 2121
7294 6 2 7 1 600 561 560 2121 2082 2081
7295 6 2 7 1 561 600 562 2082 2121 2083
7296 6 2 7 1 562 600 601 2083 2121 2122
7297 6 2 7 1 562 601 602 2083 2122 2123
7298 6 2 7 1 602 563 562 2123 2084 2083
7299 6 2 7 1 563 602 564 2084 2123 2085
7300 6 2 7 1 564 602 603 2085 2123 2124
7301 6 2 7 1 564 603 604 2085 2124 2125
7302 6 2 7 1 604 565 564 2125 2086 2085
7303 6 2 7 1 565 604 566 2086 2125 2087
7304 6 2 7 1 566 604 605 2087 2125 2126
7305 6 2 7 1 566 605 606 2087 2126 2127
7306 6 2 7 1 606 567 566 2127 2088 2087
7307 6 2 7 1 567 606 568 2088 2127 2089
7308 6 2 7 1 568 606 607 2089 2127 2128
7309 6 2 7 1 568 607 608 2089 2128 2129
7310 6 2 7 1 608 569 568 2129 2090 2089
7311 6 2 7 1 569 608 570 2090 2129 2091
7312 6 2 7 1 570 608 609 2091 2129 2130
7313 6 2 7 1 570 609 610 2091 2130 2131
7314 6 2 7 1 610 571 570 2131 2092 2091
7315 6 2 7 1 571 610 572 2092 2131 2093
7316 6 2 7 1 572 610 611 2093 2131 2132
7317 6 2 7 1 572 611 612 2093 2132 2133
7318 6 2 7 1 612 573 572 2133 2094 2093
7319 6 2 7 1 573 612 574 2094 2133 2095
7320 6 2 7 1 574 612 613 2095 2133 2134
7321 6 2 7 1 574 613 614 2095 2134 2135
7322 6 2 7 1 614 575 574 2135 2096 2095
7323 6 2 7 1 575 614 576 2096 2135 2097
7324 6 2 7 1 576 614 615 2097 2135 2136
7325 6 2 7 1 576 615 616 2097 2136 2137
7326 6 2 7 1 616 577 576 2137 2098 2097
7327 6 2 7 1 577 616 578 2098 2137 2099
7328 6 2 7 1 578 616 617 2099 2137 2138
7329 6 2 7 1 578 617 618 2099 2138 2139
7330 6 2 7 1 618 579 578 2139 2100 2099
7331 6 2 7 1 579 618 580 2100 2139 2101
7332 6 2 7 1 580 618 619 2101 2139 2140
7333 6 2 7 1 580 619 620 2101 2140 2141
7334 6 2 7 1 620 581 580 2141 2102 2101
7335 6 2 7 1 581 620 582 2102 2141 2103
7336 6 2 7 1 582 620 621 2103 2141 2142
7337 6 2 7 1 582 621 622 2103 2142 2143
7338 6 2 7 1 622 583 582 2143 2104 2103
7339 6 2 7 1 583 622 584 2104 2143 2105
7340 6 2 7 1 584 622 623 2105 2143 2144
7341 6 2 7 1 584 623 624 2105 2144 2145
7342 6 2 7 1 624 585 584 2145 2106 2105
7343 6 2 7 1 585 624 586 2106 2145 2107
7344 6 2 7 1 586 624 625 2107 2145 2146
7345 6 2 7 1 586 625 626 2107 2146 2147
7346 6 2 7 1 626 587 586 2147 2108 2107
7347 6 2 7 1 587 626 588 2108 2147 2109
7348 6 2 7 1 588 626 627 2109 2147 2148
7349 6 2 7 1 588 627 628 2109 2148 2149
7350 6 2 7 1 628 589 588 2149 2110 2109
7351 6 2 7 1 589 628 590 2110 2149 2111
7352 6 2 7 1 590 628 629 2111 2149 2150
7353 6 2 7 1 590 629 630 2111 2150 2151
7354 6 2 7 1 630 591 590 2151 2112 2111
7355 6 2 7 1 591 630 592 2112 2151 2113
7356 6 2 7 1 592 630 631 2113 2151 2152
7357 6 2 7 1 592 631 632 2113 2152 2153
7358 6 2 7 1 632 593 592 2153 2114 2113
7359 6 2 7 1 593 632 119 2114 2153 275
7360 6 2 7 1 119 632 118 275 2153 274
7361 6 2 7 1 16 17 594 172 173 2115
7362 6 2 7 1 594 17 633 2115 173 2154
7363 6 2 7 1 594 633 634 2115 2154 2155
7364 6 2 7 1 634 595 594 2155 2116 2115
7365 6 2 7 1 595 634 596 2116 2155 2117
7366 6 2 7 1 596 634 635 2117 2155 2156
7367 6 2 7 1 596 635 636 2117 2156 2157
7368 6 2 7 1 636 597 596 2157 2118 2117
7369 6 2 7 1 597 636 598 2118 2157 2119
7370 6 2 7 1 598 636 637 2119 2157 2158
7371 6 2 7 1 598 637 638 2119 2158 2159
7372 6 2 7 1 638 599 598 2159 2120 2119
7373 6 2 7 1 599 638 600 2120 2159 2121
7374 6 2 7 1 600 638 639 2121 2159 2160
7375 6 2 7 1 600 639 640 2121 2160 2161
7376 6 2 7 1 640 601 600 2161 2122 2121
7377 6 2 7 1 601 640 602 2122 2161 2123
7378 6 2 7 1 602 640 641 2123 2161 2162
7379 6 2 7 1 602 641 642 2123 2162 2163
7380 6 2 7 1 642 603 602 2163 2124 2123
7381 6 2 7 1 603 642 604 2124 2163 2125
7382 6 2 7 1 604 642 643 2125 2163 2164
7383 6 2 7 1 604 643 644 2125 2164 2165
7384 6 2 7 1 644 605 604 2165 2126 2125
7385 6 2 7 1 605 644 606 2126 2165 2127
7386 6 2 7 1 606 644 645 2127 2165 2166
7387 6 2 7 1 606 645 646 2127 2166 2167
7388 6 2 7 1 646 607 606 2167 2128 2127
7389 6 2 7 1 607 646 608 2128 2167 2129
7390 6 2 7 1 608 646 647 2129 2167 2168
7391 6 2 7 1 608 647 648 2129 2168 2169
7392 6 2 7 1 648 609 608 2169 2130 2129
7393 6 2 7 1 609 648 610 2130 2169 2131
7394 6 2 7 1 610 648 649 2131 2169 2170
7395 6 2 7 1 610 649 650 2131 2170 2171
7396 6 2 7 1 650 611 610 2171 2132 2131
7397 6 2 7 1 611 650 612 2132 2171 2133
7398 6 2 7 1 612 650 651 2133 2171 2172
7399 6 2 7 1 612 651 652 2133 2172 2173
7400 6 2 7 1 652 613 612 2173 2134 2133
7401 6 2 7 1 613 652 614 2134 2173 2135
7402 6 2 7 1 614 652 653 2135 2173 2174
7403 6 2 7 1 614 653 654 2135 2174 2175
7404 6 2 7 1 654 615 614 2175 2136 2135
7405 6 2 7 1 615 654 616 2136 2175 2137
7406 6 2 7 1 616 654 655 2137 2175 2176
7407 6 2 7 1 616 655 656 2137 2176 2177
7408 6 2 7 1 656 617 616 2177 2138 2137
7409 6 2 7 1 617 656 618 2138 2177 2139
7410 6 2 7 1 618 656 657 2139 2177 2178
7411 6 2 7 1 618 657 658 2139 2178 2179
7412 6 2 7 1 658 619 618 2179 2140 2139
7413 6 2 7 1 619 658 620 2140 2179 2141
7414 6 2 7 1 620 658 659 2141 2179 2180
7415 6 2 7 1 620 659 660 2141 2180 2181
7416 6 2 7 1 660 621 620 2181 2142 2141
7417 6 2 7 1 621 660 622 2142 2181 2143
7418 6 2 7 1 622 660 661 2143 2181 2182
7419 6 2 7 1 622 661 662 2143 2182 2183
7420 6 2 7 1 662 623 622 2183 2144 2143
7421 6 2 7 1 623 662 624 2144 2183 2145
7422 6 2 7 1 624 662 663 2145 2183 2184
7423 6 2 7 1 624 663 664 2145 2184 2185
7424 6 2 7 1 664 625 624 2185 2146 2145
7425 6 2 7 1 625 664 626 2146 2185 2147
7426 6 2 7 1 626 664 665 2147 2185 2186
7427 6 2 7 1 626 665 666 2147 2186 2187
7428 6 2 7 1 666 627 626 2187 2148 2147
7429 6 2 7 1 627 666 628 2148 2187 2149
7430 6 2 7 1 628 666 667 2149 2187 2188
7431 6 2 7 1 628 667 668 2149 2188 2189
7432 6 2 7 1 668 629 628 2189 2150 2149
7433 6 2 7 1 629 668 630 2150 2189 2151
7434 6 2 7 1 630 668 669 2151 2189 2190
7435 6 2 7 1 630 669 670 2151 2190 2191
7436 6 2 7 1 670 631 630 2191 2152 2151
7437 6 2 7 1 631 670 632 2152 2191 2153
7438 6 2 7 1 632 670 671 2153 2191 2192
7439 6 2 7 1 632 671 117 2153 2192 273
7440 6 2 7 1 117 118 632 273 274 2153
7441 6 2 7 1 17 18 672 173 174 2193
7442 6 2 7 1 672 633 17 2193 2154 173
7443 6 2 7 1 633 672 634 2154 2193 2155
7444 6 2 7 1 634 672 673 2155 2193 2194
7445 6 2 7 1 634 673 674 2155 2194 2195
7446 6 2 7 1 674 635 634 2195 2156 2155
7447 6 2 7 1 635 674 636 2156 2195 2157
7448 6 2 7 1 636 674 675 2157 2195 2196
7449 6 2 7 1 636 675 676 2157 2196 2197
7450 6 2 7 1 676 637 636 2197 2158 2157
7451 6 2 7 1 637 676 638 2158 2197 2159
7452 6 2 7 1 638 676 677 2159 2197 2198
7453 6 2 7 1 638 677 678 2159 2198 2199
7454 6 2 7 1 678 639 638 2199 2160 2159
7455 6 2 7 1 639 678 640 2160 2199 2161
7456 6 2 7 1 640 678 679 2161 2199 2200
7457 6 2 7 1 640 679 680 2161 2200 2201
7458 6 2 7 1 680 641 640 2201 2162 2161
7459 6 2 7 1 641 680 642 2162 2201 2163
7460 6 2 7 1 642 680 681 2163 2201 2202
7461 6 2 7 1 642 681 682 2163 2202 2203
7462 6 2 7 1 682 643 642 2203 2164 2163
7463 6 2 7 1 643 682 644 2164 2203 2165
7464 6 2 7 1 644 682 683 2165 2203 2204
7465 6 2 7 1 644 683 684 2165 2204 2205
7466 6 2 7 1 684 645 644 2205 2166 2165
7467 6 2 7 1 645 684 646 2166 2205 2167
7468 6 2 7 1 646 684 685 2167 2205 2206
7469 6 2 7 1 646 685 686 2167 2206 2207
7470 6 2 7 1 686 647 646 2207 2168 2167
7471 6 2 7 1 647 686 648 2168 2207 2169
7472 6 2 7 1 648 686 687 2169 2207 2208
7473 6 2 7 1 648 687 688 2169 2208 2209
7474 6 2 7 1 688 649 648 2209 2170 2169
7475 6 2 7 1 649 688 650 2170 2209 2171
7476 6 2 7 1 650 688 689 2171 2209 2210
7477 6 2 7 1 650 689 690 2171 2210 2211
7478 6 2 7 1 690 651 650 2211 2172 2171
7479 6 2 7 1 651 690 652 2172 2211 2173
7480 6 2 7 1 652 690 691 2173 2211 2212
7481 6 2 7 1 652 691 692 2173 2212 2213
7482 6 2 7 1 692 653 652 2213 2174 2173
7483 6 2 7 1 653 692 654 2174 2213 2175
7484 6 2 7 1 654 692 693 2175 2213 2214
7485 6 2 7 1 654 693 694 2175 2214 2215
7486 6 2 7 1 694 655 654 2215 2176 2175
7487 6 2 7 1 655 694 656 2176 2215 2177
7488 6 2 7 1 656 694 695 2177 2215 2216
7489 6 2 7 1 656 695 696 2177 2216 2217
7490 6 2 7 1 696 657 656 2217 2178 2177
7491 6 2 7 1 657 696 658 2178 2217 2179
7492 6 2 7 1 658 696 697 2179 2217 2218
7493 6 2 7 1 658 697 698 2179 2218 2219
7494 6 2 7 1 698 659 658 2219 2180 2179
7495 6 2 7 1 659 698 660 2180 2219 2181
7496 6 2 7 1 660 698 699 2181 2219 2220
7497 6 2 7 1 660 699 700 2181 2220 2221
7498 6 2 7 1 700 661 660 2221 2182 2181
7499 6 2 7 1 661 700 662 2182 2221 2183
7500 6 2 7 1 662 700 701 2183 2221 2222
7501 6 2 7 1 662 701 702 2183 2222 2223
7502 6 2 7 1 702 663 662 2223 2184 2183
7503 6 2 7 1 663 702 664 2184 2223 2185
7504 6 2 7 1 664 702 703 2185 2223 2224
7505 6 2 7 1 664 703 704 2185 2224 2225
7506 6 2 7 1 704 665 664 2225 2186 2185
7507 6 2 7 1 665 704 666 2186 2225 2187
7508 6 2 7 1 666 704 705 2187 2225 2226
7509 6 2 7 1 666 705 706 2187 2226 2227
7510 6 2 7 1 706 667 666 2227 2188 2187
7511 6 2 7 1 667 706 668 2188 2227 2189
7512 6 2 7 1 668 706 707 2189 2227 2228
7513 6 2 7 1 668 707 708 2189 2228 2229
7514 6 2 7 1 708 669 668 2229 2190 2189
7515 6 2 7 1 669 708 670 2190 2229 2191
7516 6 2 7 1 670 708 709 2191 2229 2230
7517 6 2 7 1 670 709 710 2191 2230 2231
7518 6 2 7 1 710 671 670 2231 2192 2191
7519 6 2 7 1 671 710 117 2192 2231 273
7520 6 2 7 1 117 710 116 273 2231 272
7521 6 2 7 1 18 19 672 174 175 2193
7522 6 2 7 1 672 19 711 2193 175 2232
7523 6 2 7 1 672 711 712 2193 2232 2233
7524 6 2 7 1 712 673 672 2233 2194 2193
7525 6 2 7 1 673 712 674 2194 2233 2195
7526 6 2 7 1 674 712 713 2195 2233 2234
7527 6 2 7 1 674 713 714 2195 2234 2235
7528 6 2 7 1 714 675 674 2235 2196 2195
7529 6 2 7 1 675 714 676 2196 2235 2197
7530 6 2 7 1 676 714 715 2197 2235 2236
7531 6 2 7 1 676 715 716 2197 2236 2237
7532 6 2 7 1 716 677 676 2237 2198 2197
7533 6 2 7 1 677 716 678 2198 2237 2199
7534 6 2 7 1 678 716 717 2199 2237 2238
7535 6 2 7 1 678 717 718 2199 2238 2239
7536 6 2 7 1 718 679 678 2239 2200 2199
7537 6 2 7 1 679 718 680 2200 2239 2201
7538 6 2 7 1 680 718 719 2201 2239 2240
7539 6 2 7 1 680 719 720 2201 2240 2241
7540 6 2 7 1 720 681 680 2241 2202 2201
7541 6 2 7 1 681 720 682 2202 2241 2203
7542 6 2 7 1 682 720 721 2203 2241 2242
7543 6 2 7 1 682 721 722 2203 2242 2243
7544 6 2 7 1 722 683 682 2243 2204 2203
7545 6 2 7 1 683 722 684 2204 2243 2205
7546 6 2 7 1 684 722 723 2205 2243 2244
7547 6 2 7 1 684 723 724 2205 2244 2245
7548 6 2 7 1 724 685 684 2245 2206 2205
7549 6 2 7 1 685 724 686 2206 2245 2207
7550 6 2 7 1 686 724 725 2207 2245 2246
7551 6 2 7 1 686 725 726 2207 2246 2247
7552 6 2 7 1 726 687 686 2247 2208 2207
7553 6 2 7 1 687 726 688 2208 2247 2209
7554 6 2 7 1 688 726 727 2209 2247 2248
7555 6 2 7 1 688 727 728 2209 2248 2249
7556 6 2 7 1 728 689 688 2249 2210 2209
7557 6 2 7 1 689 728 690 2210 2249 2211
7558 6 2 7 1 690 728 729 2211 2249 2250
7559 6 2 7 1 690 729 730 2211 2250 2251
7560 6 2 7 1 730 691 690 2251 2212 2211
7561 6 2 7 1 691 730 692 2212 2251 2213
7562 6 2 7 1 692 730 731 2213 2251 2252
7563 6 2 7 1 692 731 732 2213 2252 2253
7564 6 2 7 1 732 693 692 2253 2214 2213
7565 6 2 7 1 693 732 694 2214 2253 2215
7566 6 2 7 1 694 732 733 2215 2253 2254
7567 6 2 7 1 694 733 734 2215 2254 2255
7568 6 2 7 1 734 695 694 2255 2216 2215
7569 6 2 7 1 695 734 696 2216 2255 2217
7570 6 2 7 1 696 734 735 2217 2255 2256
7571 6 2 7 1 696 735 736 2217 2256 2257
7572 6 2 7 1 736 697 696 2257 2218 2217
7573 6 2 7 1 697 736 698 2218 2257 2219
7574 6 2 7 1 698 736 737 2219 2257 2258
7575 6 2 7 1 698 737 738 2219 2258 2259
7576 6 2 7 1 738 699 698 2259 2220 2219
7577 6 2 7 1 699 738 700 2220 2259 2221
7578 6 2 7 1 700 738 739 2221 2259 2260
7579 6 2 7 1 700 739 740 2221 2260 2261
7580 6 2 7 1 740 701 700 2261 2222 2221
7581 6 2 7 1 701 740 702 2222 2261 2223
7582 6 2 7 1 702 740 741 2223 2261 2262
7583 6 2 7 1 702 741 742 2223 2262 2263
7584 6 2 7 1 742 703 702 2263 2224 2223
7585 6 2 7 1 703 742 704 2224 2263 2225
7586 6 2 7 1 704 742 743 2225 2263 2264
7587 6 2 7 1 704 743 744 2225 2264 2265
7588 6 2 7 1 744 705 704 2265 2226 2225
7589 6 2 7 1 705 744 706 2226 2265 2227
7590 6 2 7 1 706 744 745 2227 2265 2266
7591 6 2 7 1 706 745 746 2227 2266 2267
7592 6 2 7 1 746 707 706 2267 2228 2227
7593 6 2 7 1 707 746 708 2228 2267 2229
7594 6 2 7 1 708 746 747 2229 2267 2268
7595 6 2 7 1 708 747 748 2229 2268 2269
7596 6 2 7 1 748 709 708 2269 2230 2229
7597 6 2 7 1 709 748 710 2230 2269 2231
7598 6 2 7 1 710 748 749 2231 2269 2270
7599 6 2 7 1 710 749 115 2231 2270 271
7600 6 2 7 1 115 116 710 271 272 2231
7601 6 2 7 1 19 20 750 175 176 2271
7602 6 2 7 1 750 711 19 2271 2232 175
7603 6 2 7 1 711 750 712 2232 2271 2233
7604 6 2 7 1 712 750 751 2233 2271 2272
7605 6 2 7 1 712 751 752 2233 2272 2273
7606 6 2 7 1 752 713 712 2273 2234 2233
7607 6 2 7 1 713 752 714 2234 2273 2235
7608 6 2 7 1 714 752 753 2235 2273 2274
7609 6 2 7 1 714 753 754 2235 2274 2275
7610 6 2 7 1 754 715 714 2275 2236 2235
7611 6 2 7 1 715 754 716 2236 2275 2237
7612 6 2 7 1 716 754 755 2237 2275 2276
7613 6 2 7 1 716 755 756 2237 2276 2277
7614 6 2 7 1 756 717 716 2277 2238 2237
7615 6 2 7 1 717 756 718 2238 2277 2239
7616 6 2 7 1 718 756 757 2239 2277 2278
7617 6 2 7 1 718 757 758 2239 2278 2279
7618 6 2 7 1 758 719 718 2279 2240 2239
7619 6 2 7 1 719 758 720 2240 2279 2241
7620 6 2 7 1 720 758 759 2241 2279 2280
7621 6 2 7 1 720 759 760 2241 2280 2281
7622 6 2 7 1 760 721 720 2281 2242 2241
7623 6 2 7 1 721 760 722 2242 2281 2243
7624 6 2 7 1 722 760 761 2243 2281 2282
7625 6 2 7 1 722 761 762 2243 2282 2283
7626 6 2 7 1 762 723 722 2283 2244 2243
7627 6 2 7 1 723 762 724 2244 2283 2245
7628 6 2 7 1 724 762 763 2245 2283 2284
7629 6 2 7 1 724 763 764 2245 2284 2285
7630 6 2 7 1 764 725 724 2285 2246 2245
7631 6 2 7 1 725 764 726 2246 2285 2247
7632 6 2 7 1 726 764 765 2247 2285 2286
7633 6 2 7 1 726 765 766 2247 2286 2287
7634 6 2 7 1 766 727 726 2287 2248 2247
7635 6 2 7 1 727 766 728 2248 2287 2249
7636 6 2 7 1 728 766 767 2249 2287 2288
7637 6 2 7 1 728 767 768 2249 2288 2289
7638 6 2 7 1 768 729 728 2289 2250 2249
7639 6 2 7 1 729 768 730 2250 2289 2251
7640 6 2 7 1 730 768 769 2251 2289 2290
7641 6 2 7 1 730 769 770 2251 2290 2291
7642 6 2 7 1 770 731 730 2291 2252 2251
7643 6 2 7 1 731 770 732 2252 2291 2253
7644 6 2 7 1 732 770 771 2253 2291 2292
7645 6 2 7 1 732 771 772 2253 2292 2293
7646 6 2 7 1 772 733 732 2293 2254 2253
7647 6 2 7 1 733 772 734 2254 2293 2255
7648 6 2 7 1 734 772 773 2255 2293 2294
7649 6 2 7 1 734 773 774 2255 2294 2295
7650 6 2 7 1 774 735 734 2295 2256 2255
7651 6 2 7 1 735 774 736 2256 2295 2257
7652 6 2 7 1 736 774 775 2257 2295 2296
7653 6 2 7 1 736 775 776 2257 2296 2297
7654 6 2 7 1 776 737 736 2297 2258 2257
7655 6 2 7 1 737 776 738 2258 2297 2259
7656 6 2 7 1 738 776 777 2259 2297 2298
7657 6 2 7 1 738 777 778 2259 2298 2299
7658 6 2 7 1 778 739 738 2299 2260 2259
7659 6 2 7 1 739 778 740 2260 2299 2261
7660 6 2 7 1 740 778 779 2261 2299 2300
7661 6 2 7 1 740 779 780 2261 2300 2301
7662 6 2 7 1 780 741 740 2301 2262 2261
7663 6 2 7 1 741 780 742 2262 2301 2263
7664 6 2 7 1 742 780 781 2263 2301 2302
7665 6 2 7 1 742 781 782 2263 2302 2303
7666 6 2 7 1 782 743 742 2303 2264 2263
7667 6 2 7 1 743 782 744 2264 2303 2265
7668 6 2 7 1 744 782 783 2265 2303 2304
7669 6 2 7 1 744 783 784 2265 2304 2305
7670 6 2 7 1 784 745 744 2305 2266 2265
7671 6 2 7 1 745 784 746 2266 2305 2267
7672 6 2 7 1 746 784 785 2267 2305 2306
7673 6 2 7 1 746 785 786 2267 2306 2307
7674 6 2 7 1 786 747 746 2307 2268 2267
7675 6 2 7 1 747 786 748 2268 2307 2269
7676 6 2 7 1 748 786 787 2269 2307 2308
7677 6 2 7 1 748 787 788 2269 2308 2309
7678 6 2 7 1 788 749 748 2309 2270 2269
7679 6 2 7 1 749 788 115 2270 2309 271
7680 6 2 7 1 115 788 114 271 2309 270
7681 6 2 7 1 20 21 750 176 177 2271
7682 6 2 7 1 750 21 789 2271 177 2310
7683 6 2 7 1 750 789 790 2271 2310 2311
7684 6 2 7 1 790 751 750 2311 2272 2271
7685 6 2 7 1 751 790 752 2272 2311 2273
7686 6 2 7 1 752 790 791 2273 2311 2312
7687 6 2 7 1 752 791 792 2273 2312 2313
7688 6 2 7 1 792 753 752 2313 2274 2273
7689 6 2 7 1 753 792 754 2274 2313 2275
7690 6 2 7 1 754 792 793 2275 2313 2314
7691 6 2 7 1 754 793 794 2275 2314 2315
7692 6 2 7 1 794 755 754 2315 2276 2275
7693 6 2 7 1 755 794 756 2276 2315 2277
7694 6 2 7 1 756 794 795 2277 2315 2316
7695 6 2 7 1 756 795 796 2277 2316 2317
7696 6 2 7 1 796 757 756 2317 2278 2277
7697 6 2 7 1 757 796 758 2278 2317 2279
7698 6 2 7 1 758 796 797 2279 2317 2318
7699 6 2 7 1 758 797 798 2279 2318 2319
7700 6 2 7 1 798 759 758 2319 2280 2279
7701 6 2 7 1 759 798 760 2280 2319 2281
7702 6 2 7 1 760 798 799 2281 2319 2320
7703 6 2 7 1 760 799 800 2281 2320 2321
7704 6 2 7 1 800 761 760 2321 2282 2281
7705 6 2 7 1 761 800 762 2282 2321 2283
7706 6 2 7 1 762 800 801 2283 2321 2322
7707 6 2 7 1 762 801 802 2283 2322 2323
7708 6 2 7 1 802 763 762 2323 2284 2283
7709 6 2 7 1 763 802 764 2284 2323 2285
7710 6 2 7 1 764 802 803 2285 2323 2324
7711 6 2 7 1 764 803 804 2285 2324 2325
7712 6 2 7 1 804 765 764 2325 2286 2285
7713 6 2 7 1 765 804 766 2286 2325 2287
7714 6 2 7 1 766 804 805 2287 2325 2326
7715 6 2 7 1 766 805 806 2287 2326 2327
7716 6 2 7 1 806 767 766 2327 2288 2287
7717 6 2 7 1 767 806 768 2288 2327 2289
7718 6 2 7 1 768 806 807 2289 2327 2328
7719 6 2 7 1 768 807 808 2289 2328 2329
7720 6 2 7 1 808 769 768 2329 2290 2289
7721 6 2 7 1 769 808 770 2290 2329 2291
7722 6 2 7 1 770 808 809 2291 2329 2330
7723 6 2 7 1 770 809 810 2291 2330 2331
7724 6 2 7 1 810 771 770 2331 2292 2291
7725 6 2 7 1 771 810 772 2292 2331 2293
7726 6 2 7 1 772 810 811 2293 2331 2332
7727 6 2 7 1 772 811 812 2293 2332 2333
7728 6 2 7 1 812 773 772 2333 2294 2293
7729 6 2 7 1 773 812 774 2294 2333 2295
7730 6 2 7 1 774 812 813 2295 2333 2334
7731 6 2 7 1 774 813 814 2295 2334 2335
7732 6 2 7 1 814 775 774 2335 2296 2295
7733 6 2 7 1 775 814 776 2296 2335 2297
7734 6 2 7 1 776 814 815 2297 2335 2336
7735 6 2 7 1 776 815 816 2297 2336 2337
7736 6 2 7 1 816 777 776 2337 2298 2297
7737 6 2 7 1 777 816 778 2298 2337 2299
7738 6 2 7 1 778 816 817 2299 2337 2338
7739 6 2 7 1 778 817 818 2299 2338 2339
7740 6 2 7 1 818 779 778 2339 2300 2299
7741 6 2 7 1 779 818 780 2300 2339 2301
7742 6 2 7 1 780 818 819 2301 2339 2340
7743 6 2 7 1 780 819 820 2301 2340 2341
7744 6 2 7 1 820 781 780 2341 2302 2301
7745 6 2 7 1 781 820 782 2302 2341 2303
7746 6 2 7 1 782 820 821 2303 2341 2342
7747 6 2 7 1 782 821 822 2303 2342 2343
7748 6 2 7 1 822 783 782 2343 2304 2303
7749 6 2 7 1 783 822 784 2304 2343 2305
7750 6 2 7 1 784 822 823 2305 2343 2344
7751 6 2 7 1 784 823 824 2305 2344 2345
7752 6 2 7 1 824 785 784 2345 2306 2305
7753 6 2 7 1 785 824 786 2306 2345 2307
7754 6 2 7 1 786 824 825 2307 2345 2346
7755 6 2 7 1 786 825 826 2307 2346 2347
7756 6 2 7 1 826 787 786 2347 2308 2307
7757 6 2 7 1 787 826 788 2308 2347 2309
7758 6 2 7 1 788 826 827 2309 2347 2348
7759 6 2 7 1 788 827 113 2309 2348 269
7760 6 2 7 1 113 114 788 269 270 2309
7761 6 2 7 1 21 22 828 177 178 2349
7762 6 2 7 1 828 789 21 2349 2310 177
7763 6 2 7 1 789 828 790 2310 2349 2311
7764 6 2 7 1 790 828 829 2311 2349 2350
7765 6 2 7 1 790 829 830 2311 2350 2351
7766 6 2 7 1 830 791 790 2351 2312 2311
7767 6 2 7 1 791 830 792 2312 2351 2313
7768 6 2 7 1 792 830 831 2313 2351 2352
7769 6 2 7 1 792 831 832 2313 2352 2353
7770 6 2 7 1 832 793 792 2353 2314 2313
7771 6 2 7 1 793 832 794 2314 2353 2315
7772 6 2 7 1 794 832 833 2315 2353 2354
7773 6 2 7 1 794 833 834 2315 2354 2355
7774 6 2 7 1 834 795 794 2355 2316 2315
7775 6 2 7 1 795 834 796 2316 2355 2317
7776 6 2 7 1 796 834 835 2317 2355 2356
7777 6 2 7 1 796 835 836 2317 2356 2357
7778 6 2 7 1 836 797 796 2357 2318 2317
7779 6 2 7 1 797 836 798 2318 2357 2319
7780 6 2 7 1 798 836 837 2319 2357 2358
7781 6 2 7 1 798 837 838 2319 2358 2359
7782 6 2 7 1 838 799 798 2359 2320 2319
7783 6 2 7 1 799 838 800 2320 2359 2321
7784 6 2 7 1 800 838 839 2321 2359 2360
7785 6 2 7 1 800 839 840 2321 2360 2361
7786 6 2 7 1 840 801 800 2361 2322 2321
7787 6 2 7 1 801 840 802 2322 2361 2323
7788 6 2 7 1 802 840 841 2323 2361 2362
7789 6 2 7 1 802 841 842 2323 2362 2363
7790 6 2 7 1 842 803 802 2363 2324 2323
7791 6 2 7 1 803 842 804 2324 2363 2325
7792 6 2 7 1 804 842 843 2325 2363 2364
7793 6 2 7 1 804 843 844 2325 2364 2365
7794 6 2 7 1 844 805 804 2365 2326 2325
7795 6 2 7 1 805 844 806 2326 2365 2327
7796 6 2 7 1 806 844 845 2327 2365 2366
7797 6 2 7 1 806 845 846 2327 2366 2367
7798 6 2 7 1 846 807 806 2367 2328 2327
7799 6 2 7 1 807 846 808 2328 2367 2329
7800 6 2 7 1 808 846 847 2329 2367 2368
7801 6 2 7 1 808 847 848 2329 2368 2369
7802 6 2 7 1 848 809 808 2369 2330 2329
7803 6 2 7 1 809 848 810 2330 2369 2331
7804 6 2 7 1 810 848 849 2331 2369 2370
7805 6 2 7 1 810 849 850 2331 2370 2371
7806 6 2 7 1 850 811 810 2371 2332 2331
7807 6 2 7 1 811 850 812 2332 2371 2333
7808 6 2 7 1 812 850 851 2333 2371 2372
7809 6 2 7 1 812 851 852 2333 2372 2373
7810 6 2 7 1 852 813 812 2373 2334 2333
7811 6 2 7 1 813 852 814 2334 2373 2335
7812 6 2 7 1 814 852 853 2335 2373 2374
7813 6 2 7 1 814 853 854 2335 2374 2375
7814 6 2 7 1 854 815 814 2375 2336 2335
7815 6 2 7 1 815 854 816 2336 2375 2337
7816 6 2 7 1 816 854 855 2337 2375 2376
7817 6 2 7 1 816 855 856 2337 2376 2377
7818 6 2 7 1 856 817 816 2377 2338 2337
7819 6 2 7 1 817 856 818 2338 2377 2339
7820 6 2 7 1 818 856 857 2339 2377 2378
7821 6 2 7 1 818 857 858 2339 2378 2379
7822 6 2 7 1 858 819 818 2379 2340 2339
7823 6 2 7 1 819 858 820 2340 2379 2341
7824 6 2 7 1 820 858 859 2341 2379 2380
7825 6 2 7 1 820 859 860 2341 2380 2381
7826 6 2 7 1 860 821 820 2381 2342 2341
7827 6 2 7 1 821 860 822 2342 2381 2343
7828 6 2 7 1 822 860 861 2343 2381 2382
7829 6 2 7 1 822 861 862 2343 2382 2383
7830 6 2 7 1 862 823 822 2383 2344 2343
7831 6 2 7 1 823 862 824 2344 2383 2345
7832 6 2 7 1 824 862 863 2345 2383 2384
7833 6 2 7 1 824 863 864 2345 2384 2385
7834 6 2 7 1 864 825 824 2385 2346 2345
7835 6 2 7 1 825 864 826 2346 2385 2347
7836 6 2 7 1 826 864 865 2347 2385 2386
7837 6 2 7 1 826 865 866 2347 2386 2387
7838 6 2 7 1 866 827 826 2387 2348 2347
7839 6 2 7 1 827 866 113 2348 2387 269
7840 6 2 7 1 113 866 112 269 2387 268
7841 6 2 7 1 22 23 828 178 179 2349
7842 6 2 7 1 828 23 867 2349 179 2388
7843 6 2 7 1 828 867 868 2349 2388 2389
7844 6 2 7 1 868 829 828 2389 2350 2349
7845 6 2 7 1 829 868 830 2350 2389 2351
7846 6 2 7 1 830 868 869 2351 2389 2390
7847 6 2 7 1 830 869 870 2351 2390 2391
7848 6 2 7 1 870 831 830 2391 2352 2351
7849 6 2 7 1 831 870 832 2352 2391 2353
7850 6 2 7 1 832 870 871 2353 2391 2392
7851 6 2 7 1 832 871 872 2353 2392 2393
7852 6 2 7 1 872 833 832 2393 2354 2353
7853 6 2 7 1 833 872 834 2354 2393 2355
7854 6 2 7 1 834 872 873 2355 2393 2394
7855 6 2 7 1 834 873 874 2355 2394 2395
7856 6 2 7 1 874 835 834 2395 2356 2355
7857 6 2 7 1 835 874 836 2356 2395 2357
7858 6 2 7 1 836 874 875 2357 2395 2396
7859 6 2 7 1 836 875 876 2357 2396 2397
7860 6 2 7 1 876 837 836 2397 2358 2357
7861 6 2 7 1 837 876 838 2358 2397 2359
7862 6 2 7 1 838 876 877 2359 2397 2398
7863 6 2 7 1 838 877 878 2359 2398 2399
7864 6 2 7 1 878 839 838 2399 2360 2359
7865 6 2 7 1 839 878 840 2360 2399 2361
7866 6 2 7 1 840 878 879 2361 2399 2400
7867 6 2 7 1 840 879 880 2361 2400 2401
7868 6 2 7 1 880 841 840 2401 2362 2361
7869 6 2 7 1 841 880 842 2362 2401 2363
7870 6 2 7 1 842 880 881 2363 2401 2402
7871 6 2 7 1 842 881 882 2363 2402 2403
7872 6 2 7 1 882 843 842 2403 2364 2363
7873 6 2 7 1 843 882 844 2364 2403 2365
7874 6 2 7 1 844 882 883 2365 2403 2404
7875 6 2 7 1 844 883 884 2365 2404 2405
7876 6 2 7 1 884 845 844 2405 2366 2365
7877 6 2 7 1 845 884 846 2366 2405 2367
7878 6 2 7 1 846 884 885 2367 2405 2406
7879 6 2 7 1 846 885 886 2367 2406 2407
7880 6 2 7 1 886 847 846 2407 2368 2367
7881 6 2 7 1 847 886 848 2368 2407 2369
7882 6 2 7 1 848 886 887 2369 2407 2408
7883 6 2 7 1 848 887 888 2369 2408 2409
7884 6 2 7 1 888 849 848 2409 2370 2369
7885 6 2 7 1 849 888 850 2370 2409 2371
7886 6 2 7 1 850 888 889 2371 2409 2410
7887 6 2 7 1 850 889 890 2371 2410 2411
7888 6 2 7 1 890 851 850 2411 2372 2371
7889 6 2 7 1 851 890 852 2372 2411 2373
7890 6 2 7 1 852 890 891 2373 2411 2412
7891 6 2 7 1 852 891 892 2373 2412 2413
7892 6 2 7 1 892 853 852 2413 2374 2373
7893 6 2 7 1 853 892 854 2374 2413 2375
7894 6 2 7 1 854 892 893 2375 2413 2414
7895 6 2 7 1 854 893 894 2375 2414 2415
7896 6 2 7 1 894 855 854 2415 2376 2375
7897 6 2 7 1 855 894 856 2376 2415 2377
7898 6 2 7 1 856 894 895 2377 2415 2416
7899 6 2 7 1 856 895 896 2377 2416 2417
7900 6 2 7 1 896 857 856 2417 2378 2377
7901 6 2 7 1 857 896 858 2378 2417 2379
7902 6 2 7 1 858 896 897 2379 2417 2418
7903 6 2 7 1 858 897 898 2379 2418 2419
7904 6 2 7 1 898 859 858 2419 2380 2379
7905 6 2 7 1 859 898 860 2380 2419 2381
7906 6 2 7 1 860 898 899 2381 2419 2420
7907 6 2 7 1 860 899 900 2381 2420 2421
7908 6 2 7 1 900 861 860 2421 2382 2381
7909 6 2 7 1 861 900 862 2382 2421 2383
7910 6 2 7 1 862 900 901 2383 2421 2422
7911 6 2 7 1 862 901 902 2383 2422 2423
7912 6 2 7 1 902 863 862 2423 2384 2383
7913 6 2 7 1 863 902 864 2384 2423 2385
7914 6 2 7 1 864 902 903 2385 2423 2424
7915 6 2 7 1 864 903 904 2385 2424 2425
7916 6 2 7 1 904 865 864 2425 2386 2385
7917 6 2 7 1 865 904 866 2386 2425 2387
7918 6 2 7 1 866 904 905 2387 2425 2426
7919 6 2 7 1 866 905 111 2387 2426 267
7920 6 2 7 1 111 112 866 267 268 2387
7921 6 2 7 1 23 24 906 179 180 2427
7922 6 2 7 1 906 867 23 2427 2388 179
7923 6 2 7 1 867 906 868 2388 2427 2389
7924 6 2 7 1 868 906 907 2389 2427 2428
7925 6 2 7 1 868 907 908 2389 2428 2429
7926 6 2 7 1 908 869 868 2429 2390 2389
7927 6 2 7 1 869 908 870 2390 2429 2391
7928 6 2 7 1 870 908 909 2391 2429 2430
7929 6 2 7 1 870 909 910 2391 2430 2431
7930 6 2 7 1 910 871 870 2431 2392 2391
7931 6 2 7 1 871 910 872 2392 2431 2393
7932 6 2 7 1 872 910 911 2393 2431 2432
7933 6 2 7 1 872 911 912 2393 2432 2433
7934 6 2 7 1 912 873 872 2433 2394 2393
7935 6 2 7 1 873 912 874 2394 2433 2395
7936 6 2 7 1 874 912 913 2395 2433 2434
7937 6 2 7 1 874 913 914 2395 2434 2435
7938 6 2 7 1 914 875 874 2435 2396 2395
7939 6 2 7 1 875 914 876 2396 2435 2397
7940 6 2 7 1 876 914 915 2397 2435 2436
7941 6 2 7 1 876 915 916 2397 2436 2437
7942 6 2 7 1 916 877 876 2437 2398 2397
7943 6 2 7 1 877 916 878 2398 2437 2399
7944 6 2 7 1 878 916 917 2399 2437 2438
7945 6 2 7 1 878 917 918 2399 2438 2439
7946 6 2 7 1 918 879 878 2439 2400 2399
7947 6 2 7 1 879 918 880 2400 2439 2401
7948 6 2 7 1 880 918 919 2401 2439 2440
7949 6 2 7 1 880 919 920 2401 2440 2441
7950 6 2 7 1 920 881 880 2441 2402 2401
7951 6 2 7 1 881 920 882 2402 2441 2403
7952 6 2 7 1 882 920 921 2403 2441 2442
7953 6 2 7 1 882 921 922 2403 2442 2443
7954 6 2 7 1 922 883 882 2443 2404 2403
7955 6 2 7 1 883 922 884 2404 2443 2405
7956 6 2 7 1 884 922 923 2405 2443 2444
7957 6 2 7 1 884 923 924 2405 2444 2445
7958 6 2 7 1 924 885 884 2445 2406 2405
7959 6 2 7 1 885 924 886 2406 2445 2407
7960 6 2 7 1 886 924 925 2407 2445 2446
7961 6 2 7 1 886 925 926 2407 2446 2447
7962 6 2 7 1 926 887 886 2447 2408 2407
7963 6 2 7 1 887 926 888 2408 2447 2409
7964 6 2 7 1 888 926 927 2409 2447 2448
7965 6 2 7 1 888 927 928 2409 2448 2449
7966 6 2 7 1 928 889 888 2449 2410 2409
7967 6 2 7 1 889 928 890 2410 2449 2411
7968 6 2 7 1 890 928 929 2411 2449 2450
7969 6 2 7 1 890 929 930 2411 2450 2451
7970 6 2 7 1 930 891 890 2451 2412 2411
7971 6 2 7 1 891 930 892 2412 2451 2413
7972 6 2 7 1 892 930 931 2413 2451 2452
7973 6 2 7 1 892 931 932 2413 2452 2453
7974 6 2 7 1 932 893 892 2453 2414 2413
7975 6 2 7 1 893 932 894 2414 2453 2415
7976 6 2 7 1 894 932 933 2415 2453 2454
7977 6 2 7 1 894 933 934 2415 2454 2455
7978 6 2 7 1 934 895 894 2455 2416 2415
7979 6 2 7 1 895 934 896 2416 2455 2417
7980 6 2 7 1 896 934 935 2417 2455 2456
7981 6 2 7 1 896 935 936 2417 2456 2457
7982 6 2 7 1 936 897 896 2457 2418 2417
7983 6 2 7 1 897 936 898 2418 2457 2419
7984 6 2 7 1 898 936 937 2419 2457 2458
7985 6 2 7 1 898 937 938 2419 2458 2459
7986 6 2 7 1 938 899 898 2459 2420 2419
7987 6 2 7 1 899 938 900 2420 2459 2421
7988 6 2 7 1 900 938 939 2421 2459 2460
7989 6 2 7 1 900 939 940 2421 2460 2461
7990 6 2 7 1 940 901 900 2461 2422 2421
7991 6 2 7 1 901 940 902 2422 2461 2423
7992 6 2 7 1 902 940 941 2423 2461 2462
7993 6 2 7 1 902 941 942 2423 2462 2463
7994 6 2 7 1 942 903 902 2463 2424 2423
7995 6 2 7 1 903 942 904 2424 2463 2425
7996 6 2 7 1 904 942 943 2425 2463 2464
7997 6 2 7 1 904 943 944 2425 2464 2465
7998 6 2 7 1 944 905 904 2465 2426 2425
7999 6 2 7 1 905 944 111 2426 2465 267
8000 6 2 7 1 111 944 110 267 2465 266
8001 6 2 7 1 24 25 906 180 181 2427
8002 6 2 7 1 906 25 945 2427 181 2466
8003 6 2 7 1 906 945 946 2427 2466 2467
8004 6 2 7 1 946 907 906 2467 2428 2427
8005 6 2 7 1 907 946 908 2428 2467 2429
8006 6 2 7 1 908 946 947 2429 2467 2468
8007 6 2 7 1 908 947 948 2429 2468 2469
8008 6 2 7 1 948 909 908 2469 2430 2429
8009 6 2 7 1 909 948 910 2430 2469 2431
8010 6 2 7 1 910 948 949 2431 2469 2470
8011 6 2 7 1 910 949 950 2431 2470 2471
8012 6 2 7 1 950 911 910 2471 2432 2431
8013 6 2 7 1 911 950 912 2432 2471 2433
8014 6 2 7 1 912 950 951 2433 2471 2472
8015 6 2 7 1 912 951 952 2433 2472 2473
8016 6 2 7 1 952 913 912 2473 2434 2433
8017 6 2 7 1 913 952 914 2434 2473 2435
8018 6 2 7 1 914 952 953 2435 2473 2474
8019 6 2 7 1 914 953 954 2435 2474 2475
8020 6 2 7 1 954 915 914 2475 2436 2435
8021 6 2 7 1 915 954 916 2436 2475 2437
8022 6 2 7 1 916 954 955 2437 2475 2476
8023 6 2 7 1 916 955 956 2437 2476 2477
8024 6 2 7 1 956 917 916 2477 2438 2437
8025 6 2 7 1 917 956 918 2438 2477 2439
8026 6 2 7 1 918 956 957 2439 2477 2478
8027 6 2 7 1 918 957 958 2439 2478 2479
8028 6 2 7 1 958 919 918 2479 2440 2439
8029 6 2 7 1 919 958 920 2440 2479 2441
8030 6 2 7 1 920 958 959 2441 2479 2480
8031 6 2 7 1 920 959 960 2441 2480 2481
8032 6 2 7 1 960 921 920 2481 2442 2441
8033 6 2 7 1 921 960 922 2442 2481 2443
8034 6 2 7 1 922 960 961 2443 2481 2482
8035 6 2 7 1 922 961 962 2443 2482 2483
8036 6 2 7 1 962 923 922 2483 2444 2443
8037 6 2 7 1 923 962 924 2444 2483 2445
8038 6 2 7 1 924 962 963 2445 2483 2484
8039 6 2 7 1 924 963 964 2445 2484 2485
8040 6 2 7 1 964 925 924 2485 2446 2445
8041 6 2 7 1 925 964 926 2446 2485 2447
8042 6 2 7 1 926 964 965 2447 2485 2486
8043 6 2 7 1 926 965 966 2447 2486 2487
8044 6 2 7 1 966 927 926 2487 2448 2447
8045 6 2 7 1 927 966 928 2448 2487 2449
8046 6 2 7 1 928 966 967 2449 2487 2488
8047 6 2 7 1 928 967 968 2449 2488 2489
8048 6 2 7 1 968 929 928 2489 2450 2449
8049 6 2 7 1 929 968 930 2450 2489 2451
8050 6 2 7 1 930 968 969 2451 2489 2490
8051 6 2 7 1 930 969 970 2451 2490 2491
8052 6 2 7 1 970 931 930 2491 2452 2451
8053 6 2 7 1 931 970 932 2452 2491 2453
8054 6 2 7 1 932 970 971 2453 2491 2492
8055 6 2 7 1 932 971 972 2453 2492 2493
8056 6 2 7 1 972 933 932 2493 2454 2453
8057 6 2 7 1 933 972 934 2454 2493 2455
8058 6 2 7 1 934 972 973 2455 2493 2494
8059 6 2 7 1 934 973 974 2455 2494 2495
8060 6 2 7 1 974 935 934 2495 2456 2455
8061 6 2 7 1 935 974 936 2456 2495 2457
8062 6 2 7 1 936 974 975 2457 2495 2496
8063 6 2 7 1 936 975 976 2457 2496 2497
8064 6 2 7 1 976 937 936 2497 2458 2457
8065 6 2 7 1 937 976 938 2458 2497 2459
8066 6 2 7 1 938 976 977 2459 2497 2498
8067 6 2 7 1 938 977 978 2459 2498 2499
8068 6 2 7 1 978 939 938 2499 2460 2459
8069 6 2 7 1 939 978 940 2460 2499 2461
8070 6 2 7 1 940 978 979 2461 2499 2500
8071 6 2 7 1 940 979 980 2461 2500 2501
8072 6 2 7 1 980 941 940 2501 2462 2461
8073 6 2 7 1 941 980 942 2462 2501 2463
8074 6 2 7 1 942 980 981 2463 2501 2502
8075 6 2 7 1 942 981 982 2463 2502 2503
8076 6 2 7 1 982 943 942 2503 2464 2463
8077 6 2 7 1 943 982 944 2464 2503 2465
8078 6 2 7 1 944 982 983 2465 2503 2504
8079 6 2 7 1 944 983 109 2465 2504 265
8080 6 2 7 1 109 110 944 265 266 2465
8081 6 2 7 1 25 26 984 181 182 2505
8082 6 2 7 1 984 945 25 2505 2466 181
8083 6 2 7 1 945 984 946 2466 2505 2467
8084 6 2 7 1 946 984 985 2467 2505 2506
8085 6 2 7 1 946 985 986 2467 2506 2507
8086 6 2 7 1 986 947 946 2507 2468 2467
8087 6 2 7 1 947 986 948 2468 2507 2469
8088 6 2 7 1 948 986 987 2469 2507 2508
8089 6 2 7 1 948 987 988 2469 2508 2509
8090 6 2 7 1 988 949 948 2509 2470 2469
8091 6 2 7 1 949 988 950 2470 2509 2471
8092 6 2 7 1 950 988 989 2471 2509 2510
8093 6 2 7 1 950 989 990 2471 2510 2511
8094 6 2 7 1 990 951 950 2511 2472 2471
8095 6 2 7 1 951 990 952 2472 2511 2473
8096 6 2 7 1 952 990 991 2473 2511 2512
8097 6 2 7 1 952 991 992 2473 2512 2513
8098 6 2 7 1 992 953 952 2513 2474 2473
8099 6 2 7 1 953 992 954 2474 2513 2475
8100 6 2 7 1 954 992 993 2475 2513 2514
8101 6 2 7 1 954 993 994 2475 2514 2515
8102 6 2 7 1 994 955 954 2515 2476 2475
8103 6 2 7 1 955 994 956 2476 2515 2477
8104 6 2 7 1 956 994 995 2477 2515 2516
8105 6 2 7 1 956 995 996 2477 2516 2517
8106 6 2 7 1 996 957 956 2517 2478 2477
8107 6 2 7 1 957 996 958 2478 2517 2479
8108 6 2 7 1 958 996 997 2479 2517 2518
8109 6 2 7 1 958 997 998 2479 2518 2519
8110 6 2 7 1 998 959 958 2519 2480 2479
8111 6 2 7 1 959 998 960 2480 2519 2481
8112 6 2 7 1 960 998 999 2481 2519 2520
8113 6 2 7 1 960 999 1000 2481 2520 2521
8114 6 2 7 1 1000 961 960 2521 2482 2481
8115 6 2 7 1 961 1000 962 2482 2521 2483
8116 6 2 7 1 962 1000 1001 2483 2521 2522
8117 6 2 7 1 962 1001 1002 2483 2522 2523
8118 6 2 7 1 1002 963 962 2523 2484 2483
8119 6 2 7 1 963 1002 964 2484 2523 2485
8120 6 2 7 1 964 1002 1003 2485 2523 2524
8121 6 2 7 1 964 1003 1004 2485 2524 2525
8122 6 2 7 1 1004 965 964 2525 2486 2485
8123 6 2 7 1 965 1004 966 2486 2525 2487
8124 6 2 7 1 966 1004 1005 2487 2525 2526
8125 6 2 7 1 966 1005 1006 2487 2526 2527
8126 6 2 7 1 1006 967 966 2527 2488 2487
8127 6 2 7 1 967 1006 968 2488 2527 2489
8128 6 2 7 1 968 1006 1007 2489 2527 2528
8129 6 2 7 1 968 1007 1008 2489 2528 2529
8130 6 2 7 1 1008 969 968 2529 2490 2489
8131 6 2 7 1 969 1008 970 2490 2529 2491
8132 6 2 7 1 970 1008 1009 2491 2529 2530
8133 6 2 7 1 970 1009 1010 2491 2530 2531
8134 6 2 7 1 1010 971 970 2531 2492 2491
8135 6 2 7 1 971 1010 972 2492 2531 2493
8136 6 2 7 1 972 1010 1011 2493 2531 2532
8137 6 2 7 1 972 1011 1012 2493 2532 2533
8138 6 2 7 1 1012 973 972 2533 2494 2493
8139 6 2 7 1 973 1012 974 2494 2533 2495
8140 6 2 7 1 974 1012 1013 2495 2533 2534
8141 6 2 7 1 974 1013 1014 2495 2534 2535
8142 6 2 7 1 1014 975 974 2535 2496 2495
8143 6 2 7 1 975 1014 976 2496 2535 2497
8144 6 2 7 1 976 1014 1015 2497 2535 2536
8145 6 2 7 1 976 1015 1016 2497 2536 2537
8146 6 2 7 1 1016 977 976 2537 2498 2497
8147 6 2 7 1 977 1016 978 2498 2537 2499
8148 6 2 7 1 978 1016 1017 2499 2537 2538
8149 6 2 7 1 978 1017 1018 2499 2538 2539
8150 6 2 7 1 1018 979 978 2539 2500 2499
8151 6 2 7 1 979 1018 980 2500 2539 2501
8152 6 2 7 1 980 1018 1019 2501 2539 2540
8153 6 2 7 1 980 1019 1020 2501 2540 2541
8154 6 2 7 1 1020 981 980 2541 2502 2501
8155 6 2 7 1 981 1020 982 2502 2541 2503
8156 6 2 7 1 982 1020 1021 2503 2541 2542
8157 6 2 7 1 982 1021 1022 2503 2542 2543
8158 6 2 7 1 1022 983 982 2543 2504 2503
8159 6 2 7 1 983 1022 109 2504 2543 265
8160 6 2 7 1 109 1022 108 265 2543 264
8161 6 2 7 1 26 27 984 182 183 2505
8162 6 2 7 1 984 27 1023 2505 183 2544
8163 6 2 7 1 984 1023 1024 2505 2544 2545
8164 6 2 7 1 1024 985 984 2545 2506 2505
8165 6 2 7 1 985 1024 986 2506 2545 2507
8166 6 2 7 1 986 1024 1025 2507 2545 2546
8167 6 2 7 1 986 1025 1026 2507 2546 2547
8168 6 2 7 1 1026 987 986 2547 2508 2507
8169 6 2 7 1 987 1026 988 2508 2547 2509
8170 6 2 7 1 988 1026 1027 2509 2547 2548
8171 6 2 7 1 988 1027 1028 2509 2548 2549
8172 6 2 7 1 1028 989 988 2549 2510 2509
8173 6 2 7 1 989 1028 990 2510 2549 2511
8174 6 2 7 1 990 1028 1029 2511 2549 2550
8175 6 2 7 1 990 1029 1030 2511 2550 2551
8176 6 2 7 1 1030 991 990 2551 2512 2511
8177 6 2 7 1 991 1030 992 2512 2551 2513
8178 6 2 7 1 992 1030 1031 2513 2551 2552
8179 6 2 7 1 992 1031 1032 2513 2552 2553
8180 6 2 7 1 1032 993 992 2553 2514 2513
8181 6 2 7 1 993 1032 994 2514 2553 2515
8182 6 2 7 1 994 1032 1033 2515 2553 2554
8183 6 2 7 1 994 1033 1034 2515 2554 2555
8184 6 2 7 1 1034 995 994 2555 2516 2515
8185 6 2 7 1 995 1034 996 2516 2555 2517
8186 6 2 7 1 996 1034 1035 2517 2555 2556
8187 6 2 7 1 996 1035 1036 2517 2556 2557
8188 6 2 7 1 1036 997 996 2557 2518 2517
8189 6 2 7 1 997 1036 998 2518 2557 2519
8190 6 2 7 1 998 1036 1037 2519 2557 2558
8191 6 2 7 1 998 1037 1038 2519 2558 2559
8192 6 2 7 1 1038 999 998 2559 2520 2519
8193 6 2 7 1 999 1038 1000 2520 2559 2521
8194 6 2 7 1 1000 1038 1039 2521 2559 2560
8195 6 2 7 1 1000 1039 1040 2521 2560 2561
8196 6 2 7 1 1040 1001 1000 2561 2522 2521
8197 6 2 7 1 1001 1040 1002 2522 2561 2523
8198 6 2 7 1 1002 1040 1041 2523 2561 2562
8199 6 2 7 1 1002 1041 1042 2523 2562 2563
8200 6 2 7 1 1042 1003 1002 2563 2524 2523
8201 6 2 7 1 1003 1042 1004 2524 2563 2525
8202 6 2 7 1 1004 1042 1043 2525 2563 2564
8203 6 2 7 1 1004 1043 1044 2525 2564 2565
8204 6 2 7 1 1044 1005 1004 2565 2526 2525
8205 6 2 7 1 1005 1044 1006 2526 2565 2527
8206 6 2 7 1 1006 1044 1045 2527 2565 2566
8207 6 2 7 1 1006 1045 1046 2527 2566 2567
8208 6 2 7 1 1046 1007 1006 2567 2528 2527
8209 6 2 7 1 1007 1046 1008 2528 2567 2529
8210 6 2 7 1 1008 1046 1047 2529 2567 2568
8211 6 2 7 1 1008 1047 1048 2529 2568 2569
8212 6 2 7 1 1048 1009 1008 2569 2530 2529
8213 6 2 7 1 1009 1048 1010 2530 2569 2531
8214 6 2 7 1 1010 1048 1049 2531 2569 2570
8215 6 2 7 1 1010 1049 1050 2531 2570 2571
8216 6 2 7 1 1050 1011 1010 2571 2532 2531
8217 6 2 7 1 1011 1050 1012 2532 2571 2533
8218 6 2 7 1 1012 1050 1051 2533 2571 2572
8219 6 2 7 1 1012 1051 1052 2533 2572 2573
8220 6 2 7 1 1052 1013 1012 2573 2534 2533
8221 6 2 7 1 1013 1052 1014 2534 2573 2535
8222 6 2 7 1 1014 1052 1053 2535 2573 2574
8223 6 2 7 1 1014 1053 1054 2535 2574 2575
8224 6 2 7 1 1054 1015 1014 2575 2536 2535
8225 6 2 7 1 1015 1054 1016 2536 2575 2537
8226 6 2 7 1 1016 1054 1055 2537 2575 2576
8227 6 2 7 1 1016 1055 1056 2537 2576 2577
8228 6 2 7 1 1056 1017 1016 2577 2538 2537
8229 6 2 7 1 1017 1056 1018 2538 2577 2539
8230 6 2 7 1 1018 1056 1057 2539 2577 2578
8231 6 2 7 1 1018 1057 1058 2539 2578 2579
8232 6 2 7 1 1058 1019 1018 2579 2540 2539
8233 6 2 7 1 1019 1058 1020 2540 2579 2541
8234 6 2 7 1 1020 1058 1059 2541 2579 2580
8235 6 2 7 1 1020 1059 1060 2541 2580 2581
8236 6 2 7 1 1060 1021 1020 2581 2542 2541
8237 6 2 7 1 1021 1060 1022 2542 2581 2543
8238 6 2 7 1 1022 1060 1061 2543 2581 2582
8239 6 2 7 1 1022 1061 107 2543 2582 263
8240 6 2 7 1 107 108 1022 263 264 2543
8241 6 2 7 1 27 28 1062 183 184 2583
8242 6 2 7 1 1062 1023 27 2583 2544 183
8243 6 2 7 1 1023 1062 1024 2544 2583 2545
8244 6 2 7 1 1024 1062 1063 2545 2583 2584
8245 6 2 7 1 1024 1063 1064 2545 2584 2585
8246 6 2 7 1 1064 1025 1024 2585 2546 2545
8247 6 2 7 1 1025 1064 1026 2546 2585 2547
8248 6 2 7 1 1026 1064 1065 2547 2585 2586
8249 6 2 7 1 1026 1065 1066 2547 2586 2587
8250 6 2 7 1 1066 1027 1026 2587 2548 2547
8251 6 2 7 1 1027 1066 1028 2548 2587 2549
8252 6 2 7 1 1028 1066 1067 2549 2587 2588
8253 6 2 7 1 1028 1067 1068 2549 2588 2589
8254 6 2 7 1 1068 1029 1028 2589 2550 2549
8255 6 2 7 1 1029 1068 1030 2550 2589 2551
8256 6 2 7 1 1030 1068 1069 2551 2589 2590
8257 6 2 7 1 1030 1069 1070 2551 2590 2591
8258 6 2 7 1 1070 1031 1030 2591 2552 2551
8259 6 2 7 1 1031 1070 1032 2552 2591 2553
8260 6 2 7 1 1032 1070 1071 2553 2591 2592
8261 6 2 7 1 1032 1071 1072 2553 2592 2593
8262 6 2 7 1 1072 1033 1032 2593 2554 2553
8263 6 2 7 1 1033 1072 1034 2554 2593 2555
8264 6 2 7 1 1034 1072 1073 2555 2593 2594
8265 6 2 7 1 1034 1073 1074 2555 2594 2595
8266 6 2 7 1 1074 1035 1034 2595 2556 2555
8267 6 2 7 1 1035 1074 1036 2556 2595 2557
8268 6 2 7 1 1036 1074 1075 2557 2595 2596
8269 6 2 7 1 1036 1075 1076 2557 2596 2597
8270 6 2 7 1 1076 1037 1036 2597 2558 2557
8271 6 2 7 1 1037 1076 1038 2558 2597 2559
8272 6 2 7 1 1038 1076 1077 2559 2597 2598
8273 6 2 7 1 1038 1077 1078 2559 2598 2599
8274 6 2 7 1 1078 1039 1038 2599 2560 2559
8275 6 2 7 1 1039 1078 1040 2560 2599 2561
8276 6 2 7 1 1040 1078 1079 2561 2599 2600
8277 6 2 7 1 1040 1079 1080 2561 2600 2601
8278 6 2 7 1 1080 1041 1040 2601 2562 2561
8279 6 2 7 1 1041 1080 1042 2562 2601 2563
8280 6 2 7 1 1042 1080 1081 2563 2601 2602
8281 6 2 7 1 1042 1081 1082 2563 2602 2603
8282 6 2 7 1 1082 1043 1042 2603 2564 2563
8283 6 2 7 1 1043 1082 1044 2564 2603 2565
8284 6 2 7 1 1044 1082 1083 2565 2603 2604
8285 6 2 7 1 1044 1083 1084 2565 2604 2605
8286 6 2 7 1 1084 1045 1044 2605 2566 2565
8287 6 2 7 1 1045 1084 1046 2566 2605 2567
8288 6 2 7 1 1046 1084 1085 2567 2605 2606
8289 6 2 7 1 1046 1085 1086 2567 2606 2607
8290 6 2 7 1 1086 1047 1046 2607 2568 2567
8291 6 2 7 1 1047 1086 1048 2568 2607 2569
8292 6 2 7 1 1048 1086 1087 2569 2607 2608
8293 6 2 7 1 1048 1087 1088 2569 2608 2609
8294 6 2 7 1 1088 1049 1048 2609 2570 2569
8295 6 2 7 1 1049 1088 1050 2570 2609 2571
8296 6 2 7 1 1050 1088 1089 2571 2609 2610
8297 6 2 7 1 1050 1089 1090 2571 2610 2611
8298 6 2 7 1 1090 1051 1050 2611 2572 2571
8299 6 2 7 1 1051 1090 1052 2572 2611 2573
8300 6 2 7 1 1052 1090 1091 2573 2611 2612
8301 6 2 7 1 1052 1091 1092 2573 2612 2613
8302 6 2 7 1 1092 1053 1052 2613 2574 2573
8303 6 2 7 1 1053 1092 1054 2574 2613 2575
8304 6 2 7 1 1054 1092 1093 2575 2613 2614
8305 6 2 7 1 1054 1093 1094 2575 2614 2615
8306 6 2 7 1 1094 1055 1054 2615 2576 2575
8307 6 2 7 1 1055 1094 1056 2576 2615 2577
8308 6 2 7 1 1056 1094 1095 2577 2615 2616
8309 6 2 7 1 1056 1095 1096 2577 2616 2617
8310 6 2 7 1 1096 1057 1056 2617 2578 2577
8311 6 2 7 1 1057 1096 1058 2578 2617 2579
8312 6 2 7 1 1058 1096 1097 2579 2617 2618
8313 6 2 7 1 1058 1097 1098 2579 2618 2619
8314 6 2 7 1 1098 1059 1058 2619 2580 2579
8315 6 2 7 1 1059 1098 1060 2580 2619 2581
8316 6 2 7 1 1060 1098 1099 2581 2619 2620
8317 6 2 7 1 1060 1099 1100 2581 2620 2621
8318 6 2 7 1 1100 1061 1060 2621 2582 2581
8319 6 2 7 1 1061 1100 107 2582 2621 263
8320 6 2 7 1 107 1100 106 263 2621 262
8321 6 2 7 1 28 29 1062 184 185 2583
8322 6 2 7 1 1062 29 1101 2583 185 2622
8323 6 2 7 1 1062 1101 1102 2583 2622 2623
8324 6 2 7 1 1102 1063 1062 2623 2584 2583
8325 6 2 7 1 1063 1102 1064 2584 2623 2585
8326 6 2 7 1 1064 1102 1103 2585 2623 2624
8327 6 2 7 1 1064 1103 1104 2585 2624 2625
8328 6 2 7 1 1104 1065 1064 2625 2586 2585
8329 6 2 7 1 1065 1104 1066 2586 2625 2587
8330 6 2 7 1 1066 1104 1105 2587 2625 2626
8331 6 2 7 1 1066 1105 1106 2587 2626 2627
8332 6 2 7 1 1106 1067 1066 2627 2588 2587
8333 6 2 7 1 1067 1106 1068 2588 2627 2589
8334 6 2 7 1 1068 1106 1107 2589 2627 2628
8335 6 2 7 1 1068 1107 1108 2589 2628 2629
8336 6 2 7 1 1108 1069 1068 2629 2590 2589
8337 6 2 7 1 1069 1108 1070 2590 2629 2591
8338 6 2 7 1 1070 1108 1109 2591 2629 2630
8339 6 2 7 1 1070 1109 1110 2591 2630 2631
8340 6 2 7 1 1110 1071 1070 2631 2592 2591
8341 6 2 7 1 1071 1110 1072 2592 2631 2593
8342 6 2 7 1 1072 1110 1111 2593 2631 2632
8343 6 2 7 1 1072 1111 1112 2593 2632 2633
8344 6 2 7 1 1112 1073 1072 2633 2594 2593
8345 6 2 7 1 1073 1112 1074 2594 2633 2595
8346 6 2 7 1 1074 1112 1113 2595 2633 2634
8347 6 2 7 1 1074 1113 1114 2595 2634 2635
8348 6 2 7 1 1114 1075 1074 2635 2596 2595
8349 6 2 7 1 1075 1114 1076 2596 2635 2597
8350 6 2 7 1 1076 1114 1115 2597 2635 2636
8351 6 2 7 1 1076 1115 1116 2597 2636 2637
8352 6 2 7 1 1116 1077 1076 2637 2598 2597
8353 6 2 7 1 1077 1116 1078 2598 2637 2599
8354 6 2 7 1 1078 1116 1117 2599 2637 2638
8355 6 2 7 1 1078 1117 1118 2599 2638 2639
8356 6 2 7 1 1118 1079 1078 2639 2600 2599
8357 6 2 7 1 1079 1118 1080 2600 2639 2601
8358 6 2 7 1 1080 1118 1119 2601 2639 2640
8359 6 2 7 1 1080 1119 1120 2601 2640 2641
8360 6 2 7 1 1120 1081 1080 2641 2602 2601
8361 6 2 7 1 1081 1120 1082 2602 2641 2603
8362 6 2 7 1 1082 1120 1121 2603 2641 2642
8363 6 2 7 1 1082 1121 1122 2603 2642 2643
8364 6 2 7 1 1122 1083 1082 2643 2604 2603
8365 6 2 7 1 1083 1122 1084 2604 2643 2605
8366 6 2 7 1 1084 1122 1123 2605 2643 2644
8367 6 2 7 1 1084 1123 1124 2605 2644 2645
8368 6 2 7 1 1124 1085 1084 2645 2606 2605
8369 6 2 7 1 1085 1124 1086 2606 2645 2607
8370 6 2 7 1 1086 1124 1125 2607 2645 2646
8371 6 2 7 1 1086 1125 1126 2607 2646 2647
8372 6 2 7 1 1126 1087 1086 2647 2608 2607
8373 6 2 7 1 1087 1126 1088 2608 2647 2609
8374 6 2 7 1 1088 1126 1127 2609 2647 2648
8375 6 2 7 1 1088 1127 1128 2609 2648 2649
8376 6 2 7 1 1128 1089 1088 2649 2610 2609
8377 6 2 7 1 1089 1128 1090 2610 2649 2611
8378 6 2 7 1 1090 1128 1129 2611 2649 2650
8379 6 2 7 1 1090 1129 1130 2611 2650 2651
8380 6 2 7 1 1130 1091 1090 2651 2612 2611
8381 6 2 7 1 1091 1130 1092 2612 2651 2613
8382 6 2 7 1 1092 1130 1131 2613 2651 2652
8383 6 2 7 1 1092 1131 1132 2613 2652 2653
8384 6 2 7 1 1132 1093 1092 2653 2614 2613
8385 6 2 7 1 1093 1132 1094 2614 2653 2615
8386 6 2 7 1 1094 1132 1133 2615 2653 2654
8387 6 2 7 1 1094 1133 1134 2615 2654 2655
8388 6 2 7 1 1134 1095 1094 2655 2616 2615
8389 6 2 7 1 1095 1134 1096 2616 2655 2617
8390 6 2 7 1 1096 1134 1135 2617 2655 2656
8391 6 2 7 1 1096 1135 1136 2617 2656 2657
8392 6 2 7 1 1136 1097 1096 2657 2618 2617
8393 6 2 7 1 1097 1136 1098 2618 2657 2619
8394 6 2 7 1 1098 1136 1137 2619 2657 2658
8395 6 2 7 1 1098 1137 1138 2619 2658 2659
8396 6 2 7 1 1138 1099 1098 2659 2620 2619
8397 6 2 7 1 1099 1138 1100 2620 2659 2621
8398 6 2 7 1 1100 1138 1139 2621 2659 2660
8399 6 2 7 1 1100 1139 105 2621 2660 261
8400 6 2 7 1 105 106 1100 261 262 2621
8401 6 2 7 1 29 30 1140 185 186 2661
8402 6 2 7 1 1140 1101 29 2661 2622 185
8403 6 2 7 1 1101 1140 1102 2622 2661 2623
8404 6 2 7 1 1102 1140 1141 2623 2661 2662
8405 6 2 7 1 1102 1141 1142 2623 2662 2663
8406 6 2 7 1 1142 1103 1102 2663 2624 2623
8407 6 2 7 1 1103 1142 1104 2624 2663 2625
8408 6 2 7 1 1104 1142 1143 2625 2663 2664
8409 6 2 7 1 1104 1143 1144 2625 2664 2665
8410 6 2 7 1 1144 1105 1104 2665 2626 2625
8411 6 2 7 1 1105 1144 1106 2626 2665 2627
8412 6 2 7 1 1106 1144 1145 2627 2665 2666
8413 6 2 7 1 1106 1145 1146 2627 2666 2667
8414 6 2 7 1 1146 1107 1106 2667 2628 2627
8415 6 2 7 1 1107 1146 1108 2628 2667 2629
8416 6 2 7 1 1108 1146 1147 2629 2667 2668
8417 6 2 7 1 1108 1147 1148 2629 2668 2669
8418 6 2 7 1 1148 1109 1108 2669 2630 2629
8419 6 2 7 1 1109 1148 1110 2630 2669 2631
8420 6 2 7 1 1110 1148 1149 2631 2669 2670
8421 6 2 7 1 1110 1149 1150 2631 2670 2671
8422 6 2 7 1 1150 1111 1110 2671 2632 2631
8423 6 2 7 1 1111 1150 1112 2632 2671 2633
8424 6 2 7 1 1112 1150 1151 2633 2671 2672
8425 6 2 7 1 1112 1151 1152 2633 2672 2673
8426 6 2 7 1 1152 1113 1112 2673 2634 2633
8427 6 2 7 1 1113 1152 1114 2634 2673 2635
8428 6 2 7 1 1114 1152 1153 2635 2673 2674
8429 6 2 7 1 1114 1153 1154 2635 2674 2675
8430 6 2 7 1 1154 1115 1114 2675 2636 2635
8431 6 2 7 1 1115 1154 1116 2636 2675 2637
8432 6 2 7 1 1116 1154 1155 2637 2675 2676
8433 6 2 7 1 1116 1155 1156 2637 2676 2677
8434 6 2 7 1 1156 1117 1116 2677 2638 2637
8435 6 2 7 1 1117 1156 1118 2638 2677 2639
8436 6 2 7 1 1118 1156 1157 2639 2677 2678
8437 6 2 7 1 1118 1157 1158 2639 2678 2679
8438 6 2 7 1 1158 1119 1118 2679 2640 2639
8439 6 2 7 1 1119 1158 1120 2640 2679 2641
8440 6 2 7 1 1120 1158 1159 2641 2679 2680
8441 6 2 7 1 1120 1159 1160 2641 2680 2681
8442 6 2 7 1 1160 1121 1120 2681 2642 2641
8443 6 2 7 1 1121 1160 1122 2642 2681 2643
8444 6 2 7 1 1122 1160 1161 2643 2681 2682
8445 6 2 7 1 1122 1161 1162 2643 2682 2683
8446 6 2 7 1 1162 1123 1122 2683 2644 2643
8447 6 2 7 1 1123 1162 1124 2644 2683 2645
8448 6 2 7 1 1124 1162 1163 2645 2683 2684
8449 6 2 7 1 1124 1163 1164 2645 2684 2685
8450 6 2 7 1 1164 1125 1124 2685 2646 2645
8451 6 2 7 1 1125 1164 1126 2646 2685 2647
8452 6 2 7 1 1126 1164 1165 2647 2685 2686
8453 6 2 7 1 1126 1165 1166 2647 2686 2687
8454 6 2 7 1 1166 1127 1126 2687 2648 2647
8455 6 2 7 1 1127 1166 1128 2648 2687 2649
8456 6 2 7 1 1128 1166 1167 2649 2687 2688
8457 6 2 7 1 1128 1167 1168 2649 2688 2689
8458 6 2 7 1 1168 1129 1128 2689 2650 2649
8459 6 2 7 1 1129 1168 1130 2650 2689 2651
8460 6 2 7 1 1130 1168 1169 2651 2689 2690
8461 6 2 7 1 1130 1169 1170 2651 2690 2691
8462 6 2 7 1 1170 1131 1130 2691 2652 2651
8463 6 2 7 1 1131 1170 1132 2652 2691 2653
8464 6 2 7 1 1132 1170 1171 2653 2691 2692
8465 6 2 7 1 1132 1171 1172 2653 2692 2693
8466 6 2 7 1 1172 1133 1132 2693 2654 2653
8467 6 2 7 1 1133 1172 1134 2654 2693 2655
8468 6 2 7 1 1134 1172 1173 2655 2693 2694
8469 6 2 7 1 1134 1173 1174 2655 2694 2695
8470 6 2 7 1 1174 1135 1134 2695 2656 2655
8471 6 2 7 1 1135 1174 1136 2656 2695 2657
8472 6 2 7 1 1136 1174 1175 2657 2695 2696
8473 6 2 7 1 1136 1175 1176 2657 2696 2697
8474 6 2 7 1 1176 1137 1136 2697 2658 2657
8475 6 2 7 1 1137 1176 1138 2658 2697 2659
8476 6 2 7 1 1138 1176 1177 2659 2697 2698
8477 6 2 7 1 1138 1177 1178 2659 2698 2699
8478 6 2 7 1 1178 1139 1138 2699 2660 2659
8479 6 2 7 1 1139 1178 105 2660 2699 261
8480 6 2 7 1 105 1178 104 261 2699 260
8481 6 2 7 1 30 31 1140 186 187 2661
8482 6 2 7 1 1140 31 1179 2661 187 2700
8483 6 2 7 1 1140 1179 1180 2661 2700 2701
8484 6 2 7 1 1180 1141 1140 2701 2662 2661
8485 6 2 7 1 1141 1180 1142 2662 2701 2663
8486 6 2 7 1 1142 1180 1181 2663 2701 2702
8487 6 2 7 1 1142 1181 1182 2663 2702 2703
8488 6 2 7 1 1182 1143 1142 2703 2664 2663
8489 6 2 7 1 1143 1182 1144 2664 2703 2665
8490 6 2 7 1 1144 1182 1183 2665 2703 2704
8491 6 2 7 1 1144 1183 1184 2665 2704 2705
8492 6 2 7 1 1184 1145 1144 2705 2666 2665
8493 6 2 7 1 1145 1184 1146 2666 2705 2667
8494 6 2 7 1 1146 1184 1185 2667 2705 2706
8495 6 2 7 1 1146 1185 1186 2667 2706 2707
8496 6 2 7 1 1186 1147 1146 2707 2668 2667
8497 6 2 7 1 1147 1186 1148 2668 2707 2669
8498 6 2 7 1 1148 1186 1187 2669 2707 2708
8499 6 2 7 1 1148 1187 1188 2669 2708 2709
8500 6 2 7 1 1188 1149 1148 2709 2670 2669
8501 6 2 7 1 1149 1188 1150 2670 2709 2671
8502 6 2 7 1 1150 1188 1189 2671 2709 2710
8503 6 2 7 1 1150 1189 1190 2671 2710 2711
8504 6 2 7 1 1190 1151 1150 2711 2672 2671
8505 6 2 7 1 1151 1190 1152 2672 2711 2673
8506 6 2 7 1 1152 1190 1191 2673 2711 2712
8507 6 2 7 1 1152 1191 1192 2673 2712 2713
8508 6 2 7 1 1192 1153 1152 2713 2674 2673
8509 6 2 7 1 1153 1192 1154 2674 2713 2675
8510 6 2 7 1 1154 1192 1193 2675 2713 2714
8511 6 2 7 1 1154 1193 1194 2675 2714 2715
8512 6 2 7 1 1194 1155 1154 2715 2676 2675
8513 6 2 7 1 1155 1194 1156 2676 2715 2677
8514 6 2 7 1 1156 1194 1195 2677 2715 2716
8515 6 2 7 1 1156 1195 1196 2677 2716 2717
8516 6 2 7 1 1196 1157 1156 2717 2678 2677
8517 6 2 7 1 1157 1196 1158 2678 2717 2679
8518 6 2 7 1 1158 1196 1197 2679 2717 2718
8519 6 2 7 1 1158 1197 1198 2679 2718 2719
8520 6 2 7 1 1198 1159 1158 2719 2680 2679
8521 6 2 7 1 1159 1198 1160 2680 2719 2681
8522 6 2 7 1 1160 1198 1199 2681 2719 2720
8523 6 2 7 1 1160 1199 1200 2681 2720 2721
8524 6 2 7 1 1200 1161 1160 2721 2682 2681
8525 6 2 7 1 1161 1200 1162 2682 2721 2683
8526 6 2 7 1 1162 1200 1201 2683 2721 2722
8527 6 2 7 1 1162 1201 1202 2683 2722 2723
8528 6 2 7 1 1202 1163 1162 2723 2684 2683
8529 6 2 7 1 1163 1202 1164 2684 2723 2685
8530 6 2 7 1 1164 1202 1203 2685 2723 2724
8531 6 2 7 1 1164 1203 1204 2685 2724 2725
8532 6 2 7 1 1204 1165 1164 2725 2686 2685
8533 6 2 7 1 1165 1204 1166 2686 2725 2687
8534 6 2 7 1 1166 1204 1205 2687 2725 2726
8535 6 2 7 1 1166 1205 1206 2687 2726 2727
8536 6 2 7 1 1206 1167 1166 2727 2688 2687
8537 6 2 7 1 1167 1206 1168 2688 2727 2689
8538 6 2 7 1 1168 1206 1207 2689 2727 2728
8539 6 2 7 1 1168 1207 1208 2689 2728 2729
8540 6 2 7 1 1208 1169 1168 2729 2690 2689
8541 6 2 7 1 1169 1208 1170 2690 2729 2691
8542 6 2 7 1 1170 1208 1209 2691 2729 2730
8543 6 2 7 1 1170 1209 1210 2691 2730 2731
8544 6 2 7 1 1210 1171 1170 2731 2692 2691
8545 6 2 7 1 1171 1210 1172 2692 2731 2693
8546 6 2 7 1 1172 1210 1211 2693 2731 2732
8547 6 2 7 1 1172 1211 1212 2693 2732 2733
8548 6 2 7 1 1212 1173 1172 2733 2694 2693
8549 6 2 7 1 1173 1212 1174 2694 2733 2695
8550 6 2 7 1 1174 1212 1213 2695 2733 2734
8551 6 2 7 1 1174 1213 1214 2695 2734 2735
8552 6 2 7 1 1214 1175 1174 2735 2696 2695
8553 6 2 7 1 1175 1214 1176 2696 2735 2697
8554 6 2 7 1 1176 1214 1215 2697 2735 2736
8555 6 2 7 1 1176 1215 1216 2697 2736 2737
8556 6 2 7 1 1216 1177 1176 2737 2698 2697
8557 6 2 7 1 1177 1216 1178 2698 2737 2699
8558 6 2 7 1 1178 1216 1217 2699 2737 2738
8559 6 2 7 1 1178 1217 103 2699 2738 259
8560 6 2 7 1 103 104 1178 259 260 2699
8561 6 2 7 1 31 32 1218 187 188 2739
8562 6 2 7 1 1218 1179 31 2739 2700 187
8563 6 2 7 1 1179 1218 1180 2700 2739 2701
8564 6 2 7 1 1180 1218 1219 2701 2739 2740
8565 6 2 7 1 1180 1219 1220 2701 2740 2741
8566 6 2 7 1 1220 1181 1180 2741 2702 2701
8567 6 2 7 1 1181 1220 1182 2702 2741 2703
8568 6 2 7 1 1182 1220 1221 2703 2741 2742
8569 6 2 7 1 1182 1221 1222 2703 2742 2743
8570 6 2 7 1 1222 1183 1182 2743 2704 2703
8571 6 2 7 1 1183 1222 1184 2704 2743 2705
8572 6 2 7 1 1184 1222 1223 2705 2743 2744
8573 6 2 7 1 1184 1223 1224 2705 2744 2745
8574 6 2 7 1 1224 1185 1184 2745 2706 2705
8575 6 2 7 1 1185 1224 1186 2706 2745 2707
8576 6 2 7 1 1186 1224 1225 2707 2745 2746
8577 6 2 7 1 1186 1225 1226 2707 2746 2747
8578 6 2 7 1 1226 1187 1186 2747 2708 2707
8579 6 2 7 1 1187 1226 1188 2708 2747 2709
8580 6 2 7 1 1188 1226 1227 2709 2747 2748
8581 6 2 7 1 1188 1227 1228 2709 2748 2749
8582 6 2 7 1 1228 1189 1188 2749 2710 2709
8583 6 2 7 1 1189 1228 1190 2710 2749 2711
8584 6 2 7 1 1190 1228 1229 2711 2749 2750
8585 6 2 7 1 1190 1229 1230 2711 2750 2751
8586 6 2 7 1 1230 1191 1190 2751 2712 2711
8587 6 2 7 1 1191 1230 1192 2712 2751 2713
8588 6 2 7 1 1192 1230 1231 2713 2751 2752
8589 6 2 7 1 1192 1231 1232 2713 2752 2753
8590 6 2 7 1 1232 1193 1192 2753 2714 2713
8591 6 2 7 1 1193 1232 1194 2714 2753 2715
8592 6 2 7 1 1194 1232 1233 2715 2753 2754
8593 6 2 7 1 1194 1233 1234 2715 2754 2755
8594 6 2 7 1 1234 1195 1194 2755 2716 2715
8595 6 2 7 1 1195 1234 1196 2716 2755 2717
8596 6 2 7 1 1196 1234 1235 2717 2755 2756
8597 6 2 7 1 1196 1235 1236 2717 2756 2757
8598 6 2 7 1 1236 1197 1196 2757 2718 2717
8599 6 2 7 1 1197 1236 1198 2718 2757 2719
8600 6 2 7 1 1198 1236 1237 2719 2757 2758
8601 6 2 7 1 1198 1237 1238 2719 2758 2759
8602 6 2 7 1 1238 1199 1198 2759 2720 2719
8603 6 2 7 1 1199 1238 1200 2720 2759 2721
8604 6 2 7 1 1200 1238 1239 2721 2759 2760
8605 6 2 7 1 1200 1239 1240 2721 2760 2761
8606 6 2 7 1 1240 1201 1200 2761 2722 2721
8607 6 2 7 1 1201 1240 1202 2722 2761 2723
8608 6 2 7 1 1202 1240 1241 2723 2761 2762
8609 6 2 7 1 1202 1241 1242 2723 2762 2763
8610 6 2 7 1 1242 1203 1202 2763 2724 2723
8611 6 2 7 1 1203 1242 1204 2724 2763 2725
8612 6 2 7 1 1204 1242 1243 2725 2763 2764
8613 6 2 7 1 1204 1243 1244 2725 2764 2765
8614 6 2 7 1 1244 1205 1204 2765 2726 2725
8615 6 2 7 1 1205 1244 1206 2726 2765 2727
8616 6 2 7 1 1206 1244 1245 2727 2765 2766
8617 6 2 7 1 1206 1245 1246 2727 2766 2767
8618 6 2 7 1 1246 1207 1206 2767 2728 2727
8619 6 2 7 1 1207 1246 1208 2728 2767 2729
8620 6 2 7 1 1208 1246 1247 2729 2767 2768
8621 6 2 7 1 1208 1247 1248 2729 2768 2769
8622 6 2 7 1 1248 1209 1208 2769 2730 2729
8623 6 2 7 1 1209 1248 1210 2730 2769 2731
8624 6 2 7 1 1210 1248 1249 2731 2769 2770
8625 6 2 7 1 1210 1249 1250 2731 2770 2771
8626 6 2 7 1 1250 1211 1210 2771 2732 2731
8627 6 2 7 1 1211 1250 1212 2732 2771 2733
8628 6 2 7 1 1212 1250 1251 2733 2771 2772
8629 6 2 7 1 1212 1251 1252 2733 2772 2773
8630 6 2 7 1 1252 1213 1212 2773 2734 2733
8631 6 2 7 1 1213 1252 1214 2734 2773 2735
8632 6 2 7 1 1214 1252 1253 2735 2773 2774
8633 6 2 7 1 1214 1253 1254 2735 2774 2775
8634 6 2 7 1 1254 1215 1214 2775 2736 2735
8635 6 2 7 1 1215 1254 1216 2736 2775 2737
8636 6 2 7 1 1216 1254 1255 2737 2775 2776
8637 6 2 7 1 1216 1255 1256 2737 2776 2777
8638 6 2 7 1 1256 1217 1216 2777 2738 2737
8639 6 2 7 1 1217 1256 103 2738 2777 259
8640 6 2 7 1 103 1256 102 259 2777 258
8641 6 2 7 1 32 33 1218 188 189 2739
8642 6 2 7 1 1218 33 1257 2739 189 2778
8643 6 2 7 1 1218 1257 1258 2739 2778 2779
8644 6 2 7 1 1258 1219 1218 2779 2740 2739
8645 6 2 7 1 1219 1258 1220 2740 2779 2741
8646 6 2 7 1 1220 1258 1259 2741 2779 2780
8647 6 2 7 1 1220 1259 1260 2741 2780 2781
8648 6 2 7 1 1260 1221 1220 2781 2742 2741
8649 6 2 7 1 1221 1260 1222 2742 2781 2743
8650 6 2 7 1 1222 1260 1261 2743 2781 2782
8651 6 2 7 1 1222 1261 1262 2743 2782 2783
8652 6 2 7 1 1262 1223 1222 2783 2744 2743
8653 6 2 7 1 1223 1262 1224 2744 2783 2745
8654 6 2 7 1 1224 1262 1263 2745 2783 2784
8655 6 2 7 1 1224 1263 1264 2745 2784 2785
8656 6 2 7 1 1264 1225 1224 2785 2746 2745
8657 6 2 7 1 1225 1264 1226 2746 2785 2747
8658 6 2 7 1 1226 1264 1265 2747 2785 2786
8659 6 2 7 1 1226 1265 1266 2747 2786 2787
8660 6 2 7 1 1266 1227 1226 2787 2748 2747
8661 6 2 7 1 1227 1266 1228 2748 2787 2749
8662 6 2 7 1 1228 1266 1267 2749 2787 2788
8663 6 2 7 1 1228 1267 1268 2749 2788 2789
8664 6 2 7 1 1268 1229 1228 2789 2750 2749
8665 6 2 7 1 1229 1268 1230 2750 2789 2751
8666 6 2 7 1 1230 1268 1269 2751 2789 2790
8667 6 2 7 1 1230 1269 1270 2751 2790 2791
8668 6 2 7 1 1270 1231 1230 2791 2752 2751
8669 6 2 7 1 1231 1270 1232 2752 2791 2753
8670 6 2 7 1 1232 1270 1271 2753 2791 2792
8671 6 2 7 1 1232 1271 1272 2753 2792 2793
8672 6 2 7 1 1272 1233 1232 2793 2754 2753
8673 6 2 7 1 1233 1272 1234 2754 2793 2755
8674 6 2 7 1 1234 1272 1273 2755 2793 2794
8675 6 2 7 1 1234 1273 1274 2755 2794 2795
8676 6 2 7 1 1274 1235 1234 2795 2756 2755
8677 6 2 7 1 1235 1274 1236 2756 2795 2757
8678 6 2 7 1 1236 1274 1275 2757 2795 2796
8679 6 2 7 1 1236 1275 1276 2757 2796 2797
8680 6 2 7 1 1276 1237 1236 2797 2758 2757
8681 6 2 7 1 1237 1276 1238 2758 2797 2759
8682 6 2 7 1 1238 1276 1277 2759 2797 2798
8683 6 2 7 1 1238 1277 1278 2759 2798 2799
8684 6 2 7 1 1278 1239 1238 2799 2760 2759
8685 6 2 7 1 1239 1278 1240 2760 2799 2761
8686 6 2 7 1 1240 1278 1279 2761 2799 2800
8687 6 2 7 1 1240 1279 1280 2761 2800 2801
8688 6 2 7 1 1280 1241 1240 2801 2762 2761
8689 6 2 7 1 1241 1280 1242 2762 2801 2763
8690 6 2 7 1 1242 1280 1281 2763 2801 2802
8691 6 2 7 1 1242 1281 1282 2763 2802 2803
8692 6 2 7 1 1282 1243 1242 2803 2764 2763
8693 6 2 7 1 1243 1282 1244 2764 2803 2765
8694 6 2 7 1 1244 1282 1283 2765 2803 2804
8695 6 2 7 1 1244 1283 1284 2765 2804 2805
8696 6 2 7 1 1284 1245 1244 2805 2766 2765
8697 6 2 7 1 1245 1284 1246 2766 2805 2767
8698 6 2 7 1 1246 1284 1285 2767 2805 2806
8699 6 2 7 1 1246 1285 1286 2767 2806 2807
8700 6 2 7 1 1286 1247 1246 2807 2768 2767
8701 6 2 7 1 1247 1286 1248 2768 2807 2769
8702 6 2 7 1 1248 1286 1287 2769 2807 2808
8703 6 2 7 1 1248 1287 1288 2769 2808 2809
8704 6 2 7 1 1288 1249 1248 2809 2770 2769
8705 6 2 7 1 1249 1288 1250 2770 2809 2771
8706 6 2 7 1 1250 1288 1289 2771 2809 2810
8707 6 2 7 1 1250 1289 1290 2771 2810 2811
8708 6 2 7 1 1290 1251 1250 2811 2772 2771
8709 6 2 7 1 1251 1290 1252 2772 2811 2773
8710 6 2 7 1 1252 1290 1291 2773 2811 2812
8711 6 2 7 1 1252 1291 1292 2773 2812 2813
8712 6 2 7 1 1292 1253 1252 2813 2774 2773
8713 6 2 7 1 1253 1292 1254 2774 2813 2775
8714 6 2 7 1 1254 1292 1293 2775 2813 2814
8715 6 2 7 1 1254 1293 1294 2775 2814 2815
8716 6 2 7 1 1294 1255 1254 2815 2776 2775
8717 6 2 7 1 1255 1294 1256 2776 2815 2777
8718 6 2 7 1 1256 1294 1295 2777 2815 2816
8719 6 2 7 1 1256 1295 101 2777 2816 257
8720 6 2 7 1 101 102 1256 257 258 2777
8721 6 2 7 1 33 34 1296 189 190 2817
8722 6 2 7 1 1296 1257 33 2817 2778 189
8723 6 2 7 1 1257 1296 1258 2778 2817 2779
8724 6 2 7 1 1258 1296 1297 2779 2817 2818
8725 6 2 7 1 1258 1297 1298 2779 2818 2819
8726 6 2 7 1 1298 1259 1258 2819 2780 2779
8727 6 2 7 1 1259 1298 1260 2780 2819 2781
8728 6 2 7 1 1260 1298 1299 2781 2819 2820
8729 6 2 7 1 1260 1299 1300 2781 2820 2821
8730 6 2 7 1 1300 1261 1260 2821 2782 2781
8731 6 2 7 1 1261 1300 1262 2782 2821 2783
8732 6 2 7 1 1262 1300 1301 2783 2821 2822
8733 6 2 7 1 1262 1301 1302 2783 2822 2823
8734 6 2 7 1 1302 1263 1262 2823 2784 2783
8735 6 2 7 1 1263 1302 1264 2784 2823 2785
8736 6 2 7 1 1264 1302 1303 2785 2823 2824
8737 6 2 7 1 1264 1303 1304 2785 2824 2825
8738 6 2 7 1 1304 1265 1264 2825 2786 2785
8739 6 2 7 1 1265 1304 1266 2786 2825 2787
8740 6 2 7 1 1266 1304 1305 2787 2825 2826
8741 6 2 7 1 1266 1305 1306 2787 2826 2827
8742 6 2 7 1 1306 1267 1266 2827 2788 2787
8743 6 2 7 1 1267 1306 1268 2788 2827 2789
8744 6 2 7 1 1268 1306 1307 2789 2827 2828
8745 6 2 7 1 1268 1307 1308 2789 2828 2829
8746 6 2 7 1 1308 1269 1268 2829 2790 2789
8747 6 2 7 1 1269 1308 1270 2790 2829 2791
8748 6 2 7 1 1270 1308 1309 2791 2829 2830
8749 6 2 7 1 1270 1309 1310 2791 2830 2831
8750 6 2 7 1 1310 1271 1270 2831 2792 2791
8751 6 2 7 1 1271 1310 1272 2792 2831 2793
8752 6 2 7 1 1272 1310 1311 2793 2831 2832
8753 6 2 7 1 1272 1311 1312 2793 2832 2833
8754 6 2 7 1 1312 1273 1272 2833 2794 2793
8755 6 2 7 1 1273 1312 1274 2794 2833 2795
8756 6 2 7 1 1274 1312 1313 2795 2833 2834
8757 6 2 7 1 1274 1313 1314 2795 2834 2835
8758 6 2 7 1 1314 1275 1274 2835 2796 2795
8759 6 2 7 1 1275 1314 1276 2796 2835 2797
8760 6 2 7 1 1276 1314 1315 2797 2835 2836
8761 6 2 7 1 1276 1315 1316 2797 2836 2837
8762 6 2 7 1 1316 1277 1276 2837 2798 2797
8763 6 2 7 1 1277 1316 1278 2798 2837 2799
8764 6 2 7 1 1278 1316 1317 2799 2837 2838
8765 6 2 7 1 1278 1317 1318 2799 2838 2839
8766 6 2 7 1 1318 1279 1278 2839 2800 2799
8767 6 2 7 1 1279 1318 1280 2800 2839 2801
8768 6 2 7 1 1280 1318 1319 2801 2839 2840
8769 6 2 7 1 1280 1319 1320 2801 2840 2841
8770 6 2 7 1 1320 1281 1280 2841 2802 2801
8771 6 2 7 1 1281 1320 1282 2802 2841 2803
8772 6 2 7 1 1282 1320 1321 2803 2841 2842
8773 6 2 7 1 1282 1321 1322 2803 2842 2843
8774 6 2 7 1 1322 1283 1282 2843 2804 2803
8775 6 2 7 1 1283 1322 1284 2804 2843 2805
8776 6 2 7 1 1284 1322 1323 2805 2843 2844
8777 6 2 7 1 1284 1323 1324 2805 2844 2845
8778 6 2 7 1 1324 1285 1284 2845 2806 2805
8779 6 2 7 1 1285 1324 1286 2806 2845 2807
8780 6 2 7 1 1286 1324 1325 2807 2845 2846
8781 6 2 7 1 1286 1325 1326 2807 2846 2847
8782 6 2 7 1 1326 1287 1286 2847 2808 2807
8783 6 2 7 1 1287 1326 1288 2808 2847 2809
8784 6 2 7 1 1288 1326 1327 2809 2847 2848
8785 6 2 7 1 1288 1327 1328 2809 2848 2849
8786 6 2 7 1 1328 1289 1288 2849 2810 2809
8787 6 2 7 1 1289 1328 1290 2810 2849 2811
8788 6 2 7 1 1290 1328 1329 2811 2849 2850
8789 6 2 7 1 1290 1329 1330 2811 2850 2851
8790 6 2 7 1 1330 1291 1290 2851 2812 2811
8791 6 2 7 1 1291 1330 1292 2812 2851 2813
8792 6 2 7 1 1292 1330 1331 2813 2851 2852
8793 6 2 7 1 1292 1331 1332 2813 2852 2853
8794 6 2 7 1 1332 1293 1292 2853 2814 2813
8795 6 2 7 1 1293 1332 1294 2814 2853 2815
8796 6 2 7 1 1294 1332 1333 2815 2853 2854
8797 6 2 7 1 1294 1333 1334 2815 2854 2855
8798 6 2 7 1 1334 1295 1294 2855 2816 2815
8799 6 2 7 1 1295 1334 101 2816 2855 257
8800 6 2 7 1 101 1334 100 257 2855 256
8801 6 2 7 1 34 35 1296 190 191 2817
8802 6 2 7 1 1296 35 1335 2817 191 2856
8803 6 2 7 1 1296 1335 1336 2817 2856 2857
8804 6 2 7 1 1336 1297 1296 2857 2818 2817
8805 6 2 7 1 1297 1336 1298 2818 2857 2819
8806 6 2 7 1 1298 1336 1337 2819 2857 2858
8807 6 2 7 1 1298 1337 1338 2819 2858 2859
8808 6 2 7 1 1338 1299 1298 2859 2820 2819
8809 6 2 7 1 1299 1338 1300 2820 2859 2821
8810 6 2 7 1 1300 1338 1339 2821 2859 2860
8811 6 2 7 1 1300 1339 1340 2821 2860 2861
8812 6 2 7 1 1340 1301 1300 2861 2822 2821
8813 6 2 7 1 1301 1340 1302 2822 2861 2823
8814 6 2 7 1 1302 1340 1341 2823 2861 2862
8815 6 2 7 1 1302 1341 1342 2823 2862 2863
8816 6 2 7 1 1342 1303 1302 2863 2824 2823
8817 6 2 7 1 1303 1342 1304 2824 2863 2825
8818 6 2 7 1 1304 1342 1343 2825 2863 2864
8819 6 2 7 1 1304 1343 1344 2825 2864 2865
8820 6 2 7 1 1344 1305 1304 2865 2826 2825
8821 6 2 7 1 1305 1344 1306 2826 2865 2827
8822 6 2 7 1 1306 1344 1345 2827 2865 2866
8823 6 2 7 1 1306 1345 1346 2827 2866 2867
8824 6 2 7 1 1346 1307 1306 2867 2828 2827
8825 6 2 7 1 1307 1346 1308 2828 2867 2829
8826 6 2 7 1 1308 1346 1347 2829 2867 2868
8827 6 2 7 1 1308 1347 1348 2829 2868 2869
8828 6 2 7 1 1348 1309 1308 2869 2830 2829
8829 6 2 7 1 1309 1348 1310 2830 2869 2831
8830 6 2 7 1 1310 1348 1349 2831 2869 2870
8831 6 2 7 1 1310 1349 1350 2831 2870 2871
8832 6 2 7 1 1350 1311 1310 2871 2832 2831
8833 6 2 7 1 1311 1350 1312 2832 2871 2833
8834 6 2 7 1 1312 1350 1351 2833 2871 2872
8835 6 2 7 1 1312 1351 1352 2833 2872 2873
8836 6 2 7 1 1352 1313 1312 2873 2834 2833
8837 6 2 7 1 1313 1352 1314 2834 2873 2835
8838 6 2 7 1 1314 1352 1353 2835 2873 2874
8839 6 2 7 1 1314 1353 1354 2835 2874 2875
8840 6 2 7 1 1354 1315 1314 2875 2836 2835
8841 6 2 7 1 1315 1354 1316 2836 2875 2837
8842 6 2 7 1 1316 1354 1355 2837 2875 2876
8843 6 2 7 1 1316 1355 1356 2837 2876 2877
8844 6 2 7 1 1356 1317 1316 2877 2838 2837
8845 6 2 7 1 1317 1356 1318 2838 2877 2839
8846 6 2 7 1 1318 1356 1357 2839 2877 2878
8847 6 2 7 1 1318 1357 1358 2839 2878 2879
8848 6 2 7 1 1358 1319 1318 2879 2840 2839
8849 6 2 7 1 1319 1358 1320 2840 2879 2841
8850 6 2 7 1 1320 1358 1359 2841 2879 2880
8851 6 2 7 1 1320 1359 1360 2841 2880 2881
8852 6 2 7 1 1360 1321 1320 2881 2842 2841
8853 6 2 7 1 1321 1360 1322 2842 2881 2843
8854 6 2 7 1 1322 1360 1361 2843 2881 2882
8855 6 2 7 1 1322 1361 1362 2843 2882 2883
8856 6 2 7 1 1362 1323 1322 2883 2844 2843
8857 6 2 7 1 1323 1362 1324 2844 2883 2845
8858 6 2 7 1 1324 1362 1363 2845 2883 2884
8859 6 2 7 1 1324 1363 1364 2845 2884 2885
8860 6 2 7 1 1364 1325 1324 2885 2846 2845
8861 6 2 7 1 1325 1364 1326 2846 2885 2847
8862 6 2 7 1 1326 1364 1365 2847 2885 2886
8863 6 2 7 1 1326 1365 1366 2847 2886 2887
8864 6 2 7 1 1366 1327 1326 2887 2848 2847
8865 6 2 7 1 1327 1366 1328 2848 2887 2849
8866 6 2 7 1 1328 1366 1367 2849 2887 2888
8867 6 2 7 1 1328 1367 1368 2849 2888 2889
8868 6 2 7 1 1368 1329 1328 2889 2850 2849
8869 6 2 7 1 1329 1368 1330 2850 2889 2851
8870 6 2 7 1 1330 1368 1369 2851 2889 2890
8871 6 2 7 1 1330 1369 1370 2851 2890 2891
8872 6 2 7 1 1370 1331 1330 2891 2852 2851
8873 6 2 7 1 1331 1370 1332 2852 2891 2853
8874 6 2 7 1 1332 1370 1371 2853 2891 2892
8875 6 2 7 1 1332 1371 1372 2853 2892 2893
8876 6 2 7 1 1372 1333 1332 2893 2854 2853
8877 6 2 7 1 1333 1372 1334 2854 2893 2855
8878 6 2 7 1 1334 1372 1373 2855 2893 2894
8879 6 2 7 1 1334 1373 99 2855 2894 255
8880 6 2 7 1 99 100 1334 255 256 2855
8881 6 2 7 1 35 36 1374 191 192 2895
8882 6 2 7 1 1374 1335 35 2895 2856 191
8883 6 2 7 1 1335 1374 1336 2856 2895 2857
8884 6 2 7 1 1336 1374 1375 2857 2895 2896
8885 6 2 7 1 1336 1375 1376 2857 2896 2897
8886 6 2 7 1 1376 1337 1336 2897 2858 2857
8887 6 2 7 1 1337 1376 1338 2858 2897 2859
8888 6 2 7 1 1338 1376 1377 2859 2897 2898
8889 6 2 7 1 1338 1377 1378 2859 2898 2899
8890 6 2 7 1 1378 1339 1338 2899 2860 2859
8891 6 2 7 1 1339 1378 1340 2860 2899 2861
8892 6 2 7 1 1340 1378 1379 2861 2899 2900
8893 6 2 7 1 1340 1379 1380 2861 2900 2901
8894 6 2 7 1 1380 1341 1340 2901 2862 2861
8895 6 2 7 1 1341 1380 1342 2862 2901 2863
8896 6 2 7 1 1342 1380 1381 2863 2901 2902
8897 6 2 7 1 1342 1381 1382 2863 2902 2903
8898 6 2 7 1 1382 1343 1342 2903 2864 2863
8899 6 2 7 1 1343 1382 1344 2864 2903 2865
8900 6 2 7 1 1344 1382 1383 2865 2903 2904
8901 6 2 7 1 1344 1383 1384 2865 2904 2905
8902 6 2 7 1 1384 1345 1344 2905 2866 2865
8903 6 2 7 1 1345 1384 1346 2866 2905 2867
8904 6 2 7 1 1346 1384 1385 2867 2905 2906
8905 6 2 7 1 1346 1385 1386 2867 2906 2907
8906 6 2 7 1 1386 1347 1346 2907 2868 2867
8907 6 2 7 1 1347 1386 1348 2868 2907 2869
8908 6 2 7 1 1348 1386 1387 2869 2907 2908
8909 6 2 7 1 1348 1387 1388 2869 2908 2909
8910 6 2 7 1 1388 1349 1348 2909 2870 2869
8911 6 2 7 1 1349 1388 1350 2870 2909 2871
8912 6 2 7 1 1350 1388 1389 2871 2909 2910
8913 6 2 7 1 1350 1389 1390 2871 2910 2911
8914 6 2 7 1 1390 1351 1350 2911 2872 2871
8915 6 2 7 1 1351 1390 1352 2872 2911 2873
8916 6 2 7 1 1352 1390 1391 2873 2911 2912
8917 6 2 7 1 1352 1391 1392 2873 2912 2913
8918 6 2 7 1 1392 1353 1352 2913 2874 2873
8919 6 2 7 1 1353 1392 1354 2874 2913 2875
8920 6 2 7 1 1354 1392 1393 2875 2913 2914
8921 6 2 7 1 1354 1393 1394 2875 2914 2915
8922 6 2 7 1 1394 1355 1354 2915 2876 2875
8923 6 2 7 1 1355 1394 1356 2876 2915 2877
8924 6 2 7 1 1356 1394 1395 2877 2915 2916
8925 6 2 7 1 1356 1395 1396 2877 2916 2917
8926 6 2 7 1 1396 1357 1356 2917 2878 2877
8927 6 2 7 1 1357 1396 1358 2878 2917 2879
8928 6 2 7 1 1358 1396 1397 2879 2917 2918
8929 6 2 7 1 1358 1397 1398 2879 2918 2919
8930 6 2 7 1 1398 1359 1358 2919 2880 2879
8931 6 2 7 1 1359 1398 1360 2880 2919 2881
8932 6 2 7 1 1360 1398 1399 2881 2919 2920
8933 6 2 7 1 1360 1399 1400 2881 2920 2921
8934 6 2 7 1 1400 1361 1360 2921 2882 2881
8935 6 2 7 1 1361 1400 1362 2882 2921 2883
8936 6 2 7 1 1362 1400 1401 2883 2921 2922
8937 6 2 7 1 1362 1401 1402 2883 2922 2923
8938 6 2 7 1 1402 1363 1362 2923 2884 2883
8939 6 2 7 1 1363 1402 1364 2884 2923 2885
8940 6 2 7 1 1364 1402 1403 2885 2923 2924
8941 6 2 7 1 1364 1403 1404 2885 2924 2925
8942 6 2 7 1 1404 1365 1364 2925 2886 2885
8943 6 2 7 1 1365 1404 1366 2886 2925 2887
8944 6 2 7 1 1366 1404 1405 2887 2925 2926
8945 6 2 7 1 1366 1405 1406 2887 2926 2927
8946 6 2 7 1 1406 1367 1366 2927 2888 2887
8947 6 2 7 1 1367 1406 1368 2888 2927 2889
8948 6 2 7 1 1368 1406 1407 2889 2927 2928
8949 6 2 7 1 1368 1407 1408 2889 2928 2929
8950 6 2 7 1 1408 1369 1368 2929 2890 2889
8951 6 2 7 1 1369 1408 1370 2890 2929 2891
8952 6 2 7 1 1370 1408 1409 2891 2929 2930
8953 6 2 7 1 1370 1409 1410 2891 2930 2931
8954 6 2 7 1 1410 1371 1370 2931 2892 2891
8955 6 2 7 1 1371 1410 1372 2892 2931 2893
8956 6 2 7 1 1372 1410 1411 2893 2931 2932
8957 6 2 7 1 1372 1411 1412 2893 2932 2933
8958 6 2 7 1 1412 1373 1372 2933 2894 2893
8959 6 2 7 1 1373 1412 99 2894 2933 255
8960 6 2 7 1 99 1412 98 255 2933 254
8961 6 2 7 1 36 37 1374 192 193 2895
8962 6 2 7 1 1374 37 1413 2895 193 2934
8963 6 2 7 1 1374 1413 1414 2895 2934 2935
8964 6 2 7 1 1414 1375 1374 2935 2896 2895
8965 6 2 7 1 1375 1414 1376 2896 2935 2897
8966 6 2 7 1 1376 1414 1415 2897 2935 2936
8967 6 2 7 1 1376 1415 1416 2897 2936 2937
8968 6 2 7 1 1416 1377 1376 2937 2898 2897
8969 6 2 7 1 1377 1416 1378 2898 2937 2899
8970 6 2 7 1 1378 1416 1417 2899 2937 2938
8971 6 2 7 1 1378 1417 1418 2899 2938 2939
8972 6 2 7 1 1418 1379 1378 2939 2900 2899
8973 6 2 7 1 1379 1418 1380 2900 2939 2901
8974 6 2 7 1 1380 1418 1419 2901 2939 2940
8975 6 2 7 1 1380 1419 1420 2901 2940 2941
8976 6 2 7 1 1420 1381 1380 2941 2902 2901
8977 6 2 7 1 1381 1420 1382 2902 2941 2903
8978 6 2 7 1 1382 1420 1421 2903 2941 2942
8979 6 2 7 1 1382 1421 1422 2903 2942 2943
8980 6 2 7 1 1422 1383 1382 2943 2904 2903
8981 6 2 7 1 1383 1422 1384 2904 2943 2905
8982 6 2 7 1 1384 1422 1423 2905 2943 2944
8983 6 2 7 1 1384 1423 1424 2905 2944 2945
8984 6 2 7 1 1424 1385 1384 2945 2906 2905
8985 6 2 7 1 1385 1424 1386 2906 2945 2907
8986 6 2 7 1 1386 1424 1425 2907 2945 2946
8987 6 2 7 1 1386 1425 1426 2907 2946 2947
8988 6 2 7 1 1426 1387 1386 2947 2908 2907
8989 6 2 7 1 1387 1426 1388 2908 2947 2909
8990 6 2 7 1 1388 1426 1427 2909 2947 2948
8991 6 2 7 1 1388 1427 1428 2909 2948 2949
8992 6 2 7 1 1428 1389 1388 2949 2910 2909
8993 6 2 7 1 1389 1428 1390 2910 2949 2911
8994 6 2 7 1 1390 1428 1429 2911 2949 2950
8995 6 2 7 1 1390 1429 1430 2911 2950 2951
8996 6 2 7 1 1430 1391 1390 2951 2912 2911
8997 6 2 7 1 1391 1430 1392 2912 2951 2913
8998 6 2 7 1 1392 1430 1431 2913 2951 2952
8999 6 2 7 1 1392 1431 1432 2913 2952 2953
9000 6 2 7 1 1432 1393 1392 2953 2914 2913
9001 6 2 7 1 1393 1432 1394 2914 2953 2915
9002 6 2 7 1 1394 1432 1433 2915 2953 2954
9003 6 2 7 1 1394 1433 1434 2915 2954 2955
9004 6 2 7 1 1434 1395 1394 2955 2916 2915
9005 6 2 7 1 1395 1434 1396 2916 2955 2917
9006 6 2 7 1 1396 1434 1435 2917 2955 2956
9007 6 2 7 1 1396 1435 1436 2917 2956 2957
9008 6 2 7 1 1436 1397 1396 2957 2918 2917
9009 6 2 7 1 1397 1436 1398 2918 2957 2919
9010 6 2 7 1 1398 1436 1437 2919 2957 2958
9011 6 2 7 1 1398 1437 1438 2919 2958 2959
9012 6 2 7 1 1438 1399 1398 2959 2920 2919
9013 6 2 7 1 1399 1438 1400 2920 2959 2921
9014 6 2 7 1 1400 1438 1439 2921 2959 2960
9015 6 2 7 1 1400 1439 1440 2921 2960 2961
9016 6 2 7 1 1440 1401 1400 2961 2922 2921
9017 6 2 7 1 1401 1440 1402 2922 2961 2923
9018 6 2 7 1 1402 1440 1441 2923 2961 2962
9019 6 2 7 1 1402 1441 1442 2923 2962 2963
9020 6 2 7 1 1442 1403 1402 2963 2924 2923
9021 6 2 7 1 1403 1442 1404 2924 2963 2925
9022 6 2 7 1 1404 1442 1443 2925 2963 2964
9023 6 2 7 1 1404 1443 1444 2925 2964 2965
9024 6 2 7 1 1444 1405 1404 2965 2926 2925
9025 6 2 7 1 1405 1444 1406 2926 2965 2927
9026 6 2 7 1 1406 1444 1445 2927 2965 2966
9027 6 2 7 1 1406 1445 1446 2927 2966 2967
9028 6 2 7 1 1446 1407 1406 2967 2928 2927
9029 6 2 7 1 1407 1446 1408 2928 2967 2929
9030 6 2 7 1 1408 1446 1447 2929 2967 2968
9031 6 2 7 1 1408 1447 1448 2929 2968 2969
9032 6 2 7 1 1448 1409 1408 2969 2930 2929
9033 6 2 7 1 1409 1448 1410 2930 2969 2931
9034 6 2 7 1 1410 1448 1449 2931 2969 2970
9035 6 2 7 1 1410 1449 1450 2931 2970 2971
9036 6 2 7 1 1450 1411 1410 2971 2932 2931
9037 6 2 7 1 1411 1450 1412 2932 2971 2933
9038 6 2 7 1 1412 1450 1451 2933 2971 2972
9039 6 2 7 1 1412 1451 97 2933 2972 253
9040 6 2 7 1 97 98 1412 253 254 2933
9041 6 2 7 1 37 38 1452 193 194 2973
9042 6 2 7 1 1452 1413 37 2973 2934 193
9043 6 2 7 1 1413 1452 1414 2934 2973 2935
9044 6 2 7 1 1414 1452 1453 2935 2973 2974
9045 6 2 7 1 1414 1453 1454 2935 2974 2975
9046 6 2 7 1 1454 1415 1414 2975 2936 2935
9047 6 2 7 1 1415 1454 1416 2936 2975 2937
9048 6 2 7 1 1416 1454 1455 2937 2975 2976
9049 6 2 7 1 1416 1455 1456 2937 2976 2977
9050 6 2 7 1 1456 1417 1416 2977 2938 2937
9051 6 2 7 1 1417 1456 1418 2938 2977 2939
9052 6 2 7 1 1418 1456 1457 2939 2977 2978
9053 6 2 7 1 1418 1457 1458 2939 2978 2979
9054 6 2 7 1 1458 1419 1418 2979 2940 2939
9055 6 2 7 1 1419 1458 1420 2940 2979 2941
9056 6 2 7 1 1420 1458 1459 2941 2979 2980
9057 6 2 7 1 1420 1459 1460 2941 2980 2981
9058 6 2 7 1 1460 1421 1420 2981 2942 2941
9059 6 2 7 1 1421 1460 1422 2942 2981 2943
9060 6 2 7 1 1422 1460 1461 2943 2981 2982
9061 6 2 7 1 1422 1461 1462 2943 2982 2983
9062 6 2 7 1 1462 1423 1422 2983 2944 2943
9063 6 2 7 1 1423 1462 1424 2944 2983 2945
9064 6 2 7 1 1424 1462 1463 2945 2983 2984
9065 6 2 7 1 1424 1463 1464 2945 2984 2985
9066 6 2 7 1 1464 1425 1424 2985 2946 2945
9067 6 2 7 1 1425 1464 1426 2946 2985 2947
9068 6 2 7 1 1426 1464 1465 2947 2985 2986
9069 6 2 7 1 1426 1465 1466 2947 2986 2987
9070 6 2 7 1 1466 1427 1426 2987 2948 2947
9071 6 2 7 1 1427 1466 1428 2948 2987 2949
9072 6 2 7 1 1428 1466 1467 2949 2987 2988
9073 6 2 7 1 1428 1467 1468 2949 2988 2989
9074 6 2 7 1 1468 1429 1428 2989 2950 2949
9075 6 2 7 1 1429 1468 1430 2950 2989 2951
9076 6 2 7 1 1430 1468 1469 2951 2989 2990
9077 6 2 7 1 1430 1469 1470 2951 2990 2991
9078 6 2 7 1 1470 1431 1430 2991 2952 2951
9079 6 2 7 1 1431 1470 1432 2952 2991 2953
9080 6 2 7 1 1432 1470 1471 2953 2991 2992
9081 6 2 7 1 1432 1471 1472 2953 2992 2993
9082 6 2 7 1 1472 1433 1432 2993 2954 2953
9083 6 2 7 1 1433 1472 1434 2954 2993 2955
9084 6 2 7 1 1434 1472 1473 2955 2993 2994
9085 6 2 7 1 1434 1473 1474 2955 2994 2995
9086 6 2 7 1 1474 1435 1434 2995 2956 2955
9087 6 2 7 1 1435 1474 1436 2956 2995 2957
9088 6 2 7 1 1436 1474 1475 2957 2995 2996
9089 6 2 7 1 1436 1475 1476 2957 2996 2997
9090 6 2 7 1 1476 1437 1436 2997 2958 2957
9091 6 2 7 1 1437 1476 1438 2958 2997 2959
9092 6 2 7 1 1438 1476 1477 2959 2997 2998
9093 6 2 7 1 1438 1477 1478 2959 2998 2999
9094 6 2 7 1 1478 1439 1438 2999 2960 2959
9095 6 2 7 1 1439 1478 1440 2960 2999 2961
9096 6 2 7 1 1440 1478 1479 2961 2999 3000
9097 6 2 7 1 1440 1479 1480 2961 3000 3001
9098 6 2 7 1 1480 1441 1440 3001 2962 2961
9099 6 2 7 1 1441 1480 1442 2962 3001 2963
9100 6 2 7 1 1442 1480 1481 2963 3001 3002
9101 6 2 7 1 1442 1481 1482 2963 3002 3003
9102 6 2 7 1 1482 1443 1442 3003 2964 2963
9103 6 2 7 1 1443 1482 1444 2964 3003 2965
9104 6 2 7 1 1444 1482 1483 2965 3003 3004
9105 6 2 7 1 1444 1483 1484 2965 3004 3005
9106 6 2 7 1 1484 1445 1444 3005 2966 2965
9107 6 2 7 1 1445 1484 1446 2966 3005 2967
9108 6 2 7 1 1446 1484 1485 2967 3005 3006
9109 6 2 7 1 1446 1485 1486 2967 3006 3007
9110 6 2 7 1 1486 1447 1446 3007 2968 2967
9111 6 2 7 1 1447 1486 1448 2968 3007 2969
9112 6 2 7 1 1448 1486 1487 2969 3007 3008
9113 6 2 7 1 1448 1487 1488 2969 3008 3009
9114 6 2 7 1 1488 1449 1448 3009 2970 2969
9115 6 2 7 1 1449 1488 1450 2970 3009 2971
9116 6 2 7 1 1450 1488 1489 2971 3009 3010
9117 6 2 7 1 1450 1489 1490 2971 3010 3011
9118 6 2 7 1 1490 1451 1450 3011 2972 2971
9119 6 2 7 1 1451 1490 97 2972 3011 253
9120 6 2 7 1 97 1490 96 253 3011 252
9121 6 2 7 1 38 39 1452 194 195 2973
9122 6 2 7 1 1452 39 1491 2973 195 3012
9123 6 2 7 1 1452 1491 1492 2973 3012 3013
9124 6 2 7 1 1492 1453 1452 3013 2974 2973
9125 6 2 7 1 1453 1492 1454 2974 3013 2975
9126 6 2 7 1 1454 1492 1493 2975 3013 3014
9127 6 2 7 1 1454 1493 1494 2975 3014 3015
9128 6 2 7 1 1494 1455 1454 3015 2976 2975
9129 6 2 7 1 1455 1494 1456 2976 3015 2977
9130 6 2 7 1 1456 1494 1495 2977 3015 3016
9131 6 2 7 1 1456 1495 1496 2977 3016 3017
9132 6 2 7 1 1496 1457 1456 3017 2978 2977
9133 6 2 7 1 1457 1496 1458 2978 3017 2979
9134 6 2 7 1 1458 1496 1497 2979 3017 3018
9135 6 2 7 1 1458 1497 1498 2979 3018 3019
9136 6 2 7 1 1498 1459 1458 3019 2980 2979
9137 6 2 7 1 1459 1498 1460 2980 3019 2981
9138 6 2 7 1 1460 1498 1499 2981 3019 3020
9139 6 2 7 1 1460 1499 1500 2981 3020 3021
9140 6 2 7 1 1500 1461 1460 3021 2982 2981
9141 6 2 7 1 1461 1500 1462 2982 3021 2983
9142 6 2 7 1 1462 1500 1501 2983 3021 3022
9143 6 2 7 1 1462 1501 1502 2983 3022 3023
9144 6 2 7 1 1502 1463 1462 3023 2984 2983
9145 6 2 7 1 1463 1502 1464 2984 3023 2985
9146 6 2 7 1 1464 1502 1503 2985 3023 3024
9147 6 2 7 1 1464 1503 1504 2985 3024 3025
9148 6 2 7 1 1504 1465 1464 3025 2986 2985
9149 6 2 7 1 1465 1504 1466 2986 3025 2987
9150 6 2 7 1 1466 1504 1505 2987 3025 3026
9151 6 2 7 1 1466 1505 1506 2987 3026 3027
9152 6 2 7 1 1506 1467 1466 3027 2988 2987
9153 6 2 7 1 1467 1506 1468 2988 3027 2989
9154 6 2 7 1 1468 1506 1507 2989 3027 3028
9155 6 2 7 1 1468 1507 1508 2989 3028 3029
9156 6 2 7 1 1508 1469 1468 3029 2990 2989
9157 6 2 7 1 1469 1508 1470 2990 3029 2991
9158 6 2 7 1 1470 1508 1509 2991 3029 3030
9159 6 2 7 1 1470 1509 1510 2991 3030 3031
9160 6 2 7 1 1510 1471 1470 3031 2992 2991
9161 6 2 7 1 1471 1510 1472 2992 3031 2993
9162 6 2 7 1 1472 1510 1511 2993 3031 3032
9163 6 2 7 1 1472 1511 1512 2993 3032 3033
9164 6 2 7 1 1512 1473 1472 3033 2994 2993
9165 6 2 7 1 1473 1512 1474 2994 3033 2995
9166 6 2 7 1 1474 1512 1513 2995 3033 3034
9167 6 2 7 1 1474 1513 1514 2995 3034 3035
9168 6 2 7 1 1514 1475 1474 3035 2996 2995
9169 6 2 7 1 1475 1514 1476 2996 3035 2997
9170 6 2 7 1 1476 1514 1515 2997 3035 3036
9171 6 2 7 1 1476 1515 1516 2997 3036 3037
9172 6 2 7 1 1516 1477 1476 3037 2998 2997
9173 6 2 7 1 1477 1516 1478 2998 3037 2999
9174 6 2 7 1 1478 1516 1517 2999 3037 3038
9175 6 2 7 1 1478 1517 1518 2999 3038 3039
9176 6 2 7 1 1518 1479 1478 3039 3000 2999
9177 6 2 7 1 1479 1518 1480 3000 3039 3001
9178 6 2 7 1 1480 1518 1519 3001 3039 3040
9179 6 2 7 1 1480 1519 1520 3001 3040 3041
9180 6 2 7 1 1520 1481 1480 3041 3002 3001
9181 6 2 7 1 1481 1520 1482 3002 3041 3003
9182 6 2 7 1 1482 1520 1521 3003 3041 3042
9183 6 2 7 1 1482 1521 1522 3003 3042 3043
9184 6 2 7 1 1522 1483 1482 3043 3004 3003
9185 6 2 7 1 1483 1522 1484 3004 3043 3005
9186 6 2 7 1 1484 1522 1523 3005 3043 3044
9187 6 2 7 1 1484 1523 1524 3005 3044 3045
9188 6 2 7 1 1524 1485 1484 3045 3006 3005
9189 6 2 7 1 1485 1524 1486 3006 3045 3007
9190 6 2 7 1 1486 1524 1525 3007 3045 3046
9191 6 2 7 1 1486 1525 1526 3007 3046 3047
9192 6 2 7 1 1526 1487 1486 3047 3008 3007
9193 6 2 7 1 1487 1526 1488 3008 3047 3009
9194 6 2 7 1 1488 1526 1527 3009 3047 3048
9195 6 2 7 1 1488 1527 1528 3009 3048 3049
9196 6 2 7 1 1528 1489 1488 3049 3010 3009
9197 6 2 7 1 1489 1528 1490 3010 3049 3011
9198 6 2 7 1 1490 1528 1529 3011 3049 3050
9199 6 2 7 1 1490 1529 95 3011 3050 251
9200 6 2 7 1 95 96 1490 251 252 3011
9201 6 2 7 1 39 40 1530 195 196 3051
9202 6 2 7 1 1530 1491 39 3051 3012 195
9203 6 2 7 1 1491 1530 1492 3012 3051 3013
9204 6 2 7 1 1492 1530 1531 3013 3051 3052
9205 6 2 7 1 1492 1531 1532 3013 3052 3053
9206 6 2 7 1 1532 1493 1492 3053 3014 3013
9207 6 2 7 1 1493 1532 1494 3014 3053 3015
9208 6 2 7 1 1494 1532 1533 3015 3053 3054
9209 6 2 7 1 1494 1533 1534 3015 3054 3055
9210 6 2 7 1 1534 1495 1494 3055 3016 3015
9211 6 2 7 1 1495 1534 1496 3016 3055 3017
9212 6 2 7 1 1496 1534 1535 3017 3055 3056
9213 6 2 7 1 1496 1535 1536 3017 3056 3057
9214 6 2 7 1 1536 1497 1496 3057 3018 3017
9215 6 2 7 1 1497 1536 1498 3018 3057 3019
9216 6 2 7 1 1498 1536 1537 3019 3057 3058
9217 6 2 7 1 1498 1537 1538 3019 3058 3059
9218 6 2 7 1 1538 1499 1498 3059 3020 3019
9219 6 2 7 1 1499 1538 1500 3020 3059 3021
9220 6 2 7 1 1500 1538 1539 3021 3059 3060
9221 6 2 7 1 1500 1539 1540 3021 3060 3061
9222 6 2 7 1 1540 1501 1500 3061 3022 3021
9223 6 2 7 1 1501 1540 1502 3022 3061 3023
9224 6 2 7 1 1502 1540 1541 3023 3061 3062
9225 6 2 7 1 1502 1541 1542 3023 3062 3063
9226 6 2 7 1 1542 1503 1502 3063 3024 3023
9227 6 2 7 1 1503 1542 1504 3024 3063 3025
9228 6 2 7 1 1504 1542 1543 3025 3063 3064
9229 6 2 7 1 1504 1543 1544 3025 3064 3065
9230 6 2 7 1 1544 1505 1504 3065 3026 3025
9231 6 2 7 1 1505 1544 1506 3026 3065 3027
9232 6 2 7 1 1506 1544 1545 3027 3065 3066
9233 6 2 7 1 1506 1545 1546 3027 3066 3067
9234 6 2 7 1 1546 1507 1506 3067 3028 3027
9235 6 2 7 1 1507 1546 1508 3028 3067 3029
9236 6 2 7 1 1508 1546 1547 3029 3067 3068
9237 6 2 7 1 1508 1547 1548 3029 3068 3069
9238 6 2 7 1 1548 1509 1508 3069 3030 3029
9239 6 2 7 1 1509 1548 1510 3030 3069 3031
9240 6 2 7 1 1510 1548 1549 3031 3069 3070
9241 6 2 7 1 1510 1549 1550 3031 3070 3071
9242 6 2 7 1 1550 1511 1510 3071 3032 3031
9243 6 2 7 1 1511 1550 1512 3032 3071 3033
9244 6 2 7 1 1512 1550 1551 3033 3071 3072
9245 6 2 7 1 1512 1551 1552 3033 3072 3073
9246 6 2 7 1 1552 1513 1512 3073 3034 3033
9247 6 2 7 1 1513 1552 1514 3034 3073 3035
9248 6 2 7 1 1514 1552 1553 3035 3073 3074
9249 6 2 7 1 1514 1553 1554 3035 3074 3075
9250 6 2 7 1 1554 1515 1514 3075 3036 3035
9251 6 2 7 1 1515 1554 1516 3036 3075 3037
9252 6 2 7 1 1516 1554 1555 3037 3075 3076
9253 6 2 7 1 1516 1555 1556 3037 3076 3077
9254 6 2 7 1 1556 1517 1516 3077 3038 3037
9255 6 2 7 1 1517 1556 1518 3038 3077 3039
9256 6 2 7 1 1518 1556 1557 3039 3077 3078
9257 6 2 7 1 1518 1557 1558 3039 3078 3079
9258 6 2 7 1 1558 1519 1518 3079 3040 3039
9259 6 2 7 1 1519 1558 1520 3040 3079 3041
9260 6 2 7 1 1520 1558 1559 3041 3079 3080
9261 6 2 7 1 1520 1559 1560 3041 3080 3081
9262 6 2 7 1 1560 1521 1520 3081 3042 3041
9263 6 2 7 1 1521 1560 1522 3042 3081 3043
9264 6 2 7 1 1522 1560 1561 3043 3081 3082
9265 6 2 7 1 1522 1561 1562 3043 3082 3083
9266 6 2 7 1 1562 1523 1522 3083 3044 3043
9267 6 2 7 1 1523 1562 1524 3044 3083 3045
9268 6 2 7 1 1524 1562 1563 3045 3083 3084
9269 6 2 7 1 1524 1563 1564 3045 3084 3085
9270 6 2 7 1 1564 1525 1524 3085 3046 3045
9271 6 2 7 1 1525 1564 1526 3046 3085 3047
9272 6 2 7 1 1526 1564 1565 3047 3085 3086
9273 6 2 7 1 1526 1565 1566 3047 3086 3087
9274 6 2 7 1 1566 1527 1526 3087 3048 3047
9275 6 2 7 1 1527 1566 1528 3048 3087 3049
9276 6 2 7 1 1528 1566 1567 3049 3087 3088
9277 6 2 7 1 1528 1567 1568 3049 3088 3089
9278 6 2 7 1 1568 1529 1528 3089 3050 3049
9279 6 2 7 1 1529 1568 95 3050 3089 251
9280 6 2 7 1 95 1568 94 251 3089 250
9281 6 2 7 1 40 41 1530 196 197 3051
9282 6 2 7 1 1530 41 1569 3051 197 3090
9283 6 2 7 1 1530 1569 1570 3051 3090 3091
9284 6 2 7 1 1570 1531 1530 3091 3052 3051
9285 6 2 7 1 1531 1570 1532 3052 3091 3053
9286 6 2 7 1 1532 1570 1571 3053 3091 3092
9287 6 2 7 1 1532 1571 1572 3053 3092 3093
9288 6 2 7 1 1572 1533 1532 3093 3054 3053
9289 6 2 7 1 1533 1572 1534 3054 3093 3055
9290 6 2 7 1 1534 1572 1573 3055 3093 3094
9291 6 2 7 1 1534 1573 1574 3055 3094 3095
9292 6 2 7 1 1574 1535 1534 3095 3056 3055
9293 6 2 7 1 1535 1574 1536 3056 3095 3057
9294 6 2 7 1 1536 1574 1575 3057 3095 3096
9295 6 2 7 1 1536 1575 1576 3057 3096 3097
9296 6 2 7 1 1576 1537 1536 3097 3058 3057
9297 6 2 7 1 1537 1576 1538 3058 3097 3059
9298 6 2 7 1 1538 1576 1577 3059 3097 3098
9299 6 2 7 1 1538 1577 1578 3059 3098 3099
9300 6 2 7 1 1578 1539 1538 3099 3060 3059
9301 6 2 7 1 1539 1578 1540 3060 3099 3061
9302 6 2 7 1 1540 1578 1579 3061 3099 3100
9303 6 2 7 1 1540 1579 1580 3061 3100 3101
9304 6 2 7 1 1580 1541 1540 3101 3062 3061
9305 6 2 7 1 1541 1580 1542 3062 3101 3063
9306 6 2 7 1 1542 1580 1581 3063 3101 3102
9307 6 2 7 1 1542 1581 1582 3063 3102 3103
9308 6 2 7 1 1582 1543 1542 3103 3064 3063
9309 6 2 7 1 1543 1582 1544 3064 3103 3065
9310 6 2 7 1 1544 1582 1583 3065 3103 3104
9311 6 2 7 1 1544 1583 1584 3065 3104 3105
9312 6 2 7 1 1584 1545 1544 3105 3066 3065
9313 6 2 7 1 1545 1584 1546 3066 3105 3067
9314 6 2 7 1 1546 1584 1585 3067 3105 3106
9315 6 2 7 1 1546 1585 1586 3067 3106 3107
9316 6 2 7 1 1586 1547 1546 3107 3068 3067
9317 6 2 7 1 1547 1586 1548 3068 3107 3069
9318 6 2 7 1 1548 1586 1587 3069 3107 3108
9319 6 2 7 1 1548 1587 1588 3069 3108 3109
9320 6 2 7 1 1588 1549 1548 3109 3070 3069
9321 6 2 7 1 1549 1588 1550 3070 3109 3071
9322 6 2 7 1 1550 1588 1589 3071 3109 3110
9323 6 2 7 1 1550 1589 1590 3071 3110 3111
9324 6 2 7 1 1590 1551 1550 3111 3072 3071
9325 6 2 7 1 1551 1590 1552 3072 3111 3073
9326 6 2 7 1 1552 1590 1591 3073 3111 3112
9327 6 2 7 1 1552 1591 1592 3073 3112 3113
9328 6 2 7 1 1592 1553 1552 3113 3074 3073
9329 6 2 7 1 1553 1592 1554 3074 3113 3075
9330 6 2 7 1 1554 1592 1593 3075 3113 3114
9331 6 2 7 1 1554 1593 1594 3075 3114 3115
9332 6 2 7 1 1594 1555 1554 3115 3076 3075
9333 6 2 7 1 1555 1594 1556 3076 3115 3077
9334 6 2 7 1 1556 1594 1595 3077 3115 3116
9335 6 2 7 1 1556 1595 1596 3077 3116 3117
9336 6 2 7 1 1596 1557 1556 3117 3078 3077
9337 6 2 7 1 1557 1596 1558 3078 3117 3079
9338 6 2 7 1 1558 1596 1597 3079 3117 3118
9339 6 2 7 1 1558 1597 1598 3079 3118 3119
9340 6 2 7 1 1598 1559 1558 3119 3080 3079
9341 6 2 7 1 1559 1598 1560 3080 3119 3081
9342 6 2 7 1 1560 1598 1599 3081 3119 3120
9343 6 2 7 1 1560 1599 1600 3081 3120 3121
9344 6 2 7 1 1600 1561 1560 3121 3082 3081
9345 6 2 7 1 1561 1600 1562 3082 3121 3083
9346 6 2 7 1 1562 1600 1601 3083 3121 3122
9347 6 2 7 1 1562 1601 1602 3083 3122 3123
9348 6 2 7 1 1602 1563 1562 3123 3084 3083
9349 6 2 7 1 1563 1602 1564 3084 3123 3085
9350 6 2 7 1 1564 1602 1603 3085 3123 3124
9351 6 2 7 1 1564 1603 1604 3085 3124 3125
9352 6 2 7 1 1604 1565 1564 3125 3086 3085
9353 6 2 7 1 1565 1604 1566 3086 3125 3087
9354 6 2 7 1 1566 1604 1605 3087 3125 3126
9355 6 2 7 1 1566 1605 1606 3087 3126 3127
9356 6 2 7 1 1606 1567 1566 3127 3088 3087
9357 6 2 7 1 1567 1606 1568 3088 3127 3089
9358 6 2 7 1 1568 1606 1607 3089 3127 3128
9359 6 2 7 1 1568 1607 93 3089 3128 249
9360 6 2 7 1 93 94 1568 249 250 3089
9361 6 2 7 1 41 42 1608 197 198 3129
9362 6 2 7 1 1608 1569 41 3129 3090 197
9363 6 2 7 1 1569 1608 1570 3090 3129 3091
9364 6 2 7 1 1570 1608 1609 3091 3129 3130
9365 6 2 7 1 1570 1609 1610 3091 3130 3131
9366 6 2 7 1 1610 1571 1570 3131 3092 3091
9367 6 2 7 1 1571 1610 1572 3092 3131 3093
9368 6 2 7 1 1572 1610 1611 3093 3131 3132
9369 6 2 7 1 1572 1611 1612 3093 3132 3133
9370 6 2 7 1 1612 1573 1572 3133 3094 3093
9371 6 2 7 1 1573 1612 1574 3094 3133 3095
9372 6 2 7 1 1574 1612 1613 3095 3133 3134
9373 6 2 7 1 1574 1613 1614 3095 3134 3135
9374 6 2 7 1 1614 1575 1574 3135 3096 3095
9375 6 2 7 1 1575 1614 1576 3096 3135 3097
9376 6 2 7 1 1576 1614 1615 3097 3135 3136
9377 6 2 7 1 1576 1615 1616 3097 3136 3137
9378 6 2 7 1 1616 1577 1576 3137 3098 3097
9379 6 2 7 1 1577 1616 1578 3098 3137 3099
9380 6 2 7 1 1578 1616 1617 3099 3137 3138
9381 6 2 7 1 1578 1617 1618 3099 3138 3139
9382 6 2 7 1 1618 1579 1578 3139 3100 3099
9383 6 2 7 1 1579 1618 1580 3100 3139 3101
9384 6 2 7 1 1580 1618 1619 3101 3139 3140
9385 6 2 7 1 1580 1619 1620 3101 3140 3141
9386 6 2 7 1 1620 1581 1580 3141 3102 3101
9387 6 2 7 1 1581 1620 1582 3102 3141 3103
9388 6 2 7 1 1582 1620 1621 3103 3141 3142
9389 6 2 7 1 1582 1621 1622 3103 3142 3143
9390 6 2 7 1 1622 1583 1582 3143 3104 3103
9391 6 2 7 1 1583 1622 1584 3104 3143 3105
9392 6 2 7 1 1584 1622 1623 3105 3143 3144
9393 6 2 7 1 1584 1623 1624 3105 3144 3145
9394 6 2 7 1 1624 1585 1584 3145 3106 3105
9395 6 2 7 1 1585 1624 1586 3106 3145 3107
9396 6 2 7 1 1586 1624 1625 3107 3145 3146
9397 6 2 7 1 1586 1625 1626 3107 3146 3147
9398 6 2 7 1 1626 1587 1586 3147 3108 3107
9399 6 2 7 1 1587 1626 1588 3108 3147 3109
9400 6 2 7 1 1588 1626 1627 3109 3147 3148
9401 6 2 7 1 1588 1627 1628 3109 3148 3149
9402 6 2 7 1 1628 1589 1588 3149 3110 3109
9403 6 2 7 1 1589 1628 1590 3110 3149 3111
9404 6 2 7 1 1590 1628 1629 3111 3149 3150
9405 6 2 7 1 1590 1629 1630 3111 3150 3151
9406 6 2 7 1 1630 1591 1590 3151 3112 3111
9407 6 2 7 1 1591 1630 1592 3112 3151 3113
9408 6 2 7 1 1592 1630 1631 3113 3151 3152
9409 6 2 7 1 1592 1631 1632 3113 3152 3153
9410 6 2 7 1 1632 1593 1592 3153 3114 3113
9411 6 2 7 1 1593 1632 1594 3114 3153 3115
9412 6 2 7 1 1594 1632 1633 3115 3153 3154
9413 6 2 7 1 1594 1633 1634 3115 3154 3155
9414 6 2 7 1 1634 1595 1594 3155 3116 3115
9415 6 2 7 1 1595 1634 1596 3116 3155 3117
9416 6 2 7 1 1596 1634 1635 3117 3155 3156
9417 6 2 7 1 1596 1635 1636 3117 3156 3157
9418 6 2 7 1 1636 1597 1596 3157 3118 3117
9419 6 2 7 1 1597 1636 1598 3118 3157 3119
9420 6 2 7 1 1598 1636 1637 3119 3157 3158
9421 6 2 7 1 1598 1637 1638 3119 3158 3159
9422 6 2 7 1 1638 1599 1598 3159 3120 3119
9423 6 2 7 1 1599 1638 1600 3120 3159 3121
9424 6 2 7 1 1600 1638 1639 3121 3159 3160
9425 6 2 7 1 1600 1639 1640 3121 3160 3161
9426 6 2 7 1 1640 1601 1600 3161 3122 3121
9427 6 2 7 1 1601 1640 1602 3122 3161 3123
9428 6 2 7 1 1602 1640 1641 3123 3161 3162
9429 6 2 7 1 1602 1641 1642 3123 3162 3163
9430 6 2 7 1 1642 1603 1602 3163 3124 3123
9431 6 2 7 1 1603 1642 1604 3124 3163 3125
9432 6 2 7 1 1604 1642 1643 3125 3163 3164
9433 6 2 7 1 1604 1643 1644 3125 3164 3165
9434 6 2 7 1 1644 1605 1604 3165 3126 3125
9435 6 2 7 1 1605 1644 1606 3126 3165 3127
9436 6 2 7 1 1606 1644 1645 3127 3165 3166
9437 6 2 7 1 1606 1645 1646 3127 3166 3167
9438 6 2 7 1 1646 1607 1606 3167 3128 3127
9439 6 2 7 1 1607 1646 93 3128 3167 249
9440 6 2 7 1 93 1646 92 249 3167 248
9441 6 2 7 1 42 43 1608 198 199 3129
9442 6 2 7 1 1608 43 1647 3129 199 3168
9443 6 2 7 1 1608 1647 1648 3129 3168 3169
9444 6 2 7 1 1648 1609 1608 3169 3130 3129
9445 6 2 7 1 1609 1648 1610 3130 3169 3131
9446 6 2 7 1 1610 1648 1649 3131 3169 3170
9447 6 2 7 1 1610 1649 1650 3131 3170 3171
9448 6 2 7 1 1650 1611 1610 3171 3132 3131
9449 6 2 7 1 1611 1650 1612 3132 3171 3133
9450 6 2 7 1 1612 1650 1651 3133 3171 3172
9451 6 2 7 1 1612 1651 1652 3133 3172 3173
9452 6 2 7 1 1652 1613 1612 3173 3134 3133
9453 6 2 7 1 1613 1652 1614 3134 3173 3135
9454 6 2 7 1 1614 1652 1653 3135 3173 3174
9455 6 2 7 1 1614 1653 1654 3135 3174 3175
9456 6 2 7 1 1654 1615 1614 3175 3136 3135
9457 6 2 7 1 1615 1654 1616 3136 3175 3137
9458 6 2 7 1 1616 1654 1655 3137 3175 3176
9459 6 2 7 1 1616 1655 1656 3137 3176 3177
9460 6 2 7 1 1656 1617 1616 3177 3138 3137
9461 6 2 7 1 1617 1656 1618 3138 3177 3139
9462 6 2 7 1 1618 1656 1657 3139 3177 3178
9463 6 2 7 1 1618 1657 1658 3139 3178 3179
9464 6 2 7 1 1658 1619 1618 3179 3140 3139
9465 6 2 7 1 1619 1658 1620 3140 3179 3141
9466 6 2 7 1 1620 1658 1659 3141 3179 3180
9467 6 2 7 1 1620 1659 1660 3141 3180 3181
9468 6 2 7 1 1660 1621 1620 3181 3142 3141
9469 6 2 7 1 1621 1660 1622 3142 3181 3143
9470 6 2 7 1 1622 1660 1661 3143 3181 3182
9471 6 2 7 1 1622 1661 1662 3143 3182 3183
9472 6 2 7 1 1662 1623 1622 3183 3144 3143
9473 6 2 7 1 1623 1662 1624 3144 3183 3145
9474 6 2 7 1 1624 1662 1663 3145 3183 3184
9475 6 2 7 1 1624 1663 1664 3145 3184 3185
9476 6 2 7 1 1664 1625 1624 3185 3146 3145
9477 6 2 7 1 1625 1664 1626 3146 3185 3147
9478 6 2 7 1 1626 1664 1665 3147 3185 3186
9479 6 2 7 1 1626 1665 1666 3147 3186 3187
9480 6 2 7 1 1666 1627 1626 3187 3148 3147
9481 6 2 7 1 1627 1666 1628 3148 3187 3149
9482 6 2 7 1 1628 1666 1667 3149 3187 3188
9483 6 2 7 1 1628 1667 1668 3149 3188 3189
9484 6 2 7 1 1668 1629 1628 3189 3150 3149
9485 6 2 7 1 1629 1668 1630 3150 3189 3151
9486 6 2 7 1 1630 1668 1669 3151 3189 3190
9487 6 2 7 1 1630 1669 1670 3151 3190 3191
9488 6 2 7 1 1670 1631 1630 3191 3152 3151
9489 6 2 7 1 1631 1670 1632 3152 3191 3153
9490 6 2 7 1 1632 1670 1671 3153 3191 3192
9491 6 2 7 1 1632 1671 1672 3153 3192 3193
9492 6 2 7 1 1672 1633 1632 3193 3154 3153
9493 6 2 7 1 1633 1672 1634 3154 3193 3155
9494 6 2 7 1 1634 1672 1673 3155 3193 3194
9495 6 2 7 1 1634 1673 1674 3155 3194 3195
9496 6 2 7 1 1674 1635 1634 3195 3156 3155
9497 6 2 7 1 1635 1674 1636 3156 3195 3157
9498 6 2 7 1 1636 1674 1675 3157 3195 3196
9499 6 2 7 1 1636 1675 1676 3157 3196 3197
9500 6 2 7 1 1676 1637 1636 3197 3158 3157
9501 6 2 7 1 1637 1676 1638 3158 3197 3159
9502 6 2 7 1 1638 1676 1677 3159 3197 3198
9503 6 2 7 1 1638 1677 1678 3159 3198 3199
9504 6 2 7 1 1678 1639 1638 3199 3160 3159
9505 6 2 7 1 1639 1678 1640 3160 3199 3161
9506 6 2 7 1 1640 1678 1679 3161 3199 3200
9507 6 2 7 1 1640 1679 1680 3161 3200 3201
9508 6 2 7 1 1680 1641 1640 3201 3162 3161
9509 6 2 7 1 1641 1680 1642 3162 3201 3163
9510 6 2 7 1 1642 1680 1681 3163 3201 3202
9511 6 2 7 1 1642 1681 1682 3163 3202 3203
9512 6 2 7 1 1682 1643 1642 3203 3164 3163
9513 6 2 7 1 1643 1682 1644 3164 3203 3165
9514 6 2 7 1 1644 1682 1683 3165 3203 3204
9515 6 2 7 1 1644 1683 1684 3165 3204 3205
9516 6 2 7 1 1684 1645 1644 3205 3166 3165
9517 6 2 7 1 1645 1684 1646 3166 3205 3167
9518 6 2 7 1 1646 1684 1685 3167 3205 3206
9519 6 2 7 1 1646 1685 91 3167 3206 247
9520 6 2 7 1 91 92 1646 247 248 3167
9521 6 2 7 1 43 44 1686 199 200 3207
9522 6 2 7 1 1686 1647 43 3207 3168 199
9523 6 2 7 1 1647 1686 1648 3168 3207 3169
9524 6 2 7 1 1648 1686 1687 3169 3207 3208
9525 6 2 7 1 1648 1687 1688 3169 3208 3209
9526 6 2 7 1 1688 1649 1648 3209 3170 3169
9527 6 2 7 1 1649 1688 1650 3170 3209 3171
9528 6 2 7 1 1650 1688 1689 3171 3209 3210
9529 6 2 7 1 1650 1689 1690 3171 3210 3211
9530 6 2 7 1 1690 1651 1650 3211 3172 3171
9531 6 2 7 1 1651 1690 1652 3172 3211 3173
9532 6 2 7 1 1652 1690 1691 3173 3211 3212
9533 6 2 7 1 1652 1691 1692 3173 3212 3213
9534 6 2 7 1 1692 1653 1652 3213 3174 3173
9535 6 2 7 1 1653 1692 1654 3174 3213 3175
9536 6 2 7 1 1654 1692 1693 3175 3213 3214
9537 6 2 7 1 1654 1693 1694 3175 3214 3215
9538 6 2 7 1 1694 1655 1654 3215 3176 3175
9539 6 2 7 1 1655 1694 1656 3176 3215 3177
9540 6 2 7 1 1656 1694 1695 3177 3215 3216
9541 6 2 7 1 1656 1695 1696 3177 3216 3217
9542 6 2 7 1 1696 1657 1656 3217 3178 3177
9543 6 2 7 1 1657 1696 1658 3178 3217 3179
9544 6 2 7 1 1658 1696 1697 3179 3217 3218
9545 6 2 7 1 1658 1697 1698 3179 3218 3219
9546 6 2 7 1 1698 1659 1658 3219 3180 3179
9547 6 2 7 1 1659 1698 1660 3180 3219 3181
9548 6 2 7 1 1660 1698 1699 3181 3219 3220
9549 6 2 7 1 1660 1699 1700 3181 3220 3221
9550 6 2 7 1 1700 1661 1660 3221 3182 3181
9551 6 2 7 1 1661 1700 1662 3182 3221 3183
9552 6 2 7 1 1662 1700 1701 3183 3221 3222
9553 6 2 7 1 1662 1701 1702 3183 3222 3223
9554 6 2 7 1 1702 1663 1662 3223 3184 3183
9555 6 2 7 1 1663 1702 1664 3184 3223 3185
9556 6 2 7 1 1664 1702 1703 3185 3223 3224
9557 6 2 7 1 1664 1703 1704 3185 3224 3225
9558 6 2 7 1 1704 1665 1664 3225 3186 3185
9559 6 2 7 1 1665 1704 1666 3186 3225 3187
9560 6 2 7 1 1666 1704 1705 3187 3225 3226
9561 6 2 7 1 1666 1705 1706 3187 3226 3227
9562 6 2 7 1 1706 1667 1666 3227 3188 3187
9563 6 2 7 1 1667 1706 1668 3188 3227 3189
9564 6 2 7 1 1668 1706 1707 3189 3227 3228
9565 6 2 7 1 1668 1707 1708 3189 3228 3229
9566 6 2 7 1 1708 1669 1668 3229 3190 3189
9567 6 2 7 1 1669 1708 1670 3190 3229 3191
9568 6 2 7 1 1670 1708 1709 3191 3229 3230
9569 6 2 7 1 1670 1709 1710 3191 3230 3231
9570 6 2 7 1 1710 1671 1670 3231 3192 3191
9571 6 2 7 1 1671 1710 1672 3192 3231 3193
9572 6 2 7 1 1672 1710 1711 3193 3231 3232
9573 6 2 7 1 1672 1711 1712 3193 3232 3233
9574 6 2 7 1 1712 1673 1672 3233 3194 3193
9575 6 2 7 1 1673 1712 1674 3194 3233 3195
9576 6 2 7 1 1674 1712 1713 3195 3233 3234
9577 6 2 7 1 1674 1713 1714 3195 3234 3235
9578 6 2 7 1 1714 1675 1674 3235 3196 3195
9579 6 2 7 1 1675 1714 1676 3196 3235 3197
9580 6 2 7 1 1676 1714 1715 3197 3235 3236
9581 6 2 7 1 1676 1715 1716 3197 3236 3237
9582 6 2 7 1 1716 1677 1676 3237 3198 3197
9583 6 2 7 1 1677 1716 1678 3198 3237 3199
9584 6 2 7 1 1678 1716 1717 3199 3237 3238
9585 6 2 7 1 1678 1717 1718 3199 3238 3239
9586 6 2 7 1 1718 1679 1678 3239 3200 3199
9587 6 2 7 1 1679 1718 1680 3200 3239 3201
9588 6 2 7 1 1680 1718 1719 3201 3239 3240
9589 6 2 7 1 1680 1719 1720 3201 3240 3241
9590 6 2 7 1 1720 1681 1680 3241 3202 3201
9591 6 2 7 1 1681 1720 1682 3202 3241 3203
9592 6 2 7 1 1682 1720 1721 3203 3241 3242
9593 6 2 7 1 1682 1721 1722 3203 3242 3243
9594 6 2 7 1 1722 1683 1682 3243 3204 3203
9595 6 2 7 1 1683 1722 1684 3204 3243 3205
9596 6 2 7 1 1684 1722 1723 3205 3243 3244
9597 6 2 7 1 1684 1723 1724 3205 3244 3245
9598 6 2 7 1 1724 1685 1684 3245 3206 3205
9599 6 2 7 1 1685 1724 91 3206 3245 247
9600 6 2 7 1 91 1724 90 247 3245 246
9601 6 2 7 1 44 45 1686 200 201 3207
9602 6 2 7 1 1686 45 1725 3207 201 3246
9603 6 2 7 1 1686 1725 1726 3207 3246 3247
9604 6 2 7 1 1726 1687 1686 3247 3208 3207
9605 6 2 7 1 1687 1726 1688 3208 3247 3209
9606 6 2 7 1 1688 1726 1727 3209 3247 3248
9607 6 2 7 1 1688 1727 1728 3209 3248 3249
9608 6 2 7 1 1728 1689 1688 3249 3210 3209
9609 6 2 7 1 1689 1728 1690 3210 3249 3211
9610 6 2 7 1 1690 1728 1729 3211 3249 3250
9611 6 2 7 1 1690 1729 1730 3211 3250 3251
9612 6 2 7 1 1730 1691 1690 3251 3212 3211
9613 6 2 7 1 1691 1730 1692 3212 3251 3213
9614 6 2 7 1 1692 1730 1731 3213 3251 3252
9615 6 2 7 1 1692 1731 1732 3213 3252 3253
9616 6 2 7 1 1732 1693 1692 3253 3214 3213
9617 6 2 7 1 1693 1732 1694 3214 3253 3215
9618 6 2 7 1 1694 1732 1733 3215 3253 3254
9619 6 2 7 1 1694 1733 1734 3215 3254 3255
9620 6 2 7 1 1734 1695 1694 3255 3216 3215
9621 6 2 7 1 1695 1734 1696 3216 3255 3217
9622 6 2 7 1 1696 1734 1735 3217 3255 3256
9623 6 2 7 1 1696 1735 1736 3217 3256 3257
9624 6 2 7 1 1736 1697 1696 3257 3218 3217
9625 6 2 7 1 1697 1736 1698 3218 3257 3219
9626 6 2 7 1 1698 1736 1737 3219 3257 3258
9627 6 2 7 1 1698 1737 1738 3219 3258 3259
9628 6 2 7 1 1738 1699 1698 3259 3220 3219
9629 6 2 7 1 1699 1738 1700 3220 3259 3221
9630 6 2 7 1 1700 1738 1739 3221 3259 3260
9631 6 2 7 1 1700 1739 1740 3221 3260 3261
9632 6 2 7 1 1740 1701 1700 3261 3222 3221
9633 6 2 7 1 1701 1740 1702 3222 3261 3223
9634 6 2 7 1 1702 1740 1741 3223 3261 3262
9635 6 2 7 1 1702 1741 1742 3223 3262 3263
9636 6 2 7 1 1742 1703 1702 3263 3224 3223
9637 6 2 7 1 1703 1742 1704 3224 3263 3225
9638 6 2 7 1 1704 1742 1743 3225 3263 3264
9639 6 2 7 1 1704 1743 1744 3225 3264 3265
9640 6 2 7 1 1744 1705 1704 3265 3226 3225
9641 6 2 7 1 1705 1744 1706 3226 3265 3227
9642 6 2 7 1 1706 1744 1745 3227 3265 3266
9643 6 2 7 1 1706 1745 1746 3227 3266 3267
9644 6 2 7 1 1746 1707 1706 3267 3228 3227
9645 6 2 7 1 1707 1746 1708 3228 3267 3229
9646 6 2 7 1 1708 1746 1747 3229 3267 3268
9647 6 2 7 1 1708 1747 1748 3229 3268 3269
9648 6 2 7 1 1748 1709 1708 3269 3230 3229
9649 6 2 7 1 1709 1748 1710 3230 3269 3231
9650 6 2 7 1 1710 1748 1749 3231 3269 3270
9651 6 2 7 1 1710 1749 1750 3231 3270 3271
9652 6 2 7 1 1750 1711 1710 3271 3232 3231
9653 6 2 7 1 1711 1750 1712 3232 3271 3233
9654 6 2 7 1 1712 1750 1751 3233 3271 3272
9655 6 2 7 1 1712 1751 1752 3233 3272 3273
9656 6 2 7 1 1752 1713 1712 3273 3234 3233
9657 6 2 7 1 1713 1752 1714 3234 3273 3235
9658 6 2 7 1 1714 1752 1753 3235 3273 3274
9659 6 2 7 1 1714 1753 1754 3235 3274 3275
9660 6 2 7 1 1754 1715 1714 3275 3236 3235
9661 6 2 7 1 1715 1754 1716 3236 3275 3237
9662 6 2 7 1 1716 1754 1755 3237 3275 3276
9663 6 2 7 1 1716 1755 1756 3237 3276 3277
9664 6 2 7 1 1756 1717 1716 3277 3238 3237
9665 6 2 7 1 1717 1756 1718 3238 3277 3239
9666 6 2 7 1 1718 1756 1757 3239 3277 3278
9667 6 2 7 1 1718 1757 1758 3239 3278 3279
9668 6 2 7 1 1758 1719 1718 3279 3240 3239
9669 6 2 7 1 1719 1758 1720 3240 3279 3241
9670 6 2 7 1 1720 1758 1759 3241 3279 3280
9671 6 2 7 1 1720 1759 1760 3241 3280 3281
9672 6 2 7 1 1760 1721 1720 3281 3242 3241
9673 6 2 7 1 1721 1760 1722 3242 3281 3243
9674 6 2 7 1 1722 1760 1761 3243 3281 3282
9675 6 2 7 1 1722 1761 1762 3243 3282 3283
9676 6 2 7 1 1762 1723 1722 3283 3244 3243
9677 6 2 7 1 1723 1762 1724 3244 3283 3245
9678 6 2 7 1 1724 1762 1763 3245 3283 3284
9679 6 2 7 1 1724 1763 89 3245 3284 245
9680 6 2 7 1 89 90 1724 245 246 3245
9681 6 2 7 1 45 46 1764 201 202 3285
9682 6 2 7 1 1764 1725 45 3285 3246 201
9683 6 2 7 1 1725 1764 1726 3246 3285 3247
9684 6 2 7 1 1726 1764 1765 3247 3285 3286
9685 6 2 7 1 1726 1765 1766 3247 3286 3287
9686 6 2 7 1 1766 1727 1726 3287 3248 3247
9687 6 2 7 1 1727 1766 1728 3248 3287 3249
9688 6 2 7 1 1728 1766 1767 3249 3287 3288
9689 6 2 7 1 1728 1767 1768 3249 3288 3289
9690 6 2 7 1 1768 1729 1728 3289 3250 3249
9691 6 2 7 1 1729 1768 1730 3250 3289 3251
9692 6 2 7 1 1730 1768 1769 3251 3289 3290
9693 6 2 7 1 1730 1769 1770 3251 3290 3291
9694 6 2 7 1 1770 1731 1730 3291 3252 3251
9695 6 2 7 1 1731 1770 1732 3252 3291 3253
9696 6 2 7 1 1732 1770 1771 3253 3291 3292
9697 6 2 7 1 1732 1771 1772 3253 3292 3293
9698 6 2 7 1 1772 1733 1732 3293 3254 3253
9699 6 2 7 1 1733 1772 1734 3254 3293 3255
9700 6 2 7 1 1734 1772 1773 3255 3293 3294
9701 6 2 7 1 1734 1773 1774 3255 3294 3295
9702 6 2 7 1 1774 1735 1734 3295 3256 3255
9703 6 2 7 1 1735 1774 1736 3256 3295 3257
9704 6 2 7 1 1736 1774 1775 3257 3295 3296
9705 6 2 7 1 1736 1775 1776 3257 3296 3297
9706 6 2 7 1 1776 1737 1736 3297 3258 3257
9707 6 2 7 1 1737 1776 1738 3258 3297 3259
9708 6 2 7 1 1738 1776 1777 3259 3297 3298
9709 6 2 7 1 1738 1777 1778 3259 3298 3299
9710 6 2 7 1 1778 1739 1738 3299 3260 3259
9711 6 2 7 1 1739 1778 1740 3260 3299 3261
9712 6 2 7 1 1740 1778 1779 3261 3299 3300
9713 6 2 7 1 1740 1779 1780 3261 3300 3301
9714 6 2 7 1 1780 1741 1740 3301 3262 3261
9715 6 2 7 1 1741 1780 1742 3262 3301 3263
9716 6 2 7 1 1742 1780 1781 3263 3301 3302
9717 6 2 7 1 1742 1781 1782 3263 3302 3303
9718 6 2 7 1 1782 1743 1742 3303 3264 3263
9719 6 2 7 1 1743 1782 1744 3264 3303 3265
9720 6 2 7 1 1744 1782 1783 3265 3303 3304
9721 6 2 7 1 1744 1783 1784 3265 3304 3305
9722 6 2 7 1 1784 1745 1744 3305 3266 3265
9723 6 2 7 1 1745 1784 1746 3266 3305 3267
9724 6 2 7 1 1746 1784 1785 3267 3305 3306
9725 6 2 7 1 1746 1785 1786 3267 3306 3307
9726 6 2 7 1 1786 1747 1746 3307 3268 3267
9727 6 2 7 1 1747 1786 1748 3268 3307 3269
9728 6 2 7 1 1748 1786 1787 3269 3307 3308
9729 6 2 7 1 1748 1787 1788 3269 3308 3309
9730 6 2 7 1 1788 1749 1748 3309 3270 3269
9731 6 2 7 1 1749 1788 1750 3270 3309 3271
9732 6 2 7 1 1750 1788 1789 3271 3309 3310
9733 6 2 7 1 1750 1789 1790 3271 3310 3311
9734 6 2 7 1 1790 1751 1750 3311 3272 3271
9735 6 2 7 1 1751 1790 1752 3272 3311 3273
9736 6 2 7 1 1752 1790 1791 3273 3311 3312
9737 6 2 7 1 1752 1791 1792 3273 3312 3313
9738 6 2 7 1 1792 1753 1752 3313 3274 3273
9739 6 2 7 1 1753 1792 1754 3274 3313 3275
9740 6 2 7 1 1754 1792 1793 3275 3313 3314
9741 6 2 7 1 1754 1793 1794 3275 3314 3315
9742 6 2 7 1 1794 1755 1754 3315 3276 3275
9743 6 2 7 1 1755 1794 1756 3276 3315 3277
9744 6 2 7 1 1756 1794 1795 3277 3315 3316
9745 6 2 7 1 1756 1795 1796 3277 3316 3317
9746 6 2 7 1 1796 1757 1756 3317 3278 3277
9747 6 2 7 1 1757 1796 1758 3278 3317 3279
9748 6 2 7 1 1758 1796 1797 3279 3317 3318
9749 6 2 7 1 1758 1797 1798 3279 3318 3319
9750 6 2 7 1 1798 1759 1758 3319 3280 3279
9751 6 2 7 1 1759 1798 1760 3280 3319 3281
9752 6 2 7 1 1760 1798 1799 3281 3319 3320
9753 6 2 7 1 1760 1799 1800 3281 3320 3321
9754 6 2 7 1 1800 1761 1760 3321 3282 3281
9755 6 2 7 1 1761 1800 1762 3282 3321 3283
9756 6 2 7 1 1762 1800 1801 3283 3321 3322
9757 6 2 7 1 1762 1801 1802 3283 3322 3323
9758 6 2 7 1 1802 1763 1762 3323 3284 3283
9759 6 2 7 1 1763 1802 89 3284 3323 245
9760 6 2 7 1 89 1802 88 245 3323 244
9761 6 2 7 1 46 47 1764 202 203 3285
9762 6 2 7 1 1764 47 1803 3285 203 3324
9763 6 2 7 1 1764 1803 1804 3285 3324 3325
9764 6 2 7 1 1804 1765 1764 3325 3286 3285
9765 6 2 7 1 1765 1804 1766 3286 3325 3287
9766 6 2 7 1 1766 1804 1805 3287 3325 3326
9767 6 2 7 1 1766 1805 1806 3287 3326 3327
9768 6 2 7 1 1806 1767 1766 3327 3288 3287
9769 6 2 7 1 1767 1806 1768 3288 3327 3289
9770 6 2 7 1 1768 1806 1807 3289 3327 3328
9771 6 2 7 1 1768 1807 1808 3289 3328 3329
9772 6 2 7 1 1808 1769 1768 3329 3290 3289
9773 6 2 7 1 1769 1808 1770 3290 3329 3291
9774 6 2 7 1 1770 1808 1809 3291 3329 3330
9775 6 2 7 1 1770 1809 1810 3291 3330 3331
9776 6 2 7 1 1810 1771 1770 3331 3292 3291
9777 6 2 7 1 1771 1810 1772 3292 3331 3293
9778 6 2 7 1 1772 1810 1811 3293 3331 3332
9779 6 2 7 1 1772 1811 1812 3293 3332 3333
9780 6 2 7 1 1812 1773 1772 3333 3294 3293
9781 6 2 7 1 1773 1812 1774 3294 3333 3295
9782 6 2 7 1 1774 1812 1813 3295 3333 3334
9783 6 2 7 1 1774 1813 1814 3295 3334 3335
9784 6 2 7 1 1814 1775 1774 3335 3296 3295
9785 6 2 7 1 1775 1814 1776 3296 3335 3297
9786 6 2 7 1 1776 1814 1815 3297 3335 3336
9787 6 2 7 1 1776 1815 1816 3297 3336 3337
9788 6 2 7 1 1816 1777 1776 3337 3298 3297
9789 6 2 7 1 1777 1816 1778 3298 3337 3299
9790 6 2 7 1 1778 1816 1817 3299 3337 3338
9791 6 2 7 1 1778 1817 1818 3299 3338 3339
9792 6 2 7 1 1818 1779 1778 3339 3300 3299
9793 6 2 7 1 1779 1818 1780 3300 3339 3301
9794 6 2 7 1 1780 1818 1819 3301 3339 3340
9795 6 2 7 1 1780 1819 1820 3301 3340 3341
9796 6 2 7 1 1820 1781 1780 3341 3302 3301
9797 6 2 7 1 1781 1820 1782 3302 3341 3303
9798 6 2 7 1 1782 1820 1821 3303 3341 3342
9799 6 2 7 1 1782 1821 1822 3303 3342 3343
9800 6 2 7 1 1822 1783 1782 3343 3304 3303
9801 6 2 7 1 1783 1822 1784 3304 3343 3305
9802 6 2 7 1 1784 1822 1823 3305 3343 3344
9803 6 2 7 1 1784 1823 1824 3305 3344 3345
9804 6 2 7 1 1824 1785 1784 3345 3306 3305
9805 6 2 7 1 1785 1824 1786 3306 3345 3307
9806 6 2 7 1 1786 1824 1825 3307 3345 3346
9807 6 2 7 1 1786 1825 1826 3307 3346 3347
9808 6 2 7 1 1826 1787 1786 3347 3308 3307
9809 6 2 7 1 1787 1826 1788 3308 3347 3309
9810 6 2 7 1 1788 1826 1827 3309 3347 3348
9811 6 2 7 1 1788 1827 1828 3309 3348 3349
9812 6 2 7 1 1828 1789 1788 3349 3310 3309
9813 6 2 7 1 1789 1828 1790 3310 3349 3311
9814 6 2 7 1 1790 1828 1829 3311 3349 3350
9815 6 2 7 1 1790 1829 1830 3311 3350 3351
9816 6 2 7 1 1830 1791 1790 3351 3312 3311
9817 6 2 7 1 1791 1830 1792 3312 3351 3313
9818 6 2 7 1 1792 1830 1831 3313 3351 3352
9819 6 2 7 1 1792 1831 1832 3313 3352 3353
9820 6 2 7 1 1832 1793 1792 3353 3314 3313
9821 6 2 7 1 1793 1832 1794 3314 3353 3315
9822 6 2 7 1 1794 1832 1833 3315 3353 3354
9823 6 2 7 1 1794 1833 1834 3315 3354 3355
9824 6 2 7 1 1834 1795 1794 3355 3316 3315
9825 6 2 7 1 1795 1834 1796 3316 3355 3317
9826 6 2 7 1 1796 1834 1835 3317 3355 3356
9827 6 2 7 1 1796 1835 1836 3317 3356 3357
9828 6 2 7 1 1836 1797 1796 3357 3318 3317
9829 6 2 7 1 1797 1836 1798 3318 3357 3319
9830 6 2 7 1 1798 1836 1837 3319 3357 3358
9831 6 2 7 1 1798 1837 1838 3319 3358 3359
9832 6 2 7 1 1838 1799 1798 3359 3320 3319
9833 6 2 7 1 1799 1838 1800 3320 3359 3321
9834 6 2 7 1 1800 1838 1839 3321 3359 3360
9835 6 2 7 1 1800 1839 1840 3321 3360 3361
9836 6 2 7 1 1840 1801 1800 3361 3322 3321
9837 6 2 7 1 1801 1840 1802 3322 3361 3323
9838 6 2 7 1 1802 1840 1841 3323 3361 3362
9839 6 2 7 1 1802 1841 87 3323 3362 243
9840 6 2 7 1 87 88 1802 243 244 3323
9841 6 2 7 1 47 2 48 203 6 204
9842 6 2 7 1 48 1803 47 204 3324 203
9843 6 2 7 1 1803 48 1804 3324 204 3325
9844 6 2 7 1 1804 48 49 3325 204 205
9845 6 2 7 1 1804 49 50 3325 205 206
9846 6 2 7 1 50 1805 1804 206 3326 3325
9847 6 2 7 1 1805 50 1806 3326 206 3327
9848 6 2 7 1 1806 50 51 3327 206 207
9849 6 2 7 1 1806 51 52 3327 207 208
9850 6 2 7 1 52 1807 1806 208 3328 3327
9851 6 2 7 1 1807 52 1808 3328 208 3329
9852 6 2 7 1 1808 52 53 3329 208 209
9853 6 2 7 1 1808 53 54 3329 209 210
9854 6 2 7 1 54 1809 1808 210 3330 3329
9855 6 2 7 1 1809 54 1810 3330 210 3331
9856 6 2 7 1 1810 54 55 3331 210 211
9857 6 2 7 1 1810 55 56 3331 211 212
9858 6 2 7 1 56 1811 1810 212 3332 3331
9859 6 2 7 1 1811 56 1812 3332 212 3333
9860 6 2 7 1 1812 56 57 3333 212 213
9861 6 2 7 1 1812 57 58 3333 213 214
9862 6 2 7 1 58 1813 1812 214 3334 3333
9863 6 2 7 1 1813 58 1814 3334 214 3335
9864 6 2 7 1 1814 58 59 3335 214 215
9865 6 2 7 1 1814 59 60 3335 215 216
9866 6 2 7 1 60 1815 1814 216 3336 3335
9867 6 2 7 1 1815 60 1816 3336 216 3337
9868 6 2 7 1 1816 60 61 3337 216 217
9869 6 2 7 1 1816 61 62 3337 217 218
9870 6 2 7 1 62 1817 1816 218 3338 3337
9871 6 2 7 1 1817 62 1818 3338 218 3339
9872 6 2 7 1 1818 62 63 3339 218 219
9873 6 2 7 1 1818 63 64 3339 219 220
9874 6 2 7 1 64 1819 1818 220 3340 3339
9875 6 2 7 1 1819 64 1820 3340 220 3341
9876 6 2 7 1 1820 64 65 3341 220 221
9877 6 2 7 1 1820 65 66 3341 221 222
9878 6 2 7 1 66 1821 1820 222 3342 3341
9879 6 2 7 1 1821 66 1822 3342 222 3343
9880 6 2 7 1 1822 66 67 3343 222 223
9881 6 2 7 1 1822 67 68 3343 223 224
9882 6 2 7 1 68 1823 1822 224 3344 3343
9883 6 2 7 1 1823 68 1824 3344 224 3345
9884 6 2 7 1 1824 68 69 3345 224 225
9885 6 2 7 1 1824 69 70 3345 225 226
9886 6 2 7 1 70 1825 1824 226 3346 3345
9887 6 2 7 1 1825 70 1826 3346 226 3347
9888 6 2 7 1 1826 70 71 3347 226 227
9889 6 2 7 1 1826 71 72 3347 227 228
9890 6 2 7 1 72 1827 1826 228 3348 3347
9891 6 2 7 1 1827 72 1828 3348 228 3349
9892 6 2 7 1 1828 72 73 3349 228 229
9893 6 2 7 1 1828 73 74 3349 229 230
9894 6 2 7 1 74 1829 1828 230 3350 3349
9895 6 2 7 1 1829 74 1830 3350 230 3351
9896 6 2 7 1 1830 74 75 3351 230 231
9897 6 2 7 1 1830 75 76 3351 231 232
9898 6 2 7 1 76 1831 1830 232 3352 3351
9899 6 2 7 1 1831 76 1832 3352 232 3353
9900 6 2 7 1 1832 76 77 3353 232 233
9901 6 2 7 1 1832 77 78 3353 233 234
9902 6 2 7 1 78 1833 1832 234 3354 3353
9903 6 2 7 1 1833 78 1834 3354 234 3355
9904 6 2 7 1 1834 78 79 3355 234 235
9905 6 2 7 1 1834 79 80 3355 235 236
9906 6 2 7 1 80 1835 1834 236 3356 3355
9907 6 2 7 1 1835 80 1836 3356 236 3357
9908 6 2 7 1 1836 80 81 3357 236 237
9909 6 2 7 1 1836 81 82 3357 237 238
9910 6 2 7 1 82 1837 1836 238 3358 3357
9911 6 2 7 1 1837 82 1838 3358 238 3359
9912 6 2 7 1 1838 82 83 3359 238 239
9913 6 2 7 1 1838 83 84 3359 239 240
9914 6 2 7 1 84 1839 1838 240 3360 3359
9915 6 2 7 1 1839 84 1840 3360 240 3361
9916 6 2 7 1 1840 84 85 3361 240 241
9917 6 2 7 1 1840 85 86 3361 241 242
9918 6 2 7 1 86 1841 1840 242 3362 3361
9919 6 2 7 1 1841 86 87 3362 242 243
9920 6 2 7 1 87 86 3 243 242 7
$EndElements
