i,j,x,y,initial,numerical,change,absChange
0,0,1.0000000000000000e-02,1.0000000000000000e-02,0.0000000000000000e+00,7.3863399832099996e-06,7.3863399832099996e-06,7.3863399832099996e-06
1,0,2.9999999999999999e-02,1.0000000000000000e-02,0.0000000000000000e+00,5.6308663891400002e-05,5.6308663891400002e-05,5.6308663891400002e-05
2,0,5.0000000000000003e-02,1.0000000000000000e-02,0.0000000000000000e+00,2.3137868695100001e-04,2.3137868695100001e-04,2.3137868695100001e-04
3,0,7.0000000000000007e-02,1.0000000000000000e-02,0.0000000000000000e+00,6.8186291446099996e-04,6.8186291446099996e-04,6.8186291446099996e-04
4,0,8.9999999999999997e-02,1.0000000000000000e-02,0.0000000000000000e+00,1.6177676529400000e-03,1.6177676529400000e-03,1.6177676529400000e-03
5,0,1.1000000000000000e-01,1.0000000000000000e-02,0.0000000000000000e+00,3.2889229214300001e-03,3.2889229214300001e-03,3.2889229214300001e-03
6,0,1.3000000000000000e-01,1.0000000000000000e-02,0.0000000000000000e+00,5.9546593285499999e-03,5.9546593285499999e-03,5.9546593285499999e-03
7,0,1.4999999999999999e-01,1.0000000000000000e-02,0.0000000000000000e+00,9.8526216199199997e-03,9.8526216199199997e-03,9.8526216199199997e-03
8,0,1.7000000000000001e-01,1.0000000000000000e-02,0.0000000000000000e+00,1.5172557742900000e-02,1.5172557742900000e-02,1.5172557742900000e-02
9,0,1.9000000000000000e-01,1.0000000000000000e-02,0.0000000000000000e+00,2.2037372885399999e-02,2.2037372885399999e-02,2.2037372885399999e-02
10,0,2.0999999999999999e-01,1.0000000000000000e-02,0.0000000000000000e+00,3.0491144504099999e-02,3.0491144504099999e-02,3.0491144504099999e-02
11,0,2.3000000000000001e-01,1.0000000000000000e-02,0.0000000000000000e+00,4.0492664078100003e-02,4.0492664078100003e-02,4.0492664078100003e-02
12,0,2.5000000000000000e-01,1.0000000000000000e-02,0.0000000000000000e+00,5.1913106524200003e-02,5.1913106524200003e-02,5.1913106524200003e-02
13,0,2.7000000000000002e-01,1.0000000000000000e-02,0.0000000000000000e+00,6.4537066772200002e-02,6.4537066772200002e-02,6.4537066772200002e-02
14,0,2.8999999999999998e-01,1.0000000000000000e-02,0.0000000000000000e+00,7.8066942185299998e-02,7.8066942185299998e-02,7.8066942185299998e-02
15,0,3.1000000000000000e-01,1.0000000000000000e-02,0.0000000000000000e+00,9.2131152827500007e-02,9.2131152827500007e-02,9.2131152827500007e-02
16,0,3.3000000000000002e-01,1.0000000000000000e-02,0.0000000000000000e+00,1.0629682970700000e-01,1.0629682970700000e-01,1.0629682970700000e-01
17,0,3.4999999999999998e-01,1.0000000000000000e-02,0.0000000000000000e+00,1.2008735182600000e-01,1.2008735182600000e-01,1.2008735182600000e-01
18,0,3.7000000000000000e-01,1.0000000000000000e-02,0.0000000000000000e+00,1.3300455749000001e-01,1.3300455749000001e-01,1.3300455749000001e-01
19,0,3.9000000000000001e-01,1.0000000000000000e-02,0.0000000000000000e+00,1.4455473194800000e-01,1.4455473194800000e-01,1.4455473194800000e-01
20,0,4.0999999999999998e-01,1.0000000000000000e-02,0.0000000000000000e+00,1.5427674520300000e-01,1.5427674520300000e-01,1.5427674520300000e-01
21,0,4.2999999999999999e-01,1.0000000000000000e-02,0.0000000000000000e+00,1.6177013914100000e-01,1.6177013914100000e-01,1.6177013914100000e-01
22,0,4.5000000000000001e-01,1.0000000000000000e-02,0.0000000000000000e+00,1.6672066775800001e-01,1.6672066775800001e-01,1.6672066775800001e-01
23,0,4.6999999999999997e-01,1.0000000000000000e-02,0.0000000000000000e+00,1.6892084923600001e-01,1.6892084923600001e-01,1.6892084923600001e-01
24,0,4.8999999999999999e-01,1.0000000000000000e-02,0.0000000000000000e+00,1.6828349763500000e-01,1.6828349763500000e-01,1.6828349763500000e-01
25,0,5.1000000000000001e-01,1.0000000000000000e-02,0.0000000000000000e+00,1.6255141280099999e-01,1.6255141280099999e-01,1.6255141280099999e-01
26,0,5.3000000000000003e-01,1.0000000000000000e-02,0.0000000000000000e+00,1.5034494930000000e-01,1.5034494930000000e-01,1.5034494930000000e-01
27,0,5.5000000000000004e-01,1.0000000000000000e-02,0.0000000000000000e+00,1.3340473813000001e-01,1.3340473813000001e-01,1.3340473813000001e-01
28,0,5.6999999999999995e-01,1.0000000000000000e-02,0.0000000000000000e+00,1.1376361652700000e-01,1.1376361652700000e-01,1.1376361652700000e-01
29,0,5.8999999999999997e-01,1.0000000000000000e-02,0.0000000000000000e+00,9.3387486716299997e-02,9.3387486716299997e-02,9.3387486716299997e-02
30,0,6.0999999999999999e-01,1.0000000000000000e-02,0.0000000000000000e+00,7.3905301864400003e-02,7.3905301864400003e-02,7.3905301864400003e-02
31,0,6.3000000000000000e-01,1.0000000000000000e-02,0.0000000000000000e+00,5.6462954387300000e-02,5.6462954387300000e-02,5.6462954387300000e-02
32,0,6.5000000000000002e-01,1.0000000000000000e-02,0.0000000000000000e+00,4.1697349432700002e-02,4.1697349432700002e-02,4.1697349432700002e-02
33,0,6.7000000000000004e-01,1.0000000000000000e-02,0.0000000000000000e+00,2.9800716246099999e-02,2.9800716246099999e-02,2.9800716246099999e-02
34,0,6.8999999999999995e-01,1.0000000000000000e-02,0.0000000000000000e+00,2.0634771824899999e-02,2.0634771824899999e-02,2.0634771824899999e-02
35,0,7.0999999999999996e-01,1.0000000000000000e-02,0.0000000000000000e+00,1.3857244507400000e-02,1.3857244507400000e-02,1.3857244507400000e-02
36,0,7.2999999999999998e-01,1.0000000000000000e-02,0.0000000000000000e+00,9.0339793837600005e-03,9.0339793837600005e-03,9.0339793837600005e-03
37,0,7.5000000000000000e-01,1.0000000000000000e-02,0.0000000000000000e+00,5.7227000809099999e-03,5.7227000809099999e-03,5.7227000809099999e-03
38,0,7.7000000000000002e-01,1.0000000000000000e-02,0.0000000000000000e+00,3.5254412041500001e-03,3.5254412041500001e-03,3.5254412041500001e-03
39,0,7.9000000000000004e-01,1.0000000000000000e-02,0.0000000000000000e+00,2.1138094086099999e-03,2.1138094086099999e-03,2.1138094086099999e-03
40,0,8.1000000000000005e-01,1.0000000000000000e-02,0.0000000000000000e+00,1.2344897330599999e-03,1.2344897330599999e-03,1.2344897330599999e-03
41,0,8.2999999999999996e-01,1.0000000000000000e-02,0.0000000000000000e+00,7.0273198395400004e-04,7.0273198395400004e-04,7.0273198395400004e-04
42,0,8.4999999999999998e-01,1.0000000000000000e-02,0.0000000000000000e+00,3.9018190243400000e-04,3.9018190243400000e-04,3.9018190243400000e-04
43,0,8.7000000000000000e-01,1.0000000000000000e-02,0.0000000000000000e+00,2.1144571700400000e-04,2.1144571700400000e-04,2.1144571700400000e-04
44,0,8.9000000000000001e-01,1.0000000000000000e-02,0.0000000000000000e+00,1.1190514361200000e-04,1.1190514361200000e-04,1.1190514361200000e-04
45,0,9.1000000000000003e-01,1.0000000000000000e-02,0.0000000000000000e+00,5.7872532613799999e-05,5.7872532613799999e-05,5.7872532613799999e-05
46,0,9.3000000000000005e-01,1.0000000000000000e-02,0.0000000000000000e+00,2.9262131454400000e-05,2.9262131454400000e-05,2.9262131454400000e-05
47,0,9.4999999999999996e-01,1.0000000000000000e-02,0.0000000000000000e+00,1.4473678672299999e-05,1.4473678672299999e-05,1.4473678672299999e-05
48,0,9.6999999999999997e-01,1.0000000000000000e-02,0.0000000000000000e+00,7.0066333670900002e-06,7.0066333670900002e-06,7.0066333670900002e-06
49,0,9.8999999999999999e-01,1.0000000000000000e-02,0.0000000000000000e+00,6.2987402339299999e-06,6.2987402339299999e-06,6.2987402339299999e-06
0,1,1.0000000000000000e-02,2.9999999999999999e-02,0.0000000000000000e+00,7.1854168014800001e-06,7.1854168014800001e-06,7.1854168014800001e-06
1,1,2.9999999999999999e-02,2.9999999999999999e-02,0.0000000000000000e+00,4.9135819567699997e-05,4.9135819567699997e-05,4.9135819567699997e-05
2,1,5.0000000000000003e-02,2.9999999999999999e-02,0.0000000000000000e+00,1.8157120642500000e-04,1.8157120642500000e-04,1.8157120642500000e-04
3,1,7.0000000000000007e-02,2.9999999999999999e-02,0.0000000000000000e+00,4.8263422340400001e-04,4.8263422340400001e-04,4.8263422340400001e-04
4,1,8.9999999999999997e-02,2.9999999999999999e-02,0.0000000000000000e+00,1.0364790978400001e-03,1.0364790978400001e-03,1.0364790978400001e-03
5,1,1.1000000000000000e-01,2.9999999999999999e-02,0.0000000000000000e+00,1.9151372863099999e-03,1.9151372863099999e-03,1.9151372863099999e-03
6,1,1.3000000000000000e-01,2.9999999999999999e-02,0.0000000000000000e+00,3.1662633036999999e-03,3.1662633036999999e-03,3.1662633036999999e-03
7,1,1.4999999999999999e-01,2.9999999999999999e-02,0.0000000000000000e+00,4.8093658264700004e-03,4.8093658264700004e-03,4.8093658264700004e-03
8,1,1.7000000000000001e-01,2.9999999999999999e-02,0.0000000000000000e+00,6.8388423658199997e-03,6.8388423658199997e-03,6.8388423658199997e-03
9,1,1.9000000000000000e-01,2.9999999999999999e-02,0.0000000000000000e+00,9.2303181098000002e-03,9.2303181098000002e-03,9.2303181098000002e-03
10,1,2.0999999999999999e-01,2.9999999999999999e-02,0.0000000000000000e+00,1.1947065729700000e-02,1.1947065729700000e-02,1.1947065729700000e-02
11,1,2.3000000000000001e-01,2.9999999999999999e-02,0.0000000000000000e+00,1.4944550469600000e-02,1.4944550469600000e-02,1.4944550469600000e-02
12,1,2.5000000000000000e-01,2.9999999999999999e-02,0.0000000000000000e+00,1.8172496061899999e-02,1.8172496061899999e-02,1.8172496061899999e-02
13,1,2.7000000000000002e-01,2.9999999999999999e-02,0.0000000000000000e+00,2.1574849498800001e-02,2.1574849498800001e-02,2.1574849498800001e-02
14,1,2.8999999999999998e-01,2.9999999999999999e-02,0.0000000000000000e+00,2.5088540329400000e-02,2.5088540329400000e-02,2.5088540329400000e-02
15,1,3.1000000000000000e-01,2.9999999999999999e-02,0.0000000000000000e+00,2.8642063853799998e-02,2.8642063853799998e-02,2.8642063853799998e-02
16,1,3.3000000000000002e-01,2.9999999999999999e-02,0.0000000000000000e+00,3.2154794112799999e-02,3.2154794112799999e-02,3.2154794112799999e-02
17,1,3.4999999999999998e-01,2.9999999999999999e-02,0.0000000000000000e+00,3.5537662672000002e-02,3.5537662672000002e-02,3.5537662672000002e-02
18,1,3.7000000000000000e-01,2.9999999999999999e-02,0.0000000000000000e+00,3.8695503563000000e-02,3.8695503563000000e-02,3.8695503563000000e-02
19,1,3.9000000000000001e-01,2.9999999999999999e-02,0.0000000000000000e+00,4.1531021053499997e-02,4.1531021053499997e-02,4.1531021053499997e-02
20,1,4.0999999999999998e-01,2.9999999999999999e-02,0.0000000000000000e+00,4.3950029975700002e-02,4.3950029975700002e-02,4.3950029975700002e-02
21,1,4.2999999999999999e-01,2.9999999999999999e-02,0.0000000000000000e+00,4.5867385104700002e-02,4.5867385104700002e-02,4.5867385104700002e-02
22,1,4.5000000000000001e-01,2.9999999999999999e-02,0.0000000000000000e+00,4.7212884666400001e-02,4.7212884666400001e-02,4.7212884666400001e-02
23,1,4.6999999999999997e-01,2.9999999999999999e-02,0.0000000000000000e+00,4.7936418316799997e-02,4.7936418316799997e-02,4.7936418316799997e-02
24,1,4.8999999999999999e-01,2.9999999999999999e-02,0.0000000000000000e+00,4.8011729392999997e-02,4.8011729392999997e-02,4.8011729392999997e-02
25,1,5.1000000000000001e-01,2.9999999999999999e-02,0.0000000000000000e+00,4.9970048597600000e-02,4.9970048597600000e-02,4.9970048597600000e-02
26,1,5.3000000000000003e-01,2.9999999999999999e-02,0.0000000000000000e+00,5.5165920607700002e-02,5.5165920607700002e-02,5.5165920607700002e-02
27,1,5.5000000000000004e-01,2.9999999999999999e-02,0.0000000000000000e+00,6.1403185980899999e-02,6.1403185980899999e-02,6.1403185980899999e-02
28,1,5.6999999999999995e-01,2.9999999999999999e-02,0.0000000000000000e+00,6.6458399301500007e-02,6.6458399301500007e-02,6.6458399301500007e-02
29,1,5.8999999999999997e-01,2.9999999999999999e-02,0.0000000000000000e+00,6.8698975970999998e-02,6.8698975970999998e-02,6.8698975970999998e-02
30,1,6.0999999999999999e-01,2.9999999999999999e-02,0.0000000000000000e+00,6.7393080767100003e-02,6.7393080767100003e-02,6.7393080767100003e-02
31,1,6.3000000000000000e-01,2.9999999999999999e-02,0.0000000000000000e+00,6.2696527852500003e-02,6.2696527852500003e-02,6.2696527852500003e-02
32,1,6.5000000000000002e-01,2.9999999999999999e-02,0.0000000000000000e+00,5.5409845413800000e-02,5.5409845413800000e-02,5.5409845413800000e-02
33,1,6.7000000000000004e-01,2.9999999999999999e-02,0.0000000000000000e+00,4.6641503489299997e-02,4.6641503489299997e-02,4.6641503489299997e-02
34,1,6.8999999999999995e-01,2.9999999999999999e-02,0.0000000000000000e+00,3.7497460500899998e-02,3.7497460500899998e-02,3.7497460500899998e-02
35,1,7.0999999999999996e-01,2.9999999999999999e-02,0.0000000000000000e+00,2.8868732635200001e-02,2.8868732635200001e-02,2.8868732635200001e-02
36,1,7.2999999999999998e-01,2.9999999999999999e-02,0.0000000000000000e+00,2.1335856522399999e-02,2.1335856522399999e-02,2.1335856522399999e-02
37,1,7.5000000000000000e-01,2.9999999999999999e-02,0.0000000000000000e+00,1.5170723155900000e-02,1.5170723155900000e-02,1.5170723155900000e-02
38,1,7.7000000000000002e-01,2.9999999999999999e-02,0.0000000000000000e+00,1.0398613936700000e-02,1.0398613936700000e-02,1.0398613936700000e-02
39,1,7.9000000000000004e-01,2.9999999999999999e-02,0.0000000000000000e+00,6.8831628346500001e-03,6.8831628346500001e-03,6.8831628346500001e-03
40,1,8.1000000000000005e-01,2.9999999999999999e-02,0.0000000000000000e+00,4.4069331832900004e-03,4.4069331832900004e-03,4.4069331832900004e-03
41,1,8.2999999999999996e-01,2.9999999999999999e-02,0.0000000000000000e+00,2.7330354226799999e-03,2.7330354226799999e-03,2.7330354226799999e-03
42,1,8.4999999999999998e-01,2.9999999999999999e-02,0.0000000000000000e+00,1.6439180179300000e-03,1.6439180179300000e-03,1.6439180179300000e-03
43,1,8.7000000000000000e-01,2.9999999999999999e-02,0.0000000000000000e+00,9.6018719972000002e-04,9.6018719972000002e-04,9.6018719972000002e-04
44,1,8.9000000000000001e-01,2.9999999999999999e-02,0.0000000000000000e+00,5.4518389324400001e-04,5.4518389324400001e-04,5.4518389324400001e-04
45,1,9.1000000000000003e-01,2.9999999999999999e-02,0.0000000000000000e+00,3.0121275043000002e-04,3.0121275043000002e-04,3.0121275043000002e-04
46,1,9.3000000000000005e-01,2.9999999999999999e-02,0.0000000000000000e+00,1.6208580964899999e-04,1.6208580964899999e-04,1.6208580964899999e-04
47,1,9.4999999999999996e-01,2.9999999999999999e-02,0.0000000000000000e+00,8.5021014782400006e-05,8.5021014782400006e-05,8.5021014782400006e-05
48,1,9.6999999999999997e-01,2.9999999999999999e-02,0.0000000000000000e+00,4.3507013761400001e-05,4.3507013761400001e-05,4.3507013761400001e-05
49,1,9.8999999999999999e-01,2.9999999999999999e-02,0.0000000000000000e+00,4.3014178051200003e-05,4.3014178051200003e-05,4.3014178051200003e-05
0,2,1.0000000000000000e-02,5.0000000000000003e-02,0.0000000000000000e+00,1.3929894016299999e-05,1.3929894016299999e-05,1.3929894016299999e-05
1,2,2.9999999999999999e-02,5.0000000000000003e-02,0.0000000000000000e+00,8.9780899000100001e-05,8.9780899000100001e-05,8.9780899000100001e-05
2,2,5.0000000000000003e-02,5.0000000000000003e-02,0.0000000000000000e+00,3.1394382040800001e-04,3.1394382040800001e-04,3.1394382040800001e-04
3,2,7.0000000000000007e-02,5.0000000000000003e-02,0.0000000000000000e+00,7.9285811823199995e-04,7.9285811823199995e-04,7.9285811823199995e-04
4,2,8.9999999999999997e-02,5.0000000000000003e-02,0.0000000000000000e+00,1.6244000055499999e-03,1.6244000055499999e-03,1.6244000055499999e-03
5,2,1.1000000000000000e-01,5.0000000000000003e-02,0.0000000000000000e+00,2.8754053812200002e-03,2.8754053812200002e-03,2.8754053812200002e-03
6,2,1.3000000000000000e-01,5.0000000000000003e-02,0.0000000000000000e+00,4.5734744721599996e-03,4.5734744721599996e-03,4.5734744721599996e-03
7,2,1.4999999999999999e-01,5.0000000000000003e-02,0.0000000000000000e+00,6.7116209590600004e-03,6.7116209590600004e-03,6.7116209590600004e-03
8,2,1.7000000000000001e-01,5.0000000000000003e-02,0.0000000000000000e+00,9.2595107998200005e-03,9.2595107998200005e-03,9.2595107998200005e-03
9,2,1.9000000000000000e-01,5.0000000000000003e-02,0.0000000000000000e+00,1.2175050234299999e-02,1.2175050234299999e-02,1.2175050234299999e-02
10,2,2.0999999999999999e-01,5.0000000000000003e-02,0.0000000000000000e+00,1.5412486012099999e-02,1.5412486012099999e-02,1.5412486012099999e-02
11,2,2.3000000000000001e-01,5.0000000000000003e-02,0.0000000000000000e+00,1.8925810131799999e-02,1.8925810131799999e-02,1.8925810131799999e-02
12,2,2.5000000000000000e-01,5.0000000000000003e-02,0.0000000000000000e+00,2.2668088392100001e-02,2.2668088392100001e-02,2.2668088392100001e-02
13,2,2.7000000000000002e-01,5.0000000000000003e-02,0.0000000000000000e+00,2.6588212031100001e-02,2.6588212031100001e-02,2.6588212031100001e-02
14,2,2.8999999999999998e-01,5.0000000000000003e-02,0.0000000000000000e+00,3.0626753386700001e-02,3.0626753386700001e-02,3.0626753386700001e-02
15,2,3.1000000000000000e-01,5.0000000000000003e-02,0.0000000000000000e+00,3.4712393917700000e-02,3.4712393917700000e-02,3.4712393917700000e-02
16,2,3.3000000000000002e-01,5.0000000000000003e-02,0.0000000000000000e+00,3.8760005867900002e-02,3.8760005867900002e-02,3.8760005867900002e-02
17,2,3.4999999999999998e-01,5.0000000000000003e-02,0.0000000000000000e+00,4.2671027962299997e-02,4.2671027962299997e-02,4.2671027962299997e-02
18,2,3.7000000000000000e-01,5.0000000000000003e-02,0.0000000000000000e+00,4.6336336622700001e-02,4.6336336622700001e-02,4.6336336622700001e-02
19,2,3.9000000000000001e-01,5.0000000000000003e-02,0.0000000000000000e+00,4.9641406614800002e-02,4.9641406614800002e-02,4.9641406614800002e-02
20,2,4.0999999999999998e-01,5.0000000000000003e-02,0.0000000000000000e+00,5.2473205561799997e-02,5.2473205561799997e-02,5.2473205561799997e-02
21,2,4.2999999999999999e-01,5.0000000000000003e-02,0.0000000000000000e+00,5.4728006618900003e-02,5.4728006618900003e-02,5.4728006618900003e-02
22,2,4.5000000000000001e-01,5.0000000000000003e-02,0.0000000000000000e+00,5.6319163302399999e-02,5.6319163302399999e-02,5.6319163302399999e-02
23,2,4.6999999999999997e-01,5.0000000000000003e-02,0.0000000000000000e+00,5.7183889580600000e-02,5.7183889580600000e-02,5.7183889580600000e-02
24,2,4.8999999999999999e-01,5.0000000000000003e-02,0.0000000000000000e+00,5.7288226734100001e-02,5.7288226734100001e-02,5.7288226734100001e-02
25,2,5.1000000000000001e-01,5.0000000000000003e-02,0.0000000000000000e+00,5.6696970387800000e-02,5.6696970387800000e-02,5.6696970387800000e-02
26,2,5.3000000000000003e-01,5.0000000000000003e-02,0.0000000000000000e+00,5.5876315480400000e-02,5.5876315480400000e-02,5.5876315480400000e-02
27,2,5.5000000000000004e-01,5.0000000000000003e-02,0.0000000000000000e+00,5.5413752276100001e-02,5.5413752276100001e-02,5.5413752276100001e-02
28,2,5.6999999999999995e-01,5.0000000000000003e-02,0.0000000000000000e+00,5.5584697980500003e-02,5.5584697980500003e-02,5.5584697980500003e-02
29,2,5.8999999999999997e-01,5.0000000000000003e-02,0.0000000000000000e+00,5.6151080510999998e-02,5.6151080510999998e-02,5.6151080510999998e-02
30,2,6.0999999999999999e-01,5.0000000000000003e-02,0.0000000000000000e+00,5.6463265674400000e-02,5.6463265674400000e-02,5.6463265674400000e-02
31,2,6.3000000000000000e-01,5.0000000000000003e-02,0.0000000000000000e+00,5.5755579626099998e-02,5.5755579626099998e-02,5.5755579626099998e-02
32,2,6.5000000000000002e-01,5.0000000000000003e-02,0.0000000000000000e+00,5.3460053818099998e-02,5.3460053818099998e-02,5.3460053818099998e-02
33,2,6.7000000000000004e-01,5.0000000000000003e-02,0.0000000000000000e+00,4.9399702364600000e-02,4.9399702364600000e-02,4.9399702364600000e-02
34,2,6.8999999999999995e-01,5.0000000000000003e-02,0.0000000000000000e+00,4.3811215660100003e-02,4.3811215660100003e-02,4.3811215660100003e-02
35,2,7.0999999999999996e-01,5.0000000000000003e-02,0.0000000000000000e+00,3.7229611027200002e-02,3.7229611027200002e-02,3.7229611027200002e-02
36,2,7.2999999999999998e-01,5.0000000000000003e-02,0.0000000000000000e+00,3.0309948439900002e-02,3.0309948439900002e-02,3.0309948439900002e-02
37,2,7.5000000000000000e-01,5.0000000000000003e-02,0.0000000000000000e+00,2.3660185697599999e-02,2.3660185697599999e-02,2.3660185697599999e-02
38,2,7.7000000000000002e-01,5.0000000000000003e-02,0.0000000000000000e+00,1.7731174790100002e-02,1.7731174790100002e-02,1.7731174790100002e-02
39,2,7.9000000000000004e-01,5.0000000000000003e-02,0.0000000000000000e+00,1.2775823558800000e-02,1.2775823558800000e-02,1.2775823558800000e-02
40,2,8.1000000000000005e-01,5.0000000000000003e-02,0.0000000000000000e+00,8.8643781754099999e-03,8.8643781754099999e-03,8.8643781754099999e-03
41,2,8.2999999999999996e-01,5.0000000000000003e-02,0.0000000000000000e+00,5.9317865728700002e-03,5.9317865728700002e-03,5.9317865728700002e-03
42,2,8.4999999999999998e-01,5.0000000000000003e-02,0.0000000000000000e+00,3.8339394034800000e-03,3.8339394034800000e-03,3.8339394034800000e-03
43,2,8.7000000000000000e-01,5.0000000000000003e-02,0.0000000000000000e+00,2.3968319010399999e-03,2.3968319010399999e-03,2.3968319010399999e-03
44,2,8.9000000000000001e-01,5.0000000000000003e-02,0.0000000000000000e+00,1.4512246020700001e-03,1.4512246020700001e-03,1.4512246020700001e-03
45,2,9.1000000000000003e-01,5.0000000000000003e-02,0.0000000000000000e+00,8.5206009943300000e-04,8.5206009943300000e-04,8.5206009943300000e-04
46,2,9.3000000000000005e-01,5.0000000000000003e-02,0.0000000000000000e+00,4.8567000072899998e-04,4.8567000072899998e-04,4.8567000072899998e-04
47,2,9.4999999999999996e-01,5.0000000000000003e-02,0.0000000000000000e+00,2.6903577517800001e-04,2.6903577517800001e-04,2.6903577517800001e-04
48,2,9.6999999999999997e-01,5.0000000000000003e-02,0.0000000000000000e+00,1.4497952651000001e-04,1.4497952651000001e-04,1.4497952651000001e-04
49,2,9.8999999999999999e-01,5.0000000000000003e-02,0.0000000000000000e+00,1.5717263608200000e-04,1.5717263608200000e-04,1.5717263608200000e-04
0,3,1.0000000000000000e-02,7.0000000000000007e-02,0.0000000000000000e+00,2.6486446588100000e-05,2.6486446588100000e-05,2.6486446588100000e-05
1,3,2.9999999999999999e-02,7.0000000000000007e-02,0.0000000000000000e+00,1.6033557984199999e-04,1.6033557984199999e-04,1.6033557984199999e-04
2,3,5.0000000000000003e-02,7.0000000000000007e-02,0.0000000000000000e+00,5.2888239779400005e-04,5.2888239779400005e-04,5.2888239779400005e-04
3,3,7.0000000000000007e-02,7.0000000000000007e-02,0.0000000000000000e+00,1.2655994230899999e-03,1.2655994230899999e-03,1.2655994230899999e-03
4,3,8.9999999999999997e-02,7.0000000000000007e-02,0.0000000000000000e+00,2.4681398955600001e-03,2.4681398955600001e-03,2.4681398955600001e-03
5,3,1.1000000000000000e-01,7.0000000000000007e-02,0.0000000000000000e+00,4.1781502747199996e-03,4.1781502747199996e-03,4.1781502747199996e-03
6,3,1.3000000000000000e-01,7.0000000000000007e-02,0.0000000000000000e+00,6.3857339048599996e-03,6.3857339048599996e-03,6.3857339048599996e-03
7,3,1.4999999999999999e-01,7.0000000000000007e-02,0.0000000000000000e+00,9.0481603814699992e-03,9.0481603814699992e-03,9.0481603814699992e-03
8,3,1.7000000000000001e-01,7.0000000000000007e-02,0.0000000000000000e+00,1.2110513569700001e-02,1.2110513569700001e-02,1.2110513569700001e-02
9,3,1.9000000000000000e-01,7.0000000000000007e-02,0.0000000000000000e+00,1.5520427979000001e-02,1.5520427979000001e-02,1.5520427979000001e-02
10,3,2.0999999999999999e-01,7.0000000000000007e-02,0.0000000000000000e+00,1.9234412182000001e-02,1.9234412182000001e-02,1.9234412182000001e-02
11,3,2.3000000000000001e-01,7.0000000000000007e-02,0.0000000000000000e+00,2.3216848619099999e-02,2.3216848619099999e-02,2.3216848619099999e-02
12,3,2.5000000000000000e-01,7.0000000000000007e-02,0.0000000000000000e+00,2.7434283183400000e-02,2.7434283183400000e-02,2.7434283183400000e-02
13,3,2.7000000000000002e-01,7.0000000000000007e-02,0.0000000000000000e+00,3.1847755179499997e-02,3.1847755179499997e-02,3.1847755179499997e-02
14,3,2.8999999999999998e-01,7.0000000000000007e-02,0.0000000000000000e+00,3.6405418030700000e-02,3.6405418030700000e-02,3.6405418030700000e-02
15,3,3.1000000000000000e-01,7.0000000000000007e-02,0.0000000000000000e+00,4.1037043243500000e-02,4.1037043243500000e-02,4.1037043243500000e-02
16,3,3.3000000000000002e-01,7.0000000000000007e-02,0.0000000000000000e+00,4.5651390567699998e-02,4.5651390567699998e-02,4.5651390567699998e-02
17,3,3.4999999999999998e-01,7.0000000000000007e-02,0.0000000000000000e+00,5.0136905312700000e-02,5.0136905312700000e-02,5.0136905312700000e-02
18,3,3.7000000000000000e-01,7.0000000000000007e-02,0.0000000000000000e+00,5.4365746078600001e-02,5.4365746078600001e-02,5.4365746078600001e-02
19,3,3.9000000000000001e-01,7.0000000000000007e-02,0.0000000000000000e+00,5.8200731752200002e-02,5.8200731752200002e-02,5.8200731752200002e-02
20,3,4.0999999999999998e-01,7.0000000000000007e-02,0.0000000000000000e+00,6.1504432697899999e-02,6.1504432697899999e-02,6.1504432697899999e-02
21,3,4.2999999999999999e-01,7.0000000000000007e-02,0.0000000000000000e+00,6.4149351164000001e-02,6.4149351164000001e-02,6.4149351164000001e-02
22,3,4.5000000000000001e-01,7.0000000000000007e-02,0.0000000000000000e+00,6.6027983212399999e-02,6.6027983212399999e-02,6.6027983212399999e-02
23,3,4.6999999999999997e-01,7.0000000000000007e-02,0.0000000000000000e+00,6.7061561827000002e-02,6.7061561827000002e-02,6.7061561827000002e-02
24,3,4.8999999999999999e-01,7.0000000000000007e-02,0.0000000000000000e+00,6.7206455732500003e-02,6.7206455732500003e-02,6.7206455732500003e-02
25,3,5.1000000000000001e-01,7.0000000000000007e-02,0.0000000000000000e+00,6.6474014139199997e-02,6.6474014139199997e-02,6.6474014139199997e-02
26,3,5.3000000000000003e-01,7.0000000000000007e-02,0.0000000000000000e+00,6.4944611694600002e-02,6.4944611694600002e-02,6.4944611694600002e-02
27,3,5.5000000000000004e-01,7.0000000000000007e-02,0.0000000000000000e+00,6.2816284100399994e-02,6.2816284100399994e-02,6.2816284100399994e-02
28,3,5.6999999999999995e-01,7.0000000000000007e-02,0.0000000000000000e+00,6.0411080212999999e-02,6.0411080212999999e-02,6.0411080212999999e-02
29,3,5.8999999999999997e-01,7.0000000000000007e-02,0.0000000000000000e+00,5.8052024364700000e-02,5.8052024364700000e-02,5.8052024364700000e-02
30,3,6.0999999999999999e-01,7.0000000000000007e-02,0.0000000000000000e+00,5.5899184629800001e-02,5.5899184629800001e-02,5.5899184629800001e-02
31,3,6.3000000000000000e-01,7.0000000000000007e-02,0.0000000000000000e+00,5.3856254069100003e-02,5.3856254069100003e-02,5.3856254069100003e-02
32,3,6.5000000000000002e-01,7.0000000000000007e-02,0.0000000000000000e+00,5.1609021222599999e-02,5.1609021222599999e-02,5.1609021222599999e-02
33,3,6.7000000000000004e-01,7.0000000000000007e-02,0.0000000000000000e+00,4.8771944156800001e-02,4.8771944156800001e-02,4.8771944156800001e-02
34,3,6.8999999999999995e-01,7.0000000000000007e-02,0.0000000000000000e+00,4.5061789302500002e-02,4.5061789302500002e-02,4.5061789302500002e-02
35,3,7.0999999999999996e-01,7.0000000000000007e-02,0.0000000000000000e+00,4.0415976159700003e-02,4.0415976159700003e-02,4.0415976159700003e-02
36,3,7.2999999999999998e-01,7.0000000000000007e-02,0.0000000000000000e+00,3.5014514436800002e-02,3.5014514436800002e-02,3.5014514436800002e-02
37,3,7.5000000000000000e-01,7.0000000000000007e-02,0.0000000000000000e+00,2.9215090699599999e-02,2.9215090699599999e-02,2.9215090699599999e-02
38,3,7.7000000000000002e-01,7.0000000000000007e-02,0.0000000000000000e+00,2.3443461145999999e-02,2.3443461145999999e-02,2.3443461145999999e-02
39,3,7.9000000000000004e-01,7.0000000000000007e-02,0.0000000000000000e+00,1.8086614180800001e-02,1.8086614180800001e-02,1.8086614180800001e-02
40,3,8.1000000000000005e-01,7.0000000000000007e-02,0.0000000000000000e+00,1.3421087873400000e-02,1.3421087873400000e-02,1.3421087873400000e-02
41,3,8.2999999999999996e-01,7.0000000000000007e-02,0.0000000000000000e+00,9.5868135179000002e-03,9.5868135179000002e-03,9.5868135179000002e-03
42,3,8.4999999999999998e-01,7.0000000000000007e-02,0.0000000000000000e+00,6.5990809578000001e-03,6.5990809578000001e-03,6.5990809578000001e-03
43,3,8.7000000000000000e-01,7.0000000000000007e-02,0.0000000000000000e+00,4.3826179741600002e-03,4.3826179741600002e-03,4.3826179741600002e-03
44,3,8.9000000000000001e-01,7.0000000000000007e-02,0.0000000000000000e+00,2.8116503818800000e-03,2.8116503818800000e-03,2.8116503818800000e-03
45,3,9.1000000000000003e-01,7.0000000000000007e-02,0.0000000000000000e+00,1.7446196160900000e-03,1.7446196160900000e-03,1.7446196160900000e-03
46,3,9.3000000000000005e-01,7.0000000000000007e-02,0.0000000000000000e+00,1.0482664012000000e-03,1.0482664012000000e-03,1.0482664012000000e-03
47,3,9.4999999999999996e-01,7.0000000000000007e-02,0.0000000000000000e+00,6.1062234869199998e-04,6.1062234869199998e-04,6.1062234869199998e-04
48,3,9.6999999999999997e-01,7.0000000000000007e-02,0.0000000000000000e+00,3.4520580086400002e-04,3.4520580086400002e-04,3.4520580086400002e-04
49,3,9.8999999999999999e-01,7.0000000000000007e-02,0.0000000000000000e+00,4.0900799347600000e-04,4.0900799347600000e-04,4.0900799347600000e-04
0,4,1.0000000000000000e-02,8.9999999999999997e-02,0.0000000000000000e+00,4.9379159021999998e-05,4.9379159021999998e-05,4.9379159021999998e-05
1,4,2.9999999999999999e-02,8.9999999999999997e-02,0.0000000000000000e+00,2.7969434568999999e-04,2.7969434568999999e-04,2.7969434568999999e-04
2,4,5.0000000000000003e-02,8.9999999999999997e-02,0.0000000000000000e+00,8.6742479661999999e-04,8.6742479661999999e-04,8.6742479661999999e-04
3,4,7.0000000000000007e-02,8.9999999999999997e-02,0.0000000000000000e+00,1.9612753212800002e-03,1.9612753212800002e-03,1.9612753212800002e-03
4,4,8.9999999999999997e-02,8.9999999999999997e-02,0.0000000000000000e+00,3.6325420318999999e-03,3.6325420318999999e-03,3.6325420318999999e-03
5,4,1.1000000000000000e-01,8.9999999999999997e-02,0.0000000000000000e+00,5.8712476321799998e-03,5.8712476321799998e-03,5.8712476321799998e-03
6,4,1.3000000000000000e-01,8.9999999999999997e-02,0.0000000000000000e+00,8.6145131283999997e-03,8.6145131283999997e-03,8.6145131283999997e-03
7,4,1.4999999999999999e-01,8.9999999999999997e-02,0.0000000000000000e+00,1.1782811085000001e-02,1.1782811085000001e-02,1.1782811085000001e-02
8,4,1.7000000000000001e-01,8.9999999999999997e-02,0.0000000000000000e+00,1.5307053641300000e-02,1.5307053641300000e-02,1.5307053641300000e-02
9,4,1.9000000000000000e-01,8.9999999999999997e-02,0.0000000000000000e+00,1.9140785737000000e-02,1.9140785737000000e-02,1.9140785737000000e-02
10,4,2.0999999999999999e-01,8.9999999999999997e-02,0.0000000000000000e+00,2.3259416328200000e-02,2.3259416328200000e-02,2.3259416328200000e-02
11,4,2.3000000000000001e-01,8.9999999999999997e-02,0.0000000000000000e+00,2.7651334565800000e-02,2.7651334565800000e-02,2.7651334565800000e-02
12,4,2.5000000000000000e-01,8.9999999999999997e-02,0.0000000000000000e+00,3.2305646590900003e-02,3.2305646590900003e-02,3.2305646590900003e-02
13,4,2.7000000000000002e-01,8.9999999999999997e-02,0.0000000000000000e+00,3.7200004760600001e-02,3.7200004760600001e-02,3.7200004760600001e-02
14,4,2.8999999999999998e-01,8.9999999999999997e-02,0.0000000000000000e+00,4.2290693072600000e-02,4.2290693072600000e-02,4.2290693072600000e-02
15,4,3.1000000000000000e-01,8.9999999999999997e-02,0.0000000000000000e+00,4.7506173321800002e-02,4.7506173321800002e-02,4.7506173321800002e-02
16,4,3.3000000000000002e-01,8.9999999999999997e-02,0.0000000000000000e+00,5.2744677529999999e-02,5.2744677529999999e-02,5.2744677529999999e-02
17,4,3.4999999999999998e-01,8.9999999999999997e-02,0.0000000000000000e+00,5.7876007281800000e-02,5.7876007281800000e-02,5.7876007281800000e-02
18,4,3.7000000000000000e-01,8.9999999999999997e-02,0.0000000000000000e+00,6.2747334770200003e-02,6.2747334770200003e-02,6.2747334770200003e-02
19,4,3.9000000000000001e-01,8.9999999999999997e-02,0.0000000000000000e+00,6.7192427724200005e-02,6.7192427724200005e-02,6.7192427724200005e-02
20,4,4.0999999999999998e-01,8.9999999999999997e-02,0.0000000000000000e+00,7.1043348162299999e-02,7.1043348162299999e-02,7.1043348162299999e-02
21,4,4.2999999999999999e-01,8.9999999999999997e-02,0.0000000000000000e+00,7.4143359584700003e-02,7.4143359584700003e-02,7.4143359584700003e-02
22,4,4.5000000000000001e-01,8.9999999999999997e-02,0.0000000000000000e+00,7.6359590633099994e-02,7.6359590633099994e-02,7.6359590633099994e-02
23,4,4.6999999999999997e-01,8.9999999999999997e-02,0.0000000000000000e+00,7.7594001355399997e-02,7.7594001355399997e-02,7.7594001355399997e-02
24,4,4.8999999999999999e-01,8.9999999999999997e-02,0.0000000000000000e+00,7.7791400372300007e-02,7.7791400372300007e-02,7.7791400372300007e-02
25,4,5.1000000000000001e-01,8.9999999999999997e-02,0.0000000000000000e+00,7.6960791205500007e-02,7.6960791205500007e-02,7.6960791205500007e-02
26,4,5.3000000000000003e-01,8.9999999999999997e-02,0.0000000000000000e+00,7.5157406382200004e-02,7.5157406382200004e-02,7.5157406382200004e-02
27,4,5.5000000000000004e-01,8.9999999999999997e-02,0.0000000000000000e+00,7.2476220479000000e-02,7.2476220479000000e-02,7.2476220479000000e-02
28,4,5.6999999999999995e-01,8.9999999999999997e-02,0.0000000000000000e+00,6.9090981744399996e-02,6.9090981744399996e-02,6.9090981744399996e-02
29,4,5.8999999999999997e-01,8.9999999999999997e-02,0.0000000000000000e+00,6.5256328042000003e-02,6.5256328042000003e-02,6.5256328042000003e-02
30,4,6.0999999999999999e-01,8.9999999999999997e-02,0.0000000000000000e+00,6.1260123825399998e-02,6.1260123825399998e-02,6.1260123825399998e-02
31,4,6.3000000000000000e-01,8.9999999999999997e-02,0.0000000000000000e+00,5.7333110312800001e-02,5.7333110312800001e-02,5.7333110312800001e-02
32,4,6.5000000000000002e-01,8.9999999999999997e-02,0.0000000000000000e+00,5.3563815631400002e-02,5.3563815631400002e-02,5.3563815631400002e-02
33,4,6.7000000000000004e-01,8.9999999999999997e-02,0.0000000000000000e+00,4.9872450306800001e-02,4.9872450306800001e-02,4.9872450306800001e-02
34,4,6.8999999999999995e-01,8.9999999999999997e-02,0.0000000000000000e+00,4.6063484041500000e-02,4.6063484041500000e-02,4.6063484041500000e-02
35,4,7.0999999999999996e-01,8.9999999999999997e-02,0.0000000000000000e+00,4.1930374764499997e-02,4.1930374764499997e-02,4.1930374764499997e-02
36,4,7.2999999999999998e-01,8.9999999999999997e-02,0.0000000000000000e+00,3.7359731631899998e-02,3.7359731631899998e-02,3.7359731631899998e-02
37,4,7.5000000000000000e-01,8.9999999999999997e-02,0.0000000000000000e+00,3.2388760944999997e-02,3.2388760944999997e-02,3.2388760944999997e-02
38,4,7.7000000000000002e-01,8.9999999999999997e-02,0.0000000000000000e+00,2.7198831419700000e-02,2.7198831419700000e-02,2.7198831419700000e-02
39,4,7.9000000000000004e-01,8.9999999999999997e-02,0.0000000000000000e+00,2.2058848419899999e-02,2.2058848419899999e-02,2.2058848419899999e-02
40,4,8.1000000000000005e-01,8.9999999999999997e-02,0.0000000000000000e+00,1.7249148127000000e-02,1.7249148127000000e-02,1.7249148127000000e-02
41,4,8.2999999999999996e-01,8.9999999999999997e-02,0.0000000000000000e+00,1.2996001529800001e-02,1.2996001529800001e-02,1.2996001529800001e-02
42,4,8.4999999999999998e-01,8.9999999999999997e-02,0.0000000000000000e+00,9.4344662798699994e-03,9.4344662798699994e-03,9.4344662798699994e-03
43,4,8.7000000000000000e-01,8.9999999999999997e-02,0.0000000000000000e+00,6.6023765976099998e-03,6.6023765976099998e-03,6.6023765976099998e-03
44,4,8.9000000000000001e-01,8.9999999999999997e-02,0.0000000000000000e+00,4.4575410003400004e-03,4.4575410003400004e-03,4.4575410003400004e-03
45,4,9.1000000000000003e-01,8.9999999999999997e-02,0.0000000000000000e+00,2.9061199494400001e-03,2.9061199494400001e-03,2.9061199494400001e-03
46,4,9.3000000000000005e-01,8.9999999999999997e-02,0.0000000000000000e+00,1.8314902863400000e-03,1.8314902863400000e-03,1.8314902863400000e-03
47,4,9.4999999999999996e-01,8.9999999999999997e-02,0.0000000000000000e+00,1.1169496611900000e-03,1.1169496611900000e-03,1.1169496611900000e-03
48,4,9.6999999999999997e-01,8.9999999999999997e-02,0.0000000000000000e+00,6.5988101602499998e-04,6.5988101602499998e-04,6.5988101602499998e-04
49,4,9.8999999999999999e-01,8.9999999999999997e-02,0.0000000000000000e+00,8.5132757734199998e-04,8.5132757734199998e-04,8.5132757734199998e-04
0,5,1.0000000000000000e-02,1.1000000000000000e-01,0.0000000000000000e+00,9.0231504432499999e-05,9.0231504432499999e-05,9.0231504432499999e-05
1,5,2.9999999999999999e-02,1.1000000000000000e-01,0.0000000000000000e+00,4.7628400297400000e-04,4.7628400297400000e-04,4.7628400297400000e-04
2,5,5.0000000000000003e-02,1.1000000000000000e-01,0.0000000000000000e+00,1.3838960009800001e-03,1.3838960009800001e-03,1.3838960009800001e-03
3,5,7.0000000000000007e-02,1.1000000000000000e-01,0.0000000000000000e+00,2.9479536799099999e-03,2.9479536799099999e-03,2.9479536799099999e-03
4,5,8.9999999999999997e-02,1.1000000000000000e-01,0.0000000000000000e+00,5.1741866087300003e-03,5.1741866087300003e-03,5.1741866087300003e-03
5,5,1.1000000000000000e-01,1.1000000000000000e-01,0.0000000000000000e+00,7.9737958826599994e-03,7.9737958826599994e-03,7.9737958826599994e-03
6,5,1.3000000000000000e-01,1.1000000000000000e-01,0.0000000000000000e+00,1.1225594393100001e-02,1.1225594393100001e-02,1.1225594393100001e-02
7,5,1.4999999999999999e-01,1.1000000000000000e-01,0.0000000000000000e+00,1.4826644823600001e-02,1.4826644823600001e-02,1.4826644823600001e-02
8,5,1.7000000000000001e-01,1.1000000000000000e-01,0.0000000000000000e+00,1.8716466488499998e-02,1.8716466488499998e-02,1.8716466488499998e-02
9,5,1.9000000000000000e-01,1.1000000000000000e-01,0.0000000000000000e+00,2.2877702124100001e-02,2.2877702124100001e-02,2.2877702124100001e-02
10,5,2.0999999999999999e-01,1.1000000000000000e-01,0.0000000000000000e+00,2.7322695424799998e-02,2.7322695424799998e-02,2.7322695424799998e-02
11,5,2.3000000000000001e-01,1.1000000000000000e-01,0.0000000000000000e+00,3.2074767325600002e-02,3.2074767325600002e-02,3.2074767325600002e-02
12,5,2.5000000000000000e-01,1.1000000000000000e-01,0.0000000000000000e+00,3.7149883801199997e-02,3.7149883801199997e-02,3.7149883801199997e-02
13,5,2.7000000000000002e-01,1.1000000000000000e-01,0.0000000000000000e+00,4.2541583667100001e-02,4.2541583667100001e-02,4.2541583667100001e-02
14,5,2.8999999999999998e-01,1.1000000000000000e-01,0.0000000000000000e+00,4.8210297872399999e-02,4.8210297872399999e-02,4.8210297872399999e-02
15,5,3.1000000000000000e-01,1.1000000000000000e-01,0.0000000000000000e+00,5.4077394104300000e-02,5.4077394104300000e-02,5.4077394104300000e-02
16,5,3.3000000000000002e-01,1.1000000000000000e-01,0.0000000000000000e+00,6.0023998977300000e-02,6.0023998977300000e-02,6.0023998977300000e-02
17,5,3.4999999999999998e-01,1.1000000000000000e-01,0.0000000000000000e+00,6.5894515648400001e-02,6.5894515648400001e-02,6.5894515648400001e-02
18,5,3.7000000000000000e-01,1.1000000000000000e-01,0.0000000000000000e+00,7.1504552711499997e-02,7.1504552711499997e-02,7.1504552711499997e-02
19,5,3.9000000000000001e-01,1.1000000000000000e-01,0.0000000000000000e+00,7.6652646949899997e-02,7.6652646949899997e-02,7.6652646949899997e-02
20,5,4.0999999999999998e-01,1.1000000000000000e-01,0.0000000000000000e+00,8.1134744916400006e-02,8.1134744916400006e-02,8.1134744916400006e-02
21,5,4.2999999999999999e-01,1.1000000000000000e-01,0.0000000000000000e+00,8.4760012871099993e-02,8.4760012871099993e-02,8.4760012871099993e-02
22,5,4.5000000000000001e-01,1.1000000000000000e-01,8.9287501787662649e-03,8.7366287000000001e-02,7.8437536821233736e-02,7.8437536821233736e-02
23,5,4.6999999999999997e-01,1.1000000000000000e-01,4.5478595781576425e-02,8.8833440788200005e-02,4.3354845006623580e-02,4.3354845006623580e-02
24,5,4.8999999999999999e-01,1.1000000000000000e-01,6.4288743492119882e-02,8.9093165135200006e-02,2.4804421643080124e-02,2.4804421643080124e-02
25,5,5.1000000000000001e-01,1.1000000000000000e-01,6.4288743492119882e-02,8.8152332116000001e-02,2.3863588623880119e-02,2.3863588623880119e-02
26,5,5.3000000000000003e-01,1.1000000000000000e-01,4.5478595781576203e-02,8.6071398715600003e-02,4.0592802934023800e-02,4.0592802934023800e-02
27,5,5.5000000000000004e-01,1.1000000000000000e-01,8.9287501787660428e-03,8.2943098554599998e-02,7.4014348375833955e-02,7.4014348375833955e-02
28,5,5.6999999999999995e-01,1.1000000000000000e-01,0.0000000000000000e+00,7.8911973436300006e-02,7.8911973436300006e-02,7.8911973436300006e-02
29,5,5.8999999999999997e-01,1.1000000000000000e-01,0.0000000000000000e+00,7.4178676756200004e-02,7.4178676756200004e-02,7.4178676756200004e-02
30,5,6.0999999999999999e-01,1.1000000000000000e-01,0.0000000000000000e+00,6.8996110420700002e-02,6.8996110420700002e-02,6.8996110420700002e-02
31,5,6.3000000000000000e-01,1.1000000000000000e-01,0.0000000000000000e+00,6.3640670164400004e-02,6.3640670164400004e-02,6.3640670164400004e-02
32,5,6.5000000000000002e-01,1.1000000000000000e-01,0.0000000000000000e+00,5.8356118564700001e-02,5.8356118564700001e-02,5.8356118564700001e-02
33,5,6.7000000000000004e-01,1.1000000000000000e-01,0.0000000000000000e+00,5.3291913006699998e-02,5.3291913006699998e-02,5.3291913006699998e-02
34,5,6.8999999999999995e-01,1.1000000000000000e-01,0.0000000000000000e+00,4.8470227592000002e-02,4.8470227592000002e-02,4.8470227592000002e-02
35,5,7.0999999999999996e-01,1.1000000000000000e-01,0.0000000000000000e+00,4.3803902430399999e-02,4.3803902430399999e-02,4.3803902430399999e-02
36,5,7.2999999999999998e-01,1.1000000000000000e-01,0.0000000000000000e+00,3.9159316950200002e-02,3.9159316950200002e-02,3.9159316950200002e-02
37,5,7.5000000000000000e-01,1.1000000000000000e-01,0.0000000000000000e+00,3.4433913427499997e-02,3.4433913427499997e-02,3.4433913427499997e-02
38,5,7.7000000000000002e-01,1.1000000000000000e-01,0.0000000000000000e+00,2.9612894328499999e-02,2.9612894328499999e-02,2.9612894328499999e-02
39,5,7.9000000000000004e-01,1.1000000000000000e-01,0.0000000000000000e+00,2.4783785967400000e-02,2.4783785967400000e-02,2.4783785967400000e-02
40,5,8.1000000000000005e-01,1.1000000000000000e-01,0.0000000000000000e+00,2.0109698922699999e-02,2.0109698922699999e-02,2.0109698922699999e-02
41,5,8.2999999999999996e-01,1.1000000000000000e-01,0.0000000000000000e+00,1.5779093818099998e-02,1.5779093818099998e-02,1.5779093818099998e-02
42,5,8.4999999999999998e-01,1.1000000000000000e-01,0.0000000000000000e+00,1.1954867082800000e-02,1.1954867082800000e-02,1.1954867082800000e-02
43,5,8.7000000000000000e-01,1.1000000000000000e-01,0.0000000000000000e+00,8.7398167030299997e-03,8.7398167030299997e-03,8.7398167030299997e-03
44,5,8.9000000000000001e-01,1.1000000000000000e-01,0.0000000000000000e+00,6.1649206072100001e-03,6.1649206072100001e-03,6.1649206072100001e-03
45,5,9.1000000000000003e-01,1.1000000000000000e-01,0.0000000000000000e+00,4.1973570349000001e-03,4.1973570349000001e-03,4.1973570349000001e-03
46,5,9.3000000000000005e-01,1.1000000000000000e-01,0.0000000000000000e+00,2.7600945673199998e-03,2.7600945673199998e-03,2.7600945673199998e-03
47,5,9.4999999999999996e-01,1.1000000000000000e-01,0.0000000000000000e+00,1.7543784516700000e-03,1.7543784516700000e-03,1.7543784516700000e-03
48,5,9.6999999999999997e-01,1.1000000000000000e-01,0.0000000000000000e+00,1.0788692477900000e-03,1.0788692477900000e-03,1.0788692477900000e-03
49,5,9.8999999999999999e-01,1.1000000000000000e-01,0.0000000000000000e+00,1.5093224864800000e-03,1.5093224864800000e-03,1.5093224864800000e-03
0,6,1.0000000000000000e-02,1.3000000000000000e-01,0.0000000000000000e+00,1.6154804934700000e-04,1.6154804934700000e-04,1.6154804934700000e-04
1,6,2.9999999999999999e-02,1.3000000000000000e-01,0.0000000000000000e+00,7.9116261034200002e-04,7.9116261034200002e-04,7.9116261034200002e-04
2,6,5.0000000000000003e-02,1.3000000000000000e-01,0.0000000000000000e+00,2.1457228926400002e-03,2.1457228926400002e-03,2.1457228926400002e-03
3,6,7.0000000000000007e-02,1.3000000000000000e-01,0.0000000000000000e+00,4.2936213361100001e-03,4.2936213361100001e-03,4.2936213361100001e-03
4,6,8.9999999999999997e-02,1.3000000000000000e-01,0.0000000000000000e+00,7.1270984005200001e-03,7.1270984005200001e-03,7.1270984005200001e-03
5,6,1.1000000000000000e-01,1.3000000000000000e-01,0.0000000000000000e+00,1.0461663074100000e-02,1.0461663074100000e-02,1.0461663074100000e-02
6,6,1.3000000000000000e-01,1.3000000000000000e-01,0.0000000000000000e+00,1.4132491070500000e-02,1.4132491070500000e-02,1.4132491070500000e-02
7,6,1.4999999999999999e-01,1.3000000000000000e-01,0.0000000000000000e+00,1.8044809798500001e-02,1.8044809798500001e-02,1.8044809798500001e-02
8,6,1.7000000000000001e-01,1.3000000000000000e-01,0.0000000000000000e+00,2.2179476754600001e-02,2.2179476754600001e-02,2.2179476754600001e-02
9,6,1.9000000000000000e-01,1.3000000000000000e-01,0.0000000000000000e+00,2.6572513451500000e-02,2.6572513451500000e-02,2.6572513451500000e-02
10,6,2.0999999999999999e-01,1.3000000000000000e-01,0.0000000000000000e+00,3.1286192932899998e-02,3.1286192932899998e-02,3.1286192932899998e-02
11,6,2.3000000000000001e-01,1.3000000000000000e-01,0.0000000000000000e+00,3.6381990186800002e-02,3.6381990186800002e-02,3.6381990186800002e-02
12,6,2.5000000000000000e-01,1.3000000000000000e-01,0.0000000000000000e+00,4.1899378836100003e-02,4.1899378836100003e-02,4.1899378836100003e-02
13,6,2.7000000000000002e-01,1.3000000000000000e-01,0.0000000000000000e+00,4.7840983993300001e-02,4.7840983993300001e-02,4.7840983993300001e-02
14,6,2.8999999999999998e-01,1.3000000000000000e-01,0.0000000000000000e+00,5.4163421625399999e-02,5.4163421625399999e-02,5.4163421625399999e-02
15,6,3.1000000000000000e-01,1.3000000000000000e-01,0.0000000000000000e+00,6.0773177071899998e-02,6.0773177071899998e-02,6.0773177071899998e-02
16,6,3.3000000000000002e-01,1.3000000000000000e-01,0.0000000000000000e+00,6.7527245425899995e-02,6.7527245425899995e-02,6.7527245425899995e-02
17,6,3.4999999999999998e-01,1.3000000000000000e-01,0.0000000000000000e+00,7.4238495133599994e-02,7.4238495133599994e-02,7.4238495133599994e-02
18,6,3.7000000000000000e-01,1.3000000000000000e-01,0.0000000000000000e+00,8.0685641769000005e-02,8.0685641769000005e-02,8.0685641769000005e-02
19,6,3.9000000000000001e-01,1.3000000000000000e-01,0.0000000000000000e+00,8.6627345601899997e-02,8.6627345601899997e-02,8.6627345601899997e-02
20,6,4.0999999999999998e-01,1.3000000000000000e-01,2.2204460492503131e-16,9.1819402865100000e-02,9.1819402865099778e-02,9.1819402865099778e-02
21,6,4.2999999999999999e-01,1.3000000000000000e-01,7.3837067370013054e-02,9.6033462644099996e-02,2.2196395274086941e-02,2.2196395274086941e-02
22,6,4.5000000000000001e-01,1.3000000000000000e-01,1.3333333333333330e-01,9.9075334123500003e-02,-3.4257999209833301e-02,3.4257999209833301e-02
23,6,4.6999999999999997e-01,1.3000000000000000e-01,1.7537887487646797e-01,1.0080086281000000e-01,-7.4578012066467969e-02,7.4578012066467969e-02
24,6,4.8999999999999999e-01,1.3000000000000000e-01,1.9722702808051362e-01,1.0112758511500000e-01,-9.6099442965513621e-02,9.6099442965513621e-02
25,6,5.1000000000000001e-01,1.3000000000000000e-01,1.9722702808051362e-01,1.0005768189800000e-01,-9.7169346182513619e-02,9.7169346182513619e-02
26,6,5.3000000000000003e-01,1.3000000000000000e-01,1.7537887487646786e-01,9.7658132778099996e-02,-7.7720742098367865e-02,7.7720742098367865e-02
27,6,5.5000000000000004e-01,1.3000000000000000e-01,1.3333333333333330e-01,9.4038393897000000e-02,-3.9294939436333304e-02,3.9294939436333304e-02
28,6,5.6999999999999995e-01,1.3000000000000000e-01,7.3837067370012832e-02,8.9359406903899999e-02,1.5522339533887167e-02,1.5522339533887167e-02
29,6,5.8999999999999997e-01,1.3000000000000000e-01,2.2204460492503131e-16,8.3825857824200004e-02,8.3825857824199781e-02,8.3825857824199781e-02
30,6,6.0999999999999999e-01,1.3000000000000000e-01,0.0000000000000000e+00,7.7680312882500005e-02,7.7680312882500005e-02,7.7680312882500005e-02
31,6,6.3000000000000000e-01,1.3000000000000000e-01,0.0000000000000000e+00,7.1193419603700001e-02,7.1193419603700001e-02,7.1193419603700001e-02
32,6,6.5000000000000002e-01,1.3000000000000000e-01,0.0000000000000000e+00,6.4640615036999999e-02,6.4640615036999999e-02,6.4640615036999999e-02
33,6,6.7000000000000004e-01,1.3000000000000000e-01,0.0000000000000000e+00,5.8262646083300000e-02,5.8262646083300000e-02,5.8262646083300000e-02
34,6,6.8999999999999995e-01,1.3000000000000000e-01,0.0000000000000000e+00,5.2221788206200000e-02,5.2221788206200000e-02,5.2221788206200000e-02
35,6,7.0999999999999996e-01,1.3000000000000000e-01,0.0000000000000000e+00,4.6575592342100000e-02,4.6575592342100000e-02,4.6575592342100000e-02
36,6,7.2999999999999998e-01,1.3000000000000000e-01,0.0000000000000000e+00,4.1285234309800002e-02,4.1285234309800002e-02,4.1285234309800002e-02
37,6,7.5000000000000000e-01,1.3000000000000000e-01,0.0000000000000000e+00,3.6258026749300003e-02,3.6258026749300003e-02,3.6258026749300003e-02
38,6,7.7000000000000002e-01,1.3000000000000000e-01,0.0000000000000000e+00,3.1405442260700002e-02,3.1405442260700002e-02,3.1405442260700002e-02
39,6,7.9000000000000004e-01,1.3000000000000000e-01,0.0000000000000000e+00,2.6690964779100001e-02,2.6690964779100001e-02,2.6690964779100001e-02
40,6,8.1000000000000005e-01,1.3000000000000000e-01,0.0000000000000000e+00,2.2149329488300000e-02,2.2149329488300000e-02,2.2149329488300000e-02
41,6,8.2999999999999996e-01,1.3000000000000000e-01,0.0000000000000000e+00,1.7874031200400001e-02,1.7874031200400001e-02,1.7874031200400001e-02
42,6,8.4999999999999998e-01,1.3000000000000000e-01,0.0000000000000000e+00,1.3983823309799999e-02,1.3983823309799999e-02,1.3983823309799999e-02
43,6,8.7000000000000000e-01,1.3000000000000000e-01,0.0000000000000000e+00,1.0584877248799999e-02,1.0584877248799999e-02,1.0584877248799999e-02
44,6,8.9000000000000001e-01,1.3000000000000000e-01,0.0000000000000000e+00,7.7427087185000000e-03,7.7427087185000000e-03,7.7427087185000000e-03
45,6,9.1000000000000003e-01,1.3000000000000000e-01,0.0000000000000000e+00,5.4705720301499996e-03,5.4705720301499996e-03,5.4705720301499996e-03
46,6,9.3000000000000005e-01,1.3000000000000000e-01,0.0000000000000000e+00,3.7334341659100000e-03,3.7334341659100000e-03,3.7334341659100000e-03
47,6,9.4999999999999996e-01,1.3000000000000000e-01,0.0000000000000000e+00,2.4619351859299999e-03,2.4619351859299999e-03,2.4619351859299999e-03
48,6,9.6999999999999997e-01,1.3000000000000000e-01,0.0000000000000000e+00,1.5696277086300000e-03,1.5696277086300000e-03,1.5696277086300000e-03
49,6,9.8999999999999999e-01,1.3000000000000000e-01,0.0000000000000000e+00,2.3703029050100000e-03,2.3703029050100000e-03,2.3703029050100000e-03
0,7,1.0000000000000000e-02,1.4999999999999999e-01,0.0000000000000000e+00,2.8326343973600002e-04,2.8326343973600002e-04,2.8326343973600002e-04
1,7,2.9999999999999999e-02,1.4999999999999999e-01,0.0000000000000000e+00,1.2809570526800000e-03,1.2809570526800000e-03,1.2809570526800000e-03
2,7,5.0000000000000003e-02,1.4999999999999999e-01,0.0000000000000000e+00,3.2300174513400001e-03,3.2300174513400001e-03,3.2300174513400001e-03
3,7,7.0000000000000007e-02,1.4999999999999999e-01,0.0000000000000000e+00,6.0536597531199998e-03,6.0536597531199998e-03,6.0536597531199998e-03
4,7,8.9999999999999997e-02,1.4999999999999999e-01,0.0000000000000000e+00,9.4867556801899993e-03,9.4867556801899993e-03,9.4867556801899993e-03
5,7,1.1000000000000000e-01,1.4999999999999999e-01,0.0000000000000000e+00,1.3258188134700000e-02,1.3258188134700000e-02,1.3258188134700000e-02
6,7,1.3000000000000000e-01,1.4999999999999999e-01,0.0000000000000000e+00,1.7201762706200000e-02,1.7201762706200000e-02,1.7201762706200000e-02
7,7,1.4999999999999999e-01,1.4999999999999999e-01,0.0000000000000000e+00,2.1278159028799998e-02,2.1278159028799998e-02,2.1278159028799998e-02
8,7,1.7000000000000001e-01,1.4999999999999999e-01,0.0000000000000000e+00,2.5543802234700000e-02,2.5543802234700000e-02,2.5543802234700000e-02
9,7,1.9000000000000000e-01,1.4999999999999999e-01,0.0000000000000000e+00,3.0104211684500001e-02,3.0104211684500001e-02,3.0104211684500001e-02
10,7,2.0999999999999999e-01,1.4999999999999999e-01,0.0000000000000000e+00,3.5072794273299998e-02,3.5072794273299998e-02,3.5072794273299998e-02
11,7,2.3000000000000001e-01,1.4999999999999999e-01,0.0000000000000000e+00,4.0541442274999999e-02,4.0541442274999999e-02,4.0541442274999999e-02
12,7,2.5000000000000000e-01,1.4999999999999999e-01,0.0000000000000000e+00,4.6561840178100000e-02,4.6561840178100000e-02,4.6561840178100000e-02
13,7,2.7000000000000002e-01,1.4999999999999999e-01,0.0000000000000000e+00,5.3134395244200001e-02,5.3134395244200001e-02,5.3134395244200001e-02
14,7,2.8999999999999998e-01,1.4999999999999999e-01,0.0000000000000000e+00,6.0202354580199999e-02,6.0202354580199999e-02,6.0202354580199999e-02
15,7,3.1000000000000000e-01,1.4999999999999999e-01,0.0000000000000000e+00,6.7650003501899994e-02,6.7650003501899994e-02,6.7650003501899994e-02
16,7,3.3000000000000002e-01,1.4999999999999999e-01,0.0000000000000000e+00,7.5304904447500001e-02,7.5304904447500001e-02,7.5304904447500001e-02
17,7,3.4999999999999998e-01,1.4999999999999999e-01,0.0000000000000000e+00,8.2944612737500006e-02,8.2944612737500006e-02,8.2944612737500006e-02
18,7,3.7000000000000000e-01,1.4999999999999999e-01,0.0000000000000000e+00,9.0308192887899999e-02,9.0308192887899999e-02,9.0308192887899999e-02
19,7,3.9000000000000001e-01,1.4999999999999999e-01,8.9287501787662649e-03,9.7112307385600005e-02,8.8183557206833740e-02,8.8183557206833740e-02
20,7,4.0999999999999998e-01,1.4999999999999999e-01,1.0309173019508600e-01,1.0307088462400001e-01,-2.0845571085989500e-05,2.0845571085989500e-05
21,7,4.2999999999999999e-01,1.4999999999999999e-01,1.8622962561775303e-01,1.0791663948600000e-01,-7.8312986131753026e-02,7.8312986131753026e-02
22,7,4.5000000000000001e-01,1.4999999999999999e-01,2.5464400750007010e-01,1.1142222552200000e-01,-1.4322178197807012e-01,1.4322178197807012e-01
23,7,4.6999999999999997e-01,1.4999999999999999e-01,3.0397956607262999e-01,1.1341866386000000e-01,-1.9056090221263000e-01,1.9056090221263000e-01
24,7,4.8999999999999999e-01,1.4999999999999999e-01,3.3000829192527392e-01,1.1380894560099999e-01,-2.1619934632427393e-01,2.1619934632427393e-01
25,7,5.1000000000000001e-01,1.4999999999999999e-01,3.3000829192527392e-01,1.1258624429400001e-01,-2.1742204763127393e-01,2.1742204763127393e-01
26,7,5.3000000000000003e-01,1.4999999999999999e-01,3.0397956607262988e-01,1.0982152028100001e-01,-1.9415804579162987e-01,1.9415804579162987e-01
27,7,5.5000000000000004e-01,1.4999999999999999e-01,2.5464400750006988e-01,1.0564664055300001e-01,-1.4899736694706989e-01,1.4899736694706989e-01
28,7,5.6999999999999995e-01,1.4999999999999999e-01,1.8622962561775291e-01,1.0025307562200000e-01,-8.5976549995752910e-02,8.5976549995752910e-02
29,7,5.8999999999999997e-01,1.4999999999999999e-01,1.0309173019508600e-01,9.3876343281900004e-02,-9.2153869131859911e-03,9.2153869131859911e-03
30,7,6.0999999999999999e-01,1.4999999999999999e-01,8.9287501787662649e-03,8.6781459374199996e-02,7.7852709195433731e-02,7.7852709195433731e-02
31,7,6.3000000000000000e-01,1.4999999999999999e-01,0.0000000000000000e+00,7.9250698264799996e-02,7.9250698264799996e-02,7.9250698264799996e-02
32,7,6.5000000000000002e-01,1.4999999999999999e-01,0.0000000000000000e+00,7.1570267045500000e-02,7.1570267045500000e-02,7.1570267045500000e-02
33,7,6.7000000000000004e-01,1.4999999999999999e-01,0.0000000000000000e+00,6.4009960598299998e-02,6.4009960598299998e-02,6.4009960598299998e-02
34,7,6.8999999999999995e-01,1.4999999999999999e-01,0.0000000000000000e+00,5.6794052535799999e-02,5.6794052535799999e-02,5.6794052535799999e-02
35,7,7.0999999999999996e-01,1.4999999999999999e-01,0.0000000000000000e+00,5.0071074589699997e-02,5.0071074589699997e-02,5.0071074589699997e-02
36,7,7.2999999999999998e-01,1.4999999999999999e-01,0.0000000000000000e+00,4.3896992983699999e-02,4.3896992983699999e-02,4.3896992983699999e-02
37,7,7.5000000000000000e-01,1.4999999999999999e-01,0.0000000000000000e+00,3.8243570186199997e-02,3.8243570186199997e-02,3.8243570186199997e-02
38,7,7.7000000000000002e-01,1.4999999999999999e-01,0.0000000000000000e+00,3.3031896850199999e-02,3.3031896850199999e-02,3.3031896850199999e-02
39,7,7.9000000000000004e-01,1.4999999999999999e-01,0.0000000000000000e+00,2.8177995834500001e-02,2.8177995834500001e-02,2.8177995834500001e-02
40,7,8.1000000000000005e-01,1.4999999999999999e-01,0.0000000000000000e+00,2.3631640240400001e-02,2.3631640240400001e-02,2.3631640240400001e-02
41,7,8.2999999999999996e-01,1.4999999999999999e-01,0.0000000000000000e+00,1.9394082511800002e-02,1.9394082511800002e-02,1.9394082511800002e-02
42,7,8.4999999999999998e-01,1.4999999999999999e-01,0.0000000000000000e+00,1.5511432337600000e-02,1.5511432337600000e-02,1.5511432337600000e-02
43,7,8.7000000000000000e-01,1.4999999999999999e-01,0.0000000000000000e+00,1.2051052519000001e-02,1.2051052519000001e-02,1.2051052519000001e-02
44,7,8.9000000000000001e-01,1.4999999999999999e-01,0.0000000000000000e+00,9.0734351522399996e-03,9.0734351522399996e-03,9.0734351522399996e-03
45,7,9.1000000000000003e-01,1.4999999999999999e-01,0.0000000000000000e+00,6.6106237103999996e-03,6.6106237103999996e-03,6.6106237103999996e-03
46,7,9.3000000000000005e-01,1.4999999999999999e-01,0.0000000000000000e+00,4.6568389416000002e-03,4.6568389416000002e-03,4.6568389416000002e-03
47,7,9.4999999999999996e-01,1.4999999999999999e-01,0.0000000000000000e+00,3.1710801801599999e-03,3.1710801801599999e-03,3.1710801801599999e-03
48,7,9.6999999999999997e-01,1.4999999999999999e-01,0.0000000000000000e+00,2.0876242623400001e-03,2.0876242623400001e-03,2.0876242623400001e-03
49,7,9.8999999999999999e-01,1.4999999999999999e-01,0.0000000000000000e+00,3.3859872418399999e-03,3.3859872418399999e-03,3.3859872418399999e-03
0,8,1.0000000000000000e-02,1.7000000000000001e-01,0.0000000000000000e+00,4.8620610758300000e-04,4.8620610758300000e-04,4.8620610758300000e-04
1,8,2.9999999999999999e-02,1.7000000000000001e-01,0.0000000000000000e+00,2.0196703466800001e-03,2.0196703466800001e-03,2.0196703466800001e-03
2,8,5.0000000000000003e-02,1.7000000000000001e-01,0.0000000000000000e+00,4.7154145691700004e-03,4.7154145691700004e-03,4.7154145691700004e-03
3,8,7.0000000000000007e-02,1.7000000000000001e-01,0.0000000000000000e+00,8.2541867779800000e-03,8.2541867779800000e-03,8.2541867779800000e-03
4,8,8.9999999999999997e-02,1.7000000000000001e-01,0.0000000000000000e+00,1.2196508470300000e-02,1.2196508470300000e-02,1.2196508470300000e-02
5,8,1.1000000000000000e-01,1.7000000000000001e-01,0.0000000000000000e+00,1.6235467128399999e-02,1.6235467128399999e-02,1.6235467128399999e-02
6,8,1.3000000000000000e-01,1.7000000000000001e-01,0.0000000000000000e+00,2.0273035528699999e-02,2.0273035528699999e-02,2.0273035528699999e-02
7,8,1.4999999999999999e-01,1.7000000000000001e-01,0.0000000000000000e+00,2.4376924879800001e-02,2.4376924879800001e-02,2.4376924879800001e-02
8,8,1.7000000000000001e-01,1.7000000000000001e-01,0.0000000000000000e+00,2.8701445142200001e-02,2.8701445142200001e-02,2.8701445142200001e-02
9,8,1.9000000000000000e-01,1.7000000000000001e-01,0.0000000000000000e+00,3.3420207880800003e-02,3.3420207880800003e-02,3.3420207880800003e-02
10,8,2.0999999999999999e-01,1.7000000000000001e-01,0.0000000000000000e+00,3.8683453825500001e-02,3.8683453825500001e-02,3.8683453825500001e-02
11,8,2.3000000000000001e-01,1.7000000000000001e-01,0.0000000000000000e+00,4.4595525137100002e-02,4.4595525137100002e-02,4.4595525137100002e-02
12,8,2.5000000000000000e-01,1.7000000000000001e-01,0.0000000000000000e+00,5.1204184889599998e-02,5.1204184889599998e-02,5.1204184889599998e-02
13,8,2.7000000000000002e-01,1.7000000000000001e-01,0.0000000000000000e+00,5.8495557944599999e-02,5.8495557944599999e-02,5.8495557944599999e-02
14,8,2.8999999999999998e-01,1.7000000000000001e-01,0.0000000000000000e+00,6.6391707208000000e-02,6.6391707208000000e-02,6.6391707208000000e-02
15,8,3.1000000000000000e-01,1.7000000000000001e-01,0.0000000000000000e+00,7.4750370266200003e-02,7.4750370266200003e-02,7.4750370266200003e-02
16,8,3.3000000000000002e-01,1.7000000000000001e-01,0.0000000000000000e+00,8.3367759270499997e-02,8.3367759270499997e-02,8.3367759270499997e-02
17,8,3.4999999999999998e-01,1.7000000000000001e-01,0.0000000000000000e+00,9.1985700593699996e-02,9.1985700593699996e-02,9.1985700593699996e-02
18,8,3.7000000000000000e-01,1.7000000000000001e-01,0.0000000000000000e+00,1.0030400960700001e-01,1.0030400960700001e-01,1.0030400960700001e-01
19,8,3.9000000000000001e-01,1.7000000000000001e-01,9.3235299417637196e-02,1.0799813223500000e-01,1.4762832817362806e-02,1.4762832817362806e-02
20,8,4.0999999999999998e-01,1.7000000000000001e-01,1.9722702808051384e-01,1.1474103378700000e-01,-8.2485994293513845e-02,8.2485994293513845e-02
21,8,4.2999999999999999e-01,1.7000000000000001e-01,2.9132361248435668e-01,1.2022737347000000e-01,-1.7109623901435667e-01,1.7109623901435667e-01
22,8,4.5000000000000001e-01,1.7000000000000001e-01,3.7106792452955983e-01,1.2419740413900000e-01,-2.4687052039055984e-01,2.4687052039055984e-01
23,8,4.6999999999999997e-01,1.7000000000000001e-01,4.3039975031216471e-01,1.2645789347399999e-01,-3.0394185683816471e-01,3.0394185683816471e-01
24,8,4.8999999999999999e-01,1.7000000000000001e-01,4.6251615011343006e-01,1.2689766205500000e-01,-3.3561848805843009e-01,3.3561848805843009e-01
25,8,5.1000000000000001e-01,1.7000000000000001e-01,4.6251615011343006e-01,1.2549525215300000e-01,-3.3702089796043005e-01,3.3702089796043005e-01
26,8,5.3000000000000003e-01,1.7000000000000001e-01,4.3039975031216460e-01,1.2232117885900000e-01,-3.0807857145316458e-01,3.0807857145316458e-01
27,8,5.5000000000000004e-01,1.7000000000000001e-01,3.7106792452955961e-01,1.1753304459699999e-01,-2.5353487993255963e-01,2.5353487993255963e-01
28,8,5.6999999999999995e-01,1.7000000000000001e-01,2.9132361248435645e-01,1.1135876403400000e-01,-1.7996484845035646e-01,1.7996484845035646e-01
29,8,5.8999999999999997e-01,1.7000000000000001e-01,1.9722702808051384e-01,1.0407554765200000e-01,-9.3151480428513844e-02,9.3151480428513844e-02
30,8,6.0999999999999999e-01,1.7000000000000001e-01,9.3235299417637196e-02,9.5988190334600001e-02,2.7528909169628052e-03,2.7528909169628052e-03
31,8,6.3000000000000000e-01,1.7000000000000001e-01,0.0000000000000000e+00,8.7410121868200005e-02,8.7410121868200005e-02,8.7410121868200005e-02
32,8,6.5000000000000002e-01,1.7000000000000001e-01,0.0000000000000000e+00,7.8648299713399997e-02,7.8648299713399997e-02,7.8648299713399997e-02
33,8,6.7000000000000004e-01,1.7000000000000001e-01,0.0000000000000000e+00,6.9989411240600000e-02,6.9989411240600000e-02,6.9989411240600000e-02
34,8,6.8999999999999995e-01,1.7000000000000001e-01,0.0000000000000000e+00,6.1683220272099999e-02,6.1683220272099999e-02,6.1683220272099999e-02
35,8,7.0999999999999996e-01,1.7000000000000001e-01,0.0000000000000000e+00,5.3922029264599998e-02,5.3922029264599998e-02,5.3922029264599998e-02
36,8,7.2999999999999998e-01,1.7000000000000001e-01,0.0000000000000000e+00,4.6821734572100003e-02,4.6821734572100003e-02,4.6821734572100003e-02
37,8,7.5000000000000000e-01,1.7000000000000001e-01,0.0000000000000000e+00,4.0414398379400002e-02,4.0414398379400002e-02,4.0414398379400002e-02
38,8,7.7000000000000002e-01,1.7000000000000001e-01,0.0000000000000000e+00,3.4659908543200002e-02,3.4659908543200002e-02,3.4659908543200002e-02
39,8,7.9000000000000004e-01,1.7000000000000001e-01,0.0000000000000000e+00,2.9475673840900000e-02,2.9475673840900000e-02,2.9475673840900000e-02
40,8,8.1000000000000005e-01,1.7000000000000001e-01,0.0000000000000000e+00,2.4774014592900000e-02,2.4774014592900000e-02,2.4774014592900000e-02
41,8,8.2999999999999996e-01,1.7000000000000001e-01,0.0000000000000000e+00,2.0493084829299998e-02,2.0493084829299998e-02,2.0493084829299998e-02
42,8,8.4999999999999998e-01,1.7000000000000001e-01,0.0000000000000000e+00,1.6610887011000001e-02,1.6610887011000001e-02,1.6610887011000001e-02
43,8,8.7000000000000000e-01,1.7000000000000001e-01,0.0000000000000000e+00,1.3140346734400000e-02,1.3140346734400000e-02,1.3140346734400000e-02
44,8,8.9000000000000001e-01,1.7000000000000001e-01,0.0000000000000000e+00,1.0111386977800001e-02,1.0111386977800001e-02,1.0111386977800001e-02
45,8,9.1000000000000003e-01,1.7000000000000001e-01,0.0000000000000000e+00,7.5496711678299999e-03,7.5496711678299999e-03,7.5496711678299999e-03
46,8,9.3000000000000005e-01,1.7000000000000001e-01,0.0000000000000000e+00,5.4604878887800001e-03,5.4604878887800001e-03,5.4604878887800001e-03
47,8,9.4999999999999996e-01,1.7000000000000001e-01,0.0000000000000000e+00,3.8220315645000002e-03,3.8220315645000002e-03,3.8220315645000002e-03
48,8,9.6999999999999997e-01,1.7000000000000001e-01,0.0000000000000000e+00,2.5877957658199998e-03,2.5877957658199998e-03,2.5877957658199998e-03
49,8,9.8999999999999999e-01,1.7000000000000001e-01,0.0000000000000000e+00,4.4840751566199996e-03,4.4840751566199996e-03,4.4840751566199996e-03
0,9,1.0000000000000000e-02,1.9000000000000000e-01,0.0000000000000000e+00,8.1651568946200005e-04,8.1651568946200005e-04,8.1651568946200005e-04
1,9,2.9999999999999999e-02,1.9000000000000000e-01,0.0000000000000000e+00,3.0978547860999999e-03,3.0978547860999999e-03,3.0978547860999999e-03
2,9,5.0000000000000003e-02,1.9000000000000000e-01,0.0000000000000000e+00,6.6680813385099997e-03,6.6680813385099997e-03,6.6680813385099997e-03
3,9,7.0000000000000007e-02,1.9000000000000000e-01,0.0000000000000000e+00,1.0873882569099999e-02,1.0873882569099999e-02,1.0873882569099999e-02
4,9,8.9999999999999997e-02,1.9000000000000000e-01,0.0000000000000000e+00,1.5142009917200000e-02,1.5142009917200000e-02,1.5142009917200000e-02
5,9,1.1000000000000000e-01,1.9000000000000000e-01,0.0000000000000000e+00,1.9230222212199999e-02,1.9230222212199999e-02,1.9230222212199999e-02
6,9,1.3000000000000000e-01,1.9000000000000000e-01,0.0000000000000000e+00,2.3191844062700001e-02,2.3191844062700001e-02,2.3191844062700001e-02
7,9,1.4999999999999999e-01,1.9000000000000000e-01,0.0000000000000000e+00,2.7237859877699999e-02,2.7237859877699999e-02,2.7237859877699999e-02
8,9,1.7000000000000001e-01,1.9000000000000000e-01,0.0000000000000000e+00,3.1617095015599998e-02,3.1617095015599998e-02,3.1617095015599998e-02
9,9,1.9000000000000000e-01,1.9000000000000000e-01,0.0000000000000000e+00,3.6547695768400001e-02,3.6547695768400001e-02,3.6547695768400001e-02
10,9,2.0999999999999999e-01,1.9000000000000000e-01,0.0000000000000000e+00,4.2189177172700001e-02,4.2189177172700001e-02,4.2189177172700001e-02
11,9,2.3000000000000001e-01,1.9000000000000000e-01,0.0000000000000000e+00,4.8635498780800000e-02,4.8635498780800000e-02,4.8635498780800000e-02
12,9,2.5000000000000000e-01,1.9000000000000000e-01,0.0000000000000000e+00,5.5915112456599997e-02,5.5915112456599997e-02,5.5915112456599997e-02
13,9,2.7000000000000002e-01,1.9000000000000000e-01,0.0000000000000000e+00,6.3991339240600006e-02,6.3991339240600006e-02,6.3991339240600006e-02
14,9,2.8999999999999998e-01,1.9000000000000000e-01,0.0000000000000000e+00,7.2761642268299995e-02,7.2761642268299995e-02,7.2761642268299995e-02
15,9,3.1000000000000000e-01,1.9000000000000000e-01,0.0000000000000000e+00,8.2057099767500002e-02,8.2057099767500002e-02,8.2057099767500002e-02
16,9,3.3000000000000002e-01,1.9000000000000000e-01,0.0000000000000000e+00,9.1644375425200000e-02,9.1644375425200000e-02,9.1644375425200000e-02
17,9,3.4999999999999998e-01,1.9000000000000000e-01,0.0000000000000000e+00,1.0123237496600000e-01,1.0123237496600000e-01,1.0123237496600000e-01
18,9,3.7000000000000000e-01,1.9000000000000000e-01,4.5478595781576425e-02,1.1048496392899999e-01,6.5006368147423568e-02,6.5006368147423568e-02
19,9,3.9000000000000001e-01,1.9000000000000000e-01,1.6466906092388878e-01,1.1903989051100000e-01,-4.5629170412888775e-02,4.5629170412888775e-02
20,9,4.0999999999999998e-01,1.9000000000000000e-01,2.7888974490720231e-01,1.2653271684799999e-01,-1.5235702805920232e-01,1.5235702805920232e-01
21,9,4.2999999999999999e-01,1.9000000000000000e-01,3.8536370284714083e-01,1.3262344731500000e-01,-2.5274025553214086e-01,2.5274025553214086e-01
22,9,4.5000000000000001e-01,1.9000000000000000e-01,4.7931668827288976e-01,1.3702291241900000e-01,-3.4229377585388976e-01,3.4229377585388976e-01
23,9,4.6999999999999997e-01,1.9000000000000000e-01,5.5278640450004213e-01,1.3951589927499999e-01,-4.1327050522504216e-01,4.1327050522504216e-01
24,9,4.8999999999999999e-01,1.9000000000000000e-01,5.9448249798011865e-01,1.3997841809000000e-01,-4.5450407989011865e-01,4.5450407989011865e-01
25,9,5.1000000000000001e-01,1.9000000000000000e-01,5.9448249798011865e-01,1.3836814606900000e-01,-4.5611435191111865e-01,4.5611435191111865e-01
26,9,5.3000000000000003e-01,1.9000000000000000e-01,5.5278640450004202e-01,1.3474940624300000e-01,-4.1803699825704199e-01,4.1803699825704199e-01
27,9,5.5000000000000004e-01,1.9000000000000000e-01,4.7931668827288954e-01,1.2930754380400000e-01,-3.5000914446888953e-01,3.5000914446888953e-01
28,9,5.6999999999999995e-01,1.9000000000000000e-01,3.8536370284714050e-01,1.2230982210800000e-01,-2.6305388073914049e-01,2.6305388073914049e-01
29,9,5.8999999999999997e-01,1.9000000000000000e-01,2.7888974490720231e-01,1.1407956130900000e-01,-1.6481018359820232e-01,1.6481018359820232e-01
30,9,6.0999999999999999e-01,1.9000000000000000e-01,1.6466906092388878e-01,1.0496858933000000e-01,-5.9700471593888776e-02,5.9700471593888776e-02
31,9,6.3000000000000000e-01,1.9000000000000000e-01,4.5478595781576425e-02,9.5332035425500006e-02,4.9853439643923581e-02,4.9853439643923581e-02
32,9,6.5000000000000002e-01,1.9000000000000000e-01,0.0000000000000000e+00,8.5508374627599998e-02,8.5508374627599998e-02,8.5508374627599998e-02
33,9,6.7000000000000004e-01,1.9000000000000000e-01,0.0000000000000000e+00,7.5805095047500007e-02,7.5805095047500007e-02,7.5805095047500007e-02
34,9,6.8999999999999995e-01,1.9000000000000000e-01,0.0000000000000000e+00,6.6487464430500007e-02,6.6487464430500007e-02,6.6487464430500007e-02
35,9,7.0999999999999996e-01,1.9000000000000000e-01,0.0000000000000000e+00,5.7767024020200002e-02,5.7767024020200002e-02,5.7767024020200002e-02
36,9,7.2999999999999998e-01,1.9000000000000000e-01,0.0000000000000000e+00,4.9789189863600002e-02,4.9789189863600002e-02,4.9789189863600002e-02
37,9,7.5000000000000000e-01,1.9000000000000000e-01,0.0000000000000000e+00,4.2624102121500002e-02,4.2624102121500002e-02,4.2624102121500002e-02
38,9,7.7000000000000002e-01,1.9000000000000000e-01,0.0000000000000000e+00,3.6267546665700000e-02,3.6267546665700000e-02,3.6267546665700000e-02
39,9,7.9000000000000004e-01,1.9000000000000000e-01,0.0000000000000000e+00,3.0656329929100001e-02,3.0656329929100001e-02,3.0656329929100001e-02
40,9,8.1000000000000005e-01,1.9000000000000000e-01,0.0000000000000000e+00,2.5695859665600000e-02,2.5695859665600000e-02,2.5695859665600000e-02
41,9,8.2999999999999996e-01,1.9000000000000000e-01,0.0000000000000000e+00,2.1291229662600001e-02,2.1291229662600001e-02,2.1291229662600001e-02
42,9,8.4999999999999998e-01,1.9000000000000000e-01,0.0000000000000000e+00,1.7371122642600000e-02,1.7371122642600000e-02,1.7371122642600000e-02
43,9,8.7000000000000000e-01,1.9000000000000000e-01,0.0000000000000000e+00,1.3897416096400000e-02,1.3897416096400000e-02,1.3897416096400000e-02
44,9,8.9000000000000001e-01,1.9000000000000000e-01,0.0000000000000000e+00,1.0860011887100000e-02,1.0860011887100000e-02,1.0860011887100000e-02
45,9,9.1000000000000003e-01,1.9000000000000000e-01,0.0000000000000000e+00,8.2622327914599995e-03,8.2622327914599995e-03,8.2622327914599995e-03
46,9,9.3000000000000005e-01,1.9000000000000000e-01,0.0000000000000000e+00,6.1044791396400004e-03,6.1044791396400004e-03,6.1044791396400004e-03
47,9,9.4999999999999996e-01,1.9000000000000000e-01,0.0000000000000000e+00,4.3724740862499997e-03,4.3724740862499997e-03,4.3724740862499997e-03
48,9,9.6999999999999997e-01,1.9000000000000000e-01,0.0000000000000000e+00,3.0329681217299998e-03,3.0329681217299998e-03,3.0329681217299998e-03
49,9,9.8999999999999999e-01,1.9000000000000000e-01,0.0000000000000000e+00,5.5835343590900002e-03,5.5835343590900002e-03,5.5835343590900002e-03
0,10,1.0000000000000000e-02,2.0999999999999999e-01,0.0000000000000000e+00,1.3408230397600001e-03,1.3408230397600001e-03,1.3408230397600001e-03
1,10,2.9999999999999999e-02,2.0999999999999999e-01,0.0000000000000000e+00,4.6171672933599996e-03,4.6171672933599996e-03,4.6171672933599996e-03
2,10,5.0000000000000003e-02,2.0999999999999999e-01,0.0000000000000000e+00,9.1220498355400002e-03,9.1220498355400002e-03,9.1220498355400002e-03
3,10,7.0000000000000007e-02,2.0999999999999999e-01,0.0000000000000000e+00,1.3829191574700000e-02,1.3829191574700000e-02,1.3829191574700000e-02
4,10,8.9999999999999997e-02,2.0999999999999999e-01,0.0000000000000000e+00,1.8159236421700000e-02,1.8159236421700000e-02,1.8159236421700000e-02
5,10,1.1000000000000000e-01,2.0999999999999999e-01,0.0000000000000000e+00,2.2074285467100000e-02,2.2074285467100000e-02,2.2074285467100000e-02
6,10,1.3000000000000000e-01,2.0999999999999999e-01,0.0000000000000000e+00,2.5847545094900001e-02,2.5847545094900001e-02,2.5847545094900001e-02
7,10,1.4999999999999999e-01,2.0999999999999999e-01,0.0000000000000000e+00,2.9832354296500000e-02,2.9832354296500000e-02,2.9832354296500000e-02
8,10,1.7000000000000001e-01,2.0999999999999999e-01,0.0000000000000000e+00,3.4335981330800000e-02,3.4335981330800000e-02,3.4335981330800000e-02
9,10,1.9000000000000000e-01,2.0999999999999999e-01,0.0000000000000000e+00,3.9579583773300002e-02,3.9579583773300002e-02,3.9579583773300002e-02
10,10,2.0999999999999999e-01,2.0999999999999999e-01,0.0000000000000000e+00,4.5699753718699998e-02,4.5699753718699998e-02,4.5699753718699998e-02
11,10,2.3000000000000001e-01,2.0999999999999999e-01,0.0000000000000000e+00,5.2760477834099997e-02,5.2760477834099997e-02,5.2760477834099997e-02
12,10,2.5000000000000000e-01,2.0999999999999999e-01,0.0000000000000000e+00,6.0761701244099998e-02,6.0761701244099998e-02,6.0761701244099998e-02
13,10,2.7000000000000002e-01,2.0999999999999999e-01,0.0000000000000000e+00,6.9641592951699999e-02,6.9641592951699999e-02,6.9641592951699999e-02
14,10,2.8999999999999998e-01,2.0999999999999999e-01,0.0000000000000000e+00,7.9274536895500000e-02,7.9274536895500000e-02,7.9274536895500000e-02
15,10,3.1000000000000000e-01,2.0999999999999999e-01,0.0000000000000000e+00,8.9468416232600004e-02,8.9468416232600004e-02,8.9468416232600004e-02
16,10,3.3000000000000002e-01,2.0999999999999999e-01,0.0000000000000000e+00,9.9964745564400007e-02,9.9964745564400007e-02,9.9964745564400007e-02
17,10,3.4999999999999998e-01,2.0999999999999999e-01,0.0000000000000000e+00,1.1044445053200000e-01,1.1044445053200000e-01,1.1044445053200000e-01
18,10,3.7000000000000000e-01,2.0999999999999999e-01,9.3235299417636974e-02,1.2054086171700000e-01,2.7305562299363026e-02,2.7305562299363026e-02
19,10,3.9000000000000001e-01,2.0999999999999999e-01,2.1968667261869168e-01,1.2985993787500000e-01,-8.9826734743691683e-02,8.9826734743691683e-02
20,10,4.0999999999999998e-01,2.0999999999999999e-01,3.4340947988025983e-01,1.3800614589400001e-01,-2.0540333398625982e-01,2.0540333398625982e-01
21,10,4.2999999999999999e-01,2.0999999999999999e-01,4.6251615011342995e-01,1.4461120328300001e-01,-3.1790494683042991e-01,3.1790494683042991e-01
22,10,4.5000000000000001e-01,2.0999999999999999e-01,5.7312505083781007e-01,1.4936235037600001e-01,-4.2376270046181008e-01,4.2376270046181008e-01
23,10,4.6999999999999997e-01,2.0999999999999999e-01,6.6666666666666674e-01,1.5202698133000001e-01,-5.1463968533666671e-01,5.1463968533666671e-01
24,10,4.8999999999999999e-01,2.0999999999999999e-01,7.2512629162548925e-01,1.5247105710299999e-01,-5.7265523452248923e-01,5.7265523452248923e-01
25,10,5.1000000000000001e-01,2.0999999999999999e-01,7.2512629162548925e-01,1.5062527566600001e-01,-5.7450101595948921e-01,5.7450101595948921e-01
26,10,5.3000000000000003e-01,2.0999999999999999e-01,6.6666666666666652e-01,1.4654115769300000e-01,-5.2012550897366649e-01,5.2012550897366649e-01
27,10,5.5000000000000004e-01,2.0999999999999999e-01,5.7312505083780985e-01,1.4043227563899999e-01,-4.3269277519880989e-01,4.3269277519880989e-01
28,10,5.6999999999999995e-01,2.0999999999999999e-01,4.6251615011342961e-01,1.3260571258300000e-01,-3.2991043753042959e-01,3.2991043753042959e-01
29,10,5.8999999999999997e-01,2.0999999999999999e-01,3.4340947988025983e-01,1.2343149314700000e-01,-2.1997798673325983e-01,2.1997798673325983e-01
30,10,6.0999999999999999e-01,2.0999999999999999e-01,2.1968667261869168e-01,1.1330982376199999e-01,-1.0637684885669169e-01,1.0637684885669169e-01
31,10,6.3000000000000000e-01,2.0999999999999999e-01,9.3235299417636974e-02,1.0264056942300000e-01,9.4052700053630228e-03,9.4052700053630228e-03
32,10,6.5000000000000002e-01,2.0999999999999999e-01,0.0000000000000000e+00,9.1798528486300005e-02,9.1798528486300005e-02,9.1798528486300005e-02
33,10,6.7000000000000004e-01,2.0999999999999999e-01,0.0000000000000000e+00,8.1116301940600002e-02,8.1116301940600002e-02,8.1116301940600002e-02
34,10,6.8999999999999995e-01,2.0999999999999999e-01,0.0000000000000000e+00,7.0874012442999998e-02,7.0874012442999998e-02,7.0874012442999998e-02
35,10,7.0999999999999996e-01,2.0999999999999999e-01,0.0000000000000000e+00,6.1292954274100003e-02,6.1292954274100003e-02,6.1292954274100003e-02
36,10,7.2999999999999998e-01,2.0999999999999999e-01,0.0000000000000000e+00,5.2530192833100002e-02,5.2530192833100002e-02,5.2530192833100002e-02
37,10,7.5000000000000000e-01,2.0999999999999999e-01,0.0000000000000000e+00,4.4673784097399999e-02,4.4673784097399999e-02,4.4673784097399999e-02
38,10,7.7000000000000002e-01,2.0999999999999999e-01,0.0000000000000000e+00,3.7741858311599999e-02,3.7741858311599999e-02,3.7741858311599999e-02
39,10,7.9000000000000004e-01,2.0999999999999999e-01,0.0000000000000000e+00,3.1690178750199999e-02,3.1690178750199999e-02,3.1690178750199999e-02
40,10,8.1000000000000005e-01,2.0999999999999999e-01,0.0000000000000000e+00,2.6430198800400002e-02,2.6430198800400002e-02,2.6430198800400002e-02
41,10,8.2999999999999996e-01,2.0999999999999999e-01,0.0000000000000000e+00,2.1854468495400001e-02,2.1854468495400001e-02,2.1854468495400001e-02
42,10,8.4999999999999998e-01,2.0999999999999999e-01,0.0000000000000000e+00,1.7861985123099999e-02,1.7861985123099999e-02,1.7861985123099999e-02
43,10,8.7000000000000000e-01,2.0999999999999999e-01,0.0000000000000000e+00,1.4375621491100001e-02,1.4375621491100001e-02,1.4375621491100001e-02
44,10,8.9000000000000001e-01,2.0999999999999999e-01,0.0000000000000000e+00,1.1347309810100001e-02,1.1347309810100001e-02,1.1347309810100001e-02
45,10,9.1000000000000003e-01,2.0999999999999999e-01,0.0000000000000000e+00,8.7519199821500006e-03,8.7519199821500006e-03,8.7519199821500006e-03
46,10,9.3000000000000005e-01,2.0999999999999999e-01,0.0000000000000000e+00,6.5748190598499999e-03,6.5748190598499999e-03,6.5748190598499999e-03
47,10,9.4999999999999996e-01,2.0999999999999999e-01,0.0000000000000000e+00,4.7992361767799996e-03,4.7992361767799996e-03,4.7992361767799996e-03
48,10,9.6999999999999997e-01,2.0999999999999999e-01,0.0000000000000000e+00,3.3979661945299998e-03,3.3979661945299998e-03,3.3979661945299998e-03
49,10,9.8999999999999999e-01,2.0999999999999999e-01,0.0000000000000000e+00,6.6087992723899997e-03,6.6087992723899997e-03,6.6087992723899997e-03
0,11,1.0000000000000000e-02,2.3000000000000001e-01,0.0000000000000000e+00,2.1516096158200001e-03,2.1516096158200001e-03,2.1516096158200001e-03
1,11,2.9999999999999999e-02,2.3000000000000001e-01,0.0000000000000000e+00,6.6781610928399997e-03,6.6781610928399997e-03,6.6781610928399997e-03
2,11,5.0000000000000003e-02,2.3000000000000001e-01,0.0000000000000000e+00,1.2056206184700000e-02,1.2056206184700000e-02,1.2056206184700000e-02
3,11,7.0000000000000007e-02,2.3000000000000001e-01,0.0000000000000000e+00,1.6969530181999998e-02,1.6969530181999998e-02,1.6969530181999998e-02
4,11,8.9999999999999997e-02,2.3000000000000001e-01,0.0000000000000000e+00,2.1059158456599999e-02,2.1059158456599999e-02,2.1059158456599999e-02
5,11,1.1000000000000000e-01,2.3000000000000001e-01,0.0000000000000000e+00,2.4633876526899998e-02,2.4633876526899998e-02,2.4633876526899998e-02
6,11,1.3000000000000000e-01,2.3000000000000001e-01,0.0000000000000000e+00,2.8204034097600000e-02,2.8204034097600000e-02,2.8204034097600000e-02
7,11,1.4999999999999999e-01,2.3000000000000001e-01,0.0000000000000000e+00,3.2213831712199999e-02,3.2213831712199999e-02,3.2213831712199999e-02
8,11,1.7000000000000001e-01,2.3000000000000001e-01,0.0000000000000000e+00,3.6966241027000003e-02,3.6966241027000003e-02,3.6966241027000003e-02
9,11,1.9000000000000000e-01,2.3000000000000001e-01,0.0000000000000000e+00,4.2639259219599997e-02,4.2639259219599997e-02,4.2639259219599997e-02
10,11,2.0999999999999999e-01,2.3000000000000001e-01,0.0000000000000000e+00,4.9321481490500002e-02,4.9321481490500002e-02,4.9321481490500002e-02
11,11,2.3000000000000001e-01,2.3000000000000001e-01,0.0000000000000000e+00,5.7037497104899998e-02,5.7037497104899998e-02,5.7037497104899998e-02
12,11,2.5000000000000000e-01,2.3000000000000001e-01,0.0000000000000000e+00,6.5758128455799994e-02,6.5758128455799994e-02,6.5758128455799994e-02
13,11,2.7000000000000002e-01,2.3000000000000001e-01,0.0000000000000000e+00,7.5399659594499999e-02,7.5399659594499999e-02,7.5399659594499999e-02
14,11,2.8999999999999998e-01,2.3000000000000001e-01,0.0000000000000000e+00,8.5817916532399993e-02,8.5817916532399993e-02,8.5817916532399993e-02
15,11,3.1000000000000000e-01,2.3000000000000001e-01,0.0000000000000000e+00,9.6802391985699995e-02,9.6802391985699995e-02,9.6802391985699995e-02
16,11,3.3000000000000002e-01,2.3000000000000001e-01,0.0000000000000000e+00,1.0807450340300000e-01,1.0807450340300000e-01,1.0807450340300000e-01
17,11,3.4999999999999998e-01,2.3000000000000001e-01,0.0000000000000000e+00,1.1929287254000000e-01,1.1929287254000000e-01,1.1929287254000000e-01
18,11,3.7000000000000000e-01,2.3000000000000001e-01,1.2313690413560618e-01,1.3006705429900001e-01,6.9301501633938223e-03,6.9301501633938223e-03
19,11,3.9000000000000001e-01,2.3000000000000001e-01,2.5464400750007021e-01,1.3997936241799999e-01,-1.1466464508207022e-01,1.1466464508207022e-01
20,11,4.0999999999999998e-01,2.3000000000000001e-01,3.8536370284714105e-01,1.4861262802700001e-01,-2.3675107482014104e-01,2.3675107482014104e-01
21,11,4.2999999999999999e-01,2.3000000000000001e-01,5.1465934071463204e-01,1.5558044773700000e-01,-3.5907889297763207e-01,3.5907889297763207e-01
22,11,4.5000000000000001e-01,2.3000000000000001e-01,6.4098901285769982e-01,1.6055619905200000e-01,-4.8043281380569980e-01,4.8043281380569980e-01
23,11,4.6999999999999997e-01,2.3000000000000001e-01,7.5962991496906751e-01,1.6329776029900001e-01,-5.9633215467006750e-01,5.9633215467006750e-01
24,11,4.8999999999999999e-01,2.3000000000000001e-01,8.5092880150001404e-01,1.6366585941699999e-01,-6.8726294208301408e-01,6.8726294208301408e-01
25,11,5.1000000000000001e-01,2.3000000000000001e-01,8.5092880150001404e-01,1.6155886941799999e-01,-6.8936993208201403e-01,6.8936993208201403e-01
26,11,5.3000000000000003e-01,2.3000000000000001e-01,7.5962991496906729e-01,1.5700831245700000e-01,-6.0262160251206731e-01,6.0262160251206731e-01
27,11,5.5000000000000004e-01,2.3000000000000001e-01,6.4098901285769949e-01,1.5025452005300000e-01,-4.9073449280469950e-01,4.9073449280469950e-01
28,11,5.6999999999999995e-01,2.3000000000000001e-01,5.1465934071463171e-01,1.4164199087300000e-01,-3.7301734984163171e-01,3.7301734984163171e-01
29,11,5.8999999999999997e-01,2.3000000000000001e-01,3.8536370284714105e-01,1.3158435946800001e-01,-2.5377934337914104e-01,2.5377934337914104e-01
30,11,6.0999999999999999e-01,2.3000000000000001e-01,2.5464400750007021e-01,1.2052691885400001e-01,-1.3411708864607019e-01,1.3411708864607019e-01
31,11,6.3000000000000000e-01,2.3000000000000001e-01,1.2313690413560618e-01,1.0891160751600000e-01,-1.4225296619606184e-02,1.4225296619606184e-02
32,11,6.5000000000000002e-01,2.3000000000000001e-01,0.0000000000000000e+00,9.7148346271399996e-02,9.7148346271399996e-02,9.7148346271399996e-02
33,11,6.7000000000000004e-01,2.3000000000000001e-01,0.0000000000000000e+00,8.5595053800500004e-02,8.5595053800500004e-02,8.5595053800500004e-02
34,11,6.8999999999999995e-01,2.3000000000000001e-01,0.0000000000000000e+00,7.4546588932900004e-02,7.4546588932900004e-02,7.4546588932900004e-02
35,11,7.0999999999999996e-01,2.3000000000000001e-01,0.0000000000000000e+00,6.4230636192400006e-02,6.4230636192400006e-02,6.4230636192400006e-02
36,11,7.2999999999999998e-01,2.3000000000000001e-01,0.0000000000000000e+00,5.4807235268000000e-02,5.4807235268000000e-02,5.4807235268000000e-02
37,11,7.5000000000000000e-01,2.3000000000000001e-01,0.0000000000000000e+00,4.6369369370899999e-02,4.6369369370899999e-02,4.6369369370899999e-02
38,11,7.7000000000000002e-01,2.3000000000000001e-01,0.0000000000000000e+00,3.8944627090400002e-02,3.8944627090400002e-02,3.8944627090400002e-02
39,11,7.9000000000000004e-01,2.3000000000000001e-01,0.0000000000000000e+00,3.2500569450000003e-02,3.2500569450000003e-02,3.2500569450000003e-02
40,11,8.1000000000000005e-01,2.3000000000000001e-01,0.0000000000000000e+00,2.6956771267299999e-02,2.6956771267299999e-02,2.6956771267299999e-02
41,11,8.2999999999999996e-01,2.3000000000000001e-01,0.0000000000000000e+00,2.2203862877700001e-02,2.2203862877700001e-02,2.2203862877700001e-02
42,11,8.4999999999999998e-01,2.3000000000000001e-01,0.0000000000000000e+00,1.8125942687500000e-02,1.8125942687500000e-02,1.8125942687500000e-02
43,11,8.7000000000000000e-01,2.3000000000000001e-01,0.0000000000000000e+00,1.4620229558300000e-02,1.4620229558300000e-02,1.4620229558300000e-02
44,11,8.9000000000000001e-01,2.3000000000000001e-01,0.0000000000000000e+00,1.1608508054100001e-02,1.1608508054100001e-02,1.1608508054100001e-02
45,11,9.1000000000000003e-01,2.3000000000000001e-01,0.0000000000000000e+00,9.0383258967899997e-03,9.0383258967899997e-03,9.0383258967899997e-03
46,11,9.3000000000000005e-01,2.3000000000000001e-01,0.0000000000000000e+00,6.8759516214400001e-03,6.8759516214400001e-03,6.8759516214400001e-03
47,11,9.4999999999999996e-01,2.3000000000000001e-01,0.0000000000000000e+00,5.0956659078799996e-03,5.0956659078799996e-03,5.0956659078799996e-03
48,11,9.6999999999999997e-01,2.3000000000000001e-01,0.0000000000000000e+00,3.6701288015700000e-03,3.6701288015700000e-03,3.6701288015700000e-03
49,11,9.8999999999999999e-01,2.3000000000000001e-01,0.0000000000000000e+00,7.5001812053400001e-03,7.5001812053400001e-03,7.5001812053400001e-03
0,12,1.0000000000000000e-02,2.5000000000000000e-01,0.0000000000000000e+00,3.3715932875400000e-03,3.3715932875400000e-03,3.3715932875400000e-03
1,12,2.9999999999999999e-02,2.5000000000000000e-01,0.0000000000000000e+00,9.3597026433100000e-03,9.3597026433100000e-03,9.3597026433100000e-03
2,12,5.0000000000000003e-02,2.5000000000000000e-01,0.0000000000000000e+00,1.5373177658300000e-02,1.5373177658300000e-02,1.5373177658300000e-02
3,12,7.0000000000000007e-02,2.5000000000000000e-01,0.0000000000000000e+00,2.0089096041599998e-02,2.0089096041599998e-02,2.0089096041599998e-02
4,12,8.9999999999999997e-02,2.5000000000000000e-01,0.0000000000000000e+00,2.3666890540199999e-02,2.3666890540199999e-02,2.3666890540199999e-02
5,12,1.1000000000000000e-01,2.5000000000000000e-01,0.0000000000000000e+00,2.6846184150400000e-02,2.6846184150400000e-02,2.6846184150400000e-02
6,12,1.3000000000000000e-01,2.5000000000000000e-01,0.0000000000000000e+00,3.0310724640800001e-02,3.0310724640800001e-02,3.0310724640800001e-02
7,12,1.4999999999999999e-01,2.5000000000000000e-01,0.0000000000000000e+00,3.4499298930900001e-02,3.4499298930900001e-02,3.4499298930900001e-02
8,12,1.7000000000000001e-01,2.5000000000000000e-01,0.0000000000000000e+00,3.9641217503400002e-02,3.9641217503400002e-02,3.9641217503400002e-02
9,12,1.9000000000000000e-01,2.5000000000000000e-01,0.0000000000000000e+00,4.5837923159000003e-02,4.5837923159000003e-02,4.5837923159000003e-02
10,12,2.0999999999999999e-01,2.5000000000000000e-01,0.0000000000000000e+00,5.3121152609800000e-02,5.3121152609800000e-02,5.3121152609800000e-02
11,12,2.3000000000000001e-01,2.5000000000000000e-01,0.0000000000000000e+00,6.1478760795200003e-02,6.1478760795200003e-02,6.1478760795200003e-02
12,12,2.5000000000000000e-01,2.5000000000000000e-01,0.0000000000000000e+00,7.0858321266100005e-02,7.0858321266100005e-02,7.0858321266100005e-02
13,12,2.7000000000000002e-01,2.5000000000000000e-01,0.0000000000000000e+00,8.1159645885899995e-02,8.1159645885899995e-02,8.1159645885899995e-02
14,12,2.8999999999999998e-01,2.5000000000000000e-01,0.0000000000000000e+00,9.2224176999200005e-02,9.2224176999200005e-02,9.2224176999200005e-02
15,12,3.1000000000000000e-01,2.5000000000000000e-01,0.0000000000000000e+00,1.0382653988800000e-01,1.0382653988800000e-01,1.0382653988800000e-01
16,12,3.3000000000000002e-01,2.5000000000000000e-01,0.0000000000000000e+00,1.1567196672200000e-01,1.1567196672200000e-01,1.1567196672200000e-01
17,12,3.4999999999999998e-01,2.5000000000000000e-01,2.2204460492503131e-16,1.2740213407100001e-01,1.2740213407099979e-01,1.2740213407099979e-01
18,12,3.7000000000000000e-01,2.5000000000000000e-01,1.3333333333333330e-01,1.3861050212400000e-01,5.2771687906666975e-03,5.2771687906666975e-03
19,12,3.9000000000000001e-01,2.5000000000000000e-01,2.6666666666666672e-01,1.4886626683000001e-01,-1.1780039983666671e-01,1.1780039983666671e-01
20,12,4.0999999999999998e-01,2.5000000000000000e-01,4.0000000000000013e-01,1.5774392129900000e-01,-2.4225607870100013e-01,2.4225607870100013e-01
21,12,4.2999999999999999e-01,2.5000000000000000e-01,5.3333333333333321e-01,1.6485405612400000e-01,-3.6847927720933321e-01,3.6847927720933321e-01
22,12,4.5000000000000001e-01,2.5000000000000000e-01,6.6666666666666674e-01,1.6987121589500001e-01,-4.9679545077166676e-01,4.9679545077166676e-01
23,12,4.6999999999999997e-01,2.5000000000000000e-01,8.0000000000000016e-01,1.7255625232200000e-01,-6.2744374767800015e-01,6.2744374767800015e-01
24,12,4.8999999999999999e-01,2.5000000000000000e-01,9.3333333333333324e-01,1.7277241644999999e-01,-7.6056091688333327e-01,7.6056091688333327e-01
25,12,5.1000000000000001e-01,2.5000000000000000e-01,9.3333333333333324e-01,1.7038183920300001e-01,-7.6295149413033325e-01,7.6295149413033325e-01
26,12,5.3000000000000003e-01,2.5000000000000000e-01,7.9999999999999982e-01,1.6538837097100001e-01,-6.3461162902899981e-01,6.3461162902899981e-01
27,12,5.5000000000000004e-01,2.5000000000000000e-01,6.6666666666666630e-01,1.5805496637100000e-01,-5.0861170029566627e-01,5.0861170029566627e-01
28,12,5.6999999999999995e-01,2.5000000000000000e-01,5.3333333333333288e-01,1.4875734225800000e-01,-3.8457599107533291e-01,3.8457599107533291e-01
29,12,5.8999999999999997e-01,2.5000000000000000e-01,4.0000000000000013e-01,1.3794518497100000e-01,-2.6205481502900013e-01,2.6205481502900013e-01
30,12,6.0999999999999999e-01,2.5000000000000000e-01,2.6666666666666672e-01,1.2610076061799999e-01,-1.4056590604866673e-01,1.4056590604866673e-01
31,12,6.3000000000000000e-01,2.5000000000000000e-01,1.3333333333333330e-01,1.1370034454700000e-01,-1.9632988786333308e-02,1.9632988786333308e-02
32,12,6.5000000000000002e-01,2.5000000000000000e-01,0.0000000000000000e+00,1.0118261106400001e-01,1.0118261106400001e-01,1.0118261106400001e-01
33,12,6.7000000000000004e-01,2.5000000000000000e-01,0.0000000000000000e+00,8.8926473039000004e-02,8.8926473039000004e-02,8.8926473039000004e-02
34,12,6.8999999999999995e-01,2.5000000000000000e-01,0.0000000000000000e+00,7.7238992660800004e-02,7.7238992660800004e-02,7.7238992660800004e-02
35,12,7.0999999999999996e-01,2.5000000000000000e-01,0.0000000000000000e+00,6.6352016185699997e-02,6.6352016185699997e-02,6.6352016185699997e-02
36,12,7.2999999999999998e-01,2.5000000000000000e-01,0.0000000000000000e+00,5.6424586384800003e-02,5.6424586384800003e-02,5.6424586384800003e-02
37,12,7.5000000000000000e-01,2.5000000000000000e-01,0.0000000000000000e+00,4.7547810553800002e-02,4.7547810553800002e-02,4.7547810553800002e-02
38,12,7.7000000000000002e-01,2.5000000000000000e-01,0.0000000000000000e+00,3.9750224255000001e-02,3.9750224255000001e-02,3.9750224255000001e-02
39,12,7.9000000000000004e-01,2.5000000000000000e-01,0.0000000000000000e+00,3.3004107150699999e-02,3.3004107150699999e-02,3.3004107150699999e-02
40,12,8.1000000000000005e-01,2.5000000000000000e-01,0.0000000000000000e+00,2.7234923876599999e-02,2.7234923876599999e-02,2.7234923876599999e-02
41,12,8.2999999999999996e-01,2.5000000000000000e-01,0.0000000000000000e+00,2.2335587366100002e-02,2.2335587366100002e-02,2.2335587366100002e-02
42,12,8.4999999999999998e-01,2.5000000000000000e-01,0.0000000000000000e+00,1.8184697253099999e-02,1.8184697253099999e-02,1.8184697253099999e-02
43,12,8.7000000000000000e-01,2.5000000000000000e-01,0.0000000000000000e+00,1.4665060201799999e-02,1.4665060201799999e-02,1.4665060201799999e-02
44,12,8.9000000000000001e-01,2.5000000000000000e-01,0.0000000000000000e+00,1.1677699523500000e-02,1.1677699523500000e-02,1.1677699523500000e-02
45,12,9.1000000000000003e-01,2.5000000000000000e-01,0.0000000000000000e+00,9.1480013898500006e-03,9.1480013898500006e-03,9.1480013898500006e-03
46,12,9.3000000000000005e-01,2.5000000000000000e-01,0.0000000000000000e+00,7.0237176564400001e-03,7.0237176564400001e-03,7.0237176564400001e-03
47,12,9.4999999999999996e-01,2.5000000000000000e-01,0.0000000000000000e+00,5.2674637381899996e-03,5.2674637381899996e-03,5.2674637381899996e-03
48,12,9.6999999999999997e-01,2.5000000000000000e-01,0.0000000000000000e+00,3.8477002968400000e-03,3.8477002968400000e-03,3.8477002968400000e-03
49,12,9.8999999999999999e-01,2.5000000000000000e-01,0.0000000000000000e+00,8.2197937993899999e-03,8.2197937993899999e-03,8.2197937993899999e-03
0,13,1.0000000000000000e-02,2.7000000000000002e-01,0.0000000000000000e+00,5.1552828003299999e-03,5.1552828003299999e-03,5.1552828003299999e-03
1,13,2.9999999999999999e-02,2.7000000000000002e-01,0.0000000000000000e+00,1.2690053873699999e-02,1.2690053873699999e-02,1.2690053873699999e-02
2,13,5.0000000000000003e-02,2.7000000000000002e-01,0.0000000000000000e+00,1.8888200950199999e-02,1.8888200950199999e-02,1.8888200950199999e-02
3,13,7.0000000000000007e-02,2.7000000000000002e-01,0.0000000000000000e+00,2.2958864122900002e-02,2.2958864122900002e-02,2.2958864122900002e-02
4,13,8.9999999999999997e-02,2.7000000000000002e-01,0.0000000000000000e+00,2.5866336190199998e-02,2.5866336190199998e-02,2.5866336190199998e-02
5,13,1.1000000000000000e-01,2.7000000000000002e-01,0.0000000000000000e+00,2.8739313411999999e-02,2.8739313411999999e-02,2.8739313411999999e-02
6,13,1.3000000000000000e-01,2.7000000000000002e-01,0.0000000000000000e+00,3.2286872429100000e-02,3.2286872429100000e-02,3.2286872429100000e-02
7,13,1.4999999999999999e-01,2.7000000000000002e-01,0.0000000000000000e+00,3.6830288328399997e-02,3.6830288328399997e-02,3.6830288328399997e-02
8,13,1.7000000000000001e-01,2.7000000000000002e-01,0.0000000000000000e+00,4.2476124748700002e-02,4.2476124748700002e-02,4.2476124748700002e-02
9,13,1.9000000000000000e-01,2.7000000000000002e-01,0.0000000000000000e+00,4.9241522054000002e-02,4.9241522054000002e-02,4.9241522054000002e-02
10,13,2.0999999999999999e-01,2.7000000000000002e-01,0.0000000000000000e+00,5.7110017195600001e-02,5.7110017195600001e-02,5.7110017195600001e-02
11,13,2.3000000000000001e-01,2.7000000000000002e-01,0.0000000000000000e+00,6.6043244790100000e-02,6.6043244790100000e-02,6.6043244790100000e-02
12,13,2.5000000000000000e-01,2.7000000000000002e-01,0.0000000000000000e+00,7.5972546101900004e-02,7.5972546101900004e-02,7.5972546101900004e-02
13,13,2.7000000000000002e-01,2.7000000000000002e-01,0.0000000000000000e+00,8.6784424617499994e-02,8.6784424617499994e-02,8.6784424617499994e-02
14,13,2.8999999999999998e-01,2.7000000000000002e-01,0.0000000000000000e+00,9.8306800972700004e-02,9.8306800972700004e-02,9.8306800972700004e-02
15,13,3.1000000000000000e-01,2.7000000000000002e-01,0.0000000000000000e+00,1.1029990431599999e-01,1.1029990431599999e-01,1.1029990431599999e-01
16,13,3.3000000000000002e-01,2.7000000000000002e-01,0.0000000000000000e+00,1.2245457932900000e-01,1.2245457932900000e-01,1.2245457932900000e-01
17,13,3.4999999999999998e-01,2.7000000000000002e-01,0.0000000000000000e+00,1.3440010547299999e-01,1.3440010547299999e-01,1.3440010547299999e-01
18,13,3.7000000000000000e-01,2.7000000000000002e-01,1.2313690413560618e-01,1.4572228801800000e-01,2.2585383882393811e-02,2.2585383882393811e-02
19,13,3.9000000000000001e-01,2.7000000000000002e-01,2.5464400750007021e-01,1.5599029651400001e-01,-9.8653710986070203e-02,9.8653710986070203e-02
20,13,4.0999999999999998e-01,2.7000000000000002e-01,3.8536370284714105e-01,1.6478806644200000e-01,-2.2057563640514105e-01,2.2057563640514105e-01
21,13,4.2999999999999999e-01,2.7000000000000002e-01,5.1465934071463204e-01,1.7174443898000000e-01,-3.4291490173463202e-01,3.4291490173463202e-01
22,13,4.5000000000000001e-01,2.7000000000000002e-01,6.4098901285769982e-01,1.7655707048100000e-01,-4.6443194237669982e-01,4.6443194237669982e-01
23,13,4.6999999999999997e-01,2.7000000000000002e-01,7.5962991496906751e-01,1.7900850660400000e-01,-5.8062140836506748e-01,5.8062140836506748e-01
24,13,4.8999999999999999e-01,2.7000000000000002e-01,8.5092880150001382e-01,1.7897632598100000e-01,-6.7195247551901383e-01,6.7195247551901383e-01
25,13,5.1000000000000001e-01,2.7000000000000002e-01,8.5092880150001382e-01,1.7628483310900001e-01,-6.7464396839101382e-01,6.7464396839101382e-01
26,13,5.3000000000000003e-01,2.7000000000000002e-01,7.5962991496906718e-01,1.7090213591299999e-01,-5.8872777905606721e-01,5.8872777905606721e-01
27,13,5.5000000000000004e-01,2.7000000000000002e-01,6.4098901285769938e-01,1.6310582992600001e-01,-4.7788318293169940e-01,4.7788318293169940e-01
28,13,5.6999999999999995e-01,2.7000000000000002e-01,5.1465934071463171e-01,1.5329140403300001e-01,-3.6136793668163170e-01,3.6136793668163170e-01
29,13,5.8999999999999997e-01,2.7000000000000002e-01,3.8536370284714105e-01,1.4193123643500000e-01,-2.4343246641214106e-01,2.4343246641214106e-01
30,13,6.0999999999999999e-01,2.7000000000000002e-01,2.5464400750007021e-01,1.2953077419000000e-01,-1.2511323331007021e-01,1.2511323331007021e-01
31,13,6.3000000000000000e-01,2.7000000000000002e-01,1.2313690413560618e-01,1.1658771060400000e-01,-6.5491935316061844e-03,6.5491935316061844e-03
32,13,6.5000000000000002e-01,2.7000000000000002e-01,0.0000000000000000e+00,1.0355853006100001e-01,1.0355853006100001e-01,1.0355853006100001e-01
33,13,6.7000000000000004e-01,2.7000000000000002e-01,0.0000000000000000e+00,9.0834978965600000e-02,9.0834978965600000e-02,9.0834978965600000e-02
34,13,6.8999999999999995e-01,2.7000000000000002e-01,0.0000000000000000e+00,7.8731179204600002e-02,7.8731179204600002e-02,7.8731179204600002e-02
35,13,7.0999999999999996e-01,2.7000000000000002e-01,0.0000000000000000e+00,6.7480352011100003e-02,6.7480352011100003e-02,6.7480352011100003e-02
36,13,7.2999999999999998e-01,2.7000000000000002e-01,0.0000000000000000e+00,5.7238622457400003e-02,5.7238622457400003e-02,5.7238622457400003e-02
37,13,7.5000000000000000e-01,2.7000000000000002e-01,0.0000000000000000e+00,4.8092584320700002e-02,4.8092584320700002e-02,4.8092584320700002e-02
38,13,7.7000000000000002e-01,2.7000000000000002e-01,0.0000000000000000e+00,4.0067780794200002e-02,4.0067780794200002e-02,4.0067780794200002e-02
39,13,7.9000000000000004e-01,2.7000000000000002e-01,0.0000000000000000e+00,3.3136990410700000e-02,3.3136990410700000e-02,3.3136990410700000e-02
40,13,8.1000000000000005e-01,2.7000000000000002e-01,0.0000000000000000e+00,2.7229210833499998e-02,2.7229210833499998e-02,2.7229210833499998e-02
41,13,8.2999999999999996e-01,2.7000000000000002e-01,0.0000000000000000e+00,2.2241064774200001e-02,2.2241064774200001e-02,2.2241064774200001e-02
42,13,8.4999999999999998e-01,2.7000000000000002e-01,0.0000000000000000e+00,1.8051289010199999e-02,1.8051289010199999e-02,1.8051289010199999e-02
43,13,8.7000000000000000e-01,2.7000000000000002e-01,0.0000000000000000e+00,1.4536712396699999e-02,1.4536712396699999e-02,1.4536712396699999e-02
44,13,8.9000000000000001e-01,2.7000000000000002e-01,0.0000000000000000e+00,1.1586326980500000e-02,1.1586326980500000e-02,1.1586326980500000e-02
45,13,9.1000000000000003e-01,2.7000000000000002e-01,0.0000000000000000e+00,9.1100327321200006e-03,9.1100327321200006e-03,9.1100327321200006e-03
46,13,9.3000000000000005e-01,2.7000000000000002e-01,0.0000000000000000e+00,7.0404548464400004e-03,7.0404548464400004e-03,7.0404548464400004e-03
47,13,9.4999999999999996e-01,2.7000000000000002e-01,0.0000000000000000e+00,5.3287815573200004e-03,5.3287815573200004e-03,5.3287815573200004e-03
48,13,9.6999999999999997e-01,2.7000000000000002e-01,0.0000000000000000e+00,3.9374474046799997e-03,3.9374474046799997e-03,3.9374474046799997e-03
49,13,9.8999999999999999e-01,2.7000000000000002e-01,0.0000000000000000e+00,8.7535574147800006e-03,8.7535574147800006e-03,8.7535574147800006e-03
0,14,1.0000000000000000e-02,2.8999999999999998e-01,0.0000000000000000e+00,7.6851438073299999e-03,7.6851438073299999e-03,7.6851438073299999e-03
1,14,2.9999999999999999e-02,2.8999999999999998e-01,0.0000000000000000e+00,1.6612700303000001e-02,1.6612700303000001e-02,1.6612700303000001e-02
2,14,5.0000000000000003e-02,2.8999999999999998e-01,0.0000000000000000e+00,2.2337378643900001e-02,2.2337378643900001e-02,2.2337378643900001e-02
3,14,7.0000000000000007e-02,2.8999999999999998e-01,0.0000000000000000e+00,2.5375942455400001e-02,2.5375942455400001e-02,2.5375942455400001e-02
4,14,8.9999999999999997e-02,2.8999999999999998e-01,0.0000000000000000e+00,2.7635669287500001e-02,2.7635669287500001e-02,2.7635669287500001e-02
5,14,1.1000000000000000e-01,2.8999999999999998e-01,0.0000000000000000e+00,3.0425032261100000e-02,3.0425032261100000e-02,3.0425032261100000e-02
6,14,1.3000000000000000e-01,2.8999999999999998e-01,0.0000000000000000e+00,3.4282596539400002e-02,3.4282596539400002e-02,3.4282596539400002e-02
7,14,1.4999999999999999e-01,2.8999999999999998e-01,0.0000000000000000e+00,3.9327737704300002e-02,3.9327737704300002e-02,3.9327737704300002e-02
8,14,1.7000000000000001e-01,2.8999999999999998e-01,0.0000000000000000e+00,4.5536016745599997e-02,4.5536016745599997e-02,4.5536016745599997e-02
9,14,1.9000000000000000e-01,2.8999999999999998e-01,0.0000000000000000e+00,5.2859076517699999e-02,5.2859076517699999e-02,5.2859076517699999e-02
10,14,2.0999999999999999e-01,2.8999999999999998e-01,0.0000000000000000e+00,6.1251089354100001e-02,6.1251089354100001e-02,6.1251089354100001e-02
11,14,2.3000000000000001e-01,2.8999999999999998e-01,0.0000000000000000e+00,7.0657983560399998e-02,7.0657983560399998e-02,7.0657983560399998e-02
12,14,2.5000000000000000e-01,2.8999999999999998e-01,0.0000000000000000e+00,8.0997577155500003e-02,8.0997577155500003e-02,8.0997577155500003e-02
13,14,2.7000000000000002e-01,2.8999999999999998e-01,0.0000000000000000e+00,9.2141054549299994e-02,9.2141054549299994e-02,9.2141054549299994e-02
14,14,2.8999999999999998e-01,2.8999999999999998e-01,0.0000000000000000e+00,1.0389913094100001e-01,1.0389913094100001e-01,1.0389913094100001e-01
15,14,3.1000000000000000e-01,2.8999999999999998e-01,0.0000000000000000e+00,1.1601465675100001e-01,1.1601465675100001e-01,1.1601465675100001e-01
16,14,3.3000000000000002e-01,2.8999999999999998e-01,0.0000000000000000e+00,1.2816361232699999e-01,1.2816361232699999e-01,1.2816361232699999e-01
17,14,3.4999999999999998e-01,2.8999999999999998e-01,0.0000000000000000e+00,1.3996640110700001e-01,1.3996640110700001e-01,1.3996640110700001e-01
18,14,3.7000000000000000e-01,2.8999999999999998e-01,9.3235299417636974e-02,1.5101004767900000e-01,5.7774748261363029e-02,5.7774748261363029e-02
19,14,3.9000000000000001e-01,2.8999999999999998e-01,2.1968667261869168e-01,1.6087907908499999e-01,-5.8807593533691693e-02,5.8807593533691693e-02
20,14,4.0999999999999998e-01,2.8999999999999998e-01,3.4340947988025983e-01,1.6918924812700001e-01,-1.7422023175325982e-01,1.7422023175325982e-01
21,14,4.2999999999999999e-01,2.8999999999999998e-01,4.6251615011343006e-01,1.7561588739400000e-01,-2.8690026271943003e-01,2.8690026271943003e-01
22,14,4.5000000000000001e-01,2.8999999999999998e-01,5.7312505083781029e-01,1.7991024820599999e-01,-3.9321480263181030e-01,3.9321480263181030e-01
23,14,4.6999999999999997e-01,2.8999999999999998e-01,6.6666666666666685e-01,1.8190344044900000e-01,-4.8476322621766688e-01,4.8476322621766688e-01
24,14,4.8999999999999999e-01,2.8999999999999998e-01,7.2512629162548947e-01,1.8150462508099999e-01,-5.4362166654448951e-01,5.4362166654448951e-01
25,14,5.1000000000000001e-01,2.8999999999999998e-01,7.2512629162548947e-01,1.7850242782400000e-01,-5.4662386380148953e-01,5.4662386380148953e-01
26,14,5.3000000000000003e-01,2.8999999999999998e-01,6.6666666666666663e-01,1.7282093107200000e-01,-4.9384573559466660e-01,4.9384573559466660e-01
27,14,5.5000000000000004e-01,2.8999999999999998e-01,5.7312505083780985e-01,1.6473874465400001e-01,-4.0838630618380983e-01,4.0838630618380983e-01
28,14,5.6999999999999995e-01,2.8999999999999998e-01,4.6251615011342972e-01,1.5465234622599999e-01,-3.0786380388742973e-01,3.0786380388742973e-01
29,14,5.8999999999999997e-01,2.8999999999999998e-01,3.4340947988025983e-01,1.4303582631199999e-01,-2.0037365356825984e-01,2.0037365356825984e-01
30,14,6.0999999999999999e-01,2.8999999999999998e-01,2.1968667261869168e-01,1.3039717331100001e-01,-8.9289499307691672e-02,8.9289499307691672e-02
31,14,6.3000000000000000e-01,2.8999999999999998e-01,9.3235299417636974e-02,1.1723706685300000e-01,2.4001767435363031e-02,2.4001767435363031e-02
32,14,6.5000000000000002e-01,2.8999999999999998e-01,0.0000000000000000e+00,1.0401478126499999e-01,1.0401478126499999e-01,1.0401478126499999e-01
33,14,6.7000000000000004e-01,2.8999999999999998e-01,0.0000000000000000e+00,9.1123930207000006e-02,9.1123930207000006e-02,9.1123930207000006e-02
34,14,6.8999999999999995e-01,2.8999999999999998e-01,0.0000000000000000e+00,7.8878896908100002e-02,7.8878896908100002e-02,7.8878896908100002e-02
35,14,7.0999999999999996e-01,2.8999999999999998e-01,0.0000000000000000e+00,6.7511138165699994e-02,6.7511138165699994e-02,6.7511138165699994e-02
36,14,7.2999999999999998e-01,2.8999999999999998e-01,0.0000000000000000e+00,5.7173200516300003e-02,5.7173200516300003e-02,5.7173200516300003e-02
37,14,7.5000000000000000e-01,2.8999999999999998e-01,0.0000000000000000e+00,4.7947416986600003e-02,4.7947416986600003e-02,4.7947416986600003e-02
38,14,7.7000000000000002e-01,2.8999999999999998e-01,0.0000000000000000e+00,3.9856235054099999e-02,3.9856235054099999e-02,3.9856235054099999e-02
39,14,7.9000000000000004e-01,2.8999999999999998e-01,0.0000000000000000e+00,3.2872194606600000e-02,3.2872194606600000e-02,3.2872194606600000e-02
40,14,8.1000000000000005e-01,2.8999999999999998e-01,0.0000000000000000e+00,2.6927323949599999e-02,2.6927323949599999e-02,2.6927323949599999e-02
41,14,8.2999999999999996e-01,2.8999999999999998e-01,0.0000000000000000e+00,2.1923101043599999e-02,2.1923101043599999e-02,2.1923101043599999e-02
42,14,8.4999999999999998e-01,2.8999999999999998e-01,0.0000000000000000e+00,1.7742157055299999e-02,1.7742157055299999e-02,1.7742157055299999e-02
43,14,8.7000000000000000e-01,2.8999999999999998e-01,0.0000000000000000e+00,1.4261524378700000e-02,1.4261524378700000e-02,1.4261524378700000e-02
44,14,8.9000000000000001e-01,2.8999999999999998e-01,0.0000000000000000e+00,1.1365460553300000e-02,1.1365460553300000e-02,1.1365460553300000e-02
45,14,9.1000000000000003e-01,2.8999999999999998e-01,0.0000000000000000e+00,8.9550331166199995e-03,8.9550331166199995e-03,8.9550331166199995e-03
46,14,9.3000000000000005e-01,2.8999999999999998e-01,0.0000000000000000e+00,6.9523719183999999e-03,6.9523719183999999e-03,6.9523719183999999e-03
47,14,9.4999999999999996e-01,2.8999999999999998e-01,0.0000000000000000e+00,5.2993508118300003e-03,5.2993508118300003e-03,5.2993508118300003e-03
48,14,9.6999999999999997e-01,2.8999999999999998e-01,0.0000000000000000e+00,3.9523563129599997e-03,3.9523563129599997e-03,3.9523563129599997e-03
49,14,9.8999999999999999e-01,2.8999999999999998e-01,0.0000000000000000e+00,9.1103326598800001e-03,9.1103326598800001e-03,9.1103326598800001e-03
0,15,1.0000000000000000e-02,3.1000000000000000e-01,0.0000000000000000e+00,1.1159395469600000e-02,1.1159395469600000e-02,1.1159395469600000e-02
1,15,2.9999999999999999e-02,3.1000000000000000e-01,0.0000000000000000e+00,2.0954266757499999e-02,2.0954266757499999e-02,2.0954266757499999e-02
2,15,5.0000000000000003e-02,3.1000000000000000e-01,0.0000000000000000e+00,2.5412705007300002e-02,2.5412705007300002e-02,2.5412705007300002e-02
3,15,7.0000000000000007e-02,3.1000000000000000e-01,0.0000000000000000e+00,2.7218870581100001e-02,2.7218870581100001e-02,2.7218870581100001e-02
4,15,8.9999999999999997e-02,3.1000000000000000e-01,0.0000000000000000e+00,2.9058025277500000e-02,2.9058025277500000e-02,2.9058025277500000e-02
5,15,1.1000000000000000e-01,3.1000000000000000e-01,0.0000000000000000e+00,3.2063223519599997e-02,3.2063223519599997e-02,3.2063223519599997e-02
6,15,1.3000000000000000e-01,3.1000000000000000e-01,0.0000000000000000e+00,3.6430443625000003e-02,3.6430443625000003e-02,3.6430443625000003e-02
7,15,1.4999999999999999e-01,3.1000000000000000e-01,0.0000000000000000e+00,4.2058296126300000e-02,4.2058296126300000e-02,4.2058296126300000e-02
8,15,1.7000000000000001e-01,3.1000000000000000e-01,0.0000000000000000e+00,4.8826045940500003e-02,4.8826045940500003e-02,4.8826045940500003e-02
9,15,1.9000000000000000e-01,3.1000000000000000e-01,0.0000000000000000e+00,5.6653232071499998e-02,5.6653232071499998e-02,5.6653232071499998e-02
10,15,2.0999999999999999e-01,3.1000000000000000e-01,0.0000000000000000e+00,6.5482074432999998e-02,6.5482074432999998e-02,6.5482074432999998e-02
11,15,2.3000000000000001e-01,3.1000000000000000e-01,0.0000000000000000e+00,7.5246526369000005e-02,7.5246526369000005e-02,7.5246526369000005e-02
12,15,2.5000000000000000e-01,3.1000000000000000e-01,0.0000000000000000e+00,8.5846706809299997e-02,8.5846706809299997e-02,8.5846706809299997e-02
13,15,2.7000000000000002e-01,3.1000000000000000e-01,0.0000000000000000e+00,9.7131079039300003e-02,9.7131079039300003e-02,9.7131079039300003e-02
14,15,2.8999999999999998e-01,3.1000000000000000e-01,0.0000000000000000e+00,1.0888555954100000e-01,1.0888555954100000e-01,1.0888555954100000e-01
15,15,3.1000000000000000e-01,3.1000000000000000e-01,0.0000000000000000e+00,1.2082978956100000e-01,1.2082978956100000e-01,1.2082978956100000e-01
16,15,3.3000000000000002e-01,3.1000000000000000e-01,0.0000000000000000e+00,1.3262229991899999e-01,1.3262229991899999e-01,1.3262229991899999e-01
17,15,3.4999999999999998e-01,3.1000000000000000e-01,0.0000000000000000e+00,1.4387671039600000e-01,1.4387671039600000e-01,1.4387671039600000e-01
18,15,3.7000000000000000e-01,3.1000000000000000e-01,4.5478595781576425e-02,1.5418965710999999e-01,1.0871106132842356e-01,1.0871106132842356e-01
19,15,3.9000000000000001e-01,3.1000000000000000e-01,1.6466906092388878e-01,1.6317751959900001e-01,-1.4915413248887677e-03,1.4915413248887677e-03
20,15,4.0999999999999998e-01,3.1000000000000000e-01,2.7888974490720231e-01,1.7051390696400001e-01,-1.0837583794320230e-01,1.0837583794320230e-01
21,15,4.2999999999999999e-01,3.1000000000000000e-01,3.8536370284714083e-01,1.7595589566700001e-01,-2.0940780718014082e-01,2.0940780718014082e-01
22,15,4.5000000000000001e-01,3.1000000000000000e-01,4.7931668827288976e-01,1.7934877489800000e-01,-2.9996791337488976e-01,2.9996791337488976e-01
23,15,4.6999999999999997e-01,3.1000000000000000e-01,5.5278640450004213e-01,1.8060957400500000e-01,-3.7217683049504213e-01,3.7217683049504213e-01
24,15,4.8999999999999999e-01,3.1000000000000000e-01,5.9448249798011865e-01,1.7970367408900001e-01,-4.1477882389111864e-01,4.1477882389111864e-01
25,15,5.1000000000000001e-01,3.1000000000000000e-01,5.9448249798011865e-01,1.7639200981399999e-01,-4.1809048816611866e-01,4.1809048816611866e-01
26,15,5.3000000000000003e-01,3.1000000000000000e-01,5.5278640450004202e-01,1.7054643385099999e-01,-3.8223997064904203e-01,3.8223997064904203e-01
27,15,5.5000000000000004e-01,3.1000000000000000e-01,4.7931668827288954e-01,1.6242469962500000e-01,-3.1689198864788953e-01,3.1689198864788953e-01
28,15,5.6999999999999995e-01,3.1000000000000000e-01,3.8536370284714050e-01,1.5239536182700000e-01,-2.3296834102014050e-01,2.3296834102014050e-01
29,15,5.8999999999999997e-01,3.1000000000000000e-01,2.7888974490720231e-01,1.4090343884900000e-01,-1.3798630605820231e-01,1.3798630605820231e-01
30,15,6.0999999999999999e-01,3.1000000000000000e-01,1.6466906092388878e-01,1.2843079927400000e-01,-3.6238261649888776e-02,3.6238261649888776e-02
31,15,6.3000000000000000e-01,3.1000000000000000e-01,4.5478595781576425e-02,1.1545705975200000e-01,6.9978463970423579e-02,6.9978463970423579e-02
32,15,6.5000000000000002e-01,3.1000000000000000e-01,0.0000000000000000e+00,1.0242598868400001e-01,1.0242598868400001e-01,1.0242598868400001e-01
33,15,6.7000000000000004e-01,3.1000000000000000e-01,0.0000000000000000e+00,8.9720694715800006e-02,8.9720694715800006e-02,8.9720694715800006e-02
34,15,6.8999999999999995e-01,3.1000000000000000e-01,0.0000000000000000e+00,7.7648923196000003e-02,7.7648923196000003e-02,7.7648923196000003e-02
35,15,7.0999999999999996e-01,3.1000000000000000e-01,0.0000000000000000e+00,6.6438055540299995e-02,6.6438055540299995e-02,6.6438055540299995e-02
36,15,7.2999999999999998e-01,3.1000000000000000e-01,0.0000000000000000e+00,5.6238069916700002e-02,5.6238069916700002e-02,5.6238069916700002e-02
37,15,7.5000000000000000e-01,3.1000000000000000e-01,0.0000000000000000e+00,4.7129829144800003e-02,4.7129829144800003e-02,4.7129829144800003e-02
38,15,7.7000000000000002e-01,3.1000000000000000e-01,0.0000000000000000e+00,3.9135783375100000e-02,3.9135783375100000e-02,3.9135783375100000e-02
39,15,7.9000000000000004e-01,3.1000000000000000e-01,0.0000000000000000e+00,3.2230739849800003e-02,3.2230739849800003e-02,3.2230739849800003e-02
40,15,8.1000000000000005e-01,3.1000000000000000e-01,0.0000000000000000e+00,2.6351677937800001e-02,2.6351677937800001e-02,2.6351677937800001e-02
41,15,8.2999999999999996e-01,3.1000000000000000e-01,0.0000000000000000e+00,2.1407033704599999e-02,2.1407033704599999e-02,2.1407033704599999e-02
42,15,8.4999999999999998e-01,3.1000000000000000e-01,0.0000000000000000e+00,1.7286544832200001e-02,1.7286544832200001e-02,1.7286544832200001e-02
43,15,8.7000000000000000e-01,3.1000000000000000e-01,0.0000000000000000e+00,1.3872176271100000e-02,1.3872176271100000e-02,1.3872176271100000e-02
44,15,8.9000000000000001e-01,3.1000000000000000e-01,0.0000000000000000e+00,1.1049270438000001e-02,1.1049270438000001e-02,1.1049270438000001e-02
45,15,9.1000000000000003e-01,3.1000000000000000e-01,0.0000000000000000e+00,8.7159228441900001e-03,8.7159228441900001e-03,8.7159228441900001e-03
46,15,9.3000000000000005e-01,3.1000000000000000e-01,0.0000000000000000e+00,6.7885393892999999e-03,6.7885393892999999e-03,6.7885393892999999e-03
47,15,9.4999999999999996e-01,3.1000000000000000e-01,0.0000000000000000e+00,5.2026614652700004e-03,5.2026614652700004e-03,5.2026614652700004e-03
48,15,9.6999999999999997e-01,3.1000000000000000e-01,0.0000000000000000e+00,3.9097622851899999e-03,3.9097622851899999e-03,3.9097622851899999e-03
49,15,9.8999999999999999e-01,3.1000000000000000e-01,0.0000000000000000e+00,9.3192007091299992e-03,9.3192007091299992e-03,9.3192007091299992e-03
0,16,1.0000000000000000e-02,3.3000000000000002e-01,0.0000000000000000e+00,1.5768702712399999e-02,1.5768702712399999e-02,1.5768702712399999e-02
1,16,2.9999999999999999e-02,3.3000000000000002e-01,0.0000000000000000e+00,2.5406399275500001e-02,2.5406399275500001e-02,2.5406399275500001e-02
2,16,5.0000000000000003e-02,3.3000000000000002e-01,0.0000000000000000e+00,2.7824435668700000e-02,2.7824435668700000e-02,2.7824435668700000e-02
3,16,7.0000000000000007e-02,3.3000000000000002e-01,0.0000000000000000e+00,2.8489993166899999e-02,2.8489993166899999e-02,2.8489993166899999e-02
4,16,8.9999999999999997e-02,3.3000000000000002e-01,0.0000000000000000e+00,3.0298137055000000e-02,3.0298137055000000e-02,3.0298137055000000e-02
5,16,1.1000000000000000e-01,3.3000000000000002e-01,0.0000000000000000e+00,3.3809239260999997e-02,3.3809239260999997e-02,3.3809239260999997e-02
6,16,1.3000000000000000e-01,3.3000000000000002e-01,0.0000000000000000e+00,3.8806291563600000e-02,3.8806291563600000e-02,3.8806291563600000e-02
7,16,1.4999999999999999e-01,3.3000000000000002e-01,0.0000000000000000e+00,4.5023803643400001e-02,4.5023803643400001e-02,4.5023803643400001e-02
8,16,1.7000000000000001e-01,3.3000000000000002e-01,0.0000000000000000e+00,5.2303707325700000e-02,5.2303707325700000e-02,5.2303707325700000e-02
9,16,1.9000000000000000e-01,3.3000000000000002e-01,0.0000000000000000e+00,6.0563582100700002e-02,6.0563582100700002e-02,6.0563582100700002e-02
10,16,2.0999999999999999e-01,3.3000000000000002e-01,0.0000000000000000e+00,6.9740730290600003e-02,6.9740730290600003e-02,6.9740730290600003e-02
11,16,2.3000000000000001e-01,3.3000000000000002e-01,0.0000000000000000e+00,7.9751995467400000e-02,7.9751995467400000e-02,7.9751995467400000e-02
12,16,2.5000000000000000e-01,3.3000000000000002e-01,0.0000000000000000e+00,9.0469908880300001e-02,9.0469908880300001e-02,9.0469908880300001e-02
13,16,2.7000000000000002e-01,3.3000000000000002e-01,0.0000000000000000e+00,1.0170940825200001e-01,1.0170940825200001e-01,1.0170940825200001e-01
14,16,2.8999999999999998e-01,3.3000000000000002e-01,0.0000000000000000e+00,1.1322175487199999e-01,1.1322175487199999e-01,1.1322175487199999e-01
15,16,3.1000000000000000e-01,3.3000000000000002e-01,0.0000000000000000e+00,1.2469559724300000e-01,1.2469559724300000e-01,1.2469559724300000e-01
16,16,3.3000000000000002e-01,3.3000000000000002e-01,0.0000000000000000e+00,1.3576737080900000e-01,1.3576737080900000e-01,1.3576737080900000e-01
17,16,3.4999999999999998e-01,3.3000000000000002e-01,0.0000000000000000e+00,1.4604376456400001e-01,1.4604376456400001e-01,1.4604376456400001e-01
18,16,3.7000000000000000e-01,3.3000000000000002e-01,0.0000000000000000e+00,1.5513728553799999e-01,1.5513728553799999e-01,1.5513728553799999e-01
19,16,3.9000000000000001e-01,3.3000000000000002e-01,9.3235299417636974e-02,1.6271144091500001e-01,6.9476141497363031e-02,6.9476141497363031e-02
20,16,4.0999999999999998e-01,3.3000000000000002e-01,1.9722702808051362e-01,1.6852495012599999e-01,-2.8702077954513627e-02,2.8702077954513627e-02
21,16,4.2999999999999999e-01,3.3000000000000002e-01,2.9132361248435656e-01,1.7245747579599999e-01,-1.1886613668835658e-01,1.1886613668835658e-01
22,16,4.5000000000000001e-01,3.3000000000000002e-01,3.7106792452955972e-01,1.7449958248299999e-01,-1.9656834204655974e-01,1.9656834204655974e-01
23,16,4.6999999999999997e-01,3.3000000000000002e-01,4.3039975031216460e-01,1.7470504869000000e-01,-2.5569470162216457e-01,2.5569470162216457e-01
24,16,4.8999999999999999e-01,3.3000000000000002e-01,4.6251615011342984e-01,1.7313052247700000e-01,-2.8938562763642983e-01,2.8938562763642983e-01
25,16,5.1000000000000001e-01,3.3000000000000002e-01,4.6251615011342984e-01,1.6952616440200000e-01,-2.9298998571142987e-01,2.9298998571142987e-01
26,16,5.3000000000000003e-01,3.3000000000000002e-01,4.3039975031216438e-01,1.6370366300799999e-01,-2.6669608730416439e-01,2.6669608730416439e-01
27,16,5.5000000000000004e-01,3.3000000000000002e-01,3.7106792452955950e-01,1.5586605333299999e-01,-2.1520187119655951e-01,2.1520187119655951e-01
28,16,5.6999999999999995e-01,3.3000000000000002e-01,2.9132361248435634e-01,1.4631130706000001e-01,-1.4501230542435634e-01,1.4501230542435634e-01
29,16,5.8999999999999997e-01,3.3000000000000002e-01,1.9722702808051362e-01,1.3541240539200000e-01,-6.1814622688513621e-02,6.1814622688513621e-02
30,16,6.0999999999999999e-01,3.3000000000000002e-01,9.3235299417636974e-02,1.2358763698200000e-01,3.0352337564363022e-02,3.0352337564363022e-02
31,16,6.3000000000000000e-01,3.3000000000000002e-01,0.0000000000000000e+00,1.1126650508100000e-01,1.1126650508100000e-01,1.1126650508100000e-01
32,16,6.5000000000000002e-01,3.3000000000000002e-01,0.0000000000000000e+00,9.8857256916599995e-02,9.8857256916599995e-02,9.8857256916599995e-02
33,16,6.7000000000000004e-01,3.3000000000000002e-01,0.0000000000000000e+00,8.6720731713500004e-02,8.6720731713500004e-02,8.6720731713500004e-02
34,16,6.8999999999999995e-01,3.3000000000000002e-01,0.0000000000000000e+00,7.5153074363899994e-02,7.5153074363899994e-02,7.5153074363899994e-02
35,16,7.0999999999999996e-01,3.3000000000000002e-01,0.0000000000000000e+00,6.4377780072399998e-02,6.4377780072399998e-02,6.4377780072399998e-02
36,16,7.2999999999999998e-01,3.3000000000000002e-01,0.0000000000000000e+00,5.4545935574300000e-02,5.4545935574300000e-02,5.4545935574300000e-02
37,16,7.5000000000000000e-01,3.3000000000000002e-01,0.0000000000000000e+00,4.5742472096399998e-02,4.5742472096399998e-02,4.5742472096399998e-02
38,16,7.7000000000000002e-01,3.3000000000000002e-01,0.0000000000000000e+00,3.7995764773500001e-02,3.7995764773500001e-02,3.7995764773500001e-02
39,16,7.9000000000000004e-01,3.3000000000000002e-01,0.0000000000000000e+00,3.1288117852000003e-02,3.1288117852000003e-02,3.1288117852000003e-02
40,16,8.1000000000000005e-01,3.3000000000000002e-01,0.0000000000000000e+00,2.5565593611000002e-02,2.5565593611000002e-02,2.5565593611000002e-02
41,16,8.2999999999999996e-01,3.3000000000000002e-01,0.0000000000000000e+00,2.0746929827600000e-02,2.0746929827600000e-02,2.0746929827600000e-02
42,16,8.4999999999999998e-01,3.3000000000000002e-01,0.0000000000000000e+00,1.6732246315200001e-02,1.6732246315200001e-02,1.6732246315200001e-02
43,16,8.7000000000000000e-01,3.3000000000000002e-01,0.0000000000000000e+00,1.3412270211400000e-02,1.3412270211400000e-02,1.3412270211400000e-02
44,16,8.9000000000000001e-01,3.3000000000000002e-01,0.0000000000000000e+00,1.0677932325599999e-02,1.0677932325599999e-02,1.0677932325599999e-02
45,16,9.1000000000000003e-01,3.3000000000000002e-01,0.0000000000000000e+00,8.4290873315600000e-03,8.4290873315600000e-03,8.4290873315600000e-03
46,16,9.3000000000000005e-01,3.3000000000000002e-01,0.0000000000000000e+00,6.5806342391200000e-03,6.5806342391200000e-03,6.5806342391200000e-03
47,16,9.4999999999999996e-01,3.3000000000000002e-01,0.0000000000000000e+00,5.0648428932199997e-03,5.0648428932199997e-03,5.0648428932199997e-03
48,16,9.6999999999999997e-01,3.3000000000000002e-01,0.0000000000000000e+00,3.8299153963400000e-03,3.8299153963400000e-03,3.8299153963400000e-03
49,16,9.8999999999999999e-01,3.3000000000000002e-01,0.0000000000000000e+00,9.4256442459899996e-03,9.4256442459899996e-03,9.4256442459899996e-03
0,17,1.0000000000000000e-02,3.4999999999999998e-01,0.0000000000000000e+00,2.1660390384400000e-02,2.1660390384400000e-02,2.1660390384400000e-02
1,17,2.9999999999999999e-02,3.4999999999999998e-01,0.0000000000000000e+00,2.9536390922100000e-02,2.9536390922100000e-02,2.9536390922100000e-02
2,17,5.0000000000000003e-02,3.4999999999999998e-01,0.0000000000000000e+00,2.9380000401100000e-02,2.9380000401100000e-02,2.9380000401100000e-02
3,17,7.0000000000000007e-02,3.4999999999999998e-01,0.0000000000000000e+00,2.9324473849299999e-02,2.9324473849299999e-02,2.9324473849299999e-02
4,17,8.9999999999999997e-02,3.4999999999999998e-01,0.0000000000000000e+00,3.1548759289700003e-02,3.1548759289700003e-02,3.1548759289700003e-02
5,17,1.1000000000000000e-01,3.4999999999999998e-01,0.0000000000000000e+00,3.5764330015300001e-02,3.5764330015300001e-02,3.5764330015300001e-02
6,17,1.3000000000000000e-01,3.4999999999999998e-01,0.0000000000000000e+00,4.1414186017100001e-02,4.1414186017100001e-02,4.1414186017100001e-02
7,17,1.4999999999999999e-01,3.4999999999999998e-01,0.0000000000000000e+00,4.8174092150200000e-02,4.8174092150200000e-02,4.8174092150200000e-02
8,17,1.7000000000000001e-01,3.4999999999999998e-01,0.0000000000000000e+00,5.5902761862299997e-02,5.5902761862299997e-02,5.5902761862299997e-02
9,17,1.9000000000000000e-01,3.4999999999999998e-01,0.0000000000000000e+00,6.4529556313400002e-02,6.4529556313400002e-02,6.4529556313400002e-02
10,17,2.0999999999999999e-01,3.4999999999999998e-01,0.0000000000000000e+00,7.3981856210100005e-02,7.3981856210100005e-02,7.3981856210100005e-02
11,17,2.3000000000000001e-01,3.4999999999999998e-01,0.0000000000000000e+00,8.4148274108599999e-02,8.4148274108599999e-02,8.4148274108599999e-02
12,17,2.5000000000000000e-01,3.4999999999999998e-01,0.0000000000000000e+00,9.4861646178500000e-02,9.4861646178500000e-02,9.4861646178500000e-02
13,17,2.7000000000000002e-01,3.4999999999999998e-01,0.0000000000000000e+00,1.0589188301400000e-01,1.0589188301400000e-01,1.0589188301400000e-01
14,17,2.8999999999999998e-01,3.4999999999999998e-01,0.0000000000000000e+00,1.1694515606300000e-01,1.1694515606300000e-01,1.1694515606300000e-01
15,17,3.1000000000000000e-01,3.4999999999999998e-01,0.0000000000000000e+00,1.2767014724000000e-01,1.2767014724000000e-01,1.2767014724000000e-01
16,17,3.3000000000000002e-01,3.4999999999999998e-01,0.0000000000000000e+00,1.3767440063000000e-01,1.3767440063000000e-01,1.3767440063000000e-01
17,17,3.4999999999999998e-01,3.4999999999999998e-01,0.0000000000000000e+00,1.4655427670300000e-01,1.4655427670300000e-01,1.4655427670300000e-01
18,17,3.7000000000000000e-01,3.4999999999999998e-01,0.0000000000000000e+00,1.5394014811800000e-01,1.5394014811800000e-01,1.5394014811800000e-01
19,17,3.9000000000000001e-01,3.4999999999999998e-01,8.9287501787662649e-03,1.5955328451799999e-01,1.5062453433923373e-01,1.5062453433923373e-01
20,17,4.0999999999999998e-01,3.4999999999999998e-01,1.0309173019508588e-01,1.6326159321200001e-01,6.0169863016914127e-02,6.0169863016914127e-02
21,17,4.2999999999999999e-01,3.4999999999999998e-01,1.8622962561775291e-01,1.6510989048200000e-01,-2.1119735135752910e-02,2.1119735135752910e-02
22,17,4.5000000000000001e-01,3.4999999999999998e-01,2.5464400750006988e-01,1.6529536066799999e-01,-8.9348646832069889e-02,8.9348646832069889e-02
23,17,4.6999999999999997e-01,3.4999999999999998e-01,3.0397956607262977e-01,1.6407671631800000e-01,-1.3990284975462977e-01,1.3990284975462977e-01
24,17,4.8999999999999999e-01,3.4999999999999998e-01,3.3000829192527370e-01,1.6165270109499999e-01,-1.6835559083027371e-01,1.6835559083027371e-01
25,17,5.1000000000000001e-01,3.4999999999999998e-01,3.3000829192527370e-01,1.5779325354099999e-01,-1.7221503838427371e-01,1.7221503838427371e-01
26,17,5.3000000000000003e-01,3.4999999999999998e-01,3.0397956607262966e-01,1.5224183271899999e-01,-1.5173773335362967e-01,1.5173773335362967e-01
27,17,5.5000000000000004e-01,3.4999999999999998e-01,2.5464400750006977e-01,1.4509527827900001e-01,-1.0954872922106976e-01,1.0954872922106976e-01
28,17,5.6999999999999995e-01,3.4999999999999998e-01,1.8622962561775269e-01,1.3651984281599999e-01,-4.9709782801752700e-02,4.9709782801752700e-02
29,17,5.8999999999999997e-01,3.4999999999999998e-01,1.0309173019508588e-01,1.2675902018700000e-01,2.3667289991914114e-02,2.3667289991914114e-02
30,17,6.0999999999999999e-01,3.4999999999999998e-01,8.9287501787662649e-03,1.1612145442000001e-01,1.0719270424123374e-01,1.0719270424123374e-01
31,17,6.3000000000000000e-01,3.4999999999999998e-01,0.0000000000000000e+00,1.0495443408000001e-01,1.0495443408000001e-01,1.0495443408000001e-01
32,17,6.5000000000000002e-01,3.4999999999999998e-01,0.0000000000000000e+00,9.3611731809600002e-02,9.3611731809600002e-02,9.3611731809600002e-02
33,17,6.7000000000000004e-01,3.4999999999999998e-01,0.0000000000000000e+00,8.2423630759299996e-02,8.2423630759299996e-02,8.2423630759299996e-02
34,17,6.8999999999999995e-01,3.4999999999999998e-01,0.0000000000000000e+00,7.1674141267699998e-02,7.1674141267699998e-02,7.1674141267699998e-02
35,17,7.0999999999999996e-01,3.4999999999999998e-01,0.0000000000000000e+00,6.1587420444600000e-02,6.1587420444600000e-02,6.1587420444600000e-02
36,17,7.2999999999999998e-01,3.4999999999999998e-01,0.0000000000000000e+00,5.2323104242999997e-02,5.2323104242999997e-02,5.2323104242999997e-02
37,17,7.5000000000000000e-01,3.4999999999999998e-01,0.0000000000000000e+00,4.3978794356699998e-02,4.3978794356699998e-02,4.3978794356699998e-02
38,17,7.7000000000000002e-01,3.4999999999999998e-01,0.0000000000000000e+00,3.6597204589899998e-02,3.6597204589899998e-02,3.6597204589899998e-02
39,17,7.9000000000000004e-01,3.4999999999999998e-01,0.0000000000000000e+00,3.0175408981100001e-02,3.0175408981100001e-02,3.0175408981100001e-02
40,17,8.1000000000000005e-01,3.4999999999999998e-01,0.0000000000000000e+00,2.4674239410000000e-02,2.4674239410000000e-02,2.4674239410000000e-02
41,17,8.2999999999999996e-01,3.4999999999999998e-01,0.0000000000000000e+00,2.0026960457000000e-02,2.0026960457000000e-02,2.0026960457000000e-02
42,17,8.4999999999999998e-01,3.4999999999999998e-01,0.0000000000000000e+00,1.6147398419700001e-02,1.6147398419700001e-02,1.6147398419700001e-02
43,17,8.7000000000000000e-01,3.4999999999999998e-01,0.0000000000000000e+00,1.2938133906000000e-02,1.2938133906000000e-02,1.2938133906000000e-02
44,17,8.9000000000000001e-01,3.4999999999999998e-01,0.0000000000000000e+00,1.0298960977099999e-02,1.0298960977099999e-02,1.0298960977099999e-02
45,17,9.1000000000000003e-01,3.4999999999999998e-01,0.0000000000000000e+00,8.1349363027100000e-03,8.1349363027100000e-03,8.1349363027100000e-03
46,17,9.3000000000000005e-01,3.4999999999999998e-01,0.0000000000000000e+00,6.3626944211800001e-03,6.3626944211800001e-03,6.3626944211800001e-03
47,17,9.4999999999999996e-01,3.4999999999999998e-01,0.0000000000000000e+00,4.9138095019800000e-03,4.9138095019800000e-03,4.9138095019800000e-03
48,17,9.6999999999999997e-01,3.4999999999999998e-01,0.0000000000000000e+00,3.7348161077900002e-03,3.7348161077900002e-03,3.7348161077900002e-03
49,17,9.8999999999999999e-01,3.4999999999999998e-01,0.0000000000000000e+00,9.4870945637400006e-03,9.4870945637400006e-03,9.4870945637400006e-03
0,18,1.0000000000000000e-02,3.7000000000000000e-01,0.0000000000000000e+00,2.8891607622999999e-02,2.8891607622999999e-02,2.8891607622999999e-02
1,18,2.9999999999999999e-02,3.7000000000000000e-01,0.0000000000000000e+00,3.2839929530199999e-02,3.2839929530199999e-02,3.2839929530199999e-02
2,18,5.0000000000000003e-02,3.7000000000000000e-01,0.0000000000000000e+00,3.0055797728800002e-02,3.0055797728800002e-02,3.0055797728800002e-02
3,18,7.0000000000000007e-02,3.7000000000000000e-01,0.0000000000000000e+00,2.9953794901499999e-02,2.9953794901499999e-02,2.9953794901499999e-02
4,18,8.9999999999999997e-02,3.7000000000000000e-01,0.0000000000000000e+00,3.2965510844100002e-02,3.2965510844100002e-02,3.2965510844100002e-02
5,18,1.1000000000000000e-01,3.7000000000000000e-01,0.0000000000000000e+00,3.7949109300300002e-02,3.7949109300300002e-02,3.7949109300300002e-02
6,18,1.3000000000000000e-01,3.7000000000000000e-01,0.0000000000000000e+00,4.4197890622400003e-02,4.4197890622400003e-02,4.4197890622400003e-02
7,18,1.4999999999999999e-01,3.7000000000000000e-01,0.0000000000000000e+00,5.1432525877099997e-02,5.1432525877099997e-02,5.1432525877099997e-02
8,18,1.7000000000000001e-01,3.7000000000000000e-01,0.0000000000000000e+00,5.9555496609800002e-02,5.9555496609800002e-02,5.9555496609800002e-02
9,18,1.9000000000000000e-01,3.7000000000000000e-01,2.5473284328424162e-03,6.8503579616499999e-02,6.5956251183657583e-02,6.5956251183657583e-02
10,18,2.0999999999999999e-01,3.7000000000000000e-01,1.0647882774751621e-02,7.8182255788700000e-02,6.7534373013948379e-02,6.7534373013948379e-02
11,18,2.3000000000000001e-01,3.7000000000000000e-01,1.8474106437216975e-02,8.8439939936399994e-02,6.9965833499183019e-02,6.9965833499183019e-02
12,18,2.5000000000000000e-01,3.7000000000000000e-01,2.1613635589349756e-02,9.9059025213699997e-02,7.7445389624350242e-02,7.7445389624350242e-02
13,18,2.7000000000000002e-01,3.7000000000000000e-01,1.8474106437216975e-02,1.0975441832900000e-01,9.1280311891783025e-02,9.1280311891783025e-02
14,18,2.8999999999999998e-01,3.7000000000000000e-01,1.0647882774751621e-02,1.2017753404900000e-01,1.0952965127424838e-01,1.0952965127424838e-01
15,18,3.1000000000000000e-01,3.7000000000000000e-01,2.5473284328424162e-03,1.2992767185500001e-01,1.2738034342215759e-01,1.2738034342215759e-01
16,18,3.3000000000000002e-01,3.7000000000000000e-01,0.0000000000000000e+00,1.3857469972799999e-01,1.3857469972799999e-01,1.3857469972799999e-01
17,18,3.4999999999999998e-01,3.7000000000000000e-01,0.0000000000000000e+00,1.4569733069599999e-01,1.4569733069599999e-01,1.4569733069599999e-01
18,18,3.7000000000000000e-01,3.7000000000000000e-01,0.0000000000000000e+00,1.5093952261900001e-01,1.5093952261900001e-01,1.5093952261900001e-01
19,18,3.9000000000000001e-01,3.7000000000000000e-01,0.0000000000000000e+00,1.5408224401800000e-01,1.5408224401800000e-01,1.5408224401800000e-01
20,18,4.0999999999999998e-01,3.7000000000000000e-01,2.2204460492503131e-16,1.5511696355400001e-01,1.5511696355399979e-01,1.5511696355399979e-01
21,18,4.2999999999999999e-01,3.7000000000000000e-01,7.3837067370013054e-02,1.5429020043500000e-01,8.0453133064986943e-02,8.0453133064986943e-02
22,18,4.5000000000000001e-01,3.7000000000000000e-01,1.3333333333333330e-01,1.5207278598700000e-01,1.8739452653666694e-02,1.8739452653666694e-02
23,18,4.6999999999999997e-01,3.7000000000000000e-01,1.7537887487646797e-01,1.4901830850200001e-01,-2.6360566374467959e-02,2.6360566374467959e-02
24,18,4.8999999999999999e-01,3.7000000000000000e-01,1.9722702808051362e-01,1.4554470708400000e-01,-5.1682320996513625e-02,5.1682320996513625e-02
25,18,5.1000000000000001e-01,3.7000000000000000e-01,1.9722702808051362e-01,1.4149398685400000e-01,-5.5733041226513624e-02,5.5733041226513624e-02
26,18,5.3000000000000003e-01,3.7000000000000000e-01,1.7537887487646786e-01,1.3653117487399999e-01,-3.8847700002467872e-02,3.8847700002467872e-02
27,18,5.5000000000000004e-01,3.7000000000000000e-01,1.3333333333333330e-01,1.3056882650900001e-01,-2.7645068243332960e-03,2.7645068243332960e-03
28,18,5.6999999999999995e-01,3.7000000000000000e-01,7.3837067370012832e-02,1.2355551521100000e-01,4.9718447840987168e-02,4.9718447840987168e-02
29,18,5.8999999999999997e-01,3.7000000000000000e-01,2.2204460492503131e-16,1.1553153824800000e-01,1.1553153824799978e-01,1.1553153824799978e-01
30,18,6.0999999999999999e-01,3.7000000000000000e-01,0.0000000000000000e+00,1.0664324975200000e-01,1.0664324975200000e-01,1.0664324975200000e-01
31,18,6.3000000000000000e-01,3.7000000000000000e-01,0.0000000000000000e+00,9.7124603899400003e-02,9.7124603899400003e-02,9.7124603899400003e-02
32,18,6.5000000000000002e-01,3.7000000000000000e-01,0.0000000000000000e+00,8.7261432246799997e-02,8.7261432246799997e-02,8.7261432246799997e-02
33,18,6.7000000000000004e-01,3.7000000000000000e-01,0.0000000000000000e+00,7.7352469135000004e-02,7.7352469135000004e-02,7.7352469135000004e-02
34,18,6.8999999999999995e-01,3.7000000000000000e-01,0.0000000000000000e+00,6.7676273305400006e-02,6.7676273305400006e-02,6.7676273305400006e-02
35,18,7.0999999999999996e-01,3.7000000000000000e-01,0.0000000000000000e+00,5.8468287703700002e-02,5.8468287703700002e-02,5.8468287703700002e-02
36,18,7.2999999999999998e-01,3.7000000000000000e-01,0.0000000000000000e+00,4.9908670823899999e-02,4.9908670823899999e-02,4.9908670823899999e-02
37,18,7.5000000000000000e-01,3.7000000000000000e-01,0.0000000000000000e+00,4.2119353132100003e-02,4.2119353132100003e-02,4.2119353132100003e-02
38,18,7.7000000000000002e-01,3.7000000000000000e-01,0.0000000000000000e+00,3.5167706648600000e-02,3.5167706648600000e-02,3.5167706648600000e-02
39,18,7.9000000000000004e-01,3.7000000000000000e-01,0.0000000000000000e+00,2.9073973124500000e-02,2.9073973124500000e-02,2.9073973124500000e-02
40,18,8.1000000000000005e-01,3.7000000000000000e-01,0.0000000000000000e+00,2.3820027949200000e-02,2.3820027949200000e-02,2.3820027949200000e-02
41,18,8.2999999999999996e-01,3.7000000000000000e-01,0.0000000000000000e+00,1.9357998234600000e-02,1.9357998234600000e-02,1.9357998234600000e-02
42,18,8.4999999999999998e-01,3.7000000000000000e-01,0.0000000000000000e+00,1.5618334185999999e-02,1.5618334185999999e-02,1.5618334185999999e-02
43,18,8.7000000000000000e-01,3.7000000000000000e-01,0.0000000000000000e+00,1.2517637117800001e-02,1.2517637117800001e-02,1.2517637117800001e-02
44,18,8.9000000000000001e-01,3.7000000000000000e-01,0.0000000000000000e+00,9.9665383392100008e-03,9.9665383392100008e-03,9.9665383392100008e-03
45,18,9.1000000000000003e-01,3.7000000000000000e-01,0.0000000000000000e+00,7.8773284612999993e-03,7.8773284612999993e-03,7.8773284612999993e-03
46,18,9.3000000000000005e-01,3.7000000000000000e-01,0.0000000000000000e+00,6.1703878382699997e-03,6.1703878382699997e-03,6.1703878382699997e-03
47,18,9.4999999999999996e-01,3.7000000000000000e-01,0.0000000000000000e+00,4.7783112863799999e-03,4.7783112863799999e-03,4.7783112863799999e-03
48,18,9.6999999999999997e-01,3.7000000000000000e-01,0.0000000000000000e+00,3.6471234137299999e-03,3.6471234137299999e-03,3.6471234137299999e-03
49,18,9.8999999999999999e-01,3.7000000000000000e-01,0.0000000000000000e+00,9.5681035993199996e-03,9.5681035993199996e-03,9.5681035993199996e-03
0,19,1.0000000000000000e-02,3.9000000000000001e-01,0.0000000000000000e+00,3.7377063864799998e-02,3.7377063864799998e-02,3.7377063864799998e-02
1,19,2.9999999999999999e-02,3.9000000000000001e-01,0.0000000000000000e+00,3.4841129091700000e-02,3.4841129091700000e-02,3.4841129091700000e-02
2,19,5.0000000000000003e-02,3.9000000000000001e-01,0.0000000000000000e+00,3.0030096992700001e-02,3.0030096992700001e-02,3.0030096992700001e-02
3,19,7.0000000000000007e-02,3.9000000000000001e-01,0.0000000000000000e+00,3.0629647020300001e-02,3.0629647020300001e-02,3.0629647020300001e-02
4,19,8.9999999999999997e-02,3.9000000000000001e-01,0.0000000000000000e+00,3.4617019932300000e-02,3.4617019932300000e-02,3.4617019932300000e-02
5,19,1.1000000000000000e-01,3.9000000000000001e-01,0.0000000000000000e+00,4.0309190790100001e-02,4.0309190790100001e-02,4.0309190790100001e-02
6,19,1.3000000000000000e-01,3.9000000000000001e-01,0.0000000000000000e+00,4.7069134888500001e-02,4.7069134888500001e-02,4.7069134888500001e-02
7,19,1.4999999999999999e-01,3.9000000000000001e-01,9.8347341692200940e-05,5.4720089970000003e-02,5.4621742628307803e-02,5.4621742628307803e-02
8,19,1.7000000000000001e-01,3.9000000000000001e-01,1.0647882774751649e-02,6.3204669112699993e-02,5.2556786337948344e-02,5.2556786337948344e-02
9,19,1.9000000000000000e-01,3.9000000000000001e-01,3.2713459686220386e-02,7.2452851708099994e-02,3.9739392021879608e-02,3.9739392021879608e-02
10,19,2.0999999999999999e-01,3.9000000000000001e-01,5.7214921056023882e-02,8.2336517382799998e-02,2.5121596326776116e-02,2.5121596326776116e-02
11,19,2.3000000000000001e-01,3.9000000000000001e-01,7.5821124561449016e-02,9.2655319659099997e-02,1.6834195097650981e-02,1.6834195097650981e-02
12,19,2.5000000000000000e-01,3.9000000000000001e-01,8.2717348410285524e-02,1.0313413150799999e-01,2.0416783097714469e-02,2.0416783097714469e-02
13,19,2.7000000000000002e-01,3.9000000000000001e-01,7.5821124561449016e-02,1.1342588184900000e-01,3.7604757287550986e-02,3.7604757287550986e-02
14,19,2.8999999999999998e-01,3.9000000000000001e-01,5.7214921056023882e-02,1.2311955218600000e-01,6.5904631129976118e-02,6.5904631129976118e-02
15,19,3.1000000000000000e-01,3.9000000000000001e-01,3.2713459686220386e-02,1.3175632469900000e-01,9.9042865012779618e-02,9.9042865012779618e-02
16,19,3.3000000000000002e-01,3.9000000000000001e-01,1.0647882774751621e-02,1.3885851743300001e-01,1.2821063465824839e-01,1.2821063465824839e-01
17,19,3.4999999999999998e-01,3.9000000000000001e-01,9.8347341692200940e-05,1.4397625944400000e-01,1.4387791210230780e-01,1.4387791210230780e-01
18,19,3.7000000000000000e-01,3.9000000000000001e-01,0.0000000000000000e+00,1.4675551120399999e-01,1.4675551120399999e-01,1.4675551120399999e-01
19,19,3.9000000000000001e-01,3.9000000000000001e-01,0.0000000000000000e+00,1.4702651416099999e-01,1.4702651416099999e-01,1.4702651416099999e-01
20,19,4.0999999999999998e-01,3.9000000000000001e-01,0.0000000000000000e+00,1.4490089191100000e-01,1.4490089191100000e-01,1.4490089191100000e-01
21,19,4.2999999999999999e-01,3.9000000000000001e-01,0.0000000000000000e+00,1.4084436577600001e-01,1.4084436577600001e-01,1.4084436577600001e-01
22,19,4.5000000000000001e-01,3.9000000000000001e-01,8.9287501787662649e-03,1.3566146963699999e-01,1.2673271945823372e-01,1.2673271945823372e-01
23,19,4.6999999999999997e-01,3.9000000000000001e-01,4.5478595781576425e-02,1.3031399887900000e-01,8.4835403097423573e-02,8.4835403097423573e-02
24,19,4.8999999999999999e-01,3.9000000000000001e-01,6.4288743492119882e-02,1.2556366448400000e-01,6.1274920991880116e-02,6.1274920991880116e-02
25,19,5.1000000000000001e-01,3.9000000000000001e-01,6.4288743492119882e-02,1.2141549007400000e-01,5.7126746581880120e-02,5.7126746581880120e-02
26,19,5.3000000000000003e-01,3.9000000000000001e-01,4.5478595781576203e-02,1.1743789722900000e-01,7.1959301447423796e-02,7.1959301447423796e-02
27,19,5.5000000000000004e-01,3.9000000000000001e-01,8.9287501787660428e-03,1.1323894925800000e-01,1.0431019907923396e-01,1.0431019907923396e-01
28,19,5.6999999999999995e-01,3.9000000000000001e-01,0.0000000000000000e+00,1.0842994128800000e-01,1.0842994128800000e-01,1.0842994128800000e-01
29,19,5.8999999999999997e-01,3.9000000000000001e-01,0.0000000000000000e+00,1.0275766117200000e-01,1.0275766117200000e-01,1.0275766117200000e-01
30,19,6.0999999999999999e-01,3.9000000000000001e-01,0.0000000000000000e+00,9.6152086338100004e-02,9.6152086338100004e-02,9.6152086338100004e-02
31,19,6.3000000000000000e-01,3.9000000000000001e-01,0.0000000000000000e+00,8.8710653542400000e-02,8.8710653542400000e-02,8.8710653542400000e-02
32,19,6.5000000000000002e-01,3.9000000000000001e-01,0.0000000000000000e+00,8.0649571820100005e-02,8.0649571820100005e-02,8.0649571820100005e-02
33,19,6.7000000000000004e-01,3.9000000000000001e-01,0.0000000000000000e+00,7.2246880423099999e-02,7.2246880423099999e-02,7.2246880423099999e-02
34,19,6.8999999999999995e-01,3.9000000000000001e-01,0.0000000000000000e+00,6.3792251494699997e-02,6.3792251494699997e-02,6.3792251494699997e-02
35,19,7.0999999999999996e-01,3.9000000000000001e-01,0.0000000000000000e+00,5.5550218125800001e-02,5.5550218125800001e-02,5.5550218125800001e-02
36,19,7.2999999999999998e-01,3.9000000000000001e-01,0.0000000000000000e+00,4.7737969027500000e-02,4.7737969027500000e-02,4.7737969027500000e-02
37,19,7.5000000000000000e-01,3.9000000000000001e-01,0.0000000000000000e+00,4.0515782961000002e-02,4.0515782961000002e-02,4.0515782961000002e-02
38,19,7.7000000000000002e-01,3.9000000000000001e-01,0.0000000000000000e+00,3.3986828099500002e-02,3.3986828099500002e-02,3.3986828099500002e-02
39,19,7.9000000000000004e-01,3.9000000000000001e-01,0.0000000000000000e+00,2.8202788496400000e-02,2.8202788496400000e-02,2.8202788496400000e-02
40,19,8.1000000000000005e-01,3.9000000000000001e-01,0.0000000000000000e+00,2.3172233651500000e-02,2.3172233651500000e-02,2.3172233651500000e-02
41,19,8.2999999999999996e-01,3.9000000000000001e-01,0.0000000000000000e+00,1.8869594653400001e-02,1.8869594653400001e-02,1.8869594653400001e-02
42,19,8.4999999999999998e-01,3.9000000000000001e-01,0.0000000000000000e+00,1.5243755781500000e-02,1.5243755781500000e-02,1.5243755781500000e-02
43,19,8.7000000000000000e-01,3.9000000000000001e-01,0.0000000000000000e+00,1.2226183050999999e-02,1.2226183050999999e-02,1.2226183050999999e-02
44,19,8.9000000000000001e-01,3.9000000000000001e-01,0.0000000000000000e+00,9.7388242104900005e-03,9.7388242104900005e-03,9.7388242104900005e-03
45,19,9.1000000000000003e-01,3.9000000000000001e-01,0.0000000000000000e+00,7.7017033167199999e-03,7.7017033167199999e-03,7.7017033167199999e-03
46,19,9.3000000000000005e-01,3.9000000000000001e-01,0.0000000000000000e+00,6.0395717414400002e-03,6.0395717414400002e-03,6.0395717414400002e-03
47,19,9.4999999999999996e-01,3.9000000000000001e-01,0.0000000000000000e+00,4.6866804569300003e-03,4.6866804569300003e-03,4.6866804569300003e-03
48,19,9.6999999999999997e-01,3.9000000000000001e-01,0.0000000000000000e+00,3.5889913895200002e-03,3.5889913895200002e-03,3.5889913895200002e-03
49,19,9.8999999999999999e-01,3.9000000000000001e-01,0.0000000000000000e+00,9.7353029374099998e-03,9.7353029374099998e-03,9.7353029374099998e-03
0,20,1.0000000000000000e-02,4.0999999999999998e-01,0.0000000000000000e+00,4.6841845123999998e-02,4.6841845123999998e-02,4.6841845123999998e-02
1,20,2.9999999999999999e-02,4.0999999999999998e-01,0.0000000000000000e+00,3.5229183528899997e-02,3.5229183528899997e-02,3.5229183528899997e-02
2,20,5.0000000000000003e-02,4.0999999999999998e-01,0.0000000000000000e+00,2.9649533440400000e-02,2.9649533440400000e-02,2.9649533440400000e-02
3,20,7.0000000000000007e-02,4.0999999999999998e-01,0.0000000000000000e+00,3.1535367591600000e-02,3.1535367591600000e-02,3.1535367591600000e-02
4,20,8.9999999999999997e-02,4.0999999999999998e-01,0.0000000000000000e+00,3.6472140505000000e-02,3.6472140505000000e-02,3.6472140505000000e-02
5,20,1.1000000000000000e-01,4.0999999999999998e-01,0.0000000000000000e+00,4.2746019703899997e-02,4.2746019703899997e-02,4.2746019703899997e-02
6,20,1.3000000000000000e-01,4.0999999999999998e-01,0.0000000000000000e+00,4.9936468529800000e-02,4.9936468529800000e-02,4.9936468529800000e-02
7,20,1.4999999999999999e-01,4.0999999999999998e-01,1.2997441740061649e-02,5.7968632272900000e-02,4.4971190532838351e-02,4.4971190532838351e-02
8,20,1.7000000000000001e-01,4.0999999999999998e-01,4.6473312304552344e-02,6.6804516119600005e-02,2.0331203815047660e-02,2.0331203815047660e-02
9,20,1.9000000000000000e-01,4.0999999999999998e-01,8.9973091658039156e-02,7.6353977782099999e-02,-1.3619113875939157e-02,1.3619113875939157e-02
10,20,2.0999999999999999e-01,4.0999999999999998e-01,1.3191501883111037e-01,8.6448842748700003e-02,-4.5466176082410367e-02,4.5466176082410367e-02
11,20,2.3000000000000001e-01,4.0999999999999998e-01,1.6189855771750394e-01,9.6836800767800005e-02,-6.5061756949703939e-02,6.5061756949703939e-02
12,20,2.5000000000000000e-01,4.0999999999999998e-01,1.7274575140626330e-01,1.0718285192700000e-01,-6.5562899479263304e-02,6.5562899479263304e-02
13,20,2.7000000000000002e-01,4.0999999999999998e-01,1.6189855771750394e-01,1.1707506628100001e-01,-4.4823491436503937e-02,4.4823491436503937e-02
14,20,2.8999999999999998e-01,4.0999999999999998e-01,1.3191501883111045e-01,1.2603572094000001e-01,-5.8792978911104410e-03,5.8792978911104410e-03
15,20,3.1000000000000000e-01,4.0999999999999998e-01,8.9973091658039156e-02,1.3354156616800000e-01,4.3568474509960847e-02,4.3568474509960847e-02
16,20,3.3000000000000002e-01,4.0999999999999998e-01,4.6473312304552289e-02,1.3905831946300001e-01,9.2585007158447724e-02,9.2585007158447724e-02
17,20,3.4999999999999998e-01,4.0999999999999998e-01,1.2997441740061566e-02,1.4209474289200000e-01,1.2909730115193843e-01,1.2909730115193843e-01
18,20,3.7000000000000000e-01,4.0999999999999998e-01,0.0000000000000000e+00,1.4228085896199999e-01,1.4228085896199999e-01,1.4228085896199999e-01
19,20,3.9000000000000001e-01,4.0999999999999998e-01,0.0000000000000000e+00,1.3947189869099999e-01,1.3947189869099999e-01,1.3947189869099999e-01
20,20,4.0999999999999998e-01,4.0999999999999998e-01,0.0000000000000000e+00,1.3387113632299999e-01,1.3387113632299999e-01,1.3387113632299999e-01
21,20,4.2999999999999999e-01,4.0999999999999998e-01,0.0000000000000000e+00,1.2614405617600000e-01,1.2614405617600000e-01,1.2614405617600000e-01
22,20,4.5000000000000001e-01,4.0999999999999998e-01,0.0000000000000000e+00,1.1745430431900000e-01,1.1745430431900000e-01,1.1745430431900000e-01
23,20,4.6999999999999997e-01,4.0999999999999998e-01,0.0000000000000000e+00,1.0929480480600000e-01,1.0929480480600000e-01,1.0929480480600000e-01
24,20,4.8999999999999999e-01,4.0999999999999998e-01,0.0000000000000000e+00,1.0298215727100000e-01,1.0298215727100000e-01,1.0298215727100000e-01
25,20,5.1000000000000001e-01,4.0999999999999998e-01,0.0000000000000000e+00,9.8858700695200002e-02,9.8858700695200002e-02,9.8858700695200002e-02
26,20,5.3000000000000003e-01,4.0999999999999998e-01,0.0000000000000000e+00,9.6355056999500005e-02,9.6355056999500005e-02,9.6355056999500005e-02
27,20,5.5000000000000004e-01,4.0999999999999998e-01,0.0000000000000000e+00,9.4583215564900000e-02,9.4583215564900000e-02,9.4583215564900000e-02
28,20,5.6999999999999995e-01,4.0999999999999998e-01,0.0000000000000000e+00,9.2651032571999997e-02,9.2651032571999997e-02,9.2651032571999997e-02
29,20,5.8999999999999997e-01,4.0999999999999998e-01,0.0000000000000000e+00,8.9907585928099998e-02,8.9907585928099998e-02,8.9907585928099998e-02
30,20,6.0999999999999999e-01,4.0999999999999998e-01,0.0000000000000000e+00,8.6021098473999996e-02,8.6021098473999996e-02,8.6021098473999996e-02
31,20,6.3000000000000000e-01,4.0999999999999998e-01,0.0000000000000000e+00,8.0948046282000002e-02,8.0948046282000002e-02,8.0948046282000002e-02
32,20,6.5000000000000002e-01,4.0999999999999998e-01,0.0000000000000000e+00,7.4853258520700003e-02,7.4853258520700003e-02,7.4853258520700003e-02
33,20,6.7000000000000004e-01,4.0999999999999998e-01,0.0000000000000000e+00,6.8021489155000003e-02,6.8021489155000003e-02,6.8021489155000003e-02
34,20,6.8999999999999995e-01,4.0999999999999998e-01,0.0000000000000000e+00,6.0781774712500000e-02,6.0781774712500000e-02,6.0781774712500000e-02
35,20,7.0999999999999996e-01,4.0999999999999998e-01,0.0000000000000000e+00,5.3452564128500003e-02,5.3452564128500003e-02,5.3452564128500003e-02
36,20,7.2999999999999998e-01,4.0999999999999998e-01,0.0000000000000000e+00,4.6307885643000000e-02,4.6307885643000000e-02,4.6307885643000000e-02
37,20,7.5000000000000000e-01,4.0999999999999998e-01,0.0000000000000000e+00,3.9561082812199999e-02,3.9561082812199999e-02,3.9561082812199999e-02
38,20,7.7000000000000002e-01,4.0999999999999998e-01,0.0000000000000000e+00,3.3361359068699997e-02,3.3361359068699997e-02,3.3361359068699997e-02
39,20,7.9000000000000004e-01,4.0999999999999998e-01,0.0000000000000000e+00,2.7798411725899998e-02,2.7798411725899998e-02,2.7798411725899998e-02
40,20,8.1000000000000005e-01,4.0999999999999998e-01,0.0000000000000000e+00,2.2911182460199998e-02,2.2911182460199998e-02,2.2911182460199998e-02
41,20,8.2999999999999996e-01,4.0999999999999998e-01,0.0000000000000000e+00,1.8697892201500001e-02,1.8697892201500001e-02,1.8697892201500001e-02
42,20,8.4999999999999998e-01,4.0999999999999998e-01,0.0000000000000000e+00,1.5125817615600000e-02,1.5125817615600000e-02,1.5125817615600000e-02
43,20,8.7000000000000000e-01,4.0999999999999998e-01,0.0000000000000000e+00,1.2140365593100000e-02,1.2140365593100000e-02,1.2140365593100000e-02
44,20,8.9000000000000001e-01,4.0999999999999998e-01,0.0000000000000000e+00,9.6735700896300007e-03,9.6735700896300007e-03,9.6735700896300007e-03
45,20,9.1000000000000003e-01,4.0999999999999998e-01,0.0000000000000000e+00,7.6520678564499997e-03,7.6520678564499997e-03,7.6520678564499997e-03
46,20,9.3000000000000005e-01,4.0999999999999998e-01,0.0000000000000000e+00,6.0041631135000001e-03,6.0041631135000001e-03,6.0041631135000001e-03
47,20,9.4999999999999996e-01,4.0999999999999998e-01,0.0000000000000000e+00,4.6652305221099996e-03,4.6652305221099996e-03,4.6652305221099996e-03
48,20,9.6999999999999997e-01,4.0999999999999998e-01,0.0000000000000000e+00,3.5807798965300001e-03,3.5807798965300001e-03,3.5807798965300001e-03
49,20,9.8999999999999999e-01,4.0999999999999998e-01,0.0000000000000000e+00,1.0052307617900000e-02,1.0052307617900000e-02,1.0052307617900000e-02
0,21,1.0000000000000000e-02,4.2999999999999999e-01,0.0000000000000000e+00,5.6793915681399999e-02,5.6793915681399999e-02,5.6793915681399999e-02
1,21,2.9999999999999999e-02,4.2999999999999999e-01,0.0000000000000000e+00,3.4000302772400001e-02,3.4000302772400001e-02,3.4000302772400001e-02
2,21,5.0000000000000003e-02,4.2999999999999999e-01,0.0000000000000000e+00,2.9323127898600001e-02,2.9323127898600001e-02,2.9323127898600001e-02
3,21,7.0000000000000007e-02,4.2999999999999999e-01,0.0000000000000000e+00,3.2724420120400000e-02,3.2724420120400000e-02,3.2724420120400000e-02
4,21,8.9999999999999997e-02,4.2999999999999999e-01,0.0000000000000000e+00,3.8427724945399998e-02,3.8427724945399998e-02,3.8427724945399998e-02
5,21,1.1000000000000000e-01,4.2999999999999999e-01,0.0000000000000000e+00,4.5154254326400002e-02,4.5154254326400002e-02,4.5154254326400002e-02
6,21,1.3000000000000000e-01,4.2999999999999999e-01,6.6959218847226221e-03,5.2722511839400001e-02,4.6026589954677379e-02,4.6026589954677379e-02
7,21,1.4999999999999999e-01,4.2999999999999999e-01,4.1579933820134557e-02,6.1122591901499997e-02,1.9542658081365440e-02,1.9542658081365440e-02
8,21,1.7000000000000001e-01,4.2999999999999999e-01,9.7595974712111483e-02,7.0315855740000002e-02,-2.7280118972111481e-02,2.7280118972111481e-02
9,21,1.9000000000000000e-01,4.2999999999999999e-01,1.6189855771750375e-01,8.0185978939200001e-02,-8.1712578778303749e-02,8.1712578778303749e-02
10,21,2.0999999999999999e-01,4.2999999999999999e-01,2.2062824702122355e-01,9.0524841774399997e-02,-1.3010340524682357e-01,1.3010340524682357e-01
11,21,2.3000000000000001e-01,4.2999999999999999e-01,2.6150934982463464e-01,1.0103051156900000e-01,-1.6047883825563464e-01,1.6047883825563464e-01
12,21,2.5000000000000000e-01,4.2999999999999999e-01,2.7613211581691333e-01,1.1131090473700000e-01,-1.6482121107991332e-01,1.6482121107991332e-01
13,21,2.7000000000000002e-01,4.2999999999999999e-01,2.6150934982463458e-01,1.2089142969500000e-01,-1.4061792012963459e-01,1.4061792012963459e-01
14,21,2.8999999999999998e-01,4.2999999999999999e-01,2.2062824702122366e-01,1.2922839662300001e-01,-9.1399850398223653e-02,9.1399850398223653e-02
15,21,3.1000000000000000e-01,4.2999999999999999e-01,1.6189855771750375e-01,1.3573244346800001e-01,-2.6166114249503741e-02,2.6166114249503741e-02
16,21,3.3000000000000002e-01,4.2999999999999999e-01,9.7595974712111400e-02,1.3980727011700000e-01,4.2211295404888605e-02,4.2211295404888605e-02
17,21,3.4999999999999998e-01,4.2999999999999999e-01,4.1579933820134474e-02,1.4090901295700001e-01,9.9329079136865533e-02,9.9329079136865533e-02
18,21,3.7000000000000000e-01,4.2999999999999999e-01,6.6959218847226221e-03,1.3863116851099999e-01,1.3193524662627737e-01,1.3193524662627737e-01
19,21,3.9000000000000001e-01,4.2999999999999999e-01,0.0000000000000000e+00,1.3281877027000000e-01,1.3281877027000000e-01,1.3281877027000000e-01
20,21,4.0999999999999998e-01,4.2999999999999999e-01,0.0000000000000000e+00,1.2371138735100000e-01,1.2371138735100000e-01,1.2371138735100000e-01
21,21,4.2999999999999999e-01,4.2999999999999999e-01,0.0000000000000000e+00,1.1210123876800000e-01,1.1210123876800000e-01,1.1210123876800000e-01
22,21,4.5000000000000001e-01,4.2999999999999999e-01,0.0000000000000000e+00,9.9455599795299998e-02,9.9455599795299998e-02,9.9455599795299998e-02
23,21,4.6999999999999997e-01,4.2999999999999999e-01,0.0000000000000000e+00,8.7869604059599996e-02,8.7869604059599996e-02,8.7869604059599996e-02
24,21,4.8999999999999999e-01,4.2999999999999999e-01,0.0000000000000000e+00,7.9553570988800004e-02,7.9553570988800004e-02,7.9553570988800004e-02
25,21,5.1000000000000001e-01,4.2999999999999999e-01,0.0000000000000000e+00,7.5589682183099999e-02,7.5589682183099999e-02,7.5589682183099999e-02
26,21,5.3000000000000003e-01,4.2999999999999999e-01,0.0000000000000000e+00,7.5168051509399994e-02,7.5168051509399994e-02,7.5168051509399994e-02
27,21,5.5000000000000004e-01,4.2999999999999999e-01,0.0000000000000000e+00,7.6577860148100002e-02,7.6577860148100002e-02,7.6577860148100002e-02
28,21,5.6999999999999995e-01,4.2999999999999999e-01,0.0000000000000000e+00,7.8188746053899999e-02,7.8188746053899999e-02,7.8188746053899999e-02
29,21,5.8999999999999997e-01,4.2999999999999999e-01,0.0000000000000000e+00,7.8842920702500000e-02,7.8842920702500000e-02,7.8842920702500000e-02
30,21,6.0999999999999999e-01,4.2999999999999999e-01,0.0000000000000000e+00,7.7929350440599995e-02,7.7929350440599995e-02,7.7929350440599995e-02
31,21,6.3000000000000000e-01,4.2999999999999999e-01,0.0000000000000000e+00,7.5294583265599999e-02,7.5294583265599999e-02,7.5294583265599999e-02
32,21,6.5000000000000002e-01,4.2999999999999999e-01,0.0000000000000000e+00,7.1100296515200001e-02,7.1100296515200001e-02,7.1100296515200001e-02
33,21,6.7000000000000004e-01,4.2999999999999999e-01,0.0000000000000000e+00,6.5685739128000006e-02,6.5685739128000006e-02,6.5685739128000006e-02
34,21,6.8999999999999995e-01,4.2999999999999999e-01,0.0000000000000000e+00,5.9458903082700000e-02,5.9458903082700000e-02,5.9458903082700000e-02
35,21,7.0999999999999996e-01,4.2999999999999999e-01,0.0000000000000000e+00,5.2821587140299997e-02,5.2821587140299997e-02,5.2821587140299997e-02
36,21,7.2999999999999998e-01,4.2999999999999999e-01,0.0000000000000000e+00,4.6124759916500002e-02,4.6124759916500002e-02,4.6124759916500002e-02
37,21,7.5000000000000000e-01,4.2999999999999999e-01,0.0000000000000000e+00,3.9647433803400002e-02,3.9647433803400002e-02,3.9647433803400002e-02
38,21,7.7000000000000002e-01,4.2999999999999999e-01,0.0000000000000000e+00,3.3591886482699999e-02,3.3591886482699999e-02,3.3591886482699999e-02
39,21,7.9000000000000004e-01,4.2999999999999999e-01,0.0000000000000000e+00,2.8088936225999998e-02,2.8088936225999998e-02,2.8088936225999998e-02
40,21,8.1000000000000005e-01,4.2999999999999999e-01,0.0000000000000000e+00,2.3208311335600001e-02,2.3208311335600001e-02,2.3208311335600001e-02
41,21,8.2999999999999996e-01,4.2999999999999999e-01,0.0000000000000000e+00,1.8970646535699999e-02,1.8970646535699999e-02,1.8970646535699999e-02
42,21,8.4999999999999998e-01,4.2999999999999999e-01,0.0000000000000000e+00,1.5359131910400000e-02,1.5359131910400000e-02,1.5359131910400000e-02
43,21,8.7000000000000000e-01,4.2999999999999999e-01,0.0000000000000000e+00,1.2330104817400000e-02,1.2330104817400000e-02,1.2330104817400000e-02
44,21,8.9000000000000001e-01,4.2999999999999999e-01,0.0000000000000000e+00,9.8226297326700004e-03,9.8226297326700004e-03,9.8226297326700004e-03
45,21,9.1000000000000003e-01,4.2999999999999999e-01,0.0000000000000000e+00,7.7672235851400000e-03,7.7672235851400000e-03,7.7672235851400000e-03
46,21,9.3000000000000005e-01,4.2999999999999999e-01,0.0000000000000000e+00,6.0935364990900003e-03,6.0935364990900003e-03,6.0935364990900003e-03
47,21,9.4999999999999996e-01,4.2999999999999999e-01,0.0000000000000000e+00,4.7364090367799996e-03,4.7364090367799996e-03,4.7364090367799996e-03
48,21,9.6999999999999997e-01,4.2999999999999999e-01,0.0000000000000000e+00,3.6396777683299999e-03,3.6396777683299999e-03,3.6396777683299999e-03
49,21,9.8999999999999999e-01,4.2999999999999999e-01,0.0000000000000000e+00,1.0574773030299999e-02,1.0574773030299999e-02,1.0574773030299999e-02
0,22,1.0000000000000000e-02,4.5000000000000001e-01,0.0000000000000000e+00,6.6532122256500001e-02,6.6532122256500001e-02,6.6532122256500001e-02
1,22,2.9999999999999999e-02,4.5000000000000001e-01,0.0000000000000000e+00,3.1555333634299999e-02,3.1555333634299999e-02,3.1555333634299999e-02
2,22,5.0000000000000003e-02,4.5000000000000001e-01,0.0000000000000000e+00,2.9373020432000001e-02,2.9373020432000001e-02,2.9373020432000001e-02
3,22,7.0000000000000007e-02,4.5000000000000001e-01,0.0000000000000000e+00,3.4117324448800002e-02,3.4117324448800002e-02,3.4117324448800002e-02
4,22,8.9999999999999997e-02,4.5000000000000001e-01,0.0000000000000000e+00,4.0358713895800001e-02,4.0358713895800001e-02,4.0358713895800001e-02
5,22,1.1000000000000000e-01,4.5000000000000001e-01,9.8347341692200940e-05,4.7447390249599999e-02,4.7349042907907798e-02,4.7349042907907798e-02
6,22,1.3000000000000000e-01,4.5000000000000001e-01,2.1613635589349756e-02,5.5367382357199998e-02,3.3753746767850243e-02,3.3753746767850243e-02
7,22,1.4999999999999999e-01,4.5000000000000001e-01,7.5821124561448933e-02,6.4134785742199996e-02,-1.1686338819248937e-02,1.1686338819248937e-02
8,22,1.7000000000000001e-01,4.5000000000000001e-01,1.5148334766804727e-01,7.3700941427100000e-02,-7.7782406240947274e-02,7.7782406240947274e-02
9,22,1.9000000000000000e-01,4.5000000000000001e-01,2.3376679392211283e-01,8.3925080512500000e-02,-1.4984171340961283e-01,1.4984171340961283e-01
10,22,2.0999999999999999e-01,4.5000000000000001e-01,3.0692844271523001e-01,9.4564836741899999e-02,-2.1236360597333001e-01,2.1236360597333001e-01
11,22,2.3000000000000001e-01,4.5000000000000001e-01,3.5714714945396581e-01,1.0527602006500000e-01,-2.5187112938896583e-01,2.5187112938896583e-01
12,22,2.5000000000000000e-01,4.5000000000000001e-01,3.7500000000000000e-01,1.1561752846600000e-01,-2.5938247153400001e-01,2.5938247153400001e-01
13,22,2.7000000000000002e-01,4.5000000000000001e-01,3.5714714945396581e-01,1.2506013702800001e-01,-2.3208701242596580e-01,2.3208701242596580e-01
14,22,2.8999999999999998e-01,4.5000000000000001e-01,3.0692844271523012e-01,1.3300133656499999e-01,-1.7392710615023013e-01,1.7392710615023013e-01
15,22,3.1000000000000000e-01,4.5000000000000001e-01,2.3376679392211283e-01,1.3879076974200000e-01,-9.4976024180112834e-02,9.4976024180112834e-02
16,22,3.3000000000000002e-01,4.5000000000000001e-01,1.5148334766804727e-01,1.4177147128500001e-01,-9.7118763830472687e-03,9.7118763830472687e-03
17,22,3.4999999999999998e-01,4.5000000000000001e-01,7.5821124561448849e-02,1.4134170766000001e-01,6.5520583098551161e-02,6.5520583098551161e-02
18,22,3.7000000000000000e-01,4.5000000000000001e-01,2.1613635589349756e-02,1.3704169089900001e-01,1.1542805530965025e-01,1.1542805530965025e-01
19,22,3.9000000000000001e-01,4.5000000000000001e-01,9.8347341692200940e-05,1.2866924547899999e-01,1.2857089813730779e-01,1.2857089813730779e-01
20,22,4.0999999999999998e-01,4.5000000000000001e-01,0.0000000000000000e+00,1.1642827817400001e-01,1.1642827817400001e-01,1.1642827817400001e-01
21,22,4.2999999999999999e-01,4.5000000000000001e-01,0.0000000000000000e+00,1.0111152867900000e-01,1.0111152867900000e-01,1.0111152867900000e-01
22,22,4.5000000000000001e-01,4.5000000000000001e-01,0.0000000000000000e+00,8.4307035766900004e-02,8.4307035766900004e-02,8.4307035766900004e-02
23,22,4.6999999999999997e-01,4.5000000000000001e-01,0.0000000000000000e+00,6.8581471834100002e-02,6.8581471834100002e-02,6.8581471834100002e-02
24,22,4.8999999999999999e-01,4.5000000000000001e-01,0.0000000000000000e+00,5.7394636083099998e-02,5.7394636083099998e-02,5.7394636083099998e-02
25,22,5.1000000000000001e-01,4.5000000000000001e-01,0.0000000000000000e+00,5.3690323356599998e-02,5.3690323356599998e-02,5.3690323356599998e-02
26,22,5.3000000000000003e-01,4.5000000000000001e-01,0.0000000000000000e+00,5.6167558440800000e-02,5.6167558440800000e-02,5.6167558440800000e-02
27,22,5.5000000000000004e-01,4.5000000000000001e-01,0.0000000000000000e+00,6.1649977670299998e-02,6.1649977670299998e-02,6.1649977670299998e-02
28,22,5.6999999999999995e-01,4.5000000000000001e-01,0.0000000000000000e+00,6.7419367550200004e-02,6.7419367550200004e-02,6.7419367550200004e-02
29,22,5.8999999999999997e-01,4.5000000000000001e-01,0.0000000000000000e+00,7.1729439621800006e-02,7.1729439621800006e-02,7.1729439621800006e-02
30,22,6.0999999999999999e-01,4.5000000000000001e-01,0.0000000000000000e+00,7.3745598014999997e-02,7.3745598014999997e-02,7.3745598014999997e-02
31,22,6.3000000000000000e-01,4.5000000000000001e-01,0.0000000000000000e+00,7.3300140065899994e-02,7.3300140065899994e-02,7.3300140065899994e-02
32,22,6.5000000000000002e-01,4.5000000000000001e-01,0.0000000000000000e+00,7.0640362177100000e-02,7.0640362177100000e-02,7.0640362177100000e-02
33,22,6.7000000000000004e-01,4.5000000000000001e-01,0.0000000000000000e+00,6.6227076595699999e-02,6.6227076595699999e-02,6.6227076595699999e-02
34,22,6.8999999999999995e-01,4.5000000000000001e-01,0.0000000000000000e+00,6.0592331089299997e-02,6.0592331089299997e-02,6.0592331089299997e-02
35,22,7.0999999999999996e-01,4.5000000000000001e-01,0.0000000000000000e+00,5.4248853608600003e-02,5.4248853608600003e-02,5.4248853608600003e-02
36,22,7.2999999999999998e-01,4.5000000000000001e-01,0.0000000000000000e+00,4.7639589053899999e-02,4.7639589053899999e-02,4.7639589053899999e-02
37,22,7.5000000000000000e-01,4.5000000000000001e-01,0.0000000000000000e+00,4.1115851672100003e-02,4.1115851672100003e-02,4.1115851672100003e-02
38,22,7.7000000000000002e-01,4.5000000000000001e-01,0.0000000000000000e+00,3.4934287153600002e-02,3.4934287153600002e-02,3.4934287153600002e-02
39,22,7.9000000000000004e-01,4.5000000000000001e-01,0.0000000000000000e+00,2.9264903357500000e-02,2.9264903357500000e-02,2.9264903357500000e-02
40,22,8.1000000000000005e-01,4.5000000000000001e-01,0.0000000000000000e+00,2.4204439790600000e-02,2.4204439790600000e-02,2.4204439790600000e-02
41,22,8.2999999999999996e-01,4.5000000000000001e-01,0.0000000000000000e+00,1.9791197474099999e-02,1.9791197474099999e-02,1.9791197474099999e-02
42,22,8.4999999999999998e-01,4.5000000000000001e-01,0.0000000000000000e+00,1.6019126410500000e-02,1.6019126410500000e-02,1.6019126410500000e-02
43,22,8.7000000000000000e-01,4.5000000000000001e-01,0.0000000000000000e+00,1.2850348848300001e-02,1.2850348848300001e-02,1.2850348848300001e-02
44,22,8.9000000000000001e-01,4.5000000000000001e-01,0.0000000000000000e+00,1.0226162085400000e-02,1.0226162085400000e-02,1.0226162085400000e-02
45,22,9.1000000000000003e-01,4.5000000000000001e-01,0.0000000000000000e+00,8.0767820608800001e-03,8.0767820608800001e-03,8.0767820608800001e-03
46,22,9.3000000000000005e-01,4.5000000000000001e-01,0.0000000000000000e+00,6.3297991588800000e-03,6.3297991588800000e-03,6.3297991588800000e-03
47,22,9.4999999999999996e-01,4.5000000000000001e-01,0.0000000000000000e+00,4.9169089498000002e-03,4.9169089498000002e-03,4.9169089498000002e-03
48,22,9.6999999999999997e-01,4.5000000000000001e-01,0.0000000000000000e+00,3.7783494652300002e-03,3.7783494652300002e-03,3.7783494652300002e-03
49,22,9.8999999999999999e-01,4.5000000000000001e-01,0.0000000000000000e+00,1.1345876974300000e-02,1.1345876974300000e-02,1.1345876974300000e-02
0,23,1.0000000000000000e-02,4.6999999999999997e-01,0.0000000000000000e+00,7.5201776617099994e-02,7.5201776617099994e-02,7.5201776617099994e-02
1,23,2.9999999999999999e-02,4.6999999999999997e-01,0.0000000000000000e+00,2.8698237367100001e-02,2.8698237367100001e-02,2.8698237367100001e-02
2,23,5.0000000000000003e-02,4.6999999999999997e-01,0.0000000000000000e+00,2.9905479825500000e-02,2.9905479825500000e-02,2.9905479825500000e-02
3,23,7.0000000000000007e-02,4.6999999999999997e-01,0.0000000000000000e+00,3.5558559632199997e-02,3.5558559632199997e-02,3.5558559632199997e-02
4,23,8.9999999999999997e-02,4.6999999999999997e-01,0.0000000000000000e+00,4.2161691523999997e-02,4.2161691523999997e-02,4.2161691523999997e-02
5,23,1.1000000000000000e-01,4.6999999999999997e-01,2.5473284328424162e-03,4.9564702296500000e-02,4.7017373863657584e-02,4.7017373863657584e-02
6,23,1.3000000000000000e-01,4.6999999999999997e-01,3.6995588532040796e-02,5.7824371301400002e-02,2.0828782769359205e-02,2.0828782769359205e-02
7,23,1.4999999999999999e-01,4.6999999999999997e-01,1.0559372320188201e-01,6.6962357422499993e-02,-3.8631365779382018e-02,3.8631365779382018e-02
8,23,1.7000000000000001e-01,4.6999999999999997e-01,1.9577063448776993e-01,7.6920956415400005e-02,-1.1884967807236993e-01,1.1884967807236993e-01
9,23,1.9000000000000000e-01,4.6999999999999997e-01,2.9126858394114025e-01,8.7542042070499995e-02,-2.0372654187064027e-01,2.0372654187064027e-01
10,23,2.0999999999999999e-01,4.6999999999999997e-01,3.7500000000000000e-01,9.8558815958599999e-02,-2.7644118404140000e-01,2.7644118404140000e-01
11,23,2.3000000000000001e-01,4.6999999999999997e-01,4.3204306045454643e-01,1.0959650143600000e-01,-3.2244655901854646e-01,3.2244655901854646e-01
12,23,2.5000000000000000e-01,4.6999999999999997e-01,4.5225424859373697e-01,1.2017804718900001e-01,-3.3207620140473698e-01,3.3207620140473698e-01
13,23,2.7000000000000002e-01,4.6999999999999997e-01,4.3204306045454643e-01,1.2973356961200000e-01,-3.0230949084254644e-01,3.0230949084254644e-01
14,23,2.8999999999999998e-01,4.6999999999999997e-01,3.7500000000000017e-01,1.3761590622700001e-01,-2.3738409377300015e-01,2.3738409377300015e-01
15,23,3.1000000000000000e-01,4.6999999999999997e-01,2.9126858394114025e-01,1.4312694626299999e-01,-1.4814163767814026e-01,1.4814163767814026e-01
16,23,3.3000000000000002e-01,4.6999999999999997e-01,1.9577063448776982e-01,1.4555962445300000e-01,-5.0211010034769826e-02,5.0211010034769826e-02
17,23,3.4999999999999998e-01,4.6999999999999997e-01,1.0559372320188190e-01,1.4425942011900000e-01,3.8665696917118103e-02,3.8665696917118103e-02
18,23,3.7000000000000000e-01,4.6999999999999997e-01,3.6995588532040796e-02,1.3870805448400000e-01,1.0171246595195921e-01,1.0171246595195921e-01
19,23,3.9000000000000001e-01,4.6999999999999997e-01,2.5473284328424162e-03,1.2863153605700001e-01,1.2608420762415759e-01,1.2608420762415759e-01
20,23,4.0999999999999998e-01,4.6999999999999997e-01,0.0000000000000000e+00,1.1413534519599999e-01,1.1413534519599999e-01,1.1413534519599999e-01
21,23,4.2999999999999999e-01,4.6999999999999997e-01,0.0000000000000000e+00,9.5872694790700000e-02,9.5872694790700000e-02,9.5872694790700000e-02
22,23,4.5000000000000001e-01,4.6999999999999997e-01,0.0000000000000000e+00,7.5262377486499998e-02,7.5262377486499998e-02,7.5262377486499998e-02
23,23,4.6999999999999997e-01,4.6999999999999997e-01,0.0000000000000000e+00,5.4837947884000003e-02,5.4837947884000003e-02,5.4837947884000003e-02
24,23,4.8999999999999999e-01,4.6999999999999997e-01,0.0000000000000000e+00,3.8953369815799999e-02,3.8953369815799999e-02,3.8953369815799999e-02
25,23,5.1000000000000001e-01,4.6999999999999997e-01,0.0000000000000000e+00,3.5425609713899998e-02,3.5425609713899998e-02,3.5425609713899998e-02
26,23,5.3000000000000003e-01,4.6999999999999997e-01,0.0000000000000000e+00,4.2157068127799999e-02,4.2157068127799999e-02,4.2157068127799999e-02
27,23,5.5000000000000004e-01,4.6999999999999997e-01,0.0000000000000000e+00,5.2836034390800000e-02,5.2836034390800000e-02,5.2836034390800000e-02
28,23,5.6999999999999995e-01,4.6999999999999997e-01,0.0000000000000000e+00,6.3167249792199995e-02,6.3167249792199995e-02,6.3167249792199995e-02
29,23,5.8999999999999997e-01,4.6999999999999997e-01,0.0000000000000000e+00,7.0946055189900006e-02,7.0946055189900006e-02,7.0946055189900006e-02
30,23,6.0999999999999999e-01,4.6999999999999997e-01,0.0000000000000000e+00,7.5360706764400001e-02,7.5360706764400001e-02,7.5360706764400001e-02
31,23,6.3000000000000000e-01,4.6999999999999997e-01,0.0000000000000000e+00,7.6418934673200004e-02,7.6418934673200004e-02,7.6418934673200004e-02
32,23,6.5000000000000002e-01,4.6999999999999997e-01,0.0000000000000000e+00,7.4570819615000006e-02,7.4570819615000006e-02,7.4570819615000006e-02
33,23,6.7000000000000004e-01,4.6999999999999997e-01,0.0000000000000000e+00,7.0464141233199995e-02,7.0464141233199995e-02,7.0464141233199995e-02
34,23,6.8999999999999995e-01,4.6999999999999997e-01,0.0000000000000000e+00,6.4788203710400005e-02,6.4788203710400005e-02,6.4788203710400005e-02
35,23,7.0999999999999996e-01,4.6999999999999997e-01,0.0000000000000000e+00,5.8180696627399997e-02,5.8180696627399997e-02,5.8180696627399997e-02
36,23,7.2999999999999998e-01,4.6999999999999997e-01,0.0000000000000000e+00,5.1179485086099999e-02,5.1179485086099999e-02,5.1179485086099999e-02
37,23,7.5000000000000000e-01,4.6999999999999997e-01,0.0000000000000000e+00,4.4204976593899999e-02,4.4204976593899999e-02,4.4204976593899999e-02
38,23,7.7000000000000002e-01,4.6999999999999997e-01,0.0000000000000000e+00,3.7561812076300001e-02,3.7561812076300001e-02,3.7561812076300001e-02
39,23,7.9000000000000004e-01,4.6999999999999997e-01,0.0000000000000000e+00,3.1451422450099999e-02,3.1451422450099999e-02,3.1451422450099999e-02
40,23,8.1000000000000005e-01,4.6999999999999997e-01,0.0000000000000000e+00,2.5989401468099999e-02,2.5989401468099999e-02,2.5989401468099999e-02
41,23,8.2999999999999996e-01,4.6999999999999997e-01,0.0000000000000000e+00,2.1223703977200001e-02,2.1223703977200001e-02,2.1223703977200001e-02
42,23,8.4999999999999998e-01,4.6999999999999997e-01,0.0000000000000000e+00,1.7151454398800000e-02,1.7151454398800000e-02,1.7151454398800000e-02
43,23,8.7000000000000000e-01,4.6999999999999997e-01,0.0000000000000000e+00,1.3733583718699999e-02,1.3733583718699999e-02,1.3733583718699999e-02
44,23,8.9000000000000001e-01,4.6999999999999997e-01,0.0000000000000000e+00,1.0907417742200000e-02,1.0907417742200000e-02,1.0907417742200000e-02
45,23,9.1000000000000003e-01,4.6999999999999997e-01,0.0000000000000000e+00,8.5975876283700004e-03,8.5975876283700004e-03,8.5975876283700004e-03
46,23,9.3000000000000005e-01,4.6999999999999997e-01,0.0000000000000000e+00,6.7253527841499997e-03,6.7253527841499997e-03,6.7253527841499997e-03
47,23,9.4999999999999996e-01,4.6999999999999997e-01,0.0000000000000000e+00,5.2159938717599996e-03,5.2159938717599996e-03,5.2159938717599996e-03
48,23,9.6999999999999997e-01,4.6999999999999997e-01,0.0000000000000000e+00,4.0037556446799998e-03,4.0037556446799998e-03,4.0037556446799998e-03
49,23,9.8999999999999999e-01,4.6999999999999997e-01,0.0000000000000000e+00,1.2392541775000000e-02,1.2392541775000000e-02,1.2392541775000000e-02
0,24,1.0000000000000000e-02,4.8999999999999999e-01,0.0000000000000000e+00,8.1900195452000002e-02,8.1900195452000002e-02,8.1900195452000002e-02
1,24,2.9999999999999999e-02,4.8999999999999999e-01,0.0000000000000000e+00,2.6498115442300001e-02,2.6498115442300001e-02,2.6498115442300001e-02
2,24,5.0000000000000003e-02,4.8999999999999999e-01,0.0000000000000000e+00,3.0776636016399999e-02,3.0776636016399999e-02,3.0776636016399999e-02
3,24,7.0000000000000007e-02,4.8999999999999999e-01,0.0000000000000000e+00,3.6898338071799999e-02,3.6898338071799999e-02,3.6898338071799999e-02
4,24,8.9999999999999997e-02,4.8999999999999999e-01,0.0000000000000000e+00,4.3771996945299999e-02,4.3771996945299999e-02,4.3771996945299999e-02
5,24,1.1000000000000000e-01,4.8999999999999999e-01,5.0816276342096900e-03,5.1465591961799999e-02,4.6383964327590309e-02,4.6383964327590309e-02
6,24,1.3000000000000000e-01,4.8999999999999999e-01,4.6473312304552289e-02,6.0055356819100000e-02,1.3582044514547711e-02,1.3582044514547711e-02
7,24,1.4999999999999999e-01,4.8999999999999999e-01,1.2274525165608680e-01,6.9565628590200004e-02,-5.3179623065886791e-02,5.3179623065886791e-02
8,24,1.7000000000000001e-01,4.8999999999999999e-01,2.2062824702122366e-01,7.9936158403299998e-02,-1.4069208861792365e-01,1.4069208861792365e-01
9,24,1.9000000000000000e-01,4.8999999999999999e-01,3.2312150690783337e-01,9.1001470498199996e-02,-2.3212003640963336e-01,2.3212003640963336e-01
10,24,2.0999999999999999e-01,4.8999999999999999e-01,4.1243742336892697e-01,1.0248296406900000e-01,-3.0995445929992699e-01,3.0995445929992699e-01
11,24,2.3000000000000001e-01,4.8999999999999999e-01,4.7308185883035253e-01,1.1399024696500000e-01,-3.5909161186535254e-01,3.5909161186535254e-01
12,24,2.5000000000000000e-01,4.8999999999999999e-01,4.9453690018345142e-01,1.2502743568200000e-01,-3.6950946450145139e-01,3.6950946450145139e-01
13,24,2.7000000000000002e-01,4.8999999999999999e-01,4.7308185883035248e-01,1.3500300235200000e-01,-3.3807885647835245e-01,3.3807885647835245e-01
14,24,2.8999999999999998e-01,4.8999999999999999e-01,4.1243742336892708e-01,1.4324557382600001e-01,-2.6919184954292708e-01,2.6919184954292708e-01
15,24,3.1000000000000000e-01,4.8999999999999999e-01,3.2312150690783337e-01,1.4903030218400001e-01,-1.7409120472383335e-01,1.7409120472383335e-01
16,24,3.3000000000000002e-01,4.8999999999999999e-01,2.2062824702122355e-01,1.5162025928199999e-01,-6.9007987739223564e-02,6.9007987739223564e-02
17,24,3.4999999999999998e-01,4.8999999999999999e-01,1.2274525165608668e-01,1.5032564887899999e-01,2.7580397222913305e-02,2.7580397222913305e-02
18,24,3.7000000000000000e-01,4.8999999999999999e-01,4.6473312304552289e-02,1.4458166581599999e-01,9.8108353511447699e-02,9.8108353511447699e-02
19,24,3.9000000000000001e-01,4.8999999999999999e-01,5.0816276342096900e-03,1.3404410600100000e-01,1.2896247836679031e-01,1.2896247836679031e-01
20,24,4.0999999999999998e-01,4.8999999999999999e-01,0.0000000000000000e+00,1.1870045498200001e-01,1.1870045498200001e-01,1.1870045498200001e-01
21,24,4.2999999999999999e-01,4.8999999999999999e-01,0.0000000000000000e+00,9.8993373188699996e-02,9.8993373188699996e-02,9.8993373188699996e-02
22,24,4.5000000000000001e-01,4.8999999999999999e-01,0.0000000000000000e+00,7.5955830957799994e-02,7.5955830957799994e-02,7.5955830957799994e-02
23,24,4.6999999999999997e-01,4.8999999999999999e-01,0.0000000000000000e+00,5.1434970938400000e-02,5.1434970938400000e-02,5.1434970938400000e-02
24,24,4.8999999999999999e-01,4.8999999999999999e-01,0.0000000000000000e+00,2.8672526169500001e-02,2.8672526169500001e-02,2.8672526169500001e-02
25,24,5.1000000000000001e-01,4.8999999999999999e-01,0.0000000000000000e+00,2.3637656411200001e-02,2.3637656411200001e-02,2.3637656411200001e-02
26,24,5.3000000000000003e-01,4.8999999999999999e-01,0.0000000000000000e+00,3.7694774533100002e-02,3.7694774533100002e-02,3.7694774533100002e-02
27,24,5.5000000000000004e-01,4.8999999999999999e-01,0.0000000000000000e+00,5.4472602060900002e-02,5.4472602060900002e-02,5.4472602060900002e-02
28,24,5.6999999999999995e-01,4.8999999999999999e-01,0.0000000000000000e+00,6.8730693246499996e-02,6.8730693246499996e-02,6.8730693246499996e-02
29,24,5.8999999999999997e-01,4.8999999999999999e-01,0.0000000000000000e+00,7.8811891593400005e-02,7.8811891593400005e-02,7.8811891593400005e-02
30,24,6.0999999999999999e-01,4.8999999999999999e-01,0.0000000000000000e+00,8.4363642796900007e-02,8.4363642796900007e-02,8.4363642796900007e-02
31,24,6.3000000000000000e-01,4.8999999999999999e-01,0.0000000000000000e+00,8.5729358543900000e-02,8.5729358543900000e-02,8.5729358543900000e-02
32,24,6.5000000000000002e-01,4.8999999999999999e-01,0.0000000000000000e+00,8.3619789388999999e-02,8.3619789388999999e-02,8.3619789388999999e-02
33,24,6.7000000000000004e-01,4.8999999999999999e-01,0.0000000000000000e+00,7.8886410444099997e-02,7.8886410444099997e-02,7.8886410444099997e-02
34,24,6.8999999999999995e-01,4.8999999999999999e-01,0.0000000000000000e+00,7.2373963044900000e-02,7.2373963044900000e-02,7.2373963044900000e-02
35,24,7.0999999999999996e-01,4.8999999999999999e-01,0.0000000000000000e+00,6.4834792485299997e-02,6.4834792485299997e-02,6.4834792485299997e-02
36,24,7.2999999999999998e-01,4.8999999999999999e-01,0.0000000000000000e+00,5.6887938334799999e-02,5.6887938334799999e-02,5.6887938334799999e-02
37,24,7.5000000000000000e-01,4.8999999999999999e-01,0.0000000000000000e+00,4.9008325234900001e-02,4.9008325234900001e-02,4.9008325234900001e-02
38,24,7.7000000000000002e-01,4.8999999999999999e-01,0.0000000000000000e+00,4.1534495401699997e-02,4.1534495401699997e-02,4.1534495401699997e-02
39,24,7.9000000000000004e-01,4.8999999999999999e-01,0.0000000000000000e+00,3.4686289253500001e-02,3.4686289253500001e-02,3.4686289253500001e-02
40,24,8.1000000000000005e-01,4.8999999999999999e-01,0.0000000000000000e+00,2.8586420947799999e-02,2.8586420947799999e-02,2.8586420947799999e-02
41,24,8.2999999999999996e-01,4.8999999999999999e-01,0.0000000000000000e+00,2.3282035152099999e-02,2.3282035152099999e-02,2.3282035152099999e-02
42,24,8.4999999999999998e-01,4.8999999999999999e-01,0.0000000000000000e+00,1.8764151757300000e-02,1.8764151757300000e-02,1.8764151757300000e-02
43,24,8.7000000000000000e-01,4.8999999999999999e-01,0.0000000000000000e+00,1.4984352388000000e-02,1.4984352388000000e-02,1.4984352388000000e-02
44,24,8.9000000000000001e-01,4.8999999999999999e-01,0.0000000000000000e+00,1.1868953636500000e-02,1.1868953636500000e-02,1.1868953636500000e-02
45,24,9.1000000000000003e-01,4.8999999999999999e-01,0.0000000000000000e+00,9.3311294255399996e-03,9.3311294255399996e-03,9.3311294255399996e-03
46,24,9.3000000000000005e-01,4.8999999999999999e-01,0.0000000000000000e+00,7.2811296915399996e-03,7.2811296915399996e-03,7.2811296915399996e-03
47,24,9.4999999999999996e-01,4.8999999999999999e-01,0.0000000000000000e+00,5.6342849829700004e-03,5.6342849829700004e-03,5.6342849829700004e-03
48,24,9.6999999999999997e-01,4.8999999999999999e-01,0.0000000000000000e+00,4.3162992095499998e-03,4.3162992095499998e-03,4.3162992095499998e-03
49,24,9.8999999999999999e-01,4.8999999999999999e-01,0.0000000000000000e+00,1.3722711752999999e-02,1.3722711752999999e-02,1.3722711752999999e-02
0,25,1.0000000000000000e-02,5.1000000000000001e-01,0.0000000000000000e+00,8.5820083228500002e-02,8.5820083228500002e-02,8.5820083228500002e-02
1,25,2.9999999999999999e-02,5.1000000000000001e-01,0.0000000000000000e+00,2.6020164646900001e-02,2.6020164646900001e-02,2.6020164646900001e-02
2,25,5.0000000000000003e-02,5.1000000000000001e-01,0.0000000000000000e+00,3.1696224158100000e-02,3.1696224158100000e-02,3.1696224158100000e-02
3,25,7.0000000000000007e-02,5.1000000000000001e-01,0.0000000000000000e+00,3.8047359995000002e-02,3.8047359995000002e-02,3.8047359995000002e-02
4,25,8.9999999999999997e-02,5.1000000000000001e-01,0.0000000000000000e+00,4.5156222929900000e-02,4.5156222929900000e-02,4.5156222929900000e-02
5,25,1.1000000000000000e-01,5.1000000000000001e-01,5.0816276342096900e-03,5.3122133897300000e-02,4.8040506263090310e-02,4.8040506263090310e-02
6,25,1.3000000000000000e-01,5.1000000000000001e-01,4.6473312304552289e-02,6.2029349115100003e-02,1.5556036810547715e-02,1.5556036810547715e-02
7,25,1.4999999999999999e-01,5.1000000000000001e-01,1.2274525165608680e-01,7.1909301038400000e-02,-5.0835950617686795e-02,5.0835950617686795e-02
8,25,1.7000000000000001e-01,5.1000000000000001e-01,2.2062824702122366e-01,8.2707493290199996e-02,-1.3792075373102367e-01,1.3792075373102367e-01
9,25,1.9000000000000000e-01,5.1000000000000001e-01,3.2312150690783337e-01,9.4262441216299994e-02,-2.2885906569153336e-01,2.2885906569153336e-01
10,25,2.0999999999999999e-01,5.1000000000000001e-01,4.1243742336892697e-01,1.0629789812500000e-01,-3.0613952524392696e-01,3.0613952524392696e-01
11,25,2.3000000000000001e-01,5.1000000000000001e-01,4.7308185883035253e-01,1.1842467044900000e-01,-3.5465718838135252e-01,3.5465718838135252e-01
12,25,2.5000000000000000e-01,5.1000000000000001e-01,4.9453690018345142e-01,1.3014745986300000e-01,-3.6438944032045140e-01,3.6438944032045140e-01
13,25,2.7000000000000002e-01,5.1000000000000001e-01,4.7308185883035248e-01,1.4087507445200001e-01,-3.3220678437835249e-01,3.3220678437835249e-01
14,25,2.8999999999999998e-01,5.1000000000000001e-01,4.1243742336892708e-01,1.4993626434599999e-01,-2.6250115902292709e-01,2.6250115902292709e-01
15,25,3.1000000000000000e-01,5.1000000000000001e-01,3.2312150690783337e-01,1.5660562380599999e-01,-1.6651588310183338e-01,1.6651588310183338e-01
16,25,3.3000000000000002e-01,5.1000000000000001e-01,2.2062824702122355e-01,1.6014363315300001e-01,-6.0484613868223541e-02,6.0484613868223541e-02
17,25,3.4999999999999998e-01,5.1000000000000001e-01,1.2274525165608668e-01,1.5985292526299999e-01,3.7107673606913305e-02,3.7107673606913305e-02
18,25,3.7000000000000000e-01,5.1000000000000001e-01,4.6473312304552289e-02,1.5515051675899999e-01,1.0867720445444770e-01,1.0867720445444770e-01
19,25,3.9000000000000001e-01,5.1000000000000001e-01,5.0816276342096900e-03,1.4565361520900000e-01,1.4057198757479031e-01,1.4057198757479031e-01
20,25,4.0999999999999998e-01,5.1000000000000001e-01,0.0000000000000000e+00,1.3127475169300001e-01,1.3127475169300001e-01,1.3127475169300001e-01
21,25,4.2999999999999999e-01,5.1000000000000001e-01,0.0000000000000000e+00,1.1232031536800000e-01,1.1232031536800000e-01,1.1232031536800000e-01
22,25,4.5000000000000001e-01,5.1000000000000001e-01,0.0000000000000000e+00,8.9587089773099995e-02,8.9587089773099995e-02,8.9587089773099995e-02
23,25,4.6999999999999997e-01,5.1000000000000001e-01,0.0000000000000000e+00,6.4567166680700006e-02,6.4567166680700006e-02,6.4567166680700006e-02
24,25,4.8999999999999999e-01,5.1000000000000001e-01,0.0000000000000000e+00,4.1266434217599998e-02,4.1266434217599998e-02,4.1266434217599998e-02
25,25,5.1000000000000001e-01,5.1000000000000001e-01,0.0000000000000000e+00,3.6159691313699997e-02,3.6159691313699997e-02,3.6159691313699997e-02
26,25,5.3000000000000003e-01,5.1000000000000001e-01,0.0000000000000000e+00,5.2568987932000003e-02,5.2568987932000003e-02,5.2568987932000003e-02
27,25,5.5000000000000004e-01,5.1000000000000001e-01,0.0000000000000000e+00,7.0834946364000007e-02,7.0834946364000007e-02,7.0834946364000007e-02
28,25,5.6999999999999995e-01,5.1000000000000001e-01,0.0000000000000000e+00,8.5933767243699999e-02,8.5933767243699999e-02,8.5933767243699999e-02
29,25,5.8999999999999997e-01,5.1000000000000001e-01,0.0000000000000000e+00,9.6069761538300005e-02,9.6069761538300005e-02,9.6069761538300005e-02
30,25,6.0999999999999999e-01,5.1000000000000001e-01,0.0000000000000000e+00,1.0099777647100000e-01,1.0099777647100000e-01,1.0099777647100000e-01
31,25,6.3000000000000000e-01,5.1000000000000001e-01,0.0000000000000000e+00,1.0124546020800000e-01,1.0124546020800000e-01,1.0124546020800000e-01
32,25,6.5000000000000002e-01,5.1000000000000001e-01,0.0000000000000000e+00,9.7705467584499994e-02,9.7705467584499994e-02,9.7705467584499994e-02
33,25,6.7000000000000004e-01,5.1000000000000001e-01,0.0000000000000000e+00,9.1382543894600002e-02,9.1382543894600002e-02,9.1382543894600002e-02
34,25,6.8999999999999995e-01,5.1000000000000001e-01,0.0000000000000000e+00,8.3240127308100001e-02,8.3240127308100001e-02,8.3240127308100001e-02
35,25,7.0999999999999996e-01,5.1000000000000001e-01,0.0000000000000000e+00,7.4116606279499994e-02,7.4116606279499994e-02,7.4116606279499994e-02
36,25,7.2999999999999998e-01,5.1000000000000001e-01,0.0000000000000000e+00,6.4689124834700004e-02,6.4689124834700004e-02,6.4689124834700004e-02
37,25,7.5000000000000000e-01,5.1000000000000001e-01,0.0000000000000000e+00,5.5468123313000002e-02,5.5468123313000002e-02,5.5468123313000002e-02
38,25,7.7000000000000002e-01,5.1000000000000001e-01,0.0000000000000000e+00,4.6810142031700003e-02,4.6810142031700003e-02,4.6810142031700003e-02
39,25,7.9000000000000004e-01,5.1000000000000001e-01,0.0000000000000000e+00,3.8939930784600001e-02,3.8939930784600001e-02,3.8939930784600001e-02
40,25,8.1000000000000005e-01,5.1000000000000001e-01,0.0000000000000000e+00,3.1975706182300001e-02,3.1975706182300001e-02,3.1975706182300001e-02
41,25,8.2999999999999996e-01,5.1000000000000001e-01,0.0000000000000000e+00,2.5953681033600001e-02,2.5953681033600001e-02,2.5953681033600001e-02
42,25,8.4999999999999998e-01,5.1000000000000001e-01,0.0000000000000000e+00,2.0849890480600000e-02,2.0849890480600000e-02,2.0849890480600000e-02
43,25,8.7000000000000000e-01,5.1000000000000001e-01,0.0000000000000000e+00,1.6598805889599999e-02,1.6598805889599999e-02,1.6598805889599999e-02
44,25,8.9000000000000001e-01,5.1000000000000001e-01,0.0000000000000000e+00,1.3109080511000000e-02,1.3109080511000000e-02,1.3109080511000000e-02
45,25,9.1000000000000003e-01,5.1000000000000001e-01,0.0000000000000000e+00,1.0276926300900000e-02,1.0276926300900000e-02,1.0276926300900000e-02
46,25,9.3000000000000005e-01,5.1000000000000001e-01,0.0000000000000000e+00,7.9974064705800006e-03,7.9974064705800006e-03,7.9974064705800006e-03
47,25,9.4999999999999996e-01,5.1000000000000001e-01,0.0000000000000000e+00,6.1791519187700001e-03,6.1791519187700001e-03,6.1791519187700001e-03
48,25,9.6999999999999997e-01,5.1000000000000001e-01,0.0000000000000000e+00,4.9933522486600001e-03,4.9933522486600001e-03,4.9933522486600001e-03
49,25,9.8999999999999999e-01,5.1000000000000001e-01,0.0000000000000000e+00,1.5079436042400000e-02,1.5079436042400000e-02,1.5079436042400000e-02
0,26,1.0000000000000000e-02,5.3000000000000003e-01,0.0000000000000000e+00,8.7623620383800005e-02,8.7623620383800005e-02,8.7623620383800005e-02
1,26,2.9999999999999999e-02,5.3000000000000003e-01,0.0000000000000000e+00,2.6595236473300001e-02,2.6595236473300001e-02,2.6595236473300001e-02
2,26,5.0000000000000003e-02,5.3000000000000003e-01,0.0000000000000000e+00,3.2426253709999998e-02,3.2426253709999998e-02,3.2426253709999998e-02
3,26,7.0000000000000007e-02,5.3000000000000003e-01,0.0000000000000000e+00,3.8957540006700001e-02,3.8957540006700001e-02,3.8957540006700001e-02
4,26,8.9999999999999997e-02,5.3000000000000003e-01,0.0000000000000000e+00,4.6276833496600001e-02,4.6276833496600001e-02,4.6276833496600001e-02
5,26,1.1000000000000000e-01,5.3000000000000003e-01,2.5473284328423884e-03,5.4491538709200003e-02,5.1944210276357615e-02,5.1944210276357615e-02
6,26,1.3000000000000000e-01,5.3000000000000003e-01,3.6995588532040796e-02,6.3696989154800002e-02,2.6701400622759205e-02,2.6701400622759205e-02
7,26,1.4999999999999999e-01,5.3000000000000003e-01,1.0559372320188190e-01,7.3938138604599996e-02,-3.1655584597281905e-02,3.1655584597281905e-02
8,26,1.7000000000000001e-01,5.3000000000000003e-01,1.9577063448776982e-01,8.5175688530500004e-02,-1.1059494595726982e-01,1.1059494595726982e-01
9,26,1.9000000000000000e-01,5.3000000000000003e-01,2.9126858394114019e-01,9.7264473278000002e-02,-1.9400411066314019e-01,1.9400411066314019e-01
10,26,2.0999999999999999e-01,5.3000000000000003e-01,3.7499999999999989e-01,1.0994562586400000e-01,-2.6505437413599986e-01,2.6505437413599986e-01
11,26,2.3000000000000001e-01,5.3000000000000003e-01,4.3204306045454627e-01,1.2284880440100000e-01,-3.0919425605354628e-01,3.0919425605354628e-01
12,26,2.5000000000000000e-01,5.3000000000000003e-01,4.5225424859373675e-01,1.3549961811500000e-01,-3.1675463047873675e-01,3.1675463047873675e-01
13,26,2.7000000000000002e-01,5.3000000000000003e-01,4.3204306045454621e-01,1.4733019209699999e-01,-2.8471286835754622e-01,2.8471286835754622e-01
14,26,2.8999999999999998e-01,5.3000000000000003e-01,3.7500000000000000e-01,1.5769478310800000e-01,-2.1730521689200000e-01,2.1730521689200000e-01
15,26,3.1000000000000000e-01,5.3000000000000003e-01,2.9126858394114019e-01,1.6589464887399999e-01,-1.2537393506714020e-01,1.2537393506714020e-01
16,26,3.3000000000000002e-01,5.3000000000000003e-01,1.9577063448776966e-01,1.7121606275900000e-01,-2.4554571728769653e-02,2.4554571728769653e-02
17,26,3.4999999999999998e-01,5.3000000000000003e-01,1.0559372320188190e-01,1.7298346150600000e-01,6.7389738304118096e-02,6.7389738304118096e-02
18,26,3.7000000000000000e-01,5.3000000000000003e-01,3.6995588532040796e-02,1.7062779342500001e-01,1.3363220489295921e-01,1.3363220489295921e-01
19,26,3.9000000000000001e-01,5.3000000000000003e-01,2.5473284328423884e-03,1.6376954674999999e-01,1.6122221831715761e-01,1.6122221831715761e-01
20,26,4.0999999999999998e-01,5.3000000000000003e-01,0.0000000000000000e+00,1.5231911358000000e-01,1.5231911358000000e-01,1.5231911358000000e-01
21,26,4.2999999999999999e-01,5.3000000000000003e-01,0.0000000000000000e+00,1.3661315486000000e-01,1.3661315486000000e-01,1.3661315486000000e-01
22,26,4.5000000000000001e-01,5.3000000000000003e-01,0.0000000000000000e+00,1.1766321299400000e-01,1.1766321299400000e-01,1.1766321299400000e-01
23,26,4.6999999999999997e-01,5.3000000000000003e-01,0.0000000000000000e+00,9.7733455744100001e-02,9.7733455744100001e-02,9.7733455744100001e-02
24,26,4.8999999999999999e-01,5.3000000000000003e-01,0.0000000000000000e+00,8.1514898787399995e-02,8.1514898787399995e-02,8.1514898787399995e-02
25,26,5.1000000000000001e-01,5.3000000000000003e-01,0.0000000000000000e+00,7.6951599796500000e-02,7.6951599796500000e-02,7.6951599796500000e-02
26,26,5.3000000000000003e-01,5.3000000000000003e-01,0.0000000000000000e+00,8.6872768261199995e-02,8.6872768261199995e-02,8.6872768261199995e-02
27,26,5.5000000000000004e-01,5.3000000000000003e-01,0.0000000000000000e+00,1.0129175177800000e-01,1.0129175177800000e-01,1.0129175177800000e-01
28,26,5.6999999999999995e-01,5.3000000000000003e-01,0.0000000000000000e+00,1.1377331363600000e-01,1.1377331363600000e-01,1.1377331363600000e-01
29,26,5.8999999999999997e-01,5.3000000000000003e-01,0.0000000000000000e+00,1.2160293436899999e-01,1.2160293436899999e-01,1.2160293436899999e-01
30,26,6.0999999999999999e-01,5.3000000000000003e-01,0.0000000000000000e+00,1.2420006108499999e-01,1.2420006108499999e-01,1.2420006108499999e-01
31,26,6.3000000000000000e-01,5.3000000000000003e-01,0.0000000000000000e+00,1.2203768183700001e-01,1.2203768183700001e-01,1.2203768183700001e-01
32,26,6.5000000000000002e-01,5.3000000000000003e-01,0.0000000000000000e+00,1.1605651292100000e-01,1.1605651292100000e-01,1.1605651292100000e-01
33,26,6.7000000000000004e-01,5.3000000000000003e-01,0.0000000000000000e+00,1.0733502502900000e-01,1.0733502502900000e-01,1.0733502502900000e-01
34,26,6.8999999999999995e-01,5.3000000000000003e-01,0.0000000000000000e+00,9.6905361651699995e-02,9.6905361651699995e-02,9.6905361651699995e-02
35,26,7.0999999999999996e-01,5.3000000000000003e-01,0.0000000000000000e+00,8.5658918426100003e-02,8.5658918426100003e-02,8.5658918426100003e-02
36,26,7.2999999999999998e-01,5.3000000000000003e-01,0.0000000000000000e+00,7.4308025634000005e-02,7.4308025634000005e-02,7.4308025634000005e-02
37,26,7.5000000000000000e-01,5.3000000000000003e-01,0.0000000000000000e+00,6.3381914197799996e-02,6.3381914197799996e-02,6.3381914197799996e-02
38,26,7.7000000000000002e-01,5.3000000000000003e-01,0.0000000000000000e+00,5.3242248802400000e-02,5.3242248802400000e-02,5.3242248802400000e-02
39,26,7.9000000000000004e-01,5.3000000000000003e-01,0.0000000000000000e+00,4.4108238923600003e-02,4.4108238923600003e-02,4.4108238923600003e-02
40,26,8.1000000000000005e-01,5.3000000000000003e-01,0.0000000000000000e+00,3.6084711292300002e-02,3.6084711292300002e-02,3.6084711292300002e-02
41,26,8.2999999999999996e-01,5.3000000000000003e-01,0.0000000000000000e+00,2.9189117248299999e-02,2.9189117248299999e-02,2.9189117248299999e-02
42,26,8.4999999999999998e-01,5.3000000000000003e-01,0.0000000000000000e+00,2.3375512162700000e-02,2.3375512162700000e-02,2.3375512162700000e-02
43,26,8.7000000000000000e-01,5.3000000000000003e-01,0.0000000000000000e+00,1.8555058811399999e-02,1.8555058811399999e-02,1.8555058811399999e-02
44,26,8.9000000000000001e-01,5.3000000000000003e-01,0.0000000000000000e+00,1.4613441502500000e-02,1.4613441502500000e-02,1.4613441502500000e-02
45,26,9.1000000000000003e-01,5.3000000000000003e-01,0.0000000000000000e+00,1.1425952320499999e-02,1.1425952320499999e-02,1.1425952320499999e-02
46,26,9.3000000000000005e-01,5.3000000000000003e-01,0.0000000000000000e+00,8.8743257953800003e-03,8.8743257953800003e-03,8.8743257953800003e-03
47,26,9.4999999999999996e-01,5.3000000000000003e-01,0.0000000000000000e+00,6.9166275780000001e-03,6.9166275780000001e-03,6.9166275780000001e-03
48,26,9.6999999999999997e-01,5.3000000000000003e-01,0.0000000000000000e+00,6.3485329171200002e-03,6.3485329171200002e-03,6.3485329171200002e-03
49,26,9.8999999999999999e-01,5.3000000000000003e-01,0.0000000000000000e+00,1.6097913008900001e-02,1.6097913008900001e-02,1.6097913008900001e-02
0,27,1.0000000000000000e-02,5.5000000000000004e-01,0.0000000000000000e+00,8.8382533885800002e-02,8.8382533885800002e-02,8.8382533885800002e-02
1,27,2.9999999999999999e-02,5.5000000000000004e-01,0.0000000000000000e+00,2.6957223452900001e-02,2.6957223452900001e-02,2.6957223452900001e-02
2,27,5.0000000000000003e-02,5.5000000000000004e-01,0.0000000000000000e+00,3.2917987241900003e-02,3.2917987241900003e-02,3.2917987241900003e-02
3,27,7.0000000000000007e-02,5.5000000000000004e-01,0.0000000000000000e+00,3.9602279665500000e-02,3.9602279665500000e-02,3.9602279665500000e-02
4,27,8.9999999999999997e-02,5.5000000000000004e-01,0.0000000000000000e+00,4.7102574172700001e-02,4.7102574172700001e-02,4.7102574172700001e-02
5,27,1.1000000000000000e-01,5.5000000000000004e-01,9.8347341692200940e-05,5.5535755792700002e-02,5.5437408451007801e-02,5.5437408451007801e-02
6,27,1.3000000000000000e-01,5.5000000000000004e-01,2.1613635589349756e-02,6.5012180935899999e-02,4.3398545346550244e-02,4.3398545346550244e-02
7,27,1.4999999999999999e-01,5.5000000000000004e-01,7.5821124561448849e-02,7.5597168568600007e-02,-2.2395599284884271e-04,2.2395599284884271e-04
8,27,1.7000000000000001e-01,5.5000000000000004e-01,1.5148334766804716e-01,8.7276257972300000e-02,-6.4207089695747163e-02,6.4207089695747163e-02
9,27,1.9000000000000000e-01,5.5000000000000004e-01,2.3376679392211272e-01,9.9932707273499996e-02,-1.3383408664861274e-01,1.3383408664861274e-01
10,27,2.0999999999999999e-01,5.5000000000000004e-01,3.0692844271522979e-01,1.1333932035800000e-01,-1.9358912235722980e-01,1.9358912235722980e-01
11,27,2.3000000000000001e-01,5.5000000000000004e-01,3.5714714945396553e-01,1.2716099808799999e-01,-2.2998615136596554e-01,2.2998615136596554e-01
12,27,2.5000000000000000e-01,5.5000000000000004e-01,3.7499999999999978e-01,1.4096276250799999e-01,-2.3403723749199978e-01,2.3403723749199978e-01
13,27,2.7000000000000002e-01,5.5000000000000004e-01,3.5714714945396553e-01,1.5422055399900000e-01,-2.0292659545496552e-01,2.0292659545496552e-01
14,27,2.8999999999999998e-01,5.5000000000000004e-01,3.0692844271522984e-01,1.6633617030699999e-01,-1.4059227240822986e-01,1.4059227240822986e-01
15,27,3.1000000000000000e-01,5.5000000000000004e-01,2.3376679392211272e-01,1.7666029565999999e-01,-5.7106498262112726e-02,5.7106498262112726e-02
16,27,3.3000000000000002e-01,5.5000000000000004e-01,1.5148334766804711e-01,1.8452756782800001e-01,3.3044220159952897e-02,3.3044220159952897e-02
17,27,3.4999999999999998e-01,5.5000000000000004e-01,7.5821124561448711e-02,1.8930610523999999e-01,1.1348498067855128e-01,1.1348498067855128e-01
18,27,3.7000000000000000e-01,5.5000000000000004e-01,2.1613635589349756e-02,1.9046279637499999e-01,1.6884916078565024e-01,1.6884916078565024e-01
19,27,3.9000000000000001e-01,5.5000000000000004e-01,9.8347341692200940e-05,1.8764683229800000e-01,1.8754848495630780e-01,1.8754848495630780e-01
20,27,4.0999999999999998e-01,5.5000000000000004e-01,0.0000000000000000e+00,1.8079963579899999e-01,1.8079963579899999e-01,1.8079963579899999e-01
21,27,4.2999999999999999e-01,5.5000000000000004e-01,0.0000000000000000e+00,1.7031175584200001e-01,1.7031175584200001e-01,1.7031175584200001e-01
22,27,4.5000000000000001e-01,5.5000000000000004e-01,0.0000000000000000e+00,1.5726073786000000e-01,1.5726073786000000e-01,1.5726073786000000e-01
23,27,4.6999999999999997e-01,5.5000000000000004e-01,0.0000000000000000e+00,1.4373465573100000e-01,1.4373465573100000e-01,1.4373465573100000e-01
24,27,4.8999999999999999e-01,5.5000000000000004e-01,0.0000000000000000e+00,1.3304621576100001e-01,1.3304621576100001e-01,1.3304621576100001e-01
25,27,5.1000000000000001e-01,5.5000000000000004e-01,0.0000000000000000e+00,1.2914781741400000e-01,1.2914781741400000e-01,1.2914781741400000e-01
26,27,5.3000000000000003e-01,5.5000000000000004e-01,0.0000000000000000e+00,1.3353903201400000e-01,1.3353903201400000e-01,1.3353903201400000e-01
27,27,5.5000000000000004e-01,5.5000000000000004e-01,0.0000000000000000e+00,1.4213465682500001e-01,1.4213465682500001e-01,1.4213465682500001e-01
28,27,5.6999999999999995e-01,5.5000000000000004e-01,0.0000000000000000e+00,1.4976991375599999e-01,1.4976991375599999e-01,1.4976991375599999e-01
29,27,5.8999999999999997e-01,5.5000000000000004e-01,0.0000000000000000e+00,1.5348636140100000e-01,1.5348636140100000e-01,1.5348636140100000e-01
30,27,6.0999999999999999e-01,5.5000000000000004e-01,0.0000000000000000e+00,1.5238894060100000e-01,1.5238894060100000e-01,1.5238894060100000e-01
31,27,6.3000000000000000e-01,5.5000000000000004e-01,0.0000000000000000e+00,1.4679232892899999e-01,1.4679232892899999e-01,1.4679232892899999e-01
32,27,6.5000000000000002e-01,5.5000000000000004e-01,0.0000000000000000e+00,1.3758809222500001e-01,1.3758809222500001e-01,1.3758809222500001e-01
33,27,6.7000000000000004e-01,5.5000000000000004e-01,0.0000000000000000e+00,1.2585783605900000e-01,1.2585783605900000e-01,1.2585783605900000e-01
34,27,6.8999999999999995e-01,5.5000000000000004e-01,0.0000000000000000e+00,1.1265473983500000e-01,1.1265473983500000e-01,1.1265473983500000e-01
35,27,7.0999999999999996e-01,5.5000000000000004e-01,0.0000000000000000e+00,9.8891710465199997e-02,9.8891710465199997e-02,9.8891710465199997e-02
36,27,7.2999999999999998e-01,5.5000000000000004e-01,0.0000000000000000e+00,8.5295390168999993e-02,8.5295390168999993e-02,8.5295390168999993e-02
37,27,7.5000000000000000e-01,5.5000000000000004e-01,0.0000000000000000e+00,7.2399620030100004e-02,7.2399620030100004e-02,7.2399620030100004e-02
38,27,7.7000000000000002e-01,5.5000000000000004e-01,0.0000000000000000e+00,6.0561078275399999e-02,6.0561078275399999e-02,6.0561078275399999e-02
39,27,7.9000000000000004e-01,5.5000000000000004e-01,0.0000000000000000e+00,4.9985705639100000e-02,4.9985705639100000e-02,4.9985705639100000e-02
40,27,8.1000000000000005e-01,5.5000000000000004e-01,0.0000000000000000e+00,4.0758567332700002e-02,4.0758567332700002e-02,4.0758567332700002e-02
41,27,8.2999999999999996e-01,5.5000000000000004e-01,0.0000000000000000e+00,3.2872786794700001e-02,3.2872786794700001e-02,3.2872786794700001e-02
42,27,8.4999999999999998e-01,5.5000000000000004e-01,0.0000000000000000e+00,2.6255469723799999e-02,2.6255469723799999e-02,2.6255469723799999e-02
43,27,8.7000000000000000e-01,5.5000000000000004e-01,0.0000000000000000e+00,2.0790157675400000e-02,2.0790157675400000e-02,2.0790157675400000e-02
44,27,8.9000000000000001e-01,5.5000000000000004e-01,0.0000000000000000e+00,1.6336446864400000e-02,1.6336446864400000e-02,1.6336446864400000e-02
45,27,9.1000000000000003e-01,5.5000000000000004e-01,0.0000000000000000e+00,1.2749789661999999e-02,1.2749789661999999e-02,1.2749789661999999e-02
46,27,9.3000000000000005e-01,5.5000000000000004e-01,0.0000000000000000e+00,9.9210869896800002e-03,9.9210869896800002e-03,9.9210869896800002e-03
47,27,9.4999999999999996e-01,5.5000000000000004e-01,0.0000000000000000e+00,7.9696210549400001e-03,7.9696210549400001e-03,7.9696210549400001e-03
48,27,9.6999999999999997e-01,5.5000000000000004e-01,0.0000000000000000e+00,8.3248780119099999e-03,8.3248780119099999e-03,8.3248780119099999e-03
49,27,9.8999999999999999e-01,5.5000000000000004e-01,0.0000000000000000e+00,1.6629394310799999e-02,1.6629394310799999e-02,1.6629394310799999e-02
0,28,1.0000000000000000e-02,5.6999999999999995e-01,0.0000000000000000e+00,8.8079910018000002e-02,8.8079910018000002e-02,8.8079910018000002e-02
1,28,2.9999999999999999e-02,5.6999999999999995e-01,0.0000000000000000e+00,2.7103755264499999e-02,2.7103755264499999e-02,2.7103755264499999e-02
2,28,5.0000000000000003e-02,5.6999999999999995e-01,0.0000000000000000e+00,3.3169406082600002e-02,3.3169406082600002e-02,3.3169406082600002e-02
3,28,7.0000000000000007e-02,5.6999999999999995e-01,0.0000000000000000e+00,3.9979440117999997e-02,3.9979440117999997e-02,3.9979440117999997e-02
4,28,8.9999999999999997e-02,5.6999999999999995e-01,0.0000000000000000e+00,4.7629890311199997e-02,4.7629890311199997e-02,4.7629890311199997e-02
5,28,1.1000000000000000e-01,5.6999999999999995e-01,0.0000000000000000e+00,5.6247443212400001e-02,5.6247443212400001e-02,5.6247443212400001e-02
6,28,1.3000000000000000e-01,5.6999999999999995e-01,6.6959218847225943e-03,6.5960157958499993e-02,5.9264236073777399e-02,5.9264236073777399e-02
7,28,1.4999999999999999e-01,5.6999999999999995e-01,4.1579933820134474e-02,7.6859119144600002e-02,3.5279185324465528e-02,3.5279185324465528e-02
8,28,1.7000000000000001e-01,5.6999999999999995e-01,9.7595974712111289e-02,8.8962630784499994e-02,-8.6333439276112950e-03,8.6333439276112950e-03
9,28,1.9000000000000000e-01,5.6999999999999995e-01,1.6189855771750361e-01,1.0219229455400000e-01,-5.9706263163503609e-02,5.9706263163503609e-02
10,28,2.0999999999999999e-01,5.6999999999999995e-01,2.2062824702122327e-01,1.1636395487499999e-01,-1.0426429214622328e-01,1.0426429214622328e-01
11,28,2.3000000000000001e-01,5.6999999999999995e-01,2.6150934982463436e-01,1.3119023353900000e-01,-1.3031911628563436e-01,1.3031911628563436e-01
12,28,2.5000000000000000e-01,5.6999999999999995e-01,2.7613211581691305e-01,1.4628896973600000e-01,-1.2984314608091305e-01,1.2984314608091305e-01
13,28,2.7000000000000002e-01,5.6999999999999995e-01,2.6150934982463436e-01,1.6119398890400000e-01,-1.0031536092063437e-01,1.0031536092063437e-01
14,28,2.8999999999999998e-01,5.6999999999999995e-01,2.2062824702122338e-01,1.7536877957899999e-01,-4.5259467442223394e-02,4.5259467442223394e-02
15,28,3.1000000000000000e-01,5.6999999999999995e-01,1.6189855771750361e-01,1.8822666939600000e-01,2.6328111678496385e-02,2.6328111678496385e-02
16,28,3.3000000000000002e-01,5.6999999999999995e-01,9.7595974712111205e-02,1.9916154053599999e-01,1.0156556582388879e-01,1.0156556582388879e-01
17,28,3.4999999999999998e-01,5.6999999999999995e-01,4.1579933820134418e-02,2.0759188994200001e-01,1.6601195612186559e-01,1.6601195612186559e-01
18,28,3.7000000000000000e-01,5.6999999999999995e-01,6.6959218847225943e-03,2.1301998153999999e-01,2.0632405965527739e-01,2.0632405965527739e-01
19,28,3.9000000000000001e-01,5.6999999999999995e-01,0.0000000000000000e+00,2.1510826503399999e-01,2.1510826503399999e-01,2.1510826503399999e-01
20,28,4.0999999999999998e-01,5.6999999999999995e-01,0.0000000000000000e+00,2.1377693774000001e-01,2.1377693774000001e-01,2.1377693774000001e-01
21,28,4.2999999999999999e-01,5.6999999999999995e-01,0.0000000000000000e+00,2.0932613250000001e-01,2.0932613250000001e-01,2.0932613250000001e-01
22,28,4.5000000000000001e-01,5.6999999999999995e-01,0.0000000000000000e+00,2.0257313196599999e-01,2.0257313196599999e-01,2.0257313196599999e-01
23,28,4.6999999999999997e-01,5.6999999999999995e-01,0.0000000000000000e+00,1.9494804332700000e-01,1.9494804332700000e-01,1.9494804332700000e-01
24,28,4.8999999999999999e-01,5.6999999999999995e-01,0.0000000000000000e+00,1.8839399026799999e-01,1.8839399026799999e-01,1.8839399026799999e-01
25,28,5.1000000000000001e-01,5.6999999999999995e-01,0.0000000000000000e+00,1.8482459308599999e-01,1.8482459308599999e-01,1.8482459308599999e-01
26,28,5.3000000000000003e-01,5.6999999999999995e-01,0.0000000000000000e+00,1.8527099012400000e-01,1.8527099012400000e-01,1.8527099012400000e-01
27,28,5.5000000000000004e-01,5.6999999999999995e-01,0.0000000000000000e+00,1.8819698858100001e-01,1.8819698858100001e-01,1.8819698858100001e-01
28,28,5.6999999999999995e-01,5.6999999999999995e-01,0.0000000000000000e+00,1.9024504800100001e-01,1.9024504800100001e-01,1.9024504800100001e-01
29,28,5.8999999999999997e-01,5.6999999999999995e-01,0.0000000000000000e+00,1.8895166161700000e-01,1.8895166161700000e-01,1.8895166161700000e-01
30,28,6.0999999999999999e-01,5.6999999999999995e-01,0.0000000000000000e+00,1.8338977869000000e-01,1.8338977869000000e-01,1.8338977869000000e-01
31,28,6.3000000000000000e-01,5.6999999999999995e-01,0.0000000000000000e+00,1.7376361476900001e-01,1.7376361476900001e-01,1.7376361476900001e-01
32,28,6.5000000000000002e-01,5.6999999999999995e-01,0.0000000000000000e+00,1.6088902487500001e-01,1.6088902487500001e-01,1.6088902487500001e-01
33,28,6.7000000000000004e-01,5.6999999999999995e-01,0.0000000000000000e+00,1.4581202842400001e-01,1.4581202842400001e-01,1.4581202842400001e-01
34,28,6.8999999999999995e-01,5.6999999999999995e-01,0.0000000000000000e+00,1.2957448172899999e-01,1.2957448172899999e-01,1.2957448172899999e-01
35,28,7.0999999999999996e-01,5.6999999999999995e-01,0.0000000000000000e+00,1.1308786784800000e-01,1.1308786784800000e-01,1.1308786784800000e-01
36,28,7.2999999999999998e-01,5.6999999999999995e-01,0.0000000000000000e+00,9.7078100479499996e-02,9.7078100479499996e-02,9.7078100479499996e-02
37,28,7.5000000000000000e-01,5.6999999999999995e-01,0.0000000000000000e+00,8.2074107140700001e-02,8.2074107140700001e-02,8.2074107140700001e-02
38,28,7.7000000000000002e-01,5.6999999999999995e-01,0.0000000000000000e+00,6.8421494624300000e-02,6.8421494624300000e-02,6.8421494624300000e-02
39,28,7.9000000000000004e-01,5.6999999999999995e-01,0.0000000000000000e+00,5.6308776870999999e-02,5.6308776870999999e-02,5.6308776870999999e-02
40,28,8.1000000000000005e-01,5.6999999999999995e-01,0.0000000000000000e+00,4.5798072060000000e-02,4.5798072060000000e-02,4.5798072060000000e-02
41,28,8.2999999999999996e-01,5.6999999999999995e-01,0.0000000000000000e+00,3.6855485871699997e-02,3.6855485871699997e-02,3.6855485871699997e-02
42,28,8.4999999999999998e-01,5.6999999999999995e-01,0.0000000000000000e+00,2.9378920719800000e-02,2.9378920719800000e-02,2.9378920719800000e-02
43,28,8.7000000000000000e-01,5.6999999999999995e-01,0.0000000000000000e+00,2.3222992353600001e-02,2.3222992353600001e-02,2.3222992353600001e-02
44,28,8.9000000000000001e-01,5.6999999999999995e-01,0.0000000000000000e+00,1.8223073998300001e-02,1.8223073998300001e-02,1.8223073998300001e-02
45,28,9.1000000000000003e-01,5.6999999999999995e-01,0.0000000000000000e+00,1.4228328392600000e-02,1.4228328392600000e-02,1.4228328392600000e-02
46,28,9.3000000000000005e-01,5.6999999999999995e-01,0.0000000000000000e+00,1.1188718265199999e-02,1.1188718265199999e-02,1.1188718265199999e-02
47,28,9.4999999999999996e-01,5.6999999999999995e-01,0.0000000000000000e+00,9.4689804352700007e-03,9.4689804352700007e-03,9.4689804352700007e-03
48,28,9.6999999999999997e-01,5.6999999999999995e-01,0.0000000000000000e+00,1.0707533736200000e-02,1.0707533736200000e-02,1.0707533736200000e-02
49,28,9.8999999999999999e-01,5.6999999999999995e-01,0.0000000000000000e+00,1.6582472827999999e-02,1.6582472827999999e-02,1.6582472827999999e-02
0,29,1.0000000000000000e-02,5.8999999999999997e-01,0.0000000000000000e+00,8.6731848721899998e-02,8.6731848721899998e-02,8.6731848721899998e-02
1,29,2.9999999999999999e-02,5.8999999999999997e-01,0.0000000000000000e+00,2.7036915793400000e-02,2.7036915793400000e-02,2.7036915793400000e-02
2,29,5.0000000000000003e-02,5.8999999999999997e-01,0.0000000000000000e+00,3.3183785883999999e-02,3.3183785883999999e-02,3.3183785883999999e-02
3,29,7.0000000000000007e-02,5.8999999999999997e-01,0.0000000000000000e+00,4.0093240467200003e-02,4.0093240467200003e-02,4.0093240467200003e-02
4,29,8.9999999999999997e-02,5.8999999999999997e-01,0.0000000000000000e+00,4.7862630875799998e-02,4.7862630875799998e-02,4.7862630875799998e-02
5,29,1.1000000000000000e-01,5.8999999999999997e-01,0.0000000000000000e+00,5.6627263795099997e-02,5.6627263795099997e-02,5.6627263795099997e-02
6,29,1.3000000000000000e-01,5.8999999999999997e-01,0.0000000000000000e+00,6.6533748106099994e-02,6.6533748106099994e-02,6.6533748106099994e-02
7,29,1.4999999999999999e-01,5.8999999999999997e-01,1.2997441740061649e-02,7.7702249127200002e-02,6.4704807387138352e-02,6.4704807387138352e-02
8,29,1.7000000000000001e-01,5.8999999999999997e-01,4.6473312304552344e-02,9.0189374372599995e-02,4.3716062068047651e-02,4.3716062068047651e-02
9,29,1.9000000000000000e-01,5.8999999999999997e-01,8.9973091658039156e-02,1.0396208112900000e-01,1.3988989470960847e-02,1.3988989470960847e-02
10,29,2.0999999999999999e-01,5.8999999999999997e-01,1.3191501883111037e-01,1.1888686670500000e-01,-1.3028152126110373e-02,1.3028152126110373e-02
11,29,2.3000000000000001e-01,5.8999999999999997e-01,1.6189855771750394e-01,1.3473161231200001e-01,-2.7166945405503934e-02,2.7166945405503934e-02
12,29,2.5000000000000000e-01,5.8999999999999997e-01,1.7274575140626330e-01,1.5117401323999999e-01,-2.1571738166263316e-02,2.1571738166263316e-02
13,29,2.7000000000000002e-01,5.8999999999999997e-01,1.6189855771750394e-01,1.6781191857500000e-01,5.9133608574960528e-03,5.9133608574960528e-03
14,29,2.8999999999999998e-01,5.8999999999999997e-01,1.3191501883111045e-01,1.8417505111499999e-01,5.2260032283889535e-02,5.2260032283889535e-02
15,29,3.1000000000000000e-01,5.8999999999999997e-01,8.9973091658039156e-02,1.9974110317499999e-01,1.0976801151696083e-01,1.0976801151696083e-01
16,29,3.3000000000000002e-01,5.8999999999999997e-01,4.6473312304552289e-02,2.1396017322899999e-01,1.6748686092444770e-01,1.6748686092444770e-01
17,29,3.4999999999999998e-01,5.8999999999999997e-01,1.2997441740061566e-02,2.2629037955100001e-01,2.1329293781093844e-01,2.1329293781093844e-01
18,29,3.7000000000000000e-01,5.8999999999999997e-01,0.0000000000000000e+00,2.3624588296999999e-01,2.3624588296999999e-01,2.3624588296999999e-01
19,29,3.9000000000000001e-01,5.8999999999999997e-01,0.0000000000000000e+00,2.4345741313399999e-01,2.4345741313399999e-01,2.4345741313399999e-01
20,29,4.0999999999999998e-01,5.8999999999999997e-01,0.0000000000000000e+00,2.4774388343500001e-01,2.4774388343500001e-01,2.4774388343500001e-01
21,29,4.2999999999999999e-01,5.8999999999999997e-01,0.0000000000000000e+00,2.4918883516599999e-01,2.4918883516599999e-01,2.4918883516599999e-01
22,29,4.5000000000000001e-01,5.8999999999999997e-01,0.0000000000000000e+00,2.4820251341800001e-01,2.4820251341800001e-01,2.4820251341800001e-01
23,29,4.6999999999999997e-01,5.8999999999999997e-01,0.0000000000000000e+00,2.4552599187200000e-01,2.4552599187200000e-01,2.4552599187200000e-01
24,29,4.8999999999999999e-01,5.8999999999999997e-01,0.0000000000000000e+00,2.4210637286400000e-01,2.4210637286400000e-01,2.4210637286400000e-01
25,29,5.1000000000000001e-01,5.8999999999999997e-01,0.0000000000000000e+00,2.3877820749400000e-01,2.3877820749400000e-01,2.3877820749400000e-01
26,29,5.3000000000000003e-01,5.8999999999999997e-01,0.0000000000000000e+00,2.3639620943000000e-01,2.3639620943000000e-01,2.3639620943000000e-01
27,29,5.5000000000000004e-01,5.8999999999999997e-01,0.0000000000000000e+00,2.3458017740300000e-01,2.3458017740300000e-01,2.3458017740300000e-01
28,29,5.6999999999999995e-01,5.8999999999999997e-01,0.0000000000000000e+00,2.3134440817900001e-01,2.3134440817900001e-01,2.3134440817900001e-01
29,29,5.8999999999999997e-01,5.8999999999999997e-01,0.0000000000000000e+00,2.2499403042300001e-01,2.2499403042300001e-01,2.2499403042300001e-01
30,29,6.0999999999999999e-01,5.8999999999999997e-01,0.0000000000000000e+00,2.1482511277800001e-01,2.1482511277800001e-01,2.1482511277800001e-01
31,29,6.3000000000000000e-01,5.8999999999999997e-01,0.0000000000000000e+00,2.0104355897100001e-01,2.0104355897100001e-01,2.0104355897100001e-01
32,29,6.5000000000000002e-01,5.8999999999999997e-01,0.0000000000000000e+00,1.8441692434599999e-01,1.8441692434599999e-01,1.8441692434599999e-01
33,29,6.7000000000000004e-01,5.8999999999999997e-01,0.0000000000000000e+00,1.6594984845899999e-01,1.6594984845899999e-01,1.6594984845899999e-01
34,29,6.8999999999999995e-01,5.8999999999999997e-01,0.0000000000000000e+00,1.4665919105799999e-01,1.4665919105799999e-01,1.4665919105799999e-01
35,29,7.0999999999999996e-01,5.8999999999999997e-01,0.0000000000000000e+00,1.2744297220299999e-01,1.2744297220299999e-01,1.2744297220299999e-01
36,29,7.2999999999999998e-01,5.8999999999999997e-01,0.0000000000000000e+00,1.0901830719600000e-01,1.0901830719600000e-01,1.0901830719600000e-01
37,29,7.5000000000000000e-01,5.8999999999999997e-01,0.0000000000000000e+00,9.1904724451399994e-02,9.1904724451399994e-02,9.1904724451399994e-02
38,29,7.7000000000000002e-01,5.8999999999999997e-01,0.0000000000000000e+00,7.6434731692899993e-02,7.6434731692899993e-02,7.6434731692899993e-02
39,29,7.9000000000000004e-01,5.8999999999999997e-01,0.0000000000000000e+00,6.2778780213799998e-02,6.2778780213799998e-02,6.2778780213799998e-02
40,29,8.1000000000000005e-01,5.8999999999999997e-01,0.0000000000000000e+00,5.0976084764700003e-02,5.0976084764700003e-02,5.0976084764700003e-02
41,29,8.2999999999999996e-01,5.8999999999999997e-01,0.0000000000000000e+00,4.0966206602499999e-02,4.0966206602499999e-02,4.0966206602499999e-02
42,29,8.4999999999999998e-01,5.8999999999999997e-01,0.0000000000000000e+00,3.2619132399899997e-02,3.2619132399899997e-02,3.2619132399899997e-02
43,29,8.7000000000000000e-01,5.8999999999999997e-01,0.0000000000000000e+00,2.5764344633800000e-02,2.5764344633800000e-02,2.5764344633800000e-02
44,29,8.9000000000000001e-01,5.8999999999999997e-01,0.0000000000000000e+00,2.0224280368399999e-02,2.0224280368399999e-02,2.0224280368399999e-02
45,29,9.1000000000000003e-01,5.8999999999999997e-01,0.0000000000000000e+00,1.5871657778700001e-02,1.5871657778700001e-02,1.5871657778700001e-02
46,29,9.3000000000000005e-01,5.8999999999999997e-01,0.0000000000000000e+00,1.2767407019900000e-02,1.2767407019900000e-02,1.2767407019900000e-02
47,29,9.4999999999999996e-01,5.8999999999999997e-01,0.0000000000000000e+00,1.1469672661700001e-02,1.1469672661700001e-02,1.1469672661700001e-02
48,29,9.6999999999999997e-01,5.8999999999999997e-01,0.0000000000000000e+00,1.3160389789500000e-02,1.3160389789500000e-02,1.3160389789500000e-02
49,29,9.8999999999999999e-01,5.8999999999999997e-01,0.0000000000000000e+00,1.5942131637899998e-02,1.5942131637899998e-02,1.5942131637899998e-02
0,30,1.0000000000000000e-02,6.0999999999999999e-01,0.0000000000000000e+00,8.4383286102600000e-02,8.4383286102600000e-02,8.4383286102600000e-02
1,30,2.9999999999999999e-02,6.0999999999999999e-01,0.0000000000000000e+00,2.6761921380100001e-02,2.6761921380100001e-02,2.6761921380100001e-02
2,30,5.0000000000000003e-02,6.0999999999999999e-01,0.0000000000000000e+00,3.2968183837299998e-02,3.2968183837299998e-02,3.2968183837299998e-02
3,30,7.0000000000000007e-02,6.0999999999999999e-01,0.0000000000000000e+00,3.9952748882600003e-02,3.9952748882600003e-02,3.9952748882600003e-02
4,30,8.9999999999999997e-02,6.0999999999999999e-01,0.0000000000000000e+00,4.7810846375200000e-02,4.7810846375200000e-02,4.7810846375200000e-02
5,30,1.1000000000000000e-01,6.0999999999999999e-01,0.0000000000000000e+00,5.6683396221999999e-02,5.6683396221999999e-02,5.6683396221999999e-02
6,30,1.3000000000000000e-01,6.0999999999999999e-01,0.0000000000000000e+00,6.6734117457299999e-02,6.6734117457299999e-02,6.6734117457299999e-02
7,30,1.4999999999999999e-01,6.0999999999999999e-01,9.8347341692200940e-05,7.8113010754299994e-02,7.8014663412607793e-02,7.8014663412607793e-02
8,30,1.7000000000000001e-01,6.0999999999999999e-01,1.0647882774751649e-02,9.0917747661699994e-02,8.0269864886948344e-02,8.0269864886948344e-02
9,30,1.9000000000000000e-01,6.0999999999999999e-01,3.2713459686220386e-02,1.0516449311000001e-01,7.2451033423779621e-02,7.2451033423779621e-02
10,30,2.0999999999999999e-01,6.0999999999999999e-01,5.7214921056023882e-02,1.2077412703400001e-01,6.3559205977976124e-02,6.3559205977976124e-02
11,30,2.3000000000000001e-01,6.0999999999999999e-01,7.5821124561449016e-02,1.3757235942099999e-01,6.1751234859550974e-02,6.1751234859550974e-02
12,30,2.5000000000000000e-01,6.0999999999999999e-01,8.2717348410285524e-02,1.5529750056700001e-01,7.2580152156714484e-02,7.2580152156714484e-02
13,30,2.7000000000000002e-01,6.0999999999999999e-01,7.5821124561449016e-02,1.7360995821200001e-01,9.7788833650550994e-02,9.7788833650550994e-02
14,30,2.8999999999999998e-01,6.0999999999999999e-01,5.7214921056023882e-02,1.9210147012000001e-01,1.3488654906397612e-01,1.3488654906397612e-01
15,30,3.1000000000000000e-01,6.0999999999999999e-01,3.2713459686220386e-02,2.1030616915600001e-01,1.7759270946977962e-01,1.7759270946977962e-01
16,30,3.3000000000000002e-01,6.0999999999999999e-01,1.0647882774751621e-02,2.2771724257100001e-01,2.1706935979624839e-01,2.1706935979624839e-01
17,30,3.4999999999999998e-01,6.0999999999999999e-01,9.8347341692200940e-05,2.4381205661899999e-01,2.4371370927730779e-01,2.4371370927730779e-01
18,30,3.7000000000000000e-01,6.0999999999999999e-01,0.0000000000000000e+00,2.5808662881599997e-01,2.5808662881599997e-01,2.5808662881599997e-01
19,30,3.9000000000000001e-01,6.0999999999999999e-01,0.0000000000000000e+00,2.7009838763299998e-01,2.7009838763299998e-01,2.7009838763299998e-01
20,30,4.0999999999999998e-01,6.0999999999999999e-01,0.0000000000000000e+00,2.7951399092000001e-01,2.7951399092000001e-01,2.7951399092000001e-01
21,30,4.2999999999999999e-01,6.0999999999999999e-01,0.0000000000000000e+00,2.8615515985599999e-01,2.8615515985599999e-01,2.8615515985599999e-01
22,30,4.5000000000000001e-01,6.0999999999999999e-01,1.0000000000000000e+00,2.9002874282000002e-01,-7.0997125717999998e-01,7.0997125717999998e-01
23,30,4.6999999999999997e-01,6.0999999999999999e-01,1.0000000000000000e+00,2.9131868778999997e-01,-7.0868131220999997e-01,7.0868131220999997e-01
24,30,4.8999999999999999e-01,6.0999999999999999e-01,0.0000000000000000e+00,2.9031407270300003e-01,2.9031407270300003e-01,2.9031407270300003e-01
25,30,5.1000000000000001e-01,6.0999999999999999e-01,0.0000000000000000e+00,2.8726276685699997e-01,2.8726276685699997e-01,2.8726276685699997e-01
26,30,5.3000000000000003e-01,6.0999999999999999e-01,1.0000000000000000e+00,2.8290670466000001e-01,-7.1709329533999999e-01,7.1709329533999999e-01
27,30,5.5000000000000004e-01,6.0999999999999999e-01,1.0000000000000000e+00,2.7742771600499999e-01,-7.2257228399499995e-01,7.2257228399499995e-01
28,30,5.6999999999999995e-01,6.0999999999999999e-01,0.0000000000000000e+00,2.6974310528399997e-01,2.6974310528399997e-01,2.6974310528399997e-01
29,30,5.8999999999999997e-01,6.0999999999999999e-01,0.0000000000000000e+00,2.5887723176100003e-01,2.5887723176100003e-01,2.5887723176100003e-01
30,30,6.0999999999999999e-01,6.0999999999999999e-01,0.0000000000000000e+00,2.4446626671499999e-01,2.4446626671499999e-01,2.4446626671499999e-01
31,30,6.3000000000000000e-01,6.0999999999999999e-01,0.0000000000000000e+00,2.2681341639600000e-01,2.2681341639600000e-01,2.2681341639600000e-01
32,30,6.5000000000000002e-01,6.0999999999999999e-01,0.0000000000000000e+00,2.0668372275800001e-01,2.0668372275800001e-01,2.0668372275800001e-01
33,30,6.7000000000000004e-01,6.0999999999999999e-01,0.0000000000000000e+00,1.8505454634400001e-01,1.8505454634400001e-01,1.8505454634400001e-01
34,30,6.8999999999999995e-01,6.0999999999999999e-01,0.0000000000000000e+00,1.6291823694200000e-01,1.6291823694200000e-01,1.6291823694200000e-01
35,30,7.0999999999999996e-01,6.0999999999999999e-01,0.0000000000000000e+00,1.4115633861400001e-01,1.4115633861400001e-01,1.4115633861400001e-01
36,30,7.2999999999999998e-01,6.0999999999999999e-01,0.0000000000000000e+00,1.2047487423900000e-01,1.2047487423900000e-01,1.2047487423900000e-01
37,30,7.5000000000000000e-01,6.0999999999999999e-01,0.0000000000000000e+00,1.0138349953000000e-01,1.0138349953000000e-01,1.0138349953000000e-01
38,30,7.7000000000000002e-01,6.0999999999999999e-01,0.0000000000000000e+00,8.4202767720400001e-02,8.4202767720400001e-02,8.4202767720400001e-02
39,30,7.9000000000000004e-01,6.0999999999999999e-01,0.0000000000000000e+00,6.9087310611000000e-02,6.9087310611000000e-02,6.9087310611000000e-02
40,30,8.1000000000000005e-01,6.0999999999999999e-01,0.0000000000000000e+00,5.6056457503500003e-02,5.6056457503500003e-02,5.6056457503500003e-02
41,30,8.2999999999999996e-01,6.0999999999999999e-01,0.0000000000000000e+00,4.5027232123700002e-02,4.5027232123700002e-02,4.5027232123700002e-02
42,30,8.4999999999999998e-01,6.0999999999999999e-01,0.0000000000000000e+00,3.5847927922100002e-02,3.5847927922100002e-02,3.5847927922100002e-02
43,30,8.7000000000000000e-01,6.0999999999999999e-01,0.0000000000000000e+00,2.8334440714000000e-02,2.8334440714000000e-02,2.8334440714000000e-02
44,30,8.9000000000000001e-01,6.0999999999999999e-01,0.0000000000000000e+00,2.2318580616400002e-02,2.2318580616400002e-02,2.2318580616400002e-02
45,30,9.1000000000000003e-01,6.0999999999999999e-01,0.0000000000000000e+00,1.7730476819700001e-02,1.7730476819700001e-02,1.7730476819700001e-02
46,30,9.3000000000000005e-01,6.0999999999999999e-01,0.0000000000000000e+00,1.4742483480200000e-02,1.4742483480200000e-02,1.4742483480200000e-02
47,30,9.4999999999999996e-01,6.0999999999999999e-01,0.0000000000000000e+00,1.3881563692699999e-02,1.3881563692699999e-02,1.3881563692699999e-02
48,30,9.6999999999999997e-01,6.0999999999999999e-01,0.0000000000000000e+00,1.5303222833200000e-02,1.5303222833200000e-02,1.5303222833200000e-02
49,30,9.8999999999999999e-01,6.0999999999999999e-01,0.0000000000000000e+00,1.4770410610299999e-02,1.4770410610299999e-02,1.4770410610299999e-02
0,31,1.0000000000000000e-02,6.3000000000000000e-01,0.0000000000000000e+00,8.1102261391899994e-02,8.1102261391899994e-02,8.1102261391899994e-02
1,31,2.9999999999999999e-02,6.3000000000000000e-01,0.0000000000000000e+00,2.6285418021000002e-02,2.6285418021000002e-02,2.6285418021000002e-02
2,31,5.0000000000000003e-02,6.3000000000000000e-01,0.0000000000000000e+00,3.2531388727299999e-02,3.2531388727299999e-02,3.2531388727299999e-02
3,31,7.0000000000000007e-02,6.3000000000000000e-01,0.0000000000000000e+00,3.9569705303899999e-02,3.9569705303899999e-02,3.9569705303899999e-02
4,31,8.9999999999999997e-02,6.3000000000000000e-01,0.0000000000000000e+00,4.7488862663899997e-02,4.7488862663899997e-02,4.7488862663899997e-02
5,31,1.1000000000000000e-01,6.3000000000000000e-01,0.0000000000000000e+00,5.6430381857400000e-02,5.6430381857400000e-02,5.6430381857400000e-02
6,31,1.3000000000000000e-01,6.3000000000000000e-01,0.0000000000000000e+00,6.6571039030299997e-02,6.6571039030299997e-02,6.6571039030299997e-02
7,31,1.4999999999999999e-01,6.3000000000000000e-01,0.0000000000000000e+00,7.8088540419500002e-02,7.8088540419500002e-02,7.8088540419500002e-02
8,31,1.7000000000000001e-01,6.3000000000000000e-01,0.0000000000000000e+00,9.1121466655899999e-02,9.1121466655899999e-02,9.1121466655899999e-02
9,31,1.9000000000000000e-01,6.3000000000000000e-01,2.5473284328424162e-03,1.0573607076500000e-01,1.0318874233215758e-01,1.0318874233215758e-01
10,31,2.0999999999999999e-01,6.3000000000000000e-01,1.0647882774751621e-02,1.2190802873000001e-01,1.1126014595524839e-01,1.1126014595524839e-01
11,31,2.3000000000000001e-01,6.3000000000000000e-01,1.8474106437216975e-02,1.3951942073099999e-01,1.2104531429378301e-01,1.2104531429378301e-01
12,31,2.5000000000000000e-01,6.3000000000000000e-01,2.1613635589349756e-02,1.5836499989500000e-01,1.3675136430565024e-01,1.3675136430565024e-01
13,31,2.7000000000000002e-01,6.3000000000000000e-01,1.8474106437216975e-02,1.7816058613300001e-01,1.5968647969578303e-01,1.5968647969578303e-01
14,31,2.8999999999999998e-01,6.3000000000000000e-01,1.0647882774751621e-02,1.9854980334399999e-01,1.8790192056924837e-01,1.8790192056924837e-01
15,31,3.1000000000000000e-01,6.3000000000000000e-01,2.5473284328424162e-03,2.1911002669200000e-01,2.1656269825915758e-01,2.1656269825915758e-01
16,31,3.3000000000000002e-01,6.3000000000000000e-01,0.0000000000000000e+00,2.3936106074300001e-01,2.3936106074300001e-01,2.3936106074300001e-01
17,31,3.4999999999999998e-01,6.3000000000000000e-01,0.0000000000000000e+00,2.5877981704100000e-01,2.5877981704100000e-01,2.5877981704100000e-01
18,31,3.7000000000000000e-01,6.3000000000000000e-01,0.0000000000000000e+00,2.7682233549899998e-01,2.7682233549899998e-01,2.7682233549899998e-01
19,31,3.9000000000000001e-01,6.3000000000000000e-01,0.0000000000000000e+00,2.9295243720100000e-01,2.9295243720100000e-01,2.9295243720100000e-01
20,31,4.0999999999999998e-01,6.3000000000000000e-01,1.0000000000000000e+00,3.0667455620500000e-01,-6.9332544379500005e-01,6.9332544379500005e-01
21,31,4.2999999999999999e-01,6.3000000000000000e-01,1.0000000000000000e+00,3.1756633632900000e-01,-6.8243366367100000e-01,6.8243366367100000e-01
22,31,4.5000000000000001e-01,6.3000000000000000e-01,1.0000000000000000e+00,3.2530397448199999e-01,-6.7469602551800001e-01,6.7469602551800001e-01
23,31,4.6999999999999997e-01,6.3000000000000000e-01,1.0000000000000000e+00,3.2967096307499999e-01,-6.7032903692500001e-01,6.7032903692500001e-01
24,31,4.8999999999999999e-01,6.3000000000000000e-01,0.0000000000000000e+00,3.3054181132600002e-01,3.3054181132600002e-01,3.3054181132600002e-01
25,31,5.1000000000000001e-01,6.3000000000000000e-01,0.0000000000000000e+00,3.2784082008999998e-01,3.2784082008999998e-01,3.2784082008999998e-01
26,31,5.3000000000000003e-01,6.3000000000000000e-01,1.0000000000000000e+00,3.2220327519300002e-01,-6.7779672480700004e-01,6.7779672480700004e-01
27,31,5.5000000000000004e-01,6.3000000000000000e-01,1.0000000000000000e+00,3.1407846777199999e-01,-6.8592153222800001e-01,6.8592153222800001e-01
28,31,5.6999999999999995e-01,6.3000000000000000e-01,1.0000000000000000e+00,3.0296119066900001e-01,-6.9703880933100004e-01,6.9703880933100004e-01
29,31,5.8999999999999997e-01,6.3000000000000000e-01,1.0000000000000000e+00,2.8843428293200002e-01,-7.1156571706799998e-01,7.1156571706799998e-01
30,31,6.0999999999999999e-01,6.3000000000000000e-01,0.0000000000000000e+00,2.7047527554599998e-01,2.7047527554599998e-01,2.7047527554599998e-01
31,31,6.3000000000000000e-01,6.3000000000000000e-01,0.0000000000000000e+00,2.4953132731800001e-01,2.4953132731800001e-01,2.4953132731800001e-01
32,31,6.5000000000000002e-01,6.3000000000000000e-01,0.0000000000000000e+00,2.2640167578299999e-01,2.2640167578299999e-01,2.2640167578299999e-01
33,31,6.7000000000000004e-01,6.3000000000000000e-01,0.0000000000000000e+00,2.0205504747000000e-01,2.0205504747000000e-01,2.0205504747000000e-01
34,31,6.8999999999999995e-01,6.3000000000000000e-01,0.0000000000000000e+00,1.7746621168700000e-01,1.7746621168700000e-01,1.7746621168700000e-01
35,31,7.0999999999999996e-01,6.3000000000000000e-01,0.0000000000000000e+00,1.5350219981200000e-01,1.5350219981200000e-01,1.5350219981200000e-01
36,31,7.2999999999999998e-01,6.3000000000000000e-01,0.0000000000000000e+00,1.3085896848799999e-01,1.3085896848799999e-01,1.3085896848799999e-01
37,31,7.5000000000000000e-01,6.3000000000000000e-01,0.0000000000000000e+00,1.1003812596699999e-01,1.1003812596699999e-01,1.1003812596699999e-01
38,31,7.7000000000000002e-01,6.3000000000000000e-01,0.0000000000000000e+00,9.1351363143999997e-02,9.1351363143999997e-02,9.1351363143999997e-02
39,31,7.9000000000000004e-01,6.3000000000000000e-01,0.0000000000000000e+00,7.4941889603399994e-02,7.4941889603399994e-02,7.4941889603399994e-02
40,31,8.1000000000000005e-01,6.3000000000000000e-01,0.0000000000000000e+00,6.0815054113599998e-02,6.0815054113599998e-02,6.0815054113599998e-02
41,31,8.2999999999999996e-01,6.3000000000000000e-01,0.0000000000000000e+00,4.8873595942900000e-02,4.8873595942900000e-02,4.8873595942900000e-02
42,31,8.4999999999999998e-01,6.3000000000000000e-01,0.0000000000000000e+00,3.8956588135100001e-02,3.8956588135100001e-02,3.8956588135100001e-02
43,31,8.7000000000000000e-01,6.3000000000000000e-01,0.0000000000000000e+00,3.0885576943499998e-02,3.0885576943499998e-02,3.0885576943499998e-02
44,31,8.9000000000000001e-01,6.3000000000000000e-01,0.0000000000000000e+00,2.4526559113300001e-02,2.4526559113300001e-02,2.4526559113300001e-02
45,31,9.1000000000000003e-01,6.3000000000000000e-01,0.0000000000000000e+00,1.9874867208799999e-02,1.9874867208799999e-02,1.9874867208799999e-02
46,31,9.3000000000000005e-01,6.3000000000000000e-01,0.0000000000000000e+00,1.7122518345300000e-02,1.7122518345300000e-02,1.7122518345300000e-02
47,31,9.4999999999999996e-01,6.3000000000000000e-01,0.0000000000000000e+00,1.6452581972600001e-02,1.6452581972600001e-02,1.6452581972600001e-02
48,31,9.6999999999999997e-01,6.3000000000000000e-01,0.0000000000000000e+00,1.6802037705600001e-02,1.6802037705600001e-02,1.6802037705600001e-02
49,31,9.8999999999999999e-01,6.3000000000000000e-01,0.0000000000000000e+00,1.3190414162400001e-02,1.3190414162400001e-02,1.3190414162400001e-02
0,32,1.0000000000000000e-02,6.5000000000000002e-01,0.0000000000000000e+00,7.6973595446099996e-02,7.6973595446099996e-02,7.6973595446099996e-02
1,32,2.9999999999999999e-02,6.5000000000000002e-01,0.0000000000000000e+00,2.5613598026600001e-02,2.5613598026600001e-02,2.5613598026600001e-02
2,32,5.0000000000000003e-02,6.5000000000000002e-01,0.0000000000000000e+00,3.1881501128100002e-02,3.1881501128100002e-02,3.1881501128100002e-02
3,32,7.0000000000000007e-02,6.5000000000000002e-01,0.0000000000000000e+00,3.8955772210800002e-02,3.8955772210800002e-02,3.8955772210800002e-02
4,32,8.9999999999999997e-02,6.5000000000000002e-01,0.0000000000000000e+00,4.6912623311899999e-02,4.6912623311899999e-02,4.6912623311899999e-02
5,32,1.1000000000000000e-01,6.5000000000000002e-01,0.0000000000000000e+00,5.5887166736900001e-02,5.5887166736900001e-02,5.5887166736900001e-02
6,32,1.3000000000000000e-01,6.5000000000000002e-01,0.0000000000000000e+00,6.6062368943300004e-02,6.6062368943300004e-02,6.6062368943300004e-02
7,32,1.4999999999999999e-01,6.5000000000000002e-01,0.0000000000000000e+00,7.7638389292499999e-02,7.7638389292499999e-02,7.7638389292499999e-02
8,32,1.7000000000000001e-01,6.5000000000000002e-01,0.0000000000000000e+00,9.0791632962900007e-02,9.0791632962900007e-02,9.0791632962900007e-02
9,32,1.9000000000000000e-01,6.5000000000000002e-01,0.0000000000000000e+00,1.0563680163600001e-01,1.0563680163600001e-01,1.0563680163600001e-01
10,32,2.0999999999999999e-01,6.5000000000000002e-01,0.0000000000000000e+00,1.2220250447500000e-01,1.2220250447500000e-01,1.2220250447500000e-01
11,32,2.3000000000000001e-01,6.5000000000000002e-01,0.0000000000000000e+00,1.4042332682100001e-01,1.4042332682100001e-01,1.4042332682100001e-01
12,32,2.5000000000000000e-01,6.5000000000000002e-01,0.0000000000000000e+00,1.6014351813200001e-01,1.6014351813200001e-01,1.6014351813200001e-01
13,32,2.7000000000000002e-01,6.5000000000000002e-01,0.0000000000000000e+00,1.8112421075300000e-01,1.8112421075300000e-01,1.8112421075300000e-01
14,32,2.8999999999999998e-01,6.5000000000000002e-01,0.0000000000000000e+00,2.0304835261500001e-01,2.0304835261500001e-01,2.0304835261500001e-01
15,32,3.1000000000000000e-01,6.5000000000000002e-01,0.0000000000000000e+00,2.2552256787899999e-01,2.2552256787899999e-01,2.2552256787899999e-01
16,32,3.3000000000000002e-01,6.5000000000000002e-01,0.0000000000000000e+00,2.4807908445200000e-01,2.4807908445200000e-01,2.4807908445200000e-01
17,32,3.4999999999999998e-01,6.5000000000000002e-01,0.0000000000000000e+00,2.7018173716700000e-01,2.7018173716700000e-01,2.7018173716700000e-01
18,32,3.7000000000000000e-01,6.5000000000000002e-01,0.0000000000000000e+00,2.9123858869899999e-01,2.9123858869899999e-01,2.9123858869899999e-01
19,32,3.9000000000000001e-01,6.5000000000000002e-01,1.0000000000000000e+00,3.1062172069700000e-01,-6.8937827930300000e-01,6.8937827930300000e-01
20,32,4.0999999999999998e-01,6.5000000000000002e-01,1.0000000000000000e+00,3.2769330896700000e-01,-6.7230669103300000e-01,6.7230669103300000e-01
21,32,4.2999999999999999e-01,6.5000000000000002e-01,1.0000000000000000e+00,3.4183610762500000e-01,-6.5816389237499995e-01,6.5816389237499995e-01
22,32,4.5000000000000001e-01,6.5000000000000002e-01,1.0000000000000000e+00,3.5248546340600001e-01,-6.4751453659400005e-01,6.4751453659400005e-01
23,32,4.6999999999999997e-01,6.5000000000000002e-01,1.0000000000000000e+00,3.5915906626499999e-01,-6.4084093373500006e-01,6.4084093373500006e-01
24,32,4.8999999999999999e-01,6.5000000000000002e-01,0.0000000000000000e+00,3.6148078670299999e-01,3.6148078670299999e-01,3.6148078670299999e-01
25,32,5.1000000000000001e-01,6.5000000000000002e-01,0.0000000000000000e+00,3.5919745712200002e-01,3.5919745712200002e-01,3.5919745712200002e-01
26,32,5.3000000000000003e-01,6.5000000000000002e-01,1.0000000000000000e+00,3.5283573189200002e-01,-6.4716426810799998e-01,6.4716426810799998e-01
27,32,5.5000000000000004e-01,6.5000000000000002e-01,1.0000000000000000e+00,3.4295169323500002e-01,-6.5704830676499992e-01,6.5704830676499992e-01
28,32,5.6999999999999995e-01,6.5000000000000002e-01,1.0000000000000000e+00,3.2940634637100003e-01,-6.7059365362900003e-01,6.7059365362900003e-01
29,32,5.8999999999999997e-01,6.5000000000000002e-01,1.0000000000000000e+00,3.1217710060600001e-01,-6.8782289939399999e-01,6.8782289939399999e-01
30,32,6.0999999999999999e-01,6.5000000000000002e-01,1.0000000000000000e+00,2.9152435735999999e-01,-7.0847564264000007e-01,7.0847564264000007e-01
31,32,6.3000000000000000e-01,6.5000000000000002e-01,0.0000000000000000e+00,2.6804091269699998e-01,2.6804091269699998e-01,2.6804091269699998e-01
32,32,6.5000000000000002e-01,6.5000000000000002e-01,0.0000000000000000e+00,2.4257671658800001e-01,2.4257671658800001e-01,2.4257671658800001e-01
33,32,6.7000000000000004e-01,6.5000000000000002e-01,0.0000000000000000e+00,2.1610469438600000e-01,2.1610469438600000e-01,2.1610469438600000e-01
34,32,6.8999999999999995e-01,6.5000000000000002e-01,0.0000000000000000e+00,1.8958863854700000e-01,1.8958863854700000e-01,1.8958863854700000e-01
35,32,7.0999999999999996e-01,6.5000000000000002e-01,0.0000000000000000e+00,1.6388394133699999e-01,1.6388394133699999e-01,1.6388394133699999e-01
36,32,7.2999999999999998e-01,6.5000000000000002e-01,0.0000000000000000e+00,1.3967834298699999e-01,1.3967834298699999e-01,1.3967834298699999e-01
37,32,7.5000000000000000e-01,6.5000000000000002e-01,0.0000000000000000e+00,1.1746793447900000e-01,1.1746793447900000e-01,1.1746793447900000e-01
38,32,7.7000000000000002e-01,6.5000000000000002e-01,0.0000000000000000e+00,9.7559626780199998e-02,9.7559626780199998e-02,9.7559626780199998e-02
39,32,7.9000000000000004e-01,6.5000000000000002e-01,0.0000000000000000e+00,8.0091384666200000e-02,8.0091384666200000e-02,8.0091384666200000e-02
40,32,8.1000000000000005e-01,6.5000000000000002e-01,0.0000000000000000e+00,6.5063524377100002e-02,6.5063524377100002e-02,6.5063524377100002e-02
41,32,8.2999999999999996e-01,6.5000000000000002e-01,0.0000000000000000e+00,5.2377244911099997e-02,5.2377244911099997e-02,5.2377244911099997e-02
42,32,8.4999999999999998e-01,6.5000000000000002e-01,0.0000000000000000e+00,4.1879757304400002e-02,4.1879757304400002e-02,4.1879757304400002e-02
43,32,8.7000000000000000e-01,6.5000000000000002e-01,0.0000000000000000e+00,3.3417870379099997e-02,3.3417870379099997e-02,3.3417870379099997e-02
44,32,8.9000000000000001e-01,6.5000000000000002e-01,0.0000000000000000e+00,2.6899299103900001e-02,2.6899299103900001e-02,2.6899299103900001e-02
45,32,9.1000000000000003e-01,6.5000000000000002e-01,0.0000000000000000e+00,2.2337820017399999e-02,2.2337820017399999e-02,2.2337820017399999e-02
46,32,9.3000000000000005e-01,6.5000000000000002e-01,0.0000000000000000e+00,1.9777091866900000e-02,1.9777091866900000e-02,1.9777091866900000e-02
47,32,9.4999999999999996e-01,6.5000000000000002e-01,0.0000000000000000e+00,1.8816607997800001e-02,1.8816607997800001e-02,1.8816607997800001e-02
48,32,9.6999999999999997e-01,6.5000000000000002e-01,0.0000000000000000e+00,1.7442542772700000e-02,1.7442542772700000e-02,1.7442542772700000e-02
49,32,9.8999999999999999e-01,6.5000000000000002e-01,0.0000000000000000e+00,1.1359816444100000e-02,1.1359816444100000e-02,1.1359816444100000e-02
0,33,1.0000000000000000e-02,6.7000000000000004e-01,0.0000000000000000e+00,7.2093106363399995e-02,7.2093106363399995e-02,7.2093106363399995e-02
1,33,2.9999999999999999e-02,6.7000000000000004e-01,0.0000000000000000e+00,2.4750412486899999e-02,2.4750412486899999e-02,2.4750412486899999e-02
2,33,5.0000000000000003e-02,6.7000000000000004e-01,0.0000000000000000e+00,3.1023389741499999e-02,3.1023389741499999e-02,3.1023389741499999e-02
3,33,7.0000000000000007e-02,6.7000000000000004e-01,0.0000000000000000e+00,3.8119371475100000e-02,3.8119371475100000e-02,3.8119371475100000e-02
4,33,8.9999999999999997e-02,6.7000000000000004e-01,0.0000000000000000e+00,4.6096321663199998e-02,4.6096321663199998e-02,4.6096321663199998e-02
5,33,1.1000000000000000e-01,6.7000000000000004e-01,0.0000000000000000e+00,5.5074194683200003e-02,5.5074194683200003e-02,5.5074194683200003e-02
6,33,1.3000000000000000e-01,6.7000000000000004e-01,0.0000000000000000e+00,6.5232406487100006e-02,6.5232406487100006e-02,6.5232406487100006e-02
7,33,1.4999999999999999e-01,6.7000000000000004e-01,0.0000000000000000e+00,7.6784958317200003e-02,7.6784958317200003e-02,7.6784958317200003e-02
8,33,1.7000000000000001e-01,6.7000000000000004e-01,0.0000000000000000e+00,8.9939976791499995e-02,8.9939976791499995e-02,8.9939976791499995e-02
9,33,1.9000000000000000e-01,6.7000000000000004e-01,0.0000000000000000e+00,1.0485687412200000e-01,1.0485687412200000e-01,1.0485687412200000e-01
10,33,2.0999999999999999e-01,6.7000000000000004e-01,0.0000000000000000e+00,1.2161420831600001e-01,1.2161420831600001e-01,1.2161420831600001e-01
11,33,2.3000000000000001e-01,6.7000000000000004e-01,0.0000000000000000e+00,1.4019467525400001e-01,1.4019467525400001e-01,1.4019467525400001e-01
12,33,2.5000000000000000e-01,6.7000000000000004e-01,0.0000000000000000e+00,1.6048470892700001e-01,1.6048470892700001e-01,1.6048470892700001e-01
13,33,2.7000000000000002e-01,6.7000000000000004e-01,0.0000000000000000e+00,1.8228042709799999e-01,1.8228042709799999e-01,1.8228042709799999e-01
14,33,2.8999999999999998e-01,6.7000000000000004e-01,0.0000000000000000e+00,2.0529201195999999e-01,2.0529201195999999e-01,2.0529201195999999e-01
15,33,3.1000000000000000e-01,6.7000000000000004e-01,0.0000000000000000e+00,2.2914351103500000e-01,2.2914351103500000e-01,2.2914351103500000e-01
16,33,3.3000000000000002e-01,6.7000000000000004e-01,0.0000000000000000e+00,2.5337033426200001e-01,2.5337033426200001e-01,2.5337033426200001e-01
17,33,3.4999999999999998e-01,6.7000000000000004e-01,0.0000000000000000e+00,2.7741919501899998e-01,2.7741919501899998e-01,2.7741919501899998e-01
18,33,3.7000000000000000e-01,6.7000000000000004e-01,0.0000000000000000e+00,3.0065461268600002e-01,3.0065461268600002e-01,3.0065461268600002e-01
19,33,3.9000000000000001e-01,6.7000000000000004e-01,1.0000000000000000e+00,3.2237413584899999e-01,-6.7762586415100001e-01,6.7762586415100001e-01
20,33,4.0999999999999998e-01,6.7000000000000004e-01,1.0000000000000000e+00,3.4183281229099999e-01,-6.5816718770900007e-01,6.5816718770900007e-01
21,33,4.2999999999999999e-01,6.7000000000000004e-01,1.0000000000000000e+00,3.5827647771700000e-01,-6.4172352228300000e-01,6.4172352228300000e-01
22,33,4.5000000000000001e-01,6.7000000000000004e-01,1.0000000000000000e+00,3.7098263966299999e-01,-6.2901736033699995e-01,6.2901736033699995e-01
23,33,4.6999999999999997e-01,6.7000000000000004e-01,1.0000000000000000e+00,3.7930668606099999e-01,-6.2069331393900007e-01,6.2069331393900007e-01
24,33,4.8999999999999999e-01,6.7000000000000004e-01,0.0000000000000000e+00,3.8273003105900000e-01,3.8273003105900000e-01,3.8273003105900000e-01
25,33,5.1000000000000001e-01,6.7000000000000004e-01,0.0000000000000000e+00,3.8090619598100001e-01,3.8090619598100001e-01,3.8090619598100001e-01
26,33,5.3000000000000003e-01,6.7000000000000004e-01,1.0000000000000000e+00,3.7425483018200001e-01,-6.2574516981799999e-01,6.2574516981799999e-01
27,33,5.5000000000000004e-01,6.7000000000000004e-01,1.0000000000000000e+00,3.6334854524799998e-01,-6.3665145475200002e-01,6.3665145475200002e-01
28,33,5.6999999999999995e-01,6.7000000000000004e-01,1.0000000000000000e+00,3.4827625310100002e-01,-6.5172374689900003e-01,6.5172374689900003e-01
29,33,5.8999999999999997e-01,6.7000000000000004e-01,1.0000000000000000e+00,3.2927647968599999e-01,-6.7072352031400007e-01,6.7072352031400007e-01
30,33,6.0999999999999999e-01,6.7000000000000004e-01,1.0000000000000000e+00,3.0681636504999998e-01,-6.9318363495000002e-01,6.9318363495000002e-01
31,33,6.3000000000000000e-01,6.7000000000000004e-01,0.0000000000000000e+00,2.8160825757100000e-01,2.8160825757100000e-01,2.8160825757100000e-01
32,33,6.5000000000000002e-01,6.7000000000000004e-01,0.0000000000000000e+00,2.5455021681399997e-01,2.5455021681399997e-01,2.5455021681399997e-01
33,33,6.7000000000000004e-01,6.7000000000000004e-01,0.0000000000000000e+00,2.2662255246800000e-01,2.2662255246800000e-01,2.2662255246800000e-01
34,33,6.8999999999999995e-01,6.7000000000000004e-01,0.0000000000000000e+00,1.9878052976200000e-01,1.9878052976200000e-01,1.9878052976200000e-01
35,33,7.0999999999999996e-01,6.7000000000000004e-01,0.0000000000000000e+00,1.7186900594599999e-01,1.7186900594599999e-01,1.7186900594599999e-01
36,33,7.2999999999999998e-01,6.7000000000000004e-01,0.0000000000000000e+00,1.4656853148800000e-01,1.4656853148800000e-01,1.4656853148800000e-01
37,33,7.5000000000000000e-01,6.7000000000000004e-01,0.0000000000000000e+00,1.2337200002600000e-01,1.2337200002600000e-01,1.2337200002600000e-01
38,33,7.7000000000000002e-01,6.7000000000000004e-01,0.0000000000000000e+00,1.0258619720999999e-01,1.0258619720999999e-01,1.0258619720999999e-01
39,33,7.9000000000000004e-01,6.7000000000000004e-01,0.0000000000000000e+00,8.4351617755200003e-02,8.4351617755200003e-02,8.4351617755200003e-02
40,33,8.1000000000000005e-01,6.7000000000000004e-01,0.0000000000000000e+00,6.8675000501400005e-02,6.8675000501400005e-02,6.8675000501400005e-02
41,33,8.2999999999999996e-01,6.7000000000000004e-01,0.0000000000000000e+00,5.5470928471599998e-02,5.5470928471599998e-02,5.5470928471599998e-02
42,33,8.4999999999999998e-01,6.7000000000000004e-01,0.0000000000000000e+00,4.4610162943100003e-02,4.4610162943100003e-02,4.4610162943100003e-02
43,33,8.7000000000000000e-01,6.7000000000000004e-01,0.0000000000000000e+00,3.5970259360599999e-02,3.5970259360599999e-02,3.5970259360599999e-02
44,33,8.9000000000000001e-01,6.7000000000000004e-01,0.0000000000000000e+00,2.9471589064099999e-02,2.9471589064099999e-02,2.9471589064099999e-02
45,33,9.1000000000000003e-01,6.7000000000000004e-01,0.0000000000000000e+00,2.5046355357200002e-02,2.5046355357200002e-02,2.5046355357200002e-02
46,33,9.3000000000000005e-01,6.7000000000000004e-01,0.0000000000000000e+00,2.2423034574800001e-02,2.2423034574800001e-02,2.2423034574800001e-02
47,33,9.4999999999999996e-01,6.7000000000000004e-01,0.0000000000000000e+00,2.0587737503100001e-02,2.0587737503100001e-02,2.0587737503100001e-02
48,33,9.6999999999999997e-01,6.7000000000000004e-01,0.0000000000000000e+00,1.7166118406700001e-02,1.7166118406700001e-02,1.7166118406700001e-02
49,33,9.8999999999999999e-01,6.7000000000000004e-01,0.0000000000000000e+00,9.4417693492100004e-03,9.4417693492100004e-03,9.4417693492100004e-03
0,34,1.0000000000000000e-02,6.8999999999999995e-01,0.0000000000000000e+00,6.6563486802799998e-02,6.6563486802799998e-02,6.6563486802799998e-02
1,34,2.9999999999999999e-02,6.8999999999999995e-01,0.0000000000000000e+00,2.3696230718700001e-02,2.3696230718700001e-02,2.3696230718700001e-02
2,34,5.0000000000000003e-02,6.8999999999999995e-01,0.0000000000000000e+00,2.9956361476999999e-02,2.9956361476999999e-02,2.9956361476999999e-02
3,34,7.0000000000000007e-02,6.8999999999999995e-01,0.0000000000000000e+00,3.7062346651900002e-02,3.7062346651900002e-02,3.7062346651900002e-02
4,34,8.9999999999999997e-02,6.8999999999999995e-01,0.0000000000000000e+00,4.5048386001200001e-02,4.5048386001200001e-02,4.5048386001200001e-02
5,34,1.1000000000000000e-01,6.8999999999999995e-01,0.0000000000000000e+00,5.4009401669300003e-02,5.4009401669300003e-02,5.4009401669300003e-02
6,34,1.3000000000000000e-01,6.8999999999999995e-01,0.0000000000000000e+00,6.4108794963399995e-02,6.4108794963399995e-02,6.4108794963399995e-02
7,34,1.4999999999999999e-01,6.8999999999999995e-01,0.0000000000000000e+00,7.5562161523200000e-02,7.5562161523200000e-02,7.5562161523200000e-02
8,34,1.7000000000000001e-01,6.8999999999999995e-01,0.0000000000000000e+00,8.8599857179900002e-02,8.8599857179900002e-02,8.8599857179900002e-02
9,34,1.9000000000000000e-01,6.8999999999999995e-01,0.0000000000000000e+00,1.0342020463700000e-01,1.0342020463700000e-01,1.0342020463700000e-01
10,34,2.0999999999999999e-01,6.8999999999999995e-01,0.0000000000000000e+00,1.2014844554900000e-01,1.2014844554900000e-01,1.2014844554900000e-01
11,34,2.3000000000000001e-01,6.8999999999999995e-01,0.0000000000000000e+00,1.3881216582399999e-01,1.3881216582399999e-01,1.3881216582399999e-01
12,34,2.5000000000000000e-01,6.8999999999999995e-01,0.0000000000000000e+00,1.5933456431900000e-01,1.5933456431900000e-01,1.5933456431900000e-01
13,34,2.7000000000000002e-01,6.8999999999999995e-01,0.0000000000000000e+00,1.8153850484600001e-01,1.8153850484600001e-01,1.8153850484600001e-01
14,34,2.8999999999999998e-01,6.8999999999999995e-01,0.0000000000000000e+00,2.0515170305200001e-01,2.0515170305200001e-01,2.0515170305200001e-01
15,34,3.1000000000000000e-01,6.8999999999999995e-01,0.0000000000000000e+00,2.2980714366900001e-01,2.2980714366900001e-01,2.2980714366900001e-01
16,34,3.3000000000000002e-01,6.8999999999999995e-01,0.0000000000000000e+00,2.5503917910000001e-01,2.5503917910000001e-01,2.5503917910000001e-01
17,34,3.4999999999999998e-01,6.8999999999999995e-01,0.0000000000000000e+00,2.8028024746800001e-01,2.8028024746800001e-01,2.8028024746800001e-01
18,34,3.7000000000000000e-01,6.8999999999999995e-01,1.0000000000000000e+00,3.0486389544199999e-01,-6.9513610455800001e-01,6.9513610455800001e-01
19,34,3.9000000000000001e-01,6.8999999999999995e-01,1.0000000000000000e+00,3.2803798496499997e-01,-6.7196201503500008e-01,6.7196201503500008e-01
20,34,4.0999999999999998e-01,6.8999999999999995e-01,1.0000000000000000e+00,3.4898975143700001e-01,-6.5101024856300005e-01,6.5101024856300005e-01
21,34,4.2999999999999999e-01,6.8999999999999995e-01,1.0000000000000000e+00,3.6688282999299998e-01,-6.3311717000699996e-01,6.3311717000699996e-01
22,34,4.5000000000000001e-01,6.8999999999999995e-01,1.0000000000000000e+00,3.8090520130400002e-01,-6.1909479869600004e-01,6.1909479869600004e-01
23,34,4.6999999999999997e-01,6.8999999999999995e-01,1.0000000000000000e+00,3.9032560275700001e-01,-6.0967439724299999e-01,6.0967439724299999e-01
24,34,4.8999999999999999e-01,6.8999999999999995e-01,0.0000000000000000e+00,3.9455415549900003e-01,3.9455415549900003e-01,3.9455415549900003e-01
25,34,5.1000000000000001e-01,6.8999999999999995e-01,0.0000000000000000e+00,3.9320117845100000e-01,3.9320117845100000e-01,3.9320117845100000e-01
26,34,5.3000000000000003e-01,6.8999999999999995e-01,1.0000000000000000e+00,3.8658567598100002e-01,-6.1341432401899998e-01,6.1341432401899998e-01
27,34,5.5000000000000004e-01,6.8999999999999995e-01,1.0000000000000000e+00,3.7524688950000001e-01,-6.2475311049999993e-01,6.2475311049999993e-01
28,34,5.6999999999999995e-01,6.8999999999999995e-01,1.0000000000000000e+00,3.5940967844999999e-01,-6.4059032154999995e-01,6.4059032154999995e-01
29,34,5.8999999999999997e-01,6.8999999999999995e-01,1.0000000000000000e+00,3.3947382161099998e-01,-6.6052617838899996e-01,6.6052617838899996e-01
30,34,6.0999999999999999e-01,6.8999999999999995e-01,1.0000000000000000e+00,3.1604119759100002e-01,-6.8395880240899998e-01,6.8395880240899998e-01
31,34,6.3000000000000000e-01,6.8999999999999995e-01,1.0000000000000000e+00,2.8990603759599998e-01,-7.1009396240400002e-01,7.1009396240400002e-01
32,34,6.5000000000000002e-01,6.8999999999999995e-01,0.0000000000000000e+00,2.6199917095199998e-01,2.6199917095199998e-01,2.6199917095199998e-01
33,34,6.7000000000000004e-01,6.8999999999999995e-01,0.0000000000000000e+00,2.3330274253700001e-01,2.3330274253700001e-01,2.3330274253700001e-01
34,34,6.8999999999999995e-01,6.8999999999999995e-01,0.0000000000000000e+00,2.0476096148400000e-01,2.0476096148400000e-01,2.0476096148400000e-01
35,34,7.0999999999999996e-01,6.8999999999999995e-01,0.0000000000000000e+00,1.7720659244199999e-01,1.7720659244199999e-01,1.7720659244199999e-01
36,34,7.2999999999999998e-01,6.8999999999999995e-01,0.0000000000000000e+00,1.5131267059000000e-01,1.5131267059000000e-01,1.5131267059000000e-01
37,34,7.5000000000000000e-01,6.8999999999999995e-01,0.0000000000000000e+00,1.2757075009700000e-01,1.2757075009700000e-01,1.2757075009700000e-01
38,34,7.7000000000000002e-01,6.8999999999999995e-01,0.0000000000000000e+00,1.0629240707400001e-01,1.0629240707400001e-01,1.0629240707400001e-01
39,34,7.9000000000000004e-01,6.8999999999999995e-01,0.0000000000000000e+00,8.7629027965799994e-02,8.7629027965799994e-02,8.7629027965799994e-02
40,34,8.1000000000000005e-01,6.8999999999999995e-01,0.0000000000000000e+00,7.1604884191000001e-02,7.1604884191000001e-02,7.1604884191000001e-02
41,34,8.2999999999999996e-01,6.8999999999999995e-01,0.0000000000000000e+00,5.8158673002399998e-02,5.8158673002399998e-02,5.8158673002399998e-02
42,34,8.4999999999999998e-01,6.8999999999999995e-01,0.0000000000000000e+00,4.7187026419899997e-02,4.7187026419899997e-02,4.7187026419899997e-02
43,34,8.7000000000000000e-01,6.8999999999999995e-01,0.0000000000000000e+00,3.8576551366499998e-02,3.8576551366499998e-02,3.8576551366499998e-02
44,34,8.9000000000000001e-01,6.8999999999999995e-01,0.0000000000000000e+00,3.2194199095999999e-02,3.2194199095999999e-02,3.2194199095999999e-02
45,34,9.1000000000000003e-01,6.8999999999999995e-01,0.0000000000000000e+00,2.7779388154399998e-02,2.7779388154399998e-02,2.7779388154399998e-02
46,34,9.3000000000000005e-01,6.8999999999999995e-01,0.0000000000000000e+00,2.4674934488300000e-02,2.4674934488300000e-02,2.4674934488300000e-02
47,34,9.4999999999999996e-01,6.8999999999999995e-01,0.0000000000000000e+00,2.1463286663999999e-02,2.1463286663999999e-02,2.1463286663999999e-02
48,34,9.6999999999999997e-01,6.8999999999999995e-01,0.0000000000000000e+00,1.6063180740199998e-02,1.6063180740199998e-02,1.6063180740199998e-02
49,34,9.8999999999999999e-01,6.8999999999999995e-01,0.0000000000000000e+00,7.5801910002499997e-03,7.5801910002499997e-03,7.5801910002499997e-03
0,35,1.0000000000000000e-02,7.0999999999999996e-01,0.0000000000000000e+00,6.0492772980500001e-02,6.0492772980500001e-02,6.0492772980500001e-02
1,35,2.9999999999999999e-02,7.0999999999999996e-01,0.0000000000000000e+00,2.2447370308300001e-02,2.2447370308300001e-02,2.2447370308300001e-02
2,35,5.0000000000000003e-02,7.0999999999999996e-01,0.0000000000000000e+00,2.8672500414900000e-02,2.8672500414900000e-02,2.8672500414900000e-02
3,35,7.0000000000000007e-02,7.0999999999999996e-01,0.0000000000000000e+00,3.5776819840099998e-02,3.5776819840099998e-02,3.5776819840099998e-02
4,35,8.9999999999999997e-02,7.0999999999999996e-01,0.0000000000000000e+00,4.3766972426200000e-02,4.3766972426200000e-02,4.3766972426200000e-02
5,35,1.1000000000000000e-01,7.0999999999999996e-01,0.0000000000000000e+00,5.2702972723600000e-02,5.2702972723600000e-02,5.2702972723600000e-02
6,35,1.3000000000000000e-01,7.0999999999999996e-01,0.0000000000000000e+00,6.2717558849500005e-02,6.2717558849500005e-02,6.2717558849500005e-02
7,35,1.4999999999999999e-01,7.0999999999999996e-01,0.0000000000000000e+00,7.4011797427899997e-02,7.4011797427899997e-02,7.4011797427899997e-02
8,35,1.7000000000000001e-01,7.0999999999999996e-01,0.0000000000000000e+00,8.6824613249399996e-02,8.6824613249399996e-02,8.6824613249399996e-02
9,35,1.9000000000000000e-01,7.0999999999999996e-01,0.0000000000000000e+00,1.0138468014700000e-01,1.0138468014700000e-01,1.0138468014700000e-01
10,35,2.0999999999999999e-01,7.0999999999999996e-01,0.0000000000000000e+00,1.1786043521500000e-01,1.1786043521500000e-01,1.1786043521500000e-01
11,35,2.3000000000000001e-01,7.0999999999999996e-01,0.0000000000000000e+00,1.3632342647199999e-01,1.3632342647199999e-01,1.3632342647199999e-01
12,35,2.5000000000000000e-01,7.0999999999999996e-01,0.0000000000000000e+00,1.5673198631200000e-01,1.5673198631200000e-01,1.5673198631200000e-01
13,35,2.7000000000000002e-01,7.0999999999999996e-01,0.0000000000000000e+00,1.7893152311900001e-01,1.7893152311900001e-01,1.7893152311900001e-01
14,35,2.8999999999999998e-01,7.0999999999999996e-01,0.0000000000000000e+00,2.0266120334400001e-01,2.0266120334400001e-01,2.0266120334400001e-01
15,35,3.1000000000000000e-01,7.0999999999999996e-01,0.0000000000000000e+00,2.2755780060700001e-01,2.2755780060700001e-01,2.2755780060700001e-01
16,35,3.3000000000000002e-01,7.0999999999999996e-01,0.0000000000000000e+00,2.5315392688600002e-01,2.5315392688600002e-01,2.5315392688600002e-01
17,35,3.4999999999999998e-01,7.0999999999999996e-01,0.0000000000000000e+00,2.7887451258599999e-01,2.7887451258599999e-01,2.7887451258599999e-01
18,35,3.7000000000000000e-01,7.0999999999999996e-01,1.0000000000000000e+00,3.0403831091299999e-01,-6.9596168908699996e-01,6.9596168908699996e-01
19,35,3.9000000000000001e-01,7.0999999999999996e-01,1.0000000000000000e+00,3.2787010773199998e-01,-6.7212989226800002e-01,6.7212989226800002e-01
20,35,4.0999999999999998e-01,7.0999999999999996e-01,1.0000000000000000e+00,3.4952648267199998e-01,-6.5047351732800007e-01,6.5047351732800007e-01
21,35,4.2999999999999999e-01,7.0999999999999996e-01,1.0000000000000000e+00,3.6813543046000002e-01,-6.3186456954000003e-01,6.3186456954000003e-01
22,35,4.5000000000000001e-01,7.0999999999999996e-01,1.0000000000000000e+00,3.8284833554400000e-01,-6.1715166445600000e-01,6.1715166445600000e-01
23,35,4.6999999999999997e-01,7.0999999999999996e-01,1.0000000000000000e+00,3.9290112204200001e-01,-6.0709887795799999e-01,6.0709887795799999e-01
24,35,4.8999999999999999e-01,7.0999999999999996e-01,0.0000000000000000e+00,3.9767948378000001e-01,3.9767948378000001e-01,3.9767948378000001e-01
25,35,5.1000000000000001e-01,7.0999999999999996e-01,0.0000000000000000e+00,3.9678118719700001e-01,3.9678118719700001e-01,3.9678118719700001e-01
26,35,5.3000000000000003e-01,7.0999999999999996e-01,1.0000000000000000e+00,3.9043422198400002e-01,-6.0956577801599998e-01,6.0956577801599998e-01
27,35,5.5000000000000004e-01,7.0999999999999996e-01,1.0000000000000000e+00,3.7911858625500000e-01,-6.2088141374500005e-01,6.2088141374500005e-01
28,35,5.6999999999999995e-01,7.0999999999999996e-01,1.0000000000000000e+00,3.6313354202100001e-01,-6.3686645797899999e-01,6.3686645797899999e-01
29,35,5.8999999999999997e-01,7.0999999999999996e-01,1.0000000000000000e+00,3.4296834540499999e-01,-6.5703165459500001e-01,6.5703165459500001e-01
30,35,6.0999999999999999e-01,7.0999999999999996e-01,1.0000000000000000e+00,3.1929997670299998e-01,-6.8070002329699997e-01,6.8070002329699997e-01
31,35,6.3000000000000000e-01,7.0999999999999996e-01,1.0000000000000000e+00,2.9296600770999998e-01,-7.0703399228999997e-01,7.0703399228999997e-01
32,35,6.5000000000000002e-01,7.0999999999999996e-01,0.0000000000000000e+00,2.6490886497200000e-01,2.6490886497200000e-01,2.6490886497200000e-01
33,35,6.7000000000000004e-01,7.0999999999999996e-01,0.0000000000000000e+00,2.3610140249299999e-01,2.3610140249299999e-01,2.3610140249299999e-01
34,35,6.8999999999999995e-01,7.0999999999999996e-01,0.0000000000000000e+00,2.0747044268199999e-01,2.0747044268199999e-01,2.0747044268199999e-01
35,35,7.0999999999999996e-01,7.0999999999999996e-01,0.0000000000000000e+00,1.7983287476000001e-01,1.7983287476000001e-01,1.7983287476000001e-01
36,35,7.2999999999999998e-01,7.0999999999999996e-01,0.0000000000000000e+00,1.5385267914000000e-01,1.5385267914000000e-01,1.5385267914000000e-01
37,35,7.5000000000000000e-01,7.0999999999999996e-01,0.0000000000000000e+00,1.3002118420900000e-01,1.3002118420900000e-01,1.3002118420900000e-01
38,35,7.7000000000000002e-01,7.0999999999999996e-01,0.0000000000000000e+00,1.0865871563700000e-01,1.0865871563700000e-01,1.0865871563700000e-01
39,35,7.9000000000000004e-01,7.0999999999999996e-01,0.0000000000000000e+00,8.9933520101900005e-02,8.9933520101900005e-02,8.9933520101900005e-02
40,35,8.1000000000000005e-01,7.0999999999999996e-01,0.0000000000000000e+00,7.3892514056100006e-02,7.3892514056100006e-02,7.3892514056100006e-02
41,35,8.2999999999999996e-01,7.0999999999999996e-01,0.0000000000000000e+00,6.0496594975300001e-02,6.0496594975300001e-02,6.0496594975300001e-02
42,35,8.4999999999999998e-01,7.0999999999999996e-01,0.0000000000000000e+00,4.9649101253800003e-02,4.9649101253800003e-02,4.9649101253800003e-02
43,35,8.7000000000000000e-01,7.0999999999999996e-01,0.0000000000000000e+00,4.1197840934800001e-02,4.1197840934800001e-02,4.1197840934800001e-02
44,35,8.9000000000000001e-01,7.0999999999999996e-01,0.0000000000000000e+00,3.4880468641400000e-02,3.4880468641400000e-02,3.4880468641400000e-02
45,35,9.1000000000000003e-01,7.0999999999999996e-01,0.0000000000000000e+00,3.0183787566600000e-02,3.0183787566600000e-02,3.0183787566600000e-02
46,35,9.3000000000000005e-01,7.0999999999999996e-01,0.0000000000000000e+00,2.6143347736700000e-02,2.6143347736700000e-02,2.6143347736700000e-02
47,35,9.4999999999999996e-01,7.0999999999999996e-01,0.0000000000000000e+00,2.1297929763799999e-02,2.1297929763799999e-02,2.1297929763799999e-02
48,35,9.6999999999999997e-01,7.0999999999999996e-01,0.0000000000000000e+00,1.4333158618200000e-02,1.4333158618200000e-02,1.4333158618200000e-02
49,35,9.8999999999999999e-01,7.0999999999999996e-01,0.0000000000000000e+00,5.8837370122799999e-03,5.8837370122799999e-03,5.8837370122799999e-03
0,36,1.0000000000000000e-02,7.2999999999999998e-01,0.0000000000000000e+00,5.3995920019500002e-02,5.3995920019500002e-02,5.3995920019500002e-02
1,36,2.9999999999999999e-02,7.2999999999999998e-01,0.0000000000000000e+00,2.0996980551000001e-02,2.0996980551000001e-02,2.0996980551000001e-02
2,36,5.0000000000000003e-02,7.2999999999999998e-01,0.0000000000000000e+00,2.7156283455399999e-02,2.7156283455399999e-02,2.7156283455399999e-02
3,36,7.0000000000000007e-02,7.2999999999999998e-01,0.0000000000000000e+00,3.4242830014700000e-02,3.4242830014700000e-02,3.4242830014700000e-02
4,36,8.9999999999999997e-02,7.2999999999999998e-01,0.0000000000000000e+00,4.2235327290100003e-02,4.2235327290100003e-02,4.2235327290100003e-02
5,36,1.1000000000000000e-01,7.2999999999999998e-01,0.0000000000000000e+00,5.1150821318299997e-02,5.1150821318299997e-02,5.1150821318299997e-02
6,36,1.3000000000000000e-01,7.2999999999999998e-01,0.0000000000000000e+00,6.1075798704700000e-02,6.1075798704700000e-02,6.1075798704700000e-02
7,36,1.4999999999999999e-01,7.2999999999999998e-01,0.0000000000000000e+00,7.2176894606999997e-02,7.2176894606999997e-02,7.2176894606999997e-02
8,36,1.7000000000000001e-01,7.2999999999999998e-01,0.0000000000000000e+00,8.4682667335599995e-02,8.4682667335599995e-02,8.4682667335599995e-02
9,36,1.9000000000000000e-01,7.2999999999999998e-01,0.0000000000000000e+00,9.8839136529999996e-02,9.8839136529999996e-02,9.8839136529999996e-02
10,36,2.0999999999999999e-01,7.2999999999999998e-01,0.0000000000000000e+00,1.1485298512900000e-01,1.1485298512900000e-01,1.1485298512900000e-01
11,36,2.3000000000000001e-01,7.2999999999999998e-01,0.0000000000000000e+00,1.3284111135099999e-01,1.3284111135099999e-01,1.3284111135099999e-01
12,36,2.5000000000000000e-01,7.2999999999999998e-01,0.0000000000000000e+00,1.5280047018500001e-01,1.5280047018500001e-01,1.5280047018500001e-01
13,36,2.7000000000000002e-01,7.2999999999999998e-01,0.0000000000000000e+00,1.7460070579299999e-01,1.7460070579299999e-01,1.7460070579299999e-01
14,36,2.8999999999999998e-01,7.2999999999999998e-01,0.0000000000000000e+00,1.9799121433500000e-01,1.9799121433500000e-01,1.9799121433500000e-01
15,36,3.1000000000000000e-01,7.2999999999999998e-01,0.0000000000000000e+00,2.2261055206399999e-01,2.2261055206399999e-01,2.2261055206399999e-01
16,36,3.3000000000000002e-01,7.2999999999999998e-01,0.0000000000000000e+00,2.4799064751800001e-01,2.4799064751800001e-01,2.4799064751800001e-01
17,36,3.4999999999999998e-01,7.2999999999999998e-01,0.0000000000000000e+00,2.7355651763599997e-01,2.7355651763599997e-01,2.7355651763599997e-01
18,36,3.7000000000000000e-01,7.2999999999999998e-01,1.0000000000000000e+00,2.9862810476000001e-01,-7.0137189523999999e-01,7.0137189523999999e-01
19,36,3.9000000000000001e-01,7.2999999999999998e-01,1.0000000000000000e+00,3.2243163965100002e-01,-6.7756836034899992e-01,6.7756836034899992e-01
20,36,4.0999999999999998e-01,7.2999999999999998e-01,1.0000000000000000e+00,3.4412499980799999e-01,-6.5587500019199996e-01,6.5587500019199996e-01
21,36,4.2999999999999999e-01,7.2999999999999998e-01,1.0000000000000000e+00,3.6283784128899998e-01,-6.3716215871100002e-01,6.3716215871100002e-01
22,36,4.5000000000000001e-01,7.2999999999999998e-01,1.0000000000000000e+00,3.7772451248099997e-01,-6.2227548751899997e-01,6.2227548751899997e-01
23,36,4.6999999999999997e-01,7.2999999999999998e-01,1.0000000000000000e+00,3.8802580769599998e-01,-6.1197419230400008e-01,6.1197419230400008e-01
24,36,4.8999999999999999e-01,7.2999999999999998e-01,0.0000000000000000e+00,3.9313388482000000e-01,3.9313388482000000e-01,3.9313388482000000e-01
25,36,5.1000000000000001e-01,7.2999999999999998e-01,0.0000000000000000e+00,3.9265309514300001e-01,3.9265309514300001e-01,3.9265309514300001e-01
26,36,5.3000000000000003e-01,7.2999999999999998e-01,1.0000000000000000e+00,3.8673165085700001e-01,-6.1326834914299999e-01,6.1326834914299999e-01
27,36,5.5000000000000004e-01,7.2999999999999998e-01,1.0000000000000000e+00,3.7577887977300001e-01,-6.2422112022700005e-01,6.2422112022700005e-01
28,36,5.6999999999999995e-01,7.2999999999999998e-01,1.0000000000000000e+00,3.6012744992700002e-01,-6.3987255007300003e-01,6.3987255007300003e-01
29,36,5.8999999999999997e-01,7.2999999999999998e-01,1.0000000000000000e+00,3.4030589456100002e-01,-6.5969410543899998e-01,6.5969410543899998e-01
30,36,6.0999999999999999e-01,7.2999999999999998e-01,1.0000000000000000e+00,3.1702049664199999e-01,-6.8297950335799995e-01,6.8297950335799995e-01
31,36,6.3000000000000000e-01,7.2999999999999998e-01,1.0000000000000000e+00,2.9111839057599997e-01,-7.0888160942400003e-01,7.0888160942400003e-01
32,36,6.5000000000000002e-01,7.2999999999999998e-01,0.0000000000000000e+00,2.6353187361600000e-01,2.6353187361600000e-01,2.6353187361600000e-01
33,36,6.7000000000000004e-01,7.2999999999999998e-01,0.0000000000000000e+00,2.3521122327800001e-01,2.3521122327800001e-01,2.3521122327800001e-01
34,36,6.8999999999999995e-01,7.2999999999999998e-01,0.0000000000000000e+00,2.0705757981000000e-01,2.0705757981000000e-01,2.0705757981000000e-01
35,36,7.0999999999999996e-01,7.2999999999999998e-01,0.0000000000000000e+00,1.7986673066200001e-01,1.7986673066200001e-01,1.7986673066200001e-01
36,36,7.2999999999999998e-01,7.2999999999999998e-01,0.0000000000000000e+00,1.5429074723799999e-01,1.5429074723799999e-01,1.5429074723799999e-01
37,36,7.5000000000000000e-01,7.2999999999999998e-01,0.0000000000000000e+00,1.3081990022699999e-01,1.3081990022699999e-01,1.3081990022699999e-01
38,36,7.7000000000000002e-01,7.2999999999999998e-01,0.0000000000000000e+00,1.0978352526600001e-01,1.0978352526600001e-01,1.0978352526600001e-01
39,36,7.9000000000000004e-01,7.2999999999999998e-01,0.0000000000000000e+00,9.1365706912600000e-02,9.1365706912600000e-02,9.1365706912600000e-02
40,36,8.1000000000000005e-01,7.2999999999999998e-01,0.0000000000000000e+00,7.5629197519599997e-02,7.5629197519599997e-02,7.5629197519599997e-02
41,36,8.2999999999999996e-01,7.2999999999999998e-01,0.0000000000000000e+00,6.2537961212700000e-02,6.2537961212700000e-02,6.2537961212700000e-02
42,36,8.4999999999999998e-01,7.2999999999999998e-01,0.0000000000000000e+00,5.1964545165000001e-02,5.1964545165000001e-02,5.1964545165000001e-02
43,36,8.7000000000000000e-01,7.2999999999999998e-01,0.0000000000000000e+00,4.3664528826300002e-02,4.3664528826300002e-02,4.3664528826300002e-02
44,36,8.9000000000000001e-01,7.2999999999999998e-01,0.0000000000000000e+00,3.7203634769200002e-02,3.7203634769200002e-02,3.7203634769200002e-02
45,36,9.1000000000000003e-01,7.2999999999999998e-01,0.0000000000000000e+00,3.1851849946000002e-02,3.1851849946000002e-02,3.1851849946000002e-02
46,36,9.3000000000000005e-01,7.2999999999999998e-01,0.0000000000000000e+00,2.6541696828500001e-02,2.6541696828500001e-02,2.6541696828500001e-02
47,36,9.4999999999999996e-01,7.2999999999999998e-01,0.0000000000000000e+00,2.0127331398900002e-02,2.0127331398900002e-02,2.0127331398900002e-02
48,36,9.6999999999999997e-01,7.2999999999999998e-01,0.0000000000000000e+00,1.2228320569500000e-02,1.2228320569500000e-02,1.2228320569500000e-02
49,36,9.8999999999999999e-01,7.2999999999999998e-01,0.0000000000000000e+00,4.4196012171999997e-03,4.4196012171999997e-03,4.4196012171999997e-03
0,37,1.0000000000000000e-02,7.5000000000000000e-01,0.0000000000000000e+00,4.7199342798100001e-02,4.7199342798100001e-02,4.7199342798100001e-02
1,37,2.9999999999999999e-02,7.5000000000000000e-01,0.0000000000000000e+00,1.9337774395799999e-02,1.9337774395799999e-02,1.9337774395799999e-02
2,37,5.0000000000000003e-02,7.5000000000000000e-01,0.0000000000000000e+00,2.5386254214500002e-02,2.5386254214500002e-02,2.5386254214500002e-02
3,37,7.0000000000000007e-02,7.5000000000000000e-01,0.0000000000000000e+00,3.2427677895000000e-02,3.2427677895000000e-02,3.2427677895000000e-02
4,37,8.9999999999999997e-02,7.5000000000000000e-01,0.0000000000000000e+00,4.0417799313500001e-02,4.0417799313500001e-02,4.0417799313500001e-02
5,37,1.1000000000000000e-01,7.5000000000000000e-01,0.0000000000000000e+00,4.9327081415499997e-02,4.9327081415499997e-02,4.9327081415499997e-02
6,37,1.3000000000000000e-01,7.5000000000000000e-01,0.0000000000000000e+00,5.9181618814599997e-02,5.9181618814599997e-02,5.9181618814599997e-02
7,37,1.4999999999999999e-01,7.5000000000000000e-01,0.0000000000000000e+00,7.0090974421699995e-02,7.0090974421699995e-02,7.0090974421699995e-02
8,37,1.7000000000000001e-01,7.5000000000000000e-01,0.0000000000000000e+00,8.2248162749699996e-02,8.2248162749699996e-02,8.2248162749699996e-02
9,37,1.9000000000000000e-01,7.5000000000000000e-01,0.0000000000000000e+00,9.5896441499599999e-02,9.5896441499599999e-02,9.5896441499599999e-02
10,37,2.0999999999999999e-01,7.5000000000000000e-01,0.0000000000000000e+00,1.1127128126200000e-01,1.1127128126200000e-01,1.1127128126200000e-01
11,37,2.3000000000000001e-01,7.5000000000000000e-01,0.0000000000000000e+00,1.2853678617600001e-01,1.2853678617600001e-01,1.2853678617600001e-01
12,37,2.5000000000000000e-01,7.5000000000000000e-01,0.0000000000000000e+00,1.4773736532800000e-01,1.4773736532800000e-01,1.4773736532800000e-01
13,37,2.7000000000000002e-01,7.5000000000000000e-01,0.0000000000000000e+00,1.6877633147400001e-01,1.6877633147400001e-01,1.6877633147400001e-01
14,37,2.8999999999999998e-01,7.5000000000000000e-01,0.0000000000000000e+00,1.9141897610000000e-01,1.9141897610000000e-01,1.9141897610000000e-01
15,37,3.1000000000000000e-01,7.5000000000000000e-01,0.0000000000000000e+00,2.1530750747499999e-01,2.1530750747499999e-01,2.1530750747499999e-01
16,37,3.3000000000000002e-01,7.5000000000000000e-01,0.0000000000000000e+00,2.3997481315800001e-01,2.3997481315800001e-01,2.3997481315800001e-01
17,37,3.4999999999999998e-01,7.5000000000000000e-01,1.0000000000000000e+00,2.6485181245000000e-01,-7.3514818755000000e-01,7.3514818755000000e-01
18,37,3.7000000000000000e-01,7.5000000000000000e-01,1.0000000000000000e+00,2.8927235156999997e-01,-7.1072764843000003e-01,7.1072764843000003e-01
19,37,3.9000000000000001e-01,7.5000000000000000e-01,1.0000000000000000e+00,3.1248397571400000e-01,-6.8751602428600000e-01,6.8751602428600000e-01
20,37,4.0999999999999998e-01,7.5000000000000000e-01,1.0000000000000000e+00,3.3367130799599998e-01,-6.6632869200400002e-01,6.6632869200400002e-01
21,37,4.2999999999999999e-01,7.5000000000000000e-01,1.0000000000000000e+00,3.5199421819400001e-01,-6.4800578180599999e-01,6.4800578180599999e-01
22,37,4.5000000000000001e-01,7.5000000000000000e-01,1.0000000000000000e+00,3.6663883799600000e-01,-6.3336116200400006e-01,6.3336116200400006e-01
23,37,4.6999999999999997e-01,7.5000000000000000e-01,1.0000000000000000e+00,3.7687691831400000e-01,-6.2312308168600006e-01,6.2312308168600006e-01
24,37,4.8999999999999999e-01,7.5000000000000000e-01,0.0000000000000000e+00,3.8212748281800002e-01,3.8212748281800002e-01,3.8212748281800002e-01
25,37,5.1000000000000001e-01,7.5000000000000000e-01,0.0000000000000000e+00,3.8201366013400001e-01,3.8201366013400001e-01,3.8201366013400001e-01
26,37,5.3000000000000003e-01,7.5000000000000000e-01,1.0000000000000000e+00,3.7661555700799998e-01,-6.2338444299200002e-01,6.2338444299200002e-01
27,37,5.5000000000000004e-01,7.5000000000000000e-01,1.0000000000000000e+00,3.6626906606499998e-01,-6.3373093393500002e-01,6.3373093393500002e-01
28,37,5.6999999999999995e-01,7.5000000000000000e-01,1.0000000000000000e+00,3.5131341501600000e-01,-6.4868658498400000e-01,6.4868658498400000e-01
29,37,5.8999999999999997e-01,7.5000000000000000e-01,1.0000000000000000e+00,3.3228226341900002e-01,-6.6771773658099998e-01,6.6771773658099998e-01
30,37,6.0999999999999999e-01,7.5000000000000000e-01,1.0000000000000000e+00,3.0987793187399998e-01,-6.9012206812600008e-01,6.9012206812600008e-01
31,37,6.3000000000000000e-01,7.5000000000000000e-01,1.0000000000000000e+00,2.8493026609500000e-01,-7.1506973390500006e-01,7.1506973390500006e-01
32,37,6.5000000000000002e-01,7.5000000000000000e-01,0.0000000000000000e+00,2.5834226462700000e-01,2.5834226462700000e-01,2.5834226462700000e-01
33,37,6.7000000000000004e-01,7.5000000000000000e-01,0.0000000000000000e+00,2.3102863400500001e-01,2.3102863400500001e-01,2.3102863400500001e-01
34,37,6.8999999999999995e-01,7.5000000000000000e-01,0.0000000000000000e+00,2.0385589522799999e-01,2.0385589522799999e-01,2.0385589522799999e-01
35,37,7.0999999999999996e-01,7.5000000000000000e-01,0.0000000000000000e+00,1.7759224443499999e-01,1.7759224443499999e-01,1.7759224443499999e-01
36,37,7.2999999999999998e-01,7.5000000000000000e-01,0.0000000000000000e+00,1.5287269684499999e-01,1.5287269684499999e-01,1.5287269684499999e-01
37,37,7.5000000000000000e-01,7.5000000000000000e-01,0.0000000000000000e+00,1.3018148826400000e-01,1.3018148826400000e-01,1.3018148826400000e-01
38,37,7.7000000000000002e-01,7.5000000000000000e-01,0.0000000000000000e+00,1.0985025265400000e-01,1.0985025265400000e-01,1.0985025265400000e-01
39,37,7.9000000000000004e-01,7.5000000000000000e-01,0.0000000000000000e+00,9.2067431236299999e-02,9.2067431236299999e-02,9.2067431236299999e-02
40,37,8.1000000000000005e-01,7.5000000000000000e-01,0.0000000000000000e+00,7.6891560179700003e-02,7.6891560179700003e-02,7.6891560179700003e-02
41,37,8.2999999999999996e-01,7.5000000000000000e-01,0.0000000000000000e+00,6.4258507691699995e-02,6.4258507691699995e-02,6.4258507691699995e-02
42,37,8.4999999999999998e-01,7.5000000000000000e-01,0.0000000000000000e+00,5.3971430616000002e-02,5.3971430616000002e-02,5.3971430616000002e-02
43,37,8.7000000000000000e-01,7.5000000000000000e-01,0.0000000000000000e+00,4.5665866188800003e-02,4.5665866188800003e-02,4.5665866188800003e-02
44,37,8.9000000000000001e-01,7.5000000000000000e-01,0.0000000000000000e+00,3.8758954132900002e-02,3.8758954132900002e-02,3.8758954132900002e-02
45,37,9.1000000000000003e-01,7.5000000000000000e-01,0.0000000000000000e+00,3.2432193524299997e-02,3.2432193524299997e-02,3.2432193524299997e-02
46,37,9.3000000000000005e-01,7.5000000000000000e-01,0.0000000000000000e+00,2.5761223468199999e-02,2.5761223468199999e-02,2.5761223468199999e-02
47,37,9.4999999999999996e-01,7.5000000000000000e-01,0.0000000000000000e+00,1.8141299937500001e-02,1.8141299937500001e-02,1.8141299937500001e-02
48,37,9.6999999999999997e-01,7.5000000000000000e-01,0.0000000000000000e+00,9.9991546790999999e-03,9.9991546790999999e-03,9.9991546790999999e-03
49,37,9.8999999999999999e-01,7.5000000000000000e-01,0.0000000000000000e+00,3.2157170522699998e-03,3.2157170522699998e-03,3.2157170522699998e-03
0,38,1.0000000000000000e-02,7.7000000000000002e-01,0.0000000000000000e+00,4.0247385770199998e-02,4.0247385770199998e-02,4.0247385770199998e-02
1,38,2.9999999999999999e-02,7.7000000000000002e-01,0.0000000000000000e+00,1.7466998018800001e-02,1.7466998018800001e-02,1.7466998018800001e-02
2,38,5.0000000000000003e-02,7.7000000000000002e-01,0.0000000000000000e+00,2.3339663105100002e-02,2.3339663105100002e-02,2.3339663105100002e-02
3,38,7.0000000000000007e-02,7.7000000000000002e-01,0.0000000000000000e+00,3.0288344204099999e-02,3.0288344204099999e-02,3.0288344204099999e-02
4,38,8.9999999999999997e-02,7.7000000000000002e-01,0.0000000000000000e+00,3.8257999018999997e-02,3.8257999018999997e-02,3.8257999018999997e-02
5,38,1.1000000000000000e-01,7.7000000000000002e-01,0.0000000000000000e+00,4.7176679812000001e-02,4.7176679812000001e-02,4.7176679812000001e-02
6,38,1.3000000000000000e-01,7.7000000000000002e-01,0.0000000000000000e+00,5.7001344392300000e-02,5.7001344392300000e-02,5.7001344392300000e-02
7,38,1.4999999999999999e-01,7.7000000000000002e-01,0.0000000000000000e+00,6.7762015764200004e-02,6.7762015764200004e-02,6.7762015764200004e-02
8,38,1.7000000000000001e-01,7.7000000000000002e-01,0.0000000000000000e+00,7.9584996865800006e-02,7.9584996865800006e-02,7.9584996865800006e-02
9,38,1.9000000000000000e-01,7.7000000000000002e-01,0.0000000000000000e+00,9.2680590586599998e-02,9.2680590586599998e-02,9.2680590586599998e-02
10,38,2.0999999999999999e-01,7.7000000000000002e-01,0.0000000000000000e+00,1.0729398539399999e-01,1.0729398539399999e-01,1.0729398539399999e-01
11,38,2.3000000000000001e-01,7.7000000000000002e-01,0.0000000000000000e+00,1.2363400647700000e-01,1.2363400647700000e-01,1.2363400647700000e-01
12,38,2.5000000000000000e-01,7.7000000000000002e-01,0.0000000000000000e+00,1.4180450418900001e-01,1.4180450418900001e-01,1.4180450418900001e-01
13,38,2.7000000000000002e-01,7.7000000000000002e-01,0.0000000000000000e+00,1.6176080091400000e-01,1.6176080091400000e-01,1.6176080091400000e-01
14,38,2.8999999999999998e-01,7.7000000000000002e-01,0.0000000000000000e+00,1.8329983428400001e-01,1.8329983428400001e-01,1.8329983428400001e-01
15,38,3.1000000000000000e-01,7.7000000000000002e-01,0.0000000000000000e+00,2.0607607246099999e-01,2.0607607246099999e-01,2.0607607246099999e-01
16,38,3.3000000000000002e-01,7.7000000000000002e-01,0.0000000000000000e+00,2.2962637104399999e-01,2.2962637104399999e-01,2.2962637104399999e-01
17,38,3.4999999999999998e-01,7.7000000000000002e-01,0.0000000000000000e+00,2.5339015206999999e-01,2.5339015206999999e-01,2.5339015206999999e-01
18,38,3.7000000000000000e-01,7.7000000000000002e-01,1.0000000000000000e+00,2.7672211932599999e-01,-7.2327788067400001e-01,7.2327788067400001e-01
19,38,3.9000000000000001e-01,7.7000000000000002e-01,1.0000000000000000e+00,2.9890422607700001e-01,-7.0109577392299993e-01,7.0109577392299993e-01
20,38,4.0999999999999998e-01,7.7000000000000002e-01,1.0000000000000000e+00,3.1916595220600003e-01,-6.8083404779400003e-01,6.8083404779400003e-01
21,38,4.2999999999999999e-01,7.7000000000000002e-01,1.0000000000000000e+00,3.3671796299300000e-01,-6.6328203700700006e-01,6.6328203700700006e-01
22,38,4.5000000000000001e-01,7.7000000000000002e-01,1.0000000000000000e+00,3.5079853888599999e-01,-6.4920146111400001e-01,6.4920146111400001e-01
23,38,4.6999999999999997e-01,7.7000000000000002e-01,1.0000000000000000e+00,3.6072823563599998e-01,-6.3927176436400002e-01,6.3927176436400002e-01
24,38,4.8999999999999999e-01,7.7000000000000002e-01,0.0000000000000000e+00,3.6596647051400000e-01,3.6596647051400000e-01,3.6596647051400000e-01
25,38,5.1000000000000001e-01,7.7000000000000002e-01,0.0000000000000000e+00,3.6616312828800002e-01,3.6616312828800002e-01,3.6616312828800002e-01
26,38,5.3000000000000003e-01,7.7000000000000002e-01,1.0000000000000000e+00,3.6134182611400001e-01,-6.3865817388599999e-01,6.3865817388599999e-01
27,38,5.5000000000000004e-01,7.7000000000000002e-01,1.0000000000000000e+00,3.5176755276799998e-01,-6.4823244723200002e-01,6.4823244723200002e-01
28,38,5.6999999999999995e-01,7.7000000000000002e-01,1.0000000000000000e+00,3.3776905460099999e-01,-6.6223094539900007e-01,6.6223094539900007e-01
29,38,5.8999999999999997e-01,7.7000000000000002e-01,1.0000000000000000e+00,3.1986266228900001e-01,-6.8013733771100005e-01,6.8013733771100005e-01
30,38,6.0999999999999999e-01,7.7000000000000002e-01,1.0000000000000000e+00,2.9872372781399997e-01,-7.0127627218599997e-01,7.0127627218599997e-01
31,38,6.3000000000000000e-01,7.7000000000000002e-01,1.0000000000000000e+00,2.7514489978300000e-01,-7.2485510021700006e-01,7.2485510021700006e-01
32,38,6.5000000000000002e-01,7.7000000000000002e-01,0.0000000000000000e+00,2.4998436855100001e-01,2.4998436855100001e-01,2.4998436855100001e-01
33,38,6.7000000000000004e-01,7.7000000000000002e-01,0.0000000000000000e+00,2.2410955695400001e-01,2.2410955695400001e-01,2.2410955695400001e-01
34,38,6.8999999999999995e-01,7.7000000000000002e-01,0.0000000000000000e+00,1.9834304605600001e-01,1.9834304605600001e-01,1.9834304605600001e-01
35,38,7.0999999999999996e-01,7.7000000000000002e-01,0.0000000000000000e+00,1.7341704451900000e-01,1.7341704451900000e-01,1.7341704451900000e-01
36,38,7.2999999999999998e-01,7.7000000000000002e-01,0.0000000000000000e+00,1.4994063174100000e-01,1.4994063174100000e-01,1.4994063174100000e-01
37,38,7.5000000000000000e-01,7.7000000000000002e-01,0.0000000000000000e+00,1.2838107480399999e-01,1.2838107480399999e-01,1.2838107480399999e-01
38,38,7.7000000000000002e-01,7.7000000000000002e-01,0.0000000000000000e+00,1.0905744010500000e-01,1.0905744010500000e-01,1.0905744010500000e-01
39,38,7.9000000000000004e-01,7.7000000000000002e-01,0.0000000000000000e+00,9.2141939354900004e-02,9.2141939354900004e-02,9.2141939354900004e-02
40,38,8.1000000000000005e-01,7.7000000000000002e-01,0.0000000000000000e+00,7.7662358315500002e-02,7.7662358315500002e-02,7.7662358315500002e-02
41,38,8.2999999999999996e-01,7.7000000000000002e-01,0.0000000000000000e+00,6.5498351507099997e-02,6.5498351507099997e-02,6.5498351507099997e-02
42,38,8.4999999999999998e-01,7.7000000000000002e-01,0.0000000000000000e+00,5.5367317705499998e-02,5.5367317705499998e-02,5.5367317705499998e-02
43,38,8.7000000000000000e-01,7.7000000000000002e-01,0.0000000000000000e+00,4.6805582766300001e-02,4.6805582766300001e-02,4.6805582766300001e-02
44,38,8.9000000000000001e-01,7.7000000000000002e-01,0.0000000000000000e+00,3.9171775317000002e-02,3.9171775317000002e-02,3.9171775317000002e-02
45,38,9.1000000000000003e-01,7.7000000000000002e-01,0.0000000000000000e+00,3.1730157908400003e-02,3.1730157908400003e-02,3.1730157908400003e-02
46,38,9.3000000000000005e-01,7.7000000000000002e-01,0.0000000000000000e+00,2.3890331963599999e-02,2.3890331963599999e-02,2.3890331963599999e-02
47,38,9.4999999999999996e-01,7.7000000000000002e-01,0.0000000000000000e+00,1.5623489622300001e-02,1.5623489622300001e-02,1.5623489622300001e-02
48,38,9.6999999999999997e-01,7.7000000000000002e-01,0.0000000000000000e+00,7.8538705073100002e-03,7.8538705073100002e-03,7.8538705073100002e-03
49,38,9.8999999999999999e-01,7.7000000000000002e-01,0.0000000000000000e+00,2.2684896183600002e-03,2.2684896183600002e-03,2.2684896183600002e-03
0,39,1.0000000000000000e-02,7.9000000000000004e-01,0.0000000000000000e+00,3.3308603959300000e-02,3.3308603959300000e-02,3.3308603959300000e-02
1,39,2.9999999999999999e-02,7.9000000000000004e-01,0.0000000000000000e+00,1.5393687331700000e-02,1.5393687331700000e-02,1.5393687331700000e-02
2,39,5.0000000000000003e-02,7.9000000000000004e-01,0.0000000000000000e+00,2.1000900878400001e-02,2.1000900878400001e-02,2.1000900878400001e-02
3,39,7.0000000000000007e-02,7.9000000000000004e-01,0.0000000000000000e+00,2.7778756376599999e-02,2.7778756376599999e-02,2.7778756376599999e-02
4,39,8.9999999999999997e-02,7.9000000000000004e-01,0.0000000000000000e+00,3.5681612892400003e-02,3.5681612892400003e-02,3.5681612892400003e-02
5,39,1.1000000000000000e-01,7.9000000000000004e-01,0.0000000000000000e+00,4.4610506598399997e-02,4.4610506598399997e-02,4.4610506598399997e-02
6,39,1.3000000000000000e-01,7.9000000000000004e-01,0.0000000000000000e+00,5.4455471333600000e-02,5.4455471333600000e-02,5.4455471333600000e-02
7,39,1.4999999999999999e-01,7.9000000000000004e-01,0.0000000000000000e+00,6.5150512676699995e-02,6.5150512676699995e-02,6.5150512676699995e-02
8,39,1.7000000000000001e-01,7.9000000000000004e-01,0.0000000000000000e+00,7.6721354679400000e-02,7.6721354679400000e-02,7.6721354679400000e-02
9,39,1.9000000000000000e-01,7.9000000000000004e-01,0.0000000000000000e+00,8.9303560424800005e-02,8.9303560424800005e-02,8.9303560424800005e-02
10,39,2.0999999999999999e-01,7.9000000000000004e-01,0.0000000000000000e+00,1.0311691107400001e-01,1.0311691107400001e-01,1.0311691107400001e-01
11,39,2.3000000000000001e-01,7.9000000000000004e-01,0.0000000000000000e+00,1.1839936946100001e-01,1.1839936946100001e-01,1.1839936946100001e-01
12,39,2.5000000000000000e-01,7.9000000000000004e-01,0.0000000000000000e+00,1.3532249137200000e-01,1.3532249137200000e-01,1.3532249137200000e-01
13,39,2.7000000000000002e-01,7.9000000000000004e-01,0.0000000000000000e+00,1.5391908961199999e-01,1.5391908961199999e-01,1.5391908961199999e-01
14,39,2.8999999999999998e-01,7.9000000000000004e-01,0.0000000000000000e+00,1.7404708312400000e-01,1.7404708312400000e-01,1.7404708312400000e-01
15,39,3.1000000000000000e-01,7.9000000000000004e-01,0.0000000000000000e+00,1.9539442709800001e-01,1.9539442709800001e-01,1.9539442709800001e-01
16,39,3.3000000000000002e-01,7.9000000000000004e-01,0.0000000000000000e+00,2.1751086977100001e-01,2.1751086977100001e-01,2.1751086977100001e-01
17,39,3.4999999999999998e-01,7.9000000000000004e-01,0.0000000000000000e+00,2.3984495080200000e-01,2.3984495080200000e-01,2.3984495080200000e-01
18,39,3.7000000000000000e-01,7.9000000000000004e-01,1.0000000000000000e+00,2.6177191824700002e-01,-7.3822808175300003e-01,7.3822808175300003e-01
19,39,3.9000000000000001e-01,7.9000000000000004e-01,1.0000000000000000e+00,2.8261219027599999e-01,-7.1738780972400007e-01,7.1738780972400007e-01
20,39,4.0999999999999998e-01,7.9000000000000004e-01,1.0000000000000000e+00,3.0164952919299998e-01,-6.9835047080700008e-01,6.9835047080700008e-01
21,39,4.2999999999999999e-01,7.9000000000000004e-01,1.0000000000000000e+00,3.1815815262699998e-01,-6.8184184737300002e-01,6.8184184737300002e-01
22,39,4.5000000000000001e-01,7.9000000000000004e-01,1.0000000000000000e+00,3.3144181111299997e-01,-6.6855818888700003e-01,6.6855818888700003e-01
23,39,4.6999999999999997e-01,7.9000000000000004e-01,1.0000000000000000e+00,3.4088160175499999e-01,-6.5911839824499996e-01,6.5911839824499996e-01
24,39,4.8999999999999999e-01,7.9000000000000004e-01,0.0000000000000000e+00,3.4598617633700002e-01,3.4598617633700002e-01,3.4598617633700002e-01
25,39,5.1000000000000001e-01,7.9000000000000004e-01,0.0000000000000000e+00,3.4643746888799998e-01,3.4643746888799998e-01,3.4643746888799998e-01
26,39,5.3000000000000003e-01,7.9000000000000004e-01,1.0000000000000000e+00,3.4221428898799999e-01,-6.5778571101200001e-01,6.5778571101200001e-01
27,39,5.5000000000000004e-01,7.9000000000000004e-01,1.0000000000000000e+00,3.3351684202100002e-01,-6.6648315797900004e-01,6.6648315797900004e-01
28,39,5.6999999999999995e-01,7.9000000000000004e-01,1.0000000000000000e+00,3.2065304699500002e-01,-6.7934695300500003e-01,6.7934695300500003e-01
29,39,5.8999999999999997e-01,7.9000000000000004e-01,1.0000000000000000e+00,3.0410769944200000e-01,-6.9589230055800000e-01,6.9589230055800000e-01
30,39,6.0999999999999999e-01,7.9000000000000004e-01,1.0000000000000000e+00,2.8451389953799999e-01,-7.1548610046200001e-01,7.1548610046200001e-01
31,39,6.3000000000000000e-01,7.9000000000000004e-01,1.0000000000000000e+00,2.6261291886600002e-01,-7.3738708113399998e-01,7.3738708113399998e-01
32,39,6.5000000000000002e-01,7.9000000000000004e-01,0.0000000000000000e+00,2.3920592615899999e-01,2.3920592615899999e-01,2.3920592615899999e-01
33,39,6.7000000000000004e-01,7.9000000000000004e-01,0.0000000000000000e+00,2.1510243215800001e-01,2.1510243215800001e-01,2.1510243215800001e-01
34,39,6.8999999999999995e-01,7.9000000000000004e-01,0.0000000000000000e+00,1.9107094683799999e-01,1.9107094683799999e-01,1.9107094683799999e-01
35,39,7.0999999999999996e-01,7.9000000000000004e-01,0.0000000000000000e+00,1.6779675480799999e-01,1.6779675480799999e-01,1.6779675480799999e-01
36,39,7.2999999999999998e-01,7.9000000000000004e-01,0.0000000000000000e+00,1.4584999195500001e-01,1.4584999195500001e-01,1.4584999195500001e-01
37,39,7.5000000000000000e-01,7.9000000000000004e-01,0.0000000000000000e+00,1.2566481946300001e-01,1.2566481946300001e-01,1.2566481946300001e-01
38,39,7.7000000000000002e-01,7.9000000000000004e-01,0.0000000000000000e+00,1.0752803352100000e-01,1.0752803352100000e-01,1.0752803352100000e-01
39,39,7.9000000000000004e-01,7.9000000000000004e-01,0.0000000000000000e+00,9.1573532176199998e-02,9.1573532176199998e-02,9.1573532176199998e-02
40,39,8.1000000000000005e-01,7.9000000000000004e-01,0.0000000000000000e+00,7.7778445178300001e-02,7.7778445178300001e-02,7.7778445178300001e-02
41,39,8.2999999999999996e-01,7.9000000000000004e-01,0.0000000000000000e+00,6.5958576569599997e-02,6.5958576569599997e-02,6.5958576569599997e-02
42,39,8.4999999999999998e-01,7.9000000000000004e-01,0.0000000000000000e+00,5.5766747922899998e-02,5.5766747922899998e-02,5.5766747922899998e-02
43,39,8.7000000000000000e-01,7.9000000000000004e-01,0.0000000000000000e+00,4.6709039295700000e-02,4.6709039295700000e-02,4.6709039295700000e-02
44,39,8.9000000000000001e-01,7.9000000000000004e-01,0.0000000000000000e+00,3.8209210222899997e-02,3.8209210222899997e-02,3.8209210222899997e-02
45,39,9.1000000000000003e-01,7.9000000000000004e-01,0.0000000000000000e+00,2.9760354599800001e-02,2.9760354599800001e-02,2.9760354599800001e-02
46,39,9.3000000000000005e-01,7.9000000000000004e-01,0.0000000000000000e+00,2.1178885494600001e-02,2.1178885494600001e-02,2.1178885494600001e-02
47,39,9.4999999999999996e-01,7.9000000000000004e-01,0.0000000000000000e+00,1.2881449139100000e-02,1.2881449139100000e-02,1.2881449139100000e-02
48,39,9.6999999999999997e-01,7.9000000000000004e-01,0.0000000000000000e+00,5.9372440145600003e-03,5.9372440145600003e-03,5.9372440145600003e-03
49,39,9.8999999999999999e-01,7.9000000000000004e-01,0.0000000000000000e+00,1.5529108712599999e-03,1.5529108712599999e-03,1.5529108712599999e-03
0,40,1.0000000000000000e-02,8.1000000000000005e-01,0.0000000000000000e+00,2.6578644439200001e-02,2.6578644439200001e-02,2.6578644439200001e-02
1,40,2.9999999999999999e-02,8.1000000000000005e-01,0.0000000000000000e+00,1.3147549374900000e-02,1.3147549374900000e-02,1.3147549374900000e-02
2,40,5.0000000000000003e-02,8.1000000000000005e-01,0.0000000000000000e+00,1.8373994904000001e-02,1.8373994904000001e-02,1.8373994904000001e-02
3,40,7.0000000000000007e-02,8.1000000000000005e-01,0.0000000000000000e+00,2.4863705059299999e-02,2.4863705059299999e-02,2.4863705059299999e-02
4,40,8.9999999999999997e-02,8.1000000000000005e-01,0.0000000000000000e+00,3.2607416478800000e-02,3.2607416478800000e-02,3.2607416478800000e-02
5,40,1.1000000000000000e-01,8.1000000000000005e-01,0.0000000000000000e+00,4.1507877966700003e-02,4.1507877966700003e-02,4.1507877966700003e-02
6,40,1.3000000000000000e-01,8.1000000000000005e-01,0.0000000000000000e+00,5.1407642877500000e-02,5.1407642877500000e-02,5.1407642877500000e-02
7,40,1.4999999999999999e-01,8.1000000000000005e-01,0.0000000000000000e+00,6.2143419851399997e-02,6.2143419851399997e-02,6.2143419851399997e-02
8,40,1.7000000000000001e-01,8.1000000000000005e-01,0.0000000000000000e+00,7.3612401185499998e-02,7.3612401185499998e-02,7.3612401185499998e-02
9,40,1.9000000000000000e-01,8.1000000000000005e-01,0.0000000000000000e+00,8.5825451384899998e-02,8.5825451384899998e-02,8.5825451384899998e-02
10,40,2.0999999999999999e-01,8.1000000000000005e-01,0.0000000000000000e+00,9.8920896779100001e-02,9.8920896779100001e-02,9.8920896779100001e-02
11,40,2.3000000000000001e-01,8.1000000000000005e-01,0.0000000000000000e+00,1.1312493116800000e-01,1.1312493116800000e-01,1.1312493116800000e-01
12,40,2.5000000000000000e-01,8.1000000000000005e-01,0.0000000000000000e+00,1.2866710441500001e-01,1.2866710441500001e-01,1.2866710441500001e-01
13,40,2.7000000000000002e-01,8.1000000000000005e-01,0.0000000000000000e+00,1.4568107053300000e-01,1.4568107053300000e-01,1.4568107053300000e-01
14,40,2.8999999999999998e-01,8.1000000000000005e-01,0.0000000000000000e+00,1.6412864907899999e-01,1.6412864907899999e-01,1.6412864907899999e-01
15,40,3.1000000000000000e-01,8.1000000000000005e-01,0.0000000000000000e+00,1.8377313438800000e-01,1.8377313438800000e-01,1.8377313438800000e-01
16,40,3.3000000000000002e-01,8.1000000000000005e-01,0.0000000000000000e+00,2.0420237815400000e-01,2.0420237815400000e-01,2.0420237815400000e-01
17,40,3.4999999999999998e-01,8.1000000000000005e-01,0.0000000000000000e+00,2.2487966782700000e-01,2.2487966782700000e-01,2.2487966782700000e-01
18,40,3.7000000000000000e-01,8.1000000000000005e-01,1.0000000000000000e+00,2.4519475679000000e-01,-7.5480524320999998e-01,7.5480524320999998e-01
19,40,3.9000000000000001e-01,8.1000000000000005e-01,1.0000000000000000e+00,2.6449944990099999e-01,-7.3550055009899995e-01,7.3550055009899995e-01
20,40,4.0999999999999998e-01,8.1000000000000005e-01,1.0000000000000000e+00,2.8212989230500002e-01,-7.1787010769500004e-01,7.1787010769500004e-01
21,40,4.2999999999999999e-01,8.1000000000000005e-01,1.0000000000000000e+00,2.9742745363200002e-01,-7.0257254636799993e-01,7.0257254636799993e-01
22,40,4.5000000000000001e-01,8.1000000000000005e-01,1.0000000000000000e+00,3.0976773052800000e-01,-6.9023226947200000e-01,6.9023226947200000e-01
23,40,4.6999999999999997e-01,8.1000000000000005e-01,1.0000000000000000e+00,3.1859884637699998e-01,-6.8140115362300002e-01,6.8140115362300002e-01
24,40,4.8999999999999999e-01,8.1000000000000005e-01,0.0000000000000000e+00,3.2348380117199999e-01,3.2348380117199999e-01,3.2348380117199999e-01
25,40,5.1000000000000001e-01,8.1000000000000005e-01,0.0000000000000000e+00,3.2413976601299999e-01,3.2413976601299999e-01,3.2413976601299999e-01
26,40,5.3000000000000003e-01,8.1000000000000005e-01,1.0000000000000000e+00,3.2051285708200000e-01,-6.7948714291800005e-01,6.7948714291800005e-01
27,40,5.5000000000000004e-01,8.1000000000000005e-01,1.0000000000000000e+00,3.1274747289999999e-01,-6.8725252710000007e-01,6.8725252710000007e-01
28,40,5.6999999999999995e-01,8.1000000000000005e-01,1.0000000000000000e+00,3.0112473491000002e-01,-6.9887526508999998e-01,6.9887526508999998e-01
29,40,5.8999999999999997e-01,8.1000000000000005e-01,1.0000000000000000e+00,2.8608920097599999e-01,-7.1391079902400001e-01,7.1391079902400001e-01
30,40,6.0999999999999999e-01,8.1000000000000005e-01,1.0000000000000000e+00,2.6822175450600000e-01,-7.3177824549400006e-01,7.3177824549400006e-01
31,40,6.3000000000000000e-01,8.1000000000000005e-01,1.0000000000000000e+00,2.4820218839700001e-01,-7.5179781160299997e-01,7.5179781160299997e-01
32,40,6.5000000000000002e-01,8.1000000000000005e-01,0.0000000000000000e+00,2.2676478729600000e-01,2.2676478729600000e-01,2.2676478729600000e-01
33,40,6.7000000000000004e-01,8.1000000000000005e-01,0.0000000000000000e+00,2.0465115178700000e-01,2.0465115178700000e-01,2.0465115178700000e-01
34,40,6.8999999999999995e-01,8.1000000000000005e-01,0.0000000000000000e+00,1.8256477689500000e-01,1.8256477689500000e-01,1.8256477689500000e-01
35,40,7.0999999999999996e-01,8.1000000000000005e-01,0.0000000000000000e+00,1.6113129430100001e-01,1.6113129430100001e-01,1.6113129430100001e-01
36,40,7.2999999999999998e-01,8.1000000000000005e-01,0.0000000000000000e+00,1.4086690832900001e-01,1.4086690832900001e-01,1.4086690832900001e-01
37,40,7.5000000000000000e-01,8.1000000000000005e-01,0.0000000000000000e+00,1.2215577925300000e-01,1.2215577925300000e-01,1.2215577925300000e-01
38,40,7.7000000000000002e-01,8.1000000000000005e-01,0.0000000000000000e+00,1.0523548998700000e-01,1.0523548998700000e-01,1.0523548998700000e-01
39,40,7.9000000000000004e-01,8.1000000000000005e-01,0.0000000000000000e+00,9.0188941290199998e-02,9.0188941290199998e-02,9.0188941290199998e-02
40,40,8.1000000000000005e-01,8.1000000000000005e-01,0.0000000000000000e+00,7.6941831745099998e-02,7.6941831745099998e-02,7.6941831745099998e-02
41,40,8.2999999999999996e-01,8.1000000000000005e-01,0.0000000000000000e+00,6.5268095766500001e-02,6.5268095766500001e-02,6.5268095766500001e-02
42,40,8.4999999999999998e-01,8.1000000000000005e-01,0.0000000000000000e+00,5.4811671836300001e-02,5.4811671836300001e-02,5.4811671836300001e-02
43,40,8.7000000000000000e-01,8.1000000000000005e-01,0.0000000000000000e+00,4.5140436791400000e-02,4.5140436791400000e-02,4.5140436791400000e-02
44,40,8.9000000000000001e-01,8.1000000000000005e-01,0.0000000000000000e+00,3.5851723423900000e-02,3.5851723423900000e-02,3.5851723423900000e-02
45,40,9.1000000000000003e-01,8.1000000000000005e-01,0.0000000000000000e+00,2.6736743878299999e-02,2.6736743878299999e-02,2.6736743878299999e-02
46,40,9.3000000000000005e-01,8.1000000000000005e-01,0.0000000000000000e+00,1.7967247047399999e-02,1.7967247047399999e-02,1.7967247047399999e-02
47,40,9.4999999999999996e-01,8.1000000000000005e-01,0.0000000000000000e+00,1.0187645284900000e-02,1.0187645284900000e-02,1.0187645284900000e-02
48,40,9.6999999999999997e-01,8.1000000000000005e-01,0.0000000000000000e+00,4.3275154641799997e-03,4.3275154641799997e-03,4.3275154641799997e-03
49,40,9.8999999999999999e-01,8.1000000000000005e-01,0.0000000000000000e+00,1.0324730083600001e-03,1.0324730083600001e-03,1.0324730083600001e-03
0,41,1.0000000000000000e-02,8.2999999999999996e-01,0.0000000000000000e+00,2.0275790253100001e-02,2.0275790253100001e-02,2.0275790253100001e-02
1,41,2.9999999999999999e-02,8.2999999999999996e-01,0.0000000000000000e+00,1.0787643179699999e-02,1.0787643179699999e-02,1.0787643179699999e-02
2,41,5.0000000000000003e-02,8.2999999999999996e-01,0.0000000000000000e+00,1.5498068380100000e-02,1.5498068380100000e-02,1.5498068380100000e-02
3,41,7.0000000000000007e-02,8.2999999999999996e-01,0.0000000000000000e+00,2.1540237663399998e-02,2.1540237663399998e-02,2.1540237663399998e-02
4,41,8.9999999999999997e-02,8.2999999999999996e-01,0.0000000000000000e+00,2.8970342549300001e-02,2.8970342549300001e-02,2.8970342549300001e-02
5,41,1.1000000000000000e-01,8.2999999999999996e-01,0.0000000000000000e+00,3.7733390222000000e-02,3.7733390222000000e-02,3.7733390222000000e-02
6,41,1.3000000000000000e-01,8.2999999999999996e-01,0.0000000000000000e+00,4.7665538543900002e-02,4.7665538543900002e-02,4.7665538543900002e-02
7,41,1.4999999999999999e-01,8.2999999999999996e-01,0.0000000000000000e+00,5.8531371556699997e-02,5.8531371556699997e-02,5.8531371556699997e-02
8,41,1.7000000000000001e-01,8.2999999999999996e-01,0.0000000000000000e+00,7.0092924362900003e-02,7.0092924362900003e-02,7.0092924362900003e-02
9,41,1.9000000000000000e-01,8.2999999999999996e-01,0.0000000000000000e+00,8.2191367111000002e-02,8.2191367111000002e-02,8.2191367111000002e-02
10,41,2.0999999999999999e-01,8.2999999999999996e-01,0.0000000000000000e+00,9.4809813896699999e-02,9.4809813896699999e-02,9.4809813896699999e-02
11,41,2.3000000000000001e-01,8.2999999999999996e-01,0.0000000000000000e+00,1.0808550616300000e-01,1.0808550616300000e-01,1.0808550616300000e-01
12,41,2.5000000000000000e-01,8.2999999999999996e-01,0.0000000000000000e+00,1.2225625904100000e-01,1.2225625904100000e-01,1.2225625904100000e-01
13,41,2.7000000000000002e-01,8.2999999999999996e-01,0.0000000000000000e+00,1.3755479166900000e-01,1.3755479166900000e-01,1.3755479166900000e-01
14,41,2.8999999999999998e-01,8.2999999999999996e-01,0.0000000000000000e+00,1.5409101420200000e-01,1.5409101420200000e-01,1.5409101420200000e-01
15,41,3.1000000000000000e-01,8.2999999999999996e-01,0.0000000000000000e+00,1.7176997133700000e-01,1.7176997133700000e-01,1.7176997133700000e-01
16,41,3.3000000000000002e-01,8.2999999999999996e-01,0.0000000000000000e+00,1.9027506481299999e-01,1.9027506481299999e-01,1.9027506481299999e-01
17,41,3.4999999999999998e-01,8.2999999999999996e-01,0.0000000000000000e+00,2.0911244112100000e-01,2.0911244112100000e-01,2.0911244112100000e-01
18,41,3.7000000000000000e-01,8.2999999999999996e-01,0.0000000000000000e+00,2.2768472649700000e-01,2.2768472649700000e-01,2.2768472649700000e-01
19,41,3.9000000000000001e-01,8.2999999999999996e-01,1.0000000000000000e+00,2.4535792718800001e-01,-7.5464207281200002e-01,7.5464207281200002e-01
20,41,4.0999999999999998e-01,8.2999999999999996e-01,1.0000000000000000e+00,2.6150342039199997e-01,-7.3849657960800008e-01,7.3849657960800008e-01
21,41,4.2999999999999999e-01,8.2999999999999996e-01,1.0000000000000000e+00,2.7552017882300001e-01,-7.2447982117700005e-01,7.2447982117700005e-01
22,41,4.5000000000000001e-01,8.2999999999999996e-01,1.0000000000000000e+00,2.8685306773699998e-01,-7.1314693226299997e-01,7.1314693226299997e-01
23,41,4.6999999999999997e-01,8.2999999999999996e-01,1.0000000000000000e+00,2.9501797035700000e-01,-7.0498202964300005e-01,7.0498202964300005e-01
24,41,4.8999999999999999e-01,8.2999999999999996e-01,0.0000000000000000e+00,2.9963360003500000e-01,2.9963360003500000e-01,2.9963360003500000e-01
25,41,5.1000000000000001e-01,8.2999999999999996e-01,0.0000000000000000e+00,3.0045334408000002e-01,3.0045334408000002e-01,3.0045334408000002e-01
26,41,5.3000000000000003e-01,8.2999999999999996e-01,1.0000000000000000e+00,2.9740317603600003e-01,-7.0259682396399992e-01,7.0259682396399992e-01
27,41,5.5000000000000004e-01,8.2999999999999996e-01,1.0000000000000000e+00,2.9058295493600000e-01,-7.0941704506400005e-01,7.0941704506400005e-01
28,41,5.6999999999999995e-01,8.2999999999999996e-01,1.0000000000000000e+00,2.8024372304000000e-01,-7.1975627696000000e-01,7.1975627696000000e-01
29,41,5.8999999999999997e-01,8.2999999999999996e-01,1.0000000000000000e+00,2.6678457047199999e-01,-7.3321542952800001e-01,7.3321542952800001e-01
30,41,6.0999999999999999e-01,8.2999999999999996e-01,1.0000000000000000e+00,2.5072766141600000e-01,-7.4927233858400000e-01,7.4927233858400000e-01
31,41,6.3000000000000000e-01,8.2999999999999996e-01,0.0000000000000000e+00,2.3268400695499999e-01,2.3268400695499999e-01,2.3268400695499999e-01
32,41,6.5000000000000002e-01,8.2999999999999996e-01,0.0000000000000000e+00,2.1331298635599999e-01,2.1331298635599999e-01,2.1331298635599999e-01
33,41,6.7000000000000004e-01,8.2999999999999996e-01,0.0000000000000000e+00,1.9327928966499999e-01,1.9327928966499999e-01,1.9327928966499999e-01
34,41,6.8999999999999995e-01,8.2999999999999996e-01,0.0000000000000000e+00,1.7321107878700001e-01,1.7321107878700001e-01,1.7321107878700001e-01
35,41,7.0999999999999996e-01,8.2999999999999996e-01,0.0000000000000000e+00,1.5366267087100000e-01,1.5366267087100000e-01,1.5366267087100000e-01
36,41,7.2999999999999998e-01,8.2999999999999996e-01,0.0000000000000000e+00,1.3508406756399999e-01,1.3508406756399999e-01,1.3508406756399999e-01
37,41,7.5000000000000000e-01,8.2999999999999996e-01,0.0000000000000000e+00,1.1779852515600001e-01,1.1779852515600001e-01,1.1779852515600001e-01
38,41,7.7000000000000002e-01,8.2999999999999996e-01,0.0000000000000000e+00,1.0198856967599999e-01,1.0198856967599999e-01,1.0198856967599999e-01
39,41,7.9000000000000004e-01,8.2999999999999996e-01,0.0000000000000000e+00,8.7690948566100005e-02,8.7690948566100005e-02,8.7690948566100005e-02
40,41,8.1000000000000005e-01,8.2999999999999996e-01,0.0000000000000000e+00,7.4802432570099997e-02,7.4802432570099997e-02,7.4802432570099997e-02
41,41,8.2999999999999996e-01,8.2999999999999996e-01,0.0000000000000000e+00,6.3101208560499999e-02,6.3101208560499999e-02,6.3101208560499999e-02
42,41,8.4999999999999998e-01,8.2999999999999996e-01,0.0000000000000000e+00,5.2291912731199999e-02,5.2291912731199999e-02,5.2291912731199999e-02
43,41,8.7000000000000000e-01,8.2999999999999996e-01,0.0000000000000000e+00,4.2083279056199997e-02,4.2083279056199997e-02,4.2083279056199997e-02
44,41,8.9000000000000001e-01,8.2999999999999996e-01,0.0000000000000000e+00,3.2300340102400002e-02,3.2300340102400002e-02,3.2300340102400002e-02
45,41,9.1000000000000003e-01,8.2999999999999996e-01,0.0000000000000000e+00,2.3010980741700000e-02,2.3010980741700000e-02,2.3010980741700000e-02
46,41,9.3000000000000005e-01,8.2999999999999996e-01,0.0000000000000000e+00,1.4607265879999999e-02,1.4607265879999999e-02,1.4607265879999999e-02
47,41,9.4999999999999996e-01,8.2999999999999996e-01,0.0000000000000000e+00,7.7431289430199999e-03,7.7431289430199999e-03,7.7431289430199999e-03
48,41,9.6999999999999997e-01,8.2999999999999996e-01,0.0000000000000000e+00,3.0460883938399999e-03,3.0460883938399999e-03,3.0460883938399999e-03
49,41,9.8999999999999999e-01,8.2999999999999996e-01,0.0000000000000000e+00,6.6725092249400001e-04,6.6725092249400001e-04,6.6725092249400001e-04
0,42,1.0000000000000000e-02,8.4999999999999998e-01,0.0000000000000000e+00,1.4625498863900001e-02,1.4625498863900001e-02,1.4625498863900001e-02
1,42,2.9999999999999999e-02,8.4999999999999998e-01,0.0000000000000000e+00,8.4075560632900000e-03,8.4075560632900000e-03,8.4075560632900000e-03
2,42,5.0000000000000003e-02,8.4999999999999998e-01,0.0000000000000000e+00,1.2462275892200000e-02,1.2462275892200000e-02,1.2462275892200000e-02
3,42,7.0000000000000007e-02,8.4999999999999998e-01,0.0000000000000000e+00,1.7864591696399999e-02,1.7864591696399999e-02,1.7864591696399999e-02
4,42,8.9999999999999997e-02,8.4999999999999998e-01,0.0000000000000000e+00,2.4758631478500000e-02,2.4758631478500000e-02,2.4758631478500000e-02
5,42,1.1000000000000000e-01,8.4999999999999998e-01,0.0000000000000000e+00,3.3176255748899999e-02,3.3176255748899999e-02,3.3176255748899999e-02
6,42,1.3000000000000000e-01,8.4999999999999998e-01,0.0000000000000000e+00,4.3007964899299998e-02,4.3007964899299998e-02,4.3007964899299998e-02
7,42,1.4999999999999999e-01,8.4999999999999998e-01,0.0000000000000000e+00,5.4006297915600000e-02,5.4006297915600000e-02,5.4006297915600000e-02
8,42,1.7000000000000001e-01,8.4999999999999998e-01,0.0000000000000000e+00,6.5832913743699997e-02,6.5832913743699997e-02,6.5832913743699997e-02
9,42,1.9000000000000000e-01,8.4999999999999998e-01,0.0000000000000000e+00,7.8145704437500005e-02,7.8145704437500005e-02,7.8145704437500005e-02
10,42,2.0999999999999999e-01,8.4999999999999998e-01,0.0000000000000000e+00,9.0702301515799999e-02,9.0702301515799999e-02,9.0702301515799999e-02
11,42,2.3000000000000001e-01,8.4999999999999998e-01,0.0000000000000000e+00,1.0344037572200000e-01,1.0344037572200000e-01,1.0344037572200000e-01
12,42,2.5000000000000000e-01,8.4999999999999998e-01,0.0000000000000000e+00,1.1649447081300000e-01,1.1649447081300000e-01,1.1649447081300000e-01
13,42,2.7000000000000002e-01,8.4999999999999998e-01,0.0000000000000000e+00,1.3013006366200000e-01,1.3013006366200000e-01,1.3013006366200000e-01
14,42,2.8999999999999998e-01,8.4999999999999998e-01,0.0000000000000000e+00,1.4461242643000000e-01,1.4461242643000000e-01,1.4461242643000000e-01
15,42,3.1000000000000000e-01,8.4999999999999998e-01,0.0000000000000000e+00,1.6006220422500000e-01,1.6006220422500000e-01,1.6006220422500000e-01
16,42,3.3000000000000002e-01,8.4999999999999998e-01,0.0000000000000000e+00,1.7635947885100001e-01,1.7635947885100001e-01,1.7635947885100001e-01
17,42,3.4999999999999998e-01,8.4999999999999998e-01,0.0000000000000000e+00,1.9313384020900001e-01,1.9313384020900001e-01,1.9313384020900001e-01
18,42,3.7000000000000000e-01,8.4999999999999998e-01,0.0000000000000000e+00,2.0983271346999999e-01,2.0983271346999999e-01,2.0983271346999999e-01
19,42,3.9000000000000001e-01,8.4999999999999998e-01,1.0000000000000000e+00,2.2582327824000001e-01,-7.7417672175999996e-01,7.7417672175999996e-01
20,42,4.0999999999999998e-01,8.4999999999999998e-01,1.0000000000000000e+00,2.4047861511099999e-01,-7.5952138488900001e-01,7.5952138488900001e-01
21,42,4.2999999999999999e-01,8.4999999999999998e-01,1.0000000000000000e+00,2.5322483274500002e-01,-7.4677516725500004e-01,7.4677516725500004e-01
22,42,4.5000000000000001e-01,8.4999999999999998e-01,1.0000000000000000e+00,2.6355812561199998e-01,-7.3644187438800002e-01,7.3644187438800002e-01
23,42,4.6999999999999997e-01,8.4999999999999998e-01,1.0000000000000000e+00,2.7105424043999998e-01,-7.2894575955999996e-01,7.2894575955999996e-01
24,42,4.8999999999999999e-01,8.4999999999999998e-01,1.0000000000000000e+00,2.7538434651799998e-01,-7.2461565348200008e-01,7.2461565348200008e-01
25,42,5.1000000000000001e-01,8.4999999999999998e-01,1.0000000000000000e+00,2.7633643262500002e-01,-7.2366356737500004e-01,7.2366356737500004e-01
26,42,5.3000000000000003e-01,8.4999999999999998e-01,1.0000000000000000e+00,2.7382845574800002e-01,-7.2617154425200003e-01,7.2617154425200003e-01
27,42,5.5000000000000004e-01,8.4999999999999998e-01,1.0000000000000000e+00,2.6792817522599999e-01,-7.3207182477400001e-01,7.3207182477400001e-01
28,42,5.6999999999999995e-01,8.4999999999999998e-01,1.0000000000000000e+00,2.5885490916499998e-01,-7.4114509083500002e-01,7.4114509083500002e-01
29,42,5.8999999999999997e-01,8.4999999999999998e-01,1.0000000000000000e+00,2.4695933777300000e-01,-7.5304066222700006e-01,7.5304066222700006e-01
30,42,6.0999999999999999e-01,8.4999999999999998e-01,1.0000000000000000e+00,2.3270093412500001e-01,-7.6729906587499996e-01,7.6729906587499996e-01
31,42,6.3000000000000000e-01,8.4999999999999998e-01,0.0000000000000000e+00,2.1661710655200000e-01,2.1661710655200000e-01,2.1661710655200000e-01
32,42,6.5000000000000002e-01,8.4999999999999998e-01,0.0000000000000000e+00,1.9928671763600000e-01,1.9928671763600000e-01,1.9928671763600000e-01
33,42,6.7000000000000004e-01,8.4999999999999998e-01,0.0000000000000000e+00,1.8129118983299999e-01,1.8129118983299999e-01,1.8129118983299999e-01
34,42,6.8999999999999995e-01,8.4999999999999998e-01,0.0000000000000000e+00,1.6317652939300001e-01,1.6317652939300001e-01,1.6317652939300001e-01
35,42,7.0999999999999996e-01,8.4999999999999998e-01,0.0000000000000000e+00,1.4541929820899999e-01,1.4541929820899999e-01,1.4541929820899999e-01
36,42,7.2999999999999998e-01,8.4999999999999998e-01,0.0000000000000000e+00,1.2839897853099999e-01,1.2839897853099999e-01,1.2839897853099999e-01
37,42,7.5000000000000000e-01,8.4999999999999998e-01,0.0000000000000000e+00,1.1237858255200001e-01,1.1237858255200001e-01,1.1237858255200001e-01
38,42,7.7000000000000002e-01,8.4999999999999998e-01,0.0000000000000000e+00,9.7495098609999997e-02,9.7495098609999997e-02,9.7495098609999997e-02
39,42,7.9000000000000004e-01,8.4999999999999998e-01,0.0000000000000000e+00,8.3761717904100003e-02,8.3761717904100003e-02,8.3761717904100003e-02
40,42,8.1000000000000005e-01,8.4999999999999998e-01,0.0000000000000000e+00,7.1084765131500000e-02,7.1084765131500000e-02,7.1084765131500000e-02
41,42,8.2999999999999996e-01,8.4999999999999998e-01,0.0000000000000000e+00,5.9299299672700000e-02,5.9299299672700000e-02,5.9299299672700000e-02
42,42,8.4999999999999998e-01,8.4999999999999998e-01,0.0000000000000000e+00,4.8226931491199998e-02,4.8226931491199998e-02,4.8226931491199998e-02
43,42,8.7000000000000000e-01,8.4999999999999998e-01,0.0000000000000000e+00,3.7754808716400003e-02,3.7754808716400003e-02,3.7754808716400003e-02
44,42,8.9000000000000001e-01,8.4999999999999998e-01,0.0000000000000000e+00,2.7922813356500001e-02,2.7922813356500001e-02,2.7922813356500001e-02
45,42,9.1000000000000003e-01,8.4999999999999998e-01,0.0000000000000000e+00,1.8985951425400001e-02,1.8985951425400001e-02,1.8985951425400001e-02
46,42,9.3000000000000005e-01,8.4999999999999998e-01,0.0000000000000000e+00,1.1398250806600001e-02,1.1398250806600001e-02,1.1398250806600001e-02
47,42,9.4999999999999996e-01,8.4999999999999998e-01,0.0000000000000000e+00,5.6657348521600001e-03,5.6657348521600001e-03,5.6657348521600001e-03
48,42,9.6999999999999997e-01,8.4999999999999998e-01,0.0000000000000000e+00,2.0736211286899999e-03,2.0736211286899999e-03,2.0736211286899999e-03
49,42,9.8999999999999999e-01,8.4999999999999998e-01,0.0000000000000000e+00,4.1948629145500000e-04,4.1948629145500000e-04,4.1948629145500000e-04
0,43,1.0000000000000000e-02,8.7000000000000000e-01,0.0000000000000000e+00,9.8323322252699998e-03,9.8323322252699998e-03,9.8323322252699998e-03
1,43,2.9999999999999999e-02,8.7000000000000000e-01,0.0000000000000000e+00,6.1325511491200002e-03,6.1325511491200002e-03,6.1325511491200002e-03
2,43,5.0000000000000003e-02,8.7000000000000000e-01,0.0000000000000000e+00,9.4136469781699993e-03,9.4136469781699993e-03,9.4136469781699993e-03
3,43,7.0000000000000007e-02,8.7000000000000000e-01,0.0000000000000000e+00,1.3977683262300001e-02,1.3977683262300001e-02,1.3977683262300001e-02
4,43,8.9999999999999997e-02,8.7000000000000000e-01,0.0000000000000000e+00,2.0061250438899999e-02,2.0061250438899999e-02,2.0061250438899999e-02
5,43,1.1000000000000000e-01,8.7000000000000000e-01,0.0000000000000000e+00,2.7816482070099999e-02,2.7816482070099999e-02,2.7816482070099999e-02
6,43,1.3000000000000000e-01,8.7000000000000000e-01,0.0000000000000000e+00,3.7254947455799999e-02,3.7254947455799999e-02,3.7254947455799999e-02
7,43,1.4999999999999999e-01,8.7000000000000000e-01,0.0000000000000000e+00,4.8208668076699997e-02,4.8208668076699997e-02,4.8208668076699997e-02
8,43,1.7000000000000001e-01,8.7000000000000000e-01,0.0000000000000000e+00,6.0330238043499997e-02,6.0330238043499997e-02,6.0330238043499997e-02
9,43,1.9000000000000000e-01,8.7000000000000000e-01,0.0000000000000000e+00,7.3147943909200000e-02,7.3147943909200000e-02,7.3147943909200000e-02
10,43,2.0999999999999999e-01,8.7000000000000000e-01,0.0000000000000000e+00,8.6174209923799996e-02,8.6174209923799996e-02,8.6174209923799996e-02
11,43,2.3000000000000001e-01,8.7000000000000000e-01,0.0000000000000000e+00,9.9040279251800006e-02,9.9040279251800006e-02,9.9040279251800006e-02
12,43,2.5000000000000000e-01,8.7000000000000000e-01,0.0000000000000000e+00,1.1160773150200000e-01,1.1160773150200000e-01,1.1160773150200000e-01
13,43,2.7000000000000002e-01,8.7000000000000000e-01,0.0000000000000000e+00,1.2400311158500001e-01,1.2400311158500001e-01,1.2400311158500001e-01
14,43,2.8999999999999998e-01,8.7000000000000000e-01,0.0000000000000000e+00,1.3654570216900000e-01,1.3654570216900000e-01,1.3654570216900000e-01
15,43,3.1000000000000000e-01,8.7000000000000000e-01,0.0000000000000000e+00,1.4958563590900001e-01,1.4958563590900001e-01,1.4958563590900001e-01
16,43,3.3000000000000002e-01,8.7000000000000000e-01,0.0000000000000000e+00,1.6331744979999999e-01,1.6331744979999999e-01,1.6331744979999999e-01
17,43,3.4999999999999998e-01,8.7000000000000000e-01,0.0000000000000000e+00,1.7765242805100001e-01,1.7765242805100001e-01,1.7765242805100001e-01
18,43,3.7000000000000000e-01,8.7000000000000000e-01,0.0000000000000000e+00,1.9220465755999999e-01,1.9220465755999999e-01,1.9220465755999999e-01
19,43,3.9000000000000001e-01,8.7000000000000000e-01,0.0000000000000000e+00,2.0638429845400000e-01,2.0638429845400000e-01,2.0638429845400000e-01
20,43,4.0999999999999998e-01,8.7000000000000000e-01,1.0000000000000000e+00,2.1953705861400000e-01,-7.8046294138600003e-01,7.8046294138600003e-01
21,43,4.2999999999999999e-01,8.7000000000000000e-01,1.0000000000000000e+00,2.3105838872699999e-01,-7.6894161127299998e-01,7.6894161127299998e-01
22,43,4.5000000000000001e-01,8.7000000000000000e-01,1.0000000000000000e+00,2.4044719717900001e-01,-7.5955280282100002e-01,7.5955280282100002e-01
23,43,4.6999999999999997e-01,8.7000000000000000e-01,1.0000000000000000e+00,2.4731226188800001e-01,-7.5268773811199996e-01,7.5268773811199996e-01
24,43,4.8999999999999999e-01,8.7000000000000000e-01,1.0000000000000000e+00,2.5136580312599999e-01,-7.4863419687400001e-01,7.4863419687400001e-01
25,43,5.1000000000000001e-01,8.7000000000000000e-01,1.0000000000000000e+00,2.5242561509099998e-01,-7.4757438490899997e-01,7.4757438490899997e-01
26,43,5.3000000000000003e-01,8.7000000000000000e-01,1.0000000000000000e+00,2.5041161438600001e-01,-7.4958838561399999e-01,7.4958838561399999e-01
27,43,5.5000000000000004e-01,8.7000000000000000e-01,1.0000000000000000e+00,2.4537117988500001e-01,-7.5462882011499999e-01,7.5462882011499999e-01
28,43,5.6999999999999995e-01,8.7000000000000000e-01,1.0000000000000000e+00,2.3749146638800001e-01,-7.6250853361199999e-01,7.6250853361199999e-01
29,43,5.8999999999999997e-01,8.7000000000000000e-01,1.0000000000000000e+00,2.2707375951500000e-01,-7.7292624048500003e-01,7.7292624048500003e-01
30,43,6.0999999999999999e-01,8.7000000000000000e-01,0.0000000000000000e+00,2.1451343832600001e-01,2.1451343832600001e-01,2.1451343832600001e-01
31,43,6.3000000000000000e-01,8.7000000000000000e-01,0.0000000000000000e+00,2.0027263364900000e-01,2.0027263364900000e-01,2.0027263364900000e-01
32,43,6.5000000000000002e-01,8.7000000000000000e-01,0.0000000000000000e+00,1.8484795364800000e-01,1.8484795364800000e-01,1.8484795364800000e-01
33,43,6.7000000000000004e-01,8.7000000000000000e-01,0.0000000000000000e+00,1.6873614782599999e-01,1.6873614782599999e-01,1.6873614782599999e-01
34,43,6.8999999999999995e-01,8.7000000000000000e-01,0.0000000000000000e+00,1.5240076170200001e-01,1.5240076170200001e-01,1.5240076170200001e-01
35,43,7.0999999999999996e-01,8.7000000000000000e-01,0.0000000000000000e+00,1.3624271947899999e-01,1.3624271947899999e-01,1.3624271947899999e-01
36,43,7.2999999999999998e-01,8.7000000000000000e-01,0.0000000000000000e+00,1.2057747294100001e-01,1.2057747294100001e-01,1.2057747294100001e-01
37,43,7.5000000000000000e-01,8.7000000000000000e-01,0.0000000000000000e+00,1.0562104471800000e-01,1.0562104471800000e-01,1.0562104471800000e-01
38,43,7.7000000000000002e-01,8.7000000000000000e-01,0.0000000000000000e+00,9.1487130635500000e-02,9.1487130635500000e-02,9.1487130635500000e-02
39,43,7.9000000000000004e-01,8.7000000000000000e-01,0.0000000000000000e+00,7.8197422537199995e-02,7.8197422537199995e-02,7.8197422537199995e-02
40,43,8.1000000000000005e-01,8.7000000000000000e-01,0.0000000000000000e+00,6.5707170004500007e-02,6.5707170004500007e-02,6.5707170004500007e-02
41,43,8.2999999999999996e-01,8.7000000000000000e-01,0.0000000000000000e+00,5.3946937741500001e-02,5.3946937741500001e-02,5.3946937741500001e-02
42,43,8.4999999999999998e-01,8.7000000000000000e-01,0.0000000000000000e+00,4.2878250723900002e-02,4.2878250723900002e-02,4.2878250723900002e-02
43,43,8.7000000000000000e-01,8.7000000000000000e-01,0.0000000000000000e+00,3.2553977897300003e-02,3.2553977897300003e-02,3.2553977897300003e-02
44,43,8.9000000000000001e-01,8.7000000000000000e-01,0.0000000000000000e+00,2.3163733866199999e-02,2.3163733866199999e-02,2.3163733866199999e-02
45,43,9.1000000000000003e-01,8.7000000000000000e-01,0.0000000000000000e+00,1.5033818085300001e-02,1.5033818085300001e-02,1.5033818085300001e-02
46,43,9.3000000000000005e-01,8.7000000000000000e-01,0.0000000000000000e+00,8.5502244360800006e-03,8.5502244360800006e-03,8.5502244360800006e-03
47,43,9.4999999999999996e-01,8.7000000000000000e-01,0.0000000000000000e+00,3.9976461232799996e-03,3.9976461232799996e-03,3.9976461232799996e-03
48,43,9.6999999999999997e-01,8.7000000000000000e-01,0.0000000000000000e+00,1.3670233732700000e-03,1.3670233732700000e-03,1.3670233732700000e-03
49,43,9.8999999999999999e-01,8.7000000000000000e-01,0.0000000000000000e+00,2.5673700790500000e-04,2.5673700790500000e-04,2.5673700790500000e-04
0,44,1.0000000000000000e-02,8.9000000000000001e-01,0.0000000000000000e+00,6.0421142312200001e-03,6.0421142312200001e-03,6.0421142312200001e-03
1,44,2.9999999999999999e-02,8.9000000000000001e-01,0.0000000000000000e+00,4.1043551952900000e-03,4.1043551952900000e-03,4.1043551952900000e-03
2,44,5.0000000000000003e-02,8.9000000000000001e-01,0.0000000000000000e+00,6.5489006223399997e-03,6.5489006223399997e-03,6.5489006223399997e-03
3,44,7.0000000000000007e-02,8.9000000000000001e-01,0.0000000000000000e+00,1.0115680369300000e-02,1.0115680369300000e-02,1.0115680369300000e-02
4,44,8.9999999999999997e-02,8.9000000000000001e-01,0.0000000000000000e+00,1.5110801589900000e-02,1.5110801589900000e-02,1.5110801589900000e-02
5,44,1.1000000000000000e-01,8.9000000000000001e-01,0.0000000000000000e+00,2.1809318253500000e-02,2.1809318253500000e-02,2.1809318253500000e-02
6,44,1.3000000000000000e-01,8.9000000000000001e-01,0.0000000000000000e+00,3.0389233129200000e-02,3.0389233129200000e-02,3.0389233129200000e-02
7,44,1.4999999999999999e-01,8.9000000000000001e-01,0.0000000000000000e+00,4.0859191639800001e-02,4.0859191639800001e-02,4.0859191639800001e-02
8,44,1.7000000000000001e-01,8.9000000000000001e-01,0.0000000000000000e+00,5.3001940500800003e-02,5.3001940500800003e-02,5.3001940500800003e-02
9,44,1.9000000000000000e-01,8.9000000000000001e-01,0.0000000000000000e+00,6.6361885403000004e-02,6.6361885403000004e-02,6.6361885403000004e-02
10,44,2.0999999999999999e-01,8.9000000000000001e-01,0.0000000000000000e+00,8.0301002256200002e-02,8.0301002256200002e-02,8.0301002256200002e-02
11,44,2.3000000000000001e-01,8.9000000000000001e-01,0.0000000000000000e+00,9.4128440556300000e-02,9.4128440556300000e-02,9.4128440556300000e-02
12,44,2.5000000000000000e-01,8.9000000000000001e-01,0.0000000000000000e+00,1.0727740987300000e-01,1.0727740987300000e-01,1.0727740987300000e-01
13,44,2.7000000000000002e-01,8.9000000000000001e-01,0.0000000000000000e+00,1.1947008641800000e-01,1.1947008641800000e-01,1.1947008641800000e-01
14,44,2.8999999999999998e-01,8.9000000000000001e-01,0.0000000000000000e+00,1.3079667941100001e-01,1.3079667941100001e-01,1.3079667941100001e-01
15,44,3.1000000000000000e-01,8.9000000000000001e-01,0.0000000000000000e+00,1.4165579111099999e-01,1.4165579111099999e-01,1.4165579111099999e-01
16,44,3.3000000000000002e-01,8.9000000000000001e-01,0.0000000000000000e+00,1.5256088141999999e-01,1.5256088141999999e-01,1.5256088141999999e-01
17,44,3.4999999999999998e-01,8.9000000000000001e-01,0.0000000000000000e+00,1.6388774789200000e-01,1.6388774789200000e-01,1.6388774789200000e-01
18,44,3.7000000000000000e-01,8.9000000000000001e-01,0.0000000000000000e+00,1.7567827708200001e-01,1.7567827708200001e-01,1.7567827708200001e-01
19,44,3.9000000000000001e-01,8.9000000000000001e-01,0.0000000000000000e+00,1.8759268745100000e-01,1.8759268745100000e-01,1.8759268745100000e-01
20,44,4.0999999999999998e-01,8.9000000000000001e-01,0.0000000000000000e+00,1.9902130174100000e-01,1.9902130174100000e-01,1.9902130174100000e-01
21,44,4.2999999999999999e-01,8.9000000000000001e-01,0.0000000000000000e+00,2.0927832587199999e-01,2.0927832587199999e-01,2.0927832587199999e-01
22,44,4.5000000000000001e-01,8.9000000000000001e-01,1.0000000000000000e+00,2.1776726545799999e-01,-7.8223273454200004e-01,7.8223273454200004e-01
23,44,4.6999999999999997e-01,8.9000000000000001e-01,1.0000000000000000e+00,2.2405237480300000e-01,-7.7594762519700000e-01,7.7594762519700000e-01
24,44,4.8999999999999999e-01,8.9000000000000001e-01,1.0000000000000000e+00,2.2784963665300001e-01,-7.7215036334699994e-01,7.7215036334699994e-01
25,44,5.1000000000000001e-01,8.9000000000000001e-01,1.0000000000000000e+00,2.2899453435200001e-01,-7.7100546564799999e-01,7.7100546564799999e-01
26,44,5.3000000000000003e-01,8.9000000000000001e-01,1.0000000000000000e+00,2.2741453474300000e-01,-7.7258546525700000e-01,7.7258546525700000e-01
27,44,5.5000000000000004e-01,8.9000000000000001e-01,1.0000000000000000e+00,2.2314545892200000e-01,-7.7685454107800000e-01,7.7685454107800000e-01
28,44,5.6999999999999995e-01,8.9000000000000001e-01,0.0000000000000000e+00,2.1634308514600001e-01,2.1634308514600001e-01,2.1634308514600001e-01
29,44,5.8999999999999997e-01,8.9000000000000001e-01,0.0000000000000000e+00,2.0726050456400000e-01,2.0726050456400000e-01,2.0726050456400000e-01
30,44,6.0999999999999999e-01,8.9000000000000001e-01,0.0000000000000000e+00,1.9623073429400001e-01,1.9623073429400001e-01,1.9623073429400001e-01
31,44,6.3000000000000000e-01,8.9000000000000001e-01,0.0000000000000000e+00,1.8364309066400000e-01,1.8364309066400000e-01,1.8364309066400000e-01
32,44,6.5000000000000002e-01,8.9000000000000001e-01,0.0000000000000000e+00,1.6991545525400001e-01,1.6991545525400001e-01,1.6991545525400001e-01
33,44,6.7000000000000004e-01,8.9000000000000001e-01,0.0000000000000000e+00,1.5546504590800000e-01,1.5546504590800000e-01,1.5546504590800000e-01
34,44,6.8999999999999995e-01,8.9000000000000001e-01,0.0000000000000000e+00,1.4068053433800001e-01,1.4068053433800001e-01,1.4068053433800001e-01
35,44,7.0999999999999996e-01,8.9000000000000001e-01,0.0000000000000000e+00,1.2589834328800001e-01,1.2589834328800001e-01,1.2589834328800001e-01
36,44,7.2999999999999998e-01,8.9000000000000001e-01,0.0000000000000000e+00,1.1138576608600000e-01,1.1138576608600000e-01,1.1138576608600000e-01
37,44,7.5000000000000000e-01,8.9000000000000001e-01,0.0000000000000000e+00,9.7333245350799999e-02,9.7333245350799999e-02,9.7333245350799999e-02
38,44,7.7000000000000002e-01,8.9000000000000001e-01,0.0000000000000000e+00,8.3857732156899997e-02,8.3857732156899997e-02,8.3857732156899997e-02
39,44,7.9000000000000004e-01,8.9000000000000001e-01,0.0000000000000000e+00,7.1018381062600000e-02,7.1018381062600000e-02,7.1018381062600000e-02
40,44,8.1000000000000005e-01,8.9000000000000001e-01,0.0000000000000000e+00,5.8844557412800001e-02,5.8844557412800001e-02,5.8844557412800001e-02
41,44,8.2999999999999996e-01,8.9000000000000001e-01,0.0000000000000000e+00,4.7373671823099997e-02,4.7373671823099997e-02,4.7373671823099997e-02
42,44,8.4999999999999998e-01,8.9000000000000001e-01,0.0000000000000000e+00,3.6692172556999997e-02,3.6692172556999997e-02,3.6692172556999997e-02
43,44,8.7000000000000000e-01,8.9000000000000001e-01,0.0000000000000000e+00,2.6967230935699998e-02,2.6967230935699998e-02,2.6967230935699998e-02
44,44,8.9000000000000001e-01,8.9000000000000001e-01,0.0000000000000000e+00,1.8451078601399998e-02,1.8451078601399998e-02,1.8451078601399998e-02
45,44,9.1000000000000003e-01,8.9000000000000001e-01,0.0000000000000000e+00,1.1439252919900000e-02,1.1439252919900000e-02,1.1439252919900000e-02
46,44,9.3000000000000005e-01,8.9000000000000001e-01,0.0000000000000000e+00,6.1753799513499996e-03,6.1753799513499996e-03,6.1753799513499996e-03
47,44,9.4999999999999996e-01,8.9000000000000001e-01,0.0000000000000000e+00,2.7240807564500001e-03,2.7240807564500001e-03,2.7240807564500001e-03
48,44,9.6999999999999997e-01,8.9000000000000001e-01,0.0000000000000000e+00,8.7379504777700004e-04,8.7379504777700004e-04,8.7379504777700004e-04
49,44,9.8999999999999999e-01,8.9000000000000001e-01,0.0000000000000000e+00,1.5307700978700001e-04,1.5307700978700001e-04,1.5307700978700001e-04
0,45,1.0000000000000000e-02,9.1000000000000003e-01,0.0000000000000000e+00,3.3035521388500000e-03,3.3035521388500000e-03,3.3035521388500000e-03
1,45,2.9999999999999999e-02,9.1000000000000003e-01,0.0000000000000000e+00,2.4523582689200000e-03,2.4523582689200000e-03,2.4523582689200000e-03
2,45,5.0000000000000003e-02,9.1000000000000003e-01,0.0000000000000000e+00,4.0824450391899999e-03,4.0824450391899999e-03,4.0824450391899999e-03
3,45,7.0000000000000007e-02,9.1000000000000003e-01,0.0000000000000000e+00,6.5878757898799999e-03,6.5878757898799999e-03,6.5878757898799999e-03
4,45,8.9999999999999997e-02,9.1000000000000003e-01,0.0000000000000000e+00,1.0293477125200000e-02,1.0293477125200000e-02,1.0293477125200000e-02
5,45,1.1000000000000000e-01,9.1000000000000003e-01,0.0000000000000000e+00,1.5554916277299999e-02,1.5554916277299999e-02,1.5554916277299999e-02
6,45,1.3000000000000000e-01,9.1000000000000003e-01,0.0000000000000000e+00,2.2707396489900000e-02,2.2707396489900000e-02,2.2707396489900000e-02
7,45,1.4999999999999999e-01,9.1000000000000003e-01,0.0000000000000000e+00,3.1988670146800000e-02,3.1988670146800000e-02,3.1988670146800000e-02
8,45,1.7000000000000001e-01,9.1000000000000003e-01,0.0000000000000000e+00,4.3446317155700000e-02,4.3446317155700000e-02,4.3446317155700000e-02
9,45,1.9000000000000000e-01,9.1000000000000003e-01,0.0000000000000000e+00,5.6852694589800003e-02,5.6852694589800003e-02,5.6852694589800003e-02
10,45,2.0999999999999999e-01,9.1000000000000003e-01,0.0000000000000000e+00,7.1662631804499999e-02,7.1662631804499999e-02,7.1662631804499999e-02
11,45,2.3000000000000001e-01,9.1000000000000003e-01,0.0000000000000000e+00,8.7050875923300006e-02,8.7050875923300006e-02,8.7050875923300006e-02
12,45,2.5000000000000000e-01,9.1000000000000003e-01,0.0000000000000000e+00,1.0205045930999999e-01,1.0205045930999999e-01,1.0205045930999999e-01
13,45,2.7000000000000002e-01,9.1000000000000003e-01,0.0000000000000000e+00,1.1577706516400001e-01,1.1577706516400001e-01,1.1577706516400001e-01
14,45,2.8999999999999998e-01,9.1000000000000003e-01,0.0000000000000000e+00,1.2767719753199999e-01,1.2767719753199999e-01,1.2767719753199999e-01
15,45,3.1000000000000000e-01,9.1000000000000003e-01,0.0000000000000000e+00,1.3770194701800001e-01,1.3770194701800001e-01,1.3770194701800001e-01
16,45,3.3000000000000002e-01,9.1000000000000003e-01,0.0000000000000000e+00,1.4631151607500001e-01,1.4631151607500001e-01,1.4631151607500001e-01
17,45,3.4999999999999998e-01,9.1000000000000003e-01,0.0000000000000000e+00,1.5427455759600001e-01,1.5427455759600001e-01,1.5427455759600001e-01
18,45,3.7000000000000000e-01,9.1000000000000003e-01,0.0000000000000000e+00,1.6232549979100000e-01,1.6232549979100000e-01,1.6232549979100000e-01
19,45,3.9000000000000001e-01,9.1000000000000003e-01,0.0000000000000000e+00,1.7083103945700001e-01,1.7083103945700001e-01,1.7083103945700001e-01
20,45,4.0999999999999998e-01,9.1000000000000003e-01,0.0000000000000000e+00,1.7963055778199999e-01,1.7963055778199999e-01,1.7963055778199999e-01
21,45,4.2999999999999999e-01,9.1000000000000003e-01,0.0000000000000000e+00,1.8812630729200000e-01,1.8812630729200000e-01,1.8812630729200000e-01
22,45,4.5000000000000001e-01,9.1000000000000003e-01,0.0000000000000000e+00,1.9555252802699999e-01,1.9555252802699999e-01,1.9555252802699999e-01
23,45,4.6999999999999997e-01,9.1000000000000003e-01,0.0000000000000000e+00,2.0125054186300001e-01,2.0125054186300001e-01,2.0125054186300001e-01
24,45,4.8999999999999999e-01,9.1000000000000003e-01,0.0000000000000000e+00,2.0480219643500000e-01,2.0480219643500000e-01,2.0480219643500000e-01
25,45,5.1000000000000001e-01,9.1000000000000003e-01,0.0000000000000000e+00,2.0600622676999999e-01,2.0600622676999999e-01,2.0600622676999999e-01
26,45,5.3000000000000003e-01,9.1000000000000003e-01,0.0000000000000000e+00,2.0479221822900001e-01,2.0479221822900001e-01,2.0479221822900001e-01
27,45,5.5000000000000004e-01,9.1000000000000003e-01,0.0000000000000000e+00,2.0118877497200000e-01,2.0118877497200000e-01,2.0118877497200000e-01
28,45,5.6999999999999995e-01,9.1000000000000003e-01,0.0000000000000000e+00,1.9532246087999999e-01,1.9532246087999999e-01,1.9532246087999999e-01
29,45,5.8999999999999997e-01,9.1000000000000003e-01,0.0000000000000000e+00,1.8740180668500001e-01,1.8740180668500001e-01,1.8740180668500001e-01
30,45,6.0999999999999999e-01,9.1000000000000003e-01,0.0000000000000000e+00,1.7770268125200001e-01,1.7770268125200001e-01,1.7770268125200001e-01
31,45,6.3000000000000000e-01,9.1000000000000003e-01,0.0000000000000000e+00,1.6654855362300000e-01,1.6654855362300000e-01,1.6654855362300000e-01
32,45,6.5000000000000002e-01,9.1000000000000003e-01,0.0000000000000000e+00,1.5428756058599999e-01,1.5428756058599999e-01,1.5428756058599999e-01
33,45,6.7000000000000004e-01,9.1000000000000003e-01,0.0000000000000000e+00,1.4126873685499999e-01,1.4126873685499999e-01,1.4126873685499999e-01
34,45,6.8999999999999995e-01,9.1000000000000003e-01,0.0000000000000000e+00,1.2781998752900001e-01,1.2781998752900001e-01,1.2781998752900001e-01
35,45,7.0999999999999996e-01,9.1000000000000003e-01,0.0000000000000000e+00,1.1423037214300000e-01,1.1423037214300000e-01,1.1423037214300000e-01
36,45,7.2999999999999998e-01,9.1000000000000003e-01,0.0000000000000000e+00,1.0073902929799999e-01,1.0073902929799999e-01,1.0073902929799999e-01
37,45,7.5000000000000000e-01,9.1000000000000003e-01,0.0000000000000000e+00,8.7532591007099994e-02,8.7532591007099994e-02,8.7532591007099994e-02
38,45,7.7000000000000002e-01,9.1000000000000003e-01,0.0000000000000000e+00,7.4752153688899994e-02,7.4752153688899994e-02,7.4752153688899994e-02
39,45,7.9000000000000004e-01,9.1000000000000003e-01,0.0000000000000000e+00,6.2509640727300003e-02,6.2509640727300003e-02,6.2509640727300003e-02
40,45,8.1000000000000005e-01,9.1000000000000003e-01,0.0000000000000000e+00,5.0911495672900001e-02,5.0911495672900001e-02,5.0911495672900001e-02
41,45,8.2999999999999996e-01,9.1000000000000003e-01,0.0000000000000000e+00,4.0084930425599997e-02,4.0084930425599997e-02,4.0084930425599997e-02
42,45,8.4999999999999998e-01,9.1000000000000003e-01,0.0000000000000000e+00,3.0198619293400002e-02,3.0198619293400002e-02,3.0198619293400002e-02
43,45,8.7000000000000000e-01,9.1000000000000003e-01,0.0000000000000000e+00,2.1466798937300000e-02,2.1466798937300000e-02,2.1466798937300000e-02
44,45,8.9000000000000001e-01,9.1000000000000003e-01,0.0000000000000000e+00,1.4125490726800000e-02,1.4125490726800000e-02,1.4125490726800000e-02
45,45,9.1000000000000003e-01,9.1000000000000003e-01,0.0000000000000000e+00,8.3754031026600003e-03,8.3754031026600003e-03,8.3754031026600003e-03
46,45,9.3000000000000005e-01,9.1000000000000003e-01,0.0000000000000000e+00,4.3007853114199997e-03,4.3007853114199997e-03,4.3007853114199997e-03
47,45,9.4999999999999996e-01,9.1000000000000003e-01,0.0000000000000000e+00,1.7951995342500001e-03,1.7951995342500001e-03,1.7951995342500001e-03
48,45,9.6999999999999997e-01,9.1000000000000003e-01,0.0000000000000000e+00,5.4214422730400000e-04,5.4214422730400000e-04,5.4214422730400000e-04
49,45,9.8999999999999999e-01,9.1000000000000003e-01,0.0000000000000000e+00,8.8976694533900007e-05,8.8976694533900007e-05,8.8976694533900007e-05
0,46,1.0000000000000000e-02,9.3000000000000005e-01,0.0000000000000000e+00,1.5445698539300000e-03,1.5445698539300000e-03,1.5445698539300000e-03
1,46,2.9999999999999999e-02,9.3000000000000005e-01,0.0000000000000000e+00,1.2568130524499999e-03,1.2568130524499999e-03,1.2568130524499999e-03
2,46,5.0000000000000003e-02,9.3000000000000005e-01,0.0000000000000000e+00,2.1908183823000000e-03,2.1908183823000000e-03,2.1908183823000000e-03
3,46,7.0000000000000007e-02,9.3000000000000005e-01,0.0000000000000000e+00,3.7088873576200001e-03,3.7088873576200001e-03,3.7088873576200001e-03
4,46,8.9999999999999997e-02,9.3000000000000005e-01,0.0000000000000000e+00,6.0909401017500003e-03,6.0909401017500003e-03,6.0909401017500003e-03
5,46,1.1000000000000000e-01,9.3000000000000005e-01,0.0000000000000000e+00,9.6917608822600001e-03,9.6917608822600001e-03,9.6917608822600001e-03
6,46,1.3000000000000000e-01,9.3000000000000005e-01,0.0000000000000000e+00,1.4922719275500001e-02,1.4922719275500001e-02,1.4922719275500001e-02
7,46,1.4999999999999999e-01,9.3000000000000005e-01,0.0000000000000000e+00,2.2204963776600001e-02,2.2204963776600001e-02,2.2204963776600001e-02
8,46,1.7000000000000001e-01,9.3000000000000005e-01,0.0000000000000000e+00,3.1888222236199998e-02,3.1888222236199998e-02,3.1888222236199998e-02
9,46,1.9000000000000000e-01,9.3000000000000005e-01,0.0000000000000000e+00,4.4138774278300000e-02,4.4138774278300000e-02,4.4138774278300000e-02
10,46,2.0999999999999999e-01,9.3000000000000005e-01,0.0000000000000000e+00,5.8815718765300000e-02,5.8815718765300000e-02,5.8815718765300000e-02
11,46,2.3000000000000001e-01,9.3000000000000005e-01,0.0000000000000000e+00,7.5373093897800003e-02,7.5373093897800003e-02,7.5373093897800003e-02
12,46,2.5000000000000000e-01,9.3000000000000005e-01,0.0000000000000000e+00,9.2838785174900004e-02,9.2838785174900004e-02,9.2838785174900004e-02
13,46,2.7000000000000002e-01,9.3000000000000005e-01,0.0000000000000000e+00,1.0991796834600000e-01,1.0991796834600000e-01,1.0991796834600000e-01
14,46,2.8999999999999998e-01,9.3000000000000005e-01,0.0000000000000000e+00,1.2523885176999999e-01,1.2523885176999999e-01,1.2523885176999999e-01
15,46,3.1000000000000000e-01,9.3000000000000005e-01,0.0000000000000000e+00,1.3770106020100001e-01,1.3770106020100001e-01,1.3770106020100001e-01
16,46,3.3000000000000002e-01,9.3000000000000005e-01,0.0000000000000000e+00,1.4681916798100000e-01,1.4681916798100000e-01,1.4681916798100000e-01
17,46,3.4999999999999998e-01,9.3000000000000005e-01,0.0000000000000000e+00,1.5291119241199999e-01,1.5291119241199999e-01,1.5291119241199999e-01
18,46,3.7000000000000000e-01,9.3000000000000005e-01,0.0000000000000000e+00,1.5700500604199999e-01,1.5700500604199999e-01,1.5700500604199999e-01
19,46,3.9000000000000001e-01,9.3000000000000005e-01,0.0000000000000000e+00,1.6044290968300001e-01,1.6044290968300001e-01,1.6044290968300001e-01
20,46,4.0999999999999998e-01,9.3000000000000005e-01,0.0000000000000000e+00,1.6432350059199999e-01,1.6432350059199999e-01,1.6432350059199999e-01
21,46,4.2999999999999999e-01,9.3000000000000005e-01,0.0000000000000000e+00,1.6904309736299999e-01,1.6904309736299999e-01,1.6904309736299999e-01
22,46,4.5000000000000001e-01,9.3000000000000005e-01,0.0000000000000000e+00,1.7418558332100001e-01,1.7418558332100001e-01,1.7418558332100001e-01
23,46,4.6999999999999997e-01,9.3000000000000005e-01,0.0000000000000000e+00,1.7882401250800001e-01,1.7882401250800001e-01,1.7882401250800001e-01
24,46,4.8999999999999999e-01,9.3000000000000005e-01,0.0000000000000000e+00,1.8203255050600001e-01,1.8203255050600001e-01,1.8203255050600001e-01
25,46,5.1000000000000001e-01,9.3000000000000005e-01,0.0000000000000000e+00,1.8325972769099999e-01,1.8325972769099999e-01,1.8325972769099999e-01
26,46,5.3000000000000003e-01,9.3000000000000005e-01,0.0000000000000000e+00,1.8234123479400000e-01,1.8234123479400000e-01,1.8234123479400000e-01
27,46,5.5000000000000004e-01,9.3000000000000005e-01,0.0000000000000000e+00,1.7929493811800001e-01,1.7929493811800001e-01,1.7929493811800001e-01
28,46,5.6999999999999995e-01,9.3000000000000005e-01,0.0000000000000000e+00,1.7422167776799999e-01,1.7422167776799999e-01,1.7422167776799999e-01
29,46,5.8999999999999997e-01,9.3000000000000005e-01,0.0000000000000000e+00,1.6729126893400001e-01,1.6729126893400001e-01,1.6729126893400001e-01
30,46,6.0999999999999999e-01,9.3000000000000005e-01,0.0000000000000000e+00,1.5873064544700000e-01,1.5873064544700000e-01,1.5873064544700000e-01
31,46,6.3000000000000000e-01,9.3000000000000005e-01,0.0000000000000000e+00,1.4880800480100001e-01,1.4880800480100001e-01,1.4880800480100001e-01
32,46,6.5000000000000002e-01,9.3000000000000005e-01,0.0000000000000000e+00,1.3781463027599999e-01,1.3781463027599999e-01,1.3781463027599999e-01
33,46,6.7000000000000004e-01,9.3000000000000005e-01,0.0000000000000000e+00,1.2604643567500001e-01,1.2604643567500001e-01,1.2604643567500001e-01
34,46,6.8999999999999995e-01,9.3000000000000005e-01,0.0000000000000000e+00,1.1378743490600000e-01,1.1378743490600000e-01,1.1378743490600000e-01
35,46,7.0999999999999996e-01,9.3000000000000005e-01,0.0000000000000000e+00,1.0129724797600000e-01,1.0129724797600000e-01,1.0129724797600000e-01
36,46,7.2999999999999998e-01,9.3000000000000005e-01,0.0000000000000000e+00,8.8804389826699998e-02,8.8804389826699998e-02,8.8804389826699998e-02
37,46,7.5000000000000000e-01,9.3000000000000005e-01,0.0000000000000000e+00,7.6506415583500006e-02,7.6506415583500006e-02,7.6506415583500006e-02
38,46,7.7000000000000002e-01,9.3000000000000005e-01,0.0000000000000000e+00,6.4576965776199993e-02,6.4576965776199993e-02,6.4576965776199993e-02
39,46,7.9000000000000004e-01,9.3000000000000005e-01,0.0000000000000000e+00,5.3178316643800003e-02,5.3178316643800003e-02,5.3178316643800003e-02
40,46,8.1000000000000005e-01,9.3000000000000005e-01,0.0000000000000000e+00,4.2476204389200002e-02,4.2476204389200002e-02,4.2476204389200002e-02
41,46,8.2999999999999996e-01,9.3000000000000005e-01,0.0000000000000000e+00,3.2651667964999999e-02,3.2651667964999999e-02,3.2651667964999999e-02
42,46,8.4999999999999998e-01,9.3000000000000005e-01,0.0000000000000000e+00,2.3903051087700002e-02,2.3903051087700002e-02,2.3903051087700002e-02
43,46,8.7000000000000000e-01,9.3000000000000005e-01,0.0000000000000000e+00,1.6431296381799999e-02,1.6431296381799999e-02,1.6431296381799999e-02
44,46,8.9000000000000001e-01,9.3000000000000005e-01,0.0000000000000000e+00,1.0404893859600001e-02,1.0404893859600001e-02,1.0404893859600001e-02
45,46,9.1000000000000003e-01,9.3000000000000005e-01,0.0000000000000000e+00,5.9086649902600000e-03,5.9086649902600000e-03,5.9086649902600000e-03
46,46,9.3000000000000005e-01,9.3000000000000005e-01,0.0000000000000000e+00,2.8923300504999998e-03,2.8923300504999998e-03,2.8923300504999998e-03
47,46,9.4999999999999996e-01,9.3000000000000005e-01,0.0000000000000000e+00,1.1456345840700000e-03,1.1456345840700000e-03,1.1456345840700000e-03
48,46,9.6999999999999997e-01,9.3000000000000005e-01,0.0000000000000000e+00,3.2684245752400001e-04,3.2684245752400001e-04,3.2684245752400001e-04
49,46,9.8999999999999999e-01,9.3000000000000005e-01,0.0000000000000000e+00,5.0450728176700002e-05,5.0450728176700002e-05,5.0450728176700002e-05
0,47,1.0000000000000000e-02,9.4999999999999996e-01,0.0000000000000000e+00,5.7963370440299998e-04,5.7963370440299998e-04,5.7963370440299998e-04
1,47,2.9999999999999999e-02,9.4999999999999996e-01,0.0000000000000000e+00,5.1837751462199995e-04,5.1837751462199995e-04,5.1837751462199995e-04
2,47,5.0000000000000003e-02,9.4999999999999996e-01,0.0000000000000000e+00,9.4961305616699996e-04,9.4961305616699996e-04,9.4961305616699996e-04
3,47,7.0000000000000007e-02,9.4999999999999996e-01,0.0000000000000000e+00,1.6934437822400000e-03,1.6934437822400000e-03,1.6934437822400000e-03
4,47,8.9999999999999997e-02,9.4999999999999996e-01,0.0000000000000000e+00,2.9367678828200001e-03,2.9367678828200001e-03,2.9367678828200001e-03
5,47,1.1000000000000000e-01,9.4999999999999996e-01,0.0000000000000000e+00,4.9472165298399999e-03,4.9472165298399999e-03,4.9472165298399999e-03
6,47,1.3000000000000000e-01,9.4999999999999996e-01,0.0000000000000000e+00,8.0858588371399993e-03,8.0858588371399993e-03,8.0858588371399993e-03
7,47,1.4999999999999999e-01,9.4999999999999996e-01,0.0000000000000000e+00,1.2805836291099999e-02,1.2805836291099999e-02,1.2805836291099999e-02
8,47,1.7000000000000001e-01,9.4999999999999996e-01,0.0000000000000000e+00,1.9624928242000000e-02,1.9624928242000000e-02,1.9624928242000000e-02
9,47,1.9000000000000000e-01,9.4999999999999996e-01,0.0000000000000000e+00,2.9059423853700000e-02,2.9059423853700000e-02,2.9059423853700000e-02
10,47,2.0999999999999999e-01,9.4999999999999996e-01,0.0000000000000000e+00,4.1511283267499997e-02,4.1511283267499997e-02,4.1511283267499997e-02
11,47,2.3000000000000001e-01,9.4999999999999996e-01,0.0000000000000000e+00,5.7113084239000002e-02,5.7113084239000002e-02,5.7113084239000002e-02
12,47,2.5000000000000000e-01,9.4999999999999996e-01,0.0000000000000000e+00,7.5556370389399996e-02,7.5556370389399996e-02,7.5556370389399996e-02
13,47,2.7000000000000002e-01,9.4999999999999996e-01,0.0000000000000000e+00,9.5954991887599997e-02,9.5954991887599997e-02,9.5954991887599997e-02
14,47,2.8999999999999998e-01,9.4999999999999996e-01,0.0000000000000000e+00,1.1681572892900000e-01,1.1681572892900000e-01,1.1681572892900000e-01
15,47,3.1000000000000000e-01,9.4999999999999996e-01,0.0000000000000000e+00,1.3618810722399999e-01,1.3618810722399999e-01,1.3618810722399999e-01
16,47,3.3000000000000002e-01,9.4999999999999996e-01,0.0000000000000000e+00,1.5202788078300000e-01,1.5202788078300000e-01,1.5202788078300000e-01
17,47,3.4999999999999998e-01,9.4999999999999996e-01,0.0000000000000000e+00,1.6272881396000000e-01,1.6272881396000000e-01,1.6272881396000000e-01
18,47,3.7000000000000000e-01,9.4999999999999996e-01,0.0000000000000000e+00,1.6767295216299999e-01,1.6767295216299999e-01,1.6767295216299999e-01
19,47,3.9000000000000001e-01,9.4999999999999996e-01,0.0000000000000000e+00,1.6756737979100000e-01,1.6756737979100000e-01,1.6756737979100000e-01
20,47,4.0999999999999998e-01,9.4999999999999996e-01,0.0000000000000000e+00,1.6433994199200000e-01,1.6433994199200000e-01,1.6433994199200000e-01
21,47,4.2999999999999999e-01,9.4999999999999996e-01,0.0000000000000000e+00,1.6050543200299999e-01,1.6050543200299999e-01,1.6050543200299999e-01
22,47,4.5000000000000001e-01,9.4999999999999996e-01,0.0000000000000000e+00,1.5817188883800001e-01,1.5817188883800001e-01,1.5817188883800001e-01
23,47,4.6999999999999997e-01,9.4999999999999996e-01,0.0000000000000000e+00,1.5812519167799999e-01,1.5812519167799999e-01,1.5812519167799999e-01
24,47,4.8999999999999999e-01,9.4999999999999996e-01,0.0000000000000000e+00,1.5953173510700000e-01,1.5953173510700000e-01,1.5953173510700000e-01
25,47,5.1000000000000001e-01,9.4999999999999996e-01,0.0000000000000000e+00,1.6058428441299999e-01,1.6058428441299999e-01,1.6058428441299999e-01
26,47,5.3000000000000003e-01,9.4999999999999996e-01,0.0000000000000000e+00,1.5989460586599999e-01,1.5989460586599999e-01,1.5989460586599999e-01
27,47,5.5000000000000004e-01,9.4999999999999996e-01,0.0000000000000000e+00,1.5730822896499999e-01,1.5730822896499999e-01,1.5730822896499999e-01
28,47,5.6999999999999995e-01,9.4999999999999996e-01,0.0000000000000000e+00,1.5290468863900000e-01,1.5290468863900000e-01,1.5290468863900000e-01
29,47,5.8999999999999997e-01,9.4999999999999996e-01,0.0000000000000000e+00,1.4682227819300001e-01,1.4682227819300001e-01,1.4682227819300001e-01
30,47,6.0999999999999999e-01,9.4999999999999996e-01,0.0000000000000000e+00,1.3924880339599999e-01,1.3924880339599999e-01,1.3924880339599999e-01
31,47,6.3000000000000000e-01,9.4999999999999996e-01,0.0000000000000000e+00,1.3040931184999999e-01,1.3040931184999999e-01,1.3040931184999999e-01
32,47,6.5000000000000002e-01,9.4999999999999996e-01,0.0000000000000000e+00,1.2055219311199999e-01,1.2055219311199999e-01,1.2055219311199999e-01
33,47,6.7000000000000004e-01,9.4999999999999996e-01,0.0000000000000000e+00,1.0993531480900000e-01,1.0993531480900000e-01,1.0993531480900000e-01
34,47,6.8999999999999995e-01,9.4999999999999996e-01,0.0000000000000000e+00,9.8813920427800003e-02,9.8813920427800003e-02,9.8813920427800003e-02
35,47,7.0999999999999996e-01,9.4999999999999996e-01,0.0000000000000000e+00,8.7431825067899996e-02,8.7431825067899996e-02,8.7431825067899996e-02
36,47,7.2999999999999998e-01,9.4999999999999996e-01,0.0000000000000000e+00,7.6016978380699998e-02,7.6016978380699998e-02,7.6016978380699998e-02
37,47,7.5000000000000000e-01,9.4999999999999996e-01,0.0000000000000000e+00,6.4781704705500001e-02,6.4781704705500001e-02,6.4781704705500001e-02
38,47,7.7000000000000002e-01,9.4999999999999996e-01,0.0000000000000000e+00,5.3926889320399997e-02,5.3926889320399997e-02,5.3926889320399997e-02
39,47,7.9000000000000004e-01,9.4999999999999996e-01,0.0000000000000000e+00,4.3648123369499997e-02,4.3648123369499997e-02,4.3648123369499997e-02
40,47,8.1000000000000005e-01,9.4999999999999996e-01,0.0000000000000000e+00,3.4140532274300001e-02,3.4140532274300001e-02,3.4140532274300001e-02
41,47,8.2999999999999996e-01,9.4999999999999996e-01,0.0000000000000000e+00,2.5598075057100000e-02,2.5598075057100000e-02,2.5598075057100000e-02
42,47,8.4999999999999998e-01,9.4999999999999996e-01,0.0000000000000000e+00,1.8203150077800000e-02,1.8203150077800000e-02,1.8203150077800000e-02
43,47,8.7000000000000000e-01,9.4999999999999996e-01,0.0000000000000000e+00,1.2104192179000000e-02,1.2104192179000000e-02,1.2104192179000000e-02
44,47,8.9000000000000001e-01,9.4999999999999996e-01,0.0000000000000000e+00,7.3832415347000000e-03,7.3832415347000000e-03,7.3832415347000000e-03
45,47,9.1000000000000003e-01,9.4999999999999996e-01,0.0000000000000000e+00,4.0219325863899997e-03,4.0219325863899997e-03,4.0219325863899997e-03
46,47,9.3000000000000005e-01,9.4999999999999996e-01,0.0000000000000000e+00,1.8808156886500000e-03,1.8808156886500000e-03,1.8808156886500000e-03
47,47,9.4999999999999996e-01,9.4999999999999996e-01,0.0000000000000000e+00,7.0882899866900003e-04,7.0882899866900003e-04,7.0882899866900003e-04
48,47,9.6999999999999997e-01,9.4999999999999996e-01,0.0000000000000000e+00,1.9164340984599999e-04,1.9164340984599999e-04,1.9164340984599999e-04
49,47,9.8999999999999999e-01,9.4999999999999996e-01,0.0000000000000000e+00,2.7922247423199999e-05,2.7922247423199999e-05,2.7922247423199999e-05
0,48,1.0000000000000000e-02,9.6999999999999997e-01,0.0000000000000000e+00,1.5538452345300000e-04,1.5538452345300000e-04,1.5538452345300000e-04
1,48,2.9999999999999999e-02,9.6999999999999997e-01,0.0000000000000000e+00,1.5310093792099999e-04,1.5310093792099999e-04,1.5310093792099999e-04
2,48,5.0000000000000003e-02,9.6999999999999997e-01,0.0000000000000000e+00,2.9579726228699999e-04,2.9579726228699999e-04,2.9579726228699999e-04
3,48,7.0000000000000007e-02,9.6999999999999997e-01,0.0000000000000000e+00,5.5788799287999997e-04,5.5788799287999997e-04,5.5788799287999997e-04
4,48,8.9999999999999997e-02,9.6999999999999997e-01,0.0000000000000000e+00,1.0263108083599999e-03,1.0263108083599999e-03,1.0263108083599999e-03
5,48,1.1000000000000000e-01,9.6999999999999997e-01,0.0000000000000000e+00,1.8399486231899999e-03,1.8399486231899999e-03,1.8399486231899999e-03
6,48,1.3000000000000000e-01,9.6999999999999997e-01,0.0000000000000000e+00,3.2115393776399998e-03,3.2115393776399998e-03,3.2115393776399998e-03
7,48,1.4999999999999999e-01,9.6999999999999997e-01,0.0000000000000000e+00,5.4519679398100001e-03,5.4519679398100001e-03,5.4519679398100001e-03
8,48,1.7000000000000001e-01,9.6999999999999997e-01,0.0000000000000000e+00,8.9916319903100006e-03,8.9916319903100006e-03,8.9916319903100006e-03
9,48,1.9000000000000000e-01,9.6999999999999997e-01,0.0000000000000000e+00,1.4389204215000000e-02,1.4389204215000000e-02,1.4389204215000000e-02
10,48,2.0999999999999999e-01,9.6999999999999997e-01,0.0000000000000000e+00,2.2313312266100001e-02,2.2313312266100001e-02,2.2313312266100001e-02
11,48,2.3000000000000001e-01,9.6999999999999997e-01,0.0000000000000000e+00,3.3479286597800001e-02,3.3479286597800001e-02,3.3479286597800001e-02
12,48,2.5000000000000000e-01,9.6999999999999997e-01,0.0000000000000000e+00,4.8524297287699997e-02,4.8524297287699997e-02,4.8524297287699997e-02
13,48,2.7000000000000002e-01,9.6999999999999997e-01,0.0000000000000000e+00,6.7813826024700000e-02,6.7813826024700000e-02,6.7813826024700000e-02
14,48,2.8999999999999998e-01,9.6999999999999997e-01,0.0000000000000000e+00,9.1193744534900006e-02,9.1193744534900006e-02,9.1193744534900006e-02
15,48,3.1000000000000000e-01,9.6999999999999997e-01,0.0000000000000000e+00,1.1773527467800000e-01,1.1773527467800000e-01,1.1773527467800000e-01
16,48,3.3000000000000002e-01,9.6999999999999997e-01,0.0000000000000000e+00,1.4555833201900001e-01,1.4555833201900001e-01,1.4555833201900001e-01
17,48,3.4999999999999998e-01,9.6999999999999997e-01,0.0000000000000000e+00,1.7184718383200001e-01,1.7184718383200001e-01,1.7184718383200001e-01
18,48,3.7000000000000000e-01,9.6999999999999997e-01,0.0000000000000000e+00,1.9316882106000000e-01,1.9316882106000000e-01,1.9316882106000000e-01
19,48,3.9000000000000001e-01,9.6999999999999997e-01,0.0000000000000000e+00,2.0614699449300000e-01,2.0614699449300000e-01,2.0614699449300000e-01
20,48,4.0999999999999998e-01,9.6999999999999997e-01,0.0000000000000000e+00,2.0842526282900001e-01,2.0842526282900001e-01,2.0842526282900001e-01
21,48,4.2999999999999999e-01,9.6999999999999997e-01,0.0000000000000000e+00,1.9969165476500000e-01,1.9969165476500000e-01,1.9969165476500000e-01
22,48,4.5000000000000001e-01,9.6999999999999997e-01,0.0000000000000000e+00,1.8239416692800001e-01,1.8239416692800001e-01,1.8239416692800001e-01
23,48,4.6999999999999997e-01,9.6999999999999997e-01,0.0000000000000000e+00,1.6173579109500000e-01,1.6173579109500000e-01,1.6173579109500000e-01
24,48,4.8999999999999999e-01,9.6999999999999997e-01,0.0000000000000000e+00,1.4467690503000000e-01,1.4467690503000000e-01,1.4467690503000000e-01
25,48,5.1000000000000001e-01,9.6999999999999997e-01,0.0000000000000000e+00,1.3800697461899999e-01,1.3800697461899999e-01,1.3800697461899999e-01
26,48,5.3000000000000003e-01,9.6999999999999997e-01,0.0000000000000000e+00,1.3748841939199999e-01,1.3748841939199999e-01,1.3748841939199999e-01
27,48,5.5000000000000004e-01,9.6999999999999997e-01,0.0000000000000000e+00,1.3528538657700001e-01,1.3528538657700001e-01,1.3528538657700001e-01
28,48,5.6999999999999995e-01,9.6999999999999997e-01,0.0000000000000000e+00,1.3146077925300001e-01,1.3146077925300001e-01,1.3146077925300001e-01
29,48,5.8999999999999997e-01,9.6999999999999997e-01,0.0000000000000000e+00,1.2612864859500000e-01,1.2612864859500000e-01,1.2612864859500000e-01
30,48,6.0999999999999999e-01,9.6999999999999997e-01,0.0000000000000000e+00,1.1944720329200000e-01,1.1944720329200000e-01,1.1944720329200000e-01
31,48,6.3000000000000000e-01,9.6999999999999997e-01,0.0000000000000000e+00,1.1160953790500000e-01,1.1160953790500000e-01,1.1160953790500000e-01
32,48,6.5000000000000002e-01,9.6999999999999997e-01,0.0000000000000000e+00,1.0283316794800000e-01,1.0283316794800000e-01,1.0283316794800000e-01
33,48,6.7000000000000004e-01,9.6999999999999997e-01,0.0000000000000000e+00,9.3349624959100000e-02,9.3349624959100000e-02,9.3349624959100000e-02
34,48,6.8999999999999995e-01,9.6999999999999997e-01,0.0000000000000000e+00,8.3395337367900002e-02,8.3395337367900002e-02,8.3395337367900002e-02
35,48,7.0999999999999996e-01,9.6999999999999997e-01,0.0000000000000000e+00,7.3204771037999994e-02,7.3204771037999994e-02,7.3204771037999994e-02
36,48,7.2999999999999998e-01,9.6999999999999997e-01,0.0000000000000000e+00,6.3006317918400001e-02,6.3006317918400001e-02,6.3006317918400001e-02
37,48,7.5000000000000000e-01,9.6999999999999997e-01,0.0000000000000000e+00,5.3020724460899997e-02,5.3020724460899997e-02,5.3020724460899997e-02
38,48,7.7000000000000002e-01,9.6999999999999997e-01,0.0000000000000000e+00,4.3461013664200000e-02,4.3461013664200000e-02,4.3461013664200000e-02
39,48,7.9000000000000004e-01,9.6999999999999997e-01,0.0000000000000000e+00,3.4532019614000001e-02,3.4532019614000001e-02,3.4532019614000001e-02
40,48,8.1000000000000005e-01,9.6999999999999997e-01,0.0000000000000000e+00,2.6427067730499999e-02,2.6427067730499999e-02,2.6427067730499999e-02
41,48,8.2999999999999996e-01,9.6999999999999997e-01,0.0000000000000000e+00,1.9319357478699999e-02,1.9319357478699999e-02,1.9319357478699999e-02
42,48,8.4999999999999998e-01,9.6999999999999997e-01,0.0000000000000000e+00,1.3346658586500000e-02,1.3346658586500000e-02,1.3346658586500000e-02
43,48,8.7000000000000000e-01,9.6999999999999997e-01,0.0000000000000000e+00,8.5903251252400000e-03,8.5903251252400000e-03,8.5903251252400000e-03
44,48,8.9000000000000001e-01,9.6999999999999997e-01,0.0000000000000000e+00,5.0532203098799999e-03,5.0532203098799999e-03,5.0532203098799999e-03
45,48,9.1000000000000003e-01,9.6999999999999997e-01,0.0000000000000000e+00,2.6448946826999999e-03,2.6448946826999999e-03,2.6448946826999999e-03
46,48,9.3000000000000005e-01,9.6999999999999997e-01,0.0000000000000000e+00,1.1841019645699999e-03,1.1841019645699999e-03,1.1841019645699999e-03
47,48,9.4999999999999996e-01,9.6999999999999997e-01,0.0000000000000000e+00,4.2567858254200002e-04,4.2567858254200002e-04,4.2567858254200002e-04
48,48,9.6999999999999997e-01,9.6999999999999997e-01,0.0000000000000000e+00,1.0938681480800000e-04,1.0938681480800000e-04,1.0938681480800000e-04
49,48,9.8999999999999999e-01,9.6999999999999997e-01,0.0000000000000000e+00,1.5093137356500000e-05,1.5093137356500000e-05,1.5093137356500000e-05
0,49,1.0000000000000000e-02,9.8999999999999999e-01,0.0000000000000000e+00,2.2346711807999999e-05,2.2346711807999999e-05,2.2346711807999999e-05
1,49,2.9999999999999999e-02,9.8999999999999999e-01,0.0000000000000000e+00,2.4311796905700000e-05,2.4311796905700000e-05,2.4311796905700000e-05
2,49,5.0000000000000003e-02,9.8999999999999999e-01,0.0000000000000000e+00,4.9716122770099997e-05,4.9716122770099997e-05,4.9716122770099997e-05
3,49,7.0000000000000007e-02,9.8999999999999999e-01,0.0000000000000000e+00,9.9564166940000002e-05,9.9564166940000002e-05,9.9564166940000002e-05
4,49,8.9999999999999997e-02,9.8999999999999999e-01,0.0000000000000000e+00,1.9516541562800000e-04,1.9516541562800000e-04,1.9516541562800000e-04
5,49,1.1000000000000000e-01,9.8999999999999999e-01,0.0000000000000000e+00,3.7424391446900000e-04,3.7424391446900000e-04,3.7424391446900000e-04
6,49,1.3000000000000000e-01,9.8999999999999999e-01,0.0000000000000000e+00,7.0162629353000001e-04,7.0162629353000001e-04,7.0162629353000001e-04
7,49,1.4999999999999999e-01,9.8999999999999999e-01,0.0000000000000000e+00,1.2852616313300000e-03,1.2852616313300000e-03,1.2852616313300000e-03
8,49,1.7000000000000001e-01,9.8999999999999999e-01,0.0000000000000000e+00,2.2989762333100001e-03,2.2989762333100001e-03,2.2989762333100001e-03
9,49,1.9000000000000000e-01,9.8999999999999999e-01,0.0000000000000000e+00,4.0127642626699997e-03,4.0127642626699997e-03,4.0127642626699997e-03
10,49,2.0999999999999999e-01,9.8999999999999999e-01,0.0000000000000000e+00,6.8298815389299999e-03,6.8298815389299999e-03,6.8298815389299999e-03
11,49,2.3000000000000001e-01,9.8999999999999999e-01,0.0000000000000000e+00,1.1327160512200000e-02,1.1327160512200000e-02,1.1327160512200000e-02
12,49,2.5000000000000000e-01,9.8999999999999999e-01,0.0000000000000000e+00,1.8290590058699999e-02,1.8290590058699999e-02,1.8290590058699999e-02
13,49,2.7000000000000002e-01,9.8999999999999999e-01,0.0000000000000000e+00,2.8732561925999999e-02,2.8732561925999999e-02,2.8732561925999999e-02
14,49,2.8999999999999998e-01,9.8999999999999999e-01,0.0000000000000000e+00,4.3871358148000000e-02,4.3871358148000000e-02,4.3871358148000000e-02
15,49,3.1000000000000000e-01,9.8999999999999999e-01,0.0000000000000000e+00,6.5049630836000003e-02,6.5049630836000003e-02,6.5049630836000003e-02
16,49,3.3000000000000002e-01,9.8999999999999999e-01,0.0000000000000000e+00,9.3570075536200004e-02,9.3570075536200004e-02,9.3570075536200004e-02
17,49,3.4999999999999998e-01,9.8999999999999999e-01,0.0000000000000000e+00,1.3043692527000000e-01,1.3043692527000000e-01,1.3043692527000000e-01
18,49,3.7000000000000000e-01,9.8999999999999999e-01,0.0000000000000000e+00,1.7601397105899999e-01,1.7601397105899999e-01,1.7601397105899999e-01
19,49,3.9000000000000001e-01,9.8999999999999999e-01,0.0000000000000000e+00,2.2964302505900000e-01,2.2964302505900000e-01,2.2964302505900000e-01
20,49,4.0999999999999998e-01,9.8999999999999999e-01,0.0000000000000000e+00,2.8930514653500000e-01,2.8930514653500000e-01,2.8930514653500000e-01
21,49,4.2999999999999999e-01,9.8999999999999999e-01,0.0000000000000000e+00,3.5143819294200002e-01,3.5143819294200002e-01,3.5143819294200002e-01
22,49,4.5000000000000001e-01,9.8999999999999999e-01,0.0000000000000000e+00,4.1103132085299998e-01,4.1103132085299998e-01,4.1103132085299998e-01
23,49,4.6999999999999997e-01,9.8999999999999999e-01,0.0000000000000000e+00,4.6208377185999999e-01,4.6208377185999999e-01,4.6208377185999999e-01
24,49,4.8999999999999999e-01,9.8999999999999999e-01,0.0000000000000000e+00,4.9843490691199999e-01,4.9843490691199999e-01,4.9843490691199999e-01
25,49,5.1000000000000001e-01,9.8999999999999999e-01,0.0000000000000000e+00,5.1485631634800000e-01,5.1485631634800000e-01,5.1485631634800000e-01
26,49,5.3000000000000003e-01,9.8999999999999999e-01,0.0000000000000000e+00,5.1586861750599999e-01,5.1586861750599999e-01,5.1586861750599999e-01
27,49,5.5000000000000004e-01,9.8999999999999999e-01,0.0000000000000000e+00,5.0861013462600002e-01,5.0861013462600002e-01,5.0861013462600002e-01
28,49,5.6999999999999995e-01,9.8999999999999999e-01,0.0000000000000000e+00,4.9332421533600002e-01,4.9332421533600002e-01,4.9332421533600002e-01
29,49,5.8999999999999997e-01,9.8999999999999999e-01,0.0000000000000000e+00,4.7057730562099997e-01,4.7057730562099997e-01,4.7057730562099997e-01
30,49,6.0999999999999999e-01,9.8999999999999999e-01,0.0000000000000000e+00,4.4122860322300000e-01,4.4122860322300000e-01,4.4122860322300000e-01
31,49,6.3000000000000000e-01,9.8999999999999999e-01,0.0000000000000000e+00,4.0638320908400000e-01,4.0638320908400000e-01,4.0638320908400000e-01
32,49,6.5000000000000002e-01,9.8999999999999999e-01,0.0000000000000000e+00,3.6733254085200001e-01,3.6733254085200001e-01,3.6733254085200001e-01
33,49,6.7000000000000004e-01,9.8999999999999999e-01,0.0000000000000000e+00,3.2548654679599998e-01,3.2548654679599998e-01,3.2548654679599998e-01
34,49,6.8999999999999995e-01,9.8999999999999999e-01,0.0000000000000000e+00,2.8230243624000001e-01,2.8230243624000001e-01,2.8230243624000001e-01
35,49,7.0999999999999996e-01,9.8999999999999999e-01,0.0000000000000000e+00,2.3921422983099999e-01,2.3921422983099999e-01,2.3921422983099999e-01
36,49,7.2999999999999998e-01,9.8999999999999999e-01,0.0000000000000000e+00,1.9756655544900001e-01,1.9756655544900001e-01,1.9756655544900001e-01
37,49,7.5000000000000000e-01,9.8999999999999999e-01,0.0000000000000000e+00,1.5855501643900000e-01,1.5855501643900000e-01,1.5855501643900000e-01
38,49,7.7000000000000002e-01,9.8999999999999999e-01,0.0000000000000000e+00,1.2317447332799999e-01,1.2317447332799999e-01,1.2317447332799999e-01
39,49,7.9000000000000004e-01,9.8999999999999999e-01,0.0000000000000000e+00,9.2176081546500005e-02,9.2176081546500005e-02,9.2176081546500005e-02
40,49,8.1000000000000005e-01,9.8999999999999999e-01,0.0000000000000000e+00,6.6034233436200004e-02,6.6034233436200004e-02,6.6034233436200004e-02
41,49,8.2999999999999996e-01,9.8999999999999999e-01,0.0000000000000000e+00,4.4925781025900002e-02,4.4925781025900002e-02,4.4925781025900002e-02
42,49,8.4999999999999998e-01,9.8999999999999999e-01,0.0000000000000000e+00,2.8725798980400001e-02,2.8725798980400001e-02,2.8725798980400001e-02
43,49,8.7000000000000000e-01,9.8999999999999999e-01,0.0000000000000000e+00,1.7025851258100001e-02,1.7025851258100001e-02,1.7025851258100001e-02
44,49,8.9000000000000001e-01,9.8999999999999999e-01,0.0000000000000000e+00,9.1808086971199993e-03,9.1808086971199993e-03,9.1808086971199993e-03
45,49,9.1000000000000003e-01,9.8999999999999999e-01,0.0000000000000000e+00,4.3869911001000001e-03,4.3869911001000001e-03,4.3869911001000001e-03
46,49,9.3000000000000005e-01,9.8999999999999999e-01,0.0000000000000000e+00,1.7866440481500000e-03,1.7866440481500000e-03,1.7866440481500000e-03
47,49,9.4999999999999996e-01,9.8999999999999999e-01,0.0000000000000000e+00,5.8245400109200002e-04,5.8245400109200002e-04,5.8245400109200002e-04
48,49,9.6999999999999997e-01,9.8999999999999999e-01,0.0000000000000000e+00,1.3535835604299999e-04,1.3535835604299999e-04,1.3535835604299999e-04
49,49,9.8999999999999999e-01,9.8999999999999999e-01,0.0000000000000000e+00,1.6849438751500000e-05,1.6849438751500000e-05,1.6849438751500000e-05
