/*--------------------------------*- C++ -*----------------------------------*\
  =========                 |
  \\      /  F ield         | OpenFOAM: The Open Source CFD Toolbox
   \\    /   O peration     | Website:  https://openfoam.org
    \\  /    A nd           | Version:  14
     \\/     M anipulation  |
\*---------------------------------------------------------------------------*/
FoamFile
{
    format      ascii;
    class       volVectorField;
    location    "45.999999999983";
    object      U;
}
// * * * * * * * * * * * * * * * * * * * * * * * * * * * * * * * * * * * * * //

dimensions      [0 1 -1 0 0 0 0];

internalField   nonuniform List<vector> 
2646
(
(0.000716904926737 -0.00387295347312 0)
(0.00131207922543 -0.00178772561941 -3.07744503393e-18)
(0.00411427646354 -0.00293814633013 -2.00220294392e-20)
(0.0153031708264 0.00219163921817 1.33002668453e-18)
(0.00250017887841 -0.0116073024572 -4.3705354658e-20)
(-0.0831077691347 0.0114818874226 0)
(-0.00916030183097 0.00473229637786 0)
(-0.100137259146 0.0036697799464 0)
(-0.323985989643 0.0930245066606 -4.84618928223e-17)
(-0.341792442532 0.0221607010858 1.17002467542e-17)
(-0.0609346678293 0.0364717435502 5.07244974033e-19)
(-0.355112199366 -0.0294089709409 -1.1566271291e-18)
(-0.391031409999 0.0334945068655 6.90676424146e-17)
(-0.388627068697 0.000968543048699 1.10495452679e-17)
(-0.365048940637 0.0680522167984 1.1568734459e-17)
(-0.233103250788 -0.12224917038 3.81374996207e-19)
(-0.36932538632 -0.0507546890195 -1.03381508204e-17)
(-0.197357687627 0.100912921563 0)
(-0.339416659669 -0.0921638909662 -6.4724544697e-17)
(-0.109816873999 0.0604969127113 0)
(-0.297258434023 -0.0523265150483 2.30031016768e-17)
(0.00252491386805 -0.00598453864788 4.19041272694e-18)
(-0.214342488808 0.00318326269441 7.93999345089e-19)
(-0.339079817567 -0.00408418599092 -6.57027760993e-17)
(-0.216056759023 -0.0560039759606 -2.88612243171e-17)
(-0.0976925270427 0.0518112797047 8.86585749136e-19)
(-0.162692138427 0.0257125378802 0)
(-0.295330459585 0.0523123220974 6.29530940865e-17)
(-0.312746836541 0.0316320258388 0)
(-0.189629241708 0.069597657438 3.52371636962e-17)
(-0.101880534496 0.0159806751407 -2.57098825644e-17)
(2.66917886828e-05 0.0014103483083 1.62075626902e-18)
(0.000265417163472 -0.00869460701479 -7.64073138337e-18)
(-0.00370957352172 -0.0401489908883 0)
(-0.0151724387838 -0.0239432056452 0)
(-0.0603539332063 0.0393371814666 0)
(-0.263455147313 0.103896274859 0)
(-0.378327472139 0.0518153580646 -5.11180449525e-17)
(-0.393697444226 -0.0354974025761 -1.73349572594e-17)
(-0.28689981566 -0.1115212604 9.03923032427e-19)
(-0.141325007615 -0.0735554281539 0)
(-0.112430221621 -0.0678859086552 -1.61156347439e-19)
(-0.000233166024131 0.00149384158979 4.137029083e-17)
(-0.0019974547043 -0.00388802176926 -9.40136670812e-17)
(-0.0010605713885 0.00217196539226 2.06096077368e-17)
(-0.0120155313883 -0.0113267554125 8.29905393676e-18)
(-0.00438109900879 0.000777027274295 -6.63301958634e-18)
(-0.00200224447413 0.0934871153903 -3.21065597588e-17)
(-0.0025968783554 0.0326276251217 1.61531307601e-18)
(0.0128896425233 0.162103491135 -5.92789086457e-18)
(-0.0914069904494 0.28643373934 -4.63362855683e-17)
(0.0404180938639 0.344919725846 9.4228621617e-17)
(0.0120564076889 0.331275731574 0)
(0.0472347049661 0.29189295736 6.72337498417e-17)
(-0.0466536982276 0.0688105260811 2.89429777882e-20)
(-0.0697667021466 0.119758394772 -3.34302408088e-18)
(0.0501761527503 0.215311047964 -6.36290182458e-17)
(-0.00244723712183 0.332335925783 -3.5001070376e-17)
(-0.0195747450034 0.368502288055 8.0848621027e-17)
(0.0115053525211 0.357011469636 -8.51083253933e-17)
(-0.0605050456626 0.325764913821 0)
(0.0890032682426 0.239670718782 -4.91630551386e-17)
(0.0489986551991 0.354753343698 -4.54610455822e-17)
(-0.112320629723 0.19175984416 3.96699965062e-18)
(0.0748429125398 0.321403689097 1.35872034019e-16)
(-0.0759144415629 0.1151326257 5.47876060619e-18)
(0.00800756849516 0.20379645466 4.02542259476e-17)
(0.00751563454634 0.00451972823442 -1.31893471889e-17)
(0.0524761019936 0.139813917266 4.1525236381e-17)
(-0.0524332535575 0.269840359106 9.71002936625e-18)
(-0.0090903846625 0.301330745673 1.45601296879e-17)
(0.0300513568123 0.109464217862 5.71502527876e-18)
(-0.0778630317604 0.209398873032 3.71668184261e-17)
(-0.0368540018698 0.150607618449 -5.9302096151e-18)
(-0.00165284425392 0.0603998443736 -1.59247000213e-16)
(-0.0146319594017 0.157480990549 0)
(-0.000416466296503 -0.00288883165359 2.96471241578e-19)
(0.00251411473453 0.00254553709706 1.85883111323e-17)
(0.0205770287077 0.0558091793575 1.29078326186e-16)
(0.0101430858928 0.0637209566798 3.56121314794e-17)
(-0.0559485224159 0.0598688978806 1.5475754014e-18)
(-0.112982583672 0.247532658825 -5.14355288802e-20)
(-0.0329085617444 0.345432815672 0)
(0.0377686534609 0.361426800945 -1.22515278953e-16)
(0.0775197161041 0.267191691752 -7.69593112717e-18)
(0.0596894470166 0.171446043646 3.79721958067e-17)
(0.00285953173178 -0.398911288863 5.10536052272e-17)
(-0.0245834241306 -0.0946775272314 -2.93128480564e-17)
(-0.00436061445955 -0.254144385816 -2.31251485975e-17)
(-0.139194518024 -0.451499834543 8.13926776355e-17)
(-0.054107417847 -0.522791070365 0)
(-0.0852026479809 -0.151612720921 3.36028051784e-18)
(-0.0149673919378 -0.433076538657 0)
(-0.0468619997631 -0.437219961922 0)
(-0.0156980650359 -0.40646458933 3.58610419192e-17)
(-0.0918294054852 -0.432334638332 -1.83413038508e-16)
(0.0298527169876 -0.361390074371 1.09392250551e-18)
(-0.00699982631176 -0.380303773772 0)
(-0.166376460699 -0.315962503279 1.25513724989e-17)
(0.00883834075806 -0.371911944467 0)
(-0.131029946642 -0.216177763719 -1.54808002305e-17)
(-0.00794239395853 -0.429036271543 0)
(0.00857005254654 -0.00968089994666 -1.53296205235e-18)
(-0.0403720338044 -0.493758414901 -1.13250935367e-16)
(-0.0327950416409 -0.47059584443 2.46305668185e-16)
(0.0117427500567 -0.436186133005 0)
(-0.109720018098 -0.218468320848 -1.12246695667e-17)
(-0.0440574976389 -0.408466053894 0)
(-0.097625560487 -0.4577570745 -6.08885028553e-17)
(-0.0596934356673 -0.484712337694 7.27496865631e-17)
(-0.108342829028 -0.333645186327 7.52570606697e-18)
(-0.0397108122121 -0.268486628557 3.39771577378e-17)
(-0.012054074927 -0.0138211363977 1.98948542593e-17)
(0.00319840103744 -0.0250768569723 0)
(0.00417628281645 -0.363241134012 -3.9436131694e-16)
(-0.0922901410612 -0.133760046334 -6.42816782091e-17)
(-0.152971955579 -0.384220033821 0)
(-0.0582180072008 -0.446431254028 1.11830076662e-16)
(-0.0189364143145 -0.397885934047 0)
(0.0262689648096 -0.368518609898 0)
(0.0343565176024 -0.336750237245 8.06173742099e-17)
(0.0520754722758 -0.408256081986 1.94599712828e-16)
(0.0583276464728 -0.440812518626 -7.95839250987e-17)
(-0.0464077520654 -0.0310722695246 -1.9476682097e-17)
(-0.0975643014553 0.0711025253902 -4.54991979975e-17)
(0.263053954739 0.022105321677 8.53425049074e-17)
(-0.0698572655504 0.0520549331828 0)
(0.0212041322717 0.0950349996593 -7.89598989768e-18)
(0.534278955522 0.00730177467348 1.51048426291e-16)
(0.344768278442 0.0012441190427 -2.5902922422e-17)
(0.404623899196 0.0425237243016 0)
(0.333929778227 0.089945840185 3.91463204562e-16)
(0.366934139488 -0.00218795331564 2.0517006708e-16)
(0.408487004128 0.0141912694053 7.6899201619e-16)
(0.388777583357 -0.00474369491042 -1.74245192974e-16)
(0.146054013737 0.0843338156815 2.63368954384e-18)
(0.206452537489 0.0834383486066 3.80620306019e-18)
(0.33527039511 -0.00984871718902 1.80263800577e-16)
(0.395792785396 0.0224055694223 -2.45309531169e-16)
(0.385156411928 0.0375629185838 -1.30765586319e-16)
(0.374470614715 0.0150868853924 -2.579080448e-16)
(0.380561189613 0.0492684602583 6.05121991574e-17)
(0.308923715485 -0.024390064748 -3.86318669488e-16)
(0.362795051546 -0.00311103865916 4.44555520497e-16)
(0.254194412016 0.129456862275 -8.67552892131e-18)
(0.367002669107 -0.0508208267317 0)
(0.179600726798 0.128937000081 -3.23305676024e-17)
(0.441467531821 -0.00328019676798 2.66883385077e-16)
(0.191135277275 0.0290636947991 -1.64125331519e-18)
(0.29654548344 -0.0404200992392 -2.95906308414e-16)
(0.367672753589 0.0392491063842 -6.70583000029e-17)
(0.399916338673 0.0500053178773 0)
(0.420838308761 -0.0408394747556 1.12215241448e-17)
(0.28814896658 0.0791890542987 -1.62481745839e-16)
(0.336235783501 0.0203174968955 5.91439708129e-17)
(0.536324808606 0.0283393148421 -2.34907130957e-17)
(0.521165795807 0.00570415688128 -2.65722171145e-16)
(0.0810071796825 0.105766955664 -8.39804016449e-18)
(0.305031703777 -0.0560936047038 0)
(0.047414242262 0.0710182977551 9.42178506581e-18)
(0.369474304958 -0.0289643859028 -2.86398134826e-17)
(0.116658622225 0.127984289493 0)
(0.307901456818 0.121559223673 1.92964772703e-16)
(0.393960627431 0.0697153285845 -1.85392266553e-16)
(0.371958263155 -0.000930467750542 -3.77319607501e-16)
(0.317726715411 -0.0377677297677 0)
(0.28935429374 -0.0741816033905 2.64700969633e-16)
(0.448059684321 -0.381834927156 -1.0391006058e-15)
(0.289950744966 -0.103489811669 1.61704892118e-15)
(-0.00693109285729 -0.469438132522 0)
(0.0216206474724 -0.307414766333 5.23400358238e-17)
(0.38209845649 -0.00790166326478 0)
(-0.394435102327 0.030965290238 1.14712035826e-16)
(-0.393286303933 0.0173957956334 -1.14712035825e-16)
(-0.164470759482 0.102907034861 0)
(-0.180443693617 0.107323457347 0)
(-0.352388532498 -0.0754620914192 8.25969465356e-17)
(-0.361325982838 -0.0927037099471 1.98670710873e-16)
(-0.0351027910871 0.0322911565346 0)
(-0.0486285150257 0.0384194316053 0)
(-0.320485330487 0.108717230032 0)
(-0.299196974019 0.120668633499 0)
(-0.354372337067 0.081202156001 0)
(-0.342076504119 0.10660191738 1.40859733481e-16)
(-0.215728711931 -0.126873852745 -2.38881957204e-17)
(-0.199126828175 -0.11437483269 2.38881957204e-17)
(-0.0847971825606 -0.0756234235495 0)
(-0.101047698656 -0.0955509642682 0)
(-0.0163432618379 0.369893113388 0)
(9.32849790851e-05 0.3623020723 2.41083860308e-16)
(-0.107742966567 0.159359981478 -2.32203756437e-17)
(-0.116668306594 0.176432060451 -1.11745430337e-17)
(0.0606613708509 0.339486971221 1.40682364576e-16)
(0.0790518162393 0.338078377191 -7.22837690897e-16)
(-0.0396590398434 0.0356234650078 -1.96343965998e-18)
(-0.0492189360541 0.0496612132138 -1.35141829171e-17)
(-0.100896636647 0.286672964864 3.94579324436e-17)
(-0.116819107702 0.272440391481 -3.94579324437e-17)
(-0.0802507705014 0.314541295435 -1.06952359594e-17)
(-0.0966774516512 0.31269746862 1.06952359594e-17)
(0.0945901211951 0.226550145391 -8.29120176249e-17)
(0.102100995117 0.21146692398 8.29120176251e-17)
(0.0656732470126 0.128997044274 0)
(0.0567138701312 0.139766590415 -1.20496291007e-16)
(-0.370508979272 -0.0844271466835 8.17639025282e-17)
(-0.256751471216 0.195695442413 -8.75651448442e-18)
(-0.085877976255 0.0760809380003 -1.77240318163e-19)
(0.324369100177 -0.0337103184832 -2.17451880313e-16)
(0.123378803577 0.17609924029 0)
(-0.145389711356 -0.158770323177 0)
(-0.182834241105 -0.190213755101 0)
(0.307139210233 0.0715719786214 -7.67753839764e-16)
(0.247383411735 -0.0993563128165 1.18273059046e-15)
(0.302682259219 0.0933541643787 5.89408767111e-16)
(0.33577418374 -0.0262664549647 0)
(-0.377583621351 -0.0736081310185 1.51814998778e-16)
(-0.106074149764 0.0949866154601 0)
(0.139260230506 0.196383104823 0)
(0.227174341299 0.199274526556 5.67249858315e-17)
(-0.0823572390656 -0.32996858874 0)
(-0.0888143052621 -0.316834243115 -2.23297090785e-17)
(-0.200393863898 -0.367009412917 5.59266572614e-17)
(-0.206097525897 -0.348057231952 -9.83533968485e-17)
(-0.181629518463 -0.366338258853 0)
(-0.186597549837 -0.36012315299 -5.86131744552e-17)
(-0.230075873519 -0.307729541569 -5.50105745946e-17)
(-0.238931242415 -0.299583657121 3.95946043733e-17)
(-0.300202729 0.200358359797 0)
(-0.321000125034 -0.18581442006 -6.67085122668e-17)
(0.252206696671 -0.102810288378 -1.08753084125e-15)
(0.258829875418 -0.0839659009552 0)
(0.274354112615 0.177375008816 0)
(0.34435798703 -0.00207155692985 -8.41540637486e-17)
(-0.386816693343 -0.024111341423 0)
(0.158615015586 -0.0926436793014 1.55178256022e-16)
(0.216332773516 0.207476481487 -1.63645581855e-16)
(0.251549194287 -0.0953238069772 5.21231279594e-16)
(-0.310989615442 0.200358891469 -1.66493657389e-16)
(-0.257203655077 0.183943857725 0)
(0.338049751557 0.00332148020916 -8.91416729142e-16)
(-0.242066199991 0.189688257996 -5.47782864032e-17)
(0.300950360181 0.103619482377 8.86941366183e-17)
(0.306832722064 0.063516802958 -4.24590384546e-16)
(-0.230799198931 -0.283851939868 0)
(-0.208315032194 -0.256913524218 0)
(-0.120727922541 -0.327832436099 1.59838707224e-16)
(-0.136944737472 -0.348730998603 3.46893197187e-17)
(-0.224616442133 -0.353537631973 -2.01932281584e-16)
(-0.221473959505 -0.353893168367 2.34538814843e-16)
(-0.0703968007511 -0.324052677558 -9.60082857353e-16)
(-0.0624527845181 -0.318055201632 8.00368629064e-16)
(0.059066054294 -0.262110979908 4.68736314851e-16)
(-0.000194820593403 -0.2687461894 0)
(-0.0453034624955 -0.300906363537 7.71945204246e-16)
(-0.11405133647 -0.324877093526 1.8884539641e-16)
(-0.108069715497 -0.335427601477 0)
(-0.149990288407 -0.354855967741 -3.91912034355e-17)
(-0.153130028429 -0.341154074863 -3.27078227733e-17)
(-0.0264727749751 -0.335355128469 0)
(-0.222721928989 -0.333039141633 -1.35908897168e-16)
(-0.237653403494 -0.329415407474 1.09010967872e-16)
(-0.18758812743 -0.218928518024 0)
(0.00758794715961 -0.266409122589 8.46049292787e-16)
(0.0124485669635 -0.275672208605 -8.89646360548e-16)
(0.0254742221438 -0.308181163825 -9.69354229266e-16)
(0.0718977505843 -0.258965240302 -8.51035151589e-16)
(0.0700211068947 -0.25469020146 8.35951399036e-16)
(-0.0486772042916 -0.309328231763 -1.21218009258e-15)
(0.0506922359388 -0.271996706302 -1.39227502248e-16)
(-0.00579313091247 -0.279731406083 3.56890753399e-16)
(-0.0304781616687 -0.326737520832 -3.14373102923e-16)
(0.0236664066598 -0.306602645237 1.11541710657e-15)
(0.255895493212 -0.0758070701681 0)
(-0.194987730551 -0.212137578164 9.95581293764e-18)
(-0.311644737316 -0.198180688968 -1.3769232555e-18)
(-0.367088712814 0.0736325963606 2.66889219088e-16)
(0.303303330418 -0.0403740571436 -1.14369808994e-15)
(0.320125809512 0.0759895888601 -4.17111760979e-16)
(0.279291749246 0.174276836099 9.60829628096e-17)
(0.182453499404 -0.0657019492141 2.16007737743e-17)
(-0.380657719624 -0.0130079711425 -2.55318324444e-17)
(0.315268821568 0.0860346135222 -8.0578460189e-16)
(-0.35095911534 -0.0870183234632 1.01794554635e-16)
(0.335880909026 -0.00943278679921 1.41907097978e-15)
(-0.383912051873 -0.0367352901251 0)
(0.263244093486 0.189968213823 -1.12752107975e-16)
(0.199756233339 -0.0921650404839 0)
(-0.330829558205 -0.178034766751 4.48198935905e-17)
(0.245923858902 0.176714551048 -1.6020141932e-16)
(-0.398530076804 -0.0365962087681 4.64655857041e-18)
(0.363589405305 -0.0131588487411 -2.67587157933e-17)
(0.21033743676 -0.124025325484 0)
(-0.385242103627 0.0408790715572 -4.78599470591e-16)
(0.220062571797 -0.089703579364 -4.76513040878e-16)
(-0.344176888773 0.140052068797 2.54994943507e-16)
(-0.280902341433 0.187851337055 5.71866803551e-17)
(0.217664011781 -0.119723106128 4.0641640717e-16)
(-0.346243809312 0.074738873718 3.28511763571e-16)
(0.240510288408 0.200124703242 9.33309921216e-17)
(0.333948086622 -0.0198012077368 4.74138748989e-16)
(-0.371347911251 -0.0563647160578 -1.77576973021e-16)
(0.108393159396 0.169289115994 -7.49076471734e-17)
(-0.135039476585 -0.143953977667 0)
(0.178588220956 0.210305115072 7.18382286443e-17)
(-0.152390430574 0.122425639669 -7.68006211217e-18)
(0.0863754363257 -0.245048621794 -6.85888719663e-16)
(0.0742221252834 -0.253857645891 1.10766525923e-15)
(0.133492384022 -0.0723626262231 0)
(-0.0785937771685 0.0741362808211 1.95198510979e-18)
(0.186478783792 0.209589535817 1.10697976058e-16)
(-0.355013785591 0.147248176318 2.44018699985e-16)
(0.250232758687 0.18679943497 1.22251286482e-16)
(-0.385778419854 -0.0431022245184 -5.25626390914e-18)
(0.347124354964 -0.0152655788714 -4.6557870856e-16)
(-0.397781369745 0.0345485042861 5.65501195843e-16)
(0.300735631365 0.151274108643 -5.74148181235e-16)
(-0.333121821007 0.168590184976 0)
(0.268903361717 -0.083907706367 9.65262161592e-17)
(-0.352260729577 -0.146706881763 0)
(0.2971933861 0.161289136487 5.07082570619e-16)
(-0.327995897219 0.168641250794 0)
(-0.349505270677 -0.160711540385 -1.24371710005e-16)
(-0.34589997463 0.0952429236391 -5.29900028013e-16)
(-0.387731835554 0.0483702343296 1.67257287324e-17)
(0.221738007112 -0.102074712411 2.81045793919e-16)
(-0.164410426878 0.135092777457 1.81358963092e-17)
(-0.12031575461 0.098102239396 2.38478332411e-17)
(0.1567649042 0.193101284602 0)
(0.311846062004 0.110174031764 -3.25847491512e-16)
(0.260305600196 -0.0671097699313 1.11427463089e-15)
(0.31823523912 0.0588224070202 -4.39226782805e-16)
(0.315304288019 0.00375229547717 7.56880926857e-16)
(0.239499534121 -0.0989738332376 0)
(0.248515606971 -0.086015569261 2.75890100607e-16)
(0.1903211921 -0.0760512663509 2.1150174532e-16)
(0.276553101103 -0.0600563736174 -1.16267660099e-15)
(0.1436618901 0.24897605646 -8.07939001338e-17)
(0.180473508777 0.248998164961 2.01486333255e-20)
(0.163372590387 0.24461837852 -2.01382703747e-20)
(0.0494952328946 0.286746848906 0)
(0.0196308131775 0.169185035029 -8.81037647749e-27)
(0.0197182359582 0.126939480805 0)
(0.0189443411854 0.0865938295383 -1.43440443504e-15)
(0.259792257932 0.204925935698 3.50760449139e-16)
(0.0388402523555 0.314461065052 7.22544852817e-16)
(0.0172577060327 0.0484176495372 0)
(0.098454348232 0.357435602223 3.1776257568e-27)
(0.0286028258263 0.323681156017 -7.22544852817e-16)
(0.0723359310054 -0.0716613442945 0)
(0.15883066499 0.253499506247 1.67983026135e-19)
(0.0498719386089 0.235452704624 0)
(0.339681499443 0.0421856715129 -4.62768339409e-16)
(-0.19242709286 -0.280336277303 -5.79454559013e-16)
(0.0146273736313 0.0121084108478 6.00699301527e-27)
(0.229496548514 0.213047617996 0)
(0.0470637012448 -0.0973869391899 -1.6131777911e-15)
(0.13640046962 0.0615123044947 0)
(0.0790860065173 -0.0399369184694 -2.78487137293e-17)
(0.0110719617601 -0.0227461647858 -1.68810929978e-15)
(0.079735305981 0.0409359971572 0)
(0.133850039372 0.0289141025208 0)
(0.121812784128 0.0226052889582 5.33009680887e-27)
(0.0163172231345 0.389609985477 0)
(-0.402151832054 0.000805510334758 0)
(-0.132858567516 0.349677905345 0)
(0.129665516841 -0.00222920804855 0)
(0.0088642776889 0.176470101971 1.17645249593e-15)
(0.371318136502 0.00848761322254 5.57963092528e-17)
(0.0392663093747 0.295853310527 0)
(-0.181816622495 -0.287948281189 3.00207535189e-16)
(-0.149512725817 0.332922336096 0)
(0.00910046525602 0.133743687527 -9.29414717591e-27)
(-0.137630308385 0.340762790472 0)
(0.0155952688664 0.384852080632 0)
(-0.126508003157 0.270499283526 0)
(0.00854984980611 0.0928050722129 1.43440443505e-15)
(0.126190322682 0.0899852960856 0)
(-0.18830605554 -0.19583497854 -7.76813225481e-16)
(0.34836973949 0.008706468566 -5.84136195418e-17)
(0.137358247949 0.0960866133314 0)
(0.0316598749494 -0.0793612026621 3.0363109259e-27)
(-0.168208397533 -0.225991939327 -7.57041243499e-16)
(-0.178872378924 -0.217896813854 7.57041243499e-16)
(0.0674376262881 -0.0469472245193 3.24488248329e-15)
(0.104462796465 0.114378913781 1.28516817811e-15)
(0.341352923542 0.028749225449 -4.85380476118e-16)
(0.350722308583 0.021655102645 -4.9724913916e-16)
(0.0730816438266 -0.0147966544266 0)
(0.26213277062 0.195573503967 -2.22852377725e-16)
(-0.138114813124 0.262760400107 1.35464968604e-27)
(-0.00670339473338 -0.0854552035906 0)
(-0.128347751545 -0.122048129203 0)
(0.00713306634693 0.0540276128519 5.52848250691e-27)
(0.250017765498 0.20704120367 -5.31179854804e-16)
(0.349817470877 0.0365525219497 4.82797737415e-16)
(0.260177551557 0.207136922001 -2.76716417348e-16)
(0.204382391605 -0.0602158925738 -5.86028498461e-16)
(0.00628745497458 0.381564003921 0)
(-0.0563355996685 0.148203616423 0)
(-0.0343913130868 0.176958826428 0)
(0.0948164066778 -0.011823683706 3.10882718232e-15)
(0.0393892894701 0.243726443459 0)
(-0.0167286748957 -0.0921769196436 0)
(0.00749805248865 0.372857201511 0)
(-0.0277802761712 -0.10990501429 0)
(-0.0452721062453 0.155255590907 -2.14317297366e-27)
(-0.0561429257776 0.105667935262 -1.30994617251e-15)
(-0.0453561003237 0.169843847119 2.14317297366e-27)
(-0.188504938635 -0.183100199328 0)
(0.00482580278406 0.0171699153744 0)
(0.0051702567783 -0.0675777251513 6.20375463298e-27)
(-0.0563202095004 0.0649955058037 0)
(-0.0453889274353 0.071677633792 -5.16548525919e-27)
(-0.154307697037 -0.148412870648 0)
(-0.0451181214882 0.112536657613 0)
(0.0209723199409 -0.0864498889317 1.67630537961e-15)
(0.0540547390726 0.378568735464 -4.03255155109e-16)
(-0.0564826343194 0.0517996294381 0)
(-0.0673714934918 0.0452404355859 -1.44505985446e-15)
(0.241879341943 0.203528039267 5.31127756452e-16)
(-0.0402395943246 0.382987967914 -3.70358662018e-28)
(-0.177633607584 -0.203139543353 7.76813225481e-16)
(-0.179287882238 0.206529578926 -6.66707322364e-17)
(-0.0505207389803 0.377562123352 -8.46968168866e-28)
(0.0087102613096 -0.104662892183 1.65514647009e-15)
(0.0846587252591 -0.0079975186209 -1.56847125109e-15)
(-0.0732845188786 0.371976003462 0)
(0.0382964075122 -0.0939732797032 1.6131777911e-15)
(-0.0573675913226 0.0136797314998 0)
(-0.162856178016 0.33542531604 -2.17237060172e-28)
(0.058280628048 -0.0899311641891 0)
(-0.0438320537823 -0.223053778662 6.45431804334e-16)
(-0.0596780603602 0.37709068889 3.26272821897e-28)
(-0.409448414774 0.0347070489733 2.02387961402e-16)
(-0.0153062331452 0.387564468182 0)
(0.371428892618 0.0278170714487 8.29144776386e-16)
(-0.031095454064 -0.367560001502 0)
(0.120419606873 0.0119820103452 -5.33009680887e-27)
(0.134956725335 0.039613959407 -1.37199136943e-15)
(-0.0979358581754 0.361219566991 -4.39554466883e-16)
(-0.112139993885 0.35428411536 -1.63732083535e-27)
(0.150855742712 0.221994946376 -1.08927228998e-16)
(-0.369239269551 -0.11857071285 1.38377635657e-16)
(0.0607477279855 -0.0789669343912 0)
(-0.158691491597 0.186680728732 3.36998495819e-17)
(-0.0323540690746 -0.156770972147 0)
(0.0893709891375 0.1619189087 4.87889477613e-17)
(-0.0945224299027 0.363652201618 0)
(0.112201129236 0.0379094257555 1.45982765646e-15)
(-0.122279953885 0.355798150753 0)
(0.106758407283 -0.00511897528321 -1.54035593123e-15)
(-0.082100365924 0.370190577347 2.91925028805e-28)
(-0.0411044727251 -0.164027673918 8.85459027347e-20)
(0.132339120253 0.206531388841 0)
(-0.024553099348 -0.162226381884 -1.51333895626e-15)
(0.131307716288 0.00807332511934 -1.42750571457e-15)
(-0.0155573964632 -0.154689617329 1.51333739768e-15)
(-0.129962089608 -0.126923944554 0)
(0.0806870476064 0.0526018441852 0)
(0.10152928052 0.0426287686466 -1.45982765646e-15)
(0.0901071652796 0.0361107333291 -2.76046251677e-27)
(0.124182759568 0.287144515489 0)
(0.137498826957 0.108103652687 0)
(0.117310529991 -0.00878730046653 0)
(-0.00518785149646 -0.0743839642773 0)
(-0.0490252225371 -0.158274460506 0)
(-0.132180624078 0.00764088091069 1.35947111453e-15)
(0.111740581999 0.180979232598 0)
(0.124768875891 0.055360606583 -1.01818606367e-26)
(-0.189502061823 -0.155633560978 0)
(0.0811302760716 -0.0292896096532 -2.63593440802e-17)
(-0.370972460546 -0.109198324559 0)
(0.098473925746 0.347469722765 0)
(-0.403005466229 0.0132373929697 0)
(0.374189052675 0.0117327587125 0)
(0.00781522432942 0.386027082941 4.12553649297e-16)
(-0.125160776164 0.221755451573 -8.68004123837e-16)
(0.0926455392509 0.188864300942 0)
(0.115371732324 0.108120183407 0)
(-0.113370460551 0.199270400211 0)
(-0.412731165122 0.039616052374 -9.67554381715e-17)
(0.364926729314 0.0332135321017 3.96620698463e-16)
(-0.0362593259134 -0.350030579303 7.56576882355e-16)
(0.00163869137228 -0.0181465218403 -1.22225996035e-26)
(-0.151916295729 0.320738842736 0)
(-0.0355300415643 0.387662501751 -3.64188736486e-16)
(0.21426712734 0.236909094473 0)
(0.226360444333 0.227158875529 0)
(0.102997613512 0.195945345686 1.79259583584e-27)
(-0.139768813611 0.296875048042 -4.21992805022e-27)
(0.124592471237 0.195440331427 0)
(-0.139125986958 0.313881934657 4.21992805022e-27)
(-0.126728638621 0.288191611493 0)
(0.335461719528 -0.0513284747581 1.2370891689e-15)
(-0.131729495282 -0.00480747250707 -1.34086064452e-15)
(0.368911755254 0.0429634856201 -7.70780524749e-16)
(-0.0454597413316 -0.369344061259 -1.75360079949e-15)
(0.359248608101 0.0559792911615 -4.2976233216e-16)
(0.0373231454503 0.364921684743 0)
(-0.051752053474 -0.353317015391 8.16823894217e-16)
(-0.15385919043 0.331687749851 1.91860802595e-16)
(-0.408901585294 0.0393806093766 0)
(-0.404259018083 0.0499941352016 0)
(-0.0362711761088 -0.105342790772 -5.97054611748e-27)
(-0.125446973184 0.237490093236 -2.49506039618e-17)
(0.10242953602 0.35053840865 0)
(0.0140324598274 -0.0715853101381 -6.14525261886e-27)
(-0.0199945411103 0.393022931756 3.96360485796e-28)
(-0.0562526401592 0.133765556781 0)
(-0.0181294829514 -0.103261174658 0)
(0.103994909539 0.153659212537 0)
(-0.182156068727 -0.13503942433 0)
(0.100817299586 0.211005632538 0)
(0.12437387846 0.210575651772 0)
(0.194881188891 0.194133574373 0)
(-0.027515827151 0.387060543606 0)
(-0.137704366702 0.245762267738 -7.94348929282e-16)
(-0.188053311057 -0.257297607334 0)
(-0.00391332697591 0.387645979152 0)
(0.21099608442 0.251308526626 0)
(-0.380446932353 -0.0748742127053 0)
(0.07251068192 0.356052348193 0)
(-0.0891524845781 0.00694132146289 0)
(-0.0344871940819 0.191655539006 0)
(0.000250220870415 -0.100660586358 -1.65514647009e-15)
(-0.0675352185815 0.0323041000998 -1.48679815678e-15)
(-0.223212578683 -0.157795913438 -1.12793720157e-16)
(0.0190124852336 -0.0975601669359 -1.50979757429e-27)
(0.350743964798 -0.0282708284723 4.09635222261e-16)
(0.00630151625276 -0.34170330768 -8.21330062238e-16)
(-0.0561464311735 0.0917952554359 0)
(0.322745238041 -0.0544214601922 -1.40275686371e-17)
(-0.0564494103586 -0.14070855865 0)
(0.0885543552081 0.17057124486 0)
(0.207422093655 -0.0510069140245 -5.91205799425e-16)
(-0.00185242542028 -0.179129075525 7.30135556335e-16)
(-0.0998509513877 0.013137995582 1.43040958557e-15)
(0.103779908256 0.167302251029 0)
(-0.00778258623428 -0.159843606938 -9.099243085e-20)
(-0.343739463185 0.182074224315 0)
(0.0197122400511 0.154862297943 8.8103764775e-27)
(0.240487215054 -0.0603865676637 0)
(0.075969955909 -0.205344912798 0)
(-0.0570205844085 0.0262659453266 0)
(0.104519719897 0.127173811972 0)
(-0.0784753964952 0.0132077563544 0)
(-0.0680364790318 0.00725010922035 0)
(-0.319344548762 0.183627217989 4.77272768508e-16)
(0.135235002583 0.234573559091 0)
(-0.371204230216 -0.0998203826151 -7.99490175229e-17)
(0.0405257174914 -0.0829093245959 0)
(0.0909385845221 0.349455895667 -3.62096182499e-16)
(-0.0452475295411 0.0851531803343 5.1654852592e-27)
(-0.0451323887819 0.126695545326 -1.27905110312e-15)
(0.0055790818306 -0.33520728425 7.98445991518e-16)
(-0.179473971733 -0.162874531543 -9.32118038981e-16)
(-0.000640526204015 -0.329184815911 1.56321054413e-15)
(0.0656043506134 -0.176740468404 0)
(0.0195641782445 0.113183962096 0)
(-0.110534765438 0.00706524143522 -1.43040958557e-15)
(0.345690862935 -0.0452315544511 -4.1881243077e-16)
(-0.0482572076459 -0.146062728574 0)
(0.0747537583821 -0.0609427949569 -2.6328790119e-17)
(0.339676194774 0.015416045061 4.92992606152e-16)
(-0.247571540455 -0.18446759752 -8.10438754066e-17)
(0.13547360723 0.218362555703 -8.66118266691e-16)
(-0.341951230639 0.179615665124 -3.48845599254e-16)
(0.0184949280535 0.0735807508941 0)
(0.114974508498 0.146650798529 2.11442267045e-27)
(0.00880256601238 -0.320731235972 0)
(0.207807762361 0.186020602801 -3.65283465631e-16)
(0.107875562619 -0.0942500364141 0)
(-0.01032802832 -0.334320377025 0)
(-0.163773777808 -0.00907084892572 0)
(-0.409558596477 0.0176912090753 -2.10470596446e-16)
(-0.00803343124725 0.391077470735 -4.12553649298e-16)
(0.368805847688 0.0225393691687 -8.28011029121e-16)
(-0.301183385357 -0.166461043261 0)
(0.0189298654056 0.213022149638 1.03820155166e-15)
(-0.236977312995 -0.303834012667 -2.33273661361e-16)
(-0.247614256699 -0.295994558507 0)
(0.0497098292489 0.268874581333 0)
(-0.121498726305 0.0134945067655 -1.35947111454e-15)
(0.118087732362 -0.0966631541321 0)
(-0.00558268797278 -0.322963063356 -5.70832680106e-16)
(0.136052491129 0.173445561542 -4.4731180003e-28)
(-0.216233486041 0.246694285055 -9.97165119678e-17)
(0.0268966776279 -0.153080464764 0)
(0.199596341853 0.260895677341 0)
(0.127733927253 0.220667728651 8.0545830924e-17)
(-0.00347580124287 -0.344129019671 -4.82402266601e-16)
(0.115102248201 0.13355276796 -2.11442267046e-27)
(-0.332017002531 0.189283242572 3.78123508436e-16)
(0.135826410104 0.187743262164 4.4731180003e-28)
(0.0189787974267 -0.148711342712 -1.5161416197e-15)
(0.130051733827 0.240503610957 -1.86098066822e-16)
(-0.308319127562 -0.148241010764 0)
(0.112433601799 0.288903296028 0)
(0.112188530958 0.260068176999 0)
(-0.395653560166 -0.0126820992108 0)
(0.0206839359522 0.38295098348 0)
(-0.348303247521 -0.132323332034 2.90076166894e-17)
(0.0164905371764 0.0360782691242 0)
(0.10176774258 0.326501214877 2.70111492558e-16)
(-0.266525265863 0.224551296799 -5.3049998014e-16)
(0.0712906045694 -0.0256351075604 1.60661426626e-15)
(0.10089647202 0.197661870697 0)
(-0.162901767672 -0.0211629605579 2.49304780575e-15)
(-0.281020067377 0.23258400673 1.64558400244e-21)
(0.372628747429 0.0066071101473 0)
(-0.0193448782247 -0.367230011153 0)
(0.120520989741 0.25956957429 0)
(0.265710757621 0.194786440127 -1.39662387735e-16)
(0.351388720501 0.0491177349103 4.47057850161e-16)
(0.136989334406 0.0727892272288 0)
(-0.245540029144 -0.274363493071 0)
(0.31933887357 -0.0618566184372 1.23150835871e-15)
(-0.201214770271 0.290678880294 0)
(-0.20578330069 -0.301637436609 0)
(-0.37592993467 -0.0945897163913 -1.81675716588e-18)
(0.29669129135 -0.0643442349575 5.9093983485e-16)
(0.291444196292 -0.0580295338859 -6.41324564815e-16)
(0.113928401726 0.188260671797 0)
(0.313604488565 -0.0596422162418 -4.03019360506e-16)
(0.0548465753938 -0.279092819316 9.63110143404e-16)
(-0.222360603917 0.196315577701 7.18076432219e-16)
(-0.190119718316 0.127199595298 -1.83888805303e-17)
(-0.238551453165 0.22180815735 0)
(0.112855054082 0.306689775154 0)
(-0.328762397281 -0.152641835324 0)
(-0.0217410495119 0.386702033642 -3.96360485797e-28)
(-0.380016780024 -0.0942969691491 8.21800817111e-17)
(0.0811726778396 0.358186310889 3.62096182499e-16)
(-0.0315623568412 0.382764718722 0)
(-0.112575490182 -0.27359614672 -4.58176627673e-16)
(-0.14217981528 -0.010389594647 2.64092033167e-15)
(0.114587412279 -0.108071826298 0)
(-0.254112053679 0.231017448789 5.30496972524e-16)
(-0.257399633817 -0.268042034417 0)
(0.0453312909565 -0.148662342431 -1.48188608428e-15)
(0.218499908878 0.207408777065 3.29447315288e-19)
(-0.0518431597256 -0.231410213728 -4.78200673028e-18)
(-0.121857373482 -0.266995169212 0)
(-0.198344202021 -0.251836944794 0)
(0.009334817507 -0.156831148011 1.51622715556e-15)
(-0.00934527414201 -0.173431520846 -1.54956481316e-18)
(-0.197518378914 0.231959240478 -1.22332294986e-17)
(0.34382675732 -0.034587103345 0)
(0.0375300166924 -0.289365758182 3.92677521463e-16)
(-0.23701850795 0.205337547057 0)
(0.129259933405 0.238997967919 1.86098066823e-16)
(0.12496768835 -0.110375761749 -1.31618848796e-15)
(0.0528447008053 -0.277062195565 1.81970277946e-17)
(0.125306190612 0.166676876059 0)
(0.00569158876617 -0.318693885876 -1.10673920964e-15)
(-0.155924895379 0.340016614017 -6.30098738759e-28)
(0.092948355477 -0.0224200519219 -1.58025492219e-15)
(-0.0577111960505 -0.165281085699 0)
(0.0371528176673 -0.144603268132 1.48188608429e-15)
(-0.133262103022 0.180146328644 2.03797787773e-17)
(0.195854417501 0.274619876386 4.83726078411e-16)
(-0.187507477173 -0.181783131908 0)
(0.12717570303 -0.0653214944416 1.08144496082e-20)
(-0.235188018991 -0.191261607744 4.93764940291e-17)
(0.0799443398838 -0.176150541371 -2.37640236271e-18)
(-0.0744143085469 -0.166129072066 1.37175342768e-15)
(-0.0136691715831 0.385444664257 0)
(-0.385631727931 0.0829561273768 0)
(0.0958349940567 -0.165079140428 2.36338317309e-18)
(0.00152679870679 -0.152014479318 0)
(-0.334977397144 -0.138075787754 0)
(0.100211496242 0.310171083327 -2.70111492558e-16)
(0.124300512417 0.242914070137 -8.4531125772e-16)
(-0.013612956071 -0.354670006474 0)
(-0.0657646725892 -0.15936190975 0)
(0.0599941477274 0.260208060478 0)
(0.171087084133 0.0469994264179 1.27133974001e-15)
(-0.173060437059 -0.0261777347334 -4.42943185275e-17)
(0.197622885929 0.0901876852976 -1.11083820286e-15)
(0.0135443591504 0.000292297247525 -6.00699301528e-27)
(0.00730935023134 -0.170672536509 0)
(-0.111206745628 0.0802663099627 6.0743608116e-19)
(-0.053494097432 -0.0959151004788 0)
(-0.390721054196 0.0729179964312 0)
(-0.113500815312 0.214109834891 0)
(0.0434745327295 -0.293929221241 -7.31389143868e-16)
(0.0490754911735 -0.285004935896 8.27761856012e-16)
(-0.00134410803682 -0.305228276818 -1.01706808822e-15)
(-0.141097222206 0.103627737865 2.72738902006e-17)
(-0.201962570532 -0.206291129778 6.78470037012e-16)
(0.137010161026 0.133146880994 0)
(-0.267609243975 -0.240067090985 2.21650088197e-16)
(-0.121223548248 -0.250227903193 8.96198267525e-16)
(-0.0393361521393 -0.331892295045 0)
(-0.234736124376 -0.32460619214 -6.84813816758e-19)
(-0.105921851676 0.327903450263 0)
(0.0706459114253 0.268817520587 0)
(-0.341364313663 0.118504874657 0)
(-0.164498542133 0.291924031271 0)
(-0.213997123306 -0.199787429553 -6.78470037012e-16)
(0.0647780090655 -0.143587341415 1.44486702105e-15)
(0.228314607241 0.230934608051 0)
(-0.123572644359 -0.220409008874 0)
(-0.0014441664748 -0.351329732576 0)
(0.339586331003 0.101329220882 0)
(0.313126062829 -0.0617731347579 -1.16967889867e-16)
(0.0386559369807 0.349777328123 6.35069755293e-16)
(0.0243615590996 -0.166760260068 7.26460407247e-16)
(-0.254781377651 -0.246976278903 -2.21810317829e-16)
(-0.283632207381 -0.251509969738 0)
(-0.278175981715 -0.200158929552 3.29262364234e-17)
(-0.153352898005 -0.00375358826942 -1.30005968714e-15)
(0.0321046274931 -0.171600567631 0)
(-0.215467468601 -0.266946475456 0)
(-0.252620553603 0.143514709474 2.67645036892e-17)
(0.24269778942 0.21299071197 -2.77598586823e-16)
(0.238325792244 0.0355926255721 1.71547704454e-15)
(-0.305917574625 0.1897206567 -4.76399503325e-16)
(-0.114577756729 -0.228285423291 -1.03381949246e-15)
(0.183488508782 0.0424971306824 -1.27102642608e-15)
(0.220066643287 0.245086995501 1.1256108168e-28)
(-0.166315795293 -0.150122368873 0)
(-0.373366682046 0.090987506512 0)
(-0.269717170961 -0.291367415186 2.56546327362e-18)
(0.183690086645 0.144915662083 -9.74614229201e-16)
(0.0871274621685 0.142983762263 -1.67376127862e-18)
(-0.0931090739218 -0.104845033645 0)
(0.204333137963 0.269470826856 -2.94891830312e-28)
(-0.243055813607 0.139011181971 -7.68447048762e-16)
(-0.36912475185 -0.109491654756 -1.39030544166e-16)
(-0.0652504243461 -0.147213072991 0)
(0.171810692233 0.0574632831821 -7.76508846027e-20)
(0.205899897953 0.216123462582 0)
(-0.136889411017 0.214404009405 8.68004123837e-16)
(-0.0980749360061 -0.244941832665 4.99836288966e-16)
(0.123999487215 0.260049984253 0)
(0.124175178332 -0.0757314945351 -1.08144398449e-20)
(-0.172031026763 -0.0379423871352 -1.09461541328e-27)
(-0.258933884609 -0.304058073115 0)
(-0.367750189749 0.133469818809 0)
(-0.114713325895 -0.242647076148 0)
(-0.303185908814 -0.164514377522 4.34975259808e-16)
(-0.160079414772 -0.0560796197146 -1.13150891247e-27)
(0.126222481153 0.114356275561 4.35979695099e-27)
(-0.217190402613 0.136668716018 -4.76362003684e-19)
(-0.141364962776 0.347203299276 0)
(0.102541557953 0.243015600712 -8.87619101966e-16)
(0.213020951348 0.262065799574 2.94891830312e-28)
(-0.27742391374 -0.28247776923 0)
(0.0562652433206 -0.139985789278 -1.44486702105e-15)
(0.123887300578 0.0442403766343 1.01818606367e-26)
(0.19667756681 0.0481125151787 0)
(0.0889380799271 -0.0432621732933 -1.58268587548e-15)
(-0.172142838199 0.192801328916 8.52584949258e-16)
(-0.286277904226 -0.271613175947 -2.51840615896e-16)
(-0.283126430396 -0.269666053141 2.45832890133e-16)
(-0.155012445499 0.195912987983 -3.3699849582e-17)
(0.131349585211 -0.124423274832 1.24794629373e-15)
(-0.292830868986 0.225132510995 0)
(0.102284999009 0.260079232883 -7.63513993108e-28)
(0.222079938307 0.251035024632 1.55125792996e-28)
(0.0491643515737 0.341208006638 -6.35069755281e-16)
(-0.218998227113 0.129443433045 0)
(-0.160956621731 -0.044591056071 1.13150891247e-27)
(0.0598293050059 0.314539515034 -7.00388982875e-16)
(-0.183451079096 0.171210967376 0)
(-0.363250947951 0.130370118424 0)
(0.061489222758 -0.157282596786 -1.37293449456e-15)
(0.194107549575 0.284378925349 -3.46482313902e-16)
(-0.171624595999 0.178025195556 0)
(-0.194551945864 -0.0240562035353 0)
(-0.0351628687293 -0.0943071559222 5.97054611749e-27)
(-0.0540587746445 0.369669531572 8.46968168866e-28)
(-0.221009150872 0.180569018395 0)
(0.0915053246392 0.286668924456 0)
(0.200898922521 0.275118933811 -1.80521763666e-28)
(-0.00698757030843 -0.226734830992 -6.67234612548e-16)
(-0.21880797502 -0.291469898725 4.86236369898e-16)
(0.343078614624 0.0604356507303 -7.10603279199e-16)
(-0.231326998156 -0.212501526109 0)
(0.0809690367446 0.260052112658 -3.97853618294e-28)
(0.306326083925 -0.0684111797299 0)
(-0.231959529359 0.159446024452 -2.29470145156e-20)
(0.157373233094 -0.0829367820242 1.58353695393e-19)
(0.00193572192792 -0.0895486645086 -6.07726155625e-27)
(-0.229671253255 0.130996459123 0)
(0.238933643137 0.0443548339219 1.08353297728e-15)
(0.178988342683 0.265136675664 0)
(0.0929076632852 0.174645408706 0)
(0.0352953624586 0.0139931471839 -3.2418077468e-15)
(0.210124952639 0.0435560466108 0)
(-0.303517940413 0.229799132808 0)
(0.0601132895497 0.295764962638 0)
(0.114184611162 0.174032340931 0)
(-0.373361622816 0.104733338861 0)
(-0.0653753952374 0.362149542222 0)
(0.0918507880861 0.268738160865 0)
(0.0340368310908 -0.208274664406 1.28779019861e-15)
(-0.0367464512966 -0.230564305591 -1.29752593186e-15)
(0.00845439708367 -0.223019824313 6.70190118264e-16)
(0.223425404283 0.0298382593749 -1.15292394823e-15)
(-0.235421903533 -0.232371093266 0)
(0.293187302832 -0.0634764757989 9.97260902757e-16)
(0.0148174594201 -0.175743317685 -7.2645568722e-16)
(0.0702814840087 0.286826481673 0)
(0.00175892575329 -0.2170178709 -1.35236054817e-15)
(0.190511307233 0.256095956738 0)
(-0.105598474261 -0.251406473746 -5.00147735211e-16)
(-0.0800056697025 0.358296189146 0)
(0.0496544041882 0.323342424466 -9.77631197093e-27)
(-0.169754232449 -0.0608488157022 0)
(0.0706865912738 0.235089157022 0)
(0.111471461377 -0.177944924401 5.75169425568e-16)
(-0.147548191209 0.208505839841 2.19916998489e-29)
(-0.264772082442 0.0996271075483 -3.00666480749e-18)
(0.0508181221828 0.190098037404 0)
(-0.385621688926 0.0924321538339 0)
(0.230580708313 0.241674097611 3.49267643061e-16)
(0.0238615036945 -0.219140045701 0)
(-0.233462234422 0.174558111662 2.29470583313e-20)
(-0.230509276594 -0.156379406014 1.12793720157e-16)
(0.169578578602 -0.0847464741615 3.78608916617e-20)
(0.184345684633 0.0631195702398 -1.46303455489e-19)
(-0.0137985767183 0.373308889971 0)
(-0.166140244056 0.232148855977 -2.19916998489e-29)
(-0.133289670333 0.174490449724 -2.03797787773e-17)
(0.168146628541 0.0166969581809 0)
(-0.148384927074 0.192210665864 -8.44996278338e-28)
(-0.0670182872469 0.348410653234 0)
(0.171963154543 0.126008630818 -1.06809707123e-15)
(-0.22331434104 -0.238373981712 0)
(0.278360760586 0.145332957244 -3.6579531633e-16)
(0.0122637523203 -0.0826267352161 -1.6763053796e-15)
(0.204377684043 0.23152021401 0)
(0.135204945167 0.268351136891 3.15209877734e-28)
(0.0812205209928 0.295614347783 0)
(-0.211559557983 -0.183512825412 0)
(-0.0306305630317 -0.256313925528 6.58162084818e-16)
(0.184948368835 -0.0768412671504 -5.97246754357e-16)
(0.11286404212 0.286438886603 0)
(0.0812500018416 0.243162937072 3.97853618294e-28)
(0.0168144201999 -0.212523652137 5.36899016013e-18)
(-0.0899520619104 0.127053240936 0)
(0.138947532525 -0.101883171059 1.31620363311e-15)
(-0.0136018222868 -0.219777316051 1.32445114822e-15)
(-0.0218000508059 -0.229276765227 -1.3213590959e-15)
(-0.0742186469256 0.0607303063046 0)
(-0.0727709817654 0.0736211914014 0)
(0.241236044822 0.228790796567 -3.49267643061e-16)
(-0.198327013474 -0.16135967857 -2.88850682877e-27)
(-0.280475574935 -0.0583579923824 0)
(-0.0129547843427 -0.359625736763 4.92576438116e-16)
(0.360764920174 0.0781606867242 0)
(-0.16025693553 0.199764232913 -8.52584949258e-16)
(0.182514349903 0.0325005365103 1.3007078996e-15)
(0.0303791076963 0.147819392561 -9.27023738458e-27)
(0.113841646585 0.0604095658432 -1.41894730645e-15)
(-0.352792763237 -0.113767777879 0)
(0.0906919334617 0.334605769174 0)
(0.0254672572199 0.0188741430059 1.62556118962e-15)
(-0.102645470036 0.358656364777 -2.55799300933e-28)
(-0.281159544933 -0.0462259352791 1.06472405503e-15)
(0.194247471773 0.209252130938 0)
(-0.136618312174 0.199387641018 8.09916171848e-28)
(0.165349260428 -0.0954530710137 -1.20703934831e-15)
(0.0602286321718 0.243415119094 0)
(-0.264811498927 -0.0651781670457 3.90964517263e-16)
(0.108406983044 0.00546639815142 -2.76077418105e-27)
(-0.0803695873274 -0.277825224192 5.2674255558e-16)
(-0.273090512573 -0.277979214179 0)
(-0.251483979181 -0.26775002054 0)
(0.199649338541 0.261059216033 -2.16042931779e-28)
(-0.140254319418 -0.0459845541604 -1.35560786753e-15)
(0.0607204608612 0.211962656503 0)
(-0.208760665636 -0.296271757325 2.80153481281e-17)
(-0.251105495822 0.0920511283521 -4.27396943545e-16)
(-0.131571692426 -0.226976867327 0)
(0.23734578205 0.222433767847 2.07466255464e-16)
(0.0709755689674 0.219381105657 0)
(-0.0859395807406 -0.299765203095 -7.22169438943e-16)
(0.0294153602286 -0.186540169043 0)
(0.184770016696 0.0737452448877 -1.15864895777e-15)
(-0.257624073197 0.130729504642 3.83441533129e-17)
(-0.139785622794 0.248560740921 0)
(0.117926874364 -0.146321256026 -2.14888362881e-17)
(-0.129579327607 -0.293800975649 0)
(0.169430259588 0.0266745594497 -1.3007078996e-15)
(-0.0568518828719 0.323252463128 0)
(-0.264211828839 -0.0770207631112 -1.45328630975e-18)
(0.113208944085 0.234652823932 8.4531125772e-16)
(-0.17085046799 0.135543024327 9.94350980168e-16)
(0.119783646725 -0.179516150818 5.38351712673e-16)
(0.23698985272 0.0170067596717 0)
(-0.0891167454175 -0.253334343753 1.05511934525e-15)
(-0.0826672641696 -0.159944654265 -1.3717488296e-15)
(-0.216146126938 -0.0214376254306 0)
(0.207793476927 0.248115546341 -1.1256108168e-28)
(0.145976683283 -0.115337833011 -3.68322109629e-17)
(-0.163031777168 0.264134565346 0)
(0.0408479763501 0.15469983169 -1.23210954213e-15)
(0.113432825197 0.218591934512 0)
(-0.0223300267707 -0.246855292082 4.99903370768e-18)
(-0.0675775218918 0.0595176120264 -6.66904637729e-19)
(-0.244731575068 -0.206703515233 -5.18682449497e-16)
(0.352123325751 0.0927531151096 0)
(0.14071949146 -0.00575928007418 1.30259394295e-27)
(-0.0779608427977 -0.290636218976 -1.47462131884e-17)
(-0.226570025473 -0.259936569666 0)
(-0.130612430329 -0.275230759144 0)
(0.131652787191 -0.0887691411457 -4.17339778012e-20)
(-0.0311818807595 -0.274065512851 -1.24261260306e-15)
(-0.193712313208 -0.230487794631 -6.57297036903e-16)
(0.0400746394328 0.0873333394917 0)
(-0.12421426964 -0.206413147554 0)
(-0.10316294791 0.0831061662824 -9.97822608028e-18)
(-0.19850562509 -0.174522999561 2.88850682877e-27)
(0.186068888944 -0.0278745299563 -1.2699826093e-15)
(-0.0783126050832 0.0918502235439 0)
(0.277795635063 0.174202302871 -3.43468544443e-17)
(-0.269843860787 -0.293592151008 0)
(0.102390419508 0.295255126783 0)
(0.138814336862 -0.0157901616838 -1.30259394295e-27)
(0.195199236821 0.279812317476 3.46482313903e-16)
(0.286995693071 0.0873944590458 0)
(0.126066780338 -0.0224111853313 0)
(-0.243063742083 0.0169873738153 -9.50136621796e-16)
(-0.139458397145 -0.249186932243 0)
(0.28385761066 0.160626376387 2.99916161947e-17)
(-0.294171458595 -0.259076402242 6.23579713197e-17)
(0.180252396653 0.295905573386 2.12055861923e-28)
(0.269608074185 0.0364052742515 -5.16415092135e-16)
(0.197476886581 0.0793219820138 1.15873546159e-15)
(0.249709862526 0.219343102069 0)
(-0.184445700833 -0.0193234881898 -1.18117219535e-15)
(-0.0376265245521 -0.248152495495 -1.2429018186e-15)
(0.198602194607 -0.0795311127542 6.02304398821e-16)
(-0.212434657913 0.307397581928 0)
(0.253077691489 0.0229569674453 0)
(-0.22118005687 0.234322563707 9.97165119678e-17)
(-0.0558371654249 0.341266981524 0)
(0.144280075978 -0.166956260276 5.00282226931e-16)
(0.269903013729 0.0451286400967 -3.49771865023e-17)
(0.0425078282429 -0.162324734795 0)
(-0.227891596739 -0.0144268846446 4.46217004346e-28)
(0.207382897085 0.015110256414 1.21144096856e-15)
(-0.0288003175517 -0.22138510033 1.96316038194e-15)
(-0.165690078265 -0.105634294283 0)
(-0.182933536711 0.156831216141 9.08166672205e-16)
(0.195300295689 0.0284541878499 0)
(-0.190425588383 -0.058688027603 1.12740068316e-15)
(0.0508534997055 0.0941145657819 1.26072642988e-27)
(-0.140312513145 -0.264621066804 0)
(-0.185681504245 0.129101077086 1.91704731007e-17)
(0.275836671868 0.156847280659 6.51795369408e-16)
(0.316812507889 -0.0657092916707 0)
(0.11540075835 -0.019117204163 1.51970606544e-15)
(-0.0233467282381 0.36718947826 1.34059406411e-28)
(0.153570115141 0.000597050576879 -1.37308395426e-15)
(-0.0253838926147 -0.0878116688002 0)
(-0.16931889825 -0.24217241276 -3.63863385167e-16)
(0.22217662448 0.020831096015 -1.21144096856e-15)
(0.0504807667525 -0.166704230494 0)
(-0.121849070069 0.349440386602 0)
(-0.193246228893 -0.0358270829377 -2.22678864825e-15)
(0.0965164014058 -0.0568165017035 -1.51773221153e-15)
(-0.0877274066758 0.359485329814 4.39554466883e-16)
(0.0514779123174 0.147686686135 1.23210954213e-15)
(-0.0673714488318 0.126813779039 4.62528957245e-27)
(0.0473852959627 -0.181692425793 0)
(0.142719967726 -0.0907667097524 0)
(-0.203110403564 -0.0402640604938 2.13692428478e-15)
(0.253789795111 0.030543020355 -5.62492716354e-16)
(0.0491140388917 0.0564718333928 0)
(-0.276561897119 0.163524179159 -6.34881484944e-18)
(0.0340805590386 0.00237636458905 -1.65812674717e-15)
(0.113377889059 0.268658688882 0)
(-0.25563107887 0.0240872198084 4.30859083077e-16)
(0.0866301796308 -0.0537980578292 -1.57851502869e-15)
(0.13589731227 -0.181622033755 4.60133218578e-16)
(-0.229510354249 -0.00237111855816 -9.57775382436e-16)
(0.0818037213 -0.0746697587037 0)
(-0.23910261295 0.245175932225 1.50840652444e-16)
(0.038206451094 0.0497278320669 0)
(-0.29946892152 0.130803896813 0)
(-0.113700517768 0.344409572409 1.63732083535e-27)
(0.287516920414 0.0785605428817 -3.3978970873e-17)
(0.111303914019 -0.0394250009023 0)
(-0.0787003742292 0.133963932846 -2.17087315171e-27)
(-0.0459521533517 0.295927537836 0)
(0.180385427599 0.0129652043968 0)
(0.150135579252 -0.10378602053 0)
(0.270880369776 0.064125924023 0)
(-0.174783134685 -0.110431012613 0)
(-0.101869369432 0.338021221477 5.27152545698e-16)
(-0.13031061927 -0.0407008511859 1.35560786753e-15)
(-0.214615242322 -0.0332783860031 -1.04563027658e-15)
(-0.0894378935782 0.085196608466 0)
(-0.350301653119 0.0463223564564 0)
(0.120903697702 -0.122391704426 0)
(0.0303533003177 0.133845826973 1.30386134778e-15)
(0.120347674724 -0.195227805367 -4.65189061582e-16)
(0.0280890579336 0.0551871146289 0)
(-0.130746730448 -0.0289002809184 0)
(-0.089781690052 0.112833449031 1.24669926348e-15)
(0.0287387407157 0.067743806691 0)
(0.0368028689267 -0.191805591723 0)
(-0.200056210847 0.314239866303 0)
(0.0609918046076 0.197116644344 0)
(0.0617103541515 0.16842351343 0)
(-0.0334763037032 0.372403887067 5.32652285618e-16)
(0.0231772037665 -0.00442345444787 1.65812674716e-15)
(0.177924943941 -0.0966623048777 1.20705594493e-15)
(0.155186412625 0.0106034571927 0)
(0.0550527587959 -0.18626343973 0)
(0.145374252682 -0.132517603299 2.09092423189e-17)
(0.0406930543992 -0.213834568633 -1.28779019861e-15)
(0.0409095522664 0.127109312514 -1.30386134777e-15)
(-0.0997843042447 -0.160269698564 -1.26745620072e-15)
(0.123889608951 -0.0325529902966 0)
(-0.241492885348 0.00469184184052 1.87048726552e-15)
(-0.387821382784 0.0727422411639 1.38242496777e-16)
(0.0392360165352 -0.255265650632 1.70764066176e-15)
(-0.108375329331 -0.179526823393 -1.20738619461e-15)
(-0.204957718404 -0.224720870828 6.57297036903e-16)
(-0.149388028929 -0.24082385741 0)
(-0.220667197133 0.0143200413889 -9.93455584715e-16)
(-0.304968089846 0.0845042555394 6.18245034049e-16)
(0.0514656117714 0.133927768541 0)
(0.134366776507 0.28577382872 -6.67876580761e-16)
(-0.190334603766 -0.143473038207 0)
(0.11304393349 -0.210063611052 0)
(-0.2710403299 -0.158103353718 0)
(0.194043771385 0.0188352062329 0)
(-0.293949789686 0.211280783519 5.10164918194e-16)
(-0.224233730361 -0.177190499002 0)
(0.0297198860675 0.0934294752825 0)
(0.0300457408188 0.17613935136 -1.1720561059e-15)
(0.0620304423974 0.127241803642 0)
(0.102736777968 0.210927938123 9.60197413637e-16)
(0.264915383226 -0.0067291322783 0)
(-0.255340227856 0.133430570085 1.13182983429e-15)
(-0.244474620794 0.153726698778 0)
(0.270824947235 0.0733947770329 9.26903669287e-16)
(-0.287280638912 0.0632258166583 0)
(-0.078418478947 0.10578748407 0)
(-0.0783413553081 0.0258810545098 1.48679815678e-15)
(-0.276104890164 0.0819048608415 -3.83917191582e-16)
(0.279756654053 -0.0734963728118 -8.85438358572e-16)
(-0.210197391319 0.0191251608138 4.77307154514e-28)
(0.183668301984 -0.0371628163258 0)
(0.0300401554002 0.106717115473 0)
(-0.175199401623 -0.0022277009004 0)
(0.0275814587528 -0.101270095975 0)
(-0.216497655934 0.109676417035 8.94794254798e-16)
(-0.141589371317 -0.0225078529217 1.31073838484e-15)
(0.0097073417361 -0.0341400222287 -3.06750551854e-18)
(-0.219277910319 0.0020431855174 0)
(-0.00969435726928 -0.107546489144 0)
(-0.0893059211707 0.0715501637296 2.62876551917e-17)
(-0.180764823477 -0.05418419409 -1.12740068316e-15)
(0.0218647797572 -0.0159303072507 1.68810929978e-15)
(-0.100385711277 0.0650686990096 1.34763882605e-15)
(-0.250034482527 0.0787113456632 4.22459919474e-16)
(-0.10831410272 0.348648616368 0)
(-0.294608476567 -0.24372958533 1.30206251043e-16)
(0.0618506054234 0.154461825447 0)
(-0.260150905361 0.0606432815123 -8.2607673852e-16)
(0.0588821955071 0.348354641505 4.24884207254e-27)
(0.101023582612 -0.0362946902876 2.79790026852e-27)
(-0.147029357421 0.107178222889 -1.13859438067e-15)
(-0.0719126231048 -0.271482456983 -5.1566742168e-16)
(0.269517856887 0.0952054789747 0)
(-0.0437114095251 0.365695843678 -5.32652285618e-16)
(-0.237501849707 0.07145727878 -9.28982900971e-16)
(-0.0912268169768 -0.222722536752 0)
(-0.135632813211 0.113763539269 -2.91968919611e-17)
(-0.28883523512 0.076594508195 3.86753195165e-16)
(-0.0352826977618 -0.198447934761 -1.3745366163e-15)
(0.145088896735 0.0247112323192 0)
(-0.239324631828 0.0975336734191 -4.67239997772e-16)
(-0.195029432527 0.273322613244 0)
(0.143739221222 0.0143921021203 1.42750571457e-15)
(-0.0795572056373 0.322845761851 -2.75177767777e-28)
(-0.0456843754316 0.314668455514 0)
(-0.0419294633907 -0.177432711567 1.41013714304e-15)
(-0.0567737569572 0.287076428242 -3.66458698261e-28)
(-0.130767394993 -0.241213695494 -8.86863925588e-16)
(-0.17121108535 0.149559183239 0)
(0.108899637613 -0.0497161086497 1.51773221153e-15)
(-0.236329292784 0.0586357807593 0)
(0.157552763382 0.0307812487186 -1.21814954284e-27)
(-0.372106662341 0.124883566644 0)
(-0.207713689364 0.148045500948 -3.04150461564e-19)
(-0.21137671081 0.0317250374267 -1.02017456464e-15)
(0.0511978470214 0.107181654821 -1.26072642988e-27)
(0.224292441456 0.0490608368779 0)
(-0.176921048888 0.273134254636 6.02254631488e-16)
(0.146153383107 0.259698773824 0)
(-0.190694775939 0.297596513542 -2.09972978167e-28)
(-0.312775185798 0.126851979052 -9.51741391515e-18)
(-0.18877381167 0.310853234328 2.09972978167e-28)
(-0.140960307061 -0.218556941521 0)
(-0.160678526409 0.335912625455 6.30098738759e-28)
(-0.0821480304559 -0.245746255593 -1.05782478841e-15)
(-0.377461899689 0.112561914198 1.71129546485e-16)
(-0.0903188384805 0.346496418359 -5.27152545698e-16)
(0.0939345297728 -0.0673415460714 0)
(-0.243961249372 0.206795128376 0)
(0.19729158035 0.058152404685 0)
(0.20925996827 0.0341288157071 0)
(-0.332483489674 0.0504396471305 0)
(0.0612473146931 0.0881131208357 1.396594345e-15)
(0.0618700987387 0.113933146488 0)
(-0.170209559662 0.107887991269 -2.1172596744e-15)
(-0.0787458996238 0.339924472123 2.75177767777e-28)
(-0.151040467546 -0.0395842500331 0)
(0.235492836659 0.00828364806348 0)
(-0.223189740031 0.0387425051344 1.02017456464e-15)
(-0.0996774969784 -0.200370688431 0)
(-0.249919505672 0.260625120383 -3.25801180872e-16)
(-0.102974874384 0.322245832277 5.95006706126e-16)
(-0.158793377975 0.114395503294 1.07569041716e-15)
(0.338431771948 -0.0530663209645 -8.07939972205e-16)
(0.0264010144871 -0.310298303789 8.16584113972e-16)
(-0.0988473033662 -0.230009872483 0)
(-0.0997215236191 -0.0115292012757 1.34627180821e-27)
(0.210653499574 0.095766251057 -5.19730711531e-16)
(-0.0240528274313 0.350665818277 -1.34059406411e-28)
(0.146688222201 0.242744388584 0)
(-0.201654740287 -0.0518139309297 -1.03564558253e-15)
(-0.0543129006752 -0.106895775585 -2.33970230767e-17)
(0.0407374327734 0.113563565464 0)
(0.158591171209 0.0411644152217 1.21814954284e-27)
(-0.111739780519 0.0718928864571 0)
(0.210688042506 0.063618665911 1.10187925442e-18)
(-0.116570145781 -0.199894756252 0)
(-0.206125807358 -0.0170467364101 0)
(-0.33059129211 0.147546433876 -2.00330860524e-16)
(-0.0995905901084 -0.0810626122921 -1.49932651233e-15)
(-0.277978599068 0.0945275708665 5.94294769939e-18)
(-0.201656423311 0.0497786019189 -4.02436871119e-17)
(-0.151777003241 -0.0277976016985 -2.57831967671e-15)
(-0.0704411662795 -0.0636781258435 -1.6078986429e-15)
(0.111040354971 -0.083268237229 0)
(-0.253937486026 0.119043564701 0)
(-0.335855956148 0.189061918382 0)
(0.20593398806 0.00597060083383 0)
(0.325991155887 -0.0583548881641 -1.22610111561e-15)
(0.254419700038 0.0587648029523 1.68880651329e-17)
(-0.0908335457709 0.31409490609 0)
(-0.15407147609 0.00867458949415 -1.15686894656e-27)
(-0.19458151538 0.320046378088 0)
(-0.0617405061704 0.370952092583 -3.05615143445e-16)
(-0.17673103578 0.31857887808 -7.38328699393e-28)
(0.0498258927956 0.0688133931448 1.47725567925e-15)
(0.343172615503 0.100964753745 -2.19520443133e-18)
(0.330196504119 0.108910083394 2.34989686973e-18)
(-0.11405363987 0.261752869333 0)
(0.285062713037 0.142815767544 0)
(-0.186717010691 -0.362678051322 0)
(0.183696769839 0.294121880705 0)
(0.123668370936 0.29439836585 6.6787658076e-16)
(0.0510283880946 0.175724603372 0)
(-0.200652702239 0.0369122485637 0)
(-0.227122355864 0.244654698138 -5.77063079034e-16)
(-0.0347290751345 0.221359220654 0)
(-0.227072782548 0.0902161072621 1.82961600998e-15)
(-0.079665622555 -0.046883315142 0)
(-0.243719971235 0.231690156031 0)
(-0.174313263525 0.239888451607 -3.22852183642e-17)
(-0.0912518399242 0.295943950322 -7.22456127457e-16)
(-0.247450037058 0.0536521452755 0)
(0.157677266302 -0.117191201851 -3.67737991971e-17)
(-0.090965581233 -0.142112576163 0)
(0.0395658467723 0.074526239009 -1.47725567925e-15)
(0.192317525515 0.240489080795 -6.64590270543e-16)
(-0.245426339765 0.282246275652 -1.15676962583e-28)
(-0.172201803679 -0.393450828171 0)
(-0.215781040021 0.0961071678414 -1.90943149694e-15)
(-0.149350455628 -0.0625005580172 0)
(-0.2243412936 0.0515269963061 0)
(0.00379857462393 -0.200381902851 -7.03076601115e-16)
(-0.00343953541193 -0.194028984364 1.4012133061e-18)
(-0.191492511018 0.0685496348186 2.13405994231e-15)
(-0.307717045116 0.0971991454947 3.13878935402e-16)
(-0.281857202816 0.214835173235 -1.54168904534e-16)
(-0.202253308727 0.211828006238 0)
(0.0974751612167 -0.224491645845 8.86919609173e-16)
(0.0673505782357 -0.0930551088904 1.54737956225e-15)
(-0.278428101351 -0.0828255730952 1.04329757924e-17)
(0.0725392273182 0.133935107585 1.26098760214e-15)
(-0.387988067936 0.087388609881 -1.38841773553e-16)
(-0.260866033704 0.239814070432 0)
(0.211501151641 0.264613409093 1.92600710233e-28)
(0.0719304992762 0.175223384699 0)
(-0.101829986749 0.177414073305 0)
(-0.188844665191 0.265986898866 -1.17017426235e-15)
(0.331771426126 -0.0588596777147 4.14010326302e-16)
(-0.217816500873 0.137058890937 -8.87567679049e-16)
(-0.205050278047 0.115838141858 -9.70685381765e-16)
(-0.205694386183 0.129670660956 8.875472353e-16)
(0.0462750948302 0.0207610545164 1.61624655718e-15)
(-0.173298540169 0.328406785891 7.38328699393e-28)
(-0.0999441815916 -0.18650852964 1.20738619461e-15)
(-0.0759245757911 0.366333224684 0)
(-0.0900604544612 -0.0754292576342 1.49932651233e-15)
(-0.315609812243 0.140439134274 -5.85736887011e-16)
(0.184607512883 0.0960013913544 1.11070253984e-15)
(-0.228638849584 0.116945000884 -8.9499101419e-16)
(-0.272869747631 0.0559587886902 8.2607673852e-16)
(-0.0793671345609 0.287132869104 7.22456127457e-16)
(0.0917650737645 0.23480864646 8.87619101967e-16)
(0.254447258886 0.0500206535404 -1.11920615592e-15)
(0.101511723649 -0.116490500558 -1.40881933316e-15)
(0.0264536303778 0.0308356618571 2.92934502624e-27)
(-0.0491227904311 0.0476141214709 8.44699220753e-19)
(-0.181930262386 -0.0426758313805 1.13549464005e-15)
(-0.190682818263 0.0553426986096 1.07868314165e-15)
(-0.218751607333 0.151451733218 -8.3697807578e-16)
(0.0466675449806 -0.050414959609 0)
(-0.242165854522 0.253364753971 0)
(-0.0996784776428 -0.0586214981428 0)
(-0.212015456357 0.306067725171 0)
(-0.162403533921 0.246976232497 7.11674871782e-16)
(-0.0781938984748 0.064889502985 -1.37392648124e-15)
(-0.242329852861 0.272503312841 1.74960528428e-16)
(-0.180359223024 0.0744652711139 -1.08625929749e-15)
(-0.188846208455 0.0298124189007 0)
(-0.26182421841 0.073377542099 -4.21428774653e-16)
(-0.348209652073 0.0349193826394 -3.29223682948e-16)
(-0.133154568018 -0.19851286182 0)
(-0.123596962686 0.0926252588706 -2.94496612898e-17)
(-0.112589551449 0.11322841056 0)
(-0.266437035155 0.113507286511 3.01543078662e-18)
(-0.263403258217 0.264149674214 0)
(-0.330665507202 0.16353947599 -2.80864715792e-16)
(-0.0996699088644 -0.0920563371129 0)
(-0.181931830172 0.115076220747 3.41309960189e-17)
(-0.0898409342459 -0.0642228365642 -6.92989442041e-28)
(-0.301638095422 0.0580257752827 2.37330878988e-17)
(-0.102260605686 0.363037419675 2.55799300933e-28)
(-0.185484645822 0.216536908901 7.53670415443e-16)
(-0.146603800553 0.0933206974934 -1.18484818877e-15)
(-0.200760075081 0.316139566228 -1.0586565026e-28)
(-0.173490006675 0.2233594152 3.03393037209e-17)
(-0.109340971243 -0.0754140783125 0)
(-0.0671874548596 0.0714825124477 2.51541334401e-27)
(0.146977758702 0.045707788332 1.37199136943e-15)
(-0.0907529281661 -0.130724283501 0)
(-0.343190340588 0.168161561794 5.48023317683e-16)
(0.0791253254693 -0.0855026676831 -3.06669454502e-15)
(-0.112017896824 0.0855723382626 -2.76531470276e-17)
(-0.0681411996328 0.295864993723 3.22055900956e-28)
(-0.318912830335 0.170238152568 -5.31670919349e-16)
(-0.0671776346673 0.0850590726499 -2.51541334401e-27)
(-0.187826952667 0.0171550009619 0)
(-0.112837956621 0.127403449037 -1.16780101523e-15)
(-0.0781933666568 0.0515966228839 2.86448627653e-15)
(0.17881650174 0.00332468079426 0)
(-0.169703614282 0.0941602772702 3.39931362525e-17)
(-0.123924833136 0.106563056313 1.16779127263e-15)
(-0.288920730571 -0.189703740835 3.43495068444e-18)
(-0.124711621011 0.148892655494 -1.08606041072e-15)
(-0.329200342917 0.199609695815 0)
(-0.0997508093803 -0.148218034023 -5.97562418932e-28)
(-0.19275201747 0.0950693403092 -1.01265672394e-15)
(-0.18558268811 -0.00727125224776 1.05249936455e-27)
(-0.101026353377 0.106089500683 -1.24669926348e-15)
(-0.254989576583 0.281330319218 1.15676962583e-28)
(-0.182597133458 0.195632001353 4.18553041127e-17)
(0.103151973248 -0.0258899771081 -1.51970606544e-15)
(-0.0676028634521 0.155434410932 -2.09100788269e-27)
(-0.0672810305329 0.11260122796 1.3099461725e-15)
(-0.20326170526 0.0756552848583 -2.05753700265e-15)
(-0.203263601528 0.274706813012 1.10290961992e-15)
(-0.0568957536531 0.269412661687 8.37817447102e-16)
(-0.209700792594 -0.154133740676 3.62059779694e-28)
(-0.215642376131 0.296141236904 0)
(-0.0902656424805 0.155648993646 -2.07922429357e-17)
(-0.0678428941142 0.314132649539 -3.22055900956e-28)
(-0.101467407622 0.134264376713 1.16780101523e-15)
(-0.194658605609 0.150182661296 -9.08166672205e-16)
(-0.079382338598 0.269536906148 -1.70858590703e-17)
(-0.100212335319 0.0517098296415 -1.39205790871e-15)
(0.304769764443 -0.0716897993742 0)
(-0.0456977325505 -0.111731406314 1.59719478064e-15)
(-0.194089417658 0.13609777965 -9.59647933738e-16)
(-0.176966718405 0.289947923942 5.26198329597e-28)
(-0.101645012974 0.148625172703 -1.13248934241e-15)
(-0.237997342699 0.291411706224 0)
(-0.235496253995 0.292673569334 0)
(-0.298530642685 0.216701943275 0)
(-0.0942813539273 -0.29106172842 8.15720045976e-16)
(0.161036811737 -0.112190285159 -2.00893396782e-16)
(0.266319620621 0.128608524416 -4.59922238542e-16)
(-0.0241858504994 0.314803549254 -7.09412520718e-16)
(-0.231839062298 0.297070599859 0)
(0.0607127627369 0.0755348905332 1.4523574385e-15)
(-0.0237777281123 0.213750825963 -4.83120463513e-28)
(-0.0903839519154 0.170139506578 1.09046106234e-15)
(-0.108508311243 -0.166665887496 1.26745620073e-15)
(-0.188156122596 0.24885003117 -3.15253279481e-17)
(-0.174897062929 0.328665764038 0)
(-0.193327714996 0.108676492684 1.97812364299e-15)
(-0.263855790461 0.225022393435 0)
(-0.214368804585 0.0699437323782 1.97896524714e-15)
(0.0407436906742 0.168846321127 1.1720561059e-15)
(-0.0349806730428 0.287042702334 7.92953001836e-16)
(0.00333614190176 -0.139432619819 -1.57408325464e-15)
(-0.206834546455 0.157707480637 8.36939239488e-16)
(-0.0348178014568 0.236758520304 9.49005383728e-16)
(-0.134869959863 0.0861780972829 -3.09277348973e-17)
(-0.211340254881 0.218840379503 -6.86615508288e-16)
(-0.270430323469 0.251710049258 0)
(0.0978368510267 -0.128838009506 1.34261246866e-15)
(-0.210086221442 0.202552281304 -1.47152772012e-15)
(-0.200728973754 -0.136294053662 4.03603249368e-28)
(0.267608202519 0.182537963513 0)
(-0.023661693329 0.198845120395 4.83120463513e-28)
(-0.0127164056194 0.191405800711 4.13939429245e-27)
(-0.207758403707 0.172436037683 -8.16599610085e-16)
(0.261324506136 0.167934729608 -6.29157762927e-16)
(-0.110350826021 -0.00537376128021 0)
(-0.202664813902 0.290096252822 0)
(0.111043456964 0.0269174007814 -2.66492271777e-27)
(-0.067700535697 0.169999678449 2.09100788269e-27)
(-0.0457848964851 0.244675068368 0)
(-0.0892273223805 -0.00546010659381 1.5203378674e-15)
(-0.0123757655903 0.13367395347 -1.30550024321e-15)
(-0.204021174398 0.0889848238738 1.98674872007e-15)
(-0.226168353829 0.0769052784102 -4.02459883444e-17)
(-0.0679401712074 0.261092893064 -1.58843287623e-17)
(-0.0891386257338 0.04515867281 -2.73685133615e-17)
(-0.196646044482 0.194077254395 1.5421172554e-15)
(-0.0232856184777 0.112629252741 1.35207818239e-15)
(-0.0788305586903 0.148390503639 1.15328158535e-15)
(-0.0800126079378 -0.0583598395997 0)
(-0.031233307325 -0.144410891064 0)
(0.0720599139803 0.0947926921504 -1.396594345e-15)
(-0.213486048683 0.056862638688 -1.03843945454e-15)
(-0.0805842785415 -0.0807948199389 0)
(-0.0125977762451 0.176739027164 -4.13939429244e-27)
(-0.195707256344 0.178861936303 8.16599610085e-16)
(-0.0458114246036 0.26105543003 0)
(-0.220463529679 0.306127763057 0)
(0.337224832822 0.0944689417294 -5.9742650877e-16)
(-0.157907291771 0.0869855708389 -1.11918481222e-15)
(-0.0679247450239 0.244737920193 -8.99455687631e-16)
(-0.181002630495 0.0879405052052 1.08519167597e-15)
(-0.315553090077 0.219900266284 -4.62665720994e-17)
(0.0698171995481 -0.161012563116 2.12364694179e-17)
(-0.227482156484 0.288216605539 0)
(-0.182382864103 0.128893644999 -3.47030464302e-17)
(-0.0831220986127 -0.230772640381 0)
(-0.024043103183 0.244541662813 -1.905122966e-15)
(-0.0123816677724 0.147973263069 0)
(-0.113202919083 0.155889280323 1.08606041072e-15)
(-0.16078842981 0.215110591012 -1.59809168449e-15)
(-0.0349533981168 0.269372205277 -8.72241976304e-16)
(-0.200220218786 0.242103868485 -6.47864325469e-16)
(-0.114912141038 0.31371159938 -5.95006706125e-16)
(-0.023289806505 0.155110708821 0)
(-0.246195003623 0.0408694752044 -9.35168664744e-16)
(-0.184595744608 0.200700643108 -7.8866194816e-16)
(0.206945161002 -0.013792131934 -1.22553464113e-16)
(0.0437942511615 -0.00215101471786 0)
(-0.0818622262191 -0.124817578747 6.73261857908e-28)
(-0.192941713301 -0.119771444016 -9.76088257317e-16)
(-0.11335038899 0.170263863527 0)
(0.217467522047 0.2534540981 -1.92600710233e-28)
(-0.151991776658 -0.278287312028 0)
(-0.0132486667215 0.236550382642 9.56117582274e-16)
(0.0701719839989 0.32284601501 1.46673763322e-17)
(-0.232609412209 0.0213952386678 1.94359220651e-15)
(0.159773826554 0.0624218019965 0)
(-0.273316586762 -0.2721165495 0)
(-0.199132888909 0.225263524139 6.86615508288e-16)
(0.0593075032095 0.0511439375627 0)
(-0.0151845120744 -0.255554809833 0)
(-0.320536924564 0.207355226484 -2.64547458528e-16)
(-0.296308376935 -0.0642674850659 -3.19627659757e-16)
(-0.0241411471055 0.260925893964 8.72241976305e-16)
(-0.21518677392 -0.291102649705 -1.81232735155e-18)
(0.194711276254 -0.0884681453437 0)
(-0.0125682653257 0.10594093675 5.07901809653e-27)
(-0.0232314151872 0.126692281087 0)
(-0.0905219624142 -0.108433915432 0)
(-0.108063554651 -0.207320921907 -4.96035159757e-28)
(-0.0567596388289 0.2368760034 0)
(-0.0906576128827 0.261335447636 -8.04847259268e-16)
(-0.120525287918 -0.0233350242427 0)
(-0.224913468083 0.197155156166 0)
(0.0501212538781 0.219870917558 0)
(-0.0130991899758 0.221127169313 0)
(-0.0791705575825 0.2369303057 8.99455687631e-16)
(-0.11120799446 0.0454149484032 6.20942694537e-28)
(-0.135950677562 0.127839835067 0)
(-0.0913870034085 -0.207792215476 -1.20886304053e-15)
(-0.124487250229 0.134648377285 0)
(-0.113794806687 0.245118004164 -2.23853319154e-17)
(-0.0233653785796 0.169661858275 0)
(-0.116795101224 -0.186207924574 1.13092093456e-15)
(0.181934224628 0.217597002676 0)
(-0.1228805194 0.0655424679703 1.259390621e-15)
(-0.264753593301 0.270843827155 0)
(0.244550470281 0.219682041356 0)
(-0.13632928998 0.156142603612 0)
(-0.0895914258523 -0.041295827796 -1.51286931173e-15)
(-0.249209263731 0.282498944012 0)
(-0.0236239019385 0.0854605382903 0)
(0.214725879294 -0.0714224792166 5.61198353876e-16)
(-0.0134367104803 0.065972250024 0)
(-0.124874131463 0.177525404295 0)
(-0.0995858895761 -0.114066598101 1.40837425805e-15)
(0.0820519763275 0.0765357040045 0)
(-0.0134567801691 0.269281641098 0)
(-0.14877189826 -0.225851969324 -8.41257341736e-16)
(-0.100807886897 0.0921278541331 1.27287873198e-15)
(-0.289024470854 0.239767429682 0)
(-0.0453224881084 0.349919545611 6.13868368032e-16)
(-0.0138790427212 0.0530497422233 0)
(-0.0790309187468 0.177291218516 -1.09046106234e-15)
(-0.0238837925403 0.0721140973099 0)
(-0.0737472562545 -0.25571345237 -1.12474919125e-15)
(-0.214928688597 0.251226700433 5.77061744267e-16)
(0.282890772499 -0.0766037828564 0)
(-0.226089159248 0.227938922974 0)
(-0.233949108135 0.0338779419895 9.35168664744e-16)
(-0.299216886992 0.237357009549 0)
(-0.0477073752236 -0.00428475352223 0)
(-0.0127603889544 0.0922993938245 1.4291012201e-15)
(0.17332388962 -0.10794887281 -1.17434629349e-15)
(0.0993436035427 0.0204141143567 1.52108586489e-15)
(-0.282369585728 0.252198115552 0)
(-0.102555628378 0.28738968544 -1.3376387394e-27)
(-0.0891062919906 0.0321418177555 -1.43074453924e-15)
(0.0889339258828 0.0248482385285 -1.52108586489e-15)
(-0.302403210187 0.160119874953 -4.81270573166e-17)
(-0.102026276307 0.237067766099 1.7046037587e-15)
(-0.148116763067 0.177676567725 8.44996278338e-28)
(-0.014025341645 -0.0701156590135 0)
(0.0313482762141 -0.0203105002015 0)
(-0.164121050117 0.312815731514 0)
(0.0725126574231 0.147459799555 0)
(-0.172810455237 0.224257189652 0)
(0.0373438196442 0.0375944243582 0)
(0.182659782324 0.186876559066 0)
(-0.122527902293 0.0521545886766 -1.29835929608e-15)
(-0.116984455757 0.360306207891 0)
(0.160358996979 0.0961277334099 1.20978476327e-15)
(0.172497662497 0.0903107434795 -1.81138851658e-20)
(-0.134449561964 0.0725103379761 -2.48647828489e-15)
(-0.305669400639 0.224974445425 0)
(-0.278621070293 0.202819410133 -5.10826124001e-16)
(-0.279636245544 0.230216623559 1.51238552724e-16)
(-0.294586967625 0.117342774829 -2.18761013151e-17)
(-0.159169125117 0.128330921913 -1.0581460855e-15)
(-0.139678590869 -0.0574711065401 0)
(0.00686174073144 -0.116009421925 0)
(-0.282202400857 0.256222841972 3.03279060095e-16)
(-0.0894234010986 -0.268860764326 9.47747424535e-16)
(-0.298131181349 0.239105156647 0)
(-0.159855578352 0.170647391346 0)
(-0.151847268238 0.0988167076175 -1.80299710342e-17)
(-0.113963341103 0.144020377997 6.627902048e-18)
(-0.102516432211 0.269816240891 1.3376387394e-27)
(0.0723930214831 0.107613169801 0)
(-0.0695566694074 -0.0407903658007 -1.60725969883e-15)
(-0.0905960159732 0.244835390707 -8.62918893543e-16)
(-0.198407307114 0.012048575278 0)
(-0.265586148 0.208698791107 0)
(-0.290213163051 0.181660447349 -5.71814041014e-16)
(-0.115030722898 0.296327903795 -2.86001077298e-28)
(-0.110967476039 0.0323498760818 -6.20942694537e-28)
(-0.136524691988 0.170406844137 0)
(-0.182383467227 0.328003370056 0)
(-0.0996752572326 -0.125082169251 1.36925860841e-15)
(-0.253726695144 0.273440691834 3.82972811666e-16)
(0.0716785940759 0.189494399489 0)
(0.183768368746 -0.113270420621 2.63136142953e-17)
(0.0446059796946 -0.108712200854 1.56439373797e-15)
(-0.0345230782806 0.342239132862 -6.13868368032e-16)
(0.172013379173 0.113796931117 0)
(-0.360846624731 0.117552842322 0)
(-0.104655116239 0.347791212722 0)
(0.268776299522 0.105278648924 3.95215175765e-16)
(-0.0364911608106 0.014523299769 0)
(0.0562136680766 0.0160442183934 -1.58716602885e-15)
(-0.0242319962621 0.295938327175 -1.59270190786e-15)
(-0.0627234497645 -0.28108179837 9.19662434742e-16)
(-0.0280107701572 -0.205294887103 6.84660819389e-16)
(-0.176173231446 0.0101559473728 1.20362107591e-15)
(0.0189622949293 -0.038429282484 -1.70155015028e-15)
(-0.288843860196 0.249330917721 -3.75409340859e-16)
(0.0254167300242 -0.11264389031 0)
(-0.0709613657237 -0.0748877707863 1.59750058183e-15)
(-0.0347500318878 0.0653659680442 -2.70726927052e-27)
(-0.141306217674 -0.205038452795 0)
(-0.133558406062 0.046021708803 3.42574282936e-17)
(0.0710715724214 0.0699244481741 -1.4523574385e-15)
(-0.229507705291 0.275389486137 4.61397642673e-16)
(0.352446930603 0.0954192269039 0)
(-0.126155720038 -0.393685735465 1.20459432094e-15)
(0.0825746699171 0.088862624053 0)
(-0.0251900030918 0.0336426295431 1.56636099775e-15)
(-0.272733676261 0.266519959707 -3.03279060095e-16)
(-0.0462433521652 0.0328155663336 0)
(-0.0378153352905 -0.00968175382024 -7.46682074504e-28)
(-0.241194942805 -0.188768321013 5.82885195049e-16)
(-0.3147983175 0.0429055482441 6.87385541799e-19)
(0.254262521855 0.0790196723403 -1.18416019708e-19)
(0.268834802592 0.0181010472715 0)
(-0.0150753848294 0.0280275806319 -5.83720670789e-27)
(-0.21528967949 0.267671375837 -5.34989989063e-16)
(-0.0343235294917 -0.183607377301 -1.44159941892e-15)
(-0.251910759629 0.00067322982344 -4.65379507018e-17)
(0.188138160842 -0.067466054765 0)
(-0.185155613185 -0.103744587289 4.77867438013e-28)
(-0.277059710348 0.187305671442 5.718590822e-16)
(0.0067454904868 -0.0564652975937 -6.20375463299e-27)
(-0.156140851774 0.0469765721999 -1.22909644271e-15)
(-0.278648173061 -0.0949541885695 6.61027657574e-16)
(-0.0997064873099 -0.0236397962176 -3.53441971456e-17)
(-0.0999452888789 0.0258715519251 1.43074453924e-15)
(0.0830698756903 0.114225082621 0)
(-0.0683548308355 -0.00508705445798 -1.55005231579e-15)
(0.165280869441 -0.00279534074125 1.37308395426e-15)
(0.159779398609 0.132659449228 1.06809600169e-15)
(-0.293367196257 0.102924830889 -3.16597478811e-16)
(-0.241442616448 0.26797952522 -4.61397642673e-16)
(-0.145100120385 0.0529318715503 2.4931983105e-15)
(0.11747334554 -0.208101586477 0)
(-0.0246868189136 0.0463281516847 -7.05117875339e-28)
(-0.26494225666 0.264917499087 -3.82972811666e-16)
(-0.289028758343 0.166026380423 5.80268722433e-16)
(0.329847839679 0.10442660303 6.17128133271e-16)
(-0.0349283002295 0.323706046173 7.09412520719e-16)
(0.18462797321 0.107544325464 0)
(0.0583816254599 0.0392346869623 0)
(-0.0136017258135 0.287011667477 7.99748906021e-16)
(0.170382092289 0.194681685225 8.76676674554e-16)
(-0.30017617177 0.145523976187 5.89825755543e-16)
(0.147777508168 0.152525866865 1.06769002596e-15)
(0.146971692552 0.195036586246 -4.03325037949e-28)
(-0.224984410764 0.211522502149 3.36771456306e-29)
(0.0703335587224 0.0578190170106 6.68982419407e-28)
(0.02134333855 -0.237600589022 0)
(-0.165021510388 0.297513572682 0)
(-0.272500137442 0.156724295405 0)
(0.148609558094 0.114154243828 -4.16004200398e-27)
(-0.16785307093 0.0540159500551 0)
(-0.127817812766 -0.0969966318203 -1.35759736103e-15)
(-0.108920453356 -0.0975172444002 0)
(-0.0471647041576 0.00796141593915 0)
(-0.0393063484948 -0.139329572337 0)
(0.250742550711 0.00452129560014 -1.80195552874e-17)
(0.176623973925 0.280442760076 0)
(-0.155556759542 -0.112060116108 0)
(-0.0046879527307 -0.134935632586 9.64065286441e-19)
(-0.0902869604969 -0.0975230481478 1.51377289723e-15)
(-0.0184586060599 -0.0200555631234 1.68307930762e-15)
(-0.168758388848 -0.0721222800001 0)
(-0.168546068321 0.0673197337139 0)
(-0.165535868169 0.0155227695344 -1.20362107591e-15)
(0.0446758543878 -0.061318752542 -1.86111234382e-17)
(0.299000389488 -0.00893210998171 8.88191552142e-16)
(-0.189123596566 -0.0700312189263 0)
(-0.133104683422 0.0329419262441 0)
(0.147785147163 0.0565235908272 0)
(-0.207521610584 -0.0050260358588 -1.09004556677e-15)
(0.0473599911727 0.032509293393 0)
(-0.178038977688 0.0352599852423 2.61393597785e-28)
(-0.107541475532 -0.221447525631 1.03381949246e-15)
(0.148543091914 0.0787733105624 0)
(-0.121832016102 0.0262584045967 0)
(0.0194618228911 -0.196551822843 -5.28341356698e-18)
(0.0685353015361 0.034287954518 0)
(-0.0350614867547 0.0522944318221 1.50549315182e-15)
(-0.0175034676841 -0.00824382355084 -1.65048509817e-15)
(-0.0141037016138 -0.142220496462 1.57312369539e-15)
(-0.145629552447 0.0663026340425 3.38697843112e-17)
(-0.108579124092 -0.130788026628 -1.36925860841e-15)
(0.254566808695 0.0895324221507 1.18212518617e-19)
(-0.0459009653698 0.045640085457 -1.50549315182e-15)
(-0.0359507952302 0.0269938247734 -1.56636099775e-15)
(0.104173482222 0.0895083172448 0)
(-0.0605150491599 -0.0575557874418 3.24152213053e-15)
(0.0548992331813 0.00464671291562 1.46681789417e-27)
(-0.157362233171 0.0733825666609 1.19321787958e-15)
(-0.0136183075306 0.323854976594 0)
(-0.011237096362 -0.118841112286 -1.61489608397e-15)
(-0.00283346304041 0.260706690302 0)
(-0.1085530109 -0.142200170862 0)
(0.249135611479 -0.00379936203737 -1.1738535098e-15)
(-0.127626593369 0.321809061383 0)
(-0.00264086142928 0.244334196074 0)
(0.218076347858 -0.0619438073667 5.90797575749e-16)
(-0.264596784198 -0.220316722069 6.23930036623e-17)
(0.211019927146 0.0738536518936 -5.45001808886e-16)
(0.0298106617322 -0.0315519221538 0)
(0.257722494701 0.179966468711 1.8715135934e-20)
(0.142531570622 -0.179503891324 0)
(0.0423483904765 -0.0134618742565 1.65675994746e-15)
(0.264678778182 0.140482206468 -3.43082743898e-16)
(0.160273350953 0.0733832037962 -1.22648815164e-15)
(-0.299029837699 0.0473641177031 -4.21332793648e-16)
(0.18667417912 -0.139825350189 -3.66946698175e-18)
(0.0173815077528 -0.0496020105915 0)
(-0.270299077877 0.141976179273 -3.62563135068e-16)
(0.0448189592186 -0.260116159798 -2.61086265692e-17)
(0.26309144896 -0.0142984943038 5.53988761878e-16)
(-0.143404332405 0.0142902697707 0)
(-0.14865229615 -0.0737365996876 0)
(-0.137782939988 -0.090979592516 5.92995628939e-28)
(-0.024194222782 -0.302971669225 -6.18508185655e-16)
(0.158854699615 0.172931201555 9.43391514781e-16)
(0.092006066995 0.218932002033 -9.6019741364e-16)
(0.0979389523141 0.00951355257242 -2.77155682894e-27)
(-0.296322926164 -0.075330486805 5.99912583152e-16)
(0.160435233721 0.107896113692 0)
(0.0660279812343 -0.175868917491 0)
(0.0646311688865 -0.104307315113 -2.81255708847e-27)
(-0.338691170553 -0.0255339764117 -7.08345878368e-16)
(-0.109429189514 -0.0642076413757 0)
(-0.0996330620426 -0.0471344965032 1.51286931173e-15)
(0.0775199052142 0.018205472852 -1.5676783397e-15)
(0.0673862457451 0.0227735833122 3.15484436855e-15)
(-0.109834091354 -0.0412716598696 0)
(0.0314584713157 -0.128195821375 0)
(0.314160875068 -0.0154803085563 -5.35605078115e-16)
(-0.0466269507459 -0.12286205225 0)
(0.0519723749885 -0.0176435063254 -1.65675994746e-15)
(-0.00283188486005 0.295945827561 0)
(-0.118805493871 -0.0807743095349 0)
(-0.0264856385658 0.00903973638636 -1.48241652985e-27)
(0.131618824978 -0.193161505161 -3.67617419881e-16)
(-0.380998690001 0.104237316242 -1.57374513998e-16)
(-0.120826017475 -0.0112094343832 0)
(0.309564995106 0.139119121386 0)
(-0.0791254520771 -0.0234345501476 -1.53847841353e-15)
(0.0831899379979 0.127277771475 -2.50511308555e-15)
(-0.0809674152646 -0.0917995092509 -3.06052715682e-15)
(0.172274063171 0.0791308028274 1.22653624776e-15)
(-0.0582459770778 -0.0107350252089 0)
(0.103286006187 -0.14468643906 1.29850461878e-15)
(0.0937381689552 0.10794557325 -1.28516817811e-15)
(0.148848827689 0.0902537779774 -1.20978476327e-15)
(0.0934504861753 0.09539016508 0)
(-0.151395870879 0.289013268892 0)
(-0.281834596362 0.122435105039 0)
(-0.204444189521 0.199487843656 -3.36771456306e-29)
(0.148553114768 0.126507189256 4.16004200399e-27)
(0.220129790783 0.00235429582125 0)
(0.228343162037 0.242721895836 0)
(0.0513420706567 -0.20291101132 -1.2484550049e-15)
(-0.109966338096 -0.0294707025558 -1.46953950786e-15)
(-0.11858598071 -0.0917774797683 1.35759736103e-15)
(0.0818850248293 0.196520720951 0)
(0.185495269956 -0.130864147231 -9.99675979617e-16)
(-0.0272328946928 -0.00309219587869 1.65048509817e-15)
(0.191488648159 1.57243036181e-05 0)
(-0.0343072551799 0.0919518326118 0)
(0.159621079423 0.145502523409 -1.00807701802e-15)
(-0.0290162765201 -0.121128469027 0)
(-0.329061702837 0.027085392538 3.23120059762e-16)
(-0.133871955553 -0.185433304491 1.05034634157e-15)
(-0.159555493265 0.156418232469 0)
(0.0886064452223 -0.0883296718895 1.51931789208e-15)
(0.147575461973 0.166077471547 0)
(-0.0760974647675 0.37096393463 3.05615143445e-16)
(0.125795067415 0.0782137163091 0)
(0.0816021110193 0.211393103042 0)
(-0.283726175634 0.137139884079 0)
(-0.178878341212 0.0482521784068 -2.61393597785e-28)
(0.0918989196426 -0.113839735184 1.40880784971e-15)
(0.215672252706 -0.118002342745 -4.03974719951e-16)
(0.158147445651 0.169960080717 -4.91951011551e-17)
(-0.254296533453 0.246506447436 0)
(-0.0136933989929 0.342766304208 0)
(-0.0788675069586 -0.0113624324619 2.97144483943e-17)
(0.221950282479 0.16393100061 3.82114334013e-16)
(0.106803229255 -0.222007913403 0)
(0.106593453383 -0.217036531716 -3.87468747371e-16)
(-0.081495933591 -0.113798387025 1.516203894e-15)
(0.16549806354 -0.161286936986 8.43589853223e-16)
(-0.19720838681 -0.000278365230954 1.09004556677e-15)
(-0.279388960745 0.245527650677 3.75406449483e-16)
(-0.267962971244 0.253476570497 0)
(-0.0748743473718 -0.223365112336 -1.19765109204e-15)
(0.195192784792 -0.128735785281 -4.88533334285e-16)
(-0.152245290982 0.243237914947 0)
(-0.373299217722 0.085046318005 2.67810298305e-16)
(0.126714574706 -0.13725696647 2.43753529718e-15)
(0.0336673804103 -0.0683821260312 1.66892854937e-15)
(-0.0221189480924 -0.137409553054 0)
(0.118128681143 0.155289592652 -4.20100243059e-17)
(-0.122884779226 -0.143476513807 0)
(-0.302267046027 -0.24662279684 -1.41916891172e-16)
(0.115155071453 0.0958373976772 0)
(-0.108870352722 -0.108433535042 -2.77700717922e-15)
(-0.0385604589414 -0.0216052700853 7.46682074504e-28)
(-0.147926034863 0.149188748996 0)
(0.158907019119 -0.164910549281 -3.7649506878e-16)
(0.0338515203674 -0.116331865746 0)
(0.165422456631 0.289413590229 0)
(-0.0894265854513 -0.0295106334962 3.04336211854e-15)
(0.0151544120526 -0.12002973177 0)
(-0.257316656031 0.0363325505286 4.23963368346e-16)
(0.0632327034137 -0.0107985500909 0)
(-0.201842926982 -0.124428550219 -4.03603249369e-28)
(0.00802385423011 0.236223242717 0)
(0.0532896380662 -0.112094389815 -1.56439373797e-15)
(-0.166910526578 0.309931151438 0)
(-0.0031134583603 0.314643504241 0)
(0.0131300803879 -0.131889525682 0)
(0.0264851617818 -0.0536045545075 0)
(-0.161265513678 -0.164418067836 -1.02055843897e-15)
(-0.0157858584802 0.0157037467588 -1.62729940181e-15)
(-0.209718597321 -0.141446392763 -3.62059779694e-28)
(-0.128855130842 -0.0748426944794 6.20958152795e-28)
(-0.0598820681609 -0.0461022509682 1.60725969883e-15)
(0.0246914794654 -0.0646305198389 0)
(-0.240490085206 0.111181171895 -8.35809020077e-19)
(-0.372211863623 0.107378494184 -1.29076928356e-17)
(0.158662691552 0.187316591213 -8.76676674554e-16)
(-0.222111001395 -0.162172338157 0)
(0.0437877484059 -0.236172929368 0)
(0.0379374294979 -0.231467573343 -1.24593791028e-15)
(-0.00300679174687 -0.123160139655 0)
(-0.0946701057663 -0.276028286778 -9.05486165842e-16)
(0.11287031523 -0.147237968419 -1.23677777226e-15)
(0.126211836941 0.126910080431 -4.359796951e-27)
(-0.0299170382994 -0.0383050728503 0)
(-0.0557127323586 -0.129234219206 0)
(0.152544218938 -0.129274744803 0)
(0.25245553768 0.123551893593 4.07960096239e-16)
(-0.30601338548 0.204020734218 4.14010894308e-16)
(-0.073177203804 -0.130218723914 0)
(-0.194189626889 -0.108290532983 -9.65502904719e-16)
(-0.224377170647 -0.0373679342498 9.54320155576e-16)
(-0.150640370739 -0.197377234433 0)
(-0.198541721734 -0.0743460083766 0)
(-0.202127553901 0.175993184916 -2.82026642877e-17)
(-0.104753548352 -0.264477767403 4.43787674724e-16)
(0.169312253147 0.304905915906 0)
(0.0123222538412 -0.191035697268 7.00009678826e-16)
(0.119294652432 -0.0525235829407 0)
(-0.0439138544173 -0.0896663936018 0)
(0.312208012467 -0.0214284603742 5.96962721836e-17)
(0.146770846941 0.210311184795 8.66118266691e-16)
(0.18476817445 0.283941412699 -4.83726078411e-16)
(-0.00796362905447 -0.246099429694 -5.49182243025e-16)
(0.0212476079432 -0.136025493617 0)
(0.211219139989 -0.10910597701 8.64876179548e-16)
(0.160671046842 -0.154175035314 0)
(0.237462594887 0.130525778069 -4.4341129726e-16)
(-0.138294643319 -0.0799419192571 -5.92995628939e-28)
(-0.125498719378 -0.179239710377 -1.13092093456e-15)
(-0.265249274982 0.00782825521548 -8.69932815796e-16)
(0.137241165751 -0.139200981439 -1.20075752492e-15)
(-0.177121979488 -0.0879395602998 0)
(0.196724359012 -0.039539344086 0)
(-0.0642023431798 -0.124093783778 0)
(-0.0341482523836 0.133672558722 1.27905110312e-15)
(-0.14345719248 -0.165624526399 -1.06372993185e-15)
(0.169536510935 -0.152962597606 -2.70916532215e-17)
(0.248581116789 0.162121682993 0)
(-0.147030882203 -0.0959828951494 0)
(0.0804716959776 0.313829686096 6.85721606543e-16)
(0.217131522187 -0.0987643756842 0)
(-0.158482284874 -0.217718262472 8.41257341736e-16)
(-0.147653877215 0.135082799388 1.0581460855e-15)
(0.157898597446 -0.142479710128 1.0273172147e-15)
(0.181207449577 0.23356680577 6.64590270544e-16)
(0.107941171979 -0.161318703927 -3.41344701436e-17)
(-0.322697954996 -0.174432161158 -2.10742122128e-16)
(0.0862764870187 0.00285255593505 -1.57438568032e-15)
(-0.265140995669 -0.170299237652 -1.70675996625e-18)
(-0.0289666424786 -0.0266849315592 0)
(0.214744074638 -0.024361780631 1.23280028773e-15)
(0.11344925316 -0.194329293298 -2.48965057691e-19)
(0.102464528837 0.0540309219425 1.41894730645e-15)
(0.16817285714 -0.142314040413 -4.17549433368e-17)
(-0.119820481994 -0.0468363920094 0)
(-0.366420845294 0.0956421411629 0)
(0.208878095087 -0.0901265499684 0)
(-0.313547674871 0.0312523197622 -7.21521632495e-16)
(0.164115324393 -0.130205997084 0)
(-0.212594551217 -0.117396780118 -8.34501216744e-16)
(-0.0177512008462 -0.276239174737 0)
(-0.18201657527 0.174108554326 0)
(-0.186347008823 -0.0924794243833 -1.04132981485e-15)
(-0.126243712953 0.336958366212 0)
(-0.0257317614784 -0.1756709404 2.89377021806e-15)
(0.0951883002091 -0.10218505938 0)
(0.0582834512201 0.363444422168 -4.24884207255e-27)
(-0.201302903471 -0.174450124386 0)
(-0.15809730519 -0.078593006958 5.52234770147e-28)
(0.23931126058 0.0639588538849 0)
(0.2530852983 0.112001188845 1.3678748029e-15)
(0.192717305932 -0.120432895283 -1.00940291082e-15)
(-0.0382858222163 -0.127754872071 0)
(-0.237996784413 -0.0184006375634 0)
(-0.152731440255 -0.15873931037 2.08428837082e-15)
(0.144879308148 0.29266034967 0)
(-0.117202908662 -0.160233068844 1.18946540375e-15)
(0.157230858715 0.267341524754 0)
(-0.136568691959 -0.113176025516 -1.23927062516e-15)
(0.0761413305274 0.00704646415381 1.57438568032e-15)
(0.0905007646781 -0.154520244593 -1.29850461878e-15)
(-0.142909037078 -0.178141001147 -1.05034634157e-15)
(0.170106979234 0.210024333183 0)
(-0.0207714271706 -0.12573383332 1.61489608397e-15)
(-0.271140220871 0.0439120594074 -4.23288352831e-16)
(-0.258980629761 0.162035352184 0)
(0.233582115006 0.229808135986 0)
(0.196055879243 0.151422127618 0)
(-0.166587904104 -0.0944954315506 0)
(-0.0248365575786 -0.283626493175 0)
(-0.0489770674336 -0.0280830374387 7.45569707897e-28)
(0.0647816871116 0.000293388799075 0)
(0.0389069254521 -0.276795020785 -1.91015954755e-15)
(0.0736729259894 -0.107355732021 0)
(0.107455515828 -0.131473825754 -1.34260127798e-15)
(0.0706794547878 -0.119137373775 0)
(0.0816121371108 -0.15132786249 1.35169802514e-15)
(0.150090019003 -0.0189464341724 0)
(-0.197135209661 -0.085659323881 4.62628714455e-17)
(-0.160532384954 -0.17687495389 -9.22679597909e-16)
(0.122479918147 0.311558264583 -6.14045370457e-16)
(-0.149443798746 0.238359841752 0)
(0.0184480438086 0.244043673677 0)
(-0.134304127981 0.324165952807 0)
(-0.30661541825 -0.199946181859 0)
(0.135491207963 -0.167175716304 -4.99113410808e-16)
(0.224754712777 0.0586073044401 0)
(0.152326697274 0.322027351207 4.1001436783e-16)
(0.185856359943 -0.109277425637 0)
(-0.283514544139 0.0396019288616 3.84046046584e-16)
(0.0374080174771 -0.046649090951 -1.52937205498e-27)
(0.169481406877 0.242142375614 0)
(-0.00229209612475 -0.0522179087232 1.70635849178e-15)
(0.239054436576 0.0955466261374 0)
(-0.117341627731 -0.148137416247 -1.24166909288e-15)
(0.0182373344663 0.29587379709 0)
(-0.296143643497 -0.102175126704 0)
(-0.000917278386537 -0.0409359976097 3.40700866071e-15)
(-0.151230264332 0.271605330453 0)
(-0.178215397836 -0.0767346932365 0)
(0.249887425077 0.149251183475 0)
(-0.301886927438 -0.0275587892775 0)
(0.1172559234 -0.163476005445 -3.21956739363e-17)
(0.235060477942 0.170324081417 -3.81036563124e-16)
(0.168517744622 0.258646480039 0)
(-0.3522558167 -0.0541477771483 4.62112090299e-16)
(-0.158723306466 -0.203852566946 8.64156015934e-16)
(-0.129253317583 -0.0636290189788 -6.20958152795e-28)
(0.00780056109011 0.269139452757 0)
(0.0853689679701 -0.137860621603 -1.39783254808e-15)
(-0.0441279296077 -0.256710902791 6.56742084379e-16)
(-0.143979291631 0.0270519158881 0)
(0.162395829879 0.303622057223 0)
(0.134395748433 -0.188484458778 7.81325972497e-16)
(0.00762538520565 0.286822152468 0)
(-0.250278308745 -0.0114764737034 -8.66678753416e-16)
(0.18074093037 -0.120191350831 0)
(-0.0342032749491 0.105725203873 -1.35207818239e-15)
(-0.166345204585 0.0282438718338 -1.2213665888e-15)
(0.0856472073207 -0.0994672140986 0)
(0.0763828259894 -0.13473671334 1.39783254808e-15)
(-0.0587590500135 -0.0227444632442 0)
(-0.332977931736 -0.167755116868 0)
(-0.125895863554 -0.166426018466 -4.10899187424e-17)
(0.055517785958 -0.24731391932 -9.3121705568e-16)
(-0.26704925277 0.0200523118859 -2.18277760275e-17)
(-0.0635613839767 -0.113027594343 -3.12024727057e-15)
(-0.343508015547 0.0121173920273 8.70528875148e-17)
(-0.0691096638213 -0.029038225831 -7.22822742886e-28)
(0.0797022251024 -0.12219262028 0)
(0.19305557627 0.166008112125 0)
(-0.140298746879 0.214135616572 0)
(-0.181769384202 -0.256156737013 -5.09519597517e-17)
(-0.248084892134 0.183417284293 0)
(0.0502909190155 -0.0286992929074 0)
(-0.155481869179 0.0339184130013 1.2213665888e-15)
(-0.260863668123 0.177705956312 0)
(0.203013159025 -0.100415085601 0)
(-0.0670577453524 -0.231338652184 1.19913214362e-15)
(-0.00372564873216 0.366970815453 0)
(0.0537087302724 -0.22446849003 -1.0917175167e-27)
(-0.119554605501 -0.0583252226856 0)
(0.155873162321 0.28387208954 0)
(0.0180932745561 0.314734083845 7.27640312293e-16)
(0.0947908508819 -0.172157953425 1.21198233589e-15)
(0.0691403942476 0.340661598574 -6.07849343095e-16)
(-0.313409296413 0.220312868606 3.08300374126e-16)
(-0.151129367808 -0.184269791377 0)
(-0.146432790225 -0.107023202833 1.23927062516e-15)
(0.0600439241109 -0.228642154197 0)
(0.163468329951 0.313874318773 -4.10014367828e-16)
(-0.0496857717884 -0.0397809683739 -7.45569707898e-28)
(-0.249697582076 0.199540613583 0)
(0.131956979996 -0.1523830945 -1.14576544914e-15)
(0.0582577075126 -0.20704204085 1.2484550049e-15)
(0.237079738271 0.142962537796 -1.63970037918e-18)
(-0.211236669624 -0.0559916155627 2.02497895728e-15)
(-0.235763925526 -0.155557764134 0)
(0.00778072382007 0.323779236466 -7.27640312289e-16)
(-0.0718394046611 -0.096989043336 3.12403316669e-15)
(-0.338120785281 -0.0367738950234 -4.34332750603e-16)
(0.212548337347 -0.0329674540955 0)
(-0.157299769969 -0.0897006880359 -5.52234770147e-28)
(-0.0913034335084 -0.166573268492 0)
(0.218281262161 -0.00656119262914 3.6783697072e-17)
(-0.213893629144 -0.105696402428 0)
(0.0391704257579 -0.0356144661023 1.52937205498e-27)
(-0.0121767018641 -0.203104467838 5.31936773645e-18)
(0.0182557925883 0.260543402403 0)
(0.233009770487 -0.0094377069419 2.35050337694e-15)
(0.239401969014 0.0737575687016 0)
(-0.236272239753 -0.030250065334 -4.68979472844e-17)
(0.238952322238 0.106411495248 -1.38420669338e-15)
(0.119510457686 -0.200496937359 3.69211206088e-16)
(-0.073621445795 -0.141616158544 0)
(-0.398729804444 0.0561128307815 -1.6267530716e-16)
(-0.0422749048593 0.379908356109 3.64188736487e-16)
(0.151254961124 -0.17386448012 -3.84298095326e-16)
(0.376087541991 0.0655415805312 -4.36924269209e-17)
(-0.0554396739182 -0.370167442936 0)
(-0.222041756838 -0.122169159862 8.34501216744e-16)
(-0.329323433306 -0.19440687631 -5.36940770464e-18)
(-0.182025763334 0.162167449306 2.31641608317e-29)
(-0.0341893039122 0.148066918257 0)
(-0.117753262135 -0.124923619538 6.04339198099e-28)
(0.224915498111 -0.109748643839 -4.10674742661e-16)
(0.266671813028 0.00965914438324 0)
(-0.397473411493 0.0706446343327 1.65390388688e-16)
(-0.295732849628 -0.226104305767 0)
(-0.206272179675 -0.0898846202384 1.94317836284e-15)
(-0.117913368545 -0.113851081378 2.69498402776e-15)
(-0.317838977556 -0.0551785442928 3.12404637702e-16)
(0.14482520989 0.178252107205 3.65926140766e-17)
(0.189629535847 -0.00942657636041 -3.73033588714e-17)
(-0.209662967346 -0.0674586111908 0)
(0.230860254291 -0.0182784148215 0)
(0.185532154764 0.283133014282 -2.76543867851e-28)
(-0.327433247479 0.0163578005072 0)
(0.222595237126 0.150846206931 -1.59105547707e-18)
(-0.127483699408 -0.10795816181 -1.32635110659e-15)
(0.0862105959154 -0.169080605763 0)
(-0.0670035453371 -0.248307245583 2.2754123771e-15)
(0.142705345692 0.308328455233 0)
(0.279468920311 -0.0164051959723 -1.59823924945e-15)
(0.0592096952078 -0.127376060832 0)
(-0.0402216892805 -0.0448218393151 1.5154720996e-27)
(-0.0565389556602 0.177140569526 0)
(-0.321540413969 0.150016027248 0)
(-0.321142982258 -0.189881115244 5.31718616293e-18)
(-0.0823944173366 -0.147900151319 -2.63983093944e-21)
(0.219950125031 0.192763018606 3.65320783168e-16)
(-0.134868658836 -0.159710872337 -1.14837548501e-15)
(0.147379504553 0.323654239532 0)
(-0.153786339158 0.316293733386 -1.91860802595e-16)
(0.20098108549 -0.0215826477923 3.71823215699e-17)
(-0.321069485397 -0.00753637136687 6.99043888926e-16)
(0.157994651067 0.23435779089 0)
(0.0397680441203 -0.131997319864 1.52786371493e-15)
(0.330571090631 0.125294951051 -2.16999543344e-16)
(0.0740766518385 -0.17975841083 0)
(-0.0562830183814 0.377529586761 -3.26272821897e-28)
(0.224678663122 0.0793200369313 5.43732865253e-16)
(0.173404969593 -0.0250986473358 0)
(-0.299583785853 -0.0377310590459 -6.94430659892e-16)
(-0.067827080756 0.199174233645 -1.84954455342e-27)
(0.131744353698 0.316977697984 9.8256735474e-28)
(-0.072362295684 -0.107920152416 3.02456190062e-17)
(0.16342085211 -0.0125180871165 0)
(0.158327399739 0.218134128788 0)
(0.0270883351627 -0.243362246164 1.15805839674e-15)
(-0.281439424492 0.0272802321923 -4.16000221023e-16)
(0.00881704198408 0.106285666515 0)
(-0.20483610665 -0.10136989647 9.6550290472e-16)
(-0.221706288952 -0.134404323416 0)
(-0.101921105906 0.191939574249 0)
(-0.278134785328 -0.214216783046 4.56289445835e-16)
(-0.33654906666 -0.0638609221524 -3.9170084933e-16)
(-0.125024156727 0.191999345727 0)
(-0.0433519177359 -0.206746020774 6.43079275278e-19)
(0.142026631466 -0.153773707898 0)
(0.245097360349 -0.0201732218459 0)
(-0.0791063028283 0.191900339106 0)
(-0.0504868067849 -0.185012161244 -2.80019363229e-15)
(-0.00294672778667 0.350923517207 0)
(0.151332956197 0.312013099131 0)
(-0.306781765621 -0.217484506203 0)
(0.276406822717 -0.0257059569344 -2.06866623581e-18)
(0.0697919239835 -0.19543920326 1.19943557955e-15)
(-0.22267538117 -0.0490151236952 -4.67531907232e-17)
(-0.317435747002 -0.0427176437931 0)
(0.0506009961614 -0.123917179907 -1.52786371493e-15)
(0.196985971827 0.113328933313 0)
(-0.114828429297 0.12000998593 -8.54444918575e-18)
(-0.319997099771 -0.0187919225655 3.0627858254e-16)
(0.202950586972 -0.0124798068758 -2.50084374253e-15)
(0.358126185903 0.0759834615125 0)
(0.101586454688 0.313127265022 0)
(-0.0194303470552 -0.196632484969 6.91762041748e-16)
(-0.0904427748793 0.199231061268 -8.93103480236e-28)
(-0.288858493035 0.142599160799 -2.70789190792e-17)
(-0.0126883462784 -0.0589476996574 -1.70635849179e-15)
(0.009119951915 0.147901786599 9.2941471759e-27)
(0.224770557763 0.08997106889 5.20000786357e-16)
(-0.148934985733 0.22225887407 8.14081965329e-16)
(0.210645730779 0.107095068188 0)
(-0.126406304258 -0.141929888716 1.24166909288e-15)
(-0.0181645867647 -0.181702442828 -2.18105155988e-15)
(-0.0519801540563 -0.0738054693818 0)
(0.0911199365909 0.321681371878 0)
(-0.191822054986 0.2422297349 7.89039617353e-17)
(-0.320450360606 0.140019984546 8.47809990827e-17)
(0.183837965876 0.132154112538 -4.83153426398e-19)
(-0.131953576112 0.302859089345 0)
(-0.234163505177 -0.14143960577 0)
(0.111863111804 0.319991534908 6.14045370454e-16)
(-0.135307041069 -0.147676774864 -1.15717631216e-15)
(0.29198041339 -0.0344995609466 8.24177596721e-16)
(0.208330516745 0.17169030853 8.39114140136e-16)
(0.0792671475121 0.346483750083 6.07849343092e-16)
(0.147896092854 -0.0287947528069 0)
(0.293600342583 -0.0273906057465 0)
(-0.340776344614 0.00103286547893 2.30831547014e-16)
(-0.356776686983 -0.0435031935194 5.1466521347e-16)
(-0.290106108029 -0.188632359752 4.60960423503e-16)
(-0.340281534067 0.127995978486 -8.82115846669e-17)
(-0.297194129462 -0.116121531707 -2.67796361241e-16)
(0.101003425888 -0.0807473436551 2.82911127273e-21)
(0.176166579141 0.300180108507 0)
(0.0919906392878 -0.223645566446 -8.67851566901e-16)
(-0.189890305747 -0.402090563551 0)
(-0.327103245429 0.200927299017 0)
(0.371199898029 0.0579738245166 0)
(-0.252120569217 -0.165863199057 -2.91287527648e-16)
(-0.182658102813 -0.126653135779 9.76088257318e-16)
(0.175527155193 -0.0156153512774 1.30684399149e-15)
(-0.0566148695952 0.191818562823 -1.07143176153e-15)
(0.165668437803 0.308664105259 6.16034276288e-28)
(0.0826656478348 0.167897648959 -1.05252924051e-27)
(-0.136145141512 -0.124317457336 0)
(-0.295353889389 0.0233597608775 7.21162634822e-16)
(0.116604726443 -0.0627928438845 0)
(0.32317024161 0.126325055426 6.33471835066e-16)
(-0.180420578465 -0.406644967794 0)
(0.297318483603 0.150074209978 0)
(0.170967465144 0.165526847847 -9.43391457407e-16)
(0.224096844757 0.112825863856 4.75246744e-16)
(0.344621483085 0.0658660336412 2.28885416652e-17)
(0.00752497088811 0.342143104344 -2.49255370307e-27)
(-0.277148576503 0.00415006670083 0)
(0.0076904668763 0.066779303519 -5.52848250691e-27)
(0.180464864853 0.183953983597 4.85108975578e-17)
(-0.0508584535792 -0.199504298782 0)
(-0.25553375131 -0.182579707124 -5.83103925202e-16)
(0.00872149454087 0.191061150337 0)
(0.18700527939 0.262542746756 2.16020697787e-28)
(-0.134509158528 0.34218983678 0)
(0.372988097912 0.0554877584643 8.36021536087e-16)
(0.179998589282 0.272075140144 0)
(0.0791569403 -0.218809160126 5.5801757215e-16)
(0.0725582190617 -0.2158756136 -5.53719002425e-16)
(0.176113974882 0.292709170361 0)
(0.089831005239 0.338275400052 0)
(-0.126690556983 -0.130447749597 0)
(0.132268818646 -0.0455230811488 0)
(-0.27482366755 -0.1957702803 -4.60096185308e-16)
(0.103875476887 -0.0700814110473 -2.82911172418e-21)
(0.0936949336745 0.133819166482 1.2441254834e-15)
(0.0191311447323 0.198152104552 0)
(-0.188142677174 -0.374144122828 0)
(0.135044845302 -0.0780354421719 4.17347452448e-20)
(-0.0914165967114 -0.179601611207 0)
(-0.162988069553 -0.140004773071 -1.02505367159e-15)
(-0.178913435496 -0.175367344346 0)
(0.223873342421 0.124585289957 4.45189910161e-16)
(-0.213921614346 0.299048208986 0)
(-0.306211123596 -0.0029045776174 -6.65042122382e-16)
(0.0652723233483 -0.057688400886 3.23470437041e-15)
(-0.163801686738 -0.128433158343 1.06731622138e-15)
(0.166291729611 -0.0534631429412 0)
(0.0897523410968 -0.187582156978 5.73622574067e-16)
(0.314717192937 0.137108762265 -3.67580063632e-16)
(0.25688273293 -0.0398116517184 5.33171477667e-16)
(0.159463925204 -0.0315844989744 0)
(-0.301446896901 -0.149520265362 4.66314740657e-16)
(-0.317430587493 0.210368689579 -4.12485384393e-16)
(0.0598478786084 -0.0325483779894 0)
(0.195800567957 0.164900242811 -8.39386799761e-16)
(-0.293611571518 0.011757260915 -7.30171951421e-19)
(0.0976696718059 -0.190241059688 -1.68579890182e-15)
(0.134717880365 -0.0355036979252 0)
(0.0774482294647 -0.199327898366 -1.2056057114e-15)
(0.103415438789 0.354604871873 -3.17762575679e-27)
(0.00568565868906 0.0293244915676 0)
(-0.144627447891 -0.141227540843 1.15717631216e-15)
(0.0916619057616 -0.205737545429 0)
(-0.0752595245462 -0.207960970814 2.51241472212e-15)
(0.0936181938886 0.147116280743 1.18118784643e-15)
(-0.308223351595 0.00784599980697 -2.74155806093e-18)
(0.0828463255308 0.154116741276 -1.18118784643e-15)
(0.196947325604 0.125395036667 0)
(-0.145141738401 -0.129684689935 1.15727839004e-15)
(0.171139570194 0.151951960205 1.98297306041e-15)
(-0.288103508752 -0.0117231714797 0)
(-0.170899827795 -0.157249967597 9.32118038982e-16)
(0.233475515541 0.183886842452 6.88021332747e-19)
(0.0579270416665 -0.0434090439735 -1.63434789409e-15)
(-0.153382761365 -0.146732591659 0)
(-0.27553240287 -0.0075900366252 0)
(-0.22783554103 0.264946546406 -1.45793607578e-28)
(0.136483101524 0.298615450294 2.49178899744e-16)
(-0.0456398193321 0.21394599244 0)
(-0.140153479945 0.301213829601 -1.07369251812e-16)
(-0.0624074738084 -0.0910018471672 -1.5772789071e-15)
(-0.137570473359 0.158132060761 -1.01459137826e-17)
(0.138953711188 0.250555767528 0)
(-0.159093932997 -0.250484287293 3.57415785956e-16)
(-0.14037321836 0.336139685323 0)
(-0.234937384475 -0.103022859849 0)
(-0.154863353598 -0.123313640365 -1.15727839004e-15)
(-0.0832532844695 -0.186317924653 -2.40287684998e-21)
(-0.173796028578 -0.121760990935 -1.06731622138e-15)
(-0.148777733842 0.274526764415 8.64330380754e-17)
(-0.28643316048 -0.0229394464127 -3.83914863324e-16)
(-0.169039507503 -0.182948854936 9.22679597907e-16)
(-0.0429454870354 -0.07861310133 0)
(0.160840881531 -0.0728637274104 -1.58371292589e-19)
(-0.169478779687 0.264074747568 0)
(-0.117239556384 0.136662621594 -6.63996172001e-18)
(0.168978833956 -0.0438126328032 0)
(0.18290410278 0.172444033267 0)
(-0.0455664497728 0.199053930231 1.07143176153e-15)
(0.209578009391 0.13153175279 0)
(-0.269005439765 -0.0418684208526 -3.73130470729e-16)
(-0.248740777931 -0.0958355283348 -3.61485593952e-16)
(-0.0936015558839 0.100350342365 0)
(-0.19081377686 0.312167186308 1.0586565026e-28)
(0.098693202342 -0.207901749494 -3.05606312171e-17)
(-0.0746222003146 -0.179172464469 0)
(-0.181667026262 -0.138333579081 -8.91199209215e-28)
(-0.136978327722 0.279467119736 2.09362137369e-17)
(-0.204001391972 0.263809361352 0)
(-0.0511710324939 -0.0625957620321 2.27762483291e-17)
(0.209466929248 0.144258425453 0)
(-0.178548918146 0.256598880096 0)
(-0.2530576171 -0.0610013435435 -1.21789741469e-15)
(0.0918687245281 0.0591568800214 -1.3023978981e-27)
(0.0925928258609 0.0710057659725 1.30239789809e-27)
(0.151971354279 -0.0605328981254 0)
(-0.260995942613 -0.0152035476404 8.69231952758e-16)
(0.136852262492 0.146095747075 -1.06769002596e-15)
(-0.0832321949802 -0.200383927543 -3.28076784853e-17)
(-0.226653841929 -0.0868090107287 0)
(-0.171743451108 -0.145300286811 1.02505367159e-15)
(-0.17878662597 0.320005161647 0)
(0.0616129088692 0.368647019425 0)
(-0.0668983026213 -0.200307659157 -2.5686322969e-15)
(0.244533547802 0.18912742809 -2.86885978175e-19)
(-0.160387604746 0.158307668387 0)
(-0.21735706049 -0.0829134165003 -9.48178769147e-16)
(0.0391286969761 0.260287212965 0)
(0.00278530160457 -0.00647122177626 1.66507665472e-15)
(-0.139400900502 0.149373789049 1.87515266462e-17)
(-0.168557297606 -0.195843783713 -8.64156015933e-16)
(-0.254779080527 -0.0495227836485 -4.23664445717e-16)
(-0.0596342436308 -0.256636503431 -1.13624552456e-15)
(-0.0617289904325 -0.0799739524768 -1.59750058183e-15)
(-0.00261610077999 0.0727594367875 -1.06304438272e-26)
(-0.270466185077 -0.0303614369624 7.89398735355e-16)
(-0.00174568165709 0.112855110877 -9.74540022683e-27)
(-0.0043097558252 0.0347434691703 0)
(0.0459133727373 0.377373335657 4.62578954658e-16)
(-0.224295956416 0.289268155862 0)
(0.137909142648 0.276632960543 0)
(-0.0512492710201 -0.248307315646 4.77528126892e-18)
(-0.00164161347894 0.154986637349 0)
(0.223651315973 -0.0442194674622 1.73456962557e-15)
(-0.0582517297517 -0.178471426612 2.75517334963e-15)
(0.143310254132 -0.0481478090955 0)
(0.258891347399 -0.0322843017779 -1.11096432487e-15)
(0.22659180247 -0.0354325155361 0)
(-0.190135665592 0.299345071693 0)
(-0.00684802357355 -0.00155182036983 -1.6650766547e-15)
(-0.259105133884 -0.0268336597734 -4.06728551904e-16)
(0.0541136290999 0.377716895073 -4.62578954659e-16)
(0.0401350791729 0.197670663112 3.87560366828e-27)
(-0.00210425488098 0.198545589729 0)
(-0.240224566683 -0.0681503522682 1.70548885862e-15)
(-0.0592412148533 -0.20748225383 1.29836884978e-15)
(-0.161303774913 -0.270710763231 5.57990194469e-18)
(-0.246152710526 -0.0339548111749 -9.0870567602e-16)
(-0.176136152365 0.284941321807 0)
(-0.0678757176214 0.214018463629 1.84954455342e-27)
(0.125530409487 0.153111609092 0)
(-0.0567315641154 0.221480975388 0)
(0.0516303937892 -0.0756873885636 -5.94520559285e-27)
(0.140586081439 -0.0581354702416 0)
(-0.0791210540048 0.22153271874 0)
(0.00821362727764 0.220785178008 -1.03820155166e-15)
(-0.0905012219605 0.214052480888 8.93103480238e-28)
(-0.04112287968 -0.0562383238852 -3.33101258322e-15)
(-0.101915505769 0.221575635435 -1.61999303419e-27)
(0.0538568555195 -0.0648188616697 -3.28017797754e-15)
(-0.225254190762 -0.0985745465217 0)
(-0.0666387819033 -0.185859539017 -1.36521475467e-15)
(0.238773775267 -0.0465166960601 -1.14076844695e-15)
(-0.0593439339843 -0.223102774635 0)
(0.146498174691 0.266589972258 2.62552726348e-20)
(0.157020571626 -0.0413059813236 0)
(-0.287086906629 -0.170625355582 -2.28812772778e-16)
(-0.244434446757 -0.0457682140277 4.23791261695e-16)
(-0.0967713499842 0.107412602504 0)
(-0.261971731064 -0.101773171039 -3.07126986864e-16)
(0.11451275069 0.0719827318382 -1.25843263722e-27)
(0.175600452198 -0.0654640833987 0)
(0.193989725181 -0.0487697256322 0)
(-0.232316824802 -0.0528378783547 -9.4311480636e-16)
(-0.0241359505245 -0.076739107498 0)
(0.148951909099 -0.070567781933 0)
(-0.160153827891 0.16923815257 -4.21718171382e-17)
(-0.0584272554817 -0.273903753302 -4.57025034567e-16)
(0.103700390959 0.0774525145348 0)
(-0.21963488758 0.275875876216 0)
(-0.238647278388 -0.0798816501861 0)
(0.047595715388 0.369618981618 0)
(0.0287658762441 0.269013866679 0)
(-0.268062156941 -0.159454881124 2.91178220763e-16)
(-0.27907537556 -0.123668560182 0)
(-0.230560028083 -0.0643945388942 -8.77100721644e-16)
(-0.219041325384 -0.0714481834524 0)
(0.0289974893831 0.235859235753 0)
(-0.249411647068 -0.0840544993301 1.49867546645e-18)
(-0.263023893254 -0.114736019393 0)
(-0.265688786779 -0.144415403271 5.80638271619e-16)
(0.0989906615515 0.343272566291 0)
(0.24304501694 -0.0286529558224 1.11108791971e-15)
(-0.281356563272 -0.138233867028 -5.90700382347e-16)
(-0.00592248170573 0.0104406137501 1.62729940182e-15)
(-0.00366550150208 0.0472689973472 0)
(-0.00898960732183 -0.0248880600328 -1.68307930762e-15)
(-0.00225356468956 0.085954281557 -1.4291012201e-15)
(-0.234590676944 -0.115187988969 0)
(-0.0101574324386 -0.0364085826445 -1.70239100489e-15)
(-0.00163436496853 0.126785559896 1.30550024322e-15)
(-0.020602478587 -0.0430834630675 0)
(0.178686620533 -0.0557870760745 0)
(-0.248495379261 -0.134987022488 0)
(-0.0017158947322 0.169446631892 -1.17645249594e-15)
(0.145250742708 0.29479047089 -2.49174430177e-16)
(0.236058240883 -0.0543985755614 0)
(-0.0330352128377 -0.0722035423373 0)
(-0.0217508815274 -0.0544448842832 0)
(-0.247417362844 -0.121930150326 0)
(0.123974065645 0.318027176311 0)
(0.271890213122 -0.0421274882145 -5.33163900383e-16)
(-0.0022697832102 0.213429977288 0)
(0.0298656272623 0.190625057511 0)
(0.134812712665 0.312003616882 0)
(-0.130694158808 0.128318120902 1.09068770541e-18)
(0.0398883021882 0.212501067782 -3.87560366828e-27)
(0.0657916769995 0.366555265644 -5.22930002236e-16)
(-0.0319539217042 -0.0610059552825 1.67461284726e-15)
(0.109934848804 0.335378632882 2.12921129426e-27)
(0.130524135848 0.339203161055 -3.20528264885e-27)
(0.0292453409732 0.220361736746 0)
(0.0416563341861 0.37703924033 4.03255155109e-16)
(0.0699968738832 0.372522260958 0)
(0.0857264688938 0.362282573471 0)
(0.02850268167 0.286845909261 0)
(0.0506789117462 0.367460858828 0)
(-0.112990991442 0.110198606481 -1.03219732024e-18)
(0.0812669572234 0.366142929358 0)
(0.028099072535 0.342267365786 0)
(0.114898445617 0.337145373793 3.37121242488e-16)
(0.0178559449269 0.350416112389 0)
(0.0269751634375 0.371815282037 5.63534405749e-16)
(0.0637677215664 0.37699223862 -4.53765067884e-28)
(0.0177612497119 0.366630477172 -5.63534405744e-16)
(0.136248057222 0.331619589642 3.20528264885e-27)
(0.0853154883953 0.361162228711 -5.11159147884e-16)
(0.0766057264274 0.359957587084 1.03408915013e-15)
(0.0348419551546 0.382207917309 0)
(0.0256339325509 0.382671454306 -3.7982055117e-27)
(0.117876329416 0.338285388892 -5.13354890316e-16)
(0.251008456668 -0.0571861130962 -8.87141612255e-18)
(0.11452156354 0.348325560426 3.55702706113e-27)
(0.267937710952 -0.0493417629472 0)
(0.0301681990254 0.381305211656 0)
(0.125970784378 0.33085487098 -3.37121242487e-16)
(0.0964560070799 0.355241546754 0)
(0.119179627717 0.345789171465 -2.89965188644e-27)
(0.1134357256 0.349556560429 2.89965188644e-27)
(0.12884697262 0.330895482949 5.13354890312e-16)
(0.145648527513 0.326912102205 0)
(0.145860935478 0.317597556683 0)
(0.156839051223 0.309361637117 -6.16034276301e-28)
(0.155437855418 0.299075127109 -7.91338892241e-21)
(0.167981494268 0.269415770994 0)
(0.160614117326 0.277297133733 -2.62515946489e-20)
(0.165198232365 0.292018877595 0)
(0.134385329548 0.333227507448 6.37379505489e-28)
(0.184745803054 0.237681700197 7.47074102442e-17)
(0.200659566376 0.237748644505 0)
(0.254821435276 -0.0915997588891 0)
(-0.390482850682 0.00745745613715 0)
(-0.319272523734 -0.211038822133 0)
(0.195921315547 0.198209013779 -1.05855441181e-16)
(-0.365263304212 0.118713496891 -3.73251339669e-16)
(-0.0366194354789 -0.299128797883 7.06605739418e-16)
(-0.0180084870328 -0.338713144835 0)
(0.0334509331199 -0.297808330227 0)
(-0.373091442919 0.00772416545421 3.81529461981e-16)
(0.224844115047 -0.081261817718 3.69810527137e-17)
(0.246173836741 -0.0661128032864 9.15353888766e-18)
(0.32307788521 0.127436016752 -3.23341912722e-16)
(-0.354135136405 0.142768167252 0)
(0.0249116115179 -0.106745134713 5.83273928015e-17)
(0.104997871033 -0.109720907009 0)
(-0.0537833022536 0.04832312834 -2.78268052651e-18)
(0.0821636049906 0.134715025558 2.80311702848e-17)
(-0.104244649825 -0.106326078653 -6.55070351496e-17)
(-0.0855904624746 0.0825953540517 0)
(0.28554840685 0.0320345323489 -4.75998829776e-16)
(0.288976868413 -0.0593788063618 0)
(-0.277246929487 -0.256681827995 -9.4881240504e-18)
(-0.334847586728 -0.15133902601 -1.39060597718e-16)
(-0.318152287508 -0.125800397262 2.32751906608e-16)
(0.360779058406 -0.0121644924724 0)
(-0.397164274288 -0.0421228591278 0)
(-0.367983629019 0.129892166397 3.97316850913e-16)
(0.227770203672 0.170226528009 0)
(-0.314022464188 -0.0964882528705 2.69897516492e-16)
(-0.334913841118 -0.0761267929556 0)
(-0.25979915838 -0.215648164144 -7.87626724894e-19)
(0.318495912172 -0.0489837616877 -1.56061416588e-17)
(-0.0364594337729 -0.283349326352 6.47111232691e-16)
(-0.121614128023 -0.304606589879 -2.07633236762e-16)
(-0.109670317821 -0.299324154485 -2.38967200701e-16)
(-0.135549407452 -0.384884216439 -6.82611678829e-16)
(-0.148706439927 -0.311529743504 -5.32759273733e-16)
(-0.0684997157781 -0.302432098584 0)
(-0.114066943215 -0.374964882918 -5.49945146444e-16)
(-0.154927979723 -0.396979151788 0)
(-0.0651189070098 -0.353109196454 2.30089731934e-16)
(-0.0301054438333 -0.353562647673 9.24705912471e-16)
(-0.2420931464 -0.325025791967 1.11426415363e-17)
(-0.209915748072 -0.321577841722 3.903432932e-17)
(-0.0198538201 -0.356119891244 0)
(-0.245809742802 -0.280093360119 0)
(-0.199635324289 -0.354965521998 -5.18801421789e-17)
(-0.22283963428 -0.333097972148 0)
(-0.177698045836 -0.241588413629 5.71841783017e-17)
(-0.148554089383 -0.179087531417 -4.67030891714e-17)
(0.0127690897839 -0.324510954833 0)
(-0.00134049104981 -0.251967890991 6.74529811781e-16)
(0.0120525338367 -0.247000853663 -3.65877053545e-16)
(0.00594004910342 -0.294326308419 -9.51286020293e-16)
(0.0242102264699 -0.306639295891 -8.7373375734e-16)
(0.0601148186199 -0.271967816419 0)
(0.0607172278653 -0.250016397054 2.14223804053e-17)
(0.0792199241084 -0.235881344364 0)
(-0.0490721507457 -0.283863258681 -2.63906027137e-16)
(-0.313979042309 0.188459985421 2.04858670188e-16)
(0.286716369843 0.0511449890943 0)
(0.283134948751 -0.0755980729803 -5.51949033302e-16)
(0.281404903982 0.121303928514 0)
(0.321578242017 0.0298376735375 4.88193537778e-16)
(0.298796082176 -0.00385342582791 -9.15149079921e-16)
(0.282329796853 0.00686719130045 0)
(0.204027725601 -0.120020687659 3.20646899729e-16)
(-0.335609398385 0.15571773976 0)
(0.311349600776 0.141827654707 5.16662956509e-16)
(0.234081016738 -0.0730216722695 0)
(-0.326281012477 -0.209866795001 1.04724913254e-16)
(-0.309909537421 -0.236094443868 6.68603797637e-17)
(0.227948332945 -0.0738553280227 -6.43299157879e-16)
(-0.268083194315 0.167282598236 5.4628508222e-17)
(-0.229921525819 0.163200636677 3.04305835365e-17)
(0.233073421559 -0.0883376859947 2.88007143074e-16)
(0.33313077334 0.0857568048487 0)
(0.33518697845 0.070355203301 1.25361576677e-15)
(-0.0380673173345 -0.306718115386 -1.91433042177e-16)
(-0.0214091034048 -0.330453380583 1.82697559993e-16)
(0.0319788289306 -0.298672456875 -1.6501144335e-16)
(0.256072558982 0.160427066593 1.64606059893e-16)
(0.370408943521 -0.00687141367576 0)
(-0.399556901854 -0.0425201822797 1.52620744732e-16)
(-0.337229199632 0.082761583824 3.12833693108e-16)
(0.318229163226 0.120617206394 0)
(-0.368350913709 0.143155941967 0)
(0.0576086220744 -0.132659620723 -5.83044794791e-17)
(-0.124144326337 -0.133634399095 0)
(0.109378033106 0.155498413191 -2.9146713027e-17)
(-0.0688380513013 0.0681177338723 3.84649968263e-19)
(-0.334803219451 -0.186914822547 0)
(0.285023187354 0.0238908636827 -1.01976736055e-15)
(-0.278804400776 -0.225583671286 1.79929252958e-17)
(-0.340046516016 0.105461919318 3.22671066176e-16)
(-0.357523628773 -0.0116490546138 6.71091565213e-16)
(0.27516464603 0.183202638386 2.67144251817e-16)
(0.203195540099 -0.128093939153 0)
(-0.289230606024 -0.252805863766 -1.19619428789e-16)
(0.242880737761 -0.10098152578 3.29415707294e-17)
(0.220541558035 0.223506257289 0)
(-0.395190016912 0.0561249588263 0)
(0.227498197348 -0.0700422370056 -2.50393262214e-16)
(0.21140246521 -0.078393071292 1.48210362257e-16)
(0.154281714177 0.214434040088 1.71172934521e-16)
(-0.132140717517 0.120852783025 0)
(-0.360971074014 0.0206894081412 -3.18494261919e-16)
(0.228653510751 -0.0603224810907 0)
(0.27369650838 -0.0589751755255 0)
(-0.168711113179 0.12765363819 1.51984817273e-17)
(0.29055406341 0.161391403318 -4.18606758757e-16)
(-0.302819558004 0.160413766933 -3.74259160645e-17)
(-0.320130485477 -0.140438175168 -4.21374754e-16)
(0.351720775507 -0.0186520924694 -4.44619479889e-16)
(-0.39002793231 -0.0729764257878 0)
(-0.323499197707 0.108733034915 -3.24212432595e-16)
(-0.319118187319 0.0789249872351 -8.19012088023e-16)
(-0.331679201995 0.0606769231183 0)
(0.194331274588 -0.138368234233 -2.73417741962e-17)
(0.0700063801785 0.123044993378 2.95144848875e-17)
(-0.0663139828826 -0.085456779748 3.25386879432e-17)
(-0.0738134180876 -0.080504975045 0)
(0.061872850334 0.13144235205 0)
(0.166524258071 -0.0185324829501 -2.52728922382e-17)
(0.152756127982 -0.0377369921111 3.66506986341e-17)
(-0.0316035804678 0.0344229154595 1.07937148984e-18)
(-0.0336461512137 0.0340579694156 -1.49485413697e-18)
(-0.295149161873 -0.241372148853 5.8907815742e-17)
(-0.359874228946 -0.138704323063 -3.88071431603e-17)
(-0.39299871176 -0.00394768408848 -2.3839948842e-16)
(-0.049664287831 -0.330088927386 3.4226839749e-17)
(0.0607562268398 -0.230799997527 5.49938225842e-16)
(0.06554312077 -0.263955766021 0)
(0.0260277270638 -0.259981714605 -6.04860738193e-16)
(0.0919872505438 -0.236071041341 1.2551912446e-15)
(0.218681146197 0.177241500118 0)
(-0.313747396769 -0.0827862826183 -6.04786893833e-16)
(0.331004203484 -0.0393419618652 0)
(-0.347052634231 -0.143609114232 -2.08691323364e-18)
(-0.205162298987 -0.327851293876 1.33336031547e-16)
(-0.184897466561 -0.31563107729 5.72363915554e-16)
(-0.116487274796 -0.29061788511 4.1559842077e-18)
(-0.152187845447 -0.405074416304 0)
(-0.0864337985341 -0.381226727434 0)
(-0.107915452591 -0.386551282022 0)
(-0.090767316382 -0.369223598312 0)
(-0.15670774263 -0.302397219998 6.60735551092e-16)
(-0.0647528710924 -0.296933323827 5.78897461849e-16)
(-0.0438379412407 -0.274534611785 5.65032769206e-16)
(-0.197090868958 -0.322694779918 -3.90343293201e-17)
(-0.178525055073 -0.320967097582 -5.83798507626e-16)
(-0.253663089262 -0.308413398447 3.18724648466e-17)
(-0.254031725107 -0.316887553203 0)
(-0.214202879504 -0.31952544942 0)
(-0.263471601571 -0.29692427347 -3.17257580066e-18)
(-0.146584760474 -0.196084756485 5.31903210616e-17)
(-0.0265975264311 -0.371262931403 -1.03296592179e-15)
(0.0054742705627 -0.238358191545 7.81258601949e-16)
(0.00900333325083 -0.301740035884 7.10523007799e-16)
(0.0133396120554 -0.327444989799 0)
(0.0605256366694 -0.270775312384 0)
(0.0735476918199 -0.233265768685 -6.24718023296e-16)
(0.0917651552536 -0.222588395599 -3.96962883667e-16)
(0.286379413191 0.0586273280008 4.93552306242e-16)
(0.287619139433 -0.0802504979253 1.00823667958e-15)
(0.314620812087 0.0207410872706 -1.14348482849e-15)
(0.283085981883 0.110635930293 -8.75950768177e-16)
(-0.336725787484 -0.161279975767 4.02699072771e-17)
(0.300029666601 0.0378522756502 7.19992795058e-16)
(-0.374758535065 0.0658720050677 -6.84320456021e-16)
(0.297782446497 0.0180511492284 1.71422590683e-15)
(-0.225327717363 -0.241508246002 -1.32330081522e-17)
(0.281087950386 -0.00155924150346 0)
(-0.0151119118558 -0.304173154901 0)
(-0.0353865907058 -0.324949745979 1.84992455781e-16)
(-0.0199774565923 -0.311972757564 5.45618124836e-16)
(-0.0120566277537 -0.285005762729 -3.60840460947e-16)
(0.0445098891945 -0.28290254401 1.69083598828e-15)
(0.0181837547796 -0.307787501842 -1.66311409487e-16)
(0.131462787926 -0.179205731418 3.8531410719e-17)
(0.116086948547 -0.194265910355 0)
(0.151438213789 -0.166338328368 -3.67949033498e-16)
(0.167528004658 -0.150363950004 3.25089058059e-16)
(-0.315478909802 -0.224216254352 -1.04757034964e-16)
(0.100014224216 -0.203508832664 0)
(0.0214509709473 -0.291433268459 -5.47099539746e-16)
(-0.236671685839 0.151837107736 -3.34767366192e-17)
(-0.364343462281 0.140128720835 -2.52830307675e-16)
(0.345903041555 0.0768769473226 0)
(0.288815452623 0.136243062001 1.02777022161e-15)
(-0.353412059551 0.160843992593 -4.685865758e-16)
(0.271411898803 0.164262103289 0)
(-0.252102239671 -0.23946985052 4.29282129419e-18)
(-0.0563211060028 -0.319435877304 3.62933751917e-17)
(0.0663554950405 -0.251244581403 -1.97462085787e-16)
(0.0182178885751 -0.272070003479 0)
(0.0672893335102 -0.239895679323 -5.83350597084e-16)
(0.0815262205834 -0.248981574403 -9.51492436606e-16)
(0.234609264981 -0.109220647396 -4.29552686336e-16)
(-0.354360000478 -0.133279457711 1.98249026257e-16)
(0.365838468392 0.00335719149076 1.2320012751e-16)
(-0.392078040198 -0.0276893879174 -1.58514596559e-16)
(-0.343735095986 -0.17530423632 1.34102969873e-16)
(0.272382560972 -0.0861226916396 -9.58994409801e-16)
(0.31638462246 0.0351498407686 1.1478832818e-15)
(-0.219969460378 0.170182563866 8.10640905325e-17)
(-0.291483818783 0.170415899964 -1.0605000579e-16)
(-0.330438632933 -0.118980545242 0)
(-0.358698445787 -0.00163781474221 -6.0681707424e-16)
(0.300432786302 0.135739661219 -5.9590920352e-16)
(-0.357937907901 0.158956932594 0)
(0.286056215858 0.175692925712 6.6214575968e-17)
(-0.332865469085 0.185332640664 0)
(-0.371272146925 0.0545353147043 0)
(-0.19786809227 0.163852113593 1.67715680906e-17)
(-0.330715859338 -0.10438091342 -3.29230173959e-16)
(0.295098774179 0.151394030584 0)
(-0.347151149822 0.172575000549 1.76129956154e-16)
(-0.243570873451 -0.218751224455 8.780609158e-18)
(-0.0568554936926 -0.307718979914 -7.22186853899e-16)
(0.0149522825841 -0.287899258632 0)
(0.0903322422065 -0.219110322047 0)
(0.0852162618028 -0.238529415844 5.86725511355e-16)
(0.0698758131568 -0.257966378936 -4.65147027609e-16)
(0.202631934011 0.226665440947 0)
(-0.387838796119 0.0654392773833 7.26417828438e-17)
(0.241179373452 -0.0637671541205 0)
(-0.159256605543 0.137751400982 -1.36155204952e-17)
(0.174817836123 0.224445754334 -2.12614812933e-16)
(0.273320167247 -0.0840688269332 5.45050483964e-16)
(-0.364016719843 0.0317633916517 0)
(0.26761115941 -0.045084856927 0)
(0.299199321133 0.0456750900174 -1.67578148008e-16)
(0.263705953914 -0.0779146858718 5.83006061664e-16)
(-0.204425474573 0.149152768113 -2.26629737892e-17)
(-0.34897154277 -0.120790924791 0)
(-0.351710675496 0.121226939219 0)
(0.29286140296 0.125743655635 4.77662256677e-16)
(0.304467185182 0.143352415183 4.05110609156e-16)
(-0.354419629913 0.162423036985 -1.89347216711e-16)
(0.0991011499837 -0.0541239636278 -4.40904840857e-17)
(-0.0498643626474 0.0478974774095 4.59507751497e-18)
(0.074348808341 0.144818752966 0)
(-0.0983101640734 -0.104144711284 9.30290324209e-17)
(0.279638015362 -0.0533489175853 0)
(-0.325175636737 0.122926851621 3.59740125984e-16)
(-0.374151212164 0.0181523658545 5.75117830342e-16)
(-0.314896665504 0.065515242545 1.09254062724e-16)
(0.296779694988 0.0109974970564 0)
(0.181369568267 -0.148987300686 5.98985444505e-19)
(-0.344836783277 -0.100458894343 -2.86055939925e-16)
(-0.0901053233621 -0.109096286235 -6.27056611753e-17)
(0.0848557144892 0.142515797441 -1.03594172913e-16)
(0.16723241658 -0.0283928271992 2.73713490153e-17)
(-0.0467002155303 0.0467245222054 -1.40674501861e-18)
(-0.313618985366 -0.236686311044 -1.72562374449e-17)
(0.224284985657 -0.113700766826 5.14219192821e-16)
(0.236034445719 -0.0843197447569 -7.04316675672e-16)
(0.0806227893828 -0.206504339711 0)
(-0.0462651244698 -0.323269675666 0)
(0.0316952532798 -0.26459256087 7.19167592755e-18)
(0.0649793906312 -0.258388103229 -8.18570341404e-16)
(0.0971012403005 -0.234540736462 -4.78165786069e-16)
(0.0934021590845 -0.199865199653 0)
(0.0266007609721 -0.281621414062 1.25718502074e-15)
(0.255402741502 -0.0745649008399 -7.32322215689e-16)
(0.304581455219 -0.0523233267961 2.01598183745e-17)
(-0.34104512333 0.128393530685 -3.3676176327e-16)
(0.106382018394 -0.1800020087 0)
(0.147785553208 -0.147697110349 1.82231715486e-16)
(0.126011041312 -0.166082387058 0)
(0.185441086007 -0.124627360701 0)
(0.167833311342 -0.141985325557 -1.7388423292e-16)
(-0.0134418743807 -0.329034969023 -1.806618986e-16)
(0.0442810856098 -0.28598137008 -1.11221885871e-15)
(-0.0121981219621 -0.311215566086 5.93668166967e-16)
(-0.00631172307434 -0.299634002739 1.15045641941e-15)
(-0.0294590048857 -0.309276013927 -3.85965538739e-16)
(0.0309037511722 -0.287263319174 1.09408058147e-15)
(0.314900448866 0.136389643929 3.49983676486e-16)
(-0.347015700223 0.151704104676 0)
(-0.291622846855 -0.216270919272 -3.45885135752e-17)
(0.323887385202 0.0144589984198 -7.42756398172e-16)
(0.325273629224 0.0408386450388 6.77151054861e-16)
(-0.212603109505 -0.196217514305 0)
(-0.356291271173 -0.11078241456 0)
(-0.360958073244 -0.127457129787 0)
(-0.401373038024 0.018337789192 0)
(0.13293723996 -0.0620645251375 0)
(-0.0579283772735 0.0567157363659 -2.46986723369e-18)
(0.096740840401 0.150449280168 1.13405174284e-16)
(-0.113433529273 -0.119326328989 2.34809721217e-17)
(0.18573934176 -0.142209243552 -3.73032638708e-16)
(0.314021363751 0.050394143861 2.39375340678e-19)
(0.296125354504 -0.0470384803473 6.8485872553e-16)
(0.305762363705 0.118656689968 -4.46549011575e-16)
(0.310238022757 0.123502121292 4.82555243414e-16)
(-0.363836597384 0.14769207027 0)
(0.31147463838 0.00843060649959 4.03242662841e-16)
(-0.226389975705 -0.233726520157 -2.44816472068e-17)
(-0.205336274614 -0.202575017558 2.04139806915e-17)
(-0.310492039697 -0.222083095539 -6.05223129731e-17)
(-0.39099703673 0.0246903898737 -1.84152035433e-16)
(-0.0307744453245 -0.400382556642 3.8441934283e-16)
(-0.023380319579 -0.405087608698 -3.8441934283e-16)
(-0.18248822735 -0.280766480997 6.03203858784e-17)
(-0.179593786768 -0.295461031112 0)
(-0.00226003705006 -0.375963023696 4.87975691019e-16)
(0.000953362674425 -0.367647356515 -4.8797569102e-16)
(-0.081254539546 -0.0950048143499 -1.9257092679e-16)
(-0.0896736767729 -0.113511851726 1.94437131245e-16)
(-0.153268912918 -0.431624066138 0)
(-0.177625903083 -0.423604652555 0)
(-0.110798090826 -0.421312256977 -5.94956447572e-17)
(-0.131444695997 -0.419451102546 5.94956447572e-17)
(0.0549416104161 -0.35137707045 0)
(0.0387804291217 -0.333925915904 -2.73242948184e-16)
(0.00828393512802 -0.285015081045 0)
(0.0160417146571 -0.320226568712 0)
(0.383151147489 0.0226273934662 3.53981645056e-16)
(0.379696438838 0.0136656986811 3.35790226554e-16)
(0.221888002748 0.149588866755 1.36019139095e-16)
(0.231952218949 0.147171025519 -9.87954738359e-18)
(0.347677098393 -0.0178010849149 -8.26647158152e-16)
(0.346264178668 -0.0345472641613 0)
(0.0867935293074 0.117085080203 -1.29730329163e-18)
(0.105671079545 0.132684055585 1.29730329163e-18)
(0.33060379052 0.10327225068 0)
(0.323321929952 0.117625057327 -3.60473927316e-16)
(0.35119045054 0.0798829991914 5.44515316046e-16)
(0.351893225183 0.0889529947325 -1.11241708758e-15)
(0.297366571267 -0.035177046454 1.68280933928e-15)
(0.283881705146 -0.0236021004626 0)
(0.285618877868 -0.0104414560855 0)
(0.286033281787 -0.0689910890342 -8.3996946685e-16)
)
;

boundaryField
{
    bottomWall
    {
        type            noSlip;
    }
    leftWall
    {
        type            noSlip;
    }
    rightWall
    {
        type            noSlip;
    }
    movingTop
    {
        type            fixedValue;
        value           uniform (1 0 0);
    }
    front
    {
        type            empty;
    }
    back
    {
        type            empty;
    }
}


// ************************************************************************* //
