/*--------------------------------*- C++ -*----------------------------------*\
  =========                 |
  \\      /  F ield         | OpenFOAM: The Open Source CFD Toolbox
   \\    /   O peration     | Website:  https://openfoam.org
    \\  /    A nd           | Version:  14
     \\/     M anipulation  |
\*---------------------------------------------------------------------------*/
FoamFile
{
    format      ascii;
    class       volVectorField;
    location    "90.000000000066";
    object      U;
}
// * * * * * * * * * * * * * * * * * * * * * * * * * * * * * * * * * * * * * //

dimensions      [0 1 -1 0 0 0 0];

internalField   nonuniform List<vector> 
2646
(
(0.000807789707393 -0.00415524632862 0)
(0.00121840080621 -0.00205066898859 -7.7367098731e-18)
(0.00435804794003 -0.00297814617141 -7.43865426132e-20)
(0.0161802052731 0.00210551658174 4.90031133772e-18)
(0.00274828045638 -0.012308502186 -1.67617829193e-18)
(-0.0787532012184 0.012227757737 0)
(-0.0105483435429 0.00513820543827 0)
(-0.105646850829 0.00320568630593 0)
(-0.337885654528 0.0966245560416 -1.79917350251e-16)
(-0.355263157595 0.0209518614509 5.79210811048e-17)
(-0.0647714169006 0.038779477328 1.64045904407e-18)
(-0.367910065336 -0.035243575924 -8.46673890366e-18)
(-0.408732269063 0.0328176974917 2.2031446797e-16)
(-0.406290948744 -0.00241045932545 3.58245876053e-17)
(-0.380841925451 0.0695972897823 4.37467465123e-17)
(-0.234744532516 -0.127789888408 9.24509753219e-19)
(-0.385800364716 -0.0581563760359 -6.67150189642e-17)
(-0.206675944657 0.105749796183 0)
(-0.350589828768 -0.10102292001 -2.11394483753e-16)
(-0.115658401433 0.064176298726 0)
(-0.305232501702 -0.0589955821224 6.98750736391e-17)
(0.0023715762287 -0.00629980573507 8.91065148399e-18)
(-0.217579959625 0.000581581919324 4.18878171935e-18)
(-0.351159499094 -0.00767371644763 -2.63769810807e-16)
(-0.218007372313 -0.0607077561606 -6.62778032547e-17)
(-0.103231004822 0.0550996270629 3.01201560946e-18)
(-0.167697064869 0.0264170511925 0)
(-0.308319328194 0.0540436434574 2.01401027558e-16)
(-0.326246687791 0.0315752378974 0)
(-0.199007839186 0.072397991731 1.21011724908e-16)
(-0.10817877293 0.0163935963265 -8.29590343973e-17)
(7.41484036516e-05 0.00189072340138 1.72468546327e-18)
(0.000438795686144 -0.00880108557831 -1.47849927793e-17)
(-0.000743832339837 -0.0373487165806 0)
(-0.00856357983969 -0.0240607092124 0)
(-0.0636769607693 0.0419842979983 0)
(-0.275021193826 0.108161785198 0)
(-0.394974130716 0.0520527200517 -1.68333370937e-16)
(-0.411881964068 -0.0420360852528 -5.62030092568e-17)
(-0.292471837933 -0.118900969264 -1.43596509655e-17)
(-0.138709455722 -0.0723767250616 0)
(-0.107220339993 -0.0718078435412 -3.90666972094e-19)
(0.000266623007104 0.00335548405935 9.22444442722e-17)
(0.000711014832453 -0.0020276140759 -2.11228071941e-16)
(0.00167711747918 0.00283280333026 4.70198659917e-17)
(-0.00907330404768 -0.0115479179958 1.87735832959e-17)
(-0.00353324197302 0.00426046895678 -1.49050151147e-17)
(-0.0024549985337 0.0994194997254 -6.61871161127e-17)
(-0.00289069583606 0.034210495519 2.64105291049e-17)
(0.0137276142215 0.172361283369 -1.51355798034e-17)
(-0.0966899017707 0.301278399813 -1.32937382333e-16)
(0.0425983883598 0.364576149071 2.72083138695e-16)
(0.0124083760265 0.350383827184 0)
(0.0505147846042 0.309171948311 1.76266991555e-16)
(-0.0494071492388 0.0725493289731 9.26997957223e-19)
(-0.074113305774 0.126518745115 -6.27324153233e-18)
(0.0536527290842 0.227945002464 -1.6021445479e-16)
(-0.00306872112493 0.351310774337 -1.08602838864e-16)
(-0.0214159131022 0.387681455214 2.50860607045e-16)
(0.0118651449674 0.376150131937 -2.52026709916e-16)
(-0.0645176835901 0.342141651709 0)
(0.095342922441 0.252818696444 -9.48953734025e-17)
(0.0515775340168 0.374180347785 -1.31320130093e-16)
(-0.11877928185 0.202151858277 6.33293311258e-18)
(0.0800323065458 0.339798388711 3.64214600152e-16)
(-0.0804189795218 0.12184145198 1.58641552958e-17)
(0.00877225868169 0.216297408426 8.29833886546e-17)
(0.0079065537901 0.00427493320944 -4.38664157576e-17)
(0.0567359846748 0.146456244656 7.02550792837e-17)
(-0.0562094596107 0.284367122753 1.68465026642e-17)
(-0.0100005762964 0.318098543691 3.7176123831e-17)
(0.0328169859628 0.115292900358 2.75210814635e-17)
(-0.0824579282704 0.2209232384 1.0224505066e-16)
(-0.0390145835603 0.159590851481 -3.94067318415e-17)
(-0.00227395274109 0.0640357725561 -2.74110374438e-16)
(-0.015287257418 0.167414229399 0)
(0.000314988343076 -0.00307184507398 8.21037704935e-19)
(0.00272152375933 0.00236085572942 6.1431880514e-17)
(0.0226827932649 0.0564680443501 1.24476676289e-16)
(0.011302838855 0.0658251800178 1.51151800379e-16)
(-0.0594237553429 0.0635730554918 4.82066932778e-18)
(-0.119233646624 0.260393764989 -1.23038033668e-19)
(-0.0350195407963 0.363073643648 0)
(0.0396441726739 0.381025050801 -3.53713724827e-16)
(0.0828596486641 0.282215744973 -3.4447286744e-17)
(0.0647854446434 0.179727636329 2.59547696008e-17)
(0.0030186197589 -0.40795402956 1.5041270822e-16)
(-0.0235611414021 -0.0897143250328 -5.14381832399e-17)
(-0.00587239738155 -0.258694672039 -6.92326262072e-17)
(-0.148865848085 -0.471402207247 2.60093209669e-16)
(-0.0568699412497 -0.544296697618 0)
(-0.0855831485589 -0.147121961121 4.5754351014e-18)
(-0.013761529333 -0.45367628512 0)
(-0.0499274121055 -0.462397274399 0)
(-0.0169713803249 -0.431383203732 9.43240183954e-17)
(-0.0982635426627 -0.456014817878 -5.128360246e-16)
(0.0366133201809 -0.374397490475 2.63724133488e-18)
(-0.00425984768794 -0.403807744024 0)
(-0.174109443598 -0.322980068197 2.47113098629e-17)
(0.013703306399 -0.391351477582 0)
(-0.13166428377 -0.213344047328 -1.5585108102e-17)
(-0.00571300862748 -0.446399367775 0)
(0.00871833452326 -0.00789280030291 -2.08731632558e-18)
(-0.0412797684975 -0.509494175592 -3.02748277058e-16)
(-0.0335690420459 -0.491180057104 6.59221963953e-16)
(0.0143960204216 -0.449476550841 0)
(-0.112412766568 -0.215904547844 -3.3435707627e-17)
(-0.0462961574323 -0.420699447802 0)
(-0.103812921224 -0.475557330386 -1.94571386513e-16)
(-0.0640695719519 -0.503922365687 2.15505989894e-16)
(-0.114449190798 -0.341098484762 2.95340711348e-17)
(-0.0414730301535 -0.269805867629 5.96231134663e-17)
(-0.0114807383751 -0.0112492329969 4.54432831658e-17)
(0.00416666079865 -0.0218492860662 0)
(0.00809391670487 -0.364410379792 -4.95609978766e-16)
(-0.0912006515492 -0.128862155293 -1.46921738769e-16)
(-0.16344297482 -0.398588251732 0)
(-0.0634828656504 -0.470647199943 3.09975722005e-16)
(-0.0174142792995 -0.423064434686 0)
(0.0319346921113 -0.384131999778 0)
(0.0387348714212 -0.345425142693 1.58990540603e-16)
(0.0549857862911 -0.412931872048 2.44561409549e-16)
(0.0621428106767 -0.450612096089 -2.34220468088e-16)
(-0.0464159410574 -0.0306684191502 -2.48936400197e-17)
(-0.0970599960482 0.0710420798788 -9.01815700482e-17)
(0.263198131128 0.0224366081174 1.28842518312e-16)
(-0.0683372311104 0.0529515177163 0)
(0.0217567866234 0.0947641379489 -7.03743776347e-18)
(0.542829398845 0.0076490602908 3.32060107313e-16)
(0.347954300596 0.00106693599727 -6.92768841175e-17)
(0.417375152357 0.0418786054933 0)
(0.356777822359 0.0954640087502 1.06379239004e-15)
(0.3940614401 -0.004730380354 5.53641466823e-16)
(0.434784025798 0.0137255486674 2.0700758531e-15)
(0.411365160774 -0.00788189213184 -4.41002511757e-16)
(0.154421452329 0.0876931585613 1.05255479426e-17)
(0.218672305869 0.0890902360688 6.69164825114e-18)
(0.352873775157 -0.0138925523595 4.56235190632e-16)
(0.421356874531 0.0228098075384 -6.60280498506e-16)
(0.413069821938 0.0392957445514 -3.8645427721e-16)
(0.401885316501 0.0144170404739 -7.09427953129e-16)
(0.405138912635 0.0532651423186 1.52812636372e-16)
(0.326598259303 -0.0327513096681 -8.27451377027e-16)
(0.38948634956 -0.00643692394107 1.1719725219e-15)
(0.2714140867 0.13735236019 -1.52523622665e-17)
(0.39094003264 -0.0562845825473 0)
(0.192092310346 0.135137791614 -5.74714378401e-17)
(0.457138148298 -0.00362307694629 7.28137178874e-16)
(0.193026340328 0.028000772934 -8.34497827483e-18)
(0.308388740431 -0.045841354813 -6.64793220155e-16)
(0.38926306455 0.0428635047867 -2.10495545657e-16)
(0.423026343874 0.0504337550377 0)
(0.430216444244 -0.0425511015486 -8.00943004495e-18)
(0.30650311586 0.0841545667144 -4.25941511692e-16)
(0.348139711983 0.0222485360578 1.7081203e-16)
(0.539590753191 0.0280042558364 -3.70309504827e-17)
(0.532814871182 0.00639551246417 -7.15013357179e-16)
(0.0819535335673 0.106021677482 2.27783731146e-16)
(0.307052286308 -0.0596978414124 0)
(0.0488497853978 0.0712962259555 -2.33936307759e-16)
(0.372471818923 -0.0306197881642 -4.81592153724e-17)
(0.124727429797 0.133609217565 0)
(0.327804045658 0.128178635727 5.30354634602e-16)
(0.419980411985 0.0717514542075 -5.1136012784e-16)
(0.399379232894 -0.0035712401765 -1.01791051951e-15)
(0.337414862176 -0.0437094117604 0)
(0.300552012111 -0.0810125736455 4.76505754535e-16)
(0.448365963613 -0.382140981297 -2.35808376918e-15)
(0.290606111608 -0.104766970965 3.61121173203e-15)
(-0.00668497086271 -0.469278588772 0)
(0.0212091791683 -0.309058586542 1.39414829605e-16)
(0.382625487864 -0.0105454866769 0)
(-0.412703990066 0.0300897361463 3.76989691682e-16)
(-0.411704226005 0.0151897181325 -3.76989691681e-16)
(-0.1725533248 0.108384131109 0)
(-0.189110803177 0.112633791808 0)
(-0.367354256196 -0.0842489872474 3.8517004735e-16)
(-0.376060059071 -0.102554943632 7.06560130421e-16)
(-0.0372014909681 0.0344370497633 0)
(-0.0514447443752 0.0409916320486 0)
(-0.334342381157 0.112881338131 0)
(-0.312147303351 0.12515460574 0)
(-0.369613981451 0.0833592831592 0)
(-0.356053648694 0.109770638818 5.24444516117e-16)
(-0.216631730447 -0.131784905639 -4.36370012847e-17)
(-0.198137401243 -0.116998049817 4.36370012848e-17)
(-0.081090981446 -0.0714453229942 0)
(-0.0976706147959 -0.0918411251342 0)
(-0.0180348834637 0.389086053593 0)
(-0.000741929351226 0.381178790455 7.13908678691e-16)
(-0.113939441623 0.168347407172 -6.73159376413e-17)
(-0.123413922569 0.186045852373 -1.52563465984e-17)
(0.0642122987648 0.35807876487 3.7440520235e-16)
(0.084223923707 0.356744117689 -1.93491374212e-15)
(-0.0418829760562 0.0383353991897 -5.19814516044e-18)
(-0.0522486751864 0.053059036558 -4.47173322884e-17)
(-0.106989190676 0.301157356588 1.1856535766e-16)
(-0.123372400788 0.286483195727 -1.1856535766e-16)
(-0.0851393336196 0.330602090744 -3.30890251829e-17)
(-0.102194065411 0.328677667452 3.30890251829e-17)
(0.101516557348 0.23885748888 -1.21822381576e-16)
(0.109614697532 0.222723112335 1.21822381577e-16)
(0.0708710758711 0.134366059065 0)
(0.061461263863 0.145999242135 -8.23616702803e-17)
(-0.396326361179 -0.0957451545272 2.56796578333e-16)
(-0.268057430343 0.204129564571 -3.02101492774e-17)
(-0.0904222471168 0.0806110205406 -6.18942079534e-19)
(0.350727207316 -0.0395709034999 -5.77591326404e-16)
(0.132810580753 0.184069993092 0)
(-0.144480302387 -0.156018240462 0)
(-0.184238728295 -0.189159331483 0)
(0.330788416754 0.0775901877514 -2.18974472785e-15)
(0.268174373773 -0.113598336713 2.70509717338e-15)
(0.3251787026 0.100689517054 1.70353078149e-15)
(0.362667215414 -0.0313020360033 0)
(-0.402907838965 -0.0837964467014 4.79599907422e-16)
(-0.111456391525 0.100365374385 0)
(0.149817057261 0.205988772792 0)
(0.243330457455 0.210202941767 1.24515843805e-16)
(-0.091468938328 -0.362853646347 0)
(-0.0993524891036 -0.350536426555 -6.10137550073e-17)
(-0.216738846201 -0.38881360932 1.63672333168e-16)
(-0.22310137253 -0.370419237969 -2.88269480786e-16)
(-0.197121649365 -0.390576304617 0)
(-0.203367795594 -0.385164487536 -1.71534568438e-16)
(-0.241139055364 -0.316546335505 -2.28919569135e-16)
(-0.25003633122 -0.308752293199 1.75766780807e-16)
(-0.312835617123 0.208749379341 0)
(-0.334212183297 -0.198032733119 -2.57990786854e-16)
(0.272428937352 -0.116944815647 -2.48077107699e-15)
(0.277845381863 -0.0966588479583 0)
(0.293052104834 0.187823270855 0)
(0.371632463128 -0.00403021566859 -2.20038719745e-16)
(-0.413034642912 -0.0293945525804 0)
(0.169775517095 -0.104514380468 2.30756532508e-16)
(0.231899233513 0.218659184872 -3.94122660898e-16)
(0.272743332409 -0.108902594159 1.22573885821e-15)
(-0.324176054939 0.208600556702 -5.564167662e-16)
(-0.26844795614 0.19196482788 0)
(0.365046001823 0.00211599038523 -2.44344799433e-15)
(-0.252810926483 0.198123567117 -1.87915523831e-16)
(0.322936550505 0.1115720968 2.561091777e-16)
(0.330914320433 0.0688628906318 -1.20311843296e-15)
(-0.239242156098 -0.290045438038 0)
(-0.213913216802 -0.259427288194 0)
(-0.135219400892 -0.35787913733 4.44415025381e-16)
(-0.150533653244 -0.37732692293 9.74064780262e-17)
(-0.239268082376 -0.370092185903 -6.13254532229e-16)
(-0.238560428282 -0.37374845965 7.20462367789e-16)
(-0.0783611814351 -0.358134921464 -2.58705006663e-15)
(-0.0710269311586 -0.353278137048 2.15319797019e-15)
(0.0693151773396 -0.288793647736 1.12910884949e-15)
(0.00419892133298 -0.30027065232 0)
(-0.0497595302832 -0.337508974946 2.03849404382e-15)
(-0.126231432261 -0.356245380975 5.19417632146e-16)
(-0.119236255071 -0.366294128151 0)
(-0.164222210664 -0.382276179571 -1.10047620628e-16)
(-0.168694483141 -0.368752571613 -9.28848446332e-17)
(-0.0282232140915 -0.370444058694 0)
(-0.236017975859 -0.346897646679 -4.67652860097e-16)
(-0.251686192054 -0.343521609851 3.77971656903e-16)
(-0.190950463502 -0.219449789425 0)
(0.0133086119967 -0.297241407477 2.12957200014e-15)
(0.0182970125625 -0.306650582372 -2.23288033671e-15)
(0.032148732341 -0.338088860652 -2.40701546317e-15)
(0.0828596112258 -0.284465767979 -2.00552515228e-15)
(0.0812161762618 -0.280434807589 1.97042808589e-15)
(-0.0538674827899 -0.346398921941 -3.19571860535e-15)
(0.0602412859888 -0.299358094148 -3.36982804649e-16)
(-0.00218429696219 -0.312051332621 9.07357316159e-16)
(-0.0326025819033 -0.362258467763 -8.18852787674e-16)
(0.0304353264414 -0.33678283139 2.76970599843e-15)
(0.273936334115 -0.0879390790171 0)
(-0.198139062564 -0.212956181058 9.30306477421e-18)
(-0.324345790498 -0.210526069885 -7.5121592879e-17)
(-0.390414590311 0.0788800169601 8.29227083903e-16)
(0.329219135707 -0.0468065040956 -3.03346533779e-15)
(0.344111566858 0.0818511982124 -1.19460816219e-15)
(0.298263617087 0.184572904799 2.79350995498e-16)
(0.194676533074 -0.0768493266557 3.14923845929e-17)
(-0.407215041274 -0.0170044484968 -7.00184966003e-17)
(0.338511775632 0.0926302478113 -2.32863837178e-15)
(-0.379549041552 -0.0989364491228 3.15436790231e-16)
(0.362945263047 -0.0121452841856 3.87163077145e-15)
(-0.410743212165 -0.0432044005348 0)
(0.28141955551 0.200863630041 -3.07779002742e-16)
(0.214727402628 -0.104149212664 0)
(-0.34642782161 -0.19206985356 1.68712533884e-16)
(0.263044699974 0.18656466285 -4.11598154974e-16)
(-0.421454825783 -0.0435900052824 1.49700889285e-17)
(0.391222810219 -0.0166739221543 -7.27412773771e-17)
(0.229534412891 -0.140094907509 0)
(-0.41003054981 0.0423635238933 -1.50323067709e-15)
(0.236029977705 -0.102629554359 -9.51084321935e-16)
(-0.362900322175 0.148553868839 8.07577782653e-16)
(-0.292915918791 0.19574557079 1.91772466314e-16)
(0.23644510248 -0.135337075268 8.87006386218e-16)
(-0.369711765757 0.0804883497757 1.01925509582e-15)
(0.257392446796 0.21118458072 2.38845200468e-16)
(0.360906723168 -0.0241751659981 1.28463578685e-15)
(-0.397619690008 -0.0653283561097 -5.60984754515e-16)
(0.116858050635 0.176893190849 -5.93967969845e-17)
(-0.133659903862 -0.140928304397 0)
(0.191862077484 0.221199025205 1.47612589896e-16)
(-0.159865203053 0.128780637877 -2.82684586215e-17)
(0.0971004195726 -0.267730635431 -1.52347058341e-15)
(0.0844953654625 -0.277348521532 2.47441592175e-15)
(0.143739373038 -0.08392185483 0)
(-0.0827212293947 0.0785583151817 5.7752633798e-18)
(0.200269237985 0.220638768155 1.96927487796e-16)
(-0.373152561931 0.155279312844 7.83332512628e-16)
(0.267792656483 0.197331245495 3.33905545019e-16)
(-0.410393494888 -0.0509220833279 -1.69344122018e-17)
(0.374253415891 -0.0187703417601 -1.26117282545e-15)
(-0.422126912936 0.035034499456 1.78010271403e-15)
(0.321107055092 0.160633870362 -1.67178897474e-15)
(-0.347199429206 0.175572398725 0)
(0.289128938847 -0.0967945871011 2.17598040625e-16)
(-0.373049099406 -0.161532740769 0)
(0.317279342788 0.171163293932 1.47215114351e-15)
(-0.341668931906 0.175703969262 0)
(-0.369553196284 -0.175637235514 -4.08729845239e-16)
(-0.367498858164 0.102209330055 -1.64867247919e-15)
(-0.412038118758 0.0505793090863 5.2692927946e-17)
(0.239143095915 -0.116164137127 5.51757855352e-16)
(-0.17235348285 0.141971668863 6.34194018848e-17)
(-0.126324438146 0.103503393248 8.17519629715e-17)
(0.168522873095 0.202631931652 0)
(0.334072948703 0.118009420153 -9.47972263104e-16)
(0.28436660503 -0.0769469025392 2.84739755915e-15)
(0.343139026789 0.0631996123888 -1.24449853142e-15)
(0.341954268246 0.00270796454101 2.0724470732e-15)
(0.258140857332 -0.113112082381 0)
(0.271188494289 -0.0985266765359 6.9134688885e-16)
(0.204448328524 -0.0875531029032 3.76520409351e-16)
(0.301346061986 -0.0691190363469 -2.97521700665e-15)
(0.154525789938 0.262042770224 -1.72358360275e-16)
(0.193689295795 0.262169006409 4.64027766298e-20)
(0.175545551331 0.257502164438 -4.63789105103e-20)
(0.0496631290623 0.301477419791 0)
(0.0164956597934 0.184036913475 -2.47579648449e-26)
(0.0165253500412 0.141642108224 0)
(0.0162723314784 0.101085066983 -3.8397867565e-15)
(0.27760089351 0.216461602602 1.01706438279e-15)
(0.0385496655348 0.328857504968 2.1942078959e-15)
(0.0156250225623 0.062065169367 0)
(0.103868668691 0.37550875333 9.45877273278e-27)
(0.0277726801804 0.338005792735 -2.1942078959e-15)
(0.0840149947829 -0.0763047512496 0)
(0.170625114368 0.266867989237 3.81567161474e-19)
(0.0497051727707 0.250947620119 0)
(0.36612375759 0.045160256459 -1.30971251147e-15)
(-0.21447223411 -0.309538993231 -1.66598676001e-15)
(0.0144379436556 0.0239380499592 1.51832772907e-26)
(0.244421154713 0.225798987904 0)
(0.0574751226446 -0.105918514335 -3.96945274936e-15)
(0.14694251152 0.0713741319982 0)
(0.0891516388136 -0.0389052575043 -5.05949677129e-17)
(0.0125899086056 -0.0140355486466 -4.21143051965e-15)
(0.0842106077872 0.0514580880136 0)
(0.145656662094 0.0359292710522 0)
(0.132487484161 0.0295428691818 1.39197243824e-26)
(0.0160806134708 0.408236601287 0)
(-0.425239488271 -0.00235053135871 0)
(-0.13962483104 0.363260417585 0)
(0.142956335851 0.00127053834054 0)
(0.00518921817088 0.191266223579 3.33221893821e-15)
(0.399097356129 0.00792034732073 1.54207127702e-16)
(0.0387732383829 0.310414957726 0)
(-0.202493614371 -0.317565325008 8.59175692436e-16)
(-0.156764373951 0.345563296981 0)
(0.00524979535297 0.148514445142 -2.57861202484e-26)
(-0.144498245383 0.353667801596 0)
(0.0151888627873 0.402188523023 0)
(-0.133253432506 0.282912748593 0)
(0.00506950109567 0.107563126103 3.8397867565e-15)
(0.134462239358 0.102045211054 0)
(-0.216739934325 -0.225659210484 -2.20506469549e-15)
(0.375617387751 0.00829585418147 -1.61440722672e-16)
(0.146949427219 0.108253160638 0)
(0.039208521276 -0.0823777458286 7.47158521283e-27)
(-0.193119344289 -0.258456976197 -2.14217291574e-15)
(-0.205140139336 -0.249445019237 2.14217291574e-15)
(0.0767729306013 -0.0461836059904 8.10850331036e-15)
(0.109457528186 0.128006888669 3.52732920063e-15)
(0.368152064164 0.0304459579472 -1.36480461286e-15)
(0.377963531909 0.0225308447945 -1.38780680692e-15)
(0.0805378405947 -0.00936936444153 0)
(0.279672838261 0.207223822024 -6.58902088821e-16)
(-0.145289295889 0.275172607922 4.1469815497e-27)
(-0.00332620220244 -0.0869554769794 0)
(-0.126222611654 -0.118935533565 0)
(0.00454365175348 0.0681859692979 1.44937916556e-26)
(0.26662446814 0.219207886602 -1.58218287396e-15)
(0.376651020493 0.0387610844016 1.35754240544e-15)
(0.277834960168 0.218959338454 -8.0328972283e-16)
(0.227106645097 -0.0688371551669 -1.51212223697e-15)
(0.0052046753781 0.398119130712 0)
(-0.062386713091 0.162783962722 0)
(-0.0397961354796 0.19132974736 0)
(0.104580516731 -0.00747777140013 7.94116946743e-15)
(0.0384798143313 0.259034843854 0)
(-0.0142940439609 -0.0946794200646 0)
(0.00625456023138 0.388464734115 0)
(-0.0261729129084 -0.116645265542 0)
(-0.051076754083 0.169773204042 -6.07902317842e-27)
(-0.0621737403427 0.120995205425 -3.61371775116e-15)
(-0.0510907139822 0.184181735088 6.07902317843e-27)
(-0.189838966396 -0.183545858943 0)
(0.00354421206738 0.0297636452946 0)
(0.00890554551248 -0.0658818308789 1.52619625901e-26)
(-0.0621020360503 0.0806615580619 0)
(-0.0509120495476 0.0872363550243 -1.38887920426e-26)
(-0.153230435817 -0.146079110421 0)
(-0.050926711817 0.127729396162 0)
(0.0277255958902 -0.090243933795 4.11216176232e-15)
(0.0563463029437 0.397779219064 -1.20954690074e-15)
(-0.0621547516417 0.0673869560447 0)
(-0.0733426409012 0.060860940752 -3.85313479954e-15)
(0.257839881607 0.215833994166 1.58202597751e-15)
(-0.043367042005 0.399237498477 -1.16212808462e-27)
(-0.20485322206 -0.234058507691 2.20506469549e-15)
(-0.188222510506 0.216494366106 -2.25096488482e-16)
(-0.0540708133113 0.393015487454 -2.66237742519e-27)
(0.0149126514906 -0.11216728032 4.05814781528e-15)
(0.092879366509 -0.00253999116987 -3.99629392688e-15)
(-0.0778185143523 0.387108395445 0)
(0.0475073406234 -0.101002243967 3.96945274936e-15)
(-0.0624836639344 0.028218377983 0)
(-0.170917667129 0.349067349777 -7.08305712097e-28)
(0.0695329917761 -0.0975572889049 0)
(-0.0450525145848 -0.254131787521 1.65182010897e-15)
(-0.0635895871065 0.392913283627 1.02476915429e-27)
(-0.430973258037 0.0343710679553 6.46170239166e-16)
(-0.0169951825095 0.406253167828 0)
(0.399211939905 0.0293309292052 2.3347369056e-15)
(-0.0346813382375 -0.398905852903 0)
(0.131562145295 0.0177717168258 -1.39197243824e-26)
(0.146351646537 0.0476639070056 -3.66137775251e-15)
(-0.103453022201 0.375302950024 -1.39337995151e-15)
(-0.1181282098 0.367906452201 -5.21543906627e-27)
(0.162262307611 0.233309863183 -2.08442311404e-16)
(-0.390861154594 -0.131647442381 4.52969676631e-16)
(0.0716461000235 -0.084271546718 0)
(-0.166826151068 0.196079851684 1.08390919606e-16)
(-0.0307426255923 -0.17647293577 0)
(0.0964432548612 0.169149166838 5.53654107911e-17)
(-0.0999155608879 0.378494762765 0)
(0.120755480959 0.046764238532 3.83791367591e-15)
(-0.128696478805 0.369777623703 0)
(0.117410818621 -0.00068710477822 -3.94487554055e-15)
(-0.0869820281235 0.385645217601 9.22198488077e-28)
(-0.0409970814297 -0.185414597447 2.22888074453e-19)
(0.142429778586 0.216749549771 0)
(-0.0217924785984 -0.183248728406 -3.76040321857e-15)
(0.144137959959 0.0128620931735 -3.74585051805e-15)
(-0.0114035010401 -0.174102609393 3.76039934574e-15)
(-0.12772182722 -0.12464843639 0)
(0.084730369243 0.0638936686386 0)
(0.108461348558 0.0523031923763 -3.8379136759e-15)
(0.0960767602985 0.0458345945957 -7.16942995366e-27)
(0.132956978473 0.302902886228 0)
(0.146849924004 0.12092810032 0)
(0.129584789943 -0.00544843242523 0)
(-0.00223250679104 -0.0733608572177 0)
(-0.0501707103058 -0.178309298938 0)
(-0.14166342701 0.0216714256594 3.67287997144e-15)
(0.120299255427 0.189219767251 0)
(0.134064555382 0.0651455800847 -2.70911484306e-26)
(-0.219364311246 -0.180363194263 0)
(0.0906470555262 -0.0265677515986 -4.73067750588e-17)
(-0.38885912473 -0.121062528977 0)
(0.104755150642 0.366434921918 0)
(-0.424351558758 0.0109732462051 0)
(0.401982427371 0.0117336774719 0)
(0.00718133823147 0.404885879321 1.27095747661e-15)
(-0.132309856977 0.234959553511 -2.60214984472e-15)
(0.0960852451058 0.204536361143 0)
(0.121849053059 0.121322705824 0)
(-0.120382530381 0.212888363245 0)
(-0.435357893792 0.0401669019548 -3.07681699271e-16)
(0.392492113284 0.0352470516164 1.1299211468e-15)
(-0.0408760797781 -0.383181243129 2.01812881261e-15)
(0.00194885720476 -0.00840780577274 -3.0615812787e-26)
(-0.159203601452 0.332986845565 0)
(-0.0382051265144 0.405381023998 -1.13977787066e-15)
(0.227832251012 0.25034458867 0)
(0.240960463836 0.240202892406 0)
(0.107471998723 0.211642719064 5.19348090344e-27)
(-0.14670915933 0.308966919052 -1.3270705002e-26)
(0.131260483982 0.210882125708 0)
(-0.146011994228 0.326059161151 1.3270705002e-26)
(-0.133382637242 0.300411526074 0)
(0.360653143609 -0.058936397808 3.17165813281e-15)
(-0.141556123455 0.00841598139102 -3.6252852306e-15)
(0.396396630756 0.0453386438905 -2.21199944092e-15)
(-0.049572197803 -0.400055126787 -4.69456095584e-15)
(0.386354659244 0.0586549124972 -1.20053699002e-15)
(0.0376102720883 0.380643409864 0)
(-0.0567601046424 -0.384793454561 2.19514699532e-15)
(-0.161660318834 0.345818079139 6.22648339253e-16)
(-0.430351896038 0.0398710903144 0)
(-0.425691118466 0.0514455033834 0)
(-0.0358998836763 -0.110426121443 -1.47693581088e-26)
(-0.132487021132 0.250420692518 -6.51224530417e-17)
(0.108546004829 0.368877416338 0)
(0.0190539567576 -0.0713812206463 -1.50837095859e-26)
(-0.0221356578852 0.411159144671 1.23576040921e-27)
(-0.0623377455172 0.14860796614 0)
(-0.0153889221034 -0.108671853263 0)
(0.108684497775 0.168630159238 0)
(-0.181950364166 -0.136792642036 0)
(0.108790704615 0.221751762965 0)
(0.130889421377 0.22598493719 0)
(0.207648928925 0.207646524094 0)
(-0.0298449929364 0.405415365922 0)
(-0.144979882235 0.258461085618 -2.41167086029e-15)
(-0.211416844481 -0.287760254328 0)
(-0.00537034071213 0.404704018337 0)
(0.224317755735 0.265072078036 0)
(-0.399558057291 -0.0845354163607 0)
(0.0766233172176 0.375005981364 0)
(-0.0958809271701 0.0214837147567 0)
(-0.0397730145634 0.205953251697 0)
(0.00523467765902 -0.106535132941 -4.05814781528e-15)
(-0.0734107824078 0.0476727070894 -3.9190212972e-15)
(-0.225472849839 -0.161817309195 -2.45156121744e-16)
(0.0261452661019 -0.103988544085 -3.70410704039e-27)
(0.377024624955 -0.0337243576121 1.09445032183e-15)
(0.0109975238747 -0.368901127771 -2.06763842005e-15)
(-0.0621431107987 0.107324403909 0)
(0.34783464006 -0.0623402090958 -3.60744578722e-17)
(-0.0587781738643 -0.155862996899 0)
(0.0955086054518 0.17848706639 0)
(0.230304301242 -0.0582528381027 -1.54844655552e-15)
(0.00406656522049 -0.203352137812 1.81420116862e-15)
(-0.10718169407 0.0279709944737 3.80625102877e-15)
(0.108425086366 0.182603802355 0)
(-0.00258019364937 -0.180510699939 -2.25827996681e-19)
(-0.359037956411 0.190134168083 0)
(0.0164978077335 0.169661037049 2.47579648449e-26)
(0.255350243278 -0.0701901696567 0)
(0.0836761085494 -0.218360722502 0)
(-0.0623116122806 0.0413135603494 0)
(0.109390055384 0.141293289598 0)
(-0.08468175905 0.0280130032154 0)
(-0.0735979751813 0.0216539907068 0)
(-0.335248637848 0.19374064527 1.52123879231e-15)
(0.142371224579 0.249591850708 0)
(-0.388284579611 -0.11092704335 -2.76496012546e-16)
(0.0493577402857 -0.0874547973647 0)
(0.0966855975275 0.368475724759 -1.04985600181e-15)
(-0.0508740235062 0.100657115798 1.38887920426e-26)
(-0.0509529396746 0.141643659358 -3.55416229943e-15)
(0.0102857467215 -0.365097193123 2.01002944406e-15)
(-0.208027117223 -0.188756536173 -2.61277692035e-15)
(0.00271418034821 -0.361371307433 3.96296843214e-15)
(0.0747296478461 -0.186929735239 0)
(0.0164528807066 0.12786996484 0)
(-0.118523706506 0.0214877680155 -3.80625102877e-15)
(0.371262302617 -0.0519714008321 -1.08568470331e-15)
(-0.0492910109048 -0.162767649656 0)
(0.0859975843689 -0.0634982446865 -4.82453570276e-17)
(0.366564985997 0.0157811534391 1.37592695632e-15)
(-0.252448640157 -0.189967082513 -1.47866966667e-16)
(0.142798611774 0.23354294722 -2.54046365517e-15)
(-0.358024099617 0.188412944517 -1.1293910992e-15)
(0.0160731880293 0.087871898108 0)
(0.121007365363 0.161348052773 5.93297575465e-27)
(0.0141559121752 -0.352079863248 0)
(0.221760344857 0.199046095233 -1.07861425617e-15)
(0.124372343169 -0.105901867069 0)
(-0.0087033783887 -0.367782157968 0)
(-0.177139631642 0.00231996672713 0)
(-0.432410278002 0.0160907874803 -6.71975915471e-16)
(-0.00948793628259 0.409441875186 -1.27095747662e-15)
(0.396453624267 0.0235486128604 -2.3315444576e-15)
(-0.309773823776 -0.176566591593 0)
(0.0163030656275 0.228142727127 3.01116592889e-15)
(-0.258308742231 -0.327441488675 -6.87751827985e-16)
(-0.269512429438 -0.319297907893 0)
(0.0496979440438 0.283925989355 0)
(-0.130114986667 0.0281027652602 -3.67287997145e-15)
(0.135485233365 -0.109269524227 0)
(-0.0028686750279 -0.356805610385 -1.45342055779e-15)
(0.144220869911 0.18848949289 -1.2904410699e-27)
(-0.226384908844 0.25755000619 -3.38000421529e-16)
(0.0364372448932 -0.173018342189 0)
(0.211941849727 0.274982163892 0)
(0.137463541079 0.231831326403 1.71805952831e-16)
(-0.00151636606717 -0.374821175492 -1.23703775573e-15)
(0.121243479985 0.147806746502 -5.93297575465e-27)
(-0.34768859801 0.198771495808 1.22417862155e-15)
(0.143780051691 0.202919804624 1.2904410699e-27)
(0.0276471857295 -0.167563396229 -3.73550983512e-15)
(0.139824871807 0.253077449454 -4.14759070001e-16)
(-0.316681952763 -0.158280201509 0)
(0.120254032988 0.304941669513 0)
(0.120270872222 0.274166911236 0)
(-0.41719549746 -0.0170939785747 0)
(0.0211623873911 0.402038946811 0)
(-0.363573630446 -0.144655174014 1.03277145736e-16)
(0.0152528046517 0.0491991507353 0)
(0.108473966992 0.344538626175 7.27284350732e-16)
(-0.279057202967 0.2360725528 -1.68394647179e-15)
(0.0793257370249 -0.0216979208323 4.04644926103e-15)
(0.108845308969 0.207435412335 0)
(-0.176934608079 -0.0110183918644 6.84892038802e-15)
(-0.293899214792 0.243767376995 5.3212974103e-21)
(0.400466185618 0.00543155167376 0)
(-0.0189359283471 -0.396801281565 0)
(0.129265958894 0.27353566963 0)
(0.283760736818 0.206194648814 -4.07804090604e-16)
(0.377592879123 0.052416044338 1.26524917512e-15)
(0.147209272351 0.083480864478 0)
(-0.269238049242 -0.299117739378 0)
(0.340544743471 -0.0715314425453 2.91262309414e-15)
(-0.210764503542 0.303038540997 0)
(-0.214268879529 -0.307856069534 0)
(-0.399623662265 -0.106707172048 -6.00061977118e-18)
(0.316620217148 -0.0753200341553 1.32842846363e-15)
(0.309268282028 -0.0687207612287 -1.44169297123e-15)
(0.119624619125 0.203797444885 0)
(0.333454662402 -0.069452020077 -9.41419060572e-16)
(0.0633295948163 -0.300662943649 2.1749439027e-15)
(-0.23357342851 0.208987937825 2.20420445298e-15)
(-0.199086975051 0.133529308235 -6.37604588795e-17)
(-0.249951477231 0.233858655224 0)
(0.120547955764 0.323645598903 0)
(-0.341054710462 -0.164358171524 0)
(-0.0240653752957 0.403399749998 -1.23576040921e-27)
(-0.399763541333 -0.105289438132 2.83936929364e-16)
(0.0857922258131 0.377202564376 1.04985600181e-15)
(-0.0344010084074 0.398728348935 0)
(-0.128099533979 -0.309636734413 -1.25048086548e-15)
(-0.153169881301 0.00193847222087 7.17073707486e-15)
(0.131852475308 -0.12241130943 0)
(-0.265942067339 0.242754319062 1.68393692483e-15)
(-0.281581882442 -0.292012200601 0)
(0.0568029089058 -0.168177690049 -3.64141646024e-15)
(0.232685155215 0.220333020587 9.77256454358e-19)
(-0.0547179114396 -0.2637525249 -1.23764264214e-17)
(-0.139189676106 -0.302728764455 0)
(-0.223001643229 -0.281563543729 0)
(0.0167933948756 -0.177146757501 3.73572058064e-15)
(-0.0043535821917 -0.196730632587 1.64477673723e-18)
(-0.207021704806 0.242638326572 -4.02158531887e-17)
(0.369990095191 -0.0406841401342 0)
(0.0449638960169 -0.314638686565 9.30423000964e-16)
(-0.248712935285 0.217675324481 0)
(0.13869516529 0.251687300212 4.14759070004e-16)
(0.142910506445 -0.125418959742 -3.26048944744e-15)
(0.061668509786 -0.300636743421 5.13984431307e-17)
(0.132414431887 0.181777340011 0)
(0.0103685320026 -0.350589903657 -2.79976495038e-15)
(-0.163582357204 0.353450138582 -2.04360818171e-27)
(0.103257992604 -0.0195473531299 -3.99914248598e-15)
(-0.0605000404584 -0.1870695843 0)
(0.0478308277311 -0.163142967504 3.64141646024e-15)
(-0.140480573736 0.189774942057 6.31306999463e-17)
(0.208027002549 0.289102794216 1.44189326628e-15)
(-0.216719183742 -0.210320869446 0)
(0.14440117436 -0.0724217634613 2.7393630373e-20)
(-0.240000723068 -0.195932779115 9.82936835382e-17)
(0.0892911105808 -0.188776450344 -3.43486135244e-18)
(-0.0803448750477 -0.188381347906 3.53192065956e-15)
(-0.0157216984833 0.40176035104 0)
(-0.406941816019 0.0872767397805 0)
(0.106625637086 -0.179708387838 3.41604336439e-18)
(0.00802355836858 -0.171136910875 0)
(-0.347150561287 -0.149255252177 0)
(0.10703685052 0.327435398033 -7.27284350732e-16)
(0.130300051622 0.258094479512 -2.49446819214e-15)
(-0.0119084967724 -0.385374043528 0)
(-0.0699129138693 -0.179794230837 0)
(0.0607619364453 0.275438767418 0)
(0.186741721663 0.0544645223634 3.44813445022e-15)
(-0.188933832718 -0.0175346920449 -9.31045238871e-17)
(0.214403509185 0.100472725385 -3.11066425257e-15)
(0.0138534804552 0.0111670623993 -1.51832772907e-26)
(0.0145640077364 -0.193423549151 0)
(-0.116986261266 0.0847176712724 3.67908790024e-18)
(-0.0557588949618 -0.0977192701349 0)
(-0.41224841731 0.0761840281365 0)
(-0.120414802877 0.227509162189 0)
(0.0513709186059 -0.316903859986 -1.71327585266e-15)
(0.0579163071882 -0.312026995059 1.98165379732e-15)
(0.0023322208407 -0.338173184517 -2.58542125864e-15)
(-0.148155852639 0.10914576821 9.10038897639e-17)
(-0.230317590882 -0.235421693796 1.95518907793e-15)
(0.145890857662 0.147105128489 0)
(-0.293763846763 -0.264127136937 6.63913167703e-16)
(-0.139135189427 -0.2861725222 2.46703632793e-15)
(-0.0432611498285 -0.367491678241 0)
(-0.25429630103 -0.34620352553 -2.06608103498e-18)
(-0.112184825878 0.343290151051 0)
(0.0721407542826 0.283993532725 0)
(-0.35589243675 0.123329595705 0)
(-0.172891346129 0.305120938635 0)
(-0.243210485389 -0.22777135887 -1.95518907793e-15)
(0.078067220301 -0.162616284808 3.54795804008e-15)
(0.244312155784 0.243486777862 0)
(-0.141776268223 -0.254608718372 0)
(0.000844377935129 -0.380184860042 0)
(0.362511899602 0.108214102362 0)
(0.337982379436 -0.0708157508324 -2.95247507358e-16)
(0.0387350505337 0.36479745686 1.94104176503e-15)
(0.0336614715079 -0.188940658683 1.79297477786e-15)
(-0.280752645961 -0.271924492024 -6.64393106887e-16)
(-0.30748580256 -0.273129542772 0)
(-0.286473675595 -0.20885210975 5.34148021882e-17)
(-0.165233812996 0.00875252271854 -3.54545184424e-15)
(0.0421281351453 -0.194513143536 0)
(-0.23937882323 -0.294609171581 0)
(-0.263637965188 0.14986352892 9.15351049012e-17)
(0.259586121789 0.22487442761 -7.79179876376e-16)
(0.260782397805 0.0398248019987 4.72121821086e-15)
(-0.321127819091 0.200377481017 -1.51845538425e-15)
(-0.131077855729 -0.263051900991 -2.79543050602e-15)
(0.200798914323 0.0491276328871 -3.44728439533e-15)
(0.235421304464 0.258313307438 3.08878006787e-28)
(-0.166387464635 -0.15010401783 0)
(-0.390401902136 0.094276266321 0)
(-0.286267921637 -0.306732160229 8.58374094883e-18)
(0.197225547255 0.158102242071 -2.79882593625e-15)
(0.0938099654345 0.148866179304 -9.10714210188e-18)
(-0.0901892416845 -0.101049322333 0)
(0.218340708953 0.283835171368 -8.44269419651e-28)
(-0.25728822569 0.151842474969 -2.32702381839e-15)
(-0.39317892596 -0.122703083722 -4.55106927746e-16)
(-0.0692273313521 -0.164219042619 0)
(0.187091874544 0.0659072827291 -2.10888386517e-19)
(0.218971673068 0.229469032411 0)
(-0.144407437117 0.227628341547 2.60214984473e-15)
(-0.111061550878 -0.280913309941 1.35067266598e-15)
(0.129900206142 0.27501785832 0)
(0.14153346674 -0.084628676093 -2.73936056418e-20)
(-0.188715960433 -0.0309745489428 -3.02830997052e-27)
(-0.278579131738 -0.323795216375 0)
(-0.384413497772 0.13904493383 0)
(-0.131131865568 -0.278747316452 0)
(-0.332506343769 -0.184644547458 1.32745874045e-15)
(-0.176323269113 -0.0515912791076 -3.09360061903e-27)
(0.134003491185 0.127676300327 1.21295160108e-26)
(-0.227068869392 0.143026735501 -1.60834037133e-18)
(-0.1485597667 0.361043255343 0)
(0.10667286288 0.25846650898 -2.61162118335e-15)
(0.2274341408 0.276080183569 8.44269419651e-28)
(-0.293535413348 -0.297036311972 0)
(0.0688353451558 -0.158163950363 -3.54795804008e-15)
(0.133562577549 0.0531244668497 2.70911484305e-26)
(0.215156881285 0.0548912954989 0)
(0.100474601771 -0.0435142811839 -3.98237915339e-15)
(-0.181032372464 0.206149968008 2.5604613857e-15)
(-0.304970853801 -0.288360288214 -8.02486098048e-16)
(-0.304780618315 -0.289833795645 7.83342575911e-16)
(-0.16308661796 0.205813815921 -1.08390919607e-16)
(0.14942965324 -0.141401021633 3.05331849532e-15)
(-0.306322113836 0.235981542675 0)
(0.106397659492 0.275254405384 -2.26043117266e-27)
(0.237215337262 0.264626442696 4.49151535259e-28)
(0.0497676125076 0.35609923462 -1.941041765e-15)
(-0.228838699518 0.135459642447 0)
(-0.176432460378 -0.0380149481238 3.09360061903e-27)
(0.0608514991415 0.329206158381 -2.12169300013e-15)
(-0.193077637337 0.184833187711 0)
(-0.378824232119 0.135360739639 0)
(0.0744659827346 -0.178138248954 -3.36156662152e-15)
(0.206781411331 0.299309878796 -1.00001362312e-15)
(-0.180670405751 0.191659830652 0)
(-0.213743653967 -0.0169300993955 0)
(-0.0350184110202 -0.0963639542629 1.47693581088e-26)
(-0.0578921535281 0.384228743469 2.66237742519e-27)
(-0.232532799085 0.193547289491 0)
(0.0946964833135 0.301597644096 0)
(0.213848357792 0.289624660992 -5.28769450476e-28)
(-0.00251384261541 -0.256426407286 -1.68588019791e-15)
(-0.241088851213 -0.317630592771 1.42682522564e-15)
(0.368444085452 0.0644941385229 -2.03081362364e-15)
(-0.259735037325 -0.239368366783 0)
(0.0833581426028 0.275319411019 -1.17558469388e-27)
(0.328668960066 -0.0789482089603 0)
(-0.244716608249 0.17245346433 -6.98612766658e-20)
(0.177457614203 -0.0942711812813 4.01098346707e-19)
(0.00656455997283 -0.0926460123658 -1.49047764234e-26)
(-0.243175586901 0.144178702835 0)
(0.260979297476 0.0496269823426 3.01300256529e-15)
(0.189436330443 0.279488972557 0)
(0.0963335856183 0.190115006324 0)
(0.0368338325068 0.0248673769491 -8.25277387941e-15)
(0.230056740753 0.0495169203784 0)
(-0.317065727851 0.240210615033 0)
(0.0609665377623 0.310543266457 0)
(0.119970082829 0.189397536489 0)
(-0.390354381184 0.108675925231 0)
(-0.0696843828925 0.376113693212 0)
(0.0949865819748 0.283911732277 0)
(0.0437151170892 -0.234643653005 3.17197026887e-15)
(-0.0369009345821 -0.262095238928 -3.31383759808e-15)
(0.0150367162481 -0.251662713197 1.67517704766e-15)
(0.245058475457 0.0339232496794 -3.16813056754e-15)
(-0.262440110588 -0.259115752251 0)
(0.31778313329 -0.0730242100641 2.50489936224e-15)
(0.0228881715224 -0.199333647216 -1.7929630853e-15)
(0.0718923145661 0.30170209205 0)
(0.00769993633381 -0.245453175624 -3.38554031572e-15)
(0.201977760873 0.270161905745 0)
(-0.120377654572 -0.287776036235 -1.3515142654e-15)
(-0.0848550983313 0.374886311396 0)
(0.0500545832311 0.337983488097 -2.97472975809e-26)
(-0.18820295671 -0.0584041410254 0)
(0.0721995950324 0.250715814071 0)
(0.127065073231 -0.19960493323 1.3772261927e-15)
(-0.155414570677 0.219096488608 6.92567143676e-29)
(-0.282657667675 0.111154082386 -9.07691951532e-18)
(0.0502124158348 0.20552213115 0)
(-0.405505231755 0.0966819819289 0)
(0.246136775233 0.254889360023 1.01871548546e-15)
(0.0322858757355 -0.246717669339 0)
(-0.245819547878 0.187314894923 6.98614100611e-20)
(-0.23257689201 -0.161389396459 2.45156121744e-16)
(0.190308261011 -0.096653377298 9.47335234452e-20)
(0.200866185471 0.0716830613028 -4.02953472174e-19)
(-0.0160346197574 0.388567662384 0)
(-0.174692098425 0.243393511272 -6.92567143676e-29)
(-0.140449998928 0.183752313152 -6.31306999464e-17)
(0.185000816895 0.0208841149666 0)
(-0.156388613471 0.20573957506 -2.50417469427e-27)
(-0.0714872980489 0.361695291491 0)
(0.184987136963 0.13891772853 -3.02572267021e-15)
(-0.249583144324 -0.26603901352 0)
(0.297817084007 0.155409194663 -1.07864473904e-15)
(0.0177476475612 -0.0848458477639 -4.1121617623e-15)
(0.217142098653 0.245046232747 0)
(0.141891429602 0.283211531094 9.43678523036e-28)
(0.0835747904029 0.310530044471 0)
(-0.241809532177 -0.21066513879 0)
(-0.0303181480496 -0.289404489664 1.69017763822e-15)
(0.206572091263 -0.087735456888 -1.51164133283e-15)
(0.117731435873 0.301346600258 0)
(0.0835714030957 0.258723843667 1.17558469388e-27)
(0.0246502084808 -0.239974800502 1.33153777273e-17)
(-0.0966654675466 0.141999006232 0)
(0.157853353405 -0.115782443355 3.26052696532e-15)
(-0.00989543903494 -0.249161005005 3.3335510617e-15)
(-0.0195164051223 -0.259937534517 -3.35285077138e-15)
(-0.0782265107809 0.0644079551385 0)
(-0.0768273454412 0.0782160115978 0)
(0.25758482619 0.241488822788 -1.01871548546e-15)
(-0.229133934674 -0.186875144656 -8.24063162351e-27)
(-0.312613874051 -0.0661866277351 0)
(-0.010265767493 -0.389346984353 1.26312767108e-15)
(0.385769840388 0.0830832850989 0)
(-0.168651577291 0.213097749924 -2.5604613857e-15)
(0.200204485886 0.0380518731464 3.49924616962e-15)
(0.0278400098545 0.162594785263 -2.56982751075e-26)
(0.121469105661 0.0709283702232 -3.77032618164e-15)
(-0.367296333294 -0.125089067289 0)
(0.0967032218434 0.353179610396 0)
(0.0257956768319 0.0305675369743 4.13504097809e-15)
(-0.108375678226 0.374699725834 -8.136167248e-28)
(-0.312843429992 -0.0518885379705 3.16397193867e-15)
(0.206620873387 0.222851277122 0)
(-0.144239611202 0.212874691035 2.41727864009e-27)
(0.185750182385 -0.108783802496 -2.99747028507e-15)
(0.0608511007901 0.258922123788 0)
(-0.297315566539 -0.0736542360497 1.14687315853e-15)
(0.118543194138 0.0111905173934 -7.11353569586e-27)
(-0.090421737653 -0.314910939288 1.40632929171e-15)
(-0.294923449534 -0.29893925309 0)
(-0.261535418743 -0.27543046804 0)
(0.213714764958 0.274963615853 -5.77752194159e-28)
(-0.152793772686 -0.0382253991939 -3.62743900634e-15)
(0.0612168603835 0.227647812893 0)
(-0.229914620544 -0.323050820518 7.28787012133e-17)
(-0.268306229979 0.104046842378 -1.27247987445e-15)
(-0.151486779914 -0.261639997504 0)
(0.253871000941 0.23469586052 5.81941779925e-16)
(0.0723825797231 0.23513539297 0)
(-0.0969150181887 -0.33575457836 -1.96188285119e-15)
(0.0390249302176 -0.211215162963 0)
(0.200891604046 0.0832020445258 -3.21420236799e-15)
(-0.268733028483 0.136542464203 1.33904296922e-16)
(-0.147268873595 0.260833973044 0)
(0.129357310079 -0.160195223645 -3.39648933233e-17)
(-0.146677963292 -0.326469055388 0)
(0.185902629081 0.0320298460156 -3.49924616962e-15)
(-0.0612093081002 0.336168972988 0)
(-0.297055076067 -0.0877697224964 -4.27379904508e-18)
(0.11843823 0.250037313926 2.49446819214e-15)
(-0.180307709511 0.149926708082 2.90789456761e-15)
(0.135602010563 -0.2010089474 1.27193238466e-15)
(0.260045633235 0.0192293713718 0)
(-0.100608121173 -0.289550399509 2.81711176514e-15)
(-0.0900696933638 -0.18085717102 -3.53190881774e-15)
(-0.238791398167 -0.01605484815 0)
(0.222465720369 0.261409766737 -3.08878006787e-28)
(0.165056319541 -0.131129577269 -9.23829404127e-17)
(-0.170951175855 0.276340842436 0)
(0.0391149566341 0.169592337585 -3.43976958553e-15)
(0.118749664903 0.234160785897 0)
(-0.0205669708626 -0.27884145105 1.27070029096e-17)
(-0.0712508122014 0.0632607808475 -1.25597760323e-18)
(-0.273626231216 -0.232421403441 -1.53709554064e-15)
(0.376466297325 0.0989566661043 0)
(0.155669862939 -0.00331421476407 3.39177117128e-27)
(-0.0880186122453 -0.327825852871 -3.95625748586e-17)
(-0.251399121178 -0.286847103758 0)
(-0.148437326794 -0.309628405 0)
(0.149994632622 -0.100356394636 -1.05084342014e-19)
(-0.031447624058 -0.308304785831 -3.21470014218e-15)
(-0.219726342773 -0.260796341767 -1.88970025694e-15)
(0.0389368354196 0.10134809698 0)
(-0.142341356388 -0.238637732476 0)
(-0.108545137321 0.0877161951384 -3.35499357972e-17)
(-0.22874746416 -0.201860037366 8.2406316235e-27)
(0.207067787142 -0.0308451111456 -3.36128318017e-15)
(-0.0848315405401 0.107449811355 0)
(0.296629137682 0.184947514385 -1.01536944238e-16)
(-0.289405283826 -0.312447086122 0)
(0.106365641907 0.310236249403 0)
(0.154185698748 -0.0147552332702 -3.39177117128e-27)
(0.208468201367 0.294609737637 1.00001362312e-15)
(0.309131075708 0.0949136408068 0)
(0.140420794284 -0.0216585518791 0)
(-0.26557916877 0.0249567660518 -2.76407042084e-15)
(-0.159900581591 -0.284041165765 0)
(0.303205476918 0.170824112756 8.86618908898e-17)
(-0.312106541755 -0.275131492076 2.24667125444e-16)
(0.19137123944 0.311154558469 6.29356565846e-28)
(0.293678727411 0.040004223166 -1.43698945168e-15)
(0.214711818221 0.0888157786799 3.21443943175e-15)
(0.266543554938 0.231704429307 0)
(-0.201517424711 -0.010477812974 -3.28742813371e-15)
(-0.0382470286042 -0.28111210345 -3.20024976499e-15)
(0.220759699959 -0.090917156604 1.52444231393e-15)
(-0.222139389865 0.319713561158 0)
(0.276899883704 0.0254369303907 0)
(-0.231378991534 0.244699530727 3.38000421529e-16)
(-0.059994694291 0.354444992311 0)
(0.161205082252 -0.187041114475 1.16358183976e-15)
(0.293499869485 0.0497395738168 -9.75380882203e-17)
(0.053713713305 -0.183863642999 0)
(-0.251584431247 -0.00897123647689 1.2866765509e-27)
(0.228375130801 0.0177979417651 3.28965029862e-15)
(-0.027423270549 -0.251663872741 4.98873235432e-15)
(-0.187684001836 -0.114981591983 0)
(-0.192772239387 0.17071955137 2.69614575578e-15)
(0.214544543461 0.0331495657271 0)
(-0.212620710304 -0.057935454185 3.14490033785e-15)
(0.0504255016757 0.10802324765 3.40344698884e-27)
(-0.159923941383 -0.298875835371 0)
(-0.194570690652 0.135628550986 6.64534637917e-17)
(0.294818634617 0.167269009876 1.92711979322e-15)
(0.340707204996 -0.0751070597823 0)
(0.128165391034 -0.0172251946229 3.88782471505e-15)
(-0.026095060512 0.381833165652 4.16148899279e-28)
(0.169633574027 0.00328404240728 -3.62017007746e-15)
(-0.0241842100241 -0.0887183432228 0)
(-0.1931597856 -0.274427983307 -1.0279518865e-15)
(0.244156193818 0.0237789183444 -3.28965029862e-15)
(0.0623177189364 -0.188884108664 0)
(-0.128465542705 0.364299146845 0)
(-0.213389523533 -0.0304267812005 -6.25126043213e-15)
(0.109947709055 -0.0602295048792 -3.83745225848e-15)
(-0.0928554200851 0.373268646994 1.39337995151e-15)
(0.0505987177559 0.162505750036 3.43976958553e-15)
(-0.0736606672032 0.141776572012 1.28714271243e-26)
(0.0587988889422 -0.205469288051 0)
(0.161845270387 -0.10311700098 0)
(-0.225597348366 -0.0369198487634 6.04476524256e-15)
(0.277244437889 0.0340333726899 -1.5529284895e-15)
(0.0497370797803 0.0691964321624 0)
(-0.288285428207 0.170532414346 -1.67589847696e-17)
(0.0361568447424 0.0122405307636 -4.17591293634e-15)
(0.118255957567 0.283717540794 0)
(-0.278880520612 0.031846206634 1.27009294832e-15)
(0.0986468528627 -0.0559036989616 -3.95147825974e-15)
(0.151969718876 -0.202324755672 1.05268842575e-15)
(-0.252167778478 0.00453142132903 -2.77380912141e-15)
(0.094785986555 -0.0806894255264 0)
(-0.249894266534 0.255615980237 5.1008513953e-16)
(0.0381940681435 0.0626189394441 0)
(-0.312086744709 0.136232968798 0)
(-0.119730371904 0.357375394562 5.21543906628e-27)
(0.310162536593 0.0853508558533 -8.89066620893e-17)
(0.125165842116 -0.0406036325715 0)
(-0.085212393214 0.14878237519 -6.13975645279e-27)
(-0.0502640176541 0.309095228295 0)
(0.198851885559 0.0162313822922 0)
(0.169584062593 -0.118232727728 0)
(0.293636597634 0.0703284213738 0)
(-0.199305569256 -0.122236754504 0)
(-0.107517625441 0.350773541339 1.66100150332e-15)
(-0.141303323829 -0.0315157351067 3.62743900634e-15)
(-0.238293279526 -0.0296696750974 -2.96949685896e-15)
(-0.0961992085791 0.100879272832 0)
(-0.375679226259 0.0500360906377 0)
(0.138516073429 -0.138952444344 0)
(0.0278154889944 0.148547117013 3.59007727674e-15)
(0.135513947279 -0.217053516489 -1.06426402127e-15)
(0.0269744586635 0.0686553895596 0)
(-0.141311040746 -0.018132667249 0)
(-0.0965361042525 0.12806958594 3.48497765477e-15)
(0.0272799825282 0.0816125456261 0)
(0.0469924553494 -0.216874484572 0)
(-0.209143460382 0.326457938572 0)
(0.0613535200177 0.212725004048 0)
(0.0618699754029 0.183640199911 0)
(-0.0365482925981 0.3873266428 1.66598696928e-15)
(0.024696806916 0.00553305784372 4.1759129363e-15)
(0.198738825983 -0.110325256897 2.99751078712e-15)
(0.17085135349 0.0145697448936 0)
(0.0669615194511 -0.21034256494 0)
(0.158021954154 -0.147273112326 3.30487968409e-17)
(0.0508499715535 -0.240344447455 -3.17197026887e-15)
(0.0392038149765 0.141683046051 -3.59007727672e-15)
(-0.11071747047 -0.181775595868 -3.33900483066e-15)
(0.138672856221 -0.0333747428721 0)
(-0.265033377513 0.0115139086714 5.43635334213e-15)
(-0.406313972058 0.0753627150499 4.48908140121e-16)
(0.0484295785593 -0.283551908907 4.20532456627e-15)
(-0.121788820736 -0.206121884803 -3.20079531361e-15)
(-0.232088146496 -0.253988634668 1.88970025694e-15)
(-0.171530295534 -0.275093775776 0)
(-0.240287007888 0.024007647667 -2.87034118543e-15)
(-0.326372732764 0.0932008220323 1.88920796152e-15)
(0.0505943954305 0.148549570457 0)
(0.14098883921 0.300625975625 -2.0065067296e-15)
(-0.220206202067 -0.165585756706 0)
(0.127238730242 -0.232390321159 0)
(-0.276151329667 -0.166384322404 0)
(0.213644184114 0.0223614400043 0)
(-0.307919061058 0.22227218751 1.61980768908e-15)
(-0.25510599089 -0.203097316562 0)
(0.0276053523555 0.107780446175 0)
(0.0276776016721 0.191167907337 -3.31336603414e-15)
(0.0621720861653 0.141679398556 0)
(0.107175363925 0.226629451214 2.79422266598e-15)
(0.290078488301 -0.00827259878079 0)
(-0.27064013179 0.145750764478 3.43489098652e-15)
(-0.258189591083 0.166396884635 0)
(0.293071998307 0.0803695207196 2.63568269133e-15)
(-0.309570950435 0.0718138019829 0)
(-0.0849256450289 0.121156283033 0)
(-0.0846011819772 0.0411659467327 3.9190212972e-15)
(-0.296163258098 0.0922999241562 -1.15754547022e-15)
(0.303593122133 -0.0841121977521 -2.22269068675e-15)
(-0.227887337644 0.0302042424775 1.36956280192e-27)
(0.204791068751 -0.0415857407469 0)
(0.0277475450404 0.121210902299 0)
(-0.189625147361 0.00926759728515 0)
(0.0359243369941 -0.109276653398 0)
(-0.229695910067 0.123313848723 2.65322828157e-15)
(-0.153061385825 -0.0113719858069 3.55393771587e-15)
(0.0117631623562 -0.0269260638507 -6.73049002652e-18)
(-0.239863583594 0.0106566952552 0)
(-0.00572821443603 -0.114614281831 0)
(-0.0960970143373 0.0873599523478 5.02134854697e-17)
(-0.200544678446 -0.0512166694341 -3.14490033785e-15)
(0.0239323540917 -0.00720498902729 4.21143051966e-15)
(-0.107498041858 0.0808741764658 3.67810920731e-15)
(-0.268025886834 0.0904531887421 1.25725322424e-15)
(-0.114502988193 0.36421226244 0)
(-0.31801821991 -0.264261776546 4.14775924057e-16)
(0.0619518261652 0.169434907551 0)
(-0.280455577582 0.0709101081056 -2.45943405415e-15)
(0.0602388152434 0.363740712242 1.29622226263e-26)
(0.11338049049 -0.0362462333461 7.11464068031e-27)
(-0.155564266506 0.122248449205 -3.24685104553e-15)
(-0.0803575015047 -0.30830908015 -1.3765622902e-15)
(0.290655442884 0.103496945995 0)
(-0.0472223708771 0.38003083913 -1.66598696928e-15)
(-0.254658764359 0.0835758334947 -2.72966678882e-15)
(-0.10196888408 -0.256014516804 0)
(-0.143667863596 0.128826052805 -6.61369559693e-17)
(-0.310098597784 0.0859320822116 1.16610696122e-15)
(-0.0345410387153 -0.226206348191 -3.47490284237e-15)
(0.158630546703 0.0308102127414 0)
(-0.255174209188 0.110260345808 -1.37507167008e-15)
(-0.204518810476 0.285385771957 0)
(0.15770126188 0.0193289161668 3.74585051805e-15)
(-0.0846003195942 0.335479208848 -8.58456489211e-28)
(-0.0497796994862 0.327724700144 0)
(-0.0420333464953 -0.201756276429 3.57117488937e-15)
(-0.0615240792731 0.300152570923 -1.10872031023e-27)
(-0.150359815849 -0.276754642535 -2.44134094166e-15)
(-0.180465028336 0.16368273348 0)
(0.123178036225 -0.0526550560686 3.83745225848e-15)
(-0.25428154715 0.0704116376827 0)
(0.17232101872 0.0370323338883 -3.26215336064e-27)
(-0.390030867238 0.130665453973 0)
(-0.217261935466 0.15513258071 -1.03971443958e-18)
(-0.228230041775 0.0435373557152 -2.94322368181e-15)
(0.0505801117515 0.121356395022 -3.40344698884e-27)
(0.245161327887 0.0551268097092 0)
(-0.185185032311 0.285168277117 1.88938094127e-15)
(0.153880420303 0.27438245436 0)
(-0.199338081093 0.309518645013 -6.74739845922e-28)
(-0.331573293198 0.136674274718 -2.96188855171e-17)
(-0.197370094933 0.322963589753 6.74739845922e-28)
(-0.162597271599 -0.252603687578 0)
(-0.168413301066 0.348807573423 2.04360818171e-27)
(-0.0916733556212 -0.281225696096 -2.8243351525e-15)
(-0.3957864818 0.117579764165 5.5517773031e-16)
(-0.095567226768 0.359570389086 -1.66100150332e-15)
(0.107739253263 -0.0727117679337 0)
(-0.254837919674 0.215819888486 0)
(0.215360933782 0.0659188001593 0)
(0.229581108561 0.0390187891881 0)
(-0.357371172732 0.0553260310099 0)
(0.0619663193094 0.101626037885 3.75515815116e-15)
(0.0621103071957 0.128095574382 0)
(-0.179987099054 0.122655777554 -6.11958980807e-15)
(-0.0836595218856 0.352845009736 8.58456489211e-28)
(-0.164648841787 -0.0313432966031 0)
(0.258811745753 0.00930279759684 0)
(-0.241052686619 0.0503179721208 2.9432236818e-15)
(-0.111730831586 -0.230701898934 0)
(-0.260949560434 0.271452224245 -1.10051635714e-15)
(-0.108711284192 0.334665368888 1.86177832119e-15)
(-0.167875367352 0.129254552027 3.10015453573e-15)
(0.362556685971 -0.0599166256839 -2.05951833882e-15)
(0.0334312027483 -0.334801978218 1.99490070716e-15)
(-0.111666894371 -0.264399032023 0)
(-0.10718125813 0.00173836085786 3.52647037157e-27)
(0.228343219608 0.105964249188 -1.46808286453e-15)
(-0.0270002318432 0.364579395954 -4.16148899279e-28)
(0.154581316773 0.257533338975 0)
(-0.225149092011 -0.0505975094205 -2.93508756078e-15)
(-0.0564569725913 -0.11182898002 -3.715324142e-17)
(0.0391252585847 0.127993442407 0)
(0.172972944408 0.0484793767739 3.26215336064e-27)
(-0.119219996425 0.087633802287 0)
(0.229790752513 0.0714487974079 3.06432656498e-18)
(-0.132508791921 -0.230854686952 0)
(-0.226541699838 -0.00978222913257 0)
(-0.348628892844 0.156864599086 -6.34014726219e-16)
(-0.108122144262 -0.0788896322103 -3.8562392039e-15)
(-0.297205837077 0.105222996202 1.79081693495e-17)
(-0.216132462067 0.0630729709938 -9.5384054114e-17)
(-0.16475475128 -0.0179281146675 -7.02232544629e-15)
(-0.0752483826523 -0.0575069005474 -4.05610657984e-15)
(0.127481620252 -0.0930206097274 0)
(-0.269882867174 0.131385218417 0)
(-0.350467159198 0.197240284298 0)
(0.22723636996 0.0074425807072 0)
(0.347746064294 -0.0665676684368 -2.93265450712e-15)
(0.276626223339 0.0650473350336 4.7242313722e-17)
(-0.0962895247889 0.326560119009 0)
(-0.16543718565 0.0220357378585 -3.17843284352e-27)
(-0.203546999973 0.332601098524 0)
(-0.0657127561331 0.388048479383 -9.62113702046e-16)
(-0.18491017412 0.330818105086 -2.3871685904e-27)
(0.0500850220991 0.0820339816695 3.90447802226e-15)
(0.366532206082 0.107738303366 -6.36267652078e-18)
(0.353040639943 0.116303669968 6.81104384897e-18)
(-0.12058855465 0.274401516079 0)
(0.30418697661 0.151695326945 0)
(-0.199080728971 -0.376633809741 0)
(0.19554705263 0.309411693217 0)
(0.129370972355 0.309385337068 2.0065067296e-15)
(0.0502978118826 0.190969855725 0)
(-0.215814122665 0.0497867380348 0)
(-0.237616618942 0.256583160631 -1.81855965933e-15)
(-0.039667714897 0.235573281035 0)
(-0.242077736835 0.103302990911 5.39735788426e-15)
(-0.0855410865836 -0.0376889104393 0)
(-0.254571827254 0.241671880823 0)
(-0.182831918196 0.252373928762 -8.84872603639e-17)
(-0.0968413501643 0.308445590537 -2.21658821099e-15)
(-0.267035914386 0.0643175196014 0)
(0.177153384441 -0.13330719973 -9.28127736732e-17)
(-0.0995861912732 -0.158078900098 0)
(0.0387027892522 0.0882326604002 -3.90447802226e-15)
(0.204001941058 0.254361753824 -1.98237167103e-15)
(-0.256271828867 0.293689512719 -3.86083639568e-28)
(-0.18553231 -0.411757836281 0)
(-0.229507690345 0.109779429177 -5.59951256638e-15)
(-0.164364579588 -0.0586196036491 0)
(-0.241380761388 0.0636175197168 0)
(0.0101811056848 -0.22726572085 -1.74723844153e-15)
(0.0021369788771 -0.220317664701 3.48794773835e-18)
(-0.204008610641 0.0827656103863 6.13729857062e-15)
(-0.328375326218 0.106280746657 9.60060425373e-16)
(-0.293887074772 0.223852173287 -5.20223838427e-16)
(-0.211926123868 0.221643274697 0)
(0.110749435964 -0.247924007443 2.05652586547e-15)
(0.0797919247536 -0.102087390127 3.83881777396e-15)
(-0.31134220526 -0.0948727418097 3.0973636038e-17)
(0.0736965544319 0.148470045223 3.48802945901e-15)
(-0.406677260175 0.0907646438472 -4.50854142467e-16)
(-0.272303788666 0.249821868451 0)
(0.225321145354 0.278734353853 5.6873541904e-28)
(0.0731508477067 0.190632929301 0)
(-0.108683300112 0.191396520141 0)
(-0.197624871552 0.278008624103 -3.68016850022e-15)
(0.354899766768 -0.0669826659399 1.00031687002e-15)
(-0.230292214904 0.150585367407 -2.63969090101e-15)
(-0.217172193811 0.129838909001 -2.84543942444e-15)
(-0.217422385735 0.143511212017 2.63963009981e-15)
(0.048413027787 0.0314893489717 4.11773290131e-15)
(-0.181427005339 0.341054625463 2.3871685904e-27)
(-0.111666250517 -0.214150199644 3.20079531361e-15)
(-0.0806001479603 0.380621807103 0)
(-0.0971460623596 -0.071726668335 3.8562392039e-15)
(-0.333697636269 0.150391939312 -1.82368853621e-15)
(0.199921879273 0.10701008569 3.11028435737e-15)
(-0.242642332308 0.130223869126 -2.65381170908e-15)
(-0.294753815358 0.0650175746033 2.45943405415e-15)
(-0.0847532764934 0.299862281892 2.21658821099e-15)
(0.0951001870229 0.250403270695 2.61162118336e-15)
(0.277132107203 0.0553336922589 -3.11243964654e-15)
(0.11779106293 -0.1319792894 -3.48024395204e-15)
(0.0263095162909 0.0432875475578 7.48774329744e-27)
(-0.0517807612146 0.0506343235987 1.90081217521e-18)
(-0.200786398631 -0.0375956700378 3.17599204853e-15)
(-0.203735732648 0.0693865318207 3.08982588713e-15)
(-0.230830569002 0.16478903158 -2.51265469986e-15)
(0.0539041988044 -0.048602923038 0)
(-0.253103025294 0.265065025446 0)
(-0.107685746177 -0.0515275798495 0)
(-0.221513429644 0.318110339953 0)
(-0.170415968867 0.259459432951 2.1910505346e-15)
(-0.0846376446671 0.0806973144683 -3.72832269277e-15)
(-0.253189990611 0.283722394195 5.90431217607e-16)
(-0.191727500817 0.0891608274537 -3.11403903703e-15)
(-0.202966461322 0.0428360945659 0)
(-0.281265320989 0.0841254838931 -1.25418447608e-15)
(-0.374375865687 0.0375508352487 -1.00621715177e-15)
(-0.153046545067 -0.229968526933 0)
(-0.131344167796 0.108094658319 -6.26765723779e-17)
(-0.119879334123 0.128407035444 0)
(-0.283601442542 0.125150732352 9.10338341872e-18)
(-0.274901263683 0.274910748231 0)
(-0.347863460563 0.173016458554 -8.98449430107e-16)
(-0.10842138704 -0.092784428436 0)
(-0.192386469061 0.129594619414 8.40729976044e-17)
(-0.0968372422967 -0.0581020323734 -1.77686033468e-27)
(-0.325105346866 0.0653536741308 7.16160743902e-17)
(-0.108036727687 0.378253699752 8.136167248e-28)
(-0.194677973498 0.229333592151 2.30268813373e-15)
(-0.155326645177 0.108585726446 -3.34552292318e-15)
(-0.210114819456 0.328783462904 -3.50078874862e-28)
(-0.182133945749 0.236169266107 8.0818052204e-17)
(-0.118993604193 -0.0721459938146 0)
(-0.0733688798354 0.0872321891419 6.81966726414e-27)
(0.159617038834 0.0538629261828 3.66137775251e-15)
(-0.0991257486846 -0.143058034948 0)
(-0.359978757671 0.176893984752 1.76401779807e-15)
(0.0924128527364 -0.0936735539008 -7.62089802648e-15)
(-0.119396897778 0.101187533748 -5.84086129798e-17)
(-0.0731024023451 0.308674650824 9.89694384179e-28)
(-0.335461240666 0.180394098721 -1.67553256646e-15)
(-0.0733982332556 0.100705280096 -6.81966726414e-27)
(-0.202632592437 0.0295342711039 0)
(-0.120053749492 0.142298845335 -3.31756475816e-15)
(-0.0846132540869 0.0673667401293 7.65972835794e-15)
(0.197628158149 0.00533567808402 0)
(-0.179765694057 0.10909042595 7.99431186936e-17)
(-0.131556291874 0.121812301083 3.3129880015e-15)
(-0.297661223957 -0.199006463726 9.13993821525e-17)
(-0.132171152865 0.163318217582 -3.13326683105e-15)
(-0.343679886212 0.208399484485 0)
(-0.11035812825 -0.166230824407 -1.56309256871e-27)
(-0.2045051698 0.109477522871 -2.9430686717e-15)
(-0.201821467183 0.00288214098883 2.94748484593e-27)
(-0.108022507382 0.121432673139 -3.48497765477e-15)
(-0.26616928572 0.292678316547 3.86083639568e-28)
(-0.191562686628 0.205083894365 1.42384128045e-16)
(0.115008417419 -0.0242051965685 -3.88782471505e-15)
(-0.0738682025201 0.169874330391 -5.96496685922e-27)
(-0.073584223762 0.127843905293 3.61371775114e-15)
(-0.216670188135 0.0896084311889 -5.9537577506e-15)
(-0.212459265359 0.286583939717 3.48945902836e-15)
(-0.0618557099675 0.282742948165 2.52249904101e-15)
(-0.24132451972 -0.178428137154 1.0374650263e-27)
(-0.225245491774 0.307995280741 0)
(-0.0969509758628 0.170024979551 -4.64826273966e-17)
(-0.0726257543873 0.326851079639 -9.89694384179e-28)
(-0.108425934739 0.149041139443 3.31756475816e-15)
(-0.205210115531 0.163989987566 -2.69614575578e-15)
(-0.0849361207685 0.282512984813 -4.42957768509e-17)
(-0.10739337983 0.0674920427891 -3.75488614089e-15)
(0.327996107236 -0.0820634668842 0)
(-0.046594688031 -0.118293929275 3.97978870185e-15)
(-0.204930959711 0.150133244112 -2.82281001281e-15)
(-0.185171991474 0.301898189427 1.65806162017e-27)
(-0.108547493057 0.163113121543 -3.24093787154e-15)
(-0.248506048909 0.303111725336 0)
(-0.246051103966 0.304441283018 0)
(-0.311189823789 0.225668084119 0)
(-0.106975682693 -0.327168507302 2.21628066141e-15)
(0.173621736015 -0.126012771917 -3.04673552914e-16)
(0.28571445702 0.138481827155 -1.33627809206e-15)
(-0.0275249826473 0.328203026329 -2.17386212183e-15)
(-0.242141008162 0.308913736127 0)
(0.0617136459178 0.0886275687539 3.85321758548e-15)
(-0.0284546712194 0.228158358569 -1.39858312014e-27)
(-0.0970086225027 0.184274419956 3.14587270287e-15)
(-0.121563416944 -0.190111171295 3.33900483066e-15)
(-0.197039723953 0.261108057467 -8.60477626562e-17)
(-0.183305352224 0.341934691443 0)
(-0.204677366069 0.122973790578 5.78080169917e-15)
(-0.275301001079 0.23454529823 0)
(-0.229134990999 0.0832364618554 5.76130924412e-15)
(0.0390848435527 0.18389272428 3.31336603414e-15)
(-0.0390372988536 0.300493404924 2.40077696126e-15)
(0.00987986346877 -0.155717195332 -3.87520414841e-15)
(-0.218054611475 0.171244428842 2.51253811116e-15)
(-0.0395574102327 0.250876763918 2.80224401648e-15)
(-0.143087781876 0.101617881336 -6.7749067058e-17)
(-0.221600014653 0.231315463768 -2.12147964569e-15)
(-0.282110598717 0.262090468114 0)
(0.113869327075 -0.146044470029 3.29280677482e-15)
(-0.220575085749 0.215358753677 -4.50372391737e-15)
(-0.231717988538 -0.157256323421 1.14679906732e-27)
(0.285596403554 0.193762149045 0)
(-0.0285118442605 0.213268542964 1.39858312014e-27)
(-0.0172537715395 0.205965973655 1.1817433559e-26)
(-0.218682231158 0.185714814455 -2.46342225039e-15)
(0.279175871093 0.179059010988 -1.86100924366e-15)
(-0.118513623844 0.00827337475865 0)
(-0.211785535917 0.301959622237 0)
(0.120046092098 0.034775422243 -6.98584579392e-27)
(-0.0739025036195 0.184221823637 5.96496685922e-27)
(-0.0507518005701 0.258530701206 0)
(-0.0959680021208 0.00831912711415 3.95399403399e-15)
(-0.0172187202493 0.148494536499 -3.60289343295e-15)
(-0.216895809172 0.10297789944 5.79171652371e-15)
(-0.241833609639 0.0898545141646 -1.01144238279e-16)
(-0.073321947157 0.27435874066 -4.04077847406e-17)
(-0.0958992627934 0.060884147287 -5.17074175119e-17)
(-0.20662522978 0.207155054711 4.69274047743e-15)
(-0.0284484431793 0.127710218358 3.69575819976e-15)
(-0.0853000744758 0.162924981907 3.28742049894e-15)
(-0.0858536161078 -0.0510951973 0)
(-0.0295447497793 -0.160911525987 0)
(0.0736611752373 0.108252887915 -3.75515815116e-15)
(-0.228939918073 0.0699008553259 -2.99444183302e-15)
(-0.0865590198606 -0.0783092833869 0)
(-0.0172693432245 0.191310675432 -1.18174335589e-26)
(-0.20590631278 0.192240328148 2.46342225039e-15)
(-0.0505659016837 0.274696287416 0)
(-0.230387594092 0.318217937459 0)
(0.360951900697 0.101087604034 -1.72781564224e-15)
(-0.16730351638 0.102123797304 -3.19729267796e-15)
(-0.0734892834343 0.258242156146 -2.68164884742e-15)
(-0.191968124437 0.102613362335 3.11734955927e-15)
(-0.329182731058 0.229308237113 -1.46082916963e-16)
(0.0833394272017 -0.182379681063 5.86839760979e-17)
(-0.237557951877 0.299957358519 0)
(-0.192545119419 0.143201295053 -8.50845547989e-17)
(-0.0923574370722 -0.264573883689 0)
(-0.0282876131123 0.25878000413 -5.62039447221e-15)
(-0.0172080525333 0.162651534408 0)
(-0.120376558114 0.170207810754 3.13326683105e-15)
(-0.16905886886 0.228145098645 -4.84593954847e-15)
(-0.039241278479 0.283090634961 -2.60821318527e-15)
(-0.209678902692 0.254334277959 -2.01651551158e-15)
(-0.121063500814 0.325982352782 -1.86177832119e-15)
(-0.0284875204022 0.169717280345 0)
(-0.266718314182 0.050889794495 -2.73253604547e-15)
(-0.193955274187 0.213822306105 -2.3932086753e-15)
(0.217531870746 -0.0232819498642 -1.12627100035e-16)
(0.04717669797 0.00674862036723 0)
(-0.0884217021258 -0.135149045313 1.71749439698e-27)
(-0.221886108243 -0.136017779649 -2.7453737493e-15)
(-0.120454632179 0.184325365135 0)
(0.231574147483 0.267196327163 -5.6873541904e-28)
(-0.171536993194 -0.310501328358 0)
(-0.0171767024405 0.251053572641 2.81815045574e-15)
(0.0719407118154 0.337766127638 4.58419780664e-17)
(-0.253228827615 0.0309012773641 5.63441160627e-15)
(0.173355183492 0.0716466438929 0)
(-0.286192398964 -0.283010645513 0)
(-0.208751411838 0.237807210165 2.1214796457e-15)
(0.061179520326 0.0632377058659 0)
(-0.0125819310185 -0.28766046427 0)
(-0.33432014506 0.216224215829 -8.76306875123e-16)
(-0.32844399858 -0.0734575589401 -9.61502517442e-16)
(-0.0281509722142 0.274958611211 2.60821318527e-15)
(-0.223409104469 -0.296196738058 -7.3038180134e-18)
(0.216492583829 -0.10107887702 0)
(-0.0172405452901 0.120973442831 1.37353707132e-26)
(-0.0284315473162 0.141591052056 0)
(-0.0982315891921 -0.113755495417 0)
(-0.122264875435 -0.239055987181 -1.33104008692e-27)
(-0.0621480352564 0.250637014997 0)
(-0.0966131612934 0.274270969418 -2.43779547942e-15)
(-0.129884174735 -0.0115294192254 0)
(-0.235175178191 0.206087183171 0)
(0.0497810126423 0.235454497934 0)
(-0.0172467463747 0.235698474745 0)
(-0.0851127839161 0.250373043185 2.68164884741e-15)
(-0.118835243795 0.0610613709554 1.68265844911e-27)
(-0.143863696013 0.142635820301 0)
(-0.101818790107 -0.238915273032 -3.18164664466e-15)
(-0.1320300632 0.149359217349 0)
(-0.12044964582 0.258048801863 -5.82815878773e-17)
(-0.0284870571884 0.184146899167 0)
(-0.132430957939 -0.214502481218 3.04431265967e-15)
(0.193139137575 0.231592836471 0)
(-0.130808445681 0.0812018632666 3.49922901082e-15)
(-0.27625812133 0.281893863701 0)
(0.260780919757 0.232210371262 0)
(-0.144154266059 0.17038646791 0)
(-0.0963859670306 -0.031255269121 -3.91254940738e-15)
(-0.260142382945 0.293996145259 0)
(-0.0285033240812 0.100717521088 0)
(0.237664468771 -0.0817872104588 1.4265925781e-15)
(-0.0175086690483 0.0809515947976 0)
(-0.132275607844 0.191424782791 0)
(-0.109084794272 -0.121361682571 3.66000552654e-15)
(0.0852437277033 0.089018751372 0)
(-0.0169428681654 0.283395610721 0)
(-0.171656540057 -0.259807202491 -2.35013538004e-15)
(-0.107863775529 0.107705666251 3.5343571756e-15)
(-0.301369333787 0.249709888964 0)
(-0.0490614851972 0.363496252452 1.90461457789e-15)
(-0.017700097879 0.0678097386058 0)
(-0.0854312030554 0.191368607023 -3.14587270287e-15)
(-0.0286027004785 0.0873555295762 0)
(-0.0819276093028 -0.291392684096 -2.9674480988e-15)
(-0.224801451951 0.263227127837 1.81855545293e-15)
(0.306152443683 -0.0877840728185 0)
(-0.236788689292 0.240123419172 0)
(-0.253610111974 0.0442075049521 2.73253604547e-15)
(-0.312080351104 0.247262939385 0)
(-0.0518321980005 0.00894400084517 0)
(-0.017315280625 0.107400826619 3.83366732743e-15)
(0.193714416141 -0.122879743796 -2.86813746235e-15)
(0.107359160959 0.0282758302421 3.94105016739e-15)
(-0.294522664821 0.262541221997 0)
(-0.108554865145 0.299829888584 -4.09885070493e-27)
(-0.095884108394 0.0476397025577 -3.81787450421e-15)
(0.0953851800251 0.033622662209 -3.94105016738e-15)
(-0.318839039517 0.17076746576 -1.36881008779e-16)
(-0.108495110324 0.25023660102 5.12430033263e-15)
(-0.156233293204 0.191471803171 2.50417469427e-27)
(-0.0123134607122 -0.0676050977347 0)
(0.0347150128125 -0.0126578279172 0)
(-0.171833432535 0.324940504045 0)
(0.0736500507553 0.162304760019 0)
(-0.181547085114 0.235072382939 0)
(0.0377600288272 0.0498761906943 0)
(0.194759861576 0.200724811775 0)
(-0.130624205124 0.0677784321437 -3.57185424725e-15)
(-0.12326546376 0.375046898564 0)
(0.172907310747 0.107783174775 3.34304376071e-15)
(0.186653358587 0.101299975658 -5.01260410092e-20)
(-0.142848299057 0.0880544693348 -6.93025765078e-15)
(-0.318722484424 0.234420967267 0)
(-0.29229624068 0.214231252809 -1.62190681398e-15)
(-0.291654070986 0.239723303017 5.10335729857e-16)
(-0.313199350814 0.127691389777 -6.69715133841e-17)
(-0.168055325755 0.142944904232 -3.06302666134e-15)
(-0.152790043789 -0.051766193311 0)
(0.013314884663 -0.126420257389 0)
(-0.294428242065 0.266922544586 1.00324810867e-15)
(-0.100946254385 -0.306037788991 2.56205464214e-15)
(-0.311171055687 0.249456001207 0)
(-0.168413550339 0.184488025392 0)
(-0.15940671152 0.104119877404 -6.14929688448e-17)
(-0.120119354161 0.152003400982 1.32422617348e-17)
(-0.108645327256 0.282483556051 4.09885070492e-27)
(0.0738045288784 0.121463988238 0)
(-0.074533651096 -0.0308180101649 -4.0715488337e-15)
(-0.096702061197 0.25803127354 -2.58922543142e-15)
(-0.21498090781 0.023233744757 0)
(-0.278484622209 0.220424143342 0)
(-0.305185474514 0.192811872275 -1.79495188145e-15)
(-0.12126117384 0.308590738373 -8.91535041067e-28)
(-0.118731043485 0.0477681269031 -1.68265844911e-27)
(-0.144252901718 0.184382078695 0)
(-0.190972801345 0.340835658162 0)
(-0.109456700309 -0.135939395577 3.56975173359e-15)
(-0.264894869705 0.284897966729 1.24968448679e-15)
(0.0729832251271 0.205110267393 0)
(0.198095290052 -0.126642345998 4.51718754613e-17)
(0.0552568708253 -0.119770422255 3.85029411492e-15)
(-0.0379588647021 0.35573822945 -1.90461457789e-15)
(0.185418762025 0.126139541096 0)
(-0.37645007411 0.121937461059 0)
(-0.11046912902 0.363910822733 0)
(0.289353012915 0.11417668022 1.14695313906e-15)
(-0.0404620301042 0.0285814836865 0)
(0.0596792331453 0.0259096777355 -4.06405738637e-15)
(-0.0278029434461 0.309485203517 -4.81794225806e-15)
(-0.0698194221476 -0.317828495367 2.42938987187e-15)
(-0.0262113833918 -0.233758958896 1.73770335847e-15)
(-0.189916609236 0.0225691334895 3.35546958222e-15)
(0.0223012656318 -0.0324250075018 -4.21622347955e-15)
(-0.301494483304 0.260053592782 -1.22314360317e-15)
(0.0340162710289 -0.123374342777 0)
(-0.0756801577337 -0.071080040334 4.0211377594e-15)
(-0.0397674346166 0.0807517693413 -7.15586913839e-27)
(-0.163132225753 -0.237436114158 0)
(-0.142279434065 0.0613983397495 7.03703468955e-17)
(0.073354825225 0.0824796262708 -3.85321758548e-15)
(-0.239711361756 0.287097367831 1.48468616764e-15)
(0.376390250076 0.101649699271 0)
(-0.138041753094 -0.418699847345 3.40840058203e-15)
(0.08549170078 0.101876108913 0)
(-0.0290828197159 0.0481776096112 4.05549908628e-15)
(-0.284605554326 0.277533789321 -1.00324810867e-15)
(-0.0511848882313 0.0478559881668 0)
(-0.0410608793658 0.00283594911985 -1.88737415958e-27)
(-0.271318820006 -0.214015582104 1.71563655693e-15)
(-0.34017036054 0.0481219846845 2.08269071493e-18)
(0.275489697695 0.0867717710172 -3.36382671765e-19)
(0.293491644991 0.0198446249729 0)
(-0.0181458503168 0.0420436427457 -1.49616383376e-26)
(-0.225032054566 0.279506304879 -1.69867146941e-15)
(-0.0332595109986 -0.208976645986 -3.61785681932e-15)
(-0.277322363618 0.00571827569919 -1.21588103026e-16)
(0.209975641525 -0.0769965487598 0)
(-0.211158008721 -0.114575609535 1.33694974029e-27)
(-0.29120430945 0.198900135039 1.79509333109e-15)
(0.00997629067336 -0.0526340538438 -1.52619625902e-26)
(-0.166333686827 0.0618868875474 -3.42774069864e-15)
(-0.31143847532 -0.109090646331 1.95378548836e-15)
(-0.1072726727 -0.0114893839286 -6.22234811962e-17)
(-0.107194027921 0.0411753208847 3.81787450422e-15)
(0.0855220874054 0.128122316437 0)
(-0.0737823524856 0.00854460989029 -4.00523177973e-15)
(0.182955853225 -0.00109592574438 3.62017007747e-15)
(0.171336709338 0.146135334839 3.02571964042e-15)
(-0.312882125904 0.113016852906 -9.68317963963e-16)
(-0.252194206902 0.279586409815 -1.48468616764e-15)
(-0.154419879744 0.0682285059294 6.929224599e-15)
(0.131657413507 -0.229767198789 0)
(-0.0288554892389 0.0612315792373 -1.83393100691e-27)
(-0.276599801742 0.276172057067 -1.24968448679e-15)
(-0.304606103368 0.177289313122 1.81387698681e-15)
(0.352923335991 0.111787466278 1.78479465889e-15)
(-0.0385705841928 0.336965722069 2.17386212183e-15)
(0.199516205362 0.119236054746 0)
(0.0606943236321 0.0506386699894 0)
(-0.0168407654999 0.300843058975 2.41716529679e-15)
(0.181235789994 0.208970942976 2.55851134483e-15)
(-0.31729751774 0.156160172662 1.83640612405e-15)
(0.15758002286 0.166908583867 3.03424305449e-15)
(0.155789037913 0.209996931881 -1.17875770927e-27)
(-0.235334226511 0.220965217925 1.14435830739e-28)
(0.0729807358681 0.0697825047224 1.7653782527e-27)
(0.0291142386595 -0.266275615918 0)
(-0.172763932903 0.309501092921 0)
(-0.287732720723 0.16847933555 0)
(0.159263215543 0.127067475374 -1.16557381726e-26)
(-0.178819913258 0.0687993484409 0)
(-0.141544104773 -0.10049231262 -3.58443981704e-15)
(-0.119411970552 -0.10012651724 0)
(-0.0515484320685 0.0219922344017 0)
(-0.0388372913183 -0.154287413738 0)
(0.274958431794 0.00481945690508 -4.90322310756e-17)
(0.186934902296 0.295079698964 0)
(-0.175993819695 -0.122447879411 0)
(0.000773573391072 -0.149763575447 -4.71666930525e-18)
(-0.0978288685339 -0.0995690139703 3.86293100711e-15)
(-0.0197993358648 -0.00940785667198 4.20736991716e-15)
(-0.188075154384 -0.07219907025 0)
(-0.179117405292 0.0822149483542 0)
(-0.177804344707 0.0289125818775 -3.35546958222e-15)
(0.0524553483697 -0.0615160022316 -3.39979711793e-17)
(0.325264449543 -0.0115177210177 2.41072165728e-15)
(-0.212280920112 -0.0717827753469 0)
(-0.142085514596 0.0480678832668 0)
(0.160059733327 0.0656274013433 0)
(-0.226977122249 0.00361363557552 -3.09264274301e-15)
(0.0489980366196 0.0440673496613 0)
(-0.190701197976 0.0491375324781 7.39157857339e-28)
(-0.121983973638 -0.25534578492 2.79543050602e-15)
(0.160082126883 0.089572361535 0)
(-0.130221449808 0.0413526199626 0)
(0.0278374816586 -0.222554164787 -1.31031432795e-17)
(0.0722048431217 0.044925785233 0)
(-0.0398918709369 0.0675387356336 3.96073475555e-15)
(-0.0192766454763 0.00356764273633 -4.17012456108e-15)
(-0.00989296956368 -0.158590793016 3.87993193134e-15)
(-0.154673990427 0.0816668203131 7.33584111882e-17)
(-0.120371183641 -0.143779100207 -3.56975173359e-15)
(0.275251803331 0.0980425995831 3.35804589164e-19)
(-0.0510367883306 0.0609815192474 -3.96073475554e-15)
(-0.0402018317982 0.0416086496685 -4.05549908627e-15)
(0.109626207532 0.102040099772 0)
(-0.064322296138 -0.0504391478377 8.1537723721e-15)
(0.0589149658723 0.0134577466433 3.73057452335e-27)
(-0.167038531685 0.0885896948771 3.35767022877e-15)
(-0.0164573134887 0.337472253855 0)
(-0.00704920671047 -0.128987000935 -3.97724418396e-15)
(-0.00593699430395 0.275129364602 0)
(-0.120714796139 -0.158822704833 0)
(0.273562827465 -0.00470701765021 -3.17554715384e-15)
(-0.134114979717 0.334109455321 0)
(-0.00598827313366 0.258965583921 0)
(0.241310811516 -0.071007056523 1.52442782934e-15)
(-0.292316750335 -0.244723223287 1.66419981887e-16)
(0.229660254326 0.0825796781621 -1.52601980071e-15)
(0.0337489429888 -0.0254015245149 0)
(0.275113520933 0.191399732926 5.5437575691e-20)
(0.158677840334 -0.199820094424 0)
(0.0463063765105 -0.00581692856716 4.15448462139e-15)
(0.283502285422 0.150832479714 -1.00661449153e-15)
(0.173509240199 0.0834802978273 -3.370313089e-15)
(-0.32341242235 0.054007544663 -1.26383321026e-15)
(0.20545480866 -0.157406376007 -8.38634911464e-18)
(0.0212764451794 -0.0453894590065 0)
(-0.286133119475 0.15384011741 -1.10538419707e-15)
(0.0542787774781 -0.288000943141 -8.09437545284e-17)
(0.288352028035 -0.0169626462832 1.49950322252e-15)
(-0.153620739872 0.0284182822928 0)
(-0.164367888218 -0.0723785076979 0)
(-0.152843667912 -0.0934069018654 1.58765516734e-27)
(-0.0243903723929 -0.337659705112 -1.59945488174e-15)
(0.169300364277 0.187416282639 2.72705981154e-15)
(0.0953240473066 0.234691636783 -2.79422266599e-15)
(0.106465744633 0.0162510991681 -7.16272090028e-27)
(-0.328502264018 -0.0864470149349 1.80631452571e-15)
(0.172663135699 0.12023387851 0)
(0.0790645196911 -0.198684652939 0)
(0.0772724231209 -0.115659083222 -6.95670323639e-27)
(-0.367960181435 -0.0299092011025 -2.17396659307e-15)
(-0.118794447595 -0.0584741699755 0)
(-0.107486474474 -0.0380708810116 3.91254940738e-15)
(0.083135371823 0.0270542606424 -4.02791764782e-15)
(0.0715574314228 0.0325161709714 8.09197503418e-15)
(-0.118596909768 -0.0314868201248 0)
(0.0412608501413 -0.143057414444 0)
(0.340693654426 -0.0186211997685 -1.45945619534e-15)
(-0.0474338933955 -0.13277830306 0)
(0.0573060518782 -0.0111006117847 -4.15448462139e-15)
(-0.0055363620471 0.309869540007 0)
(-0.130131620037 -0.0792522633533 0)
(-0.0296085227363 0.0224902449231 -3.76854720247e-27)
(0.146770560294 -0.2137123048 -7.97355463804e-16)
(-0.400693542765 0.109383162137 -5.11038170849e-16)
(-0.129893333481 0.00174423101358 0)
(0.3300540015 0.147369357527 0)
(-0.0850844001221 -0.0112548484221 -3.97158806091e-15)
(0.0855380386798 0.141571121972 -6.9368486939e-15)
(-0.0869808373047 -0.0921610419918 -7.78143300554e-15)
(0.186795454156 0.089328140592 3.37044560436e-15)
(-0.0628915531296 0.00228623479974 0)
(0.119457648609 -0.163906547059 3.16055704329e-15)
(0.0975305626307 0.121476772189 -3.52732920064e-15)
(0.160089649223 0.101817555398 -3.34304376071e-15)
(0.0974302523054 0.108416243392 0)
(-0.158773018411 0.301069290364 0)
(-0.299454127187 0.133610730899 0)
(-0.214088602179 0.208792972372 -1.14435830739e-28)
(0.158942042459 0.139991263464 1.16557381726e-26)
(0.242630916187 0.00300896224674 0)
(0.243352426636 0.25605944262 0)
(0.0626704522988 -0.228250574199 -3.05292042875e-15)
(-0.118503631548 -0.0181463147946 -3.85126382121e-15)
(-0.130330645814 -0.0931930001667 3.58443981704e-15)
(0.0842228039143 0.212258999791 0)
(0.205006442641 -0.147870071418 -2.33786798697e-15)
(-0.0299959828621 0.00951326397647 4.17012456108e-15)
(0.211751216237 0.00112999473719 0)
(-0.0396785542136 0.107314206752 0)
(0.170848153313 0.159412178926 -2.88357331114e-15)
(-0.0272417952846 -0.131096039606 0)
(-0.355908259913 0.0298660912651 9.87562447824e-16)
(-0.153553565223 -0.214342433662 2.87138217003e-15)
(-0.168258098159 0.170531019122 0)
(0.103058815645 -0.0977883149252 3.78208749478e-15)
(0.15710454568 0.180750680287 0)
(-0.0807825194727 0.387497878218 9.62113702045e-16)
(0.134333092028 0.0895641116201 0)
(0.0840036975848 0.227178397204 0)
(-0.300589968098 0.148391614797 0)
(-0.191005615848 0.062479982058 -7.39157857339e-28)
(0.107411004938 -0.128469743436 3.48021562567e-15)
(0.23610055276 -0.133791292247 -9.27290941686e-16)
(0.16983722176 0.178259474165 -3.5726357589e-17)
(-0.265857860301 0.258068709192 0)
(-0.0163142297835 0.356600486188 0)
(-0.0848905272379 0.00191964012657 5.12377457445e-17)
(0.237548382067 0.17618853345 1.12203848485e-15)
(0.119889473347 -0.243613304526 0)
(0.119456564543 -0.23791893416 -8.17810128591e-16)
(-0.0879172971274 -0.120604112493 3.8475308797e-15)
(0.182258713983 -0.17991461948 1.83929618311e-15)
(-0.214620699913 0.00991222451157 3.09264274301e-15)
(-0.291892635919 0.256592510609 1.22313422288e-15)
(-0.279912340554 0.264789031283 0)
(-0.0821489431153 -0.25595971111 -3.13341417276e-15)
(0.214817237523 -0.145615568053 -1.13102229339e-15)
(-0.160332677986 0.255066011799 0)
(-0.395438418475 0.0902243965219 8.40118045018e-16)
(0.144313749399 -0.155534050275 5.89718278441e-15)
(0.0407385593072 -0.069080714932 4.11666507853e-15)
(-0.0190587335706 -0.152266080529 0)
(0.127175862376 0.162114658235 1.7454706558e-17)
(-0.122119934811 -0.138823748975 0)
(-0.322696895375 -0.264520027956 -4.52080519973e-16)
(0.121830838758 0.108442754243 0)
(-0.119704641745 -0.114352685499 -7.24736536554e-15)
(-0.0414694080155 -0.010212839142 1.88737415958e-27)
(-0.156153106042 0.163506034988 0)
(0.175905307113 -0.18409683772 -8.24798464625e-16)
(0.0435565054563 -0.128542218802 0)
(0.174794777727 0.304302710496 0)
(-0.0961873367006 -0.0179643371408 7.88507536331e-15)
(0.0227477007567 -0.132002257436 0)
(-0.279562175875 0.0449780643705 1.25442386797e-15)
(0.0692311233639 -0.00425666017755 0)
(-0.232674572265 -0.142610862798 -1.14679906732e-27)
(0.00511690601303 0.25110986028 0)
(0.0650112574711 -0.12453045442 -3.85029411492e-15)
(-0.175242246207 0.323422801327 0)
(-0.00558249683842 0.328394230358 0)
(0.0208346630764 -0.146727345635 0)
(0.0316988183365 -0.0507548575375 0)
(-0.186404827257 -0.190026081206 -2.82047386581e-15)
(-0.018493898909 0.0290997677497 -4.14404977838e-15)
(-0.241708078286 -0.163554335522 -1.0374650263e-27)
(-0.141354461937 -0.0723575231475 1.64818257971e-27)
(-0.0638891562272 -0.0370905455333 4.0715488337e-15)
(0.0304408016677 -0.0638546637086 0)
(-0.25571305914 0.123947442527 -2.49040437661e-18)
(-0.392661232988 0.113336467252 -4.13712565466e-17)
(0.168769717964 0.201911630848 -2.55851134483e-15)
(-0.253849455428 -0.18672836418 0)
(0.0537673695659 -0.26350482219 0)
(0.0475351639467 -0.258947866498 -3.08223086664e-15)
(0.00235499291652 -0.134920737992 0)
(-0.107706230173 -0.312921030376 -2.44729647288e-15)
(0.129442786165 -0.166750200871 -2.99596092968e-15)
(0.133817550901 0.140780118577 -1.21295160109e-26)
(-0.0314104116842 -0.0293117040182 0)
(-0.0579941987772 -0.140880915668 0)
(0.171467457719 -0.146549332722 0)
(0.27139555205 0.133733125628 1.18489758701e-15)
(-0.320645902952 0.214562233764 1.33539657171e-15)
(-0.0783903263803 -0.142112667863 0)
(-0.222560799522 -0.121478387723 -2.73213432309e-15)
(-0.250311846543 -0.035889038215 2.74737998611e-15)
(-0.174196803912 -0.228926952069 0)
(-0.224194164495 -0.0785021059617 0)
(-0.211724841877 0.184394498302 -9.49644888518e-17)
(-0.119391487143 -0.301426077329 1.21115447052e-15)
(0.179568592579 0.320451426913 0)
(0.0200209236773 -0.216581724781 1.73958745714e-15)
(0.134980666833 -0.0566749164627 0)
(-0.0449885595148 -0.0901554687085 0)
(0.338823911289 -0.0255353943182 1.61836852638e-16)
(0.155320458508 0.22523098625 2.54046365517e-15)
(0.196018706671 0.298712082288 -1.44189326628e-15)
(-0.0039695625238 -0.277044073725 -1.38768311226e-15)
(0.0299721116463 -0.152240719017 0)
(0.232347877942 -0.124020306789 2.06194487481e-15)
(0.178521886771 -0.173128593359 0)
(0.255317743089 0.141394976209 -1.27940106033e-15)
(-0.152739701093 -0.0794234714049 -1.58765516734e-27)
(-0.14291706939 -0.20653362168 -3.04431265967e-15)
(-0.291168717957 0.0127614054307 -2.55201240748e-15)
(0.155173636633 -0.157671657143 -2.90122185474e-15)
(-0.19978638114 -0.0932297709882 0)
(0.218866632064 -0.0447339106158 0)
(-0.0677800094809 -0.134121322879 0)
(-0.039709592514 0.14851729699 3.55416229942e-15)
(-0.164621108333 -0.190597969923 -2.91826623101e-15)
(0.187470045998 -0.171631466818 -6.08562617832e-17)
(0.265861962803 0.173479903946 0)
(-0.164330642469 -0.100676263816 0)
(0.0829387075165 0.328694255215 2.07585102207e-15)
(0.238708469757 -0.112639917635 0)
(-0.182977809586 -0.250901108683 2.35013538004e-15)
(-0.156013811628 0.149677876269 3.06302666134e-15)
(0.176402748076 -0.160761545497 2.41505653677e-15)
(0.192109598327 0.247594865153 1.98237167103e-15)
(0.123935553186 -0.182005478949 -9.48448931777e-17)
(-0.349743592325 -0.193546744617 -6.47829903743e-16)
(0.0939397790506 0.00959777381483 -4.02407134351e-15)
(-0.270367707277 -0.17761199799 -2.45847321463e-18)
(-0.0308640068823 -0.0162127782685 0)
(0.237710795397 -0.0275454912956 3.27777964623e-15)
(0.128447149885 -0.216538765983 -5.8302407598e-19)
(0.108989732984 0.0645469380555 3.77032618164e-15)
(0.186789230728 -0.160476475573 -1.10195231331e-16)
(-0.129856053195 -0.0382462516995 0)
(-0.387990385168 0.101791060765 0)
(0.230980807845 -0.102909345044 0)
(-0.339802222283 0.0353827524218 -2.17065070204e-15)
(0.183282225612 -0.147528623991 0)
(-0.244325464453 -0.134495703326 -2.39627242822e-15)
(-0.0158073049467 -0.309424825699 0)
(-0.190925740035 0.182672318076 0)
(-0.211542704604 -0.100239202109 -2.92504976307e-15)
(-0.132686944347 0.349652147701 0)
(-0.0231663180198 -0.199484120671 7.24836521405e-15)
(0.110756203874 -0.114859833554 0)
(0.059859550925 0.379588071097 -1.29622226263e-26)
(-0.202778621968 -0.175980954806 0)
(-0.176039285037 -0.0794098964767 1.50607496443e-27)
(0.26048536688 0.0709763075274 0)
(0.272613501973 0.121638215584 3.93226635989e-15)
(0.212921241439 -0.136580114825 -2.4065099812e-15)
(-0.0378389850051 -0.139319620427 0)
(-0.263779625412 -0.0148977195633 0)
(-0.175669392106 -0.182616532976 5.73874009682e-15)
(0.152396102207 0.307616920496 0)
(-0.131954502074 -0.182454870164 3.18502517027e-15)
(0.165781472017 0.281952969338 0)
(-0.153057537901 -0.122279394871 -3.3392157564e-15)
(0.0822976847201 0.0148024657729 4.0240713435e-15)
(0.105603894773 -0.174998549267 -3.16055704329e-15)
(-0.164393239149 -0.206082833738 -2.87138217003e-15)
(0.180607592476 0.224315979498 0)
(-0.0177842119286 -0.137347434008 3.97724418396e-15)
(-0.294015968441 0.0522637770162 -1.25242663039e-15)
(-0.2732402096 0.174266550684 0)
(0.248900154035 0.24274887453 0)
(0.21034614821 0.164330690077 0)
(-0.187782390577 -0.100650698913 0)
(-0.0243105949116 -0.317749040805 0)
(-0.0524913151418 -0.0169996035585 1.87900246064e-27)
(0.0702021408188 0.00810953694987 0)
(0.0476171253169 -0.305134566941 -4.68705231269e-15)
(0.0873446390611 -0.119960820687 0)
(0.12404730447 -0.149255375411 -3.29277927729e-15)
(0.0843676363448 -0.133929381361 0)
(0.0962375402616 -0.171400789374 3.30288264542e-15)
(0.167036047432 -0.0189796717274 0)
(-0.223685057147 -0.0926047350189 1.09539364035e-16)
(-0.185814415666 -0.205185927426 -2.57567485597e-15)
(0.128223249112 0.326754812013 -1.85330603538e-15)
(-0.157154633115 0.251069873992 0)
(0.0162097911232 0.259045045239 0)
(-0.141483539381 0.339002079046 0)
(-0.333173961976 -0.220457651899 0)
(0.152274412803 -0.18750976713 -1.16088932982e-15)
(0.24516419374 0.0656473686839 0)
(0.16161430278 0.33843689747 1.20335426708e-15)
(0.206491081144 -0.124437013646 0)
(-0.307793658486 0.0465217357242 1.15148653802e-15)
(0.0432726464733 -0.0434860469381 -3.79224552271e-27)
(0.179269334308 0.256476795791 0)
(-0.000322657468552 -0.0470342403498 4.20934451414e-15)
(0.25866118704 0.104806448618 0)
(-0.13167915299 -0.166894238246 -3.30850426542e-15)
(0.0165570206614 0.310142311702 0)
(-0.32837425605 -0.116942107286 0)
(0.000541581779575 -0.0339360748245 8.44375848951e-15)
(-0.158675496853 0.283811790973 0)
(-0.19998510986 -0.0791509615038 0)
(0.267659070779 0.16021937688 0)
(-0.332606868874 -0.0309944421534 0)
(0.133555550336 -0.184199497541 -9.06224111402e-17)
(0.251245716377 0.182254837515 -1.11890939364e-15)
(0.17810424036 0.273024362693 0)
(-0.380924021133 -0.062973150303 1.43059136728e-15)
(-0.183745643289 -0.235879565918 2.42090077048e-15)
(-0.14125600664 -0.0586415806204 -1.64818257971e-27)
(0.00528768786735 0.28363055241 0)
(0.10036131466 -0.156320095344 -3.43105500528e-15)
(-0.046428899839 -0.29076241785 1.69604039009e-15)
(-0.153819024436 0.0417022250705 0)
(0.171708304922 0.318956341202 0)
(0.149425712497 -0.208366249705 1.67848508487e-15)
(0.00535641443568 0.301009064368 0)
(-0.276735380148 -0.00793237084164 -2.53774846766e-15)
(0.200856061274 -0.136371306998 0)
(-0.0396526053418 0.12094027694 -3.69575819975e-15)
(-0.17808366386 0.0422087713825 -3.40275823507e-15)
(0.100236814959 -0.111031617024 0)
(0.0907307896307 -0.152479758438 3.43105500528e-15)
(-0.0631905029998 -0.0108287511553 0)
(-0.358372252925 -0.185808337001 0)
(-0.142930087471 -0.19061982174 -8.49119254372e-17)
(0.0661733194214 -0.274147381106 -2.27227019161e-15)
(-0.291974212491 0.0262029641767 -5.74394725181e-17)
(-0.0671257702731 -0.119599708771 -7.84046440645e-15)
(-0.371265386768 0.0123938775991 2.66227016021e-16)
(-0.0742241275977 -0.0175828658793 -1.84182766445e-27)
(0.0942287663863 -0.137998199795 0)
(0.20689184911 0.174822293519 0)
(-0.147963145379 0.225093408798 0)
(-0.18668596641 -0.25736041693 -5.72429028072e-17)
(-0.260963765113 0.195797551273 0)
(0.0562131132303 -0.0236556036517 0)
(-0.166065920268 0.0485361868604 3.40275823507e-15)
(-0.274609441957 0.189736669615 0)
(0.224529793649 -0.114475927918 0)
(-0.0729751956821 -0.264432140548 3.13729058466e-15)
(-0.0056129079442 0.381941797158 0)
(0.0647097316638 -0.250713083455 -2.66604603625e-27)
(-0.129950905992 -0.0517491748009 0)
(0.164325883976 0.298623824788 0)
(0.016645126152 0.328825256486 2.21470937844e-15)
(0.109724432029 -0.194062606747 2.92121079293e-15)
(0.0710683894491 0.355909238218 -1.8493295461e-15)
(-0.327366603231 0.23026368645 1.01383039783e-15)
(-0.174710526879 -0.21357507618 0)
(-0.164424706362 -0.114989078662 3.3392157564e-15)
(0.0714002612724 -0.254770918174 0)
(0.173573894836 0.329982870345 -1.20335426707e-15)
(-0.0529155049545 -0.0301730715571 -1.87900246064e-27)
(-0.262173945566 0.211653704639 0)
(0.149280844707 -0.171908579459 -2.73601254209e-15)
(0.0699617706383 -0.232369732161 3.05292042875e-15)
(0.2543646711 0.154259088793 -4.7637314731e-18)
(-0.237130509201 -0.0570620013313 5.75874146419e-15)
(-0.267836478072 -0.178846732359 0)
(0.00587852112117 0.337756868448 -2.21470937843e-15)
(-0.076655212417 -0.0987768152321 7.88752458883e-15)
(-0.367831500066 -0.0430738941678 -1.33165533357e-15)
(0.23557095706 -0.037492431932 0)
(-0.176029722516 -0.0934415130588 -1.50607496443e-27)
(-0.10065095581 -0.189369206062 0)
(0.240990761569 -0.00717898137825 8.40699514427e-17)
(-0.24531660538 -0.120012102783 0)
(0.0444622432456 -0.0306840425909 3.79224552271e-27)
(-0.00798987442101 -0.230788890809 1.3369554607e-17)
(0.0162531093686 0.275320779238 0)
(0.256704791871 -0.0107628945751 6.34274328858e-15)
(0.260068671742 0.0816469518847 0)
(-0.263077561243 -0.0285397667593 -1.15117685881e-16)
(0.257987622542 0.116322717245 -3.96995187617e-15)
(0.133144266248 -0.220479817098 7.7927488598e-16)
(-0.0789715555591 -0.157100002479 0)
(-0.418523798837 0.0576361687026 -5.26275148419e-16)
(-0.045130563139 0.397561044076 1.13977787066e-15)
(0.166851047823 -0.192734708007 -8.17140056222e-16)
(0.402817631487 0.0683759171297 -9.74126205847e-17)
(-0.061447035653 -0.400133214482 0)
(-0.254788622857 -0.140683064843 2.39627242822e-15)
(-0.350888507944 -0.211452888131 -1.77696924685e-17)
(-0.190840532033 0.170181956075 7.8503673848e-29)
(-0.0397250573359 0.162695528148 0)
(-0.131034512865 -0.136542975269 1.59369646497e-27)
(0.24608080723 -0.124677746799 -9.75631733946e-16)
(0.291516754521 0.0102333199545 0)
(-0.417396331318 0.073152738208 5.35058779809e-16)
(-0.321155889497 -0.247500319252 0)
(-0.235145420106 -0.099212910344 5.51639626971e-15)
(-0.130754692323 -0.121911745972 7.09616799759e-15)
(-0.349187544773 -0.0634972864099 9.39835303936e-16)
(0.155673718561 0.186834782893 -1.52038317389e-17)
(0.210156824069 -0.0096443096146 -8.16418750555e-17)
(-0.23652387294 -0.0709981676088 0)
(0.25465827906 -0.0209052269049 0)
(0.198336532363 0.298166121259 -7.76911317487e-28)
(-0.355056093012 0.0178697571204 0)
(0.238723049275 0.162799274633 -4.6477451772e-18)
(-0.141735194645 -0.114764438849 -3.5088081586e-15)
(0.100789769954 -0.190860073046 0)
(-0.0732864509187 -0.283000845936 5.98230054102e-15)
(0.150195929036 0.323606251469 0)
(0.305301866945 -0.0195871085845 -4.33387384335e-15)
(0.0719016079993 -0.143385398523 0)
(-0.0424095952028 -0.0362701114539 3.78199989076e-27)
(-0.0624894991647 0.191345212052 0)
(-0.334931579344 0.15589004912 0)
(-0.346567134519 -0.209240325746 1.66096410521e-17)
(-0.0895569071071 -0.165333923885 -6.79983059007e-21)
(0.234529422044 0.205487253436 1.07871402853e-15)
(-0.153678747581 -0.182759832129 -3.10011324483e-15)
(0.155822029314 0.339826155526 0)
(-0.161728708171 0.330265058638 -6.22648339253e-16)
(0.222934613487 -0.0240078250068 8.35035339381e-17)
(-0.350406408701 -0.00879575039767 2.10739375405e-15)
(0.167025578653 0.248901672579 0)
(0.0505317784835 -0.14813102239 3.7555257685e-15)
(0.352997491978 0.133136386975 -6.26080915224e-16)
(0.0875376619008 -0.202788133177 0)
(-0.0600167813904 0.394372781293 -1.02476915429e-27)
(0.244165394664 0.0879930576819 1.52248768929e-15)
(0.193140128432 -0.0271715899898 0)
(-0.330649729506 -0.0429541839459 -2.06859312483e-15)
(-0.0738664218975 0.213104688077 -5.4028308344e-27)
(0.138400958433 0.332476162906 2.9524813422e-27)
(-0.0771889787983 -0.112921223983 5.0298066327e-17)
(0.181441004925 -0.012188374252 0)
(0.167620472822 0.232765948197 0)
(0.0353563368913 -0.271989703451 2.86483243373e-15)
(-0.306678642932 0.033223800377 -1.23345130198e-15)
(0.00518393011489 0.121072942952 0)
(-0.234401451847 -0.113609974026 2.73213432309e-15)
(-0.254281577913 -0.155307316531 0)
(-0.108695641841 0.205717472581 0)
(-0.305817186886 -0.237543320927 1.37067555876e-15)
(-0.366681601155 -0.0731726709101 -1.21261456986e-15)
(-0.13233886449 0.205659925176 0)
(-0.0441722088599 -0.235916202483 1.64310230026e-18)
(0.159567321466 -0.173256509998 0)
(0.269626934378 -0.0233809286696 0)
(-0.0854209847878 0.20581096954 0)
(-0.0521996103437 -0.21092895733 -7.10853461006e-15)
(-0.0050172936656 0.365196374639 0)
(0.159791832318 0.327577059504 0)
(-0.331567948571 -0.237644112692 0)
(0.302116997653 -0.0300892302301 -5.57868507196e-18)
(0.0826408318387 -0.219570334028 2.90754048483e-15)
(-0.249615722582 -0.0496674774904 -1.13184644585e-16)
(-0.348609869765 -0.0491633892581 0)
(0.0623902614336 -0.138772287071 -3.7555257685e-15)
(0.212829402099 0.12490758637 0)
(-0.120871002864 0.12670122734 -2.81854885223e-17)
(-0.349916735861 -0.0216997353687 9.30941152402e-16)
(0.224727909981 -0.0135423159771 -6.68165872778e-15)
(0.383560134802 0.0809827942111 0)
(0.105634447569 0.32817404179 0)
(-0.0161573919204 -0.223701981577 1.74201103963e-15)
(-0.0969526903754 0.212988192225 -2.62490044385e-27)
(-0.3010110637 0.148593246224 -9.82105703033e-17)
(-0.0114252834604 -0.0542441527908 -4.20934451418e-15)
(0.00527604151075 0.162629460723 2.57861202483e-26)
(0.243726835613 0.0994151866416 1.46884574464e-15)
(-0.156754773018 0.235276173084 2.46243336254e-15)
(0.227813925229 0.117966916127 0)
(-0.142395164401 -0.159393025838 3.30850426542e-15)
(-0.0145519377038 -0.206514773219 -5.44706909849e-15)
(-0.0544693042547 -0.0701900671569 0)
(0.0944122301692 0.336826334731 0)
(-0.201244741075 0.253366415495 2.65312341672e-16)
(-0.333902363311 0.145427781229 2.8116391086e-16)
(0.197828428422 0.144928126423 -1.38317874171e-18)
(-0.139032586887 0.317393529619 0)
(-0.266900841925 -0.162988416381 0)
(0.11681060661 0.335338657269 1.85330603537e-15)
(-0.153643782561 -0.167334889544 -3.13663954466e-15)
(0.317767989898 -0.0402444741212 2.19449668598e-15)
(0.222747900861 0.184516902346 2.44868596234e-15)
(0.0820643163037 0.362227612542 1.84932954609e-15)
(0.165182221008 -0.0303336506362 0)
(0.319605258601 -0.0320344210248 0)
(-0.369149722429 -0.000188578684073 7.07499155834e-16)
(-0.385879236631 -0.0506989000717 1.57795302235e-15)
(-0.318854905268 -0.210596655007 1.39104550686e-15)
(-0.354721559956 0.133115215412 -2.9254095135e-16)
(-0.328894634191 -0.132676510822 -8.10503232511e-16)
(0.116331249852 -0.0893583780563 7.10632598073e-21)
(0.187742540694 0.315895499315 0)
(0.105112575702 -0.247594916911 -2.01155853187e-15)
(-0.204467890143 -0.423170853236 0)
(-0.3420756392 0.210366037708 0)
(0.397071939552 0.0622886418261 0)
(-0.283500713934 -0.188946344228 -8.61820125533e-16)
(-0.210227095016 -0.14396748325 2.7453737493e-15)
(0.195011472384 -0.0162592133417 3.46397413105e-15)
(-0.0624639736029 0.205899395167 -3.1008223575e-15)
(0.176444485515 0.324728566037 1.75136631919e-27)
(0.0849533083032 0.183217910437 -2.96893125631e-27)
(-0.153222097641 -0.136932670711 0)
(-0.321848547545 0.0277375638212 2.169543985e-15)
(0.132583059645 -0.0687611687888 0)
(0.344916268824 0.134092066056 1.83162225378e-15)
(-0.194290487091 -0.427590828438 0)
(0.317027423254 0.159125838047 0)
(0.182746349734 0.179543115761 -2.72706019304e-15)
(0.241965300371 0.123476254984 1.35989075515e-15)
(0.370044728337 0.0702448125246 5.63451660924e-17)
(0.00584247152984 0.356311552609 -7.62689816363e-27)
(-0.304561867838 0.00737386615782 0)
(0.00479642606839 0.0812451775265 -1.44937916555e-26)
(0.193639404387 0.193472788396 3.52294767654e-17)
(-0.0528776712101 -0.227909067066 0)
(-0.285863415495 -0.206610972399 -1.71628035686e-15)
(0.00518958328149 0.205914656799 0)
(0.200381012235 0.276508306922 5.7769273497e-28)
(-0.141529175475 0.356523552584 0)
(0.398927771543 0.0594417400801 2.34695840675e-15)
(0.192813751033 0.286520930735 0)
(0.0918917851487 -0.243552520268 1.34175001028e-15)
(0.0850584262418 -0.240881121602 -1.33136375318e-15)
(0.188173492361 0.308191401908 0)
(0.0932659068256 0.353825578202 0)
(-0.14218671052 -0.144322343045 0)
(0.148883665839 -0.0491469574763 0)
(-0.303946417012 -0.218904217044 -1.38843748544e-15)
(0.11897527648 -0.0767160103552 -7.10632711471e-21)
(0.0972157667113 0.148244832359 3.44881923489e-15)
(0.0163121470969 0.213208549933 0)
(-0.202444223954 -0.391914554547 0)
(0.153435923239 -0.087909029335 1.05086274403e-19)
(-0.101077399188 -0.205544441961 0)
(-0.18718069346 -0.159510097684 -2.845890484e-15)
(-0.207283346438 -0.203557053698 0)
(0.241169430023 0.135771517239 1.28456560918e-15)
(-0.223850250676 0.311316666464 0)
(-0.335189862623 -0.00282261554298 -2.00491202954e-15)
(0.0751285000125 -0.0588623492296 8.04532058569e-15)
(-0.187420513077 -0.144600370157 2.95762401965e-15)
(0.186535289976 -0.0600751136457 0)
(0.104030169491 -0.210522368686 1.37383514573e-15)
(0.335936929046 0.14538238093 -1.06364628167e-15)
(0.281884510705 -0.0459723240286 1.41181948376e-15)
(0.178177188341 -0.0341534563376 0)
(-0.331872145555 -0.168745696887 1.42149363128e-15)
(-0.331982136977 0.220372767672 -1.33047602314e-15)
(0.0671887314032 -0.0287294370027 0)
(0.209596205187 0.178077494685 -2.44948895668e-15)
(-0.321028108697 0.0148728782282 -2.18442379109e-18)
(0.112239249383 -0.213071336883 -4.01978613148e-15)
(0.15100392471 -0.0374699521564 0)
(0.0906470639765 -0.223434903227 -2.92245885852e-15)
(0.108812670849 0.37195362806 -9.45877273277e-27)
(0.00397943794072 0.0426089926289 0)
(-0.164689342377 -0.159685206518 3.13663954466e-15)
(0.105449688387 -0.229373285371 0)
(-0.0821758603748 -0.238446509552 6.54444885185e-15)
(0.097090151993 0.16193790174 3.31455501391e-15)
(-0.336516671207 0.00939955431722 -8.24220855391e-18)
(0.0851115790129 0.1691312975 -3.31455501391e-15)
(0.212293824095 0.137523087649 0)
(-0.164626063779 -0.144648355557 3.15384680439e-15)
(0.183318865715 0.165700456204 5.68320241472e-15)
(-0.317463019238 -0.0117222101436 0)
(-0.19767612178 -0.181766189362 2.61277692035e-15)
(0.249194775684 0.196083566789 2.03176856106e-18)
(0.0658377005801 -0.0413240110664 -4.07552918928e-15)
(-0.175874324856 -0.167370236115 0)
(-0.303863846961 -0.00585833970024 0)
(-0.238229362512 0.276204372638 -4.92801823124e-28)
(0.145994781505 0.314863079208 6.4960551639e-16)
(-0.0510046614619 0.228033816666 0)
(-0.147548935753 0.315295221289 -3.41868386001e-16)
(-0.0658766712177 -0.0912956979635 -3.9690225904e-15)
(-0.144804772431 0.166517159503 -3.20480572201e-17)
(0.149307656101 0.263782890316 0)
(-0.181423052679 -0.283438268526 1.00972119769e-15)
(-0.147747386085 0.35068973215 0)
(-0.267993914942 -0.117964905175 0)
(-0.175991682129 -0.137118844555 -3.15384680439e-15)
(-0.0913443487552 -0.213345908244 -6.27485916196e-21)
(-0.199015262518 -0.136838577662 -2.95762401965e-15)
(-0.156563744088 0.287536655416 2.72951374928e-16)
(-0.316603080007 -0.0247267933964 -1.13528178631e-15)
(-0.195960562145 -0.212215099595 2.57567485596e-15)
(-0.0442699340604 -0.0764016358162 0)
(0.181072829826 -0.0826740681 -4.0114291912e-19)
(-0.178139563911 0.276393862833 0)
(-0.123608949962 0.144175107034 -1.32663564381e-17)
(0.189138366102 -0.0488754456082 0)
(0.195434674292 0.186163398954 0)
(-0.0510816866537 0.213206253727 3.10082235751e-15)
(0.225653658587 0.143405731721 0)
(-0.300072224302 -0.0458605744799 -1.10381850448e-15)
(-0.281904949165 -0.109776251992 -1.06003750321e-15)
(-0.0987427274174 0.106115504587 0)
(-0.199884830773 0.325070387761 3.50078874862e-28)
(0.112708459742 -0.231196133141 -7.16357426223e-17)
(-0.080817227876 -0.20453293825 0)
(-0.209674527097 -0.158746227324 -2.49799705182e-27)
(-0.144256564553 0.293000270449 6.89170110733e-17)
(-0.213715136454 0.275436352003 0)
(-0.0538990600955 -0.0566729696598 3.64360213755e-17)
(0.22500640585 0.156546534712 0)
(-0.187493032396 0.268487288336 0)
(-0.284746434764 -0.0677440899973 -3.55071442096e-15)
(0.0968497968278 0.0703783419442 -3.45913461749e-27)
(0.0972254787849 0.0829087071199 3.45913461748e-27)
(0.171263987765 -0.0678978119612 0)
(-0.289120944796 -0.0135769496711 2.54522456845e-15)
(0.145527750161 0.160505839722 -3.03424305448e-15)
(-0.0916459015621 -0.230063176583 -6.27876624678e-17)
(-0.258298807492 -0.0974638961565 0)
(-0.198226955479 -0.166829223707 2.845890484e-15)
(-0.187515173263 0.333327190984 0)
(0.0647602745615 0.38776161158 0)
(-0.0719781121239 -0.22934913857 -6.64791038895e-15)
(0.260868675309 0.201085736907 -8.52810636497e-19)
(-0.168442622984 0.166349689076 0)
(-0.247227494189 -0.0914556993394 -2.70107772987e-15)
(0.0384204500382 0.275343903716 0)
(0.00259884146854 0.00447543632392 4.19175158935e-15)
(-0.14666998559 0.157243427817 6.04302638982e-17)
(-0.195123625895 -0.226935354986 -2.42090077048e-15)
(-0.285817979763 -0.0540024600639 -1.23534176606e-15)
(-0.0647063821859 -0.29159974819 -2.97707666987e-15)
(-0.0653173505614 -0.0774886627428 -4.02113775941e-15)
(-0.00631590471687 0.0875725013934 -2.8292443911e-26)
(-0.300828752475 -0.0323904363177 2.32785944194e-15)
(-0.00602876680575 0.127765127915 -2.66914652358e-26)
(-0.00697915501167 0.048627613472 0)
(0.0471831656383 0.394751981866 1.41045189638e-15)
(-0.234508288878 0.30116443251 0)
(0.147763139637 0.291530587632 0)
(-0.0545545180632 -0.282205047663 1.23590200934e-17)
(-0.00599775071379 0.169689446949 0)
(0.247349171914 -0.0506880391838 4.55305154438e-15)
(-0.0612700626441 -0.203293786479 7.03275591229e-15)
(0.161274431754 -0.052860654957 0)
(0.283962555976 -0.0373091002386 -2.96667293343e-15)
(0.250394382457 -0.0405977385982 0)
(-0.199351905364 0.312139720166 0)
(-0.00814403191197 0.0102534778038 -4.19175158932e-15)
(-0.288147939308 -0.0269922619781 -1.19625511699e-15)
(0.0561905597884 0.395788826327 -1.41045189638e-15)
(0.0387628249387 0.213033876777 1.11639637733e-26)
(-0.00607415223749 0.213278270676 0)
(-0.271724692242 -0.0755157306626 4.94461624873e-15)
(-0.0629702598608 -0.23732135924 3.34913572053e-15)
(-0.182467451447 -0.302461533806 1.57794390436e-17)
(-0.274835283327 -0.0343124771078 -2.63598540033e-15)
(-0.184907530411 0.297658642775 0)
(-0.0737886053759 0.227832972799 5.4028308344e-27)
(0.132784690464 0.167891893594 0)
(-0.0622936727802 0.235375855244 0)
(0.0612323460126 -0.0795290538429 -1.47070622772e-26)
(0.158740683034 -0.0645278498868 0)
(-0.0852086332984 0.23515733603 0)
(0.00508084724268 0.235729297622 -3.01116592889e-15)
(-0.0969040293042 0.227642087371 2.62490044386e-27)
(-0.042974796002 -0.049548938513 -8.29652452208e-15)
(-0.108507547742 0.234974634809 -4.83635407777e-27)
(0.0629899723989 -0.0664545841286 -8.12826407627e-15)
(-0.257347553414 -0.111922750271 0)
(-0.0713993569863 -0.212317568228 -3.49564332324e-15)
(0.263051016467 -0.0534610493583 -2.99778111663e-15)
(-0.0634436302982 -0.254956608257 0)
(0.157077083366 0.280778472884 6.54719308567e-20)
(0.175959939252 -0.0454291623267 0)
(-0.31715624792 -0.191964144666 -6.94119777103e-16)
(-0.274036674503 -0.0482357162992 1.23571154237e-15)
(-0.101967364786 0.113598798622 0)
(-0.29530689963 -0.116845698585 -9.16239407386e-16)
(0.121811598652 0.0832658806102 -3.36905552392e-27)
(0.196739101541 -0.0743724695779 0)
(0.216111676373 -0.0553944177481 0)
(-0.261337272986 -0.0557132204302 -2.71200661069e-15)
(-0.0232869705381 -0.0750306615504 0)
(0.168275695756 -0.0795635219239 0)
(-0.168279798821 0.177853893537 -1.4346084776e-16)
(-0.0637957219737 -0.310073586382 -1.21486045654e-15)
(0.109416884903 0.0893534188751 0)
(-0.2298455736 0.287546351911 0)
(-0.270711847141 -0.0897590329715 0)
(0.048656405349 0.386013376834 0)
(0.0274099732393 0.283828852389 0)
(-0.29934731015 -0.181281555259 8.61496723861e-16)
(-0.311431168732 -0.141327494289 0)
(-0.26044106427 -0.0696595407944 -2.53647099402e-15)
(-0.24813400018 -0.07732221375 0)
(0.0273451101113 0.251092835745 0)
(-0.282424352396 -0.0956316401594 4.37232858876e-18)
(-0.29609458161 -0.131919037304 0)
(-0.297841754574 -0.164916099922 1.72673848721e-15)
(0.103331121803 0.359333469491 0)
(0.267563660482 -0.0331270061575 2.96700297595e-15)
(-0.313084582912 -0.157529556663 -1.7566618228e-15)
(-0.00765198546526 0.0231407660833 4.14404977839e-15)
(-0.00667556339516 0.0615974898123 0)
(-0.00921587743124 -0.015225806573 -4.20736991717e-15)
(-0.00616210557533 0.100867194316 -3.83366732741e-15)
(-0.26767061319 -0.132586200014 0)
(-0.00989801582759 -0.0282300499651 -4.22080451987e-15)
(-0.00597809096514 0.141599508384 3.60289343297e-15)
(-0.0209779209179 -0.035219626043 0)
(0.199901888973 -0.063196000662 0)
(-0.281297939523 -0.155297100483 0)
(-0.00599237530137 0.184105678452 -3.33221893823e-15)
(0.155507246975 0.31077262324 -6.49593479355e-16)
(0.260101583892 -0.0625551190682 0)
(-0.0333902212864 -0.06903634008 0)
(-0.0216859775423 -0.0484166481828 0)
(-0.280677324378 -0.140285646916 0)
(0.1322407864 0.335258805457 0)
(0.297208916409 -0.0487286760522 -1.41179941937e-15)
(-0.00605065267535 0.228191106511 0)
(0.0276391728214 0.205778780316 0)
(0.143864860459 0.328849136817 0)
(-0.137342729221 0.135204180607 3.36630740537e-18)
(0.0386918504318 0.22794584977 -1.11639637733e-26)
(0.0681462724338 0.38334157389 -1.58890275079e-15)
(-0.0326683663569 -0.0555886202524 4.16242270845e-15)
(0.114983520776 0.351214966722 6.42659520202e-27)
(0.138107975818 0.356377088549 -9.49016945479e-27)
(0.0273809583563 0.235658437932 0)
(0.0432922104188 0.39629883853 1.20954690074e-15)
(0.0733518010458 0.390924018798 0)
(0.0903797966519 0.380719947406 0)
(0.0273683740119 0.301344798397 0)
(0.0532254798945 0.386670412961 0)
(-0.118884333974 0.116325984654 -3.18578220481e-18)
(0.0852057809536 0.384136082894 0)
(0.0274862677038 0.356808890132 0)
(0.122225565611 0.355219843515 9.58827272159e-16)
(0.0167955217828 0.365054177232 0)
(0.0268137368364 0.387808390467 1.73598865111e-15)
(0.0662841517144 0.394888309483 -1.37589628001e-27)
(0.0169220135503 0.381973386059 -1.7359886511e-15)
(0.143905802113 0.348069839306 9.49016945482e-27)
(0.0891584959618 0.37824493432 -1.54830650557e-15)
(0.0795319262304 0.376449254232 3.13720925639e-15)
(0.035634954134 0.399906199466 0)
(0.0256586174539 0.399636364058 -1.16800151114e-26)
(0.123837623799 0.354580802035 -1.54276087721e-15)
(0.275396501163 -0.0656778960553 -2.2861625025e-17)
(0.120595006587 0.365413188518 1.06650156901e-26)
(0.292881311063 -0.057007534882 0)
(0.0311033835819 0.400157101664 0)
(0.134069715681 0.34854501031 -9.58827272156e-16)
(0.100930291181 0.372092966654 0)
(0.126031314566 0.363269247191 -8.51526777786e-27)
(0.120254784213 0.367885102286 8.51526777787e-27)
(0.135545728892 0.346980622014 1.5427608772e-15)
(0.15478767167 0.343937577532 0)
(0.15545264794 0.334393775546 0)
(0.167251864301 0.325704846342 -1.75136631922e-27)
(0.16618497565 0.315049617379 -2.1015016221e-20)
(0.180098771433 0.283705762999 0)
(0.172101331317 0.292075578106 -6.5462759181e-20)
(0.176712081389 0.307648649534 0)
(0.142734528877 0.350521972285 1.82511250213e-27)
(0.19832406092 0.250249154896 1.61893101518e-16)
(0.215206407819 0.250427147126 0)
(0.277397609545 -0.104538544578 0)
(-0.416246935075 0.00526679624311 0)
(-0.335265946941 -0.224755184381 0)
(0.210284675176 0.20863711483 -1.88312802488e-16)
(-0.385127628907 0.12568194577 -1.20089053367e-15)
(-0.0385532519555 -0.33489923564 1.83494334645e-15)
(-0.0180292994015 -0.373037092112 0)
(0.0410631635939 -0.326200211679 0)
(-0.399948770331 0.0061513564578 1.18469722382e-15)
(0.247682149071 -0.0929943368104 9.31692245261e-17)
(0.270152839877 -0.0758220731101 2.35886549352e-17)
(0.345145166723 0.135692835605 -9.4479121078e-16)
(-0.36943488531 0.14869215813 0)
(0.033781943442 -0.114218819316 -7.89489610985e-17)
(0.116035804067 -0.122165672485 0)
(-0.0566676085207 0.0517651661079 -9.36927603285e-18)
(0.0894886319338 0.140820388258 2.222333111e-18)
(-0.102113307229 -0.10099007194 -1.4461548892e-16)
(-0.090087196256 0.0875688590325 0)
(0.310357461375 0.0350108302782 -1.33537563442e-15)
(0.313750708871 -0.0683701401903 0)
(-0.289254864925 -0.266766341421 -1.09917769001e-16)
(-0.361536547044 -0.168428860535 -4.44053481561e-16)
(-0.348323780124 -0.142378920903 7.04438894558e-16)
(0.387844611383 -0.0158573712502 0)
(-0.41807828573 -0.0493372119122 0)
(-0.386591356848 0.136600249967 1.27831837268e-15)
(0.243742180381 0.179569357257 0)
(-0.34529049411 -0.110400567746 8.21047954926e-16)
(-0.364924356166 -0.0874405320147 0)
(-0.266949859077 -0.221987240924 -9.50045569313e-19)
(0.344157477274 -0.0565202738561 -4.06772878382e-17)
(-0.0380372886813 -0.318462547898 1.66778284193e-15)
(-0.137259519585 -0.337117236969 -5.77302780959e-16)
(-0.122562750229 -0.333794393701 -6.57277222049e-16)
(-0.148402361538 -0.410503637771 -1.94192717568e-15)
(-0.165563305818 -0.341940387918 -1.50521899469e-15)
(-0.0771742560415 -0.339150164127 0)
(-0.123886581573 -0.401965827934 -1.5480454271e-15)
(-0.167952818744 -0.419632559332 0)
(-0.0722548481455 -0.383914719643 6.24756944919e-16)
(-0.0321230643195 -0.386417671455 2.42414358267e-15)
(-0.258729212736 -0.342839695442 3.54966150443e-17)
(-0.220468393824 -0.330198538847 1.57750688332e-16)
(-0.0206032742601 -0.387960177239 0)
(-0.256772661176 -0.288550012753 0)
(-0.211919402956 -0.368525590122 -1.68640646028e-16)
(-0.242013620381 -0.355052381087 0)
(-0.181847259014 -0.24219860309 6.42446017108e-17)
(-0.149598552774 -0.176155440983 -8.90420748658e-17)
(0.0190673372756 -0.352909597135 0)
(0.00328787101214 -0.282976875137 1.70441349919e-15)
(0.0187332675698 -0.276613882155 -9.15774511876e-16)
(0.0107421559418 -0.326115047573 -2.40560365856e-15)
(0.031021172228 -0.33351067226 -2.13451628627e-15)
(0.0699062057826 -0.298133305292 0)
(0.0715680533545 -0.276551757989 4.80774876377e-17)
(0.0915053011262 -0.260721880318 0)
(-0.0532272683448 -0.319888145975 -6.93452419865e-16)
(-0.327214772094 0.196300943533 6.84631478352e-16)
(0.310771915175 0.0557180355521 0)
(0.303935779697 -0.087643077459 -1.27701614013e-15)
(0.301798394034 0.130533935898 0)
(0.347817198143 0.0317811202045 1.35360135197e-15)
(0.324966373313 -0.00543460754356 -2.50968569571e-15)
(0.30788270897 0.00687271547307 0)
(0.221007392016 -0.135222330027 6.4967572356e-16)
(-0.349724803787 0.161926873344 0)
(0.332434185671 0.150669142135 1.50380326485e-15)
(0.250832780381 -0.0849724753372 0)
(-0.346248151516 -0.226538815547 3.42665771903e-16)
(-0.329462244873 -0.252882632083 2.34081737313e-16)
(0.251140011226 -0.0845458765519 -1.63446100972e-15)
(-0.279611941771 0.174605434468 1.88408681791e-16)
(-0.240120395042 0.170577113805 1.04237956684e-16)
(0.255567561643 -0.101188314498 7.02298218063e-16)
(0.35691820173 0.0920365994815 0)
(0.35996015421 0.0756219969873 3.5963927254e-15)
(-0.0412517427009 -0.34289159687 -5.01342558879e-16)
(-0.0217824843734 -0.365489149326 4.73010501685e-16)
(0.0396961517624 -0.327944732859 -4.03801114035e-16)
(0.273686066412 0.169799238557 4.22953878976e-16)
(0.397993547432 -0.0095662144473 0)
(-0.421409419086 -0.0498200838803 4.94670647128e-16)
(-0.359625919948 0.0897496346258 9.76020230458e-16)
(0.34029978584 0.128728216241 0)
(-0.384874389242 0.149402228715 0)
(0.0664541312619 -0.144049868245 7.89179468031e-17)
(-0.122914101087 -0.128751098302 0)
(0.117903593276 0.16231449818 -2.31077421238e-18)
(-0.0725753040933 0.0724583859156 1.34482727388e-18)
(-0.354978913343 -0.203115373044 0)
(0.31017546945 0.0258917030761 -2.83164984036e-15)
(-0.288951337364 -0.235568786969 5.49150517649e-17)
(-0.361121444301 0.11329264797 1.00257179661e-15)
(-0.385633917826 -0.0154180024591 2.07584155108e-15)
(0.293824960702 0.194101857431 7.88841763882e-16)
(0.22089800396 -0.143966936682 0)
(-0.303640493 -0.265496358817 -4.67492280806e-16)
(0.264781304351 -0.114963969645 9.02587688373e-17)
(0.236267340045 0.235565692998 0)
(-0.418066653155 0.0581818084028 0)
(0.241844798567 -0.0796575229989 -4.38274079347e-16)
(0.22271685412 -0.087867918592 1.36205887095e-16)
(0.165976354846 0.225257983079 3.27641996505e-16)
(-0.13881428649 0.127273555294 0)
(-0.387763841882 0.0211426108044 -9.8742559875e-16)
(0.245525634488 -0.0716628300612 0)
(0.291423243532 -0.0700140130128 0)
(-0.176803356174 0.134128063367 5.30879267063e-17)
(0.31030152561 0.170975909875 -1.21419659418e-15)
(-0.315579424182 0.167052297994 -1.23968169999e-16)
(-0.349511508991 -0.158339490751 -1.28450052501e-15)
(0.378719423678 -0.0231598740308 -1.18792014556e-15)
(-0.411624692813 -0.082616222202 0)
(-0.343974264874 0.117400572788 -1.00736097873e-15)
(-0.341606855078 0.0867406626951 -2.50181920234e-15)
(-0.355681596538 0.0664976952949 0)
(0.212869691604 -0.155567487813 -6.00831141081e-17)
(0.0755808871109 0.126755028687 3.22156163929e-17)
(-0.064006996256 -0.0809098034907 6.81521732806e-17)
(-0.0717526420113 -0.075864705171 0)
(0.0677774120219 0.1352961174 0)
(0.175844738437 -0.0269457345884 7.67264585641e-17)
(0.161929591595 -0.0453105404792 -6.83680384329e-17)
(-0.033118737113 0.0367087044798 2.62864264744e-18)
(-0.0350986044154 0.0365865288485 -4.72633666475e-18)
(-0.308838107687 -0.253718119929 2.15894049029e-16)
(-0.379066475701 -0.152521449893 -1.38166848475e-16)
(-0.418248266308 -0.00712963421997 -7.53084627853e-16)
(-0.0553889226541 -0.364902971706 9.15828552058e-17)
(0.0687832708765 -0.246221588005 1.07678580577e-15)
(0.0731888993835 -0.283065871892 0)
(0.0338556802081 -0.28925273084 -1.50005967083e-15)
(0.104326145431 -0.259750842321 2.86212655939e-15)
(0.234129335461 0.186793211879 0)
(-0.345283588953 -0.0948405014553 -1.82106756128e-15)
(0.35705102047 -0.0457979662472 0)
(-0.371662771044 -0.159686573128 -4.87597233929e-18)
(-0.223786727844 -0.352936132434 3.90802044623e-16)
(-0.204345485874 -0.343228775902 1.64219804144e-15)
(-0.131379372455 -0.325497948887 1.14124241235e-17)
(-0.163959385901 -0.427242120286 0)
(-0.0935632966201 -0.408647283703 0)
(-0.116602158608 -0.41305654046 0)
(-0.0995999666988 -0.397881253754 0)
(-0.174957232515 -0.332467749042 1.86734402955e-15)
(-0.0720479302216 -0.334321959519 1.53333639099e-15)
(-0.0465179102011 -0.309608698432 1.46822977434e-15)
(-0.20714524968 -0.331746510507 -1.57750688332e-16)
(-0.196512740188 -0.34880134065 -1.67500560354e-15)
(-0.268054993922 -0.321793711285 1.18061587047e-16)
(-0.270885019766 -0.333661698857 0)
(-0.233956395092 -0.344596008955 0)
(-0.277861733562 -0.309857333263 -1.06150686675e-17)
(-0.148141177587 -0.193893879105 1.01410348526e-16)
(-0.0281839255501 -0.401410290169 -2.70795036199e-15)
(0.0115205230459 -0.268024769625 1.95568434544e-15)
(0.0139134236727 -0.333349848775 1.79811623526e-15)
(0.0198200442546 -0.353176992332 0)
(0.0699019805146 -0.296031263225 0)
(0.0855613512773 -0.258553287967 -1.50051470372e-15)
(0.103548524222 -0.243548052045 -8.38692940641e-16)
(0.310034081934 0.064081670528 1.39852879124e-15)
(0.30926335633 -0.0920247030507 2.35017010212e-15)
(0.340791234712 0.0220505627291 -3.18642333756e-15)
(0.304042763432 0.119290114842 -2.53261871367e-15)
(-0.352379429197 -0.174378528764 1.60741977311e-16)
(0.325333811674 0.0409919237548 2.00922536059e-15)
(-0.398564577918 0.0699427017436 -2.1384676575e-15)
(0.323542438509 0.019239390335 4.76096017886e-15)
(-0.231656600034 -0.245956473043 -1.23653922356e-17)
(0.306830258292 -0.00272496022697 0)
(-0.0137651730672 -0.338105224619 0)
(-0.0385145994871 -0.360800683639 4.84475355454e-16)
(-0.0194589573268 -0.346619819286 1.41042598141e-15)
(-0.00958654119671 -0.318322100365 -9.17399033425e-16)
(0.0535929463011 -0.311301860221 4.13261480809e-15)
(0.0244012511693 -0.338696505732 -4.15233786044e-16)
(0.144946255536 -0.196769095146 7.68412707956e-17)
(0.12909250925 -0.212964915259 0)
(0.16642649333 -0.184395939392 -7.38890622099e-16)
(0.183081844095 -0.16725553276 6.53359190558e-16)
(-0.337242313252 -0.24222559846 -3.41890611897e-16)
(0.110923546314 -0.221923748591 0)
(0.0282175705431 -0.321706315335 -1.35852726424e-15)
(-0.247115499385 0.158721369319 -1.14699435368e-16)
(-0.382596292395 0.147400642434 -8.11618946383e-16)
(0.370578321026 0.082267084394 0)
(0.309006595475 0.145758804643 3.02253818352e-15)
(-0.370611562464 0.169021868509 -1.51165087545e-15)
(0.289894047194 0.17396610237 0)
(-0.260196025292 -0.245989095733 1.39023187948e-16)
(-0.0628189750785 -0.354793061282 9.72171707308e-17)
(0.0750612647139 -0.270231703454 -4.18701052848e-16)
(0.0251209383033 -0.302268584868 0)
(0.0760846413946 -0.25778227505 -1.14220763934e-15)
(0.0931658327236 -0.273422411967 -2.18473708145e-15)
(0.253979012021 -0.123910883323 -9.37501462232e-16)
(-0.37988509361 -0.148517385119 6.31105846724e-16)
(0.393419741254 0.00153665638328 3.37303236829e-16)
(-0.414540916151 -0.0335220566475 -5.13773656372e-16)
(-0.366179989241 -0.192036714819 4.40710239651e-16)
(0.294377220154 -0.0986204389191 -2.27921939951e-15)
(0.342197522153 0.0378338407465 3.21752587603e-15)
(-0.230120690209 0.178114327908 2.78330168316e-16)
(-0.303753378213 0.177489456118 -3.66244127737e-16)
(-0.359683970756 -0.134685476725 0)
(-0.386867965603 -0.00369530992259 -1.87098785492e-15)
(0.321218467334 0.144893460716 -1.74930088088e-15)
(-0.374470134597 0.166415694263 0)
(0.305325877535 0.186243258075 1.94889381146e-16)
(-0.346877601701 0.193040376659 0)
(-0.39595211826 0.0581334691203 0)
(-0.207202611455 0.171711736011 5.39847297958e-17)
(-0.361077316479 -0.118701523942 -1.00154223181e-15)
(0.31524051814 0.161081624617 0)
(-0.36256226653 0.180140733278 5.76964059005e-16)
(-0.250090852092 -0.223943859316 -1.01412960472e-18)
(-0.06292553272 -0.344721210064 -1.91286964818e-15)
(0.0211896603619 -0.318500979341 0)
(0.101345181112 -0.238280663383 0)
(0.0952227737442 -0.260211022897 1.24115101928e-15)
(0.0803046498303 -0.282590092279 -1.05056388943e-15)
(0.217298176154 0.238812770094 0)
(-0.410382201813 0.0686253593432 2.29235142507e-16)
(0.253484765368 -0.0730863198071 0)
(-0.167092895253 0.144850727359 -4.53183585899e-17)
(0.187829295434 0.236082895148 -4.41962520188e-16)
(0.296035236118 -0.0962340238362 1.30231024142e-15)
(-0.390325630352 0.0333638211023 0)
(0.28403351628 -0.0566887862546 0)
(0.323923188871 0.049694839498 -4.71281556633e-16)
(0.287236954969 -0.0891984253684 1.48281998325e-15)
(-0.213930481309 0.156326748791 -7.80776805627e-17)
(-0.375831279889 -0.136093236075 0)
(-0.371764563391 0.128949858346 0)
(0.313639664577 0.13476903242 1.39194396404e-15)
(0.325259346572 0.152698593751 1.18794980816e-15)
(-0.370186180767 0.169525001357 -6.20260977178e-16)
(0.107323582327 -0.0635194686598 8.22461787317e-17)
(-0.0524538737731 0.0512933928695 1.51144246925e-17)
(0.0815835741855 0.150616634698 0)
(-0.0957345923678 -0.0987900771022 2.05373956806e-16)
(0.304741506071 -0.0613623496084 0)
(-0.344688053517 0.132085798088 1.12922503941e-15)
(-0.400700830475 0.017946517255 1.78976707645e-15)
(-0.338397131975 0.0726397798011 3.32802860664e-16)
(0.322781659265 0.0111662545814 0)
(0.198813117442 -0.166653111361 -1.00748000868e-17)
(-0.373328898557 -0.113747256774 -8.92053914495e-16)
(-0.0875329892484 -0.104727064689 -1.34047938216e-16)
(0.0917462219501 0.148095283292 -1.05749133782e-16)
(0.177329395082 -0.0377078150503 -8.30972037655e-17)
(-0.0491415090032 0.0497427067418 -3.42591034209e-18)
(-0.330385803989 -0.251257080811 -5.0931473066e-17)
(0.244466301096 -0.129190574879 1.191468005e-15)
(0.259012643032 -0.0963329461548 -1.76490290574e-15)
(0.088799806149 -0.221809717746 0)
(-0.0510454335147 -0.35966180816 0)
(0.0400014121056 -0.293635555539 2.49634064065e-17)
(0.0736723980574 -0.280549828798 -1.8341839281e-15)
(0.109418041101 -0.257212853794 -1.07453374358e-15)
(0.103612733666 -0.21672875033 0)
(0.0342649345814 -0.311204269921 3.11972381522e-15)
(0.279094395533 -0.0852661507624 -1.84099707857e-15)
(0.329972979673 -0.0601940856648 5.25464110679e-17)
(-0.360302281747 0.136788766738 -1.05709590878e-15)
(0.117735565136 -0.195948754966 0)
(0.161375042838 -0.163330407485 3.39182386431e-16)
(0.138870389132 -0.182722932389 0)
(0.201116320522 -0.139715203887 0)
(0.182533819102 -0.158029873801 -3.23645469326e-16)
(-0.0121803490525 -0.363075524569 -4.65013628434e-16)
(0.0530702644663 -0.313906833226 -2.66264108306e-15)
(-0.0103103071637 -0.344978416541 1.52135447954e-15)
(-0.003059333962 -0.332697093165 2.91909534452e-15)
(-0.0303776275659 -0.344511062139 -9.99459349128e-16)
(0.0388982832732 -0.316511481847 2.68804715246e-15)
(0.336369420821 0.145127538318 1.02256701818e-15)
(-0.362089201472 0.158037206017 0)
(-0.302888745773 -0.226586110117 -1.04246820212e-16)
(0.35047359094 0.0147730441485 -2.06561631128e-15)
(0.351039458145 0.0440157381843 1.91739705859e-15)
(-0.215737142277 -0.197692332663 0)
(-0.382560204705 -0.124672038223 0)
(-0.38297601082 -0.141191346126 0)
(-0.425619870893 0.0169292763713 0)
(0.141521118016 -0.0726031567358 0)
(-0.0610463784512 0.060390560425 -7.16661832005e-18)
(0.10475260855 0.15693423679 8.99227831614e-17)
(-0.110609277256 -0.114721989165 5.19802307851e-17)
(0.202684470084 -0.159147544904 -7.95722996071e-16)
(0.339311299129 0.0543178495374 1.90702039211e-18)
(0.321725774906 -0.0542847335138 1.80325255948e-15)
(0.327336077478 0.127161915441 -1.30657476271e-15)
(0.331851809582 0.1319066624 1.4094927337e-15)
(-0.380920006287 0.154521926912 0)
(0.337837625146 0.00819488562813 1.11097642122e-15)
(-0.231835722418 -0.238019510287 -2.99719623556e-17)
(-0.208456425829 -0.203615376881 2.70343629097e-17)
(-0.325258602987 -0.235605117925 -1.74062479062e-16)
(-0.415874630975 0.0244946903438 -5.77805866888e-16)
(-0.0343854787776 -0.426552558733 1.02774670902e-15)
(-0.0256327789331 -0.430960324884 -1.02774670902e-15)
(-0.188188986087 -0.284362007502 6.0726817779e-17)
(-0.187115921769 -0.300702196913 0)
(0.00184358902109 -0.398125416068 1.2363774047e-15)
(0.00624925232717 -0.389967644795 -1.2363774047e-15)
(-0.0788970629684 -0.0893660075605 -4.39865255688e-16)
(-0.0877355237011 -0.108568549547 4.4440410082e-16)
(-0.164231356405 -0.451849426176 0)
(-0.189634045535 -0.441991643104 0)
(-0.118297463433 -0.444415130812 -1.72995432628e-16)
(-0.141671617051 -0.440941083232 1.72995432628e-16)
(0.060531334749 -0.364145980549 0)
(0.0443810728482 -0.345537132755 -5.38879422377e-16)
(0.0144194437944 -0.290020123515 0)
(0.0234714318704 -0.327127252634 0)
(0.411072117552 0.0241020630365 9.77097594867e-16)
(0.407274156528 0.0139554202221 9.20817234164e-16)
(0.237547681482 0.157488115743 2.45484966958e-16)
(0.248336585119 0.155602927841 -2.12568063712e-17)
(0.37304219305 -0.0220823882856 -2.17138365962e-15)
(0.371264889163 -0.0403760302047 0)
(0.0932775712789 0.122031190501 -2.49027909289e-17)
(0.112950670831 0.13820163802 2.49027909289e-17)
(0.352701477259 0.109846376848 0)
(0.344867465635 0.124532240284 -1.03487030292e-15)
(0.375482445945 0.0846958931463 1.54773928242e-15)
(0.375933101668 0.0945946905464 -3.10298625624e-15)
(0.313150606123 -0.0438257661571 3.60438936826e-15)
(0.298255589929 -0.0335269567753 0)
(0.293021503887 -0.0184166280301 0)
(0.294227814754 -0.0758385700073 -1.51208469369e-15)
)
;

boundaryField
{
    bottomWall
    {
        type            noSlip;
    }
    leftWall
    {
        type            noSlip;
    }
    rightWall
    {
        type            noSlip;
    }
    movingTop
    {
        type            fixedValue;
        value           uniform (1 0 0);
    }
    front
    {
        type            empty;
    }
    back
    {
        type            empty;
    }
}


// ************************************************************************* //
