/*--------------------------------*- C++ -*----------------------------------*\
  =========                 |
  \\      /  F ield         | OpenFOAM: The Open Source CFD Toolbox
   \\    /   O peration     | Website:  https://openfoam.org
    \\  /    A nd           | Version:  14
     \\/     M anipulation  |
\*---------------------------------------------------------------------------*/
FoamFile
{
    format      ascii;
    class       labelList;
    note        "nPoints:35342  nCells:35100  nFaces:122970  nInternalFaces:52730";
    location    "constant/polyMesh";
    object      neighbour;
}
// * * * * * * * * * * * * * * * * * * * * * * * * * * * * * * * * * * * * * //


52730
(
1
2
3
2
3
4
4
201
295
12
20
31
32
13
21
36
37
15
22
41
42
14
18
46
47
12
19
29
30
11
16
24
25
19
26
27
232
235
20
34
35
22
44
45
21
39
40
17
23
200
205
7001
48
49
28
33
38
43
208
210
7196
211
213
33963
214
216
34660
217
219
7256
220
222
34200
224
227
6469
226
228
33859
230
233
6374
236
238
6312
240
243
34195
242
244
6918
245
247
26245
248
250
3932
252
255
4930
254
256
4921
258
261
5136
260
262
5624
263
265
3708
266
268
5781
269
271
8522
272
274
34766
275
277
3992
278
280
10842
282
285
6527
284
286
5922
287
289
34714
202
292
34706
51
52
52
53
54
53
54
203
34913
62
70
81
82
63
71
86
87
65
72
91
92
64
68
96
97
62
69
79
80
61
66
74
75
69
76
77
326
329
70
84
85
72
94
95
71
89
90
67
73
294
299
9846
98
99
78
83
88
93
302
304
8141
305
307
6951
308
310
34552
311
313
6188
314
316
25917
318
321
34539
320
322
14076
324
327
6375
330
332
34478
334
337
4709
336
338
6919
339
341
26336
342
344
3934
346
349
4931
348
350
34497
352
355
4732
354
356
6352
357
359
3709
360
362
3954
363
365
8524
366
368
34511
369
371
4479
372
374
10843
376
379
6395
378
380
34479
381
383
4910
296
386
34448
107
122
123
142
108
127
128
143
110
132
133
144
109
113
137
138
107
120
121
141
106
112
115
116
117
118
141
34944
34947
125
126
142
135
136
144
130
131
143
112
1760
34912
34917
114
139
140
7253
34920
34922
1059
34923
34925
6805
34926
34928
1103
34929
34931
33355
34932
34934
141
5060
34936
34939
1047
34938
34940
6964
34941
34943
1528
34948
34950
5874
34952
34955
142
6949
34954
34956
25712
34958
34961
3935
34960
34962
4954
34964
34967
31971
34966
34968
143
4243
34970
34973
6125
34972
34974
3746
34975
34977
4953
34978
34980
9382
34981
34983
144
33775
34984
34986
3657
34987
34989
14133
34990
34992
9533
34994
34997
33707
34996
34998
5158
34999
35001
4464
34914
35004
146
147
147
148
149
149
149
297
35007
157
172
173
192
158
177
178
193
160
182
183
194
159
163
187
188
157
170
171
191
156
162
165
166
167
168
191
35038
35041
175
176
192
185
186
194
180
181
193
162
7022
35006
35011
164
189
190
7080
35014
35016
33964
35017
35019
34661
35020
35022
34732
35023
35025
34199
35026
35028
191
5059
35030
35033
33860
35032
35034
6965
35035
35037
5153
35042
35044
3258
35046
35049
192
6950
35048
35050
25711
35052
35055
3933
35054
35056
4892
35058
35061
8872
35060
35062
193
5219
35064
35067
457
35066
35068
3745
35069
35071
7884
35072
35074
9381
35075
35077
194
34710
35078
35080
4497
35081
35083
14132
35084
35086
6961
35088
35091
4149
35090
35092
5056
35093
35095
34705
35008
35098
196
197
197
198
199
198
199
34915
35009
201
22183
34340
203
3603
34337
205
207
33920
9292
207
209
14880
34171
209
7872
7458
211
8359
33949
213
215
5859
6245
215
33853
18904
217
25310
6538
219
221
7360
7941
221
25563
24260
223
33901
225
14205
225
5157
5670
227
34656
4868
229
6092
231
7808
231
7352
6738
233
4347
4580
235
237
19461
4425
237
4633
4401
239
6299
241
517
241
33906
20356
243
18234
7293
245
4361
26119
247
249
25755
7299
249
34715
732
251
3359
253
4536
253
34683
10437
255
3631
34769
257
5514
259
4783
259
8991
6325
261
510
26276
263
27821
34768
265
267
7667
34685
267
9814
34236
269
4221
6915
271
273
27400
27034
273
27406
34690
275
6650
11591
277
279
13138
976
279
34695
3765
281
4069
283
8992
283
34778
7111
285
10207
34681
287
16803
10166
289
291
26512
5469
291
293
544
7132
293
6427
34724
295
33897
34341
297
3602
34335
299
301
7711
8352
301
303
34561
34563
303
13472
10496
305
6652
15127
307
309
7074
6341
309
8142
7915
311
9055
7326
313
315
17065
5596
315
21190
19380
317
5651
319
14206
319
5133
34541
321
34529
4869
323
6031
325
34522
325
34513
6739
327
4348
34504
329
331
18255
34492
331
4634
34483
333
6300
335
34475
335
34470
20357
337
34460
7205
339
34458
34456
341
343
25756
34469
343
34463
34471
345
3360
347
4594
347
2911
3786
349
3632
3975
351
34499
353
4784
353
8993
6326
355
5706
26277
357
27725
34512
359
361
7668
3635
361
9815
3821
363
4220
2940
365
367
27401
25583
367
27407
7071
369
34510
11593
371
373
13139
7123
373
34505
34494
375
34487
377
34488
377
4553
7112
379
10208
4246
381
34482
10167
383
385
26705
5468
385
387
34451
7327
387
6428
34449
393
843
34296
394
842
34295
415
872
24219
417
871
1005
403
941
4164
874
33910
873
33909
401
846
34299
512
522
10527
407
912
34300
413
926
7643
426
883
26957
530
537
33248
862
33893
432
570
14832
901
34289
521
527
7568
435
837
33974
434
546
34410
847
5968
424
831
34185
425
832
34186
452
893
28057
419
827
34212
544
548
7132
931
34288
416
861
33830
34234
34247
911
4112
34242
34250
501
909
3547
959
1009
516
574
9556
515
575
4807
454
818
34307
455
819
34306
953
34285
954
34284
34191
34253
514
913
27997
531
869
3471
532
868
3293
541
858
10734
542
859
15290
34175
34255
547
844
4032
16766
33899
33836
34239
554
822
26710
556
817
26468
562
821
22785
563
809
8686
524
800
34394
525
801
34393
518
797
5694
528
564
34569
730
771
4552
529
758
21967
526
569
34567
507
829
4672
555
776
25995
453
791
34403
545
792
34404
533
989
33843
33971
34260
881
7753
33837
34270
33838
34271
539
1010
33831
565
566
558
806
17321
576
733
34577
577
734
34578
812
814
927
463
637
34515
657
23616
465
654
23881
632
34495
467
23123
33883
634
34507
469
629
34489
669
22447
471
627
34447
27776
33889
473
631
34498
670
7320
475
674
24552
628
34485
477
624
34452
678
25703
479
583
34457
683
12820
481
690
7446
587
34467
483
688
9107
591
34464
485
582
34465
695
12090
487
605
34526
709
9335
489
610
34544
715
15628
491
716
15490
611
34546
493
33880
34562
727
22828
579
761
34608
568
857
12667
549
572
34616
573
766
34615
499
18566
34899
729
34570
786
834
925
33857
34262
513
808
34440
538
968
3120
520
914
7338
550
24717
34193
509
830
34427
23773
33900
511
34216
34258
860
34421
763
764
969
33862
33966
33984
877
34413
33903
34265
5535
34390
10706
34391
769
770
972
23969
778
810
23576
794
967
28884
34574
7845
34617
779
815
20309
33942
34243
33943
34244
934
34399
993
34624
940
34398
922
33851
33989
34201
33959
34241
33960
34240
33972
34301
833
918
6851
793
794
35077
543
26236
33836
33832
34379
824
34202
33976
34305
732
894
25755
33999
34237
34000
34238
764
34205
34678
34170
34235
33952
34882
34196
34233
809
34194
5681
34582
34286
34315
878
906
9672
790
34613
35008
566
578
34204
34224
34245
34591
35027
34222
34263
560
969
10901
34573
35080
892
903
24707
852
33935
823
824
10243
34217
34311
34218
34312
7625
34890
27827
34294
10913
900
905
3006
998
34273
4418
34891
1008
33847
850
915
17565
888
20353
887
7393
33992
34380
33991
34381
34207
34372
34208
34373
26841
33977
886
25823
585
684
34005
582
697
34028
34049
584
34017
685
34025
696
34046
587
686
34023
34024
591
682
34016
590
689
34040
691
34033
34043
596
693
34030
597
692
34027
595
698
34052
700
34062
699
34050
694
34045
599
703
34064
705
34088
601
706
34081
707
34095
603
701
34036
704
34085
605
708
34084
34100
607
713
34114
712
34111
609
710
34087
711
34119
747
34132
612
34133
34137
34605
717
735
34139
615
720
34143
34144
34606
721
736
34158
618
722
34145
724
34150
620
723
34146
34151
34607
725
737
34152
728
748
34160
675
759
34006
625
34009
676
34013
627
679
34031
34068
749
34053
630
34047
34063
34595
738
34066
750
34029
634
671
34072
34069
636
658
34074
663
34079
751
34083
639
660
34090
672
34131
641
668
34037
673
34117
643
662
34092
667
34112
646
661
34118
651
739
34076
664
34123
648
34098
34601
665
34116
652
752
34097
666
740
34127
652
34093
34101
753
34161
34598
655
34061
34077
34597
665
34082
34599
754
34094
659
34055
33886
34099
741
34106
662
34113
34126
755
34096
666
34108
34163
34124
668
34125
34130
671
34071
742
34073
34136
673
34080
34120
677
34039
676
34011
34015
34122
34596
756
34012
680
34026
33887
34059
702
34018
34593
743
34008
684
34022
34107
686
34020
34021
688
34010
34594
34038
690
34019
34034
692
34032
34044
694
34042
34058
744
34014
697
34048
34035
699
34041
34060
701
34054
34065
33881
34164
704
34057
34070
706
34078
34075
708
34089
34086
710
34110
34104
712
34121
34109
714
34091
33888
34115
716
34128
34135
718
34138
34142
34602
745
34134
34603
746
34141
722
34140
34147
724
34148
34149
726
34153
34154
34604
757
34156
729
34159
34157
34203
34376
841
851
27422
34369
885
16197
884
8663
34792
34841
34791
34842
34790
34843
34793
34832
34795
34838
34794
34840
34796
34839
34799
34834
34800
34833
34801
34835
34802
34844
34803
34845
34645
34813
34651
34812
34641
34814
34643
34817
34646
34818
34647
34820
34649
34819
34650
34821
34648
34822
34640
34823
34652
34824
34198
34386
34691
34745
939
964
21942
34192
34389
847
910
34731
26276
34396
5624
875
975
26139
776
34190
805
977
25459
870
16958
34581
959
20356
861
6299
33911
34423
807
997
10301
820
998
23360
862
904
34730
863
864
20592
34189
867
902
34728
992
33915
991
33917
873
923
34726
874
924
34727
879
33948
33964
880
33949
33963
884
33919
34172
885
33920
34171
835
23572
886
33906
34195
887
33902
34199
888
33901
34200
34339
34342
880
12426
879
25362
27614
34575
9381
882
899
34725
849
936
34182
34003
34417
835
838
34181
836
937
34180
880
19070
879
12931
890
895
34722
891
896
34723
828
854
34176
938
33972
34197
34411
955
33976
14963
34896
33985
915
34278
962
24853
33903
34176
34325
901
935
34720
854
27143
905
34280
826
34239
34619
34201
34429
885
10994
884
13301
929
34319
34314
34416
34219
34430
24360
34609
10352
931
942
34719
34180
34331
886
9053
24270
33971
34209
34443
25948
34898
888
10722
887
9679
892
34281
34181
34332
25707
23972
34175
863
34619
25973
34191
944
953
34717
876
954
34716
22249
34328
11897
34221
13545
34220
34310
34432
898
16380
34225
21933
34226
6086
852
9542
33844
26005
34234
1006
34242
936
6277
10900
855
34377
34634
26786
34182
34347
866
33848
34691
33895
34871
34350
34433
34351
34434
3465
34893
919
6605
24748
937
23308
33837
33863
34703
33838
34704
4563
34910
34380
34436
34381
34435
33946
34344
34385
34433
34384
34434
6636
6859
33862
34689
33857
34694
3591
34889
34283
34586
33951
34879
4509
34911
34395
34432
943
965
10402
7096
34909
5878
34908
34282
34405
34430
34223
34629
33942
34679
33943
34680
952
27869
34759
34261
34671
33959
34677
33960
34676
5725
33999
34672
34000
34673
34170
34670
34279
34196
34664
950
951
7485
932
34345
34375
34424
34437
34211
34659
34420
34443
34245
34653
34417
34446
33958
34884
34277
945
34263
34637
957
958
31402
34312
34633
933
34407
970
1011
33834
21230
33946
34286
1000
34001
34256
34662
34257
34663
34376
34618
34389
34592
34386
34611
966
34388
34572
930
1715
963
6601
6836
34396
34749
959
34742
6383
34881
34287
34665
34634
34619
989
995
34298
34666
3254
34878
34294
34781
34303
34667
957
33870
34313
34668
34368
34568
949
34675
34869
948
951
1010
1003
34576
34862
34899
955
12368
28100
34232
34739
4943
4625
1010
996
34438
34777
5979
995
25459
33965
34210
34902
970
1001
33833
34378
34639
34194
34735
34276
34684
1001
10584
34609
34697
993
34575
34411
34610
34215
33890
978
34004
34775
33969
34900
974
34798
34836
34797
34837
34269
34698
999
1000
34275
34700
8549
34874
33880
34155
34812
33881
34007
34815
33888
34129
34813
33882
34067
34819
33883
34056
34822
33886
34103
34818
33884
34105
34821
33885
34102
34820
33887
34051
34814
33889
34162
34823
1007
33922
33940
34418
33864
33874
33868
34658
22473
1003
1004
11528
33870
4743
34809
34272
34707
34274
13138
34002
3992
33871
33845
34311
34863
14047
9954
34314
1006
23624
23748
33871
33890
33912
34875
34213
34742
29371
34292
1029
1510
28045
1056
5061
5189
1070
8128
31014
1023
23195
33480
1022
1039
19165
1036
1537
20707
1019
25316
33629
23807
33652
1021
4999
12960
24387
29145
1025
7100
1585
33750
1044
1360
15190
1140
3453
1093
1183
5318
1028
1052
26168
1032
20496
33371
33769
1031
1044
11083
3422
22314
4699
27980
1396
1405
1468
1075
1450
15538
1745
31248
33525
3062
33731
1079
1420
9232
1137
1138
34921
33179
34934
1041
1141
22161
1042
5902
1043
17064
1046
22496
33534
1081
1349
25183
1049
23032
1159
1169
2742
26654
30448
1053
14881
1051
1079
13493
1971
26377
1367
1468
1210
19670
1109
1121
13089
1071
1300
9994
3227
33795
4999
5685
33707
1099
4075
10320
1230
1233
1096
1236
31581
3227
24013
33703
1219
1241
34945
1083
1100
6944
1738
4152
33657
1244
1251
21816
18206
29145
33724
1128
1416
15980
1157
1173
11877
1074
1123
27314
33741
33813
1170
31658
1676
25722
33628
1274
1277
34924
1209
24837
2670
33255
1080
1627
5177
1083
1132
5312
1084
1278
19460
32903
1459
9512
1620
32270
1363
2769
22182
31338
1087
24517
1096
1477
28247
1530
22644
33627
1089
9484
1152
1252
27389
1090
8957
1091
10741
1092
9696
1309
10950
1109
30793
1201
1516
7729
1367
1405
24797
31762
1371
1375
19256
1151
1700
34916
4129
32476
1452
32584
1383
1387
18598
1106
1357
34929
1106
1419
1105
1191
9699
1108
14193
21726
1334
1422
5519
1110
21102
1905
1423
16127
1401
1428
15324
6037
32296
33150
1120
1144
4539
1403
28868
33643
1117
2129
2245
1418
1441
34930
1120
3824
2575
31834
32547
1123
1127
9812
16997
1157
14789
2768
31866
33177
28741
2838
31906
32704
3137
31956
33344
1249
1646
28281
1128
8748
18978
1272
1311
17299
1131
1324
20055
1213
8639
1682
2443
1149
1567
19073
1775
24976
26136
1454
1524
15865
1174
1388
1999
1141
9558
1236
23688
1504
1514
18505
1183
31939
32434
31861
32904
33565
1493
1526
34943
1370
32316
1296
1923
28270
1228
1677
14928
1235
1703
22086
1180
1616
19154
1636
29806
1650
4048
10428
1174
23247
1524
4511
1246
1685
14814
1178
1260
9749
1245
1724
17143
1326
1660
10015
30793
1165
1605
9712
1459
4403
1180
1440
16816
1238
1670
17871
1250
1723
13176
1164
1179
9007
1667
25991
1335
21324
1424
1642
3434
1344
1442
13781
1827
6067
29585
1452
6222
1845
32336
1575
1585
17322
1268
1378
30212
1375
1927
8500
1873
14150
24316
1198
1276
6884
1188
1194
9179
1811
29473
2040
27859
29668
1345
1482
21068
1187
1235
10244
7677
1234
1492
3410
1189
1195
15905
1373
1669
17450
1245
17031
1193
11477
1437
20909
1194
1195
14411
1272
2481
1371
1439
1927
1688
22392
21965
24095
1205
2396
12949
1259
1430
4079
1207
10420
1269
1311
2481
1238
1402
17630
1493
6095
1293
1859
14277
1239
1410
7082
1211
1297
9410
1214
10683
1207
1215
19820
19134
1259
1863
19175
1383
32287
1230
25811
1500
16661
1986
11660
28578
1377
2066
1242
7979
1216
19965
1222
21635
2094
31231
32017
1222
1225
13383
1516
6523
1322
1323
18882
1317
1411
8148
9010
1291
1807
12981
1225
1229
9649
24032
1768
4043
15802
1253
1540
1716
1813
31010
1237
13466
21538
1483
2317
12257
1600
1625
34949
1251
6646
1579
17761
31151
32434
1299
16959
28351
1513
30875
1990
28711
28788
1370
4390
1594
1717
1280
1293
6016
1274
3982
31170
1250
31031
1254
1290
8347
1377
1507
19694
1507
2066
31120
25811
1348
32901
1666
1705
1257
16823
1408
1957
9414
6689
33498
33696
1258
11529
1562
8189
29111
1529
3475
1597
1731
9345
1350
2116
18374
1289
1391
4323
1270
1291
10153
1279
1599
23397
33527
33638
33774
1682
1689
9196
1582
1987
1504
32623
1275
14227
1448
1539
13564
18244
1368
2150
17539
6646
1436
17998
2139
2291
1278
22670
3982
1632
8635
1606
1874
2125
2426
28466
29454
32507
32529
1288
1438
16274
1875
1909
30607
1460
1571
19100
1550
1854
29097
1448
1455
2861
1453
18026
1304
25819
1570
2316
30917
2353
30140
30453
31364
1466
2103
20446
1568
2050
33383
1731
3844
1460
2901
1302
1416
8748
1536
2358
1302
23424
1316
1827
24085
31537
1313
1324
5809
1336
9114
1525
1612
3515
1308
1312
11454
2519
11394
30595
1314
16336
1357
4529
1312
1319
16398
32992
24336
1612
2590
1496
24181
2264
28396
30187
28333
32153
1666
2263
1374
1645
1975
1320
24337
1325
11555
1398
1611
30649
1564
2273
1582
1962
17709
1527
20179
1373
2401
1619
2010
4815
2191
4092
4838
1515
1614
4787
1701
2790
10542
26286
30637
31984
1446
1608
28651
30441
32665
32713
7518
32766
1410
2812
1487
6916
1892
32024
32028
1341
1342
11217
1359
1364
5259
1372
1806
2934
1359
20132
1815
31996
1392
1642
31211
1402
2704
1417
2853
1836
1839
12797
1573
2251
2597
1704
32427
1550
25438
1356
18433
1380
6037
33331
1354
1400
9711
1394
9995
32789
1407
5607
1615
1641
19249
1561
8387
25837
1518
1553
26118
20544
4129
10561
1366
1634
24589
1499
2124
5789
32020
33286
1860
1904
1517
2714
33080
1390
22212
28848
1374
20991
1444
2004
15481
4077
12409
1400
11946
13848
15149
14789
1821
3029
18885
17023
1625
30437
1879
1881
11030
22747
33544
1472
1675
3049
1384
1620
13468
14345
1686
32290
1434
4025
33337
2250
2802
31329
2426
12585
1481
19045
1536
2287
20622
1444
24377
1564
2345
1646
31413
2378
28874
29620
1461
28417
1880
1884
10254
4025
8298
2301
29835
29865
1525
30017
1406
11061
32131
10811
1418
15783
12553
3422
8809
1509
1552
24296
25437
1873
25824
1902
1954
1970
1975
11628
31502
32581
8700
1421
2424
1888
1898
32016
1414
4699
21548
29146
33550
1474
1842
3808
30847
1623
11765
8416
1428
8416
1888
10202
1628
3613
12402
28417
1425
26660
1539
2861
1429
27892
1686
31623
32885
3497
32652
33465
9458
25876
32085
1571
2901
29097
32065
32538
1445
1478
33333
1458
2055
2552
9569
32822
1849
2190
23701
1438
22690
2566
2568
18840
1457
2596
1442
12553
1470
9434
22343
1451
1889
24099
30113
1486
33656
1860
2555
1729
2351
32550
22886
1570
2538
18298
2351
11748
2417
22714
2470
2239
2978
2566
15905
1520
5715
1903
10798
29273
1635
31665
1628
2449
2470
20598
29146
32862
2607
7974
30231
1489
1551
4089
1500
1505
4705
1624
2344
24754
1471
24132
1879
1896
3318
33547
1781
2144
14189
15783
33420
1475
12530
1887
23093
1512
1895
16025
1542
30675
1701
19310
1484
2353
4778
1700
8500
14245
32895
1480
1638
30828
1669
2401
1497
10980
1485
21048
4739
32138
27923
32095
1491
11765
24379
32853
1680
2854
1501
2670
21128
1541
20660
2462
31225
32008
1579
3408
1593
3339
6523
1565
1621
3056
2599
10249
29610
10028
28490
1626
3899
1518
1541
8591
2591
30321
18310
33006
33323
1874
1915
2615
1606
2615
16592
13044
1572
3751
2019
3549
19082
31413
1560
1602
8744
1584
30189
26920
33761
2470
16196
29645
1593
4576
1616
30629
18013
27839
1954
2521
4077
8417
32637
30776
1563
1739
3188
1572
5040
1824
1885
2364
1788
2490
32337
1527
1546
7800
5389
31567
2443
6964
15373
1962
1987
7178
30125
1595
33395
1662
1687
26709
1533
32952
32973
2490
10075
1554
1578
4434
2055
2082
21960
21111
7100
33179
1672
3897
32128
31211
1594
22277
23229
1552
6610
2031
2288
6473
3881
4829
31341
1603
1617
4559
1821
25186
25551
32052
32722
3981
14964
31103
1573
1583
14779
31485
2102
2131
29913
1608
29227
1587
29261
1714
1779
18283
1645
1970
16171
1558
1596
4333
1610
29138
31186
32468
32497
1599
16938
1881
3318
1836
32047
1939
27932
12738
1587
28119
1787
2414
18986
1596
19930
2768
31897
1719
1876
2929
19890
3795
9879
11694
1624
1945
11066
33747
34986
1871
2798
3615
1588
2183
24751
1610
28389
14262
2522
28298
28426
1825
1995
2246
26988
1941
2377
2090
2371
23914
1590
1753
4261
30033
1592
18546
1637
4638
32039
1639
29110
1630
2247
20531
1607
5829
18702
21188
33438
33639
28336
2291
10420
1603
4379
9352
7062
2129
21295
4451
11146
31075
1680
2868
16299
1607
1958
18465
2301
5460
17389
14630
27870
1832
2260
24207
30214
2010
3364
31220
1623
1734
29682
1842
2755
1619
3364
19484
2191
4501
4780
13901
31123
20520
31606
1658
15832
1692
1980
14398
30258
30736
4655
1715
23360
1635
30885
31811
1631
2087
12932
2053
28860
2108
12621
1853
4325
2650
2867
27693
27211
30442
32112
2264
29276
1639
28944
1695
3905
30242
1647
1659
6137
1652
17043
31072
2203
2205
10359
13399
31696
32500
12071
30975
1929
5945
1722
1869
17424
4667
31312
31317
31794
32814
5822
24914
32356
1656
20520
1711
2157
5443
1679
1932
28912
1750
1837
24467
1887
3043
4813
30226
31886
29970
32079
4203
29079
1670
28292
2165
2693
5375
1780
3538
2227
2229
12496
1691
2038
21605
1684
33521
33777
27528
1695
4900
3826
29912
31643
3474
13848
1688
1857
29684
3881
18124
1681
1994
24108
2211
2236
3334
1939
3126
1901
33520
1811
19273
7093
15459
31179
1726
26089
6913
1800
20843
10808
2112
3097
25691
23914
33480
1813
10957
32397
1753
30892
3349
6095
11185
3714
5802
32221
1730
18689
1712
26300
1705
2263
10303
1702
2172
13859
12880
1831
3045
4667
1819
2884
8631
1703
1704
31147
1822
2213
29971
30795
32002
1740
6662
17512
14008
11197
1856
2525
18610
2262
2276
13457
1947
2208
17584
3262
14247
32423
1870
1943
2960
2233
12637
2412
16739
2011
23136
32487
2102
2767
6170
1717
11102
12915
4484
28324
33092
2056
20782
1908
2619
19102
2000
2434
6796
2051
26980
3981
13906
1831
18452
2283
2328
16056
1755
10112
1809
2505
18585
1792
1964
5816
26432
32340
1735
18961
26876
2187
2350
26722
2238
2389
18629
30976
31920
1747
17514
1774
32239
33115
1783
2599
11681
2152
33580
2056
2944
1754
13282
1786
2077
18159
8679
18322
32312
1832
2261
25591
2273
2345
34951
3062
33732
1771
2484
25781
1809
9181
2207
2405
18359
1826
2894
6089
2158
2390
28413
30352
32244
1784
1796
4935
30553
2258
14218
2044
29100
2503
4555
16564
1852
2460
5861
2352
2442
28450
1946
2318
14671
2047
34177
33645
33678
33790
24306
26777
27464
29731
31826
31832
2398
4046
23092
2059
3088
12443
1769
2432
26913
1776
15731
31333
31636
32627
2491
27287
1992
2043
13717
1852
24005
2078
2989
17430
1930
2118
28906
32247
33093
32209
33098
2017
17647
1794
2399
3448
1951
2804
19873
1913
2880
1822
29661
2111
31511
2234
2475
19381
2378
29396
3811
8794
1815
22680
30723
2224
23333
1819
30722
8862
32068
3008
10512
28052
1801
2017
3057
2036
2716
19159
1996
9565
1808
2529
22181
2343
2577
1950
2708
18464
1870
29234
1958
1976
28694
2063
2184
30022
1911
2032
7072
2113
3582
2048
30451
1816
2970
25100
2293
3716
19214
2946
5394
23850
15731
30247
31860
1818
11652
3288
13039
2546
29160
29210
1840
1948
4409
29947
1828
2028
4820
29867
3252
3653
30740
23584
2198
19179
1866
25933
33520
2428
10743
30417
2037
2192
2844
32026
30980
2493
2544
22219
1941
27409
1857
29883
1908
22864
33059
2114
13353
2464
2477
19977
2278
3628
9241
29499
29184
1834
1848
9094
2461
21025
2373
3190
28911
13615
2215
3741
2396
7979
30168
4995
14769
1853
6122
2472
2691
4306
28937
2043
2779
20874
1899
1959
17110
2136
4616
2149
3256
8778
1893
2119
2892
2445
21761
2041
3396
1882
30994
31723
1861
2875
24617
21026
27217
14574
30727
1867
1916
24631
2606
29946
31000
30949
31838
32449
2116
8387
28604
1916
15288
2019
2041
3268
1895
12922
2950
3288
31709
1950
2286
21903
33595
33783
2003
13876
32016
32866
33375
1878
22774
26026
3202
27919
1982
2638
13491
32889
13638
1957
3414
2104
3259
2007
2016
4200
2097
27024
15889
5054
14956
12415
7093
15721
24084
26086
32346
2245
16997
2262
25124
31924
32634
32802
21512
31999
2579
3948
2049
2133
3179
1926
2267
7170
32934
33385
2576
3570
1967
2365
3783
29313
2150
15149
8969
24902
32025
11800
32037
2071
10040
1902
2521
12433
33521
33653
13549
2978
16274
1912
22135
3311
27553
2009
2215
2737
2392
2598
15433
30158
2103
12530
2331
3483
10809
2397
16465
2555
23404
2119
4657
1944
2938
8028
2048
31272
7764
2572
4685
14278
2051
2176
25375
2113
2354
12601
1921
23576
33868
2079
5238
30443
32075
32157
2100
2225
2452
2899
3842
2914
9268
24267
2142
23292
23368
2012
2287
2358
2188
13249
2542
3052
2014
3692
3997
2687
2784
19499
23065
32063
2068
2889
21405
2188
2457
20303
1956
2408
2582
14529
29959
31864
1953
2109
12343
29622
2537
2576
11204
5530
2073
2367
3032
1980
9338
1965
22822
2440
2726
2342
3305
1997
27321
2522
28503
2027
25166
29743
29824
3241
30104
2022
2095
6503
2084
6407
11040
1974
2369
2801
2008
21549
29833
29847
7225
13818
1981
9868
33047
32140
32794
32897
6403
2008
2026
20723
1993
27128
1989
14204
2202
2256
3480
2559
21976
2223
2329
28196
29665
31450
32124
3414
32030
32864
2029
2453
23313
2085
5591
31106
1996
9272
19498
2236
6895
3737
11772
29055
2004
2018
29951
2006
2242
28689
11929
32685
33273
2933
28790
2013
2644
9444
2625
2695
19662
4386
17081
30270
3298
32958
4655
2146
3739
20252
5790
15426
32107
32865
2142
2254
3467
2318
12711
2136
8845
7745
28617
2213
12503
21633
2104
4020
2835
10066
17572
2047
3793
2551
3102
2284
2465
28978
2034
2149
18414
2165
8964
13046
2035
8244
26885
2025
29546
2013
8730
21971
2114
10273
29478
30949
31867
30919
31573
8227
2503
10749
2030
9329
30264
2306
3052
30302
2190
10405
31896
3433
27180
30704
2154
3011
9027
2514
12199
2660
2707
20176
2039
2699
19768
2398
29558
2093
25395
2038
28318
2527
2920
2504
5466
2087
15620
2205
3994
3077
29935
2177
2258
4087
6703
21787
5963
23377
2073
23147
2369
7604
25631
3503
13380
2143
31582
10405
2729
2781
24548
21446
2440
2898
2988
12208
26875
2271
2834
15520
23247
31393
7773
27037
20693
31918
29305
2439
2562
29381
2203
3994
2697
2761
20002
11175
15009
2334
2870
21103
2108
2121
6653
2078
30883
2173
3191
7178
23227
30782
30861
2122
2797
6620
2280
24250
2134
18061
31589
2182
2943
15333
28235
2199
3363
25065
2394
3595
3123
11478
25698
2367
3397
3836
3017
19417
30603
31478
32640
7087
3948
28722
30008
2174
2820
24532
4719
29431
30713
2284
21413
30845
2507
18102
2115
33708
33792
2332
2412
8314
2934
12946
2306
2542
22373
2999
3469
2288
15121
2382
2957
16941
8274
2632
14962
30546
2326
2718
6692
2158
29508
4031
28968
30446
2372
2656
11494
2752
2995
32939
33238
2436
3102
2135
5509
32411
2405
31128
2482
4510
34775
2618
6280
8902
12065
31561
25636
28909
32649
23863
29833
23835
2726
2898
11892
2362
2584
5744
2626
7024
24515
19080
2455
3197
2141
2402
8450
2229
5476
13444
31349
17201
11191
8888
33629
30370
2131
2767
21270
3367
23138
30687
2128
2162
18037
2177
8270
2601
25022
5509
25980
31565
2417
27351
2946
24110
2436
2551
17310
2316
2348
2538
4642
23629
30437
2171
2344
30477
22717
2370
3569
7843
2455
16954
2220
11696
4379
32404
30074
2197
3001
26514
3601
23853
28381
14731
29031
2774
2784
12497
2700
22526
7991
2225
32391
2350
31051
2209
4740
30902
2200
23210
2325
2373
7944
2156
2936
16878
30726
30348
2161
2359
24242
33595
33671
3177
6868
9250
2497
7702
2406
2565
4052
3155
25962
2227
5476
23558
5597
27839
31984
2289
2447
3902
2410
20944
2201
9419
5663
29853
29994
2806
2903
30688
30809
2239
3321
5542
2762
3210
3756
3391
26454
26528
28852
31084
31716
7655
30188
31508
2591
9717
2233
5426
3475
29219
2312
26774
2270
2310
13125
2434
8755
8901
2193
3225
13320
4751
10830
29554
2307
2418
4438
2219
2259
8681
2361
10970
3851
5663
2328
30430
28725
29400
31798
2471
2581
5146
3997
5309
3810
2809
5552
20286
29208
32442
2697
30129
2222
12419
2958
10045
27919
2218
2425
2885
2384
2514
3817
2333
21901
2212
10590
2687
2774
2299
12912
2835
16064
2688
7936
12251
27452
29811
31690
15121
2854
2868
17318
3508
25473
2238
4733
4225
31172
2217
2385
22985
2354
3582
4024
15304
30981
2235
8601
30539
20959
4077
9198
31558
3770
22759
2342
4106
2231
20964
2323
19875
2950
2962
24969
2226
19012
2249
29328
18686
29826
30927
2304
9288
12687
32276
32946
32957
10926
2421
2833
8129
2232
25161
2237
17302
13677
2254
18657
2289
11636
27881
2240
23897
4020
26719
2272
21292
2349
4850
18719
24087
30832
3858
28452
29207
2923
3037
22041
3562
17287
18289
3737
9791
2851
3984
4606
2793
29716
29273
29552
28893
31672
2293
2636
4096
2275
2603
8802
12947
2385
3823
6933
3560
30836
2456
2563
4480
9821
2290
19376
29714
31140
2464
27868
11617
3613
32683
2788
2985
3684
4365
6397
31675
2559
4412
3120
3740
23334
4995
5745
31074
2647
9106
2407
27566
2277
18581
6403
2418
2675
7757
28562
30811
3202
11486
2304
13174
27772
31130
2985
3999
10989
2389
4733
2660
2740
3530
2305
5324
20873
4850
17288
30218
2431
2465
6704
2707
3530
29844
28980
25081
2363
8295
3844
4915
25955
30467
30954
6743
24463
29566
2346
23737
32730
30480
31592
31869
2535
2961
28006
2891
3186
20086
2402
20608
2339
2501
19655
32575
2308
3132
20384
2568
31415
31840
19742
2765
3485
21456
2458
8705
3054
9517
3469
7366
30276
6202
16469
2911
3786
34454
2775
26365
3744
15192
18168
2589
3799
6688
2327
5178
10498
32493
2319
14228
3003
2356
32127
3131
5227
19024
2782
3895
16267
31483
32392
32440
2468
18039
2605
18966
30278
2809
28037
2995
3611
2433
16288
24256
3032
3397
2357
2589
17528
30808
34453
2787
22569
2524
26784
3128
3266
2339
2570
8815
2630
2921
4283
4150
4874
29801
3797
7982
16917
26923
2680
2926
11089
9457
31586
32092
12711
2408
9769
21320
20709
2496
13382
3905
4900
29407
31116
31495
3123
13269
9598
32353
2484
25858
32928
6895
2657
3190
30676
14354
31774
4514
17158
4912
2548
10049
3622
30714
32294
2641
18106
2510
29423
2400
11967
2377
23261
2380
21340
3069
3089
20084
29125
2530
3404
24241
27708
29820
30412
2390
21011
2920
2987
30729
2483
7834
29773
2955
6661
9018
2819
4468
14929
16851
32572
2463
26790
30173
2447
19897
2571
2612
17221
3545
5083
3168
3175
4102
3643
3718
29704
2422
3161
23408
4051
29348
29717
2527
2987
10682
14359
12802
2399
3151
23633
3017
17110
2474
2544
8823
2672
20018
2523
4889
24670
31003
2601
8571
31422
23678
2413
13426
6474
15654
3059
3198
19632
2848
2979
11463
14439
2634
10668
2830
15897
8351
4554
21984
29681
2688
3372
4013
28652
29604
11574
2814
22485
2837
20415
5888
10932
29264
2837
7011
30153
29590
26547
3466
22923
29236
24542
29602
30399
3186
6811
2608
8685
2439
2540
11318
2449
14500
5690
22895
32287
2928
3970
28261
2552
31811
3098
3434
16488
2498
17742
27578
2846
22338
2475
12947
2550
13700
26445
2487
2733
15501
13575
2500
2977
12220
28971
30565
31932
27648
8463
2674
3230
25967
2493
8823
6095
2473
27403
30876
2460
19953
2492
3325
29890
24451
2496
3139
21932
8866
2586
3413
5184
4018
5481
29825
2491
27010
2793
18073
2523
2554
9095
10656
18373
30150
3363
13107
2927
22601
3271
3389
29356
22775
2472
17484
32670
32956
30234
30526
22794
18261
2602
3721
19118
2508
2777
14717
2748
16271
2539
2902
21977
2642
19274
14576
2546
24483
2554
27252
23666
2690
2923
4135
2773
20110
2480
9693
31804
2770
3507
15500
31771
32101
5828
2648
8549
2625
9065
26457
2535
2991
11239
2803
3588
23166
2698
8248
2518
3969
8228
2512
3242
13551
32188
27874
2819
11216
26457
3001
4239
6800
3047
3127
18430
27124
2949
24511
4769
25827
3232
3266
16516
3116
15208
2803
5748
2532
2845
5192
31571
2928
25253
2606
18962
2931
4716
12595
2977
4476
2692
11124
3253
5166
10104
2634
24435
2593
3432
28000
18210
26748
2716
2787
7087
11268
2676
2823
28217
2684
3342
17084
3118
4492
10737
3730
28738
32241
32842
3210
3326
11310
28937
32212
24841
3040
23775
2580
18046
3216
3264
18589
10639
2783
3176
4127
4554
8869
4270
27638
2541
2586
12275
4033
24129
2655
3647
9116
2740
2816
28055
28998
2719
3157
3445
3448
9769
30087
3040
6103
3304
18829
2860
23985
4373
8513
29889
30040
24932
4495
22573
28593
28842
2842
21241
31215
2617
10000
3156
3353
3500
7661
27754
8755
2934
2603
6743
7453
26100
29227
2792
3976
11493
4028
25125
27671
2652
2696
20508
19339
2753
3131
6154
2754
3118
5306
2598
19880
2701
10168
2609
3319
31745
3281
3612
4511
2734
3798
15809
5907
2966
3898
18658
2623
27184
2765
4502
28931
31304
2658
3213
27654
2776
3122
17402
33349
33578
19243
2582
13830
2580
2894
15413
3956
7846
29885
2609
28789
21904
3268
3396
25108
2656
28089
5934
27388
28092
26246
9278
30738
34201
2630
2937
14414
29172
2633
20000
30288
7907
29266
30827
4205
6977
2610
3094
16439
2613
4204
9824
26835
31260
2628
27888
25410
32318
9138
9961
29817
18256
5118
15724
29221
2624
18479
24004
2636
4805
9476
28725
32503
2683
18902
11750
3041
6635
2631
2930
28523
3128
3232
2689
14123
4039
5297
6810
29798
2736
3162
5981
3253
11137
30345
30893
3009
17934
2738
3615
13718
3368
3435
12337
3083
3338
24784
3452
8452
2651
15235
13120
30661
32565
2689
4107
23982
2720
14779
5444
29252
31044
28962
2924
4793
4106
21423
3515
13863
11296
20974
30662
32690
23537
2694
3893
8130
2889
20018
3023
3284
26099
2671
3573
22172
3445
3988
2863
14043
2706
3880
4535
2729
6887
2723
2753
12388
2668
2754
9375
3316
3524
3270
15074
2873
9000
32020
31421
31603
2653
19235
2881
7632
2686
18209
3024
4400
13348
2664
28296
10256
4203
10347
3813
7268
3296
15049
27659
20320
2796
3313
10511
2676
3026
15852
3492
3651
16245
2763
26478
2826
4959
8513
2824
3101
8622
3411
3477
18481
9005
11250
2686
2732
7498
32401
20454
28855
3059
4474
2732
3914
17193
3175
18669
3326
3756
7464
3523
5748
9446
3080
3203
35054
2974
3377
9938
5098
29727
2789
26332
28919
3005
3654
15427
3436
10124
16147
29272
3332
3418
10330
8575
8929
10867
28224
2781
6887
3037
4135
3085
5323
3084
17973
3237
21375
2820
26186
3281
4402
16286
2734
4287
3466
7971
3089
8882
2963
6957
5148
28373
29587
3222
5148
8377
4085
28351
2808
3713
23328
2811
17953
12010
2826
18826
2710
4473
32134
3279
3935
32550
33228
33237
2750
2759
6670
3091
32465
32671
3497
32629
2717
3278
3933
27234
3254
4288
2823
23747
2770
23193
2874
22818
3387
3782
3891
3584
4452
5506
3797
26951
3016
3541
25758
3231
3760
18271
6111
3242
15253
18067
3261
4053
7935
12563
27533
29981
31359
2773
3367
21373
17247
9190
17161
17106
2990
29069
30968
2759
12886
2805
12091
2817
13492
3003
3716
31509
5897
3682
3750
16219
33714
33818
4948
11649
31136
3359
3932
34196
31043
31736
32013
3575
3761
6248
2822
4300
17102
3208
5092
2926
3365
26162
2764
12750
3360
3934
34455
2758
21450
27373
22527
2786
15409
3145
3235
10819
3010
3167
5403
3611
19222
8310
3334
3561
9554
15311
22645
3503
10217
3117
34676
3862
21882
7675
3518
5167
6117
4657
33584
9831
32224
15587
3424
3950
19663
2843
3522
22339
27868
13107
3094
5770
2947
20818
15137
26533
3462
4238
5169
5964
31132
3170
3283
25324
12367
2931
29841
3428
8893
10112
6594
25620
29571
3808
8508
30584
9659
28442
3387
25199
16336
28490
3412
23645
25669
2867
28655
27618
2800
3520
23472
6227
29637
30821
2825
28106
3018
27437
3811
13492
2821
2833
13456
3742
10089
2844
20463
9749
30125
19504
3739
12912
3741
11794
4557
30421
3668
4954
31335
2849
27279
30935
14778
31244
32810
2945
21056
4317
30875
3096
3683
4892
2966
30882
3888
4084
30039
2967
29808
3243
11947
2841
3289
6062
30064
9065
2840
19933
3212
4786
25162
3571
10969
2872
21998
27094
3150
5096
9670
2993
15108
32065
3180
21088
33259
2848
12128
2878
3730
25065
3018
3654
5524
26738
2870
14536
31362
2912
3109
28723
30152
33414
33587
3389
30146
34716
2905
14653
3998
29046
4915
30519
3707
8751
16529
6516
28776
3335
3554
3030
4973
5079
5606
4771
19136
3701
3943
4499
3950
21021
2954
3031
21090
4886
30461
8288
2965
2996
5924
4293
14389
30118
3060
3328
4857
4642
10253
30177
2887
2982
20410
3316
3784
3098
3166
3842
26570
2864
9130
3058
6219
3198
3596
4474
4096
4805
5163
29864
15444
2919
3860
28184
29905
3573
8031
17821
3490
17567
32701
33321
3149
8116
4713
31039
32337
32943
33124
20928
26358
30387
13249
27456
26053
26335
30888
2892
11830
3351
27860
3014
23519
27811
3085
3583
13308
3608
4419
3305
16402
2965
4575
19108
3012
12169
5721
8277
26594
26907
6274
28146
29452
3914
18238
8131
2974
5496
34726
29045
3194
3208
8664
3554
3590
19438
3121
4505
26289
17876
3225
26892
2906
3300
17214
4184
4173
8290
3576
18652
3048
3689
21873
2941
22403
2971
17277
4512
4595
6045
3240
3420
5788
2952
5856
24307
3078
3973
15012
4487
3193
4847
3537
5503
11097
30462
31517
3464
4162
16666
3337
4005
23365
3147
3975
4931
3079
6073
8882
3031
15446
4627
3335
3590
5549
23138
29183
19207
27536
30414
3027
3113
11390
29340
3418
4989
30611
2944
14301
9138
29588
29779
3286
4852
6501
28042
30466
3663
3987
17977
3036
13812
3332
4989
3618
27707
3578
3855
5614
3428
3606
2969
15370
3092
3307
6746
4084
16877
17496
3060
19968
31719
3228
17263
2976
3809
4245
3122
17263
19277
3634
7107
7869
3303
21445
4079
4184
17841
3211
13400
26778
30135
3491
4456
22272
3155
17071
23261
25124
3524
3784
19271
3243
4935
4315
6015
4912
16959
2980
24314
4889
27454
30353
19687
15991
3009
29053
3103
4372
17046
3217
27238
24542
28775
2976
15942
3521
4987
13195
3105
3108
7759
3145
3036
3132
13126
19061
9684
29552
3264
5482
3744
7236
5329
11173
31351
4146
5432
3380
3543
29524
2997
3274
25668
30096
3161
3921
26244
28089
31297
31316
3517
21644
4150
30275
3074
22031
3034
20949
24060
3354
5618
12420
25496
30646
24042
3866
10754
3178
25504
3498
5240
25695
5498
13868
3239
3664
14466
6621
3212
3322
5894
29995
20497
29414
29425
3044
26575
3117
20309
3814
4012
6358
31137
31908
29197
3014
7046
28240
30360
3150
12190
3493
3769
8339
9555
3084
7225
10040
3805
27649
19880
9016
3903
4041
25251
5658
27055
27668
6074
6742
27293
3142
3148
22461
4295
28796
27815
29310
3065
3896
3922
3450
5016
3674
9659
4604
5543
11956
22212
30442
5005
28605
8223
27727
3379
4675
9397
4579
28915
3936
3972
16685
27223
17484
3064
3276
12181
3289
3381
15243
28590
3762
5190
3209
3959
23182
3049
19250
3301
25471
13021
30179
3282
4054
5049
3411
5150
3068
26574
17326
4330
4550
33714
3871
4547
4592
28491
3101
3167
9469
5658
5819
3204
3872
23262
19882
22458
16750
30382
3912
13219
18919
7676
3244
3656
21155
33277
31076
31532
32878
20539
34528
3505
19656
3157
3988
20017
3581
5556
26421
3579
15317
3545
12772
3106
3136
18104
3317
3468
3614
3081
4353
6260
3489
3542
5121
3314
26392
3298
26956
32287
4256
4319
18041
3172
16549
3579
4952
5083
29157
4416
34368
3537
10822
3105
3166
14950
3477
5150
30972
18889
4582
4788
29089
3109
3986
25833
8244
10248
11619
3455
3859
4942
8585
31794
3450
4176
3661
4549
16220
20529
3096
5173
33947
5145
10632
27100
5040
3165
3962
5713
3260
3514
5986
20346
12139
3255
9901
3215
3706
5910
23700
4049
5570
3292
30076
30455
3164
18941
9127
29527
30499
31800
3297
4765
27035
3985
4038
23268
27930
28442
3174
22764
27475
3804
4295
22942
4300
12731
16748
29285
3432
10412
30183
30803
4123
28444
4866
31404
3152
4017
4349
3577
4057
7605
3188
20831
3216
5482
7346
3201
3420
13247
3173
3400
9880
30509
26359
3414
20240
27393
4231
4234
4340
3409
3996
10458
3287
18297
33423
33596
5371
7045
27789
4162
4918
3919
4016
12707
4188
4278
28824
3764
20850
3248
23910
33552
4801
8630
9148
15725
3923
5556
18354
3417
5420
3516
22965
4282
4473
28583
3570
30687
3211
18371
4491
11957
23948
3173
3263
6252
21677
3838
7438
12876
28232
30061
30208
6699
11532
24830
4470
4721
5796
16298
3464
4918
3376
28012
29563
3361
10281
24487
31594
26892
13528
5432
7724
29975
30567
32102
4852
8130
3236
3265
24652
14751
30100
25809
3861
10143
8769
3556
24958
29866
30945
3323
6593
3197
11028
30603
32394
4050
4142
10069
3259
4020
13641
3620
6150
14164
3245
3468
16249
3200
19775
27101
26040
4359
19428
24996
16923
29299
30265
31426
29035
3770
19603
3915
4648
5705
3214
7380
4148
4551
3224
3430
27100
3341
4694
18200
24071
7882
3646
4714
9543
3521
9612
25146
33564
25124
3933
5628
4141
11774
3344
3825
19685
27191
31136
31621
3488
4119
16694
23631
4413
25685
13571
7411
9531
3351
21929
3584
5422
4008
21283
16515
4050
26941
6366
27669
29597
3655
3685
18007
3347
3833
5421
4517
5577
27606
5178
13700
3238
3720
20283
7705
29782
27874
4457
4794
5917
33800
3977
5125
3416
21717
22476
4172
4788
3509
18126
16594
5475
5932
28555
3350
4556
15512
5496
5535
3779
5926
4852
11409
5491
5600
4944
7691
4180
10132
29439
30775
29268
11929
3831
6684
7907
30594
3371
4021
11633
3559
3743
4871
3672
26325
4177
4194
12109
3974
4707
7055
3863
6673
6995
30501
30546
29918
4766
3346
16411
5790
21115
4094
4294
10155
3645
4105
19951
3829
21975
3583
5323
32224
33249
3283
22544
12128
5763
26975
14536
3970
6460
10603
10601
3585
4611
9897
7243
35058
3984
30309
5054
27638
31446
4061
4103
12112
3621
27837
3496
4675
27120
4682
4790
3801
5850
10341
4035
35056
4023
34962
3417
34018
34642
22912
3813
4370
6501
5085
21265
5698
10116
24341
3353
24302
3620
20041
32491
28113
29145
33704
33716
3679
11495
26745
6202
9106
4055
6524
3352
3838
6654
3642
8493
25791
4549
15710
4986
16093
28466
3362
4229
4916
4094
26973
6400
7911
15911
25473
30130
3309
27722
4172
4582
30062
3336
4255
15055
3728
23676
3385
3849
10406
7900
9811
3731
4173
21555
5318
33475
3636
6059
7706
3987
18103
3760
23513
23836
26271
30205
6727
5209
29957
31374
3375
23511
3719
3800
8521
29552
30468
3625
5001
4234
21356
27313
28633
30460
3382
15679
10845
4058
4062
5338
4219
11697
3841
3931
5413
15651
31804
32096
4228
6971
34352
14362
3457
5102
9908
16319
5208
4856
24474
5187
28312
3435
25916
3398
20612
31746
31889
32620
4245
15942
4273
27195
3546
5794
7620
4014
5151
4099
4430
4774
3715
7285
3447
24225
3426
18132
31880
16639
29895
4867
26063
27853
4008
5485
23186
3440
14551
3567
3605
8172
3733
4114
11895
3444
22301
24600
4072
8537
34850
4032
4015
3710
14932
3384
10157
13249
29630
4535
8427
4019
4074
10287
28955
3575
13798
4073
5085
5805
3429
3555
12611
3593
11328
3480
10012
5325
21444
30363
4890
14486
25020
21859
31138
4204
26109
3522
9118
3807
4028
28997
5051
5783
4947
28550
3734
27299
18989
25315
3574
3738
9742
3666
23071
3489
24994
4822
11622
24783
26456
26807
31774
32173
34694
31074
31101
31802
30361
31232
3700
3873
6869
5313
8256
22522
4790
5271
7491
31621
31700
31816
21058
27597
4576
19704
6586
7315
26609
25191
28823
4654
4750
17506
3565
3600
12877
7555
28957
30057
13135
31446
3444
3909
15504
3659
7451
23646
3652
5399
27644
3410
19544
4161
5326
21049
16515
3967
5396
3879
5385
27950
28997
29087
4393
25278
4725
13572
3519
27533
30951
26175
3794
3904
18868
32720
4073
4525
15939
5718
9428
11640
26013
28939
3779
24701
3619
7302
20497
8524
3766
7592
9492
29893
4021
12771
32603
24992
31474
31528
19167
19727
3805
6969
3925
4574
9307
3722
15648
33493
4345
6044
21577
3938
6336
3499
5929
18119
3511
29299
31782
3612
4402
10597
20668
23745
3504
8099
25365
4357
27232
3570
4519
4797
5520
6181
6908
13201
28975
3985
6698
4587
5365
11043
32830
33171
8767
20268
3980
4355
25094
3605
11979
3874
8053
21260
3485
4502
21019
3762
4213
13953
3490
3580
9921
3580
4110
3788
9600
33133
15335
3781
4211
31040
4500
7170
27473
31200
3635
3709
4228
4580
6374
3617
4160
8999
4232
4901
11725
18337
29580
28713
6862
11346
26887
19727
3715
4729
6888
4158
8454
24053
27251
3585
4281
19449
3772
4336
19467
6703
11432
3600
4472
12115
12080
4501
4838
18645
3983
4134
6237
25754
26958
24750
12783
3866
23034
5169
22693
10681
34244
4279
4578
5418
4159
5504
21849
4053
12278
33500
4920
28357
22159
28904
6654
9928
5107
5849
25804
5207
5842
7961
29927
4485
8061
4437
5053
3680
4688
15167
3630
20879
3983
10998
3879
23513
3947
4749
21474
9387
30092
6329
10948
25987
4404
9988
13920
3688
22155
30649
3967
5013
3608
29757
4270
29141
7773
16954
3571
6356
28515
15725
29421
30303
10436
4848
28434
30219
5686
9443
24882
4145
18548
34991
28824
30470
30801
3884
4258
10323
16145
4903
6832
8089
4164
5725
35069
4139
5719
34975
4661
4792
15967
3607
5099
13743
3803
5060
5280
29343
18550
29775
3774
4430
13299
3669
4565
28833
3959
24420
4147
27126
4427
28678
3574
28646
31355
8882
24702
29654
5059
5248
3704
10474
32710
18652
30421
4980
8716
12459
3599
12412
32050
5852
22449
29856
3637
6437
33904
9466
5036
13251
27380
34525
3660
3705
11592
3837
14691
16119
5110
24993
3623
22419
3582
8332
5054
6441
3847
3882
21853
4523
9813
18938
4216
23410
3864
4335
10293
4674
25629
3791
5510
35045
8362
28680
25540
4842
5761
7706
29474
12856
25916
4177
6896
4816
5151
27405
27958
16391
22693
3664
29914
12278
29215
24827
3624
4180
5261
3752
12105
26085
26263
28563
4700
8346
9652
14414
4664
4665
5907
20909
30280
3732
12771
3649
3821
9815
3854
7053
6274
27732
4197
10863
26013
3775
4518
26508
3946
15109
19647
30487
31464
34006
34771
34273
34770
4542
26008
27568
25174
4220
5600
5825
8170
29492
7095
23160
27349
4411
5507
19266
25162
13390
30788
18265
29519
11486
3686
5579
26853
6209
23260
13411
29296
21076
29796
28540
6247
25151
31681
32608
7005
11311
3829
12088
5499
22731
3650
4924
9845
3733
4241
6486
7936
30836
4091
5660
11116
4315
23193
4318
34332
4360
34029
3694
20925
27825
27815
28832
4533
3825
15626
3791
24082
4086
4344
35060
4392
32845
34966
3787
4397
20653
5707
6479
28684
4128
25181
4310
7716
4181
4566
27166
4454
16588
4336
5429
3774
16821
4382
4970
13978
6162
6241
3871
10466
4771
22503
4694
8158
10704
30413
18396
4437
5130
22128
27176
4118
22011
4034
32163
33117
27466
33549
4418
6383
5761
6466
3845
9214
10562
3893
21657
22967
22825
30685
30903
4299
5412
3938
4352
6518
4392
34967
4871
27294
3875
5029
33519
4170
11229
34673
5025
8676
5571
6314
20905
3911
23168
3867
4666
23694
4924
22905
23302
5176
25534
25893
3860
6147
22098
3849
11397
3697
24278
4149
18140
34433
3862
20465
4344
35061
4385
26224
4534
5672
11335
29466
5308
7551
23112
3711
26582
4822
11869
3827
4125
15178
4175
4681
11395
6269
22117
3886
5257
9473
7206
19775
4152
4560
14133
3843
4857
5231
4489
12793
7716
23550
23931
4143
5835
18736
4186
5211
3857
17102
3723
5823
7242
4768
6774
23455
7966
34979
7947
35073
5485
7752
3872
12957
34254
34330
34067
3790
24221
5111
8105
4429
5223
19430
5707
17419
32166
33113
25699
14671
4577
5167
25988
5977
12651
4213
5190
3954
4220
5728
30376
4520
7977
26324
29893
4233
5511
23215
32254
32379
33198
8526
26813
28465
3877
5910
28105
3900
5500
3906
4168
19390
27031
5894
23684
4154
15053
27538
4060
25482
9387
11275
25401
3900
4613
22383
31858
3834
25436
29525
4391
29530
23558
4491
14826
4471
24516
30785
4461
5725
5719
6115
4296
7763
24022
4589
5052
10416
3834
27101
29226
4372
12387
3768
21551
7783
26355
5769
7710
7718
5433
6186
27219
5013
5396
14219
30026
4133
5611
8449
4837
5183
16871
3772
4715
15591
23798
3936
10334
20042
4829
5749
5882
4382
14781
12194
34264
3843
21337
3809
5024
19246
5040
20254
5870
19284
27965
4868
6469
34425
5374
4322
11444
33182
28186
3878
21393
3923
4101
18795
4478
20035
28462
4464
7470
33717
9805
6103
7903
13532
4105
25948
4109
21807
4412
27329
19622
5439
10360
11883
5742
4757
5737
3845
22959
3910
5928
9962
4337
9623
20708
5587
28378
31550
10980
33895
4534
5428
6790
29111
4014
4816
14857
30931
3888
16877
13520
23645
3853
18415
4980
7514
3925
8163
12255
8187
32190
4340
28127
24324
4769
15254
29422
4033
7791
29913
20412
6137
18345
29968
4406
4483
25770
27305
4525
5805
28576
29771
30110
3916
4375
12350
6503
26362
28965
29671
31743
4123
4277
8835
3880
6973
17994
7515
5116
22643
27721
5098
19098
3965
21295
4842
31773
32362
4026
9359
5053
5130
14662
23125
4508
4653
10742
3915
8212
4364
5153
6402
5637
8466
28566
4342
5704
23164
8208
23492
5362
8742
24569
3857
4163
6006
4320
5957
7250
3896
4972
27469
17538
30927
28350
4196
5395
16452
22976
27773
3964
4659
8470
8745
26390
28895
28945
9123
27808
4321
6099
12195
4488
22378
6873
25789
3867
27967
4272
6010
26819
11690
30678
31423
4002
28166
20571
4248
6027
26247
5507
8849
6131
32975
3906
4132
6599
29986
27098
4507
6447
21161
10568
11889
29752
3892
4224
26141
26108
22154
4036
18940
6862
17121
8236
24558
4583
4649
14558
4579
24781
4547
8608
23933
18498
32840
5242
25190
4555
4803
31479
23535
27893
4030
5504
7749
4996
24190
4763
5028
8220
4287
4878
6513
10444
5845
34772
34914
6084
23964
7461
7722
18103
4436
4600
9942
4514
18204
19060
29109
31113
6227
27414
4905
9944
10802
4378
4605
16767
4065
12060
4266
23846
4573
6546
6474
20583
3924
4992
7473
4286
4710
25224
4429
6514
7927
24860
7354
12564
5143
10419
3977
6329
7028
6811
26551
4433
11767
4176
5016
22589
4056
5143
7537
6059
14448
4936
5215
12228
4310
23931
3931
13805
27156
5244
15349
27216
4419
4977
19427
23132
29179
29330
3930
4316
12523
4313
4415
8381
4706
20783
17874
34283
34014
4282
13798
4143
4481
13455
22465
5239
6524
34436
4814
6826
27298
3951
4054
12432
4417
5097
8630
4300
12220
33676
33683
33823
4216
5954
19394
4730
6849
4122
26807
31735
4585
5277
19624
24370
4975
6631
4246
10208
34357
23785
29873
30386
5247
4263
5718
11343
6167
30008
5527
5557
13325
4003
4095
14131
24989
4083
4764
27556
3998
24202
26233
4546
24245
4171
6136
6287
4233
26581
4539
34947
4635
4640
8637
13520
4211
25074
34831
8099
25582
28387
8454
8876
28636
4714
13369
4654
18605
4832
23114
4360
4765
13332
23452
26464
27022
29969
4604
10703
34296
8404
27239
32809
11042
15911
5044
23174
8784
25451
27631
6963
23692
26104
28011
5164
11128
17767
4824
5930
25414
21967
6804
9593
25604
9830
4783
5514
34423
4038
6698
31051
25293
16288
27754
4407
5483
19889
5732
25914
26713
5891
25430
4026
17057
4328
13874
34543
4277
22541
4842
6466
16442
5343
21293
29164
19295
4567
5971
22729
4215
7709
23904
25773
28560
30014
4413
6733
30824
31029
15626
4594
4630
8671
9217
4687
19540
30241
31360
4936
26374
29489
4839
5972
7127
4591
30717
16529
30129
32770
13315
4744
6799
9630
30613
4581
24185
35085
7116
22871
25531
31766
4536
29087
22257
32166
4590
4766
4244
11218
4399
4947
14547
20221
4119
28787
4268
5370
32908
8346
11840
4095
4199
15246
19754
32673
4374
5943
7495
4641
8368
22222
20843
28617
4309
4773
8615
19474
32803
4210
26319
17820
30677
31305
5269
24435
27214
11982
4877
35039
4662
22035
4114
9248
5275
5764
4309
4624
8344
4071
27775
7724
10082
5045
15214
7807
12273
28865
4266
4652
7056
5630
19897
6577
7181
8308
5299
5407
11201
6760
7386
7623
5694
6761
4873
12118
20657
7255
23496
4532
8613
12982
4194
6896
4526
33487
4113
5919
12047
4678
4779
7035
13540
6421
7725
13263
4851
5772
6421
4584
4874
9839
4323
9114
27083
6490
28534
4665
8872
4375
13282
4157
5067
21454
5762
8591
4562
4676
8400
4380
4687
7502
31451
4377
7211
10341
21495
22656
28579
27707
30429
30588
4637
7656
9483
4356
25195
4538
4660
16722
5052
24728
4146
21649
5432
12169
8204
27848
29845
7179
30501
4158
4824
4193
4791
19349
4383
15146
6208
26087
4308
8276
27632
6299
6312
6028
23724
24887
20671
28967
30301
17656
22737
26220
4179
4647
6060
28250
33628
29837
4433
5631
17301
4137
15652
29002
4841
19625
26756
4832
5387
9768
4573
6315
4235
4762
14864
34037
34080
4265
6228
32825
22586
24888
25785
5410
7981
22765
5378
18749
6829
25912
9045
28082
9291
5066
8136
25568
22913
29709
4596
7900
28047
27895
32392
4401
19461
34329
4901
9193
6260
9357
18075
6787
8080
9490
4560
33657
19976
4421
13077
5245
7152
10734
31236
4483
7150
17154
33808
4472
5237
14480
4927
16867
4373
19402
25252
4425
19461
34865
4997
17420
29416
4397
20160
9013
10885
4179
20221
26216
5982
6987
27827
5047
8090
34956
4618
7894
18450
6617
8293
16211
4666
6922
4396
4910
10167
5536
20609
4754
6544
15839
12078
28104
29135
29437
7008
8676
20514
14686
5428
5672
13910
23467
13004
5301
24493
11910
14539
27163
26853
28480
28951
24445
4979
5035
9084
4229
27341
4998
27363
28118
24676
29457
5245
5592
12992
4209
5223
6514
4193
4670
23309
4612
17203
23963
26795
12727
5006
5011
10820
4676
16359
28306
29335
4908
6425
9727
4247
23508
4963
24014
5045
5806
6223
4645
5331
26791
30207
22083
5005
7788
4477
4776
7536
4353
21667
21818
16465
27720
29935
4700
11840
7548
8196
4958
4440
5653
21557
22378
4671
10127
34134
6556
11662
22034
7057
26675
29341
4635
5234
15935
5231
17884
5968
6086
4953
10474
32847
5272
8561
26963
4383
14632
23377
26859
4923
7482
13372
6085
7319
9579
34819
27030
4385
5593
9493
6593
25165
4969
7318
28947
23965
5317
23705
7573
9566
12699
4460
5231
21337
4466
26523
8690
26933
4735
5115
18772
4754
25425
4976
5181
5384
5289
23549
4374
12908
8158
7289
4878
16187
5105
7932
31276
31541
32571
10959
31854
32164
25290
28249
28907
5341
24521
29532
5545
5562
16154
5380
5606
7079
5589
6853
4922
5413
5129
32261
33054
5260
26294
4276
5914
23660
4439
5405
19198
20228
29081
4693
4870
5637
6354
6633
5649
20810
24159
5235
8946
25455
4846
13111
31334
7734
12823
24921
28743
29142
28050
5111
6349
9035
7708
27254
8600
22522
4450
4882
18451
5397
5666
6788
4735
14652
28362
29442
30679
7061
27661
4609
4934
7714
4571
19127
8436
8036
17642
4298
4647
5623
9456
18737
23651
5008
27611
4747
5628
34851
4836
5667
12524
4532
6047
35074
6189
6534
34980
4432
8154
26748
5325
31371
14179
16078
27440
6901
15949
5757
6647
15872
4475
7567
4564
23518
4919
7501
7546
4357
10760
26009
4493
5144
8440
4669
6971
7204
5993
5999
33376
5186
8163
4338
18862
23780
9871
10282
26189
27227
6445
9583
20509
4369
4760
24441
4773
8235
4650
5384
8857
29277
4368
23922
22358
27757
4921
34376
5024
5399
7492
24105
8430
13305
7290
12364
25735
4395
6775
10698
4653
10332
5810
10151
32791
5048
5198
21126
5439
24949
4946
5230
19097
5671
22648
4506
19044
30456
4680
6071
24271
18583
29084
4673
21692
29544
7634
21966
13369
4767
10837
5348
8065
5303
6033
11468
27823
4368
4799
8890
5249
23134
4569
5870
34723
5173
25062
26523
5316
5875
11795
4509
4825
34036
34057
4380
11627
4613
5528
19847
5055
8827
17402
5174
7171
21449
4632
5311
28522
7688
28657
6392
25066
5709
8129
13456
29075
25152
29387
4725
5404
6836
4551
4608
18350
4826
5782
22635
6242
6456
31451
32422
6908
18325
29890
20988
31730
32605
14591
5588
6875
4895
13959
4775
23148
27167
26247
23138
21202
8270
4791
6715
12455
6366
28019
5041
15949
31707
10119
4457
5019
21085
8468
9370
11075
26972
28936
10989
31697
31997
5605
7584
34208
4684
7689
33535
4877
34279
35038
4539
34944
9148
9332
31632
4639
7273
4741
5405
25247
23303
30495
34026
34641
7749
7121
7693
9725
5453
10443
17743
29224
5346
27860
5177
34938
28219
30731
5103
5269
12945
8058
20164
6254
23524
5086
5232
19522
25719
26501
4774
4996
25066
5244
20118
27640
5033
4845
9102
9874
4477
10687
5580
35055
6011
6306
9539
8111
5973
24595
24810
7474
10508
6860
16513
28977
4956
7454
25242
6372
24793
26460
4509
4544
4683
14006
18064
28338
4441
34055
34646
22120
28093
5246
8007
16001
27220
30359
26715
18398
28861
5125
7028
9060
7316
8715
17443
5767
23122
8864
9762
6400
7142
4479
11593
4494
5534
18454
7114
27481
27514
4819
5644
10886
4800
5435
6809
4865
5287
12465
7663
21842
25314
4504
4856
14261
6607
18135
26640
5989
14734
31799
32745
8745
26745
5276
5295
19524
6442
35046
4978
5481
20582
5721
25371
26180
5142
5450
9965
4756
18467
32935
5676
23595
23787
34287
4984
8044
19144
4985
5511
6032
5845
4758
8409
30433
9602
10740
5383
8848
26452
11124
26533
4896
18627
34997
4865
27703
5087
25004
26678
6798
7053
5445
6641
8738
15208
12172
4882
9184
5717
5733
23501
4574
7343
5333
6394
13445
27570
10389
32175
5172
19252
5070
5632
9872
4931
25949
5483
28580
4706
14220
5905
16697
22201
29500
15846
29046
4689
23901
9214
16948
29294
31034
6374
7352
34435
4602
4966
5038
5139
14066
5087
6510
4736
18657
13747
7346
6521
7194
26924
25924
28435
5856
26700
6159
20638
4955
16223
6127
8779
5640
7625
31840
12118
28314
5263
6459
25129
28040
5089
5252
16077
5156
8279
22433
6518
27208
5686
7835
9325
21507
6115
34977
5791
6067
9730
5781
9814
34211
16246
28977
5599
6324
15101
5033
5703
6297
4643
5848
12610
5951
6017
6842
8240
21726
4757
8987
21457
7140
25042
28303
7884
6971
7668
16998
27137
4929
5035
6132
14587
4651
6763
4988
12679
20521
4862
8703
31352
28392
29384
4615
4955
9315
5299
7852
5226
15325
19144
4717
13803
15034
4860
5837
9486
30313
5952
9043
5092
4921
5514
5108
7038
31420
13541
5102
11855
30004
30706
5493
12561
28505
5959
10522
34990
4761
5588
12729
5064
20003
5056
17551
4867
18286
24237
28801
4933
17186
5115
14652
4691
6855
15138
8009
8015
7650
24222
25480
5123
23548
5301
6195
7314
16737
28279
25814
28167
30904
7691
9244
4782
9103
25286
4825
18804
34322
7796
6644
8965
8574
9588
5435
6418
5794
7509
13008
5673
19165
5314
6535
24369
5397
9991
5640
35057
32345
34963
6568
7209
4692
5949
9875
5742
4836
26347
8661
20268
4602
34266
34411
4835
5213
22667
5996
6462
10792
9145
33422
5480
6084
9377
17321
5012
5813
15556
28706
6901
9950
5756
11243
6382
6712
22285
4734
6786
4689
21931
4614
6503
12139
5105
25940
8874
17361
21271
10878
23222
6554
6889
5078
17257
9955
23390
33247
9166
13706
5203
6823
9073
5881
7025
25016
4796
5328
24641
5158
18958
33810
5557
28130
32296
4902
8774
4965
19181
5003
6910
33318
5350
5720
5288
7478
23225
4800
7144
23264
9107
34010
5376
5525
9218
7952
11903
5346
5648
34030
34041
23047
4713
5114
15376
4701
19855
21038
29248
16347
24045
9174
9607
9755
20826
31612
9664
29707
6368
7235
10817
4906
25619
5101
18435
33666
6766
5737
8987
14560
17309
5368
21112
4779
7146
9939
22585
21066
16391
34948
5657
34187
35042
29047
5638
7649
27393
7106
15125
5360
22884
11673
32454
10419
11490
5332
6014
10544
5093
14963
12913
26699
32672
5373
6737
8706
6241
7515
4956
14522
6188
7326
5455
10183
11973
20503
4688
22495
28366
19690
4711
5458
20971
5846
23983
5668
6212
7638
5961
22006
5025
13040
4727
13807
4969
7562
8968
16995
17990
29773
4738
21716
27046
28610
14768
25385
5753
6479
16561
4818
16657
7722
27593
5486
13889
8281
5922
10207
34434
5430
25217
34972
4815
6613
10958
4734
6530
10949
32798
26891
4888
5956
5058
7911
26575
5119
5771
7815
5700
9633
12845
5566
9410
18565
5251
30190
6317
7109
22542
7446
34019
7330
28780
5609
12241
5741
15233
15602
30326
10334
5277
15160
8248
9190
5023
22907
5416
5608
9160
27720
31722
4728
4860
16459
7580
27018
10026
11980
33431
4764
9013
10172
4817
7480
19567
34643
26524
26906
29659
7491
18954
4831
9064
5395
19690
5840
25206
4827
5071
18735
6745
7916
9969
25071
18409
18854
19881
5422
5506
10200
5200
13836
31313
31981
23501
30150
28069
31558
5824
5826
19194
12821
19141
4753
27244
6772
9303
11989
5915
9833
10401
5382
20606
5780
6977
14472
18447
32173
5183
18382
31030
31701
7733
8740
19299
7466
7596
11349
4785
5863
6145
8041
10236
20160
13097
23421
5515
7672
9347
5144
26931
5960
28177
4946
15533
20923
27125
10448
27062
7625
7372
9513
23394
27122
28685
4881
5750
14581
28733
29443
30525
30577
25835
24842
8562
24072
4983
19911
5213
14054
21653
12377
28880
19399
31953
32726
4795
8840
10245
6098
27192
8229
8160
34061
5960
26684
5001
12731
6340
9686
24644
5605
5984
6681
28409
9002
6033
12379
6808
28145
22531
27900
13393
25860
5286
21376
4975
28329
6178
6572
8246
4949
16951
24428
29168
29530
6775
16092
23471
28002
29743
6369
26521
30718
20137
6315
6546
13105
5331
13637
5191
6126
13301
6038
6157
29589
5201
5409
19370
7741
8008
35063
6193
6575
18221
8542
34969
6606
30058
25136
24887
6619
10997
6857
8754
5854
5949
5350
10273
6130
8123
13765
29450
12207
27868
28955
26446
33959
5957
9170
4902
12971
5091
9438
33998
24823
21260
25114
27877
5071
9737
7297
5139
6049
6589
5456
18724
33725
5550
27038
10446
5633
10506
13849
4927
7060
7877
9616
10159
5156
19183
7116
8188
26193
5560
8428
10295
25834
32665
5730
10097
11101
22896
27515
30019
5324
26887
30814
30430
23345
27723
5695
6849
20334
6004
6633
7558
5521
6389
20658
23655
11879
5160
5170
17904
4951
20070
28213
21706
5327
6671
11437
9722
15623
8671
12369
27269
5867
21416
33873
18938
5055
7702
24603
34228
34087
34109
5655
10517
25926
6482
9204
20541
9171
12974
26650
16230
30151
30651
5382
6019
12595
33960
27013
5362
6663
7731
5147
7628
28125
5562
20098
10006
5900
14741
16957
7311
11010
27167
7206
15382
28156
18551
27784
6297
7357
14460
11515
15487
29644
27662
29286
5361
9599
17296
7243
5448
6784
11705
28174
30962
31175
7268
13796
5061
24216
23289
25457
25633
5402
6039
19418
7656
22859
24922
6726
15668
10424
23047
28293
5184
7239
10702
7933
19045
5038
7849
6410
9222
23514
10160
16566
4911
7480
22710
6163
5099
12401
31709
4939
6439
16665
5838
7149
9931
30066
5211
16538
5273
27938
29987
9149
4997
20860
6617
9266
4972
20114
7101
12075
29550
6287
6468
17190
6904
6994
23577
11996
6957
7236
23401
10437
34432
34252
34333
8218
25176
26723
8950
23653
4983
23323
13492
12727
5233
10897
15924
5079
6979
9615
4967
17648
4992
6498
16108
8147
8707
22122
8661
8932
5670
14205
6014
25988
6917
7789
22606
19738
30490
30480
31660
5100
20403
5676
6830
6925
6778
7631
26574
29251
6534
31551
19119
8656
10875
31059
31455
5462
7179
17688
29103
7375
8115
33076
5294
29420
30644
6921
27441
27911
8227
23414
5487
15966
29678
5561
35031
5584
34697
6211
16061
5243
7024
31197
9193
5570
18297
5687
6326
8993
19245
9806
23535
6216
19409
23058
24980
6559
21112
8631
22483
7143
16175
5295
22749
29304
5454
5695
17181
5867
6325
8991
24040
7503
11517
8004
14325
5619
26626
5274
11038
5723
12032
24111
5622
10946
28670
22305
28597
29243
20118
5196
5550
17187
6493
6511
12495
32047
25802
8724
17319
29056
33806
9186
11485
13436
16505
5090
19417
26881
8410
10523
5906
7736
27276
25454
8084
33246
10011
10142
26248
10908
19697
5578
8076
9479
5132
5198
33373
6910
11607
7012
29845
20850
5364
34227
35033
5177
5424
34939
28217
28451
30394
31781
5438
5576
19638
5128
16484
5650
25872
28854
9979
11228
26867
7610
7740
12492
6892
10826
8158
5328
5340
5532
7792
6283
7564
23158
7370
27847
23957
32591
5202
15856
26824
5595
26909
29564
6485
9440
21022
5162
7066
8592
9128
14503
5161
10258
15696
21035
23064
10917
25192
27541
29701
6213
11511
7329
11828
33356
5392
10181
18522
7339
27688
24828
28679
29255
30221
5072
26501
10056
21841
6631
25064
5379
18937
23342
5525
8285
19935
13805
7024
6874
5581
29171
30617
10482
23499
5364
5424
33804
5296
9257
20853
7713
9476
14126
7392
18655
27220
29493
30742
27175
32419
5407
7852
5864
6339
9980
7531
22725
32991
7142
14609
22287
7641
34957
5711
7212
15181
5961
6765
7076
5885
12116
21625
6583
17251
25675
8393
8711
33601
8845
19318
7788
5352
8923
18596
24364
27331
28838
5210
5645
18430
21677
30308
30508
31900
28813
10270
22145
11690
6282
10861
23436
5868
21412
8976
13365
6976
10526
15647
7031
8872
6418
6809
15115
5472
9153
19195
22476
22781
5872
12526
28637
23570
5228
16783
10355
15414
24966
8203
13379
5398
24123
32448
25374
5411
7634
32750
5971
28496
6395
21708
5763
13203
28003
9810
27294
26437
6152
9809
33541
20138
26468
35052
11719
11849
28496
5386
29510
6261
24539
26766
6496
26308
5838
26997
11556
13788
22475
23770
23874
5412
18286
24662
5825
23532
5195
6169
16022
12693
5307
7450
23243
8057
10960
12085
5229
6500
7280
33131
15099
20767
23757
25046
11995
15006
34111
34115
5652
6284
10850
6850
8525
9258
7232
9279
6980
10769
14683
5473
13538
33684
10354
5202
6532
7553
5285
5735
9321
7836
25115
20464
26481
25748
34852
13000
26209
8518
18115
31017
6569
7626
7894
19257
18670
5282
5615
25624
5657
7616
14468
21009
5681
8566
11126
18121
5255
5335
6768
26857
29801
30817
5193
23137
5782
6831
10804
12570
8432
23311
5550
27681
5733
6624
19326
7949
9005
28229
6545
6676
23980
28733
5279
23714
6924
24650
26981
5241
24711
12913
22779
25943
6494
17344
19057
7766
24292
28991
5990
8111
23280
5465
9382
32899
5634
28115
6292
7223
11353
18605
26506
5434
5589
9231
9291
27216
20972
26273
6321
7094
10655
18627
33798
10659
6791
24730
7791
7958
5516
16327
5207
6144
20166
5837
18137
9208
14308
5751
7088
18663
32466
6231
7650
9394
5696
12363
6545
23772
20561
5612
22962
5336
30241
30517
6386
7828
16009
5925
8297
20348
27078
9236
17642
30762
31290
5482
9453
21028
5811
7799
19293
27681
6149
9169
31005
8828
14747
5823
6430
9596
5603
5966
28325
5962
18372
26973
8764
12933
5368
5656
12464
6082
7082
18641
6638
25276
26424
15396
6871
25634
33345
6093
24869
26555
8873
28630
15951
30709
5461
19671
8097
14294
5276
22749
9742
28566
8878
18718
15135
28293
9243
9822
5339
5626
32076
10358
25841
9684
15827
8523
35037
25190
27773
5311
9911
19275
25103
7702
30360
8849
12529
20491
24367
9753
9815
5561
35030
11405
13067
6966
19669
30521
7471
18015
5688
8215
18468
27415
27993
16402
27442
28629
5569
6469
6455
20754
29127
5471
11484
6436
6489
10334
11217
24790
8834
22504
5788
10095
25508
30013
30498
24327
27382
17723
23672
25495
5873
14215
22531
7892
10000
29918
5437
5731
6823
5484
11671
32927
22912
7121
7653
22311
5863
24968
12306
27843
28463
29760
6804
26382
5642
10468
15533
6598
8431
14502
24328
6574
19657
7447
34936
6308
6446
11441
5621
8770
5803
9028
22923
5290
19995
29896
6116
34354
7628
22459
8439
21288
6642
11455
26627
32075
13866
20711
5745
7267
14769
6744
6965
34257
6361
7202
11954
26191
27578
8926
6204
17131
25860
28330
5636
6302
14696
12939
6220
6435
14371
17963
5315
5445
6311
6330
7856
8414
9713
30681
6450
6640
19972
6552
20250
8127
26370
8249
27415
7804
10749
6664
6797
9388
11120
6740
6964
27195
29127
6389
25112
8471
12751
5378
17597
24619
27231
11766
5516
6602
10859
6556
11183
21209
5701
6937
10988
5437
6459
25300
7554
30047
27928
6060
9590
15842
24795
27498
22316
31214
6480
6984
21077
8421
9892
12557
15570
23109
6656
7049
21419
5670
34313
29892
30701
5355
7885
9866
5846
13045
27673
31346
5857
16880
15012
29251
5783
6903
13433
7234
22140
8098
22347
26403
7194
13197
27028
6431
5601
9296
15614
5918
13225
5625
6631
28329
5800
5770
7241
12779
9139
9641
6912
9395
31969
6113
7259
21694
7173
15563
6007
23363
31635
5705
6344
8212
7700
12894
26303
6379
7772
26761
20654
26733
5996
7400
27147
26145
26451
29882
34424
9801
11844
21956
22481
32582
8238
12031
28184
14909
7070
8361
27549
30210
32475
27606
27878
6414
6885
15374
6595
22200
5429
6598
7308
28856
5629
7544
5693
6639
28886
18285
20615
22237
11463
19057
5478
9468
26584
8248
6522
28474
22877
9700
10702
5891
27680
8844
19642
5452
20809
27236
7496
21257
28213
28939
29852
6707
7148
21637
22412
26495
7317
13556
32257
6753
19766
11003
15595
24728
8329
10193
6931
5739
14021
20186
6999
9674
32104
7880
8014
6166
14259
26119
34303
9198
32168
32249
32327
11955
5466
12968
17438
25487
29405
28039
28692
10173
12577
11777
6931
8828
8905
24708
5455
6829
11370
8428
22522
5620
8140
8439
9192
28847
6244
10380
22870
25949
34461
12673
26241
11101
29059
29772
29896
30885
5771
6706
12205
5443
13265
5441
11312
11653
16088
12562
7442
26627
5729
7115
11378
27336
29024
5567
24736
21200
6000
6660
19577
27379
7909
25497
28607
6448
6776
21478
22129
28007
7347
11332
25506
20650
30716
31539
24544
5474
5682
24875
19699
24184
28236
5543
12476
6399
7109
24455
6247
19634
6970
7986
10696
28128
29120
5776
28550
7500
24682
25012
9667
17432
5619
6043
11406
5592
7152
6166
6506
11274
6304
29426
5818
16846
7751
35048
22774
25531
31128
6738
7808
34256
6189
34981
27618
6391
17300
23961
6163
23130
22836
34281
7034
10230
22813
11428
27086
9297
19750
10976
21789
6855
25929
26098
26453
22584
8296
10231
13764
16339
20824
5810
6453
24012
9072
12609
30517
26055
9368
10131
29144
8719
27886
9637
13424
6109
13393
29078
5699
6593
25668
5816
6129
24448
34092
34130
5622
5778
29807
7307
8484
5944
10380
23973
6674
22583
33308
34662
5754
12631
25778
28118
30276
6103
8290
5890
7106
30372
30464
31951
23158
26164
27412
6684
27176
25963
6022
10806
15263
11792
24450
10258
23493
25953
31652
6402
14980
28374
6982
8977
9224
9406
9977
18867
7546
8724
14179
5941
27318
30823
5563
16295
23413
32851
33577
9967
11506
11439
11810
5938
10189
20462
5740
24127
25167
24881
26575
17308
6415
7007
12197
10035
27547
23215
26581
6686
8943
13519
7092
21245
6102
7222
10611
22768
33658
6285
6876
19624
10530
10562
8421
6423
7460
5750
6693
22366
7315
25133
27563
6404
6579
18791
6063
6752
12398
5901
8939
23792
16376
17224
27794
6808
6909
8483
5951
17095
24946
26716
27386
24985
26560
28327
5999
7864
14232
27920
28955
5568
22227
25806
21800
29294
6672
13270
27293
7795
9286
26077
24107
25978
27787
12788
20185
8879
9157
22101
5573
8016
20523
9160
15799
33857
11367
8465
21806
8350
21544
23039
23400
27376
30339
5953
9879
6028
24593
9271
25319
33984
34740
14781
27689
29506
7685
9860
32328
14868
22177
7067
8407
22539
27955
28381
31447
6373
18273
10572
21392
6547
25428
15466
25726
25711
34263
29023
31308
6664
8124
33872
5711
5883
15672
22111
35083
7904
24235
25525
7334
9070
10266
26177
31297
26948
22629
6332
23790
33068
26755
27858
13153
9354
14664
5974
7316
33450
11987
25264
5735
7037
6077
10413
6183
7922
30868
10176
16546
8893
7184
12965
6578
23463
27444
7486
27500
5948
11411
29822
25891
27566
6380
11946
8600
19799
6323
13132
6104
14335
32057
7866
10189
5731
6478
5713
6564
13803
9146
10667
7927
26470
6100
6967
8734
8569
24314
30785
6405
21291
10247
9653
10775
23319
34192
9906
6234
7810
26915
11726
15767
8756
9957
7274
8946
19886
34830
5895
8285
7898
8127
10866
20202
15118
22370
5913
18382
6385
8580
6108
7661
24149
5749
22699
27006
6070
11736
5812
21879
26667
15074
6449
7985
20666
6081
25387
6902
22127
24140
9875
9980
6581
16693
10356
16183
25078
15762
16800
22357
6312
34420
28172
28561
9567
23410
7937
8024
20106
22664
7911
15866
6017
8013
14905
6264
8719
22441
23310
8837
30482
10327
15686
25225
13164
28334
5821
8947
15213
6087
16537
28606
31879
6205
6745
9620
6684
6700
15056
7168
8510
10154
10251
6369
10623
5924
18638
19108
8241
9611
15099
7447
34937
5950
6899
10943
7373
15792
25035
17884
14028
17706
33050
6164
13202
27594
5859
18904
33891
5712
18890
22812
27209
6002
21159
8889
11790
15735
6048
8321
21884
7619
34998
28467
10475
34797
6182
24318
6608
21251
23903
26873
30501
5980
6313
14608
5824
6310
7434
7095
25420
8992
7177
6388
16751
6392
8965
17309
28755
29919
9940
14240
26991
27447
21757
24034
6229
14344
33111
6257
23523
7061
29134
13124
8402
8485
30193
6289
17818
31468
8249
23670
8321
26129
31027
24249
12653
20287
21129
8021
16654
31248
8190
14901
5768
16534
25961
7123
34506
21021
32440
11494
11945
29986
6071
7994
14263
6528
10224
6723
7521
17128
6175
16589
17517
6531
11131
15070
23906
25445
26244
27227
8167
8644
7130
24423
28843
6957
6267
6426
11503
17065
6009
23494
29542
16682
27164
27683
29761
8692
8719
24693
26134
16481
27774
27612
6272
7588
7934
6041
8203
7305
6110
7344
15004
5827
6696
12001
28563
26078
25024
10375
13911
32163
32314
32370
8451
16107
17002
23351
5789
6444
17971
9518
24370
6106
24211
5795
7565
18691
7479
8247
17896
6370
13565
14279
29376
5955
23863
11550
6555
17645
6802
7000
19319
9439
26854
27345
7757
20943
7804
24401
28099
29997
6635
9931
7245
18207
15168
17880
25966
7164
9914
20945
6952
22602
33956
9617
10609
6334
7338
34849
9758
14045
6754
7269
11259
7788
19927
6086
23493
27120
8215
15369
25892
6876
11121
11689
6405
8568
11429
7117
7128
25325
26438
9717
29733
12111
16905
7415
22951
31443
7490
17638
25407
28212
6355
14153
16513
28986
7742
7787
16158
6199
6844
8488
7696
8185
15341
10084
18841
5967
6983
10627
6276
22257
11135
11508
25394
26555
28142
24963
12840
26306
6281
7821
13633
6377
8806
26662
8639
10707
8668
20280
25862
24557
27043
8204
12008
9671
26753
27551
6042
8643
8868
9272
6476
7097
22835
6609
9787
12658
15503
6785
8467
12279
6477
9017
6848
33330
9492
9540
12020
5914
18409
7484
14031
6481
13044
6440
15260
6874
25825
35095
6064
11710
26766
5912
16605
29212
6160
8942
21459
31477
31652
32389
6399
12458
9922
25609
25679
22876
17357
6952
10986
14132
20334
23109
6634
10640
24170
27711
29095
6406
6893
17868
6141
7050
8955
31294
24828
5923
6026
29638
8409
10494
6565
28399
20763
22284
24536
26120
27616
29548
30991
6768
26034
35001
7723
10029
5889
10620
12453
27462
16254
19188
29420
29629
30864
6591
6612
7305
11404
8878
26226
6500
11271
21085
25947
7461
14632
6562
10190
21961
6915
8522
34245
10541
12815
20906
6259
9227
22740
34680
27363
27822
28482
9848
9997
9389
18313
6913
6916
7384
8889
6219
14043
22844
7969
24844
27275
7080
9557
5931
9447
28898
6079
17762
28814
14149
14317
9495
11727
6156
13497
21394
27474
28857
23189
25357
6577
6757
25709
5976
10649
31376
30145
31557
16709
17052
9480
16118
8932
6104
6393
18690
8027
18020
31432
8290
12578
17317
6720
7303
22113
21255
29018
6114
7736
7901
6563
9643
34146
26503
29528
10123
22699
7253
9558
6206
7090
9691
5963
7435
26443
7142
22370
24599
26416
31279
7157
13336
14149
6078
8619
17732
28820
6954
7467
12702
7102
17793
12222
15316
6310
9224
22634
7333
11846
24074
8691
27504
9534
11059
10356
14983
5956
9483
15069
6102
8107
22763
15290
6021
16779
23034
9701
21542
11289
26312
24232
25020
28728
7795
11861
6411
6701
5958
23982
9109
27077
28919
29928
6198
7482
7754
27022
31102
6933
7190
22985
6335
10951
15394
6717
7488
15575
7760
18819
17619
17758
27158
9062
19056
24749
9900
13072
7551
8294
21675
8262
22491
11058
11674
27456
29130
6991
7314
21072
8819
18830
27558
9249
15085
23896
7856
12532
20098
8395
9611
19426
23233
7893
19665
10379
11514
28676
23081
6667
9974
9341
9352
28375
16839
24985
27073
10248
11238
24356
5991
21651
24050
23780
28663
6131
14484
6915
6637
11219
13316
6755
7280
15927
25269
9200
11504
25966
27344
8504
12746
6777
7131
25256
11164
14531
10990
27227
6124
6897
12122
18159
29826
6377
16868
7084
19602
23851
23903
6951
15127
34557
9398
25026
6293
6495
12113
12088
18342
6040
6172
20123
10871
13750
26374
16484
26180
23925
24269
9340
24668
6058
6070
14727
6447
19119
25086
29201
30522
6659
7203
13453
18193
14215
18451
21918
9028
9373
25210
32456
13692
20202
6881
12848
14117
8472
14682
6567
9163
17982
6517
10624
6675
7889
18483
9063
9263
9206
17139
6658
9751
14026
7043
23012
12414
21009
13689
27130
28148
28497
28763
15841
23935
26934
11014
9429
27670
6343
18211
24775
6525
7896
11082
10212
11723
7704
8040
8118
11675
22178
18264
18506
6176
22415
28969
6298
8935
29689
10725
17433
33087
20512
22208
10199
11051
24287
6604
13155
30330
8721
25139
26131
9335
34084
17767
24822
33432
7341
11752
25256
9524
10658
32912
7124
9782
31935
33384
27782
28825
6439
10046
7364
17088
10256
12231
11715
12519
11884
16093
12341
28973
12408
26072
7078
7928
22850
6334
14750
11046
22958
6308
25518
6786
8179
15421
6156
6288
14092
6630
7161
19534
6133
6807
16218
10006
20035
20787
6360
7995
11543
24356
24899
28724
10628
24128
26150
6272
22381
6668
6234
18661
26831
26871
6101
15846
9200
10261
10098
19340
6906
7207
7587
6376
7101
25094
22694
7764
11153
11666
15403
27327
27826
9776
15035
6350
7437
15150
22526
28933
29842
30683
7278
14466
15093
6803
10469
10538
7681
18013
20161
26856
6756
11600
27099
27446
28934
7835
9443
8700
13727
6471
8169
23899
15146
23665
25050
8441
16226
6353
6567
24327
8083
22214
7196
8359
33942
7098
11085
27430
6636
33909
8887
26899
28036
29906
29966
6721
9230
16290
10821
14598
27107
28959
33295
12044
30740
8725
11552
11882
15243
21458
13698
7318
7562
18579
6705
22954
27139
27570
28600
10411
29785
10219
14700
15440
17258
6461
13116
7200
7710
18967
14130
26101
7298
8391
12291
24462
34133
9244
28545
7552
16140
25652
6683
6982
14120
8598
12794
14892
6778
7940
17525
10332
12680
6139
9390
14036
7728
13294
25217
27410
26708
34271
10260
18955
6266
12487
25900
14848
26796
9811
16157
32195
8155
9062
8019
8442
7238
11071
19851
6433
27923
32928
6498
7473
10347
6192
9874
18758
11389
30642
6576
14405
28953
6647
11820
6981
7411
9976
6558
14374
15498
22709
26409
14020
26850
7687
9314
13649
17937
28201
24984
27742
27807
6497
8119
16674
25487
11122
22756
31464
9705
19636
7213
7673
16102
6665
17366
6179
25993
29866
16738
7448
27404
7288
9124
12260
8539
25751
18303
24243
24078
25814
29922
8807
9753
34477
9904
16099
6338
6737
27114
9469
26347
28314
8302
18992
23752
6382
21746
8303
9944
8297
15087
26979
7407
8014
6709
7007
9887
7615
16249
31319
8808
17649
16321
20120
7554
7935
11997
9902
10513
9250
20516
9052
11493
29864
7793
23676
11999
25892
9378
22567
6589
8186
10907
7761
9032
13827
17404
28877
6464
21832
25227
7037
32897
7063
19488
26330
6417
15059
30006
13142
16664
21237
26181
7277
8981
14565
9886
10036
8587
19571
29806
8296
8736
23703
6531
6578
6406
17900
6629
14539
14758
6412
18869
22734
29192
12159
24409
27460
6401
19770
12163
34521
8401
24430
6488
8898
21768
9921
27551
16546
28226
7651
10335
31906
6386
14402
20847
23677
12573
17733
6605
7006
35018
6861
9603
19876
16300
27290
6432
16945
24776
11756
19710
28253
15796
26212
33517
6859
33910
35034
6944
34940
12147
26636
6816
10782
27432
6714
8210
26522
7089
8401
25255
30882
7002
17024
13961
14158
7519
7833
21792
25051
27845
10642
14320
21037
24810
26104
27573
9448
6357
24533
26700
6341
7074
34555
9854
27325
8680
22752
24623
7910
8629
14984
6837
8060
9161
34531
14980
33855
6955
7134
11881
9515
11566
6591
34403
8205
19786
22883
27152
6436
16137
6387
24290
25376
6642
7594
21907
6262
6956
27846
6273
12021
7328
9715
29250
6505
8060
6651
9655
21785
29944
29958
31196
9510
10320
6678
20448
22219
7254
11425
26941
28364
28524
15621
21716
6962
13662
26722
10528
18992
7103
7726
10504
8777
22723
8355
20827
8374
24228
25545
27174
31210
11647
25132
28122
7439
8012
12964
17034
6501
23186
30765
24348
25821
26657
6478
12161
7030
26005
8710
27594
28121
8786
12655
32325
14303
30958
6398
26530
6446
25518
11251
25665
12517
13417
6598
25847
7963
8101
15867
18973
7356
8760
9930
10593
7406
8050
20184
6509
6882
24714
9260
15084
8135
8853
6691
8043
22722
6463
7184
26808
6736
8083
21459
16903
9982
10063
34027
34042
7234
7325
22798
10123
13882
7229
9867
12119
7842
15507
6596
12868
18874
9997
26585
6359
9112
10880
14066
20102
20450
33069
6416
7567
19439
10177
21335
13825
27907
17011
8397
13917
17347
16077
24318
6828
20649
33137
8146
8211
21268
6438
11127
19494
9852
26788
6333
8609
8902
10321
16049
21322
28226
8229
8160
6818
9411
13199
6959
8199
17673
29922
6899
7214
6847
17525
25984
17534
20443
11833
14303
8613
10930
15674
7171
21291
7287
24609
35050
23456
27702
9929
12799
9239
11040
7395
7139
13892
15661
6434
14277
7728
17550
6869
10272
11218
9025
24843
27539
6825
7607
21850
10784
13414
29355
7365
11533
6794
9422
6783
8206
10022
8402
28163
11202
18300
6517
9428
7899
18418
8622
9270
14625
25740
16937
21930
9639
24282
9254
17497
11656
11787
26031
34184
35086
6384
12853
13215
7407
7880
18792
7539
8733
19728
30283
6390
7738
8531
7036
9337
26882
7858
24991
7915
8142
34353
6779
25851
7098
24475
34064
34075
10439
12757
26572
6443
7409
25341
21060
27060
6748
11040
10101
25221
25611
27435
8537
14872
31023
9973
19425
20878
8406
20478
7647
21113
8514
6982
22634
26416
26644
28268
6803
14577
12604
20334
7289
9656
14029
27582
7502
17233
8457
24494
13455
16697
11819
23498
35044
34950
17027
26072
16623
14235
7814
10656
7899
11738
17886
15645
20907
33703
25745
27476
7695
27368
9772
19090
7037
9321
10127
13526
14796
6457
15147
21911
27096
8861
10370
15160
27880
29076
29465
8027
9158
17574
28004
6841
26526
33324
9519
23510
6719
8990
13154
12178
24884
6881
32501
34274
34383
34009
34011
6580
8030
15274
8749
8962
34209
34583
9251
18794
10002
10197
7543
15577
7689
11762
14830
6442
6695
24167
25600
14800
9913
18465
30437
31756
20708
7016
25975
16754
25143
9139
27185
18196
14232
6742
13270
25229
26024
19995
29772
9356
18022
22367
7162
7390
19186
7223
23912
7560
18856
23160
7765
22549
8837
34806
6801
10503
7506
9212
15096
27546
12289
24600
11066
17463
15608
22055
8483
24690
11451
25889
7910
8274
12485
15710
7103
9687
19217
7473
15989
6858
16379
22956
22371
23281
6671
7350
20872
7009
22762
25178
10920
13185
21165
9543
12562
18284
22192
8348
11323
9878
15014
9699
23111
6984
26185
6843
7653
12430
7574
8486
17392
9042
27150
6544
16747
6946
9371
9503
11060
13632
9543
13685
11724
13781
9661
23853
24592
6905
7975
12879
7185
20329
9453
16693
7137
25570
15447
27337
7732
14733
11349
15789
26947
27078
13042
10322
12356
27641
7727
9798
22977
6835
11779
9349
13091
7920
8805
14665
7300
11932
24317
25875
28834
24516
24839
14310
25550
7489
11913
18686
6927
19563
15988
7218
7409
12471
7377
17902
16440
27878
6932
8319
16024
16512
17549
25275
26824
28320
7494
27218
34942
35036
22583
33347
29683
29822
31203
34248
34346
8723
19952
7304
7514
12459
11475
16103
26420
7687
23534
7674
7690
15357
32794
6607
7337
20877
28306
29948
6972
7043
15917
8072
8966
12206
12288
19160
25660
26878
29738
6565
18082
26190
8306
15489
28396
7187
8170
10495
19229
29280
16088
10463
24275
7595
8363
10240
6584
7583
20398
6723
7091
7511
8888
20491
33790
9375
11154
8108
8665
10386
8621
16223
19300
25387
26780
7542
14011
15670
18268
24183
14775
27271
8572
11866
20064
7055
7297
13223
19623
24476
6652
15127
10357
17829
23326
7477
7578
13709
12203
10466
22927
8637
29259
7018
26634
26879
8091
21147
25620
10047
11857
8455
24764
25910
7679
8641
7484
16811
14383
17612
27246
26944
10793
12408
7392
17403
11512
15727
10186
16332
26240
24620
24880
8739
21756
7942
8989
10476
18693
30003
7758
8758
22720
6804
24704
28920
16870
6603
10783
14241
7753
15350
27753
28449
16147
30640
7500
23799
21235
23117
8224
20800
22464
7413
17597
7533
7981
21561
7636
8303
16078
27073
7148
7451
9840
15557
22669
12376
29137
27181
10905
16930
6649
23271
11717
12143
7440
8438
14039
19096
31074
11339
25479
7283
9436
9723
7685
24330
25585
7355
10140
28247
27177
6758
25778
28668
7519
9948
8571
28086
7388
7774
32329
32430
33593
17815
22726
30560
11578
23819
6697
20914
27526
7137
7822
25545
6990
8052
12319
7015
17239
27560
9838
18147
10026
22363
12510
26307
28586
25239
26423
26545
19325
7808
9858
12698
12518
26372
8871
27632
8489
10755
6766
22265
17418
7861
27432
29693
11599
12535
7006
34404
35019
34925
26647
8863
25223
25994
11876
16306
8327
34325
13761
21442
8265
12932
15367
8113
9123
16090
25364
19152
33084
7010
8793
11391
10612
18525
10665
12767
10866
11922
10285
27811
7671
13677
8988
10480
10259
12388
15854
6865
7266
25970
10537
12035
8326
8671
7224
10996
22824
7189
18501
19019
15221
18887
6806
13904
10198
18688
8075
8453
8538
19370
8261
10661
18575
22819
24932
7972
11317
24801
10082
24644
28181
6791
7422
8023
8378
13948
16043
20216
7209
7362
20466
23522
29444
14275
24692
29784
7608
15778
7798
8499
6831
13251
18023
13035
14853
9582
21912
9189
22029
7371
25451
29120
16588
34829
9134
17504
20870
22534
12141
28961
29302
8212
17975
15066
27081
19893
21088
32588
29700
9466
14350
7492
26165
11553
15100
19066
27816
15462
24301
30990
31225
31867
8997
10628
26597
8234
9475
14987
18339
23559
7014
15023
23294
20651
29849
12467
13049
7575
13087
13272
25616
34466
7916
9620
10475
9799
19344
20914
22262
10094
21030
8545
9246
14840
23890
7717
13937
24342
8197
8450
21645
8408
20026
8824
13125
8034
8785
12068
7228
13469
33085
7382
8138
14895
7016
13003
19715
7099
9953
31956
22943
23182
6749
7192
18139
7747
28802
31192
9238
20490
18847
7851
34081
34086
6944
34941
7027
14970
31229
28063
31438
6859
35035
26277
10802
16946
18390
30837
31738
9430
12079
7310
18442
7251
14081
16495
8184
8289
10438
11504
12484
15739
24110
9417
11954
9432
11265
7493
20686
12517
20106
7709
28693
7831
14924
28026
8286
20451
10842
34417
11162
14841
27791
7035
9367
8412
10539
13360
10840
12355
22247
11081
12488
16481
33720
7455
22022
30541
6834
9624
18784
11816
14389
27928
24695
31235
7046
14216
23519
23866
28846
25761
11880
18554
8353
10179
8202
10872
25388
7659
7993
17822
26519
26619
28773
7412
9131
13880
9320
14393
9437
10192
16289
18662
15647
14185
26004
8132
13954
7201
14995
21472
20698
30449
7584
7391
8103
21522
21327
27004
27490
6839
16073
7345
17328
17906
14072
14501
8008
35065
8581
29792
9594
28433
27942
28220
8370
12107
10344
13011
24808
8957
9696
13941
26015
7679
8909
29681
12370
26996
28814
29098
8773
21029
23331
7592
17538
17784
15922
18811
27051
8145
14741
19389
9790
11387
8624
19199
32698
8300
21666
8369
21874
23406
9023
11846
24423
7445
9454
20455
7309
8781
18838
23294
9459
10314
16381
9312
18198
7370
28667
7648
8918
14166
13378
23025
14985
10984
15800
20577
27745
29223
6886
15956
19206
6857
20510
12733
22673
6918
7166
20459
7029
7358
13041
8687
9855
9345
14159
16621
10317
12040
7609
22032
9765
11595
7627
18120
10253
12540
14243
7923
9175
10467
22990
25862
7185
25550
15211
22568
24975
7527
24707
7340
7844
22094
7862
11379
9039
22922
28537
26161
8901
9821
19790
24297
22748
28988
20554
28619
16477
20024
29943
7175
11039
21595
7026
14194
19518
7499
10564
8688
11036
20224
9071
24461
26622
21760
29548
24705
7820
17779
30354
11190
11673
7637
7712
11492
26349
28994
34863
9523
25489
24541
9624
21968
23626
7528
21608
31475
10633
15173
23283
7577
25807
26878
25399
11077
15864
13825
18040
19307
7777
17059
11319
25944
18478
32529
10041
6968
16354
11071
19802
8543
8555
13351
8075
8140
8397
11715
19351
7647
8461
7287
9706
23379
28397
17707
8222
17550
7301
18080
19213
11890
7891
8044
18239
10116
25529
27309
8285
22668
22199
24317
14397
16000
7739
11510
10432
23199
24433
30800
7719
15418
32269
9786
10483
29504
8542
34971
7272
7289
7320
34799
24818
17577
27559
7643
34017
34021
7374
7755
12612
24642
29196
8544
24286
7416
12536
33128
28068
28310
13242
20855
8207
14820
24607
8366
13280
7246
7711
8352
7042
7107
29901
9642
28423
29199
16069
16028
24045
7227
10165
10178
26525
8235
8615
19982
28231
28822
30030
7746
8532
8938
9891
10201
7513
8569
21357
7373
9252
28533
7078
7703
16974
7613
9207
11491
7367
8082
14167
8588
12134
23475
12090
34028
7449
33927
34749
10774
11255
25204
7062
8090
7287
7751
7395
26025
8042
16525
28561
13623
23921
7251
14082
8331
12110
7081
7213
19076
14838
25689
7343
9307
13055
34251
34277
9598
13530
8088
10970
8523
8588
17037
8539
11764
7285
17458
7530
25758
13635
15407
13326
16861
26546
27137
7292
7426
27172
8037
11037
14143
9676
9754
10412
8499
24655
25458
9806
12737
12120
26498
13400
13775
8462
33053
17521
7248
8642
23154
7033
22194
23170
8191
26484
11760
17456
24738
8590
8757
22028
7651
10410
10036
14891
10073
21950
22767
7396
17169
19407
14849
26762
7704
20641
7428
13728
21003
8532
19005
25102
7948
14064
21097
13291
21682
16090
27808
7652
9966
15332
17725
7368
19003
31121
8338
8704
19843
26070
31119
34170
11755
12718
14002
9830
23818
24042
25395
19346
29472
7831
23163
7887
10302
34754
10086
12569
13916
17776
23525
27491
28377
28395
26985
28137
15445
20208
34066
8652
12357
14504
9644
22250
28729
24003
34178
7510
18400
19421
21242
22441
10550
10869
11851
16983
12907
8644
10096
13778
27230
7741
35062
9996
24437
28493
18532
29334
21136
24520
17738
7347
16631
7112
34356
7565
8118
24000
7862
8673
11041
8106
8544
10870
11635
20162
8095
7260
9651
17535
9146
27405
21621
7262
9385
11920
8177
17997
30383
13441
22845
8324
18214
7076
7541
19287
30291
30473
31440
30765
7883
20614
26899
11194
7336
7775
28439
30161
8150
22753
26474
7227
16095
19098
8371
18741
29358
10133
9752
24930
7617
7755
10529
11449
22010
29535
7286
25829
19960
27333
8051
14594
19666
7688
23952
24446
24680
28101
27735
28032
15716
18256
8337
8692
17947
7570
7453
8802
10489
10034
7523
16420
25127
23990
26496
29291
21827
15293
19294
19484
7497
9775
12766
9149
16232
7572
7962
13927
7778
19268
30850
11276
9996
27258
7775
22585
7769
13599
7980
21612
21154
26629
32659
22186
26076
29723
7196
7872
13685
17363
25971
8577
11109
7677
8404
7919
17835
22561
7117
9584
26676
7921
11305
18162
22383
29802
9075
17478
17607
24043
7660
8654
15461
7635
34347
34047
9300
9721
9755
27210
28139
10297
12048
24180
24157
7538
9508
15013
24030
27361
29279
7998
9170
23493
28354
9182
10059
24473
20467
7240
19474
8086
13055
18897
11993
12375
18862
8610
9578
7478
26020
25335
26455
29139
12161
27040
21035
21104
8686
8473
9126
17921
24481
27742
8243
10391
24766
7193
15806
15903
28438
9242
9865
18640
19790
21822
12653
29155
8358
8734
16020
7555
29825
8382
27172
8003
9200
9578
9383
10018
7750
11878
27036
15042
27537
28242
11225
28600
7510
24691
26946
18350
7269
7931
27356
8618
8970
24536
9710
10136
21371
20532
23272
25918
7367
21846
7840
8629
13428
8286
20898
23395
7353
19497
19556
11980
24851
18351
22319
7335
9530
10106
15293
25055
7839
18197
24417
7621
17035
7987
8239
8303
8149
22846
14360
14997
31579
26132
24473
7944
23169
28911
16236
26275
9455
14168
20920
7858
25318
8641
8909
18012
12604
15422
7914
35049
11006
12300
15219
16520
26460
10037
12775
18467
8595
23920
28026
8162
8152
10085
21160
22203
12020
18788
12431
27751
30759
12886
16237
7279
26936
8498
15692
30488
7923
11781
9549
11165
29147
27577
28414
28800
18175
19443
23551
7249
8096
12831
7458
14880
34372
10308
16884
9179
22392
27419
30000
29499
32672
34108
34794
7446
34023
29117
20732
32634
9142
9527
22181
9766
7508
8267
15567
7514
24351
7828
14402
25055
9151
9873
8026
15873
22202
7863
7957
15959
7296
9104
11372
11935
16390
20116
22273
30661
9001
16197
23367
9035
9902
26897
8073
25774
16091
9251
26278
29786
7784
13966
32720
27377
11111
13451
16978
20343
8330
18111
22555
7826
20634
23808
26276
34345
7520
16514
19201
17986
7855
8340
23314
9445
18952
31904
8985
9923
14581
17493
12452
21938
9895
13600
8962
26549
25748
7342
15342
31730
13263
17987
34157
34812
8233
15239
31003
10849
15818
7427
9675
10612
28123
28205
8022
9318
19844
22496
23468
25982
8363
26804
8966
19495
7432
8286
16003
7676
11879
19950
7684
27805
13668
15801
7803
8245
23859
12953
16560
9585
10216
18807
20706
27561
32119
7405
8587
15508
11676
16671
7726
18117
27853
11703
27964
28308
35079
7677
11766
20707
8744
34955
16696
26633
9243
13707
8867
9294
10069
8780
10509
23996
27186
27971
15878
22967
7524
10390
33146
13609
17853
20969
7987
8242
9944
10349
22805
7866
8491
13823
7420
7421
26492
25573
26037
7686
32546
9541
15005
16002
7888
13430
9037
34608
7771
9256
21647
7501
12851
19679
7588
22381
10606
7532
10641
24825
27931
22547
32547
17846
23871
12342
28073
9697
22586
15166
20408
18395
7430
16364
31207
8829
29767
8964
26736
16991
20134
14624
23613
27391
30072
7853
9046
12594
9079
9420
23943
19368
28779
32478
13209
28009
13341
10828
27011
21708
7630
8002
9581
8223
9910
23659
7685
11712
33307
9939
17434
22344
9293
21556
8159
8674
34012
27298
29137
15004
27739
27513
29389
8224
8453
25005
9662
19585
19928
19178
25332
24088
24900
15729
23596
23846
27455
8583
24694
10605
11243
27636
7859
8560
10052
10179
13691
13804
22229
9903
11828
19589
29270
28029
27332
18131
18241
32354
8143
8479
14071
8226
24795
13875
23882
31739
7851
8645
17955
10411
20962
8500
19045
7374
12657
15184
23523
8167
13981
8019
8309
19403
7801
25049
14295
14331
20266
15957
16755
32453
32469
33416
7891
22170
9150
10879
30424
30752
14317
15162
18797
11841
18232
22456
17167
13236
23543
7642
16446
26373
11104
10242
10388
8287
10479
11224
7827
24129
10055
14791
15576
8797
9124
12461
9127
17952
8443
15698
33168
15141
17236
7438
12796
16504
9400
10874
9283
30580
31996
27613
27697
20304
22164
22198
27942
29059
7485
11110
27494
17001
24930
7512
31304
25138
7558
9679
20570
27764
29590
7876
11992
14161
19315
21692
30169
21051
25571
28394
8193
15804
32246
22055
28621
7454
11280
14522
7431
12636
16103
8033
8391
16138
7602
34223
34586
8731
11160
12188
18894
14013
7959
8268
16773
27259
8307
14185
15315
11627
14321
16805
11544
19390
9978
20147
26323
11025
11355
17145
21181
8085
8666
14454
11073
23146
34625
9652
13583
14203
9901
18720
10602
24144
9376
15884
7819
12258
18818
7522
19507
28609
8010
13655
32823
10235
10759
7919
23083
10979
18696
21453
22073
25011
15659
16782
9089
14140
10788
19216
8597
13100
21934
26617
26802
8528
29907
8420
8602
11725
7521
22426
22038
16087
24438
15580
17580
7984
9099
24796
31398
33282
7954
16567
16772
19856
28400
28779
11018
14069
9801
10170
17033
11634
12944
7950
24438
27816
7483
8405
22697
23741
20543
8789
19317
11612
12413
23528
8698
11134
25635
7614
11805
20558
31293
7756
13971
9875
25208
25958
26987
9105
10500
11445
12579
23747
7553
14847
15856
16506
23586
14695
29171
12312
23133
32934
34272
34304
35098
29522
35004
25767
25959
7968
9167
21345
12211
21104
14061
17393
31299
13190
14703
17671
18338
18766
24959
19487
23155
25696
7965
8037
10233
27444
23781
24894
21022
25090
8480
26770
11250
21256
22862
18489
25603
24639
30380
10387
10578
16169
28509
8375
9274
13642
27467
8675
14688
7877
16785
24956
30400
11476
12059
17620
27273
27274
23106
7743
17601
18239
7901
15372
19573
8115
8727
16350
10374
16580
10161
14114
29610
10047
10545
22702
27532
15995
8546
19749
22485
29921
14209
21023
7668
30351
30431
31219
26842
26974
29113
33579
33681
10594
10477
19121
15030
10672
12201
10778
13644
11923
14482
10421
23337
29359
7605
8593
15262
20893
24363
19038
19321
9275
9695
16418
10135
10945
20111
27117
24076
27113
9191
20447
24323
25856
28382
29430
31911
32655
8305
13130
9746
23984
7542
25932
8478
18070
9116
10113
10440
8063
12355
13795
8252
13431
8067
22988
8273
18714
31618
22156
8024
15628
34135
8547
25175
9008
14450
34652
13331
22048
30176
25815
8597
24512
19607
17816
8476
9279
10541
34866
8512
20494
21685
8859
8957
24517
34926
10138
13757
7633
15083
33468
14690
8173
10459
15718
7695
26638
25640
7645
21780
32662
19306
20027
28022
8881
16277
28323
7915
13584
7882
8885
10225
11322
12512
22757
28243
11601
15091
14674
20419
8076
13135
14497
7875
11737
10600
10920
7649
9776
18523
25005
28044
9098
9922
26542
22981
25120
28263
7906
26960
8663
8204
9342
29646
22288
24672
25381
13415
13688
21774
8322
11106
16499
21744
24592
25617
12800
34197
34684
20439
9489
18079
24894
9550
12332
12324
13275
14903
18651
21347
25152
28754
8119
15005
29109
9941
21575
33640
12988
14594
14858
7612
14434
16470
8520
9672
14685
14947
28482
16286
27724
18656
12590
20982
25670
10118
33646
13855
17528
14905
17018
17942
23088
14097
17329
20822
15653
23043
12062
20354
7872
34867
11330
17878
8851
26452
7953
16548
13838
20241
33456
12960
18958
7902
28946
8425
20455
8836
11080
12438
16003
23596
8117
23831
26540
9166
21468
8022
21902
12700
12358
25463
27487
8567
15196
7657
28939
15051
21929
12979
15139
31993
8992
23969
8325
34426
11978
12136
9155
20553
8161
9452
26802
7758
10712
22675
25719
26198
7669
17054
18234
8540
9310
20072
16637
19203
9048
11386
19251
17900
14386
15339
16399
28500
19979
22183
34862
24904
7802
23559
24685
31591
31821
27953
9280
10337
7934
11551
13359
11189
11333
8221
11807
10271
7918
19725
23217
10951
28748
8683
17056
20399
16848
21676
22649
8579
10476
14356
33912
34255
8050
16278
10028
10587
13537
12394
14218
8940
10889
11321
13529
21630
23089
8213
12150
14697
8566
10566
11663
18394
13950
21299
23208
13327
24893
8446
17812
30221
7812
9286
11861
13898
20492
13556
32315
22847
10324
32660
11412
19643
29914
17122
22217
27157
27660
28913
10803
26054
26717
28278
16982
30257
11262
13899
14774
8917
11063
13244
9532
10400
19088
18432
26799
8535
12264
30549
23033
29846
24450
27772
30886
28837
34183
34278
35089
17275
25407
27392
27366
34155
7998
25953
7787
24400
12269
17560
8081
16214
16973
26362
24915
27157
13659
24329
23161
24690
8266
8610
15506
7928
9343
12259
28432
10454
13776
18669
13973
22371
18395
21788
26543
10588
9198
11185
18721
24951
27535
10304
18471
7848
13108
23835
27321
7868
31668
9311
13391
25311
28046
9536
15594
18440
9703
14129
9077
12381
21656
26564
9262
10315
22666
13849
17337
9954
25222
31011
10145
13170
19660
20952
10268
14548
18542
23202
29649
24686
9516
25662
25074
11778
29173
34165
19521
22163
18843
20534
22770
13767
19512
8911
20092
8974
22578
11478
15452
8584
18816
34815
28577
29284
26007
23663
28736
9548
28739
19788
20096
21677
8712
11991
22149
9021
15377
8005
9250
17782
22402
24788
9993
27131
29595
21901
30312
25743
11898
20628
24763
16677
19134
7921
20547
7854
16935
30053
13363
23256
30569
8791
11692
15249
8066
13884
28514
27044
28614
8982
19124
8038
14784
18239
24169
26373
28149
23635
28056
32412
11484
26167
28285
23013
21312
23427
15852
21900
8959
21432
32511
27282
10500
11318
9551
10851
23802
11959
33686
12318
22990
11555
16216
7941
10566
8318
23668
12691
31759
28260
8425
9454
11807
8789
9203
28949
23539
26023
9589
14649
34725
8414
19306
13714
19784
29538
10653
12245
8403
8998
15977
13577
13868
11741
15100
11865
13914
20289
9076
10543
17109
8759
8948
12238
17262
32676
12701
17798
15424
24507
12747
24648
8865
15821
17012
9562
13259
31631
8073
8841
14914
16377
17531
16837
20378
23557
11008
20970
21120
8921
12084
27011
10690
11750
30200
30697
13058
15774
7905
25887
26793
10298
27152
9022
10099
25026
23221
25190
26626
23374
29929
13129
16044
8262
17456
25429
10979
27064
17968
29645
9865
22442
11288
22097
9154
9171
8225
12168
22099
11235
18133
8134
10354
20716
28084
32657
8232
14690
8378
10953
11680
22025
8112
26008
12379
22101
24028
28017
13926
8570
13681
9645
11637
28683
16246
28365
13652
19705
21953
20416
25077
9937
17535
29178
18819
11440
19111
22873
10635
21305
26178
27515
9708
10499
16625
7893
26914
28854
8751
10088
10493
9010
17681
19965
11942
13342
34145
34148
27076
9027
17693
18242
22394
25003
30122
14800
19468
22313
30135
11105
20869
24712
22776
27627
30862
8900
8934
24074
8001
18192
17472
25110
8224
22537
9866
24596
31917
12755
17969
18460
23410
26567
8421
10819
25952
8070
33361
11943
22276
28754
12217
23243
25593
8123
24076
13008
14910
9987
28590
26425
28195
13120
27265
20604
23739
31319
10889
22955
24862
25894
28379
25552
8299
18381
33304
8458
8554
12792
10390
20048
8993
8609
10890
30341
10228
18812
22987
10855
11096
31001
9775
27976
22880
10030
11048
24461
8046
32352
33081
8418
10625
13001
26959
25018
9113
11799
12590
8396
11219
17155
9899
11325
18667
22764
8242
10140
22626
19837
8995
8183
14206
10414
18752
25170
8533
12155
24879
20070
24622
19495
19803
20413
24468
26967
27105
10378
8657
8698
11940
10858
15902
18101
7976
9539
16086
26334
9375
10048
8012
8047
24357
24769
27002
10090
29262
10472
10709
19095
32709
25156
25280
27564
14194
18105
27873
24075
27843
8875
26434
9526
19002
8275
9718
11655
25475
26409
9235
26084
8401
13599
8493
16842
24554
12332
16120
7977
32621
7997
15170
18562
10795
25087
11230
27489
9384
9559
13440
11178
28456
21591
23918
8600
9601
17084
8548
31656
9075
15271
23662
35070
34976
8980
9733
11650
20402
11969
12805
27704
17604
22500
11031
17788
33574
8437
15037
12812
27516
19834
31559
30073
8175
9134
13360
8762
14595
17840
8574
20137
23311
10377
25752
22484
34189
34700
12721
15057
13474
25456
12000
18082
15734
28342
28629
14148
22700
18525
8771
23378
26820
8801
9328
14421
9056
19495
8348
22962
10296
17741
19263
23215
10868
21463
8380
16985
20993
11381
27910
8124
8198
21641
12683
17536
32250
32267
33497
12603
8565
25238
21425
11174
19284
22906
24057
16098
18308
20972
8301
10720
16296
19912
8161
11659
23878
11563
15850
12166
12594
16932
25917
8541
8764
10024
24522
25235
13872
8922
14736
8151
12527
22278
14060
20364
17265
30332
8936
19123
22852
10641
13136
8935
14829
24540
29092
30701
9678
28950
23723
10147
20786
9692
24442
29595
14816
19026
10196
12775
26451
29187
8259
22588
17587
8955
10171
18003
15773
18335
13025
13193
12104
15485
33198
8430
11148
22895
17699
16714
28183
11642
15228
17417
25655
8534
9797
16686
8291
14245
17698
9130
19274
31769
9692
26701
9019
29839
8280
13607
15434
23290
9911
25582
9002
12878
13316
12323
12690
17442
20768
21840
23665
28663
9869
11056
17542
22588
8796
10350
16968
13699
14336
28344
12875
14792
17993
25588
26193
25310
34428
18213
9561
16234
23997
27355
19242
8420
9893
10210
8092
12567
18420
12920
20789
23095
23063
26589
11410
15287
16796
17387
18303
24443
32777
8723
11224
10115
19320
9733
20779
32003
18306
22401
24248
27291
23397
21831
24973
21213
32983
8556
21264
30734
9180
12240
33993
18597
19223
12954
16863
9091
24864
8192
20654
28096
12681
17316
30636
16831
25255
8826
14037
15044
12769
14866
14979
16571
34224
11533
25144
12131
19078
12780
14578
23774
24454
15913
15968
29886
20771
24343
26529
29757
10776
29384
24292
29144
14827
23430
29260
32305
8581
21245
15519
24093
25307
12941
9785
12519
16075
17371
19395
33139
11207
11208
15022
17285
10280
8800
14629
27982
22401
27426
28976
12548
9043
33817
28231
28747
8410
19243
8958
9991
9781
11562
16653
14831
20305
9898
11744
9540
26617
11478
13269
16753
8720
16458
9511
17492
33967
20165
8265
11364
34143
10649
15625
9283
21305
32441
16339
17333
12456
14464
22173
28148
10559
25079
10757
13954
10608
22276
12765
13791
8507
32343
8474
18635
24545
12752
13551
14250
19030
17370
18144
21493
8765
12451
27828
9055
34551
34358
22153
8869
21984
20148
9386
9422
14311
9408
12609
29615
8830
13662
25159
9614
9164
9570
10591
9215
13973
12401
16896
24046
27674
8708
14768
11481
23539
10712
21770
24709
11852
12617
9917
11195
22876
8280
16204
8562
15324
16695
13483
22391
8576
13789
20938
8312
12287
16355
15540
23916
25559
15628
34813
11754
12435
18114
20969
10354
15122
9801
14338
9042
9427
8527
32472
9879
22994
11690
16761
22884
25405
11671
18511
11363
12584
24456
8398
10442
17763
14781
22461
15654
17289
8551
25452
15224
23361
8294
9164
23112
9299
12296
23332
10337
21248
24435
24491
31472
23274
30921
23527
24009
13845
25512
8362
11450
17968
8735
29911
14795
24745
16334
17221
9791
10312
11937
28027
14567
17494
23750
19696
21565
24330
22052
28572
15364
20819
32372
25289
28667
8557
12639
11245
14663
20571
10728
19534
12558
19083
12563
8929
25065
21416
13175
16302
21951
12263
13334
13943
33991
34686
11033
12863
11052
13544
10881
19324
33545
9188
11457
15918
29419
29612
8325
29502
9500
20411
22746
23051
29468
17845
20829
30159
18711
25527
9379
24618
12540
30177
29206
10024
10259
12933
9681
14718
24437
9195
12956
9537
13001
15987
19753
23459
24277
9177
12906
15426
17796
25872
10570
12921
21282
8954
9018
10592
12665
22988
10005
17510
29932
13078
18515
25960
8614
13192
31184
9764
9983
15285
10108
8586
22563
11857
28223
16184
18259
9159
10442
29958
11421
8573
20256
23959
8774
10077
12971
14973
15244
11998
9175
12694
27541
28886
23114
30190
11412
22083
23089
9204
26781
24204
14659
26613
8385
8636
23375
8628
19268
30936
12493
16146
21320
8905
17794
9114
10448
12423
21675
11388
23612
10457
26798
28112
10148
24399
8678
8699
16840
27610
20395
9569
15976
18296
19077
12422
30118
16526
24900
27224
28189
8316
23530
24889
10687
17279
15104
25128
9108
16498
11300
12927
8746
26230
8743
19602
17869
20775
23939
9334
13205
9101
14184
22581
26300
30254
9817
16590
16609
13442
25575
9022
9398
10486
8952
19305
11670
16347
10857
25906
33627
13888
9823
18307
12424
13149
24402
8413
10171
8913
28837
29096
11591
34386
13606
19150
30772
8927
11927
15719
31171
24030
28585
11186
20843
8392
22070
24806
9026
11404
12162
29163
29585
32982
8768
11375
15273
14202
19863
9459
16247
8852
18817
8856
16631
20124
22785
35097
22416
33726
35003
8388
12373
18385
9029
16229
8778
19684
21890
27408
8741
30542
32221
12787
13033
25525
22931
26389
9709
12029
15126
8876
10382
9843
12928
20766
12546
12816
12132
19877
21496
8607
15078
15590
11552
16105
34394
8753
19074
23816
9253
27833
14664
15540
9278
11263
32500
9217
9547
12507
12308
14365
9077
11471
12349
15087
21772
24718
31399
9818
10992
16867
17225
8843
19976
21156
15816
20757
21363
13302
24409
10486
19051
9998
12255
18718
28322
29815
13255
8487
13256
16781
12963
31356
13808
22509
10235
14423
9548
14410
15229
12551
26827
28244
12290
23731
9192
23402
32876
8604
17606
23782
9313
18360
23291
11688
11775
19454
27276
23370
23854
22341
30522
17255
24063
30989
9731
11110
9837
13616
10775
14707
17773
9122
9367
19683
8832
24187
34517
9936
9943
27444
9119
24657
14363
25359
19067
26573
20546
25991
30983
11607
8427
17442
24591
17421
17993
12732
17530
13654
34275
34302
35025
34931
13890
33500
8952
19255
9232
9355
16155
21134
11189
12721
30028
8442
17939
19403
10763
13663
14254
8557
11015
25099
29629
17953
17796
9841
20135
31870
26873
27033
27605
16046
28437
8798
11029
16718
12577
21011
30189
31772
31957
32749
22818
34960
16638
17661
10646
11865
27703
12774
24089
9743
29657
17351
11019
12713
19401
19589
29793
8730
9444
21571
17875
18968
8813
11039
15384
8919
10681
18817
11370
13823
11619
8812
28684
11434
23021
20165
30156
8939
23419
8908
11189
29664
8646
15623
20863
23882
8575
17247
18514
9363
13589
20289
10733
17331
9135
32797
20050
30736
9006
9172
23498
9716
22209
10517
12385
15567
28508
10630
13374
9097
23315
29543
8968
17513
14580
15388
9017
26144
8971
15061
19830
22508
9914
21610
21662
13156
21824
24481
26068
26280
20674
22301
27937
31599
10122
29874
21573
22352
24833
24820
28672
28901
21984
9899
10710
12163
26277
9677
23656
10954
13919
12166
14555
10072
14721
8821
14406
23762
9952
23317
13248
15136
21695
17024
13194
13776
19964
9080
9268
14124
10734
24767
35092
8760
11104
14156
12124
17529
23150
9697
21362
22745
9324
15019
27164
9040
11735
12439
8715
9582
10969
11274
24999
22513
32321
32479
22087
33428
10293
23695
8897
11334
15858
12958
20610
8756
16004
34320
19945
31760
31649
20797
23729
23551
23858
26450
10801
13375
26901
10057
18545
23580
10460
22459
9051
12216
14026
11915
21431
11483
21740
26710
23116
24958
14230
21694
29461
29870
15885
16823
9704
17014
15213
23594
27340
13258
20903
25301
14120
16599
26065
14680
22679
9344
13547
11753
23037
10195
11734
26049
22776
15921
24941
26011
10959
13507
26841
34827
31958
15310
23391
13064
13222
23821
8836
21231
14483
18077
21826
22513
25748
9202
12382
17718
10099
11174
9290
11639
23177
8651
16899
23295
13951
17171
10384
19197
13134
21166
13928
10080
20505
28578
12150
13535
20933
11747
13058
15602
28849
11010
8979
21073
26124
9403
14533
25267
10499
12054
25049
12449
16202
9182
12158
24540
10727
16563
11215
10016
24352
15020
21987
29801
20798
16534
19369
10586
15408
20871
23751
26039
11886
26260
8647
22877
21154
9041
17705
33187
11417
13813
13983
20884
9047
10428
14014
14999
29276
14015
9771
10647
23340
24073
24976
24020
23392
26222
12634
18053
17891
24338
26998
28097
30298
8941
16974
26858
20271
13221
21868
20580
23999
24147
16283
19740
15668
24277
16385
17972
22234
12415
13598
10924
14756
18631
11713
20162
30094
13252
25409
21276
26108
14835
18741
9537
12820
34025
19538
33969
34003
33997
19406
22171
16229
9121
10020
23575
9414
18219
19498
10714
25739
9745
25080
22439
26304
28412
21578
23869
23671
10286
12692
33950
17348
17364
9876
16280
18422
8804
18888
24907
8858
16558
25069
11236
13047
9247
30315
8831
8790
23719
26618
10317
14052
33878
18266
29396
32318
16938
21066
9535
23197
26200
8954
9349
9747
23561
9019
21336
27053
14818
11401
12492
15476
19351
13932
9128
14049
8703
12751
14011
25932
10093
14235
15336
10126
10940
28159
10361
17607
23127
11639
20613
19868
30181
18486
19332
24636
12706
14255
8672
13450
16748
12505
27984
20323
24353
8682
9890
12889
8986
11839
26201
20066
26098
29410
17285
12298
20069
27738
13301
12490
12529
11835
21148
18630
19952
9418
10154
30008
10753
24995
11438
20792
28807
11945
14575
31084
20309
33864
11013
11466
26705
26964
12239
12908
10791
15523
18426
26428
9570
12423
31614
33049
26436
26780
16840
23373
10144
12014
17114
22116
15965
27260
34994
10297
26244
26512
14992
31131
19636
23441
9882
11457
20449
9783
26514
10351
21085
10528
8860
10149
24501
14678
17979
22389
9358
10062
10733
9989
9994
12111
9796
10671
23470
25753
13426
18692
9712
9435
24556
25805
13912
16269
30030
15388
18513
23802
13572
22517
15550
21981
20506
27187
11979
16827
9861
11136
11141
29232
30374
8906
33765
19757
29021
10001
16568
22475
9878
10579
15286
12734
17946
29570
15696
20584
26085
9706
16485
24609
25498
31621
19407
27433
16970
24087
28136
17794
24459
15571
26011
11567
11686
22953
10388
14426
13365
14315
30518
9931
10403
20810
21456
19571
23348
22240
23572
24178
18071
26033
17055
10906
13488
26583
26673
9498
11439
14693
9281
23748
8771
25539
21233
27599
11529
12192
18471
28936
12750
15513
10133
9020
24375
24397
9460
11808
16961
24848
14224
14710
9602
20509
21187
9118
8936
18173
23196
21513
24934
10188
19848
27141
10967
15529
17195
16199
17124
10527
22097
13497
8820
10884
14122
19648
22197
9141
20927
22132
26472
9707
17395
19367
20327
31087
16975
19289
14157
16618
16148
23582
13503
25485
26960
13984
19470
33799
24447
26052
21089
15012
20083
20949
9779
11720
32796
11227
27509
23462
10019
10332
12056
17192
20986
30506
12063
13334
25817
8825
25638
28172
23543
26591
14070
29679
10711
32635
12598
20637
25382
9504
19586
28558
12004
21176
23824
13998
17066
11433
21188
33336
12029
16996
8912
27122
9752
29221
31438
10583
13283
10673
18602
11248
31921
16281
19693
27850
9963
25939
12670
18044
20805
23065
32015
32041
14523
20259
10852
23628
11724
14172
34123
34126
12613
29189
11083
33729
10634
13902
26259
9577
13716
16323
10284
23365
14770
17177
16409
22652
24854
9888
23021
8827
20206
33415
14457
16247
16381
9068
21076
31146
28130
33150
10360
14568
21537
24346
9677
16879
19759
21368
16329
23985
16292
22056
19812
21364
24515
26374
8978
24208
11742
19369
15008
30722
12712
13918
12740
19479
25653
20540
22233
14629
26289
23604
33892
9387
22952
31549
10670
18273
25971
13081
28330
14295
17218
8961
16920
17741
17050
21649
17336
23114
9565
9069
14796
26383
11297
12221
15754
23867
24573
24673
9115
12861
20428
11834
23867
19688
23786
12515
24713
8995
9326
10867
11959
19324
23150
9645
10776
15469
15875
21493
22215
23554
34190
25681
33705
11208
13686
10075
19338
25270
26500
9719
20452
16678
28059
11175
11995
17820
23321
14065
17467
9527
11634
12039
19216
11716
29723
25351
26895
11260
29501
12629
30974
18516
9298
10176
21651
9399
20750
24581
9479
10918
14497
12768
18349
9450
25494
26278
9858
10892
11103
10598
19632
9176
20420
30967
17620
26803
23807
18285
14248
15537
11178
11198
19768
10873
13504
13567
34535
12626
19739
30628
11418
11901
15212
9539
24115
34777
13337
17155
10747
12377
9479
10463
16132
11074
23536
15367
31401
9311
9498
11810
9243
10955
14089
16372
25347
33769
9315
21387
33341
13940
14782
17351
10599
13038
21914
13166
14950
21428
29234
23556
29161
9471
10524
21390
14643
20060
26814
9758
10279
13491
22316
31281
23512
23686
10877
21434
14176
16008
16854
9959
15313
9415
13411
10599
27207
9441
10521
18184
8984
13771
15958
14503
23911
13542
33996
20519
22601
24111
24480
8961
11525
11561
12695
19157
20015
13780
12441
14652
20267
10693
24279
30831
21913
11260
15909
21789
9796
24112
22863
11759
24038
9591
12502
20422
26685
10378
21367
9499
13735
14763
9421
18307
23069
15332
16501
26994
10182
22283
9135
9239
10627
9319
28238
9787
10373
13627
12678
9560
11451
11493
10285
15465
9574
9926
14068
9285
11623
12911
18624
11316
27143
34611
13012
19681
9407
19957
21707
11163
8996
18192
9698
15860
19170
11762
32083
32836
22415
28681
10296
16920
9690
9795
10663
9132
10363
21352
10678
11668
27908
31276
32324
9845
23302
20216
25158
9899
25271
17917
24874
13622
16467
11722
23718
18449
24787
19132
23473
32738
16777
32974
9885
19802
11625
12663
25977
22999
24809
14513
16205
9024
30036
9279
9009
16153
18619
21871
20755
25066
16141
23697
21043
22151
27909
29041
22182
33464
25742
34207
23309
9829
10219
26598
15972
19888
29742
27596
19770
23673
12880
32391
10496
13472
9703
13596
22189
19670
22661
31526
10576
21107
23608
29797
9185
10666
32177
10306
11433
23026
14009
25022
26214
30651
23797
11792
12164
15095
15397
9274
18898
25332
11826
28595
27102
27242
14347
18260
20307
9449
10424
21632
10766
19158
25142
17082
20809
27352
15059
25698
10042
10276
16649
9894
10886
15801
11691
10745
10989
11360
18234
34389
12196
14079
20977
21683
24444
16349
32653
10267
13186
22871
14444
9816
11415
13639
14790
25212
26378
26976
18472
33518
20899
22651
9226
9990
18434
9883
11223
13395
9788
13420
12819
30270
13782
25823
22741
23399
23470
34141
9125
10566
9520
13281
14390
9930
18651
20081
9507
10314
14680
10203
16765
9472
9676
33865
26477
9531
17102
11252
21603
17990
28204
28386
29143
9233
11138
15102
16100
16574
11351
14455
11267
22376
24746
27425
13899
15907
11020
15023
10765
12922
16025
24086
13917
17414
20732
9839
10789
26893
11072
26811
14876
20029
10538
11140
14577
28678
29678
30290
11090
24039
24697
11209
24697
11149
14123
23982
14337
16997
32316
10050
14420
15449
10017
14381
30531
11475
14786
13644
24521
25510
15763
29049
10179
14614
18516
9748
11629
12242
14576
22775
16335
22410
9554
11186
18264
10929
11342
19539
26037
13438
14752
9368
11988
33944
21616
23832
15402
32713
18945
28254
11707
16794
13017
14315
24288
27612
9905
26004
9927
28910
9424
12783
19672
9648
11768
14655
12212
23343
10763
17566
18976
27102
26316
9629
20481
28114
10039
13547
22975
15656
17090
22348
14641
22730
12254
17738
25820
26265
9542
10302
16669
23359
27236
26352
11409
14368
22739
9525
10570
12669
11013
13036
9926
13462
16438
17421
25954
9369
14486
20584
10061
14995
19204
31454
27071
10514
13766
25382
11590
25779
10142
10832
10220
17879
23963
22766
23606
34659
20772
32941
10686
9462
11108
11791
12526
9835
11691
12421
16862
19520
11421
12350
14349
10616
24128
11469
24099
10571
11046
9991
12380
13261
9603
27257
9212
23547
9683
14707
10392
11779
20455
9216
24283
34667
24831
25983
18538
12078
21977
29320
20440
11535
30733
9993
19689
22191
14814
31120
10612
28314
12950
26114
16248
24518
33698
14229
29259
22686
20431
22147
24240
29733
9627
12053
19909
23417
10192
18445
9485
18477
21291
11123
29028
30695
14734
29481
11514
12959
17925
23600
10031
13320
18821
13713
16130
9412
25700
27609
10699
22765
27192
9221
9618
13097
15347
11338
13931
10447
12086
11050
12801
28996
11349
14407
23817
9884
10270
25220
14920
18542
10311
18390
19183
13923
16810
22729
14403
31808
21596
23196
10470
27038
16167
24821
24918
21679
22251
24868
16792
19466
23828
17217
9820
22788
26146
28697
11141
20144
21833
34719
12951
16149
17542
9228
11078
11585
9729
11824
13751
14006
14566
9936
27127
17239
22237
25658
28625
9444
10041
23171
16267
29779
15864
27485
9892
27972
13300
21548
33571
12508
28717
11379
21937
14412
22180
31181
10502
10772
16163
12638
19408
9935
22338
19455
20253
28420
10557
22214
12079
10978
12804
25335
21871
30886
15774
22179
24033
9793
10040
17973
20713
25333
19772
23679
9759
15262
14976
31203
10109
11515
28676
12630
16872
12631
26138
10933
12160
26167
18734
25879
10432
18518
17951
24967
10223
11629
34473
13697
23912
11940
12378
23279
10280
14963
17176
23851
27260
33679
34995
9889
11518
12715
10577
24399
9377
13899
16423
31556
11166
23823
24070
16882
21359
14745
19644
23716
9289
11963
15474
17762
18786
21087
10222
11461
29434
10558
18461
29686
34222
10111
11640
18981
23624
9289
18920
23987
11217
28984
29952
30065
13261
19452
23177
19118
23906
29760
18941
23700
13799
21699
26077
12367
9966
34307
22100
22140
11171
16952
15073
16301
19040
10795
13066
9309
28983
10172
10885
12182
33973
25289
28439
9411
15113
17163
11269
14188
17675
10912
27318
11932
12684
12898
9919
10336
13946
9451
12160
17206
10115
9379
15754
21349
12151
28782
16892
32164
20360
10269
33109
14462
16502
11601
23656
10730
10129
16587
26646
12064
17569
22089
12017
14285
20214
25304
11187
29765
15270
9811
14625
21445
10172
17817
23749
13548
17412
12325
22904
12018
26984
9528
25038
26708
10547
12883
11998
13363
10483
21243
24505
9373
11311
11730
20726
21443
9457
11248
11564
17369
22374
14076
11220
20701
23187
10461
23254
18005
26300
14967
18502
33141
9780
26664
13276
14024
18852
23852
10552
14667
10265
15521
23100
9442
13169
14956
12028
15212
9682
24559
32647
14259
10731
17454
20150
12368
25090
33756
20291
10415
23411
30140
9366
11450
10202
11569
26691
27059
10822
20829
11848
16260
10546
17011
9430
10501
21960
10565
12242
34476
27526
29613
30143
11545
15027
10251
10806
15617
14176
21559
25974
15900
21566
22884
18511
20626
23874
12506
19590
11803
15688
10914
11698
19499
27154
11283
11894
25336
16422
24730
12799
14960
22838
22620
9800
21461
35015
10605
26920
9734
16722
14679
18423
10135
19827
13416
16073
12933
35064
15198
27900
10652
10784
9949
15479
31731
9591
10364
12271
11708
11745
13365
14416
23099
23549
34970
10034
13495
16839
17308
17488
15884
9998
22775
12023
15735
9782
12538
18152
13515
22507
23381
14974
24118
11516
15603
33779
12666
22341
29201
14533
26752
10846
14138
15907
20066
10292
15804
32310
24445
17920
14987
23995
9611
21218
22356
20629
9819
20248
10397
11088
15981
27356
27419
17656
25957
9732
20960
23476
24008
26375
33112
15030
10441
11194
13448
17567
17744
21130
22840
29208
9540
21311
25098
9440
17993
15551
12876
23193
12946
10191
15398
15478
21168
32239
14147
21826
30231
28535
34933
22100
27840
17925
26187
10060
12240
14333
34370
16680
26955
14031
13711
18030
10254
21442
17041
12145
16762
19655
30779
23009
27285
13654
21415
11311
16881
12200
22824
10113
14021
12608
27316
11463
24534
23955
26432
28629
29301
32696
16695
21726
26898
15772
15891
14605
15316
18663
18429
22342
9970
14260
25363
12204
18254
29493
10613
13922
19023
17343
10338
13915
22632
17333
28876
10969
22870
23973
31060
21226
22678
13744
16583
9689
16668
13538
22959
33693
14668
15764
29210
16896
18586
26461
19711
20616
23118
10449
23676
10812
23558
28589
12017
12904
21253
10383
10732
11960
18961
21204
13731
16022
10976
15909
33454
9506
9956
10108
18485
24472
26075
26801
10183
11024
11370
10632
10745
21566
10897
16913
27165
20623
22699
11414
23607
28150
9687
13678
15820
26733
10056
32636
10950
25052
11423
16606
21891
11067
14306
19843
20265
20618
10204
11261
14879
21334
21793
11364
14450
14538
22434
19218
23591
9975
10773
11754
13560
19066
10317
28102
16196
32112
17302
20964
9688
17933
32743
10800
22825
23889
27146
13126
14637
10591
12688
18768
22770
15068
29875
10016
13423
19171
11291
13429
27636
11733
12729
13122
32081
13219
31666
19810
23204
12965
24807
34704
10010
12662
15642
10430
11683
23684
9743
27655
15965
18627
10944
19762
10777
17413
24233
31025
18366
11908
23853
26875
12941
18490
11663
9678
9946
10684
19943
21010
28510
11579
12418
34462
12707
14602
14368
9890
19469
10233
17508
10841
15649
9636
21953
24075
9744
21157
22042
11632
10285
14259
10937
13070
9800
35014
34920
16063
21652
11586
13332
20763
27530
11456
16039
19732
22908
23194
11061
21244
24193
9613
10821
29321
12877
17796
10083
13408
21145
12321
10445
11572
13109
15013
21395
29517
30578
10077
12299
34484
14254
17566
12243
14019
14487
14173
18389
28788
21075
32331
22563
10995
12183
20379
22750
26364
10175
33114
14413
25062
28390
18912
22594
12293
25908
12451
14425
17941
10233
11270
14143
18364
21923
12817
16628
14339
21415
28469
10345
12088
13004
27934
29481
19490
20774
9821
11743
13054
11914
26515
10418
11984
17356
10027
10488
13968
14238
22142
22413
30575
25062
24028
9888
29203
30770
15631
16774
32556
17384
20877
30812
13232
22480
9635
9844
15546
14743
17964
22690
11118
15978
22814
11965
29226
19925
21610
9834
13111
12682
19927
14231
23805
20677
23642
23222
23550
9938
10039
11897
22543
11256
11375
15609
13464
14985
17437
17302
21292
26012
9842
11769
13322
22186
25449
26284
12503
29883
10343
15658
26009
11182
11509
18651
22462
10724
22278
24913
11277
18584
26792
13412
27070
10591
11243
11291
10657
21961
13285
25368
13146
30290
18921
19258
26061
24161
28180
10166
16803
34000
20509
23458
12125
28571
10108
34355
18063
25974
22649
10035
20871
21944
18074
19488
25511
9861
18100
10518
10723
11911
14592
21585
10581
18081
20842
9971
21288
10618
11730
27565
10554
10757
11513
21215
11523
20559
20863
16955
25283
34233
20962
16834
20977
31383
24234
25854
16245
23445
10082
13617
14257
26656
30386
10515
16587
18252
22650
23913
26221
16924
20188
9935
10478
12084
10815
19066
23523
10326
13539
10511
21998
22466
9695
11030
13858
21982
30373
14326
17835
34444
15060
15313
25239
10058
10065
13606
12177
26642
15227
20201
12759
20187
10455
10004
12058
31541
10627
15409
22162
14597
17537
14083
25802
10219
17909
15397
21083
15463
9934
32533
10750
11320
22422
22732
25837
28160
19831
32038
12429
22031
23513
11609
26979
10621
13853
17397
23004
12042
13841
9907
33543
34855
15880
25978
16021
25238
16160
21750
25207
26066
12173
13549
15507
12668
31115
15042
17033
19747
16374
17033
13773
19850
18963
11119
15618
20530
22064
10029
10886
13668
13184
30161
10835
31242
15107
23600
19375
25548
26136
27809
28704
10674
15188
19187
26544
27590
9825
12390
13975
13068
13790
11789
13554
21218
23669
13635
31362
13655
13391
17802
12094
16413
17628
9803
19906
24070
11092
16691
16505
18601
28310
10799
11432
12542
12576
13047
13134
9777
34020
34024
29312
23412
18752
24282
13361
23076
23757
25686
14169
20839
34032
34045
19273
23447
28484
30670
13420
28123
22830
20283
13262
13744
27705
10243
14107
28877
10382
19359
28636
29899
11895
17355
9900
16869
21929
11296
16741
29423
13224
25247
10552
11501
11896
11454
16398
14783
22311
15034
22184
9854
11035
11419
20077
21032
16160
10299
12919
18248
10610
12736
19086
23384
9913
10141
12435
10310
11353
27330
20745
14053
10650
12418
12938
14241
23612
14744
17943
10742
18955
24203
26286
24061
16763
22947
13694
20188
23031
9847
20370
11541
20436
12602
12102
12732
17227
17241
24680
12671
29693
12374
10091
11306
25747
19417
23302
19480
26621
27858
14700
29135
23318
14617
22975
19228
27461
13172
28372
34868
10692
11596
15969
13069
18893
10204
21672
23574
23347
23425
10323
10551
10893
13723
17249
18315
21935
13952
23441
21139
22412
22738
24837
12465
28365
33913
11527
15546
14636
20627
11429
12267
12391
13989
17172
24349
10257
25181
10904
16578
11412
20678
15130
24908
11605
16344
27625
12007
15779
24859
11150
11359
12888
12977
13393
10739
14247
20241
15702
16333
31866
13786
25896
12410
32497
10642
21932
10385
12165
13459
12919
13337
10964
27163
15767
10922
22474
10589
32641
24382
24500
16936
18032
13719
18672
11745
15126
34179
16421
23481
14367
24615
10071
20650
21186
14772
19140
33966
12143
15517
32330
15811
25073
10226
15775
31561
10998
15150
31075
10232
11368
13464
11181
15404
17471
11169
13825
17986
21293
23898
27140
25350
24067
29112
31316
10903
15472
22312
13528
16065
20346
13058
12745
18462
25759
14763
33484
13389
28001
10761
12279
13064
17154
25770
12424
20047
11468
11570
25320
17422
21211
10487
13361
17732
26185
12021
19739
13942
14909
23310
16858
24733
15642
21741
21939
22772
11396
32423
12297
24493
15147
32008
19655
15495
32580
11964
13870
16045
13183
10987
11941
9980
13421
13522
16401
11505
14250
16388
20765
23962
11654
23834
10912
12387
27021
27465
32453
13284
29941
16293
19079
10009
14165
12313
32646
18484
20247
11168
11678
12003
20594
21090
28926
10768
18554
29587
10343
23307
11682
12426
33951
11996
15053
18344
9999
10346
9947
11336
12673
13354
16306
10534
13664
26433
21998
27734
10505
12284
20725
24013
33795
10952
11497
31646
18990
10283
18206
20840
24302
13421
16423
14651
10529
10813
14836
10593
14573
30167
15651
17407
29930
11327
13668
20760
34295
25736
9968
13288
19716
21592
11391
13028
20556
23514
10194
14478
16006
11151
29751
10694
17201
10717
15774
22540
29903
13121
24341
15768
17863
24510
11246
11326
19979
32758
34217
15488
26395
34154
34790
10626
22457
14650
15804
34167
10684
10828
10128
10828
10995
15719
20213
10966
26470
10284
16107
14178
34070
34088
10324
26090
33837
15155
22904
10453
12555
10074
30022
12802
24467
16425
29214
10450
34060
34062
14735
25932
11100
11149
11034
27608
10563
10680
16213
25586
15745
16527
11647
19174
11628
25643
33589
14550
14829
16768
18092
17844
21455
33392
11146
14109
15150
14305
14377
21666
18849
19317
10688
29090
23278
23424
14155
17004
10709
12457
19535
12924
29163
12402
14396
28153
18835
20148
11579
34468
20944
16835
27756
16507
30563
10039
10088
19140
10084
21634
20599
24477
21918
10760
16037
27232
11179
11281
33421
10598
13259
10504
18117
19372
31742
22628
27075
10553
12182
15695
10807
11630
15726
13233
25178
25831
11575
24220
11045
12147
22174
23455
14046
24156
14992
15509
31064
12274
22109
14931
22802
34299
33876
14095
20697
27678
10695
11282
14189
19021
15579
11804
16565
18327
27874
11430
16211
21622
12153
14071
27733
15306
21031
10965
13067
21747
11746
12856
25436
19207
14540
19132
13291
23015
23875
14732
20891
26242
15231
28846
17405
17648
13238
12083
23017
15528
26192
11832
18628
25308
26203
26870
11177
17026
10446
11624
17908
11871
23617
28317
20885
23507
33447
14312
19023
10078
13571
13237
13321
10853
28074
12895
16032
13080
14268
10206
23079
10925
12912
15654
11950
22653
16496
31457
11402
12982
28813
18157
26690
26907
25544
11809
12491
13263
10866
13265
27942
29772
11329
13955
17584
19510
12696
15303
19550
24269
10899
11310
19150
19110
20528
26840
10747
13632
10358
21220
22329
11672
31783
23641
19218
22306
17006
19872
10577
24585
28357
10465
12052
25540
21856
24721
15581
15599
13624
14375
14635
13235
17868
11400
24078
14038
23125
13340
15823
11459
11827
15712
21303
17062
27976
29834
30874
13553
27390
10298
11499
32474
11576
12652
18598
12049
23017
10765
12967
21531
10729
16003
10449
14371
27121
10498
10931
24188
25263
26142
13674
14216
17876
23242
10426
13839
22227
12255
29284
10193
13542
17129
21279
23856
11023
13997
10479
11524
16372
12518
21149
34308
20887
27986
23419
10297
10945
12984
15682
29181
20771
30493
34550
12305
29650
23431
24604
10600
13185
23456
10553
23105
10399
13247
34954
10782
12935
18887
18697
18521
25718
10507
19720
30692
15470
27173
11621
16883
27601
23447
15260
16203
22102
17383
29754
11520
19469
25731
27203
11319
12093
13738
15589
17601
19826
21622
13969
33712
11944
25283
27677
19374
23912
18755
23588
25708
12223
13832
26347
15744
22560
13502
14388
19056
11777
13651
10804
13083
31871
23977
25672
17240
27113
21659
25218
10680
11023
11627
11748
14168
15172
10900
11126
11663
26539
30699
34282
34053
10902
14209
10209
11151
30797
22718
27201
21065
20820
20875
10900
10901
34269
14436
16202
13534
10938
26572
10274
26363
12144
13604
32059
10975
34786
10211
10919
15714
12997
19984
26725
10537
13204
14211
13993
22796
11242
12002
13221
16688
23198
26322
15539
24645
16967
24997
27794
24171
13976
17030
24143
24883
17792
23743
14922
27296
12055
33317
15173
17383
12534
15752
13710
22918
11800
15440
17949
22084
10754
13562
19687
11615
18369
34247
34039
11931
14362
13673
13908
10585
14566
20172
22324
11778
14793
21857
12840
20930
23542
10615
11319
13049
21351
24953
12371
19768
10743
12827
32110
10562
22959
16005
21197
29431
11683
15729
10346
24059
11427
20470
11377
14854
14759
18763
11087
12276
26415
25935
26053
11718
12522
16927
25745
26227
21736
26158
10520
26505
21515
25503
25566
11893
14201
32979
14449
15831
34490
13114
16877
16940
11076
13143
23153
16969
23496
26461
27674
28155
17362
20649
20724
10665
21287
10618
12977
11210
22990
24175
13312
23221
22839
10934
20302
10554
11623
13954
17656
14430
16797
18878
23682
14337
12137
12161
13137
12153
14089
19856
27054
34857
17633
23455
11561
17741
15448
15833
20781
10689
14828
18493
16551
16921
17758
14391
17749
16455
27074
15169
16074
10369
15411
11159
33659
29312
19773
25649
12089
22678
23641
11240
18084
11266
11310
12264
23473
24773
11547
11976
26030
10488
17880
23442
18919
20018
34825
11838
20092
19712
29241
19470
22092
22541
12386
15822
10871
11864
10346
34033
34034
10389
20321
33135
11101
12534
15018
14294
15763
15796
10582
34569
14484
10495
11342
13470
12115
12877
21082
11281
11670
13616
12126
18320
32237
12368
33819
33952
12144
12302
10927
29104
13314
18246
25080
14763
30293
11795
13238
14115
11193
24266
14565
17946
22082
11430
16091
23049
23457
12003
20531
10762
11472
13415
24879
10825
13541
22849
28410
29497
17477
22568
29868
11821
16486
16731
10561
11626
16394
13422
16050
22233
25702
13893
15380
29507
11340
25885
10680
27144
10508
12233
19168
13550
14966
16334
11575
11931
12083
14197
26010
12945
13840
18368
13523
17778
11876
13799
11365
15925
16734
10517
18992
23143
18347
18688
27271
27530
13454
27243
30561
21617
10487
29994
12101
24720
28518
10422
10944
12183
13143
25749
13557
25287
20062
22471
14107
30803
14175
22740
25282
21797
33675
27622
13611
21569
21452
11801
13278
22477
18139
23613
10829
17049
17873
11466
14292
11977
12852
10660
22571
24486
10367
11424
22304
13777
16114
10941
14446
34627
17101
20895
12896
16842
10497
11058
11359
11086
12167
27203
14894
16846
11873
23547
12500
28153
11763
14199
16936
11887
12947
30935
10666
16276
10844
15548
26067
26932
21035
16678
22859
26206
27519
14380
24525
19422
23699
13834
26134
18742
26086
19603
10409
23814
13933
22972
14046
22784
26375
14154
15077
17905
10714
13725
16684
11534
22779
24473
11438
32898
12384
13685
14830
11143
19552
13995
24152
19178
19640
18159
18738
12205
19473
10856
11613
26632
19815
12164
24867
11105
11377
12789
10629
14036
16540
12966
13024
17778
18318
23812
13878
20385
22763
24545
26886
15307
18823
11192
12380
12036
13575
30984
12351
18931
15796
22349
16895
30590
18049
24998
11368
11701
19005
13964
11944
17877
24578
11025
17282
12326
13242
18743
11172
10788
11634
34321
14429
33931
11989
15051
20508
25354
10915
27074
33163
11443
20374
23209
12990
31992
33632
15535
24288
34253
10773
11313
11179
12075
16821
17206
14314
15004
17320
13583
16159
14810
24662
12375
12688
12408
10968
23450
17817
21900
12299
14449
11580
12358
13285
10716
13323
13674
13413
33185
20888
22488
19978
24839
10728
22978
24440
16530
28067
14339
21678
13102
25881
11047
22146
24892
27332
11109
13822
14516
29041
10834
18740
26345
12238
14772
24230
13402
14074
15214
17041
14809
17691
14309
18917
13057
16348
18717
12694
16313
11539
12930
18994
34978
34502
24756
17976
27768
15313
17642
12850
10927
22052
13278
15121
28052
12274
24881
29863
20666
26377
32903
13070
16802
34380
24280
25644
28236
15204
20194
20498
34131
34796
12538
12585
15001
11471
11770
25904
10585
12957
12722
23421
15627
34156
14852
16617
10996
15863
14170
12489
27684
16852
17787
15432
17050
21741
11396
28472
14793
24502
10924
24017
13179
13987
22757
11184
15408
32830
11614
14025
31899
11691
22620
12579
15852
15072
23567
14439
14945
27024
13919
16959
11890
12704
16883
13227
17437
16026
16190
11482
32442
20352
23844
12089
16981
10526
13262
14425
21313
14772
27224
14435
12846
23963
10631
13227
21300
12758
17599
20802
10993
11466
12411
13435
21289
15089
17460
25666
17198
20931
33514
25414
15356
11669
25588
12598
12746
14413
34858
14033
17350
19777
20700
17600
18031
11544
14115
16710
17057
24606
25672
12272
12655
13185
12824
17440
17487
11426
11595
10576
18726
15906
11988
13515
11094
12939
22283
11089
11203
26162
19092
22556
12821
20771
14500
21841
10864
11036
13981
10648
11079
12776
25021
25674
10899
16052
14409
14436
15718
28830
29862
12048
15522
29167
22489
10623
13210
15823
26938
15578
15694
23266
21827
34393
35016
11197
12302
27676
12935
19904
12705
17598
15383
18076
13541
16158
28002
26586
30034
11112
34398
11783
15353
17545
25279
12238
12425
13822
14088
24181
13124
21893
12770
17425
12808
22645
16230
20839
19337
11615
19567
12838
16399
30607
13454
28104
30427
10972
14767
11456
11813
12661
19082
19626
12311
15465
14547
16159
12881
25597
25611
14750
21032
22711
20397
22794
29803
16912
25154
12219
13583
15990
16119
14578
15770
12952
17936
10644
12450
26917
10862
21690
12854
19598
11620
11847
28589
20365
12247
15566
25597
13787
29025
11787
21684
10637
15667
15831
28890
11913
23554
18366
19305
16004
16251
28591
10663
30090
19920
20850
10738
12016
26515
13470
26422
11204
16160
11917
28529
14749
15350
19259
34054
34085
13938
14340
19541
13353
13843
18785
26071
17240
12565
13878
14472
16571
13019
25571
11268
11458
31099
12224
18681
11547
25663
13560
20046
30565
11307
16482
11935
12248
14719
13147
16227
11361
12556
11679
12202
14066
19697
21106
15999
11527
15539
17209
32944
11483
19325
11984
20624
12292
15038
12405
16258
33159
11850
11117
14116
32233
31170
26448
13168
27098
13390
15857
12235
12915
26062
12615
12884
11322
17640
11902
12282
12260
12969
12824
19838
29370
29535
31096
11975
19254
19731
11892
19081
25894
10752
23753
10854
11904
25213
12931
11115
12862
10744
12915
12305
11192
11298
13723
13394
23398
10881
16026
18030
22380
26961
14773
15556
11148
13305
19188
21225
31046
14510
14556
12601
26241
18988
20954
11873
15406
12760
13911
28786
14923
30564
16641
21515
11422
12307
14121
10727
11467
12068
12444
13545
27794
12044
18676
11609
14683
17615
11354
19863
14370
31220
12304
14103
32389
14435
15065
21948
12272
20135
13266
10971
11345
19857
28757
11418
13705
17215
10863
11640
12675
15278
12473
13989
19684
11287
23061
34421
24088
33034
12465
23722
26767
20353
23080
10954
13383
24310
24773
13549
14422
11033
13944
15811
10852
24851
10788
14429
19802
33302
12578
20483
10741
30005
21113
11961
17786
20390
15524
20063
25939
10838
20250
11706
11802
20857
28860
19564
28733
24972
21510
11205
11032
25470
22824
10850
11301
19750
28870
11024
11246
13823
19769
12953
27908
10795
11233
22196
12572
14495
23930
26729
25767
11785
15140
13358
18182
29897
21370
12103
15777
18362
11994
12853
11665
11544
15567
16673
17147
14949
14272
21444
23155
16820
13985
17100
11435
25294
28648
14888
16471
25869
32637
17730
18988
21763
13632
16764
18074
13475
14635
20934
12487
26356
10790
28107
15043
15082
10831
11546
10832
12965
13066
10975
11244
20191
16953
23470
24140
10961
18148
22718
16540
10999
11702
15618
21530
27910
28301
13015
21922
23099
11726
17863
12041
16425
20044
23910
12430
12533
15636
17908
11657
13591
23088
11422
12395
22955
10992
11129
31080
11923
15443
10809
15688
12434
31407
21554
23813
15062
14720
26431
15939
10849
11449
11859
22737
11442
13228
10968
31338
12330
20071
22721
24688
11652
12174
11794
13885
13814
18843
11280
12130
19332
21637
23420
11270
12322
15265
25805
28885
11854
12187
14707
13695
10977
18604
28316
18216
14881
22496
34922
11641
12319
14526
13821
16564
20485
24245
11699
12882
32226
11067
14490
14118
14141
11644
23059
19372
11610
14350
18261
13025
14628
22934
23868
17728
26038
30232
14040
17054
12513
24642
10937
17947
23242
11530
22006
16427
25857
34265
34069
34071
13510
14034
11266
26547
13653
13998
12980
24640
31312
14346
17168
17655
25812
19195
21567
24637
11526
11705
13429
13932
15823
15600
30673
15851
23444
17286
23876
17651
25398
12860
16447
11496
11900
13338
15338
24034
11951
12467
24165
13009
13041
12215
14296
29022
24242
16356
20516
19364
27873
12279
13947
26311
25803
29040
12501
27782
12303
12583
10921
34481
11927
13152
34440
20927
23400
15347
23907
12975
14754
13806
23471
18202
11171
13024
13213
12775
16627
24143
11883
13068
16546
10929
11382
25397
13435
16749
20862
24459
13304
30265
12142
13142
15415
13672
13738
21107
21989
14716
22968
25561
12570
13083
14385
12146
14588
16817
26226
12490
18982
19342
13737
33862
18373
19384
20600
24106
15814
17093
13481
23851
12677
16293
13979
21300
19680
28780
11538
12018
21788
11491
22216
23200
15908
16889
27049
15051
27199
35066
14151
19980
16305
17890
12214
15976
20290
11679
26791
11585
29331
12939
14006
26482
11016
27149
11549
22317
11306
13877
25105
20152
12034
19873
11757
14189
21372
22948
31706
32073
15627
11519
28748
13785
28991
21146
21360
11796
28138
14114
18241
12687
14364
23520
10947
14663
23991
19863
13873
23249
11341
19868
30318
21304
24343
16628
34293
14431
15494
17495
11580
12704
15898
18831
13259
31689
11788
15345
12907
13562
18350
20971
24972
25852
12082
12184
15063
25705
20419
22997
23777
11872
13465
26850
14928
16397
20520
21512
11782
18905
22663
15221
17935
12101
15021
24759
11206
17981
19713
13325
20790
11465
15031
11000
19280
17814
27673
29820
27083
12752
15855
13784
26846
16471
20181
28322
19680
21064
21332
27869
33699
16276
24443
29186
33719
23194
12667
12882
24553
31786
12074
14738
15735
16982
25655
31307
20304
23595
21327
23383
33363
24185
35084
13034
13800
14136
15338
11378
13610
12796
13696
29503
15147
11041
16351
11990
16197
18049
11360
15278
22710
12847
15961
24365
11361
11861
11460
12543
14607
26025
33877
34738
13726
25699
15026
16672
21938
11668
12572
15275
11060
23129
13647
14900
32687
26848
30303
15511
24714
26787
28455
11630
13456
14653
12671
16033
16285
11379
11853
14466
13026
20486
11914
19735
11156
13378
13451
11779
17842
15513
17194
13427
21162
11388
17168
28743
11245
12122
16797
15686
34701
22705
11628
13418
14369
13020
16576
20901
12149
24909
11958
15383
21087
11982
14112
12949
27092
13625
14080
19762
14239
18966
25909
14687
18429
15284
25604
24991
11188
23885
26243
32985
33608
20057
22768
33663
12784
17802
20246
16845
30065
11540
26573
23689
29288
29884
22018
34399
11362
25374
16426
23995
13337
15562
20361
12188
12769
14223
11155
11445
16717
12334
16144
11618
12914
22121
29118
12183
23665
20204
17635
14051
17585
27871
17719
31165
11917
13903
26614
12914
14012
15188
11972
18513
11489
11951
24938
12184
12436
12437
12392
13103
20566
23869
13557
23727
16629
19357
11846
18647
23211
28901
11489
14715
21765
26127
12557
28229
13775
28480
14198
14633
15602
16112
13792
17547
20535
12154
25236
31397
21437
24096
15610
27904
23253
26320
24421
32933
19098
14603
19761
12472
12978
17111
18735
21252
14387
14495
23317
11201
15322
11131
21519
21758
14611
30715
15056
18216
12321
17655
30331
14864
22477
27231
11358
12359
11197
12235
13568
17522
15195
27732
17008
23069
12791
14016
32137
11786
14687
15228
14444
13563
22725
13171
33230
25775
26042
32722
11728
12012
12164
14234
29258
11858
13997
11167
27574
11372
21774
15961
16266
17753
23791
18019
24114
12596
30095
17286
22621
17816
11968
21168
23060
34702
12614
19916
17187
18924
12267
31231
11162
15646
17761
26944
12643
23961
30781
12186
12399
24947
14806
23068
16881
20525
16294
20314
12049
15528
15120
31123
12055
18494
18957
17606
21650
17156
14329
15358
16195
13004
21223
14177
17425
31893
16300
21285
23808
32577
11752
12233
24393
27894
22254
12450
14852
28950
11701
15223
25102
15199
17185
12083
20349
14170
19300
20120
21453
12210
12658
19347
11930
12012
24867
18199
18227
11545
14562
13000
15284
20095
14262
18864
22920
12945
15625
12647
23459
21364
26137
12555
14240
16762
25413
12455
13797
14000
16478
24456
23814
13958
21713
30257
31307
27413
12858
11495
17082
24499
11581
14614
18556
32601
11568
13372
32679
11669
11761
12720
13835
17950
25989
12425
33166
19198
23092
13489
31302
11928
34556
12582
33397
12091
12478
18402
12470
22664
18015
16279
18137
11728
11792
15752
11598
22653
11488
12406
12479
17577
19748
27582
11213
11605
27382
11588
16095
14764
13604
31882
13770
17593
12809
13496
31458
14587
14603
16065
17352
11521
25550
32356
16799
22845
33098
11272
22328
12287
18205
18727
14517
23270
18325
20495
15387
21696
15816
18087
12037
12473
21890
11602
12454
13462
17558
18834
13226
19155
22295
12180
12352
13228
19983
22494
17381
29166
13971
24707
11581
23563
11496
12046
20900
13424
13588
13845
13773
15614
11736
12744
14727
14730
16397
17363
21601
12170
15209
32622
13839
25806
17018
20560
12753
18065
11930
13077
13179
14892
32381
18522
25305
11788
14958
13431
17226
30382
12857
13987
14028
17192
23924
14812
28278
12242
22287
12325
13957
18737
13281
13935
31966
23389
25453
14819
15702
15837
16857
27542
14162
22683
27617
11546
16420
29627
16850
17898
23298
31038
13715
17492
12516
22284
25192
11968
13918
11753
11719
13082
12651
16854
25704
18620
12038
22471
11955
12307
12051
14044
15144
12310
15691
22951
22569
29125
12073
20762
11784
12614
17935
11811
13205
16791
11534
12757
13498
13531
11644
14748
12189
18685
24999
13264
16693
22456
11875
17080
32827
11987
22608
16318
24779
17119
24701
11969
12072
15560
18538
12395
16071
24862
24117
27543
27761
12447
14273
26380
12724
15215
26629
12839
13722
16013
14404
21989
11448
12361
20526
17146
25709
22664
26628
12228
14527
26000
12709
15379
16023
11337
12050
15946
11411
20961
17708
18366
34459
15174
22564
24731
13509
16236
16451
11740
29734
11473
17436
13280
13651
18035
11925
19231
29124
11926
23250
21821
22126
13017
14385
16560
12250
25045
22741
12605
17419
12540
19173
20293
15065
18000
14387
25328
14545
17680
11369
16867
14226
17177
12645
13366
14008
15715
17512
13580
25965
13940
15835
14098
17522
21646
28135
12167
25731
12759
25392
13982
15577
12135
21438
14607
22781
12721
29639
11383
16632
30146
14518
14695
30617
13551
15253
16990
19489
15745
21303
33957
13452
22086
23500
12645
14532
31305
13526
16059
13144
15839
18829
12397
12859
19117
14962
23926
22169
24538
25107
14358
15497
25352
12035
12632
27653
16288
16110
14843
20948
21744
27041
13472
14216
14740
12268
21868
32433
13086
25024
20647
15442
18249
15007
21150
23792
18621
11518
13826
16752
12477
15375
17745
17586
12002
14103
31477
26765
15522
12663
13499
13870
12376
21086
18348
25696
26422
30956
13937
19720
20152
19529
19756
33572
11768
25350
16285
17935
22071
16227
31033
14762
22064
12734
11938
15230
18671
14147
16322
32294
15307
18329
16728
20662
15687
12893
24994
14749
24488
29330
12320
14718
27071
16437
24191
17942
22390
18488
32843
18644
19974
26721
19411
15003
27817
12397
15084
13857
21164
26323
19136
21196
23328
24302
14258
29985
12874
13123
15511
34509
23448
26999
14280
25396
13796
16702
19899
15180
24369
17486
13371
27194
12790
17695
25575
19080
25519
21583
25771
21007
25610
21544
25282
13811
14783
20521
22176
11653
16668
11559
24147
13682
15826
23690
18414
22277
12141
30655
25460
26458
15547
15676
32388
14971
28348
22961
25112
22238
27431
11577
12202
12340
24332
21312
22747
11563
14145
21195
12723
19895
26264
13811
13884
16144
12789
29339
30325
28203
12819
11681
32405
32572
13986
17316
17472
18122
12332
26020
14854
28341
12199
31891
13932
25714
16347
25278
25233
28620
11967
17365
19376
12828
12866
13908
19887
20616
14070
23628
33434
12974
26548
11499
14803
27152
13952
18683
24577
12375
12423
12966
15345
24766
11776
12923
18209
21509
29684
12250
17257
18730
11758
12590
16044
13297
14409
14024
20667
13619
28109
16891
26383
13368
11700
14833
15036
11753
22517
25749
13042
14294
22417
14481
26890
22618
18564
13759
13552
33366
13339
13949
31019
33339
11576
16457
28080
14728
16524
12399
15171
17083
19215
31246
11996
12481
16139
12826
24980
11597
14324
17627
21563
29236
12868
14557
12830
16289
17911
19396
21406
21705
15830
22921
24020
27562
22782
23376
11970
15325
32583
16943
17915
12265
13271
13356
15613
12066
12587
13357
16311
22535
12281
13692
14955
15379
11657
16676
15249
17605
25222
13615
18231
32178
14993
19344
21384
20924
29256
14601
13321
19613
20738
17924
23809
25840
14146
15205
15821
20715
26549
12239
18160
13296
16545
23226
24505
16855
22523
32717
12896
13686
13914
12474
15848
15361
16653
17060
13433
27819
27029
27771
12280
12571
12640
14972
21346
12067
19752
31892
13582
17843
27978
12739
15450
15632
11581
13204
27189
12107
12293
12110
14705
28839
15297
12133
26593
33525
12257
12597
12046
12129
14380
14034
14638
13180
21540
12075
33463
16521
17204
19973
32569
20185
23383
33327
11842
20377
19426
21073
27315
12613
16428
12479
14345
13271
15923
12042
23501
16279
17609
12013
13007
19638
16125
16411
17046
12866
12867
12889
16132
11884
25889
17314
19397
21240
17098
23958
18166
18191
20783
15536
20122
21967
22776
35072
34083
13404
16253
26799
12533
21350
21864
13724
13923
13019
18482
15611
20755
21249
26996
13324
14190
20107
13909
16244
18386
12641
14988
15032
18578
12541
12777
18745
11830
12334
13389
13404
27125
17545
19767
11706
15122
21300
13684
13985
16251
34439
18524
19910
14550
15769
21034
23165
12156
27409
13162
14519
19989
13885
32443
12554
19520
15435
18616
22507
12524
25120
15998
18001
12353
19281
21603
23696
13476
16358
31565
18506
22158
18249
31988
12822
25111
12060
20029
12736
21676
18711
20181
29815
16556
16618
33332
14516
14526
13085
17831
30439
12730
12429
16733
18389
14809
21148
23774
28209
16850
28558
29965
19752
32129
12314
13384
18476
25441
25938
12827
21719
14541
15596
12654
16313
14564
17397
16563
15425
17527
28277
12203
18300
12428
12440
11714
14261
25254
25989
28693
12683
12993
16774
15658
29847
14658
24631
15817
16185
27207
15043
13043
12543
32201
19285
22516
13060
13510
16617
20058
27099
14001
18338
15319
15378
21981
11801
12251
16109
11860
16047
20302
15483
16769
14669
14931
15536
21234
14950
19975
26570
15438
26906
13108
14729
16932
21471
22927
13133
21166
13653
15539
12959
14977
33033
16851
28426
16027
29378
30333
13158
29412
18648
19968
13074
32858
12446
18942
14518
14634
17962
11872
14020
12474
18000
13904
22720
27790
20817
12817
13734
14053
14859
21276
14730
17224
30468
15829
24856
23078
29180
32742
24214
26814
12171
26264
11928
15054
24431
19492
29027
11847
24296
17306
29736
16455
12237
32866
12727
14349
15552
22295
24173
14898
20606
25119
11941
25064
14471
31341
20950
12432
12672
24980
26070
14383
18636
25218
11770
12349
20396
14624
15002
15003
23765
15622
32661
20240
19137
29738
15928
19213
15585
15834
24321
22636
23721
15819
26413
13613
15227
13119
14218
11952
12869
26108
21177
21859
15693
21792
26432
22674
25249
34437
19274
15807
26569
30389
15334
16203
13587
30908
15458
31574
13531
13891
13760
14290
12028
16651
14142
14975
13376
26179
15125
23750
31110
14428
20638
17658
33633
13282
13859
19841
14307
15637
15974
12362
14947
28170
12374
18088
12708
13211
14705
12957
14566
15020
26274
13132
20971
14810
28820
12563
22542
22696
12581
13402
12986
32106
18674
19988
19494
25257
17449
27285
14515
17470
25125
17341
13122
17209
13436
24812
14994
15048
12448
14507
20159
12045
12303
15610
28285
13574
16965
21914
13009
15974
25909
13084
14290
14348
26681
16628
19113
12542
13930
16545
18974
15364
22479
18304
32353
33621
24971
15751
31957
14376
18756
18588
12787
17369
20022
20249
32275
13574
15817
13239
13326
25979
12180
13213
16952
20264
30424
12594
14729
16376
18645
23654
31515
20804
23301
17991
24798
13140
15216
12520
13352
26776
15019
25378
26211
11883
24949
13596
14129
25332
15780
23181
13468
32397
33416
21878
22995
31532
18604
19911
21815
23323
14032
31907
12897
17626
12292
26769
18437
19859
12176
12844
31838
15550
17276
18847
21281
24221
14440
27211
26391
14976
31021
12056
16994
17286
23845
29906
11877
31939
21766
22486
25706
15517
16711
17666
13741
26687
11919
22435
13192
31217
14514
14823
15756
18031
12759
25677
11979
13972
15410
18415
21740
27021
17216
17232
17770
18968
15405
18362
15697
19280
25485
12818
15580
17819
17707
18069
25816
23275
25034
19441
19915
31555
14158
14702
21181
18616
19958
14163
15422
17985
17923
18154
21516
20956
16191
29759
32197
14871
14930
18920
14338
17587
28225
20438
14113
14888
13063
27807
16562
22902
14467
13683
24103
32481
13650
16403
17583
26913
25054
28727
30108
24656
29564
19520
16553
20159
29674
14981
19760
21053
12635
25901
25425
11977
12622
22075
24119
24877
15414
18195
31608
13800
16387
13614
19105
18814
19295
12514
23791
20537
26938
13418
15067
32581
14860
17845
23991
15866
22875
23156
13344
27555
17064
22161
32147
17203
29501
17650
24735
16779
20512
30353
21777
14710
15247
34638
15694
21668
24526
12823
12092
12433
29485
17909
29663
28584
31274
12707
14048
15295
19782
21186
20048
12053
16231
30978
22631
27117
14732
20540
23811
13652
15771
19590
14381
31834
12197
13587
16148
12094
21180
25509
25341
14804
18987
31450
16042
17489
21262
22792
16970
20570
20852
14806
13341
13934
24967
15624
16912
20856
18841
12946
14675
15236
11949
12277
24904
16033
18125
13019
26816
14657
13631
15596
12891
13105
13555
13774
17420
19298
28189
13487
20190
12857
15286
33767
19460
30266
15653
26918
12092
12234
33281
12129
16434
12647
12867
13195
22051
18771
24247
26957
14866
24187
23890
16121
18185
13267
14373
22639
19442
24754
22558
30744
22146
22147
24331
15570
17236
16312
18892
12502
18094
18470
29496
12116
20123
21425
13959
13307
13923
27312
19446
13167
15319
17985
15244
15555
25915
24656
33905
13840
15782
22019
18532
28168
18989
27433
22093
28916
17634
21053
21126
12442
20746
21127
22848
23414
13496
23326
16811
17804
25359
12145
18849
23457
15165
24176
27426
14545
16135
27127
15346
16584
18852
22512
18526
20705
33591
19737
29824
15382
19775
28515
12506
13115
18273
15094
16016
13630
14479
18260
16934
17437
21902
26714
21263
26720
31400
20948
21749
14655
15272
18756
14099
14585
18176
20006
33608
14116
16309
27440
13273
18505
25873
12849
14162
28762
13614
21549
16464
34089
34100
14007
15446
17794
24708
14834
16875
28294
17289
30040
19062
17310
31821
13514
13517
17376
20767
16911
27748
13171
33285
17347
19984
30902
12259
22791
22850
16058
16683
23338
14267
13253
24593
18831
21591
13212
13294
16908
34364
15103
18685
18787
15766
22085
23826
24198
21103
23936
29291
18841
32004
16935
17193
12548
12700
21376
32789
12262
24635
15785
22557
15470
19020
14759
14913
14002
19861
13647
19254
13681
16718
20791
32678
13347
15053
24572
13243
16353
14030
30993
13303
20024
14099
14181
12586
17152
31617
19452
22507
26196
27887
12489
18282
30047
12822
19416
26385
13740
14382
20887
24522
24811
19198
20452
13243
13858
20489
12909
13432
16683
32326
15354
15374
13412
12394
13119
27235
13086
16154
23011
16764
19488
26631
24164
27193
27242
13214
16155
16521
13487
19424
24490
18342
14873
20546
17704
29745
12989
13186
19359
29159
13032
16724
17165
18807
13118
13529
17112
13851
14349
12987
29585
13680
14257
12869
26717
12482
15849
26027
25386
28152
13842
16467
19980
27518
15656
19879
17614
21494
20341
23043
26918
13212
13898
16973
18367
13343
30609
15888
21917
14978
25021
16918
22484
31402
13477
13459
12480
17690
12349
12381
14561
25029
14313
24916
17988
22592
20883
28271
12354
18525
15169
17705
12875
15803
19566
14072
13637
17016
34381
21678
23234
28116
12234
30788
16042
13518
18969
19399
12795
14273
17119
20350
27037
20873
13712
22949
14573
14627
20134
22618
29512
30893
16427
19001
15215
15494
13508
22709
25870
12293
13237
14838
24228
20186
19096
22892
34076
13527
14889
18760
15292
23480
24440
12286
14225
14530
15300
16831
13808
21316
12174
17433
27069
12600
14819
19063
13587
23582
12320
15937
16072
19279
22016
22444
23580
17644
17196
19093
34206
31638
14193
16127
17894
18028
23011
13376
16582
16278
12310
19963
12254
13539
12256
21611
21894
15509
31109
12386
12644
16887
13138
34378
16663
18237
13509
14912
17050
16547
24281
25267
13575
21566
27248
15663
21684
14494
14222
17644
24457
13002
14627
16991
24116
25591
13344
26177
17636
18066
20655
12301
21059
12233
25256
17149
18926
12982
15940
31980
16104
17094
12476
20817
14709
20546
14628
21976
16251
23444
23681
14811
20842
24839
12421
22620
12509
19849
12981
15341
12831
13628
12638
13927
31179
13593
15203
15642
13416
13463
14769
15552
12252
21991
25117
15322
16318
21972
13379
14071
12803
16445
26110
30675
28954
12717
14713
26837
14291
17311
14725
25249
13153
16394
13793
21462
12986
13507
15111
15161
23295
12634
17032
21095
13573
13819
15677
26431
13288
13413
14822
19318
20531
17507
17746
13131
15363
16523
12286
22438
25331
32092
17261
20669
14352
19539
15489
28944
30187
13315
15178
13267
21978
16517
15094
15996
15757
17048
20473
16623
14363
19333
14195
25385
14351
19322
20372
13634
28465
27228
23994
29108
23019
19622
26506
24374
27804
12430
15608
26493
16543
17171
19577
20382
13696
16504
13023
14088
14105
16522
19924
15848
16312
18768
13680
27394
20081
22462
20668
22213
19992
20551
15648
31835
14468
13611
21683
22640
13500
16475
16624
13152
21576
15031
26104
14054
19258
21089
18068
26257
12632
13783
32844
24372
13476
23928
30535
15959
21773
25737
15741
18035
14131
15246
22124
14470
14608
18003
19853
32874
12735
27883
12807
24465
13656
13701
16638
14965
15856
27571
13080
14490
14639
14458
17352
14157
16185
20290
13241
21207
14019
14917
17790
19225
16046
18095
19301
13450
16583
33924
13501
15781
18006
19197
25420
28892
34005
34035
12612
12657
13402
13920
26709
29661
16383
15608
18125
28745
12616
16742
24955
14586
16237
14491
19481
23731
19296
21331
24170
12352
14144
15986
24895
12825
29325
20453
31200
15333
17304
18106
14615
19915
31810
14378
17523
24027
12828
13673
13844
14458
21359
23671
18666
15266
20624
24457
17813
18865
14026
18161
13196
22911
27864
14282
15892
24453
13783
22261
14658
16337
17185
19468
25285
17235
22565
16601
16711
16131
22930
15757
18876
32960
17718
20573
30337
13110
12951
13770
14851
23264
13571
22653
12674
21502
21648
13482
13628
17009
21530
29537
20331
24353
17710
14404
13947
13488
20918
17777
22480
24213
19267
20547
23758
24225
34422
13231
21067
16699
17685
29947
13605
13864
17672
20502
13607
17332
13949
18810
29305
12511
19633
13517
13930
24355
13312
15297
15484
24863
13565
16008
16096
23517
19163
13073
14676
23626
13220
14694
30117
15675
18568
23037
24220
12469
14821
27745
22692
26835
13981
20224
17928
34558
14900
25206
13197
26924
14298
23883
16192
23376
24488
29179
17130
20177
23191
24422
23700
26892
29491
30381
12841
13079
14305
20262
17533
19070
12836
17227
25581
28466
31719
21102
12961
31839
14112
14422
14638
20512
26204
14382
15433
14061
31500
15320
23506
13057
18062
20505
27486
23660
25562
20306
24564
15303
23925
19570
22032
12993
13220
32597
15607
32215
17444
18268
14251
26947
12810
14850
21051
14560
14104
23530
13576
15477
14085
22918
13316
18258
19921
15526
16313
12815
14761
13106
13026
16797
17341
13069
18410
12561
27693
28655
22109
22875
23274
21242
21943
14111
15993
16448
19349
14459
19000
31213
21308
22420
16885
23929
13037
19696
15491
17151
17672
22024
14088
16795
18092
19298
21464
24272
16082
32480
13572
14715
18486
15437
16338
20040
20292
13295
14144
16269
12623
18344
12932
16992
13003
22275
26815
20806
20924
21302
25954
19599
13973
17156
25812
14252
18330
14253
16410
16776
12554
16862
13891
14364
19081
20739
15243
15572
25482
13763
14388
14706
12760
24895
22239
33789
15906
19686
13199
16064
18037
16028
23309
21807
13605
15130
14035
17505
14035
14605
17557
20925
12742
18154
14479
14870
15846
22902
21063
21856
16714
25570
16613
19197
12942
23312
24987
13458
18375
12976
14266
15703
13924
17731
12891
14220
15617
13397
13465
14624
14050
15649
22286
15323
16378
22110
16511
12838
14263
14451
16855
17609
21306
19518
19420
15417
17669
16500
32280
14286
19937
24501
18598
14255
16105
19828
16315
26344
23648
13648
12876
20634
21018
18918
22309
25621
19215
25458
12642
14831
17016
14876
19773
24149
28349
12805
15542
32549
13050
33127
14740
16065
21248
16291
15025
33143
16188
18090
25988
15268
21739
14578
15690
16115
12942
18528
22637
21948
25847
12748
26196
16232
21075
13495
14451
17660
12884
14058
13770
13886
14836
12842
13828
25685
13022
13951
20109
15527
23432
14391
14647
15175
13879
22659
24688
13016
21601
21966
22668
12598
15926
34078
34095
13988
15747
18291
25077
14585
15518
16392
19211
24110
16039
30690
16342
33685
17332
19316
20825
12849
22356
28210
12639
14242
16070
13968
28982
29016
13229
16394
20067
13367
17838
24067
14228
17453
12885
13439
26360
12898
13051
16037
13675
16306
15028
16967
14119
14541
24413
13023
17855
18299
13342
19137
25445
12834
23299
23964
16298
22935
19379
27054
16548
22569
22760
13115
18420
15021
15472
15201
17504
13324
15156
18647
19850
21806
22014
13663
14004
14037
12728
15620
14921
15381
14863
15484
15886
16677
22164
14842
14863
15870
12796
21749
12656
15177
24706
20385
24203
31984
22394
23013
13250
20696
17230
14233
14268
14306
14490
17213
16416
24783
14620
16041
12687
13592
12903
15344
12676
16021
14540
15360
14649
15299
17261
17262
15348
34671
30002
13284
17521
19122
19445
12829
13165
14492
12927
20764
22352
16308
17576
22115
15549
18152
24333
21875
15944
16266
18320
13157
25628
13988
27055
12826
15155
15956
13371
18966
23537
16152
27702
13730
14311
15298
13150
15032
32677
13970
24024
21074
33771
23360
13824
19306
13810
15250
14677
15389
21469
16740
32911
27006
19483
20853
21272
22179
16625
18183
20013
20918
18203
23767
13750
27025
22174
28503
16113
26105
22808
28245
12925
14819
16333
14521
16260
18437
15681
16502
24935
22093
14096
18006
24764
13762
15985
17737
24103
15206
15207
17949
20818
14074
23606
34418
17682
33000
14176
16096
18063
17155
17522
13218
28024
13300
20358
21338
14134
14712
13768
14752
19462
24453
18558
20955
13869
24971
13711
21253
14645
19580
23212
32165
32955
21423
16354
19690
15746
33220
14882
14906
16142
12994
13385
16449
20951
23729
12809
14477
13357
20044
12903
13484
14191
18864
26736
16298
23931
20454
28067
23036
31967
18908
23014
25625
14289
15029
26269
13851
14686
13397
13644
28441
18601
14610
14993
23524
21912
13230
19636
29114
22808
23341
25428
25735
15787
18288
14584
20718
15078
15393
30872
13592
13677
17311
19130
32037
13536
14392
13739
31793
24058
24257
27913
23812
24649
21001
30329
30343
20465
26530
30520
13160
13639
13161
13285
25463
14784
18998
13236
18761
18828
25115
16986
31466
19698
12779
16027
16401
13079
19609
20264
14458
19293
21081
12900
15917
22334
12798
24913
13564
22799
15007
19176
16533
28769
17365
19866
22610
13347
16941
20656
13514
17672
19016
14087
26931
12855
27144
14200
21374
14830
14875
16480
26365
20193
20385
16220
21733
30391
13160
13719
15749
21328
20524
26636
12951
15130
17593
13427
14214
24133
22587
20848
22967
27133
13950
22163
15343
21874
13875
16186
15983
16710
20424
27396
17444
26312
13416
13666
17225
17379
21804
21443
21942
17120
23062
13521
13877
16832
21152
33815
14030
13250
15251
15873
12925
13655
19658
25100
14100
14214
15240
14698
14940
25460
18436
19853
13223
17912
22711
13485
13789
14463
24455
19581
24655
15299
15068
19177
21558
14648
26207
16630
26103
23435
13173
16426
16740
26556
20258
14511
17751
13688
24015
14039
22093
23495
24370
13697
14467
28147
22153
25160
20454
23685
29474
17740
22192
14125
31118
32060
32002
15857
23779
15214
12975
13722
12918
21734
13370
13705
13816
14618
16705
16793
28665
14660
27799
14239
18359
22454
33460
24800
18916
20382
17486
22156
14544
15381
13430
13871
27962
21814
25726
31190
17453
15006
20808
21036
34663
16327
17686
19608
27242
13843
33443
17677
18677
22118
23542
26306
14553
15793
18423
18633
18949
28587
14720
13087
23100
25340
18095
18668
20768
19800
20096
26145
20773
22536
29043
16424
19476
13792
16028
21696
15412
24687
15775
23830
26961
18853
14300
23977
25717
13476
27686
15335
12962
14520
15336
26917
30338
18425
20556
21344
25268
14591
20251
20375
20635
18564
20626
17480
29200
14453
21472
15308
14097
14835
27280
14641
14944
15615
16518
16861
16292
24136
26309
13833
18360
19369
31765
14986
15454
14222
17982
24093
21429
22511
22623
12930
15387
16914
13264
18232
30127
15728
20163
34848
13178
14755
15472
25144
13018
13051
26762
13815
15023
20007
25408
27142
15118
15250
19472
16352
19836
26168
33547
15631
17627
25091
30473
18225
22518
26386
13791
15506
17379
18940
25362
13006
15306
15449
29323
13304
14835
28922
20936
21738
28801
18148
22071
13665
14496
25265
13108
27246
14976
15727
16830
16911
23273
15219
20204
22319
15239
13018
22831
14183
14312
32238
14271
23083
14350
17312
20173
13595
17226
23521
29989
26317
33716
20085
20673
13235
17292
22377
33458
16151
16817
19618
14196
18365
17469
26645
19651
23880
14780
18096
28458
16052
13754
13826
16324
15496
17865
21523
20736
19901
15416
24135
26553
18712
22280
16209
33472
16361
22334
18114
14642
15761
18536
21365
23102
17148
18835
21875
32527
15621
18508
13486
19864
16074
16585
20374
25834
14631
23299
27175
15232
16604
14357
13826
32857
14180
14844
15787
13440
14714
15355
13867
25839
14242
15045
16907
15002
15187
25489
14043
18280
20252
21346
23027
23130
27776
34031
13495
17197
13702
32963
23385
24952
13065
13643
13892
17732
19393
13274
14919
13056
13897
17509
13170
22636
30271
16483
17717
21166
24541
29381
13945
20912
33615
14969
18452
15706
22626
18896
24570
23243
22269
13748
15210
26494
16996
20772
13669
13755
30524
15700
17105
28386
13176
17324
25097
15114
26275
13286
16791
13338
16844
16577
25312
17870
21937
15738
27728
18596
27535
16949
19277
14270
24641
20278
17376
13292
17207
25873
17645
20854
17860
19815
30926
19547
23486
29710
13797
18858
23001
26114
14035
16290
28401
14758
18860
28403
13290
26407
25203
13068
14897
13150
13268
13385
15495
18291
20271
13769
14797
15810
15475
17183
18632
15837
17573
19390
15029
25609
25031
23919
23823
25493
14960
18391
28281
15768
23937
15630
15912
16634
18842
13506
13755
13793
14908
16636
24389
24750
15392
21061
14389
13206
20365
24227
13741
19294
22422
14949
17295
22443
31403
19798
25309
13581
13896
19892
22909
29838
14973
15555
30656
14169
14470
15800
18577
18699
14643
24214
33316
22949
26390
30818
13244
18208
28291
21254
21965
24095
25657
16682
16836
20653
13719
13720
15088
19757
25652
17765
18400
18515
13409
14535
15398
15434
13832
15436
16780
13516
16460
23667
16909
19218
24198
24064
28141
32468
13639
17228
18084
14154
16790
27081
15333
17447
32133
14304
14981
13687
18355
20011
16102
20903
13963
16675
18059
19424
22694
18098
27350
16682
18708
14400
13354
13675
26613
15183
29360
33264
13760
14839
15046
24040
13713
24757
17058
13900
21264
30873
27666
15730
16567
22257
33170
20467
34056
13753
14765
14057
14634
15701
17957
13394
13552
16705
16337
16644
29786
13588
23313
13414
25594
15343
15882
16263
22304
26171
15622
13566
14499
15685
34413
14108
15780
17842
20150
31029
16175
21141
23259
26388
13636
18039
22250
27094
31649
15546
20127
21953
14640
15076
15475
18108
30588
16857
17216
15356
17691
15881
16043
23799
24682
13394
22805
13761
26112
27602
14052
21384
29573
13544
29051
14932
18941
20032
31467
14884
14817
17461
27965
15016
16328
28601
18635
20684
13328
14352
20994
13555
13910
14542
17600
28688
20826
20907
33208
13794
14180
23484
13990
18010
18776
13670
16592
21487
19808
23816
26553
26598
30261
15000
15028
18740
23096
23860
16849
15985
18231
19527
20667
31740
32363
31462
23303
25761
26182
17562
31667
19496
29281
18609
22068
27489
18727
16260
19859
13482
13589
23782
18487
19746
27558
13576
15899
22958
29315
18030
27300
18878
18361
16626
32971
17634
24815
14106
17423
23324
13544
14668
28542
23482
33037
23736
32819
14363
14685
18153
13448
13894
20530
17436
20934
17390
18916
20203
24121
18473
19281
20224
31806
13401
18789
23047
24248
20338
29694
13769
14078
16962
13570
25615
27032
24618
17617
20090
13663
14190
21483
14143
15242
19941
14392
20493
19457
23049
34672
19600
21824
22528
33575
23847
25765
15352
20439
15131
15393
17870
18379
21251
22470
28697
15279
16019
15318
23603
19192
19780
23505
15980
17112
14142
16262
22821
28071
27765
17344
17301
23396
24978
13335
13473
17519
17288
20001
18196
14619
18519
18229
22391
16712
23359
20205
23892
19523
20424
13733
16822
20692
14025
16095
16824
18899
14810
15871
18869
19086
24321
15673
24235
18406
20915
30550
25344
14914
15615
22730
13963
14289
32114
13360
14514
20045
22899
28262
23877
13896
23110
19067
26658
19434
26023
13615
13666
15509
23862
24842
28631
23223
28183
20690
21861
19441
14476
13702
14304
28475
13657
23831
13553
16902
13890
16860
16903
14661
14708
15358
13911
14918
29094
27359
14726
14805
15847
14174
25892
17974
13597
23871
25262
15748
16633
22201
14093
16162
17066
17622
20543
16706
17143
20088
25572
20998
17294
23012
13513
17372
22791
23141
14406
19264
24909
21451
22646
31416
15798
31396
16093
14352
14667
17210
14373
15237
21769
17481
19262
18948
17310
27141
20278
21392
16844
18443
15963
29023
20890
15269
23826
24970
15746
16219
17194
15086
16198
28832
14487
14917
30937
13405
14488
23893
16234
16613
13508
28900
16082
16619
16102
17273
19076
14310
22752
32904
16227
24388
14704
21774
15554
13821
17948
22666
20828
13598
13967
15577
17715
21642
22324
29841
13974
16302
14182
14889
17486
21180
19521
18317
20218
20567
16439
18116
20109
24347
17773
17969
21791
24011
13469
15625
16853
31040
19345
24487
31747
21688
24410
14674
17518
18397
32014
16123
24025
32734
15429
17198
31010
14885
17000
27755
27793
14323
21606
15116
16238
20343
15203
16579
15740
16766
21207
28375
14329
14708
15710
17492
27935
15446
18720
18750
15700
24389
29143
22089
14996
21079
14012
14797
15016
15956
17957
23234
19236
19321
14850
19677
16247
17292
17958
18964
15879
31755
29306
31849
13871
22637
24426
22755
23586
27244
14027
26600
22657
28385
14635
16852
15583
17085
17135
18256
15991
13815
13643
15661
28368
18563
18211
20265
34801
15557
13748
14528
14994
27978
24021
14095
16055
29770
15807
30415
13508
16662
15092
14063
18187
13950
14104
14271
15997
18682
30364
30829
16228
19128
13645
19714
25296
14287
28356
30895
27739
14049
16971
16988
28331
16321
13501
17563
19058
30311
20122
16532
13974
15494
15018
22896
15259
14237
19611
27474
15613
25098
33292
13710
14311
18117
25912
18442
21111
24404
21109
26318
32775
25183
32217
18788
13699
23772
26713
13669
32297
15605
23484
14452
16124
17766
18613
16358
16743
25980
14062
21308
27398
16149
19860
24281
17416
21743
18681
16708
18505
13977
19408
15683
26685
19666
25740
21016
20573
15289
18936
20082
29505
29863
29347
14412
32946
15237
15786
15912
13686
13865
13530
32684
14244
18001
17474
17897
26404
13895
16586
14961
34592
19259
27753
13720
14906
31512
14487
31449
19383
15563
29380
17983
23928
27429
16541
16621
19192
14620
25118
20217
13894
14220
15983
22281
25348
31547
22009
25039
18901
20820
22393
21593
30374
31897
32704
15036
16010
29400
14753
17325
29219
16942
13816
15592
21621
18730
13850
31285
20330
22731
14918
21857
24502
17377
24050
13646
17313
15979
20489
13734
14105
17879
19683
15268
19175
34323
18020
20956
31578
18445
15073
17405
17992
14672
19465
29761
16944
17330
13740
18224
16264
28008
16088
16131
14724
17297
23287
26389
17929
18409
23188
28062
18771
20858
22398
25959
20111
20376
22300
26782
16605
29392
33669
33671
16255
16490
18107
24133
31702
14343
17958
18224
25611
28453
16167
18089
18130
15863
16129
16377
14705
18508
18799
16848
25840
15405
22025
16398
16443
34147
34791
13768
16010
31798
13864
14078
15255
18073
15041
14138
14701
17465
17076
23386
17923
13730
17128
14528
14896
15048
14332
31850
19227
25155
25793
14277
14902
17721
19325
16124
16163
16487
15808
19529
19969
16035
18270
23461
32932
16060
22761
18782
14492
15276
23437
16210
31445
15549
31168
24405
14016
16168
31925
13833
24559
16581
16024
14067
17645
19037
20651
30023
17721
18233
15910
17441
21212
21537
26140
26489
17518
18722
20153
20965
14452
15128
14058
25073
17092
20474
25157
15641
16597
16863
13630
14085
14347
23857
14719
16419
15924
16913
14544
14899
30508
20242
28608
25619
18211
31393
14696
18142
26078
17368
18629
14804
22940
14839
15572
26127
15943
25964
25730
18248
23429
17491
20998
17885
20323
27030
15055
24035
30988
15037
18268
13724
14079
13817
14559
17110
15202
18967
14802
15593
25705
16672
19766
26095
15901
23594
24861
13897
34549
14353
16986
23512
31347
24392
14534
29798
16721
18173
21596
15354
16490
13800
25422
16597
14017
14462
15681
17468
18834
14788
19962
20238
17117
15693
19835
22379
22998
29926
14711
19527
15182
20299
17147
15612
30315
18277
20476
26302
17374
19781
14527
16267
18709
19536
23945
32853
19297
19751
19507
24855
18700
24808
15825
25649
17444
22068
32194
15195
15588
15896
14941
15079
15859
13976
19795
19886
19795
22997
15277
16859
21573
15357
16152
18698
14986
19750
26595
21879
19138
30107
33879
34637
16232
19491
29995
31132
14675
16302
17021
14342
19930
20154
26855
26092
25091
14837
16976
14361
15591
18642
18696
16707
25886
13927
14870
15459
15030
16459
21852
15189
15296
23727
14225
15267
18523
21841
23026
15410
18324
25741
34050
34058
13797
15563
21465
19956
25435
15184
17167
18455
17075
23532
26088
14807
15931
24291
14570
24186
24907
16299
23654
28295
15222
17078
18022
24708
15490
34137
17267
19791
27462
14340
16659
14694
15953
25169
19012
19248
19742
16469
18708
14380
20900
21436
15565
16643
26900
21370
17359
18813
14044
14954
16544
26583
17237
20892
21900
27323
21687
30026
15807
15955
17594
32959
16930
20089
24741
13846
14564
16420
14007
23896
16568
26171
24625
25402
15665
22867
23297
18281
29510
18527
16629
34213
27055
16702
32723
18711
18794
14556
15081
13802
22940
26067
27756
25961
17509
34548
23213
18323
16404
15218
15327
15992
23591
15112
14265
14554
18809
19972
20395
15477
20200
14948
15097
32605
14003
18539
18926
19093
20665
15667
20625
23080
34285
14474
16658
19364
14400
20846
13960
20361
13886
15896
18107
17030
13818
17393
16644
14717
15455
16373
17278
24089
25913
25019
19439
31022
14886
17725
15157
17500
15080
15521
15860
21409
23678
16290
16646
26642
17998
16502
17010
23974
19022
19454
15621
20759
16350
17657
22028
15687
28337
20874
14531
21356
23819
17780
18722
32574
15704
16387
27597
21997
26394
16361
17274
30179
20881
18930
15399
15901
19080
14464
15283
16991
15663
28831
14955
15297
17401
14951
19833
14411
14807
15905
16527
20027
15889
17301
19418
21425
21625
14653
15370
15726
15331
17919
26743
19987
20864
23730
16432
16491
17614
20348
17347
17414
15920
17700
21536
23318
19195
26539
31562
18060
26463
20317
20482
32514
15288
22920
25919
31865
23616
34818
14419
16658
15254
23267
25827
15808
19756
14636
20751
28452
22133
18399
27269
16182
17959
19744
21329
31164
15292
27904
25869
18571
26269
16128
18155
21785
14042
14706
13912
22881
25902
18019
18839
20621
32564
21750
25650
15964
28651
24673
14094
14765
19145
17324
18290
16034
16720
16875
18949
18643
25499
15142
23986
15105
21536
23822
23348
15779
16570
16603
27836
27355
15010
24969
14794
14782
17022
23485
15810
16962
13962
14512
16860
17615
28252
16263
22336
14242
17035
14196
16820
19019
20618
14332
15904
15033
23147
19718
20999
14646
17793
23165
23335
26058
22217
16142
31517
17865
18776
31452
16429
16789
20641
17783
19950
21078
23760
15239
28208
14849
17305
15812
17668
16289
16369
18180
31474
23738
19084
14219
15282
21889
22337
14606
14706
15776
24396
28437
19474
23530
18272
16180
18352
18977
20661
14461
17828
27488
18735
21216
13966
20100
26049
22314
14328
16192
28621
14286
22266
16395
18746
24363
18230
19269
20032
15255
22016
15934
17855
24368
18116
19595
20203
20876
17736
20713
30762
14328
15143
20235
34007
18206
24387
25373
18839
26739
28391
14092
14736
30302
30451
14834
16720
18374
14322
15876
27938
16575
20821
14101
16411
25699
14966
18011
16779
22292
27454
25776
14701
18054
22681
23571
19211
23481
22294
23220
16728
14894
15641
15820
19812
14044
14496
15441
28951
27389
15075
18396
16053
16719
20696
26351
15955
17088
19726
15838
16017
19532
23199
15882
14622
25606
22615
23118
28600
19287
24968
17947
15167
16933
17223
17858
20370
31833
32541
25848
14610
17134
23212
25132
27371
32553
17421
18754
20716
18825
19310
29401
30639
14949
20133
25897
14326
16819
24221
14495
18056
22903
14408
17399
14165
18919
25025
15245
28100
14448
14857
25829
20726
24615
15466
21814
33953
22381
26153
17978
18010
31345
17865
18141
30932
19400
32608
18677
14379
14456
16792
14698
16410
14559
15198
21014
17371
19431
17543
27497
19612
24987
19300
28181
24079
26679
15780
18744
30798
23907
15514
17549
24328
16548
19822
27994
28757
34104
14886
15059
16842
22077
16451
15134
15898
18965
20753
17573
18965
14890
15611
14308
14309
18890
21467
19593
21759
26002
15187
16373
29643
17344
18346
31142
14230
17951
24118
15541
15371
15630
15216
24429
17105
15238
18044
26805
16255
19104
21119
23326
25804
15591
19467
14510
15081
30604
17983
15026
16794
18491
18801
23689
15232
20067
15560
22426
14281
14504
18085
18659
24612
33590
20273
21513
15261
17597
33005
20504
21321
20916
29055
14163
16228
15117
22328
24563
14897
15531
26109
18302
31545
17473
31476
16217
29946
19947
25047
33630
15248
15926
18703
24294
14230
17019
17974
26031
33680
15733
19400
14818
16536
19657
19660
20345
15039
17596
20037
16208
14384
15815
20756
16310
17113
22916
28064
17895
18186
19135
22930
23257
25358
24869
19913
22251
27116
24429
32083
16634
17780
14597
15128
16252
18777
24000
14812
16331
27609
15588
16432
18318
33148
17354
26876
19351
20632
22907
14186
16689
16818
16292
16675
19576
19632
16986
17205
14316
17096
19716
23231
29089
20145
22446
26689
14546
18527
15765
18134
22848
23740
18098
23287
15109
15211
14673
21815
17722
15450
14401
24026
14982
16125
17689
22207
15657
26554
26285
16341
26075
14722
16417
32089
14722
16168
16438
15862
22814
16690
18848
19502
18244
24912
17174
17278
22908
23918
24988
18491
24335
15828
19303
25883
31787
23743
33713
19117
27224
22213
26891
14736
21115
34185
34129
14373
15544
15785
16081
17479
32181
24314
15015
17539
18448
19062
22040
18875
20804
22320
15114
15157
21829
15196
19237
14971
18617
25886
19920
14426
15922
18573
19133
21522
21813
24678
24835
15685
20490
21124
18840
19584
19998
22072
24028
15330
24361
19758
17431
22516
16741
32544
14555
15638
16500
17008
15639
25427
14286
28350
30494
25165
23646
15553
22574
16045
24163
33559
16217
19054
24400
15687
15971
23922
15541
15747
17607
24749
15392
16553
16754
19707
16843
20364
16438
16020
14623
15845
25141
20854
14862
29169
21634
32258
15055
17658
14432
15113
15790
17392
14586
17850
16616
24519
15565
16434
17331
14540
16068
24627
20662
22147
16822
15164
21909
19413
16109
19297
25952
20335
31361
16275
26021
27482
17918
29517
19180
22336
17228
17386
17269
30037
17636
18085
16925
30173
30853
15222
16727
17293
15454
18355
18535
25794
14590
14622
23296
17810
20091
17943
25897
17928
21411
14662
15098
16106
22801
23143
23752
19427
23842
28818
22425
25167
18623
19189
26483
16590
19166
19792
19951
14303
14475
18449
17462
17291
14343
15439
16759
22114
25200
15025
23145
16242
16731
17258
25372
14859
15711
19565
15711
15366
20510
26012
17458
18720
32272
16176
26086
16719
22489
15017
17410
14767
32642
14713
16810
18072
21135
15574
15186
16265
26055
18786
16442
21788
23553
26192
14946
21707
17927
21313
22773
16679
24073
32199
16349
18062
19700
28427
28069
23368
30682
14882
15218
15890
31946
19073
20195
14757
16539
26115
27314
28126
29764
17639
17204
19130
15295
22521
14992
16073
18121
19998
18160
23476
26751
19803
23276
17536
32009
23942
29651
19517
20542
17087
26953
15160
16452
28962
26889
20108
20579
16047
22386
22806
23940
28798
20840
18165
24177
21974
30394
16118
20119
23416
31318
14752
15037
16252
19171
17068
17987
15060
17392
14456
24263
18258
21268
29520
25410
32540
17555
28897
26677
17678
17833
21427
15441
14646
15574
14672
16171
15289
23019
14990
15491
21211
17918
20896
30578
21376
27498
21114
24092
16122
16161
19513
19791
25513
20735
14455
17005
16554
15197
24924
27548
19641
24712
20350
16108
20432
14787
15776
32306
17837
27737
23417
14689
23747
18496
20322
22816
28040
16483
26880
14691
27544
28936
16999
24608
26535
16466
17650
17197
32674
16590
19363
33227
16776
23251
15024
15656
16978
27999
17657
21529
23674
34774
17055
30530
33928
22269
29983
23002
31603
15605
22523
16551
18170
27493
14798
17391
16593
33149
14911
16126
23796
16038
16927
20183
15720
15998
24589
18812
23422
29116
15380
18245
28410
15363
17382
23734
24362
15071
15119
16828
19113
23773
16399
19021
31062
15626
25623
34560
15035
32757
15330
15931
17390
21476
14738
15159
19639
24354
16084
16287
16860
18455
14661
17966
25465
18932
20422
19160
17174
17560
17945
15084
23883
14924
16910
23920
34530
17882
31212
15559
17953
19968
25322
14867
24380
15516
29449
16254
18237
15022
24630
14498
16063
17640
22655
25386
15886
18470
19398
20316
17100
18469
15409
21386
23581
24996
29404
17483
21247
15078
16684
18274
15223
19992
23358
15226
17049
23699
15903
20222
16908
24241
14874
24531
14530
29314
21126
14548
17101
15234
27948
26477
30059
15954
16303
20438
14599
15264
17746
14600
15789
14851
15115
16359
15222
16898
22367
16496
14521
23870
17394
21095
17922
21590
24633
15048
15684
22139
19816
20859
18123
15993
16328
14739
25075
17666
17690
17250
24186
19087
20060
22021
21123
21773
23732
33298
14747
16441
16193
25337
32631
24695
21001
21642
25549
18141
19429
15197
17139
18555
14617
15291
16979
16616
16704
27709
16561
14591
16951
15264
15845
17507
22107
23030
17774
21674
28261
23258
17424
20747
24434
21792
17862
30727
17823
18374
26870
15136
15257
15812
16494
16595
19640
15753
19454
17669
18438
15433
17503
16526
16687
15640
21183
17559
20802
32943
26655
26937
25040
26290
14666
14864
16296
21778
26884
26874
27969
17404
20191
26321
20047
20318
24402
31577
20537
25438
22618
27106
20148
19230
17040
20383
22076
19439
31223
22104
16098
17366
18326
17539
18194
20628
17849
26440
26401
18501
17141
16542
24212
15141
15570
19128
15343
23406
15463
30923
22207
23145
24039
23223
22279
25095
14845
16054
21232
16031
17445
25441
17727
19123
16384
17728
14754
14755
16060
17637
17595
16555
18240
22679
27258
14954
21506
21430
18851
17099
21557
18214
23628
29601
16461
18253
24903
15371
17386
25377
27317
16925
28254
17271
18479
19235
15416
15839
25967
17616
25340
15975
14787
17219
17435
25345
15246
16187
19864
20608
23210
27118
19337
19339
22541
21486
28694
32334
33305
21804
18753
21231
15733
28408
15503
19480
21830
17049
19422
24626
24829
17093
14723
15706
14746
17313
20873
26887
14957
15868
17835
18458
19265
15987
34107
34677
18511
34387
14903
16569
15076
15220
15993
20794
19627
20523
23869
23487
26187
30826
16619
19574
18454
19959
22353
14894
20620
26224
16676
21803
15531
15533
16524
20770
27087
34324
20597
20893
20922
15689
22697
19059
21316
21635
20468
15237
21978
19363
25398
17541
19330
15355
15564
16497
15457
15814
16688
21410
25757
21542
19003
21812
31073
15795
30688
15242
15709
26599
18684
32957
20841
29581
19115
20731
31698
20654
27714
32018
15733
16610
17783
21056
17126
15258
16453
21029
24910
16162
18729
20661
21215
23630
15978
16543
15049
18161
27357
34486
17100
25175
20153
31862
25810
19105
19794
26810
18293
27584
18889
27185
14720
14915
28220
32718
15919
24665
15189
17340
15709
24246
15525
17527
17910
14921
18033
18133
21323
17059
22058
22504
14814
16397
22658
15013
18163
15217
15449
21462
24812
15133
19639
21621
27921
15397
18259
19002
16966
17998
16673
18683
16371
23905
20778
22021
16372
22976
25533
33784
35075
15952
17459
16011
28713
29254
20600
17248
20417
17331
17868
19034
16365
15941
19334
19548
23255
23623
20452
23450
20352
24782
19541
16200
17664
26651
33529
17223
19092
20490
16993
18319
25586
20337
22249
23372
30920
17547
22409
20582
22310
23182
18462
20596
28352
21995
32919
21245
28569
34722
29829
22133
20363
15041
15276
24358
16067
17058
15664
20408
29150
22933
21714
26987
20704
30558
21286
23136
17970
16026
22858
19160
19490
24215
16035
21552
27110
16879
18353
25378
17747
15505
16670
24018
16647
17964
14822
25151
20200
15425
16270
15321
15865
19996
20986
26111
25015
16174
20677
17734
17133
24157
25275
15328
16807
19429
17042
24000
19555
22759
17995
19500
24940
16793
28498
32417
18559
18643
17338
22947
26292
17418
18979
21870
15103
20190
20985
26486
15287
17775
15693
25619
23972
26649
15701
28276
25502
17981
18274
25505
15419
26935
15795
19614
15742
29865
14930
18576
15173
18788
15218
24381
16405
25107
15220
15932
24709
17412
18311
17162
23716
24955
20967
15914
23082
15918
20449
18951
17772
20110
23076
20780
20995
32068
22521
21892
24189
21195
15056
20620
14922
16507
17079
16825
18542
22493
23128
23135
30203
22485
15748
24663
16723
18976
15916
21784
24478
21722
16134
17401
18563
24334
17530
20026
21652
25765
18162
20547
16156
17707
18652
19335
15947
16801
17562
23620
25089
34577
21538
20989
15502
16163
16873
19185
31031
15669
16922
17024
18960
20127
25323
25404
19679
22129
26812
15840
19887
19523
15680
16366
16475
17713
18428
17222
20743
24590
18057
28894
19940
26813
32185
19667
22886
16655
18018
27385
23265
26558
32476
22085
23483
18217
18842
32025
15633
22744
15469
23203
28309
16166
16181
16834
21465
17893
28270
15280
15140
18644
15645
20826
23016
18813
18663
15379
16212
18263
20023
20371
21496
16092
22764
20337
16273
16297
34365
20373
22695
32266
22440
25160
33210
21323
17238
20495
32022
29860
21292
22279
23028
24385
15371
15912
26532
15014
16072
17123
15635
18475
25274
16034
16179
16592
16640
16880
20752
15158
16897
28098
17711
25852
16258
33204
15859
16238
16412
16758
19015
23436
15814
20646
18181
29069
17218
20646
17170
20776
23095
19536
26149
17967
21854
26664
15204
19766
20805
15482
14989
22017
18301
19414
24560
34267
17259
20392
30556
24285
15697
34288
20942
18290
18531
16200
18311
17907
16062
16226
15758
17488
28366
17251
17274
16559
31283
19732
20237
21673
31616
19718
26752
25429
26823
15964
28300
16322
30714
15559
34219
24082
28379
16685
16757
18379
19075
15661
16992
24849
17643
24719
19132
31909
16023
16134
15119
15680
17915
25193
25598
18324
18021
25202
21203
24731
18827
20231
17248
19064
21589
17184
18109
17450
20881
15739
24061
25096
21747
20401
25149
19058
22638
26877
16172
27932
15368
15927
24953
25908
27001
18076
23277
27623
18270
18909
26444
26682
16809
15753
26339
31518
15080
19170
24623
21299
15640
18223
25432
23010
19711
18717
15799
19159
20985
16839
16841
15392
27779
17272
25067
22325
24785
26439
18223
22718
23375
17295
26137
15400
27939
17945
19392
16268
21883
26606
22364
15067
25551
33603
18118
19097
21766
34140
34150
15892
19868
15430
16407
25690
18353
17142
17184
21271
22262
15794
16019
17295
20091
25573
25800
17188
18649
17378
17580
17703
22432
20194
26122
17476
21211
16277
16787
24687
35059
17589
29266
26466
17483
20511
16493
33222
17090
15915
15275
20076
19561
26498
16830
19476
31987
32848
27705
18820
30654
16054
23864
17162
19707
25143
15156
15790
15934
17215
15756
22079
17073
16557
19917
17173
17830
16458
18428
16783
16846
16106
21217
17377
18850
17175
18739
22591
16692
21259
21609
28273
16994
19549
20068
19946
22067
16623
32074
32291
15951
18606
19276
17229
18417
18272
32785
21666
25070
16452
15132
32922
18407
21281
20262
16393
18017
20621
20305
16630
25743
27455
19634
20097
26090
16118
34565
17933
16876
22417
26176
15197
25881
16978
23285
16015
16385
20021
25364
19237
20036
26166
15315
15455
19848
20487
16150
19971
23009
17578
16106
17396
15904
15960
15482
16273
15744
17899
17913
21804
18994
25986
27341
16353
16428
16739
18883
15951
18308
24646
18217
19145
24902
15256
18724
28993
25968
23536
17006
15970
27616
17072
24098
16188
16645
17255
31176
16104
19678
25437
19487
24254
18057
18971
16460
19962
16710
24514
28896
27040
16115
25500
15692
29631
15538
21592
24016
24485
23884
26091
16446
19376
20964
18252
27872
21604
16611
17783
19883
16449
18352
17246
17271
17752
22407
17575
18487
23420
18340
21851
23821
15595
25669
20590
24778
16294
20046
20535
15766
15863
17531
17015
28360
16937
17015
30103
15932
16552
21770
18843
21162
24339
17890
32244
16435
16928
25069
17144
18643
19559
32961
18953
26449
17617
24408
16270
17400
16746
17791
19508
15267
32627
15234
18021
17181
22156
27875
23002
24316
16404
18628
17724
17125
22760
18333
16859
20276
18243
20816
30503
16068
16241
15901
19979
18524
22739
17914
19733
21185
24134
21315
25462
29032
15514
19343
30942
15771
30865
15389
25910
23304
23357
15453
16515
16666
18029
16087
17605
25226
22502
34315
21815
34508
25396
23094
16806
16872
15787
16573
24025
19184
21091
18944
15933
17432
17029
25990
16778
18332
15474
15592
24751
16101
21628
17965
21228
23382
22852
15740
21837
18837
25059
31859
17917
18957
20068
34142
34792
16009
16960
17068
20845
18946
20129
17126
21553
24347
22572
16040
23361
21543
18180
18597
16648
25774
15862
15978
24911
15595
25930
18838
19921
16849
16443
17859
25713
16825
30399
20859
16803
24497
26016
27006
25435
15919
16368
25085
17637
15709
17811
16953
22127
20305
15867
19895
16566
19010
32655
18818
19199
21899
22839
21277
23192
16956
21455
22076
21378
30453
17497
24554
17663
21999
29103
17199
18126
19658
19821
16453
17108
18680
18110
19312
22070
17252
24502
20836
22272
17854
18440
26902
18491
19391
20078
21927
22408
16828
16864
19583
29713
15427
17798
25471
15605
16788
16921
27158
16081
21524
32156
16178
18531
18790
19147
17026
21477
16433
18127
15375
16667
17803
16758
20578
24077
16687
17692
20968
16780
15705
18732
15461
27936
25946
17760
25367
23516
16380
19233
15989
24303
29551
23827
24202
28613
16053
25028
15994
19588
25936
24550
23437
22405
17828
15884
24280
24876
17759
24454
17136
18562
17836
19471
21366
17604
30233
20959
21634
24467
18653
26210
21822
15386
16354
25080
26856
17820
15700
16636
20180
24758
21572
25298
16305
24617
16340
18018
19486
20758
16462
19682
19649
20791
20729
22950
18458
25876
26091
17458
33152
21202
31222
18778
16143
16233
26546
16470
17571
19589
24924
15836
17711
15736
16360
17803
17307
26391
16542
20201
31933
17035
19371
15571
16730
25522
18758
31797
27170
27977
17773
23048
19832
16580
21928
20960
21928
32788
29628
30422
30963
16009
17992
17623
22864
21389
16640
27713
24732
20010
21811
19388
28145
19560
25240
16210
16815
18405
17372
25071
24682
17508
20603
21907
18897
22605
16886
20595
17779
15772
15874
17460
16164
29867
19555
31623
15915
16204
25896
18807
21156
24212
16416
23070
16966
25114
16984
17435
16847
18635
24500
26028
27465
21992
17225
23879
19398
22582
16938
19232
25154
26663
19118
29494
24253
32872
15451
15750
23502
17785
18673
18589
26216
23504
16498
19592
22589
28981
16208
19957
16904
21182
18767
17699
17944
18619
19828
22152
29714
18905
15822
15847
16887
17991
28564
19944
28544
30450
15558
16076
20596
16303
19072
17003
23985
26246
15836
20774
25999
16494
29091
19960
22080
28009
20566
27050
22460
23875
17299
18128
26002
16343
20714
17926
16746
20079
18576
18578
27484
19043
24450
25307
15558
17930
21290
30608
19143
25343
16280
22020
24478
25796
16958
26851
26929
31525
17846
20054
18463
19755
19462
31669
16611
17994
19262
17410
18611
17045
17106
16038
17787
21172
21886
26033
17488
27353
16017
18696
21183
25764
22631
27829
29093
16681
18286
19269
17017
21511
20386
24264
29981
22012
24787
33320
21349
21501
16201
24151
15958
16492
17091
31977
23838
27119
16107
20937
17222
21273
15944
18408
22428
25762
22436
17657
26231
16271
18229
19875
19524
16626
18684
18747
17118
18370
21724
20177
29425
27243
17739
20403
21128
23892
16029
18704
21612
16198
17385
29129
15545
26301
22639
24647
18828
27731
16362
27468
31954
20758
22983
23387
18666
18836
20293
17772
25537
18302
21973
20549
27690
23067
31819
17004
17906
18675
15858
16180
15793
26381
20744
16498
19079
17629
18440
18519
15997
17716
25361
16021
16562
20920
21046
21921
17580
22188
34472
17283
19456
17403
21553
20760
22488
25816
17061
26052
17516
18750
33164
19604
25512
16804
16838
29457
19122
27162
16487
16873
30217
19990
23745
18678
20325
25291
19822
29763
23053
15794
29722
16474
23042
23946
16784
17342
19266
16244
17861
18600
15824
17474
21803
30632
16278
16446
17365
23845
29966
25566
28165
28692
15772
17799
18009
19605
20576
18946
19063
17667
20010
17166
23979
15973
26808
17218
16599
16819
21281
23382
22686
23018
26592
28905
31615
32614
22617
22447
34063
23517
16514
17426
26563
21968
22708
16550
19999
17552
17848
17160
17800
19026
18024
22203
19048
28188
17234
17654
16499
20487
20430
28857
22506
17874
20617
21870
24038
20777
23407
30602
19470
15742
21531
21229
32780
23707
15751
16325
17268
18959
18235
30273
17571
21864
21988
31237
17869
20832
18465
16622
17354
18026
21137
26719
16580
17173
22574
18814
18466
19891
23881
34077
17839
34144
34803
19059
23262
18855
22088
18023
18822
18194
18219
24763
16491
17246
18480
25205
17072
17448
16256
17089
18761
27168
16390
17415
16416
21482
24585
18927
30064
17151
19334
17831
30007
17948
26731
16987
17222
23423
20280
34474
19653
30062
18562
20193
22357
22952
20619
33073
23332
25923
19359
21833
16323
17017
17799
17978
31295
31681
19839
16015
22234
17665
18660
17757
32625
23541
18971
20236
23058
15844
17438
20674
18510
15829
16173
23113
23661
31754
34268
34443
19458
19621
16549
18608
17823
18448
26203
19677
23107
19352
27585
16400
18767
16266
17999
20094
16798
17359
32494
20480
28597
19751
23321
22456
18993
32093
25457
18748
19010
32968
16633
17798
24131
27713
28116
16166
25440
17252
18927
26285
21042
21565
16672
34736
20093
25769
18365
17013
17051
29245
17722
19340
20897
18139
24489
18065
18820
16550
31053
16608
27372
18874
16450
17163
17572
19385
20472
19870
16760
24323
16814
18336
33057
18151
27044
29052
15979
24920
19644
27792
22844
16316
24229
16715
16733
28234
18364
16869
16218
19912
18213
19818
16161
19919
26116
30828
18058
16786
19832
17581
18901
18190
19458
23500
19896
34270
16654
18607
19329
28652
16806
17885
26260
16430
17086
26044
20166
17499
16725
17523
22374
16256
28526
17140
19709
27822
16110
19280
22660
18386
18600
25386
17681
26586
16528
32748
19139
21286
18495
18671
19854
23449
25626
24629
16614
16940
17996
21106
18533
16338
16388
18844
19152
33097
33100
18242
17770
22395
17374
18521
21483
18900
16270
16375
16624
17491
25914
16771
21254
20921
33932
18032
20635
23062
23630
24167
22509
15871
32752
20209
24819
17848
25630
19514
23453
17448
21783
17851
24977
18380
27981
16761
18639
26398
28448
16985
17730
21755
17469
18070
20108
19356
24809
17191
21858
19135
24072
21304
28383
21656
22059
30500
18326
19721
17137
18985
33501
20020
16014
17749
16084
18615
22013
32483
26787
16785
23499
16655
18540
32861
22795
26666
29816
32019
32828
28119
22389
24798
24811
16054
17428
15954
25389
17570
19695
17463
19442
19900
20274
20823
16793
19221
20685
22689
19975
20825
21353
16729
16734
16931
18341
30178
17059
18413
21366
34160
17319
29655
16353
16788
19754
17428
32769
18066
16143
20270
21224
16431
17327
19793
17004
17328
17391
22832
16492
18613
24929
16131
24918
19353
28640
21355
33586
15923
21391
25018
23298
18687
27424
29329
18393
18411
25212
17270
24265
16843
20182
17997
22069
23529
16308
17641
22535
19614
28883
18895
20947
18742
19469
22605
18189
18190
18983
32264
17244
17846
16574
18609
19463
17137
20973
30547
23805
19706
24689
31388
16063
20720
26200
16965
21042
27598
16646
24146
16456
17630
17871
15940
32607
24935
31930
17526
18011
19088
19131
16000
19579
20590
20187
24056
18305
20495
16006
23967
24531
23432
16998
18007
26611
17427
31368
16752
31092
17784
19187
19219
23959
18555
17544
18572
25082
20369
20046
27466
33386
16316
20770
27870
33695
19121
19604
20056
20271
16036
19547
19954
21297
18480
23711
18050
19190
20393
23327
21311
22274
26412
21458
24893
25437
17680
21945
17910
23888
18978
23888
17677
19068
32778
17011
16089
22354
33587
16798
19698
27360
30808
20668
26891
17564
29295
29581
16406
18023
18024
16968
22651
22326
27532
18177
24196
31889
17114
18130
18599
24086
23839
23873
16906
19358
33995
28099
29715
23803
18903
26982
27047
19180
26569
20284
20974
16940
17956
29128
21080
22402
16257
25035
24354
18425
18913
16261
18830
19746
28616
19223
17700
22323
18540
21696
24371
20896
16738
17478
16573
18288
32610
16405
24538
16178
19528
21408
17389
21727
17107
24126
28397
17306
16207
16520
24793
16310
25578
20702
18407
23679
18698
20569
16352
20675
25941
29107
17813
18093
23827
29154
17815
21878
22043
22287
16805
17408
28850
18584
20210
17446
17726
23927
16663
18587
17005
19348
23380
17825
18514
16537
18568
17920
20367
20418
24733
17113
25025
16649
17874
18796
19409
20236
20617
21730
27169
21823
17546
24431
17475
18349
24455
26973
18548
25241
34988
16281
17764
23697
19382
33419
16166
17485
17939
18356
16884
19209
21363
18439
24257
19423
17678
22228
17679
20580
18539
16525
23306
29176
18078
19342
20242
27464
28312
17521
20541
16284
28654
20801
27691
25118
16367
18183
18158
20222
23806
16713
16714
20063
22772
26963
17472
18563
21897
22475
19818
18188
29063
32814
16138
17348
26253
25663
19459
26046
24915
28987
16739
20053
16607
16608
29832
19467
16856
16980
18027
22565
29560
16600
16625
16523
17375
27909
19299
20294
24444
17115
16911
34414
16275
19736
27028
16480
25661
17038
16586
17399
25462
28363
16221
18549
30426
17000
26737
20230
28055
18174
24754
29363
21649
16670
20430
20631
16542
16967
21630
16950
19410
18278
18684
18302
26370
19864
21892
20652
22213
30369
20269
19185
20931
18270
18659
24452
17052
25826
18970
24365
21437
25449
26076
20240
20958
25565
17120
33925
17063
27788
22310
20321
21075
18463
20965
25443
18871
17687
23131
22593
16182
16703
16980
19075
20788
20141
21466
17693
18561
21004
19563
23490
16212
16712
25180
18815
24160
17812
25693
21087
19358
24789
16868
18851
19650
17901
21008
24320
18529
16431
22675
24265
17165
17982
19677
27222
18782
19630
19948
16339
16901
20981
18951
20527
23198
20430
25488
22421
27330
19580
17013
25406
17178
28995
22838
22857
31199
18544
32026
23562
18212
18789
20868
17764
25431
16282
17459
30499
21117
16893
20522
27863
16409
16756
22587
16926
24136
21607
23152
19526
21509
17481
17994
17199
16615
18857
30782
16724
17553
16493
17031
19000
31151
18335
19125
20328
17873
23704
16653
17367
23286
23768
29066
25874
17323
28340
23134
23919
18265
20119
21704
31379
26032
17569
18218
22768
25014
16257
16258
18680
21029
25813
19001
23213
19312
20528
23296
16457
16905
19889
20368
17398
28371
24332
21229
21184
28726
33869
34802
22582
20435
22255
18903
24896
22280
16282
31141
18217
25081
17480
19463
25257
19806
18314
33042
17556
20277
26522
20144
23006
26242
33039
17839
17926
32404
25780
20784
26977
19950
17501
18694
24375
16455
16499
16578
19848
18597
18488
28796
16648
16368
18739
22498
17913
19615
22560
16478
23346
17529
16524
16716
16888
22308
22158
23050
18346
21473
30512
20376
25674
33214
32043
32804
16961
30247
17325
20974
33503
16489
18659
18943
19606
18757
26829
27531
17161
18675
20471
21440
32586
20933
21214
27252
20297
17202
17353
19917
24557
18927
18989
33573
33763
20407
24377
18300
22153
16627
23265
24883
23077
25543
34360
18700
25106
28909
19375
34149
34151
16935
23828
26366
21560
31227
17409
17979
32146
26591
20003
17826
17939
16518
18145
20249
17253
18357
32219
18664
30123
17769
20557
17373
17771
16845
29952
18572
16906
18490
16730
22137
26011
24339
28144
19579
24535
27404
17061
17298
26976
21285
16445
16508
21020
22900
17457
22434
17288
18552
20210
21613
25417
18375
25442
24009
16778
17960
18679
16643
18695
18336
19432
30467
19629
23602
18150
24651
16475
16864
20192
27134
17583
22590
25752
19096
31101
29232
26764
24353
24756
24819
17429
18959
20427
18855
23434
18045
19626
21002
20219
26747
26507
28149
21492
31815
17434
19763
27921
18387
20701
26215
17675
17757
24665
25085
23525
25341
16478
17858
23712
24876
23372
18162
20319
27427
23191
22286
17649
17022
21780
18269
27107
16468
20198
17553
18481
23987
20392
23204
17768
18113
31091
20260
23098
20042
21777
22983
19525
26730
19685
18544
17129
17814
33930
21949
18171
25266
17125
25491
26157
21501
22402
24575
17502
22778
23101
28456
22171
23998
28664
31700
16691
18574
18016
23894
23715
29497
16787
19270
20596
18512
20680
23270
16805
22663
20779
16489
17067
19072
17328
26698
18333
20130
20952
17787
20183
24523
17629
23505
18156
20368
28228
20690
22627
21221
21717
24953
20319
29256
19305
24685
29794
24864
28233
33832
16659
17367
19291
19384
20254
17904
21527
22530
17594
32090
23339
22612
23939
19385
16704
18240
18316
19501
26214
17639
21467
22482
24569
17281
24815
27385
23078
16832
17897
17211
17441
17760
19944
21497
31150
16604
18982
27042
27289
18938
19604
16977
18421
19150
30559
25646
18113
21382
33090
18225
32977
19851
24057
22500
24159
21778
34401
19703
32732
21916
19895
24768
17014
19551
26443
24043
28279
17475
28070
25159
17104
19329
29009
16552
17327
17089
20312
23071
18977
19501
22435
17354
18504
25861
21975
23184
21941
17019
24118
17427
32561
18309
16808
24574
17271
17825
17851
24472
20140
20501
18112
19002
16858
20367
18055
18337
18697
20937
23238
22094
19769
18392
31239
19279
17038
28481
17818
30060
22807
24567
31817
17588
26178
30019
16607
17661
20471
21341
20366
33620
18144
19447
16688
19129
24166
19794
21206
22865
26387
17439
17211
17618
18578
27959
24749
24706
25948
17426
19986
17409
18025
30595
17981
19354
17330
17748
18127
19404
19294
20968
22376
18796
17337
20953
22719
23004
22346
24479
19238
27046
16971
17989
21993
20536
21433
24139
22987
19568
22019
17268
32749
18172
26358
19756
32126
18498
16893
18909
27925
20763
17044
29239
16963
33557
24555
23720
16812
17668
16745
21629
26490
25340
18664
28941
17771
18526
17792
21624
17063
25965
25239
34284
25587
22811
18581
18906
19742
23652
21116
32728
18609
19013
24744
16664
20033
28554
21131
24780
25878
18614
26172
16899
20131
21030
16966
27877
24546
24847
17077
26784
28590
21206
21870
23717
24643
31042
19583
24768
20282
25879
26942
20510
25929
24735
22463
19046
23742
32519
20598
21881
25833
28723
26852
25515
18220
18514
18481
17826
18012
22129
17789
18534
17308
22131
27273
21574
19370
20947
20041
26513
18699
17703
17915
28592
19020
21613
21386
28783
33402
19822
17850
16979
17091
25478
18798
26801
16784
19797
21946
19453
27954
19688
27319
20411
25242
27984
25587
19203
19755
23942
20284
29473
19186
19543
27784
16893
18757
19676
33548
17485
19708
24857
32449
18452
27138
19871
20565
17372
18013
17275
26603
21113
18534
19666
26488
16732
18879
17210
22307
25387
26793
32046
25950
30370
17726
18236
25311
22906
26534
24151
16756
22652
16926
18502
18910
17960
19387
26367
19502
20012
17358
24325
18061
19875
23111
25349
22773
24614
33934
20383
23190
33453
19308
21604
24249
19206
20272
17305
22312
18761
23543
17543
18845
19350
21193
26943
34397
19537
20372
28296
17349
25353
17647
21178
18138
20759
32568
17785
18552
18963
20795
22184
17369
17046
20458
20247
18294
18356
16902
27390
25004
31785
16818
28809
20505
17258
22623
22600
18059
19396
19829
20225
19116
20517
22005
27983
32972
20728
24194
18748
32182
20404
22175
31857
18376
22012
30955
19760
16977
23725
23331
18226
18405
26338
18504
31436
17396
18416
23805
17646
19055
18349
23636
17160
18171
17188
19842
25486
17523
18299
18896
19829
18934
22298
31823
18187
33061
25054
29440
20894
30566
26478
34240
18287
26552
22202
17244
20054
17995
21464
16879
17824
25269
18923
17729
20129
18110
21784
24806
17334
31529
17853
25464
19938
20277
19423
26933
18457
20872
23862
32626
19890
18004
27377
18263
18603
20987
24189
16866
18230
21805
17477
18367
24975
21406
19416
17708
17704
19377
29071
30372
27052
28194
20355
21893
18883
20811
18549
25797
18267
18123
27221
23251
19444
18115
22508
29659
17834
26209
30647
19942
24352
23066
24097
24036
22505
17108
21033
25032
19825
26250
20090
19973
18682
17897
21125
29373
32907
17223
20593
26689
27654
20876
25299
17970
26094
22557
19191
21643
24130
30894
17687
17446
18219
17071
21752
20866
22419
21936
23472
20171
16885
20757
17400
23364
18262
17116
18033
22633
26623
17918
17990
24532
24215
25614
19146
20640
17571
17786
19401
22468
23286
18500
16976
24613
18781
27740
20913
17144
17712
18404
21298
27303
26493
32587
18915
21122
23278
23746
20236
27061
34138
19505
20739
23091
27230
20208
24494
21915
25520
18207
18866
23000
18063
19737
20176
25053
30849
24639
34589
22401
27083
29712
23359
17684
23434
29727
17496
21665
22332
23945
18195
23412
17394
19810
20367
17806
18487
27084
20429
18189
18848
18490
17057
22656
19113
24849
17494
22943
18236
19531
21817
21986
21572
22350
17072
24263
17028
18377
20722
27386
20514
20870
19033
20601
20835
17127
22470
17853
18114
17944
25738
17396
24121
23318
18599
20856
34310
25426
33742
17333
29140
21230
17478
23557
17799
18944
20167
20298
20143
21382
30479
26845
17340
17790
19714
30842
19435
18668
20622
21840
17775
25018
17797
18607
25739
18555
19934
17653
20979
21915
18226
17450
18337
17809
18765
31365
17856
19922
17955
21838
20238
20480
26308
17313
26218
21822
17013
30743
18164
18921
25734
21750
19309
17443
19656
22372
19543
22830
18824
18960
17025
18943
22119
22271
18275
19918
25312
33201
17489
28000
17598
21669
17617
25777
21520
19200
34241
19491
19570
26121
24825
25101
34629
18672
21679
19203
19478
20055
17624
23391
23563
19821
20002
17748
19169
17140
17501
22580
17654
18334
18453
17910
18536
19584
24845
30279
22592
31156
17364
20519
23409
27014
25426
32560
20930
17800
19025
19250
19331
17106
29690
17498
29122
17108
17653
18378
18176
33604
20392
26128
22345
17054
17699
18457
21227
18716
19646
18093
20193
24203
24666
17762
28499
27089
26327
24462
25377
17124
17686
24582
18069
22242
26311
18271
19103
23997
20975
18914
20978
18145
18762
26932
21015
22790
17942
18054
17338
19317
17960
23627
19877
26970
17115
32852
21558
32307
29447
19044
30434
30640
18608
29348
17801
17979
18780
20285
18998
27416
25216
25216
23609
27031
20112
28615
30277
17358
24775
22298
33238
17115
18540
21101
18899
20622
20047
29395
26445
19061
20412
29483
19513
25595
19573
17270
17786
19824
21926
18764
19172
30847
24156
19433
17836
19785
17738
23983
22141
23841
29620
33955
19489
29240
28622
29061
21077
24884
27790
17888
25895
18503
18639
19749
28266
22029
23995
23301
25354
30506
30786
31350
17864
19459
22954
28509
17589
25022
17367
22700
29441
21680
25229
32030
20967
18912
17961
19030
19903
20587
17654
25360
18316
18729
18087
20764
27005
20287
26585
21702
22061
17355
17756
23817
17807
20527
20777
17170
17235
26287
22893
18100
21725
25947
26684
20322
29054
18907
23897
25161
26560
17498
19991
17499
17248
20152
24342
24831
17806
21629
29488
17698
17235
18798
18153
21004
18227
20884
18836
19923
18572
21391
21743
23684
21595
18367
29744
23079
23121
30133
19304
21159
26144
27364
19025
20073
29568
19591
21092
21082
30352
17963
19728
18661
21546
17530
21065
26402
17561
21258
24816
26195
18164
29233
20465
23759
25598
34091
34645
18995
17685
18271
20005
20901
29296
24108
24799
29477
27799
20515
17599
17678
28255
17471
24755
18002
18466
23655
24041
20461
18411
22800
23232
26668
17901
18656
18372
19061
19105
21627
17922
19630
17809
18507
20107
21483
22162
17330
18133
21178
18284
19803
23953
31741
18824
20245
18500
18553
19608
21192
25667
21735
24236
18356
19000
25498
18603
21892
17816
20746
18937
19010
20538
26742
18210
20575
22232
19493
28085
28506
17684
18269
24211
26165
20342
18238
22915
33237
18593
19210
27138
28964
19575
27514
23157
23538
25355
17755
17808
18929
19502
31658
22175
29003
18459
26634
27322
17300
24587
19702
19060
19245
27867
19182
19288
17744
18083
21105
18497
26464
31860
17408
26183
17664
18427
31409
17692
18569
24620
17674
20904
24547
18537
21495
23489
19392
20837
21528
25172
32416
22731
28068
21045
22951
19510
20886
20491
23839
33678
18281
21439
30981
17663
17570
19148
23003
18353
19609
19639
18781
19065
18147
21031
18129
23442
22659
22932
18201
19506
32925
24599
18584
21057
24256
17411
19148
20932
19191
17554
21298
17941
20421
19767
19961
20885
27599
19509
19511
21334
25928
18746
22988
17817
23388
20773
30255
31196
35081
22011
34987
21012
21328
22553
17461
20255
20831
20734
23765
27817
25158
19764
30191
18146
18616
22874
23008
26594
24236
22022
17359
17701
20332
20314
25099
18158
20118
20173
24218
21576
25243
32563
19837
22317
27214
21899
20538
21289
20297
20813
17826
22969
18765
19809
19193
17526
18200
17578
27521
18278
17473
18341
22520
17879
21789
22926
23025
19267
19095
19024
19029
25390
18867
25549
20601
17696
17807
18732
17641
20117
22035
20803
18917
19226
18741
20192
20518
25053
19089
23425
20146
26476
20679
19601
20282
18446
29263
23276
21525
21846
17784
18822
26351
31364
24824
18434
26674
18334
17503
20170
23680
18459
19106
17435
18247
18576
22299
21199
20724
20784
17744
17821
19182
20427
22218
20697
19330
19990
17447
18873
17824
19902
21226
19208
20347
23898
20429
29253
18226
25114
21194
19156
24571
24238
24568
17720
32505
25375
27364
18870
29252
21664
17537
21952
19530
21278
19062
24052
21447
25523
22220
18862
25253
25195
28093
18541
19008
18080
25322
18547
18269
20156
20629
17956
22290
19972
22322
19131
19578
22713
21020
21654
33916
24138
25466
29916
18091
18441
21167
27085
21407
34860
19693
20830
33299
17463
32990
19991
20736
26694
18784
24297
19575
21174
33130
19562
19960
18833
19812
24973
17856
18029
31291
31061
17708
17930
19771
24238
28859
18975
20576
18996
20270
18328
18475
18476
17734
21954
24412
19823
23380
24992
18246
22106
23740
19700
20098
22032
26386
20032
31503
20733
20245
30282
24322
19386
21093
22594
17750
18378
18438
17712
19849
22780
18638
19729
20579
18620
34139
21546
24933
20339
21814
27387
23500
18921
28947
20652
23635
32216
32272
33152
18789
20897
23492
26563
26405
22829
32821
17622
20072
20640
18830
21944
27547
24175
18537
20743
18204
20460
21018
19358
20401
31864
18304
33192
20308
33086
28207
32863
32747
20438
18885
20562
25186
23392
24798
19918
18925
21123
23140
18738
20049
21685
18347
18163
18957
19425
17864
17975
24767
35093
23652
27590
19727
19430
26822
20059
28777
17630
17631
19522
27603
18833
19129
19664
20995
24040
19475
25612
18325
19176
21150
17883
21258
18102
23576
25670
21586
18871
19166
24361
18779
19990
17920
25434
19630
27108
25997
32995
18180
23746
22899
17713
19798
24719
25700
18622
19833
19582
22141
27757
21957
20838
19926
20339
18318
19839
22170
17977
18446
30084
18778
19969
26962
21013
26399
29375
20157
20311
20379
25792
20799
17867
17961
17752
24931
29113
19664
20568
18185
18279
18560
22379
26041
26491
27465
26951
22861
25483
17797
18287
30470
25368
18976
19419
20212
17965
18053
22490
20393
21581
18595
23633
30672
21542
25869
17629
19192
18190
24677
28065
28935
28315
20139
21143
28023
19012
18046
19675
18126
23933
18857
20673
30861
18449
20822
23632
19221
31552
19153
23998
19871
21003
26536
20333
23394
23586
18543
32889
22727
19823
17674
18558
19411
24112
22722
18184
24049
21517
17795
22232
32604
20878
20811
18905
20627
20751
17867
18911
19761
18947
32822
29682
19492
25770
27632
18995
22505
28328
18043
18567
30245
20552
20390
18050
20258
19238
17827
27855
22550
24162
17984
18783
28633
19845
22303
19560
20103
22345
24258
17943
20133
21574
31964
20021
20263
26487
20855
20957
33578
19947
22621
29685
17886
32894
17866
28699
18826
21040
18759
18911
26795
22033
25029
24146
17872
19240
25617
19521
33488
19451
19905
18027
24186
26660
33551
21227
18298
21099
20484
24458
32410
18900
19055
32278
18164
24802
18872
20000
20056
21306
26458
17804
26997
20294
21683
24661
18340
25139
21325
32620
20174
29870
23202
18208
31327
24960
32115
21593
23137
23117
28587
18351
19028
18673
21985
19531
20157
18886
21502
32396
31253
17966
30855
23039
23218
22616
20506
22282
23791
18130
30680
20722
22998
19190
22365
19304
26557
20939
30154
18529
21143
17995
18012
23371
18220
20086
18421
19265
18332
27990
18437
22033
18634
20588
24711
18453
19253
21534
18641
20061
18928
20432
26310
29377
18717
24901
26135
18702
23048
31232
30165
21061
22078
18589
20004
21135
19764
32249
17893
31270
23230
18201
19977
19091
26662
20492
20581
22309
24248
25788
20437
19247
19949
18582
19291
29002
20611
21760
25625
18272
32447
18593
20259
25982
18247
20425
33478
29789
21142
28967
29984
28327
27996
32965
18725
25680
19936
21492
23537
30954
25997
18764
19797
20432
21239
22210
25446
20144
23899
22230
21208
33926
32445
31221
20963
30070
22515
18066
19514
18433
19607
20798
21719
27086
21309
20776
22640
17922
25701
20234
17896
19264
23762
20300
22354
17924
26030
22096
19698
28739
23578
25356
19619
22414
25692
17917
25000
22673
20862
21897
27539
33745
18216
19046
20499
23373
26544
21307
24037
18805
18109
20981
25251
25455
18405
24233
21084
19597
22017
26112
28050
21006
20225
26256
20714
21460
25907
31423
20537
22465
26833
20844
18171
26015
21062
27374
22369
19406
19730
24651
21567
23230
23954
19081
19296
24313
18340
21005
19699
23825
29546
31422
19058
20623
19512
27266
19941
21769
18309
18329
18823
19556
19706
25248
18694
20101
25197
26007
18570
20475
21543
22062
25490
18664
20038
20433
23345
28004
19173
22424
22647
18802
23330
18138
21309
18883
20053
21143
22544
25809
19793
19842
21397
30099
18143
18377
22981
25855
23218
26270
28272
33357
22187
19854
20434
23432
24022
25416
18142
21680
20259
20587
23520
18892
25614
22451
22180
31243
34152
18772
21209
19855
19622
22366
23052
19721
20695
21067
31961
19546
20785
17996
18759
22728
25014
19858
21689
28162
20564
22946
26268
27765
20184
26251
23667
19054
26491
18772
28662
19718
20809
29215
19673
20126
27414
20990
29635
18478
19843
19708
20101
18590
19596
19992
18071
21137
19193
19018
18955
20333
24320
22862
25171
26548
27351
23527
25338
22905
19286
20620
20456
25191
18580
19741
20359
20598
26885
26288
19482
25821
22056
20905
23000
23040
23173
21838
25637
26492
20878
21727
31469
19131
20279
20740
22116
20189
24474
21335
19336
30910
24495
26026
24770
18547
18064
20139
20456
19741
20830
18042
20933
18886
28555
29577
25372
18416
18848
18739
20559
20226
26703
23547
22342
24120
20577
18329
26069
22690
19210
18278
22137
21737
27160
20295
19471
20769
21724
31830
27423
19326
23965
27823
31429
19789
23724
27068
23631
24702
28212
19246
19819
19477
25155
21246
22701
24606
18069
19335
20911
19102
21597
22864
21616
22112
27912
30660
23691
18191
18591
18922
18783
23426
25608
18453
21344
18763
20557
21427
24659
20172
19616
19891
22769
21065
21335
18134
18700
30195
26525
19723
30229
18499
19028
21831
19368
23056
26223
29328
20204
20479
22229
27267
18097
22461
20176
20426
25632
27311
25262
29553
30440
26138
19276
22515
20413
25339
18567
19528
19898
19314
20916
25454
19614
20713
21354
23806
18262
19356
18122
25577
18161
21110
24404
19940
20207
18622
22965
24224
21995
23151
32087
18756
26361
33581
23748
19910
20435
28540
26397
26772
23003
23709
19292
20005
19903
25297
20327
31016
19810
20418
29297
19678
20529
19738
20025
18649
29776
18138
24383
26807
24181
30702
18790
24823
21469
24940
18244
20433
18193
24912
20302
31588
23347
23545
18321
23429
26403
20014
21714
27250
27435
34250
35090
20054
32929
18910
24152
18275
33154
23070
24484
19610
20105
20476
21990
31418
18384
20288
22131
22404
32855
21851
19811
18245
21310
20459
23290
21405
22246
19797
23943
20377
21653
22667
18565
18881
18395
19411
22561
21054
23314
21438
23093
23754
19515
20073
19085
19166
21817
19149
19365
21754
26602
19366
19015
20978
20286
22890
28258
21481
23856
33035
18810
30735
19961
22815
22346
18933
25056
21820
24928
19395
21712
32012
23894
21663
33988
19518
20991
21797
24196
18636
21659
18199
22144
24349
19574
19451
20837
21764
21274
21420
19536
18250
25083
24492
21473
19343
21142
18394
18802
22801
26647
19245
19493
28164
18432
30356
18238
20075
20682
18795
19935
28619
21479
18889
21573
20235
20238
22793
30184
18879
20908
32551
31148
22599
29938
18582
20445
23788
20057
18485
27691
28240
20039
24109
19037
23076
18363
26640
21109
20239
25104
18624
21000
26779
18903
23610
24066
21958
29778
34052
34065
21070
21562
26457
19466
19846
21722
21413
19233
18493
29486
21005
18646
20149
19805
20499
31809
25209
23439
23480
24399
20849
30295
18933
23239
19645
29700
20892
20493
22316
18604
22255
27875
24021
19289
19278
21845
31000
27803
21934
18858
19149
26827
18634
20299
22013
28415
19032
19919
26994
18439
21097
19052
18877
18621
18972
19717
29045
25019
20746
21348
20017
28840
20112
19024
18418
21550
21551
19465
18948
19444
23491
20563
21014
18615
27741
21541
24376
21402
22397
22851
18443
29088
21165
27922
32938
18473
32966
20028
22409
28428
27634
19440
27287
23081
24105
19149
27914
22253
22593
23389
18793
19519
21866
33096
32988
26482
22455
23668
21505
26582
18880
21674
29677
22267
26234
29026
26665
22583
18369
19567
18755
22253
20902
22837
20737
20756
32282
18439
18713
19779
19352
20938
21517
24359
22386
22065
22925
28703
27453
20508
22912
23121
27399
30615
21090
21201
28185
20244
26038
20586
28517
26604
23657
23917
19430
21072
18845
32350
21426
20712
20849
26415
19730
27425
18682
25361
18559
19813
20373
19040
21114
23044
27306
19457
22567
30975
25383
28380
18691
23610
23714
19247
19554
24553
19724
30214
23338
31852
24209
22677
23916
24965
19935
20554
21399
22796
28965
18517
20473
20477
31048
20092
19578
19862
20080
22165
24066
19041
19893
29073
18474
22096
23462
28428
21435
18706
18906
19515
18997
20155
24715
33021
25868
21062
24384
21695
20659
23599
24725
18922
19311
28311
19050
19311
19781
23288
21705
19694
21795
31916
18996
31374
18709
18587
26305
19047
23133
24792
19922
20919
22880
20999
21153
28336
29138
34853
21657
19673
24602
30348
21490
22134
27132
18503
27847
18557
20477
31677
19004
32048
18509
22628
23855
19141
29647
19011
25697
20158
21980
18507
22297
28187
29022
18622
19158
22058
23211
21713
33274
24743
22828
34651
21160
20156
18585
21996
18758
20342
28952
18556
26726
20700
22293
19015
25174
23781
23153
32191
21108
22754
19646
20828
22597
23830
18688
19654
19789
25864
24111
24293
19202
20695
21056
19497
20990
20428
21882
32220
26934
19780
19053
19355
22854
18623
20861
19139
25016
19378
19774
21567
26834
24053
19870
24308
19483
25231
23603
20200
28443
32213
21217
20605
19021
26753
19894
22044
22643
25388
20793
20115
27974
29372
24529
22193
19049
22571
24449
19871
22682
22626
18931
26293
18667
19322
19537
19283
19717
27736
22486
23443
21486
31879
27457
26093
25317
21880
30980
19099
21068
20750
18586
21341
28063
23101
22335
23887
18731
22048
18787
19196
31245
31767
24232
24278
21602
34703
31406
32262
20903
24023
19126
23008
26785
32045
20219
26231
24762
26379
23883
26862
19134
19965
19444
20507
19288
29575
22715
22458
19542
19930
20672
20821
21389
22529
23144
18950
22045
18881
18913
19628
21358
26806
24583
21466
26503
29653
23087
32482
18984
31572
20281
19508
21703
22165
26561
20083
20125
21105
28117
27718
18962
19869
18909
19676
20298
27008
32798
22603
18660
22302
18783
20565
21906
21369
22506
23142
19004
20488
24368
20087
18918
20680
21843
34524
21697
26541
28088
20209
19557
21731
21862
19954
21819
19292
21835
18922
21173
20233
21581
22404
23172
29165
23602
26484
21136
21905
18846
18846
21003
22683
21528
19413
26869
28110
19941
24197
29728
20926
20940
32150
19304
24504
20122
20927
30339
21199
24187
18670
19804
20126
20427
19190
22114
23703
24015
18798
21310
22565
26715
25940
21111
24644
21008
24739
25784
18908
20179
20180
28760
21389
30971
21213
20257
25579
18793
19885
22735
20289
32024
34533
19415
20940
21860
20652
28318
21325
32624
25593
18959
19805
21615
26839
19884
18950
19030
28020
18990
20304
22608
24141
33980
24371
21931
23323
18753
32531
19202
19721
26756
20019
22715
18872
20055
27918
19606
21552
19106
19659
21883
18844
18950
19077
25219
18969
19423
20301
21693
21786
19433
20407
19320
23416
24179
25975
27259
28682
20379
21039
25554
20586
21025
21761
25911
28340
24964
18820
26169
31546
25985
31605
27009
27810
25718
18837
18931
23236
23097
23840
23268
23623
29600
21413
22590
22926
20768
24197
21609
24534
20890
26692
20483
20705
32169
31905
22067
22562
33153
21901
23775
29823
24161
24276
20209
21600
21013
20128
20344
19404
20834
19125
32263
29580
21896
19212
22294
22405
22892
22999
19505
21910
23795
19615
21876
25013
24312
22577
26989
34237
21519
22638
26775
19121
20456
28338
25720
19025
19515
26272
19072
29192
18827
21060
20034
28061
20269
21331
21638
25082
19835
31103
19048
21398
20086
20391
18806
23859
22837
27644
19154
20061
21253
23433
19088
24122
28552
21098
24960
21034
19246
19692
27434
22111
35082
20458
21882
22703
26497
20328
24861
27340
19995
20348
26980
20219
26702
22015
21099
21283
18933
19196
21959
23297
29967
31949
23753
19290
20640
20439
19674
20406
20457
21039
22270
20298
20801
19956
19827
18987
19333
32124
23622
19217
23940
24658
19615
19996
25798
21748
20414
19172
21097
24063
27795
20330
22576
26652
24144
24284
18854
19554
18942
32342
19606
25850
33560
27233
20687
23593
32375
19959
27709
21729
22539
26763
20015
20558
22598
20481
32255
33186
24016
26164
22215
19308
19309
25287
19201
20748
19898
29998
23637
28867
21626
22831
23498
20300
33596
21505
22296
24056
25618
19091
19582
19009
19242
25428
19027
19204
22783
22224
20159
23608
20587
25632
21205
19971
23886
27358
20917
20080
21098
19594
21813
19594
27897
21962
20545
19227
28843
29844
23619
22965
21385
24324
33894
19383
19046
20019
19147
24898
24384
25325
18914
22066
19710
25036
22604
27824
18993
24295
19366
20075
22130
26871
20347
27140
26107
18929
19035
23344
21528
22719
20938
21889
21983
23090
19581
20827
22853
19816
21241
22309
19143
20639
30162
27341
19804
27129
22444
19915
27661
21809
19744
21810
20900
21134
27247
20702
32148
19749
23604
20691
20742
21046
21575
24414
34999
27730
21296
20197
21320
20232
20901
26904
19209
29255
31622
20369
20691
26074
19580
24747
19229
19475
30017
30375
19361
19381
25757
22738
20664
21907
19069
19506
20336
19508
28903
22619
19378
24549
23458
26213
19542
20154
19544
22053
27467
32537
25168
24007
24528
26266
20581
26751
32739
29632
19013
19027
20362
22143
22789
29264
24977
19938
23004
26505
19503
20460
24229
19473
20252
23306
19838
23024
22066
22495
19270
19879
19261
19167
21357
31072
21343
21935
19994
20276
32273
22641
30838
19732
28275
21471
25444
22444
20641
25202
25708
19951
30646
19902
22090
23197
19501
26707
19431
28811
19610
20104
19193
22362
22407
23474
24931
26589
23005
23818
24528
25411
31261
24794
21877
23717
20227
29453
30262
19266
21435
24947
22553
24897
20976
22866
23339
19482
26657
23783
30364
19595
19662
21228
24301
27375
30267
26732
26665
34503
19244
26641
20642
25379
19659
19955
21729
21213
21712
25027
26691
19116
20399
21339
24866
32683
20273
21865
24917
20968
33310
20396
24286
20013
19335
19175
19472
20732
32802
19898
30387
19988
21042
27746
19174
20045
25554
26364
20145
22950
34132
20146
21994
29851
31894
20296
19543
29472
20359
20698
20229
20380
23384
21069
20128
23798
20020
22728
20087
19151
21867
31095
20381
22898
23057
32567
21480
22684
20616
22615
21821
22977
23103
19489
25783
29162
22005
30148
30027
28696
21387
19309
23316
25536
21077
21817
20100
20822
26393
22820
24891
21403
22538
27521
20946
26384
22771
23878
23148
19564
22724
21314
23162
20574
22075
21010
21547
23771
27178
21259
28225
19740
21524
32158
22688
23124
22333
29594
20059
21812
31224
19938
22238
22615
19715
22275
22941
33940
22037
22655
19229
19537
23024
19671
20403
23764
26325
32766
23178
24416
26459
34935
21023
22545
28432
24621
25865
23285
25846
19809
20078
27012
21287
28389
29261
24294
23192
31721
25704
34186
35029
21586
21498
19362
19724
24660
21013
22077
20752
20643
23207
30215
21311
23188
19909
32712
21054
21930
29992
28444
21246
19464
20311
21039
32507
22671
21926
25304
32120
20038
19612
21262
22105
21212
19653
28579
33690
23395
21741
21579
22611
21192
21627
24217
28536
22157
22879
23494
19830
22004
28015
23167
23468
24426
27038
19410
23103
23650
21325
25483
20111
26759
22340
23388
19635
19516
19723
28861
20798
22252
23005
20563
22914
19888
23228
29286
21888
25882
21855
25326
28202
26988
20352
19656
27365
30447
19383
20072
19840
21526
20865
20324
20681
24162
24792
22490
25211
25676
19645
21274
22919
23733
21705
24962
28635
33786
29316
29976
30655
20387
26271
23804
19847
23056
19487
19831
19268
25890
23567
20177
23052
19619
29436
34553
20065
26626
27035
29699
25464
19999
32210
31911
32312
20400
21964
23625
19414
21047
23786
24052
31761
21913
24635
21378
27631
28166
19440
21524
28742
23915
25667
24569
20604
20409
23752
20958
20855
22189
20239
22883
24765
30137
30144
22514
24691
25642
19464
20037
21480
19641
19888
20869
20757
25584
22396
28626
20566
23531
19925
20263
20851
22605
30930
19823
20926
21860
31827
25461
23401
21825
23214
25353
19649
26382
28920
26639
26222
21526
31145
22779
20478
24786
20316
25558
20081
20780
20957
23292
24539
22900
32606
34379
32245
19620
22673
19945
31915
20415
21068
21172
21533
22350
28135
24938
27304
33268
31254
22692
27248
19535
22406
19733
20189
21273
22910
26949
22306
23996
24198
19382
23666
19857
29084
20627
26579
19442
25899
19936
21658
27112
21886
20459
28914
26696
22057
22248
26568
24855
32829
33103
29246
30841
34518
21337
23614
24462
24610
19605
19440
21023
24279
21829
31788
19659
19885
20513
22555
19763
20981
19906
21098
20983
20161
20851
21322
21545
33089
27136
21233
25763
26080
24828
32651
24126
21895
22373
24412
19500
20787
21490
26567
20881
26287
24469
27936
27182
21837
34215
34309
27917
32021
24729
24813
20162
20784
22177
26353
25532
26332
22078
23235
19859
34523
19654
22994
23280
23123
34072
21488
21419
19559
24329
25481
28581
33189
19650
25818
20169
22809
23370
24129
24667
30880
24218
24293
28094
21118
23776
21134
24277
19574
22550
19825
20449
20132
20215
32458
20765
21599
19939
21888
24234
20336
24649
20315
21017
21347
29387
21704
24836
34728
25898
23723
23885
32535
28003
24132
24878
27647
20088
22026
20872
24159
23713
26624
19741
24683
21266
27451
20389
21388
20735
19519
20721
30460
22321
20061
20816
21182
23074
22002
26500
22462
19602
20164
20114
24468
20541
21498
19674
20991
32870
24761
19798
24543
22081
26923
20303
26202
27950
20423
20984
23104
23443
25089
23396
28731
20469
20445
29074
19914
24250
25194
20689
20291
24031
20743
26985
19835
21254
19736
21246
32473
19704
30449
20211
19970
24083
21122
22971
28661
22001
19862
21383
25592
20730
21201
29085
23573
19857
21048
20179
20380
24337
21319
29053
28872
22948
31727
24802
24970
21151
24446
20097
28193
22547
32850
23086
31999
33569
25284
32384
26352
20542
22054
20034
20199
26371
32193
19778
19971
21494
20288
27508
20108
21187
20574
32320
20028
25016
19896
21485
19601
26017
26942
22031
21153
19986
20378
20748
28046
28669
20947
27265
22642
22264
24092
23206
25234
24072
30917
24890
27595
21055
21672
19625
21474
28289
20180
20899
26141
19981
30208
21535
27459
20433
24703
19661
26186
20462
20647
20919
22263
25659
26150
20242
23631
21141
24324
30863
22985
19804
19759
26045
26238
24772
20429
25245
20288
21801
27798
21506
25272
20117
20192
24024
21568
25830
22855
19836
30852
21257
27076
20266
20761
24114
19722
25384
22177
22204
21580
23529
19696
25585
19710
20712
30534
22559
24340
27837
21167
21407
20629
21985
29833
28475
24074
20393
20394
24251
21855
23038
23976
21787
23256
22034
26928
21584
23349
24470
22446
21703
21964
23640
25057
29919
24396
28115
19793
25495
20683
20184
24941
20041
23387
23495
22228
20568
27160
20941
25567
22860
22929
28290
23199
24742
24723
23271
21012
21105
20115
26257
21597
29749
20879
24797
24525
24094
20715
24835
20997
21583
25405
21115
21008
24858
29971
25987
30009
32770
33736
20151
20639
28219
20412
29369
30597
21266
23124
29987
21064
29365
22847
21473
23936
26496
23098
23452
19754
24255
21644
22751
23140
21464
26796
19884
23494
29848
24810
22893
23718
21793
22406
21765
24413
21046
24193
21641
25891
34622
29515
21498
30631
19724
20762
21861
20391
21448
21721
20381
21426
24961
23109
25730
21239
20409
21421
24919
34059
34068
26252
22250
23705
28677
23573
19931
20230
21863
25187
20205
21132
25263
27109
21637
29250
21215
22303
21421
27191
23262
26369
21116
22039
22039
22149
23534
25526
22207
20934
25736
32222
19939
22195
31392
25415
24401
23533
21805
22662
25188
25552
24274
23901
26481
27770
29162
29687
21885
22046
19779
24398
26741
31363
26413
22036
22642
20174
21508
21922
23305
29064
22307
23293
20889
23578
21674
22044
31344
23719
25962
24287
26407
24307
20733
31627
25179
22134
21619
21699
24942
22413
22972
20675
23719
23546
27278
29247
32096
20657
22258
20753
22612
24010
21491
21865
22691
21484
27235
23187
33188
20434
22629
24736
31896
30973
23642
27161
29310
20051
20114
29058
22349
25309
21398
21885
29363
21493
23480
23538
29559
24624
20591
26886
32865
20533
22037
20956
31540
22806
20306
23325
20437
20099
29630
20324
20388
24933
20737
20834
20953
21491
21083
22220
21362
21426
22196
20523
21176
21920
26408
23086
25001
28658
29342
19981
30061
19918
24268
22803
33251
20220
20049
20494
30950
20135
27502
21843
24441
26948
20911
29887
20578
25129
25300
29889
22036
22117
25557
22072
22123
21778
21149
25264
26372
26299
26881
25284
26132
20445
30033
23310
23804
24397
22889
22688
22873
23290
21505
25859
20533
22551
23664
32188
33528
21602
21976
26846
27853
20500
32136
24195
28042
23601
26079
21482
23439
21896
22960
21044
22004
22508
29576
21220
23526
24495
24858
21375
21316
26058
20989
23483
21057
23217
21041
24934
24386
20328
20042
27308
21273
23044
25576
21956
22984
23307
20070
28598
23067
20125
21012
20469
23568
32691
21171
30001
20441
21456
22427
20814
22260
22206
25871
20473
20089
29020
26130
22964
24134
28298
22018
28384
22857
21898
22805
27065
21074
20413
26363
21340
27329
21979
21026
22259
24017
20087
20643
27648
20646
22510
22820
28628
23205
24834
34112
34113
20888
23497
20400
21000
23934
22826
22869
25188
24406
22244
24433
20329
23009
28603
23531
20261
20397
20921
28264
32063
20630
21711
21764
21570
28405
26527
21486
25342
31846
20811
20178
30813
20380
22524
22823
28076
20645
21381
24385
26250
32314
26221
22108
22223
32534
22433
32566
20717
21041
22760
22258
20182
23737
27124
20912
20075
22938
20361
24694
21133
21554
21619
20214
21926
29697
27483
23504
23793
23344
25044
26517
22627
25116
22479
20987
25803
25851
20634
23953
23284
21120
20601
32247
20918
26001
27257
20984
23675
24579
22473
21242
24267
21198
24008
25346
22548
25184
28560
20256
20447
20643
22225
20720
21918
20233
23900
22335
27545
21163
22231
20545
22247
25203
33565
23347
31412
20370
24721
29100
20761
24044
26858
28469
29235
29257
24512
26630
20719
24168
22525
21565
22712
27543
24713
24350
25211
21323
31329
30624
25093
20377
21653
24752
26368
34105
26282
21144
21203
22564
20644
21226
24251
24664
25641
20425
21508
25528
21243
24202
26094
22777
22823
21796
33577
24886
21251
25474
26516
20579
21991
20369
23647
22844
29080
29157
21151
20178
30887
23765
23941
20142
24777
20276
21096
20936
24237
27201
29618
23929
21467
22903
22106
23575
22802
24734
30918
21474
20778
33328
25760
24804
25302
21714
24394
28082
20444
26865
34416
24646
24601
22751
20522
21648
20683
24603
20645
23028
23584
21736
31688
21957
27010
27469
26857
26281
34429
25724
21503
21699
22220
28034
23404
30112
21174
28827
24944
27885
24539
25042
31499
31575
20549
29110
30553
32668
20973
22783
26528
26616
23371
21024
21903
21753
20741
31777
32097
21336
28044
25442
20231
31733
20299
20737
22968
20979
24906
20685
25365
23904
26400
24925
21404
28835
21973
22249
33968
29624
22966
25138
21866
20790
27886
31226
33358
20434
34534
27219
21758
21169
30202
21058
21144
21396
20672
30944
20257
21733
20833
23207
32703
26000
26978
23167
22299
24458
20807
34290
34493
24581
20311
24654
20428
24046
22555
29588
21147
20544
25888
20825
20567
24029
24684
26123
20423
23638
22050
23449
21392
25866
28256
25529
26910
27335
22437
31945
21828
30892
20813
24990
21903
31812
20248
20366
26428
23102
23552
33193
21217
21371
20889
22382
20405
21169
29422
20254
21718
28048
23989
23993
20345
21564
20835
20703
20295
21429
22986
27441
20865
31265
22611
20868
21173
21030
25524
20410
20602
21639
20970
22536
23579
24645
22729
27312
28117
21968
21846
23779
32159
21848
20800
22079
20474
22842
26930
21812
25905
23644
24619
25776
30344
30496
23840
34532
32053
21771
27060
21836
21175
29531
31763
22684
24305
21927
21233
21802
25683
25706
24336
20578
25040
29464
26234
29805
24511
25524
20340
23771
20943
23409
29158
22000
22090
20904
21630
27795
25750
21369
25128
26936
21138
28607
27339
28111
26343
20426
21255
33211
28267
23587
22840
21808
21818
21133
21618
23813
20513
22087
28866
21590
25701
22296
31736
23810
23413
23585
24125
27422
23249
25564
24622
23084
33002
25142
25373
22384
26507
23159
24568
24966
22969
27270
20703
23639
22868
21187
21196
23458
23643
21604
22216
25198
28182
34212
34040
34044
20386
24131
30159
22259
22529
21380
21448
21380
21588
25138
28446
22452
24158
21583
22026
27538
21422
33636
22167
31442
27557
24667
22780
24425
26550
21518
30482
30737
20749
29895
20794
21130
25508
26565
27241
26040
23008
24338
21772
27048
25182
22398
23560
22597
24769
31113
21188
33377
21466
30091
21091
29248
25133
26609
23756
24351
23449
28583
28455
24451
25081
21048
21934
22039
21834
22128
24386
23603
20662
26809
26175
26438
22337
22264
31714
22624
26782
23766
30815
26319
27446
29974
32619
22688
23014
21571
26925
22445
22754
24262
22795
23020
22170
27036
21985
23788
21987
20797
20951
23352
23593
24520
27151
21909
24071
20813
26148
26247
20619
20572
20994
20551
21633
24148
23451
23736
22927
26274
23403
21951
29783
20655
21539
21979
23041
26914
28058
29633
22874
27384
28448
29900
28014
22050
23268
29521
30314
20665
34542
26596
24509
33398
22027
24431
29991
30864
21402
21837
22411
22732
22380
21019
31884
21548
28848
31146
26749
27380
31770
25899
28333
21400
22069
21564
21935
21755
21763
23057
26619
20588
20841
22856
21709
22176
23161
23438
25146
32172
31201
21508
29977
27388
29963
23201
21318
26520
21025
21954
22570
27998
22313
27003
24201
23345
26774
23381
22327
22834
22232
24182
25076
33727
20581
31301
28101
22758
28409
27988
26350
26905
22135
22265
21432
23244
32517
22668
22388
24793
27583
22578
21500
21645
23993
24432
26092
21270
23022
32613
22151
30170
25880
26333
22085
28006
22847
28320
20681
25542
29408
25010
26545
24826
21343
21545
21507
21923
22714
21839
22743
34153
29513
32956
22551
29336
32204
22635
24012
22330
22067
26699
23770
20612
21644
29492
33531
21710
29748
30170
31270
25433
23428
25147
22248
26661
22656
23508
21570
24231
22822
23120
21424
27826
22676
30052
28030
21221
21351
22023
22411
23560
21738
22687
30039
20940
27362
32138
22526
25176
25189
24728
27156
21170
21880
21049
21580
22069
23172
26803
22210
27268
20664
23126
24863
25925
23792
25145
21326
22103
25020
23277
21598
21728
23886
28288
20789
22080
22188
22787
26199
31049
24343
25306
34289
24058
33469
30504
27361
23356
24342
21390
25177
21799
26322
22190
23149
24860
32206
22584
23063
26711
32681
21587
22777
20867
21847
23144
20788
20833
22136
22717
21410
21556
22566
30351
22023
20742
23086
32499
21899
24954
23249
25119
28534
22913
30273
25922
21489
27212
21176
21433
21860
27049
27635
21855
28224
23283
29048
26863
21614
21835
22937
26063
22532
26163
28096
21052
23783
21504
25888
22833
23173
23475
23732
26307
25030
22499
23083
23423
20780
33584
23689
29121
29672
29969
25553
26644
21278
21588
22403
27238
27355
20764
27179
27890
21704
31488
33010
22633
27424
33732
35047
25819
34953
20788
23033
23990
21494
27358
23253
24407
26543
32760
20864
28251
21204
21379
20832
22581
20787
22000
24905
23859
21361
21450
23565
30098
33683
25214
27087
28869
34864
20909
24095
21255
26728
23880
27734
30407
32921
30395
21770
22675
26755
20867
22916
29554
26945
21853
25103
21947
26263
21138
22302
23219
22300
22567
22774
31766
30585
21845
30205
25215
21355
28211
23054
22046
28436
25802
29149
25639
22854
24679
22801
21057
22613
21802
22003
28691
22141
22358
28756
25650
27524
24745
22418
22677
27142
23621
32329
32867
21600
32781
20958
23835
24871
21069
30905
21588
21808
26763
26860
26267
26296
27171
22544
25324
20910
21579
21895
22671
23171
26205
21847
22603
32149
20935
25580
31513
22546
23272
27039
23850
21839
23659
23176
34621
21960
27019
27537
21643
21698
29081
21448
26738
22572
23358
23923
29790
28187
23354
22706
23605
21011
21399
20848
22464
21298
26354
25399
22869
25544
26411
21751
22418
25078
24226
28239
23034
23602
27941
20886
28143
34537
24292
21454
25945
21511
23288
20910
21396
21752
28932
23978
24432
20902
31498
28010
22173
22607
23533
23983
25732
22431
29567
25707
25973
28086
21454
24051
25051
28500
21825
23738
30388
30346
23427
25515
27724
29376
21250
22262
24586
22705
24598
31844
21757
22882
27531
21027
21689
25963
23209
25320
25834
21776
27523
24223
20886
30237
24671
23634
26291
23250
24062
26341
34633
21348
30952
22733
31642
25828
33195
24520
25745
21614
27295
22236
26329
22081
23255
25261
23508
27013
23598
30986
24047
21580
21799
29732
22195
26479
28605
24482
24873
23183
27229
21184
25076
27327
25228
26979
21640
29695
32542
28844
30610
21872
22828
34824
21330
27726
22554
22831
22537
23663
26328
23834
21958
23710
22994
27682
21446
22705
24803
22628
25246
26050
21044
24418
23548
29532
21807
26456
22450
25102
28418
23362
24199
27292
27391
32902
23641
23629
30757
30941
30096
21153
25185
22979
22150
25277
27650
23304
31381
27470
27595
21169
21986
27882
21441
25134
25091
24774
21618
22573
22957
28838
23679
27439
23794
26797
24727
21393
22973
27093
31949
32712
22463
26283
21954
22041
27624
22396
22453
22992
31918
21427
22910
23146
22107
25281
28241
26926
21432
28794
21267
22242
25366
26295
23346
31875
21897
24390
29298
34166
22420
22970
23570
34090
34120
23142
28129
27670
28176
33938
30309
26181
21863
30703
23970
21849
29771
22090
24705
23751
28321
22735
25782
22187
28706
34727
24410
32346
21794
30242
21999
29623
21478
22991
23393
23506
22357
23976
32113
32841
22053
22524
22841
25786
24373
21249
23583
22755
26830
25501
26760
23598
21145
22516
27008
24574
22045
22282
28530
22186
22340
30931
30050
21847
22219
21514
22112
22410
22120
25000
29917
28328
23820
25817
21261
21267
21647
26690
21192
22982
22563
22344
21962
24469
23873
24535
21877
26189
21794
21237
21728
21734
31757
21735
21848
31675
21309
24398
33203
30087
22868
24442
26701
32041
32062
27892
28029
27126
27611
29718
21745
21921
24936
24259
27859
21943
24687
26225
22193
22194
21924
22819
21732
24638
24929
23369
25355
28673
23074
27801
21459
22337
21355
27891
22869
25552
33626
21569
29975
23701
21571
23171
23054
23503
24906
22130
23224
26378
23658
23300
28612
22701
27017
31366
27649
29268
25108
21533
22143
30163
23653
22033
33986
22863
26538
22648
23051
23036
22289
26551
21351
22375
25170
23180
24753
31155
26210
25938
22149
22193
22962
21470
21869
23861
28022
26418
23683
32288
21463
29910
21319
30840
26621
21663
33118
21193
21205
21790
23511
32595
23728
24326
34798
21492
33167
31564
21369
23300
23866
29237
26750
24492
26164
28520
24610
26836
21731
21979
24477
27862
21206
23225
25838
26815
22949
26818
21991
24852
23060
24114
26003
24231
25960
21782
21388
27205
21737
25288
33120
26436
22617
24494
28746
25593
21514
21754
22385
22894
28494
22881
24424
25265
29578
28411
23126
23579
24584
22199
24720
21525
23139
24017
29656
28878
22152
22391
24717
21612
21664
21952
25779
34730
21441
21561
21598
26102
27150
21835
21403
22790
24309
21262
23507
29933
30438
25293
21759
32141
21261
21709
24175
22897
23172
23228
22385
22901
21791
22911
27389
26059
28594
30049
24344
21532
23128
23769
24963
26830
28588
21782
24098
22897
24227
28079
22939
22113
22672
27697
21908
21366
21485
21891
26508
21594
21916
30883
22226
22244
22538
24309
26510
21639
25610
28105
21623
22598
24508
24479
32161
22086
23722
26057
23245
29740
24702
34188
34280
35040
34946
21379
21605
21798
22289
26095
22428
23023
26239
22772
25664
33945
26704
24790
21636
21379
22579
24899
27591
33132
25280
23305
26182
24805
25061
21475
21828
29856
21709
25113
29936
24239
28773
22576
22358
32575
22308
25733
33394
22693
23252
23789
24780
24882
23739
23169
26284
21584
22654
34343
23638
29014
27473
29957
24079
25574
22811
26789
21753
21849
30110
21541
22390
21801
22196
29525
22492
24564
24372
21457
21798
22369
23141
22336
25826
21529
21723
21520
21795
21799
22478
22982
23107
29817
23950
31822
22113
33144
23622
21669
24419
23169
24094
24565
26100
22429
26727
24378
28572
22106
28906
23346
31779
22739
28170
28423
28482
21462
22260
22243
22478
32250
21532
28841
25741
22528
23408
34096
32383
21996
21618
22180
28467
27887
29730
30080
30821
25469
21539
22176
25927
27991
21700
21784
21540
22091
22532
26161
23532
23205
27506
25789
26314
21767
26866
26967
24210
31486
24875
22992
23141
22519
28027
21436
23106
24525
30839
33982
21475
21880
22449
22243
22595
25381
22525
22003
23908
22339
25292
33151
21446
23556
34218
23394
26426
23120
22347
23429
22885
23590
32545
22132
25362
24903
23491
25400
21512
21463
21560
21796
32851
27704
28858
23334
31481
26700
21771
22332
21970
29343
22469
24106
24513
22655
27234
23025
24843
21988
25578
30706
31057
23687
34373
22630
26188
28017
29593
26638
28568
24230
24291
29775
21862
25391
21969
24681
21513
22572
24261
25538
22226
22321
25131
27328
28317
34564
21488
23131
28751
32862
32906
22225
24236
23236
24675
21974
23649
21862
22579
24311
22841
22974
26473
21701
21620
21700
22135
23352
22451
28703
21965
22340
24668
22342
27554
24116
22686
22880
21958
21661
25450
25845
25504
21949
25041
25126
27320
23871
25720
21983
29737
25237
25725
22654
29341
24371
23801
22252
21866
24350
22879
30568
30334
22868
34923
25727
21691
22397
22672
26239
29010
28871
23084
25589
25395
21881
31172
21718
26149
21668
26152
21743
28051
23784
23156
21832
24036
26066
21845
21626
23144
25781
22570
22778
22915
24570
30638
31705
22723
25277
26158
33650
23811
27517
28390
22194
22204
25252
23374
21803
22059
26564
34316
26511
30915
28106
22742
24710
21834
21970
24756
24137
33058
28887
26050
27835
22767
23927
30960
21689
22538
25673
31985
22835
34159
21706
24885
21761
22259
21631
21711
22400
22431
23181
21633
22414
22448
22089
24758
23140
26643
22292
25815
26204
21620
25867
23157
22230
25880
23319
25624
26977
21987
25419
21659
25684
27130
21632
21671
22894
25309
26744
27842
22060
24561
22304
26817
28961
34291
26131
21828
22524
22150
30396
22246
23702
23437
24358
23749
21695
22956
23564
22212
22224
30113
22010
28747
22007
23161
22002
22596
25270
22315
30627
24148
26050
23691
32761
21751
31492
26941
27540
25314
26974
22100
22540
23784
26895
28918
22685
26441
30104
26204
23340
30753
23483
24529
21919
23544
28830
24698
24892
27671
22027
22758
34114
34121
24081
24803
31662
33140
23487
25944
22595
24672
22453
22423
26290
25902
24607
26921
21794
23267
26018
22321
33623
22625
24943
22223
24059
24035
34793
21811
25721
28440
32207
24889
22030
34110
34119
27943
26633
30444
23721
21867
23072
27979
21831
23653
22892
23490
24366
30976
22387
22758
23159
26410
21776
22559
23179
22676
24026
26029
22530
23709
21865
23184
22263
27115
24874
25651
22599
22098
22728
23944
24651
22851
27229
22423
22622
24143
22582
24845
22038
30240
26043
21988
21924
22453
22074
23895
26065
23741
25230
22449
21818
21970
25379
24199
21775
27485
24727
23460
34169
23129
28880
22996
24689
22322
24724
26927
27146
25479
24729
22248
23308
28095
23453
25130
25235
26301
25384
24192
25244
27975
22487
22622
23618
22051
29300
28265
25792
28618
27751
28959
25977
22573
22890
22014
22511
22360
27088
27540
23673
23702
23657
27605
24737
27261
25424
26243
22128
22289
23110
30379
24137
27379
27546
24460
24390
26555
33943
27627
22208
28169
26160
22660
28280
23072
28037
25694
22008
23958
24526
28624
22160
22278
23707
24562
25404
22244
22351
26429
22575
23035
22024
22834
26228
24415
29289
22166
22231
30416
22015
30051
30069
24838
26922
22684
28781
26324
22096
23293
22272
22510
32707
26019
22187
26194
30182
23282
28341
26859
22889
23252
23989
29272
22120
22061
22613
24048
30525
23291
24355
22026
23877
22148
22502
27576
22691
22027
25393
23433
21971
24210
22442
22813
21990
28348
23618
24240
30363
24096
27310
22771
23660
24042
22124
24951
22809
24148
27524
29428
22842
28468
22596
22665
22445
22624
23311
27202
29650
29923
31159
23279
24503
24963
24549
24410
22802
29309
22361
23640
24593
24061
22145
24724
23913
24765
25104
25136
29478
25214
22409
29000
22991
23029
22575
22901
23166
28287
22993
23966
23291
25465
31463
32764
22050
23467
24466
28472
25863
23881
34817
25784
23428
22327
22329
25841
25468
23695
23096
23865
23950
22097
22283
22512
23561
22707
23775
26838
22270
29634
23799
24698
24760
22063
22742
29379
24576
25265
26732
22446
24080
27373
30509
27245
26993
22209
23248
22974
24926
22928
23369
25710
22211
23305
22631
31713
23248
26417
22098
26356
24094
28671
25812
26888
32833
23426
25006
24102
23620
27638
34567
23367
24305
26027
22273
27806
23179
23059
23986
26136
23052
22268
22698
22576
23757
27174
26757
23186
22205
28158
22118
22797
23405
25039
28573
22343
22280
22293
22532
22872
24785
24633
22487
23035
29344
29082
24153
30417
23778
25390
28556
26971
23029
25423
24259
29942
22625
23353
23962
22970
28761
24019
32270
23168
22624
25480
25629
26975
22821
29142
22480
25302
28195
22240
27079
34854
28464
23435
22888
28066
22539
22519
23718
28767
28257
22647
23800
33417
22372
32309
22185
25521
23016
27077
23386
23585
30458
34173
23369
23538
26064
24483
29446
23355
24524
22366
26506
22691
22843
22964
22165
25380
23499
22360
23966
34388
22291
22812
22334
25137
24866
31571
22671
23960
28513
24778
24829
22282
22607
22627
24213
25141
23590
24145
27592
23469
27729
26201
24982
23220
34235
28645
27045
23108
32808
25751
22385
28395
28836
24345
32401
28486
22266
33427
29980
22351
22833
23732
23766
23349
34748
22350
23971
27844
22339
26369
22707
26437
22469
31342
25844
22166
27368
22698
34527
32248
22482
26420
26890
27511
23120
30328
23932
24923
25184
24068
25017
31288
22515
30878
28136
23866
23204
22292
22581
23224
24483
22382
34773
26486
22595
24674
22754
24032
23464
26342
23477
33546
26144
30238
22654
24366
23614
27802
22547
22610
27114
24380
26301
23591
25472
24052
31625
24604
26016
30147
22245
23010
22518
23767
30158
25406
25642
30452
24601
31784
22222
22322
27479
23016
25723
25418
27159
25231
23976
32638
24466
23954
28124
23341
24732
22680
22716
27569
23089
23956
25446
24173
23839
28825
23546
23763
24262
33670
24344
24605
23413
24692
23097
23467
25500
27672
25476
22261
26485
23863
22827
31389
34361
27518
22403
27668
22600
23675
24507
33700
22493
24572
22387
28206
30945
30751
22963
25070
27057
22752
25250
23328
22492
27528
24366
23126
24029
29304
22423
23119
23213
25007
26669
24098
24745
23832
27334
22549
25023
22893
22520
23919
33223
32576
23354
31795
26033
22365
27559
29245
30743
27951
22743
23269
24989
28704
24513
29202
27884
22665
26610
30625
22713
23675
23705
25511
22554
22646
22622
23035
22816
26096
26919
23235
23698
26298
22408
29274
22943
31129
23085
23728
24945
28033
23055
28966
30768
28978
25347
29668
24430
27009
24624
25885
23431
26299
23100
24083
26215
22364
22641
32951
26554
27374
27589
22746
22810
26315
29545
24304
22982
24217
22490
23216
22928
23362
30256
23764
27813
22680
22957
28593
24142
23094
26823
23139
22427
23828
22533
22946
25478
22396
22898
25930
25877
26559
33461
26581
22530
29282
30856
34536
23361
25689
26044
23971
24744
24598
25363
29105
23393
25590
27237
23895
22494
27777
27946
28989
31382
27968
23038
23638
23793
23269
24670
34626
22687
25008
23349
27557
26654
27148
23927
24832
27251
29223
24233
31437
30093
23180
29611
26862
27924
23890
27550
23039
22846
25942
23712
23735
27417
23818
24611
26232
24138
24519
29382
23553
24137
23768
26849
22885
24145
22861
28173
23299
33245
27116
23571
22566
23552
24414
29399
24716
26607
22819
25370
22855
22915
33228
23057
31427
22518
23119
23681
31135
29970
24331
23075
24556
22700
27572
27208
23590
27797
23185
24742
31645
22786
24710
30959
27580
24117
24113
24844
28650
33958
29442
31430
28411
28623
26768
23605
23190
33445
22561
22638
23842
25459
23145
30616
28963
23706
23281
26599
22986
32824
27783
24278
23102
26006
27689
22770
24482
23647
23658
25760
22787
33212
34362
22885
23445
27279
26143
32746
24261
25835
25371
23908
25088
25394
27905
27907
26547
23166
32013
26688
23636
27952
23924
26357
25849
23970
27132
22872
26439
23438
25123
23541
26566
22549
24556
24548
34082
34098
24393
27593
22834
27104
23938
33216
22571
23110
24214
25799
32284
27516
24513
29197
29808
27549
24199
29039
34258
23236
23600
24021
25469
22798
25807
23837
24503
30362
23049
24650
23375
24885
23053
23803
24981
24430
29732
26702
25312
23849
26159
34117
34125
31644
23284
25197
25969
22826
22941
28765
24104
23122
24185
33929
23737
24537
25166
23545
32400
27764
26249
24434
30739
30992
27274
28200
22677
26261
22711
28388
32439
23893
25665
22934
24594
33101
25906
26697
23343
24474
30970
31521
24055
24289
23617
24294
25274
23825
27721
22996
22922
30259
25412
29040
25047
33802
30129
26217
34520
33818
25965
26366
27394
25750
24027
22911
23924
24864
27934
34103
25092
25424
25811
23461
24452
25028
23824
24400
24426
33893
35021
24517
34927
27687
29356
34262
24311
23601
24977
22813
25268
24826
30436
28532
23621
24201
28710
23609
27787
22919
24085
32311
33190
23414
24318
23884
27949
22783
23698
24069
22889
28171
23229
24777
30776
22766
32332
26467
24465
32552
26776
25490
23905
27504
24619
31735
23897
23584
33354
23022
25920
27266
23616
34821
24024
23659
23906
28463
32208
23522
25039
25596
31869
24546
24920
24434
28077
26571
27338
26060
22789
23789
30322
29486
24421
27350
26084
31928
34366
23465
25630
23056
28108
25321
33126
23113
30043
25683
23371
25117
26839
22986
24006
25294
23578
24491
23482
25690
26816
30913
23005
27097
24893
25566
34731
26480
26578
34106
26237
25156
22786
27225
28167
25278
30199
30350
25288
32298
27370
23337
24262
23085
24223
23891
28567
24142
22843
24252
24834
29367
29184
23932
31323
22946
26735
26329
22886
24628
29869
34203
26367
30711
24588
24840
27264
30834
24055
24068
24150
24979
24803
28943
24451
29155
24368
25415
29070
25853
24488
33653
33661
24950
22874
24738
31218
25688
30079
25574
23728
26861
24392
32061
30044
25579
29096
26313
24566
26512
34312
22980
30055
26538
25542
30573
29130
22960
32232
23521
24014
28872
30529
25164
25603
25141
22944
23018
24383
25766
23491
24051
24285
24160
30869
28274
25710
25969
29813
27596
26404
25677
27692
23803
24486
23085
24326
30079
26102
26406
28005
29465
24059
25389
24130
26191
31047
26680
24590
23840
26462
30749
23693
24859
25367
24846
25260
29953
23633
23833
31737
29780
26764
28900
31052
28133
23545
23113
29799
29196
27020
29600
28856
26686
23095
27064
22933
24643
23240
29246
23870
25535
27893
24952
26412
26844
23857
23478
29602
27371
27710
27629
29448
23574
23621
26097
23364
24222
25011
28049
23956
24547
26706
22932
23218
26712
23733
24565
23408
26656
25648
27211
27766
22938
23915
32985
23087
29047
28474
27665
26099
28191
25560
28198
23643
24101
26139
29231
24718
29018
25054
24672
26147
26647
25737
25058
28347
26129
24125
23888
25301
25129
25983
23176
25527
27695
24226
23671
27297
23178
25036
28730
27630
31350
30579
24135
23059
23553
24496
25303
23597
31926
27018
28986
28039
29283
23190
26671
23423
23760
24504
26557
25627
34559
27062
27063
27933
32333
23587
26800
28087
24153
24485
27128
30074
31090
23745
23585
24062
23401
23843
28191
25679
24543
29438
30613
26188
23075
24892
23918
24239
27832
23771
28559
29316
32054
23167
26435
23713
25079
25975
26968
23490
26661
24748
33974
24379
32793
24723
26327
24725
29945
30669
26219
25135
30802
26601
33579
30397
30848
27110
23489
23717
26208
27463
23800
34101
34795
30305
24002
27881
29099
23339
26142
23544
30207
24176
23266
25264
34427
27679
27253
23770
27126
32044
24771
30445
27831
24346
25641
33213
25131
24905
29854
23378
25673
26510
29460
23254
23574
23800
26258
30899
24101
25274
24174
24373
26729
31940
26513
31485
33430
24378
24625
29541
29622
24380
24113
25981
24511
25480
23592
23469
24836
31354
25923
31995
24051
29490
23229
32227
25618
27993
23528
25373
25605
33992
34687
25134
24595
26605
25397
23409
23581
23637
23184
24086
25433
29190
23411
26705
28700
29458
30761
23151
29358
24853
31250
32452
23330
24019
24937
23758
25328
27727
26758
23240
26959
24558
25768
30459
34127
23398
23393
23971
31461
29076
27477
28568
25009
29539
23303
30116
27438
29949
26805
27817
26194
24817
25472
30406
25795
23623
27184
23565
26321
34739
25742
23295
26320
34216
34097
28454
23683
24104
23301
26537
32234
25250
23794
26073
28073
27420
25886
23876
33776
24635
24926
24297
24119
26176
24293
27369
30021
23978
23992
24388
23957
25560
23599
26122
26420
23427
23306
28097
28154
25553
25950
23344
25492
26350
23987
24653
29526
25695
26362
24154
27151
25179
23322
27759
30957
31725
27701
24865
34118
34124
23446
23546
24445
25000
25968
25729
24927
25331
27747
25875
29402
24049
24870
24659
23743
32629
33715
25493
23934
31820
23390
23938
24003
34306
35011
34917
26832
24699
23264
27778
25036
25805
27501
23756
23619
28414
23907
28326
23838
27872
27972
28688
24134
24439
27198
27448
32652
33116
24130
24524
31722
24295
26652
33975
34318
30486
25044
25492
26532
26047
28641
24658
23566
25429
23569
27513
31055
23944
32875
26903
34516
23723
28018
28761
26345
34804
25300
25318
24223
30131
24993
23363
25045
23972
24614
27135
30611
23843
25397
30805
24877
26611
23753
25823
23415
25556
34038
24121
27299
27775
24335
32526
23815
24778
23374
30101
24498
25942
28545
23714
23627
25243
24813
30218
34610
23847
26166
23479
24080
25637
25688
33367
26030
28222
24357
25621
24206
25185
24002
25844
31805
25323
28668
23404
23405
26071
27301
24101
24464
24915
25056
24133
30884
23870
29418
31841
26883
28028
24124
25637
26826
25771
31665
25787
27277
25161
33781
29907
24439
25074
33933
23730
24817
27183
27628
26148
23992
24069
23571
23947
25232
26475
32349
27519
26492
27476
26059
27217
27789
25656
25682
29967
24518
33689
34074
34822
24206
25606
26097
31570
26257
24152
23579
34363
31404
24291
23627
24120
24447
24629
29787
23550
26053
28968
24848
24652
28487
25682
26925
27550
25871
24383
28637
23730
24196
23849
24054
24403
24760
29433
25904
24514
24727
25060
29332
23572
34618
29529
23592
27225
27930
23984
31597
24191
23568
26579
27633
27716
27228
28319
25626
23683
33970
25009
23648
26939
27239
25421
27906
24506
29572
24588
25746
27977
26239
34496
28180
29500
25998
23690
25877
24083
24852
23945
27131
27342
28103
23841
27399
24987
28343
23502
23942
30536
24126
28398
25614
26396
28332
28567
24092
29189
28992
25296
24113
27567
24974
23892
24010
24049
31085
24166
31590
27014
27428
29158
24153
25176
28789
26297
26227
24449
24948
25180
27067
28326
25696
24905
25194
25422
28216
24498
31034
28580
23946
28041
29274
26921
25972
25796
26471
23702
23656
28064
24322
27123
25548
32200
33065
23738
26205
29079
24827
32157
27082
27973
24639
25934
28613
29154
33985
24249
27657
24312
28235
24243
29819
23865
24141
26872
24360
23952
28657
26646
31927
26154
27933
25490
30570
26375
24720
24759
25089
34648
25967
29782
30198
25753
24124
26399
24193
24747
25230
25654
33215
26057
23614
25633
25697
32633
23701
26048
24705
24166
23606
26940
27864
30171
28738
25640
26497
26995
28752
32895
25096
26632
33994
34348
28216
30726
24611
24908
24418
28712
23880
27002
27283
23682
24597
25810
31440
25083
25356
29210
24255
29350
24006
26010
28891
29652
34698
23647
27522
24315
33556
24355
24285
28407
27706
34073
24396
27442
24076
32402
25859
26908
28483
29119
32399
23787
24115
28066
24669
29484
27287
26170
23767
25226
27494
24225
28923
25100
27927
26641
23806
25092
23992
26882
23833
25286
27153
31728
24503
26264
28434
24077
25063
34578
35012
31762
34918
24100
24871
24493
30472
25043
25666
24286
26588
30358
24332
29075
28339
24091
24627
28508
24637
24847
25610
26740
24637
32023
32056
32824
31883
24359
29669
24235
26120
24528
23815
29006
29840
27708
24174
29038
27602
29311
27622
25868
32987
31903
32061
33380
24246
24369
24926
26014
24757
26969
24007
25038
31678
26469
29303
24463
23953
32084
24172
24531
25517
24789
25232
29937
24772
27767
28271
23893
24090
24731
24407
29534
24854
25931
26838
23989
27762
27944
25641
24414
33173
24653
30866
30657
25798
30587
29354
25012
24901
25370
26255
24470
28156
25935
30888
33482
28916
24857
24358
31349
31219
24460
25849
27197
35071
24654
30089
23932
32105
24870
26251
25497
26945
25440
25782
26126
26772
26829
24284
25068
26898
27116
24367
28840
24588
24873
26228
26426
24123
25150
25177
25544
25613
24597
25425
23965
25581
26557
26295
24534
24971
26265
25450
29132
33278
27947
24251
27472
33313
26001
24575
27743
32319
24713
30342
31284
24298
27411
27957
25234
26939
27240
24155
32348
23968
27408
26082
23923
24261
24937
26670
30811
25068
30411
24738
24979
24011
24298
33372
24112
25900
27509
24681
28038
23940
26019
28190
25043
25107
24844
29095
24841
26100
24321
24696
29463
29225
24994
31873
23968
25392
27096
24913
24936
26333
25687
30691
30756
24109
31683
25357
28152
28812
29667
24677
24178
28038
25585
26599
24583
24703
24549
26025
26031
34210
27580
28054
27792
24240
29642
29851
31191
33582
24031
24424
26111
26888
24047
24010
24142
25164
28927
25443
30769
24871
25535
30845
30526
31013
26360
25584
24012
25589
26246
25468
25926
28833
28291
26279
27180
30014
27989
25187
27289
24246
26475
24413
28325
28459
24490
28755
25424
30025
30483
31431
25305
27023
27219
24269
27255
24376
27237
28257
25037
24591
26274
24026
26693
26580
26107
25199
25716
24486
25145
33649
34377
25781
29361
24419
24693
24272
25041
25298
24361
24001
27084
29831
25738
27182
28875
28924
29761
31241
28822
24784
25661
26343
24917
24766
29351
27829
28179
28243
26520
31275
25589
29191
25448
29319
24580
33838
27856
29282
25858
26226
28355
24722
26571
25075
27324
25261
28491
27610
24090
24281
26121
31606
26118
25602
26151
26296
24381
25931
24684
28839
24590
24404
24498
30085
25299
24645
24258
24311
29106
24862
25706
28008
32873
24064
24476
25500
27984
27664
33614
24943
27256
27104
26446
24440
26828
25832
31050
26671
32509
24781
26094
34579
26536
24548
24638
25122
27896
24677
26821
26197
25140
24418
24254
25598
26965
24308
28717
25168
24944
24097
26315
34856
32175
33066
33007
29188
26990
25385
27412
26695
26724
26237
24475
29927
27351
24194
24740
25030
25958
30192
34410
26616
31433
28025
28716
25731
28958
34718
27920
28691
25536
26773
25964
28888
31843
25694
24244
25290
27924
28983
24489
24654
24555
28242
25713
24594
25061
25656
34246
25818
27747
25524
27477
25150
24270
26786
24575
24189
27854
24782
33334
24546
26046
24200
25669
24858
26326
24737
24866
25168
26045
33748
25572
29452
28516
24832
28934
25759
28352
24578
27637
31520
25059
25145
27971
29230
25780
24752
25643
25707
24804
30612
24686
25647
24482
27814
26380
32437
29222
30041
25416
26465
24842
28109
29922
25032
28546
30280
26855
28790
25322
24315
29293
26760
25348
31527
26653
34301
35023
24282
25503
28165
25003
28795
25715
26946
32154
26044
25348
27250
25944
33805
34996
25057
27970
25402
26005
30510
27421
34079
34099
24761
24299
24648
24719
29550
27961
24616
25617
28403
25009
25399
29141
26714
27375
24252
25027
25393
25732
34395
24256
24739
24392
25169
24909
31955
26741
25207
31582
25049
27209
25193
24489
26511
24878
26628
27366
30539
25209
25267
28057
25456
32617
25248
29623
29972
30579
29357
30652
25735
27556
24335
32528
24322
31306
25092
34344
25592
25001
29414
25034
25349
27288
28695
24653
29508
27075
28346
30250
30317
30568
30965
25844
24673
27266
24452
24612
25538
32262
33159
25595
25360
28332
24936
25998
24313
25732
29172
24325
27280
24872
27334
28197
27510
27353
25824
34501
25983
27042
25955
26814
24641
28080
32082
26105
31173
24990
24990
27472
25319
25519
26442
24490
25113
25019
33255
26912
25177
27190
27651
26313
24523
30283
24523
24519
29609
27268
24570
34572
25090
31014
25076
25842
31978
24968
26746
24618
29170
25651
26398
25990
32340
25481
28927
33728
32740
25843
27138
24568
25555
27043
33807
25594
24506
26740
24428
25110
27172
24681
26081
26991
32021
32051
32841
24412
25219
25913
29101
26117
28735
24661
30810
26361
33387
31648
25979
28921
27854
24972
26427
28721
27656
30288
26124
27315
25684
29324
26006
25685
26677
29083
24685
24896
28110
27026
24537
25412
29603
29803
31536
26003
24902
29034
25231
25864
26754
27068
27145
25915
25539
26863
27037
26448
25565
26090
24666
27128
27233
24583
26400
24627
26344
24928
27586
24571
30057
25383
25845
25273
26659
24553
25203
28516
26113
27196
32463
32484
33612
26079
25497
24868
25727
25297
27290
25582
28912
28205
24496
27384
24582
25393
31676
27723
30254
26828
24732
25338
24616
28461
29242
24741
27354
28031
29403
24544
25801
27255
25295
33409
26279
26893
27842
27744
33446
28264
28847
29788
26140
24563
33088
26623
27560
27836
26024
26845
28453
29662
25828
26289
27982
29137
28969
30790
26032
28618
24566
31721
24863
26530
26163
25639
24959
25179
25628
26056
26615
25330
29565
28445
24657
27335
25037
24935
25328
34214
24943
26469
24773
24847
25273
31604
28450
25847
24859
25017
25737
32056
27218
27711
25260
24826
31311
32028
32680
26235
26402
29407
25342
31775
26792
25469
24684
25556
25901
27336
28131
31660
31818
25481
26162
27555
33018
27139
30567
31885
25600
32477
24954
27212
24602
32064
25194
26615
24674
25555
24770
26771
25467
27457
26992
34547
28800
25716
25505
26262
33921
24814
29909
26007
25646
25868
33003
25984
27601
28476
29476
24978
26587
24956
25567
26962
25810
31516
30809
26894
27552
29393
24755
28760
29177
30099
25943
27789
26401
25137
25337
27890
25569
27595
25130
25753
25240
28370
28319
27029
25037
27272
24857
25701
26342
25097
27200
25763
25890
24735
26511
26577
32406
24920
26202
29954
25232
31845
32548
27912
27213
28230
24726
26151
27171
25797
30708
25530
34051
27536
28523
27534
25793
26411
26711
26712
26953
26417
28701
26832
29827
26640
29811
25630
28819
25683
27645
34174
34198
24916
26155
32131
28874
24948
28462
29481
26615
26466
27058
24737
30071
29374
26271
26454
25692
26096
25101
24786
30789
25703
34013
31828
26963
29148
25507
25903
28541
27417
28549
29371
31240
25001
27619
24931
25067
25245
25354
25093
32978
25202
24961
25547
25180
26487
24867
25820
32868
34647
34649
31314
26667
25186
24955
24939
26771
24834
29368
26176
26404
27715
33999
26910
26779
25898
26315
30340
26328
25174
25629
25522
26278
26716
33011
25733
34668
26205
25171
26259
29482
24962
25521
25606
33530
25122
26473
25137
28604
26068
27374
27989
25365
25576
26073
25651
28060
28328
28125
26172
30925
25321
27617
24988
26663
33242
24836
25093
32981
26018
34015
34691
25015
27147
25028
26383
30209
25956
28884
30684
25007
27445
26196
25819
34952
25169
29667
30600
26518
27009
26153
27681
26743
25166
25631
25755
25374
25613
29334
30406
25070
24965
24957
26250
28305
26956
28037
30729
24939
26117
30664
28178
26080
25729
30557
28741
25012
27861
28995
30408
28766
25769
27997
26231
25822
26868
28335
27282
26393
25590
26954
25784
28315
25877
26450
28404
27812
27804
25985
25411
26047
28875
25857
25777
28059
27437
28882
28192
27162
25391
25422
28675
26688
28384
29398
33229
26273
29332
25371
26594
25687
27517
27657
25097
25768
26604
33056
28498
25478
25106
25599
26866
25867
27311
25792
25754
29437
25861
32489
27744
32485
33335
25824
25164
26706
25626
26369
28449
30505
25843
29242
29067
29816
31710
25853
26074
25010
27215
30492
24998
25511
27202
25727
25600
26966
26810
27626
25075
25738
26152
27769
25234
26125
26146
28460
29409
25751
25230
25343
27888
34961
27598
25905
26253
29345
25292
33155
25583
26381
25528
25882
26314
25148
25486
27818
26063
25807
26338
33253
29571
25456
30251
25902
33070
26466
27085
26750
31511
26223
27646
25596
26580
31592
28610
29085
26635
25298
25680
26022
27402
27649
26728
27179
28264
31919
31937
29960
25403
25432
26848
25540
28447
28988
30623
27395
25926
27572
26143
26294
26035
28196
29716
25048
27051
25059
25541
25237
25106
25043
26418
26219
27698
25700
25577
25452
27284
26151
25116
25087
26696
25419
25501
26765
27133
25831
28149
34450
30961
26110
28524
25349
25055
25236
30115
25906
26423
27717
26770
27986
26483
26427
30012
25760
25291
26847
27499
30020
28732
30235
33019
25499
25874
27305
31134
26720
26128
25118
27206
28878
30530
25717
33400
27000
27528
25085
25148
26606
27262
29008
30109
30967
31744
25592
34409
25702
25507
25555
25433
25568
25946
26851
25800
27394
26060
26331
25384
25972
26651
27241
26739
27089
29802
27181
27025
25702
26987
25346
26572
27183
25440
25607
25680
25879
26502
29925
30000
25248
25491
25510
26655
25764
25635
26828
27012
28048
25927
25514
31563
26658
26429
26695
26882
27675
26694
26339
26384
25529
25656
27696
27302
32432
27652
25344
34519
29556
30224
31397
27402
25720
27135
27787
28237
28061
28260
27625
26680
32133
32183
33021
28127
26819
26406
28820
25920
31750
25403
25863
27987
26252
29495
28400
25537
29706
25714
32820
25816
26896
27439
27915
34238
25724
28892
25931
26088
31182
31584
32322
26447
25392
25677
29928
25775
27205
30167
30774
31856
25900
27082
25486
28557
25730
26310
25212
29673
25549
29448
30497
25492
25438
25714
25956
25625
26064
25871
32323
32235
33293
25664
28714
26961
27607
29721
25638
26971
27092
29244
25862
28359
28173
26625
32609
25289
27705
26377
25457
27898
26489
25686
27758
25522
26741
25722
28250
27752
31960
25434
27712
25681
25435
25601
27975
27866
26436
27303
29183
28387
28435
34554
26385
26967
25484
27939
28914
32014
32042
32857
27834
30304
26135
26435
26560
27073
26227
26837
26408
27356
27395
25766
25924
25519
26676
28025
29042
25936
25415
33833
27999
25742
25771
26389
28425
26405
25572
28146
28831
26811
25577
29827
25379
26215
28113
25526
26041
27586
25482
25538
25518
26296
27700
25808
28766
25839
27115
26704
34781
25599
25467
27587
34230
26733
26042
26490
33619
25895
28930
30119
27260
33796
26552
26597
26480
27398
25515
29220
25463
29129
26381
26219
30401
32018
32034
32819
25989
26190
28399
25530
34814
26607
26295
29519
25516
26354
26584
29099
28441
29482
31317
27281
25596
26183
28753
34128
25668
25465
26480
27338
33641
25750
25662
28225
25443
29920
28771
28302
26348
26797
28283
28921
26288
25499
25483
32376
27608
25861
32108
26083
26744
28768
29270
29793
26157
26697
28077
26288
27781
25396
26238
25528
31386
26768
33477
25547
28785
26351
25496
25631
29891
26272
27310
28758
26790
31443
28642
27050
25671
25885
26128
28421
27523
28430
27123
28865
27648
30545
25557
26681
31944
27189
25762
26737
26955
25542
30244
26847
26206
26152
26901
25627
26499
33448
25488
25681
25659
28297
25797
31657
26159
25790
29300
27668
27800
30419
29321
26776
26736
27879
29088
27488
30297
30512
31142
27552
28309
29036
26359
27236
25891
25476
26255
28000
25736
33696
26747
33567
33625
28849
26338
26596
28092
27480
25723
26062
29244
25587
26353
31128
25646
25777
27781
28695
26157
27157
28377
28987
26658
28267
29555
26470
27482
33343
26931
25716
26316
28103
28803
25927
31776
25676
29290
26870
27505
25591
28193
31726
27264
27626
25692
29005
27070
27194
27916
26563
26464
31102
25795
26125
27431
28005
25541
25765
25960
27085
25903
28227
33104
29015
26747
32594
28602
30130
26682
29523
25901
28816
28786
29094
27529
25642
25644
27079
26082
26097
34116
28806
32179
32200
32282
29979
32209
27824
27833
26148
25616
31576
26080
31054
26804
27818
33496
26771
28088
26237
26540
27209
34616
26463
29495
26864
28478
33326
26014
27463
28806
26726
27027
27155
32335
26251
25774
28656
25615
25684
27534
27956
25709
26926
26179
25627
27204
27722
26517
25640
26687
27835
26465
27712
26123
29080
26918
27241
25919
26331
25821
27604
26935
25613
26587
29001
26123
25873
29697
26779
26767
28016
29086
25835
26189
26949
28424
26079
27613
32469
33424
26912
31955
32732
29123
25710
33271
29853
26021
27028
28471
27692
28081
27736
31384
31017
32450
29032
27326
29005
26726
28150
29943
27067
30643
27328
28416
27680
29350
29843
25916
26927
27147
26817
27412
26608
25776
26679
26698
32347
27699
26261
28315
25843
28274
27191
31909
31943
32738
28259
26113
30224
27525
25786
27460
29704
27149
31455
25880
32187
26283
27177
26225
31117
25937
25826
26378
26283
26468
27888
28893
26781
26834
28473
27820
26310
32212
27187
27483
25933
32532
25809
25936
28778
28480
25921
27178
28559
26724
34717
27016
32666
27616
28772
29068
26385
27056
27365
27867
26117
27575
25813
26060
26187
26345
29078
34048
34049
26214
28020
26507
27527
26435
31568
30263
28361
30011
27007
27851
26224
28442
28680
29544
30744
27824
28269
34670
28976
26331
26218
28828
27111
28160
30696
25867
26018
26081
27447
25981
26465
26904
27563
28445
26620
26536
30105
27015
27458
25928
32502
33309
27063
26254
27665
26561
26837
28724
26998
27384
26052
25987
29206
28248
25829
27222
26625
32667
27370
34311
26191
26365
25946
30748
25832
25846
27686
26653
34231
35022
34928
26508
26793
27378
27264
25918
28574
29119
26877
26197
26681
31895
26656
27129
27349
27583
25895
28719
26130
28381
26598
29735
26101
27805
26898
27165
25924
29837
26159
27619
26604
33060
25905
27958
26360
27443
29514
26297
26127
27969
26925
28882
27123
30577
26692
28378
27503
29487
29710
27261
27320
32455
28147
27013
29144
29173
26945
28625
26438
27699
26827
26096
25909
26297
30537
27032
26962
26092
28977
26322
26731
28241
26370
26836
26678
26022
28056
28302
28940
26993
31083
32773
26333
32539
30784
26210
26055
26093
29230
29337
26350
26266
34823
27951
26488
26107
25994
26408
26112
27878
27408
27788
28409
34008
26740
30654
30689
31546
26791
28013
32415
29997
34666
28689
28722
29116
26697
26731
27223
26102
26218
27573
29881
26610
26418
26482
27820
28495
26957
27095
26877
29566
30152
26551
28881
29417
27168
26462
27485
28359
26161
27030
27423
26337
27357
27434
28570
29768
29944
31198
29352
34615
35026
28535
33731
34932
26490
26318
26458
28433
26715
26517
32917
26703
27253
29366
28885
29206
26474
27354
29948
27342
27790
26056
26843
30938
28303
26046
29405
26110
28120
27803
28041
27445
28091
28415
26843
27896
26197
26576
27148
26768
26806
30699
30773
31562
26516
26682
27023
27786
26738
33418
26943
27882
31908
26789
26504
26483
27478
28345
26509
28834
29374
26334
27497
27281
26742
26230
26587
27016
27738
28639
26188
26978
26911
28599
27946
26222
26352
28446
26735
27518
26977
27061
26285
27430
27769
26743
27250
26194
26608
26620
26113
29404
26523
28973
28268
28522
29262
26874
33787
26449
29615
27240
27763
26173
31979
30844
26612
29169
30606
26485
28358
26641
26707
33121
26707
33078
26317
27849
26425
27763
26449
28199
26861
27643
29007
30327
26479
29471
27640
26282
29004
29415
28421
26620
27027
28269
26659
26701
28601
26904
27088
29107
27015
26669
29675
26757
26156
28374
28639
29389
26593
32915
26597
28297
27005
31497
32000
26406
26616
26337
28255
26761
26525
31523
26379
26937
29228
26674
26614
32953
27604
27903
28487
26384
26692
29263
26387
27132
26410
28015
26683
26414
27080
29121
26781
26774
28815
26714
28081
26669
27511
28659
34959
34043
34800
26567
27766
26773
27623
27349
26529
34665
28460
29073
29082
27945
29781
27121
33119
26815
26968
27124
27039
31501
28689
29558
27308
28492
32658
26298
26991
27070
28611
26337
26340
28676
27947
29861
27310
26423
27677
26915
34239
26566
27751
29739
27232
27088
31069
27849
27931
28299
29955
26872
27272
26319
27276
26499
26568
27082
27309
27736
26970
32783
33348
26532
26820
28985
31693
28010
27027
30725
27267
32654
26439
27215
26407
26368
26712
26361
28028
27627
30031
27777
27901
28286
35053
28851
30236
31837
26429
26605
26344
27041
26514
26784
27993
28368
27798
29211
26646
26398
26415
29349
30015
28210
28762
26852
33668
27624
27801
29150
27537
28172
27025
26975
27015
26624
26478
27870
31998
28199
27869
28303
26984
27498
26886
27926
32078
27786
27973
28562
29221
27372
27913
29136
30896
34022
34046
26582
28533
28565
26561
29195
27020
26624
26459
27682
28478
26821
27696
26462
28306
27664
26822
29052
29703
26475
28385
29285
28408
26618
27108
27338
27647
26809
27136
27000
27740
26909
27562
28454
28595
29850
28974
26869
28515
26605
28081
26541
27119
28782
27303
26829
28998
27507
26417
26808
31149
33291
27898
28845
27643
27744
27263
27392
26473
26463
27714
27588
27443
27150
26608
27048
26997
28131
29024
27678
26798
26969
28282
27156
29989
30281
27135
28716
27700
28083
28511
27584
27653
29118
30939
27270
27507
28599
28406
28776
26897
27326
29879
26727
29439
26659
34689
26538
28313
29271
28077
27317
26676
27289
32675
26602
29176
29516
29577
29606
30342
28547
28603
27372
28661
28785
27991
26583
27963
27512
27050
27785
27199
35067
27402
26951
27373
27026
27955
26863
27580
27800
27576
26661
28772
26912
27301
28366
27929
27948
28612
34349
26665
27990
33485
26954
26902
27217
26670
30286
28034
27418
27480
26978
28420
30083
27448
26564
27149
26900
26758
28134
30132
30562
28791
26695
30390
27253
28904
29776
28102
32457
27427
27841
27017
34720
32194
32230
33470
28964
27102
28178
27365
27587
27039
31655
27108
27312
28424
26900
26935
28720
27162
26735
27755
26694
26984
26671
26686
28376
27565
27743
27069
31015
28192
32825
27607
27805
28740
28871
29932
26993
31065
27945
26672
27221
27785
26811
26622
29450
30086
33812
28321
33286
27136
34514
26737
26683
28649
27862
26600
27048
27967
27591
28829
28859
30335
27686
28198
28304
31837
26628
26818
27134
27277
26789
33451
27554
27254
29025
28171
26919
27730
28643
27418
29122
30900
27644
28300
27316
27223
28133
27672
27333
28317
28147
34973
27409
26852
33667
27486
28562
26704
27001
28371
28185
29004
27624
27052
27952
28777
28124
28731
29604
28493
27801
28970
26683
28161
29872
28049
28221
29418
28095
33941
26893
30275
27571
26928
34590
30086
27153
28311
27969
26689
27729
27104
28548
28559
28282
29213
29247
27459
27066
28095
27397
28223
31264
28301
30098
28020
26928
27155
28981
28206
27375
28464
30326
27538
26855
26773
26843
30543
31752
27695
27065
29015
26739
26758
27417
30731
27034
28182
29280
28803
28438
27694
28001
29349
26976
30475
27617
28547
28260
27915
29702
30730
28053
29222
26911
26782
31428
28137
28295
27026
27834
29606
30557
27875
26965
29447
27910
33688
29336
27719
28032
27174
27851
26926
27737
27059
27813
28932
27634
27675
27381
27557
27247
27980
27280
27523
28342
27247
28501
29308
27779
29406
28663
27346
26939
26944
32245
32281
29202
30435
28054
26920
28660
34983
26889
31510
28222
27350
27430
27820
30092
27257
32344
32419
33326
26810
27914
27941
26910
27793
27045
27196
27591
27096
27968
28531
28922
27458
30109
27090
27483
28458
26917
30081
28090
28421
27256
27520
27981
28004
28862
27492
28899
29545
27263
27399
27240
28524
29155
27112
27305
27654
26862
28640
34545
27283
27730
27723
28781
27199
28511
29287
27958
27967
27746
27860
28284
29747
26903
31936
28375
27931
30396
28275
28810
28287
30278
29846
26885
27628
28686
30912
28367
28537
34305
35096
28354
27694
28488
27679
28075
32369
28364
27499
30740
27525
30487
28941
29868
26883
27421
27845
29269
30518
28277
26970
32787
33782
27561
28013
28683
29114
28440
27042
27605
27963
28142
27020
26971
27058
27032
27752
29675
28790
27033
27990
29042
27095
27010
27160
27821
27068
27642
27992
27215
27830
27396
31182
27501
28495
28440
27849
34733
27031
27456
27507
28532
28628
27377
27966
27208
27641
28784
27896
27205
27905
27779
27949
26959
28132
28887
30750
32218
32331
33214
31602
27255
27716
29083
27376
30009
27512
27776
34640
26983
27529
27943
27535
27885
28672
30222
29181
27024
26989
28999
27651
28323
28363
29193
28277
28016
28556
29275
27666
34350
27074
33110
28286
35051
27340
27033
27948
28079
29755
27324
28265
27992
27752
28525
27133
28873
29625
33405
27610
27200
27245
27980
27986
28262
27750
33555
28175
27295
27302
27684
27397
29963
27336
29166
28507
27063
28152
27379
27555
28549
29165
27159
27529
27190
27872
27836
28879
28481
27346
28521
27802
27505
28294
27746
31269
31174
27284
28033
28853
28655
27453
27098
27665
34382
31216
28227
27207
29611
29795
31155
27998
27699
27479
29406
27278
28616
29327
28278
27109
28285
29434
27635
27985
28007
31385
33058
33640
28208
27854
28419
29824
30186
27672
28980
29638
30198
27825
29621
29942
31097
27660
28354
27733
31716
27996
29327
27675
27679
28996
31256
27590
27502
27786
27983
28933
29176
27367
27819
27323
29030
28252
27748
27519
27862
28033
27388
29340
29033
27304
29305
27629
27988
27387
27600
27865
27941
35000
27697
28915
27565
29708
27439
28751
29640
27635
29982
28686
29781
28746
28238
30472
28134
32411
27267
32697
27575
29725
27296
28275
29539
27316
28280
27359
29191
32189
30823
27714
29383
27844
27501
27600
27966
28972
27985
29634
30228
31157
27317
27957
32774
27539
33746
27325
28436
29641
27319
27413
27278
29584
27726
29589
27252
27855
27506
27960
29639
31018
27339
28938
28387
27567
29160
27819
28141
27288
30520
30792
27608
27411
28308
34624
34729
27502
27237
27422
27522
27914
29578
28416
27540
28818
30230
28648
32813
28785
28103
32022
32080
32827
27998
29298
27512
28401
27728
27897
27929
28295
31255
27897
28259
29096
27497
28115
29720
27968
27364
27403
28749
31162
30193
27830
27906
27354
27619
27479
27292
28511
30072
28014
28476
27447
28665
29113
30171
28710
27572
29915
28018
28567
29488
28031
28839
29090
27586
33289
33219
27892
28711
27871
28598
30763
27647
27766
27525
31279
31415
28664
27682
30188
28787
30532
28143
27421
28500
32689
27411
28611
30206
27814
27560
28682
27359
28347
33403
27645
27508
27554
28282
27669
30239
29429
29057
29709
30215
30217
28896
29033
28521
29014
27633
27416
28565
28606
28356
30463
30947
28128
28461
27763
27859
31251
27737
29346
28594
27424
31313
29655
28090
27584
28088
28124
27750
27970
35094
28913
29437
28053
28238
27956
28681
29619
27959
28725
31656
31881
31071
28087
28359
28382
27810
27487
30607
29249
32386
27963
28724
28507
34260
27956
28032
28650
29225
28256
34259
34326
27735
34094
27895
32317
28499
27974
28923
28526
27457
29249
27835
30665
27851
27508
28894
28982
29306
29326
27443
27781
28543
29323
28930
29058
27657
29765
30384
31554
27832
29062
30319
27574
28355
30062
27458
27759
29391
28636
29159
29904
28388
32446
33412
27918
29724
31729
31891
29426
27912
27788
30965
28419
28470
28720
28444
29409
27902
28062
28014
27756
28239
27987
27876
28010
27652
27995
28349
29540
30354
29253
29855
30564
27748
29413
27845
29148
27623
28669
30029
28540
27625
32379
30835
28668
28416
28158
27628
29561
28630
29713
29382
29663
28851
29377
28100
28850
29462
30201
27759
28246
28531
30016
28459
29859
29849
29911
28144
27587
27970
28404
28203
31260
29753
28573
29149
29901
27803
27865
28457
29205
28242
28483
27945
29925
27926
28180
28791
29277
28701
31572
28248
28963
29241
27807
28334
29658
29388
30222
29790
30204
27959
28130
27995
28071
28248
27576
29346
28770
29838
33218
29797
29360
28418
28216
27690
28400
28716
28881
29905
28842
28486
29164
28347
33374
29839
28862
29365
28127
27796
28606
29657
29669
31588
31831
32807
28163
34093
34820
28262
28419
29069
31236
27640
28682
27946
28653
28307
28425
28038
30645
29918
29328
27728
28143
28390
28054
27855
27825
28566
27651
28256
28382
29779
28208
34016
27687
28308
35076
28660
33638
34982
29872
27964
34276
35078
33637
33639
34984
27992
27645
28902
28358
31629
28106
27873
28362
28074
28266
32252
32149
32184
32959
29364
27740
27813
28896
28364
28501
28707
28778
28370
31322
28353
28552
28530
30321
28708
29874
30237
28504
30289
27710
28094
27701
28614
27966
28974
29194
30548
30212
29051
29325
29950
29876
28234
28609
28266
29302
28954
31948
28307
28046
27962
29569
29840
33256
28175
30780
31263
28761
27866
29356
27973
28352
27731
28182
29394
30347
32504
28557
27852
29526
28969
29165
27795
28044
28188
28470
34491
31218
28076
27799
28516
28695
28577
28211
28358
31694
28521
27747
28307
29252
29717
28596
34359
31596
27962
28047
28076
28163
34102
33523
28730
34500
31717
29339
27937
28525
28596
33570
28272
28633
32782
27901
28197
28665
27809
28209
28687
27960
30056
29785
28942
29677
28201
29612
29664
29871
30028
29012
29131
27778
30222
28530
28268
29013
29636
28823
29992
27906
29438
29542
29200
30015
30250
28816
28168
29021
28531
28405
28078
28393
29042
30274
30056
28404
28653
29375
27987
29682
29835
29658
29349
28735
29777
28425
34664
27893
29563
28013
28199
29231
29814
29994
28122
28134
28675
27814
27977
29982
28062
28246
34331
28883
28191
29161
35068
27999
28881
29124
28424
28245
34405
28086
28771
29674
28193
28415
28487
28502
32623
28486
28885
29016
29222
28363
29193
29608
27954
28129
28252
30367
31082
28339
29469
29703
30401
28504
30942
31174
31208
31936
28980
29239
30454
28019
29597
28265
28153
28074
28151
30124
28563
30303
29722
28856
29550
28139
30029
28753
31133
31931
32589
28345
33534
28112
28138
28051
28632
29068
29573
28355
28452
28929
28211
28342
34974
28018
27901
27961
29085
28144
28608
33175
28323
28769
28138
28249
28907
29518
27972
28420
29338
28438
34351
28915
29532
29396
29620
31360
29968
28554
28034
28788
29432
29915
28473
29271
29597
28015
28114
28775
30752
28752
30724
28367
28489
29049
28102
32530
28476
31758
28313
28853
27996
28316
33014
28129
29351
29388
28385
28177
30378
29386
28811
28140
28658
28585
31448
28311
29306
28405
34298
29219
28543
30821
28858
30400
28599
29594
29616
28005
28772
32040
28148
28222
28205
29427
28179
29619
29379
29190
28422
28318
29200
28234
28763
28080
28443
29365
30041
28257
28290
29311
29259
28791
29751
29999
30797
28798
29224
30195
28316
33016
28237
29949
28287
29549
28176
29254
30134
28113
28309
28946
29174
30194
31008
28188
29841
29077
29254
32261
32263
33154
28660
33774
29009
28445
28673
28545
29253
31106
30225
30001
28418
28245
28066
28715
28274
29796
30415
28625
28373
28605
28085
28570
30063
28866
28858
28658
28774
28370
29524
29652
30114
29425
28108
28160
28672
30089
28330
28611
29077
29211
31943
32768
29058
29688
29258
28099
28140
28774
30368
28331
29134
28738
29104
28952
28985
28771
30339
28831
28683
28770
28492
28190
28241
28139
29395
30663
28587
29301
29009
28883
29875
28917
29108
29281
30042
28913
28509
28631
29458
30331
29536
29000
29424
29463
28626
28513
28497
29008
29242
28279
30071
29588
29339
28394
28164
28553
28391
32942
28961
30292
29643
28512
28921
29582
28749
28383
30907
29571
30516
29766
29771
28402
30075
28376
28717
29978
29401
29660
29560
28752
28494
30345
31401
30361
28291
28206
28464
29763
29089
28806
28201
29483
28296
28331
28368
28696
28255
28345
28239
28811
28879
28730
28653
33479
28554
29183
29416
30156
28640
28805
29573
29204
29553
28488
28494
28701
28737
32082
32123
32855
29344
29924
30911
28981
28795
29767
31259
29279
28532
28548
30485
28508
29416
29010
31367
28914
29293
29331
28963
29809
29098
30889
31442
28286
33989
28407
29016
28393
28453
29386
28333
33059
28934
28484
28473
34989
29998
31056
29800
31238
28959
29821
29854
28525
31098
28692
29608
28719
28815
28941
28430
32484
29050
30979
29400
32503
29343
28407
29037
29579
28546
29072
28857
30010
28797
29372
28643
28351
29694
29408
28553
28376
29237
31088
31712
33020
33794
29413
30160
33181
28602
28720
28903
28362
29934
28866
28427
28388
29587
32298
33120
28992
28802
29568
28703
29391
28610
28492
28501
29806
28472
33444
29678
28591
29323
28549
28391
32859
28471
29354
28446
31130
28448
28889
29020
29037
29657
30877
28816
29092
29892
28435
29436
29308
29636
28890
29315
30819
29008
28805
30036
30683
28635
29061
28477
28475
30728
31093
28732
28996
29770
30070
28946
29654
29633
28784
29780
30263
29847
29487
29793
28662
28493
28506
28627
29229
30253
30741
29207
30023
28583
28674
30172
32304
33008
29037
32906
28488
28514
29655
31672
29147
28580
32498
32569
33434
28902
29063
32123
32926
28601
28648
30094
29272
28579
30128
29788
31478
29616
29854
30287
28746
30728
31239
29050
30012
29236
28557
28952
29317
29283
29688
30138
29640
30296
28698
29260
29633
29862
28698
29583
29147
29411
31114
31753
29185
28489
28639
28954
28519
28623
31581
30930
31088
31475
32579
31062
29303
28862
28662
29648
28536
29592
28769
28774
29237
30313
29394
30220
28935
34430
29398
29647
28888
29579
29322
28687
28993
31124
29026
29035
28666
29228
28568
28781
28926
29178
28533
29531
29898
30331
28750
29034
29351
28604
28651
29694
33277
29609
29013
30810
31183
31568
28974
29151
29368
29182
29283
28690
29908
28649
30324
31593
28577
29220
28940
29652
30872
31114
31710
29579
28699
30232
28745
29290
29067
29123
29466
30124
28800
28744
34679
29377
29006
29569
29476
28671
29821
29953
32439
32516
33412
29830
30618
29774
28917
32444
30884
31296
31702
29559
32176
28594
28970
29238
28618
31273
29508
28821
28624
28748
32027
28734
34650
30376
28737
29583
28898
28623
28908
28997
28726
29505
29404
29952
30194
29000
30271
28986
28845
29858
29275
29924
30078
33079
30562
28699
28700
29229
28918
28848
29143
29403
29646
30411
30766
28947
29704
30165
30614
31657
28664
28741
29702
34384
29964
30050
30336
31152
28687
28704
28714
29312
28756
29023
30619
28972
28842
29984
29632
29888
28837
29376
28818
29029
31490
29547
28777
29617
30128
28827
29017
30630
28780
28940
28809
29231
30135
28823
29152
30490
30554
30982
30724
28757
29549
29598
30154
29480
29010
28756
30707
30082
28815
28753
28706
29020
29877
28863
28718
29651
30536
29048
30857
30943
29419
30396
30209
30851
29133
30708
31657
28801
32085
28999
34385
29473
30402
28736
28854
29631
30488
28853
29287
30005
30832
28900
34229
29012
30962
29286
29742
30186
30268
30299
31111
29462
30223
29156
29514
30871
28786
29538
30054
29832
29970
29764
29317
30035
29086
29129
30592
29292
30166
28863
29399
28891
29026
29036
33080
33468
33485
30282
28809
29734
29035
29036
30236
28799
29628
29810
29241
29570
29962
30337
29174
28905
30314
29257
29612
30216
29670
29374
29960
29170
29592
29082
30176
30780
31734
31717
31720
32388
29471
30024
31158
28813
29278
30631
28884
29451
30067
31266
29057
30258
30615
30976
30201
29915
31994
32306
32358
33149
29027
29939
29062
29980
29592
30463
30684
31071
29424
29572
28983
29670
30053
31430
29225
28929
29373
31414
30141
28888
29687
29635
29961
28966
29263
29229
29338
29461
29977
29061
29799
29953
28976
29190
34446
29383
30496
30804
29353
29030
29358
29193
30037
29768
32058
32176
29642
30063
29744
31858
30033
28935
29783
30253
31664
29763
29635
29843
32833
33530
29213
29869
29680
29774
29728
30747
29290
30551
32643
29886
28972
29194
29672
30334
29015
30140
29260
28892
29938
29357
29470
30718
29500
29029
29712
29599
31596
28938
29617
29209
28943
29326
30298
29013
28999
29753
29456
29303
29506
29412
33209
32816
29209
33724
30236
28926
28992
30484
29780
29523
29641
29134
29534
29840
30469
30051
30385
31127
29104
30749
31063
31472
30678
29471
29637
29921
31178
29882
29485
29149
29340
29727
29158
30162
29469
30597
29238
29342
30216
30541
30837
28962
29419
30243
31832
29044
29762
30478
30796
31056
30284
31107
29651
29920
30174
30064
31268
29362
30267
30896
30003
31853
31954
29346
31539
31836
30898
29464
30316
31187
29509
30294
31195
29205
29713
30020
29567
31701
29936
30514
30987
29815
30620
29335
30765
29985
29277
29120
29324
30217
29993
30091
29568
30589
29507
29033
29839
30545
30829
32121
29440
29027
31332
31585
29808
31844
32205
32905
29032
29534
29672
29411
29906
30294
34958
29968
30927
31582
29319
29337
29380
29418
30323
29195
29797
29056
30424
29380
29401
29819
29861
30672
30285
29080
30423
29908
29526
30001
29172
29555
31030
30276
29409
30732
29373
31441
32888
30600
32879
29576
30054
29574
29735
30261
30513
30590
30666
30252
30755
33840
29216
30164
29284
29919
29691
30229
30273
30030
29395
29234
29837
29130
30242
32958
30214
29593
30880
30269
29279
30208
30429
30785
29108
30148
29289
29406
33430
29233
29220
29262
29228
29429
29156
29468
30073
30040
29249
30807
29879
30052
29187
31005
30162
29313
29205
31566
29295
32120
32260
33144
30446
29153
29695
29361
30043
30248
29690
29352
29619
29189
29736
30215
30622
29514
29239
29961
30082
31310
29648
29734
30952
31604
30090
30948
30992
30070
29186
29209
29151
29194
29331
29618
33571
29988
30239
29528
29996
30425
29342
29643
29364
29614
29882
29703
31420
29725
29397
32336
29654
30347
29559
32036
29288
29711
29649
29198
30769
29289
29384
30203
30953
31380
30021
30771
31454
30199
30563
32842
30185
29859
30209
29603
29345
29547
33809
29352
29546
29648
29413
30356
29510
29402
30158
29230
29364
29507
29560
30032
30551
30476
30779
30145
31454
30610
30244
29274
29533
29812
30121
29311
29509
29447
30622
30858
29692
30007
30185
30643
30668
31659
29408
30114
29300
30112
30333
30053
29269
29794
29695
29397
30049
29521
30180
29389
30556
30267
29857
30202
29787
30246
30325
29978
30369
29423
29875
31028
29739
30759
31104
30447
30542
31109
32462
30301
29988
30507
29876
31412
29509
30263
29902
30042
29383
30631
30391
29861
30185
30248
29905
29295
29393
29555
29444
30588
30479
30830
29516
31549
29881
30548
29701
29367
29666
30533
30048
29371
34861
30114
30904
29445
29459
29390
30770
29461
29954
29996
31139
29393
29730
29823
29386
29466
30543
29536
29796
29355
30197
29625
33433
29551
30136
31985
32132
33312
29978
29452
30379
29762
29402
30058
30362
30046
29591
30466
30084
30420
29391
29584
29405
29382
29842
30605
30696
33660
31280
29475
29752
29697
29506
29827
29769
29769
29415
29768
30513
30657
30080
30409
29902
30578
29470
30518
31714
31952
32386
30083
30166
30327
30922
29459
29812
31651
29791
30143
34136
30157
29495
29498
29606
29516
32954
30455
29483
29438
29582
31047
29747
29923
30547
30067
29865
30292
31268
29569
29781
29617
31878
32521
30818
29741
32107
29614
30373
30121
29562
29721
31408
34158
30186
29658
30520
30599
30625
30324
30527
30935
31772
32771
29955
30876
31024
30955
30958
30045
29572
30157
30554
30657
31502
33589
29576
29605
29659
30132
30160
30470
30712
32762
29547
29940
30036
29941
30616
30881
29749
30891
31037
29529
29670
29718
30044
30219
29594
29956
29702
30352
30846
30017
32193
32302
33492
29501
29561
30045
29691
32162
30675
29541
29962
29787
30139
32695
30149
30163
30822
30963
30417
30492
29876
29934
29810
32506
30469
30088
30591
31170
29725
29777
30378
30628
29660
30147
29762
30436
30721
31311
30115
31202
29911
29962
30307
30452
29637
30093
32428
30762
30598
30797
30184
30825
33813
30232
30195
30104
31667
31836
29698
30365
29884
30277
29789
32721
30500
29929
29680
32095
29818
29939
29755
33300
29558
29791
29804
30956
30601
30405
29991
30136
30505
31557
30985
31124
31277
31993
32418
33205
29627
29814
30541
29964
30274
29583
34122
30153
31058
29701
30340
30705
30019
30332
29674
30584
30828
30166
29687
29857
30521
31156
31332
30555
30321
29899
31439
30048
30923
29937
30767
31339
30547
30599
29935
30100
29881
30572
30798
30314
31140
30474
29776
30357
29887
30857
31298
30075
30940
32759
30647
29647
30142
30365
29928
30392
30287
30590
30605
29636
30751
30388
31373
29627
30088
30390
31206
30252
30748
30813
30924
30076
30703
29974
30320
29641
30878
30664
30903
32584
30367
30771
30660
29666
29698
30515
30692
30478
30869
30360
31269
30310
30106
32382
33122
30091
30089
30629
30638
31190
31355
30130
30446
29753
29740
30249
30867
30833
30428
30831
32931
30414
31066
31207
30978
30077
30695
30142
30493
29878
30068
30899
30454
29878
30005
30266
30048
29807
29899
31370
29769
30709
30878
30808
30286
30481
30586
29828
29931
30929
30983
30261
30497
30841
30529
29831
30315
30039
30075
30519
30713
30777
30716
30097
31961
32180
33252
29752
30016
29813
30213
29939
30241
31273
30055
30799
31193
30357
29823
29894
30312
30010
32118
32355
30143
30726
30310
30855
30887
31143
30296
31323
30471
32295
32892
29909
30790
30408
30164
30856
30912
31077
31389
30660
31504
31544
30986
30038
30983
31369
30535
29855
30285
29810
30802
31257
31824
30845
32090
32295
33437
30221
30593
29934
30761
30921
30272
30618
30220
30201
30532
32949
30892
30073
30154
30742
31052
30865
30674
31256
30096
30826
30246
32611
29940
29848
29945
31650
29877
30151
30459
30932
30078
30786
31715
29982
29931
30336
31037
29973
30625
30630
30414
31420
31376
32772
30172
30172
30485
30145
29990
30511
29885
30724
30623
30941
30796
30380
29853
31901
30106
30969
30137
31004
30197
32071
30204
30768
31920
30717
31965
32403
31042
30097
30335
30910
30319
29988
30213
30635
30059
30181
30663
29948
30812
30498
30894
29858
30121
29874
30230
30918
30274
30478
30787
29983
31031
30335
33911
29877
30456
30504
30777
30102
31373
29926
30511
30270
30787
31910
30978
30803
29946
30747
30944
30455
31146
30775
30119
30243
31826
30103
30886
30010
30756
31000
31251
30755
31033
30712
30964
30260
30768
30094
30080
30906
31219
30156
30401
30902
30897
30101
30980
30981
31551
34964
30358
30085
30474
31029
30032
30077
31292
30882
30779
30452
30586
32512
30026
30138
30237
30898
31847
29990
31531
31568
30905
30961
30067
30046
30645
30632
30814
31201
31997
31010
30720
30389
30415
30113
30244
30585
31749
30016
30392
30737
31226
31959
32612
30083
30408
30849
30627
30398
30551
30350
30009
31410
30869
30572
30715
30679
31604
30147
31594
30531
30598
30035
30577
31093
30540
30915
31050
30801
30606
30011
30420
30085
30052
30945
30425
30180
30533
31600
30628
30519
30909
30476
31331
30807
30677
31319
30216
30264
31615
31117
31458
30571
30190
30072
30495
30564
30471
30347
30440
30914
31673
30392
30641
31354
30635
30119
30800
30371
31526
30035
34243
30320
30596
30275
30704
30995
30227
31162
30223
31143
31145
30225
30333
30623
30155
30246
30916
31214
30213
30960
30840
30357
30868
30555
30102
30128
30223
31071
31122
30272
30663
30866
30438
31177
30385
30987
30574
31046
30243
32380
30356
30890
30362
31641
30292
30402
30115
30827
33820
30937
30624
30427
30853
32285
30487
31316
30171
30304
30507
30597
30138
30175
31129
30877
30989
30671
30206
30511
31175
31549
31473
31237
30300
30510
30531
30776
30206
30589
31092
31411
31462
30141
30403
30479
30974
31158
31066
31270
31009
31412
32328
32470
33307
30552
31142
30624
30870
30867
30576
30805
30466
31433
30193
31110
31903
32812
30596
30586
30618
31049
30309
30484
30367
31171
30444
31630
30722
30155
31438
30252
30883
31161
30304
31082
31012
31141
31468
32459
33030
30249
30601
31283
31608
30488
30609
30388
31056
31314
31461
31061
31262
31312
30556
30423
31042
32880
30686
32189
30533
32039
31235
30358
31007
31091
30457
32277
30294
30256
30259
30816
30248
31349
30712
30957
31745
32035
31400
30916
31227
31095
32049
32693
30959
31671
31684
31756
30851
30332
31543
31241
30472
32229
33169
30440
31205
30428
30798
30301
31041
32869
30377
31851
30413
30971
30489
31728
30491
31048
30283
31265
31289
31026
31366
31295
30562
31052
31053
31680
30974
30584
30342
31232
30289
31381
30461
30355
30799
30874
30982
32055
30569
31555
30694
30775
31649
30376
30743
31422
31249
31008
30494
31054
31081
31134
30582
31055
30900
31063
31790
31267
31228
30555
30789
30934
31372
31453
31488
33047
33336
31321
31418
30420
30854
31595
30720
30368
31102
30655
30753
31345
30361
31291
31979
32420
33283
30316
30911
31469
31538
30405
31212
31609
30732
30391
30692
30489
31111
30423
31018
30540
30648
31028
31164
30485
30666
31093
31096
30665
30667
30889
31218
30716
31305
30824
31430
30979
30805
30641
30913
31322
30405
31401
31426
30800
31539
30610
31423
31202
31145
31391
31374
30365
30410
30670
30964
31403
31407
30594
30901
31012
30379
30492
31780
31306
31301
31771
32545
30474
30741
31364
30431
30906
31521
30410
30750
31239
31567
31902
32202
31139
31402
30422
30948
31393
31527
31538
30830
31091
30831
30710
31406
30897
30730
30754
31266
31814
31150
31492
31530
30854
31085
30435
31630
31039
30916
31560
30486
31357
30411
30475
31125
30548
30484
33145
30461
31255
31938
31338
32584
31013
31190
31315
31386
31791
32534
30482
30627
31057
31642
30585
30462
31512
30639
31127
30889
30612
31337
30528
30772
30913
30643
31369
30671
30924
30651
30895
31302
30571
30999
32052
33603
31384
32510
33068
31172
30705
31024
30594
33726
33743
30904
30527
31199
31452
32241
30606
30671
31952
32596
30658
31361
34538
31409
30689
31491
31531
31590
30544
30573
30696
31529
31329
30747
30601
31383
30650
31159
30736
30789
32171
30493
30907
31069
31337
30881
31684
31098
31193
31286
31254
30589
31396
30705
31065
31368
31097
30549
30634
30669
31107
31564
30648
30761
31688
30641
31559
31191
30806
31327
31097
30576
30899
30767
31187
30575
30640
31129
31645
31375
30559
30772
30859
30581
31449
31392
31443
31286
30681
31613
30635
30648
31304
31238
31498
31159
30969
30678
31347
31713
32178
32286
30570
31082
32493
31009
30673
31108
31306
31013
30879
31448
31677
30854
31189
30731
31096
30591
31453
31590
30879
30758
32259
30639
30642
32240
31599
31417
31667
31793
31342
31648
31517
30694
31157
30583
31004
31339
30777
31152
30583
31076
32656
31495
32297
30891
31298
30745
30633
30700
30730
30876
31625
30982
32341
32515
30881
31331
30742
30720
31167
31617
32588
31457
31469
31108
30867
31161
31308
31372
31354
30807
30952
31417
31255
30911
30619
30702
31277
31388
30636
30844
31079
30841
30778
31025
31437
31344
31724
31108
30784
31166
30682
30839
30746
32623
32992
30644
31041
30748
30750
31627
31630
30813
31278
31524
30683
31017
30850
30936
31089
31512
31545
31580
31380
34327
30820
32137
32707
31197
31186
32589
31242
31194
30744
31180
31205
31265
31391
30806
31626
30687
30745
30953
31524
30729
31095
30827
30708
31290
31572
30859
30946
31023
31242
31352
31865
31902
31615
31556
31112
31631
30694
31032
31948
32049
32844
31195
31725
31769
33680
33708
33808
31523
30734
31247
31273
30707
31127
30968
31648
30792
31191
30719
30929
31473
33766
31215
32877
30745
32134
31206
30887
31373
31122
31221
31970
32027
31261
34162
32065
31593
31006
30985
31744
30998
30968
31474
31359
32431
33248
30896
31766
30865
30784
31105
31694
31157
31780
30946
31289
31492
31494
31006
31001
31504
31970
32656
31144
30844
31126
31505
30863
30938
31486
32142
32251
31016
31171
31046
31292
31331
30900
31580
31616
31321
31498
31165
31868
31366
31592
31660
31733
32195
32513
33364
31574
31421
31882
31576
31431
31973
31991
30897
31939
31021
31203
31233
31762
34919
30909
31048
30824
31644
31026
31406
30946
30972
31705
30835
30871
31825
30890
30995
30834
30852
31236
31254
31596
30870
31038
32182
32709
31530
31627
31508
33739
35005
30972
31455
31357
30842
30875
31344
30901
31719
31119
31408
30858
31012
31078
30987
31735
32387
32565
33446
31094
32304
31605
31025
31595
31410
31020
30898
30934
31810
30858
30901
31055
30988
30873
30926
31234
31839
31788
31917
30871
30991
31336
30874
31206
31809
30998
31505
31078
31139
31841
32190
31776
31336
30956
31687
30977
31491
31407
31152
31699
31330
31838
31867
31360
30919
31563
31027
31164
30951
32491
31343
31054
30922
31180
31357
31038
30951
30969
30933
31094
30997
31285
31950
32684
31143
31783
31410
31272
31264
33231
30942
30997
31116
31009
31022
31115
31132
31552
31544
30944
31083
31023
31173
31776
31855
31764
31833
31361
31509
31160
32029
31687
31822
31037
31187
31310
31192
31008
31228
30993
32279
32559
30995
31640
31793
31608
31215
31722
31795
30991
31047
31018
31591
31891
31876
31298
31078
31126
31140
31805
31642
32223
31061
31118
31786
32226
32279
31204
31348
31032
31647
31020
31399
31962
32707
31964
31237
32170
31251
31177
31554
31408
32265
33821
31434
32585
31125
31528
31821
31324
31230
31280
31040
31734
31205
31673
31058
31069
31300
32259
31156
31624
31848
31356
33026
33429
31194
31300
32111
32125
31368
31836
31870
32367
32930
31249
31198
31210
32726
31896
31858
32121
34480
31222
31223
32002
31683
31067
31100
31267
31544
31131
32570
31857
32300
32837
31075
31131
32557
31916
31105
31166
32441
31167
31570
31121
31176
32008
32017
31573
32491
31267
32004
31153
31893
32291
32360
31125
31278
31742
31217
31229
31421
31967
32745
33180
31372
31729
31954
31109
32592
31723
32128
31138
31315
31121
31178
31842
31339
31330
31257
31848
32840
31787
31613
31449
31863
32659
31130
32809
31491
31185
31160
31176
31137
31928
31252
31163
32076
31818
31208
31519
31800
31519
32029
31151
31213
31189
31230
31161
32909
31593
31189
31363
31253
31365
33455
34161
31664
31395
31180
31671
31991
31328
31224
31824
31853
31977
31823
32313
32744
31505
31928
31426
31529
31908
32116
31185
31258
32980
31640
32122
31204
31234
32562
33503
32335
32685
33488
31814
31199
31721
31336
31284
31269
31226
31780
31303
31310
31217
31233
31899
31770
32096
32338
31511
31795
32612
32427
31825
31266
31659
31781
31340
31641
31280
31247
32487
31303
31330
31324
31456
32074
31436
31288
31690
31856
31494
33834
31914
31258
32174
31924
32680
32108
32111
33243
33697
31275
33420
31442
31380
34639
31279
31409
33296
31278
31617
32578
31463
31467
32112
32121
31723
32472
31291
31314
31405
31560
31510
31981
33032
31452
32058
32238
31348
32238
31914
31328
31351
31500
31638
33266
31801
31303
32045
31392
31784
32064
32357
31348
31659
31359
31308
31851
32187
33797
33828
31333
31764
31884
31566
31405
31493
31343
32093
31554
31825
31371
31429
31462
31435
32119
31743
31959
31320
31378
31379
31471
31887
31613
31743
31801
31741
32084
32359
31356
31365
33462
31868
31465
31689
31345
32393
32397
31778
31941
31647
31435
31887
33048
31684
31494
31654
32252
31414
31470
31390
31641
31754
32431
33510
31560
32506
32701
33431
31900
31456
31424
31434
31391
31416
31501
31481
31473
33772
31932
32415
32686
32797
31548
31863
31620
31390
31522
31598
31951
32026
33362
33372
32115
31388
31496
31602
34163
31445
31427
33013
33449
31397
31687
31734
32075
32256
32073
31524
31647
31863
33275
31799
32597
31916
31466
32782
31439
31800
31435
31633
31757
31788
32724
33031
31432
31487
31562
33284
31898
31919
31612
32154
31670
31439
33041
31456
31465
31611
31466
31513
32560
33013
33600
31465
31756
31464
31676
32007
32213
31740
31951
31900
31548
32269
32890
33474
31472
31685
32007
31553
31664
31543
31887
31674
31842
31516
31518
31598
32013
32196
32381
32257
31571
31576
31482
31546
31986
31553
31545
31556
33194
33291
31758
31874
32099
32270
32319
31616
31618
31620
31892
32129
32508
31672
32212
31500
33306
32708
31597
31914
31773
32307
32118
33017
31724
33491
31543
31651
31801
31533
31540
31578
32348
32891
33473
31528
31815
32119
33124
31520
32142
32398
32271
32416
31611
31548
31745
32448
32122
31803
31876
31986
32253
32297
31679
31542
31814
32122
32445
31547
31622
31540
31542
31990
31737
32398
32429
31775
31805
31605
31658
31990
32258
31547
31693
31726
32155
31600
31612
31782
31673
32316
31990
32391
31824
31674
32389
31693
31781
31785
31904
32070
34540
31709
31674
32355
32369
31715
31856
31670
31661
31711
31986
31587
31619
31702
31883
32162
32548
31645
31655
31950
33032
31626
32425
32405
32938
32954
31690
31885
31868
31751
31813
32099
31815
31661
31666
31678
31711
31651
32309
32177
32675
32724
31959
32672
31646
33022
33342
31620
31662
32184
31682
31760
31884
31682
32342
31631
31689
31749
32461
31635
31796
32231
31790
31842
31653
31941
31915
32242
31706
31727
32618
31877
31746
31859
32582
33026
33602
31789
31703
31710
31808
32102
32345
34965
31848
31789
31697
32134
31707
32765
32801
31973
32251
31724
32479
31812
32730
31666
31691
31769
32190
32441
32475
32437
32460
31682
31728
32347
32007
31685
31751
31699
31828
31953
32617
33134
31685
32444
32490
33511
31715
31812
32225
32432
33028
33457
31790
31925
32137
32600
32518
33510
31965
32896
32972
31731
33232
31876
31779
31787
31755
32686
33260
32102
31878
31763
32466
33226
33499
31751
31761
31783
32617
32541
32143
32354
31937
32765
32913
32271
32402
32225
31753
32109
31932
33250
32010
31940
32520
32590
32225
32494
32482
32265
34297
32152
32539
32442
32527
31813
31803
32748
31885
32242
33337
33551
33559
31761
32412
32451
31803
31813
31809
32606
32756
32011
32143
32277
32594
32033
32381
32231
32116
32483
32125
32514
31817
31865
32339
32519
32706
32631
32403
32950
31847
32091
32511
32155
32616
31912
31810
32533
32377
32552
33360
31854
32106
31873
31947
32114
32012
31833
31875
32529
33491
32535
32300
32047
32472
32924
32497
32589
32478
33136
33554
31877
31882
31818
32676
33225
32223
32577
32139
32532
31991
32551
32321
32098
32545
32130
31921
32046
32628
31920
32575
32416
32451
32540
32586
32440
32492
33350
32029
32901
32231
31890
32563
32750
32382
32588
31847
31901
32634
32680
32174
32595
32395
31976
32884
32099
32910
32452
33022
32597
32626
32610
33665
33745
32293
32651
33257
32619
32681
32635
32285
32607
32396
33006
33623
32010
31977
32036
31912
31912
32753
31901
32400
32643
32460
32535
32011
31989
34968
32054
32688
32736
32626
32429
32590
32687
32641
32086
32698
31923
31929
32619
32229
33002
31923
32372
32603
31913
32413
32655
32758
32657
32674
32677
31967
31997
32697
32198
32395
32033
32242
32638
33169
32696
31960
32520
32688
31942
32883
32718
32308
32668
32236
32662
31944
31972
32109
32647
32690
33183
32072
32684
31995
32736
32893
32803
32855
31942
32791
32104
32461
32613
32776
31945
33280
32377
31972
32673
32740
32078
32147
32579
33315
32792
32481
32286
32717
32788
32769
32067
32229
32773
32757
32182
32413
33333
33549
33556
33030
32307
32611
32752
32046
32632
32786
32005
32067
31996
31989
32845
32055
32076
32069
32104
32114
33630
33710
33802
33108
33359
32144
32399
32908
32438
32843
32092
32450
32941
33108
32636
33258
33568
32760
32603
32795
32695
32775
32913
32665
33512
32975
32095
32898
32927
32682
32738
32903
32362
32609
32126
32864
33572
32823
32856
32571
32157
33071
32060
32467
32702
32819
32826
32130
32033
32778
32821
32856
32867
33569
32670
32804
32824
32835
32406
32861
32828
32805
33370
32796
32858
32259
32810
32929
32509
33261
33562
32084
32486
32725
32835
33379
32039
32683
32351
32866
32107
32875
32991
32993
32852
32795
33378
32805
32857
32051
32062
33032
32085
32865
33319
32292
32303
32870
33512
32690
32894
32808
32373
32848
32624
32816
32571
32694
32844
32365
32872
32861
32867
32100
32089
32699
32860
33067
32943
32147
32669
32197
32341
32079
32757
32628
32792
32521
32538
32201
32940
33027
32130
32180
32826
32863
32948
33007
32873
32113
32600
32860
32810
32934
32201
32246
33055
32625
32922
32338
32725
32101
32159
33353
33442
32101
32924
32357
32706
32173
32573
32227
32893
32940
32510
32820
32117
32364
32786
32585
32932
32196
32889
32910
32702
32543
32727
32839
32961
33401
32433
32744
32929
32138
32150
32170
32171
32141
32682
32775
32963
32156
32158
32495
32153
32990
32359
32727
33567
33773
32917
32252
32351
32518
33403
32185
32664
32916
32515
32965
32202
32395
32730
32950
32158
32164
32496
32313
32767
32230
32251
32362
32214
33024
32172
32973
33564
32487
32956
32512
33170
32304
33050
32311
32178
32558
32767
33062
33085
32957
33004
32809
32715
32977
32784
32255
32351
33033
32219
32299
32752
32186
32214
32912
32948
32966
32292
32204
32523
32198
32971
32202
32700
33005
32210
32599
32784
32988
32990
33053
32365
32198
33070
33079
33103
32204
32215
32536
32438
32607
33063
33076
32879
32983
32274
33085
32232
32970
32660
33408
33613
32640
32555
32228
33239
33502
33062
33137
33077
33128
33130
33056
33099
33114
32327
33057
32837
32446
32228
33011
32554
33007
33084
32692
33143
32854
33100
32759
32839
32508
32916
32325
32877
33146
32241
32928
32666
33452
33607
33163
33101
32283
33139
32425
32669
33090
33118
32462
32708
33241
33304
33120
32414
32510
32394
32324
32896
32921
33504
33141
33096
33131
33152
34632
33075
33188
33063
33137
32317
32392
33272
33246
32807
33153
32370
33203
32327
33044
33093
33154
33240
33572
32849
32390
33170
32553
33077
33201
33099
33141
33097
32310
33244
33158
33307
32905
32564
33115
33116
32317
32323
33279
32309
32342
32303
32737
32367
32937
32869
32938
33327
33112
32305
33165
32577
32689
33119
33353
32972
32993
32648
33103
33189
32360
32930
33230
33151
33186
32514
33155
32394
32644
33017
32398
32670
33238
32882
32386
32426
33282
32376
32407
32914
33227
33219
33316
32811
33281
33211
32339
33404
32693
32878
33245
33254
33229
32380
33528
32924
32372
33237
32373
33290
33330
33158
33309
32403
33140
32378
33318
32421
33216
33241
33268
33078
33239
33255
32807
32882
33292
32542
33075
33190
32517
32633
32457
33325
33340
32422
32435
32365
32489
32375
33244
33267
32668
32371
32400
32412
32424
32390
32923
33023
32377
32375
32455
33297
32428
32422
32504
33210
33127
32640
33346
33376
32885
33299
32455
32458
33325
33290
33428
32408
33262
32763
32885
33332
33510
33298
32409
32409
32923
33313
32705
32937
32409
32411
33391
33415
32521
32962
33265
33256
32756
33339
32700
32843
33305
32694
32932
33265
33279
33302
32437
32464
32434
32481
32512
33042
32477
32448
32485
33330
32500
33373
32980
32598
32849
32868
33271
33481
33205
33357
32884
33320
33145
32656
33286
32524
33178
33366
33348
32923
33361
33418
33345
33432
33369
33400
32522
33354
32465
33377
32996
32669
32580
33369
33376
32882
32996
33518
33447
32483
32489
32763
33397
33254
33561
32888
33124
33563
33240
33387
32838
33421
32878
33465
32905
33422
32996
33012
33402
32590
33356
32502
32511
32517
32621
32710
33483
32854
33188
32525
33194
32708
32744
32505
32526
32505
32910
33391
33398
32596
32849
33243
33460
33316
33134
32598
33300
33311
32691
33450
32692
33005
33276
33341
33346
32530
32725
32563
32530
33406
32528
32531
33481
33566
32780
33287
32555
32727
32555
32536
32543
32706
32543
32549
33296
33431
32939
32558
32839
32596
32573
33024
33443
33043
33072
33206
33122
32554
33621
32767
32559
32554
32559
32837
32568
32745
32564
33453
32562
32578
32726
33328
32578
32784
33284
33458
32570
33417
32583
33023
32950
33064
33419
32939
33430
32693
32592
33730
33444
32592
33283
33177
33487
33500
32817
33496
33251
33605
33766
32598
32599
32604
32709
33082
33463
32675
32777
33015
32968
33232
33248
33224
32616
32970
33252
33048
32688
32768
33236
32622
32631
32729
32667
32654
32678
32630
33493
32639
32630
33250
33233
32703
33478
32751
32647
32703
32648
32937
33484
33485
33368
32755
33233
32930
33196
33501
33023
33043
33259
33133
33427
33635
32650
33183
32658
32653
32731
33516
33533
32705
33478
32663
32753
33236
32737
32702
33517
32663
32716
32664
32741
32728
33535
32776
32778
33030
33233
32714
33315
32768
32786
33138
33488
32715
33280
33592
33185
32916
33477
32715
33393
33319
33312
32792
32753
32699
33301
33364
33611
33383
33224
32719
32774
32876
33682
33301
33735
32716
32739
33236
32731
32860
32847
33515
33530
32743
32747
33723
33234
33529
33104
32737
32734
32749
32746
33322
32783
32787
32989
32755
32793
33655
33722
32773
32741
32755
32746
32754
32832
33252
32772
32751
33205
33322
32984
33276
33457
33344
33017
33280
32762
32771
32764
33426
32772
32845
33552
32771
33547
33524
32829
32815
33173
33597
33718
32881
32812
33312
32886
32832
33178
33548
33263
33365
33571
32800
32827
33390
32801
33537
32997
33380
33375
32818
33557
32995
33264
33594
32823
32863
32829
33541
33401
33370
33378
32859
32942
33029
32893
32891
33474
32872
32831
33523
33401
33184
33459
33322
33483
33536
33221
33393
32962
33380
33551
33534
33379
33379
32834
32919
33533
33040
33531
33365
33606
33370
32841
32846
33028
33499
33257
33276
32858
32870
32997
33378
33206
33575
33579
33390
33546
33436
33390
33269
33560
32946
33570
33134
33386
33549
33655
32926
33385
33569
32892
32918
33224
33411
33218
33259
33489
33536
32919
33526
33473
32901
33042
33000
33539
33622
33045
32914
33281
33320
32922
33351
33556
33492
33788
32931
33761
33788
32912
32986
33411
33349
33584
33573
33577
33045
33586
33319
33181
33194
33311
33590
33169
33459
32917
32925
33635
33694
32921
33123
33436
33350
32944
32940
32933
32949
33001
33407
32979
33673
33702
32947
32945
33411
32955
33074
33382
33532
33470
32958
33414
33596
32971
32977
33041
33283
33437
33008
32969
33423
33604
33492
33216
33470
32966
32969
32978
32984
32998
33018
33019
32970
32974
33000
32994
33364
32978
32981
32994
33001
33122
33009
33059
33127
32986
33014
33614
33021
32994
32999
33490
33016
33037
33044
33350
33490
33619
33576
33003
33060
33003
33009
33706
33067
33240
33338
33677
33162
33019
33025
33338
33027
33136
33532
33460
33040
33087
33104
33040
33094
33031
33041
33366
33562
33583
33609
33458
33069
33339
33034
33039
33033
33074
33362
33623
33051
33061
33089
33269
33113
33114
33149
33263
33486
33046
33609
33057
33490
33648
33257
33066
33140
33180
33073
33088
33078
33121
33160
33393
33081
33096
33069
33215
33091
33626
33091
33157
33497
33508
33261
33554
33084
33097
33186
33086
33071
33495
33086
33182
33585
33107
33110
33511
33165
33513
33129
33715
33502
33226
33568
33343
33472
33673
33184
33129
33095
33497
33094
33102
33135
33504
33494
33107
33506
33495
33494
33123
33494
33112
33213
33148
33167
33176
33249
33302
33341
33116
33367
33389
33646
33162
33142
33147
33190
33506
33151
33155
33508
33197
33142
33144
33191
33245
33540
33384
33636
33172
33157
33174
33502
33544
33658
33693
33161
33419
33258
33592
33506
33200
33221
33436
33504
33148
33199
33660
33522
33166
33192
33616
33495
33561
33175
33164
33522
33235
33513
33163
33200
33174
33171
33172
33176
33217
33618
33217
33650
33508
33204
33220
33349
33607
33355
33242
33287
33440
33351
33227
33221
33202
33262
33511
33268
33542
33752
33435
33659
33199
33200
33408
33598
33507
33598
33207
33220
33235
33208
33288
33270
33209
33622
33208
33303
33222
33540
33513
33670
34164
33235
33217
33244
33486
33542
33437
33407
33698
33404
34653
33421
33753
33273
33267
33242
33253
33315
33452
33613
33522
33540
33600
33459
33272
33279
33412
33301
33685
33275
33542
33260
33463
33289
33443
33270
33269
33294
33282
33308
33317
33285
33293
33314
33291
33274
33648
33278
33420
33306
33602
33297
33479
33293
33310
33457
33593
33329
33631
33691
33524
33675
33611
33324
33323
33426
33321
33304
33310
33561
33317
33360
33335
33644
33321
33588
33644
33474
33332
33325
33329
33331
33593
33335
33363
33728
33359
33473
33352
33736
33505
33354
33374
33347
33361
33705
33414
33624
33612
33360
33359
33514
33377
33509
33482
33731
33617
33612
33537
33725
33677
33610
33423
33382
33383
33587
33617
33641
33710
33754
33499
33406
33385
33394
33610
33664
33402
33691
33727
33505
33397
33399
33400
33597
33701
33642
33665
33742
33396
33527
33637
33405
33662
33413
33416
33617
33406
34300
33410
33733
33529
33424
33624
33433
33672
33439
33624
33467
33642
33424
33532
33454
33654
33744
33503
33476
33471
33444
33456
33439
33441
33439
33718
34566
33750
33776
33525
33687
33454
33674
33469
33477
33449
33602
33467
33568
33600
33759
33453
33554
33681
33748
33548
33461
33464
33462
33462
33611
33487
33468
33472
33711
33471
33562
33642
33486
33585
33709
33733
33489
33649
33574
33507
33519
33592
33496
33735
33536
33605
33814
33507
33581
33518
33648
33721
33516
33519
33545
33523
33598
33661
33782
33744
33541
33543
33802
33563
33634
33543
33613
33757
33625
33760
33773
33564
33575
33610
33576
33647
33557
33560
33740
33582
33738
33740
33566
33607
33737
33749
33758
33656
33591
33599
33570
33576
33737
33588
33622
33645
33669
33583
33599
33586
33633
33590
33644
33609
33632
33721
33787
33659
33751
33651
33772
33730
33606
33686
33608
33618
33616
33618
33620
33723
33753
33752
33767
33677
33776
33782
33679
33771
33632
33636
33687
33643
33725
33689
33770
33770
33775
33755
33771
33757
33808
33754
33656
33736
33779
33701
33760
33780
33676
33688
33781
33666
33675
33728
33787
33664
33691
33784
33663
33667
33664
33737
33674
33672
33672
33674
33789
33718
33786
33713
33796
33789
33793
33791
33740
33684
33699
33794
33694
33814
33734
33732
33794
33709
33692
33762
33696
33764
33694
33796
33798
33759
33762
33709
33744
33706
33733
33755
33705
33712
33799
33809
33811
33712
33805
33790
33774
33713
33715
33817
33810
33797
33827
33811
33825
33812
33826
33723
33727
33729
33809
33816
33757
33735
33778
33780
33746
33748
33741
33816
33743
33749
33817
33751
33751
33750
33775
33759
33753
33755
33821
33824
33762
33763
33765
33822
33764
33814
33785
33778
33780
33773
33785
33788
33822
34985
33778
33779
33781
33784
33786
33822
33792
34992
33793
34993
33823
33824
33823
33801
33801
33804
33807
33804
33805
33806
33807
33826
33826
33825
33827
33820
33825
35002
33820
33824
33829
33827
33829
34342
34707
34268
34407
34416
34576
34859
33840
33840
33865
33874
34431
33975
33861
34329
34865
33923
33966
34854
33855
33990
34806
34590
34657
33952
34741
34632
34762
33918
34169
34860
33922
33941
34178
34745
33937
33993
34853
33872
33983
34825
34174
34888
33893
33979
35020
33894
33978
33954
34292
34861
34784
33876
33981
34827
33914
34229
34738
33909
33962
33910
33961
34627
34763
34862
34899
33924
33924
33907
34372
34867
33908
34373
34868
33932
33932
34580
33871
34761
34371
34760
34887
33904
33987
34829
34756
33956
34693
33967
34374
33967
34568
34651
34642
33885
34649
34648
34600
34650
34647
34646
34641
34645
34640
34657
34165
34808
33936
34785
34261
34177
34178
34751
35006
34179
34750
34177
34752
34912
34736
34741
34583
34627
34185
34186
35028
34264
34737
34206
34419
34212
34621
34765
34622
34764
34876
34236
34236
34847
34349
34693
34183
34892
34246
34571
34188
34901
34428
34780
34306
35010
34307
34308
34614
34883
34425
34782
33945
34400
34320
34630
34321
34375
34321
34631
34322
34811
34323
34636
34324
34635
34168
34688
34370
34674
34309
34741
34415
34887
34424
34783
34379
34699
34267
34402
34407
34382
34382
34387
34721
34412
34343
34367
34628
34393
35017
34394
34397
34747
34397
34398
34744
34590
34779
34399
34746
34232
34401
34755
34401
34220
34655
34221
34656
34403
34404
34738
34880
34409
34828
34409
34410
34826
34259
34302
34413
34767
34414
34414
34304
33994
34897
34225
34660
34226
34661
34421
34776
34320
34788
34423
34712
34323
34789
34425
34426
34427
34787
34308
34787
34406
34428
34429
34370
34805
34435
34436
34437
34439
34439
34788
34440
34789
34441
34442
34444
34805
34002
34885
34873
34446
34387
34810
34453
34448
34566
34454
34449
34455
34448
34451
34450
34463
34450
34454
34458
34461
34470
34459
34460
34456
34460
34462
34459
34477
34475
34474
34497
34478
34477
34473
34473
34468
34474
34492
34535
34466
34479
34470
34483
34478
34472
34475
34476
34469
34488
34469
34471
34484
34486
34483
34482
34490
34506
34494
34504
34476
34486
34484
34499
34490
34493
34504
34492
34500
34512
34481
34505
34503
34487
34519
34496
34506
34513
34517
34501
34508
34509
34525
34513
34502
34510
34522
34503
34522
34529
34508
34518
34523
34528
34532
34517
34511
34518
34509
34520
34521
34516
34524
34520
34512
34516
34529
34514
34523
34453
34531
34539
34527
34539
34533
34530
34528
34541
34540
34534
34530
34536
34534
34536
34491
34531
34537
34533
34532
34537
34543
34541
34535
34525
34542
34547
34551
34545
34519
34548
34549
34549
34554
34552
34550
34552
34553
34555
34557
34555
34557
34556
34556
34558
34559
34559
34560
34563
34561
34565
34554
34564
34564
34538
34480
34540
34566
34886
34567
34809
34569
34810
34317
34831
34709
34577
34578
35013
34579
34753
34579
34254
34326
34675
34330
34333
34346
34585
34585
34758
34588
34785
34588
34589
34589
34252
34592
34629
34638
34426
34608
34610
34611
34615
34616
34266
34609
34618
34294
34348
34318
34396
34392
34621
34622
34420
34758
34877
34625
34402
34625
34626
34626
34632
34633
34405
34903
34904
34637
34638
34653
34905
34906
34655
34783
34656
34782
34880
34660
34780
34661
34779
34811
34664
34248
34670
34672
34673
34676
34677
34251
34679
34680
34317
34681
34681
34327
34587
34885
34682
34682
34683
34683
34685
34685
34686
34687
34689
34690
34690
34808
34694
34695
34695
34697
34701
34701
34702
34703
34704
34705
34706
34706
34708
34710
34711
34711
34713
34713
34714
34714
34715
34716
34717
34316
34718
34719
34720
34722
34765
34723
34764
34657
34725
34763
34726
34727
34728
34762
34729
34730
34731
34732
34732
34733
34734
34734
34736
34395
34740
34576
34748
34748
34776
34749
34383
34735
34894
34612
34766
34766
34753
34623
34828
34583
34768
34768
34769
34769
34335
34751
35007
34771
34337
34752
34913
34770
34339
34772
34915
35009
34341
34773
34750
34772
34774
34774
34866
34778
34778
34781
34786
34385
34384
34598
34794
34606
34791
34605
34792
34607
34790
34595
34793
34596
34799
34597
34797
34600
34796
34601
34795
34599
34798
34593
34800
34594
34801
34602
34802
34603
34803
34604
34804
34392
34848
34830
34586
34715
34612
34712
34408
34744
34445
34907
34873
34724
34894
34662
34686
34663
34687
34767
34442
34746
34742
34709
34754
34654
34851
34441
34755
34431
34895
34584
34628
34721
34620
34747
34444
34665
34718
34849
34850
34757
34866
34480
34481
34452
34452
34835
34457
34458
34833
34467
34465
34466
34472
34471
34468
34485
34485
34489
34489
34834
34832
34507
34497
34499
34498
34500
34836
34837
34507
34515
34515
34839
34838
34526
34527
34840
34544
34544
34546
34547
34841
34844
34845
34842
34843
34846
34562
34563
34570
34654
34675
34688
34699
34696
34684
34710
34666
34729
34624
34658
34880
34667
34733
34698
34702
34659
34692
35087
34639
34873
35043
34700
34708
34833
34835
34832
34834
34836
34840
34837
34839
34838
34844
34845
34846
34841
34842
34843
34864
34705
34707
34674
34737
34668
34740
34743
34886
34634
34907
34852
34636
34756
34635
34757
34760
34761
34644
34644
34816
34669
34830
35032
34902
34807
34846
34743
34784
34724
34735
35091
34855
34877
34883
34759
34872
34894
34859
35024
34826
35088
34876
35041
34874
35099
34856
34872
34808
34878
34870
34881
34879
34869
34870
34871
34888
34882
34884
34857
34858
34892
34786
34858
34857
34910
34911
34908
34909
34889
34871
34870
34869
34890
34893
34891
34906
34905
34904
34903
34856
34901
34898
34897
34896
34807
34895
34895
34824
34891
34890
34872
34816
34817
34896
34882
34897
34900
34898
34893
34875
34877
34889
34884
34881
34878
34874
34903
34904
34859
34905
34906
34910
34876
34911
34909
34908
34883
34886
34888
34901
34902
34907
34913
34915
34917
34919
34919
34921
34921
34923
34925
34927
34927
34929
34931
34933
34933
34935
34937
34937
34939
34941
34943
34945
34945
34947
34949
34949
34951
34953
34953
34955
34957
34959
34959
34961
34963
34965
34965
34967
34969
34971
34971
34973
34975
34977
34979
34979
34981
34983
34985
34985
34987
34989
34991
34991
34993
34995
34995
34997
34999
35001
35003
35003
35005
35005
35007
35009
35011
35013
35013
35015
35015
35017
35019
35021
35021
35023
35025
35027
35027
35029
35031
35031
35033
35035
35037
35039
35039
35041
35043
35043
35045
35047
35047
35049
35051
35053
35053
35055
35057
35059
35059
35061
35063
35065
35065
35067
35069
35071
35073
35073
35075
35077
35079
35079
35081
35083
35085
35085
35087
35089
35089
35091
35093
35095
35097
35097
35099
35099
)


// ************************************************************************* //
