$MeshFormat
2.2 0 8
$EndMeshFormat
$PhysicalNames
7
2 1 "xMaxSource"
2 2 "xMinSource"
2 3 "yMaxSource"
2 4 "yMinSource"
2 5 "zMaxSource"
2 6 "zMinSource"
3 7 "fluid"
$EndPhysicalNames
$Nodes
882
1 0 0 0
2 1 0 0
3 1 1 0
4 0 1 0
5 0 0 0.1
6 1 0 0.1
7 1 1 0.1
8 0 1 0.1
9 0.04999999999989938 0 0
10 0.09999999999981413 0 0
11 0.1499999999997028 0 0
12 0.1999999999995569 0 0
13 0.2499999999994109 0 0
14 0.299999999999265 0 0
15 0.3499999999991191 0 0
16 0.3999999999989731 0 0
17 0.4499999999988272 0 0
18 0.4999999999986921 0 0
19 0.5499999999988131 0 0
20 0.599999999998945 0 0
21 0.6499999999990769 0 0
22 0.6999999999992088 0 0
23 0.7499999999993406 0 0
24 0.7999999999994725 0 0
25 0.8499999999996044 0 0
26 0.8999999999997362 0 0
27 0.9499999999998682 0 0
28 1 0.04999999999989938 0
29 1 0.09999999999981413 0
30 1 0.1499999999997028 0
31 1 0.1999999999995569 0
32 1 0.2499999999994109 0
33 1 0.299999999999265 0
34 1 0.3499999999991191 0
35 1 0.3999999999989731 0
36 1 0.4499999999988272 0
37 1 0.4999999999986921 0
38 1 0.5499999999988131 0
39 1 0.599999999998945 0
40 1 0.6499999999990769 0
41 1 0.6999999999992088 0
42 1 0.7499999999993406 0
43 1 0.7999999999994725 0
44 1 0.8499999999996044 0
45 1 0.8999999999997362 0
46 1 0.9499999999998682 0
47 0.9499999999997918 1 0
48 0.8999999999995836 1 0
49 0.849999999999653 1 0
50 0.8 1 0
51 0.7500000000003471 1 0
52 0.7000000000006938 1 0
53 0.6500000000010406 1 0
54 0.6000000000013874 1 0
55 0.5500000000017343 1 0
56 0.5000000000020595 1 0
57 0.450000000001873 1 0
58 0.400000000001665 1 0
59 0.3500000000014568 1 0
60 0.3000000000012487 1 0
61 0.2500000000010406 1 0
62 0.2000000000008325 1 0
63 0.1500000000006244 1 0
64 0.1000000000004162 1 0
65 0.0500000000002081 1 0
66 0 0.9499999999997918 0
67 0 0.8999999999995836 0
68 0 0.849999999999653 0
69 0 0.8 0
70 0 0.7500000000003471 0
71 0 0.7000000000006938 0
72 0 0.6500000000010406 0
73 0 0.6000000000013874 0
74 0 0.5500000000017343 0
75 0 0.5000000000020595 0
76 0 0.450000000001873 0
77 0 0.400000000001665 0
78 0 0.3500000000014568 0
79 0 0.3000000000012487 0
80 0 0.2500000000010406 0
81 0 0.2000000000008325 0
82 0 0.1500000000006244 0
83 0 0.1000000000004162 0
84 0 0.0500000000002081 0
85 0.04999999999989938 0 0.1
86 0.09999999999981413 0 0.1
87 0.1499999999997028 0 0.1
88 0.1999999999995569 0 0.1
89 0.2499999999994109 0 0.1
90 0.299999999999265 0 0.1
91 0.3499999999991191 0 0.1
92 0.3999999999989731 0 0.1
93 0.4499999999988272 0 0.1
94 0.4999999999986921 0 0.1
95 0.5499999999988131 0 0.1
96 0.599999999998945 0 0.1
97 0.6499999999990769 0 0.1
98 0.6999999999992088 0 0.1
99 0.7499999999993406 0 0.1
100 0.7999999999994725 0 0.1
101 0.8499999999996044 0 0.1
102 0.8999999999997362 0 0.1
103 0.9499999999998682 0 0.1
104 1 0.04999999999989938 0.1
105 1 0.09999999999981413 0.1
106 1 0.1499999999997028 0.1
107 1 0.1999999999995569 0.1
108 1 0.2499999999994109 0.1
109 1 0.299999999999265 0.1
110 1 0.3499999999991191 0.1
111 1 0.3999999999989731 0.1
112 1 0.4499999999988272 0.1
113 1 0.4999999999986921 0.1
114 1 0.5499999999988131 0.1
115 1 0.599999999998945 0.1
116 1 0.6499999999990769 0.1
117 1 0.6999999999992088 0.1
118 1 0.7499999999993406 0.1
119 1 0.7999999999994725 0.1
120 1 0.8499999999996044 0.1
121 1 0.8999999999997362 0.1
122 1 0.9499999999998682 0.1
123 0.9499999999997918 1 0.1
124 0.8999999999995836 1 0.1
125 0.849999999999653 1 0.1
126 0.8 1 0.1
127 0.7500000000003471 1 0.1
128 0.7000000000006938 1 0.1
129 0.6500000000010406 1 0.1
130 0.6000000000013874 1 0.1
131 0.5500000000017343 1 0.1
132 0.5000000000020595 1 0.1
133 0.450000000001873 1 0.1
134 0.400000000001665 1 0.1
135 0.3500000000014568 1 0.1
136 0.3000000000012487 1 0.1
137 0.2500000000010406 1 0.1
138 0.2000000000008325 1 0.1
139 0.1500000000006244 1 0.1
140 0.1000000000004162 1 0.1
141 0.0500000000002081 1 0.1
142 0 0.9499999999997918 0.1
143 0 0.8999999999995836 0.1
144 0 0.849999999999653 0.1
145 0 0.8 0.1
146 0 0.7500000000003471 0.1
147 0 0.7000000000006938 0.1
148 0 0.6500000000010406 0.1
149 0 0.6000000000013874 0.1
150 0 0.5500000000017343 0.1
151 0 0.5000000000020595 0.1
152 0 0.450000000001873 0.1
153 0 0.400000000001665 0.1
154 0 0.3500000000014568 0.1
155 0 0.3000000000012487 0.1
156 0 0.2500000000010406 0.1
157 0 0.2000000000008325 0.1
158 0 0.1500000000006244 0.1
159 0 0.1000000000004162 0.1
160 0 0.0500000000002081 0.1
161 0.04999999999991481 0.05000000000019265 0
162 0.04999999999993025 0.1000000000003861 0
163 0.04999999999994568 0.1500000000005783 0
164 0.04999999999996113 0.2000000000007687 0
165 0.04999999999997657 0.2500000000009591 0
166 0.049999999999992 0.3000000000011495 0
167 0.05000000000000744 0.3500000000013399 0
168 0.05000000000002287 0.4000000000015305 0
169 0.05000000000003831 0.4500000000017206 0
170 0.05000000000005374 0.5000000000018909 0
171 0.05000000000006917 0.5500000000015881 0
172 0.05000000000008462 0.6000000000012653 0
173 0.05000000000010003 0.6500000000009426 0
174 0.05000000000011548 0.7000000000006197 0
175 0.05000000000013093 0.7500000000002967 0
176 0.05000000000014636 0.7999999999999736 0
177 0.05000000000016179 0.8499999999996506 0
178 0.05000000000017722 0.8999999999995911 0
179 0.05000000000019265 0.9499999999997956 0
180 0.09999999999984421 0.05000000000017722 0
181 0.09999999999987436 0.100000000000356 0
182 0.09999999999990443 0.1500000000005323 0
183 0.09999999999993453 0.2000000000007049 0
184 0.09999999999996464 0.2500000000008777 0
185 0.09999999999999473 0.3000000000010504 0
186 0.1000000000000248 0.3500000000012231 0
187 0.100000000000055 0.4000000000013959 0
188 0.1000000000000851 0.4500000000015684 0
189 0.1000000000001152 0.5000000000017226 0
190 0.1000000000001453 0.5500000000014422 0
191 0.1000000000001754 0.6000000000011431 0
192 0.1000000000002055 0.6500000000008442 0
193 0.1000000000002356 0.7000000000005454 0
194 0.1000000000002657 0.7500000000002464 0
195 0.1000000000002958 0.7999999999999471 0
196 0.1000000000003259 0.8499999999996481 0
197 0.100000000000356 0.8999999999995988 0
198 0.1000000000003861 0.9499999999997993 0
199 0.1499999999997489 0.05000000000016178 0
200 0.149999999999795 0.1000000000003259 0
201 0.1499999999998411 0.1500000000004862 0
202 0.1499999999998871 0.2000000000006412 0
203 0.1499999999999332 0.2500000000007961 0
204 0.1499999999999793 0.3000000000009512 0
205 0.1500000000000254 0.3500000000011061 0
206 0.1500000000000715 0.4000000000012613 0
207 0.1500000000001175 0.4500000000014162 0
208 0.1500000000001636 0.5000000000015543 0
209 0.1500000000002097 0.5500000000012961 0
210 0.1500000000002558 0.600000000001021 0
211 0.1500000000003019 0.6500000000007462 0
212 0.150000000000348 0.7000000000004711 0
213 0.150000000000394 0.7500000000001961 0
214 0.1500000000004401 0.7999999999999209 0
215 0.1500000000004862 0.8499999999996457 0
216 0.1500000000005323 0.8999999999996066 0
217 0.1500000000005783 0.9499999999998031 0
218 0.1999999999996206 0.05000000000014636 0
219 0.1999999999996844 0.1000000000002958 0
220 0.1999999999997483 0.1500000000004401 0
221 0.199999999999812 0.2000000000005774 0
222 0.1999999999998758 0.2500000000007147 0
223 0.1999999999999396 0.3000000000008519 0
224 0.2000000000000033 0.3500000000009892 0
225 0.2000000000000672 0.4000000000011267 0
226 0.2000000000001309 0.4500000000012639 0
227 0.2000000000001947 0.500000000001386 0
228 0.2000000000002585 0.55000000000115 0
229 0.2000000000003223 0.6000000000008989 0
230 0.2000000000003861 0.6500000000006481 0
231 0.2000000000004498 0.7000000000003967 0
232 0.2000000000005136 0.7500000000001459 0
233 0.2000000000005774 0.7999999999998944 0
234 0.2000000000006412 0.8499999999996432 0
235 0.2000000000007049 0.8999999999996142 0
236 0.2000000000007687 0.949999999999807 0
237 0.2499999999994924 0.05000000000013093 0
238 0.2499999999995739 0.1000000000002657 0
239 0.2499999999996554 0.150000000000394 0
240 0.2499999999997369 0.2000000000005136 0
241 0.2499999999998185 0.2500000000006332 0
242 0.2499999999998999 0.3000000000007528 0
243 0.2499999999999814 0.3500000000008724 0
244 0.2500000000000628 0.400000000000992 0
245 0.2500000000001443 0.4500000000011116 0
246 0.2500000000002258 0.5000000000012177 0
247 0.2500000000003073 0.5500000000010041 0
248 0.2500000000003887 0.6000000000007768 0
249 0.2500000000004702 0.6500000000005497 0
250 0.2500000000005517 0.7000000000003226 0
251 0.2500000000006332 0.7500000000000953 0
252 0.2500000000007147 0.7999999999998683 0
253 0.2500000000007962 0.849999999999641 0
254 0.2500000000008777 0.8999999999996218 0
255 0.2500000000009591 0.9499999999998108 0
256 0.2999999999993642 0.05000000000011548 0
257 0.2999999999994634 0.1000000000002356 0
258 0.2999999999995626 0.1500000000003479 0
259 0.2999999999996618 0.2000000000004498 0
260 0.2999999999997609 0.2500000000005516 0
261 0.29999999999986 0.3000000000006536 0
262 0.2999999999999593 0.3500000000007554 0
263 0.3000000000000586 0.4000000000008574 0
264 0.3000000000001577 0.4500000000009592 0
265 0.3000000000002568 0.5000000000010494 0
266 0.3000000000003561 0.550000000000858 0
267 0.3000000000004552 0.6000000000006547 0
268 0.3000000000005544 0.6500000000004515 0
269 0.3000000000006536 0.7000000000002484 0
270 0.3000000000007528 0.7500000000000451 0
271 0.3000000000008519 0.7999999999998417 0
272 0.3000000000009512 0.8499999999996383 0
273 0.3000000000010503 0.8999999999996293 0
274 0.3000000000011495 0.9499999999998145 0
275 0.349999999999236 0.05000000000010005 0
276 0.3499999999993529 0.1000000000002055 0
277 0.3499999999994697 0.1500000000003018 0
278 0.3499999999995866 0.2000000000003861 0
279 0.3499999999997035 0.2500000000004702 0
280 0.3499999999998204 0.3000000000005544 0
281 0.3499999999999373 0.3500000000006386 0
282 0.3500000000000542 0.4000000000007228 0
283 0.3500000000001712 0.4500000000008069 0
284 0.3500000000002879 0.5000000000008809 0
285 0.3500000000004048 0.5500000000007119 0
286 0.3500000000005217 0.6000000000005326 0
287 0.3500000000006386 0.6500000000003534 0
288 0.3500000000007555 0.700000000000174 0
289 0.3500000000008724 0.7499999999999949 0
290 0.3500000000009892 0.7999999999998155 0
291 0.3500000000011061 0.849999999999636 0
292 0.3500000000012231 0.8999999999996371 0
293 0.35000000000134 0.9499999999998184 0
294 0.3999999999991077 0.05000000000008462 0
295 0.3999999999992422 0.1000000000001754 0
296 0.3999999999993769 0.1500000000002558 0
297 0.3999999999995115 0.2000000000003223 0
298 0.3999999999996461 0.2500000000003887 0
299 0.3999999999997807 0.3000000000004552 0
300 0.3999999999999154 0.3500000000005217 0
301 0.4000000000000499 0.4000000000005882 0
302 0.4000000000001844 0.4500000000006548 0
303 0.4000000000003192 0.5000000000007125 0
304 0.4000000000004537 0.5500000000005658 0
305 0.4000000000005883 0.6000000000004104 0
306 0.4000000000007228 0.650000000000255 0
307 0.4000000000008574 0.7000000000000999 0
308 0.4000000000009921 0.7499999999999445 0
309 0.4000000000011266 0.7999999999997891 0
310 0.4000000000012613 0.8499999999996338 0
311 0.4000000000013959 0.8999999999996446 0
312 0.4000000000015304 0.9499999999998224 0
313 0.4499999999989795 0.05000000000006917 0
314 0.4499999999991318 0.1000000000001453 0
315 0.449999999999284 0.1500000000002097 0
316 0.4499999999994362 0.2000000000002585 0
317 0.4499999999995886 0.2500000000003073 0
318 0.4499999999997409 0.3000000000003561 0
319 0.4499999999998932 0.3500000000004049 0
320 0.4500000000000455 0.4000000000004538 0
321 0.4500000000001979 0.4500000000005023 0
322 0.4500000000003501 0.500000000000544 0
323 0.4500000000005024 0.5500000000004197 0
324 0.4500000000006547 0.6000000000002883 0
325 0.4500000000008069 0.6500000000001569 0
326 0.4500000000009592 0.7000000000000255 0
327 0.4500000000011116 0.7499999999998941 0
328 0.4500000000012639 0.7999999999997627 0
329 0.4500000000014162 0.8499999999996313 0
330 0.4500000000015684 0.8999999999996522 0
331 0.4500000000017207 0.9499999999998261 0
332 0.4999999999988605 0.05000000000005374 0
333 0.4999999999990289 0.1000000000001152 0
334 0.4999999999991973 0.1500000000001636 0
335 0.4999999999993656 0.2000000000001947 0
336 0.4999999999995339 0.2500000000002258 0
337 0.4999999999997022 0.3000000000002568 0
338 0.4999999999998705 0.350000000000288 0
339 0.5000000000000391 0.4000000000003192 0
340 0.5000000000002074 0.4500000000003502 0
341 0.5000000000003757 0.5000000000003757 0
342 0.5000000000005442 0.5500000000002736 0
343 0.5000000000007125 0.6000000000001662 0
344 0.5000000000008809 0.6500000000000588 0
345 0.5000000000010494 0.6999999999999513 0
346 0.5000000000012177 0.7499999999998439 0
347 0.500000000001386 0.7999999999997363 0
348 0.5000000000015543 0.8499999999996287 0
349 0.5000000000017226 0.89999999999966 0
350 0.5000000000018912 0.9499999999998301 0
351 0.5499999999989591 0.05000000000003831 0
352 0.5499999999991054 0.1000000000000851 0
353 0.5499999999992513 0.1500000000001175 0
354 0.5499999999993974 0.2000000000001309 0
355 0.5499999999995433 0.2500000000001443 0
356 0.5499999999996894 0.3000000000001577 0
357 0.5499999999998355 0.350000000000171 0
358 0.5499999999999816 0.4000000000001845 0
359 0.5500000000001277 0.4500000000001979 0
360 0.5500000000002736 0.5000000000002074 0
361 0.5500000000004197 0.5500000000001275 0
362 0.5500000000005658 0.6000000000000441 0
363 0.5500000000007119 0.6499999999999606 0
364 0.550000000000858 0.6999999999998772 0
365 0.5500000000010041 0.7499999999997935 0
366 0.5500000000011502 0.7999999999997098 0
367 0.5500000000012961 0.8499999999996263 0
368 0.5500000000014422 0.8999999999996675 0
369 0.5500000000015881 0.9499999999998336 0
370 0.5999999999990671 0.05000000000002287 0
371 0.5999999999991893 0.100000000000055 0
372 0.5999999999993113 0.1500000000000715 0
373 0.5999999999994334 0.2000000000000671 0
374 0.5999999999995556 0.2500000000000629 0
375 0.5999999999996777 0.3000000000000586 0
376 0.5999999999998 0.3500000000000542 0
377 0.5999999999999219 0.4000000000000498 0
378 0.6000000000000441 0.4500000000000455 0
379 0.6000000000001662 0.5000000000000391 0
380 0.6000000000002883 0.5499999999999816 0
381 0.6000000000004104 0.5999999999999219 0
382 0.6000000000005326 0.6499999999998625 0
383 0.6000000000006547 0.6999999999998028 0
384 0.6000000000007768 0.7499999999997431 0
385 0.6000000000008989 0.7999999999996834 0
386 0.600000000001021 0.8499999999996237 0
387 0.6000000000011432 0.8999999999996751 0
388 0.6000000000012653 0.9499999999998376 0
389 0.6499999999991753 0.05000000000000744 0
390 0.649999999999273 0.1000000000000248 0
391 0.6499999999993715 0.1500000000000254 0
392 0.6499999999994697 0.2000000000000033 0
393 0.6499999999995678 0.2499999999999813 0
394 0.6499999999996662 0.2999999999999593 0
395 0.6499999999997641 0.3499999999999372 0
396 0.6499999999998625 0.3999999999999153 0
397 0.6499999999999606 0.4499999999998932 0
398 0.6500000000000588 0.4999999999998708 0
399 0.6500000000001569 0.5499999999998355 0
400 0.650000000000255 0.5999999999997998 0
401 0.6500000000003534 0.6499999999997643 0
402 0.6500000000004515 0.6999999999997286 0
403 0.6500000000005497 0.7499999999996929 0
404 0.6500000000006478 0.7999999999996572 0
405 0.6500000000007462 0.8499999999996214 0
406 0.6500000000008443 0.8999999999996828 0
407 0.6500000000009425 0.9499999999998414 0
408 0.6999999999992832 0.049999999999992 0
409 0.699999999999357 0.09999999999999476 0
410 0.6999999999994317 0.1499999999999793 0
411 0.6999999999995059 0.1999999999999396 0
412 0.6999999999995801 0.2499999999998999 0
413 0.6999999999996542 0.2999999999998602 0
414 0.6999999999997286 0.3499999999998204 0
415 0.699999999999803 0.3999999999997807 0
416 0.6999999999998772 0.4499999999997408 0
417 0.6999999999999513 0.4999999999997022 0
418 0.7000000000000255 0.5499999999996896 0
419 0.7000000000000999 0.5999999999996777 0
420 0.700000000000174 0.649999999999666 0
421 0.7000000000002484 0.6999999999996542 0
422 0.7000000000003226 0.7499999999996427 0
423 0.7000000000003967 0.7999999999996308 0
424 0.7000000000004709 0.8499999999996188 0
425 0.7000000000005455 0.8999999999996904 0
426 0.7000000000006197 0.9499999999998452 0
427 0.7499999999993907 0.04999999999997656 0
428 0.749999999999441 0.09999999999996464 0
429 0.7499999999994917 0.1499999999999332 0
430 0.7499999999995421 0.1999999999998758 0
431 0.7499999999995921 0.2499999999998184 0
432 0.7499999999996425 0.2999999999997609 0
433 0.7499999999996929 0.3499999999997035 0
434 0.7499999999997433 0.3999999999996461 0
435 0.7499999999997935 0.4499999999995886 0
436 0.7499999999998439 0.4999999999995339 0
437 0.7499999999998941 0.5499999999995435 0
438 0.7499999999999445 0.5999999999995556 0
439 0.7499999999999947 0.6499999999995678 0
440 0.7500000000000451 0.6999999999995801 0
441 0.7500000000000955 0.7499999999995921 0
442 0.7500000000001459 0.7999999999996044 0
443 0.7500000000001961 0.8499999999996165 0
444 0.7500000000002465 0.8999999999996982 0
445 0.7500000000002969 0.9499999999998492 0
446 0.7999999999994987 0.04999999999996112 0
447 0.7999999999995252 0.09999999999993453 0
448 0.7999999999995516 0.1499999999998872 0
449 0.7999999999995779 0.199999999999812 0
450 0.7999999999996045 0.2499999999997369 0
451 0.7999999999996306 0.2999999999996618 0
452 0.7999999999996572 0.3499999999995866 0
453 0.7999999999996834 0.3999999999995116 0
454 0.7999999999997098 0.4499999999994364 0
455 0.7999999999997363 0.4999999999993656 0
456 0.7999999999997627 0.5499999999993974 0
457 0.7999999999997891 0.5999999999994334 0
458 0.7999999999998153 0.6499999999994697 0
459 0.7999999999998419 0.6999999999995059 0
460 0.7999999999998681 0.7499999999995419 0
461 0.7999999999998946 0.7999999999995779 0
462 0.799999999999921 0.8499999999996143 0
463 0.7999999999999472 0.8999999999997057 0
464 0.7999999999999736 0.9499999999998527 0
465 0.8499999999996068 0.04999999999994569 0
466 0.8499999999996093 0.09999999999990444 0
467 0.8499999999996115 0.1499999999998411 0
468 0.8499999999996141 0.1999999999997482 0
469 0.8499999999996166 0.2499999999996554 0
470 0.8499999999996189 0.2999999999995625 0
471 0.8499999999996214 0.3499999999994698 0
472 0.8499999999996238 0.3999999999993769 0
473 0.8499999999996264 0.449999999999284 0
474 0.8499999999996287 0.4999999999991972 0
475 0.8499999999996312 0.5499999999992513 0
476 0.8499999999996333 0.5999999999993113 0
477 0.849999999999636 0.6499999999993713 0
478 0.8499999999996384 0.6999999999994315 0
479 0.8499999999996409 0.7499999999994917 0
480 0.8499999999996432 0.7999999999995515 0
481 0.8499999999996457 0.8499999999996115 0
482 0.849999999999648 0.8999999999997133 0
483 0.8499999999996507 0.9499999999998567 0
484 0.8999999999997284 0.04999999999993025 0
485 0.8999999999997209 0.09999999999987436 0
486 0.8999999999997134 0.149999999999795 0
487 0.8999999999997055 0.1999999999996844 0
488 0.8999999999996982 0.2499999999995739 0
489 0.8999999999996904 0.2999999999994635 0
490 0.8999999999996828 0.3499999999993529 0
491 0.8999999999996751 0.3999999999992422 0
492 0.8999999999996675 0.4499999999991318 0
493 0.89999999999966 0.4999999999990288 0
494 0.8999999999996522 0.5499999999991052 0
495 0.8999999999996446 0.5999999999991892 0
496 0.8999999999996369 0.6499999999992732 0
497 0.8999999999996293 0.6999999999993571 0
498 0.8999999999996218 0.7499999999994411 0
499 0.8999999999996142 0.7999999999995253 0
500 0.8999999999996067 0.8499999999996094 0
501 0.8999999999995987 0.899999999999721 0
502 0.8999999999995911 0.9499999999998605 0
503 0.9499999999998644 0.04999999999991482 0
504 0.9499999999998606 0.09999999999984424 0
505 0.9499999999998566 0.1499999999997489 0
506 0.949999999999853 0.1999999999996207 0
507 0.949999999999849 0.2499999999994925 0
508 0.9499999999998454 0.2999999999993642 0
509 0.9499999999998415 0.349999999999236 0
510 0.9499999999998375 0.3999999999991077 0
511 0.9499999999998339 0.4499999999989795 0
512 0.9499999999998299 0.4999999999988605 0
513 0.9499999999998261 0.5499999999989591 0
514 0.9499999999998223 0.5999999999990671 0
515 0.9499999999998185 0.649999999999175 0
516 0.9499999999998148 0.699999999999283 0
517 0.949999999999811 0.7499999999993909 0
518 0.949999999999807 0.7999999999994989 0
519 0.9499999999998032 0.8499999999996067 0
520 0.9499999999997994 0.8999999999997286 0
521 0.9499999999997957 0.9499999999998643 0
522 0.04999999999991481 0.05000000000019265 0.1
523 0.04999999999993025 0.1000000000003861 0.1
524 0.04999999999994568 0.1500000000005783 0.1
525 0.04999999999996113 0.2000000000007687 0.1
526 0.04999999999997657 0.2500000000009591 0.1
527 0.049999999999992 0.3000000000011495 0.1
528 0.05000000000000744 0.3500000000013399 0.1
529 0.05000000000002287 0.4000000000015305 0.1
530 0.05000000000003831 0.4500000000017206 0.1
531 0.05000000000005374 0.5000000000018909 0.1
532 0.05000000000006917 0.5500000000015881 0.1
533 0.05000000000008462 0.6000000000012653 0.1
534 0.05000000000010003 0.6500000000009426 0.1
535 0.05000000000011548 0.7000000000006197 0.1
536 0.05000000000013093 0.7500000000002967 0.1
537 0.05000000000014636 0.7999999999999736 0.1
538 0.05000000000016179 0.8499999999996506 0.1
539 0.05000000000017722 0.8999999999995911 0.1
540 0.05000000000019265 0.9499999999997956 0.1
541 0.09999999999984421 0.05000000000017722 0.1
542 0.09999999999987436 0.100000000000356 0.1
543 0.09999999999990443 0.1500000000005323 0.1
544 0.09999999999993453 0.2000000000007049 0.1
545 0.09999999999996464 0.2500000000008777 0.1
546 0.09999999999999473 0.3000000000010504 0.1
547 0.1000000000000248 0.3500000000012231 0.1
548 0.100000000000055 0.4000000000013959 0.1
549 0.1000000000000851 0.4500000000015684 0.1
550 0.1000000000001152 0.5000000000017226 0.1
551 0.1000000000001453 0.5500000000014422 0.1
552 0.1000000000001754 0.6000000000011431 0.1
553 0.1000000000002055 0.6500000000008442 0.1
554 0.1000000000002356 0.7000000000005454 0.1
555 0.1000000000002657 0.7500000000002464 0.1
556 0.1000000000002958 0.7999999999999471 0.1
557 0.1000000000003259 0.8499999999996481 0.1
558 0.100000000000356 0.8999999999995988 0.1
559 0.1000000000003861 0.9499999999997993 0.1
560 0.1499999999997489 0.05000000000016178 0.1
561 0.149999999999795 0.1000000000003259 0.1
562 0.1499999999998411 0.1500000000004862 0.1
563 0.1499999999998871 0.2000000000006412 0.1
564 0.1499999999999332 0.2500000000007961 0.1
565 0.1499999999999793 0.3000000000009512 0.1
566 0.1500000000000254 0.3500000000011061 0.1
567 0.1500000000000715 0.4000000000012613 0.1
568 0.1500000000001175 0.4500000000014162 0.1
569 0.1500000000001636 0.5000000000015543 0.1
570 0.1500000000002097 0.5500000000012961 0.1
571 0.1500000000002558 0.600000000001021 0.1
572 0.1500000000003019 0.6500000000007462 0.1
573 0.150000000000348 0.7000000000004711 0.1
574 0.150000000000394 0.7500000000001961 0.1
575 0.1500000000004401 0.7999999999999209 0.1
576 0.1500000000004862 0.8499999999996457 0.1
577 0.1500000000005323 0.8999999999996066 0.1
578 0.1500000000005783 0.9499999999998031 0.1
579 0.1999999999996206 0.05000000000014636 0.1
580 0.1999999999996844 0.1000000000002958 0.1
581 0.1999999999997483 0.1500000000004401 0.1
582 0.199999999999812 0.2000000000005774 0.1
583 0.1999999999998758 0.2500000000007147 0.1
584 0.1999999999999396 0.3000000000008519 0.1
585 0.2000000000000033 0.3500000000009892 0.1
586 0.2000000000000672 0.4000000000011267 0.1
587 0.2000000000001309 0.4500000000012639 0.1
588 0.2000000000001947 0.500000000001386 0.1
589 0.2000000000002585 0.55000000000115 0.1
590 0.2000000000003223 0.6000000000008989 0.1
591 0.2000000000003861 0.6500000000006481 0.1
592 0.2000000000004498 0.7000000000003967 0.1
593 0.2000000000005136 0.7500000000001459 0.1
594 0.2000000000005774 0.7999999999998944 0.1
595 0.2000000000006412 0.8499999999996432 0.1
596 0.2000000000007049 0.8999999999996142 0.1
597 0.2000000000007687 0.949999999999807 0.1
598 0.2499999999994924 0.05000000000013093 0.1
599 0.2499999999995739 0.1000000000002657 0.1
600 0.2499999999996554 0.150000000000394 0.1
601 0.2499999999997369 0.2000000000005136 0.1
602 0.2499999999998185 0.2500000000006332 0.1
603 0.2499999999998999 0.3000000000007528 0.1
604 0.2499999999999814 0.3500000000008724 0.1
605 0.2500000000000628 0.400000000000992 0.1
606 0.2500000000001443 0.4500000000011116 0.1
607 0.2500000000002258 0.5000000000012177 0.1
608 0.2500000000003073 0.5500000000010041 0.1
609 0.2500000000003887 0.6000000000007768 0.1
610 0.2500000000004702 0.6500000000005497 0.1
611 0.2500000000005517 0.7000000000003226 0.1
612 0.2500000000006332 0.7500000000000953 0.1
613 0.2500000000007147 0.7999999999998683 0.1
614 0.2500000000007962 0.849999999999641 0.1
615 0.2500000000008777 0.8999999999996218 0.1
616 0.2500000000009591 0.9499999999998108 0.1
617 0.2999999999993642 0.05000000000011548 0.1
618 0.2999999999994634 0.1000000000002356 0.1
619 0.2999999999995626 0.1500000000003479 0.1
620 0.2999999999996618 0.2000000000004498 0.1
621 0.2999999999997609 0.2500000000005516 0.1
622 0.29999999999986 0.3000000000006536 0.1
623 0.2999999999999593 0.3500000000007554 0.1
624 0.3000000000000586 0.4000000000008574 0.1
625 0.3000000000001577 0.4500000000009592 0.1
626 0.3000000000002568 0.5000000000010494 0.1
627 0.3000000000003561 0.550000000000858 0.1
628 0.3000000000004552 0.6000000000006547 0.1
629 0.3000000000005544 0.6500000000004515 0.1
630 0.3000000000006536 0.7000000000002484 0.1
631 0.3000000000007528 0.7500000000000451 0.1
632 0.3000000000008519 0.7999999999998417 0.1
633 0.3000000000009512 0.8499999999996383 0.1
634 0.3000000000010503 0.8999999999996293 0.1
635 0.3000000000011495 0.9499999999998145 0.1
636 0.349999999999236 0.05000000000010005 0.1
637 0.3499999999993529 0.1000000000002055 0.1
638 0.3499999999994697 0.1500000000003018 0.1
639 0.3499999999995866 0.2000000000003861 0.1
640 0.3499999999997035 0.2500000000004702 0.1
641 0.3499999999998204 0.3000000000005544 0.1
642 0.3499999999999373 0.3500000000006386 0.1
643 0.3500000000000542 0.4000000000007228 0.1
644 0.3500000000001712 0.4500000000008069 0.1
645 0.3500000000002879 0.5000000000008809 0.1
646 0.3500000000004048 0.5500000000007119 0.1
647 0.3500000000005217 0.6000000000005326 0.1
648 0.3500000000006386 0.6500000000003534 0.1
649 0.3500000000007555 0.700000000000174 0.1
650 0.3500000000008724 0.7499999999999949 0.1
651 0.3500000000009892 0.7999999999998155 0.1
652 0.3500000000011061 0.849999999999636 0.1
653 0.3500000000012231 0.8999999999996371 0.1
654 0.35000000000134 0.9499999999998184 0.1
655 0.3999999999991077 0.05000000000008462 0.1
656 0.3999999999992422 0.1000000000001754 0.1
657 0.3999999999993769 0.1500000000002558 0.1
658 0.3999999999995115 0.2000000000003223 0.1
659 0.3999999999996461 0.2500000000003887 0.1
660 0.3999999999997807 0.3000000000004552 0.1
661 0.3999999999999154 0.3500000000005217 0.1
662 0.4000000000000499 0.4000000000005882 0.1
663 0.4000000000001844 0.4500000000006548 0.1
664 0.4000000000003192 0.5000000000007125 0.1
665 0.4000000000004537 0.5500000000005658 0.1
666 0.4000000000005883 0.6000000000004104 0.1
667 0.4000000000007228 0.650000000000255 0.1
668 0.4000000000008574 0.7000000000000999 0.1
669 0.4000000000009921 0.7499999999999445 0.1
670 0.4000000000011266 0.7999999999997891 0.1
671 0.4000000000012613 0.8499999999996338 0.1
672 0.4000000000013959 0.8999999999996446 0.1
673 0.4000000000015304 0.9499999999998224 0.1
674 0.4499999999989795 0.05000000000006917 0.1
675 0.4499999999991318 0.1000000000001453 0.1
676 0.449999999999284 0.1500000000002097 0.1
677 0.4499999999994362 0.2000000000002585 0.1
678 0.4499999999995886 0.2500000000003073 0.1
679 0.4499999999997409 0.3000000000003561 0.1
680 0.4499999999998932 0.3500000000004049 0.1
681 0.4500000000000455 0.4000000000004538 0.1
682 0.4500000000001979 0.4500000000005023 0.1
683 0.4500000000003501 0.500000000000544 0.1
684 0.4500000000005024 0.5500000000004197 0.1
685 0.4500000000006547 0.6000000000002883 0.1
686 0.4500000000008069 0.6500000000001569 0.1
687 0.4500000000009592 0.7000000000000255 0.1
688 0.4500000000011116 0.7499999999998941 0.1
689 0.4500000000012639 0.7999999999997627 0.1
690 0.4500000000014162 0.8499999999996313 0.1
691 0.4500000000015684 0.8999999999996522 0.1
692 0.4500000000017207 0.9499999999998261 0.1
693 0.4999999999988605 0.05000000000005374 0.1
694 0.4999999999990289 0.1000000000001152 0.1
695 0.4999999999991973 0.1500000000001636 0.1
696 0.4999999999993656 0.2000000000001947 0.1
697 0.4999999999995339 0.2500000000002258 0.1
698 0.4999999999997022 0.3000000000002568 0.1
699 0.4999999999998705 0.350000000000288 0.1
700 0.5000000000000391 0.4000000000003192 0.1
701 0.5000000000002074 0.4500000000003502 0.1
702 0.5000000000003757 0.5000000000003757 0.1
703 0.5000000000005442 0.5500000000002736 0.1
704 0.5000000000007125 0.6000000000001662 0.1
705 0.5000000000008809 0.6500000000000588 0.1
706 0.5000000000010494 0.6999999999999513 0.1
707 0.5000000000012177 0.7499999999998439 0.1
708 0.500000000001386 0.7999999999997363 0.1
709 0.5000000000015543 0.8499999999996287 0.1
710 0.5000000000017226 0.89999999999966 0.1
711 0.5000000000018912 0.9499999999998301 0.1
712 0.5499999999989591 0.05000000000003831 0.1
713 0.5499999999991054 0.1000000000000851 0.1
714 0.5499999999992513 0.1500000000001175 0.1
715 0.5499999999993974 0.2000000000001309 0.1
716 0.5499999999995433 0.2500000000001443 0.1
717 0.5499999999996894 0.3000000000001577 0.1
718 0.5499999999998355 0.350000000000171 0.1
719 0.5499999999999816 0.4000000000001845 0.1
720 0.5500000000001277 0.4500000000001979 0.1
721 0.5500000000002736 0.5000000000002074 0.1
722 0.5500000000004197 0.5500000000001275 0.1
723 0.5500000000005658 0.6000000000000441 0.1
724 0.5500000000007119 0.6499999999999606 0.1
725 0.550000000000858 0.6999999999998772 0.1
726 0.5500000000010041 0.7499999999997935 0.1
727 0.5500000000011502 0.7999999999997098 0.1
728 0.5500000000012961 0.8499999999996263 0.1
729 0.5500000000014422 0.8999999999996675 0.1
730 0.5500000000015881 0.9499999999998336 0.1
731 0.5999999999990671 0.05000000000002287 0.1
732 0.5999999999991893 0.100000000000055 0.1
733 0.5999999999993113 0.1500000000000715 0.1
734 0.5999999999994334 0.2000000000000671 0.1
735 0.5999999999995556 0.2500000000000629 0.1
736 0.5999999999996777 0.3000000000000586 0.1
737 0.5999999999998 0.3500000000000542 0.1
738 0.5999999999999219 0.4000000000000498 0.1
739 0.6000000000000441 0.4500000000000455 0.1
740 0.6000000000001662 0.5000000000000391 0.1
741 0.6000000000002883 0.5499999999999816 0.1
742 0.6000000000004104 0.5999999999999219 0.1
743 0.6000000000005326 0.6499999999998625 0.1
744 0.6000000000006547 0.6999999999998028 0.1
745 0.6000000000007768 0.7499999999997431 0.1
746 0.6000000000008989 0.7999999999996834 0.1
747 0.600000000001021 0.8499999999996237 0.1
748 0.6000000000011432 0.8999999999996751 0.1
749 0.6000000000012653 0.9499999999998376 0.1
750 0.6499999999991753 0.05000000000000744 0.1
751 0.649999999999273 0.1000000000000248 0.1
752 0.6499999999993715 0.1500000000000254 0.1
753 0.6499999999994697 0.2000000000000033 0.1
754 0.6499999999995678 0.2499999999999813 0.1
755 0.6499999999996662 0.2999999999999593 0.1
756 0.6499999999997641 0.3499999999999372 0.1
757 0.6499999999998625 0.3999999999999153 0.1
758 0.6499999999999606 0.4499999999998932 0.1
759 0.6500000000000588 0.4999999999998708 0.1
760 0.6500000000001569 0.5499999999998355 0.1
761 0.650000000000255 0.5999999999997998 0.1
762 0.6500000000003534 0.6499999999997643 0.1
763 0.6500000000004515 0.6999999999997286 0.1
764 0.6500000000005497 0.7499999999996929 0.1
765 0.6500000000006478 0.7999999999996572 0.1
766 0.6500000000007462 0.8499999999996214 0.1
767 0.6500000000008443 0.8999999999996828 0.1
768 0.6500000000009425 0.9499999999998414 0.1
769 0.6999999999992832 0.049999999999992 0.1
770 0.699999999999357 0.09999999999999476 0.1
771 0.6999999999994317 0.1499999999999793 0.1
772 0.6999999999995059 0.1999999999999396 0.1
773 0.6999999999995801 0.2499999999998999 0.1
774 0.6999999999996542 0.2999999999998602 0.1
775 0.6999999999997286 0.3499999999998204 0.1
776 0.699999999999803 0.3999999999997807 0.1
777 0.6999999999998772 0.4499999999997408 0.1
778 0.6999999999999513 0.4999999999997022 0.1
779 0.7000000000000255 0.5499999999996896 0.1
780 0.7000000000000999 0.5999999999996777 0.1
781 0.700000000000174 0.649999999999666 0.1
782 0.7000000000002484 0.6999999999996542 0.1
783 0.7000000000003226 0.7499999999996427 0.1
784 0.7000000000003967 0.7999999999996308 0.1
785 0.7000000000004709 0.8499999999996188 0.1
786 0.7000000000005455 0.8999999999996904 0.1
787 0.7000000000006197 0.9499999999998452 0.1
788 0.7499999999993907 0.04999999999997656 0.1
789 0.749999999999441 0.09999999999996464 0.1
790 0.7499999999994917 0.1499999999999332 0.1
791 0.7499999999995421 0.1999999999998758 0.1
792 0.7499999999995921 0.2499999999998184 0.1
793 0.7499999999996425 0.2999999999997609 0.1
794 0.7499999999996929 0.3499999999997035 0.1
795 0.7499999999997433 0.3999999999996461 0.1
796 0.7499999999997935 0.4499999999995886 0.1
797 0.7499999999998439 0.4999999999995339 0.1
798 0.7499999999998941 0.5499999999995435 0.1
799 0.7499999999999445 0.5999999999995556 0.1
800 0.7499999999999947 0.6499999999995678 0.1
801 0.7500000000000451 0.6999999999995801 0.1
802 0.7500000000000955 0.7499999999995921 0.1
803 0.7500000000001459 0.7999999999996044 0.1
804 0.7500000000001961 0.8499999999996165 0.1
805 0.7500000000002465 0.8999999999996982 0.1
806 0.7500000000002969 0.9499999999998492 0.1
807 0.7999999999994987 0.04999999999996112 0.1
808 0.7999999999995252 0.09999999999993453 0.1
809 0.7999999999995516 0.1499999999998872 0.1
810 0.7999999999995779 0.199999999999812 0.1
811 0.7999999999996045 0.2499999999997369 0.1
812 0.7999999999996306 0.2999999999996618 0.1
813 0.7999999999996572 0.3499999999995866 0.1
814 0.7999999999996834 0.3999999999995116 0.1
815 0.7999999999997098 0.4499999999994364 0.1
816 0.7999999999997363 0.4999999999993656 0.1
817 0.7999999999997627 0.5499999999993974 0.1
818 0.7999999999997891 0.5999999999994334 0.1
819 0.7999999999998153 0.6499999999994697 0.1
820 0.7999999999998419 0.6999999999995059 0.1
821 0.7999999999998681 0.7499999999995419 0.1
822 0.7999999999998946 0.7999999999995779 0.1
823 0.799999999999921 0.8499999999996143 0.1
824 0.7999999999999472 0.8999999999997057 0.1
825 0.7999999999999736 0.9499999999998527 0.1
826 0.8499999999996068 0.04999999999994569 0.1
827 0.8499999999996093 0.09999999999990444 0.1
828 0.8499999999996115 0.1499999999998411 0.1
829 0.8499999999996141 0.1999999999997482 0.1
830 0.8499999999996166 0.2499999999996554 0.1
831 0.8499999999996189 0.2999999999995625 0.1
832 0.8499999999996214 0.3499999999994698 0.1
833 0.8499999999996238 0.3999999999993769 0.1
834 0.8499999999996264 0.449999999999284 0.1
835 0.8499999999996287 0.4999999999991972 0.1
836 0.8499999999996312 0.5499999999992513 0.1
837 0.8499999999996333 0.5999999999993113 0.1
838 0.849999999999636 0.6499999999993713 0.1
839 0.8499999999996384 0.6999999999994315 0.1
840 0.8499999999996409 0.7499999999994917 0.1
841 0.8499999999996432 0.7999999999995515 0.1
842 0.8499999999996457 0.8499999999996115 0.1
843 0.849999999999648 0.8999999999997133 0.1
844 0.8499999999996507 0.9499999999998567 0.1
845 0.8999999999997284 0.04999999999993025 0.1
846 0.8999999999997209 0.09999999999987436 0.1
847 0.8999999999997134 0.149999999999795 0.1
848 0.8999999999997055 0.1999999999996844 0.1
849 0.8999999999996982 0.2499999999995739 0.1
850 0.8999999999996904 0.2999999999994635 0.1
851 0.8999999999996828 0.3499999999993529 0.1
852 0.8999999999996751 0.3999999999992422 0.1
853 0.8999999999996675 0.4499999999991318 0.1
854 0.89999999999966 0.4999999999990288 0.1
855 0.8999999999996522 0.5499999999991052 0.1
856 0.8999999999996446 0.5999999999991892 0.1
857 0.8999999999996369 0.6499999999992732 0.1
858 0.8999999999996293 0.6999999999993571 0.1
859 0.8999999999996218 0.7499999999994411 0.1
860 0.8999999999996142 0.7999999999995253 0.1
861 0.8999999999996067 0.8499999999996094 0.1
862 0.8999999999995987 0.899999999999721 0.1
863 0.8999999999995911 0.9499999999998605 0.1
864 0.9499999999998644 0.04999999999991482 0.1
865 0.9499999999998606 0.09999999999984424 0.1
866 0.9499999999998566 0.1499999999997489 0.1
867 0.949999999999853 0.1999999999996207 0.1
868 0.949999999999849 0.2499999999994925 0.1
869 0.9499999999998454 0.2999999999993642 0.1
870 0.9499999999998415 0.349999999999236 0.1
871 0.9499999999998375 0.3999999999991077 0.1
872 0.9499999999998339 0.4499999999989795 0.1
873 0.9499999999998299 0.4999999999988605 0.1
874 0.9499999999998261 0.5499999999989591 0.1
875 0.9499999999998223 0.5999999999990671 0.1
876 0.9499999999998185 0.649999999999175 0.1
877 0.9499999999998148 0.699999999999283 0.1
878 0.949999999999811 0.7499999999993909 0.1
879 0.949999999999807 0.7999999999994989 0.1
880 0.9499999999998032 0.8499999999996067 0.1
881 0.9499999999997994 0.8999999999997286 0.1
882 0.9499999999997957 0.9499999999998643 0.1
$EndNodes
$Elements
2560
1 2 2 6 1 1 9 84
2 2 2 6 1 84 9 161
3 2 2 6 1 84 161 162
4 2 2 6 1 162 83 84
5 2 2 6 1 83 162 82
6 2 2 6 1 82 162 163
7 2 2 6 1 82 163 164
8 2 2 6 1 164 81 82
9 2 2 6 1 81 164 80
10 2 2 6 1 80 164 165
11 2 2 6 1 80 165 166
12 2 2 6 1 166 79 80
13 2 2 6 1 79 166 78
14 2 2 6 1 78 166 167
15 2 2 6 1 78 167 168
16 2 2 6 1 168 77 78
17 2 2 6 1 77 168 76
18 2 2 6 1 76 168 169
19 2 2 6 1 76 169 170
20 2 2 6 1 170 75 76
21 2 2 6 1 75 170 74
22 2 2 6 1 74 170 171
23 2 2 6 1 74 171 172
24 2 2 6 1 172 73 74
25 2 2 6 1 73 172 72
26 2 2 6 1 72 172 173
27 2 2 6 1 72 173 174
28 2 2 6 1 174 71 72
29 2 2 6 1 71 174 70
30 2 2 6 1 70 174 175
31 2 2 6 1 70 175 176
32 2 2 6 1 176 69 70
33 2 2 6 1 69 176 68
34 2 2 6 1 68 176 177
35 2 2 6 1 68 177 178
36 2 2 6 1 178 67 68
37 2 2 6 1 67 178 66
38 2 2 6 1 66 178 179
39 2 2 6 1 66 179 65
40 2 2 6 1 65 4 66
41 2 2 6 1 9 10 180
42 2 2 6 1 180 161 9
43 2 2 6 1 161 180 162
44 2 2 6 1 162 180 181
45 2 2 6 1 162 181 182
46 2 2 6 1 182 163 162
47 2 2 6 1 163 182 164
48 2 2 6 1 164 182 183
49 2 2 6 1 164 183 184
50 2 2 6 1 184 165 164
51 2 2 6 1 165 184 166
52 2 2 6 1 166 184 185
53 2 2 6 1 166 185 186
54 2 2 6 1 186 167 166
55 2 2 6 1 167 186 168
56 2 2 6 1 168 186 187
57 2 2 6 1 168 187 188
58 2 2 6 1 188 169 168
59 2 2 6 1 169 188 170
60 2 2 6 1 170 188 189
61 2 2 6 1 170 189 190
62 2 2 6 1 190 171 170
63 2 2 6 1 171 190 172
64 2 2 6 1 172 190 191
65 2 2 6 1 172 191 192
66 2 2 6 1 192 173 172
67 2 2 6 1 173 192 174
68 2 2 6 1 174 192 193
69 2 2 6 1 174 193 194
70 2 2 6 1 194 175 174
71 2 2 6 1 175 194 176
72 2 2 6 1 176 194 195
73 2 2 6 1 176 195 196
74 2 2 6 1 196 177 176
75 2 2 6 1 177 196 178
76 2 2 6 1 178 196 197
77 2 2 6 1 178 197 198
78 2 2 6 1 198 179 178
79 2 2 6 1 179 198 65
80 2 2 6 1 65 198 64
81 2 2 6 1 10 11 180
82 2 2 6 1 180 11 199
83 2 2 6 1 180 199 200
84 2 2 6 1 200 181 180
85 2 2 6 1 181 200 182
86 2 2 6 1 182 200 201
87 2 2 6 1 182 201 202
88 2 2 6 1 202 183 182
89 2 2 6 1 183 202 184
90 2 2 6 1 184 202 203
91 2 2 6 1 184 203 204
92 2 2 6 1 204 185 184
93 2 2 6 1 185 204 186
94 2 2 6 1 186 204 205
95 2 2 6 1 186 205 206
96 2 2 6 1 206 187 186
97 2 2 6 1 187 206 188
98 2 2 6 1 188 206 207
99 2 2 6 1 188 207 208
100 2 2 6 1 208 189 188
101 2 2 6 1 189 208 190
102 2 2 6 1 190 208 209
103 2 2 6 1 190 209 210
104 2 2 6 1 210 191 190
105 2 2 6 1 191 210 192
106 2 2 6 1 192 210 211
107 2 2 6 1 192 211 212
108 2 2 6 1 212 193 192
109 2 2 6 1 193 212 194
110 2 2 6 1 194 212 213
111 2 2 6 1 194 213 214
112 2 2 6 1 214 195 194
113 2 2 6 1 195 214 196
114 2 2 6 1 196 214 215
115 2 2 6 1 196 215 216
116 2 2 6 1 216 197 196
117 2 2 6 1 197 216 198
118 2 2 6 1 198 216 217
119 2 2 6 1 198 217 63
120 2 2 6 1 63 64 198
121 2 2 6 1 11 12 218
122 2 2 6 1 218 199 11
123 2 2 6 1 199 218 200
124 2 2 6 1 200 218 219
125 2 2 6 1 200 219 220
126 2 2 6 1 220 201 200
127 2 2 6 1 201 220 202
128 2 2 6 1 202 220 221
129 2 2 6 1 202 221 222
130 2 2 6 1 222 203 202
131 2 2 6 1 203 222 204
132 2 2 6 1 204 222 223
133 2 2 6 1 204 223 224
134 2 2 6 1 224 205 204
135 2 2 6 1 205 224 206
136 2 2 6 1 206 224 225
137 2 2 6 1 206 225 226
138 2 2 6 1 226 207 206
139 2 2 6 1 207 226 208
140 2 2 6 1 208 226 227
141 2 2 6 1 208 227 228
142 2 2 6 1 228 209 208
143 2 2 6 1 209 228 210
144 2 2 6 1 210 228 229
145 2 2 6 1 210 229 230
146 2 2 6 1 230 211 210
147 2 2 6 1 211 230 212
148 2 2 6 1 212 230 231
149 2 2 6 1 212 231 232
150 2 2 6 1 232 213 212
151 2 2 6 1 213 232 214
152 2 2 6 1 214 232 233
153 2 2 6 1 214 233 234
154 2 2 6 1 234 215 214
155 2 2 6 1 215 234 216
156 2 2 6 1 216 234 235
157 2 2 6 1 216 235 236
158 2 2 6 1 236 217 216
159 2 2 6 1 217 236 63
160 2 2 6 1 63 236 62
161 2 2 6 1 12 13 218
162 2 2 6 1 218 13 237
163 2 2 6 1 218 237 238
164 2 2 6 1 238 219 218
165 2 2 6 1 219 238 220
166 2 2 6 1 220 238 239
167 2 2 6 1 220 239 240
168 2 2 6 1 240 221 220
169 2 2 6 1 221 240 222
170 2 2 6 1 222 240 241
171 2 2 6 1 222 241 242
172 2 2 6 1 242 223 222
173 2 2 6 1 223 242 224
174 2 2 6 1 224 242 243
175 2 2 6 1 224 243 244
176 2 2 6 1 244 225 224
177 2 2 6 1 225 244 226
178 2 2 6 1 226 244 245
179 2 2 6 1 226 245 246
180 2 2 6 1 246 227 226
181 2 2 6 1 227 246 228
182 2 2 6 1 228 246 247
183 2 2 6 1 228 247 248
184 2 2 6 1 248 229 228
185 2 2 6 1 229 248 230
186 2 2 6 1 230 248 249
187 2 2 6 1 230 249 250
188 2 2 6 1 250 231 230
189 2 2 6 1 231 250 232
190 2 2 6 1 232 250 251
191 2 2 6 1 232 251 252
192 2 2 6 1 252 233 232
193 2 2 6 1 233 252 234
194 2 2 6 1 234 252 253
195 2 2 6 1 234 253 254
196 2 2 6 1 254 235 234
197 2 2 6 1 235 254 236
198 2 2 6 1 236 254 255
199 2 2 6 1 236 255 61
200 2 2 6 1 61 62 236
201 2 2 6 1 13 14 256
202 2 2 6 1 256 237 13
203 2 2 6 1 237 256 238
204 2 2 6 1 238 256 257
205 2 2 6 1 238 257 258
206 2 2 6 1 258 239 238
207 2 2 6 1 239 258 240
208 2 2 6 1 240 258 259
209 2 2 6 1 240 259 260
210 2 2 6 1 260 241 240
211 2 2 6 1 241 260 242
212 2 2 6 1 242 260 261
213 2 2 6 1 242 261 262
214 2 2 6 1 262 243 242
215 2 2 6 1 243 262 244
216 2 2 6 1 244 262 263
217 2 2 6 1 244 263 264
218 2 2 6 1 264 245 244
219 2 2 6 1 245 264 246
220 2 2 6 1 246 264 265
221 2 2 6 1 246 265 266
222 2 2 6 1 266 247 246
223 2 2 6 1 247 266 248
224 2 2 6 1 248 266 267
225 2 2 6 1 248 267 268
226 2 2 6 1 268 249 248
227 2 2 6 1 249 268 250
228 2 2 6 1 250 268 269
229 2 2 6 1 250 269 270
230 2 2 6 1 270 251 250
231 2 2 6 1 251 270 252
232 2 2 6 1 252 270 271
233 2 2 6 1 252 271 272
234 2 2 6 1 272 253 252
235 2 2 6 1 253 272 254
236 2 2 6 1 254 272 273
237 2 2 6 1 254 273 274
238 2 2 6 1 274 255 254
239 2 2 6 1 255 274 61
240 2 2 6 1 61 274 60
241 2 2 6 1 14 15 256
242 2 2 6 1 256 15 275
243 2 2 6 1 256 275 276
244 2 2 6 1 276 257 256
245 2 2 6 1 257 276 258
246 2 2 6 1 258 276 277
247 2 2 6 1 258 277 278
248 2 2 6 1 278 259 258
249 2 2 6 1 259 278 260
250 2 2 6 1 260 278 279
251 2 2 6 1 260 279 280
252 2 2 6 1 280 261 260
253 2 2 6 1 261 280 262
254 2 2 6 1 262 280 281
255 2 2 6 1 262 281 282
256 2 2 6 1 282 263 262
257 2 2 6 1 263 282 264
258 2 2 6 1 264 282 283
259 2 2 6 1 264 283 284
260 2 2 6 1 284 265 264
261 2 2 6 1 265 284 266
262 2 2 6 1 266 284 285
263 2 2 6 1 266 285 286
264 2 2 6 1 286 267 266
265 2 2 6 1 267 286 268
266 2 2 6 1 268 286 287
267 2 2 6 1 268 287 288
268 2 2 6 1 288 269 268
269 2 2 6 1 269 288 270
270 2 2 6 1 270 288 289
271 2 2 6 1 270 289 290
272 2 2 6 1 290 271 270
273 2 2 6 1 271 290 272
274 2 2 6 1 272 290 291
275 2 2 6 1 272 291 292
276 2 2 6 1 292 273 272
277 2 2 6 1 273 292 274
278 2 2 6 1 274 292 293
279 2 2 6 1 274 293 59
280 2 2 6 1 59 60 274
281 2 2 6 1 15 16 294
282 2 2 6 1 294 275 15
283 2 2 6 1 275 294 276
284 2 2 6 1 276 294 295
285 2 2 6 1 276 295 296
286 2 2 6 1 296 277 276
287 2 2 6 1 277 296 278
288 2 2 6 1 278 296 297
289 2 2 6 1 278 297 298
290 2 2 6 1 298 279 278
291 2 2 6 1 279 298 280
292 2 2 6 1 280 298 299
293 2 2 6 1 280 299 300
294 2 2 6 1 300 281 280
295 2 2 6 1 281 300 282
296 2 2 6 1 282 300 301
297 2 2 6 1 282 301 302
298 2 2 6 1 302 283 282
299 2 2 6 1 283 302 284
300 2 2 6 1 284 302 303
301 2 2 6 1 284 303 304
302 2 2 6 1 304 285 284
303 2 2 6 1 285 304 286
304 2 2 6 1 286 304 305
305 2 2 6 1 286 305 306
306 2 2 6 1 306 287 286
307 2 2 6 1 287 306 288
308 2 2 6 1 288 306 307
309 2 2 6 1 288 307 308
310 2 2 6 1 308 289 288
311 2 2 6 1 289 308 290
312 2 2 6 1 290 308 309
313 2 2 6 1 290 309 310
314 2 2 6 1 310 291 290
315 2 2 6 1 291 310 292
316 2 2 6 1 292 310 311
317 2 2 6 1 292 311 312
318 2 2 6 1 312 293 292
319 2 2 6 1 293 312 59
320 2 2 6 1 59 312 58
321 2 2 6 1 16 17 294
322 2 2 6 1 294 17 313
323 2 2 6 1 294 313 314
324 2 2 6 1 314 295 294
325 2 2 6 1 295 314 296
326 2 2 6 1 296 314 315
327 2 2 6 1 296 315 316
328 2 2 6 1 316 297 296
329 2 2 6 1 297 316 298
330 2 2 6 1 298 316 317
331 2 2 6 1 298 317 318
332 2 2 6 1 318 299 298
333 2 2 6 1 299 318 300
334 2 2 6 1 300 318 319
335 2 2 6 1 300 319 320
336 2 2 6 1 320 301 300
337 2 2 6 1 301 320 302
338 2 2 6 1 302 320 321
339 2 2 6 1 302 321 322
340 2 2 6 1 322 303 302
341 2 2 6 1 303 322 304
342 2 2 6 1 304 322 323
343 2 2 6 1 304 323 324
344 2 2 6 1 324 305 304
345 2 2 6 1 305 324 306
346 2 2 6 1 306 324 325
347 2 2 6 1 306 325 326
348 2 2 6 1 326 307 306
349 2 2 6 1 307 326 308
350 2 2 6 1 308 326 327
351 2 2 6 1 308 327 328
352 2 2 6 1 328 309 308
353 2 2 6 1 309 328 310
354 2 2 6 1 310 328 329
355 2 2 6 1 310 329 330
356 2 2 6 1 330 311 310
357 2 2 6 1 311 330 312
358 2 2 6 1 312 330 331
359 2 2 6 1 312 331 57
360 2 2 6 1 57 58 312
361 2 2 6 1 17 18 332
362 2 2 6 1 332 313 17
363 2 2 6 1 313 332 314
364 2 2 6 1 314 332 333
365 2 2 6 1 314 333 334
366 2 2 6 1 334 315 314
367 2 2 6 1 315 334 316
368 2 2 6 1 316 334 335
369 2 2 6 1 316 335 336
370 2 2 6 1 336 317 316
371 2 2 6 1 317 336 318
372 2 2 6 1 318 336 337
373 2 2 6 1 318 337 338
374 2 2 6 1 338 319 318
375 2 2 6 1 319 338 320
376 2 2 6 1 320 338 339
377 2 2 6 1 320 339 340
378 2 2 6 1 340 321 320
379 2 2 6 1 321 340 322
380 2 2 6 1 322 340 341
381 2 2 6 1 322 341 342
382 2 2 6 1 342 323 322
383 2 2 6 1 323 342 324
384 2 2 6 1 324 342 343
385 2 2 6 1 324 343 344
386 2 2 6 1 344 325 324
387 2 2 6 1 325 344 326
388 2 2 6 1 326 344 345
389 2 2 6 1 326 345 346
390 2 2 6 1 346 327 326
391 2 2 6 1 327 346 328
392 2 2 6 1 328 346 347
393 2 2 6 1 328 347 348
394 2 2 6 1 348 329 328
395 2 2 6 1 329 348 330
396 2 2 6 1 330 348 349
397 2 2 6 1 330 349 350
398 2 2 6 1 350 331 330
399 2 2 6 1 331 350 57
400 2 2 6 1 57 350 56
401 2 2 6 1 18 19 332
402 2 2 6 1 332 19 351
403 2 2 6 1 332 351 352
404 2 2 6 1 352 333 332
405 2 2 6 1 333 352 334
406 2 2 6 1 334 352 353
407 2 2 6 1 334 353 354
408 2 2 6 1 354 335 334
409 2 2 6 1 335 354 336
410 2 2 6 1 336 354 355
411 2 2 6 1 336 355 356
412 2 2 6 1 356 337 336
413 2 2 6 1 337 356 338
414 2 2 6 1 338 356 357
415 2 2 6 1 338 357 358
416 2 2 6 1 358 339 338
417 2 2 6 1 339 358 340
418 2 2 6 1 340 358 359
419 2 2 6 1 340 359 360
420 2 2 6 1 360 341 340
421 2 2 6 1 341 360 342
422 2 2 6 1 342 360 361
423 2 2 6 1 342 361 362
424 2 2 6 1 362 343 342
425 2 2 6 1 343 362 344
426 2 2 6 1 344 362 363
427 2 2 6 1 344 363 364
428 2 2 6 1 364 345 344
429 2 2 6 1 345 364 346
430 2 2 6 1 346 364 365
431 2 2 6 1 346 365 366
432 2 2 6 1 366 347 346
433 2 2 6 1 347 366 348
434 2 2 6 1 348 366 367
435 2 2 6 1 348 367 368
436 2 2 6 1 368 349 348
437 2 2 6 1 349 368 350
438 2 2 6 1 350 368 369
439 2 2 6 1 350 369 55
440 2 2 6 1 55 56 350
441 2 2 6 1 19 20 370
442 2 2 6 1 370 351 19
443 2 2 6 1 351 370 352
444 2 2 6 1 352 370 371
445 2 2 6 1 352 371 372
446 2 2 6 1 372 353 352
447 2 2 6 1 353 372 354
448 2 2 6 1 354 372 373
449 2 2 6 1 354 373 374
450 2 2 6 1 374 355 354
451 2 2 6 1 355 374 356
452 2 2 6 1 356 374 375
453 2 2 6 1 356 375 376
454 2 2 6 1 376 357 356
455 2 2 6 1 357 376 358
456 2 2 6 1 358 376 377
457 2 2 6 1 358 377 378
458 2 2 6 1 378 359 358
459 2 2 6 1 359 378 360
460 2 2 6 1 360 378 379
461 2 2 6 1 360 379 380
462 2 2 6 1 380 361 360
463 2 2 6 1 361 380 362
464 2 2 6 1 362 380 381
465 2 2 6 1 362 381 382
466 2 2 6 1 382 363 362
467 2 2 6 1 363 382 364
468 2 2 6 1 364 382 383
469 2 2 6 1 364 383 384
470 2 2 6 1 384 365 364
471 2 2 6 1 365 384 366
472 2 2 6 1 366 384 385
473 2 2 6 1 366 385 386
474 2 2 6 1 386 367 366
475 2 2 6 1 367 386 368
476 2 2 6 1 368 386 387
477 2 2 6 1 368 387 388
478 2 2 6 1 388 369 368
479 2 2 6 1 369 388 55
480 2 2 6 1 55 388 54
481 2 2 6 1 20 21 370
482 2 2 6 1 370 21 389
483 2 2 6 1 370 389 390
484 2 2 6 1 390 371 370
485 2 2 6 1 371 390 372
486 2 2 6 1 372 390 391
487 2 2 6 1 372 391 392
488 2 2 6 1 392 373 372
489 2 2 6 1 373 392 374
490 2 2 6 1 374 392 393
491 2 2 6 1 374 393 394
492 2 2 6 1 394 375 374
493 2 2 6 1 375 394 376
494 2 2 6 1 376 394 395
495 2 2 6 1 376 395 396
496 2 2 6 1 396 377 376
497 2 2 6 1 377 396 378
498 2 2 6 1 378 396 397
499 2 2 6 1 378 397 398
500 2 2 6 1 398 379 378
501 2 2 6 1 379 398 380
502 2 2 6 1 380 398 399
503 2 2 6 1 380 399 400
504 2 2 6 1 400 381 380
505 2 2 6 1 381 400 382
506 2 2 6 1 382 400 401
507 2 2 6 1 382 401 402
508 2 2 6 1 402 383 382
509 2 2 6 1 383 402 384
510 2 2 6 1 384 402 403
511 2 2 6 1 384 403 404
512 2 2 6 1 404 385 384
513 2 2 6 1 385 404 386
514 2 2 6 1 386 404 405
515 2 2 6 1 386 405 406
516 2 2 6 1 406 387 386
517 2 2 6 1 387 406 388
518 2 2 6 1 388 406 407
519 2 2 6 1 388 407 53
520 2 2 6 1 53 54 388
521 2 2 6 1 21 22 408
522 2 2 6 1 408 389 21
523 2 2 6 1 389 408 390
524 2 2 6 1 390 408 409
525 2 2 6 1 390 409 410
526 2 2 6 1 410 391 390
527 2 2 6 1 391 410 392
528 2 2 6 1 392 410 411
529 2 2 6 1 392 411 412
530 2 2 6 1 412 393 392
531 2 2 6 1 393 412 394
532 2 2 6 1 394 412 413
533 2 2 6 1 394 413 414
534 2 2 6 1 414 395 394
535 2 2 6 1 395 414 396
536 2 2 6 1 396 414 415
537 2 2 6 1 396 415 416
538 2 2 6 1 416 397 396
539 2 2 6 1 397 416 398
540 2 2 6 1 398 416 417
541 2 2 6 1 398 417 418
542 2 2 6 1 418 399 398
543 2 2 6 1 399 418 400
544 2 2 6 1 400 418 419
545 2 2 6 1 400 419 420
546 2 2 6 1 420 401 400
547 2 2 6 1 401 420 402
548 2 2 6 1 402 420 421
549 2 2 6 1 402 421 422
550 2 2 6 1 422 403 402
551 2 2 6 1 403 422 404
552 2 2 6 1 404 422 423
553 2 2 6 1 404 423 424
554 2 2 6 1 424 405 404
555 2 2 6 1 405 424 406
556 2 2 6 1 406 424 425
557 2 2 6 1 406 425 426
558 2 2 6 1 426 407 406
559 2 2 6 1 407 426 53
560 2 2 6 1 53 426 52
561 2 2 6 1 22 23 408
562 2 2 6 1 408 23 427
563 2 2 6 1 408 427 428
564 2 2 6 1 428 409 408
565 2 2 6 1 409 428 410
566 2 2 6 1 410 428 429
567 2 2 6 1 410 429 430
568 2 2 6 1 430 411 410
569 2 2 6 1 411 430 412
570 2 2 6 1 412 430 431
571 2 2 6 1 412 431 432
572 2 2 6 1 432 413 412
573 2 2 6 1 413 432 414
574 2 2 6 1 414 432 433
575 2 2 6 1 414 433 434
576 2 2 6 1 434 415 414
577 2 2 6 1 415 434 416
578 2 2 6 1 416 434 435
579 2 2 6 1 416 435 436
580 2 2 6 1 436 417 416
581 2 2 6 1 417 436 418
582 2 2 6 1 418 436 437
583 2 2 6 1 418 437 438
584 2 2 6 1 438 419 418
585 2 2 6 1 419 438 420
586 2 2 6 1 420 438 439
587 2 2 6 1 420 439 440
588 2 2 6 1 440 421 420
589 2 2 6 1 421 440 422
590 2 2 6 1 422 440 441
591 2 2 6 1 422 441 442
592 2 2 6 1 442 423 422
593 2 2 6 1 423 442 424
594 2 2 6 1 424 442 443
595 2 2 6 1 424 443 444
596 2 2 6 1 444 425 424
597 2 2 6 1 425 444 426
598 2 2 6 1 426 444 445
599 2 2 6 1 426 445 51
600 2 2 6 1 51 52 426
601 2 2 6 1 23 24 446
602 2 2 6 1 446 427 23
603 2 2 6 1 427 446 428
604 2 2 6 1 428 446 447
605 2 2 6 1 428 447 448
606 2 2 6 1 448 429 428
607 2 2 6 1 429 448 430
608 2 2 6 1 430 448 449
609 2 2 6 1 430 449 450
610 2 2 6 1 450 431 430
611 2 2 6 1 431 450 432
612 2 2 6 1 432 450 451
613 2 2 6 1 432 451 452
614 2 2 6 1 452 433 432
615 2 2 6 1 433 452 434
616 2 2 6 1 434 452 453
617 2 2 6 1 434 453 454
618 2 2 6 1 454 435 434
619 2 2 6 1 435 454 436
620 2 2 6 1 436 454 455
621 2 2 6 1 436 455 456
622 2 2 6 1 456 437 436
623 2 2 6 1 437 456 438
624 2 2 6 1 438 456 457
625 2 2 6 1 438 457 458
626 2 2 6 1 458 439 438
627 2 2 6 1 439 458 440
628 2 2 6 1 440 458 459
629 2 2 6 1 440 459 460
630 2 2 6 1 460 441 440
631 2 2 6 1 441 460 442
632 2 2 6 1 442 460 461
633 2 2 6 1 442 461 462
634 2 2 6 1 462 443 442
635 2 2 6 1 443 462 444
636 2 2 6 1 444 462 463
637 2 2 6 1 444 463 464
638 2 2 6 1 464 445 444
639 2 2 6 1 445 464 51
640 2 2 6 1 51 464 50
641 2 2 6 1 24 25 446
642 2 2 6 1 446 25 465
643 2 2 6 1 446 465 466
644 2 2 6 1 466 447 446
645 2 2 6 1 447 466 448
646 2 2 6 1 448 466 467
647 2 2 6 1 448 467 468
648 2 2 6 1 468 449 448
649 2 2 6 1 449 468 450
650 2 2 6 1 450 468 469
651 2 2 6 1 450 469 470
652 2 2 6 1 470 451 450
653 2 2 6 1 451 470 452
654 2 2 6 1 452 470 471
655 2 2 6 1 452 471 472
656 2 2 6 1 472 453 452
657 2 2 6 1 453 472 454
658 2 2 6 1 454 472 473
659 2 2 6 1 454 473 474
660 2 2 6 1 474 455 454
661 2 2 6 1 455 474 456
662 2 2 6 1 456 474 475
663 2 2 6 1 456 475 476
664 2 2 6 1 476 457 456
665 2 2 6 1 457 476 458
666 2 2 6 1 458 476 477
667 2 2 6 1 458 477 478
668 2 2 6 1 478 459 458
669 2 2 6 1 459 478 460
670 2 2 6 1 460 478 479
671 2 2 6 1 460 479 480
672 2 2 6 1 480 461 460
673 2 2 6 1 461 480 462
674 2 2 6 1 462 480 481
675 2 2 6 1 462 481 482
676 2 2 6 1 482 463 462
677 2 2 6 1 463 482 464
678 2 2 6 1 464 482 483
679 2 2 6 1 464 483 49
680 2 2 6 1 49 50 464
681 2 2 6 1 25 26 484
682 2 2 6 1 484 465 25
683 2 2 6 1 465 484 466
684 2 2 6 1 466 484 485
685 2 2 6 1 466 485 486
686 2 2 6 1 486 467 466
687 2 2 6 1 467 486 468
688 2 2 6 1 468 486 487
689 2 2 6 1 468 487 488
690 2 2 6 1 488 469 468
691 2 2 6 1 469 488 470
692 2 2 6 1 470 488 489
693 2 2 6 1 470 489 490
694 2 2 6 1 490 471 470
695 2 2 6 1 471 490 472
696 2 2 6 1 472 490 491
697 2 2 6 1 472 491 492
698 2 2 6 1 492 473 472
699 2 2 6 1 473 492 474
700 2 2 6 1 474 492 493
701 2 2 6 1 474 493 494
702 2 2 6 1 494 475 474
703 2 2 6 1 475 494 476
704 2 2 6 1 476 494 495
705 2 2 6 1 476 495 496
706 2 2 6 1 496 477 476
707 2 2 6 1 477 496 478
708 2 2 6 1 478 496 497
709 2 2 6 1 478 497 498
710 2 2 6 1 498 479 478
711 2 2 6 1 479 498 480
712 2 2 6 1 480 498 499
713 2 2 6 1 480 499 500
714 2 2 6 1 500 481 480
715 2 2 6 1 481 500 482
716 2 2 6 1 482 500 501
717 2 2 6 1 482 501 502
718 2 2 6 1 502 483 482
719 2 2 6 1 483 502 49
720 2 2 6 1 49 502 48
721 2 2 6 1 26 27 484
722 2 2 6 1 484 27 503
723 2 2 6 1 484 503 504
724 2 2 6 1 504 485 484
725 2 2 6 1 485 504 486
726 2 2 6 1 486 504 505
727 2 2 6 1 486 505 506
728 2 2 6 1 506 487 486
729 2 2 6 1 487 506 488
730 2 2 6 1 488 506 507
731 2 2 6 1 488 507 508
732 2 2 6 1 508 489 488
733 2 2 6 1 489 508 490
734 2 2 6 1 490 508 509
735 2 2 6 1 490 509 510
736 2 2 6 1 510 491 490
737 2 2 6 1 491 510 492
738 2 2 6 1 492 510 511
739 2 2 6 1 492 511 512
740 2 2 6 1 512 493 492
741 2 2 6 1 493 512 494
742 2 2 6 1 494 512 513
743 2 2 6 1 494 513 514
744 2 2 6 1 514 495 494
745 2 2 6 1 495 514 496
746 2 2 6 1 496 514 515
747 2 2 6 1 496 515 516
748 2 2 6 1 516 497 496
749 2 2 6 1 497 516 498
750 2 2 6 1 498 516 517
751 2 2 6 1 498 517 518
752 2 2 6 1 518 499 498
753 2 2 6 1 499 518 500
754 2 2 6 1 500 518 519
755 2 2 6 1 500 519 520
756 2 2 6 1 520 501 500
757 2 2 6 1 501 520 502
758 2 2 6 1 502 520 521
759 2 2 6 1 502 521 47
760 2 2 6 1 47 48 502
761 2 2 6 1 27 2 28
762 2 2 6 1 28 503 27
763 2 2 6 1 503 28 504
764 2 2 6 1 504 28 29
765 2 2 6 1 504 29 30
766 2 2 6 1 30 505 504
767 2 2 6 1 505 30 506
768 2 2 6 1 506 30 31
769 2 2 6 1 506 31 32
770 2 2 6 1 32 507 506
771 2 2 6 1 507 32 508
772 2 2 6 1 508 32 33
773 2 2 6 1 508 33 34
774 2 2 6 1 34 509 508
775 2 2 6 1 509 34 510
776 2 2 6 1 510 34 35
777 2 2 6 1 510 35 36
778 2 2 6 1 36 511 510
779 2 2 6 1 511 36 512
780 2 2 6 1 512 36 37
781 2 2 6 1 512 37 38
782 2 2 6 1 38 513 512
783 2 2 6 1 513 38 514
784 2 2 6 1 514 38 39
785 2 2 6 1 514 39 40
786 2 2 6 1 40 515 514
787 2 2 6 1 515 40 516
788 2 2 6 1 516 40 41
789 2 2 6 1 516 41 42
790 2 2 6 1 42 517 516
791 2 2 6 1 517 42 518
792 2 2 6 1 518 42 43
793 2 2 6 1 518 43 44
794 2 2 6 1 44 519 518
795 2 2 6 1 519 44 520
796 2 2 6 1 520 44 45
797 2 2 6 1 520 45 46
798 2 2 6 1 46 521 520
799 2 2 6 1 521 46 47
800 2 2 6 1 47 46 3
801 2 2 4 13 1 9 5
802 2 2 4 13 5 9 85
803 2 2 4 13 9 10 86
804 2 2 4 13 86 85 9
805 2 2 4 13 10 11 86
806 2 2 4 13 86 11 87
807 2 2 4 13 11 12 88
808 2 2 4 13 88 87 11
809 2 2 4 13 12 13 88
810 2 2 4 13 88 13 89
811 2 2 4 13 13 14 90
812 2 2 4 13 90 89 13
813 2 2 4 13 14 15 90
814 2 2 4 13 90 15 91
815 2 2 4 13 15 16 92
816 2 2 4 13 92 91 15
817 2 2 4 13 16 17 92
818 2 2 4 13 92 17 93
819 2 2 4 13 17 18 94
820 2 2 4 13 94 93 17
821 2 2 4 13 18 19 94
822 2 2 4 13 94 19 95
823 2 2 4 13 19 20 96
824 2 2 4 13 96 95 19
825 2 2 4 13 20 21 96
826 2 2 4 13 96 21 97
827 2 2 4 13 21 22 98
828 2 2 4 13 98 97 21
829 2 2 4 13 22 23 98
830 2 2 4 13 98 23 99
831 2 2 4 13 23 24 100
832 2 2 4 13 100 99 23
833 2 2 4 13 24 25 100
834 2 2 4 13 100 25 101
835 2 2 4 13 25 26 102
836 2 2 4 13 102 101 25
837 2 2 4 13 26 27 102
838 2 2 4 13 102 27 103
839 2 2 4 13 27 2 6
840 2 2 4 13 6 103 27
841 2 2 1 17 2 28 6
842 2 2 1 17 6 28 104
843 2 2 1 17 28 29 105
844 2 2 1 17 105 104 28
845 2 2 1 17 29 30 105
846 2 2 1 17 105 30 106
847 2 2 1 17 30 31 107
848 2 2 1 17 107 106 30
849 2 2 1 17 31 32 107
850 2 2 1 17 107 32 108
851 2 2 1 17 32 33 109
852 2 2 1 17 109 108 32
853 2 2 1 17 33 34 109
854 2 2 1 17 109 34 110
855 2 2 1 17 34 35 111
856 2 2 1 17 111 110 34
857 2 2 1 17 35 36 111
858 2 2 1 17 111 36 112
859 2 2 1 17 36 37 113
860 2 2 1 17 113 112 36
861 2 2 1 17 37 38 113
862 2 2 1 17 113 38 114
863 2 2 1 17 38 39 115
864 2 2 1 17 115 114 38
865 2 2 1 17 39 40 115
866 2 2 1 17 115 40 116
867 2 2 1 17 40 41 117
868 2 2 1 17 117 116 40
869 2 2 1 17 41 42 117
870 2 2 1 17 117 42 118
871 2 2 1 17 42 43 119
872 2 2 1 17 119 118 42
873 2 2 1 17 43 44 119
874 2 2 1 17 119 44 120
875 2 2 1 17 44 45 121
876 2 2 1 17 121 120 44
877 2 2 1 17 45 46 121
878 2 2 1 17 121 46 122
879 2 2 1 17 46 3 7
880 2 2 1 17 7 122 46
881 2 2 3 21 3 47 7
882 2 2 3 21 7 47 123
883 2 2 3 21 47 48 124
884 2 2 3 21 124 123 47
885 2 2 3 21 48 49 124
886 2 2 3 21 124 49 125
887 2 2 3 21 49 50 126
888 2 2 3 21 126 125 49
889 2 2 3 21 50 51 126
890 2 2 3 21 126 51 127
891 2 2 3 21 51 52 128
892 2 2 3 21 128 127 51
893 2 2 3 21 52 53 128
894 2 2 3 21 128 53 129
895 2 2 3 21 53 54 130
896 2 2 3 21 130 129 53
897 2 2 3 21 54 55 130
898 2 2 3 21 130 55 131
899 2 2 3 21 55 56 132
900 2 2 3 21 132 131 55
901 2 2 3 21 56 57 132
902 2 2 3 21 132 57 133
903 2 2 3 21 57 58 134
904 2 2 3 21 134 133 57
905 2 2 3 21 58 59 134
906 2 2 3 21 134 59 135
907 2 2 3 21 59 60 136
908 2 2 3 21 136 135 59
909 2 2 3 21 60 61 136
910 2 2 3 21 136 61 137
911 2 2 3 21 61 62 138
912 2 2 3 21 138 137 61
913 2 2 3 21 62 63 138
914 2 2 3 21 138 63 139
915 2 2 3 21 63 64 140
916 2 2 3 21 140 139 63
917 2 2 3 21 64 65 140
918 2 2 3 21 140 65 141
919 2 2 3 21 65 4 8
920 2 2 3 21 8 141 65
921 2 2 2 25 1 5 84
922 2 2 2 25 5 160 84
923 2 2 2 25 84 159 83
924 2 2 2 25 159 84 160
925 2 2 2 25 83 159 82
926 2 2 2 25 159 158 82
927 2 2 2 25 82 157 81
928 2 2 2 25 157 82 158
929 2 2 2 25 81 157 80
930 2 2 2 25 157 156 80
931 2 2 2 25 80 155 79
932 2 2 2 25 155 80 156
933 2 2 2 25 79 155 78
934 2 2 2 25 155 154 78
935 2 2 2 25 78 153 77
936 2 2 2 25 153 78 154
937 2 2 2 25 77 153 76
938 2 2 2 25 153 152 76
939 2 2 2 25 76 151 75
940 2 2 2 25 151 76 152
941 2 2 2 25 75 151 74
942 2 2 2 25 151 150 74
943 2 2 2 25 74 149 73
944 2 2 2 25 149 74 150
945 2 2 2 25 73 149 72
946 2 2 2 25 149 148 72
947 2 2 2 25 72 147 71
948 2 2 2 25 147 72 148
949 2 2 2 25 71 147 70
950 2 2 2 25 147 146 70
951 2 2 2 25 70 145 69
952 2 2 2 25 145 70 146
953 2 2 2 25 69 145 68
954 2 2 2 25 145 144 68
955 2 2 2 25 68 143 67
956 2 2 2 25 143 68 144
957 2 2 2 25 67 143 66
958 2 2 2 25 143 142 66
959 2 2 2 25 66 8 4
960 2 2 2 25 8 66 142
961 2 2 5 26 5 85 160
962 2 2 5 26 160 85 522
963 2 2 5 26 160 522 523
964 2 2 5 26 523 159 160
965 2 2 5 26 159 523 158
966 2 2 5 26 158 523 524
967 2 2 5 26 158 524 525
968 2 2 5 26 525 157 158
969 2 2 5 26 157 525 156
970 2 2 5 26 156 525 526
971 2 2 5 26 156 526 527
972 2 2 5 26 527 155 156
973 2 2 5 26 155 527 154
974 2 2 5 26 154 527 528
975 2 2 5 26 154 528 529
976 2 2 5 26 529 153 154
977 2 2 5 26 153 529 152
978 2 2 5 26 152 529 530
979 2 2 5 26 152 530 531
980 2 2 5 26 531 151 152
981 2 2 5 26 151 531 150
982 2 2 5 26 150 531 532
983 2 2 5 26 150 532 533
984 2 2 5 26 533 149 150
985 2 2 5 26 149 533 148
986 2 2 5 26 148 533 534
987 2 2 5 26 148 534 535
988 2 2 5 26 535 147 148
989 2 2 5 26 147 535 146
990 2 2 5 26 146 535 536
991 2 2 5 26 146 536 537
992 2 2 5 26 537 145 146
993 2 2 5 26 145 537 144
994 2 2 5 26 144 537 538
995 2 2 5 26 144 538 539
996 2 2 5 26 539 143 144
997 2 2 5 26 143 539 142
998 2 2 5 26 142 539 540
999 2 2 5 26 142 540 141
1000 2 2 5 26 141 8 142
1001 2 2 5 26 85 86 541
1002 2 2 5 26 541 522 85
1003 2 2 5 26 522 541 523
1004 2 2 5 26 523 541 542
1005 2 2 5 26 523 542 543
1006 2 2 5 26 543 524 523
1007 2 2 5 26 524 543 525
1008 2 2 5 26 525 543 544
1009 2 2 5 26 525 544 545
1010 2 2 5 26 545 526 525
1011 2 2 5 26 526 545 527
1012 2 2 5 26 527 545 546
1013 2 2 5 26 527 546 547
1014 2 2 5 26 547 528 527
1015 2 2 5 26 528 547 529
1016 2 2 5 26 529 547 548
1017 2 2 5 26 529 548 549
1018 2 2 5 26 549 530 529
1019 2 2 5 26 530 549 531
1020 2 2 5 26 531 549 550
1021 2 2 5 26 531 550 551
1022 2 2 5 26 551 532 531
1023 2 2 5 26 532 551 533
1024 2 2 5 26 533 551 552
1025 2 2 5 26 533 552 553
1026 2 2 5 26 553 534 533
1027 2 2 5 26 534 553 535
1028 2 2 5 26 535 553 554
1029 2 2 5 26 535 554 555
1030 2 2 5 26 555 536 535
1031 2 2 5 26 536 555 537
1032 2 2 5 26 537 555 556
1033 2 2 5 26 537 556 557
1034 2 2 5 26 557 538 537
1035 2 2 5 26 538 557 539
1036 2 2 5 26 539 557 558
1037 2 2 5 26 539 558 559
1038 2 2 5 26 559 540 539
1039 2 2 5 26 540 559 141
1040 2 2 5 26 141 559 140
1041 2 2 5 26 86 87 541
1042 2 2 5 26 541 87 560
1043 2 2 5 26 541 560 561
1044 2 2 5 26 561 542 541
1045 2 2 5 26 542 561 543
1046 2 2 5 26 543 561 562
1047 2 2 5 26 543 562 563
1048 2 2 5 26 563 544 543
1049 2 2 5 26 544 563 545
1050 2 2 5 26 545 563 564
1051 2 2 5 26 545 564 565
1052 2 2 5 26 565 546 545
1053 2 2 5 26 546 565 547
1054 2 2 5 26 547 565 566
1055 2 2 5 26 547 566 567
1056 2 2 5 26 567 548 547
1057 2 2 5 26 548 567 549
1058 2 2 5 26 549 567 568
1059 2 2 5 26 549 568 569
1060 2 2 5 26 569 550 549
1061 2 2 5 26 550 569 551
1062 2 2 5 26 551 569 570
1063 2 2 5 26 551 570 571
1064 2 2 5 26 571 552 551
1065 2 2 5 26 552 571 553
1066 2 2 5 26 553 571 572
1067 2 2 5 26 553 572 573
1068 2 2 5 26 573 554 553
1069 2 2 5 26 554 573 555
1070 2 2 5 26 555 573 574
1071 2 2 5 26 555 574 575
1072 2 2 5 26 575 556 555
1073 2 2 5 26 556 575 557
1074 2 2 5 26 557 575 576
1075 2 2 5 26 557 576 577
1076 2 2 5 26 577 558 557
1077 2 2 5 26 558 577 559
1078 2 2 5 26 559 577 578
1079 2 2 5 26 559 578 139
1080 2 2 5 26 139 140 559
1081 2 2 5 26 87 88 579
1082 2 2 5 26 579 560 87
1083 2 2 5 26 560 579 561
1084 2 2 5 26 561 579 580
1085 2 2 5 26 561 580 581
1086 2 2 5 26 581 562 561
1087 2 2 5 26 562 581 563
1088 2 2 5 26 563 581 582
1089 2 2 5 26 563 582 583
1090 2 2 5 26 583 564 563
1091 2 2 5 26 564 583 565
1092 2 2 5 26 565 583 584
1093 2 2 5 26 565 584 585
1094 2 2 5 26 585 566 565
1095 2 2 5 26 566 585 567
1096 2 2 5 26 567 585 586
1097 2 2 5 26 567 586 587
1098 2 2 5 26 587 568 567
1099 2 2 5 26 568 587 569
1100 2 2 5 26 569 587 588
1101 2 2 5 26 569 588 589
1102 2 2 5 26 589 570 569
1103 2 2 5 26 570 589 571
1104 2 2 5 26 571 589 590
1105 2 2 5 26 571 590 591
1106 2 2 5 26 591 572 571
1107 2 2 5 26 572 591 573
1108 2 2 5 26 573 591 592
1109 2 2 5 26 573 592 593
1110 2 2 5 26 593 574 573
1111 2 2 5 26 574 593 575
1112 2 2 5 26 575 593 594
1113 2 2 5 26 575 594 595
1114 2 2 5 26 595 576 575
1115 2 2 5 26 576 595 577
1116 2 2 5 26 577 595 596
1117 2 2 5 26 577 596 597
1118 2 2 5 26 597 578 577
1119 2 2 5 26 578 597 139
1120 2 2 5 26 139 597 138
1121 2 2 5 26 88 89 579
1122 2 2 5 26 579 89 598
1123 2 2 5 26 579 598 599
1124 2 2 5 26 599 580 579
1125 2 2 5 26 580 599 581
1126 2 2 5 26 581 599 600
1127 2 2 5 26 581 600 601
1128 2 2 5 26 601 582 581
1129 2 2 5 26 582 601 583
1130 2 2 5 26 583 601 602
1131 2 2 5 26 583 602 603
1132 2 2 5 26 603 584 583
1133 2 2 5 26 584 603 585
1134 2 2 5 26 585 603 604
1135 2 2 5 26 585 604 605
1136 2 2 5 26 605 586 585
1137 2 2 5 26 586 605 587
1138 2 2 5 26 587 605 606
1139 2 2 5 26 587 606 607
1140 2 2 5 26 607 588 587
1141 2 2 5 26 588 607 589
1142 2 2 5 26 589 607 608
1143 2 2 5 26 589 608 609
1144 2 2 5 26 609 590 589
1145 2 2 5 26 590 609 591
1146 2 2 5 26 591 609 610
1147 2 2 5 26 591 610 611
1148 2 2 5 26 611 592 591
1149 2 2 5 26 592 611 593
1150 2 2 5 26 593 611 612
1151 2 2 5 26 593 612 613
1152 2 2 5 26 613 594 593
1153 2 2 5 26 594 613 595
1154 2 2 5 26 595 613 614
1155 2 2 5 26 595 614 615
1156 2 2 5 26 615 596 595
1157 2 2 5 26 596 615 597
1158 2 2 5 26 597 615 616
1159 2 2 5 26 597 616 137
1160 2 2 5 26 137 138 597
1161 2 2 5 26 89 90 617
1162 2 2 5 26 617 598 89
1163 2 2 5 26 598 617 599
1164 2 2 5 26 599 617 618
1165 2 2 5 26 599 618 619
1166 2 2 5 26 619 600 599
1167 2 2 5 26 600 619 601
1168 2 2 5 26 601 619 620
1169 2 2 5 26 601 620 621
1170 2 2 5 26 621 602 601
1171 2 2 5 26 602 621 603
1172 2 2 5 26 603 621 622
1173 2 2 5 26 603 622 623
1174 2 2 5 26 623 604 603
1175 2 2 5 26 604 623 605
1176 2 2 5 26 605 623 624
1177 2 2 5 26 605 624 625
1178 2 2 5 26 625 606 605
1179 2 2 5 26 606 625 607
1180 2 2 5 26 607 625 626
1181 2 2 5 26 607 626 627
1182 2 2 5 26 627 608 607
1183 2 2 5 26 608 627 609
1184 2 2 5 26 609 627 628
1185 2 2 5 26 609 628 629
1186 2 2 5 26 629 610 609
1187 2 2 5 26 610 629 611
1188 2 2 5 26 611 629 630
1189 2 2 5 26 611 630 631
1190 2 2 5 26 631 612 611
1191 2 2 5 26 612 631 613
1192 2 2 5 26 613 631 632
1193 2 2 5 26 613 632 633
1194 2 2 5 26 633 614 613
1195 2 2 5 26 614 633 615
1196 2 2 5 26 615 633 634
1197 2 2 5 26 615 634 635
1198 2 2 5 26 635 616 615
1199 2 2 5 26 616 635 137
1200 2 2 5 26 137 635 136
1201 2 2 5 26 90 91 617
1202 2 2 5 26 617 91 636
1203 2 2 5 26 617 636 637
1204 2 2 5 26 637 618 617
1205 2 2 5 26 618 637 619
1206 2 2 5 26 619 637 638
1207 2 2 5 26 619 638 639
1208 2 2 5 26 639 620 619
1209 2 2 5 26 620 639 621
1210 2 2 5 26 621 639 640
1211 2 2 5 26 621 640 641
1212 2 2 5 26 641 622 621
1213 2 2 5 26 622 641 623
1214 2 2 5 26 623 641 642
1215 2 2 5 26 623 642 643
1216 2 2 5 26 643 624 623
1217 2 2 5 26 624 643 625
1218 2 2 5 26 625 643 644
1219 2 2 5 26 625 644 645
1220 2 2 5 26 645 626 625
1221 2 2 5 26 626 645 627
1222 2 2 5 26 627 645 646
1223 2 2 5 26 627 646 647
1224 2 2 5 26 647 628 627
1225 2 2 5 26 628 647 629
1226 2 2 5 26 629 647 648
1227 2 2 5 26 629 648 649
1228 2 2 5 26 649 630 629
1229 2 2 5 26 630 649 631
1230 2 2 5 26 631 649 650
1231 2 2 5 26 631 650 651
1232 2 2 5 26 651 632 631
1233 2 2 5 26 632 651 633
1234 2 2 5 26 633 651 652
1235 2 2 5 26 633 652 653
1236 2 2 5 26 653 634 633
1237 2 2 5 26 634 653 635
1238 2 2 5 26 635 653 654
1239 2 2 5 26 635 654 135
1240 2 2 5 26 135 136 635
1241 2 2 5 26 91 92 655
1242 2 2 5 26 655 636 91
1243 2 2 5 26 636 655 637
1244 2 2 5 26 637 655 656
1245 2 2 5 26 637 656 657
1246 2 2 5 26 657 638 637
1247 2 2 5 26 638 657 639
1248 2 2 5 26 639 657 658
1249 2 2 5 26 639 658 659
1250 2 2 5 26 659 640 639
1251 2 2 5 26 640 659 641
1252 2 2 5 26 641 659 660
1253 2 2 5 26 641 660 661
1254 2 2 5 26 661 642 641
1255 2 2 5 26 642 661 643
1256 2 2 5 26 643 661 662
1257 2 2 5 26 643 662 663
1258 2 2 5 26 663 644 643
1259 2 2 5 26 644 663 645
1260 2 2 5 26 645 663 664
1261 2 2 5 26 645 664 665
1262 2 2 5 26 665 646 645
1263 2 2 5 26 646 665 647
1264 2 2 5 26 647 665 666
1265 2 2 5 26 647 666 667
1266 2 2 5 26 667 648 647
1267 2 2 5 26 648 667 649
1268 2 2 5 26 649 667 668
1269 2 2 5 26 649 668 669
1270 2 2 5 26 669 650 649
1271 2 2 5 26 650 669 651
1272 2 2 5 26 651 669 670
1273 2 2 5 26 651 670 671
1274 2 2 5 26 671 652 651
1275 2 2 5 26 652 671 653
1276 2 2 5 26 653 671 672
1277 2 2 5 26 653 672 673
1278 2 2 5 26 673 654 653
1279 2 2 5 26 654 673 135
1280 2 2 5 26 135 673 134
1281 2 2 5 26 92 93 655
1282 2 2 5 26 655 93 674
1283 2 2 5 26 655 674 675
1284 2 2 5 26 675 656 655
1285 2 2 5 26 656 675 657
1286 2 2 5 26 657 675 676
1287 2 2 5 26 657 676 677
1288 2 2 5 26 677 658 657
1289 2 2 5 26 658 677 659
1290 2 2 5 26 659 677 678
1291 2 2 5 26 659 678 679
1292 2 2 5 26 679 660 659
1293 2 2 5 26 660 679 661
1294 2 2 5 26 661 679 680
1295 2 2 5 26 661 680 681
1296 2 2 5 26 681 662 661
1297 2 2 5 26 662 681 663
1298 2 2 5 26 663 681 682
1299 2 2 5 26 663 682 683
1300 2 2 5 26 683 664 663
1301 2 2 5 26 664 683 665
1302 2 2 5 26 665 683 684
1303 2 2 5 26 665 684 685
1304 2 2 5 26 685 666 665
1305 2 2 5 26 666 685 667
1306 2 2 5 26 667 685 686
1307 2 2 5 26 667 686 687
1308 2 2 5 26 687 668 667
1309 2 2 5 26 668 687 669
1310 2 2 5 26 669 687 688
1311 2 2 5 26 669 688 689
1312 2 2 5 26 689 670 669
1313 2 2 5 26 670 689 671
1314 2 2 5 26 671 689 690
1315 2 2 5 26 671 690 691
1316 2 2 5 26 691 672 671
1317 2 2 5 26 672 691 673
1318 2 2 5 26 673 691 692
1319 2 2 5 26 673 692 133
1320 2 2 5 26 133 134 673
1321 2 2 5 26 93 94 693
1322 2 2 5 26 693 674 93
1323 2 2 5 26 674 693 675
1324 2 2 5 26 675 693 694
1325 2 2 5 26 675 694 695
1326 2 2 5 26 695 676 675
1327 2 2 5 26 676 695 677
1328 2 2 5 26 677 695 696
1329 2 2 5 26 677 696 697
1330 2 2 5 26 697 678 677
1331 2 2 5 26 678 697 679
1332 2 2 5 26 679 697 698
1333 2 2 5 26 679 698 699
1334 2 2 5 26 699 680 679
1335 2 2 5 26 680 699 681
1336 2 2 5 26 681 699 700
1337 2 2 5 26 681 700 701
1338 2 2 5 26 701 682 681
1339 2 2 5 26 682 701 683
1340 2 2 5 26 683 701 702
1341 2 2 5 26 683 702 703
1342 2 2 5 26 703 684 683
1343 2 2 5 26 684 703 685
1344 2 2 5 26 685 703 704
1345 2 2 5 26 685 704 705
1346 2 2 5 26 705 686 685
1347 2 2 5 26 686 705 687
1348 2 2 5 26 687 705 706
1349 2 2 5 26 687 706 707
1350 2 2 5 26 707 688 687
1351 2 2 5 26 688 707 689
1352 2 2 5 26 689 707 708
1353 2 2 5 26 689 708 709
1354 2 2 5 26 709 690 689
1355 2 2 5 26 690 709 691
1356 2 2 5 26 691 709 710
1357 2 2 5 26 691 710 711
1358 2 2 5 26 711 692 691
1359 2 2 5 26 692 711 133
1360 2 2 5 26 133 711 132
1361 2 2 5 26 94 95 693
1362 2 2 5 26 693 95 712
1363 2 2 5 26 693 712 713
1364 2 2 5 26 713 694 693
1365 2 2 5 26 694 713 695
1366 2 2 5 26 695 713 714
1367 2 2 5 26 695 714 715
1368 2 2 5 26 715 696 695
1369 2 2 5 26 696 715 697
1370 2 2 5 26 697 715 716
1371 2 2 5 26 697 716 717
1372 2 2 5 26 717 698 697
1373 2 2 5 26 698 717 699
1374 2 2 5 26 699 717 718
1375 2 2 5 26 699 718 719
1376 2 2 5 26 719 700 699
1377 2 2 5 26 700 719 701
1378 2 2 5 26 701 719 720
1379 2 2 5 26 701 720 721
1380 2 2 5 26 721 702 701
1381 2 2 5 26 702 721 703
1382 2 2 5 26 703 721 722
1383 2 2 5 26 703 722 723
1384 2 2 5 26 723 704 703
1385 2 2 5 26 704 723 705
1386 2 2 5 26 705 723 724
1387 2 2 5 26 705 724 725
1388 2 2 5 26 725 706 705
1389 2 2 5 26 706 725 707
1390 2 2 5 26 707 725 726
1391 2 2 5 26 707 726 727
1392 2 2 5 26 727 708 707
1393 2 2 5 26 708 727 709
1394 2 2 5 26 709 727 728
1395 2 2 5 26 709 728 729
1396 2 2 5 26 729 710 709
1397 2 2 5 26 710 729 711
1398 2 2 5 26 711 729 730
1399 2 2 5 26 711 730 131
1400 2 2 5 26 131 132 711
1401 2 2 5 26 95 96 731
1402 2 2 5 26 731 712 95
1403 2 2 5 26 712 731 713
1404 2 2 5 26 713 731 732
1405 2 2 5 26 713 732 733
1406 2 2 5 26 733 714 713
1407 2 2 5 26 714 733 715
1408 2 2 5 26 715 733 734
1409 2 2 5 26 715 734 735
1410 2 2 5 26 735 716 715
1411 2 2 5 26 716 735 717
1412 2 2 5 26 717 735 736
1413 2 2 5 26 717 736 737
1414 2 2 5 26 737 718 717
1415 2 2 5 26 718 737 719
1416 2 2 5 26 719 737 738
1417 2 2 5 26 719 738 739
1418 2 2 5 26 739 720 719
1419 2 2 5 26 720 739 721
1420 2 2 5 26 721 739 740
1421 2 2 5 26 721 740 741
1422 2 2 5 26 741 722 721
1423 2 2 5 26 722 741 723
1424 2 2 5 26 723 741 742
1425 2 2 5 26 723 742 743
1426 2 2 5 26 743 724 723
1427 2 2 5 26 724 743 725
1428 2 2 5 26 725 743 744
1429 2 2 5 26 725 744 745
1430 2 2 5 26 745 726 725
1431 2 2 5 26 726 745 727
1432 2 2 5 26 727 745 746
1433 2 2 5 26 727 746 747
1434 2 2 5 26 747 728 727
1435 2 2 5 26 728 747 729
1436 2 2 5 26 729 747 748
1437 2 2 5 26 729 748 749
1438 2 2 5 26 749 730 729
1439 2 2 5 26 730 749 131
1440 2 2 5 26 131 749 130
1441 2 2 5 26 96 97 731
1442 2 2 5 26 731 97 750
1443 2 2 5 26 731 750 751
1444 2 2 5 26 751 732 731
1445 2 2 5 26 732 751 733
1446 2 2 5 26 733 751 752
1447 2 2 5 26 733 752 753
1448 2 2 5 26 753 734 733
1449 2 2 5 26 734 753 735
1450 2 2 5 26 735 753 754
1451 2 2 5 26 735 754 755
1452 2 2 5 26 755 736 735
1453 2 2 5 26 736 755 737
1454 2 2 5 26 737 755 756
1455 2 2 5 26 737 756 757
1456 2 2 5 26 757 738 737
1457 2 2 5 26 738 757 739
1458 2 2 5 26 739 757 758
1459 2 2 5 26 739 758 759
1460 2 2 5 26 759 740 739
1461 2 2 5 26 740 759 741
1462 2 2 5 26 741 759 760
1463 2 2 5 26 741 760 761
1464 2 2 5 26 761 742 741
1465 2 2 5 26 742 761 743
1466 2 2 5 26 743 761 762
1467 2 2 5 26 743 762 763
1468 2 2 5 26 763 744 743
1469 2 2 5 26 744 763 745
1470 2 2 5 26 745 763 764
1471 2 2 5 26 745 764 765
1472 2 2 5 26 765 746 745
1473 2 2 5 26 746 765 747
1474 2 2 5 26 747 765 766
1475 2 2 5 26 747 766 767
1476 2 2 5 26 767 748 747
1477 2 2 5 26 748 767 749
1478 2 2 5 26 749 767 768
1479 2 2 5 26 749 768 129
1480 2 2 5 26 129 130 749
1481 2 2 5 26 97 98 769
1482 2 2 5 26 769 750 97
1483 2 2 5 26 750 769 751
1484 2 2 5 26 751 769 770
1485 2 2 5 26 751 770 771
1486 2 2 5 26 771 752 751
1487 2 2 5 26 752 771 753
1488 2 2 5 26 753 771 772
1489 2 2 5 26 753 772 773
1490 2 2 5 26 773 754 753
1491 2 2 5 26 754 773 755
1492 2 2 5 26 755 773 774
1493 2 2 5 26 755 774 775
1494 2 2 5 26 775 756 755
1495 2 2 5 26 756 775 757
1496 2 2 5 26 757 775 776
1497 2 2 5 26 757 776 777
1498 2 2 5 26 777 758 757
1499 2 2 5 26 758 777 759
1500 2 2 5 26 759 777 778
1501 2 2 5 26 759 778 779
1502 2 2 5 26 779 760 759
1503 2 2 5 26 760 779 761
1504 2 2 5 26 761 779 780
1505 2 2 5 26 761 780 781
1506 2 2 5 26 781 762 761
1507 2 2 5 26 762 781 763
1508 2 2 5 26 763 781 782
1509 2 2 5 26 763 782 783
1510 2 2 5 26 783 764 763
1511 2 2 5 26 764 783 765
1512 2 2 5 26 765 783 784
1513 2 2 5 26 765 784 785
1514 2 2 5 26 785 766 765
1515 2 2 5 26 766 785 767
1516 2 2 5 26 767 785 786
1517 2 2 5 26 767 786 787
1518 2 2 5 26 787 768 767
1519 2 2 5 26 768 787 129
1520 2 2 5 26 129 787 128
1521 2 2 5 26 98 99 769
1522 2 2 5 26 769 99 788
1523 2 2 5 26 769 788 789
1524 2 2 5 26 789 770 769
1525 2 2 5 26 770 789 771
1526 2 2 5 26 771 789 790
1527 2 2 5 26 771 790 791
1528 2 2 5 26 791 772 771
1529 2 2 5 26 772 791 773
1530 2 2 5 26 773 791 792
1531 2 2 5 26 773 792 793
1532 2 2 5 26 793 774 773
1533 2 2 5 26 774 793 775
1534 2 2 5 26 775 793 794
1535 2 2 5 26 775 794 795
1536 2 2 5 26 795 776 775
1537 2 2 5 26 776 795 777
1538 2 2 5 26 777 795 796
1539 2 2 5 26 777 796 797
1540 2 2 5 26 797 778 777
1541 2 2 5 26 778 797 779
1542 2 2 5 26 779 797 798
1543 2 2 5 26 779 798 799
1544 2 2 5 26 799 780 779
1545 2 2 5 26 780 799 781
1546 2 2 5 26 781 799 800
1547 2 2 5 26 781 800 801
1548 2 2 5 26 801 782 781
1549 2 2 5 26 782 801 783
1550 2 2 5 26 783 801 802
1551 2 2 5 26 783 802 803
1552 2 2 5 26 803 784 783
1553 2 2 5 26 784 803 785
1554 2 2 5 26 785 803 804
1555 2 2 5 26 785 804 805
1556 2 2 5 26 805 786 785
1557 2 2 5 26 786 805 787
1558 2 2 5 26 787 805 806
1559 2 2 5 26 787 806 127
1560 2 2 5 26 127 128 787
1561 2 2 5 26 99 100 807
1562 2 2 5 26 807 788 99
1563 2 2 5 26 788 807 789
1564 2 2 5 26 789 807 808
1565 2 2 5 26 789 808 809
1566 2 2 5 26 809 790 789
1567 2 2 5 26 790 809 791
1568 2 2 5 26 791 809 810
1569 2 2 5 26 791 810 811
1570 2 2 5 26 811 792 791
1571 2 2 5 26 792 811 793
1572 2 2 5 26 793 811 812
1573 2 2 5 26 793 812 813
1574 2 2 5 26 813 794 793
1575 2 2 5 26 794 813 795
1576 2 2 5 26 795 813 814
1577 2 2 5 26 795 814 815
1578 2 2 5 26 815 796 795
1579 2 2 5 26 796 815 797
1580 2 2 5 26 797 815 816
1581 2 2 5 26 797 816 817
1582 2 2 5 26 817 798 797
1583 2 2 5 26 798 817 799
1584 2 2 5 26 799 817 818
1585 2 2 5 26 799 818 819
1586 2 2 5 26 819 800 799
1587 2 2 5 26 800 819 801
1588 2 2 5 26 801 819 820
1589 2 2 5 26 801 820 821
1590 2 2 5 26 821 802 801
1591 2 2 5 26 802 821 803
1592 2 2 5 26 803 821 822
1593 2 2 5 26 803 822 823
1594 2 2 5 26 823 804 803
1595 2 2 5 26 804 823 805
1596 2 2 5 26 805 823 824
1597 2 2 5 26 805 824 825
1598 2 2 5 26 825 806 805
1599 2 2 5 26 806 825 127
1600 2 2 5 26 127 825 126
1601 2 2 5 26 100 101 807
1602 2 2 5 26 807 101 826
1603 2 2 5 26 807 826 827
1604 2 2 5 26 827 808 807
1605 2 2 5 26 808 827 809
1606 2 2 5 26 809 827 828
1607 2 2 5 26 809 828 829
1608 2 2 5 26 829 810 809
1609 2 2 5 26 810 829 811
1610 2 2 5 26 811 829 830
1611 2 2 5 26 811 830 831
1612 2 2 5 26 831 812 811
1613 2 2 5 26 812 831 813
1614 2 2 5 26 813 831 832
1615 2 2 5 26 813 832 833
1616 2 2 5 26 833 814 813
1617 2 2 5 26 814 833 815
1618 2 2 5 26 815 833 834
1619 2 2 5 26 815 834 835
1620 2 2 5 26 835 816 815
1621 2 2 5 26 816 835 817
1622 2 2 5 26 817 835 836
1623 2 2 5 26 817 836 837
1624 2 2 5 26 837 818 817
1625 2 2 5 26 818 837 819
1626 2 2 5 26 819 837 838
1627 2 2 5 26 819 838 839
1628 2 2 5 26 839 820 819
1629 2 2 5 26 820 839 821
1630 2 2 5 26 821 839 840
1631 2 2 5 26 821 840 841
1632 2 2 5 26 841 822 821
1633 2 2 5 26 822 841 823
1634 2 2 5 26 823 841 842
1635 2 2 5 26 823 842 843
1636 2 2 5 26 843 824 823
1637 2 2 5 26 824 843 825
1638 2 2 5 26 825 843 844
1639 2 2 5 26 825 844 125
1640 2 2 5 26 125 126 825
1641 2 2 5 26 101 102 845
1642 2 2 5 26 845 826 101
1643 2 2 5 26 826 845 827
1644 2 2 5 26 827 845 846
1645 2 2 5 26 827 846 847
1646 2 2 5 26 847 828 827
1647 2 2 5 26 828 847 829
1648 2 2 5 26 829 847 848
1649 2 2 5 26 829 848 849
1650 2 2 5 26 849 830 829
1651 2 2 5 26 830 849 831
1652 2 2 5 26 831 849 850
1653 2 2 5 26 831 850 851
1654 2 2 5 26 851 832 831
1655 2 2 5 26 832 851 833
1656 2 2 5 26 833 851 852
1657 2 2 5 26 833 852 853
1658 2 2 5 26 853 834 833
1659 2 2 5 26 834 853 835
1660 2 2 5 26 835 853 854
1661 2 2 5 26 835 854 855
1662 2 2 5 26 855 836 835
1663 2 2 5 26 836 855 837
1664 2 2 5 26 837 855 856
1665 2 2 5 26 837 856 857
1666 2 2 5 26 857 838 837
1667 2 2 5 26 838 857 839
1668 2 2 5 26 839 857 858
1669 2 2 5 26 839 858 859
1670 2 2 5 26 859 840 839
1671 2 2 5 26 840 859 841
1672 2 2 5 26 841 859 860
1673 2 2 5 26 841 860 861
1674 2 2 5 26 861 842 841
1675 2 2 5 26 842 861 843
1676 2 2 5 26 843 861 862
1677 2 2 5 26 843 862 863
1678 2 2 5 26 863 844 843
1679 2 2 5 26 844 863 125
1680 2 2 5 26 125 863 124
1681 2 2 5 26 102 103 845
1682 2 2 5 26 845 103 864
1683 2 2 5 26 845 864 865
1684 2 2 5 26 865 846 845
1685 2 2 5 26 846 865 847
1686 2 2 5 26 847 865 866
1687 2 2 5 26 847 866 867
1688 2 2 5 26 867 848 847
1689 2 2 5 26 848 867 849
1690 2 2 5 26 849 867 868
1691 2 2 5 26 849 868 869
1692 2 2 5 26 869 850 849
1693 2 2 5 26 850 869 851
1694 2 2 5 26 851 869 870
1695 2 2 5 26 851 870 871
1696 2 2 5 26 871 852 851
1697 2 2 5 26 852 871 853
1698 2 2 5 26 853 871 872
1699 2 2 5 26 853 872 873
1700 2 2 5 26 873 854 853
1701 2 2 5 26 854 873 855
1702 2 2 5 26 855 873 874
1703 2 2 5 26 855 874 875
1704 2 2 5 26 875 856 855
1705 2 2 5 26 856 875 857
1706 2 2 5 26 857 875 876
1707 2 2 5 26 857 876 877
1708 2 2 5 26 877 858 857
1709 2 2 5 26 858 877 859
1710 2 2 5 26 859 877 878
1711 2 2 5 26 859 878 879
1712 2 2 5 26 879 860 859
1713 2 2 5 26 860 879 861
1714 2 2 5 26 861 879 880
1715 2 2 5 26 861 880 881
1716 2 2 5 26 881 862 861
1717 2 2 5 26 862 881 863
1718 2 2 5 26 863 881 882
1719 2 2 5 26 863 882 123
1720 2 2 5 26 123 124 863
1721 2 2 5 26 103 6 104
1722 2 2 5 26 104 864 103
1723 2 2 5 26 864 104 865
1724 2 2 5 26 865 104 105
1725 2 2 5 26 865 105 106
1726 2 2 5 26 106 866 865
1727 2 2 5 26 866 106 867
1728 2 2 5 26 867 106 107
1729 2 2 5 26 867 107 108
1730 2 2 5 26 108 868 867
1731 2 2 5 26 868 108 869
1732 2 2 5 26 869 108 109
1733 2 2 5 26 869 109 110
1734 2 2 5 26 110 870 869
1735 2 2 5 26 870 110 871
1736 2 2 5 26 871 110 111
1737 2 2 5 26 871 111 112
1738 2 2 5 26 112 872 871
1739 2 2 5 26 872 112 873
1740 2 2 5 26 873 112 113
1741 2 2 5 26 873 113 114
1742 2 2 5 26 114 874 873
1743 2 2 5 26 874 114 875
1744 2 2 5 26 875 114 115
1745 2 2 5 26 875 115 116
1746 2 2 5 26 116 876 875
1747 2 2 5 26 876 116 877
1748 2 2 5 26 877 116 117
1749 2 2 5 26 877 117 118
1750 2 2 5 26 118 878 877
1751 2 2 5 26 878 118 879
1752 2 2 5 26 879 118 119
1753 2 2 5 26 879 119 120
1754 2 2 5 26 120 880 879
1755 2 2 5 26 880 120 881
1756 2 2 5 26 881 120 121
1757 2 2 5 26 881 121 122
1758 2 2 5 26 122 882 881
1759 2 2 5 26 882 122 123
1760 2 2 5 26 123 122 7
1761 6 2 7 1 1 9 84 5 85 160
1762 6 2 7 1 84 9 161 160 85 522
1763 6 2 7 1 84 161 162 160 522 523
1764 6 2 7 1 162 83 84 523 159 160
1765 6 2 7 1 83 162 82 159 523 158
1766 6 2 7 1 82 162 163 158 523 524
1767 6 2 7 1 82 163 164 158 524 525
1768 6 2 7 1 164 81 82 525 157 158
1769 6 2 7 1 81 164 80 157 525 156
1770 6 2 7 1 80 164 165 156 525 526
1771 6 2 7 1 80 165 166 156 526 527
1772 6 2 7 1 166 79 80 527 155 156
1773 6 2 7 1 79 166 78 155 527 154
1774 6 2 7 1 78 166 167 154 527 528
1775 6 2 7 1 78 167 168 154 528 529
1776 6 2 7 1 168 77 78 529 153 154
1777 6 2 7 1 77 168 76 153 529 152
1778 6 2 7 1 76 168 169 152 529 530
1779 6 2 7 1 76 169 170 152 530 531
1780 6 2 7 1 170 75 76 531 151 152
1781 6 2 7 1 75 170 74 151 531 150
1782 6 2 7 1 74 170 171 150 531 532
1783 6 2 7 1 74 171 172 150 532 533
1784 6 2 7 1 172 73 74 533 149 150
1785 6 2 7 1 73 172 72 149 533 148
1786 6 2 7 1 72 172 173 148 533 534
1787 6 2 7 1 72 173 174 148 534 535
1788 6 2 7 1 174 71 72 535 147 148
1789 6 2 7 1 71 174 70 147 535 146
1790 6 2 7 1 70 174 175 146 535 536
1791 6 2 7 1 70 175 176 146 536 537
1792 6 2 7 1 176 69 70 537 145 146
1793 6 2 7 1 69 176 68 145 537 144
1794 6 2 7 1 68 176 177 144 537 538
1795 6 2 7 1 68 177 178 144 538 539
1796 6 2 7 1 178 67 68 539 143 144
1797 6 2 7 1 67 178 66 143 539 142
1798 6 2 7 1 66 178 179 142 539 540
1799 6 2 7 1 66 179 65 142 540 141
1800 6 2 7 1 65 4 66 141 8 142
1801 6 2 7 1 9 10 180 85 86 541
1802 6 2 7 1 180 161 9 541 522 85
1803 6 2 7 1 161 180 162 522 541 523
1804 6 2 7 1 162 180 181 523 541 542
1805 6 2 7 1 162 181 182 523 542 543
1806 6 2 7 1 182 163 162 543 524 523
1807 6 2 7 1 163 182 164 524 543 525
1808 6 2 7 1 164 182 183 525 543 544
1809 6 2 7 1 164 183 184 525 544 545
1810 6 2 7 1 184 165 164 545 526 525
1811 6 2 7 1 165 184 166 526 545 527
1812 6 2 7 1 166 184 185 527 545 546
1813 6 2 7 1 166 185 186 527 546 547
1814 6 2 7 1 186 167 166 547 528 527
1815 6 2 7 1 167 186 168 528 547 529
1816 6 2 7 1 168 186 187 529 547 548
1817 6 2 7 1 168 187 188 529 548 549
1818 6 2 7 1 188 169 168 549 530 529
1819 6 2 7 1 169 188 170 530 549 531
1820 6 2 7 1 170 188 189 531 549 550
1821 6 2 7 1 170 189 190 531 550 551
1822 6 2 7 1 190 171 170 551 532 531
1823 6 2 7 1 171 190 172 532 551 533
1824 6 2 7 1 172 190 191 533 551 552
1825 6 2 7 1 172 191 192 533 552 553
1826 6 2 7 1 192 173 172 553 534 533
1827 6 2 7 1 173 192 174 534 553 535
1828 6 2 7 1 174 192 193 535 553 554
1829 6 2 7 1 174 193 194 535 554 555
1830 6 2 7 1 194 175 174 555 536 535
1831 6 2 7 1 175 194 176 536 555 537
1832 6 2 7 1 176 194 195 537 555 556
1833 6 2 7 1 176 195 196 537 556 557
1834 6 2 7 1 196 177 176 557 538 537
1835 6 2 7 1 177 196 178 538 557 539
1836 6 2 7 1 178 196 197 539 557 558
1837 6 2 7 1 178 197 198 539 558 559
1838 6 2 7 1 198 179 178 559 540 539
1839 6 2 7 1 179 198 65 540 559 141
1840 6 2 7 1 65 198 64 141 559 140
1841 6 2 7 1 10 11 180 86 87 541
1842 6 2 7 1 180 11 199 541 87 560
1843 6 2 7 1 180 199 200 541 560 561
1844 6 2 7 1 200 181 180 561 542 541
1845 6 2 7 1 181 200 182 542 561 543
1846 6 2 7 1 182 200 201 543 561 562
1847 6 2 7 1 182 201 202 543 562 563
1848 6 2 7 1 202 183 182 563 544 543
1849 6 2 7 1 183 202 184 544 563 545
1850 6 2 7 1 184 202 203 545 563 564
1851 6 2 7 1 184 203 204 545 564 565
1852 6 2 7 1 204 185 184 565 546 545
1853 6 2 7 1 185 204 186 546 565 547
1854 6 2 7 1 186 204 205 547 565 566
1855 6 2 7 1 186 205 206 547 566 567
1856 6 2 7 1 206 187 186 567 548 547
1857 6 2 7 1 187 206 188 548 567 549
1858 6 2 7 1 188 206 207 549 567 568
1859 6 2 7 1 188 207 208 549 568 569
1860 6 2 7 1 208 189 188 569 550 549
1861 6 2 7 1 189 208 190 550 569 551
1862 6 2 7 1 190 208 209 551 569 570
1863 6 2 7 1 190 209 210 551 570 571
1864 6 2 7 1 210 191 190 571 552 551
1865 6 2 7 1 191 210 192 552 571 553
1866 6 2 7 1 192 210 211 553 571 572
1867 6 2 7 1 192 211 212 553 572 573
1868 6 2 7 1 212 193 192 573 554 553
1869 6 2 7 1 193 212 194 554 573 555
1870 6 2 7 1 194 212 213 555 573 574
1871 6 2 7 1 194 213 214 555 574 575
1872 6 2 7 1 214 195 194 575 556 555
1873 6 2 7 1 195 214 196 556 575 557
1874 6 2 7 1 196 214 215 557 575 576
1875 6 2 7 1 196 215 216 557 576 577
1876 6 2 7 1 216 197 196 577 558 557
1877 6 2 7 1 197 216 198 558 577 559
1878 6 2 7 1 198 216 217 559 577 578
1879 6 2 7 1 198 217 63 559 578 139
1880 6 2 7 1 63 64 198 139 140 559
1881 6 2 7 1 11 12 218 87 88 579
1882 6 2 7 1 218 199 11 579 560 87
1883 6 2 7 1 199 218 200 560 579 561
1884 6 2 7 1 200 218 219 561 579 580
1885 6 2 7 1 200 219 220 561 580 581
1886 6 2 7 1 220 201 200 581 562 561
1887 6 2 7 1 201 220 202 562 581 563
1888 6 2 7 1 202 220 221 563 581 582
1889 6 2 7 1 202 221 222 563 582 583
1890 6 2 7 1 222 203 202 583 564 563
1891 6 2 7 1 203 222 204 564 583 565
1892 6 2 7 1 204 222 223 565 583 584
1893 6 2 7 1 204 223 224 565 584 585
1894 6 2 7 1 224 205 204 585 566 565
1895 6 2 7 1 205 224 206 566 585 567
1896 6 2 7 1 206 224 225 567 585 586
1897 6 2 7 1 206 225 226 567 586 587
1898 6 2 7 1 226 207 206 587 568 567
1899 6 2 7 1 207 226 208 568 587 569
1900 6 2 7 1 208 226 227 569 587 588
1901 6 2 7 1 208 227 228 569 588 589
1902 6 2 7 1 228 209 208 589 570 569
1903 6 2 7 1 209 228 210 570 589 571
1904 6 2 7 1 210 228 229 571 589 590
1905 6 2 7 1 210 229 230 571 590 591
1906 6 2 7 1 230 211 210 591 572 571
1907 6 2 7 1 211 230 212 572 591 573
1908 6 2 7 1 212 230 231 573 591 592
1909 6 2 7 1 212 231 232 573 592 593
1910 6 2 7 1 232 213 212 593 574 573
1911 6 2 7 1 213 232 214 574 593 575
1912 6 2 7 1 214 232 233 575 593 594
1913 6 2 7 1 214 233 234 575 594 595
1914 6 2 7 1 234 215 214 595 576 575
1915 6 2 7 1 215 234 216 576 595 577
1916 6 2 7 1 216 234 235 577 595 596
1917 6 2 7 1 216 235 236 577 596 597
1918 6 2 7 1 236 217 216 597 578 577
1919 6 2 7 1 217 236 63 578 597 139
1920 6 2 7 1 63 236 62 139 597 138
1921 6 2 7 1 12 13 218 88 89 579
1922 6 2 7 1 218 13 237 579 89 598
1923 6 2 7 1 218 237 238 579 598 599
1924 6 2 7 1 238 219 218 599 580 579
1925 6 2 7 1 219 238 220 580 599 581
1926 6 2 7 1 220 238 239 581 599 600
1927 6 2 7 1 220 239 240 581 600 601
1928 6 2 7 1 240 221 220 601 582 581
1929 6 2 7 1 221 240 222 582 601 583
1930 6 2 7 1 222 240 241 583 601 602
1931 6 2 7 1 222 241 242 583 602 603
1932 6 2 7 1 242 223 222 603 584 583
1933 6 2 7 1 223 242 224 584 603 585
1934 6 2 7 1 224 242 243 585 603 604
1935 6 2 7 1 224 243 244 585 604 605
1936 6 2 7 1 244 225 224 605 586 585
1937 6 2 7 1 225 244 226 586 605 587
1938 6 2 7 1 226 244 245 587 605 606
1939 6 2 7 1 226 245 246 587 606 607
1940 6 2 7 1 246 227 226 607 588 587
1941 6 2 7 1 227 246 228 588 607 589
1942 6 2 7 1 228 246 247 589 607 608
1943 6 2 7 1 228 247 248 589 608 609
1944 6 2 7 1 248 229 228 609 590 589
1945 6 2 7 1 229 248 230 590 609 591
1946 6 2 7 1 230 248 249 591 609 610
1947 6 2 7 1 230 249 250 591 610 611
1948 6 2 7 1 250 231 230 611 592 591
1949 6 2 7 1 231 250 232 592 611 593
1950 6 2 7 1 232 250 251 593 611 612
1951 6 2 7 1 232 251 252 593 612 613
1952 6 2 7 1 252 233 232 613 594 593
1953 6 2 7 1 233 252 234 594 613 595
1954 6 2 7 1 234 252 253 595 613 614
1955 6 2 7 1 234 253 254 595 614 615
1956 6 2 7 1 254 235 234 615 596 595
1957 6 2 7 1 235 254 236 596 615 597
1958 6 2 7 1 236 254 255 597 615 616
1959 6 2 7 1 236 255 61 597 616 137
1960 6 2 7 1 61 62 236 137 138 597
1961 6 2 7 1 13 14 256 89 90 617
1962 6 2 7 1 256 237 13 617 598 89
1963 6 2 7 1 237 256 238 598 617 599
1964 6 2 7 1 238 256 257 599 617 618
1965 6 2 7 1 238 257 258 599 618 619
1966 6 2 7 1 258 239 238 619 600 599
1967 6 2 7 1 239 258 240 600 619 601
1968 6 2 7 1 240 258 259 601 619 620
1969 6 2 7 1 240 259 260 601 620 621
1970 6 2 7 1 260 241 240 621 602 601
1971 6 2 7 1 241 260 242 602 621 603
1972 6 2 7 1 242 260 261 603 621 622
1973 6 2 7 1 242 261 262 603 622 623
1974 6 2 7 1 262 243 242 623 604 603
1975 6 2 7 1 243 262 244 604 623 605
1976 6 2 7 1 244 262 263 605 623 624
1977 6 2 7 1 244 263 264 605 624 625
1978 6 2 7 1 264 245 244 625 606 605
1979 6 2 7 1 245 264 246 606 625 607
1980 6 2 7 1 246 264 265 607 625 626
1981 6 2 7 1 246 265 266 607 626 627
1982 6 2 7 1 266 247 246 627 608 607
1983 6 2 7 1 247 266 248 608 627 609
1984 6 2 7 1 248 266 267 609 627 628
1985 6 2 7 1 248 267 268 609 628 629
1986 6 2 7 1 268 249 248 629 610 609
1987 6 2 7 1 249 268 250 610 629 611
1988 6 2 7 1 250 268 269 611 629 630
1989 6 2 7 1 250 269 270 611 630 631
1990 6 2 7 1 270 251 250 631 612 611
1991 6 2 7 1 251 270 252 612 631 613
1992 6 2 7 1 252 270 271 613 631 632
1993 6 2 7 1 252 271 272 613 632 633
1994 6 2 7 1 272 253 252 633 614 613
1995 6 2 7 1 253 272 254 614 633 615
1996 6 2 7 1 254 272 273 615 633 634
1997 6 2 7 1 254 273 274 615 634 635
1998 6 2 7 1 274 255 254 635 616 615
1999 6 2 7 1 255 274 61 616 635 137
2000 6 2 7 1 61 274 60 137 635 136
2001 6 2 7 1 14 15 256 90 91 617
2002 6 2 7 1 256 15 275 617 91 636
2003 6 2 7 1 256 275 276 617 636 637
2004 6 2 7 1 276 257 256 637 618 617
2005 6 2 7 1 257 276 258 618 637 619
2006 6 2 7 1 258 276 277 619 637 638
2007 6 2 7 1 258 277 278 619 638 639
2008 6 2 7 1 278 259 258 639 620 619
2009 6 2 7 1 259 278 260 620 639 621
2010 6 2 7 1 260 278 279 621 639 640
2011 6 2 7 1 260 279 280 621 640 641
2012 6 2 7 1 280 261 260 641 622 621
2013 6 2 7 1 261 280 262 622 641 623
2014 6 2 7 1 262 280 281 623 641 642
2015 6 2 7 1 262 281 282 623 642 643
2016 6 2 7 1 282 263 262 643 624 623
2017 6 2 7 1 263 282 264 624 643 625
2018 6 2 7 1 264 282 283 625 643 644
2019 6 2 7 1 264 283 284 625 644 645
2020 6 2 7 1 284 265 264 645 626 625
2021 6 2 7 1 265 284 266 626 645 627
2022 6 2 7 1 266 284 285 627 645 646
2023 6 2 7 1 266 285 286 627 646 647
2024 6 2 7 1 286 267 266 647 628 627
2025 6 2 7 1 267 286 268 628 647 629
2026 6 2 7 1 268 286 287 629 647 648
2027 6 2 7 1 268 287 288 629 648 649
2028 6 2 7 1 288 269 268 649 630 629
2029 6 2 7 1 269 288 270 630 649 631
2030 6 2 7 1 270 288 289 631 649 650
2031 6 2 7 1 270 289 290 631 650 651
2032 6 2 7 1 290 271 270 651 632 631
2033 6 2 7 1 271 290 272 632 651 633
2034 6 2 7 1 272 290 291 633 651 652
2035 6 2 7 1 272 291 292 633 652 653
2036 6 2 7 1 292 273 272 653 634 633
2037 6 2 7 1 273 292 274 634 653 635
2038 6 2 7 1 274 292 293 635 653 654
2039 6 2 7 1 274 293 59 635 654 135
2040 6 2 7 1 59 60 274 135 136 635
2041 6 2 7 1 15 16 294 91 92 655
2042 6 2 7 1 294 275 15 655 636 91
2043 6 2 7 1 275 294 276 636 655 637
2044 6 2 7 1 276 294 295 637 655 656
2045 6 2 7 1 276 295 296 637 656 657
2046 6 2 7 1 296 277 276 657 638 637
2047 6 2 7 1 277 296 278 638 657 639
2048 6 2 7 1 278 296 297 639 657 658
2049 6 2 7 1 278 297 298 639 658 659
2050 6 2 7 1 298 279 278 659 640 639
2051 6 2 7 1 279 298 280 640 659 641
2052 6 2 7 1 280 298 299 641 659 660
2053 6 2 7 1 280 299 300 641 660 661
2054 6 2 7 1 300 281 280 661 642 641
2055 6 2 7 1 281 300 282 642 661 643
2056 6 2 7 1 282 300 301 643 661 662
2057 6 2 7 1 282 301 302 643 662 663
2058 6 2 7 1 302 283 282 663 644 643
2059 6 2 7 1 283 302 284 644 663 645
2060 6 2 7 1 284 302 303 645 663 664
2061 6 2 7 1 284 303 304 645 664 665
2062 6 2 7 1 304 285 284 665 646 645
2063 6 2 7 1 285 304 286 646 665 647
2064 6 2 7 1 286 304 305 647 665 666
2065 6 2 7 1 286 305 306 647 666 667
2066 6 2 7 1 306 287 286 667 648 647
2067 6 2 7 1 287 306 288 648 667 649
2068 6 2 7 1 288 306 307 649 667 668
2069 6 2 7 1 288 307 308 649 668 669
2070 6 2 7 1 308 289 288 669 650 649
2071 6 2 7 1 289 308 290 650 669 651
2072 6 2 7 1 290 308 309 651 669 670
2073 6 2 7 1 290 309 310 651 670 671
2074 6 2 7 1 310 291 290 671 652 651
2075 6 2 7 1 291 310 292 652 671 653
2076 6 2 7 1 292 310 311 653 671 672
2077 6 2 7 1 292 311 312 653 672 673
2078 6 2 7 1 312 293 292 673 654 653
2079 6 2 7 1 293 312 59 654 673 135
2080 6 2 7 1 59 312 58 135 673 134
2081 6 2 7 1 16 17 294 92 93 655
2082 6 2 7 1 294 17 313 655 93 674
2083 6 2 7 1 294 313 314 655 674 675
2084 6 2 7 1 314 295 294 675 656 655
2085 6 2 7 1 295 314 296 656 675 657
2086 6 2 7 1 296 314 315 657 675 676
2087 6 2 7 1 296 315 316 657 676 677
2088 6 2 7 1 316 297 296 677 658 657
2089 6 2 7 1 297 316 298 658 677 659
2090 6 2 7 1 298 316 317 659 677 678
2091 6 2 7 1 298 317 318 659 678 679
2092 6 2 7 1 318 299 298 679 660 659
2093 6 2 7 1 299 318 300 660 679 661
2094 6 2 7 1 300 318 319 661 679 680
2095 6 2 7 1 300 319 320 661 680 681
2096 6 2 7 1 320 301 300 681 662 661
2097 6 2 7 1 301 320 302 662 681 663
2098 6 2 7 1 302 320 321 663 681 682
2099 6 2 7 1 302 321 322 663 682 683
2100 6 2 7 1 322 303 302 683 664 663
2101 6 2 7 1 303 322 304 664 683 665
2102 6 2 7 1 304 322 323 665 683 684
2103 6 2 7 1 304 323 324 665 684 685
2104 6 2 7 1 324 305 304 685 666 665
2105 6 2 7 1 305 324 306 666 685 667
2106 6 2 7 1 306 324 325 667 685 686
2107 6 2 7 1 306 325 326 667 686 687
2108 6 2 7 1 326 307 306 687 668 667
2109 6 2 7 1 307 326 308 668 687 669
2110 6 2 7 1 308 326 327 669 687 688
2111 6 2 7 1 308 327 328 669 688 689
2112 6 2 7 1 328 309 308 689 670 669
2113 6 2 7 1 309 328 310 670 689 671
2114 6 2 7 1 310 328 329 671 689 690
2115 6 2 7 1 310 329 330 671 690 691
2116 6 2 7 1 330 311 310 691 672 671
2117 6 2 7 1 311 330 312 672 691 673
2118 6 2 7 1 312 330 331 673 691 692
2119 6 2 7 1 312 331 57 673 692 133
2120 6 2 7 1 57 58 312 133 134 673
2121 6 2 7 1 17 18 332 93 94 693
2122 6 2 7 1 332 313 17 693 674 93
2123 6 2 7 1 313 332 314 674 693 675
2124 6 2 7 1 314 332 333 675 693 694
2125 6 2 7 1 314 333 334 675 694 695
2126 6 2 7 1 334 315 314 695 676 675
2127 6 2 7 1 315 334 316 676 695 677
2128 6 2 7 1 316 334 335 677 695 696
2129 6 2 7 1 316 335 336 677 696 697
2130 6 2 7 1 336 317 316 697 678 677
2131 6 2 7 1 317 336 318 678 697 679
2132 6 2 7 1 318 336 337 679 697 698
2133 6 2 7 1 318 337 338 679 698 699
2134 6 2 7 1 338 319 318 699 680 679
2135 6 2 7 1 319 338 320 680 699 681
2136 6 2 7 1 320 338 339 681 699 700
2137 6 2 7 1 320 339 340 681 700 701
2138 6 2 7 1 340 321 320 701 682 681
2139 6 2 7 1 321 340 322 682 701 683
2140 6 2 7 1 322 340 341 683 701 702
2141 6 2 7 1 322 341 342 683 702 703
2142 6 2 7 1 342 323 322 703 684 683
2143 6 2 7 1 323 342 324 684 703 685
2144 6 2 7 1 324 342 343 685 703 704
2145 6 2 7 1 324 343 344 685 704 705
2146 6 2 7 1 344 325 324 705 686 685
2147 6 2 7 1 325 344 326 686 705 687
2148 6 2 7 1 326 344 345 687 705 706
2149 6 2 7 1 326 345 346 687 706 707
2150 6 2 7 1 346 327 326 707 688 687
2151 6 2 7 1 327 346 328 688 707 689
2152 6 2 7 1 328 346 347 689 707 708
2153 6 2 7 1 328 347 348 689 708 709
2154 6 2 7 1 348 329 328 709 690 689
2155 6 2 7 1 329 348 330 690 709 691
2156 6 2 7 1 330 348 349 691 709 710
2157 6 2 7 1 330 349 350 691 710 711
2158 6 2 7 1 350 331 330 711 692 691
2159 6 2 7 1 331 350 57 692 711 133
2160 6 2 7 1 57 350 56 133 711 132
2161 6 2 7 1 18 19 332 94 95 693
2162 6 2 7 1 332 19 351 693 95 712
2163 6 2 7 1 332 351 352 693 712 713
2164 6 2 7 1 352 333 332 713 694 693
2165 6 2 7 1 333 352 334 694 713 695
2166 6 2 7 1 334 352 353 695 713 714
2167 6 2 7 1 334 353 354 695 714 715
2168 6 2 7 1 354 335 334 715 696 695
2169 6 2 7 1 335 354 336 696 715 697
2170 6 2 7 1 336 354 355 697 715 716
2171 6 2 7 1 336 355 356 697 716 717
2172 6 2 7 1 356 337 336 717 698 697
2173 6 2 7 1 337 356 338 698 717 699
2174 6 2 7 1 338 356 357 699 717 718
2175 6 2 7 1 338 357 358 699 718 719
2176 6 2 7 1 358 339 338 719 700 699
2177 6 2 7 1 339 358 340 700 719 701
2178 6 2 7 1 340 358 359 701 719 720
2179 6 2 7 1 340 359 360 701 720 721
2180 6 2 7 1 360 341 340 721 702 701
2181 6 2 7 1 341 360 342 702 721 703
2182 6 2 7 1 342 360 361 703 721 722
2183 6 2 7 1 342 361 362 703 722 723
2184 6 2 7 1 362 343 342 723 704 703
2185 6 2 7 1 343 362 344 704 723 705
2186 6 2 7 1 344 362 363 705 723 724
2187 6 2 7 1 344 363 364 705 724 725
2188 6 2 7 1 364 345 344 725 706 705
2189 6 2 7 1 345 364 346 706 725 707
2190 6 2 7 1 346 364 365 707 725 726
2191 6 2 7 1 346 365 366 707 726 727
2192 6 2 7 1 366 347 346 727 708 707
2193 6 2 7 1 347 366 348 708 727 709
2194 6 2 7 1 348 366 367 709 727 728
2195 6 2 7 1 348 367 368 709 728 729
2196 6 2 7 1 368 349 348 729 710 709
2197 6 2 7 1 349 368 350 710 729 711
2198 6 2 7 1 350 368 369 711 729 730
2199 6 2 7 1 350 369 55 711 730 131
2200 6 2 7 1 55 56 350 131 132 711
2201 6 2 7 1 19 20 370 95 96 731
2202 6 2 7 1 370 351 19 731 712 95
2203 6 2 7 1 351 370 352 712 731 713
2204 6 2 7 1 352 370 371 713 731 732
2205 6 2 7 1 352 371 372 713 732 733
2206 6 2 7 1 372 353 352 733 714 713
2207 6 2 7 1 353 372 354 714 733 715
2208 6 2 7 1 354 372 373 715 733 734
2209 6 2 7 1 354 373 374 715 734 735
2210 6 2 7 1 374 355 354 735 716 715
2211 6 2 7 1 355 374 356 716 735 717
2212 6 2 7 1 356 374 375 717 735 736
2213 6 2 7 1 356 375 376 717 736 737
2214 6 2 7 1 376 357 356 737 718 717
2215 6 2 7 1 357 376 358 718 737 719
2216 6 2 7 1 358 376 377 719 737 738
2217 6 2 7 1 358 377 378 719 738 739
2218 6 2 7 1 378 359 358 739 720 719
2219 6 2 7 1 359 378 360 720 739 721
2220 6 2 7 1 360 378 379 721 739 740
2221 6 2 7 1 360 379 380 721 740 741
2222 6 2 7 1 380 361 360 741 722 721
2223 6 2 7 1 361 380 362 722 741 723
2224 6 2 7 1 362 380 381 723 741 742
2225 6 2 7 1 362 381 382 723 742 743
2226 6 2 7 1 382 363 362 743 724 723
2227 6 2 7 1 363 382 364 724 743 725
2228 6 2 7 1 364 382 383 725 743 744
2229 6 2 7 1 364 383 384 725 744 745
2230 6 2 7 1 384 365 364 745 726 725
2231 6 2 7 1 365 384 366 726 745 727
2232 6 2 7 1 366 384 385 727 745 746
2233 6 2 7 1 366 385 386 727 746 747
2234 6 2 7 1 386 367 366 747 728 727
2235 6 2 7 1 367 386 368 728 747 729
2236 6 2 7 1 368 386 387 729 747 748
2237 6 2 7 1 368 387 388 729 748 749
2238 6 2 7 1 388 369 368 749 730 729
2239 6 2 7 1 369 388 55 730 749 131
2240 6 2 7 1 55 388 54 131 749 130
2241 6 2 7 1 20 21 370 96 97 731
2242 6 2 7 1 370 21 389 731 97 750
2243 6 2 7 1 370 389 390 731 750 751
2244 6 2 7 1 390 371 370 751 732 731
2245 6 2 7 1 371 390 372 732 751 733
2246 6 2 7 1 372 390 391 733 751 752
2247 6 2 7 1 372 391 392 733 752 753
2248 6 2 7 1 392 373 372 753 734 733
2249 6 2 7 1 373 392 374 734 753 735
2250 6 2 7 1 374 392 393 735 753 754
2251 6 2 7 1 374 393 394 735 754 755
2252 6 2 7 1 394 375 374 755 736 735
2253 6 2 7 1 375 394 376 736 755 737
2254 6 2 7 1 376 394 395 737 755 756
2255 6 2 7 1 376 395 396 737 756 757
2256 6 2 7 1 396 377 376 757 738 737
2257 6 2 7 1 377 396 378 738 757 739
2258 6 2 7 1 378 396 397 739 757 758
2259 6 2 7 1 378 397 398 739 758 759
2260 6 2 7 1 398 379 378 759 740 739
2261 6 2 7 1 379 398 380 740 759 741
2262 6 2 7 1 380 398 399 741 759 760
2263 6 2 7 1 380 399 400 741 760 761
2264 6 2 7 1 400 381 380 761 742 741
2265 6 2 7 1 381 400 382 742 761 743
2266 6 2 7 1 382 400 401 743 761 762
2267 6 2 7 1 382 401 402 743 762 763
2268 6 2 7 1 402 383 382 763 744 743
2269 6 2 7 1 383 402 384 744 763 745
2270 6 2 7 1 384 402 403 745 763 764
2271 6 2 7 1 384 403 404 745 764 765
2272 6 2 7 1 404 385 384 765 746 745
2273 6 2 7 1 385 404 386 746 765 747
2274 6 2 7 1 386 404 405 747 765 766
2275 6 2 7 1 386 405 406 747 766 767
2276 6 2 7 1 406 387 386 767 748 747
2277 6 2 7 1 387 406 388 748 767 749
2278 6 2 7 1 388 406 407 749 767 768
2279 6 2 7 1 388 407 53 749 768 129
2280 6 2 7 1 53 54 388 129 130 749
2281 6 2 7 1 21 22 408 97 98 769
2282 6 2 7 1 408 389 21 769 750 97
2283 6 2 7 1 389 408 390 750 769 751
2284 6 2 7 1 390 408 409 751 769 770
2285 6 2 7 1 390 409 410 751 770 771
2286 6 2 7 1 410 391 390 771 752 751
2287 6 2 7 1 391 410 392 752 771 753
2288 6 2 7 1 392 410 411 753 771 772
2289 6 2 7 1 392 411 412 753 772 773
2290 6 2 7 1 412 393 392 773 754 753
2291 6 2 7 1 393 412 394 754 773 755
2292 6 2 7 1 394 412 413 755 773 774
2293 6 2 7 1 394 413 414 755 774 775
2294 6 2 7 1 414 395 394 775 756 755
2295 6 2 7 1 395 414 396 756 775 757
2296 6 2 7 1 396 414 415 757 775 776
2297 6 2 7 1 396 415 416 757 776 777
2298 6 2 7 1 416 397 396 777 758 757
2299 6 2 7 1 397 416 398 758 777 759
2300 6 2 7 1 398 416 417 759 777 778
2301 6 2 7 1 398 417 418 759 778 779
2302 6 2 7 1 418 399 398 779 760 759
2303 6 2 7 1 399 418 400 760 779 761
2304 6 2 7 1 400 418 419 761 779 780
2305 6 2 7 1 400 419 420 761 780 781
2306 6 2 7 1 420 401 400 781 762 761
2307 6 2 7 1 401 420 402 762 781 763
2308 6 2 7 1 402 420 421 763 781 782
2309 6 2 7 1 402 421 422 763 782 783
2310 6 2 7 1 422 403 402 783 764 763
2311 6 2 7 1 403 422 404 764 783 765
2312 6 2 7 1 404 422 423 765 783 784
2313 6 2 7 1 404 423 424 765 784 785
2314 6 2 7 1 424 405 404 785 766 765
2315 6 2 7 1 405 424 406 766 785 767
2316 6 2 7 1 406 424 425 767 785 786
2317 6 2 7 1 406 425 426 767 786 787
2318 6 2 7 1 426 407 406 787 768 767
2319 6 2 7 1 407 426 53 768 787 129
2320 6 2 7 1 53 426 52 129 787 128
2321 6 2 7 1 22 23 408 98 99 769
2322 6 2 7 1 408 23 427 769 99 788
2323 6 2 7 1 408 427 428 769 788 789
2324 6 2 7 1 428 409 408 789 770 769
2325 6 2 7 1 409 428 410 770 789 771
2326 6 2 7 1 410 428 429 771 789 790
2327 6 2 7 1 410 429 430 771 790 791
2328 6 2 7 1 430 411 410 791 772 771
2329 6 2 7 1 411 430 412 772 791 773
2330 6 2 7 1 412 430 431 773 791 792
2331 6 2 7 1 412 431 432 773 792 793
2332 6 2 7 1 432 413 412 793 774 773
2333 6 2 7 1 413 432 414 774 793 775
2334 6 2 7 1 414 432 433 775 793 794
2335 6 2 7 1 414 433 434 775 794 795
2336 6 2 7 1 434 415 414 795 776 775
2337 6 2 7 1 415 434 416 776 795 777
2338 6 2 7 1 416 434 435 777 795 796
2339 6 2 7 1 416 435 436 777 796 797
2340 6 2 7 1 436 417 416 797 778 777
2341 6 2 7 1 417 436 418 778 797 779
2342 6 2 7 1 418 436 437 779 797 798
2343 6 2 7 1 418 437 438 779 798 799
2344 6 2 7 1 438 419 418 799 780 779
2345 6 2 7 1 419 438 420 780 799 781
2346 6 2 7 1 420 438 439 781 799 800
2347 6 2 7 1 420 439 440 781 800 801
2348 6 2 7 1 440 421 420 801 782 781
2349 6 2 7 1 421 440 422 782 801 783
2350 6 2 7 1 422 440 441 783 801 802
2351 6 2 7 1 422 441 442 783 802 803
2352 6 2 7 1 442 423 422 803 784 783
2353 6 2 7 1 423 442 424 784 803 785
2354 6 2 7 1 424 442 443 785 803 804
2355 6 2 7 1 424 443 444 785 804 805
2356 6 2 7 1 444 425 424 805 786 785
2357 6 2 7 1 425 444 426 786 805 787
2358 6 2 7 1 426 444 445 787 805 806
2359 6 2 7 1 426 445 51 787 806 127
2360 6 2 7 1 51 52 426 127 128 787
2361 6 2 7 1 23 24 446 99 100 807
2362 6 2 7 1 446 427 23 807 788 99
2363 6 2 7 1 427 446 428 788 807 789
2364 6 2 7 1 428 446 447 789 807 808
2365 6 2 7 1 428 447 448 789 808 809
2366 6 2 7 1 448 429 428 809 790 789
2367 6 2 7 1 429 448 430 790 809 791
2368 6 2 7 1 430 448 449 791 809 810
2369 6 2 7 1 430 449 450 791 810 811
2370 6 2 7 1 450 431 430 811 792 791
2371 6 2 7 1 431 450 432 792 811 793
2372 6 2 7 1 432 450 451 793 811 812
2373 6 2 7 1 432 451 452 793 812 813
2374 6 2 7 1 452 433 432 813 794 793
2375 6 2 7 1 433 452 434 794 813 795
2376 6 2 7 1 434 452 453 795 813 814
2377 6 2 7 1 434 453 454 795 814 815
2378 6 2 7 1 454 435 434 815 796 795
2379 6 2 7 1 435 454 436 796 815 797
2380 6 2 7 1 436 454 455 797 815 816
2381 6 2 7 1 436 455 456 797 816 817
2382 6 2 7 1 456 437 436 817 798 797
2383 6 2 7 1 437 456 438 798 817 799
2384 6 2 7 1 438 456 457 799 817 818
2385 6 2 7 1 438 457 458 799 818 819
2386 6 2 7 1 458 439 438 819 800 799
2387 6 2 7 1 439 458 440 800 819 801
2388 6 2 7 1 440 458 459 801 819 820
2389 6 2 7 1 440 459 460 801 820 821
2390 6 2 7 1 460 441 440 821 802 801
2391 6 2 7 1 441 460 442 802 821 803
2392 6 2 7 1 442 460 461 803 821 822
2393 6 2 7 1 442 461 462 803 822 823
2394 6 2 7 1 462 443 442 823 804 803
2395 6 2 7 1 443 462 444 804 823 805
2396 6 2 7 1 444 462 463 805 823 824
2397 6 2 7 1 444 463 464 805 824 825
2398 6 2 7 1 464 445 444 825 806 805
2399 6 2 7 1 445 464 51 806 825 127
2400 6 2 7 1 51 464 50 127 825 126
2401 6 2 7 1 24 25 446 100 101 807
2402 6 2 7 1 446 25 465 807 101 826
2403 6 2 7 1 446 465 466 807 826 827
2404 6 2 7 1 466 447 446 827 808 807
2405 6 2 7 1 447 466 448 808 827 809
2406 6 2 7 1 448 466 467 809 827 828
2407 6 2 7 1 448 467 468 809 828 829
2408 6 2 7 1 468 449 448 829 810 809
2409 6 2 7 1 449 468 450 810 829 811
2410 6 2 7 1 450 468 469 811 829 830
2411 6 2 7 1 450 469 470 811 830 831
2412 6 2 7 1 470 451 450 831 812 811
2413 6 2 7 1 451 470 452 812 831 813
2414 6 2 7 1 452 470 471 813 831 832
2415 6 2 7 1 452 471 472 813 832 833
2416 6 2 7 1 472 453 452 833 814 813
2417 6 2 7 1 453 472 454 814 833 815
2418 6 2 7 1 454 472 473 815 833 834
2419 6 2 7 1 454 473 474 815 834 835
2420 6 2 7 1 474 455 454 835 816 815
2421 6 2 7 1 455 474 456 816 835 817
2422 6 2 7 1 456 474 475 817 835 836
2423 6 2 7 1 456 475 476 817 836 837
2424 6 2 7 1 476 457 456 837 818 817
2425 6 2 7 1 457 476 458 818 837 819
2426 6 2 7 1 458 476 477 819 837 838
2427 6 2 7 1 458 477 478 819 838 839
2428 6 2 7 1 478 459 458 839 820 819
2429 6 2 7 1 459 478 460 820 839 821
2430 6 2 7 1 460 478 479 821 839 840
2431 6 2 7 1 460 479 480 821 840 841
2432 6 2 7 1 480 461 460 841 822 821
2433 6 2 7 1 461 480 462 822 841 823
2434 6 2 7 1 462 480 481 823 841 842
2435 6 2 7 1 462 481 482 823 842 843
2436 6 2 7 1 482 463 462 843 824 823
2437 6 2 7 1 463 482 464 824 843 825
2438 6 2 7 1 464 482 483 825 843 844
2439 6 2 7 1 464 483 49 825 844 125
2440 6 2 7 1 49 50 464 125 126 825
2441 6 2 7 1 25 26 484 101 102 845
2442 6 2 7 1 484 465 25 845 826 101
2443 6 2 7 1 465 484 466 826 845 827
2444 6 2 7 1 466 484 485 827 845 846
2445 6 2 7 1 466 485 486 827 846 847
2446 6 2 7 1 486 467 466 847 828 827
2447 6 2 7 1 467 486 468 828 847 829
2448 6 2 7 1 468 486 487 829 847 848
2449 6 2 7 1 468 487 488 829 848 849
2450 6 2 7 1 488 469 468 849 830 829
2451 6 2 7 1 469 488 470 830 849 831
2452 6 2 7 1 470 488 489 831 849 850
2453 6 2 7 1 470 489 490 831 850 851
2454 6 2 7 1 490 471 470 851 832 831
2455 6 2 7 1 471 490 472 832 851 833
2456 6 2 7 1 472 490 491 833 851 852
2457 6 2 7 1 472 491 492 833 852 853
2458 6 2 7 1 492 473 472 853 834 833
2459 6 2 7 1 473 492 474 834 853 835
2460 6 2 7 1 474 492 493 835 853 854
2461 6 2 7 1 474 493 494 835 854 855
2462 6 2 7 1 494 475 474 855 836 835
2463 6 2 7 1 475 494 476 836 855 837
2464 6 2 7 1 476 494 495 837 855 856
2465 6 2 7 1 476 495 496 837 856 857
2466 6 2 7 1 496 477 476 857 838 837
2467 6 2 7 1 477 496 478 838 857 839
2468 6 2 7 1 478 496 497 839 857 858
2469 6 2 7 1 478 497 498 839 858 859
2470 6 2 7 1 498 479 478 859 840 839
2471 6 2 7 1 479 498 480 840 859 841
2472 6 2 7 1 480 498 499 841 859 860
2473 6 2 7 1 480 499 500 841 860 861
2474 6 2 7 1 500 481 480 861 842 841
2475 6 2 7 1 481 500 482 842 861 843
2476 6 2 7 1 482 500 501 843 861 862
2477 6 2 7 1 482 501 502 843 862 863
2478 6 2 7 1 502 483 482 863 844 843
2479 6 2 7 1 483 502 49 844 863 125
2480 6 2 7 1 49 502 48 125 863 124
2481 6 2 7 1 26 27 484 102 103 845
2482 6 2 7 1 484 27 503 845 103 864
2483 6 2 7 1 484 503 504 845 864 865
2484 6 2 7 1 504 485 484 865 846 845
2485 6 2 7 1 485 504 486 846 865 847
2486 6 2 7 1 486 504 505 847 865 866
2487 6 2 7 1 486 505 506 847 866 867
2488 6 2 7 1 506 487 486 867 848 847
2489 6 2 7 1 487 506 488 848 867 849
2490 6 2 7 1 488 506 507 849 867 868
2491 6 2 7 1 488 507 508 849 868 869
2492 6 2 7 1 508 489 488 869 850 849
2493 6 2 7 1 489 508 490 850 869 851
2494 6 2 7 1 490 508 509 851 869 870
2495 6 2 7 1 490 509 510 851 870 871
2496 6 2 7 1 510 491 490 871 852 851
2497 6 2 7 1 491 510 492 852 871 853
2498 6 2 7 1 492 510 511 853 871 872
2499 6 2 7 1 492 511 512 853 872 873
2500 6 2 7 1 512 493 492 873 854 853
2501 6 2 7 1 493 512 494 854 873 855
2502 6 2 7 1 494 512 513 855 873 874
2503 6 2 7 1 494 513 514 855 874 875
2504 6 2 7 1 514 495 494 875 856 855
2505 6 2 7 1 495 514 496 856 875 857
2506 6 2 7 1 496 514 515 857 875 876
2507 6 2 7 1 496 515 516 857 876 877
2508 6 2 7 1 516 497 496 877 858 857
2509 6 2 7 1 497 516 498 858 877 859
2510 6 2 7 1 498 516 517 859 877 878
2511 6 2 7 1 498 517 518 859 878 879
2512 6 2 7 1 518 499 498 879 860 859
2513 6 2 7 1 499 518 500 860 879 861
2514 6 2 7 1 500 518 519 861 879 880
2515 6 2 7 1 500 519 520 861 880 881
2516 6 2 7 1 520 501 500 881 862 861
2517 6 2 7 1 501 520 502 862 881 863
2518 6 2 7 1 502 520 521 863 881 882
2519 6 2 7 1 502 521 47 863 882 123
2520 6 2 7 1 47 48 502 123 124 863
2521 6 2 7 1 27 2 28 103 6 104
2522 6 2 7 1 28 503 27 104 864 103
2523 6 2 7 1 503 28 504 864 104 865
2524 6 2 7 1 504 28 29 865 104 105
2525 6 2 7 1 504 29 30 865 105 106
2526 6 2 7 1 30 505 504 106 866 865
2527 6 2 7 1 505 30 506 866 106 867
2528 6 2 7 1 506 30 31 867 106 107
2529 6 2 7 1 506 31 32 867 107 108
2530 6 2 7 1 32 507 506 108 868 867
2531 6 2 7 1 507 32 508 868 108 869
2532 6 2 7 1 508 32 33 869 108 109
2533 6 2 7 1 508 33 34 869 109 110
2534 6 2 7 1 34 509 508 110 870 869
2535 6 2 7 1 509 34 510 870 110 871
2536 6 2 7 1 510 34 35 871 110 111
2537 6 2 7 1 510 35 36 871 111 112
2538 6 2 7 1 36 511 510 112 872 871
2539 6 2 7 1 511 36 512 872 112 873
2540 6 2 7 1 512 36 37 873 112 113
2541 6 2 7 1 512 37 38 873 113 114
2542 6 2 7 1 38 513 512 114 874 873
2543 6 2 7 1 513 38 514 874 114 875
2544 6 2 7 1 514 38 39 875 114 115
2545 6 2 7 1 514 39 40 875 115 116
2546 6 2 7 1 40 515 514 116 876 875
2547 6 2 7 1 515 40 516 876 116 877
2548 6 2 7 1 516 40 41 877 116 117
2549 6 2 7 1 516 41 42 877 117 118
2550 6 2 7 1 42 517 516 118 878 877
2551 6 2 7 1 517 42 518 878 118 879
2552 6 2 7 1 518 42 43 879 118 119
2553 6 2 7 1 518 43 44 879 119 120
2554 6 2 7 1 44 519 518 120 880 879
2555 6 2 7 1 519 44 520 880 120 881
2556 6 2 7 1 520 44 45 881 120 121
2557 6 2 7 1 520 45 46 881 121 122
2558 6 2 7 1 46 521 520 122 882 881
2559 6 2 7 1 521 46 47 882 122 123
2560 6 2 7 1 47 46 3 123 122 7
$EndElements
