/*--------------------------------*- C++ -*----------------------------------*\
  =========                 |
  \\      /  F ield         | OpenFOAM: The Open Source CFD Toolbox
   \\    /   O peration     | Website:  https://openfoam.org
    \\  /    A nd           | Version:  14
     \\/     M anipulation  |
\*---------------------------------------------------------------------------*/
FoamFile
{
    format      ascii;
    class       volVectorField;
    location    "67.999999999961";
    object      U;
}
// * * * * * * * * * * * * * * * * * * * * * * * * * * * * * * * * * * * * * //

dimensions      [0 1 -1 0 0 0 0];

internalField   nonuniform List<vector> 
2646
(
(0.00084880080356 -0.0041381427239 0)
(0.00129157160294 -0.00226687796018 -5.36511781231e-18)
(0.00431492840407 -0.00290997941134 -4.68375498182e-20)
(0.0161113414687 0.00193585221234 3.08983247066e-18)
(0.00281239802136 -0.0123001905713 -8.52091396681e-19)
(-0.0801435558211 0.0120047123532 0)
(-0.0103184750937 0.00510731856743 0)
(-0.104719783055 0.00334104494488 0)
(-0.334367895928 0.0962965466499 -1.12776895679e-16)
(-0.35308022254 0.0215856950716 3.48104523151e-17)
(-0.0635156422901 0.0380754263961 1.06114686761e-18)
(-0.365879643951 -0.0340052960042 -4.80270202925e-18)
(-0.404983031409 0.0335401193273 1.433749897e-16)
(-0.402877184423 -0.00126225065084 2.32397491667e-17)
(-0.377021129731 0.0698806949405 2.72837644294e-17)
(-0.234711547913 -0.127441662058 6.55559682874e-19)
(-0.382790451178 -0.0566185395613 -3.82211559447e-17)
(-0.20373092608 0.104639875238 0)
(-0.348900889992 -0.0996451624316 -1.37300127892e-16)
(-0.113557312937 0.0631098346894 0)
(-0.304359643579 -0.0579447841403 4.64521684712e-17)
(0.0024014345922 -0.00621410610353 6.4807312018e-18)
(-0.217885681171 0.00117827721058 2.62956640507e-18)
(-0.349245343713 -0.00664446055777 -1.63994533045e-16)
(-0.218144568285 -0.0601182416736 -4.78020402544e-17)
(-0.101420229769 0.0542219497533 1.94595358341e-18)
(-0.167404656893 0.0263375414565 0)
(-0.305446999131 0.0541110875399 1.30828531868e-16)
(-0.323629710479 0.0320145597728 0)
(-0.196469088655 0.0718154606381 7.72905316733e-17)
(-0.106762341922 0.0164005758864 -5.38246024761e-17)
(0.000311486702401 0.00201139621437 1.70325074342e-18)
(0.000569605982181 -0.00854689756778 -1.11433507334e-17)
(-0.000902828417475 -0.0382714173081 0)
(-0.00983807435046 -0.0239489559317 0)
(-0.0622491913535 0.0413107095699 0)
(-0.271746900462 0.107341928196 0)
(-0.391256877147 0.0526315610026 -1.08505839512e-16)
(-0.4085772602 -0.0404800000196 -3.64594242348e-17)
(-0.291818776588 -0.11799553661 -6.58534153622e-18)
(-0.139207557106 -0.0730133577873 0)
(-0.108393404913 -0.0714824581063 -2.77017646859e-19)
(0.000120173989931 0.00316486176364 6.77428969584e-17)
(0.000468982080113 -0.00223255881562 -1.54678382049e-16)
(0.00149591171322 0.00278020987933 3.42258987228e-17)
(-0.00953623404433 -0.0115709589882 1.37137450145e-17)
(-0.00342523980608 0.00390894350833 -1.09120165429e-17)
(-0.00238786279888 0.0989031659934 -4.89182563856e-17)
(-0.00288615049373 0.0332121039754 1.39637902319e-17)
(0.0134562363203 0.16985112012 -1.03968763997e-17)
(-0.0955293730644 0.296691008604 -8.84210073785e-17)
(0.0413194210598 0.359831704103 1.8106053871e-16)
(0.0117650944724 0.34575933149 0)
(0.0493232734726 0.305783881522 1.20640350518e-16)
(-0.048800578131 0.071083063807 4.73663034513e-19)
(-0.073148598671 0.124328022423 -4.7340493223e-18)
(0.052788050601 0.226154677702 -1.11007567948e-16)
(-0.00343540202443 0.346434829724 -7.08862205873e-17)
(-0.0216100574839 0.381629132669 1.63739369189e-16)
(0.011157826497 0.370419598401 -1.66497632764e-16)
(-0.0639439237105 0.336701619106 0)
(0.0941336647778 0.250770534187 -7.18283209146e-17)
(0.0500278835081 0.368699497392 -8.73946749618e-17)
(-0.117261715045 0.199130565577 4.9259461844e-18)
(0.078289900512 0.335638106998 2.47614166659e-16)
(-0.079256942974 0.119937180343 1.04390281532e-17)
(0.00837420109377 0.214243030545 6.13322187213e-17)
(0.00777202820091 0.00344818541097 -2.82500298821e-17)
(0.0559933248251 0.14595679129 5.58614344734e-17)
(-0.0556503929833 0.280077381189 1.288606747e-17)
(-0.00996623758927 0.31354457724 2.55368852407e-17)
(0.0321452965882 0.115004552015 1.62480236759e-17)
(-0.0815913617885 0.21756682478 6.874872959e-17)
(-0.0387269118575 0.15706795504 -2.24488173587e-17)
(-0.00209294058433 0.0638177532098 -2.16744511786e-16)
(-0.0151827883132 0.165398872134 0)
(0.000756277013478 -0.00326224479885 5.59199552235e-19)
(0.00290935295476 0.00204725427035 3.96173683745e-17)
(0.0225853896744 0.0566387907818 1.28034001316e-16)
(0.0111635785771 0.0660003800795 9.23504768877e-17)
(-0.0583656873254 0.0625410863124 3.18619967122e-18)
(-0.117866711818 0.25656367211 -8.52026396568e-20)
(-0.0347679107869 0.357350547352 0)
(0.0383411663357 0.375296565952 -2.35376821924e-16)
(0.0815094002826 0.279453477051 -2.06170509869e-17)
(0.0641215792732 0.178690695323 3.23232212711e-17)
(0.00297277021435 -0.406203701874 1.00133196106e-16)
(-0.0237025331118 -0.0904359949707 -4.11111108337e-17)
(-0.00562357123457 -0.257782987044 -4.57510056111e-17)
(-0.147164163029 -0.468056822343 1.68893325082e-16)
(-0.0563254323335 -0.540385496329 0)
(-0.0855316185885 -0.147784062837 4.11488990611e-18)
(-0.0139578148795 -0.449921559565 0)
(-0.0492926619733 -0.457956187259 0)
(-0.0166733975882 -0.426912948218 6.45384621285e-17)
(-0.0970356196658 -0.451960194496 -3.44727189496e-16)
(0.0353315451163 -0.372125030118 1.85881732334e-18)
(-0.00474958518678 -0.399555863382 0)
(-0.172850840313 -0.32190002664 1.87710569405e-17)
(0.0127822119815 -0.387841845718 0)
(-0.131592675269 -0.213866504547 -1.63984624459e-17)
(-0.00613693896411 -0.44320594036 0)
(0.00870712212505 -0.00809987236893 -1.8772153224e-18)
(-0.0411072613397 -0.506519260987 -2.06392455904e-16)
(-0.0333834988319 -0.487419645642 4.49291472174e-16)
(0.0138927040455 -0.447013421893 0)
(-0.111987013795 -0.216295730877 -2.22011676609e-17)
(-0.0459037078614 -0.418405758896 0)
(-0.102685681086 -0.472452060092 -1.26346275921e-16)
(-0.0632499942261 -0.500494465141 1.42795745964e-16)
(-0.11342403117 -0.33982419145 1.82839500332e-17)
(-0.0411763789609 -0.269464399918 4.76527799307e-17)
(-0.0116632487963 -0.0115225267192 3.3089352689e-17)
(0.00397507995971 -0.0222414502119 0)
(0.00737420506835 -0.364187644746 -4.54251999196e-16)
(-0.0914194617263 -0.129665572889 -1.06894894525e-16)
(-0.161694369179 -0.396268838025 0)
(-0.0624617200603 -0.466423411826 2.08801451212e-16)
(-0.0176412349421 -0.41850478289 0)
(0.0308709127275 -0.381345029586 0)
(0.0379180346459 -0.343951193083 1.20442883596e-16)
(0.0544473459461 -0.412023521877 2.24153092096e-16)
(0.0614162565099 -0.448784709786 -1.55969533325e-16)
(-0.0464045862538 -0.0306329157787 -2.23060792236e-17)
(-0.0969571164075 0.071109600858 -6.78451782383e-17)
(0.263255579613 0.0224659855124 1.0745351819e-16)
(-0.0682923007086 0.0530901332856 0)
(0.0219805048772 0.0948164120388 -7.54327284418e-18)
(0.541279033357 0.00761656816664 2.41009337832e-16)
(0.34767444026 0.0011861867018 -4.6786616008e-17)
(0.414683556019 0.0419251116866 0)
(0.351458961131 0.0937830297377 7.20037969201e-16)
(0.388314034572 -0.00386583480414 3.75579306811e-16)
(0.429003198072 0.0140614336362 1.40481535534e-15)
(0.406854960246 -0.00706347441503 -3.05303555026e-16)
(0.15344092392 0.0867793274801 6.53856354117e-18)
(0.216717093437 0.0877349957232 5.20223902499e-18)
(0.349581674504 -0.012993879917 3.15849052816e-16)
(0.415613024746 0.022922146582 -4.4796489779e-16)
(0.406189166697 0.0391003081069 -2.54968869019e-16)
(0.395524013069 0.0148351017531 -4.78453526978e-16)
(0.398889147226 0.0522915143999 1.05753738866e-16)
(0.323413113331 -0.031125828287 -6.0562750887e-16)
(0.383665263027 -0.00530851222408 8.00361708733e-16)
(0.268165754649 0.135260853666 -1.18575321398e-17)
(0.386173474192 -0.0549028985937 0)
(0.190310460744 0.13382783155 -4.44842914501e-17)
(0.453943087477 -0.0035323882134 4.92677633544e-16)
(0.19293506451 0.0282077574157 -4.9529343123e-18)
(0.306260939422 -0.0447823614881 -4.79174703451e-16)
(0.384355731304 0.0419346502026 -1.36818613204e-16)
(0.417719328572 0.05032958747 0)
(0.428534585493 -0.0421106690941 2.64933271202e-18)
(0.30273864826 0.0827523103809 -2.91508302113e-16)
(0.345816387454 0.0217400726726 1.13193039055e-16)
(0.539024867897 0.0280467069264 -3.05461240623e-17)
(0.530320413402 0.00616953561433 -4.85754890113e-16)
(0.0820553584224 0.106180185459 1.07558281524e-16)
(0.306668649094 -0.0591192448835 0)
(0.0489250238166 0.0714120352709 -1.10048669128e-16)
(0.371951016788 -0.0303407853933 -3.87291635122e-17)
(0.123874649765 0.132689810831 0)
(0.323489600266 0.126151098605 3.58046217725e-16)
(0.413366636627 0.071204297397 -3.44757043162e-16)
(0.393197263908 -0.00261431222903 -6.90551521377e-16)
(0.333734255242 -0.0423569453061 0)
(0.298618663019 -0.0797856640664 3.72495185348e-16)
(0.448293938977 -0.382073654834 -1.6939858959e-15)
(0.290464642429 -0.104539439469 2.60824422122e-15)
(-0.00673039247568 -0.469256876657 0)
(0.0212522524463 -0.308722933128 9.51926211443e-17)
(0.382495591544 -0.0101282141239 0)
(-0.408897260252 0.0308550035156 2.43763005538e-16)
(-0.407983885552 0.0162355304611 -2.43763005538e-16)
(-0.169948259788 0.106977999568 0)
(-0.186326363585 0.111400885012 0)
(-0.364675135682 -0.0826485235893 2.32219270036e-16)
(-0.373538571982 -0.100923360402 4.49863867173e-16)
(-0.0361893828215 0.0339272253115 0)
(-0.050248054896 0.0403796693564 0)
(-0.33067796628 0.112450091522 0)
(-0.308746562947 0.124602335057 0)
(-0.365769226707 0.0835056411206 0)
(-0.35245408712 0.109554258853 3.28734463358e-16)
(-0.216677757919 -0.131519273599 -3.44655300756e-17)
(-0.198527411414 -0.117121995846 3.44655300756e-17)
(-0.0817021948005 -0.0726290278119 0)
(-0.0980816444828 -0.0929333112465 0)
(-0.018295112031 0.382820021488 0)
(-0.00138806678392 0.375046377155 4.71632967203e-16)
(-0.112402666501 0.165796373339 -4.42875485666e-17)
(-0.121843581237 0.183239977719 -1.25517406226e-17)
(0.062593708 0.3530043048 2.54969593986e-16)
(0.0823782868248 0.351925135208 -1.3158936247e-15)
(-0.0410009965447 0.0376791934452 -3.59020762173e-18)
(-0.0512407101774 0.0521785718602 -2.89189093073e-17)
(-0.105725468916 0.296502795119 7.76044682103e-17)
(-0.121961976605 0.282145943806 -7.76044682104e-17)
(-0.0842500999881 0.325404574502 -2.1595651609e-17)
(-0.10097216766 0.323614761425 2.1595651609e-17)
(0.100262101463 0.236972130917 -1.02479195112e-16)
(0.10848721976 0.221206836974 1.02479195112e-16)
(0.0704242646529 0.133853520788 0)
(0.0609749984103 0.145321268017 -1.02570530722e-16)
(-0.391493214825 -0.0933961344949 1.67720702569e-16)
(-0.264292095826 0.201866264788 -1.92119503528e-17)
(-0.0887157170198 0.0794131674291 -3.8985927754e-19)
(0.34406640616 -0.0373583867906 -3.93148406834e-16)
(0.131615889223 0.182909902823 0)
(-0.144764333973 -0.15676603578 0)
(-0.184129444193 -0.18966542062 0)
(0.321587083707 0.076195117564 -1.45925639934e-15)
(0.263789653648 -0.110273282969 1.93161390317e-15)
(0.316132029688 0.0985330200627 1.1317339131e-15)
(0.355870627369 -0.0293558230103 0)
(-0.398130732683 -0.0815951293104 3.12743844732e-16)
(-0.1094911714 0.0988733927451 0)
(0.148318261951 0.204394019867 0)
(0.239986008848 0.207350050099 8.98011763204e-17)
(-0.0897008741297 -0.357383972481 0)
(-0.0973628320448 -0.344976393905 -4.1221303819e-17)
(-0.213968505538 -0.385408700707 1.08850783279e-16)
(-0.220226189045 -0.366959380134 -1.91596451398e-16)
(-0.194435540702 -0.386738448139 0)
(-0.200484954478 -0.381229732529 -1.14079586772e-16)
(-0.23937087423 -0.315363465226 -1.39921632171e-16)
(-0.248263965744 -0.307550731088 1.05899645999e-16)
(-0.308553946024 0.206612236472 0)
(-0.332050277936 -0.196465036902 -1.59873633562e-16)
(0.268347283525 -0.113845236368 -1.7733346754e-15)
(0.274211592486 -0.094032146157 0)
(0.288190995956 0.184478863384 0)
(0.364061472111 -0.00267477656369 -1.50384279394e-16)
(-0.40770697048 -0.0276762143085 0)
(0.167829384335 -0.102519697352 1.95161398256e-16)
(0.228682551234 0.215748641078 -2.76153043793e-16)
(0.268213795947 -0.105605501215 8.66768563427e-16)
(-0.319668909133 0.206582612066 -3.56916758841e-16)
(-0.264723634325 0.189899647669 0)
(0.357181916769 0.00340516550014 -1.64753284985e-15)
(-0.249266341613 0.195826745803 -1.19762900605e-16)
(0.314007577186 0.108938506083 1.7016891989e-16)
(0.321706868138 0.067895664911 -8.03046927334e-16)
(-0.237934722483 -0.289346299037 0)
(-0.213071239585 -0.259313035086 0)
(-0.132655263338 -0.353049366584 2.99132187284e-16)
(-0.148119542755 -0.372745968438 6.5425178327e-17)
(-0.236835668298 -0.367610049749 -4.0450014471e-16)
(-0.235713429026 -0.370718398028 4.73747913458e-16)
(-0.0767844990801 -0.352459716588 -1.75516219357e-15)
(-0.0693071978785 -0.347337395923 1.46153592288e-15)
(0.0673248634033 -0.283479855705 7.91682433738e-16)
(0.00371806002721 -0.29356061567 0)
(-0.0485689556821 -0.330825836086 1.38921518151e-15)
(-0.123980230565 -0.351126218262 3.50445270589e-16)
(-0.117152995013 -0.361252027272 0)
(-0.161712286737 -0.377889662938 -7.39158765409e-17)
(-0.165983745904 -0.364371671172 -6.2168312551e-17)
(-0.0277060202364 -0.364196076973 0)
(-0.233834331834 -0.344862215887 -2.98188837354e-16)
(-0.249388257643 -0.34148007091 2.40556792649e-16)
(-0.190515448568 -0.219637970713 0)
(0.0124290213824 -0.290636631449 1.47108016314e-15)
(0.0173936883911 -0.300151328955 -1.54342575707e-15)
(0.0309048113793 -0.33253867416 -1.67271886586e-15)
(0.0806789180894 -0.279545213721 -1.4172484098e-15)
(0.0789539300162 -0.275347338287 1.39233913e-15)
(-0.0526147004172 -0.339842002983 -2.17865642246e-15)
(0.0583706865015 -0.29399816125 -2.36015623128e-16)
(-0.00255888880666 -0.305367882529 6.24827510836e-16)
(-0.0319825915261 -0.355872111166 -5.60267625454e-16)
(0.0291763160454 -0.331096668566 1.92476514894e-15)
(0.270657656514 -0.0855624047318 0)
(-0.197731147565 -0.213127939934 1.01826272242e-17)
(-0.322271267362 -0.2089616337 -3.60360524476e-17)
(-0.383952101296 0.0790780072978 5.41600417619e-16)
(0.322498717835 -0.0443359909913 -2.06511739642e-15)
(0.335113134511 0.0803492140558 -7.95524491276e-16)
(0.292911220783 0.18091679876 1.8554314149e-16)
(0.192592146595 -0.0749455380465 2.68510207411e-17)
(-0.401669523144 -0.0153374815265 -4.72082463865e-17)
(0.329724178206 0.0906919469336 -1.54704865646e-15)
(-0.374172543508 -0.0964096718952 2.06623645129e-16)
(0.355436684218 -0.0105407228418 2.61376489105e-15)
(-0.405368408753 -0.0412865195765 0)
(0.276720987881 0.197334468332 -2.07952451813e-16)
(0.212102040329 -0.101984057879 0)
(-0.343817417171 -0.190122752757 1.04917543325e-16)
(0.259543486988 0.183792911876 -2.82971519989e-16)
(-0.417045238536 -0.0418209281156 9.72479452875e-18)
(0.384364447274 -0.0151729923443 -4.91899184651e-17)
(0.225554081143 -0.136546619149 0)
(-0.404058677302 0.0431783852932 -9.80252948514e-16)
(0.233166436599 -0.100221750554 -7.13255831048e-16)
(-0.35660915409 0.147334010043 5.24822589005e-16)
(-0.288964983633 0.193770643984 1.22889001346e-16)
(0.232695370019 -0.132047624045 6.43628447857e-16)
(-0.362841620533 0.0806201090886 6.65900732163e-16)
(0.25354304589 0.207865850771 1.64382331601e-16)
(0.353833371753 -0.0222034947987 8.69460289218e-16)
(-0.392552292462 -0.0631557865287 -3.65814351187e-16)
(0.115796544276 0.175885452843 -6.75359541538e-17)
(-0.134039991301 -0.141754268519 0)
(0.189564095493 0.218946081941 1.0897104989e-16)
(-0.157282659009 0.126994914437 -1.76579343604e-17)
(0.0949861620172 -0.26361893146 -1.09983834854e-15)
(0.0824900138791 -0.27310804373 1.78268103354e-15)
(0.141961368687 -0.0820035210708 0)
(-0.0811469750019 0.0774480759416 3.80657167029e-18)
(0.197722966277 0.21811276765 1.52755906145e-16)
(-0.367157839428 0.154108871057 5.07524307033e-16)
(0.263821139652 0.194179602774 2.25567989095e-16)
(-0.405587966426 -0.0489147696758 -1.10008484195e-17)
(0.367167148482 -0.0171475350873 -8.53627823076e-16)
(-0.416519438782 0.0359385489695 1.16023239458e-15)
(0.314559757134 0.157097893115 -1.10983391327e-15)
(-0.342638622061 0.174194307465 0)
(0.285177848168 -0.093999978158 1.56188656564e-16)
(-0.369444429037 -0.159185472873 0)
(0.310961360064 0.167537302001 9.78100849302e-16)
(-0.337265062645 0.174240823434 0)
(-0.36610295609 -0.173355358814 -2.64048738763e-16)
(-0.360641252427 0.101773252076 -1.07637467165e-15)
(-0.406071766991 0.0512750270468 3.43306749755e-17)
(0.235853500586 -0.113404620603 4.16415183874e-16)
(-0.1696440886 0.14005755665 4.0164837236e-17)
(-0.124152518499 0.101992299079 5.19831804452e-17)
(0.166705278352 0.200927257567 0)
(0.3255405558 0.115333793204 -6.2881333294e-16)
(0.278349437477 -0.0735872890608 1.95986925167e-15)
(0.334116167131 0.062503204301 -8.30827322918e-16)
(0.333758317622 0.00410987470683 1.39690767495e-15)
(0.254558350974 -0.110230538205 0)
(0.265905686225 -0.094987277119 4.79021719626e-16)
(0.202016832081 -0.0855557609006 2.95369666679e-16)
(0.295157784896 -0.0660010928814 -2.04698080785e-15)
(0.152533637972 0.259712164751 -1.25878473374e-16)
(0.190880600034 0.25912208754 3.30221443441e-20)
(0.173202783807 0.254866853934 -3.30051602216e-20)
(0.0468003537559 0.290040793884 0)
(0.0146603995444 0.176245832404 -1.65212615599e-26)
(0.01450966484 0.136985822901 0)
(0.0141488766141 0.0995012411816 -2.59554399329e-15)
(0.272510232885 0.2125652751 6.76059395044e-16)
(0.0364073811159 0.317665912005 1.43831331365e-15)
(0.0134965834525 0.0632436414689 0)
(0.100874308164 0.368581137027 6.24324103852e-27)
(0.0261781894195 0.326920022473 -1.43831331365e-15)
(0.0797205815606 -0.0698599219617 0)
(0.168215553273 0.264117176967 2.72891358461e-19)
(0.0463153313951 0.23998447475 0)
(0.357548411528 0.044937544544 -8.7507691236e-16)
(-0.210709550873 -0.305007851879 -1.11189131732e-15)
(0.0124299160027 0.0274693832549 1.0433597118e-26)
(0.236770744255 0.219651791537 0)
(0.0543739224341 -0.098713259421 -2.75217623486e-15)
(0.138800944616 0.0714046166324 0)
(0.0841855045231 -0.0333386596496 -3.855424735e-17)
(0.0108173809287 -0.0086086046036 -2.90546698211e-15)
(0.0784470164796 0.0530928223523 0)
(0.137972716978 0.0379175803402 0)
(0.125267065651 0.0319968813772 9.48217776074e-27)
(0.0150247918038 0.400461771702 0)
(-0.42043008126 -0.0010012931919 0)
(-0.1369957861 0.356316256455 0)
(0.135876762794 0.00483689163751 0)
(0.00415703543323 0.182938598981 2.21897838259e-15)
(0.391536650401 0.00873530292829 1.0374375476e-16)
(0.0365339332158 0.298932304951 0)
(-0.198922224203 -0.312949824087 5.74016375867e-16)
(-0.15340259251 0.338545941696 0)
(0.0040349422983 0.143296630073 -1.7262974999e-26)
(-0.141444878353 0.346421283041 0)
(0.0141911787812 0.393822119928 0)
(-0.128089057307 0.273748485515 0)
(0.00372147413646 0.105466649344 2.59554399329e-15)
(0.126499184231 0.100243138266 0)
(-0.211581648863 -0.220411440717 -1.47384740778e-15)
(0.367771656922 0.00918042872949 -1.08610198444e-16)
(0.138553502107 0.105998459606 0)
(0.0365815564688 -0.0752230695159 5.17834893224e-27)
(-0.188658299652 -0.253036645408 -1.43349296101e-15)
(-0.200475062231 -0.244172985846 1.433492961e-15)
(0.0723305769412 -0.0402341211604 5.59426598032e-15)
(0.102302173354 0.124527668198 2.36944953069e-15)
(0.359708530159 0.0307532194487 -9.13404669229e-16)
(0.369822756823 0.0230174418894 -9.30776284068e-16)
(0.0755141688454 -0.00467215379624 0)
(0.272728012379 0.202286576844 -4.35558347982e-16)
(-0.139626141548 0.266439300984 2.71176898804e-27)
(-0.00392414230366 -0.0793106082688 0)
(-0.126633198409 -0.119905447418 0)
(0.0031439237159 0.0689380368629 9.8543569725e-27)
(0.259554011692 0.213881372181 -1.04353013461e-15)
(0.368319878512 0.0387590532455 9.08544388056e-16)
(0.272110449209 0.214507467134 -5.33792891004e-16)
(0.220608948326 -0.0647153766734 -1.03625896002e-15)
(0.00444018309014 0.389434285052 0)
(-0.0586252103914 0.156326828583 0)
(-0.0376399455767 0.182876828171 0)
(0.0987023997152 -0.00310913371957 5.44353328729e-15)
(0.0358054535273 0.247756260253 0)
(-0.0143227675986 -0.0868341131496 0)
(0.00552692782673 0.379043022183 0)
(-0.0255745120414 -0.108508818401 0)
(-0.0481164114414 0.162806000637 -4.04578025457e-27)
(-0.0584656472814 0.117640887171 -2.42221072122e-15)
(-0.0481457234729 0.176214299558 4.04578025458e-27)
(-0.18972937863 -0.183937673486 0)
(0.00220626113564 0.0329703078896 0)
(0.00758489092156 -0.0587466240761 1.05752539581e-26)
(-0.0585377398846 0.0803048811629 0)
(-0.0481669526529 0.0864435542439 -9.37463018302e-27)
(-0.153544633411 -0.146879935223 0)
(-0.0480398637447 0.123889853151 0)
(0.0256411596124 -0.0828159250781 2.85263013673e-15)
(0.0544095903809 0.390617505099 -7.96549973762e-16)
(-0.0586411771826 0.0679756823188 0)
(-0.0690306762053 0.0618523039142 -2.60667417193e-15)
(0.250215781811 0.210100048364 1.04342680475e-15)
(-0.0427976932924 0.391185406774 -7.56074770596e-28)
(-0.199881710272 -0.228631662592 1.47384740778e-15)
(-0.185521703902 0.213541500682 -1.43820485564e-16)
(-0.0531940855255 0.384843289833 -1.73115544738e-27)
(0.013522605244 -0.104358722974 2.81593589427e-15)
(0.0873104609856 0.00173167585586 -2.74129764511e-15)
(-0.0765040081819 0.379382670005 0)
(0.0447187679721 -0.0937155604941 2.75217623486e-15)
(-0.0591431724094 0.0313887942035 0)
(-0.168163882971 0.343240638676 -4.56393300425e-28)
(0.0659505145309 -0.0906282374351 0)
(-0.0439479458953 -0.246622255557 1.13380549559e-15)
(-0.0625753355934 0.385233779469 6.66479224874e-28)
(-0.426202355956 0.0351697007092 4.2016158368e-16)
(-0.0171913622242 0.398946060918 0)
(0.391591504116 0.0293755572385 1.5624429094e-15)
(-0.0339164467975 -0.393433933044 0)
(0.124511400471 0.0207685412257 -9.48217776074e-27)
(0.138518425468 0.0490561422947 -2.47927186599e-15)
(-0.101430723808 0.367626877265 -9.04120892799e-16)
(-0.115756285284 0.360342804298 -3.38019458356e-27)
(0.16034760491 0.231296576631 -1.57855271915e-16)
(-0.387035796398 -0.12939646761 2.93277436599e-16)
(0.0678411740293 -0.0775050709665 0)
(-0.164425010861 0.193305739231 6.99048705279e-17)
(-0.0299740145677 -0.168281911537 0)
(0.0956058254585 0.168280396788 5.22438593535e-17)
(-0.0982531157998 0.371298737065 0)
(0.113681590375 0.0484238248528 2.60897397999e-15)
(-0.126333241416 0.362696864165 0)
(0.111030837496 0.00324788727412 -2.70223564218e-15)
(-0.0855672618557 0.378403842726 5.98858331808e-28)
(-0.0398503712393 -0.177253580959 1.53575100408e-19)
(0.140883759308 0.215133833964 0)
(-0.0214461987539 -0.175118308186 -2.6006561288e-15)
(0.136859805315 0.0159647618989 -2.54869242565e-15)
(-0.0114567875808 -0.165992992667 2.60065345039e-15)
(-0.128133241595 -0.125466007572 0)
(0.0788815220312 0.0647842049441 0)
(0.101730649786 0.0537280633554 -2.60897397998e-15)
(0.0898929004611 0.0477337360506 -4.89008942491e-27)
(0.130725469488 0.29958341376 0)
(0.138451321768 0.11785896533 0)
(0.122962466069 -0.00144295379704 0)
(-0.00295190608687 -0.0659605976785 0)
(-0.0485735465368 -0.170126920213 0)
(-0.133475480253 0.0245557496443 2.47599841428e-15)
(0.119146871239 0.188115515178 0)
(0.126383874952 0.0656521534832 -1.83568549213e-26)
(-0.213302538521 -0.17488069562 0)
(0.085477915988 -0.0213635767005 -3.61835088949e-17)
(-0.385784834953 -0.119066368961 0)
(0.102249958137 0.361053550468 0)
(-0.419830382854 0.0121618624148 0)
(0.394584878497 0.0123153087764 0)
(0.0063684959349 0.397567072202 8.31001386575e-16)
(-0.125649056684 0.225725411444 -1.70934770352e-15)
(0.0899153347091 0.196102325168 0)
(0.11425435795 0.118278206728 0)
(-0.113612798183 0.203951001134 0)
(-0.430098032041 0.0408920952459 -2.00084560622e-16)
(0.384498206843 0.035200414487 7.53681533992e-16)
(-0.0399043811039 -0.377458321908 1.37248163083e-15)
(0.000786339730224 -0.00321212883896 -2.10944752574e-26)
(-0.155380265526 0.325676831538 0)
(-0.0378067764679 0.397910360958 -7.42071755065e-16)
(0.220708640106 0.243696629489 0)
(0.2337832186 0.23395296498 0)
(0.100918289436 0.203038423592 3.44205054414e-27)
(-0.14220775146 0.300729274317 -8.62628813112e-27)
(0.123896408279 0.202653935675 0)
(-0.142023914001 0.318175934606 8.62628813112e-27)
(-0.128734709172 0.291580406606 0)
(0.355343270867 -0.0568754086789 2.18466436312e-15)
(-0.133540610967 0.0119945697059 -2.44369208943e-15)
(0.388660678017 0.0450427971851 -1.47233311846e-15)
(-0.0486938001767 -0.394785547262 -3.18993880984e-15)
(0.37836481609 0.0582064608655 -8.05682149442e-16)
(0.0358235522585 0.37103334749 0)
(-0.0557042663065 -0.37943314369 1.49023996998e-15)
(-0.159273803076 0.340235554812 4.01625255552e-16)
(-0.425294948946 0.0405260809128 0)
(-0.42044023357 0.0520143564222 0)
(-0.034759244434 -0.102335728711 -1.02185178162e-26)
(-0.126266563866 0.241103638675 -4.42352021322e-17)
(0.10567973442 0.362690835933 0)
(0.0172433559934 -0.0641902327546 -1.04607603371e-26)
(-0.0221999415445 0.403443402085 8.05333580364e-28)
(-0.0585712524469 0.143180035765 0)
(-0.0153173158561 -0.100665884823 0)
(0.101671892277 0.162431171086 0)
(-0.18209496511 -0.136965370975 0)
(0.107456717634 0.220236140604 0)
(0.123771361334 0.217159027765 0)
(0.199105944734 0.200844463828 0)
(-0.0296337950378 0.398177047987 0)
(-0.138788584023 0.249533395124 -1.57975616283e-15)
(-0.207374257106 -0.282965383874 0)
(-0.00580533692548 0.396289860872 0)
(0.217697074324 0.258454566671 0)
(-0.396135348421 -0.0826467358184 0)
(0.0745436536699 0.369082889541 0)
(-0.090241183295 0.0248319863785 0)
(-0.0376412402964 0.19658508941 0)
(0.00428293287721 -0.0986989751168 -2.81593589426e-15)
(-0.0691597678541 0.0495498757685 -2.65987391044e-15)
(-0.225250995581 -0.161689889964 -1.81481311072e-16)
(0.0242356393568 -0.0963961394181 -2.56977072911e-27)
(0.371102618152 -0.0320323760889 7.442288862e-16)
(0.0101329190049 -0.36397102072 -1.4316409475e-15)
(-0.0584696727106 0.104991379487 0)
(0.342187699083 -0.0600388844326 -2.48200238671e-17)
(-0.0566847133352 -0.147631726686 0)
(0.0945802727035 0.177504492689 0)
(0.223525788102 -0.0542898888291 -1.05625059321e-15)
(0.00341223131585 -0.195575322356 1.25524287109e-15)
(-0.100763355517 0.0308441770194 2.57658892998e-15)
(0.101540368213 0.175517854638 0)
(-0.00301755662915 -0.172499652897 -1.56272610163e-19)
(-0.353744339233 0.188456473411 0)
(0.0145896071135 0.162912696505 1.652126156e-26)
(0.252827855773 -0.0684401572808 0)
(0.0822543840601 -0.216217140747 0)
(-0.0589213953267 0.0436690887477 0)
(0.102271834992 0.136892958734 0)
(-0.0797496691124 0.0310593335186 0)
(-0.0694965333625 0.0251584292462 0)
(-0.329039827229 0.191548090349 9.86717823684e-16)
(0.13540023072 0.24043146295 0)
(-0.385326727053 -0.109014722943 -1.76844389617e-16)
(0.0463682200805 -0.0803321339095 0)
(0.0943633523822 0.363066182635 -6.98087788107e-16)
(-0.0480837453811 0.0988694598072 9.37463018303e-27)
(-0.0480376033739 0.136756325644 -2.37790194767e-15)
(0.0094450835467 -0.359659968639 1.39175226669e-15)
(-0.2021882772 -0.183060575198 -1.74951115972e-15)
(0.00217164741772 -0.355433340109 2.73585537177e-15)
(0.0731056633455 -0.185272973363 0)
(0.0143833018116 0.124272536565 0)
(-0.111493055015 0.0246259829124 -2.57658892998e-15)
(0.365818556645 -0.0501443851741 -7.45264069219e-16)
(-0.0476956696469 -0.154511191052 0)
(0.0814788519907 -0.0572771606756 -3.66157544679e-17)
(0.358450680869 0.0165694625151 9.22808688623e-16)
(-0.251759806637 -0.189622364009 -1.17256822443e-16)
(0.135520329543 0.22476495234 -1.67949486613e-15)
(-0.352366221455 0.186631274077 -7.3008410086e-16)
(0.013928969816 0.0872548462425 0)
(0.11350785813 0.155648397974 3.9631685941e-27)
(0.0131996371314 -0.346252348382 0)
(0.213068254553 0.192690354674 -7.12382175365e-16)
(0.11959322425 -0.0998412410093 0)
(-0.00885602322025 -0.361690278326 0)
(-0.168059095691 0.0056750670233 0)
(-0.427425340812 0.0172580960998 -4.369413008e-16)
(-0.00989686690833 0.401677833889 -8.31001386577e-16)
(0.38868112288 0.0238206115878 -1.56030647264e-15)
(-0.308463575488 -0.175383653212 0)
(0.0147040851893 0.217713501283 1.99391526147e-15)
(-0.254731636701 -0.323888926654 -4.56472667877e-16)
(-0.265868460508 -0.315818727049 0)
(0.0466928962958 0.272474090168 0)
(-0.122407464335 0.0307623010331 -2.47599841429e-15)
(0.130602119805 -0.103373839586 0)
(-0.00321394096799 -0.350513412087 -1.00189239042e-15)
(0.136201588418 0.181440988438 -8.56321828705e-28)
(-0.223172867713 0.254152522285 -2.15763114663e-16)
(0.0345505174825 -0.16546403293 0)
(0.205437518761 0.26800839788 0)
(0.135869457342 0.230082949245 1.25480810173e-16)
(-0.00180603381609 -0.36927495675 -8.51389963906e-16)
(0.11365791792 0.143000344527 -3.9631685941e-27)
(-0.341910207375 0.196680649705 7.91358590337e-16)
(0.135969317029 0.195173198668 8.56321828704e-28)
(0.0260494233298 -0.159857478119 -2.59058876771e-15)
(0.13814410554 0.251130926682 -2.98651174359e-16)
(-0.31541911639 -0.157073821939 0)
(0.118069145247 0.30156607359 0)
(0.118418961379 0.27154940738 0)
(-0.412814173467 -0.0156288842515 0)
(0.0200867054079 0.394829990519 0)
(-0.360979926762 -0.142748753364 6.55695197989e-17)
(0.0131466374013 0.0512094505605 0)
(0.105989300525 0.339790160187 4.93816345329e-16)
(-0.272737757235 0.232168172903 -1.0927514023e-15)
(0.0744783468478 -0.0165559926431 2.7850953278e-15)
(0.107658428944 0.206059661463 0)
(-0.168090155444 -0.00709094714433 4.59799955689e-15)
(-0.288089899693 0.240188865566 3.43877727332e-21)
(0.393262439123 0.00630565364134 0)
(-0.0189070516451 -0.3915311053 0)
(0.127430260331 0.271005404478 0)
(0.277569092749 0.201767063643 -2.70606046804e-16)
(0.369234815846 0.0519442750634 8.45368988865e-16)
(0.138983505019 0.0827892576366 0)
(-0.265262426024 -0.295389610696 0)
(0.336387318685 -0.0692626422159 2.05973473566e-15)
(-0.207695437793 0.298610063 0)
(-0.212927346539 -0.306995006373 0)
(-0.395314734798 -0.10441286042 -3.8763642957e-18)
(0.312891518303 -0.0730027153916 9.55819059929e-16)
(0.306056996503 -0.0665743315705 -1.03731413335e-15)
(0.11253936177 0.195686385391 0)
(0.32970681744 -0.0672773320732 -6.68582015306e-16)
(0.0616845118018 -0.296874569362 1.561952084e-15)
(-0.225506196183 0.20377637353 1.44090901582e-15)
(-0.196156746322 0.131876014099 -4.04584716055e-17)
(-0.243041837097 0.22905884076 0)
(0.118156488884 0.319614231317 0)
(-0.339011683561 -0.162751580865 0)
(-0.0239830233855 0.39510384047 -8.05333580365e-28)
(-0.396251212756 -0.10328700812 1.81640940908e-16)
(0.0834757858683 0.371169640668 6.98087788106e-16)
(-0.0340309640125 0.390262095872 0)
(-0.125152409414 -0.303636291452 -8.44610503247e-16)
(-0.14478182882 0.00565353134113 4.82808333829e-15)
(0.12723755537 -0.116461496213 0)
(-0.259639527019 0.238387354528 1.09274520705e-15)
(-0.27754817261 -0.288420549903 0)
(0.0542736543399 -0.160943715239 -2.5280699431e-15)
(0.224635258779 0.21385219528 6.44825216785e-19)
(-0.0533615143157 -0.256358756644 -8.46994356034e-18)
(-0.135952636244 -0.296787118129 0)
(-0.218779139142 -0.276891365811 0)
(0.0156070280819 -0.169330797448 2.59073492045e-15)
(-0.0046702635411 -0.1888243347 -5.66880254428e-20)
(-0.204119383785 0.239344322032 -2.57634131791e-17)
(0.364122416904 -0.0387947088819 0)
(0.0435336849284 -0.31010228263 6.57512056716e-16)
(-0.241286597554 0.212870783832 0)
(0.136936645796 0.249670257836 2.98651174361e-16)
(0.138222523961 -0.119663068419 -2.2602878922e-15)
(0.0599487992079 -0.296449406286 3.4416980909e-17)
(0.124676507458 0.174934795842 0)
(0.00957921449883 -0.344601446677 -1.93421332767e-15)
(-0.160735027195 0.347172351956 -1.3188315785e-27)
(0.0975748680757 -0.0147530811191 -2.74891181891e-15)
(-0.0585555814906 -0.178971332897 0)
(0.0455389119237 -0.155735259897 2.52806994311e-15)
(-0.13854256853 0.186960536658 4.09443005118e-17)
(0.202044279385 0.2823077155 9.51184184116e-16)
(-0.211243429151 -0.204972291503 0)
(0.138695905375 -0.0669515949782 1.88452902508e-20)
(-0.239309939967 -0.195688179361 7.53460926945e-17)
(0.0876219083976 -0.186694628224 -2.94691117386e-18)
(-0.0776318987654 -0.180440853575 2.41738796168e-15)
(-0.0158813653589 0.393069064566 0)
(-0.401203964596 0.0873146729545 0)
(0.104687668566 -0.177272173552 2.93076643509e-18)
(0.00717664104817 -0.16319594014 0)
(-0.345167352639 -0.147683082867 0)
(0.104750485357 0.323367412445 -4.93816345329e-16)
(0.123805991624 0.248543888921 -1.6466322361e-15)
(-0.0121214756591 -0.379861028267 0)
(-0.0675024406538 -0.171717493306 0)
(0.0570895916799 0.264192727374 0)
(0.177922393999 0.0551129511867 2.32531416713e-15)
(-0.17996769239 -0.0135994906143 -6.74048186448e-17)
(0.204808952464 0.0983955513086 -2.08026879178e-15)
(0.0119115764105 0.0153778063558 -1.0433597118e-26)
(0.013531084549 -0.185700823464 0)
(-0.11485185838 0.083485592813 2.14818955901e-18)
(-0.0535241149035 -0.0897943116225 0)
(-0.406650033318 0.0764306168263 0)
(-0.11396304422 0.218143938196 0)
(0.0498322795794 -0.31282463222 -1.21535063823e-15)
(0.0561974147147 -0.307025456692 1.39379823352e-15)
(0.00183792775359 -0.331748418943 -1.78133468079e-15)
(-0.14565324465 0.107611262147 5.81492919073e-17)
(-0.225306001437 -0.230534469887 1.30259847141e-15)
(0.137511618154 0.142389954502 0)
(-0.289374125517 -0.260471333011 4.38675157925e-16)
(-0.135674672695 -0.279977005418 1.66193804959e-15)
(-0.0423492698333 -0.361267713325 0)
(-0.251045028048 -0.34296113892 -1.36337229578e-18)
(-0.110660160067 0.337907487856 0)
(0.068109018945 0.272910974149 0)
(-0.351725172295 0.122742777895 0)
(-0.170516102162 0.300583130512 0)
(-0.238079202038 -0.223070107595 -1.30259847141e-15)
(0.0749564818747 -0.155750463927 2.46432279603e-15)
(0.240157486963 0.239608874506 0)
(-0.137934161183 -0.24804631112 0)
(0.000464294668024 -0.374975085427 0)
(0.356229677444 0.106067430439 0)
(0.332418677853 -0.0682575797629 -2.04193829424e-16)
(0.0368554517073 0.354560739775 1.27085772817e-15)
(0.0319602302441 -0.181462779046 1.24333421548e-15)
(-0.276374670073 -0.26812412471 -4.38992273789e-16)
(-0.303498499832 -0.269940168443 0)
(-0.285201685305 -0.207968654787 4.44701618066e-17)
(-0.15637382719 0.0120137853816 -2.38439124884e-15)
(0.0401780499924 -0.187216694055 0)
(-0.235317134527 -0.290349258298 0)
(-0.260166000357 0.148386646558 5.83337249182e-17)
(0.25509334651 0.221063155753 -5.22604376091e-16)
(0.251503466598 0.0405427123017 3.1735694316e-15)
(-0.314782669959 0.197803635207 -9.84912427738e-16)
(-0.127541324994 -0.256418544312 -1.89038367661e-15)
(0.191866803513 0.0499371416547 -2.32474097781e-15)
(0.231091860321 0.254110451441 2.08541036439e-28)
(-0.166452490796 -0.150612941593 0)
(-0.385866129456 0.0942550334355 0)
(-0.283561069681 -0.304603908751 5.51517461423e-18)
(0.187971231018 0.152958676006 -1.85987033681e-15)
(0.0930967873504 0.148248450762 -5.27378728893e-18)
(-0.0907400411563 -0.10210380379 0)
(0.213905899756 0.279032166946 -5.63324115821e-28)
(-0.247957760822 0.148416899691 -1.52632224288e-15)
(-0.388841917784 -0.120283042083 -2.94661210305e-16)
(-0.0667608828012 -0.156061099657 0)
(0.178150146385 0.0659490278837 -1.42155380252e-19)
(0.211025501214 0.222559578143 0)
(-0.137206063725 0.218941315347 1.70934770352e-15)
(-0.108157244831 -0.274160637673 9.13976243095e-16)
(0.123729713904 0.265276088543 0)
(0.136094547934 -0.079002084664 -1.88452732371e-20)
(-0.180018666118 -0.0265621230382 -2.0295763793e-27)
(-0.275329695984 -0.320911323181 0)
(-0.379418922745 0.138355505291 0)
(-0.127780750731 -0.272260155626 0)
(-0.327387746988 -0.181258067561 8.72913031827e-16)
(-0.168263367589 -0.0463576488286 -2.07999688684e-27)
(0.125956747454 0.124196675442 8.12075145681e-27)
(-0.223901701664 0.141484586043 -1.02898591833e-18)
(-0.145991160243 0.354592123498 0)
(0.100889503815 0.248367264249 -1.72479208275e-15)
(0.222444627067 0.270932289953 5.63324115821e-28)
(-0.290909826197 -0.295065861757 0)
(0.0659122411025 -0.151109482037 -2.46432279603e-15)
(0.125997002863 0.054308888452 1.83568549212e-26)
(0.205937874506 0.055266973784 0)
(0.0952404423981 -0.0379432411188 -2.74228470517e-15)
(-0.172567935694 0.19908414637 1.68144826183e-15)
(-0.301896729035 -0.286035223821 -5.22286566362e-16)
(-0.301195424276 -0.286920666416 5.09827279566e-16)
(-0.160773187544 0.202886516432 -6.9904870528e-17)
(0.144968068386 -0.135848132067 2.12591727972e-15)
(-0.300526223161 0.232774348624 0)
(0.100894307372 0.264924330781 -1.49080675098e-27)
(0.232262245125 0.25977948336 2.9871127923e-28)
(0.0473984614994 0.345709556063 -1.27085772815e-15)
(-0.225719618383 0.134021473127 0)
(-0.168091058329 -0.0331895400224 2.07999688684e-27)
(0.0578049698439 0.31829070323 -1.39201764579e-15)
(-0.183898814092 0.178710814113 0)
(-0.374261679327 0.134731780424 0)
(0.0715880278173 -0.171323680238 -2.33815069395e-15)
(0.201843181028 0.293534192176 -6.65768957963e-16)
(-0.171787795867 0.184923087474 0)
(-0.204464671572 -0.0134352274904 0)
(-0.0339277800614 -0.0884312649886 1.02185178163e-26)
(-0.0567474777463 0.37549211875 1.73115544738e-27)
(-0.223958987195 0.18843858121 0)
(0.0900406626704 0.290999814407 0)
(0.208350995828 0.283498232612 -3.50569170898e-28)
(-0.00288647763535 -0.249116723557 -1.16157037134e-15)
(-0.237340300002 -0.313640577635 9.47932531036e-16)
(0.359850487702 0.0637591350051 -1.35307635012e-15)
(-0.254829640318 -0.235038286356 0)
(0.0786949273907 0.264486173539 -7.7552315619e-28)
(0.324130442818 -0.0764216352209 0)
(-0.235680167199 0.168160658802 -4.57597000448e-20)
(0.171818894507 -0.0891815597754 2.76174043109e-19)
(0.00546996172243 -0.0849729905441 -1.03402663723e-26)
(-0.233320178202 0.140676197406 0)
(0.251563678772 0.0498750776595 2.01989923151e-15)
(0.18278815901 0.27163032508 0)
(0.0900008770866 0.182513472264 0)
(0.033530894474 0.0282706335159 -5.65978885594e-15)
(0.220800910904 0.0500376848207 0)
(-0.311630890688 0.23719053605 0)
(0.0577523607935 0.299363512399 0)
(0.112699416031 0.182055526691 0)
(-0.385614685348 0.108491767005 0)
(-0.0681697432797 0.36735583141 0)
(0.090062268889 0.273301788559 0)
(0.0419385413827 -0.227814707616 2.20364975697e-15)
(-0.0361303617053 -0.254660224615 -2.27598638234e-15)
(0.0140964624815 -0.244532358096 1.1581465545e-15)
(0.23595831635 0.0350295617282 -2.13032805236e-15)
(-0.257854724593 -0.254931948205 0)
(0.312027194765 -0.0701902990458 1.73457409329e-15)
(0.0215617468328 -0.191767063133 -1.24332611488e-15)
(0.0680708123128 0.290626046911 0)
(0.00699987403998 -0.238139243377 -2.33944920407e-15)
(0.195097174556 0.262654134114 0)
(-0.117316407253 -0.281257888634 -9.14545738498e-16)
(-0.083785227027 0.368573443559 0)
(0.0475638573754 0.327109876976 -1.94952570741e-26)
(-0.180070144266 -0.0532855064634 0)
(0.0676732360687 0.240091317591 0)
(0.123639044665 -0.19421797094 9.66234751284e-16)
(-0.153326859102 0.21587683034 4.48757564128e-29)
(-0.273212733499 0.109431214773 -5.95926998792e-18)
(0.0463803214706 0.196568988912 0)
(-0.400018413844 0.0966028195177 0)
(0.240640030592 0.249821639087 6.76145221615e-16)
(0.0308056325827 -0.239822551088 0)
(-0.23723464071 0.182819255546 4.57597874198e-20)
(-0.232411167699 -0.161132706113 1.81481311072e-16)
(0.184671889127 -0.0917612453144 6.5502769567e-20)
(0.191618498936 0.071287292391 -2.70633145968e-19)
(-0.0160783778738 0.379227524879 0)
(-0.172311575523 0.23993755051 -4.48757564128e-29)
(-0.138477807524 0.181038496833 -4.09443005118e-17)
(0.176750525905 0.0231666235657 0)
(-0.148295372073 0.197934708905 -1.64926904053e-27)
(-0.0696473981927 0.352414055469 0)
(0.17576346262 0.134731249588 -2.01713393704e-15)
(-0.245095027271 -0.261707695987 0)
(0.289286764602 0.151367070475 -7.13145545165e-16)
(0.0160930474093 -0.0774133572974 -2.85263013671e-15)
(0.209627322492 0.237964524852 0)
(0.135685648803 0.273811699659 6.21105850526e-28)
(0.0794927440379 0.299777112607 0)
(-0.236349698699 -0.205865296673 0)
(-0.0298232912704 -0.282275759578 1.15959493379e-15)
(0.200639194576 -0.0831627593903 -1.04186646078e-15)
(0.112398823605 0.291330822489 0)
(0.0786764027713 0.248148996954 7.75523156191e-28)
(0.0233902219919 -0.232871199891 9.22638027852e-18)
(-0.0905535928451 0.137091676888 0)
(0.152829596823 -0.110315258992 2.26031390093e-15)
(-0.00998882692441 -0.241720757009 2.2995991506e-15)
(-0.0193287156916 -0.252531805113 -2.3072073439e-15)
(-0.0766298869041 0.0634250981484 0)
(-0.0754743817975 0.0770519008123 0)
(0.252195152555 0.23674465315 -6.76145221615e-16)
(-0.223171990983 -0.181689675134 -5.49873176184e-27)
(-0.305222538923 -0.063204603393 0)
(-0.0106760349203 -0.383993576473 8.69346321326e-16)
(0.378544845708 0.0816628096727 0)
(-0.160558104266 0.205417027329 -1.68144826183e-15)
(0.191428970573 0.0393959283323 2.3651380543e-15)
(0.0251517824764 0.156406505467 -1.7209949918e-26)
(0.11411594066 0.0711625944533 -2.55536362919e-15)
(-0.36486076208 -0.123300042341 0)
(0.094365763015 0.348371723775 0)
(0.0230859706632 0.0336790847887 2.83638575139e-15)
(-0.106881344555 0.368345540669 -5.27447160373e-28)
(-0.305206384689 -0.0491739712516 2.08924349638e-15)
(0.198427159489 0.215684797375 0)
(-0.136638643553 0.204483924727 1.58950923586e-27)
(0.180401066738 -0.103807800269 -2.0779154637e-15)
(0.0570013708336 0.247950754345 0)
(-0.289694717393 -0.0703923112705 7.59371372672e-16)
(0.111978744248 0.0146405927023 -4.86426734062e-27)
(-0.0882323066505 -0.308332744143 9.55067557518e-16)
(-0.291294851024 -0.29587785856 0)
(-0.259964906729 -0.274566046907 0)
(0.209869105826 0.270860954743 -3.93015758837e-28)
(-0.145078584248 -0.0329453040777 -2.4526414523e-15)
(0.0569702026734 0.217670613599 0)
(-0.22631940633 -0.318947644465 4.98203758643e-17)
(-0.25832213072 0.102365029143 -8.3785170294e-16)
(-0.147537893133 -0.255342796767 0)
(0.249255133811 0.230650394857 3.90387624923e-16)
(0.0676635617149 0.225038198699 0)
(-0.0947582479379 -0.329738868004 -1.32732475432e-15)
(0.0372673461555 -0.204032110244 0)
(0.191563169701 0.0821711578875 -2.15476797019e-15)
(-0.265299034627 0.135237797993 8.4883652852e-17)
(-0.145293323502 0.256984994136 0)
(0.127340649403 -0.15787007011 -2.79812348543e-17)
(-0.143641666338 -0.321250237479 0)
(0.177466503681 0.0338211460722 -2.3651380543e-15)
(-0.0592305452076 0.325855940199 0)
(-0.289728502732 -0.0842876678809 -2.82926958088e-18)
(0.112099742472 0.240321114875 1.6466322361e-15)
(-0.170595293995 0.145057788655 1.92115785301e-15)
(0.132154975428 -0.195876414191 8.96546496716e-16)
(0.251187898111 0.0207847894285 0)
(-0.0980014191116 -0.282782458928 1.91208503739e-15)
(-0.0868906525585 -0.172981650375 -2.41737985795e-15)
(-0.229364816242 -0.0129972796545 0)
(0.218705795481 0.257544103613 -2.08541036439e-28)
(0.160283143921 -0.125833693185 -6.33599721447e-17)
(-0.16508431377 0.268631768493 0)
(0.0357234938374 0.162964509428 -2.29959492373e-15)
(0.112139585503 0.224884852384 0)
(-0.0203049544656 -0.271647855564 8.74171886029e-18)
(-0.0697633287712 0.0623094173338 -9.34759765581e-19)
(-0.268663512761 -0.228272148866 -1.0178955225e-15)
(0.369106923734 0.0969968164404 0)
(0.148415474218 0.000298481793127 2.31325208143e-27)
(-0.0859434300551 -0.321460260839 -2.6842680679e-17)
(-0.247215935363 -0.282716584131 0)
(-0.145194892857 -0.304054285937 0)
(0.144745127738 -0.0947696932127 -7.24521433309e-20)
(-0.0309040680359 -0.301336762813 -2.20187662367e-15)
(-0.215194472099 -0.255906074029 -1.26010903898e-15)
(0.0353755040026 0.0997832087905 0)
(-0.138302209081 -0.231956124991 0)
(-0.106537111448 0.0864553201439 -2.14144586076e-17)
(-0.223110035823 -0.19671887591 5.49873176183e-27)
(0.199683586214 -0.0270625263706 -2.28394559158e-15)
(-0.0795042808644 0.105046462056 0)
(0.289460975165 0.18052174471 -6.71046965951e-17)
(-0.286186466518 -0.309739430861 0)
(0.10155573156 0.300022520801 0)
(0.14715487079 -0.0107539174073 -2.31325208143e-27)
(0.204042697507 0.289555434543 6.65768957964e-16)
(0.299711569644 0.092876005507 0)
(0.133819883089 -0.0172342210747 0)
(-0.255622946364 0.026299282548 -1.83024257272e-15)
(-0.156149476256 -0.278242617665 0)
(0.295646028836 0.166714959963 5.85957094965e-17)
(-0.309162523328 -0.27293942864 1.4175445922e-16)
(0.186084473254 0.304398300932 4.1567965749e-28)
(0.284386224262 0.0404460813079 -9.63593538334e-16)
(0.20514517393 0.0873810313068 2.15492739256e-15)
(0.26061763504 0.226872281277 0)
(-0.192253830235 -0.00697289581912 -2.19971685061e-15)
(-0.0374610520132 -0.273888793157 -2.19390273432e-15)
(0.214846465892 -0.0865140633834 1.05068926325e-15)
(-0.218539510636 0.314767881115 0)
(0.267870112306 0.0266028626589 0)
(-0.228091529853 0.241517408817 2.15763114663e-16)
(-0.0583261946428 0.344659995054 0)
(0.157546374609 -0.182362717558 8.24745875994e-16)
(0.284103328363 0.0497381225638 -6.53586807009e-17)
(0.0513970352963 -0.176693796209 0)
(-0.242048030737 -0.00632623669463 8.53853500807e-28)
(0.21970730568 0.0197488984133 2.21893343773e-15)
(-0.0269268683398 -0.244142708486 3.43140627876e-15)
(-0.18075784479 -0.108984652487 0)
(-0.183244602946 0.165055916087 1.77530065231e-15)
(0.205705319044 0.0345939900466 0)
(-0.204182192033 -0.0533248815055 2.10412716369e-15)
(0.0461760300626 0.105983256122 2.29574302904e-27)
(-0.156415851703 -0.293336425882 0)
(-0.191634531925 0.133888275842 4.2170568789e-17)
(0.286612830498 0.162898277955 1.27302433466e-15)
(0.335583543954 -0.0726304035417 0)
(0.121754679797 -0.0128128347843 2.66446747294e-15)
(-0.0257970677606 0.372300331708 2.71379418436e-28)
(0.161970894512 0.00645735310763 -2.46065099041e-15)
(-0.0236593002878 -0.080938914528 0)
(-0.188988320146 -0.269228206439 -6.88442217745e-16)
(0.235232054864 0.0253172514215 -2.21893343773e-15)
(0.0598005127958 -0.181910896477 0)
(-0.126490093517 0.358093450737 0)
(-0.204383248295 -0.0264920418499 -4.17507857976e-15)
(0.104719484004 -0.054419086183 -2.63965845393e-15)
(-0.0908757238918 0.365055391108 9.041208928e-16)
(0.0464876353172 0.156428963533 2.29959492373e-15)
(-0.0690934378803 0.136858074729 8.60755855258e-27)
(0.0564932658196 -0.198599866124 0)
(0.156546928254 -0.0977096078116 0)
(-0.216627463738 -0.0330520385721 4.02999465848e-15)
(0.268064049163 0.0348148325379 -1.04313405443e-15)
(0.0455651626003 0.0698622633751 0)
(-0.284524915816 0.168876104114 -1.15359022055e-17)
(0.0329459959148 0.0162925268708 -2.87293470981e-15)
(0.112597986953 0.273670525002 0)
(-0.269092996084 0.0328632883433 8.38776869795e-16)
(0.0936370187032 -0.0500452715182 -2.72551897402e-15)
(0.148578153102 -0.197744912069 7.5064654785e-16)
(-0.242393993456 0.00673606032978 -1.83886658882e-15)
(0.0902569508634 -0.0743205265822 0)
(-0.246313465733 0.252370206415 3.26086055695e-16)
(0.0346955341211 0.0637440504312 0)
(-0.308367035005 0.135194917626 0)
(-0.116969605263 0.349393796694 3.38019458356e-27)
(0.300670849736 0.0837752322396 -6.01656792102e-17)
(0.119243301815 -0.0354439223815 0)
(-0.0798498789043 0.14335571192 -4.08874457334e-27)
(-0.0482986191111 0.297921435956 0)
(0.190514009526 0.0185758898124 0)
(0.164541033154 -0.112962429613 0)
(0.284025216207 0.0694033850013 0)
(-0.192356827637 -0.116463758337 0)
(-0.104746707511 0.342248616093 1.07922373106e-15)
(-0.133886281145 -0.0262377949963 2.4526414523e-15)
(-0.229135330719 -0.0262106399111 -1.97791216553e-15)
(-0.0901109583068 0.0989391159365 0)
(-0.368777496233 0.0505777914227 0)
(0.134101558744 -0.133181471286 0)
(0.0250591454112 0.143422255489 2.40859657056e-15)
(0.132329805929 -0.212294111467 -7.58898451432e-16)
(0.0241241061449 0.0693855095277 0)
(-0.133675061434 -0.0133785786981 0)
(-0.0904061379008 0.124154960987 2.32769790934e-15)
(0.0244202160111 0.0814539225949 0)
(0.0450259402964 -0.209895045476 0)
(-0.205170321477 0.320744871398 0)
(0.0569541349607 0.203505870653 0)
(0.0572205302666 0.176151103995 0)
(-0.0359818836135 0.378218423507 1.08455048021e-15)
(0.022151758821 0.0099997166588 2.87293470978e-15)
(0.193410052167 -0.105563707491 2.07794370937e-15)
(0.162979935574 0.0173004613366 0)
(0.0644864175825 -0.203686814206 0)
(0.15575975615 -0.144745350397 2.72265287942e-17)
(0.0488907758568 -0.23371448606 -2.20364975697e-15)
(0.035708843425 0.13710655308 -2.40859657054e-15)
(-0.106837440311 -0.174188256492 -2.27089621469e-15)
(0.132306257387 -0.0286158778435 0)
(-0.255259612454 0.0133245812695 3.60136728653e-15)
(-0.401563922358 0.0755863610485 2.90259959035e-16)
(0.0466923890257 -0.277430365414 2.92581666289e-15)
(-0.11789274897 -0.198861925421 -2.17396107378e-15)
(-0.227398629371 -0.249264176197 1.26010903898e-15)
(-0.167519002559 -0.269392620229 0)
(-0.230197321036 0.0256436213608 -1.90330267751e-15)
(-0.318198313967 0.0925857935296 1.23779775975e-15)
(0.0464125120757 0.143511471891 0)
(0.135158389005 0.291283953938 -1.31966466832e-15)
(-0.213844648759 -0.160117881831 0)
(0.124324310369 -0.227761400052 0)
(-0.275477698165 -0.165567969968 0)
(0.204990404502 0.0242714241735 0)
(-0.301807353592 0.219183553247 1.0513249748e-15)
(-0.249564387123 -0.198508344119 0)
(0.0247444343801 0.105727912753 0)
(0.0251339878417 0.182973426595 -2.20793625731e-15)
(0.057323561764 0.137170651178 0)
(0.100838755301 0.217363874397 1.84997731078e-15)
(0.281888395061 -0.00607735999988 0)
(-0.261482572455 0.142855948123 2.25197633414e-15)
(-0.249237667682 0.162690176393 0)
(0.283468252623 0.07899397101 1.75734647668e-15)
(-0.300603583217 0.0715506493436 0)
(-0.0795772170995 0.117753955549 0)
(-0.0795881100239 0.0434004249067 2.65987391045e-15)
(-0.286910115114 0.0913668543501 -7.60436256649e-16)
(0.298048307548 -0.0810096647132 -1.53938894154e-15)
(-0.217754409496 0.0317302359686 9.09396808375e-28)
(0.197673078282 -0.037554327407 0)
(0.0249203512809 0.118147796017 0)
(-0.18020416844 0.0121773977288 0)
(0.0336394626173 -0.101740988532 0)
(-0.219303439478 0.120385571275 1.7480104695e-15)
(-0.144886931326 -0.00705472438282 2.3941128779e-15)
(0.010093571463 -0.0210027200604 -4.69269781026e-18)
(-0.229984435996 0.0128122669713 0)
(-0.00615207587375 -0.106601106555 0)
(-0.0900485165316 0.0863813000641 3.76862752384e-17)
(-0.192095343995 -0.0464863093209 -2.10412716369e-15)
(0.0214922312456 -0.00216411011194 2.90546698211e-15)
(-0.100732322731 0.08031833827 2.47233422185e-15)
(-0.257922138134 0.0892557377925 8.28077603907e-16)
(-0.112930487441 0.358263495699 0)
(-0.314115112665 -0.261252358929 2.70014449408e-16)
(0.0572014469037 0.162937947451 0)
(-0.27057589393 0.0705181087753 -1.62018784375e-15)
(0.0576279890013 0.353775551601 8.49327293562e-27)
(0.107662547266 -0.0310674698204 4.88451778986e-27)
(-0.146392881942 0.118889569421 -2.15778192733e-15)
(-0.0783381259254 -0.301520861401 -9.34877998587e-16)
(0.281065196021 0.101152182946 0)
(-0.046268472353 0.370823430724 -1.08455048021e-15)
(-0.244249274423 0.0825838707069 -1.80251147285e-15)
(-0.0991235661328 -0.248913501205 0)
(-0.134990852411 0.124989703701 -4.67375313022e-17)
(-0.301235381462 0.0852917643373 7.66059775096e-16)
(-0.0337378601577 -0.2184040897 -2.39269238776e-15)
(0.150735826215 0.0329419417979 0)
(-0.244985806076 0.108175233316 -9.07490332347e-16)
(-0.201645335453 0.281353768611 0)
(0.149987580833 0.0219779307138 2.54869242565e-15)
(-0.0819315749091 0.325766094557 -5.59040530783e-28)
(-0.0480754092066 0.316973004481 0)
(-0.0408643749539 -0.193722944922 2.45670099983e-15)
(-0.0589533720238 0.289096977384 -7.26940923602e-28)
(-0.146626478633 -0.270624488725 -1.64462815445e-15)
(-0.170957891366 0.15812116608 0)
(0.117495771803 -0.0472176491678 2.63965845393e-15)
(-0.243876417635 0.0699941184227 0)
(0.164021046348 0.0387031473782 -2.20721534972e-27)
(-0.384687279165 0.130035985741 0)
(-0.214120794522 0.153259279961 -6.62604116303e-19)
(-0.217919621306 0.0444644360985 -1.95180273048e-15)
(0.0463519011665 0.118331379983 -2.29574302904e-27)
(0.235703519143 0.0552428523535 0)
(-0.179659103592 0.278042538334 1.22888403593e-15)
(0.14724222933 0.265306077499 0)
(-0.194671139875 0.303183854366 -4.36468066302e-28)
(-0.324161613936 0.135256729941 -1.93236360278e-17)
(-0.193177660913 0.316793731566 4.36468066302e-28)
(-0.158365426417 -0.246394596278 0)
(-0.165171746228 0.342281317103 1.3188315785e-27)
(-0.0892719909994 -0.274265314128 -1.91698783573e-15)
(-0.390495421288 0.117214503693 3.5897479339e-16)
(-0.0932002317725 0.350900234672 -1.07922373106e-15)
(0.102752177213 -0.0666834196296 0)
(-0.251238601333 0.213271715812 0)
(0.206026014159 0.0657289314644 0)
(0.220476233283 0.0400389534409 0)
(-0.349962500213 0.0557211989176 0)
(0.057096127182 0.100045595664 2.5359921667e-15)
(0.0572189060102 0.124596418284 0)
(-0.170070869897 0.119372049294 -4.05404182529e-15)
(-0.08136960596 0.343635844793 5.59040530783e-28)
(-0.156464721918 -0.0264758088498 0)
(0.250160223118 0.0112424524986 0)
(-0.230670660803 0.0508373754114 1.95180273048e-15)
(-0.108386527662 -0.223492082303 0)
(-0.257075655836 0.26790078552 -7.0364447751e-16)
(-0.105502127405 0.325685937008 1.21153375239e-15)
(-0.158316223912 0.125507092218 2.05513007699e-15)
(0.357672104377 -0.0580890087026 -1.42117209976e-15)
(0.0320812460191 -0.330421765981 1.3956475291e-15)
(-0.108620402907 -0.257498142846 0)
(-0.101014891348 0.00604518374493 2.39798417079e-27)
(0.218598291055 0.103540768556 -9.79881294553e-16)
(-0.026517655642 0.354450702543 -2.71379418436e-28)
(0.147575088745 0.248600202645 0)
(-0.216466690115 -0.0463759840329 -1.95648505225e-15)
(-0.0542301909495 -0.103750594136 -2.99908918054e-17)
(0.035580829903 0.12445643588 0)
(0.164517202751 0.0495835629205 2.20721534972e-27)
(-0.111737390866 0.0865753294379 0)
(0.220234494546 0.070854029767 2.05340542547e-18)
(-0.128628533818 -0.223938901167 0)
(-0.217050973362 -0.00671447564093 0)
(-0.342103818257 0.155338028296 -4.12112458714e-16)
(-0.102920635991 -0.07177853995 -2.63703564833e-15)
(-0.288111997315 0.103901375464 1.17653966431e-17)
(-0.205716750245 0.0631442148343 -6.63769099315e-17)
(-0.156319034063 -0.0135660642132 -4.72499076553e-15)
(-0.0716159590099 -0.050534909833 -2.78892499378e-15)
(0.122439588518 -0.0870633383092 0)
(-0.260416929136 0.128820488914 0)
(-0.345379451027 0.195401014225 0)
(0.218773532031 0.0097870619062 0)
(0.343506585249 -0.0645218180946 -2.06607273498e-15)
(0.267020658178 0.0644446032101 3.162403019e-17)
(-0.0931128743187 0.317013362441 0)
(-0.156381696364 0.0246332763503 -2.13328004327e-27)
(-0.19997745756 0.327012933632 0)
(-0.064891040696 0.381250709104 -6.25369095024e-16)
(-0.18097006535 0.324340588683 -1.54186618645e-27)
(0.045883980533 0.081839536255 2.64908426046e-15)
(0.359558445297 0.105574923589 -4.22720629284e-18)
(0.345563906516 0.113723341106 4.52509055351e-18)
(-0.115398723534 0.264745181164 0)
(0.299856285505 0.148939792662 0)
(-0.197021517793 -0.37447551669 0)
(0.190708287401 0.303385411499 0)
(0.123995449382 0.29981402765 1.31966466832e-15)
(0.0463489156426 0.182942890119 0)
(-0.205532391895 0.050533751569 0)
(-0.231321285821 0.251307143493 -1.1817948524e-15)
(-0.0375954840817 0.224749335375 0)
(-0.23160183219 0.101383692683 3.56043981818e-15)
(-0.0811052467393 -0.0314449319114 0)
(-0.25094160913 0.238666876728 0)
(-0.176026956606 0.244991553744 -5.94070276384e-17)
(-0.0932355512748 0.29845942946 -1.44866846755e-15)
(-0.256827008116 0.064150944603 0)
(0.172363717862 -0.128221121204 -6.34689319373e-17)
(-0.0957927089578 -0.150234423215 0)
(0.0351366354026 0.0876095964896 -2.64908426046e-15)
(0.196660492266 0.246880261601 -1.30626361355e-15)
(-0.252228704924 0.289550424622 -2.4757033595e-28)
(-0.183277589498 -0.408839166711 0)
(-0.218995638485 0.107462225869 -3.69831387727e-15)
(-0.156712149153 -0.0530000086906 0)
(-0.230889747724 0.0635319073273 0)
(0.00935757257982 -0.219789894344 -1.20950304348e-15)
(0.00160712653956 -0.212691169732 2.41255198674e-18)
(-0.193617817607 0.081838085811 4.07145880888e-15)
(-0.320409399927 0.105349509292 6.28743897966e-16)
(-0.289733820779 0.22136896105 -3.32770603942e-16)
(-0.208871741338 0.218752388699 0)
(0.108042013673 -0.243128003176 1.4603270337e-15)
(0.0759583230654 -0.0952604847576 2.65588559513e-15)
(-0.304446493068 -0.0915917623827 2.04729433665e-17)
(0.0682240905955 0.143510503431 2.33791313606e-15)
(-0.401682202985 0.0907659120598 -2.91518226619e-16)
(-0.26838118519 0.246789307694 0)
(0.219766234576 0.272916374316 3.76175545126e-28)
(0.0679313157258 0.182803622838 0)
(-0.102148637451 0.183307525102 0)
(-0.191797814626 0.271350851028 -2.39227893395e-15)
(0.350208804916 -0.0648935820282 7.02385362411e-16)
(-0.220404117519 0.146535975106 -1.7376919171e-15)
(-0.206828386291 0.126439347948 -1.87912811823e-15)
(-0.207274076133 0.139516185691 1.73765189205e-15)
(0.0444588735012 0.0344607002181 2.82340310455e-15)
(-0.177925248519 0.334766829799 1.54186618645e-27)
(-0.108169211315 -0.206797869543 2.17396107378e-15)
(-0.0789739968642 0.372366341443 0)
(-0.092392307276 -0.0646159773903 2.63703564833e-15)
(-0.326573668635 0.14875311561 -1.18947453238e-15)
(0.190439440551 0.10462231583 2.08001473539e-15)
(-0.23251989598 0.127173216693 -1.74839484555e-15)
(-0.285264112214 0.0648802724678 1.62018784375e-15)
(-0.0812960781273 0.28939520755 1.44866846755e-15)
(0.0895829324931 0.240196784616 1.72479208275e-15)
(0.267618911336 0.0552238379714 -2.08652138043e-15)
(0.113543063503 -0.125758363025 -2.41322181731e-15)
(0.0235428667795 0.0456575647148 5.12870258952e-27)
(-0.0505685077438 0.0498882540313 1.33772082187e-18)
(-0.192047309326 -0.0332492277986 2.12299608681e-15)
(-0.19342788962 0.0692026265685 2.05197414662e-15)
(-0.221282316953 0.160340669654 -1.65066804348e-15)
(0.0503535496788 -0.042316400874 0)
(-0.247324740204 0.260252805057 0)
(-0.102124000017 -0.0450810881831 0)
(-0.217339735758 0.312694040829 0)
(-0.163981900308 0.251533556969 1.43101278519e-15)
(-0.0794093049024 0.0802416474802 -2.51002049708e-15)
(-0.249400895301 0.279899382616 3.77558421816e-16)
(-0.181529486276 0.0879036621114 -2.06735745894e-15)
(-0.192884056749 0.0440191277686 0)
(-0.271460846761 0.0832507786083 -8.26056432955e-16)
(-0.36745127983 0.0383942109968 -6.59934262768e-16)
(-0.148687850415 -0.223384664026 0)
(-0.1231967541 0.105626426666 -4.5230124744e-17)
(-0.112357919881 0.124513243554 0)
(-0.27440767653 0.123053583759 5.97664433447e-18)
(-0.270707723449 0.271324484606 0)
(-0.341546088792 0.171317988319 -5.82405073143e-16)
(-0.103386956435 -0.085435019229 0)
(-0.1822523988 0.125979011704 5.77984514723e-17)
(-0.0919537234013 -0.0513284582143 -1.2160576952e-27)
(-0.316649960698 0.0653245937871 4.70627066207e-17)
(-0.106329844141 0.371481384263 5.27447160373e-28)
(-0.186999422399 0.222464269104 1.50652820003e-15)
(-0.146137583052 0.106119137663 -2.22888970799e-15)
(-0.206702592348 0.323594411903 -2.24872388651e-28)
(-0.174768440922 0.228699337409 5.44215890562e-17)
(-0.113176817747 -0.0653370692116 0)
(-0.0689283338013 0.086345389392 4.5924391425e-27)
(0.151351054262 0.0547848312307 2.479271866e-15)
(-0.0951879948455 -0.135196903116 0)
(-0.354120916779 0.17528964759 1.14197588814e-15)
(0.088124808532 -0.0871454041167 -5.27015734536e-15)
(-0.111879631769 0.099196352804 -4.22853836015e-17)
(-0.070239108634 0.298010516074 6.46662635536e-28)
(-0.328996116095 0.17836616542 -1.08971589502e-15)
(-0.0689136230421 0.0988353094127 -4.5924391425e-27)
(-0.192728841428 0.0313748674788 0)
(-0.112574793321 0.137449465424 -2.20677526022e-15)
(-0.0794440809606 0.0678456346826 5.17773642119e-15)
(0.189501633396 0.00809846003263 0)
(-0.169817334533 0.106636445129 5.57604942906e-17)
(-0.123416397873 0.118408876669 2.20451945864e-15)
(-0.296315035834 -0.198024240545 4.48745177182e-17)
(-0.124227745644 0.157160934083 -2.076343283e-15)
(-0.338451901258 0.20625485855 0)
(-0.106308226497 -0.158567836568 -1.06497501526e-27)
(-0.194097814422 0.10705753404 -1.94757826546e-15)
(-0.1923105917 0.00585497590672 1.96907349858e-27)
(-0.101173160597 0.118013605941 -2.32769790934e-15)
(-0.261789122718 0.28851187366 2.4757033595e-28)
(-0.188782170346 0.202303088502 9.07845071471e-17)
(0.109070850132 -0.0193745576449 -2.66446747294e-15)
(-0.0693099708101 0.162926569205 -3.96396935769e-27)
(-0.0690237141605 0.123949122764 2.42221072121e-15)
(-0.206136355289 0.0882921584276 -3.94427272373e-15)
(-0.207050046381 0.280480971946 2.26532416316e-15)
(-0.0590017606019 0.271463565224 1.65559554898e-15)
(-0.235235357813 -0.173474044676 6.9136670323e-28)
(-0.220651990465 0.302504253874 0)
(-0.0909124000943 0.163163042445 -3.30462239277e-17)
(-0.0701126700832 0.316628402431 -6.46662635536e-28)
(-0.101613106946 0.143668756721 2.20677526022e-15)
(-0.195467121657 0.15891223666 -1.77530065231e-15)
(-0.0811060213264 0.271766602339 -3.01270079985e-17)
(-0.100691154374 0.067849470845 -2.53208048221e-15)
(0.323023560871 -0.079384155544 0)
(-0.0449433891227 -0.110125798965 2.74775984813e-15)
(-0.194914643452 0.145601747757 -1.86253041699e-15)
(-0.18019158055 0.295013481347 1.07737418665e-27)
(-0.101809528444 0.156789830716 -2.15192057855e-15)
(-0.244010864124 0.298336498301 0)
(-0.242134543106 0.30002306348 0)
(-0.306785589538 0.22322359396 0)
(-0.104533906684 -0.321166701448 1.49941370841e-15)
(0.171396546121 -0.123627323854 -2.55447778789e-16)
(0.276478601797 0.134772119548 -8.86143583709e-16)
(-0.0267404143061 0.317086785608 -1.4214532562e-15)
(-0.238014606342 0.304161678315 0)
(0.0568559781026 0.087959332544 2.61186735498e-15)
(-0.0271150393159 0.217609440782 -9.26305903934e-28)
(-0.0910758791845 0.176505258562 2.08477907884e-15)
(-0.117484353518 -0.182743750573 2.27089621469e-15)
(-0.190644684094 0.254261227253 -5.76501325723e-17)
(-0.18034170126 0.336288829765 0)
(-0.194333448902 0.119818197343 3.82024141506e-15)
(-0.271382097375 0.231786704708 0)
(-0.218552983592 0.0822392616052 3.81175844942e-15)
(0.0357818356364 0.176239737797 2.20793625731e-15)
(-0.0374885876133 0.289028747876 1.57400713579e-15)
(0.00888551567717 -0.147733805901 -2.68694126178e-15)
(-0.208566430467 0.166199166897 1.65059145148e-15)
(-0.0375898173818 0.239586560957 1.84744704545e-15)
(-0.134385513562 0.0995937491743 -4.84107718625e-17)
(-0.214187627525 0.225492475774 -1.38470554366e-15)
(-0.277863387642 0.25879356709 0)
(0.109881835793 -0.13981677409 2.28947351134e-15)
(-0.21261544918 0.209532299875 -2.94583141956e-15)
(-0.225160042721 -0.152034526001 7.65221961702e-28)
(0.278184321514 0.188990181297 0)
(-0.0271413500951 0.203475349186 9.26305903934e-28)
(-0.016682624612 0.196602941357 7.85350838027e-27)
(-0.209607352912 0.180355194583 -1.61643506381e-15)
(0.270817650451 0.174225587362 -1.22922246653e-15)
(-0.111625071375 0.0121270431953 0)
(-0.206880605753 0.296000521357 0)
(0.113109623637 0.0370602896413 -4.75308581591e-27)
(-0.0694028614642 0.176314006906 3.96396935769e-27)
(-0.0481658343548 0.247180127727 0)
(-0.090434094144 0.012395204745 2.69406196828e-15)
(-0.0168028678695 0.143185629637 -2.41518899867e-15)
(-0.206360005549 0.100949995116 3.83009533916e-15)
(-0.231302422453 0.0885375843016 -6.90756027785e-17)
(-0.0698150270072 0.263321959044 -2.76751202463e-17)
(-0.0899823307033 0.0617501667263 -3.8981767053e-17)
(-0.19817996818 0.200971805941 3.07313099272e-15)
(-0.0272643181032 0.12394885039 2.48354403741e-15)
(-0.0799765596373 0.156503903912 2.18496680248e-15)
(-0.0815125151952 -0.0444109408469 0)
(-0.028833458526 -0.152657013945 0)
(0.0681558445374 0.106192558282 -2.5359921667e-15)
(-0.218419078527 0.0695691622666 -1.98559723669e-15)
(-0.0824650867621 -0.0709351149109 0)
(-0.0167196174278 0.182892434384 -7.85350838025e-27)
(-0.196981414938 0.186253890232 1.61643506381e-15)
(-0.048173491978 0.263234821086 0)
(-0.226421205843 0.313184235775 0)
(0.352904730405 0.0990089459941 -1.14822452365e-15)
(-0.157695516372 0.100078463826 -2.12407071111e-15)
(-0.0696978864944 0.247237574608 -1.76381292639e-15)
(-0.181742462654 0.100559426141 2.06831021682e-15)
(-0.324144232798 0.226766127222 -9.50083694508e-17)
(0.0803072054358 -0.175776710424 3.90008311543e-17)
(-0.232791929902 0.294810004221 0)
(-0.182544037677 0.138853113594 -5.86274360188e-17)
(-0.0898511774956 -0.257454004707 0)
(-0.0270072243834 0.247244273112 -3.7062714726e-15)
(-0.0167454877358 0.156271523799 0)
(-0.113040189328 0.163504664068 2.076343283e-15)
(-0.161440572406 0.220300164069 -3.17540792585e-15)
(-0.0375025450954 0.271457498601 -1.71469469259e-15)
(-0.203026705559 0.248026852467 -1.31395562498e-15)
(-0.117391055504 0.317239918571 -1.21153375239e-15)
(-0.0271762620583 0.162786356982 0)
(-0.256565183361 0.051249885598 -1.80727502367e-15)
(-0.185746822339 0.207010375305 -1.56820052367e-15)
(0.215750391632 -0.0217256548966 -1.21074086846e-16)
(0.0434476717277 0.0110245119775 0)
(-0.0848189277586 -0.127168733947 1.17782161771e-27)
(-0.214965280334 -0.130632457825 -1.83543032758e-15)
(-0.113274357423 0.176785879401 0)
(0.225468918593 0.261166880566 -3.76175545126e-28)
(-0.168096708013 -0.305395330398 0)
(-0.0165857064634 0.239663193504 1.85882442715e-15)
(0.0686432014337 0.327242783142 2.97281055166e-17)
(-0.243101272368 0.0321341966755 3.73354525023e-15)
(0.164579597191 0.0714628071955 0)
(-0.284126841829 -0.28165010817 0)
(-0.201529736749 0.231393286786 1.38470554366e-15)
(0.0564409460497 0.0642666229968 0)
(-0.0126055061662 -0.280601162321 0)
(-0.329349804369 0.213981147171 -5.6335277961e-16)
(-0.321552433022 -0.0706290497954 -6.33590571341e-16)
(-0.0269784861929 0.263244890298 1.71469469259e-15)
(-0.222119956986 -0.295551070038 -4.48747193549e-18)
(0.210873701408 -0.0966023495013 0)
(-0.0169224561633 0.117771411183 9.25751395675e-27)
(-0.0272031840028 0.13676702439 0)
(-0.0939395452712 -0.106017666754 0)
(-0.118735093209 -0.232063053104 -9.01728775657e-28)
(-0.0588660722845 0.239590952312 0)
(-0.0921553702014 0.263836591458 -1.59779342073e-15)
(-0.122658177997 -0.0068694929881 0)
(-0.231799644373 0.203552267368 0)
(0.0462454331274 0.22504302127 0)
(-0.0166239996611 0.224826605222 0)
(-0.0806411378765 0.239731465278 1.76381292639e-15)
(-0.111476803721 0.0617877182202 1.13327863537e-27)
(-0.135252147335 0.137891836312 0)
(-0.0988460981655 -0.231652924621 -2.16594083315e-15)
(-0.123975365931 0.144095231817 0)
(-0.114800063119 0.248256776204 -3.9532642387e-17)
(-0.0271541183142 0.176187388515 0)
(-0.128363386964 -0.20747411597 2.05938043202e-15)
(0.185168517951 0.223990548544 0)
(-0.122715810635 0.0805503644395 2.34098254374e-15)
(-0.271785032779 0.278027246732 0)
(0.254202635334 0.226845579988 0)
(-0.135762568277 0.163922153146 0)
(-0.0912167930582 -0.0253634947878 -2.67058600971e-15)
(-0.255520955843 0.289533287414 0)
(-0.0274181184374 0.0990129294106 0)
(0.231518261511 -0.0777173006191 9.825512743e-16)
(-0.0173160252971 0.0807511299665 0)
(-0.124644154316 0.183653566364 0)
(-0.104447884681 -0.113728269591 2.49652304571e-15)
(0.0792271416062 0.0882674891056 0)
(-0.0163973296713 0.271581856263 0)
(-0.167380926274 -0.253908411149 -1.57704759334e-15)
(-0.101020086418 0.105256310916 2.3648159882e-15)
(-0.29681559659 0.246716907593 0)
(-0.0478570805755 0.353717439873 1.2419644548e-15)
(-0.0175325477367 0.0685430487251 0)
(-0.080218395272 0.183068153013 -2.08477907884e-15)
(-0.0275588508192 0.086645961594 0)
(-0.0798261319428 -0.28444536948 -2.02052013534e-15)
(-0.218662201939 0.257451364813 1.18179211887e-15)
(0.300988825722 -0.0847843882088 0)
(-0.229964588038 0.234778803027 0)
(-0.243331238236 0.0449040090107 1.80727502367e-15)
(-0.307235858695 0.244318568602 0)
(-0.0493575582744 0.0132717784251 0)
(-0.0170435237997 0.105235261296 2.58964496761e-15)
(0.188654278203 -0.118071856515 -1.99909860744e-15)
(0.100938785238 0.0310256890031 2.69007701644e-15)
(-0.289977182007 0.259243921899 0)
(-0.104397475476 0.290114725812 -2.67969742762e-27)
(-0.0900468153987 0.0493795262926 -2.58230410496e-15)
(0.0893221425689 0.0361745287013 -2.69007701644e-15)
(-0.311735282221 0.168524020365 -9.10097386909e-17)
(-0.10302419558 0.240170230786 3.36405412865e-15)
(-0.147797109759 0.184143456669 1.64926904053e-27)
(-0.012475034567 -0.0602959920667 0)
(0.0317415646971 -0.00742748465499 0)
(-0.16768197477 0.317938465924 0)
(0.0682506408731 0.15634438673 0)
(-0.179048602385 0.231747910004 0)
(0.0343049040692 0.0518046034821 0)
(0.186124977772 0.193848101159 0)
(-0.122600020171 0.0680104329538 -2.39592145376e-15)
(-0.121259680353 0.368315697252 0)
(0.16387877472 0.105456472729 2.24263856272e-15)
(0.177426492353 0.0993015847724 -3.36196684775e-20)
(-0.134177099633 0.0869285438185 -4.63263373594e-15)
(-0.313924747188 0.231795870154 0)
(-0.28560517334 0.210856053109 -1.0526874339e-15)
(-0.287478978103 0.236981190092 3.26445496137e-16)
(-0.305029483838 0.126101123208 -4.38457254791e-17)
(-0.158588065449 0.138360052757 -2.02828634828e-15)
(-0.145330034601 -0.0460623008731 0)
(0.012084150055 -0.118520313509 0)
(-0.289579943578 0.263398765037 6.44817557751e-16)
(-0.0984760911942 -0.299433398567 1.73441114506e-15)
(-0.306010384068 0.24632668574 0)
(-0.159545883122 0.177750377582 0)
(-0.156812960869 0.102638291658 -3.91187619351e-17)
(-0.118359980676 0.149731123991 9.70167175231e-18)
(-0.104031551522 0.272448979549 2.67969742762e-27)
(0.0683078737868 0.118451402878 0)
(-0.0707240655437 -0.0247475222032 -2.7957966336e-15)
(-0.0918684591678 0.247544396387 -1.70053012131e-15)
(-0.205015190483 0.025195434174 0)
(-0.271731310874 0.216565802689 0)
(-0.298219199895 0.190001248016 -1.16806252342e-15)
(-0.117107314773 0.299427138096 -5.80652130806e-28)
(-0.111468484099 0.0493457482464 -1.13327863537e-27)
(-0.136072843902 0.177178933091 0)
(-0.187620778707 0.335001196239 0)
(-0.104993514001 -0.1282458107 2.43339300611e-15)
(-0.259910073767 0.280463402837 8.05704247762e-16)
(0.0679041108238 0.19639521495 0)
(0.195532823681 -0.124263132435 3.59355988775e-17)
(0.0523702972249 -0.112465815839 2.6702252305e-15)
(-0.0370219728146 0.345522830982 -1.2419644548e-15)
(0.176130614371 0.122689536393 0)
(-0.372096204649 0.121478299509 0)
(-0.108996455537 0.358011174121 0)
(0.279876817979 0.11134849513 7.61013675308e-16)
(-0.0387381365573 0.0318223501248 0)
(0.0552158973057 0.0291402619622 -2.78287760965e-15)
(-0.0268449702241 0.297981449536 -3.15943765125e-15)
(-0.0681014614118 -0.311084909297 1.6544901948e-15)
(-0.0257655828165 -0.226044010359 1.19511126155e-15)
(-0.180284263085 0.0248562770967 2.24361362668e-15)
(0.020090269258 -0.0263431910544 -2.91485757377e-15)
(-0.296347718613 0.256607843943 -7.89075169467e-16)
(0.031920820497 -0.115742694174 0)
(-0.0721126320144 -0.0637699144594 2.76700808739e-15)
(-0.0379056423134 0.080483534631 -4.85324795063e-27)
(-0.158669895469 -0.231111492217 0)
(-0.133725577001 0.061975398006 5.14014209191e-17)
(0.0679433499396 0.082209275526 -2.61186735498e-15)
(-0.234510922056 0.281909095924 9.60248260233e-16)
(0.369523640396 0.0996250505424 0)
(-0.135925376313 -0.414580446685 2.28482889695e-15)
(0.0794465877656 0.100246353676 0)
(-0.0281356043696 0.0502123146324 2.76681387033e-15)
(-0.279807775946 0.273696425787 -6.44817557751e-16)
(-0.0485901705863 0.0498334607384 0)
(-0.0393801773913 0.00753298751496 -1.29674616727e-27)
(-0.266034658549 -0.20977832497 1.13749516326e-15)
(-0.332194635564 0.0486903115433 1.36797023412e-18)
(0.265747943785 0.0851766096833 -2.24288805129e-19)
(0.284592120697 0.0210542107023 0)
(-0.0180056900914 0.0445039271563 -1.02377996098e-26)
(-0.219416385143 0.27384468368 -1.10192926515e-15)
(-0.0324931613981 -0.201003676449 -2.49551999534e-15)
(-0.267797694625 0.00757748154647 -8.2227269643e-17)
(0.203762621968 -0.0725282696241 0)
(-0.203916272444 -0.109096443529 8.94470853999e-28)
(-0.284104075848 0.195615333502 1.16815456187e-15)
(0.00852303777045 -0.0458253251838 -1.05752539581e-26)
(-0.156877578718 0.0623051791212 -2.29115846453e-15)
(-0.304833150446 -0.105642984377 1.29280063129e-15)
(-0.101243661991 -0.00654783016212 -4.81200529419e-17)
(-0.100667354227 0.0432488335834 2.58230410496e-15)
(0.0794230963564 0.124640040831 0)
(-0.0697475973853 0.0127809352197 -2.73406293138e-15)
(0.175186226149 0.00210092277424 2.46065099041e-15)
(0.162352746356 0.141531184071 2.01713191719e-15)
(-0.304450670098 0.11170037728 -6.34165351486e-16)
(-0.246860563777 0.274787991237 -9.60248260233e-16)
(-0.145348092278 0.0683334597309 4.63567849738e-15)
(0.128777557576 -0.225423402823 0)
(-0.027888356577 0.0623909606655 -1.24956540061e-27)
(-0.27152680876 0.272073172225 -8.05704247762e-16)
(-0.297281233277 0.174602369409 1.18168009486e-15)
(0.344873161962 0.109317788672 1.18609008213e-15)
(-0.0374076966567 0.32620634837 1.4214532562e-15)
(0.1900534864 0.116152991151 0)
(0.0560208626573 0.0524404085 0)
(-0.0163939640814 0.289141641237 1.58543051546e-15)
(0.172859321248 0.201637687621 1.69367207154e-15)
(-0.3098584772 0.154092805855 1.19777437045e-15)
(0.149019337606 0.161089379802 2.02087270729e-15)
(0.147812514649 0.202190952211 -7.79925276212e-28)
(-0.231972447376 0.218230123167 7.30065389414e-29)
(0.0676180298579 0.0703414586064 1.19848822889e-27)
(0.027818039117 -0.259548814459 0)
(-0.168106120063 0.302228839888 0)
(-0.279663751082 0.165544012469 0)
(0.150502766112 0.123594429175 -7.79088595274e-27)
(-0.168992757476 0.0687672645563 0)
(-0.135370530743 -0.0936511819759 -2.43375781561e-15)
(-0.114029371575 -0.0928629239201 0)
(-0.0490452248387 0.0255927660552 0)
(-0.0376540577217 -0.146014576512 0)
(0.266411084987 0.00674392891959 -3.30769908352e-17)
(0.180766127365 0.287360313759 0)
(-0.169420598878 -0.116163889339 0)
(0.000167122120123 -0.141691072406 -1.66044593174e-18)
(-0.093398259736 -0.0919770866543 2.64802875228e-15)
(-0.019579016451 -0.0041094334789 2.90052504698e-15)
(-0.180241355952 -0.0667644591186 0)
(-0.169207516367 0.0813810368776 0)
(-0.168354337083 0.0310532515777 -2.24361362668e-15)
(0.0490896808547 -0.0549222576799 -2.58171241611e-17)
(0.31738254193 -0.00954555988172 1.62881578651e-15)
(-0.204141024855 -0.0668738231763 0)
(-0.133640443463 0.0494655593288 0)
(0.151671508519 0.0659052115612 0)
(-0.217238249462 0.00619685180378 -2.05950985021e-15)
(0.0449654494937 0.0463228362667 0)
(-0.180766121817 0.0501206674229 4.92391896587e-28)
(-0.118614843463 -0.248483754524 1.89038367661e-15)
(0.151443996525 0.0884206478 0)
(-0.122381731651 0.0432341973952 0)
(0.0264143568332 -0.215297713704 -9.07932055821e-18)
(0.0670313055367 0.0470236574993 0)
(-0.0380690243071 0.068215402215 2.68975853254e-15)
(-0.0190944534833 0.00824915272518 -2.86555929728e-15)
(-0.0100534298536 -0.150430192003 2.68860940893e-15)
(-0.145526550852 0.0809248011019 5.26042613047e-17)
(-0.115649998619 -0.13625949941 -2.43339300611e-15)
(0.265532389531 0.0959132870579 2.2390335883e-19)
(-0.0484004484138 0.0620732113162 -2.68975853253e-15)
(-0.0384590842528 0.0440410873965 -2.76681387033e-15)
(0.10254640723 0.100333115594 0)
(-0.0612955655804 -0.0436165781709 5.61115970914e-15)
(0.0545665654375 0.0173071502022 2.55951591814e-27)
(-0.157462063087 0.087400030621 2.2390469309e-15)
(-0.0161840701413 0.326435549455 0)
(-0.00735261332738 -0.120887745398 -2.75641619503e-15)
(-0.00602861209371 0.263327034898 0)
(-0.116193840071 -0.151313477029 0)
(0.265229543124 -0.00245218807999 -2.14554200014e-15)
(-0.130519601064 0.32594532359 0)
(-0.00605447651215 0.247390104405 0)
(0.234884637175 -0.0670577183223 1.04469199541e-15)
(-0.28760194338 -0.240922704986 1.12995116237e-16)
(0.220033665477 0.081397660828 -1.02083569775e-15)
(0.0309067413655 -0.0196905379365 0)
(0.267155035711 0.186303470833 3.66037250692e-20)
(0.155325961075 -0.195498166594 0)
(0.0427016753078 -0.000986409732688 2.86232360862e-15)
(0.274529893373 0.146669503825 -6.66107930117e-16)
(0.164648458355 0.0826163380703 -2.26452229436e-15)
(-0.314886605711 0.05438018635 -8.31669757582e-16)
(0.201456836419 -0.1533891387 -5.98315312922e-18)
(0.0192006775824 -0.0389021358629 0)
(-0.277677028242 0.151109002037 -7.24025601984e-16)
(0.0524381315194 -0.282138575162 -5.23289232063e-17)
(0.280374265324 -0.0145246572949 1.01366282915e-15)
(-0.14489342429 0.0308323345157 0)
(-0.156998852163 -0.0664316724228 0)
(-0.146196179579 -0.0868704927729 1.07380751142e-27)
(-0.0240118898274 -0.331065186203 -1.09650218971e-15)
(0.160733097114 0.180699020341 1.80918644174e-15)
(0.0895734108428 0.224975026053 -1.84997731078e-15)
(0.100199285943 0.0195683041218 -4.89300189476e-27)
(-0.321848822249 -0.0834198850664 1.19030474426e-15)
(0.163639623037 0.117148823608 0)
(0.0762649649235 -0.192168399317 0)
(0.073674050823 -0.108730954739 -4.81756934744e-27)
(-0.361493506662 -0.0279367570029 -1.42594050502e-15)
(-0.112784978118 -0.052000732653 0)
(-0.101769347524 -0.0320625541557 2.67058600971e-15)
(0.077633141708 0.0300634009465 -2.755586306e-15)
(0.0664847984436 0.0352974465401 5.53846391565e-15)
(-0.112201139077 -0.025862331644 0)
(0.0390404577279 -0.135492028842 0)
(0.333088473633 -0.0167352853703 -9.85557324971e-16)
(-0.0457658388958 -0.124538066644 0)
(0.0532479698563 -0.00611514067926 -2.86232360861e-15)
(-0.00564680102187 0.298210200913 0)
(-0.123972141368 -0.0725061127646 0)
(-0.028689560756 0.026124402053 -2.58486247611e-27)
(0.14369628024 -0.209547166239 -5.79644171656e-16)
(-0.395066140391 0.109140768206 -3.30360508708e-16)
(-0.122487443775 0.00578173565104 0)
(0.324943295679 0.144622198642 0)
(-0.0804315265076 -0.00610465992456 -2.71201192024e-15)
(0.0794768652853 0.137119072296 -4.64840178583e-15)
(-0.0829877156765 -0.0845466189312 -5.33979642102e-15)
(0.177607028725 0.0880293112021 2.26461127164e-15)
(-0.0596694545755 0.00692699910016 0)
(0.115637891856 -0.157915854166 2.20352151847e-15)
(0.090907693701 0.118454796918 -2.3694495307e-15)
(0.151407121785 0.0999146571616 -2.24263856272e-15)
(0.090808183498 0.106306833723 0)
(-0.153861004458 0.29320530987 0)
(-0.29096161511 0.131617168652 0)
(-0.210986550707 0.206095043585 -7.30065389414e-29)
(0.150232741129 0.135715088023 7.79088595275e-27)
(0.234193148441 0.0053549642179 0)
(0.237244360105 0.250384265997 0)
(0.0604082958179 -0.221714347952 -2.12627410787e-15)
(-0.11193439072 -0.0130569116087 -2.61861316926e-15)
(-0.124398993811 -0.0862084543656 2.43375781561e-15)
(0.0786629720909 0.203324015075 0)
(0.200646523533 -0.143578647128 -1.65431672581e-15)
(-0.0290678604014 0.0138642541739 2.86555929728e-15)
(0.203583688914 0.00389882708257 0)
(-0.0377144839354 0.105065375918 0)
(0.161978471091 0.154051800364 -1.91784591992e-15)
(-0.0265710199763 -0.122880348012 0)
(-0.348476766036 0.030829792057 6.47699450159e-16)
(-0.148982149571 -0.207674404922 1.93483602112e-15)
(-0.159113879843 0.164402832351 0)
(0.0985781639757 -0.0913799811306 2.61427675626e-15)
(0.148706940864 0.174184080303 0)
(-0.0797153840376 0.380598914379 6.25369095023e-16)
(0.126415997984 0.0885600836606 0)
(0.0786299864075 0.217528026053 0)
(-0.292399307846 0.14615807531 0)
(-0.180937772626 0.0627280940118 -4.92391896587e-28)
(0.10328513629 -0.122062874776 2.41320216456e-15)
(0.231650663864 -0.129953475183 -6.61172537843e-16)
(0.16817377984 0.176647292745 -4.24220920647e-17)
(-0.259998387259 0.253688083732 0)
(-0.0161776985178 0.346092458476 0)
(-0.080147506041 0.006429869872 4.0000963098e-17)
(0.228478394366 0.170720718748 7.42065274358e-16)
(0.117285780176 -0.239472904592 0)
(0.116943576189 -0.234043841441 -6.00697123173e-16)
(-0.0842046001612 -0.112684470772 2.64226425555e-15)
(0.178863296165 -0.176074008805 1.33435956191e-15)
(-0.204873290682 0.0124460639384 2.05950985021e-15)
(-0.286425978742 0.252916429839 7.89069112151e-16)
(-0.274485835302 0.260755570533 0)
(-0.0798582017052 -0.248662337162 -2.13746820336e-15)
(0.210530912458 -0.141547053019 -8.03477739273e-16)
(-0.158244483759 0.251292057088 0)
(-0.389191721726 0.0902354818645 5.47591972742e-16)
(0.140118075516 -0.149991849936 4.12138407237e-15)
(0.0379285591609 -0.0621630228028 2.85099966382e-15)
(-0.0187845711791 -0.144049756254 0)
(0.126067592818 0.161088459303 -1.27521544471e-17)
(-0.122348442655 -0.139675420423 0)
(-0.31930001061 -0.261989916793 -2.9429932069e-16)
(0.114240874873 0.106264743744 0)
(-0.114524222865 -0.106942975946 -4.93768550259e-15)
(-0.0397865400582 -0.00488516635497 1.29674616727e-27)
(-0.147267661351 0.157594673355 0)
(0.172372487243 -0.179971805123 -5.97323116629e-16)
(0.0411359017814 -0.121012423434 0)
(0.168900667842 0.29629933278 0)
(-0.0908979811775 -0.0126134697102 5.37874514244e-15)
(0.0211330818523 -0.124177917588 0)
(-0.269683346389 0.0455174617941 8.2764928975e-16)
(0.0645867678618 0.000315054810746 0)
(-0.225806217986 -0.137453588228 -7.65221961703e-28)
(0.00432405480292 0.239750496242 0)
(0.0618581149006 -0.117349778279 -2.6702252305e-15)
(-0.172749336493 0.318458391217 0)
(-0.0057700073309 0.317090191426 0)
(0.0193912959941 -0.138875756895 0)
(0.0291450665925 -0.0441799582518 0)
(-0.180861731903 -0.183875435525 -1.89475072333e-15)
(-0.0183454323641 0.0323516331029 -2.84109142698e-15)
(-0.235285573539 -0.158611380989 -6.91366703231e-28)
(-0.134654570841 -0.0659433066034 1.11713296771e-27)
(-0.0608277111319 -0.0307065205756 2.7957966336e-15)
(0.0280482946495 -0.0569614896659 0)
(-0.245714557839 0.121381115168 -1.63931852837e-18)
(-0.386700776495 0.112953140449 -2.68272697016e-17)
(0.160436679743 0.194574721868 -1.69367207154e-15)
(-0.247969972743 -0.182097920238 0)
(0.0518217224608 -0.257261468428 0)
(0.0457495813596 -0.252487971873 -2.13968213565e-15)
(0.00161162556095 -0.126866595295 0)
(-0.105086453152 -0.306590730844 -1.65679492481e-15)
(0.125552241559 -0.160983384737 -2.09274132953e-15)
(0.125812566821 0.136435447377 -8.12075145682e-27)
(-0.0304342358034 -0.0231557056105 0)
(-0.0558808386842 -0.132640282412 0)
(0.16696010912 -0.1414708526 0)
(0.261940328052 0.130056555815 7.85817866407e-16)
(-0.314604015108 0.211849262251 8.63748919315e-16)
(-0.0753339253203 -0.134008683825 0)
(-0.215343521005 -0.116208078294 -1.82348894653e-15)
(-0.241262748109 -0.0324875850439 1.82463816628e-15)
(-0.169445385243 -0.222726605894 0)
(-0.216093515155 -0.073747544545 0)
(-0.208578196797 0.182054655949 -6.07348204584e-17)
(-0.116492692971 -0.295095738005 8.18055539697e-16)
(0.174484667245 0.313460637118 0)
(0.0188516658295 -0.209145270855 1.2042119676e-15)
(0.129138876909 -0.0513063107594 0)
(-0.0432991650029 -0.0823302474809 0)
(0.331441549938 -0.0234346769972 1.09444789992e-16)
(0.147620067947 0.216898567604 1.67949486614e-15)
(0.19020394601 0.291617699512 -9.51184184116e-16)
(-0.00426824293771 -0.269976518542 -9.56714126059e-16)
(0.0281947567052 -0.144506081062 0)
(0.227467447184 -0.119963973594 1.44991342127e-15)
(0.174650229652 -0.168650681847 0)
(0.245782621624 0.137364519393 -8.49608132194e-16)
(-0.145818485482 -0.0731266623253 -1.07380751142e-27)
(-0.138481034295 -0.199622875207 -2.05938043202e-15)
(-0.281870001067 0.014309790168 -1.68758021094e-15)
(0.150945550485 -0.152353925123 -2.02864274283e-15)
(-0.192237134102 -0.0877256652605 0)
(0.211756935857 -0.0408172327025 0)
(-0.0651220111845 -0.125957796539 0)
(-0.0376144228507 0.143133240304 2.37790194767e-15)
(-0.159480550124 -0.184017333018 -1.9639368929e-15)
(0.183654022074 -0.167411163906 -4.3678518867e-17)
(0.257084083454 0.168502546207 0)
(-0.157548542076 -0.094325566817 0)
(0.0791013220591 0.318198992605 1.36228954028e-15)
(0.233605811981 -0.108596312864 0)
(-0.178451435411 -0.245123782373 1.57704759334e-15)
(-0.146976249858 0.144577080345 2.02828634828e-15)
(0.172191081602 -0.155977540905 1.70551473026e-15)
(0.184525962244 0.23974861166 1.30626361355e-15)
(0.120302172084 -0.17629634447 -6.32125553909e-17)
(-0.345064917327 -0.190469759005 -4.25307778972e-16)
(0.0882043901347 0.0133617636304 -2.75743422899e-15)
(-0.269639262996 -0.17697289477 -2.15195492781e-18)
(-0.0299233500404 -0.0105843269714 0)
(0.230061601453 -0.0242438470528 2.22479873122e-15)
(0.125268705071 -0.211515555578 -4.122926588e-19)
(0.102156568638 0.06526122527 2.55536362919e-15)
(0.182640052767 -0.155947606079 -7.45541159278e-17)
(-0.123024525692 -0.0325640622158 0)
(-0.381658965906 0.101484223991 0)
(0.225424674735 -0.0986684736058 0)
(-0.331860416425 0.0362449504459 -1.42806187952e-15)
(0.178796116512 -0.142697122941 0)
(-0.237300026285 -0.129615849464 -1.59509130429e-15)
(-0.015775427803 -0.302572904505 0)
(-0.188043605034 0.18023190976 0)
(-0.204002742868 -0.0949288625637 -1.95480690154e-15)
(-0.129549019963 0.341863099961 0)
(-0.0227482748013 -0.191470126253 5.00266304671e-15)
(0.106371841759 -0.108505040735 0)
(0.0573949358933 0.370232033598 -8.49327293564e-27)
(-0.202657969513 -0.176238025971 0)
(-0.168565480652 -0.073618055057 1.01370311695e-27)
(0.250793887488 0.0702037508689 0)
(0.262985074912 0.118475826419 2.61407577976e-15)
(0.208280020607 -0.13225320873 -1.6922038813e-15)
(-0.0366947371908 -0.131046702843 0)
(-0.254405888319 -0.012258525497 0)
(-0.170193123105 -0.176211687686 3.85868761623e-15)
(0.146650883297 0.298783432372 0)
(-0.127456852341 -0.175224872417 2.15675490757e-15)
(0.159237372602 0.273283187951 0)
(-0.146979872627 -0.115492217833 -2.25543795709e-15)
(0.0769298976329 0.0184053157214 2.75743422899e-15)
(0.102112425325 -0.168801126244 -2.20352151847e-15)
(-0.159489289056 -0.199549789967 -1.93483602112e-15)
(0.17254038487 0.216533846555 0)
(-0.0176006731323 -0.129139844704 2.75641619503e-15)
(-0.284512946551 0.0525848900664 -8.26331543564e-16)
(-0.264978064925 0.170788310251 0)
(0.242260857191 0.23699714069 0)
(0.201041897713 0.15902567957 0)
(-0.180557527201 -0.0948204975215 0)
(-0.024023802652 -0.310912730763 0)
(-0.0500871485881 -0.0113797407391 1.29217156346e-27)
(0.0654111539698 0.0121505545802 0)
(0.0459367288073 -0.299476001503 -3.26779672132e-15)
(0.0835370537302 -0.113174671438 0)
(0.119968685981 -0.143235728379 -2.2894544058e-15)
(0.0808035863993 -0.127095777442 0)
(0.0928581152191 -0.164984045919 2.29914986279e-15)
(0.159878487435 -0.0149870412128 0)
(-0.215884363908 -0.0876246110212 7.62366328141e-17)
(-0.180528637006 -0.199066024583 -1.72701651495e-15)
(0.123215718887 0.317450855924 -1.21777545974e-15)
(-0.150484160163 0.242661295708 0)
(0.0148102711861 0.247560501459 0)
(-0.139597466033 0.333654759182 0)
(-0.328645020282 -0.217286770067 0)
(0.148591365827 -0.182573017419 -8.22830798037e-16)
(0.235602427589 0.0652372662657 0)
(0.15727738999 0.331770989985 7.97449301809e-16)
(0.201478053691 -0.119830612606 0)
(-0.298729922274 0.0470195946083 7.57813808601e-16)
(0.0401242074827 -0.0372585006432 -2.6216898842e-27)
(0.171972587884 0.248232169646 0)
(-0.00122193425649 -0.0403475782792 2.91397307542e-15)
(0.248864434922 0.102388494101 0)
(-0.126968133404 -0.159606472056 -2.2425692573e-15)
(0.0153673314974 0.298495193573 0)
(-0.322180888142 -0.113710722994 0)
(-0.000463747152147 -0.0276683248139 5.83678197687e-15)
(-0.153213654065 0.275638570614 0)
(-0.192133060488 -0.0738821686777 0)
(0.258594757345 0.155664866111 0)
(-0.325114380709 -0.0287713182642 0)
(0.129870610775 -0.178730670898 -6.01095968372e-17)
(0.242419525402 0.17685736772 -7.39990746376e-16)
(0.171221195213 0.264692323206 0)
(-0.375215449682 -0.0606563488113 9.37263702934e-16)
(-0.17895452818 -0.229968341585 1.62271123013e-15)
(-0.134310032349 -0.0525600357082 -1.11713296771e-27)
(0.00461177610709 0.271797632203 0)
(0.0967330371936 -0.149861142193 -2.38414180498e-15)
(-0.0453818714638 -0.283635067478 1.16171833977e-15)
(-0.144939863957 0.0433690186243 0)
(0.166296670407 0.311267174487 0)
(0.146439366034 -0.204482738907 1.22442844632e-15)
(0.00466745300912 0.289244199337 0)
(-0.267418631029 -0.00566295420106 -1.67913677128e-15)
(0.196114469327 -0.13178015583 0)
(-0.037645085394 0.117657031462 -2.48354403741e-15)
(-0.16846562875 0.043642086764 -2.27529007968e-15)
(0.0960077721021 -0.104521010944 0)
(0.0872421202348 -0.145820983433 2.38414180498e-15)
(-0.0600108363506 -0.00554945065458 0)
(-0.353968660898 -0.182899283915 0)
(-0.138280627097 -0.18363109314 -6.1934755319e-17)
(0.0640556652696 -0.268383192604 -1.58593944149e-15)
(-0.282539184849 0.0273326544021 -3.87500781279e-17)
(-0.0644231582366 -0.111501800001 -5.39984117299e-15)
(-0.364384075263 0.0136932782171 1.74655054224e-16)
(-0.0703495572557 -0.0120542930585 -1.26250136582e-27)
(0.0904926495831 -0.131338730561 0)
(0.204634475484 0.172765702876 0)
(-0.146035815576 0.22176808138 0)
(-0.185940989021 -0.257330278903 -5.58062573501e-17)
(-0.253053373554 0.191624358221 0)
(0.0523115068858 -0.0182061905199 0)
(-0.1567313373 0.0497371979416 2.27529007968e-15)
(-0.266787935704 0.186124265202 0)
(0.219290909848 -0.110141292939 0)
(-0.0710304737745 -0.257147670721 2.14011270109e-15)
(-0.00598762988759 0.372243330882 0)
(0.062521992459 -0.244560575214 -1.85828978304e-27)
(-0.12333065716 -0.0456341098977 0)
(0.15820897156 0.290050107997 0)
(0.0154630832138 0.317491637607 1.45075477511e-15)
(0.106390940109 -0.188168874029 2.04417777175e-15)
(0.0679754911945 0.345844280398 -1.21258243565e-15)
(-0.321967488365 0.227567416021 6.52894143712e-16)
(-0.169714942584 -0.207299737032 0)
(-0.157930422721 -0.108478629627 2.25543795709e-15)
(0.0690878961551 -0.248818689689 0)
(0.169014006873 0.323481619145 -7.97449301804e-16)
(-0.050524368648 -0.0240148943476 -1.29217156346e-27)
(-0.254744940831 0.207415750903 0)
(0.145318846206 -0.166643326022 -1.92104488881e-15)
(0.0675645109102 -0.226064613258 2.12627410787e-15)
(0.245037704215 0.149699773134 -3.15843562334e-18)
(-0.22851915652 -0.0529482749477 3.83573861573e-15)
(-0.261926785352 -0.174445714834 0)
(0.00521407097015 0.326615469968 -1.4507547751e-15)
(-0.0732911381454 -0.0909636298759 5.4236082103e-15)
(-0.361463800911 -0.0408665121924 -8.73680999235e-16)
(0.228182530598 -0.0339573960681 0)
(-0.168853741758 -0.0874101384962 -1.01370311695e-27)
(-0.0972199351543 -0.181677359108 0)
(0.232783010927 -0.00449692427261 5.92117388684e-17)
(-0.237973405212 -0.115246403614 0)
(0.0411559495295 -0.0248468710244 2.6216898842e-27)
(-0.00818082096177 -0.223158324196 9.22437739863e-18)
(0.0149029314576 0.263575064965 0)
(0.248559219095 -0.00813458996722 4.28798292948e-15)
(0.2503345392 0.08034894184 0)
(-0.253962051566 -0.0255272433707 -7.91755709575e-17)
(0.248260791418 0.113347354071 -2.64036821422e-15)
(0.130479521143 -0.216745261019 5.72392253169e-16)
(-0.0759974501916 -0.149011449526 0)
(-0.413625283836 0.0581713616789 -3.40685942334e-16)
(-0.0445086920765 0.390475968223 7.42071755067e-16)
(0.163753607072 -0.189021910606 -5.98318574506e-16)
(0.39510003989 0.0677748304492 -7.06847123533e-17)
(-0.0602318456659 -0.395037252896 0)
(-0.247945851939 -0.136061916993 1.59509130429e-15)
(-0.34722326997 -0.208945406334 -1.14532889399e-17)
(-0.187942066539 0.167920207528 5.01133268754e-29)
(-0.0376055489536 0.156256011402 0)
(-0.125829537838 -0.129228342623 1.08281814661e-27)
(0.241350182314 -0.120843042151 -6.87291484125e-16)
(0.282827918071 0.0118154916517 0)
(-0.412288080896 0.0734739216557 3.46372054904e-16)
(-0.316870536851 -0.244279459352 0)
(-0.227404797142 -0.0944102346832 3.67801653569e-15)
(-0.125320843795 -0.114663354254 4.82282366647e-15)
(-0.342601754093 -0.060911628761 6.19303690281e-16)
(0.154100052741 0.185335231471 1.110769808e-17)
(0.202224747895 -0.00651931141546 -5.83222326239e-17)
(-0.228206980831 -0.0666049366834 0)
(0.246762784515 -0.0179913133672 0)
(0.194462049505 0.293565847576 -5.21206598138e-28)
(-0.347673711251 0.0191214836616 0)
(0.229396244318 0.15782816114 -3.07722535917e-18)
(-0.135816036315 -0.107772129158 -2.38166120958e-15)
(0.0975439873944 -0.184733780438 0)
(-0.0714057599657 -0.275906029764 4.07721407745e-15)
(0.144880443994 0.315062243131 0)
(0.29747832691 -0.0172370790885 -2.92870750453e-15)
(0.0687481756675 -0.136322059282 0)
(-0.0407458960339 -0.0298391224184 2.60868567082e-27)
(-0.0587580067836 0.182927241925 0)
(-0.331007004207 0.154889479108 0)
(-0.342229208171 -0.206246396315 1.0862975318e-17)
(-0.0862620700524 -0.157375520911 -4.65278911854e-21)
(0.226085724348 0.199286193201 7.12449507251e-16)
(-0.148650443353 -0.175929979415 -2.09482015225e-15)
(0.151183242828 0.332418685199 0)
(-0.159441570228 0.325153892129 -4.01625255553e-16)
(0.215247130738 -0.0206255535825 5.91468603513e-17)
(-0.343185019406 -0.00710019731286 1.3865623083e-15)
(0.159631077794 0.240363605375 0)
(0.0480317273432 -0.14070632091 2.60623179359e-15)
(0.346645087351 0.130455083682 -4.16729955725e-16)
(0.0846089466382 -0.196495780515 0)
(-0.0592759963644 0.387127242977 -6.66479224874e-28)
(0.234406212342 0.0864501303407 1.0184693662e-15)
(0.185786704727 -0.0233204162056 0)
(-0.32336043535 -0.0404598471192 -1.3653961173e-15)
(-0.0695170627854 0.203505118705 -3.57020854289e-27)
(0.133469664045 0.323759117318 1.94299833138e-27)
(-0.0738970150801 -0.104959122391 3.9807961106e-17)
(0.17390228738 -0.00862000995344 0)
(0.159881303259 0.224543959655 0)
(0.0338724669826 -0.265466245248 1.98876432211e-15)
(-0.297647602797 0.0341214843719 -8.13727223747e-16)
(0.00387893188063 0.117948205211 0)
(-0.226962535463 -0.108641133918 1.82348894653e-15)
(-0.24777791794 -0.150620770699 0)
(-0.102360315943 0.196905910416 0)
(-0.301124370335 -0.233911534145 9.04900406265e-16)
(-0.360679022948 -0.0707267567784 -7.94454410936e-16)
(-0.124975630666 0.197276312911 0)
(-0.043075494687 -0.228202996838 1.12810014748e-18)
(0.155608436107 -0.168242670232 0)
(0.261850126386 -0.0205798754042 0)
(-0.0803439035566 0.196704008802 0)
(-0.0507122352554 -0.202985337612 -4.88673276435e-15)
(-0.0053124755499 0.35487035827 0)
(0.154680478133 0.319683181416 0)
(-0.327392264308 -0.234624289726 0)
(0.294561180667 -0.0274991001281 -3.77594337701e-18)
(0.0799401423773 -0.213390606436 2.03122262661e-15)
(-0.240848713639 -0.04593750712 -7.81655451567e-17)
(-0.341825397645 -0.0467855624035 0)
(0.0594614394609 -0.131549413576 -2.60623179359e-15)
(0.203204337277 0.121508325569 0)
(-0.118894234049 0.124839986085 -1.80829470095e-17)
(-0.342812675175 -0.0197086129815 6.11749748669e-16)
(0.216792081679 -0.0104561394603 -4.52779816228e-15)
(0.375826025215 0.0795725867817 0)
(0.101132850898 0.31821447791 0)
(-0.0160238688227 -0.215941206728 1.20088688924e-15)
(-0.0912895861147 0.203653659593 -1.73201820895e-27)
(-0.297317247109 0.147361369785 -6.16109696585e-17)
(-0.0116826780522 -0.0472680965275 -2.91397307545e-15)
(0.00412231452996 0.156337198766 1.72629749989e-26)
(0.23396109396 0.0972880819301 9.80390483763e-16)
(-0.149570956005 0.226848306623 1.61445813676e-15)
(0.218108470909 0.114913754581 0)
(-0.137255881578 -0.152289240923 2.2425692573e-15)
(-0.0145073905016 -0.19859922733 -3.76282767488e-15)
(-0.0521505505083 -0.0627841816338 0)
(0.0904156515524 0.32678999148 0)
(-0.198434140715 0.249895819781 1.69583898744e-16)
(-0.330058778067 0.144613891785 1.80785940055e-16)
(0.188437921236 0.140462829505 -9.19888900779e-19)
(-0.137225896907 0.312572998105 0)
(-0.260651412514 -0.158605261216 0)
(0.112256186222 0.325904488854 1.21777545973e-15)
(-0.148374680936 -0.160475561122 -2.11656351018e-15)
(0.310745643917 -0.0376561464828 1.49226480063e-15)
(0.213752859217 0.178613240449 1.62143091279e-15)
(0.0788111876981 0.352669250264 1.21258243564e-15)
(0.158270419099 -0.0260198523227 0)
(0.312333010955 -0.0296626075224 0)
(-0.362353758248 0.00136526539068 4.63963534895e-16)
(-0.379941037881 -0.0485640059102 1.03527357159e-15)
(-0.313914055854 -0.207060345124 9.17210375301e-16)
(-0.35046969887 0.132376871466 -1.88101277767e-16)
(-0.32298329495 -0.12932828169 -5.33770245214e-16)
(0.111424851154 -0.0832667026345 4.89939346091e-21)
(0.183453936126 0.310351073276 0)
(0.102417475996 -0.242523274656 -1.42859522268e-15)
(-0.201955141697 -0.419782978682 0)
(-0.336495482914 0.208124410715 0)
(0.389487442828 0.0611829653 0)
(-0.277885627523 -0.184871873181 -5.70592736372e-16)
(-0.203561041049 -0.138316385874 1.83543032759e-15)
(0.187408440308 -0.0127145932252 2.35194535748e-15)
(-0.0588097438488 0.196611833102 -2.05357536826e-15)
(0.17228501846 0.318997901115 1.17110712446e-27)
(0.0791032117938 0.175917423774 -1.98012962345e-27)
(-0.14741234641 -0.130065953101 0)
(-0.313339889569 0.0287480557554 1.42733767101e-15)
(0.126997536604 -0.0631800926305 0)
(0.339276673124 0.131496152818 1.21852454593e-15)
(-0.19188616339 -0.424187135815 0)
(0.312033787144 0.1561311609 0)
(0.1738933581 0.173290849251 -1.80918660405e-15)
(0.232212194785 0.12016496018 9.0487464789e-16)
(0.36159102291 0.0692755939874 3.89941634416e-17)
(0.00512633820619 0.34569150496 -4.99017980823e-27)
(-0.295689847889 0.00896047459225 0)
(0.00340574545731 0.0810833067346 -9.85435697249e-27)
(0.191457623439 0.191385498052 4.18320872205e-17)
(-0.0514029456629 -0.220142487804 0)
(-0.280567349179 -0.202569441644 -1.13792201317e-15)
(0.00421710618526 0.196629775065 0)
(0.19706329851 0.272810257037 3.92975311742e-28)
(-0.139326765995 0.35042654344 0)
(0.391038097583 0.0585729963843 1.57296624404e-15)
(0.189452132525 0.282637126753 0)
(0.089245864225 -0.237962964375 9.40462882527e-16)
(0.0824762788835 -0.23504443192 -9.33197072815e-16)
(0.184338348272 0.303393932306 0)
(0.0895474584214 0.344243849941 0)
(-0.13680529837 -0.13722441856 0)
(0.142626332234 -0.0441595888673 0)
(-0.298933857922 -0.215185784431 -9.15490730406e-16)
(0.113814498754 -0.070781621665 -4.89939424273e-21)
(0.0906036565071 0.143359844892 2.31048864977e-15)
(0.0146392788177 0.203575198081 0)
(-0.200039173861 -0.389123991139 0)
(0.147912515827 -0.0824299943591 7.24534756489e-20)
(-0.0977861321466 -0.197980539235 0)
(-0.18111613786 -0.153318808578 -1.90903459627e-15)
(-0.201732798639 -0.197893007484 0)
(0.231541555542 0.131875198185 8.53032736707e-16)
(-0.220432252001 0.306739724293 0)
(-0.327426288885 -0.00108984482684 -1.31913174549e-15)
(0.0708898861854 -0.0526162381914 5.55909509238e-15)
(-0.181079039225 -0.138461050223 1.98416389521e-15)
(0.180022888401 -0.0554544443502 0)
(0.100937495008 -0.20472516242 9.63770339128e-16)
(0.330250600444 0.142533115158 -7.07498760612e-16)
(0.274727175965 -0.0428727469603 9.6081733764e-16)
(0.17118075669 -0.0298977989803 0)
(-0.326460367539 -0.165358428292 9.3494341555e-16)
(-0.326334658799 0.217826780015 -8.60566255383e-16)
(0.0628966504773 -0.023188729444 0)
(0.200508825119 0.172188012244 -1.62196152976e-15)
(-0.312600866757 0.0162517886708 -1.43883998227e-18)
(0.109076453223 -0.20751443883 -2.82429811576e-15)
(0.144493873253 -0.0327508805326 0)
(0.087840938694 -0.217489569129 -2.04165593377e-15)
(0.105428069111 0.364245148317 -6.24324103851e-27)
(0.00260822284682 0.0450477364682 0)
(-0.159039668171 -0.15302904082 2.11656351018e-15)
(0.102528880928 -0.223922914098 0)
(-0.0798029897089 -0.230966006679 4.46788887463e-15)
(0.090555650016 0.156101299002 2.2136081719e-15)
(-0.328626103771 0.0108150337484 -5.4255558767e-18)
(0.0791480180637 0.162775908387 -2.2136081719e-15)
(0.202755132352 0.133459231206 0)
(-0.15871018326 -0.138021525788 2.1245804549e-15)
(0.17428006773 0.160117207976 3.77825099531e-15)
(-0.309260187541 -0.0097804915327 0)
(-0.191845841246 -0.175806637152 1.74951115972e-15)
(0.24071847732 0.190324036688 1.34204544373e-18)
(0.0617270581301 -0.0354066222282 -2.81342702781e-15)
(-0.170139864575 -0.160963422916 0)
(-0.295154530161 -0.00389083252312 0)
(-0.234768943968 0.27246593218 -3.14941408792e-28)
(0.143298684003 0.310943504712 4.45382828219e-16)
(-0.0482012572097 0.217580647085 0)
(-0.145628048346 0.310523838276 -2.21343219808e-16)
(-0.0630161734538 -0.0835230780153 -2.73184054156e-15)
(-0.142615310937 0.164106074736 -2.07679288926e-17)
(0.1472957099 0.261387043764 0)
(-0.177474778974 -0.278121752262 6.76233366495e-16)
(-0.145566001781 0.345007392022 0)
(-0.260794624279 -0.113741572187 0)
(-0.169704428926 -0.130738291646 -2.1245804549e-15)
(-0.0884738024011 -0.205721728571 -4.28005938802e-21)
(-0.192357919377 -0.130954586565 -1.98416389521e-15)
(-0.154500626218 0.283302654165 1.77020025167e-16)
(-0.308574833307 -0.022438532317 -7.50145380132e-16)
(-0.190647902979 -0.206371360471 1.72701651494e-15)
(-0.0426047873302 -0.0688215140096 0)
(0.175149465801 -0.0776901686521 -2.76204733198e-19)
(-0.175721065691 0.272411035162 0)
(-0.121707275606 0.142049088958 -9.71932424301e-18)
(0.182353833718 -0.0444593807277 0)
(0.186534607399 0.179822742331 0)
(-0.0481848116599 0.203458483874 2.05357536826e-15)
(0.216071264656 0.139124448501 0)
(-0.291958218075 -0.043008590049 -7.29419329337e-16)
(-0.274758911106 -0.105837721267 -7.0243951184e-16)
(-0.0970668280558 0.10454026597 0)
(-0.19683202163 0.320046594962 2.24872388651e-28)
(0.109747565921 -0.226016290257 -5.06635496086e-17)
(-0.0781920643218 -0.196728872755 0)
(-0.203295299832 -0.153030914176 -1.6717251215e-27)
(-0.142356401819 0.288670658933 4.43231946413e-17)
(-0.210699892392 0.2715998687 0)
(-0.0515761187377 -0.049606062239 2.93539575485e-17)
(0.215589388883 0.151663959768 0)
(-0.184946714402 0.264647031485 0)
(-0.276730995592 -0.0643115562575 -2.35401825256e-15)
(0.0904259640554 0.0707904072803 -2.34445434277e-27)
(0.0907353193172 0.0825251038872 2.34445434277e-27)
(0.165102891595 -0.0629117271923 0)
(-0.280126734226 -0.0113175069696 1.68408343795e-15)
(0.137246707806 0.154962600663 -2.02087270728e-15)
(-0.0888866145199 -0.222603136051 -4.71368347221e-17)
(-0.250533307987 -0.0931691281124 0)
(-0.19212347277 -0.160885157879 1.90903459627e-15)
(-0.184666941699 0.328105034004 0)
(0.0627238523973 0.381107177758 0)
(-0.069843136311 -0.221701279025 -4.54666758778e-15)
(0.252810732979 0.195568630765 -5.62623213308e-19)
(-0.16583058469 0.164045715448 0)
(-0.239314077891 -0.0869846400564 -1.79957409181e-15)
(0.0358643431081 0.263791063458 0)
(0.00136135327307 0.00907572115229 2.88372792614e-15)
(-0.144386633992 0.154982751745 3.89778186995e-17)
(-0.190086554592 -0.221171013619 -1.62271123013e-15)
(-0.277513439105 -0.0508421804045 -8.18595591073e-16)
(-0.0631302102576 -0.284527054703 -2.03092236481e-15)
(-0.0624212977864 -0.0699591153917 -2.7670080874e-15)
(-0.00691620640448 0.0869248220597 -1.91539117518e-26)
(-0.292461680477 -0.0298482827602 1.53881786954e-15)
(-0.006512713569 0.124089431776 -1.79291318164e-26)
(-0.00761140396368 0.0506738608178 0)
(0.0452800061214 0.386331352829 9.24677993856e-16)
(-0.230939626123 0.296833421247 0)
(0.145424691771 0.288397602994 0)
(-0.0532170178589 -0.27500403691 8.45803134831e-18)
(-0.0063263141198 0.162836392092 0)
(0.240313334649 -0.0470827603171 3.10437683184e-15)
(-0.0593591866093 -0.195332293448 4.82698330608e-15)
(0.154915284075 -0.0479594890994 0)
(0.276569210271 -0.0343679238967 -2.01308678826e-15)
(0.243079012994 -0.0371779864306 0)
(-0.196453819408 0.307513780504 0)
(-0.00869943677911 0.0145650564325 -2.88372792612e-15)
(-0.279386644646 -0.0243746324152 -7.91102727988e-16)
(0.0541442713248 0.387859276893 -9.24677993857e-16)
(0.0356682731066 0.203580341018 7.40565367707e-27)
(-0.00624457674716 0.203527836655 0)
(-0.263628352993 -0.0717608179243 3.28160684633e-15)
(-0.0612245188426 -0.229686889231 2.29270510274e-15)
(-0.178795323855 -0.29744800432 1.05671912772e-17)
(-0.265948094503 -0.0313594851534 -1.74793139639e-15)
(-0.182341373876 0.293257459297 0)
(-0.0696022529028 0.217598299177 3.57020854289e-27)
(0.124902549022 0.161869808913 0)
(-0.0588277208876 0.224724872228 0)
(0.0577247030049 -0.072706639247 -1.01784659702e-26)
(0.15264760256 -0.0594175271202 0)
(-0.080468866724 0.224819336225 0)
(0.00425380751555 0.22491968472 -1.99391526147e-15)
(-0.0914791997856 0.21776439915 1.73201820895e-27)
(-0.0412903228797 -0.0426846779972 -5.72627755958e-15)
(-0.102680733503 0.225104974631 -3.18001283962e-27)
(0.0592762505199 -0.05986323612 -5.62214290355e-15)
(-0.249904237417 -0.107461677734 0)
(-0.0692026828655 -0.204492874686 -2.3971216807e-15)
(0.25609522647 -0.0500050870522 -2.04347516802e-15)
(-0.0617403038235 -0.247522120474 0)
(0.154718217241 0.277813388845 4.54919751683e-20)
(0.169224571661 -0.040913582357 0)
(-0.311896220795 -0.188390064933 -4.5705550568e-16)
(-0.265422536107 -0.0449612287546 8.18840622257e-16)
(-0.100333822244 0.111890472262 0)
(-0.288524221748 -0.113157030246 -6.05229340439e-16)
(0.114379785598 0.0827383676585 -2.27873494441e-27)
(0.190497889676 -0.0697348810575 0)
(0.20928246207 -0.0512788542985 0)
(-0.252724651417 -0.0520819998764 -1.80210957798e-15)
(-0.022838725796 -0.067497126515 0)
(0.162389513311 -0.0744241492374 0)
(-0.165710958799 0.175380252607 -9.14710265651e-17)
(-0.0622936965436 -0.303183100004 -8.25919846529e-16)
(0.102377362716 0.0884868037372 0)
(-0.226503121209 0.283571582679 0)
(-0.262928268821 -0.0857832681899 0)
(0.0466209195539 0.376841764441 0)
(0.025536873401 0.272121202828 0)
(-0.293772687516 -0.177416803703 5.70378619018e-16)
(-0.305359613536 -0.137782785298 0)
(-0.252123056346 -0.0657589240344 -1.68411392562e-15)
(-0.23991756981 -0.0730675851513 0)
(0.0252127237448 0.239880363163 0)
(-0.274950824227 -0.0918620476557 2.90006916586e-18)
(-0.289632389936 -0.128106907461 0)
(-0.291955935957 -0.16106868904 1.14174270238e-15)
(0.0995648389494 0.350325698474 0)
(0.26004287285 -0.0300867345315 2.01331074427e-15)
(-0.30729528966 -0.153899363799 -1.16152841417e-15)
(-0.00825032260662 0.0267506185989 2.84109142699e-15)
(-0.00730933590843 0.0627866276196 0)
(-0.00967758122461 -0.00966217453616 -2.90052504698e-15)
(-0.00672903313194 0.0992339706755 -2.5896449676e-15)
(-0.260806358382 -0.128241992438 0)
(-0.0102823908628 -0.0221546980673 -2.91723170525e-15)
(-0.0064091042629 0.136856994846 2.41518899868e-15)
(-0.0206818436745 -0.0288319141789 0)
(0.193377487555 -0.0587122865209 0)
(-0.275077193601 -0.151156291832 0)
(-0.00626956223117 0.176209087689 -2.2189783826e-15)
(0.152752340845 0.306939851648 -4.45374652733e-16)
(0.253429807323 -0.0589536460506 0)
(-0.0323286222053 -0.0616336748565 0)
(-0.0213233586036 -0.041600572401 0)
(-0.274125659845 -0.136217669535 0)
(0.129379622552 0.330560346213 0)
(0.29024311735 -0.0457530010735 -9.60803682773e-16)
(-0.00619583947357 0.217655074148 0)
(0.0251866699728 0.196633741791 0)
(0.1408841147 0.324240952785 0)
(-0.13507282074 0.133256032361 2.19077934722e-18)
(0.0357133830402 0.217706995965 -7.40565367706e-27)
(0.0655665434646 0.374505355943 -1.04250619355e-15)
(-0.0316565959888 -0.04852368136 2.87468888667e-15)
(0.110784558918 0.342241149369 4.22323228277e-27)
(0.134237246074 0.3494766624 -6.27301005797e-27)
(0.0251541850426 0.22500603661 0)
(0.0417024483305 0.389391933294 7.96549973763e-16)
(0.0709683594228 0.383406741094 0)
(0.0877430999901 0.373831723992 0)
(0.0255663997766 0.28967112694 0)
(0.0514729198296 0.380189554143 0)
(-0.116868458692 0.114631458308 -2.07329427131e-18)
(0.08246510305 0.376559306507 0)
(0.0259363070544 0.346216608662 0)
(0.119265379459 0.349744559375 6.41058879755e-16)
(0.0157058000657 0.354698002443 0)
(0.0254340576861 0.378432781824 1.13461560164e-15)
(0.0638956424432 0.386719129233 -9.03361175532e-28)
(0.0158105798892 0.372228277303 -1.13461560163e-15)
(0.139574673222 0.340529959985 6.27301005799e-27)
(0.0861099184137 0.369911616798 -1.01682183626e-15)
(0.0765378230628 0.36750044325 2.05932802983e-15)
(0.0340982588554 0.391680079024 0)
(0.024331306011 0.39092567613 -7.63850905038e-27)
(0.119700889494 0.346254402437 -1.01538448649e-15)
(0.268863619939 -0.0622590331697 -1.56865912167e-17)
(0.116851466535 0.357724946511 7.02435335059e-27)
(0.286213317189 -0.0539157546005 0)
(0.0297713932154 0.392735069343 0)
(0.130915771574 0.343117918353 -6.41058879753e-16)
(0.0974874073908 0.363696612115 0)
(0.12246552162 0.356301949741 -5.64205451371e-27)
(0.117102234922 0.361660716656 5.64205451372e-27)
(0.131029798041 0.33873549233 1.01538448648e-15)
(0.150945557959 0.337885756425 0)
(0.151963218557 0.329121141803 0)
(0.163622060359 0.320569371039 -1.17110712449e-27)
(0.162945840732 0.310647811587 -1.43309756802e-20)
(0.17724256721 0.280321922949 0)
(0.169244778689 0.288536082257 -4.5485602397e-20)
(0.173411851502 0.303384957794 0)
(0.139121637289 0.344382729901 1.21791897691e-27)
(0.195576844242 0.247373602093 1.17443019146e-16)
(0.211981288202 0.24719948267 0)
(0.272309137534 -0.101084935437 0)
(-0.410649165166 0.00666353871978 0)
(-0.332610943248 -0.222943850625 0)
(0.207701938316 0.206234698664 -1.46073527392e-16)
(-0.379084921676 0.125040869269 -7.77913790463e-16)
(-0.0378204588617 -0.328171060272 1.25636911003e-15)
(-0.0178635890207 -0.366853163775 0)
(0.0395832449463 -0.320984446489 0)
(-0.393920386387 0.00752963906581 7.74837469295e-16)
(0.241912724227 -0.0890421736298 6.43603683012e-17)
(0.263924013461 -0.0722359639551 1.61854455628e-17)
(0.33819999685 0.132810837741 -6.2646973599e-16)
(-0.36466940418 0.147768270268 0)
(0.0322560615846 -0.113024703283 -4.86169369288e-18)
(0.114106693065 -0.120128977441 0)
(-0.0555459127036 0.0510372643569 -5.95268261434e-18)
(0.0887418158844 0.140136004399 1.53786770893e-17)
(-0.102712670161 -0.101990444382 -1.06532219316e-16)
(-0.0884635284925 0.086283291371 0)
(0.301276271165 0.0354854735216 -8.93754349441e-16)
(0.307732494201 -0.0654783184941 0)
(-0.287344943102 -0.265579324012 -5.71697024633e-17)
(-0.356856704831 -0.165575737036 -2.89088437532e-16)
(-0.342846394332 -0.139275614918 4.63919829563e-16)
(0.38146826923 -0.0144633828288 0)
(-0.414205303886 -0.0476860711153 0)
(-0.380786751455 0.135840394324 8.28070055375e-16)
(0.240852261178 0.177172201247 0)
(-0.339318751367 -0.107367276215 5.40057894263e-16)
(-0.3590713175 -0.0847700766448 0)
(-0.265871021249 -0.221470241069 -9.10363246073e-19)
(0.338081192217 -0.0541121383707 -2.78546978977e-17)
(-0.0372929159249 -0.311583217986 1.14352980516e-15)
(-0.134429800879 -0.331885773367 -3.88577869179e-16)
(-0.120107275731 -0.328145201354 -4.43457594963e-16)
(-0.146136464003 -0.406320151158 -1.29961374393e-15)
(-0.162599904378 -0.337129850283 -1.00886945012e-15)
(-0.0753429708039 -0.332844001794 0)
(-0.122052496741 -0.397505601624 -1.03939125589e-15)
(-0.165663637746 -0.415954068265 0)
(-0.0708542576303 -0.378717108556 4.229146808e-16)
(-0.0315936648101 -0.380655046265 1.6575514504e-15)
(-0.255986372268 -0.340224572177 2.30779906653e-17)
(-0.218752216862 -0.328954964028 9.67362049162e-17)
(-0.020330946815 -0.382296061572 0)
(-0.255037170086 -0.287527936255 0)
(-0.209886882561 -0.366458477524 -1.09249061713e-16)
(-0.238807200242 -0.351719366139 0)
(-0.181231955093 -0.242269918768 6.26322321302e-17)
(-0.149510782924 -0.176770455272 -6.9247388338e-17)
(0.0178870646149 -0.34774347114 0)
(0.00276343302515 -0.27601957152 1.17507841445e-15)
(0.0176727639116 -0.269861842102 -6.33050501993e-16)
(0.010032060237 -0.319787943742 -1.66039428244e-15)
(0.0297130742508 -0.328657277926 -1.49332363765e-15)
(0.067981248928 -0.29326439395 0)
(0.0693766927423 -0.270984334343 3.42080681043e-17)
(0.0889767986376 -0.255536383062 0)
(-0.0520123502437 -0.313056049632 -4.72862164823e-16)
(-0.322786545712 0.194484265774 4.39160828892e-16)
(0.301390415658 0.0554468040791 0)
(0.299859444968 -0.0849959634996 -9.0902124644e-16)
(0.292755733985 0.12713723863 0)
(0.339090167168 0.0321895744459 9.09033975693e-16)
(0.316910529764 -0.00371038728506 -1.69091063316e-15)
(0.29935319972 0.00842154930746 0)
(0.217790442506 -0.132281035 4.84444344427e-16)
(-0.345339125077 0.160838222696 0)
(0.326089274766 0.147469497239 9.98435649569e-16)
(0.247879984182 -0.082715770776 0)
(-0.342890019693 -0.224164022519 2.21566467188e-16)
(-0.326213608448 -0.25054748219 1.48876669862e-16)
(0.245099431434 -0.0806333160348 -1.12590895608e-15)
(-0.275882523023 0.172834589181 1.2007722304e-16)
(-0.236812113683 0.168652985113 6.64330289814e-17)
(0.250220225529 -0.0973663894435 4.90491286482e-16)
(0.348625027436 0.0901299604281 0)
(0.351467528381 0.0743511147246 2.39398010323e-15)
(-0.0403282413768 -0.336280385982 -3.42559810904e-16)
(-0.0215177188069 -0.359140269186 3.24229957966e-16)
(0.0382353262689 -0.322460609538 -2.81887950148e-16)
(0.270043334402 0.167108886732 2.90770381317e-16)
(0.391202200381 -0.00832729444472 0)
(-0.417157400558 -0.0480017620166 3.20683811206e-16)
(-0.352569620813 0.0893897422837 6.3678275938e-16)
(0.332892700257 0.1258524751 0)
(-0.379736031503 0.148525824881 0)
(0.0648967359872 -0.142197780478 4.85978382601e-18)
(-0.123242645425 -0.129698319267 0)
(0.116906522251 0.161363581025 -1.59906947624e-17)
(-0.0712353617157 0.0713935535243 8.25134187835e-19)
(-0.35155895499 -0.200718519755 0)
(0.301233928339 0.0267540439943 -1.90043309947e-15)
(-0.287356944513 -0.234453906021 3.63898226312e-17)
(-0.354242041882 0.1126967364 6.54447440745e-16)
(-0.379471435154 -0.0136651394735 1.35949682106e-15)
(0.287770889403 0.190001126048 5.21731535883e-16)
(0.217447460798 -0.140776911742 0)
(-0.301301645294 -0.263888389209 -2.89148811275e-16)
(0.25988730628 -0.111362201259 6.04378325952e-17)
(0.232739208984 0.232332109674 0)
(-0.412440072009 0.058737960928 0)
(0.239411129483 -0.0779567829516 -3.4612014766e-16)
(0.220793994486 -0.0862710530169 1.46421273371e-16)
(0.164100062153 0.223270331096 2.48086407258e-16)
(-0.1365011638 0.125474571558 0)
(-0.3812982369 0.0222709454355 -6.45856477754e-16)
(0.242625474497 -0.0695915869364 0)
(0.288275308701 -0.0678469537483 0)
(-0.174051586064 0.13235891143 3.36460934304e-17)
(0.304777715791 0.167672146908 -8.06926016423e-16)
(-0.311573605873 0.165706166431 -7.97423613611e-17)
(-0.344284841676 -0.155176266781 -8.44840442266e-16)
(0.372338094348 -0.0215275709033 -8.07788594141e-16)
(-0.407643268019 -0.0806229167119 0)
(-0.336623220948 0.116526297097 -6.57573668702e-16)
(-0.333806097922 0.0863822565141 -1.6393555318e-15)
(-0.348261023632 0.0667009712338 0)
(0.209016048404 -0.151796755287 -4.34734158249e-17)
(0.0750819346836 0.126440732769 3.10169723187e-17)
(-0.0645307449514 -0.0819129147716 5.11371460913e-17)
(-0.0723189338034 -0.0767833915622 0)
(0.0672507368085 0.134955849407 0)
(0.174266001132 -0.0255792907659 2.2419007581e-17)
(0.160340392054 -0.0441119706768 -1.20722432214e-17)
(-0.0321794453633 0.0362360943758 1.83802628616e-18)
(-0.0341374434895 0.0361443004493 -3.06260597446e-18)
(-0.306629309607 -0.252180763283 1.35543217934e-16)
(-0.375739416421 -0.150318971245 -8.77206069369e-17)
(-0.412899005865 -0.00566121114377 -4.90912048285e-16)
(-0.0541843603704 -0.358965305554 6.22436376989e-17)
(0.067284566052 -0.24363229784 8.14989252054e-16)
(0.0717149010861 -0.27977966501 0)
(0.0325129076798 -0.282931103814 -1.04116870906e-15)
(0.101875113347 -0.255148304815 2.04548887085e-15)
(0.231305257858 0.18441286123 0)
(-0.339088206682 -0.0919600358937 -1.20001737853e-15)
(0.350865607112 -0.0436817054587 0)
(-0.367338910801 -0.156989234524 -3.41676870074e-18)
(-0.220600583705 -0.349062859445 2.59744058736e-16)
(-0.20101977534 -0.338938566714 1.09677249244e-15)
(-0.12861807619 -0.319798144432 7.69919110217e-18)
(-0.161870302895 -0.423592192931 0)
(-0.0921758145473 -0.404000998066 0)
(-0.114957947999 -0.408625484606 0)
(-0.0979234320226 -0.393089240815 0)
(-0.171793987897 -0.327741869194 1.25148139975e-15)
(-0.0704093363582 -0.327741157019 1.04411130597e-15)
(-0.0454803445307 -0.302663377953 1.00445323857e-15)
(-0.205493074237 -0.33038906453 -9.67362049164e-17)
(-0.193395952933 -0.34445540829 -1.11868363272e-15)
(-0.265705201947 -0.319932835629 7.4179606785e-17)
(-0.268121925531 -0.331242791649 0)
(-0.230617015037 -0.340758817786 0)
(-0.275526253036 -0.308111049087 -6.82033132084e-18)
(-0.147937867705 -0.194362225549 7.88661067977e-17)
(-0.0277710788693 -0.396086273181 -1.85160940228e-15)
(0.0106979819898 -0.261041995376 1.35226739496e-15)
(0.0130929902428 -0.327206867344 1.24097896003e-15)
(0.0185921200179 -0.348530761387 0)
(0.0680610781975 -0.291454098905 0)
(0.0831078515502 -0.253088356006 -1.05275208451e-15)
(0.101278803929 -0.239801066986 -6.16265323109e-16)
(0.300588383231 0.0633633222247 9.33477717424e-16)
(0.304834192629 -0.0892372244166 1.66856011857e-15)
(0.332113550672 0.0227550842274 -2.13684357805e-15)
(0.294811144673 0.11635123148 -1.6816849983e-15)
(-0.349728434256 -0.172512280794 9.92113574874e-17)
(0.316206573694 0.0411933627515 1.34625928646e-15)
(-0.392237293591 0.0702578898596 -1.3949881509e-15)
(0.314786389884 0.0201847691889 3.19530933853e-15)
(-0.230704046245 -0.245615892903 -1.3534483815e-17)
(0.298505266352 -0.000844962055265 0)
(-0.0137131712428 -0.331571780394 0)
(-0.0377069717375 -0.354442983229 3.31034705138e-16)
(-0.0192774266898 -0.340116107156 9.66953558699e-16)
(-0.00973060628017 -0.311536789377 -6.31742472662e-16)
(0.0518332634884 -0.305754362426 2.88509119076e-15)
(0.023293940869 -0.332844355477 -2.87916869037e-16)
(0.142384857377 -0.193576603098 5.76302514242e-17)
(0.126609937697 -0.209591353867 0)
(0.163534542425 -0.180984465868 -5.52595386585e-16)
(0.18009637041 -0.164038811198 4.88465348305e-16)
(-0.333585237879 -0.239622421706 -2.21213089588e-16)
(0.108859234697 -0.218716559981 0)
(0.0270071857736 -0.315689314546 -9.43011549329e-16)
(-0.243757063608 0.157024287012 -7.30957696301e-17)
(-0.376778306903 0.146442725181 -5.25851202008e-16)
(0.362534851103 0.0807000699993 0)
(0.300612602871 0.142057912956 1.99939071448e-15)
(-0.36483275441 0.167672341855 -9.78174749757e-16)
(0.285633028364 0.17103194869 0)
(-0.25895108897 -0.245389980511 6.78573824523e-17)
(-0.0614269141159 -0.348741665797 6.603904161e-17)
(0.0734035299122 -0.266942167636 -3.07529119954e-16)
(0.0239399352955 -0.295905783915 0)
(0.0744274884812 -0.254739014448 -8.64505219789e-16)
(0.0908389998059 -0.268720106162 -1.55767689118e-15)
(0.250147573527 -0.120799337906 -6.80268620807e-16)
(-0.375386064458 -0.14587644424 4.11127987246e-16)
(0.386248349909 0.00263315198985 2.27567745961e-16)
(-0.410002488411 -0.0318273144808 -3.33067860766e-16)
(-0.362316577166 -0.189447674076 2.84708797988e-16)
(0.289676300278 -0.0955856766789 -1.60717566382e-15)
(0.333338550828 0.0380709064696 2.15431720766e-15)
(-0.22679855331 0.175986295723 1.77327346967e-16)
(-0.299813706849 0.17585533443 -2.33084034142e-16)
(-0.354373120605 -0.131712836697 0)
(-0.380500031111 -0.0021677879099 -1.22545079839e-15)
(0.313343442357 0.141325787918 -1.15793281091e-15)
(-0.369063554092 0.165118131301 0)
(0.298694379778 0.182117125774 1.29003911513e-16)
(-0.342203340695 0.191295733683 0)
(-0.38958050012 0.0586243558899 0)
(-0.204098176298 0.169556555972 3.49443244756e-17)
(-0.355449328366 -0.115807099455 -6.58780995048e-16)
(0.307938609615 0.157292299914 0)
(-0.357409565432 0.178659375868 3.72145971553e-16)
(-0.249107606814 -0.223582926636 4.59641273585e-18)
(-0.061518023461 -0.338222999598 -1.30255098506e-15)
(0.0201034552951 -0.312332539892 0)
(0.0992509075263 -0.234952602881 0)
(0.0932681452793 -0.256368205991 9.11857148505e-16)
(0.078244204963 -0.278056906511 -7.53905068932e-16)
(0.214208936343 0.23572342033 0)
(-0.404546292534 0.0689368080417 1.4921506114e-16)
(0.251398673084 -0.0714760434836 0)
(-0.16444195262 0.142853906289 -2.90241227284e-17)
(0.185485750926 0.2336694145 -3.25056287278e-16)
(0.291019841803 -0.093079903819 9.16563719933e-16)
(-0.383828849998 0.0343092861527 0)
(0.281171659391 -0.0545094817833 0)
(0.314735077173 0.0494983166638 -3.15210495548e-16)
(0.281631746733 -0.0858476546218 1.02212596996e-15)
(-0.210801339759 0.154402493446 -4.96504450527e-17)
(-0.371028023962 -0.133319929488 0)
(-0.365451950262 0.128231514265 0)
(0.30487593816 0.131379524756 9.22869691566e-16)
(0.317660122196 0.149163408379 7.86612649102e-16)
(-0.364957297163 0.16821152882 -4.00072795464e-16)
(0.105896960624 -0.0620220160807 1.45228076809e-17)
(-0.0512925347518 0.0506209824244 9.70289507051e-18)
(0.0808572913296 0.149998746265 0)
(-0.0963777787993 -0.0998771682968 1.51290457002e-16)
(0.298237993518 -0.0583918891255 0)
(-0.337537791383 0.130974859116 7.35347062088e-16)
(-0.394598290342 0.0191114540878 1.1696965751e-15)
(-0.330438690442 0.0725576341964 2.18262646939e-16)
(0.314212499091 0.0124780066599 0)
(0.195282228139 -0.16298528033 -4.2753932701e-18)
(-0.368045075745 -0.111067396058 -5.83523626621e-16)
(-0.0880800079702 -0.105818245297 -9.98494480037e-17)
(0.0910346338367 0.147538767763 -1.05262187956e-16)
(0.175612747897 -0.0361845088961 -2.42805008343e-17)
(-0.0479654955453 0.0490476017645 -2.39549992424e-18)
(-0.327608627181 -0.249312921284 -3.4055262741e-17)
(0.24017439293 -0.125589658404 8.46238417261e-16)
(0.253336939905 -0.0925181511768 -1.22187945831e-15)
(0.0872807916094 -0.219255599714 0)
(-0.0499759482134 -0.353329453423 0)
(0.0384571716629 -0.28746993164 1.56693011087e-17)
(0.0719853181087 -0.276661051452 -1.32074894667e-15)
(0.106961870508 -0.252909805465 -7.71807483452e-16)
(0.101710293011 -0.213867990496 0)
(0.032830664494 -0.305208874281 2.16643125881e-15)
(0.273285896412 -0.0818173820856 -1.2741204037e-15)
(0.323740672636 -0.0575855157259 3.59823499473e-17)
(-0.353811184238 0.135718108212 -6.88376845832e-16)
(0.115647773277 -0.1932239803 0)
(0.158864358375 -0.160547015836 2.61235112286e-16)
(0.136482277213 -0.179796177371 0)
(0.198198340082 -0.136899774245 0)
(0.179770544702 -0.155064675335 -2.49268723561e-16)
(-0.0122356343633 -0.356840686252 -3.19384350605e-16)
(0.0513518875303 -0.308670283272 -1.87277134033e-15)
(-0.0104671327937 -0.338586467305 1.0459733407e-15)
(-0.00344140468942 -0.326187192828 2.0122867134e-15)
(-0.0298909685918 -0.337943077733 -6.84768609317e-16)
(0.0373689101254 -0.310744958646 1.87345039719e-15)
(0.329383032252 0.142010325007 6.78060374411e-16)
(-0.357287125891 0.156932356514 0)
(-0.301091799261 -0.225424591506 -6.88180237649e-17)
(0.342114454202 0.0157038808281 -1.3862892187e-15)
(0.342235659374 0.0438097721679 1.28024221298e-15)
(-0.215348251146 -0.197901363373 0)
(-0.377778843594 -0.122078439821 0)
(-0.379103626631 -0.138866507395 0)
(-0.42030048827 0.0181154683325 0)
(0.140024115114 -0.0708912860064 0)
(-0.0597478749459 0.0595232849504 -4.75201621607e-18)
(0.10387668345 0.156196583317 1.02244923452e-16)
(-0.111265072311 -0.115778207031 3.82471256715e-17)
(0.19936868942 -0.155777311933 -5.8195513796e-16)
(0.330199192698 0.0539104282435 1.08591830471e-18)
(0.315207975512 -0.05164984661 1.23041921534e-15)
(0.318900312239 0.124130895594 -8.65513217519e-16)
(0.323985089229 0.128802660097 9.34156145223e-16)
(-0.375525515841 0.153544375552 0)
(0.32949709142 0.00947201441395 7.47583407493e-16)
(-0.23103574029 -0.23775183389 -2.84083989296e-17)
(-0.208068778795 -0.203856164479 2.46529440528e-17)
(-0.322837958523 -0.23386092912 -1.17107098703e-16)
(-0.410234582502 0.0255448625791 -3.76954650651e-16)
(-0.0336677754169 -0.421926177544 6.9900980865e-16)
(-0.0251414631414 -0.426348382745 -6.99009808649e-16)
(-0.18730513682 -0.283866580164 6.38960239667e-17)
(-0.185896133229 -0.299931284052 0)
(0.00109166996559 -0.394113039841 8.55509001859e-16)
(0.00526295228893 -0.3859349772 -8.5550900186e-16)
(-0.0795082827871 -0.090279117711 -3.20286202209e-16)
(-0.0881617385112 -0.109378043472 3.2333220313e-16)
(-0.16229550089 -0.448495059004 0)
(-0.187553043104 -0.438954999807 0)
(-0.116890585751 -0.440500943162 -1.15283308877e-16)
(-0.139847632342 -0.43732250934 1.15283308877e-16)
(0.0594554270826 -0.361937852119 0)
(0.0433229274368 -0.343551449955 -4.08226749185e-16)
(0.0133412261924 -0.28920593293 0)
(0.0221615596508 -0.325992573201 0)
(0.404151594962 0.0240272792509 6.58135405923e-16)
(0.400608812675 0.014248311014 6.21759942145e-16)
(0.235000385278 0.155571929489 1.88955721312e-16)
(0.245405248417 0.153467518297 -1.53976684475e-17)
(0.36764071808 -0.020825640263 -1.48455398879e-15)
(0.366083165319 -0.0388867667729 0)
(0.0927009638981 0.121514663951 -1.2942705383e-17)
(0.11220816378 0.137502258499 1.2942705383e-17)
(0.347359194106 0.107909802029 0)
(0.339891675873 0.122372961436 -6.89826682639e-16)
(0.36940710819 0.0832868569725 1.03461123233e-15)
(0.369953715303 0.0928545928971 -2.08414388586e-15)
(0.310350070221 -0.0421843973016 2.63812160413e-15)
(0.295755240352 -0.0317113523813 0)
(0.291738260496 -0.017094567539 0)
(0.2928201362 -0.0746498838985 -1.18203035929e-15)
)
;

boundaryField
{
    bottomWall
    {
        type            noSlip;
    }
    leftWall
    {
        type            noSlip;
    }
    rightWall
    {
        type            noSlip;
    }
    movingTop
    {
        type            fixedValue;
        value           uniform (1 0 0);
    }
    front
    {
        type            empty;
    }
    back
    {
        type            empty;
    }
}


// ************************************************************************* //
