/*--------------------------------*- C++ -*----------------------------------*\
  =========                 |
  \\      /  F ield         | OpenFOAM: The Open Source CFD Toolbox
   \\    /    O peration     | M anipulation
\*---------------------------------------------------------------------------*/
FoamFile
{
    format      ascii;
    class       volScalarField;
    location    "0";
    object      phi;
}

dimensions      [0 0 0 0 0 0 0];

internalField   nonuniform List<scalar>
6400
(
    6.6796096209879242e-22
    2.2596828077362673e-21
    7.4092146821484555e-21
    2.3546435563092056e-20
    7.2528127553398887e-20
    2.1652899246719891e-19
    6.2654741439868453e-19
    1.7571956786522176e-18
    4.7765530823270828e-18
    1.2584541226032543e-17
    3.2135751809355005e-17
    7.9536749593785925e-17
    1.9079874356298067e-16
    4.4362036987728103e-16
    9.9971393583484332e-16
    2.1835759892341374e-15
    4.6226304054837065e-15
    9.4850217351272718e-15
    1.8863218124450049e-14
    3.6359804587392280e-14
    6.7929057933421200e-14
    1.2300363341687139e-13
    2.1587809965131755e-13
    3.6722101772103039e-13
    6.0544510296481152e-13
    9.6749851973266151e-13
    1.4984910212456199e-12
    2.2495014545934366e-12
    3.2730053036046060e-12
    4.6156772915931454e-12
    6.3088828463638200e-12
    8.3579118394687716e-12
    1.0731771232313296e-11
    1.3355905090559625e-11
    1.6110296728628682e-11
    1.8834845078704015e-11
    2.1342675564686782e-11
    2.3440343427106427e-11
    2.4952115693286458e-11
    2.5744180869703204e-11
    2.5744180869703204e-11
    2.4952115693286458e-11
    2.3440343427106427e-11
    2.1342675564686782e-11
    1.8834845078704015e-11
    1.6110296728628682e-11
    1.3355905090559625e-11
    1.0731771232313296e-11
    8.3579118394687716e-12
    6.3088828463638200e-12
    4.6156772915931454e-12
    3.2730053036046060e-12
    2.2495014545934366e-12
    1.4984910212456199e-12
    9.6749851973266151e-13
    6.0544510296481152e-13
    3.6722101772103039e-13
    2.1587809965131755e-13
    1.2300363341687139e-13
    6.7929057933421200e-14
    3.6359804587392280e-14
    1.8863218124450049e-14
    9.4850217351272718e-15
    4.6226304054837065e-15
    2.1835759892341374e-15
    9.9971393583484332e-16
    4.4362036987728103e-16
    1.9079874356298067e-16
    7.9536749593785925e-17
    3.2135751809355005e-17
    1.2584541226032543e-17
    4.7765530823270828e-18
    1.7571956786522176e-18
    6.2654741439868453e-19
    2.1652899246719891e-19
    7.2528127553398887e-20
    2.3546435563092056e-20
    7.4092146821484555e-21
    2.2596828077362673e-21
    6.6796096209879242e-22
    2.2596828077362673e-21
    7.6444084030522292e-21
    2.5065050184177922e-20
    7.9656564746248585e-20
    2.4535949285832493e-19
    7.3250813957331066e-19
    2.1195825817421340e-18
    5.9445163567681754e-18
    1.6158870791580497e-17
    4.2572954207327071e-17
    1.0871384706242615e-16
    2.6906935560362973e-16
    6.4546382952119480e-16
    1.5007483668260141e-15
    3.3819886514958319e-15
    7.3869423547664148e-15
    1.5638157087757368e-14
    3.2087414926954847e-14
    6.3813444367269246e-14
    1.2300363341687139e-13
    2.2980104088054503e-13
    4.1611592816421123e-13
    7.3030619755995590e-13
    1.2422926899445038e-12
    2.0481943823467824e-12
    3.2730053036046060e-12
    5.0693297818130231e-12
    7.6099653293371764e-12
    1.1072434219727765e-11
    1.5614635006662441e-11
    2.1342675564686782e-11
    2.8274451298592032e-11
    3.6305114110291887e-11
    4.5182444525000841e-11
    5.4500431328841390e-11
    6.3717459590742823e-11
    7.2201340768598239e-11
    7.9297659676453066e-11
    8.4411919330738473e-11
    8.7091441283835477e-11
    8.7091441283835477e-11
    8.4411919330738473e-11
    7.9297659676453066e-11
    7.2201340768598239e-11
    6.3717459590742823e-11
    5.4500431328841390e-11
    4.5182444525000841e-11
    3.6305114110291887e-11
    2.8274451298592032e-11
    2.1342675564686782e-11
    1.5614635006662441e-11
    1.1072434219727765e-11
    7.6099653293371764e-12
    5.0693297818130231e-12
    3.2730053036046060e-12
    2.0481943823467824e-12
    1.2422926899445038e-12
    7.3030619755995590e-13
    4.1611592816421123e-13
    2.2980104088054503e-13
    1.2300363341687139e-13
    6.3813444367269246e-14
    3.2087414926954847e-14
    1.5638157087757368e-14
    7.3869423547664148e-15
    3.3819886514958319e-15
    1.5007483668260141e-15
    6.4546382952119480e-16
    2.6906935560362973e-16
    1.0871384706242615e-16
    4.2572954207327071e-17
    1.6158870791580497e-17
    5.9445163567681754e-18
    2.1195825817421340e-18
    7.3250813957331066e-19
    2.4535949285832493e-19
    7.9656564746248585e-20
    2.5065050184177922e-20
    7.6444084030522292e-21
    2.2596828077362673e-21
    7.4092146821484555e-21
    2.5065050184177922e-20
    8.2185135540967404e-20
    2.6118382059058302e-19
    8.0450280484789795e-19
    2.4018017236484891e-18
    6.9498437262540122e-18
    1.9491318745289542e-17
    5.2982897558023723e-17
    1.3959134277405912e-16
    3.5645898134468590e-16
    8.8224445184490427e-16
    2.1163944187702858e-15
    4.9207644522626234e-15
    1.1089113872855972e-14
    2.4220851512318730e-14
    5.1275543053951880e-14
    1.0521058308495608e-13
    2.0923622877765304e-13
    4.0331338697172448e-13
    7.5348860478822177e-13
    1.3643916012790857e-12
    2.3945818337423781e-12
    4.0733209131610053e-12
    6.7157708319162189e-12
    1.0731771232313296e-11
    1.6621692442617002e-11
    2.4952115693286458e-11
    3.6305114110291887e-11
    5.1198417119282397e-11
    6.9979939046677205e-11
    9.2708356665812981e-11
    1.1903988629825626e-10
    1.4814753212436960e-10
    1.7870003462548109e-10
    2.0892150681177910e-10
    2.3673908225615791e-10
    2.6000701617205031e-10
    2.7677602799491383e-10
    2.8556184223753940e-10
    2.8556184223753940e-10
    2.7677602799491383e-10
    2.6000701617205031e-10
    2.3673908225615791e-10
    2.0892150681177910e-10
    1.7870003462548109e-10
    1.4814753212436960e-10
    1.1903988629825626e-10
    9.2708356665812981e-11
    6.9979939046677205e-11
    5.1198417119282397e-11
    3.6305114110291887e-11
    2.4952115693286458e-11
    1.6621692442617002e-11
    1.0731771232313296e-11
    6.7157708319162189e-12
    4.0733209131610053e-12
    2.3945818337423781e-12
    1.3643916012790857e-12
    7.5348860478822177e-13
    4.0331338697172448e-13
    2.0923622877765304e-13
    1.0521058308495608e-13
    5.1275543053951880e-14
    2.4220851512318730e-14
    1.1089113872855972e-14
    4.9207644522626234e-15
    2.1163944187702858e-15
    8.8224445184490427e-16
    3.5645898134468590e-16
    1.3959134277405912e-16
    5.2982897558023723e-17
    1.9491318745289542e-17
    6.9498437262540122e-18
    2.4018017236484891e-18
    8.0450280484789795e-19
    2.6118382059058302e-19
    8.2185135540967404e-20
    2.5065050184177922e-20
    7.4092146821484555e-21
    2.3546435563092056e-20
    7.9656564746248585e-20
    2.6118382059058302e-19
    8.3004046521635588e-19
    2.5567046262431804e-18
    7.6329100920063513e-18
    2.2086557684457280e-17
    6.1943282866594721e-17
    1.6837930021136297e-16
    4.4362036987728103e-16
    1.1328242999006013e-15
    2.8037670694457108e-15
    6.7258875529318479e-15
    1.5638157087757368e-14
    3.5241131005166031e-14
    7.6973706915543057e-14
    1.6295333881894381e-13
    3.3435854155151930e-13
    6.6495135985839406e-13
    1.2817272930345684e-12
    2.3945818337423781e-12
    4.3360275414541255e-12
    7.6099653293371764e-12
    1.2944987090282173e-11
    2.1342675564686782e-11
    3.4105498442142039e-11
    5.2823629337208810e-11
    7.9297659676453066e-11
    1.1537741402855515e-10
    1.6270823310547140e-10
    2.2239578634990866e-10
    2.9462654816188007e-10
    3.7830797627082899e-10
    4.7081188339734550e-10
    5.6790753554074176e-10
    6.6395117551934455e-10
    7.5235524745164618e-10
    8.2630058850876031e-10
    8.7959239786814163e-10
    9.0751365778678280e-10
    9.0751365778678280e-10
    8.7959239786814163e-10
    8.2630058850876031e-10
    7.5235524745164618e-10
    6.6395117551934455e-10
    5.6790753554074176e-10
    4.7081188339734550e-10
    3.7830797627082899e-10
    2.9462654816188007e-10
    2.2239578634990866e-10
    1.6270823310547140e-10
    1.1537741402855515e-10
    7.9297659676453066e-11
    5.2823629337208810e-11
    3.4105498442142039e-11
    2.1342675564686782e-11
    1.2944987090282173e-11
    7.6099653293371764e-12
    4.3360275414541255e-12
    2.3945818337423781e-12
    1.2817272930345684e-12
    6.6495135985839406e-13
    3.3435854155151930e-13
    1.6295333881894381e-13
    7.6973706915543057e-14
    3.5241131005166031e-14
    1.5638157087757368e-14
    6.7258875529318479e-15
    2.8037670694457108e-15
    1.1328242999006013e-15
    4.4362036987728103e-16
    1.6837930021136297e-16
    6.1943282866594721e-17
    2.2086557684457280e-17
    7.6329100920063513e-18
    2.5567046262431804e-18
    8.3004046521635588e-19
    2.6118382059058302e-19
    7.9656564746248585e-20
    2.3546435563092056e-20
    7.2528127553398887e-20
    2.4535949285832493e-19
    8.0450280484789795e-19
    2.5567046262431804e-18
    7.8752046674609225e-18
    2.3511018271674443e-17
    6.8031387114265336e-17
    1.9079874356298067e-16
    5.1864475752006765e-16
    1.3664469378192501e-15
    3.4893444954176048e-15
    8.6362105677482098e-15
    2.0717192164468745e-14
    4.8168914947737180e-14
    1.0855032549704004e-13
    2.3709570896493411e-13
    5.0193161981755937e-13
    1.0298968132666495e-12
    2.0481943823467824e-12
    3.9479980037231765e-12
    7.3758313104063090e-12
    1.3355905090559625e-11
    2.3440343427106427e-11
    3.9873367344513551e-11
    6.5740068875339376e-11
    1.0505233094223357e-10
    1.6270823310547140e-10
    2.4425398741517872e-10
    3.5538745467534721e-10
    5.0117664106915560e-10
    6.8502724824336339e-10
    9.0751365778678280e-10
    1.1652706025894902e-09
    1.4502026959113350e-09
    1.7492783596001083e-09
    2.0451135976936183e-09
    2.3174173095724554e-09
    2.5451849949955685e-09
    2.7093353240936622e-09
    2.7953388593380808e-09
    2.7953388593380808e-09
    2.7093353240936622e-09
    2.5451849949955685e-09
    2.3174173095724554e-09
    2.0451135976936183e-09
    1.7492783596001083e-09
    1.4502026959113350e-09
    1.1652706025894902e-09
    9.0751365778678280e-10
    6.8502724824336339e-10
    5.0117664106915560e-10
    3.5538745467534721e-10
    2.4425398741517872e-10
    1.6270823310547140e-10
    1.0505233094223357e-10
    6.5740068875339376e-11
    3.9873367344513551e-11
    2.3440343427106427e-11
    1.3355905090559625e-11
    7.3758313104063090e-12
    3.9479980037231765e-12
    2.0481943823467824e-12
    1.0298968132666495e-12
    5.0193161981755937e-13
    2.3709570896493411e-13
    1.0855032549704004e-13
    4.8168914947737180e-14
    2.0717192164468745e-14
    8.6362105677482098e-15
    3.4893444954176048e-15
    1.3664469378192501e-15
    5.1864475752006765e-16
    1.9079874356298067e-16
    6.8031387114265336e-17
    2.3511018271674443e-17
    7.8752046674609225e-18
    2.5567046262431804e-18
    8.0450280484789795e-19
    2.4535949285832493e-19
    7.2528127553398887e-20
    2.1652899246719891e-19
    7.3250813957331066e-19
    2.4018017236484891e-18
    7.6329100920063513e-18
    2.3511018271674443e-17
    7.0190935158162659e-17
    2.0310420529128254e-16
    5.6961983028284579e-16
    1.5483872337877851e-15
    4.0794570146327434e-15
    1.0417258427187034e-14
    2.5782962225135543e-14
    6.1850111087164607e-14
    1.4380581677353602e-13
    3.2407141070277216e-13
    7.0783703801915605e-13
    1.4984910212456199e-12
    3.0747039368639531e-12
    6.1147789271135294e-12
    1.1786544873632698e-11
    2.2020164812257773e-11
    3.9873367344513551e-11
    6.9979939046677205e-11
    1.1903988629825626e-10
    1.9626359260165983e-10
    3.1362832796841721e-10
    4.8575705686744739e-10
    7.2920770996280928e-10
    1.0609909574692868e-09
    1.4962370710439460e-09
    2.0451135976936183e-09
    2.7093353240936622e-09
    3.4788554184661817e-09
    4.3295055202921964e-09
    5.2223805236115696e-09
    6.1055814030706408e-09
    6.9185301219630793e-09
    7.5985188257241404e-09
    8.0885811859663873e-09
    8.3453403146420933e-09
    8.3453403146420933e-09
    8.0885811859663873e-09
    7.5985188257241404e-09
    6.9185301219630793e-09
    6.1055814030706408e-09
    5.2223805236115696e-09
    4.3295055202921964e-09
    3.4788554184661817e-09
    2.7093353240936622e-09
    2.0451135976936183e-09
    1.4962370710439460e-09
    1.0609909574692868e-09
    7.2920770996280928e-10
    4.8575705686744739e-10
    3.1362832796841721e-10
    1.9626359260165983e-10
    1.1903988629825626e-10
    6.9979939046677205e-11
    3.9873367344513551e-11
    2.2020164812257773e-11
    1.1786544873632698e-11
    6.1147789271135294e-12
    3.0747039368639531e-12
    1.4984910212456199e-12
    7.0783703801915605e-13
    3.2407141070277216e-13
    1.4380581677353602e-13
    6.1850111087164607e-14
    2.5782962225135543e-14
    1.0417258427187034e-14
    4.0794570146327434e-15
    1.5483872337877851e-15
    5.6961983028284579e-16
    2.0310420529128254e-16
    7.0190935158162659e-17
    2.3511018271674443e-17
    7.6329100920063513e-18
    2.4018017236484891e-18
    7.3250813957331066e-19
    2.1652899246719891e-19
    6.2654741439868453e-19
    2.1195825817421340e-18
    6.9498437262540122e-18
    2.2086557684457280e-17
    6.8031387114265336e-17
    2.0310420529128254e-16
    5.8770150467508386e-16
    1.6482496306262492e-15
    4.4804070196956672e-15
    1.1804300271964347e-14
    3.0143336734297495e-14
    7.4605474923385928e-14
    1.7896923058839238e-13
    4.1611592816421123e-13
    9.3773171963156255e-13
    2.0481943823467824e-12
    4.3360275414541255e-12
    8.8969508412384808e-12
    1.7693699503002658e-11
    3.4105498442142039e-11
    6.3717459590742823e-11
    1.1537741402855515e-10
    2.0249366779885220e-10
    3.4445333218730189e-10
    5.6790753554074176e-10
    9.0751365778678280e-10
    1.4055846496044574e-09
    2.1100324720071625e-09
    3.0700791313360421e-09
    4.3295055202921964e-09
    5.9177324116567718e-09
    7.8397217051987044e-09
    1.0066401929233697e-08
    1.2527839613786750e-08
    1.5111459102044034e-08
    1.7667085584735735e-08
    2.0019430700542527e-08
    2.1987043255828144e-08
    2.3405085713816351e-08
    2.4148042887181448e-08
    2.4148042887181448e-08
    2.3405085713816351e-08
    2.1987043255828144e-08
    2.0019430700542527e-08
    1.7667085584735735e-08
    1.5111459102044034e-08
    1.2527839613786750e-08
    1.0066401929233697e-08
    7.8397217051987044e-09
    5.9177324116567718e-09
    4.3295055202921964e-09
    3.0700791313360421e-09
    2.1100324720071625e-09
    1.4055846496044574e-09
    9.0751365778678280e-10
    5.6790753554074176e-10
    3.4445333218730189e-10
    2.0249366779885220e-10
    1.1537741402855515e-10
    6.3717459590742823e-11
    3.4105498442142039e-11
    1.7693699503002658e-11
    8.8969508412384808e-12
    4.3360275414541255e-12
    2.0481943823467824e-12
    9.3773171963156255e-13
    4.1611592816421123e-13
    1.7896923058839238e-13
    7.4605474923385928e-14
    3.0143336734297495e-14
    1.1804300271964347e-14
    4.4804070196956672e-15
    1.6482496306262492e-15
    5.8770150467508386e-16
    2.0310420529128254e-16
    6.8031387114265336e-17
    2.2086557684457280e-17
    6.9498437262540122e-18
    2.1195825817421340e-18
    6.2654741439868453e-19
    1.7571956786522176e-18
    5.9445163567681754e-18
    1.9491318745289542e-17
    6.1943282866594721e-17
    1.9079874356298067e-16
    5.6961983028284579e-16
    1.6482496306262492e-15
    4.6226304054837065e-15
    1.2565612230908627e-14
    3.3105978814573967e-14
    8.4539078499750667e-14
    2.0923622877765304e-13
    5.0193161981755937e-13
    1.1670259807715578e-12
    2.6299336452503188e-12
    5.7443032003470195e-12
    1.2160689970562880e-11
    2.4952115693286458e-11
    4.9623207424591106e-11
    9.5651235810028024e-11
    1.7870003462548109e-10
    3.2358395978638086e-10
    5.6790753554074176e-10
    9.6604326010630879e-10
    1.5927360713537680e-09
    2.5451849949955685e-09
    3.9420596358781003e-09
    5.9177324116567718e-09
    8.6102498529684667e-09
    1.2142398509871405e-08
    1.6596690980144403e-08
    2.1987043255828144e-08
    2.8231922378296127e-08
    3.5135195080681128e-08
    4.2381135125624814e-08
    4.9548566844970286e-08
    5.6145881872056323e-08
    6.1664187749557989e-08
    6.5641186173075035e-08
    6.7724861094491414e-08
    6.7724861094491414e-08
    6.5641186173075035e-08
    6.1664187749557989e-08
    5.6145881872056323e-08
    4.9548566844970286e-08
    4.2381135125624814e-08
    3.5135195080681128e-08
    2.8231922378296127e-08
    2.1987043255828144e-08
    1.6596690980144403e-08
    1.2142398509871405e-08
    8.6102498529684667e-09
    5.9177324116567718e-09
    3.9420596358781003e-09
    2.5451849949955685e-09
    1.5927360713537680e-09
    9.6604326010630879e-10
    5.6790753554074176e-10
    3.2358395978638086e-10
    1.7870003462548109e-10
    9.5651235810028024e-11
    4.9623207424591106e-11
    2.4952115693286458e-11
    1.2160689970562880e-11
    5.7443032003470195e-12
    2.6299336452503188e-12
    1.1670259807715578e-12
    5.0193161981755937e-13
    2.0923622877765304e-13
    8.4539078499750667e-14
    3.3105978814573967e-14
    1.2565612230908627e-14
    4.6226304054837065e-15
    1.6482496306262492e-15
    5.6961983028284579e-16
    1.9079874356298067e-16
    6.1943282866594721e-17
    1.9491318745289542e-17
    5.9445163567681754e-18
    1.7571956786522176e-18
    4.7765530823270828e-18
    1.6158870791580497e-17
    5.2982897558023723e-17
    1.6837930021136297e-16
    5.1864475752006765e-16
    1.5483872337877851e-15
    4.4804070196956672e-15
    1.2565612230908627e-14
    3.4156875390741648e-14
    8.9991380625006538e-14
    2.2980104088054503e-13
    5.6876303854159379e-13
    1.3643916012790857e-12
    3.1723055168709210e-12
    7.1489008379369986e-12
    1.5614635006662441e-11
    3.3056182568505240e-11
    6.7826882670668357e-11
    1.3488986301211997e-10
    2.6000701617205031e-10
    4.8575705686744739e-10
    8.7959239786814163e-10
    1.5437327341053577e-09
    2.6259778394523142e-09
    4.3295055202921964e-09
    6.9185301219630793e-09
    1.0715629074909321e-08
    1.6086064480289727e-08
    2.3405085713816351e-08
    3.3006461223291632e-08
    4.5114483503876674e-08
    5.9766980143860647e-08
    7.6742321583388635e-08
    9.5507362327179154e-08
    1.1520386948145329e-07
    1.3468696888087105e-07
    1.5262033043561881e-07
    1.6762064102631036e-07
    1.7843124357276699e-07
    1.8409525924806897e-07
    1.8409525924806897e-07
    1.7843124357276699e-07
    1.6762064102631036e-07
    1.5262033043561881e-07
    1.3468696888087105e-07
    1.1520386948145329e-07
    9.5507362327179154e-08
    7.6742321583388635e-08
    5.9766980143860647e-08
    4.5114483503876674e-08
    3.3006461223291632e-08
    2.3405085713816351e-08
    1.6086064480289727e-08
    1.0715629074909321e-08
    6.9185301219630793e-09
    4.3295055202921964e-09
    2.6259778394523142e-09
    1.5437327341053577e-09
    8.7959239786814163e-10
    4.8575705686744739e-10
    2.6000701617205031e-10
    1.3488986301211997e-10
    6.7826882670668357e-11
    3.3056182568505240e-11
    1.5614635006662441e-11
    7.1489008379369986e-12
    3.1723055168709210e-12
    1.3643916012790857e-12
    5.6876303854159379e-13
    2.2980104088054503e-13
    8.9991380625006538e-14
    3.4156875390741648e-14
    1.2565612230908627e-14
    4.4804070196956672e-15
    1.5483872337877851e-15
    5.1864475752006765e-16
    1.6837930021136297e-16
    5.2982897558023723e-17
    1.6158870791580497e-17
    4.7765530823270828e-18
    1.2584541226032543e-17
    4.2572954207327071e-17
    1.3959134277405912e-16
    4.4362036987728103e-16
    1.3664469378192501e-15
    4.0794570146327434e-15
    1.1804300271964347e-14
    3.3105978814573967e-14
    8.9991380625006538e-14
    2.3709570896493411e-13
    6.0544510296481152e-13
    1.4984910212456199e-12
    3.5946930890976429e-12
    8.3579118394687716e-12
    1.8834845078704015e-11
    4.1139083892491860e-11
    8.7091441283835477e-11
    1.7870003462548109e-10
    3.5538745467534721e-10
    6.8502724824336339e-10
    1.2797993872615831e-09
    2.3174173095724554e-09
    4.0671940412855438e-09
    6.9185301219630793e-09
    1.1406727774060081e-08
    1.8227899081773524e-08
    2.8231922378296127e-08
    4.2381135125624814e-08
    6.1664187749557989e-08
    8.6960442986973756e-08
    1.1886083285587649e-07
    1.5746501977728437e-07
    2.0218908763327101e-07
    2.5162838513048691e-07
    3.0352176975734578e-07
    3.5485289983732617e-07
    4.0210101451694363e-07
    4.4162156914666056e-07
    4.7010371329523050e-07
    4.8502640703320230e-07
    4.8502640703320230e-07
    4.7010371329523050e-07
    4.4162156914666056e-07
    4.0210101451694363e-07
    3.5485289983732617e-07
    3.0352176975734578e-07
    2.5162838513048691e-07
    2.0218908763327101e-07
    1.5746501977728437e-07
    1.1886083285587649e-07
    8.6960442986973756e-08
    6.1664187749557989e-08
    4.2381135125624814e-08
    2.8231922378296127e-08
    1.8227899081773524e-08
    1.1406727774060081e-08
    6.9185301219630793e-09
    4.0671940412855438e-09
    2.3174173095724554e-09
    1.2797993872615831e-09
    6.8502724824336339e-10
    3.5538745467534721e-10
    1.7870003462548109e-10
    8.7091441283835477e-11
    4.1139083892491860e-11
    1.8834845078704015e-11
    8.3579118394687716e-12
    3.5946930890976429e-12
    1.4984910212456199e-12
    6.0544510296481152e-13
    2.3709570896493411e-13
    8.9991380625006538e-14
    3.3105978814573967e-14
    1.1804300271964347e-14
    4.0794570146327434e-15
    1.3664469378192501e-15
    4.4362036987728103e-16
    1.3959134277405912e-16
    4.2572954207327071e-17
    1.2584541226032543e-17
    3.2135751809355005e-17
    1.0871384706242615e-16
    3.5645898134468590e-16
    1.1328242999006013e-15
    3.4893444954176048e-15
    1.0417258427187034e-14
    3.0143336734297495e-14
    8.4539078499750667e-14
    2.2980104088054503e-13
    6.0544510296481152e-13
    1.5460582323667661e-12
    3.8265308748547639e-12
    9.1793703772913986e-12
    2.1342675564686782e-11
    4.8096461837226966e-11
    1.0505233094223357e-10
    2.2239578634990866e-10
    4.5632652457510854e-10
    9.0751365778678280e-10
    1.7492783596001083e-09
    3.2680822237465720e-09
    5.9177324116567718e-09
    1.0385943827723117e-08
    1.7667085584735735e-08
    2.9128099794833417e-08
    4.6546570937851775e-08
    7.2092739366067829e-08
    1.0822401987753595e-07
    1.5746501977728437e-07
    2.2206127048001835e-07
    3.0352176975734578e-07
    4.0210101451694363e-07
    5.1630792271568215e-07
    6.4255559161860949e-07
    7.7506999154496118e-07
    9.0614862418765590e-07
    1.0268009117468752e-06
    1.1277201834261203e-06
    1.2004518864669372e-06
    1.2385583198821236e-06
    1.2385583198821236e-06
    1.2004518864669372e-06
    1.1277201834261203e-06
    1.0268009117468752e-06
    9.0614862418765590e-07
    7.7506999154496118e-07
    6.4255559161860949e-07
    5.1630792271568215e-07
    4.0210101451694363e-07
    3.0352176975734578e-07
    2.2206127048001835e-07
    1.5746501977728437e-07
    1.0822401987753595e-07
    7.2092739366067829e-08
    4.6546570937851775e-08
    2.9128099794833417e-08
    1.7667085584735735e-08
    1.0385943827723117e-08
    5.9177324116567718e-09
    3.2680822237465720e-09
    1.7492783596001083e-09
    9.0751365778678280e-10
    4.5632652457510854e-10
    2.2239578634990866e-10
    1.0505233094223357e-10
    4.8096461837226966e-11
    2.1342675564686782e-11
    9.1793703772913986e-12
    3.8265308748547639e-12
    1.5460582323667661e-12
    6.0544510296481152e-13
    2.2980104088054503e-13
    8.4539078499750667e-14
    3.0143336734297495e-14
    1.0417258427187034e-14
    3.4893444954176048e-15
    1.1328242999006013e-15
    3.5645898134468590e-16
    1.0871384706242615e-16
    3.2135751809355005e-17
    7.9536749593785925e-17
    2.6906935560362973e-16
    8.8224445184490427e-16
    2.8037670694457108e-15
    8.6362105677482098e-15
    2.5782962225135543e-14
    7.4605474923385928e-14
    2.0923622877765304e-13
    5.6876303854159379e-13
    1.4984910212456199e-12
    3.8265308748547639e-12
    9.4707548717629508e-12
    2.2719159877090674e-11
    5.2823629337208810e-11
    1.1903988629825626e-10
    2.6000701617205031e-10
    5.5043485755564248e-10
    1.1294189951880103e-09
    2.2461178745883782e-09
    4.3295055202921964e-09
    8.0885811859663873e-09
    1.4646528383131129e-08
    2.5705457847115481e-08
    4.3726456768192057e-08
    7.2092739366067829e-08
    1.1520386948145329e-07
    1.7843124357276699e-07
    2.6785702167785242e-07
    3.8972966688647667e-07
    5.4960692282623407e-07
    7.5122359485067533e-07
    9.9520956885568306e-07
    1.2778743813415459e-06
    1.5903403627787129e-06
    1.9183166524588197e-06
    2.2427393839837406e-06
    2.5413566635932224e-06
    2.7911342598467108e-06
    2.9711469537026242e-06
    3.0654612821937241e-06
    3.0654612821937241e-06
    2.9711469537026242e-06
    2.7911342598467108e-06
    2.5413566635932224e-06
    2.2427393839837406e-06
    1.9183166524588197e-06
    1.5903403627787129e-06
    1.2778743813415459e-06
    9.9520956885568306e-07
    7.5122359485067533e-07
    5.4960692282623407e-07
    3.8972966688647667e-07
    2.6785702167785242e-07
    1.7843124357276699e-07
    1.1520386948145329e-07
    7.2092739366067829e-08
    4.3726456768192057e-08
    2.5705457847115481e-08
    1.4646528383131129e-08
    8.0885811859663873e-09
    4.3295055202921964e-09
    2.2461178745883782e-09
    1.1294189951880103e-09
    5.5043485755564248e-10
    2.6000701617205031e-10
    1.1903988629825626e-10
    5.2823629337208810e-11
    2.2719159877090674e-11
    9.4707548717629508e-12
    3.8265308748547639e-12
    1.4984910212456199e-12
    5.6876303854159379e-13
    2.0923622877765304e-13
    7.4605474923385928e-14
    2.5782962225135543e-14
    8.6362105677482098e-15
    2.8037670694457108e-15
    8.8224445184490427e-16
    2.6906935560362973e-16
    7.9536749593785925e-17
    1.9079874356298067e-16
    6.4546382952119480e-16
    2.1163944187702858e-15
    6.7258875529318479e-15
    2.0717192164468745e-14
    6.1850111087164607e-14
    1.7896923058839238e-13
    5.0193161981755937e-13
    1.3643916012790857e-12
    3.5946930890976429e-12
    9.1793703772913986e-12
    2.2719159877090674e-11
    5.4500431328841390e-11
    1.2671729935470580e-10
    2.8556184223753940e-10
    6.2372440735323513e-10
    1.3204245807285294e-09
    2.7093353240936622e-09
    5.3881566766879488e-09
    1.0385943827723117e-08
    1.9403497570261856e-08
    3.5135195080681128e-08
    6.1664187749557989e-08
    1.0489431683393632e-07
    1.7294149133966934e-07
    2.7635971626846847e-07
    4.2803430187853626e-07
    6.4255559161860949e-07
    9.3491286921999587e-07
    1.3184384685611343e-06
    1.8020917219324338e-06
    2.3873836470475455e-06
    3.0654612821937241e-06
    3.8150282052685260e-06
    4.6018024235891306e-06
    5.3800520990455834e-06
    6.0963977134524353e-06
    6.6955830180914168e-06
    7.1274110219828308e-06
    7.3536593344672273e-06
    7.3536593344672273e-06
    7.1274110219828308e-06
    6.6955830180914168e-06
    6.0963977134524353e-06
    5.3800520990455834e-06
    4.6018024235891306e-06
    3.8150282052685260e-06
    3.0654612821937241e-06
    2.3873836470475455e-06
    1.8020917219324338e-06
    1.3184384685611343e-06
    9.3491286921999587e-07
    6.4255559161860949e-07
    4.2803430187853626e-07
    2.7635971626846847e-07
    1.7294149133966934e-07
    1.0489431683393632e-07
    6.1664187749557989e-08
    3.5135195080681128e-08
    1.9403497570261856e-08
    1.0385943827723117e-08
    5.3881566766879488e-09
    2.7093353240936622e-09
    1.3204245807285294e-09
    6.2372440735323513e-10
    2.8556184223753940e-10
    1.2671729935470580e-10
    5.4500431328841390e-11
    2.2719159877090674e-11
    9.1793703772913986e-12
    3.5946930890976429e-12
    1.3643916012790857e-12
    5.0193161981755937e-13
    1.7896923058839238e-13
    6.1850111087164607e-14
    2.0717192164468745e-14
    6.7258875529318479e-15
    2.1163944187702858e-15
    6.4546382952119480e-16
    1.9079874356298067e-16
    4.4362036987728103e-16
    1.5007483668260141e-15
    4.9207644522626234e-15
    1.5638157087757368e-14
    4.8168914947737180e-14
    1.4380581677353602e-13
    4.1611592816421123e-13
    1.1670259807715578e-12
    3.1723055168709210e-12
    8.3579118394687716e-12
    2.1342675564686782e-11
    5.2823629337208810e-11
    1.2671729935470580e-10
    2.9462654816188007e-10
    6.6395117551934455e-10
    1.4502026959113350e-09
    3.0700791313360421e-09
    6.2993933615672552e-09
    1.2527839613786750e-08
    2.4148042887181448e-08
    4.5114483503876674e-08
    8.1691776090009648e-08
    1.4337353206212941e-07
    2.4388659360608100e-07
    4.0210101451694363e-07
    6.4255559161860949e-07
    9.9520956885568306e-07
    1.4939865111138449e-06
    2.1737375472260443e-06
    3.0654612821937241e-06
    4.1899887877016565e-06
    5.5508332851919908e-06
    7.1274110219828308e-06
    8.8702063331713262e-06
    1.0699511197676812e-05
    1.2508995906201127e-05
    1.4174549360531070e-05
    1.5567696933231071e-05
    1.6571727123537028e-05
    1.7097770210583397e-05
    1.7097770210583397e-05
    1.6571727123537028e-05
    1.5567696933231071e-05
    1.4174549360531070e-05
    1.2508995906201127e-05
    1.0699511197676812e-05
    8.8702063331713262e-06
    7.1274110219828308e-06
    5.5508332851919908e-06
    4.1899887877016565e-06
    3.0654612821937241e-06
    2.1737375472260443e-06
    1.4939865111138449e-06
    9.9520956885568306e-07
    6.4255559161860949e-07
    4.0210101451694363e-07
    2.4388659360608100e-07
    1.4337353206212941e-07
    8.1691776090009648e-08
    4.5114483503876674e-08
    2.4148042887181448e-08
    1.2527839613786750e-08
    6.2993933615672552e-09
    3.0700791313360421e-09
    1.4502026959113350e-09
    6.6395117551934455e-10
    2.9462654816188007e-10
    1.2671729935470580e-10
    5.2823629337208810e-11
    2.1342675564686782e-11
    8.3579118394687716e-12
    3.1723055168709210e-12
    1.1670259807715578e-12
    4.1611592816421123e-13
    1.4380581677353602e-13
    4.8168914947737180e-14
    1.5638157087757368e-14
    4.9207644522626234e-15
    1.5007483668260141e-15
    4.4362036987728103e-16
    9.9971393583484332e-16
    3.3819886514958319e-15
    1.1089113872855972e-14
    3.5241131005166031e-14
    1.0855032549704004e-13
    3.2407141070277216e-13
    9.3773171963156255e-13
    2.6299336452503188e-12
    7.1489008379369986e-12
    1.8834845078704015e-11
    4.8096461837226966e-11
    1.1903988629825626e-10
    2.8556184223753940e-10
    6.6395117551934455e-10
    1.4962370710439460e-09
    3.2680822237465720e-09
    6.9185301219630793e-09
    1.4195902078631763e-08
    2.8231922378296127e-08
    5.4418454689379883e-08
    1.0166705798314253e-07
    1.8409525924806897e-07
    3.2309724206763693e-07
    5.4960692282623407e-07
    9.0614862418765590e-07
    1.4480213784309005e-06
    2.2427393839837406e-06
    3.3667505744223422e-06
    4.8985931809454059e-06
    6.9081236382787640e-06
    9.4422854911189812e-06
    1.2508995906201127e-05
    1.6061868680805156e-05
    1.9989318541560501e-05
    2.4111720690141957e-05
    2.8189457427731856e-05
    3.1942840077027507e-05
    3.5082346595828597e-05
    3.7344963557095373e-05
    3.8530419953327388e-05
    3.8530419953327388e-05
    3.7344963557095373e-05
    3.5082346595828597e-05
    3.1942840077027507e-05
    2.8189457427731856e-05
    2.4111720690141957e-05
    1.9989318541560501e-05
    1.6061868680805156e-05
    1.2508995906201127e-05
    9.4422854911189812e-06
    6.9081236382787640e-06
    4.8985931809454059e-06
    3.3667505744223422e-06
    2.2427393839837406e-06
    1.4480213784309005e-06
    9.0614862418765590e-07
    5.4960692282623407e-07
    3.2309724206763693e-07
    1.8409525924806897e-07
    1.0166705798314253e-07
    5.4418454689379883e-08
    2.8231922378296127e-08
    1.4195902078631763e-08
    6.9185301219630793e-09
    3.2680822237465720e-09
    1.4962370710439460e-09
    6.6395117551934455e-10
    2.8556184223753940e-10
    1.1903988629825626e-10
    4.8096461837226966e-11
    1.8834845078704015e-11
    7.1489008379369986e-12
    2.6299336452503188e-12
    9.3773171963156255e-13
    3.2407141070277216e-13
    1.0855032549704004e-13
    3.5241131005166031e-14
    1.1089113872855972e-14
    3.3819886514958319e-15
    9.9971393583484332e-16
    2.1835759892341374e-15
    7.3869423547664148e-15
    2.4220851512318730e-14
    7.6973706915543057e-14
    2.3709570896493411e-13
    7.0783703801915605e-13
    2.0481943823467824e-12
    5.7443032003470195e-12
    1.5614635006662441e-11
    4.1139083892491860e-11
    1.0505233094223357e-10
    2.6000701617205031e-10
    6.2372440735323513e-10
    1.4502026959113350e-09
    3.2680822237465720e-09
    7.1381478429193703e-09
    1.5111459102044034e-08
    3.1006700830406608e-08
    6.1664187749557989e-08
    1.1886083285587649e-07
    2.2206127048001835e-07
    4.0210101451694363e-07
    7.0570925809642252e-07
    1.2004518864669372e-06
    1.9792105596701347e-06
    3.1627694688471213e-06
    4.8985931809454059e-06
    7.3536593344672273e-06
    1.0699511197676812e-05
    1.5088729251943012e-05
    2.0623847625654624e-05
    2.7322159000813747e-05
    3.5082346595828597e-05
    4.3660685766128113e-05
    5.2664839881567772e-05
    6.1571435770104257e-05
    6.9769577195997096e-05
    7.6626889879923365e-05
    8.1568899681287412e-05
    8.4158174503123949e-05
    8.4158174503123949e-05
    8.1568899681287412e-05
    7.6626889879923365e-05
    6.9769577195997096e-05
    6.1571435770104257e-05
    5.2664839881567772e-05
    4.3660685766128113e-05
    3.5082346595828597e-05
    2.7322159000813747e-05
    2.0623847625654624e-05
    1.5088729251943012e-05
    1.0699511197676812e-05
    7.3536593344672273e-06
    4.8985931809454059e-06
    3.1627694688471213e-06
    1.9792105596701347e-06
    1.2004518864669372e-06
    7.0570925809642252e-07
    4.0210101451694363e-07
    2.2206127048001835e-07
    1.1886083285587649e-07
    6.1664187749557989e-08
    3.1006700830406608e-08
    1.5111459102044034e-08
    7.1381478429193703e-09
    3.2680822237465720e-09
    1.4502026959113350e-09
    6.2372440735323513e-10
    2.6000701617205031e-10
    1.0505233094223357e-10
    4.1139083892491860e-11
    1.5614635006662441e-11
    5.7443032003470195e-12
    2.0481943823467824e-12
    7.0783703801915605e-13
    2.3709570896493411e-13
    7.6973706915543057e-14
    2.4220851512318730e-14
    7.3869423547664148e-15
    2.1835759892341374e-15
    4.6226304054837065e-15
    1.5638157087757368e-14
    5.1275543053951880e-14
    1.6295333881894381e-13
    5.0193161981755937e-13
    1.4984910212456199e-12
    4.3360275414541255e-12
    1.2160689970562880e-11
    3.3056182568505240e-11
    8.7091441283835477e-11
    2.2239578634990866e-10
    5.5043485755564248e-10
    1.3204245807285294e-09
    3.0700791313360421e-09
    6.9185301219630793e-09
    1.5111459102044034e-08
    3.1990959170068971e-08
    6.5641186173075035e-08
    1.3054308649022135e-07
    2.5162838513048691e-07
    4.7010371329523050e-07
    8.5124785441234300e-07
    1.4939865111138449e-06
    2.5413566635932224e-06
    4.1899887877016565e-06
    6.6955830180914168e-06
    1.0370321845440158e-05
    1.5567696933231071e-05
    2.2650865383229311e-05
    3.1942840077027507e-05
    4.3660685766128113e-05
    5.7841011058616842e-05
    7.4269328326180754e-05
    9.2429672492213980e-05
    1.1149146690418283e-04
    1.3034673054817695e-04
    1.4770219608298515e-04
    1.6221912714877535e-04
    1.7268136198036305e-04
    1.7816285682120578e-04
    1.7816285682120578e-04
    1.7268136198036305e-04
    1.6221912714877535e-04
    1.4770219608298515e-04
    1.3034673054817695e-04
    1.1149146690418283e-04
    9.2429672492213980e-05
    7.4269328326180754e-05
    5.7841011058616842e-05
    4.3660685766128113e-05
    3.1942840077027507e-05
    2.2650865383229311e-05
    1.5567696933231071e-05
    1.0370321845440158e-05
    6.6955830180914168e-06
    4.1899887877016565e-06
    2.5413566635932224e-06
    1.4939865111138449e-06
    8.5124785441234300e-07
    4.7010371329523050e-07
    2.5162838513048691e-07
    1.3054308649022135e-07
    6.5641186173075035e-08
    3.1990959170068971e-08
    1.5111459102044034e-08
    6.9185301219630793e-09
    3.0700791313360421e-09
    1.3204245807285294e-09
    5.5043485755564248e-10
    2.2239578634990866e-10
    8.7091441283835477e-11
    3.3056182568505240e-11
    1.2160689970562880e-11
    4.3360275414541255e-12
    1.4984910212456199e-12
    5.0193161981755937e-13
    1.6295333881894381e-13
    5.1275543053951880e-14
    1.5638157087757368e-14
    4.6226304054837065e-15
    9.4850217351272718e-15
    3.2087414926954847e-14
    1.0521058308495608e-13
    3.3435854155151930e-13
    1.0298968132666495e-12
    3.0747039368639531e-12
    8.8969508412384808e-12
    2.4952115693286458e-11
    6.7826882670668357e-11
    1.7870003462548109e-10
    4.5632652457510854e-10
    1.1294189951880103e-09
    2.7093353240936622e-09
    6.2993933615672552e-09
    1.4195902078631763e-08
    3.1006700830406608e-08
    6.5641186173075035e-08
    1.3468696888087105e-07
    2.6785702167785242e-07
    5.1630792271568215e-07
    9.6459018940380150e-07
    1.7466471884716174e-06
    3.0654612821937241e-06
    5.2145252976091958e-06
    8.5972987747721966e-06
    1.3738444323952124e-05
    2.1278518825035179e-05
    3.1942840077027507e-05
    4.6476558070597228e-05
    6.5542452204892865e-05
    8.9585910431217724e-05
    1.1868204873612653e-04
    1.5239076708175971e-04
    1.8965337387114950e-04
    2.2876563646812717e-04
    2.6745412544459452e-04
    3.0306522851388320e-04
    3.3285203702079351e-04
    3.5431914904815692e-04
    3.6556644618112785e-04
    3.6556644618112785e-04
    3.5431914904815692e-04
    3.3285203702079351e-04
    3.0306522851388320e-04
    2.6745412544459452e-04
    2.2876563646812717e-04
    1.8965337387114950e-04
    1.5239076708175971e-04
    1.1868204873612653e-04
    8.9585910431217724e-05
    6.5542452204892865e-05
    4.6476558070597228e-05
    3.1942840077027507e-05
    2.1278518825035179e-05
    1.3738444323952124e-05
    8.5972987747721966e-06
    5.2145252976091958e-06
    3.0654612821937241e-06
    1.7466471884716174e-06
    9.6459018940380150e-07
    5.1630792271568215e-07
    2.6785702167785242e-07
    1.3468696888087105e-07
    6.5641186173075035e-08
    3.1006700830406608e-08
    1.4195902078631763e-08
    6.2993933615672552e-09
    2.7093353240936622e-09
    1.1294189951880103e-09
    4.5632652457510854e-10
    1.7870003462548109e-10
    6.7826882670668357e-11
    2.4952115693286458e-11
    8.8969508412384808e-12
    3.0747039368639531e-12
    1.0298968132666495e-12
    3.3435854155151930e-13
    1.0521058308495608e-13
    3.2087414926954847e-14
    9.4850217351272718e-15
    1.8863218124450049e-14
    6.3813444367269246e-14
    2.0923622877765304e-13
    6.6495135985839406e-13
    2.0481943823467824e-12
    6.1147789271135294e-12
    1.7693699503002658e-11
    4.9623207424591106e-11
    1.3488986301211997e-10
    3.5538745467534721e-10
    9.0751365778678280e-10
    2.2461178745883782e-09
    5.3881566766879488e-09
    1.2527839613786750e-08
    2.8231922378296127e-08
    6.1664187749557989e-08
    1.3054308649022135e-07
    2.6785702167785242e-07
    5.3269729550146122e-07
    1.0268009117468752e-06
    1.9183166524588197e-06
    3.4736227098540686e-06
    6.0963977134524353e-06
    1.0370321845440158e-05
    1.7097770210583397e-05
    2.7322159000813747e-05
    4.2317387684559628e-05
    6.3525922946059503e-05
    9.2429672492213980e-05
    1.3034673054817695e-04
    1.7816285682120578e-04
    2.3602743728832652e-04
    3.0306522851388320e-04
    3.7717077085025420e-04
    4.5495479299700566e-04
    5.3189604066602785e-04
    6.0271717567307917e-04
    6.6195531785004423e-04
    7.0464776790258254e-04
    7.2701568914244734e-04
    7.2701568914244734e-04
    7.0464776790258254e-04
    6.6195531785004423e-04
    6.0271717567307917e-04
    5.3189604066602785e-04
    4.5495479299700566e-04
    3.7717077085025420e-04
    3.0306522851388320e-04
    2.3602743728832652e-04
    1.7816285682120578e-04
    1.3034673054817695e-04
    9.2429672492213980e-05
    6.3525922946059503e-05
    4.2317387684559628e-05
    2.7322159000813747e-05
    1.7097770210583397e-05
    1.0370321845440158e-05
    6.0963977134524353e-06
    3.4736227098540686e-06
    1.9183166524588197e-06
    1.0268009117468752e-06
    5.3269729550146122e-07
    2.6785702167785242e-07
    1.3054308649022135e-07
    6.1664187749557989e-08
    2.8231922378296127e-08
    1.2527839613786750e-08
    5.3881566766879488e-09
    2.2461178745883782e-09
    9.0751365778678280e-10
    3.5538745467534721e-10
    1.3488986301211997e-10
    4.9623207424591106e-11
    1.7693699503002658e-11
    6.1147789271135294e-12
    2.0481943823467824e-12
    6.6495135985839406e-13
    2.0923622877765304e-13
    6.3813444367269246e-14
    1.8863218124450049e-14
    3.6359804587392280e-14
    1.2300363341687139e-13
    4.0331338697172448e-13
    1.2817272930345684e-12
    3.9479980037231765e-12
    1.1786544873632698e-11
    3.4105498442142039e-11
    9.5651235810028024e-11
    2.6000701617205031e-10
    6.8502724824336339e-10
    1.7492783596001083e-09
    4.3295055202921964e-09
    1.0385943827723117e-08
    2.4148042887181448e-08
    5.4418454689379883e-08
    1.1886083285587649e-07
    2.5162838513048691e-07
    5.1630792271568215e-07
    1.0268009117468752e-06
    1.9792105596701347e-06
    3.6976521270108952e-06
    6.6955830180914168e-06
    1.1751114156965632e-05
    1.9989318541560501e-05
    3.2956814666271259e-05
    5.2664839881567772e-05
    8.1568899681287412e-05
    1.2244942137198576e-04
    1.7816285682120578e-04
    2.5124989914600612e-04
    3.4341789486885100e-04
    4.5495479299700566e-04
    5.8417351765206542e-04
    7.2701568914244734e-04
    8.7694831604726042e-04
    1.0252564526281366e-03
    1.1617677632923549e-03
    1.2759522709126529e-03
    1.3582441222301784e-03
    1.4013594188853921e-03
    1.4013594188853921e-03
    1.3582441222301784e-03
    1.2759522709126529e-03
    1.1617677632923549e-03
    1.0252564526281366e-03
    8.7694831604726042e-04
    7.2701568914244734e-04
    5.8417351765206542e-04
    4.5495479299700566e-04
    3.4341789486885100e-04
    2.5124989914600612e-04
    1.7816285682120578e-04
    1.2244942137198576e-04
    8.1568899681287412e-05
    5.2664839881567772e-05
    3.2956814666271259e-05
    1.9989318541560501e-05
    1.1751114156965632e-05
    6.6955830180914168e-06
    3.6976521270108952e-06
    1.9792105596701347e-06
    1.0268009117468752e-06
    5.1630792271568215e-07
    2.5162838513048691e-07
    1.1886083285587649e-07
    5.4418454689379883e-08
    2.4148042887181448e-08
    1.0385943827723117e-08
    4.3295055202921964e-09
    1.7492783596001083e-09
    6.8502724824336339e-10
    2.6000701617205031e-10
    9.5651235810028024e-11
    3.4105498442142039e-11
    1.1786544873632698e-11
    3.9479980037231765e-12
    1.2817272930345684e-12
    4.0331338697172448e-13
    1.2300363341687139e-13
    3.6359804587392280e-14
    6.7929057933421200e-14
    2.2980104088054503e-13
    7.5348860478822177e-13
    2.3945818337423781e-12
    7.3758313104063090e-12
    2.2020164812257773e-11
    6.3717459590742823e-11
    1.7870003462548109e-10
    4.8575705686744739e-10
    1.2797993872615831e-09
    3.2680822237465720e-09
    8.0885811859663873e-09
    1.9403497570261856e-08
    4.5114483503876674e-08
    1.0166705798314253e-07
    2.2206127048001835e-07
    4.7010371329523050e-07
    9.6459018940380150e-07
    1.9183166524588197e-06
    3.6976521270108952e-06
    6.9081236382787640e-06
    1.2508995906201127e-05
    2.1953971519075598e-05
    3.7344963557095373e-05
    6.1571435770104257e-05
    9.8390874207554272e-05
    1.5239076708175971e-04
    2.2876563646812717e-04
    3.3285203702079351e-04
    4.6939660838477953e-04
    6.4158909379861484e-04
    8.4996745283106938e-04
    1.0913798127924323e-03
    1.3582441222301784e-03
    1.6383551463322891e-03
    1.9154312229538169e-03
    2.1704679272460171e-03
    2.3837926720090279e-03
    2.5375340905626083e-03
    2.6180840692422019e-03
    2.6180840692422019e-03
    2.5375340905626083e-03
    2.3837926720090279e-03
    2.1704679272460171e-03
    1.9154312229538169e-03
    1.6383551463322891e-03
    1.3582441222301784e-03
    1.0913798127924323e-03
    8.4996745283106938e-04
    6.4158909379861484e-04
    4.6939660838477953e-04
    3.3285203702079351e-04
    2.2876563646812717e-04
    1.5239076708175971e-04
    9.8390874207554272e-05
    6.1571435770104257e-05
    3.7344963557095373e-05
    2.1953971519075598e-05
    1.2508995906201127e-05
    6.9081236382787640e-06
    3.6976521270108952e-06
    1.9183166524588197e-06
    9.6459018940380150e-07
    4.7010371329523050e-07
    2.2206127048001835e-07
    1.0166705798314253e-07
    4.5114483503876674e-08
    1.9403497570261856e-08
    8.0885811859663873e-09
    3.2680822237465720e-09
    1.2797993872615831e-09
    4.8575705686744739e-10
    1.7870003462548109e-10
    6.3717459590742823e-11
    2.2020164812257773e-11
    7.3758313104063090e-12
    2.3945818337423781e-12
    7.5348860478822177e-13
    2.2980104088054503e-13
    6.7929057933421200e-14
    1.2300363341687139e-13
    4.1611592816421123e-13
    1.3643916012790857e-12
    4.3360275414541255e-12
    1.3355905090559625e-11
    3.9873367344513551e-11
    1.1537741402855515e-10
    3.2358395978638086e-10
    8.7959239786814163e-10
    2.3174173095724554e-09
    5.9177324116567718e-09
    1.4646528383131129e-08
    3.5135195080681128e-08
    8.1691776090009648e-08
    1.8409525924806897e-07
    4.0210101451694363e-07
    8.5124785441234300e-07
    1.7466471884716174e-06
    3.4736227098540686e-06
    6.6955830180914168e-06
    1.2508995906201127e-05
    2.2650865383229311e-05
    3.9753506775017414e-05
    6.7622992973723249e-05
    1.1149146690418283e-04
    1.7816285682120578e-04
    2.7594403073589844e-04
    4.1424105298328224e-04
    6.0271717567307917e-04
    8.4996745283106938e-04
    1.1617677632923549e-03
    1.5390922259922361e-03
    1.9762335368005445e-03
    2.4594623741899849e-03
    2.9666779130607030e-03
    3.4683978720029172e-03
    3.9302096832803781e-03
    4.3164908934407659e-03
    4.5948806380370954e-03
    4.7407378065400440e-03
    4.7407378065400440e-03
    4.5948806380370954e-03
    4.3164908934407659e-03
    3.9302096832803781e-03
    3.4683978720029172e-03
    2.9666779130607030e-03
    2.4594623741899849e-03
    1.9762335368005445e-03
    1.5390922259922361e-03
    1.1617677632923549e-03
    8.4996745283106938e-04
    6.0271717567307917e-04
    4.1424105298328224e-04
    2.7594403073589844e-04
    1.7816285682120578e-04
    1.1149146690418283e-04
    6.7622992973723249e-05
    3.9753506775017414e-05
    2.2650865383229311e-05
    1.2508995906201127e-05
    6.6955830180914168e-06
    3.4736227098540686e-06
    1.7466471884716174e-06
    8.5124785441234300e-07
    4.0210101451694363e-07
    1.8409525924806897e-07
    8.1691776090009648e-08
    3.5135195080681128e-08
    1.4646528383131129e-08
    5.9177324116567718e-09
    2.3174173095724554e-09
    8.7959239786814163e-10
    3.2358395978638086e-10
    1.1537741402855515e-10
    3.9873367344513551e-11
    1.3355905090559625e-11
    4.3360275414541255e-12
    1.3643916012790857e-12
    4.1611592816421123e-13
    1.2300363341687139e-13
    2.1587809965131755e-13
    7.3030619755995590e-13
    2.3945818337423781e-12
    7.6099653293371764e-12
    2.3440343427106427e-11
    6.9979939046677205e-11
    2.0249366779885220e-10
    5.6790753554074176e-10
    1.5437327341053577e-09
    4.0671940412855438e-09
    1.0385943827723117e-08
    2.5705457847115481e-08
    6.1664187749557989e-08
    1.4337353206212941e-07
    3.2309724206763693e-07
    7.0570925809642252e-07
    1.4939865111138449e-06
    3.0654612821937241e-06
    6.0963977134524353e-06
    1.1751114156965632e-05
    2.1953971519075598e-05
    3.9753506775017414e-05
    6.9769577195997096e-05
    1.1868204873612653e-04
    1.9567361820152106e-04
    3.1268555156140808e-04
    4.8429685620343432e-04
    7.2701568914244734e-04
    1.0578015859949959e-03
    1.4917393363558513e-03
    2.0389659232725971e-03
    2.7011909787190663e-03
    3.4683978720029172e-03
    4.3164908934407659e-03
    5.2066818870184469e-03
    6.0872278374499095e-03
    6.8977328074716869e-03
    7.5756774442599355e-03
    8.0642666619637118e-03
    8.3202539647958557e-03
    8.3202539647958557e-03
    8.0642666619637118e-03
    7.5756774442599355e-03
    6.8977328074716869e-03
    6.0872278374499095e-03
    5.2066818870184469e-03
    4.3164908934407659e-03
    3.4683978720029172e-03
    2.7011909787190663e-03
    2.0389659232725971e-03
    1.4917393363558513e-03
    1.0578015859949959e-03
    7.2701568914244734e-04
    4.8429685620343432e-04
    3.1268555156140808e-04
    1.9567361820152106e-04
    1.1868204873612653e-04
    6.9769577195997096e-05
    3.9753506775017414e-05
    2.1953971519075598e-05
    1.1751114156965632e-05
    6.0963977134524353e-06
    3.0654612821937241e-06
    1.4939865111138449e-06
    7.0570925809642252e-07
    3.2309724206763693e-07
    1.4337353206212941e-07
    6.1664187749557989e-08
    2.5705457847115481e-08
    1.0385943827723117e-08
    4.0671940412855438e-09
    1.5437327341053577e-09
    5.6790753554074176e-10
    2.0249366779885220e-10
    6.9979939046677205e-11
    2.3440343427106427e-11
    7.6099653293371764e-12
    2.3945818337423781e-12
    7.3030619755995590e-13
    2.1587809965131755e-13
    3.6722101772103039e-13
    1.2422926899445038e-12
    4.0733209131610053e-12
    1.2944987090282173e-11
    3.9873367344513551e-11
    1.1903988629825626e-10
    3.4445333218730189e-10
    9.6604326010630879e-10
    2.6259778394523142e-09
    6.9185301219630793e-09
    1.7667085584735735e-08
    4.3726456768192057e-08
    1.0489431683393632e-07
    2.4388659360608100e-07
    5.4960692282623407e-07
    1.2004518864669372e-06
    2.5413566635932224e-06
    5.2145252976091958e-06
    1.0370321845440158e-05
    1.9989318541560501e-05
    3.7344963557095373e-05
    6.7622992973723249e-05
    1.1868204873612653e-04
    2.0188496560091579e-04
    3.3285203702079351e-04
    5.3189604066602785e-04
    8.2381670350707681e-04
    1.2366953465741070e-03
    1.7993811117636067e-03
    2.5375340905626083e-03
    3.4683978720029172e-03
    4.5948806380370954e-03
    5.8999435258860165e-03
    7.3425983526495412e-03
    8.8568642423145390e-03
    1.0354723360909018e-02
    1.1733438758348981e-02
    1.2886661433006593e-02
    1.3717779689386001e-02
    1.4153228760049095e-02
    1.4153228760049095e-02
    1.3717779689386001e-02
    1.2886661433006593e-02
    1.1733438758348981e-02
    1.0354723360909018e-02
    8.8568642423145390e-03
    7.3425983526495412e-03
    5.8999435258860165e-03
    4.5948806380370954e-03
    3.4683978720029172e-03
    2.5375340905626083e-03
    1.7993811117636067e-03
    1.2366953465741070e-03
    8.2381670350707681e-04
    5.3189604066602785e-04
    3.3285203702079351e-04
    2.0188496560091579e-04
    1.1868204873612653e-04
    6.7622992973723249e-05
    3.7344963557095373e-05
    1.9989318541560501e-05
    1.0370321845440158e-05
    5.2145252976091958e-06
    2.5413566635932224e-06
    1.2004518864669372e-06
    5.4960692282623407e-07
    2.4388659360608100e-07
    1.0489431683393632e-07
    4.3726456768192057e-08
    1.7667085584735735e-08
    6.9185301219630793e-09
    2.6259778394523142e-09
    9.6604326010630879e-10
    3.4445333218730189e-10
    1.1903988629825626e-10
    3.9873367344513551e-11
    1.2944987090282173e-11
    4.0733209131610053e-12
    1.2422926899445038e-12
    3.6722101772103039e-13
    6.0544510296481152e-13
    2.0481943823467824e-12
    6.7157708319162189e-12
    2.1342675564686782e-11
    6.5740068875339376e-11
    1.9626359260165983e-10
    5.6790753554074176e-10
    1.5927360713537680e-09
    4.3295055202921964e-09
    1.1406727774060081e-08
    2.9128099794833417e-08
    7.2092739366067829e-08
    1.7294149133966934e-07
    4.0210101451694363e-07
    9.0614862418765590e-07
    1.9792105596701347e-06
    4.1899887877016565e-06
    8.5972987747721966e-06
    1.7097770210583397e-05
    3.2956814666271259e-05
    6.1571435770104257e-05
    1.1149146690418283e-04
    1.9567361820152106e-04
    3.3285203702079351e-04
    5.4878023343204877e-04
    8.7694831604726042e-04
    1.3582441222301784e-03
    2.0389659232725971e-03
    2.9666779130607030e-03
    4.1836864302372779e-03
    5.7184213468222701e-03
    7.5756774442599355e-03
    9.7273623870577884e-03
    1.2105898086221019e-02
    1.4602500468007353e-02
    1.7072052657346216e-02
    1.9345170059347268e-02
    2.1246512812908964e-02
    2.2616795160668897e-02
    2.3334729305777742e-02
    2.3334729305777742e-02
    2.2616795160668897e-02
    2.1246512812908964e-02
    1.9345170059347268e-02
    1.7072052657346216e-02
    1.4602500468007353e-02
    1.2105898086221019e-02
    9.7273623870577884e-03
    7.5756774442599355e-03
    5.7184213468222701e-03
    4.1836864302372779e-03
    2.9666779130607030e-03
    2.0389659232725971e-03
    1.3582441222301784e-03
    8.7694831604726042e-04
    5.4878023343204877e-04
    3.3285203702079351e-04
    1.9567361820152106e-04
    1.1149146690418283e-04
    6.1571435770104257e-05
    3.2956814666271259e-05
    1.7097770210583397e-05
    8.5972987747721966e-06
    4.1899887877016565e-06
    1.9792105596701347e-06
    9.0614862418765590e-07
    4.0210101451694363e-07
    1.7294149133966934e-07
    7.2092739366067829e-08
    2.9128099794833417e-08
    1.1406727774060081e-08
    4.3295055202921964e-09
    1.5927360713537680e-09
    5.6790753554074176e-10
    1.9626359260165983e-10
    6.5740068875339376e-11
    2.1342675564686782e-11
    6.7157708319162189e-12
    2.0481943823467824e-12
    6.0544510296481152e-13
    9.6749851973266151e-13
    3.2730053036046060e-12
    1.0731771232313296e-11
    3.4105498442142039e-11
    1.0505233094223357e-10
    3.1362832796841721e-10
    9.0751365778678280e-10
    2.5451849949955685e-09
    6.9185301219630793e-09
    1.8227899081773524e-08
    4.6546570937851775e-08
    1.1520386948145329e-07
    2.7635971626846847e-07
    6.4255559161860949e-07
    1.4480213784309005e-06
    3.1627694688471213e-06
    6.6955830180914168e-06
    1.3738444323952124e-05
    2.7322159000813747e-05
    5.2664839881567772e-05
    9.8390874207554272e-05
    1.7816285682120578e-04
    3.1268555156140808e-04
    5.3189604066602785e-04
    8.7694831604726042e-04
    1.4013594188853921e-03
    2.1704679272460171e-03
    3.2582582679940024e-03
    4.7407378065400440e-03
    6.6855118795393770e-03
    9.1380112931225606e-03
    1.2105898086221019e-02
    1.5544280834539277e-02
    1.9345170059347268e-02
    2.3334729305777742e-02
    2.7281062467756873e-02
    3.0913493733358156e-02
    3.3951830802346358e-02
    3.6141535759214402e-02
    3.7288791256462533e-02
    3.7288791256462533e-02
    3.6141535759214402e-02
    3.3951830802346358e-02
    3.0913493733358156e-02
    2.7281062467756873e-02
    2.3334729305777742e-02
    1.9345170059347268e-02
    1.5544280834539277e-02
    1.2105898086221019e-02
    9.1380112931225606e-03
    6.6855118795393770e-03
    4.7407378065400440e-03
    3.2582582679940024e-03
    2.1704679272460171e-03
    1.4013594188853921e-03
    8.7694831604726042e-04
    5.3189604066602785e-04
    3.1268555156140808e-04
    1.7816285682120578e-04
    9.8390874207554272e-05
    5.2664839881567772e-05
    2.7322159000813747e-05
    1.3738444323952124e-05
    6.6955830180914168e-06
    3.1627694688471213e-06
    1.4480213784309005e-06
    6.4255559161860949e-07
    2.7635971626846847e-07
    1.1520386948145329e-07
    4.6546570937851775e-08
    1.8227899081773524e-08
    6.9185301219630793e-09
    2.5451849949955685e-09
    9.0751365778678280e-10
    3.1362832796841721e-10
    1.0505233094223357e-10
    3.4105498442142039e-11
    1.0731771232313296e-11
    3.2730053036046060e-12
    9.6749851973266151e-13
    1.4984910212456199e-12
    5.0693297818130231e-12
    1.6621692442617002e-11
    5.2823629337208810e-11
    1.6270823310547140e-10
    4.8575705686744739e-10
    1.4055846496044574e-09
    3.9420596358781003e-09
    1.0715629074909321e-08
    2.8231922378296127e-08
    7.2092739366067829e-08
    1.7843124357276699e-07
    4.2803430187853626e-07
    9.9520956885568306e-07
    2.2427393839837406e-06
    4.8985931809454059e-06
    1.0370321845440158e-05
    2.1278518825035179e-05
    4.2317387684559628e-05
    8.1568899681287412e-05
    1.5239076708175971e-04
    2.7594403073589844e-04
    4.8429685620343432e-04
    8.2381670350707681e-04
    1.3582441222301784e-03
    2.1704679272460171e-03
    3.3616864879322562e-03
    5.0464891262442836e-03
    7.3425983526495412e-03
    1.0354723360909018e-02
    1.4153228760049095e-02
    1.8749981748116082e-02
    2.4075453127012300e-02
    2.9962385520146920e-02
    3.6141535759214402e-02
    4.2253736128992317e-02
    4.7879755730861513e-02
    5.2585624240773669e-02
    5.5977105623040237e-02
    5.7754009697452716e-02
    5.7754009697452716e-02
    5.5977105623040237e-02
    5.2585624240773669e-02
    4.7879755730861513e-02
    4.2253736128992317e-02
    3.6141535759214402e-02
    2.9962385520146920e-02
    2.4075453127012300e-02
    1.8749981748116082e-02
    1.4153228760049095e-02
    1.0354723360909018e-02
    7.3425983526495412e-03
    5.0464891262442836e-03
    3.3616864879322562e-03
    2.1704679272460171e-03
    1.3582441222301784e-03
    8.2381670350707681e-04
    4.8429685620343432e-04
    2.7594403073589844e-04
    1.5239076708175971e-04
    8.1568899681287412e-05
    4.2317387684559628e-05
    2.1278518825035179e-05
    1.0370321845440158e-05
    4.8985931809454059e-06
    2.2427393839837406e-06
    9.9520956885568306e-07
    4.2803430187853626e-07
    1.7843124357276699e-07
    7.2092739366067829e-08
    2.8231922378296127e-08
    1.0715629074909321e-08
    3.9420596358781003e-09
    1.4055846496044574e-09
    4.8575705686744739e-10
    1.6270823310547140e-10
    5.2823629337208810e-11
    1.6621692442617002e-11
    5.0693297818130231e-12
    1.4984910212456199e-12
    2.2495014545934366e-12
    7.6099653293371764e-12
    2.4952115693286458e-11
    7.9297659676453066e-11
    2.4425398741517872e-10
    7.2920770996280928e-10
    2.1100324720071625e-09
    5.9177324116567718e-09
    1.6086064480289727e-08
    4.2381135125624814e-08
    1.0822401987753595e-07
    2.6785702167785242e-07
    6.4255559161860949e-07
    1.4939865111138449e-06
    3.3667505744223422e-06
    7.3536593344672273e-06
    1.5567696933231071e-05
    3.1942840077027507e-05
    6.3525922946059503e-05
    1.2244942137198576e-04
    2.2876563646812717e-04
    4.1424105298328224e-04
    7.2701568914244734e-04
    1.2366953465741070e-03
    2.0389659232725971e-03
    3.2582582679940024e-03
    5.0464891262442836e-03
    7.5756774442599355e-03
    1.1022545641314965e-02
    1.5544280834539277e-02
    2.1246512812908964e-02
    2.8147056350679354e-02
    3.6141535759214402e-02
    4.4978867977889685e-02
    5.4254871139643238e-02
    6.3430370643906386e-02
    7.1876026372597962e-02
    7.8940371709397744e-02
    8.4031588269570051e-02
    8.6699037218807826e-02
    8.6699037218807826e-02
    8.4031588269570051e-02
    7.8940371709397744e-02
    7.1876026372597962e-02
    6.3430370643906386e-02
    5.4254871139643238e-02
    4.4978867977889685e-02
    3.6141535759214402e-02
    2.8147056350679354e-02
    2.1246512812908964e-02
    1.5544280834539277e-02
    1.1022545641314965e-02
    7.5756774442599355e-03
    5.0464891262442836e-03
    3.2582582679940024e-03
    2.0389659232725971e-03
    1.2366953465741070e-03
    7.2701568914244734e-04
    4.1424105298328224e-04
    2.2876563646812717e-04
    1.2244942137198576e-04
    6.3525922946059503e-05
    3.1942840077027507e-05
    1.5567696933231071e-05
    7.3536593344672273e-06
    3.3667505744223422e-06
    1.4939865111138449e-06
    6.4255559161860949e-07
    2.6785702167785242e-07
    1.0822401987753595e-07
    4.2381135125624814e-08
    1.6086064480289727e-08
    5.9177324116567718e-09
    2.1100324720071625e-09
    7.2920770996280928e-10
    2.4425398741517872e-10
    7.9297659676453066e-11
    2.4952115693286458e-11
    7.6099653293371764e-12
    2.2495014545934366e-12
    3.2730053036046060e-12
    1.1072434219727765e-11
    3.6305114110291887e-11
    1.1537741402855515e-10
    3.5538745467534721e-10
    1.0609909574692868e-09
    3.0700791313360421e-09
    8.6102498529684667e-09
    2.3405085713816351e-08
    6.1664187749557989e-08
    1.5746501977728437e-07
    3.8972966688647667e-07
    9.3491286921999587e-07
    2.1737375472260443e-06
    4.8985931809454059e-06
    1.0699511197676812e-05
    2.2650865383229311e-05
    4.6476558070597228e-05
    9.2429672492213980e-05
    1.7816285682120578e-04
    3.3285203702079351e-04
    6.0271717567307917e-04
    1.0578015859949959e-03
    1.7993811117636067e-03
    2.9666779130607030e-03
    4.7407378065400440e-03
    7.3425983526495412e-03
    1.1022545641314965e-02
    1.6037709275350549e-02
    2.2616795160668897e-02
    3.0913493733358156e-02
    4.0953725337013185e-02
    5.2585624240773669e-02
    6.5443866747075030e-02
    7.8940371709397744e-02
    9.2290644712934189e-02
    1.0457900128900145e-01
    1.1485756310394325e-01
    1.2226523948895597e-01
    1.2614635480902928e-01
    1.2614635480902928e-01
    1.2226523948895597e-01
    1.1485756310394325e-01
    1.0457900128900145e-01
    9.2290644712934189e-02
    7.8940371709397744e-02
    6.5443866747075030e-02
    5.2585624240773669e-02
    4.0953725337013185e-02
    3.0913493733358156e-02
    2.2616795160668897e-02
    1.6037709275350549e-02
    1.1022545641314965e-02
    7.3425983526495412e-03
    4.7407378065400440e-03
    2.9666779130607030e-03
    1.7993811117636067e-03
    1.0578015859949959e-03
    6.0271717567307917e-04
    3.3285203702079351e-04
    1.7816285682120578e-04
    9.2429672492213980e-05
    4.6476558070597228e-05
    2.2650865383229311e-05
    1.0699511197676812e-05
    4.8985931809454059e-06
    2.1737375472260443e-06
    9.3491286921999587e-07
    3.8972966688647667e-07
    1.5746501977728437e-07
    6.1664187749557989e-08
    2.3405085713816351e-08
    8.6102498529684667e-09
    3.0700791313360421e-09
    1.0609909574692868e-09
    3.5538745467534721e-10
    1.1537741402855515e-10
    3.6305114110291887e-11
    1.1072434219727765e-11
    3.2730053036046060e-12
    4.6156772915931454e-12
    1.5614635006662441e-11
    5.1198417119282397e-11
    1.6270823310547140e-10
    5.0117664106915560e-10
    1.4962370710439460e-09
    4.3295055202921964e-09
    1.2142398509871405e-08
    3.3006461223291632e-08
    8.6960442986973756e-08
    2.2206127048001835e-07
    5.4960692282623407e-07
    1.3184384685611343e-06
    3.0654612821937241e-06
    6.9081236382787640e-06
    1.5088729251943012e-05
    3.1942840077027507e-05
    6.5542452204892865e-05
    1.3034673054817695e-04
    2.5124989914600612e-04
    4.6939660838477953e-04
    8.4996745283106938e-04
    1.4917393363558513e-03
    2.5375340905626083e-03
    4.1836864302372779e-03
    6.6855118795393770e-03
    1.0354723360909018e-02
    1.5544280834539277e-02
    2.2616795160668897e-02
    3.1894793362157101e-02
    4.3595013693294479e-02
    5.7754009697452716e-02
    7.4157616367159590e-02
    9.2290644712934189e-02
    1.1132376739130573e-01
    1.3015066995425870e-01
    1.4748003032427931e-01
    1.6197512579730350e-01
    1.7242162389375282e-01
    1.7789487376266921e-01
    1.7789487376266921e-01
    1.7242162389375282e-01
    1.6197512579730350e-01
    1.4748003032427931e-01
    1.3015066995425870e-01
    1.1132376739130573e-01
    9.2290644712934189e-02
    7.4157616367159590e-02
    5.7754009697452716e-02
    4.3595013693294479e-02
    3.1894793362157101e-02
    2.2616795160668897e-02
    1.5544280834539277e-02
    1.0354723360909018e-02
    6.6855118795393770e-03
    4.1836864302372779e-03
    2.5375340905626083e-03
    1.4917393363558513e-03
    8.4996745283106938e-04
    4.6939660838477953e-04
    2.5124989914600612e-04
    1.3034673054817695e-04
    6.5542452204892865e-05
    3.1942840077027507e-05
    1.5088729251943012e-05
    6.9081236382787640e-06
    3.0654612821937241e-06
    1.3184384685611343e-06
    5.4960692282623407e-07
    2.2206127048001835e-07
    8.6960442986973756e-08
    3.3006461223291632e-08
    1.2142398509871405e-08
    4.3295055202921964e-09
    1.4962370710439460e-09
    5.0117664106915560e-10
    1.6270823310547140e-10
    5.1198417119282397e-11
    1.5614635006662441e-11
    4.6156772915931454e-12
    6.3088828463638200e-12
    2.1342675564686782e-11
    6.9979939046677205e-11
    2.2239578634990866e-10
    6.8502724824336339e-10
    2.0451135976936183e-09
    5.9177324116567718e-09
    1.6596690980144403e-08
    4.5114483503876674e-08
    1.1886083285587649e-07
    3.0352176975734578e-07
    7.5122359485067533e-07
    1.8020917219324338e-06
    4.1899887877016565e-06
    9.4422854911189812e-06
    2.0623847625654624e-05
    4.3660685766128113e-05
    8.9585910431217724e-05
    1.7816285682120578e-04
    3.4341789486885100e-04
    6.4158909379861484e-04
    1.1617677632923549e-03
    2.0389659232725971e-03
    3.4683978720029172e-03
    5.7184213468222701e-03
    9.1380112931225606e-03
    1.4153228760049095e-02
    2.1246512812908964e-02
    3.0913493733358156e-02
    4.3595013693294479e-02
    5.9587318761986086e-02
    7.8940371709397744e-02
    1.0136144367764463e-01
    1.2614635480902928e-01
    1.5216154902484291e-01
    1.7789487376266921e-01
    2.0158130101268698e-01
    2.2139374746615301e-01
    2.3567241741677974e-01
    2.4315346299913920e-01
    2.4315346299913920e-01
    2.3567241741677974e-01
    2.2139374746615301e-01
    2.0158130101268698e-01
    1.7789487376266921e-01
    1.5216154902484291e-01
    1.2614635480902928e-01
    1.0136144367764463e-01
    7.8940371709397744e-02
    5.9587318761986086e-02
    4.3595013693294479e-02
    3.0913493733358156e-02
    2.1246512812908964e-02
    1.4153228760049095e-02
    9.1380112931225606e-03
    5.7184213468222701e-03
    3.4683978720029172e-03
    2.0389659232725971e-03
    1.1617677632923549e-03
    6.4158909379861484e-04
    3.4341789486885100e-04
    1.7816285682120578e-04
    8.9585910431217724e-05
    4.3660685766128113e-05
    2.0623847625654624e-05
    9.4422854911189812e-06
    4.1899887877016565e-06
    1.8020917219324338e-06
    7.5122359485067533e-07
    3.0352176975734578e-07
    1.1886083285587649e-07
    4.5114483503876674e-08
    1.6596690980144403e-08
    5.9177324116567718e-09
    2.0451135976936183e-09
    6.8502724824336339e-10
    2.2239578634990866e-10
    6.9979939046677205e-11
    2.1342675564686782e-11
    6.3088828463638200e-12
    8.3579118394687716e-12
    2.8274451298592032e-11
    9.2708356665812981e-11
    2.9462654816188007e-10
    9.0751365778678280e-10
    2.7093353240936622e-09
    7.8397217051987044e-09
    2.1987043255828144e-08
    5.9766980143860647e-08
    1.5746501977728437e-07
    4.0210101451694363e-07
    9.9520956885568306e-07
    2.3873836470475455e-06
    5.5508332851919908e-06
    1.2508995906201127e-05
    2.7322159000813747e-05
    5.7841011058616842e-05
    1.1868204873612653e-04
    2.3602743728832652e-04
    4.5495479299700566e-04
    8.4996745283106938e-04
    1.5390922259922361e-03
    2.7011909787190663e-03
    4.5948806380370954e-03
    7.5756774442599355e-03
    1.2105898086221019e-02
    1.8749981748116082e-02
    2.8147056350679354e-02
    4.0953725337013185e-02
    5.7754009697452716e-02
    7.8940371709397744e-02
    1.0457900128900145e-01
    1.3428209570689795e-01
    1.6711676822020574e-01
    2.0158130101268698e-01
    2.3567241741677974e-01
    2.6705183522634335e-01
    2.9329906232102687e-01
    3.1221522664653706e-01
    3.2212600181340278e-01
    3.2212600181340278e-01
    3.1221522664653706e-01
    2.9329906232102687e-01
    2.6705183522634335e-01
    2.3567241741677974e-01
    2.0158130101268698e-01
    1.6711676822020574e-01
    1.3428209570689795e-01
    1.0457900128900145e-01
    7.8940371709397744e-02
    5.7754009697452716e-02
    4.0953725337013185e-02
    2.8147056350679354e-02
    1.8749981748116082e-02
    1.2105898086221019e-02
    7.5756774442599355e-03
    4.5948806380370954e-03
    2.7011909787190663e-03
    1.5390922259922361e-03
    8.4996745283106938e-04
    4.5495479299700566e-04
    2.3602743728832652e-04
    1.1868204873612653e-04
    5.7841011058616842e-05
    2.7322159000813747e-05
    1.2508995906201127e-05
    5.5508332851919908e-06
    2.3873836470475455e-06
    9.9520956885568306e-07
    4.0210101451694363e-07
    1.5746501977728437e-07
    5.9766980143860647e-08
    2.1987043255828144e-08
    7.8397217051987044e-09
    2.7093353240936622e-09
    9.0751365778678280e-10
    2.9462654816188007e-10
    9.2708356665812981e-11
    2.8274451298592032e-11
    8.3579118394687716e-12
    1.0731771232313296e-11
    3.6305114110291887e-11
    1.1903988629825626e-10
    3.7830797627082899e-10
    1.1652706025894902e-09
    3.4788554184661817e-09
    1.0066401929233697e-08
    2.8231922378296127e-08
    7.6742321583388635e-08
    2.0218908763327101e-07
    5.1630792271568215e-07
    1.2778743813415459e-06
    3.0654612821937241e-06
    7.1274110219828308e-06
    1.6061868680805156e-05
    3.5082346595828597e-05
    7.4269328326180754e-05
    1.5239076708175971e-04
    3.0306522851388320e-04
    5.8417351765206542e-04
    1.0913798127924323e-03
    1.9762335368005445e-03
    3.4683978720029172e-03
    5.8999435258860165e-03
    9.7273623870577884e-03
    1.5544280834539277e-02
    2.4075453127012300e-02
    3.6141535759214402e-02
    5.2585624240773669e-02
    7.4157616367159590e-02
    1.0136144367764463e-01
    1.3428209570689795e-01
    1.7242162389375282e-01
    2.1458217794945839e-01
    2.5883551402927246e-01
    3.0260937397538795e-01
    3.4290134400373157e-01
    3.7660345071088042e-01
    4.0089228649107739e-01
    4.1361797370441067e-01
    4.1361797370441067e-01
    4.0089228649107739e-01
    3.7660345071088042e-01
    3.4290134400373157e-01
    3.0260937397538795e-01
    2.5883551402927246e-01
    2.1458217794945839e-01
    1.7242162389375282e-01
    1.3428209570689795e-01
    1.0136144367764463e-01
    7.4157616367159590e-02
    5.2585624240773669e-02
    3.6141535759214402e-02
    2.4075453127012300e-02
    1.5544280834539277e-02
    9.7273623870577884e-03
    5.8999435258860165e-03
    3.4683978720029172e-03
    1.9762335368005445e-03
    1.0913798127924323e-03
    5.8417351765206542e-04
    3.0306522851388320e-04
    1.5239076708175971e-04
    7.4269328326180754e-05
    3.5082346595828597e-05
    1.6061868680805156e-05
    7.1274110219828308e-06
    3.0654612821937241e-06
    1.2778743813415459e-06
    5.1630792271568215e-07
    2.0218908763327101e-07
    7.6742321583388635e-08
    2.8231922378296127e-08
    1.0066401929233697e-08
    3.4788554184661817e-09
    1.1652706025894902e-09
    3.7830797627082899e-10
    1.1903988629825626e-10
    3.6305114110291887e-11
    1.0731771232313296e-11
    1.3355905090559625e-11
    4.5182444525000841e-11
    1.4814753212436960e-10
    4.7081188339734550e-10
    1.4502026959113350e-09
    4.3295055202921964e-09
    1.2527839613786750e-08
    3.5135195080681128e-08
    9.5507362327179154e-08
    2.5162838513048691e-07
    6.4255559161860949e-07
    1.5903403627787129e-06
    3.8150282052685260e-06
    8.8702063331713262e-06
    1.9989318541560501e-05
    4.3660685766128113e-05
    9.2429672492213980e-05
    1.8965337387114950e-04
    3.7717077085025420e-04
    7.2701568914244734e-04
    1.3582441222301784e-03
    2.4594623741899849e-03
    4.3164908934407659e-03
    7.3425983526495412e-03
    1.2105898086221019e-02
    1.9345170059347268e-02
    2.9962385520146920e-02
    4.4978867977889685e-02
    6.5443866747075030e-02
    9.2290644712934189e-02
    1.2614635480902928e-01
    1.6711676822020574e-01
    2.1458217794945839e-01
    2.6705183522634335e-01
    3.2212600181340278e-01
    3.7660345071088042e-01
    4.2674761759266289e-01
    4.6869056706378820e-01
    4.9891851158647194e-01
    5.1475588520860704e-01
    5.1475588520860704e-01
    4.9891851158647194e-01
    4.6869056706378820e-01
    4.2674761759266289e-01
    3.7660345071088042e-01
    3.2212600181340278e-01
    2.6705183522634335e-01
    2.1458217794945839e-01
    1.6711676822020574e-01
    1.2614635480902928e-01
    9.2290644712934189e-02
    6.5443866747075030e-02
    4.4978867977889685e-02
    2.9962385520146920e-02
    1.9345170059347268e-02
    1.2105898086221019e-02
    7.3425983526495412e-03
    4.3164908934407659e-03
    2.4594623741899849e-03
    1.3582441222301784e-03
    7.2701568914244734e-04
    3.7717077085025420e-04
    1.8965337387114950e-04
    9.2429672492213980e-05
    4.3660685766128113e-05
    1.9989318541560501e-05
    8.8702063331713262e-06
    3.8150282052685260e-06
    1.5903403627787129e-06
    6.4255559161860949e-07
    2.5162838513048691e-07
    9.5507362327179154e-08
    3.5135195080681128e-08
    1.2527839613786750e-08
    4.3295055202921964e-09
    1.4502026959113350e-09
    4.7081188339734550e-10
    1.4814753212436960e-10
    4.5182444525000841e-11
    1.3355905090559625e-11
    1.6110296728628682e-11
    5.4500431328841390e-11
    1.7870003462548109e-10
    5.6790753554074176e-10
    1.7492783596001083e-09
    5.2223805236115696e-09
    1.5111459102044034e-08
    4.2381135125624814e-08
    1.1520386948145329e-07
    3.0352176975734578e-07
    7.7506999154496118e-07
    1.9183166524588197e-06
    4.6018024235891306e-06
    1.0699511197676812e-05
    2.4111720690141957e-05
    5.2664839881567772e-05
    1.1149146690418283e-04
    2.2876563646812717e-04
    4.5495479299700566e-04
    8.7694831604726042e-04
    1.6383551463322891e-03
    2.9666779130607030e-03
    5.2066818870184469e-03
    8.8568642423145390e-03
    1.4602500468007353e-02
    2.3334729305777742e-02
    3.6141535759214402e-02
    5.4254871139643238e-02
    7.8940371709397744e-02
    1.1132376739130573e-01
    1.5216154902484291e-01
    2.0158130101268698e-01
    2.5883551402927246e-01
    3.2212600181340278e-01
    3.8855812751236413e-01
    4.5427047428378731e-01
    5.1475588520860704e-01
    5.6534873961061416e-01
    6.0181060067169445e-01
    6.2091411980609579e-01
    6.2091411980609579e-01
    6.0181060067169445e-01
    5.6534873961061416e-01
    5.1475588520860704e-01
    4.5427047428378731e-01
    3.8855812751236413e-01
    3.2212600181340278e-01
    2.5883551402927246e-01
    2.0158130101268698e-01
    1.5216154902484291e-01
    1.1132376739130573e-01
    7.8940371709397744e-02
    5.4254871139643238e-02
    3.6141535759214402e-02
    2.3334729305777742e-02
    1.4602500468007353e-02
    8.8568642423145390e-03
    5.2066818870184469e-03
    2.9666779130607030e-03
    1.6383551463322891e-03
    8.7694831604726042e-04
    4.5495479299700566e-04
    2.2876563646812717e-04
    1.1149146690418283e-04
    5.2664839881567772e-05
    2.4111720690141957e-05
    1.0699511197676812e-05
    4.6018024235891306e-06
    1.9183166524588197e-06
    7.7506999154496118e-07
    3.0352176975734578e-07
    1.1520386948145329e-07
    4.2381135125624814e-08
    1.5111459102044034e-08
    5.2223805236115696e-09
    1.7492783596001083e-09
    5.6790753554074176e-10
    1.7870003462548109e-10
    5.4500431328841390e-11
    1.6110296728628682e-11
    1.8834845078704015e-11
    6.3717459590742823e-11
    2.0892150681177910e-10
    6.6395117551934455e-10
    2.0451135976936183e-09
    6.1055814030706408e-09
    1.7667085584735735e-08
    4.9548566844970286e-08
    1.3468696888087105e-07
    3.5485289983732617e-07
    9.0614862418765590e-07
    2.2427393839837406e-06
    5.3800520990455834e-06
    1.2508995906201127e-05
    2.8189457427731856e-05
    6.1571435770104257e-05
    1.3034673054817695e-04
    2.6745412544459452e-04
    5.3189604066602785e-04
    1.0252564526281366e-03
    1.9154312229538169e-03
    3.4683978720029172e-03
    6.0872278374499095e-03
    1.0354723360909018e-02
    1.7072052657346216e-02
    2.7281062467756873e-02
    4.2253736128992317e-02
    6.3430370643906386e-02
    9.2290644712934189e-02
    1.3015066995425870e-01
    1.7789487376266921e-01
    2.3567241741677974e-01
    3.0260937397538795e-01
    3.7660345071088042e-01
    4.5427047428378731e-01
    5.3109599103534522e-01
    6.0181060067169445e-01
    6.6095963999744889e-01
    7.0358787434562753e-01
    7.2592215095240820e-01
    7.2592215095240820e-01
    7.0358787434562753e-01
    6.6095963999744889e-01
    6.0181060067169445e-01
    5.3109599103534522e-01
    4.5427047428378731e-01
    3.7660345071088042e-01
    3.0260937397538795e-01
    2.3567241741677974e-01
    1.7789487376266921e-01
    1.3015066995425870e-01
    9.2290644712934189e-02
    6.3430370643906386e-02
    4.2253736128992317e-02
    2.7281062467756873e-02
    1.7072052657346216e-02
    1.0354723360909018e-02
    6.0872278374499095e-03
    3.4683978720029172e-03
    1.9154312229538169e-03
    1.0252564526281366e-03
    5.3189604066602785e-04
    2.6745412544459452e-04
    1.3034673054817695e-04
    6.1571435770104257e-05
    2.8189457427731856e-05
    1.2508995906201127e-05
    5.3800520990455834e-06
    2.2427393839837406e-06
    9.0614862418765590e-07
    3.5485289983732617e-07
    1.3468696888087105e-07
    4.9548566844970286e-08
    1.7667085584735735e-08
    6.1055814030706408e-09
    2.0451135976936183e-09
    6.6395117551934455e-10
    2.0892150681177910e-10
    6.3717459590742823e-11
    1.8834845078704015e-11
    2.1342675564686782e-11
    7.2201340768598239e-11
    2.3673908225615791e-10
    7.5235524745164618e-10
    2.3174173095724554e-09
    6.9185301219630793e-09
    2.0019430700542527e-08
    5.6145881872056323e-08
    1.5262033043561881e-07
    4.0210101451694363e-07
    1.0268009117468752e-06
    2.5413566635932224e-06
    6.0963977134524353e-06
    1.4174549360531070e-05
    3.1942840077027507e-05
    6.9769577195997096e-05
    1.4770219608298515e-04
    3.0306522851388320e-04
    6.0271717567307917e-04
    1.1617677632923549e-03
    2.1704679272460171e-03
    3.9302096832803781e-03
    6.8977328074716869e-03
    1.1733438758348981e-02
    1.9345170059347268e-02
    3.0913493733358156e-02
    4.7879755730861513e-02
    7.1876026372597962e-02
    1.0457900128900145e-01
    1.4748003032427931e-01
    2.0158130101268698e-01
    2.6705183522634335e-01
    3.4290134400373157e-01
    4.2674761759266289e-01
    5.1475588520860704e-01
    6.0181060067169445e-01
    6.8194075119034814e-01
    7.4896539360271563e-01
    7.9726951141132441e-01
    8.2257756239866464e-01
    8.2257756239866464e-01
    7.9726951141132441e-01
    7.4896539360271563e-01
    6.8194075119034814e-01
    6.0181060067169445e-01
    5.1475588520860704e-01
    4.2674761759266289e-01
    3.4290134400373157e-01
    2.6705183522634335e-01
    2.0158130101268698e-01
    1.4748003032427931e-01
    1.0457900128900145e-01
    7.1876026372597962e-02
    4.7879755730861513e-02
    3.0913493733358156e-02
    1.9345170059347268e-02
    1.1733438758348981e-02
    6.8977328074716869e-03
    3.9302096832803781e-03
    2.1704679272460171e-03
    1.1617677632923549e-03
    6.0271717567307917e-04
    3.0306522851388320e-04
    1.4770219608298515e-04
    6.9769577195997096e-05
    3.1942840077027507e-05
    1.4174549360531070e-05
    6.0963977134524353e-06
    2.5413566635932224e-06
    1.0268009117468752e-06
    4.0210101451694363e-07
    1.5262033043561881e-07
    5.6145881872056323e-08
    2.0019430700542527e-08
    6.9185301219630793e-09
    2.3174173095724554e-09
    7.5235524745164618e-10
    2.3673908225615791e-10
    7.2201340768598239e-11
    2.1342675564686782e-11
    2.3440343427106427e-11
    7.9297659676453066e-11
    2.6000701617205031e-10
    8.2630058850876031e-10
    2.5451849949955685e-09
    7.5985188257241404e-09
    2.1987043255828144e-08
    6.1664187749557989e-08
    1.6762064102631036e-07
    4.4162156914666056e-07
    1.1277201834261203e-06
    2.7911342598467108e-06
    6.6955830180914168e-06
    1.5567696933231071e-05
    3.5082346595828597e-05
    7.6626889879923365e-05
    1.6221912714877535e-04
    3.3285203702079351e-04
    6.6195531785004423e-04
    1.2759522709126529e-03
    2.3837926720090279e-03
    4.3164908934407659e-03
    7.5756774442599355e-03
    1.2886661433006593e-02
    2.1246512812908964e-02
    3.3951830802346358e-02
    5.2585624240773669e-02
    7.8940371709397744e-02
    1.1485756310394325e-01
    1.6197512579730350e-01
    2.2139374746615301e-01
    2.9329906232102687e-01
    3.7660345071088042e-01
    4.6869056706378820e-01
    5.6534873961061416e-01
    6.6095963999744889e-01
    7.4896539360271563e-01
    8.2257756239866464e-01
    8.7562925720353824e-01
    9.0342471353308673e-01
    9.0342471353308673e-01
    8.7562925720353824e-01
    8.2257756239866464e-01
    7.4896539360271563e-01
    6.6095963999744889e-01
    5.6534873961061416e-01
    4.6869056706378820e-01
    3.7660345071088042e-01
    2.9329906232102687e-01
    2.2139374746615301e-01
    1.6197512579730350e-01
    1.1485756310394325e-01
    7.8940371709397744e-02
    5.2585624240773669e-02
    3.3951830802346358e-02
    2.1246512812908964e-02
    1.2886661433006593e-02
    7.5756774442599355e-03
    4.3164908934407659e-03
    2.3837926720090279e-03
    1.2759522709126529e-03
    6.6195531785004423e-04
    3.3285203702079351e-04
    1.6221912714877535e-04
    7.6626889879923365e-05
    3.5082346595828597e-05
    1.5567696933231071e-05
    6.6955830180914168e-06
    2.7911342598467108e-06
    1.1277201834261203e-06
    4.4162156914666056e-07
    1.6762064102631036e-07
    6.1664187749557989e-08
    2.1987043255828144e-08
    7.5985188257241404e-09
    2.5451849949955685e-09
    8.2630058850876031e-10
    2.6000701617205031e-10
    7.9297659676453066e-11
    2.3440343427106427e-11
    2.4952115693286458e-11
    8.4411919330738473e-11
    2.7677602799491383e-10
    8.7959239786814163e-10
    2.7093353240936622e-09
    8.0885811859663873e-09
    2.3405085713816351e-08
    6.5641186173075035e-08
    1.7843124357276699e-07
    4.7010371329523050e-07
    1.2004518864669372e-06
    2.9711469537026242e-06
    7.1274110219828308e-06
    1.6571727123537028e-05
    3.7344963557095373e-05
    8.1568899681287412e-05
    1.7268136198036305e-04
    3.5431914904815692e-04
    7.0464776790258254e-04
    1.3582441222301784e-03
    2.5375340905626083e-03
    4.5948806380370954e-03
    8.0642666619637118e-03
    1.3717779689386001e-02
    2.2616795160668897e-02
    3.6141535759214402e-02
    5.5977105623040237e-02
    8.4031588269570051e-02
    1.2226523948895597e-01
    1.7242162389375282e-01
    2.3567241741677974e-01
    3.1221522664653706e-01
    4.0089228649107739e-01
    4.9891851158647194e-01
    6.0181060067169445e-01
    7.0358787434562753e-01
    7.9726951141132441e-01
    8.7562925720353824e-01
    9.3210249235952758e-01
    9.6169060160542530e-01
    9.6169060160542530e-01
    9.3210249235952758e-01
    8.7562925720353824e-01
    7.9726951141132441e-01
    7.0358787434562753e-01
    6.0181060067169445e-01
    4.9891851158647194e-01
    4.0089228649107739e-01
    3.1221522664653706e-01
    2.3567241741677974e-01
    1.7242162389375282e-01
    1.2226523948895597e-01
    8.4031588269570051e-02
    5.5977105623040237e-02
    3.6141535759214402e-02
    2.2616795160668897e-02
    1.3717779689386001e-02
    8.0642666619637118e-03
    4.5948806380370954e-03
    2.5375340905626083e-03
    1.3582441222301784e-03
    7.0464776790258254e-04
    3.5431914904815692e-04
    1.7268136198036305e-04
    8.1568899681287412e-05
    3.7344963557095373e-05
    1.6571727123537028e-05
    7.1274110219828308e-06
    2.9711469537026242e-06
    1.2004518864669372e-06
    4.7010371329523050e-07
    1.7843124357276699e-07
    6.5641186173075035e-08
    2.3405085713816351e-08
    8.0885811859663873e-09
    2.7093353240936622e-09
    8.7959239786814163e-10
    2.7677602799491383e-10
    8.4411919330738473e-11
    2.4952115693286458e-11
    2.5744180869703204e-11
    8.7091441283835477e-11
    2.8556184223753940e-10
    9.0751365778678280e-10
    2.7953388593380808e-09
    8.3453403146420933e-09
    2.4148042887181448e-08
    6.7724861094491414e-08
    1.8409525924806897e-07
    4.8502640703320230e-07
    1.2385583198821236e-06
    3.0654612821937241e-06
    7.3536593344672273e-06
    1.7097770210583397e-05
    3.8530419953327388e-05
    8.4158174503123949e-05
    1.7816285682120578e-04
    3.6556644618112785e-04
    7.2701568914244734e-04
    1.4013594188853921e-03
    2.6180840692422019e-03
    4.7407378065400440e-03
    8.3202539647958557e-03
    1.4153228760049095e-02
    2.3334729305777742e-02
    3.7288791256462533e-02
    5.7754009697452716e-02
    8.6699037218807826e-02
    1.2614635480902928e-01
    1.7789487376266921e-01
    2.4315346299913920e-01
    3.2212600181340278e-01
    4.1361797370441067e-01
    5.1475588520860704e-01
    6.2091411980609579e-01
    7.2592215095240820e-01
    8.2257756239866464e-01
    9.0342471353308673e-01
    9.6169060160542530e-01
    9.9221793826024351e-01
    9.9221793826024351e-01
    9.6169060160542530e-01
    9.0342471353308673e-01
    8.2257756239866464e-01
    7.2592215095240820e-01
    6.2091411980609579e-01
    5.1475588520860704e-01
    4.1361797370441067e-01
    3.2212600181340278e-01
    2.4315346299913920e-01
    1.7789487376266921e-01
    1.2614635480902928e-01
    8.6699037218807826e-02
    5.7754009697452716e-02
    3.7288791256462533e-02
    2.3334729305777742e-02
    1.4153228760049095e-02
    8.3202539647958557e-03
    4.7407378065400440e-03
    2.6180840692422019e-03
    1.4013594188853921e-03
    7.2701568914244734e-04
    3.6556644618112785e-04
    1.7816285682120578e-04
    8.4158174503123949e-05
    3.8530419953327388e-05
    1.7097770210583397e-05
    7.3536593344672273e-06
    3.0654612821937241e-06
    1.2385583198821236e-06
    4.8502640703320230e-07
    1.8409525924806897e-07
    6.7724861094491414e-08
    2.4148042887181448e-08
    8.3453403146420933e-09
    2.7953388593380808e-09
    9.0751365778678280e-10
    2.8556184223753940e-10
    8.7091441283835477e-11
    2.5744180869703204e-11
    2.5744180869703204e-11
    8.7091441283835477e-11
    2.8556184223753940e-10
    9.0751365778678280e-10
    2.7953388593380808e-09
    8.3453403146420933e-09
    2.4148042887181448e-08
    6.7724861094491414e-08
    1.8409525924806897e-07
    4.8502640703320230e-07
    1.2385583198821236e-06
    3.0654612821937241e-06
    7.3536593344672273e-06
    1.7097770210583397e-05
    3.8530419953327388e-05
    8.4158174503123949e-05
    1.7816285682120578e-04
    3.6556644618112785e-04
    7.2701568914244734e-04
    1.4013594188853921e-03
    2.6180840692422019e-03
    4.7407378065400440e-03
    8.3202539647958557e-03
    1.4153228760049095e-02
    2.3334729305777742e-02
    3.7288791256462533e-02
    5.7754009697452716e-02
    8.6699037218807826e-02
    1.2614635480902928e-01
    1.7789487376266921e-01
    2.4315346299913920e-01
    3.2212600181340278e-01
    4.1361797370441067e-01
    5.1475588520860704e-01
    6.2091411980609579e-01
    7.2592215095240820e-01
    8.2257756239866464e-01
    9.0342471353308673e-01
    9.6169060160542530e-01
    9.9221793826024351e-01
    9.9221793826024351e-01
    9.6169060160542530e-01
    9.0342471353308673e-01
    8.2257756239866464e-01
    7.2592215095240820e-01
    6.2091411980609579e-01
    5.1475588520860704e-01
    4.1361797370441067e-01
    3.2212600181340278e-01
    2.4315346299913920e-01
    1.7789487376266921e-01
    1.2614635480902928e-01
    8.6699037218807826e-02
    5.7754009697452716e-02
    3.7288791256462533e-02
    2.3334729305777742e-02
    1.4153228760049095e-02
    8.3202539647958557e-03
    4.7407378065400440e-03
    2.6180840692422019e-03
    1.4013594188853921e-03
    7.2701568914244734e-04
    3.6556644618112785e-04
    1.7816285682120578e-04
    8.4158174503123949e-05
    3.8530419953327388e-05
    1.7097770210583397e-05
    7.3536593344672273e-06
    3.0654612821937241e-06
    1.2385583198821236e-06
    4.8502640703320230e-07
    1.8409525924806897e-07
    6.7724861094491414e-08
    2.4148042887181448e-08
    8.3453403146420933e-09
    2.7953388593380808e-09
    9.0751365778678280e-10
    2.8556184223753940e-10
    8.7091441283835477e-11
    2.5744180869703204e-11
    2.4952115693286458e-11
    8.4411919330738473e-11
    2.7677602799491383e-10
    8.7959239786814163e-10
    2.7093353240936622e-09
    8.0885811859663873e-09
    2.3405085713816351e-08
    6.5641186173075035e-08
    1.7843124357276699e-07
    4.7010371329523050e-07
    1.2004518864669372e-06
    2.9711469537026242e-06
    7.1274110219828308e-06
    1.6571727123537028e-05
    3.7344963557095373e-05
    8.1568899681287412e-05
    1.7268136198036305e-04
    3.5431914904815692e-04
    7.0464776790258254e-04
    1.3582441222301784e-03
    2.5375340905626083e-03
    4.5948806380370954e-03
    8.0642666619637118e-03
    1.3717779689386001e-02
    2.2616795160668897e-02
    3.6141535759214402e-02
    5.5977105623040237e-02
    8.4031588269570051e-02
    1.2226523948895597e-01
    1.7242162389375282e-01
    2.3567241741677974e-01
    3.1221522664653706e-01
    4.0089228649107739e-01
    4.9891851158647194e-01
    6.0181060067169445e-01
    7.0358787434562753e-01
    7.9726951141132441e-01
    8.7562925720353824e-01
    9.3210249235952758e-01
    9.6169060160542530e-01
    9.6169060160542530e-01
    9.3210249235952758e-01
    8.7562925720353824e-01
    7.9726951141132441e-01
    7.0358787434562753e-01
    6.0181060067169445e-01
    4.9891851158647194e-01
    4.0089228649107739e-01
    3.1221522664653706e-01
    2.3567241741677974e-01
    1.7242162389375282e-01
    1.2226523948895597e-01
    8.4031588269570051e-02
    5.5977105623040237e-02
    3.6141535759214402e-02
    2.2616795160668897e-02
    1.3717779689386001e-02
    8.0642666619637118e-03
    4.5948806380370954e-03
    2.5375340905626083e-03
    1.3582441222301784e-03
    7.0464776790258254e-04
    3.5431914904815692e-04
    1.7268136198036305e-04
    8.1568899681287412e-05
    3.7344963557095373e-05
    1.6571727123537028e-05
    7.1274110219828308e-06
    2.9711469537026242e-06
    1.2004518864669372e-06
    4.7010371329523050e-07
    1.7843124357276699e-07
    6.5641186173075035e-08
    2.3405085713816351e-08
    8.0885811859663873e-09
    2.7093353240936622e-09
    8.7959239786814163e-10
    2.7677602799491383e-10
    8.4411919330738473e-11
    2.4952115693286458e-11
    2.3440343427106427e-11
    7.9297659676453066e-11
    2.6000701617205031e-10
    8.2630058850876031e-10
    2.5451849949955685e-09
    7.5985188257241404e-09
    2.1987043255828144e-08
    6.1664187749557989e-08
    1.6762064102631036e-07
    4.4162156914666056e-07
    1.1277201834261203e-06
    2.7911342598467108e-06
    6.6955830180914168e-06
    1.5567696933231071e-05
    3.5082346595828597e-05
    7.6626889879923365e-05
    1.6221912714877535e-04
    3.3285203702079351e-04
    6.6195531785004423e-04
    1.2759522709126529e-03
    2.3837926720090279e-03
    4.3164908934407659e-03
    7.5756774442599355e-03
    1.2886661433006593e-02
    2.1246512812908964e-02
    3.3951830802346358e-02
    5.2585624240773669e-02
    7.8940371709397744e-02
    1.1485756310394325e-01
    1.6197512579730350e-01
    2.2139374746615301e-01
    2.9329906232102687e-01
    3.7660345071088042e-01
    4.6869056706378820e-01
    5.6534873961061416e-01
    6.6095963999744889e-01
    7.4896539360271563e-01
    8.2257756239866464e-01
    8.7562925720353824e-01
    9.0342471353308673e-01
    9.0342471353308673e-01
    8.7562925720353824e-01
    8.2257756239866464e-01
    7.4896539360271563e-01
    6.6095963999744889e-01
    5.6534873961061416e-01
    4.6869056706378820e-01
    3.7660345071088042e-01
    2.9329906232102687e-01
    2.2139374746615301e-01
    1.6197512579730350e-01
    1.1485756310394325e-01
    7.8940371709397744e-02
    5.2585624240773669e-02
    3.3951830802346358e-02
    2.1246512812908964e-02
    1.2886661433006593e-02
    7.5756774442599355e-03
    4.3164908934407659e-03
    2.3837926720090279e-03
    1.2759522709126529e-03
    6.6195531785004423e-04
    3.3285203702079351e-04
    1.6221912714877535e-04
    7.6626889879923365e-05
    3.5082346595828597e-05
    1.5567696933231071e-05
    6.6955830180914168e-06
    2.7911342598467108e-06
    1.1277201834261203e-06
    4.4162156914666056e-07
    1.6762064102631036e-07
    6.1664187749557989e-08
    2.1987043255828144e-08
    7.5985188257241404e-09
    2.5451849949955685e-09
    8.2630058850876031e-10
    2.6000701617205031e-10
    7.9297659676453066e-11
    2.3440343427106427e-11
    2.1342675564686782e-11
    7.2201340768598239e-11
    2.3673908225615791e-10
    7.5235524745164618e-10
    2.3174173095724554e-09
    6.9185301219630793e-09
    2.0019430700542527e-08
    5.6145881872056323e-08
    1.5262033043561881e-07
    4.0210101451694363e-07
    1.0268009117468752e-06
    2.5413566635932224e-06
    6.0963977134524353e-06
    1.4174549360531070e-05
    3.1942840077027507e-05
    6.9769577195997096e-05
    1.4770219608298515e-04
    3.0306522851388320e-04
    6.0271717567307917e-04
    1.1617677632923549e-03
    2.1704679272460171e-03
    3.9302096832803781e-03
    6.8977328074716869e-03
    1.1733438758348981e-02
    1.9345170059347268e-02
    3.0913493733358156e-02
    4.7879755730861513e-02
    7.1876026372597962e-02
    1.0457900128900145e-01
    1.4748003032427931e-01
    2.0158130101268698e-01
    2.6705183522634335e-01
    3.4290134400373157e-01
    4.2674761759266289e-01
    5.1475588520860704e-01
    6.0181060067169445e-01
    6.8194075119034814e-01
    7.4896539360271563e-01
    7.9726951141132441e-01
    8.2257756239866464e-01
    8.2257756239866464e-01
    7.9726951141132441e-01
    7.4896539360271563e-01
    6.8194075119034814e-01
    6.0181060067169445e-01
    5.1475588520860704e-01
    4.2674761759266289e-01
    3.4290134400373157e-01
    2.6705183522634335e-01
    2.0158130101268698e-01
    1.4748003032427931e-01
    1.0457900128900145e-01
    7.1876026372597962e-02
    4.7879755730861513e-02
    3.0913493733358156e-02
    1.9345170059347268e-02
    1.1733438758348981e-02
    6.8977328074716869e-03
    3.9302096832803781e-03
    2.1704679272460171e-03
    1.1617677632923549e-03
    6.0271717567307917e-04
    3.0306522851388320e-04
    1.4770219608298515e-04
    6.9769577195997096e-05
    3.1942840077027507e-05
    1.4174549360531070e-05
    6.0963977134524353e-06
    2.5413566635932224e-06
    1.0268009117468752e-06
    4.0210101451694363e-07
    1.5262033043561881e-07
    5.6145881872056323e-08
    2.0019430700542527e-08
    6.9185301219630793e-09
    2.3174173095724554e-09
    7.5235524745164618e-10
    2.3673908225615791e-10
    7.2201340768598239e-11
    2.1342675564686782e-11
    1.8834845078704015e-11
    6.3717459590742823e-11
    2.0892150681177910e-10
    6.6395117551934455e-10
    2.0451135976936183e-09
    6.1055814030706408e-09
    1.7667085584735735e-08
    4.9548566844970286e-08
    1.3468696888087105e-07
    3.5485289983732617e-07
    9.0614862418765590e-07
    2.2427393839837406e-06
    5.3800520990455834e-06
    1.2508995906201127e-05
    2.8189457427731856e-05
    6.1571435770104257e-05
    1.3034673054817695e-04
    2.6745412544459452e-04
    5.3189604066602785e-04
    1.0252564526281366e-03
    1.9154312229538169e-03
    3.4683978720029172e-03
    6.0872278374499095e-03
    1.0354723360909018e-02
    1.7072052657346216e-02
    2.7281062467756873e-02
    4.2253736128992317e-02
    6.3430370643906386e-02
    9.2290644712934189e-02
    1.3015066995425870e-01
    1.7789487376266921e-01
    2.3567241741677974e-01
    3.0260937397538795e-01
    3.7660345071088042e-01
    4.5427047428378731e-01
    5.3109599103534522e-01
    6.0181060067169445e-01
    6.6095963999744889e-01
    7.0358787434562753e-01
    7.2592215095240820e-01
    7.2592215095240820e-01
    7.0358787434562753e-01
    6.6095963999744889e-01
    6.0181060067169445e-01
    5.3109599103534522e-01
    4.5427047428378731e-01
    3.7660345071088042e-01
    3.0260937397538795e-01
    2.3567241741677974e-01
    1.7789487376266921e-01
    1.3015066995425870e-01
    9.2290644712934189e-02
    6.3430370643906386e-02
    4.2253736128992317e-02
    2.7281062467756873e-02
    1.7072052657346216e-02
    1.0354723360909018e-02
    6.0872278374499095e-03
    3.4683978720029172e-03
    1.9154312229538169e-03
    1.0252564526281366e-03
    5.3189604066602785e-04
    2.6745412544459452e-04
    1.3034673054817695e-04
    6.1571435770104257e-05
    2.8189457427731856e-05
    1.2508995906201127e-05
    5.3800520990455834e-06
    2.2427393839837406e-06
    9.0614862418765590e-07
    3.5485289983732617e-07
    1.3468696888087105e-07
    4.9548566844970286e-08
    1.7667085584735735e-08
    6.1055814030706408e-09
    2.0451135976936183e-09
    6.6395117551934455e-10
    2.0892150681177910e-10
    6.3717459590742823e-11
    1.8834845078704015e-11
    1.6110296728628682e-11
    5.4500431328841390e-11
    1.7870003462548109e-10
    5.6790753554074176e-10
    1.7492783596001083e-09
    5.2223805236115696e-09
    1.5111459102044034e-08
    4.2381135125624814e-08
    1.1520386948145329e-07
    3.0352176975734578e-07
    7.7506999154496118e-07
    1.9183166524588197e-06
    4.6018024235891306e-06
    1.0699511197676812e-05
    2.4111720690141957e-05
    5.2664839881567772e-05
    1.1149146690418283e-04
    2.2876563646812717e-04
    4.5495479299700566e-04
    8.7694831604726042e-04
    1.6383551463322891e-03
    2.9666779130607030e-03
    5.2066818870184469e-03
    8.8568642423145390e-03
    1.4602500468007353e-02
    2.3334729305777742e-02
    3.6141535759214402e-02
    5.4254871139643238e-02
    7.8940371709397744e-02
    1.1132376739130573e-01
    1.5216154902484291e-01
    2.0158130101268698e-01
    2.5883551402927246e-01
    3.2212600181340278e-01
    3.8855812751236413e-01
    4.5427047428378731e-01
    5.1475588520860704e-01
    5.6534873961061416e-01
    6.0181060067169445e-01
    6.2091411980609579e-01
    6.2091411980609579e-01
    6.0181060067169445e-01
    5.6534873961061416e-01
    5.1475588520860704e-01
    4.5427047428378731e-01
    3.8855812751236413e-01
    3.2212600181340278e-01
    2.5883551402927246e-01
    2.0158130101268698e-01
    1.5216154902484291e-01
    1.1132376739130573e-01
    7.8940371709397744e-02
    5.4254871139643238e-02
    3.6141535759214402e-02
    2.3334729305777742e-02
    1.4602500468007353e-02
    8.8568642423145390e-03
    5.2066818870184469e-03
    2.9666779130607030e-03
    1.6383551463322891e-03
    8.7694831604726042e-04
    4.5495479299700566e-04
    2.2876563646812717e-04
    1.1149146690418283e-04
    5.2664839881567772e-05
    2.4111720690141957e-05
    1.0699511197676812e-05
    4.6018024235891306e-06
    1.9183166524588197e-06
    7.7506999154496118e-07
    3.0352176975734578e-07
    1.1520386948145329e-07
    4.2381135125624814e-08
    1.5111459102044034e-08
    5.2223805236115696e-09
    1.7492783596001083e-09
    5.6790753554074176e-10
    1.7870003462548109e-10
    5.4500431328841390e-11
    1.6110296728628682e-11
    1.3355905090559625e-11
    4.5182444525000841e-11
    1.4814753212436960e-10
    4.7081188339734550e-10
    1.4502026959113350e-09
    4.3295055202921964e-09
    1.2527839613786750e-08
    3.5135195080681128e-08
    9.5507362327179154e-08
    2.5162838513048691e-07
    6.4255559161860949e-07
    1.5903403627787129e-06
    3.8150282052685260e-06
    8.8702063331713262e-06
    1.9989318541560501e-05
    4.3660685766128113e-05
    9.2429672492213980e-05
    1.8965337387114950e-04
    3.7717077085025420e-04
    7.2701568914244734e-04
    1.3582441222301784e-03
    2.4594623741899849e-03
    4.3164908934407659e-03
    7.3425983526495412e-03
    1.2105898086221019e-02
    1.9345170059347268e-02
    2.9962385520146920e-02
    4.4978867977889685e-02
    6.5443866747075030e-02
    9.2290644712934189e-02
    1.2614635480902928e-01
    1.6711676822020574e-01
    2.1458217794945839e-01
    2.6705183522634335e-01
    3.2212600181340278e-01
    3.7660345071088042e-01
    4.2674761759266289e-01
    4.6869056706378820e-01
    4.9891851158647194e-01
    5.1475588520860704e-01
    5.1475588520860704e-01
    4.9891851158647194e-01
    4.6869056706378820e-01
    4.2674761759266289e-01
    3.7660345071088042e-01
    3.2212600181340278e-01
    2.6705183522634335e-01
    2.1458217794945839e-01
    1.6711676822020574e-01
    1.2614635480902928e-01
    9.2290644712934189e-02
    6.5443866747075030e-02
    4.4978867977889685e-02
    2.9962385520146920e-02
    1.9345170059347268e-02
    1.2105898086221019e-02
    7.3425983526495412e-03
    4.3164908934407659e-03
    2.4594623741899849e-03
    1.3582441222301784e-03
    7.2701568914244734e-04
    3.7717077085025420e-04
    1.8965337387114950e-04
    9.2429672492213980e-05
    4.3660685766128113e-05
    1.9989318541560501e-05
    8.8702063331713262e-06
    3.8150282052685260e-06
    1.5903403627787129e-06
    6.4255559161860949e-07
    2.5162838513048691e-07
    9.5507362327179154e-08
    3.5135195080681128e-08
    1.2527839613786750e-08
    4.3295055202921964e-09
    1.4502026959113350e-09
    4.7081188339734550e-10
    1.4814753212436960e-10
    4.5182444525000841e-11
    1.3355905090559625e-11
    1.0731771232313296e-11
    3.6305114110291887e-11
    1.1903988629825626e-10
    3.7830797627082899e-10
    1.1652706025894902e-09
    3.4788554184661817e-09
    1.0066401929233697e-08
    2.8231922378296127e-08
    7.6742321583388635e-08
    2.0218908763327101e-07
    5.1630792271568215e-07
    1.2778743813415459e-06
    3.0654612821937241e-06
    7.1274110219828308e-06
    1.6061868680805156e-05
    3.5082346595828597e-05
    7.4269328326180754e-05
    1.5239076708175971e-04
    3.0306522851388320e-04
    5.8417351765206542e-04
    1.0913798127924323e-03
    1.9762335368005445e-03
    3.4683978720029172e-03
    5.8999435258860165e-03
    9.7273623870577884e-03
    1.5544280834539277e-02
    2.4075453127012300e-02
    3.6141535759214402e-02
    5.2585624240773669e-02
    7.4157616367159590e-02
    1.0136144367764463e-01
    1.3428209570689795e-01
    1.7242162389375282e-01
    2.1458217794945839e-01
    2.5883551402927246e-01
    3.0260937397538795e-01
    3.4290134400373157e-01
    3.7660345071088042e-01
    4.0089228649107739e-01
    4.1361797370441067e-01
    4.1361797370441067e-01
    4.0089228649107739e-01
    3.7660345071088042e-01
    3.4290134400373157e-01
    3.0260937397538795e-01
    2.5883551402927246e-01
    2.1458217794945839e-01
    1.7242162389375282e-01
    1.3428209570689795e-01
    1.0136144367764463e-01
    7.4157616367159590e-02
    5.2585624240773669e-02
    3.6141535759214402e-02
    2.4075453127012300e-02
    1.5544280834539277e-02
    9.7273623870577884e-03
    5.8999435258860165e-03
    3.4683978720029172e-03
    1.9762335368005445e-03
    1.0913798127924323e-03
    5.8417351765206542e-04
    3.0306522851388320e-04
    1.5239076708175971e-04
    7.4269328326180754e-05
    3.5082346595828597e-05
    1.6061868680805156e-05
    7.1274110219828308e-06
    3.0654612821937241e-06
    1.2778743813415459e-06
    5.1630792271568215e-07
    2.0218908763327101e-07
    7.6742321583388635e-08
    2.8231922378296127e-08
    1.0066401929233697e-08
    3.4788554184661817e-09
    1.1652706025894902e-09
    3.7830797627082899e-10
    1.1903988629825626e-10
    3.6305114110291887e-11
    1.0731771232313296e-11
    8.3579118394687716e-12
    2.8274451298592032e-11
    9.2708356665812981e-11
    2.9462654816188007e-10
    9.0751365778678280e-10
    2.7093353240936622e-09
    7.8397217051987044e-09
    2.1987043255828144e-08
    5.9766980143860647e-08
    1.5746501977728437e-07
    4.0210101451694363e-07
    9.9520956885568306e-07
    2.3873836470475455e-06
    5.5508332851919908e-06
    1.2508995906201127e-05
    2.7322159000813747e-05
    5.7841011058616842e-05
    1.1868204873612653e-04
    2.3602743728832652e-04
    4.5495479299700566e-04
    8.4996745283106938e-04
    1.5390922259922361e-03
    2.7011909787190663e-03
    4.5948806380370954e-03
    7.5756774442599355e-03
    1.2105898086221019e-02
    1.8749981748116082e-02
    2.8147056350679354e-02
    4.0953725337013185e-02
    5.7754009697452716e-02
    7.8940371709397744e-02
    1.0457900128900145e-01
    1.3428209570689795e-01
    1.6711676822020574e-01
    2.0158130101268698e-01
    2.3567241741677974e-01
    2.6705183522634335e-01
    2.9329906232102687e-01
    3.1221522664653706e-01
    3.2212600181340278e-01
    3.2212600181340278e-01
    3.1221522664653706e-01
    2.9329906232102687e-01
    2.6705183522634335e-01
    2.3567241741677974e-01
    2.0158130101268698e-01
    1.6711676822020574e-01
    1.3428209570689795e-01
    1.0457900128900145e-01
    7.8940371709397744e-02
    5.7754009697452716e-02
    4.0953725337013185e-02
    2.8147056350679354e-02
    1.8749981748116082e-02
    1.2105898086221019e-02
    7.5756774442599355e-03
    4.5948806380370954e-03
    2.7011909787190663e-03
    1.5390922259922361e-03
    8.4996745283106938e-04
    4.5495479299700566e-04
    2.3602743728832652e-04
    1.1868204873612653e-04
    5.7841011058616842e-05
    2.7322159000813747e-05
    1.2508995906201127e-05
    5.5508332851919908e-06
    2.3873836470475455e-06
    9.9520956885568306e-07
    4.0210101451694363e-07
    1.5746501977728437e-07
    5.9766980143860647e-08
    2.1987043255828144e-08
    7.8397217051987044e-09
    2.7093353240936622e-09
    9.0751365778678280e-10
    2.9462654816188007e-10
    9.2708356665812981e-11
    2.8274451298592032e-11
    8.3579118394687716e-12
    6.3088828463638200e-12
    2.1342675564686782e-11
    6.9979939046677205e-11
    2.2239578634990866e-10
    6.8502724824336339e-10
    2.0451135976936183e-09
    5.9177324116567718e-09
    1.6596690980144403e-08
    4.5114483503876674e-08
    1.1886083285587649e-07
    3.0352176975734578e-07
    7.5122359485067533e-07
    1.8020917219324338e-06
    4.1899887877016565e-06
    9.4422854911189812e-06
    2.0623847625654624e-05
    4.3660685766128113e-05
    8.9585910431217724e-05
    1.7816285682120578e-04
    3.4341789486885100e-04
    6.4158909379861484e-04
    1.1617677632923549e-03
    2.0389659232725971e-03
    3.4683978720029172e-03
    5.7184213468222701e-03
    9.1380112931225606e-03
    1.4153228760049095e-02
    2.1246512812908964e-02
    3.0913493733358156e-02
    4.3595013693294479e-02
    5.9587318761986086e-02
    7.8940371709397744e-02
    1.0136144367764463e-01
    1.2614635480902928e-01
    1.5216154902484291e-01
    1.7789487376266921e-01
    2.0158130101268698e-01
    2.2139374746615301e-01
    2.3567241741677974e-01
    2.4315346299913920e-01
    2.4315346299913920e-01
    2.3567241741677974e-01
    2.2139374746615301e-01
    2.0158130101268698e-01
    1.7789487376266921e-01
    1.5216154902484291e-01
    1.2614635480902928e-01
    1.0136144367764463e-01
    7.8940371709397744e-02
    5.9587318761986086e-02
    4.3595013693294479e-02
    3.0913493733358156e-02
    2.1246512812908964e-02
    1.4153228760049095e-02
    9.1380112931225606e-03
    5.7184213468222701e-03
    3.4683978720029172e-03
    2.0389659232725971e-03
    1.1617677632923549e-03
    6.4158909379861484e-04
    3.4341789486885100e-04
    1.7816285682120578e-04
    8.9585910431217724e-05
    4.3660685766128113e-05
    2.0623847625654624e-05
    9.4422854911189812e-06
    4.1899887877016565e-06
    1.8020917219324338e-06
    7.5122359485067533e-07
    3.0352176975734578e-07
    1.1886083285587649e-07
    4.5114483503876674e-08
    1.6596690980144403e-08
    5.9177324116567718e-09
    2.0451135976936183e-09
    6.8502724824336339e-10
    2.2239578634990866e-10
    6.9979939046677205e-11
    2.1342675564686782e-11
    6.3088828463638200e-12
    4.6156772915931454e-12
    1.5614635006662441e-11
    5.1198417119282397e-11
    1.6270823310547140e-10
    5.0117664106915560e-10
    1.4962370710439460e-09
    4.3295055202921964e-09
    1.2142398509871405e-08
    3.3006461223291632e-08
    8.6960442986973756e-08
    2.2206127048001835e-07
    5.4960692282623407e-07
    1.3184384685611343e-06
    3.0654612821937241e-06
    6.9081236382787640e-06
    1.5088729251943012e-05
    3.1942840077027507e-05
    6.5542452204892865e-05
    1.3034673054817695e-04
    2.5124989914600612e-04
    4.6939660838477953e-04
    8.4996745283106938e-04
    1.4917393363558513e-03
    2.5375340905626083e-03
    4.1836864302372779e-03
    6.6855118795393770e-03
    1.0354723360909018e-02
    1.5544280834539277e-02
    2.2616795160668897e-02
    3.1894793362157101e-02
    4.3595013693294479e-02
    5.7754009697452716e-02
    7.4157616367159590e-02
    9.2290644712934189e-02
    1.1132376739130573e-01
    1.3015066995425870e-01
    1.4748003032427931e-01
    1.6197512579730350e-01
    1.7242162389375282e-01
    1.7789487376266921e-01
    1.7789487376266921e-01
    1.7242162389375282e-01
    1.6197512579730350e-01
    1.4748003032427931e-01
    1.3015066995425870e-01
    1.1132376739130573e-01
    9.2290644712934189e-02
    7.4157616367159590e-02
    5.7754009697452716e-02
    4.3595013693294479e-02
    3.1894793362157101e-02
    2.2616795160668897e-02
    1.5544280834539277e-02
    1.0354723360909018e-02
    6.6855118795393770e-03
    4.1836864302372779e-03
    2.5375340905626083e-03
    1.4917393363558513e-03
    8.4996745283106938e-04
    4.6939660838477953e-04
    2.5124989914600612e-04
    1.3034673054817695e-04
    6.5542452204892865e-05
    3.1942840077027507e-05
    1.5088729251943012e-05
    6.9081236382787640e-06
    3.0654612821937241e-06
    1.3184384685611343e-06
    5.4960692282623407e-07
    2.2206127048001835e-07
    8.6960442986973756e-08
    3.3006461223291632e-08
    1.2142398509871405e-08
    4.3295055202921964e-09
    1.4962370710439460e-09
    5.0117664106915560e-10
    1.6270823310547140e-10
    5.1198417119282397e-11
    1.5614635006662441e-11
    4.6156772915931454e-12
    3.2730053036046060e-12
    1.1072434219727765e-11
    3.6305114110291887e-11
    1.1537741402855515e-10
    3.5538745467534721e-10
    1.0609909574692868e-09
    3.0700791313360421e-09
    8.6102498529684667e-09
    2.3405085713816351e-08
    6.1664187749557989e-08
    1.5746501977728437e-07
    3.8972966688647667e-07
    9.3491286921999587e-07
    2.1737375472260443e-06
    4.8985931809454059e-06
    1.0699511197676812e-05
    2.2650865383229311e-05
    4.6476558070597228e-05
    9.2429672492213980e-05
    1.7816285682120578e-04
    3.3285203702079351e-04
    6.0271717567307917e-04
    1.0578015859949959e-03
    1.7993811117636067e-03
    2.9666779130607030e-03
    4.7407378065400440e-03
    7.3425983526495412e-03
    1.1022545641314965e-02
    1.6037709275350549e-02
    2.2616795160668897e-02
    3.0913493733358156e-02
    4.0953725337013185e-02
    5.2585624240773669e-02
    6.5443866747075030e-02
    7.8940371709397744e-02
    9.2290644712934189e-02
    1.0457900128900145e-01
    1.1485756310394325e-01
    1.2226523948895597e-01
    1.2614635480902928e-01
    1.2614635480902928e-01
    1.2226523948895597e-01
    1.1485756310394325e-01
    1.0457900128900145e-01
    9.2290644712934189e-02
    7.8940371709397744e-02
    6.5443866747075030e-02
    5.2585624240773669e-02
    4.0953725337013185e-02
    3.0913493733358156e-02
    2.2616795160668897e-02
    1.6037709275350549e-02
    1.1022545641314965e-02
    7.3425983526495412e-03
    4.7407378065400440e-03
    2.9666779130607030e-03
    1.7993811117636067e-03
    1.0578015859949959e-03
    6.0271717567307917e-04
    3.3285203702079351e-04
    1.7816285682120578e-04
    9.2429672492213980e-05
    4.6476558070597228e-05
    2.2650865383229311e-05
    1.0699511197676812e-05
    4.8985931809454059e-06
    2.1737375472260443e-06
    9.3491286921999587e-07
    3.8972966688647667e-07
    1.5746501977728437e-07
    6.1664187749557989e-08
    2.3405085713816351e-08
    8.6102498529684667e-09
    3.0700791313360421e-09
    1.0609909574692868e-09
    3.5538745467534721e-10
    1.1537741402855515e-10
    3.6305114110291887e-11
    1.1072434219727765e-11
    3.2730053036046060e-12
    2.2495014545934366e-12
    7.6099653293371764e-12
    2.4952115693286458e-11
    7.9297659676453066e-11
    2.4425398741517872e-10
    7.2920770996280928e-10
    2.1100324720071625e-09
    5.9177324116567718e-09
    1.6086064480289727e-08
    4.2381135125624814e-08
    1.0822401987753595e-07
    2.6785702167785242e-07
    6.4255559161860949e-07
    1.4939865111138449e-06
    3.3667505744223422e-06
    7.3536593344672273e-06
    1.5567696933231071e-05
    3.1942840077027507e-05
    6.3525922946059503e-05
    1.2244942137198576e-04
    2.2876563646812717e-04
    4.1424105298328224e-04
    7.2701568914244734e-04
    1.2366953465741070e-03
    2.0389659232725971e-03
    3.2582582679940024e-03
    5.0464891262442836e-03
    7.5756774442599355e-03
    1.1022545641314965e-02
    1.5544280834539277e-02
    2.1246512812908964e-02
    2.8147056350679354e-02
    3.6141535759214402e-02
    4.4978867977889685e-02
    5.4254871139643238e-02
    6.3430370643906386e-02
    7.1876026372597962e-02
    7.8940371709397744e-02
    8.4031588269570051e-02
    8.6699037218807826e-02
    8.6699037218807826e-02
    8.4031588269570051e-02
    7.8940371709397744e-02
    7.1876026372597962e-02
    6.3430370643906386e-02
    5.4254871139643238e-02
    4.4978867977889685e-02
    3.6141535759214402e-02
    2.8147056350679354e-02
    2.1246512812908964e-02
    1.5544280834539277e-02
    1.1022545641314965e-02
    7.5756774442599355e-03
    5.0464891262442836e-03
    3.2582582679940024e-03
    2.0389659232725971e-03
    1.2366953465741070e-03
    7.2701568914244734e-04
    4.1424105298328224e-04
    2.2876563646812717e-04
    1.2244942137198576e-04
    6.3525922946059503e-05
    3.1942840077027507e-05
    1.5567696933231071e-05
    7.3536593344672273e-06
    3.3667505744223422e-06
    1.4939865111138449e-06
    6.4255559161860949e-07
    2.6785702167785242e-07
    1.0822401987753595e-07
    4.2381135125624814e-08
    1.6086064480289727e-08
    5.9177324116567718e-09
    2.1100324720071625e-09
    7.2920770996280928e-10
    2.4425398741517872e-10
    7.9297659676453066e-11
    2.4952115693286458e-11
    7.6099653293371764e-12
    2.2495014545934366e-12
    1.4984910212456199e-12
    5.0693297818130231e-12
    1.6621692442617002e-11
    5.2823629337208810e-11
    1.6270823310547140e-10
    4.8575705686744739e-10
    1.4055846496044574e-09
    3.9420596358781003e-09
    1.0715629074909321e-08
    2.8231922378296127e-08
    7.2092739366067829e-08
    1.7843124357276699e-07
    4.2803430187853626e-07
    9.9520956885568306e-07
    2.2427393839837406e-06
    4.8985931809454059e-06
    1.0370321845440158e-05
    2.1278518825035179e-05
    4.2317387684559628e-05
    8.1568899681287412e-05
    1.5239076708175971e-04
    2.7594403073589844e-04
    4.8429685620343432e-04
    8.2381670350707681e-04
    1.3582441222301784e-03
    2.1704679272460171e-03
    3.3616864879322562e-03
    5.0464891262442836e-03
    7.3425983526495412e-03
    1.0354723360909018e-02
    1.4153228760049095e-02
    1.8749981748116082e-02
    2.4075453127012300e-02
    2.9962385520146920e-02
    3.6141535759214402e-02
    4.2253736128992317e-02
    4.7879755730861513e-02
    5.2585624240773669e-02
    5.5977105623040237e-02
    5.7754009697452716e-02
    5.7754009697452716e-02
    5.5977105623040237e-02
    5.2585624240773669e-02
    4.7879755730861513e-02
    4.2253736128992317e-02
    3.6141535759214402e-02
    2.9962385520146920e-02
    2.4075453127012300e-02
    1.8749981748116082e-02
    1.4153228760049095e-02
    1.0354723360909018e-02
    7.3425983526495412e-03
    5.0464891262442836e-03
    3.3616864879322562e-03
    2.1704679272460171e-03
    1.3582441222301784e-03
    8.2381670350707681e-04
    4.8429685620343432e-04
    2.7594403073589844e-04
    1.5239076708175971e-04
    8.1568899681287412e-05
    4.2317387684559628e-05
    2.1278518825035179e-05
    1.0370321845440158e-05
    4.8985931809454059e-06
    2.2427393839837406e-06
    9.9520956885568306e-07
    4.2803430187853626e-07
    1.7843124357276699e-07
    7.2092739366067829e-08
    2.8231922378296127e-08
    1.0715629074909321e-08
    3.9420596358781003e-09
    1.4055846496044574e-09
    4.8575705686744739e-10
    1.6270823310547140e-10
    5.2823629337208810e-11
    1.6621692442617002e-11
    5.0693297818130231e-12
    1.4984910212456199e-12
    9.6749851973266151e-13
    3.2730053036046060e-12
    1.0731771232313296e-11
    3.4105498442142039e-11
    1.0505233094223357e-10
    3.1362832796841721e-10
    9.0751365778678280e-10
    2.5451849949955685e-09
    6.9185301219630793e-09
    1.8227899081773524e-08
    4.6546570937851775e-08
    1.1520386948145329e-07
    2.7635971626846847e-07
    6.4255559161860949e-07
    1.4480213784309005e-06
    3.1627694688471213e-06
    6.6955830180914168e-06
    1.3738444323952124e-05
    2.7322159000813747e-05
    5.2664839881567772e-05
    9.8390874207554272e-05
    1.7816285682120578e-04
    3.1268555156140808e-04
    5.3189604066602785e-04
    8.7694831604726042e-04
    1.4013594188853921e-03
    2.1704679272460171e-03
    3.2582582679940024e-03
    4.7407378065400440e-03
    6.6855118795393770e-03
    9.1380112931225606e-03
    1.2105898086221019e-02
    1.5544280834539277e-02
    1.9345170059347268e-02
    2.3334729305777742e-02
    2.7281062467756873e-02
    3.0913493733358156e-02
    3.3951830802346358e-02
    3.6141535759214402e-02
    3.7288791256462533e-02
    3.7288791256462533e-02
    3.6141535759214402e-02
    3.3951830802346358e-02
    3.0913493733358156e-02
    2.7281062467756873e-02
    2.3334729305777742e-02
    1.9345170059347268e-02
    1.5544280834539277e-02
    1.2105898086221019e-02
    9.1380112931225606e-03
    6.6855118795393770e-03
    4.7407378065400440e-03
    3.2582582679940024e-03
    2.1704679272460171e-03
    1.4013594188853921e-03
    8.7694831604726042e-04
    5.3189604066602785e-04
    3.1268555156140808e-04
    1.7816285682120578e-04
    9.8390874207554272e-05
    5.2664839881567772e-05
    2.7322159000813747e-05
    1.3738444323952124e-05
    6.6955830180914168e-06
    3.1627694688471213e-06
    1.4480213784309005e-06
    6.4255559161860949e-07
    2.7635971626846847e-07
    1.1520386948145329e-07
    4.6546570937851775e-08
    1.8227899081773524e-08
    6.9185301219630793e-09
    2.5451849949955685e-09
    9.0751365778678280e-10
    3.1362832796841721e-10
    1.0505233094223357e-10
    3.4105498442142039e-11
    1.0731771232313296e-11
    3.2730053036046060e-12
    9.6749851973266151e-13
    6.0544510296481152e-13
    2.0481943823467824e-12
    6.7157708319162189e-12
    2.1342675564686782e-11
    6.5740068875339376e-11
    1.9626359260165983e-10
    5.6790753554074176e-10
    1.5927360713537680e-09
    4.3295055202921964e-09
    1.1406727774060081e-08
    2.9128099794833417e-08
    7.2092739366067829e-08
    1.7294149133966934e-07
    4.0210101451694363e-07
    9.0614862418765590e-07
    1.9792105596701347e-06
    4.1899887877016565e-06
    8.5972987747721966e-06
    1.7097770210583397e-05
    3.2956814666271259e-05
    6.1571435770104257e-05
    1.1149146690418283e-04
    1.9567361820152106e-04
    3.3285203702079351e-04
    5.4878023343204877e-04
    8.7694831604726042e-04
    1.3582441222301784e-03
    2.0389659232725971e-03
    2.9666779130607030e-03
    4.1836864302372779e-03
    5.7184213468222701e-03
    7.5756774442599355e-03
    9.7273623870577884e-03
    1.2105898086221019e-02
    1.4602500468007353e-02
    1.7072052657346216e-02
    1.9345170059347268e-02
    2.1246512812908964e-02
    2.2616795160668897e-02
    2.3334729305777742e-02
    2.3334729305777742e-02
    2.2616795160668897e-02
    2.1246512812908964e-02
    1.9345170059347268e-02
    1.7072052657346216e-02
    1.4602500468007353e-02
    1.2105898086221019e-02
    9.7273623870577884e-03
    7.5756774442599355e-03
    5.7184213468222701e-03
    4.1836864302372779e-03
    2.9666779130607030e-03
    2.0389659232725971e-03
    1.3582441222301784e-03
    8.7694831604726042e-04
    5.4878023343204877e-04
    3.3285203702079351e-04
    1.9567361820152106e-04
    1.1149146690418283e-04
    6.1571435770104257e-05
    3.2956814666271259e-05
    1.7097770210583397e-05
    8.5972987747721966e-06
    4.1899887877016565e-06
    1.9792105596701347e-06
    9.0614862418765590e-07
    4.0210101451694363e-07
    1.7294149133966934e-07
    7.2092739366067829e-08
    2.9128099794833417e-08
    1.1406727774060081e-08
    4.3295055202921964e-09
    1.5927360713537680e-09
    5.6790753554074176e-10
    1.9626359260165983e-10
    6.5740068875339376e-11
    2.1342675564686782e-11
    6.7157708319162189e-12
    2.0481943823467824e-12
    6.0544510296481152e-13
    3.6722101772103039e-13
    1.2422926899445038e-12
    4.0733209131610053e-12
    1.2944987090282173e-11
    3.9873367344513551e-11
    1.1903988629825626e-10
    3.4445333218730189e-10
    9.6604326010630879e-10
    2.6259778394523142e-09
    6.9185301219630793e-09
    1.7667085584735735e-08
    4.3726456768192057e-08
    1.0489431683393632e-07
    2.4388659360608100e-07
    5.4960692282623407e-07
    1.2004518864669372e-06
    2.5413566635932224e-06
    5.2145252976091958e-06
    1.0370321845440158e-05
    1.9989318541560501e-05
    3.7344963557095373e-05
    6.7622992973723249e-05
    1.1868204873612653e-04
    2.0188496560091579e-04
    3.3285203702079351e-04
    5.3189604066602785e-04
    8.2381670350707681e-04
    1.2366953465741070e-03
    1.7993811117636067e-03
    2.5375340905626083e-03
    3.4683978720029172e-03
    4.5948806380370954e-03
    5.8999435258860165e-03
    7.3425983526495412e-03
    8.8568642423145390e-03
    1.0354723360909018e-02
    1.1733438758348981e-02
    1.2886661433006593e-02
    1.3717779689386001e-02
    1.4153228760049095e-02
    1.4153228760049095e-02
    1.3717779689386001e-02
    1.2886661433006593e-02
    1.1733438758348981e-02
    1.0354723360909018e-02
    8.8568642423145390e-03
    7.3425983526495412e-03
    5.8999435258860165e-03
    4.5948806380370954e-03
    3.4683978720029172e-03
    2.5375340905626083e-03
    1.7993811117636067e-03
    1.2366953465741070e-03
    8.2381670350707681e-04
    5.3189604066602785e-04
    3.3285203702079351e-04
    2.0188496560091579e-04
    1.1868204873612653e-04
    6.7622992973723249e-05
    3.7344963557095373e-05
    1.9989318541560501e-05
    1.0370321845440158e-05
    5.2145252976091958e-06
    2.5413566635932224e-06
    1.2004518864669372e-06
    5.4960692282623407e-07
    2.4388659360608100e-07
    1.0489431683393632e-07
    4.3726456768192057e-08
    1.7667085584735735e-08
    6.9185301219630793e-09
    2.6259778394523142e-09
    9.6604326010630879e-10
    3.4445333218730189e-10
    1.1903988629825626e-10
    3.9873367344513551e-11
    1.2944987090282173e-11
    4.0733209131610053e-12
    1.2422926899445038e-12
    3.6722101772103039e-13
    2.1587809965131755e-13
    7.3030619755995590e-13
    2.3945818337423781e-12
    7.6099653293371764e-12
    2.3440343427106427e-11
    6.9979939046677205e-11
    2.0249366779885220e-10
    5.6790753554074176e-10
    1.5437327341053577e-09
    4.0671940412855438e-09
    1.0385943827723117e-08
    2.5705457847115481e-08
    6.1664187749557989e-08
    1.4337353206212941e-07
    3.2309724206763693e-07
    7.0570925809642252e-07
    1.4939865111138449e-06
    3.0654612821937241e-06
    6.0963977134524353e-06
    1.1751114156965632e-05
    2.1953971519075598e-05
    3.9753506775017414e-05
    6.9769577195997096e-05
    1.1868204873612653e-04
    1.9567361820152106e-04
    3.1268555156140808e-04
    4.8429685620343432e-04
    7.2701568914244734e-04
    1.0578015859949959e-03
    1.4917393363558513e-03
    2.0389659232725971e-03
    2.7011909787190663e-03
    3.4683978720029172e-03
    4.3164908934407659e-03
    5.2066818870184469e-03
    6.0872278374499095e-03
    6.8977328074716869e-03
    7.5756774442599355e-03
    8.0642666619637118e-03
    8.3202539647958557e-03
    8.3202539647958557e-03
    8.0642666619637118e-03
    7.5756774442599355e-03
    6.8977328074716869e-03
    6.0872278374499095e-03
    5.2066818870184469e-03
    4.3164908934407659e-03
    3.4683978720029172e-03
    2.7011909787190663e-03
    2.0389659232725971e-03
    1.4917393363558513e-03
    1.0578015859949959e-03
    7.2701568914244734e-04
    4.8429685620343432e-04
    3.1268555156140808e-04
    1.9567361820152106e-04
    1.1868204873612653e-04
    6.9769577195997096e-05
    3.9753506775017414e-05
    2.1953971519075598e-05
    1.1751114156965632e-05
    6.0963977134524353e-06
    3.0654612821937241e-06
    1.4939865111138449e-06
    7.0570925809642252e-07
    3.2309724206763693e-07
    1.4337353206212941e-07
    6.1664187749557989e-08
    2.5705457847115481e-08
    1.0385943827723117e-08
    4.0671940412855438e-09
    1.5437327341053577e-09
    5.6790753554074176e-10
    2.0249366779885220e-10
    6.9979939046677205e-11
    2.3440343427106427e-11
    7.6099653293371764e-12
    2.3945818337423781e-12
    7.3030619755995590e-13
    2.1587809965131755e-13
    1.2300363341687139e-13
    4.1611592816421123e-13
    1.3643916012790857e-12
    4.3360275414541255e-12
    1.3355905090559625e-11
    3.9873367344513551e-11
    1.1537741402855515e-10
    3.2358395978638086e-10
    8.7959239786814163e-10
    2.3174173095724554e-09
    5.9177324116567718e-09
    1.4646528383131129e-08
    3.5135195080681128e-08
    8.1691776090009648e-08
    1.8409525924806897e-07
    4.0210101451694363e-07
    8.5124785441234300e-07
    1.7466471884716174e-06
    3.4736227098540686e-06
    6.6955830180914168e-06
    1.2508995906201127e-05
    2.2650865383229311e-05
    3.9753506775017414e-05
    6.7622992973723249e-05
    1.1149146690418283e-04
    1.7816285682120578e-04
    2.7594403073589844e-04
    4.1424105298328224e-04
    6.0271717567307917e-04
    8.4996745283106938e-04
    1.1617677632923549e-03
    1.5390922259922361e-03
    1.9762335368005445e-03
    2.4594623741899849e-03
    2.9666779130607030e-03
    3.4683978720029172e-03
    3.9302096832803781e-03
    4.3164908934407659e-03
    4.5948806380370954e-03
    4.7407378065400440e-03
    4.7407378065400440e-03
    4.5948806380370954e-03
    4.3164908934407659e-03
    3.9302096832803781e-03
    3.4683978720029172e-03
    2.9666779130607030e-03
    2.4594623741899849e-03
    1.9762335368005445e-03
    1.5390922259922361e-03
    1.1617677632923549e-03
    8.4996745283106938e-04
    6.0271717567307917e-04
    4.1424105298328224e-04
    2.7594403073589844e-04
    1.7816285682120578e-04
    1.1149146690418283e-04
    6.7622992973723249e-05
    3.9753506775017414e-05
    2.2650865383229311e-05
    1.2508995906201127e-05
    6.6955830180914168e-06
    3.4736227098540686e-06
    1.7466471884716174e-06
    8.5124785441234300e-07
    4.0210101451694363e-07
    1.8409525924806897e-07
    8.1691776090009648e-08
    3.5135195080681128e-08
    1.4646528383131129e-08
    5.9177324116567718e-09
    2.3174173095724554e-09
    8.7959239786814163e-10
    3.2358395978638086e-10
    1.1537741402855515e-10
    3.9873367344513551e-11
    1.3355905090559625e-11
    4.3360275414541255e-12
    1.3643916012790857e-12
    4.1611592816421123e-13
    1.2300363341687139e-13
    6.7929057933421200e-14
    2.2980104088054503e-13
    7.5348860478822177e-13
    2.3945818337423781e-12
    7.3758313104063090e-12
    2.2020164812257773e-11
    6.3717459590742823e-11
    1.7870003462548109e-10
    4.8575705686744739e-10
    1.2797993872615831e-09
    3.2680822237465720e-09
    8.0885811859663873e-09
    1.9403497570261856e-08
    4.5114483503876674e-08
    1.0166705798314253e-07
    2.2206127048001835e-07
    4.7010371329523050e-07
    9.6459018940380150e-07
    1.9183166524588197e-06
    3.6976521270108952e-06
    6.9081236382787640e-06
    1.2508995906201127e-05
    2.1953971519075598e-05
    3.7344963557095373e-05
    6.1571435770104257e-05
    9.8390874207554272e-05
    1.5239076708175971e-04
    2.2876563646812717e-04
    3.3285203702079351e-04
    4.6939660838477953e-04
    6.4158909379861484e-04
    8.4996745283106938e-04
    1.0913798127924323e-03
    1.3582441222301784e-03
    1.6383551463322891e-03
    1.9154312229538169e-03
    2.1704679272460171e-03
    2.3837926720090279e-03
    2.5375340905626083e-03
    2.6180840692422019e-03
    2.6180840692422019e-03
    2.5375340905626083e-03
    2.3837926720090279e-03
    2.1704679272460171e-03
    1.9154312229538169e-03
    1.6383551463322891e-03
    1.3582441222301784e-03
    1.0913798127924323e-03
    8.4996745283106938e-04
    6.4158909379861484e-04
    4.6939660838477953e-04
    3.3285203702079351e-04
    2.2876563646812717e-04
    1.5239076708175971e-04
    9.8390874207554272e-05
    6.1571435770104257e-05
    3.7344963557095373e-05
    2.1953971519075598e-05
    1.2508995906201127e-05
    6.9081236382787640e-06
    3.6976521270108952e-06
    1.9183166524588197e-06
    9.6459018940380150e-07
    4.7010371329523050e-07
    2.2206127048001835e-07
    1.0166705798314253e-07
    4.5114483503876674e-08
    1.9403497570261856e-08
    8.0885811859663873e-09
    3.2680822237465720e-09
    1.2797993872615831e-09
    4.8575705686744739e-10
    1.7870003462548109e-10
    6.3717459590742823e-11
    2.2020164812257773e-11
    7.3758313104063090e-12
    2.3945818337423781e-12
    7.5348860478822177e-13
    2.2980104088054503e-13
    6.7929057933421200e-14
    3.6359804587392280e-14
    1.2300363341687139e-13
    4.0331338697172448e-13
    1.2817272930345684e-12
    3.9479980037231765e-12
    1.1786544873632698e-11
    3.4105498442142039e-11
    9.5651235810028024e-11
    2.6000701617205031e-10
    6.8502724824336339e-10
    1.7492783596001083e-09
    4.3295055202921964e-09
    1.0385943827723117e-08
    2.4148042887181448e-08
    5.4418454689379883e-08
    1.1886083285587649e-07
    2.5162838513048691e-07
    5.1630792271568215e-07
    1.0268009117468752e-06
    1.9792105596701347e-06
    3.6976521270108952e-06
    6.6955830180914168e-06
    1.1751114156965632e-05
    1.9989318541560501e-05
    3.2956814666271259e-05
    5.2664839881567772e-05
    8.1568899681287412e-05
    1.2244942137198576e-04
    1.7816285682120578e-04
    2.5124989914600612e-04
    3.4341789486885100e-04
    4.5495479299700566e-04
    5.8417351765206542e-04
    7.2701568914244734e-04
    8.7694831604726042e-04
    1.0252564526281366e-03
    1.1617677632923549e-03
    1.2759522709126529e-03
    1.3582441222301784e-03
    1.4013594188853921e-03
    1.4013594188853921e-03
    1.3582441222301784e-03
    1.2759522709126529e-03
    1.1617677632923549e-03
    1.0252564526281366e-03
    8.7694831604726042e-04
    7.2701568914244734e-04
    5.8417351765206542e-04
    4.5495479299700566e-04
    3.4341789486885100e-04
    2.5124989914600612e-04
    1.7816285682120578e-04
    1.2244942137198576e-04
    8.1568899681287412e-05
    5.2664839881567772e-05
    3.2956814666271259e-05
    1.9989318541560501e-05
    1.1751114156965632e-05
    6.6955830180914168e-06
    3.6976521270108952e-06
    1.9792105596701347e-06
    1.0268009117468752e-06
    5.1630792271568215e-07
    2.5162838513048691e-07
    1.1886083285587649e-07
    5.4418454689379883e-08
    2.4148042887181448e-08
    1.0385943827723117e-08
    4.3295055202921964e-09
    1.7492783596001083e-09
    6.8502724824336339e-10
    2.6000701617205031e-10
    9.5651235810028024e-11
    3.4105498442142039e-11
    1.1786544873632698e-11
    3.9479980037231765e-12
    1.2817272930345684e-12
    4.0331338697172448e-13
    1.2300363341687139e-13
    3.6359804587392280e-14
    1.8863218124450049e-14
    6.3813444367269246e-14
    2.0923622877765304e-13
    6.6495135985839406e-13
    2.0481943823467824e-12
    6.1147789271135294e-12
    1.7693699503002658e-11
    4.9623207424591106e-11
    1.3488986301211997e-10
    3.5538745467534721e-10
    9.0751365778678280e-10
    2.2461178745883782e-09
    5.3881566766879488e-09
    1.2527839613786750e-08
    2.8231922378296127e-08
    6.1664187749557989e-08
    1.3054308649022135e-07
    2.6785702167785242e-07
    5.3269729550146122e-07
    1.0268009117468752e-06
    1.9183166524588197e-06
    3.4736227098540686e-06
    6.0963977134524353e-06
    1.0370321845440158e-05
    1.7097770210583397e-05
    2.7322159000813747e-05
    4.2317387684559628e-05
    6.3525922946059503e-05
    9.2429672492213980e-05
    1.3034673054817695e-04
    1.7816285682120578e-04
    2.3602743728832652e-04
    3.0306522851388320e-04
    3.7717077085025420e-04
    4.5495479299700566e-04
    5.3189604066602785e-04
    6.0271717567307917e-04
    6.6195531785004423e-04
    7.0464776790258254e-04
    7.2701568914244734e-04
    7.2701568914244734e-04
    7.0464776790258254e-04
    6.6195531785004423e-04
    6.0271717567307917e-04
    5.3189604066602785e-04
    4.5495479299700566e-04
    3.7717077085025420e-04
    3.0306522851388320e-04
    2.3602743728832652e-04
    1.7816285682120578e-04
    1.3034673054817695e-04
    9.2429672492213980e-05
    6.3525922946059503e-05
    4.2317387684559628e-05
    2.7322159000813747e-05
    1.7097770210583397e-05
    1.0370321845440158e-05
    6.0963977134524353e-06
    3.4736227098540686e-06
    1.9183166524588197e-06
    1.0268009117468752e-06
    5.3269729550146122e-07
    2.6785702167785242e-07
    1.3054308649022135e-07
    6.1664187749557989e-08
    2.8231922378296127e-08
    1.2527839613786750e-08
    5.3881566766879488e-09
    2.2461178745883782e-09
    9.0751365778678280e-10
    3.5538745467534721e-10
    1.3488986301211997e-10
    4.9623207424591106e-11
    1.7693699503002658e-11
    6.1147789271135294e-12
    2.0481943823467824e-12
    6.6495135985839406e-13
    2.0923622877765304e-13
    6.3813444367269246e-14
    1.8863218124450049e-14
    9.4850217351272718e-15
    3.2087414926954847e-14
    1.0521058308495608e-13
    3.3435854155151930e-13
    1.0298968132666495e-12
    3.0747039368639531e-12
    8.8969508412384808e-12
    2.4952115693286458e-11
    6.7826882670668357e-11
    1.7870003462548109e-10
    4.5632652457510854e-10
    1.1294189951880103e-09
    2.7093353240936622e-09
    6.2993933615672552e-09
    1.4195902078631763e-08
    3.1006700830406608e-08
    6.5641186173075035e-08
    1.3468696888087105e-07
    2.6785702167785242e-07
    5.1630792271568215e-07
    9.6459018940380150e-07
    1.7466471884716174e-06
    3.0654612821937241e-06
    5.2145252976091958e-06
    8.5972987747721966e-06
    1.3738444323952124e-05
    2.1278518825035179e-05
    3.1942840077027507e-05
    4.6476558070597228e-05
    6.5542452204892865e-05
    8.9585910431217724e-05
    1.1868204873612653e-04
    1.5239076708175971e-04
    1.8965337387114950e-04
    2.2876563646812717e-04
    2.6745412544459452e-04
    3.0306522851388320e-04
    3.3285203702079351e-04
    3.5431914904815692e-04
    3.6556644618112785e-04
    3.6556644618112785e-04
    3.5431914904815692e-04
    3.3285203702079351e-04
    3.0306522851388320e-04
    2.6745412544459452e-04
    2.2876563646812717e-04
    1.8965337387114950e-04
    1.5239076708175971e-04
    1.1868204873612653e-04
    8.9585910431217724e-05
    6.5542452204892865e-05
    4.6476558070597228e-05
    3.1942840077027507e-05
    2.1278518825035179e-05
    1.3738444323952124e-05
    8.5972987747721966e-06
    5.2145252976091958e-06
    3.0654612821937241e-06
    1.7466471884716174e-06
    9.6459018940380150e-07
    5.1630792271568215e-07
    2.6785702167785242e-07
    1.3468696888087105e-07
    6.5641186173075035e-08
    3.1006700830406608e-08
    1.4195902078631763e-08
    6.2993933615672552e-09
    2.7093353240936622e-09
    1.1294189951880103e-09
    4.5632652457510854e-10
    1.7870003462548109e-10
    6.7826882670668357e-11
    2.4952115693286458e-11
    8.8969508412384808e-12
    3.0747039368639531e-12
    1.0298968132666495e-12
    3.3435854155151930e-13
    1.0521058308495608e-13
    3.2087414926954847e-14
    9.4850217351272718e-15
    4.6226304054837065e-15
    1.5638157087757368e-14
    5.1275543053951880e-14
    1.6295333881894381e-13
    5.0193161981755937e-13
    1.4984910212456199e-12
    4.3360275414541255e-12
    1.2160689970562880e-11
    3.3056182568505240e-11
    8.7091441283835477e-11
    2.2239578634990866e-10
    5.5043485755564248e-10
    1.3204245807285294e-09
    3.0700791313360421e-09
    6.9185301219630793e-09
    1.5111459102044034e-08
    3.1990959170068971e-08
    6.5641186173075035e-08
    1.3054308649022135e-07
    2.5162838513048691e-07
    4.7010371329523050e-07
    8.5124785441234300e-07
    1.4939865111138449e-06
    2.5413566635932224e-06
    4.1899887877016565e-06
    6.6955830180914168e-06
    1.0370321845440158e-05
    1.5567696933231071e-05
    2.2650865383229311e-05
    3.1942840077027507e-05
    4.3660685766128113e-05
    5.7841011058616842e-05
    7.4269328326180754e-05
    9.2429672492213980e-05
    1.1149146690418283e-04
    1.3034673054817695e-04
    1.4770219608298515e-04
    1.6221912714877535e-04
    1.7268136198036305e-04
    1.7816285682120578e-04
    1.7816285682120578e-04
    1.7268136198036305e-04
    1.6221912714877535e-04
    1.4770219608298515e-04
    1.3034673054817695e-04
    1.1149146690418283e-04
    9.2429672492213980e-05
    7.4269328326180754e-05
    5.7841011058616842e-05
    4.3660685766128113e-05
    3.1942840077027507e-05
    2.2650865383229311e-05
    1.5567696933231071e-05
    1.0370321845440158e-05
    6.6955830180914168e-06
    4.1899887877016565e-06
    2.5413566635932224e-06
    1.4939865111138449e-06
    8.5124785441234300e-07
    4.7010371329523050e-07
    2.5162838513048691e-07
    1.3054308649022135e-07
    6.5641186173075035e-08
    3.1990959170068971e-08
    1.5111459102044034e-08
    6.9185301219630793e-09
    3.0700791313360421e-09
    1.3204245807285294e-09
    5.5043485755564248e-10
    2.2239578634990866e-10
    8.7091441283835477e-11
    3.3056182568505240e-11
    1.2160689970562880e-11
    4.3360275414541255e-12
    1.4984910212456199e-12
    5.0193161981755937e-13
    1.6295333881894381e-13
    5.1275543053951880e-14
    1.5638157087757368e-14
    4.6226304054837065e-15
    2.1835759892341374e-15
    7.3869423547664148e-15
    2.4220851512318730e-14
    7.6973706915543057e-14
    2.3709570896493411e-13
    7.0783703801915605e-13
    2.0481943823467824e-12
    5.7443032003470195e-12
    1.5614635006662441e-11
    4.1139083892491860e-11
    1.0505233094223357e-10
    2.6000701617205031e-10
    6.2372440735323513e-10
    1.4502026959113350e-09
    3.2680822237465720e-09
    7.1381478429193703e-09
    1.5111459102044034e-08
    3.1006700830406608e-08
    6.1664187749557989e-08
    1.1886083285587649e-07
    2.2206127048001835e-07
    4.0210101451694363e-07
    7.0570925809642252e-07
    1.2004518864669372e-06
    1.9792105596701347e-06
    3.1627694688471213e-06
    4.8985931809454059e-06
    7.3536593344672273e-06
    1.0699511197676812e-05
    1.5088729251943012e-05
    2.0623847625654624e-05
    2.7322159000813747e-05
    3.5082346595828597e-05
    4.3660685766128113e-05
    5.2664839881567772e-05
    6.1571435770104257e-05
    6.9769577195997096e-05
    7.6626889879923365e-05
    8.1568899681287412e-05
    8.4158174503123949e-05
    8.4158174503123949e-05
    8.1568899681287412e-05
    7.6626889879923365e-05
    6.9769577195997096e-05
    6.1571435770104257e-05
    5.2664839881567772e-05
    4.3660685766128113e-05
    3.5082346595828597e-05
    2.7322159000813747e-05
    2.0623847625654624e-05
    1.5088729251943012e-05
    1.0699511197676812e-05
    7.3536593344672273e-06
    4.8985931809454059e-06
    3.1627694688471213e-06
    1.9792105596701347e-06
    1.2004518864669372e-06
    7.0570925809642252e-07
    4.0210101451694363e-07
    2.2206127048001835e-07
    1.1886083285587649e-07
    6.1664187749557989e-08
    3.1006700830406608e-08
    1.5111459102044034e-08
    7.1381478429193703e-09
    3.2680822237465720e-09
    1.4502026959113350e-09
    6.2372440735323513e-10
    2.6000701617205031e-10
    1.0505233094223357e-10
    4.1139083892491860e-11
    1.5614635006662441e-11
    5.7443032003470195e-12
    2.0481943823467824e-12
    7.0783703801915605e-13
    2.3709570896493411e-13
    7.6973706915543057e-14
    2.4220851512318730e-14
    7.3869423547664148e-15
    2.1835759892341374e-15
    9.9971393583484332e-16
    3.3819886514958319e-15
    1.1089113872855972e-14
    3.5241131005166031e-14
    1.0855032549704004e-13
    3.2407141070277216e-13
    9.3773171963156255e-13
    2.6299336452503188e-12
    7.1489008379369986e-12
    1.8834845078704015e-11
    4.8096461837226966e-11
    1.1903988629825626e-10
    2.8556184223753940e-10
    6.6395117551934455e-10
    1.4962370710439460e-09
    3.2680822237465720e-09
    6.9185301219630793e-09
    1.4195902078631763e-08
    2.8231922378296127e-08
    5.4418454689379883e-08
    1.0166705798314253e-07
    1.8409525924806897e-07
    3.2309724206763693e-07
    5.4960692282623407e-07
    9.0614862418765590e-07
    1.4480213784309005e-06
    2.2427393839837406e-06
    3.3667505744223422e-06
    4.8985931809454059e-06
    6.9081236382787640e-06
    9.4422854911189812e-06
    1.2508995906201127e-05
    1.6061868680805156e-05
    1.9989318541560501e-05
    2.4111720690141957e-05
    2.8189457427731856e-05
    3.1942840077027507e-05
    3.5082346595828597e-05
    3.7344963557095373e-05
    3.8530419953327388e-05
    3.8530419953327388e-05
    3.7344963557095373e-05
    3.5082346595828597e-05
    3.1942840077027507e-05
    2.8189457427731856e-05
    2.4111720690141957e-05
    1.9989318541560501e-05
    1.6061868680805156e-05
    1.2508995906201127e-05
    9.4422854911189812e-06
    6.9081236382787640e-06
    4.8985931809454059e-06
    3.3667505744223422e-06
    2.2427393839837406e-06
    1.4480213784309005e-06
    9.0614862418765590e-07
    5.4960692282623407e-07
    3.2309724206763693e-07
    1.8409525924806897e-07
    1.0166705798314253e-07
    5.4418454689379883e-08
    2.8231922378296127e-08
    1.4195902078631763e-08
    6.9185301219630793e-09
    3.2680822237465720e-09
    1.4962370710439460e-09
    6.6395117551934455e-10
    2.8556184223753940e-10
    1.1903988629825626e-10
    4.8096461837226966e-11
    1.8834845078704015e-11
    7.1489008379369986e-12
    2.6299336452503188e-12
    9.3773171963156255e-13
    3.2407141070277216e-13
    1.0855032549704004e-13
    3.5241131005166031e-14
    1.1089113872855972e-14
    3.3819886514958319e-15
    9.9971393583484332e-16
    4.4362036987728103e-16
    1.5007483668260141e-15
    4.9207644522626234e-15
    1.5638157087757368e-14
    4.8168914947737180e-14
    1.4380581677353602e-13
    4.1611592816421123e-13
    1.1670259807715578e-12
    3.1723055168709210e-12
    8.3579118394687716e-12
    2.1342675564686782e-11
    5.2823629337208810e-11
    1.2671729935470580e-10
    2.9462654816188007e-10
    6.6395117551934455e-10
    1.4502026959113350e-09
    3.0700791313360421e-09
    6.2993933615672552e-09
    1.2527839613786750e-08
    2.4148042887181448e-08
    4.5114483503876674e-08
    8.1691776090009648e-08
    1.4337353206212941e-07
    2.4388659360608100e-07
    4.0210101451694363e-07
    6.4255559161860949e-07
    9.9520956885568306e-07
    1.4939865111138449e-06
    2.1737375472260443e-06
    3.0654612821937241e-06
    4.1899887877016565e-06
    5.5508332851919908e-06
    7.1274110219828308e-06
    8.8702063331713262e-06
    1.0699511197676812e-05
    1.2508995906201127e-05
    1.4174549360531070e-05
    1.5567696933231071e-05
    1.6571727123537028e-05
    1.7097770210583397e-05
    1.7097770210583397e-05
    1.6571727123537028e-05
    1.5567696933231071e-05
    1.4174549360531070e-05
    1.2508995906201127e-05
    1.0699511197676812e-05
    8.8702063331713262e-06
    7.1274110219828308e-06
    5.5508332851919908e-06
    4.1899887877016565e-06
    3.0654612821937241e-06
    2.1737375472260443e-06
    1.4939865111138449e-06
    9.9520956885568306e-07
    6.4255559161860949e-07
    4.0210101451694363e-07
    2.4388659360608100e-07
    1.4337353206212941e-07
    8.1691776090009648e-08
    4.5114483503876674e-08
    2.4148042887181448e-08
    1.2527839613786750e-08
    6.2993933615672552e-09
    3.0700791313360421e-09
    1.4502026959113350e-09
    6.6395117551934455e-10
    2.9462654816188007e-10
    1.2671729935470580e-10
    5.2823629337208810e-11
    2.1342675564686782e-11
    8.3579118394687716e-12
    3.1723055168709210e-12
    1.1670259807715578e-12
    4.1611592816421123e-13
    1.4380581677353602e-13
    4.8168914947737180e-14
    1.5638157087757368e-14
    4.9207644522626234e-15
    1.5007483668260141e-15
    4.4362036987728103e-16
    1.9079874356298067e-16
    6.4546382952119480e-16
    2.1163944187702858e-15
    6.7258875529318479e-15
    2.0717192164468745e-14
    6.1850111087164607e-14
    1.7896923058839238e-13
    5.0193161981755937e-13
    1.3643916012790857e-12
    3.5946930890976429e-12
    9.1793703772913986e-12
    2.2719159877090674e-11
    5.4500431328841390e-11
    1.2671729935470580e-10
    2.8556184223753940e-10
    6.2372440735323513e-10
    1.3204245807285294e-09
    2.7093353240936622e-09
    5.3881566766879488e-09
    1.0385943827723117e-08
    1.9403497570261856e-08
    3.5135195080681128e-08
    6.1664187749557989e-08
    1.0489431683393632e-07
    1.7294149133966934e-07
    2.7635971626846847e-07
    4.2803430187853626e-07
    6.4255559161860949e-07
    9.3491286921999587e-07
    1.3184384685611343e-06
    1.8020917219324338e-06
    2.3873836470475455e-06
    3.0654612821937241e-06
    3.8150282052685260e-06
    4.6018024235891306e-06
    5.3800520990455834e-06
    6.0963977134524353e-06
    6.6955830180914168e-06
    7.1274110219828308e-06
    7.3536593344672273e-06
    7.3536593344672273e-06
    7.1274110219828308e-06
    6.6955830180914168e-06
    6.0963977134524353e-06
    5.3800520990455834e-06
    4.6018024235891306e-06
    3.8150282052685260e-06
    3.0654612821937241e-06
    2.3873836470475455e-06
    1.8020917219324338e-06
    1.3184384685611343e-06
    9.3491286921999587e-07
    6.4255559161860949e-07
    4.2803430187853626e-07
    2.7635971626846847e-07
    1.7294149133966934e-07
    1.0489431683393632e-07
    6.1664187749557989e-08
    3.5135195080681128e-08
    1.9403497570261856e-08
    1.0385943827723117e-08
    5.3881566766879488e-09
    2.7093353240936622e-09
    1.3204245807285294e-09
    6.2372440735323513e-10
    2.8556184223753940e-10
    1.2671729935470580e-10
    5.4500431328841390e-11
    2.2719159877090674e-11
    9.1793703772913986e-12
    3.5946930890976429e-12
    1.3643916012790857e-12
    5.0193161981755937e-13
    1.7896923058839238e-13
    6.1850111087164607e-14
    2.0717192164468745e-14
    6.7258875529318479e-15
    2.1163944187702858e-15
    6.4546382952119480e-16
    1.9079874356298067e-16
    7.9536749593785925e-17
    2.6906935560362973e-16
    8.8224445184490427e-16
    2.8037670694457108e-15
    8.6362105677482098e-15
    2.5782962225135543e-14
    7.4605474923385928e-14
    2.0923622877765304e-13
    5.6876303854159379e-13
    1.4984910212456199e-12
    3.8265308748547639e-12
    9.4707548717629508e-12
    2.2719159877090674e-11
    5.2823629337208810e-11
    1.1903988629825626e-10
    2.6000701617205031e-10
    5.5043485755564248e-10
    1.1294189951880103e-09
    2.2461178745883782e-09
    4.3295055202921964e-09
    8.0885811859663873e-09
    1.4646528383131129e-08
    2.5705457847115481e-08
    4.3726456768192057e-08
    7.2092739366067829e-08
    1.1520386948145329e-07
    1.7843124357276699e-07
    2.6785702167785242e-07
    3.8972966688647667e-07
    5.4960692282623407e-07
    7.5122359485067533e-07
    9.9520956885568306e-07
    1.2778743813415459e-06
    1.5903403627787129e-06
    1.9183166524588197e-06
    2.2427393839837406e-06
    2.5413566635932224e-06
    2.7911342598467108e-06
    2.9711469537026242e-06
    3.0654612821937241e-06
    3.0654612821937241e-06
    2.9711469537026242e-06
    2.7911342598467108e-06
    2.5413566635932224e-06
    2.2427393839837406e-06
    1.9183166524588197e-06
    1.5903403627787129e-06
    1.2778743813415459e-06
    9.9520956885568306e-07
    7.5122359485067533e-07
    5.4960692282623407e-07
    3.8972966688647667e-07
    2.6785702167785242e-07
    1.7843124357276699e-07
    1.1520386948145329e-07
    7.2092739366067829e-08
    4.3726456768192057e-08
    2.5705457847115481e-08
    1.4646528383131129e-08
    8.0885811859663873e-09
    4.3295055202921964e-09
    2.2461178745883782e-09
    1.1294189951880103e-09
    5.5043485755564248e-10
    2.6000701617205031e-10
    1.1903988629825626e-10
    5.2823629337208810e-11
    2.2719159877090674e-11
    9.4707548717629508e-12
    3.8265308748547639e-12
    1.4984910212456199e-12
    5.6876303854159379e-13
    2.0923622877765304e-13
    7.4605474923385928e-14
    2.5782962225135543e-14
    8.6362105677482098e-15
    2.8037670694457108e-15
    8.8224445184490427e-16
    2.6906935560362973e-16
    7.9536749593785925e-17
    3.2135751809355005e-17
    1.0871384706242615e-16
    3.5645898134468590e-16
    1.1328242999006013e-15
    3.4893444954176048e-15
    1.0417258427187034e-14
    3.0143336734297495e-14
    8.4539078499750667e-14
    2.2980104088054503e-13
    6.0544510296481152e-13
    1.5460582323667661e-12
    3.8265308748547639e-12
    9.1793703772913986e-12
    2.1342675564686782e-11
    4.8096461837226966e-11
    1.0505233094223357e-10
    2.2239578634990866e-10
    4.5632652457510854e-10
    9.0751365778678280e-10
    1.7492783596001083e-09
    3.2680822237465720e-09
    5.9177324116567718e-09
    1.0385943827723117e-08
    1.7667085584735735e-08
    2.9128099794833417e-08
    4.6546570937851775e-08
    7.2092739366067829e-08
    1.0822401987753595e-07
    1.5746501977728437e-07
    2.2206127048001835e-07
    3.0352176975734578e-07
    4.0210101451694363e-07
    5.1630792271568215e-07
    6.4255559161860949e-07
    7.7506999154496118e-07
    9.0614862418765590e-07
    1.0268009117468752e-06
    1.1277201834261203e-06
    1.2004518864669372e-06
    1.2385583198821236e-06
    1.2385583198821236e-06
    1.2004518864669372e-06
    1.1277201834261203e-06
    1.0268009117468752e-06
    9.0614862418765590e-07
    7.7506999154496118e-07
    6.4255559161860949e-07
    5.1630792271568215e-07
    4.0210101451694363e-07
    3.0352176975734578e-07
    2.2206127048001835e-07
    1.5746501977728437e-07
    1.0822401987753595e-07
    7.2092739366067829e-08
    4.6546570937851775e-08
    2.9128099794833417e-08
    1.7667085584735735e-08
    1.0385943827723117e-08
    5.9177324116567718e-09
    3.2680822237465720e-09
    1.7492783596001083e-09
    9.0751365778678280e-10
    4.5632652457510854e-10
    2.2239578634990866e-10
    1.0505233094223357e-10
    4.8096461837226966e-11
    2.1342675564686782e-11
    9.1793703772913986e-12
    3.8265308748547639e-12
    1.5460582323667661e-12
    6.0544510296481152e-13
    2.2980104088054503e-13
    8.4539078499750667e-14
    3.0143336734297495e-14
    1.0417258427187034e-14
    3.4893444954176048e-15
    1.1328242999006013e-15
    3.5645898134468590e-16
    1.0871384706242615e-16
    3.2135751809355005e-17
    1.2584541226032543e-17
    4.2572954207327071e-17
    1.3959134277405912e-16
    4.4362036987728103e-16
    1.3664469378192501e-15
    4.0794570146327434e-15
    1.1804300271964347e-14
    3.3105978814573967e-14
    8.9991380625006538e-14
    2.3709570896493411e-13
    6.0544510296481152e-13
    1.4984910212456199e-12
    3.5946930890976429e-12
    8.3579118394687716e-12
    1.8834845078704015e-11
    4.1139083892491860e-11
    8.7091441283835477e-11
    1.7870003462548109e-10
    3.5538745467534721e-10
    6.8502724824336339e-10
    1.2797993872615831e-09
    2.3174173095724554e-09
    4.0671940412855438e-09
    6.9185301219630793e-09
    1.1406727774060081e-08
    1.8227899081773524e-08
    2.8231922378296127e-08
    4.2381135125624814e-08
    6.1664187749557989e-08
    8.6960442986973756e-08
    1.1886083285587649e-07
    1.5746501977728437e-07
    2.0218908763327101e-07
    2.5162838513048691e-07
    3.0352176975734578e-07
    3.5485289983732617e-07
    4.0210101451694363e-07
    4.4162156914666056e-07
    4.7010371329523050e-07
    4.8502640703320230e-07
    4.8502640703320230e-07
    4.7010371329523050e-07
    4.4162156914666056e-07
    4.0210101451694363e-07
    3.5485289983732617e-07
    3.0352176975734578e-07
    2.5162838513048691e-07
    2.0218908763327101e-07
    1.5746501977728437e-07
    1.1886083285587649e-07
    8.6960442986973756e-08
    6.1664187749557989e-08
    4.2381135125624814e-08
    2.8231922378296127e-08
    1.8227899081773524e-08
    1.1406727774060081e-08
    6.9185301219630793e-09
    4.0671940412855438e-09
    2.3174173095724554e-09
    1.2797993872615831e-09
    6.8502724824336339e-10
    3.5538745467534721e-10
    1.7870003462548109e-10
    8.7091441283835477e-11
    4.1139083892491860e-11
    1.8834845078704015e-11
    8.3579118394687716e-12
    3.5946930890976429e-12
    1.4984910212456199e-12
    6.0544510296481152e-13
    2.3709570896493411e-13
    8.9991380625006538e-14
    3.3105978814573967e-14
    1.1804300271964347e-14
    4.0794570146327434e-15
    1.3664469378192501e-15
    4.4362036987728103e-16
    1.3959134277405912e-16
    4.2572954207327071e-17
    1.2584541226032543e-17
    4.7765530823270828e-18
    1.6158870791580497e-17
    5.2982897558023723e-17
    1.6837930021136297e-16
    5.1864475752006765e-16
    1.5483872337877851e-15
    4.4804070196956672e-15
    1.2565612230908627e-14
    3.4156875390741648e-14
    8.9991380625006538e-14
    2.2980104088054503e-13
    5.6876303854159379e-13
    1.3643916012790857e-12
    3.1723055168709210e-12
    7.1489008379369986e-12
    1.5614635006662441e-11
    3.3056182568505240e-11
    6.7826882670668357e-11
    1.3488986301211997e-10
    2.6000701617205031e-10
    4.8575705686744739e-10
    8.7959239786814163e-10
    1.5437327341053577e-09
    2.6259778394523142e-09
    4.3295055202921964e-09
    6.9185301219630793e-09
    1.0715629074909321e-08
    1.6086064480289727e-08
    2.3405085713816351e-08
    3.3006461223291632e-08
    4.5114483503876674e-08
    5.9766980143860647e-08
    7.6742321583388635e-08
    9.5507362327179154e-08
    1.1520386948145329e-07
    1.3468696888087105e-07
    1.5262033043561881e-07
    1.6762064102631036e-07
    1.7843124357276699e-07
    1.8409525924806897e-07
    1.8409525924806897e-07
    1.7843124357276699e-07
    1.6762064102631036e-07
    1.5262033043561881e-07
    1.3468696888087105e-07
    1.1520386948145329e-07
    9.5507362327179154e-08
    7.6742321583388635e-08
    5.9766980143860647e-08
    4.5114483503876674e-08
    3.3006461223291632e-08
    2.3405085713816351e-08
    1.6086064480289727e-08
    1.0715629074909321e-08
    6.9185301219630793e-09
    4.3295055202921964e-09
    2.6259778394523142e-09
    1.5437327341053577e-09
    8.7959239786814163e-10
    4.8575705686744739e-10
    2.6000701617205031e-10
    1.3488986301211997e-10
    6.7826882670668357e-11
    3.3056182568505240e-11
    1.5614635006662441e-11
    7.1489008379369986e-12
    3.1723055168709210e-12
    1.3643916012790857e-12
    5.6876303854159379e-13
    2.2980104088054503e-13
    8.9991380625006538e-14
    3.4156875390741648e-14
    1.2565612230908627e-14
    4.4804070196956672e-15
    1.5483872337877851e-15
    5.1864475752006765e-16
    1.6837930021136297e-16
    5.2982897558023723e-17
    1.6158870791580497e-17
    4.7765530823270828e-18
    1.7571956786522176e-18
    5.9445163567681754e-18
    1.9491318745289542e-17
    6.1943282866594721e-17
    1.9079874356298067e-16
    5.6961983028284579e-16
    1.6482496306262492e-15
    4.6226304054837065e-15
    1.2565612230908627e-14
    3.3105978814573967e-14
    8.4539078499750667e-14
    2.0923622877765304e-13
    5.0193161981755937e-13
    1.1670259807715578e-12
    2.6299336452503188e-12
    5.7443032003470195e-12
    1.2160689970562880e-11
    2.4952115693286458e-11
    4.9623207424591106e-11
    9.5651235810028024e-11
    1.7870003462548109e-10
    3.2358395978638086e-10
    5.6790753554074176e-10
    9.6604326010630879e-10
    1.5927360713537680e-09
    2.5451849949955685e-09
    3.9420596358781003e-09
    5.9177324116567718e-09
    8.6102498529684667e-09
    1.2142398509871405e-08
    1.6596690980144403e-08
    2.1987043255828144e-08
    2.8231922378296127e-08
    3.5135195080681128e-08
    4.2381135125624814e-08
    4.9548566844970286e-08
    5.6145881872056323e-08
    6.1664187749557989e-08
    6.5641186173075035e-08
    6.7724861094491414e-08
    6.7724861094491414e-08
    6.5641186173075035e-08
    6.1664187749557989e-08
    5.6145881872056323e-08
    4.9548566844970286e-08
    4.2381135125624814e-08
    3.5135195080681128e-08
    2.8231922378296127e-08
    2.1987043255828144e-08
    1.6596690980144403e-08
    1.2142398509871405e-08
    8.6102498529684667e-09
    5.9177324116567718e-09
    3.9420596358781003e-09
    2.5451849949955685e-09
    1.5927360713537680e-09
    9.6604326010630879e-10
    5.6790753554074176e-10
    3.2358395978638086e-10
    1.7870003462548109e-10
    9.5651235810028024e-11
    4.9623207424591106e-11
    2.4952115693286458e-11
    1.2160689970562880e-11
    5.7443032003470195e-12
    2.6299336452503188e-12
    1.1670259807715578e-12
    5.0193161981755937e-13
    2.0923622877765304e-13
    8.4539078499750667e-14
    3.3105978814573967e-14
    1.2565612230908627e-14
    4.6226304054837065e-15
    1.6482496306262492e-15
    5.6961983028284579e-16
    1.9079874356298067e-16
    6.1943282866594721e-17
    1.9491318745289542e-17
    5.9445163567681754e-18
    1.7571956786522176e-18
    6.2654741439868453e-19
    2.1195825817421340e-18
    6.9498437262540122e-18
    2.2086557684457280e-17
    6.8031387114265336e-17
    2.0310420529128254e-16
    5.8770150467508386e-16
    1.6482496306262492e-15
    4.4804070196956672e-15
    1.1804300271964347e-14
    3.0143336734297495e-14
    7.4605474923385928e-14
    1.7896923058839238e-13
    4.1611592816421123e-13
    9.3773171963156255e-13
    2.0481943823467824e-12
    4.3360275414541255e-12
    8.8969508412384808e-12
    1.7693699503002658e-11
    3.4105498442142039e-11
    6.3717459590742823e-11
    1.1537741402855515e-10
    2.0249366779885220e-10
    3.4445333218730189e-10
    5.6790753554074176e-10
    9.0751365778678280e-10
    1.4055846496044574e-09
    2.1100324720071625e-09
    3.0700791313360421e-09
    4.3295055202921964e-09
    5.9177324116567718e-09
    7.8397217051987044e-09
    1.0066401929233697e-08
    1.2527839613786750e-08
    1.5111459102044034e-08
    1.7667085584735735e-08
    2.0019430700542527e-08
    2.1987043255828144e-08
    2.3405085713816351e-08
    2.4148042887181448e-08
    2.4148042887181448e-08
    2.3405085713816351e-08
    2.1987043255828144e-08
    2.0019430700542527e-08
    1.7667085584735735e-08
    1.5111459102044034e-08
    1.2527839613786750e-08
    1.0066401929233697e-08
    7.8397217051987044e-09
    5.9177324116567718e-09
    4.3295055202921964e-09
    3.0700791313360421e-09
    2.1100324720071625e-09
    1.4055846496044574e-09
    9.0751365778678280e-10
    5.6790753554074176e-10
    3.4445333218730189e-10
    2.0249366779885220e-10
    1.1537741402855515e-10
    6.3717459590742823e-11
    3.4105498442142039e-11
    1.7693699503002658e-11
    8.8969508412384808e-12
    4.3360275414541255e-12
    2.0481943823467824e-12
    9.3773171963156255e-13
    4.1611592816421123e-13
    1.7896923058839238e-13
    7.4605474923385928e-14
    3.0143336734297495e-14
    1.1804300271964347e-14
    4.4804070196956672e-15
    1.6482496306262492e-15
    5.8770150467508386e-16
    2.0310420529128254e-16
    6.8031387114265336e-17
    2.2086557684457280e-17
    6.9498437262540122e-18
    2.1195825817421340e-18
    6.2654741439868453e-19
    2.1652899246719891e-19
    7.3250813957331066e-19
    2.4018017236484891e-18
    7.6329100920063513e-18
    2.3511018271674443e-17
    7.0190935158162659e-17
    2.0310420529128254e-16
    5.6961983028284579e-16
    1.5483872337877851e-15
    4.0794570146327434e-15
    1.0417258427187034e-14
    2.5782962225135543e-14
    6.1850111087164607e-14
    1.4380581677353602e-13
    3.2407141070277216e-13
    7.0783703801915605e-13
    1.4984910212456199e-12
    3.0747039368639531e-12
    6.1147789271135294e-12
    1.1786544873632698e-11
    2.2020164812257773e-11
    3.9873367344513551e-11
    6.9979939046677205e-11
    1.1903988629825626e-10
    1.9626359260165983e-10
    3.1362832796841721e-10
    4.8575705686744739e-10
    7.2920770996280928e-10
    1.0609909574692868e-09
    1.4962370710439460e-09
    2.0451135976936183e-09
    2.7093353240936622e-09
    3.4788554184661817e-09
    4.3295055202921964e-09
    5.2223805236115696e-09
    6.1055814030706408e-09
    6.9185301219630793e-09
    7.5985188257241404e-09
    8.0885811859663873e-09
    8.3453403146420933e-09
    8.3453403146420933e-09
    8.0885811859663873e-09
    7.5985188257241404e-09
    6.9185301219630793e-09
    6.1055814030706408e-09
    5.2223805236115696e-09
    4.3295055202921964e-09
    3.4788554184661817e-09
    2.7093353240936622e-09
    2.0451135976936183e-09
    1.4962370710439460e-09
    1.0609909574692868e-09
    7.2920770996280928e-10
    4.8575705686744739e-10
    3.1362832796841721e-10
    1.9626359260165983e-10
    1.1903988629825626e-10
    6.9979939046677205e-11
    3.9873367344513551e-11
    2.2020164812257773e-11
    1.1786544873632698e-11
    6.1147789271135294e-12
    3.0747039368639531e-12
    1.4984910212456199e-12
    7.0783703801915605e-13
    3.2407141070277216e-13
    1.4380581677353602e-13
    6.1850111087164607e-14
    2.5782962225135543e-14
    1.0417258427187034e-14
    4.0794570146327434e-15
    1.5483872337877851e-15
    5.6961983028284579e-16
    2.0310420529128254e-16
    7.0190935158162659e-17
    2.3511018271674443e-17
    7.6329100920063513e-18
    2.4018017236484891e-18
    7.3250813957331066e-19
    2.1652899246719891e-19
    7.2528127553398887e-20
    2.4535949285832493e-19
    8.0450280484789795e-19
    2.5567046262431804e-18
    7.8752046674609225e-18
    2.3511018271674443e-17
    6.8031387114265336e-17
    1.9079874356298067e-16
    5.1864475752006765e-16
    1.3664469378192501e-15
    3.4893444954176048e-15
    8.6362105677482098e-15
    2.0717192164468745e-14
    4.8168914947737180e-14
    1.0855032549704004e-13
    2.3709570896493411e-13
    5.0193161981755937e-13
    1.0298968132666495e-12
    2.0481943823467824e-12
    3.9479980037231765e-12
    7.3758313104063090e-12
    1.3355905090559625e-11
    2.3440343427106427e-11
    3.9873367344513551e-11
    6.5740068875339376e-11
    1.0505233094223357e-10
    1.6270823310547140e-10
    2.4425398741517872e-10
    3.5538745467534721e-10
    5.0117664106915560e-10
    6.8502724824336339e-10
    9.0751365778678280e-10
    1.1652706025894902e-09
    1.4502026959113350e-09
    1.7492783596001083e-09
    2.0451135976936183e-09
    2.3174173095724554e-09
    2.5451849949955685e-09
    2.7093353240936622e-09
    2.7953388593380808e-09
    2.7953388593380808e-09
    2.7093353240936622e-09
    2.5451849949955685e-09
    2.3174173095724554e-09
    2.0451135976936183e-09
    1.7492783596001083e-09
    1.4502026959113350e-09
    1.1652706025894902e-09
    9.0751365778678280e-10
    6.8502724824336339e-10
    5.0117664106915560e-10
    3.5538745467534721e-10
    2.4425398741517872e-10
    1.6270823310547140e-10
    1.0505233094223357e-10
    6.5740068875339376e-11
    3.9873367344513551e-11
    2.3440343427106427e-11
    1.3355905090559625e-11
    7.3758313104063090e-12
    3.9479980037231765e-12
    2.0481943823467824e-12
    1.0298968132666495e-12
    5.0193161981755937e-13
    2.3709570896493411e-13
    1.0855032549704004e-13
    4.8168914947737180e-14
    2.0717192164468745e-14
    8.6362105677482098e-15
    3.4893444954176048e-15
    1.3664469378192501e-15
    5.1864475752006765e-16
    1.9079874356298067e-16
    6.8031387114265336e-17
    2.3511018271674443e-17
    7.8752046674609225e-18
    2.5567046262431804e-18
    8.0450280484789795e-19
    2.4535949285832493e-19
    7.2528127553398887e-20
    2.3546435563092056e-20
    7.9656564746248585e-20
    2.6118382059058302e-19
    8.3004046521635588e-19
    2.5567046262431804e-18
    7.6329100920063513e-18
    2.2086557684457280e-17
    6.1943282866594721e-17
    1.6837930021136297e-16
    4.4362036987728103e-16
    1.1328242999006013e-15
    2.8037670694457108e-15
    6.7258875529318479e-15
    1.5638157087757368e-14
    3.5241131005166031e-14
    7.6973706915543057e-14
    1.6295333881894381e-13
    3.3435854155151930e-13
    6.6495135985839406e-13
    1.2817272930345684e-12
    2.3945818337423781e-12
    4.3360275414541255e-12
    7.6099653293371764e-12
    1.2944987090282173e-11
    2.1342675564686782e-11
    3.4105498442142039e-11
    5.2823629337208810e-11
    7.9297659676453066e-11
    1.1537741402855515e-10
    1.6270823310547140e-10
    2.2239578634990866e-10
    2.9462654816188007e-10
    3.7830797627082899e-10
    4.7081188339734550e-10
    5.6790753554074176e-10
    6.6395117551934455e-10
    7.5235524745164618e-10
    8.2630058850876031e-10
    8.7959239786814163e-10
    9.0751365778678280e-10
    9.0751365778678280e-10
    8.7959239786814163e-10
    8.2630058850876031e-10
    7.5235524745164618e-10
    6.6395117551934455e-10
    5.6790753554074176e-10
    4.7081188339734550e-10
    3.7830797627082899e-10
    2.9462654816188007e-10
    2.2239578634990866e-10
    1.6270823310547140e-10
    1.1537741402855515e-10
    7.9297659676453066e-11
    5.2823629337208810e-11
    3.4105498442142039e-11
    2.1342675564686782e-11
    1.2944987090282173e-11
    7.6099653293371764e-12
    4.3360275414541255e-12
    2.3945818337423781e-12
    1.2817272930345684e-12
    6.6495135985839406e-13
    3.3435854155151930e-13
    1.6295333881894381e-13
    7.6973706915543057e-14
    3.5241131005166031e-14
    1.5638157087757368e-14
    6.7258875529318479e-15
    2.8037670694457108e-15
    1.1328242999006013e-15
    4.4362036987728103e-16
    1.6837930021136297e-16
    6.1943282866594721e-17
    2.2086557684457280e-17
    7.6329100920063513e-18
    2.5567046262431804e-18
    8.3004046521635588e-19
    2.6118382059058302e-19
    7.9656564746248585e-20
    2.3546435563092056e-20
    7.4092146821484555e-21
    2.5065050184177922e-20
    8.2185135540967404e-20
    2.6118382059058302e-19
    8.0450280484789795e-19
    2.4018017236484891e-18
    6.9498437262540122e-18
    1.9491318745289542e-17
    5.2982897558023723e-17
    1.3959134277405912e-16
    3.5645898134468590e-16
    8.8224445184490427e-16
    2.1163944187702858e-15
    4.9207644522626234e-15
    1.1089113872855972e-14
    2.4220851512318730e-14
    5.1275543053951880e-14
    1.0521058308495608e-13
    2.0923622877765304e-13
    4.0331338697172448e-13
    7.5348860478822177e-13
    1.3643916012790857e-12
    2.3945818337423781e-12
    4.0733209131610053e-12
    6.7157708319162189e-12
    1.0731771232313296e-11
    1.6621692442617002e-11
    2.4952115693286458e-11
    3.6305114110291887e-11
    5.1198417119282397e-11
    6.9979939046677205e-11
    9.2708356665812981e-11
    1.1903988629825626e-10
    1.4814753212436960e-10
    1.7870003462548109e-10
    2.0892150681177910e-10
    2.3673908225615791e-10
    2.6000701617205031e-10
    2.7677602799491383e-10
    2.8556184223753940e-10
    2.8556184223753940e-10
    2.7677602799491383e-10
    2.6000701617205031e-10
    2.3673908225615791e-10
    2.0892150681177910e-10
    1.7870003462548109e-10
    1.4814753212436960e-10
    1.1903988629825626e-10
    9.2708356665812981e-11
    6.9979939046677205e-11
    5.1198417119282397e-11
    3.6305114110291887e-11
    2.4952115693286458e-11
    1.6621692442617002e-11
    1.0731771232313296e-11
    6.7157708319162189e-12
    4.0733209131610053e-12
    2.3945818337423781e-12
    1.3643916012790857e-12
    7.5348860478822177e-13
    4.0331338697172448e-13
    2.0923622877765304e-13
    1.0521058308495608e-13
    5.1275543053951880e-14
    2.4220851512318730e-14
    1.1089113872855972e-14
    4.9207644522626234e-15
    2.1163944187702858e-15
    8.8224445184490427e-16
    3.5645898134468590e-16
    1.3959134277405912e-16
    5.2982897558023723e-17
    1.9491318745289542e-17
    6.9498437262540122e-18
    2.4018017236484891e-18
    8.0450280484789795e-19
    2.6118382059058302e-19
    8.2185135540967404e-20
    2.5065050184177922e-20
    7.4092146821484555e-21
    2.2596828077362673e-21
    7.6444084030522292e-21
    2.5065050184177922e-20
    7.9656564746248585e-20
    2.4535949285832493e-19
    7.3250813957331066e-19
    2.1195825817421340e-18
    5.9445163567681754e-18
    1.6158870791580497e-17
    4.2572954207327071e-17
    1.0871384706242615e-16
    2.6906935560362973e-16
    6.4546382952119480e-16
    1.5007483668260141e-15
    3.3819886514958319e-15
    7.3869423547664148e-15
    1.5638157087757368e-14
    3.2087414926954847e-14
    6.3813444367269246e-14
    1.2300363341687139e-13
    2.2980104088054503e-13
    4.1611592816421123e-13
    7.3030619755995590e-13
    1.2422926899445038e-12
    2.0481943823467824e-12
    3.2730053036046060e-12
    5.0693297818130231e-12
    7.6099653293371764e-12
    1.1072434219727765e-11
    1.5614635006662441e-11
    2.1342675564686782e-11
    2.8274451298592032e-11
    3.6305114110291887e-11
    4.5182444525000841e-11
    5.4500431328841390e-11
    6.3717459590742823e-11
    7.2201340768598239e-11
    7.9297659676453066e-11
    8.4411919330738473e-11
    8.7091441283835477e-11
    8.7091441283835477e-11
    8.4411919330738473e-11
    7.9297659676453066e-11
    7.2201340768598239e-11
    6.3717459590742823e-11
    5.4500431328841390e-11
    4.5182444525000841e-11
    3.6305114110291887e-11
    2.8274451298592032e-11
    2.1342675564686782e-11
    1.5614635006662441e-11
    1.1072434219727765e-11
    7.6099653293371764e-12
    5.0693297818130231e-12
    3.2730053036046060e-12
    2.0481943823467824e-12
    1.2422926899445038e-12
    7.3030619755995590e-13
    4.1611592816421123e-13
    2.2980104088054503e-13
    1.2300363341687139e-13
    6.3813444367269246e-14
    3.2087414926954847e-14
    1.5638157087757368e-14
    7.3869423547664148e-15
    3.3819886514958319e-15
    1.5007483668260141e-15
    6.4546382952119480e-16
    2.6906935560362973e-16
    1.0871384706242615e-16
    4.2572954207327071e-17
    1.6158870791580497e-17
    5.9445163567681754e-18
    2.1195825817421340e-18
    7.3250813957331066e-19
    2.4535949285832493e-19
    7.9656564746248585e-20
    2.5065050184177922e-20
    7.6444084030522292e-21
    2.2596828077362673e-21
    6.6796096209879242e-22
    2.2596828077362673e-21
    7.4092146821484555e-21
    2.3546435563092056e-20
    7.2528127553398887e-20
    2.1652899246719891e-19
    6.2654741439868453e-19
    1.7571956786522176e-18
    4.7765530823270828e-18
    1.2584541226032543e-17
    3.2135751809355005e-17
    7.9536749593785925e-17
    1.9079874356298067e-16
    4.4362036987728103e-16
    9.9971393583484332e-16
    2.1835759892341374e-15
    4.6226304054837065e-15
    9.4850217351272718e-15
    1.8863218124450049e-14
    3.6359804587392280e-14
    6.7929057933421200e-14
    1.2300363341687139e-13
    2.1587809965131755e-13
    3.6722101772103039e-13
    6.0544510296481152e-13
    9.6749851973266151e-13
    1.4984910212456199e-12
    2.2495014545934366e-12
    3.2730053036046060e-12
    4.6156772915931454e-12
    6.3088828463638200e-12
    8.3579118394687716e-12
    1.0731771232313296e-11
    1.3355905090559625e-11
    1.6110296728628682e-11
    1.8834845078704015e-11
    2.1342675564686782e-11
    2.3440343427106427e-11
    2.4952115693286458e-11
    2.5744180869703204e-11
    2.5744180869703204e-11
    2.4952115693286458e-11
    2.3440343427106427e-11
    2.1342675564686782e-11
    1.8834845078704015e-11
    1.6110296728628682e-11
    1.3355905090559625e-11
    1.0731771232313296e-11
    8.3579118394687716e-12
    6.3088828463638200e-12
    4.6156772915931454e-12
    3.2730053036046060e-12
    2.2495014545934366e-12
    1.4984910212456199e-12
    9.6749851973266151e-13
    6.0544510296481152e-13
    3.6722101772103039e-13
    2.1587809965131755e-13
    1.2300363341687139e-13
    6.7929057933421200e-14
    3.6359804587392280e-14
    1.8863218124450049e-14
    9.4850217351272718e-15
    4.6226304054837065e-15
    2.1835759892341374e-15
    9.9971393583484332e-16
    4.4362036987728103e-16
    1.9079874356298067e-16
    7.9536749593785925e-17
    3.2135751809355005e-17
    1.2584541226032543e-17
    4.7765530823270828e-18
    1.7571956786522176e-18
    6.2654741439868453e-19
    2.1652899246719891e-19
    7.2528127553398887e-20
    2.3546435563092056e-20
    7.4092146821484555e-21
    2.2596828077362673e-21
    6.6796096209879242e-22
);

boundaryField
{
    xMin
    {
        type codedFixedValue;
        value uniform 0;
        name xMinGaussianDirichlet;
        code
        #{ 
            const scalar t = this->db().time().value();
            const scalar denom = 1.0 + 4.0*t;
            const scalar invDenom = 1.0/denom;
            const scalar mu = 1;
            const vectorField& Cf = patch().Cf();
            scalarField values(patch().size(), 0.0);
            forAll(Cf, i)
            {
                const scalar x = Cf[i].x();
                const scalar y = Cf[i].y();
                values[i] = invDenom*exp(-mu*(x*x + y*y)*invDenom);
            }
            operator==(values);
        #};
    }
    xMax
    {
        type codedFixedValue;
        value uniform 0;
        name xMaxGaussianDirichlet;
        code
        #{ 
            const scalar t = this->db().time().value();
            const scalar denom = 1.0 + 4.0*t;
            const scalar invDenom = 1.0/denom;
            const scalar mu = 1;
            const vectorField& Cf = patch().Cf();
            scalarField values(patch().size(), 0.0);
            forAll(Cf, i)
            {
                const scalar x = Cf[i].x();
                const scalar y = Cf[i].y();
                values[i] = invDenom*exp(-mu*(x*x + y*y)*invDenom);
            }
            operator==(values);
        #};
    }
    yMin
    {
        type codedFixedValue;
        value uniform 0;
        name yMinGaussianDirichlet;
        code
        #{ 
            const scalar t = this->db().time().value();
            const scalar denom = 1.0 + 4.0*t;
            const scalar invDenom = 1.0/denom;
            const scalar mu = 1;
            const vectorField& Cf = patch().Cf();
            scalarField values(patch().size(), 0.0);
            forAll(Cf, i)
            {
                const scalar x = Cf[i].x();
                const scalar y = Cf[i].y();
                values[i] = invDenom*exp(-mu*(x*x + y*y)*invDenom);
            }
            operator==(values);
        #};
    }
    yMax
    {
        type codedFixedValue;
        value uniform 0;
        name yMaxGaussianDirichlet;
        code
        #{ 
            const scalar t = this->db().time().value();
            const scalar denom = 1.0 + 4.0*t;
            const scalar invDenom = 1.0/denom;
            const scalar mu = 1;
            const vectorField& Cf = patch().Cf();
            scalarField values(patch().size(), 0.0);
            forAll(Cf, i)
            {
                const scalar x = Cf[i].x();
                const scalar y = Cf[i].y();
                values[i] = invDenom*exp(-mu*(x*x + y*y)*invDenom);
            }
            operator==(values);
        #};
    }
    zMin
    {
        type empty;
    }
    zMax
    {
        type empty;
    }
}
