cell,x,y,initial,numerical,exact,error,absError
0,-4.8750000000000000e+00,-4.8750000000000000e+00,0.0000000000000000e+00,1.7810511946000000e-16,2.0070601278975503e-19,1.7790441344721025e-16,1.7790441344721025e-16
1,-4.6250000000000000e+00,-4.8750000000000000e+00,0.0000000000000000e+00,9.0036498261900005e-16,2.2281635694603555e-18,8.9813681904953977e-16,8.9813681904953977e-16
2,-4.3750000000000000e+00,-4.8750000000000000e+00,0.0000000000000000e+00,4.9134714873300004e-15,2.1244183379414846e-17,4.8922273039505854e-15,4.8922273039505854e-15
3,-4.1250000000000000e+00,-4.8750000000000000e+00,0.0000000000000000e+00,2.5158065843000001e-14,1.7404764544142301e-16,2.4984018197558580e-14,2.4984018197558580e-14
4,-3.8750000000000000e+00,-4.8750000000000000e+00,0.0000000000000000e+00,1.1996837176099999e-13,1.2260411691035671e-15,1.1874233059189643e-13,1.1874233059189643e-13
5,-3.6250000000000000e+00,-4.8750000000000000e+00,0.0000000000000000e+00,5.3064749592499996e-13,7.4315752531446378e-15,5.2321592067185533e-13,5.2321592067185533e-13
6,-3.3750000000000000e+00,-4.8750000000000000e+00,0.0000000000000000e+00,2.1677533428000001e-12,3.8796959544152650e-14,2.1289563832558475e-12,2.1289563832558475e-12
7,-3.1250000000000000e+00,-4.8750000000000000e+00,0.0000000000000000e+00,8.1395666531900001e-12,1.7464255260017830e-13,7.9649241005898217e-12,7.9649241005898217e-12
8,-2.8750000000000000e+00,-4.8750000000000000e+00,0.0000000000000000e+00,2.7944835423900000e-11,6.7881715919607272e-13,2.7266018264703927e-11,2.7266018264703927e-11
9,-2.6250000000000000e+00,-4.8750000000000000e+00,0.0000000000000000e+00,8.7223264777200002e-11,2.2823298848204748e-12,8.4940934892379534e-11,8.4940934892379534e-11
10,-2.3750000000000000e+00,-4.8750000000000000e+00,0.0000000000000000e+00,2.4600454785899997e-10,6.6528540227483794e-12,2.3935169383625160e-10,2.3935169383625160e-10
11,-2.1250000000000000e+00,-4.8750000000000000e+00,0.0000000000000000e+00,6.2299558863099998e-10,1.6861654580273932e-11,6.0613393405072609e-10,6.0613393405072609e-10
12,-1.8750000000000000e+00,-4.8750000000000000e+00,0.0000000000000000e+00,1.4078800943000001e-09,3.7297802879776104e-11,1.3705822914202239e-09,1.3705822914202239e-09
13,-1.6250000000000000e+00,-4.8750000000000000e+00,0.0000000000000000e+00,2.8238325774800001e-09,7.2355895089729565e-11,2.7514766823902705e-09,2.7514766823902705e-09
14,-1.3750000000000000e+00,-4.8750000000000000e+00,0.0000000000000000e+00,5.0094232434000000e-09,1.2388533696169088e-10,4.8855379064383088e-09,4.8855379064383088e-09
15,-1.1250000000000000e+00,-4.8750000000000000e+00,0.0000000000000000e+00,7.8600268400100008e-09,1.8873108111170397e-10,7.6712957588982967e-09,7.6712957588982967e-09
16,-8.7500000000000000e-01,-4.8750000000000000e+00,0.0000000000000000e+00,1.0966490086700001e-08,2.5841770537177915e-10,1.0708072381328221e-08,1.0708072381328221e-08
17,-6.2500000000000000e-01,-4.8750000000000000e+00,0.0000000000000000e+00,1.3763786345000000e-08,3.2179578037625632e-10,1.3441990564623744e-08,1.3441990564623744e-08
18,-3.7500000000000000e-01,-4.8750000000000000e+00,0.0000000000000000e+00,1.5792228820600000e-08,3.6898604447953211e-10,1.5423242776120467e-08,1.5423242776120467e-08
19,-1.2500000000000000e-01,-4.8750000000000000e+00,0.0000000000000000e+00,1.6831580697600000e-08,3.9384138886263766e-10,1.6437739308737363e-08,1.6437739308737363e-08
20,1.2500000000000000e-01,-4.8750000000000000e+00,0.0000000000000000e+00,1.6831580697600000e-08,3.9384138886263766e-10,1.6437739308737363e-08,1.6437739308737363e-08
21,3.7500000000000000e-01,-4.8750000000000000e+00,0.0000000000000000e+00,1.5792228820600000e-08,3.6898604447953211e-10,1.5423242776120467e-08,1.5423242776120467e-08
22,6.2500000000000000e-01,-4.8750000000000000e+00,0.0000000000000000e+00,1.3763786345000000e-08,3.2179578037625632e-10,1.3441990564623744e-08,1.3441990564623744e-08
23,8.7500000000000000e-01,-4.8750000000000000e+00,0.0000000000000000e+00,1.0966490086700001e-08,2.5841770537177915e-10,1.0708072381328221e-08,1.0708072381328221e-08
24,1.1250000000000000e+00,-4.8750000000000000e+00,0.0000000000000000e+00,7.8600268400100008e-09,1.8873108111170397e-10,7.6712957588982967e-09,7.6712957588982967e-09
25,1.3750000000000000e+00,-4.8750000000000000e+00,0.0000000000000000e+00,5.0094232434000000e-09,1.2388533696169088e-10,4.8855379064383088e-09,4.8855379064383088e-09
26,1.6250000000000000e+00,-4.8750000000000000e+00,0.0000000000000000e+00,2.8238325774800001e-09,7.2355895089729565e-11,2.7514766823902705e-09,2.7514766823902705e-09
27,1.8750000000000000e+00,-4.8750000000000000e+00,0.0000000000000000e+00,1.4078800943000001e-09,3.7297802879776104e-11,1.3705822914202239e-09,1.3705822914202239e-09
28,2.1250000000000000e+00,-4.8750000000000000e+00,0.0000000000000000e+00,6.2299558863099998e-10,1.6861654580273932e-11,6.0613393405072609e-10,6.0613393405072609e-10
29,2.3750000000000000e+00,-4.8750000000000000e+00,0.0000000000000000e+00,2.4600454785899997e-10,6.6528540227483794e-12,2.3935169383625160e-10,2.3935169383625160e-10
30,2.6250000000000000e+00,-4.8750000000000000e+00,0.0000000000000000e+00,8.7223264777200002e-11,2.2823298848204748e-12,8.4940934892379534e-11,8.4940934892379534e-11
31,2.8750000000000000e+00,-4.8750000000000000e+00,0.0000000000000000e+00,2.7944835423900000e-11,6.7881715919607272e-13,2.7266018264703927e-11,2.7266018264703927e-11
32,3.1250000000000000e+00,-4.8750000000000000e+00,0.0000000000000000e+00,8.1395666531900001e-12,1.7464255260017830e-13,7.9649241005898217e-12,7.9649241005898217e-12
33,3.3750000000000000e+00,-4.8750000000000000e+00,0.0000000000000000e+00,2.1677533428000001e-12,3.8796959544152650e-14,2.1289563832558475e-12,2.1289563832558475e-12
34,3.6250000000000000e+00,-4.8750000000000000e+00,0.0000000000000000e+00,5.3064749592499996e-13,7.4315752531446378e-15,5.2321592067185533e-13,5.2321592067185533e-13
35,3.8750000000000000e+00,-4.8750000000000000e+00,0.0000000000000000e+00,1.1996837176099999e-13,1.2260411691035671e-15,1.1874233059189643e-13,1.1874233059189643e-13
36,4.1250000000000000e+00,-4.8750000000000000e+00,0.0000000000000000e+00,2.5158065843000001e-14,1.7404764544142301e-16,2.4984018197558580e-14,2.4984018197558580e-14
37,4.3750000000000000e+00,-4.8750000000000000e+00,0.0000000000000000e+00,4.9134714873300004e-15,2.1244183379414846e-17,4.8922273039505854e-15,4.8922273039505854e-15
38,4.6250000000000000e+00,-4.8750000000000000e+00,0.0000000000000000e+00,9.0036498261900005e-16,2.2281635694603555e-18,8.9813681904953977e-16,8.9813681904953977e-16
39,4.8750000000000000e+00,-4.8750000000000000e+00,0.0000000000000000e+00,1.7810511946000000e-16,2.0070601278975503e-19,1.7790441344721025e-16,1.7790441344721025e-16
40,-4.8750000000000000e+00,-4.6250000000000000e+00,0.0000000000000000e+00,9.0036498261900005e-16,2.2281635694603555e-18,8.9813681904953977e-16,8.9813681904953977e-16
41,-4.6250000000000000e+00,-4.6250000000000000e+00,0.0000000000000000e+00,4.5221979612599998e-15,2.4736243938396520e-17,4.4974617173216034e-15,4.4974617173216034e-15
42,-4.3750000000000000e+00,-4.6250000000000000e+00,0.0000000000000000e+00,2.4537860783200001e-14,2.3584502930927421e-16,2.4302015753890728e-14,2.4302015753890728e-14
43,-4.1250000000000000e+00,-4.6250000000000000e+00,0.0000000000000000e+00,1.2494396250000001e-13,1.9322122816976558e-15,1.2301175021830235e-13,1.2301175021830235e-13
44,-3.8750000000000000e+00,-4.6250000000000000e+00,0.0000000000000000e+00,5.9257625518699995e-13,1.3611053449189920e-14,5.7896520173781000e-13,5.7896520173781000e-13
45,-3.6250000000000000e+00,-4.6250000000000000e+00,0.0000000000000000e+00,2.6072204599499998e-12,8.2502586806433927e-14,2.5247178731435657e-12,2.5247178731435657e-12
46,-3.3750000000000000e+00,-4.6250000000000000e+00,0.0000000000000000e+00,1.0595909963600000e-11,4.3070942748816727e-13,1.0165200536111832e-11,1.0165200536111832e-11
47,-3.1250000000000000e+00,-4.6250000000000000e+00,0.0000000000000000e+00,3.9587601241500001e-11,1.9388167199002035e-12,3.7648784521599799e-11,3.7648784521599799e-11
48,-2.8750000000000000e+00,-4.6250000000000000e+00,0.0000000000000000e+00,1.3526166818700001e-10,7.5359758455749949e-12,1.2772569234142500e-10,1.2772569234142500e-10
49,-2.6250000000000000e+00,-4.6250000000000000e+00,0.0000000000000000e+00,4.2026508770499999e-10,2.5337578242734206e-11,3.9492750946226578e-10,3.9492750946226578e-10
50,-2.3750000000000000e+00,-4.6250000000000000e+00,0.0000000000000000e+00,1.1802550781600000e-09,7.3857513087831029e-11,1.1063975650721691e-09,1.1063975650721691e-09
51,-2.1250000000000000e+00,-4.6250000000000000e+00,0.0000000000000000e+00,2.9772180181499999e-09,1.8719182317645290e-10,2.7900261949735470e-09,2.7900261949735470e-09
52,-1.8750000000000000e+00,-4.6250000000000000e+00,0.0000000000000000e+00,6.7045384448600002e-09,4.1406634730313744e-10,6.2904720975568629e-09,6.2904720975568629e-09
53,-1.6250000000000000e+00,-4.6250000000000000e+00,0.0000000000000000e+00,1.3407355267000000e-08,8.0326825905068396e-10,1.2604087007949316e-08,1.2604087007949316e-08
54,-1.3750000000000000e+00,-4.6250000000000000e+00,0.0000000000000000e+00,2.3727708298299999e-08,1.3753289738136347e-09,2.2352379324486363e-08,2.2352379324486363e-08
55,-1.1250000000000000e+00,-4.6250000000000000e+00,0.0000000000000000e+00,3.7166196664199999e-08,2.0952223279851418e-09,3.5070974336214854e-08,3.5070974336214854e-08
56,-8.7500000000000000e-01,-4.6250000000000000e+00,0.0000000000000000e+00,5.1801237986100002e-08,2.8688573342149979e-09,4.8932380651885006e-08,4.8932380651885006e-08
57,-6.2500000000000000e-01,-4.6250000000000000e+00,0.0000000000000000e+00,6.4983711001900006e-08,3.5724571709345403e-09,6.1411253830965471e-08,6.1411253830965471e-08
58,-3.7500000000000000e-01,-4.6250000000000000e+00,0.0000000000000000e+00,7.4552042716599996e-08,4.0963459465950725e-09,7.0455696770004924e-08,7.0455696770004924e-08
59,-1.2500000000000000e-01,-4.6250000000000000e+00,0.0000000000000000e+00,7.9459810836800006e-08,4.3722807434207199e-09,7.5087530093379287e-08,7.5087530093379287e-08
60,1.2500000000000000e-01,-4.6250000000000000e+00,0.0000000000000000e+00,7.9459810836800006e-08,4.3722807434207199e-09,7.5087530093379287e-08,7.5087530093379287e-08
61,3.7500000000000000e-01,-4.6250000000000000e+00,0.0000000000000000e+00,7.4552042716599996e-08,4.0963459465950725e-09,7.0455696770004924e-08,7.0455696770004924e-08
62,6.2500000000000000e-01,-4.6250000000000000e+00,0.0000000000000000e+00,6.4983711001900006e-08,3.5724571709345403e-09,6.1411253830965471e-08,6.1411253830965471e-08
63,8.7500000000000000e-01,-4.6250000000000000e+00,0.0000000000000000e+00,5.1801237986100002e-08,2.8688573342149979e-09,4.8932380651885006e-08,4.8932380651885006e-08
64,1.1250000000000000e+00,-4.6250000000000000e+00,0.0000000000000000e+00,3.7166196664199999e-08,2.0952223279851418e-09,3.5070974336214854e-08,3.5070974336214854e-08
65,1.3750000000000000e+00,-4.6250000000000000e+00,0.0000000000000000e+00,2.3727708298299999e-08,1.3753289738136347e-09,2.2352379324486363e-08,2.2352379324486363e-08
66,1.6250000000000000e+00,-4.6250000000000000e+00,0.0000000000000000e+00,1.3407355267000000e-08,8.0326825905068396e-10,1.2604087007949316e-08,1.2604087007949316e-08
67,1.8750000000000000e+00,-4.6250000000000000e+00,0.0000000000000000e+00,6.7045384448600002e-09,4.1406634730313744e-10,6.2904720975568629e-09,6.2904720975568629e-09
68,2.1250000000000000e+00,-4.6250000000000000e+00,0.0000000000000000e+00,2.9772180181499999e-09,1.8719182317645290e-10,2.7900261949735470e-09,2.7900261949735470e-09
69,2.3750000000000000e+00,-4.6250000000000000e+00,0.0000000000000000e+00,1.1802550781600000e-09,7.3857513087831029e-11,1.1063975650721691e-09,1.1063975650721691e-09
70,2.6250000000000000e+00,-4.6250000000000000e+00,0.0000000000000000e+00,4.2026508770499999e-10,2.5337578242734206e-11,3.9492750946226578e-10,3.9492750946226578e-10
71,2.8750000000000000e+00,-4.6250000000000000e+00,0.0000000000000000e+00,1.3526166818700001e-10,7.5359758455749949e-12,1.2772569234142500e-10,1.2772569234142500e-10
72,3.1250000000000000e+00,-4.6250000000000000e+00,0.0000000000000000e+00,3.9587601241500001e-11,1.9388167199002035e-12,3.7648784521599799e-11,3.7648784521599799e-11
73,3.3750000000000000e+00,-4.6250000000000000e+00,0.0000000000000000e+00,1.0595909963600000e-11,4.3070942748816727e-13,1.0165200536111832e-11,1.0165200536111832e-11
74,3.6250000000000000e+00,-4.6250000000000000e+00,0.0000000000000000e+00,2.6072204599499998e-12,8.2502586806433927e-14,2.5247178731435657e-12,2.5247178731435657e-12
75,3.8750000000000000e+00,-4.6250000000000000e+00,0.0000000000000000e+00,5.9257625518699995e-13,1.3611053449189920e-14,5.7896520173781000e-13,5.7896520173781000e-13
76,4.1250000000000000e+00,-4.6250000000000000e+00,0.0000000000000000e+00,1.2494396250000001e-13,1.9322122816976558e-15,1.2301175021830235e-13,1.2301175021830235e-13
77,4.3750000000000000e+00,-4.6250000000000000e+00,0.0000000000000000e+00,2.4537860783200001e-14,2.3584502930927421e-16,2.4302015753890728e-14,2.4302015753890728e-14
78,4.6250000000000000e+00,-4.6250000000000000e+00,0.0000000000000000e+00,4.5221979612599998e-15,2.4736243938396520e-17,4.4974617173216034e-15,4.4974617173216034e-15
79,4.8750000000000000e+00,-4.6250000000000000e+00,0.0000000000000000e+00,9.0036498261900005e-16,2.2281635694603555e-18,8.9813681904953977e-16,8.9813681904953977e-16
80,-4.8750000000000000e+00,-4.3750000000000000e+00,0.0000000000000000e+00,4.9134714873300004e-15,2.1244183379414846e-17,4.8922273039505854e-15,4.8922273039505854e-15
81,-4.6250000000000000e+00,-4.3750000000000000e+00,0.0000000000000000e+00,2.4537860783200001e-14,2.3584502930927421e-16,2.4302015753890728e-14,2.4302015753890728e-14
82,-4.3750000000000000e+00,-4.3750000000000000e+00,0.0000000000000000e+00,1.3247455479799999e-13,2.2486387985345063e-15,1.3022591599946549e-13,1.3022591599946549e-13
83,-4.1250000000000000e+00,-4.3750000000000000e+00,0.0000000000000000e+00,6.7125074940299998e-13,1.8422467992457195e-14,6.5282828141054279e-13,6.5282828141054279e-13
84,-3.8750000000000000e+00,-4.3750000000000000e+00,0.0000000000000000e+00,3.1683421965299998e-12,1.2977310975945942e-13,3.0385690867705405e-12,3.0385690867705405e-12
85,-3.6250000000000000e+00,-4.3750000000000000e+00,0.0000000000000000e+00,1.3874997007900000e-11,7.8661194690319122e-13,1.3088385060996809e-11,1.3088385060996809e-11
86,-3.3750000000000000e+00,-4.3750000000000000e+00,0.0000000000000000e+00,5.6132792770800002e-11,4.1065522236401548e-12,5.2026240547159846e-11,5.2026240547159846e-11
87,-3.1250000000000000e+00,-4.3750000000000000e+00,0.0000000000000000e+00,2.0879770026900000e-10,1.8485437290679282e-11,1.9031226297832071e-10,1.9031226297832071e-10
88,-2.8750000000000000e+00,-4.3750000000000000e+00,0.0000000000000000e+00,7.1040457571600005e-10,7.1850942632999786e-11,6.3855363308300024e-10,6.3855363308300024e-10
89,-2.6250000000000000e+00,-4.3750000000000000e+00,0.0000000000000000e+00,2.1984161088000002e-09,2.4157838587643891e-10,1.9568377229235613e-09,1.9568377229235613e-09
90,-2.3750000000000000e+00,-4.3750000000000000e+00,0.0000000000000000e+00,6.1507486995099998e-09,7.0418643114492027e-10,5.4465622683650798e-09,5.4465622683650798e-09
91,-2.1250000000000000e+00,-4.3750000000000000e+00,0.0000000000000000e+00,1.5461871747599999e-08,1.7847600926581432e-09,1.3677111654941856e-08,1.3677111654941856e-08
92,-1.8750000000000000e+00,-4.3750000000000000e+00,0.0000000000000000e+00,3.4712247070700003e-08,3.9478705845113401e-09,3.0764376486188664e-08,3.0764376486188664e-08
93,-1.6250000000000000e+00,-4.3750000000000000e+00,0.0000000000000000e+00,6.9233502915100002e-08,7.6586739106720969e-09,6.1574829004427900e-08,6.1574829004427900e-08
94,-1.3750000000000000e+00,-4.3750000000000000e+00,0.0000000000000000e+00,1.2226990781499999e-07,1.3112924619710757e-08,1.0915698319528924e-07,1.0915698319528924e-07
95,-1.1250000000000000e+00,-4.3750000000000000e+00,0.0000000000000000e+00,1.9123125410500000e-07,1.9976669561625197e-08,1.7125458454337479e-07,1.7125458454337479e-07
96,-8.7500000000000000e-01,-4.3750000000000000e+00,0.0000000000000000e+00,2.6628945197400001e-07,2.7352808444042297e-08,2.3893664352995770e-07,2.3893664352995770e-07
97,-6.2500000000000000e-01,-4.3750000000000000e+00,0.0000000000000000e+00,3.3391543201399999e-07,3.4061204614713219e-08,2.9985422739928679e-07,2.9985422739928679e-07
98,-3.7500000000000000e-01,-4.3750000000000000e+00,0.0000000000000000e+00,3.8304165418200000e-07,3.9056165206069165e-08,3.4398548897593081e-07,3.4398548897593081e-07
99,-1.2500000000000000e-01,-4.3750000000000000e+00,0.0000000000000000e+00,4.0826195485700001e-07,4.1687035535730541e-08,3.6657491932126947e-07,3.6657491932126947e-07
100,1.2500000000000000e-01,-4.3750000000000000e+00,0.0000000000000000e+00,4.0826195485700001e-07,4.1687035535730541e-08,3.6657491932126947e-07,3.6657491932126947e-07
101,3.7500000000000000e-01,-4.3750000000000000e+00,0.0000000000000000e+00,3.8304165418200000e-07,3.9056165206069165e-08,3.4398548897593081e-07,3.4398548897593081e-07
102,6.2500000000000000e-01,-4.3750000000000000e+00,0.0000000000000000e+00,3.3391543201399999e-07,3.4061204614713219e-08,2.9985422739928679e-07,2.9985422739928679e-07
103,8.7500000000000000e-01,-4.3750000000000000e+00,0.0000000000000000e+00,2.6628945197400001e-07,2.7352808444042297e-08,2.3893664352995770e-07,2.3893664352995770e-07
104,1.1250000000000000e+00,-4.3750000000000000e+00,0.0000000000000000e+00,1.9123125410500000e-07,1.9976669561625197e-08,1.7125458454337479e-07,1.7125458454337479e-07
105,1.3750000000000000e+00,-4.3750000000000000e+00,0.0000000000000000e+00,1.2226990781499999e-07,1.3112924619710757e-08,1.0915698319528924e-07,1.0915698319528924e-07
106,1.6250000000000000e+00,-4.3750000000000000e+00,0.0000000000000000e+00,6.9233502915100002e-08,7.6586739106720969e-09,6.1574829004427900e-08,6.1574829004427900e-08
107,1.8750000000000000e+00,-4.3750000000000000e+00,0.0000000000000000e+00,3.4712247070700003e-08,3.9478705845113401e-09,3.0764376486188664e-08,3.0764376486188664e-08
108,2.1250000000000000e+00,-4.3750000000000000e+00,0.0000000000000000e+00,1.5461871747599999e-08,1.7847600926581432e-09,1.3677111654941856e-08,1.3677111654941856e-08
109,2.3750000000000000e+00,-4.3750000000000000e+00,0.0000000000000000e+00,6.1507486995099998e-09,7.0418643114492027e-10,5.4465622683650798e-09,5.4465622683650798e-09
110,2.6250000000000000e+00,-4.3750000000000000e+00,0.0000000000000000e+00,2.1984161088000002e-09,2.4157838587643891e-10,1.9568377229235613e-09,1.9568377229235613e-09
111,2.8750000000000000e+00,-4.3750000000000000e+00,0.0000000000000000e+00,7.1040457571600005e-10,7.1850942632999786e-11,6.3855363308300024e-10,6.3855363308300024e-10
112,3.1250000000000000e+00,-4.3750000000000000e+00,0.0000000000000000e+00,2.0879770026900000e-10,1.8485437290679282e-11,1.9031226297832071e-10,1.9031226297832071e-10
113,3.3750000000000000e+00,-4.3750000000000000e+00,0.0000000000000000e+00,5.6132792770800002e-11,4.1065522236401548e-12,5.2026240547159846e-11,5.2026240547159846e-11
114,3.6250000000000000e+00,-4.3750000000000000e+00,0.0000000000000000e+00,1.3874997007900000e-11,7.8661194690319122e-13,1.3088385060996809e-11,1.3088385060996809e-11
115,3.8750000000000000e+00,-4.3750000000000000e+00,0.0000000000000000e+00,3.1683421965299998e-12,1.2977310975945942e-13,3.0385690867705405e-12,3.0385690867705405e-12
116,4.1250000000000000e+00,-4.3750000000000000e+00,0.0000000000000000e+00,6.7125074940299998e-13,1.8422467992457195e-14,6.5282828141054279e-13,6.5282828141054279e-13
117,4.3750000000000000e+00,-4.3750000000000000e+00,0.0000000000000000e+00,1.3247455479799999e-13,2.2486387985345063e-15,1.3022591599946549e-13,1.3022591599946549e-13
118,4.6250000000000000e+00,-4.3750000000000000e+00,0.0000000000000000e+00,2.4537860783200001e-14,2.3584502930927421e-16,2.4302015753890728e-14,2.4302015753890728e-14
119,4.8750000000000000e+00,-4.3750000000000000e+00,0.0000000000000000e+00,4.9134714873300004e-15,2.1244183379414846e-17,4.8922273039505854e-15,4.8922273039505854e-15
120,-4.8750000000000000e+00,-4.1250000000000000e+00,0.0000000000000000e+00,2.5158065843000001e-14,1.7404764544142301e-16,2.4984018197558580e-14,2.4984018197558580e-14
121,-4.6250000000000000e+00,-4.1250000000000000e+00,0.0000000000000000e+00,1.2494396250000001e-13,1.9322122816976558e-15,1.2301175021830235e-13,1.2301175021830235e-13
122,-4.3750000000000000e+00,-4.1250000000000000e+00,0.0000000000000000e+00,6.7125074940299998e-13,1.8422467992457195e-14,6.5282828141054279e-13,6.5282828141054279e-13
123,-4.1250000000000000e+00,-4.1250000000000000e+00,0.0000000000000000e+00,3.3851274783300000e-12,1.5093012143804377e-13,3.2341973568919564e-12,3.2341973568919564e-12
124,-3.8750000000000000e+00,-4.1250000000000000e+00,0.0000000000000000e+00,1.5903921039500000e-11,1.0631947480330683e-12,1.4840726291466931e-11,1.4840726291466931e-11
125,-3.6250000000000000e+00,-4.1250000000000000e+00,0.0000000000000000e+00,6.9332218908599996e-11,6.4444914068692767e-12,6.2887727501730719e-11,6.2887727501730719e-11
126,-3.3750000000000000e+00,-4.1250000000000000e+00,0.0000000000000000e+00,2.7925686844699998e-10,3.3643832414823356e-11,2.4561303603217662e-10,2.4561303603217662e-10
127,-3.1250000000000000e+00,-4.1250000000000000e+00,0.0000000000000000e+00,1.0343357712399999e-09,1.5144601126515159e-10,8.8288975997484834e-10,8.8288975997484834e-10
128,-2.8750000000000000e+00,-4.1250000000000000e+00,0.0000000000000000e+00,3.5048135493100002e-09,5.8865465264896543e-10,2.9161588966610346e-09,2.9161588966610346e-09
129,-2.6250000000000000e+00,-4.1250000000000000e+00,0.0000000000000000e+00,1.0803920251700001e-08,1.9791840665466822e-09,8.8247361851533189e-09,8.8247361851533189e-09
130,-2.3750000000000000e+00,-4.1250000000000000e+00,0.0000000000000000e+00,3.0117502040899997e-08,5.7692022377914529e-09,2.4348299803108545e-08,2.4348299803108545e-08
131,-2.1250000000000000e+00,-4.1250000000000000e+00,0.0000000000000000e+00,7.5457552590200000e-08,1.4622039654673793e-08,6.0835512935526204e-08,6.0835512935526204e-08
132,-1.8750000000000000e+00,-4.1250000000000000e+00,0.0000000000000000e+00,1.6890069381400000e-07,3.2343798180891963e-08,1.3655689563310804e-07,1.3655689563310804e-07
133,-1.6250000000000000e+00,-4.1250000000000000e+00,0.0000000000000000e+00,3.3601904641400000e-07,6.2745370699810325e-08,2.7327367571418970e-07,2.7327367571418970e-07
134,-1.3750000000000000e+00,-4.1250000000000000e+00,0.0000000000000000e+00,5.9222898359500001e-07,1.0743051941092723e-07,4.8479846418407279e-07,4.8479846418407279e-07
135,-1.1250000000000000e+00,-4.1250000000000000e+00,0.0000000000000000e+00,9.2490850643099998e-07,1.6366325967282145e-07,7.6124524675817859e-07,7.6124524675817859e-07
136,-8.7500000000000000e-01,-4.1250000000000000e+00,0.0000000000000000e+00,1.2867979694400000e-06,2.2409390000412267e-07,1.0627040694358773e-06,1.0627040694358773e-06
137,-6.2500000000000000e-01,-4.1250000000000000e+00,0.0000000000000000e+00,1.6129333646900000e-06,2.7905391128537022e-07,1.3338794534046297e-06,1.3338794534046297e-06
138,-3.7500000000000000e-01,-4.1250000000000000e+00,0.0000000000000000e+00,1.8500390984200000e-06,3.1997622467683682e-07,1.5300628737431633e-06,1.5300628737431633e-06
139,-1.2500000000000000e-01,-4.1250000000000000e+00,0.0000000000000000e+00,1.9718681148899998e-06,3.4153020856792651e-07,1.6303379063220732e-06,1.6303379063220732e-06
140,1.2500000000000000e-01,-4.1250000000000000e+00,0.0000000000000000e+00,1.9718681148899998e-06,3.4153020856792651e-07,1.6303379063220732e-06,1.6303379063220732e-06
141,3.7500000000000000e-01,-4.1250000000000000e+00,0.0000000000000000e+00,1.8500390984200000e-06,3.1997622467683682e-07,1.5300628737431633e-06,1.5300628737431633e-06
142,6.2500000000000000e-01,-4.1250000000000000e+00,0.0000000000000000e+00,1.6129333646900000e-06,2.7905391128537022e-07,1.3338794534046297e-06,1.3338794534046297e-06
143,8.7500000000000000e-01,-4.1250000000000000e+00,0.0000000000000000e+00,1.2867979694400000e-06,2.2409390000412267e-07,1.0627040694358773e-06,1.0627040694358773e-06
144,1.1250000000000000e+00,-4.1250000000000000e+00,0.0000000000000000e+00,9.2490850643099998e-07,1.6366325967282145e-07,7.6124524675817859e-07,7.6124524675817859e-07
145,1.3750000000000000e+00,-4.1250000000000000e+00,0.0000000000000000e+00,5.9222898359500001e-07,1.0743051941092723e-07,4.8479846418407279e-07,4.8479846418407279e-07
146,1.6250000000000000e+00,-4.1250000000000000e+00,0.0000000000000000e+00,3.3601904641400000e-07,6.2745370699810325e-08,2.7327367571418970e-07,2.7327367571418970e-07
147,1.8750000000000000e+00,-4.1250000000000000e+00,0.0000000000000000e+00,1.6890069381400000e-07,3.2343798180891963e-08,1.3655689563310804e-07,1.3655689563310804e-07
148,2.1250000000000000e+00,-4.1250000000000000e+00,0.0000000000000000e+00,7.5457552590200000e-08,1.4622039654673793e-08,6.0835512935526204e-08,6.0835512935526204e-08
149,2.3750000000000000e+00,-4.1250000000000000e+00,0.0000000000000000e+00,3.0117502040899997e-08,5.7692022377914529e-09,2.4348299803108545e-08,2.4348299803108545e-08
150,2.6250000000000000e+00,-4.1250000000000000e+00,0.0000000000000000e+00,1.0803920251700001e-08,1.9791840665466822e-09,8.8247361851533189e-09,8.8247361851533189e-09
151,2.8750000000000000e+00,-4.1250000000000000e+00,0.0000000000000000e+00,3.5048135493100002e-09,5.8865465264896543e-10,2.9161588966610346e-09,2.9161588966610346e-09
152,3.1250000000000000e+00,-4.1250000000000000e+00,0.0000000000000000e+00,1.0343357712399999e-09,1.5144601126515159e-10,8.8288975997484834e-10,8.8288975997484834e-10
153,3.3750000000000000e+00,-4.1250000000000000e+00,0.0000000000000000e+00,2.7925686844699998e-10,3.3643832414823356e-11,2.4561303603217662e-10,2.4561303603217662e-10
154,3.6250000000000000e+00,-4.1250000000000000e+00,0.0000000000000000e+00,6.9332218908599996e-11,6.4444914068692767e-12,6.2887727501730719e-11,6.2887727501730719e-11
155,3.8750000000000000e+00,-4.1250000000000000e+00,0.0000000000000000e+00,1.5903921039500000e-11,1.0631947480330683e-12,1.4840726291466931e-11,1.4840726291466931e-11
156,4.1250000000000000e+00,-4.1250000000000000e+00,0.0000000000000000e+00,3.3851274783300000e-12,1.5093012143804377e-13,3.2341973568919564e-12,3.2341973568919564e-12
157,4.3750000000000000e+00,-4.1250000000000000e+00,0.0000000000000000e+00,6.7125074940299998e-13,1.8422467992457195e-14,6.5282828141054279e-13,6.5282828141054279e-13
158,4.6250000000000000e+00,-4.1250000000000000e+00,0.0000000000000000e+00,1.2494396250000001e-13,1.9322122816976558e-15,1.2301175021830235e-13,1.2301175021830235e-13
159,4.8750000000000000e+00,-4.1250000000000000e+00,0.0000000000000000e+00,2.5158065843000001e-14,1.7404764544142301e-16,2.4984018197558580e-14,2.4984018197558580e-14
160,-4.8750000000000000e+00,-3.8750000000000000e+00,0.0000000000000000e+00,1.1996837176099999e-13,1.2260411691035671e-15,1.1874233059189643e-13,1.1874233059189643e-13
161,-4.6250000000000000e+00,-3.8750000000000000e+00,0.0000000000000000e+00,5.9257625518699995e-13,1.3611053449189920e-14,5.7896520173781000e-13,5.7896520173781000e-13
162,-4.3750000000000000e+00,-3.8750000000000000e+00,0.0000000000000000e+00,3.1683421965299998e-12,1.2977310975945942e-13,3.0385690867705405e-12,3.0385690867705405e-12
163,-4.1250000000000000e+00,-3.8750000000000000e+00,0.0000000000000000e+00,1.5903921039500000e-11,1.0631947480330683e-12,1.4840726291466931e-11,1.4840726291466931e-11
164,-3.8750000000000000e+00,-3.8750000000000000e+00,0.0000000000000000e+00,7.4380434856400003e-11,7.4894465165398901e-12,6.6890988339860108e-11,6.6890988339860108e-11
165,-3.6250000000000000e+00,-3.8750000000000000e+00,0.0000000000000000e+00,3.2282152770599998e-10,4.5396832337011476e-11,2.7742469536898851e-10,2.7742469536898851e-10
166,-3.3750000000000000e+00,-3.8750000000000000e+00,0.0000000000000000e+00,1.2946677554700000e-09,2.3699673455724557e-10,1.0576710209127544e-09,1.0576710209127544e-09
167,-3.1250000000000000e+00,-3.8750000000000000e+00,0.0000000000000000e+00,4.7753563464499997e-09,1.0668288228586812e-09,3.7085275235913187e-09,3.7085275235913187e-09
168,-2.8750000000000000e+00,-3.8750000000000000e+00,0.0000000000000000e+00,1.6116565874400001e-08,4.1466509742292958e-09,1.1969914900170705e-08,1.1969914900170705e-08
169,-2.6250000000000000e+00,-3.8750000000000000e+00,0.0000000000000000e+00,4.9492549998699997e-08,1.3941936075410587e-08,3.5550613923289409e-08,3.5550613923289409e-08
170,-2.3750000000000000e+00,-3.8750000000000000e+00,0.0000000000000000e+00,1.3747812962699999e-07,4.0639903162592981e-08,9.6838226464407012e-08,9.6838226464407012e-08
171,-2.1250000000000000e+00,-3.8750000000000000e+00,0.0000000000000000e+00,3.4332178554400002e-07,1.0300181049521013e-07,2.4031997504878988e-07,2.4031997504878988e-07
172,-1.8750000000000000e+00,-3.8750000000000000e+00,0.0000000000000000e+00,7.6624785666700004e-07,2.2783892326941433e-07,5.3840893339758573e-07,5.3840893339758573e-07
173,-1.6250000000000000e+00,-3.8750000000000000e+00,0.0000000000000000e+00,1.5206442951900000e-06,4.4199625598797863e-07,1.0786480392020214e-06,1.0786480392020214e-06
174,-1.3750000000000000e+00,-3.8750000000000000e+00,0.0000000000000000e+00,2.6748392418800000e-06,7.5677116620521058e-07,1.9180680756747895e-06,1.9180680756747895e-06
175,-1.1250000000000000e+00,-3.8750000000000000e+00,0.0000000000000000e+00,4.1714997409800003e-06,1.1528905991210295e-06,3.0186091418589708e-06,3.0186091418589708e-06
176,-8.7500000000000000e-01,-3.8750000000000000e+00,0.0000000000000000e+00,5.7986827911999997e-06,1.5785812353462775e-06,4.2201015558537223e-06,4.2201015558537223e-06
177,-6.2500000000000000e-01,-3.8750000000000000e+00,0.0000000000000000e+00,7.2654475221599996e-06,1.9657352029527182e-06,5.2997123192072814e-06,5.2997123192072814e-06
178,-3.7500000000000000e-01,-3.8750000000000000e+00,0.0000000000000000e+00,8.3326261596900000e-06,2.2540036298288644e-06,6.0786225298611356e-06,6.0786225298611356e-06
179,-1.2500000000000000e-01,-3.8750000000000000e+00,0.0000000000000000e+00,8.8814146478099995e-06,2.4058360291793339e-06,6.4755786186306656e-06,6.4755786186306656e-06
180,1.2500000000000000e-01,-3.8750000000000000e+00,0.0000000000000000e+00,8.8814146478099995e-06,2.4058360291793339e-06,6.4755786186306656e-06,6.4755786186306656e-06
181,3.7500000000000000e-01,-3.8750000000000000e+00,0.0000000000000000e+00,8.3326261596900000e-06,2.2540036298288644e-06,6.0786225298611356e-06,6.0786225298611356e-06
182,6.2500000000000000e-01,-3.8750000000000000e+00,0.0000000000000000e+00,7.2654475221599996e-06,1.9657352029527182e-06,5.2997123192072814e-06,5.2997123192072814e-06
183,8.7500000000000000e-01,-3.8750000000000000e+00,0.0000000000000000e+00,5.7986827911999997e-06,1.5785812353462775e-06,4.2201015558537223e-06,4.2201015558537223e-06
184,1.1250000000000000e+00,-3.8750000000000000e+00,0.0000000000000000e+00,4.1714997409800003e-06,1.1528905991210295e-06,3.0186091418589708e-06,3.0186091418589708e-06
185,1.3750000000000000e+00,-3.8750000000000000e+00,0.0000000000000000e+00,2.6748392418800000e-06,7.5677116620521058e-07,1.9180680756747895e-06,1.9180680756747895e-06
186,1.6250000000000000e+00,-3.8750000000000000e+00,0.0000000000000000e+00,1.5206442951900000e-06,4.4199625598797863e-07,1.0786480392020214e-06,1.0786480392020214e-06
187,1.8750000000000000e+00,-3.8750000000000000e+00,0.0000000000000000e+00,7.6624785666700004e-07,2.2783892326941433e-07,5.3840893339758573e-07,5.3840893339758573e-07
188,2.1250000000000000e+00,-3.8750000000000000e+00,0.0000000000000000e+00,3.4332178554400002e-07,1.0300181049521013e-07,2.4031997504878988e-07,2.4031997504878988e-07
189,2.3750000000000000e+00,-3.8750000000000000e+00,0.0000000000000000e+00,1.3747812962699999e-07,4.0639903162592981e-08,9.6838226464407012e-08,9.6838226464407012e-08
190,2.6250000000000000e+00,-3.8750000000000000e+00,0.0000000000000000e+00,4.9492549998699997e-08,1.3941936075410587e-08,3.5550613923289409e-08,3.5550613923289409e-08
191,2.8750000000000000e+00,-3.8750000000000000e+00,0.0000000000000000e+00,1.6116565874400001e-08,4.1466509742292958e-09,1.1969914900170705e-08,1.1969914900170705e-08
192,3.1250000000000000e+00,-3.8750000000000000e+00,0.0000000000000000e+00,4.7753563464499997e-09,1.0668288228586812e-09,3.7085275235913187e-09,3.7085275235913187e-09
193,3.3750000000000000e+00,-3.8750000000000000e+00,0.0000000000000000e+00,1.2946677554700000e-09,2.3699673455724557e-10,1.0576710209127544e-09,1.0576710209127544e-09
194,3.6250000000000000e+00,-3.8750000000000000e+00,0.0000000000000000e+00,3.2282152770599998e-10,4.5396832337011476e-11,2.7742469536898851e-10,2.7742469536898851e-10
195,3.8750000000000000e+00,-3.8750000000000000e+00,0.0000000000000000e+00,7.4380434856400003e-11,7.4894465165398901e-12,6.6890988339860108e-11,6.6890988339860108e-11
196,4.1250000000000000e+00,-3.8750000000000000e+00,0.0000000000000000e+00,1.5903921039500000e-11,1.0631947480330683e-12,1.4840726291466931e-11,1.4840726291466931e-11
197,4.3750000000000000e+00,-3.8750000000000000e+00,0.0000000000000000e+00,3.1683421965299998e-12,1.2977310975945942e-13,3.0385690867705405e-12,3.0385690867705405e-12
198,4.6250000000000000e+00,-3.8750000000000000e+00,0.0000000000000000e+00,5.9257625518699995e-13,1.3611053449189920e-14,5.7896520173781000e-13,5.7896520173781000e-13
199,4.8750000000000000e+00,-3.8750000000000000e+00,0.0000000000000000e+00,1.1996837176099999e-13,1.2260411691035671e-15,1.1874233059189643e-13,1.1874233059189643e-13
200,-4.8750000000000000e+00,-3.6250000000000000e+00,0.0000000000000000e+00,5.3064749592499996e-13,7.4315752531446378e-15,5.2321592067185533e-13,5.2321592067185533e-13
201,-4.6250000000000000e+00,-3.6250000000000000e+00,0.0000000000000000e+00,2.6072204599499998e-12,8.2502586806433927e-14,2.5247178731435657e-12,2.5247178731435657e-12
202,-4.3750000000000000e+00,-3.6250000000000000e+00,0.0000000000000000e+00,1.3874997007900000e-11,7.8661194690319122e-13,1.3088385060996809e-11,1.3088385060996809e-11
203,-4.1250000000000000e+00,-3.6250000000000000e+00,0.0000000000000000e+00,6.9332218908599996e-11,6.4444914068692767e-12,6.2887727501730719e-11,6.2887727501730719e-11
204,-3.8750000000000000e+00,-3.6250000000000000e+00,0.0000000000000000e+00,3.2282152770599998e-10,4.5396832337011476e-11,2.7742469536898851e-10,2.7742469536898851e-10
205,-3.6250000000000000e+00,-3.6250000000000000e+00,0.0000000000000000e+00,1.3950378387600001e-09,2.7517018536462555e-10,1.1198676533953744e-09,1.1198676533953744e-09
206,-3.3750000000000000e+00,-3.6250000000000000e+00,0.0000000000000000e+00,5.5712785547099997e-09,1.4365415387310999e-09,4.1347370159789002e-09,4.1347370159789002e-09
207,-3.1250000000000000e+00,-3.6250000000000000e+00,0.0000000000000000e+00,2.0466189829799999e-08,6.4665191341778529e-09,1.3999670695622145e-08,1.3999670695622145e-08
208,-2.8750000000000000e+00,-3.6250000000000000e+00,0.0000000000000000e+00,6.8803519360799998e-08,2.5134676991346135e-08,4.3668842369453863e-08,4.3668842369453863e-08
209,-2.6250000000000000e+00,-3.6250000000000000e+00,0.0000000000000000e+00,2.1050905526000000e-07,8.4508212064935577e-08,1.2600084319506441e-07,1.2600084319506441e-07
210,-2.3750000000000000e+00,-3.6250000000000000e+00,0.0000000000000000e+00,5.8272091111499996e-07,2.4633634354557973e-07,3.3638456756942022e-07,3.3638456756942022e-07
211,-2.1250000000000000e+00,-3.6250000000000000e+00,0.0000000000000000e+00,1.4506059421200001e-06,6.2433931681509165e-07,8.2626662530490845e-07,8.2626662530490845e-07
212,-1.8750000000000000e+00,-3.6250000000000000e+00,0.0000000000000000e+00,3.2284210064300001e-06,1.3810320130686168e-06,1.8473889933613833e-06,1.8473889933613833e-06
213,-1.6250000000000000e+00,-3.6250000000000000e+00,0.0000000000000000e+00,6.3915107655400001e-06,2.6791338829058312e-06,3.7123768826341689e-06,3.7123768826341689e-06
214,-1.3750000000000000e+00,-3.6250000000000000e+00,0.0000000000000000e+00,1.1221251418800001e-05,4.5871231837802796e-06,6.6341282350197212e-06,6.6341282350197212e-06
215,-1.1250000000000000e+00,-3.6250000000000000e+00,0.0000000000000000e+00,1.7475838071899999e-05,6.9881774461744795e-06,1.0487660625725520e-05,1.0487660625725520e-05
216,-8.7500000000000000e-01,-3.6250000000000000e+00,0.0000000000000000e+00,2.4272273793999998e-05,9.5684757896469207e-06,1.4703798004353078e-05,1.4703798004353078e-05
217,-6.2500000000000000e-01,-3.6250000000000000e+00,0.0000000000000000e+00,3.0400047745900001e-05,1.1915186420028489e-05,1.8484861325871511e-05,1.8484861325871511e-05
218,-3.7500000000000000e-01,-3.6250000000000000e+00,0.0000000000000000e+00,3.4861741516299999e-05,1.3662508256702259e-05,2.1199233259597738e-05,2.1199233259597738e-05
219,-1.2500000000000000e-01,-3.6250000000000000e+00,0.0000000000000000e+00,3.7157963003499999e-05,1.4582831268745590e-05,2.2575131734754408e-05,2.2575131734754408e-05
220,1.2500000000000000e-01,-3.6250000000000000e+00,0.0000000000000000e+00,3.7157963003499999e-05,1.4582831268745590e-05,2.2575131734754408e-05,2.2575131734754408e-05
221,3.7500000000000000e-01,-3.6250000000000000e+00,0.0000000000000000e+00,3.4861741516299999e-05,1.3662508256702259e-05,2.1199233259597738e-05,2.1199233259597738e-05
222,6.2500000000000000e-01,-3.6250000000000000e+00,0.0000000000000000e+00,3.0400047745900001e-05,1.1915186420028489e-05,1.8484861325871511e-05,1.8484861325871511e-05
223,8.7500000000000000e-01,-3.6250000000000000e+00,0.0000000000000000e+00,2.4272273793999998e-05,9.5684757896469207e-06,1.4703798004353078e-05,1.4703798004353078e-05
224,1.1250000000000000e+00,-3.6250000000000000e+00,0.0000000000000000e+00,1.7475838071899999e-05,6.9881774461744795e-06,1.0487660625725520e-05,1.0487660625725520e-05
225,1.3750000000000000e+00,-3.6250000000000000e+00,0.0000000000000000e+00,1.1221251418800001e-05,4.5871231837802796e-06,6.6341282350197212e-06,6.6341282350197212e-06
226,1.6250000000000000e+00,-3.6250000000000000e+00,0.0000000000000000e+00,6.3915107655400001e-06,2.6791338829058312e-06,3.7123768826341689e-06,3.7123768826341689e-06
227,1.8750000000000000e+00,-3.6250000000000000e+00,0.0000000000000000e+00,3.2284210064300001e-06,1.3810320130686168e-06,1.8473889933613833e-06,1.8473889933613833e-06
228,2.1250000000000000e+00,-3.6250000000000000e+00,0.0000000000000000e+00,1.4506059421200001e-06,6.2433931681509165e-07,8.2626662530490845e-07,8.2626662530490845e-07
229,2.3750000000000000e+00,-3.6250000000000000e+00,0.0000000000000000e+00,5.8272091111499996e-07,2.4633634354557973e-07,3.3638456756942022e-07,3.3638456756942022e-07
230,2.6250000000000000e+00,-3.6250000000000000e+00,0.0000000000000000e+00,2.1050905526000000e-07,8.4508212064935577e-08,1.2600084319506441e-07,1.2600084319506441e-07
231,2.8750000000000000e+00,-3.6250000000000000e+00,0.0000000000000000e+00,6.8803519360799998e-08,2.5134676991346135e-08,4.3668842369453863e-08,4.3668842369453863e-08
232,3.1250000000000000e+00,-3.6250000000000000e+00,0.0000000000000000e+00,2.0466189829799999e-08,6.4665191341778529e-09,1.3999670695622145e-08,1.3999670695622145e-08
233,3.3750000000000000e+00,-3.6250000000000000e+00,0.0000000000000000e+00,5.5712785547099997e-09,1.4365415387310999e-09,4.1347370159789002e-09,4.1347370159789002e-09
234,3.6250000000000000e+00,-3.6250000000000000e+00,0.0000000000000000e+00,1.3950378387600001e-09,2.7517018536462555e-10,1.1198676533953744e-09,1.1198676533953744e-09
235,3.8750000000000000e+00,-3.6250000000000000e+00,0.0000000000000000e+00,3.2282152770599998e-10,4.5396832337011476e-11,2.7742469536898851e-10,2.7742469536898851e-10
236,4.1250000000000000e+00,-3.6250000000000000e+00,0.0000000000000000e+00,6.9332218908599996e-11,6.4444914068692767e-12,6.2887727501730719e-11,6.2887727501730719e-11
237,4.3750000000000000e+00,-3.6250000000000000e+00,0.0000000000000000e+00,1.3874997007900000e-11,7.8661194690319122e-13,1.3088385060996809e-11,1.3088385060996809e-11
238,4.6250000000000000e+00,-3.6250000000000000e+00,0.0000000000000000e+00,2.6072204599499998e-12,8.2502586806433927e-14,2.5247178731435657e-12,2.5247178731435657e-12
239,4.8750000000000000e+00,-3.6250000000000000e+00,0.0000000000000000e+00,5.3064749592499996e-13,7.4315752531446378e-15,5.2321592067185533e-13,5.2321592067185533e-13
240,-4.8750000000000000e+00,-3.3750000000000000e+00,0.0000000000000000e+00,2.1677533428000001e-12,3.8796959544152650e-14,2.1289563832558475e-12,2.1289563832558475e-12
241,-4.6250000000000000e+00,-3.3750000000000000e+00,0.0000000000000000e+00,1.0595909963600000e-11,4.3070942748816727e-13,1.0165200536111832e-11,1.0165200536111832e-11
242,-4.3750000000000000e+00,-3.3750000000000000e+00,0.0000000000000000e+00,5.6132792770800002e-11,4.1065522236401548e-12,5.2026240547159846e-11,5.2026240547159846e-11
243,-4.1250000000000000e+00,-3.3750000000000000e+00,0.0000000000000000e+00,2.7925686844699998e-10,3.3643832414823356e-11,2.4561303603217662e-10,2.4561303603217662e-10
244,-3.8750000000000000e+00,-3.3750000000000000e+00,0.0000000000000000e+00,1.2946677554700000e-09,2.3699673455724557e-10,1.0576710209127544e-09,1.0576710209127544e-09
245,-3.6250000000000000e+00,-3.3750000000000000e+00,0.0000000000000000e+00,5.5712785547099997e-09,1.4365415387310999e-09,4.1347370159789002e-09,4.1347370159789002e-09
246,-3.3750000000000000e+00,-3.3750000000000000e+00,0.0000000000000000e+00,2.2158944664699999e-08,7.4995464707246177e-09,1.4659398193975381e-08,1.4659398193975381e-08
247,-3.1250000000000000e+00,-3.3750000000000000e+00,0.0000000000000000e+00,8.1080584731400003e-08,3.3758829412919939e-08,4.7321755318480063e-08,4.7321755318480063e-08
248,-2.8750000000000000e+00,-3.3750000000000000e+00,0.0000000000000000e+00,2.7154818108100000e-07,1.3121700489757812e-07,1.4033117618342188e-07,1.4033117618342188e-07
249,-2.6250000000000000e+00,-3.3750000000000000e+00,0.0000000000000000e+00,8.2784173311600002e-07,4.4117990775167447e-07,3.8666182536432555e-07,3.8666182536432555e-07
250,-2.3750000000000000e+00,-3.3750000000000000e+00,0.0000000000000000e+00,2.2839057770100000e-06,1.2860128343244992e-06,9.9789294268550083e-07,9.9789294268550083e-07
251,-2.1250000000000000e+00,-3.3750000000000000e+00,0.0000000000000000e+00,5.6680018184099997e-06,3.2593987669100683e-06,2.4086030514999314e-06,2.4086030514999314e-06
252,-1.8750000000000000e+00,-3.3750000000000000e+00,0.0000000000000000e+00,1.2580018711400000e-05,7.2097558478642519e-06,5.3702628635357481e-06,5.3702628635357481e-06
253,-1.6250000000000000e+00,-3.3750000000000000e+00,0.0000000000000000e+00,2.4847475552700000e-05,1.3986570185706379e-05,1.0860905366993621e-05,1.0860905366993621e-05
254,-1.3750000000000000e+00,-3.3750000000000000e+00,0.0000000000000000e+00,4.3542563475800000e-05,2.3947336402179668e-05,1.9595227073620332e-05,1.9595227073620332e-05
255,-1.1250000000000000e+00,-3.3750000000000000e+00,0.0000000000000000e+00,6.7722296936599996e-05,3.6482176178175416e-05,3.1240120758424581e-05,3.1240120758424581e-05
256,-8.7500000000000000e-01,-3.3750000000000000e+00,0.0000000000000000e+00,9.3983258422400000e-05,4.9952769832082669e-05,4.4030488590317331e-05,4.4030488590317331e-05
257,-6.2500000000000000e-01,-3.3750000000000000e+00,0.0000000000000000e+00,1.1766561154300000e-04,6.2203905599055002e-05,5.5461705943945000e-05,5.5461705943945000e-05
258,-3.7500000000000000e-01,-3.3750000000000000e+00,0.0000000000000000e+00,1.3492117755100000e-04,7.1325898218232390e-05,6.3595279332767613e-05,6.3595279332767613e-05
259,-1.2500000000000000e-01,-3.3750000000000000e+00,0.0000000000000000e+00,1.4380859183800001e-04,7.6130496631023691e-05,6.7678095206976320e-05,6.7678095206976320e-05
260,1.2500000000000000e-01,-3.3750000000000000e+00,0.0000000000000000e+00,1.4380859183800001e-04,7.6130496631023691e-05,6.7678095206976320e-05,6.7678095206976320e-05
261,3.7500000000000000e-01,-3.3750000000000000e+00,0.0000000000000000e+00,1.3492117755100000e-04,7.1325898218232390e-05,6.3595279332767613e-05,6.3595279332767613e-05
262,6.2500000000000000e-01,-3.3750000000000000e+00,0.0000000000000000e+00,1.1766561154300000e-04,6.2203905599055002e-05,5.5461705943945000e-05,5.5461705943945000e-05
263,8.7500000000000000e-01,-3.3750000000000000e+00,0.0000000000000000e+00,9.3983258422400000e-05,4.9952769832082669e-05,4.4030488590317331e-05,4.4030488590317331e-05
264,1.1250000000000000e+00,-3.3750000000000000e+00,0.0000000000000000e+00,6.7722296936599996e-05,3.6482176178175416e-05,3.1240120758424581e-05,3.1240120758424581e-05
265,1.3750000000000000e+00,-3.3750000000000000e+00,0.0000000000000000e+00,4.3542563475800000e-05,2.3947336402179668e-05,1.9595227073620332e-05,1.9595227073620332e-05
266,1.6250000000000000e+00,-3.3750000000000000e+00,0.0000000000000000e+00,2.4847475552700000e-05,1.3986570185706379e-05,1.0860905366993621e-05,1.0860905366993621e-05
267,1.8750000000000000e+00,-3.3750000000000000e+00,0.0000000000000000e+00,1.2580018711400000e-05,7.2097558478642519e-06,5.3702628635357481e-06,5.3702628635357481e-06
268,2.1250000000000000e+00,-3.3750000000000000e+00,0.0000000000000000e+00,5.6680018184099997e-06,3.2593987669100683e-06,2.4086030514999314e-06,2.4086030514999314e-06
269,2.3750000000000000e+00,-3.3750000000000000e+00,0.0000000000000000e+00,2.2839057770100000e-06,1.2860128343244992e-06,9.9789294268550083e-07,9.9789294268550083e-07
270,2.6250000000000000e+00,-3.3750000000000000e+00,0.0000000000000000e+00,8.2784173311600002e-07,4.4117990775167447e-07,3.8666182536432555e-07,3.8666182536432555e-07
271,2.8750000000000000e+00,-3.3750000000000000e+00,0.0000000000000000e+00,2.7154818108100000e-07,1.3121700489757812e-07,1.4033117618342188e-07,1.4033117618342188e-07
272,3.1250000000000000e+00,-3.3750000000000000e+00,0.0000000000000000e+00,8.1080584731400003e-08,3.3758829412919939e-08,4.7321755318480063e-08,4.7321755318480063e-08
273,3.3750000000000000e+00,-3.3750000000000000e+00,0.0000000000000000e+00,2.2158944664699999e-08,7.4995464707246177e-09,1.4659398193975381e-08,1.4659398193975381e-08
274,3.6250000000000000e+00,-3.3750000000000000e+00,0.0000000000000000e+00,5.5712785547099997e-09,1.4365415387310999e-09,4.1347370159789002e-09,4.1347370159789002e-09
275,3.8750000000000000e+00,-3.3750000000000000e+00,0.0000000000000000e+00,1.2946677554700000e-09,2.3699673455724557e-10,1.0576710209127544e-09,1.0576710209127544e-09
276,4.1250000000000000e+00,-3.3750000000000000e+00,0.0000000000000000e+00,2.7925686844699998e-10,3.3643832414823356e-11,2.4561303603217662e-10,2.4561303603217662e-10
277,4.3750000000000000e+00,-3.3750000000000000e+00,0.0000000000000000e+00,5.6132792770800002e-11,4.1065522236401548e-12,5.2026240547159846e-11,5.2026240547159846e-11
278,4.6250000000000000e+00,-3.3750000000000000e+00,0.0000000000000000e+00,1.0595909963600000e-11,4.3070942748816727e-13,1.0165200536111832e-11,1.0165200536111832e-11
279,4.8750000000000000e+00,-3.3750000000000000e+00,0.0000000000000000e+00,2.1677533428000001e-12,3.8796959544152650e-14,2.1289563832558475e-12,2.1289563832558475e-12
280,-4.8750000000000000e+00,-3.1250000000000000e+00,0.0000000000000000e+00,8.1395666531900001e-12,1.7464255260017830e-13,7.9649241005898217e-12,7.9649241005898217e-12
281,-4.6250000000000000e+00,-3.1250000000000000e+00,0.0000000000000000e+00,3.9587601241500001e-11,1.9388167199002035e-12,3.7648784521599799e-11,3.7648784521599799e-11
282,-4.3750000000000000e+00,-3.1250000000000000e+00,0.0000000000000000e+00,2.0879770026900000e-10,1.8485437290679282e-11,1.9031226297832071e-10,1.9031226297832071e-10
283,-4.1250000000000000e+00,-3.1250000000000000e+00,0.0000000000000000e+00,1.0343357712399999e-09,1.5144601126515159e-10,8.8288975997484834e-10,8.8288975997484834e-10
284,-3.8750000000000000e+00,-3.1250000000000000e+00,0.0000000000000000e+00,4.7753563464499997e-09,1.0668288228586812e-09,3.7085275235913187e-09,3.7085275235913187e-09
285,-3.6250000000000000e+00,-3.1250000000000000e+00,0.0000000000000000e+00,2.0466189829799999e-08,6.4665191341778529e-09,1.3999670695622145e-08,1.3999670695622145e-08
286,-3.3750000000000000e+00,-3.1250000000000000e+00,0.0000000000000000e+00,8.1080584731400003e-08,3.3758829412919939e-08,4.7321755318480063e-08,4.7321755318480063e-08
287,-3.1250000000000000e+00,-3.1250000000000000e+00,0.0000000000000000e+00,2.9554877769000001e-07,1.5196366444016620e-07,1.4358511324983381e-07,1.4358511324983381e-07
288,-2.8750000000000000e+00,-3.1250000000000000e+00,0.0000000000000000e+00,9.8621703645400007e-07,5.9066671587456848e-07,3.9555032057943159e-07,3.9555032057943159e-07
289,-2.6250000000000000e+00,-3.1250000000000000e+00,0.0000000000000000e+00,2.9961793017200000e-06,1.9859490576311453e-06,1.0102302440888547e-06,1.0102302440888547e-06
290,-2.3750000000000000e+00,-3.1250000000000000e+00,0.0000000000000000e+00,8.2393197114400007e-06,5.7889217789714813e-06,2.4503979324685193e-06,2.4503979324685193e-06
291,-2.1250000000000000e+00,-3.1250000000000000e+00,0.0000000000000000e+00,2.0387032071000000e-05,1.4672018820114998e-05,5.7150132508850020e-06,5.7150132508850020e-06
292,-1.8750000000000000e+00,-3.1250000000000000e+00,0.0000000000000000e+00,4.5129347889799997e-05,3.2454351570053578e-05,1.2674996319746419e-05,1.2674996319746419e-05
293,-1.6250000000000000e+00,-3.1250000000000000e+00,0.0000000000000000e+00,8.8937482559600005e-05,6.2959838813489200e-05,2.5977643746110806e-05,2.5977643746110806e-05
294,-1.3750000000000000e+00,-3.1250000000000000e+00,0.0000000000000000e+00,1.5557518911900000e-04,1.0779772452251761e-04,4.7777464596482393e-05,4.7777464596482393e-05
295,-1.1250000000000000e+00,-3.1250000000000000e+00,0.0000000000000000e+00,2.4165754899900001e-04,1.6422267226675599e-04,7.7434876732244019e-05,7.7434876732244019e-05
296,-8.7500000000000000e-01,-3.1250000000000000e+00,0.0000000000000000e+00,3.3510292944200003e-04,2.2485986879966556e-04,1.1024306064233446e-04,1.1024306064233446e-04
297,-6.2500000000000000e-01,-3.1250000000000000e+00,0.0000000000000000e+00,4.1938976380199999e-04,2.8000773728560879e-04,1.3938202651639120e-04,1.3938202651639120e-04
298,-3.7500000000000000e-01,-3.1250000000000000e+00,0.0000000000000000e+00,4.8084477513600000e-04,3.2106992603780010e-04,1.5977484909819991e-04,1.5977484909819991e-04
299,-1.2500000000000000e-01,-3.1250000000000000e+00,0.0000000000000000e+00,5.1252006274200000e-04,3.4269758296987798e-04,1.6982247977212202e-04,1.6982247977212202e-04
300,1.2500000000000000e-01,-3.1250000000000000e+00,0.0000000000000000e+00,5.1252006274200000e-04,3.4269758296987798e-04,1.6982247977212202e-04,1.6982247977212202e-04
301,3.7500000000000000e-01,-3.1250000000000000e+00,0.0000000000000000e+00,4.8084477513600000e-04,3.2106992603780010e-04,1.5977484909819991e-04,1.5977484909819991e-04
302,6.2500000000000000e-01,-3.1250000000000000e+00,0.0000000000000000e+00,4.1938976380199999e-04,2.8000773728560879e-04,1.3938202651639120e-04,1.3938202651639120e-04
303,8.7500000000000000e-01,-3.1250000000000000e+00,0.0000000000000000e+00,3.3510292944200003e-04,2.2485986879966556e-04,1.1024306064233446e-04,1.1024306064233446e-04
304,1.1250000000000000e+00,-3.1250000000000000e+00,0.0000000000000000e+00,2.4165754899900001e-04,1.6422267226675599e-04,7.7434876732244019e-05,7.7434876732244019e-05
305,1.3750000000000000e+00,-3.1250000000000000e+00,0.0000000000000000e+00,1.5557518911900000e-04,1.0779772452251761e-04,4.7777464596482393e-05,4.7777464596482393e-05
306,1.6250000000000000e+00,-3.1250000000000000e+00,0.0000000000000000e+00,8.8937482559600005e-05,6.2959838813489200e-05,2.5977643746110806e-05,2.5977643746110806e-05
307,1.8750000000000000e+00,-3.1250000000000000e+00,0.0000000000000000e+00,4.5129347889799997e-05,3.2454351570053578e-05,1.2674996319746419e-05,1.2674996319746419e-05
308,2.1250000000000000e+00,-3.1250000000000000e+00,0.0000000000000000e+00,2.0387032071000000e-05,1.4672018820114998e-05,5.7150132508850020e-06,5.7150132508850020e-06
309,2.3750000000000000e+00,-3.1250000000000000e+00,0.0000000000000000e+00,8.2393197114400007e-06,5.7889217789714813e-06,2.4503979324685193e-06,2.4503979324685193e-06
310,2.6250000000000000e+00,-3.1250000000000000e+00,0.0000000000000000e+00,2.9961793017200000e-06,1.9859490576311453e-06,1.0102302440888547e-06,1.0102302440888547e-06
311,2.8750000000000000e+00,-3.1250000000000000e+00,0.0000000000000000e+00,9.8621703645400007e-07,5.9066671587456848e-07,3.9555032057943159e-07,3.9555032057943159e-07
312,3.1250000000000000e+00,-3.1250000000000000e+00,0.0000000000000000e+00,2.9554877769000001e-07,1.5196366444016620e-07,1.4358511324983381e-07,1.4358511324983381e-07
313,3.3750000000000000e+00,-3.1250000000000000e+00,0.0000000000000000e+00,8.1080584731400003e-08,3.3758829412919939e-08,4.7321755318480063e-08,4.7321755318480063e-08
314,3.6250000000000000e+00,-3.1250000000000000e+00,0.0000000000000000e+00,2.0466189829799999e-08,6.4665191341778529e-09,1.3999670695622145e-08,1.3999670695622145e-08
315,3.8750000000000000e+00,-3.1250000000000000e+00,0.0000000000000000e+00,4.7753563464499997e-09,1.0668288228586812e-09,3.7085275235913187e-09,3.7085275235913187e-09
316,4.1250000000000000e+00,-3.1250000000000000e+00,0.0000000000000000e+00,1.0343357712399999e-09,1.5144601126515159e-10,8.8288975997484834e-10,8.8288975997484834e-10
317,4.3750000000000000e+00,-3.1250000000000000e+00,0.0000000000000000e+00,2.0879770026900000e-10,1.8485437290679282e-11,1.9031226297832071e-10,1.9031226297832071e-10
318,4.6250000000000000e+00,-3.1250000000000000e+00,0.0000000000000000e+00,3.9587601241500001e-11,1.9388167199002035e-12,3.7648784521599799e-11,3.7648784521599799e-11
319,4.8750000000000000e+00,-3.1250000000000000e+00,0.0000000000000000e+00,8.1395666531900001e-12,1.7464255260017830e-13,7.9649241005898217e-12,7.9649241005898217e-12
320,-4.8750000000000000e+00,-2.8750000000000000e+00,0.0000000000000000e+00,2.7944835423900000e-11,6.7881715919607272e-13,2.7266018264703927e-11,2.7266018264703927e-11
321,-4.6250000000000000e+00,-2.8750000000000000e+00,0.0000000000000000e+00,1.3526166818700001e-10,7.5359758455749949e-12,1.2772569234142500e-10,1.2772569234142500e-10
322,-4.3750000000000000e+00,-2.8750000000000000e+00,0.0000000000000000e+00,7.1040457571600005e-10,7.1850942632999786e-11,6.3855363308300024e-10,6.3855363308300024e-10
323,-4.1250000000000000e+00,-2.8750000000000000e+00,0.0000000000000000e+00,3.5048135493100002e-09,5.8865465264896543e-10,2.9161588966610346e-09,2.9161588966610346e-09
324,-3.8750000000000000e+00,-2.8750000000000000e+00,0.0000000000000000e+00,1.6116565874400001e-08,4.1466509742292958e-09,1.1969914900170705e-08,1.1969914900170705e-08
325,-3.6250000000000000e+00,-2.8750000000000000e+00,0.0000000000000000e+00,6.8803519360799998e-08,2.5134676991346135e-08,4.3668842369453863e-08,4.3668842369453863e-08
326,-3.3750000000000000e+00,-2.8750000000000000e+00,0.0000000000000000e+00,2.7154818108100000e-07,1.3121700489757812e-07,1.4033117618342188e-07,1.4033117618342188e-07
327,-3.1250000000000000e+00,-2.8750000000000000e+00,0.0000000000000000e+00,9.8621703645400007e-07,5.9066671587456848e-07,3.9555032057943159e-07,3.9555032057943159e-07
328,-2.8750000000000000e+00,-2.8750000000000000e+00,0.0000000000000000e+00,3.2794094767800000e-06,2.2958591484836045e-06,9.8355032829639548e-07,9.8355032829639548e-07
329,-2.6250000000000000e+00,-2.8750000000000000e+00,0.0000000000000000e+00,9.9300054496399999e-06,7.7191742650234000e-06,2.2108311846165999e-06,2.2108311846165999e-06
330,-2.3750000000000000e+00,-2.8750000000000000e+00,0.0000000000000000e+00,2.7222363824400001e-05,2.2500927627907821e-05,4.7214361964921793e-06,4.7214361964921793e-06
331,-2.1250000000000000e+00,-2.8750000000000000e+00,0.0000000000000000e+00,6.7166847374700004e-05,5.7028587745983335e-05,1.0138259628716668e-05,1.0138259628716668e-05
332,-1.8750000000000000e+00,-2.8750000000000000e+00,0.0000000000000000e+00,1.4830771654200000e-04,1.2614663727900577e-04,2.2161079262994233e-05,2.2161079262994233e-05
333,-1.6250000000000000e+00,-2.8750000000000000e+00,0.0000000000000000e+00,2.9164683044499999e-04,2.4471824472618105e-04,4.6928585718818941e-05,4.6928585718818941e-05
334,-1.3750000000000000e+00,-2.8750000000000000e+00,0.0000000000000000e+00,5.0929682439499998e-04,4.1899837146620774e-04,9.0298452928792231e-05,9.0298452928792231e-05
335,-1.1250000000000000e+00,-2.8750000000000000e+00,0.0000000000000000e+00,7.9012903649099998e-04,6.3831618470968905e-04,1.5181285178131093e-04,1.5181285178131093e-04
336,-8.7500000000000000e-01,-2.8750000000000000e+00,0.0000000000000000e+00,1.0948374847500001e-03,8.7400656416902821e-04,2.2083092058097190e-04,2.2083092058097190e-04
337,-6.2500000000000000e-01,-2.8750000000000000e+00,0.0000000000000000e+00,1.3697336624100000e-03,1.0883605051987954e-03,2.8137315721120468e-04,2.8137315721120468e-04
338,-3.7500000000000000e-01,-2.8750000000000000e+00,0.0000000000000000e+00,1.5702934675100001e-03,1.2479648965921617e-03,3.2232857091783838e-04,3.2232857091783838e-04
339,-1.2500000000000000e-01,-2.8750000000000000e+00,0.0000000000000000e+00,1.6737379904099999e-03,1.3320293151437568e-03,3.4170867526624312e-04,3.4170867526624312e-04
340,1.2500000000000000e-01,-2.8750000000000000e+00,0.0000000000000000e+00,1.6737379904099999e-03,1.3320293151437568e-03,3.4170867526624312e-04,3.4170867526624312e-04
341,3.7500000000000000e-01,-2.8750000000000000e+00,0.0000000000000000e+00,1.5702934675100001e-03,1.2479648965921617e-03,3.2232857091783838e-04,3.2232857091783838e-04
342,6.2500000000000000e-01,-2.8750000000000000e+00,0.0000000000000000e+00,1.3697336624100000e-03,1.0883605051987954e-03,2.8137315721120468e-04,2.8137315721120468e-04
343,8.7500000000000000e-01,-2.8750000000000000e+00,0.0000000000000000e+00,1.0948374847500001e-03,8.7400656416902821e-04,2.2083092058097190e-04,2.2083092058097190e-04
344,1.1250000000000000e+00,-2.8750000000000000e+00,0.0000000000000000e+00,7.9012903649099998e-04,6.3831618470968905e-04,1.5181285178131093e-04,1.5181285178131093e-04
345,1.3750000000000000e+00,-2.8750000000000000e+00,0.0000000000000000e+00,5.0929682439499998e-04,4.1899837146620774e-04,9.0298452928792231e-05,9.0298452928792231e-05
346,1.6250000000000000e+00,-2.8750000000000000e+00,0.0000000000000000e+00,2.9164683044499999e-04,2.4471824472618105e-04,4.6928585718818941e-05,4.6928585718818941e-05
347,1.8750000000000000e+00,-2.8750000000000000e+00,0.0000000000000000e+00,1.4830771654200000e-04,1.2614663727900577e-04,2.2161079262994233e-05,2.2161079262994233e-05
348,2.1250000000000000e+00,-2.8750000000000000e+00,0.0000000000000000e+00,6.7166847374700004e-05,5.7028587745983335e-05,1.0138259628716668e-05,1.0138259628716668e-05
349,2.3750000000000000e+00,-2.8750000000000000e+00,0.0000000000000000e+00,2.7222363824400001e-05,2.2500927627907821e-05,4.7214361964921793e-06,4.7214361964921793e-06
350,2.6250000000000000e+00,-2.8750000000000000e+00,0.0000000000000000e+00,9.9300054496399999e-06,7.7191742650234000e-06,2.2108311846165999e-06,2.2108311846165999e-06
351,2.8750000000000000e+00,-2.8750000000000000e+00,0.0000000000000000e+00,3.2794094767800000e-06,2.2958591484836045e-06,9.8355032829639548e-07,9.8355032829639548e-07
352,3.1250000000000000e+00,-2.8750000000000000e+00,0.0000000000000000e+00,9.8621703645400007e-07,5.9066671587456848e-07,3.9555032057943159e-07,3.9555032057943159e-07
353,3.3750000000000000e+00,-2.8750000000000000e+00,0.0000000000000000e+00,2.7154818108100000e-07,1.3121700489757812e-07,1.4033117618342188e-07,1.4033117618342188e-07
354,3.6250000000000000e+00,-2.8750000000000000e+00,0.0000000000000000e+00,6.8803519360799998e-08,2.5134676991346135e-08,4.3668842369453863e-08,4.3668842369453863e-08
355,3.8750000000000000e+00,-2.8750000000000000e+00,0.0000000000000000e+00,1.6116565874400001e-08,4.1466509742292958e-09,1.1969914900170705e-08,1.1969914900170705e-08
356,4.1250000000000000e+00,-2.8750000000000000e+00,0.0000000000000000e+00,3.5048135493100002e-09,5.8865465264896543e-10,2.9161588966610346e-09,2.9161588966610346e-09
357,4.3750000000000000e+00,-2.8750000000000000e+00,0.0000000000000000e+00,7.1040457571600005e-10,7.1850942632999786e-11,6.3855363308300024e-10,6.3855363308300024e-10
358,4.6250000000000000e+00,-2.8750000000000000e+00,0.0000000000000000e+00,1.3526166818700001e-10,7.5359758455749949e-12,1.2772569234142500e-10,1.2772569234142500e-10
359,4.8750000000000000e+00,-2.8750000000000000e+00,0.0000000000000000e+00,2.7944835423900000e-11,6.7881715919607272e-13,2.7266018264703927e-11,2.7266018264703927e-11
360,-4.8750000000000000e+00,-2.6250000000000000e+00,0.0000000000000000e+00,8.7223264777200002e-11,2.2823298848204748e-12,8.4940934892379534e-11,8.4940934892379534e-11
361,-4.6250000000000000e+00,-2.6250000000000000e+00,0.0000000000000000e+00,4.2026508770499999e-10,2.5337578242734206e-11,3.9492750946226578e-10,3.9492750946226578e-10
362,-4.3750000000000000e+00,-2.6250000000000000e+00,0.0000000000000000e+00,2.1984161088000002e-09,2.4157838587643891e-10,1.9568377229235613e-09,1.9568377229235613e-09
363,-4.1250000000000000e+00,-2.6250000000000000e+00,0.0000000000000000e+00,1.0803920251700001e-08,1.9791840665466822e-09,8.8247361851533189e-09,8.8247361851533189e-09
364,-3.8750000000000000e+00,-2.6250000000000000e+00,0.0000000000000000e+00,4.9492549998699997e-08,1.3941936075410587e-08,3.5550613923289409e-08,3.5550613923289409e-08
365,-3.6250000000000000e+00,-2.6250000000000000e+00,0.0000000000000000e+00,2.1050905526000000e-07,8.4508212064935577e-08,1.2600084319506441e-07,1.2600084319506441e-07
366,-3.3750000000000000e+00,-2.6250000000000000e+00,0.0000000000000000e+00,8.2784173311600002e-07,4.4117990775167447e-07,3.8666182536432555e-07,3.8666182536432555e-07
367,-3.1250000000000000e+00,-2.6250000000000000e+00,0.0000000000000000e+00,2.9961793017200000e-06,1.9859490576311453e-06,1.0102302440888547e-06,1.0102302440888547e-06
368,-2.8750000000000000e+00,-2.6250000000000000e+00,0.0000000000000000e+00,9.9300054496399999e-06,7.7191742650234000e-06,2.2108311846165999e-06,2.2108311846165999e-06
369,-2.6250000000000000e+00,-2.6250000000000000e+00,0.0000000000000000e+00,2.9973474935599999e-05,2.5953530891978010e-05,4.0199440436219890e-06,4.0199440436219890e-06
370,-2.3750000000000000e+00,-2.6250000000000000e+00,0.0000000000000000e+00,8.1928899558099999e-05,7.5652977927334936e-05,6.2759216307650624e-06,6.2759216307650624e-06
371,-2.1250000000000000e+00,-2.6250000000000000e+00,0.0000000000000000e+00,2.0160356026499999e-04,1.9174242774874968e-04,9.8611325162503119e-06,9.8611325162503119e-06
372,-1.8750000000000000e+00,-2.6250000000000000e+00,0.0000000000000000e+00,4.4408837622499997e-04,4.2413223683451795e-04,1.9956139390482023e-05,1.9956139390482023e-05
373,-1.6250000000000000e+00,-2.6250000000000000e+00,0.0000000000000000e+00,8.7152725875000003e-04,8.2279558749051259e-04,4.8731671259487439e-05,4.8731671259487439e-05
374,-1.3750000000000000e+00,-2.6250000000000000e+00,0.0000000000000000e+00,1.5194735578900000e-03,1.4087630106772483e-03,1.1071054721275165e-04,1.1071054721275165e-04
375,-1.1250000000000000e+00,-2.6250000000000000e+00,0.0000000000000000e+00,2.3545944669700002e-03,2.1461568621112398e-03,2.0843760485876042e-04,2.0843760485876042e-04
376,-8.7500000000000000e-01,-2.6250000000000000e+00,0.0000000000000000e+00,3.2603100356700001e-03,2.9385988169401264e-03,3.2171121872987376e-04,3.2171121872987376e-04
377,-6.2500000000000000e-01,-2.6250000000000000e+00,0.0000000000000000e+00,4.0775554797900003e-03,3.6593030580065675e-03,4.1825242178343287e-04,4.1825242178343287e-04
378,-3.7500000000000000e-01,-2.6250000000000000e+00,0.0000000000000000e+00,4.6741619088400002e-03,4.1959274896238696e-03,4.7823441921613068e-04,4.7823441921613068e-04
379,-1.2500000000000000e-01,-2.6250000000000000e+00,0.0000000000000000e+00,4.9820785416599999e-03,4.4785702191293911e-03,5.0350832253060872e-04,5.0350832253060872e-04
380,1.2500000000000000e-01,-2.6250000000000000e+00,0.0000000000000000e+00,4.9820785416599999e-03,4.4785702191293911e-03,5.0350832253060872e-04,5.0350832253060872e-04
381,3.7500000000000000e-01,-2.6250000000000000e+00,0.0000000000000000e+00,4.6741619088400002e-03,4.1959274896238696e-03,4.7823441921613068e-04,4.7823441921613068e-04
382,6.2500000000000000e-01,-2.6250000000000000e+00,0.0000000000000000e+00,4.0775554797900003e-03,3.6593030580065675e-03,4.1825242178343287e-04,4.1825242178343287e-04
383,8.7500000000000000e-01,-2.6250000000000000e+00,0.0000000000000000e+00,3.2603100356700001e-03,2.9385988169401264e-03,3.2171121872987376e-04,3.2171121872987376e-04
384,1.1250000000000000e+00,-2.6250000000000000e+00,0.0000000000000000e+00,2.3545944669700002e-03,2.1461568621112398e-03,2.0843760485876042e-04,2.0843760485876042e-04
385,1.3750000000000000e+00,-2.6250000000000000e+00,0.0000000000000000e+00,1.5194735578900000e-03,1.4087630106772483e-03,1.1071054721275165e-04,1.1071054721275165e-04
386,1.6250000000000000e+00,-2.6250000000000000e+00,0.0000000000000000e+00,8.7152725875000003e-04,8.2279558749051259e-04,4.8731671259487439e-05,4.8731671259487439e-05
387,1.8750000000000000e+00,-2.6250000000000000e+00,0.0000000000000000e+00,4.4408837622499997e-04,4.2413223683451795e-04,1.9956139390482023e-05,1.9956139390482023e-05
388,2.1250000000000000e+00,-2.6250000000000000e+00,0.0000000000000000e+00,2.0160356026499999e-04,1.9174242774874968e-04,9.8611325162503119e-06,9.8611325162503119e-06
389,2.3750000000000000e+00,-2.6250000000000000e+00,0.0000000000000000e+00,8.1928899558099999e-05,7.5652977927334936e-05,6.2759216307650624e-06,6.2759216307650624e-06
390,2.6250000000000000e+00,-2.6250000000000000e+00,0.0000000000000000e+00,2.9973474935599999e-05,2.5953530891978010e-05,4.0199440436219890e-06,4.0199440436219890e-06
391,2.8750000000000000e+00,-2.6250000000000000e+00,0.0000000000000000e+00,9.9300054496399999e-06,7.7191742650234000e-06,2.2108311846165999e-06,2.2108311846165999e-06
392,3.1250000000000000e+00,-2.6250000000000000e+00,0.0000000000000000e+00,2.9961793017200000e-06,1.9859490576311453e-06,1.0102302440888547e-06,1.0102302440888547e-06
393,3.3750000000000000e+00,-2.6250000000000000e+00,0.0000000000000000e+00,8.2784173311600002e-07,4.4117990775167447e-07,3.8666182536432555e-07,3.8666182536432555e-07
394,3.6250000000000000e+00,-2.6250000000000000e+00,0.0000000000000000e+00,2.1050905526000000e-07,8.4508212064935577e-08,1.2600084319506441e-07,1.2600084319506441e-07
395,3.8750000000000000e+00,-2.6250000000000000e+00,0.0000000000000000e+00,4.9492549998699997e-08,1.3941936075410587e-08,3.5550613923289409e-08,3.5550613923289409e-08
396,4.1250000000000000e+00,-2.6250000000000000e+00,0.0000000000000000e+00,1.0803920251700001e-08,1.9791840665466822e-09,8.8247361851533189e-09,8.8247361851533189e-09
397,4.3750000000000000e+00,-2.6250000000000000e+00,0.0000000000000000e+00,2.1984161088000002e-09,2.4157838587643891e-10,1.9568377229235613e-09,1.9568377229235613e-09
398,4.6250000000000000e+00,-2.6250000000000000e+00,0.0000000000000000e+00,4.2026508770499999e-10,2.5337578242734206e-11,3.9492750946226578e-10,3.9492750946226578e-10
399,4.8750000000000000e+00,-2.6250000000000000e+00,0.0000000000000000e+00,8.7223264777200002e-11,2.2823298848204748e-12,8.4940934892379534e-11,8.4940934892379534e-11
400,-4.8750000000000000e+00,-2.3750000000000000e+00,0.0000000000000000e+00,2.4600454785899997e-10,6.6528540227483794e-12,2.3935169383625160e-10,2.3935169383625160e-10
401,-4.6250000000000000e+00,-2.3750000000000000e+00,0.0000000000000000e+00,1.1802550781600000e-09,7.3857513087831029e-11,1.1063975650721691e-09,1.1063975650721691e-09
402,-4.3750000000000000e+00,-2.3750000000000000e+00,0.0000000000000000e+00,6.1507486995099998e-09,7.0418643114492027e-10,5.4465622683650798e-09,5.4465622683650798e-09
403,-4.1250000000000000e+00,-2.3750000000000000e+00,0.0000000000000000e+00,3.0117502040899997e-08,5.7692022377914529e-09,2.4348299803108545e-08,2.4348299803108545e-08
404,-3.8750000000000000e+00,-2.3750000000000000e+00,0.0000000000000000e+00,1.3747812962699999e-07,4.0639903162592981e-08,9.6838226464407012e-08,9.6838226464407012e-08
405,-3.6250000000000000e+00,-2.3750000000000000e+00,0.0000000000000000e+00,5.8272091111499996e-07,2.4633634354557973e-07,3.3638456756942022e-07,3.3638456756942022e-07
406,-3.3750000000000000e+00,-2.3750000000000000e+00,0.0000000000000000e+00,2.2839057770100000e-06,1.2860128343244992e-06,9.9789294268550083e-07,9.9789294268550083e-07
407,-3.1250000000000000e+00,-2.3750000000000000e+00,0.0000000000000000e+00,8.2393197114400007e-06,5.7889217789714813e-06,2.4503979324685193e-06,2.4503979324685193e-06
408,-2.8750000000000000e+00,-2.3750000000000000e+00,0.0000000000000000e+00,2.7222363824400001e-05,2.2500927627907821e-05,4.7214361964921793e-06,4.7214361964921793e-06
409,-2.6250000000000000e+00,-2.3750000000000000e+00,0.0000000000000000e+00,8.1928899558099999e-05,7.5652977927334936e-05,6.2759216307650624e-06,6.2759216307650624e-06
410,-2.3750000000000000e+00,-2.3750000000000000e+00,0.0000000000000000e+00,2.2332913793000000e-04,2.2052386987709893e-04,2.8052680529010675e-06,2.8052680529010675e-06
411,-2.1250000000000000e+00,-2.3750000000000000e+00,0.0000000000000000e+00,5.4817136266499999e-04,5.5891761759065323e-04,-1.0746254925653241e-05,1.0746254925653241e-05
412,-1.8750000000000000e+00,-2.3750000000000000e+00,0.0000000000000000e+00,1.2048131314800000e-03,1.2363199013291375e-03,-3.1506769849137502e-05,3.1506769849137502e-05
413,-1.6250000000000000e+00,-2.3750000000000000e+00,0.0000000000000000e+00,2.3599834731000001e-03,2.3983995348535892e-03,-3.8416061753589106e-05,3.8416061753589106e-05
414,-1.3750000000000000e+00,-2.3750000000000000e+00,0.0000000000000000e+00,4.1083482980900001e-03,4.1064592480768670e-03,1.8890500131331020e-06,1.8890500131331020e-06
415,-1.1250000000000000e+00,-2.3750000000000000e+00,0.0000000000000000e+00,6.3594618498300001e-03,6.2559178708159868e-03,1.0354397901401330e-04,1.0354397901401330e-04
416,-8.7500000000000000e-01,-2.3750000000000000e+00,0.0000000000000000e+00,8.7998441771700003e-03,8.5658383963462554e-03,2.3400578082374487e-04,2.3400578082374487e-04
417,-6.2500000000000000e-01,-2.3750000000000000e+00,0.0000000000000000e+00,1.1002205672900001e-02,1.0666647811006239e-02,3.3555786189376144e-04,3.3555786189376144e-04
418,-3.7500000000000000e-01,-2.3750000000000000e+00,0.0000000000000000e+00,1.2610866473799999e-02,1.2230875678473807e-02,3.7999079532619225e-04,3.7999079532619225e-04
419,-1.2500000000000000e-01,-2.3750000000000000e+00,0.0000000000000000e+00,1.3441615866800000e-02,1.3054762195711125e-02,3.8685367108887495e-04,3.8685367108887495e-04
420,1.2500000000000000e-01,-2.3750000000000000e+00,0.0000000000000000e+00,1.3441615866800000e-02,1.3054762195711125e-02,3.8685367108887495e-04,3.8685367108887495e-04
421,3.7500000000000000e-01,-2.3750000000000000e+00,0.0000000000000000e+00,1.2610866473799999e-02,1.2230875678473807e-02,3.7999079532619225e-04,3.7999079532619225e-04
422,6.2500000000000000e-01,-2.3750000000000000e+00,0.0000000000000000e+00,1.1002205672900001e-02,1.0666647811006239e-02,3.3555786189376144e-04,3.3555786189376144e-04
423,8.7500000000000000e-01,-2.3750000000000000e+00,0.0000000000000000e+00,8.7998441771700003e-03,8.5658383963462554e-03,2.3400578082374487e-04,2.3400578082374487e-04
424,1.1250000000000000e+00,-2.3750000000000000e+00,0.0000000000000000e+00,6.3594618498300001e-03,6.2559178708159868e-03,1.0354397901401330e-04,1.0354397901401330e-04
425,1.3750000000000000e+00,-2.3750000000000000e+00,0.0000000000000000e+00,4.1083482980900001e-03,4.1064592480768670e-03,1.8890500131331020e-06,1.8890500131331020e-06
426,1.6250000000000000e+00,-2.3750000000000000e+00,0.0000000000000000e+00,2.3599834731000001e-03,2.3983995348535892e-03,-3.8416061753589106e-05,3.8416061753589106e-05
427,1.8750000000000000e+00,-2.3750000000000000e+00,0.0000000000000000e+00,1.2048131314800000e-03,1.2363199013291375e-03,-3.1506769849137502e-05,3.1506769849137502e-05
428,2.1250000000000000e+00,-2.3750000000000000e+00,0.0000000000000000e+00,5.4817136266499999e-04,5.5891761759065323e-04,-1.0746254925653241e-05,1.0746254925653241e-05
429,2.3750000000000000e+00,-2.3750000000000000e+00,0.0000000000000000e+00,2.2332913793000000e-04,2.2052386987709893e-04,2.8052680529010675e-06,2.8052680529010675e-06
430,2.6250000000000000e+00,-2.3750000000000000e+00,0.0000000000000000e+00,8.1928899558099999e-05,7.5652977927334936e-05,6.2759216307650624e-06,6.2759216307650624e-06
431,2.8750000000000000e+00,-2.3750000000000000e+00,0.0000000000000000e+00,2.7222363824400001e-05,2.2500927627907821e-05,4.7214361964921793e-06,4.7214361964921793e-06
432,3.1250000000000000e+00,-2.3750000000000000e+00,0.0000000000000000e+00,8.2393197114400007e-06,5.7889217789714813e-06,2.4503979324685193e-06,2.4503979324685193e-06
433,3.3750000000000000e+00,-2.3750000000000000e+00,0.0000000000000000e+00,2.2839057770100000e-06,1.2860128343244992e-06,9.9789294268550083e-07,9.9789294268550083e-07
434,3.6250000000000000e+00,-2.3750000000000000e+00,0.0000000000000000e+00,5.8272091111499996e-07,2.4633634354557973e-07,3.3638456756942022e-07,3.3638456756942022e-07
435,3.8750000000000000e+00,-2.3750000000000000e+00,0.0000000000000000e+00,1.3747812962699999e-07,4.0639903162592981e-08,9.6838226464407012e-08,9.6838226464407012e-08
436,4.1250000000000000e+00,-2.3750000000000000e+00,0.0000000000000000e+00,3.0117502040899997e-08,5.7692022377914529e-09,2.4348299803108545e-08,2.4348299803108545e-08
437,4.3750000000000000e+00,-2.3750000000000000e+00,0.0000000000000000e+00,6.1507486995099998e-09,7.0418643114492027e-10,5.4465622683650798e-09,5.4465622683650798e-09
438,4.6250000000000000e+00,-2.3750000000000000e+00,0.0000000000000000e+00,1.1802550781600000e-09,7.3857513087831029e-11,1.1063975650721691e-09,1.1063975650721691e-09
439,4.8750000000000000e+00,-2.3750000000000000e+00,0.0000000000000000e+00,2.4600454785899997e-10,6.6528540227483794e-12,2.3935169383625160e-10,2.3935169383625160e-10
440,-4.8750000000000000e+00,-2.1250000000000000e+00,0.0000000000000000e+00,6.2299558863099998e-10,1.6861654580273932e-11,6.0613393405072609e-10,6.0613393405072609e-10
441,-4.6250000000000000e+00,-2.1250000000000000e+00,0.0000000000000000e+00,2.9772180181499999e-09,1.8719182317645290e-10,2.7900261949735470e-09,2.7900261949735470e-09
442,-4.3750000000000000e+00,-2.1250000000000000e+00,0.0000000000000000e+00,1.5461871747599999e-08,1.7847600926581432e-09,1.3677111654941856e-08,1.3677111654941856e-08
443,-4.1250000000000000e+00,-2.1250000000000000e+00,0.0000000000000000e+00,7.5457552590200000e-08,1.4622039654673793e-08,6.0835512935526204e-08,6.0835512935526204e-08
444,-3.8750000000000000e+00,-2.1250000000000000e+00,0.0000000000000000e+00,3.4332178554400002e-07,1.0300181049521013e-07,2.4031997504878988e-07,2.4031997504878988e-07
445,-3.6250000000000000e+00,-2.1250000000000000e+00,0.0000000000000000e+00,1.4506059421200001e-06,6.2433931681509165e-07,8.2626662530490845e-07,8.2626662530490845e-07
446,-3.3750000000000000e+00,-2.1250000000000000e+00,0.0000000000000000e+00,5.6680018184099997e-06,3.2593987669100683e-06,2.4086030514999314e-06,2.4086030514999314e-06
447,-3.1250000000000000e+00,-2.1250000000000000e+00,0.0000000000000000e+00,2.0387032071000000e-05,1.4672018820114998e-05,5.7150132508850020e-06,5.7150132508850020e-06
448,-2.8750000000000000e+00,-2.1250000000000000e+00,0.0000000000000000e+00,6.7166847374700004e-05,5.7028587745983335e-05,1.0138259628716668e-05,1.0138259628716668e-05
449,-2.6250000000000000e+00,-2.1250000000000000e+00,0.0000000000000000e+00,2.0160356026499999e-04,1.9174242774874968e-04,9.8611325162503119e-06,9.8611325162503119e-06
450,-2.3750000000000000e+00,-2.1250000000000000e+00,0.0000000000000000e+00,5.4817136266499999e-04,5.5891761759065323e-04,-1.0746254925653241e-05,1.0746254925653241e-05
451,-2.1250000000000000e+00,-2.1250000000000000e+00,0.0000000000000000e+00,1.3424269325299999e-03,1.4165763707453096e-03,-7.4149438215309659e-05,7.4149438215309659e-05
452,-1.8750000000000000e+00,-2.1250000000000000e+00,0.0000000000000000e+00,2.9444866946600002e-03,3.1334520576656744e-03,-1.8896536300567427e-04,1.8896536300567427e-04
453,-1.6250000000000000e+00,-2.1250000000000000e+00,0.0000000000000000e+00,5.7576839286600000e-03,6.0787422005517270e-03,-3.2105827189172695e-04,3.2105827189172695e-04
454,-1.3750000000000000e+00,-2.1250000000000000e+00,0.0000000000000000e+00,1.0009424193200001e-02,1.0407818532058955e-02,-3.9839433885895462e-04,3.9839433885895462e-04
455,-1.1250000000000000e+00,-2.1250000000000000e+00,0.0000000000000000e+00,1.5478653923700000e-02,1.5855620138300386e-02,-3.7696621460038549e-04,3.7696621460038549e-04
456,-8.7500000000000000e-01,-2.1250000000000000e+00,0.0000000000000000e+00,2.1405454612799999e-02,2.1710112342126896e-02,-3.0465772932689733e-04,3.0465772932689733e-04
457,-6.2500000000000000e-01,-2.1250000000000000e+00,0.0000000000000000e+00,2.6754964306299998e-02,2.7034612559305924e-02,-2.7964825300592563e-04,2.7964825300592563e-04
458,-3.7500000000000000e-01,-2.1250000000000000e+00,0.0000000000000000e+00,3.0664341679799999e-02,3.0999147162934663e-02,-3.3480548313466474e-04,3.3480548313466474e-04
459,-1.2500000000000000e-01,-2.1250000000000000e+00,0.0000000000000000e+00,3.2684330632399998e-02,3.3087287052897492e-02,-4.0295642049749392e-04,4.0295642049749392e-04
460,1.2500000000000000e-01,-2.1250000000000000e+00,0.0000000000000000e+00,3.2684330632399998e-02,3.3087287052897492e-02,-4.0295642049749392e-04,4.0295642049749392e-04
461,3.7500000000000000e-01,-2.1250000000000000e+00,0.0000000000000000e+00,3.0664341679799999e-02,3.0999147162934663e-02,-3.3480548313466474e-04,3.3480548313466474e-04
462,6.2500000000000000e-01,-2.1250000000000000e+00,0.0000000000000000e+00,2.6754964306299998e-02,2.7034612559305924e-02,-2.7964825300592563e-04,2.7964825300592563e-04
463,8.7500000000000000e-01,-2.1250000000000000e+00,0.0000000000000000e+00,2.1405454612799999e-02,2.1710112342126896e-02,-3.0465772932689733e-04,3.0465772932689733e-04
464,1.1250000000000000e+00,-2.1250000000000000e+00,0.0000000000000000e+00,1.5478653923700000e-02,1.5855620138300386e-02,-3.7696621460038549e-04,3.7696621460038549e-04
465,1.3750000000000000e+00,-2.1250000000000000e+00,0.0000000000000000e+00,1.0009424193200001e-02,1.0407818532058955e-02,-3.9839433885895462e-04,3.9839433885895462e-04
466,1.6250000000000000e+00,-2.1250000000000000e+00,0.0000000000000000e+00,5.7576839286600000e-03,6.0787422005517270e-03,-3.2105827189172695e-04,3.2105827189172695e-04
467,1.8750000000000000e+00,-2.1250000000000000e+00,0.0000000000000000e+00,2.9444866946600002e-03,3.1334520576656744e-03,-1.8896536300567427e-04,1.8896536300567427e-04
468,2.1250000000000000e+00,-2.1250000000000000e+00,0.0000000000000000e+00,1.3424269325299999e-03,1.4165763707453096e-03,-7.4149438215309659e-05,7.4149438215309659e-05
469,2.3750000000000000e+00,-2.1250000000000000e+00,0.0000000000000000e+00,5.4817136266499999e-04,5.5891761759065323e-04,-1.0746254925653241e-05,1.0746254925653241e-05
470,2.6250000000000000e+00,-2.1250000000000000e+00,0.0000000000000000e+00,2.0160356026499999e-04,1.9174242774874968e-04,9.8611325162503119e-06,9.8611325162503119e-06
471,2.8750000000000000e+00,-2.1250000000000000e+00,0.0000000000000000e+00,6.7166847374700004e-05,5.7028587745983335e-05,1.0138259628716668e-05,1.0138259628716668e-05
472,3.1250000000000000e+00,-2.1250000000000000e+00,0.0000000000000000e+00,2.0387032071000000e-05,1.4672018820114998e-05,5.7150132508850020e-06,5.7150132508850020e-06
473,3.3750000000000000e+00,-2.1250000000000000e+00,0.0000000000000000e+00,5.6680018184099997e-06,3.2593987669100683e-06,2.4086030514999314e-06,2.4086030514999314e-06
474,3.6250000000000000e+00,-2.1250000000000000e+00,0.0000000000000000e+00,1.4506059421200001e-06,6.2433931681509165e-07,8.2626662530490845e-07,8.2626662530490845e-07
475,3.8750000000000000e+00,-2.1250000000000000e+00,0.0000000000000000e+00,3.4332178554400002e-07,1.0300181049521013e-07,2.4031997504878988e-07,2.4031997504878988e-07
476,4.1250000000000000e+00,-2.1250000000000000e+00,0.0000000000000000e+00,7.5457552590200000e-08,1.4622039654673793e-08,6.0835512935526204e-08,6.0835512935526204e-08
477,4.3750000000000000e+00,-2.1250000000000000e+00,0.0000000000000000e+00,1.5461871747599999e-08,1.7847600926581432e-09,1.3677111654941856e-08,1.3677111654941856e-08
478,4.6250000000000000e+00,-2.1250000000000000e+00,0.0000000000000000e+00,2.9772180181499999e-09,1.8719182317645290e-10,2.7900261949735470e-09,2.7900261949735470e-09
479,4.8750000000000000e+00,-2.1250000000000000e+00,0.0000000000000000e+00,6.2299558863099998e-10,1.6861654580273932e-11,6.0613393405072609e-10,6.0613393405072609e-10
480,-4.8750000000000000e+00,-1.8750000000000000e+00,0.0000000000000000e+00,1.4078800943000001e-09,3.7297802879776104e-11,1.3705822914202239e-09,1.3705822914202239e-09
481,-4.6250000000000000e+00,-1.8750000000000000e+00,0.0000000000000000e+00,6.7045384448600002e-09,4.1406634730313744e-10,6.2904720975568629e-09,6.2904720975568629e-09
482,-4.3750000000000000e+00,-1.8750000000000000e+00,0.0000000000000000e+00,3.4712247070700003e-08,3.9478705845113401e-09,3.0764376486188664e-08,3.0764376486188664e-08
483,-4.1250000000000000e+00,-1.8750000000000000e+00,0.0000000000000000e+00,1.6890069381400000e-07,3.2343798180891963e-08,1.3655689563310804e-07,1.3655689563310804e-07
484,-3.8750000000000000e+00,-1.8750000000000000e+00,0.0000000000000000e+00,7.6624785666700004e-07,2.2783892326941433e-07,5.3840893339758573e-07,5.3840893339758573e-07
485,-3.6250000000000000e+00,-1.8750000000000000e+00,0.0000000000000000e+00,3.2284210064300001e-06,1.3810320130686168e-06,1.8473889933613833e-06,1.8473889933613833e-06
486,-3.3750000000000000e+00,-1.8750000000000000e+00,0.0000000000000000e+00,1.2580018711400000e-05,7.2097558478642519e-06,5.3702628635357481e-06,5.3702628635357481e-06
487,-3.1250000000000000e+00,-1.8750000000000000e+00,0.0000000000000000e+00,4.5129347889799997e-05,3.2454351570053578e-05,1.2674996319746419e-05,1.2674996319746419e-05
488,-2.8750000000000000e+00,-1.8750000000000000e+00,0.0000000000000000e+00,1.4830771654200000e-04,1.2614663727900577e-04,2.2161079262994233e-05,2.2161079262994233e-05
489,-2.6250000000000000e+00,-1.8750000000000000e+00,0.0000000000000000e+00,4.4408837622499997e-04,4.2413223683451795e-04,1.9956139390482023e-05,1.9956139390482023e-05
490,-2.3750000000000000e+00,-1.8750000000000000e+00,0.0000000000000000e+00,1.2048131314800000e-03,1.2363199013291375e-03,-3.1506769849137502e-05,3.1506769849137502e-05
491,-2.1250000000000000e+00,-1.8750000000000000e+00,0.0000000000000000e+00,2.9444866946600002e-03,3.1334520576656744e-03,-1.8896536300567427e-04,1.8896536300567427e-04
492,-1.8750000000000000e+00,-1.8750000000000000e+00,0.0000000000000000e+00,6.4467988238200002e-03,6.9311630494890896e-03,-4.8436422566908947e-04,4.8436422566908947e-04
493,-1.6250000000000000e+00,-1.8750000000000000e+00,0.0000000000000000e+00,1.2586834406000001e-02,1.3446113919235050e-02,-8.5927951323504920e-04,8.5927951323504920e-04
494,-1.3750000000000000e+00,-1.8750000000000000e+00,0.0000000000000000e+00,2.1854893357900002e-02,2.3021985308093601e-02,-1.1670919501935995e-03,1.1670919501935995e-03
495,-1.1250000000000000e+00,-1.8750000000000000e+00,0.0000000000000000e+00,3.3767007448999999e-02,3.5072465257755779e-02,-1.3054578087557805e-03,1.3054578087557805e-03
496,-8.7500000000000000e-01,-1.8750000000000000e+00,0.0000000000000000e+00,4.6671338847799997e-02,4.8022540538918357e-02,-1.3512016911183602e-03,1.3512016911183602e-03
497,-6.2500000000000000e-01,-1.8750000000000000e+00,0.0000000000000000e+00,5.8320216311700000e-02,5.9800279110671387e-02,-1.4800627989713863e-03,1.4800627989713863e-03
498,-3.7500000000000000e-01,-1.8750000000000000e+00,0.0000000000000000e+00,6.6836874098400001e-02,6.8569788025246353e-02,-1.7329139268463523e-03,1.7329139268463523e-03
499,-1.2500000000000000e-01,-1.8750000000000000e+00,0.0000000000000000e+00,7.1239564102100000e-02,7.3188731535828333e-02,-1.9491674337283327e-03,1.9491674337283327e-03
500,1.2500000000000000e-01,-1.8750000000000000e+00,0.0000000000000000e+00,7.1239564102100000e-02,7.3188731535828333e-02,-1.9491674337283327e-03,1.9491674337283327e-03
501,3.7500000000000000e-01,-1.8750000000000000e+00,0.0000000000000000e+00,6.6836874098400001e-02,6.8569788025246353e-02,-1.7329139268463523e-03,1.7329139268463523e-03
502,6.2500000000000000e-01,-1.8750000000000000e+00,0.0000000000000000e+00,5.8320216311700000e-02,5.9800279110671387e-02,-1.4800627989713863e-03,1.4800627989713863e-03
503,8.7500000000000000e-01,-1.8750000000000000e+00,0.0000000000000000e+00,4.6671338847799997e-02,4.8022540538918357e-02,-1.3512016911183602e-03,1.3512016911183602e-03
504,1.1250000000000000e+00,-1.8750000000000000e+00,0.0000000000000000e+00,3.3767007448999999e-02,3.5072465257755779e-02,-1.3054578087557805e-03,1.3054578087557805e-03
505,1.3750000000000000e+00,-1.8750000000000000e+00,0.0000000000000000e+00,2.1854893357900002e-02,2.3021985308093601e-02,-1.1670919501935995e-03,1.1670919501935995e-03
506,1.6250000000000000e+00,-1.8750000000000000e+00,0.0000000000000000e+00,1.2586834406000001e-02,1.3446113919235050e-02,-8.5927951323504920e-04,8.5927951323504920e-04
507,1.8750000000000000e+00,-1.8750000000000000e+00,0.0000000000000000e+00,6.4467988238200002e-03,6.9311630494890896e-03,-4.8436422566908947e-04,4.8436422566908947e-04
508,2.1250000000000000e+00,-1.8750000000000000e+00,0.0000000000000000e+00,2.9444866946600002e-03,3.1334520576656744e-03,-1.8896536300567427e-04,1.8896536300567427e-04
509,2.3750000000000000e+00,-1.8750000000000000e+00,0.0000000000000000e+00,1.2048131314800000e-03,1.2363199013291375e-03,-3.1506769849137502e-05,3.1506769849137502e-05
510,2.6250000000000000e+00,-1.8750000000000000e+00,0.0000000000000000e+00,4.4408837622499997e-04,4.2413223683451795e-04,1.9956139390482023e-05,1.9956139390482023e-05
511,2.8750000000000000e+00,-1.8750000000000000e+00,0.0000000000000000e+00,1.4830771654200000e-04,1.2614663727900577e-04,2.2161079262994233e-05,2.2161079262994233e-05
512,3.1250000000000000e+00,-1.8750000000000000e+00,0.0000000000000000e+00,4.5129347889799997e-05,3.2454351570053578e-05,1.2674996319746419e-05,1.2674996319746419e-05
513,3.3750000000000000e+00,-1.8750000000000000e+00,0.0000000000000000e+00,1.2580018711400000e-05,7.2097558478642519e-06,5.3702628635357481e-06,5.3702628635357481e-06
514,3.6250000000000000e+00,-1.8750000000000000e+00,0.0000000000000000e+00,3.2284210064300001e-06,1.3810320130686168e-06,1.8473889933613833e-06,1.8473889933613833e-06
515,3.8750000000000000e+00,-1.8750000000000000e+00,0.0000000000000000e+00,7.6624785666700004e-07,2.2783892326941433e-07,5.3840893339758573e-07,5.3840893339758573e-07
516,4.1250000000000000e+00,-1.8750000000000000e+00,0.0000000000000000e+00,1.6890069381400000e-07,3.2343798180891963e-08,1.3655689563310804e-07,1.3655689563310804e-07
517,4.3750000000000000e+00,-1.8750000000000000e+00,0.0000000000000000e+00,3.4712247070700003e-08,3.9478705845113401e-09,3.0764376486188664e-08,3.0764376486188664e-08
518,4.6250000000000000e+00,-1.8750000000000000e+00,0.0000000000000000e+00,6.7045384448600002e-09,4.1406634730313744e-10,6.2904720975568629e-09,6.2904720975568629e-09
519,4.8750000000000000e+00,-1.8750000000000000e+00,0.0000000000000000e+00,1.4078800943000001e-09,3.7297802879776104e-11,1.3705822914202239e-09,1.3705822914202239e-09
520,-4.8750000000000000e+00,-1.6250000000000000e+00,0.0000000000000000e+00,2.8238325774800001e-09,7.2355895089729565e-11,2.7514766823902705e-09,2.7514766823902705e-09
521,-4.6250000000000000e+00,-1.6250000000000000e+00,0.0000000000000000e+00,1.3407355267000000e-08,8.0326825905068396e-10,1.2604087007949316e-08,1.2604087007949316e-08
522,-4.3750000000000000e+00,-1.6250000000000000e+00,0.0000000000000000e+00,6.9233502915100002e-08,7.6586739106720969e-09,6.1574829004427900e-08,6.1574829004427900e-08
523,-4.1250000000000000e+00,-1.6250000000000000e+00,0.0000000000000000e+00,3.3601904641400000e-07,6.2745370699810325e-08,2.7327367571418970e-07,2.7327367571418970e-07
524,-3.8750000000000000e+00,-1.6250000000000000e+00,0.0000000000000000e+00,1.5206442951900000e-06,4.4199625598797863e-07,1.0786480392020214e-06,1.0786480392020214e-06
525,-3.6250000000000000e+00,-1.6250000000000000e+00,0.0000000000000000e+00,6.3915107655400001e-06,2.6791338829058312e-06,3.7123768826341689e-06,3.7123768826341689e-06
526,-3.3750000000000000e+00,-1.6250000000000000e+00,0.0000000000000000e+00,2.4847475552700000e-05,1.3986570185706379e-05,1.0860905366993621e-05,1.0860905366993621e-05
527,-3.1250000000000000e+00,-1.6250000000000000e+00,0.0000000000000000e+00,8.8937482559600005e-05,6.2959838813489200e-05,2.5977643746110806e-05,2.5977643746110806e-05
528,-2.8750000000000000e+00,-1.6250000000000000e+00,0.0000000000000000e+00,2.9164683044499999e-04,2.4471824472618105e-04,4.6928585718818941e-05,4.6928585718818941e-05
529,-2.6250000000000000e+00,-1.6250000000000000e+00,0.0000000000000000e+00,8.7152725875000003e-04,8.2279558749051259e-04,4.8731671259487439e-05,4.8731671259487439e-05
530,-2.3750000000000000e+00,-1.6250000000000000e+00,0.0000000000000000e+00,2.3599834731000001e-03,2.3983995348535892e-03,-3.8416061753589106e-05,3.8416061753589106e-05
531,-2.1250000000000000e+00,-1.6250000000000000e+00,0.0000000000000000e+00,5.7576839286600000e-03,6.0787422005517270e-03,-3.2105827189172695e-04,3.2105827189172695e-04
532,-1.8750000000000000e+00,-1.6250000000000000e+00,0.0000000000000000e+00,1.2586834406000001e-02,1.3446113919235050e-02,-8.5927951323504920e-04,8.5927951323504920e-04
533,-1.6250000000000000e+00,-1.6250000000000000e+00,0.0000000000000000e+00,2.4542793712600000e-02,2.6084796770489121e-02,-1.5420030578891207e-03,1.5420030578891207e-03
534,-1.3750000000000000e+00,-1.6250000000000000e+00,0.0000000000000000e+00,4.2570366019600001e-02,4.4661514220531891e-02,-2.0911482009318902e-03,2.0911482009318902e-03
535,-1.1250000000000000e+00,-1.6250000000000000e+00,0.0000000000000000e+00,6.5724723413800007e-02,6.8038850033827938e-02,-2.3141266200279315e-03,2.3141266200279315e-03
536,-8.7500000000000000e-01,-1.6250000000000000e+00,0.0000000000000000e+00,9.0800489910599996e-02,9.3161356350573321e-02,-2.3608664399733248e-03,2.3608664399733248e-03
537,-6.2500000000000000e-01,-1.6250000000000000e+00,0.0000000000000000e+00,1.1343904630000000e-01,1.1600958736404419e-01,-2.5705410640441961e-03,2.5705410640441961e-03
538,-3.7500000000000000e-01,-1.6250000000000000e+00,0.0000000000000000e+00,1.2999656253100000e-01,1.3302200144797116e-01,-3.0254389169711571e-03,3.0254389169711571e-03
539,-1.2500000000000000e-01,-1.6250000000000000e+00,0.0000000000000000e+00,1.3855942546300001e-01,1.4198252368447728e-01,-3.4230982214772665e-03,3.4230982214772665e-03
540,1.2500000000000000e-01,-1.6250000000000000e+00,0.0000000000000000e+00,1.3855942546300001e-01,1.4198252368447728e-01,-3.4230982214772665e-03,3.4230982214772665e-03
541,3.7500000000000000e-01,-1.6250000000000000e+00,0.0000000000000000e+00,1.2999656253100000e-01,1.3302200144797116e-01,-3.0254389169711571e-03,3.0254389169711571e-03
542,6.2500000000000000e-01,-1.6250000000000000e+00,0.0000000000000000e+00,1.1343904630000000e-01,1.1600958736404419e-01,-2.5705410640441961e-03,2.5705410640441961e-03
543,8.7500000000000000e-01,-1.6250000000000000e+00,0.0000000000000000e+00,9.0800489910599996e-02,9.3161356350573321e-02,-2.3608664399733248e-03,2.3608664399733248e-03
544,1.1250000000000000e+00,-1.6250000000000000e+00,0.0000000000000000e+00,6.5724723413800007e-02,6.8038850033827938e-02,-2.3141266200279315e-03,2.3141266200279315e-03
545,1.3750000000000000e+00,-1.6250000000000000e+00,0.0000000000000000e+00,4.2570366019600001e-02,4.4661514220531891e-02,-2.0911482009318902e-03,2.0911482009318902e-03
546,1.6250000000000000e+00,-1.6250000000000000e+00,0.0000000000000000e+00,2.4542793712600000e-02,2.6084796770489121e-02,-1.5420030578891207e-03,1.5420030578891207e-03
547,1.8750000000000000e+00,-1.6250000000000000e+00,0.0000000000000000e+00,1.2586834406000001e-02,1.3446113919235050e-02,-8.5927951323504920e-04,8.5927951323504920e-04
548,2.1250000000000000e+00,-1.6250000000000000e+00,0.0000000000000000e+00,5.7576839286600000e-03,6.0787422005517270e-03,-3.2105827189172695e-04,3.2105827189172695e-04
549,2.3750000000000000e+00,-1.6250000000000000e+00,0.0000000000000000e+00,2.3599834731000001e-03,2.3983995348535892e-03,-3.8416061753589106e-05,3.8416061753589106e-05
550,2.6250000000000000e+00,-1.6250000000000000e+00,0.0000000000000000e+00,8.7152725875000003e-04,8.2279558749051259e-04,4.8731671259487439e-05,4.8731671259487439e-05
551,2.8750000000000000e+00,-1.6250000000000000e+00,0.0000000000000000e+00,2.9164683044499999e-04,2.4471824472618105e-04,4.6928585718818941e-05,4.6928585718818941e-05
552,3.1250000000000000e+00,-1.6250000000000000e+00,0.0000000000000000e+00,8.8937482559600005e-05,6.2959838813489200e-05,2.5977643746110806e-05,2.5977643746110806e-05
553,3.3750000000000000e+00,-1.6250000000000000e+00,0.0000000000000000e+00,2.4847475552700000e-05,1.3986570185706379e-05,1.0860905366993621e-05,1.0860905366993621e-05
554,3.6250000000000000e+00,-1.6250000000000000e+00,0.0000000000000000e+00,6.3915107655400001e-06,2.6791338829058312e-06,3.7123768826341689e-06,3.7123768826341689e-06
555,3.8750000000000000e+00,-1.6250000000000000e+00,0.0000000000000000e+00,1.5206442951900000e-06,4.4199625598797863e-07,1.0786480392020214e-06,1.0786480392020214e-06
556,4.1250000000000000e+00,-1.6250000000000000e+00,0.0000000000000000e+00,3.3601904641400000e-07,6.2745370699810325e-08,2.7327367571418970e-07,2.7327367571418970e-07
557,4.3750000000000000e+00,-1.6250000000000000e+00,0.0000000000000000e+00,6.9233502915100002e-08,7.6586739106720969e-09,6.1574829004427900e-08,6.1574829004427900e-08
558,4.6250000000000000e+00,-1.6250000000000000e+00,0.0000000000000000e+00,1.3407355267000000e-08,8.0326825905068396e-10,1.2604087007949316e-08,1.2604087007949316e-08
559,4.8750000000000000e+00,-1.6250000000000000e+00,0.0000000000000000e+00,2.8238325774800001e-09,7.2355895089729565e-11,2.7514766823902705e-09,2.7514766823902705e-09
560,-4.8750000000000000e+00,-1.3750000000000000e+00,0.0000000000000000e+00,5.0094232434000000e-09,1.2388533696169088e-10,4.8855379064383088e-09,4.8855379064383088e-09
561,-4.6250000000000000e+00,-1.3750000000000000e+00,0.0000000000000000e+00,2.3727708298299999e-08,1.3753289738136347e-09,2.2352379324486363e-08,2.2352379324486363e-08
562,-4.3750000000000000e+00,-1.3750000000000000e+00,0.0000000000000000e+00,1.2226990781499999e-07,1.3112924619710757e-08,1.0915698319528924e-07,1.0915698319528924e-07
563,-4.1250000000000000e+00,-1.3750000000000000e+00,0.0000000000000000e+00,5.9222898359500001e-07,1.0743051941092723e-07,4.8479846418407279e-07,4.8479846418407279e-07
564,-3.8750000000000000e+00,-1.3750000000000000e+00,0.0000000000000000e+00,2.6748392418800000e-06,7.5677116620521058e-07,1.9180680756747895e-06,1.9180680756747895e-06
565,-3.6250000000000000e+00,-1.3750000000000000e+00,0.0000000000000000e+00,1.1221251418800001e-05,4.5871231837802796e-06,6.6341282350197212e-06,6.6341282350197212e-06
566,-3.3750000000000000e+00,-1.3750000000000000e+00,0.0000000000000000e+00,4.3542563475800000e-05,2.3947336402179668e-05,1.9595227073620332e-05,1.9595227073620332e-05
567,-3.1250000000000000e+00,-1.3750000000000000e+00,0.0000000000000000e+00,1.5557518911900000e-04,1.0779772452251761e-04,4.7777464596482393e-05,4.7777464596482393e-05
568,-2.8750000000000000e+00,-1.3750000000000000e+00,0.0000000000000000e+00,5.0929682439499998e-04,4.1899837146620774e-04,9.0298452928792231e-05,9.0298452928792231e-05
569,-2.6250000000000000e+00,-1.3750000000000000e+00,0.0000000000000000e+00,1.5194735578900000e-03,1.4087630106772483e-03,1.1071054721275165e-04,1.1071054721275165e-04
570,-2.3750000000000000e+00,-1.3750000000000000e+00,0.0000000000000000e+00,4.1083482980900001e-03,4.1064592480768670e-03,1.8890500131331020e-06,1.8890500131331020e-06
571,-2.1250000000000000e+00,-1.3750000000000000e+00,0.0000000000000000e+00,1.0009424193200001e-02,1.0407818532058955e-02,-3.9839433885895462e-04,3.9839433885895462e-04
572,-1.8750000000000000e+00,-1.3750000000000000e+00,0.0000000000000000e+00,2.1854893357900002e-02,2.3021985308093601e-02,-1.1670919501935995e-03,1.1670919501935995e-03
573,-1.6250000000000000e+00,-1.3750000000000000e+00,0.0000000000000000e+00,4.2570366019600001e-02,4.4661514220531891e-02,-2.0911482009318902e-03,2.0911482009318902e-03
574,-1.3750000000000000e+00,-1.3750000000000000e+00,0.0000000000000000e+00,7.3779264126600005e-02,7.6467946828223277e-02,-2.6886827016232712e-03,2.6886827016232712e-03
575,-1.1250000000000000e+00,-1.3750000000000000e+00,0.0000000000000000e+00,1.1384122136400000e-01,1.1649383719838977e-01,-2.6526158343897627e-03,2.6526158343897627e-03
576,-8.7500000000000000e-01,-1.3750000000000000e+00,0.0000000000000000e+00,1.5721768728300001e-01,1.5950774997650674e-01,-2.2900626935067336e-03,2.2900626935067336e-03
577,-6.2500000000000000e-01,-1.3750000000000000e+00,0.0000000000000000e+00,1.9638148169500000e-01,1.9862772485308280e-01,-2.2462431580828057e-03,2.2462431580828057e-03
578,-3.7500000000000000e-01,-1.3750000000000000e+00,0.0000000000000000e+00,2.2503372783100001e-01,2.2775580969959680e-01,-2.7220818685967929e-03,2.7220818685967929e-03
579,-1.2500000000000000e-01,-1.3750000000000000e+00,0.0000000000000000e+00,2.3985620105100000e-01,2.4309771536251013e-01,-3.2415143115101241e-03,3.2415143115101241e-03
580,1.2500000000000000e-01,-1.3750000000000000e+00,0.0000000000000000e+00,2.3985620105100000e-01,2.4309771536251013e-01,-3.2415143115101241e-03,3.2415143115101241e-03
581,3.7500000000000000e-01,-1.3750000000000000e+00,0.0000000000000000e+00,2.2503372783100001e-01,2.2775580969959680e-01,-2.7220818685967929e-03,2.7220818685967929e-03
582,6.2500000000000000e-01,-1.3750000000000000e+00,0.0000000000000000e+00,1.9638148169500000e-01,1.9862772485308280e-01,-2.2462431580828057e-03,2.2462431580828057e-03
583,8.7500000000000000e-01,-1.3750000000000000e+00,0.0000000000000000e+00,1.5721768728300001e-01,1.5950774997650674e-01,-2.2900626935067336e-03,2.2900626935067336e-03
584,1.1250000000000000e+00,-1.3750000000000000e+00,0.0000000000000000e+00,1.1384122136400000e-01,1.1649383719838977e-01,-2.6526158343897627e-03,2.6526158343897627e-03
585,1.3750000000000000e+00,-1.3750000000000000e+00,0.0000000000000000e+00,7.3779264126600005e-02,7.6467946828223277e-02,-2.6886827016232712e-03,2.6886827016232712e-03
586,1.6250000000000000e+00,-1.3750000000000000e+00,0.0000000000000000e+00,4.2570366019600001e-02,4.4661514220531891e-02,-2.0911482009318902e-03,2.0911482009318902e-03
587,1.8750000000000000e+00,-1.3750000000000000e+00,0.0000000000000000e+00,2.1854893357900002e-02,2.3021985308093601e-02,-1.1670919501935995e-03,1.1670919501935995e-03
588,2.1250000000000000e+00,-1.3750000000000000e+00,0.0000000000000000e+00,1.0009424193200001e-02,1.0407818532058955e-02,-3.9839433885895462e-04,3.9839433885895462e-04
589,2.3750000000000000e+00,-1.3750000000000000e+00,0.0000000000000000e+00,4.1083482980900001e-03,4.1064592480768670e-03,1.8890500131331020e-06,1.8890500131331020e-06
590,2.6250000000000000e+00,-1.3750000000000000e+00,0.0000000000000000e+00,1.5194735578900000e-03,1.4087630106772483e-03,1.1071054721275165e-04,1.1071054721275165e-04
591,2.8750000000000000e+00,-1.3750000000000000e+00,0.0000000000000000e+00,5.0929682439499998e-04,4.1899837146620774e-04,9.0298452928792231e-05,9.0298452928792231e-05
592,3.1250000000000000e+00,-1.3750000000000000e+00,0.0000000000000000e+00,1.5557518911900000e-04,1.0779772452251761e-04,4.7777464596482393e-05,4.7777464596482393e-05
593,3.3750000000000000e+00,-1.3750000000000000e+00,0.0000000000000000e+00,4.3542563475800000e-05,2.3947336402179668e-05,1.9595227073620332e-05,1.9595227073620332e-05
594,3.6250000000000000e+00,-1.3750000000000000e+00,0.0000000000000000e+00,1.1221251418800001e-05,4.5871231837802796e-06,6.6341282350197212e-06,6.6341282350197212e-06
595,3.8750000000000000e+00,-1.3750000000000000e+00,0.0000000000000000e+00,2.6748392418800000e-06,7.5677116620521058e-07,1.9180680756747895e-06,1.9180680756747895e-06
596,4.1250000000000000e+00,-1.3750000000000000e+00,0.0000000000000000e+00,5.9222898359500001e-07,1.0743051941092723e-07,4.8479846418407279e-07,4.8479846418407279e-07
597,4.3750000000000000e+00,-1.3750000000000000e+00,0.0000000000000000e+00,1.2226990781499999e-07,1.3112924619710757e-08,1.0915698319528924e-07,1.0915698319528924e-07
598,4.6250000000000000e+00,-1.3750000000000000e+00,0.0000000000000000e+00,2.3727708298299999e-08,1.3753289738136347e-09,2.2352379324486363e-08,2.2352379324486363e-08
599,4.8750000000000000e+00,-1.3750000000000000e+00,0.0000000000000000e+00,5.0094232434000000e-09,1.2388533696169088e-10,4.8855379064383088e-09,4.8855379064383088e-09
600,-4.8750000000000000e+00,-1.1250000000000000e+00,0.0000000000000000e+00,7.8600268400100008e-09,1.8873108111170397e-10,7.6712957588982967e-09,7.6712957588982967e-09
601,-4.6250000000000000e+00,-1.1250000000000000e+00,0.0000000000000000e+00,3.7166196664199999e-08,2.0952223279851418e-09,3.5070974336214854e-08,3.5070974336214854e-08
602,-4.3750000000000000e+00,-1.1250000000000000e+00,0.0000000000000000e+00,1.9123125410500000e-07,1.9976669561625197e-08,1.7125458454337479e-07,1.7125458454337479e-07
603,-4.1250000000000000e+00,-1.1250000000000000e+00,0.0000000000000000e+00,9.2490850643099998e-07,1.6366325967282145e-07,7.6124524675817859e-07,7.6124524675817859e-07
604,-3.8750000000000000e+00,-1.1250000000000000e+00,0.0000000000000000e+00,4.1714997409800003e-06,1.1528905991210295e-06,3.0186091418589708e-06,3.0186091418589708e-06
605,-3.6250000000000000e+00,-1.1250000000000000e+00,0.0000000000000000e+00,1.7475838071899999e-05,6.9881774461744795e-06,1.0487660625725520e-05,1.0487660625725520e-05
606,-3.3750000000000000e+00,-1.1250000000000000e+00,0.0000000000000000e+00,6.7722296936599996e-05,3.6482176178175416e-05,3.1240120758424581e-05,3.1240120758424581e-05
607,-3.1250000000000000e+00,-1.1250000000000000e+00,0.0000000000000000e+00,2.4165754899900001e-04,1.6422267226675599e-04,7.7434876732244019e-05,7.7434876732244019e-05
608,-2.8750000000000000e+00,-1.1250000000000000e+00,0.0000000000000000e+00,7.9012903649099998e-04,6.3831618470968905e-04,1.5181285178131093e-04,1.5181285178131093e-04
609,-2.6250000000000000e+00,-1.1250000000000000e+00,0.0000000000000000e+00,2.3545944669700002e-03,2.1461568621112398e-03,2.0843760485876042e-04,2.0843760485876042e-04
610,-2.3750000000000000e+00,-1.1250000000000000e+00,0.0000000000000000e+00,6.3594618498300001e-03,6.2559178708159868e-03,1.0354397901401330e-04,1.0354397901401330e-04
611,-2.1250000000000000e+00,-1.1250000000000000e+00,0.0000000000000000e+00,1.5478653923700000e-02,1.5855620138300386e-02,-3.7696621460038549e-04,3.7696621460038549e-04
612,-1.8750000000000000e+00,-1.1250000000000000e+00,0.0000000000000000e+00,3.3767007448999999e-02,3.5072465257755779e-02,-1.3054578087557805e-03,1.3054578087557805e-03
613,-1.6250000000000000e+00,-1.1250000000000000e+00,0.0000000000000000e+00,6.5724723413800007e-02,6.8038850033827938e-02,-2.3141266200279315e-03,2.3141266200279315e-03
614,-1.3750000000000000e+00,-1.1250000000000000e+00,0.0000000000000000e+00,1.1384122136400000e-01,1.1649383719838977e-01,-2.6526158343897627e-03,2.6526158343897627e-03
615,-1.1250000000000000e+00,-1.1250000000000000e+00,0.0000000000000000e+00,1.7558227257199999e-01,1.7747062224241827e-01,-1.8883496704182878e-03,1.8883496704182878e-03
616,-8.7500000000000000e-01,-1.1250000000000000e+00,0.0000000000000000e+00,2.4242043062499999e-01,2.4299946092950930e-01,-5.7903030450931481e-04,5.7903030450931481e-04
617,-6.2500000000000000e-01,-1.1250000000000000e+00,0.0000000000000000e+00,3.0277092234800002e-01,3.0259614389935907e-01,1.7477844864094427e-04,1.7477844864094427e-04
618,-3.7500000000000000e-01,-1.1250000000000000e+00,0.0000000000000000e+00,3.4693264530899998e-01,3.4697084617341417e-01,-3.8200864414195124e-05,3.8200864414195124e-05
619,-1.2500000000000000e-01,-1.1250000000000000e+00,0.0000000000000000e+00,3.6978373986099999e-01,3.7034322028231120e-01,-5.5948042131120923e-04,5.5948042131120923e-04
620,1.2500000000000000e-01,-1.1250000000000000e+00,0.0000000000000000e+00,3.6978373986099999e-01,3.7034322028231120e-01,-5.5948042131120923e-04,5.5948042131120923e-04
621,3.7500000000000000e-01,-1.1250000000000000e+00,0.0000000000000000e+00,3.4693264530899998e-01,3.4697084617341417e-01,-3.8200864414195124e-05,3.8200864414195124e-05
622,6.2500000000000000e-01,-1.1250000000000000e+00,0.0000000000000000e+00,3.0277092234800002e-01,3.0259614389935907e-01,1.7477844864094427e-04,1.7477844864094427e-04
623,8.7500000000000000e-01,-1.1250000000000000e+00,0.0000000000000000e+00,2.4242043062499999e-01,2.4299946092950930e-01,-5.7903030450931481e-04,5.7903030450931481e-04
624,1.1250000000000000e+00,-1.1250000000000000e+00,0.0000000000000000e+00,1.7558227257199999e-01,1.7747062224241827e-01,-1.8883496704182878e-03,1.8883496704182878e-03
625,1.3750000000000000e+00,-1.1250000000000000e+00,0.0000000000000000e+00,1.1384122136400000e-01,1.1649383719838977e-01,-2.6526158343897627e-03,2.6526158343897627e-03
626,1.6250000000000000e+00,-1.1250000000000000e+00,0.0000000000000000e+00,6.5724723413800007e-02,6.8038850033827938e-02,-2.3141266200279315e-03,2.3141266200279315e-03
627,1.8750000000000000e+00,-1.1250000000000000e+00,0.0000000000000000e+00,3.3767007448999999e-02,3.5072465257755779e-02,-1.3054578087557805e-03,1.3054578087557805e-03
628,2.1250000000000000e+00,-1.1250000000000000e+00,0.0000000000000000e+00,1.5478653923700000e-02,1.5855620138300386e-02,-3.7696621460038549e-04,3.7696621460038549e-04
629,2.3750000000000000e+00,-1.1250000000000000e+00,0.0000000000000000e+00,6.3594618498300001e-03,6.2559178708159868e-03,1.0354397901401330e-04,1.0354397901401330e-04
630,2.6250000000000000e+00,-1.1250000000000000e+00,0.0000000000000000e+00,2.3545944669700002e-03,2.1461568621112398e-03,2.0843760485876042e-04,2.0843760485876042e-04
631,2.8750000000000000e+00,-1.1250000000000000e+00,0.0000000000000000e+00,7.9012903649099998e-04,6.3831618470968905e-04,1.5181285178131093e-04,1.5181285178131093e-04
632,3.1250000000000000e+00,-1.1250000000000000e+00,0.0000000000000000e+00,2.4165754899900001e-04,1.6422267226675599e-04,7.7434876732244019e-05,7.7434876732244019e-05
633,3.3750000000000000e+00,-1.1250000000000000e+00,0.0000000000000000e+00,6.7722296936599996e-05,3.6482176178175416e-05,3.1240120758424581e-05,3.1240120758424581e-05
634,3.6250000000000000e+00,-1.1250000000000000e+00,0.0000000000000000e+00,1.7475838071899999e-05,6.9881774461744795e-06,1.0487660625725520e-05,1.0487660625725520e-05
635,3.8750000000000000e+00,-1.1250000000000000e+00,0.0000000000000000e+00,4.1714997409800003e-06,1.1528905991210295e-06,3.0186091418589708e-06,3.0186091418589708e-06
636,4.1250000000000000e+00,-1.1250000000000000e+00,0.0000000000000000e+00,9.2490850643099998e-07,1.6366325967282145e-07,7.6124524675817859e-07,7.6124524675817859e-07
637,4.3750000000000000e+00,-1.1250000000000000e+00,0.0000000000000000e+00,1.9123125410500000e-07,1.9976669561625197e-08,1.7125458454337479e-07,1.7125458454337479e-07
638,4.6250000000000000e+00,-1.1250000000000000e+00,0.0000000000000000e+00,3.7166196664199999e-08,2.0952223279851418e-09,3.5070974336214854e-08,3.5070974336214854e-08
639,4.8750000000000000e+00,-1.1250000000000000e+00,0.0000000000000000e+00,7.8600268400100008e-09,1.8873108111170397e-10,7.6712957588982967e-09,7.6712957588982967e-09
640,-4.8750000000000000e+00,-8.7500000000000000e-01,0.0000000000000000e+00,1.0966490086700001e-08,2.5841770537177915e-10,1.0708072381328221e-08,1.0708072381328221e-08
641,-4.6250000000000000e+00,-8.7500000000000000e-01,0.0000000000000000e+00,5.1801237986100002e-08,2.8688573342149979e-09,4.8932380651885006e-08,4.8932380651885006e-08
642,-4.3750000000000000e+00,-8.7500000000000000e-01,0.0000000000000000e+00,2.6628945197400001e-07,2.7352808444042297e-08,2.3893664352995770e-07,2.3893664352995770e-07
643,-4.1250000000000000e+00,-8.7500000000000000e-01,0.0000000000000000e+00,1.2867979694400000e-06,2.2409390000412267e-07,1.0627040694358773e-06,1.0627040694358773e-06
644,-3.8750000000000000e+00,-8.7500000000000000e-01,0.0000000000000000e+00,5.7986827911999997e-06,1.5785812353462775e-06,4.2201015558537223e-06,4.2201015558537223e-06
645,-3.6250000000000000e+00,-8.7500000000000000e-01,0.0000000000000000e+00,2.4272273793999998e-05,9.5684757896469207e-06,1.4703798004353078e-05,1.4703798004353078e-05
646,-3.3750000000000000e+00,-8.7500000000000000e-01,0.0000000000000000e+00,9.3983258422400000e-05,4.9952769832082669e-05,4.4030488590317331e-05,4.4030488590317331e-05
647,-3.1250000000000000e+00,-8.7500000000000000e-01,0.0000000000000000e+00,3.3510292944200003e-04,2.2485986879966556e-04,1.1024306064233446e-04,1.1024306064233446e-04
648,-2.8750000000000000e+00,-8.7500000000000000e-01,0.0000000000000000e+00,1.0948374847500001e-03,8.7400656416902821e-04,2.2083092058097190e-04,2.2083092058097190e-04
649,-2.6250000000000000e+00,-8.7500000000000000e-01,0.0000000000000000e+00,3.2603100356700001e-03,2.9385988169401264e-03,3.2171121872987376e-04,3.2171121872987376e-04
650,-2.3750000000000000e+00,-8.7500000000000000e-01,0.0000000000000000e+00,8.7998441771700003e-03,8.5658383963462554e-03,2.3400578082374487e-04,2.3400578082374487e-04
651,-2.1250000000000000e+00,-8.7500000000000000e-01,0.0000000000000000e+00,2.1405454612799999e-02,2.1710112342126896e-02,-3.0465772932689733e-04,3.0465772932689733e-04
652,-1.8750000000000000e+00,-8.7500000000000000e-01,0.0000000000000000e+00,4.6671338847799997e-02,4.8022540538918357e-02,-1.3512016911183602e-03,1.3512016911183602e-03
653,-1.6250000000000000e+00,-8.7500000000000000e-01,0.0000000000000000e+00,9.0800489910599996e-02,9.3161356350573321e-02,-2.3608664399733248e-03,2.3608664399733248e-03
654,-1.3750000000000000e+00,-8.7500000000000000e-01,0.0000000000000000e+00,1.5721768728300001e-01,1.5950774997650674e-01,-2.2900626935067336e-03,2.2900626935067336e-03
655,-1.1250000000000000e+00,-8.7500000000000000e-01,0.0000000000000000e+00,2.4242043062499999e-01,2.4299946092950930e-01,-5.7903030450931481e-04,5.7903030450931481e-04
656,-8.7500000000000000e-01,-8.7500000000000000e-01,1.0000000000000000e+00,3.3464782706200003e-01,3.3272401519713912e-01,1.9238118648609026e-03,1.9238118648609026e-03
657,-6.2500000000000000e-01,-8.7500000000000000e-01,1.0000000000000000e+00,4.1792617668900001e-01,4.1432603840455501e-01,3.6001382844449981e-03,3.6001382844449981e-03
658,-3.7500000000000000e-01,-8.7500000000000000e-01,1.0000000000000000e+00,4.7887333641600000e-01,4.7508555226242410e-01,3.7877841535758905e-03,3.7877841535758905e-03
659,-1.2500000000000000e-01,-8.7500000000000000e-01,1.0000000000000000e+00,5.1041433012600002e-01,5.0708788728183285e-01,3.3264428441671656e-03,3.3264428441671656e-03
660,1.2500000000000000e-01,-8.7500000000000000e-01,1.0000000000000000e+00,5.1041433012600002e-01,5.0708788728183285e-01,3.3264428441671656e-03,3.3264428441671656e-03
661,3.7500000000000000e-01,-8.7500000000000000e-01,1.0000000000000000e+00,4.7887333641600000e-01,4.7508555226242410e-01,3.7877841535758905e-03,3.7877841535758905e-03
662,6.2500000000000000e-01,-8.7500000000000000e-01,1.0000000000000000e+00,4.1792617668900001e-01,4.1432603840455501e-01,3.6001382844449981e-03,3.6001382844449981e-03
663,8.7500000000000000e-01,-8.7500000000000000e-01,1.0000000000000000e+00,3.3464782706200003e-01,3.3272401519713912e-01,1.9238118648609026e-03,1.9238118648609026e-03
664,1.1250000000000000e+00,-8.7500000000000000e-01,0.0000000000000000e+00,2.4242043062499999e-01,2.4299946092950930e-01,-5.7903030450931481e-04,5.7903030450931481e-04
665,1.3750000000000000e+00,-8.7500000000000000e-01,0.0000000000000000e+00,1.5721768728300001e-01,1.5950774997650674e-01,-2.2900626935067336e-03,2.2900626935067336e-03
666,1.6250000000000000e+00,-8.7500000000000000e-01,0.0000000000000000e+00,9.0800489910599996e-02,9.3161356350573321e-02,-2.3608664399733248e-03,2.3608664399733248e-03
667,1.8750000000000000e+00,-8.7500000000000000e-01,0.0000000000000000e+00,4.6671338847799997e-02,4.8022540538918357e-02,-1.3512016911183602e-03,1.3512016911183602e-03
668,2.1250000000000000e+00,-8.7500000000000000e-01,0.0000000000000000e+00,2.1405454612799999e-02,2.1710112342126896e-02,-3.0465772932689733e-04,3.0465772932689733e-04
669,2.3750000000000000e+00,-8.7500000000000000e-01,0.0000000000000000e+00,8.7998441771700003e-03,8.5658383963462554e-03,2.3400578082374487e-04,2.3400578082374487e-04
670,2.6250000000000000e+00,-8.7500000000000000e-01,0.0000000000000000e+00,3.2603100356700001e-03,2.9385988169401264e-03,3.2171121872987376e-04,3.2171121872987376e-04
671,2.8750000000000000e+00,-8.7500000000000000e-01,0.0000000000000000e+00,1.0948374847500001e-03,8.7400656416902821e-04,2.2083092058097190e-04,2.2083092058097190e-04
672,3.1250000000000000e+00,-8.7500000000000000e-01,0.0000000000000000e+00,3.3510292944200003e-04,2.2485986879966556e-04,1.1024306064233446e-04,1.1024306064233446e-04
673,3.3750000000000000e+00,-8.7500000000000000e-01,0.0000000000000000e+00,9.3983258422400000e-05,4.9952769832082669e-05,4.4030488590317331e-05,4.4030488590317331e-05
674,3.6250000000000000e+00,-8.7500000000000000e-01,0.0000000000000000e+00,2.4272273793999998e-05,9.5684757896469207e-06,1.4703798004353078e-05,1.4703798004353078e-05
675,3.8750000000000000e+00,-8.7500000000000000e-01,0.0000000000000000e+00,5.7986827911999997e-06,1.5785812353462775e-06,4.2201015558537223e-06,4.2201015558537223e-06
676,4.1250000000000000e+00,-8.7500000000000000e-01,0.0000000000000000e+00,1.2867979694400000e-06,2.2409390000412267e-07,1.0627040694358773e-06,1.0627040694358773e-06
677,4.3750000000000000e+00,-8.7500000000000000e-01,0.0000000000000000e+00,2.6628945197400001e-07,2.7352808444042297e-08,2.3893664352995770e-07,2.3893664352995770e-07
678,4.6250000000000000e+00,-8.7500000000000000e-01,0.0000000000000000e+00,5.1801237986100002e-08,2.8688573342149979e-09,4.8932380651885006e-08,4.8932380651885006e-08
679,4.8750000000000000e+00,-8.7500000000000000e-01,0.0000000000000000e+00,1.0966490086700001e-08,2.5841770537177915e-10,1.0708072381328221e-08,1.0708072381328221e-08
680,-4.8750000000000000e+00,-6.2500000000000000e-01,0.0000000000000000e+00,1.3763786345000000e-08,3.2179578037625632e-10,1.3441990564623744e-08,1.3441990564623744e-08
681,-4.6250000000000000e+00,-6.2500000000000000e-01,0.0000000000000000e+00,6.4983711001900006e-08,3.5724571709345403e-09,6.1411253830965471e-08,6.1411253830965471e-08
682,-4.3750000000000000e+00,-6.2500000000000000e-01,0.0000000000000000e+00,3.3391543201399999e-07,3.4061204614713219e-08,2.9985422739928679e-07,2.9985422739928679e-07
683,-4.1250000000000000e+00,-6.2500000000000000e-01,0.0000000000000000e+00,1.6129333646900000e-06,2.7905391128537022e-07,1.3338794534046297e-06,1.3338794534046297e-06
684,-3.8750000000000000e+00,-6.2500000000000000e-01,0.0000000000000000e+00,7.2654475221599996e-06,1.9657352029527182e-06,5.2997123192072814e-06,5.2997123192072814e-06
685,-3.6250000000000000e+00,-6.2500000000000000e-01,0.0000000000000000e+00,3.0400047745900001e-05,1.1915186420028489e-05,1.8484861325871511e-05,1.8484861325871511e-05
686,-3.3750000000000000e+00,-6.2500000000000000e-01,0.0000000000000000e+00,1.1766561154300000e-04,6.2203905599055002e-05,5.5461705943945000e-05,5.5461705943945000e-05
687,-3.1250000000000000e+00,-6.2500000000000000e-01,0.0000000000000000e+00,4.1938976380199999e-04,2.8000773728560879e-04,1.3938202651639120e-04,1.3938202651639120e-04
688,-2.8750000000000000e+00,-6.2500000000000000e-01,0.0000000000000000e+00,1.3697336624100000e-03,1.0883605051987954e-03,2.8137315721120468e-04,2.8137315721120468e-04
689,-2.6250000000000000e+00,-6.2500000000000000e-01,0.0000000000000000e+00,4.0775554797900003e-03,3.6593030580065675e-03,4.1825242178343287e-04,4.1825242178343287e-04
690,-2.3750000000000000e+00,-6.2500000000000000e-01,0.0000000000000000e+00,1.1002205672900001e-02,1.0666647811006239e-02,3.3555786189376144e-04,3.3555786189376144e-04
691,-2.1250000000000000e+00,-6.2500000000000000e-01,0.0000000000000000e+00,2.6754964306299998e-02,2.7034612559305924e-02,-2.7964825300592563e-04,2.7964825300592563e-04
692,-1.8750000000000000e+00,-6.2500000000000000e-01,0.0000000000000000e+00,5.8320216311700000e-02,5.9800279110671387e-02,-1.4800627989713863e-03,1.4800627989713863e-03
693,-1.6250000000000000e+00,-6.2500000000000000e-01,0.0000000000000000e+00,1.1343904630000000e-01,1.1600958736404419e-01,-2.5705410640441961e-03,2.5705410640441961e-03
694,-1.3750000000000000e+00,-6.2500000000000000e-01,0.0000000000000000e+00,1.9638148169500000e-01,1.9862772485308280e-01,-2.2462431580828057e-03,2.2462431580828057e-03
695,-1.1250000000000000e+00,-6.2500000000000000e-01,0.0000000000000000e+00,3.0277092234800002e-01,3.0259614389935907e-01,1.7477844864094427e-04,1.7477844864094427e-04
696,-8.7500000000000000e-01,-6.2500000000000000e-01,1.0000000000000000e+00,4.1792617668900001e-01,4.1432603840455501e-01,3.6001382844449981e-03,3.6001382844449981e-03
697,-6.2500000000000000e-01,-6.2500000000000000e-01,1.0000000000000000e+00,5.2190946845700004e-01,5.1594131550228073e-01,5.9681529547193080e-03,5.9681529547193080e-03
698,-3.7500000000000000e-01,-6.2500000000000000e-01,1.0000000000000000e+00,5.9801425028999999e-01,5.9160236647030839e-01,6.4118838196915995e-03,6.4118838196915995e-03
699,-1.2500000000000000e-01,-6.2500000000000000e-01,1.0000000000000000e+00,6.3740217722799997e-01,6.3145341443398117e-01,5.9487627940187915e-03,5.9487627940187915e-03
700,1.2500000000000000e-01,-6.2500000000000000e-01,1.0000000000000000e+00,6.3740217722799997e-01,6.3145341443398117e-01,5.9487627940187915e-03,5.9487627940187915e-03
701,3.7500000000000000e-01,-6.2500000000000000e-01,1.0000000000000000e+00,5.9801425028999999e-01,5.9160236647030839e-01,6.4118838196915995e-03,6.4118838196915995e-03
702,6.2500000000000000e-01,-6.2500000000000000e-01,1.0000000000000000e+00,5.2190946845700004e-01,5.1594131550228073e-01,5.9681529547193080e-03,5.9681529547193080e-03
703,8.7500000000000000e-01,-6.2500000000000000e-01,1.0000000000000000e+00,4.1792617668900001e-01,4.1432603840455501e-01,3.6001382844449981e-03,3.6001382844449981e-03
704,1.1250000000000000e+00,-6.2500000000000000e-01,0.0000000000000000e+00,3.0277092234800002e-01,3.0259614389935907e-01,1.7477844864094427e-04,1.7477844864094427e-04
705,1.3750000000000000e+00,-6.2500000000000000e-01,0.0000000000000000e+00,1.9638148169500000e-01,1.9862772485308280e-01,-2.2462431580828057e-03,2.2462431580828057e-03
706,1.6250000000000000e+00,-6.2500000000000000e-01,0.0000000000000000e+00,1.1343904630000000e-01,1.1600958736404419e-01,-2.5705410640441961e-03,2.5705410640441961e-03
707,1.8750000000000000e+00,-6.2500000000000000e-01,0.0000000000000000e+00,5.8320216311700000e-02,5.9800279110671387e-02,-1.4800627989713863e-03,1.4800627989713863e-03
708,2.1250000000000000e+00,-6.2500000000000000e-01,0.0000000000000000e+00,2.6754964306299998e-02,2.7034612559305924e-02,-2.7964825300592563e-04,2.7964825300592563e-04
709,2.3750000000000000e+00,-6.2500000000000000e-01,0.0000000000000000e+00,1.1002205672900001e-02,1.0666647811006239e-02,3.3555786189376144e-04,3.3555786189376144e-04
710,2.6250000000000000e+00,-6.2500000000000000e-01,0.0000000000000000e+00,4.0775554797900003e-03,3.6593030580065675e-03,4.1825242178343287e-04,4.1825242178343287e-04
711,2.8750000000000000e+00,-6.2500000000000000e-01,0.0000000000000000e+00,1.3697336624100000e-03,1.0883605051987954e-03,2.8137315721120468e-04,2.8137315721120468e-04
712,3.1250000000000000e+00,-6.2500000000000000e-01,0.0000000000000000e+00,4.1938976380199999e-04,2.8000773728560879e-04,1.3938202651639120e-04,1.3938202651639120e-04
713,3.3750000000000000e+00,-6.2500000000000000e-01,0.0000000000000000e+00,1.1766561154300000e-04,6.2203905599055002e-05,5.5461705943945000e-05,5.5461705943945000e-05
714,3.6250000000000000e+00,-6.2500000000000000e-01,0.0000000000000000e+00,3.0400047745900001e-05,1.1915186420028489e-05,1.8484861325871511e-05,1.8484861325871511e-05
715,3.8750000000000000e+00,-6.2500000000000000e-01,0.0000000000000000e+00,7.2654475221599996e-06,1.9657352029527182e-06,5.2997123192072814e-06,5.2997123192072814e-06
716,4.1250000000000000e+00,-6.2500000000000000e-01,0.0000000000000000e+00,1.6129333646900000e-06,2.7905391128537022e-07,1.3338794534046297e-06,1.3338794534046297e-06
717,4.3750000000000000e+00,-6.2500000000000000e-01,0.0000000000000000e+00,3.3391543201399999e-07,3.4061204614713219e-08,2.9985422739928679e-07,2.9985422739928679e-07
718,4.6250000000000000e+00,-6.2500000000000000e-01,0.0000000000000000e+00,6.4983711001900006e-08,3.5724571709345403e-09,6.1411253830965471e-08,6.1411253830965471e-08
719,4.8750000000000000e+00,-6.2500000000000000e-01,0.0000000000000000e+00,1.3763786345000000e-08,3.2179578037625632e-10,1.3441990564623744e-08,1.3441990564623744e-08
720,-4.8750000000000000e+00,-3.7500000000000000e-01,0.0000000000000000e+00,1.5792228820600000e-08,3.6898604447953211e-10,1.5423242776120467e-08,1.5423242776120467e-08
721,-4.6250000000000000e+00,-3.7500000000000000e-01,0.0000000000000000e+00,7.4552042716599996e-08,4.0963459465950725e-09,7.0455696770004924e-08,7.0455696770004924e-08
722,-4.3750000000000000e+00,-3.7500000000000000e-01,0.0000000000000000e+00,3.8304165418200000e-07,3.9056165206069165e-08,3.4398548897593081e-07,3.4398548897593081e-07
723,-4.1250000000000000e+00,-3.7500000000000000e-01,0.0000000000000000e+00,1.8500390984200000e-06,3.1997622467683682e-07,1.5300628737431633e-06,1.5300628737431633e-06
724,-3.8750000000000000e+00,-3.7500000000000000e-01,0.0000000000000000e+00,8.3326261596900000e-06,2.2540036298288644e-06,6.0786225298611356e-06,6.0786225298611356e-06
725,-3.6250000000000000e+00,-3.7500000000000000e-01,0.0000000000000000e+00,3.4861741516299999e-05,1.3662508256702259e-05,2.1199233259597738e-05,2.1199233259597738e-05
726,-3.3750000000000000e+00,-3.7500000000000000e-01,0.0000000000000000e+00,1.3492117755100000e-04,7.1325898218232390e-05,6.3595279332767613e-05,6.3595279332767613e-05
727,-3.1250000000000000e+00,-3.7500000000000000e-01,0.0000000000000000e+00,4.8084477513600000e-04,3.2106992603780010e-04,1.5977484909819991e-04,1.5977484909819991e-04
728,-2.8750000000000000e+00,-3.7500000000000000e-01,0.0000000000000000e+00,1.5702934675100001e-03,1.2479648965921617e-03,3.2232857091783838e-04,3.2232857091783838e-04
729,-2.6250000000000000e+00,-3.7500000000000000e-01,0.0000000000000000e+00,4.6741619088400002e-03,4.1959274896238696e-03,4.7823441921613068e-04,4.7823441921613068e-04
730,-2.3750000000000000e+00,-3.7500000000000000e-01,0.0000000000000000e+00,1.2610866473799999e-02,1.2230875678473807e-02,3.7999079532619225e-04,3.7999079532619225e-04
731,-2.1250000000000000e+00,-3.7500000000000000e-01,0.0000000000000000e+00,3.0664341679799999e-02,3.0999147162934663e-02,-3.3480548313466474e-04,3.3480548313466474e-04
732,-1.8750000000000000e+00,-3.7500000000000000e-01,0.0000000000000000e+00,6.6836874098400001e-02,6.8569788025246353e-02,-1.7329139268463523e-03,1.7329139268463523e-03
733,-1.6250000000000000e+00,-3.7500000000000000e-01,0.0000000000000000e+00,1.2999656253100000e-01,1.3302200144797116e-01,-3.0254389169711571e-03,3.0254389169711571e-03
734,-1.3750000000000000e+00,-3.7500000000000000e-01,0.0000000000000000e+00,2.2503372783100001e-01,2.2775580969959680e-01,-2.7220818685967929e-03,2.7220818685967929e-03
735,-1.1250000000000000e+00,-3.7500000000000000e-01,0.0000000000000000e+00,3.4693264530899998e-01,3.4697084617341417e-01,-3.8200864414195124e-05,3.8200864414195124e-05
736,-8.7500000000000000e-01,-3.7500000000000000e-01,1.0000000000000000e+00,4.7887333641600000e-01,4.7508555226242410e-01,3.7877841535758905e-03,3.7877841535758905e-03
737,-6.2500000000000000e-01,-3.7500000000000000e-01,1.0000000000000000e+00,5.9801425028999999e-01,5.9160236647030839e-01,6.4118838196915995e-03,6.4118838196915995e-03
738,-3.7500000000000000e-01,-3.7500000000000000e-01,1.0000000000000000e+00,6.8521446197199998e-01,6.7835885496501180e-01,6.8556070069881736e-03,6.8556070069881736e-03
739,-1.2500000000000000e-01,-3.7500000000000000e-01,1.0000000000000000e+00,7.3034573731700003e-01,7.2405392448794548e-01,6.2918128290545550e-03,6.2918128290545550e-03
740,1.2500000000000000e-01,-3.7500000000000000e-01,1.0000000000000000e+00,7.3034573731700003e-01,7.2405392448794548e-01,6.2918128290545550e-03,6.2918128290545550e-03
741,3.7500000000000000e-01,-3.7500000000000000e-01,1.0000000000000000e+00,6.8521446197199998e-01,6.7835885496501180e-01,6.8556070069881736e-03,6.8556070069881736e-03
742,6.2500000000000000e-01,-3.7500000000000000e-01,1.0000000000000000e+00,5.9801425028999999e-01,5.9160236647030839e-01,6.4118838196915995e-03,6.4118838196915995e-03
743,8.7500000000000000e-01,-3.7500000000000000e-01,1.0000000000000000e+00,4.7887333641600000e-01,4.7508555226242410e-01,3.7877841535758905e-03,3.7877841535758905e-03
744,1.1250000000000000e+00,-3.7500000000000000e-01,0.0000000000000000e+00,3.4693264530899998e-01,3.4697084617341417e-01,-3.8200864414195124e-05,3.8200864414195124e-05
745,1.3750000000000000e+00,-3.7500000000000000e-01,0.0000000000000000e+00,2.2503372783100001e-01,2.2775580969959680e-01,-2.7220818685967929e-03,2.7220818685967929e-03
746,1.6250000000000000e+00,-3.7500000000000000e-01,0.0000000000000000e+00,1.2999656253100000e-01,1.3302200144797116e-01,-3.0254389169711571e-03,3.0254389169711571e-03
747,1.8750000000000000e+00,-3.7500000000000000e-01,0.0000000000000000e+00,6.6836874098400001e-02,6.8569788025246353e-02,-1.7329139268463523e-03,1.7329139268463523e-03
748,2.1250000000000000e+00,-3.7500000000000000e-01,0.0000000000000000e+00,3.0664341679799999e-02,3.0999147162934663e-02,-3.3480548313466474e-04,3.3480548313466474e-04
749,2.3750000000000000e+00,-3.7500000000000000e-01,0.0000000000000000e+00,1.2610866473799999e-02,1.2230875678473807e-02,3.7999079532619225e-04,3.7999079532619225e-04
750,2.6250000000000000e+00,-3.7500000000000000e-01,0.0000000000000000e+00,4.6741619088400002e-03,4.1959274896238696e-03,4.7823441921613068e-04,4.7823441921613068e-04
751,2.8750000000000000e+00,-3.7500000000000000e-01,0.0000000000000000e+00,1.5702934675100001e-03,1.2479648965921617e-03,3.2232857091783838e-04,3.2232857091783838e-04
752,3.1250000000000000e+00,-3.7500000000000000e-01,0.0000000000000000e+00,4.8084477513600000e-04,3.2106992603780010e-04,1.5977484909819991e-04,1.5977484909819991e-04
753,3.3750000000000000e+00,-3.7500000000000000e-01,0.0000000000000000e+00,1.3492117755100000e-04,7.1325898218232390e-05,6.3595279332767613e-05,6.3595279332767613e-05
754,3.6250000000000000e+00,-3.7500000000000000e-01,0.0000000000000000e+00,3.4861741516299999e-05,1.3662508256702259e-05,2.1199233259597738e-05,2.1199233259597738e-05
755,3.8750000000000000e+00,-3.7500000000000000e-01,0.0000000000000000e+00,8.3326261596900000e-06,2.2540036298288644e-06,6.0786225298611356e-06,6.0786225298611356e-06
756,4.1250000000000000e+00,-3.7500000000000000e-01,0.0000000000000000e+00,1.8500390984200000e-06,3.1997622467683682e-07,1.5300628737431633e-06,1.5300628737431633e-06
757,4.3750000000000000e+00,-3.7500000000000000e-01,0.0000000000000000e+00,3.8304165418200000e-07,3.9056165206069165e-08,3.4398548897593081e-07,3.4398548897593081e-07
758,4.6250000000000000e+00,-3.7500000000000000e-01,0.0000000000000000e+00,7.4552042716599996e-08,4.0963459465950725e-09,7.0455696770004924e-08,7.0455696770004924e-08
759,4.8750000000000000e+00,-3.7500000000000000e-01,0.0000000000000000e+00,1.5792228820600000e-08,3.6898604447953211e-10,1.5423242776120467e-08,1.5423242776120467e-08
760,-4.8750000000000000e+00,-1.2500000000000000e-01,0.0000000000000000e+00,1.6831580697600000e-08,3.9384138886263766e-10,1.6437739308737363e-08,1.6437739308737363e-08
761,-4.6250000000000000e+00,-1.2500000000000000e-01,0.0000000000000000e+00,7.9459810836800006e-08,4.3722807434207199e-09,7.5087530093379287e-08,7.5087530093379287e-08
762,-4.3750000000000000e+00,-1.2500000000000000e-01,0.0000000000000000e+00,4.0826195485700001e-07,4.1687035535730541e-08,3.6657491932126947e-07,3.6657491932126947e-07
763,-4.1250000000000000e+00,-1.2500000000000000e-01,0.0000000000000000e+00,1.9718681148899998e-06,3.4153020856792651e-07,1.6303379063220732e-06,1.6303379063220732e-06
764,-3.8750000000000000e+00,-1.2500000000000000e-01,0.0000000000000000e+00,8.8814146478099995e-06,2.4058360291793339e-06,6.4755786186306656e-06,6.4755786186306656e-06
765,-3.6250000000000000e+00,-1.2500000000000000e-01,0.0000000000000000e+00,3.7157963003499999e-05,1.4582831268745590e-05,2.2575131734754408e-05,2.2575131734754408e-05
766,-3.3750000000000000e+00,-1.2500000000000000e-01,0.0000000000000000e+00,1.4380859183800001e-04,7.6130496631023691e-05,6.7678095206976320e-05,6.7678095206976320e-05
767,-3.1250000000000000e+00,-1.2500000000000000e-01,0.0000000000000000e+00,5.1252006274200000e-04,3.4269758296987798e-04,1.6982247977212202e-04,1.6982247977212202e-04
768,-2.8750000000000000e+00,-1.2500000000000000e-01,0.0000000000000000e+00,1.6737379904099999e-03,1.3320293151437568e-03,3.4170867526624312e-04,3.4170867526624312e-04
769,-2.6250000000000000e+00,-1.2500000000000000e-01,0.0000000000000000e+00,4.9820785416599999e-03,4.4785702191293911e-03,5.0350832253060872e-04,5.0350832253060872e-04
770,-2.3750000000000000e+00,-1.2500000000000000e-01,0.0000000000000000e+00,1.3441615866800000e-02,1.3054762195711125e-02,3.8685367108887495e-04,3.8685367108887495e-04
771,-2.1250000000000000e+00,-1.2500000000000000e-01,0.0000000000000000e+00,3.2684330632399998e-02,3.3087287052897492e-02,-4.0295642049749392e-04,4.0295642049749392e-04
772,-1.8750000000000000e+00,-1.2500000000000000e-01,0.0000000000000000e+00,7.1239564102100000e-02,7.3188731535828333e-02,-1.9491674337283327e-03,1.9491674337283327e-03
773,-1.6250000000000000e+00,-1.2500000000000000e-01,0.0000000000000000e+00,1.3855942546300001e-01,1.4198252368447728e-01,-3.4230982214772665e-03,3.4230982214772665e-03
774,-1.3750000000000000e+00,-1.2500000000000000e-01,0.0000000000000000e+00,2.3985620105100000e-01,2.4309771536251013e-01,-3.2415143115101241e-03,3.2415143115101241e-03
775,-1.1250000000000000e+00,-1.2500000000000000e-01,0.0000000000000000e+00,3.6978373986099999e-01,3.7034322028231120e-01,-5.5948042131120923e-04,5.5948042131120923e-04
776,-8.7500000000000000e-01,-1.2500000000000000e-01,1.0000000000000000e+00,5.1041433012600002e-01,5.0708788728183285e-01,3.3264428441671656e-03,3.3264428441671656e-03
777,-6.2500000000000000e-01,-1.2500000000000000e-01,1.0000000000000000e+00,6.3740217722799997e-01,6.3145341443398117e-01,5.9487627940187915e-03,5.9487627940187915e-03
778,-3.7500000000000000e-01,-1.2500000000000000e-01,1.0000000000000000e+00,7.3034573731700003e-01,7.2405392448794548e-01,6.2918128290545550e-03,6.2918128290545550e-03
779,-1.2500000000000000e-01,-1.2500000000000000e-01,1.0000000000000000e+00,7.7844959685500004e-01,7.7282706893158382e-01,5.6225279234162207e-03,5.6225279234162207e-03
780,1.2500000000000000e-01,-1.2500000000000000e-01,1.0000000000000000e+00,7.7844959685500004e-01,7.7282706893158382e-01,5.6225279234162207e-03,5.6225279234162207e-03
781,3.7500000000000000e-01,-1.2500000000000000e-01,1.0000000000000000e+00,7.3034573731700003e-01,7.2405392448794548e-01,6.2918128290545550e-03,6.2918128290545550e-03
782,6.2500000000000000e-01,-1.2500000000000000e-01,1.0000000000000000e+00,6.3740217722799997e-01,6.3145341443398117e-01,5.9487627940187915e-03,5.9487627940187915e-03
783,8.7500000000000000e-01,-1.2500000000000000e-01,1.0000000000000000e+00,5.1041433012600002e-01,5.0708788728183285e-01,3.3264428441671656e-03,3.3264428441671656e-03
784,1.1250000000000000e+00,-1.2500000000000000e-01,0.0000000000000000e+00,3.6978373986099999e-01,3.7034322028231120e-01,-5.5948042131120923e-04,5.5948042131120923e-04
785,1.3750000000000000e+00,-1.2500000000000000e-01,0.0000000000000000e+00,2.3985620105100000e-01,2.4309771536251013e-01,-3.2415143115101241e-03,3.2415143115101241e-03
786,1.6250000000000000e+00,-1.2500000000000000e-01,0.0000000000000000e+00,1.3855942546300001e-01,1.4198252368447728e-01,-3.4230982214772665e-03,3.4230982214772665e-03
787,1.8750000000000000e+00,-1.2500000000000000e-01,0.0000000000000000e+00,7.1239564102100000e-02,7.3188731535828333e-02,-1.9491674337283327e-03,1.9491674337283327e-03
788,2.1250000000000000e+00,-1.2500000000000000e-01,0.0000000000000000e+00,3.2684330632399998e-02,3.3087287052897492e-02,-4.0295642049749392e-04,4.0295642049749392e-04
789,2.3750000000000000e+00,-1.2500000000000000e-01,0.0000000000000000e+00,1.3441615866800000e-02,1.3054762195711125e-02,3.8685367108887495e-04,3.8685367108887495e-04
790,2.6250000000000000e+00,-1.2500000000000000e-01,0.0000000000000000e+00,4.9820785416599999e-03,4.4785702191293911e-03,5.0350832253060872e-04,5.0350832253060872e-04
791,2.8750000000000000e+00,-1.2500000000000000e-01,0.0000000000000000e+00,1.6737379904099999e-03,1.3320293151437568e-03,3.4170867526624312e-04,3.4170867526624312e-04
792,3.1250000000000000e+00,-1.2500000000000000e-01,0.0000000000000000e+00,5.1252006274200000e-04,3.4269758296987798e-04,1.6982247977212202e-04,1.6982247977212202e-04
793,3.3750000000000000e+00,-1.2500000000000000e-01,0.0000000000000000e+00,1.4380859183800001e-04,7.6130496631023691e-05,6.7678095206976320e-05,6.7678095206976320e-05
794,3.6250000000000000e+00,-1.2500000000000000e-01,0.0000000000000000e+00,3.7157963003499999e-05,1.4582831268745590e-05,2.2575131734754408e-05,2.2575131734754408e-05
795,3.8750000000000000e+00,-1.2500000000000000e-01,0.0000000000000000e+00,8.8814146478099995e-06,2.4058360291793339e-06,6.4755786186306656e-06,6.4755786186306656e-06
796,4.1250000000000000e+00,-1.2500000000000000e-01,0.0000000000000000e+00,1.9718681148899998e-06,3.4153020856792651e-07,1.6303379063220732e-06,1.6303379063220732e-06
797,4.3750000000000000e+00,-1.2500000000000000e-01,0.0000000000000000e+00,4.0826195485700001e-07,4.1687035535730541e-08,3.6657491932126947e-07,3.6657491932126947e-07
798,4.6250000000000000e+00,-1.2500000000000000e-01,0.0000000000000000e+00,7.9459810836800006e-08,4.3722807434207199e-09,7.5087530093379287e-08,7.5087530093379287e-08
799,4.8750000000000000e+00,-1.2500000000000000e-01,0.0000000000000000e+00,1.6831580697600000e-08,3.9384138886263766e-10,1.6437739308737363e-08,1.6437739308737363e-08
800,-4.8750000000000000e+00,1.2500000000000000e-01,0.0000000000000000e+00,1.6831580697600000e-08,3.9384138886263766e-10,1.6437739308737363e-08,1.6437739308737363e-08
801,-4.6250000000000000e+00,1.2500000000000000e-01,0.0000000000000000e+00,7.9459810836800006e-08,4.3722807434207199e-09,7.5087530093379287e-08,7.5087530093379287e-08
802,-4.3750000000000000e+00,1.2500000000000000e-01,0.0000000000000000e+00,4.0826195485700001e-07,4.1687035535730541e-08,3.6657491932126947e-07,3.6657491932126947e-07
803,-4.1250000000000000e+00,1.2500000000000000e-01,0.0000000000000000e+00,1.9718681148899998e-06,3.4153020856792651e-07,1.6303379063220732e-06,1.6303379063220732e-06
804,-3.8750000000000000e+00,1.2500000000000000e-01,0.0000000000000000e+00,8.8814146478099995e-06,2.4058360291793339e-06,6.4755786186306656e-06,6.4755786186306656e-06
805,-3.6250000000000000e+00,1.2500000000000000e-01,0.0000000000000000e+00,3.7157963003499999e-05,1.4582831268745590e-05,2.2575131734754408e-05,2.2575131734754408e-05
806,-3.3750000000000000e+00,1.2500000000000000e-01,0.0000000000000000e+00,1.4380859183800001e-04,7.6130496631023691e-05,6.7678095206976320e-05,6.7678095206976320e-05
807,-3.1250000000000000e+00,1.2500000000000000e-01,0.0000000000000000e+00,5.1252006274200000e-04,3.4269758296987798e-04,1.6982247977212202e-04,1.6982247977212202e-04
808,-2.8750000000000000e+00,1.2500000000000000e-01,0.0000000000000000e+00,1.6737379904099999e-03,1.3320293151437568e-03,3.4170867526624312e-04,3.4170867526624312e-04
809,-2.6250000000000000e+00,1.2500000000000000e-01,0.0000000000000000e+00,4.9820785416599999e-03,4.4785702191293911e-03,5.0350832253060872e-04,5.0350832253060872e-04
810,-2.3750000000000000e+00,1.2500000000000000e-01,0.0000000000000000e+00,1.3441615866800000e-02,1.3054762195711125e-02,3.8685367108887495e-04,3.8685367108887495e-04
811,-2.1250000000000000e+00,1.2500000000000000e-01,0.0000000000000000e+00,3.2684330632399998e-02,3.3087287052897492e-02,-4.0295642049749392e-04,4.0295642049749392e-04
812,-1.8750000000000000e+00,1.2500000000000000e-01,0.0000000000000000e+00,7.1239564102100000e-02,7.3188731535828333e-02,-1.9491674337283327e-03,1.9491674337283327e-03
813,-1.6250000000000000e+00,1.2500000000000000e-01,0.0000000000000000e+00,1.3855942546300001e-01,1.4198252368447728e-01,-3.4230982214772665e-03,3.4230982214772665e-03
814,-1.3750000000000000e+00,1.2500000000000000e-01,0.0000000000000000e+00,2.3985620105100000e-01,2.4309771536251013e-01,-3.2415143115101241e-03,3.2415143115101241e-03
815,-1.1250000000000000e+00,1.2500000000000000e-01,0.0000000000000000e+00,3.6978373986099999e-01,3.7034322028231120e-01,-5.5948042131120923e-04,5.5948042131120923e-04
816,-8.7500000000000000e-01,1.2500000000000000e-01,1.0000000000000000e+00,5.1041433012600002e-01,5.0708788728183285e-01,3.3264428441671656e-03,3.3264428441671656e-03
817,-6.2500000000000000e-01,1.2500000000000000e-01,1.0000000000000000e+00,6.3740217722799997e-01,6.3145341443398117e-01,5.9487627940187915e-03,5.9487627940187915e-03
818,-3.7500000000000000e-01,1.2500000000000000e-01,1.0000000000000000e+00,7.3034573731700003e-01,7.2405392448794548e-01,6.2918128290545550e-03,6.2918128290545550e-03
819,-1.2500000000000000e-01,1.2500000000000000e-01,1.0000000000000000e+00,7.7844959685500004e-01,7.7282706893158382e-01,5.6225279234162207e-03,5.6225279234162207e-03
820,1.2500000000000000e-01,1.2500000000000000e-01,1.0000000000000000e+00,7.7844959685500004e-01,7.7282706893158382e-01,5.6225279234162207e-03,5.6225279234162207e-03
821,3.7500000000000000e-01,1.2500000000000000e-01,1.0000000000000000e+00,7.3034573731700003e-01,7.2405392448794548e-01,6.2918128290545550e-03,6.2918128290545550e-03
822,6.2500000000000000e-01,1.2500000000000000e-01,1.0000000000000000e+00,6.3740217722799997e-01,6.3145341443398117e-01,5.9487627940187915e-03,5.9487627940187915e-03
823,8.7500000000000000e-01,1.2500000000000000e-01,1.0000000000000000e+00,5.1041433012600002e-01,5.0708788728183285e-01,3.3264428441671656e-03,3.3264428441671656e-03
824,1.1250000000000000e+00,1.2500000000000000e-01,0.0000000000000000e+00,3.6978373986099999e-01,3.7034322028231120e-01,-5.5948042131120923e-04,5.5948042131120923e-04
825,1.3750000000000000e+00,1.2500000000000000e-01,0.0000000000000000e+00,2.3985620105100000e-01,2.4309771536251013e-01,-3.2415143115101241e-03,3.2415143115101241e-03
826,1.6250000000000000e+00,1.2500000000000000e-01,0.0000000000000000e+00,1.3855942546300001e-01,1.4198252368447728e-01,-3.4230982214772665e-03,3.4230982214772665e-03
827,1.8750000000000000e+00,1.2500000000000000e-01,0.0000000000000000e+00,7.1239564102100000e-02,7.3188731535828333e-02,-1.9491674337283327e-03,1.9491674337283327e-03
828,2.1250000000000000e+00,1.2500000000000000e-01,0.0000000000000000e+00,3.2684330632399998e-02,3.3087287052897492e-02,-4.0295642049749392e-04,4.0295642049749392e-04
829,2.3750000000000000e+00,1.2500000000000000e-01,0.0000000000000000e+00,1.3441615866800000e-02,1.3054762195711125e-02,3.8685367108887495e-04,3.8685367108887495e-04
830,2.6250000000000000e+00,1.2500000000000000e-01,0.0000000000000000e+00,4.9820785416599999e-03,4.4785702191293911e-03,5.0350832253060872e-04,5.0350832253060872e-04
831,2.8750000000000000e+00,1.2500000000000000e-01,0.0000000000000000e+00,1.6737379904099999e-03,1.3320293151437568e-03,3.4170867526624312e-04,3.4170867526624312e-04
832,3.1250000000000000e+00,1.2500000000000000e-01,0.0000000000000000e+00,5.1252006274200000e-04,3.4269758296987798e-04,1.6982247977212202e-04,1.6982247977212202e-04
833,3.3750000000000000e+00,1.2500000000000000e-01,0.0000000000000000e+00,1.4380859183800001e-04,7.6130496631023691e-05,6.7678095206976320e-05,6.7678095206976320e-05
834,3.6250000000000000e+00,1.2500000000000000e-01,0.0000000000000000e+00,3.7157963003499999e-05,1.4582831268745590e-05,2.2575131734754408e-05,2.2575131734754408e-05
835,3.8750000000000000e+00,1.2500000000000000e-01,0.0000000000000000e+00,8.8814146478099995e-06,2.4058360291793339e-06,6.4755786186306656e-06,6.4755786186306656e-06
836,4.1250000000000000e+00,1.2500000000000000e-01,0.0000000000000000e+00,1.9718681148899998e-06,3.4153020856792651e-07,1.6303379063220732e-06,1.6303379063220732e-06
837,4.3750000000000000e+00,1.2500000000000000e-01,0.0000000000000000e+00,4.0826195485700001e-07,4.1687035535730541e-08,3.6657491932126947e-07,3.6657491932126947e-07
838,4.6250000000000000e+00,1.2500000000000000e-01,0.0000000000000000e+00,7.9459810836800006e-08,4.3722807434207199e-09,7.5087530093379287e-08,7.5087530093379287e-08
839,4.8750000000000000e+00,1.2500000000000000e-01,0.0000000000000000e+00,1.6831580697600000e-08,3.9384138886263766e-10,1.6437739308737363e-08,1.6437739308737363e-08
840,-4.8750000000000000e+00,3.7500000000000000e-01,0.0000000000000000e+00,1.5792228820600000e-08,3.6898604447953211e-10,1.5423242776120467e-08,1.5423242776120467e-08
841,-4.6250000000000000e+00,3.7500000000000000e-01,0.0000000000000000e+00,7.4552042716599996e-08,4.0963459465950725e-09,7.0455696770004924e-08,7.0455696770004924e-08
842,-4.3750000000000000e+00,3.7500000000000000e-01,0.0000000000000000e+00,3.8304165418200000e-07,3.9056165206069165e-08,3.4398548897593081e-07,3.4398548897593081e-07
843,-4.1250000000000000e+00,3.7500000000000000e-01,0.0000000000000000e+00,1.8500390984200000e-06,3.1997622467683682e-07,1.5300628737431633e-06,1.5300628737431633e-06
844,-3.8750000000000000e+00,3.7500000000000000e-01,0.0000000000000000e+00,8.3326261596900000e-06,2.2540036298288644e-06,6.0786225298611356e-06,6.0786225298611356e-06
845,-3.6250000000000000e+00,3.7500000000000000e-01,0.0000000000000000e+00,3.4861741516299999e-05,1.3662508256702259e-05,2.1199233259597738e-05,2.1199233259597738e-05
846,-3.3750000000000000e+00,3.7500000000000000e-01,0.0000000000000000e+00,1.3492117755100000e-04,7.1325898218232390e-05,6.3595279332767613e-05,6.3595279332767613e-05
847,-3.1250000000000000e+00,3.7500000000000000e-01,0.0000000000000000e+00,4.8084477513600000e-04,3.2106992603780010e-04,1.5977484909819991e-04,1.5977484909819991e-04
848,-2.8750000000000000e+00,3.7500000000000000e-01,0.0000000000000000e+00,1.5702934675100001e-03,1.2479648965921617e-03,3.2232857091783838e-04,3.2232857091783838e-04
849,-2.6250000000000000e+00,3.7500000000000000e-01,0.0000000000000000e+00,4.6741619088400002e-03,4.1959274896238696e-03,4.7823441921613068e-04,4.7823441921613068e-04
850,-2.3750000000000000e+00,3.7500000000000000e-01,0.0000000000000000e+00,1.2610866473799999e-02,1.2230875678473807e-02,3.7999079532619225e-04,3.7999079532619225e-04
851,-2.1250000000000000e+00,3.7500000000000000e-01,0.0000000000000000e+00,3.0664341679799999e-02,3.0999147162934663e-02,-3.3480548313466474e-04,3.3480548313466474e-04
852,-1.8750000000000000e+00,3.7500000000000000e-01,0.0000000000000000e+00,6.6836874098400001e-02,6.8569788025246353e-02,-1.7329139268463523e-03,1.7329139268463523e-03
853,-1.6250000000000000e+00,3.7500000000000000e-01,0.0000000000000000e+00,1.2999656253100000e-01,1.3302200144797116e-01,-3.0254389169711571e-03,3.0254389169711571e-03
854,-1.3750000000000000e+00,3.7500000000000000e-01,0.0000000000000000e+00,2.2503372783100001e-01,2.2775580969959680e-01,-2.7220818685967929e-03,2.7220818685967929e-03
855,-1.1250000000000000e+00,3.7500000000000000e-01,0.0000000000000000e+00,3.4693264530899998e-01,3.4697084617341417e-01,-3.8200864414195124e-05,3.8200864414195124e-05
856,-8.7500000000000000e-01,3.7500000000000000e-01,1.0000000000000000e+00,4.7887333641600000e-01,4.7508555226242410e-01,3.7877841535758905e-03,3.7877841535758905e-03
857,-6.2500000000000000e-01,3.7500000000000000e-01,1.0000000000000000e+00,5.9801425028999999e-01,5.9160236647030839e-01,6.4118838196915995e-03,6.4118838196915995e-03
858,-3.7500000000000000e-01,3.7500000000000000e-01,1.0000000000000000e+00,6.8521446197199998e-01,6.7835885496501180e-01,6.8556070069881736e-03,6.8556070069881736e-03
859,-1.2500000000000000e-01,3.7500000000000000e-01,1.0000000000000000e+00,7.3034573731700003e-01,7.2405392448794548e-01,6.2918128290545550e-03,6.2918128290545550e-03
860,1.2500000000000000e-01,3.7500000000000000e-01,1.0000000000000000e+00,7.3034573731700003e-01,7.2405392448794548e-01,6.2918128290545550e-03,6.2918128290545550e-03
861,3.7500000000000000e-01,3.7500000000000000e-01,1.0000000000000000e+00,6.8521446197199998e-01,6.7835885496501180e-01,6.8556070069881736e-03,6.8556070069881736e-03
862,6.2500000000000000e-01,3.7500000000000000e-01,1.0000000000000000e+00,5.9801425028999999e-01,5.9160236647030839e-01,6.4118838196915995e-03,6.4118838196915995e-03
863,8.7500000000000000e-01,3.7500000000000000e-01,1.0000000000000000e+00,4.7887333641600000e-01,4.7508555226242410e-01,3.7877841535758905e-03,3.7877841535758905e-03
864,1.1250000000000000e+00,3.7500000000000000e-01,0.0000000000000000e+00,3.4693264530899998e-01,3.4697084617341417e-01,-3.8200864414195124e-05,3.8200864414195124e-05
865,1.3750000000000000e+00,3.7500000000000000e-01,0.0000000000000000e+00,2.2503372783100001e-01,2.2775580969959680e-01,-2.7220818685967929e-03,2.7220818685967929e-03
866,1.6250000000000000e+00,3.7500000000000000e-01,0.0000000000000000e+00,1.2999656253100000e-01,1.3302200144797116e-01,-3.0254389169711571e-03,3.0254389169711571e-03
867,1.8750000000000000e+00,3.7500000000000000e-01,0.0000000000000000e+00,6.6836874098400001e-02,6.8569788025246353e-02,-1.7329139268463523e-03,1.7329139268463523e-03
868,2.1250000000000000e+00,3.7500000000000000e-01,0.0000000000000000e+00,3.0664341679799999e-02,3.0999147162934663e-02,-3.3480548313466474e-04,3.3480548313466474e-04
869,2.3750000000000000e+00,3.7500000000000000e-01,0.0000000000000000e+00,1.2610866473799999e-02,1.2230875678473807e-02,3.7999079532619225e-04,3.7999079532619225e-04
870,2.6250000000000000e+00,3.7500000000000000e-01,0.0000000000000000e+00,4.6741619088400002e-03,4.1959274896238696e-03,4.7823441921613068e-04,4.7823441921613068e-04
871,2.8750000000000000e+00,3.7500000000000000e-01,0.0000000000000000e+00,1.5702934675100001e-03,1.2479648965921617e-03,3.2232857091783838e-04,3.2232857091783838e-04
872,3.1250000000000000e+00,3.7500000000000000e-01,0.0000000000000000e+00,4.8084477513600000e-04,3.2106992603780010e-04,1.5977484909819991e-04,1.5977484909819991e-04
873,3.3750000000000000e+00,3.7500000000000000e-01,0.0000000000000000e+00,1.3492117755100000e-04,7.1325898218232390e-05,6.3595279332767613e-05,6.3595279332767613e-05
874,3.6250000000000000e+00,3.7500000000000000e-01,0.0000000000000000e+00,3.4861741516299999e-05,1.3662508256702259e-05,2.1199233259597738e-05,2.1199233259597738e-05
875,3.8750000000000000e+00,3.7500000000000000e-01,0.0000000000000000e+00,8.3326261596900000e-06,2.2540036298288644e-06,6.0786225298611356e-06,6.0786225298611356e-06
876,4.1250000000000000e+00,3.7500000000000000e-01,0.0000000000000000e+00,1.8500390984200000e-06,3.1997622467683682e-07,1.5300628737431633e-06,1.5300628737431633e-06
877,4.3750000000000000e+00,3.7500000000000000e-01,0.0000000000000000e+00,3.8304165418200000e-07,3.9056165206069165e-08,3.4398548897593081e-07,3.4398548897593081e-07
878,4.6250000000000000e+00,3.7500000000000000e-01,0.0000000000000000e+00,7.4552042716599996e-08,4.0963459465950725e-09,7.0455696770004924e-08,7.0455696770004924e-08
879,4.8750000000000000e+00,3.7500000000000000e-01,0.0000000000000000e+00,1.5792228820600000e-08,3.6898604447953211e-10,1.5423242776120467e-08,1.5423242776120467e-08
880,-4.8750000000000000e+00,6.2500000000000000e-01,0.0000000000000000e+00,1.3763786345000000e-08,3.2179578037625632e-10,1.3441990564623744e-08,1.3441990564623744e-08
881,-4.6250000000000000e+00,6.2500000000000000e-01,0.0000000000000000e+00,6.4983711001900006e-08,3.5724571709345403e-09,6.1411253830965471e-08,6.1411253830965471e-08
882,-4.3750000000000000e+00,6.2500000000000000e-01,0.0000000000000000e+00,3.3391543201399999e-07,3.4061204614713219e-08,2.9985422739928679e-07,2.9985422739928679e-07
883,-4.1250000000000000e+00,6.2500000000000000e-01,0.0000000000000000e+00,1.6129333646900000e-06,2.7905391128537022e-07,1.3338794534046297e-06,1.3338794534046297e-06
884,-3.8750000000000000e+00,6.2500000000000000e-01,0.0000000000000000e+00,7.2654475221599996e-06,1.9657352029527182e-06,5.2997123192072814e-06,5.2997123192072814e-06
885,-3.6250000000000000e+00,6.2500000000000000e-01,0.0000000000000000e+00,3.0400047745900001e-05,1.1915186420028489e-05,1.8484861325871511e-05,1.8484861325871511e-05
886,-3.3750000000000000e+00,6.2500000000000000e-01,0.0000000000000000e+00,1.1766561154300000e-04,6.2203905599055002e-05,5.5461705943945000e-05,5.5461705943945000e-05
887,-3.1250000000000000e+00,6.2500000000000000e-01,0.0000000000000000e+00,4.1938976380199999e-04,2.8000773728560879e-04,1.3938202651639120e-04,1.3938202651639120e-04
888,-2.8750000000000000e+00,6.2500000000000000e-01,0.0000000000000000e+00,1.3697336624100000e-03,1.0883605051987954e-03,2.8137315721120468e-04,2.8137315721120468e-04
889,-2.6250000000000000e+00,6.2500000000000000e-01,0.0000000000000000e+00,4.0775554797900003e-03,3.6593030580065675e-03,4.1825242178343287e-04,4.1825242178343287e-04
890,-2.3750000000000000e+00,6.2500000000000000e-01,0.0000000000000000e+00,1.1002205672900001e-02,1.0666647811006239e-02,3.3555786189376144e-04,3.3555786189376144e-04
891,-2.1250000000000000e+00,6.2500000000000000e-01,0.0000000000000000e+00,2.6754964306299998e-02,2.7034612559305924e-02,-2.7964825300592563e-04,2.7964825300592563e-04
892,-1.8750000000000000e+00,6.2500000000000000e-01,0.0000000000000000e+00,5.8320216311700000e-02,5.9800279110671387e-02,-1.4800627989713863e-03,1.4800627989713863e-03
893,-1.6250000000000000e+00,6.2500000000000000e-01,0.0000000000000000e+00,1.1343904630000000e-01,1.1600958736404419e-01,-2.5705410640441961e-03,2.5705410640441961e-03
894,-1.3750000000000000e+00,6.2500000000000000e-01,0.0000000000000000e+00,1.9638148169500000e-01,1.9862772485308280e-01,-2.2462431580828057e-03,2.2462431580828057e-03
895,-1.1250000000000000e+00,6.2500000000000000e-01,0.0000000000000000e+00,3.0277092234800002e-01,3.0259614389935907e-01,1.7477844864094427e-04,1.7477844864094427e-04
896,-8.7500000000000000e-01,6.2500000000000000e-01,1.0000000000000000e+00,4.1792617668900001e-01,4.1432603840455501e-01,3.6001382844449981e-03,3.6001382844449981e-03
897,-6.2500000000000000e-01,6.2500000000000000e-01,1.0000000000000000e+00,5.2190946845700004e-01,5.1594131550228073e-01,5.9681529547193080e-03,5.9681529547193080e-03
898,-3.7500000000000000e-01,6.2500000000000000e-01,1.0000000000000000e+00,5.9801425028999999e-01,5.9160236647030839e-01,6.4118838196915995e-03,6.4118838196915995e-03
899,-1.2500000000000000e-01,6.2500000000000000e-01,1.0000000000000000e+00,6.3740217722799997e-01,6.3145341443398117e-01,5.9487627940187915e-03,5.9487627940187915e-03
900,1.2500000000000000e-01,6.2500000000000000e-01,1.0000000000000000e+00,6.3740217722799997e-01,6.3145341443398117e-01,5.9487627940187915e-03,5.9487627940187915e-03
901,3.7500000000000000e-01,6.2500000000000000e-01,1.0000000000000000e+00,5.9801425028999999e-01,5.9160236647030839e-01,6.4118838196915995e-03,6.4118838196915995e-03
902,6.2500000000000000e-01,6.2500000000000000e-01,1.0000000000000000e+00,5.2190946845700004e-01,5.1594131550228073e-01,5.9681529547193080e-03,5.9681529547193080e-03
903,8.7500000000000000e-01,6.2500000000000000e-01,1.0000000000000000e+00,4.1792617668900001e-01,4.1432603840455501e-01,3.6001382844449981e-03,3.6001382844449981e-03
904,1.1250000000000000e+00,6.2500000000000000e-01,0.0000000000000000e+00,3.0277092234800002e-01,3.0259614389935907e-01,1.7477844864094427e-04,1.7477844864094427e-04
905,1.3750000000000000e+00,6.2500000000000000e-01,0.0000000000000000e+00,1.9638148169500000e-01,1.9862772485308280e-01,-2.2462431580828057e-03,2.2462431580828057e-03
906,1.6250000000000000e+00,6.2500000000000000e-01,0.0000000000000000e+00,1.1343904630000000e-01,1.1600958736404419e-01,-2.5705410640441961e-03,2.5705410640441961e-03
907,1.8750000000000000e+00,6.2500000000000000e-01,0.0000000000000000e+00,5.8320216311700000e-02,5.9800279110671387e-02,-1.4800627989713863e-03,1.4800627989713863e-03
908,2.1250000000000000e+00,6.2500000000000000e-01,0.0000000000000000e+00,2.6754964306299998e-02,2.7034612559305924e-02,-2.7964825300592563e-04,2.7964825300592563e-04
909,2.3750000000000000e+00,6.2500000000000000e-01,0.0000000000000000e+00,1.1002205672900001e-02,1.0666647811006239e-02,3.3555786189376144e-04,3.3555786189376144e-04
910,2.6250000000000000e+00,6.2500000000000000e-01,0.0000000000000000e+00,4.0775554797900003e-03,3.6593030580065675e-03,4.1825242178343287e-04,4.1825242178343287e-04
911,2.8750000000000000e+00,6.2500000000000000e-01,0.0000000000000000e+00,1.3697336624100000e-03,1.0883605051987954e-03,2.8137315721120468e-04,2.8137315721120468e-04
912,3.1250000000000000e+00,6.2500000000000000e-01,0.0000000000000000e+00,4.1938976380199999e-04,2.8000773728560879e-04,1.3938202651639120e-04,1.3938202651639120e-04
913,3.3750000000000000e+00,6.2500000000000000e-01,0.0000000000000000e+00,1.1766561154300000e-04,6.2203905599055002e-05,5.5461705943945000e-05,5.5461705943945000e-05
914,3.6250000000000000e+00,6.2500000000000000e-01,0.0000000000000000e+00,3.0400047745900001e-05,1.1915186420028489e-05,1.8484861325871511e-05,1.8484861325871511e-05
915,3.8750000000000000e+00,6.2500000000000000e-01,0.0000000000000000e+00,7.2654475221599996e-06,1.9657352029527182e-06,5.2997123192072814e-06,5.2997123192072814e-06
916,4.1250000000000000e+00,6.2500000000000000e-01,0.0000000000000000e+00,1.6129333646900000e-06,2.7905391128537022e-07,1.3338794534046297e-06,1.3338794534046297e-06
917,4.3750000000000000e+00,6.2500000000000000e-01,0.0000000000000000e+00,3.3391543201399999e-07,3.4061204614713219e-08,2.9985422739928679e-07,2.9985422739928679e-07
918,4.6250000000000000e+00,6.2500000000000000e-01,0.0000000000000000e+00,6.4983711001900006e-08,3.5724571709345403e-09,6.1411253830965471e-08,6.1411253830965471e-08
919,4.8750000000000000e+00,6.2500000000000000e-01,0.0000000000000000e+00,1.3763786345000000e-08,3.2179578037625632e-10,1.3441990564623744e-08,1.3441990564623744e-08
920,-4.8750000000000000e+00,8.7500000000000000e-01,0.0000000000000000e+00,1.0966490086700001e-08,2.5841770537177915e-10,1.0708072381328221e-08,1.0708072381328221e-08
921,-4.6250000000000000e+00,8.7500000000000000e-01,0.0000000000000000e+00,5.1801237986100002e-08,2.8688573342149979e-09,4.8932380651885006e-08,4.8932380651885006e-08
922,-4.3750000000000000e+00,8.7500000000000000e-01,0.0000000000000000e+00,2.6628945197400001e-07,2.7352808444042297e-08,2.3893664352995770e-07,2.3893664352995770e-07
923,-4.1250000000000000e+00,8.7500000000000000e-01,0.0000000000000000e+00,1.2867979694400000e-06,2.2409390000412267e-07,1.0627040694358773e-06,1.0627040694358773e-06
924,-3.8750000000000000e+00,8.7500000000000000e-01,0.0000000000000000e+00,5.7986827911999997e-06,1.5785812353462775e-06,4.2201015558537223e-06,4.2201015558537223e-06
925,-3.6250000000000000e+00,8.7500000000000000e-01,0.0000000000000000e+00,2.4272273793999998e-05,9.5684757896469207e-06,1.4703798004353078e-05,1.4703798004353078e-05
926,-3.3750000000000000e+00,8.7500000000000000e-01,0.0000000000000000e+00,9.3983258422400000e-05,4.9952769832082669e-05,4.4030488590317331e-05,4.4030488590317331e-05
927,-3.1250000000000000e+00,8.7500000000000000e-01,0.0000000000000000e+00,3.3510292944200003e-04,2.2485986879966556e-04,1.1024306064233446e-04,1.1024306064233446e-04
928,-2.8750000000000000e+00,8.7500000000000000e-01,0.0000000000000000e+00,1.0948374847500001e-03,8.7400656416902821e-04,2.2083092058097190e-04,2.2083092058097190e-04
929,-2.6250000000000000e+00,8.7500000000000000e-01,0.0000000000000000e+00,3.2603100356700001e-03,2.9385988169401264e-03,3.2171121872987376e-04,3.2171121872987376e-04
930,-2.3750000000000000e+00,8.7500000000000000e-01,0.0000000000000000e+00,8.7998441771700003e-03,8.5658383963462554e-03,2.3400578082374487e-04,2.3400578082374487e-04
931,-2.1250000000000000e+00,8.7500000000000000e-01,0.0000000000000000e+00,2.1405454612799999e-02,2.1710112342126896e-02,-3.0465772932689733e-04,3.0465772932689733e-04
932,-1.8750000000000000e+00,8.7500000000000000e-01,0.0000000000000000e+00,4.6671338847799997e-02,4.8022540538918357e-02,-1.3512016911183602e-03,1.3512016911183602e-03
933,-1.6250000000000000e+00,8.7500000000000000e-01,0.0000000000000000e+00,9.0800489910599996e-02,9.3161356350573321e-02,-2.3608664399733248e-03,2.3608664399733248e-03
934,-1.3750000000000000e+00,8.7500000000000000e-01,0.0000000000000000e+00,1.5721768728300001e-01,1.5950774997650674e-01,-2.2900626935067336e-03,2.2900626935067336e-03
935,-1.1250000000000000e+00,8.7500000000000000e-01,0.0000000000000000e+00,2.4242043062499999e-01,2.4299946092950930e-01,-5.7903030450931481e-04,5.7903030450931481e-04
936,-8.7500000000000000e-01,8.7500000000000000e-01,1.0000000000000000e+00,3.3464782706200003e-01,3.3272401519713912e-01,1.9238118648609026e-03,1.9238118648609026e-03
937,-6.2500000000000000e-01,8.7500000000000000e-01,1.0000000000000000e+00,4.1792617668900001e-01,4.1432603840455501e-01,3.6001382844449981e-03,3.6001382844449981e-03
938,-3.7500000000000000e-01,8.7500000000000000e-01,1.0000000000000000e+00,4.7887333641600000e-01,4.7508555226242410e-01,3.7877841535758905e-03,3.7877841535758905e-03
939,-1.2500000000000000e-01,8.7500000000000000e-01,1.0000000000000000e+00,5.1041433012600002e-01,5.0708788728183285e-01,3.3264428441671656e-03,3.3264428441671656e-03
940,1.2500000000000000e-01,8.7500000000000000e-01,1.0000000000000000e+00,5.1041433012600002e-01,5.0708788728183285e-01,3.3264428441671656e-03,3.3264428441671656e-03
941,3.7500000000000000e-01,8.7500000000000000e-01,1.0000000000000000e+00,4.7887333641600000e-01,4.7508555226242410e-01,3.7877841535758905e-03,3.7877841535758905e-03
942,6.2500000000000000e-01,8.7500000000000000e-01,1.0000000000000000e+00,4.1792617668900001e-01,4.1432603840455501e-01,3.6001382844449981e-03,3.6001382844449981e-03
943,8.7500000000000000e-01,8.7500000000000000e-01,1.0000000000000000e+00,3.3464782706200003e-01,3.3272401519713912e-01,1.9238118648609026e-03,1.9238118648609026e-03
944,1.1250000000000000e+00,8.7500000000000000e-01,0.0000000000000000e+00,2.4242043062499999e-01,2.4299946092950930e-01,-5.7903030450931481e-04,5.7903030450931481e-04
945,1.3750000000000000e+00,8.7500000000000000e-01,0.0000000000000000e+00,1.5721768728300001e-01,1.5950774997650674e-01,-2.2900626935067336e-03,2.2900626935067336e-03
946,1.6250000000000000e+00,8.7500000000000000e-01,0.0000000000000000e+00,9.0800489910599996e-02,9.3161356350573321e-02,-2.3608664399733248e-03,2.3608664399733248e-03
947,1.8750000000000000e+00,8.7500000000000000e-01,0.0000000000000000e+00,4.6671338847799997e-02,4.8022540538918357e-02,-1.3512016911183602e-03,1.3512016911183602e-03
948,2.1250000000000000e+00,8.7500000000000000e-01,0.0000000000000000e+00,2.1405454612799999e-02,2.1710112342126896e-02,-3.0465772932689733e-04,3.0465772932689733e-04
949,2.3750000000000000e+00,8.7500000000000000e-01,0.0000000000000000e+00,8.7998441771700003e-03,8.5658383963462554e-03,2.3400578082374487e-04,2.3400578082374487e-04
950,2.6250000000000000e+00,8.7500000000000000e-01,0.0000000000000000e+00,3.2603100356700001e-03,2.9385988169401264e-03,3.2171121872987376e-04,3.2171121872987376e-04
951,2.8750000000000000e+00,8.7500000000000000e-01,0.0000000000000000e+00,1.0948374847500001e-03,8.7400656416902821e-04,2.2083092058097190e-04,2.2083092058097190e-04
952,3.1250000000000000e+00,8.7500000000000000e-01,0.0000000000000000e+00,3.3510292944200003e-04,2.2485986879966556e-04,1.1024306064233446e-04,1.1024306064233446e-04
953,3.3750000000000000e+00,8.7500000000000000e-01,0.0000000000000000e+00,9.3983258422400000e-05,4.9952769832082669e-05,4.4030488590317331e-05,4.4030488590317331e-05
954,3.6250000000000000e+00,8.7500000000000000e-01,0.0000000000000000e+00,2.4272273793999998e-05,9.5684757896469207e-06,1.4703798004353078e-05,1.4703798004353078e-05
955,3.8750000000000000e+00,8.7500000000000000e-01,0.0000000000000000e+00,5.7986827911999997e-06,1.5785812353462775e-06,4.2201015558537223e-06,4.2201015558537223e-06
956,4.1250000000000000e+00,8.7500000000000000e-01,0.0000000000000000e+00,1.2867979694400000e-06,2.2409390000412267e-07,1.0627040694358773e-06,1.0627040694358773e-06
957,4.3750000000000000e+00,8.7500000000000000e-01,0.0000000000000000e+00,2.6628945197400001e-07,2.7352808444042297e-08,2.3893664352995770e-07,2.3893664352995770e-07
958,4.6250000000000000e+00,8.7500000000000000e-01,0.0000000000000000e+00,5.1801237986100002e-08,2.8688573342149979e-09,4.8932380651885006e-08,4.8932380651885006e-08
959,4.8750000000000000e+00,8.7500000000000000e-01,0.0000000000000000e+00,1.0966490086700001e-08,2.5841770537177915e-10,1.0708072381328221e-08,1.0708072381328221e-08
960,-4.8750000000000000e+00,1.1250000000000000e+00,0.0000000000000000e+00,7.8600268400100008e-09,1.8873108111170397e-10,7.6712957588982967e-09,7.6712957588982967e-09
961,-4.6250000000000000e+00,1.1250000000000000e+00,0.0000000000000000e+00,3.7166196664199999e-08,2.0952223279851418e-09,3.5070974336214854e-08,3.5070974336214854e-08
962,-4.3750000000000000e+00,1.1250000000000000e+00,0.0000000000000000e+00,1.9123125410500000e-07,1.9976669561625197e-08,1.7125458454337479e-07,1.7125458454337479e-07
963,-4.1250000000000000e+00,1.1250000000000000e+00,0.0000000000000000e+00,9.2490850643099998e-07,1.6366325967282145e-07,7.6124524675817859e-07,7.6124524675817859e-07
964,-3.8750000000000000e+00,1.1250000000000000e+00,0.0000000000000000e+00,4.1714997409800003e-06,1.1528905991210295e-06,3.0186091418589708e-06,3.0186091418589708e-06
965,-3.6250000000000000e+00,1.1250000000000000e+00,0.0000000000000000e+00,1.7475838071899999e-05,6.9881774461744795e-06,1.0487660625725520e-05,1.0487660625725520e-05
966,-3.3750000000000000e+00,1.1250000000000000e+00,0.0000000000000000e+00,6.7722296936599996e-05,3.6482176178175416e-05,3.1240120758424581e-05,3.1240120758424581e-05
967,-3.1250000000000000e+00,1.1250000000000000e+00,0.0000000000000000e+00,2.4165754899900001e-04,1.6422267226675599e-04,7.7434876732244019e-05,7.7434876732244019e-05
968,-2.8750000000000000e+00,1.1250000000000000e+00,0.0000000000000000e+00,7.9012903649099998e-04,6.3831618470968905e-04,1.5181285178131093e-04,1.5181285178131093e-04
969,-2.6250000000000000e+00,1.1250000000000000e+00,0.0000000000000000e+00,2.3545944669700002e-03,2.1461568621112398e-03,2.0843760485876042e-04,2.0843760485876042e-04
970,-2.3750000000000000e+00,1.1250000000000000e+00,0.0000000000000000e+00,6.3594618498300001e-03,6.2559178708159868e-03,1.0354397901401330e-04,1.0354397901401330e-04
971,-2.1250000000000000e+00,1.1250000000000000e+00,0.0000000000000000e+00,1.5478653923700000e-02,1.5855620138300386e-02,-3.7696621460038549e-04,3.7696621460038549e-04
972,-1.8750000000000000e+00,1.1250000000000000e+00,0.0000000000000000e+00,3.3767007448999999e-02,3.5072465257755779e-02,-1.3054578087557805e-03,1.3054578087557805e-03
973,-1.6250000000000000e+00,1.1250000000000000e+00,0.0000000000000000e+00,6.5724723413800007e-02,6.8038850033827938e-02,-2.3141266200279315e-03,2.3141266200279315e-03
974,-1.3750000000000000e+00,1.1250000000000000e+00,0.0000000000000000e+00,1.1384122136400000e-01,1.1649383719838977e-01,-2.6526158343897627e-03,2.6526158343897627e-03
975,-1.1250000000000000e+00,1.1250000000000000e+00,0.0000000000000000e+00,1.7558227257199999e-01,1.7747062224241827e-01,-1.8883496704182878e-03,1.8883496704182878e-03
976,-8.7500000000000000e-01,1.1250000000000000e+00,0.0000000000000000e+00,2.4242043062499999e-01,2.4299946092950930e-01,-5.7903030450931481e-04,5.7903030450931481e-04
977,-6.2500000000000000e-01,1.1250000000000000e+00,0.0000000000000000e+00,3.0277092234800002e-01,3.0259614389935907e-01,1.7477844864094427e-04,1.7477844864094427e-04
978,-3.7500000000000000e-01,1.1250000000000000e+00,0.0000000000000000e+00,3.4693264530899998e-01,3.4697084617341417e-01,-3.8200864414195124e-05,3.8200864414195124e-05
979,-1.2500000000000000e-01,1.1250000000000000e+00,0.0000000000000000e+00,3.6978373986099999e-01,3.7034322028231120e-01,-5.5948042131120923e-04,5.5948042131120923e-04
980,1.2500000000000000e-01,1.1250000000000000e+00,0.0000000000000000e+00,3.6978373986099999e-01,3.7034322028231120e-01,-5.5948042131120923e-04,5.5948042131120923e-04
981,3.7500000000000000e-01,1.1250000000000000e+00,0.0000000000000000e+00,3.4693264530899998e-01,3.4697084617341417e-01,-3.8200864414195124e-05,3.8200864414195124e-05
982,6.2500000000000000e-01,1.1250000000000000e+00,0.0000000000000000e+00,3.0277092234800002e-01,3.0259614389935907e-01,1.7477844864094427e-04,1.7477844864094427e-04
983,8.7500000000000000e-01,1.1250000000000000e+00,0.0000000000000000e+00,2.4242043062499999e-01,2.4299946092950930e-01,-5.7903030450931481e-04,5.7903030450931481e-04
984,1.1250000000000000e+00,1.1250000000000000e+00,0.0000000000000000e+00,1.7558227257199999e-01,1.7747062224241827e-01,-1.8883496704182878e-03,1.8883496704182878e-03
985,1.3750000000000000e+00,1.1250000000000000e+00,0.0000000000000000e+00,1.1384122136400000e-01,1.1649383719838977e-01,-2.6526158343897627e-03,2.6526158343897627e-03
986,1.6250000000000000e+00,1.1250000000000000e+00,0.0000000000000000e+00,6.5724723413800007e-02,6.8038850033827938e-02,-2.3141266200279315e-03,2.3141266200279315e-03
987,1.8750000000000000e+00,1.1250000000000000e+00,0.0000000000000000e+00,3.3767007448999999e-02,3.5072465257755779e-02,-1.3054578087557805e-03,1.3054578087557805e-03
988,2.1250000000000000e+00,1.1250000000000000e+00,0.0000000000000000e+00,1.5478653923700000e-02,1.5855620138300386e-02,-3.7696621460038549e-04,3.7696621460038549e-04
989,2.3750000000000000e+00,1.1250000000000000e+00,0.0000000000000000e+00,6.3594618498300001e-03,6.2559178708159868e-03,1.0354397901401330e-04,1.0354397901401330e-04
990,2.6250000000000000e+00,1.1250000000000000e+00,0.0000000000000000e+00,2.3545944669700002e-03,2.1461568621112398e-03,2.0843760485876042e-04,2.0843760485876042e-04
991,2.8750000000000000e+00,1.1250000000000000e+00,0.0000000000000000e+00,7.9012903649099998e-04,6.3831618470968905e-04,1.5181285178131093e-04,1.5181285178131093e-04
992,3.1250000000000000e+00,1.1250000000000000e+00,0.0000000000000000e+00,2.4165754899900001e-04,1.6422267226675599e-04,7.7434876732244019e-05,7.7434876732244019e-05
993,3.3750000000000000e+00,1.1250000000000000e+00,0.0000000000000000e+00,6.7722296936599996e-05,3.6482176178175416e-05,3.1240120758424581e-05,3.1240120758424581e-05
994,3.6250000000000000e+00,1.1250000000000000e+00,0.0000000000000000e+00,1.7475838071899999e-05,6.9881774461744795e-06,1.0487660625725520e-05,1.0487660625725520e-05
995,3.8750000000000000e+00,1.1250000000000000e+00,0.0000000000000000e+00,4.1714997409800003e-06,1.1528905991210295e-06,3.0186091418589708e-06,3.0186091418589708e-06
996,4.1250000000000000e+00,1.1250000000000000e+00,0.0000000000000000e+00,9.2490850643099998e-07,1.6366325967282145e-07,7.6124524675817859e-07,7.6124524675817859e-07
997,4.3750000000000000e+00,1.1250000000000000e+00,0.0000000000000000e+00,1.9123125410500000e-07,1.9976669561625197e-08,1.7125458454337479e-07,1.7125458454337479e-07
998,4.6250000000000000e+00,1.1250000000000000e+00,0.0000000000000000e+00,3.7166196664199999e-08,2.0952223279851418e-09,3.5070974336214854e-08,3.5070974336214854e-08
999,4.8750000000000000e+00,1.1250000000000000e+00,0.0000000000000000e+00,7.8600268400100008e-09,1.8873108111170397e-10,7.6712957588982967e-09,7.6712957588982967e-09
1000,-4.8750000000000000e+00,1.3750000000000000e+00,0.0000000000000000e+00,5.0094232434000000e-09,1.2388533696169088e-10,4.8855379064383088e-09,4.8855379064383088e-09
1001,-4.6250000000000000e+00,1.3750000000000000e+00,0.0000000000000000e+00,2.3727708298299999e-08,1.3753289738136347e-09,2.2352379324486363e-08,2.2352379324486363e-08
1002,-4.3750000000000000e+00,1.3750000000000000e+00,0.0000000000000000e+00,1.2226990781499999e-07,1.3112924619710757e-08,1.0915698319528924e-07,1.0915698319528924e-07
1003,-4.1250000000000000e+00,1.3750000000000000e+00,0.0000000000000000e+00,5.9222898359500001e-07,1.0743051941092723e-07,4.8479846418407279e-07,4.8479846418407279e-07
1004,-3.8750000000000000e+00,1.3750000000000000e+00,0.0000000000000000e+00,2.6748392418800000e-06,7.5677116620521058e-07,1.9180680756747895e-06,1.9180680756747895e-06
1005,-3.6250000000000000e+00,1.3750000000000000e+00,0.0000000000000000e+00,1.1221251418800001e-05,4.5871231837802796e-06,6.6341282350197212e-06,6.6341282350197212e-06
1006,-3.3750000000000000e+00,1.3750000000000000e+00,0.0000000000000000e+00,4.3542563475800000e-05,2.3947336402179668e-05,1.9595227073620332e-05,1.9595227073620332e-05
1007,-3.1250000000000000e+00,1.3750000000000000e+00,0.0000000000000000e+00,1.5557518911900000e-04,1.0779772452251761e-04,4.7777464596482393e-05,4.7777464596482393e-05
1008,-2.8750000000000000e+00,1.3750000000000000e+00,0.0000000000000000e+00,5.0929682439499998e-04,4.1899837146620774e-04,9.0298452928792231e-05,9.0298452928792231e-05
1009,-2.6250000000000000e+00,1.3750000000000000e+00,0.0000000000000000e+00,1.5194735578900000e-03,1.4087630106772483e-03,1.1071054721275165e-04,1.1071054721275165e-04
1010,-2.3750000000000000e+00,1.3750000000000000e+00,0.0000000000000000e+00,4.1083482980900001e-03,4.1064592480768670e-03,1.8890500131331020e-06,1.8890500131331020e-06
1011,-2.1250000000000000e+00,1.3750000000000000e+00,0.0000000000000000e+00,1.0009424193200001e-02,1.0407818532058955e-02,-3.9839433885895462e-04,3.9839433885895462e-04
1012,-1.8750000000000000e+00,1.3750000000000000e+00,0.0000000000000000e+00,2.1854893357900002e-02,2.3021985308093601e-02,-1.1670919501935995e-03,1.1670919501935995e-03
1013,-1.6250000000000000e+00,1.3750000000000000e+00,0.0000000000000000e+00,4.2570366019600001e-02,4.4661514220531891e-02,-2.0911482009318902e-03,2.0911482009318902e-03
1014,-1.3750000000000000e+00,1.3750000000000000e+00,0.0000000000000000e+00,7.3779264126600005e-02,7.6467946828223277e-02,-2.6886827016232712e-03,2.6886827016232712e-03
1015,-1.1250000000000000e+00,1.3750000000000000e+00,0.0000000000000000e+00,1.1384122136400000e-01,1.1649383719838977e-01,-2.6526158343897627e-03,2.6526158343897627e-03
1016,-8.7500000000000000e-01,1.3750000000000000e+00,0.0000000000000000e+00,1.5721768728300001e-01,1.5950774997650674e-01,-2.2900626935067336e-03,2.2900626935067336e-03
1017,-6.2500000000000000e-01,1.3750000000000000e+00,0.0000000000000000e+00,1.9638148169500000e-01,1.9862772485308280e-01,-2.2462431580828057e-03,2.2462431580828057e-03
1018,-3.7500000000000000e-01,1.3750000000000000e+00,0.0000000000000000e+00,2.2503372783100001e-01,2.2775580969959680e-01,-2.7220818685967929e-03,2.7220818685967929e-03
1019,-1.2500000000000000e-01,1.3750000000000000e+00,0.0000000000000000e+00,2.3985620105100000e-01,2.4309771536251013e-01,-3.2415143115101241e-03,3.2415143115101241e-03
1020,1.2500000000000000e-01,1.3750000000000000e+00,0.0000000000000000e+00,2.3985620105100000e-01,2.4309771536251013e-01,-3.2415143115101241e-03,3.2415143115101241e-03
1021,3.7500000000000000e-01,1.3750000000000000e+00,0.0000000000000000e+00,2.2503372783100001e-01,2.2775580969959680e-01,-2.7220818685967929e-03,2.7220818685967929e-03
1022,6.2500000000000000e-01,1.3750000000000000e+00,0.0000000000000000e+00,1.9638148169500000e-01,1.9862772485308280e-01,-2.2462431580828057e-03,2.2462431580828057e-03
1023,8.7500000000000000e-01,1.3750000000000000e+00,0.0000000000000000e+00,1.5721768728300001e-01,1.5950774997650674e-01,-2.2900626935067336e-03,2.2900626935067336e-03
1024,1.1250000000000000e+00,1.3750000000000000e+00,0.0000000000000000e+00,1.1384122136400000e-01,1.1649383719838977e-01,-2.6526158343897627e-03,2.6526158343897627e-03
1025,1.3750000000000000e+00,1.3750000000000000e+00,0.0000000000000000e+00,7.3779264126600005e-02,7.6467946828223277e-02,-2.6886827016232712e-03,2.6886827016232712e-03
1026,1.6250000000000000e+00,1.3750000000000000e+00,0.0000000000000000e+00,4.2570366019600001e-02,4.4661514220531891e-02,-2.0911482009318902e-03,2.0911482009318902e-03
1027,1.8750000000000000e+00,1.3750000000000000e+00,0.0000000000000000e+00,2.1854893357900002e-02,2.3021985308093601e-02,-1.1670919501935995e-03,1.1670919501935995e-03
1028,2.1250000000000000e+00,1.3750000000000000e+00,0.0000000000000000e+00,1.0009424193200001e-02,1.0407818532058955e-02,-3.9839433885895462e-04,3.9839433885895462e-04
1029,2.3750000000000000e+00,1.3750000000000000e+00,0.0000000000000000e+00,4.1083482980900001e-03,4.1064592480768670e-03,1.8890500131331020e-06,1.8890500131331020e-06
1030,2.6250000000000000e+00,1.3750000000000000e+00,0.0000000000000000e+00,1.5194735578900000e-03,1.4087630106772483e-03,1.1071054721275165e-04,1.1071054721275165e-04
1031,2.8750000000000000e+00,1.3750000000000000e+00,0.0000000000000000e+00,5.0929682439499998e-04,4.1899837146620774e-04,9.0298452928792231e-05,9.0298452928792231e-05
1032,3.1250000000000000e+00,1.3750000000000000e+00,0.0000000000000000e+00,1.5557518911900000e-04,1.0779772452251761e-04,4.7777464596482393e-05,4.7777464596482393e-05
1033,3.3750000000000000e+00,1.3750000000000000e+00,0.0000000000000000e+00,4.3542563475800000e-05,2.3947336402179668e-05,1.9595227073620332e-05,1.9595227073620332e-05
1034,3.6250000000000000e+00,1.3750000000000000e+00,0.0000000000000000e+00,1.1221251418800001e-05,4.5871231837802796e-06,6.6341282350197212e-06,6.6341282350197212e-06
1035,3.8750000000000000e+00,1.3750000000000000e+00,0.0000000000000000e+00,2.6748392418800000e-06,7.5677116620521058e-07,1.9180680756747895e-06,1.9180680756747895e-06
1036,4.1250000000000000e+00,1.3750000000000000e+00,0.0000000000000000e+00,5.9222898359500001e-07,1.0743051941092723e-07,4.8479846418407279e-07,4.8479846418407279e-07
1037,4.3750000000000000e+00,1.3750000000000000e+00,0.0000000000000000e+00,1.2226990781499999e-07,1.3112924619710757e-08,1.0915698319528924e-07,1.0915698319528924e-07
1038,4.6250000000000000e+00,1.3750000000000000e+00,0.0000000000000000e+00,2.3727708298299999e-08,1.3753289738136347e-09,2.2352379324486363e-08,2.2352379324486363e-08
1039,4.8750000000000000e+00,1.3750000000000000e+00,0.0000000000000000e+00,5.0094232434000000e-09,1.2388533696169088e-10,4.8855379064383088e-09,4.8855379064383088e-09
1040,-4.8750000000000000e+00,1.6250000000000000e+00,0.0000000000000000e+00,2.8238325774800001e-09,7.2355895089729565e-11,2.7514766823902705e-09,2.7514766823902705e-09
1041,-4.6250000000000000e+00,1.6250000000000000e+00,0.0000000000000000e+00,1.3407355267000000e-08,8.0326825905068396e-10,1.2604087007949316e-08,1.2604087007949316e-08
1042,-4.3750000000000000e+00,1.6250000000000000e+00,0.0000000000000000e+00,6.9233502915100002e-08,7.6586739106720969e-09,6.1574829004427900e-08,6.1574829004427900e-08
1043,-4.1250000000000000e+00,1.6250000000000000e+00,0.0000000000000000e+00,3.3601904641400000e-07,6.2745370699810325e-08,2.7327367571418970e-07,2.7327367571418970e-07
1044,-3.8750000000000000e+00,1.6250000000000000e+00,0.0000000000000000e+00,1.5206442951900000e-06,4.4199625598797863e-07,1.0786480392020214e-06,1.0786480392020214e-06
1045,-3.6250000000000000e+00,1.6250000000000000e+00,0.0000000000000000e+00,6.3915107655400001e-06,2.6791338829058312e-06,3.7123768826341689e-06,3.7123768826341689e-06
1046,-3.3750000000000000e+00,1.6250000000000000e+00,0.0000000000000000e+00,2.4847475552700000e-05,1.3986570185706379e-05,1.0860905366993621e-05,1.0860905366993621e-05
1047,-3.1250000000000000e+00,1.6250000000000000e+00,0.0000000000000000e+00,8.8937482559600005e-05,6.2959838813489200e-05,2.5977643746110806e-05,2.5977643746110806e-05
1048,-2.8750000000000000e+00,1.6250000000000000e+00,0.0000000000000000e+00,2.9164683044499999e-04,2.4471824472618105e-04,4.6928585718818941e-05,4.6928585718818941e-05
1049,-2.6250000000000000e+00,1.6250000000000000e+00,0.0000000000000000e+00,8.7152725875000003e-04,8.2279558749051259e-04,4.8731671259487439e-05,4.8731671259487439e-05
1050,-2.3750000000000000e+00,1.6250000000000000e+00,0.0000000000000000e+00,2.3599834731000001e-03,2.3983995348535892e-03,-3.8416061753589106e-05,3.8416061753589106e-05
1051,-2.1250000000000000e+00,1.6250000000000000e+00,0.0000000000000000e+00,5.7576839286600000e-03,6.0787422005517270e-03,-3.2105827189172695e-04,3.2105827189172695e-04
1052,-1.8750000000000000e+00,1.6250000000000000e+00,0.0000000000000000e+00,1.2586834406000001e-02,1.3446113919235050e-02,-8.5927951323504920e-04,8.5927951323504920e-04
1053,-1.6250000000000000e+00,1.6250000000000000e+00,0.0000000000000000e+00,2.4542793712600000e-02,2.6084796770489121e-02,-1.5420030578891207e-03,1.5420030578891207e-03
1054,-1.3750000000000000e+00,1.6250000000000000e+00,0.0000000000000000e+00,4.2570366019600001e-02,4.4661514220531891e-02,-2.0911482009318902e-03,2.0911482009318902e-03
1055,-1.1250000000000000e+00,1.6250000000000000e+00,0.0000000000000000e+00,6.5724723413800007e-02,6.8038850033827938e-02,-2.3141266200279315e-03,2.3141266200279315e-03
1056,-8.7500000000000000e-01,1.6250000000000000e+00,0.0000000000000000e+00,9.0800489910599996e-02,9.3161356350573321e-02,-2.3608664399733248e-03,2.3608664399733248e-03
1057,-6.2500000000000000e-01,1.6250000000000000e+00,0.0000000000000000e+00,1.1343904630000000e-01,1.1600958736404419e-01,-2.5705410640441961e-03,2.5705410640441961e-03
1058,-3.7500000000000000e-01,1.6250000000000000e+00,0.0000000000000000e+00,1.2999656253100000e-01,1.3302200144797116e-01,-3.0254389169711571e-03,3.0254389169711571e-03
1059,-1.2500000000000000e-01,1.6250000000000000e+00,0.0000000000000000e+00,1.3855942546300001e-01,1.4198252368447728e-01,-3.4230982214772665e-03,3.4230982214772665e-03
1060,1.2500000000000000e-01,1.6250000000000000e+00,0.0000000000000000e+00,1.3855942546300001e-01,1.4198252368447728e-01,-3.4230982214772665e-03,3.4230982214772665e-03
1061,3.7500000000000000e-01,1.6250000000000000e+00,0.0000000000000000e+00,1.2999656253100000e-01,1.3302200144797116e-01,-3.0254389169711571e-03,3.0254389169711571e-03
1062,6.2500000000000000e-01,1.6250000000000000e+00,0.0000000000000000e+00,1.1343904630000000e-01,1.1600958736404419e-01,-2.5705410640441961e-03,2.5705410640441961e-03
1063,8.7500000000000000e-01,1.6250000000000000e+00,0.0000000000000000e+00,9.0800489910599996e-02,9.3161356350573321e-02,-2.3608664399733248e-03,2.3608664399733248e-03
1064,1.1250000000000000e+00,1.6250000000000000e+00,0.0000000000000000e+00,6.5724723413800007e-02,6.8038850033827938e-02,-2.3141266200279315e-03,2.3141266200279315e-03
1065,1.3750000000000000e+00,1.6250000000000000e+00,0.0000000000000000e+00,4.2570366019600001e-02,4.4661514220531891e-02,-2.0911482009318902e-03,2.0911482009318902e-03
1066,1.6250000000000000e+00,1.6250000000000000e+00,0.0000000000000000e+00,2.4542793712600000e-02,2.6084796770489121e-02,-1.5420030578891207e-03,1.5420030578891207e-03
1067,1.8750000000000000e+00,1.6250000000000000e+00,0.0000000000000000e+00,1.2586834406000001e-02,1.3446113919235050e-02,-8.5927951323504920e-04,8.5927951323504920e-04
1068,2.1250000000000000e+00,1.6250000000000000e+00,0.0000000000000000e+00,5.7576839286600000e-03,6.0787422005517270e-03,-3.2105827189172695e-04,3.2105827189172695e-04
1069,2.3750000000000000e+00,1.6250000000000000e+00,0.0000000000000000e+00,2.3599834731000001e-03,2.3983995348535892e-03,-3.8416061753589106e-05,3.8416061753589106e-05
1070,2.6250000000000000e+00,1.6250000000000000e+00,0.0000000000000000e+00,8.7152725875000003e-04,8.2279558749051259e-04,4.8731671259487439e-05,4.8731671259487439e-05
1071,2.8750000000000000e+00,1.6250000000000000e+00,0.0000000000000000e+00,2.9164683044499999e-04,2.4471824472618105e-04,4.6928585718818941e-05,4.6928585718818941e-05
1072,3.1250000000000000e+00,1.6250000000000000e+00,0.0000000000000000e+00,8.8937482559600005e-05,6.2959838813489200e-05,2.5977643746110806e-05,2.5977643746110806e-05
1073,3.3750000000000000e+00,1.6250000000000000e+00,0.0000000000000000e+00,2.4847475552700000e-05,1.3986570185706379e-05,1.0860905366993621e-05,1.0860905366993621e-05
1074,3.6250000000000000e+00,1.6250000000000000e+00,0.0000000000000000e+00,6.3915107655400001e-06,2.6791338829058312e-06,3.7123768826341689e-06,3.7123768826341689e-06
1075,3.8750000000000000e+00,1.6250000000000000e+00,0.0000000000000000e+00,1.5206442951900000e-06,4.4199625598797863e-07,1.0786480392020214e-06,1.0786480392020214e-06
1076,4.1250000000000000e+00,1.6250000000000000e+00,0.0000000000000000e+00,3.3601904641400000e-07,6.2745370699810325e-08,2.7327367571418970e-07,2.7327367571418970e-07
1077,4.3750000000000000e+00,1.6250000000000000e+00,0.0000000000000000e+00,6.9233502915100002e-08,7.6586739106720969e-09,6.1574829004427900e-08,6.1574829004427900e-08
1078,4.6250000000000000e+00,1.6250000000000000e+00,0.0000000000000000e+00,1.3407355267000000e-08,8.0326825905068396e-10,1.2604087007949316e-08,1.2604087007949316e-08
1079,4.8750000000000000e+00,1.6250000000000000e+00,0.0000000000000000e+00,2.8238325774800001e-09,7.2355895089729565e-11,2.7514766823902705e-09,2.7514766823902705e-09
1080,-4.8750000000000000e+00,1.8750000000000000e+00,0.0000000000000000e+00,1.4078800943000001e-09,3.7297802879776104e-11,1.3705822914202239e-09,1.3705822914202239e-09
1081,-4.6250000000000000e+00,1.8750000000000000e+00,0.0000000000000000e+00,6.7045384448600002e-09,4.1406634730313744e-10,6.2904720975568629e-09,6.2904720975568629e-09
1082,-4.3750000000000000e+00,1.8750000000000000e+00,0.0000000000000000e+00,3.4712247070700003e-08,3.9478705845113401e-09,3.0764376486188664e-08,3.0764376486188664e-08
1083,-4.1250000000000000e+00,1.8750000000000000e+00,0.0000000000000000e+00,1.6890069381400000e-07,3.2343798180891963e-08,1.3655689563310804e-07,1.3655689563310804e-07
1084,-3.8750000000000000e+00,1.8750000000000000e+00,0.0000000000000000e+00,7.6624785666700004e-07,2.2783892326941433e-07,5.3840893339758573e-07,5.3840893339758573e-07
1085,-3.6250000000000000e+00,1.8750000000000000e+00,0.0000000000000000e+00,3.2284210064300001e-06,1.3810320130686168e-06,1.8473889933613833e-06,1.8473889933613833e-06
1086,-3.3750000000000000e+00,1.8750000000000000e+00,0.0000000000000000e+00,1.2580018711400000e-05,7.2097558478642519e-06,5.3702628635357481e-06,5.3702628635357481e-06
1087,-3.1250000000000000e+00,1.8750000000000000e+00,0.0000000000000000e+00,4.5129347889799997e-05,3.2454351570053578e-05,1.2674996319746419e-05,1.2674996319746419e-05
1088,-2.8750000000000000e+00,1.8750000000000000e+00,0.0000000000000000e+00,1.4830771654200000e-04,1.2614663727900577e-04,2.2161079262994233e-05,2.2161079262994233e-05
1089,-2.6250000000000000e+00,1.8750000000000000e+00,0.0000000000000000e+00,4.4408837622499997e-04,4.2413223683451795e-04,1.9956139390482023e-05,1.9956139390482023e-05
1090,-2.3750000000000000e+00,1.8750000000000000e+00,0.0000000000000000e+00,1.2048131314800000e-03,1.2363199013291375e-03,-3.1506769849137502e-05,3.1506769849137502e-05
1091,-2.1250000000000000e+00,1.8750000000000000e+00,0.0000000000000000e+00,2.9444866946600002e-03,3.1334520576656744e-03,-1.8896536300567427e-04,1.8896536300567427e-04
1092,-1.8750000000000000e+00,1.8750000000000000e+00,0.0000000000000000e+00,6.4467988238200002e-03,6.9311630494890896e-03,-4.8436422566908947e-04,4.8436422566908947e-04
1093,-1.6250000000000000e+00,1.8750000000000000e+00,0.0000000000000000e+00,1.2586834406000001e-02,1.3446113919235050e-02,-8.5927951323504920e-04,8.5927951323504920e-04
1094,-1.3750000000000000e+00,1.8750000000000000e+00,0.0000000000000000e+00,2.1854893357900002e-02,2.3021985308093601e-02,-1.1670919501935995e-03,1.1670919501935995e-03
1095,-1.1250000000000000e+00,1.8750000000000000e+00,0.0000000000000000e+00,3.3767007448999999e-02,3.5072465257755779e-02,-1.3054578087557805e-03,1.3054578087557805e-03
1096,-8.7500000000000000e-01,1.8750000000000000e+00,0.0000000000000000e+00,4.6671338847799997e-02,4.8022540538918357e-02,-1.3512016911183602e-03,1.3512016911183602e-03
1097,-6.2500000000000000e-01,1.8750000000000000e+00,0.0000000000000000e+00,5.8320216311700000e-02,5.9800279110671387e-02,-1.4800627989713863e-03,1.4800627989713863e-03
1098,-3.7500000000000000e-01,1.8750000000000000e+00,0.0000000000000000e+00,6.6836874098400001e-02,6.8569788025246353e-02,-1.7329139268463523e-03,1.7329139268463523e-03
1099,-1.2500000000000000e-01,1.8750000000000000e+00,0.0000000000000000e+00,7.1239564102100000e-02,7.3188731535828333e-02,-1.9491674337283327e-03,1.9491674337283327e-03
1100,1.2500000000000000e-01,1.8750000000000000e+00,0.0000000000000000e+00,7.1239564102100000e-02,7.3188731535828333e-02,-1.9491674337283327e-03,1.9491674337283327e-03
1101,3.7500000000000000e-01,1.8750000000000000e+00,0.0000000000000000e+00,6.6836874098400001e-02,6.8569788025246353e-02,-1.7329139268463523e-03,1.7329139268463523e-03
1102,6.2500000000000000e-01,1.8750000000000000e+00,0.0000000000000000e+00,5.8320216311700000e-02,5.9800279110671387e-02,-1.4800627989713863e-03,1.4800627989713863e-03
1103,8.7500000000000000e-01,1.8750000000000000e+00,0.0000000000000000e+00,4.6671338847799997e-02,4.8022540538918357e-02,-1.3512016911183602e-03,1.3512016911183602e-03
1104,1.1250000000000000e+00,1.8750000000000000e+00,0.0000000000000000e+00,3.3767007448999999e-02,3.5072465257755779e-02,-1.3054578087557805e-03,1.3054578087557805e-03
1105,1.3750000000000000e+00,1.8750000000000000e+00,0.0000000000000000e+00,2.1854893357900002e-02,2.3021985308093601e-02,-1.1670919501935995e-03,1.1670919501935995e-03
1106,1.6250000000000000e+00,1.8750000000000000e+00,0.0000000000000000e+00,1.2586834406000001e-02,1.3446113919235050e-02,-8.5927951323504920e-04,8.5927951323504920e-04
1107,1.8750000000000000e+00,1.8750000000000000e+00,0.0000000000000000e+00,6.4467988238200002e-03,6.9311630494890896e-03,-4.8436422566908947e-04,4.8436422566908947e-04
1108,2.1250000000000000e+00,1.8750000000000000e+00,0.0000000000000000e+00,2.9444866946600002e-03,3.1334520576656744e-03,-1.8896536300567427e-04,1.8896536300567427e-04
1109,2.3750000000000000e+00,1.8750000000000000e+00,0.0000000000000000e+00,1.2048131314800000e-03,1.2363199013291375e-03,-3.1506769849137502e-05,3.1506769849137502e-05
1110,2.6250000000000000e+00,1.8750000000000000e+00,0.0000000000000000e+00,4.4408837622499997e-04,4.2413223683451795e-04,1.9956139390482023e-05,1.9956139390482023e-05
1111,2.8750000000000000e+00,1.8750000000000000e+00,0.0000000000000000e+00,1.4830771654200000e-04,1.2614663727900577e-04,2.2161079262994233e-05,2.2161079262994233e-05
1112,3.1250000000000000e+00,1.8750000000000000e+00,0.0000000000000000e+00,4.5129347889799997e-05,3.2454351570053578e-05,1.2674996319746419e-05,1.2674996319746419e-05
1113,3.3750000000000000e+00,1.8750000000000000e+00,0.0000000000000000e+00,1.2580018711400000e-05,7.2097558478642519e-06,5.3702628635357481e-06,5.3702628635357481e-06
1114,3.6250000000000000e+00,1.8750000000000000e+00,0.0000000000000000e+00,3.2284210064300001e-06,1.3810320130686168e-06,1.8473889933613833e-06,1.8473889933613833e-06
1115,3.8750000000000000e+00,1.8750000000000000e+00,0.0000000000000000e+00,7.6624785666700004e-07,2.2783892326941433e-07,5.3840893339758573e-07,5.3840893339758573e-07
1116,4.1250000000000000e+00,1.8750000000000000e+00,0.0000000000000000e+00,1.6890069381400000e-07,3.2343798180891963e-08,1.3655689563310804e-07,1.3655689563310804e-07
1117,4.3750000000000000e+00,1.8750000000000000e+00,0.0000000000000000e+00,3.4712247070700003e-08,3.9478705845113401e-09,3.0764376486188664e-08,3.0764376486188664e-08
1118,4.6250000000000000e+00,1.8750000000000000e+00,0.0000000000000000e+00,6.7045384448600002e-09,4.1406634730313744e-10,6.2904720975568629e-09,6.2904720975568629e-09
1119,4.8750000000000000e+00,1.8750000000000000e+00,0.0000000000000000e+00,1.4078800943000001e-09,3.7297802879776104e-11,1.3705822914202239e-09,1.3705822914202239e-09
1120,-4.8750000000000000e+00,2.1250000000000000e+00,0.0000000000000000e+00,6.2299558863099998e-10,1.6861654580273932e-11,6.0613393405072609e-10,6.0613393405072609e-10
1121,-4.6250000000000000e+00,2.1250000000000000e+00,0.0000000000000000e+00,2.9772180181499999e-09,1.8719182317645290e-10,2.7900261949735470e-09,2.7900261949735470e-09
1122,-4.3750000000000000e+00,2.1250000000000000e+00,0.0000000000000000e+00,1.5461871747599999e-08,1.7847600926581432e-09,1.3677111654941856e-08,1.3677111654941856e-08
1123,-4.1250000000000000e+00,2.1250000000000000e+00,0.0000000000000000e+00,7.5457552590200000e-08,1.4622039654673793e-08,6.0835512935526204e-08,6.0835512935526204e-08
1124,-3.8750000000000000e+00,2.1250000000000000e+00,0.0000000000000000e+00,3.4332178554400002e-07,1.0300181049521013e-07,2.4031997504878988e-07,2.4031997504878988e-07
1125,-3.6250000000000000e+00,2.1250000000000000e+00,0.0000000000000000e+00,1.4506059421200001e-06,6.2433931681509165e-07,8.2626662530490845e-07,8.2626662530490845e-07
1126,-3.3750000000000000e+00,2.1250000000000000e+00,0.0000000000000000e+00,5.6680018184099997e-06,3.2593987669100683e-06,2.4086030514999314e-06,2.4086030514999314e-06
1127,-3.1250000000000000e+00,2.1250000000000000e+00,0.0000000000000000e+00,2.0387032071000000e-05,1.4672018820114998e-05,5.7150132508850020e-06,5.7150132508850020e-06
1128,-2.8750000000000000e+00,2.1250000000000000e+00,0.0000000000000000e+00,6.7166847374700004e-05,5.7028587745983335e-05,1.0138259628716668e-05,1.0138259628716668e-05
1129,-2.6250000000000000e+00,2.1250000000000000e+00,0.0000000000000000e+00,2.0160356026499999e-04,1.9174242774874968e-04,9.8611325162503119e-06,9.8611325162503119e-06
1130,-2.3750000000000000e+00,2.1250000000000000e+00,0.0000000000000000e+00,5.4817136266499999e-04,5.5891761759065323e-04,-1.0746254925653241e-05,1.0746254925653241e-05
1131,-2.1250000000000000e+00,2.1250000000000000e+00,0.0000000000000000e+00,1.3424269325299999e-03,1.4165763707453096e-03,-7.4149438215309659e-05,7.4149438215309659e-05
1132,-1.8750000000000000e+00,2.1250000000000000e+00,0.0000000000000000e+00,2.9444866946600002e-03,3.1334520576656744e-03,-1.8896536300567427e-04,1.8896536300567427e-04
1133,-1.6250000000000000e+00,2.1250000000000000e+00,0.0000000000000000e+00,5.7576839286600000e-03,6.0787422005517270e-03,-3.2105827189172695e-04,3.2105827189172695e-04
1134,-1.3750000000000000e+00,2.1250000000000000e+00,0.0000000000000000e+00,1.0009424193200001e-02,1.0407818532058955e-02,-3.9839433885895462e-04,3.9839433885895462e-04
1135,-1.1250000000000000e+00,2.1250000000000000e+00,0.0000000000000000e+00,1.5478653923700000e-02,1.5855620138300386e-02,-3.7696621460038549e-04,3.7696621460038549e-04
1136,-8.7500000000000000e-01,2.1250000000000000e+00,0.0000000000000000e+00,2.1405454612799999e-02,2.1710112342126896e-02,-3.0465772932689733e-04,3.0465772932689733e-04
1137,-6.2500000000000000e-01,2.1250000000000000e+00,0.0000000000000000e+00,2.6754964306299998e-02,2.7034612559305924e-02,-2.7964825300592563e-04,2.7964825300592563e-04
1138,-3.7500000000000000e-01,2.1250000000000000e+00,0.0000000000000000e+00,3.0664341679799999e-02,3.0999147162934663e-02,-3.3480548313466474e-04,3.3480548313466474e-04
1139,-1.2500000000000000e-01,2.1250000000000000e+00,0.0000000000000000e+00,3.2684330632399998e-02,3.3087287052897492e-02,-4.0295642049749392e-04,4.0295642049749392e-04
1140,1.2500000000000000e-01,2.1250000000000000e+00,0.0000000000000000e+00,3.2684330632399998e-02,3.3087287052897492e-02,-4.0295642049749392e-04,4.0295642049749392e-04
1141,3.7500000000000000e-01,2.1250000000000000e+00,0.0000000000000000e+00,3.0664341679799999e-02,3.0999147162934663e-02,-3.3480548313466474e-04,3.3480548313466474e-04
1142,6.2500000000000000e-01,2.1250000000000000e+00,0.0000000000000000e+00,2.6754964306299998e-02,2.7034612559305924e-02,-2.7964825300592563e-04,2.7964825300592563e-04
1143,8.7500000000000000e-01,2.1250000000000000e+00,0.0000000000000000e+00,2.1405454612799999e-02,2.1710112342126896e-02,-3.0465772932689733e-04,3.0465772932689733e-04
1144,1.1250000000000000e+00,2.1250000000000000e+00,0.0000000000000000e+00,1.5478653923700000e-02,1.5855620138300386e-02,-3.7696621460038549e-04,3.7696621460038549e-04
1145,1.3750000000000000e+00,2.1250000000000000e+00,0.0000000000000000e+00,1.0009424193200001e-02,1.0407818532058955e-02,-3.9839433885895462e-04,3.9839433885895462e-04
1146,1.6250000000000000e+00,2.1250000000000000e+00,0.0000000000000000e+00,5.7576839286600000e-03,6.0787422005517270e-03,-3.2105827189172695e-04,3.2105827189172695e-04
1147,1.8750000000000000e+00,2.1250000000000000e+00,0.0000000000000000e+00,2.9444866946600002e-03,3.1334520576656744e-03,-1.8896536300567427e-04,1.8896536300567427e-04
1148,2.1250000000000000e+00,2.1250000000000000e+00,0.0000000000000000e+00,1.3424269325299999e-03,1.4165763707453096e-03,-7.4149438215309659e-05,7.4149438215309659e-05
1149,2.3750000000000000e+00,2.1250000000000000e+00,0.0000000000000000e+00,5.4817136266499999e-04,5.5891761759065323e-04,-1.0746254925653241e-05,1.0746254925653241e-05
1150,2.6250000000000000e+00,2.1250000000000000e+00,0.0000000000000000e+00,2.0160356026499999e-04,1.9174242774874968e-04,9.8611325162503119e-06,9.8611325162503119e-06
1151,2.8750000000000000e+00,2.1250000000000000e+00,0.0000000000000000e+00,6.7166847374700004e-05,5.7028587745983335e-05,1.0138259628716668e-05,1.0138259628716668e-05
1152,3.1250000000000000e+00,2.1250000000000000e+00,0.0000000000000000e+00,2.0387032071000000e-05,1.4672018820114998e-05,5.7150132508850020e-06,5.7150132508850020e-06
1153,3.3750000000000000e+00,2.1250000000000000e+00,0.0000000000000000e+00,5.6680018184099997e-06,3.2593987669100683e-06,2.4086030514999314e-06,2.4086030514999314e-06
1154,3.6250000000000000e+00,2.1250000000000000e+00,0.0000000000000000e+00,1.4506059421200001e-06,6.2433931681509165e-07,8.2626662530490845e-07,8.2626662530490845e-07
1155,3.8750000000000000e+00,2.1250000000000000e+00,0.0000000000000000e+00,3.4332178554400002e-07,1.0300181049521013e-07,2.4031997504878988e-07,2.4031997504878988e-07
1156,4.1250000000000000e+00,2.1250000000000000e+00,0.0000000000000000e+00,7.5457552590200000e-08,1.4622039654673793e-08,6.0835512935526204e-08,6.0835512935526204e-08
1157,4.3750000000000000e+00,2.1250000000000000e+00,0.0000000000000000e+00,1.5461871747599999e-08,1.7847600926581432e-09,1.3677111654941856e-08,1.3677111654941856e-08
1158,4.6250000000000000e+00,2.1250000000000000e+00,0.0000000000000000e+00,2.9772180181499999e-09,1.8719182317645290e-10,2.7900261949735470e-09,2.7900261949735470e-09
1159,4.8750000000000000e+00,2.1250000000000000e+00,0.0000000000000000e+00,6.2299558863099998e-10,1.6861654580273932e-11,6.0613393405072609e-10,6.0613393405072609e-10
1160,-4.8750000000000000e+00,2.3750000000000000e+00,0.0000000000000000e+00,2.4600454785899997e-10,6.6528540227483794e-12,2.3935169383625160e-10,2.3935169383625160e-10
1161,-4.6250000000000000e+00,2.3750000000000000e+00,0.0000000000000000e+00,1.1802550781600000e-09,7.3857513087831029e-11,1.1063975650721691e-09,1.1063975650721691e-09
1162,-4.3750000000000000e+00,2.3750000000000000e+00,0.0000000000000000e+00,6.1507486995099998e-09,7.0418643114492027e-10,5.4465622683650798e-09,5.4465622683650798e-09
1163,-4.1250000000000000e+00,2.3750000000000000e+00,0.0000000000000000e+00,3.0117502040899997e-08,5.7692022377914529e-09,2.4348299803108545e-08,2.4348299803108545e-08
1164,-3.8750000000000000e+00,2.3750000000000000e+00,0.0000000000000000e+00,1.3747812962699999e-07,4.0639903162592981e-08,9.6838226464407012e-08,9.6838226464407012e-08
1165,-3.6250000000000000e+00,2.3750000000000000e+00,0.0000000000000000e+00,5.8272091111499996e-07,2.4633634354557973e-07,3.3638456756942022e-07,3.3638456756942022e-07
1166,-3.3750000000000000e+00,2.3750000000000000e+00,0.0000000000000000e+00,2.2839057770100000e-06,1.2860128343244992e-06,9.9789294268550083e-07,9.9789294268550083e-07
1167,-3.1250000000000000e+00,2.3750000000000000e+00,0.0000000000000000e+00,8.2393197114400007e-06,5.7889217789714813e-06,2.4503979324685193e-06,2.4503979324685193e-06
1168,-2.8750000000000000e+00,2.3750000000000000e+00,0.0000000000000000e+00,2.7222363824400001e-05,2.2500927627907821e-05,4.7214361964921793e-06,4.7214361964921793e-06
1169,-2.6250000000000000e+00,2.3750000000000000e+00,0.0000000000000000e+00,8.1928899558099999e-05,7.5652977927334936e-05,6.2759216307650624e-06,6.2759216307650624e-06
1170,-2.3750000000000000e+00,2.3750000000000000e+00,0.0000000000000000e+00,2.2332913793000000e-04,2.2052386987709893e-04,2.8052680529010675e-06,2.8052680529010675e-06
1171,-2.1250000000000000e+00,2.3750000000000000e+00,0.0000000000000000e+00,5.4817136266499999e-04,5.5891761759065323e-04,-1.0746254925653241e-05,1.0746254925653241e-05
1172,-1.8750000000000000e+00,2.3750000000000000e+00,0.0000000000000000e+00,1.2048131314800000e-03,1.2363199013291375e-03,-3.1506769849137502e-05,3.1506769849137502e-05
1173,-1.6250000000000000e+00,2.3750000000000000e+00,0.0000000000000000e+00,2.3599834731000001e-03,2.3983995348535892e-03,-3.8416061753589106e-05,3.8416061753589106e-05
1174,-1.3750000000000000e+00,2.3750000000000000e+00,0.0000000000000000e+00,4.1083482980900001e-03,4.1064592480768670e-03,1.8890500131331020e-06,1.8890500131331020e-06
1175,-1.1250000000000000e+00,2.3750000000000000e+00,0.0000000000000000e+00,6.3594618498300001e-03,6.2559178708159868e-03,1.0354397901401330e-04,1.0354397901401330e-04
1176,-8.7500000000000000e-01,2.3750000000000000e+00,0.0000000000000000e+00,8.7998441771700003e-03,8.5658383963462554e-03,2.3400578082374487e-04,2.3400578082374487e-04
1177,-6.2500000000000000e-01,2.3750000000000000e+00,0.0000000000000000e+00,1.1002205672900001e-02,1.0666647811006239e-02,3.3555786189376144e-04,3.3555786189376144e-04
1178,-3.7500000000000000e-01,2.3750000000000000e+00,0.0000000000000000e+00,1.2610866473799999e-02,1.2230875678473807e-02,3.7999079532619225e-04,3.7999079532619225e-04
1179,-1.2500000000000000e-01,2.3750000000000000e+00,0.0000000000000000e+00,1.3441615866800000e-02,1.3054762195711125e-02,3.8685367108887495e-04,3.8685367108887495e-04
1180,1.2500000000000000e-01,2.3750000000000000e+00,0.0000000000000000e+00,1.3441615866800000e-02,1.3054762195711125e-02,3.8685367108887495e-04,3.8685367108887495e-04
1181,3.7500000000000000e-01,2.3750000000000000e+00,0.0000000000000000e+00,1.2610866473799999e-02,1.2230875678473807e-02,3.7999079532619225e-04,3.7999079532619225e-04
1182,6.2500000000000000e-01,2.3750000000000000e+00,0.0000000000000000e+00,1.1002205672900001e-02,1.0666647811006239e-02,3.3555786189376144e-04,3.3555786189376144e-04
1183,8.7500000000000000e-01,2.3750000000000000e+00,0.0000000000000000e+00,8.7998441771700003e-03,8.5658383963462554e-03,2.3400578082374487e-04,2.3400578082374487e-04
1184,1.1250000000000000e+00,2.3750000000000000e+00,0.0000000000000000e+00,6.3594618498300001e-03,6.2559178708159868e-03,1.0354397901401330e-04,1.0354397901401330e-04
1185,1.3750000000000000e+00,2.3750000000000000e+00,0.0000000000000000e+00,4.1083482980900001e-03,4.1064592480768670e-03,1.8890500131331020e-06,1.8890500131331020e-06
1186,1.6250000000000000e+00,2.3750000000000000e+00,0.0000000000000000e+00,2.3599834731000001e-03,2.3983995348535892e-03,-3.8416061753589106e-05,3.8416061753589106e-05
1187,1.8750000000000000e+00,2.3750000000000000e+00,0.0000000000000000e+00,1.2048131314800000e-03,1.2363199013291375e-03,-3.1506769849137502e-05,3.1506769849137502e-05
1188,2.1250000000000000e+00,2.3750000000000000e+00,0.0000000000000000e+00,5.4817136266499999e-04,5.5891761759065323e-04,-1.0746254925653241e-05,1.0746254925653241e-05
1189,2.3750000000000000e+00,2.3750000000000000e+00,0.0000000000000000e+00,2.2332913793000000e-04,2.2052386987709893e-04,2.8052680529010675e-06,2.8052680529010675e-06
1190,2.6250000000000000e+00,2.3750000000000000e+00,0.0000000000000000e+00,8.1928899558099999e-05,7.5652977927334936e-05,6.2759216307650624e-06,6.2759216307650624e-06
1191,2.8750000000000000e+00,2.3750000000000000e+00,0.0000000000000000e+00,2.7222363824400001e-05,2.2500927627907821e-05,4.7214361964921793e-06,4.7214361964921793e-06
1192,3.1250000000000000e+00,2.3750000000000000e+00,0.0000000000000000e+00,8.2393197114400007e-06,5.7889217789714813e-06,2.4503979324685193e-06,2.4503979324685193e-06
1193,3.3750000000000000e+00,2.3750000000000000e+00,0.0000000000000000e+00,2.2839057770100000e-06,1.2860128343244992e-06,9.9789294268550083e-07,9.9789294268550083e-07
1194,3.6250000000000000e+00,2.3750000000000000e+00,0.0000000000000000e+00,5.8272091111499996e-07,2.4633634354557973e-07,3.3638456756942022e-07,3.3638456756942022e-07
1195,3.8750000000000000e+00,2.3750000000000000e+00,0.0000000000000000e+00,1.3747812962699999e-07,4.0639903162592981e-08,9.6838226464407012e-08,9.6838226464407012e-08
1196,4.1250000000000000e+00,2.3750000000000000e+00,0.0000000000000000e+00,3.0117502040899997e-08,5.7692022377914529e-09,2.4348299803108545e-08,2.4348299803108545e-08
1197,4.3750000000000000e+00,2.3750000000000000e+00,0.0000000000000000e+00,6.1507486995099998e-09,7.0418643114492027e-10,5.4465622683650798e-09,5.4465622683650798e-09
1198,4.6250000000000000e+00,2.3750000000000000e+00,0.0000000000000000e+00,1.1802550781600000e-09,7.3857513087831029e-11,1.1063975650721691e-09,1.1063975650721691e-09
1199,4.8750000000000000e+00,2.3750000000000000e+00,0.0000000000000000e+00,2.4600454785899997e-10,6.6528540227483794e-12,2.3935169383625160e-10,2.3935169383625160e-10
1200,-4.8750000000000000e+00,2.6250000000000000e+00,0.0000000000000000e+00,8.7223264777200002e-11,2.2823298848204748e-12,8.4940934892379534e-11,8.4940934892379534e-11
1201,-4.6250000000000000e+00,2.6250000000000000e+00,0.0000000000000000e+00,4.2026508770499999e-10,2.5337578242734206e-11,3.9492750946226578e-10,3.9492750946226578e-10
1202,-4.3750000000000000e+00,2.6250000000000000e+00,0.0000000000000000e+00,2.1984161088000002e-09,2.4157838587643891e-10,1.9568377229235613e-09,1.9568377229235613e-09
1203,-4.1250000000000000e+00,2.6250000000000000e+00,0.0000000000000000e+00,1.0803920251700001e-08,1.9791840665466822e-09,8.8247361851533189e-09,8.8247361851533189e-09
1204,-3.8750000000000000e+00,2.6250000000000000e+00,0.0000000000000000e+00,4.9492549998699997e-08,1.3941936075410587e-08,3.5550613923289409e-08,3.5550613923289409e-08
1205,-3.6250000000000000e+00,2.6250000000000000e+00,0.0000000000000000e+00,2.1050905526000000e-07,8.4508212064935577e-08,1.2600084319506441e-07,1.2600084319506441e-07
1206,-3.3750000000000000e+00,2.6250000000000000e+00,0.0000000000000000e+00,8.2784173311600002e-07,4.4117990775167447e-07,3.8666182536432555e-07,3.8666182536432555e-07
1207,-3.1250000000000000e+00,2.6250000000000000e+00,0.0000000000000000e+00,2.9961793017200000e-06,1.9859490576311453e-06,1.0102302440888547e-06,1.0102302440888547e-06
1208,-2.8750000000000000e+00,2.6250000000000000e+00,0.0000000000000000e+00,9.9300054496399999e-06,7.7191742650234000e-06,2.2108311846165999e-06,2.2108311846165999e-06
1209,-2.6250000000000000e+00,2.6250000000000000e+00,0.0000000000000000e+00,2.9973474935599999e-05,2.5953530891978010e-05,4.0199440436219890e-06,4.0199440436219890e-06
1210,-2.3750000000000000e+00,2.6250000000000000e+00,0.0000000000000000e+00,8.1928899558099999e-05,7.5652977927334936e-05,6.2759216307650624e-06,6.2759216307650624e-06
1211,-2.1250000000000000e+00,2.6250000000000000e+00,0.0000000000000000e+00,2.0160356026499999e-04,1.9174242774874968e-04,9.8611325162503119e-06,9.8611325162503119e-06
1212,-1.8750000000000000e+00,2.6250000000000000e+00,0.0000000000000000e+00,4.4408837622499997e-04,4.2413223683451795e-04,1.9956139390482023e-05,1.9956139390482023e-05
1213,-1.6250000000000000e+00,2.6250000000000000e+00,0.0000000000000000e+00,8.7152725875000003e-04,8.2279558749051259e-04,4.8731671259487439e-05,4.8731671259487439e-05
1214,-1.3750000000000000e+00,2.6250000000000000e+00,0.0000000000000000e+00,1.5194735578900000e-03,1.4087630106772483e-03,1.1071054721275165e-04,1.1071054721275165e-04
1215,-1.1250000000000000e+00,2.6250000000000000e+00,0.0000000000000000e+00,2.3545944669700002e-03,2.1461568621112398e-03,2.0843760485876042e-04,2.0843760485876042e-04
1216,-8.7500000000000000e-01,2.6250000000000000e+00,0.0000000000000000e+00,3.2603100356700001e-03,2.9385988169401264e-03,3.2171121872987376e-04,3.2171121872987376e-04
1217,-6.2500000000000000e-01,2.6250000000000000e+00,0.0000000000000000e+00,4.0775554797900003e-03,3.6593030580065675e-03,4.1825242178343287e-04,4.1825242178343287e-04
1218,-3.7500000000000000e-01,2.6250000000000000e+00,0.0000000000000000e+00,4.6741619088400002e-03,4.1959274896238696e-03,4.7823441921613068e-04,4.7823441921613068e-04
1219,-1.2500000000000000e-01,2.6250000000000000e+00,0.0000000000000000e+00,4.9820785416599999e-03,4.4785702191293911e-03,5.0350832253060872e-04,5.0350832253060872e-04
1220,1.2500000000000000e-01,2.6250000000000000e+00,0.0000000000000000e+00,4.9820785416599999e-03,4.4785702191293911e-03,5.0350832253060872e-04,5.0350832253060872e-04
1221,3.7500000000000000e-01,2.6250000000000000e+00,0.0000000000000000e+00,4.6741619088400002e-03,4.1959274896238696e-03,4.7823441921613068e-04,4.7823441921613068e-04
1222,6.2500000000000000e-01,2.6250000000000000e+00,0.0000000000000000e+00,4.0775554797900003e-03,3.6593030580065675e-03,4.1825242178343287e-04,4.1825242178343287e-04
1223,8.7500000000000000e-01,2.6250000000000000e+00,0.0000000000000000e+00,3.2603100356700001e-03,2.9385988169401264e-03,3.2171121872987376e-04,3.2171121872987376e-04
1224,1.1250000000000000e+00,2.6250000000000000e+00,0.0000000000000000e+00,2.3545944669700002e-03,2.1461568621112398e-03,2.0843760485876042e-04,2.0843760485876042e-04
1225,1.3750000000000000e+00,2.6250000000000000e+00,0.0000000000000000e+00,1.5194735578900000e-03,1.4087630106772483e-03,1.1071054721275165e-04,1.1071054721275165e-04
1226,1.6250000000000000e+00,2.6250000000000000e+00,0.0000000000000000e+00,8.7152725875000003e-04,8.2279558749051259e-04,4.8731671259487439e-05,4.8731671259487439e-05
1227,1.8750000000000000e+00,2.6250000000000000e+00,0.0000000000000000e+00,4.4408837622499997e-04,4.2413223683451795e-04,1.9956139390482023e-05,1.9956139390482023e-05
1228,2.1250000000000000e+00,2.6250000000000000e+00,0.0000000000000000e+00,2.0160356026499999e-04,1.9174242774874968e-04,9.8611325162503119e-06,9.8611325162503119e-06
1229,2.3750000000000000e+00,2.6250000000000000e+00,0.0000000000000000e+00,8.1928899558099999e-05,7.5652977927334936e-05,6.2759216307650624e-06,6.2759216307650624e-06
1230,2.6250000000000000e+00,2.6250000000000000e+00,0.0000000000000000e+00,2.9973474935599999e-05,2.5953530891978010e-05,4.0199440436219890e-06,4.0199440436219890e-06
1231,2.8750000000000000e+00,2.6250000000000000e+00,0.0000000000000000e+00,9.9300054496399999e-06,7.7191742650234000e-06,2.2108311846165999e-06,2.2108311846165999e-06
1232,3.1250000000000000e+00,2.6250000000000000e+00,0.0000000000000000e+00,2.9961793017200000e-06,1.9859490576311453e-06,1.0102302440888547e-06,1.0102302440888547e-06
1233,3.3750000000000000e+00,2.6250000000000000e+00,0.0000000000000000e+00,8.2784173311600002e-07,4.4117990775167447e-07,3.8666182536432555e-07,3.8666182536432555e-07
1234,3.6250000000000000e+00,2.6250000000000000e+00,0.0000000000000000e+00,2.1050905526000000e-07,8.4508212064935577e-08,1.2600084319506441e-07,1.2600084319506441e-07
1235,3.8750000000000000e+00,2.6250000000000000e+00,0.0000000000000000e+00,4.9492549998699997e-08,1.3941936075410587e-08,3.5550613923289409e-08,3.5550613923289409e-08
1236,4.1250000000000000e+00,2.6250000000000000e+00,0.0000000000000000e+00,1.0803920251700001e-08,1.9791840665466822e-09,8.8247361851533189e-09,8.8247361851533189e-09
1237,4.3750000000000000e+00,2.6250000000000000e+00,0.0000000000000000e+00,2.1984161088000002e-09,2.4157838587643891e-10,1.9568377229235613e-09,1.9568377229235613e-09
1238,4.6250000000000000e+00,2.6250000000000000e+00,0.0000000000000000e+00,4.2026508770499999e-10,2.5337578242734206e-11,3.9492750946226578e-10,3.9492750946226578e-10
1239,4.8750000000000000e+00,2.6250000000000000e+00,0.0000000000000000e+00,8.7223264777200002e-11,2.2823298848204748e-12,8.4940934892379534e-11,8.4940934892379534e-11
1240,-4.8750000000000000e+00,2.8750000000000000e+00,0.0000000000000000e+00,2.7944835423900000e-11,6.7881715919607272e-13,2.7266018264703927e-11,2.7266018264703927e-11
1241,-4.6250000000000000e+00,2.8750000000000000e+00,0.0000000000000000e+00,1.3526166818700001e-10,7.5359758455749949e-12,1.2772569234142500e-10,1.2772569234142500e-10
1242,-4.3750000000000000e+00,2.8750000000000000e+00,0.0000000000000000e+00,7.1040457571600005e-10,7.1850942632999786e-11,6.3855363308300024e-10,6.3855363308300024e-10
1243,-4.1250000000000000e+00,2.8750000000000000e+00,0.0000000000000000e+00,3.5048135493100002e-09,5.8865465264896543e-10,2.9161588966610346e-09,2.9161588966610346e-09
1244,-3.8750000000000000e+00,2.8750000000000000e+00,0.0000000000000000e+00,1.6116565874400001e-08,4.1466509742292958e-09,1.1969914900170705e-08,1.1969914900170705e-08
1245,-3.6250000000000000e+00,2.8750000000000000e+00,0.0000000000000000e+00,6.8803519360799998e-08,2.5134676991346135e-08,4.3668842369453863e-08,4.3668842369453863e-08
1246,-3.3750000000000000e+00,2.8750000000000000e+00,0.0000000000000000e+00,2.7154818108100000e-07,1.3121700489757812e-07,1.4033117618342188e-07,1.4033117618342188e-07
1247,-3.1250000000000000e+00,2.8750000000000000e+00,0.0000000000000000e+00,9.8621703645400007e-07,5.9066671587456848e-07,3.9555032057943159e-07,3.9555032057943159e-07
1248,-2.8750000000000000e+00,2.8750000000000000e+00,0.0000000000000000e+00,3.2794094767800000e-06,2.2958591484836045e-06,9.8355032829639548e-07,9.8355032829639548e-07
1249,-2.6250000000000000e+00,2.8750000000000000e+00,0.0000000000000000e+00,9.9300054496399999e-06,7.7191742650234000e-06,2.2108311846165999e-06,2.2108311846165999e-06
1250,-2.3750000000000000e+00,2.8750000000000000e+00,0.0000000000000000e+00,2.7222363824400001e-05,2.2500927627907821e-05,4.7214361964921793e-06,4.7214361964921793e-06
1251,-2.1250000000000000e+00,2.8750000000000000e+00,0.0000000000000000e+00,6.7166847374700004e-05,5.7028587745983335e-05,1.0138259628716668e-05,1.0138259628716668e-05
1252,-1.8750000000000000e+00,2.8750000000000000e+00,0.0000000000000000e+00,1.4830771654200000e-04,1.2614663727900577e-04,2.2161079262994233e-05,2.2161079262994233e-05
1253,-1.6250000000000000e+00,2.8750000000000000e+00,0.0000000000000000e+00,2.9164683044499999e-04,2.4471824472618105e-04,4.6928585718818941e-05,4.6928585718818941e-05
1254,-1.3750000000000000e+00,2.8750000000000000e+00,0.0000000000000000e+00,5.0929682439499998e-04,4.1899837146620774e-04,9.0298452928792231e-05,9.0298452928792231e-05
1255,-1.1250000000000000e+00,2.8750000000000000e+00,0.0000000000000000e+00,7.9012903649099998e-04,6.3831618470968905e-04,1.5181285178131093e-04,1.5181285178131093e-04
1256,-8.7500000000000000e-01,2.8750000000000000e+00,0.0000000000000000e+00,1.0948374847500001e-03,8.7400656416902821e-04,2.2083092058097190e-04,2.2083092058097190e-04
1257,-6.2500000000000000e-01,2.8750000000000000e+00,0.0000000000000000e+00,1.3697336624100000e-03,1.0883605051987954e-03,2.8137315721120468e-04,2.8137315721120468e-04
1258,-3.7500000000000000e-01,2.8750000000000000e+00,0.0000000000000000e+00,1.5702934675100001e-03,1.2479648965921617e-03,3.2232857091783838e-04,3.2232857091783838e-04
1259,-1.2500000000000000e-01,2.8750000000000000e+00,0.0000000000000000e+00,1.6737379904099999e-03,1.3320293151437568e-03,3.4170867526624312e-04,3.4170867526624312e-04
1260,1.2500000000000000e-01,2.8750000000000000e+00,0.0000000000000000e+00,1.6737379904099999e-03,1.3320293151437568e-03,3.4170867526624312e-04,3.4170867526624312e-04
1261,3.7500000000000000e-01,2.8750000000000000e+00,0.0000000000000000e+00,1.5702934675100001e-03,1.2479648965921617e-03,3.2232857091783838e-04,3.2232857091783838e-04
1262,6.2500000000000000e-01,2.8750000000000000e+00,0.0000000000000000e+00,1.3697336624100000e-03,1.0883605051987954e-03,2.8137315721120468e-04,2.8137315721120468e-04
1263,8.7500000000000000e-01,2.8750000000000000e+00,0.0000000000000000e+00,1.0948374847500001e-03,8.7400656416902821e-04,2.2083092058097190e-04,2.2083092058097190e-04
1264,1.1250000000000000e+00,2.8750000000000000e+00,0.0000000000000000e+00,7.9012903649099998e-04,6.3831618470968905e-04,1.5181285178131093e-04,1.5181285178131093e-04
1265,1.3750000000000000e+00,2.8750000000000000e+00,0.0000000000000000e+00,5.0929682439499998e-04,4.1899837146620774e-04,9.0298452928792231e-05,9.0298452928792231e-05
1266,1.6250000000000000e+00,2.8750000000000000e+00,0.0000000000000000e+00,2.9164683044499999e-04,2.4471824472618105e-04,4.6928585718818941e-05,4.6928585718818941e-05
1267,1.8750000000000000e+00,2.8750000000000000e+00,0.0000000000000000e+00,1.4830771654200000e-04,1.2614663727900577e-04,2.2161079262994233e-05,2.2161079262994233e-05
1268,2.1250000000000000e+00,2.8750000000000000e+00,0.0000000000000000e+00,6.7166847374700004e-05,5.7028587745983335e-05,1.0138259628716668e-05,1.0138259628716668e-05
1269,2.3750000000000000e+00,2.8750000000000000e+00,0.0000000000000000e+00,2.7222363824400001e-05,2.2500927627907821e-05,4.7214361964921793e-06,4.7214361964921793e-06
1270,2.6250000000000000e+00,2.8750000000000000e+00,0.0000000000000000e+00,9.9300054496399999e-06,7.7191742650234000e-06,2.2108311846165999e-06,2.2108311846165999e-06
1271,2.8750000000000000e+00,2.8750000000000000e+00,0.0000000000000000e+00,3.2794094767800000e-06,2.2958591484836045e-06,9.8355032829639548e-07,9.8355032829639548e-07
1272,3.1250000000000000e+00,2.8750000000000000e+00,0.0000000000000000e+00,9.8621703645400007e-07,5.9066671587456848e-07,3.9555032057943159e-07,3.9555032057943159e-07
1273,3.3750000000000000e+00,2.8750000000000000e+00,0.0000000000000000e+00,2.7154818108100000e-07,1.3121700489757812e-07,1.4033117618342188e-07,1.4033117618342188e-07
1274,3.6250000000000000e+00,2.8750000000000000e+00,0.0000000000000000e+00,6.8803519360799998e-08,2.5134676991346135e-08,4.3668842369453863e-08,4.3668842369453863e-08
1275,3.8750000000000000e+00,2.8750000000000000e+00,0.0000000000000000e+00,1.6116565874400001e-08,4.1466509742292958e-09,1.1969914900170705e-08,1.1969914900170705e-08
1276,4.1250000000000000e+00,2.8750000000000000e+00,0.0000000000000000e+00,3.5048135493100002e-09,5.8865465264896543e-10,2.9161588966610346e-09,2.9161588966610346e-09
1277,4.3750000000000000e+00,2.8750000000000000e+00,0.0000000000000000e+00,7.1040457571600005e-10,7.1850942632999786e-11,6.3855363308300024e-10,6.3855363308300024e-10
1278,4.6250000000000000e+00,2.8750000000000000e+00,0.0000000000000000e+00,1.3526166818700001e-10,7.5359758455749949e-12,1.2772569234142500e-10,1.2772569234142500e-10
1279,4.8750000000000000e+00,2.8750000000000000e+00,0.0000000000000000e+00,2.7944835423900000e-11,6.7881715919607272e-13,2.7266018264703927e-11,2.7266018264703927e-11
1280,-4.8750000000000000e+00,3.1250000000000000e+00,0.0000000000000000e+00,8.1395666531900001e-12,1.7464255260017830e-13,7.9649241005898217e-12,7.9649241005898217e-12
1281,-4.6250000000000000e+00,3.1250000000000000e+00,0.0000000000000000e+00,3.9587601241500001e-11,1.9388167199002035e-12,3.7648784521599799e-11,3.7648784521599799e-11
1282,-4.3750000000000000e+00,3.1250000000000000e+00,0.0000000000000000e+00,2.0879770026900000e-10,1.8485437290679282e-11,1.9031226297832071e-10,1.9031226297832071e-10
1283,-4.1250000000000000e+00,3.1250000000000000e+00,0.0000000000000000e+00,1.0343357712399999e-09,1.5144601126515159e-10,8.8288975997484834e-10,8.8288975997484834e-10
1284,-3.8750000000000000e+00,3.1250000000000000e+00,0.0000000000000000e+00,4.7753563464499997e-09,1.0668288228586812e-09,3.7085275235913187e-09,3.7085275235913187e-09
1285,-3.6250000000000000e+00,3.1250000000000000e+00,0.0000000000000000e+00,2.0466189829799999e-08,6.4665191341778529e-09,1.3999670695622145e-08,1.3999670695622145e-08
1286,-3.3750000000000000e+00,3.1250000000000000e+00,0.0000000000000000e+00,8.1080584731400003e-08,3.3758829412919939e-08,4.7321755318480063e-08,4.7321755318480063e-08
1287,-3.1250000000000000e+00,3.1250000000000000e+00,0.0000000000000000e+00,2.9554877769000001e-07,1.5196366444016620e-07,1.4358511324983381e-07,1.4358511324983381e-07
1288,-2.8750000000000000e+00,3.1250000000000000e+00,0.0000000000000000e+00,9.8621703645400007e-07,5.9066671587456848e-07,3.9555032057943159e-07,3.9555032057943159e-07
1289,-2.6250000000000000e+00,3.1250000000000000e+00,0.0000000000000000e+00,2.9961793017200000e-06,1.9859490576311453e-06,1.0102302440888547e-06,1.0102302440888547e-06
1290,-2.3750000000000000e+00,3.1250000000000000e+00,0.0000000000000000e+00,8.2393197114400007e-06,5.7889217789714813e-06,2.4503979324685193e-06,2.4503979324685193e-06
1291,-2.1250000000000000e+00,3.1250000000000000e+00,0.0000000000000000e+00,2.0387032071000000e-05,1.4672018820114998e-05,5.7150132508850020e-06,5.7150132508850020e-06
1292,-1.8750000000000000e+00,3.1250000000000000e+00,0.0000000000000000e+00,4.5129347889799997e-05,3.2454351570053578e-05,1.2674996319746419e-05,1.2674996319746419e-05
1293,-1.6250000000000000e+00,3.1250000000000000e+00,0.0000000000000000e+00,8.8937482559600005e-05,6.2959838813489200e-05,2.5977643746110806e-05,2.5977643746110806e-05
1294,-1.3750000000000000e+00,3.1250000000000000e+00,0.0000000000000000e+00,1.5557518911900000e-04,1.0779772452251761e-04,4.7777464596482393e-05,4.7777464596482393e-05
1295,-1.1250000000000000e+00,3.1250000000000000e+00,0.0000000000000000e+00,2.4165754899900001e-04,1.6422267226675599e-04,7.7434876732244019e-05,7.7434876732244019e-05
1296,-8.7500000000000000e-01,3.1250000000000000e+00,0.0000000000000000e+00,3.3510292944200003e-04,2.2485986879966556e-04,1.1024306064233446e-04,1.1024306064233446e-04
1297,-6.2500000000000000e-01,3.1250000000000000e+00,0.0000000000000000e+00,4.1938976380199999e-04,2.8000773728560879e-04,1.3938202651639120e-04,1.3938202651639120e-04
1298,-3.7500000000000000e-01,3.1250000000000000e+00,0.0000000000000000e+00,4.8084477513600000e-04,3.2106992603780010e-04,1.5977484909819991e-04,1.5977484909819991e-04
1299,-1.2500000000000000e-01,3.1250000000000000e+00,0.0000000000000000e+00,5.1252006274200000e-04,3.4269758296987798e-04,1.6982247977212202e-04,1.6982247977212202e-04
1300,1.2500000000000000e-01,3.1250000000000000e+00,0.0000000000000000e+00,5.1252006274200000e-04,3.4269758296987798e-04,1.6982247977212202e-04,1.6982247977212202e-04
1301,3.7500000000000000e-01,3.1250000000000000e+00,0.0000000000000000e+00,4.8084477513600000e-04,3.2106992603780010e-04,1.5977484909819991e-04,1.5977484909819991e-04
1302,6.2500000000000000e-01,3.1250000000000000e+00,0.0000000000000000e+00,4.1938976380199999e-04,2.8000773728560879e-04,1.3938202651639120e-04,1.3938202651639120e-04
1303,8.7500000000000000e-01,3.1250000000000000e+00,0.0000000000000000e+00,3.3510292944200003e-04,2.2485986879966556e-04,1.1024306064233446e-04,1.1024306064233446e-04
1304,1.1250000000000000e+00,3.1250000000000000e+00,0.0000000000000000e+00,2.4165754899900001e-04,1.6422267226675599e-04,7.7434876732244019e-05,7.7434876732244019e-05
1305,1.3750000000000000e+00,3.1250000000000000e+00,0.0000000000000000e+00,1.5557518911900000e-04,1.0779772452251761e-04,4.7777464596482393e-05,4.7777464596482393e-05
1306,1.6250000000000000e+00,3.1250000000000000e+00,0.0000000000000000e+00,8.8937482559600005e-05,6.2959838813489200e-05,2.5977643746110806e-05,2.5977643746110806e-05
1307,1.8750000000000000e+00,3.1250000000000000e+00,0.0000000000000000e+00,4.5129347889799997e-05,3.2454351570053578e-05,1.2674996319746419e-05,1.2674996319746419e-05
1308,2.1250000000000000e+00,3.1250000000000000e+00,0.0000000000000000e+00,2.0387032071000000e-05,1.4672018820114998e-05,5.7150132508850020e-06,5.7150132508850020e-06
1309,2.3750000000000000e+00,3.1250000000000000e+00,0.0000000000000000e+00,8.2393197114400007e-06,5.7889217789714813e-06,2.4503979324685193e-06,2.4503979324685193e-06
1310,2.6250000000000000e+00,3.1250000000000000e+00,0.0000000000000000e+00,2.9961793017200000e-06,1.9859490576311453e-06,1.0102302440888547e-06,1.0102302440888547e-06
1311,2.8750000000000000e+00,3.1250000000000000e+00,0.0000000000000000e+00,9.8621703645400007e-07,5.9066671587456848e-07,3.9555032057943159e-07,3.9555032057943159e-07
1312,3.1250000000000000e+00,3.1250000000000000e+00,0.0000000000000000e+00,2.9554877769000001e-07,1.5196366444016620e-07,1.4358511324983381e-07,1.4358511324983381e-07
1313,3.3750000000000000e+00,3.1250000000000000e+00,0.0000000000000000e+00,8.1080584731400003e-08,3.3758829412919939e-08,4.7321755318480063e-08,4.7321755318480063e-08
1314,3.6250000000000000e+00,3.1250000000000000e+00,0.0000000000000000e+00,2.0466189829799999e-08,6.4665191341778529e-09,1.3999670695622145e-08,1.3999670695622145e-08
1315,3.8750000000000000e+00,3.1250000000000000e+00,0.0000000000000000e+00,4.7753563464499997e-09,1.0668288228586812e-09,3.7085275235913187e-09,3.7085275235913187e-09
1316,4.1250000000000000e+00,3.1250000000000000e+00,0.0000000000000000e+00,1.0343357712399999e-09,1.5144601126515159e-10,8.8288975997484834e-10,8.8288975997484834e-10
1317,4.3750000000000000e+00,3.1250000000000000e+00,0.0000000000000000e+00,2.0879770026900000e-10,1.8485437290679282e-11,1.9031226297832071e-10,1.9031226297832071e-10
1318,4.6250000000000000e+00,3.1250000000000000e+00,0.0000000000000000e+00,3.9587601241500001e-11,1.9388167199002035e-12,3.7648784521599799e-11,3.7648784521599799e-11
1319,4.8750000000000000e+00,3.1250000000000000e+00,0.0000000000000000e+00,8.1395666531900001e-12,1.7464255260017830e-13,7.9649241005898217e-12,7.9649241005898217e-12
1320,-4.8750000000000000e+00,3.3750000000000000e+00,0.0000000000000000e+00,2.1677533428000001e-12,3.8796959544152650e-14,2.1289563832558475e-12,2.1289563832558475e-12
1321,-4.6250000000000000e+00,3.3750000000000000e+00,0.0000000000000000e+00,1.0595909963600000e-11,4.3070942748816727e-13,1.0165200536111832e-11,1.0165200536111832e-11
1322,-4.3750000000000000e+00,3.3750000000000000e+00,0.0000000000000000e+00,5.6132792770800002e-11,4.1065522236401548e-12,5.2026240547159846e-11,5.2026240547159846e-11
1323,-4.1250000000000000e+00,3.3750000000000000e+00,0.0000000000000000e+00,2.7925686844699998e-10,3.3643832414823356e-11,2.4561303603217662e-10,2.4561303603217662e-10
1324,-3.8750000000000000e+00,3.3750000000000000e+00,0.0000000000000000e+00,1.2946677554700000e-09,2.3699673455724557e-10,1.0576710209127544e-09,1.0576710209127544e-09
1325,-3.6250000000000000e+00,3.3750000000000000e+00,0.0000000000000000e+00,5.5712785547099997e-09,1.4365415387310999e-09,4.1347370159789002e-09,4.1347370159789002e-09
1326,-3.3750000000000000e+00,3.3750000000000000e+00,0.0000000000000000e+00,2.2158944664699999e-08,7.4995464707246177e-09,1.4659398193975381e-08,1.4659398193975381e-08
1327,-3.1250000000000000e+00,3.3750000000000000e+00,0.0000000000000000e+00,8.1080584731400003e-08,3.3758829412919939e-08,4.7321755318480063e-08,4.7321755318480063e-08
1328,-2.8750000000000000e+00,3.3750000000000000e+00,0.0000000000000000e+00,2.7154818108100000e-07,1.3121700489757812e-07,1.4033117618342188e-07,1.4033117618342188e-07
1329,-2.6250000000000000e+00,3.3750000000000000e+00,0.0000000000000000e+00,8.2784173311600002e-07,4.4117990775167447e-07,3.8666182536432555e-07,3.8666182536432555e-07
1330,-2.3750000000000000e+00,3.3750000000000000e+00,0.0000000000000000e+00,2.2839057770100000e-06,1.2860128343244992e-06,9.9789294268550083e-07,9.9789294268550083e-07
1331,-2.1250000000000000e+00,3.3750000000000000e+00,0.0000000000000000e+00,5.6680018184099997e-06,3.2593987669100683e-06,2.4086030514999314e-06,2.4086030514999314e-06
1332,-1.8750000000000000e+00,3.3750000000000000e+00,0.0000000000000000e+00,1.2580018711400000e-05,7.2097558478642519e-06,5.3702628635357481e-06,5.3702628635357481e-06
1333,-1.6250000000000000e+00,3.3750000000000000e+00,0.0000000000000000e+00,2.4847475552700000e-05,1.3986570185706379e-05,1.0860905366993621e-05,1.0860905366993621e-05
1334,-1.3750000000000000e+00,3.3750000000000000e+00,0.0000000000000000e+00,4.3542563475800000e-05,2.3947336402179668e-05,1.9595227073620332e-05,1.9595227073620332e-05
1335,-1.1250000000000000e+00,3.3750000000000000e+00,0.0000000000000000e+00,6.7722296936599996e-05,3.6482176178175416e-05,3.1240120758424581e-05,3.1240120758424581e-05
1336,-8.7500000000000000e-01,3.3750000000000000e+00,0.0000000000000000e+00,9.3983258422400000e-05,4.9952769832082669e-05,4.4030488590317331e-05,4.4030488590317331e-05
1337,-6.2500000000000000e-01,3.3750000000000000e+00,0.0000000000000000e+00,1.1766561154300000e-04,6.2203905599055002e-05,5.5461705943945000e-05,5.5461705943945000e-05
1338,-3.7500000000000000e-01,3.3750000000000000e+00,0.0000000000000000e+00,1.3492117755100000e-04,7.1325898218232390e-05,6.3595279332767613e-05,6.3595279332767613e-05
1339,-1.2500000000000000e-01,3.3750000000000000e+00,0.0000000000000000e+00,1.4380859183800001e-04,7.6130496631023691e-05,6.7678095206976320e-05,6.7678095206976320e-05
1340,1.2500000000000000e-01,3.3750000000000000e+00,0.0000000000000000e+00,1.4380859183800001e-04,7.6130496631023691e-05,6.7678095206976320e-05,6.7678095206976320e-05
1341,3.7500000000000000e-01,3.3750000000000000e+00,0.0000000000000000e+00,1.3492117755100000e-04,7.1325898218232390e-05,6.3595279332767613e-05,6.3595279332767613e-05
1342,6.2500000000000000e-01,3.3750000000000000e+00,0.0000000000000000e+00,1.1766561154300000e-04,6.2203905599055002e-05,5.5461705943945000e-05,5.5461705943945000e-05
1343,8.7500000000000000e-01,3.3750000000000000e+00,0.0000000000000000e+00,9.3983258422400000e-05,4.9952769832082669e-05,4.4030488590317331e-05,4.4030488590317331e-05
1344,1.1250000000000000e+00,3.3750000000000000e+00,0.0000000000000000e+00,6.7722296936599996e-05,3.6482176178175416e-05,3.1240120758424581e-05,3.1240120758424581e-05
1345,1.3750000000000000e+00,3.3750000000000000e+00,0.0000000000000000e+00,4.3542563475800000e-05,2.3947336402179668e-05,1.9595227073620332e-05,1.9595227073620332e-05
1346,1.6250000000000000e+00,3.3750000000000000e+00,0.0000000000000000e+00,2.4847475552700000e-05,1.3986570185706379e-05,1.0860905366993621e-05,1.0860905366993621e-05
1347,1.8750000000000000e+00,3.3750000000000000e+00,0.0000000000000000e+00,1.2580018711400000e-05,7.2097558478642519e-06,5.3702628635357481e-06,5.3702628635357481e-06
1348,2.1250000000000000e+00,3.3750000000000000e+00,0.0000000000000000e+00,5.6680018184099997e-06,3.2593987669100683e-06,2.4086030514999314e-06,2.4086030514999314e-06
1349,2.3750000000000000e+00,3.3750000000000000e+00,0.0000000000000000e+00,2.2839057770100000e-06,1.2860128343244992e-06,9.9789294268550083e-07,9.9789294268550083e-07
1350,2.6250000000000000e+00,3.3750000000000000e+00,0.0000000000000000e+00,8.2784173311600002e-07,4.4117990775167447e-07,3.8666182536432555e-07,3.8666182536432555e-07
1351,2.8750000000000000e+00,3.3750000000000000e+00,0.0000000000000000e+00,2.7154818108100000e-07,1.3121700489757812e-07,1.4033117618342188e-07,1.4033117618342188e-07
1352,3.1250000000000000e+00,3.3750000000000000e+00,0.0000000000000000e+00,8.1080584731400003e-08,3.3758829412919939e-08,4.7321755318480063e-08,4.7321755318480063e-08
1353,3.3750000000000000e+00,3.3750000000000000e+00,0.0000000000000000e+00,2.2158944664699999e-08,7.4995464707246177e-09,1.4659398193975381e-08,1.4659398193975381e-08
1354,3.6250000000000000e+00,3.3750000000000000e+00,0.0000000000000000e+00,5.5712785547099997e-09,1.4365415387310999e-09,4.1347370159789002e-09,4.1347370159789002e-09
1355,3.8750000000000000e+00,3.3750000000000000e+00,0.0000000000000000e+00,1.2946677554700000e-09,2.3699673455724557e-10,1.0576710209127544e-09,1.0576710209127544e-09
1356,4.1250000000000000e+00,3.3750000000000000e+00,0.0000000000000000e+00,2.7925686844699998e-10,3.3643832414823356e-11,2.4561303603217662e-10,2.4561303603217662e-10
1357,4.3750000000000000e+00,3.3750000000000000e+00,0.0000000000000000e+00,5.6132792770800002e-11,4.1065522236401548e-12,5.2026240547159846e-11,5.2026240547159846e-11
1358,4.6250000000000000e+00,3.3750000000000000e+00,0.0000000000000000e+00,1.0595909963600000e-11,4.3070942748816727e-13,1.0165200536111832e-11,1.0165200536111832e-11
1359,4.8750000000000000e+00,3.3750000000000000e+00,0.0000000000000000e+00,2.1677533428000001e-12,3.8796959544152650e-14,2.1289563832558475e-12,2.1289563832558475e-12
1360,-4.8750000000000000e+00,3.6250000000000000e+00,0.0000000000000000e+00,5.3064749592499996e-13,7.4315752531446378e-15,5.2321592067185533e-13,5.2321592067185533e-13
1361,-4.6250000000000000e+00,3.6250000000000000e+00,0.0000000000000000e+00,2.6072204599499998e-12,8.2502586806433927e-14,2.5247178731435657e-12,2.5247178731435657e-12
1362,-4.3750000000000000e+00,3.6250000000000000e+00,0.0000000000000000e+00,1.3874997007900000e-11,7.8661194690319122e-13,1.3088385060996809e-11,1.3088385060996809e-11
1363,-4.1250000000000000e+00,3.6250000000000000e+00,0.0000000000000000e+00,6.9332218908599996e-11,6.4444914068692767e-12,6.2887727501730719e-11,6.2887727501730719e-11
1364,-3.8750000000000000e+00,3.6250000000000000e+00,0.0000000000000000e+00,3.2282152770599998e-10,4.5396832337011476e-11,2.7742469536898851e-10,2.7742469536898851e-10
1365,-3.6250000000000000e+00,3.6250000000000000e+00,0.0000000000000000e+00,1.3950378387600001e-09,2.7517018536462555e-10,1.1198676533953744e-09,1.1198676533953744e-09
1366,-3.3750000000000000e+00,3.6250000000000000e+00,0.0000000000000000e+00,5.5712785547099997e-09,1.4365415387310999e-09,4.1347370159789002e-09,4.1347370159789002e-09
1367,-3.1250000000000000e+00,3.6250000000000000e+00,0.0000000000000000e+00,2.0466189829799999e-08,6.4665191341778529e-09,1.3999670695622145e-08,1.3999670695622145e-08
1368,-2.8750000000000000e+00,3.6250000000000000e+00,0.0000000000000000e+00,6.8803519360799998e-08,2.5134676991346135e-08,4.3668842369453863e-08,4.3668842369453863e-08
1369,-2.6250000000000000e+00,3.6250000000000000e+00,0.0000000000000000e+00,2.1050905526000000e-07,8.4508212064935577e-08,1.2600084319506441e-07,1.2600084319506441e-07
1370,-2.3750000000000000e+00,3.6250000000000000e+00,0.0000000000000000e+00,5.8272091111499996e-07,2.4633634354557973e-07,3.3638456756942022e-07,3.3638456756942022e-07
1371,-2.1250000000000000e+00,3.6250000000000000e+00,0.0000000000000000e+00,1.4506059421200001e-06,6.2433931681509165e-07,8.2626662530490845e-07,8.2626662530490845e-07
1372,-1.8750000000000000e+00,3.6250000000000000e+00,0.0000000000000000e+00,3.2284210064300001e-06,1.3810320130686168e-06,1.8473889933613833e-06,1.8473889933613833e-06
1373,-1.6250000000000000e+00,3.6250000000000000e+00,0.0000000000000000e+00,6.3915107655400001e-06,2.6791338829058312e-06,3.7123768826341689e-06,3.7123768826341689e-06
1374,-1.3750000000000000e+00,3.6250000000000000e+00,0.0000000000000000e+00,1.1221251418800001e-05,4.5871231837802796e-06,6.6341282350197212e-06,6.6341282350197212e-06
1375,-1.1250000000000000e+00,3.6250000000000000e+00,0.0000000000000000e+00,1.7475838071899999e-05,6.9881774461744795e-06,1.0487660625725520e-05,1.0487660625725520e-05
1376,-8.7500000000000000e-01,3.6250000000000000e+00,0.0000000000000000e+00,2.4272273793999998e-05,9.5684757896469207e-06,1.4703798004353078e-05,1.4703798004353078e-05
1377,-6.2500000000000000e-01,3.6250000000000000e+00,0.0000000000000000e+00,3.0400047745900001e-05,1.1915186420028489e-05,1.8484861325871511e-05,1.8484861325871511e-05
1378,-3.7500000000000000e-01,3.6250000000000000e+00,0.0000000000000000e+00,3.4861741516299999e-05,1.3662508256702259e-05,2.1199233259597738e-05,2.1199233259597738e-05
1379,-1.2500000000000000e-01,3.6250000000000000e+00,0.0000000000000000e+00,3.7157963003499999e-05,1.4582831268745590e-05,2.2575131734754408e-05,2.2575131734754408e-05
1380,1.2500000000000000e-01,3.6250000000000000e+00,0.0000000000000000e+00,3.7157963003499999e-05,1.4582831268745590e-05,2.2575131734754408e-05,2.2575131734754408e-05
1381,3.7500000000000000e-01,3.6250000000000000e+00,0.0000000000000000e+00,3.4861741516299999e-05,1.3662508256702259e-05,2.1199233259597738e-05,2.1199233259597738e-05
1382,6.2500000000000000e-01,3.6250000000000000e+00,0.0000000000000000e+00,3.0400047745900001e-05,1.1915186420028489e-05,1.8484861325871511e-05,1.8484861325871511e-05
1383,8.7500000000000000e-01,3.6250000000000000e+00,0.0000000000000000e+00,2.4272273793999998e-05,9.5684757896469207e-06,1.4703798004353078e-05,1.4703798004353078e-05
1384,1.1250000000000000e+00,3.6250000000000000e+00,0.0000000000000000e+00,1.7475838071899999e-05,6.9881774461744795e-06,1.0487660625725520e-05,1.0487660625725520e-05
1385,1.3750000000000000e+00,3.6250000000000000e+00,0.0000000000000000e+00,1.1221251418800001e-05,4.5871231837802796e-06,6.6341282350197212e-06,6.6341282350197212e-06
1386,1.6250000000000000e+00,3.6250000000000000e+00,0.0000000000000000e+00,6.3915107655400001e-06,2.6791338829058312e-06,3.7123768826341689e-06,3.7123768826341689e-06
1387,1.8750000000000000e+00,3.6250000000000000e+00,0.0000000000000000e+00,3.2284210064300001e-06,1.3810320130686168e-06,1.8473889933613833e-06,1.8473889933613833e-06
1388,2.1250000000000000e+00,3.6250000000000000e+00,0.0000000000000000e+00,1.4506059421200001e-06,6.2433931681509165e-07,8.2626662530490845e-07,8.2626662530490845e-07
1389,2.3750000000000000e+00,3.6250000000000000e+00,0.0000000000000000e+00,5.8272091111499996e-07,2.4633634354557973e-07,3.3638456756942022e-07,3.3638456756942022e-07
1390,2.6250000000000000e+00,3.6250000000000000e+00,0.0000000000000000e+00,2.1050905526000000e-07,8.4508212064935577e-08,1.2600084319506441e-07,1.2600084319506441e-07
1391,2.8750000000000000e+00,3.6250000000000000e+00,0.0000000000000000e+00,6.8803519360799998e-08,2.5134676991346135e-08,4.3668842369453863e-08,4.3668842369453863e-08
1392,3.1250000000000000e+00,3.6250000000000000e+00,0.0000000000000000e+00,2.0466189829799999e-08,6.4665191341778529e-09,1.3999670695622145e-08,1.3999670695622145e-08
1393,3.3750000000000000e+00,3.6250000000000000e+00,0.0000000000000000e+00,5.5712785547099997e-09,1.4365415387310999e-09,4.1347370159789002e-09,4.1347370159789002e-09
1394,3.6250000000000000e+00,3.6250000000000000e+00,0.0000000000000000e+00,1.3950378387600001e-09,2.7517018536462555e-10,1.1198676533953744e-09,1.1198676533953744e-09
1395,3.8750000000000000e+00,3.6250000000000000e+00,0.0000000000000000e+00,3.2282152770599998e-10,4.5396832337011476e-11,2.7742469536898851e-10,2.7742469536898851e-10
1396,4.1250000000000000e+00,3.6250000000000000e+00,0.0000000000000000e+00,6.9332218908599996e-11,6.4444914068692767e-12,6.2887727501730719e-11,6.2887727501730719e-11
1397,4.3750000000000000e+00,3.6250000000000000e+00,0.0000000000000000e+00,1.3874997007900000e-11,7.8661194690319122e-13,1.3088385060996809e-11,1.3088385060996809e-11
1398,4.6250000000000000e+00,3.6250000000000000e+00,0.0000000000000000e+00,2.6072204599499998e-12,8.2502586806433927e-14,2.5247178731435657e-12,2.5247178731435657e-12
1399,4.8750000000000000e+00,3.6250000000000000e+00,0.0000000000000000e+00,5.3064749592499996e-13,7.4315752531446378e-15,5.2321592067185533e-13,5.2321592067185533e-13
1400,-4.8750000000000000e+00,3.8750000000000000e+00,0.0000000000000000e+00,1.1996837176099999e-13,1.2260411691035671e-15,1.1874233059189643e-13,1.1874233059189643e-13
1401,-4.6250000000000000e+00,3.8750000000000000e+00,0.0000000000000000e+00,5.9257625518699995e-13,1.3611053449189920e-14,5.7896520173781000e-13,5.7896520173781000e-13
1402,-4.3750000000000000e+00,3.8750000000000000e+00,0.0000000000000000e+00,3.1683421965299998e-12,1.2977310975945942e-13,3.0385690867705405e-12,3.0385690867705405e-12
1403,-4.1250000000000000e+00,3.8750000000000000e+00,0.0000000000000000e+00,1.5903921039500000e-11,1.0631947480330683e-12,1.4840726291466931e-11,1.4840726291466931e-11
1404,-3.8750000000000000e+00,3.8750000000000000e+00,0.0000000000000000e+00,7.4380434856400003e-11,7.4894465165398901e-12,6.6890988339860108e-11,6.6890988339860108e-11
1405,-3.6250000000000000e+00,3.8750000000000000e+00,0.0000000000000000e+00,3.2282152770599998e-10,4.5396832337011476e-11,2.7742469536898851e-10,2.7742469536898851e-10
1406,-3.3750000000000000e+00,3.8750000000000000e+00,0.0000000000000000e+00,1.2946677554700000e-09,2.3699673455724557e-10,1.0576710209127544e-09,1.0576710209127544e-09
1407,-3.1250000000000000e+00,3.8750000000000000e+00,0.0000000000000000e+00,4.7753563464499997e-09,1.0668288228586812e-09,3.7085275235913187e-09,3.7085275235913187e-09
1408,-2.8750000000000000e+00,3.8750000000000000e+00,0.0000000000000000e+00,1.6116565874400001e-08,4.1466509742292958e-09,1.1969914900170705e-08,1.1969914900170705e-08
1409,-2.6250000000000000e+00,3.8750000000000000e+00,0.0000000000000000e+00,4.9492549998699997e-08,1.3941936075410587e-08,3.5550613923289409e-08,3.5550613923289409e-08
1410,-2.3750000000000000e+00,3.8750000000000000e+00,0.0000000000000000e+00,1.3747812962699999e-07,4.0639903162592981e-08,9.6838226464407012e-08,9.6838226464407012e-08
1411,-2.1250000000000000e+00,3.8750000000000000e+00,0.0000000000000000e+00,3.4332178554400002e-07,1.0300181049521013e-07,2.4031997504878988e-07,2.4031997504878988e-07
1412,-1.8750000000000000e+00,3.8750000000000000e+00,0.0000000000000000e+00,7.6624785666700004e-07,2.2783892326941433e-07,5.3840893339758573e-07,5.3840893339758573e-07
1413,-1.6250000000000000e+00,3.8750000000000000e+00,0.0000000000000000e+00,1.5206442951900000e-06,4.4199625598797863e-07,1.0786480392020214e-06,1.0786480392020214e-06
1414,-1.3750000000000000e+00,3.8750000000000000e+00,0.0000000000000000e+00,2.6748392418800000e-06,7.5677116620521058e-07,1.9180680756747895e-06,1.9180680756747895e-06
1415,-1.1250000000000000e+00,3.8750000000000000e+00,0.0000000000000000e+00,4.1714997409800003e-06,1.1528905991210295e-06,3.0186091418589708e-06,3.0186091418589708e-06
1416,-8.7500000000000000e-01,3.8750000000000000e+00,0.0000000000000000e+00,5.7986827911999997e-06,1.5785812353462775e-06,4.2201015558537223e-06,4.2201015558537223e-06
1417,-6.2500000000000000e-01,3.8750000000000000e+00,0.0000000000000000e+00,7.2654475221599996e-06,1.9657352029527182e-06,5.2997123192072814e-06,5.2997123192072814e-06
1418,-3.7500000000000000e-01,3.8750000000000000e+00,0.0000000000000000e+00,8.3326261596900000e-06,2.2540036298288644e-06,6.0786225298611356e-06,6.0786225298611356e-06
1419,-1.2500000000000000e-01,3.8750000000000000e+00,0.0000000000000000e+00,8.8814146478099995e-06,2.4058360291793339e-06,6.4755786186306656e-06,6.4755786186306656e-06
1420,1.2500000000000000e-01,3.8750000000000000e+00,0.0000000000000000e+00,8.8814146478099995e-06,2.4058360291793339e-06,6.4755786186306656e-06,6.4755786186306656e-06
1421,3.7500000000000000e-01,3.8750000000000000e+00,0.0000000000000000e+00,8.3326261596900000e-06,2.2540036298288644e-06,6.0786225298611356e-06,6.0786225298611356e-06
1422,6.2500000000000000e-01,3.8750000000000000e+00,0.0000000000000000e+00,7.2654475221599996e-06,1.9657352029527182e-06,5.2997123192072814e-06,5.2997123192072814e-06
1423,8.7500000000000000e-01,3.8750000000000000e+00,0.0000000000000000e+00,5.7986827911999997e-06,1.5785812353462775e-06,4.2201015558537223e-06,4.2201015558537223e-06
1424,1.1250000000000000e+00,3.8750000000000000e+00,0.0000000000000000e+00,4.1714997409800003e-06,1.1528905991210295e-06,3.0186091418589708e-06,3.0186091418589708e-06
1425,1.3750000000000000e+00,3.8750000000000000e+00,0.0000000000000000e+00,2.6748392418800000e-06,7.5677116620521058e-07,1.9180680756747895e-06,1.9180680756747895e-06
1426,1.6250000000000000e+00,3.8750000000000000e+00,0.0000000000000000e+00,1.5206442951900000e-06,4.4199625598797863e-07,1.0786480392020214e-06,1.0786480392020214e-06
1427,1.8750000000000000e+00,3.8750000000000000e+00,0.0000000000000000e+00,7.6624785666700004e-07,2.2783892326941433e-07,5.3840893339758573e-07,5.3840893339758573e-07
1428,2.1250000000000000e+00,3.8750000000000000e+00,0.0000000000000000e+00,3.4332178554400002e-07,1.0300181049521013e-07,2.4031997504878988e-07,2.4031997504878988e-07
1429,2.3750000000000000e+00,3.8750000000000000e+00,0.0000000000000000e+00,1.3747812962699999e-07,4.0639903162592981e-08,9.6838226464407012e-08,9.6838226464407012e-08
1430,2.6250000000000000e+00,3.8750000000000000e+00,0.0000000000000000e+00,4.9492549998699997e-08,1.3941936075410587e-08,3.5550613923289409e-08,3.5550613923289409e-08
1431,2.8750000000000000e+00,3.8750000000000000e+00,0.0000000000000000e+00,1.6116565874400001e-08,4.1466509742292958e-09,1.1969914900170705e-08,1.1969914900170705e-08
1432,3.1250000000000000e+00,3.8750000000000000e+00,0.0000000000000000e+00,4.7753563464499997e-09,1.0668288228586812e-09,3.7085275235913187e-09,3.7085275235913187e-09
1433,3.3750000000000000e+00,3.8750000000000000e+00,0.0000000000000000e+00,1.2946677554700000e-09,2.3699673455724557e-10,1.0576710209127544e-09,1.0576710209127544e-09
1434,3.6250000000000000e+00,3.8750000000000000e+00,0.0000000000000000e+00,3.2282152770599998e-10,4.5396832337011476e-11,2.7742469536898851e-10,2.7742469536898851e-10
1435,3.8750000000000000e+00,3.8750000000000000e+00,0.0000000000000000e+00,7.4380434856400003e-11,7.4894465165398901e-12,6.6890988339860108e-11,6.6890988339860108e-11
1436,4.1250000000000000e+00,3.8750000000000000e+00,0.0000000000000000e+00,1.5903921039500000e-11,1.0631947480330683e-12,1.4840726291466931e-11,1.4840726291466931e-11
1437,4.3750000000000000e+00,3.8750000000000000e+00,0.0000000000000000e+00,3.1683421965299998e-12,1.2977310975945942e-13,3.0385690867705405e-12,3.0385690867705405e-12
1438,4.6250000000000000e+00,3.8750000000000000e+00,0.0000000000000000e+00,5.9257625518699995e-13,1.3611053449189920e-14,5.7896520173781000e-13,5.7896520173781000e-13
1439,4.8750000000000000e+00,3.8750000000000000e+00,0.0000000000000000e+00,1.1996837176099999e-13,1.2260411691035671e-15,1.1874233059189643e-13,1.1874233059189643e-13
1440,-4.8750000000000000e+00,4.1250000000000000e+00,0.0000000000000000e+00,2.5158065843000001e-14,1.7404764544142301e-16,2.4984018197558580e-14,2.4984018197558580e-14
1441,-4.6250000000000000e+00,4.1250000000000000e+00,0.0000000000000000e+00,1.2494396250000001e-13,1.9322122816976558e-15,1.2301175021830235e-13,1.2301175021830235e-13
1442,-4.3750000000000000e+00,4.1250000000000000e+00,0.0000000000000000e+00,6.7125074940299998e-13,1.8422467992457195e-14,6.5282828141054279e-13,6.5282828141054279e-13
1443,-4.1250000000000000e+00,4.1250000000000000e+00,0.0000000000000000e+00,3.3851274783300000e-12,1.5093012143804377e-13,3.2341973568919564e-12,3.2341973568919564e-12
1444,-3.8750000000000000e+00,4.1250000000000000e+00,0.0000000000000000e+00,1.5903921039500000e-11,1.0631947480330683e-12,1.4840726291466931e-11,1.4840726291466931e-11
1445,-3.6250000000000000e+00,4.1250000000000000e+00,0.0000000000000000e+00,6.9332218908599996e-11,6.4444914068692767e-12,6.2887727501730719e-11,6.2887727501730719e-11
1446,-3.3750000000000000e+00,4.1250000000000000e+00,0.0000000000000000e+00,2.7925686844699998e-10,3.3643832414823356e-11,2.4561303603217662e-10,2.4561303603217662e-10
1447,-3.1250000000000000e+00,4.1250000000000000e+00,0.0000000000000000e+00,1.0343357712399999e-09,1.5144601126515159e-10,8.8288975997484834e-10,8.8288975997484834e-10
1448,-2.8750000000000000e+00,4.1250000000000000e+00,0.0000000000000000e+00,3.5048135493100002e-09,5.8865465264896543e-10,2.9161588966610346e-09,2.9161588966610346e-09
1449,-2.6250000000000000e+00,4.1250000000000000e+00,0.0000000000000000e+00,1.0803920251700001e-08,1.9791840665466822e-09,8.8247361851533189e-09,8.8247361851533189e-09
1450,-2.3750000000000000e+00,4.1250000000000000e+00,0.0000000000000000e+00,3.0117502040899997e-08,5.7692022377914529e-09,2.4348299803108545e-08,2.4348299803108545e-08
1451,-2.1250000000000000e+00,4.1250000000000000e+00,0.0000000000000000e+00,7.5457552590200000e-08,1.4622039654673793e-08,6.0835512935526204e-08,6.0835512935526204e-08
1452,-1.8750000000000000e+00,4.1250000000000000e+00,0.0000000000000000e+00,1.6890069381400000e-07,3.2343798180891963e-08,1.3655689563310804e-07,1.3655689563310804e-07
1453,-1.6250000000000000e+00,4.1250000000000000e+00,0.0000000000000000e+00,3.3601904641400000e-07,6.2745370699810325e-08,2.7327367571418970e-07,2.7327367571418970e-07
1454,-1.3750000000000000e+00,4.1250000000000000e+00,0.0000000000000000e+00,5.9222898359500001e-07,1.0743051941092723e-07,4.8479846418407279e-07,4.8479846418407279e-07
1455,-1.1250000000000000e+00,4.1250000000000000e+00,0.0000000000000000e+00,9.2490850643099998e-07,1.6366325967282145e-07,7.6124524675817859e-07,7.6124524675817859e-07
1456,-8.7500000000000000e-01,4.1250000000000000e+00,0.0000000000000000e+00,1.2867979694400000e-06,2.2409390000412267e-07,1.0627040694358773e-06,1.0627040694358773e-06
1457,-6.2500000000000000e-01,4.1250000000000000e+00,0.0000000000000000e+00,1.6129333646900000e-06,2.7905391128537022e-07,1.3338794534046297e-06,1.3338794534046297e-06
1458,-3.7500000000000000e-01,4.1250000000000000e+00,0.0000000000000000e+00,1.8500390984200000e-06,3.1997622467683682e-07,1.5300628737431633e-06,1.5300628737431633e-06
1459,-1.2500000000000000e-01,4.1250000000000000e+00,0.0000000000000000e+00,1.9718681148899998e-06,3.4153020856792651e-07,1.6303379063220732e-06,1.6303379063220732e-06
1460,1.2500000000000000e-01,4.1250000000000000e+00,0.0000000000000000e+00,1.9718681148899998e-06,3.4153020856792651e-07,1.6303379063220732e-06,1.6303379063220732e-06
1461,3.7500000000000000e-01,4.1250000000000000e+00,0.0000000000000000e+00,1.8500390984200000e-06,3.1997622467683682e-07,1.5300628737431633e-06,1.5300628737431633e-06
1462,6.2500000000000000e-01,4.1250000000000000e+00,0.0000000000000000e+00,1.6129333646900000e-06,2.7905391128537022e-07,1.3338794534046297e-06,1.3338794534046297e-06
1463,8.7500000000000000e-01,4.1250000000000000e+00,0.0000000000000000e+00,1.2867979694400000e-06,2.2409390000412267e-07,1.0627040694358773e-06,1.0627040694358773e-06
1464,1.1250000000000000e+00,4.1250000000000000e+00,0.0000000000000000e+00,9.2490850643099998e-07,1.6366325967282145e-07,7.6124524675817859e-07,7.6124524675817859e-07
1465,1.3750000000000000e+00,4.1250000000000000e+00,0.0000000000000000e+00,5.9222898359500001e-07,1.0743051941092723e-07,4.8479846418407279e-07,4.8479846418407279e-07
1466,1.6250000000000000e+00,4.1250000000000000e+00,0.0000000000000000e+00,3.3601904641400000e-07,6.2745370699810325e-08,2.7327367571418970e-07,2.7327367571418970e-07
1467,1.8750000000000000e+00,4.1250000000000000e+00,0.0000000000000000e+00,1.6890069381400000e-07,3.2343798180891963e-08,1.3655689563310804e-07,1.3655689563310804e-07
1468,2.1250000000000000e+00,4.1250000000000000e+00,0.0000000000000000e+00,7.5457552590200000e-08,1.4622039654673793e-08,6.0835512935526204e-08,6.0835512935526204e-08
1469,2.3750000000000000e+00,4.1250000000000000e+00,0.0000000000000000e+00,3.0117502040899997e-08,5.7692022377914529e-09,2.4348299803108545e-08,2.4348299803108545e-08
1470,2.6250000000000000e+00,4.1250000000000000e+00,0.0000000000000000e+00,1.0803920251700001e-08,1.9791840665466822e-09,8.8247361851533189e-09,8.8247361851533189e-09
1471,2.8750000000000000e+00,4.1250000000000000e+00,0.0000000000000000e+00,3.5048135493100002e-09,5.8865465264896543e-10,2.9161588966610346e-09,2.9161588966610346e-09
1472,3.1250000000000000e+00,4.1250000000000000e+00,0.0000000000000000e+00,1.0343357712399999e-09,1.5144601126515159e-10,8.8288975997484834e-10,8.8288975997484834e-10
1473,3.3750000000000000e+00,4.1250000000000000e+00,0.0000000000000000e+00,2.7925686844699998e-10,3.3643832414823356e-11,2.4561303603217662e-10,2.4561303603217662e-10
1474,3.6250000000000000e+00,4.1250000000000000e+00,0.0000000000000000e+00,6.9332218908599996e-11,6.4444914068692767e-12,6.2887727501730719e-11,6.2887727501730719e-11
1475,3.8750000000000000e+00,4.1250000000000000e+00,0.0000000000000000e+00,1.5903921039500000e-11,1.0631947480330683e-12,1.4840726291466931e-11,1.4840726291466931e-11
1476,4.1250000000000000e+00,4.1250000000000000e+00,0.0000000000000000e+00,3.3851274783300000e-12,1.5093012143804377e-13,3.2341973568919564e-12,3.2341973568919564e-12
1477,4.3750000000000000e+00,4.1250000000000000e+00,0.0000000000000000e+00,6.7125074940299998e-13,1.8422467992457195e-14,6.5282828141054279e-13,6.5282828141054279e-13
1478,4.6250000000000000e+00,4.1250000000000000e+00,0.0000000000000000e+00,1.2494396250000001e-13,1.9322122816976558e-15,1.2301175021830235e-13,1.2301175021830235e-13
1479,4.8750000000000000e+00,4.1250000000000000e+00,0.0000000000000000e+00,2.5158065843000001e-14,1.7404764544142301e-16,2.4984018197558580e-14,2.4984018197558580e-14
1480,-4.8750000000000000e+00,4.3750000000000000e+00,0.0000000000000000e+00,4.9134714873300004e-15,2.1244183379414846e-17,4.8922273039505854e-15,4.8922273039505854e-15
1481,-4.6250000000000000e+00,4.3750000000000000e+00,0.0000000000000000e+00,2.4537860783200001e-14,2.3584502930927421e-16,2.4302015753890728e-14,2.4302015753890728e-14
1482,-4.3750000000000000e+00,4.3750000000000000e+00,0.0000000000000000e+00,1.3247455479799999e-13,2.2486387985345063e-15,1.3022591599946549e-13,1.3022591599946549e-13
1483,-4.1250000000000000e+00,4.3750000000000000e+00,0.0000000000000000e+00,6.7125074940299998e-13,1.8422467992457195e-14,6.5282828141054279e-13,6.5282828141054279e-13
1484,-3.8750000000000000e+00,4.3750000000000000e+00,0.0000000000000000e+00,3.1683421965299998e-12,1.2977310975945942e-13,3.0385690867705405e-12,3.0385690867705405e-12
1485,-3.6250000000000000e+00,4.3750000000000000e+00,0.0000000000000000e+00,1.3874997007900000e-11,7.8661194690319122e-13,1.3088385060996809e-11,1.3088385060996809e-11
1486,-3.3750000000000000e+00,4.3750000000000000e+00,0.0000000000000000e+00,5.6132792770800002e-11,4.1065522236401548e-12,5.2026240547159846e-11,5.2026240547159846e-11
1487,-3.1250000000000000e+00,4.3750000000000000e+00,0.0000000000000000e+00,2.0879770026900000e-10,1.8485437290679282e-11,1.9031226297832071e-10,1.9031226297832071e-10
1488,-2.8750000000000000e+00,4.3750000000000000e+00,0.0000000000000000e+00,7.1040457571600005e-10,7.1850942632999786e-11,6.3855363308300024e-10,6.3855363308300024e-10
1489,-2.6250000000000000e+00,4.3750000000000000e+00,0.0000000000000000e+00,2.1984161088000002e-09,2.4157838587643891e-10,1.9568377229235613e-09,1.9568377229235613e-09
1490,-2.3750000000000000e+00,4.3750000000000000e+00,0.0000000000000000e+00,6.1507486995099998e-09,7.0418643114492027e-10,5.4465622683650798e-09,5.4465622683650798e-09
1491,-2.1250000000000000e+00,4.3750000000000000e+00,0.0000000000000000e+00,1.5461871747599999e-08,1.7847600926581432e-09,1.3677111654941856e-08,1.3677111654941856e-08
1492,-1.8750000000000000e+00,4.3750000000000000e+00,0.0000000000000000e+00,3.4712247070700003e-08,3.9478705845113401e-09,3.0764376486188664e-08,3.0764376486188664e-08
1493,-1.6250000000000000e+00,4.3750000000000000e+00,0.0000000000000000e+00,6.9233502915100002e-08,7.6586739106720969e-09,6.1574829004427900e-08,6.1574829004427900e-08
1494,-1.3750000000000000e+00,4.3750000000000000e+00,0.0000000000000000e+00,1.2226990781499999e-07,1.3112924619710757e-08,1.0915698319528924e-07,1.0915698319528924e-07
1495,-1.1250000000000000e+00,4.3750000000000000e+00,0.0000000000000000e+00,1.9123125410500000e-07,1.9976669561625197e-08,1.7125458454337479e-07,1.7125458454337479e-07
1496,-8.7500000000000000e-01,4.3750000000000000e+00,0.0000000000000000e+00,2.6628945197400001e-07,2.7352808444042297e-08,2.3893664352995770e-07,2.3893664352995770e-07
1497,-6.2500000000000000e-01,4.3750000000000000e+00,0.0000000000000000e+00,3.3391543201399999e-07,3.4061204614713219e-08,2.9985422739928679e-07,2.9985422739928679e-07
1498,-3.7500000000000000e-01,4.3750000000000000e+00,0.0000000000000000e+00,3.8304165418200000e-07,3.9056165206069165e-08,3.4398548897593081e-07,3.4398548897593081e-07
1499,-1.2500000000000000e-01,4.3750000000000000e+00,0.0000000000000000e+00,4.0826195485700001e-07,4.1687035535730541e-08,3.6657491932126947e-07,3.6657491932126947e-07
1500,1.2500000000000000e-01,4.3750000000000000e+00,0.0000000000000000e+00,4.0826195485700001e-07,4.1687035535730541e-08,3.6657491932126947e-07,3.6657491932126947e-07
1501,3.7500000000000000e-01,4.3750000000000000e+00,0.0000000000000000e+00,3.8304165418200000e-07,3.9056165206069165e-08,3.4398548897593081e-07,3.4398548897593081e-07
1502,6.2500000000000000e-01,4.3750000000000000e+00,0.0000000000000000e+00,3.3391543201399999e-07,3.4061204614713219e-08,2.9985422739928679e-07,2.9985422739928679e-07
1503,8.7500000000000000e-01,4.3750000000000000e+00,0.0000000000000000e+00,2.6628945197400001e-07,2.7352808444042297e-08,2.3893664352995770e-07,2.3893664352995770e-07
1504,1.1250000000000000e+00,4.3750000000000000e+00,0.0000000000000000e+00,1.9123125410500000e-07,1.9976669561625197e-08,1.7125458454337479e-07,1.7125458454337479e-07
1505,1.3750000000000000e+00,4.3750000000000000e+00,0.0000000000000000e+00,1.2226990781499999e-07,1.3112924619710757e-08,1.0915698319528924e-07,1.0915698319528924e-07
1506,1.6250000000000000e+00,4.3750000000000000e+00,0.0000000000000000e+00,6.9233502915100002e-08,7.6586739106720969e-09,6.1574829004427900e-08,6.1574829004427900e-08
1507,1.8750000000000000e+00,4.3750000000000000e+00,0.0000000000000000e+00,3.4712247070700003e-08,3.9478705845113401e-09,3.0764376486188664e-08,3.0764376486188664e-08
1508,2.1250000000000000e+00,4.3750000000000000e+00,0.0000000000000000e+00,1.5461871747599999e-08,1.7847600926581432e-09,1.3677111654941856e-08,1.3677111654941856e-08
1509,2.3750000000000000e+00,4.3750000000000000e+00,0.0000000000000000e+00,6.1507486995099998e-09,7.0418643114492027e-10,5.4465622683650798e-09,5.4465622683650798e-09
1510,2.6250000000000000e+00,4.3750000000000000e+00,0.0000000000000000e+00,2.1984161088000002e-09,2.4157838587643891e-10,1.9568377229235613e-09,1.9568377229235613e-09
1511,2.8750000000000000e+00,4.3750000000000000e+00,0.0000000000000000e+00,7.1040457571600005e-10,7.1850942632999786e-11,6.3855363308300024e-10,6.3855363308300024e-10
1512,3.1250000000000000e+00,4.3750000000000000e+00,0.0000000000000000e+00,2.0879770026900000e-10,1.8485437290679282e-11,1.9031226297832071e-10,1.9031226297832071e-10
1513,3.3750000000000000e+00,4.3750000000000000e+00,0.0000000000000000e+00,5.6132792770800002e-11,4.1065522236401548e-12,5.2026240547159846e-11,5.2026240547159846e-11
1514,3.6250000000000000e+00,4.3750000000000000e+00,0.0000000000000000e+00,1.3874997007900000e-11,7.8661194690319122e-13,1.3088385060996809e-11,1.3088385060996809e-11
1515,3.8750000000000000e+00,4.3750000000000000e+00,0.0000000000000000e+00,3.1683421965299998e-12,1.2977310975945942e-13,3.0385690867705405e-12,3.0385690867705405e-12
1516,4.1250000000000000e+00,4.3750000000000000e+00,0.0000000000000000e+00,6.7125074940299998e-13,1.8422467992457195e-14,6.5282828141054279e-13,6.5282828141054279e-13
1517,4.3750000000000000e+00,4.3750000000000000e+00,0.0000000000000000e+00,1.3247455479799999e-13,2.2486387985345063e-15,1.3022591599946549e-13,1.3022591599946549e-13
1518,4.6250000000000000e+00,4.3750000000000000e+00,0.0000000000000000e+00,2.4537860783200001e-14,2.3584502930927421e-16,2.4302015753890728e-14,2.4302015753890728e-14
1519,4.8750000000000000e+00,4.3750000000000000e+00,0.0000000000000000e+00,4.9134714873300004e-15,2.1244183379414846e-17,4.8922273039505854e-15,4.8922273039505854e-15
1520,-4.8750000000000000e+00,4.6250000000000000e+00,0.0000000000000000e+00,9.0036498261900005e-16,2.2281635694603555e-18,8.9813681904953977e-16,8.9813681904953977e-16
1521,-4.6250000000000000e+00,4.6250000000000000e+00,0.0000000000000000e+00,4.5221979612599998e-15,2.4736243938396520e-17,4.4974617173216034e-15,4.4974617173216034e-15
1522,-4.3750000000000000e+00,4.6250000000000000e+00,0.0000000000000000e+00,2.4537860783200001e-14,2.3584502930927421e-16,2.4302015753890728e-14,2.4302015753890728e-14
1523,-4.1250000000000000e+00,4.6250000000000000e+00,0.0000000000000000e+00,1.2494396250000001e-13,1.9322122816976558e-15,1.2301175021830235e-13,1.2301175021830235e-13
1524,-3.8750000000000000e+00,4.6250000000000000e+00,0.0000000000000000e+00,5.9257625518699995e-13,1.3611053449189920e-14,5.7896520173781000e-13,5.7896520173781000e-13
1525,-3.6250000000000000e+00,4.6250000000000000e+00,0.0000000000000000e+00,2.6072204599499998e-12,8.2502586806433927e-14,2.5247178731435657e-12,2.5247178731435657e-12
1526,-3.3750000000000000e+00,4.6250000000000000e+00,0.0000000000000000e+00,1.0595909963600000e-11,4.3070942748816727e-13,1.0165200536111832e-11,1.0165200536111832e-11
1527,-3.1250000000000000e+00,4.6250000000000000e+00,0.0000000000000000e+00,3.9587601241500001e-11,1.9388167199002035e-12,3.7648784521599799e-11,3.7648784521599799e-11
1528,-2.8750000000000000e+00,4.6250000000000000e+00,0.0000000000000000e+00,1.3526166818700001e-10,7.5359758455749949e-12,1.2772569234142500e-10,1.2772569234142500e-10
1529,-2.6250000000000000e+00,4.6250000000000000e+00,0.0000000000000000e+00,4.2026508770499999e-10,2.5337578242734206e-11,3.9492750946226578e-10,3.9492750946226578e-10
1530,-2.3750000000000000e+00,4.6250000000000000e+00,0.0000000000000000e+00,1.1802550781600000e-09,7.3857513087831029e-11,1.1063975650721691e-09,1.1063975650721691e-09
1531,-2.1250000000000000e+00,4.6250000000000000e+00,0.0000000000000000e+00,2.9772180181499999e-09,1.8719182317645290e-10,2.7900261949735470e-09,2.7900261949735470e-09
1532,-1.8750000000000000e+00,4.6250000000000000e+00,0.0000000000000000e+00,6.7045384448600002e-09,4.1406634730313744e-10,6.2904720975568629e-09,6.2904720975568629e-09
1533,-1.6250000000000000e+00,4.6250000000000000e+00,0.0000000000000000e+00,1.3407355267000000e-08,8.0326825905068396e-10,1.2604087007949316e-08,1.2604087007949316e-08
1534,-1.3750000000000000e+00,4.6250000000000000e+00,0.0000000000000000e+00,2.3727708298299999e-08,1.3753289738136347e-09,2.2352379324486363e-08,2.2352379324486363e-08
1535,-1.1250000000000000e+00,4.6250000000000000e+00,0.0000000000000000e+00,3.7166196664199999e-08,2.0952223279851418e-09,3.5070974336214854e-08,3.5070974336214854e-08
1536,-8.7500000000000000e-01,4.6250000000000000e+00,0.0000000000000000e+00,5.1801237986100002e-08,2.8688573342149979e-09,4.8932380651885006e-08,4.8932380651885006e-08
1537,-6.2500000000000000e-01,4.6250000000000000e+00,0.0000000000000000e+00,6.4983711001900006e-08,3.5724571709345403e-09,6.1411253830965471e-08,6.1411253830965471e-08
1538,-3.7500000000000000e-01,4.6250000000000000e+00,0.0000000000000000e+00,7.4552042716599996e-08,4.0963459465950725e-09,7.0455696770004924e-08,7.0455696770004924e-08
1539,-1.2500000000000000e-01,4.6250000000000000e+00,0.0000000000000000e+00,7.9459810836800006e-08,4.3722807434207199e-09,7.5087530093379287e-08,7.5087530093379287e-08
1540,1.2500000000000000e-01,4.6250000000000000e+00,0.0000000000000000e+00,7.9459810836800006e-08,4.3722807434207199e-09,7.5087530093379287e-08,7.5087530093379287e-08
1541,3.7500000000000000e-01,4.6250000000000000e+00,0.0000000000000000e+00,7.4552042716599996e-08,4.0963459465950725e-09,7.0455696770004924e-08,7.0455696770004924e-08
1542,6.2500000000000000e-01,4.6250000000000000e+00,0.0000000000000000e+00,6.4983711001900006e-08,3.5724571709345403e-09,6.1411253830965471e-08,6.1411253830965471e-08
1543,8.7500000000000000e-01,4.6250000000000000e+00,0.0000000000000000e+00,5.1801237986100002e-08,2.8688573342149979e-09,4.8932380651885006e-08,4.8932380651885006e-08
1544,1.1250000000000000e+00,4.6250000000000000e+00,0.0000000000000000e+00,3.7166196664199999e-08,2.0952223279851418e-09,3.5070974336214854e-08,3.5070974336214854e-08
1545,1.3750000000000000e+00,4.6250000000000000e+00,0.0000000000000000e+00,2.3727708298299999e-08,1.3753289738136347e-09,2.2352379324486363e-08,2.2352379324486363e-08
1546,1.6250000000000000e+00,4.6250000000000000e+00,0.0000000000000000e+00,1.3407355267000000e-08,8.0326825905068396e-10,1.2604087007949316e-08,1.2604087007949316e-08
1547,1.8750000000000000e+00,4.6250000000000000e+00,0.0000000000000000e+00,6.7045384448600002e-09,4.1406634730313744e-10,6.2904720975568629e-09,6.2904720975568629e-09
1548,2.1250000000000000e+00,4.6250000000000000e+00,0.0000000000000000e+00,2.9772180181499999e-09,1.8719182317645290e-10,2.7900261949735470e-09,2.7900261949735470e-09
1549,2.3750000000000000e+00,4.6250000000000000e+00,0.0000000000000000e+00,1.1802550781600000e-09,7.3857513087831029e-11,1.1063975650721691e-09,1.1063975650721691e-09
1550,2.6250000000000000e+00,4.6250000000000000e+00,0.0000000000000000e+00,4.2026508770499999e-10,2.5337578242734206e-11,3.9492750946226578e-10,3.9492750946226578e-10
1551,2.8750000000000000e+00,4.6250000000000000e+00,0.0000000000000000e+00,1.3526166818700001e-10,7.5359758455749949e-12,1.2772569234142500e-10,1.2772569234142500e-10
1552,3.1250000000000000e+00,4.6250000000000000e+00,0.0000000000000000e+00,3.9587601241500001e-11,1.9388167199002035e-12,3.7648784521599799e-11,3.7648784521599799e-11
1553,3.3750000000000000e+00,4.6250000000000000e+00,0.0000000000000000e+00,1.0595909963600000e-11,4.3070942748816727e-13,1.0165200536111832e-11,1.0165200536111832e-11
1554,3.6250000000000000e+00,4.6250000000000000e+00,0.0000000000000000e+00,2.6072204599499998e-12,8.2502586806433927e-14,2.5247178731435657e-12,2.5247178731435657e-12
1555,3.8750000000000000e+00,4.6250000000000000e+00,0.0000000000000000e+00,5.9257625518699995e-13,1.3611053449189920e-14,5.7896520173781000e-13,5.7896520173781000e-13
1556,4.1250000000000000e+00,4.6250000000000000e+00,0.0000000000000000e+00,1.2494396250000001e-13,1.9322122816976558e-15,1.2301175021830235e-13,1.2301175021830235e-13
1557,4.3750000000000000e+00,4.6250000000000000e+00,0.0000000000000000e+00,2.4537860783200001e-14,2.3584502930927421e-16,2.4302015753890728e-14,2.4302015753890728e-14
1558,4.6250000000000000e+00,4.6250000000000000e+00,0.0000000000000000e+00,4.5221979612599998e-15,2.4736243938396520e-17,4.4974617173216034e-15,4.4974617173216034e-15
1559,4.8750000000000000e+00,4.6250000000000000e+00,0.0000000000000000e+00,9.0036498261900005e-16,2.2281635694603555e-18,8.9813681904953977e-16,8.9813681904953977e-16
1560,-4.8750000000000000e+00,4.8750000000000000e+00,0.0000000000000000e+00,1.7810511946000000e-16,2.0070601278975503e-19,1.7790441344721025e-16,1.7790441344721025e-16
1561,-4.6250000000000000e+00,4.8750000000000000e+00,0.0000000000000000e+00,9.0036498261900005e-16,2.2281635694603555e-18,8.9813681904953977e-16,8.9813681904953977e-16
1562,-4.3750000000000000e+00,4.8750000000000000e+00,0.0000000000000000e+00,4.9134714873300004e-15,2.1244183379414846e-17,4.8922273039505854e-15,4.8922273039505854e-15
1563,-4.1250000000000000e+00,4.8750000000000000e+00,0.0000000000000000e+00,2.5158065843000001e-14,1.7404764544142301e-16,2.4984018197558580e-14,2.4984018197558580e-14
1564,-3.8750000000000000e+00,4.8750000000000000e+00,0.0000000000000000e+00,1.1996837176099999e-13,1.2260411691035671e-15,1.1874233059189643e-13,1.1874233059189643e-13
1565,-3.6250000000000000e+00,4.8750000000000000e+00,0.0000000000000000e+00,5.3064749592499996e-13,7.4315752531446378e-15,5.2321592067185533e-13,5.2321592067185533e-13
1566,-3.3750000000000000e+00,4.8750000000000000e+00,0.0000000000000000e+00,2.1677533428000001e-12,3.8796959544152650e-14,2.1289563832558475e-12,2.1289563832558475e-12
1567,-3.1250000000000000e+00,4.8750000000000000e+00,0.0000000000000000e+00,8.1395666531900001e-12,1.7464255260017830e-13,7.9649241005898217e-12,7.9649241005898217e-12
1568,-2.8750000000000000e+00,4.8750000000000000e+00,0.0000000000000000e+00,2.7944835423900000e-11,6.7881715919607272e-13,2.7266018264703927e-11,2.7266018264703927e-11
1569,-2.6250000000000000e+00,4.8750000000000000e+00,0.0000000000000000e+00,8.7223264777200002e-11,2.2823298848204748e-12,8.4940934892379534e-11,8.4940934892379534e-11
1570,-2.3750000000000000e+00,4.8750000000000000e+00,0.0000000000000000e+00,2.4600454785899997e-10,6.6528540227483794e-12,2.3935169383625160e-10,2.3935169383625160e-10
1571,-2.1250000000000000e+00,4.8750000000000000e+00,0.0000000000000000e+00,6.2299558863099998e-10,1.6861654580273932e-11,6.0613393405072609e-10,6.0613393405072609e-10
1572,-1.8750000000000000e+00,4.8750000000000000e+00,0.0000000000000000e+00,1.4078800943000001e-09,3.7297802879776104e-11,1.3705822914202239e-09,1.3705822914202239e-09
1573,-1.6250000000000000e+00,4.8750000000000000e+00,0.0000000000000000e+00,2.8238325774800001e-09,7.2355895089729565e-11,2.7514766823902705e-09,2.7514766823902705e-09
1574,-1.3750000000000000e+00,4.8750000000000000e+00,0.0000000000000000e+00,5.0094232434000000e-09,1.2388533696169088e-10,4.8855379064383088e-09,4.8855379064383088e-09
1575,-1.1250000000000000e+00,4.8750000000000000e+00,0.0000000000000000e+00,7.8600268400100008e-09,1.8873108111170397e-10,7.6712957588982967e-09,7.6712957588982967e-09
1576,-8.7500000000000000e-01,4.8750000000000000e+00,0.0000000000000000e+00,1.0966490086700001e-08,2.5841770537177915e-10,1.0708072381328221e-08,1.0708072381328221e-08
1577,-6.2500000000000000e-01,4.8750000000000000e+00,0.0000000000000000e+00,1.3763786345000000e-08,3.2179578037625632e-10,1.3441990564623744e-08,1.3441990564623744e-08
1578,-3.7500000000000000e-01,4.8750000000000000e+00,0.0000000000000000e+00,1.5792228820600000e-08,3.6898604447953211e-10,1.5423242776120467e-08,1.5423242776120467e-08
1579,-1.2500000000000000e-01,4.8750000000000000e+00,0.0000000000000000e+00,1.6831580697600000e-08,3.9384138886263766e-10,1.6437739308737363e-08,1.6437739308737363e-08
1580,1.2500000000000000e-01,4.8750000000000000e+00,0.0000000000000000e+00,1.6831580697600000e-08,3.9384138886263766e-10,1.6437739308737363e-08,1.6437739308737363e-08
1581,3.7500000000000000e-01,4.8750000000000000e+00,0.0000000000000000e+00,1.5792228820600000e-08,3.6898604447953211e-10,1.5423242776120467e-08,1.5423242776120467e-08
1582,6.2500000000000000e-01,4.8750000000000000e+00,0.0000000000000000e+00,1.3763786345000000e-08,3.2179578037625632e-10,1.3441990564623744e-08,1.3441990564623744e-08
1583,8.7500000000000000e-01,4.8750000000000000e+00,0.0000000000000000e+00,1.0966490086700001e-08,2.5841770537177915e-10,1.0708072381328221e-08,1.0708072381328221e-08
1584,1.1250000000000000e+00,4.8750000000000000e+00,0.0000000000000000e+00,7.8600268400100008e-09,1.8873108111170397e-10,7.6712957588982967e-09,7.6712957588982967e-09
1585,1.3750000000000000e+00,4.8750000000000000e+00,0.0000000000000000e+00,5.0094232434000000e-09,1.2388533696169088e-10,4.8855379064383088e-09,4.8855379064383088e-09
1586,1.6250000000000000e+00,4.8750000000000000e+00,0.0000000000000000e+00,2.8238325774800001e-09,7.2355895089729565e-11,2.7514766823902705e-09,2.7514766823902705e-09
1587,1.8750000000000000e+00,4.8750000000000000e+00,0.0000000000000000e+00,1.4078800943000001e-09,3.7297802879776104e-11,1.3705822914202239e-09,1.3705822914202239e-09
1588,2.1250000000000000e+00,4.8750000000000000e+00,0.0000000000000000e+00,6.2299558863099998e-10,1.6861654580273932e-11,6.0613393405072609e-10,6.0613393405072609e-10
1589,2.3750000000000000e+00,4.8750000000000000e+00,0.0000000000000000e+00,2.4600454785899997e-10,6.6528540227483794e-12,2.3935169383625160e-10,2.3935169383625160e-10
1590,2.6250000000000000e+00,4.8750000000000000e+00,0.0000000000000000e+00,8.7223264777200002e-11,2.2823298848204748e-12,8.4940934892379534e-11,8.4940934892379534e-11
1591,2.8750000000000000e+00,4.8750000000000000e+00,0.0000000000000000e+00,2.7944835423900000e-11,6.7881715919607272e-13,2.7266018264703927e-11,2.7266018264703927e-11
1592,3.1250000000000000e+00,4.8750000000000000e+00,0.0000000000000000e+00,8.1395666531900001e-12,1.7464255260017830e-13,7.9649241005898217e-12,7.9649241005898217e-12
1593,3.3750000000000000e+00,4.8750000000000000e+00,0.0000000000000000e+00,2.1677533428000001e-12,3.8796959544152650e-14,2.1289563832558475e-12,2.1289563832558475e-12
1594,3.6250000000000000e+00,4.8750000000000000e+00,0.0000000000000000e+00,5.3064749592499996e-13,7.4315752531446378e-15,5.2321592067185533e-13,5.2321592067185533e-13
1595,3.8750000000000000e+00,4.8750000000000000e+00,0.0000000000000000e+00,1.1996837176099999e-13,1.2260411691035671e-15,1.1874233059189643e-13,1.1874233059189643e-13
1596,4.1250000000000000e+00,4.8750000000000000e+00,0.0000000000000000e+00,2.5158065843000001e-14,1.7404764544142301e-16,2.4984018197558580e-14,2.4984018197558580e-14
1597,4.3750000000000000e+00,4.8750000000000000e+00,0.0000000000000000e+00,4.9134714873300004e-15,2.1244183379414846e-17,4.8922273039505854e-15,4.8922273039505854e-15
1598,4.6250000000000000e+00,4.8750000000000000e+00,0.0000000000000000e+00,9.0036498261900005e-16,2.2281635694603555e-18,8.9813681904953977e-16,8.9813681904953977e-16
1599,4.8750000000000000e+00,4.8750000000000000e+00,0.0000000000000000e+00,1.7810511946000000e-16,2.0070601278975503e-19,1.7790441344721025e-16,1.7790441344721025e-16
