time,step,deltaT,maxCo,residualIntegral,minT,maxT,amplitude
0.0006249999999972274,1.0,0.000624999999997,0.2,-1.64256629132e-17,-0.999862953476,0.999862953476,0.999862953476
0.0012499999999944548,2.0,0.000624999999997,0.2,-4.87890977618e-19,-0.999657458816,0.999657458816,0.999657458816
0.0018749999999916821,3.0,0.000624999999997,0.2,-2.27140355136e-17,-0.999379457173,0.999379457173,0.999379457173
0.0024999999999889095,4.0,0.000624999999997,0.2,-2.13316777437e-17,-0.999242200325,0.999242200325,0.999242200325
0.003124999999986137,5.0,0.000624999999997,0.2,-2.42319185551e-17,-0.999199585633,0.999199585633,0.999199585633
0.0037499999999833643,6.0,0.000624999999997,0.2,-9.35124373769e-18,-0.999081421941,0.999081421941,0.999081421941
0.0043749999999805915,7.0,0.000624999999997,0.2,-1.59919820442e-18,-0.998889424509,0.998889424509,0.998889424509
0.004999999999977819,8.0,0.000624999999997,0.2,3.14418630021e-17,-0.998625566643,0.998625566643,0.998625566643
0.005624999999975047,9.0,0.000624999999997,0.2,-1.30917412328e-17,-0.998359238559,0.998359238559,0.998359238559
0.006249999999972274,10.0,0.000624999999997,0.2,-2.00035300824e-17,-0.998345777622,0.998345777622,0.998345777622
0.006874999999969501,11.0,0.000624999999997,0.2,-3.49384150083e-17,-0.998254737031,0.998254737031,0.998254737031
0.007499999999966729,12.0,0.000624999999997,0.2,-1.73201297055e-17,-0.998088465583,0.998088465583,0.998088465583
0.008124999999963956,13.0,0.000624999999997,0.2,-1.08420217249e-18,-0.99784917283,0.99784917283,0.99784917283
0.008749999999961183,14.0,0.000624999999997,0.2,5.09575021068e-18,-0.997538901113,0.997538901113,0.997538901113
0.009374999999958411,15.0,0.000624999999997,0.2,6.53231808923e-18,-0.997159501624,0.997159501624,0.997159501624
0.009999999999955638,16.0,0.000624999999997,0.2,7.07441917547e-18,-0.996712618563,0.996712618563,0.996712618563
0.010624999999952865,17.0,0.000624999999997,0.2,-1.33898968302e-17,-0.996199682873,0.996199682873,0.996199682873
0.011249999999950093,18.0,0.000624999999997,0.2,-2.11419423635e-18,-0.995898472143,0.995898472143,0.995898472143
0.01187499999994732,19.0,0.000624999999997,0.2,1.9624059322e-17,-0.995870816455,0.995870816455,0.995870816455
0.012499999999944549,20.0,0.000624999999997,0.2,1.08420217249e-17,-0.995781768516,0.995781768517,0.9957817685165
0.013124999999941775,21.0,0.000624999999997,0.2,-2.34323194528e-17,-0.995631170372,0.995631170372,0.995631170372
0.013749999999939002,22.0,0.000624999999997,0.2,-2.97613496347e-17,-0.995418947543,0.995418947543,0.995418947543
0.01437499999993623,23.0,0.000624999999997,0.2,1.89735380185e-18,-0.995303370781,0.995303370781,0.995303370781
0.014999999999933457,24.0,0.000624999999997,0.2,5.96311194867e-19,-0.995271713972,0.995271713972,0.995271713972
0.015624999999930684,25.0,0.000624999999997,0.2,8.61940727126e-18,-0.995179294791,0.995179294791,0.995179294791
0.016249999999927912,26.0,0.000624999999997,0.2,2.54787510534e-18,-0.99502595608,0.99502595608,0.99502595608
0.01687499999992514,27.0,0.000624999999997,0.2,-1.07878116162e-17,-0.994811587892,0.994811587892,0.994811587892
0.017499999999922366,28.0,0.000624999999997,0.2,-1.2847795744e-17,-0.994692961306,0.994692961306,0.994692961306
0.018124999999919594,29.0,0.000624999999997,0.2,-1.41488383509e-17,-0.994661593115,0.994661593115,0.994661593115
0.018749999999916823,30.0,0.000624999999997,0.2,-1.19262238973e-18,-0.994569177873,0.994569177873,0.994569177873
0.019374999999914048,31.0,0.000624999999997,0.2,5.8004816228e-18,-0.994415695933,0.994415695933,0.994415695933
0.019999999999911276,32.0,0.000624999999997,0.2,-3.24176449573e-17,-0.994201134074,0.994201134074,0.994201134074
0.020624999999908505,33.0,0.000624999999997,0.2,-2.38524477947e-17,-0.993925487686,0.993925487686,0.993925487686
0.02124999999990573,34.0,0.000624999999997,0.2,-9.21571846613e-18,-0.993588761784,0.993588761784,0.993588761784
0.021874999999902958,35.0,0.000624999999997,0.2,-9.54097911787e-18,-0.993190971227,0.993190971227,0.993190971227
0.022499999999900187,36.0,0.000624999999997,0.2,-2.54245409448e-17,-0.992732140436,0.992732140436,0.992732140436
0.02312499999989741,37.0,0.000624999999997,0.2,-1.51246203062e-17,-0.992212302825,0.992212302825,0.992212302825
0.02374999999989464,38.0,0.000624999999997,0.2,-2.12503625807e-17,-0.991932047457,0.991932047458,0.9919320474575
0.02437499999989187,39.0,0.000624999999997,0.2,2.43945488809e-17,-0.991901992721,0.991901992721,0.991901992721
0.024999999999889097,40.0,0.000624999999997,0.2,1.024571053e-17,-0.991810771594,0.991810771594,0.991810771594
0.025624999999886322,41.0,0.000624999999997,0.2,1.69406589451e-18,-0.991658414731,0.991658414731,0.991658414731
0.02624999999988355,42.0,0.000624999999997,0.2,2.6834003769e-17,-0.991444955938,0.991444955938,0.991444955938
0.02687499999988078,43.0,0.000624999999997,0.2,2.65629532259e-17,-0.991319735372,0.991319735372,0.991319735372
0.027499999999878004,44.0,0.000624999999997,0.2,-1.44198888941e-17,-0.991289874782,0.991289874782,0.991289874782
0.028124999999875232,45.0,0.000624999999997,0.2,-1.49619899803e-17,-0.991198876816,0.991198876816,0.991198876816
0.02874999999987246,46.0,0.000624999999997,0.2,-9.43255890062e-18,-0.991046773051,0.991046773051,0.991046773051
0.029374999999869686,47.0,0.000624999999997,0.2,-7.8062556419e-18,-0.990833598389,0.990833598389,0.990833598389
0.029999999999866914,48.0,0.000624999999997,0.2,1.11672823766e-17,-0.990707917502,0.990707917502,0.990707917502
0.030624999999864143,49.0,0.000624999999997,0.2,2.16840434497e-18,-0.990678212232,0.990678212233,0.9906782122325
0.031249999999861368,50.0,0.000624999999997,0.2,-2.81892564846e-18,-0.99058740842,0.99058740842,0.99058740842
0.0318749999998586,51.0,0.000624999999997,0.2,6.70850094225e-18,-0.990435536701,0.990435536702,0.9904355367015001
0.032499999999855825,52.0,0.000624999999997,0.2,-2.28766658394e-17,-0.990222631384,0.990222631385,0.9902226313845
0.03312499999985305,53.0,0.000624999999997,0.2,-2.08166817117e-17,-0.989948730446,0.989948730446,0.989948730446
0.03374999999985028,54.0,0.000624999999997,0.2,-1.42030484596e-17,-0.989613875533,0.989613875534,0.9896138755335
0.03437499999984751,55.0,0.000624999999997,0.2,3.46944695195e-18,-0.989218111967,0.989218111967,0.989218111967
0.03499999999984473,56.0,0.000624999999997,0.2,4.38017677684e-17,-0.988761488749,0.988761488749,0.988761488749
0.035624999999841964,57.0,0.000624999999997,0.2,-1.39862080251e-17,-0.988244058568,0.988244058568,0.988244058568
0.03624999999983919,58.0,0.000624999999997,0.2,-1.04083408559e-17,-0.987961903337,0.987961903337,0.987961903337
0.036874999999836414,59.0,0.000624999999997,0.2,-1.12757025938e-17,-0.987932300783,0.987932300784,0.9879323007834999
0.037499999999833646,60.0,0.000624999999997,0.2,-1.04083408559e-17,-0.987841771359,0.987841771359,0.987841771359
0.03812499999983087,61.0,0.000624999999997,0.2,3.25260651746e-18,-0.987690345076,0.987690345077,0.9876903450765
0.038749999999828096,62.0,0.000624999999997,0.2,1.19262238973e-17,-0.987478055696,0.987478055697,0.9874780556964999
0.03937499999982533,63.0,0.000624999999997,0.2,2.46113893154e-17,-0.987352205972,0.987352205972,0.987352205972
0.03999999999982255,64.0,0.000624999999997,0.2,8.56519716264e-18,-0.987322752921,0.987322752922,0.9873227529215001
0.04062499999981978,65.0,0.000624999999997,0.2,-2.02745806255e-17,-0.987232410613,0.987232410614,0.9872324106135
0.04124999999981701,66.0,0.000624999999997,0.2,2.87313575709e-17,-0.987081209021,0.987081209021,0.987081209021
0.041874999999814234,67.0,0.000624999999997,0.2,1.80926237534e-17,-0.986869181863,0.986869181863,0.986869181863
0.04249999999981146,68.0,0.000624999999997,0.2,2.01661604082e-17,-0.98674288409,0.98674288409,0.98674288409
0.04312499999980869,69.0,0.000624999999997,0.2,-1.95156391047e-18,-0.986713580591,0.986713580591,0.986713580591
0.043749999999805916,70.0,0.000624999999997,0.2,2.03830008427e-17,-0.986623425356,0.986623425356,0.986623425356
0.04437499999980314,71.0,0.000624999999997,0.2,3.36102673471e-18,-0.986472448334,0.986472448334,0.986472448334
0.04499999999980037,72.0,0.000624999999997,0.2,3.7947076037e-18,-0.986260683215,0.986260683215,0.986260683215
0.0456249999997976,73.0,0.000624999999997,0.2,7.5894152074e-18,-0.985988167426,0.985988167426,0.985988167426
0.04624999999979482,74.0,0.000624999999997,0.2,-1.49619899803e-17,-0.985654942127,0.985654942127,0.985654942127
0.046874999999792055,75.0,0.000624999999997,0.2,1.08420217249e-17,-0.985261052207,0.985261052207,0.985261052207
0.04749999999978928,76.0,0.000624999999997,0.2,1.51788304148e-18,-0.984806546277,0.984806546278,0.9848065462775
0.048124999999786505,77.0,0.000624999999997,0.2,-8.99887803163e-18,-0.984291476672,0.984291476673,0.9842914766724999
0.04874999999978374,78.0,0.000624999999997,0.2,1.84314369323e-18,-0.984007841016,0.984007841016,0.984007841016
0.04937499999978096,79.0,0.000624999999997,0.2,-1.97324795392e-17,-0.983978646858,0.983978646859,0.9839786468585
0.049999999999778194,80.0,0.000624999999997,0.2,2.16840434497e-19,-0.983888769606,0.983888769606,0.983888769606
0.05062499999977542,81.0,0.000624999999997,0.2,-1.59377719355e-17,-0.983738239128,0.983738239128,0.983738239128
0.051249999999772644,82.0,0.000624999999997,0.2,-1.51788304148e-18,-0.983527089022,0.983527089022,0.983527089022
0.051874999999769876,83.0,0.000624999999997,0.2,6.17995238317e-18,-0.983400582295,0.983400582296,0.9834005822955001
0.0524999999997671,84.0,0.000624999999997,0.2,2.71050543121e-18,-0.983371537159,0.983371537159,0.983371537159
0.053124999999764326,85.0,0.000624999999997,0.2,2.38524477947e-17,-0.983281846315,0.983281846316,0.9832818463155
0.05374999999976156,86.0,0.000624999999997,0.2,-4.11996825544e-18,-0.983131539608,0.983131539608,0.983131539608
0.05437499999975878,87.0,0.000624999999997,0.2,-2.76471553984e-17,-0.982920650605,0.982920650606,0.9829206506054999
0.05499999999975601,88.0,0.000624999999997,0.2,-1.36609473733e-17,-0.982793698049,0.982793698049,0.982793698049
0.05562499999975324,89.0,0.000624999999997,0.2,1.97324795392e-17,-0.98276480176,0.98276480176,0.98276480176
0.056249999999750465,90.0,0.000624999999997,0.2,-2.0925101929e-17,-0.982675297129,0.982675297129,0.982675297129
0.05687499999974769,91.0,0.000624999999997,0.2,2.71050543121e-18,-0.982525213973,0.982525213974,0.9825252139734999
0.05749999999974492,92.0,0.000624999999997,0.2,-4.66206934169e-18,-0.982314585833,0.982314585833,0.982314585833
0.05812499999974215,93.0,0.000624999999997,0.2,2.53703308362e-17,-0.98204344997,0.98204344997,0.98204344997
0.05874999999973937,94.0,0.000624999999997,0.2,-3.90312782095e-18,-0.981711847363,0.981711847364,0.9817118473635
0.059374999999736604,95.0,0.000624999999997,0.2,-1.21430643318e-17,-0.981319822705,0.981319822705,0.981319822705
0.05999999999973383,96.0,0.000624999999997,0.2,-1.40946282423e-18,-0.980867424397,0.980867424397,0.980867424397
0.060624999999731054,97.0,0.000624999999997,0.2,-1.79977560633e-17,-0.980354704545,0.980354704545,0.980354704545
0.061249999999728286,98.0,0.000624999999997,0.2,-3.7947076037e-18,-0.980069601193,0.980069601193,0.980069601193
0.06187499999972551,99.0,0.000624999999997,0.2,-2.049142106e-17,-0.980040812969,0.980040812969,0.980040812969
0.062499999999722736,100.0,0.000624999999997,0.2,-8.56519716264e-18,-0.979951584385,0.979951584385,0.979951584385
0.06312499999971996,101.0,0.000624999999997,0.2,-6.93889390391e-18,-0.979801945172,0.979801945172,0.979801945172
0.0637499999997172,102.0,0.000624999999997,0.2,3.25260651746e-18,-0.979591928776,0.979591928777,0.9795919287765
0.06437499999971442,103.0,0.000624999999997,0.2,-5.42101086243e-18,-0.979464772249,0.979464772249,0.979464772249
0.06499999999971165,104.0,0.000624999999997,0.2,-8.45677694539e-18,-0.97943613227,0.97943613227,0.97943613227
0.06562499999970887,105.0,0.000624999999997,0.2,-7.04053785758e-18,-0.97934708917,0.97934708917,0.97934708917
0.0662499999997061,106.0,0.000624999999997,0.2,3.27429056091e-17,-0.979197672654,0.979197672654,0.979197672654
0.06687499999970332,107.0,0.000624999999997,0.2,2.38524477947e-18,-0.978987916139,0.978987916139,0.978987916139
0.06749999999970056,108.0,0.000624999999997,0.2,1.9624059322e-17,-0.978860316281,0.978860316281,0.978860316281
0.06812499999969779,109.0,0.000624999999997,0.2,8.23993651089e-18,-0.978831824375,0.978831824375,0.978831824375
0.06874999999969501,110.0,0.000624999999997,0.2,-8.78203759713e-18,-0.978742966564,0.978742966564,0.978742966564
0.06937499999969224,111.0,0.000624999999997,0.2,3.36102673471e-18,-0.978593772527,0.978593772527,0.978593772527
0.06999999999968946,112.0,0.000624999999997,0.2,-4.14165229889e-17,-0.978384275652,0.978384275652,0.978384275652
0.07062499999968669,113.0,0.000624999999997,0.2,-4.33680868994e-18,-0.978114513034,0.978114513034,0.978114513034
0.07124999999968393,114.0,0.000624999999997,0.2,-2.15756232325e-17,-0.977784525471,0.977784525471,0.977784525471
0.07187499999968115,115.0,0.000624999999997,0.2,-1.39862080251e-17,-0.977394357458,0.977394357458,0.977394357458
0.07249999999967838,116.0,0.000624999999997,0.2,-2.92734586571e-18,-0.976944057186,0.976944057186,0.976944057186
0.0731249999996756,117.0,0.000624999999997,0.2,-6.17995238317e-18,-0.976433676534,0.976433676534,0.976433676534
0.07374999999967283,118.0,0.000624999999997,0.2,1.84314369323e-18,-0.976147121796,0.976147121796,0.976147121796
0.07437499999967005,119.0,0.000624999999997,0.2,-3.02492406123e-17,-0.976118736723,0.976118736724,0.9761187367235
0.07499999999966729,120.0,0.000624999999997,0.2,-1.07336015076e-17,-0.976030153054,0.976030153054,0.976030153054
0.07562499999966452,121.0,0.000624999999997,0.2,6.93889390391e-18,-0.975881400383,0.975881400384,0.9758814003834999
0.07624999999966174,122.0,0.000624999999997,0.2,3.68628738645e-18,-0.975672512006,0.975672512006,0.975672512006
0.07687499999965897,123.0,0.000624999999997,0.2,7.69783542465e-18,-0.975544712905,0.975544712905,0.975544712905
0.07749999999965619,124.0,0.000624999999997,0.2,2.56955914879e-17,-0.975516475306,0.975516475306,0.975516475306
0.07812499999965342,125.0,0.000624999999997,0.2,2.38524477947e-18,-0.975428076201,0.975428076201,0.975428076201
0.07874999999965066,126.0,0.000624999999997,0.2,-2.20093041015e-17,-0.975279545159,0.975279545159,0.975279545159
0.07937499999964788,127.0,0.000624999999997,0.2,-1.27935856353e-17,-0.975070915444,0.975070915445,0.9750709154445001
0.0799999999996451,128.0,0.000624999999997,0.2,-1.07336015076e-17,-0.974942675497,0.974942675497,0.974942675497
0.08062499999964233,129.0,0.000624999999997,0.2,-1.73472347598e-18,-0.974914585201,0.974914585202,0.9749145852015
0.08124999999963955,130.0,0.000624999999997,0.2,1.18178036801e-17,-0.974826370467,0.974826370467,0.974826370467
0.0818749999996368,131.0,0.000624999999997,0.2,-1.37693675906e-17,-0.974678060836,0.974678060836,0.974678060836
0.08249999999963402,132.0,0.000624999999997,0.2,5.85469173142e-18,-0.974469689546,0.974469689546,0.974469689546
0.08312499999963124,133.0,0.000624999999997,0.2,-2.35271871429e-17,-0.974201293525,0.974201293525,0.974201293525
0.08374999999962847,134.0,0.000624999999997,0.2,1.90819582357e-17,-0.973872913391,0.973872913391,0.973872913391
0.0843749999996257,135.0,0.000624999999997,0.2,9.54097911787e-18,-0.973484593442,0.973484593443,0.9734845934425
0.08499999999962292,136.0,0.000624999999997,0.2,3.25260651746e-19,-0.973036381659,0.97303638166,0.9730363816595
0.08562499999962016,137.0,0.000624999999997,0.2,2.01661604082e-17,-0.972528329697,0.972528329698,0.9725283296975
0.08624999999961738,138.0,0.000624999999997,0.2,2.41777084464e-17,-0.972240339754,0.972240339755,0.9722403397545001
0.08687499999961461,139.0,0.000624999999997,0.2,-8.78203759713e-18,-0.972212355067,0.972212355067,0.972212355067
0.08749999999961183,140.0,0.000624999999997,0.2,-6.07153216592e-18,-0.972124412581,0.972124412581,0.972124412581
0.08812499999960906,141.0,0.000624999999997,0.2,1.44198888941e-17,-0.971976541753,0.971976541754,0.9719765417535
0.08874999999960628,142.0,0.000624999999997,0.2,6.72205346941e-18,-0.971768775729,0.971768775729,0.971768775729
0.08937499999960352,143.0,0.000624999999997,0.2,-8.78203759713e-18,-0.971640341233,0.971640341234,0.9716403412335
0.08999999999960075,144.0,0.000624999999997,0.2,1.47451495458e-17,-0.971612503253,0.971612503253,0.971612503253
0.09062499999959797,145.0,0.000624999999997,0.2,2.14672030152e-17,-0.971524744416,0.971524744416,0.971524744416
0.0912499999995952,146.0,0.000624999999997,0.2,7.91467585914e-18,-0.971377094153,0.971377094153,0.971377094153
0.09187499999959242,147.0,0.000624999999997,0.2,3.06829214813e-17,-0.971169585581,0.971169585581,0.971169585581
0.09249999999958965,148.0,0.000624999999997,0.2,1.02999206386e-17,-0.97104071271,0.97104071271,0.97104071271
0.09312499999958689,149.0,0.000624999999997,0.2,-2.82976767019e-17,-0.971013021266,0.971013021267,0.9710130212665
0.09374999999958411,150.0,0.000624999999997,0.2,6.39679281766e-18,-0.970925445885,0.970925445885,0.970925445885
0.09437499999958134,151.0,0.000624999999997,0.2,5.63785129692e-18,-0.970778015971,0.970778015972,0.9707780159715
0.09499999999957856,152.0,0.000624999999997,0.2,-6.07153216592e-18,-0.970570764613,0.970570764613,0.970570764613
0.09562499999957579,153.0,0.000624999999997,0.2,-1.82145964978e-17,-0.970303728572,0.970303728573,0.9703037285725
0.09624999999957301,154.0,0.000624999999997,0.2,1.00830802041e-17,-0.969976948287,0.969976948287,0.969976948287
0.09687499999957025,155.0,0.000624999999997,0.2,6.07153216592e-18,-0.969590467861,0.969590467861,0.969590467861
0.09749999999956747,156.0,0.000624999999997,0.2,4.87890977618e-18,-0.969144335065,0.969144335065,0.969144335065
0.0981249999995647,157.0,0.000624999999997,0.2,-1.13841228111e-17,-0.968638601329,0.968638601329,0.968638601329
0.09874999999956192,158.0,0.000624999999997,0.2,-1.68051336735e-17,-0.968349192254,0.968349192254,0.968349192254
0.09937499999955915,159.0,0.000624999999997,0.2,4.87890977618e-18,-0.968321605202,0.968321605203,0.9683216052025
0.09999999999955639,160.0,0.000624999999997,0.2,2.65629532259e-17,-0.968234300186,0.968234300186,0.968234300186
0.10062499999955361,161.0,0.000624999999997,0.2,8.13151629364e-18,-0.968087306527,0.968087306527,0.968087306527
0.10124999999955084,162.0,0.000624999999997,0.2,1.94072188875e-17,-0.967880657219,0.967880657219,0.967880657219
0.10187499999954806,163.0,0.000624999999997,0.2,-2.53703308362e-17,-0.967751594459,0.967751594459,0.967751594459
0.10249999999954529,164.0,0.000624999999997,0.2,-4.0115480382e-18,-0.967724153352,0.967724153352,0.967724153352
0.10312499999954251,165.0,0.000624999999997,0.2,1.615461237e-17,-0.967637031073,0.967637031074,0.9676370310735001
0.10374999999953975,166.0,0.000624999999997,0.2,2.20093041015e-17,-0.967490256921,0.967490256921,0.967490256921
0.10437499999953698,167.0,0.000624999999997,0.2,8.23993651089e-18,-0.967283863859,0.967283863859,0.967283863859
0.1049999999995342,168.0,0.000624999999997,0.2,5.52943107968e-18,-0.967154365182,0.967154365182,0.967154365182
0.10562499999953143,169.0,0.000624999999997,0.2,1.615461237e-17,-0.967127069849,0.96712706985,0.9671270698495
0.10624999999952865,170.0,0.000624999999997,0.2,-7.69614135875e-18,-0.967040130117,0.967040130117,0.967040130117
0.10687499999952588,171.0,0.000624999999997,0.2,2.35271871429e-17,-0.966893575255,0.966893575256,0.9668935752554999
0.10749999999952312,172.0,0.000624999999997,0.2,1.08420217249e-18,-0.966687438202,0.966687438203,0.9666874382024999
0.10812499999952034,173.0,0.000624999999997,0.2,1.62630325873e-18,-0.966421755556,0.966421755557,0.9664217555565
0.10874999999951757,174.0,0.000624999999997,0.2,1.32272665043e-17,-0.966096567574,0.966096567575,0.9660965675744999
0.10937499999951479,175.0,0.000624999999997,0.2,-9.75781955237e-19,-0.965711918167,0.965711918168,0.9657119181675
0.10999999999951202,176.0,0.000624999999997,0.2,1.49619899803e-17,-0.965267854897,0.965267854898,0.9652678548975
0.11062499999950924,177.0,0.000624999999997,0.2,1.21430643318e-17,-0.964764428971,0.964764428972,0.9647644289715
0.11124999999950648,178.0,0.000624999999997,0.2,-1.12757025938e-17,-0.964473616732,0.964473616732,0.964473616732
0.1118749999995037,179.0,0.000624999999997,0.2,-2.60208521397e-17,-0.964446424582,0.964446424583,0.9644464245825
0.11249999999950093,180.0,0.000624999999997,0.2,-1.040664679e-17,-0.964359753342,0.964359753343,0.9643597533424999
0.11312499999949815,181.0,0.000624999999997,0.2,-6.50521303491e-19,-0.9642136322,0.9642136322,0.9642136322
0.11374999999949538,182.0,0.000624999999997,0.2,1.42030484596e-17,-0.964008093999,0.964008093999,0.964008093999
0.1143749999994926,183.0,0.000624999999997,0.2,-2.16840434497e-19,-0.963878410059,0.963878410059,0.963878410059
0.11499999999948984,184.0,0.000624999999997,0.2,-7.04731412116e-18,-0.963851363094,0.963851363094,0.963851363094
0.11562499999948707,185.0,0.000624999999997,0.2,2.51534904017e-17,-0.963764873685,0.963764873686,0.9637648736855
0.1162499999994843,186.0,0.000624999999997,0.2,5.74627151417e-18,-0.963618970996,0.963618970996,0.963618970996
0.11687499999948152,187.0,0.000624999999997,0.2,1.75649222272e-17,-0.96341368784,0.963413687841,0.9634136878405
0.11749999999947874,188.0,0.000624999999997,0.2,-9.43255890062e-18,-0.963283570429,0.96328357043,0.9632835704295
0.11812499999947597,189.0,0.000624999999997,0.2,3.14418630021e-18,-0.96325666848,0.963256668481,0.9632566684805
0.11874999999947321,190.0,0.000624999999997,0.2,-2.71050543121e-18,-0.963170360712,0.963170360712,0.963170360712
0.11937499999947043,191.0,0.000624999999997,0.2,-9.21571846613e-18,-0.963024676261,0.963024676261,0.963024676261
0.11999999999946766,192.0,0.000624999999997,0.2,-2.14672030152e-17,-0.962819647915,0.962819647915,0.962819647915
0.12062499999946488,193.0,0.000624999999997,0.2,1.615461237e-17,-0.962555312108,0.962555312109,0.9625553121085
0.12124999999946211,194.0,0.000624999999997,0.2,1.33356867216e-17,-0.96223170892,0.96223170892,0.96223170892
0.12187499999945935,195.0,0.000624999999997,0.2,2.11419423635e-17,-0.961848882067,0.961848882068,0.9618488820675
0.12249999999945657,196.0,0.000624999999997,0.2,-3.5795612351e-18,-0.961406878905,0.961406878905,0.961406878905
0.1231249999994538,197.0,0.000624999999997,0.2,-4.22838847269e-18,-0.960905750418,0.960905750418,0.960905750418
0.12374999999945102,198.0,0.000624999999997,0.2,-2.03830008427e-17,-0.960613550877,0.960613550877,0.960613550877
0.12437499999944825,199.0,0.000624999999997,0.2,-1.7455654977e-17,-0.960586750911,0.960586750911,0.960586750911
0.12499999999944547,200.0,0.000624999999997,0.2,-7.69783542465e-18,-0.960500709773,0.960500709773,0.960500709773
0.1256249999994427,201.0,0.000624999999997,0.2,-9.21571846613e-18,-0.960355456518,0.960355456519,0.9603554565185
0.12624999999943992,202.0,0.000624999999997,0.2,-9.32413868338e-18,-0.960151023841,0.960151023841,0.960151023841
0.12687499999943716,203.0,0.000624999999997,0.2,3.5778671692e-18,-0.960020725759,0.960020725759,0.960020725759
0.1274999999994344,204.0,0.000624999999997,0.2,-1.62630325873e-17,-0.959994070222,0.959994070222,0.959994070222
0.1281249999994316,205.0,0.000624999999997,0.2,1.76724954115e-17,-0.959908210013,0.959908210014,0.9599082100134999
0.12874999999942885,206.0,0.000624999999997,0.2,1.30104260698e-18,-0.959763174163,0.959763174163,0.959763174163
0.12937499999942606,207.0,0.000624999999997,0.2,-3.46944695195e-18,-0.959558995336,0.959558995336,0.959558995336
0.1299999999994233,208.0,0.000624999999997,0.2,1.58293517183e-17,-0.959428266216,0.959428266216,0.959428266216
0.1306249999994205,209.0,0.000624999999997,0.2,1.35525271561e-17,-0.95940175494,0.95940175494,0.95940175494
0.13124999999941775,210.0,0.000624999999997,0.2,1.85398571495e-17,-0.959316075471,0.959316075471,0.959316075471
0.131874999999415,211.0,0.000624999999997,0.2,-3.71881345163e-17,-0.959171256811,0.959171256811,0.959171256811
0.1324999999994122,212.0,0.000624999999997,0.2,1.08420217249e-19,-0.958967331599,0.9589673316,0.9589673315995
0.13312499999940944,213.0,0.000624999999997,0.2,1.32272665043e-17,-0.958704336108,0.958704336109,0.9587043361084999
0.13374999999940665,214.0,0.000624999999997,0.2,-3.78386558197e-17,-0.958382310237,0.958382310238,0.9583823102375
0.1343749999994039,215.0,0.000624999999997,0.2,-1.40946282423e-18,-0.958001297513,0.958001297514,0.9580012975134999
0.13499999999940113,216.0,0.000624999999997,0.2,-6.83047368666e-18,-0.957561345083,0.957561345083,0.957561345083
0.13562499999939834,217.0,0.000624999999997,0.2,-1.43148568086e-17,-0.957062503709,0.95706250371,0.9570625037095
0.13624999999939558,218.0,0.000624999999997,0.2,4.33680868994e-17,-0.956768932625,0.956768932626,0.9567689326255
0.1368749999993928,219.0,0.000624999999997,0.2,-1.45283091113e-17,-0.95674252214,0.95674252214,0.95674252214
0.13749999999939003,220.0,0.000624999999997,0.2,-1.04049527241e-17,-0.95665710745,0.956657107451,0.9566571074504999
0.13812499999938724,221.0,0.000624999999997,0.2,1.56125112838e-17,-0.956512717477,0.956512717478,0.9565127174775
0.13874999999938448,222.0,0.000624999999997,0.2,6.07153216592e-18,-0.956309384768,0.956309384768,0.956309384768
0.13937499999938172,223.0,0.000624999999997,0.2,-4.1528331338e-17,-0.956178479534,0.956178479535,0.9561784795345001
0.13999999999937893,224.0,0.000624999999997,0.2,2.54787510534e-17,-0.956152212726,0.956152212726,0.956152212726
0.14062499999937617,225.0,0.000624999999997,0.2,3.25260651746e-18,-0.956066978067,0.956066978068,0.9560669780675
0.14124999999937338,226.0,0.000624999999997,0.2,-2.38524477947e-17,-0.955922804455,0.955922804455,0.955922804455
0.14187499999937062,227.0,0.000624999999997,0.2,1.34441069388e-17,-0.955719724406,0.955719724407,0.9557197244065
0.14249999999936785,228.0,0.000624999999997,0.2,-3.25260651746e-19,-0.955588390556,0.955588390556,0.955588390556
0.14312499999936507,229.0,0.000624999999997,0.2,-9.54097911787e-18,-0.955562267257,0.955562267257,0.955562267257
0.1437499999993623,230.0,0.000624999999997,0.2,-2.1358782798e-17,-0.955477212441,0.955477212441,0.955477212441
0.14437499999935952,231.0,0.000624999999997,0.2,-1.98408997565e-17,-0.955333254976,0.955333254977,0.9553332549764999
0.14499999999935675,232.0,0.000624999999997,0.2,-3.25260651746e-18,-0.955130427355,0.955130427355,0.955130427355
0.145624999999354,233.0,0.000624999999997,0.2,1.56125112838e-17,-0.954868765685,0.954868765686,0.9548687656854999
0.1462499999993512,234.0,0.000624999999997,0.2,3.14418630021e-18,-0.954548309691,0.954548309692,0.9545483096915
0.14687499999934844,235.0,0.000624999999997,0.2,1.69135538908e-17,-0.954169102707,0.954169102708,0.9541691027075
0.14749999999934565,236.0,0.000624999999997,0.2,-2.43945488809e-17,-0.953731191675,0.953731191675,0.953731191675
0.1481249999993429,237.0,0.000624999999997,0.2,2.61292723569e-17,-0.953234627136,0.953234627137,0.9532346271365
0.1487499999993401,238.0,0.000624999999997,0.2,1.58293517183e-17,-0.952939700164,0.952939700164,0.952939700164
0.14937499999933734,239.0,0.000624999999997,0.2,1.28003618989e-17,-0.952913676471,0.952913676471,0.952913676471
0.14999999999933458,240.0,0.000624999999997,0.2,-7.26415455565e-18,-0.952828884594,0.952828884594,0.952828884594
0.1506249999993318,241.0,0.000624999999997,0.2,-3.14418630021e-18,-0.95268535332,0.95268535332,0.95268535332
0.15124999999932903,242.0,0.000624999999997,0.2,-1.615461237e-17,-0.952483115049,0.952483115049,0.952483115049
0.15187499999932624,243.0,0.000624999999997,0.2,-3.19839640883e-17,-0.952351609609,0.952351609609,0.952351609609
0.15249999999932348,244.0,0.000624999999997,0.2,6.17995238317e-18,-0.952325728845,0.952325728845,0.952325728845
0.15312499999932072,245.0,0.000624999999997,0.2,-2.05998412772e-18,-0.952241116106,0.952241116106,0.952241116106
0.15374999999931793,246.0,0.000624999999997,0.2,1.85466334131e-17,-0.952097800153,0.952097800154,0.9520978001535001
0.15437499999931517,247.0,0.000624999999997,0.2,-1.62630325873e-18,-0.951895813359,0.951895813359,0.951895813359
0.15499999999931238,248.0,0.000624999999997,0.2,-2.1792463667e-17,-0.951763881711,0.951763881711,0.951763881711
0.15562499999930962,249.0,0.000624999999997,0.2,-1.02999206386e-17,-0.951738143709,0.951738143709,0.951738143709
0.15624999999930683,250.0,0.000624999999997,0.2,-1.12757025938e-17,-0.951653709919,0.951653709919,0.951653709919
0.15687499999930407,251.0,0.000624999999997,0.2,2.90566182226e-17,-0.951510609077,0.951510609077,0.951510609077
0.1574999999993013,252.0,0.000624999999997,0.2,-4.22838847269e-18,-0.951308873526,0.951308873527,0.9513088735265001
0.15812499999929852,253.0,0.000624999999997,0.2,1.39862080251e-17,-0.951048539216,0.951048539216,0.951048539216
0.15874999999929576,254.0,0.000624999999997,0.2,6.72205346941e-18,-0.950729645692,0.950729645692,0.950729645692
0.15937499999929297,255.0,0.000624999999997,0.2,1.30104260698e-17,-0.950352236098,0.950352236099,0.9503522360985
0.1599999999992902,256.0,0.000624999999997,0.2,-5.42101086243e-19,-0.949916357171,0.949916357172,0.9499163571714999
0.16062499999928745,257.0,0.000624999999997,0.2,5.09575021068e-18,-0.949422059235,0.949422059235,0.949422059235
0.16124999999928466,258.0,0.000624999999997,0.2,2.59124319224e-17,-0.949125791925,0.949125791925,0.949125791925
0.1618749999992819,259.0,0.000624999999997,0.2,-2.68882138776e-17,-0.949100152352,0.949100152352,0.949100152352
0.1624999999992791,260.0,0.000624999999997,0.2,1.89735380185e-17,-0.949015979671,0.949015979671,0.949015979671
0.16312499999927635,261.0,0.000624999999997,0.2,-1.17093834628e-17,-0.948873302536,0.948873302537,0.9488733025364999
0.1637499999992736,262.0,0.000624999999997,0.2,-5.85469173142e-18,-0.948672153201,0.948672153201,0.948672153201
0.1643749999992708,263.0,0.000624999999997,0.2,1.40946282423e-18,-0.948540054454,0.948540054455,0.9485400544545
0.16499999999926804,264.0,0.000624999999997,0.2,2.25514051877e-17,-0.948514557066,0.948514557066,0.948514557066
0.16562499999926525,265.0,0.000624999999997,0.2,1.66967134563e-17,-0.948430562633,0.948430562633,0.948430562633
0.1662499999992625,266.0,0.000624999999997,0.2,6.50521303491e-19,-0.948288099786,0.948288099786,0.948288099786
0.1668749999992597,267.0,0.000624999999997,0.2,7.91467585914e-18,-0.948087200749,0.94808720075,0.9480872007495
0.16749999999925694,268.0,0.000624999999997,0.2,-1.21430643318e-17,-0.94795467819,0.94795467819,0.94795467819
0.16812499999925418,269.0,0.000624999999997,0.2,1.00830802041e-17,-0.947929322819,0.94792932282,0.9479293228195
0.1687499999992514,270.0,0.000624999999997,0.2,2.61292723569e-17,-0.947845506447,0.947845506448,0.9478455064475
0.16937499999924863,271.0,0.000624999999997,0.2,9.43255890062e-18,-0.947703257678,0.947703257678,0.947703257678
0.16999999999924584,272.0,0.000624999999997,0.2,1.86482773668e-17,-0.947502608707,0.947502608708,0.9475026087075
0.17062499999924308,273.0,0.000624999999997,0.2,-8.89045781438e-18,-0.947243595322,0.947243595323,0.9472435953225
0.17124999999924032,274.0,0.000624999999997,0.2,-3.03576608296e-18,-0.946926256895,0.946926256896,0.9469262568954999
0.17187499999923753,275.0,0.000624999999997,0.2,9.43255890062e-18,-0.94655063638,0.946550636381,0.9465506363805001
0.17249999999923477,276.0,0.000624999999997,0.2,-2.60208521397e-18,-0.946116780309,0.946116780309,0.946116780309
0.17312499999923198,277.0,0.000624999999997,0.2,-5.42101086243e-19,-0.945624738787,0.945624738787,0.945624738787
0.17374999999922922,278.0,0.000624999999997,0.2,-1.62630325873e-17,-0.945327146588,0.945327146588,0.945327146588
0.17437499999922643,279.0,0.000624999999997,0.2,-2.16840434497e-17,-0.945301888478,0.945301888478,0.945301888478
0.17499999999922367,280.0,0.000624999999997,0.2,5.74627151417e-18,-0.945218331395,0.945218331395,0.945218331395
0.1756249999992209,281.0,0.000624999999997,0.2,-4.98732999343e-18,-0.945076503863,0.945076503863,0.945076503863
0.17624999999921812,282.0,0.000624999999997,0.2,-1.75640751943e-17,-0.944876437987,0.944876437987,0.944876437987
0.17687499999921535,283.0,0.000624999999997,0.2,-1.05167610731e-17,-0.944743752787,0.944743752787,0.944743752787
0.17749999999921257,284.0,0.000624999999997,0.2,2.15756232325e-17,-0.94471863612,0.944718636121,0.9447186361205
0.1781249999992098,285.0,0.000624999999997,0.2,1.19397764245e-17,-0.944635256401,0.944635256401,0.944635256401
0.17874999999920704,286.0,0.000624999999997,0.2,2.71050543121e-18,-0.944493642127,0.944493642127,0.944493642127
0.17937499999920425,287.0,0.000624999999997,0.2,1.55989587566e-17,-0.944293825377,0.944293825377,0.944293825377
0.1799999999992015,288.0,0.000624999999997,0.2,1.88651178012e-17,-0.944160718747,0.944160718748,0.9441607187475001
0.1806249999991987,289.0,0.000624999999997,0.2,1.615461237e-17,-0.944135743359,0.944135743359,0.944135743359
0.18124999999919594,290.0,0.000624999999997,0.2,1.66967134563e-17,-0.944052540816,0.944052540817,0.9440525408164999
0.18187499999919318,291.0,0.000624999999997,0.2,-1.43114686768e-17,-0.943911139591,0.943911139592,0.9439111395915001
0.1824999999991904,292.0,0.000624999999997,0.2,-4.22838847269e-18,-0.943711571735,0.943711571735,0.943711571735
0.18312499999918763,293.0,0.000624999999997,0.2,-3.68628738645e-17,-0.943453872874,0.943453872874,0.943453872874
0.18374999999918484,294.0,0.000624999999997,0.2,-8.67361737988e-18,-0.943138082205,0.943138082206,0.9431380822055
0.18437499999918208,295.0,0.000624999999997,0.2,-1.39862080251e-17,-0.942764242494,0.942764242495,0.9427642424945
0.1849999999991793,296.0,0.000624999999997,0.2,-3.14418630021e-18,-0.94233240007,0.94233240007,0.94233240007
0.18562499999917653,297.0,0.000624999999997,0.2,-7.69783542465e-18,-0.941842604819,0.941842604819,0.941842604819
0.18624999999917377,298.0,0.000624999999997,0.2,1.08420217249e-19,-0.941543703077,0.941543703077,0.941543703077
0.18687499999917098,299.0,0.000624999999997,0.2,-2.98155597434e-18,-0.941518823788,0.941518823788,0.941518823788
0.18749999999916822,300.0,0.000624999999997,0.2,1.51246203062e-17,-0.941435878725,0.941435878725,0.941435878725
0.18812499999916543,301.0,0.000624999999997,0.2,-1.08420217249e-18,-0.94129489628,0.941294896281,0.9412948962805
0.18874999999916267,302.0,0.000624999999997,0.2,2.87855676795e-17,-0.941095908415,0.941095908415,0.941095908415
0.1893749999991599,303.0,0.000624999999997,0.2,7.5894152074e-18,-0.94096264357,0.94096264357,0.94096264357
0.18999999999915712,304.0,0.000624999999997,0.2,3.19297539797e-17,-0.940937904986,0.940937904987,0.9409379049865001
0.19062499999915436,305.0,0.000624999999997,0.2,9.92044987824e-18,-0.940855136406,0.940855136406,0.940855136406
0.19124999999915157,306.0,0.000624999999997,0.2,2.87313575709e-18,-0.940714366195,0.940714366196,0.9407143661955
0.1918749999991488,307.0,0.000624999999997,0.2,1.44740990027e-17,-0.940515626287,0.940515626287,0.940515626287
0.19249999999914602,308.0,0.000624999999997,0.2,4.60785923306e-17,-0.940381942384,0.940381942384,0.940381942384
0.19312499999914326,309.0,0.000624999999997,0.2,-1.48535697631e-17,-0.940357344343,0.940357344343,0.940357344343
0.1937499999991405,310.0,0.000624999999997,0.2,7.53520509877e-18,-0.940274752059,0.940274752059,0.940274752059
0.1943749999991377,311.0,0.000624999999997,0.2,1.36609473733e-17,-0.940134193873,0.940134193874,0.9401341938735
0.19499999999913495,312.0,0.000624999999997,0.2,-1.62630325873e-18,-0.939935701693,0.939935701693,0.939935701693
0.19562499999913216,313.0,0.000624999999997,0.2,4.87890977618e-18,-0.939679310983,0.939679310983,0.939679310983
0.1962499999991294,314.0,0.000624999999997,0.2,1.59377719355e-17,-0.939365060768,0.939365060768,0.939365060768
0.19687499999912664,315.0,0.000624999999997,0.2,1.59919820442e-17,-0.938992993624,0.938992993625,0.9389929936245001
0.19749999999912385,316.0,0.000624999999997,0.2,5.20417042793e-18,-0.938563155678,0.938563155679,0.9385631556784999
0.1981249999991211,317.0,0.000624999999997,0.2,4.55364912444e-18,-0.938075596602,0.938075596602,0.938075596602
0.1987499999991183,318.0,0.000624999999997,0.2,-2.69424239863e-17,-0.937775400562,0.937775400562,0.937775400562
0.19937499999911554,319.0,0.000624999999997,0.2,-2.03287907341e-19,-0.937750897466,0.937750897466,0.937750897466
0.19999999999911278,320.0,0.000624999999997,0.2,-2.05998412772e-18,-0.937668560863,0.937668560863,0.937668560863
0.20062499999911,321.0,0.000624999999997,0.2,6.07153216592e-18,-0.937528419014,0.937528419015,0.9375284190144999
0.20124999999910723,322.0,0.000624999999997,0.2,3.39219754716e-17,-0.937330503735,0.937330503736,0.9373305037355
0.20187499999910444,323.0,0.000624999999997,0.2,-4.22838847269e-18,-0.937196666008,0.937196666009,0.9371966660085
0.20249999999910168,324.0,0.000624999999997,0.2,-5.25838053655e-18,-0.937172302885,0.937172302885,0.937172302885
0.2031249999990989,325.0,0.000624999999997,0.2,3.84891771232e-18,-0.937090141888,0.937090141888,0.937090141888
0.20374999999909613,326.0,0.000624999999997,0.2,2.19008838842e-17,-0.936950211253,0.936950211254,0.9369502112535
0.20437499999909337,327.0,0.000624999999997,0.2,2.049142106e-17,-0.936752542769,0.93675254277,0.9367525427695
0.20499999999909058,328.0,0.000624999999997,0.2,1.84314369323e-17,-0.936618288343,0.936618288344,0.9366182883434999
0.20562499999908782,329.0,0.000624999999997,0.2,3.41523684333e-18,-0.936594065029,0.93659406503,0.9365940650294999
0.20624999999908503,330.0,0.000624999999997,0.2,-2.76471553984e-18,-0.936512079453,0.936512079453,0.936512079453
0.20687499999908227,331.0,0.000624999999997,0.2,-4.77048955894e-18,-0.936372359825,0.936372359825,0.936372359825
0.2074999999990795,332.0,0.000624999999997,0.2,-8.29414661951e-18,-0.936174937907,0.936174937907,0.936174937907
0.20812499999907672,333.0,0.000624999999997,0.2,-3.36102673471e-18,-0.935919849006,0.935919849006,0.935919849006
0.20874999999907395,334.0,0.000624999999997,0.2,-2.9002408114e-17,-0.935607131973,0.935607131974,0.9356071319735
0.20937499999907117,335.0,0.000624999999997,0.2,-3.84891771232e-18,-0.935236829198,0.935236829198,0.935236829198
0.2099999999990684,336.0,0.000624999999997,0.2,-1.97866896479e-17,-0.934808986604,0.934808986605,0.9348089866045
0.21062499999906562,337.0,0.000624999999997,0.2,6.01732205729e-18,-0.934323653649,0.934323653649,0.934323653649
0.21124999999906285,338.0,0.000624999999997,0.2,-1.82688066064e-17,-0.934022178454,0.934022178455,0.9340221784545
0.2118749999990601,339.0,0.000624999999997,0.2,-6.07153216592e-18,-0.93399804894,0.93399804894,0.93399804894
0.2124999999990573,340.0,0.000624999999997,0.2,2.0057740191e-18,-0.933916317256,0.933916317256,0.933916317256
0.21312499999905454,341.0,0.000624999999997,0.2,-1.39862080251e-17,-0.933777011533,0.933777011534,0.9337770115335
0.21374999999905175,342.0,0.000624999999997,0.2,-2.92734586571e-18,-0.933580163444,0.933580163444,0.933580163444
0.214374999999049,343.0,0.000624999999997,0.2,1.00288700955e-17,-0.933445759553,0.933445759553,0.933445759553
0.21499999999904623,344.0,0.000624999999997,0.2,-8.61940727126e-18,-0.933421769281,0.933421769282,0.9334217692815
0.21562499999904344,345.0,0.000624999999997,0.2,1.76182853029e-17,-0.933340212331,0.933340212331,0.933340212331
0.21624999999904068,346.0,0.000624999999997,0.2,9.73071449806e-18,-0.933201116807,0.933201116808,0.9332011168075001
0.2168749999990379,347.0,0.000624999999997,0.2,2.51263853474e-17,-0.933004514355,0.933004514356,0.9330045143554999
0.21749999999903513,348.0,0.000624999999997,0.2,-2.16840434497e-19,-0.932869696112,0.932869696113,0.9328696961125
0.21812499999903234,349.0,0.000624999999997,0.2,5.17706537362e-18,-0.932845844921,0.932845844921,0.932845844921
0.21874999999902958,350.0,0.000624999999997,0.2,2.18466737756e-17,-0.932764462519,0.932764462519,0.932764462519
0.21937499999902682,351.0,0.000624999999997,0.2,3.41523684333e-18,-0.932625576988,0.932625576989,0.9326255769884999
0.21999999999902403,352.0,0.000624999999997,0.2,-5.96311194867e-18,-0.932429219946,0.932429219947,0.9324292199465001
0.22062499999902127,353.0,0.000624999999997,0.2,-1.76182853029e-18,-0.932175426542,0.932175426542,0.932175426542
0.22124999999901848,354.0,0.000624999999997,0.2,-2.52077005103e-17,-0.931864235454,0.931864235454,0.931864235454
0.22187499999901572,355.0,0.000624999999997,0.2,2.36356073602e-17,-0.931495688884,0.931495688885,0.9314956888845001
0.22249999999901296,356.0,0.000624999999997,0.2,-2.37169225231e-17,-0.931069832558,0.931069832558,0.931069832558
0.22312499999901017,357.0,0.000624999999997,0.2,8.51098705401e-18,-0.930586715715,0.930586715716,0.9305867157155
0.2237499999990074,358.0,0.000624999999997,0.2,1.68864488365e-17,-0.93028397641,0.93028397641,0.93028397641
0.22437499999900462,359.0,0.000624999999997,0.2,-7.07441917547e-18,-0.93026021788,0.93026021788,0.93026021788
0.22499999999900186,360.0,0.000624999999997,0.2,-5.42101086243e-20,-0.930179087592,0.930179087592,0.930179087592
0.2256249999989991,361.0,0.000624999999997,0.2,-1.81603863891e-17,-0.930040613548,0.930040613549,0.9300406135485
0.2262499999989963,362.0,0.000624999999997,0.2,6.34258270904e-18,-0.929844827276,0.929844827277,0.9298448272765001
0.22687499999899355,363.0,0.000624999999997,0.2,-1.33356867216e-17,-0.929709863896,0.929709863896,0.929709863896
0.22749999999899076,364.0,0.000624999999997,0.2,-5.69206140555e-18,-0.929686243882,0.929686243882,0.929686243882
0.228124999998988,365.0,0.000624999999997,0.2,2.65629532259e-18,-0.929605287459,0.92960528746,0.9296052874595
0.2287499999989852,366.0,0.000624999999997,0.2,1.76724954115e-17,-0.929467022605,0.929467022605,0.929467022605
0.22937499999898245,367.0,0.000624999999997,0.2,1.39591029708e-17,-0.929271480819,0.929271480819,0.929271480819
0.2299999999989797,368.0,0.000624999999997,0.2,-3.60497222351e-18,-0.929136105421,0.929136105421,0.929136105421
0.2306249999989769,369.0,0.000624999999997,0.2,2.91379333855e-17,-0.929112623761,0.929112623762,0.9291126237615
0.23124999999897414,370.0,0.000624999999997,0.2,-2.19550939928e-18,-0.92903184102,0.92903184102,0.92903184102
0.23187499999897135,371.0,0.000624999999997,0.2,4.33680868994e-18,-0.928893785149,0.928893785149,0.928893785149
0.2324999999989686,372.0,0.000624999999997,0.2,3.36102673471e-18,-0.928698487622,0.928698487623,0.9286984876225
0.23312499999896583,373.0,0.000624999999997,0.2,3.52365706058e-19,-0.928445983431,0.928445983432,0.9284459834315
0.23374999999896304,374.0,0.000624999999997,0.2,-7.34546971859e-18,-0.928136311083,0.928136311084,0.9281363110834999
0.23437499999896028,375.0,0.000624999999997,0.2,3.91396984267e-17,-0.927769512595,0.927769512595,0.927769512595
0.2349999999989575,376.0,0.000624999999997,0.2,1.14383329197e-17,-0.927345633491,0.927345633491,0.927345633491
0.23562499999895473,377.0,0.000624999999997,0.2,-2.0057740191e-18,-0.926864722798,0.926864722798,0.926864722798
0.23624999999895194,378.0,0.000624999999997,0.2,4.52654407013e-18,-0.926560734324,0.926560734324,0.926560734324
0.23687499999894918,379.0,0.000624999999997,0.2,-2.53838833633e-17,-0.926537344196,0.926537344196,0.926537344196
0.23749999999894642,380.0,0.000624999999997,0.2,-1.32137139772e-17,-0.9264568118,0.926456811801,0.9264568118005
0.23812499999894363,381.0,0.000624999999997,0.2,3.34747420755e-17,-0.92631916501,0.926319165011,0.9263191650105
0.23874999999894086,382.0,0.000624999999997,0.2,6.39679281766e-18,-0.926124435211,0.926124435211,0.926124435211
0.23937499999893808,383.0,0.000624999999997,0.2,-1.79299934275e-17,-0.92598891897,0.92598891897,0.92598891897
0.23999999999893531,384.0,0.000624999999997,0.2,-2.62919026828e-18,-0.925965666635,0.925965666636,0.9259656666355001
0.24062499999893255,385.0,0.000624999999997,0.2,2.77555756156e-17,-0.925885307241,0.925885307241,0.925885307241
0.24124999999892976,386.0,0.000624999999997,0.2,1.97460320664e-17,-0.925747868634,0.925747868635,0.9257478686345
0.241874999998927,387.0,0.000624999999997,0.2,-3.65918233214e-19,-0.925553382175,0.925553382175,0.925553382175
0.24249999999892421,388.0,0.000624999999997,0.2,5.16351284646e-18,-0.925417456239,0.925417456239,0.925417456239
0.24312499999892145,389.0,0.000624999999997,0.2,-3.09675245516e-17,-0.925394341536,0.925394341536,0.925394341536
0.2437499999989187,390.0,0.000624999999997,0.2,-7.57586268024e-18,-0.925314154959,0.92531415496,0.9253141549595001
0.2443749999989159,391.0,0.000624999999997,0.2,-1.14247803926e-17,-0.925176924333,0.925176924333,0.925176924333
0.24499999999891314,392.0,0.000624999999997,0.2,5.20417042793e-18,-0.924982680986,0.924982680987,0.9249826809865
0.24562499999891035,393.0,0.000624999999997,0.2,-1.35525271561e-19,-0.924731459756,0.924731459756,0.924731459756
0.2462499999989076,394.0,0.000624999999997,0.2,7.84691322336e-18,-0.924423298976,0.924423298977,0.9244232989765
0.2468749999989048,395.0,0.000624999999997,0.2,1.17093834628e-17,-0.924058240481,0.924058240481,0.924058240481
0.24749999999890204,396.0,0.000624999999997,0.2,-1.39455504436e-17,-0.923636329595,0.923636329595,0.923636329595
0.24812499999889928,397.0,0.000624999999997,0.2,4.17417836407e-18,-0.923157615132,0.923157615133,0.9231576151325
0.2487499999988965,398.0,0.000624999999997,0.2,-8.94466792301e-18,-0.922852392334,0.922852392335,0.9228523923345
0.24937499999889373,399.0,0.000624999999997,0.2,2.35271871429e-17,-0.92282936804,0.92282936804,0.92282936804
0.24999999999889094,400.0,0.000624999999997,0.2,-1.32814766129e-18,-0.922749430051,0.922749430051,0.922749430051
0.25062499999888815,401.0,0.000624999999997,0.2,1.73472347598e-18,-0.922612606112,0.922612606112,0.922612606112
0.2512499999988854,402.0,0.000624999999997,0.2,1.81603863891e-18,-0.922418927466,0.922418927466,0.922418927466
0.25187499999888263,403.0,0.000624999999997,0.2,-5.23127548224e-18,-0.92228286495,0.92228286495,0.92228286495
0.25249999999887984,404.0,0.000624999999997,0.2,2.60208521397e-18,-0.922259977729,0.92225997773,0.9222599777295
0.2531249999988771,405.0,0.000624999999997,0.2,1.39726554979e-17,-0.922180211881,0.922180211882,0.9221802118814999
0.2537499999988743,406.0,0.000624999999997,0.2,9.67650438943e-18,-0.922043595125,0.922043595126,0.9220435951254999
0.25437499999887153,407.0,0.000624999999997,0.2,1.78622307917e-17,-0.921850158677,0.921850158677,0.921850158677
0.2549999999988688,408.0,0.000624999999997,0.2,1.53143556864e-17,-0.921713688777,0.921713688777,0.921713688777
0.255624999998866,409.0,0.000624999999997,0.2,3.65918233214e-18,-0.92169093847,0.921690938471,0.9216909384705001
0.2562499999988632,410.0,0.000624999999997,0.2,1.6669608402e-17,-0.921611344581,0.921611344581,0.921611344581
0.25687499999886043,411.0,0.000624999999997,0.2,-4.22838847269e-18,-0.921474934805,0.921474934805,0.921474934805
0.2574999999988577,412.0,0.000624999999997,0.2,-1.60055345713e-17,-0.92128174033,0.92128174033,0.92128174033
0.2581249999988549,413.0,0.000624999999997,0.2,3.98444298388e-18,-0.921031795835,0.921031795836,0.9210317958355
0.2587499999988521,414.0,0.000624999999997,0.2,8.7007224342e-18,-0.920725139487,0.920725139487,0.920725139487
0.2593749999988494,415.0,0.000624999999997,0.2,1.59919820442e-17,-0.920361812933,0.920361812934,0.9203618129335001
0.2599999999988466,416.0,0.000624999999997,0.2,-2.76471553984e-17,-0.919941861301,0.919941861302,0.9199418613015
0.2606249999988438,417.0,0.000624999999997,0.2,2.16840434497e-18,-0.919465333194,0.919465333194,0.919465333194
0.261249999998841,418.0,0.000624999999997,0.2,9.97465998687e-18,-0.919158890817,0.919158890817,0.919158890817
0.2618749999988383,419.0,0.000624999999997,0.2,-1.21972744405e-18,-0.919136229803,0.919136229804,0.9191362298035
0.2624999999988355,420.0,0.000624999999997,0.2,4.39101879857e-18,-0.919056882754,0.919056882754,0.919056882754
0.2631249999988327,421.0,0.000624999999997,0.2,7.1557343384e-18,-0.918920877285,0.918920877285,0.918920877285
0.26374999999883,422.0,0.000624999999997,0.2,-5.54298360683e-18,-0.918728244497,0.918728244497,0.918728244497
0.2643749999988272,423.0,0.000624999999997,0.2,1.0679391399e-17,-0.918591642247,0.918591642247,0.918591642247
0.2649999999988244,424.0,0.000624999999997,0.2,3.5778671692e-17,-0.918569117592,0.918569117592,0.918569117592
0.26562499999882166,425.0,0.000624999999997,0.2,-1.76182853029e-17,-0.918489941827,0.918489941828,0.9184899418275
0.2662499999988189,426.0,0.000624999999997,0.2,-1.09775469964e-18,-0.918354142545,0.918354142546,0.9183541425455
0.2668749999988161,427.0,0.000624999999997,0.2,-1.21972744405e-17,-0.91816175082,0.91816175082,0.91816175082
0.2674999999988133,428.0,0.000624999999997,0.2,6.07153216592e-18,-0.918024743485,0.918024743485,0.918024743485
0.26812499999881056,429.0,0.000624999999997,0.2,-4.098284212e-17,-0.918002355028,0.918002355029,0.9180023550284999
0.2687499999988078,430.0,0.000624999999997,0.2,1.84856470409e-17,-0.917923350368,0.917923350368,0.917923350368
0.269374999998805,431.0,0.000624999999997,0.2,-7.5894152074e-19,-0.91778775707,0.91778775707,0.91778775707
0.26999999999880225,432.0,0.000624999999997,0.2,-3.14418630021e-18,-0.917595606183,0.917595606183,0.917595606183
0.27062499999879946,433.0,0.000624999999997,0.2,2.16840434497e-19,-0.91734693223,0.91734693223,0.91734693223
0.2712499999987967,434.0,0.000624999999997,0.2,1.0679391399e-17,-0.917041773207,0.917041773208,0.9170417732075
0.2718749999987939,435.0,0.000624999999997,0.2,-5.96311194867e-19,-0.91668017058,0.916680170581,0.9166801705805
0.27249999999879115,436.0,0.000624999999997,0.2,-1.30646361785e-17,-0.916262169279,0.91626216928,0.9162621692795
0.27312499999878836,437.0,0.000624999999997,0.2,-1.51788304148e-18,-0.915787817695,0.915787817696,0.9157878176955
0.2737499999987856,438.0,0.000624999999997,0.2,8.40256683676e-18,-0.915480170386,0.915480170386,0.915480170386
0.27437499999878284,439.0,0.000624999999997,0.2,7.60296773455e-18,-0.915457870115,0.915457870115,0.915457870115
0.27499999999878005,440.0,0.000624999999997,0.2,1.89735380185e-18,-0.915379110555,0.915379110556,0.9153791105555
0.27562499999877726,441.0,0.000624999999997,0.2,-1.51788304148e-17,-0.915243919197,0.915243919198,0.9152439191974999
0.2762499999987745,442.0,0.000624999999997,0.2,8.23993651089e-18,-0.915052327,0.915052327001,0.9150523270005
0.27687499999877174,443.0,0.000624999999997,0.2,1.03541307472e-17,-0.914915191514,0.914915191515,0.9149151915145
0.27749999999876895,444.0,0.000624999999997,0.2,1.26851654181e-17,-0.91489302689,0.91489302689,0.91489302689
0.27812499999876616,445.0,0.000624999999997,0.2,-1.92987986702e-17,-0.914814437763,0.914814437764,0.9148144377634999
0.27874999999876343,446.0,0.000624999999997,0.2,-3.5778671692e-18,-0.914679451601,0.914679451601,0.914679451601
0.27937499999876064,447.0,0.000624999999997,0.2,-1.1546753137e-17,-0.914488099335,0.914488099335,0.914488099335
0.27999999999875785,448.0,0.000624999999997,0.2,-1.89735380185e-17,-0.914350561051,0.914350561051,0.914350561051
0.2806249999987551,449.0,0.000624999999997,0.2,-2.92734586571e-18,-0.914328531913,0.914328531913,0.914328531913
0.28124999999875233,450.0,0.000624999999997,0.2,-1.05167610731e-17,-0.91425011304,0.91425011304,0.91425011304
0.28187499999874954,451.0,0.000624999999997,0.2,1.81061762805e-17,-0.914115331871,0.914115331871,0.914115331871
0.28249999999874675,452.0,0.000624999999997,0.2,1.01915004214e-17,-0.913924219314,0.913924219314,0.913924219314
0.283124999998744,453.0,0.000624999999997,0.2,1.13841228111e-17,-0.913676809737,0.913676809737,0.913676809737
0.28374999999874123,454.0,0.000624999999997,0.2,1.25767452008e-17,-0.913373140968,0.913373140968,0.913373140968
0.28437499999873844,455.0,0.000624999999997,0.2,-2.62376925741e-17,-0.913013254289,0.91301325429,0.9130132542895
0.2849999999987357,456.0,0.000624999999997,0.2,-1.55040910665e-17,-0.912597194435,0.912597194436,0.9125971944355
0.2856249999987329,457.0,0.000624999999997,0.2,-2.24429849704e-17,-0.912125009587,0.912125009587,0.912125009587
0.28624999999873013,458.0,0.000624999999997,0.2,5.09575021068e-18,-0.911816171895,0.911816171895,0.911816171895
0.28687499999872734,459.0,0.000624999999997,0.2,-6.50521303491e-18,-0.911794229842,0.911794229842,0.911794229842
0.2874999999987246,460.0,0.000624999999997,0.2,1.07336015076e-17,-0.911716054342,0.911716054342,0.911716054342
0.2881249999987218,461.0,0.000624999999997,0.2,-3.9248118644e-17,-0.911581672757,0.911581672757,0.911581672757
0.28874999999871903,462.0,0.000624999999997,0.2,1.69135538908e-17,-0.911391115908,0.911391115908,0.911391115908
0.2893749999987163,463.0,0.000624999999997,0.2,1.88651178012e-17,-0.91125345364,0.911253453641,0.9112534536404999
0.2899999999987135,464.0,0.000624999999997,0.2,7.48099499015e-18,-0.911231646525,0.911231646526,0.9112316465254999
0.2906249999987107,465.0,0.000624999999997,0.2,1.38777878078e-17,-0.91115364061,0.911153640611,0.9111536406105001
0.291249999998708,466.0,0.000624999999997,0.2,-5.31259064518e-18,-0.911019463235,0.911019463235,0.911019463235
0.2918749999987052,467.0,0.000624999999997,0.2,-8.45677694539e-18,-0.910829145191,0.910829145191,0.910829145191
0.2924999999987024,468.0,0.000624999999997,0.2,3.46944695195e-18,-0.9106910824,0.9106910824,0.9106910824
0.2931249999986996,469.0,0.000624999999997,0.2,-2.60208521397e-18,-0.910669410064,0.910669410065,0.9106694100645001
0.2937499999986969,470.0,0.000624999999997,0.2,1.88651178012e-17,-0.910591573555,0.910591573556,0.9105915735554999
0.2943749999986941,471.0,0.000624999999997,0.2,7.3725747729e-18,-0.910457600188,0.910457600188,0.910457600188
0.2949999999986913,472.0,0.000624999999997,0.2,2.40692882292e-17,-0.910267520728,0.910267520728,0.910267520728
0.2956249999986886,473.0,0.000624999999997,0.2,-2.74303149639e-17,-0.91002136939,0.91002136939,0.91002136939
0.2962499999986858,474.0,0.000624999999997,0.2,-1.36609473733e-17,-0.909719183834,0.909719183835,0.9097191838345
0.296874999998683,475.0,0.000624999999997,0.2,-1.24818775107e-17,-0.909361005162,0.909361005163,0.9093610051625001
0.2974999999986802,476.0,0.000624999999997,0.2,2.84060969191e-17,-0.908946877912,0.908946877913,0.9089468779125001
0.2981249999986775,477.0,0.000624999999997,0.2,-1.615461237e-17,-0.908476850055,0.908476850056,0.9084768500555
0.2987499999986747,478.0,0.000624999999997,0.2,-6.28837260042e-18,-0.908166836432,0.908166836432,0.908166836432
0.2993749999986719,479.0,0.000624999999997,0.2,-1.26851654181e-17,-0.908145250088,0.908145250088,0.908145250088
0.29999999999866916,480.0,0.000624999999997,0.2,7.91467585914e-18,-0.908067655234,0.908067655234,0.908067655234
0.3006249999986664,481.0,0.000624999999997,0.2,-2.35271871429e-17,-0.907934079107,0.907934079108,0.9079340791074999
0.3012499999986636,482.0,0.000624999999997,0.2,1.56125112838e-17,-0.907744552388,0.907744552388,0.907744552388
0.30187499999866085,483.0,0.000624999999997,0.2,-2.60208521397e-17,-0.90760636975,0.907606369751,0.9076063697504999
0.30249999999865806,484.0,0.000624999999997,0.2,-5.09575021068e-18,-0.907584917639,0.907584917639,0.907584917639
0.3031249999986553,485.0,0.000624999999997,0.2,-2.61292723569e-17,-0.907507491527,0.907507491527,0.907507491527
0.3037499999986525,486.0,0.000624999999997,0.2,1.17093834628e-17,-0.907374118627,0.907374118627,0.907374118627
0.30437499999864975,487.0,0.000624999999997,0.2,1.62630325873e-17,-0.907184829592,0.907184829592,0.907184829592
0.30499999999864696,488.0,0.000624999999997,0.2,1.51788304148e-18,-0.907046248694,0.907046248695,0.9070462486944999
0.3056249999986442,489.0,0.000624999999997,0.2,-2.049142106e-17,-0.907024930658,0.907024930658,0.907024930658
0.30624999999864144,490.0,0.000624999999997,0.2,1.08420217249e-18,-0.906947673109,0.906947673109,0.906947673109
0.30687499999863865,491.0,0.000624999999997,0.2,1.30104260698e-18,-0.906814503236,0.906814503236,0.906814503236
0.30749999999863586,492.0,0.000624999999997,0.2,1.51788304148e-17,-0.906625451665,0.906625451666,0.9066254516654999
0.3081249999986331,493.0,0.000624999999997,0.2,1.32272665043e-17,-0.906380552459,0.90638055246,0.9063805524595
0.30874999999863034,494.0,0.000624999999997,0.2,-7.26415455565e-18,-0.90607984311,0.906079843111,0.9060798431104999
0.30937499999862755,495.0,0.000624999999997,0.2,-3.5778671692e-18,-0.905723364539,0.905723364539,0.905723364539
0.30999999999862476,496.0,0.000624999999997,0.2,6.50521303491e-18,-0.905311161088,0.905311161088,0.905311161088
0.31062499999862203,497.0,0.000624999999997,0.2,-1.24683249836e-17,-0.904843280521,0.904843280522,0.9048432805215001
0.31124999999861924,498.0,0.000624999999997,0.2,-4.44522890719e-18,-0.904532105323,0.904532105323,0.904532105323
0.31187499999861645,499.0,0.000624999999997,0.2,-1.16009632456e-17,-0.904510872192,0.904510872193,0.9045108721924999
0.31249999999861366,500.0,0.000624999999997,0.2,5.861467995e-18,-0.90443385459,0.90443385459,0.90443385459
0.31312499999861093,501.0,0.000624999999997,0.2,-1.14925430283e-17,-0.904301079627,0.904301079627,0.904301079627
0.31374999999860814,502.0,0.000624999999997,0.2,-1.08420217249e-18,-0.904112577844,0.904112577845,0.9041125778445
0.31437499999860535,503.0,0.000624999999997,0.2,2.71050543121e-18,-0.903973881206,0.903973881206,0.903973881206
0.3149999999986026,504.0,0.000624999999997,0.2,6.72205346941e-18,-0.903952781606,0.903952781606,0.903952781606
0.31562499999859983,505.0,0.000624999999997,0.2,1.48535697631e-17,-0.903875931905,0.903875931906,0.9038759319055001
0.31624999999859704,506.0,0.000624999999997,0.2,-4.98732999343e-18,-0.903743359192,0.903743359192,0.903743359192
0.3168749999985943,507.0,0.000624999999997,0.2,-8.02309607639e-18,-0.903555093979,0.903555093979,0.903555093979
0.3174999999985915,508.0,0.000624999999997,0.2,-4.98732999343e-18,-0.903416001331,0.903416001332,0.9034160013315
0.31812499999858873,509.0,0.000624999999997,0.2,1.13841228111e-17,-0.903395035106,0.903395035106,0.903395035106
0.31874999999858594,510.0,0.000624999999997,0.2,-7.5894152074e-19,-0.90331835313,0.90331835313,0.90331835313
0.3193749999985832,511.0,0.000624999999997,0.2,4.98732999343e-18,-0.903185982466,0.903185982466,0.903185982466
0.3199999999985804,512.0,0.000624999999997,0.2,-3.24583025388e-18,-0.902997953603,0.902997953604,0.9029979536035
0.32062499999857763,513.0,0.000624999999997,0.2,-1.47451495458e-17,-0.90275430045,0.90275430045,0.90275430045
0.3212499999985749,514.0,0.000624999999997,0.2,4.77048955894e-18,-0.902455060333,0.902455060333,0.902455060333
0.3218749999985721,515.0,0.000624999999997,0.2,-5.85469173142e-18,-0.902100273991,0.902100273991,0.902100273991
0.3224999999985693,516.0,0.000624999999997,0.2,-1.19262238973e-18,-0.901689985575,0.901689985576,0.9016899855755001
0.32312499999856653,517.0,0.000624999999997,0.2,1.32272665043e-17,-0.901224242641,0.901224242642,0.9012242426415
0.3237499999985638,518.0,0.000624999999997,0.2,-7.26415455565e-18,-0.900911920127,0.900911920127,0.900911920127
0.324374999998561,519.0,0.000624999999997,0.2,7.5894152074e-18,-0.900891037729,0.900891037729,0.900891037729
0.3249999999985582,520.0,0.000624999999997,0.2,7.5894152074e-18,-0.900814594001,0.900814594001,0.900814594001
0.3256249999985555,521.0,0.000624999999997,0.2,-1.51788304148e-17,-0.900682615929,0.900682615929,0.900682615929
0.3262499999985527,522.0,0.000624999999997,0.2,1.39862080251e-17,-0.900495133916,0.900495133916,0.900495133916
0.3268749999985499,523.0,0.000624999999997,0.2,-1.59377719355e-17,-0.900355929602,0.900355929602,0.900355929602
0.3274999999985472,524.0,0.000624999999997,0.2,6.17995238317e-18,-0.900335180036,0.900335180036,0.900335180036
0.3281249999985444,525.0,0.000624999999997,0.2,-7.1557343384e-18,-0.900258903374,0.900258903375,0.9002589033745001
0.3287499999985416,526.0,0.000624999999997,0.2,-9.86623976962e-18,-0.900127126579,0.900127126579,0.900127126579
0.3293749999985388,527.0,0.000624999999997,0.2,-9.75781955237e-18,-0.899939880026,0.899939880026,0.899939880026
0.3299999999985361,528.0,0.000624999999997,0.2,-6.61363325216e-18,-0.899800281942,0.899800281943,0.8998002819425
0.3306249999985333,529.0,0.000624999999997,0.2,-9.86623976962e-18,-0.899779665054,0.899779665054,0.899779665054
0.3312499999985305,530.0,0.000624999999997,0.2,1.94072188875e-17,-0.899703555281,0.899703555282,0.8997035552815
0.33187499999852776,531.0,0.000624999999997,0.2,2.71050543121e-18,-0.899571979564,0.899571979564,0.899571979564
0.332499999998525,532.0,0.000624999999997,0.2,-2.26598254049e-17,-0.899384968252,0.899384968252,0.899384968252
0.3331249999985222,533.0,0.000624999999997,0.2,-6.83047368666e-18,-0.899142555101,0.899142555101,0.899142555101
0.3337499999985194,534.0,0.000624999999997,0.2,7.5894152074e-18,-0.898844777272,0.898844777272,0.898844777272
0.33437499999851666,535.0,0.000624999999997,0.2,-2.65629532259e-17,-0.898491675326,0.898491675326,0.898491675326
0.3349999999985139,536.0,0.000624999999997,0.2,1.08420217249e-18,-0.89808329322,0.898083293221,0.8980832932205001
0.3356249999985111,537.0,0.000624999999997,0.2,8.34835672814e-18,-0.897619678304,0.897619678304,0.897619678304
0.33624999999850835,538.0,0.000624999999997,0.2,7.04731412116e-18,-0.897306222637,0.897306222638,0.8973062226374999
0.33687499999850556,539.0,0.000624999999997,0.2,-8.89045781438e-18,-0.897285688505,0.897285688505,0.897285688505
0.3374999999985028,540.0,0.000624999999997,0.2,1.66967134563e-17,-0.897209815292,0.897209815292,0.897209815292
0.3381249999985,541.0,0.000624999999997,0.2,1.22514845491e-17,-0.89707862986,0.897078629861,0.8970786298605
0.33874999999849725,542.0,0.000624999999997,0.2,-1.84314369323e-18,-0.896892162474,0.896892162475,0.8968921624745001
0.33937499999849446,543.0,0.000624999999997,0.2,8.23993651089e-18,-0.896752456768,0.896752456768,0.896752456768
0.3399999999984917,544.0,0.000624999999997,0.2,5.09575021068e-18,-0.896732054773,0.896732054774,0.8967320547735
0.34062499999848894,545.0,0.000624999999997,0.2,1.71303943253e-17,-0.896656347795,0.896656347795,0.896656347795
0.34124999999848615,546.0,0.000624999999997,0.2,-5.96311194867e-18,-0.896525362671,0.896525362671,0.896525362671
0.34187499999848336,547.0,0.000624999999997,0.2,3.28513258263e-17,-0.89633912964,0.89633912964,0.89633912964
0.34249999999848063,548.0,0.000624999999997,0.2,1.11672823766e-17,-0.896199032393,0.896199032393,0.896199032393
0.34312499999847784,549.0,0.000624999999997,0.2,2.29850860567e-17,-0.896178762381,0.896178762381,0.896178762381
0.34374999999847505,550.0,0.000624999999997,0.2,3.58125530099e-18,-0.896103221461,0.896103221462,0.8961032214615
0.34437499999847226,551.0,0.000624999999997,0.2,2.59124319224e-17,-0.895972436448,0.895972436448,0.895972436448
0.34499999999846953,552.0,0.000624999999997,0.2,-1.40946282423e-18,-0.895786437554,0.895786437554,0.895786437554
0.34562499999846674,553.0,0.000624999999997,0.2,-2.16840434497e-18,-0.895545258383,0.895545258383,0.895545258383
0.34624999999846395,554.0,0.000624999999997,0.2,1.07336015076e-17,-0.895248935932,0.895248935932,0.895248935932
0.3468749999984612,555.0,0.000624999999997,0.2,-1.19262238973e-17,-0.894897510583,0.894897510584,0.8948975105835
0.34749999999845843,556.0,0.000624999999997,0.2,-2.14672030152e-17,-0.894491026101,0.894491026102,0.8944910261015
0.34812499999845564,557.0,0.000624999999997,0.2,-1.50704101975e-17,-0.89402952963,0.894029529631,0.8940295296305001
0.34874999999845285,558.0,0.000624999999997,0.2,-1.85398571495e-17,-0.893714954881,0.893714954881,0.893714954881
0.3493749999984501,559.0,0.000624999999997,0.2,-2.60208521397e-18,-0.893694766562,0.893694766562,0.893694766562
0.34999999999844733,560.0,0.000624999999997,0.2,-1.75640751943e-17,-0.893619460522,0.893619460522,0.893619460522
0.35062499999844454,561.0,0.000624999999997,0.2,1.30104260698e-18,-0.8934890635,0.893489063501,0.8934890635005
0.3512499999984418,562.0,0.000624999999997,0.2,-2.16840434497e-18,-0.893303605624,0.893303605624,0.893303605624
0.351874999998439,563.0,0.000624999999997,0.2,2.60208521397e-18,-0.893163404766,0.893163404766,0.893163404766
0.35249999999843623,564.0,0.000624999999997,0.2,-1.83975556144e-18,-0.893143347894,0.893143347894,0.893143347894
0.3531249999984335,565.0,0.000624999999997,0.2,3.12250225676e-17,-0.893068207261,0.893068207261,0.893068207261
0.3537499999984307,566.0,0.000624999999997,0.2,9.21571846613e-18,-0.892938009583,0.892938009584,0.8929380095835
0.3543749999984279,567.0,0.000624999999997,0.2,1.81061762805e-17,-0.892752784962,0.892752784962,0.892752784962
0.35499999999842513,568.0,0.000624999999997,0.2,-2.0057740191e-17,-0.89261219478,0.892612194781,0.8926121947804999
0.3556249999984224,569.0,0.000624999999997,0.2,-4.33680868994e-18,-0.8925922692,0.8925922692,0.8925922692
0.3562499999984196,570.0,0.000624999999997,0.2,2.71050543121e-18,-0.892517293799,0.892517293799,0.892517293799
0.3568749999984168,571.0,0.000624999999997,0.2,-4.44522890719e-18,-0.892387295269,0.892387295269,0.892387295269
0.3574999999984141,572.0,0.000624999999997,0.2,-1.56125112838e-17,-0.892202303685,0.892202303685,0.892202303685
0.3581249999984113,573.0,0.000624999999997,0.2,-9.75781955237e-19,-0.891962352501,0.891962352501,0.891962352501
0.3587499999984085,574.0,0.000624999999997,0.2,-2.02745806255e-17,-0.891667478549,0.891667478549,0.891667478549
0.3593749999984057,575.0,0.000624999999997,0.2,8.56519716264e-18,-0.891317722034,0.891317722034,0.891317722034
0.359999999998403,576.0,0.000624999999997,0.2,5.20586449382e-18,-0.890913126529,0.89091312653,0.8909131265295
0.3606249999984002,577.0,0.000624999999997,0.2,1.21447583977e-17,-0.890453738974,0.890453738974,0.890453738974
0.3612499999983974,578.0,0.000624999999997,0.2,-1.49619899803e-17,-0.890138059115,0.890138059116,0.8901380591154999
0.3618749999983947,579.0,0.000624999999997,0.2,2.05998412772e-18,-0.890118214171,0.890118214171,0.890118214171
0.3624999999983919,580.0,0.000624999999997,0.2,-9.54097911787e-18,-0.89004347198,0.89004347198,0.89004347198
0.3631249999983891,581.0,0.000624999999997,0.2,2.03830008427e-17,-0.88991385916,0.88991385916,0.88991385916
0.36374999999838636,582.0,0.000624999999997,0.2,7.48099499015e-18,-0.8897294057,0.8897294057,0.8897294057
0.3643749999983836,583.0,0.000624999999997,0.2,-2.83010648337e-17,-0.889588715891,0.889588715891,0.889588715891
0.3649999999983808,584.0,0.000624999999997,0.2,0.0,-0.889569001705,0.889569001705,0.889569001705
0.365624999998378,585.0,0.000624999999997,0.2,1.22514845491e-17,-0.889494424098,0.889494424098,0.889494424098
0.36624999999837526,586.0,0.000624999999997,0.2,-2.75387351811e-17,-0.889365009662,0.889365009663,0.8893650096625001
0.3668749999983725,587.0,0.000624999999997,0.2,3.68628738645e-18,-0.889180788362,0.889180788362,0.889180788362
0.3674999999983697,588.0,0.000624999999997,0.2,-2.1792463667e-17,-0.889039711435,0.889039711435,0.889039711435
0.36812499999836695,589.0,0.000624999999997,0.2,1.37693675906e-17,-0.889020127854,0.889020127854,0.889020127854
0.36874999999836416,590.0,0.000624999999997,0.2,-1.62630325873e-18,-0.888945714656,0.888945714656,0.888945714656
0.3693749999983614,591.0,0.000624999999997,0.2,2.01661604082e-17,-0.888816498409,0.888816498409,0.888816498409
0.3699999999983586,592.0,0.000624999999997,0.2,-8.78203759713e-18,-0.888632509052,0.888632509052,0.888632509052
0.37062499999835585,593.0,0.000624999999997,0.2,-2.92734586571e-18,-0.88839377989,0.88839377989,0.88839377989
0.37124999999835306,594.0,0.000624999999997,0.2,-2.2226144536e-17,-0.88810034759,0.88810034759,0.88810034759
0.3718749999983503,595.0,0.000624999999997,0.2,-9.86623976962e-18,-0.88775225218,0.887752252181,0.8877522521804999
0.37249999999834754,596.0,0.000624999999997,0.2,1.36609473733e-17,-0.887349537044,0.887349537045,0.8873495370444999
0.37312499999834475,597.0,0.000624999999997,0.2,1.05167610731e-17,-0.886892248917,0.886892248917,0.886892248917
0.37374999999834196,598.0,0.000624999999997,0.2,8.67361737988e-19,-0.886575477831,0.886575477831,0.886575477831
0.3743749999983392,599.0,0.000624999999997,0.2,-2.43945488809e-17,-0.886555973836,0.886555973836,0.886555973836
0.37499999999833644,600.0,0.000624999999997,0.2,-9.32413868338e-18,-0.886481792188,0.886481792188,0.886481792188
0.37562499999833365,601.0,0.000624999999997,0.2,3.25260651746e-19,-0.886352959382,0.886352959382,0.886352959382
0.37624999999833086,602.0,0.000624999999997,0.2,-1.08420217249e-19,-0.88616950527,0.88616950527,0.88616950527
0.37687499999832813,603.0,0.000624999999997,0.2,-3.25260651746e-18,-0.886028332667,0.886028332667,0.886028332667
0.37749999999832534,604.0,0.000624999999997,0.2,-4.0115480382e-18,-0.886008958746,0.886008958746,0.886008958746
0.37812499999832255,605.0,0.000624999999997,0.2,1.71303943253e-17,-0.885934940862,0.885934940863,0.8859349408624999
0.3787499999983198,606.0,0.000624999999997,0.2,2.17009841087e-18,-0.885806305485,0.885806305486,0.8858063054855
0.37937499999831703,607.0,0.000624999999997,0.2,-1.82145964978e-17,-0.885623082443,0.885623082443,0.885623082443
0.37999999999831424,608.0,0.000624999999997,0.2,-2.48282297499e-17,-0.885481524916,0.885481524916,0.885481524916
0.38062499999831145,609.0,0.000624999999997,0.2,9.43594703241e-18,-0.885462280916,0.885462280917,0.8854622809165
0.3812499999983087,610.0,0.000624999999997,0.2,1.18178036801e-17,-0.885388426623,0.885388426623,0.885388426623
0.38187499999830593,611.0,0.000624999999997,0.2,-3.7947076037e-18,-0.88525998848,0.885259988481,0.8852599884804999
0.38249999999830314,612.0,0.000624999999997,0.2,-9.97465998687e-18,-0.885076996293,0.885076996293,0.885076996293
0.3831249999983004,613.0,0.000624999999997,0.2,-1.04083408559e-17,-0.884839483214,0.884839483215,0.8848394832144999
0.3837499999982976,614.0,0.000624999999997,0.2,2.92734586571e-18,-0.884547485751,0.884547485752,0.8845474857515
0.38437499999829483,615.0,0.000624999999997,0.2,1.81061762805e-17,-0.884201043754,0.884201043755,0.8842010437545
0.38499999999829204,616.0,0.000624999999997,0.2,-1.615461237e-17,-0.883800200418,0.883800200418,0.883800200418
0.3856249999982893,617.0,0.000624999999997,0.2,-1.97324795392e-17,-0.883345002273,0.883345002274,0.8833450022735
0.3862499999982865,618.0,0.000624999999997,0.2,-1.29020058526e-17,-0.883027153746,0.883027153746,0.883027153746
0.38687499999828373,619.0,0.000624999999997,0.2,-8.02309607639e-18,-0.88300798829,0.88300798829,0.88300798829
0.387499999998281,620.0,0.000624999999997,0.2,1.69135538908e-17,-0.882934363897,0.882934363897,0.882934363897
0.3881249999982782,621.0,0.000624999999997,0.2,-1.76724954115e-17,-0.882806306937,0.882806306937,0.882806306937
0.3887499999982754,622.0,0.000624999999997,0.2,1.20346441146e-17,-0.882623847129,0.882623847129,0.882623847129
0.3893749999982727,623.0,0.000624999999997,0.2,-8.78203759713e-18,-0.882482197848,0.882482197849,0.8824821978485
0.3899999999982699,624.0,0.000624999999997,0.2,2.39608680119e-17,-0.882463161786,0.882463161786,0.882463161786
0.3906249999982671,625.0,0.000624999999997,0.2,-6.39679281766e-18,-0.88238970034,0.88238970034,0.88238970034
0.3912499999982643,626.0,0.000624999999997,0.2,-3.25260651746e-18,-0.882261839859,0.88226183986,0.8822618398594999
0.3918749999982616,627.0,0.000624999999997,0.2,1.01915004214e-17,-0.882079610036,0.882079610036,0.882079610036
0.3924999999982588,628.0,0.000624999999997,0.2,-6.72205346941e-18,-0.881937578014,0.881937578014,0.881937578014
0.393124999998256,629.0,0.000624999999997,0.2,-8.99887803163e-18,-0.881918671192,0.881918671192,0.881918671192
0.3937499999982533,630.0,0.000624999999997,0.2,-2.24429849704e-17,-0.881845372521,0.881845372522,0.8818453725215001
0.3943749999982505,631.0,0.000624999999997,0.2,-7.1557343384e-18,-0.881717708326,0.881717708326,0.881717708326
0.3949999999982477,632.0,0.000624999999997,0.2,-1.18178036801e-17,-0.881535708273,0.881535708274,0.8815357082735
0.3956249999982449,633.0,0.000624999999997,0.2,5.85469173142e-18,-0.88129940537,0.88129940537,0.88129940537
0.3962499999982422,634.0,0.000624999999997,0.2,-1.7455654977e-17,-0.881008835959,0.88100883596,0.8810088359595001
0.3968749999982394,635.0,0.000624999999997,0.2,-4.33680868994e-19,-0.880664039717,0.880664039718,0.8806640397175001
0.3974999999982366,636.0,0.000624999999997,0.2,1.20346441146e-17,-0.880265059649,0.880265059649,0.880265059649
0.39812499999823386,637.0,0.000624999999997,0.2,1.10588621594e-17,-0.879811942084,0.879811942084,0.879811942084
0.3987499999982311,638.0,0.000624999999997,0.2,2.36356073602e-17,-0.87949302981,0.87949302981,0.87949302981
0.3993749999982283,639.0,0.000624999999997,0.2,4.33680868994e-19,-0.879474200496,0.879474200497,0.8794742004964999
0.39999999999822555,640.0,0.000624999999997,0.2,-3.14418630021e-18,-0.879401130085,0.879401130085,0.879401130085
0.40062499999822276,641.0,0.000624999999997,0.2,-1.24683249836e-17,-0.879273844826,0.879273844826,0.879273844826
0.40124999999822,642.0,0.000624999999997,0.2,8.67361737988e-18,-0.879092374303,0.879092374303,0.879092374303
0.4018749999982172,643.0,0.000624999999997,0.2,4.44522890719e-18,-0.87895025442,0.87895025442,0.87895025442
0.40249999999821445,644.0,0.000624999999997,0.2,-1.26851654181e-17,-0.878931553822,0.878931553822,0.878931553822
0.40312499999821166,645.0,0.000624999999997,0.2,-1.32272665043e-17,-0.878858645546,0.878858645547,0.8788586455465
0.4037499999982089,646.0,0.000624999999997,0.2,-1.08420217249e-18,-0.87873155582,0.878731555821,0.8787315558205
0.40437499999820614,647.0,0.000624999999997,0.2,5.31259064518e-18,-0.878550314202,0.878550314202,0.878550314202
0.40499999999820335,648.0,0.000624999999997,0.2,4.0115480382e-18,-0.878407813748,0.878407813749,0.8784078137485001
0.40562499999820056,649.0,0.000624999999997,0.2,1.45283091113e-17,-0.878389241714,0.878389241714,0.878389241714
0.4062499999981978,650.0,0.000624999999997,0.2,-1.98408997565e-17,-0.878316495402,0.878316495403,0.8783164954025
0.40687499999819504,651.0,0.000624999999997,0.2,-3.5778671692e-18,-0.878189601017,0.878189601017,0.878189601017
0.40749999999819225,652.0,0.000624999999997,0.2,-4.77048955894e-18,-0.878008588089,0.87800858809,0.8780085880895
0.40812499999818946,653.0,0.000624999999997,0.2,-6.28837260042e-18,-0.877773489479,0.87777348948,0.8777734894795
0.40874999999818673,654.0,0.000624999999997,0.2,-1.29020058526e-17,-0.877484341369,0.877484341369,0.877484341369
0.40937499999818394,655.0,0.000624999999997,0.2,-1.08420217249e-17,-0.877141183258,0.877141183258,0.877141183258
0.40999999999818115,656.0,0.000624999999997,0.2,1.43114686768e-17,-0.876744057965,0.876744057965,0.876744057965
0.41062499999817836,657.0,0.000624999999997,0.2,2.79724160501e-17,-0.876293011618,0.876293011619,0.8762930116184999
0.41124999999817563,658.0,0.000624999999997,0.2,8.89045781438e-18,-0.8759730492,0.8759730492,0.8759730492
0.41187499999817284,659.0,0.000624999999997,0.2,-2.49366499672e-18,-0.875954553645,0.875954553646,0.8759545536455
0.41249999999817005,660.0,0.000624999999997,0.2,4.33680868994e-19,-0.875882033962,0.875882033962,0.875882033962
0.4131249999981673,661.0,0.000624999999997,0.2,-1.99493199737e-17,-0.875755516278,0.875755516279,0.8757555162785
0.41374999999816453,662.0,0.000624999999997,0.2,2.38524477947e-18,-0.875575030044,0.875575030044,0.875575030044
0.41437499999816174,663.0,0.000624999999997,0.2,-1.84314369323e-18,-0.875432445593,0.875432445593,0.875432445593
0.414999999998159,664.0,0.000624999999997,0.2,-1.40946282423e-18,-0.875414078079,0.87541407808,0.8754140780795
0.4156249999981562,665.0,0.000624999999997,0.2,-1.73472347598e-17,-0.875341719724,0.875341719724,0.875341719724
0.41624999999815343,666.0,0.000624999999997,0.2,1.82145964978e-17,-0.875215396632,0.875215396632,0.875215396632
0.41687499999815064,667.0,0.000624999999997,0.2,-1.08420217249e-18,-0.875035138227,0.875035138228,0.8750351382275
0.4174999999981479,668.0,0.000624999999997,0.2,8.34835672814e-18,-0.874892175366,0.874892175366,0.874892175366
0.4181249999981451,669.0,0.000624999999997,0.2,-3.7947076037e-17,-0.874873935742,0.874873935743,0.8748739357424999
0.41874999999814233,670.0,0.000624999999997,0.2,-1.7021974108e-17,-0.874801738543,0.874801738544,0.8748017385435001
0.4193749999981396,671.0,0.000624999999997,0.2,-3.7947076037e-18,-0.874675609851,0.874675609851,0.874675609851
0.4199999999981368,672.0,0.000624999999997,0.2,1.47451495458e-17,-0.874495579064,0.874495579064,0.874495579064
0.420624999998134,673.0,0.000624999999997,0.2,-2.24429849704e-17,-0.874261678893,0.874261678894,0.8742616788935
0.42124999999813123,674.0,0.000624999999997,0.2,-1.56125112838e-17,-0.873973945361,0.873973945361,0.873973945361
0.4218749999981285,675.0,0.000624999999997,0.2,-1.615461237e-17,-0.873632417793,0.873632417794,0.8736324177935
0.4224999999981257,676.0,0.000624999999997,0.2,1.64798730218e-17,-0.873237138821,0.873237138821,0.873237138821
0.4231249999981229,677.0,0.000624999999997,0.2,1.01915004214e-17,-0.872788154372,0.872788154373,0.8727881543725
0.4237499999981202,678.0,0.000624999999997,0.2,1.31188462871e-17,-0.87246715532,0.87246715532,0.87246715532
0.4243749999981174,679.0,0.000624999999997,0.2,-1.615461237e-17,-0.872448991155,0.872448991155,0.872448991155
0.4249999999981146,680.0,0.000624999999997,0.2,-1.75640751943e-17,-0.872377018962,0.872377018962,0.872377018962
0.4256249999981119,681.0,0.000624999999997,0.2,6.28837260042e-18,-0.87225126475,0.87225126475,0.87225126475
0.4262499999981091,682.0,0.000624999999997,0.2,1.04083408559e-17,-0.872071757833,0.872071757833,0.872071757833
0.4268749999981063,683.0,0.000624999999997,0.2,-2.66713734431e-17,-0.871928714807,0.871928714807,0.871928714807
0.4274999999981035,684.0,0.000624999999997,0.2,-1.9190378453e-17,-0.871910678012,0.871910678012,0.871910678012
0.4281249999981008,685.0,0.000624999999997,0.2,-1.60461921528e-17,-0.871838866343,0.871838866343,0.871838866343
0.428749999998098,686.0,0.000624999999997,0.2,1.81061762805e-17,-0.871713305785,0.871713305785,0.871713305785
0.4293749999980952,687.0,0.000624999999997,0.2,1.77809156288e-17,-0.871534025628,0.871534025628,0.871534025628
0.42999999999809246,688.0,0.000624999999997,0.2,3.14418630021e-18,-0.87139060634,0.871390606341,0.8713906063404999
0.4306249999980897,689.0,0.000624999999997,0.2,7.04731412116e-18,-0.871372696765,0.871372696765,0.871372696765
0.4312499999980869,690.0,0.000624999999997,0.2,-8.67361737988e-18,-0.871301045449,0.871301045449,0.871301045449
0.4318749999980841,691.0,0.000624999999997,0.2,1.31188462871e-17,-0.871175678355,0.871175678355,0.871175678355
0.43249999999808136,692.0,0.000624999999997,0.2,1.79977560633e-17,-0.870996624746,0.870996624746,0.870996624746
0.4331249999980786,693.0,0.000624999999997,0.2,7.8062556419e-18,-0.870763917189,0.870763917189,0.870763917189
0.4337499999980758,694.0,0.000624999999997,0.2,9.75781955237e-19,-0.870477591544,0.870477591544,0.870477591544
0.43437499999807305,695.0,0.000624999999997,0.2,1.41488383509e-17,-0.870137686966,0.870137686966,0.870137686966
0.43499999999807026,696.0,0.000624999999997,0.2,5.42101086243e-18,-0.869744245898,0.869744245898,0.869744245898
0.4356249999980675,697.0,0.000624999999997,0.2,-8.13151629364e-18,-0.869297314069,0.869297314069,0.869297314069
0.4362499999980647,698.0,0.000624999999997,0.2,-2.56955914879e-17,-0.8689752918,0.868975291801,0.8689752918005
0.43687499999806195,699.0,0.000624999999997,0.2,1.34983170474e-17,-0.868957456669,0.868957456669,0.868957456669
0.43749999999805916,700.0,0.000624999999997,0.2,3.41523684333e-18,-0.868886028747,0.868886028747,0.868886028747
0.4381249999980564,701.0,0.000624999999997,0.2,-2.35813972516e-17,-0.868761033921,0.868761033922,0.8687610339215
0.43874999999805364,702.0,0.000624999999997,0.2,5.5836411883e-18,-0.868582501376,0.868582501376,0.868582501376
0.43937499999805085,703.0,0.000624999999997,0.2,-1.83772268236e-17,-0.868439005727,0.868439005728,0.8684390057275
0.43999999999804806,704.0,0.000624999999997,0.2,-6.07153216592e-18,-0.868421297298,0.868421297299,0.8684212972984999
0.44062499999804533,705.0,0.000624999999997,0.2,-1.11672823766e-17,-0.868350029099,0.8683500291,0.8683500290995001
0.44124999999804254,706.0,0.000624999999997,0.2,-3.19839640883e-18,-0.868225226996,0.868225226996,0.868225226996
0.44187499999803975,707.0,0.000624999999997,0.2,1.42572585682e-17,-0.868046920145,0.868046920145,0.868046920145
0.44249999999803696,708.0,0.000624999999997,0.2,3.34747420755e-18,-0.867903050372,0.867903050373,0.8679030503725
0.44312499999803423,709.0,0.000624999999997,0.2,4.77048955894e-18,-0.867885468496,0.867885468496,0.867885468496
0.44374999999803144,710.0,0.000624999999997,0.2,-1.74014448684e-17,-0.867814359851,0.867814359851,0.867814359851
0.44437499999802865,711.0,0.000624999999997,0.2,-1.62630325873e-17,-0.867689750279,0.867689750279,0.867689750279
0.4449999999980259,712.0,0.000624999999997,0.2,1.95698492134e-17,-0.867511668911,0.867511668912,0.8675116689115
0.44562499999802313,713.0,0.000624999999997,0.2,3.95733792957e-18,-0.867280148168,0.867280148169,0.8672801481685
0.44624999999802034,714.0,0.000624999999997,0.2,2.60886147754e-17,-0.866995223752,0.866995223752,0.866995223752
0.44687499999801755,715.0,0.000624999999997,0.2,3.63207727783e-18,-0.866656934643,0.866656934643,0.866656934643
0.4474999999980148,716.0,0.000624999999997,0.2,-1.31730563957e-17,-0.8662653231,0.866265323101,0.8662653231005
0.44812499999801203,717.0,0.000624999999997,0.2,-1.24683249836e-17,-0.865820434654,0.865820434654,0.865820434654
0.44874999999800924,718.0,0.000624999999997,0.2,-9.21571846613e-19,-0.865497402498,0.865497402498,0.865497402498
0.4493749999980065,719.0,0.000624999999997,0.2,-1.0679391399e-17,-0.865479894058,0.865479894059,0.8654798940585
0.4499999999980037,720.0,0.000624999999997,0.2,-1.1546753137e-17,-0.865409007203,0.865409007203,0.865409007203
0.45062499999800093,721.0,0.000624999999997,0.2,-6.23416249179e-18,-0.865284767701,0.865284767702,0.8652847677015001
0.4512499999979982,722.0,0.000624999999997,0.2,1.55040910665e-17,-0.865107204603,0.865107204604,0.8651072046035
0.4518749999979954,723.0,0.000624999999997,0.2,1.49077798717e-19,-0.864963262245,0.864963262245,0.864963262245
0.4524999999979926,724.0,0.000624999999997,0.2,2.37440275774e-17,-0.864945879843,0.864945879844,0.8649458798434999
0.45312499999798983,725.0,0.000624999999997,0.2,-1.84314369323e-17,-0.864875151915,0.864875151915,0.864875151915
0.4537499999979871,726.0,0.000624999999997,0.2,-4.77048955894e-18,-0.864751104207,0.864751104207,0.864751104207
0.4543749999979843,727.0,0.000624999999997,0.2,-2.49366499672e-18,-0.864573765743,0.864573765743,0.864573765743
0.4549999999979815,728.0,0.000624999999997,0.2,-1.64798730218e-17,-0.864429451387,0.864429451388,0.8644294513874999
0.4556249999979788,729.0,0.000624999999997,0.2,7.91467585914e-18,-0.864412194875,0.864412194875,0.864412194875
0.456249999997976,730.0,0.000624999999997,0.2,1.82145964978e-17,-0.864341625704,0.864341625704,0.864341625704
0.4568749999979732,731.0,0.000624999999997,0.2,9.98821251402e-18,-0.8642177696,0.8642177696,0.8642177696
0.4574999999979704,732.0,0.000624999999997,0.2,-2.98155597434e-18,-0.86404065556,0.864040655561,0.8640406555605
0.4581249999979677,733.0,0.000624999999997,0.2,7.95533344061e-18,-0.86381031586,0.863810315861,0.8638103158604999
0.4587499999979649,734.0,0.000624999999997,0.2,-1.68051336735e-18,-0.863526786043,0.863526786043,0.863526786043
0.4593749999979621,735.0,0.000624999999997,0.2,-4.44522890719e-18,-0.863190104918,0.863190104918,0.863190104918
0.4599999999979594,736.0,0.000624999999997,0.2,2.11419423635e-18,-0.862800314559,0.86280031456,0.8628003145595
0.4606249999979566,737.0,0.000624999999997,0.2,-3.03576608296e-18,-0.862357460299,0.862357460299,0.862357460299
0.4612499999979538,738.0,0.000624999999997,0.2,-6.66784336079e-18,-0.862033431494,0.862033431494,0.862033431494
0.46187499999795106,739.0,0.000624999999997,0.2,4.44522890719e-18,-0.862016247417,0.862016247417,0.862016247417
0.4624999999979483,740.0,0.000624999999997,0.2,3.68628738645e-18,-0.861945898443,0.861945898443,0.861945898443
0.4631249999979455,741.0,0.000624999999997,0.2,-2.33645568171e-17,-0.861822410221,0.861822410222,0.8618224102215
0.4637499999979427,742.0,0.000624999999997,0.2,-4.22838847269e-18,-0.861645811671,0.861645811672,0.8616458116715
0.46437499999793996,743.0,0.000624999999997,0.2,-1.95156391047e-18,-0.861501428476,0.861501428476,0.861501428476
0.4649999999979372,744.0,0.000624999999997,0.2,-3.80283911999e-17,-0.861484369776,0.861484369776,0.861484369776
0.4656249999979344,745.0,0.000624999999997,0.2,5.71916645986e-18,-0.861414178936,0.861414178936,0.861414178936
0.46624999999793165,746.0,0.000624999999997,0.2,-6.23416249179e-19,-0.861290881583,0.861290881584,0.8612908815835001
0.46687499999792886,747.0,0.000624999999997,0.2,4.17417836407e-18,-0.861114506612,0.861114506613,0.8611145066125
0.4674999999979261,748.0,0.000624999999997,0.2,1.35525271561e-18,-0.860969753535,0.860969753535,0.860969753535
0.4681249999979233,749.0,0.000624999999997,0.2,1.65340831304e-18,-0.860952820064,0.860952820064,0.860952820064
0.46874999999792055,750.0,0.000624999999997,0.2,2.18466737756e-17,-0.86088278719,0.86088278719,0.86088278719
0.46937499999791776,751.0,0.000624999999997,0.2,-3.46944695195e-18,-0.860759680518,0.860759680518,0.860759680518
0.469999999997915,752.0,0.000624999999997,0.2,1.22243794948e-17,-0.860583528917,0.860583528917,0.860583528917
0.47062499999791224,753.0,0.000624999999997,0.2,1.72117094882e-17,-0.860354364516,0.860354364516,0.860354364516
0.47124999999790945,754.0,0.000624999999997,0.2,-3.20381741969e-17,-0.860072222699,0.860072222699,0.860072222699
0.47187499999790666,755.0,0.000624999999997,0.2,1.5720931501e-17,-0.859737142107,0.859737142107,0.859737142107
0.4724999999979039,756.0,0.000624999999997,0.2,2.87313575709e-18,-0.859349164628,0.859349164629,0.8593491646285001
0.47312499999790114,757.0,0.000624999999997,0.2,-7.10152422978e-18,-0.858908335399,0.858908335399,0.858908335399
0.47374999999789835,758.0,0.000624999999997,0.2,2.42319185551e-17,-0.858583323092,0.858583323093,0.8585833230925
0.47437499999789556,759.0,0.000624999999997,0.2,2.13045726893e-17,-0.858566461063,0.858566461063,0.858566461063
0.47499999999789283,760.0,0.000624999999997,0.2,-8.07730618502e-18,-0.8584966468,0.8584966468,0.8584966468
0.47562499999789004,761.0,0.000624999999997,0.2,-9.54097911787e-18,-0.858373905836,0.858373905837,0.8583739058365001
0.47624999999788725,762.0,0.000624999999997,0.2,-9.89334482393e-18,-0.858198266959,0.858198266959,0.858198266959
0.4768749999978845,763.0,0.000624999999997,0.2,1.68051336735e-18,-0.858053448758,0.858053448758,0.858053448758
0.47749999999788173,764.0,0.000624999999997,0.2,5.5836411883e-18,-0.858036711448,0.858036711448,0.858036711448
0.47812499999787894,765.0,0.000624999999997,0.2,-1.89735380185e-18,-0.85796705453,0.857967054531,0.8579670545305
0.47874999999787615,766.0,0.000624999999997,0.2,6.76271105088e-18,-0.857844503516,0.857844503516,0.857844503516
0.4793749999978734,767.0,0.000624999999997,0.2,-2.59937470853e-17,-0.857669087166,0.857669087167,0.8576690871665
0.47999999999787063,768.0,0.000624999999997,0.2,-5.01443504775e-18,-0.857523901189,0.857523901189,0.857523901189
0.48062499999786784,769.0,0.000624999999997,0.2,1.00559751498e-17,-0.85750728845,0.85750728845,0.85750728845
0.4812499999978651,770.0,0.000624999999997,0.2,-1.70490791623e-17,-0.857437788711,0.857437788711,0.857437788711
0.4818749999978623,771.0,0.000624999999997,0.2,-1.19533289517e-17,-0.857315427458,0.857315427458,0.857315427458
0.48249999999785953,772.0,0.000624999999997,0.2,-7.83336069621e-18,-0.857140233429,0.857140233429,0.857140233429
0.48312499999785674,773.0,0.000624999999997,0.2,4.85180472187e-18,-0.856912238609,0.856912238609,0.856912238609
0.483749999997854,774.0,0.000624999999997,0.2,-1.50162000889e-17,-0.856631478225,0.856631478226,0.8566314782255
0.4843749999978512,775.0,0.000624999999997,0.2,-3.22550146314e-18,-0.856297990748,0.856297990748,0.856297990748
0.48499999999784843,776.0,0.000624999999997,0.2,-1.13976753383e-17,-0.855911817884,0.855911817884,0.855911817884
0.4856249999978457,777.0,0.000624999999997,0.2,-4.2636250433e-17,-0.855473004571,0.855473004571,0.855473004571
0.4862499999978429,778.0,0.000624999999997,0.2,2.31612689097e-17,-0.855147021821,0.855147021821,0.855147021821
0.4868749999978401,779.0,0.000624999999997,0.2,1.24683249836e-18,-0.855130479537,0.855130479537,0.855130479537
0.4874999999978374,780.0,0.000624999999997,0.2,1.87024874754e-18,-0.855061196833,0.855061196833,0.855061196833
0.4881249999978346,781.0,0.000624999999997,0.2,-3.65105081584e-17,-0.854939199124,0.854939199124,0.854939199124
0.4887499999978318,782.0,0.000624999999997,0.2,-6.04442711161e-18,-0.854764515066,0.854764515067,0.8547645150665
0.489374999997829,783.0,0.000624999999997,0.2,-1.41894959324e-17,-0.854619267654,0.854619267655,0.8546192676544999
0.4899999999978263,784.0,0.000624999999997,0.2,-8.72782748851e-18,-0.854602849434,0.854602849435,0.8546028494344999
0.4906249999978235,785.0,0.000624999999997,0.2,-2.15485181781e-17,-0.854533723291,0.854533723291,0.854533723291
0.4912499999978207,786.0,0.000624999999997,0.2,1.25631926737e-17,-0.854411914616,0.854411914616,0.854411914616
0.491874999997818,787.0,0.000624999999997,0.2,1.03541307472e-17,-0.854237452041,0.854237452041,0.854237452041
0.4924999999978152,788.0,0.000624999999997,0.2,1.81874914434e-17,-0.854091838945,0.854091838946,0.8540918389455
0.4931249999978124,789.0,0.000624999999997,0.2,-2.38524477947e-18,-0.854075544643,0.854075544643,0.854075544643
0.4937499999978096,790.0,0.000624999999997,0.2,-2.98155597434e-18,-0.854006574893,0.854006574893,0.854006574893
0.4943749999978069,791.0,0.000624999999997,0.2,-5.17706537362e-18,-0.853884955065,0.853884955066,0.8538849550655
0.4949999999978041,792.0,0.000624999999997,0.2,2.30392961653e-19,-0.853710713766,0.853710713766,0.853710713766
0.4956249999978013,793.0,0.000624999999997,0.2,6.17995238317e-18,-0.853483882836,0.853483882837,0.8534838828365
0.49624999999779856,794.0,0.000624999999997,0.2,2.30392961653e-19,-0.853204497349,0.853204497349,0.853204497349
0.4968749999977958,795.0,0.000624999999997,0.2,1.13841228111e-18,-0.852872595603,0.852872595603,0.852872595603
0.497499999997793,796.0,0.000624999999997,0.2,5.62429876977e-18,-0.852488219123,0.852488219123,0.852488219123
0.4981249999977902,797.0,0.000624999999997,0.2,2.98155597434e-19,-0.852051412652,0.852051412652,0.852051412652
0.49874999999778746,798.0,0.000624999999997,0.2,-1.29020058526e-17,-0.85172447243,0.85172447243,0.85172447243
0.4993749999977847,799.0,0.000624999999997,0.2,-1.04625509645e-17,-0.851708247602,0.851708247602,0.851708247602
0.4999999999977819,800.0,0.000624999999997,0.2,8.29414661951e-18,-0.851639493321,0.851639493321,0.851639493321
0.5006249999977791,801.0,0.000624999999997,0.2,2.58853268681e-18,-0.851518234884,0.851518234884,0.851518234884
0.5012499999977763,802.0,0.000624999999997,0.2,-2.21990394816e-17,-0.851344500818,0.851344500818,0.851344500818
0.5018749999977736,803.0,0.000624999999997,0.2,-2.34187669257e-17,-0.851198829948,0.851198829948,0.851198829948
0.5024999999977708,804.0,0.000624999999997,0.2,-1.55718537023e-17,-0.851182728533,0.851182728533,0.851182728533
0.503124999997768,805.0,0.000624999999997,0.2,-3.74049749507e-18,-0.851114130031,0.851114130031,0.851114130031
0.5037499999977653,806.0,0.000624999999997,0.2,-2.26462728778e-17,-0.850993059717,0.850993059717,0.850993059717
0.5043749999977625,807.0,0.000624999999997,0.2,1.07878116162e-17,-0.850819546092,0.850819546092,0.850819546092
0.5049999999977597,808.0,0.000624999999997,0.2,-2.64003229e-17,-0.850673511621,0.850673511622,0.8506735116215001
0.505624999997757,809.0,0.000624999999997,0.2,-2.95987193089e-17,-0.850657533473,0.850657533474,0.8506575334735
0.5062499999977542,810.0,0.000624999999997,0.2,-6.55942314354e-18,-0.850589090585,0.850589090585,0.850589090585
0.5068749999977514,811.0,0.000624999999997,0.2,-4.74338450462e-18,-0.850468208208,0.850468208208,0.850468208208
0.5074999999977486,812.0,0.000624999999997,0.2,1.76182853029e-17,-0.850294914819,0.850294914819,0.850294914819
0.5081249999977459,813.0,0.000624999999997,0.2,8.64651232557e-18,-0.850069242116,0.850069242117,0.8500692421164999
0.5087499999977431,814.0,0.000624999999997,0.2,-8.21283145658e-18,-0.849791225017,0.849791225017,0.849791225017
0.5093749999977403,815.0,0.000624999999997,0.2,-2.03830008427e-17,-0.849460901652,0.849460901652,0.849460901652
0.5099999999977376,816.0,0.000624999999997,0.2,1.58835618269e-17,-0.849078313364,0.849078313364,0.849078313364
0.5106249999977348,817.0,0.000624999999997,0.2,4.74338450462e-18,-0.848643504702,0.848643504702,0.848643504702
0.511249999997732,818.0,0.000624999999997,0.2,1.03270256929e-17,-0.848315619889,0.848315619889,0.848315619889
0.5118749999977292,819.0,0.000624999999997,0.2,1.33085816673e-17,-0.848299710242,0.848299710242,0.848299710242
0.5124999999977264,820.0,0.000624999999997,0.2,1.024571053e-17,-0.848231481264,0.848231481264,0.848231481264
0.5131249999977237,821.0,0.000624999999997,0.2,-2.23345647532e-17,-0.848110958137,0.848110958137,0.848110958137
0.5137499999977209,822.0,0.000624999999997,0.2,-2.54245409448e-17,-0.847938169257,0.847938169257,0.847938169257
0.5143749999977182,823.0,0.000624999999997,0.2,1.10724146865e-17,-0.847792080643,0.847792080643,0.847792080643
0.5149999999977154,824.0,0.000624999999997,0.2,2.38524477947e-18,-0.84777629376,0.847776293761,0.8477762937605
0.5156249999977126,825.0,0.000624999999997,0.2,1.30104260698e-17,-0.847708219784,0.847708219785,0.8477082197845001
0.5162499999977098,826.0,0.000624999999997,0.2,6.39679281766e-18,-0.847587883873,0.847587883873,0.847587883873
0.516874999997707,827.0,0.000624999999997,0.2,-7.10152422978e-18,-0.847415314398,0.847415314398,0.847415314398
0.5174999999977042,828.0,0.000624999999997,0.2,9.75781955237e-19,-0.847268864256,0.847268864256,0.847268864256
0.5181249999977015,829.0,0.000624999999997,0.2,-1.2414114875e-17,-0.847253199993,0.847253199993,0.847253199993
0.5187499999976988,830.0,0.000624999999997,0.2,1.20888542232e-17,-0.847185280853,0.847185280854,0.8471852808535001
0.519374999997696,831.0,0.000624999999997,0.2,-8.07730618502e-18,-0.847065131973,0.847065131973,0.847065131973
0.5199999999976932,832.0,0.000624999999997,0.2,-1.1980434006e-17,-0.846892781698,0.846892781699,0.8468927816984999
0.5206249999976904,833.0,0.000624999999997,0.2,-9.05308814025e-18,-0.846668261587,0.846668261587,0.846668261587
0.5212499999976876,834.0,0.000624999999997,0.2,3.25260651746e-18,-0.846391606399,0.846391606399,0.846391606399
0.5218749999976848,835.0,0.000624999999997,0.2,7.46744246299e-18,-0.846062854098,0.846062854098,0.846062854098
0.522499999997682,836.0,0.000624999999997,0.2,2.54787510534e-18,-0.845682045846,0.845682045846,0.845682045846
0.5231249999976794,837.0,0.000624999999997,0.2,-2.51534904017e-17,-0.845249225999,0.845249225999,0.845249225999
0.5237499999976766,838.0,0.000624999999997,0.2,1.79977560633e-17,-0.844920409389,0.844920409389,0.844920409389
0.5243749999976738,839.0,0.000624999999997,0.2,4.60785923306e-18,-0.84490481266,0.84490481266,0.84490481266
0.524999999997671,840.0,0.000624999999997,0.2,-2.11419423635e-18,-0.844837105883,0.844837105883,0.844837105883
0.5256249999976682,841.0,0.000624999999997,0.2,7.53520509877e-18,-0.844717314123,0.844717314123,0.844717314123
0.5262499999976654,842.0,0.000624999999997,0.2,5.47522097105e-18,-0.844545465646,0.844545465646,0.844545465646
0.5268749999976626,843.0,0.000624999999997,0.2,8.18572640227e-18,-0.844398964964,0.844398964964,0.844398964964
0.52749999999766,844.0,0.000624999999997,0.2,-1.08962318335e-17,-0.844383490355,0.844383490355,0.844383490355
0.5281249999976572,845.0,0.000624999999997,0.2,-1.50704101975e-17,-0.844315937806,0.844315937806,0.844315937806
0.5287499999976544,846.0,0.000624999999997,0.2,1.45825192199e-17,-0.844196332359,0.844196332359,0.844196332359
0.5293749999976516,847.0,0.000624999999997,0.2,-2.60208521397e-18,-0.844024702256,0.844024702256,0.844024702256
0.5299999999976488,848.0,0.000624999999997,0.2,-1.79977560633e-17,-0.843877842107,0.843877842107,0.843877842107
0.530624999997646,849.0,0.000624999999997,0.2,4.44522890719e-18,-0.843862489473,0.843862489473,0.843862489473
0.5312499999976433,850.0,0.000624999999997,0.2,-2.11419423635e-18,-0.843795090987,0.843795090987,0.843795090987
0.5318749999976405,851.0,0.000624999999997,0.2,-1.48535697631e-17,-0.843675671669,0.843675671669,0.843675671669
0.5324999999976378,852.0,0.000624999999997,0.2,-5.8004816228e-18,-0.843504259736,0.843504259737,0.8435042597365
0.533124999997635,853.0,0.000624999999997,0.2,4.93311988481e-18,-0.843280886605,0.843280886605,0.843280886605
0.5337499999976322,854.0,0.000624999999997,0.2,-3.7947076037e-18,-0.843005586881,0.843005586881,0.843005586881
0.5343749999976294,855.0,0.000624999999997,0.2,-1.95156391047e-18,-0.842678398361,0.842678398361,0.842678398361
0.5349999999976266,856.0,0.000624999999997,0.2,5.85469173142e-18,-0.842299362026,0.842299362026,0.842299362026
0.5356249999976239,857.0,0.000624999999997,0.2,-1.51788304148e-17,-0.84186852204,0.841868522041,0.8418685220405
0.5362499999976211,858.0,0.000624999999997,0.2,-2.10335221462e-17,-0.84153878634,0.84153878634,0.84153878634
0.5368749999976183,859.0,0.000624999999997,0.2,2.92734586571e-18,-0.84152350028,0.84152350028,0.84152350028
0.5374999999976156,860.0,0.000624999999997,0.2,1.22514845491e-17,-0.841456312618,0.841456312618,0.841456312618
0.5381249999976128,861.0,0.000624999999997,0.2,6.72205346941e-18,-0.841337248301,0.841337248301,0.841337248301
0.53874999999761,862.0,0.000624999999997,0.2,4.55364912444e-18,-0.841166335469,0.841166335469,0.841166335469
0.5393749999976072,863.0,0.000624999999997,0.2,-2.71050543121e-18,-0.841019428355,0.841019428355,0.841019428355
0.5399999999976045,864.0,0.000624999999997,0.2,-8.13151629364e-18,-0.841004263774,0.841004263774,0.841004263774
0.5406249999976017,865.0,0.000624999999997,0.2,5.94955942151e-18,-0.840937229568,0.840937229568,0.840937229568
0.5412499999975989,866.0,0.000624999999997,0.2,1.02999206386e-17,-0.840818350666,0.840818350666,0.840818350666
0.5418749999975961,867.0,0.000624999999997,0.2,-7.5894152074e-18,-0.840647655182,0.840647655182,0.840647655182
0.5424999999975934,868.0,0.000624999999997,0.2,1.68051336735e-17,-0.840500390651,0.840500390651,0.840500390651
0.5431249999975906,869.0,0.000624999999997,0.2,4.77048955894e-18,-0.840485347404,0.840485347404,0.840485347404
0.5437499999975878,870.0,0.000624999999997,0.2,7.1557343384e-18,-0.840418466493,0.840418466493,0.840418466493
0.5443749999975851,871.0,0.000624999999997,0.2,-1.21972744405e-19,-0.840299772822,0.840299772822,0.840299772822
0.5449999999975823,872.0,0.000624999999997,0.2,9.86623976962e-18,-0.840129294482,0.840129294482,0.840129294482
0.5456249999975795,873.0,0.000624999999997,0.2,4.77048955894e-18,-0.839907062747,0.839907062747,0.839907062747
0.5462499999975767,874.0,0.000624999999997,0.2,1.02999206386e-17,-0.839633112069,0.83963311207,0.8396331120695
0.5468749999975739,875.0,0.000624999999997,0.2,-7.3725747729e-18,-0.83930748008,0.83930748008,0.83930748008
0.5474999999975712,876.0,0.000624999999997,0.2,-3.90312782095e-18,-0.83893020758,0.83893020758,0.83893020758
0.5481249999975684,877.0,0.000624999999997,0.2,-1.07336015076e-17,-0.838501338542,0.838501338542,0.838501338542
0.5487499999975657,878.0,0.000624999999997,0.2,-1.35525271561e-17,-0.838170696371,0.838170696371,0.838170696371
0.5493749999975629,879.0,0.000624999999997,0.2,2.38524477947e-18,-0.838155718744,0.838155718744,0.838155718744
0.5499999999975601,880.0,0.000624999999997,0.2,-4.0115480382e-18,-0.838089047125,0.838089047125,0.838089047125
0.5506249999975573,881.0,0.000624999999997,0.2,-6.17995238317e-18,-0.837970706349,0.837970706349,0.837970706349
0.5512499999975545,882.0,0.000624999999997,0.2,2.03830008427e-17,-0.837800724426,0.837800724426,0.837800724426
0.5518749999975517,883.0,0.000624999999997,0.2,7.5894152074e-19,-0.837653416478,0.837653416478,0.837653416478
0.552499999997549,884.0,0.000624999999997,0.2,-1.36609473733e-17,-0.837638559691,0.837638559691,0.837638559691
0.5531249999975463,885.0,0.000624999999997,0.2,-1.63714528045e-17,-0.837572040763,0.837572040763,0.837572040763
0.5537499999975435,886.0,0.000624999999997,0.2,8.34835672814e-18,-0.837453884507,0.837453884507,0.837453884507
0.5543749999975407,887.0,0.000624999999997,0.2,3.64291929955e-17,-0.83728411891,0.83728411891,0.83728411891
0.5549999999975379,888.0,0.000624999999997,0.2,2.91650384399e-17,-0.837136455586,0.837136455586,0.837136455586
0.5556249999975351,889.0,0.000624999999997,0.2,8.23993651089e-18,-0.837121719494,0.837121719495,0.8371217194945
0.5562499999975323,890.0,0.000624999999997,0.2,-1.51720541512e-17,-0.837055353095,0.837055353095,0.837055353095
0.5568749999975297,891.0,0.000624999999997,0.2,3.36102673471e-18,-0.836937381177,0.836937381177,0.836937381177
0.5574999999975269,892.0,0.000624999999997,0.2,-3.4477629085e-17,-0.836767831703,0.836767831703,0.836767831703
0.5581249999975241,893.0,0.000624999999997,0.2,-1.58293517183e-17,-0.836546735806,0.836546735807,0.8365467358065
0.5587499999975213,894.0,0.000624999999997,0.2,-1.62630325873e-18,-0.836274127788,0.836274127788,0.836274127788
0.5593749999975185,895.0,0.000624999999997,0.2,-2.1792463667e-17,-0.835950045111,0.835950045111,0.835950045111
0.5599999999975157,896.0,0.000624999999997,0.2,3.5778671692e-18,-0.8355745284,0.8355745284,0.8355745284
0.5606249999975129,897.0,0.000624999999997,0.2,-1.17093834628e-17,-0.835147621435,0.835147621435,0.835147621435
0.5612499999975102,898.0,0.000624999999997,0.2,1.26919416817e-17,-0.834816085327,0.834816085328,0.8348160853275
0.5618749999975075,899.0,0.000624999999997,0.2,1.36609473733e-17,-0.83480141391,0.83480141391,0.83480141391
0.5624999999975047,900.0,0.000624999999997,0.2,-2.92734586571e-18,-0.834735255281,0.834735255281,0.834735255281
0.5631249999975019,901.0,0.000624999999997,0.2,-1.30104260698e-17,-0.834617634161,0.834617634161,0.834617634161
0.5637499999974991,902.0,0.000624999999997,0.2,-1.05167610731e-17,-0.834448578434,0.834448578434,0.834448578434
0.5643749999974963,903.0,0.000624999999997,0.2,2.59124319224e-17,-0.834300875213,0.834300875213,0.834300875213
0.5649999999974935,904.0,0.000624999999997,0.2,2.26598254049e-17,-0.834286323999,0.834286323999,0.834286323999
0.5656249999974908,905.0,0.000624999999997,0.2,-2.60208521397e-18,-0.834220317299,0.834220317299,0.834220317299
0.566249999997488,906.0,0.000624999999997,0.2,-5.42101086243e-18,-0.834102879809,0.834102879809,0.834102879809
0.5668749999974853,907.0,0.000624999999997,0.2,1.18178036801e-17,-0.83393403939,0.83393403939,0.83393403939
0.5674999999974825,908.0,0.000624999999997,0.2,-1.07336015076e-17,-0.833785982822,0.833785982822,0.833785982822
0.5681249999974797,909.0,0.000624999999997,0.2,-1.82145964978e-17,-0.83377155167,0.83377155167,0.83377155167
0.5687499999974769,910.0,0.000624999999997,0.2,-2.82976767019e-17,-0.833705696736,0.833705696736,0.833705696736
0.5693749999974741,911.0,0.000624999999997,0.2,2.16840434497e-18,-0.833588442695,0.833588442695,0.833588442695
0.5699999999974714,912.0,0.000624999999997,0.2,9.97465998687e-18,-0.833419817383,0.833419817383,0.833419817383
0.5706249999974686,913.0,0.000624999999997,0.2,-2.49366499672e-17,-0.833199851794,0.833199851794,0.833199851794
0.5712499999974658,914.0,0.000624999999997,0.2,-4.0115480382e-18,-0.832928580076,0.832928580076,0.832928580076
0.571874999997463,915.0,0.000624999999997,0.2,-9.64939933512e-18,-0.832606039527,0.832606039528,0.8326060395275
0.5724999999974603,916.0,0.000624999999997,0.2,9.86623976962e-18,-0.832232270595,0.832232270595,0.832232270595
0.5731249999974575,917.0,0.000624999999997,0.2,1.29020058526e-17,-0.831807316869,0.831807316869,0.831807316869
0.5737499999974547,918.0,0.000624999999997,0.2,2.59124319224e-17,-0.831474899273,0.831474899273,0.831474899273
0.574374999997452,919.0,0.000624999999997,0.2,1.49619899803e-17,-0.831460531853,0.831460531853,0.831460531853
0.5749999999974492,920.0,0.000624999999997,0.2,-7.3725747729e-18,-0.831394883177,0.831394883177,0.831394883177
0.5756249999974464,921.0,0.000624999999997,0.2,-7.5894152074e-19,-0.831277977849,0.831277977849,0.831277977849
0.5762499999974436,922.0,0.000624999999997,0.2,1.08420217249e-19,-0.831109843627,0.831109843627,0.831109843627
0.5768749999974409,923.0,0.000624999999997,0.2,-9.43255890062e-18,-0.830961750655,0.830961750655,0.830961750655
0.5774999999974381,924.0,0.000624999999997,0.2,5.42101086243e-19,-0.830947502807,0.830947502807,0.830947502807
0.5781249999974353,925.0,0.000624999999997,0.2,-1.20346441146e-17,-0.8308820053,0.8308820053,0.8308820053
0.5787499999974326,926.0,0.000624999999997,0.2,-4.11996825544e-18,-0.830765282717,0.830765282717,0.830765282717
0.5793749999974298,927.0,0.000624999999997,0.2,1.19262238973e-18,-0.830597362791,0.830597362791,0.830597362791
0.579999999997427,928.0,0.000624999999997,0.2,-1.73472347598e-18,-0.83044891849,0.83044891849,0.83044891849
0.5806249999974242,929.0,0.000624999999997,0.2,3.14418630021e-18,-0.830434790073,0.830434790073,0.830434790073
0.5812499999974214,930.0,0.000624999999997,0.2,-3.14418630021e-18,-0.830369443573,0.830369443574,0.8303694435735001
0.5818749999974187,931.0,0.000624999999997,0.2,-6.93889390391e-18,-0.830252903554,0.830252903554,0.830252903554
0.582499999997416,932.0,0.000624999999997,0.2,-1.75640751943e-17,-0.830085197723,0.830085197724,0.8300851977235
0.5831249999974132,933.0,0.000624999999997,0.2,-9.10729824888e-18,-0.829866356937,0.829866356937,0.829866356937
0.5837499999974104,934.0,0.000624999999997,0.2,5.31259064518e-18,-0.82959641519,0.82959641519,0.82959641519
0.5843749999974076,935.0,0.000624999999997,0.2,5.96311194867e-18,-0.829275409618,0.829275409618,0.829275409618
0.5849999999974048,936.0,0.000624999999997,0.2,-3.25260651746e-18,-0.82890338049,0.82890338049,0.82890338049
0.585624999997402,937.0,0.000624999999997,0.2,-9.32413868338e-18,-0.828480371207,0.828480371207,0.828480371207
0.5862499999973992,938.0,0.000624999999997,0.2,-7.5894152074e-18,-0.828147084485,0.828147084485,0.828147084485
0.5868749999973966,939.0,0.000624999999997,0.2,1.07336015076e-17,-0.828133018866,0.828133018866,0.828133018866
0.5874999999973938,940.0,0.000624999999997,0.2,1.69135538908e-17,-0.82806787712,0.82806787712,0.82806787712
0.588124999997391,941.0,0.000624999999997,0.2,3.7947076037e-18,-0.82795168374,0.82795168374,0.82795168374
0.5887499999973882,942.0,0.000624999999997,0.2,6.61363325216e-18,-0.827784466356,0.827784466356,0.827784466356
0.5893749999973854,943.0,0.000624999999997,0.2,-3.46944695195e-18,-0.827635989116,0.827635989116,0.827635989116
0.5899999999973826,944.0,0.000624999999997,0.2,-6.07153216592e-18,-0.82762204244,0.82762204244,0.82762204244
0.5906249999973798,945.0,0.000624999999997,0.2,-4.0115480382e-18,-0.827557051108,0.827557051108,0.827557051108
0.5912499999973772,946.0,0.000624999999997,0.2,1.10588621594e-17,-0.827441039591,0.827441039591,0.827441039591
0.5918749999973744,947.0,0.000624999999997,0.2,4.11996825544e-18,-0.827274035495,0.827274035495,0.827274035495
0.5924999999973716,948.0,0.000624999999997,0.2,9.54097911787e-18,-0.827125208935,0.827125208935,0.827125208935
0.5931249999973688,949.0,0.000624999999997,0.2,2.81892564846e-18,-0.82711138106,0.82711138106,0.82711138106
0.593749999997366,950.0,0.000624999999997,0.2,-8.67361737988e-19,-0.827046539981,0.827046539981,0.827046539981
0.5943749999973632,951.0,0.000624999999997,0.2,-3.7947076037e-18,-0.826930710147,0.826930710147,0.826930710147
0.5949999999973604,952.0,0.000624999999997,0.2,-1.95156391047e-18,-0.826763919139,0.826763919139,0.826763919139
0.5956249999973577,953.0,0.000624999999997,0.2,-4.77048955894e-18,-0.826546197676,0.826546197676,0.826546197676
0.596249999997355,954.0,0.000624999999997,0.2,-1.05167610731e-17,-0.826277579601,0.826277579601,0.826277579601
0.5968749999973522,955.0,0.000624999999997,0.2,1.86482773668e-17,-0.825958101886,0.825958101886,0.825958101886
0.5974999999973494,956.0,0.000624999999997,0.2,-3.7947076037e-18,-0.825587804624,0.825587804624,0.825587804624
0.5981249999973466,957.0,0.000624999999997,0.2,1.35525271561e-17,-0.825166731028,0.825166731028,0.825166731028
0.5987499999973438,958.0,0.000624999999997,0.2,-1.31188462871e-17,-0.824832587457,0.824832587457,0.824832587457
0.599374999997341,959.0,0.000624999999997,0.2,2.56955914879e-17,-0.824818821454,0.824818821454,0.824818821454
0.5999999999973383,960.0,0.000624999999997,0.2,1.09504419421e-17,-0.824754183634,0.824754183634,0.824754183634
0.6006249999973355,961.0,0.000624999999997,0.2,1.11672823766e-17,-0.824638698375,0.824638698375,0.824638698375
0.6012499999973328,962.0,0.000624999999997,0.2,-1.8323016715e-17,-0.824472393184,0.824472393184,0.824472393184
0.60187499999733,963.0,0.000624999999997,0.2,2.49027686493e-18,-0.824323537123,0.824323537123,0.824323537123
0.6024999999973272,964.0,0.000624999999997,0.2,5.31259064518e-18,-0.824309889436,0.824309889437,0.8243098894365
0.6031249999973244,965.0,0.000624999999997,0.2,3.14418630021e-18,-0.824245401278,0.824245401278,0.824245401278
0.6037499999973217,966.0,0.000624999999997,0.2,-2.02745806255e-17,-0.824130097005,0.824130097005,0.824130097005
0.6043749999973189,967.0,0.000624999999997,0.2,-5.85469173142e-18,-0.823964004099,0.823964004099,0.823964004099
0.6049999999973161,968.0,0.000624999999997,0.2,-1.35525271561e-17,-0.823814800715,0.823814800715,0.823814800715
0.6056249999973133,969.0,0.000624999999997,0.2,5.85469173142e-18,-0.823801271204,0.823801271205,0.8238012712045
0.6062499999973106,970.0,0.000624999999997,0.2,-1.69135538908e-17,-0.823736932548,0.823736932548,0.823736932548
0.6068749999973078,971.0,0.000624999999997,0.2,-1.49619899803e-17,-0.823621809081,0.823621809081,0.823621809081
0.607499999997305,972.0,0.000624999999997,0.2,5.42101086243e-19,-0.823455928261,0.823455928261,0.823455928261
0.6081249999973023,973.0,0.000624999999997,0.2,-1.08420217249e-18,-0.823239320667,0.823239320667,0.823239320667
0.6087499999972995,974.0,0.000624999999997,0.2,-1.11672823766e-17,-0.822972019993,0.822972019993,0.822972019993
0.6093749999972967,975.0,0.000624999999997,0.2,1.51788304148e-18,-0.822654063048,0.822654063048,0.822654063048
0.6099999999972939,976.0,0.000624999999997,0.2,-6.50521303491e-18,-0.82228548975,0.82228548975,0.82228548975
0.6106249999972911,977.0,0.000624999999997,0.2,2.16840434497e-18,-0.821866343123,0.821866343123,0.821866343123
0.6112499999972884,978.0,0.000624999999997,0.2,8.23993651089e-18,-0.821531354898,0.821531354898,0.821531354898
0.6118749999972856,979.0,0.000624999999997,0.2,2.37440275774e-17,-0.821517886338,0.821517886338,0.821517886338
0.6124999999972829,980.0,0.000624999999997,0.2,-2.29850860567e-17,-0.821453749453,0.821453749453,0.821453749453
0.6131249999972801,981.0,0.000624999999997,0.2,-9.43340593357e-18,-0.82133896851,0.82133896851,0.82133896851
0.6137499999972773,982.0,0.000624999999997,0.2,4.44522890719e-18,-0.82117357089,0.82117357089,0.82117357089
0.6143749999972745,983.0,0.000624999999997,0.2,1.38777878078e-17,-0.821024341416,0.821024341416,0.821024341416
0.6149999999972717,984.0,0.000624999999997,0.2,7.1557343384e-18,-0.821010990549,0.82101099055,0.8210109905495
0.6156249999972689,985.0,0.000624999999997,0.2,1.01915004214e-17,-0.820947002578,0.820947002578,0.820947002578
0.6162499999972662,986.0,0.000624999999997,0.2,1.45283091113e-17,-0.820832401747,0.820832401747,0.820832401747
0.6168749999972635,987.0,0.000624999999997,0.2,1.95156391047e-17,-0.820667215413,0.820667215413,0.820667215413
0.6174999999972607,988.0,0.000624999999997,0.2,-1.27935856353e-17,-0.820517640604,0.820517640604,0.820517640604
0.6181249999972579,989.0,0.000624999999997,0.2,5.96311194867e-18,-0.820504407292,0.820504407292,0.820504407292
0.6187499999972551,990.0,0.000624999999997,0.2,1.50704101975e-17,-0.820440568075,0.820440568075,0.820440568075
0.6193749999972523,991.0,0.000624999999997,0.2,1.26851654181e-17,-0.820326147177,0.820326147177,0.820326147177
0.6199999999972495,992.0,0.000624999999997,0.2,-7.5894152074e-19,-0.820161171931,0.820161171931,0.820161171931
0.6206249999972467,993.0,0.000624999999997,0.2,8.99887803163e-18,-0.819945672779,0.819945672779,0.819945672779
0.6212499999972441,994.0,0.000624999999997,0.2,-1.30100025534e-17,-0.819679683265,0.819679683265,0.819679683265
0.6218749999972413,995.0,0.000624999999997,0.2,2.67797936604e-17,-0.819363240035,0.819363240035,0.819363240035
0.6224999999972385,996.0,0.000624999999997,0.2,-1.23599047663e-17,-0.818996382834,0.818996382834,0.818996382834
0.6231249999972357,997.0,0.000624999999997,0.2,-1.08420217249e-17,-0.818579154498,0.818579154498,0.818579154498
0.6237499999972329,998.0,0.000624999999997,0.2,1.17093834628e-17,-0.818243333728,0.818243333728,0.818243333728
0.6243749999972301,999.0,0.000624999999997,0.2,2.05998412772e-17,-0.818230160451,0.818230160451,0.818230160451
0.6249999999972273,1000.0,0.000624999999997,0.2,-4.66206934169e-18,-0.818166521527,0.818166521527,0.818166521527
0.6256249999972247,1001.0,0.000624999999997,0.2,-7.91467585914e-18,-0.818052441113,0.818052441113,0.818052441113
0.6262499999972219,1002.0,0.000624999999997,0.2,1.48535697631e-17,-0.817887946463,0.817887946463,0.817887946463
0.6268749999972191,1003.0,0.000624999999997,0.2,2.71050543121e-18,-0.817738348948,0.817738348948,0.817738348948
0.6274999999972163,1004.0,0.000624999999997,0.2,1.00830802041e-17,-0.817725292745,0.817725292745,0.817725292745
0.6281249999972135,1005.0,0.000624999999997,0.2,-1.95156391047e-17,-0.817661801991,0.817661801991,0.817661801991
0.6287499999972107,1006.0,0.000624999999997,0.2,4.98732999343e-18,-0.817547900819,0.817547900819,0.817547900819
0.629374999997208,1007.0,0.000624999999997,0.2,1.48535697631e-17,-0.817383616461,0.817383616461,0.817383616461
0.6299999999972052,1008.0,0.000624999999997,0.2,1.73472347598e-17,-0.817233675589,0.817233675589,0.817233675589
0.6306249999972025,1009.0,0.000624999999997,0.2,-6.61363325216e-18,-0.81722073632,0.817220736321,0.8172207363205
0.6312499999971997,1010.0,0.000624999999997,0.2,1.62630325873e-17,-0.817157393577,0.817157393577,0.817157393577
0.6318749999971969,1011.0,0.000624999999997,0.2,-1.08420217249e-18,-0.817043671469,0.817043671469,0.817043671469
0.6324999999971941,1012.0,0.000624999999997,0.2,1.08420217249e-17,-0.816879597207,0.816879597207,0.816879597207
0.6331249999971913,1013.0,0.000624999999997,0.2,1.15992691797e-17,-0.816665201094,0.816665201094,0.816665201094
0.6337499999971886,1014.0,0.000624999999997,0.2,9.54097911787e-18,-0.816400516527,0.816400516527,0.816400516527
0.6343749999971858,1015.0,0.000624999999997,0.2,5.74627151417e-18,-0.81608557999,0.81608557999,0.81608557999
0.634999999997183,1016.0,0.000624999999997,0.2,-1.31188462871e-17,-0.815720431054,0.815720431054,0.815720431054
0.6356249999971803,1017.0,0.000624999999997,0.2,9.10729824888e-18,-0.815305112369,0.815305112369,0.815305112369
0.6362499999971775,1018.0,0.000624999999997,0.2,-1.24683249836e-17,-0.81496847108,0.81496847108,0.81496847108
0.6368749999971747,1019.0,0.000624999999997,0.2,1.38777878078e-17,-0.814955590938,0.814955590938,0.814955590938
0.6374999999971719,1020.0,0.000624999999997,0.2,1.14925430283e-17,-0.814892447019,0.814892447019,0.814892447019
0.6381249999971692,1021.0,0.000624999999997,0.2,2.66713734431e-17,-0.814779063364,0.814779063364,0.814779063364
0.6387499999971664,1022.0,0.000624999999997,0.2,1.50704101975e-17,-0.814615467107,0.814615467107,0.814615467107
0.6393749999971636,1023.0,0.000624999999997,0.2,5.20417042793e-18,-0.814465506886,0.814465506886,0.814465506886
0.6399999999971608,1024.0,0.000624999999997,0.2,-8.13151629364e-18,-0.814452743202,0.814452743202,0.814452743202
0.640624999997158,1025.0,0.000624999999997,0.2,-8.34835672814e-18,-0.814389746711,0.814389746711,0.814389746711
0.6412499999971553,1026.0,0.000624999999997,0.2,1.62630325873e-18,-0.814276541433,0.814276541433,0.814276541433
0.6418749999971525,1027.0,0.000624999999997,0.2,9.32413868338e-18,-0.814113154479,0.814113154479,0.814113154479
0.6424999999971498,1028.0,0.000624999999997,0.2,-3.4477629085e-17,-0.813962852867,0.813962852867,0.813962852867
0.643124999997147,1029.0,0.000624999999997,0.2,-7.3725747729e-18,-0.813950205502,0.813950205502,0.813950205502
0.6437499999971442,1030.0,0.000624999999997,0.2,-9.75781955237e-18,-0.81388735628,0.81388735628,0.81388735628
0.6443749999971414,1031.0,0.000624999999997,0.2,-1.19262238973e-18,-0.813774329203,0.813774329203,0.813774329203
0.6449999999971386,1032.0,0.000624999999997,0.2,-8.34835672814e-18,-0.813611151355,0.813611151355,0.813611151355
0.6456249999971359,1033.0,0.000624999999997,0.2,2.38524477947e-18,-0.813397852905,0.813397852905,0.813397852905
0.6462499999971331,1034.0,0.000624999999997,0.2,-1.94072188875e-17,-0.813134467101,0.813134467101,0.813134467101
0.6468749999971304,1035.0,0.000624999999997,0.2,1.37693675906e-17,-0.812821030267,0.812821030267,0.812821030267
0.6474999999971276,1036.0,0.000624999999997,0.2,-2.05998412772e-17,-0.812457581799,0.812457581799,0.812457581799
0.6481249999971248,1037.0,0.000624999999997,0.2,-1.40946282423e-18,-0.812044164163,0.812044164163,0.812044164163
0.648749999997122,1038.0,0.000624999999997,0.2,-1.7021974108e-17,-0.811706714299,0.811706714299,0.811706714299
0.6493749999971192,1039.0,0.000624999999997,0.2,-8.56519716264e-18,-0.811694125158,0.811694125158,0.811694125158
0.6499999999971164,1040.0,0.000624999999997,0.2,1.35525271561e-17,-0.8116314733,0.8116314733,0.8116314733
0.6506249999971137,1041.0,0.000624999999997,0.2,-1.73472347598e-18,-0.811518782656,0.811518782656,0.811518782656
0.651249999997111,1042.0,0.000624999999997,0.2,5.09575021068e-18,-0.811356080236,0.811356080236,0.811356080236
0.6518749999971082,1043.0,0.000624999999997,0.2,2.43945488809e-17,-0.811205762607,0.811205762607,0.811205762607
0.6524999999971054,1044.0,0.000624999999997,0.2,4.77048955894e-18,-0.81119328931,0.81119328931,0.81119328931
0.6531249999971026,1045.0,0.000624999999997,0.2,5.74627151417e-18,-0.811130784142,0.811130784142,0.811130784142
0.6537499999970998,1046.0,0.000624999999997,0.2,-2.05998412772e-18,-0.811018271014,0.811018271014,0.811018271014
0.654374999997097,1047.0,0.000624999999997,0.2,-9.97465998687e-18,-0.810855776912,0.810855776912,0.810855776912
0.6549999999970944,1048.0,0.000624999999997,0.2,-3.36102673471e-18,-0.810705119849,0.810705119849,0.810705119849
0.6556249999970916,1049.0,0.000624999999997,0.2,-4.12674451902e-18,-0.810692762258,0.810692762258,0.810692762258
0.6562499999970888,1050.0,0.000624999999997,0.2,2.71050543121e-18,-0.810630403623,0.810630403623,0.810630403623
0.656874999997086,1051.0,0.000624999999997,0.2,6.72205346941e-18,-0.810518067835,0.810518067835,0.810518067835
0.6574999999970832,1052.0,0.000624999999997,0.2,0.0,-0.810355781855,0.810355781856,0.8103557818555001
0.6581249999970804,1053.0,0.000624999999997,0.2,-9.75781955237e-18,-0.810143575717,0.810143575717,0.810143575717
0.6587499999970776,1054.0,0.000624999999997,0.2,2.38524477947e-18,-0.809881482521,0.809881482521,0.809881482521
0.6593749999970749,1055.0,0.000624999999997,0.2,-7.1557343384e-18,-0.80956953843,0.80956953843,0.80956953843
0.6599999999970722,1056.0,0.000624999999997,0.2,8.45677694539e-18,-0.809207782669,0.809207782669,0.809207782669
0.6606249999970694,1057.0,0.000624999999997,0.2,-1.51788304148e-18,-0.808796257519,0.808796257519,0.808796257519
0.6612499999970666,1058.0,0.000624999999997,0.2,1.09504419421e-17,-0.80845801094,0.80845801094,0.80845801094
0.6618749999970638,1059.0,0.000624999999997,0.2,-5.52943107968e-18,-0.808445710677,0.808445710677,0.808445710677
0.662499999997061,1060.0,0.000624999999997,0.2,-6.39679281766e-18,-0.808383547954,0.808383547954,0.808383547954
0.6631249999970582,1061.0,0.000624999999997,0.2,2.71050543121e-18,-0.80827154659,0.80827154659,0.80827154659
0.6637499999970555,1062.0,0.000624999999997,0.2,4.55364912444e-18,-0.808109733474,0.808109733474,0.808109733474
0.6643749999970527,1063.0,0.000624999999997,0.2,-1.40946282423e-18,-0.807959063698,0.807959063698,0.807959063698
0.66499999999705,1064.0,0.000624999999997,0.2,-6.39001655409e-18,-0.807946878669,0.807946878669,0.807946878669
0.6656249999970472,1065.0,0.000624999999997,0.2,1.07336015076e-17,-0.807884861902,0.807884861902,0.807884861902
0.6662499999970444,1066.0,0.000624999999997,0.2,-7.5894152074e-19,-0.807773037197,0.807773037197,0.807773037197
0.6668749999970416,1067.0,0.000624999999997,0.2,5.09575021068e-18,-0.807611431418,0.807611431418,0.807611431418
0.6674999999970388,1068.0,0.000624999999997,0.2,-2.16840434497e-19,-0.807460424154,0.807460424154,0.807460424154
0.6681249999970361,1069.0,0.000624999999997,0.2,4.66206934169e-18,-0.807448354221,0.807448354221,0.807448354221
0.6687499999970333,1070.0,0.000624999999997,0.2,1.59377719355e-17,-0.807386483254,0.807386483254,0.807386483254
0.6693749999970305,1071.0,0.000624999999997,0.2,5.96311194867e-18,-0.807274835032,0.807274835032,0.807274835032
0.6699999999970278,1072.0,0.000624999999997,0.2,2.16840434497e-18,-0.807113436396,0.807113436396,0.807113436396
0.670624999997025,1073.0,0.000624999999997,0.2,9.64262307154e-18,-0.806902317244,0.806902317244,0.806902317244
0.6712499999970222,1074.0,0.000624999999997,0.2,1.06251812904e-17,-0.806641510528,0.806641510528,0.806641510528
0.6718749999970194,1075.0,0.000624999999997,0.2,-4.33680868994e-19,-0.806331052253,0.806331052254,0.8063310522535
0.6724999999970167,1076.0,0.000624999999997,0.2,-5.96311194867e-18,-0.805970981473,0.805970981473,0.805970981473
0.6731249999970139,1077.0,0.000624999999997,0.2,3.68628738645e-18,-0.805561340284,0.805561340284,0.805561340284
0.6737499999970111,1078.0,0.000624999999997,0.2,3.25260651746e-18,-0.805222308769,0.805222308769,0.805222308769
0.6743749999970083,1079.0,0.000624999999997,0.2,-1.36609473733e-17,-0.805210295274,0.805210295274,0.805210295274
0.6749999999970056,1080.0,0.000624999999997,0.2,7.91467585914e-18,-0.805148618774,0.805148618774,0.805148618774
0.6756249999970028,1081.0,0.000624999999997,0.2,-1.04083408559e-17,-0.805037302979,0.805037302979,0.805037302979
0.676249999997,1082.0,0.000624999999997,0.2,1.09504419421e-17,-0.804876374655,0.804876374655,0.804876374655
0.6768749999969973,1083.0,0.000624999999997,0.2,1.29020058526e-17,-0.804725357958,0.804725357958,0.804725357958
0.6774999999969945,1084.0,0.000624999999997,0.2,-6.72205346941e-18,-0.804713459089,0.804713459089,0.804713459089
0.6781249999969917,1085.0,0.000624999999997,0.2,1.40946282423e-18,-0.804651927815,0.804651927815,0.804651927815
0.6787499999969889,1086.0,0.000624999999997,0.2,6.43745039913e-19,-0.804540787825,0.804540787825,0.804540787825
0.6793749999969861,1087.0,0.000624999999997,0.2,-4.22838847269e-18,-0.804380065862,0.804380065862,0.804380065862
0.6799999999969834,1088.0,0.000624999999997,0.2,5.74627151417e-18,-0.804228713613,0.804228713613,0.804228713613
0.6806249999969807,1089.0,0.000624999999997,0.2,3.10081821331e-17,-0.804216929233,0.804216929233,0.804216929233
0.6812499999969779,1090.0,0.000624999999997,0.2,-5.42101086243e-20,-0.804155543029,0.804155543029,0.804155543029
0.6818749999969751,1091.0,0.000624999999997,0.2,2.05998412772e-18,-0.804044578671,0.804044578671,0.804044578671
0.6824999999969723,1092.0,0.000624999999997,0.2,-2.27682456222e-18,-0.803884062876,0.803884062876,0.803884062876
0.6831249999969695,1093.0,0.000624999999997,0.2,-9.26992857475e-18,-0.803674025409,0.803674025409,0.803674025409
0.6837499999969667,1094.0,0.000624999999997,0.2,5.63785129692e-18,-0.803414499075,0.803414499075,0.803414499075
0.6843749999969639,1095.0,0.000624999999997,0.2,5.3668007538e-18,-0.803105519721,0.803105519721,0.803105519721
0.6849999999969613,1096.0,0.000624999999997,0.2,8.51098705401e-18,-0.802747126229,0.802747126229,0.802747126229
0.6856249999969585,1097.0,0.000624999999997,0.2,-9.378348792e-18,-0.802339360513,0.802339360513,0.802339360513
0.6862499999969557,1098.0,0.000624999999997,0.2,5.8004816228e-18,-0.80199955576,0.801999555759,0.8019995557595
0.6868749999969529,1099.0,0.000624999999997,0.2,-4.93311988481e-18,-0.801987826935,0.801987826935,0.801987826935
0.6874999999969501,1100.0,0.000624999999997,0.2,7.96888596777e-18,-0.801926633763,0.801926633762,0.8019266337625
0.6881249999969473,1101.0,0.000624999999997,0.2,5.63785129692e-18,-0.801815999844,0.801815999844,0.801815999844
0.6887499999969445,1102.0,0.000624999999997,0.2,9.92044987824e-18,-0.801655951821,0.801655951821,0.801655951821
0.6893749999969419,1103.0,0.000624999999997,0.2,1.67509235649e-17,-0.801504593391,0.801504593391,0.801504593391
0.6899999999969391,1104.0,0.000624999999997,0.2,-2.10335221462e-17,-0.801492978588,0.801492978588,0.801492978588
0.6906249999969363,1105.0,0.000624999999997,0.2,-2.71050543121e-18,-0.801431929914,0.801431929914,0.801431929914
0.6912499999969335,1106.0,0.000624999999997,0.2,0.0,-0.801321470952,0.801321470952,0.801321470952
0.6918749999969307,1107.0,0.000624999999997,0.2,-1.13299127025e-17,-0.80116162832,0.80116162832,0.80116162832
0.6924999999969279,1108.0,0.000624999999997,0.2,-3.03576608296e-18,-0.801009936263,0.801009936263,0.801009936263
0.6931249999969251,1109.0,0.000624999999997,0.2,1.59377719355e-17,-0.800998435345,0.800998435345,0.800998435345
0.6937499999969224,1110.0,0.000624999999997,0.2,-2.81892564846e-17,-0.800937531016,0.800937531016,0.800937531016
0.6943749999969197,1111.0,0.000624999999997,0.2,-4.87890977618e-19,-0.800827246836,0.800827246836,0.800827246836
0.6949999999969169,1112.0,0.000624999999997,0.2,-1.43656787854e-17,-0.800667609401,0.800667609401,0.800667609401
0.6956249999969141,1113.0,0.000624999999997,0.2,2.99781900692e-17,-0.800458648342,0.800458648342,0.800458648342
0.6962499999969113,1114.0,0.000624999999997,0.2,5.52943107968e-18,-0.80020039632,0.80020039632,0.80020039632
0.6968749999969085,1115.0,0.000624999999997,0.2,2.54787510534e-17,-0.799892889023,0.799892889023,0.799892889023
0.6974999999969057,1116.0,0.000624999999997,0.2,-2.23345647532e-17,-0.799536165162,0.799536165162,0.799536165162
0.698124999996903,1117.0,0.000624999999997,0.2,1.62630325873e-19,-0.79913026647,0.79913026647,0.79913026647
0.6987499999969002,1118.0,0.000624999999997,0.2,8.61940727126e-18,-0.798789700095,0.798789700095,0.798789700095
0.6993749999968975,1119.0,0.000624999999997,0.2,-2.33103467084e-18,-0.798778253855,0.798778253855,0.798778253855
0.6999999999968947,1120.0,0.000624999999997,0.2,-2.52619106189e-17,-0.798717541129,0.798717541129,0.798717541129
0.7006249999968919,1121.0,0.000624999999997,0.2,1.77267055201e-17,-0.798607585412,0.798607585412,0.798607585412
0.7012499999968891,1122.0,0.000624999999997,0.2,9.21571846613e-18,-0.798448413224,0.798448413224,0.798448413224
0.7018749999968864,1123.0,0.000624999999997,0.2,-9.378348792e-18,-0.798296718213,0.798296718213,0.798296718213
0.7024999999968836,1124.0,0.000624999999997,0.2,1.62630325873e-18,-0.798285385393,0.798285385393,0.798285385393
0.7031249999968808,1125.0,0.000624999999997,0.2,-1.49077798717e-17,-0.798224816444,0.798224816443,0.7982248164435
0.703749999996878,1126.0,0.000624999999997,0.2,5.85469173142e-18,-0.798115034837,0.798115034837,0.798115034837
0.7043749999968753,1127.0,0.000624999999997,0.2,-9.81202966099e-18,-0.797956067072,0.797956067072,0.797956067072
0.7049999999968725,1128.0,0.000624999999997,0.2,1.59377719355e-17,-0.797804040352,0.797804040351,0.7978040403515001
0.7056249999968697,1129.0,0.000624999999997,0.2,1.51788304148e-18,-0.797792820815,0.797792820815,0.797792820815
0.706249999996867,1130.0,0.000624999999997,0.2,0.0,-0.797732395487,0.797732395487,0.797732395487
0.7068749999968642,1131.0,0.000624999999997,0.2,1.97866896479e-17,-0.797622787819,0.797622787819,0.797622787819
0.7074999999968614,1132.0,0.000624999999997,0.2,2.52619106189e-17,-0.797464024286,0.797464024286,0.797464024286
0.7081249999968586,1133.0,0.000624999999997,0.2,-9.21571846613e-18,-0.797256134385,0.797256134385,0.797256134385
0.7087499999968558,1134.0,0.000624999999997,0.2,3.30681662608e-18,-0.796999150632,0.796999150632,0.796999150632
0.709374999996853,1135.0,0.000624999999997,0.2,8.34835672814e-18,-0.796693108558,0.796693108558,0.796693108558
0.7099999999968503,1136.0,0.000624999999997,0.2,8.34835672814e-18,-0.796338046706,0.796338046706,0.796338046706
0.7106249999968476,1137.0,0.000624999999997,0.2,5.90890184005e-18,-0.795934006626,0.795934006626,0.795934006626
0.7112499999968448,1138.0,0.000624999999997,0.2,6.45100292629e-18,-0.795592690164,0.795592690164,0.795592690164
0.711874999996842,1139.0,0.000624999999997,0.2,2.56955914879e-17,-0.795581524435,0.795581524435,0.795581524435
0.7124999999968392,1140.0,0.000624999999997,0.2,-1.68593437821e-17,-0.795521289292,0.795521289292,0.795521289292
0.7131249999968364,1141.0,0.000624999999997,0.2,-1.27393755267e-18,-0.79541200812,0.79541200812,0.79541200812
0.7137499999968336,1142.0,0.000624999999997,0.2,1.41759434052e-17,-0.79525370732,0.79525370732,0.79525370732
0.7143749999968309,1143.0,0.000624999999997,0.2,-3.55076211489e-18,-0.795101680846,0.795101680846,0.795101680846
0.7149999999968282,1144.0,0.000624999999997,0.2,8.72782748851e-18,-0.795090627938,0.795090627938,0.795090627938
0.7156249999968254,1145.0,0.000624999999997,0.2,-1.84314369323e-18,-0.795030535851,0.795030535851,0.795030535851
0.7162499999968226,1146.0,0.000624999999997,0.2,8.40256683676e-18,-0.794921427949,0.794921427948,0.7949214279485
0.7168749999968198,1147.0,0.000624999999997,0.2,-1.49077798717e-17,-0.794763330609,0.794763330609,0.794763330609
0.717499999996817,1148.0,0.000624999999997,0.2,-1.34847645203e-17,-0.794610974331,0.794610974331,0.794610974331
0.7181249999968142,1149.0,0.000624999999997,0.2,2.62376925741e-17,-0.79460003411,0.794600034109,0.7946000341095001
0.7187499999968114,1150.0,0.000624999999997,0.2,1.35254221018e-17,-0.794540084925,0.794540084925,0.794540084925
0.7193749999968088,1151.0,0.000624999999997,0.2,-2.21990394816e-17,-0.79443115012,0.79443115012,0.79443115012
0.719999999996806,1152.0,0.000624999999997,0.2,1.33356867216e-17,-0.794273256051,0.794273256051,0.794273256051
0.7206249999968032,1153.0,0.000624999999997,0.2,6.4781079806e-18,-0.794066432082,0.794066432082,0.794066432082
0.7212499999968004,1154.0,0.000624999999997,0.2,2.15756232325e-17,-0.793810710584,0.793810710584,0.793810710584
0.7218749999967976,1155.0,0.000624999999997,0.2,2.5966642031e-17,-0.793506126931,0.793506126932,0.7935061269315
0.7224999999967948,1156.0,0.000624999999997,0.2,6.20705743748e-18,-0.793152719499,0.793152719499,0.793152719499
0.723124999996792,1157.0,0.000624999999997,0.2,1.89735380185e-18,-0.792750529656,0.792750529656,0.792750529656
0.7237499999967894,1158.0,0.000624999999997,0.2,2.44216539352e-17,-0.792408474564,0.792408474563,0.7924084745635
0.7243749999967866,1159.0,0.000624999999997,0.2,-8.8226951786e-18,-0.792397587284,0.792397587284,0.792397587284
0.7249999999967838,1160.0,0.000624999999997,0.2,-7.64362531602e-18,-0.792337826874,0.792337826873,0.7923378268735
0.725624999996781,1161.0,0.000624999999997,0.2,3.41523684333e-18,-0.79222921661,0.792229216609,0.7922292166095
0.7262499999967782,1162.0,0.000624999999997,0.2,1.23870098206e-17,-0.792071782773,0.792071782773,0.792071782773
0.7268749999967754,1163.0,0.000624999999997,0.2,1.15196480827e-17,-0.791919429917,0.791919429917,0.791919429917
0.7274999999967727,1164.0,0.000624999999997,0.2,5.23127548224e-18,-0.791908654863,0.791908654862,0.7919086548625001
0.7281249999967699,1165.0,0.000624999999997,0.2,5.47522097105e-18,-0.791849036792,0.791849036791,0.7918490367915001
0.7287499999967672,1166.0,0.000624999999997,0.2,1.38235776992e-18,-0.79174059896,0.79174059896,0.79174059896
0.7293749999967644,1167.0,0.000624999999997,0.2,-7.53520509877e-18,-0.791583367626,0.791583367626,0.791583367626
0.7299999999967616,1168.0,0.000624999999997,0.2,-7.61652026171e-18,-0.791430686862,0.791430686862,0.791430686862
0.7306249999967588,1169.0,0.000624999999997,0.2,-2.85958322993e-18,-0.791420023899,0.791420023899,0.791420023899
0.731249999996756,1170.0,0.000624999999997,0.2,5.4616684439e-18,-0.791360548015,0.791360548014,0.7913605480145001
0.7318749999967533,1171.0,0.000624999999997,0.2,-2.82976767019e-17,-0.791252282444,0.791252282444,0.791252282444
0.7324999999967505,1172.0,0.000624999999997,0.2,-5.06864515637e-18,-0.791095253423,0.791095253423,0.791095253423
0.7331249999967477,1173.0,0.000624999999997,0.2,9.75781955237e-18,-0.790889490184,0.790889490184,0.790889490184
0.733749999996745,1174.0,0.000624999999997,0.2,6.50521303491e-18,-0.790635024954,0.790635024954,0.790635024954
0.7343749999967422,1175.0,0.000624999999997,0.2,1.3633842319e-17,-0.790331892953,0.790331892953,0.790331892953
0.7349999999967394,1176.0,0.000624999999997,0.2,6.04442711161e-18,-0.789980132386,0.789980132386,0.789980132386
0.7356249999967366,1177.0,0.000624999999997,0.2,1.54092233765e-17,-0.789579784443,0.789579784443,0.789579784443
0.7362499999967339,1178.0,0.000624999999997,0.2,3.13063377305e-18,-0.789237002096,0.789237002096,0.789237002096
0.7368749999967311,1179.0,0.000624999999997,0.2,-5.29903811802e-18,-0.789226391216,0.789226391216,0.789226391216
0.7374999999967283,1180.0,0.000624999999997,0.2,7.99599102208e-18,-0.789167102703,0.789167102703,0.789167102703
0.7381249999967255,1181.0,0.000624999999997,0.2,-1.54227759036e-17,-0.789059159728,0.789059159728,0.789059159728
0.7387499999967228,1182.0,0.000624999999997,0.2,2.10741797277e-17,-0.788902588452,0.788902588452,0.788902588452
0.73937499999672,1183.0,0.000624999999997,0.2,1.7279472124e-17,-0.78874991426,0.78874991426,0.78874991426
0.7399999999967172,1184.0,0.000624999999997,0.2,1.23056946577e-17,-0.788739415013,0.788739415012,0.7887394150125
0.7406249999967145,1185.0,0.000624999999997,0.2,-6.36968776335e-18,-0.788680268126,0.788680268126,0.788680268126
0.7412499999967117,1186.0,0.000624999999997,0.2,8.21283145658e-18,-0.78857249675,0.78857249675,0.78857249675
0.7418749999967089,1187.0,0.000624999999997,0.2,1.85398571495e-17,-0.788416127023,0.788416127022,0.7884161270225001
0.7424999999967061,1188.0,0.000624999999997,0.2,-4.71627945031e-18,-0.788263126809,0.788263126809,0.788263126809
0.7431249999967033,1189.0,0.000624999999997,0.2,1.024571053e-17,-0.788252739061,0.788252739061,0.788252739061
0.7437499999967006,1190.0,0.000624999999997,0.2,4.33680868994e-19,-0.788193733649,0.788193733649,0.788193733649
0.7443749999966978,1191.0,0.000624999999997,0.2,6.24771501895e-18,-0.788086133701,0.788086133701,0.788086133701
0.7449999999966951,1192.0,0.000624999999997,0.2,4.91956735765e-18,-0.787929965334,0.787929965334,0.787929965334
0.7456249999966923,1193.0,0.000624999999997,0.2,-1.65747407119e-17,-0.787725257648,0.787725257648,0.787725257648
0.7462499999966895,1194.0,0.000624999999997,0.2,-5.42101086243e-19,-0.787472042728,0.787472042728,0.787472042728
0.7468749999966867,1195.0,0.000624999999997,0.2,-1.57480365554e-17,-0.787170355638,0.787170355638,0.787170355638
0.7474999999966839,1196.0,0.000624999999997,0.2,9.73071449806e-18,-0.786820234415,0.786820234415,0.786820234415
0.7481249999966811,1197.0,0.000624999999997,0.2,1.57751416097e-17,-0.786421720072,0.786421720072,0.786421720072
0.7487499999966784,1198.0,0.000624999999997,0.2,9.05308814025e-18,-0.786078221767,0.786078221767,0.786078221767
0.7493749999966757,1199.0,0.000624999999997,0.2,2.73083422195e-17,-0.786067885249,0.786067885249,0.786067885249
0.7499999999966729,1200.0,0.000624999999997,0.2,-6.84402621381e-18,-0.786009065816,0.786009065815,0.7860090658155
0.7506249999966701,1201.0,0.000624999999997,0.2,1.10995197408e-17,-0.785901786528,0.785901786528,0.785901786528
0.7512499999966673,1202.0,0.000624999999997,0.2,1.64527679675e-17,-0.78574607343,0.785746073429,0.7857460734295001
0.7518749999966645,1203.0,0.000624999999997,0.2,-2.04643160057e-18,-0.785593082913,0.785593082913,0.785593082913
0.7524999999966617,1204.0,0.000624999999997,0.2,-2.47740196413e-17,-0.785582857438,0.785582857438,0.785582857438
0.753124999996659,1205.0,0.000624999999997,0.2,6.04442711161e-18,-0.785524178921,0.785524178921,0.785524178921
0.7537499999966563,1206.0,0.000624999999997,0.2,9.60874175365e-18,-0.785417070403,0.785417070403,0.785417070403
0.7543749999966535,1207.0,0.000624999999997,0.2,1.24547724564e-17,-0.785261557904,0.785261557904,0.785261557904
0.7549999999966507,1208.0,0.000624999999997,0.2,-5.39390580812e-18,-0.785108243242,0.785108243242,0.785108243242
0.7556249999966479,1209.0,0.000624999999997,0.2,1.51788304148e-17,-0.785098128678,0.785098128678,0.785098128678
0.7562499999966451,1210.0,0.000624999999997,0.2,-1.75098650856e-17,-0.785039590926,0.785039590926,0.785039590926
0.7568749999966423,1211.0,0.000624999999997,0.2,3.87602276664e-18,-0.784932653007,0.784932653007,0.784932653007
0.7574999999966396,1212.0,0.000624999999997,0.2,8.13151629364e-19,-0.78477734092,0.78477734092,0.78477734092
0.7581249999966369,1213.0,0.000624999999997,0.2,2.26056152963e-17,-0.784573683635,0.784573683635,0.784573683635
0.7587499999966341,1214.0,0.000624999999997,0.2,1.47451495458e-17,-0.784321713094,0.784321713094,0.784321713094
0.7593749999966313,1215.0,0.000624999999997,0.2,-1.1113072268e-18,-0.784021464204,0.784021464204,0.784021464204
0.7599999999966285,1216.0,0.000624999999997,0.2,4.63496428738e-18,-0.78367297484,0.78367297484,0.78367297484
0.7606249999966257,1217.0,0.000624999999997,0.2,-1.95156391047e-18,-0.783276285834,0.783276285834,0.783276285834
0.7612499999966229,1218.0,0.000624999999997,0.2,-6.12574227454e-18,-0.782932082789,0.782932082789,0.782932082789
0.7618749999966202,1219.0,0.000624999999997,0.2,2.71050543121e-18,-0.782922018607,0.782922018607,0.782922018607
0.7624999999966174,1220.0,0.000624999999997,0.2,5.63785129692e-18,-0.782863665447,0.782863665447,0.782863665447
0.7631249999966147,1221.0,0.000624999999997,0.2,-8.67361737988e-18,-0.782757046265,0.782757046265,0.782757046265
0.7637499999966119,1222.0,0.000624999999997,0.2,-2.33103467084e-18,-0.782602186984,0.782602186984,0.782602186984
0.7643749999966091,1223.0,0.000624999999997,0.2,7.67073037033e-18,-0.782448885118,0.782448885118,0.782448885118
0.7649999999966063,1224.0,0.000624999999997,0.2,7.39967982721e-18,-0.782438931393,0.782438931393,0.782438931393
0.7656249999966035,1225.0,0.000624999999997,0.2,3.36102673471e-18,-0.782380718444,0.782380718444,0.782380718444
0.7662499999966008,1226.0,0.000624999999997,0.2,6.45100292629e-18,-0.782274269205,0.782274269205,0.782274269205
0.766874999996598,1227.0,0.000624999999997,0.2,1.52330405234e-17,-0.782119609579,0.782119609579,0.782119609579
0.7674999999965952,1228.0,0.000624999999997,0.2,2.42590236094e-18,-0.781965985435,0.781965985434,0.7819659854345
0.7681249999965925,1229.0,0.000624999999997,0.2,-1.01915004214e-17,-0.781956142034,0.781956142034,0.781956142034
0.7687499999965897,1230.0,0.000624999999997,0.2,-2.00035300824e-17,-0.781898069144,0.781898069144,0.781898069144
0.7693749999965869,1231.0,0.000624999999997,0.2,9.54097911787e-18,-0.78179178968,0.78179178968,0.78179178968
0.7699999999965841,1232.0,0.000624999999997,0.2,-7.75204553327e-18,-0.781637329521,0.781637329521,0.781637329521
0.7706249999965814,1233.0,0.000624999999997,0.2,1.86482773668e-17,-0.781434717509,0.781434717509,0.781434717509
0.7712499999965786,1234.0,0.000624999999997,0.2,8.18572640227e-18,-0.781183985442,0.781183985442,0.781183985442
0.7718749999965758,1235.0,0.000624999999997,0.2,-6.93889390391e-18,-0.780885168075,0.780885168075,0.780885168075
0.772499999996573,1236.0,0.000624999999997,0.2,2.93818788744e-17,-0.780538303116,0.780538303116,0.780538303116
0.7731249999965703,1237.0,0.000624999999997,0.2,7.5894152074e-19,-0.78014343122,0.78014343122,0.78014343122
0.7737499999965675,1238.0,0.000624999999997,0.2,-1.08420217249e-19,-0.779798534575,0.779798534575,0.779798534575
0.7743749999965647,1239.0,0.000624999999997,0.2,-2.0057740191e-18,-0.779788740716,0.779788740716,0.779788740716
0.774999999996562,1240.0,0.000624999999997,0.2,4.66206934169e-18,-0.77973085104,0.77973085104,0.77973085104
0.7756249999965592,1241.0,0.000624999999997,0.2,3.68628738645e-18,-0.779624888398,0.779624888398,0.779624888398
0.7762499999965564,1242.0,0.000624999999997,0.2,1.59919820442e-17,-0.779470878595,0.779470878595,0.779470878595
0.7768749999965536,1243.0,0.000624999999997,0.2,1.77809156288e-17,-0.779317270321,0.779317270321,0.779317270321
0.7774999999965508,1244.0,0.000624999999997,0.2,1.1980434006e-17,-0.779307586335,0.779307586335,0.779307586335
0.778124999996548,1245.0,0.000624999999997,0.2,-4.77048955894e-18,-0.779249836167,0.779249836167,0.779249836167
0.7787499999965454,1246.0,0.000624999999997,0.2,9.75781955237e-18,-0.779144042647,0.779144042647,0.779144042647
0.7793749999965426,1247.0,0.000624999999997,0.2,1.92987986702e-17,-0.778990231558,0.778990231558,0.778990231558
0.7799999999965398,1248.0,0.000624999999997,0.2,5.42101086243e-18,-0.778836302863,0.778836302863,0.778836302863
0.780624999996537,1249.0,0.000624999999997,0.2,-5.42101086243e-19,-0.778826728617,0.778826728617,0.778826728617
0.7812499999965342,1250.0,0.000624999999997,0.2,-5.3668007538e-18,-0.778769117807,0.778769117807,0.778769117807
0.7818749999965314,1251.0,0.000624999999997,0.2,-1.71846044339e-17,-0.778663493241,0.77866349324,0.7786634932405
0.7824999999965286,1252.0,0.000624999999997,0.2,8.94466792301e-18,-0.77850988068,0.77850988068,0.77850988068
0.783124999996526,1253.0,0.000624999999997,0.2,8.40256683676e-18,-0.778308308836,0.778308308836,0.778308308836
0.7837499999965232,1254.0,0.000624999999997,0.2,9.81202966099e-18,-0.778058809367,0.778058809367,0.778058809367
0.7843749999965204,1255.0,0.000624999999997,0.2,-6.72205346941e-18,-0.777761416874,0.777761416874,0.777761416874
0.7849999999965176,1256.0,0.000624999999997,0.2,-2.0057740191e-18,-0.777416168901,0.777416168901,0.777416168901
0.7856249999965148,1257.0,0.000624999999997,0.2,1.51246203062e-17,-0.777023105925,0.777023105925,0.777023105925
0.786249999996512,1258.0,0.000624999999997,0.2,-1.50162000889e-17,-0.776677526741,0.776677526741,0.776677526741
0.7868749999965092,1259.0,0.000624999999997,0.2,-9.1615083575e-18,-0.776668001203,0.776668001203,0.776668001203
0.7874999999965066,1260.0,0.000624999999997,0.2,-3.46944695195e-18,-0.776610572237,0.776610572237,0.776610572237
0.7881249999965038,1261.0,0.000624999999997,0.2,2.52619106189e-17,-0.776505262588,0.776505262588,0.776505262588
0.788749999996501,1262.0,0.000624999999997,0.2,1.30104260698e-18,-0.776352097944,0.776352097944,0.776352097944
0.7893749999964982,1263.0,0.000624999999997,0.2,-8.99887803163e-18,-0.776198188169,0.776198188169,0.776198188169
0.7899999999964954,1264.0,0.000624999999997,0.2,-1.05167610731e-17,-0.776188771923,0.776188771923,0.776188771923
0.7906249999964926,1265.0,0.000624999999997,0.2,4.0115480382e-18,-0.776131481765,0.776131481765,0.776131481765
0.7912499999964898,1266.0,0.000624999999997,0.2,1.18178036801e-17,-0.77602634042,0.77602634042,0.77602634042
0.7918749999964871,1267.0,0.000624999999997,0.2,-1.69135538908e-17,-0.775873373554,0.775873373554,0.775873373554
0.7924999999964844,1268.0,0.000624999999997,0.2,-3.90312782095e-18,-0.775719145206,0.775719145206,0.775719145206
0.7931249999964816,1269.0,0.000624999999997,0.2,-9.32413868338e-18,-0.775709838119,0.775709838119,0.775709838119
0.7937499999964788,1270.0,0.000624999999997,0.2,-1.73472347598e-18,-0.77565268662,0.77565268662,0.77565268662
0.794374999996476,1271.0,0.000624999999997,0.2,1.8756697584e-17,-0.775547713412,0.775547713412,0.775547713412
0.7949999999964732,1272.0,0.000624999999997,0.2,-2.26598254049e-17,-0.775394944139,0.775394944139,0.775394944139
0.7956249999964704,1273.0,0.000624999999997,0.2,-4.98732999343e-18,-0.775194407384,0.775194407384,0.775194407384
0.7962499999964677,1274.0,0.000624999999997,0.2,3.46944695195e-18,-0.774946134664,0.774946134664,0.774946134664
0.7968749999964649,1275.0,0.000624999999997,0.2,2.1358782798e-17,-0.774650160427,0.774650160427,0.774650160427
0.7974999999964621,1276.0,0.000624999999997,0.2,3.68628738645e-18,-0.774306522053,0.774306522053,0.774306522053
0.7981249999964594,1277.0,0.000624999999997,0.2,2.81892564846e-18,-0.773915259844,0.773915259844,0.773915259844
0.7987499999964566,1278.0,0.000624999999997,0.2,7.1557343384e-18,-0.773569009107,0.773569009106,0.7735690091065
0.7993749999964538,1279.0,0.000624999999997,0.2,-1.98408997565e-17,-0.773559749898,0.773559749898,0.773559749898
0.7999999999964511,1280.0,0.000624999999997,0.2,8.6058547441e-19,-0.773502778882,0.773502778882,0.773502778882
0.8006249999964483,1281.0,0.000624999999997,0.2,9.75781955237e-19,-0.773398118697,0.773398118697,0.773398118697
0.8012499999964455,1282.0,0.000624999999997,0.2,5.42101086243e-18,-0.773245794915,0.773245794915,0.773245794915
0.8018749999964427,1283.0,0.000624999999997,0.2,5.31259064518e-18,-0.773091588512,0.773091588512,0.773091588512
0.80249999999644,1284.0,0.000624999999997,0.2,1.73472347598e-17,-0.773082438017,0.773082438017,0.773082438017
0.8031249999964372,1285.0,0.000624999999997,0.2,-5.85469173142e-18,-0.773025605113,0.773025605113,0.773025605113
0.8037499999964344,1286.0,0.000624999999997,0.2,3.36102673471e-18,-0.772921112418,0.772921112418,0.772921112418
0.8043749999964317,1287.0,0.000624999999997,0.2,1.43114686768e-17,-0.772768985483,0.772768985483,0.772768985483
0.8049999999964289,1288.0,0.000624999999997,0.2,8.13151629364e-18,-0.772614462343,0.772614462343,0.772614462343
0.8056249999964261,1289.0,0.000624999999997,0.2,1.06251812904e-17,-0.772605420431,0.772605420431,0.772605420431
0.8062499999964233,1290.0,0.000624999999997,0.2,1.84314369323e-18,-0.77254872549,0.77254872549,0.77254872549
0.8068749999964205,1291.0,0.000624999999997,0.2,1.95156391047e-18,-0.772444400119,0.772444400119,0.772444400119
0.8074999999964177,1292.0,0.000624999999997,0.2,-2.71050543121e-18,-0.772292469845,0.772292469845,0.772292469845
0.808124999996415,1293.0,0.000624999999997,0.2,-9.75781955237e-19,-0.772092963123,0.772092963123,0.772092963123
0.8087499999964123,1294.0,0.000624999999997,0.2,-1.99493199737e-17,-0.771845911329,0.771845911329,0.771845911329
0.8093749999964095,1295.0,0.000624999999997,0.2,2.16840434497e-19,-0.771551348761,0.771551348761,0.771551348761
0.8099999999964067,1296.0,0.000624999999997,0.2,-6.60685698858e-18,-0.771209312633,0.771209312633,0.771209312633
0.8106249999964039,1297.0,0.000624999999997,0.2,-2.39202104305e-18,-0.770819843073,0.770819843073,0.770819843073
0.8112499999964011,1298.0,0.000624999999997,0.2,1.59377719355e-17,-0.77047293169,0.77047293169,0.77047293169
0.8118749999963983,1299.0,0.000624999999997,0.2,1.05167610731e-17,-0.770463936833,0.770463936833,0.770463936833
0.8124999999963955,1300.0,0.000624999999997,0.2,-8.67361737988e-18,-0.770407421021,0.770407421021,0.770407421021
0.8131249999963929,1301.0,0.000624999999997,0.2,-5.42101086243e-18,-0.770303406789,0.770303406789,0.770303406789
0.8137499999963901,1302.0,0.000624999999997,0.2,4.87890977618e-18,-0.770151919592,0.770151919592,0.770151919592
0.8143749999963873,1303.0,0.000624999999997,0.2,1.02999206386e-17,-0.769997421399,0.769997421398,0.7699974213984999
0.8149999999963845,1304.0,0.000624999999997,0.2,9.54097911787e-18,-0.76998853468,0.76998853468,0.76998853468
0.8156249999963817,1305.0,0.000624999999997,0.2,-1.19262238973e-17,-0.769932156287,0.769932156287,0.769932156287
0.8162499999963789,1306.0,0.000624999999997,0.2,9.64939933512e-18,-0.769828308735,0.769828308735,0.769828308735
0.8168749999963761,1307.0,0.000624999999997,0.2,-4.39101879857e-18,-0.769677017458,0.769677017458,0.769677017458
0.8174999999963735,1308.0,0.000624999999997,0.2,1.72388145425e-17,-0.769522204355,0.769522204355,0.769522204355
0.8181249999963707,1309.0,0.000624999999997,0.2,0.0,-0.769513425645,0.769513425645,0.769513425645
0.8187499999963679,1310.0,0.000624999999997,0.2,2.81892564846e-18,-0.769457184524,0.769457184524,0.769457184524
0.8193749999963651,1311.0,0.000624999999997,0.2,-3.46944695195e-18,-0.769353503486,0.769353503486,0.769353503486
0.8199999999963623,1312.0,0.000624999999997,0.2,-1.6588293239e-17,-0.769202407943,0.769202407943,0.769202407943
0.8206249999963595,1313.0,0.000624999999997,0.2,-6.17995238317e-18,-0.769003926221,0.769003926221,0.769003926221
0.8212499999963567,1314.0,0.000624999999997,0.2,-8.56519716264e-18,-0.768758089559,0.768758089559,0.768758089559
0.821874999996354,1315.0,0.000624999999997,0.2,2.03830008427e-17,-0.768464932101,0.768464932101,0.768464932101
0.8224999999963513,1316.0,0.000624999999997,0.2,-4.55364912444e-18,-0.7681244909,0.7681244909,0.7681244909
0.8231249999963485,1317.0,0.000624999999997,0.2,-9.10729824888e-18,-0.767736805909,0.767736805909,0.767736805909
0.8237499999963457,1318.0,0.000624999999997,0.2,-3.33934269126e-17,-0.767389244709,0.767389244709,0.767389244709
0.8243749999963429,1319.0,0.000624999999997,0.2,1.47451495458e-17,-0.767380512236,0.767380512236,0.767380512236
0.8249999999963401,1320.0,0.000624999999997,0.2,6.06475590234e-18,-0.767324448898,0.767324448898,0.767324448898
0.8256249999963374,1321.0,0.000624999999997,0.2,-2.60208521397e-18,-0.767221077126,0.767221077126,0.767221077126
0.8262499999963346,1322.0,0.000624999999997,0.2,3.90312782095e-18,-0.767070422259,0.767070422259,0.767070422259
0.8268749999963318,1323.0,0.000624999999997,0.2,-7.5894152074e-18,-0.766915637079,0.766915637079,0.766915637079
0.8274999999963291,1324.0,0.000624999999997,0.2,-1.62630325873e-18,-0.766907012172,0.766907012172,0.766907012172
0.8281249999963263,1325.0,0.000624999999997,0.2,-2.92734586571e-18,-0.766851085563,0.766851085563,0.766851085563
0.8287499999963235,1326.0,0.000624999999997,0.2,2.60208521397e-18,-0.766747879665,0.766747879665,0.766747879665
0.8293749999963207,1327.0,0.000624999999997,0.2,1.07336015076e-17,-0.766597419793,0.766597419793,0.766597419793
0.829999999996318,1328.0,0.000624999999997,0.2,1.51788304148e-18,-0.766442321523,0.766442321522,0.7664423215225
0.8306249999963152,1329.0,0.000624999999997,0.2,1.12757025938e-17,-0.766433804052,0.766433804052,0.766433804052
0.8312499999963124,1330.0,0.000624999999997,0.2,7.04731412116e-18,-0.766378014027,0.766378014027,0.766378014027
0.8318749999963096,1331.0,0.000624999999997,0.2,-6.61363325216e-18,-0.766274973836,0.766274973836,0.766274973836
0.8324999999963069,1332.0,0.000624999999997,0.2,1.49619899803e-17,-0.766124708777,0.766124708777,0.766124708777
0.8331249999963041,1333.0,0.000624999999997,0.2,7.5894152074e-18,-0.765927247048,0.765927247048,0.765927247048
0.8337499999963013,1334.0,0.000624999999997,0.2,1.51788304148e-18,-0.765682619748,0.765682619748,0.765682619748
0.8343749999962986,1335.0,0.000624999999997,0.2,3.90312782095e-18,-0.765390860873,0.765390860873,0.765390860873
0.8349999999962958,1336.0,0.000624999999997,0.2,-8.02309607639e-18,-0.765052007311,0.765052007311,0.765052007311
0.835624999996293,1337.0,0.000624999999997,0.2,1.24683249836e-17,-0.764666098844,0.764666098844,0.764666098844
0.8362499999962902,1338.0,0.000624999999997,0.2,8.67361737988e-19,-0.764317898584,0.764317898584,0.764317898584
0.8368749999962874,1339.0,0.000624999999997,0.2,8.23993651089e-18,-0.764309426539,0.764309426539,0.764309426539
0.8374999999962847,1340.0,0.000624999999997,0.2,-9.86623976962e-18,-0.764253812958,0.764253812958,0.764253812958
0.8381249999962819,1341.0,0.000624999999997,0.2,-4.33680868994e-18,-0.76415108017,0.76415108017,0.76415108017
0.8387499999962792,1342.0,0.000624999999997,0.2,9.10729824888e-18,-0.764001253397,0.764001253397,0.764001253397
0.8393749999962764,1343.0,0.000624999999997,0.2,-6.72205346941e-18,-0.763846186001,0.763846186001,0.763846186001
0.8399999999962736,1344.0,0.000624999999997,0.2,-3.5778671692e-18,-0.763837820953,0.763837820953,0.763837820953
0.8406249999962708,1345.0,0.000624999999997,0.2,-7.3725747729e-18,-0.763782343416,0.763782343416,0.763782343416
0.841249999996268,1346.0,0.000624999999997,0.2,-1.73472347598e-18,-0.763679775699,0.763679775698,0.7636797756985001
0.8418749999962652,1347.0,0.000624999999997,0.2,3.25260651746e-18,-0.763530143002,0.763530143002,0.763530143002
0.8424999999962625,1348.0,0.000624999999997,0.2,1.66967134563e-17,-0.763374764324,0.763374764324,0.763374764324
0.8431249999962598,1349.0,0.000624999999997,0.2,-1.25767452008e-17,-0.763366506144,0.763366506144,0.763366506144
0.843749999996257,1350.0,0.000624999999997,0.2,-1.04083408559e-17,-0.763311164505,0.763311164505,0.763311164505
0.8443749999962542,1351.0,0.000624999999997,0.2,-6.39679281766e-18,-0.763208761694,0.763208761694,0.763208761694
0.8449999999962514,1352.0,0.000624999999997,0.2,1.08420217249e-18,-0.763059322892,0.763059322891,0.7630593228914999
0.8456249999962486,1353.0,0.000624999999997,0.2,6.07153216592e-18,-0.762862876171,0.762862876171,0.762862876171
0.8462499999962458,1354.0,0.000624999999997,0.2,2.16840434497e-19,-0.762619452491,0.762619452491,0.762619452491
0.846874999996243,1355.0,0.000624999999997,0.2,-1.47451495458e-17,-0.7623290857,0.7623290857,0.7623290857
0.8474999999962404,1356.0,0.000624999999997,0.2,2.1358782798e-17,-0.761991812524,0.761991812524,0.761991812524
0.8481249999962376,1357.0,0.000624999999997,0.2,-5.52943107968e-18,-0.761607672571,0.761607672571,0.761607672571
0.8487499999962348,1358.0,0.000624999999997,0.2,1.62630325873e-18,-0.761258843929,0.761258843929,0.761258843929
0.849374999996232,1359.0,0.000624999999997,0.2,-1.06251812904e-17,-0.761250630368,0.761250630368,0.761250630368
0.8499999999962292,1360.0,0.000624999999997,0.2,-7.5894152074e-19,-0.761195463844,0.761195463844,0.761195463844
0.8506249999962264,1361.0,0.000624999999997,0.2,5.63785129692e-18,-0.761093366581,0.761093366581,0.761093366581
0.8512499999962237,1362.0,0.000624999999997,0.2,-4.87890977618e-18,-0.760944363688,0.760944363688,0.760944363688
0.851874999996221,1363.0,0.000624999999997,0.2,1.72388145425e-17,-0.760789018812,0.760789018812,0.760789018812
0.8524999999962182,1364.0,0.000624999999997,0.2,2.05998412772e-18,-0.760780911682,0.760780911682,0.760780911682
0.8531249999962154,1365.0,0.000624999999997,0.2,-2.05998412772e-18,-0.760725880519,0.760725880518,0.7607258805185
0.8537499999962126,1366.0,0.000624999999997,0.2,1.16009632456e-17,-0.760623947527,0.760623947527,0.760623947527
0.8543749999962098,1367.0,0.000624999999997,0.2,-1.20346441146e-17,-0.760475137796,0.760475137796,0.760475137796
0.854999999996207,1368.0,0.000624999999997,0.2,6.07153216592e-18,-0.760319483438,0.760319483438,0.760319483438
0.8556249999962043,1369.0,0.000624999999997,0.2,1.49619899803e-17,-0.760311482609,0.760311482609,0.760311482609
0.8562499999962015,1370.0,0.000624999999997,0.2,-5.63785129692e-18,-0.760256586661,0.760256586661,0.760256586661
0.8568749999961988,1371.0,0.000624999999997,0.2,1.21430643318e-17,-0.760154817778,0.760154817778,0.760154817778
0.857499999996196,1372.0,0.000624999999997,0.2,-1.92987986702e-17,-0.760006201027,0.760006201027,0.760006201027
0.8581249999961932,1373.0,0.000624999999997,0.2,-8.45677694539e-18,-0.759810764353,0.759810764353,0.759810764353
0.8587499999961904,1374.0,0.000624999999997,0.2,-6.72205346941e-18,-0.75956853858,0.75956853858,0.75956853858
0.8593749999961876,1375.0,0.000624999999997,0.2,1.08420217249e-18,-0.759279557404,0.759279557404,0.759279557404
0.8599999999961849,1376.0,0.000624999999997,0.2,1.32272665043e-17,-0.758943857392,0.758943857392,0.758943857392
0.8606249999961821,1377.0,0.000624999999997,0.2,3.14418630021e-18,-0.758561477979,0.758561477979,0.758561477979
0.8612499999961793,1378.0,0.000624999999997,0.2,1.50704101975e-17,-0.75821203156,0.75821203156,0.75821203156
0.8618749999961766,1379.0,0.000624999999997,0.2,1.84314369323e-17,-0.75820407455,0.75820407455,0.75820407455
0.8624999999961738,1380.0,0.000624999999997,0.2,2.05998412772e-17,-0.758149352395,0.758149352395,0.758149352395
0.863124999996171,1381.0,0.000624999999997,0.2,1.95156391047e-18,-0.758047887216,0.758047887216,0.758047887216
0.8637499999961682,1382.0,0.000624999999997,0.2,1.12757025938e-17,-0.757899704008,0.757899704008,0.757899704008
0.8643749999961655,1383.0,0.000624999999997,0.2,5.52943107968e-18,-0.757744086357,0.757744086357,0.757744086357
0.8649999999961627,1384.0,0.000624999999997,0.2,4.98732999343e-18,-0.757736235214,0.757736235214,0.757736235214
0.8656249999961599,1385.0,0.000624999999997,0.2,3.7947076037e-18,-0.75768164774,0.75768164774,0.75768164774
0.8662499999961571,1386.0,0.000624999999997,0.2,-2.0057740191e-17,-0.757580346038,0.757580346038,0.757580346038
0.8668749999961544,1387.0,0.000624999999997,0.2,8.78203759713e-18,-0.757432355082,0.757432355082,0.757432355082
0.8674999999961516,1388.0,0.000624999999997,0.2,2.27682456222e-18,-0.757276429738,0.757276429738,0.757276429738
0.8681249999961488,1389.0,0.000624999999997,0.2,-1.30104260698e-18,-0.757268684334,0.757268684334,0.757268684334
0.8687499999961461,1390.0,0.000624999999997,0.2,8.67361737988e-19,-0.757214231396,0.757214231396,0.757214231396
0.8693749999961433,1391.0,0.000624999999997,0.2,5.63785129692e-18,-0.757113093008,0.757113093008,0.757113093008
0.8699999999961405,1392.0,0.000624999999997,0.2,-5.42101086243e-19,-0.756965294122,0.756965294122,0.756965294122
0.8706249999961377,1393.0,0.000624999999997,0.2,1.49619899803e-17,-0.756770862558,0.756770862558,0.756770862558
0.871249999996135,1394.0,0.000624999999997,0.2,2.16840434497e-18,-0.756529829001,0.756529829001,0.756529829001
0.8718749999961322,1395.0,0.000624999999997,0.2,-1.19262238973e-18,-0.756242227001,0.756242227001,0.756242227001
0.8724999999961294,1396.0,0.000624999999997,0.2,8.45677694539e-18,-0.755908092965,0.755908092965,0.755908092965
0.8731249999961267,1397.0,0.000624999999997,0.2,-2.87313575709e-17,-0.755527466154,0.755527466154,0.755527466154
0.8737499999961239,1398.0,0.000624999999997,0.2,-9.97465998687e-18,-0.755177412486,0.755177412486,0.755177412486
0.8743749999961211,1399.0,0.000624999999997,0.2,-2.27682456222e-18,-0.755169710106,0.755169710106,0.755169710106
0.8749999999961183,1400.0,0.000624999999997,0.2,5.96311194867e-18,-0.755115429647,0.755115429647,0.755115429647
0.8756249999961155,1401.0,0.000624999999997,0.2,-2.49366499672e-18,-0.755014593129,0.755014593129,0.755014593129
0.8762499999961127,1402.0,0.000624999999997,0.2,2.92734586571e-18,-0.754867225433,0.754867225433,0.754867225433
0.8768749999961101,1403.0,0.000624999999997,0.2,8.67361737988e-19,-0.754711339677,0.754711339677,0.754711339677
0.8774999999961073,1404.0,0.000624999999997,0.2,2.92734586571e-17,-0.754703742602,0.754703742602,0.754703742602
0.8781249999961045,1405.0,0.000624999999997,0.2,2.16840434497e-19,-0.754649596148,0.754649596148,0.754649596148
0.8787499999961017,1406.0,0.000624999999997,0.2,2.49366499672e-18,-0.754548922316,0.754548922316,0.754548922316
0.8793749999960989,1407.0,0.000624999999997,0.2,8.13151629364e-18,-0.754401745965,0.754401745965,0.754401745965
0.8799999999960961,1408.0,0.000624999999997,0.2,-6.2917607322e-18,-0.754245554296,0.754245554296,0.754245554296
0.8806249999960933,1409.0,0.000624999999997,0.2,1.53956708493e-17,-0.7542380624,0.7542380624,0.7542380624
0.8812499999960907,1410.0,0.000624999999997,0.2,9.97465998687e-18,-0.754184049807,0.754184049807,0.754184049807
0.8818749999960879,1411.0,0.000624999999997,0.2,-1.10588621594e-17,-0.754083538498,0.754083538498,0.754083538498
0.8824999999960851,1412.0,0.000624999999997,0.2,2.60208521397e-18,-0.753936553311,0.753936553311,0.753936553311
0.8831249999960823,1413.0,0.000624999999997,0.2,-7.48099499015e-18,-0.753743121942,0.753743121942,0.753743121942
0.8837499999960795,1414.0,0.000624999999997,0.2,2.25514051877e-17,-0.753503274941,0.753503274941,0.753503274941
0.8843749999960767,1415.0,0.000624999999997,0.2,-8.89045781438e-18,-0.753217045707,0.753217045707,0.753217045707
0.8849999999960739,1416.0,0.000624999999997,0.2,1.24683249836e-17,-0.752884470488,0.752884470488,0.752884470488
0.8856249999960712,1417.0,0.000624999999997,0.2,-2.38863291126e-18,-0.752505588377,0.752505588377,0.752505588377
0.8862499999960685,1418.0,0.000624999999997,0.2,-5.74627151417e-18,-0.752154937916,0.752154937916,0.752154937916
0.8868749999960657,1419.0,0.000624999999997,0.2,-2.28732777077e-17,-0.752147488255,0.752147488255,0.752147488255
0.8874999999960629,1420.0,0.000624999999997,0.2,-2.49366499672e-18,-0.752093646834,0.752093646834,0.752093646834
0.8881249999960601,1421.0,0.000624999999997,0.2,3.5778671692e-18,-0.75199343557,0.75199343557,0.75199343557
0.8887499999960573,1422.0,0.000624999999997,0.2,2.77555756156e-17,-0.751846879233,0.751846879233,0.751846879233
0.8893749999960545,1423.0,0.000624999999997,0.2,6.39679281766e-18,-0.751690730008,0.751690730008,0.751690730008
0.8899999999960518,1424.0,0.000624999999997,0.2,-5.31259064518e-18,-0.751683385094,0.751683385094,0.751683385094
0.890624999996049,1425.0,0.000624999999997,0.2,1.08420217249e-18,-0.751629677005,0.751629677005,0.751629677005
0.8912499999960463,1426.0,0.000624999999997,0.2,-2.21177243187e-17,-0.75152962764,0.75152962764,0.75152962764
0.8918749999960435,1427.0,0.000624999999997,0.2,-5.09575021068e-18,-0.751383261744,0.751383261744,0.751383261744
0.8924999999960407,1428.0,0.000624999999997,0.2,-1.47451495458e-17,-0.751226808379,0.751226808379,0.751226808379
0.8931249999960379,1429.0,0.000624999999997,0.2,5.85469173142e-18,-0.751219568086,0.751219568086,0.751219568086
0.8937499999960351,1430.0,0.000624999999997,0.2,7.69783542465e-18,-0.751165993186,0.751165993186,0.751165993186
0.8943749999960324,1431.0,0.000624999999997,0.2,-1.42030484596e-17,-0.751066105557,0.751066105557,0.751066105557
0.8949999999960296,1432.0,0.000624999999997,0.2,-1.13841228111e-17,-0.750919929924,0.750919929924,0.750919929924
0.8956249999960268,1433.0,0.000624999999997,0.2,-3.03576608296e-18,-0.75072749386,0.75072749386,0.75072749386
0.8962499999960241,1434.0,0.000624999999997,0.2,1.14925430283e-17,-0.750488827777,0.750488827777,0.750488827777
0.8968749999960213,1435.0,0.000624999999997,0.2,-8.02648420818e-18,-0.750203964928,0.750203964928,0.750203964928
0.8974999999960185,1436.0,0.000624999999997,0.2,-2.85145171364e-17,-0.749872941404,0.749872941404,0.749872941404
0.8981249999960157,1437.0,0.000624999999997,0.2,-1.16009632456e-17,-0.749495796125,0.749495796125,0.749495796125
0.898749999996013,1438.0,0.000624999999997,0.2,-1.51788304148e-17,-0.749144559251,0.749144559251,0.749144559251
0.8993749999960102,1439.0,0.000624999999997,0.2,1.8323016715e-17,-0.74913736041,0.74913736041,0.74913736041
0.8999999999960074,1440.0,0.000624999999997,0.2,-8.23993651089e-18,-0.749083955382,0.749083955382,0.749083955382
0.9006249999960046,1441.0,0.000624999999997,0.2,-1.53956708493e-17,-0.748984365984,0.748984365984,0.748984365984
0.9012499999960019,1442.0,0.000624999999997,0.2,-7.5894152074e-19,-0.748838616871,0.748838616871,0.748838616871
0.9018749999959991,1443.0,0.000624999999997,0.2,-1.84314369323e-17,-0.748682208783,0.748682208783,0.748682208783
0.9024999999959964,1444.0,0.000624999999997,0.2,2.92734586571e-18,-0.748675114133,0.748675114133,0.748675114133
0.9031249999959936,1445.0,0.000624999999997,0.2,7.48777125373e-18,-0.748621841769,0.748621841769,0.748621841769
0.9037499999959908,1446.0,0.000624999999997,0.2,1.13841228111e-17,-0.748522413485,0.748522413485,0.748522413485
0.904374999995988,1447.0,0.000624999999997,0.2,1.90819582357e-17,-0.748376853916,0.748376853916,0.748376853916
0.9049999999959852,1448.0,0.000624999999997,0.2,-1.19262238973e-18,-0.748220143449,0.748220143449,0.748220143449
0.9056249999959824,1449.0,0.000624999999997,0.2,-1.07336015076e-17,-0.748213152865,0.748213152865,0.748213152865
0.9062499999959797,1450.0,0.000624999999997,0.2,-1.22514845491e-17,-0.74816001302,0.74816001302,0.74816001302
0.906874999995977,1451.0,0.000624999999997,0.2,-7.59619147098e-18,-0.748060745689,0.748060745689,0.748060745689
0.9074999999959742,1452.0,0.000624999999997,0.2,-4.87890977618e-18,-0.747915375486,0.747915375486,0.747915375486
0.9081249999959714,1453.0,0.000624999999997,0.2,1.45283091113e-17,-0.747723929858,0.747723929858,0.747723929858
0.9087499999959686,1454.0,0.000624999999997,0.2,-1.55040910665e-17,-0.747486439084,0.747486439084,0.747486439084
0.9093749999959658,1455.0,0.000624999999997,0.2,4.66206934169e-18,-0.747202936269,0.747202936269,0.747202936269
0.909999999995963,1456.0,0.000624999999997,0.2,-1.01915004214e-17,-0.746873457346,0.746873457346,0.746873457346
0.9106249999959602,1457.0,0.000624999999997,0.2,-7.04731412116e-18,-0.746498041066,0.746498041066,0.746498041066
0.9112499999959576,1458.0,0.000624999999997,0.2,2.27682456222e-17,-0.746146228087,0.746146228087,0.746146228087
0.9118749999959548,1459.0,0.000624999999997,0.2,-1.16009632456e-17,-0.746139278178,0.746139278178,0.746139278178
0.912499999995952,1460.0,0.000624999999997,0.2,-1.92920224067e-17,-0.746086306914,0.746086306914,0.746086306914
0.9131249999959492,1461.0,0.000624999999997,0.2,1.17093834628e-17,-0.745987336009,0.745987336009,0.745987336009
0.9137499999959464,1462.0,0.000624999999997,0.2,1.62630325873e-18,-0.745842390008,0.745842390008,0.745842390008
0.9143749999959436,1463.0,0.000624999999997,0.2,8.67361737988e-19,-0.745685727627,0.745685727627,0.745685727627
0.9149999999959408,1464.0,0.000624999999997,0.2,-1.06251812904e-17,-0.745678881358,0.745678881358,0.745678881358
0.9156249999959382,1465.0,0.000624999999997,0.2,-1.84314369323e-18,-0.74562604209,0.74562604209,0.74562604209
0.9162499999959354,1466.0,0.000624999999997,0.2,-8.89045781438e-18,-0.745527231519,0.745527231519,0.745527231519
0.9168749999959326,1467.0,0.000624999999997,0.2,8.99887803163e-18,-0.745382474168,0.745382474168,0.745382474168
0.9174999999959298,1468.0,0.000624999999997,0.2,1.95156391047e-18,-0.745225511161,0.745225511161,0.745225511161
0.918124999995927,1469.0,0.000624999999997,0.2,-2.05998412772e-17,-0.745218768406,0.745218768406,0.745218768406
0.9187499999959242,1470.0,0.000624999999997,0.2,-4.0115480382e-18,-0.745166060991,0.745166060991,0.745166060991
0.9193749999959214,1471.0,0.000624999999997,0.2,3.46944695195e-18,-0.745067410594,0.745067410594,0.745067410594
0.9199999999959187,1472.0,0.000624999999997,0.2,4.0115480382e-18,-0.744922841715,0.744922841715,0.744922841715
0.920624999995916,1473.0,0.000624999999997,0.2,1.04083408559e-17,-0.744732381679,0.744732381679,0.744732381679
0.9212499999959132,1474.0,0.000624999999997,0.2,7.5894152074e-19,-0.744496060629,0.744496060629,0.744496060629
0.9218749999959104,1475.0,0.000624999999997,0.2,-1.29020058526e-17,-0.744213911526,0.744213911526,0.744213911526
0.9224999999959076,1476.0,0.000624999999997,0.2,-1.40946282423e-18,-0.743885970143,0.743885970143,0.743885970143
0.9231249999959048,1477.0,0.000624999999997,0.2,1.05167610731e-17,-0.743512275066,0.743512275066,0.743512275066
0.9237499999959021,1478.0,0.000624999999997,0.2,-7.69783542465e-18,-0.743159896215,0.743159896215,0.743159896215
0.9243749999958993,1479.0,0.000624999999997,0.2,-3.25260651746e-18,-0.743153193362,0.743153193362,0.743153193362
0.9249999999958965,1480.0,0.000624999999997,0.2,-7.8062556419e-18,-0.743100653245,0.743100653245,0.743100653245
0.9256249999958938,1481.0,0.000624999999997,0.2,-1.05167610731e-17,-0.743002297479,0.743002297479,0.743002297479
0.926249999995891,1482.0,0.000624999999997,0.2,1.40946282423e-18,-0.742858150496,0.742858150496,0.742858150496
0.9268749999958882,1483.0,0.000624999999997,0.2,-3.27971157177e-17,-0.742701238362,0.742701238362,0.742701238362
0.9274999999958854,1484.0,0.000624999999997,0.2,-4.77048955894e-18,-0.742694638598,0.742694638598,0.742694638598
0.9281249999958827,1485.0,0.000624999999997,0.2,6.56619940712e-18,-0.742642229814,0.742642229814,0.742642229814
0.9287499999958799,1486.0,0.000624999999997,0.2,5.3668007538e-18,-0.742544033605,0.742544033605,0.742544033605
0.9293749999958771,1487.0,0.000624999999997,0.2,1.27393755267e-17,-0.742400074382,0.742400074382,0.742400074382
0.9299999999958743,1488.0,0.000624999999997,0.2,-1.37151574819e-17,-0.742242863367,0.742242863367,0.742242863367
0.9306249999958716,1489.0,0.000624999999997,0.2,-3.41523684333e-18,-0.742236366567,0.742236366567,0.742236366567
0.9312499999958688,1490.0,0.000624999999997,0.2,-5.09575021068e-18,-0.742184088974,0.742184088974,0.742184088974
0.931874999995866,1491.0,0.000624999999997,0.2,1.18787900523e-17,-0.742086052163,0.742086052163,0.742086052163
0.9324999999958633,1492.0,0.000624999999997,0.2,3.95733792957e-18,-0.741942280524,0.741942280524,0.741942280524
0.9331249999958605,1493.0,0.000624999999997,0.2,2.83518868105e-17,-0.741752801258,0.741752801258,0.741752801258
0.9337499999958577,1494.0,0.000624999999997,0.2,1.40946282423e-18,-0.741517644374,0.741517644374,0.741517644374
0.9343749999958549,1495.0,0.000624999999997,0.2,1.61004022614e-17,-0.741236842688,0.741236842688,0.741236842688
0.9349999999958521,1496.0,0.000624999999997,0.2,-1.43656787854e-17,-0.740910431818,0.740910431818,0.740910431818
0.9356249999958494,1497.0,0.000624999999997,0.2,5.74627151417e-18,-0.740538450178,0.740538450179,0.7405384501785
0.9362499999958466,1498.0,0.000624999999997,0.2,5.14996031931e-18,-0.740185515618,0.740185515618,0.740185515618
0.9368749999958439,1499.0,0.000624999999997,0.2,-1.04693272281e-17,-0.740179057954,0.740179057954,0.740179057954
0.9374999999958411,1500.0,0.000624999999997,0.2,-4.17417836407e-18,-0.740126946383,0.740126946382,0.7401269463825
0.9381249999958383,1501.0,0.000624999999997,0.2,1.03541307472e-17,-0.740029202417,0.740029202417,0.740029202417
0.9387499999958355,1502.0,0.000624999999997,0.2,-7.63684905244e-18,-0.739885850379,0.739885850379,0.739885850379
0.9393749999958327,1503.0,0.000624999999997,0.2,4.98732999343e-18,-0.739728693,0.739728693,0.739728693
0.93999999999583,1504.0,0.000624999999997,0.2,-9.48676900925e-18,-0.739722337878,0.739722337878,0.739722337878
0.9406249999958272,1505.0,0.000624999999997,0.2,2.11419423635e-18,-0.739670356979,0.739670356979,0.739670356979
0.9412499999958245,1506.0,0.000624999999997,0.2,1.6588293239e-17,-0.739572771798,0.739572771798,0.739572771798
0.9418749999958217,1507.0,0.000624999999997,0.2,1.35525271561e-18,-0.739429606634,0.739429606634,0.739429606634
0.9424999999958189,1508.0,0.000624999999997,0.2,-5.14996031931e-18,-0.739272152107,0.739272152107,0.739272152107
0.9431249999958161,1509.0,0.000624999999997,0.2,6.82369742308e-18,-0.739265899404,0.739265899404,0.739265899404
0.9437499999958133,1510.0,0.000624999999997,0.2,-6.66784336079e-18,-0.739214049036,0.739214049036,0.739214049036
0.9443749999958105,1511.0,0.000624999999997,0.2,4.66206934169e-18,-0.73911662248,0.73911662248,0.73911662248
0.9449999999958077,1512.0,0.000624999999997,0.2,-6.17995238317e-18,-0.738973644015,0.738973644015,0.738973644015
0.9456249999958051,1513.0,0.000624999999997,0.2,2.87313575709e-18,-0.73878514072,0.73878514072,0.73878514072
0.9462499999958023,1514.0,0.000624999999997,0.2,-1.62630325873e-18,-0.73855114247,0.73855114247,0.73855114247
0.9468749999957995,1515.0,0.000624999999997,0.2,-7.5894152074e-18,-0.738271681937,0.738271681937,0.738271681937
0.9474999999957967,1516.0,0.000624999999997,0.2,-1.16551733542e-17,-0.737946794581,0.737946794581,0.737946794581
0.9481249999957939,1517.0,0.000624999999997,0.2,-1.41488383509e-17,-0.737576518652,0.737576518652,0.737576518652
0.9487499999957911,1518.0,0.000624999999997,0.2,-6.55942314354e-18,-0.737223038471,0.737223038471,0.737223038471
0.9493749999957884,1519.0,0.000624999999997,0.2,-3.90312782095e-18,-0.737216824143,0.737216824142,0.7372168241425
0.9499999999957857,1520.0,0.000624999999997,0.2,7.53520509877e-18,-0.737165138527,0.737165138527,0.737165138527
0.9506249999957829,1521.0,0.000624999999997,0.2,-1.49619899803e-17,-0.737068003041,0.737068003041,0.737068003041
0.9512499999957801,1522.0,0.000624999999997,0.2,-1.20888542232e-17,-0.736925441894,0.736925441894,0.736925441894
0.9518749999957773,1523.0,0.000624999999997,0.2,8.18572640227e-18,-0.736768043745,0.736768043745,0.736768043745
0.9524999999957745,1524.0,0.000624999999997,0.2,1.73607872869e-17,-0.736761931414,0.736761931414,0.736761931414
0.9531249999957717,1525.0,0.000624999999997,0.2,9.70360944375e-18,-0.736710375814,0.736710375814,0.736710375814
0.953749999995769,1526.0,0.000624999999997,0.2,-1.08962318335e-17,-0.736613398343,0.736613398343,0.736613398343
0.9543749999957662,1527.0,0.000624999999997,0.2,8.13151629364e-19,-0.736471023189,0.736471023189,0.736471023189
0.9549999999957635,1528.0,0.000624999999997,0.2,-7.5894152074e-19,-0.736313329617,0.736313329617,0.736313329617
0.9556249999957607,1529.0,0.000624999999997,0.2,9.75781955237e-19,-0.73630731916,0.73630731916,0.73630731916
0.9562499999957579,1530.0,0.000624999999997,0.2,2.60208521397e-18,-0.736255893436,0.736255893436,0.736255893436
0.9568749999957551,1531.0,0.000624999999997,0.2,-1.02999206386e-17,-0.736159073822,0.736159073822,0.736159073822
0.9574999999957523,1532.0,0.000624999999997,0.2,9.21571846613e-18,-0.736016884486,0.736016884486,0.736016884486
0.9581249999957496,1533.0,0.000624999999997,0.2,-8.72782748851e-18,-0.735829352385,0.735829352385,0.735829352385
0.9587499999957468,1534.0,0.000624999999997,0.2,-1.69677639994e-17,-0.735596507262,0.735596507262,0.735596507262
0.959374999995744,1535.0,0.000624999999997,0.2,-8.13151629364e-19,-0.735318381645,0.735318381645,0.735318381645
0.9599999999957413,1536.0,0.000624999999997,0.2,-1.51788304148e-18,-0.734995010838,0.734995010838,0.734995010838
0.9606249999957385,1537.0,0.000624999999997,0.2,-8.13151629364e-18,-0.734626432926,0.734626432926,0.734626432926
0.9612499999957357,1538.0,0.000624999999997,0.2,9.21571846613e-19,-0.734272417141,0.734272417141,0.734272417141
0.9618749999957329,1539.0,0.000624999999997,0.2,-1.05709711817e-18,-0.734266444304,0.734266444304,0.734266444304
0.9624999999957302,1540.0,0.000624999999997,0.2,1.84314369323e-18,-0.734215182071,0.734215182071,0.734215182071
0.9631249999957274,1541.0,0.000624999999997,0.2,-7.45388993584e-18,-0.73411865176,0.73411865176,0.73411865176
0.9637499999957246,1542.0,0.000624999999997,0.2,-1.43927838397e-17,-0.733976877471,0.733976877471,0.733976877471
0.9643749999957218,1543.0,0.000624999999997,0.2,3.41523684333e-18,-0.733819242993,0.733819242993,0.733819242993
0.9649999999957191,1544.0,0.000624999999997,0.2,8.37546178245e-18,-0.733813371611,0.733813371611,0.733813371611
0.9656249999957163,1545.0,0.000624999999997,0.2,-1.13841228111e-17,-0.733762238741,0.733762238741,0.733762238741
0.9662499999957135,1546.0,0.000624999999997,0.2,-1.37422625363e-17,-0.733665865679,0.733665865679,0.733665865679
0.9668749999957108,1547.0,0.000624999999997,0.2,-5.71916645986e-18,-0.733524276505,0.733524276505,0.733524276505
0.967499999995708,1548.0,0.000624999999997,0.2,3.52365706058e-18,-0.733366348322,0.733366348322,0.733366348322
0.9681249999957052,1549.0,0.000624999999997,0.2,-1.00288700955e-18,-0.733360578273,0.733360578273,0.733360578273
0.9687499999957024,1550.0,0.000624999999997,0.2,5.63785129692e-18,-0.733309574625,0.733309574624,0.7333095746245
0.9693749999956996,1551.0,0.000624999999997,0.2,9.83913471531e-18,-0.733213358655,0.733213358655,0.733213358655
0.9699999999956969,1552.0,0.000624999999997,0.2,5.66495635124e-18,-0.733071954422,0.733071954421,0.7330719544215001
0.9706249999956941,1553.0,0.000624999999997,0.2,1.54498809579e-18,-0.732885388761,0.732885388761,0.732885388761
0.9712499999956914,1554.0,0.000624999999997,0.2,-2.54516459991e-17,-0.732653691284,0.732653691284,0.732653691284
0.9718749999956886,1555.0,0.000624999999997,0.2,-1.94072188875e-17,-0.732376894374,0.732376894374,0.732376894374
0.9724999999956858,1556.0,0.000624999999997,0.2,-7.8062556419e-18,-0.732055033183,0.732055033183,0.732055033183
0.973124999995683,1557.0,0.000624999999997,0.2,5.5836411883e-18,-0.731688145627,0.731688145627,0.731688145627
0.9737499999956802,1558.0,0.000624999999997,0.2,7.61652026171e-18,-0.731333604186,0.731333604186,0.731333604186
0.9743749999956774,1559.0,0.000624999999997,0.2,-6.88468379528e-18,-0.731327871006,0.731327871006,0.731327871006
0.9749999999956748,1560.0,0.000624999999997,0.2,-5.3668007538e-18,-0.731277029595,0.731277029595,0.731277029595
0.975624999995672,1561.0,0.000624999999997,0.2,-2.79182059415e-18,-0.731181101172,0.731181101172,0.731181101172
0.9762499999956692,1562.0,0.000624999999997,0.2,-1.00830802041e-17,-0.731040109725,0.731040109725,0.731040109725
0.9768749999956664,1563.0,0.000624999999997,0.2,1.87024874754e-18,-0.730882243332,0.730882243332,0.730882243332
0.9774999999956636,1564.0,0.000624999999997,0.2,1.68051336735e-18,-0.730876611069,0.730876611069,0.730876611069
0.9781249999956608,1565.0,0.000624999999997,0.2,-2.2226144536e-18,-0.73082589837,0.73082589837,0.73082589837
0.978749999995658,1566.0,0.000624999999997,0.2,-4.30970363563e-18,-0.730730126433,0.730730126433,0.730730126433
0.9793749999956554,1567.0,0.000624999999997,0.2,-8.83624770576e-18,-0.730589319229,0.730589319229,0.730589319229
0.9799999999956526,1568.0,0.000624999999997,0.2,-1.32814766129e-17,-0.730431160837,0.730431160837,0.730431160837
0.9806249999956498,1569.0,0.000624999999997,0.2,-5.55653613399e-18,-0.730425629368,0.730425629368,0.730425629368
0.981249999995647,1570.0,0.000624999999997,0.2,-1.06251812904e-17,-0.730375045241,0.730375045241,0.730375045241
0.9818749999956442,1571.0,0.000624999999997,0.2,-1.78080206831e-17,-0.730279429635,0.730279429635,0.730279429635
0.9824999999956414,1572.0,0.000624999999997,0.2,1.00830802041e-17,-0.730138806499,0.730138806499,0.730138806499
0.9831249999956386,1573.0,0.000624999999997,0.2,1.19262238973e-18,-0.729953202548,0.729953202548,0.729953202548
0.983749999995636,1574.0,0.000624999999997,0.2,-9.05308814025e-18,-0.729722647261,0.729722647262,0.7297226472614999
0.9843749999956332,1575.0,0.000624999999997,0.2,7.08797170262e-18,-0.729447172879,0.729447172879,0.729447172879
0.9849999999956304,1576.0,0.000624999999997,0.2,-2.73761048553e-18,-0.729126814399,0.7291268144,0.7291268143995
0.9856249999956276,1577.0,0.000624999999997,0.2,-8.53809210832e-19,-0.728761609575,0.728761609575,0.728761609575
0.9862499999956248,1578.0,0.000624999999997,0.2,-7.16928686556e-18,-0.728406552351,0.728406552351,0.728406552351
0.986874999995622,1579.0,0.000624999999997,0.2,-3.63207727783e-18,-0.728401057007,0.728401057007,0.728401057007
0.9874999999956192,1580.0,0.000624999999997,0.2,-1.01643953671e-17,-0.728350633871,0.728350633871,0.728350633871
0.9881249999956165,1581.0,0.000624999999997,0.2,1.89870905457e-17,-0.728255304064,0.728255304064,0.728255304064
0.9887499999956137,1582.0,0.000624999999997,0.2,-3.64562980498e-18,-0.728115091467,0.728115091466,0.7281150914665
0.989374999995611,1583.0,0.000624999999997,0.2,-4.75693703178e-18,-0.727956997537,0.727956997537,0.727956997537
0.9899999999956082,1584.0,0.000624999999997,0.2,-2.04372109514e-17,-0.727951602573,0.727951602573,0.727951602573
0.9906249999956054,1585.0,0.000624999999997,0.2,-1.20075390603e-17,-0.727901307502,0.727901307502,0.727901307502
0.9912499999956026,1586.0,0.000624999999997,0.2,2.28631133123e-17,-0.727806133423,0.727806133423,0.727806133423
0.9918749999955998,1587.0,0.000624999999997,0.2,-5.69206140555e-18,-0.727666104198,0.727666104198,0.727666104198
0.9924999999955971,1588.0,0.000624999999997,0.2,-8.30769914667e-18,-0.727507719968,0.727507719968,0.727507719968
0.9931249999955943,1589.0,0.000624999999997,0.2,7.16928686556e-18,-0.727502425263,0.727502425263,0.727502425263
0.9937499999955915,1590.0,0.000624999999997,0.2,-1.86889349482e-17,-0.727452258117,0.727452258117,0.727452258117
0.9943749999955888,1591.0,0.000624999999997,0.2,-4.44522890719e-18,-0.727357239611,0.727357239611,0.727357239611
0.994999999995586,1592.0,0.000624999999997,0.2,-8.40256683676e-19,-0.727217393585,0.727217393585,0.727217393585
0.9956249999955832,1593.0,0.000624999999997,0.2,5.52943107968e-18,-0.727032746634,0.727032746634,0.727032746634
0.9962499999955804,1594.0,0.000624999999997,0.2,-3.75405002223e-18,-0.726803328107,0.726803328107,0.726803328107
0.9968749999955777,1595.0,0.000624999999997,0.2,4.49943901581e-18,-0.726529170101,0.726529170101,0.726529170101
0.9974999999955749,1596.0,0.000624999999997,0.2,-1.30646361785e-17,-0.726210307461,0.726210307461,0.726210307461
0.9981249999955721,1597.0,0.000624999999997,0.2,-3.1170812459e-19,-0.725846777775,0.725846777775,0.725846777775
0.9987499999955693,1598.0,0.000624999999997,0.2,-1.16009632456e-17,-0.725491214574,0.725491214574,0.725491214574
0.9993749999955666,1599.0,0.000624999999997,0.2,-1.40404181337e-17,-0.725485955254,0.725485955254,0.725485955254
0.9999999999955638,1600.0,0.000624999999997,0.2,2.14807555424e-17,-0.72543594786,0.72543594786,0.72543594786
1.0,1601.0,4.4362291618e-12,1.41959333178e-09,1.96782694306e-17,-0.72543594786,0.725435947859,0.7254359478595
