/*--------------------------------*- C++ -*----------------------------------*\
  =========                 |
  \\      /  F ield         | OpenFOAM: The Open Source CFD Toolbox
   \\    /   O peration     | Website:  https://openfoam.org
    \\  /    A nd           | Version:  14
     \\/     M anipulation  |
\*---------------------------------------------------------------------------*/
FoamFile
{
    format      ascii;
    class       volVectorField;
    location    "77.000000000004";
    object      U;
}
// * * * * * * * * * * * * * * * * * * * * * * * * * * * * * * * * * * * * * //

dimensions      [0 1 -1 0 0 0 0];

internalField   nonuniform List<vector> 
2646
(
(0.000775000364184 -0.00412539868546 0)
(0.00120641863791 -0.00198353195348 -6.3296914512e-18)
(0.00432731481687 -0.00296395183846 -5.80720876137e-20)
(0.0160528244528 0.0021212575819 3.8292559373e-18)
(0.0027476061124 -0.0121840169799 -1.19035623682e-18)
(-0.0792771290073 0.0121438241932 0)
(-0.0104922876278 0.00512503448202 0)
(-0.105290674847 0.00324428322939 0)
(-0.336650091253 0.0964062438265 -1.40083347229e-16)
(-0.354332064776 0.0211269249044 4.42773916618e-17)
(-0.0644376011234 0.0385649847397 1.29612922358e-18)
(-0.367016157774 -0.0347497871035 -6.30243466494e-18)
(-0.407239741244 0.0329898075534 1.7469732433e-16)
(-0.404871724357 -0.00203750724151 2.83661442883e-17)
(-0.379415386108 0.0695769498544 3.39805169027e-17)
(-0.234738710651 -0.127499959388 7.66024197119e-19)
(-0.384523845705 -0.0575328761632 -4.98551281957e-17)
(-0.20577420614 0.105347424006 0)
(-0.349828965334 -0.100375922967 -1.67535810824e-16)
(-0.11507854511 0.0638336750574 0)
(-0.304783021851 -0.0585117383293 5.60469486986e-17)
(0.00234024399664 -0.00625758348093 7.45691821904e-18)
(-0.21759267696 0.000820783686997 3.28833194497e-18)
(-0.350321753025 -0.00731624545126 -2.0475683379e-16)
(-0.218016411961 -0.06039975911 -5.54005871931e-17)
(-0.102716700325 0.0548097593427 2.38077980352e-18)
(-0.167516152028 0.0263794233704 0)
(-0.307280303663 0.0539871533974 1.59524740121e-16)
(-0.325232285913 0.0316598016928 0)
(-0.198199266282 0.0721674424998 9.50756953299e-17)
(-0.107735931546 0.0163801192308 -6.5676313538e-17)
(2.62738935356e-05 0.00184902288492 1.70349434093e-18)
(0.000389196543635 -0.008783586644 -1.25989290808e-17)
(-0.000938825048741 -0.0376707757007 0)
(-0.00915396078509 -0.0240333683365 0)
(-0.0633389152141 0.0417332574065 0)
(-0.273946653079 0.107825686352 0)
(-0.393536662612 0.0521382484515 -1.32837823755e-16)
(-0.41046948162 -0.0414461009723 -4.45019126968e-17)
(-0.292168895599 -0.118416993113 -9.75076443417e-18)
(-0.138995087222 -0.0725656137318 0)
(-0.107737138605 -0.0715891915827 -3.2369626453e-19)
(0.000219854407851 0.00322024048501 7.7903124988e-17)
(0.000523150518191 -0.00215997872114 -1.78112362823e-16)
(0.00149043467494 0.00278567387814 3.95192271129e-17)
(-0.00933652780964 -0.0115664128342 1.58094870503e-17)
(-0.00354315252732 0.00399003265671 -1.25663604559e-17)
(-0.00239529587164 0.0988742255232 -5.59625505042e-17)
(-0.0028714202443 0.0340300652641 1.9027368581e-17)
(0.0136299185059 0.171212647148 -1.23181163859e-17)
(-0.0960685366711 0.299643644122 -1.06485179037e-16)
(0.0422584881736 0.362397531852 2.180281419e-16)
(0.0123256810073 0.348269961168 0)
(0.0500704857671 0.307327349496 1.43254219529e-16)
(-0.0490820346502 0.0721756956157 6.56349477704e-19)
(-0.0736401058814 0.125814638071 -5.3595006331e-18)
(0.0532418611019 0.226711801933 -1.31022872288e-16)
(-0.00303050828393 0.349194086174 -8.61946990466e-17)
(-0.0212367692557 0.385412518647 1.99100269874e-16)
(0.0117863810317 0.373908822842 -2.01217488369e-16)
(-0.064058340295 0.340225281448 0)
(0.094626323611 0.251530324624 -8.12473239577e-17)
(0.0511793230824 0.371929003955 -1.0522788968e-16)
(-0.118084684346 0.201093389396 5.49091512411e-18)
(0.0793494432255 0.33777098744 2.95007639176e-16)
(-0.0799107061301 0.121169649726 1.26404178109e-17)
(0.0086379263041 0.215013674115 7.01641399617e-17)
(0.00786367779276 0.00426978559338 -3.45839380574e-17)
(0.0562539264148 0.14592789258 6.17387287907e-17)
(-0.0557827174826 0.282768289002 1.44652924841e-17)
(-0.00988257798124 0.316239840868 3.02558492028e-17)
(0.0324573037469 0.114832584325 2.08075029895e-17)
(-0.0819546204285 0.219694701039 8.23422512042e-17)
(-0.0387880533889 0.158622792824 -2.93346702267e-17)
(-0.00217392999847 0.0637222705378 -2.40200191137e-16)
(-0.0152219195166 0.166345483029 0)
(0.000276445109477 -0.00302196508522 6.66533697979e-19)
(0.00271622506612 0.00243160137772 4.84659722903e-17)
(0.0225046102379 0.0565201780419 1.26692133962e-16)
(0.011162344757 0.0657655437686 1.16305113611e-16)
(-0.0590259554633 0.0632152566743 3.85474985061e-18)
(-0.118546721048 0.259039771925 -1.00534146634e-19)
(-0.0347582517167 0.360993256055 0)
(0.0393529131774 0.378736661629 -2.83443557103e-16)
(0.0822144881213 0.280657957951 -2.62041466021e-17)
(0.0642396819257 0.178995236976 2.97425882839e-17)
(0.00298429613954 -0.406864404675 1.20696444718e-16)
(-0.0236436070593 -0.0902954455551 -4.54613906947e-17)
(-0.00570914218097 -0.258336899825 -5.52964342994e-17)
(-0.147763933001 -0.469412968506 2.05938688141e-16)
(-0.0563783950863 -0.541726516402 0)
(-0.0856102729924 -0.147573762922 4.32550562501e-18)
(-0.0138202141723 -0.450990184405 0)
(-0.049327787316 -0.459325288141 0)
(-0.0165722635215 -0.42809688237 7.6644898053e-17)
(-0.0973202466637 -0.453393631666 -4.13010233095e-16)
(0.0355989281686 -0.372855161023 2.17707959817e-18)
(-0.00455540114532 -0.400518456086 0)
(-0.173469173112 -0.322469293008 2.12237193947e-17)
(0.0129750317613 -0.38866319975 0)
(-0.131721007633 -0.21368239005 -1.62003357007e-17)
(-0.00602529289283 -0.444164861872 0)
(0.0087120062568 -0.00807668085972 -1.97329834374e-18)
(-0.0411449494908 -0.507508718305 -2.45589626094e-16)
(-0.0333043570917 -0.48858850917 5.34695572051e-16)
(0.0140089262379 -0.447837438172 0)
(-0.112264806856 -0.216295737513 -2.67768295365e-17)
(-0.0460186508069 -0.419339416386 0)
(-0.103046321282 -0.473721793068 -1.54059293356e-16)
(-0.0634189537922 -0.501812953674 1.72351650632e-16)
(-0.113891989342 -0.34050402424 2.28472708861e-17)
(-0.0413267467345 -0.26984222312 5.26952836395e-17)
(-0.0115838865835 -0.0114459099059 3.8205402201e-17)
(0.00404467214418 -0.0221439885635 0)
(0.00760776400984 -0.364469919957 -4.72636501825e-16)
(-0.0913716371537 -0.129323699436 -1.23463827924e-16)
(-0.162485821506 -0.397306701344 0)
(-0.0626208361267 -0.467832541166 2.49887777276e-16)
(-0.0174908969348 -0.419601961872 0)
(0.0310878980212 -0.382094766502 0)
(0.0381429861469 -0.344572587835 1.36414823479e-16)
(0.0545839683662 -0.412494986971 2.33225023795e-16)
(0.061569413596 -0.449516600193 -1.87972456716e-16)
(-0.0463997530902 -0.0306643487332 -2.33743291798e-17)
(-0.0970199113622 0.07105524896 -7.69825356415e-17)
(0.263156573248 0.0224350844979 1.16232078559e-16)
(-0.0683101976465 0.0529558260053 0)
(0.021825759625 0.0947689554897 -7.3425213009e-18)
(0.541900370414 0.00758504308143 2.78275650127e-16)
(0.347868178142 0.00112535077432 -5.59214306139e-17)
(0.415876029707 0.0419458344983 0)
(0.353834985097 0.0944976657338 8.59536005139e-16)
(0.389976919506 -0.00431715675263 4.47857587011e-16)
(0.430939146915 0.013739255822 1.6746541767e-15)
(0.40809167729 -0.00732199551081 -3.60516171957e-16)
(0.153764881157 0.0872978310165 8.16469725637e-18)
(0.217550448322 0.0883945927532 5.80993100678e-18)
(0.3505495059 -0.0132395435829 3.72968770141e-16)
(0.417707296587 0.0226700191808 -5.34052336631e-16)
(0.408845098788 0.0388638825109 -3.08201619184e-16)
(0.397611654904 0.0144047784614 -5.72144889242e-16)
(0.401629158101 0.0524727874638 1.24819551784e-16)
(0.32420177272 -0.0314539383897 -6.96349598156e-16)
(0.38522492224 -0.00586504012491 9.51198828693e-16)
(0.269538493531 0.136272687988 -1.32426525025e-17)
(0.387241721631 -0.0552827217783 0)
(0.190898147865 0.134477342954 -4.97650636304e-17)
(0.455085835927 -0.00352421534924 5.88314297405e-16)
(0.192956859407 0.0281042615872 -6.33570691749e-18)
(0.307028084993 -0.045009390747 -5.55007626844e-16)
(0.386472542009 0.0422181575485 -1.66713130639e-16)
(0.419897493325 0.0502450494247 0)
(0.429226071671 -0.042231767717 -1.61177774934e-18)
(0.3044036483 0.0834442668231 -3.46128381083e-16)
(0.346895969514 0.0219741037313 1.36583565557e-16)
(0.539415099532 0.0280261384135 -3.32684758572e-17)
(0.531386522274 0.00626935150298 -5.78867125012e-16)
(0.0819529421414 0.106085287924 1.56505557155e-16)
(0.307000280659 -0.0593161844247 0)
(0.0488402622839 0.0713607734889 -1.60486304669e-16)
(0.372384050423 -0.0303910426331 -4.2656728876e-17)
(0.124047901227 0.133079492528 0)
(0.325417680879 0.127169093301 4.28080607427e-16)
(0.416142630862 0.0711838790807 -4.12346263938e-16)
(0.395013095668 -0.00317775423243 -8.23424718668e-16)
(0.334615264272 -0.042691232759 0)
(0.299248045975 -0.0800481287696 4.15431974168e-16)
(0.44843534363 -0.382125936891 -1.96506500238e-15)
(0.290615394842 -0.104756243664 3.01781010767e-15)
(-0.00669830625457 -0.469443446095 0)
(0.0213432206397 -0.309052055931 1.13186163649e-16)
(0.382757866495 -0.0102896108914 0)
(-0.411162709861 0.0302701983789 2.98035205924e-16)
(-0.410182574774 0.015494599885 -2.98035205924e-16)
(-0.171781773717 0.107904614952 0)
(-0.188271892689 0.112192174795 0)
(-0.366214554608 -0.0835599553716 2.94645371131e-16)
(-0.374969014336 -0.10181337006 5.54600431148e-16)
(-0.0369939122055 0.0341945232722 0)
(-0.0511662134853 0.0407293550433 0)
(-0.33306632854 0.112614178892 0)
(-0.31097993745 0.124859943925 0)
(-0.368204346737 0.0832891971903 0)
(-0.354758597262 0.109575307446 4.08372534222e-16)
(-0.216680644759 -0.131532942552 -3.83113373871e-17)
(-0.198344581227 -0.116917688869 3.83113373872e-17)
(-0.0814484275651 -0.0718987366696 0)
(-0.097973055455 -0.0922560844874 0)
(-0.0178734167322 0.386772258448 0)
(-0.00070493522837 0.378910381158 5.69982885142e-16)
(-0.113268770308 0.167453013397 -5.36319221574e-17)
(-0.122699629395 0.18507514355 -1.36295301024e-17)
(0.0637180903385 0.355950825579 3.03506072305e-16)
(0.0835483656319 0.354642621743 -1.56749148102e-15)
(-0.0416050559853 0.0380754166755 -4.25103228013e-18)
(-0.0518977359583 0.0527377493206 -3.53465148552e-17)
(-0.106295298625 0.299541797161 9.41930234602e-17)
(-0.122639040327 0.284962874997 -9.41930234604e-17)
(-0.084566311027 0.328753662706 -2.62607189313e-17)
(-0.101530711422 0.326873143868 2.62607189313e-17)
(0.100733108359 0.237661294725 -1.10400608582e-16)
(0.108802069829 0.221667574085 1.10400608583e-16)
(0.0703995619307 0.133943609446 0)
(0.0609851378698 0.145477868445 -9.43814677301e-17)
(-0.394191958699 -0.0947669088366 2.0397801883e-16)
(-0.266826072924 0.203311656406 -2.36767133694e-17)
(-0.0899385564251 0.0801475430014 -4.81720041364e-19)
(0.345697766606 -0.0384672841499 -4.67912847094e-16)
(0.131881167013 0.183341763881 0)
(-0.144681802538 -0.156322600343 0)
(-0.184259593693 -0.189343530165 0)
(0.326268784062 0.0760203117837 -1.75479299058e-15)
(0.264225359586 -0.110759518616 2.24665326672e-15)
(0.321059838853 0.0989454921301 1.36325993641e-15)
(0.357610749239 -0.0303769532623 0)
(-0.400811208462 -0.0829030167399 3.8065537342e-16)
(-0.110891958251 0.0998290368447 0)
(0.148737962674 0.205047777434 0)
(0.241468889327 0.208823674504 1.03918568184e-16)
(-0.0899989445272 -0.359111596498 0)
(-0.0977320977331 -0.346782563734 -4.92539244401e-17)
(-0.215109240282 -0.386815205278 1.31151087807e-16)
(-0.221425675458 -0.368402163316 -2.30918922896e-16)
(-0.195444781583 -0.388269419415 0)
(-0.201589342639 -0.382813630222 -1.37451118412e-16)
(-0.240280924687 -0.315885615437 -1.76056805121e-16)
(-0.24919244532 -0.30807688455 1.34241057065e-16)
(-0.311397853057 0.207926473999 0)
(-0.333260178477 -0.197191062735 -1.99708025305e-16)
(0.268786804656 -0.114261448791 -2.06155757235e-15)
(0.274730704724 -0.0943856122176 0)
(0.290682647413 0.186266186093 0)
(0.366520304636 -0.00380887249075 -1.78612254941e-16)
(-0.410755800128 -0.028808106879 0)
(0.168330607419 -0.102928345419 2.101912358e-16)
(0.230103226283 0.21727539316 -3.24112362212e-16)
(0.268678709104 -0.106173355256 1.01275100265e-15)
(-0.32264731523 0.207794909153 -4.37967118289e-16)
(-0.26724267169 0.191208162693 0)
(0.359894712666 0.00215082214136 -1.96985640563e-15)
(-0.251660866952 0.197304864452 -1.47442355577e-16)
(0.318977786547 0.109720496225 2.04961436349e-16)
(0.32623667606 0.0674102696412 -9.6486209009e-16)
(-0.238658303272 -0.289632251163 0)
(-0.213578889935 -0.259330713796 0)
(-0.133401303674 -0.354798978751 3.58155466081e-16)
(-0.148861176484 -0.374452924711 7.84235039146e-17)
(-0.237943934492 -0.368687235957 -4.89497191531e-16)
(-0.236963547325 -0.372002248403 5.74185801665e-16)
(-0.0769834586541 -0.354213178607 -2.09284877711e-15)
(-0.0694807272286 -0.349084090838 1.74231163876e-15)
(0.0676344329985 -0.28377775358 9.28696158998e-16)
(0.00441538524789 -0.294574400049 0)
(-0.048311969101 -0.332368270026 1.65246212675e-15)
(-0.124531038435 -0.352907817208 4.19056210899e-16)
(-0.117645314668 -0.362982352017 0)
(-0.162548243395 -0.379558231424 -8.86010887779e-17)
(-0.166907493863 -0.366059038671 -7.46482301824e-17)
(-0.0274453606443 -0.365524057854 0)
(-0.234869740521 -0.345754694928 -3.67034156981e-16)
(-0.25049059305 -0.342370930822 2.96378565204e-16)
(-0.190806515033 -0.21950188656 0)
(0.0131820115032 -0.291522340094 1.73787649893e-15)
(0.0180727480421 -0.300899200471 -1.82269718482e-15)
(0.0312511643711 -0.333118193254 -1.97092338922e-15)
(0.0809336953679 -0.279813680787 -1.65646743918e-15)
(0.0792155736496 -0.275603794399 1.62741343988e-15)
(-0.0524590301356 -0.341485927684 -2.59097834877e-15)
(0.0586757314283 -0.294346807413 -2.77028698321e-16)
(-0.001890395513 -0.306389041867 7.39287057778e-16)
(-0.0317018852056 -0.357226374899 -6.65107239305e-16)
(0.0295391011105 -0.331653133528 2.26790330893e-15)
(0.271197044749 -0.085900415507 0)
(-0.198015149381 -0.212985543639 9.89956624947e-18)
(-0.323437408144 -0.209669848629 -5.1741550538e-17)
(-0.387876556657 0.0786813106826 6.58470267218e-16)
(0.324029445907 -0.0455840398209 -2.45752018032e-15)
(0.339748836068 0.0803975009627 -9.57086241262e-16)
(0.295770474281 0.182938842248 2.23630402856e-16)
(0.193139541424 -0.0753168362455 2.88158307956e-17)
(-0.404857793152 -0.0164671973789 -5.64689157606e-17)
(0.334380968865 0.0910437868263 -1.86351555481e-15)
(-0.377125326531 -0.0978847155278 2.50900164866e-16)
(0.357790815886 -0.011772966706 3.12315414939e-15)
(-0.408426394 -0.0425209806119 0)
(0.279124743817 0.199270463982 -2.48511027273e-16)
(0.212618477118 -0.102279491325 0)
(-0.345266753196 -0.191058219368 1.30783771411e-16)
(0.261074645608 0.185249749879 -3.3528561459e-16)
(-0.419570656258 -0.0429195301524 1.18612154256e-17)
(0.386327820615 -0.0160917431442 -5.87356236972e-17)
(0.225852588989 -0.136930479944 0)
(-0.40761095102 0.0424688837913 -1.19291716727e-15)
(0.233661247231 -0.100514285426 -8.1079896391e-16)
(-0.360564702966 0.14784807929 6.39694557903e-16)
(-0.291615085829 0.195005907726 1.5086964711e-16)
(0.233041362058 -0.132377484036 7.42941896579e-16)
(-0.367024388756 0.0802499140765 8.09470146712e-16)
(0.25537670961 0.209692327546 1.9464919675e-16)
(0.355760740349 -0.0233950506531 1.03772870751e-15)
(-0.395401442456 -0.0644765457857 -4.45250005073e-16)
(0.116023978634 0.176218856672 -6.42341661687e-17)
(-0.133900044951 -0.141260693344 0)
(0.19041389557 0.220012342835 1.24698735756e-16)
(-0.159097309246 0.128162677306 -2.19476522297e-17)
(0.0951993500651 -0.264050848298 -1.27276680569e-15)
(0.0827178745129 -0.273582387576 2.06494571117e-15)
(0.142439194527 -0.0824599094878 0)
(-0.0822746017191 0.0780986993156 4.59917613494e-18)
(0.198736710585 0.219378214722 1.70730226986e-16)
(-0.370947207803 0.154617339306 6.19601215757e-16)
(0.265682843733 0.195885802883 2.69584140619e-16)
(-0.408330778061 -0.05015734733 -1.34176030745e-17)
(0.369263225383 -0.0182152399493 -1.01880312079e-15)
(-0.419844558625 0.0352004891228 1.41230817387e-15)
(0.318207596057 0.158966931988 -1.33789956042e-15)
(-0.345635756986 0.174951622443 0)
(0.285669511038 -0.0944127212289 1.8122088981e-16)
(-0.371429938334 -0.160405216013 0)
(0.314467209783 0.169472782909 1.17864603239e-15)
(-0.340169788783 0.175073168149 0)
(-0.368001876313 -0.174524423004 -3.22941927627e-16)
(-0.364883304014 0.101765567775 -1.30889626288e-15)
(-0.409638343366 0.0506304348181 4.17968661092e-17)
(0.236280691614 -0.113701756121 4.71980426893e-16)
(-0.171541400397 0.141311234638 4.95930574507e-17)
(-0.125704296222 0.102971227461 6.40374902263e-17)
(0.167294492857 0.201663148449 0)
(0.330299590426 0.11629859494 -7.58097362021e-16)
(0.279288586629 -0.0748972644546 2.31969061026e-15)
(0.338419033504 0.0619837171418 -9.98189427109e-16)
(0.33659155196 0.0026904283149 1.67026412864e-15)
(0.255005497179 -0.110537767598 0)
(0.266515919793 -0.0958994938389 5.65204806325e-16)
(0.202590655815 -0.0858955226794 3.28921685349e-16)
(0.296213528344 -0.0672565608557 -2.4232953015e-15)
(0.153302656343 0.260710320436 -1.44805971238e-16)
(0.192148111132 0.26067497771 3.84659639655e-20)
(0.174163898876 0.256116246437 -3.84461799491e-20)
(0.049145206608 0.297856426031 0)
(0.0166329074689 0.179735900911 -1.98439781061e-26)
(0.0168339961022 0.137674229377 0)
(0.0167834575488 0.0977449943009 -3.09681317948e-15)
(0.275280745601 0.214758453478 8.14534908607e-16)
(0.0382264144456 0.32554993988 1.74448903892e-15)
(0.0163537331446 0.0596450710646 0)
(0.103022665718 0.373129979713 7.54818268974e-27)
(0.0276059732389 0.334783521751 -1.74448903892e-15)
(0.0825100408906 -0.0742608403555 0)
(0.169262406965 0.26543330592 3.17118997067e-19)
(0.049075279916 0.24675242658 0)
(0.361344480921 0.0442782032052 -1.05103693579e-15)
(-0.212175909941 -0.306918574566 -1.33713931264e-15)
(0.0153748618382 0.0226524982634 1.23461629891e-26)
(0.241841775707 0.223356317625 0)
(0.0568822782171 -0.102992189203 -3.24309896015e-15)
(0.143535597278 0.0685796429307 0)
(0.087514969426 -0.0381639259654 -4.33577140473e-17)
(0.0137002628963 -0.0140851062081 -3.43140491103e-15)
(0.0827045883747 0.0491187915213 0)
(0.142154461089 0.0340986827582 0)
(0.129376769815 0.0278977252995 1.12700573459e-26)
(0.0160094108505 0.405726843735 0)
(-0.423239443221 -0.00193250796269 0)
(-0.13858889223 0.361159589731 0)
(0.139455407705 0.000597529622498 0)
(0.005565366539 0.186981343143 2.66821632232e-15)
(0.394196110313 0.00787430548474 1.24182191075e-16)
(0.0384422813243 0.306871142729 0)
(-0.200256911771 -0.314858050764 6.8992207871e-16)
(-0.155542716276 0.343430133939 0)
(0.00582255188622 0.144523945624 -2.06998019661e-26)
(-0.143360225924 0.351492852086 0)
(0.0151340470098 0.399642535764 0)
(-0.131598828263 0.280049556367 0)
(0.00586630458996 0.104156269941 3.09681317949e-15)
(0.13151488643 0.0985928635714 0)
(-0.213627353428 -0.222903370853 -1.77070975413e-15)
(0.370596619503 0.00815223803649 -1.30007367162e-16)
(0.14373446652 0.104759579933 0)
(0.0393809323211 -0.0802218270458 6.10262898463e-27)
(-0.190258182235 -0.255414985641 -1.72125750942e-15)
(-0.202239113141 -0.246544220967 1.72125750942e-15)
(0.0756007675115 -0.045180081364 6.60730898288e-15)
(0.107254935868 0.124100294539 2.8361900262e-15)
(0.363199703693 0.0298530231684 -1.09612460293e-15)
(0.373025790568 0.0221253442056 -1.11579663616e-15)
(0.0792292958874 -0.00967932287263 0)
(0.277017717884 0.205159798614 -5.26177742482e-16)
(-0.143493213588 0.272390949956 3.29338190796e-27)
(-0.00172822171282 -0.0847564340547 0)
(-0.126493146655 -0.119295473572 0)
(0.00557303601311 0.0656552677001 1.17229352661e-26)
(0.264036171623 0.217046475058 -1.2619552786e-15)
(0.371868799666 0.0380657475914 1.090292058e-15)
(0.275414925986 0.217098889833 -6.43227909178e-16)
(0.221858338523 -0.0669197032751 -1.22876290883e-15)
(0.00523728581369 0.395551338285 0)
(-0.0604493540796 0.159164090336 0)
(-0.0384883069704 0.18732139407 0)
(0.102390923676 -0.00786090213967 6.44967452589e-15)
(0.0380778207858 0.254891856735 0)
(-0.0123887563151 -0.092296980683 0)
(0.00630281795225 0.385768522886 0)
(-0.0240088385015 -0.11374348 0)
(-0.0494002675288 0.16598894525 -4.86650927807e-27)
(-0.0598826300062 0.117879381236 -2.90282117674e-15)
(-0.0495279111799 0.180305167715 4.86650927808e-27)
(-0.189857500653 -0.183625342535 0)
(0.00479180716945 0.0283332455849 0)
(0.0101538188649 -0.0642810665863 1.2463718815e-26)
(-0.0594801503537 0.0782949124632 0)
(-0.0485813710253 0.0846306694528 -1.1194234674e-26)
(-0.153445350348 -0.146368598963 0)
(-0.0489179590562 0.124405363969 0)
(0.0282864430125 -0.0878709994057 3.36036472739e-15)
(0.0559299787169 0.395311468565 -9.64144403372e-16)
(-0.0594422641628 0.0653110800807 0)
(-0.0703578460453 0.059029676211 -3.1092295298e-15)
(0.255171532319 0.213494895769 1.2618301778e-15)
(-0.0429516281374 0.396821724669 -9.20795796929e-28)
(-0.201754792506 -0.23115008575 1.77070975413e-15)
(-0.187250831822 0.215486873399 -1.76820543673e-16)
(-0.0535748419199 0.39061224514 -2.10885656307e-27)
(0.015840098736 -0.109211327083 3.31688913802e-15)
(0.0911102618615 -0.00310900052456 -3.24682555963e-15)
(-0.0771747370976 0.384812464032 0)
(0.0473149480973 -0.0982574369557 3.24309896016e-15)
(-0.0595254211366 0.0271465646078 0)
(-0.169806308479 0.347230982943 -5.58632229199e-28)
(0.0685162838817 -0.0948568523639 0)
(-0.0432046885218 -0.249006040248 1.34339961737e-15)
(-0.0630412633413 0.39059803582 8.11826866627e-28)
(-0.429051443594 0.0345429423698 5.12141520452e-16)
(-0.0168212069799 0.403819443821 0)
(0.394580952151 0.0288378483995 1.87523506589e-15)
(-0.0338670588838 -0.394862044359 0)
(0.128457520617 0.0165066541219 -1.1270057346e-26)
(0.142869237079 0.0454925894019 -2.95568817978e-15)
(-0.102604919069 0.373037223402 -1.10260018982e-15)
(-0.117186579157 0.365667549821 -4.124737479e-27)
(0.161018797239 0.232162444038 -1.78458038715e-16)
(-0.389167809018 -0.130626616616 3.5833891211e-16)
(0.0705907876367 -0.0819806013099 0)
(-0.165948323835 0.195127550766 8.55188939534e-17)
(-0.0287521610787 -0.172298994898 0)
(0.0957381853111 0.168524875234 5.35271609001e-17)
(-0.0991516471959 0.376320664551 0)
(0.118044701617 0.0445704632809 3.10400459759e-15)
(-0.127732639072 0.367644676723 0)
(0.114763683914 -0.00131945389687 -3.20284896626e-15)
(-0.0862968150483 0.383441598 7.30036973979e-28)
(-0.0388062056484 -0.18116534733 1.81581528661e-19)
(0.141353339572 0.215762416244 0)
(-0.0200936021595 -0.178887016082 -3.06904531415e-15)
(0.140628576095 0.01179475474 -3.03117405228e-15)
(-0.00994475224117 -0.169833388089 3.06904215335e-15)
(-0.127990958949 -0.124937318169 0)
(0.0831941684808 0.0612121124065 0)
(0.106151500371 0.0499322407887 -3.10400459758e-15)
(0.0941742381746 0.0436592085837 -5.80805197688e-27)
(0.131890196655 0.301218417054 0)
(0.143714482021 0.117268200674 0)
(0.126519339842 -0.00588749234222 0)
(-0.000640869805653 -0.0715489001582 0)
(-0.0477191286407 -0.17425054805 0)
(-0.137570991428 0.0211458470764 2.95914046989e-15)
(0.119424338955 0.188480863907 0)
(0.130990466862 0.0624698311099 -2.18761183948e-26)
(-0.215749641624 -0.177768886582 0)
(0.0889649113181 -0.0262611878331 -4.06126873118e-17)
(-0.387505847942 -0.120150671794 0)
(0.10389680383 0.364219951581 0)
(-0.422502066597 0.011316266046 0)
(0.397272468738 0.0115872735066 0)
(0.00717721555366 0.402434099762 1.00950950005e-15)
(-0.130169859021 0.231784103224 -2.0708109129e-15)
(0.0944512009149 0.200251646509 0)
(0.119301107141 0.117538869194 0)
(-0.118106942416 0.209551564289 0)
(-0.43325712434 0.0402819129625 -2.43847710545e-16)
(0.387816033122 0.0346500071745 9.06056434291e-16)
(-0.0398687653277 -0.378973838235 1.63445041138e-15)
(0.00337686666919 -0.00862342967115 -2.49289971719e-26)
(-0.15786899971 0.330760709193 0)
(-0.037859489918 0.402997584138 -9.03433327173e-16)
(0.225516952656 0.247881079869 0)
(0.238545015978 0.237824783783 0)
(0.10568306346 0.207462017182 4.14975638775e-27)
(-0.145224856327 0.306448624732 -1.05100339027e-26)
(0.129099982129 0.206904143282 0)
(-0.144660008688 0.323673351933 1.05100339027e-26)
(-0.13187515961 0.297703877485 0)
(0.356315308343 -0.0574802080088 2.58566032504e-15)
(-0.137423542531 0.00817815456806 -2.9208202657e-15)
(0.391901333462 0.0446643558983 -1.77187444599e-15)
(-0.0486931694578 -0.396297702038 -3.80052606723e-15)
(0.381868151084 0.057887276514 -9.65680761156e-16)
(0.037352673946 0.377890518177 0)
(-0.0557331140392 -0.380987451362 1.77634180982e-15)
(-0.160646528368 0.344035442943 4.91340218456e-16)
(-0.428357491494 0.0399767614692 0)
(-0.423642330518 0.0514935834447 0)
(-0.0334590226637 -0.107714265397 -1.20540280566e-26)
(-0.130507152849 0.247328791243 -5.26219303341e-17)
(0.107651248533 0.366591495893 0)
(0.0199587993384 -0.0695962100355 -1.23240338239e-26)
(-0.0219034987374 0.408698408158 9.799364051e-28)
(-0.0602820396143 0.145121484416 0)
(-0.0134944806507 -0.10592323109 0)
(0.106644657728 0.164416892698 0)
(-0.182075569016 -0.136760025396 0)
(0.107904651573 0.22074094725 0)
(0.128851482396 0.22211122968 0)
(0.204863517769 0.204594791291 0)
(-0.0295572389516 0.403026159923 0)
(-0.143022459015 0.255550340916 -1.916738621e-15)
(-0.208928274186 -0.285027691682 0)
(-0.00525098925403 0.40216699126 0)
(0.222151247924 0.262689597948 0)
(-0.39807294097 -0.0837386918708 0)
(0.0760163931085 0.372732547087 0)
(-0.0922902566866 0.0207574106638 0)
(-0.03857020224 0.201898891977 0)
(0.00650645881555 -0.103767442515 -3.31688913801e-15)
(-0.0703480475976 0.0461535308899 -3.16749967762e-15)
(-0.225418787275 -0.161622892329 -2.07880066926e-16)
(0.0267195368367 -0.101222079008 -3.02712107312e-27)
(0.372546216239 -0.0327489075581 8.86318795669e-16)
(0.0104004925379 -0.364799882692 -1.69000363569e-15)
(-0.0597421979638 0.104422945309 0)
(0.343262973193 -0.0608117353817 -2.93909709165e-17)
(-0.0560155097748 -0.152284770569 0)
(0.0947871378417 0.177788736269 0)
(0.224973812444 -0.0566669083033 -1.25526086116e-15)
(0.00484568069847 -0.198449257527 1.48109739422e-15)
(-0.103475545316 0.0271310152984 3.07268005435e-15)
(0.10644648181 0.178360371542 0)
(-0.00144226771025 -0.176061279179 -1.8436975233e-19)
(-0.357173067518 0.189370347967 0)
(0.0166972778939 0.16543606924 1.98439781061e-26)
(0.253464343794 -0.0687257465756 0)
(0.0825475768451 -0.216847991282 0)
(-0.0594172747407 0.0399002538478 0)
(0.107223783613 0.137248678947 0)
(-0.0813091437939 0.0270585964912 0)
(-0.0703805841758 0.020821254122 0)
(-0.333023282133 0.192719812675 1.20381088305e-15)
(0.140428098968 0.246065399295 0)
(-0.38699760247 -0.110065732097 -2.17463444104e-16)
(0.0491391063576 -0.085113681325 0)
(0.095893452399 0.36626024655 -8.40925233635e-16)
(-0.0486427598032 0.0977919505176 1.1194234674e-26)
(-0.0490558356653 0.138145558139 -2.85235762456e-15)
(0.00975289863454 -0.360506652025 1.64291639939e-15)
(-0.204407786109 -0.18599953774 -2.09951872703e-15)
(0.00254718664618 -0.356304410649 3.23385499711e-15)
(0.0735419512831 -0.185856209523 0)
(0.0168333173602 0.124072545886 0)
(-0.114641312416 0.0208639013279 -3.07268005435e-15)
(0.366957821934 -0.0507022819084 -8.83525347326e-16)
(-0.0467733585554 -0.158996533789 0)
(0.0844471995832 -0.0618787518503 -4.1249807767e-17)
(0.361533520492 0.0154690049148 1.1062452366e-15)
(-0.252188392851 -0.189664137166 -1.3016181449e-16)
(0.140715219508 0.229864149426 -2.02774374674e-15)
(-0.355997767891 0.187574806591 -8.92322117736e-16)
(0.0166586052696 0.0848039186683 0)
(0.118661732489 0.157224637739 4.75788618648e-27)
(0.0135487095965 -0.34697898996 0)
(0.218837614081 0.196122959228 -8.60673810687e-16)
(0.121317563244 -0.102835483299 0)
(-0.00850455200447 -0.362724864703 0)
(-0.172815788576 0.00232375192147 0)
(-0.430374285734 0.0164034586626 -5.32594579875e-16)
(-0.0093655640664 0.406952914707 -1.00950950005e-15)
(0.391667282616 0.0231475985977 -1.87267092668e-15)
(-0.309209885982 -0.175900140552 0)
(0.0163159175779 0.22381036837 2.40488654543e-15)
(-0.256309391236 -0.325432328487 -5.50566085295e-16)
(-0.267522921305 -0.317344024638 0)
(0.049161133341 0.280081064918 0)
(-0.126157134569 0.0273739008945 -2.9591404699e-15)
(0.132082947559 -0.106079331039 0)
(-0.00279670753376 -0.35142896381 -1.18509451131e-15)
(0.141677841026 0.184540596122 -1.03172939629e-27)
(-0.225227748405 0.256397631095 -2.65385686657e-16)
(0.036266664404 -0.168482402046 0)
(0.2098798673 0.272532895981 0)
(0.136401723699 0.230747680454 1.4434532044e-16)
(-0.00151671033015 -0.370242052003 -1.00794258989e-15)
(0.1188301267 0.143760935285 -4.75788618648e-27)
(-0.345622804789 0.197820452082 9.67212917507e-16)
(0.141370954667 0.199024862827 1.03172939629e-27)
(0.0278420710139 -0.163187401829 -3.05296432433e-15)
(0.138740165341 0.251853581793 -3.45919663499e-16)
(-0.316141215403 -0.157613906696 0)
(0.119278963842 0.303224882405 0)
(0.119311908908 0.272719671464 0)
(-0.415372504604 -0.0166016440356 0)
(0.0210179252315 0.39958132583 0)
(-0.362441859313 -0.143740804526 8.09311812278e-17)
(0.0160507787787 0.0471345171721 0)
(0.107568395184 0.342474556412 5.88680925249e-16)
(-0.276894877626 0.234549569156 -1.33273555189e-15)
(0.0780634034209 -0.021575740496 3.29322289657e-15)
(0.10799131093 0.206525696344 0)
(-0.172592639345 -0.0107521766532 5.50773928536e-15)
(-0.29187555447 0.242363173591 4.20323715962e-21)
(0.395657579658 0.00550476160362 0)
(-0.0186725616889 -0.392697334553 0)
(0.128248215643 0.27210934064 0)
(0.281202488523 0.204310467857 -3.26338559449e-16)
(0.373018390195 0.0515046327052 1.01535535805e-15)
(0.143851499414 0.080424974851 0)
(-0.267054449605 -0.297054047719 0)
(0.337073846799 -0.0697318293032 2.40713072198e-15)
(-0.209579560753 0.301585154914 0)
(-0.213639072059 -0.307418315087 0)
(-0.397719860649 -0.105707903032 -4.74176592784e-18)
(0.313524426482 -0.0733747828098 1.10791843884e-15)
(0.306684478486 -0.0669232382087 -1.20238181409e-15)
(0.117568387639 0.199674064388 0)
(0.330378532749 -0.0677032605169 -7.79765595372e-16)
(0.0619175596623 -0.29753946287 1.81214234661e-15)
(-0.230955058325 0.20700380458 1.75042990802e-15)
(-0.198204455974 0.13295639469 -4.99044747804e-17)
(-0.247662583704 0.232062712702 0)
(0.119563243873 0.321764983524 0)
(-0.340172554558 -0.163535049549 0)
(-0.0237925825657 0.400907356712 -9.79936405102e-28)
(-0.398227131389 -0.104412113974 2.23337411716e-16)
(0.0851133615503 0.374901315972 8.40925233635e-16)
(-0.0340447611454 0.396233278719 0)
(-0.125812720427 -0.30578227369 -1.00927810191e-15)
(-0.148935080198 0.00188270884386 5.77419953107e-15)
(0.128549060375 -0.118883364838 0)
(-0.263804802181 0.241105710746 1.33272799609e-15)
(-0.279417374282 -0.290043708693 0)
(0.055904852308 -0.163656778662 -2.9777802589e-15)
(0.230035852878 0.217693441678 7.79485099438e-19)
(-0.0527473537388 -0.258666936821 -1.00512614537e-17)
(-0.136750695236 -0.298988489358 0)
(-0.220470719762 -0.278940744514 0)
(0.0173058186809 -0.172636071637 3.05313656281e-15)
(-0.00324907479716 -0.1919935072 6.36356197926e-19)
(-0.205962072835 0.241524846624 -3.16184480963e-17)
(0.365410808464 -0.0395519537649 0)
(0.0437628851356 -0.31073464278 7.68691095629e-16)
(-0.24626261911 0.215844885229 0)
(0.137626439712 0.250441455649 3.45919663502e-16)
(0.13931494181 -0.121807266735 -2.66470170183e-15)
(0.0601799402896 -0.297066852165 4.12989020954e-17)
(0.129985619019 0.177702534754 0)
(0.010000449689 -0.345357601335 -2.28551392742e-15)
(-0.162463455822 0.351506343303 -1.61297404253e-27)
(0.101107761327 -0.0195027117318 -3.25261020926e-15)
(-0.0578857260456 -0.182954222851 0)
(0.0473081746651 -0.158767055755 2.9777802589e-15)
(-0.139694073917 0.188803662416 4.99383918355e-17)
(0.206097787799 0.28674396281 1.1502619127e-15)
(-0.213423196263 -0.207600331987 0)
(0.140757758983 -0.0703946637143 2.22957437437e-20)
(-0.239740256249 -0.195687331136 8.49424942779e-17)
(0.0880225154851 -0.187276771298 -3.15510632449e-18)
(-0.0773774056279 -0.184417656461 2.86791135727e-15)
(-0.0155148796178 0.399204380694 0)
(-0.404728375694 0.0870727201245 0)
(0.10508030099 -0.177800915891 3.13782098252e-18)
(0.0088832752281 -0.166802163398 0)
(-0.346286236135 -0.148461627647 0)
(0.106139789849 0.325524590964 -5.88680925249e-16)
(0.12856643077 0.254520975342 -1.98966014044e-15)
(-0.0118464212905 -0.380957569804 0)
(-0.0670691493367 -0.175869660074 0)
(0.0600111684381 0.271537050419 0)
(0.182296655267 0.0522600011737 2.77816728175e-15)
(-0.184558643955 -0.017122942818 -7.7636405028e-17)
(0.210043325822 0.0975900746771 -2.49623034512e-15)
(0.014848620793 0.0102829854722 -1.23461629891e-26)
(0.0150581065096 -0.18862046139 0)
(-0.116400873926 0.0842930652622 2.77647969028e-18)
(-0.0528163138663 -0.0953939290422 0)
(-0.410078223252 0.0760750180114 0)
(-0.118290139555 0.224189143338 0)
(0.0500471856471 -0.313495249301 -1.41827690762e-15)
(0.0564570617083 -0.307500145574 1.63284426901e-15)
(0.0023577733262 -0.332608249423 -2.10726050375e-15)
(-0.14744387634 0.108624208354 7.14287168477e-17)
(-0.227384475768 -0.232839712915 1.56771885655e-15)
(0.142963151931 0.14321816676 0)
(-0.291454500821 -0.262179871626 5.30304614215e-16)
(-0.136479000213 -0.282313815333 1.98854913193e-15)
(-0.0422365873554 -0.362803361084 0)
(-0.252494179702 -0.344352771136 -1.64929441468e-18)
(-0.111419938931 0.341491842771 0)
(0.071282587957 0.280245220113 0)
(-0.354435640039 0.122988757429 0)
(-0.171888653083 0.303627246807 0)
(-0.240289825688 -0.225327674281 -1.56771885655e-15)
(0.0764182991894 -0.158157941303 2.90214222253e-15)
(0.24232067784 0.241810657814 0)
(-0.138730616764 -0.25069068536 0)
(0.000731691346517 -0.375910766965 0)
(0.359318117313 0.106974407305 0)
(0.333362811622 -0.0690239273184 -2.41164876598e-16)
(0.0384692912038 0.361882876575 1.54246890469e-15)
(0.0335007752145 -0.184109435292 1.46544245911e-15)
(-0.278394844134 -0.269878081055 -5.30687968509e-16)
(-0.30545101515 -0.271419719667 0)
(-0.285935200012 -0.208293429488 4.83049430418e-17)
(-0.16097315831 0.00858766531665 -2.85337926536e-15)
(0.0416118103314 -0.189548573451 0)
(-0.237022542454 -0.292223299084 0)
(-0.262534551904 0.149308162771 7.18092784103e-17)
(0.257456973316 0.223199975626 -6.26860346559e-16)
(0.255404347065 0.0384525711545 3.79858721802e-15)
(-0.318875191131 0.199229875856 -1.2016082723e-15)
(-0.128162208891 -0.258978822649 -2.25713391397e-15)
(0.196064469637 0.0471369304603 -2.77748242979e-15)
(0.233464304108 0.25653985064 2.49318704757e-28)
(-0.166484038292 -0.150227471148 0)
(-0.388725962348 0.0941127544725 0)
(-0.284930306843 -0.305538008098 6.76290625922e-18)
(0.193784244018 0.154710260099 -2.23929011728e-15)
(0.093179042892 0.148394049069 -6.82644498955e-18)
(-0.0905218602276 -0.101466306627 0)
(0.216500997568 0.281915063599 -6.77431996902e-28)
(-0.254132828233 0.150269979096 -1.85101537719e-15)
(-0.391245955714 -0.12163184483 -3.60029665992e-16)
(-0.0663068460007 -0.160567087064 0)
(0.182732401616 0.063428971403 -1.69874512915e-19)
(0.216438967458 0.226723152191 0)
(-0.142108170873 0.224584293684 2.0708109129e-15)
(-0.108445842651 -0.276499769546 1.09100355324e-15)
(0.12828810732 0.271629713459 0)
(0.137962338183 -0.0822109754655 -2.22957236149e-20)
(-0.18434145935 -0.0303093833904 -2.4333916635e-27)
(-0.276864810223 -0.322178916496 0)
(-0.382614372856 0.1386226197 0)
(-0.128402292351 -0.274658920326 0)
(-0.33000131056 -0.183018675966 1.05785616492e-15)
(-0.171972591145 -0.0505349806386 -2.48974381599e-27)
(0.131196802867 0.123871447042 9.73766469797e-27)
(-0.226091003549 0.142470719103 -1.26425887241e-18)
(-0.14751746276 0.359055600826 0)
(0.105213409036 0.254669074681 -2.08347821408e-15)
(0.225466841541 0.274086984945 6.77431996902e-28)
(-0.292265872327 -0.29593278776 0)
(0.0675561618688 -0.153829061568 -2.90214222253e-15)
(0.130469057721 0.0507618187129 2.18761183948e-26)
(0.210250345036 0.0528435332275 0)
(0.0984109482887 -0.0425871569881 -3.2420155283e-15)
(-0.178337003277 0.203530076956 2.03745577765e-15)
(-0.303463177874 -0.287077734378 -6.36309883769e-16)
(-0.302960870713 -0.288243264459 6.21130540007e-16)
(-0.162208880301 0.204812717355 -8.55188939536e-17)
(0.145732880093 -0.13746212552 2.50126231207e-15)
(-0.304291455919 0.234687679304 0)
(0.105032582482 0.271649862371 -1.80220337697e-27)
(0.23518664731 0.262696830736 3.59799300228e-28)
(0.0493649981407 0.353125645212 -1.54246890466e-15)
(-0.227871103315 0.134935613651 0)
(-0.172065034103 -0.0372209038565 2.48974381599e-27)
(0.0602671688742 0.325962631413 -1.68762084457e-15)
(-0.190108897462 0.182399492093 0)
(-0.37720434724 0.134986004057 0)
(0.0728832166618 -0.173395115219 -2.75196719362e-15)
(0.204992600896 0.297187559105 -8.01501201439e-16)
(-0.177807385702 0.189045619037 0)
(-0.209384665824 -0.0164967614394 0)
(-0.0325558627217 -0.0940020217482 1.20540280567e-26)
(-0.0573209602121 0.38171930871 2.10885656307e-27)
(-0.229742249106 0.191547298881 0)
(0.0936194330708 0.298214688937 0)
(0.211935425921 0.287422382446 -4.22908667764e-28)
(-0.00184466645223 -0.250903917529 -1.37367063341e-15)
(-0.238929398888 -0.315366752111 1.1427315891e-15)
(0.363931153404 0.0633861052761 -1.62742454202e-15)
(-0.257019235925 -0.237099868245 0)
(0.0822830408888 0.271540986273 -9.3735023219e-28)
(0.3247849 -0.076945560948 0)
(-0.24172521703 0.17064951898 -5.55326764922e-20)
(0.173009248431 -0.0915487733483 3.2666365784e-19)
(0.00783529654286 -0.0902596418986 -1.21806956872e-26)
(-0.239843474224 0.142520292875 0)
(0.255733228604 0.0479972306651 2.42108228793e-15)
(0.187482014142 0.27679879046 0)
(0.0946450225438 0.185810368336 0)
(0.0370247069752 0.0234728296222 -6.70383192644e-15)
(0.224953325123 0.0476856971981 0)
(-0.315159595444 0.239006010274 0)
(0.0603489528652 0.307070327721 0)
(0.11782000119 0.185236102727 0)
(-0.388623255107 0.108445361584 0)
(-0.0690150641771 0.373607349398 0)
(0.0938327366475 0.280311491275 0)
(0.0429318095205 -0.229164330563 2.5955785992e-15)
(-0.0353185173343 -0.25682166602 -2.69589697561e-15)
(0.0151268227578 -0.246095561536 1.36732387374e-15)
(0.239699961167 0.0325772729801 -2.54939253633e-15)
(-0.25990058204 -0.256874491165 0)
(0.312962178868 -0.0711029173771 2.04729477942e-15)
(0.0230382940346 -0.194379118547 -1.46543290657e-15)
(0.0710833458592 0.29817761444 0)
(0.00809071100572 -0.239969859003 -2.76266070317e-15)
(0.199896028575 0.267534673764 0)
(-0.117797067541 -0.283564864237 -1.09168335374e-15)
(-0.0842405795543 0.37281759248 0)
(0.0496334404028 0.334802376312 -2.36491696138e-26)
(-0.183840965574 -0.057239989556 0)
(0.0711820422914 0.246601565079 0)
(0.124028931837 -0.194871581357 1.13285286313e-15)
(-0.154560290498 0.218010443845 5.47654450174e-29)
(-0.279294810985 0.110107192938 -7.22375549732e-18)
(0.0495383235498 0.201110376247 0)
(-0.403428945424 0.0964527889426 0)
(0.243974157106 0.252902672368 8.15243801613e-16)
(0.0318040680207 -0.241140772555 0)
(-0.242994126774 0.185494231173 5.5532782528e-20)
(-0.232540919299 -0.161128660225 2.07880066926e-16)
(0.185680512229 -0.0938682103933 7.7327493602e-20)
(0.19631746268 0.0691659207409 -3.24020469201e-19)
(-0.0157933636424 0.38590233837 0)
(-0.17374598561 0.242229420166 -5.47654450173e-29)
(-0.139673879477 0.182816375985 -4.99383918355e-17)
(0.18039772636 0.0196514233049 0)
(-0.153776689758 0.202823650291 -1.99527164876e-27)
(-0.0707351933275 0.359054137715 0)
(0.181395054537 0.135424509552 -2.42437162534e-15)
(-0.247034825975 -0.26368753348 0)
(0.294446099084 0.153288192898 -8.61287323406e-16)
(0.0186699290583 -0.0826597566056 -3.36036472738e-15)
(0.214781663482 0.242391898191 0)
(0.140256213865 0.280028358413 7.51771403511e-28)
(0.0826866135892 0.30717258848 0)
(-0.23871477868 -0.208242553732 0)
(-0.0290999893639 -0.283933566507 1.37439700546e-15)
(0.201664770716 -0.085232042375 -1.23194437858e-15)
(0.116417873371 0.298141624355 0)
(0.0824334935574 0.254753723009 9.3735023219e-28)
(0.0244858912612 -0.234471146943 1.08803135001e-17)
(-0.0939932980495 0.138920390714 0)
(0.153883618118 -0.112452978144 2.66473236409e-15)
(-0.00893824313524 -0.243748788166 2.71787748817e-15)
(-0.0183689813417 -0.254510923668 -2.73023079788e-15)
(-0.0778187185085 0.06403578332 0)
(-0.076374974708 0.0777508335911 0)
(0.255366457349 0.239576602747 -8.15243801613e-16)
(-0.225684781103 -0.184383362411 -6.61170717461e-27)
(-0.309243287874 -0.0651515173735 0)
(-0.0104086131242 -0.385049892955 1.02920074205e-15)
(0.381994828326 0.0820249678635 0)
(-0.166077940694 0.210313278821 -2.03745577765e-15)
(0.195388700225 0.0363607744423 2.82252410098e-15)
(0.0277748685081 0.158380296174 -2.06324433732e-26)
(0.118781645279 0.0680769854848 -3.04481529639e-15)
(-0.366234198497 -0.124246041025 0)
(0.0958720251073 0.351069168603 0)
(0.0263319772866 0.029021992895 3.35928045685e-15)
(-0.10763640242 0.372660976009 -6.4356348596e-28)
(-0.309421434105 -0.0510065565943 2.52571887461e-15)
(0.204026554917 0.219888308693 0)
(-0.141778237903 0.209801993092 1.92460288222e-27)
(0.181256413396 -0.105686023606 -2.45009105533e-15)
(0.0600703613547 0.254836364604 0)
(-0.293773393668 -0.0725100913921 9.16660323092e-16)
(0.115870025343 0.0101486655668 -5.77041938368e-27)
(-0.0883475772223 -0.310333316207 1.13800408919e-15)
(-0.293038742195 -0.297257242631 0)
(-0.260825291781 -0.274906248075 0)
(0.21194990382 0.273207309402 -4.68106439948e-28)
(-0.148507477766 -0.0374277665977 -2.92712562419e-15)
(0.060332242983 0.22331613875 0)
(-0.227794003728 -0.320694512565 5.91631433194e-17)
(-0.264742773176 0.102953135507 -1.01401189947e-15)
(-0.148516706041 -0.25789383191 0)
(0.251753164186 0.232972505222 4.68224026754e-16)
(0.071325465611 0.230890638021 0)
(-0.0950904116971 -0.331664477347 -1.58482321357e-15)
(0.0385330962691 -0.206007528936 0)
(0.196467869165 0.0804618076405 -2.58233064912e-15)
(-0.267633107324 0.136039525005 1.04780470567e-16)
(-0.146414526479 0.259537523029 0)
(0.127777373981 -0.158359472919 -3.04889313063e-17)
(-0.144537788931 -0.323209124194 0)
(0.181344133784 0.0304570206121 -2.82252410098e-15)
(-0.0604280547629 0.333201458022 0)
(-0.293587259371 -0.0864787945924 -3.41582274362e-18)
(0.116750356564 0.246263211582 1.98966014044e-15)
(-0.176983975419 0.147566967293 2.32042104374e-15)
(0.132456942198 -0.196381339915 1.04885455649e-15)
(0.254518469697 0.0183601316752 0)
(-0.0981682320199 -0.285008740414 2.27880051287e-15)
(-0.0869043630714 -0.17708399432 -2.86790174264e-15)
(-0.234512060089 -0.0156055342452 0)
(0.220661533027 0.259725320947 -2.49318704757e-28)
(0.161020292244 -0.127469130864 -7.49853782962e-17)
(-0.169080544761 0.273847996966 0)
(0.0387557402417 0.165294345302 -2.75941796484e-15)
(0.116952255245 0.230234126091 0)
(-0.0194830148543 -0.273312431917 1.03463417728e-17)
(-0.0708679124331 0.0628734179513 -1.04872132408e-18)
(-0.270945847589 -0.230277678078 -1.2290391825e-15)
(0.372770546544 0.0976704392797 0)
(0.151774297538 -0.00378770666285 2.74804584798e-27)
(-0.0861144952155 -0.323397565626 -3.20012406029e-17)
(-0.249031333978 -0.284563417381 0)
(-0.146107022625 -0.306174001905 0)
(0.146182264421 -0.0974436084838 -8.56333423204e-20)
(-0.0302842395112 -0.302800934793 -2.61213424542e-15)
(-0.216999686413 -0.258104984062 -1.51592168012e-15)
(0.0387741945663 0.0979019371722 0)
(-0.139124374739 -0.234797531196 0)
(-0.107996614867 0.08726421102 -2.6316913489e-17)
(-0.225464356799 -0.199296413803 6.61170717461e-27)
(0.201914224285 -0.0302156029629 -2.71893218238e-15)
(-0.0820281677936 0.104747535875 0)
(0.293761010464 0.182973344515 -8.10682809109e-17)
(-0.287747431503 -0.310938060736 0)
(0.105231401529 0.307032218153 0)
(0.150304051209 -0.0148277946612 -2.74804584798e-27)
(0.206696694515 0.292633502861 8.0150120144e-16)
(0.3047994343 0.0930147789909 0)
(0.136971531019 -0.0214874948386 0)
(-0.261525017143 0.0248415402221 -2.20857135292e-15)
(-0.157250757633 -0.280553315737 0)
(0.300172819759 0.16888892067 7.07886881048e-17)
(-0.310692887478 -0.273927272635 1.75454806985e-16)
(0.189665778568 0.308838750097 5.02377584333e-28)
(0.288349362429 0.0388235322607 -1.15495606861e-15)
(0.210188432062 0.0861034886385 2.58252139169e-15)
(0.264175872938 0.229744151369 0)
(-0.197158349438 -0.0101787470089 -2.63956254971e-15)
(-0.0367525800542 -0.275739918215 -2.60132254463e-15)
(0.21577050443 -0.088363087006 1.24237681144e-15)
(-0.220797378131 0.318095688372 0)
(0.271383006844 0.0245099215536 0)
(-0.23022404347 0.243610879524 2.65385686657e-16)
(-0.0593021564707 0.351663531258 0)
(0.157770872781 -0.1827887537 9.62364734571e-16)
(0.288326900719 0.0483281216558 -7.83644722889e-17)
(0.052850725503 -0.179051429832 0)
(-0.247387452775 -0.00862304441596 1.02917746689e-27)
(0.22303839332 0.0168401504423 2.65115280331e-15)
(-0.0260003812799 -0.246372884482 4.06144728805e-15)
(-0.183504222118 -0.112878211962 0)
(-0.189644037417 0.168333284545 2.14817159245e-15)
(0.209477062763 0.0316719633771 0)
(-0.208282224199 -0.0568094474868 2.52526971266e-15)
(0.0499029874202 0.104412527452 2.74203480882e-27)
(-0.15748041398 -0.295497226797 0)
(-0.193691424238 0.135030219114 5.20143463837e-17)
(0.291632334533 0.165150829356 1.53808458924e-15)
(0.336420188728 -0.0732711661223 0)
(0.125128307207 -0.0172468685018 3.15747054217e-15)
(-0.0257617619267 0.379134580233 3.30069284128e-28)
(0.16534853537 0.00259733171584 -2.92822012695e-15)
(-0.0219865948882 -0.0865229828868 0)
(-0.190502169547 -0.271450292704 -8.26332628377e-16)
(0.238700522005 0.0227270738297 -2.65115280331e-15)
(0.0611033093254 -0.183960392413 0)
(-0.127577921762 0.362346243621 0)
(-0.209034220546 -0.029762043858 -5.01520709573e-15)
(0.107504378348 -0.0586882181489 -3.12262196981e-15)
(-0.0920414384743 0.370885300553 1.10260018983e-15)
(0.0499527996235 0.158234774987 2.75941796484e-15)
(-0.0713439833928 0.138481731125 1.0327914879e-26)
(0.0576382048484 -0.200308944918 0)
(0.157759041156 -0.100109881171 0)
(-0.221269620128 -0.0361435730942 4.84558517448e-15)
(0.271840328612 0.0328453489015 -1.2490667046e-15)
(0.0493449165379 0.066440559576 0)
(-0.287065377006 0.169900343375 -1.36665377224e-17)
(0.0364046007808 0.011253780516 -3.39759604407e-15)
(0.116840850758 0.280309313051 0)
(-0.274975465064 0.0316768230395 1.01366500473e-15)
(0.096630114759 -0.0545447852577 -3.21970235062e-15)
(0.148774254019 -0.198058363034 8.7347033692e-16)
(-0.247977638621 0.00468190676986 -2.21764887175e-15)
(0.0928574766482 -0.0784669493023 0)
(-0.248643027459 0.254497652052 4.00814690798e-16)
(0.0382009671233 0.0600842892024 0)
(-0.310845425399 0.13578893934 0)
(-0.118696785397 0.355034196217 4.124737479e-27)
(0.305641495333 0.0835762137547 -7.16451685485e-17)
(0.122208537337 -0.0397530998491 0)
(-0.0827742973511 0.145506691491 -4.9167633287e-27)
(-0.0494698421702 0.305752052082 0)
(0.193947967177 0.0152073824101 0)
(0.165408950793 -0.114847465545 0)
(0.28876217823 0.0685887962953 0)
(-0.195162781994 -0.120096591202 0)
(-0.106505546458 0.34829314648 1.31518050536e-15)
(-0.137095222816 -0.0308639190773 2.92712562419e-15)
(-0.23402212107 -0.0290107171097 -2.37938949384e-15)
(-0.093155069827 0.0984043216162 0)
(-0.372916380352 0.0499812743599 0)
(0.135047292307 -0.135047601457 0)
(0.0278069557007 0.144451987481 2.88486374099e-15)
(0.132542130019 -0.212566321726 -8.83073719631e-16)
(0.0273158583821 0.066000415238 0)
(-0.137107591699 -0.0177763604973 0)
(-0.0937413515497 0.125159847 2.79482242345e-15)
(0.027554263906 0.0786395926467 0)
(0.0461694569068 -0.211572583418 0)
(-0.207709199874 0.324617276798 0)
(0.0604565611096 0.208336764179 0)
(0.0609310637434 0.179257367011 0)
(-0.036136064631 0.384722886936 1.32033694408e-15)
(0.0253585672891 0.00480787482791 3.39759604404e-15)
(0.194141972261 -0.10721472384 2.45012426755e-15)
(0.166578527061 0.0135080116883 0)
(0.0654843967328 -0.20511789289 0)
(0.156200366051 -0.145148241975 2.96665879987e-17)
(0.0497735649632 -0.234818484458 -2.5955785992e-15)
(0.0389039793514 0.13762588402 -2.88486374097e-15)
(-0.107298010158 -0.178165610144 -2.70293086147e-15)
(0.135257538086 -0.0327852588252 0)
(-0.260954816402 0.0115821584293 4.34495195823e-15)
(-0.404515528882 0.0752799007279 3.54766931007e-16)
(0.0472595530586 -0.277943565277 3.44464008324e-15)
(-0.118432596136 -0.202301947651 -2.5895109444e-15)
(-0.22934256177 -0.251429739647 1.51592168012e-15)
(-0.168784067784 -0.271737315617 0)
(-0.236081162332 0.0238214322445 -2.29491969467e-15)
(-0.323320566412 0.0926238335881 1.50225681206e-15)
(0.0499799293703 0.144391216117 0)
(0.139473292575 0.297622124708 -1.59795326491e-15)
(-0.216448921451 -0.163116247544 0)
(0.124521881695 -0.227985529369 0)
(-0.275872944789 -0.165866541082 0)
(0.20850479908 0.0212027605758 0)
(-0.305773927808 0.220986113622 1.28214539867e-15)
(-0.252051025506 -0.200817553717 0)
(0.0277596989581 0.104254250085 0)
(0.0275427699735 0.186802115207 -2.65397400297e-15)
(0.0612454916727 0.137576108034 0)
(0.105471471576 0.222539635869 2.23162251984e-15)
(0.284438195993 -0.00820314838893 0)
(-0.267499488012 0.144362609485 2.73171320075e-15)
(-0.255187830557 0.164778501273 0)
(0.288374249328 0.0784687564712 2.11255059547e-15)
(-0.306184249618 0.071312050393 0)
(-0.0822361061313 0.118246514118 0)
(-0.0812909624407 0.0398876591004 3.16749967762e-15)
(-0.292770711099 0.091529975579 -9.21544637399e-16)
(0.29885984917 -0.0819440304166 -1.81677521047e-15)
(-0.223670166393 0.029865945264 1.0956399646e-27)
(0.199672876903 -0.040585458863 0)
(0.0278367892067 0.117464657318 0)
(-0.185309301854 0.00917003582741 0)
(0.0361231038179 -0.10632420126 0)
(-0.226090656518 0.121696773156 2.1147093653e-15)
(-0.148805698564 -0.0111440546227 2.86263633423e-15)
(0.0129151827725 -0.0265601943204 -5.54082568534e-18)
(-0.235631132142 0.0106741730271 0)
(-0.00414503803634 -0.111675687296 0)
(-0.092948172874 0.0851228440639 4.26177314979e-17)
(-0.196184229252 -0.0501885343157 -2.52526971266e-15)
(0.0246459962335 -0.00751180565206 3.43140491103e-15)
(-0.104128490083 0.0788703140634 2.95879338968e-15)
(-0.264356742516 0.089486482049 1.00206496848e-15)
(-0.113723981503 0.362290561765 0)
(-0.316069708316 -0.262662702987 3.2893398328e-16)
(0.0610213399194 0.16511049092 0)
(-0.276760124125 0.0702519336368 -1.96051624497e-15)
(0.0597521349624 0.360872558978 1.03050216166e-26)
(0.110845936474 -0.0355828557499 5.78327207131e-27)
(-0.152098989452 0.119984561399 -2.59787130675e-15)
(-0.0782868938824 -0.303491821593 -1.11392982466e-15)
(0.286342215242 0.101400297342 0)
(-0.0467144411561 0.377411371287 -1.32033694408e-15)
(-0.25083190073 0.0826026238689 -2.17808246178e-15)
(-0.0992058706003 -0.251536268143 0)
(-0.140357800355 0.126356378937 -5.44406887539e-17)
(-0.306800366455 0.0853054094929 9.28360278319e-16)
(-0.0327643659878 -0.221269058021 -2.83027586906e-15)
(0.154744437435 0.0291815096379 0)
(-0.251581356896 0.10898836294 -1.09686395097e-15)
(-0.203403485763 0.284048216832 0)
(0.153797314546 0.0180615164235 3.03117405228e-15)
(-0.0836333752544 0.332669347297 -6.80433813346e-28)
(-0.0490749903503 0.324594965859 0)
(-0.039912323106 -0.197237308836 2.90716012308e-15)
(-0.0605712237299 0.296794072352 -8.81527804943e-28)
(-0.147585043269 -0.273028100574 -1.96783742311e-15)
(-0.177281950394 0.161219469465 0)
(0.120267252037 -0.0513793771036 3.12262196981e-15)
(-0.250371340087 0.0695988482021 0)
(0.168096194721 0.035248770654 -2.63251232373e-27)
(-0.388069657822 0.130243053354 0)
(-0.216295779889 0.154477550616 -8.15597350254e-19)
(-0.224057518968 0.0429928483885 -2.35314715269e-15)
(0.0500133211771 0.117531312118 -2.74203480882e-27)
(0.240006345416 0.0532840044664 0)
(-0.183387605028 0.282863643079 1.49680774553e-15)
(0.152069031709 0.271239655231 0)
(-0.1977445299 0.307479638733 -5.33169140196e-28)
(-0.328868658942 0.135847412768 -2.35045147893e-17)
(-0.195898916962 0.320995471307 5.33169140196e-28)
(-0.159526917788 -0.249003897852 0)
(-0.167197131104 0.346797520144 1.61297404253e-27)
(-0.0892491386245 -0.276524341116 -2.28464361041e-15)
(-0.3938310664 0.117255093424 4.3873716421e-16)
(-0.0946603459557 0.357072599881 -1.31518050536e-15)
(0.105347819815 -0.0707486920499 0)
(-0.253647070353 0.21492052556 0)
(0.210575462738 0.0636177292289 0)
(0.224367449095 0.0374663293568 0)
(-0.354449140786 0.0551823115136 0)
(0.0611022346108 0.0981102921711 3.02714728182e-15)
(0.0612090982864 0.124151020774 0)
(-0.176399062519 0.120604218545 -4.88940834375e-15)
(-0.0827923288691 0.350204275813 6.80433813346e-28)
(-0.160321112152 -0.0306823781263 0)
(0.253214996117 0.00874636554306 0)
(-0.236963752165 0.049718191561 2.35314715269e-15)
(-0.108656275778 -0.226527272148 0)
(-0.259583606602 0.270224781862 -8.64817585513e-16)
(-0.107589416478 0.332039032649 1.47520481425e-15)
(-0.164407690691 0.127003304625 2.47769579568e-15)
(0.358544766476 -0.0585983203194 -1.68056519192e-15)
(0.032320372958 -0.331134103512 1.63952056199e-15)
(-0.108880678103 -0.260032813655 0)
(-0.103359111918 0.0015491167834 2.8532266445e-27)
(0.223972492093 0.103174579027 -1.17709506957e-15)
(-0.0266147611085 0.361726222715 -3.30069284128e-28)
(0.152627759041 0.254222648072 0)
(-0.220844242438 -0.0496021607489 -2.35277657963e-15)
(-0.0535460073363 -0.109170539108 -3.28035031747e-17)
(0.0388759416325 0.12410179288 0)
(0.168797817404 0.0463752621151 2.63251232373e-27)
(-0.115776237917 0.085587467381 0)
(0.224927140741 0.0691566297474 2.46154074111e-18)
(-0.129271622636 -0.226917546971 0)
(-0.222228823782 -0.00945620997304 0)
(-0.346234432184 0.156041967988 -5.02264620832e-16)
(-0.104259862792 -0.0771592038827 -3.12912679573e-15)
(-0.293914534673 0.104343536829 1.42573646664e-17)
(-0.212040411547 0.0621547316932 -7.79582086697e-17)
(-0.160428843805 -0.0175420109151 -5.65317666486e-15)
(-0.0718487121866 -0.0562237806852 -3.29992062762e-15)
(0.124349251778 -0.0903303845182 0)
(-0.266602053026 0.130066646867 0)
(-0.348696453906 0.196444060768 0)
(0.22184196527 0.00681244275195 0)
(0.344237791778 -0.0650236351482 -2.418906713e-15)
(0.271618668235 0.0632239691924 3.79349621639e-17)
(-0.0951911591594 0.323759503518 0)
(-0.16121380146 0.0216039266033 -2.5555112914e-27)
(-0.202219190367 0.330811837433 0)
(-0.0652012403496 0.385851681921 -7.61997935449e-16)
(-0.183512422013 0.328790170008 -1.88493263235e-27)
(0.0496401736864 0.0789641498836 3.15468778219e-15)
(0.363092767527 0.10643780591 -5.09307405792e-18)
(0.349541289322 0.114808330821 5.45197459297e-18)
(-0.118923764069 0.271344608328 0)
(0.301871328805 0.150369310426 0)
(-0.197945407942 -0.375442232235 0)
(0.193845250627 0.307242005239 0)
(0.128018860218 0.306363580201 1.59795326491e-15)
(0.0496377281502 0.186569494071 0)
(-0.211659482273 0.0490730562814 0)
(-0.235532052456 0.254700567734 -1.4401760037e-15)
(-0.0386390986999 0.231526152425 0)
(-0.238339109833 0.102004191636 4.30452794894e-15)
(-0.0819628034385 -0.036915632719 0)
(-0.253328141713 0.240624494492 0)
(-0.180680839926 0.249886494791 -7.11352253435e-17)
(-0.0956222606423 0.305462395118 -1.75980268163e-15)
(-0.263168042919 0.0636682746737 0)
(0.172973096966 -0.129635419506 -7.52082817181e-17)
(-0.0961547115233 -0.154750785832 0)
(0.0385987054105 0.0850554343072 -3.15468778219e-15)
(0.201766260837 0.251623381971 -1.58018414438e-15)
(-0.254821053422 0.292276554242 -3.03818409279e-28)
(-0.184231926136 -0.41006507748 0)
(-0.225785384751 0.108294212858 -4.46814076651e-15)
(-0.160045142024 -0.0574201323608 0)
(-0.237353858946 0.0628323712263 0)
(0.0106029759689 -0.221974449953 -1.42691926958e-15)
(0.00288191930392 -0.215175783316 2.84720690535e-18)
(-0.200042350038 0.0814654735856 4.9071470714e-15)
(-0.325422576219 0.105605659655 7.63229208019e-16)
(-0.292493816225 0.222934996931 -4.08902582651e-16)
(-0.210871393422 0.220652114333 0)
(0.108261993574 -0.243336032818 1.70274384502e-15)
(0.0783600895302 -0.0992117531513 3.13308912244e-15)
(-0.308091448424 -0.0935933695276 2.4739734684e-17)
(0.0724664117208 0.144295133136 2.80160641175e-15)
(-0.404803191895 0.0905963426652 -3.5630483424e-16)
(-0.270958548888 0.248750875452 0)
(0.223321932889 0.276591526563 4.54324455401e-28)
(0.0719665712213 0.186250729336 0)
(-0.106320013483 0.188003274885 0)
(-0.195732071116 0.27580284352 -2.91473876603e-15)
(0.350995260235 -0.0654198484919 8.23650409658e-16)
(-0.226984444159 0.148734428806 -2.10305856149e-15)
(-0.213609847012 0.128029131193 -2.27028157902e-15)
(-0.213993222788 0.141591311135 2.10301012079e-15)
(0.048180549823 0.0298382472084 3.34455146959e-15)
(-0.180138837758 0.339092617886 1.88493263235e-27)
(-0.108463104277 -0.210149953704 2.5895109444e-15)
(-0.0798813257481 0.378225480362 0)
(-0.0934183145156 -0.070128373448 3.12912679573e-15)
(-0.331109410853 0.149502956035 -1.44699511142e-15)
(0.195774008539 0.103922979411 2.49592548871e-15)
(-0.239170292198 0.128652957786 -2.11517437603e-15)
(-0.291156463184 0.0645102072042 1.96051624497e-15)
(-0.0835723912735 0.296691624051 1.75980268163e-15)
(0.093724823949 0.24643018252 2.08347821408e-15)
(0.271961485407 0.0537365122529 -2.50096209204e-15)
(0.11489933417 -0.128187741132 -2.84431627544e-15)
(0.0267832455051 0.0413559795228 6.07856858434e-27)
(-0.0514984110245 0.0502998528498 1.5490036036e-18)
(-0.196407010723 -0.0368086320741 2.54901141509e-15)
(-0.199689483721 0.0682850302892 2.47183107406e-15)
(-0.227676695825 0.162877065602 -1.99995184584e-15)
(0.053590006543 -0.0475268362126 0)
(-0.251140988702 0.263332873976 0)
(-0.103797949807 -0.0504168169693 0)
(-0.220021196867 0.316333896099 0)
(-0.168381026453 0.256849589066 1.7391211241e-15)
(-0.0816031487668 0.0785102660971 -3.00141112117e-15)
(-0.251831688131 0.282418244335 4.64002894714e-16)
(-0.187833921222 0.087667013113 -2.49069186367e-15)
(-0.198762530629 0.0421844680693 0)
(-0.277660684768 0.0833239467005 -9.99619115717e-16)
(-0.371574069499 0.0376176755114 -8.00625520126e-16)
(-0.149722199967 -0.226292140991 0)
(-0.127953325311 0.105807454623 -5.21394568728e-17)
(-0.116793201933 0.12571677766 0)
(-0.280365300252 0.124010656069 7.24481647151e-18)
(-0.273429089015 0.273652468652 0)
(-0.345566525386 0.172148324858 -7.10794977026e-16)
(-0.104596294309 -0.0907506179126 0)
(-0.188830706334 0.127560873599 6.82828885738e-17)
(-0.0930906973057 -0.0568272175976 -1.44235081408e-27)
(-0.321860106525 0.0649832150226 5.70287048959e-17)
(-0.107242910965 0.376162511314 6.43563485959e-28)
(-0.192247956518 0.226907915232 1.82922364712e-15)
(-0.151748134111 0.106504744111 -2.67999610173e-15)
(-0.208820160333 0.327104752335 -2.75701306531e-28)
(-0.179809603305 0.233595240692 6.50150648051e-17)
(-0.115003206604 -0.0705843028722 0)
(-0.0705915157586 0.0848074442157 5.49055771105e-27)
(0.155795810389 0.0515540758149 2.95568817978e-15)
(-0.0956172839412 -0.139997619304 0)
(-0.357858638911 0.176093447547 1.39471435128e-15)
(0.0905350399015 -0.0910413361979 -6.21852478905e-15)
(-0.116057786419 0.0989154518616 -4.86643549944e-17)
(-0.0720783310871 0.305494021219 7.85657997972e-28)
(-0.333130935698 0.179407618138 -1.32761405973e-15)
(-0.0707238687097 0.0980311451799 -5.49055771105e-27)
(-0.198380179925 0.0291088941106 0)
(-0.117091973215 0.139443766377 -2.6554026026e-15)
(-0.0814869121135 0.0654563135282 6.17855607477e-15)
(0.192688812771 0.00466326943188 0)
(-0.17606625438 0.107209767568 6.53895828078e-17)
(-0.12828058862 0.119333239653 2.6523119955e-15)
(-0.297088422371 -0.198401896854 6.3581521509e-17)
(-0.129290952401 0.160363598303 -2.50350074066e-15)
(-0.341855576918 0.207495449257 0)
(-0.106843009171 -0.162860192964 -1.26638433151e-27)
(-0.200753519149 0.1077928214 -2.35044016993e-15)
(-0.197477470442 0.00294057419272 2.364776848e-27)
(-0.105004720623 0.118736905213 -2.79482242345e-15)
(-0.264612789419 0.291231807147 3.03818409279e-28)
(-0.190596492731 0.204130189813 1.11728366942e-16)
(0.112432738114 -0.0239715458796 -3.15747054217e-15)
(-0.0717944238102 0.166290461322 -4.77197943187e-27)
(-0.0711490805149 0.124721029483 2.90282117673e-15)
(-0.212762479478 0.0882856230081 -4.75747048219e-15)
(-0.210655693787 0.284549978422 2.76201783211e-15)
(-0.0607946936168 0.279194632367 2.00653038096e-15)
(-0.237915724517 -0.176091487381 8.31846947085e-28)
(-0.223639700166 0.306171952204 0)
(-0.0945365770747 0.166658232348 -3.83676091945e-17)
(-0.0717087907458 0.323871367913 -7.85657997972e-28)
(-0.105668304938 0.14598744886 2.6554026026e-15)
(-0.201994854767 0.16179386409 -2.14817159246e-15)
(-0.0836303453572 0.27916028349 -3.57978021644e-17)
(-0.103932013658 0.065749335806 -3.02533464805e-15)
(0.323759474308 -0.0800172263202 0)
(-0.0439258348911 -0.115446314714 3.24487105774e-15)
(-0.201567954222 0.148019319598 -2.25122355337e-15)
(-0.183520386054 0.299697935237 1.31294750537e-27)
(-0.105919824706 0.159926489191 -2.59181814941e-15)
(-0.246910048572 0.301482638244 0)
(-0.244626941476 0.302954487614 0)
(-0.309697286119 0.224743510107 0)
(-0.104977350158 -0.323175022976 1.79031522121e-15)
(0.171834909671 -0.124008684834 -2.76164110068e-16)
(0.282005039935 0.136205931475 -1.0683153241e-15)
(-0.0270586828288 0.324962933018 -1.72627429296e-15)
(-0.240652387227 0.307319012079 0)
(0.0608880689306 0.0853739595899 3.11184167129e-15)
(-0.0275881118458 0.224021955222 -1.11709781586e-27)
(-0.0947261996659 0.180812131099 2.51349510413e-15)
(-0.118091597659 -0.186494381963 2.70293086147e-15)
(-0.194986928941 0.258806511447 -6.90812833673e-17)
(-0.182138469063 0.340145291733 0)
(-0.201038005839 0.121135296243 4.61371123852e-15)
(-0.273978585816 0.233558374947 0)
(-0.225193383016 0.0820980832395 4.60100609404e-15)
(0.0386884005865 0.179526561726 2.65397400297e-15)
(-0.0383461008106 0.296987343332 1.9087739778e-15)
(0.0107599648286 -0.151703890565 -3.16656636924e-15)
(-0.214949366134 0.169141955705 1.99985904686e-15)
(-0.0386271686443 0.246902821282 2.23355821084e-15)
(-0.139527229663 0.0995478731684 -5.60826113152e-17)
(-0.219212883895 0.229211977228 -1.68349738638e-15)
(-0.280637570231 0.260915988696 0)
(0.111078168868 -0.141944051786 2.69518032573e-15)
(-0.218014424683 0.213207781928 -3.57745768718e-15)
(-0.227990965268 -0.154946079451 9.19979752718e-28)
(0.282773319524 0.191680312767 0)
(-0.027552383151 0.209121781181 1.11709781586e-27)
(-0.0164815741011 0.201762062125 9.45375883442e-27)
(-0.215742380458 0.183583451961 -1.95965330443e-15)
(0.276072259935 0.176782025228 -1.48524709684e-15)
(-0.114588382008 0.00795773056024 0)
(-0.210117562043 0.299997562638 0)
(0.117341319416 0.0329401702338 -5.65251338822e-27)
(-0.071952812737 0.180542861684 4.77197943187e-27)
(-0.0496881395826 0.254682584605 0)
(-0.0923317334701 0.00792085483798 3.20212354669e-15)
(-0.0161019456891 0.144644440262 -2.89407157775e-15)
(-0.213084308306 0.101485364296 4.62408424853e-15)
(-0.237993867754 0.0887045738401 -8.19083578101e-17)
(-0.0720820733466 0.270831789768 -3.27779955231e-17)
(-0.0925382469226 0.0592125871985 -4.39918969237e-17)
(-0.203929182713 0.204849521153 3.72957992328e-15)
(-0.0269289019791 0.124202741298 2.97225394996e-15)
(-0.0829873741698 0.159515303001 2.63018575861e-15)
(-0.0822755833978 -0.0499810603641 0)
(-0.0275021926023 -0.157038763824 0)
(0.0724431011254 0.104598169106 -3.02714728182e-15)
(-0.224918986719 0.0689426129481 -2.39387286539e-15)
(-0.0829959807653 -0.0765372571039 0)
(-0.0164090424822 0.187147009909 -9.4537588344e-27)
(-0.203036862113 0.18992608688 1.95965330443e-15)
(-0.0496063034633 0.270988210489 0)
(-0.228941907373 0.316555090338 0)
(0.357124243766 0.0996620029033 -1.383063517e-15)
(-0.16359121366 0.100251238032 -2.5579227869e-15)
(-0.0721265523052 0.254577757693 -2.13520192084e-15)
(-0.18817071709 0.100932160771 2.4925332041e-15)
(-0.327434361055 0.228293830783 -1.15755332516e-16)
(0.0814238452049 -0.177555117478 4.68700874261e-17)
(-0.235897162809 0.298210735029 0)
(-0.189116808977 0.141035332325 -6.91974903667e-17)
(-0.0897808047699 -0.259943807427 0)
(-0.0275596363021 0.254788131602 -4.4802844912e-15)
(-0.0161864274095 0.158672700814 0)
(-0.117681452666 0.167070034841 2.50350074066e-15)
(-0.1666565611 0.225401578615 -3.85219949609e-15)
(-0.0384625217892 0.279386778349 -2.07625806552e-15)
(-0.207537295635 0.252157817982 -1.59890461539e-15)
(-0.119819309032 0.323385218367 -1.47520481425e-15)
(-0.0272604685142 0.165755267454 0)
(-0.262785211405 0.0504069446773 -2.1821422596e-15)
(-0.191349114247 0.211347993522 -1.90254234631e-15)
(0.216365706365 -0.0221534148725 -1.18249599056e-16)
(0.0470575826552 0.00592603177288 0)
(-0.0850276303954 -0.132162183542 1.39575083581e-27)
(-0.217917629475 -0.133831527878 -2.20419382001e-15)
(-0.117897791068 0.181095519134 0)
(0.229440999845 0.264979406658 -4.54324455401e-28)
(-0.169239975937 -0.307430746772 0)
(-0.0166126274844 0.246951757356 2.24672628035e-15)
(0.0712755045586 0.334663920221 3.6240342725e-17)
(-0.249119413538 0.0306462264305 4.5034910476e-15)
(0.169310233629 0.0689621623731 0)
(-0.285237538513 -0.282225054305 0)
(-0.206440101687 0.235555074079 1.68349738638e-15)
(0.0604254582489 0.0606135349593 0)
(-0.0117985316948 -0.282028837326 0)
(-0.332604753855 0.215310872587 -6.90506052497e-16)
(-0.325299749571 -0.072414730227 -7.66872306679e-16)
(-0.0275061288446 0.271111898664 2.07625806552e-15)
(-0.222822108707 -0.295857915247 -5.62994397222e-18)
(0.211641529291 -0.0982441914071 0)
(-0.0159431814554 0.117491708739 1.1062157694e-26)
(-0.0270139456547 0.137908833999 0)
(-0.0946060066948 -0.111245228261 0)
(-0.119169064216 -0.234952633818 -1.07563096997e-27)
(-0.0608846253149 0.246831202738 0)
(-0.0951355634309 0.270962591039 -1.93795458327e-15)
(-0.125791373395 -0.0113448935301 0)
(-0.234064705032 0.205201496734 0)
(0.049145393209 0.231144000642 0)
(-0.0166051108612 0.231517582435 0)
(-0.0835577668572 0.246772527141 2.13520192084e-15)
(-0.115178361558 0.0595496448846 1.35496463373e-27)
(-0.140678149222 0.140007346644 0)
(-0.098916193647 -0.234569055149 -2.57702858036e-15)
(-0.129016928156 0.146533476443 0)
(-0.118632626384 0.254857132486 -4.70377317859e-17)
(-0.0273602730425 0.180096861329 0)
(-0.129054531085 -0.210718706294 2.45817299953e-15)
(0.19069370201 0.22852549368 0)
(-0.127181621718 0.0793815727982 2.80865771844e-15)
(-0.274681704778 0.280528600779 0)
(0.258344321745 0.230090664803 0)
(-0.141241783354 0.167486984082 0)
(-0.0926531861416 -0.0306401417141 -3.17164058833e-15)
(-0.258509311403 0.292444434955 0)
(-0.0267847365236 0.0976740858609 0)
(0.232499534165 -0.0795063189976 1.16235770821e-15)
(-0.0159328206311 0.0782500809699 0)
(-0.129674581764 0.188272978613 0)
(-0.105350840781 -0.118762833812 2.96653725539e-15)
(0.0836820994579 0.0857276878857 0)
(-0.0164745073305 0.279581021784 0)
(-0.168699175192 -0.256403860094 -1.89076707393e-15)
(-0.104730410238 0.105209719789 2.83688252492e-15)
(-0.299801877754 0.248602719977 0)
(-0.0484826296452 0.36073357624 1.51056994446e-15)
(-0.016040568531 0.0654200018339 0)
(-0.0833662319225 0.187750341861 -2.51349510413e-15)
(-0.0267902753739 0.0845791069823 0)
(-0.0796969822395 -0.286561233584 -2.40408146856e-15)
(-0.222779316951 0.261224511637 1.44017267252e-15)
(0.301682976475 -0.0855397040586 0)
(-0.234547545157 0.238186734113 0)
(-0.249544316109 0.0437662201584 2.1821422596e-15)
(-0.310404785361 0.246145095342 0)
(-0.0490175863065 0.00836478352783 0)
(-0.0159236224234 0.104141786047 3.09090818772e-15)
(0.189267480917 -0.119499925239 -2.35108068586e-15)
(0.105075915538 0.0266512002972 3.19390664355e-15)
(-0.292944831716 0.261342166162 0)
(-0.107188185192 0.296879137797 -3.25472529032e-27)
(-0.0924459240354 0.0462630568003 -3.08066266084e-15)
(0.0935100723942 0.0318200272513 -3.19390664354e-15)
(-0.316312892103 0.169688047036 -1.09566085434e-16)
(-0.10669875615 0.246875109906 4.07667040259e-15)
(-0.153462488158 0.188578704231 1.99527164876e-27)
(-0.0104139947769 -0.06597695687 0)
(0.0350748164113 -0.0127952772715 0)
(-0.170406515384 0.322768782847 0)
(0.0724173675849 0.158025922033 0)
(-0.180587259975 0.233953855828 0)
(0.0378278485672 0.0476975851694 0)
(0.191918688498 0.197450705583 0)
(-0.126907111569 0.0662035642001 -2.87066651789e-15)
(-0.122388059512 0.37298046658 0)
(0.169157037029 0.104459521999 2.68648649443e-15)
(0.182619761318 0.0981657281821 -4.02792004951e-20)
(-0.139185082422 0.0861981477246 -5.56050711691e-15)
(-0.317073012265 0.233404630145 0)
(-0.289988163396 0.212834505754 -1.28380696479e-15)
(-0.290236950607 0.238723686994 4.01130402999e-16)
(-0.310257178802 0.126781399292 -5.32318481255e-17)
(-0.164712448432 0.140544997068 -2.44669195654e-15)
(-0.148517973676 -0.0506860714366 0)
(0.0142395874874 -0.123094583622 0)
(-0.292734190673 0.265625731579 7.9038576849e-16)
(-0.098681600385 -0.30152351942 2.07004988937e-15)
(-0.309369866034 0.248247789851 0)
(-0.165504660356 0.181770173025 0)
(-0.158655804935 0.103622074572 -4.81716574978e-17)
(-0.119438452917 0.151197999528 1.11375762705e-17)
(-0.107139838595 0.279361753503 3.25472529032e-27)
(0.0725669234824 0.117603043561 0)
(-0.0711585940735 -0.0302331302157 -3.3101417813e-15)
(-0.0950853514522 0.254586849942 -2.06027211947e-15)
(-0.210704650511 0.0229723353175 0)
(-0.276182283245 0.218887827931 0)
(-0.302751610977 0.191565568097 -1.42255230693e-15)
(-0.119888617528 0.30583162695 -7.06701058385e-28)
(-0.114998176414 0.0465332323768 -1.35496463373e-27)
(-0.141484725516 0.181399684917 0)
(-0.189704126453 0.338991046843 0)
(-0.105789291671 -0.133064673269 2.89262535681e-15)
(-0.263151011683 0.283322660181 9.85978409307e-16)
(0.0718173168852 0.200731082685 0)
(0.195996431256 -0.124563563345 3.97653701163e-17)
(0.0546918209853 -0.116455787024 3.14638840258e-15)
(-0.0374596244691 0.352845719463 -1.51056994446e-15)
(0.181667654588 0.122735303106 0)
(-0.374886142115 0.121626233134 0)
(-0.109730690556 0.361958743753 0)
(0.285240112914 0.111982072331 9.17256570417e-16)
(-0.0379976003065 0.0273901403803 0)
(0.0590713031735 0.0244170532151 -3.29875410078e-15)
(-0.0272677865583 0.306021217614 -3.83094642017e-15)
(-0.0679861295921 -0.312924991219 1.96852764836e-15)
(-0.0247140534816 -0.228657762885 1.41451752745e-15)
(-0.185634610926 0.0222257231622 2.69302141656e-15)
(0.0231134799261 -0.0318839233697 -3.43903150989e-15)
(-0.299694293781 0.258749169024 -9.65362915485e-16)
(0.034226943206 -0.120040570573 0)
(-0.0722924478671 -0.0694551876548 3.27287006467e-15)
(-0.0376331774057 0.0782123921952 -5.78107964764e-27)
(-0.159878863536 -0.233884377128 0)
(-0.138406420668 0.0600440988791 5.89154548068e-17)
(0.0721662839917 0.0793474890017 -3.11184167129e-15)
(-0.237928704191 0.285308387234 1.17313531674e-15)
(0.372894801567 0.10040877232 0)
(-0.136563506462 -0.416096021533 2.741476269e-15)
(0.0839156777427 0.0983328454972 0)
(-0.0270069086663 0.0463757600404 3.2859653856e-15)
(-0.282921382053 0.276147584652 -7.9038576849e-16)
(-0.0485770039233 0.0461945508982 0)
(-0.0384658854748 0.00240339675852 -1.53471607818e-27)
(-0.268474561245 -0.211881584353 1.37252333655e-15)
(-0.337019625849 0.0480101424246 1.65819490062e-18)
(0.270815501428 0.0846706656475 -2.69603547574e-19)
(0.287981760656 0.019105710152 0)
(-0.0163180294667 0.0403612001284 -1.21404093523e-26)
(-0.223157439818 0.277570238289 -1.34408681162e-15)
(-0.0314112086734 -0.204277643754 -2.94907325673e-15)
(-0.273336849598 0.00590474756657 -9.80321878131e-17)
(0.204959899716 -0.0748100254721 0)
(-0.207015996014 -0.112590556937 1.0736641041e-27)
(-0.288757036749 0.197507576163 1.42266440426e-15)
(0.0112019938164 -0.051439074737 -1.2463718815e-26)
(-0.162320244972 0.0606853332097 -2.75030628611e-15)
(-0.308279587143 -0.107687725543 1.56136239511e-15)
(-0.10342317573 -0.0113538300652 -5.36809981185e-17)
(-0.103548692634 0.0400301312799 3.08066266085e-15)
(0.0839632310662 0.124171134502 0)
(-0.070516554516 0.00805855425572 -3.2465399134e-15)
(0.178330383177 -0.00158166511738 2.92822012696e-15)
(0.167991838317 0.142477372331 2.42436919771e-15)
(-0.309818830461 0.112184259205 -7.69802748216e-16)
(-0.250362478873 0.277889942448 -1.17313531674e-15)
(-0.150523823018 0.0668186537855 5.56205734919e-15)
(0.128968924954 -0.225632557896 0)
(-0.0268560544301 0.0590894581012 -1.48497067158e-27)
(-0.274825817838 0.274684374272 -9.85978409307e-16)
(-0.302041249097 0.176062634236 1.43834119166e-15)
(0.349198123482 0.110206938535 1.42867347517e-15)
(-0.0380016989468 0.33387284374 1.72627429296e-15)
(0.195531524163 0.116017978068 0)
(0.059988124964 0.0483662965469 0)
(-0.0164371827792 0.297233464099 1.92217244237e-15)
(0.178572304725 0.205575034075 2.04344519991e-15)
(-0.314643267106 0.155122376232 1.45708927078e-15)
(0.154640413819 0.163067496758 2.43003212827e-15)
(0.153333131256 0.206284748844 -9.41211425914e-28)
(-0.234202933575 0.22001747178 8.98221034769e-29)
(0.071825921319 0.0669561203622 1.42679851492e-27)
(0.0286656501153 -0.260600567941 0)
(-0.171208079595 0.307226945923 0)
(-0.284954170938 0.167146378409 0)
(0.15592665865 0.12342842938 -9.35044455649e-27)
(-0.174816066623 0.0675480169837 0)
(-0.137438902324 -0.0984374180365 -2.89869220285e-15)
(-0.115485274957 -0.097989378733 0)
(-0.0487847334809 0.0210491534285 0)
(-0.0365168931378 -0.150606380707 0)
(0.269343371768 0.00443006292026 -3.95245565526e-17)
(0.18511535861 0.292509005157 0)
(-0.171847704706 -0.120183783231 0)
(0.00199355101392 -0.145934969952 -2.91024675119e-18)
(-0.0941548571913 -0.0973578461074 3.13841707661e-15)
(-0.0177299241715 -0.0095393385447 3.42693021623e-15)
(-0.183747821083 -0.0707881043163 0)
(-0.175197124973 0.080748846512 0)
(-0.17357985277 0.0283926911646 -2.69302141656e-15)
(0.0521803411169 -0.0600131801891 -2.90966455425e-17)
(0.319797587535 -0.0111699937532 1.94519237292e-15)
(-0.207980310137 -0.0704309988421 0)
(-0.138138449986 0.0469724377506 0)
(0.156289375477 0.0630244170667 0)
(-0.222675354213 0.00372116913171 -2.47757042021e-15)
(0.0487096294158 0.0420305287054 0)
(-0.186549674716 0.0483047106976 5.92159231999e-28)
(-0.119041585724 -0.251130888117 2.25713391397e-15)
(0.156451489293 0.0864544287187 0)
(-0.126322377065 0.0403379508694 0)
(0.0276545222772 -0.217233132801 -1.07068916584e-17)
(0.071118256846 0.0428052590069 0)
(-0.0376695248733 0.0653020139198 3.20189961087e-15)
(-0.0172504900761 0.00304198166884 -3.39104987967e-15)
(-0.00839724948374 -0.15463564285 3.16948569462e-15)
(-0.150865393101 0.0800269493156 6.08418517682e-17)
(-0.116626033958 -0.140845027586 -2.89262535681e-15)
(0.270775973446 0.0958015580481 2.69140226681e-19)
(-0.0485066508052 0.0589926091766 -3.20189961086e-15)
(-0.0378026788121 0.0400600453004 -3.2859653856e-15)
(0.107347462653 0.0985163352864 0)
(-0.061133080316 -0.0493316929562 6.63638320099e-15)
(0.058358482641 0.0123742135279 3.03104984007e-27)
(-0.163227037522 0.0869185651467 2.6910075467e-15)
(-0.0161208767726 0.334293842525 0)
(-0.0054824846291 -0.125691826276 -3.24900084729e-15)
(-0.00563114419423 0.271190500482 0)
(-0.117053878776 -0.15563756428 0)
(0.267889718096 -0.00478842133757 -2.56172397112e-15)
(-0.13286971795 0.331680310592 0)
(-0.00562321601714 0.254873670157 0)
(0.236035626254 -0.0690297211842 1.23876253393e-15)
(-0.289835208865 -0.242740901274 1.34657813601e-16)
(0.224955953321 0.0800818444743 -1.22484888779e-15)
(0.0341556684872 -0.0251135542966 0)
(0.27219298798 0.189144647929 4.42362585458e-20)
(0.155516903498 -0.195754176998 0)
(0.0462397633742 -0.00621653572762 3.3826865249e-15)
(0.280008069568 0.148521073086 -8.04022127126e-16)
(0.16955047278 0.0805535477835 -2.71053509699e-15)
(-0.320097344369 0.053772341879 -1.00705189848e-15)
(0.201695933073 -0.153805041025 -6.96067204288e-18)
(0.0221251678934 -0.0444296916225 0)
(-0.283207882752 0.152546571736 -8.78722826452e-16)
(0.0529076487258 -0.28252404124 -6.38098326988e-17)
(0.282683757142 -0.016608124757 1.21016952624e-15)
(-0.149491733953 0.0277966068299 0)
(-0.160080723732 -0.0709122102569 0)
(-0.148659073609 -0.0915176573963 1.28148979202e-27)
(-0.0235276042973 -0.332275857789 -1.30038257969e-15)
(0.166456961207 0.183746623098 2.18018360159e-15)
(0.0938739688728 0.230574682897 -2.23162251985e-15)
(0.104208544937 0.0150212567649 -5.80720070279e-27)
(-0.325423905494 -0.0852798654245 1.44073086955e-15)
(0.169034470849 0.116762241667 0)
(0.0772403470683 -0.193634352881 0)
(0.0758849442033 -0.112392832708 -5.68065038447e-27)
(-0.365167740755 -0.0292766443586 -1.73010247907e-15)
(-0.114779356367 -0.0572172092431 0)
(-0.103592753477 -0.0372818340222 3.17164058834e-15)
(0.0816956645305 0.0254829249644 -3.26792719589e-15)
(0.0705150933335 0.0307774375621 6.56668129666e-15)
(-0.114586485906 -0.0308498812665 0)
(0.0411016855672 -0.139181455125 0)
(0.335367551844 -0.0181745970606 -1.17745454258e-15)
(-0.0448053273336 -0.12960538935 0)
(0.0568543281743 -0.0113264434514 -3.38268652489e-15)
(-0.00528085459343 0.306330193283 0)
(-0.126046948051 -0.0775728133553 0)
(-0.0273778837529 0.0214333836949 -3.06167794592e-27)
(0.143883427602 -0.20977419744 -6.68467390938e-16)
(-0.398578853906 0.109079210951 -4.03811720661e-16)
(-0.125824444539 0.00162425864814 0)
(0.327435160995 0.146051891464 0)
(-0.0815593779193 -0.0111747251711 -3.21997655983e-15)
(0.08398260721 0.137470137255 -5.57108120435e-15)
(-0.0834480101808 -0.0900679097055 -6.32524412234e-15)
(0.182637357062 0.0863816382291 2.71064163685e-15)
(-0.0598070732431 0.00194092775897 0)
(0.116494505755 -0.159480099777 2.59077549878e-15)
(0.0956251940319 0.117627855558 -2.83619002621e-15)
(0.156542661114 0.0984935629392 -2.68648649443e-15)
(0.0955158767066 0.104762971154 0)
(-0.157172410505 0.298616667462 0)
(-0.296445335319 0.13254659949 0)
(-0.213046837907 0.207861525483 -8.98221034769e-29)
(0.155721480577 0.136246566697 9.3504445565e-27)
(0.237102152063 0.00256621160149 0)
(0.241135516706 0.253915667976 0)
(0.0612758960003 -0.222848805527 -2.50148363325e-15)
(-0.114501595041 -0.0178250829127 -3.11596703157e-15)
(-0.126288711319 -0.0912279540387 2.89869220285e-15)
(0.0828621555264 0.207942346396 0)
(0.200939765019 -0.144242161426 -1.93194461685e-15)
(-0.0277119544124 0.00883565701978 3.39104987967e-15)
(0.206560016928 0.000654269641682 0)
(-0.0377499145272 0.104225484259 0)
(0.167655476498 0.15571083581 -2.30797295992e-15)
(-0.025106502364 -0.127852881388 0)
(-0.352893871914 0.0299596391704 7.85782370192e-16)
(-0.15007783116 -0.210793450082 2.31425139738e-15)
(-0.16519776998 0.167880439668 0)
(0.100767511786 -0.0949903060608 3.08544157486e-15)
(0.15430864122 0.17691393247 0)
(-0.0801773358179 0.385321340231 7.61997935448e-16)
(0.131339387582 0.0863354335865 0)
(0.0826905027196 0.222935596012 0)
(-0.297709584768 0.147268544636 0)
(-0.186920597409 0.061423985535 -5.92159231999e-28)
(0.104869871829 -0.124788515538 2.84429311774e-15)
(0.231980226976 -0.130527921129 -7.69520001168e-16)
(0.168673966219 0.177389155291 -3.9700876039e-17)
(-0.263856746523 0.256446245403 0)
(-0.0160267641613 0.3536308293 0)
(-0.0813967247506 0.00165543479838 4.44163667063e-17)
(0.234301477673 0.173365195905 8.95886032265e-16)
(0.117483556294 -0.239728412531 0)
(0.117166613251 -0.234347684528 -6.89454182429e-16)
(-0.084464379723 -0.117909928769 3.12883022901e-15)
(0.179086505149 -0.17632933128 1.54027793482e-15)
(-0.210314474594 0.00987529457081 2.47757042021e-15)
(-0.289985304387 0.255190570623 9.653555087e-16)
(-0.278024783631 0.263287613728 0)
(-0.0796261533039 -0.251237523814 -2.54064583259e-15)
(0.21080754098 -0.142085964602 -9.36657825937e-16)
(-0.159439584505 0.253811981608 0)
(-0.393021766709 0.0899800997129 6.66481315442e-16)
(0.140768772515 -0.151349621088 4.84050423981e-15)
(0.0408831117416 -0.067337692083 3.36104470052e-15)
(-0.0172527982891 -0.148501068244 0)
(0.12632778586 0.161496182684 -4.51845679609e-19)
(-0.122297432498 -0.139256633561 0)
(-0.321055280488 -0.263161967435 -3.58518027622e-16)
(0.119241106123 0.104841199596 0)
(-0.115832973892 -0.111933703188 -5.87084964022e-15)
(-0.0388348958885 -0.0102660058713 1.53471607818e-27)
(-0.153085586262 0.160791536257 0)
(0.172566646412 -0.180265935146 -6.90060264614e-16)
(0.0433827892459 -0.125028421129 0)
(0.173100296228 0.301687312453 0)
(-0.0924674317123 -0.0176846629144 6.38962458951e-15)
(0.023313781676 -0.128490089455 0)
(-0.275704467535 0.0446413326471 1.0007017583e-15)
(0.0683303313943 -0.00474582350955 0)
(-0.228821835515 -0.140443989979 -9.19979752718e-28)
(0.00529134329278 0.246925322615 0)
(0.0640441225428 -0.121044008436 -3.14638840258e-15)
(-0.174201900585 0.321812348015 0)
(-0.00537176963512 0.325087064209 0)
(0.0213964321816 -0.142861153257 0)
(0.0321883440073 -0.0496140385203 0)
(-0.182706119059 -0.187028256676 -2.26982637443e-15)
(-0.016600750213 0.027788031993 -3.36585140589e-15)
(-0.238149899587 -0.161317027844 -8.31846947085e-28)
(-0.137178406565 -0.0708404604283 1.33164790133e-27)
(-0.0607060465037 -0.0363426628291 3.3101417813e-15)
(0.0309619639436 -0.0622962604146 0)
(-0.252243002788 0.122565613801 -1.98424733168e-18)
(-0.390397933235 0.11295769296 -3.27394924235e-17)
(0.166096306858 0.198305430557 -2.04344519991e-15)
(-0.250632917818 -0.184502561844 0)
(0.0524818034663 -0.257923477512 0)
(0.0465123828468 -0.253335008581 -2.52146342825e-15)
(0.00359425942522 -0.131436292552 0)
(-0.105480167037 -0.308687314371 -1.97736673605e-15)
(0.126240651088 -0.162303644186 -2.45844402521e-15)
(0.131084821973 0.136852297134 -9.73766469799e-27)
(-0.0289903231438 -0.0288160310753 0)
(-0.0551731714224 -0.1376029857 0)
(0.167463498396 -0.142653872261 0)
(0.26754561578 0.131277597208 9.4732381513e-16)
(-0.318508705623 0.213395128433 1.05532419391e-15)
(-0.0751891779481 -0.13893676615 0)
(-0.218495019817 -0.11947171391 -2.19173766812e-15)
(-0.246105904302 -0.035130480904 2.19854917733e-15)
(-0.170865516153 -0.225537857891 0)
(-0.219943414564 -0.0770786925911 0)
(-0.210714516984 0.1835818347 -7.46257409193e-17)
(-0.117003340953 -0.29729193898 9.77541076257e-16)
(0.177967583776 0.31809620038 0)
(0.0201676777244 -0.211370863939 1.42067380051e-15)
(0.131661105354 -0.0552209286342 0)
(-0.0422688096897 -0.0879797746436 0)
(0.333465199893 -0.0248368152225 1.30660191479e-16)
(0.153020884031 0.221628778351 2.02774374674e-15)
(0.194195638006 0.296302831795 -1.15026191271e-15)
(-0.00336667202092 -0.271414116884 -1.13117749833e-15)
(0.0301675453403 -0.148196429527 0)
(0.227893816294 -0.120829718587 1.69833986716e-15)
(0.174874574192 -0.169125721747 0)
(0.251536350726 0.138759482861 -1.02342354498e-15)
(-0.148508023781 -0.0778018259636 -1.28148979202e-27)
(-0.139419401426 -0.202925131629 -2.45817299953e-15)
(-0.287352069863 0.0128827568734 -2.03809819342e-15)
(0.151465901831 -0.153500096032 -2.3820602146e-15)
(-0.19552734154 -0.0915070250914 0)
(0.213575728298 -0.0435995534557 0)
(-0.0647320545446 -0.131034261724 0)
(-0.0380961210817 0.144837234538 2.85235762456e-15)
(-0.160921794705 -0.187377312228 -2.35048360717e-15)
(0.18386974258 -0.167787069413 -5.06715650214e-17)
(0.262632855656 0.171013121331 0)
(-0.160119552523 -0.0987096502721 0)
(0.0821100256588 0.32555590343 1.65138050185e-15)
(0.234113818061 -0.109650916828 0)
(-0.179951256046 -0.247645723713 1.89076707393e-15)
(-0.152810370469 0.147082988575 2.44669195654e-15)
(0.172529088544 -0.15675885696 1.993536133e-15)
(0.189837682235 0.244647290903 1.58018414438e-15)
(0.120888187237 -0.177361818191 -7.59097724152e-17)
(-0.3475043232 -0.192048228786 -5.15860234843e-16)
(0.0921309824787 0.00860945238871 -3.26754453474e-15)
(-0.270075360504 -0.177170709493 -2.28665022882e-18)
(-0.0284730059479 -0.016105731846 0)
(0.232193763176 -0.0269825431765 2.65008703329e-15)
(0.125526346026 -0.211873204381 -4.81615973853e-19)
(0.106672109333 0.0618464138554 3.04481529639e-15)
(0.182915059384 -0.15657586203 -8.88672567264e-17)
(-0.125726530902 -0.0374496373157 0)
(-0.385560172678 0.101420629854 0)
(0.226123825852 -0.10009673072 0)
(-0.336620269082 0.0353879039825 -1.72954650397e-15)
(0.179209416692 -0.143687853471 0)
(-0.240528539791 -0.13248252426 -1.92016211117e-15)
(-0.015065977056 -0.30381589011 0)
(-0.189981686539 0.181830023031 0)
(-0.207327199008 -0.0984615202872 -2.34774626877e-15)
(-0.131553899169 0.347341049818 0)
(-0.0215232278633 -0.194842665596 5.91015612856e-15)
(0.10813637224 -0.111531784308 0)
(0.0593941979049 0.37686766671 -1.03050216166e-26)
(-0.202788017057 -0.175980485424 0)
(-0.171733529214 -0.0778506830805 1.21283282308e-27)
(0.255518342285 0.0689547503905 0)
(0.268543928451 0.119246134924 3.14720190706e-15)
(0.208648925622 -0.133091843367 -1.98214408724e-15)
(-0.0354713824533 -0.135954421886 0)
(-0.259658197921 -0.0144395936658 0)
(-0.171904080458 -0.179566901979 4.6203099816e-15)
(0.150856897063 0.304794558885 0)
(-0.12834912392 -0.179020184558 2.57288555484e-15)
(0.163967416438 0.279014236698 0)
(-0.148978663962 -0.119897714716 -2.69374289486e-15)
(0.080899409545 0.0136354879641 3.26754453474e-15)
(0.103012459421 -0.170333428165 -2.59077549878e-15)
(-0.160829662029 -0.202702952343 -2.31425139738e-15)
(0.178124678801 0.221024473818 0)
(-0.0159434746325 -0.13391255605 3.24900084729e-15)
(-0.290348380062 0.0519061377663 -9.9910848571e-16)
(-0.270439443157 0.172760852925 0)
(0.24653875464 0.240544479972 0)
(0.206936366868 0.161124148269 0)
(-0.183534519636 -0.098776076991 0)
(-0.0234005442381 -0.312230149087 0)
(-0.0495774714609 -0.0168264519728 1.52868005108e-27)
(0.0692528967173 0.00719662131367 0)
(0.0463446586288 -0.299876296656 -3.84397751359e-15)
(0.0855514735965 -0.116535058396 0)
(0.12095896107 -0.145086276312 -2.6951578275e-15)
(0.0826303294573 -0.130141201995 0)
(0.0939431783027 -0.166788227854 2.70509710619e-15)
(0.162782024006 -0.0188581946027 0)
(-0.219492601387 -0.0909741402262 8.95756162984e-17)
(-0.182262659007 -0.202057613348 -2.07114642873e-15)
(0.126966853832 0.323906221756 -1.47537744374e-15)
(-0.155055894869 0.248272564449 0)
(0.0161940684451 0.254901301043 0)
(-0.140607571356 0.337249282552 0)
(-0.330955978557 -0.21885533346 0)
(0.148872038011 -0.183124761683 -9.60133685445e-16)
(0.240160758264 0.0635718142979 0)
(0.160222275279 0.336141389047 9.62217788936e-16)
(0.202012058277 -0.121069437932 0)
(-0.304253356089 0.0462951050772 9.17573321549e-16)
(0.0433485514914 -0.0425924739483 -3.09321034093e-27)
(0.177150656361 0.253450680285 0)
(0.0012262033965 -0.0460186096766 3.43591163495e-15)
(0.254248113481 0.102355483236 0)
(-0.127970912385 -0.163681174223 -2.67374629938e-15)
(0.0165203601977 0.306576185379 0)
(-0.325430318206 -0.115580359308 0)
(0.00206248212796 -0.0333279966037 6.88693008143e-15)
(-0.156924919638 0.281225487821 0)
(-0.195673188036 -0.0776573487104 0)
(0.264231740538 0.157762503847 0)
(-0.329347073449 -0.0303306306429 0)
(0.13033191937 -0.179595474342 -7.23406587589e-17)
(0.248105116173 0.17964352717 -8.9338498697e-16)
(0.176138375973 0.270139584307 0)
(-0.37840237703 -0.0620930360826 1.13799961649e-15)
(-0.180527378541 -0.23263987609 1.94654645801e-15)
(-0.137050714648 -0.0574104416204 -1.33164790133e-27)
(0.00542588991628 0.279753534188 0)
(0.0979697003602 -0.151977553615 -2.80727445355e-15)
(-0.0448056490152 -0.285476083426 1.37805054706e-15)
(-0.1497461893 0.0408145159408 0)
(0.170128219292 0.316457017819 0)
(0.146657070617 -0.204713173619 1.40977635479e-15)
(0.00545550023469 0.297344963415 0)
(-0.272745192643 -0.00756563800017 -2.02732044203e-15)
(0.196545786042 -0.132804813968 0)
(-0.0378273521273 0.117631909144 -2.97225394996e-15)
(-0.173911824002 0.0414427025642 -2.73086655829e-15)
(0.0980068086023 -0.107847227334 0)
(0.0886845248437 -0.148235347009 2.80727445355e-15)
(-0.0600707236577 -0.0108114009918 0)
(-0.356309602403 -0.184402129591 0)
(-0.139307648433 -0.187194245107 -7.11191732458e-17)
(0.0645114905796 -0.268763658033 -1.86438823075e-15)
(-0.288180811513 0.0261598691071 -4.62566907318e-17)
(-0.0640278241562 -0.116821940242 -6.38484663787e-15)
(-0.368409000274 0.0126735762859 2.11871951777e-16)
(-0.0708671480381 -0.0173523138169 -1.49607239948e-27)
(0.0921088339328 -0.134075769783 0)
(0.205439480356 0.173810287074 0)
(-0.147130921264 0.223966366852 0)
(-0.186388387509 -0.257367407478 -5.66451117614e-17)
(-0.258324838012 0.194112315473 0)
(0.0558102867495 -0.0234503177997 0)
(-0.161981683193 0.0475757079047 2.73086655828e-15)
(-0.271964684826 0.188218006969 0)
(0.219853291455 -0.111381744654 0)
(-0.0706674401597 -0.259561212668 2.54378911714e-15)
(-0.00546428985893 0.379197560263 0)
(0.0631607463422 -0.245238806188 -2.18552735803e-27)
(-0.125831983051 -0.0506502509605 0)
(0.162642007642 0.295835665437 0)
(0.0165886345995 0.325494574959 1.76019355498e-15)
(0.107016588358 -0.189187908758 2.39943438072e-15)
(0.0704449538713 0.352999146662 -1.47069716072e-15)
(-0.325472996678 0.229163886193 7.99537791477e-16)
(-0.171212708488 -0.210280831418 0)
(-0.160277784254 -0.112774966122 2.69374289486e-15)
(0.0696237076417 -0.249337859984 0)
(0.172080073123 0.327717744682 -9.6221778893e-16)
(-0.0499780663642 -0.0296277973369 -1.52868005108e-27)
(-0.259694938808 0.209980099796 0)
(0.145753403081 -0.16755782792 -2.2514055747e-15)
(0.0683010273694 -0.22697141105 2.50148363326e-15)
(0.250804874671 0.151595341909 -3.80791170673e-18)
(-0.23288275426 -0.0559797890834 4.61462241416e-15)
(-0.264689617625 -0.176762888464 0)
(0.00596632800601 0.334535316068 -1.76019355497e-15)
(-0.0733090825612 -0.096502330983 6.41784671331e-15)
(-0.365049103643 -0.0423109335067 -1.05990527578e-15)
(0.230078391535 -0.0365848983085 0)
(-0.171773848156 -0.0916332930505 -1.21283282308e-27)
(-0.0973974112878 -0.185572392606 0)
(0.23542653649 -0.00728849084034 6.91071852238e-17)
(-0.241410255182 -0.118153342224 0)
(0.0444957465002 -0.0302184998341 3.09321034093e-27)
(-0.00699780611464 -0.225578098795 1.09007882173e-17)
(0.0162054594262 0.271339711069 0)
(0.251073249496 -0.0107172221547 5.11808598808e-15)
(0.255282149222 0.0794363110624 0)
(-0.258970500684 -0.0278919187602 -9.35825203699e-17)
(0.253785079164 0.113766271542 -3.17797283963e-15)
(0.130705939034 -0.217030846514 6.56967076607e-16)
(-0.0758390895019 -0.153639790434 0)
(-0.416636170409 0.0576649651232 -4.16158544673e-16)
(-0.0447382760626 0.395262469916 9.03433327175e-16)
(0.163982272262 -0.189269234091 -6.87694983056e-16)
(0.398514710713 0.0675881888267 -8.1621572564e-17)
(-0.0603331944175 -0.396591965306 0)
(-0.251165213117 -0.138717018335 1.92016211117e-15)
(-0.349186613268 -0.210175980205 -1.40233844473e-17)
(-0.189917609098 0.169397829282 6.16329534292e-29)
(-0.0382199402011 0.158883903258 0)
(-0.12716458798 -0.133789683719 1.28931678023e-27)
(0.241752454613 -0.121567321516 -8.04441116421e-16)
(0.285929952283 0.00978287521236 0)
(-0.415435551795 0.0730892825517 4.23104309198e-16)
(-0.319009768663 -0.245823404166 0)
(-0.231035747076 -0.0975413552197 4.42297978644e-15)
(-0.12681231163 -0.119417755406 5.7415501988e-15)
(-0.346224337985 -0.0625589334365 7.49585868378e-16)
(0.154579847617 0.185979785844 3.93577838843e-19)
(0.204948002344 -0.00976105883096 -6.76027296929e-17)
(-0.232319336969 -0.0697117284974 0)
(0.249016413601 -0.0205270178742 0)
(0.196690320837 0.296275918485 -6.25092031773e-28)
(-0.352021617997 0.018084956656 0)
(0.235262153457 0.159967232638 -3.7127260785e-18)
(-0.137690244592 -0.112444626708 -2.83723781398e-15)
(0.0983211024149 -0.185983151927 0)
(-0.0711050561761 -0.27804042388 4.84882560597e-15)
(0.148766116024 0.320930060715 0)
(0.299710924874 -0.0191050017921 -3.49719475635e-15)
(0.0705758305495 -0.139380821417 0)
(-0.0397013463454 -0.0355579910675 3.08157564365e-27)
(-0.0607780494139 0.187520496153 0)
(-0.333597931404 0.15542272544 0)
(-0.344487590991 -0.207743567704 1.32018546909e-17)
(-0.0863044762679 -0.161816572817 -5.52055101651e-21)
(0.2316928736 0.202781504275 8.607541529e-16)
(-0.149956531754 -0.179510262579 -2.50176638159e-15)
(0.15445724499 0.337403872742 0)
(-0.160740253603 0.328603072187 -4.91340218457e-16)
(0.217537017798 -0.0235938996854 6.88451490833e-17)
(-0.347343776429 -0.00835517671189 1.6793579995e-15)
(0.164888889955 0.245657149582 0)
(0.0499870054921 -0.144087808518 3.07021116501e-15)
(0.3498666188 0.131716769055 -5.01708460472e-16)
(0.0854255492085 -0.19770484497 0)
(-0.0595353077301 0.392104725661 -8.11826866627e-28)
(0.239473575908 0.0855689921191 1.22201188288e-15)
(0.188227010486 -0.026708253135 0)
(-0.327430103227 -0.0421513661415 -1.65103276854e-15)
(-0.0721490348942 0.209310562524 -4.31101470853e-27)
(0.137105144106 0.329779286448 2.35238019875e-27)
(-0.0738835553732 -0.110330604125 4.39488542932e-17)
(0.176813183804 -0.0122933811824 0)
(0.16532128572 0.229380200854 0)
(0.0346293171217 -0.266308285541 2.34361750377e-15)
(-0.303090122368 0.033142058143 -9.83988389185e-16)
(0.00589885941898 0.117443066211 0)
(-0.230373205127 -0.111754092681 2.19173766812e-15)
(-0.250790584806 -0.153221840239 0)
(-0.106472687318 0.202277471546 0)
(-0.303403781142 -0.235669561151 1.0943813689e-15)
(-0.363990690367 -0.0722368827137 -9.64604531399e-16)
(-0.129887388473 0.202470625157 0)
(-0.0422337412697 -0.230965110905 1.3364221451e-18)
(0.155950369488 -0.168981244401 0)
(0.263977776149 -0.0228734289136 0)
(-0.0834864776867 0.202142289116 0)
(-0.0499143580449 -0.206373469084 -5.78481716326e-15)
(-0.00484003623191 0.362287112961 0)
(0.15833101421 0.325048809176 0)
(-0.329523753864 -0.236084634056 0)
(0.296547272585 -0.0293214165258 -4.50534357507e-18)
(0.0806445861901 -0.214336358805 2.38624377292e-15)
(-0.245438692782 -0.0487107407849 -9.21940546954e-17)
(-0.345597991957 -0.0483451090756 0)
(0.0614571479405 -0.134921096399 -3.070211165e-15)
(0.208815628925 0.121802708309 0)
(-0.120213494114 0.126026752251 -2.21814549648e-17)
(-0.346861100482 -0.0211204414226 7.4148458986e-16)
(0.219329868822 -0.0134846935118 -5.39735744969e-15)
(0.379547473337 0.0798526479742 0)
(0.104580598112 0.325169233367 0)
(-0.0148642032977 -0.218634426767 1.41967333483e-15)
(-0.0949277399694 0.209410901829 -2.09310149398e-27)
(-0.299794076454 0.148085873627 -7.6447531197e-17)
(-0.00953869087175 -0.053007330882 -3.43591163498e-15)
(0.00577069729116 0.158514211148 2.06998019661e-26)
(0.2392248288 0.0968361211346 1.17770673969e-15)
(-0.154486639697 0.232390652979 1.95796078417e-15)
(0.223638826274 0.115060164176 0)
(-0.138574629689 -0.156359940576 2.67374629938e-15)
(-0.0132091735673 -0.201698039798 -4.44340247015e-15)
(-0.0514993306866 -0.0685504309186 0)
(0.0935160659536 0.333837576309 0)
(-0.200188683204 0.252198821632 2.08438991771e-16)
(-0.332589112258 0.145022046893 2.21585598014e-16)
(0.194197183015 0.141567332603 -1.10707945292e-18)
(-0.138186405573 0.315762803711 0)
(-0.263608270096 -0.160986168374 0)
(0.115701229614 0.332486667669 1.47537744373e-15)
(-0.149811349034 -0.164288556211 -2.52942732695e-15)
(0.31242516655 -0.0391597145167 1.77681019199e-15)
(0.219620715039 0.181544356407 1.95610464027e-15)
(0.0813626892478 0.359432393248 1.47069716071e-15)
(0.160952997325 -0.0298111315634 0)
(0.314210816763 -0.0312245549051 0)
(-0.36629133493 0.00021120474638 5.62956256126e-16)
(-0.383280320258 -0.0499236950386 1.25594115171e-15)
(-0.31637569424 -0.208834014663 1.10997122386e-15)
(-0.353245599276 0.132724463975 -2.30551856567e-16)
(-0.326053523627 -0.131215288695 -6.46323567832e-16)
(0.113587268732 -0.0868198822442 5.78983445861e-21)
(0.186154614937 0.313810518837 0)
(0.102672341019 -0.242763650497 -1.66563772874e-15)
(-0.202933656527 -0.421143724764 0)
(-0.340101925972 0.209390751572 0)
(0.393007467901 0.0613151562812 0)
(-0.28056993909 -0.186978086986 -6.88984163513e-16)
(-0.206244602237 -0.141623260887 2.20419382001e-15)
(0.190085215573 -0.0161742315207 2.80069105615e-15)
(-0.0608715165317 0.202024902733 -2.47667122839e-15)
(0.174944592326 0.322605282262 1.40679846597e-27)
(0.0834799315595 0.178873703102 -2.37909459098e-27)
(-0.1492207424 -0.134308537328 0)
(-0.318424421383 0.0277663532098 1.72866688714e-15)
(0.129320075892 -0.0668951379716 0)
(0.342026784061 0.132749581041 1.46742609675e-15)
(-0.192792791049 -0.42554559648 0)
(0.314510028571 0.157690537141 0)
(0.179689608632 0.1760074462 -2.18018385575e-15)
(0.237855252316 0.120718949615 1.08881387653e-15)
(0.365677218735 0.0691384172062 4.59526622136e-17)
(0.00590316942248 0.353305809537 -6.05848091015e-27)
(-0.300893182355 0.0075933118192 0)
(0.00574862064138 0.0783970800759 -1.17229352661e-26)
(0.192250396036 0.192403811926 3.91487177639e-17)
(-0.0506834046083 -0.223130248066 0)
(-0.283081771652 -0.204602854239 -1.37303838178e-15)
(0.00549828713575 0.201597143552 0)
(0.198756337794 0.274839464552 4.68058264918e-28)
(-0.140579665959 0.354611616588 0)
(0.394684976611 0.0584950665484 1.88660581939e-15)
(0.191230354297 0.284798228994 0)
(0.0896397936824 -0.238369786005 1.10322394083e-15)
(0.0829676248081 -0.235591638552 -1.09469328093e-15)
(0.186598374147 0.306251737402 0)
(0.0924291773128 0.35101111436 0)
(-0.138275817107 -0.141523440376 0)
(0.145117571585 -0.0479599367489 0)
(-0.301372489645 -0.21702955601 -1.10789017855e-15)
(0.116169168908 -0.0745812957798 -5.78983538252e-21)
(0.0953782888327 0.144105360201 2.76947479259e-15)
(0.0163726644471 0.208848083996 0)
(-0.201081553156 -0.390314486077 0)
(0.149529609821 -0.0853589143626 8.56349170266e-20)
(-0.0979295578336 -0.201525764715 0)
(-0.18325208066 -0.1568087714 -2.28857996894e-15)
(-0.203824065911 -0.200700059218 0)
(0.23727630335 0.132946650736 1.02755207971e-15)
(-0.222562849333 0.30980837035 0)
(-0.331927947196 -0.00242739399679 -1.59769017274e-15)
(0.0740005907427 -0.0574268804459 6.56114387923e-15)
(-0.183388003408 -0.142094131608 2.37838360665e-15)
(0.181790483596 -0.0584482804395 0)
(0.101472723486 -0.20550696534 1.13000952821e-15)
(0.333109674651 0.143984698732 -8.5210031881e-16)
(0.276339808377 -0.04476399299 1.14337484083e-15)
(0.173612896823 -0.0334520437976 0)
(-0.329235665632 -0.167161335574 1.13290270075e-15)
(-0.329986370321 0.219291945963 -1.05143563073e-15)
(0.0663848045489 -0.0283439001387 0)
(0.206393506356 0.174888928595 -1.95674551393e-15)
(-0.317579721004 0.0150480952569 -1.74148066955e-18)
(0.109499906079 -0.208120566054 -3.30907656976e-15)
(0.147193923457 -0.0366945983238 0)
(0.0884151749557 -0.218227941489 -2.39849485604e-15)
(0.107902541823 0.36947451806 -7.54818268973e-27)
(0.0051619683148 0.0407973462885 0)
(-0.160778310692 -0.156812328958 2.52942732695e-15)
(0.102893208475 -0.224359508624 0)
(-0.0795300392493 -0.233877097964 5.30810568664e-15)
(0.0952830240937 0.15770598752 2.65772947995e-15)
(-0.333252129938 0.0096556650309 -6.56943259546e-18)
(0.0836139129503 0.164832956826 -2.65772947995e-15)
(0.208476153777 0.134342996745 0)
(-0.160618604547 -0.141991586448 2.54112244842e-15)
(0.180080897725 0.162149284361 4.54790625053e-15)
(-0.313980632485 -0.0112696293802 0)
(-0.193945873554 -0.178933991151 2.09951872703e-15)
(0.246252168113 0.193507099518 1.62137323311e-18)
(0.065079688516 -0.0405046181269 -3.32193574055e-15)
(-0.171989287047 -0.164501272353 0)
(-0.300192396132 -0.00547619744132 0)
(-0.236974815029 0.274941301267 -3.87160893722e-28)
(0.144801334 0.313047010332 5.28411754735e-16)
(-0.0497550469346 0.224054464447 0)
(-0.146671316418 0.313705940083 -2.70264400613e-16)
(-0.0627120903283 -0.0891545446153 -3.23101966758e-15)
(-0.14402051679 0.165675925906 -2.53438527558e-17)
(0.148123919261 0.262428912673 0)
(-0.178832869589 -0.280338381046 8.11677784764e-16)
(-0.146792155461 0.348869577153 0)
(-0.264351082716 -0.116277020479 0)
(-0.171927965138 -0.134630277921 -2.54112244842e-15)
(-0.0883814295968 -0.209144210201 -5.08711153013e-21)
(-0.194961273302 -0.134494562603 -2.37838360665e-15)
(-0.155662508039 0.286118961629 2.15963016904e-16)
(-0.313132240817 -0.024112446796 -9.06485160305e-16)
(-0.192521332861 -0.209196179851 2.07114642872e-15)
(-0.0415366965417 -0.0745815592484 0)
(0.176518718284 -0.0802930761267 -3.26699958631e-19)
(-0.177147610807 0.275067103017 0)
(-0.122917363399 0.143412638378 -1.11578414337e-17)
(0.184332615406 -0.0476260123164 0)
(0.192398076081 0.182827071593 0)
(-0.0497217052043 0.209221007877 2.47667122839e-15)
(0.221882368865 0.140395732596 0)
(-0.29644041045 -0.0450057209643 -8.81422810082e-16)
(-0.278383406673 -0.108223278817 -8.47665478838e-16)
(-0.0981781654023 0.105529317253 0)
(-0.198691570359 0.323446913618 2.75701306531e-28)
(0.11003404788 -0.226337387742 -5.91834197165e-17)
(-0.0779462329453 -0.200331319209 0)
(-0.205805544138 -0.156231805156 -2.00658352327e-27)
(-0.143404574439 0.291532916508 5.43013837095e-17)
(-0.212576789622 0.274156934824 0)
(-0.0509249166429 -0.0553926550331 3.21251361002e-17)
(0.22144910418 0.153509548278 0)
(-0.186476299819 0.267209310623 0)
(-0.281005727332 -0.0666154627765 -2.83962240458e-15)
(0.0949224288507 0.067518401078 -2.79345782841e-27)
(0.0952877438515 0.0797547863315 2.79345782841e-27)
(0.16688230017 -0.065999710958 0)
(-0.28526253346 -0.0131175463106 2.03329284321e-15)
(0.142709326748 0.156558532188 -2.43003212826e-15)
(-0.088798615213 -0.225666791471 -5.33932064801e-17)
(-0.254381252882 -0.0959133303546 0)
(-0.194366764801 -0.164151747384 2.28857996894e-15)
(-0.18637218128 0.331648056146 0)
(0.0642490872046 0.385368023193 0)
(-0.0694247630209 -0.224752552016 -5.39672893355e-15)
(0.258025231403 0.198708040483 -6.80245504562e-19)
(-0.167589287832 0.165549164773 0)
(-0.24318006511 -0.0899264190882 -2.16496291261e-15)
(0.0380166431248 0.271374876491 0)
(0.00397921872252 0.00385095925186 3.41050263822e-15)
(-0.145890916617 0.156452040207 4.76805566009e-17)
(-0.191860512252 -0.223851306205 -1.94654645801e-15)
(-0.282019503378 -0.0530411469756 -9.87644297044e-16)
(-0.0627421704478 -0.286517438818 -2.41411066741e-15)
(-0.0621304442548 -0.0756861602487 -3.27287006467e-15)
(-0.00508788148616 0.0846400359462 -2.28355475411e-26)
(-0.297156478174 -0.0316973159953 1.8590395878e-15)
(-0.00505479507505 0.124097736588 -2.14612761133e-26)
(-0.00550880860055 0.0466898037466 0)
(0.0468473242471 0.392182268902 1.12173974927e-15)
(-0.233188782786 0.299722203547 0)
(0.146582575832 0.289934216142 0)
(-0.0526925994167 -0.277016456996 1.00371252606e-17)
(-0.0052657423219 0.165578428171 0)
(0.241851406884 -0.0493366666702 3.69026126119e-15)
(-0.0587400021076 -0.19892479894 5.71870729585e-15)
(0.157146415042 -0.0515037154288 0)
(0.278390901344 -0.0363800748557 -2.39878295281e-15)
(0.244843148789 -0.0395685279141 0)
(-0.19820570223 0.3106278604 0)
(-0.00646859026696 0.00947371721219 -3.4105026382e-15)
(-0.284308033866 -0.0263594129641 -9.55490917715e-16)
(0.0557680503519 0.393265654432 -1.12173974927e-15)
(0.0383452226823 0.208633129192 8.9234863725e-27)
(-0.00555067842086 0.209004509645 0)
(-0.267842897634 -0.0742654077251 3.95618761909e-15)
(-0.0606475667701 -0.232550916808 2.72005198589e-15)
(-0.180086951737 -0.299498517999 1.26843735437e-17)
(-0.270842988256 -0.0335826939362 -2.10794394443e-15)
(-0.183860551398 0.296215347894 0)
(-0.072196708675 0.224043857543 4.31101470853e-27)
(0.130254017417 0.16382947365 0)
(-0.0609134146043 0.231499410913 0)
(0.0605905314463 -0.077420793708 -1.20038423714e-26)
(0.154672399489 -0.0627740933155 0)
(-0.083520546044 0.231484568273 0)
(0.00530861212482 0.231456174604 -2.40488654544e-15)
(-0.0950178743888 0.22407323101 2.09310149398e-27)
(-0.0402535380619 -0.0484597154467 -6.76230385518e-15)
(-0.106563481611 0.231536107631 -3.85038436512e-27)
(0.0623106519629 -0.0647672735629 -6.63213977582e-15)
(-0.25352345972 -0.110210287618 0)
(-0.0687435691239 -0.207930061949 -2.84125150705e-15)
(0.257564625401 -0.0520360162329 -2.42947043027e-15)
(-0.0612299823671 -0.250023057646 0)
(0.155830897631 0.27926003608 5.36191813708e-20)
(0.17143590426 -0.0443347926343 0)
(-0.314527314061 -0.190226961714 -5.53498216874e-16)
(-0.270079428179 -0.0473243251815 9.87939929776e-16)
(-0.101393527121 0.112971948682 0)
(-0.291995451747 -0.115329855332 -7.31662266951e-16)
(0.119141233631 0.0801358015161 -2.71804179531e-27)
(0.191864403665 -0.0722701254072 0)
(0.21088114171 -0.0539047723668 0)
(-0.25726088168 -0.0546847078631 -2.17088238528e-15)
(-0.0210857251848 -0.0732071132185 0)
(0.163974197386 -0.077293301749 0)
(-0.167409683456 0.176996867185 -1.12573265437e-16)
(-0.0619886262873 -0.304984951998 -9.83559074319e-16)
(0.107124444666 0.0860690860777 0)
(-0.228606846641 0.286216432645 0)
(-0.266906181548 -0.0883425471506 0)
(0.0483080845967 0.383330049994 0)
(0.0272093911221 0.279941022662 0)
(-0.296505619164 -0.179439056848 6.88725619272e-16)
(-0.308457910124 -0.139758934738 0)
(-0.25641593944 -0.0684470822157 -2.02978731115e-15)
(-0.244019582901 -0.0759777465149 0)
(0.0271176339243 0.24687547005 0)
(-0.278804844318 -0.0942185477639 3.49777990924e-18)
(-0.292893067502 -0.130286121042 0)
(-0.294866739326 -0.163138420641 1.37957204112e-15)
(0.102428907763 0.356636242307 0)
(0.261932785457 -0.032298213133 2.39904981754e-15)
(-0.310222524674 -0.155871501229 -1.40347919177e-15)
(-0.0060323211357 0.0219694088449 3.3658514059e-15)
(-0.00527904407509 0.0593103398415 0)
(-0.00742742650749 -0.0151933087606 -3.42693021624e-15)
(-0.00501991589483 0.0976636007716 -3.0909081877e-15)
(-0.264141754976 -0.130764799779 0)
(-0.00807502457734 -0.0277948636408 -3.44235774581e-15)
(-0.00509318785992 0.137758705585 2.89407157777e-15)
(-0.0188241461927 -0.0345538320785 0)
(0.194942429691 -0.0614477152719 0)
(-0.278102151147 -0.153432192985 0)
(-0.00534386504305 0.17991218802 -2.66821632233e-15)
(0.154240495312 0.30898393811 -5.28402009511e-16)
(0.254701934716 -0.060827809154 0)
(-0.0309163580843 -0.0673952453287 0)
(-0.0195115855959 -0.0473578622367 0)
(-0.27735377982 -0.138521583269 0)
(0.131143000582 0.333259688099 0)
(0.291776680021 -0.0474310013018 -1.1433585915e-15)
(-0.00559955918757 0.223935271322 0)
(0.0274618569596 0.201389865976 0)
(0.142683962331 0.326885380923 0)
(-0.136633743307 0.134519252923 2.66609048767e-18)
(0.0382548191733 0.22358627838 -8.92348637249e-27)
(0.0676083225322 0.380700936214 -1.26409560779e-15)
(-0.0301986276546 -0.0543234024891 3.39371614571e-15)
(0.113950036587 0.348515649974 5.11649982234e-27)
(0.136942493235 0.35402473785 -7.57859668922e-27)
(0.027178675621 0.231340256189 0)
(0.0429782548523 0.393867898773 9.64144403373e-16)
(0.0727696240259 0.388441028019 0)
(0.0896470498928 0.378327005977 0)
(0.0271573420362 0.297676249104 0)
(0.0528027748265 0.384302342521 0)
(-0.118252750193 0.115707144641 -2.52311586829e-18)
(0.0845241762707 0.381663736482 0)
(0.0273162576216 0.353799649341 0)
(0.121204980463 0.353050210165 7.70123816472e-16)
(0.0167535079248 0.362125854101 0)
(0.026667243065 0.385105256374 1.378446517e-15)
(0.065773134371 0.39232923435 -1.09503263741e-27)
(0.0168650474102 0.379207971552 -1.37844651699e-15)
(0.142652979952 0.345624712978 7.57859668924e-27)
(0.0884283164926 0.375677451249 -1.23239102314e-15)
(0.0788777939458 0.373791216869 2.49648663095e-15)
(0.0353966292875 0.397361454607 0)
(0.0255121123241 0.397047079644 -9.27747070793e-27)
(0.122751180113 0.35200300374 -1.2292925891e-15)
(0.270070589185 -0.0639133001907 -1.85927691234e-17)
(0.119575105436 0.36294039438 8.50130566132e-27)
(0.287546960344 -0.0554454851263 0)
(0.0308848609679 0.397677695934 0)
(0.132958180811 0.346401924939 -7.7012381647e-16)
(0.10008572003 0.369515152845 0)
(0.124970318001 0.360898029256 -6.80841786611e-27)
(0.11926189494 0.36558384645 6.80841786612e-27)
(0.134337841979 0.34441047155 1.22929258909e-15)
(0.153488924303 0.341723878624 0)
(0.154153983194 0.332323239782 0)
(0.165863029983 0.323677373842 -1.406798466e-27)
(0.16480944135 0.313165461892 -1.70482279725e-20)
(0.178649623645 0.282094601343 0)
(0.170707169829 0.290410023467 -5.36116700949e-20)
(0.175260995962 0.305800026309 0)
(0.141534355987 0.348288655839 1.46451249068e-27)
(0.196765027634 0.248821603429 1.35531626832e-16)
(0.213488816949 0.248908108573 0)
(0.272848296106 -0.101876378945 0)
(-0.413910012811 0.00566526168229 0)
(-0.33407121214 -0.223779460141 0)
(0.20869679143 0.207431507565 -1.63261553138e-16)
(-0.38285259863 0.125194292081 -9.49838293554e-16)
(-0.037399135404 -0.329555759717 1.49090367822e-15)
(-0.0175568092027 -0.368050790818 0)
(0.0398531099365 -0.321532528313 0)
(-0.397425250373 0.00651866136302 9.41506891161e-16)
(0.242689415119 -0.0904466739863 7.60318549507e-17)
(0.264936017197 -0.0737709157266 1.91840437704e-17)
(0.341914880319 0.134154711506 -7.55588298965e-16)
(-0.367765310669 0.148212960526 0)
(0.0327077091808 -0.113508748042 -3.42669144849e-17)
(0.114613931915 -0.120655515541 0)
(-0.0563303140812 0.0514111132164 -7.32648565739e-18)
(0.0888383764248 0.140319815104 1.00202275666e-17)
(-0.10242774578 -0.101476417821 -1.22321938958e-16)
(-0.0895936122887 0.0870604808126 0)
(0.305070976932 0.034001657097 -1.07237246908e-15)
(0.308799974865 -0.066541309281 0)
(-0.28839049009 -0.266061564516 -7.84158510718e-17)
(-0.359348756485 -0.167081439169 -3.52198591709e-16)
(-0.345732809324 -0.140986706623 5.61744162623e-16)
(0.383181322809 -0.0152689062387 0)
(-0.416415077736 -0.0486927946721 0)
(-0.384448389489 0.13609964189 1.0110794512e-15)
(0.241982309358 0.17838754675 0)
(-0.342504721751 -0.109130130733 6.54352063075e-16)
(-0.362276891851 -0.0863700770359 0)
(-0.266504192419 -0.221609108525 -9.32191529122e-19)
(0.339339532887 -0.0550611975005 -3.30568986186e-17)
(-0.0367740891076 -0.313073574885 1.35586373923e-15)
(-0.13520867181 -0.333804136483 -4.65250126066e-16)
(-0.120633717345 -0.330094916244 -5.30278691241e-16)
(-0.146848461556 -0.407866704666 -1.56063631746e-15)
(-0.163574509494 -0.338985470685 -1.21054897028e-15)
(-0.0754290430225 -0.334694300068 0)
(-0.122521955259 -0.399061785512 -1.24614352514e-15)
(-0.166473769856 -0.417384423345 0)
(-0.0710358030536 -0.380305980898 5.04839618382e-16)
(-0.0314207355225 -0.382040343687 1.96869405384e-15)
(-0.257276645344 -0.341358902702 2.81265342255e-17)
(-0.219606229817 -0.329530810154 1.21461463362e-16)
(-0.020100802572 -0.383524997664 0)
(-0.255968634152 -0.287950985925 0)
(-0.21081414674 -0.367377083029 -1.33410674832e-16)
(-0.240199105529 -0.353139336908 0)
(-0.181617019618 -0.242244016503 6.3573691506e-17)
(-0.149628659819 -0.17646283643 -7.75470377978e-17)
(0.0181703281812 -0.348483901547 0)
(0.00362500987854 -0.277263844495 1.38936201003e-15)
(0.0185459277785 -0.270905781879 -7.47474012977e-16)
(0.0106163466181 -0.320543551183 -1.9625348065e-15)
(0.0299623409676 -0.329324551073 -1.75426442464e-15)
(0.0682430816785 -0.293669705155 0)
(0.0697582221107 -0.271280233036 3.97889524009e-17)
(0.0892701145696 -0.255770875768 0)
(-0.0516659059991 -0.314715981896 -5.62235425867e-16)
(-0.325720500386 0.195562143112 5.38887563924e-16)
(0.305745672048 0.0543737687219 0)
(0.300401477235 -0.0854152425715 -1.05896092859e-15)
(0.298048031684 0.128420032761 0)
(0.342687464895 0.0310936953841 1.08887141054e-15)
(0.319516966981 -0.00535665015334 -2.02223009001e-15)
(0.302339109966 0.00656618009995 0)
(0.218194896926 -0.132565829038 5.52153707309e-16)
(-0.348219076047 0.161416062313 0)
(0.329481915701 0.149109872536 1.20354002284e-15)
(0.248421683183 -0.0830342832101 0)
(-0.344692451614 -0.225302623374 2.7085268447e-16)
(-0.327924608462 -0.251630979245 1.83540314314e-16)
(0.246021905741 -0.0822418195595 -1.33184368909e-15)
(-0.278407427783 0.173940610856 1.47850327005e-16)
(-0.239079875794 0.169889925239 8.17818525609e-17)
(0.25080217306 -0.0984391401409 5.76456915624e-16)
(0.352951487909 0.0905910241476 0)
(0.355687388213 0.0743398712124 2.88080969814e-15)
(-0.0399865265645 -0.337747479644 -4.06952520995e-16)
(-0.0211825059159 -0.360370483489 3.84553331657e-16)
(0.0385446418934 -0.32297085681 -3.3140716627e-16)
(0.271651217216 0.168506782723 3.44530959558e-16)
(0.393243891735 -0.00915756805277 0)
(-0.419606836525 -0.0491294010321 3.91519849755e-16)
(-0.35691032354 0.0893191739483 7.74609740491e-16)
(0.336923109675 0.127124015568 0)
(-0.383036910347 0.148907496942 0)
(0.0653046079636 -0.142804716126 3.42534530765e-17)
(-0.123134190382 -0.129205416649 0)
(0.117106646516 0.161710715301 -1.04189976509e-17)
(-0.0721510848929 0.0720181609606 1.02913833445e-18)
(-0.353412157468 -0.201912752513 0)
(0.30478160222 0.0251213082208 -2.27701563753e-15)
(-0.288253396189 -0.2348912401 4.39641230386e-17)
(-0.358514015437 0.112775293469 7.95841978568e-16)
(-0.383004135691 -0.0148704123649 1.65087164503e-15)
(0.291229760579 0.192295180748 6.30159381671e-16)
(0.217786127979 -0.1410713464 0)
(-0.302563629413 -0.264581313491 -3.61556428563e-16)
(0.260365659413 -0.112083182071 7.2423087328e-17)
(0.234402052814 0.234058699553 0)
(-0.415838278989 0.0582016006767 0)
(0.240037511234 -0.078251232689 -3.84270715573e-16)
(0.221375508488 -0.0866428495981 1.43005471446e-16)
(0.164723733116 0.224142710135 2.80488053035e-16)
(-0.138111087569 0.126635159573 0)
(-0.385096198386 0.0213683964296 -7.84728315645e-16)
(0.243286730966 -0.0699018202295 0)
(0.288882553793 -0.0681885988393 0)
(-0.175985489495 0.133516439137 4.15334424955e-17)
(0.30767642743 0.16943151128 -9.72254295083e-16)
(-0.314242824653 0.166487831371 -9.77165368638e-17)
(-0.347022879899 -0.156874981742 -1.02372186683e-15)
(0.373949443475 -0.0223623137968 -9.62013470842e-16)
(-0.409897787036 -0.0817977674665 0)
(-0.34123101143 0.116768724827 -7.99643633656e-16)
(-0.338641559278 0.0862775575826 -1.98950338643e-15)
(-0.352788497185 0.0662696282865 0)
(0.209278234093 -0.152149397713 -5.0245644214e-17)
(0.0750867195993 0.126494465519 3.15188533989e-17)
(-0.0642983914215 -0.0813384211643 5.82073204396e-17)
(-0.0720408473977 -0.0762873802515 0)
(0.0672660368409 0.13501684109 0)
(0.174794416283 -0.0259898677902 4.41087225483e-17)
(0.160811263552 -0.0445567670607 -3.45163316711e-17)
(-0.032951552406 0.0364602458218 2.15541301713e-18)
(-0.0349302262251 0.0363212691318 -3.73372989222e-18)
(-0.307833895043 -0.252847694912 1.68182754382e-16)
(-0.377596573673 -0.151476454474 -1.08271836658e-16)
(-0.416006133832 -0.00668102658546 -5.97597647668e-16)
(-0.0541959124051 -0.360597533052 7.4150512585e-17)
(0.067569006617 -0.244321765023 9.22741285163e-16)
(0.0719674917715 -0.280479906011 0)
(0.0331542946958 -0.28358652627 -1.22717823466e-15)
(0.102093877188 -0.255383961477 2.37808141647e-15)
(0.232423005506 0.185620872526 0)
(-0.342426037783 -0.0936796504323 -1.45249318559e-15)
(0.352250975702 -0.0445796564274 0)
(-0.369681900549 -0.158425468288 -4.00507033406e-18)
(-0.221885142504 -0.350669915954 3.13052866242e-16)
(-0.20228859888 -0.340690089282 1.31850317667e-15)
(-0.129276949751 -0.321823609327 9.20633972541e-18)
(-0.162583455461 -0.424990373354 0)
(-0.0924325811713 -0.405491190696 0)
(-0.115354897232 -0.410145678401 0)
(-0.0982775614503 -0.394663903056 0)
(-0.172886035056 -0.329605010514 1.5017209904e-15)
(-0.0703428791325 -0.329539721626 1.24248422009e-15)
(-0.0449986923114 -0.304304454638 1.19233901257e-15)
(-0.206298012443 -0.331022543153 -1.21461463362e-16)
(-0.194544561969 -0.346202491996 -1.34484401606e-15)
(-0.266893079656 -0.3207451052 9.20291077764e-17)
(-0.269450465234 -0.332296106544 0)
(-0.232006204949 -0.342376711948 0)
(-0.27672581252 -0.308865514793 -8.36333654073e-18)
(-0.1481165944 -0.194148526822 8.83186082766e-17)
(-0.027623093966 -0.397368841528 -2.19917904776e-15)
(0.0116255012753 -0.262318822297 1.59656702708e-15)
(0.0135747765558 -0.327874937735 1.46690265563e-15)
(0.0188380572051 -0.349284173071 0)
(0.0682875604971 -0.291946340599 0)
(0.0834560484072 -0.253383476312 -1.2345154516e-15)
(0.101510780581 -0.240220472143 -7.07266762187e-16)
(0.305156736573 0.0625307459607 1.12157488041e-15)
(0.305426351281 -0.0897636902426 1.94617053097e-15)
(0.335569338089 0.0214698330034 -2.56139955207e-15)
(0.300095486388 0.117246589897 -2.02604243405e-15)
(-0.351216406192 -0.17343421231 1.24228570067e-16)
(0.320154673095 0.0399874851817 1.61426335785e-15)
(-0.39606073568 0.0698163028448 -1.69712535571e-15)
(0.31817034605 0.0186593572497 3.82851625065e-15)
(-0.23126859738 -0.245696548487 -1.31582465142e-17)
(0.301229234548 -0.00275016527884 0)
(-0.013201535764 -0.332634521798 0)
(-0.0374674157014 -0.355896855082 3.93260982476e-16)
(-0.0188216924512 -0.341249764295 1.14671042408e-15)
(-0.00908485108239 -0.312644538204 -7.47468742634e-16)
(0.052171959654 -0.306118124871 3.39163582579e-15)
(0.0236968160395 -0.333462897919 -3.39584569448e-16)
(0.142666626334 -0.193900774072 6.55090114298e-17)
(0.126883432279 -0.209930291329 0)
(0.163816044379 -0.181247398344 -6.28943154374e-16)
(0.180395247428 -0.164312051003 5.56036671019e-16)
(-0.335502697738 -0.24086568978 -2.70329093472e-16)
(0.109125303188 -0.219203730429 0)
(0.0275096871382 -0.316235658424 -1.11153050002e-15)
(-0.246057904182 0.158103797705 -8.99868198714e-17)
(-0.380460947427 0.146829743298 -6.41975250361e-16)
(0.366534168192 0.0810007188283 0)
(0.305588507886 0.143755769153 2.41396115103e-15)
(-0.368515820278 0.168314081477 -1.19494645056e-15)
(0.287657448752 0.172558433351 0)
(-0.259665651128 -0.245579668808 9.64701163569e-17)
(-0.0614633882227 -0.350409699033 7.86899297742e-17)
(0.0736508223514 -0.267582335874 -3.53035635506e-16)
(0.0245789172131 -0.296590218833 0)
(0.0746883180005 -0.255413976674 -9.7880389898e-16)
(0.0910532444534 -0.269004763965 -1.81299898938e-15)
(0.250540879485 -0.121171052028 -7.85235738117e-16)
(-0.377823503155 -0.147310045917 5.00708372511e-16)
(0.388548089676 0.00173864624071 2.72025325079e-16)
(-0.412632900217 -0.0329191460033 -4.06639419417e-16)
(-0.364407325176 -0.190766299482 3.4820998754e-16)
(0.290252299616 -0.0961587226928 -1.8805803483e-15)
(0.337128656319 0.0369755682722 2.58442907248e-15)
(-0.229066101524 0.177369072039 2.18345677739e-16)
(-0.302453156804 0.176840824194 -2.87179788234e-16)
(-0.357206772126 -0.133367973367 0)
(-0.384176122863 -0.00326939704452 -1.48789704962e-15)
(0.317907653967 0.143034918162 -1.39762772971e-15)
(-0.372530471831 0.165755733287 0)
(0.302548937526 0.184408354542 1.55744649726e-16)
(-0.345272301967 0.192307024202 0)
(-0.393396419492 0.0580716489653 0)
(-0.206229292693 0.170959541431 4.26805611005e-17)
(-0.358467357398 -0.11745605853 -7.98200911058e-16)
(0.312171669687 0.159249480247 0)
(-0.360753997267 0.179451666677 4.5539956321e-16)
(-0.249694911019 -0.223646656995 2.39674107879e-18)
(-0.061430101567 -0.339942743967 -1.5500254001e-15)
(0.0206389267418 -0.312913526414 0)
(0.0995122234755 -0.235473556722 0)
(0.0934918313084 -0.256864503521 1.04660389616e-15)
(0.0784691904271 -0.278453608902 -8.74873725989e-16)
(0.215598783776 0.237346855615 0)
(-0.408098299222 0.0685329381754 1.81740958279e-16)
(0.252019156738 -0.0718198150563 0)
(-0.16627314965 0.144159281324 -3.56270878342e-17)
(0.18638591535 0.234815490887 -3.72640347856e-16)
(0.291623249494 -0.0937830987467 1.07343592395e-15)
(-0.38766992573 0.0335013713307 0)
(0.281839729141 -0.0548640074106 0)
(0.318922041702 0.0484862872722 -3.78332618353e-16)
(0.28240853911 -0.0868691361415 1.20892916769e-15)
(-0.212966646594 0.155656171468 -6.11816137084e-17)
(-0.37362486676 -0.134838664174 0)
(-0.369379339825 0.128410264581 0)
(0.310007922386 0.132790947938 1.11287384389e-15)
(0.322051640611 0.150898980562 9.49298263218e-16)
(-0.36833770753 0.168888673685 -4.8957395816e-16)
(0.106362884084 -0.0625375789447 4.15228584709e-17)
(-0.0521539203209 0.0509376294664 1.18887222029e-17)
(0.0809366285537 0.150156253837 0)
(-0.09607834728 -0.0992901462927 1.73714038486e-16)
(0.29951630506 -0.0597577430691 0)
(-0.342043942376 0.131373817816 8.95335265115e-16)
(-0.398167535518 0.0182090608796 1.42182163475e-15)
(-0.335338043799 0.0722729424871 2.64770096279e-16)
(0.317312292361 0.0108347180336 0)
(0.195529109628 -0.163278375908 -6.56154077863e-18)
(-0.370920783016 -0.112606131219 -7.09085551841e-16)
(-0.0878531555872 -0.105173357072 -1.14044958963e-16)
(0.0911070406296 0.147659852857 -1.055066259e-16)
(0.176188235071 -0.036620813493 -4.77711544886e-17)
(-0.0488717812456 0.0494131924088 -2.80915009656e-18)
(-0.329112202832 -0.250200762938 -4.09573582109e-17)
(0.240527710241 -0.12605858265 9.86618518385e-16)
(0.254080780328 -0.0937701878384 -1.4420682119e-15)
(0.0875601411212 -0.219911958353 0)
(-0.0498913122766 -0.354947487747 0)
(0.0390209372955 -0.288010035512 1.93956293531e-17)
(0.0722219928573 -0.277301206523 -1.53038180129e-15)
(0.10716816915 -0.253185928986 -8.95162850672e-16)
(0.102015910552 -0.214410009439 0)
(0.033322022459 -0.305682894275 2.55315539178e-15)
(0.274109568679 -0.0830188773878 -1.5041594499e-15)
(0.325004028797 -0.0586499394729 4.27024876966e-17)
(-0.357882409061 0.136123399482 -8.38145819216e-16)
(0.115983505046 -0.193686770538 0)
(0.159229213876 -0.160880097054 2.93350406434e-16)
(0.136823762474 -0.180164145473 0)
(0.198590139313 -0.137193080365 0)
(0.180122515995 -0.155347245355 -2.79912913422e-16)
(-0.0118366234282 -0.357917250464 -3.78445275194e-16)
(0.0516288797602 -0.309120100986 -2.19396457586e-15)
(-0.00997884444027 -0.339569888387 1.23871469596e-15)
(-0.00287454754963 -0.327100757698 2.37983863964e-15)
(-0.0294643761425 -0.339242810856 -8.1231280804e-16)
(0.0377969745306 -0.311201747469 2.20418438536e-15)
(0.333213258903 0.14351270099 8.17802055891e-16)
(-0.36041373239 0.15749988707 0)
(-0.302102924348 -0.225893154122 -8.32410750556e-17)
(0.345280218667 0.0144380702402 -1.66117001056e-15)
(0.346169137382 0.0430527962166 1.53801694428e-15)
(-0.215624821311 -0.197685637683 0)
(-0.380402838146 -0.123524778473 0)
(-0.381243160653 -0.140125731978 0)
(-0.423432136125 0.0172416963811 0)
(0.140502832528 -0.0714101728467 0)
(-0.0606979900923 0.0599976145134 -5.72470278724e-18)
(0.104002871728 0.156401303405 9.7246236989e-17)
(-0.110974017025 -0.115176341695 4.39382685031e-17)
(0.199673121501 -0.156044368959 -6.69254571545e-16)
(0.334411337037 0.0531755970707 1.42195231613e-18)
(0.316552667421 -0.0528675257829 1.46261618503e-15)
(0.323702711138 0.12533527047 -1.0442367538e-15)
(0.32840244543 0.13018935737 1.12677721062e-15)
(-0.378968962649 0.153972135519 0)
(0.33249439454 0.00798226401434 8.94635046151e-16)
(-0.231524278236 -0.237784079776 -2.92100301188e-17)
(-0.208342782005 -0.203638618314 2.57547315542e-17)
(-0.324166769906 -0.234646921462 -1.40394962132e-16)
(-0.413556621405 0.024724391444 -4.586381271e-16)
(-0.0336849657971 -0.423228989759 8.32459257858e-16)
(-0.025068626692 -0.427590332248 -8.32459257857e-16)
(-0.187807910932 -0.284160030317 6.31240301714e-17)
(-0.186512735034 -0.300349747234 0)
(0.00129062746997 -0.395018140504 1.01041833762e-15)
(0.00546146931406 -0.386795723641 -1.01041833762e-15)
(-0.0792185866958 -0.0898647143479 -3.69806665299e-16)
(-0.0879949945807 -0.109023137154 3.73449374421e-16)
(-0.162981570543 -0.449842527108 0)
(-0.188364296879 -0.440194766034 0)
(-0.117270863677 -0.441919958187 -1.38756532012e-16)
(-0.140427913524 -0.438678952771 1.38756532012e-16)
(0.0596850847793 -0.362663212708 0)
(0.043539823552 -0.34426948204 -4.62361729203e-16)
(0.0136505477268 -0.28968118448 0)
(0.0225563528863 -0.326563477584 0)
(0.406705212296 0.0237040008427 7.87459441645e-16)
(0.402933304604 0.0137971234604 7.43126144299e-16)
(0.235917957979 0.156518355089 2.11940277682e-16)
(0.246566119672 0.154505406436 -1.77789847214e-17)
(0.369025678002 -0.0213378859428 -1.76336656147e-15)
(0.367315669051 -0.0393170020359 0)
(0.0927545305395 0.121653395123 -1.78182974756e-17)
(0.112334879935 0.137745775253 1.78182974756e-17)
(0.349818879935 0.10873643221 0)
(0.342151735689 0.123404926197 -8.29955181287e-16)
(0.372102511414 0.0837343436848 1.24286514748e-15)
(0.372657141837 0.0935164290952 -2.49738532588e-15)
(0.311051101903 -0.0425105581389 3.03330824973e-15)
(0.296467682041 -0.0320685508664 0)
(0.292267089652 -0.0174942666748 0)
(0.293348811576 -0.0749391131934 -1.31828067853e-15)
)
;

boundaryField
{
    bottomWall
    {
        type            noSlip;
    }
    leftWall
    {
        type            noSlip;
    }
    rightWall
    {
        type            noSlip;
    }
    movingTop
    {
        type            fixedValue;
        value           uniform (1 0 0);
    }
    front
    {
        type            empty;
    }
    back
    {
        type            empty;
    }
}


// ************************************************************************* //
