time,step,deltaT,maxCo,residualIntegral,minT,maxT,amplitude
0.004081632653061225,1.0,0.00408163265306,0.2,-3.25260651746e-19,0.0,1.0,0.5
0.00816326530612245,2.0,0.00408163265306,0.2,6.13887128523e-19,0.0,1.0,0.5
0.012244897959183675,3.0,0.00408163265306,0.2,-4.31788279753e-21,0.0,1.0,0.5
0.0163265306122449,4.0,0.00408163265306,0.2,-8.12615693875e-19,0.0,1.0,0.5
0.020408163265306124,5.0,0.00408163265306,0.2,-5.10850944053e-19,0.0,1.0,0.5
0.02448979591836735,6.0,0.00408163265306,0.2,-4.37402189982e-19,0.0,0.999999996601,0.4999999983005
0.028571428571428574,7.0,0.00408163265306,0.2,-1.41644971772e-18,0.0,0.999999976807,0.4999999884035
0.0326530612244898,8.0,0.00408163265306,0.2,-6.40473416594e-19,0.0,0.999999909588,0.499999954794
0.036734693877551024,9.0,0.00408163265306,0.2,-4.39879711608e-19,0.0,0.99999973571,0.499999867855
0.04081632653061225,10.0,0.00408163265306,0.2,4.78543203235e-19,0.0,0.999999356317,0.4999996781585
0.04489795918367347,11.0,0.00408163265306,0.2,6.80416987031e-19,0.0,0.999998620684,0.499999310342
0.0489795918367347,12.0,0.00408163265306,0.2,-1.19507550755e-19,0.0,0.999997313524,0.499998656762
0.05306122448979592,13.0,0.00408163265306,0.2,1.16133875625e-18,0.0,0.999995142207,0.4999975711035
0.05714285714285715,14.0,0.00408163265306,0.2,8.29768225764e-20,0.0,0.999991724187,0.4999958620935
0.06122448979591837,15.0,0.00408163265306,0.2,1.6634651449e-18,0.0,0.999986574914,0.499993287457
0.0653061224489796,16.0,0.00408163265306,0.2,-9.18919377777e-19,0.0,0.999979096452,0.499989548226
0.06938775510204082,17.0,0.00408163265306,0.2,2.58651440671e-19,0.0,0.999968567019,0.4999842835095
0.07346938775510205,18.0,0.00408163265306,0.2,-1.71192489397e-18,0.0,0.999954131598,0.499977065799
0.07755102040816328,19.0,0.00408163265306,0.2,1.4072253138e-18,0.0,0.999934793771,0.4999673968855
0.0816326530612245,20.0,0.00408163265306,0.2,-1.39170004631e-18,0.0,0.999909408877,0.4999547044385
0.08571428571428572,21.0,0.00408163265306,0.2,-2.20894597737e-19,0.0,0.999876678569,0.4999383392845
0.08979591836734695,22.0,0.00408163265306,0.2,-1.52915256347e-18,0.0,0.999835146852,0.499917573426
0.09387755102040818,23.0,0.00408163265306,0.2,-1.64362051103e-18,0.0,0.999783197608,0.499891598804
0.0979591836734694,24.0,0.00408163265306,0.2,4.11806435548e-19,0.0,0.999719053647,0.4998595268235
0.10204081632653061,25.0,0.00408163265306,0.2,1.2636678913e-18,0.0,0.999640777271,0.4998203886355
0.10612244897959185,26.0,0.00408163265306,0.2,-6.37078133813e-19,0.0,0.999546272334,0.499773136167
0.11020408163265308,27.0,0.00408163265306,0.2,3.34399824598e-19,0.0,0.999433287761,0.4997166438805
0.1142857142857143,28.0,0.00408163265306,0.2,-1.26816675621e-18,0.0,0.999299422483,0.4996497112415
0.11836734693877551,29.0,0.00408163265306,0.2,-6.57395659058e-19,0.0,0.999142131726,0.499571065863
0.12244897959183675,30.0,0.00408163265306,0.2,-1.05792088667e-18,0.0,0.998958734584,0.499479367292
0.12653061224489798,31.0,0.00408163265306,0.2,-3.27676235623e-19,0.0,0.998746422799,0.4993732113995
0.1306122448979592,32.0,0.00408163265306,0.2,1.66405916816e-18,0.0,0.998502270664,0.499251135332
0.1346938775510204,33.0,0.00408163265306,0.2,1.6160296109e-18,0.0,0.998223245955,0.4991116229775
0.13877551020408163,34.0,0.00408163265306,0.2,9.14304670728e-19,0.0,0.997906221796,0.498953110898
0.14285714285714288,35.0,0.00408163265306,0.2,6.15730009379e-19,0.0,0.997547989357,0.4987739946785
0.1469387755102041,36.0,0.00408163265306,0.2,-5.18363051227e-19,0.0,0.997145271289,0.4985726356445
0.1510204081632653,37.0,0.00408163265306,0.2,1.23056402706e-19,0.0,0.996694735777,0.4983473678885
0.15510204081632656,38.0,0.00408163265306,0.2,-1.27786380422e-18,0.0,0.996193011121,0.4980965055605
0.15918367346938778,39.0,0.00408163265306,0.2,9.39074884977e-19,0.0,0.995636700737,0.4978183503685
0.163265306122449,40.0,0.00408163265306,0.2,1.14560988981e-18,0.0,0.995022398465,0.4975111992325
0.1673469387755102,41.0,0.00408163265306,0.2,-1.63624476769e-18,0.0,0.994346704095,0.4971733520475
0.17142857142857143,42.0,0.00408163265306,0.2,-1.05512857049e-18,0.0,0.993606239,0.4968031195
0.17551020408163268,43.0,0.00408163265306,0.2,2.40628729782e-18,0.0,0.992797661789,0.4963988308945
0.1795918367346939,44.0,0.00408163265306,0.2,6.65583331868e-19,0.0,0.991917683882,0.495958841941
0.1836734693877551,45.0,0.00408163265306,0.2,1.89627190131e-18,0.0,0.990963084908,0.495481542454
0.18775510204081636,46.0,0.00408163265306,0.2,4.31696555763e-18,0.0,0.989930727861,0.4949653639305
0.19183673469387758,47.0,0.00408163265306,0.2,-9.03985676597e-19,0.0,0.988817573915,0.4944087869575
0.1959183673469388,48.0,0.00408163265306,0.2,-1.75972547528e-18,0.0,0.987620696829,0.4938103484145
0.2,49.0,0.00408163265306,0.2,1.26283391957e-18,0.0,0.986337296872,0.493168648436
0.20408163265306123,50.0,0.00408163265306,0.2,-1.97569269139e-18,0.0,0.984964714197,0.4924823570985
0.20816326530612247,51.0,0.00408163265306,0.2,-2.95390668688e-19,0.0,0.983500441609,0.4917502208045
0.2122448979591837,52.0,0.00408163265306,0.2,1.41387971021e-18,0.0,0.98194213667,0.490971068335
0.2163265306122449,53.0,0.00408163265306,0.2,-1.10147171327e-18,0.0,0.980287633088,0.490143816544
0.22040816326530616,54.0,0.00408163265306,0.2,-2.37932914562e-18,0.0,0.978534951354,0.489267475677
0.22448979591836737,55.0,0.00408163265306,0.2,1.50229932063e-18,0.0,0.976682308578,0.488341154289
0.2285714285714286,56.0,0.00408163265306,0.2,-1.31817842885e-18,0.0,0.974728127502,0.487364063751
0.2326530612244898,57.0,0.00408163265306,0.2,1.78695465838e-18,0.0,0.972777750647,0.4863888753235
0.23673469387755103,58.0,0.00408163265306,0.2,-4.57157418001e-19,0.0,0.971394834108,0.485697417054
0.24081632653061227,59.0,0.00408163265306,0.2,1.70352819448e-18,0.0,0.969911249039,0.4849556245195
0.2448979591836735,60.0,0.00408163265306,0.2,1.05777235605e-18,0.0,0.968322161295,0.4841610806475
0.2489795918367347,61.0,0.00408163265306,0.2,2.18292400136e-18,0.0,0.966622801056,0.483311400528
0.25306122448979596,62.0,0.00408163265306,0.2,-3.57770351669e-18,0.0,0.964808484324,0.482404242162
0.2571428571428572,63.0,0.00408163265306,0.2,-3.58739318793e-18,0.0,0.962874634009,0.4814373170045
0.2612244897959184,64.0,0.00408163265306,0.2,-2.87500102352e-18,0.0,0.960816800446,0.480408400223
0.2653061224489796,65.0,0.00408163265306,0.2,-2.37044817267e-18,0.0,0.958630681221,0.4793153406105
0.2693877551020408,66.0,0.00408163265306,0.2,2.0672000378e-18,0.0,0.956312140161,0.4781560700805
0.27346938775510204,67.0,0.00408163265306,0.2,2.05591168492e-18,0.0,0.953857225384,0.476928612692
0.27755102040816326,68.0,0.00408163265306,0.2,1.35866959192e-18,0.0,0.951262186311,0.4756310931555
0.28163265306122454,69.0,0.00408163265306,0.2,-5.28954394575e-19,0.0,0.948523489546,0.474261744773
0.28571428571428575,70.0,0.00408163265306,0.2,1.29551455895e-18,0.0,0.945637833562,0.472818916781
0.28979591836734697,71.0,0.00408163265306,0.2,2.40046821146e-18,0.0,0.942602162119,0.4713010810595
0.2938775510204082,72.0,0.00408163265306,0.2,-2.96479057428e-18,0.0,0.94017704849,0.470088524245
0.2979591836734694,73.0,0.00408163265306,0.2,-4.96015535255e-18,0.0,0.938013767873,0.4690068839365
0.3020408163265306,74.0,0.00408163265306,0.2,-5.78876295506e-19,0.0,0.935723148048,0.467861574024
0.30612244897959184,75.0,0.00408163265306,0.2,-3.89402707645e-18,0.0,0.934033417181,0.4670167085905
0.3102040816326531,76.0,0.00408163265306,0.2,-8.32747434678e-19,0.0,0.933194972741,0.4665974863705
0.31428571428571433,77.0,0.00408163265306,0.2,-9.15689661879e-19,0.0,0.93219627811,0.466098139055
0.31836734693877555,78.0,0.00408163265306,0.2,-3.80388594808e-18,0.0,0.931040863093,0.4655204315465
0.32244897959183677,79.0,0.00408163265306,0.2,4.0516227546e-18,0.0,0.929732274904,0.464866137452
0.326530612244898,80.0,0.00408163265306,0.2,-1.32383132946e-18,0.0,0.928274086819,0.4641370434095
0.3306122448979592,81.0,0.00408163265306,0.2,4.35604878174e-19,0.0,0.92666990601,0.463334953005
0.3346938775510204,82.0,0.00408163265306,0.2,-1.50998429381e-18,0.0,0.924923380556,0.462461690278
0.33877551020408164,83.0,0.00408163265306,0.2,4.76924568609e-18,0.0,0.923038205645,0.4615191028225
0.34285714285714286,84.0,0.00408163265306,0.2,-2.33946653642e-18,0.0,0.92101812897,0.460509064485
0.34693877551020413,85.0,0.00408163265306,0.2,-9.47508017172e-19,0.0,0.918866955333,0.4594334776665
0.35102040816326535,86.0,0.00408163265306,0.2,-9.31839484461e-19,0.0,0.916588550466,0.458294275233
0.35510204081632657,87.0,0.00408163265306,0.2,2.74514891526e-18,0.0,0.915647640983,0.4578238204915
0.3591836734693878,88.0,0.00408163265306,0.2,2.75302737438e-18,0.0,0.914920301424,0.457460150712
0.363265306122449,89.0,0.00408163265306,0.2,-4.29471698409e-18,0.0,0.914035121303,0.4570175606515
0.3673469387755102,90.0,0.00408163265306,0.2,3.42468593393e-19,0.0,0.912996410671,0.4564982053355
0.37142857142857144,91.0,0.00408163265306,0.2,-3.26325336605e-19,0.0,0.91180846857,0.455904234285
0.3755102040816327,92.0,0.00408163265306,0.2,-1.37659025312e-18,0.0,0.910475587384,0.455237793692
0.37959183673469393,93.0,0.00408163265306,0.2,-7.22798897886e-19,0.0,0.909002056771,0.4545010283855
0.38367346938775515,94.0,0.00408163265306,0.2,1.98097059478e-18,0.0,0.907392167168,0.453696083584
0.38775510204081637,95.0,0.00408163265306,0.2,2.64686649749e-18,0.0,0.905650212864,0.452825106432
0.3918367346938776,96.0,0.00408163265306,0.2,1.62505049354e-18,0.0,0.903780494651,0.4518902473255
0.3959183673469388,97.0,0.00408163265306,0.2,4.34957115598e-18,0.0,0.901787322044,0.450893661022
0.4,98.0,0.00408163265306,0.2,3.85562180403e-18,0.0,0.899675015076,0.449837507538
0.40408163265306124,99.0,0.00408163265306,0.2,5.22635974902e-19,0.0,0.897447905686,0.448723952843
0.40816326530612246,100.0,0.00408163265306,0.2,-2.30437539807e-19,0.0,0.895110338686,0.447555169343
0.41224489795918373,101.0,0.00408163265306,0.2,-4.59290194778e-18,0.0,0.892666672343,0.4463333361715
0.41632653061224495,102.0,0.00408163265306,0.2,8.54894262942e-19,0.0,0.891838596335,0.4459192981675
0.42040816326530617,103.0,0.00408163265306,0.2,1.93166328597e-18,0.0,0.891107757157,0.4455538785785
0.4244897959183674,104.0,0.00408163265306,0.2,-3.33828494656e-18,0.0,0.890235394285,0.4451176971425
0.4285714285714286,105.0,0.00408163265306,0.2,-1.3581943709e-18,0.0,0.889225656704,0.444612828352
0.4326530612244898,106.0,0.00408163265306,0.2,-5.32582389137e-18,0.0,0.88808269403,0.444041347015
0.43673469387755104,107.0,0.00408163265306,0.2,2.92143099128e-18,0.0,0.886810656617,0.4434053283085
0.4408163265306123,108.0,0.00408163265306,0.2,-2.40414279133e-18,0.0,0.885413695528,0.442706847764
0.44489795918367353,109.0,0.00408163265306,0.2,-3.62443612883e-18,0.0,0.883895962361,0.4419479811805
0.44897959183673475,110.0,0.00408163265306,0.2,-1.67379774676e-18,0.0,0.882261608941,0.4411308044705
0.45306122448979597,111.0,0.00408163265306,0.2,-1.69419377016e-18,0.0,0.88051478685,0.440257393425
0.4571428571428572,112.0,0.00408163265306,0.2,2.69293207459e-18,0.0,0.878659646824,0.439329823412
0.4612244897959184,113.0,0.00408163265306,0.2,1.12377608895e-18,0.0,0.876922710997,0.4384613554985
0.4653061224489796,114.0,0.00408163265306,0.2,-3.95939385105e-19,0.0,0.875765913363,0.4378829566815
0.46938775510204084,115.0,0.00408163265306,0.2,6.91216679195e-18,0.0,0.874482324278,0.437241162139
0.47346938775510206,116.0,0.00408163265306,0.2,2.49291162236e-18,0.0,0.873076349279,0.4365381746395
0.47755102040816333,117.0,0.00408163265306,0.2,2.04277710839e-19,0.0,0.87155241361,0.435776206805
0.48163265306122455,118.0,0.00408163265306,0.2,-1.11401878255e-18,0.0,0.869914960471,0.4349574802355
0.48571428571428577,119.0,0.00408163265306,0.2,-1.67233799795e-19,0.0,0.8681684491,0.43408422455
0.489795918367347,120.0,0.00408163265306,0.2,-1.78937926841e-19,0.0,0.86631735267,0.433158676335
0.4938775510204082,121.0,0.00408163265306,0.2,4.39789929664e-19,0.0,0.864984185299,0.4324920926495
0.4979591836734694,122.0,0.00408163265306,0.2,-1.41050194089e-18,0.0,0.864741971554,0.432370985777
0.5020408163265306,123.0,0.00408163265306,0.2,3.31647552307e-18,0.0,0.864361576207,0.4321807881035
0.5061224489795919,124.0,0.00408163265306,0.2,3.99116910985e-19,0.0,0.863846932903,0.4319234664515
0.5102040816326531,125.0,0.00408163265306,0.2,6.64516457872e-18,0.0,0.863201998386,0.431600999193
0.5142857142857143,126.0,0.00408163265306,0.2,4.79656801597e-18,0.0,0.862430750369,0.4312153751845
0.5183673469387755,127.0,0.00408163265306,0.2,-5.09379384575e-18,0.0,0.861537185373,0.4307685926865
0.5224489795918368,128.0,0.00408163265306,0.2,1.04050136023e-18,0.0,0.860525316517,0.4302626582585
0.526530612244898,129.0,0.00408163265306,0.2,-4.45644681275e-18,0.0,0.859399171261,0.4296995856305
0.5306122448979592,130.0,0.00408163265306,0.2,2.08200091141e-18,0.0,0.858162789105,0.4290813945525
0.5346938775510205,131.0,0.00408163265306,0.2,-8.84157280006e-19,0.0,0.856820219226,0.428410109613
0.5387755102040817,132.0,0.00408163265306,0.2,2.21212635998e-19,0.0,0.855375518073,0.4276877590365
0.5428571428571429,133.0,0.00408163265306,0.2,5.56508511269e-19,0.0,0.853832746906,0.426916373453
0.5469387755102041,134.0,0.00408163265306,0.2,4.16349359002e-19,0.0,0.852195969272,0.426097984636
0.5510204081632654,135.0,0.00408163265306,0.2,-6.65565819228e-18,0.0,0.850469248446,0.425234624223
0.5551020408163265,136.0,0.00408163265306,0.2,3.95307727879e-18,0.0,0.848656644809,0.4243283224045
0.5591836734693878,137.0,0.00408163265306,0.2,3.25494233538e-18,0.0,0.84676221318,0.42338110659
0.5632653061224491,138.0,0.00408163265306,0.2,3.37978860399e-18,0.0,0.844790000106,0.422395000053
0.5673469387755102,139.0,0.00408163265306,0.2,1.88660695769e-19,0.0,0.842744041104,0.421372020552
0.5714285714285715,140.0,0.00408163265306,0.2,-8.4843592246e-19,0.0,0.842434764113,0.4212173820565
0.5755102040816327,141.0,0.00408163265306,0.2,5.57169360661e-18,0.0,0.842016755487,0.4210083777435
0.5795918367346939,142.0,0.00408163265306,0.2,-2.06997545631e-18,0.0,0.841485117321,0.4207425586605
0.5836734693877551,143.0,0.00408163265306,0.2,-1.68411029071e-18,0.0,0.84084336483,0.420421682415
0.5877551020408164,144.0,0.00408163265306,0.2,8.91203025969e-19,0.0,0.840095027868,0.420047513934
0.5918367346938777,145.0,0.00408163265306,0.2,-4.32013365328e-18,0.0,0.839243648232,0.419621824116
0.5959183673469388,146.0,0.00408163265306,0.2,-1.91004321441e-18,0.0,0.83829277699,0.419146388495
0.6000000000000001,147.0,0.00408163265306,0.2,1.69342292574e-18,0.0,0.83724597181,0.418622985905
0.6040816326530613,148.0,0.00408163265306,0.2,-1.66027283041e-19,0.0,0.836106794299,0.4180533971495
0.6081632653061225,149.0,0.00408163265306,0.2,-5.34504126848e-18,0.0,0.834878807345,0.4174394036725
0.6122448979591837,150.0,0.00408163265306,0.2,-3.66077376447e-18,0.0,0.833565572479,0.4167827862395
0.616326530612245,151.0,0.00408163265306,0.2,2.57747909602e-18,0.0,0.832170647232,0.416085323616
0.6204081632653062,152.0,0.00408163265306,0.2,-2.73550805514e-18,0.0,0.830697582512,0.415348791256
0.6244897959183674,153.0,0.00408163265306,0.2,-5.87999188718e-18,0.0,0.829149919986,0.414574959993
0.6285714285714287,154.0,0.00408163265306,0.2,6.95972806216e-18,0.0,0.827531189477,0.4137655947385
0.6326530612244898,155.0,0.00408163265306,0.2,-2.38770742922e-18,0.0,0.825844906374,0.412922453187
0.6367346938775511,156.0,0.00408163265306,0.2,-3.5512241703e-18,0.0,0.824275739142,0.412137869571
0.6408163265306123,157.0,0.00408163265306,0.2,2.3210607424e-18,0.0,0.823784811627,0.4118924058135
0.6448979591836735,158.0,0.00408163265306,0.2,4.57951110213e-18,0.0,0.823702628198,0.411851314099
0.6489795918367347,159.0,0.00408163265306,0.2,-6.95189753721e-19,0.0,0.82351237325,0.411756186625
0.653061224489796,160.0,0.00408163265306,0.2,-1.19850339642e-17,0.0,0.823217342359,0.4116086711795
0.6571428571428573,161.0,0.00408163265306,0.2,5.65346594087e-18,0.0,0.822820853286,0.411410426643
0.6612244897959184,162.0,0.00408163265306,0.2,4.58868739684e-18,0.0,0.822326242721,0.4111631213605
0.6653061224489797,163.0,0.00408163265306,0.2,9.70742880177e-19,0.0,0.821736863055,0.4108684315275
0.6693877551020408,164.0,0.00408163265306,0.2,4.76795379542e-18,0.0,0.821056079159,0.4105280395795
0.6734693877551021,165.0,0.00408163265306,0.2,5.27293961312e-18,0.0,0.820287265184,0.410143632592
0.6775510204081633,166.0,0.00408163265306,0.2,4.57796868162e-18,0.0,0.819433801375,0.4097169006875
0.6816326530612246,167.0,0.00408163265306,0.2,5.02525596199e-18,0.0,0.818499070906,0.409249535453
0.6857142857142857,168.0,0.00408163265306,0.2,4.0167130737e-18,0.0,0.817486456734,0.408743228367
0.689795918367347,169.0,0.00408163265306,0.2,4.60761103258e-18,0.0,0.816399338483,0.4081996692415
0.6938775510204083,170.0,0.00408163265306,0.2,2.48385119656e-18,0.0,0.815241089348,0.407620544674
0.6979591836734694,171.0,0.00408163265306,0.2,5.79617641746e-18,0.0,0.814015073025,0.4070075365125
0.7020408163265307,172.0,0.00408163265306,0.2,-3.39326817649e-18,0.0,0.812724640678,0.406362320339
0.7061224489795919,173.0,0.00408163265306,0.2,1.85180322911e-18,0.0,0.811373127935,0.4056865639675
0.7102040816326531,174.0,0.00408163265306,0.2,-3.42132298078e-19,0.0,0.809963851917,0.4049819259585
0.7142857142857143,175.0,0.00408163265306,0.2,-8.4976944411e-18,0.0,0.80850010831,0.404250054155
0.7183673469387756,176.0,0.00408163265306,0.2,8.93873718488e-18,0.0,0.806985168478,0.403492584239
0.7224489795918368,177.0,0.00408163265306,0.2,-1.65524976105e-18,0.0,0.805422276613,0.4027111383065
0.726530612244898,178.0,0.00408163265306,0.2,-1.54526215335e-18,0.0,0.803814646939,0.4019073234695
0.7306122448979593,179.0,0.00408163265306,0.2,-4.8442893716e-18,0.0,0.803320612543,0.4016603062715
0.7346938775510204,180.0,0.00408163265306,0.2,-6.36183846649e-18,0.0,0.803054142021,0.4015270710105
0.7387755102040817,181.0,0.00408163265306,0.2,-2.40780070586e-18,0.0,0.802703799336,0.401351899668
0.7428571428571429,182.0,0.00408163265306,0.2,-1.13463255034e-17,0.0,0.802272431392,0.401136215696
0.7469387755102042,183.0,0.00408163265306,0.2,2.59525420818e-18,0.0,0.801762891302,0.400881445651
0.7510204081632654,184.0,0.00408163265306,0.2,-6.53989451567e-19,0.0,0.801178035598,0.400589017799
0.7551020408163266,185.0,0.00408163265306,0.2,2.29117918932e-18,0.0,0.800520721476,0.400260360738
0.7591836734693879,186.0,0.00408163265306,0.2,-3.38839119867e-18,0.0,0.79979380408,0.39989690204
0.763265306122449,187.0,0.00408163265306,0.2,2.73883746058e-18,0.0,0.799000133817,0.3995000669085
0.7673469387755103,188.0,0.00408163265306,0.2,4.94196978817e-18,0.0,0.798142553709,0.3990712768545
0.7714285714285715,189.0,0.00408163265306,0.2,9.72178462572e-19,0.0,0.797223896788,0.398611948394
0.7755102040816327,190.0,0.00408163265306,0.2,-5.91643365336e-18,0.0,0.796246983533,0.3981234917665
0.7795918367346939,191.0,0.00408163265306,0.2,-5.23102375755e-18,0.0,0.795214619345,0.3976073096725
0.7836734693877552,192.0,0.00408163265306,0.2,1.04035378222e-17,0.0,0.794129592072,0.397064796036
0.7877551020408164,193.0,0.00408163265306,0.2,1.12691159862e-18,0.0,0.79299466958,0.39649733479
0.7918367346938776,194.0,0.00408163265306,0.2,4.24466906474e-18,0.0,0.791812597369,0.3959062986845
0.7959183673469389,195.0,0.00408163265306,0.2,-3.65852719554e-19,0.0,0.790586096241,0.3952930481205
0.8,196.0,0.00408163265306,0.2,3.17314207968e-18,0.0,0.790482780719,0.3952413903595
0.8040816326530613,197.0,0.00408163265306,0.2,-4.99874210508e-18,0.0,0.790307231926,0.395153615963
0.8081632653061225,198.0,0.00408163265306,0.2,2.58012936771e-18,0.0,0.790058321011,0.3950291605055
0.8122448979591838,199.0,0.00408163265306,0.2,-6.36751724421e-18,0.0,0.7897387576,0.3948693788
0.8163265306122449,200.0,0.00408163265306,0.2,-5.34681363206e-18,0.0,0.789351250977,0.3946756254885
0.8204081632653062,201.0,0.00408163265306,0.2,-1.3127708969e-17,0.0,0.788898507185,0.3944492535925
0.8244897959183675,202.0,0.00408163265306,0.2,-7.67726556877e-18,0.0,0.788383226161,0.3941916130805
0.8285714285714286,203.0,0.00408163265306,0.2,4.80756450185e-18,0.0,0.78780809892,0.39390404946
0.8326530612244899,204.0,0.00408163265306,0.2,6.32744280028e-19,0.0,0.787175804784,0.393587902392
0.8367346938775511,205.0,0.00408163265306,0.2,-1.57521570437e-18,0.0,0.786489008663,0.3932445043315
0.8408163265306123,206.0,0.00408163265306,0.2,3.42135390356e-18,0.0,0.785750358386,0.392875179193
0.8448979591836735,207.0,0.00408163265306,0.2,5.71764263913e-18,0.0,0.784962482082,0.392481241041
0.8489795918367348,208.0,0.00408163265306,0.2,7.65067134589e-18,0.0,0.784127985626,0.392063992813
0.853061224489796,209.0,0.00408163265306,0.2,8.7549153329e-18,0.0,0.783249450136,0.391624725068
0.8571428571428572,210.0,0.00408163265306,0.2,4.06455676767e-19,0.0,0.782329429535,0.3911647147675
0.8612244897959185,211.0,0.00408163265306,0.2,-1.25244500875e-18,0.0,0.781370448175,0.3906852240875
0.8653061224489796,212.0,0.00408163265306,0.2,1.26045886842e-18,0.0,0.780374998525,0.3901874992625
0.8693877551020409,213.0,0.00408163265306,0.2,-5.66330953065e-18,0.0,0.779345538926,0.389672769463
0.8734693877551021,214.0,0.00408163265306,0.2,6.09721105836e-18,0.0,0.778284491421,0.3891422457105
0.8775510204081634,215.0,0.00408163265306,0.2,3.18063428132e-18,0.0,0.777194239641,0.3885971198205
0.8816326530612246,216.0,0.00408163265306,0.2,-2.50310145535e-18,0.0,0.776077126784,0.388038563392
0.8857142857142858,217.0,0.00408163265306,0.2,-2.91217908712e-18,0.0,0.774935453648,0.387467726824
0.8897959183673471,218.0,0.00408163265306,0.2,3.75028795824e-18,0.0,0.774807676939,0.3874038384695
0.8938775510204082,219.0,0.00408163265306,0.2,-3.85730604369e-18,0.0,0.774637085472,0.387318542736
0.8979591836734695,220.0,0.00408163265306,0.2,2.22270477559e-18,0.0,0.774408171498,0.387204085749
0.9020408163265307,221.0,0.00408163265306,0.2,2.63216190978e-18,0.0,0.774123173088,0.387061586544
0.9061224489795919,222.0,0.00408163265306,0.2,7.84227867643e-19,0.0,0.773784319371,0.3868921596855
0.9102040816326531,223.0,0.00408163265306,0.2,2.52992791559e-18,0.0,0.773393828304,0.386696914152
0.9142857142857144,224.0,0.00408163265306,0.2,5.62601336272e-18,0.0,0.772953904493,0.3864769522465
0.9183673469387756,225.0,0.00408163265306,0.2,9.79038400235e-18,0.0,0.772466737058,0.386233368529
0.9224489795918368,226.0,0.00408163265306,0.2,-3.41692133521e-18,0.0,0.771934497552,0.385967248776
0.9265306122448981,227.0,0.00408163265306,0.2,2.95522821706e-18,0.0,0.771359337924,0.385679668962
0.9306122448979592,228.0,0.00408163265306,0.2,-3.56099713686e-18,0.0,0.770743388543,0.3853716942715
0.9346938775510205,229.0,0.00408163265306,0.2,-5.11691728881e-18,0.0,0.770088756266,0.385044378133
0.9387755102040817,230.0,0.00408163265306,0.2,-4.56874877935e-19,0.0,0.769397522575,0.3846987612875
0.942857142857143,231.0,0.00408163265306,0.2,-1.41699855606e-17,0.0,0.768671741755,0.3843358708775
0.9469387755102041,232.0,0.00408163265306,0.2,-1.90786352389e-18,0.0,0.767913439144,0.383956719572
0.9510204081632654,233.0,0.00408163265306,0.2,-1.43693528322e-18,0.0,0.767124609433,0.3835623047165
0.9551020408163267,234.0,0.00408163265306,0.2,-3.8314243148e-18,0.0,0.76630721503,0.383153607515
0.9591836734693878,235.0,0.00408163265306,0.2,1.08676956029e-17,0.0,0.765463184485,0.3827315922425
0.9632653061224491,236.0,0.00408163265306,0.2,6.09314021728e-18,0.0,0.76459441098,0.38229720549
0.9673469387755103,237.0,0.00408163265306,0.2,-5.32047644687e-18,0.0,0.764063533432,0.382031766716
0.9714285714285715,238.0,0.00408163265306,0.2,-6.25816180618e-18,0.0,0.763818867829,0.3819094339145
0.9755102040816327,239.0,0.00408163265306,0.2,6.53789148575e-18,0.0,0.763531520583,0.3817657602915
0.979591836734694,240.0,0.00408163265306,0.2,3.55308022738e-18,0.0,0.763203474048,0.381601737024
0.9836734693877552,241.0,0.00408163265306,0.2,5.11975108341e-18,0.0,0.76283668572,0.38141834286
0.9877551020408164,242.0,0.00408163265306,0.2,-1.10160059149e-17,0.0,0.762433086335,0.3812165431675
0.9918367346938777,243.0,0.00408163265306,0.2,-7.87262318562e-18,0.0,0.761994578044,0.380997289022
0.9959183673469388,244.0,0.00408163265306,0.2,3.78573478117e-18,0.0,0.761523032645,0.3807615163225
1.0,245.0,0.00408163265306,0.2,-1.87474771401e-18,0.0,0.761020289887,0.3805101449435
1.0040816326530613,246.0,0.00408163265306,0.2,-2.7589206629e-19,0.0,0.760488155843,0.3802440779215
1.0081632653061225,247.0,0.00408163265306,0.2,1.57585160662e-17,0.0,0.759928401344,0.379964200672
1.0122448979591838,248.0,0.00408163265306,0.2,-4.88666988708e-18,0.0,0.759342760496,0.379671380248
1.016326530612245,249.0,0.00408163265306,0.2,-5.00331258191e-18,0.0,0.758732929254,0.379366464627
1.0204081632653061,250.0,0.00408163265306,0.2,1.66538326792e-18,0.0,0.758100564082,0.379050282041
1.0244897959183674,251.0,0.00408163265306,0.2,9.67377552238e-19,0.0,0.757447280673,0.3787236403365
1.0285714285714287,252.0,0.00408163265306,0.2,3.82023429185e-18,0.0,0.756774652747,0.3783873263735
1.03265306122449,253.0,0.00408163265306,0.2,-3.21061207498e-18,0.0,0.756084210928,0.378042105464
1.036734693877551,254.0,0.00408163265306,0.2,-6.66724995963e-18,0.0,0.755377441683,0.3776887208415
1.0408163265306123,255.0,0.00408163265306,0.2,-9.64770954945e-18,0.0,0.754655786344,0.377327893172
1.0448979591836736,256.0,0.00408163265306,0.2,1.3870251633e-18,0.0,0.75435388504,0.37717694252
1.0489795918367348,257.0,0.00408163265306,0.2,-9.12837112297e-18,0.0,0.754302082788,0.377151041394
1.053061224489796,258.0,0.00408163265306,0.2,4.83230293757e-19,0.0,0.754209932328,0.377104966164
1.0571428571428572,259.0,0.00408163265306,0.2,-7.46582340826e-18,0.0,0.754079067894,0.377039533947
1.0612244897959184,260.0,0.00408163265306,0.2,2.9989593636e-18,0.0,0.75391110306,0.37695555153
1.0653061224489797,261.0,0.00408163265306,0.2,-2.71654980629e-18,0.0,0.753707629253,0.3768538146265
1.069387755102041,262.0,0.00408163265306,0.2,5.50254991261e-18,0.0,0.753470214313,0.3767351071565
1.073469387755102,263.0,0.00408163265306,0.2,6.13439523616e-18,0.0,0.753200401111,0.3766002005555
1.0775510204081633,264.0,0.00408163265306,0.2,7.09559252577e-18,0.0,0.752899706219,0.3764498531095
1.0816326530612246,265.0,0.00408163265306,0.2,-4.97762989793e-18,0.0,0.752569618636,0.376284809318
1.0857142857142859,266.0,0.00408163265306,0.2,-1.42960791737e-17,0.0,0.752211598573,0.3761057992865
1.0897959183673471,267.0,0.00408163265306,0.2,1.38842457383e-18,0.0,0.751827076287,0.3759135381435
1.0938775510204082,268.0,0.00408163265306,0.2,-1.14330034522e-17,0.0,0.751417450982,0.375708725491
1.0979591836734695,269.0,0.00408163265306,0.2,2.00211447129e-18,0.0,0.750984089758,0.375492044879
1.1020408163265307,270.0,0.00408163265306,0.2,1.01202556889e-18,0.0,0.750528326624,0.375264163312
1.106122448979592,271.0,0.00408163265306,0.2,-1.02664458184e-17,0.0,0.750051461568,0.375025730784
1.110204081632653,272.0,0.00408163265306,0.2,7.52653767289e-18,0.0,0.749554759684,0.374777379842
1.1142857142857143,273.0,0.00408163265306,0.2,-7.30356997102e-18,0.0,0.749039450357,0.3745197251785
1.1183673469387756,274.0,0.00408163265306,0.2,-3.33305418433e-18,0.0,0.748506726507,0.3742533632535
1.1224489795918369,275.0,0.00408163265306,0.2,-4.14389970494e-18,0.0,0.747957743897,0.3739788719485
1.1265306122448981,276.0,0.00408163265306,0.2,-3.06603705656e-18,0.0,0.747393620485,0.3736968102425
1.1306122448979592,277.0,0.00408163265306,0.2,1.24039093968e-20,0.0,0.746815435854,0.373407717927
1.1346938775510205,278.0,0.00408163265306,0.2,7.31635957984e-18,0.0,0.746224230679,0.3731121153395
1.1387755102040817,279.0,0.00408163265306,0.2,-1.1846051123e-18,0.0,0.74562100627,0.372810503135
1.142857142857143,280.0,0.00408163265306,0.2,6.48509729831e-18,0.0,0.745006724158,0.372503362079
1.1469387755102043,281.0,0.00408163265306,0.2,-6.07618315078e-18,0.0,0.744382305746,0.372191152873
1.1510204081632653,282.0,0.00408163265306,0.2,-5.24362093321e-18,0.0,0.743748632014,0.371874316007
1.1551020408163266,283.0,0.00408163265306,0.2,6.4045936686e-18,0.0,0.743540069663,0.3717700348315
1.1591836734693879,284.0,0.00408163265306,0.2,-1.70982288269e-18,0.0,0.743447675841,0.3717238379205
1.1632653061224492,285.0,0.00408163265306,0.2,-3.27812299721e-18,0.0,0.743325711341,0.3716628556705
1.1673469387755102,286.0,0.00408163265306,0.2,1.5984731055e-18,0.0,0.743175359088,0.371587679544
1.1714285714285715,287.0,0.00408163265306,0.2,7.61049876953e-18,0.0,0.74299777825,0.371498889125
1.1755102040816328,288.0,0.00408163265306,0.2,-6.9365535375e-18,0.0,0.742794103373,0.3713970516865
1.179591836734694,289.0,0.00408163265306,0.2,-6.79146086094e-18,0.0,0.742565443575,0.3712827217875
1.1836734693877553,290.0,0.00408163265306,0.2,1.93024678411e-18,0.0,0.742312881778,0.371156440889
1.1877551020408164,291.0,0.00408163265306,0.2,-6.56132222428e-18,0.0,0.74203747399,0.371018736995
1.1918367346938776,292.0,0.00408163265306,0.2,-3.96341015976e-18,0.0,0.741740248625,0.3708701243125
1.195918367346939,293.0,0.00408163265306,0.2,-2.54408275663e-18,0.0,0.741422205877,0.3707111029385
1.2000000000000002,294.0,0.00408163265306,0.2,6.34093665229e-19,0.0,0.741084317139,0.3705421585695
1.2040816326530612,295.0,0.00408163265306,0.2,-9.20861700907e-18,0.0,0.740727524462,0.370363762231
1.2081632653061225,296.0,0.00408163265306,0.2,1.10259216657e-18,0.0,0.740352740061,0.3701763700305
1.2122448979591838,297.0,0.00408163265306,0.2,-1.69315765244e-18,0.0,0.739960845873,0.3699804229365
1.216326530612245,298.0,0.00408163265306,0.2,3.26306409186e-18,0.0,0.739552693151,0.3697763465755
1.2204081632653063,299.0,0.00408163265306,0.2,-4.36885774002e-18,0.0,0.739129102106,0.369564551053
1.2244897959183674,300.0,0.00408163265306,0.2,-3.72019210158e-18,0.0,0.738690861597,0.3693454307985
1.2285714285714286,301.0,0.00408163265306,0.2,-8.3019601743e-18,0.0,0.738238728859,0.3691193644295
1.23265306122449,302.0,0.00408163265306,0.2,2.84310149825e-18,0.0,0.737773429277,0.3688867146385
1.2367346938775512,303.0,0.00408163265306,0.2,-3.83417343227e-18,0.0,0.737295656204,0.368647828102
1.2408163265306125,304.0,0.00408163265306,0.2,-2.56708614707e-18,0.0,0.736806070819,0.3684030354095
1.2448979591836735,305.0,0.00408163265306,0.2,-2.63740927671e-18,0.0,0.736382729171,0.3681913645855
1.2489795918367348,306.0,0.00408163265306,0.2,2.45506778887e-19,0.0,0.736120896706,0.368060448353
1.253061224489796,307.0,0.00408163265306,0.2,-3.24082956347e-18,0.0,0.735839336233,0.3679196681165
1.2571428571428573,308.0,0.00408163265306,0.2,-6.00718144347e-18,0.0,0.73553874655,0.367769373275
1.2612244897959184,309.0,0.00408163265306,0.2,4.91477785468e-18,0.0,0.73521979546,0.36760989773
1.2653061224489797,310.0,0.00408163265306,0.2,-8.31359286084e-18,0.0,0.734883119614,0.367441559807
1.269387755102041,311.0,0.00408163265306,0.2,7.68421859026e-18,0.0,0.7345293244,0.3672646622
1.2734693877551022,312.0,0.00408163265306,0.2,-9.81732201455e-18,0.0,0.734158983875,0.3670794919375
1.2775510204081635,313.0,0.00408163265306,0.2,4.64291913197e-18,0.0,0.733772640746,0.366886320373
1.2816326530612245,314.0,0.00408163265306,0.2,-3.70736867042e-19,0.0,0.733370806384,0.366685403192
1.2857142857142858,315.0,0.00408163265306,0.2,-5.04189017535e-18,0.0,0.733205452738,0.366602726369
1.289795918367347,316.0,0.00408163265306,0.2,7.15458555074e-18,0.0,0.733025711918,0.366512855959
1.2938775510204084,317.0,0.00408163265306,0.2,-8.73695078095e-18,0.0,0.732825608003,0.3664128040015
1.2979591836734694,318.0,0.00408163265306,0.2,8.09752743621e-19,0.0,0.732605848776,0.366302924388
1.3020408163265307,319.0,0.00408163265306,0.2,-1.72307529651e-18,0.0,0.732367118169,0.3661835590845
1.306122448979592,320.0,0.00408163265306,0.2,4.07527001079e-18,0.0,0.73211007599,0.366055037995
1.3102040816326532,321.0,0.00408163265306,0.2,2.23820619846e-18,0.0,0.731835357685,0.3659176788425
1.3142857142857145,322.0,0.00408163265306,0.2,2.02300221883e-18,0.0,0.731543574138,0.365771787069
1.3183673469387756,323.0,0.00408163265306,0.2,-5.93016294169e-19,0.0,0.731277979506,0.365638989753
1.3224489795918368,324.0,0.00408163265306,0.2,8.36451120644e-18,0.0,0.731167934064,0.365583967032
1.326530612244898,325.0,0.00408163265306,0.2,2.79917484291e-18,0.0,0.731034874922,0.365517437461
1.3306122448979594,326.0,0.00408163265306,0.2,1.34931762726e-18,0.0,0.730879416459,0.3654397082295
1.3346938775510204,327.0,0.00408163265306,0.2,-2.43937697923e-18,0.0,0.730702148799,0.3653510743995
1.3387755102040817,328.0,0.00408163265306,0.2,-4.04971890229e-18,0.0,0.730503637639,0.3652518188195
1.342857142857143,329.0,0.00408163265306,0.2,6.0947226728e-19,0.0,0.730284424111,0.3651422120555
1.3469387755102042,330.0,0.00408163265306,0.2,-5.50925261609e-19,0.0,0.73004502468,0.36502251234
1.3510204081632655,331.0,0.00408163265306,0.2,-1.88431012931e-18,0.0,0.729785931074,0.364892965537
1.3551020408163266,332.0,0.00408163265306,0.2,-7.44557069204e-19,0.0,0.729507610251,0.3647538051255
1.3591836734693878,333.0,0.00408163265306,0.2,-3.06550459559e-18,0.0,0.729210504404,0.364605252202
1.3632653061224491,334.0,0.00408163265306,0.2,4.11719014189e-18,0.0,0.728895030995,0.3644475154975
1.3673469387755104,335.0,0.00408163265306,0.2,7.43730899706e-18,0.0,0.72856158282,0.36428079141
1.3714285714285714,336.0,0.00408163265306,0.2,-2.09379252528e-18,0.0,0.728210528109,0.3641052640545
1.3755102040816327,337.0,0.00408163265306,0.2,-5.27917627236e-18,0.0,0.727842210662,0.363921105331
1.379591836734694,338.0,0.00408163265306,0.2,8.09435656979e-19,0.0,0.727456950001,0.3637284750005
1.3836734693877553,339.0,0.00408163265306,0.2,-2.73563257713e-19,0.0,0.727055041572,0.363527520786
1.3877551020408165,340.0,0.00408163265306,0.2,-1.76858903705e-18,0.0,0.726636756954,0.363318378477
1.3918367346938776,341.0,0.00408163265306,0.2,-3.5956397699e-18,0.0,0.726202344116,0.363101172058
1.3959183673469389,342.0,0.00408163265306,0.2,-4.74538714443e-18,0.0,0.725752027684,0.362876013842
1.4000000000000001,343.0,0.00408163265306,0.2,2.91984961734e-18,0.0,0.72528600925,0.362643004625
1.4040816326530614,344.0,0.00408163265306,0.2,4.85996687244e-18,0.0,0.725251870988,0.362625935494
1.4081632653061227,345.0,0.00408163265306,0.2,-8.91740808898e-19,0.0,0.725228573032,0.362614286516
1.4122448979591837,346.0,0.00408163265306,0.2,-2.38251249043e-18,0.0,0.7251807935,0.36259039675
1.416326530612245,347.0,0.00408163265306,0.2,-3.87998032827e-20,0.0,0.725109016205,0.3625545081025
1.4204081632653063,348.0,0.00408163265306,0.2,6.23393561004e-18,0.0,0.725013705916,0.362506852958
1.4244897959183676,349.0,0.00408163265306,0.2,-6.1305719495e-19,0.0,0.724895308253,0.3624476541265
1.4285714285714286,350.0,0.00408163265306,0.2,-4.45312779703e-20,0.0,0.724754249606,0.362377124803
1.4326530612244899,351.0,0.00408163265306,0.2,3.50158049052e-18,0.0,0.724590937081,0.3622954685405
1.4367346938775512,352.0,0.00408163265306,0.2,-1.87670911375e-18,0.0,0.724405758472,0.362202879236
1.4408163265306124,353.0,0.00408163265306,0.2,1.17753567842e-18,0.0,0.724199082265,0.3620995411325
1.4448979591836737,354.0,0.00408163265306,0.2,8.73107814353e-19,0.0,0.723971257661,0.3619856288305
1.4489795918367347,355.0,0.00408163265306,0.2,2.14334679047e-18,0.0,0.723722614634,0.361861307317
1.453061224489796,356.0,0.00408163265306,0.2,-5.88985430523e-18,0.0,0.723453464003,0.3617267320015
1.4571428571428573,357.0,0.00408163265306,0.2,-2.77493947282e-19,0.0,0.723164097536,0.361582048768
1.4612244897959186,358.0,0.00408163265306,0.2,-1.45433882003e-18,0.0,0.722854788078,0.361427394039
1.4653061224489796,359.0,0.00408163265306,0.2,1.94582546937e-18,0.0,0.722525789698,0.361262894849
1.469387755102041,360.0,0.00408163265306,0.2,-4.97063025084e-18,0.0,0.722177337861,0.3610886689305
1.4734693877551022,361.0,0.00408163265306,0.2,-6.86774604601e-18,0.0,0.721809649621,0.3609048248105
1.4775510204081634,362.0,0.00408163265306,0.2,6.72261891198e-19,0.0,0.721422923842,0.360711461921
1.4816326530612247,363.0,0.00408163265306,0.2,4.55605271743e-19,0.0,0.721017341424,0.360508670712
1.4857142857142858,364.0,0.00408163265306,0.2,1.72032936363e-19,0.0,0.720593065566,0.360296532783
1.489795918367347,365.0,0.00408163265306,0.2,1.77606255087e-18,0.0,0.720150242038,0.360075121019
1.4938775510204083,366.0,0.00408163265306,0.2,6.19766256565e-18,0.0,0.719688999476,0.359844499738
1.4979591836734696,367.0,0.00408163265306,0.2,5.08704614453e-18,0.0,0.719209449688,0.359604724844
1.5020408163265309,368.0,0.00408163265306,0.2,2.03830380788e-18,0.0,0.718711687989,0.3593558439945
1.506122448979592,369.0,0.00408163265306,0.2,2.95406109177e-18,0.0,0.71865485223,0.359327426115
1.5102040816326532,370.0,0.00408163265306,0.2,6.27146652796e-19,0.0,0.718608151921,0.3593040759605
1.5142857142857145,371.0,0.00408163265306,0.2,-1.5352021614e-18,0.0,0.718536846855,0.3592684234275
1.5183673469387757,372.0,0.00408163265306,0.2,3.29166783098e-18,0.0,0.718441261135,0.3592206305675
1.5224489795918368,373.0,0.00408163265306,0.2,4.93400039272e-18,0.0,0.718321704029,0.3591608520145
1.526530612244898,374.0,0.00408163265306,0.2,2.90681259658e-18,0.0,0.718178469984,0.359089234992
1.5306122448979593,375.0,0.00408163265306,0.2,-2.61170066514e-18,0.0,0.718011838661,0.3590059193305
1.5346938775510206,376.0,0.00408163265306,0.2,-3.27578082242e-19,0.0,0.717822074988,0.358911037494
1.5387755102040819,377.0,0.00408163265306,0.2,1.37800216639e-18,0.0,0.717609429233,0.3588047146165
1.542857142857143,378.0,0.00408163265306,0.2,-1.85307285911e-18,0.0,0.717374137095,0.3586870685475
1.5469387755102042,379.0,0.00408163265306,0.2,-3.01421711035e-18,0.0,0.717116419818,0.358558209909
1.5510204081632655,380.0,0.00408163265306,0.2,5.73104226607e-18,0.0,0.716836484315,0.3584182421575
1.5551020408163267,381.0,0.00408163265306,0.2,4.9567740967e-19,0.0,0.716534523319,0.3582672616595
1.5591836734693878,382.0,0.00408163265306,0.2,-8.18048926331e-19,0.0,0.716210715541,0.3581053577705
1.563265306122449,383.0,0.00408163265306,0.2,5.357017637e-18,0.0,0.715865225853,0.3579326129265
1.5673469387755103,384.0,0.00408163265306,0.2,-6.6019775277e-19,0.0,0.715498205483,0.3577491027415
1.5714285714285716,385.0,0.00408163265306,0.2,6.67747453485e-18,0.0,0.715109792224,0.357554896112
1.575510204081633,386.0,0.00408163265306,0.2,-3.30688077135e-18,0.0,0.714700110659,0.3573500553295
1.579591836734694,387.0,0.00408163265306,0.2,3.06836987209e-18,0.0,0.714269272405,0.3571346362025
1.5836734693877552,388.0,0.00408163265306,0.2,1.5430209052e-19,0.0,0.71381737636,0.35690868818
1.5877551020408165,389.0,0.00408163265306,0.2,3.29915495613e-18,0.0,0.713344508973,0.3566722544865
1.5918367346938778,390.0,0.00408163265306,0.2,8.43231509502e-19,0.0,0.712850744521,0.3564253722605
1.5959183673469388,391.0,0.00408163265306,0.2,-8.01772532192e-19,0.0,0.712336145402,0.356168072701
1.6,392.0,0.00408163265306,0.2,-2.2334893648e-18,0.0,0.712057431973,0.3560287159865
1.6040816326530614,393.0,0.00408163265306,0.2,2.01136904291e-18,0.0,0.711992400807,0.3559962004035
1.6081632653061226,394.0,0.00408163265306,0.2,4.09945092569e-18,0.0,0.71190516321,0.355952581605
1.612244897959184,395.0,0.00408163265306,0.2,6.67646541974e-18,0.0,0.711795951971,0.3558979759855
1.616326530612245,396.0,0.00408163265306,0.2,1.61064025779e-18,0.0,0.711664988851,0.3558324944255
1.6204081632653062,397.0,0.00408163265306,0.2,-3.48431882572e-18,0.0,0.71151248462,0.35575624231
1.6244897959183675,398.0,0.00408163265306,0.2,4.43638497642e-18,0.0,0.711338639107,0.3556693195535
1.6285714285714288,399.0,0.00408163265306,0.2,5.64029946719e-18,0.0,0.711143641265,0.3555718206325
1.6326530612244898,400.0,0.00408163265306,0.2,2.71899413961e-18,0.0,0.710927669243,0.3554638346215
1.636734693877551,401.0,0.00408163265306,0.2,4.76668046976e-18,0.0,0.710690890481,0.3553454452405
1.6408163265306124,402.0,0.00408163265306,0.2,2.83087939059e-18,0.0,0.710433461805,0.3552167309025
1.6448979591836737,403.0,0.00408163265306,0.2,2.88566782771e-18,0.0,0.710155529543,0.3550777647715
1.648979591836735,404.0,0.00408163265306,0.2,-3.59705688053e-18,0.0,0.70985722965,0.354928614825
1.653061224489796,405.0,0.00408163265306,0.2,1.82785199298e-18,0.0,0.709538687838,0.354769343919
1.6571428571428573,406.0,0.00408163265306,0.2,2.06376996537e-18,0.0,0.709200019728,0.354600009864
1.6612244897959185,407.0,0.00408163265306,0.2,-6.32333044217e-18,0.0,0.708841331004,0.354420665502
1.6653061224489798,408.0,0.00408163265306,0.2,5.18959461373e-18,0.0,0.708462717579,0.3542313587895
1.669387755102041,409.0,0.00408163265306,0.2,1.62410528474e-18,0.0,0.708064265773,0.3540321328865
1.6734693877551021,410.0,0.00408163265306,0.2,1.20015265429e-18,0.0,0.707646052496,0.353823026248
1.6775510204081634,411.0,0.00408163265306,0.2,4.48120702454e-19,0.0,0.707208145445,0.3536040727225
1.6816326530612247,412.0,0.00408163265306,0.2,-6.67320113886e-19,0.0,0.706750603303,0.3533753016515
1.685714285714286,413.0,0.00408163265306,0.2,-3.21046114826e-19,0.0,0.706273475954,0.353136737977
1.689795918367347,414.0,0.00408163265306,0.2,-4.5694671959e-18,0.0,0.705776804701,0.3528884023505
1.6938775510204083,415.0,0.00408163265306,0.2,-3.67644749145e-18,0.0,0.705296278277,0.3526481391385
1.6979591836734695,416.0,0.00408163265306,0.2,-2.15927744089e-19,0.0,0.705265279556,0.352632639778
1.7020408163265308,417.0,0.00408163265306,0.2,4.64605378086e-18,0.0,0.70521023032,0.35260511516
1.706122448979592,418.0,0.00408163265306,0.2,-3.28777761672e-18,0.0,0.705131312255,0.3525656561275
1.7102040816326531,419.0,0.00408163265306,0.2,-5.31053741488e-18,0.0,0.705028698863,0.3525143494315
1.7142857142857144,420.0,0.00408163265306,0.2,8.41126448581e-18,0.0,0.704902555497,0.3524512777485
1.7183673469387757,421.0,0.00408163265306,0.2,-1.68178433036e-19,0.0,0.704753039414,0.352376519707
1.722448979591837,422.0,0.00408163265306,0.2,1.78660620855e-19,0.0,0.704580299835,0.3522901499175
1.726530612244898,423.0,0.00408163265306,0.2,-5.44944576467e-18,0.0,0.704384478013,0.3521922390065
1.7306122448979593,424.0,0.00408163265306,0.2,-6.77137085641e-18,0.0,0.704165707315,0.3520828536575
1.7346938775510206,425.0,0.00408163265306,0.2,2.18142370252e-18,0.0,0.70392411331,0.351962056655
1.7387755102040818,426.0,0.00408163265306,0.2,-3.25917029901e-18,0.0,0.703659813871,0.3518299069355
1.742857142857143,427.0,0.00408163265306,0.2,-7.89746476384e-18,0.0,0.703372919279,0.3516864596395
1.7469387755102042,428.0,0.00408163265306,0.2,-1.16836857529e-18,0.0,0.70306353234,0.35153176617
1.7510204081632654,429.0,0.00408163265306,0.2,-2.28178625003e-18,0.0,0.702731748513,0.3513658742565
1.7551020408163267,430.0,0.00408163265306,0.2,3.94845049428e-19,0.0,0.702377656036,0.351188828018
1.759183673469388,431.0,0.00408163265306,0.2,6.37488602482e-18,0.0,0.702001336075,0.3510006680375
1.7632653061224492,432.0,0.00408163265306,0.2,-4.24181330384e-18,0.0,0.701602862865,0.3508014314325
1.7673469387755103,433.0,0.00408163265306,0.2,-1.88247375321e-18,0.0,0.701182303869,0.3505911519345
1.7714285714285716,434.0,0.00408163265306,0.2,-2.79674490373e-18,0.0,0.700739719936,0.350369859968
1.7755102040816328,435.0,0.00408163265306,0.2,1.16721791278e-17,0.0,0.700275165477,0.3501375827385
1.7795918367346941,436.0,0.00408163265306,0.2,5.29588976521e-18,0.0,0.69978868863,0.349894344315
1.7836734693877552,437.0,0.00408163265306,0.2,-2.1898129166e-18,0.0,0.699280331447,0.3496401657235
1.7877551020408164,438.0,0.00408163265306,0.2,1.70931300455e-18,0.0,0.69875013008,0.34937506504
1.7918367346938777,439.0,0.00408163265306,0.2,-2.46432614116e-18,0.0,0.698198114968,0.349099057484
1.795918367346939,440.0,0.00408163265306,0.2,3.53647595608e-18,0.0,0.697624311038,0.348812155519
1.8000000000000003,441.0,0.00408163265306,0.2,4.47743094504e-18,0.0,0.697508838033,0.3487544190165
1.8040816326530613,442.0,0.00408163265306,0.2,-6.64848482706e-18,0.0,0.69739932319,0.348699661595
1.8081632653061226,443.0,0.00408163265306,0.2,8.95979788359e-18,0.0,0.697264497142,0.348632248571
1.8122448979591839,444.0,0.00408163265306,0.2,-4.62615243571e-18,0.0,0.697104483887,0.3485522419435
1.8163265306122451,445.0,0.00408163265306,0.2,2.94187260483e-18,0.0,0.696919401677,0.3484597008385
1.8204081632653062,446.0,0.00408163265306,0.2,-7.17847542045e-18,0.0,0.696709363087,0.3483546815435
1.8244897959183675,447.0,0.00408163265306,0.2,-2.18647307148e-19,0.0,0.696474475093,0.3482372375465
1.8285714285714287,448.0,0.00408163265306,0.2,3.46965312672e-18,0.0,0.696214839157,0.3481074195785
1.83265306122449,449.0,0.00408163265306,0.2,-6.13817376517e-18,0.0,0.695930551317,0.3479652756585
1.8367346938775513,450.0,0.00408163265306,0.2,-1.8564352449e-19,0.0,0.695621702284,0.347810851142
1.8408163265306123,451.0,0.00408163265306,0.2,1.34641170582e-18,0.0,0.695288377551,0.3476441887755
1.8448979591836736,452.0,0.00408163265306,0.2,-2.75921561595e-18,0.0,0.694930657502,0.347465328751
1.8489795918367349,453.0,0.00408163265306,0.2,-2.09180318095e-18,0.0,0.694548617529,0.3472743087645
1.8530612244897962,454.0,0.00408163265306,0.2,-5.44568816749e-18,0.0,0.694142328157,0.3470711640785
1.8571428571428572,455.0,0.00408163265306,0.2,8.46758116496e-18,0.0,0.693711855175,0.3468559275875
1.8612244897959185,456.0,0.00408163265306,0.2,1.12404023769e-17,0.0,0.693257259766,0.346628629883
1.8653061224489798,457.0,0.00408163265306,0.2,8.64636746557e-18,0.0,0.69277859865,0.346389299325
1.869387755102041,458.0,0.00408163265306,0.2,9.56115581077e-20,0.0,0.69227592423,0.346137962115
1.8734693877551023,459.0,0.00408163265306,0.2,6.29736322649e-18,0.0,0.691749284738,0.345874642369
1.8775510204081634,460.0,0.00408163265306,0.2,-6.32925186629e-18,0.0,0.691198724392,0.345599362196
1.8816326530612246,461.0,0.00408163265306,0.2,6.39501872205e-18,0.0,0.690624283551,0.3453121417755
1.885714285714286,462.0,0.00408163265306,0.2,-2.16935829101e-18,0.0,0.690025998878,0.345012999439
1.8897959183673472,463.0,0.00408163265306,0.2,2.82866487299e-18,0.0,0.689403903507,0.3447019517535
1.8938775510204082,464.0,0.00408163265306,0.2,2.19697764487e-18,0.0,0.688758027209,0.3443790136045
1.8979591836734695,465.0,0.00408163265306,0.2,2.30171194531e-18,0.0,0.688088396566,0.344044198283
1.9020408163265308,466.0,0.00408163265306,0.2,-4.26108774949e-18,0.0,0.687795552481,0.3438977762405
1.906122448979592,467.0,0.00408163265306,0.2,5.01246428994e-18,0.0,0.687582972632,0.343791486316
1.9102040816326533,468.0,0.00408163265306,0.2,4.56224621934e-18,0.0,0.687343640825,0.3436718204125
1.9142857142857144,469.0,0.00408163265306,0.2,1.28523022239e-18,0.0,0.687106464105,0.3435532320525
1.9183673469387756,470.0,0.00408163265306,0.2,1.78401765022e-18,0.0,0.686989746612,0.343494873306
1.922448979591837,471.0,0.00408163265306,0.2,1.58205364545e-18,0.0,0.686848664133,0.3434243320665
1.9265306122448982,472.0,0.00408163265306,0.2,6.63980152443e-18,0.0,0.686683313571,0.3433416567855
1.9306122448979595,473.0,0.00408163265306,0.2,4.63766772041e-18,0.0,0.686493788094,0.343246894047
1.9346938775510205,474.0,0.00408163265306,0.2,-1.41949942019e-18,0.0,0.686280177185,0.3431400885925
1.9387755102040818,475.0,0.00408163265306,0.2,2.61316074878e-19,0.0,0.686042566696,0.343021283348
1.942857142857143,476.0,0.00408163265306,0.2,-4.59453169903e-18,0.0,0.685781038908,0.342890519454
1.9469387755102043,477.0,0.00408163265306,0.2,-3.55420587458e-18,0.0,0.685495672596,0.342747836298
1.9510204081632654,478.0,0.00408163265306,0.2,-1.91810073238e-18,0.0,0.6851865431,0.34259327155
1.9551020408163267,479.0,0.00408163265306,0.2,2.70835827714e-18,0.0,0.684853722393,0.3424268611965
1.959183673469388,480.0,0.00408163265306,0.2,-2.00317936031e-18,0.0,0.684497279169,0.3422486395845
1.9632653061224492,481.0,0.00408163265306,0.2,1.11731607356e-18,0.0,0.684117278919,0.3420586394595
1.9673469387755105,482.0,0.00408163265306,0.2,-4.75609516871e-18,0.0,0.683713784019,0.3418568920095
1.9714285714285715,483.0,0.00408163265306,0.2,6.95812109686e-18,0.0,0.683286853823,0.3416434269115
1.9755102040816328,484.0,0.00408163265306,0.2,5.88405002572e-19,0.0,0.682836544756,0.341418272378
1.979591836734694,485.0,0.00408163265306,0.2,1.99031049793e-18,0.0,0.682362910414,0.341181455207
1.9836734693877554,486.0,0.00408163265306,0.2,3.41048262276e-18,0.0,0.681866001663,0.3409330008315
1.9877551020408164,487.0,0.00408163265306,0.2,-2.4571139534e-18,0.0,0.681345866745,0.3406729333725
1.9918367346938777,488.0,0.00408163265306,0.2,-1.6117254412e-18,0.0,0.680802551387,0.3404012756935
1.995918367346939,489.0,0.00408163265306,0.2,-8.98957142256e-19,0.0,0.680236098913,0.3401180494565
2.0,490.0,0.00408163265306,0.2,-5.56829388601e-18,0.0,0.679898722952,0.339949361476
2.0040816326530613,491.0,0.00408163265306,0.2,-4.27096780152e-18,0.0,0.679779306637,0.3398896533185
2.0081632653061225,492.0,0.00408163265306,0.2,-6.72779493004e-19,0.0,0.679633740815,0.3398168704075
2.012244897959184,493.0,0.00408163265306,0.2,2.61098567736e-18,0.0,0.679462113728,0.339731056864
2.016326530612245,494.0,0.00408163265306,0.2,-4.2753845324e-18,0.0,0.679264511144,0.339632255572
2.0204081632653064,495.0,0.00408163265306,0.2,4.79512175681e-18,0.0,0.679041016402,0.339520508201
2.0244897959183676,496.0,0.00408163265306,0.2,7.78587349801e-18,0.0,0.678791710463,0.3393958552315
2.028571428571429,497.0,0.00408163265306,0.2,-1.13755821713e-18,0.0,0.678516671958,0.339258335979
2.03265306122449,498.0,0.00408163265306,0.2,-5.13544495392e-18,0.0,0.678215977246,0.339107988623
2.036734693877551,499.0,0.00408163265306,0.2,-6.41444443835e-18,0.0,0.677889700476,0.338944850238
2.0408163265306123,500.0,0.00408163265306,0.2,-1.27156230354e-18,0.0,0.67753791365,0.338768956825
2.0448979591836736,501.0,0.00408163265306,0.2,1.68743480113e-18,0.0,0.677160686688,0.338580343344
2.048979591836735,502.0,0.00408163265306,0.2,-3.97397584041e-18,0.0,0.676758087506,0.338379043753
2.053061224489796,503.0,0.00408163265306,0.2,-6.32105616078e-18,0.0,0.676330182084,0.338165091042
2.0571428571428574,504.0,0.00408163265306,0.2,5.57304665901e-20,0.0,0.675877034552,0.337938517276
2.0612244897959187,505.0,0.00408163265306,0.2,4.00265005635e-18,0.0,0.675398707263,0.3376993536315
2.06530612244898,506.0,0.00408163265306,0.2,-4.1691255313e-18,0.0,0.674895260884,0.337447630442
2.069387755102041,507.0,0.00408163265306,0.2,2.66918486448e-18,0.0,0.67436675448,0.33718337724
2.073469387755102,508.0,0.00408163265306,0.2,5.18712761218e-18,0.0,0.673813245605,0.3369066228025
2.0775510204081633,509.0,0.00408163265306,0.2,2.49106103215e-18,0.0,0.673234790395,0.3366173951975
2.0816326530612246,510.0,0.00408163265306,0.2,-6.34475902123e-18,0.0,0.672631443662,0.336315721831
2.085714285714286,511.0,0.00408163265306,0.2,-3.008919109e-18,0.0,0.672003258988,0.336001629494
2.089795918367347,512.0,0.00408163265306,0.2,4.30201747338e-19,0.0,0.67135028883,0.335675144415
2.0938775510204084,513.0,0.00408163265306,0.2,-1.44144467694e-19,0.0,0.670672584616,0.335336292308
2.0979591836734697,514.0,0.00408163265306,0.2,-9.76711706245e-19,0.0,0.66997019685,0.334985098425
2.102040816326531,515.0,0.00408163265306,0.2,-7.34891740738e-18,0.0,0.669243175214,0.334621587607
2.106122448979592,516.0,0.00408163265306,0.2,3.98335193266e-18,0.0,0.668799735261,0.3343998676305
2.110204081632653,517.0,0.00408163265306,0.2,2.84544567929e-18,0.0,0.668772109828,0.334386054914
2.1142857142857143,518.0,0.00408163265306,0.2,9.86705661047e-18,0.0,0.668718545373,0.3343592726865
2.1183673469387756,519.0,0.00408163265306,0.2,1.70055037013e-18,0.0,0.66863912444,0.33431956222
2.122448979591837,520.0,0.00408163265306,0.2,-2.62945413889e-19,0.0,0.6685339282,0.3342669641
2.126530612244898,521.0,0.00408163265306,0.2,7.48606043743e-18,0.0,0.668403036471,0.3342015182355
2.1306122448979594,522.0,0.00408163265306,0.2,-1.06585406573e-18,0.0,0.66824652773,0.334123263865
2.1346938775510207,523.0,0.00408163265306,0.2,8.84286701181e-18,0.0,0.668064479142,0.334032239571
2.138775510204082,524.0,0.00408163265306,0.2,-4.43873967529e-18,0.0,0.667856966578,0.333928483289
2.1428571428571432,525.0,0.00408163265306,0.2,-2.01484077164e-18,0.0,0.667624064651,0.3338120323255
2.146938775510204,526.0,0.00408163265306,0.2,4.28362508661e-18,0.0,0.667365846743,0.3336829233715
2.1510204081632653,527.0,0.00408163265306,0.2,-6.61249153612e-18,0.0,0.667082385041,0.3335411925205
2.1551020408163266,528.0,0.00408163265306,0.2,4.50641090761e-18,0.0,0.666773750577,0.3333868752885
2.159183673469388,529.0,0.00408163265306,0.2,-1.39940224003e-18,0.0,0.666440013267,0.3332200066335
2.163265306122449,530.0,0.00408163265306,0.2,-4.1238742023e-18,0.0,0.666081241958,0.333040620979
2.1673469387755104,531.0,0.00408163265306,0.2,1.8483199827e-18,0.0,0.66569750447,0.332848752235
2.1714285714285717,532.0,0.00408163265306,0.2,8.62512779388e-19,0.0,0.665288867649,0.3326444338245
2.175510204081633,533.0,0.00408163265306,0.2,8.67719493603e-19,0.0,0.66485539742,0.33242769871
2.1795918367346943,534.0,0.00408163265306,0.2,6.48569674234e-18,0.0,0.664397158836,0.332198579418
2.183673469387755,535.0,0.00408163265306,0.2,2.13780695996e-18,0.0,0.663914216139,0.3319571080695
2.1877551020408164,536.0,0.00408163265306,0.2,6.29977445798e-18,0.0,0.663406632816,0.331703316408
2.1918367346938776,537.0,0.00408163265306,0.2,-5.68231429695e-18,0.0,0.662874471664,0.331437235832
2.195918367346939,538.0,0.00408163265306,0.2,1.32041186821e-19,0.0,0.662317794846,0.331158897423
2.2,539.0,0.00408163265306,0.2,2.22000759389e-18,0.0,0.661736663962,0.330868331981
2.2040816326530615,540.0,0.00408163265306,0.2,5.48745517911e-18,0.0,0.661131140112,0.330565570056
2.2081632653061227,541.0,0.00408163265306,0.2,9.76179415521e-19,0.0,0.660501283964,0.330250641982
2.212244897959184,542.0,0.00408163265306,0.2,-4.32403702128e-19,0.0,0.659847155824,0.329923577912
2.2163265306122453,543.0,0.00408163265306,0.2,-2.57810690237e-19,0.0,0.659168815707,0.3295844078535
2.220408163265306,544.0,0.00408163265306,0.2,-6.35257505084e-18,0.0,0.658673441648,0.329336720824
2.2244897959183674,545.0,0.00408163265306,0.2,3.30115664274e-18,0.0,0.658380077765,0.3291900388825
2.2285714285714286,546.0,0.00408163265306,0.2,-1.85057053436e-18,0.0,0.658059766181,0.3290298830905
2.23265306122449,547.0,0.00408163265306,0.2,1.43627920543e-18,0.0,0.657712581833,0.3288562909165
2.236734693877551,548.0,0.00408163265306,0.2,3.94757306244e-18,0.0,0.657338599418,0.328669299709
2.2408163265306125,549.0,0.00408163265306,0.2,-2.17797523825e-18,0.0,0.656937893433,0.3284689467165
2.2448979591836737,550.0,0.00408163265306,0.2,-2.50826722899e-18,0.0,0.656510538213,0.3282552691065
2.248979591836735,551.0,0.00408163265306,0.2,6.50159954811e-20,0.0,0.65605660798,0.32802830399
2.2530612244897963,552.0,0.00408163265306,0.2,4.22694545611e-18,0.0,0.655842438562,0.327921219281
2.2571428571428576,553.0,0.00408163265306,0.2,-2.69500208906e-18,0.0,0.655684944909,0.3278424724545
2.2612244897959184,554.0,0.00408163265306,0.2,-2.93506294384e-18,0.0,0.6555020982,0.3277510491
2.2653061224489797,555.0,0.00408163265306,0.2,4.33456465234e-18,0.0,0.655293969273,0.3276469846365
2.269387755102041,556.0,0.00408163265306,0.2,1.18575182757e-18,0.0,0.655060628612,0.327530314306
2.273469387755102,557.0,0.00408163265306,0.2,-2.7252727765e-18,0.0,0.654802146363,0.3274010731815
2.2775510204081635,558.0,0.00408163265306,0.2,-2.03902161324e-18,0.0,0.654518592353,0.3272592961765
2.2816326530612248,559.0,0.00408163265306,0.2,-5.97070856862e-19,0.0,0.654210036119,0.3271050180595
2.285714285714286,560.0,0.00408163265306,0.2,5.54564092455e-18,0.0,0.653876546929,0.3269382734645
2.2897959183673473,561.0,0.00408163265306,0.2,-5.21341623923e-18,0.0,0.653518193815,0.3267590969075
2.2938775510204086,562.0,0.00408163265306,0.2,-4.98062279944e-18,0.0,0.653135045597,0.3265675227985
2.2979591836734694,563.0,0.00408163265306,0.2,8.84306119246e-19,0.0,0.652727170924,0.326363585462
2.3020408163265307,564.0,0.00408163265306,0.2,-1.56401159552e-18,0.0,0.652294638298,0.326147319149
2.306122448979592,565.0,0.00408163265306,0.2,5.41019547592e-19,0.0,0.651837516117,0.3259187580585
2.3102040816326532,566.0,0.00408163265306,0.2,3.29997504755e-19,0.0,0.651355872711,0.3256779363555
2.3142857142857145,567.0,0.00408163265306,0.2,-8.13919464938e-18,0.0,0.65084977638,0.32542488819
2.3183673469387758,568.0,0.00408163265306,0.2,-7.10297345021e-18,0.0,0.650319295434,0.325159647717
2.322448979591837,569.0,0.00408163265306,0.2,-1.20368929085e-18,0.0,0.649764498239,0.3248822491195
2.3265306122448983,570.0,0.00408163265306,0.2,-1.72920287257e-18,0.0,0.649185453256,0.324592726628
2.3306122448979596,571.0,0.00408163265306,0.2,-9.89310080565e-19,0.0,0.648582229091,0.3242911145455
2.3346938775510204,572.0,0.00408163265306,0.2,4.1069314754e-18,0.0,0.647954894536,0.323977447268
2.3387755102040817,573.0,0.00408163265306,0.2,-2.83675762037e-18,0.0,0.647303518618,0.323651759309
2.342857142857143,574.0,0.00408163265306,0.2,-5.6660798693e-18,0.0,0.646914915847,0.3234574579235
2.3469387755102042,575.0,0.00408163265306,0.2,-1.71100572627e-18,0.0,0.646604992445,0.3233024962225
2.3510204081632655,576.0,0.00408163265306,0.2,4.97202549774e-19,0.0,0.64626834524,0.32313417262
2.355102040816327,577.0,0.00408163265306,0.2,-2.51087262497e-18,0.0,0.645905050122,0.322952525061
2.359183673469388,578.0,0.00408163265306,0.2,-6.391856207e-18,0.0,0.645515183437,0.3227575917185
2.3632653061224493,579.0,0.00408163265306,0.2,5.6582379903e-19,0.0,0.645098822005,0.3225494110025
2.3673469387755106,580.0,0.00408163265306,0.2,2.25896821434e-18,0.0,0.644656043158,0.322328021579
2.3714285714285714,581.0,0.00408163265306,0.2,-1.57620589211e-18,0.0,0.644186924757,0.3220934623785
2.3755102040816327,582.0,0.00408163265306,0.2,1.24476868919e-18,0.0,0.643691545236,0.321845772618
2.379591836734694,583.0,0.00408163265306,0.2,-6.32941482087e-18,0.0,0.643355835995,0.3216779179975
2.3836734693877553,584.0,0.00408163265306,0.2,-1.49062371798e-18,0.0,0.643209970539,0.3216049852695
2.3877551020408165,585.0,0.00408163265306,0.2,1.91648111921e-18,0.0,0.643038656826,0.321519328413
2.391836734693878,586.0,0.00408163265306,0.2,5.9571628657e-18,0.0,0.642841963019,0.3214209815095
2.395918367346939,587.0,0.00408163265306,0.2,-1.14802180372e-17,0.0,0.642619957642,0.321309978821
2.4000000000000004,588.0,0.00408163265306,0.2,3.26618303285e-18,0.0,0.642372709592,0.321186354796
2.4040816326530616,589.0,0.00408163265306,0.2,-2.71799089877e-19,0.0,0.642100288147,0.3210501440735
2.4081632653061225,590.0,0.00408163265306,0.2,2.05001453339e-18,0.0,0.641802762983,0.3209013814915
2.4122448979591837,591.0,0.00408163265306,0.2,-4.72128265225e-18,0.0,0.641480204181,0.3207401020905
2.416326530612245,592.0,0.00408163265306,0.2,2.3710699023e-18,0.0,0.641132682253,0.3205663411265
2.4204081632653063,593.0,0.00408163265306,0.2,2.11538218403e-18,0.0,0.64076026815,0.320380134075
2.4244897959183676,594.0,0.00408163265306,0.2,-2.14873729873e-18,0.0,0.640363033288,0.320181516644
2.428571428571429,595.0,0.00408163265306,0.2,-5.99086398747e-19,0.0,0.639941049563,0.3199705247815
2.43265306122449,596.0,0.00408163265306,0.2,-5.91621494384e-19,0.0,0.639494389379,0.3197471946895
2.4367346938775514,597.0,0.00408163265306,0.2,1.86468182202e-18,0.0,0.639023125664,0.319511562832
2.4408163265306126,598.0,0.00408163265306,0.2,-1.76844411403e-18,0.0,0.638527331902,0.319263665951
2.4448979591836735,599.0,0.00408163265306,0.2,-1.54444120016e-19,0.0,0.638007082152,0.319003541076
2.4489795918367347,600.0,0.00408163265306,0.2,5.04469496891e-18,0.0,0.63746245108,0.31873122554
2.453061224489796,601.0,0.00408163265306,0.2,-2.1849785629e-18,0.0,0.636893513983,0.3184467569915
2.4571428571428573,602.0,0.00408163265306,0.2,-1.16078544873e-18,0.0,0.63630034682,0.31815017341
2.4612244897959186,603.0,0.00408163265306,0.2,1.87743653347e-18,0.0,0.635683026241,0.3178415131205
2.46530612244898,604.0,0.00408163265306,0.2,-1.5547537901e-18,0.0,0.635041629619,0.3175208148095
2.469387755102041,605.0,0.00408163265306,0.2,-3.46726650386e-18,0.0,0.63437623508,0.31718811754
2.4734693877551024,606.0,0.00408163265306,0.2,-8.08023605875e-18,0.0,0.633686921535,0.3168434607675
2.4775510204081637,607.0,0.00408163265306,0.2,-1.26055997421e-18,0.0,0.632973768713,0.3164868843565
2.481632653061225,608.0,0.00408163265306,0.2,1.70342461596e-18,0.0,0.632562824682,0.316281412341
2.4857142857142858,609.0,0.00408163265306,0.2,-3.97737389837e-18,0.0,0.632130270489,0.3160651352445
2.489795918367347,610.0,0.00408163265306,0.2,-5.21643182955e-18,0.0,0.631671306522,0.315835653261
2.4938775510204083,611.0,0.00408163265306,0.2,6.14576583563e-18,0.0,0.63148792161,0.315743960805
2.4979591836734696,612.0,0.00408163265306,0.2,3.33614969137e-18,0.0,0.631419268273,0.3157096341365
2.502040816326531,613.0,0.00408163265306,0.2,-3.67114295021e-18,0.0,0.631324687228,0.315662343614
2.506122448979592,614.0,0.00408163265306,0.2,-1.70475306802e-18,0.0,0.63120424297,0.315602121485
2.5102040816326534,615.0,0.00408163265306,0.2,3.60197369379e-18,0.0,0.631058000976,0.315529000488
2.5142857142857147,616.0,0.00408163265306,0.2,2.77198356229e-18,0.0,0.6308860277,0.31544301385
2.518367346938776,617.0,0.00408163265306,0.2,-2.30302713663e-18,0.0,0.630688390572,0.315344195286
2.522448979591837,618.0,0.00408163265306,0.2,-2.72654815975e-18,0.0,0.630465157998,0.315232578999
2.526530612244898,619.0,0.00408163265306,0.2,1.72475636319e-18,0.0,0.630216399364,0.315108199682
2.5306122448979593,620.0,0.00408163265306,0.2,2.08532066988e-18,0.0,0.629942185041,0.3149710925205
2.5346938775510206,621.0,0.00408163265306,0.2,3.14370821566e-18,0.0,0.629642586385,0.3148212931925
2.538775510204082,622.0,0.00408163265306,0.2,3.15861354501e-18,0.0,0.629317675746,0.314658837873
2.542857142857143,623.0,0.00408163265306,0.2,1.4485673741e-18,0.0,0.628967526478,0.314483763239
2.5469387755102044,624.0,0.00408163265306,0.2,-3.02350767987e-18,0.0,0.628592212939,0.3142961064695
2.5510204081632657,625.0,0.00408163265306,0.2,4.57179211625e-18,0.0,0.628191810512,0.314095905256
2.555102040816327,626.0,0.00408163265306,0.2,-2.36077551033e-18,0.0,0.627766395605,0.3138831978025
2.559183673469388,627.0,0.00408163265306,0.2,9.04064568948e-19,0.0,0.62731604567,0.313658022835
2.563265306122449,628.0,0.00408163265306,0.2,-4.84672392006e-19,0.0,0.626840839212,0.313420419606
2.5673469387755103,629.0,0.00408163265306,0.2,1.02549137415e-18,0.0,0.626340855803,0.3131704279015
2.5714285714285716,630.0,0.00408163265306,0.2,2.9648515013e-18,0.0,0.625816176099,0.3129080880495
2.575510204081633,631.0,0.00408163265306,0.2,3.25301535147e-18,0.0,0.625266881851,0.3126334409255
2.579591836734694,632.0,0.00408163265306,0.2,-2.4604268376e-18,0.0,0.624693055923,0.3123465279615
2.5836734693877554,633.0,0.00408163265306,0.2,-5.91823615967e-18,0.0,0.624094782313,0.3120473911565
2.5877551020408167,634.0,0.00408163265306,0.2,-2.76062096996e-18,0.0,0.623472146161,0.3117360730805
2.591836734693878,635.0,0.00408163265306,0.2,-5.11360449061e-18,0.0,0.622825233777,0.3114126168885
2.595918367346939,636.0,0.00408163265306,0.2,9.99872349807e-19,0.0,0.622154132654,0.311077066327
2.6,637.0,0.00408163265306,0.2,3.11652868925e-18,0.0,0.621458931487,0.3107294657435
2.6040816326530614,638.0,0.00408163265306,0.2,-4.38724189189e-20,0.0,0.621199370938,0.310599685469
2.6081632653061226,639.0,0.00408163265306,0.2,2.74041566178e-18,0.0,0.620922073354,0.310461036677
2.612244897959184,640.0,0.00408163265306,0.2,-2.55916446634e-19,0.0,0.620620786782,0.310310393391
2.616326530612245,641.0,0.00408163265306,0.2,-1.80823649043e-18,0.0,0.620295579117,0.3101477895585
2.6204081632653065,642.0,0.00408163265306,0.2,3.32908598253e-18,0.0,0.619946519309,0.3099732596545
2.6244897959183677,643.0,0.00408163265306,0.2,-5.94529447828e-19,0.0,0.619573677368,0.309786838684
2.628571428571429,644.0,0.00408163265306,0.2,-1.91623047702e-18,0.0,0.61917712437,0.309588562185
2.63265306122449,645.0,0.00408163265306,0.2,-1.89791525069e-18,0.0,0.618756932458,0.309378466229
2.636734693877551,646.0,0.00408163265306,0.2,-2.02925108509e-18,0.0,0.618313174858,0.309156587429
2.6408163265306124,647.0,0.00408163265306,0.2,2.1529195239e-18,0.0,0.618096090511,0.3090480452555
2.6448979591836737,648.0,0.00408163265306,0.2,-2.75842028179e-18,0.0,0.617862483136,0.308931241568
2.648979591836735,649.0,0.00408163265306,0.2,-2.85324803456e-18,0.0,0.617602925788,0.308801462894
2.653061224489796,650.0,0.00408163265306,0.2,2.03973640069e-19,0.0,0.617317492174,0.308658746087
2.6571428571428575,651.0,0.00408163265306,0.2,-4.37175665723e-18,0.0,0.617006257517,0.3085031287585
2.6612244897959187,652.0,0.00408163265306,0.2,3.82153472533e-18,0.0,0.616669298555,0.3083346492775
2.66530612244898,653.0,0.00408163265306,0.2,-1.80584053594e-18,0.0,0.616306693543,0.3081533467715
2.669387755102041,654.0,0.00408163265306,0.2,5.30124131358e-19,0.0,0.615918522248,0.307959261124
2.673469387755102,655.0,0.00408163265306,0.2,4.35244713396e-18,0.0,0.61550486596,0.30775243298
2.6775510204081634,656.0,0.00408163265306,0.2,-1.27541737879e-19,0.0,0.615065807485,0.3075329037425
2.6816326530612247,657.0,0.00408163265306,0.2,1.49636476502e-18,0.0,0.614601431153,0.3073007155765
2.685714285714286,658.0,0.00408163265306,0.2,-1.11187405231e-18,0.0,0.614111822821,0.3070559114105
2.689795918367347,659.0,0.00408163265306,0.2,-2.74734474697e-18,0.0,0.613597069877,0.3067985349385
2.6938775510204085,660.0,0.00408163265306,0.2,-1.6122758265e-20,0.0,0.613057261243,0.3065286306215
2.6979591836734698,661.0,0.00408163265306,0.2,-2.15471657378e-18,0.0,0.612896835435,0.3064484177175
2.702040816326531,662.0,0.00408163265306,0.2,2.66190549415e-18,0.0,0.612796243829,0.3063981219145
2.706122448979592,663.0,0.00408163265306,0.2,2.47276751931e-19,0.0,0.612670540144,0.306335270072
2.710204081632653,664.0,0.00408163265306,0.2,7.20245029408e-20,0.0,0.612519785304,0.306259892652
2.7142857142857144,665.0,0.00408163265306,0.2,-2.25596534192e-18,0.0,0.612344041791,0.3061720208955
2.7183673469387757,666.0,0.00408163265306,0.2,2.15913702698e-18,0.0,0.612143373642,0.306071686821
2.722448979591837,667.0,0.00408163265306,0.2,-3.40250343177e-18,0.0,0.61191784644,0.30595892322
2.7265306122448982,668.0,0.00408163265306,0.2,4.38688685046e-18,0.0,0.611667527308,0.305833763654
2.7306122448979595,669.0,0.00408163265306,0.2,-1.65314837153e-18,0.0,0.611392484904,0.305696242452
2.734693877551021,670.0,0.00408163265306,0.2,1.84277663183e-18,0.0,0.61109278942,0.30554639471
2.738775510204082,671.0,0.00408163265306,0.2,6.25485234686e-19,0.0,0.610768512572,0.305384256286
2.742857142857143,672.0,0.00408163265306,0.2,-1.69793006874e-18,0.0,0.610419727604,0.305209863802
2.746938775510204,673.0,0.00408163265306,0.2,-2.43160701203e-18,0.0,0.610046509284,0.305023254642
2.7510204081632654,674.0,0.00408163265306,0.2,3.95991418359e-19,0.0,0.609648933899,0.3048244669495
2.7551020408163267,675.0,0.00408163265306,0.2,-5.71654181578e-19,0.0,0.609227079259,0.3046135396295
2.759183673469388,676.0,0.00408163265306,0.2,-9.15909174934e-19,0.0,0.608781024696,0.304390512348
2.7632653061224492,677.0,0.00408163265306,0.2,-5.78599603591e-19,0.0,0.608310851059,0.3041554255295
2.7673469387755105,678.0,0.00408163265306,0.2,4.06114434016e-18,0.0,0.607816640724,0.303908320362
2.771428571428572,679.0,0.00408163265306,0.2,-1.20271213205e-18,0.0,0.607298477587,0.3036492387935
2.775510204081633,680.0,0.00408163265306,0.2,3.2051945927e-19,0.0,0.60675644707,0.303378223535
2.7795918367346943,681.0,0.00408163265306,0.2,-1.987610994e-18,0.0,0.606190636122,0.303095318061
2.783673469387755,682.0,0.00408163265306,0.2,1.33217130044e-18,0.0,0.605601133223,0.3028005666115
2.7877551020408164,683.0,0.00408163265306,0.2,7.19015166933e-19,0.0,0.604988028386,0.302494014193
2.7918367346938777,684.0,0.00408163265306,0.2,4.07101097635e-18,0.0,0.604707885936,0.302353942968
2.795918367346939,685.0,0.00408163265306,0.2,1.42592744073e-18,0.0,0.604547944233,0.3022739721165
2.8000000000000003,686.0,0.00408163265306,0.2,-1.17469655868e-18,0.0,0.60436411156,0.30218205578
2.8040816326530615,687.0,0.00408163265306,0.2,1.08655842231e-18,0.0,0.604156447915,0.3020782239575
2.808163265306123,688.0,0.00408163265306,0.2,-8.4879481611e-19,0.0,0.603925014883,0.3019625074415
2.812244897959184,689.0,0.00408163265306,0.2,-1.92131515624e-18,0.0,0.603669875635,0.3018349378175
2.8163265306122454,690.0,0.00408163265306,0.2,-2.40006806284e-18,0.0,0.603391094913,0.3016955474565
2.820408163265306,691.0,0.00408163265306,0.2,-2.91831780971e-18,0.0,0.603088739033,0.3015443695165
2.8244897959183675,692.0,0.00408163265306,0.2,-3.35736584011e-18,0.0,0.602762875873,0.3013814379365
2.8285714285714287,693.0,0.00408163265306,0.2,-2.12833013263e-18,0.0,0.602413574872,0.301206787436
2.83265306122449,694.0,0.00408163265306,0.2,4.93680001135e-20,0.0,0.602040907026,0.301020453513
2.8367346938775513,695.0,0.00408163265306,0.2,2.29936874943e-18,0.0,0.601644944881,0.3008224724405
2.8408163265306126,696.0,0.00408163265306,0.2,3.75387383276e-19,0.0,0.601225762535,0.3006128812675
2.844897959183674,697.0,0.00408163265306,0.2,7.12153703752e-19,0.0,0.600783435629,0.3003917178145
2.848979591836735,698.0,0.00408163265306,0.2,1.24714372506e-18,0.0,0.600318041353,0.3001590206765
2.8530612244897964,699.0,0.00408163265306,0.2,3.45060046888e-19,0.0,0.599829658434,0.299914829217
2.857142857142857,700.0,0.00408163265306,0.2,-2.64723025026e-19,0.0,0.599318367142,0.299659183571
2.8612244897959185,701.0,0.00408163265306,0.2,1.30449484527e-19,0.0,0.598784249286,0.299392124643
2.8653061224489798,702.0,0.00408163265306,0.2,-5.91527609385e-19,0.0,0.598227388213,0.2991136941065
2.869387755102041,703.0,0.00408163265306,0.2,5.7768019234e-19,0.0,0.597647868806,0.298823934403
2.8734693877551023,704.0,0.00408163265306,0.2,-1.71920143178e-18,0.0,0.597045777487,0.2985228887435
2.8775510204081636,705.0,0.00408163265306,0.2,2.44056413729e-18,0.0,0.596421202213,0.2982106011065
2.881632653061225,706.0,0.00408163265306,0.2,3.75788152283e-20,0.0,0.596190686327,0.2980953431635
2.885714285714286,707.0,0.00408163265306,0.2,-2.95981766784e-20,0.0,0.596085215558,0.298042607779
2.8897959183673474,708.0,0.00408163265306,0.2,-1.73509281212e-18,0.0,0.596030372035,0.2980151860175
2.8938775510204082,709.0,0.00408163265306,0.2,2.14724713285e-19,0.0,0.595950444951,0.2979752224755
2.8979591836734695,710.0,0.00408163265306,0.2,-5.32637312855e-19,0.0,0.595845489523,0.2979227447615
2.9020408163265308,711.0,0.00408163265306,0.2,2.46834396419e-18,0.0,0.595715563057,0.2978577815285
2.906122448979592,712.0,0.00408163265306,0.2,9.10217138344e-19,0.0,0.595560724938,0.297780362469
2.9102040816326533,713.0,0.00408163265306,0.2,-4.3041753808e-19,0.0,0.595381036609,0.2976905183045
2.9142857142857146,714.0,0.00408163265306,0.2,1.42326495314e-18,0.0,0.595176561568,0.297588280784
2.918367346938776,715.0,0.00408163265306,0.2,-2.00774839582e-18,0.0,0.594947365346,0.297473682673
2.922448979591837,716.0,0.00408163265306,0.2,1.78831330254e-18,0.0,0.594693515502,0.297346757751
2.9265306122448984,717.0,0.00408163265306,0.2,7.94493329877e-19,0.0,0.594415081607,0.2972075408035
2.9306122448979592,718.0,0.00408163265306,0.2,3.62220529081e-19,0.0,0.594112135237,0.2970560676185
2.9346938775510205,719.0,0.00408163265306,0.2,-1.1640805227e-18,0.0,0.593784749957,0.2968923749785
2.938775510204082,720.0,0.00408163265306,0.2,2.90371900248e-18,0.0,0.593433001316,0.296716500658
2.942857142857143,721.0,0.00408163265306,0.2,2.40031476946e-19,0.0,0.593056966831,0.2965284834155
2.9469387755102043,722.0,0.00408163265306,0.2,1.70395576931e-18,0.0,0.592656725982,0.296328362991
2.9510204081632656,723.0,0.00408163265306,0.2,1.78895777963e-18,0.0,0.592232360201,0.2961161801005
2.955102040816327,724.0,0.00408163265306,0.2,2.17160801548e-18,0.0,0.591783952863,0.2958919764315
2.959183673469388,725.0,0.00408163265306,0.2,4.12192267644e-19,0.0,0.591311589273,0.2956557946365
2.9632653061224494,726.0,0.00408163265306,0.2,2.6249015436e-19,0.0,0.590815356665,0.2954076783325
2.9673469387755103,727.0,0.00408163265306,0.2,-5.44145256332e-20,0.0,0.590764866466,0.295382433233
2.9714285714285715,728.0,0.00408163265306,0.2,-5.02765029201e-19,0.0,0.590728986811,0.2953644934055
2.975510204081633,729.0,0.00408163265306,0.2,1.97256757719e-18,0.0,0.590668737858,0.295334368929
2.979591836734694,730.0,0.00408163265306,0.2,-1.57571599439e-18,0.0,0.590584168976,0.295292084488
2.9836734693877554,731.0,0.00408163265306,0.2,8.7079670888e-19,0.0,0.590475331667,0.2952376658335
2.9877551020408166,732.0,0.00408163265306,0.2,-1.05724632088e-18,0.0,0.59034227955,0.295171139775
2.991836734693878,733.0,0.00408163265306,0.2,-1.31614154829e-18,0.0,0.59018506835,0.295092534175
2.995918367346939,734.0,0.00408163265306,0.2,3.30000603451e-19,0.0,0.590003755882,0.295001877941
3.0000000000000004,735.0,0.00408163265306,0.2,5.1141940636e-19,0.0,0.589798402039,0.2948992010195
3.0040816326530617,736.0,0.00408163265306,0.2,5.71736692844e-19,0.0,0.589569068777,0.2947845343885
3.0081632653061225,737.0,0.00408163265306,0.2,-2.36147657175e-20,0.0,0.589315820106,0.294657910053
3.012244897959184,738.0,0.00408163265306,0.2,-8.06266281343e-19,0.0,0.589038722074,0.294519361037
3.016326530612245,739.0,0.00408163265306,0.2,-1.0694819765e-18,0.0,0.588737842756,0.294368921378
3.0204081632653064,740.0,0.00408163265306,0.2,-9.2233781586e-19,0.0,0.588413252244,0.294206626122
3.0244897959183676,741.0,0.00408163265306,0.2,1.07342028679e-18,0.0,0.588065022633,0.2940325113165
3.028571428571429,742.0,0.00408163265306,0.2,-1.38926141931e-18,0.0,0.587693228008,0.293846614004
3.03265306122449,743.0,0.00408163265306,0.2,-3.26855766159e-20,0.0,0.587297944438,0.293648972219
3.0367346938775515,744.0,0.00408163265306,0.2,-1.81573899274e-18,0.0,0.586879249961,0.2934396249805
3.0408163265306127,745.0,0.00408163265306,0.2,-2.22379225539e-18,0.0,0.586437224574,0.293218612287
3.0448979591836736,746.0,0.00408163265306,0.2,6.53787736333e-19,0.0,0.585971950222,0.292985975111
3.048979591836735,747.0,0.00408163265306,0.2,-7.4442874029e-19,0.0,0.585483510789,0.2927417553945
3.053061224489796,748.0,0.00408163265306,0.2,1.024550663e-18,0.0,0.585466283198,0.292733141599
3.0571428571428574,749.0,0.00408163265306,0.2,-3.08319164004e-19,0.0,0.585436346818,0.292718173409
3.0612244897959187,750.0,0.00408163265306,0.2,-6.20021499945e-19,0.0,0.585382640094,0.292691320047
3.06530612244898,751.0,0.00408163265306,0.2,-1.18916415439e-19,0.0,0.585305207988,0.292652603994
3.069387755102041,752.0,0.00408163265306,0.2,4.81038820623e-19,0.0,0.585204097639,0.2926020488195
3.0734693877551025,753.0,0.00408163265306,0.2,-1.50389283238e-18,0.0,0.585079358352,0.292539679176
3.0775510204081638,754.0,0.00408163265306,0.2,8.49388344049e-20,0.0,0.58493104158,0.29246552079
3.0816326530612246,755.0,0.00408163265306,0.2,-4.56240359045e-19,0.0,0.584759200912,0.292379600456
3.085714285714286,756.0,0.00408163265306,0.2,9.58284487417e-19,0.0,0.584563892062,0.292281946031
3.089795918367347,757.0,0.00408163265306,0.2,2.15342604278e-19,0.0,0.584345172848,0.292172586424
3.0938775510204084,758.0,0.00408163265306,0.2,2.04967187382e-18,0.0,0.584103103187,0.2920515515935
3.0979591836734697,759.0,0.00408163265306,0.2,8.33096711692e-19,0.0,0.583837745074,0.291918872537
3.102040816326531,760.0,0.00408163265306,0.2,-4.81271464767e-19,0.0,0.583549162576,0.291774581288
3.106122448979592,761.0,0.00408163265306,0.2,-1.87031636955e-19,0.0,0.583237421813,0.2916187109065
3.1102040816326535,762.0,0.00408163265306,0.2,1.14547443899e-18,0.0,0.58290259095,0.291451295475
3.1142857142857148,763.0,0.00408163265306,0.2,-1.24167999032e-18,0.0,0.582544740181,0.2912723700905
3.1183673469387756,764.0,0.00408163265306,0.2,-1.45370985257e-18,0.0,0.582163941719,0.2910819708595
3.122448979591837,765.0,0.00408163265306,0.2,-3.88484767225e-19,0.0,0.58176026978,0.29088013489
3.126530612244898,766.0,0.00408163265306,0.2,7.61010919837e-19,0.0,0.581333800576,0.290666900288
3.1306122448979594,767.0,0.00408163265306,0.2,5.40191849991e-19,0.0,0.580884612299,0.2904423061495
3.1346938775510207,768.0,0.00408163265306,0.2,-8.58484332257e-19,0.0,0.580412785109,0.2902063925545
3.138775510204082,769.0,0.00408163265306,0.2,-8.37577303501e-20,0.0,0.579920407632,0.289960203816
3.1428571428571432,770.0,0.00408163265306,0.2,4.1325458727e-20,0.0,0.579900651176,0.289950325588
3.1469387755102045,771.0,0.00408163265306,0.2,1.68028080035e-18,0.0,0.579857573656,0.289928786828
3.151020408163266,772.0,0.00408163265306,0.2,2.25434569643e-20,0.0,0.579791215587,0.2898956077935
3.1551020408163266,773.0,0.00408163265306,0.2,-1.81479859178e-19,0.0,0.579701619726,0.289850809863
3.159183673469388,774.0,0.00408163265306,0.2,-6.70303017648e-19,0.0,0.57958883105,0.289794415525
3.163265306122449,775.0,0.00408163265306,0.2,3.0197861943e-19,0.0,0.57945289675,0.289726448375
3.1673469387755104,776.0,0.00408163265306,0.2,1.42480371587e-18,0.0,0.579293866208,0.289646933104
3.1714285714285717,777.0,0.00408163265306,0.2,-6.02299362116e-19,0.0,0.579111790992,0.289555895496
3.175510204081633,778.0,0.00408163265306,0.2,1.90878336996e-19,0.0,0.578906724833,0.2894533624165
3.1795918367346943,779.0,0.00408163265306,0.2,-7.56868606125e-19,0.0,0.578678723616,0.289339361808
3.1836734693877555,780.0,0.00408163265306,0.2,1.95207867531e-18,0.0,0.578427845366,0.289213922683
3.187755102040817,781.0,0.00408163265306,0.2,1.14991422753e-18,0.0,0.578154150231,0.2890770751155
3.1918367346938776,782.0,0.00408163265306,0.2,-9.63483860405e-19,0.0,0.577857700472,0.288928850236
3.195918367346939,783.0,0.00408163265306,0.2,-1.93432670728e-19,0.0,0.577538560445,0.2887692802225
3.2,784.0,0.00408163265306,0.2,3.21458722855e-19,0.0,0.577196796594,0.288598398297
3.2040816326530615,785.0,0.00408163265306,0.2,1.36938943907e-18,0.0,0.576832477428,0.288416238714
3.2081632653061227,786.0,0.00408163265306,0.2,7.75814764465e-19,0.0,0.576445673517,0.2882228367585
3.212244897959184,787.0,0.00408163265306,0.2,4.85085801366e-19,0.0,0.576036457473,0.2880182287365
3.2163265306122453,788.0,0.00408163265306,0.2,8.37199837723e-19,0.0,0.575604903936,0.287802451968
3.2204081632653065,789.0,0.00408163265306,0.2,-1.61384054203e-18,0.0,0.575151089565,0.2875755447825
3.224489795918368,790.0,0.00408163265306,0.2,2.29054107793e-18,0.0,0.574675093019,0.2873375465095
3.2285714285714286,791.0,0.00408163265306,0.2,1.57059264447e-19,0.0,0.574176994951,0.2870884974755
3.23265306122449,792.0,0.00408163265306,0.2,-2.24541134448e-18,0.0,0.573656877985,0.2868284389925
3.236734693877551,793.0,0.00408163265306,0.2,-4.92717369698e-19,0.0,0.573483255426,0.286741627713
3.2408163265306125,794.0,0.00408163265306,0.2,1.03750617255e-18,0.0,0.573401691664,0.286700845832
3.2448979591836737,795.0,0.00408163265306,0.2,9.84312462099e-19,0.0,0.573297245912,0.286648622956
3.248979591836735,796.0,0.00408163265306,0.2,1.23739374718e-18,0.0,0.573169961889,0.2865849809445
3.2530612244897963,797.0,0.00408163265306,0.2,1.25471459902e-18,0.0,0.573019885578,0.286509942789
3.2571428571428576,798.0,0.00408163265306,0.2,-1.53134726711e-18,0.0,0.572847065215,0.2864235326075
3.261224489795919,799.0,0.00408163265306,0.2,7.19406630158e-19,0.0,0.572651551272,0.286325775636
3.2653061224489797,800.0,0.00408163265306,0.2,-2.20762790545e-18,0.0,0.572433396445,0.2862166982225
3.269387755102041,801.0,0.00408163265306,0.2,-1.89118613641e-19,0.0,0.572192655636,0.286096327818
3.273469387755102,802.0,0.00408163265306,0.2,3.87238399912e-19,0.0,0.571929385939,0.2859646929695
3.2775510204081635,803.0,0.00408163265306,0.2,1.69957398681e-18,0.0,0.571643646629,0.2858218233145
3.2816326530612248,804.0,0.00408163265306,0.2,-1.0091994316e-18,0.0,0.571335499142,0.285667749571
3.285714285714286,805.0,0.00408163265306,0.2,3.47095242067e-18,0.0,0.571005007067,0.2855025035335
3.2897959183673473,806.0,0.00408163265306,0.2,-8.27755709874e-19,0.0,0.570652236124,0.285326118062
3.2938775510204086,807.0,0.00408163265306,0.2,3.12778909893e-19,0.0,0.570277254156,0.285138627078
3.29795918367347,808.0,0.00408163265306,0.2,-3.2916866655e-19,0.0,0.569880131111,0.2849400655555
3.302040816326531,809.0,0.00408163265306,0.2,3.77710871578e-18,0.0,0.569460939027,0.2847304695135
3.306122448979592,810.0,0.00408163265306,0.2,-2.27472745257e-18,0.0,0.56901975202,0.28450987601
3.3102040816326532,811.0,0.00408163265306,0.2,-3.65530678417e-18,0.0,0.568556646267,0.2842783231335
3.3142857142857145,812.0,0.00408163265306,0.2,-2.14778107794e-18,0.0,0.568071699994,0.284035849997
3.3183673469387758,813.0,0.00408163265306,0.2,1.60533629815e-19,0.0,0.567564993458,0.283782496729
3.322448979591837,814.0,0.00408163265306,0.2,2.08542339538e-19,0.0,0.567036608934,0.283518304467
3.3265306122448983,815.0,0.00408163265306,0.2,1.82853028108e-18,0.0,0.566486630702,0.283243315351
3.3306122448979596,816.0,0.00408163265306,0.2,8.86686925995e-19,0.0,0.566352443121,0.2831762215605
3.334693877551021,817.0,0.00408163265306,0.2,1.5311044896e-18,0.0,0.566313035634,0.283156517817
3.338775510204082,818.0,0.00408163265306,0.2,2.69844720583e-19,0.0,0.566252677834,0.283126338917
3.342857142857143,819.0,0.00408163265306,0.2,-8.65840707938e-20,0.0,0.566171399984,0.283085699992
3.3469387755102042,820.0,0.00408163265306,0.2,-1.53161033639e-18,0.0,0.566069234386,0.283034617193
3.3510204081632655,821.0,0.00408163265306,0.2,5.56584191588e-19,0.0,0.565946215362,0.282973107681
3.355102040816327,822.0,0.00408163265306,0.2,1.24161694365e-18,0.0,0.565802379246,0.282901189623
3.359183673469388,823.0,0.00408163265306,0.2,2.19559790761e-19,0.0,0.565637764371,0.2828188821855
3.3632653061224493,824.0,0.00408163265306,0.2,-5.13426043128e-19,0.0,0.565452411056,0.282726205528
3.3673469387755106,825.0,0.00408163265306,0.2,1.96818282201e-18,0.0,0.565246361596,0.282623180798
3.371428571428572,826.0,0.00408163265306,0.2,-2.6643673646e-18,0.0,0.565019660252,0.282509830126
3.375510204081633,827.0,0.00408163265306,0.2,-3.77543822453e-18,0.0,0.564772353233,0.2823861766165
3.379591836734694,828.0,0.00408163265306,0.2,5.40151007949e-19,0.0,0.564504488688,0.282252244344
3.3836734693877553,829.0,0.00408163265306,0.2,-1.90846283748e-18,0.0,0.564216116695,0.2821080583475
3.3877551020408165,830.0,0.00408163265306,0.2,1.04538773037e-18,0.0,0.563907289246,0.281953644623
3.391836734693878,831.0,0.00408163265306,0.2,-1.8340655928e-18,0.0,0.563578060237,0.2817890301185
3.395918367346939,832.0,0.00408163265306,0.2,-1.85340634214e-18,0.0,0.563228485455,0.2816142427275
3.4000000000000004,833.0,0.00408163265306,0.2,3.7316859536e-18,0.0,0.562858622566,0.281429311283
3.4040816326530616,834.0,0.00408163265306,0.2,-3.01922991533e-20,0.0,0.562468531104,0.281234265552
3.408163265306123,835.0,0.00408163265306,0.2,1.08498261739e-18,0.0,0.562058272457,0.2810291362285
3.412244897959184,836.0,0.00408163265306,0.2,-2.43892921481e-18,0.0,0.561627909854,0.280813954927
3.416326530612245,837.0,0.00408163265306,0.2,-1.26681573439e-18,0.0,0.561177508356,0.280588754178
3.4204081632653063,838.0,0.00408163265306,0.2,-1.01993437479e-19,0.0,0.560707134841,0.2803535674205
3.4244897959183676,839.0,0.00408163265306,0.2,-5.13443000331e-19,0.0,0.560517496308,0.280258748154
3.428571428571429,840.0,0.00408163265306,0.2,-2.97326374719e-19,0.0,0.560453811291,0.2802269056455
3.43265306122449,841.0,0.00408163265306,0.2,-1.15104146791e-18,0.0,0.560369165614,0.280184582807
3.4367346938775514,842.0,0.00408163265306,0.2,2.36667684946e-18,0.0,0.560263590678,0.280131795339
3.4408163265306126,843.0,0.00408163265306,0.2,-2.29488770526e-18,0.0,0.560137120006,0.280068560003
3.444897959183674,844.0,0.00408163265306,0.2,-2.89459675128e-18,0.0,0.559989789233,0.2799948946165
3.448979591836735,845.0,0.00408163265306,0.2,-3.52548492294e-18,0.0,0.55982163609,0.279910818045
3.453061224489796,846.0,0.00408163265306,0.2,1.45460124308e-19,0.0,0.559632700395,0.2798163501975
3.4571428571428573,847.0,0.00408163265306,0.2,-1.11841232052e-18,0.0,0.559423024038,0.279711512019
3.4612244897959186,848.0,0.00408163265306,0.2,-2.41579173231e-18,0.0,0.559192650968,0.279596325484
3.46530612244898,849.0,0.00408163265306,0.2,2.94740706352e-18,0.0,0.558941627182,0.279470813591
3.469387755102041,850.0,0.00408163265306,0.2,1.12400982587e-18,0.0,0.558670000711,0.2793350003555
3.4734693877551024,851.0,0.00408163265306,0.2,1.37761512988e-18,0.0,0.558377821607,0.2791889108035
3.4775510204081637,852.0,0.00408163265306,0.2,8.35618268391e-19,0.0,0.55806514193,0.279032570965
3.481632653061225,853.0,0.00408163265306,0.2,1.34606232541e-18,0.0,0.557732015737,0.2788660078685
3.485714285714286,854.0,0.00408163265306,0.2,-2.82427068279e-18,0.0,0.557378499065,0.2786892495325
3.489795918367347,855.0,0.00408163265306,0.2,-3.00903447484e-18,0.0,0.55700464992,0.27850232496
3.4938775510204083,856.0,0.00408163265306,0.2,3.26852974425e-19,0.0,0.556610528264,0.278305264132
3.4979591836734696,857.0,0.00408163265306,0.2,-5.21524968505e-19,0.0,0.556196196002,0.278098098001
3.502040816326531,858.0,0.00408163265306,0.2,-6.17964715352e-19,0.0,0.555761716965,0.2778808584825
3.506122448979592,859.0,0.00408163265306,0.2,2.55370817623e-18,0.0,0.555307156901,0.2776535784505
3.5102040816326534,860.0,0.00408163265306,0.2,-6.72089805319e-19,0.0,0.554832583459,0.2774162917295
3.5142857142857147,861.0,0.00408163265306,0.2,1.13247643303e-19,0.0,0.554338066173,0.2771690330865
3.518367346938776,862.0,0.00408163265306,0.2,8.93919612325e-19,0.0,0.553823676454,0.276911838227
3.5224489795918372,863.0,0.00408163265306,0.2,-4.4030704065e-18,0.0,0.55328948757,0.276644743785
3.5265306122448985,864.0,0.00408163265306,0.2,8.36644179146e-19,0.0,0.552998234988,0.276499117494
3.5306122448979593,865.0,0.00408163265306,0.2,9.63324408417e-19,0.0,0.552843549367,0.2764217746835
3.5346938775510206,866.0,0.00408163265306,0.2,-1.24909049464e-18,0.0,0.552667902918,0.276333951459
3.538775510204082,867.0,0.00408163265306,0.2,-6.10657608616e-19,0.0,0.552471336163,0.2762356680815
3.542857142857143,868.0,0.00408163265306,0.2,1.86396941271e-18,0.0,0.552253891803,0.2761269459015
3.5469387755102044,869.0,0.00408163265306,0.2,7.25185546562e-19,0.0,0.552015614703,0.2760078073515
3.5510204081632657,870.0,0.00408163265306,0.2,-6.89974923578e-19,0.0,0.551756551884,0.275878275942
3.555102040816327,871.0,0.00408163265306,0.2,6.82607225862e-19,0.0,0.551476752506,0.275738376253
3.5591836734693882,872.0,0.00408163265306,0.2,-1.19834921961e-19,0.0,0.551176267852,0.275588133926
3.5632653061224495,873.0,0.00408163265306,0.2,9.32849213494e-19,0.0,0.550855151318,0.275427575659
3.5673469387755103,874.0,0.00408163265306,0.2,-1.84901440083e-18,0.0,0.550513458395,0.2752567291975
3.5714285714285716,875.0,0.00408163265306,0.2,3.48667133385e-18,0.0,0.550151246657,0.2750756233285
3.575510204081633,876.0,0.00408163265306,0.2,-2.42062037329e-18,0.0,0.549768575747,0.2748842878735
3.579591836734694,877.0,0.00408163265306,0.2,2.44513948006e-18,0.0,0.549365507359,0.2746827536795
3.5836734693877554,878.0,0.00408163265306,0.2,-1.70211849777e-18,0.0,0.548942105227,0.2744710526135
3.5877551020408167,879.0,0.00408163265306,0.2,-1.90888552677e-18,0.0,0.548498435108,0.274249217554
3.591836734693878,880.0,0.00408163265306,0.2,3.17174134077e-20,0.0,0.548034564769,0.2740172823845
3.5959183673469393,881.0,0.00408163265306,0.2,2.85892042562e-18,0.0,0.547550563967,0.2737752819835
3.6000000000000005,882.0,0.00408163265306,0.2,2.81061455126e-18,0.0,0.547046504442,0.273523252221
3.6040816326530614,883.0,0.00408163265306,0.2,-5.54577906371e-18,0.0,0.546522459892,0.273261229946
3.6081632653061226,884.0,0.00408163265306,0.2,-1.34393585085e-18,0.0,0.545978505967,0.2729892529835
3.612244897959184,885.0,0.00408163265306,0.2,1.35694585092e-20,0.0,0.545414720244,0.272707360122
3.616326530612245,886.0,0.00408163265306,0.2,4.51814322383e-18,0.0,0.544959656127,0.2724798280635
3.6204081632653065,887.0,0.00408163265306,0.2,3.28606659362e-18,0.0,0.544558253452,0.272279126726
3.6244897959183677,888.0,0.00408163265306,0.2,1.08989689741e-18,0.0,0.544477662924,0.272238831462
3.628571428571429,889.0,0.00408163265306,0.2,-4.65024396765e-20,0.0,0.54443047026,0.27221523513
3.6326530612244903,890.0,0.00408163265306,0.2,-1.94609541944e-18,0.0,0.544363465206,0.272181732603
3.6367346938775515,891.0,0.00408163265306,0.2,7.6865779101e-18,0.0,0.544276671403,0.2721383357015
3.6408163265306124,892.0,0.00408163265306,0.2,-2.66161305995e-18,0.0,0.544170114584,0.272085057292
3.6448979591836737,893.0,0.00408163265306,0.2,3.52096748282e-18,0.0,0.544043822555,0.2720219112775
3.648979591836735,894.0,0.00408163265306,0.2,-1.67186023096e-18,0.0,0.54389782519,0.271948912595
3.653061224489796,895.0,0.00408163265306,0.2,-6.20013228139e-21,0.0,0.543732154419,0.2718660772095
3.6571428571428575,896.0,0.00408163265306,0.2,-6.34007053567e-18,0.0,0.543546844211,0.2717734221055
3.6612244897959187,897.0,0.00408163265306,0.2,-1.73422675402e-18,0.0,0.543341930568,0.271670965284
3.66530612244898,898.0,0.00408163265306,0.2,-3.3652850605e-18,0.0,0.543117451511,0.2715587257555
3.6693877551020413,899.0,0.00408163265306,0.2,3.62518210704e-18,0.0,0.542873447067,0.2714367235335
3.6734693877551026,900.0,0.00408163265306,0.2,-5.93224280898e-18,0.0,0.542609959257,0.2713049796285
3.6775510204081634,901.0,0.00408163265306,0.2,8.75124414447e-19,0.0,0.542327032083,0.2711635160415
3.6816326530612247,902.0,0.00408163265306,0.2,-2.52703387622e-18,0.0,0.542024711519,0.2710123557595
3.685714285714286,903.0,0.00408163265306,0.2,2.8984251241e-18,0.0,0.541703045494,0.270851522747
3.689795918367347,904.0,0.00408163265306,0.2,4.21105591108e-18,0.0,0.541362083881,0.2706810419405
3.6938775510204085,905.0,0.00408163265306,0.2,4.88859585436e-18,0.0,0.541001878485,0.2705009392425
3.6979591836734698,906.0,0.00408163265306,0.2,-3.66545897863e-18,0.0,0.540622483025,0.2703112415125
3.702040816326531,907.0,0.00408163265306,0.2,-1.5214577025e-18,0.0,0.540223953131,0.2701119765655
3.7061224489795923,908.0,0.00408163265306,0.2,2.74793328598e-19,0.0,0.539806346317,0.2699031731585
3.7102040816326536,909.0,0.00408163265306,0.2,-8.19232001402e-19,0.0,0.539369721981,0.2696848609905
3.7142857142857144,910.0,0.00408163265306,0.2,-7.73861354184e-18,0.0,0.53891414138,0.26945707069
3.7183673469387757,911.0,0.00408163265306,0.2,-1.63656898372e-18,0.0,0.538439667624,0.269219833812
3.722448979591837,912.0,0.00408163265306,0.2,3.66295220778e-18,0.0,0.537946365659,0.2689731828295
3.7265306122448982,913.0,0.00408163265306,0.2,6.67848958886e-18,0.0,0.537434302253,0.2687171511265
3.7306122448979595,914.0,0.00408163265306,0.2,-3.2246244449e-18,0.0,0.53690354598,0.26845177299
3.734693877551021,915.0,0.00408163265306,0.2,8.32093651801e-19,0.0,0.53635416721,0.268177083605
3.738775510204082,916.0,0.00408163265306,0.2,7.75064304854e-18,0.0,0.536014507736,0.268007253868
3.7428571428571433,917.0,0.00408163265306,0.2,-2.4047885758e-18,0.0,0.535782660837,0.2678913304185
3.7469387755102046,918.0,0.00408163265306,0.2,-6.64021304678e-19,0.0,0.535530879265,0.2677654396325
3.7510204081632654,919.0,0.00408163265306,0.2,4.11657722852e-18,0.0,0.535259207718,0.267629603859
3.7551020408163267,920.0,0.00408163265306,0.2,5.33001396401e-18,0.0,0.534967693011,0.2674838465055
3.759183673469388,921.0,0.00408163265306,0.2,4.36873827518e-18,0.0,0.534656384063,0.2673281920315
3.7632653061224492,922.0,0.00408163265306,0.2,-4.78766968667e-18,0.0,0.534325331884,0.267162665942
3.7673469387755105,923.0,0.00408163265306,0.2,-1.65100245823e-18,0.0,0.533974589559,0.2669872947795
3.771428571428572,924.0,0.00408163265306,0.2,4.59263621466e-18,0.0,0.533604212232,0.266802106116
3.775510204081633,925.0,0.00408163265306,0.2,6.81942255367e-18,0.0,0.533214257095,0.2666071285475
3.7795918367346943,926.0,0.00408163265306,0.2,-6.61113764825e-18,0.0,0.532804783372,0.266402391686
3.7836734693877556,927.0,0.00408163265306,0.2,-2.74785056792e-18,0.0,0.532533561087,0.2662667805435
3.7877551020408164,928.0,0.00408163265306,0.2,5.66561685496e-18,0.0,0.532342713195,0.2661713565975
3.7918367346938777,929.0,0.00408163265306,0.2,3.87295806247e-18,0.0,0.532133301793,0.2660666508965
3.795918367346939,930.0,0.00408163265306,0.2,1.98493030843e-18,0.0,0.531905361754,0.265952680877
3.8000000000000003,931.0,0.00408163265306,0.2,-3.11381761771e-18,0.0,0.531658929851,0.2658294649255
3.8040816326530615,932.0,0.00408163265306,0.2,2.9864768718e-18,0.0,0.531394044738,0.265697022369
3.808163265306123,933.0,0.00408163265306,0.2,3.28106856156e-18,0.0,0.531110746943,0.2655553734715
3.812244897959184,934.0,0.00408163265306,0.2,1.40393104096e-18,0.0,0.530809078856,0.265404539428
3.8163265306122454,935.0,0.00408163265306,0.2,3.31107164315e-19,0.0,0.530489084716,0.265244542358
3.8204081632653066,936.0,0.00408163265306,0.2,-6.99531837503e-18,0.0,0.5301508106,0.2650754053
3.824489795918368,937.0,0.00408163265306,0.2,2.91348644162e-18,0.0,0.529794304409,0.2648971522045
3.8285714285714287,938.0,0.00408163265306,0.2,9.05251573127e-19,0.0,0.52941961586,0.26470980793
3.83265306122449,939.0,0.00408163265306,0.2,8.76654297915e-19,0.0,0.529026796467,0.2645133982335
3.8367346938775513,940.0,0.00408163265306,0.2,6.59497950217e-18,0.0,0.528615899536,0.264307949768
3.8408163265306126,941.0,0.00408163265306,0.2,6.07372822705e-18,0.0,0.528186980145,0.2640934900725
3.844897959183674,942.0,0.00408163265306,0.2,-1.19860373274e-18,0.0,0.527740095136,0.263870047568
3.848979591836735,943.0,0.00408163265306,0.2,9.76794424307e-19,0.0,0.527330222457,0.2636651112285
3.8530612244897964,944.0,0.00408163265306,0.2,2.93574672494e-18,0.0,0.527165224833,0.2635826124165
3.8571428571428577,945.0,0.00408163265306,0.2,-2.27479962408e-18,0.0,0.526981000079,0.2634905000395
3.861224489795919,946.0,0.00408163265306,0.2,1.28596724032e-18,0.0,0.526777582708,0.263388791354
3.8653061224489798,947.0,0.00408163265306,0.2,-5.22599145249e-18,0.0,0.526555009305,0.2632775046525
3.869387755102041,948.0,0.00408163265306,0.2,-1.45049346416e-18,0.0,0.52631331852,0.26315665926
3.8734693877551023,949.0,0.00408163265306,0.2,-1.40718890473e-18,0.0,0.526052551052,0.263026275526
3.8775510204081636,950.0,0.00408163265306,0.2,8.45853801291e-19,0.0,0.525772749637,0.2628863748185
3.881632653061225,951.0,0.00408163265306,0.2,-4.20068495321e-18,0.0,0.525473959037,0.2627369795185
3.885714285714286,952.0,0.00408163265306,0.2,1.76934842924e-18,0.0,0.52515622602,0.26257811301
3.8897959183673474,953.0,0.00408163265306,0.2,-1.78073581114e-18,0.0,0.524819599354,0.262409799677
3.8938775510204087,954.0,0.00408163265306,0.2,7.06950075955e-18,0.0,0.524464129792,0.262232064896
3.89795918367347,955.0,0.00408163265306,0.2,-5.62733576339e-18,0.0,0.524089870052,0.262044935026
3.9020408163265308,956.0,0.00408163265306,0.2,3.14297696861e-18,0.0,0.52369687481,0.261848437405
3.906122448979592,957.0,0.00408163265306,0.2,2.53456825083e-18,0.0,0.523285200684,0.261642600342
3.9102040816326533,958.0,0.00408163265306,0.2,-2.20259833713e-18,0.0,0.522854906215,0.2614274531075
3.9142857142857146,959.0,0.00408163265306,0.2,-1.69198967117e-19,0.0,0.52240605186,0.26120302593
3.918367346938776,960.0,0.00408163265306,0.2,3.04466979691e-18,0.0,0.521938699972,0.260969349986
3.922448979591837,961.0,0.00408163265306,0.2,-3.53876189555e-19,0.0,0.521452914783,0.2607264573915
3.9265306122448984,962.0,0.00408163265306,0.2,1.3243500751e-18,0.0,0.521020109697,0.2605100548485
3.9306122448979597,963.0,0.00408163265306,0.2,-9.06345933077e-19,0.0,0.520791543428,0.260395771714
3.934693877551021,964.0,0.00408163265306,0.2,1.22107238802e-18,0.0,0.520545208943,0.2602726044715
3.938775510204082,965.0,0.00408163265306,0.2,-2.59232365556e-18,0.0,0.520281142958,0.260140571479
3.942857142857143,966.0,0.00408163265306,0.2,-2.30733739386e-18,0.0,0.519999383999,0.2599996919995
3.9469387755102043,967.0,0.00408163265306,0.2,-4.74563712423e-18,0.0,0.519699972392,0.259849986196
3.9510204081632656,968.0,0.00408163265306,0.2,2.8961661197e-21,0.0,0.519382950252,0.259691475126
3.955102040816327,969.0,0.00408163265306,0.2,-8.34557406025e-19,0.0,0.519048361469,0.2595241807345
3.959183673469388,970.0,0.00408163265306,0.2,-7.45745673864e-18,0.0,0.518696251699,0.2593481258495
3.9632653061224494,971.0,0.00408163265306,0.2,2.91317708577e-18,0.0,0.51832666835,0.259163334175
3.9673469387755107,972.0,0.00408163265306,0.2,1.73311957277e-18,0.0,0.51793966057,0.258969830285
3.971428571428572,973.0,0.00408163265306,0.2,1.7626772176e-18,0.0,0.517535279239,0.2587676396195
3.975510204081633,974.0,0.00408163265306,0.2,-4.01088112383e-18,0.0,0.517239711773,0.2586198558865
3.979591836734694,975.0,0.00408163265306,0.2,4.58182537764e-18,0.0,0.517072925321,0.2585364626605
3.9836734693877554,976.0,0.00408163265306,0.2,2.13600616192e-18,0.0,0.516887507713,0.2584437538565
3.9877551020408166,977.0,0.00408163265306,0.2,-2.75860184793e-18,0.0,0.516683492159,0.2583417460795
3.991836734693878,978.0,0.00408163265306,0.2,9.00401813196e-19,0.0,0.516460913894,0.258230456947
3.995918367346939,979.0,0.00408163265306,0.2,5.02433639968e-19,0.0,0.516219810169,0.2581099050845
4.0,980.0,0.00408163265306,0.2,4.67328014638e-18,0.0,0.515960220239,0.2579801101195
4.004081632653062,981.0,0.00408163265306,0.2,4.3787955765e-18,0.0,0.515682185346,0.257841092673
4.0081632653061225,982.0,0.00408163265306,0.2,7.15809014879e-19,0.0,0.515385748713,0.2576928743565
4.012244897959184,983.0,0.00408163265306,0.2,3.0426357921e-18,0.0,0.515070955525,0.2575354777625
4.016326530612245,984.0,0.00408163265306,0.2,-5.58031592224e-18,0.0,0.514737852917,0.2573689264585
4.020408163265307,985.0,0.00408163265306,0.2,-5.98040829528e-19,0.0,0.514386489963,0.2571932449815
4.024489795918368,986.0,0.00408163265306,0.2,3.89606287134e-18,0.0,0.51401691766,0.25700845883
4.028571428571429,987.0,0.00408163265306,0.2,-9.4912978231e-19,0.0,0.513629188915,0.2568145944575
4.03265306122449,988.0,0.00408163265306,0.2,-1.05279743335e-18,0.0,0.513223358528,0.256611679264
4.036734693877551,989.0,0.00408163265306,0.2,-1.41970247688e-19,0.0,0.512799483185,0.2563997415925
4.040816326530613,990.0,0.00408163265306,0.2,1.53842689917e-18,0.0,0.512357621434,0.256178810717
4.044897959183674,991.0,0.00408163265306,0.2,2.33094119943e-18,0.0,0.511897833678,0.255948916839
4.048979591836735,992.0,0.00408163265306,0.2,-2.54401878933e-19,0.0,0.511660400096,0.255830200048
4.053061224489796,993.0,0.00408163265306,0.2,-1.59386785255e-18,0.0,0.511482619213,0.2557413096065
4.057142857142858,994.0,0.00408163265306,0.2,6.87908378254e-18,0.0,0.511287404067,0.2556437020335
4.061224489795919,995.0,0.00408163265306,0.2,-1.56755854599e-18,0.0,0.511074785449,0.2555373927245
4.06530612244898,996.0,0.00408163265306,0.2,1.06470635263e-18,0.0,0.510844795975,0.2554223979875
4.069387755102041,997.0,0.00408163265306,0.2,-2.7342198722e-18,0.0,0.510597470071,0.2552987350355
4.073469387755102,998.0,0.00408163265306,0.2,2.6196024178e-18,0.0,0.510332843966,0.255166421983
4.077551020408164,999.0,0.00408163265306,0.2,-3.44551827119e-18,0.0,0.510050955678,0.255025477839
4.081632653061225,1000.0,0.00408163265306,0.2,3.8310373762e-19,0.0,0.509751845004,0.254875922502
4.085714285714286,1001.0,0.00408163265306,0.2,-1.45932361396e-18,0.0,0.509435553509,0.2547177767545
4.089795918367347,1002.0,0.00408163265306,0.2,2.11359535758e-18,0.0,0.509102124511,0.2545510622555
4.093877551020409,1003.0,0.00408163265306,0.2,-5.08347071449e-18,0.0,0.508751603076,0.254375801538
4.09795918367347,1004.0,0.00408163265306,0.2,1.22184750796e-18,0.0,0.508384035997,0.2541920179985
4.102040816326531,1005.0,0.00408163265306,0.2,-7.17532032095e-19,0.0,0.50799947179,0.253999735895
4.106122448979592,1006.0,0.00408163265306,0.2,1.14714255209e-18,0.0,0.507597960676,0.253798980338
4.110204081632653,1007.0,0.00408163265306,0.2,2.07932629878e-18,0.0,0.50717955457,0.253589777285
4.114285714285715,1008.0,0.00408163265306,0.2,6.61511970218e-18,0.0,0.50674430707,0.253372153535
4.118367346938776,1009.0,0.00408163265306,0.2,2.41111568031e-18,0.0,0.506292273442,0.253146136721
4.122448979591837,1010.0,0.00408163265306,0.2,-3.6717958025e-19,0.0,0.505823510607,0.2529117553035
4.126530612244898,1011.0,0.00408163265306,0.2,-8.66633095266e-19,0.0,0.505458949823,0.2527294749115
4.13061224489796,1012.0,0.00408163265306,0.2,-2.59132690938e-18,0.0,0.505174270632,0.252587135316
4.134693877551021,1013.0,0.00408163265306,0.2,1.52114792336e-18,0.0,0.504871581634,0.252435790817
4.138775510204082,1014.0,0.00408163265306,0.2,-6.71920465938e-19,0.0,0.504550928608,0.252275464304
4.142857142857143,1015.0,0.00408163265306,0.2,-2.2908626444e-18,0.0,0.504212359265,0.2521061796325
4.146938775510204,1016.0,0.00408163265306,0.2,-6.5170830767e-19,0.0,0.503855923236,0.251927961618
4.151020408163266,1017.0,0.00408163265306,0.2,1.21274024941e-18,0.0,0.503481672055,0.2517408360275
4.155102040816327,1018.0,0.00408163265306,0.2,-1.46307906887e-18,0.0,0.503385878005,0.2516929390025
4.159183673469388,1019.0,0.00408163265306,0.2,-2.30194603742e-18,0.0,0.503307554475,0.2516537772375
4.163265306122449,1020.0,0.00408163265306,0.2,2.1710612491e-18,0.0,0.503211839805,0.2516059199025
4.167346938775511,1021.0,0.00408163265306,0.2,-4.52443930906e-18,0.0,0.503098754327,0.2515493771635
4.171428571428572,1022.0,0.00408163265306,0.2,-3.20751276636e-18,0.0,0.502968320273,0.2514841601365
4.175510204081633,1023.0,0.00408163265306,0.2,-2.63255585939e-18,0.0,0.502820561764,0.251410280882
4.179591836734694,1024.0,0.00408163265306,0.2,-2.03409399494e-18,0.0,0.502655504804,0.251327752402
4.183673469387755,1025.0,0.00408163265306,0.2,-3.52531721207e-18,0.0,0.502473177266,0.251236588633
4.187755102040817,1026.0,0.00408163265306,0.2,2.24510880317e-18,0.0,0.50227360888,0.25113680444
4.191836734693878,1027.0,0.00408163265306,0.2,9.84775062857e-19,0.0,0.502056831228,0.251028415614
4.195918367346939,1028.0,0.00408163265306,0.2,-1.9264879302e-18,0.0,0.501822877728,0.250911438864
4.2,1029.0,0.00408163265306,0.2,-4.70690501243e-18,0.0,0.501571783626,0.250785891813
4.204081632653062,1030.0,0.00408163265306,0.2,2.95489842473e-18,0.0,0.501303585979,0.2506517929895
4.208163265306123,1031.0,0.00408163265306,0.2,-1.44400919533e-18,0.0,0.501018323653,0.2505091618265
4.212244897959184,1032.0,0.00408163265306,0.2,3.30034641933e-18,0.0,0.5007160373,0.25035801865
4.216326530612245,1033.0,0.00408163265306,0.2,7.0613834294e-19,0.0,0.500396769357,0.2501983846785
4.220408163265306,1034.0,0.00408163265306,0.2,-2.82631981596e-18,0.0,0.500060564023,0.2500302820115
4.224489795918368,1035.0,0.00408163265306,0.2,2.61162426079e-19,0.0,0.499707467256,0.249853733628
4.228571428571429,1036.0,0.00408163265306,0.2,-7.13873515643e-19,0.0,0.499337526755,0.2496687633775
4.23265306122449,1037.0,0.00408163265306,0.2,4.29668712151e-18,0.0,0.498950791948,0.249475395974
4.236734693877551,1038.0,0.00408163265306,0.2,1.87596125685e-18,0.0,0.498547313981,0.2492736569905
4.240816326530613,1039.0,0.00408163265306,0.2,3.72904600667e-19,0.0,0.498127145701,0.2490635728505
4.244897959183674,1040.0,0.00408163265306,0.2,3.69850815282e-18,0.0,0.497690341648,0.248845170824
4.2489795918367355,1041.0,0.00408163265306,0.2,1.41259204849e-18,0.0,0.497236958037,0.2486184790185
4.253061224489796,1042.0,0.00408163265306,0.2,3.87569933902e-18,0.0,0.496767052747,0.2483835263735
4.257142857142857,1043.0,0.00408163265306,0.2,-1.35392922663e-19,0.0,0.496280685304,0.248140342652
4.261224489795919,1044.0,0.00408163265306,0.2,-2.54346809383e-18,0.0,0.495870808843,0.2479354044215
4.26530612244898,1045.0,0.00408163265306,0.2,3.5266555903e-18,0.0,0.49569615923,0.247848079615
4.269387755102041,1046.0,0.00408163265306,0.2,-4.92254975735e-19,0.0,0.49550522732,0.24775261366
4.273469387755102,1047.0,0.00408163265306,0.2,3.3183442151e-18,0.0,0.495298041405,0.2476490207025
4.277551020408164,1048.0,0.00408163265306,0.2,2.87206228345e-18,0.0,0.495074631467,0.2475373157335
4.281632653061225,1049.0,0.00408163265306,0.2,-3.56264456439e-18,0.0,0.494835029164,0.247417514582
4.2857142857142865,1050.0,0.00408163265306,0.2,-2.58408224832e-18,0.0,0.494579267824,0.247289633912
4.289795918367347,1051.0,0.00408163265306,0.2,1.72878597354e-18,0.0,0.494307382431,0.2471536912155
4.293877551020408,1052.0,0.00408163265306,0.2,-1.88875608656e-18,0.0,0.494019409616,0.247009704808
4.29795918367347,1053.0,0.00408163265306,0.2,3.65363774049e-18,0.0,0.493715387648,0.246857693824
4.302040816326531,1054.0,0.00408163265306,0.2,3.76390339769e-19,0.0,0.493395356419,0.2466976782095
4.306122448979592,1055.0,0.00408163265306,0.2,-1.05567271316e-18,0.0,0.493062403561,0.2465312017805
4.310204081632653,1056.0,0.00408163265306,0.2,-4.2302016526e-21,0.0,0.492859539936,0.246429769968
4.314285714285715,1057.0,0.00408163265306,0.2,4.73954390504e-18,0.0,0.492639498038,0.246319749019
4.318367346938776,1058.0,0.00408163265306,0.2,1.97205482861e-18,0.0,0.49240231276,0.24620115638
4.3224489795918375,1059.0,0.00408163265306,0.2,-2.45581238471e-18,0.0,0.492148020868,0.246074010434
4.326530612244898,1060.0,0.00408163265306,0.2,1.70532713137e-18,0.0,0.491876660979,0.2459383304895
4.330612244897959,1061.0,0.00408163265306,0.2,-3.10152776884e-18,0.0,0.49158827356,0.24579413678
4.334693877551021,1062.0,0.00408163265306,0.2,-3.64285378685e-18,0.0,0.491282900904,0.245641450452
4.338775510204082,1063.0,0.00408163265306,0.2,3.51265638561e-18,0.0,0.490960587127,0.2454802935635
4.342857142857143,1064.0,0.00408163265306,0.2,1.11669956551e-18,0.0,0.490621378148,0.245310689074
4.346938775510204,1065.0,0.00408163265306,0.2,-2.03089637318e-18,0.0,0.490265321681,0.2451326608405
4.351020408163266,1066.0,0.00408163265306,0.2,4.58551543036e-18,0.0,0.49009183645,0.245045918225
4.355102040816327,1067.0,0.00408163265306,0.2,4.08803742944e-18,0.0,0.490047726901,0.2450238634505
4.3591836734693885,1068.0,0.00408163265306,0.2,-3.39131395283e-18,0.0,0.4899869829,0.24499349145
4.363265306122449,1069.0,0.00408163265306,0.2,-1.66674168903e-18,0.0,0.48990961984,0.24495480992
4.36734693877551,1070.0,0.00408163265306,0.2,-4.37255778166e-18,0.0,0.489815654954,0.244907827477
4.371428571428572,1071.0,0.00408163265306,0.2,8.12124022889e-18,0.0,0.489705107302,0.244852553651
4.375510204081633,1072.0,0.00408163265306,0.2,1.68966942955e-18,0.0,0.489577997765,0.2447889988825
4.379591836734694,1073.0,0.00408163265306,0.2,2.53710107786e-18,0.0,0.489434349037,0.2447171745185
4.383673469387755,1074.0,0.00408163265306,0.2,-2.08341980884e-18,0.0,0.489274185608,0.244637092804
4.387755102040817,1075.0,0.00408163265306,0.2,-2.49232496412e-18,0.0,0.489097533763,0.2445487668815
4.391836734693878,1076.0,0.00408163265306,0.2,4.18307262361e-18,0.0,0.488904421567,0.2444522107835
4.3959183673469395,1077.0,0.00408163265306,0.2,6.99620263111e-19,0.0,0.488694878855,0.2443474394275
4.4,1078.0,0.00408163265306,0.2,-3.14275072825e-18,0.0,0.488468937222,0.244234468611
4.404081632653061,1079.0,0.00408163265306,0.2,-4.94051487949e-18,0.0,0.488226630011,0.2441133150055
4.408163265306123,1080.0,0.00408163265306,0.2,-2.40437663986e-18,0.0,0.487967992306,0.243983996153
4.412244897959184,1081.0,0.00408163265306,0.2,1.01854967445e-18,0.0,0.487693060916,0.243846530458
4.4163265306122454,1082.0,0.00408163265306,0.2,-5.74637904765e-18,0.0,0.487401874364,0.243700937182
4.420408163265306,1083.0,0.00408163265306,0.2,-3.74256617039e-18,0.0,0.487094472881,0.2435472364405
4.424489795918368,1084.0,0.00408163265306,0.2,2.40398548682e-18,0.0,0.486770898386,0.243385449193
4.428571428571429,1085.0,0.00408163265306,0.2,2.26729875029e-18,0.0,0.48643119448,0.24321559724
4.4326530612244905,1086.0,0.00408163265306,0.2,9.34919232977e-19,0.0,0.486075406432,0.243037703216
4.436734693877551,1087.0,0.00408163265306,0.2,2.24338082287e-18,0.0,0.485703581166,0.242851790583
4.440816326530612,1088.0,0.00408163265306,0.2,-2.07914328507e-19,0.0,0.48531576725,0.242657883625
4.444897959183674,1089.0,0.00408163265306,0.2,2.64612596414e-19,0.0,0.485167938253,0.2425839691265
4.448979591836735,1090.0,0.00408163265306,0.2,3.98425769543e-18,0.0,0.485097587199,0.2425487935995
4.4530612244897965,1091.0,0.00408163265306,0.2,-3.27647471063e-18,0.0,0.485011327848,0.242505663924
4.457142857142857,1092.0,0.00408163265306,0.2,-6.36613088672e-18,0.0,0.484909176863,0.2424545884315
4.461224489795919,1093.0,0.00408163265306,0.2,4.3124953702e-18,0.0,0.484791152621,0.2423955763105
4.46530612244898,1094.0,0.00408163265306,0.2,3.98801309541e-18,0.0,0.4846572752,0.2423286376
4.469387755102042,1095.0,0.00408163265306,0.2,-3.12027581742e-18,0.0,0.484507566375,0.2422537831875
4.473469387755102,1096.0,0.00408163265306,0.2,-2.0192305933e-19,0.0,0.484342049606,0.242171024803
4.477551020408164,1097.0,0.00408163265306,0.2,4.08387329884e-18,0.0,0.48416075003,0.242080375015
4.481632653061225,1098.0,0.00408163265306,0.2,-3.73638806179e-18,0.0,0.48396369445,0.241981847225
4.485714285714286,1099.0,0.00408163265306,0.2,-3.29907576651e-18,0.0,0.483750911328,0.241875455664
4.4897959183673475,1100.0,0.00408163265306,0.2,3.35472858152e-18,0.0,0.483522430774,0.241761215387
4.493877551020408,1101.0,0.00408163265306,0.2,7.3345939479e-19,0.0,0.483278284535,0.2416391422675
4.49795918367347,1102.0,0.00408163265306,0.2,-3.04252021946e-19,0.0,0.483018505986,0.241509252993
4.502040816326531,1103.0,0.00408163265306,0.2,2.6276062174e-18,0.0,0.482743130119,0.2413715650595
4.506122448979593,1104.0,0.00408163265306,0.2,-2.18769750558e-18,0.0,0.482452193533,0.2412260967665
4.510204081632653,1105.0,0.00408163265306,0.2,-2.26894318534e-18,0.0,0.482145734425,0.2410728672125
4.514285714285715,1106.0,0.00408163265306,0.2,3.00849393816e-18,0.0,0.481823792574,0.240911896287
4.518367346938776,1107.0,0.00408163265306,0.2,-1.83807473043e-18,0.0,0.481486409334,0.240743204667
4.522448979591837,1108.0,0.00408163265306,0.2,-1.76371202054e-18,0.0,0.481133627622,0.240566813811
4.5265306122448985,1109.0,0.00408163265306,0.2,3.50360868407e-18,0.0,0.480765491907,0.2403827459535
4.530612244897959,1110.0,0.00408163265306,0.2,5.59300983592e-18,0.0,0.480421683019,0.2402108415095
4.534693877551021,1111.0,0.00408163265306,0.2,1.44159382795e-18,0.0,0.480372048828,0.240186024414
4.538775510204082,1112.0,0.00408163265306,0.2,-3.61746595949e-18,0.0,0.48030708934,0.24015354467
4.542857142857144,1113.0,0.00408163265306,0.2,5.46249562451e-18,0.0,0.480226817596,0.240113408798
4.546938775510204,1114.0,0.00408163265306,0.2,-5.7662719142e-18,0.0,0.480131248269,0.2400656241345
4.551020408163266,1115.0,0.00408163265306,0.2,4.04428619248e-18,0.0,0.480020397651,0.2400101988255
4.555102040816327,1116.0,0.00408163265306,0.2,-1.072686164e-18,0.0,0.479894283652,0.239947141826
4.559183673469388,1117.0,0.00408163265306,0.2,7.00651757334e-19,0.0,0.47975292579,0.239876462895
4.5632653061224495,1118.0,0.00408163265306,0.2,1.91895975945e-18,0.0,0.479596345181,0.2397981725905
4.56734693877551,1119.0,0.00408163265306,0.2,-3.63309636434e-18,0.0,0.479424564532,0.239712282266
4.571428571428572,1120.0,0.00408163265306,0.2,1.03269363574e-18,0.0,0.479237608133,0.2396188040665
4.575510204081633,1121.0,0.00408163265306,0.2,7.41998711125e-18,0.0,0.479035501846,0.239517750923
4.579591836734695,1122.0,0.00408163265306,0.2,-5.83873707177e-20,0.0,0.478818273098,0.239409136549
4.583673469387755,1123.0,0.00408163265306,0.2,6.9699975493e-18,0.0,0.478585950874,0.239292975437
4.587755102040817,1124.0,0.00408163265306,0.2,-2.10689684898e-18,0.0,0.478338565701,0.2391692828505
4.591836734693878,1125.0,0.00408163265306,0.2,1.22669582032e-18,0.0,0.478076149646,0.239038074823
4.595918367346939,1126.0,0.00408163265306,0.2,-3.46295048222e-18,0.0,0.477798736301,0.2388993681505
4.6000000000000005,1127.0,0.00408163265306,0.2,-5.7284873378e-18,0.0,0.477506360776,0.238753180388
4.604081632653061,1128.0,0.00408163265306,0.2,2.41111774826e-19,0.0,0.477199059686,0.238599529843
4.608163265306123,1129.0,0.00408163265306,0.2,5.65615494272e-18,0.0,0.476876871146,0.238438435573
4.612244897959184,1130.0,0.00408163265306,0.2,-1.86898150684e-19,0.0,0.476539834753,0.2382699173765
4.616326530612246,1131.0,0.00408163265306,0.2,-3.12657397061e-18,0.0,0.476269335485,0.2381346677425
4.6204081632653065,1132.0,0.00408163265306,0.2,1.25112887446e-18,0.0,0.476248129288,0.238124064644
4.624489795918368,1133.0,0.00408163265306,0.2,-5.8543939464e-18,0.0,0.476212061462,0.238106030731
4.628571428571429,1134.0,0.00408163265306,0.2,-4.22969851999e-18,0.0,0.47616114078,0.23808057039
4.63265306122449,1135.0,0.00408163265306,0.2,-7.27257359993e-18,0.0,0.476095377592,0.238047688796
4.6367346938775515,1136.0,0.00408163265306,0.2,3.55766762544e-18,0.0,0.476014783811,0.2380073919055
4.640816326530612,1137.0,0.00408163265306,0.2,-3.14801780081e-19,0.0,0.47591937291,0.237959686455
4.644897959183674,1138.0,0.00408163265306,0.2,-1.59375990548e-19,0.0,0.475809159919,0.2379045799595
4.648979591836735,1139.0,0.00408163265306,0.2,3.2557663474e-18,0.0,0.475684161408,0.237842080704
4.653061224489797,1140.0,0.00408163265306,0.2,4.00605721329e-18,0.0,0.47554439549,0.237772197745
4.6571428571428575,1141.0,0.00408163265306,0.2,2.04204919768e-18,0.0,0.475389881807,0.2376949409035
4.661224489795919,1142.0,0.00408163265306,0.2,-3.42317798401e-18,0.0,0.475220641524,0.237610320762
4.66530612244898,1143.0,0.00408163265306,0.2,5.80227495037e-19,0.0,0.47503669732,0.23751834866
4.669387755102041,1144.0,0.00408163265306,0.2,3.5606816648e-20,0.0,0.474838073384,0.237419036692
4.673469387755103,1145.0,0.00408163265306,0.2,7.87682531508e-19,0.0,0.474624795401,0.2373123977005
4.677551020408163,1146.0,0.00408163265306,0.2,-2.55051546586e-18,0.0,0.474396890546,0.237198445273
4.681632653061225,1147.0,0.00408163265306,0.2,4.77305712756e-18,0.0,0.474154387478,0.237077193739
4.685714285714286,1148.0,0.00408163265306,0.2,6.88696660698e-18,0.0,0.473897316325,0.2369486581625
4.689795918367348,1149.0,0.00408163265306,0.2,-3.23189184697e-19,0.0,0.473625708679,0.2368128543395
4.6938775510204085,1150.0,0.00408163265306,0.2,-8.51419320607e-18,0.0,0.47333959759,0.236669798795
4.69795918367347,1151.0,0.00408163265306,0.2,5.18170916558e-18,0.0,0.473039017547,0.2365195087735
4.702040816326531,1152.0,0.00408163265306,0.2,1.99266816947e-18,0.0,0.472724004478,0.236362002239
4.706122448979592,1153.0,0.00408163265306,0.2,3.67145107498e-18,0.0,0.472408498464,0.236204249232
4.710204081632654,1154.0,0.00408163265306,0.2,-8.68490012344e-20,0.0,0.47240333945,0.236201669725
4.714285714285714,1155.0,0.00408163265306,0.2,-4.78375277967e-18,0.0,0.472383675124,0.236191837562
4.718367346938776,1156.0,0.00408163265306,0.2,1.46757722535e-18,0.0,0.472349511416,0.236174755708
4.722448979591837,1157.0,0.00408163265306,0.2,2.25322158383e-18,0.0,0.472300855787,0.2361504278935
4.726530612244899,1158.0,0.00408163265306,0.2,2.50980825355e-18,0.0,0.472237717223,0.2361188586115
4.7306122448979595,1159.0,0.00408163265306,0.2,-2.9306231553e-18,0.0,0.472160106231,0.2360800531155
4.734693877551021,1160.0,0.00408163265306,0.2,1.19736378901e-18,0.0,0.472068034829,0.2360340174145
4.738775510204082,1161.0,0.00408163265306,0.2,-2.3717782791e-18,0.0,0.471961516546,0.235980758273
4.742857142857143,1162.0,0.00408163265306,0.2,-2.13758359535e-18,0.0,0.471840566407,0.2359202832035
4.746938775510205,1163.0,0.00408163265306,0.2,2.81423388003e-18,0.0,0.471705200932,0.235852600466
4.751020408163265,1164.0,0.00408163265306,0.2,-2.5493871915e-19,0.0,0.471555438129,0.2357777190645
4.755102040816327,1165.0,0.00408163265306,0.2,1.09522021824e-18,0.0,0.471391297482,0.235695648741
4.759183673469388,1166.0,0.00408163265306,0.2,3.39971231759e-20,0.0,0.471212799949,0.2356063999745
4.76326530612245,1167.0,0.00408163265306,0.2,-2.82233363259e-18,0.0,0.471019967951,0.2355099839755
4.7673469387755105,1168.0,0.00408163265306,0.2,2.68572971751e-18,0.0,0.470812825365,0.2354064126825
4.771428571428572,1169.0,0.00408163265306,0.2,-7.1267002989e-18,0.0,0.470591397516,0.235295698758
4.775510204081633,1170.0,0.00408163265306,0.2,1.83402485415e-19,0.0,0.470355711171,0.2351778555855
4.779591836734694,1171.0,0.00408163265306,0.2,-2.13408958444e-18,0.0,0.470105794525,0.2350528972625
4.783673469387756,1172.0,0.00408163265306,0.2,-3.33854562002e-18,0.0,0.469841677199,0.2349208385995
4.7877551020408164,1173.0,0.00408163265306,0.2,1.34874776727e-18,0.0,0.469563390227,0.2347816951135
4.791836734693878,1174.0,0.00408163265306,0.2,-5.62446089717e-18,0.0,0.46927096605,0.234635483025
4.795918367346939,1175.0,0.00408163265306,0.2,1.09318866266e-18,0.0,0.468964438501,0.2344822192505
4.800000000000001,1176.0,0.00408163265306,0.2,-4.32317344472e-18,0.0,0.468643842806,0.234321921403
4.8040816326530615,1177.0,0.00408163265306,0.2,2.49493554614e-18,0.0,0.46834450077,0.234172250385
4.808163265306123,1178.0,0.00408163265306,0.2,-8.41279078913e-19,0.0,0.468324416202,0.234162208101
4.812244897959184,1179.0,0.00408163265306,0.2,-4.21844907045e-18,0.0,0.468290082502,0.234145041251
4.816326530612245,1180.0,0.00408163265306,0.2,2.8012306008e-18,0.0,0.468241506161,0.2341207530805
4.820408163265307,1181.0,0.00408163265306,0.2,2.21711866561e-18,0.0,0.468178695169,0.2340893475845
4.8244897959183675,1182.0,0.00408163265306,0.2,3.56135333545e-18,0.0,0.468101659012,0.234050829506
4.828571428571429,1183.0,0.00408163265306,0.2,3.84308112592e-20,0.0,0.46801040866,0.23400520433
4.83265306122449,1184.0,0.00408163265306,0.2,2.16044355876e-18,0.0,0.46790495657,0.233952478285
4.836734693877552,1185.0,0.00408163265306,0.2,-5.69159156696e-18,0.0,0.467785316669,0.2338926583345
4.840816326530613,1186.0,0.00408163265306,0.2,-2.69465665068e-18,0.0,0.467651504356,0.233825752178
4.844897959183674,1187.0,0.00408163265306,0.2,-1.1466642349e-18,0.0,0.467503536492,0.233751768246
4.848979591836735,1188.0,0.00408163265306,0.2,-1.21992596739e-20,0.0,0.467341431392,0.233670715696
4.853061224489796,1189.0,0.00408163265306,0.2,-7.0462884172e-19,0.0,0.467165208819,0.2335826044095
4.857142857142858,1190.0,0.00408163265306,0.2,-2.817870166e-18,0.0,0.466974889978,0.233487444989
4.8612244897959185,1191.0,0.00408163265306,0.2,-7.40099339003e-18,0.0,0.466770497507,0.2333852487535
4.86530612244898,1192.0,0.00408163265306,0.2,-6.43850919032e-19,0.0,0.466552055469,0.2332760277345
4.869387755102041,1193.0,0.00408163265306,0.2,4.82734664552e-18,0.0,0.466319589346,0.233159794673
4.873469387755103,1194.0,0.00408163265306,0.2,-5.66653130312e-18,0.0,0.466073126028,0.233036563014
4.877551020408164,1195.0,0.00408163265306,0.2,2.77737471193e-18,0.0,0.46581269381,0.232906346905
4.881632653061225,1196.0,0.00408163265306,0.2,4.88467687942e-18,0.0,0.465538322376,0.232769161188
4.885714285714286,1197.0,0.00408163265306,0.2,-2.62160998514e-18,0.0,0.465250042798,0.232625021399
4.889795918367347,1198.0,0.00408163265306,0.2,-1.49557563472e-18,0.0,0.464947887522,0.232473943761
4.893877551020409,1199.0,0.00408163265306,0.2,-4.32692222726e-18,0.0,0.464631890363,0.2323159451815
4.8979591836734695,1200.0,0.00408163265306,0.2,-9.69526815445e-18,0.0,0.464302086491,0.2321510432455
4.902040816326531,1201.0,0.00408163265306,0.2,3.88850326772e-18,0.0,0.463958512428,0.231979256214
4.906122448979592,1202.0,0.00408163265306,0.2,1.43325584737e-18,0.0,0.463793943524,0.231896971762
4.910204081632654,1203.0,0.00408163265306,0.2,5.11928846219e-19,0.0,0.463738082649,0.2318690413245
4.914285714285715,1204.0,0.00408163265306,0.2,1.7719697646e-18,0.0,0.463668134184,0.231834067092
4.918367346938776,1205.0,0.00408163265306,0.2,1.29553027538e-18,0.0,0.463584107593,0.2317920537965
4.922448979591837,1206.0,0.00408163265306,0.2,-3.35784374371e-18,0.0,0.463486013823,0.2317430069115
4.926530612244898,1207.0,0.00408163265306,0.2,-2.23414535133e-18,0.0,0.463373865289,0.2316869326445
4.93061224489796,1208.0,0.00408163265306,0.2,-6.43652726557e-18,0.0,0.463247675878,0.231623837939
4.9346938775510205,1209.0,0.00408163265306,0.2,4.45736860986e-18,0.0,0.463107460937,0.2315537304685
4.938775510204082,1210.0,0.00408163265306,0.2,2.73909279318e-19,0.0,0.462953237265,0.2314766186325
4.942857142857143,1211.0,0.00408163265306,0.2,1.81026822696e-18,0.0,0.46278502311,0.231392511555
4.946938775510205,1212.0,0.00408163265306,0.2,8.06458083847e-19,0.0,0.462602838162,0.231301419081
4.951020408163266,1213.0,0.00408163265306,0.2,-2.99566436686e-18,0.0,0.462406703543,0.2312033517715
4.955102040816327,1214.0,0.00408163265306,0.2,-4.0884228956e-18,0.0,0.462196641799,0.2310983208995
4.959183673469388,1215.0,0.00408163265306,0.2,6.24159388241e-18,0.0,0.461972676898,0.230986338449
4.96326530612245,1216.0,0.00408163265306,0.2,-3.52476879132e-18,0.0,0.461734834217,0.2308674171085
4.967346938775511,1217.0,0.00408163265306,0.2,4.49345022818e-18,0.0,0.461483140534,0.230741570267
4.9714285714285715,1218.0,0.00408163265306,0.2,2.21801532939e-18,0.0,0.461217624025,0.2306088120125
4.975510204081633,1219.0,0.00408163265306,0.2,-2.60031835618e-18,0.0,0.46093831425,0.230469157125
4.979591836734694,1220.0,0.00408163265306,0.2,-3.64616581802e-18,0.0,0.460645242147,0.2303226210735
4.983673469387756,1221.0,0.00408163265306,0.2,-2.45575365488e-18,0.0,0.460338440023,0.2301692200115
4.987755102040817,1222.0,0.00408163265306,0.2,2.11771471703e-18,0.0,0.460017941546,0.230008970773
4.991836734693878,1223.0,0.00408163265306,0.2,4.13653833748e-18,0.0,0.459683781736,0.229841890868
4.995918367346939,1224.0,0.00408163265306,0.2,1.97866234734e-18,0.0,0.459335996952,0.229667998476
5.000000000000001,1225.0,0.00408163265306,0.2,3.88041675005e-18,0.0,0.45897462489,0.229487312445
5.004081632653062,1226.0,0.00408163265306,0.2,-1.22807865951e-18,0.0,0.458599704566,0.229299852283
5.0081632653061225,1227.0,0.00408163265306,0.2,-3.5922799642e-19,0.0,0.458285515057,0.2291427575285
5.012244897959184,1228.0,0.00408163265306,0.2,3.06599457126e-18,0.0,0.458182496828,0.229091248414
5.016326530612245,1229.0,0.00408163265306,0.2,-5.2859620469e-18,0.0,0.458065482256,0.229032741128
5.020408163265307,1230.0,0.00408163265306,0.2,-2.30527295785e-18,0.0,0.457934485309,0.2289672426545
5.024489795918368,1231.0,0.00408163265306,0.2,-3.07323405599e-18,0.0,0.457789521427,0.2288947607135
5.028571428571429,1232.0,0.00408163265306,0.2,-5.14994046697e-18,0.0,0.457630607515,0.2288153037575
5.03265306122449,1233.0,0.00408163265306,0.2,-2.63049390492e-18,0.0,0.457457761933,0.2287288809665
5.036734693877552,1234.0,0.00408163265306,0.2,1.43070482236e-18,0.0,0.457271004496,0.228635502248
5.040816326530613,1235.0,0.00408163265306,0.2,3.4364259019e-18,0.0,0.457070356459,0.2285351782295
5.044897959183674,1236.0,0.00408163265306,0.2,3.94145606181e-18,0.0,0.456855840514,0.228427920257
5.048979591836735,1237.0,0.00408163265306,0.2,2.57081116937e-19,0.0,0.456627480783,0.2283137403915
5.053061224489796,1238.0,0.00408163265306,0.2,-1.67612600138e-18,0.0,0.456385302806,0.228192651403
5.057142857142858,1239.0,0.00408163265306,0.2,2.06602585492e-18,0.0,0.456129333537,0.2280646667685
5.061224489795919,1240.0,0.00408163265306,0.2,3.49746521366e-18,0.0,0.455859601337,0.2279298006685
5.06530612244898,1241.0,0.00408163265306,0.2,-4.2075501387e-18,0.0,0.455576135958,0.227788067979
5.069387755102041,1242.0,0.00408163265306,0.2,-6.83866608345e-19,0.0,0.455278968543,0.2276394842715
5.073469387755103,1243.0,0.00408163265306,0.2,4.10643558062e-18,0.0,0.454968131613,0.2274840658065
5.077551020408164,1244.0,0.00408163265306,0.2,-3.79895600333e-18,0.0,0.45464365906,0.22732182953
5.081632653061225,1245.0,0.00408163265306,0.2,2.84095512254e-18,0.0,0.454305586135,0.2271527930675
5.085714285714286,1246.0,0.00408163265306,0.2,-5.65778304096e-18,0.0,0.453953949441,0.2269769747205
5.089795918367347,1247.0,0.00408163265306,0.2,5.35626578152e-18,0.0,0.453588786924,0.226794393462
5.093877551020409,1248.0,0.00408163265306,0.2,-1.68303461386e-18,0.0,0.453210137862,0.226605068931
5.09795918367347,1249.0,0.00408163265306,0.2,-2.33805577988e-18,0.0,0.452859887857,0.2264299439285
5.102040816326531,1250.0,0.00408163265306,0.2,-3.38444587221e-18,0.0,0.452626712025,0.2263133560125
5.106122448979592,1251.0,0.00408163265306,0.2,2.86853001544e-19,0.0,0.452603608953,0.2263018044765
5.110204081632654,1252.0,0.00408163265306,0.2,2.3953297655e-18,0.0,0.452567427609,0.2262837138045
5.114285714285715,1253.0,0.00408163265306,0.2,-1.24699793448e-18,0.0,0.452518171172,0.226259085586
5.118367346938776,1254.0,0.00408163265306,0.2,-3.73190805159e-19,0.0,0.452455844167,0.2262279220835
5.122448979591837,1255.0,0.00408163265306,0.2,-3.04197986372e-18,0.0,0.452380452462,0.226190226231
5.126530612244898,1256.0,0.00408163265306,0.2,1.11394758731e-18,0.0,0.452292003262,0.226146001631
5.13061224489796,1257.0,0.00408163265306,0.2,-4.49821478851e-18,0.0,0.452190505105,0.2260952525525
5.134693877551021,1258.0,0.00408163265306,0.2,-2.576859514e-18,0.0,0.452075967858,0.226037983929
5.138775510204082,1259.0,0.00408163265306,0.2,6.75111728741e-19,0.0,0.451948402711,0.2259742013555
5.142857142857143,1260.0,0.00408163265306,0.2,3.03112063664e-18,0.0,0.451807822171,0.2259039110855
5.146938775510205,1261.0,0.00408163265306,0.2,-2.29648499102e-18,0.0,0.45165424006,0.22582712003
5.151020408163266,1262.0,0.00408163265306,0.2,2.17191159077e-18,0.0,0.451487671506,0.225743835753
5.155102040816327,1263.0,0.00408163265306,0.2,-7.09797066187e-18,0.0,0.451308132941,0.2256540664705
5.159183673469388,1264.0,0.00408163265306,0.2,8.74958564734e-19,0.0,0.451115642089,0.2255578210445
5.163265306122449,1265.0,0.00408163265306,0.2,7.76411575277e-19,0.0,0.450910217969,0.2254551089845
5.167346938775511,1266.0,0.00408163265306,0.2,-1.96141066849e-18,0.0,0.450691880879,0.2253459404395
5.171428571428572,1267.0,0.00408163265306,0.2,-1.8902135788e-18,0.0,0.450460652398,0.225230326199
5.175510204081633,1268.0,0.00408163265306,0.2,-1.38177543477e-18,0.0,0.450216555374,0.225108277687
5.179591836734694,1269.0,0.00408163265306,0.2,-4.41840178556e-19,0.0,0.449959613919,0.2249798069595
5.183673469387756,1270.0,0.00408163265306,0.2,3.96324069042e-18,0.0,0.449689853402,0.224844926701
5.187755102040817,1271.0,0.00408163265306,0.2,-3.06404242502e-18,0.0,0.449407300446,0.224703650223
5.191836734693878,1272.0,0.00408163265306,0.2,3.82988594079e-18,0.0,0.449111982911,0.2245559914555
5.195918367346939,1273.0,0.00408163265306,0.2,1.02697450899e-18,0.0,0.448803929898,0.224401964949
5.2,1274.0,0.00408163265306,0.2,8.75935961346e-18,0.0,0.448483171733,0.2242415858665
5.204081632653062,1275.0,0.00408163265306,0.2,-4.21005153287e-18,0.0,0.448149739963,0.2240748699815
5.208163265306123,1276.0,0.00408163265306,0.2,3.59213313964e-19,0.0,0.44780366735,0.223901833675
5.212244897959184,1277.0,0.00408163265306,0.2,7.05737470536e-19,0.0,0.447444987858,0.223722493929
5.216326530612245,1278.0,0.00408163265306,0.2,1.21356639605e-18,0.0,0.447077553914,0.223538776957
5.220408163265307,1279.0,0.00408163265306,0.2,-3.21704581613e-18,0.0,0.446955015741,0.2234775078705
5.224489795918368,1280.0,0.00408163265306,0.2,-3.96735694795e-18,0.0,0.446819282611,0.2234096413055
5.228571428571429,1281.0,0.00408163265306,0.2,6.66642061013e-18,0.0,0.44667036813,0.223335184065
5.23265306122449,1282.0,0.00408163265306,0.2,3.02145254964e-18,0.0,0.446508287266,0.223254143633
5.236734693877551,1283.0,0.00408163265306,0.2,2.65376745864e-18,0.0,0.446333056341,0.2231665281705
5.240816326530613,1284.0,0.00408163265306,0.2,4.08062258243e-18,0.0,0.446144693027,0.2230723465135
5.244897959183674,1285.0,0.00408163265306,0.2,3.61370063334e-18,0.0,0.445943216338,0.222971608169
5.2489795918367355,1286.0,0.00408163265306,0.2,-2.83193554514e-19,0.0,0.445728646625,0.2228643233125
5.253061224489796,1287.0,0.00408163265306,0.2,-1.30066541262e-18,0.0,0.445501005567,0.2227505027835
5.257142857142858,1288.0,0.00408163265306,0.2,-7.5025943303e-19,0.0,0.445260316169,0.2226301580845
5.261224489795919,1289.0,0.00408163265306,0.2,-1.76455822631e-19,0.0,0.44500660275,0.222503301375
5.26530612244898,1290.0,0.00408163265306,0.2,-5.13349611639e-18,0.0,0.444739890938,0.222369945469
5.269387755102041,1291.0,0.00408163265306,0.2,-3.14681177147e-18,0.0,0.444460207662,0.222230103831
5.273469387755102,1292.0,0.00408163265306,0.2,4.10447019949e-19,0.0,0.444167581145,0.2220837905725
5.277551020408164,1293.0,0.00408163265306,0.2,5.59156226985e-18,0.0,0.443862040897,0.2219310204485
5.281632653061225,1294.0,0.00408163265306,0.2,-8.02742388536e-19,0.0,0.443543617706,0.221771808853
5.2857142857142865,1295.0,0.00408163265306,0.2,5.422658813e-18,0.0,0.443212343631,0.2216061718155
5.289795918367347,1296.0,0.00408163265306,0.2,-1.35650837578e-18,0.0,0.442868251991,0.2214341259955
5.293877551020409,1297.0,0.00408163265306,0.2,-1.06706505814e-19,0.0,0.44251137736,0.22125568868
5.29795918367347,1298.0,0.00408163265306,0.2,-1.62513362534e-18,0.0,0.442141755557,0.2210708777785
5.302040816326531,1299.0,0.00408163265306,0.2,-1.98544522836e-18,0.0,0.441846049193,0.2209230245965
5.306122448979592,1300.0,0.00408163265306,0.2,-6.80802731356e-19,0.0,0.441612925196,0.220806462598
5.310204081632653,1301.0,0.00408163265306,0.2,-5.14301861961e-18,0.0,0.441367740017,0.2206838700085
5.314285714285715,1302.0,0.00408163265306,0.2,6.51350469337e-18,0.0,0.441110515842,0.220555257921
5.318367346938776,1303.0,0.00408163265306,0.2,5.19701035255e-18,0.0,0.440841276,0.220420638
5.3224489795918375,1304.0,0.00408163265306,0.2,-4.36912829084e-18,0.0,0.440636223317,0.2203181116585
5.326530612244898,1305.0,0.00408163265306,0.2,-3.59556387123e-18,0.0,0.440580658612,0.220290329306
5.33061224489796,1306.0,0.00408163265306,0.2,-4.17462173288e-18,0.0,0.440512505756,0.220256252878
5.334693877551021,1307.0,0.00408163265306,0.2,2.88486186945e-18,0.0,0.440431770032,0.220215885016
5.338775510204082,1308.0,0.00408163265306,0.2,-3.38674212559e-19,0.0,0.440338458015,0.2201692290075
5.342857142857143,1309.0,0.00408163265306,0.2,-2.7528901658e-18,0.0,0.440232577568,0.220116288784
5.346938775510204,1310.0,0.00408163265306,0.2,3.35773124714e-18,0.0,0.440114137834,0.220057068917
5.351020408163266,1311.0,0.00408163265306,0.2,-8.91998485353e-19,0.0,0.439983149233,0.2199915746165
5.355102040816327,1312.0,0.00408163265306,0.2,2.73095333596e-19,0.0,0.439839623457,0.2199198117285
5.3591836734693885,1313.0,0.00408163265306,0.2,4.05448863816e-18,0.0,0.439683573468,0.219841786734
5.363265306122449,1314.0,0.00408163265306,0.2,3.84891109488e-18,0.0,0.439515013489,0.2197575067445
5.367346938775511,1315.0,0.00408163265306,0.2,1.78249481071e-18,0.0,0.439333959,0.2196669795
5.371428571428572,1316.0,0.00408163265306,0.2,5.06934660553e-18,0.0,0.439140426735,0.2195702133675
5.375510204081633,1317.0,0.00408163265306,0.2,1.56344414962e-18,0.0,0.438934434672,0.219467217336
5.379591836734694,1318.0,0.00408163265306,0.2,-2.18636409043e-18,0.0,0.43871600203,0.219358001015
5.383673469387755,1319.0,0.00408163265306,0.2,-2.09536098816e-18,0.0,0.438485149264,0.219242574632
5.387755102040817,1320.0,0.00408163265306,0.2,-1.05271636965e-18,0.0,0.438241898056,0.219120949028
5.391836734693878,1321.0,0.00408163265306,0.2,2.5709633706e-18,0.0,0.437986271311,0.2189931356555
5.3959183673469395,1322.0,0.00408163265306,0.2,-8.24845481684e-19,0.0,0.437718293149,0.2188591465745
5.4,1323.0,0.00408163265306,0.2,3.70185172025e-18,0.0,0.437437988901,0.2187189944505
5.404081632653062,1324.0,0.00408163265306,0.2,-3.32377051992e-18,0.0,0.437145385098,0.218572692549
5.408163265306123,1325.0,0.00408163265306,0.2,3.33251216463e-18,0.0,0.436840509468,0.218420254734
5.412244897959184,1326.0,0.00408163265306,0.2,5.95354974079e-19,0.0,0.436523390927,0.2182616954635
5.4163265306122454,1327.0,0.00408163265306,0.2,-2.6875817749e-18,0.0,0.436194059572,0.218097029786
5.420408163265306,1328.0,0.00408163265306,0.2,-3.48981544736e-18,0.0,0.435852546673,0.2179262733365
5.424489795918368,1329.0,0.00408163265306,0.2,1.35005802136e-18,0.0,0.435498884667,0.2177494423335
5.428571428571429,1330.0,0.00408163265306,0.2,-3.31067459646e-19,0.0,0.43513310715,0.217566553575
5.4326530612244905,1331.0,0.00408163265306,0.2,3.06784745584e-20,0.0,0.434755248868,0.217377624434
5.436734693877551,1332.0,0.00408163265306,0.2,-3.08207165365e-18,0.0,0.43436534571,0.217182672855
5.440816326530613,1333.0,0.00408163265306,0.2,-2.39485330946e-20,0.0,0.433963434697,0.2169817173485
5.444897959183674,1334.0,0.00408163265306,0.2,2.29214063844e-18,0.0,0.43354955398,0.21677477699
5.448979591836735,1335.0,0.00408163265306,0.2,-1.46080757921e-18,0.0,0.433123742825,0.2165618714125
5.4530612244897965,1336.0,0.00408163265306,0.2,8.43684933725e-19,0.0,0.433084248083,0.2165421240415
5.457142857142857,1337.0,0.00408163265306,0.2,5.04188090047e-18,0.0,0.433033675713,0.2165168378565
5.461224489795919,1338.0,0.00408163265306,0.2,-1.50394670252e-18,0.0,0.432970987569,0.2164854937845
5.46530612244898,1339.0,0.00408163265306,0.2,1.20088757841e-18,0.0,0.432896187772,0.216448093886
5.469387755102042,1340.0,0.00408163265306,0.2,-4.18686400594e-18,0.0,0.432809281674,0.216404640837
5.473469387755102,1341.0,0.00408163265306,0.2,4.42157815912e-19,0.0,0.432710275852,0.216355137926
5.477551020408164,1342.0,0.00408163265306,0.2,-2.74735137734e-18,0.0,0.432599178101,0.2162995890505
5.481632653061225,1343.0,0.00408163265306,0.2,-2.38802410633e-18,0.0,0.432475997437,0.2162379987185
5.485714285714286,1344.0,0.00408163265306,0.2,3.12696129793e-18,0.0,0.432340744086,0.216170372043
5.4897959183673475,1345.0,0.00408163265306,0.2,-2.49518721584e-18,0.0,0.432193429484,0.216096714742
5.493877551020408,1346.0,0.00408163265306,0.2,-1.63477524256e-18,0.0,0.432034066268,0.216017033134
5.49795918367347,1347.0,0.00408163265306,0.2,4.22815686212e-18,0.0,0.431862668278,0.215931334139
5.502040816326531,1348.0,0.00408163265306,0.2,-1.08086698026e-18,0.0,0.431679250545,0.2158396252725
5.506122448979593,1349.0,0.00408163265306,0.2,-7.03163077674e-19,0.0,0.431483829292,0.215741914646
5.510204081632653,1350.0,0.00408163265306,0.2,2.3452952646e-18,0.0,0.431276421922,0.215638210961
5.514285714285715,1351.0,0.00408163265306,0.2,-1.19458117927e-18,0.0,0.431057047021,0.2155285235105
5.518367346938776,1352.0,0.00408163265306,0.2,3.16728035573e-18,0.0,0.430825724345,0.2154128621725
5.522448979591838,1353.0,0.00408163265306,0.2,1.41691903027e-19,0.0,0.430582474818,0.215291237409
5.5265306122448985,1354.0,0.00408163265306,0.2,-6.62763576557e-19,0.0,0.430327320524,0.215163660262
5.530612244897959,1355.0,0.00408163265306,0.2,9.54103205743e-19,0.0,0.430060284706,0.215030142353
5.534693877551021,1356.0,0.00408163265306,0.2,-1.32440208408e-18,0.0,0.429781391751,0.2148906958755
5.538775510204082,1357.0,0.00408163265306,0.2,2.08611641763e-18,0.0,0.429490667194,0.214745333597
5.542857142857144,1358.0,0.00408163265306,0.2,-2.52316556608e-19,0.0,0.429188137701,0.2145940688505
5.546938775510204,1359.0,0.00408163265306,0.2,1.25155078827e-18,0.0,0.428873831072,0.214436915536
5.551020408163266,1360.0,0.00408163265306,0.2,4.69486545031e-18,0.0,0.428547776228,0.214273888114
5.555102040816327,1361.0,0.00408163265306,0.2,5.45765165484e-18,0.0,0.428210003205,0.2141050016025
5.559183673469389,1362.0,0.00408163265306,0.2,-3.42677766724e-18,0.0,0.427860543149,0.2139302715745
5.5632653061224495,1363.0,0.00408163265306,0.2,-1.10751336292e-18,0.0,0.427499428307,0.2137497141535
5.56734693877551,1364.0,0.00408163265306,0.2,-8.75064857443e-19,0.0,0.427126692021,0.2135633460105
5.571428571428572,1365.0,0.00408163265306,0.2,3.51478306697e-18,0.0,0.426742368718,0.213371184359
5.575510204081633,1366.0,0.00408163265306,0.2,2.09806090568e-19,0.0,0.426346493904,0.213173246952
5.579591836734695,1367.0,0.00408163265306,0.2,3.75610143015e-18,0.0,0.425939104159,0.2129695520795
5.583673469387755,1368.0,0.00408163265306,0.2,-2.8548186696e-18,0.0,0.425704443347,0.2128522216735
5.587755102040817,1369.0,0.00408163265306,0.2,4.58087318936e-18,0.0,0.425660923085,0.2128304615425
5.591836734693878,1370.0,0.00408163265306,0.2,-2.499336147e-18,0.0,0.42560557756,0.21280278878
5.59591836734694,1371.0,0.00408163265306,0.2,-1.73167945132e-18,0.0,0.425538410062,0.212769205031
5.6000000000000005,1372.0,0.00408163265306,0.2,-1.77020445777e-18,0.0,0.425459425077,0.2127297125385
5.604081632653061,1373.0,0.00408163265306,0.2,-6.91291381523e-19,0.0,0.425368628287,0.2126843141435
5.608163265306123,1374.0,0.00408163265306,0.2,2.86892706213e-19,0.0,0.425266026568,0.212633013284
5.612244897959184,1375.0,0.00408163265306,0.2,-1.18262839357e-18,0.0,0.42515162798,0.21257581399
5.616326530612246,1376.0,0.00408163265306,0.2,1.24010917434e-18,0.0,0.425025441769,0.2125127208845
5.6204081632653065,1377.0,0.00408163265306,0.2,1.50082254474e-18,0.0,0.42488747836,0.21244373918
5.624489795918368,1378.0,0.00408163265306,0.2,7.67305971094e-19,0.0,0.424737749355,0.2123688746775
5.628571428571429,1379.0,0.00408163265306,0.2,-4.36685188979e-20,0.0,0.424576267525,0.2122881337625
5.632653061224491,1380.0,0.00408163265306,0.2,-3.09090842413e-18,0.0,0.424403046807,0.2122015234035
5.6367346938775515,1381.0,0.00408163265306,0.2,-6.09599024227e-20,0.0,0.424218102301,0.2121090511505
5.640816326530612,1382.0,0.00408163265306,0.2,-4.22342456184e-18,0.0,0.424021450262,0.212010725131
5.644897959183674,1383.0,0.00408163265306,0.2,4.52719257973e-19,0.0,0.423813108099,0.2119065540495
5.648979591836735,1384.0,0.00408163265306,0.2,1.27928775687e-18,0.0,0.423593094364,0.211796547182
5.653061224489797,1385.0,0.00408163265306,0.2,4.25336270975e-20,0.0,0.423361428752,0.211680714376
5.6571428571428575,1386.0,0.00408163265306,0.2,-2.81838963543e-18,0.0,0.423118132091,0.2115590660455
5.661224489795919,1387.0,0.00408163265306,0.2,1.21091631616e-18,0.0,0.422863226339,0.2114316131695
5.66530612244898,1388.0,0.00408163265306,0.2,8.23498004466e-19,0.0,0.422596734579,0.2112983672895
5.669387755102042,1389.0,0.00408163265306,0.2,-2.86977409508e-18,0.0,0.422318681008,0.211159340504
5.673469387755103,1390.0,0.00408163265306,0.2,-3.2310202054e-18,0.0,0.422029090937,0.2110145454685
5.677551020408163,1391.0,0.00408163265306,0.2,-2.0798629322e-18,0.0,0.421727990781,0.2108639953905
5.681632653061225,1392.0,0.00408163265306,0.2,-5.36376996404e-19,0.0,0.421415408052,0.210707704026
5.685714285714286,1393.0,0.00408163265306,0.2,-1.54709244327e-19,0.0,0.421091371353,0.2105456856765
5.689795918367348,1394.0,0.00408163265306,0.2,-1.39131779031e-18,0.0,0.420755910375,0.2103779551875
5.6938775510204085,1395.0,0.00408163265306,0.2,4.3284607832e-18,0.0,0.420409055884,0.210204527942
5.69795918367347,1396.0,0.00408163265306,0.2,3.81637973575e-18,0.0,0.420050839716,0.210025419858
5.702040816326531,1397.0,0.00408163265306,0.2,3.60319874828e-20,0.0,0.419701525664,0.209850762832
5.706122448979593,1398.0,0.00408163265306,0.2,-2.68749657529e-18,0.0,0.419545703109,0.2097728515545
5.710204081632654,1399.0,0.00408163265306,0.2,-5.37885773841e-19,0.0,0.419378843809,0.2096894219045
5.714285714285714,1400.0,0.00408163265306,0.2,-2.29976062624e-19,0.0,0.419200961257,0.2096004806285
5.718367346938776,1401.0,0.00408163265306,0.2,2.41827906441e-18,0.0,0.419012069993,0.2095060349965
5.722448979591837,1402.0,0.00408163265306,0.2,3.770051004e-18,0.0,0.418812185599,0.2094060927995
5.726530612244899,1403.0,0.00408163265306,0.2,-3.24430162411e-18,0.0,0.41860132469,0.209300662345
5.7306122448979595,1404.0,0.00408163265306,0.2,-3.73938576433e-18,0.0,0.418379504918,0.209189752459
5.734693877551021,1405.0,0.00408163265306,0.2,2.94872021274e-18,0.0,0.41814674496,0.20907337248
5.738775510204082,1406.0,0.00408163265306,0.2,-2.10580497057e-18,0.0,0.417929212597,0.2089646062985
5.742857142857144,1407.0,0.00408163265306,0.2,-2.02773070128e-18,0.0,0.417811815942,0.208905907971
5.746938775510205,1408.0,0.00408163265306,0.2,4.7114884202e-19,0.0,0.417682777205,0.2088413886025
5.751020408163265,1409.0,0.00408163265306,0.2,-1.00194733237e-18,0.0,0.417542107416,0.208771053708
5.755102040816327,1410.0,0.00408163265306,0.2,-9.71498814025e-19,0.0,0.417389818774,0.208694909387
5.759183673469388,1411.0,0.00408163265306,0.2,-1.93919756032e-18,0.0,0.417225924641,0.2086129623205
5.76326530612245,1412.0,0.00408163265306,0.2,-2.85752355021e-18,0.0,0.417050439538,0.208525219769
5.7673469387755105,1413.0,0.00408163265306,0.2,-3.73086931954e-18,0.0,0.416863379138,0.208431689569
5.771428571428572,1414.0,0.00408163265306,0.2,3.58360614829e-18,0.0,0.416664760262,0.208332380131
5.775510204081633,1415.0,0.00408163265306,0.2,8.24639513711e-19,0.0,0.416454600874,0.208227300437
5.779591836734695,1416.0,0.00408163265306,0.2,2.77431745239e-18,0.0,0.416232920078,0.208116460039
5.783673469387756,1417.0,0.00408163265306,0.2,2.76557704845e-19,0.0,0.415999738106,0.207999869053
5.7877551020408164,1418.0,0.00408163265306,0.2,1.75844536158e-18,0.0,0.415755076319,0.2078775381595
5.791836734693878,1419.0,0.00408163265306,0.2,-2.93761407224e-19,0.0,0.415498957197,0.2077494785985
5.795918367346939,1420.0,0.00408163265306,0.2,1.39785582588e-18,0.0,0.415231404336,0.207615702168
5.800000000000001,1421.0,0.00408163265306,0.2,1.29126202342e-18,0.0,0.415013106744,0.207506553372
5.8040816326530615,1422.0,0.00408163265306,0.2,-6.20848680558e-19,0.0,0.414952967876,0.207476483938
5.808163265306123,1423.0,0.00408163265306,0.2,-2.13926773507e-18,0.0,0.414881726634,0.207440863317
5.812244897959184,1424.0,0.00408163265306,0.2,-2.12085800336e-18,0.0,0.414799387695,0.2073996938475
5.816326530612246,1425.0,0.00408163265306,0.2,2.09512276014e-18,0.0,0.414705956828,0.207352978414
5.820408163265307,1426.0,0.00408163265306,0.2,-3.98488138961e-18,0.0,0.414601440888,0.207300720444
5.8244897959183675,1427.0,0.00408163265306,0.2,-1.15780801211e-18,0.0,0.414485847817,0.2072429239085
5.828571428571429,1428.0,0.00408163265306,0.2,1.06163668538e-19,0.0,0.414359186635,0.2071795933175
5.83265306122449,1429.0,0.00408163265306,0.2,2.4454916522e-18,0.0,0.414221467442,0.207110733721
5.836734693877552,1430.0,0.00408163265306,0.2,-1.38578560638e-18,0.0,0.414072701408,0.207036350704
5.840816326530613,1431.0,0.00408163265306,0.2,-1.84884793073e-18,0.0,0.413912900774,0.206956450387
5.844897959183674,1432.0,0.00408163265306,0.2,-2.14112558273e-18,0.0,0.413742078847,0.2068710394235
5.848979591836735,1433.0,0.00408163265306,0.2,-2.53845848125e-18,0.0,0.413560249991,0.2067801249955
5.853061224489797,1434.0,0.00408163265306,0.2,-1.41218921153e-18,0.0,0.413367429629,0.2066837148145
5.857142857142858,1435.0,0.00408163265306,0.2,-1.82708315445e-18,0.0,0.413163634234,0.206581817117
5.8612244897959185,1436.0,0.00408163265306,0.2,-5.69682596588e-19,0.0,0.412948881328,0.206474440664
5.86530612244898,1437.0,0.00408163265306,0.2,-9.07582568093e-19,0.0,0.412723189472,0.206361594736
5.869387755102041,1438.0,0.00408163265306,0.2,1.97516171899e-18,0.0,0.412486578265,0.2062432891325
5.873469387755103,1439.0,0.00408163265306,0.2,1.09674388493e-18,0.0,0.412239068337,0.2061195341685
5.877551020408164,1440.0,0.00408163265306,0.2,3.60544867955e-19,0.0,0.411980681345,0.2059903406725
5.881632653061225,1441.0,0.00408163265306,0.2,-2.82551662358e-19,0.0,0.412802955864,0.206401477932
5.885714285714286,1442.0,0.00408163265306,0.2,-9.97733674333e-19,0.0,0.414458485665,0.2072292428325
5.889795918367348,1443.0,0.00408163265306,0.2,-1.76484608516e-18,0.0,0.41609737418,0.20804868709
5.893877551020409,1444.0,0.00408163265306,0.2,2.01020770718e-18,0.0,0.417719376393,0.2088596881965
5.8979591836734695,1445.0,0.00408163265306,0.2,1.04453059031e-18,0.0,0.419324249837,0.2096621249185
5.902040816326531,1446.0,0.00408163265306,0.2,-4.43547479341e-19,0.0,0.420911754652,0.210455877326
5.906122448979592,1447.0,0.00408163265306,0.2,1.43964499042e-18,0.0,0.422481653641,0.2112408268205
5.910204081632654,1448.0,0.00408163265306,0.2,6.29431506594e-19,0.0,0.424033712323,0.2120168561615
5.914285714285715,1449.0,0.00408163265306,0.2,-7.06716645586e-19,0.0,0.425782770271,0.2128913851355
5.918367346938776,1450.0,0.00408163265306,0.2,8.78068763837e-19,0.0,0.427519202314,0.213759601157
5.922448979591837,1451.0,0.00408163265306,0.2,1.80646981359e-18,0.0,0.429238900452,0.214619450226
5.926530612244899,1452.0,0.00408163265306,0.2,1.1097455098e-19,0.0,0.430941608876,0.215470804438
5.93061224489796,1453.0,0.00408163265306,0.2,-1.47729163446e-18,0.0,0.432627074288,0.216313537144
5.9346938775510205,1454.0,0.00408163265306,0.2,-1.71506304718e-18,0.0,0.434295045966,0.217147522983
5.938775510204082,1455.0,0.00408163265306,0.2,-1.09995169135e-19,0.0,0.43594527582,0.21797263791
5.942857142857143,1456.0,0.00408163265306,0.2,-2.80056885631e-19,0.0,0.437577518449,0.2187887592245
5.946938775510205,1457.0,0.00408163265306,0.2,-4.58919803844e-19,0.0,0.439191531201,0.2195957656005
5.951020408163266,1458.0,0.00408163265306,0.2,-8.55973115315e-19,0.0,0.440787074226,0.220393537113
5.955102040816327,1459.0,0.00408163265306,0.2,1.4889251026e-21,0.0,0.442363910535,0.2211819552675
5.959183673469388,1460.0,0.00408163265306,0.2,-1.35242044919e-18,0.0,0.443921806054,0.221960903027
5.96326530612245,1461.0,0.00408163265306,0.2,1.71422924912e-18,0.0,0.445460529676,0.222730264838
5.967346938775511,1462.0,0.00408163265306,0.2,2.46328430718e-18,0.0,0.446979853317,0.2234899266585
5.9714285714285715,1463.0,0.00408163265306,0.2,6.31853491427e-19,0.0,0.448479551969,0.2242397759845
5.975510204081633,1464.0,0.00408163265306,0.2,3.08786522666e-19,0.0,0.449959403747,0.2249797018735
5.979591836734694,1465.0,0.00408163265306,0.2,-3.8180671842e-19,0.0,0.451419189946,0.225709594973
5.983673469387756,1466.0,0.00408163265306,0.2,-1.51322766899e-18,0.0,0.452858695086,0.226429347543
5.987755102040817,1467.0,0.00408163265306,0.2,-8.61227366566e-19,0.0,0.454277706961,0.2271388534805
5.991836734693878,1468.0,0.00408163265306,0.2,-2.61054892599e-19,0.0,0.455676016692,0.227838008346
5.995918367346939,1469.0,0.00408163265306,0.2,-3.35163658039e-19,0.0,0.457053418767,0.2285267093835
6.000000000000001,1470.0,0.00408163265306,0.2,-5.44374178566e-19,0.0,0.458409711092,0.229204855546
6.004081632653062,1471.0,0.00408163265306,0.2,-5.38186867584e-19,0.0,0.459744695035,0.2298723475175
6.008163265306123,1472.0,0.00408163265306,0.2,-9.76602518405e-19,0.0,0.461058175469,0.2305290877345
6.012244897959184,1473.0,0.00408163265306,0.2,2.00954927141e-18,0.0,0.462349960814,0.231174980407
6.016326530612245,1474.0,0.00408163265306,0.2,1.73225847775e-18,0.0,0.463619863085,0.2318099315425
6.020408163265307,1475.0,0.00408163265306,0.2,-3.32907109328e-19,0.0,0.464867697924,0.232433848962
6.024489795918368,1476.0,0.00408163265306,0.2,-7.24077512282e-19,0.0,0.466093284649,0.2330466423245
6.028571428571429,1477.0,0.00408163265306,0.2,1.50773849845e-18,0.0,0.467296446285,0.2336482231425
6.03265306122449,1478.0,0.00408163265306,0.2,1.40152519907e-18,0.0,0.46847700961,0.234238504805
6.036734693877552,1479.0,0.00408163265306,0.2,2.20824136327e-19,0.0,0.469634805184,0.234817402592
6.040816326530613,1480.0,0.00408163265306,0.2,1.17590341519e-18,0.0,0.47076966739,0.235384833695
6.0448979591836745,1481.0,0.00408163265306,0.2,2.07230911885e-18,0.0,0.47199260354,0.23599630177
6.048979591836735,1482.0,0.00408163265306,0.2,1.92433312471e-18,0.0,0.473327996621,0.2366639983105
6.053061224489796,1483.0,0.00408163265306,0.2,5.78735261212e-19,0.0,0.47464123693,0.237320618465
6.057142857142858,1484.0,0.00408163265306,0.2,-1.57221226411e-18,0.0,0.475932134287,0.2379660671435
6.061224489795919,1485.0,0.00408163265306,0.2,-5.10082579092e-19,0.0,0.477200502199,0.2386002510995
6.06530612244898,1486.0,0.00408163265306,0.2,1.51645036466e-18,0.0,0.478446157904,0.239223078952
6.069387755102041,1487.0,0.00408163265306,0.2,-1.66544544531e-19,0.0,0.479668922406,0.239834461203
6.073469387755103,1488.0,0.00408163265306,0.2,4.65917751827e-19,0.0,0.480868620516,0.240434310258
6.077551020408164,1489.0,0.00408163265306,0.2,1.27031781031e-19,0.0,0.48204508089,0.241022540445
6.0816326530612255,1490.0,0.00408163265306,0.2,8.88047870747e-19,0.0,0.483198136061,0.2415990680305
6.085714285714286,1491.0,0.00408163265306,0.2,-4.15552378689e-19,0.0,0.484327622475,0.2421638112375
6.089795918367347,1492.0,0.00408163265306,0.2,-8.13062293858e-19,0.0,0.48543338053,0.242716690265
6.093877551020409,1493.0,0.00408163265306,0.2,-2.65677177862e-19,0.0,0.4865152546,0.2432576273
6.09795918367347,1494.0,0.00408163265306,0.2,2.96597189159e-19,0.0,0.487573093074,0.243786546537
6.102040816326531,1495.0,0.00408163265306,0.2,-1.04616840792e-18,0.0,0.48860674838,0.24430337419
6.106122448979592,1496.0,0.00408163265306,0.2,-2.63718414172e-19,0.0,0.489616077019,0.2448080385095
6.110204081632654,1497.0,0.00408163265306,0.2,-2.63923554964e-19,0.0,0.490600939592,0.245300469796
6.114285714285715,1498.0,0.00408163265306,0.2,-7.47734877801e-19,0.0,0.491561200825,0.2457806004125
6.1183673469387765,1499.0,0.00408163265306,0.2,7.51675566239e-20,0.0,0.492496729597,0.2462483647985
6.122448979591837,1500.0,0.00408163265306,0.2,3.45159308561e-19,0.0,0.493407398963,0.2467036994815
6.126530612244898,1501.0,0.00408163265306,0.2,4.5952199133e-19,0.0,0.494293086177,0.2471465430885
6.13061224489796,1502.0,0.00408163265306,0.2,-8.74892390285e-20,0.0,0.495153672716,0.247576836358
6.134693877551021,1503.0,0.00408163265306,0.2,5.68769389191e-19,0.0,0.495989044302,0.247994522151
6.138775510204082,1504.0,0.00408163265306,0.2,1.36023896034e-18,0.0,0.496799090916,0.248399545458
6.142857142857143,1505.0,0.00408163265306,0.2,-1.81367621108e-19,0.0,0.497583706824,0.248791853412
6.146938775510205,1506.0,0.00408163265306,0.2,-1.09834365224e-18,0.0,0.49834279059,0.249171395295
6.151020408163266,1507.0,0.00408163265306,0.2,-1.08907592065e-18,0.0,0.499076245093,0.2495381225465
6.1551020408163275,1508.0,0.00408163265306,0.2,-4.42528392826e-19,0.0,0.499783977543,0.2498919887715
6.159183673469388,1509.0,0.00408163265306,0.2,8.08592209828e-19,0.0,0.500465899495,0.2502329497475
6.163265306122449,1510.0,0.00408163265306,0.2,-7.84051415415e-19,0.0,0.501121926858,0.250560963429
6.167346938775511,1511.0,0.00408163265306,0.2,-7.05098680308e-19,0.0,0.501751979914,0.250875989957
6.171428571428572,1512.0,0.00408163265306,0.2,-1.4357208456e-19,0.0,0.50235598332,0.25117799166
6.175510204081633,1513.0,0.00408163265306,0.2,-3.04945095901e-19,0.0,0.503174555416,0.251587277708
6.179591836734694,1514.0,0.00408163265306,0.2,-5.26507077335e-19,0.0,0.503989214901,0.2519946074505
6.183673469387756,1515.0,0.00408163265306,0.2,7.81321719393e-20,0.0,0.50477822394,0.25238911197
6.187755102040817,1516.0,0.00408163265306,0.2,5.53114168918e-19,0.0,0.505541480955,0.2527707404775
6.1918367346938785,1517.0,0.00408163265306,0.2,9.4100066484e-21,0.0,0.506278888695,0.2531394443475
6.195918367346939,1518.0,0.00408163265306,0.2,2.84626231335e-19,0.0,0.506990354254,0.253495177127
6.2,1519.0,0.00408163265306,0.2,8.6336645563e-19,0.0,0.507675789085,0.2538378945425
6.204081632653062,1520.0,0.00408163265306,0.2,1.06141996405e-18,0.0,0.508335109011,0.2541675545055
6.208163265306123,1521.0,0.00408163265306,0.2,2.56078574034e-20,0.0,0.508968234237,0.2544841171185
6.212244897959184,1522.0,0.00408163265306,0.2,-1.42395999165e-18,0.0,0.50957508936,0.25478754468
6.216326530612245,1523.0,0.00408163265306,0.2,-3.0564274003e-18,0.0,0.51015560338,0.25507780169
6.220408163265307,1524.0,0.00408163265306,0.2,7.72780252388e-19,0.0,0.510709709705,0.2553548548525
6.224489795918368,1525.0,0.00408163265306,0.2,-5.60553831348e-19,0.0,0.511237346157,0.2556186730785
6.2285714285714295,1526.0,0.00408163265306,0.2,-1.78948448689e-18,0.0,0.511738454983,0.2558692274915
6.23265306122449,1527.0,0.00408163265306,0.2,4.15511019659e-19,0.0,0.512212982853,0.2561064914265
6.236734693877551,1528.0,0.00408163265306,0.2,3.83768790833e-19,0.0,0.512660880866,0.256330440433
6.240816326530613,1529.0,0.00408163265306,0.2,-6.67005358738e-19,0.0,0.51308210455,0.256541052275
6.244897959183674,1530.0,0.00408163265306,0.2,1.08811287563e-18,0.0,0.513476613866,0.256738306933
6.2489795918367355,1531.0,0.00408163265306,0.2,-4.29167771572e-19,0.0,0.513844373205,0.2569221866025
6.253061224489796,1532.0,0.00408163265306,0.2,1.19304259749e-18,0.0,0.514185351385,0.2570926756925
6.257142857142858,1533.0,0.00408163265306,0.2,1.52462621783e-18,0.0,0.514499521652,0.257249760826
6.261224489795919,1534.0,0.00408163265306,0.2,7.0855960399e-19,0.0,0.514786861673,0.2573934308365
6.2653061224489806,1535.0,0.00408163265306,0.2,6.09484666507e-19,0.0,0.51504735353,0.257523676765
6.269387755102041,1536.0,0.00408163265306,0.2,9.65491828417e-19,0.0,0.515280983719,0.2576404918595
6.273469387755102,1537.0,0.00408163265306,0.2,-4.30330787513e-19,0.0,0.515487743136,0.257743871568
6.277551020408164,1538.0,0.00408163265306,0.2,7.88074821914e-19,0.0,0.51566762707,0.257833813535
6.281632653061225,1539.0,0.00408163265306,0.2,4.70410996914e-19,0.0,0.515820635198,0.257910317599
6.283185307179586,1540.0,0.00155265411836,0.0760800517997,-1.61995547471e-18,0.0,0.515868617506,0.257934308753
