/*--------------------------------*- C++ -*----------------------------------*\
  =========                 |
  \\      /  F ield         | OpenFOAM: The Open Source CFD Toolbox
   \\    /   O peration     | Website:  https://openfoam.org
    \\  /    A nd           | Version:  14
     \\/     M anipulation  |
\*---------------------------------------------------------------------------*/
FoamFile
{
    format      ascii;
    class       volVectorField;
    location    "69.99999999997";
    object      U;
}
// * * * * * * * * * * * * * * * * * * * * * * * * * * * * * * * * * * * * * //

dimensions      [0 1 -1 0 0 0 0];

internalField   nonuniform List<vector> 
2646
(
(0.000735210740917 -0.00409886200014 0)
(0.00115644005437 -0.00191306217855 -5.58134070279e-18)
(0.00429220181627 -0.0029230673559 -4.93332876903e-20)
(0.015890845342 0.00211820189958 3.25512843945e-18)
(0.00275724519159 -0.0120280738127 -9.27465803831e-19)
(-0.0796004266537 0.0120793744339 0)
(-0.0104653435412 0.00511813484451 0)
(-0.105018452851 0.00327538458472 0)
(-0.335595197688 0.0962577196852 -1.18798087352e-16)
(-0.353595215462 0.0212729035491 3.68968273109e-17)
(-0.0641460153949 0.0383300396608 1.11242131225e-18)
(-0.366291179154 -0.0344127683076 -5.13254108982e-18)
(-0.406045781901 0.0331432966517 1.50310441446e-16)
(-0.403751881184 -0.00174987404654 2.43752421617e-17)
(-0.378238244426 0.0695951687103 2.87678340854e-17)
(-0.234599133657 -0.127358183481 6.80227005514e-19)
(-0.383507971203 -0.0571074507971 -4.07843932155e-17)
(-0.204940046468 0.104986605904 0)
(-0.349184878443 -0.0999670437273 -1.43998021977e-16)
(-0.114505037784 0.0634725013567 0)
(-0.304398353123 -0.058211459528 4.8585528112e-17)
(0.00227154895152 -0.00622859384794 6.68278775852e-18)
(-0.217572495928 0.000979164606514 2.77605908262e-18)
(-0.349647470325 -0.00705238050417 -1.72994261106e-16)
(-0.217942459585 -0.0602207842295 -4.95097097685e-17)
(-0.102234742478 0.0545309552902 2.03987597199e-18)
(-0.167367481494 0.0263433267923 0)
(-0.306412637967 0.0539663331923 1.37158954935e-16)
(-0.324411426985 0.0317460997849 0)
(-0.197486336537 0.0719708287066 8.12083088194e-17)
(-0.107355530085 0.0163668578776 -5.64345387664e-17)
(-4.39543107357e-05 0.00183571572788 1.68888567243e-18)
(0.00029035681984 -0.00874845450445 -1.14311220697e-17)
(-0.000968946029012 -0.0378847396885 0)
(-0.00947133502553 -0.0239938689478 0)
(-0.0629942619784 0.041462083926 0)
(-0.272990779848 0.107548384133 0)
(-0.392370932314 0.0522392792961 -1.13888687498e-16)
(-0.409367827249 -0.0410245774702 -3.82408299e-17)
(-0.291833029152 -0.118126464568 -7.27709416583e-18)
(-0.139051986851 -0.0727092661762 0)
(-0.10798636969 -0.0714772011571 -2.87441234292e-19)
(0.000186928189246 0.00317730209145 7.00119141426e-17)
(0.000476538158942 -0.00220085567704 -1.59911677828e-16)
(0.00145000193039 0.00277317106706 3.54077544863e-17)
(-0.00944314101997 -0.011579116123 1.4181760057e-17)
(-0.00350337329688 0.00390683367908 -1.12813896558e-17)
(-0.00233555403798 0.0985109761078 -5.0484471054e-17)
(-0.00285520499729 0.0337732603589 1.5069539708e-17)
(0.0135124579379 0.170052992868 -1.08203335611e-17)
(-0.0955014110945 0.298043668197 -9.24151837456e-17)
(0.0418300662379 0.360324848177 1.89229302546e-16)
(0.0121628996929 0.346242466197 0)
(0.04954472303 0.305644389035 1.25640374577e-16)
(-0.0487423674722 0.0718115531344 5.11825630795e-19)
(-0.07314433641 0.125097380412 -4.87643795082e-18)
(0.0528295321326 0.22577305878 -1.15435377178e-16)
(-0.00304497302787 0.347138275759 -7.42647231778e-17)
(-0.0211278006178 0.383271228915 1.715433384e-16)
(0.0116128604967 0.37179251861 -1.74163451514e-16)
(-0.0636792299604 0.338398847401 0)
(0.0939073389028 0.25051369129 -7.3922255711e-17)
(0.0506801104175 0.369795638928 -9.13297773593e-17)
(-0.117362729842 0.20004511426 5.06182039194e-18)
(0.0785407158303 0.335856976195 2.58096010511e-16)
(-0.0793627696433 0.120520418356 1.09327028484e-17)
(0.00845392788042 0.213914461327 6.32958909308e-17)
(0.00784069886475 0.00416399826922 -2.96285494249e-17)
(0.0557769385822 0.145681494039 5.71593143134e-17)
(-0.0554173621768 0.281165073355 1.323305823e-17)
(-0.00981147614914 0.3143866816 2.65769838742e-17)
(0.0320313047834 0.11464236127 1.72500303484e-17)
(-0.0814816610178 0.218459079445 7.17598111963e-17)
(-0.0386098142789 0.157585774221 -2.39533666317e-17)
(-0.00205260621487 0.0635505653005 -2.21938679033e-16)
(-0.0151887069472 0.165374190998 0)
(0.000323358215998 -0.00294742940387 5.82172943873e-19)
(0.00273536662906 0.00252631891577 4.15442905119e-17)
(0.0224496983307 0.0566909608455 1.27723775206e-16)
(0.0110431409033 0.0659256533137 9.76744973503e-17)
(-0.058554443487 0.0629037142163 3.3333924172e-18)
(-0.11787710364 0.257710250987 -8.86447403608e-20)
(-0.0345662522595 0.359017987479 0)
(0.0389534874673 0.376567294207 -2.46003078421e-16)
(0.0815045258307 0.279324100324 -2.18402182474e-17)
(0.0637552180901 0.178500574461 3.17396110697e-17)
(0.00296221978069 -0.406134896347 1.04699071788e-16)
(-0.0236617029587 -0.0904153284524 -4.20961780925e-17)
(-0.00564776087503 -0.257967268086 -4.78652827801e-17)
(-0.147252451558 -0.468289401186 1.77090127636e-16)
(-0.0561499027641 -0.540323000565 0)
(-0.0855396792835 -0.147632089115 4.16436660558e-18)
(-0.0137857947125 -0.449514864552 0)
(-0.0490483338776 -0.457824854601 0)
(-0.0163742908775 -0.426476721566 6.72211128974e-17)
(-0.0969135921906 -0.452084827205 -3.59853454116e-16)
(0.0350075314752 -0.37189274477 1.92949569334e-18)
(-0.00463891173825 -0.398852659342 0)
(-0.173055493411 -0.321999745923 1.93206982425e-17)
(0.0126559430383 -0.387148539938 0)
(-0.131616656374 -0.213673905548 -1.63726763444e-17)
(-0.00612573533507 -0.442875127902 0)
(0.00870171116393 -0.00811963253669 -1.89978662333e-18)
(-0.0410511985469 -0.506315512355 -2.15078930536e-16)
(-0.0331664916582 -0.487186196901 4.68217981385e-16)
(0.0138395864003 -0.446825308061 0)
(-0.112089372341 -0.216248544079 -2.32140065985e-17)
(-0.0458736073319 -0.418489416052 0)
(-0.102700014603 -0.472637459693 -1.32478167023e-16)
(-0.0631470937119 -0.50060626109 1.49342564084e-16)
(-0.113583422417 -0.339973507532 1.92902756464e-17)
(-0.0412386917235 -0.269593107248 4.87945927484e-17)
(-0.0116255362087 -0.0115014809766 3.42318279812e-17)
(0.00399401591313 -0.0222231146378 0)
(0.00728712084244 -0.364468793968 -4.58486711025e-16)
(-0.091364816519 -0.12944057641 -1.10594796265e-16)
(-0.161972973455 -0.396486736208 0)
(-0.0622648590451 -0.466434078002 2.17902793108e-16)
(-0.0174567961132 -0.417867267481 0)
(0.0306583548634 -0.380869367251 0)
(0.0377694723954 -0.344020372541 1.24010751034e-16)
(0.0543266590156 -0.412155265775 2.26242733423e-16)
(0.0612404382268 -0.448777844186 -1.63075485793e-16)
(-0.0463807850339 -0.0306181733978 -2.25421518739e-17)
(-0.0969020785647 0.0710865209703 -6.98750765035e-17)
(0.263139694087 0.0224686993359 1.09399723658e-16)
(-0.0681336012932 0.0530729654248 0)
(0.0220178810834 0.0947715254109 -7.49775647656e-18)
(0.541257196274 0.00755342446574 2.49303567603e-16)
(0.348006500492 0.00121441561627 -4.88344364297e-17)
(0.414661208999 0.0419700572784 0)
(0.351038280597 0.0934815926509 7.50828157855e-16)
(0.386416097073 -0.00380208029568 3.91556142615e-16)
(0.427482325244 0.0138660043123 1.46437356699e-15)
(0.405421323177 -0.00676373676082 -3.17541091507e-16)
(0.153465549235 0.086916622278 6.89897106548e-18)
(0.216802247831 0.0877422501846 5.34014949256e-18)
(0.348801855535 -0.0126935080583 3.28509286353e-16)
(0.414371426482 0.0226295001771 -4.66961113572e-16)
(0.404710680972 0.0385514729335 -2.66703992565e-16)
(0.393620466556 0.0145241722717 -4.99140685729e-16)
(0.39812882473 0.0517139806978 1.09937743692e-16)
(0.322492319691 -0.0304599524095 -6.25796550542e-16)
(0.381430603125 -0.00515163108153 8.33695498938e-16)
(0.267949888634 0.135187479392 -1.21718732906e-17)
(0.38422134334 -0.0542854071178 0)
(0.19006408456 0.13392438821 -4.56698146173e-17)
(0.453405049327 -0.003443759957 5.13817673221e-16)
(0.193037812408 0.0281827210593 -5.25928541439e-18)
(0.306051730064 -0.0443781173706 -4.96016419007e-16)
(0.383880917258 0.0416012697414 -1.43444315349e-16)
(0.416997400973 0.0500675258222 0)
(0.428523814472 -0.0419076400093 1.69678673737e-18)
(0.302603615444 0.0827108923011 -3.03588663764e-16)
(0.345949998577 0.0217060055664 1.18405857484e-16)
(0.539285948275 0.0280287221271 -3.11601464104e-17)
(0.530200290757 0.00612804294876 -5.06332494145e-16)
(0.082063487145 0.106217797092 1.18409846804e-16)
(0.306924444752 -0.0591018812324 0)
(0.0489783082752 0.0714944111506 -1.21230862724e-16)
(0.372308745718 -0.0302490562541 -3.96093579942e-17)
(0.123687599569 0.132715324459 0)
(0.323210415824 0.126082444297 3.73557522614e-16)
(0.412325078313 0.0706292341809 -3.59665491303e-16)
(0.391009256079 -0.00261236429298 -7.19921028423e-16)
(0.332496438289 -0.0417688002 0)
(0.298382052232 -0.0793802160898 3.82083088666e-16)
(0.448453799308 -0.382105453689 -1.75415321557e-15)
(0.290591494866 -0.104730252301 2.69916577821e-15)
(-0.00670735679476 -0.469493388355 0)
(0.0213954492136 -0.309000034355 9.91805743305e-17)
(0.382797942756 -0.0101513375309 0)
(-0.409937414235 0.0304303613204 2.55781761914e-16)
(-0.408979503129 0.0157406751966 -2.55781761914e-16)
(-0.171049377842 0.107439654574 0)
(-0.187485866573 0.111787922425 0)
(-0.365295905138 -0.0831021755495 2.4599414775e-16)
(-0.374084267348 -0.101335257627 4.73034001957e-16)
(-0.036776791252 0.0339629155249 0)
(-0.0508819371996 0.0404630109199 0)
(-0.331970592904 0.112429253487 0)
(-0.309967261646 0.124641705504 0)
(-0.367029909287 0.0832665018592 0)
(-0.353662695577 0.10944530304 3.46313307828e-16)
(-0.2165709793 -0.131409963809 -3.53348829696e-17)
(-0.198337871632 -0.116903849485 3.53348829696e-17)
(-0.0815642628113 -0.0721783330672 0)
(-0.0980249832244 -0.0925046025388 0)
(-0.0177941844311 0.384612259308 0)
(-0.000754450322937 0.376784360873 4.93347707424e-16)
(-0.112546371116 0.166564231107 -4.63823246737e-17)
(-0.121939496158 0.184121969058 -1.28246124386e-17)
(0.0631085165535 0.35394226544 2.65705789433e-16)
(0.0827387906092 0.352645139137 -1.37154017475e-15)
(-0.0412842303726 0.0378547734711 -3.73007988694e-18)
(-0.051495455747 0.0524596173225 -3.03244164065e-17)
(-0.105642585177 0.297992081588 8.12622830255e-17)
(-0.121941806895 0.283483534452 -8.12622830256e-17)
(-0.0840714109032 0.326997716089 -2.26257254192e-17)
(-0.100943766579 0.325147523366 2.26257254192e-17)
(0.0999527954088 0.236718233196 -1.04233574527e-16)
(0.108041176786 0.220874680896 1.04233574527e-16)
(0.0701309258144 0.133722214111 0)
(0.0606286765012 0.145164799721 -1.00718573964e-16)
(-0.39268666245 -0.0941055902291 1.75753295153e-16)
(-0.265655677341 0.20260888748 -2.01958033201e-17)
(-0.0894047229817 0.0796868000402 -4.09265906081e-19)
(0.341075861528 -0.0370135321288 -4.09654440348e-16)
(0.131192104194 0.182835834933 0)
(-0.144660897114 -0.15642991322 0)
(-0.184108907042 -0.189366347092 0)
(0.321485335623 0.0745256178339 -1.52420190078e-15)
(0.261253958817 -0.10823467304 2.00149648088e-15)
(0.316624405782 0.0971453410999 1.18266814503e-15)
(0.352912207082 -0.0291482658118 0)
(-0.399313763721 -0.0822867210852 3.27787796657e-16)
(-0.110279109837 0.099289669184 0)
(0.147871252332 0.204305480497 0)
(0.239709265616 0.207438060007 9.29398716411e-17)
(-0.0894185937766 -0.357529313309 0)
(-0.09710220906 -0.345206007045 -4.30010484745e-17)
(-0.214312924019 -0.385753749071 1.13791360606e-16)
(-0.220600179304 -0.367341283016 -2.00307389254e-16)
(-0.194678614281 -0.387105936639 0)
(-0.200775070937 -0.381634389016 -1.19257491817e-16)
(-0.23968826306 -0.315397974313 -1.47904824384e-16)
(-0.248589012468 -0.307590706666 1.12157799048e-16)
(-0.310093858885 0.20726027487 0)
(-0.332482661977 -0.196681203425 -1.68671022133e-16)
(0.266084533092 -0.111958571594 -1.83728180393e-15)
(0.272413592479 -0.0925081957324 0)
(0.288274092287 0.184576260726 0)
(0.361518776228 -0.003217622431 -1.566320838e-16)
(-0.409107720819 -0.0283560178545 0)
(0.16740204097 -0.10193292528 1.98558518452e-16)
(0.22839856734 0.215897393335 -2.86796133195e-16)
(0.265601032266 -0.103660299308 8.9911682979e-16)
(-0.321284364986 0.207164446195 -3.74813954336e-16)
(-0.266103449298 0.190554765444 0)
(0.354789801383 0.00259178527275 -1.71857438483e-15)
(-0.250549401579 0.196582982453 -1.25862529294e-16)
(0.314693243212 0.107754524974 1.77820434804e-16)
(0.321341338014 0.0661065601008 -8.38605246505e-16)
(-0.238172028625 -0.289283339369 0)
(-0.213224856298 -0.259147653695 0)
(-0.132673732434 -0.353420356949 3.12210488368e-16)
(-0.148165756789 -0.373121134892 6.83051550136e-17)
(-0.237202837592 -0.367850287219 -4.23325705186e-16)
(-0.236127121207 -0.371037954401 4.95989993037e-16)
(-0.0764353679026 -0.352572431173 -1.82997968543e-15)
(-0.0688787518411 -0.347358110437 1.5237448893e-15)
(0.0670472235179 -0.280847722978 8.22026631001e-16)
(0.00490970173206 -0.29185903178 0)
(-0.0476648235424 -0.330276388888 1.44752958143e-15)
(-0.123859427788 -0.351455734697 3.65647418901e-16)
(-0.11701108031 -0.361532244795 0)
(-0.161833909152 -0.378273486768 -7.71696086154e-17)
(-0.166145640912 -0.364788290351 -6.4933296659e-17)
(-0.0270296000029 -0.363433883966 0)
(-0.234187922588 -0.345041057193 -3.13417089745e-16)
(-0.249767360983 -0.341657849949 2.5290352237e-16)
(-0.190569679622 -0.219420429189 0)
(0.0135673502707 -0.288696551166 1.53014390671e-15)
(0.0183970133103 -0.298051599834 -1.60524706787e-15)
(0.0310085404793 -0.330531681578 -1.73877037934e-15)
(0.0800914717019 -0.276983709702 -1.47024909952e-15)
(0.0783699272478 -0.272666123384 1.44442147151e-15)
(-0.0518504072283 -0.339505503039 -2.26999434196e-15)
(0.0581158502955 -0.291518204732 -2.45100258533e-16)
(-0.00142515048574 -0.303783693915 6.50173612583e-16)
(-0.0312332655939 -0.355107683818 -5.83490919239e-16)
(0.0293300239481 -0.328996278373 2.00076934413e-15)
(0.269270476112 -0.084304883166 0)
(-0.197779459535 -0.212905638937 1.01293338853e-17)
(-0.322688464546 -0.209155770678 -3.9477370779e-17)
(-0.385965679188 0.0786443398366 5.67476533295e-16)
(0.319458962935 -0.0439746490412 -2.15174096922e-15)
(0.335050452131 0.0789616823282 -8.31067482229e-16)
(0.293182802783 0.181134995858 1.93960343208e-16)
(0.19216743969 -0.0743244351939 2.72959487824e-17)
(-0.403155647172 -0.0160388687326 -4.92615902458e-17)
(0.329915453298 0.0894178106175 -1.61666636814e-15)
(-0.37550381158 -0.097175889894 2.16433349212e-16)
(0.352804186887 -0.010969239884 2.7260641764e-15)
(-0.406768234378 -0.042005373445 0)
(0.276793061232 0.197546969909 -2.16935997781e-16)
(0.211233348536 -0.100971226045 0)
(-0.344365948925 -0.190454758219 1.10629997164e-16)
(0.259249056 0.18389689396 -2.94596203184e-16)
(-0.41815096302 -0.0424443056813 1.01980244489e-17)
(0.381640646031 -0.0151950713855 -5.12963042821e-17)
(0.223281346194 -0.134289310221 0)
(-0.405802929405 0.0426241072798 -1.02734785292e-15)
(0.232057407252 -0.0989756817684 -7.349890909e-16)
(-0.35873267029 0.147415670615 5.5023710499e-16)
(-0.290408849947 0.194387747944 1.29061856612e-16)
(0.230639343641 -0.129972751201 6.65686187492e-16)
(-0.365035850047 0.0801946125954 6.97685709473e-16)
(0.253408407889 0.208129861936 1.71092412015e-16)
(0.350905142686 -0.0222390762281 9.0659446993e-16)
(-0.39383324245 -0.0638810186627 -3.83411159583e-16)
(0.11541511724 0.175770340712 -6.67972297215e-17)
(-0.133913902888 -0.141398053449 0)
(0.18912204676 0.218950077201 1.1246356865e-16)
(-0.15829982752 0.12756490606 -1.85898109822e-17)
(0.0941498779669 -0.261790518016 -1.13822112102e-15)
(0.0817704829386 -0.27131632807 1.84531864611e-15)
(0.141614308446 -0.0815625436161 0)
(-0.0817765109936 0.0776621504138 3.97711988403e-18)
(0.197337424601 0.218196171957 1.56760900083e-16)
(-0.369182644236 0.154196978564 5.32317772922e-16)
(0.263626341055 0.194370113702 2.3531710392e-16)
(-0.406815560621 -0.0496154570663 -1.15361739324e-17)
(0.364442637687 -0.0172828546456 -8.9007962584e-16)
(-0.418118439069 0.0353856963494 1.21605479423e-15)
(0.315102634144 0.157095464037 -1.16019301456e-15)
(-0.344273570591 0.174490212996 0)
(0.283080511812 -0.092361381193 1.61744163943e-16)
(-0.370256075152 -0.159710098803 0)
(0.31147008308 0.16757519442 1.02240572339e-15)
(-0.338850846114 0.174590524366 0)
(-0.366870932424 -0.173838513263 -2.7708675332e-16)
(-0.362905718255 0.101553402898 -1.12784516107e-15)
(-0.407830188319 0.0507472687358 3.59839576812e-17)
(0.234248868798 -0.111809960593 4.28804622185e-16)
(-0.170708299617 0.140675740123 4.22333364283e-17)
(-0.125047938061 0.102442480582 5.46165235425e-17)
(0.166277880689 0.200871352723 0)
(0.326173411195 0.11444109206 -6.57267039288e-16)
(0.275377332063 -0.0725444047451 2.03937729598e-15)
(0.333454528117 0.0609155766292 -8.6762910816e-16)
(0.331419624172 0.0031428546761 1.45711430947e-15)
(0.252726294802 -0.108480001664 0)
(0.263009241277 -0.0932801917597 4.98079012658e-16)
(0.201394905836 -0.0847991972049 3.02873521005e-16)
(0.292057774916 -0.0650725741075 -2.13013047603e-15)
(0.152133322466 0.259575910014 -1.3007080873e-16)
(0.190633008499 0.259256243226 3.42281786118e-20)
(0.172839559418 0.25486612471 -3.42105741954e-20)
(0.0488465340032 0.294570372383 0)
(0.0174172146312 0.176372346729 -1.72496320596e-26)
(0.0179409369036 0.135040530825 0)
(0.0181620179171 0.0961605440261 -2.70546298168e-15)
(0.272855678661 0.212900111469 7.0666670473e-16)
(0.0380407365187 0.322612807327 1.50566658846e-15)
(0.0179234067248 0.0593013434476 0)
(0.102082605923 0.370838557634 6.53098322446e-27)
(0.0275452749006 0.331963187711 -1.50566658847e-15)
(0.0830531295761 -0.0712532218139 0)
(0.167926952627 0.264134620898 2.82685236094e-19)
(0.0488550951997 0.242938836673 0)
(0.356326250369 0.043606979636 -9.13808553343e-16)
(-0.211159799107 -0.30565910762 -1.16179986003e-15)
(0.017044373173 0.0235291895609 1.08539351098e-26)
(0.23909632484 0.220626798088 0)
(0.0578076112695 -0.0997675475411 -2.86049827812e-15)
(0.141685358516 0.0672276586297 0)
(0.0879269531157 -0.0357326232749 -3.96257948989e-17)
(0.0153838622018 -0.0121877303869 -3.02116927632e-15)
(0.082832356502 0.0488689384388 0)
(0.140621921409 0.0340612660842 0)
(0.12830465532 0.0281842082534 9.87449874703e-27)
(0.0158692366851 0.403436179679 0)
(-0.421719040449 -0.00159638407851 0)
(-0.13770461237 0.359471788761 0)
(0.138281429389 0.00177299236683 0)
(0.00648446207245 0.183628339587 2.31750792836e-15)
(0.389246714046 0.00813271200328 1.08248404791e-16)
(0.0382985653884 0.303704526234 0)
(-0.199291046428 -0.313575788326 5.99698085682e-16)
(-0.154511821482 0.341786373237 0)
(0.00707125748503 0.141833029452 -1.80164763683e-26)
(-0.142398735521 0.349800095797 0)
(0.0150305403546 0.39736066124 0)
(-0.130191930177 0.277902847142 0)
(0.00739336146416 0.10245031386 2.70546298169e-15)
(0.129850939333 0.0962746633527 0)
(-0.212301057606 -0.221506520331 -1.53963262e-15)
(0.365549256629 0.00836861796509 -1.13326153972e-16)
(0.14166114307 0.102194356278 0)
(0.0406085116969 -0.0771813789403 5.38212388129e-27)
(-0.1891027331 -0.253980099744 -1.49726144597e-15)
(-0.201033078183 -0.245143933859 1.49726144597e-15)
(0.0762716707367 -0.0425877830131 5.81725773046e-15)
(0.106180611207 0.121170879094 2.47162448117e-15)
(0.358078367602 0.0295402813075 -9.53629479544e-16)
(0.367941889338 0.0220165224777 -9.71522995474e-16)
(0.0797468569253 -0.00791883795601 0)
(0.274136685059 0.202828024502 -4.55549776661e-16)
(-0.141976395529 0.270328142488 2.84006292219e-27)
(-9.00476395503e-05 -0.0818147980397 0)
(-0.126521751021 -0.119492154676 0)
(0.00729223300622 0.0651489652854 1.02643983337e-26)
(0.261232719036 0.214612082322 -1.09164980704e-15)
(0.366863983904 0.0375987226736 9.48555159735e-16)
(0.272833968478 0.215030293292 -5.57979986861e-16)
(0.218740714363 -0.0644401699803 -1.07871876611e-15)
(0.00523117268283 0.393287828849 0)
(-0.0584346461419 0.156796498429 0)
(-0.0369422311623 0.184375312097 0)
(0.102336499654 -0.00622810910462 5.66460022079e-15)
(0.0380391235045 0.251173114637 0)
(-0.0107065620801 -0.0893606158964 0)
(0.00633325277207 0.383433458239 0)
(-0.0223593533481 -0.11078485066 0)
(-0.0475580817419 0.163414780381 -4.22605947329e-27)
(-0.0575753077419 0.116263480081 -2.52784444068e-15)
(-0.047793299258 0.177549247027 4.22605947329e-27)
(-0.189704730154 -0.183630640463 0)
(0.00660580121321 0.0290415640135 0)
(0.0117581560626 -0.0614899304912 1.09915171197e-26)
(-0.0569901833702 0.0776237051254 0)
(-0.0462226449858 0.0837482964863 -9.77445328226e-27)
(-0.153428783659 -0.146502540165 0)
(-0.0467691082155 0.122565686378 0)
(0.0296214099735 -0.0847964992397 2.96463633294e-15)
(0.0554289975231 0.393002685537 -8.33515281175e-16)
(-0.0569330148907 0.0649785126474 0)
(-0.0677499143393 0.0588817371095 -2.71726997418e-15)
(0.252299885448 0.210867459411 1.09154166045e-15)
(-0.042615166004 0.394734850069 -7.92391436119e-28)
(-0.200478884957 -0.229712229304 1.53963262e-15)
(-0.186248080102 0.214544412847 -1.51109546942e-16)
(-0.0531627277217 0.388572690665 -1.8144185015e-27)
(0.0172258465126 -0.106069277794 2.92653653451e-15)
(0.0913166732097 -0.00158192819959 -2.8523768853e-15)
(-0.0766346879757 0.382875962427 0)
(0.0483934366563 -0.095072889389 2.86049827812e-15)
(-0.0570101785711 0.0278277317508 0)
(-0.168822083383 0.345703036171 -4.78954277434e-28)
(0.0692841186084 -0.0916676714033 0)
(-0.0421875677266 -0.246560751357 1.18021730255e-15)
(-0.0625879066538 0.388610365454 6.98525256585e-28)
(-0.427549806442 0.0347064869673 4.40533931348e-16)
(-0.0167203704056 0.40160995906 0)
(0.3898421054 0.0285370138773 1.63136576545e-15)
(-0.0334974004879 -0.393086685026 0)
(0.127498144751 0.01720180491 -9.87449874704e-27)
(0.141224601551 0.0450287030937 -2.58370908305e-15)
(-0.101887200515 0.371194910174 -9.47894148491e-16)
(-0.116388421719 0.363873106374 -3.54442224392e-27)
(0.159901175068 0.231202123415 -1.62428089378e-16)
(-0.387921834332 -0.129970332514 3.07685430897e-16)
(0.0713422641262 -0.0788882730383 0)
(-0.165026563272 0.194223664207 7.33622551441e-17)
(-0.0273787443264 -0.169433650721 0)
(0.095207090725 0.168125030833 5.25213243476e-17)
(-0.0985028631488 0.374490323564 0)
(0.117192322949 0.0442934029911 2.71750204589e-15)
(-0.126910544201 0.365908519337 0)
(0.114333155788 4.99525798609e-05 -2.81222333549e-15)
(-0.085720837448 0.381554779821 6.27785321793e-28)
(-0.0374521999787 -0.178403355725 1.59772949899e-19)
(0.140415200702 0.214989208734 0)
(-0.018795077125 -0.175992184201 -2.70425964079e-15)
(0.139334411918 0.0125988172279 -2.65459661561e-15)
(-0.00864397003723 -0.166843473626 2.70425685568e-15)
(-0.128021256517 -0.125096151248 0)
(0.0832393928975 0.0605066985162 0)
(0.105611815525 0.0495161246268 -2.71750204588e-15)
(0.0940320473951 0.0435545454126 -5.09143445856e-27)
(0.130764695649 0.299698925509 0)
(0.141591557076 0.11435936358 0)
(0.125783354701 -0.00442224658156 0)
(0.00103713713898 -0.068723126704 0)
(-0.0462983315295 -0.17152229037 0)
(-0.13479110925 0.0217824094201 2.58261167666e-15)
(0.118726898689 0.187974034884 0)
(0.129591965396 0.0614295078424 -1.91281237492e-26)
(-0.214201131921 -0.17629724573 0)
(0.0893127918752 -0.0240931532536 -3.71713431138e-17)
(-0.386457495334 -0.119567441701 0)
(0.102911305245 0.362094310906 0)
(-0.421065204162 0.0116009784452 0)
(0.392527675692 0.0117140245444 0)
(0.007104501753 0.40018989301 8.7036827016e-16)
(-0.128334509928 0.229454607744 -1.78903194494e-15)
(0.0934218915722 0.196249690284 0)
(0.117904452886 0.114720467142 0)
(-0.116120041084 0.207158703127 0)
(-0.431620008239 0.0404192961519 -2.0977564221e-16)
(0.382934129978 0.0342483024905 7.87247933803e-16)
(-0.0394311609286 -0.37717458941 1.43051744245e-15)
(0.00519548583199 -0.00687684782239 -2.19380177854e-26)
(-0.156752811181 0.32908344134 0)
(-0.037590870205 0.400872741659 -7.77656895624e-16)
(0.223064885572 0.245160884452 0)
(0.235959869723 0.235178720004 0)
(0.104420982569 0.20345265793 3.59718337392e-27)
(-0.14398251842 0.304569960566 -9.04193260241e-27)
(0.127369647223 0.202960004236 0)
(-0.143525995722 0.321879471369 9.04193260241e-27)
(-0.130594751269 0.295670727218 0)
(0.35264421162 -0.0559564681729 2.27343101498e-15)
(-0.134690642847 0.00905041543333 -2.54905684472e-15)
(0.387233703792 0.0441304150561 -1.53831591032e-15)
(-0.0483113709053 -0.394644170205 -3.32520997345e-15)
(0.377147198962 0.0572205360218 -8.40926255879e-16)
(0.0371084572837 0.375437927259 0)
(-0.0552974409531 -0.379340894341 1.55362541242e-15)
(-0.159731888366 0.342490581575 4.21430387508e-16)
(-0.426785853546 0.0401000408071 0)
(-0.422022206033 0.0515826405259 0)
(-0.0317219739397 -0.10482575249 -1.06239531317e-26)
(-0.128804767295 0.245036004561 -4.60605039284e-17)
(0.106645898841 0.364383995576 0)
(0.0214400829799 -0.0667123276112 -1.08716895285e-26)
(-0.0217409730775 0.406494962037 8.43826933092e-28)
(-0.0581726524111 0.14297223655 0)
(-0.0118638577506 -0.102923739855 0)
(0.105409168284 0.160687661824 0)
(-0.182001163108 -0.13673944042 0)
(0.107075279986 0.219974347349 0)
(0.127166244757 0.218232351496 0)
(0.202103344005 0.201294629754 0)
(-0.0293427191794 0.400866482481 0)
(-0.141371609871 0.253399450137 -1.65406093342e-15)
(-0.207853478863 -0.283721126322 0)
(-0.00518528376121 0.399926834675 0)
(0.219840071519 0.260077835318 0)
(-0.396929329581 -0.0832063163985 0)
(0.0753061100806 0.370587023129 0)
(-0.0896025023071 0.0215148607317 0)
(-0.0371397317708 0.198818941763 0)
(0.0079996456167 -0.100680029775 -2.92653653451e-15)
(-0.0677432686261 0.0463351393453 -2.77163387982e-15)
(-0.225219589051 -0.161512486665 -1.87391084066e-16)
(0.028033612729 -0.0980724647527 -2.67068809707e-27)
(0.368508182306 -0.0316141190357 7.75625726436e-16)
(0.0102342653923 -0.36272455484 -1.48887745921e-15)
(-0.0573735841786 0.103098838739 0)
(0.339305517976 -0.059121919741 -2.58314593602e-17)
(-0.0544484552988 -0.149546913022 0)
(0.0941960728054 0.177316030659 0)
(0.221727391424 -0.0543875735544 -1.10011353282e-15)
(0.00590197854265 -0.195463636395 1.30520669044e-15)
(-0.100739761692 0.0277266425521 2.68598142046e-15)
(0.105173730084 0.174470708054 0)
(-0.000228759288255 -0.173045761043 -1.62487460697e-19)
(-0.35560073892 0.188823360413 0)
(0.0175856223431 0.162274784387 1.72496320596e-26)
(0.252247839587 -0.0677208757656 0)
(0.081829881863 -0.215936453035 0)
(-0.0568813789787 0.0402474161354 0)
(0.106080413579 0.13400015235 0)
(-0.0786616247928 0.0277003375958 0)
(-0.0678001301918 0.0216325980614 0)
(-0.331243522337 0.192040849676 1.03472345811e-15)
(0.138699364696 0.24246539026 0)
(-0.385981071733 -0.109509946294 -1.85834712569e-16)
(0.0502209682538 -0.0820137710245 0)
(0.0949745809701 0.364149531769 -7.29618587313e-16)
(-0.0463265386049 0.0965752138741 9.77445328227e-27)
(-0.046988166197 0.136040254638 -2.48208838877e-15)
(0.00963944600176 -0.358259390706 1.44739404269e-15)
(-0.20291701142 -0.184474695341 -1.82706595004e-15)
(0.00265871755409 -0.353925453171 2.84616073671e-15)
(0.0727865157198 -0.185210564014 0)
(0.0180284836105 0.121756902752 0)
(-0.111887921473 0.0215622654853 -2.68598142046e-15)
(0.363246073725 -0.0493675729253 -7.75857793369e-16)
(-0.0452755714144 -0.156213224636 0)
(0.0849510805062 -0.0590231225575 -3.76495103916e-17)
(0.356442703825 0.015516817223 9.63206601593e-16)
(-0.251845375226 -0.189480301999 -1.20174304649e-16)
(0.138909139932 0.226113612087 -1.75590259111e-15)
(-0.354328138776 0.186995881458 -7.65956910684e-16)
(0.0180981077297 0.0836245671853 0)
(0.117123054868 0.153563348133 4.13715597811e-27)
(0.0134516992854 -0.344480813846 0)
(0.215875630381 0.192939274625 -7.44966636438e-16)
(0.120933334737 -0.0996137734934 0)
(-0.00826189973749 -0.360448893771 0)
(-0.170127658134 0.00315595383036 0)
(-0.428807381371 0.0166755080513 -4.58127245531e-16)
(-0.00931211869983 0.40470397545 -8.70368270162e-16)
(0.386753946197 0.0229818451755 -1.62913508568e-15)
(-0.308671843479 -0.175505530384 0)
(0.0167814782526 0.22012361665 2.08410432466e-15)
(-0.255291379111 -0.324376166756 -4.77319779944e-16)
(-0.266475261509 -0.316308426444 0)
(0.0489027347333 0.276575228171 0)
(-0.123374866022 0.027920074578 -2.58261167667e-15)
(0.131390854331 -0.102836150639 0)
(-0.00256569936086 -0.348965020044 -1.04246907861e-15)
(0.139617993729 0.180658866442 -8.94762728846e-28)
(-0.224087281507 0.255376019485 -2.26715138714e-16)
(0.0371796517685 -0.165258796831 0)
(0.207700655902 0.269872483508 0)
(0.135439621121 0.229887620059 1.29659196425e-16)
(-0.00139139114829 -0.368085214489 -8.86069177636e-16)
(0.117331103509 0.140332986821 -4.13715597811e-27)
(-0.343932548763 0.19716569115 8.30242132906e-16)
(0.139360488558 0.195128577247 8.94762728845e-28)
(0.0288859862034 -0.159987732763 -2.69281060781e-15)
(0.137712170462 0.250874504681 -3.09111964995e-16)
(-0.31561183653 -0.157223239864 0)
(0.118241086546 0.30166769828 0)
(0.118326641361 0.271473877353 0)
(-0.413970998687 -0.0162215227009 0)
(0.0208107732887 0.397315684183 0)
(-0.361532337443 -0.143168503413 6.89673563238e-17)
(0.0176514532299 0.0472164777374 0)
(0.10654035153 0.340494571193 5.14777552075e-16)
(-0.275155131488 0.233498813537 -1.14578695056e-15)
(0.078640353438 -0.0195016518423 2.89684832136e-15)
(0.107235918538 0.205848194196 0)
(-0.169968624193 -0.00973276572022 4.7991228738e-15)
(-0.290224756873 0.241378881349 3.6077128956e-21)
(0.390910392496 0.00584787757059 0)
(-0.0184614835216 -0.390807122345 0)
(0.127215798659 0.270890489215 0)
(0.27845222516 0.202201267017 -2.82937523932e-16)
(0.368156434156 0.0507401420864 8.8278573214e-16)
(0.141912931884 0.0786523548916 0)
(-0.265933253062 -0.295971448847 0)
(0.334341284254 -0.0680541806503 2.13677557137e-15)
(-0.208461597503 0.300332110056 0)
(-0.213170512432 -0.307012163257 0)
(-0.396344343877 -0.105056312082 -4.06800252794e-18)
(0.311219626138 -0.0717401817877 9.89596206878e-16)
(0.304839983502 -0.0654907446438 -1.07397118842e-15)
(0.116030610548 0.195684563135 0)
(0.328044141639 -0.0661624724002 -6.93243752867e-16)
(0.06116357216 -0.295726250311 1.61747762463e-15)
(-0.228879252544 0.205655579565 1.50928596656e-15)
(-0.197355698903 0.132415432199 -4.25288541722e-17)
(-0.245831147902 0.230823679592 0)
(0.118478251338 0.319998354479 0)
(-0.339420456358 -0.163033848564 0)
(-0.0235847235239 0.398733648031 -8.43826933093e-28)
(-0.397058630169 -0.103835229068 1.90869825315e-16)
(0.0843249558483 0.37271333617 7.29618587313e-16)
(-0.0337532767563 0.394094737796 0)
(-0.124964864963 -0.304176524688 -8.81096539419e-16)
(-0.1462252629 0.00281128674194 5.03704938945e-15)
(0.127903888381 -0.115560744874 0)
(-0.262086642044 0.239961459608 1.14578045464e-15)
(-0.27826594168 -0.288994576699 0)
(0.0565706948001 -0.160347694416 -2.62745786693e-15)
(0.227262276599 0.214770832628 6.74432025075e-19)
(-0.0517710292654 -0.256343298841 -8.8201772356e-18)
(-0.135850079592 -0.297407082498 0)
(-0.219346750895 -0.277662836939 0)
(0.0183961612014 -0.169510189238 2.69296252757e-15)
(-0.00209636662307 -0.189035141957 1.02802706521e-19)
(-0.204895748181 0.240510440421 -2.70545692269e-17)
(0.361338165071 -0.0382278144046 0)
(0.0432349863478 -0.308565881881 6.82161613379e-16)
(-0.244320237331 0.214593848424 0)
(0.136584047663 0.249432804284 3.09111964997e-16)
(0.138348144362 -0.118468138904 -2.34957638642e-15)
(0.0594289177766 -0.295026810465 3.59375176576e-17)
(0.128148196357 0.173817271744 0)
(0.010055023081 -0.342850809717 -2.01202699502e-15)
(-0.161493463997 0.349929385348 -1.38373917451e-27)
(0.101138478608 -0.0175481942337 -2.85967697825e-15)
(-0.0564975068545 -0.180337779834 0)
(0.0481397265634 -0.155483396277 2.62745786694e-15)
(-0.138866389275 0.187849009539 4.29438978427e-17)
(0.20404001947 0.284206079737 9.95057544027e-16)
(-0.21202273521 -0.206174752074 0)
(0.139885559537 -0.0675467929496 1.96058131871e-20)
(-0.239403767195 -0.195523344135 7.75038159941e-17)
(0.0872326972368 -0.186368753665 -2.99407260524e-18)
(-0.0759715713498 -0.181958239624 2.51712868703e-15)
(-0.0153580664158 0.396985725953 0)
(-0.402992755407 0.0869952731985 0)
(0.104105089235 -0.176635127184 2.9776694912e-18)
(0.0100790802706 -0.163702583025 0)
(-0.345549464468 -0.147976112187 0)
(0.105146497664 0.323730341244 -5.14777552075e-16)
(0.127072778378 0.250918598473 -1.72192766784e-15)
(-0.0117067496278 -0.378926483033 0)
(-0.0656192534449 -0.173291917667 0)
(0.0595695587691 0.267926411152 0)
(0.179343564927 0.0513044784467 2.42460599673e-15)
(-0.181985503265 -0.0160886983093 -6.96417454287e-17)
(0.206273300924 0.0951440184895 -2.17141350816e-15)
(0.0165231205107 0.0115379287573 -1.08539351098e-26)
(0.0160904323816 -0.185540203239 0)
(-0.115791837058 0.0838669297096 2.28920236842e-18)
(-0.0509202754997 -0.0926948610853 0)
(-0.40837576819 0.0760608289772 0)
(-0.116426326164 0.221757739277 0)
(0.0494048616785 -0.311553934752 -1.26035052457e-15)
(0.0558487662453 -0.304956274959 1.44676770811e-15)
(0.00264070734943 -0.330044772675 -1.85351472649e-15)
(-0.146717841075 0.108111745098 6.10295815219e-17)
(-0.226077477592 -0.231522599833 1.36134871968e-15)
(0.140808131015 0.139752738748 0)
(-0.290204887252 -0.261125958278 4.58976631354e-16)
(-0.135512048507 -0.280677886238 1.73431124447e-15)
(-0.0417744899053 -0.360857823518 0)
(-0.251551106757 -0.343356471075 -1.42670727547e-18)
(-0.110719973973 0.339829771168 0)
(0.0706997364598 0.276730171562 0)
(-0.353187612381 0.122753361537 0)
(-0.170932727505 0.302272552651 0)
(-0.238940320587 -0.224052919612 -1.36134871968e-15)
(0.0767515220857 -0.154779231399 2.56106460752e-15)
(0.240280761344 0.240047371392 0)
(-0.137639454746 -0.248949877847 0)
(0.00079681414342 -0.373833163549 0)
(0.356000866154 0.105670525207 0)
(0.329437881955 -0.0671146226778 -2.12374356795e-16)
(0.0382518629569 0.359300938606 1.33064320014e-15)
(0.0343652744789 -0.180915150943 1.29245328028e-15)
(-0.277167155725 -0.268789025259 -4.59308423041e-16)
(-0.304274279523 -0.270468875159 0)
(-0.285419579585 -0.207958647415 4.53467398439e-17)
(-0.158248173296 0.00937406755247 -2.48799254471e-15)
(0.0423248943019 -0.186323514977 0)
(-0.235917135188 -0.291027676969 0)
(-0.261516359441 0.148832458386 6.12979458303e-17)
(0.255274635801 0.221401062336 -5.45683850588e-16)
(0.250797085969 0.0377956145597 3.31079721973e-15)
(-0.317081805091 0.19846374811 -1.03283022633e-15)
(-0.127114987445 -0.257209061465 -1.97164470991e-15)
(0.192752433237 0.0463232809426 -2.42400832613e-15)
(0.231419502106 0.254668966838 2.17564413795e-28)
(-0.166394895485 -0.15028763381 0)
(-0.387344375308 0.0940320977524 0)
(-0.284072017031 -0.30482812828 5.79130411633e-18)
(0.190618750067 0.15129091764 -1.94303202346e-15)
(0.0927727803186 0.148140458579 -5.6154181823e-18)
(-0.0906132104666 -0.101689972919 0)
(0.214541804681 0.279899671174 -5.88533058488e-28)
(-0.251729943147 0.149306745968 -1.5981085313e-15)
(-0.38986988589 -0.120936213715 -3.09137185979e-16)
(-0.0647721938571 -0.157933334528 0)
(0.179702388351 0.062078140636 -1.4823134252e-19)
(0.213832970236 0.223706153903 0)
(-0.140162259003 0.222386939696 1.78903194494e-15)
(-0.107495861438 -0.274662138838 9.53200331599e-16)
(0.126856473958 0.268225850297 0)
(0.137174637476 -0.0792141879453 -1.96057954869e-20)
(-0.181845422011 -0.0291183664207 -2.11888761795e-27)
(-0.275895624466 -0.321278225332 0)
(-0.38111359287 0.1383428804 0)
(-0.127424738208 -0.272936006745 0)
(-0.328518364502 -0.182053196048 9.13888905837e-16)
(-0.169590305275 -0.0490714829826 -2.17063067541e-27)
(0.129416528074 0.120837966033 8.47472060922e-27)
(-0.22516303373 0.141973339402 -1.08078393153e-18)
(-0.146614573664 0.357424946166 0)
(0.104065967748 0.250945029536 -1.80350602297e-15)
(0.223357632827 0.271947932239 5.88533058488e-28)
(-0.291416978597 -0.295267364797 0)
(0.0680970517719 -0.150476216507 -2.56106460752e-15)
(0.129173588357 0.0501621872455 1.91281237492e-26)
(0.206515895938 0.0517606799869 0)
(0.0985829124981 -0.0400844838911 -2.8522640711e-15)
(-0.176150445637 0.201721100149 1.76000021412e-15)
(-0.302497832578 -0.286329475474 -5.4753713403e-16)
(-0.301880265865 -0.287351988879 5.34475488137e-16)
(-0.161287402377 0.203854600187 -7.33622551442e-17)
(0.144484862316 -0.134046042879 2.20884375325e-15)
(-0.30262929431 0.233779813628 0)
(0.103913647827 0.268124077723 -1.55917047834e-27)
(0.233022361558 0.260620720359 3.12204156528e-28)
(0.049034002657 0.350460943899 -1.33064320012e-15)
(-0.226968001727 0.13447405468 0)
(-0.169593739399 -0.0358967898889 2.17063067541e-27)
(0.0598228423919 0.323003957235 -1.45703951676e-15)
(-0.187747689744 0.180786921993 0)
(-0.375832273023 0.134726973986 0)
(0.0731902167634 -0.170009964277 -2.42962663977e-15)
(0.20306266346 0.294940987242 -6.95741088791e-16)
(-0.175504940484 0.187281153761 0)
(-0.206847440751 -0.0155848226757 0)
(-0.0307538233293 -0.0911732138176 1.06239531318e-26)
(-0.0568352674133 0.37964945278 1.81441850151e-27)
(-0.227549293827 0.190207652248 0)
(0.0927283756316 0.294973543228 0)
(0.209877640968 0.285054635028 -3.66530997276e-28)
(-0.00102267017535 -0.248106046804 -1.20852429948e-15)
(-0.237890525231 -0.314220242564 9.910919058e-16)
(0.359104063334 0.062391980999 -1.41344201626e-15)
(-0.255699407597 -0.235904117322 0)
(0.0814983149224 0.267945187286 -8.11046725998e-28)
(0.321670627076 -0.0750547925039 0)
(-0.239409779623 0.16948674641 -4.79195502992e-20)
(0.171219902691 -0.0885357312664 2.87310416492e-19)
(0.00936522876597 -0.087240651614 -1.07465003382e-26)
(-0.237319856883 0.141535060126 0)
(0.251122556142 0.0470160245051 2.10796681056e-15)
(0.185483689011 0.273928761564 0)
(0.0936518400343 0.181887833607 0)
(0.0383186186486 0.0243004549305 -5.8890616134e-15)
(0.22090530908 0.0467549151914 0)
(-0.313562580309 0.238135514133 0)
(0.0599250623359 0.303881838681 0)
(0.116279164445 0.181294180673 0)
(-0.387188547196 0.10831320612 0)
(-0.0684415347713 0.371572823393 0)
(0.0929252702107 0.276840769383 0)
(0.0433527204005 -0.225955773572 2.29036635974e-15)
(-0.0343748478996 -0.254338371773 -2.36896619985e-15)
(0.015789969714 -0.24314682081 1.2044417311e-15)
(0.235410708982 0.0321366979965 -2.22232880722e-15)
(-0.258649897491 -0.255706792184 0)
(0.308942751379 -0.0690155440612 1.80375800672e-15)
(0.0239505797738 -0.191270152027 -1.2924448585e-15)
(0.0704884250792 0.294891023161 0)
(0.00888254677407 -0.237057082912 -2.43311837299e-15)
(0.197737358868 0.264699113788 0)
(-0.116862999581 -0.281819094972 -9.53794267395e-16)
(-0.0837195895146 0.370940383223 0)
(0.0493288670937 0.331943501114 -2.04092945662e-26)
(-0.181522851928 -0.0558127104226 0)
(0.0705692723227 0.242745555618 0)
(0.122875890694 -0.191382725792 1.00310189508e-15)
(-0.15367067634 0.216961205619 4.70651792711e-29)
(-0.276819608757 0.109565300485 -6.23895740778e-18)
(0.0495087245892 0.197281462542 0)
(-0.401768751968 0.0963438621671 0)
(0.241651396948 0.250728156326 7.06868851081e-16)
(0.0322868360933 -0.238034437406 0)
(-0.240785286755 0.184295068472 4.79196417983e-20)
(-0.232355259134 -0.160986676242 1.87391084066e-16)
(0.183542726105 -0.0908607463886 6.81129486234e-20)
(0.192873511021 0.0675584359607 -2.82333084782e-19)
(-0.0155879504857 0.383637967154 0)
(-0.172780837485 0.241130915802 -4.70651792711e-29)
(-0.138851453429 0.181901982945 -4.29438978427e-17)
(0.17776721921 0.0199188293543 0)
(-0.151610220481 0.200794096247 -1.72556672591e-27)
(-0.0700803522135 0.356949222441 0)
(0.178321200416 0.132144768096 -2.10633776643e-15)
(-0.245823067596 -0.262485789587 0)
(0.290785851354 0.150921892982 -7.45771220669e-16)
(0.0201283998028 -0.0796538106642 -2.96463633293e-15)
(0.212326411662 0.239483182499 0)
(0.138744425175 0.276791344559 6.49831056249e-28)
(0.0819763053315 0.30400493444 0)
(-0.237291361913 -0.206944768256 0)
(-0.0283270493756 -0.28149630702 1.20716476427e-15)
(0.199105623054 -0.0823928718857 -1.08381526591e-15)
(0.115242405483 0.294987045377 0)
(0.0816547018864 0.250970528192 8.11046725998e-28)
(0.0251318163555 -0.231410940608 9.59231973365e-18)
(-0.0915887353492 0.137144893086 0)
(0.152570404378 -0.109203244725 2.34960342259e-15)
(-0.00801806599714 -0.240982386871 2.39218812908e-15)
(-0.0174729432746 -0.251864363449 -2.40086289643e-15)
(-0.0773800532776 0.0636582844316 0)
(-0.0758687954661 0.0773249428277 0)
(0.253001040306 0.237475497378 -7.06868851081e-16)
(-0.224157145338 -0.182989516501 -5.745366011e-27)
(-0.307214986044 -0.0643422059857 0)
(-0.0103514220082 -0.383031656726 9.04756941794e-16)
(0.37799952438 0.080940118483 0)
(-0.16396784316 0.208358291289 -1.76000021412e-15)
(0.192163366092 0.0359322660637 2.4654790134e-15)
(0.0285058588249 0.155244537856 -1.79598938027e-26)
(0.11772170379 0.0668949474169 -2.66260786747e-15)
(-0.365367479938 -0.123714460676 0)
(0.0949190987575 0.349053855705 0)
(0.0277972248112 0.0296882214104 2.9512261841e-15)
(-0.106997241016 0.37083806668 -5.53059678619e-28)
(-0.307329411867 -0.0502739830362 2.1859382453e-15)
(0.201420328514 0.21667485428 0)
(-0.139707052104 0.207624159183 1.6633877741e-27)
(0.179221634802 -0.102548240212 -2.16010309431e-15)
(0.0596665652064 0.251056706449 0)
(-0.291716103743 -0.0716207393231 7.94217004871e-16)
(0.115336932551 0.0111462193328 -5.06326835214e-27)
(-0.087558573281 -0.308498838692 9.95597672753e-16)
(-0.29196320583 -0.296326452709 0)
(-0.2602555469 -0.274528455934 0)
(0.210110432749 0.271406630164 -4.09629871966e-28)
(-0.14601317891 -0.0359553295776 -2.55751083631e-15)
(0.0599742885568 0.219374956798 0)
(-0.22680132796 -0.319520081809 5.18913767688e-17)
(-0.262149417719 0.102423831308 -8.76805877021e-16)
(-0.147438572917 -0.256238744748 0)
(0.249551134088 0.231122068912 4.07618983769e-16)
(0.0707488264833 0.226941294262 0)
(-0.0943953419482 -0.329993510555 -1.3843781173e-15)
(0.0391891323191 -0.202809862107 0)
(0.1929942184 0.0784956764544 -2.2484669798e-15)
(-0.266630697782 0.135617846067 8.92658236316e-17)
(-0.145566102741 0.258294052052 0)
(0.126786213027 -0.157219641864 -2.85453989126e-17)
(-0.143703223467 -0.321779925013 0)
(0.178597739831 0.030339083488 -2.4654790134e-15)
(-0.0597115013255 0.33083777664 0)
(-0.291606006019 -0.0855270526972 -2.95922302462e-18)
(0.115364429866 0.242513922897 1.72192766784e-15)
(-0.174394432146 0.146167245591 2.00927046888e-15)
(0.131058485811 -0.192943328629 9.30256360737e-16)
(0.25003739692 0.0183647118207 0)
(-0.0972617867405 -0.283143447864 1.99333237699e-15)
(-0.0854406916354 -0.174669058253 -2.51712024883e-15)
(-0.232001839516 -0.0148120415651 0)
(0.218810999236 0.257997452985 -2.17564413795e-28)
(0.159435175919 -0.124123883337 -6.59226836837e-17)
(-0.167531128137 0.272029463145 0)
(0.0391968748206 0.161952007491 -2.40032353623e-15)
(0.11552818503 0.226345103953 0)
(-0.0186736375085 -0.270747099918 9.09699113418e-18)
(-0.070447562436 0.0624884311439 -9.4569594894e-19)
(-0.269592866832 -0.229123744365 -1.06468060982e-15)
(0.368816642753 0.0962930279491 0)
(0.15025603144 -0.00252384701575 2.40879439883e-27)
(-0.085394700047 -0.321618325384 -2.79856257816e-17)
(-0.247884533821 -0.283399018852 0)
(-0.14521813437 -0.304680325719 0)
(0.145138907089 -0.0943046094706 -7.5359419544e-20)
(-0.0295802524115 -0.300432587599 -2.29274089122e-15)
(-0.215810287167 -0.256785026736 -1.31679545366e-15)
(0.0396959338716 0.0961769974952 0)
(-0.137959618349 -0.233008036312 0)
(-0.107416010227 0.0868120467616 -2.24735270392e-17)
(-0.224014731059 -0.197919448231 5.745366011e-27)
(0.199077416918 -0.0284469780071 -2.37965209214e-15)
(-0.0795024161946 0.103538635288 0)
(0.290641233323 0.180736135648 -7.01827755332e-17)
(-0.286770929008 -0.3100851169 0)
(0.10423858108 0.303925876894 0)
(0.148911597917 -0.0132352842031 -2.40879439883e-27)
(0.204799458171 0.290566744281 6.95741088793e-16)
(0.300234667753 0.0911269461719 0)
(0.136027212696 -0.0196216611339 0)
(-0.258900396141 0.0251390627938 -1.91395776971e-15)
(-0.156249231384 -0.279024594947 0)
(0.296864654998 0.166700355083 6.12834829075e-17)
(-0.309748839504 -0.273218513173 1.49208530668e-16)
(0.187839019942 0.306400467559 4.34790008761e-28)
(0.283356105914 0.038152816952 -1.00564705577e-15)
(0.206388956467 0.0839576571094 2.24863326618e-15)
(0.261631762851 0.227564797658 0)
(-0.194569833073 -0.00927711850077 -2.29699412472e-15)
(-0.0358903584754 -0.273336662034 -2.2841329656e-15)
(0.212870618378 -0.0855135923077 1.09299330203e-15)
(-0.219597379463 0.316790489517 0)
(0.26659770567 0.024288916165 0)
(-0.229085553365 0.242647340726 2.26715138714e-16)
(-0.058680434654 0.349438092436 0)
(0.155933586605 -0.179482466206 8.5521923144e-16)
(0.283386347806 0.0473589206907 -6.82156663291e-17)
(0.0534766422427 -0.175754095678 0)
(-0.244860403418 -0.00795065637272 8.92657026841e-28)
(0.219229304458 0.0170109077035 2.3138504115e-15)
(-0.0250225990845 -0.243768082142 3.57089946831e-15)
(-0.181588943001 -0.111183379599 0)
(-0.18718278849 0.166802654104 1.85761813914e-15)
(0.205902962383 0.0313704177824 0)
(-0.205991186849 -0.055540768036 2.19734091315e-15)
(0.0505159861263 0.10241599952 2.39350800581e-27)
(-0.156538872666 -0.294019757643 0)
(-0.192829305215 0.134460046004 4.43282097874e-17)
(0.288163205719 0.162766863027 1.33136183575e-15)
(0.332835370437 -0.0714038133045 0)
(0.124500953229 -0.0154545034276 2.77285845312e-15)
(-0.0254637970287 0.37687918585 2.84309539026e-28)
(0.163344720187 0.00355308465139 -2.56335552693e-15)
(-0.0202062813805 -0.0836724467764 0)
(-0.189411832594 -0.270062269316 -7.18997649031e-16)
(0.234469269231 0.0226247096169 -2.3138504115e-15)
(0.0615412350179 -0.180631065031 0)
(-0.126801220309 0.36065608013 0)
(-0.206571557772 -0.0287116073028 -4.36099439939e-15)
(0.107491255145 -0.0559212188382 -2.74600895777e-15)
(-0.0913507706019 0.368968117084 9.47894148492e-16)
(0.0501961991501 0.154923553896 2.40032353623e-15)
(-0.0690822266487 0.136545661185 8.98573809074e-27)
(0.0580295271566 -0.196990434711 0)
(0.156375335981 -0.0969585289957 0)
(-0.218860125329 -0.0351048344901 4.21051078864e-15)
(0.26704542691 0.032324760071 -1.08835663574e-15)
(0.050199414494 0.0657255677733 0)
(-0.28594342073 0.169370633821 -1.20078936364e-17)
(0.0377245658748 0.0124725263898 -2.98824547153e-15)
(0.115619977228 0.276933570994 0)
(-0.272388321 0.0318822391107 8.77488260327e-16)
(0.0968685089589 -0.0518282508815 -2.83436258468e-15)
(0.147060020559 -0.194868185936 7.77863010428e-16)
(-0.245391650033 0.00522477728607 -1.922698818e-15)
(0.0931822815854 -0.0754167633228 0)
(-0.247437349914 0.253533722458 3.42582671433e-16)
(0.0393442370115 0.0596438395779 0)
(-0.309743095679 0.135439350347 0)
(-0.117823338273 0.353207911539 3.54442224392e-27)
(0.30092736429 0.08187676633 -6.26464413275e-17)
(0.121770690313 -0.0373813787362 0)
(-0.0804944378017 0.143530292045 -4.27083703779e-27)
(-0.0486867925466 0.303054541684 0)
(0.190951096933 0.015579710379 0)
(0.163757002968 -0.111586603056 0)
(0.283923430992 0.0671007800819 0)
(-0.193302387505 -0.118485493834 0)
(-0.105643708975 0.34636548867 1.13125769802e-15)
(-0.13455825105 -0.0293898553679 2.55751083631e-15)
(-0.231582921214 -0.0280953361228 -2.06677957531e-15)
(-0.0905274072556 0.0973952845148 0)
(-0.370911041164 0.0500595966963 0)
(0.134126527114 -0.131642299268 0)
(0.028634932328 0.141583075529 2.51294271539e-15)
(0.131041688101 -0.209338739312 -7.86414375928e-16)
(0.0286404066098 0.0654009427987 0)
(-0.134492997241 -0.0164936708907 0)
(-0.0912636912475 0.123614997892 2.43049986985e-15)
(0.0288266384071 0.0776060731758 0)
(0.046652551275 -0.20833702085 0)
(-0.206485423542 0.323213461686 0)
(0.0601642412817 0.204415546341 0)
(0.0607760149435 0.175553814774 0)
(-0.0357828357609 0.382546323347 1.13651732222e-15)
(0.0268791438261 0.00621829507553 2.9882454715e-15)
(0.191772710625 -0.104089742777 2.16013243782e-15)
(0.164446118331 0.0140979049097 0)
(0.0656665546054 -0.201763395256 0)
(0.155029230125 -0.143779679748 2.77754762963e-17)
(0.0500096118787 -0.231573027386 -2.29036635974e-15)
(0.0395500513715 0.1348186058 -2.51294271537e-15)
(-0.105831385724 -0.175921044824 -2.36657632471e-15)
(0.134425709213 -0.0306384444447 0)
(-0.258372433804 0.0120124458797 3.76595100679e-15)
(-0.403057203327 0.0752689800526 3.04533071904e-16)
(0.0471895990685 -0.274823553078 3.04067616952e-15)
(-0.117112917538 -0.200241436635 -2.26600927434e-15)
(-0.2281058139 -0.250147147318 1.31679545366e-15)
(-0.16773051869 -0.27023525752 0)
(-0.233404491915 0.0241851704407 -1.98994118623e-15)
(-0.321079272658 0.0923708959337 1.29633113559e-15)
(0.0503160021544 0.141351452178 0)
(0.138031933535 0.294585935625 -1.38086546032e-15)
(-0.214821779045 -0.161637579672 0)
(0.123139415004 -0.224943118461 0)
(-0.275526584604 -0.165577906608 0)
(0.205025923468 0.0212671699613 0)
(-0.304046491108 0.22010516117 1.10235096583e-15)
(-0.250589884482 -0.19956906864 0)
(0.0288676616979 0.102406713031 0)
(0.0280598573567 0.183261608858 -2.30568814835e-15)
(0.06135822006 0.134602805879 0)
(0.104211349671 0.218567323005 1.93366373121e-15)
(0.279701869339 -0.00739957412741 0)
(-0.265119262395 0.1435310116 2.35804737635e-15)
(-0.252876392844 0.163755244443 0)
(0.283642461021 0.0767454145838 1.83536241524e-15)
(-0.303771947535 0.0711620476863 0)
(-0.0797680429718 0.116768834503 0)
(-0.0786181884845 0.0402206318271 2.77163387982e-15)
(-0.290315389091 0.0911946719739 -7.96086266736e-16)
(0.295008711948 -0.0796205719722 -1.60075450898e-15)
(-0.220959319013 0.0301801913086 9.50581424019e-28)
(0.196970316631 -0.038563755889 0)
(0.0288665773267 0.115241496689 0)
(-0.182614067392 0.0098679181984 0)
(0.037311123594 -0.103127428891 0)
(-0.223414899583 0.120833742184 1.82904839568e-15)
(-0.146159704822 -0.0100083074439 2.49765042442e-15)
(0.0145842940986 -0.0243828019271 -4.90397185362e-18)
(-0.233002920455 0.0111882483103 0)
(-0.00261014702787 -0.108613489321 0)
(-0.0902845981231 0.0843945653675 3.87273212983e-17)
(-0.193833147317 -0.0488857893344 -2.19734091316e-15)
(0.0261743292 -0.00576070809489 3.02116927633e-15)
(-0.101391090409 0.078322591266 2.57943718665e-15)
(-0.261727777278 0.089078240263 8.66564290544e-16)
(-0.113027897145 0.360565706691 0)
(-0.314896516848 -0.261758419835 2.83062979515e-16)
(0.0609516450837 0.1616052501 0)
(-0.274164527745 0.0700631468267 -1.69549529719e-15)
(0.0593115463026 0.358264990336 8.89220746412e-27)
(0.110693428421 -0.0332723431881 5.08220366674e-27)
(-0.149404567493 0.118856894276 -2.25479831707e-15)
(-0.0774820673667 -0.301553803137 -9.74547393292e-16)
(0.281875679 0.0992963074245 0)
(-0.0462713997746 0.375256661104 -1.13651732222e-15)
(-0.248126819384 0.0822464612302 -1.88555227533e-15)
(-0.0981503393456 -0.249541585288 0)
(-0.137722300486 0.125065090014 -4.83957618393e-17)
(-0.304415786441 0.085053104322 8.01973640191e-16)
(-0.0316300063187 -0.218623892309 -2.48955777482e-15)
(0.15285442422 0.0292667338924 0)
(-0.248952232372 0.10834693212 -9.49346828245e-16)
(-0.202318603294 0.282857241073 0)
(0.152028239675 0.0185468620524 2.65459661561e-15)
(-0.0827831374406 0.330474082538 -5.85801076396e-28)
(-0.0483960537551 0.322074491154 0)
(-0.0386336812532 -0.194545982123 2.55641092673e-15)
(-0.0596510989004 0.294112806 -7.60977174543e-28)
(-0.146572382279 -0.271417530084 -1.71624754722e-15)
(-0.174768939021 0.159680312244 0)
(0.119920688389 -0.0487820420694 2.74600895777e-15)
(-0.247657949848 0.0693896038243 0)
(0.165718932123 0.0350082159222 -2.30047900485e-27)
(-0.386466013159 0.129976920181 0)
(-0.215350913885 0.153872941242 -6.9620183073e-19)
(-0.221311132279 0.0431383474684 -2.04055403602e-15)
(0.0505430957524 0.115148755488 -2.39350800581e-27)
(0.235629092303 0.0521389935222 0)
(-0.181911084769 0.281189245426 1.28803484284e-15)
(0.150356571393 0.267999457507 0)
(-0.196423806253 0.305982243573 -4.57817276745e-28)
(-0.326811233268 0.135370908743 -2.02486907812e-17)
(-0.194663912022 0.319519476813 4.57817276745e-28)
(-0.158401097153 -0.2473757156 0)
(-0.166159302968 0.345224412774 1.38373917451e-27)
(-0.0883198845922 -0.274563336915 -1.99844350253e-15)
(-0.392237479128 0.117064036134 3.76622468672e-16)
(-0.0938865772432 0.3551079354 -1.13125769802e-15)
(0.105399765942 -0.0678149641045 0)
(-0.252495485092 0.214134125025 0)
(0.206801624398 0.0621730065331 0)
(0.22037013975 0.0368905390606 0)
(-0.352342691968 0.055217182128 0)
(0.06148892725 0.0962363001708 2.64356894304e-15)
(0.0614102918626 0.121512572344 0)
(-0.173682628735 0.119566721497 -4.23837621608e-15)
(-0.0820390045639 0.348125647175 5.85801076396e-28)
(-0.157794338263 -0.0293493884658 0)
(0.248805250534 0.00908025986866 0)
(-0.234229414618 0.049755580703 2.04055403602e-15)
(-0.107472171741 -0.224496549202 0)
(-0.258307582975 0.269203494437 -7.39224738065e-16)
(-0.106630083586 0.330020997538 1.26968285539e-15)
(-0.161733679511 0.125817171059 2.14835687128e-15)
(0.355245618877 -0.0572396094423 -1.47860554112e-15)
(0.0318450293425 -0.329134371315 1.4496999017e-15)
(-0.107855118761 -0.258140288551 0)
(-0.100700017212 0.00266567312155 2.4984245547e-27)
(0.219988445756 0.100644517587 -1.02312215978e-15)
(-0.026249566791 0.359369451585 -2.84309539026e-28)
(0.150823470069 0.250796054069 0)
(-0.21851564038 -0.0484538506831 -2.04422462509e-15)
(-0.0517269535604 -0.106414160899 -3.05918711108e-17)
(0.039611479939 0.121624048113 0)
(0.166313412362 0.0457255132957 2.30047900485e-27)
(-0.113034603891 0.0849274124829 0)
(0.220822330166 0.0675123104489 2.14289235715e-18)
(-0.128080309847 -0.225030020471 0)
(-0.219672539818 -0.00867220074709 0)
(-0.344365416489 0.155531506897 -4.32058776293e-16)
(-0.102075889425 -0.0749764650342 -2.7457899347e-15)
(-0.291499924109 0.103908494595 1.23167578483e-17)
(-0.209251149354 0.0620448601237 -6.8909752756e-17)
(-0.157823918736 -0.0163835658414 -4.93013742808e-15)
(-0.0696225623358 -0.0539977440619 -2.90171231572e-15)
(0.123912035632 -0.0872093647403 0)
(-0.264145781239 0.129311973634 0)
(-0.347179047376 0.195855953033 0)
(0.21813200719 0.0073202409772 0)
(0.34146630026 -0.0635200670862 -2.14430344939e-15)
(0.266868102989 0.0617993493789 3.30094593447e-17)
(-0.0942315020664 0.32159323912 0)
(-0.158440865988 0.0221766322923 -2.22654797907e-27)
(-0.20106481547 0.329400836511 0)
(-0.0647798217021 0.383866377242 -6.5549838438e-16)
(-0.1823378513 0.327260667812 -1.61758780914e-27)
(0.0504287552781 0.0778028323953 2.75990995739e-15)
(0.359417429175 0.105052144646 -4.41814001162e-18)
(0.345755852716 0.113178649836 4.72947905678e-18)
(-0.117476751157 0.269035374454 0)
(0.29963373408 0.148952273563 0)
(-0.197323874488 -0.374678241728 0)
(0.192009457836 0.30496380709 0)
(0.126754025363 0.303354176532 1.38086546032e-15)
(0.0496950773287 0.182863349925 0)
(-0.208889905932 0.0491465708298 0)
(-0.233845385129 0.253376847178 -1.23886996741e-15)
(-0.0374540435061 0.228303781713 0)
(-0.235631467733 0.101400347867 3.72491691657e-15)
(-0.0795760083993 -0.0350178962163 0)
(-0.252129126796 0.239720359467 0)
(-0.178915388341 0.248099500486 -6.19811689276e-17)
(-0.0945481205523 0.303157750383 -1.51723105784e-15)
(-0.260497242042 0.0635405652333 0)
(0.171046623155 -0.126285948751 -6.60496479011e-17)
(-0.0945380800491 -0.152338363625 0)
(0.0395907702153 0.0837505271576 -2.75990995739e-15)
(0.199478316155 0.248652061173 -1.36649546423e-15)
(-0.253509182971 0.291141776101 -2.59990196267e-28)
(-0.183580167009 -0.40909593094 0)
(-0.223066814933 0.10757316114 -3.86843317444e-15)
(-0.157697836265 -0.0558271653513 0)
(-0.234602953261 0.0627081222395 0)
(0.0114766328319 -0.219008884873 -1.25760673129e-15)
(0.00386807454457 -0.212251665762 2.50871835455e-18)
(-0.197241593962 0.0810679145881 4.25604958667e-15)
(-0.323230694793 0.105268201605 6.58503957713e-16)
(-0.291206188053 0.222178510914 -3.49573298329e-16)
(-0.209803230489 0.219745604912 0)
(0.107062141647 -0.240292593818 1.51404013124e-15)
(0.0789384212779 -0.0959889801968 2.76114230882e-15)
(-0.306196511935 -0.0926900570499 2.14183627752e-17)
(0.0722421192865 0.141097608924 2.43943400702e-15)
(-0.403280430928 0.0905176134198 -3.05853212974e-16)
(-0.269690771526 0.24785134121 0)
(0.221167856956 0.274270165343 3.93413635418e-28)
(0.0715149300171 0.18241231677 0)
(-0.104215182094 0.185663819674 0)
(-0.194181028446 0.27421421254 -2.50763343803e-15)
(0.347805496167 -0.0638458063157 7.29266710057e-16)
(-0.224460503177 0.147609450117 -1.81840635648e-15)
(-0.210940297756 0.127033645985 -1.96551765308e-15)
(-0.211386053736 0.140465726583 1.8183644723e-15)
(0.0492251913248 0.0304301249717 2.9378354293e-15)
(-0.179040592293 0.337569280222 1.61758780914e-27)
(-0.107192279933 -0.208047701105 2.26600927434e-15)
(-0.079273140915 0.37626773214 0)
(-0.0912077244039 -0.0679057595284 2.7457899347e-15)
(-0.329117957445 0.148968244349 -1.24644528823e-15)
(0.192306025356 0.101298445437 2.17114832056e-15)
(-0.236575163112 0.127768519274 -1.82945059144e-15)
(-0.288636080587 0.0643988329365 1.69549529719e-15)
(-0.0824975325086 0.294216003455 1.51723105784e-15)
(0.0927168964951 0.242594211517 1.80350602297e-15)
(0.267155525142 0.052611171363 -2.17749933493e-15)
(0.114547962822 -0.124814127492 -2.5084051356e-15)
(0.0282218701648 0.0416052987418 5.33726974251e-27)
(-0.0511876229523 0.0499773462084 1.36951060464e-18)
(-0.193970305059 -0.035630279245 2.21726318606e-15)
(-0.196890590532 0.0680804684049 2.14474830479e-15)
(-0.225241399044 0.161670173121 -1.72782814761e-15)
(0.0546567523917 -0.0448866364465 0)
(-0.249544015977 0.262107619874 0)
(-0.10142738064 -0.0484755817597 0)
(-0.218747797891 0.314983673203 0)
(-0.166701593666 0.254951929944 1.4990149961e-15)
(-0.0789638749647 0.0779039561818 -2.61816450794e-15)
(-0.250564638797 0.281334331612 3.96642066632e-16)
(-0.185039622071 0.0871535397883 -2.16085045088e-15)
(-0.195984916382 0.0423737549882 0)
(-0.275087940954 0.0830099864557 -8.6444917991e-16)
(-0.369564232059 0.0377831351646 -6.91091012722e-16)
(-0.148511308548 -0.224535791043 0)
(-0.125254216863 0.104805469109 -4.67106083958e-17)
(-0.114220329457 0.124305513105 0)
(-0.277952704703 0.123376532771 6.25714718746e-18)
(-0.272085892722 0.272637130789 0)
(-0.343747549772 0.171590100825 -6.1080074885e-16)
(-0.102509407805 -0.0884727806416 0)
(-0.186141294381 0.126469381378 6.00819198917e-17)
(-0.0907910897257 -0.0547468041518 -1.26605030369e-27)
(-0.319547015014 0.0649024211995 4.92688540559e-17)
(-0.106561880413 0.374367286442 5.53059678618e-28)
(-0.190277059917 0.225200260548 1.57776199904e-15)
(-0.149012101566 0.105589021303 -2.32835089831e-15)
(-0.207664602871 0.325743897743 -2.3609273149e-28)
(-0.17791176613 0.231757703137 5.67355191829e-17)
(-0.112753402036 -0.0685261332903 0)
(-0.0680530535354 0.0840051951244 4.7899421576e-27)
(0.153679753697 0.0507678317502 2.58370908305e-15)
(-0.0939040735809 -0.137559735588 0)
(-0.356140324363 0.175559456323 1.19787119034e-15)
(0.090898323648 -0.0878803975188 -5.47932723905e-15)
(-0.113348364079 0.097998782907 -4.36461428981e-17)
(-0.0711342601662 0.302984873122 6.77287696621e-28)
(-0.331293402601 0.178769172717 -1.1423317705e-15)
(-0.0682245777002 0.0969217418256 -4.7899421576e-27)
(-0.195637251537 0.0294884060974 0)
(-0.1145864531 0.137816986217 -2.30554102781e-15)
(-0.0788315893298 0.0651603363155 5.39802672869e-15)
(0.18981425611 0.0053890077236 0)
(-0.173313010702 0.106365548813 5.78520642681e-17)
(-0.125629308878 0.11810221439 2.3031940789e-15)
(-0.29654619955 -0.198048599048 4.89755440395e-17)
(-0.126875482916 0.158518915466 -2.17042344285e-15)
(-0.340301515154 0.206831838804 0)
(-0.105279695338 -0.1605644142 -1.10957158075e-27)
(-0.198001421715 0.107009305569 -2.03656340494e-15)
(-0.194825113924 0.00367535491002 2.05658311679e-27)
(-0.10242535874 0.117388474234 -2.43049986985e-15)
(-0.263237799144 0.290106053443 2.59990196267e-28)
(-0.189597670485 0.203242052305 9.54071062959e-17)
(0.112190894118 -0.0219338892956 -2.77285845312e-15)
(-0.0697500159305 0.163910375163 -4.14159985749e-27)
(-0.0688095983879 0.123032355348 2.52784444067e-15)
(-0.209983629965 0.0877991517547 -4.12395143382e-15)
(-0.20917877717 0.283084780475 2.37500699163e-15)
(-0.0597555903817 0.276362603029 1.73285263426e-15)
(-0.236342336683 -0.174754168081 7.22496127503e-28)
(-0.222293596409 0.304823991087 0)
(-0.0923363539949 0.164464231827 -3.4175257066e-17)
(-0.070875792481 0.321522028003 -6.77287696621e-28)
(-0.103262910574 0.144173929547 2.30554102781e-15)
(-0.199492780828 0.160414000992 -1.85761813914e-15)
(-0.082431204903 0.276543976049 -3.13505674027e-17)
(-0.101180714321 0.0654842694557 -2.64071609055e-15)
(0.320272229512 -0.07798302832 0)
(-0.0421884204003 -0.11261269247 2.85762547804e-15)
(-0.198984052164 0.146749777968 -1.94834196421e-15)
(-0.182154751305 0.298087378033 1.12938141085e-27)
(-0.10359971363 0.157918706447 -2.24872392381e-15)
(-0.24554187762 0.300253944247 0)
(-0.243341981639 0.301760342082 0)
(-0.308348218763 0.224002500193 0)
(-0.104230665934 -0.321533044779 1.56386799384e-15)
(0.170691048186 -0.122694707097 -2.60122405055e-16)
(0.278058527639 0.133735467584 -9.26164017567e-16)
(-0.0265619178043 0.322293801627 -1.48856938568e-15)
(-0.239348362548 0.306077588412 0)
(0.0613543460754 0.083928268522 2.72141669424e-15)
(-0.0264741640229 0.220713071293 -9.68208550839e-28)
(-0.0926268343264 0.178454147936 2.1790928803e-15)
(-0.116679733225 -0.184371138629 2.36657632471e-15)
(-0.193315458513 0.257157052429 -6.01566846105e-17)
(-0.1811043753 0.338670090155 0)
(-0.198322452832 0.120181789193 3.99545507799e-15)
(-0.272731706132 0.232726204601 0)
(-0.222420896231 0.0817172011123 3.98619551872e-15)
(0.0390323459476 0.175980709513 2.30568814835e-15)
(-0.0376140149395 0.294121241109 1.64768153964e-15)
(0.0120066506317 -0.148565668639 -2.79295262708e-15)
(-0.212532672385 0.167788570184 1.72774797533e-15)
(-0.037562484831 0.243692153493 1.9323230862e-15)
(-0.136772852698 0.0987130365683 -5.00602094597e-17)
(-0.217296544625 0.227748080587 -1.45069740569e-15)
(-0.279290920839 0.259964837531 0)
(0.11074403119 -0.138523451875 2.37910009328e-15)
(-0.215974524543 0.211724336276 -3.08534493708e-15)
(-0.226307096035 -0.153531607114 7.99511905395e-28)
(0.279701392162 0.189320744676 0)
(-0.0263204671883 0.205881194667 9.6820855084e-28)
(-0.0153339483191 0.198472733654 8.20471114745e-27)
(-0.213430655541 0.182174347495 -1.69223370056e-15)
(0.2727233011 0.17422015551 -1.2855719174e-15)
(-0.111880970356 0.00891413504567 0)
(-0.20873628385 0.298563997603 0)
(0.116593456257 0.0330999139074 -4.95032837616e-27)
(-0.0700132462104 0.177989350106 4.14159985749e-27)
(-0.0485670961196 0.251598051685 0)
(-0.0896880031708 0.00895862396959 2.80607207039e-15)
(-0.0145018860691 0.142134485045 -2.52023045608e-15)
(-0.210322806206 0.100825310021 4.0055011589e-15)
(-0.235260932127 0.0882482225419 -7.18909453635e-17)
(-0.0708941382147 0.268053051158 -2.87756960536e-17)
(-0.0898119929584 0.0590854558255 -4.00406639683e-17)
(-0.201773793052 0.203269949793 3.21808792087e-15)
(-0.0250308232698 0.122207208443 2.59082878842e-15)
(-0.0807980685948 0.157332760928 2.28289918088e-15)
(-0.0799674398152 -0.0478934266955 0)
(-0.0260608758127 -0.154121323431 0)
(0.0724830046465 0.102447163598 -2.64356894304e-15)
(-0.222147214821 0.0687322352619 -2.07583855203e-15)
(-0.0808613169812 -0.0741911651433 0)
(-0.0151476024304 0.183994318949 -8.20471114743e-27)
(-0.200762594578 0.188369124533 1.69223370056e-15)
(-0.0486063822098 0.267996750547 0)
(-0.227677620977 0.315258984626 0)
(0.352956568428 0.098149369572 -1.19993452763e-15)
(-0.160817006854 0.0994851775768 -2.21980204384e-15)
(-0.0708116249315 0.251709003418 -1.84556244709e-15)
(-0.185393293117 0.100222260475 2.16194997957e-15)
(-0.325924284311 0.227532102431 -9.95979811319e-17)
(0.0815000801718 -0.174138832355 4.07443068704e-17)
(-0.234504024743 0.296921914867 0)
(-0.186483970433 0.139784622459 -6.09285046769e-17)
(-0.0887706065054 -0.257916933207 0)
(-0.0266725105196 0.25150436939 -3.87639158611e-15)
(-0.0146847348726 0.155918090716 0)
(-0.115363985868 0.165051368276 2.17042344285e-15)
(-0.164674330476 0.22344649037 -3.32473447176e-15)
(-0.0376200729805 0.27635805793 -1.79421952551e-15)
(-0.20579914867 0.25061470877 -1.37687714256e-15)
(-0.118759845318 0.321408858122 -1.26968285538e-15)
(-0.0256746457405 0.162983123984 0)
(-0.260121224297 0.0504195748933 -1.8902075372e-15)
(-0.189249870585 0.209625970756 -1.64202050231e-15)
(0.215623539944 -0.02148163921 -1.2051906116e-16)
(0.0481995906669 0.0072925156318 0)
(-0.0832705375554 -0.129623090956 1.22602749171e-27)
(-0.216125970511 -0.132356401819 -1.91712871594e-15)
(-0.115677109783 0.178925263664 0)
(0.227146407411 0.26254760045 -3.93413635418e-28)
(-0.168315218125 -0.30604469327 0)
(-0.0158113495249 0.243545583948 1.94406849991e-15)
(0.0707201623213 0.331799164659 3.11610885999e-17)
(-0.246449551694 0.0308980652078 3.90389895594e-15)
(0.166643744214 0.0674602165939 0)
(-0.284526808947 -0.281719272557 0)
(-0.204576965893 0.233967409176 1.45069740569e-15)
(0.0610629071084 0.0600521581865 0)
(-0.0110998300991 -0.279411080568 0)
(-0.331115716808 0.214620922946 -5.91447122387e-16)
(-0.323372736836 -0.0716401721357 -6.63121290349e-16)
(-0.0267322923958 0.267928683177 1.79421952551e-15)
(-0.222356474414 -0.295513631932 -4.73981102646e-18)
(0.208868824202 -0.0952668884232 0)
(-0.0141365622497 0.115580680432 9.65350283824e-27)
(-0.0251996192211 0.135628920237 0)
(-0.0926852257628 -0.108806271167 0)
(-0.11802308235 -0.233030796089 -9.40258628126e-28)
(-0.0595983836776 0.243832626223 0)
(-0.0937982200119 0.26841247254 -1.6727263708e-15)
(-0.123151785079 -0.0100944576375 0)
(-0.232967350417 0.204408703549 0)
(0.0489903682687 0.227262541347 0)
(-0.0156901715391 0.228093958348 0)
(-0.0820912068136 0.243998953463 1.84556244709e-15)
(-0.112380528308 0.0594388930467 1.18214116024e-27)
(-0.138103883157 0.138515513486 0)
(-0.0977786329129 -0.232503049203 -2.25700144158e-15)
(-0.126521648917 0.144869803569 0)
(-0.117051820552 0.252457167715 -4.11586323887e-17)
(-0.0258829191081 0.177135032447 0)
(-0.127780077692 -0.2087718065 2.14772997296e-15)
(0.188290887381 0.225229790497 0)
(-0.124389128808 0.0788858940844 2.44407819769e-15)
(-0.27328552439 0.279463274825 0)
(0.2557074788 0.227717852843 0)
(-0.138840143392 0.165633134583 0)
(-0.0901909612418 -0.0288949917009 -2.78120498982e-15)
(-0.257106628428 0.291272758105 0)
(-0.0247128439139 0.0963429093778 0)
(0.229215059243 -0.0768608839481 1.02224839377e-15)
(-0.0139170217859 0.0774234140074 0)
(-0.127463842818 0.186123981243 0)
(-0.10347347867 -0.11641074069 2.60051418485e-15)
(0.0835405776048 0.0841283142595 0)
(-0.0158632566737 0.276380234853 0)
(-0.167580117958 -0.254856880667 -1.64656723931e-15)
(-0.102097652594 0.104108933367 2.46876785906e-15)
(-0.298397190761 0.247727374656 0)
(-0.0479619119894 0.358495060253 1.30114233673e-15)
(-0.0139948125689 0.0649860113436 0)
(-0.0814044742013 0.185214425399 -2.1790928803e-15)
(-0.024671574967 0.083608547267 0)
(-0.078812524352 -0.284565356573 -2.10549137287e-15)
(-0.221141317168 0.259804735751 1.23886710186e-15)
(0.298087599028 -0.0832636063543 0)
(-0.232751263369 0.23683617477 0)
(-0.246843550218 0.0438697729467 1.8902075372e-15)
(-0.308934591245 0.245286381226 0)
(-0.0466232805763 0.0095428949266 0)
(-0.014049052203 0.102569324917 2.69963151744e-15)
(0.186991716074 -0.116272138249 -2.07688205165e-15)
(0.104740721623 0.0271209523442 2.80061747694e-15)
(-0.291534862178 0.2603993079 0)
(-0.105993923953 0.294622203858 -2.80645760182e-27)
(-0.089725909026 0.0464376789051 -2.69210706531e-15)
(0.0934566265729 0.0321557832127 -2.80061747694e-15)
(-0.314348404902 0.169005352029 -9.51124515401e-17)
(-0.105093238506 0.244337128165 3.5210525406e-15)
(-0.151183793273 0.186618826804 1.72556672591e-27)
(-0.00862605691549 -0.063253091035 0)
(0.0364453492348 -0.0109054312437 0)
(-0.169215403462 0.321145184593 0)
(0.072109500542 0.15455966775 0)
(-0.17960257351 0.232903922894 0)
(0.0390184924758 0.0476984501726 0)
(0.189183881037 0.193974398159 0)
(-0.1241037909 0.0659649158664 -2.50060513901e-15)
(-0.121632232123 0.371234102383 0)
(0.166347020617 0.101828156704 2.33983500834e-15)
(0.179466079733 0.0956934797053 -3.50785002112e-20)
(-0.136403126016 0.0855985348824 -4.83721644063e-15)
(-0.315620746565 0.232619447847 0)
(-0.288152896251 0.211893282693 -1.10377954673e-15)
(-0.288928625614 0.237904549919 3.42928814797e-16)
(-0.308044351474 0.126270421086 -4.5922433874e-17)
(-0.162095074533 0.13917606153 -2.12055258467e-15)
(-0.146113510739 -0.0490602058067 0)
(0.0155897941894 -0.119927022716 0)
(-0.29126211974 0.264639524263 6.76969898924e-16)
(-0.0978462119765 -0.299704896476 1.80877727706e-15)
(-0.307830558876 0.24735034117 0)
(-0.163147821283 0.179965823042 0)
(-0.157906519278 0.103132143379 -4.10892600175e-17)
(-0.118716903734 0.150418163483 1.0039037752e-17)
(-0.105818163197 0.276975845686 2.80645760181e-27)
(0.0725207284439 0.115062669076 0)
(-0.0687834578683 -0.0283638665574 -2.90925398115e-15)
(-0.0936167564421 0.251946931462 -1.77977247086e-15)
(-0.207994182557 0.0234079886947 0)
(-0.274352778601 0.217843336611 0)
(-0.30083811871 0.19074906868 -1.22433300019e-15)
(-0.118716328439 0.303739972098 -6.08452494545e-28)
(-0.11220861859 0.0466970358174 -1.18214116024e-27)
(-0.139177494187 0.179411886917 0)
(-0.188601014664 0.337527345124 0)
(-0.104012643193 -0.130701611512 2.5350367482e-15)
(-0.26168357494 0.282166773531 8.45524688841e-16)
(0.0712997734089 0.196787593309 0)
(0.194615800674 -0.123144052033 3.67933004652e-17)
(0.055611898089 -0.113184312637 2.77534403788e-15)
(-0.0369875283491 0.350487084937 -1.30114233673e-15)
(0.178548629511 0.11967773225 0)
(-0.373571296167 0.121418869292 0)
(-0.109084979183 0.36017874761 0)
(0.280935580444 0.109718704302 7.95366789272e-16)
(-0.0356626552821 0.0280999629006 0)
(0.0599139692127 0.0251614248633 -2.89610947137e-15)
(-0.0266769806918 0.303158452009 -3.30720157864e-15)
(-0.0672408896974 -0.310956711022 1.7240604219e-15)
(-0.0236529723897 -0.225980608053 1.24368480304e-15)
(-0.182890065711 0.0227316963977 2.34291309145e-15)
(0.0246441108907 -0.0295750110782 -3.03025833746e-15)
(-0.298162361051 0.257785281666 -8.28026686221e-16)
(0.0353936741106 -0.116808798127 0)
(-0.0701472436667 -0.0670801264153 2.87872804711e-15)
(-0.0353492920716 0.0774686464227 -5.05711825267e-27)
(-0.158684537731 -0.232216132247 0)
(-0.135577330813 0.0599449393356 5.30174907591e-17)
(0.0723893403348 0.0780423057186 -2.72141669425e-15)
(-0.236457615124 0.284017374263 1.00727106148e-15)
(0.36920666575 0.0990743788314 0)
(-0.135943633074 -0.414827805441 2.38600034141e-15)
(0.0836875983588 0.0963045669632 0)
(-0.0247873508062 0.0465422942891 2.88094966518e-15)
(-0.281462549916 0.27509780873 -6.76969898924e-16)
(-0.0461377103397 0.046374965718 0)
(-0.0361703527621 0.00375438388155 -1.34915168355e-27)
(-0.267050238027 -0.210710883373 1.18957559045e-15)
(-0.334797543099 0.0480961260171 1.43223258862e-18)
(0.266211255921 0.0827528950151 -2.34234947776e-19)
(0.283038135231 0.0190219134979 0)
(-0.0142105100028 0.0407013057465 -1.06560118847e-26)
(-0.221623563813 0.276184133288 -1.15540839645e-15)
(-0.0302004234612 -0.201557763232 -2.59589152088e-15)
(-0.270813145936 0.00636144343049 -8.5715221952e-17)
(0.202288316543 -0.0721187802933 0)
(-0.205099429926 -0.111068619127 9.34158743848e-28)
(-0.286833927794 0.196584480275 1.22442947382e-15)
(0.0128324449835 -0.0488205369743 -1.09915171197e-26)
(-0.159490188805 0.0605911914755 -2.39247968148e-15)
(-0.306458207461 -0.106736963409 1.35230895518e-15)
(-0.100824939535 -0.00999138039382 -4.93135344583e-17)
(-0.100785797193 0.0403423081876 2.69210706531e-15)
(0.0835576237867 0.121378769022 0)
(-0.0679763868033 0.00917186300303 -2.84700855122e-15)
(0.175961047866 -0.000542367362298 2.56335552693e-15)
(0.165229938167 0.13905251634 2.10633565726e-15)
(-0.307542427557 0.111745468766 -6.64180679512e-16)
(-0.248849429031 0.276668173863 -1.00727106148e-15)
(-0.14770316647 0.066601060693 4.84006732973e-15)
(0.127481454035 -0.222782640134 0)
(-0.0246440025178 0.0588738479621 -1.30129683319e-27)
(-0.27332915241 0.273590208106 -8.45524688841e-16)
(-0.300047834367 0.175275272297 1.23844437173e-15)
(0.345125818922 0.1084974566 1.23950535206e-15)
(-0.0374441878688 0.331356064508 1.48856938568e-15)
(0.192102171134 0.113125645547 0)
(0.060690805709 0.0482566070251 0)
(-0.0159251646341 0.294208210615 1.65952003899e-15)
(0.17607647744 0.201998630931 1.77040078481e-15)
(-0.312602856025 0.154483758892 1.25514220356e-15)
(0.152234447348 0.159362474497 2.11048595143e-15)
(0.15118393036 0.202487209634 -8.15302158531e-28)
(-0.233083949363 0.219171875866 7.67144782936e-29)
(0.0721283565257 0.0661028470859 1.24852075294e-27)
(0.0290717581619 -0.257556175816 0)
(-0.169918949282 0.305549839764 0)
(-0.282810514699 0.166304605772 0)
(0.153445828993 0.120345000808 -8.13237542855e-27)
(-0.172000637877 0.0673424583329 0)
(-0.135390785187 -0.096415019903 -2.53662146564e-15)
(-0.113441309964 -0.0957808226804 0)
(-0.0463557408103 0.0219045750007 0)
(-0.0350005155936 -0.147728089046 0)
(0.264718911306 0.00485650953104 -3.4495001678e-17)
(0.183224802066 0.289786306245 0)
(-0.169984104566 -0.118397146206 0)
(0.00333712078035 -0.142825970598 -1.95213927785e-18)
(-0.0921378810801 -0.0949719466614 2.75643737649e-15)
(-0.0156722711106 -0.00782839247893 3.0164112206e-15)
(-0.181524867873 -0.0692570324964 0)
(-0.172383631579 0.0803298695102 0)
(-0.170806188968 0.0288326455081 -2.34291309145e-15)
(0.0532621572898 -0.057183814434 -2.65573752881e-17)
(0.314799951506 -0.0102852647132 1.69851421972e-15)
(-0.205778410949 -0.0690696717254 0)
(-0.135319307821 0.0471226158066 0)
(0.154075690593 0.0618161688622 0)
(-0.22005657939 0.00435841867232 -2.15198231551e-15)
(0.0497078350134 0.0421921216927 0)
(-0.183753107263 0.0484117853153 5.14429811083e-28)
(-0.117973750373 -0.249268608453 1.97164470991e-15)
(0.154080567882 0.0844077429611 0)
(-0.123511804521 0.0406254731686 0)
(0.0283659436092 -0.214130072803 -9.43942728672e-18)
(0.0715921361574 0.0428483486767 0)
(-0.0353616828799 0.0649247221174 2.80233537325e-15)
(-0.0151599295085 0.00443964642808 -2.98119534468e-15)
(-0.00703714859268 -0.151599439324 2.79491277207e-15)
(-0.148051444773 0.0795751855945 5.43813580363e-17)
(-0.114904024121 -0.138589095712 -2.5350367482e-15)
(0.266292710803 0.0936582411747 2.33832408765e-19)
(-0.0460681232022 0.0588163750523 -2.80233537324e-15)
(-0.0354541743737 0.0404116655382 -2.88094966518e-15)
(0.106429748865 0.0963357605071 0)
(-0.0589165155278 -0.0471106647745 5.83741910306e-15)
(0.0592510402622 0.0135197412903 2.66306132249e-27)
(-0.160431236775 0.0863684970817 2.3387568849e-15)
(-0.0157466216476 0.331647411626 0)
(-0.00399638951396 -0.122610443843 -2.86526770529e-15)
(-0.00511897224569 0.267842085362 0)
(-0.115433566588 -0.153404424867 0)
(0.263333562884 -0.00405634564853 -2.23709014118e-15)
(-0.131822035916 0.329837337092 0)
(-0.00500907632913 0.251412519652 0)
(0.232626369745 -0.0665583689409 1.08749733777e-15)
(-0.288513103302 -0.241659831818 1.17797351581e-16)
(0.220870082004 0.078117215211 -1.0655701873e-15)
(0.0355351232633 -0.0229316171724 0)
(0.269031447933 0.186600010282 3.82836276956e-20)
(0.153679812014 -0.192719703801 0)
(0.0474112181121 -0.00449856837362 2.97673140626e-15)
(0.276265225753 0.145979341631 -6.96440939734e-16)
(0.166817183356 0.0786586120612 -2.36222676079e-15)
(-0.317767368367 0.0537995804447 -8.70494805822e-16)
(0.199262578969 -0.150827353461 -6.19980169819e-18)
(0.0236459781448 -0.0418897021628 0)
(-0.280974821849 0.151751428316 -7.58233745734e-16)
(0.052640879463 -0.279417548787 -5.48628751833e-17)
(0.278016764157 -0.015543999738 1.05693771933e-15)
(-0.146699977975 0.0282913256106 0)
(-0.157831820028 -0.0692046079949 0)
(-0.146559073485 -0.0896045585348 1.11976007941e-27)
(-0.022987493906 -0.329972936363 -1.14166020463e-15)
(0.163943238944 0.180012095711 1.89051753311e-15)
(0.0928672489705 0.226620005187 -1.93366373122e-15)
(0.103968989227 0.0159020621021 -5.09363938388e-27)
(-0.323558210088 -0.0844484185816 1.24579277894e-15)
(0.166213163277 0.113822534133 0)
(0.0772873507365 -0.190216434409 0)
(0.0764758902529 -0.109107642101 -5.00801171593e-27)
(-0.363280953222 -0.0287576117701 -1.49332382313e-15)
(-0.112434887653 -0.0552930693237 0)
(-0.101138026514 -0.0355193308292 2.78120498982e-15)
(0.0819985585716 0.026107309204 -2.86802403031e-15)
(0.0710571643392 0.0312586189755 5.76413350167e-15)
(-0.112070209873 -0.029237567909 0)
(0.0421108605392 -0.135912441664 0)
(0.330398464239 -0.0172414421057 -1.02785793384e-15)
(-0.0431412059101 -0.126758794465 0)
(0.0578408003868 -0.00948073916721 -2.97673140625e-15)
(-0.00491083760059 0.303330552627 0)
(-0.123839892047 -0.0755637751796 0)
(-0.0251483547312 0.0223176838989 -2.68976780814e-27)
(0.142213035269 -0.206965918984 -5.99359974839e-16)
(-0.396885279176 0.108917677451 -3.46611529608e-16)
(-0.123121979608 0.00264796002552 0)
(0.324814607214 0.144609613544 0)
(-0.0790388864721 -0.00970572639253 -2.8240616702e-15)
(0.0834941992315 0.13434577421 -4.8504029516e-15)
(-0.0814028469063 -0.0876220124558 -5.55762331574e-15)
(0.179503887688 0.0842503300212 2.36231958534e-15)
(-0.0573498087633 0.00322532279799 0)
(0.115878258444 -0.155996646214 2.28911857102e-15)
(0.094931637505 0.114938168736 -2.47162448117e-15)
(0.154114107779 0.0960707549821 -2.33983500834e-15)
(0.09490638647 0.102457449395 0)
(-0.155837435801 0.29680309287 0)
(-0.294179616728 0.13193276427 0)
(-0.211993404079 0.207010618636 -7.67144782936e-29)
(0.153235890242 0.132901584399 8.13237542856e-27)
(0.233081191978 0.00316806124121 0)
(0.23874380564 0.25154992269 0)
(0.0614130818244 -0.219511203291 -2.20928556783e-15)
(-0.111909710949 -0.0164201914989 -2.72839041769e-15)
(-0.124184121781 -0.0891291118378 2.53662146564e-15)
(0.0820886604044 0.203944617742 0)
(0.198449316294 -0.141085441665 -1.71578848981e-15)
(-0.0255072663022 0.010062724574 2.98119534468e-15)
(0.203327538153 0.00146425901858 0)
(-0.0355963627134 0.102780239469 0)
(0.164942903878 0.152123469423 -2.00332967496e-15)
(-0.0235184416891 -0.12487904918 0)
(-0.350782041127 0.0301644614263 6.78278571372e-16)
(-0.148789575959 -0.208991404133 2.01890244335e-15)
(-0.162745442782 0.166186026998 0)
(0.100895542527 -0.0918015065788 2.71819013526e-15)
(0.151953384838 0.173116668331 0)
(-0.0796681191375 0.383385530716 6.55498384379e-16)
(0.129755071 0.084420383271 0)
(0.0818812300691 0.21894489034 0)
(-0.295515457191 0.146594374988 0)
(-0.18410697589 0.0613262227118 -5.14429811083e-28)
(0.104798788398 -0.121436069633 2.50838470888e-15)
(0.229135403594 -0.12762765228 -6.85195260215e-16)
(0.167787774067 0.176656539939 -4.1838274296e-17)
(-0.262226386459 0.255302705724 0)
(-0.0157266741591 0.351157575447 0)
(-0.0788189764335 0.00286011308361 4.09364808219e-17)
(0.230980124398 0.170298115573 7.75858029401e-16)
(0.116147545496 -0.237167790715 0)
(0.115822512636 -0.232014358451 -6.20417174146e-16)
(-0.0826141350042 -0.115382100336 2.74985920342e-15)
(0.177064498051 -0.173607277555 1.38006725569e-15)
(-0.207654219846 0.0104812690852 2.15198231551e-15)
(-0.288401712975 0.25418362008 8.28020330708e-16)
(-0.27646252268 0.262211668157 0)
(-0.0785766199836 -0.249097395113 -2.22677605488e-15)
(0.208189343343 -0.139041638312 -8.32986987538e-16)
(-0.158535923087 0.252621544382 0)
(-0.391164513639 0.0898902200349 5.73910687697e-16)
(0.139563668173 -0.147876032833 4.28035238714e-15)
(0.0421148439465 -0.0644277489114 2.96339902493e-15)
(-0.0158087031829 -0.145499230606 0)
(0.125763091663 0.161083692059 -1.00321790111e-17)
(-0.122274586948 -0.139388360138 0)
(-0.319993076281 -0.262374016451 -3.08521424562e-16)
(0.117917645959 0.102391871409 0)
(-0.113891931273 -0.109674562119 -5.1441664884e-15)
(-0.0365819026849 -0.00861730103799 1.34915168355e-27)
(-0.150605091483 0.159100673511 0)
(0.170530445726 -0.177316062113 -6.17903234496e-16)
(0.0444165491084 -0.12176526076 0)
(0.171358229486 0.298952312494 0)
(-0.0899333863473 -0.0161620924847 5.60176562234e-15)
(0.0245539572715 -0.125285543325 0)
(-0.273098574141 0.0447160799781 8.6594816458e-16)
(0.069066794751 -0.00310223877712 0)
(-0.22705576776 -0.139038102311 -7.99511905395e-28)
(0.0057879570222 0.243347328089 0)
(0.0647986215749 -0.117745275479 -2.77534403788e-15)
(-0.173237047776 0.320393898088 0)
(-0.00508172781652 0.322296481795 0)
(0.0225993045059 -0.139663363921 0)
(0.0335685743202 -0.0469670426604 0)
(-0.181257903549 -0.185372689188 -1.97785381556e-15)
(-0.0144984055387 0.0285085105034 -2.95645850497e-15)
(-0.23649433049 -0.159976997676 -7.22496127503e-28)
(-0.134916738332 -0.0689554668876 1.16456885565e-27)
(-0.0584187879096 -0.0343210739944 2.90925398115e-15)
(0.0323357331406 -0.0594688890824 0)
(-0.249666850322 0.121809971282 -1.71557951933e-18)
(-0.388619474996 0.112755079501 -2.81356698265e-17)
(0.163679894482 0.194584181598 -1.77040078481e-15)
(-0.249093367076 -0.183243214575 0)
(0.0524564223527 -0.254710247194 0)
(0.0466852089265 -0.250140745531 -2.22418087178e-15)
(0.00498575466952 -0.128312295726 0)
(-0.104658158254 -0.30696829355 -1.72782262913e-15)
(0.12531673677 -0.15880048613 -2.17358035414e-15)
(0.129260912747 0.133523566811 -8.47472060923e-27)
(-0.0268913585455 -0.0267448808269 0)
(-0.0535263570766 -0.13483897984 0)
(0.165626299047 -0.139246607325 0)
(0.263542831843 0.128679268762 8.21297284474e-16)
(-0.316780850862 0.212596355468 9.06098976983e-16)
(-0.0735005462424 -0.136328348436 0)
(-0.216618111181 -0.118019824407 -1.90506669245e-15)
(-0.243713669544 -0.0342234179342 1.90742640327e-15)
(-0.169620474375 -0.223902954018 0)
(-0.217794294332 -0.0757655389801 0)
(-0.209694111285 0.182829305707 -6.37932183374e-17)
(-0.116136208377 -0.295596565266 8.53393357649e-16)
(0.176259634994 0.315644017389 0)
(0.0210175219842 -0.208299279606 1.25210445879e-15)
(0.131014965295 -0.052582202633 0)
(-0.0403760124273 -0.0852443051246 0)
(0.328551690056 -0.0236602590404 1.14122272269e-16)
(0.150960866837 0.217916905355 1.75590259111e-15)
(0.192264636973 0.293737765152 -9.95057544028e-16)
(-0.00264260481025 -0.268686926085 -9.95338344323e-16)
(0.0312532053448 -0.144972340101 0)
(0.224932616461 -0.117821605046 1.50488871103e-15)
(0.172793158978 -0.165893805036 0)
(0.247679893593 0.135972413335 -8.87752129649e-16)
(-0.14630364506 -0.0759726088978 -1.11976007941e-27)
(-0.138096684311 -0.201020280592 -2.14772997296e-15)
(-0.28487081288 0.0132489404923 -1.76518036696e-15)
(0.149939803059 -0.150021111866 -2.106772033e-15)
(-0.193464316819 -0.0899613598571 0)
(0.210518989384 -0.0415509568812 0)
(-0.0630122489434 -0.128333022183 0)
(-0.0362109561666 0.142508927424 2.48208838877e-15)
(-0.159500179616 -0.185578661937 -2.04957824905e-15)
(0.181652907956 -0.164695934454 -4.52291239634e-17)
(0.259198750005 0.168274541736 0)
(-0.158085472701 -0.096876383685 0)
(0.0814052233516 0.322614796629 1.42587842816e-15)
(0.231043039828 -0.106696349141 0)
(-0.178781134865 -0.246128911444 1.64656723931e-15)
(-0.150253759587 0.145555636848 2.12055258467e-15)
(0.170509255984 -0.153393206283 1.76926412329e-15)
(0.187570665253 0.241484036754 1.36649546423e-15)
(0.119986061855 -0.173839107673 -6.60150786802e-17)
(-0.346102260344 -0.191152771302 -4.45369457565e-16)
(0.0922577869119 0.00976856116329 -2.86944826549e-15)
(-0.269715883154 -0.176920249056 -2.18338717051e-18)
(-0.0263272128025 -0.0142952591273 0)
(0.228544539447 -0.0254461826897 2.31837967424e-15)
(0.124209795937 -0.208529112984 -4.27641659381e-19)
(0.1060356733 0.0609784158999 2.66260786747e-15)
(0.180693683286 -0.153295573693 -7.76996207093e-17)
(-0.123235902539 -0.0358300011877 0)
(-0.383688914761 0.101242389794 0)
(0.223082304132 -0.097173534604 0)
(-0.334406236594 0.0355591589921 -1.4948194484e-15)
(0.177085598463 -0.140320610622 0)
(-0.238710439184 -0.131151951082 -1.66711827719e-15)
(-0.0144495297949 -0.301312311598 0)
(-0.189005312179 0.181035561108 0)
(-0.205319343818 -0.0969830786453 -2.04183242873e-15)
(-0.130598380039 0.345558241165 0)
(-0.0202943273972 -0.19201350458 5.20347916044e-15)
(0.108040165244 -0.108240770258 0)
(0.0589352093985 0.374383599175 -8.89220746415e-27)
(-0.202625206062 -0.175958266133 0)
(-0.169550865821 -0.0762020342028 1.05777877e-27)
(0.250934554927 0.0673547170169 0)
(0.264362501326 0.116772577591 2.73110969776e-15)
(0.206007251304 -0.12992486614 -1.75636591838e-15)
(-0.0338852201769 -0.133051532956 0)
(-0.257179608161 -0.0137574547149 0)
(-0.170428523551 -0.177819688928 4.02743206461e-15)
(0.14933912606 0.301910417726 0)
(-0.126885463651 -0.176948821199 2.24893010034e-15)
(0.162194074386 0.275949595384 0)
(-0.147101434894 -0.117923337878 -2.35247604349e-15)
(0.0812758701713 0.0146681038295 2.86944826549e-15)
(0.10263214235 -0.166855797035 -2.28911857102e-15)
(-0.159490935698 -0.200941648474 -2.01890244335e-15)
(0.175756039927 0.217540834156 0)
(-0.0144399173546 -0.13088922934 2.86526770529e-15)
(-0.287821684837 0.0519170834698 -8.64569440639e-16)
(-0.268273105891 0.171791721005 0)
(0.243990627426 0.238086490556 0)
(0.203678376864 0.157789110071 0)
(-0.181519581581 -0.09712648716 0)
(-0.0227816124941 -0.309844165871 0)
(-0.0472648168097 -0.0150963282911 1.34430383317e-27)
(0.0699349264014 0.0084794771428 0)
(0.0460323656668 -0.296995557426 -3.39539808051e-15)
(0.0859352201217 -0.113226084667 0)
(0.120328530609 -0.141642637103 -2.37908023835e-15)
(0.0830197824081 -0.126791519818 0)
(0.0938365762359 -0.163339855944 2.3888823329e-15)
(0.16103681176 -0.0171982791537 0)
(-0.217431752392 -0.0895964091144 7.918400189e-17)
(-0.180890907589 -0.200428093217 -1.80327165073e-15)
(0.125750300737 0.321086185653 -1.2744633973e-15)
(-0.15330049507 0.246232150638 0)
(0.0164977625029 0.251292123708 0)
(-0.139805655281 0.335647241781 0)
(-0.329612743775 -0.2179278936 0)
(0.147235810194 -0.179723841501 -8.53234160127e-16)
(0.235793406587 0.062101424409 0)
(0.158719442041 0.333806246209 8.33794750208e-16)
(0.199449624789 -0.117850572582 0)
(-0.301813703286 0.046363496751 7.93180471241e-16)
(0.0445787447402 -0.0400491296004 -2.72548929641e-27)
(0.175080107211 0.250239691196 0)
(0.00297955015394 -0.0435168226253 3.0290146024e-15)
(0.249929463572 0.100004347107 0)
(-0.126409346398 -0.161565590553 -2.33805692369e-15)
(0.0166436480803 0.303473906637 0)
(-0.323686161347 -0.114680369267 0)
(0.00384547266614 -0.0310501809319 6.06805416028e-15)
(-0.155468556065 0.279319533041 0)
(-0.193514545046 -0.0761825885886 0)
(0.260613521492 0.155058676075 0)
(-0.327257434763 -0.0297435595781 0)
(0.129135918331 -0.176077548819 -6.28052798183e-17)
(0.244817700234 0.176752143071 -7.73689921359e-16)
(0.174181849335 0.267091912351 0)
(-0.37669286926 -0.0614612212063 9.81739843307e-16)
(-0.179290699967 -0.231085758773 1.69447288566e-15)
(-0.134691194718 -0.0556501303267 -1.16456885565e-27)
(0.00577297167924 0.276411120453 0)
(0.0978713377665 -0.148550762992 -2.47762497927e-15)
(-0.0439753053938 -0.283197679885 1.20963099425e-15)
(-0.146924778203 0.0410744286407 0)
(0.168472635441 0.313864695446 0)
(0.14497318844 -0.202138852426 1.26558378531e-15)
(0.00571850795127 0.294193371518 0)
(-0.270272706299 -0.00699115714201 -1.75623359499e-15)
(0.194099754825 -0.129543422708 0)
(-0.0357384221855 0.115871126797 -2.59082878842e-15)
(-0.171106162242 0.0416705205828 -2.37588876833e-15)
(0.0981678311237 -0.104577655822 0)
(0.0888407238204 -0.144834471799 2.47762497927e-15)
(-0.0576647287108 -0.00924541420187 0)
(-0.354958909685 -0.183552250041 0)
(-0.137895922023 -0.185238541073 -6.39612581189e-17)
(0.0641316993304 -0.265574652284 -1.64759079936e-15)
(-0.285667301521 0.0264082566573 -4.04065791524e-17)
(-0.0622242410843 -0.114132698891 -5.6175959655e-15)
(-0.366413531096 0.012981062869 1.82898623015e-16)
(-0.0684260526349 -0.0157198395396 -1.31401530274e-27)
(0.0922675433564 -0.130703528553 0)
(0.204238944256 0.172870262177 0)
(-0.146270852502 0.222869473327 0)
(-0.186079806552 -0.25719871598 -5.60334350365e-17)
(-0.256257603269 0.192990121514 0)
(0.0568313485185 -0.0213008904499 0)
(-0.159164641188 0.0477080252527 2.37588876833e-15)
(-0.269898269476 0.187222488541 0)
(0.216970584217 -0.108315430094 0)
(-0.0696692956303 -0.257389703753 2.22953104101e-15)
(-0.00532663299005 0.376860029692 0)
(0.0630424254082 -0.241933394489 -1.93070046064e-27)
(-0.123429437094 -0.0488641206031 0)
(0.160959273703 0.292946139785 0)
(0.016648317047 0.322612529588 1.5188404395e-15)
(0.106346473771 -0.185677397851 2.12274520493e-15)
(0.0698845181614 0.350319318256 -1.26940174198e-15)
(-0.323878104823 0.228364792368 6.85300638524e-16)
(-0.169895100687 -0.208610627041 0)
(-0.158349404045 -0.110894806075 2.35247604349e-15)
(0.0692916912636 -0.246023476516 0)
(0.170465911703 0.325388510786 -8.33794750203e-16)
(-0.0477235323805 -0.027647931565 -1.34430383317e-27)
(-0.257734270149 0.208851310365 0)
(0.144287761685 -0.164067528857 -1.99412127389e-15)
(0.0682195641137 -0.223611734143 2.20928556784e-15)
(0.247130148466 0.148729897144 -3.30102931501e-18)
(-0.230603611101 -0.0548594854175 4.00819555691e-15)
(-0.263120659728 -0.175559368487 0)
(0.0061323323637 0.331786700399 -1.51884043949e-15)
(-0.0713416514342 -0.0939518795598 5.64333285112e-15)
(-0.363189612613 -0.0417222503554 -9.14937410626e-16)
(0.226553806911 -0.0347955298589 0)
(-0.169693035516 -0.0899071725654 -1.05777877e-27)
(-0.0959851462471 -0.183278996156 0)
(0.231511511436 -0.00637381311525 6.13748514883e-17)
(-0.239507691118 -0.116848349113 0)
(0.0457150800596 -0.0279158712896 2.72548929641e-27)
(-0.00600825803685 -0.222757421474 9.59543130831e-18)
(0.0164231103735 0.267859453062 0)
(0.246877467664 -0.00973941682373 4.47056039105e-15)
(0.250769305865 0.0775564431692 0)
(-0.256558504514 -0.0270999915042 -8.23555374339e-17)
(0.249602268784 0.111225676957 -2.75834511358e-15)
(0.129236504629 -0.214721649709 5.91183094633e-16)
(-0.0742395312673 -0.151057749909 0)
(-0.41512366099 0.0577418605761 -3.57389549452e-16)
(-0.0444266748554 0.393187465338 7.77656895626e-16)
(0.162173278225 -0.186765139499 -6.18171604619e-16)
(0.393978521905 0.0668514218945 -7.30986598936e-17)
(-0.0598801265889 -0.395029562226 0)
(-0.249385260155 -0.137455528794 1.66711827719e-15)
(-0.348022733315 -0.209417036737 -1.20222061394e-17)
(-0.188967722547 0.168657632484 5.26497423256e-29)
(-0.0364320785334 0.156324321091 0)
(-0.125384582082 -0.131612334277 1.12852559504e-27)
(0.238713121593 -0.11865633346 -7.13230502706e-16)
(0.281031991631 0.0100157606865 0)
(-0.413865658299 0.073098918953 3.63354448372e-16)
(-0.317744342637 -0.244874195022 0)
(-0.229016085537 -0.096219171206 3.84302637463e-15)
(-0.124927044975 -0.117252108472 5.02614463348e-15)
(-0.344341566695 -0.0618554580524 6.48169807022e-16)
(0.153731329154 0.185305252042 8.73847756491e-18)
(0.20184379229 -0.0086280640277 -6.0355731966e-17)
(-0.230123266779 -0.068508339229 0)
(0.244932239216 -0.0192579123996 0)
(0.194938388917 0.294349416008 -5.44163090631e-28)
(-0.349923455365 0.0183736599602 0)
(0.231765351417 0.15692678021 -3.21675250767e-18)
(-0.135748620661 -0.110373745576 -2.48249232994e-15)
(0.0979302690806 -0.182492593883 0)
(-0.070186399684 -0.275939243941 4.24814616186e-15)
(0.147318589837 0.318213056534 0)
(0.294902538869 -0.017997153011 -3.05393061821e-15)
(0.0711353575817 -0.136037445714 0)
(-0.0375459118288 -0.0334280148418 2.71296328875e-27)
(-0.0590005106173 0.184781533309 0)
(-0.332425223923 0.155069958479 0)
(-0.34317162299 -0.206863795904 1.13810779226e-17)
(-0.0847488753111 -0.15934640888 -4.84488365204e-21)
(0.228750797775 0.19978829753 7.45036786853e-16)
(-0.148493621966 -0.177606893744 -2.18496884222e-15)
(0.153005401864 0.334944385895 0)
(-0.159825781652 0.327122763597 -4.21430387509e-16)
(0.214211254764 -0.0221054593239 6.12724178991e-17)
(-0.345291862407 -0.00792424096215 1.45141622435e-15)
(0.162864462655 0.242258082772 0)
(0.0508499000532 -0.140794739077 2.70872079492e-15)
(0.346595614994 0.130147242982 -4.3550638307e-16)
(0.0852240435505 -0.194254909681 0)
(-0.0591424749077 0.390087260516 -6.98525256585e-28)
(0.235172270992 0.0834940162356 1.06310065594e-15)
(0.18575766835 -0.0249881272487 0)
(-0.325394751394 -0.0414864564315 -1.42867613912e-15)
(-0.0704533018773 0.206493325107 -3.73314731106e-27)
(0.135802952001 0.327079903772 2.0331550513e-27)
(-0.0720036143742 -0.10772490413 4.07031551388e-17)
(0.174576837712 -0.010927214067 0)
(0.163185858976 0.225833194369 0)
(0.0348662097073 -0.263235607982 2.06730312415e-15)
(-0.300657524569 0.0333216819153 -8.51419586604e-16)
(0.00735336318145 0.115377573272 0)
(-0.228438679771 -0.110389544606 1.90506669246e-15)
(-0.249095981366 -0.151947276782 0)
(-0.104479139207 0.199828179798 0)
(-0.302065247813 -0.234629484419 9.46883258238e-16)
(-0.362227376989 -0.0715629067978 -8.32153796702e-16)
(-0.12778717713 0.200229118301 0)
(-0.04113410946 -0.228438697495 1.1742273643e-18)
(0.154218576145 -0.165535634403 0)
(0.259662011405 -0.0215734683259 0)
(-0.0816380413941 0.199484824817 0)
(-0.0486689842047 -0.203798818075 -5.08553592727e-15)
(-0.00465008045193 0.359831760823 0)
(0.15681015148 0.322460577302 0)
(-0.328266715946 -0.23518803598 0)
(0.291844243522 -0.0279456515742 -3.93666315115e-18)
(0.0804136814543 -0.210908147911 2.10976833148e-15)
(-0.243122614821 -0.0477056517627 -8.12627244782e-17)
(-0.343663553956 -0.0477048322217 0)
(0.062200919698 -0.131600692016 -2.70872079491e-15)
(0.205178676025 0.11885959034 0)
(-0.119489322233 0.12537125454 -1.89892609683e-17)
(-0.344840926814 -0.020603502129 6.40490350021e-16)
(0.215878646729 -0.0122861991822 -4.71899114781e-15)
(0.375243583202 0.0787099434543 0)
(0.103615911968 0.322274264288 0)
(-0.0137855363449 -0.215840710022 1.2493136393e-15)
(-0.0930662486491 0.206806027643 -1.8115007165e-27)
(-0.298701464552 0.147677117758 -6.48677446595e-17)
(-0.00770725697923 -0.0504490193964 -3.02901460242e-15)
(0.00692097302083 0.155565906317 1.80164763682e-26)
(0.235004531393 0.0945009635457 1.02365381884e-15)
(-0.152596934199 0.230303441833 1.69023695353e-15)
(0.219746205134 0.112302594447 0)
(-0.136959489759 -0.154309513382 2.33805692369e-15)
(-0.0120595962843 -0.198841048497 -3.91341489319e-15)
(-0.0494452932903 -0.0660383497606 0)
(0.092704434865 0.331000968599 0)
(-0.199126517927 0.251131108374 1.7816411617e-16)
(-0.331442695615 0.144721863827 1.898010008e-16)
(0.190929681208 0.138273602637 -9.60916363134e-19)
(-0.137399146691 0.314232126145 0)
(-0.261958084563 -0.159786543109 0)
(0.114635745514 0.329704848574 1.2744633973e-15)
(-0.148253891273 -0.16235130324 -2.20801402426e-15)
(0.307792485042 -0.0375791437484 1.5550673123e-15)
(0.216491521706 0.178330398721 1.69488259212e-15)
(0.080689422235 0.356822086624 1.26940174197e-15)
(0.159337478744 -0.0278650400393 0)
(0.30947053496 -0.0298839330047 0)
(-0.364320441525 0.000595561608675 4.85892084416e-16)
(-0.381507471434 -0.0493486260054 1.0841606052e-15)
(-0.314957870129 -0.207824479309 9.59920578188e-16)
(-0.351974545809 0.132447832827 -1.97481124699e-16)
(-0.324379913247 -0.130279954202 -5.5870927271e-16)
(0.113434671394 -0.0837227887191 5.09568218453e-21)
(0.184435815486 0.311661407613 0)
(0.101621831133 -0.239567084206 -1.4811182896e-15)
(-0.202202295243 -0.420053773676 0)
(-0.338460109001 0.208698985388 0)
(0.388695812968 0.0603665210112 0)
(-0.279046936878 -0.185849259469 -5.9682730143e-16)
(-0.204513614174 -0.140072947199 1.91712871594e-15)
(0.187481683498 -0.0147416314778 2.45059826182e-15)
(-0.0592091612191 0.199156813013 -2.14656276211e-15)
(0.173318630894 0.320433848741 1.22315381386e-27)
(0.0827787784027 0.17505023199 -2.06749819412e-27)
(-0.147449192778 -0.132320341525 0)
(-0.316097023408 0.0279855936661 1.49406083064e-15)
(0.128764250985 -0.0640748255629 0)
(0.339095647201 0.131276877876 1.27353524065e-15)
(-0.192093773181 -0.424447326403 0)
(0.311966445402 0.156117463688 0)
(0.176901344609 0.172385132453 -1.89051771614e-15)
(0.233861994262 0.117976890631 9.45226599161e-16)
(0.360980814466 0.0680856886132 4.05079749354e-17)
(0.00600859136554 0.350744781856 -5.22532917162e-27)
(-0.298500717469 0.00798085135957 0)
(0.00742823961102 0.0774746354464 -1.02643983336e-26)
(0.191086291226 0.191428532575 4.12563891671e-17)
(-0.0495203366499 -0.220637748597 0)
(-0.281631630114 -0.203478725919 -1.19002198376e-15)
(0.00630811174234 0.198107233142 0)
(0.197090517415 0.273185673648 4.09587715034e-28)
(-0.139742934462 0.352979064983 0)
(0.390146231473 0.0576078056536 1.64205774266e-15)
(0.189584090533 0.283090132497 0)
(0.0889227312837 -0.235010772891 9.76489858141e-16)
(0.0824679678279 -0.232202265972 -9.68944153756e-16)
(0.184910896237 0.304283415759 0)
(0.0916298497326 0.348348226614 0)
(-0.136557883867 -0.139455356267 0)
(0.144070076144 -0.0455236946266 0)
(-0.299961572293 -0.215974641317 -9.58120857462e-16)
(0.115956136183 -0.0716130528306 -5.09568299767e-21)
(0.0945350763449 0.140773301142 2.41096894457e-15)
(0.016940922409 0.205217014816 0)
(-0.200381241516 -0.389391384765 0)
(0.148408137651 -0.0823431244571 7.53608053237e-20)
(-0.096608375418 -0.199302881726 0)
(-0.181632502599 -0.155102659003 -1.99312225656e-15)
(-0.202407838521 -0.199194742678 0)
(0.23342949603 0.130057272438 8.91331277886e-16)
(-0.221376287023 0.308551741677 0)
(-0.329764032836 -0.00199471232397 -1.38083214618e-15)
(0.0747099379993 -0.0546337737906 5.7798372965e-15)
(-0.181677269582 -0.140385773683 2.07149059483e-15)
(0.179699628436 -0.0559625840996 0)
(0.100802653563 -0.202014150515 1.0005534754e-15)
(0.330203144455 0.142437929655 -7.39463809823e-16)
(0.272027585551 -0.0429491976434 1.00107711649e-15)
(0.171637122065 -0.0314584810872 0)
(-0.327682878236 -0.166200851221 9.78805930124e-16)
(-0.328335645991 0.218528880861 -9.02760265387e-16)
(0.0672150785272 -0.0260884961252 0)
(0.20328167049 0.171518252742 -1.69543742497e-15)
(-0.315272744451 0.0153712064694 -1.50585437503e-18)
(0.108568361168 -0.204641408445 -2.93157264035e-15)
(0.146033246424 -0.0344948172459 0)
(0.0879345493355 -0.214783134492 -2.12060387134e-15)
(0.106924315819 0.367076642637 -6.53098322445e-27)
(0.00696720993066 0.041104794371 0)
(-0.159167576993 -0.154940181759 2.20801402426e-15)
(0.101990717433 -0.220951892026 0)
(-0.0783976324815 -0.231659748105 4.65398337437e-15)
(0.0943728671629 0.154117506405 2.310849108e-15)
(-0.331054404593 0.00999725821998 -5.6789007138e-18)
(0.0829789429947 0.161193756504 -2.310849108e-15)
(0.204938548329 0.131218059276 0)
(-0.15890903655 -0.140109101927 2.21683527773e-15)
(0.177191061938 0.158586337062 3.94692019957e-15)
(-0.311735176156 -0.0107713086903 0)
(-0.192439680749 -0.177329194008 1.82706595005e-15)
(0.243147215988 0.190641110738 1.4034464987e-18)
(0.0659471539722 -0.0379967965023 -2.92536786447e-15)
(-0.170425967084 -0.16273163454 0)
(-0.297840709215 -0.00498067929002 0)
(-0.235776261559 0.273858331786 -3.3088389247e-28)
(0.14352671139 0.311329218819 4.63742119554e-16)
(-0.0483885096958 0.220956372268 0)
(-0.145846632533 0.312231929451 -2.32154096856e-16)
(-0.060731689145 -0.0865549946595 -2.84214691187e-15)
(-0.143179176897 0.164860810489 -2.17812941758e-17)
(0.146969008143 0.261265082089 0)
(-0.177794261636 -0.278921164524 7.06246785621e-16)
(-0.145933402675 0.34727422214 0)
(-0.262457760946 -0.11511967915 0)
(-0.170165067028 -0.132826491198 -2.21683527773e-15)
(-0.0871120492293 -0.206882209449 -4.45880668073e-21)
(-0.193193461792 -0.132862641702 -2.07149059483e-15)
(-0.154787017311 0.2847938228 1.8563496413e-16)
(-0.310932252725 -0.0235156268922 -7.8477508819e-16)
(-0.191161156984 -0.207647724833 1.80327165072e-15)
(-0.0395753156549 -0.0719534470304 0)
(0.174625369711 -0.0774171906237 -2.8734234412e-19)
(-0.176167884022 0.273838991699 0)
(-0.122158912094 0.142686276668 -1.00573040906e-17)
(0.182118134219 -0.0453530676481 0)
(0.189524374012 0.179321585817 0)
(-0.0482344609146 0.206190895788 2.14656276212e-15)
(0.218247852553 0.137321995962 0)
(-0.294247823408 -0.0442435756598 -7.63092093115e-16)
(-0.276477578323 -0.107144285312 -7.34618031328e-16)
(-0.0975443267751 0.104972574431 0)
(-0.197603450101 0.322081670435 2.3609273149e-28)
(0.108911760492 -0.223002481944 -5.25505327742e-17)
(-0.0766281940895 -0.197946760503 0)
(-0.204158298175 -0.154677157959 -1.74591396152e-27)
(-0.142590969258 0.290141845865 4.65191327268e-17)
(-0.211465628734 0.273023420816 0)
(-0.0488000794504 -0.0530355130533 2.99380028496e-17)
(0.217962153654 0.150338353903 0)
(-0.185464863308 0.266035408316 0)
(-0.278865952011 -0.0656853677464 -2.46159436888e-15)
(0.0945859087729 0.0665070123179 -2.44282466342e-27)
(0.0948610526159 0.0782934872912 2.44282466342e-27)
(0.165248046323 -0.0633054321418 0)
(-0.282861233887 -0.0125351842353 1.76140738567e-15)
(0.140554113491 0.15289239039 -2.11048595143e-15)
(-0.0876157601506 -0.223483890421 -4.85150214028e-17)
(-0.252351144477 -0.0947371835656 0)
(-0.19277993365 -0.1625343901 1.99312225656e-15)
(-0.185331960311 0.330223719094 0)
(0.063649422559 0.383113654152 0)
(-0.0682466305442 -0.222415154602 -4.73492555813e-15)
(0.25497691658 0.196034083046 -5.88515218998e-19)
(-0.166686818461 0.164784691735 0)
(-0.241110267615 -0.0887015825339 -1.88051152168e-15)
(0.0379135049932 0.267805096963 0)
(0.00581277425026 0.00526864802033 2.99958440485e-15)
(-0.145048725562 0.155689447712 4.09037625919e-17)
(-0.190570505974 -0.222332095829 -1.69447288566e-15)
(-0.279803890649 -0.0521884248625 -8.56039190084e-16)
(-0.0618750133507 -0.284382972624 -2.11580620236e-15)
(-0.0600700459659 -0.0731904533033 -2.87872804711e-15)
(-0.00327474108897 0.0835712137937 -1.99617258795e-26)
(-0.294898488433 -0.0310240614465 1.60974455818e-15)
(-0.00347346424813 0.121943050446 -1.87037949699e-26)
(-0.00356799209356 0.0468251193789 0)
(0.0464735435874 0.389833199591 9.68117449416e-16)
(-0.231969771067 0.298524644141 0)
(0.145365976269 0.288482885737 0)
(-0.0517981901833 -0.274767730732 8.80777245147e-18)
(-0.00399657492664 0.162608909468 0)
(0.238167118766 -0.0472945909284 3.23352086082e-15)
(-0.0574338897231 -0.196383317686 5.02440090391e-15)
(0.155758003301 -0.0490319222386 0)
(0.273981570092 -0.0347778764794 -2.09806633862e-15)
(0.241026547943 -0.0377509719409 0)
(-0.197129040004 0.309315318726 0)
(-0.00450310392964 0.0107290715376 -2.99958440483e-15)
(-0.281966304433 -0.0256742166296 -8.27511843104e-16)
(0.055288990122 0.390927834207 -9.68117449418e-16)
(0.0385048397097 0.204838783931 7.73848524967e-27)
(-0.00462444351113 0.20556114561 0)
(-0.265705537149 -0.0732419790971 3.43103882525e-15)
(-0.0595262390406 -0.230179700437 2.38734240918e-15)
(-0.179110400092 -0.298139305128 1.10363417013e-17)
(-0.268487576768 -0.0327987127502 -1.8276522657e-15)
(-0.182854672403 0.294920469374 0)
(-0.0706226982108 0.221163330691 3.73314731106e-27)
(0.128414222783 0.160072449134 0)
(-0.059502374059 0.228489808283 0)
(0.0615197889279 -0.0743787511007 -1.05807841974e-26)
(0.153393716904 -0.0601044961673 0)
(-0.0819261833886 0.228695114606 0)
(0.00590828842153 0.22784929942 -2.08410432467e-15)
(-0.0932785084677 0.221414719729 1.8115007165e-27)
(-0.0381577528361 -0.0461222064 -5.95480958932e-15)
(-0.104827430242 0.228973046219 -3.32768566829e-27)
(0.0632226381657 -0.0618655570521 -5.84466685108e-15)
(-0.251578869669 -0.10899051584 0)
(-0.0674811898074 -0.2055092865 -2.49545292818e-15)
(0.253609995626 -0.0499862222868 -2.12856251192e-15)
(-0.0601918922707 -0.247734722556 0)
(0.154563205807 0.277885528968 4.7290497864e-20)
(0.169588331986 -0.0420946004012 0)
(-0.31303503802 -0.189214186688 -4.7842422073e-16)
(-0.267795438025 -0.0464470091703 8.56295429305e-16)
(-0.10074988796 0.112376344176 0)
(-0.290159589721 -0.114312580879 -6.33245379063e-16)
(0.117986616228 0.0785141674251 -2.37496721387e-27)
(0.189533027888 -0.0695840271799 0)
(0.207958474424 -0.0516326775429 0)
(-0.254991773104 -0.0537024368937 -1.88377606118e-15)
(-0.0192503604924 -0.0704676933845 0)
(0.162443947919 -0.0744342527887 0)
(-0.166487382382 0.176176947233 -9.61285821638e-17)
(-0.0612118397203 -0.302914166256 -8.60843872718e-16)
(0.106294729787 0.0843093535469 0)
(-0.227426015282 0.285074246293 0)
(-0.264851377478 -0.0872574189743 0)
(0.0479506886496 0.380901026398 0)
(0.0272644961199 0.276494525281 0)
(-0.294966204545 -0.17836199819 5.96603339444e-16)
(-0.306773409081 -0.138770668482 0)
(-0.254226063951 -0.0673870229051 -1.76068421337e-15)
(-0.241866172334 -0.0748133287393 0)
(0.0272716021955 0.243158033372 0)
(-0.276814714191 -0.0931856080326 3.03250120386e-18)
(-0.291137294452 -0.129234882612 0)
(-0.293253762956 -0.162068549504 1.19444325943e-15)
(0.101525735809 0.354050237641 0)
(0.257725457081 -0.0307375335407 2.09829974861e-15)
(-0.308605976086 -0.15485733691 -1.21514224005e-15)
(-0.0040555254262 0.0228637407844 2.95645850497e-15)
(-0.00335504114423 0.0590406559103 0)
(-0.00548972099341 -0.0133238196473 -3.01641122061e-15)
(-0.00325903961126 0.0962103456483 -2.69963151743e-15)
(-0.262333809579 -0.12957693037 0)
(-0.0061692715572 -0.0256563592976 -3.03289185092e-15)
(-0.00359758665989 0.135301880113 2.5202304561e-15)
(-0.0168350122372 -0.0323368364073 0)
(0.192489049011 -0.0589430451376 0)
(-0.276433687241 -0.15229402222 0)
(-0.00418200847154 0.176745863624 -2.31750792837e-15)
(0.152895777013 0.307294284037 -4.63733597003e-16)
(0.250881226237 -0.0585818049827 0)
(-0.0289803258382 -0.0647655488288 0)
(-0.0175687712424 -0.0449251785924 0)
(-0.275604256736 -0.137402256344 0)
(0.129932532425 0.331326962317 0)
(0.287348368443 -0.0456071929083 -1.00106288946e-15)
(-0.00478570612582 0.220427529604 0)
(0.0278781948828 0.197716554165 0)
(0.14138963426 0.324979636284 0)
(-0.135865435104 0.13384741204 2.29498403574e-18)
(0.0383269213884 0.219751033076 -7.73848524966e-27)
(0.0670508472248 0.378253624493 -1.09132022099e-15)
(-0.0282042992126 -0.0518540428582 2.98916479913e-15)
(0.112916752833 0.345892522556 4.41987156427e-27)
(0.135675760484 0.351684881577 -6.56086743927e-27)
(0.0274197219595 0.227577042274 0)
(0.0425834177773 0.391604315554 8.33515281176e-16)
(0.0721157871409 0.386100995846 0)
(0.0888251133418 0.376041363036 0)
(0.0271484824826 0.294435463349 0)
(0.0522978005271 0.382078568289 0)
(-0.117557481019 0.115107277665 -2.17191076778e-18)
(0.0837704977574 0.379317370195 0)
(0.0272119701459 0.351171028671 0)
(0.120062728545 0.350941652355 6.69555875025e-16)
(0.0167480421109 0.359596109668 0)
(0.0265134361825 0.382713552453 1.18832434241e-15)
(0.0652109101137 0.389936628322 -9.45597282646e-28)
(0.0168138538803 0.376801278442 -1.1883243424e-15)
(0.141322614212 0.343173151268 6.56086743928e-27)
(0.087656643117 0.37324455902 -1.06431710356e-15)
(0.0782131314739 0.371303576406 2.15563732456e-15)
(0.03511228526 0.395042150347 0)
(0.0253311603181 0.39471846605 -7.99961038018e-27)
(0.121626825089 0.349470993219 -1.06250667568e-15)
(0.266071091763 -0.0616982566897 -1.63281963007e-17)
(0.118484032974 0.360520987693 7.34982090628e-27)
(0.283273567609 -0.0534470535314 0)
(0.0306023192342 0.395394126742 0)
(0.131723450981 0.344302222431 -6.69555875023e-16)
(0.0992018159093 0.367043992939 0)
(0.123814399591 0.358565710816 -5.89935635927e-27)
(0.118153929409 0.363337124016 5.89935635928e-27)
(0.133086473112 0.341851652993 1.06250667567e-15)
(0.152068253102 0.339502394608 0)
(0.152734946838 0.330264618186 0)
(0.164351902794 0.321647004361 -1.22315381388e-27)
(0.163334700228 0.311315824727 -1.49317777811e-20)
(0.177169027076 0.280564426148 0)
(0.169265656275 0.288823874554 -4.72838731456e-20)
(0.173716253068 0.303981580712 0)
(0.140218521365 0.346069472677 1.27235601943e-27)
(0.195264740373 0.247470725318 1.21456269716e-16)
(0.211793839207 0.247410722913 0)
(0.269422148549 -0.09926543293 0)
(-0.412189138974 0.0060039749932 0)
(-0.333167288769 -0.223192984142 0)
(0.207268892386 0.20629455562 -1.49903320992e-16)
(-0.381060160135 0.124917661831 -8.15954341179e-16)
(-0.036795348088 -0.327334603699 1.30832007174e-15)
(-0.0172341360457 -0.365874715086 0)
(0.0393891532244 -0.319020779029 0)
(-0.395610266604 0.00685199396567 8.11756725121e-16)
(0.239313671067 -0.0877032921556 6.69383475342e-17)
(0.261105244591 -0.0713425702436 1.68474545371e-17)
(0.338444198694 0.132451700497 -6.54956629721e-16)
(-0.366341938221 0.14787521519 0)
(0.0320292223945 -0.11309739821 -1.13017263311e-17)
(0.11370544185 -0.119749153735 0)
(-0.0559477248037 0.0511087168557 -6.25256419109e-18)
(0.088479423453 0.140064346452 1.4190056946e-17)
(-0.10252101946 -0.101672308931 -1.10057817643e-16)
(-0.0890416940963 0.0865700595294 0)
(0.299992168147 0.0334589103848 -9.33032160605e-16)
(0.304633123014 -0.064481888063 0)
(-0.28771302088 -0.265610562741 -6.18428928853e-17)
(-0.35792636507 -0.166252806481 -3.03068317896e-16)
(-0.344135115899 -0.140107165808 4.85595277921e-16)
(0.378851692091 -0.0144443383212 0)
(-0.415141111759 -0.0482429837424 0)
(-0.382724793655 0.135792213744 8.68563283962e-16)
(0.240437130746 0.177214902412 0)
(-0.34078634865 -0.108285280185 5.65382669124e-16)
(-0.360555027376 -0.0856311570688 0)
(-0.266050761756 -0.221358078276 -9.15944170335e-19)
(0.335070681455 -0.0533442059152 -2.90045433429e-17)
(-0.0360921047477 -0.310815218065 1.19055442543e-15)
(-0.134414912521 -0.332360268431 -4.05566807794e-16)
(-0.119898524733 -0.328543165753 -4.62694573443e-16)
(-0.146192171049 -0.406592935288 -1.35744350153e-15)
(-0.162757011172 -0.337640062455 -1.05355627697e-15)
(-0.0747479313391 -0.332899107335 0)
(-0.121956253873 -0.39771309721 -1.08519814881e-15)
(-0.165814133541 -0.416228464909 0)
(-0.0705474499159 -0.378738908543 4.41065355101e-16)
(-0.0310639056943 -0.380137953041 1.72648134086e-15)
(-0.256443805589 -0.340510922878 2.41954734162e-17)
(-0.219044799752 -0.329018665885 1.02193003453e-16)
(-0.019801537562 -0.381542900923 0)
(-0.255363582059 -0.287524187341 0)
(-0.210187402032 -0.36663928996 -1.14595897224e-16)
(-0.239279482775 -0.352117774134 0)
(-0.181342172447 -0.242113141123 6.28871971873e-17)
(-0.149504569178 -0.176511414523 -7.11140969717e-17)
(0.017873275018 -0.346210436393 0)
(0.00424663564606 -0.274477983377 1.22251837998e-15)
(0.0190110072974 -0.26796756215 -6.58376662577e-16)
(0.010903891273 -0.317891036413 -1.72729987984e-15)
(0.0295527676925 -0.327076239752 -1.55115893202e-15)
(0.067531808894 -0.291090770943 0)
(0.0692131169918 -0.268108184076 3.54366009927e-17)
(0.088382431465 -0.252614417486 0)
(-0.0509510963217 -0.312605335804 -4.92660801826e-16)
(-0.324388563891 0.194979922787 4.61182062174e-16)
(0.300733467138 0.0533397846084 0)
(0.297712470077 -0.0834804464277 -9.42291501748e-16)
(0.294006991782 0.126130950056 0)
(0.3374903901 0.0307370862084 9.48607778413e-16)
(0.314490134341 -0.00471782475879 -1.76388034095e-15)
(0.297321400994 0.00687941200309 0)
(0.21623412759 -0.13055896785 4.99520812614e-16)
(-0.34690581236 0.161034983756 0)
(0.326344477759 0.147367466471 1.04372663792e-15)
(0.24680409579 -0.0815867694798 0)
(-0.343609574848 -0.224570987548 2.32478520657e-16)
(-0.326887367862 -0.250897719811 1.56546449651e-16)
(0.24251734963 -0.0795978474209 -1.17137578223e-15)
(-0.27728771891 0.173377064729 1.26202359656e-16)
(-0.238082238591 0.169279137521 6.98109043858e-17)
(0.247436908572 -0.0956387516273 5.09511761422e-16)
(0.348639606995 0.0890997931625 0)
(0.351080303381 0.0730861702907 2.50111378749e-15)
(-0.0393713041315 -0.335633819389 -3.56825013156e-16)
(-0.0208024333401 -0.358169122078 3.37591549074e-16)
(0.0381742113123 -0.320307906003 -2.92856213682e-16)
(0.26977001861 0.167171211424 3.02716409069e-16)
(0.388662369547 -0.00847854542628 0)
(-0.4182331951 -0.0486374755451 3.36371365665e-16)
(-0.354890577539 0.0891354179804 6.67287267872e-16)
(0.333268847565 0.125358753236 0)
(-0.381497525244 0.148572832825 0)
(0.0645788291959 -0.142059849645 1.1297286563e-17)
(-0.123139189678 -0.129371571804 0)
(0.116581566111 0.161327673514 -1.47547716859e-17)
(-0.0716722432147 0.0716176461774 8.68767165723e-19)
(-0.352303633854 -0.201184490482 0)
(0.299685802314 0.0248763136944 -1.98325443591e-15)
(-0.287653675525 -0.234480598649 3.80710579326e-17)
(-0.356538324545 0.112514094175 6.85741919067e-16)
(-0.381172038574 -0.014421349824 1.42404788062e-15)
(0.288459709427 0.190265269653 5.4567875954e-16)
(0.215634283488 -0.138823277346 0)
(-0.301768761841 -0.264024905409 -3.05151861043e-16)
(0.257092751765 -0.109339252859 6.30675142544e-17)
(0.232566167726 0.232538778782 0)
(-0.41411738991 0.0582796657207 0)
(0.238868778435 -0.0772915870029 -3.54658372511e-16)
(0.220511496383 -0.0858723909108 1.4575005156e-16)
(0.163629383587 0.223196647565 2.55279688545e-16)
(-0.137358641853 0.126011346718 0)
(-0.383184930678 0.0216230003077 -6.76615475626e-16)
(0.241799482847 -0.0686512498361 0)
(0.287110558009 -0.0667610148423 0)
(-0.175158728372 0.132929912517 3.53799974559e-17)
(0.304947648506 0.167726934458 -8.43455293016e-16)
(-0.313047291012 0.166041478021 -8.37109122327e-17)
(-0.345486981611 -0.155974789722 -8.84475810133e-16)
(0.36954727101 -0.0213209857209 -8.41866832577e-16)
(-0.408597640417 -0.0812379505403 0)
(-0.339167386906 0.116436214645 -6.89017637521e-16)
(-0.336466313334 0.0860958926458 -1.71685613654e-15)
(-0.350682847987 0.0662451746445 0)
(0.206856172843 -0.149349384275 -4.49765374308e-17)
(0.0748236115006 0.126394702348 3.11263938889e-17)
(-0.0643973070132 -0.0815495184394 5.27169247528e-17)
(-0.0721438198463 -0.0764780228091 0)
(0.0670175438462 0.134897159269 0)
(0.174124379398 -0.0254370406898 2.7182490912e-17)
(0.160102096208 -0.0441304570278 -1.69995660443e-17)
(-0.0327444660338 0.0362373033677 1.90484491708e-18)
(-0.0347052782585 0.0361020372835 -3.2085782472e-18)
(-0.307065836542 -0.25231515862 1.42761067424e-16)
(-0.376486082599 -0.150823078935 -9.22663209082e-17)
(-0.414347029939 -0.00631270217377 -5.14544880963e-16)
(-0.0536961877288 -0.358803895944 6.48815475551e-17)
(0.0668207215359 -0.243177692191 8.38993261481e-16)
(0.0712502031187 -0.278947264703 0)
(0.033327527191 -0.280593498653 -1.08234875233e-15)
(0.10100882988 -0.252599137775 2.11924122711e-15)
(0.230906466976 0.184470914263 0)
(-0.340649802851 -0.0928812392635 -1.25595958593e-15)
(0.34791519125 -0.0431156772751 0)
(-0.368333226613 -0.157639702212 -3.54652870394e-18)
(-0.220990846423 -0.349528739895 2.71553329406e-16)
(-0.201374652898 -0.339462664449 1.14589730948e-15)
(-0.128481129836 -0.320275873715 8.03314680841e-18)
(-0.161965788906 -0.423829098735 0)
(-0.0919616045808 -0.404050362884 0)
(-0.114831981371 -0.408785706562 0)
(-0.0977442962655 -0.39321738236 0)
(-0.172023100855 -0.328287087087 1.30692757725e-15)
(-0.0696591485708 -0.327628252037 1.08805897067e-15)
(-0.0442460120587 -0.302091128876 1.04606962508e-15)
(-0.205764264086 -0.330481809182 -1.02193003453e-16)
(-0.193681664694 -0.344957776582 -1.16878985727e-15)
(-0.266138047154 -0.320090730489 7.81270652881e-17)
(-0.268599896285 -0.331500225891 0)
(-0.23106690713 -0.341249106041 0)
(-0.275963366658 -0.308247603828 -7.16180640069e-18)
(-0.147964624492 -0.194146142142 8.09921081675e-17)
(-0.027318967143 -0.395545509445 -1.92860926447e-15)
(0.0122308409012 -0.259392218456 1.40634434436e-15)
(0.0136967627981 -0.325222874778 1.29100933942e-15)
(0.018455585828 -0.347222817217 0)
(0.067486141581 -0.289592345091 0)
(0.082747007074 -0.250108343648 -1.09299882187e-15)
(0.10031376125 -0.238136343578 -6.36486242489e-16)
(0.30022311148 0.0612298355506 9.74811414728e-16)
(0.302395224645 -0.0876527428195 1.73013879602e-15)
(0.330374421982 0.0213154196859 -2.23023461553e-15)
(0.295869594795 0.115074633144 -1.75735034996e-15)
(-0.350298057624 -0.172859959114 1.04736470841e-16)
(0.314989929709 0.0393399157412 1.40515471947e-15)
(-0.394175693336 0.0698186941396 -1.46187840988e-15)
(0.313015950164 0.0185725299622 3.33458258071e-15)
(-0.230871283352 -0.24547022117 -1.34636476922e-17)
(0.296249135583 -0.00213655640204 0)
(-0.0127355009998 -0.330227221084 0)
(-0.036965620833 -0.353862830067 3.44819967948e-16)
(-0.0183691803701 -0.338930951825 1.00676799933e-15)
(-0.00857799029318 -0.310098295965 -6.57369079545e-16)
(0.0517111273634 -0.303236336898 2.9972698016e-15)
(0.0235970736932 -0.330836116147 -2.99360228886e-16)
(0.141218798688 -0.191970619384 5.93839992373e-17)
(0.125510702401 -0.207935754242 0)
(0.16213666801 -0.179024926211 -5.69587131608e-16)
(0.178620243066 -0.162184660664 5.03503558135e-16)
(-0.334359317895 -0.240069145873 -2.32087697871e-16)
(0.108014501427 -0.217495509884 0)
(0.0275120098841 -0.313444227498 -9.80323250001e-16)
(-0.245057135548 0.157560149206 -7.68130250552e-17)
(-0.378735691843 0.146466621582 -5.51539969343e-16)
(0.362157225485 0.0797135720865 0)
(0.301862443984 0.141525388022 2.09064337329e-15)
(-0.366808907783 0.16784296386 -1.02611616403e-15)
(0.285485301503 0.171058258618 0)
(-0.259174514555 -0.245291546265 7.41431486611e-17)
(-0.060910659141 -0.348606887146 6.88417488644e-17)
(0.0728290929714 -0.265985521758 -3.17641621761e-16)
(0.0247703029924 -0.293717884119 0)
(0.07384442465 -0.253980319604 -8.89967630972e-16)
(0.0900341362572 -0.266282467629 -1.61428960188e-15)
(0.248056375739 -0.118895450581 -7.03582052912e-16)
(-0.376424847621 -0.146543542615 4.30970826747e-16)
(0.383760371044 0.00222821696262 2.37371939443e-16)
(-0.411187201992 -0.0324711347628 -3.49361231438e-16)
(-0.363178631231 -0.189994188616 2.98766950547e-16)
(0.286988510565 -0.093832626734 -1.66777110399e-15)
(0.331970700346 0.0364399647456 2.24892495366e-15)
(-0.228026596236 0.176689445704 1.8636637393e-16)
(-0.301272218516 0.176318603335 -2.45014045837e-16)
(-0.355633039234 -0.132524922007 0)
(-0.382290663784 -0.00288789769612 -1.28358585411e-15)
(0.314295965488 0.140963655755 -1.21072722371e-15)
(-0.370919846077 0.165306508174 0)
(0.299548770647 0.18233579894 1.34908143656e-16)
(-0.343866658545 0.191748308807 0)
(-0.391499876105 0.0581288845504 0)
(-0.20525050797 0.170261635506 3.66553925396e-17)
(-0.356813007808 -0.116641932852 -6.89673017107e-16)
(0.308833053051 0.157180575951 0)
(-0.359219930957 0.178955680329 3.90553155253e-16)
(-0.249276081123 -0.22343364821 4.12146412154e-18)
(-0.0608047986097 -0.338024063754 -1.35737662828e-15)
(0.0207219160239 -0.310097979222 0)
(0.0983996190607 -0.233733490945 0)
(0.0924944569687 -0.254814780258 9.4179923389e-16)
(0.0775355621363 -0.275967569259 -7.80738752381e-16)
(0.21396015972 0.235900297726 0)
(-0.406331649461 0.0685389210916 1.56415742668e-16)
(0.251061644266 -0.0709868388102 0)
(-0.165416490243 0.143490935959 -3.04720780005e-17)
(0.18506140855 0.233667769137 -3.35619638229e-16)
(0.288153788511 -0.0913751401004 9.51324302642e-16)
(-0.385747181772 0.0336975136954 0)
(0.280341569473 -0.053508347792 0)
(0.313863908307 0.0475814846441 -3.29086551218e-16)
(0.278629461688 -0.0843779905613 1.0634130481e-15)
(-0.212012861893 0.155035396974 -5.21828673241e-17)
(-0.372154590999 -0.134047708389 0)
(-0.367529555296 0.128108247698 0)
(0.306050098389 0.130612507163 9.64676749883e-16)
(0.318554665389 0.148877174635 8.22451552071e-16)
(-0.366783218856 0.168440733083 -4.19861303207e-16)
(0.105754290107 -0.0619653132738 2.04503358483e-17)
(-0.0518030817093 0.0506338155498 1.01812947126e-17)
(0.0805770498355 0.149929955871 0)
(-0.0961861427572 -0.099513319324 1.56297293295e-16)
(0.295193233917 -0.0577616006934 0)
(-0.340028662664 0.130974390274 7.70745294157e-16)
(-0.39633320072 0.0184756010054 1.22553969582e-15)
(-0.333127097048 0.0721704136997 2.28558055555e-16)
(0.31215620038 0.011030506121 0)
(0.193355181013 -0.160652646683 -4.77301824433e-18)
(-0.369332563498 -0.111847766534 -6.11341875923e-16)
(-0.0879436945226 -0.105401473377 -1.03020459329e-16)
(0.0907149333902 0.147446826632 -1.05307732867e-16)
(0.175462649588 -0.0359711417094 -2.94395053341e-17)
(-0.048564153893 0.0491082226421 -2.48258465557e-18)
(-0.328185328013 -0.24956568055 -3.55872422367e-17)
(0.237698900759 -0.123323798495 8.77339509359e-16)
(0.250554027935 -0.0910433535437 -1.27054567883e-15)
(0.0867856984771 -0.218763301266 0)
(-0.0493922682411 -0.353016307265 0)
(0.0389945096035 -0.28499754522 1.64934416722e-17)
(0.0714212727468 -0.27540049661 -1.36728207985e-15)
(0.105957010723 -0.250608107178 -7.99166676558e-16)
(0.101014207381 -0.212978968876 0)
(0.0332258317214 -0.302779105106 2.25206415463e-15)
(0.270325075723 -0.0805300433464 -1.32499461712e-15)
(0.320663526345 -0.0567976691366 3.7467705895e-17)
(-0.356004708526 0.135732668999 -7.2151401955e-16)
(0.114877040939 -0.192265286474 0)
(0.157827841126 -0.159234189757 2.68402468889e-16)
(0.135506559207 -0.17848709287 0)
(0.196872689102 -0.135372392635 0)
(0.178509490598 -0.153452115911 -2.56107765282e-16)
(-0.011522019335 -0.355633000405 -3.32465713828e-16)
(0.0510697933029 -0.306457005803 -1.94394355992e-15)
(-0.00962009609137 -0.337161807068 1.08866106618e-15)
(-0.00251255510233 -0.324552602594 2.0936842475e-15)
(-0.0289371741847 -0.337027768619 -7.13019772857e-16)
(0.0375691947294 -0.308389846702 1.94670240838e-15)
(0.329816938952 0.141706610267 7.08891871518e-16)
(-0.358982272468 0.157113163941 0)
(-0.301440351804 -0.225476034362 -7.20138342645e-17)
(0.3401031489 0.0145212708103 -1.4467928332e-15)
(0.341096535614 0.0423321570747 1.33693510073e-15)
(-0.215380540376 -0.197633741416 0)
(-0.378926043878 -0.122785264471 0)
(-0.379993754024 -0.139443849098 0)
(-0.421775360338 0.017516351002 0)
(0.13984600279 -0.0707027903917 0)
(-0.0603062461207 0.0596346396449 -4.9611694159e-18)
(0.103525544133 0.156110041541 1.01126544005e-16)
(-0.111075296474 -0.115389269269 3.95178698633e-17)
(0.197649318227 -0.15368943478 -6.01349431612e-16)
(0.329328671973 0.0522537420382 1.1498576705e-18)
(0.312104705182 -0.0510833791752 1.28169901664e-15)
(0.319731483531 0.12333672368 -9.04861913319e-16)
(0.324635998165 0.128293296217 9.76576196305e-16)
(-0.377357556571 0.153606030749 0)
(0.32733507018 0.00825356482874 7.7996572773e-16)
(-0.231165369135 -0.237583035991 -2.860645359e-17)
(-0.208105091655 -0.203588780187 2.49132501656e-17)
(-0.323331915551 -0.234071813798 -1.22276122595e-16)
(-0.411826975942 0.0249574934889 -3.95046316014e-16)
(-0.0333843245967 -0.421661401292 7.28572705498e-16)
(-0.0248054400559 -0.425974695925 -7.28572705497e-16)
(-0.187466282288 -0.283857120617 6.3795549342e-17)
(-0.186095654166 -0.299968563629 0)
(0.00107262770871 -0.393389394841 8.89837275734e-16)
(0.00513275110523 -0.385095393941 -8.89837275735e-16)
(-0.0793284773565 -0.0900363889362 -3.31344716285e-16)
(-0.0880465965779 -0.109156298273 3.34523545673e-16)
(-0.162404870251 -0.448734013036 0)
(-0.187743993224 -0.439167611584 0)
(-0.116820600563 -0.44066565189 -1.2048310283e-16)
(-0.13987947146 -0.437504832411 1.2048310283e-16)
(0.0591654249858 -0.361728093655 0)
(0.0430243320745 -0.343461502918 -4.20319609154e-16)
(0.0131711528291 -0.289461045904 0)
(0.0219878239405 -0.326191953005 0)
(0.40243973206 0.0234562974198 6.86666593939e-16)
(0.398751335283 0.0138331514796 6.48580648548e-16)
(0.234623003367 0.155579328275 1.94112987202e-16)
(0.24508977512 0.153419072572 -1.59295466817e-17)
(0.36552748457 -0.0204921837047 -1.54617464895e-15)
(0.363948238521 -0.0382493632659 0)
(0.0925314956285 0.121511134361 -1.40235266447e-17)
(0.112014553243 0.137510187423 1.40235266447e-17)
(0.347014658972 0.107585863752 0)
(0.339567229682 0.12218307728 -7.20835396613e-16)
(0.368766506167 0.0827458937578 1.08061635251e-15)
(0.369429607338 0.0923695380183 -2.175279687e-15)
(0.309594268324 -0.0415169846923 2.72597822191e-15)
(0.29526516203 -0.0310198774115 0)
(0.291762043489 -0.0169412264214 0)
(0.292766168174 -0.0743492142736 -1.21245543121e-15)
)
;

boundaryField
{
    bottomWall
    {
        type            noSlip;
    }
    leftWall
    {
        type            noSlip;
    }
    rightWall
    {
        type            noSlip;
    }
    movingTop
    {
        type            fixedValue;
        value           uniform (1 0 0);
    }
    front
    {
        type            empty;
    }
    back
    {
        type            empty;
    }
}


// ************************************************************************* //
