/*--------------------------------*- C++ -*----------------------------------*\
  =========                 |
  \\      /  F ield         | OpenFOAM: The Open Source CFD Toolbox
   \\    /   O peration     | Website:  https://openfoam.org
    \\  /    A nd           | Version:  14
     \\/     M anipulation  |
\*---------------------------------------------------------------------------*/
FoamFile
{
    format      ascii;
    class       volVectorField;
    location    "94.000000000085";
    object      U;
}
// * * * * * * * * * * * * * * * * * * * * * * * * * * * * * * * * * * * * * //

dimensions      [0 1 -1 0 0 0 0];

internalField   nonuniform List<vector> 
2646
(
(0.00080161126626 -0.00416089992153 0)
(0.00118681728715 -0.00204900385713 -8.1740230521e-18)
(0.00435690850591 -0.0029569253679 -7.94220255951e-20)
(0.0161609040872 0.00209168213151 5.23064487427e-18)
(0.00275973302844 -0.0122885232965 -1.82459858197e-18)
(-0.078508649073 0.0122539684112 0)
(-0.0106116219121 0.00515368975086 0)
(-0.105809433044 0.0031903892953 0)
(-0.338214266802 0.0967366072945 -1.92219518703e-16)
(-0.355598822281 0.0208971928621 6.20999792257e-17)
(-0.0648633875435 0.0387911256339 1.74689461593e-18)
(-0.368199963229 -0.0354737271617 -9.12966094983e-18)
(-0.409221591566 0.0327757262187 2.3440706295e-16)
(-0.406771631132 -0.00255383495862 3.81274248472e-17)
(-0.381263679209 0.0696442980985 4.67663673638e-17)
(-0.234645991787 -0.127948517846 9.73140561237e-19)
(-0.386228993703 -0.0584383267127 -7.18963684052e-17)
(-0.206835258503 0.10584988643 0)
(-0.350814387963 -0.101336364581 -2.24910285454e-16)
(-0.115723901122 0.064210812794 0)
(-0.305366295388 -0.0592444116978 7.41238371775e-17)
(0.0023264026545 -0.00631371203215 9.35896457668e-18)
(-0.217569336952 0.000463418355997 4.45547645553e-18)
(-0.351438604745 -0.00782324788894 -2.8191084083e-16)
(-0.217942177741 -0.0608697674928 -6.96179542992e-17)
(-0.103331210654 0.0551537151435 3.20532475441e-18)
(-0.167789734797 0.0264257909098 0)
(-0.308638169974 0.0540973283462 2.14341254074e-16)
(-0.326594861696 0.031567498001 0)
(-0.199213928505 0.0724630879154 1.29018712495e-16)
(-0.108335348253 0.0163972816868 -8.82945052528e-17)
(5.4611186727e-05 0.00193130482905 1.72912624154e-18)
(0.000397182856424 -0.00877826045514 -1.54571019108e-17)
(-0.00059327936395 -0.0372032280057 0)
(-0.00826105928757 -0.0240515385803 0)
(-0.0637002969104 0.0420075232003 0)
(-0.275256564594 0.108270460288 0)
(-0.395427905806 0.0520570199407 -1.79307298267e-16)
(-0.412373404256 -0.0422888311679 -5.98157900722e-17)
(-0.292498060779 -0.119138623856 -1.57763657174e-17)
(-0.138501427475 -0.0722991345103 0)
(-0.106920238687 -0.071928459558 -4.11216728819e-19)
(0.000288765643595 0.00344687659548 9.65957795249e-17)
(0.000851947443716 -0.00193395815197 -2.21284324285e-16)
(0.00181024188014 0.00286287405046 4.93018614894e-17)
(-0.00892246102402 -0.0115512648878 1.96742478994e-17)
(-0.00348778081703 0.00443229239061 -1.56152927325e-17)
(-0.00246110981626 0.0996276504776 -6.93392582752e-17)
(-0.00289614940565 0.0341585179965 2.86928752703e-17)
(0.0137164142235 0.172445116139 -1.60084148733e-17)
(-0.0967709024082 0.301392405145 -1.41132176511e-16)
(0.0425234125701 0.364813731339 2.88820211665e-16)
(0.012332416232 0.350602370722 0)
(0.0504672551007 0.309472127287 1.86479126792e-16)
(-0.0494173628652 0.0725806909549 1.01080266416e-18)
(-0.0741329116226 0.126558067214 -6.55651162658e-18)
(0.0536831572731 0.22830468054 -1.69239449204e-16)
(-0.00312780770504 0.351494762773 -1.15544194399e-16)
(-0.0215050431742 0.387866907466 2.66894374501e-16)
(0.0117733767135 0.376336884423 -2.6776368172e-16)
(-0.064618399447 0.342286082995 0)
(0.0954294250941 0.253167754466 -9.90989074155e-17)
(0.051484727214 0.374375037485 -1.39400558131e-16)
(-0.118807172713 0.202239996852 6.59838286788e-18)
(0.0799707706619 0.340047093434 3.85626988784e-16)
(-0.0804236464026 0.121917132669 1.68647277628e-17)
(0.0087339281841 0.216575550271 8.69354484138e-17)
(0.0079223205922 0.00418374828106 -4.67370425671e-17)
(0.0568004548626 0.146737834296 7.28750072845e-17)
(-0.0562909593098 0.284453527229 1.75928982263e-17)
(-0.0100432735959 0.318224158311 3.931998783e-17)
(0.0328052532683 0.115566465438 2.9607553924e-17)
(-0.082525916329 0.220999317685 1.08411123706e-16)
(-0.0390753649653 0.15961006913 -4.25244695386e-17)
(-0.00226556709227 0.064185169777 -2.84535535129e-16)
(-0.0153200971444 0.167582480948 0)
(0.000397843453477 -0.0030529044083 8.67708723262e-19)
(0.00274713597691 0.00237591559494 6.5441449823e-17)
(0.0227924600956 0.0565495709195 1.23729412324e-16)
(0.0113389763919 0.0659971062719 1.61920446512e-16)
(-0.0593918760337 0.0636451683879 5.11683032761e-18)
(-0.119297561111 0.260500240295 -1.30023150007e-19)
(-0.0350940852054 0.363235945243 0)
(0.0395422336346 0.381211364252 -3.75470195982e-16)
(0.0828713071793 0.282538476355 -3.70111183745e-17)
(0.0649161777031 0.180000824737 2.47710061162e-17)
(0.00302725110423 -0.408248924144 1.5953960018e-16)
(-0.0235027473013 -0.0893761513696 -5.32222537103e-17)
(-0.0059534903875 -0.258759104379 -7.35477149568e-17)
(-0.149334684037 -0.472157530528 2.76869738638e-16)
(-0.057032698723 -0.545202516468 0)
(-0.0855269283562 -0.146799009084 4.64264496886e-18)
(-0.0136809150975 -0.454578447335 0)
(-0.0501203627115 -0.463591145293 0)
(-0.0170713273384 -0.432603042611 9.97994817941e-17)
(-0.0986321759038 -0.457066289036 -5.43775540386e-16)
(0.0369165904991 -0.374871732044 2.77873513038e-18)
(-0.00409495959852 -0.404970368133 0)
(-0.174361405369 -0.323081096262 2.57757764196e-17)
(0.0139830178695 -0.392215675105 0)
(-0.131575331972 -0.213053133823 -1.53374630914e-17)
(-0.00556866896695 -0.447112812 0)
(0.00871951433425 -0.00778829716526 -2.11797750873e-18)
(-0.0413064188872 -0.510105682021 -3.20433316162e-16)
(-0.0336247889299 -0.492075238389 6.97747963431e-16)
(0.0145436751759 -0.449967556577 0)
(-0.1124433405 -0.215592715138 -3.54929425529e-17)
(-0.0463964330622 -0.421135440259 0)
(-0.104130316854 -0.476211583265 -2.07121627662e-16)
(-0.0643254120899 -0.504672257802 2.28868850107e-16)
(-0.114687318278 -0.341227127854 3.16072372163e-17)
(-0.0415350000267 -0.269659572562 6.16910682304e-17)
(-0.0114486928319 -0.0111140442896 4.7642579339e-17)
(0.00421449763517 -0.0216709012741 0)
(0.00823055639107 -0.364392365065 -5.0197760437e-16)
(-0.0910720276545 -0.128542491376 -1.54052469106e-16)
(-0.163866663279 -0.399040540615 0)
(-0.0638126914193 -0.471750949724 3.28603698888e-16)
(-0.0173158024646 -0.424309950927 0)
(0.0322241443483 -0.384758039129 0)
(0.038900658249 -0.345699335242 1.65820944771e-16)
(0.055097564468 -0.41303780045 2.4770354865e-16)
(0.062317499589 -0.450918160937 -2.48424899951e-16)
(-0.046414289929 -0.0306351486319 -2.53556659983e-17)
(-0.0970045822765 0.0710526930614 -9.42427258048e-17)
(0.263218588175 0.0224642432124 1.32706371306e-16)
(-0.0682265753039 0.053038414509 0)
(0.0218419999726 0.0947585780674 -6.94006710671e-18)
(0.543115901667 0.0076746684143 3.4858589788e-16)
(0.348127554271 0.00108485483695 -7.34190508972e-17)
(0.417715344974 0.0418394806451 0)
(0.357158102083 0.0955053117597 1.12710794581e-15)
(0.394790865206 -0.00470557734835 5.86434310496e-16)
(0.4354147657 0.0137941987558 2.19273656413e-15)
(0.412067642662 -0.00793975475911 -4.65895857506e-16)
(0.154762484255 0.0877332430711 1.1254045737e-17)
(0.219068062676 0.0891866993729 6.96420302172e-18)
(0.353465188617 -0.0140154459401 4.81988378065e-16)
(0.421923693273 0.0228906570962 -6.99451921789e-16)
(0.41351682436 0.0394179316873 -4.10770296309e-16)
(0.402462910772 0.0144985036913 -7.52011480444e-16)
(0.405455450827 0.0533621401555 1.61501343142e-16)
(0.327240429425 -0.033053539589 -8.67774428114e-16)
(0.390177863995 -0.00640266591213 1.24041300378e-15)
(0.271826001421 0.137444751296 -1.5873599956e-17)
(0.391708146392 -0.0563923021627 0)
(0.192503850674 0.135281261214 -5.98589922396e-17)
(0.457588515924 -0.00364266881982 7.71446246561e-16)
(0.193143199045 0.0279738370851 -8.96529277383e-18)
(0.308775350179 -0.0460418079551 -6.98605868807e-16)
(0.389672848921 0.0429397629289 -2.24076229085e-16)
(0.423485025628 0.0504579043643 0)
(0.430514362362 -0.0425834837363 -1.00209983999e-17)
(0.306927904642 0.0841975954631 -4.50656373622e-16)
(0.348474889331 0.0222760873154 1.81428590453e-16)
(0.539664226527 0.0279911625111 -3.81518473192e-17)
(0.533118326969 0.0063937941961 -7.57187775118e-16)
(0.082036944268 0.106069981577 2.49821229787e-16)
(0.307065493363 -0.0598395639139 0)
(0.0489614663985 0.0713436233731 -2.56645641909e-16)
(0.372518944301 -0.0306930154795 -4.9815509424e-17)
(0.125053806362 0.133792945423 0)
(0.328171306418 0.12820277391 5.62015845646e-16)
(0.420334596088 0.0718086286599 -5.42062237124e-16)
(0.40001947577 -0.00350873955589 -1.07820405304e-15)
(0.338095832415 -0.0438693657406 0)
(0.300944386825 -0.0812829764389 4.9510126156e-16)
(0.448340887923 -0.382140864185 -2.47927144708e-15)
(0.290595777806 -0.104775500963 3.79411068528e-15)
(-0.00668006891496 -0.469211875745 0)
(0.0211590741047 -0.309052921163 1.47529636084e-16)
(0.382579446999 -0.0106465918445 0)
(-0.413213447228 0.0300419253191 4.01364210976e-16)
(-0.412214787644 0.0150847785652 -4.01364210975e-16)
(-0.172670245635 0.108466837079 0)
(-0.189246343436 0.112737569956 0)
(-0.367727628335 -0.0845686110205 4.13019127716e-16)
(-0.376412014441 -0.102908259409 7.53372477307e-16)
(-0.0372117317153 0.0344804354227 0)
(-0.0514651275616 0.0410295568745 0)
(-0.334666232843 0.113012747056 0)
(-0.312434041772 0.125283134329 0)
(-0.370012701394 0.0834250295006 0)
(-0.356397128017 0.109866525288 5.60280551545e-16)
(-0.216511209117 -0.131914204676 -4.52404956736e-17)
(-0.197952116026 -0.117046805285 4.52404956737e-17)
(-0.0808748555086 -0.0712411402447 0)
(-0.0974510439575 -0.0916407050071 0)
(-0.0181334003069 0.389278572536 0)
(-0.00085017265899 0.381354497115 7.58486337746e-16)
(-0.113946662624 0.16842648609 -7.15628802927e-17)
(-0.12342971137 0.186134767991 -1.57751435379e-17)
(0.0641262024167 0.358278335284 3.96345284056e-16)
(0.0841499400626 0.356949445881 -2.04859703045e-15)
(-0.0418633885106 0.0383972078732 -5.48179891482e-18)
(-0.0522294722982 0.0531288027044 -4.7605148842e-17)
(-0.107067566511 0.301290715702 1.26126452581e-16)
(-0.123450242519 0.28660164705 -1.26126452581e-16)
(-0.0852408313006 0.330756109688 -3.52038306641e-17)
(-0.102291224292 0.328827085097 3.52038306641e-17)
(0.101618982181 0.239187120995 -1.2532335783e-16)
(0.109770166983 0.22305731995 1.25323357831e-16)
(0.0710849618114 0.134578080534 0)
(0.0616234329205 0.146228513022 -7.86052609839e-17)
(-0.397196012044 -0.0961871293844 2.73120061132e-16)
(-0.268193776412 0.204332121206 -3.22324806739e-17)
(-0.0904132751784 0.0806692147117 -6.6170849544e-19)
(0.351330232875 -0.0394545877516 -6.11641791298e-16)
(0.133114547875 0.184329818413 0)
(-0.144324562497 -0.155799871615 0)
(-0.184147764748 -0.188986778997 0)
(0.330699969056 0.0777901150303 -2.32494777463e-15)
(0.268993660219 -0.114030653414 2.84671703065e-15)
(0.325014840756 0.100799673312 1.80921602266e-15)
(0.363256870751 -0.0311939727109 0)
(-0.40374925558 -0.0841915453425 5.10179951467e-16)
(-0.111455101317 0.100425136529 0)
(0.150117410105 0.206252971657 0)
(0.243598570026 0.21031996437 1.30889402831e-16)
(-0.0920631254039 -0.364571592036 0)
(-0.100028761916 -0.3522971449 -6.4662129988e-17)
(-0.217475707271 -0.389664580208 1.73733498799e-16)
(-0.223860768791 -0.371299626496 -3.06011933086e-16)
(-0.197877271135 -0.391587308181 0)
(-0.204178908531 -0.386211582269 -1.8207903659e-16)
(-0.241474027954 -0.316735656821 -2.45292494077e-16)
(-0.250357478559 -0.308958294417 1.88639696405e-16)
(-0.313055236826 0.209000400829 0)
(-0.334522746196 -0.198419841149 -2.76034308728e-16)
(0.273227552473 -0.117414253026 -2.61023203016e-15)
(0.278562327176 -0.0971048406679 0)
(0.293206852434 0.187834233515 0)
(0.372047616326 -0.00380044330999 -2.32911253681e-16)
(-0.413938259753 -0.029615815728 0)
(0.170196604862 -0.105010075021 2.36845539563e-16)
(0.232152726605 0.218781941495 -4.15790289367e-16)
(0.273571330239 -0.10927198361 1.29164596181e-15)
(-0.324434520973 0.208872444051 -5.93066802545e-16)
(-0.268592618982 0.192155851921 0)
(0.36539128326 0.00239525913301 -2.59059636122e-15)
(-0.252922120142 0.198307276996 -2.00437622387e-16)
(0.32275383303 0.111628948662 2.71997052694e-16)
(0.330870933512 0.069114267086 -1.27720559047e-15)
(-0.23943242294 -0.290124603578 0)
(-0.213988210628 -0.259357885179 0)
(-0.136044441978 -0.359321154759 4.71141922676e-16)
(-0.151275083881 -0.37864110161 1.03285255582e-16)
(-0.239837765356 -0.370640081154 -6.51496245213e-16)
(-0.23927210239 -0.374477346118 7.6566833468e-16)
(-0.0788988792378 -0.359940444623 -2.74033435579e-15)
(-0.0716348289638 -0.355204605261 2.28063515476e-15)
(0.0700102617916 -0.290249631852 1.1912362273e-15)
(0.00449785162424 -0.302328816431 0)
(-0.0501757770893 -0.339748576654 2.15839847856e-15)
(-0.126966960244 -0.357812196186 5.50533751185e-16)
(-0.119913188835 -0.367823811277 0)
(-0.164973571446 -0.383510487564 -1.16689329633e-16)
(-0.169509185025 -0.369992361035 -9.85346783757e-17)
(-0.0283850874589 -0.372479311488 0)
(-0.236503219151 -0.347323357544 -4.98809975651e-16)
(-0.25218614417 -0.343955660938 4.03238721552e-16)
(-0.190942866134 -0.219320915301 0)
(0.0137414370108 -0.299220430191 2.25133030563e-15)
(0.018737292928 -0.308619727517 -2.36042379732e-15)
(0.0325914908728 -0.339732031063 -2.54218833143e-15)
(0.0835506211075 -0.285776290132 -2.1135427777e-15)
(0.0819480554409 -0.281785753792 2.07657671393e-15)
(-0.0543057922679 -0.348591999759 -3.38357861151e-15)
(0.0608872186277 -0.300867608525 -3.55560973107e-16)
(-0.00195186018717 -0.314162636764 9.59610737706e-16)
(-0.032799075268 -0.364355175611 -8.66609219033e-16)
(0.0309004031537 -0.338478894822 2.92524679564e-15)
(0.274637910427 -0.0883937018592 0)
(-0.198115420669 -0.212845889803 9.08738440368e-18)
(-0.324641314942 -0.210914500001 -8.24200519093e-17)
(-0.391329208693 0.0790985652181 8.8208932868e-16)
(0.329896326444 -0.0466757770363 -3.21233791887e-15)
(0.344005057914 0.0820006549179 -1.26840040798e-15)
(0.298357185064 0.184537595537 2.96613986475e-16)
(0.195139329953 -0.0773135440227 3.228218547e-17)
(-0.408153108112 -0.0171916948953 -7.42189569919e-17)
(0.338387216033 0.0927356617234 -2.47310364151e-15)
(-0.380601119578 -0.0994128078414 3.35389579623e-16)
(0.363386149806 -0.0118980310247 4.1042067519e-15)
(-0.411676112686 -0.0434732022021 0)
(0.281569990502 0.200871552915 -3.26132074121e-16)
(0.215318377566 -0.10464760747 0)
(-0.346838376776 -0.192546254188 1.80471668064e-16)
(0.263356629207 0.186642835556 -4.35212086145e-16)
(-0.422153028535 -0.0438785609175 1.59300922814e-17)
(0.391760976491 -0.0165317550611 -7.70894434386e-17)
(0.230378087258 -0.140664577972 0)
(-0.410931314272 0.0424075867912 -1.59921970383e-15)
(0.236662116374 -0.103159268863 -9.9408741349e-16)
(-0.363619793178 0.148959781779 8.59548319964e-16)
(-0.293094856696 0.195953999629 2.04427698934e-16)
(0.237238000847 -0.135917288761 9.31416412264e-16)
(-0.37071056329 0.0807361486998 1.08420145676e-15)
(0.25761303046 0.211237106308 2.52524828356e-16)
(0.361443844791 -0.0239990196061 1.36129654378e-15)
(-0.398525065934 -0.0657003090314 -5.9675402435e-16)
(0.117135509461 0.177153552343 -5.78872043167e-17)
(-0.133498109285 -0.140710176389 0)
(0.192152312074 0.221417428964 1.54694633637e-16)
(-0.159896988691 0.128872125611 -3.0228551726e-17)
(0.0976710184054 -0.26879367931 -1.60071131469e-15)
(0.0850494644686 -0.278458321619 2.60062533627e-15)
(0.144126289902 -0.0843920658092 0)
(-0.0827085743331 0.0786317053325 6.14179413212e-18)
(0.200542842366 0.220818490447 2.05026743763e-16)
(-0.373790025707 0.155640386133 8.34002458075e-16)
(0.268031668607 0.197383992568 3.53823584091e-16)
(-0.411190986664 -0.0512496538974 -1.80203838732e-17)
(0.37473475767 -0.0185853880794 -1.33642521261e-15)
(-0.422958626744 0.0350365415654 1.89386654515e-15)
(0.321093996229 0.160572349483 -1.77526915132e-15)
(-0.347517988748 0.175819323411 0)
(0.289903659346 -0.0972138417241 2.2882557694e-16)
(-0.373678412795 -0.162067775412 0)
(0.317285483601 0.171106290319 1.5631026854e-15)
(-0.341959730985 0.175939457773 0)
(-0.370150555186 -0.176161069698 -4.35235069681e-16)
(-0.368409969457 0.102534788028 -1.75386089302e-15)
(-0.412914643065 0.0506514298412 5.60636455045e-17)
(0.239836265367 -0.116717891166 5.76187375643e-16)
(-0.172396319937 0.142072759506 6.77016077234e-17)
(-0.126339661589 0.10357150884 8.72418608034e-17)
(0.168834435377 0.202878243599 0)
(0.333906246905 0.118031853727 -1.0069188727e-15)
(0.285271053576 -0.0769300509811 3.01122674795e-15)
(0.343129493613 0.0634291213792 -1.32107539753e-15)
(0.342326490133 0.0030379652497 2.197512939e-15)
(0.258872753634 -0.113644735533 0)
(0.272095188446 -0.098746113762 7.30455429451e-16)
(0.204992868723 -0.0880365374889 3.90979362904e-16)
(0.302182643102 -0.0690793330343 -3.14656865894e-15)
(0.15471207335 0.262344427951 -1.80867184836e-16)
(0.193864830802 0.262364135147 4.88565201293e-20)
(0.175744637393 0.257748452773 -4.88313919875e-20)
(0.0497927673091 0.301473902139 0)
(0.0171423904552 0.184791806732 -2.62892397269e-26)
(0.0173295046372 0.142802726608 0)
(0.0171842417303 0.102609678483 -4.07175353258e-15)
(0.277667912387 0.216446596004 1.07979824888e-15)
(0.038633076725 0.328891103987 2.33375975444e-15)
(0.016590489983 0.0638160900994 0)
(0.103758467969 0.375563404129 1.00506985807e-26)
(0.0278502689516 0.338078329774 -2.33375975444e-15)
(0.0855102770777 -0.0757296351854 0)
(0.170790410335 0.267117037239 4.0148385458e-19)
(0.0499927456733 0.251054000965 0)
(0.366216318819 0.0454002769335 -1.39008739121e-15)
(-0.215581312912 -0.310833518456 -1.76779500743e-15)
(0.0154067006592 0.0256919476659 1.60703806655e-26)
(0.244173713816 0.225589439293 0)
(0.0587591729659 -0.10583647371 -4.19641398192e-15)
(0.147751510239 0.0725334250728 0)
(0.0906237607721 -0.0377777657894 -5.28911173356e-17)
(0.0135168607363 -0.0125360903113 -4.45537325172e-15)
(0.0853333843119 0.0530679299317 0)
(0.146750054536 0.0372485316129 0)
(0.133669699932 0.0309509017858 1.47475159182e-26)
(0.015988381446 0.408379640956 0)
(-0.425966701139 -0.0024938647924 0)
(-0.139747398998 0.363651916533 0)
(0.14430266992 0.00254122851023 0)
(0.00580611905675 0.19200527811 3.53905434736e-15)
(0.399449126995 0.0081301713292 1.63534610329e-16)
(0.0389038556769 0.310447172443 0)
(-0.203564572257 -0.318897764686 9.11583577337e-16)
(-0.15690694398 0.346047519449 0)
(0.00601890750269 0.149646722005 -2.73719980644e-26)
(-0.144626306211 0.354126977465 0)
(0.0151233061093 0.402321174807 0)
(-0.133305246504 0.283593852649 0)
(0.00593801310358 0.109057942028 4.07175353259e-15)
(0.135107500993 0.103030382671 0)
(-0.218331077782 -0.227113465889 -2.33973584934e-15)
(0.375933548332 0.00855097102228 -1.71205741698e-16)
(0.147478189879 0.10909517291 0)
(0.0403430704017 -0.0818590083891 7.89957533932e-27)
(-0.194547940269 -0.260052081592 -2.27265385712e-15)
(-0.206604298957 -0.250969110931 2.27265385712e-15)
(0.0781932716956 -0.0451219054163 8.57785082476e-15)
(0.110058435771 0.128869821463 3.7429170423e-15)
(0.368316804263 0.0307083540992 -1.44830684465e-15)
(0.378185679848 0.0227778743579 -1.47234032835e-15)
(0.0818973222103 -0.00789747960656 0)
(0.279516368611 0.207081035452 -7.00040682976e-16)
(-0.145373332481 0.275892000997 4.41179722795e-27)
(-0.0027008352722 -0.0865621277004 0)
(-0.126036141639 -0.118739788903 0)
(0.00545276256649 0.0699220550693 1.53594125975e-26)
(0.266434900364 0.21904622378 -1.68148029442e-15)
(0.376792967794 0.0389920922682 1.44060031684e-15)
(0.277814663367 0.218881769631 -8.52869996383e-16)
(0.228370371749 -0.0685919258813 -1.60030203297e-15)
(0.00515138728609 0.398266172553 0)
(-0.0618597451138 0.163972219344 0)
(-0.0392453239878 0.192245780826 0)
(0.105989835824 -0.00607466244782 8.40738663111e-15)
(0.0387693513814 0.259158677562 0)
(-0.0138427234553 -0.0944555145555 0)
(0.00623045772977 0.388613557312 0)
(-0.0259482615191 -0.116863376355 0)
(-0.0505141416424 0.170885928569 -6.45666196252e-27)
(-0.0616163329284 0.122443366424 -3.8353687977e-15)
(-0.0505522790009 0.185189884246 6.45666196252e-27)
(-0.189744591216 -0.183449985897 0)
(0.00444132374482 0.031530931678 0)
(0.00972523051593 -0.0650967864786 1.61369570916e-26)
(-0.0615951831774 0.0822746475942 0)
(-0.0503108575609 0.0888538948318 -1.47297234404e-26)
(-0.153064504564 -0.145892939463 0)
(-0.0503061518452 0.129135179004 0)
(0.028720143591 -0.0898733531456 4.34718003178e-15)
(0.0562412668466 0.397903124724 -1.28557859826e-15)
(-0.0616859274174 0.069027690875 0)
(-0.0729948708184 0.0624624667504 -4.08530516497e-15)
(0.257600476763 0.215642736986 1.68131355709e-15)
(-0.0434297640161 0.39946887748 -1.23691270131e-27)
(-0.206423763174 -0.235593955212 2.33973584934e-15)
(-0.188255435008 0.216637461828 -2.40044748735e-16)
(-0.0541293207491 0.393271597468 -2.83392907445e-27)
(0.015718751884 -0.112216658119 4.28979604309e-15)
(0.0942523378022 -0.00106045518557 -4.23058596067e-15)
(-0.0778978344974 0.387389905091 0)
(0.0487091814202 -0.100823030296 4.19641398193e-15)
(-0.0621563359602 0.0297993362757 0)
(-0.171049272432 0.349396822984 -7.54664167705e-28)
(0.0709303650836 -0.097330147421 0)
(-0.0453347924104 -0.256244596946 1.74785768821e-15)
(-0.0636643749564 0.39316728855 1.09075216242e-27)
(-0.431630337642 0.0343385518165 6.87593392614e-16)
(-0.0170727188119 0.40644444661 0)
(0.39950888591 0.0295095699615 2.4774681628e-15)
(-0.0349368253651 -0.400583833209 0)
(0.132824980138 0.0191646037199 -1.47475159182e-26)
(0.147353615438 0.0489585044826 -3.88169192558e-15)
(-0.103544768365 0.375659944141 -1.48348492277e-15)
(-0.118227567517 0.368295382843 -5.5534101174e-27)
(0.162509763125 0.233584534742 -2.17701543589e-16)
(-0.391509262535 -0.132124655143 4.82179721953e-16)
(0.0730564158183 -0.0838140816638 0)
(-0.166844363015 0.196203283446 1.15481762612e-16)
(-0.030714965955 -0.177742821627 0)
(0.0966720584564 0.169405629056 5.59218260525e-17)
(-0.100012568975 0.378791400135 0)
(0.121851255139 0.0482118740972 4.06718935468e-15)
(-0.128810702005 0.370142321812 0)
(0.118797858844 0.000701385682194 -4.17680067044e-15)
(-0.087074456973 0.385914196621 9.81737538743e-28)
(-0.0411434290724 -0.186838322566 2.35770718198e-19)
(0.14267515317 0.217034380803 0)
(-0.0216402278219 -0.184595275964 -3.97613731782e-15)
(0.145404393093 0.0141803179296 -3.96905906562e-15)
(-0.011077119212 -0.175288059373 3.97613322281e-15)
(-0.127531785433 -0.124486105167 0)
(0.0857942692729 0.0654531975872 0)
(0.109547851709 0.0537922547296 -4.06718935467e-15)
(0.09722414053 0.0474118233307 -7.59488549954e-27)
(0.133000554541 0.303178357078 0)
(0.147293736783 0.121647012019 0)
(0.130988415058 -0.00414268181365 0)
(-0.00157103384555 -0.0727255710546 0)
(-0.0504468294593 -0.179654979303 0)
(-0.142302144163 0.0227729728647 3.89542798295e-15)
(0.120549696732 0.189494666671 0)
(0.134983289791 0.0664322068388 -2.87196076576e-26)
(-0.221209712743 -0.181694377643 0)
(0.0920888065909 -0.0252944625798 -4.94344656683e-17)
(-0.389337737672 -0.121492651038 0)
(0.104669870227 0.366602674346 0)
(-0.424994994731 0.0108651484536 0)
(0.402344829215 0.0119300415174 0)
(0.00709353893396 0.405053833413 1.351967593e-15)
(-0.132309115792 0.235808916571 -2.76714457546e-15)
(0.0963628511369 0.204714779045 0)
(0.122431011521 0.122187273898 0)
(-0.120293232503 0.213838370659 0)
(-0.436074881654 0.040177432927 -3.27422267731e-16)
(0.392696740684 0.035443928684 1.19945706426e-15)
(-0.041211177711 -0.384980483893 2.13719562368e-15)
(0.00278971536561 -0.00686618441167 -3.23940717044e-26)
(-0.159353256589 0.333536666829 0)
(-0.0382751365928 0.405593412846 -1.21300527702e-15)
(0.227603835327 0.250123462105 0)
(0.240734286203 0.239995241299 0)
(0.107663669226 0.211719492941 5.51811182338e-27)
(-0.146824700219 0.309592213981 -1.41264036114e-26)
(0.131336240025 0.210870716656 0)
(-0.146130761654 0.326631708772 1.41264036114e-26)
(-0.133446621299 0.301046242821 0)
(0.361432592991 -0.0590417019998 3.35317579536e-15)
(-0.142274612965 0.00942380517174 -3.84489508783e-15)
(0.39662924734 0.0455002000861 -2.34871586971e-15)
(-0.0498675355505 -0.401651364068 -4.97195741301e-15)
(0.386514703861 0.0588011820618 -1.2734436297e-15)
(0.0375805581464 0.380707145643 0)
(-0.0571164371658 -0.38644693628 2.32506775378e-15)
(-0.161774486437 0.346082424745 6.63313378186e-16)
(-0.431015438072 0.0398784966869 0)
(-0.426360708319 0.0514882514445 0)
(-0.035794893896 -0.110556377109 -1.56177185115e-26)
(-0.132493165431 0.251207402017 -6.9032105196e-17)
(0.108446709285 0.368974150848 0)
(0.0199745456919 -0.0706805696631 -1.5946511333e-26)
(-0.0222104609958 0.411355901491 1.31504021038e-27)
(-0.0618016651064 0.149888781817 0)
(-0.0149807005406 -0.108709890767 0)
(0.109061635142 0.169067869991 0)
(-0.181804918085 -0.136786313989 0)
(0.108948711365 0.222068406559 0)
(0.130919093925 0.225893959816 0)
(0.207428629857 0.207465625484 0)
(-0.0299136099825 0.405618156103 0)
(-0.145059275934 0.259231330965 -2.56527901096e-15)
(-0.212637045577 -0.28914793646 0)
(-0.00542859294706 0.404872256075 0)
(0.224112696188 0.264869983653 0)
(-0.400087994475 -0.0849009870958 0)
(0.0765338101858 0.375166668407 0)
(-0.0959586248336 0.0228530464153 0)
(-0.0392594219822 0.206760300223 0)
(0.00593216810991 -0.106489820299 -4.28979604308e-15)
(-0.0731148584472 0.0492667546027 -4.15363390716e-15)
(-0.225396583754 -0.161889818854 -2.56484204676e-16)
(0.027110453163 -0.103870323885 -3.91570665705e-27)
(0.377690980973 -0.0337231354105 1.15900593127e-15)
(0.0113010613091 -0.370323040487 -2.18465817678e-15)
(-0.0616005592253 0.108842095623 0)
(0.348564443028 -0.0623962581752 -3.81453848803e-17)
(-0.0591425566364 -0.156878546188 0)
(0.0957056698697 0.17875466554 0)
(0.231536581528 -0.0579034738909 -1.63972815933e-15)
(0.00456166511883 -0.204885220968 1.91808804913e-15)
(-0.107356928979 0.0293247533992 4.03512482956e-15)
(0.108736708451 0.182908876628 0)
(-0.00213836300877 -0.181769410743 -2.38761830839e-19)
(-0.359462172817 0.190460745086 0)
(0.0171934957382 0.170549666978 2.6289239727e-26)
(0.255914365406 -0.0705966126499 0)
(0.0839867980757 -0.218856919454 0)
(-0.0619297773695 0.0429310415543 0)
(0.109916394804 0.142015118012 0)
(-0.0845948748406 0.0294875598069 0)
(-0.0734196241726 0.0231423439846 0)
(-0.335851337739 0.194246552086 1.61952134393e-15)
(0.142300324086 0.249393913368 0)
(-0.38872495855 -0.111332858502 -2.94704427313e-16)
(0.0505812048326 -0.0870324887062 0)
(0.0966011863577 0.368652090828 -1.11455595639e-15)
(-0.0502506823376 0.102215502137 1.47297234404e-26)
(-0.0503344285263 0.14295929885 -3.77294144907e-15)
(0.0105899060918 -0.366728234735 2.12378877176e-15)
(-0.209853631258 -0.190175292719 -2.77215354256e-15)
(0.00294691759723 -0.363225923756 4.18917499954e-15)
(0.0750734423019 -0.187298899925 0)
(0.0172907013553 0.129161225275 0)
(-0.118875974326 0.022726506101 -4.03512482955e-15)
(0.372008859655 -0.0520604601836 -1.14832478946e-15)
(-0.0495262168511 -0.163868733953 0)
(0.087487988994 -0.0627181463516 -5.04683058082e-17)
(0.366823116854 0.0160654245024 1.45973685714e-15)
(-0.252457649441 -0.190081661021 -1.53161047937e-16)
(0.142760864773 0.233390180509 -2.69977931633e-15)
(-0.358531360083 0.188801544052 -1.20276052802e-15)
(0.0170017770667 0.0894935595652 0)
(0.12135643294 0.161793700555 6.29911410833e-27)
(0.0145218546373 -0.353867430446 0)
(0.221514376392 0.198877216429 -1.14627606019e-15)
(0.125993794521 -0.105901515288 0)
(-0.00860992119125 -0.369724930519 0)
(-0.178323473005 0.00304290902119 0)
(-0.43313022182 0.0160076912676 -7.15053358183e-16)
(-0.00956775719774 0.409612478351 -1.351967593e-15)
(0.396731896597 0.0237491529 -2.47408054843e-15)
(-0.309905570311 -0.176879054879 0)
(0.01676303916 0.228537059142 3.19977743145e-15)
(-0.259237568271 -0.328367910018 -7.30183079244e-16)
(-0.270432111814 -0.3202011553 0)
(0.049878178224 0.283938618617 0)
(-0.130569626593 0.0293261775241 -3.89542798296e-15)
(0.137086718993 -0.109343582802 0)
(-0.00269575016036 -0.358812547136 -1.53669095919e-15)
(0.144311102293 0.188580134423 -1.37091665539e-27)
(-0.2264586337 0.257756856353 -3.60485487389e-16)
(0.0373965225171 -0.174076748 0)
(0.211738777486 0.274772195488 0)
(0.137673220279 0.232136464358 1.80286427203e-16)
(-0.00139029943251 -0.37651626518 -1.30809043707e-15)
(0.12166379795 0.148390078777 -6.29911410834e-27)
(-0.34820914467 0.199211390766 1.30370579889e-15)
(0.143818707061 0.202911731347 1.37091665539e-27)
(0.0285218565122 -0.168556981258 -3.9484988688e-15)
(0.140004983578 0.253413398959 -4.36022700151e-16)
(-0.316796702393 -0.15860252049 0)
(0.120272344908 0.305214747045 0)
(0.120342315376 0.274467854105 0)
(-0.417846029867 -0.0172793303137 0)
(0.0210884484792 0.402193933672 0)
(-0.363953067287 -0.145086406251 1.10172451524e-16)
(0.0162203145418 0.0509808615348 0)
(0.108403561807 0.344721541315 7.70181058347e-16)
(-0.279545792937 0.236724380831 -1.79273839655e-15)
(0.080716863225 -0.0203406422689 4.28195051011e-15)
(0.109036138822 0.207730584059 0)
(-0.178195336264 -0.0104172357828 7.26665826161e-15)
(-0.294352187187 0.244353484899 5.66748377715e-21)
(0.400902975793 0.00560194472398 0)
(-0.0189191180946 -0.398388902082 0)
(0.129364615317 0.273845637667 0)
(0.2836990768 0.206103681635 -4.33033364444e-16)
(0.377663971934 0.0526118721773 1.34289541381e-15)
(0.147925575315 0.0845541304902 0)
(-0.270270189029 -0.300104722148 0)
(0.341288088147 -0.0717825721149 3.06878858467e-15)
(-0.21086694636 0.303296763826 0)
(-0.214499113124 -0.307927140203 0)
(-0.400372554045 -0.107172176905 -6.3892216284e-18)
(0.317356995866 -0.07568807761 1.39638842847e-15)
(0.309936615493 -0.0691055936212 -1.51544734064e-15)
(0.11978383677 0.203876878228 0)
(0.334171471826 -0.0697448993582 -9.91334180283e-16)
(0.0637734291696 -0.301637100681 2.28674056054e-15)
(-0.234081983691 0.209821316279 2.34491883729e-15)
(-0.199198332593 0.133636539675 -6.80508645729e-17)
(-0.250420584301 0.234598102666 0)
(0.120524454846 0.323870361448 0)
(-0.341320300129 -0.164747689287 0)
(-0.0241231904744 0.40360258187 -1.31504021038e-27)
(-0.400322783392 -0.105695876134 3.02628968816e-16)
(0.0856930987626 0.377347655897 1.11455595639e-15)
(-0.0344501580454 0.398956118728 0)
(-0.129120468747 -0.311564152644 -1.32533551364e-15)
(-0.154076772302 0.0028045038069 7.60601721259e-15)
(0.133428981773 -0.122661607121 0)
(-0.266404206281 0.24343524768 1.7927282328e-15)
(-0.282597127717 -0.292951147355 0)
(0.05796856474 -0.169125343923 -3.84844218519e-15)
(0.232421879069 0.220114407493 1.03863380553e-18)
(-0.0551318826 -0.26593082692 -1.31000512481e-17)
(-0.140309723516 -0.304617415791 0)
(-0.224251466032 -0.282895710822 0)
(0.0175079686802 -0.178309243096 3.94872163048e-15)
(-0.00396449115752 -0.198210143406 1.95730517433e-18)
(-0.207072586578 0.242814066352 -4.28825626667e-17)
(0.370691074004 -0.0406812303356 0)
(0.0454083957202 -0.315881451334 9.80369081708e-16)
(-0.249232425766 0.218450463067 0)
(0.138842269462 0.25201508282 4.36022700154e-16)
(0.144442810605 -0.125722696786 -3.44606222208e-15)
(0.0621591465164 -0.301752540232 5.45362807747e-17)
(0.132597176852 0.181973351558 0)
(0.0106929187258 -0.352457003846 -2.95929254769e-15)
(-0.163719898175 0.353824516353 -2.17699917296e-27)
(0.104715680907 -0.0182472226529 -4.23251604445e-15)
(-0.0609461088905 -0.188558901284 0)
(0.0489349257229 -0.164032287903 3.84844218519e-15)
(-0.140499742543 0.189867299161 6.72257718431e-17)
(0.207848165201 0.288928294007 1.53227593207e-15)
(-0.218408140609 -0.21175265354 0)
(0.146027699122 -0.0719615179657 2.89844120646e-20)
(-0.240017026337 -0.196007460961 1.02316290833e-16)
(0.0896590384186 -0.189264684321 -3.51650616884e-18)
(-0.0810831092006 -0.189922872907 3.73889302449e-15)
(-0.0157695427614 0.401948772417 0)
(-0.407663472946 0.087451545269 0)
(0.107061690008 -0.180309184352 3.49724088729e-18)
(0.00863530629471 -0.172228878982 0)
(-0.347407352234 -0.149632107493 0)
(0.107000963974 0.327664286293 -7.70181058347e-16)
(0.130263958817 0.257904967225 -2.65128089266e-15)
(-0.0118079087404 -0.387066518359 0)
(-0.0704904594815 -0.181204684924 0)
(0.0609339314738 0.27542388626 0)
(0.187486135645 0.0554676015263 3.65711419885e-15)
(-0.190363431565 -0.0170827785995 -9.80022305487e-17)
(0.214596079978 0.100988462522 -3.30204525831e-15)
(0.0148129551378 0.0128684668679 -1.60703806656e-26)
(0.0152218157 -0.194801957073 0)
(-0.117013043204 0.0847733972862 3.95682620481e-18)
(-0.0559102576279 -0.0976905872086 0)
(-0.412962838366 0.0763098886263 0)
(-0.120332003585 0.228381729566 0)
(0.0518210886987 -0.317976656669 -1.80433650041e-15)
(0.0584679324463 -0.313422643643 2.08960378204e-15)
(0.00258363013063 -0.340224225214 -2.7339882299e-15)
(-0.148202881033 0.109222222909 9.70717344404e-17)
(-0.231807922421 -0.236771380641 2.07522569096e-15)
(0.146173144124 0.147558020928 0)
(-0.294857011469 -0.265076714928 7.05237491255e-16)
(-0.14034681523 -0.288138763375 2.61554075214e-15)
(-0.0435694174829 -0.369522706085 0)
(-0.255116274646 -0.347019480882 -2.19496659328e-18)
(-0.112274700758 0.343470929809 0)
(0.0722566997937 0.283924067292 0)
(-0.356244730601 0.12349399066 0)
(-0.172976565571 0.305314282342 0)
(-0.244695822911 -0.229043914619 -2.07522569096e-15)
(0.0793914452567 -0.163448561172 3.74935070826e-15)
(0.244426467964 0.243526611145 0)
(-0.143138849874 -0.256601571967 0)
(0.000993753644989 -0.381726190787 0)
(0.362673004609 0.108263059405 0)
(0.338747756072 -0.0709176593964 -3.12011110661e-16)
(0.0387374489547 0.364847556285 2.06466079145e-15)
(0.0345593136047 -0.190207096997 1.89510856726e-15)
(-0.281881640133 -0.272926168328 -7.05747303565e-16)
(-0.30841170036 -0.273935356033 0)
(-0.286606740382 -0.209089558033 5.49179086376e-17)
(-0.166237397085 0.0096168550952 -3.76112212474e-15)
(0.0430933745471 -0.195818168047 0)
(-0.240522950982 -0.295789276893 0)
(-0.263816516928 0.150017527342 9.76387168222e-17)
(0.259699625763 0.224887122132 -8.26338412945e-16)
(0.261221175461 0.0404534585438 5.0086285163e-15)
(-0.321729423027 0.200934934213 -1.61655810844e-15)
(-0.132339271741 -0.265102950169 -2.96272299692e-15)
(0.201513703252 0.050074583994 -3.65621261285e-15)
(0.235477403848 0.258340901552 3.27312529077e-28)
(-0.166262498469 -0.150014357664 0)
(-0.390879182432 0.0943946213032 0)
(-0.286827195319 -0.307225430513 9.14702849702e-18)
(0.197170474724 0.158214395893 -2.97288286071e-15)
(0.0940588979546 0.14909685979 -9.81487092749e-18)
(-0.0900011169201 -0.100833684093 0)
(0.218328871814 0.28384340694 -8.95931217558e-28)
(-0.258103460125 0.152677169747 -2.47465881609e-15)
(-0.393953426544 -0.123201703225 -4.84454795101e-16)
(-0.0697688178396 -0.165394236643 0)
(0.187734727683 0.0668534727544 -2.23681795883e-19)
(0.218721810449 0.229236916561 0)
(-0.1444624162 0.228518765511 2.76714457546e-15)
(-0.112117409254 -0.283077691756 1.43133879392e-15)
(0.129834007569 0.274807397911 0)
(0.143174120985 -0.0843401841776 -2.89843858972e-20)
(-0.190215239133 -0.0306634165031 -3.21353472001e-27)
(-0.279344840555 -0.324505112165 0)
(-0.384879378257 0.139258251816 0)
(-0.132331965637 -0.280811265136 0)
(-0.333679464766 -0.185442727495 1.41082344959e-15)
(-0.177812688846 -0.0514674224961 -3.28167364006e-27)
(0.134473882073 0.128398381184 1.2875063496e-26)
(-0.227202691133 0.143161256587 -1.71478009487e-18)
(-0.148687471086 0.361397808904 0)
(0.106727558582 0.258334943445 -2.77573216005e-15)
(0.227378190205 0.276029544124 8.95931217558e-28)
(-0.294052197124 -0.297490970439 0)
(0.0701260270946 -0.15894504967 -3.74935070826e-15)
(0.134569733572 0.0544678680579 2.87196076576e-26)
(0.215732516715 0.0557148731835 0)
(0.101991339142 -0.0424810285184 -4.2138055024e-15)
(-0.181316390751 0.207106245093 2.72282939409e-15)
(-0.305608660413 -0.288919204715 -8.53857094381e-16)
(-0.305587734214 -0.290561576191 8.33488103282e-16)
(-0.16310637487 0.205932735319 -1.15481762613e-16)
(0.150854187544 -0.141888428157 3.22507738219e-15)
(-0.306786624199 0.236530111102 0)
(0.106413124734 0.275093948404 -2.40276701407e-27)
(0.237188053079 0.264588815929 4.76826291481e-28)
(0.0497717245549 0.356112597068 -2.06466079141e-15)
(-0.22898952068 0.13559417038 0)
(-0.177854839302 -0.0377293630183 3.28167364006e-27)
(0.0608910114208 0.329166339916 -2.25636973827e-15)
(-0.193481659768 0.18584028421 0)
(-0.379226005874 0.135534684678 0)
(0.0757252107008 -0.179151854631 -3.55148707739e-15)
(0.206681121154 0.299244285877 -1.06149124173e-15)
(-0.180986890795 0.192672562811 0)
(-0.215380837972 -0.0166055389476 0)
(-0.0348642577392 -0.0962326317467 1.56177185115e-26)
(-0.0579339456667 0.384527993677 2.83392907446e-27)
(-0.233093111549 0.194417047557 0)
(0.0947006851645 0.301454027721 0)
(0.213712446391 0.289503420356 -5.6156199147e-28)
(-0.0021978592685 -0.258410369046 -1.78312002466e-15)
(-0.242117376704 -0.318715110585 1.51471176164e-15)
(0.368444697871 0.0646870848173 -2.15615500777e-15)
(-0.261091627258 -0.24052883869 0)
(0.0834554368074 0.275225026158 -1.24960322401e-27)
(0.329444385144 -0.0792099116355 0)
(-0.245400655789 0.173318702901 -7.43051206738e-20)
(0.178977691305 -0.0942067101548 4.24290116582e-19)
(0.00729835774014 -0.0923420303977 -1.57561950573e-26)
(-0.243995391383 0.145079229494 0)
(0.261327165879 0.050229439213 3.19731074407e-15)
(0.189233102716 0.279248187465 0)
(0.0966721102533 0.190412803326 0)
(0.037930607133 0.0266168359126 -8.73707076256e-15)
(0.230592270379 0.0502872129605 0)
(-0.31746788282 0.240687903086 0)
(0.0610488123079 0.310496858594 0)
(0.120186651452 0.189587280266 0)
(-0.390829015677 0.108819296321 0)
(-0.0697246315856 0.376449412003 0)
(0.0950281180478 0.283773004241 0)
(0.0445744897053 -0.23624293661 3.3513500917e-15)
(-0.0370669763024 -0.264234800277 -3.50626359865e-15)
(0.0155726360875 -0.253529593828 1.77104390888e-15)
(0.245644503571 0.0346609553177 -3.36090115756e-15)
(-0.263689742979 -0.260245225885 0)
(0.318570519334 -0.0731017152564 2.64676613993e-15)
(0.0236346395503 -0.20075884523 -1.8950962076e-15)
(0.0719635229258 0.301621859965 0)
(0.00816554228647 -0.247324769843 -3.57951499918e-15)
(0.201757653609 0.269921536743 0)
(-0.121474610299 -0.289876161895 -1.43223065612e-15)
(-0.0849572366845 0.375089539338 0)
(0.0500977487057 0.337982177252 -3.16390710424e-26)
(-0.189845475233 -0.0584343060158 0)
(0.0724094883466 0.250727112354 0)
(0.128193619278 -0.200575389915 1.45311909681e-15)
(-0.15543984767 0.219207841994 7.37490630985e-29)
(-0.283727974857 0.111844584534 -9.65162197332e-18)
(0.0506863866851 0.205918904378 0)
(-0.406144030524 0.0968502554869 0)
(0.246065342209 0.254806370595 1.08173970913e-15)
(0.0330166217634 -0.248448997803 0)
(-0.246442253629 0.188152434306 7.43052625543e-20)
(-0.232489281799 -0.161503926659 2.56484204676e-16)
(0.191743768082 -0.0966502965723 1.00151301934e-19)
(0.20137553134 0.0724964571166 -4.27558615982e-19)
(-0.0160549654939 0.388771357577 0)
(-0.174732020418 0.243532774799 -7.37490630984e-29)
(-0.140463346291 0.183848356667 -6.72257718432e-17)
(0.186050143041 0.021968361374 0)
(-0.15652307357 0.206726441706 -2.66227232303e-27)
(-0.071503921992 0.36207369415 0)
(0.185092429783 0.139245011365 -3.21294913349e-15)
(-0.250840972372 -0.267228078103 0)
(0.297579303796 0.155335096308 -1.14608182066e-15)
(0.0186413152176 -0.0843817630417 -4.34718003176e-15)
(0.216897913206 0.244804963136 0)
(0.141782461402 0.28298178076 1.00322764835e-27)
(0.0835979339928 0.3104167555 0)
(-0.24339613177 -0.211930710506 0)
(-0.0304087392938 -0.291621180664 1.7884396452e-15)
(0.207940965914 -0.0876577666521 -1.59867130141e-15)
(0.117667339505 0.301155032757 0)
(0.0837154991391 0.258665460092 1.24960322401e-27)
(0.02532716051 -0.241720403317 1.40738410802e-17)
(-0.0963698123778 0.143334114348 0)
(0.159387202166 -0.115966043405 3.44610187531e-15)
(-0.00967096082312 -0.251133716642 3.52529797454e-15)
(-0.019435950046 -0.262011336547 -3.54675513375e-15)
(-0.0782318694177 0.0644533503341 0)
(-0.0768127536416 0.0782977548138 0)
(0.25755473186 0.241417307062 -1.08173970913e-15)
(-0.230912184636 -0.188168913835 -8.74575385924e-27)
(-0.314234995977 -0.0665917371246 0)
(-0.0100932147698 -0.390957172045 1.33567889878e-15)
(0.385895897856 0.0831559157661 0)
(-0.168860945518 0.214042190681 -2.72282939409e-15)
(0.201022578356 0.0390286744769 3.71038041818e-15)
(0.0285595122426 0.163504868964 -2.727785607e-26)
(0.122392234433 0.072247007853 -3.99690476924e-15)
(-0.367640488051 -0.125490458815 0)
(0.0966267676254 0.353377308877 0)
(0.0268286977886 0.0323395970307 4.37759316456e-15)
(-0.108480985487 0.374920435338 -8.66298179124e-28)
(-0.314470815114 -0.052195668473 3.36172005683e-15)
(0.206386796846 0.22263099566 0)
(-0.144300799283 0.213833372911 2.57029104364e-27)
(0.18717505714 -0.108911142212 -3.16775138721e-15)
(0.0610758513823 0.258949837048 0)
(-0.299049184766 -0.0741082374796 1.21824564665e-15)
(0.119864430506 0.0126377679757 -7.53328245242e-27)
(-0.0912097804194 -0.31709392091 1.48968494695e-15)
(-0.295773858352 -0.299709165561 0)
(-0.261778345741 -0.275584390618 0)
(0.213776480583 0.275039182679 -6.11681908031e-28)
(-0.153950648603 -0.0378048003605 -3.84576597283e-15)
(0.0615549749577 0.227825692218 0)
(-0.230921327828 -0.324179955834 7.71422511875e-17)
(-0.269420589701 0.104798301827 -1.35269409475e-15)
(-0.152864143768 -0.26357207005 0)
(0.253944907962 0.234697956812 6.17148769811e-16)
(0.0726472531344 0.235218460133 0)
(-0.0976658440095 -0.337712354365 -2.07887785777e-15)
(0.0399172851041 -0.212685779388 0)
(0.201303070867 0.0839386111266 -3.41110015401e-15)
(-0.268927547295 0.136693235442 1.42917793741e-16)
(-0.147322645177 0.260959219928 0)
(0.129813321794 -0.160767267169 -3.50029580759e-17)
(-0.147677248687 -0.328071571758 0)
(0.186852428692 0.0331146999586 -3.71038041818e-15)
(-0.0611554227202 0.336563771501 0)
(-0.298768642419 -0.0883232663925 -4.53969435781e-18)
(0.118461237631 0.249893997213 2.65128089267e-15)
(-0.180741768487 0.151086831493 3.09048549446e-15)
(0.136663137511 -0.201958018671 1.34114241798e-15)
(0.26066755848 0.0199065949328 0)
(-0.101552229908 -0.291746857332 2.98443217771e-15)
(-0.0909378151134 -0.18231928339 -3.7388804884e-15)
(-0.240560124547 -0.0158451972705 0)
(0.222569706545 0.261488959859 -3.27312529077e-28)
(0.166480129404 -0.131492224061 -9.78655708481e-17)
(-0.17113036561 0.277070346888 0)
(0.0397765883002 0.170380201164 -3.65184242e-15)
(0.118814663462 0.234072670076 0)
(-0.0205365225707 -0.280998947319 1.34419470605e-17)
(-0.0712474976432 0.0633129459945 -1.32352984077e-18)
(-0.274956109236 -0.233511459049 -1.63241414042e-15)
(0.37653042848 0.0989969229745 0)
(0.157013182047 -0.00213089931944 3.59280821354e-27)
(-0.0887662626533 -0.329932255084 -4.19104074129e-17)
(-0.252548793953 -0.287975969707 0)
(-0.149523952831 -0.31136853201 0)
(0.151602167605 -0.100318744584 -1.11149228998e-19)
(-0.0315762357179 -0.310558730513 -3.40207641325e-15)
(-0.221091495824 -0.262190503787 -2.00547946882e-15)
(0.0398698131904 0.102812767532 0)
(-0.14375541677 -0.240573250714 0)
(-0.108560350588 0.0877746567304 -3.57922854264e-17)
(-0.230439445093 -0.203205558118 8.74575385923e-27)
(0.208360962916 -0.0301323904676 -3.56155683754e-15)
(-0.0844738607563 0.108939581145 0)
(0.296486069675 0.184828123453 -1.07884261062e-16)
(-0.290133556165 -0.313109359418 0)
(0.106325368711 0.310070706477 0)
(0.15560530377 -0.0136482114684 -3.59280821354e-27)
(0.208431339 0.294611143554 1.06149124173e-15)
(0.308981797444 0.0950846125273 0)
(0.141897354205 -0.0205366264678 0)
(-0.267187172867 0.0253753735014 -2.93659677336e-15)
(-0.161165739984 -0.285840419166 0)
(0.303037968775 0.170725621751 9.42043573875e-17)
(-0.312686901876 -0.275659405067 2.39893460563e-16)
(0.191219865848 0.311029239507 6.68705422942e-28)
(0.293937247192 0.0404872118317 -1.52475827713e-15)
(0.214992581099 0.0894179802002 3.41135166073e-15)
(0.266469948337 0.231606459541 0)
(-0.203015179359 -0.010012808253 -3.48909857589e-15)
(-0.0384424148028 -0.283328713297 -3.38661418323e-15)
(0.222017697483 -0.0908884322028 1.61220927545e-15)
(-0.222300688944 0.320084913923 0)
(0.277372713288 0.0260215873645 0)
(-0.231452670047 0.244904828271 3.60485487389e-16)
(-0.05997507043 0.354810675481 0)
(0.162210784857 -0.187862486391 1.22593445565e-15)
(0.293678256798 0.0501930147723 -1.03505576232e-16)
(0.054815412313 -0.185006593897 0)
(-0.253343817352 -0.00874903643066 1.36667401282e-27)
(0.229208484936 0.0186361267873 3.48867652874e-15)
(-0.0274480304459 -0.253722598572 5.27751321618e-15)
(-0.189503200673 -0.11573359082 0)
(-0.193222441331 0.171775504221 2.86632690734e-15)
(0.215325438063 0.0340587397602 0)
(-0.21444473325 -0.0580643423265 3.33767711887e-15)
(0.0513221876286 0.109387595532 3.60990412117e-27)
(-0.161089659798 -0.300594357562 0)
(-0.194663687111 0.135733065683 7.09244009992e-17)
(0.294589331358 0.167158352273 2.04783102659e-15)
(0.341470943099 -0.0752688264935 0)
(0.129632799718 -0.0160095156363 4.11605479477e-15)
(-0.0261004845226 0.382071673695 4.42839601836e-28)
(0.170887902318 0.00441530776755 -3.83617213018e-15)
(-0.0238461893553 -0.0884100554896 0)
(-0.194478754187 -0.275969783943 -1.09043819364e-15)
(0.244839365647 0.0245217377071 -3.48867652874e-15)
(0.0634601933357 -0.190058873622 0)
(-0.128578723513 0.364565114569 0)
(-0.215087667623 -0.0302372312976 -6.63577004366e-15)
(0.111526474933 -0.0594665408802 -4.06076847671e-15)
(-0.0929252902875 0.373638897238 1.48348492277e-15)
(0.0512681010659 0.163311455579 3.65184242e-15)
(-0.0731854229737 0.143110477562 1.36641960207e-26)
(0.0598667585447 -0.206798306412 0)
(0.163397732486 -0.103145718868 0)
(-0.227405495098 -0.036864566168 6.41764053529e-15)
(0.277633200932 0.0346122075464 -1.64755837389e-15)
(0.0507728205302 0.0708562521962 0)
(-0.288473905561 0.170714785253 -1.77136375247e-17)
(0.0372629726391 0.0139429992788 -4.41930500549e-15)
(0.118219943519 0.28352461011 0)
(-0.280434685322 0.0322475285412 1.34966285219e-15)
(0.100189157631 -0.055040658832 -4.18017940287e-15)
(0.152912413711 -0.203223343611 1.10814768563e-15)
(-0.253870231963 0.00486267586601 -2.94655293376e-15)
(0.0963310738976 -0.0802135178327 0)
(-0.249997172801 0.255851495004 5.43906287653e-16)
(0.0392323085862 0.0643379941954 0)
(-0.3123409778 0.13639220799 0)
(-0.119823463202 0.357826136171 5.5534101174e-27)
(0.31005310529 0.0855717360142 -9.43371362273e-17)
(0.126721818683 -0.0396226697853 0)
(-0.0848334126469 0.150080738955 -6.5206686313e-27)
(-0.0501228484338 0.309489834876 0)
(0.199869834468 0.0172362656288 0)
(0.17104050529 -0.118462008313 0)
(0.293658347558 0.0706770625484 0)
(-0.201211113857 -0.123094236677 0)
(-0.107579461179 0.351234786462 1.76818820193e-15)
(-0.142273018784 -0.0309295720641 3.84576597283e-15)
(-0.240113208807 -0.0295869981005 -3.15294491054e-15)
(-0.095953753528 0.102365427074 0)
(-0.376756812736 0.0501940854628 0)
(0.140008020368 -0.13941111693 0)
(0.0285818013952 0.149597060615 3.81003511464e-15)
(0.136439499219 -0.218054493355 -1.12033362613e-15)
(0.02796509 0.0703690250252 0)
(-0.142200848664 -0.0173984360863 0)
(-0.0962571047766 0.12946672665 3.70001905177e-15)
(0.0282528576485 0.0832544231629 0)
(0.047931175619 -0.218355060915 0)
(-0.209346040621 0.326953570564 0)
(0.0617515126517 0.213007485605 0)
(0.0624014142556 0.184175806602 0)
(-0.0365751219781 0.387581731018 1.77313250674e-15)
(0.0257310116766 0.00720026491695 4.41930500545e-15)
(0.200057067443 -0.110489637352 3.16779415398e-15)
(0.172015290939 0.0157378199489 0)
(0.0680484670286 -0.21167442107 0)
(0.158529445161 -0.147900762127 3.40588630523e-17)
(0.0517384527509 -0.241931493105 -3.3513500917e-15)
(0.0399896376328 0.142756742831 -3.81003511461e-15)
(-0.111858165605 -0.183274055735 -3.53710815821e-15)
(0.140208037228 -0.032368973511 0)
(-0.266703924447 0.0118430109879 5.7752651837e-15)
(-0.4068566908 0.0754586318998 4.78023325568e-16)
(0.049152690509 -0.285247325497 4.44153735447e-15)
(-0.123060518584 -0.20788512458 -3.3910700331e-15)
(-0.233468418901 -0.255311170844 2.00547946882e-15)
(-0.172867757756 -0.276837325664 0)
(-0.241841444522 0.0245571062531 -3.04913637704e-15)
(-0.327463459822 0.0936456922706 2.00910070034e-15)
(0.0513199962803 0.149500757355 0)
(0.140862293807 0.300404611294 -2.13325462094e-15)
(-0.222111509143 -0.166820654974 0)
(0.128087734902 -0.233448093213 0)
(-0.276160820919 -0.166631045542 0)
(0.214526543098 0.0232741623894 0)
(-0.308446663364 0.222853016032 1.72438145133e-15)
(-0.256668603612 -0.204281297066 0)
(0.0285070333517 0.109222816774 0)
(0.0282704834665 0.1918031285 -3.5187793752e-15)
(0.0629024818927 0.142649027373 0)
(0.107314309296 0.22661616869 2.96916088041e-15)
(0.290738254025 -0.00777632797071 0)
(-0.271512614682 0.146523334879 3.65295923635e-15)
(-0.258935857149 0.167214768074 0)
(0.293036243983 0.0806716173399 2.79836085408e-15)
(-0.310831724707 0.0722678678019 0)
(-0.0845442638805 0.12259193715 0)
(-0.0844499888609 0.0426859426496 4.15363390716e-15)
(-0.297339682805 0.0928839594275 -1.23071975258e-15)
(0.30440280468 -0.0842170375272 -2.34853565558e-15)
(-0.229334103027 0.0308759026543 1.45472526584e-27)
(0.20614538853 -0.0409708798329 0)
(0.0286168847681 0.12253018634 0)
(-0.19089169042 0.00999046542169 0)
(0.0369873663155 -0.109255015258 0)
(-0.230577085407 0.124289302056 2.82043190472e-15)
(-0.154048724247 -0.0106277609721 3.76937935697e-15)
(0.012671072388 -0.0255686534507 -7.08965877557e-18)
(-0.241486821463 0.011109983442 0)
(-0.00520455421605 -0.114743892076 0)
(-0.0958911595068 0.0888749882736 5.26397945301e-17)
(-0.202249758044 -0.0512073061721 -3.33767711887e-15)
(0.0249629499024 -0.00563263917662 4.45537325172e-15)
(-0.107428307535 0.0823540480274 3.90241935082e-15)
(-0.269219709373 0.0911811817831 1.33643784805e-15)
(-0.114601846216 0.364428279062 0)
(-0.318887107724 -0.265012394002 4.41306647309e-16)
(0.0625449854685 0.170111615095 0)
(-0.281772889652 0.0715030680322 -2.61421177683e-15)
(0.0602105922324 0.363733876628 1.378614249e-26)
(0.114914108433 -0.0351672443471 7.53071234093e-27)
(-0.155869045298 0.123544455789 -3.44883988759e-15)
(-0.0810916692828 -0.310561638496 -1.45815062847e-15)
(0.290504111049 0.103666167171 0)
(-0.0472391500308 0.38032316629 -1.77313250674e-15)
(-0.255879552352 0.0843551010086 -2.90096132742e-15)
(-0.102976613993 -0.258144721804 0)
(-0.143840528012 0.130146183992 -6.98389958516e-17)
(-0.311286076562 0.0864336963517 1.23982250999e-15)
(-0.0346413131219 -0.228089058663 -3.67578815772e-15)
(0.159715919652 0.0320643749561 0)
(-0.256222207826 0.111095637407 -1.46147750839e-15)
(-0.204596672154 0.285596200981 0)
(0.158879011842 0.0205759997224 3.96905906562e-15)
(-0.0845913661883 0.335939171023 -9.13653470806e-28)
(-0.0496821292904 0.328095147113 0)
(-0.0422195739037 -0.203397557057 3.77818981875e-15)
(-0.0613756609367 0.30060632084 -1.17924868047e-27)
(-0.151659306592 -0.278673488685 -2.58829861988e-15)
(-0.180849919845 0.164796691291 0)
(0.124772744134 -0.051827963147 4.06076847672e-15)
(-0.255582073078 0.071152192369 0)
(0.173293472754 0.0381856475891 -3.45866969279e-27)
(-0.390577095384 0.130896900232 0)
(-0.217357879362 0.155262220625 -1.10908316626e-18)
(-0.229601213115 0.0442880273227 -3.12662760707e-15)
(0.0514296815935 0.122590719563 -3.60990412117e-27)
(0.245553420161 0.0557767594283 0)
(-0.185408895094 0.285870565077 2.01105828324e-15)
(0.153740990064 0.274139988819 0)
(-0.199567513769 0.310129810366 -7.18595564354e-28)
(-0.33244902036 0.137183413881 -3.15125519682e-17)
(-0.197576118101 0.323509808916 7.18595564354e-28)
(-0.164058271467 -0.254475219014 0)
(-0.168565686843 0.349254526882 2.17699917296e-27)
(-0.0925421801113 -0.283454163124 -2.99208459318e-15)
(-0.396345155406 0.117775856611 5.9119686416e-16)
(-0.0956212834017 0.35999310008 -1.76818820193e-15)
(0.109335326384 -0.0721367845911 0)
(-0.254946305173 0.216018796201 0)
(0.215835949541 0.0666895856035 0)
(0.230217190532 0.0398171265307 0)
(-0.358509629859 0.0555443465202 0)
(0.0628816186485 0.103004212911 3.98244034332e-15)
(0.0628985057596 0.129209089663 0)
(-0.180522288391 0.123864598262 -6.50216503058e-15)
(-0.0836777633136 0.353265627869 9.13653470806e-28)
(-0.165897681249 -0.0308987242921 0)
(0.259522517518 0.00996519828098 0)
(-0.242439185432 0.0510410240322 3.12662760707e-15)
(-0.11287495185 -0.23267383773 0)
(-0.261088647211 0.271742292567 -1.17347465162e-15)
(-0.108756085236 0.335175468309 1.98162306989e-15)
(-0.16827871092 0.130504106513 3.29376553022e-15)
(0.363345559473 -0.0600258704553 -2.17688228368e-15)
(0.0338532250573 -0.335997213553 2.10478450114e-15)
(-0.112761011713 -0.266528077825 0)
(-0.107511969481 0.0028919006543 3.73659096347e-27)
(0.228418015109 0.106354580483 -1.55865697615e-15)
(-0.026971075727 0.364835712535 -4.42839601836e-28)
(0.154461308128 0.257303192721 0)
(-0.227002791013 -0.0506855337833 -3.11609138328e-15)
(-0.0566622109077 -0.112058008256 -3.85554320246e-17)
(0.0399570712963 0.129206345494 0)
(0.173845570652 0.0496041702966 3.45866969279e-27)
(-0.119258406503 0.0890769526713 0)
(0.230127903074 0.0720908354128 3.25209973076e-18)
(-0.133858348906 -0.232789625435 0)
(-0.228213818572 -0.00944411370903 0)
(-0.349361430536 0.157326742439 -6.74799108565e-16)
(-0.108933723483 -0.0787936891982 -4.08316645778e-15)
(-0.298309611526 0.105833421954 1.90401850966e-17)
(-0.217298311258 0.063997106624 -1.00876561067e-16)
(-0.165927258285 -0.0173384824612 -7.44893681214e-15)
(-0.0755005159955 -0.0568905020168 -4.292323604e-15)
(0.129111982167 -0.092829982154 0)
(-0.270829889115 0.132161024719 0)
(-0.350837976912 0.19755462002 0)
(0.228164585939 0.00826030770027 0)
(0.348501787013 -0.0667463345658 -3.09143835848e-15)
(0.276757192464 0.0655007935728 5.0139411348e-17)
(-0.096287042039 0.327065711105 0)
(-0.16636173898 0.0229976994585 -3.37250781118e-27)
(-0.203720893531 0.333025472953 0)
(-0.0658026745674 0.388250276399 -1.02411081095e-15)
(-0.185096150523 0.331352514904 -2.54274123813e-27)
(0.0510846742515 0.0836151297382 4.1386878601e-15)
(0.366596208205 0.107778239953 -6.75651480855e-18)
(0.353013999503 0.116309809182 7.2326352718e-18)
(-0.120573027051 0.275087114426 0)
(0.304466442234 0.151725418695 0)
(-0.199573693864 -0.377058354431 0)
(0.195436568577 0.309344222888 0)
(0.129269833238 0.30918471369 2.13325462094e-15)
(0.0508323411652 0.191494570769 0)
(-0.217057919433 0.0506530828687 0)
(-0.238002599404 0.257297877117 -1.93580870081e-15)
(-0.0392650754989 0.236176102571 0)
(-0.243132734327 0.104197026801 5.73671249713e-15)
(-0.0858263762337 -0.0368443105167 0)
(-0.254676126279 0.24190043092 0)
(-0.18306690578 0.253172330617 -9.38947426821e-17)
(-0.0968113874966 0.308989579997 -2.35830838302e-15)
(-0.268403664728 0.0649536468066 0)
(0.178479735204 -0.133694547383 -9.83646420399e-17)
(-0.100550589085 -0.159235913737 0)
(0.0396689953544 0.0898028141431 -4.1386878601e-15)
(0.203773889609 0.254113075469 -2.10716135815e-15)
(-0.256448259161 0.29405001821 -4.11551157973e-28)
(-0.1861146583 -0.412418324479 0)
(-0.230464974647 0.110756007212 -5.95097297592e-15)
(-0.165770262108 -0.0585338020483 0)
(-0.24268892143 0.0643985820428 0)
(0.0107102996264 -0.229004480741 -1.84706183913e-15)
(0.00257420575216 -0.222027896119 3.68771039005e-18)
(-0.204959260359 0.0838273865616 6.51985519656e-15)
(-0.329404017203 0.1067556643 1.02105420244e-15)
(-0.294065582444 0.224107092373 -5.54677009135e-16)
(-0.211977121523 0.221809003548 0)
(0.111564109341 -0.249081407864 2.16601867139e-15)
(0.0812509713984 -0.101956867657 4.05924205669e-15)
(-0.31293667179 -0.0954433015278 3.29041311533e-17)
(0.0743469237251 0.149307830413 3.70208092773e-15)
(-0.407232429897 0.0908898658279 -4.80095541306e-16)
(-0.272442499551 0.250081143159 0)
(0.225198520727 0.278620002805 6.0418500227e-28)
(0.0735981758631 0.191043803766 0)
(-0.108500012423 0.192462311134 0)
(-0.197884116136 0.278722969917 -3.91739402912e-15)
(0.355669602164 -0.0671332773364 1.05493819673e-15)
(-0.231028932164 0.151541737379 -2.80630809501e-15)
(-0.217949939457 0.130879832699 -3.02415137947e-15)
(-0.218131512859 0.144532026724 2.80624345604e-15)
(0.0495479286157 0.033234531265 4.359477598e-15)
(-0.18159409474 0.341518507992 2.54274123813e-27)
(-0.112817202361 -0.215986628198 3.3910700331e-15)
(-0.0806658548801 0.380956250705 0)
(-0.0977660620393 -0.0714492985473 4.08316645778e-15)
(-0.33450738379 0.15091177666 -1.9403653066e-15)
(0.200148648751 0.10754353949 3.30164199038e-15)
(-0.243534800658 0.131135811348 -2.82105209921e-15)
(-0.296096763375 0.0655138686858 2.61421177683e-15)
(-0.0846641232211 0.300392809803 2.35830838302e-15)
(0.0952193417063 0.250330438193 2.77573216006e-15)
(0.277344066593 0.0558252043697 -3.30283659617e-15)
(0.119328825228 -0.132365897248 -3.67852516098e-15)
(0.0273371163359 0.0450663726056 7.92828706571e-27)
(-0.0517759398999 0.0506853143191 2.01334929314e-18)
(-0.202434138105 -0.0374330149826 3.37107441892e-15)
(-0.204762612986 0.0704135329569 3.28202429436e-15)
(-0.231502040763 0.165719217333 -2.67177522204e-15)
(0.0551736424785 -0.047538490095 0)
(-0.253487383913 0.265724546214 0)
(-0.108339360958 -0.0510012943983 0)
(-0.22173236072 0.318608809022 0)
(-0.170603907848 0.260238530334 2.33121393589e-15)
(-0.084333384663 0.0822509103058 -3.95505914533e-15)
(-0.2533269273 0.284020355097 6.29568363969e-16)
(-0.192535465904 0.090307974098 -3.30792533555e-15)
(-0.20415286732 0.04372611422 0)
(-0.282506133181 0.0847604434564 -1.33317581461e-15)
(-0.37549306539 0.0376502926339 -1.06987547012e-15)
(-0.15455660873 -0.23183572197 0)
(-0.131448302388 0.10948433989 -6.60215559851e-17)
(-0.1198184196 0.129775357416 0)
(-0.28459587727 0.125852707538 9.67976143089e-18)
(-0.275081056834 0.275243652685 0)
(-0.348528463509 0.173478808966 -9.56538331685e-16)
(-0.109297674541 -0.0929121434252 0)
(-0.192997167814 0.13075010443 8.90479117447e-17)
(-0.0973865768031 -0.0576166003271 -1.88128145967e-27)
(-0.326348903371 0.0657236819617 7.6137199051e-17)
(-0.108142177524 0.378527857308 8.66298179124e-28)
(-0.19499052811 0.230192011249 2.44956344443e-15)
(-0.155683263434 0.109901323269 -3.55274532689e-15)
(-0.210269080402 0.329150721607 -3.73110724956e-28)
(-0.182387691221 0.237018063521 8.57638171289e-17)
(-0.11991135478 -0.0719971943895 0)
(-0.0729480844662 0.0888061721382 7.23430118845e-27)
(0.160507508256 0.0550419862501 3.88169192559e-15)
(-0.100053170476 -0.143980361032 0)
(-0.360549805992 0.177292067944 1.87831558149e-15)
(0.0939548202965 -0.0934123919281 -8.0588673813e-15)
(-0.119388125977 0.102615606628 -6.15039998921e-17)
(-0.073009108756 0.309150300417 1.05299220876e-27)
(-0.33612873191 0.1809095454 -1.7832749721e-15)
(-0.0729460447499 0.102235296174 -7.23430118846e-27)
(-0.203895610491 0.0303454733902 0)
(-0.119965680402 0.143616161247 -3.52373474351e-15)
(-0.0843559224968 0.0689343874604 8.12194154173e-15)
(0.198742020862 0.00631299803835 0)
(-0.180362860544 0.110312382903 8.45397501616e-17)
(-0.13161877084 0.123173687332 3.51867888344e-15)
(-0.297803352141 -0.199276310717 1.00078650549e-16)
(-0.132166099887 0.164532294069 -3.3292003932e-15)
(-0.344062723499 0.208755961386 0)
(-0.111478000619 -0.167523004981 -1.65553917662e-27)
(-0.205308425909 0.110585237053 -3.12727313052e-15)
(-0.203247891543 0.00346718460249 3.12883253976e-27)
(-0.107851016244 0.122839829085 -3.70001905177e-15)
(-0.266389685711 0.293093514777 4.11551157973e-28)
(-0.191593687544 0.205228396972 1.51879142763e-16)
(0.116496901999 -0.0229944075151 -4.11605479477e-15)
(-0.0734293931948 0.171031920678 -6.33640083243e-27)
(-0.0731160950386 0.129253225128 3.83536879769e-15)
(-0.217673676683 0.0906257500598 -6.32563975885e-15)
(-0.212742968306 0.287258364197 3.7148689047e-15)
(-0.0616640164952 0.283234643626 2.68271128237e-15)
(-0.243086505822 -0.179635392127 1.10122671534e-27)
(-0.225499241853 0.308560827683 0)
(-0.0966695725129 0.171209129245 -4.9054194064e-17)
(-0.0725690842278 0.327295252128 -1.05299220876e-27)
(-0.108235908208 0.150339069202 3.52373474351e-15)
(-0.205757666932 0.16502041596 -2.86632690734e-15)
(-0.0848120399621 0.283084368815 -4.69601539137e-17)
(-0.107377366099 0.0689723866768 -3.98246316697e-15)
(0.328767996288 -0.0822674600536 0)
(-0.0466786819054 -0.118606788467 4.20930928943e-15)
(-0.205537057497 0.151199969997 -3.0004040685e-15)
(-0.185380605802 0.302546822068 1.76501753313e-27)
(-0.108345519492 0.164340352665 -3.44299137284e-15)
(-0.248755619058 0.303609202612 0)
(-0.246222463262 0.304808772818 0)
(-0.31141304521 0.2259486301 0)
(-0.107830765171 -0.329111992313 2.34844884745e-15)
(0.174126167142 -0.126595522279 -3.13149552231e-16)
(0.285464546592 0.138475671109 -1.41952586008e-15)
(-0.0274038387891 0.328490707331 -2.3127321809e-15)
(-0.242348170609 0.309347055783 0)
(0.0626790012328 0.0901168290956 4.08477755252e-15)
(-0.0279960838592 0.228762220274 -1.48616346412e-27)
(-0.0967303507599 0.185372739998 3.34264716859e-15)
(-0.122833997198 -0.19170782335 3.53710815821e-15)
(-0.197321246232 0.261871639001 -9.13431640003e-17)
(-0.183444262882 0.342278406058 0)
(-0.20540994278 0.12407413231 6.14350296808e-15)
(-0.275441390776 0.23479086699 0)
(-0.230256847279 0.0841609024574 6.12186276026e-15)
(0.0396903787145 0.18454127749 3.5187793752e-15)
(-0.0388492137641 0.300859508783 2.55350528692e-15)
(0.0105415556936 -0.156561332947 -4.09646738121e-15)
(-0.218643198975 0.172212589191 2.67165125005e-15)
(-0.0392030206169 0.251397532039 2.97899804751e-15)
(-0.143334653017 0.102973067122 -7.14455954496e-17)
(-0.222008530318 0.232124511127 -2.25727769846e-15)
(-0.282292883533 0.262408057158 0)
(0.115360583757 -0.14660727386 3.47896236796e-15)
(-0.221024886675 0.216209862155 -4.79100266927e-15)
(-0.233623537865 -0.158405053735 1.21719820343e-27)
(0.285407057999 0.193622676378 0)
(-0.0280058467066 0.213974890956 1.48616346412e-27)
(-0.0166951945887 0.206682905722 1.25534037565e-26)
(-0.21921599072 0.186645102123 -2.61975336295e-15)
(0.278919227801 0.178924690339 -1.97759956299e-15)
(-0.118943835918 0.00942340216856 0)
(-0.212040476056 0.302576576525 0)
(0.12122082349 0.036242360518 -7.4023983699e-27)
(-0.0734780812718 0.185284749987 6.33640083243e-27)
(-0.0504551649147 0.259061233535 0)
(-0.0961187455506 0.00960528596257 4.18874162033e-15)
(-0.0164862938359 0.149692197045 -3.82393947718e-15)
(-0.217822363844 0.104010153709 6.15458044635e-15)
(-0.242968505015 0.0907293487459 -1.07191534996e-16)
(-0.0731320153023 0.274917469812 -4.27966795696e-17)
(-0.0957825240735 0.0623974345657 -5.41732097883e-17)
(-0.207037964005 0.208059543331 4.99154706533e-15)
(-0.0277154271945 0.129096214407 3.92145120007e-15)
(-0.0849202917356 0.164142636177 3.49204556691e-15)
(-0.086210947784 -0.0504336082863 0)
(-0.0294721710851 -0.161931335625 0)
(0.0745146059641 0.109514117487 -3.98244034332e-15)
(-0.230141689797 0.0707879741822 -3.1811477333e-15)
(-0.0870696584987 -0.0780880793635 0)
(-0.0166659906423 0.19214399947 -1.25534037564e-26)
(-0.206361984439 0.193190650595 2.61975336295e-15)
(-0.050316299405 0.275169062808 0)
(-0.230584258415 0.318655124105 0)
(0.360892775395 0.101141953308 -1.83482542969e-15)
(-0.167806594217 0.103389367797 -3.39624061629e-15)
(-0.0732604841868 0.258857973514 -2.85140391278e-15)
(-0.19270522563 0.103771146405 3.31170086613e-15)
(-0.329514009455 0.229678346877 -1.55472565087e-16)
(0.084608492348 -0.183415926764 6.24204119277e-17)
(-0.237831717775 0.300518132717 0)
(-0.193094501365 0.144328540015 -9.00814259636e-17)
(-0.0932441943004 -0.266747872495 0)
(-0.027950072804 0.259214252152 -5.97476952383e-15)
(-0.016502821051 0.163730531826 0)
(-0.12027663058 0.171396972709 3.3292003932e-15)
(-0.169249597761 0.229030841669 -5.15433561555e-15)
(-0.0390033932135 0.283491363692 -2.77344552873e-15)
(-0.210004220834 0.255102634696 -2.14597602921e-15)
(-0.121122030598 0.326531834855 -1.98162306989e-15)
(-0.0278400644869 0.170769278753 0)
(-0.268162292283 0.0514683755769 -2.90345817383e-15)
(-0.19429834162 0.214730544184 -2.54545010797e-15)
(0.217895567511 -0.0236636810771 -1.1058698555e-16)
(0.0483512491321 0.00840837844109 0)
(-0.0891741918672 -0.135908919028 1.81788279475e-27)
(-0.223852790339 -0.137020355513 -2.91349401254e-15)
(-0.120345184212 0.185436743793 0)
(0.231415025276 0.267041176794 -6.0418500227e-28)
(-0.172634000467 -0.312040864817 0)
(-0.0167949523454 0.251474218221 2.99577147632e-15)
(0.0719400597152 0.33770097757 4.88265864623e-17)
(-0.254776176182 0.0314346738267 5.9857331504e-15)
(0.174023556889 0.072634948103 0)
(-0.286548250114 -0.283303321313 0)
(-0.209107906608 0.238621409839 2.25727769846e-15)
(0.0622518970586 0.0648928144846 0)
(-0.0124543300689 -0.289805629929 0)
(-0.334645045796 0.216558509451 -9.33799703916e-16)
(-0.329941730105 -0.0738911733993 -1.02175215219e-15)
(-0.0278664614924 0.27533553453 2.77344552873e-15)
(-0.223610983756 -0.296223149876 -7.82276864845e-18)
(0.217750870032 -0.10116175448 0)
(-0.0164477841047 0.122396462161 1.45696205988e-26)
(-0.0277100216775 0.142872021353 0)
(-0.0990530012177 -0.114189596529 0)
(-0.123501551362 -0.241055091481 -1.41045379041e-27)
(-0.0618507863419 0.251248155787 0)
(-0.096503471039 0.274901962104 -2.59295444888e-15)
(-0.130582920545 -0.0106389795439 0)
(-0.235255148966 0.206265297043 0)
(0.0501268180901 0.235638589905 0)
(-0.0168109490123 0.236202737361 0)
(-0.0848990569111 0.251060737625 2.85140391278e-15)
(-0.118975992932 0.0624746043973 1.78485038138e-27)
(-0.143997665886 0.143913541107 0)
(-0.102840169238 -0.24094856733 -3.36983541811e-15)
(-0.132049415131 0.150635708606 0)
(-0.120416729738 0.258787391246 -6.18072777728e-17)
(-0.0278724304884 0.185083814722 0)
(-0.133803156575 -0.216319610929 3.22664373122e-15)
(0.192932858986 0.231364889922 0)
(-0.13099768415 0.082595731566 3.71439257229e-15)
(-0.276484790668 0.282293610464 0)
(0.26062539772 0.232060094935 0)
(-0.144246647694 0.171556084003 0)
(-0.0967723925307 -0.0303826460166 -4.14382969046e-15)
(-0.260404766157 0.294481102034 0)
(-0.0277462742417 0.102286389 0)
(0.23883573024 -0.0817069440942 1.50873564556e-15)
(-0.0166991538184 0.082628038283 0)
(-0.132259897436 0.192497200799 0)
(-0.110086174259 -0.121967456576 3.87626028219e-15)
(0.0861681928052 0.0903990400507 0)
(-0.0166832320739 0.283698448369 0)
(-0.173095324207 -0.261587352676 -2.49264647398e-15)
(-0.107724613936 0.109152788071 3.75171647822e-15)
(-0.301599127494 0.250045261051 0)
(-0.0490493480964 0.363817984658 2.0268096781e-15)
(-0.0169052732539 0.0695387096145 0)
(-0.0850962263885 0.19240413575 -3.34264716859e-15)
(-0.0278568744146 0.0889977367798 0)
(-0.0826822050679 -0.293642987422 -3.14263395358e-15)
(-0.225151222136 0.263950541328 1.93580422321e-15)
(0.306966394098 -0.0879754143877 0)
(-0.237217170301 0.240880973219 0)
(-0.25508441349 0.0448169499789 2.90345817383e-15)
(-0.312360496708 0.247634019058 0)
(-0.0514745969427 0.010462846387 0)
(-0.0165171518655 0.108923684342 4.06553263439e-15)
(0.195008514835 -0.12316332172 -3.02886267336e-15)
(0.108593576683 0.0298150576458 4.17455627735e-15)
(-0.294751258798 0.262899740231 0)
(-0.108538833964 0.300422173821 -4.36074116496e-27)
(-0.095827369295 0.0491339010014 -4.04790250591e-15)
(0.0965954981736 0.035212806556 -4.17455627734e-15)
(-0.319575302855 0.171347417842 -1.4537487053e-16)
(-0.108385153623 0.2509837343 5.44960737043e-15)
(-0.156388440385 0.192526104278 2.66227232303e-27)
(-0.0117578706678 -0.0668912245182 0)
(0.0358249635474 -0.0111387227849 0)
(-0.172004120059 0.325512048829 0)
(0.0742364124829 0.162995611383 0)
(-0.181581665335 0.235215971251 0)
(0.038818922224 0.0516334607648 0)
(0.194585192291 0.200589053682 0)
(-0.130873260694 0.0691601549397 -3.79039201786e-15)
(-0.123376241384 0.375346971486 0)
(0.173288303781 0.108469754552 3.54772983994e-15)
(0.187003748206 0.1019691129 -5.31952331886e-20)
(-0.14314971802 0.0894132732267 -7.35696824942e-15)
(-0.319001711321 0.234761879528 0)
(-0.292868005882 0.21487742044 -1.72661608821e-15)
(-0.291831863624 0.239997993599 5.44134034972e-16)
(-0.314153552023 0.128260632007 -7.1229417047e-17)
(-0.168407956327 0.144159073711 -3.25471154362e-15)
(-0.154020745442 -0.0515145766588 0)
(0.0140821196097 -0.126735476886 0)
(-0.294711008842 0.2673496137 1.0691419871e-15)
(-0.101844803131 -0.308219808739 2.7148283852e-15)
(-0.311512727072 0.249896131088 0)
(-0.168658685905 0.185552746226 0)
(-0.15947592041 0.104193463002 -6.56205012484e-17)
(-0.120131427398 0.152095305044 1.39027197006e-17)
(-0.108604977675 0.283119284542 4.36074116495e-27)
(0.0745969200441 0.12259184295 0)
(-0.0746338214809 -0.0298120800973 -4.30941170706e-15)
(-0.0965634824414 0.258717527367 -2.7534889765e-15)
(-0.216389799116 0.0239186842482 0)
(-0.27903119665 0.221108481853 0)
(-0.305841805069 0.193433676633 -1.91031213169e-15)
(-0.121303439603 0.309185942075 -9.48843880084e-28)
(-0.118937856641 0.0491505858545 -1.78485038138e-27)
(-0.14432249394 0.185482258038 0)
(-0.191134480213 0.341250502068 0)
(-0.110503589671 -0.136781218135 3.7808356566e-15)
(-0.265206275049 0.285441864753 1.33133810049e-15)
(0.0733685802042 0.205395746895 0)
(0.198668782456 -0.127211221009 4.68081399919e-17)
(0.0565121320622 -0.119935189314 4.07012406936e-15)
(-0.0379143545144 0.356038553341 -2.0268096781e-15)
(0.185598353538 0.126578768466 0)
(-0.376859669917 0.122091474457 0)
(-0.11057360675 0.364111036637 0)
(0.289165354862 0.114289704338 1.21829969595e-15)
(-0.0399190174979 0.0302501112954 0)
(0.0608685137818 0.0276224116661 -4.30331823956e-15)
(-0.0276332455717 0.309790395239 -5.12434062335e-15)
(-0.0704321990444 -0.320079203051 2.57261459002e-15)
(-0.0261929965821 -0.235684259782 1.83841063196e-15)
(-0.191106624018 0.0233918549645 3.56173093339e-15)
(0.0232995902175 -0.0311285715079 -4.45928374316e-15)
(-0.301832896898 0.260525928068 -1.30294798876e-15)
(0.0350450368375 -0.123610825106 0)
(-0.0759982705293 -0.0706773701484 4.25484906228e-15)
(-0.0390920047337 0.0824070787872 -7.58515828248e-27)
(-0.164665164295 -0.239273429735 0)
(-0.142695803159 0.0627020037416 7.40090332771e-17)
(0.0743411141125 0.0839702508456 -4.08477755252e-15)
(-0.240025921923 0.28771817781 1.58118229839e-15)
(0.376511775384 0.10167845121 0)
(-0.138686761879 -0.419808837294 3.61494959684e-15)
(0.0863505877815 0.103142694455 0)
(-0.0283929379686 0.049915701595 4.29592404485e-15)
(-0.284882633952 0.277984782653 -1.0691419871e-15)
(-0.0506775797072 0.0495327108024 0)
(-0.0406157779654 0.00434703004724 -1.99759443613e-27)
(-0.272747793082 -0.215108769029 1.82184594079e-15)
(-0.34143218231 0.0483555715224 2.21420329004e-18)
(0.275470065037 0.0870917811926 -3.57155046672e-19)
(0.293917873319 0.0203736206654 0)
(-0.0173836795693 0.0437960541501 -1.58433662255e-26)
(-0.225346675048 0.280179825817 -1.80853315882e-15)
(-0.0333194919468 -0.210680956037 -3.82640588837e-15)
(-0.279019353327 0.00593822581024 -1.28974975325e-16)
(0.211335113208 -0.0767956624908 0)
(-0.213104311383 -0.115359423404 1.41880079157e-27)
(-0.291838531478 0.199568708521 1.91046267388e-15)
(0.0108228676653 -0.0516368516752 -1.61369570917e-26)
(-0.167028455931 0.0630726801414 -3.63873657408e-15)
(-0.312992444446 -0.109743452179 2.07532170429e-15)
(-0.107681854734 -0.0104545052618 -6.49573768805e-17)
(-0.107298492093 0.0425833644162 4.04790250591e-15)
(0.0862315885454 0.129117692569 0)
(-0.0736691317545 0.00995559002624 -4.2421691198e-15)
(0.184186921627 -5.36116329045e-05 3.83617213019e-15)
(0.171477377865 0.146462621489 3.21294591622e-15)
(-0.313910271233 0.113569167741 -1.02983330725e-15)
(-0.252531917373 0.280194604834 -1.58118229839e-15)
(-0.154945313807 0.0695023024573 7.35511955866e-15)
(0.132445027066 -0.230778545334 0)
(-0.0281360513279 0.0629563461615 -1.94294911349e-27)
(-0.276924943038 0.276694735078 -1.33133810049e-15)
(-0.305327691129 0.177924373635 1.93020693746e-15)
(0.352830097283 0.111814601803 1.89533336014e-15)
(-0.0384857225866 0.337284815342 2.31273218091e-15)
(0.199661274405 0.119667575565 0)
(0.0618068010492 0.0523383845645 0)
(-0.0166349187405 0.301115025497 2.57083533643e-15)
(0.181096099993 0.208827452078 2.7185819903e-15)
(-0.318101960237 0.156740307085 1.95389528522e-15)
(0.157691224406 0.167115965671 3.22234589925e-15)
(0.155751497694 0.209911137148 -1.25258627861e-27)
(-0.235412715505 0.221151014378 1.22057568544e-28)
(0.0740212838759 0.0713567077226 1.87114673791e-27)
(0.0297568271116 -0.268094797687 0)
(-0.172944826488 0.310132288644 0)
(-0.288499303598 0.169178416571 0)
(0.159590359605 0.127646388847 -1.23739666587e-26)
(-0.179612982509 0.0699553492352 0)
(-0.142881727252 -0.100900591476 -3.79820865772e-15)
(-0.120471828919 -0.100430823839 0)
(-0.0511360687121 0.0235827659713 0)
(-0.0388911551516 -0.15522107518 0)
(0.275604588927 0.00541436830187 -5.19929268405e-17)
(0.186740891231 0.294865042934 0)
(-0.177742491444 -0.123272350308 0)
(0.00132410803833 -0.150522122279 -5.2739101684e-18)
(-0.098593385034 -0.0997624775853 4.08906275553e-15)
(-0.0191722752706 -0.00792310430988 4.45138617121e-15)
(-0.189770329836 -0.0723995930225 0)
(-0.179839533517 0.0834011866085 0)
(-0.178823209487 0.0298627020168 -3.56173093339e-15)
(0.0537222640765 -0.0606483265434 -3.55450454377e-17)
(0.325783696351 -0.0111790701721 2.55550792571e-15)
(-0.214144641722 -0.0720695849018 0)
(-0.142571873002 0.0493302836489 0)
(0.16085286227 0.0667484175926 0)
(-0.228584767008 0.00406763181189 -3.28393786365e-15)
(0.0501084736547 0.0458117613856 0)
(-0.191730461678 0.0501417726278 7.84906552467e-28)
(-0.123190588113 -0.257426854149 2.96272299693e-15)
(0.160677271118 0.090505713132 0)
(-0.130601319279 0.0426387806674 0)
(0.0285897325469 -0.224171795218 -1.38495174483e-17)
(0.0733562031393 0.0466027113011 0)
(-0.0392436218415 0.0692346326405 4.19770832494e-15)
(-0.0186106781897 0.00515788792256 -4.41366163382e-15)
(-0.00951848930655 -0.159524408659 4.10175304039e-15)
(-0.15513388199 0.082963298042 7.73245076549e-17)
(-0.121580240702 -0.144771239068 -3.7808356566e-15)
(0.275170080684 0.0982991003737 3.5654126619e-19)
(-0.0504874147605 0.0626548985013 -4.19770832493e-15)
(-0.0396164528963 0.0433053897038 -4.29592404484e-15)
(0.110392840462 0.103173775363 0)
(-0.0643871196777 -0.0496517173791 8.62782547625e-15)
(0.0601329826614 0.0151299477572 3.94929839405e-27)
(-0.167604331737 0.0898504153373 3.56525116948e-15)
(-0.0163577900246 0.337709371456 0)
(-0.00656842726588 -0.129387001918 -4.20471361831e-15)
(-0.0056441938732 0.275405157836 0)
(-0.121953689783 -0.160033015621 0)
(0.274290875609 -0.00413959561594 -3.36672959363e-15)
(-0.134215115293 0.334650731897 0)
(-0.00563882512596 0.259296979084 0)
(0.242468339636 -0.070824032482 1.61332522911e-15)
(-0.293512593197 -0.24570666491 1.76283139467e-16)
(0.229904553978 0.0831538486794 -1.6198037802e-15)
(0.0348565445147 -0.0240169024869 0)
(0.274872259938 0.191241360187 5.89128825253e-20)
(0.159553004398 -0.20069728667 0)
(0.0474936378474 -0.00424454631171 4.3958532858e-15)
(0.283241288293 0.150775889074 -1.06950687666e-15)
(0.174080150499 0.0843858828891 -3.576036238e-15)
(-0.324717329641 0.0543262673761 -1.34343538281e-15)
(0.206377303602 -0.158044294789 -8.8273895091e-18)
(0.0222592828968 -0.044269525386 0)
(-0.286968740171 0.154546434842 -1.17565990287e-15)
(0.0549909666862 -0.289621952514 -8.63323649731e-17)
(0.289076398221 -0.0165080264418 1.58952691746e-15)
(-0.154362138986 0.0295061826414 0)
(-0.165836268664 -0.0724745497778 0)
(-0.15427825663 -0.0937528443735 1.68305606124e-27)
(-0.0244774264151 -0.339834664895 -1.69237086803e-15)
(0.169268254316 0.187420285648 2.89712306781e-15)
(0.0954925305654 0.234682966982 -2.96916088042e-15)
(0.107765520938 0.0177664062404 -7.58636852575e-27)
(-0.329976087906 -0.0869608087032 1.91946303338e-15)
(0.172958721966 0.120806301508 0)
(0.0802563652032 -0.199864802779 0)
(0.0787089213113 -0.11576014707 -7.35521336261e-27)
(-0.369178716556 -0.0301211321898 -2.31129631939e-15)
(-0.119640470172 -0.0581246129402 0)
(-0.108063965961 -0.0373648685264 4.14382969046e-15)
(0.0843720050218 0.0286959505423 -4.26549829204e-15)
(0.0727531226091 0.0341998501767 8.56881653159e-15)
(-0.119275543038 -0.0307560261403 0)
(0.0423384642844 -0.143637356998 0)
(0.341195230216 -0.018341249213 -1.54708852892e-15)
(-0.0475668916493 -0.133358304338 0)
(0.0585626522803 -0.00959021327393 -4.3958532858e-15)
(-0.00535926676237 0.310081515062 0)
(-0.131235340883 -0.0792808553873 0)
(-0.0289856709964 0.0241612127755 -3.98948118815e-27)
(0.147581894174 -0.214636260082 -8.37089466964e-16)
(-0.401333461721 0.109589257072 -5.44206729156e-16)
(-0.13051093613 0.00275534081197 0)
(0.330278283649 0.14736758282 0)
(-0.0852119407928 -0.0100830758905 -4.20627274523e-15)
(0.0861798349065 0.142422057898 -7.36271934406e-15)
(-0.087555163986 -0.0921724592154 -8.23599045263e-15)
(0.187238109042 0.0900947392881 3.57617685158e-15)
(-0.0626870327717 0.00369494313034 0)
(0.120855311981 -0.164651368279 3.33790130749e-15)
(0.0982316258961 0.122479709811 -3.74291704231e-15)
(0.160593143791 0.102645548582 -3.54772983994e-15)
(0.0982039481387 0.109552308735 0)
(-0.158914931769 0.301723528703 0)
(-0.300391423201 0.134249540735 0)
(-0.214141239892 0.208956589735 -1.22057568544e-28)
(0.159191457853 0.140445562819 1.23739666587e-26)
(0.243494536977 0.00375031857165 0)
(0.243210724564 0.255917233257 0)
(0.0636727559342 -0.229701249256 -3.22444277819e-15)
(-0.11910231157 -0.0172655615793 -4.08072386155e-15)
(-0.131496894004 -0.0934339760163 3.79820865772e-15)
(0.0845246634095 0.212434876737 0)
(0.206040756691 -0.148407000044 -2.46365181379e-15)
(-0.0294142164097 0.0111187742339 4.41366163382e-15)
(0.212820221974 0.00202159265031 0)
(-0.0389888861431 0.108843812045 0)
(0.170922726468 0.15962436771 -3.06267680041e-15)
(-0.0270637159386 -0.131584768936 0)
(-0.357149958976 0.0299727226979 1.05004057651e-15)
(-0.155103791317 -0.216112812983 3.04456561709e-15)
(-0.168538597251 0.171655489073 0)
(0.104636356944 -0.097622150036 3.99963298344e-15)
(0.157157393917 0.180847300196 0)
(-0.0808803781575 0.387718111419 1.02411081095e-15)
(0.135065453838 0.0906600468899 0)
(0.0842481440378 0.227255755224 0)
(-0.301455805655 0.149035269434 0)
(-0.191959051092 0.0635395137589 -7.84906552467e-28)
(0.108957673039 -0.128795857588 3.67849522339e-15)
(0.237030422467 -0.134268031107 -9.76046118925e-16)
(0.170191883719 0.178457471249 -3.4495987908e-17)
(-0.266267682585 0.258707594062 0)
(-0.0162586770664 0.356827735731 0)
(-0.0849455952958 0.00320749245889 5.34274994617e-17)
(0.2372992335 0.176086361473 1.19226834066e-15)
(0.120599673502 -0.24463403873 0)
(0.120106034202 -0.238883216544 -8.57289909087e-16)
(-0.0886207864746 -0.121114406502 4.0718422054e-15)
(0.183070878146 -0.18068908738 1.93152822782e-15)
(-0.216102672306 0.0104975337291 3.28393786365e-15)
(-0.292285882842 0.25713675109 1.30293799745e-15)
(-0.280292386206 0.265363034794 0)
(-0.0829315600651 -0.258111093932 -3.31787370546e-15)
(0.215779760492 -0.146169455992 -1.19117632133e-15)
(-0.160377154862 0.255199101684 0)
(-0.396263678196 0.0904392573029 8.93854958578e-16)
(0.145683969252 -0.156151525406 6.22574476357e-15)
(0.0418904115968 -0.0683335135726 4.35292220532e-15)
(-0.018804904973 -0.153113367726 0)
(0.127495493235 0.162343836441 2.29922823529e-17)
(-0.12198373865 -0.138520545842 0)
(-0.323392651869 -0.265137462808 -4.80997394043e-16)
(0.122493516482 0.109436930165 0)
(-0.120818798556 -0.114884928047 -7.67655819795e-15)
(-0.0410757337568 -0.00881140398082 1.99759443613e-27)
(-0.156349011658 0.164682240072 0)
(0.17678646573 -0.184885920406 -8.66372930685e-16)
(0.0446760420164 -0.128871040965 0)
(0.174616480401 0.304094787769 0)
(-0.0964974587475 -0.0169408335282 8.35195398366e-15)
(0.0236201350027 -0.132410618561 0)
(-0.281048511078 0.0454498552363 1.33314622502e-15)
(0.0705358927452 -0.00271546812328 0)
(-0.23462843237 -0.143648601863 -1.21719820343e-27)
(0.00549521378599 0.251425080785 0)
(0.0663376395332 -0.124785448383 -4.07012406936e-15)
(-0.175344655335 0.323658584531 0)
(-0.00545619765127 0.328595239669 0)
(0.0216632699221 -0.147396250531 0)
(0.0327737244169 -0.0497126703841 0)
(-0.188191030069 -0.191535642769 -2.99160448939e-15)
(-0.0177607678986 0.0308315136272 -4.38730363033e-15)
(-0.243544562264 -0.164687810271 -1.10122671534e-27)
(-0.142558503893 -0.0723352862693 1.74686770591e-27)
(-0.0638894447683 -0.0361177931923 4.30941170706e-15)
(0.0315005128386 -0.063018013604 0)
(-0.256683836435 0.124788016676 -2.64749376807e-18)
(-0.393383194821 0.113590883999 -4.40417034419e-17)
(0.168694010773 0.201830729072 -2.7185819903e-15)
(-0.255504271221 -0.1878788991 0)
(0.0545886497432 -0.265130226308 0)
(0.0483430916952 -0.260613543795 -3.25659329502e-15)
(0.00295081343377 -0.135413089172 0)
(-0.108638521231 -0.314995723753 -2.5932180838e-15)
(0.130784545598 -0.167505518889 -3.16313089137e-15)
(0.134210067077 0.141367823912 -1.2875063496e-26)
(-0.0309728076118 -0.0280862835634 0)
(-0.0583139469674 -0.141637891095 0)
(0.172752077696 -0.14705317789 0)
(0.271175433671 0.133778033752 1.25870606086e-15)
(-0.321181078991 0.215098174448 1.42209807608e-15)
(-0.0790188897777 -0.142955412061 0)
(-0.224545940955 -0.122340705397 -2.8999936404e-15)
(-0.252190722368 -0.0359233771596 2.91783725909e-15)
(-0.175805436101 -0.230689353276 0)
(-0.226138542719 -0.0789069798739 0)
(-0.211785399939 0.184538940676 -1.01261925026e-16)
(-0.1204262569 -0.303485552586 1.28365410499e-15)
(0.179420636575 0.320331301867 0)
(0.0207020372625 -0.218180929546 1.83897297056e-15)
(0.136585716747 -0.0559492435676 0)
(-0.0449500166421 -0.0899449062866 0)
(0.339391988376 -0.025285345177 1.71525528156e-16)
(0.155245308996 0.225077753089 2.69977931633e-15)
(0.19584331009 0.298536336204 -1.53227593207e-15)
(-0.00370760302348 -0.279108292079 -1.46750402436e-15)
(0.0308981658508 -0.152993028642 0)
(0.23336697316 -0.124370459411 2.17469077839e-15)
(0.17952829015 -0.173849442529 0)
(0.255106805324 0.141432869496 -1.35897611984e-15)
(-0.154117944102 -0.0795699762762 -1.68305606124e-27)
(-0.14439775493 -0.2082753325 -3.22664373121e-15)
(-0.292787292149 0.0129773304503 -2.71148517025e-15)
(0.156459414336 -0.158295406921 -3.0626138722e-15)
(-0.201638394815 -0.0937396040694 0)
(0.220143148081 -0.0442041561975 0)
(-0.0682254893337 -0.134792742769 0)
(-0.0390548171477 0.149764385565 3.77294144907e-15)
(-0.166291978543 -0.192165626772 -3.09479070773e-15)
(0.18840153842 -0.172349556696 -6.40039020685e-17)
(0.2655893105 0.173359091769 0)
(-0.165917699933 -0.101176055968 0)
(0.0829266320103 0.328593620982 2.20754315181e-15)
(0.23974232024 -0.112886532273 0)
(-0.184477570744 -0.2526127571 2.49264647398e-15)
(-0.156247100506 0.150908848334 3.25471154362e-15)
(0.177541392064 -0.161384149074 2.54575626139e-15)
(0.191893712565 0.247345081688 2.10716135815e-15)
(0.125207245096 -0.182881140783 -1.00797609074e-16)
(-0.350744044304 -0.194268617887 -6.88628651688e-16)
(0.0952637104706 0.0111467811579 -4.26058276881e-15)
(-0.270384365638 -0.177812328117 -2.50783509334e-18)
(-0.030379337659 -0.014838773179 0)
(0.238800152791 -0.0269391181893 3.47340522268e-15)
(0.129432658435 -0.217569581672 -6.1445886906e-19)
(0.110000810731 0.0659820824871 3.99690476923e-15)
(0.187842290051 -0.161103484383 -1.16886980778e-16)
(-0.130726853452 -0.0376835858644 0)
(-0.388809673816 0.102064009689 0)
(0.23213224982 -0.103032589629 0)
(-0.341107497877 0.0355582376518 -2.30734077956e-15)
(0.184468620634 -0.148042749454 0)
(-0.246259665652 -0.135451782153 -2.54397014643e-15)
(-0.0157319228474 -0.311608384521 0)
(-0.190960603336 0.182801323178 0)
(-0.213479964723 -0.10086289271 -3.10450880397e-15)
(-0.132792654321 0.350135614273 0)
(-0.0230601607526 -0.201051917266 7.66567868518e-15)
(0.112333635709 -0.114987312408 0)
(0.0598017765135 0.37960457474 -1.378614249e-26)
(-0.202681530447 -0.175938452269 0)
(-0.177661797232 -0.0796619568097 1.59737866139e-27)
(0.26065084453 0.0714593135807 0)
(0.272427866808 0.121747431782 4.17632870281e-15)
(0.213985187607 -0.137018927898 -2.53809649723e-15)
(-0.0378468933118 -0.139988016344 0)
(-0.26558286564 -0.0147891219107 0)
(-0.177420709603 -0.184101489191 6.08639519712e-15)
(0.152245887517 0.307401216383 0)
(-0.133340913867 -0.183971484516 3.37555158554e-15)
(0.165613263167 0.281706261017 0)
(-0.154592236728 -0.123047273756 -3.54022641694e-15)
(0.0835817722124 0.0164118360599 4.2605827688e-15)
(0.10694090777 -0.175893168064 -3.33790130749e-15)
(-0.166033374048 -0.207775855487 -3.04456561709e-15)
(0.180440858269 0.224118617257 0)
(-0.0174844551232 -0.137926922806 4.20471361831e-15)
(-0.29543028653 0.0527045704056 -1.33102364922e-15)
(-0.27396876078 0.175018511293 0)
(0.248721051257 0.242578903296 0)
(0.210210991401 0.164352620878 0)
(-0.189576084111 -0.101224042324 0)
(-0.0243466920612 -0.319970152504 0)
(-0.0522559528832 -0.0157244813805 1.98847799925e-27)
(0.0714758172189 0.00972994205657 0)
(0.0482431214378 -0.306761387564 -4.94847332232e-15)
(0.088827250723 -0.120148476162 0)
(0.125504934061 -0.149853499858 -3.47893331283e-15)
(0.085815126411 -0.134336713236 0)
(0.0975972543892 -0.172279836589 3.48906666546e-15)
(0.168442184693 -0.0179683429776 0)
(-0.225646989107 -0.0931634911993 1.15825358566e-16)
(-0.187550223548 -0.206796010288 -2.73232417557e-15)
(0.128106067018 0.326579625974 -1.97051166487e-15)
(-0.157279402379 0.251874160957 0)
(0.0165424747366 0.259271502286 0)
(-0.14158244961 0.339192930314 0)
(-0.33418048706 -0.221231105122 0)
(0.153354669109 -0.188343195215 -1.22309906151e-15)
(0.245461988837 0.0662499132143 0)
(0.161491446333 0.338389267468 1.27804962562e-15)
(0.207674900814 -0.124741781946 0)
(-0.309203512146 0.0468668850358 1.22400082713e-15)
(0.0444600787049 -0.0423385639782 -4.01085903715e-27)
(0.179081525442 0.256225903042 0)
(0.000425615494913 -0.0459659589115 4.4511824052e-15)
(0.258600893319 0.105072230633 0)
(-0.133055314475 -0.168223081958 -3.50616688065e-15)
(0.0167206016452 0.310261961273 0)
(-0.329793376746 -0.117582011828 0)
(0.00131863294193 -0.0326863586798 8.93059940843e-15)
(-0.15881874315 0.284515897875 0)
(-0.201803892978 -0.0794906355836 0)
(0.267393117491 0.16014382442 0)
(-0.334103053501 -0.0311868402405 0)
(0.134759546268 -0.185066201148 -9.63770448765e-17)
(0.250973706284 0.182115261602 -1.18894404708e-15)
(0.177909696284 0.272771075674 0)
(-0.382013166325 -0.0633465599259 1.52105282594e-15)
(-0.18533563956 -0.237582433883 2.56809377062e-15)
(-0.142391055245 -0.0584272784485 -1.74686770591e-27)
(0.00554378278052 0.283833118246 0)
(0.101785046053 -0.157034858116 -3.62547937852e-15)
(-0.0467511629988 -0.293019695186 1.79498065897e-15)
(-0.154483854473 0.0428603339684 0)
(0.171539963136 0.318791029391 0)
(0.150176758283 -0.209254829057 1.76127420229e-15)
(0.00555722606509 0.301185175845 0)
(-0.278481094396 -0.00781214690734 -2.69613712531e-15)
(0.202015985999 -0.136784748393 0)
(-0.0389576522575 0.122384735484 -3.92145120006e-15)
(-0.179025558491 0.0432346717104 -3.61200270914e-15)
(0.101798859981 -0.111077676469 0)
(0.0921535263136 -0.153151279877 3.62547937852e-15)
(-0.0630492642146 -0.00953309052996 0)
(-0.359262921741 -0.186481956804 0)
(-0.144423728586 -0.192214496835 -8.92712947957e-17)
(0.0669798462863 -0.275667286902 -2.39884301221e-15)
(-0.29353908141 0.0265004656017 -6.09441394088e-17)
(-0.0675212008613 -0.120011048001 -8.29492906684e-15)
(-0.372457939248 0.0123831156847 2.83052252887e-16)
(-0.0742550658802 -0.0164260975369 -1.94982908357e-27)
(0.0957011987621 -0.138473634742 0)
(0.207254822865 0.17496970958 0)
(-0.147995102049 0.225199061173 0)
(-0.186755472028 -0.257225090586 -5.73246754101e-17)
(-0.261584477177 0.196571716964 0)
(0.0574849385167 -0.0222700593292 0)
(-0.16683377166 0.049672356645 3.61200270914e-15)
(-0.275273037201 0.190469885691 0)
(0.22567195653 -0.114702931616 0)
(-0.0736338613845 -0.266621845764 3.32197820928e-15)
(-0.00561663093903 0.382121010794 0)
(0.0656190264804 -0.252219896343 -2.81541602621e-27)
(-0.130898630932 -0.0513615671084 0)
(0.164152767661 0.298393815249 0)
(0.0167580903147 0.328939713004 2.35575108116e-15)
(0.110943413155 -0.195080360015 3.08341067551e-15)
(0.0710351114409 0.355865144036 -1.96674321849e-15)
(-0.327767705603 0.23070063419 1.08014499048e-15)
(-0.176381344976 -0.215266662505 0)
(-0.166050675032 -0.115685184965 3.54022641693e-15)
(0.0723011645612 -0.256243158864 0)
(0.173448587659 0.329925731701 -1.27804962561e-15)
(-0.0527397893276 -0.0290477174437 -1.98847799925e-27)
(-0.262736735309 0.21239979433 0)
(0.150506601038 -0.172646021552 -2.88651979733e-15)
(0.070962252785 -0.233795922486 3.22444277819e-15)
(0.254123061846 0.154230965966 -5.06073989785e-18)
(-0.239055922761 -0.0572689327782 6.11429581699e-15)
(-0.269445847114 -0.179915672939 0)
(0.00597504700332 0.337910285054 -2.35575108114e-15)
(-0.0771147126315 -0.0988576932991 8.3464068768e-15)
(-0.369057959886 -0.0433650895511 -1.41573271143e-15)
(0.236722026999 -0.0369680509188 0)
(-0.177698685909 -0.093878843727 -1.59737866139e-27)
(-0.101666832448 -0.190947281079 0)
(0.241940157905 -0.00647733705094 8.88126753712e-17)
(-0.247287543591 -0.120849732095 0)
(0.0456520254143 -0.0293676254023 4.01085903715e-27)
(-0.00770997655675 -0.232630023529 1.4138703543e-17)
(0.0165279133315 0.2754946163 0)
(0.257576829239 -0.0101373111418 6.72424958154e-15)
(0.260154731057 0.0820745458216 0)
(-0.264921302216 -0.028547273175 -1.21885625331e-16)
(0.257868866143 0.116516934438 -4.21621796913e-15)
(0.133818031108 -0.221388009731 8.16894377802e-16)
(-0.0796418591318 -0.158191093193 0)
(-0.419119795995 0.0576882016311 -5.60328179927e-16)
(-0.0451985658802 0.397762581403 1.21300527702e-15)
(0.167601955524 -0.193553520769 -8.56995950011e-16)
(0.402982898913 0.0684885058802 -1.02263762668e-16)
(-0.0618603682924 -0.40166302498 0)
(-0.256650564081 -0.141642948054 2.54397014643e-15)
(-0.351587498916 -0.212054265103 -1.8927642724e-17)
(-0.190880453332 0.170306869471 8.37282123317e-29)
(-0.0390885622165 0.163837048352 0)
(-0.132355466282 -0.137456207019 1.68855406805e-27)
(0.24702472106 -0.125054023212 -1.02865789777e-15)
(0.292025841704 0.0107555429454 0)
(-0.418008508439 0.0732459107969 5.69680162829e-16)
(-0.32213401216 -0.24830331795 0)
(-0.237141536677 -0.0998598767647 5.85605687232e-15)
(-0.132036350834 -0.122605069682 7.51839528507e-15)
(-0.350557911576 -0.0638814760268 9.98728708336e-16)
(0.155993535326 0.187069859515 -2.00273084526e-17)
(0.211313479417 -0.0088030629853 -8.60962809224e-17)
(-0.238474896593 -0.071349340038 0)
(0.255605395189 -0.0203331305958 0)
(0.198340444726 0.298233656742 -8.23909558109e-28)
(-0.356331812818 0.0179127464498 0)
(0.238498644919 0.162757989823 -4.93822711104e-18)
(-0.143121180018 -0.115385776437 -3.71809736932e-15)
(0.102050787561 -0.191886089904 0)
(-0.0739443571177 -0.285252400315 6.33480355484e-15)
(0.150041719097 0.323423806377 0)
(0.305956678811 -0.0192043406615 -4.59412940598e-15)
(0.0732437744319 -0.143952287427 0)
(-0.0421353895517 -0.0351840430795 4.00091709607e-27)
(-0.0620294904859 0.192329685333 0)
(-0.335214055475 0.156074656629 0)
(-0.347482505877 -0.209960067849 1.76629415451e-17)
(-0.0903957942478 -0.166573744571 -7.19863988787e-21)
(0.234263871771 0.205293453433 1.14638191717e-15)
(-0.155273740647 -0.184273986463 -3.28628029074e-15)
(0.155677463459 0.339729418633 0)
(-0.161829712232 0.330487741718 -6.63313378187e-16)
(0.224103388379 -0.0233194532574 8.81516148648e-17)
(-0.351753072937 -0.00887876134189 2.23997428691e-15)
(0.166871669979 0.248667324214 0)
(0.051688180937 -0.148790481612 3.969439268e-15)
(0.353120756354 0.133128661253 -6.64625457319e-16)
(0.0887181629431 -0.203964226293 0)
(-0.0601022520902 0.394583784158 -1.09075216242e-27)
(0.244285272014 0.088442664695 1.61605514715e-15)
(0.194492470602 -0.026368482837 0)
(-0.332145624161 -0.0432317898028 -2.19793994951e-15)
(-0.0735140305885 0.213969702751 -5.74235430617e-27)
(0.138265338934 0.332314309357 3.13851161104e-27)
(-0.0777050493514 -0.113252765267 5.23330040393e-17)
(0.18275665138 -0.0112088456149 0)
(0.167489037611 0.232565627521 0)
(0.036037226037 -0.273776389712 3.02689658845e-15)
(-0.308147391984 0.0335047884048 -1.31082437618e-15)
(0.00603452996538 0.122454859033 0)
(-0.236389358948 -0.114397826112 2.89999364041e-15)
(-0.256081713784 -0.156356330603 0)
(-0.108517543002 0.206697115341 0)
(-0.306963039711 -0.238467074623 1.45613100095e-15)
(-0.367885951427 -0.0735705098978 -1.28929256841e-15)
(-0.132315306364 0.206654837466 0)
(-0.0444236584449 -0.237902499157 1.73862673749e-18)
(0.16070941206 -0.173990805019 0)
(0.270496408472 -0.0228890904464 0)
(-0.0851034311817 0.206752632062 0)
(-0.0525465872552 -0.21269479286 -7.52118809321e-15)
(-0.00498408380919 0.365382433976 0)
(0.159637074936 0.327424295106 0)
(-0.332478313577 -0.238387424897 0)
(0.302827849119 -0.0297480496878 -5.91254448657e-18)
(0.0837349211098 -0.220856536229 3.06957477219e-15)
(-0.251527791208 -0.0498334082536 -1.19787937514e-16)
(-0.34999262215 -0.0494726795839 0)
(0.063677699888 -0.139264494052 -3.969439268e-15)
(0.212864626752 0.125216906715 0)
(-0.120859129325 0.12678498775 -3.00473139206e-17)
(-0.351280146059 -0.0218612719919 9.89585213002e-16)
(0.225820989706 -0.0127860468805 -7.08206045841e-15)
(0.383628140588 0.0810729256978 0)
(0.105567518832 0.328026784309 0)
(-0.015983888065 -0.225509507892 1.84246827627e-15)
(-0.0967220545109 0.213906470722 -2.79021388534e-27)
(-0.301240881763 0.148763674278 -1.04949230813e-16)
(-0.0108312900836 -0.053313566217 -4.45118240524e-15)
(0.00600842919482 0.163631072274 2.73719980643e-26)
(0.243768979673 0.0997907220851 1.55946692254e-15)
(-0.156885432031 0.236136583322 2.61900835399e-15)
(0.227815650464 0.118269680962 0)
(-0.143879787222 -0.160640431341 3.50616688065e-15)
(-0.0143275649918 -0.20814111561 -5.76007310957e-15)
(-0.0544876791405 -0.0696702137462 0)
(0.0943621332327 0.336711262783 0)
(-0.201296974363 0.253539641708 2.82927311403e-16)
(-0.334197593477 0.145597843139 2.99590218762e-16)
(0.197832029398 0.145139680593 -1.4690784918e-18)
(-0.139122981142 0.317552453451 0)
(-0.268590450689 -0.16400249493 0)
(0.116712925921 0.335190145313 1.97051166486e-15)
(-0.155241684971 -0.16868121849 -3.3255879565e-15)
(0.318454104667 -0.0400200206285 2.32422429245e-15)
(0.222520796853 0.184400762228 2.60173829199e-15)
(0.0820003969392 0.362175386069 1.96674321848e-15)
(0.16665742503 -0.0294220441785 0)
(0.320253111895 -0.0317620096159 0)
(-0.370365219777 -0.000266368674327 7.52235109672e-16)
(-0.386996373813 -0.0510098105186 1.67758101854e-15)
(-0.320027762714 -0.211467712426 1.47797708408e-15)
(-0.355064788599 0.133292190537 -3.11712862949e-16)
(-0.330261028077 -0.133380512 -8.6129101961e-16)
(0.117956991226 -0.0890772854392 7.51736712751e-21)
(0.187666382353 0.315895048781 0)
(0.105975909849 -0.24880288029 -2.11861454152e-15)
(-0.205144233877 -0.423994029854 0)
(-0.342534385523 0.210785703983 0)
(0.39719894167 0.0623943117736 0)
(-0.284972738778 -0.189947153674 -9.15319140766e-16)
(-0.212172506563 -0.145051502028 2.91349401255e-15)
(0.196289204019 -0.015372792098 3.67087883749e-15)
(-0.0620321037418 0.206782505258 -3.29502148948e-15)
(0.176359588832 0.324730595864 1.85804563187e-27)
(0.085384104393 0.183637636947 -3.152683275e-27)
(-0.154786652332 -0.137902370513 0)
(-0.323281418757 0.0279296011491 2.30616374999e-15)
(0.134216956479 -0.068203830634 0)
(0.345125503822 0.13409327777 1.94447621071e-15)
(-0.19495147812 -0.428416829304 0)
(0.317218375016 0.159123923951 0)
(0.182676698206 0.179553965673 -2.89712348708e-15)
(0.241870911975 0.123672262562 1.44419969486e-15)
(0.370044985106 0.0703921044331 5.96041741975e-17)
(0.00589393997312 0.356463908475 -8.11347449281e-27)
(-0.306156452963 0.00749804347775 0)
(0.00570515379552 0.0829181716136 -1.53594125975e-26)
(0.193972276637 0.19365024187 3.40162190192e-17)
(-0.0532547675497 -0.229847322382 0)
(-0.287246317091 -0.207631783435 -1.82252959624e-15)
(0.00575508816426 0.206530875604 0)
(0.200483250966 0.276644398946 6.11618956976e-28)
(-0.14164444233 0.356808896386 0)
(0.399013824921 0.0595764052508 2.48986086334e-15)
(0.192882882939 0.286653310257 0)
(0.0928317185121 -0.244857475919 1.4157886231e-15)
(0.0860360552396 -0.242227711305 -1.40482596143e-15)
(0.188154943523 0.308257723166 0)
(0.093191154112 0.35373936434 0)
(-0.143651219473 -0.14537029761 0)
(0.150466755043 -0.0483766842047 0)
(-0.305188290048 -0.219837484618 -1.47520607775e-15)
(0.120595564466 -0.0762399924709 -7.51736832709e-21)
(0.097761808875 0.148958296094 3.66063841633e-15)
(0.0168298258712 0.213711170743 0)
(-0.203053568079 -0.392543653707 0)
(0.155045945982 -0.0877045897167 1.11151272914e-19)
(-0.102106309053 -0.207306124608 0)
(-0.189020972919 -0.16076672256 -3.01910325298e-15)
(-0.209038622664 -0.205051166696 0)
(0.241022437262 0.135888688641 1.3644626069e-15)
(-0.223982094153 0.311628003002 0)
(-0.336627334101 -0.00285499120408 -2.13104552888e-15)
(0.0765589377442 -0.0579856565089 8.50927043434e-15)
(-0.189270485131 -0.145699619297 3.13772675666e-15)
(0.188029840029 -0.0595951579309 0)
(0.105167052065 -0.21164432653 1.4495596416e-15)
(0.336098902125 0.145366449655 -1.1291922904e-15)
(0.282765365713 -0.0456722076176 1.49528922344e-15)
(0.179623294097 -0.0333397690264 0)
(-0.333120817925 -0.169520222663 1.51073360262e-15)
(-0.332445500384 0.220837496285 -1.41685805765e-15)
(0.0685293403175 -0.0274212987509 0)
(0.209421202645 0.178020473208 -2.60259163132e-15)
(-0.322505371313 0.0149912856689 -2.32171510542e-18)
(0.113326518749 -0.214169812742 -4.24043746546e-15)
(0.152537119569 -0.0365639946256 0)
(0.0917146369821 -0.224695008009 -3.08532180519e-15)
(0.108700226566 0.371944364566 -1.00506985806e-26)
(0.00488931881582 0.0443896478558 0)
(-0.166379758577 -0.160949876743 3.32558795649e-15)
(0.106453951551 -0.230557547695 0)
(-0.0829551685927 -0.240488057077 6.92939925242e-15)
(0.0975669748612 0.162507166249 3.51922905003e-15)
(-0.337928538814 0.0094441645955 -8.76043793474e-18)
(0.0856073868331 0.169689809711 -3.51922905003e-15)
(0.212262429941 0.137735869423 0)
(-0.166309471367 -0.145733903797 3.3445175236e-15)
(0.18330001343 0.165807151228 6.03641261794e-15)
(-0.319031427044 -0.0117617993744 0)
(-0.199514950129 -0.18319088117 2.77215354256e-15)
(0.2489212126 0.195906705703 2.15916497585e-18)
(0.0671920318519 -0.0401741536045 -4.31115420504e-15)
(-0.177645825054 -0.16870983086 0)
(-0.30549618374 -0.00582255897277 0)
(-0.238332210937 0.276459150557 -5.25507049132e-28)
(0.146010494596 0.315072486147 6.87095515717e-16)
(-0.0505983133925 0.228729333691 0)
(-0.147636329839 0.31546583064 -3.64044349545e-16)
(-0.0661440877252 -0.0911929304519 -4.1994791797e-15)
(-0.14480917035 0.166616575548 -3.41273781484e-17)
(0.149463005863 0.264078181003 0)
(-0.182691193172 -0.285037089945 1.07109938333e-15)
(-0.147858428448 0.350938427504 0)
(-0.269847160842 -0.118748419951 0)
(-0.177757085315 -0.138125678948 -3.3445175236e-15)
(-0.0922449560136 -0.215179053352 -6.64471504776e-21)
(-0.200920846057 -0.137857924114 -3.13772675666e-15)
(-0.156631668399 0.287693224199 2.90600467603e-16)
(-0.31819548495 -0.0248604616639 -1.20620345528e-15)
(-0.197680827619 -0.21379386363 2.73232417557e-15)
(-0.0441779407438 -0.0759480656738 0)
(0.182586958782 -0.0824654323615 -4.24337266201e-19)
(-0.178201942685 0.276558531089 0)
(-0.123600414189 0.144274009821 -1.39280161275e-17)
(0.190590889708 -0.0482706910406 0)
(0.195292968897 0.186096906031 0)
(-0.0506356276256 0.213999420635 3.29502148948e-15)
(0.225534919339 0.143518159553 0)
(-0.301793655516 -0.0461172949811 -1.17274738526e-15)
(-0.2836810398 -0.110489161455 -1.12584544683e-15)
(-0.098722774907 0.106198480561 0)
(-0.200011137389 0.325374147396 3.73110724956e-28)
(0.113660129006 -0.232338122993 -7.54935528523e-17)
(-0.0815786807684 -0.206272645265 0)
(-0.211590932059 -0.159964508506 -2.65066042028e-27)
(-0.144335056091 0.293143993312 7.34438819421e-17)
(-0.213790318386 0.275650933465 0)
(-0.053858655374 -0.0559361479787 3.78299223951e-17)
(0.224840596014 0.15657661128 0)
(-0.187549529018 0.268659228515 0)
(-0.286567908482 -0.0681529861146 -3.77124547928e-15)
(0.0978523411322 0.071837145125 -3.66703808498e-27)
(0.0981573033005 0.0842812105248 3.66703808498e-27)
(0.172823136517 -0.0674638077177 0)
(-0.290853943454 -0.0135530635568 2.70407983247e-15)
(0.145739879519 0.160830826837 -3.22234589925e-15)
(-0.0925534025392 -0.232047440935 -6.57571768536e-17)
(-0.260253971591 -0.0981062859544 0)
(-0.2001054411 -0.168132441656 3.01910325297e-15)
(-0.187637989227 0.333620699793 0)
(0.0646629309311 0.387893701453 0)
(-0.072627610232 -0.231321046476 -7.0375642143e-15)
(0.26060985674 0.200906682939 -9.06338729673e-19)
(-0.168457112729 0.166462524718 0)
(-0.249206321842 -0.0920375209082 -2.86757711268e-15)
(0.0386535881728 0.275419727563 0)
(0.00346139574084 0.00611752030776 4.43602376702e-15)
(-0.146668423231 0.157343791571 6.43842710047e-17)
(-0.196762703525 -0.228560881992 -2.56809377062e-15)
(-0.287639753482 -0.054298600761 -1.31218765533e-15)
(-0.0652483763691 -0.293871655843 -3.15217253564e-15)
(-0.0655250438177 -0.0771467594863 -4.25484906229e-15)
(-0.0054613268099 0.0892171846726 -2.99963655455e-26)
(-0.302540550677 -0.0325460847328 2.4732206307e-15)
(-0.00522380430436 0.129113513323 -2.83230093631e-26)
(-0.00613581439925 0.050401848169 0)
(0.0471064310193 0.394829672845 1.49992712231e-15)
(-0.234642936455 0.301476503864 0)
(0.147841818295 0.291790245663 0)
(-0.0549856185112 -0.284458120112 1.3081627207e-17)
(-0.00530627353159 0.170666395777 0)
(0.248461966333 -0.0503270931878 4.82159877999e-15)
(-0.0617480237946 -0.20499250394 7.44232645813e-15)
(0.162839024348 -0.0521896524676 0)
(0.284796644673 -0.0369411068327 -3.14338801301e-15)
(0.251457833031 -0.0401512159736 0)
(-0.199455094795 0.312391291544 0)
(-0.00736125133301 0.0119214283561 -4.43602376699e-15)
(-0.289910864114 -0.0270723852742 -1.27092433942e-15)
(0.0561033622189 0.395871118093 -1.49992712231e-15)
(0.0392349369599 0.213426605223 1.186120627e-26)
(-0.00554442240483 0.213886587981 0)
(-0.273629747478 -0.0759762512818 5.25128556882e-15)
(-0.0634906222219 -0.239346928418 3.54506997921e-15)
(-0.183623393731 -0.303956058559 1.67385555723e-17)
(-0.27668038604 -0.0344168560942 -2.79990625781e-15)
(-0.184987708253 0.297862773172 0)
(-0.0734663155514 0.22860598411 5.74235430617e-27)
(0.133030663673 0.168211052773 0)
(-0.0619561699287 0.236066100785 0)
(0.0625708165794 -0.0789729623674 -1.55520812185e-26)
(0.160341855255 -0.0640033341677 0)
(-0.0849644466217 0.235919863114 0)
(0.00551693811028 0.236128137848 -3.19977743146e-15)
(-0.0966922451067 0.228475017945 2.79021388534e-27)
(-0.04275469109 -0.0486493791116 -8.77602392501e-15)
(-0.108378480121 0.235790952132 -5.1426013189e-27)
(0.0643347121904 -0.0656805543785 -8.59599988554e-15)
(-0.25927792623 -0.1126861831 0)
(-0.0720294898894 -0.214126528947 -3.6995896228e-15)
(0.26405615269 -0.053162731793 -3.17464410286e-15)
(-0.0639803162815 -0.257101976333 0)
(0.157183361899 0.281033088032 6.91367913797e-20)
(0.177463318706 -0.0447315070658 0)
(-0.318417088551 -0.19282576515 -7.37609206142e-16)
(-0.275903418294 -0.0484584911041 1.31258043401e-15)
(-0.101947702568 0.113684196408 0)
(-0.296966272954 -0.11755905307 -9.73369512771e-16)
(0.122650898055 0.0844971909168 -3.57231248864e-27)
(0.198188176408 -0.0741024161229 0)
(0.217434981778 -0.0549697150864 0)
(-0.263264321151 -0.0559760630844 -2.8800491061e-15)
(-0.0229034906003 -0.0744783576767 0)
(0.169855910294 -0.079278726014 0)
(-0.168292920241 0.177969166349 -1.53027664509e-16)
(-0.0643274522416 -0.312357983102 -1.28673341518e-15)
(0.110261771223 0.0906005278836 0)
(-0.229948489631 0.287802377101 0)
(-0.272604368826 -0.0903383310967 0)
(0.0486007847731 0.386063713484 0)
(0.0276386766327 0.283933273102 0)
(-0.300753489725 -0.182209627779 9.14975663361e-16)
(-0.312894389222 -0.142091900274 0)
(-0.262379800385 -0.0700511632426 -2.69371352871e-15)
(-0.250111412186 -0.0777675639 0)
(0.0276907908389 0.251301806043 0)
(-0.284236193412 -0.0962447413862 4.64342404982e-18)
(-0.297700845789 -0.132712411954 0)
(-0.29932494527 -0.165804494336 1.83418951273e-15)
(0.103233426084 0.359252198323 0)
(0.268491117144 -0.032699388394 3.1437377151e-15)
(-0.314485443589 -0.158349212193 -1.86597490973e-15)
(-0.00684413269346 0.0248678753841 4.38730363034e-15)
(-0.00581724263126 0.0633494677202 0)
(-0.00849969073322 -0.0137750484358 -4.45138617122e-15)
(-0.00530889410803 0.102425840196 -4.06553263437e-15)
(-0.269475539474 -0.133467472943 0)
(-0.00921432339361 -0.0269263635289 -4.46422600643e-15)
(-0.005194805431 0.142829108656 3.82393947721e-15)
(-0.0204431901272 -0.0340405308539 0)
(0.201323746371 -0.0627981590614 0)
(-0.282922288278 -0.156232515238 0)
(-0.00534172470106 0.184957465361 -3.53905434737e-15)
(0.155540821436 0.310985066382 -6.87082769622e-16)
(0.261138870299 -0.062345254542 0)
(-0.0331157405185 -0.0684116693555 0)
(-0.0211936396866 -0.0474224546024 0)
(-0.282368464457 -0.141151523556 0)
(0.132191504666 0.335417602525 0)
(0.298013432218 -0.0484968932472 -1.49526797281e-15)
(-0.00557424156457 0.228693179246 0)
(0.0281751734682 0.206287077813 0)
(0.143826624913 0.32900252734 0)
(-0.137340471063 0.135288662381 3.58393398216e-18)
(0.0391040502464 0.228230768542 -1.186120627e-26)
(0.0680690635963 0.383355902165 -1.6895881431e-15)
(-0.032344572117 -0.0547459655779 4.40269213037e-15)
(0.114871736615 0.351103623296 6.83282265444e-27)
(0.1379837479 0.356363756385 -1.00824162559e-26)
(0.0277858391765 0.235949110884 0)
(0.0431972177631 0.396447289883 1.28557859826e-15)
(0.0732556773123 0.390996353875 0)
(0.0902796866947 0.380798898904 0)
(0.0275430767522 0.301427564137 0)
(0.0531381795314 0.386818726043 0)
(-0.118872966635 0.11640753602 -3.39173810608e-18)
(0.0850989252333 0.384182957232 0)
(0.0275210499259 0.356887558614 0)
(0.122140263086 0.355343344591 1.01725143327e-15)
(0.0168197223761 0.365170319286 0)
(0.0267794218198 0.387904264161 1.84683858035e-15)
(0.0661894484641 0.394937085908 -1.46294532704e-27)
(0.0169086038387 0.382092113396 -1.84683858034e-15)
(0.143771987341 0.347990371501 1.00824162559e-26)
(0.0890595850916 0.378238914817 -1.64622578505e-15)
(0.0794476200225 0.376430811444 3.33581392817e-15)
(0.0355624144097 0.400007354838 0)
(0.0255971458568 0.399736125927 -1.24247702102e-26)
(0.123713875322 0.354489838648 -1.63992151832e-15)
(0.276342990645 -0.065530163309 -2.41882258659e-17)
(0.12047069661 0.365380007385 1.13355592428e-26)
(0.293720487976 -0.056855182242 0)
(0.0310233624767 0.400295936067 0)
(0.133988592331 0.348653555964 -1.01725143327e-15)
(0.100820477554 0.372056464975 0)
(0.125915887908 0.363275159837 -9.04395222319e-27)
(0.12014904749 0.367964894559 9.0439522232e-27)
(0.135407125147 0.346865806574 1.63992151831e-15)
(0.154686561836 0.34396212495 0)
(0.155388238628 0.334475457373 0)
(0.167197597389 0.325778644617 -1.85804563191e-27)
(0.166182777555 0.315186766757 -2.22422133039e-20)
(0.180205304652 0.283903645791 0)
(0.172179798634 0.292271668948 -6.91271063098e-20)
(0.17673012877 0.307787637194 0)
(0.142634500888 0.35055865118 1.93676628115e-27)
(0.198534239818 0.250442680704 1.70042097604e-16)
(0.215388039814 0.25057199749 0)
(0.278298243914 -0.104801748858 0)
(-0.417146262984 0.00515204981113 0)
(-0.335704403433 -0.225195138369 0)
(0.210589520179 0.208805396903 -1.96057752705e-16)
(-0.385837981014 0.125991621392 -1.27856584314e-15)
(-0.0387831012783 -0.337142020108 1.94183111305e-15)
(-0.0180568026385 -0.375027156132 0)
(0.0415534869149 -0.327703380904 0)
(-0.400960828721 0.00606557108858 1.2599295547e-15)
(0.248755387786 -0.093056804736 9.84938525924e-17)
(0.271133440951 -0.0757455492649 2.49574434372e-17)
(0.34515066764 0.135678578236 -1.00346129439e-15)
(-0.36982436631 0.148908637184 0)
(0.034110104337 -0.114484680723 -9.31335697658e-17)
(0.116450813005 -0.122663724251 0)
(-0.056651371037 0.0518494511465 -1.00096034248e-17)
(0.089785277928 0.141066680847 -1.90316636785e-19)
(-0.101947195919 -0.100689289198 -1.51381126105e-16)
(-0.0900712775833 0.0876410998791 0)
(0.31059073471 0.035444833863 -1.41717530025e-15)
(0.314514868766 -0.0683891286119 0)
(-0.289559293406 -0.267030725003 -1.19743072274e-16)
(-0.36249209799 -0.169071833483 -4.7242342872e-16)
(-0.349521411149 -0.143046004177 7.48580473722e-16)
(0.388456278722 -0.015768319549 0)
(-0.418677633736 -0.0496230048176 0)
(-0.387213811907 0.136886249543 1.36100182503e-15)
(0.244105531792 0.179683204639 0)
(-0.346594959108 -0.110992690264 8.72608849165e-16)
(-0.366113231244 -0.0879192212994 0)
(-0.26704807749 -0.222114468992 -9.53283657494e-19)
(0.344846689128 -0.0565049275417 -4.30411300675e-17)
(-0.0382588912074 -0.320728688736 1.76479032111e-15)
(-0.138197247168 -0.338727290543 -6.12021481393e-16)
(-0.123395133754 -0.335590381921 -6.96651927521e-16)
(-0.149087659975 -0.41164164601 -2.0600273236e-15)
(-0.166486299607 -0.343363962432 -1.59650131618e-15)
(-0.0778286488589 -0.341232924715 0)
(-0.124456279205 -0.403231475187 -1.64153571556e-15)
(-0.168609647924 -0.420569687808 0)
(-0.0727285819301 -0.385500767803 6.61955607585e-16)
(-0.0322893372693 -0.38822593467 2.56543317322e-15)
(-0.259363799285 -0.343456054766 3.77774821058e-17)
(-0.220813168846 -0.330378015733 1.69012983648e-16)
(-0.0206770533542 -0.389719007429 0)
(-0.257068198648 -0.288732503719 0)
(-0.21238979587 -0.368932691544 -1.7953460698e-16)
(-0.242846339053 -0.355894882331 0)
(-0.181883894172 -0.242051427331 6.43363763771e-17)
(-0.149516639871 -0.175901297108 -9.2491109775e-17)
(0.0194761222646 -0.354412313202 0)
(0.00362615119514 -0.285023803871 1.802453058e-15)
(0.0192721414735 -0.278524443149 -9.68160980153e-16)
(0.0110917627066 -0.328101055639 -2.54321695652e-15)
(0.0314520247269 -0.334878083331 -2.25209043271e-15)
(0.0705163362269 -0.299473368382 0)
(0.0723566120171 -0.278017203972 5.06715430717e-17)
(0.092342315795 -0.262015872197 0)
(-0.0536428142922 -0.322161460445 -7.34244752064e-16)
(-0.327475546913 0.19655076066 7.29726756008e-16)
(0.31084735449 0.0560816091327 0)
(0.304713644909 -0.0880258084312 -1.34435375071e-15)
(0.301565310152 0.13053821455 0)
(0.347992338751 0.0320919678323 1.43593802138e-15)
(0.325444498716 -0.00505934330349 -2.66126537558e-15)
(0.308348921337 0.00733478403723 0)
(0.221698683839 -0.135835344582 6.79596983403e-16)
(-0.350040188334 0.162132305938 0)
(0.332478288816 0.150629739597 1.59686029504e-15)
(0.251494948002 -0.0854424463032 0)
(-0.346873257656 -0.22711342343 3.64858593383e-16)
(-0.330093970957 -0.253451988003 2.49704725481e-16)
(0.252205638161 -0.0845033010246 -1.72853320289e-15)
(-0.279783952462 0.174791235157 2.00948589314e-16)
(-0.240241789932 0.170734177524 1.1118571948e-16)
(0.256563819297 -0.101371384355 7.41323023712e-16)
(0.356842716849 0.0921227496217 0)
(0.35992340184 0.0757670027296 3.81869171417e-15)
(-0.0415606096329 -0.345097796449 -5.30653058551e-16)
(-0.0218435666379 -0.367558281457 5.00485534415e-16)
(0.0402105503685 -0.32954058842 -4.26235423633e-16)
(0.274009013365 0.16987044332 4.47220888112e-16)
(0.398510965269 -0.00943221698345 0)
(-0.422063540389 -0.0501143354113 5.26536105619e-16)
(-0.360611214741 0.0900879449395 1.03837245323e-15)
(0.340250332531 0.128719122272 0)
(-0.385333318706 0.149643670349 0)
(0.066791571971 -0.144473979709 9.30969831912e-17)
(-0.122762510239 -0.128451332506 0)
(0.118209670998 0.162554271288 1.97890574682e-19)
(-0.0725575309804 0.0725405297729 1.44665018848e-18)
(-0.355600698809 -0.203679219955 0)
(0.310478948682 0.0263439860162 -3.00419648381e-15)
(-0.289166337559 -0.235847894102 5.82853444822e-17)
(-0.362019227716 0.113662690772 1.0665917563e-15)
(-0.386738097746 -0.0155985951212 2.20727736689e-15)
(0.293805459186 0.194024167693 8.3800911285e-16)
(0.221651516352 -0.144592433924 0)
(-0.304046460357 -0.265876111332 -5.00299661025e-16)
(0.265677599407 -0.115292666046 9.58462520872e-17)
(0.236466159674 0.235679622021 0)
(-0.418834988356 0.0582492237705 0)
(0.242383828618 -0.0800543168128 -4.54653568836e-16)
(0.223123755166 -0.0882565398193 1.33738669142e-16)
(0.166252579502 0.225514138454 3.42203333804e-16)
(-0.138820401342 0.127357770454 0)
(-0.388837203501 0.0211427746116 -1.05014216596e-15)
(0.246169299597 -0.0721257334398 0)
(0.292099679632 -0.070421723073 0)
(-0.176861004317 0.134229092383 5.66652253299e-17)
(0.310405872846 0.170956028999 -1.2891667719e-15)
(-0.315825839014 0.167251374444 -1.3208712804e-16)
(-0.350653258409 -0.159049518773 -1.36514020394e-15)
(0.379347747477 -0.0230843385951 -1.2579890262e-15)
(-0.412264648415 -0.0829808292944 0)
(-0.34491528156 0.117829805465 -1.07168675516e-15)
(-0.342695747782 0.0871251107753 -2.6605530354e-15)
(-0.35678367813 0.0667617629909 0)
(0.213724117939 -0.15620375109 -6.31182272101e-17)
(0.0758145217193 0.126915523795 3.24219308386e-17)
(-0.063863802448 -0.0806620496761 7.1163867545e-17)
(-0.0716133212544 -0.0756127249397 0)
(0.0680335936468 0.135459666615 0)
(0.176168051504 -0.027279509994 8.70132184475e-17)
(0.162265285459 -0.0455924694272 -7.90610208763e-17)
(-0.0330943962957 0.0367627290279 2.77610289105e-18)
(-0.0350586090603 0.0366595541404 -5.03561155213e-18)
(-0.309200727161 -0.254084549001 2.30664342059e-16)
(-0.379607379536 -0.153014652575 -1.47391567683e-16)
(-0.419104638163 -0.00727477663851 -8.01148675096e-16)
(-0.0558046677397 -0.366815739763 9.69912660841e-17)
(0.0691253029035 -0.24682819018 1.12379722303e-15)
(0.0735431796619 -0.283874957188 0)
(0.0344702977373 -0.291070797683 -1.58483516514e-15)
(0.105061716828 -0.260925547366 3.01165175491e-15)
(0.234466347714 0.186918780314 0)
(-0.346621493368 -0.0953635469918 -1.93514139649e-15)
(0.357706514091 -0.0457659568078 0)
(-0.372492800224 -0.160284924509 -5.14726475188e-18)
(-0.224668126997 -0.353976274521 4.14855186206e-16)
(-0.205315340419 -0.344431397068 1.74240758991e-15)
(-0.132317855417 -0.327307599045 1.20967251208e-17)
(-0.164553533892 -0.428164310909 0)
(-0.0940026703942 -0.409987372017 0)
(-0.117109492627 -0.414303355317 0)
(-0.100144312161 -0.399287218947 0)
(-0.175933725271 -0.333856063093 1.98060665582e-15)
(-0.0726373709518 -0.336523342041 1.62366789501e-15)
(-0.0468532570878 -0.311885386583 1.55400705168e-15)
(-0.207487644607 -0.331952986534 -1.69012983648e-16)
(-0.197428049513 -0.350026767828 -1.77721712187e-15)
(-0.268531996124 -0.322192698 1.26110550846e-16)
(-0.271503046279 -0.334223756634 0)
(-0.234863800295 -0.345622644349 0)
(-0.278318487599 -0.310237717741 -1.13116572574e-17)
(-0.14808467919 -0.193656052949 1.05338467145e-16)
(-0.0283044517258 -0.403022372347 -2.86578144123e-15)
(0.011992659415 -0.269968843655 2.06741787534e-15)
(0.0142660511262 -0.335267944693 1.90096820745e-15)
(0.020223401729 -0.354473620719 0)
(0.0704372550967 -0.297277041849 0)
(0.0864256448073 -0.259903235027 -1.58299908324e-15)
(0.104131595625 -0.244502921897 -8.79079204716e-16)
(0.310048852421 0.0644136146041 1.48464917639e-15)
(0.310036721772 -0.0923311532566 2.47498190861e-15)
(0.341016635334 0.0224076672524 -3.38081398793e-15)
(0.303826455765 0.119345303264 -2.6900198137e-15)
(-0.352783008539 -0.174822554341 1.7202771697e-16)
(0.32547965448 0.0413574795601 2.13213000279e-15)
(-0.399473653124 0.0701086430253 -2.27507188749e-15)
(0.323843646091 0.0196445888782 5.05101429458e-15)
(-0.231747900527 -0.245987865429 -1.20787154851e-17)
(0.307365951909 -0.00227737967399 0)
(-0.0137163066532 -0.340235591218 0)
(-0.0387878784492 -0.362897302504 5.12799730665e-16)
(-0.0194709697912 -0.348758463282 1.49236395464e-15)
(-0.00945119804402 -0.320491901383 -9.70230743234e-16)
(0.0542161373826 -0.312885108445 4.36233046712e-15)
(0.0248261526487 -0.340476993704 -4.38703314122e-16)
(0.145555850746 -0.197539187667 8.03141110353e-17)
(0.129694350035 -0.21379873652 0)
(0.167109175638 -0.185181857144 -7.72614411901e-16)
(0.18376884868 -0.167970831042 6.83213650788e-16)
(-0.33797734525 -0.242856464933 -3.64005119579e-16)
(0.111419736685 -0.222722343634 0)
(0.0287141426576 -0.32352001784 -1.43520992219e-15)
(-0.247255576153 0.158876041283 -1.22345366453e-16)
(-0.38320146048 0.147711981106 -8.64118602753e-16)
(0.370569111331 0.0823598654872 0)
(0.308794072535 0.145702911807 3.21140249022e-15)
(-0.371175256809 0.169377526856 -1.60966087415e-15)
(0.290146949222 0.174006577199 0)
(-0.260342960977 -0.246110211354 1.5231551989e-16)
(-0.0633036307511 -0.356766025603 1.02966495786e-16)
(0.0754738206903 -0.271042311142 -4.38870138153e-16)
(0.0256560064351 -0.304169765651 0)
(0.0764812544351 -0.258518195732 -1.19207531001e-15)
(0.0938685705167 -0.274653347227 -2.29960119653e-15)
(0.254766289348 -0.124430250205 -9.84439641036e-16)
(-0.380751779068 -0.149084885861 6.71382426452e-16)
(0.393865100065 0.00170824830443 3.57577806126e-16)
(-0.415240218207 -0.0337618899753 -5.46869683428e-16)
(-0.366901036376 -0.192636006195 4.6928932178e-16)
(0.295169604558 -0.0989323851004 -2.40252534599e-15)
(0.342328666746 0.0381598149642 3.41439718957e-15)
(-0.230210661188 0.178264015604 2.96890246405e-16)
(-0.303967398342 0.177697698208 -3.90700380073e-16)
(-0.360803920787 -0.135309788912 0)
(-0.387990260818 -0.00380312852249 -1.98952991477e-15)
(0.321067313671 0.144837915055 -1.85840910365e-15)
(-0.37495806959 0.166731119354 0)
(0.305254289443 0.186150624094 2.07019952137e-16)
(-0.347185892265 0.193309745373 0)
(-0.396911978847 0.0582786594947 0)
(-0.207266219808 0.171849447193 5.74835533291e-17)
(-0.362266027672 -0.11928293985 -1.06443796498e-15)
(0.315124638642 0.161000956382 0)
(-0.36297267206 0.180434385497 6.14567588643e-16)
(-0.250173249601 -0.224022060384 -2.1015703947e-18)
(-0.0634174645155 -0.346887020291 -2.0255601141e-15)
(0.021649653462 -0.320374346379 0)
(0.101857803281 -0.239114186082 0)
(0.0957255259268 -0.261195456202 1.30092432053e-15)
(0.0808973675681 -0.283794419143 -1.10475914358e-15)
(0.217515542079 0.238953227506 0)
(-0.411161551186 0.0687527004489 2.43931764563e-16)
(0.253925562048 -0.0734674740358 0)
(-0.167119366157 0.144949121079 -4.83214549518e-17)
(0.188087246694 0.236306565526 -4.63387034028e-16)
(0.29686955284 -0.0964851373875 1.37313531706e-15)
(-0.391374936713 0.0334127067115 0)
(0.284646714176 -0.0571380089937 0)
(0.323999658087 0.0500351936882 -5.00189780076e-16)
(0.288101292492 -0.0893069243461 1.56783931953e-15)
(-0.214015174349 0.156457308335 -8.33084934773e-17)
(-0.376780839434 -0.136690445059 0)
(-0.372539299413 0.129299798958 0)
(0.313413638609 0.134745496158 1.47857901245e-15)
(0.325134048975 0.152640145783 1.26198678995e-15)
(-0.370624956114 0.169808761703 -6.60686375736e-16)
(0.107617255298 -0.0638709822143 9.51097472262e-17)
(-0.0524280607533 0.0513799571584 1.61194591438e-17)
(0.0818762805346 0.150853525855 0)
(-0.0955547698689 -0.0984950470825 2.14982095529e-16)
(0.305530554655 -0.0612576647004 0)
(-0.34555963293 0.132542187621 1.20164467912e-15)
(-0.401704243705 0.0179172871658 1.9036012548e-15)
(-0.339557186946 0.0729857290024 3.53879924349e-16)
(0.323157979467 0.0115746032668 0)
(0.199622307747 -0.167357913658 -1.1197962448e-17)
(-0.37438570561 -0.114273269246 -9.48611677855e-16)
(-0.0873615659305 -0.104480333597 -1.40112272236e-16)
(0.0920113026162 0.148323757329 -1.05792197328e-16)
(0.177683129344 -0.0380771074627 -9.4238093077e-17)
(-0.0491263250635 0.0498041046658 -3.61809529889e-18)
(-0.330872899001 -0.251722313896 -5.40003705169e-17)
(0.245326123417 -0.129686709348 1.25485985306e-15)
(0.260004795324 -0.0964336050653 -1.86511218868e-15)
(0.0891434745256 -0.222414852387 0)
(-0.0514149108348 -0.361743366818 0)
(0.0406448766271 -0.295406136006 2.67171414909e-17)
(0.0741157013677 -0.281554153207 -1.9277592445e-15)
(0.11010158179 -0.258304112617 -1.12990993555e-15)
(0.104052224702 -0.217436003602 0)
(0.0348380560399 -0.312975542587 3.29556706695e-15)
(0.280014921608 -0.0853069835332 -1.94546651069e-15)
(0.330674744742 -0.0601529864789 5.55999928596e-17)
(-0.361073374242 0.137191745341 -1.12488975161e-15)
(0.118217985971 -0.196625574375 0)
(0.161946315048 -0.164003333915 3.5315476141e-16)
(0.139420347965 -0.183444878058 0)
(0.201760935547 -0.140342962693 0)
(0.183152693173 -0.158713189372 -3.36977812155e-16)
(-0.0121183976997 -0.36508753223 -4.91893351512e-16)
(0.053640627192 -0.315388326958 -2.80768764197e-15)
(-0.0101984346737 -0.347055504758 1.60914353591e-15)
(-0.00284511778848 -0.334787978139 3.08665116396e-15)
(-0.0305112604887 -0.346686762195 -1.05761443576e-15)
(0.0394784590672 -0.3182103986 2.83806973099e-15)
(0.33634715629 0.145094797036 1.08606221514e-15)
(-0.362470429994 0.158268364353 0)
(-0.303138429775 -0.226882228372 -1.10737752855e-16)
(0.350737922292 0.0150997968299 -2.19136902843e-15)
(0.35110858173 0.0442846171199 2.03535270543e-15)
(-0.215696104023 -0.197629033583 0)
(-0.383467310188 -0.125209500107 0)
(-0.383656437198 -0.141689548013 0)
(-0.426417595481 0.0168492271136 0)
(0.141826440546 -0.0730124439909 0)
(-0.0610315196609 0.0604617498037 -7.61556792716e-18)
(0.10505179311 0.157186629981 8.76373606972e-17)
(-0.110406298368 -0.114457241462 5.44225126547e-17)
(0.2034326073 -0.159839913922 -8.34670914047e-16)
(0.339346648662 0.0545919091021 2.05050258971e-18)
(0.322455925429 -0.0541863340203 1.9090154762e-15)
(0.327158244368 0.127161372509 -1.38798803978e-15)
(0.331727026944 0.131883763239 1.49723184172e-15)
(-0.381429921039 0.154798723679 0)
(0.338182076107 0.00855689523601 1.1782458981e-15)
(-0.231887014824 -0.238049356718 -3.01391252125e-17)
(-0.208422540368 -0.20352825368 2.73749640911e-17)
(-0.325652645404 -0.236031491151 -1.84423562662e-16)
(-0.416743417954 0.0244692183109 -6.14665476659e-16)
(-0.0346299643474 -0.427856343838 1.08831653753e-15)
(-0.0257974086503 -0.432248307623 -1.08831653753e-15)
(-0.188300825963 -0.28432031145 5.9761877829e-17)
(-0.187341666279 -0.30073112352 0)
(0.00208335435321 -0.399192391036 1.30629760721e-15)
(0.00656400071952 -0.391029015504 -1.30629760721e-15)
(-0.0787373132375 -0.0890470992353 -4.61153197626e-16)
(-0.0875785454845 -0.108263472938 4.65972902213e-16)
(-0.164767075379 -0.452631817796 0)
(-0.190179852036 -0.442671262634 0)
(-0.118708331859 -0.445425234456 -1.83590678297e-16)
(-0.142198130818 -0.441840741795 1.83590678297e-16)
(0.0607677817416 -0.364603789994 0)
(0.044617505784 -0.34593402589 -5.620302604e-16)
(0.014652110056 -0.290151954385 0)
(0.0237478416159 -0.327323845752 0)
(0.411529493111 0.0242393433227 1.03594299894e-15)
(0.407772343888 0.0140946240949 9.75912757574e-16)
(0.237990461332 0.157605612266 2.55877785908e-16)
(0.248751388612 0.155715485601 -2.23344428334e-17)
(0.37373877131 -0.0220973995816 -2.29785744989e-15)
(0.371995628127 -0.0404802494205 0)
(0.093567573625 0.12225037438 -2.70905612187e-17)
(0.113250895054 0.138421967124 2.70905612187e-17)
(0.353015914377 0.109908515184 0)
(0.345216221772 0.124553712659 -1.09835512721e-15)
(0.375811462421 0.0847572426661 1.64224622176e-15)
(0.376257245469 0.0946341068311 -3.29079067916e-15)
(0.313732950497 -0.044144788588 3.78003712312e-15)
(0.298779084865 -0.0339101705519 0)
(0.293251260189 -0.0187315818156 0)
(0.294496347559 -0.0761137252542 -1.57109338619e-15)
)
;

boundaryField
{
    bottomWall
    {
        type            noSlip;
    }
    leftWall
    {
        type            noSlip;
    }
    rightWall
    {
        type            noSlip;
    }
    movingTop
    {
        type            fixedValue;
        value           uniform (1 0 0);
    }
    front
    {
        type            empty;
    }
    back
    {
        type            empty;
    }
}


// ************************************************************************* //
