time,step,deltaT,maxCo,residualIntegral,minT,maxT,amplitude
0.0002743902439024376,1.0,0.000274390243902,0.45,,-0.977975432333,0.977975432333,0.977975432333
0.0005487804878048752,2.0,0.000274390243902,0.45,,-0.956424442957,0.956424442957,0.956424442957
0.0008231707317073128,3.0,0.000274390243902,0.45,,-0.935337108226,0.935337108226,0.935337108226
0.0010975609756097504,4.0,0.000274390243902,0.45,,-0.914703706449,0.914703706449,0.914703706449
0.0013719512195121879,5.0,0.000274390243902,0.45,,-0.894514713922,0.894514713922,0.894514713922
0.0016463414634146256,6.0,0.000274390243902,0.45,,-0.874760801038,0.874760801038,0.874760801038
0.0019207317073170632,7.0,0.000274390243902,0.45,,-0.855432828462,0.855432828462,0.855432828462
0.0021951219512195007,8.0,0.000274390243902,0.45,,-0.836521843388,0.836521843388,0.836521843388
0.0024695121951219382,9.0,0.000274390243902,0.45,,-0.818019075854,0.818019075854,0.818019075854
0.0027439024390243758,10.0,0.000274390243902,0.45,,-0.799915935141,0.799915935141,0.799915935141
0.0030182926829268133,11.0,0.000274390243902,0.45,,-0.782204006226,0.782204006226,0.782204006226
0.0032926829268292513,12.0,0.000274390243902,0.45,,-0.764875046314,0.764875046314,0.764875046314
0.003567073170731689,13.0,0.000274390243902,0.45,,-0.747920981428,0.747920981428,0.747920981428
0.0038414634146341263,14.0,0.000274390243902,0.45,,-0.731333903064,0.731333903064,0.731333903064
0.004115853658536564,15.0,0.000274390243902,0.45,,-0.715106064917,0.715106064917,0.715106064917
0.004390243902439001,16.0,0.000274390243902,0.45,,-0.699229879657,0.699229879657,0.699229879657
0.004664634146341439,17.0,0.000274390243902,0.45,,-0.683697915778,0.683697915778,0.683697915778
0.0049390243902438765,18.0,0.000274390243902,0.45,,-0.668502894498,0.668502894498,0.668502894498
0.005213414634146314,19.0,0.000274390243902,0.45,,-0.653637686727,0.653637686727,0.653637686727
0.0054878048780487515,20.0,0.000274390243902,0.45,,-0.639095310081,0.639095310081,0.639095310081
0.005762195121951189,21.0,0.000274390243902,0.45,,-0.624868925967,0.624868925967,0.624868925967
0.006036585365853627,22.0,0.000274390243902,0.45,,-0.61095183671,0.61095183671,0.61095183671
0.006310975609756064,23.0,0.000274390243902,0.45,,-0.597337482746,0.597337482746,0.597337482746
0.0065853658536585025,24.0,0.000274390243902,0.45,,-0.584019439865,0.584019439865,0.584019439865
0.00685975609756094,25.0,0.000274390243902,0.45,,-0.5709914165,0.5709914165,0.5709914165
0.007134146341463378,26.0,0.000274390243902,0.45,,-0.558247251082,0.558247251082,0.558247251082
0.007408536585365815,27.0,0.000274390243902,0.45,,-0.545780909432,0.545780909432,0.545780909432
0.007682926829268253,28.0,0.000274390243902,0.45,,-0.533586482215,0.533586482215,0.533586482215
0.00795731707317069,29.0,0.000274390243902,0.45,,-0.52165818243,0.52165818243,0.52165818243
0.008231707317073128,30.0,0.000274390243902,0.45,,-0.509990342962,0.509990342962,0.509990342962
0.008506097560975565,31.0,0.000274390243902,0.45,,-0.498577414174,0.498577414174,0.498577414174
0.008780487804878003,32.0,0.000274390243902,0.45,,-0.487413961542,0.487413961542,0.487413961542
0.00905487804878044,33.0,0.000274390243902,0.45,,-0.476494663345,0.476494663345,0.476494663345
0.009329268292682878,34.0,0.000274390243902,0.45,,-0.465814308393,0.465814308393,0.465814308393
0.009603658536585315,35.0,0.000274390243902,0.45,,-0.455367793802,0.455367793802,0.455367793802
0.009878048780487753,36.0,0.000274390243902,0.45,,-0.445150122808,0.445150122808,0.445150122808
0.01015243902439019,37.0,0.000274390243902,0.45,,-0.435156402629,0.435156402629,0.435156402629
0.010426829268292628,38.0,0.000274390243902,0.45,,-0.425381842367,0.425381842367,0.425381842367
0.010701219512195066,39.0,0.000274390243902,0.45,,-0.415821750947,0.415821750947,0.415821750947
0.010975609756097503,40.0,0.000274390243902,0.45,,-0.406471535101,0.406471535101,0.406471535101
0.01124999999999994,41.0,0.000274390243902,0.45,,-0.397326697388,0.397326697388,0.397326697388
0.011524390243902378,42.0,0.000274390243902,0.45,,-0.388382834254,0.388382834254,0.388382834254
0.011798780487804816,43.0,0.000274390243902,0.45,,-0.379635634131,0.379635634131,0.379635634131
0.012073170731707253,44.0,0.000274390243902,0.45,,-0.371080875572,0.371080875572,0.371080875572
0.01234756097560969,45.0,0.000274390243902,0.45,,-0.362714425417,0.362714425417,0.362714425417
0.012621951219512128,46.0,0.000274390243902,0.45,,-0.354807400313,0.354807400313,0.354807400313
0.012896341463414566,47.0,0.000274390243902,0.45,,-0.347180497695,0.347180497695,0.347180497695
0.013170731707317005,48.0,0.000274390243902,0.45,,-0.339713361555,0.339713361555,0.339713361555
0.013445121951219443,49.0,0.000274390243902,0.45,,-0.332402741723,0.332402741723,0.332402741723
0.01371951219512188,50.0,0.000274390243902,0.45,,-0.325245451858,0.325245451858,0.325245451858
0.013993902439024318,51.0,0.000274390243902,0.45,,-0.31823836825,0.31823836825,0.31823836825
0.014268292682926755,52.0,0.000274390243902,0.45,,-0.311378428646,0.311378428646,0.311378428646
0.014542682926829193,53.0,0.000274390243902,0.45,,-0.304662631091,0.304662631091,0.304662631091
0.01481707317073163,54.0,0.000274390243902,0.45,,-0.298088032795,0.298088032795,0.298088032795
0.015091463414634068,55.0,0.000274390243902,0.45,,-0.291651749016,0.291651749016,0.291651749016
0.015365853658536505,56.0,0.000274390243902,0.45,,-0.285350951966,0.285350951966,0.285350951966
0.01564024390243894,57.0,0.000274390243902,0.45,,-0.279182869731,0.279182869731,0.279182869731
0.01591463414634138,58.0,0.000274390243902,0.45,,-0.27314478522,0.27314478522,0.27314478522
0.016189024390243816,59.0,0.000274390243902,0.45,,-0.267234035121,0.267234035121,0.267234035121
0.016463414634146255,60.0,0.000274390243902,0.45,,-0.261448008886,0.261448008886,0.261448008886
0.01673780487804869,61.0,0.000274390243902,0.45,,-0.255784147725,0.255784147725,0.255784147725
0.01701219512195113,62.0,0.000274390243902,0.45,,-0.250239943625,0.250239943625,0.250239943625
0.017286585365853566,63.0,0.000274390243902,0.45,,-0.244812938384,0.244812938384,0.244812938384
0.017560975609756006,64.0,0.000274390243902,0.45,,-0.239500722661,0.239500722661,0.239500722661
0.017835365853658445,65.0,0.000274390243902,0.45,,-0.234300935047,0.234300935047,0.234300935047
0.01810975609756088,66.0,0.000274390243902,0.45,,-0.229211261145,0.229211261145,0.229211261145
0.01838414634146332,67.0,0.000274390243902,0.45,,-0.224229432679,0.224229432679,0.224229432679
0.018658536585365756,68.0,0.000274390243902,0.45,,-0.219353226604,0.219353226604,0.219353226604
0.018932926829268195,69.0,0.000274390243902,0.45,,-0.214580464247,0.214580464247,0.214580464247
0.01920731707317063,70.0,0.000274390243902,0.45,,-0.209909010452,0.209909010452,0.209909010452
0.01948170731707307,71.0,0.000274390243902,0.45,,-0.205336772745,0.205336772745,0.205336772745
0.019756097560975506,72.0,0.000274390243902,0.45,,-0.200861700517,0.200861700517,0.200861700517
0.020030487804877945,73.0,0.000274390243902,0.45,,-0.196481784216,0.196481784216,0.196481784216
0.02030487804878038,74.0,0.000274390243902,0.45,,-0.19219505456,0.19219505456,0.19219505456
0.02057926829268282,75.0,0.000274390243902,0.45,,-0.187999581757,0.187999581757,0.187999581757
0.020853658536585256,76.0,0.000274390243902,0.45,,-0.183893474747,0.183893474747,0.183893474747
0.021128048780487695,77.0,0.000274390243902,0.45,,-0.179874880453,0.179874880453,0.179874880453
0.02140243902439013,78.0,0.000274390243902,0.45,,-0.175941983045,0.175941983045,0.175941983045
0.02167682926829257,79.0,0.000274390243902,0.45,,-0.172093003224,0.172093003224,0.172093003224
0.021951219512195006,80.0,0.000274390243902,0.45,,-0.168326197508,0.168326197508,0.168326197508
0.022225609756097445,81.0,0.000274390243902,0.45,,-0.164639857546,0.164639857546,0.164639857546
0.02249999999999988,82.0,0.000274390243902,0.45,,-0.161032309428,0.161032309428,0.161032309428
0.02277439024390232,83.0,0.000274390243902,0.45,,-0.157501913024,0.157501913024,0.157501913024
0.023048780487804756,84.0,0.000274390243902,0.45,,-0.15404706132,0.15404706132,0.15404706132
0.023323170731707196,85.0,0.000274390243902,0.45,,-0.150666179779,0.150666179779,0.150666179779
0.02359756097560963,86.0,0.000274390243902,0.45,,-0.147357725707,0.147357725707,0.147357725707
0.02387195121951207,87.0,0.000274390243902,0.45,,-0.144120187631,0.144120187631,0.144120187631
0.024146341463414506,88.0,0.000274390243902,0.45,,-0.14095208469,0.14095208469,0.14095208469
0.024420731707316946,89.0,0.000274390243902,0.45,,-0.13785196604,0.13785196604,0.13785196604
0.02469512195121938,90.0,0.000274390243902,0.45,,-0.134818410264,0.134818410264,0.134818410264
0.02496951219512182,91.0,0.000274390243902,0.45,,-0.131850024795,0.131850024795,0.131850024795
0.025243902439024257,92.0,0.000274390243902,0.45,,-0.128945445357,0.128945445357,0.128945445357
0.025518292682926696,93.0,0.000274390243902,0.45,,-0.126103335405,0.126103335405,0.126103335405
0.02579268292682913,94.0,0.000274390243902,0.45,,-0.123322385581,0.123322385581,0.123322385581
0.02606707317073157,95.0,0.000274390243902,0.45,,-0.120601313183,0.120601313183,0.120601313183
0.02634146341463401,96.0,0.000274390243902,0.45,,-0.117938861642,0.117938861642,0.117938861642
0.026615853658536446,97.0,0.000274390243902,0.45,,-0.115333800001,0.115333800001,0.115333800001
0.026890243902438885,98.0,0.000274390243902,0.45,,-0.112784922418,0.112784922418,0.112784922418
0.02716463414634132,99.0,0.000274390243902,0.45,,-0.110291047669,0.110291047669,0.110291047669
0.02743902439024376,100.0,0.000274390243902,0.45,,-0.10785101866,0.10785101866,0.10785101866
0.027713414634146196,101.0,0.000274390243902,0.45,,-0.105463701954,0.105463701954,0.105463701954
0.027987804878048635,102.0,0.000274390243902,0.45,,-0.1031279873,0.1031279873,0.1031279873
0.02826219512195107,103.0,0.000274390243902,0.45,,-0.100842787178,0.100842787178,0.100842787178
0.02853658536585351,104.0,0.000274390243902,0.45,,-0.098607036348,0.098607036348,0.098607036348
0.028810975609755946,105.0,0.000274390243902,0.45,,-0.0964196914061,0.0964196914061,0.0964196914061
0.029085365853658385,106.0,0.000274390243902,0.45,,-0.0942797303552,0.0942797303552,0.0942797303552
0.02935975609756082,107.0,0.000274390243902,0.45,,-0.0921861521784,0.0921861521784,0.0921861521784
0.02963414634146326,108.0,0.000274390243902,0.45,,-0.0901379764223,0.0901379764223,0.0901379764223
0.029908536585365696,109.0,0.000274390243902,0.45,,-0.0881342427888,0.0881342427888,0.0881342427888
0.030182926829268136,110.0,0.000274390243902,0.45,,-0.0861740107341,0.0861740107341,0.0861740107341
0.03045731707317057,111.0,0.000274390243902,0.45,,-0.0842563590748,0.0842563590748,0.0842563590748
0.03073170731707301,112.0,0.000274390243902,0.45,,-0.0823803856031,0.0823803856031,0.0823803856031
0.031006097560975446,113.0,0.000274390243902,0.45,,-0.0805452067076,0.0805452067076,0.0805452067076
0.03128048780487788,114.0,0.000274390243902,0.45,,-0.0787499570026,0.0787499570026,0.0787499570026
0.03155487804878032,115.0,0.000274390243902,0.45,,-0.0769937889637,0.0769937889637,0.0769937889637
0.03182926829268276,116.0,0.000274390243902,0.45,,-0.0752758725713,0.0752758725713,0.0752758725713
0.0321036585365852,117.0,0.000274390243902,0.45,,-0.0735953949598,0.0735953949598,0.0735953949598
0.03237804878048763,118.0,0.000274390243902,0.45,,-0.0719515600747,0.0719515600747,0.0719515600747
0.03265243902439007,119.0,0.000274390243902,0.45,,-0.0703435883352,0.0703435883352,0.0703435883352
0.03292682926829251,120.0,0.000274390243902,0.45,,-0.0687707163044,0.0687707163044,0.0687707163044
0.03320121951219495,121.0,0.000274390243902,0.45,,-0.0672321963648,0.0672321963648,0.0672321963648
0.03347560975609738,122.0,0.000274390243902,0.45,,-0.0657272964011,0.0657272964011,0.0657272964011
0.03374999999999982,123.0,0.000274390243902,0.45,,-0.064255299488,0.064255299488,0.064255299488
0.03402439024390226,124.0,0.000274390243902,0.45,,-0.0628155035851,0.0628155035851,0.0628155035851
0.0342987804878047,125.0,0.000274390243902,0.45,,-0.0614072212373,0.0614072212373,0.0614072212373
0.03457317073170713,126.0,0.000274390243902,0.45,,-0.0600297792806,0.0600297792806,0.0600297792806
0.03484756097560957,127.0,0.000274390243902,0.45,,-0.058682518554,0.058682518554,0.058682518554
0.03512195121951201,128.0,0.000274390243902,0.45,,-0.0573647936173,0.0573647936173,0.0573647936173
0.03539634146341445,129.0,0.000274390243902,0.45,,-0.0560759724738,0.0560759724738,0.0560759724738
0.03567073170731689,130.0,0.000274390243902,0.45,,-0.0548154362987,0.0548154362987,0.0548154362987
0.03594512195121932,131.0,0.000274390243902,0.45,,-0.0535825791727,0.0535825791727,0.0535825791727
0.03621951219512176,132.0,0.000274390243902,0.45,,-0.0523768078208,0.0523768078208,0.0523768078208
0.0364939024390242,133.0,0.000274390243902,0.45,,-0.0511975413561,0.0511975413561,0.0511975413561
0.03676829268292664,134.0,0.000274390243902,0.45,,-0.0500442110293,0.0500442110293,0.0500442110293
0.03704268292682907,135.0,0.000274390243902,0.45,,-0.0489162599817,0.0489162599817,0.0489162599817
0.03731707317073151,136.0,0.000274390243902,0.45,,-0.0478193764994,0.0478193764994,0.0478193764994
0.03759146341463395,137.0,0.000274390243902,0.45,,-0.046791794821,0.046791794821,0.046791794821
0.03786585365853639,138.0,0.000274390243902,0.45,,-0.0457857308482,0.0457857308482,0.0457857308482
0.03814024390243882,139.0,0.000274390243902,0.45,,-0.0448007470261,0.0448007470261,0.0448007470261
0.03841463414634126,140.0,0.000274390243902,0.45,,-0.0438364143884,0.0438364143884,0.0438364143884
0.0386890243902437,141.0,0.000274390243902,0.45,,-0.0428923123965,0.0428923123965,0.0428923123965
0.03896341463414614,142.0,0.000274390243902,0.45,,-0.0419680287809,0.0419680287809,0.0419680287809
0.03923780487804857,143.0,0.000274390243902,0.45,,-0.0410631593859,0.0410631593859,0.0410631593859
0.03951219512195101,144.0,0.000274390243902,0.45,,-0.0401773080173,0.0401773080173,0.0401773080173
0.03978658536585345,145.0,0.000274390243902,0.45,,-0.0393100862918,0.0393100862918,0.0393100862918
0.04006097560975589,146.0,0.000274390243902,0.45,,-0.0384611134901,0.0384611134901,0.0384611134901
0.04033536585365832,147.0,0.000274390243902,0.45,,-0.0376300164122,0.0376300164122,0.0376300164122
0.04060975609756076,148.0,0.000274390243902,0.45,,-0.036816429235,0.036816429235,0.036816429235
0.0408841463414632,149.0,0.000274390243902,0.45,,-0.0360199933725,0.0360199933725,0.0360199933725
0.04115853658536564,150.0,0.000274390243902,0.45,,-0.0352403573394,0.0352403573394,0.0352403573394
0.04143292682926807,151.0,0.000274390243902,0.45,,-0.0344771766158,0.0344771766158,0.0344771766158
0.04170731707317051,152.0,0.000274390243902,0.45,,-0.0337301135148,0.0337301135148,0.0337301135148
0.04198170731707295,153.0,0.000274390243902,0.45,,-0.0329988370532,0.0329988370532,0.0329988370532
0.04225609756097539,154.0,0.000274390243902,0.45,,-0.0322830228234,0.0322830228234,0.0322830228234
0.04253048780487782,155.0,0.000274390243902,0.45,,-0.0315823528682,0.0315823528682,0.0315823528682
0.04280487804878026,156.0,0.000274390243902,0.45,,-0.030896515558,0.030896515558,0.030896515558
0.0430792682926827,157.0,0.000274390243902,0.45,,-0.0302252054697,0.0302252054697,0.0302252054697
0.04335365853658514,158.0,0.000274390243902,0.45,,-0.0295681232682,0.0295681232682,0.0295681232682
0.04362804878048757,159.0,0.000274390243902,0.45,,-0.0289249755898,0.0289249755898,0.0289249755898
0.04390243902439001,160.0,0.000274390243902,0.45,,-0.0282954749278,0.0282954749278,0.0282954749278
0.04417682926829245,161.0,0.000274390243902,0.45,,-0.0276793395204,0.0276793395204,0.0276793395204
0.04445121951219489,162.0,0.000274390243902,0.45,,-0.0270762932403,0.0270762932403,0.0270762932403
0.04472560975609733,163.0,0.000274390243902,0.45,,-0.0264860654861,0.0264860654861,0.0264860654861
0.04499999999999976,164.0,0.000274390243902,0.45,,-0.0259083910766,0.0259083910766,0.0259083910766
0.0452743902439022,165.0,0.000274390243902,0.45,,-0.0253430101459,0.0253430101459,0.0253430101459
0.04554878048780464,166.0,0.000274390243902,0.45,,-0.0247896680413,0.0247896680413,0.0247896680413
0.04582317073170708,167.0,0.000274390243902,0.45,,-0.0242481152226,0.0242481152226,0.0242481152226
0.04609756097560951,168.0,0.000274390243902,0.45,,-0.0237181071632,0.0237181071632,0.0237181071632
0.04637195121951195,169.0,0.000274390243902,0.45,,-0.0231994042534,0.0231994042534,0.0231994042534
0.04664634146341439,170.0,0.000274390243902,0.45,,-0.0226917717051,0.0226917717051,0.0226917717051
0.04692073170731683,171.0,0.000274390243902,0.45,,-0.0221949794584,0.0221949794584,0.0221949794584
0.04719512195121926,172.0,0.000274390243902,0.45,,-0.0217088020902,0.0217088020902,0.0217088020902
0.0474695121951217,173.0,0.000274390243902,0.45,,-0.0212330187236,0.0212330187236,0.0212330187236
0.04774390243902414,174.0,0.000274390243902,0.45,,-0.0207674129403,0.0207674129403,0.0207674129403
0.04801829268292658,175.0,0.000274390243902,0.45,,-0.0203117726933,0.0203117726933,0.0203117726933
0.04829268292682901,176.0,0.000274390243902,0.45,,-0.0198658902222,0.0198658902222,0.0198658902222
0.04856707317073145,177.0,0.000274390243902,0.45,,-0.0194295619693,0.0194295619693,0.0194295619693
0.04884146341463389,178.0,0.000274390243902,0.45,,-0.0190025884982,0.0190025884982,0.0190025884982
0.04911585365853633,179.0,0.000274390243902,0.45,,-0.0185847744128,0.0185847744128,0.0185847744128
0.04939024390243876,180.0,0.000274390243902,0.45,,-0.0181759282787,0.0181759282787,0.0181759282787
0.0496646341463412,181.0,0.000274390243902,0.45,,-0.0177758625454,0.0177758625454,0.0177758625454
0.04993902439024364,182.0,0.000274390243902,0.45,,-0.0173843934708,0.0173843934708,0.0173843934708
0.05021341463414608,183.0,0.000274390243902,0.45,,-0.017001341046,0.017001341046,0.017001341046
0.05048780487804851,184.0,0.000274390243902,0.45,,-0.0166265289226,0.0166265289226,0.0166265289226
0.05076219512195095,185.0,0.000274390243902,0.45,,-0.0162597843404,0.0162597843404,0.0162597843404
0.05103658536585339,186.0,0.000274390243902,0.45,,-0.0159009380572,0.0159009380572,0.0159009380572
0.05131097560975583,187.0,0.000274390243902,0.45,,-0.0155498242796,0.0155498242796,0.0155498242796
0.05158536585365826,188.0,0.000274390243902,0.45,,-0.015206280595,0.015206280595,0.015206280595
0.0518597560975607,189.0,0.000274390243902,0.45,,-0.0148701479053,0.0148701479053,0.0148701479053
0.05213414634146314,190.0,0.000274390243902,0.45,,-0.014541270361,0.014541270361,0.014541270361
0.05240853658536558,191.0,0.000274390243902,0.45,,-0.0142194952977,0.0142194952977,0.0142194952977
0.05268292682926802,192.0,0.000274390243902,0.45,,-0.0139046731728,0.0139046731728,0.0139046731728
0.05295731707317045,193.0,0.000274390243902,0.45,,-0.0135966575041,0.0135966575041,0.0135966575041
0.05323170731707289,194.0,0.000274390243902,0.45,,-0.013295304809,0.013295304809,0.013295304809
0.05350609756097533,195.0,0.000274390243902,0.45,,-0.0130004745451,0.0130004745451,0.0130004745451
0.05378048780487777,196.0,0.000274390243902,0.45,,-0.0127120290521,0.0127120290521,0.0127120290521
0.0540548780487802,197.0,0.000274390243902,0.45,,-0.0124298334948,0.0124298334948,0.0124298334948
0.05432926829268264,198.0,0.000274390243902,0.45,,-0.0121537558065,0.0121537558065,0.0121537558065
0.05460365853658508,199.0,0.000274390243902,0.45,,-0.0118836666344,0.0118836666344,0.0118836666344
0.05487804878048752,200.0,0.000274390243902,0.45,,-0.0116194392855,0.0116194392855,0.0116194392855
0.05515243902438995,201.0,0.000274390243902,0.45,,-0.0113609496738,0.0113609496738,0.0113609496738
0.05542682926829239,202.0,0.000274390243902,0.45,,-0.0111080762682,0.0111080762682,0.0111080762682
0.05570121951219483,203.0,0.000274390243902,0.45,,-0.0108607000418,0.0108607000418,0.0108607000418
0.05597560975609727,204.0,0.000274390243902,0.45,,-0.0106187044217,0.0106187044217,0.0106187044217
0.0562499999999997,205.0,0.000274390243902,0.45,,-0.0103819752401,0.0103819752401,0.0103819752401
0.05652439024390214,206.0,0.000274390243902,0.45,,-0.0101504006862,0.0101504006862,0.0101504006862
0.05679878048780458,207.0,0.000274390243902,0.45,,-0.00992387125942,0.00992387125942,0.00992387125942
0.05707317073170702,208.0,0.000274390243902,0.45,,-0.00970227972259,0.00970227972259,0.00970227972259
0.05734756097560945,209.0,0.000274390243902,0.45,,-0.00948552105704,0.00948552105704,0.00948552105704
0.05762195121951189,210.0,0.000274390243902,0.45,,-0.00927349241796,0.00927349241796,0.00927349241796
0.05789634146341433,211.0,0.000274390243902,0.45,,-0.00906609309085,0.00906609309085,0.00906609309085
0.05817073170731677,212.0,0.000274390243902,0.45,,-0.00886322444874,0.00886322444874,0.00886322444874
0.0584451219512192,213.0,0.000274390243902,0.45,,-0.00866478991025,0.00866478991025,0.00866478991025
0.05871951219512164,214.0,0.000274390243902,0.45,,-0.00847069489843,0.00847069489843,0.00847069489843
0.05899390243902408,215.0,0.000274390243902,0.45,,-0.00828084680048,0.00828084680048,0.00828084680048
0.05926829268292652,216.0,0.000274390243902,0.45,,-0.00809515492816,0.00809515492816,0.00809515492816
0.05954268292682895,217.0,0.000274390243902,0.45,,-0.00791353047903,0.00791353047903,0.00791353047903
0.05981707317073139,218.0,0.000274390243902,0.45,,-0.00773588649837,0.00773588649837,0.00773588649837
0.06009146341463383,219.0,0.000274390243902,0.45,,-0.00756213784196,0.00756213784196,0.00756213784196
0.06036585365853627,220.0,0.000274390243902,0.45,,-0.00739220113943,0.00739220113943,0.00739220113943
0.060640243902438704,221.0,0.000274390243902,0.45,,-0.00722599475847,0.00722599475847,0.00722599475847
0.06091463414634114,222.0,0.000274390243902,0.45,,-0.00706343876964,0.00706343876964,0.00706343876964
0.06118902439024358,223.0,0.000274390243902,0.45,,-0.00690445491189,0.00690445491189,0.00690445491189
0.06146341463414602,224.0,0.000274390243902,0.45,,-0.00674896655878,0.00674896655878,0.00674896655878
0.06173780487804846,225.0,0.000274390243902,0.45,,-0.00659689868533,0.00659689868533,0.00659689868533
0.06201219512195089,226.0,0.000274390243902,0.45,,-0.00644817783554,0.00644817783554,0.00644817783554
0.06228658536585333,227.0,0.000274390243902,0.45,,-0.00630641055485,0.00630641055485,0.00630641055485
0.06256097560975576,228.0,0.000274390243902,0.45,,-0.00617086192195,0.00617086192195,0.00617086192195
0.0628353658536582,229.0,0.000274390243902,0.45,,-0.00603815242105,0.00603815242105,0.00603815242105
0.06310975609756064,230.0,0.000274390243902,0.45,,-0.00590822430226,0.00590822430226,0.00590822430226
0.06338414634146308,231.0,0.000274390243902,0.45,,-0.00578102094961,0.00578102094961,0.00578102094961
0.06365853658536552,232.0,0.000274390243902,0.45,,-0.00565648685986,0.00565648685986,0.00565648685986
0.06393292682926796,233.0,0.000274390243902,0.45,,-0.00553456762155,0.00553456762155,0.00553456762155
0.0642073170731704,234.0,0.000274390243902,0.45,,-0.00541520989447,0.00541520989447,0.00541520989447
0.06448170731707284,235.0,0.000274390243902,0.45,,-0.00529836138952,0.00529836138952,0.00529836138952
0.06475609756097526,236.0,0.000274390243902,0.45,,-0.00518397084888,0.00518397084888,0.00518397084888
0.0650304878048777,237.0,0.000274390243902,0.45,,-0.00507198802654,0.00507198802654,0.00507198802654
0.06530487804878014,238.0,0.000274390243902,0.45,,-0.00496236366921,0.00496236366921,0.00496236366921
0.06557926829268258,239.0,0.000274390243902,0.45,,-0.00485504949751,0.00485504949751,0.00485504949751
0.06585365853658502,240.0,0.000274390243902,0.45,,-0.00474999818756,0.00474999818756,0.00474999818756
0.06612804878048746,241.0,0.000274390243902,0.45,,-0.00464716335286,0.00464716335286,0.00464716335286
0.0664024390243899,242.0,0.000274390243902,0.45,,-0.00454649952648,0.00454649952648,0.00454649952648
0.06667682926829234,243.0,0.000274390243902,0.45,,-0.00444796214359,0.00444796214359,0.00444796214359
0.06695121951219477,244.0,0.000274390243902,0.45,,-0.00435150752435,0.00435150752435,0.00435150752435
0.0672256097560972,245.0,0.000274390243902,0.45,,-0.00425709285697,0.00425709285697,0.00425709285697
0.06749999999999964,246.0,0.000274390243902,0.45,,-0.00416467618126,0.00416467618126,0.00416467618126
0.06777439024390208,247.0,0.000274390243902,0.45,,-0.0040742163723,0.0040742163723,0.0040742163723
0.06804878048780452,248.0,0.000274390243902,0.45,,-0.00398567312453,0.00398567312453,0.00398567312453
0.06832317073170696,249.0,0.000274390243902,0.45,,-0.00389900693605,0.00389900693605,0.00389900693605
0.0685975609756094,250.0,0.000274390243902,0.45,,-0.00381417909327,0.00381417909327,0.00381417909327
0.06887195121951184,251.0,0.000274390243902,0.45,,-0.00373115165575,0.00373115165575,0.00373115165575
0.06914634146341427,252.0,0.000274390243902,0.45,,-0.00364988744144,0.00364988744144,0.00364988744144
0.0694207317073167,253.0,0.000274390243902,0.45,,-0.00357035001205,0.00357035001205,0.00357035001205
0.06969512195121914,254.0,0.000274390243902,0.45,,-0.00349250365876,0.00349250365876,0.00349250365876
0.06996951219512158,255.0,0.000274390243902,0.45,,-0.00341631338823,0.00341631338823,0.00341631338823
0.07024390243902402,256.0,0.000274390243902,0.45,,-0.00334174490876,0.00334174490876,0.00334174490876
0.07051829268292646,257.0,0.000274390243902,0.45,,-0.00326876461679,0.00326876461679,0.00326876461679
0.0707926829268289,258.0,0.000274390243902,0.45,,-0.00319733958362,0.00319733958362,0.00319733958362
0.07106707317073134,259.0,0.000274390243902,0.45,,-0.00312743754235,0.00312743754235,0.00312743754235
0.07134146341463378,260.0,0.000274390243902,0.45,,-0.00305902687509,0.00305902687509,0.00305902687509
0.0716158536585362,261.0,0.000274390243902,0.45,,-0.00299207660041,0.00299207660041,0.00299207660041
0.07189024390243864,262.0,0.000274390243902,0.45,,-0.00292655636097,0.00292655636097,0.00292655636097
0.07216463414634108,263.0,0.000274390243902,0.45,,-0.00286243641145,0.00286243641145,0.00286243641145
0.07243902439024352,264.0,0.000274390243902,0.45,,-0.00279968760666,0.00279968760666,0.00279968760666
0.07271341463414596,265.0,0.000274390243902,0.45,,-0.00273828138985,0.00273828138985,0.00273828138985
0.0729878048780484,266.0,0.000274390243902,0.45,,-0.00267818978129,0.00267818978129,0.00267818978129
0.07326219512195084,267.0,0.000274390243902,0.45,,-0.00261938536702,0.00261938536702,0.00261938536702
0.07353658536585328,268.0,0.000274390243902,0.45,,-0.00256184128782,0.00256184128782,0.00256184128782
0.0738109756097557,269.0,0.000274390243902,0.45,,-0.00250553122842,0.00250553122842,0.00250553122842
0.07408536585365814,270.0,0.000274390243902,0.45,,-0.00245042940681,0.00245042940681,0.00245042940681
0.07435975609756058,271.0,0.000274390243902,0.45,,-0.00239651056391,0.00239651056391,0.00239651056391
0.07463414634146302,272.0,0.000274390243902,0.45,,-0.00234374995324,0.00234374995324,0.00234374995324
0.07490853658536546,273.0,0.000274390243902,0.45,,-0.00229212333097,0.00229212333097,0.00229212333097
0.0751829268292679,274.0,0.000274390243902,0.45,,-0.002241606946,0.002241606946,0.002241606946
0.07545731707317034,275.0,0.000274390243902,0.45,,-0.00219217753034,0.00219217753034,0.00219217753034
0.07573170731707278,276.0,0.000274390243902,0.45,,-0.00214381228961,0.00214381228961,0.00214381228961
0.0760060975609752,277.0,0.000274390243902,0.45,,-0.00209648889372,0.00209648889372,0.00209648889372
0.07628048780487764,278.0,0.000274390243902,0.45,,-0.00205018546775,0.00205018546775,0.00205018546775
0.07655487804878008,279.0,0.000274390243902,0.45,,-0.00200488058299,0.00200488058299,0.00200488058299
0.07682926829268252,280.0,0.000274390243902,0.45,,-0.00196055324815,0.00196055324815,0.00196055324815
0.07710365853658496,281.0,0.000274390243902,0.45,,-0.00191718290071,0.00191718290071,0.00191718290071
0.0773780487804874,282.0,0.000274390243902,0.45,,-0.0018747493985,0.0018747493985,0.0018747493985
0.07765243902438984,283.0,0.000274390243902,0.45,,-0.00183323301135,0.00183323301135,0.00183323301135
0.07792682926829228,284.0,0.000274390243902,0.45,,-0.00179261441297,0.00179261441297,0.00179261441297
0.0782012195121947,285.0,0.000274390243902,0.45,,-0.00175287467295,0.00175287467295,0.00175287467295
0.07847560975609714,286.0,0.000274390243902,0.45,,-0.00171399524892,0.00171399524892,0.00171399524892
0.07874999999999958,287.0,0.000274390243902,0.45,,-0.00167595797885,0.00167595797885,0.00167595797885
0.07902439024390202,288.0,0.000274390243902,0.45,,-0.00163874507354,0.00163874507354,0.00163874507354
0.07929878048780446,289.0,0.000274390243902,0.45,,-0.00160233910915,0.00160233910915,0.00160233910915
0.0795731707317069,290.0,0.000274390243902,0.45,,-0.00156672302001,0.00156672302001,0.00156672302001
0.07984756097560934,291.0,0.000274390243902,0.45,,-0.00153188009144,0.00153188009144,0.00153188009144
0.08012195121951178,292.0,0.000274390243902,0.45,,-0.00149779395279,0.00149779395279,0.00149779395279
0.08039634146341422,293.0,0.000274390243902,0.45,,-0.00146444857061,0.00146444857061,0.00146444857061
0.08067073170731665,294.0,0.000274390243902,0.45,,-0.00143182824186,0.00143182824186,0.00143182824186
0.08094512195121908,295.0,0.000274390243902,0.45,,-0.00139991758738,0.00139991758738,0.00139991758738
0.08121951219512152,296.0,0.000274390243902,0.45,,-0.0013687015454,0.0013687015454,0.0013687015454
0.08149390243902396,297.0,0.000274390243902,0.45,,-0.00133816536518,0.00133816536518,0.00133816536518
0.0817682926829264,298.0,0.000274390243902,0.45,,-0.00130829460082,0.00130829460082,0.00130829460082
0.08204268292682884,299.0,0.000274390243902,0.45,,-0.00127907510513,0.00127907510513,0.00127907510513
0.08231707317073128,300.0,0.000274390243902,0.45,,-0.00125049302365,0.00125049302365,0.00125049302365
0.08259146341463372,301.0,0.000274390243902,0.45,,-0.0012225347888,0.0012225347888,0.0012225347888
0.08286585365853615,302.0,0.000274390243902,0.45,,-0.00119518711411,0.00119518711411,0.00119518711411
0.08314024390243858,303.0,0.000274390243902,0.45,,-0.00116843698856,0.00116843698856,0.00116843698856
0.08341463414634102,304.0,0.000274390243902,0.45,,-0.00114227167108,0.00114227167108,0.00114227167108
0.08368902439024346,305.0,0.000274390243902,0.45,,-0.00111667868507,0.00111667868507,0.00111667868507
0.0839634146341459,306.0,0.000274390243902,0.45,,-0.00109164581314,0.00109164581314,0.00109164581314
0.08423780487804834,307.0,0.000274390243902,0.45,,-0.00106716109183,0.00106716109183,0.00106716109183
0.08451219512195078,308.0,0.000274390243902,0.45,,-0.00104321280653,0.00104321280653,0.00104321280653
0.08478658536585322,309.0,0.000274390243902,0.45,,-0.00101978948644,0.00101978948644,0.00101978948644
0.08506097560975565,310.0,0.000274390243902,0.45,,-0.000996879899652,0.000996879899652,0.000996879899652
0.08533536585365809,311.0,0.000274390243902,0.45,,-0.00097447304832,0.00097447304832,0.00097447304832
0.08560975609756052,312.0,0.000274390243902,0.45,,-0.00095255816394,0.00095255816394,0.00095255816394
0.08588414634146296,313.0,0.000274390243902,0.45,,-0.000931124702695,0.000931124702695,0.000931124702695
0.0861585365853654,314.0,0.000274390243902,0.45,,-0.000910162340913,0.000910162340913,0.000910162340913
0.08643292682926784,315.0,0.000274390243902,0.45,,-0.000889660970603,0.000889660970603,0.000889660970603
0.08670731707317028,316.0,0.000274390243902,0.45,,-0.00086961069508,0.000869610695079,0.0008696106950795001
0.08698170731707272,317.0,0.000274390243902,0.45,,-0.000850001824679,0.000850001824679,0.000850001824679
0.08725609756097515,318.0,0.000274390243902,0.45,,-0.000831686517808,0.000831686517808,0.000831686517808
0.08753048780487759,319.0,0.000274390243902,0.45,,-0.000813806293907,0.000813806293907,0.000813806293907
0.08780487804878002,320.0,0.000274390243902,0.45,,-0.000796300675467,0.000796300675467,0.000796300675467
0.08807926829268246,321.0,0.000274390243902,0.45,,-0.00077916204049,0.00077916204049,0.00077916204049
0.0883536585365849,322.0,0.000274390243902,0.45,,-0.000762382916697,0.000762382916697,0.000762382916697
0.08862804878048734,323.0,0.000274390243902,0.45,,-0.000745955978718,0.000745955978717,0.0007459559787175
0.08890243902438978,324.0,0.000274390243902,0.45,,-0.000729874045331,0.000729874045331,0.000729874045331
0.08917682926829222,325.0,0.000274390243902,0.45,,-0.000714130076751,0.000714130076751,0.000714130076751
0.08945121951219466,326.0,0.000274390243902,0.45,,-0.000698717171966,0.000698717171966,0.000698717171966
0.08972560975609709,327.0,0.000274390243902,0.45,,-0.000683628566119,0.000683628566119,0.000683628566119
0.08999999999999952,328.0,0.000274390243902,0.45,,-0.000668857627936,0.000668857627936,0.000668857627936
0.09027439024390196,329.0,0.000274390243902,0.45,,-0.000654397857205,0.000654397857205,0.000654397857205
0.0905487804878044,330.0,0.000274390243902,0.45,,-0.000640242882294,0.000640242882294,0.000640242882294
0.09082317073170684,331.0,0.000274390243902,0.45,,-0.000626386457714,0.000626386457714,0.000626386457714
0.09109756097560928,332.0,0.000274390243902,0.45,,-0.000612822461726,0.000612822461726,0.000612822461726
0.09137195121951172,333.0,0.000274390243902,0.45,,-0.000599544893996,0.000599544893996,0.000599544893996
0.09164634146341416,334.0,0.000274390243902,0.45,,-0.00058654787328,0.00058654787328,0.00058654787328
0.09192073170731659,335.0,0.000274390243902,0.45,,-0.000573825635166,0.000573825635166,0.000573825635166
0.09219512195121903,336.0,0.000274390243902,0.45,,-0.000561372529841,0.000561372529841,0.000561372529841
0.09246951219512146,337.0,0.000274390243902,0.45,,-0.000549183019909,0.000549183019909,0.000549183019909
0.0927439024390239,338.0,0.000274390243902,0.45,,-0.000537251678244,0.000537251678244,0.000537251678244
0.09301829268292634,339.0,0.000274390243902,0.45,,-0.000525573185885,0.000525573185885,0.000525573185885
0.09329268292682878,340.0,0.000274390243902,0.45,,-0.000514142329961,0.000514142329961,0.000514142329961
0.09356707317073122,341.0,0.000274390243902,0.45,,-0.000502954001665,0.000502954001665,0.000502954001665
0.09384146341463366,342.0,0.000274390243902,0.45,,-0.000492003194253,0.000492003194253,0.000492003194253
0.09411585365853609,343.0,0.000274390243902,0.45,,-0.000481285001092,0.000481285001092,0.000481285001092
0.09439024390243853,344.0,0.000274390243902,0.45,,-0.000470794613729,0.000470794613729,0.000470794613729
0.09466463414634096,345.0,0.000274390243902,0.45,,-0.00046052732001,0.00046052732001,0.00046052732001
0.0949390243902434,346.0,0.000274390243902,0.45,,-0.000450478502218,0.000450478502218,0.000450478502218
0.09521341463414584,347.0,0.000274390243902,0.45,,-0.000440643635262,0.000440643635262,0.000440643635262
0.09548780487804828,348.0,0.000274390243902,0.45,,-0.000431018284883,0.000431018284883,0.000431018284883
0.09576219512195072,349.0,0.000274390243902,0.45,,-0.000421598105903,0.000421598105903,0.000421598105903
0.09603658536585316,350.0,0.000274390243902,0.45,,-0.000412378840503,0.000412378840503,0.000412378840503
0.09631097560975559,351.0,0.000274390243902,0.45,,-0.000403356316531,0.000403356316531,0.000403356316531
0.09658536585365803,352.0,0.000274390243902,0.45,,-0.000394526445846,0.000394526445846,0.000394526445846
0.09685975609756046,353.0,0.000274390243902,0.45,,-0.000385885222686,0.000385885222686,0.000385885222686
0.0971341463414629,354.0,0.000274390243902,0.45,,-0.00037742872207,0.00037742872207,0.00037742872207
0.09740853658536534,355.0,0.000274390243902,0.45,,-0.000369153098231,0.000369153098231,0.000369153098231
0.09768292682926778,356.0,0.000274390243902,0.45,,-0.000361054583073,0.000361054583073,0.000361054583073
0.09795731707317022,357.0,0.000274390243902,0.45,,-0.000353129484662,0.000353129484662,0.000353129484662
0.09823170731707266,358.0,0.000274390243902,0.45,,-0.000345374185741,0.000345374185741,0.000345374185741
0.0985060975609751,359.0,0.000274390243902,0.45,,-0.000337785142272,0.000337785142272,0.000337785142272
0.09878048780487753,360.0,0.000274390243902,0.45,,-0.00033035888201,0.00033035888201,0.00033035888201
0.09905487804877997,361.0,0.000274390243902,0.45,,-0.000323092003101,0.000323092003101,0.000323092003101
0.0993292682926824,362.0,0.000274390243902,0.45,,-0.000315981172701,0.000315981172701,0.000315981172701
0.09960365853658484,363.0,0.000274390243902,0.45,,-0.000309023125632,0.000309023125632,0.000309023125632
0.09987804878048728,364.0,0.000274390243902,0.45,,-0.00030221466305,0.00030221466305,0.00030221466305
0.10015243902438972,365.0,0.000274390243902,0.45,,-0.000295552651149,0.000295552651149,0.000295552651149
0.10042682926829216,366.0,0.000274390243902,0.45,,-0.000289034019883,0.000289034019883,0.000289034019883
0.1007012195121946,367.0,0.000274390243902,0.45,,-0.000282655761713,0.000282655761713,0.000282655761713
0.10097560975609703,368.0,0.000274390243902,0.45,,-0.000276414930379,0.000276414930379,0.000276414930379
0.10124999999999947,369.0,0.000274390243902,0.45,,-0.000270308639694,0.000270308639694,0.000270308639694
0.1015243902439019,370.0,0.000274390243902,0.45,,-0.000264334062361,0.000264334062361,0.000264334062361
0.10179878048780434,371.0,0.000274390243902,0.45,,-0.000258488428813,0.000258488428813,0.000258488428813
0.10207317073170678,372.0,0.000274390243902,0.45,,-0.000252769026073,0.000252769026073,0.000252769026073
0.10234756097560922,373.0,0.000274390243902,0.45,,-0.000247173196635,0.000247173196635,0.000247173196635
0.10262195121951166,374.0,0.000274390243902,0.45,,-0.000241698337371,0.000241698337371,0.000241698337371
0.1028963414634141,375.0,0.000274390243902,0.45,,-0.000236341898454,0.000236341898454,0.000236341898454
0.10317073170731653,376.0,0.000274390243902,0.45,,-0.000231101382302,0.000231101382302,0.000231101382302
0.10344512195121897,377.0,0.000274390243902,0.45,,-0.000225974342544,0.000225974342544,0.000225974342544
0.1037195121951214,378.0,0.000274390243902,0.45,,-0.000220958383005,0.000220958383005,0.000220958383005
0.10399390243902384,379.0,0.000274390243902,0.45,,-0.000216051156707,0.000216051156707,0.000216051156707
0.10426829268292628,380.0,0.000274390243902,0.45,,-0.000211250364894,0.000211250364894,0.000211250364894
0.10454268292682872,381.0,0.000274390243902,0.45,,-0.000206553756074,0.000206553756074,0.000206553756074
0.10481707317073116,382.0,0.000274390243902,0.45,,-0.000201959125076,0.000201959125076,0.000201959125076
0.1050914634146336,383.0,0.000274390243902,0.45,,-0.00019746431213,0.00019746431213,0.00019746431213
0.10536585365853604,384.0,0.000274390243902,0.45,,-0.000193067201963,0.000193067201963,0.000193067201963
0.10564024390243847,385.0,0.000274390243902,0.45,,-0.000188765722906,0.000188765722906,0.000188765722906
0.1059146341463409,386.0,0.000274390243902,0.45,,-0.000184557846032,0.000184557846032,0.000184557846032
0.10618902439024334,387.0,0.000274390243902,0.45,,-0.000180441584293,0.000180441584293,0.000180441584293
0.10646341463414578,388.0,0.000274390243902,0.45,,-0.00017641499169,0.00017641499169,0.00017641499169
0.10673780487804822,389.0,0.000274390243902,0.45,,-0.00017247616245,0.00017247616245,0.00017247616245
0.10701219512195066,390.0,0.000274390243902,0.45,,-0.000168623230215,0.000168623230215,0.000168623230215
0.1072865853658531,391.0,0.000274390243902,0.45,,-0.000164854367262,0.000164854367262,0.000164854367262
0.10756097560975554,392.0,0.000274390243902,0.45,,-0.000161167783718,0.000161167783718,0.000161167783718
0.10783536585365797,393.0,0.000274390243902,0.45,,-0.000157561726807,0.000157561726806,0.00015756172680649999
0.1081097560975604,394.0,0.000274390243902,0.45,,-0.000154034480101,0.000154034480101,0.000154034480101
0.10838414634146284,395.0,0.000274390243902,0.45,,-0.000150584362794,0.000150584362794,0.000150584362794
0.10865853658536528,396.0,0.000274390243902,0.45,,-0.000147209728978,0.000147209728978,0.000147209728978
0.10893292682926772,397.0,0.000274390243902,0.45,,-0.000143908966948,0.000143908966948,0.000143908966948
0.10920731707317016,398.0,0.000274390243902,0.45,,-0.000140680498507,0.000140680498507,0.000140680498507
0.1094817073170726,399.0,0.000274390243902,0.45,,-0.000137522778294,0.000137522778294,0.000137522778294
0.10975609756097504,400.0,0.000274390243902,0.45,,-0.000134434293118,0.000134434293118,0.000134434293118
0.11003048780487747,401.0,0.000274390243902,0.45,,-0.000131413561313,0.000131413561313,0.000131413561313
0.1103048780487799,402.0,0.000274390243902,0.45,,-0.000128459132096,0.000128459132096,0.000128459132096
0.11057926829268235,403.0,0.000274390243902,0.45,,-0.000125569584945,0.000125569584945,0.000125569584945
0.11085365853658478,404.0,0.000274390243902,0.45,,-0.000122743528987,0.000122743528987,0.000122743528987
0.11112804878048722,405.0,0.000274390243902,0.45,,-0.000119979602393,0.000119979602393,0.000119979602393
0.11140243902438966,406.0,0.000274390243902,0.45,,-0.000117276471797,0.000117276471797,0.000117276471797
0.1116768292682921,407.0,0.000274390243902,0.45,,-0.000114632831711,0.000114632831711,0.000114632831711
0.11195121951219454,408.0,0.000274390243902,0.45,,-0.000112091233229,0.000112091233229,0.000112091233229
0.11222560975609697,409.0,0.000274390243902,0.45,,-0.000109682204907,0.000109682204907,0.000109682204907
0.1124999999999994,410.0,0.000274390243902,0.45,,-0.000107323629388,0.000107323629388,0.000107323629388
0.11277439024390185,411.0,0.000274390243902,0.45,,-0.000105014480559,0.000105014480559,0.000105014480559
0.11304878048780428,412.0,0.000274390243902,0.45,,-0.000102753752448,0.000102753752448,0.000102753752448
0.11332317073170672,413.0,0.000274390243902,0.45,,-0.000100540458854,0.000100540458854,0.000100540458854
0.11359756097560916,414.0,0.000274390243902,0.45,,-9.83736329693e-05,9.83736329693e-05,9.83736329693e-05
0.1138719512195116,415.0,0.000274390243902,0.45,,-9.6252327021e-05,9.6252327021e-05,9.6252327021e-05
0.11414634146341404,416.0,0.000274390243902,0.45,,-9.41756119077e-05,9.41756119077e-05,9.41756119077e-05
0.11442073170731648,417.0,0.000274390243902,0.45,,-9.21425768501e-05,9.21425768501e-05,9.21425768501e-05
0.1146951219512189,418.0,0.000274390243902,0.45,,-9.0152329045e-05,9.01523290449e-05,9.015232904495e-05
0.11496951219512135,419.0,0.000274390243902,0.45,,-8.82039933251e-05,8.82039933251e-05,8.82039933251e-05
0.11524390243902378,420.0,0.000274390243902,0.45,,-8.62967118265e-05,8.62967118265e-05,8.62967118265e-05
0.11551829268292622,421.0,0.000274390243902,0.45,,-8.44296436601e-05,8.44296436601e-05,8.44296436601e-05
0.11579268292682866,422.0,0.000274390243902,0.45,,-8.26019645907e-05,8.26019645907e-05,8.26019645907e-05
0.1160670731707311,423.0,0.000274390243902,0.45,,-8.08128667202e-05,8.08128667202e-05,8.08128667202e-05
0.11634146341463354,424.0,0.000274390243902,0.45,,-7.90615581782e-05,7.90615581781e-05,7.906155817815e-05
0.11661585365853598,425.0,0.000274390243902,0.45,,-7.73472628161e-05,7.73472628161e-05,7.73472628161e-05
0.1168902439024384,426.0,0.000274390243902,0.45,,-7.56692199089e-05,7.56692199089e-05,7.56692199089e-05
0.11716463414634085,427.0,0.000274390243902,0.45,,-7.40266838603e-05,7.40266838603e-05,7.40266838603e-05
0.11743902439024329,428.0,0.000274390243902,0.45,,-7.24189239147e-05,7.24189239147e-05,7.24189239147e-05
0.11771341463414572,429.0,0.000274390243902,0.45,,-7.08452238733e-05,7.08452238733e-05,7.08452238733e-05
0.11798780487804816,430.0,0.000274390243902,0.45,,-6.9304881816e-05,6.9304881816e-05,6.9304881816e-05
0.1182621951219506,431.0,0.000274390243902,0.45,,-6.77972098282e-05,6.77972098282e-05,6.77972098282e-05
0.11853658536585304,432.0,0.000274390243902,0.45,,-6.63215337321e-05,6.63215337321e-05,6.63215337321e-05
0.11881097560975548,433.0,0.000274390243902,0.45,,-6.48771928234e-05,6.48771928234e-05,6.48771928234e-05
0.1190853658536579,434.0,0.000274390243902,0.45,,-6.34635396127e-05,6.34635396127e-05,6.34635396127e-05
0.11935975609756035,435.0,0.000274390243902,0.45,,-6.20799395711e-05,6.20799395711e-05,6.20799395711e-05
0.11963414634146279,436.0,0.000274390243902,0.45,,-6.07257708815e-05,6.07257708815e-05,6.07257708815e-05
0.11990853658536522,437.0,0.000274390243902,0.45,,-5.9400424193e-05,5.9400424193e-05,5.9400424193e-05
0.12018292682926766,438.0,0.000274390243902,0.45,,-5.81033023811e-05,5.81033023811e-05,5.81033023811e-05
0.1204573170731701,439.0,0.000274390243902,0.45,,-5.68338203115e-05,5.68338203115e-05,5.68338203115e-05
0.12073170731707254,440.0,0.000274390243902,0.45,,-5.55914046085e-05,5.55914046085e-05,5.55914046085e-05
0.12100609756097498,441.0,0.000274390243902,0.45,,-5.43754934276e-05,5.43754934276e-05,5.43754934276e-05
0.12128048780487741,442.0,0.000274390243902,0.45,,-5.31855362325e-05,5.31855362325e-05,5.31855362325e-05
0.12155487804877985,443.0,0.000274390243902,0.45,,-5.20209935756e-05,5.20209935756e-05,5.20209935756e-05
0.12182926829268229,444.0,0.000274390243902,0.45,,-5.08813368831e-05,5.08813368831e-05,5.08813368831e-05
0.12210365853658472,445.0,0.000274390243902,0.45,,-4.97660482442e-05,4.97660482442e-05,4.97660482442e-05
0.12237804878048716,446.0,0.000274390243902,0.45,,-4.86746202034e-05,4.86746202034e-05,4.86746202034e-05
0.1226524390243896,447.0,0.000274390243902,0.45,,-4.76065555575e-05,4.76065555575e-05,4.76065555575e-05
0.12292682926829204,448.0,0.000274390243902,0.45,,-4.65613671558e-05,4.65613671557e-05,4.656136715575e-05
0.12320121951219448,449.0,0.000274390243902,0.45,,-4.55385777042e-05,4.55385777041e-05,4.5538577704150004e-05
0.12347560975609692,450.0,0.000274390243902,0.45,,-4.45377195731e-05,4.4537719573e-05,4.453771957305e-05
0.12374999999999935,451.0,0.000274390243902,0.45,,-4.35583346085e-05,4.35583346085e-05,4.35583346085e-05
0.12402439024390179,452.0,0.000274390243902,0.45,,-4.25999739471e-05,4.25999739471e-05,4.25999739471e-05
0.12429878048780423,453.0,0.000274390243902,0.45,,-4.16621978343e-05,4.16621978343e-05,4.16621978343e-05
0.12457317073170666,454.0,0.000274390243902,0.45,,-4.07445754458e-05,4.07445754458e-05,4.07445754458e-05
0.1248475609756091,455.0,0.000274390243902,0.45,,-3.9846684713e-05,3.9846684713e-05,3.9846684713e-05
0.12512195121951153,456.0,0.000274390243902,0.45,,-3.89681121509e-05,3.89681121509e-05,3.89681121509e-05
0.12539634146341397,457.0,0.000274390243902,0.45,,-3.81084526898e-05,3.81084526897e-05,3.810845268975e-05
0.1256707317073164,458.0,0.000274390243902,0.45,,-3.72673095096e-05,3.72673095096e-05,3.72673095096e-05
0.12594512195121885,459.0,0.000274390243902,0.45,,-3.64442938782e-05,3.64442938782e-05,3.64442938782e-05
0.1262195121951213,460.0,0.000274390243902,0.45,,-3.56390249917e-05,3.56390249917e-05,3.56390249917e-05
0.12649390243902373,461.0,0.000274390243902,0.45,,-3.48511298184e-05,3.48511298184e-05,3.48511298184e-05
0.12676829268292616,462.0,0.000274390243902,0.45,,-3.40802429456e-05,3.40802429456e-05,3.40802429456e-05
0.1270426829268286,463.0,0.000274390243902,0.45,,-3.33260064292e-05,3.33260064292e-05,3.33260064292e-05
0.12731707317073104,464.0,0.000274390243902,0.45,,-3.25880696462e-05,3.25880696462e-05,3.25880696462e-05
0.12759146341463348,465.0,0.000274390243902,0.45,,-3.18660891498e-05,3.18660891498e-05,3.18660891498e-05
0.12786585365853592,466.0,0.000274390243902,0.45,,-3.11597285277e-05,3.11597285277e-05,3.11597285277e-05
0.12814024390243836,467.0,0.000274390243902,0.45,,-3.04686582625e-05,3.04686582625e-05,3.04686582625e-05
0.1284146341463408,468.0,0.000274390243902,0.45,,-2.97925555951e-05,2.97925555951e-05,2.97925555951e-05
0.12868902439024324,469.0,0.000274390243902,0.45,,-2.9131104391e-05,2.9131104391e-05,2.9131104391e-05
0.12896341463414568,470.0,0.000274390243902,0.45,,-2.84839950081e-05,2.84839950081e-05,2.84839950081e-05
0.1292378048780481,471.0,0.000274390243902,0.45,,-2.78509241683e-05,2.78509241683e-05,2.78509241683e-05
0.12951219512195053,472.0,0.000274390243902,0.45,,-2.72315948306e-05,2.72315948306e-05,2.72315948306e-05
0.12978658536585297,473.0,0.000274390243902,0.45,,-2.66257160672e-05,2.66257160672e-05,2.66257160672e-05
0.1300609756097554,474.0,0.000274390243902,0.45,,-2.60330029414e-05,2.60330029414e-05,2.60330029414e-05
0.13033536585365785,475.0,0.000274390243902,0.45,,-2.54531763886e-05,2.54531763886e-05,2.54531763886e-05
0.1306097560975603,476.0,0.000274390243902,0.45,,-2.48859630987e-05,2.48859630987e-05,2.48859630987e-05
0.13088414634146273,477.0,0.000274390243902,0.45,,-2.43310954015e-05,2.43310954014e-05,2.433109540145e-05
0.13115853658536517,478.0,0.000274390243902,0.45,,-2.37883111537e-05,2.37883111537e-05,2.37883111537e-05
0.1314329268292676,479.0,0.000274390243902,0.45,,-2.3257353629e-05,2.3257353629e-05,2.3257353629e-05
0.13170731707317004,480.0,0.000274390243902,0.45,,-2.27379714086e-05,2.27379714086e-05,2.27379714086e-05
0.13198170731707248,481.0,0.000274390243902,0.45,,-2.22299182761e-05,2.22299182761e-05,2.22299182761e-05
0.13225609756097492,482.0,0.000274390243902,0.45,,-2.17329531122e-05,2.17329531122e-05,2.17329531122e-05
0.13253048780487736,483.0,0.000274390243902,0.45,,-2.12468397929e-05,2.12468397929e-05,2.12468397929e-05
0.1328048780487798,484.0,0.000274390243902,0.45,,-2.07713470894e-05,2.07713470894e-05,2.07713470894e-05
0.13307926829268224,485.0,0.000274390243902,0.45,,-2.03062485691e-05,2.03062485691e-05,2.03062485691e-05
0.13335365853658468,486.0,0.000274390243902,0.45,,-1.98513224997e-05,1.98513224997e-05,1.98513224997e-05
0.13362804878048712,487.0,0.000274390243902,0.45,,-1.94063517546e-05,1.94063517546e-05,1.94063517546e-05
0.13390243902438953,488.0,0.000274390243902,0.45,,-1.89711237196e-05,1.89711237196e-05,1.89711237196e-05
0.13417682926829197,489.0,0.000274390243902,0.45,,-1.85454302026e-05,1.85454302026e-05,1.85454302026e-05
0.1344512195121944,490.0,0.000274390243902,0.45,,-1.81290673439e-05,1.81290673439e-05,1.81290673439e-05
0.13472560975609685,491.0,0.000274390243902,0.45,,-1.77218355291e-05,1.7721835529e-05,1.7721835529050002e-05
0.1349999999999993,492.0,0.000274390243902,0.45,,-1.7323539303e-05,1.7323539303e-05,1.7323539303e-05
0.13527439024390173,493.0,0.000274390243902,0.45,,-1.69339872859e-05,1.69339872859e-05,1.69339872859e-05
0.13554878048780417,494.0,0.000274390243902,0.45,,-1.65529920908e-05,1.65529920908e-05,1.65529920908e-05
0.1358231707317066,495.0,0.000274390243902,0.45,,-1.61803702427e-05,1.61803702427e-05,1.61803702427e-05
0.13609756097560904,496.0,0.000274390243902,0.45,,-1.58159420994e-05,1.58159420994e-05,1.58159420994e-05
0.13637195121951148,497.0,0.000274390243902,0.45,,-1.54595317737e-05,1.54595317737e-05,1.54595317737e-05
0.13664634146341392,498.0,0.000274390243902,0.45,,-1.51109670571e-05,1.51109670571e-05,1.51109670571e-05
0.13692073170731636,499.0,0.000274390243902,0.45,,-1.4782553337e-05,1.4782553337e-05,1.4782553337e-05
0.1371951219512188,500.0,0.000274390243902,0.45,,-1.44647780408e-05,1.44647780408e-05,1.44647780408e-05
0.13746951219512124,501.0,0.000274390243902,0.45,,-1.41536596792e-05,1.41536596792e-05,1.41536596792e-05
0.13774390243902368,502.0,0.000274390243902,0.45,,-1.38490628225e-05,1.38490628225e-05,1.38490628225e-05
0.13801829268292612,503.0,0.000274390243902,0.45,,-1.35508547008e-05,1.35508547007e-05,1.355085470075e-05
0.13829268292682853,504.0,0.000274390243902,0.45,,-1.32589051538e-05,1.32589051538e-05,1.32589051538e-05
0.13856707317073097,505.0,0.000274390243902,0.45,,-1.29730865826e-05,1.29730865826e-05,1.29730865826e-05
0.1388414634146334,506.0,0.000274390243902,0.45,,-1.26932739006e-05,1.26932739006e-05,1.26932739006e-05
0.13911585365853585,507.0,0.000274390243902,0.45,,-1.24193444868e-05,1.24193444867e-05,1.2419344486749999e-05
0.1393902439024383,508.0,0.000274390243902,0.45,,-1.2151178139e-05,1.2151178139e-05,1.2151178139e-05
0.13966463414634073,509.0,0.000274390243902,0.45,,-1.18886570284e-05,1.18886570284e-05,1.18886570284e-05
0.13993902439024317,510.0,0.000274390243902,0.45,,-1.16316656545e-05,1.16316656545e-05,1.16316656545e-05
0.1402134146341456,511.0,0.000274390243902,0.45,,-1.13800908012e-05,1.13800908012e-05,1.13800908012e-05
0.14048780487804804,512.0,0.000274390243902,0.45,,-1.11338214935e-05,1.11338214935e-05,1.11338214935e-05
0.14076219512195048,513.0,0.000274390243902,0.45,,-1.08927489549e-05,1.08927489549e-05,1.08927489549e-05
0.14103658536585292,514.0,0.000274390243902,0.45,,-1.06567665659e-05,1.06567665659e-05,1.06567665659e-05
0.14131097560975536,515.0,0.000274390243902,0.45,,-1.04257698228e-05,1.04257698228e-05,1.04257698228e-05
0.1415853658536578,516.0,0.000274390243902,0.45,,-1.01996562974e-05,1.01996562974e-05,1.01996562974e-05
0.14185975609756024,517.0,0.000274390243902,0.45,,-9.97832559777e-06,9.97832559776e-06,9.978325597764999e-06
0.14213414634146268,518.0,0.000274390243902,0.45,,-9.76167932907e-06,9.76167932906e-06,9.761679329065e-06
0.14240853658536512,519.0,0.000274390243902,0.45,,-9.54962105566e-06,9.54962105565e-06,9.549621055655e-06
0.14268292682926756,520.0,0.000274390243902,0.45,,-9.34205626357e-06,9.34205626355e-06,9.34205626356e-06
0.14295731707316997,521.0,0.000274390243902,0.45,,-9.13889232376e-06,9.13889232375e-06,9.138892323755e-06
0.1432317073170724,522.0,0.000274390243902,0.45,,-8.94003845604e-06,8.94003845602e-06,8.94003845603e-06
0.14350609756097485,523.0,0.000274390243902,0.45,,-8.74540569359e-06,8.74540569357e-06,8.74540569358e-06
0.1437804878048773,524.0,0.000274390243902,0.45,,-8.55490684819e-06,8.55490684818e-06,8.554906848185002e-06
0.14405487804877973,525.0,0.000274390243902,0.45,,-8.36845647607e-06,8.36845647606e-06,8.368456476065001e-06
0.14432926829268217,526.0,0.000274390243902,0.45,,-8.18597084431e-06,8.1859708443e-06,8.185970844305e-06
0.1446036585365846,527.0,0.000274390243902,0.45,,-8.00736789797e-06,8.00736789796e-06,8.007367897965001e-06
0.14487804878048705,528.0,0.000274390243902,0.45,,-7.83256722772e-06,7.8325672277e-06,7.83256722771e-06
0.14515243902438948,529.0,0.000274390243902,0.45,,-7.6614900381e-06,7.66149003808e-06,7.66149003809e-06
0.14542682926829192,530.0,0.000274390243902,0.45,,-7.49405911637e-06,7.49405911636e-06,7.494059116365e-06
0.14570121951219436,531.0,0.000274390243902,0.45,,-7.33019880194e-06,7.33019880193e-06,7.330198801935e-06
0.1459756097560968,532.0,0.000274390243902,0.45,,-7.1698349563e-06,7.16983495629e-06,7.169834956295e-06
0.14624999999999924,533.0,0.000274390243902,0.45,,-7.01289493358e-06,7.01289493357e-06,7.012894933575e-06
0.14652439024390168,534.0,0.000274390243902,0.45,,-6.8593075516e-06,6.85930755159e-06,6.859307551595e-06
0.14679878048780412,535.0,0.000274390243902,0.45,,-6.70900306348e-06,6.70900306346e-06,6.70900306347e-06
0.14707317073170656,536.0,0.000274390243902,0.45,,-6.56191312974e-06,6.56191312972e-06,6.56191312973e-06
0.14734756097560897,537.0,0.000274390243902,0.45,,-6.41797079098e-06,6.41797079097e-06,6.417970790975e-06
0.1476219512195114,538.0,0.000274390243902,0.45,,-6.277110441e-06,6.27711044099e-06,6.277110440995e-06
0.14789634146341385,539.0,0.000274390243902,0.45,,-6.13926780045e-06,6.13926780044e-06,6.139267800445e-06
0.1481707317073163,540.0,0.000274390243902,0.45,,-6.00437989096e-06,6.00437989095e-06,6.004379890955e-06
0.14844512195121873,541.0,0.000274390243902,0.45,,-5.87238500974e-06,5.87238500973e-06,5.872385009735e-06
0.14871951219512117,542.0,0.000274390243902,0.45,,-5.7432227047e-06,5.74322270469e-06,5.743222704695e-06
0.1489939024390236,543.0,0.000274390243902,0.45,,-5.61683374997e-06,5.61683374995e-06,5.61683374996e-06
0.14926829268292605,544.0,0.000274390243902,0.45,,-5.4931601219e-06,5.49316012189e-06,5.493160121895e-06
0.14954268292682849,545.0,0.000274390243902,0.45,,-5.37214497556e-06,5.37214497555e-06,5.372144975555e-06
0.14981707317073092,546.0,0.000274390243902,0.45,,-5.25373262157e-06,5.25373262156e-06,5.253732621565e-06
0.15009146341463336,547.0,0.000274390243902,0.45,,-5.13786850347e-06,5.13786850346e-06,5.137868503465e-06
0.1503658536585358,548.0,0.000274390243902,0.45,,-5.02449917546e-06,5.02449917544e-06,5.02449917545e-06
0.15064024390243824,549.0,0.000274390243902,0.45,,-4.91357228055e-06,4.91357228054e-06,4.913572280545e-06
0.15091463414634068,550.0,0.000274390243902,0.45,,-4.80503652918e-06,4.80503652917e-06,4.805036529175e-06
0.15118902439024312,551.0,0.000274390243902,0.45,,-4.69884167816e-06,4.69884167815e-06,4.698841678155e-06
0.15146341463414556,552.0,0.000274390243902,0.45,,-4.59493851006e-06,4.59493851005e-06,4.594938510055e-06
0.151737804878048,553.0,0.000274390243902,0.45,,-4.49327881299e-06,4.49327881298e-06,4.493278812985e-06
0.1520121951219504,554.0,0.000274390243902,0.45,,-4.39381536073e-06,4.39381536072e-06,4.393815360725e-06
0.15228658536585285,555.0,0.000274390243902,0.45,,-4.29650189326e-06,4.29650189325e-06,4.296501893255e-06
0.1525609756097553,556.0,0.000274390243902,0.45,,-4.20129309766e-06,4.20129309765e-06,4.201293097655e-06
0.15283536585365773,557.0,0.000274390243902,0.45,,-4.10814458935e-06,4.10814458934e-06,4.108144589345e-06
0.15310975609756017,558.0,0.000274390243902,0.45,,-4.0170128937e-06,4.01701289369e-06,4.017012893695e-06
0.1533841463414626,559.0,0.000274390243902,0.45,,-3.92785542799e-06,3.92785542798e-06,3.927855427985e-06
0.15365853658536505,560.0,0.000274390243902,0.45,,-3.84063048374e-06,3.84063048372e-06,3.84063048373e-06
0.15393292682926749,561.0,0.000274390243902,0.45,,-3.75529720928e-06,3.75529720926e-06,3.75529720927e-06
0.15420731707316992,562.0,0.000274390243902,0.45,,-3.67181559278e-06,3.67181559277e-06,3.671815592775e-06
0.15448170731707236,563.0,0.000274390243902,0.45,,-3.59014644553e-06,3.59014644551e-06,3.59014644552e-06
0.1547560975609748,564.0,0.000274390243902,0.45,,-3.51025138553e-06,3.51025138551e-06,3.51025138552e-06
0.15503048780487724,565.0,0.000274390243902,0.45,,-3.43209282143e-06,3.43209282142e-06,3.432092821425e-06
0.15530487804877968,566.0,0.000274390243902,0.45,,-3.35563393677e-06,3.35563393676e-06,3.355633936765e-06
0.15557926829268212,567.0,0.000274390243902,0.45,,-3.2808386745e-06,3.28083867449e-06,3.280838674495e-06
0.15585365853658456,568.0,0.000274390243902,0.45,,-3.20767172182e-06,3.20767172181e-06,3.207671721815e-06
0.156128048780487,569.0,0.000274390243902,0.45,,-3.13609849529e-06,3.13609849528e-06,3.136098495285e-06
0.1564024390243894,570.0,0.000274390243902,0.45,,-3.06608512626e-06,3.06608512625e-06,3.066085126255e-06
0.15667682926829185,571.0,0.000274390243902,0.45,,-2.99759844653e-06,2.99759844652e-06,2.997598446525e-06
0.1569512195121943,572.0,0.000274390243902,0.45,,-2.93060597434e-06,2.93060597433e-06,2.930605974335e-06
0.15722560975609673,573.0,0.000274390243902,0.45,,-2.86507590059e-06,2.86507590058e-06,2.865075900585e-06
0.15749999999999917,574.0,0.000274390243902,0.45,,-2.80097707534e-06,2.80097707533e-06,2.800977075335e-06
0.1577743902439016,575.0,0.000274390243902,0.45,,-2.73827899457e-06,2.73827899456e-06,2.738278994565e-06
0.15804878048780405,576.0,0.000274390243902,0.45,,-2.67695178721e-06,2.6769517872e-06,2.676951787205e-06
0.1583231707317065,577.0,0.000274390243902,0.45,,-2.61696620239e-06,2.61696620238e-06,2.616966202385e-06
0.15859756097560893,578.0,0.000274390243902,0.45,,-2.55829359695e-06,2.55829359694e-06,2.558293596945e-06
0.15887195121951136,579.0,0.000274390243902,0.45,,-2.50090592323e-06,2.50090592322e-06,2.500905923225e-06
0.1591463414634138,580.0,0.000274390243902,0.45,,-2.44477571703e-06,2.44477571701e-06,2.44477571702e-06
0.15942073170731624,581.0,0.000274390243902,0.45,,-2.38987608583e-06,2.38987608581e-06,2.38987608582e-06
0.15969512195121868,582.0,0.000274390243902,0.45,,-2.33618069728e-06,2.33618069726e-06,2.3361806972699997e-06
0.15996951219512112,583.0,0.000274390243902,0.45,,-2.28366376786e-06,2.28366376785e-06,2.283663767855e-06
0.16024390243902356,584.0,0.000274390243902,0.45,,-2.23230005179e-06,2.23230005177e-06,2.23230005178e-06
0.160518292682926,585.0,0.000274390243902,0.45,,-2.18206483012e-06,2.1820648301e-06,2.18206483011e-06
0.16079268292682844,586.0,0.000274390243902,0.45,,-2.13293390009e-06,2.13293390008e-06,2.132933900085e-06
0.16106707317073085,587.0,0.000274390243902,0.45,,-2.08488356467e-06,2.08488356466e-06,2.084883564665e-06
0.1613414634146333,588.0,0.000274390243902,0.45,,-2.03789062228e-06,2.03789062227e-06,2.037890622275e-06
0.16161585365853573,589.0,0.000274390243902,0.45,,-1.9923282364e-06,1.99232823638e-06,1.99232823639e-06
0.16189024390243817,590.0,0.000274390243902,0.45,,-1.94951397132e-06,1.94951397131e-06,1.9495139713150002e-06
0.1621646341463406,591.0,0.000274390243902,0.45,,-1.90759627754e-06,1.90759627753e-06,1.907596277535e-06
0.16243902439024305,592.0,0.000274390243902,0.45,,-1.86655692279e-06,1.86655692277e-06,1.8665569227799999e-06
0.1627134146341455,593.0,0.000274390243902,0.45,,-1.82637803267e-06,1.82637803266e-06,1.826378032665e-06
0.16298780487804793,594.0,0.000274390243902,0.45,,-1.787042084e-06,1.78704208399e-06,1.787042083995e-06
0.16326219512195037,595.0,0.000274390243902,0.45,,-1.74853189816e-06,1.74853189814e-06,1.74853189815e-06
0.1635365853658528,596.0,0.000274390243902,0.45,,-1.71083063464e-06,1.71083063462e-06,1.71083063463e-06
0.16381097560975524,597.0,0.000274390243902,0.45,,-1.67392178469e-06,1.67392178468e-06,1.673921784685e-06
0.16408536585365768,598.0,0.000274390243902,0.45,,-1.63778916507e-06,1.63778916505e-06,1.63778916506e-06
0.16435975609756012,599.0,0.000274390243902,0.45,,-1.60241691186e-06,1.60241691185e-06,1.6024169118549999e-06
0.16463414634146256,600.0,0.000274390243902,0.45,,-1.5677894745e-06,1.56778947449e-06,1.567789474495e-06
0.164908536585365,601.0,0.000274390243902,0.45,,-1.53389160982e-06,1.53389160981e-06,1.533891609815e-06
0.16518292682926744,602.0,0.000274390243902,0.45,,-1.50070837624e-06,1.50070837623e-06,1.500708376235e-06
0.16545731707316985,603.0,0.000274390243902,0.45,,-1.46822512804e-06,1.46822512802e-06,1.46822512803e-06
0.1657317073170723,604.0,0.000274390243902,0.45,,-1.43642750976e-06,1.43642750975e-06,1.436427509755e-06
0.16600609756097473,605.0,0.000274390243902,0.45,,-1.40530145068e-06,1.40530145067e-06,1.405301450675e-06
0.16628048780487717,606.0,0.000274390243902,0.45,,-1.37483315943e-06,1.37483315942e-06,1.3748331594250001e-06
0.1665548780487796,607.0,0.000274390243902,0.45,,-1.34500911862e-06,1.34500911861e-06,1.345009118615e-06
0.16682926829268205,608.0,0.000274390243902,0.45,,-1.31581607968e-06,1.31581607967e-06,1.3158160796749999e-06
0.1671036585365845,609.0,0.000274390243902,0.45,,-1.28724105768e-06,1.28724105767e-06,1.287241057675e-06
0.16737804878048693,610.0,0.000274390243902,0.45,,-1.25927132634e-06,1.25927132632e-06,1.2592713263300001e-06
0.16765243902438937,611.0,0.000274390243902,0.45,,-1.23189441304e-06,1.23189441303e-06,1.231894413035e-06
0.1679268292682918,612.0,0.000274390243902,0.45,,-1.20509809401e-06,1.205098094e-06,1.205098094005e-06
0.16820121951219424,613.0,0.000274390243902,0.45,,-1.17887038954e-06,1.17887038953e-06,1.1788703895349999e-06
0.16847560975609668,614.0,0.000274390243902,0.45,,-1.1531995593e-06,1.15319955928e-06,1.15319955929e-06
0.16874999999999912,615.0,0.000274390243902,0.45,,-1.12807409773e-06,1.12807409771e-06,1.12807409772e-06
0.16902439024390156,616.0,0.000274390243902,0.45,,-1.10348272956e-06,1.10348272955e-06,1.103482729555e-06
0.169298780487804,617.0,0.000274390243902,0.45,,-1.07941440537e-06,1.07941440535e-06,1.0794144053599998e-06
0.16957317073170644,618.0,0.000274390243902,0.45,,-1.05585829721e-06,1.0558582972e-06,1.055858297205e-06
0.16984756097560888,619.0,0.000274390243902,0.45,,-1.0328037944e-06,1.03280379438e-06,1.0328037943899999e-06
0.1701219512195113,620.0,0.000274390243902,0.45,,-1.01024049924e-06,1.01024049923e-06,1.0102404992350001e-06
0.17039634146341373,621.0,0.000274390243902,0.45,,-9.88158222985e-07,9.88158222972e-07,9.881582229785e-07
0.17067073170731617,622.0,0.000274390243902,0.45,,-9.66546981759e-07,9.66546981746e-07,9.665469817524999e-07
0.1709451219512186,623.0,0.000274390243902,0.45,,-9.45396992599e-07,9.45396992586e-07,9.453969925924999e-07
0.17121951219512105,624.0,0.000274390243902,0.45,,-9.24698669567e-07,9.24698669554e-07,9.246986695605001e-07
0.1714939024390235,625.0,0.000274390243902,0.45,,-9.04442619924e-07,9.04442619911e-07,9.044426199175e-07
0.17176829268292593,626.0,0.000274390243902,0.45,,-8.84619640384e-07,8.84619640371e-07,8.846196403775e-07
0.17204268292682837,627.0,0.000274390243902,0.45,,-8.65220713432e-07,8.65220713419e-07,8.652207134255001e-07
0.1723170731707308,628.0,0.000274390243902,0.45,,-8.46237003709e-07,8.46237003696e-07,8.462370037025e-07
0.17259146341463324,629.0,0.000274390243902,0.45,,-8.27659854469e-07,8.27659854456e-07,8.276598544625e-07
0.17286585365853568,630.0,0.000274390243902,0.45,,-8.09480784098e-07,8.09480784085e-07,8.094807840915e-07
0.17314024390243812,631.0,0.000274390243902,0.45,,-7.91691482696e-07,7.91691482683e-07,7.916914826895001e-07
0.17341463414634056,632.0,0.000274390243902,0.45,,-7.74283808729e-07,7.74283808716e-07,7.742838087225e-07
0.173689024390243,633.0,0.000274390243902,0.45,,-7.57249785736e-07,7.57249785723e-07,7.572497857295e-07
0.17396341463414544,634.0,0.000274390243902,0.45,,-7.40581599103e-07,7.4058159909e-07,7.405815990964999e-07
0.17423780487804788,635.0,0.000274390243902,0.45,,-7.24271592892e-07,7.24271592879e-07,7.242715928855e-07
0.1745121951219503,636.0,0.000274390243902,0.45,,-7.08312266734e-07,7.08312266721e-07,7.083122667275e-07
0.17478658536585273,637.0,0.000274390243902,0.45,,-6.92696272779e-07,6.92696272766e-07,6.926962727725e-07
0.17506097560975517,638.0,0.000274390243902,0.45,,-6.77416412701e-07,6.77416412688e-07,6.774164126945e-07
0.1753353658536576,639.0,0.000274390243902,0.45,,-6.62465634758e-07,6.62465634745e-07,6.624656347515e-07
0.17560975609756005,640.0,0.000274390243902,0.45,,-6.47837030914e-07,6.47837030901e-07,6.478370309075e-07
0.1758841463414625,641.0,0.000274390243902,0.45,,-6.3352383401e-07,6.33523833997e-07,6.335238340035e-07
0.17615853658536493,642.0,0.000274390243902,0.45,,-6.19519414985e-07,6.19519414973e-07,6.195194149789999e-07
0.17643292682926737,643.0,0.000274390243902,0.45,,-6.05817280159e-07,6.05817280146e-07,6.058172801525e-07
0.1767073170731698,644.0,0.000274390243902,0.45,,-5.92411068555e-07,5.92411068542e-07,5.924110685485e-07
0.17698170731707225,645.0,0.000274390243902,0.45,,-5.79294549286e-07,5.79294549273e-07,5.792945492795e-07
0.17725609756097468,646.0,0.000274390243902,0.45,,-5.66461618975e-07,5.66461618962e-07,5.664616189685e-07
0.17753048780487712,647.0,0.000274390243902,0.45,,-5.53906299239e-07,5.53906299226e-07,5.539062992324999e-07
0.17780487804877956,648.0,0.000274390243902,0.45,,-5.41622734212e-07,5.41622734199e-07,5.416227342055001e-07
0.178079268292682,649.0,0.000274390243902,0.45,,-5.29605188116e-07,5.29605188103e-07,5.296051881094999e-07
0.17835365853658444,650.0,0.000274390243902,0.45,,-5.17848042879e-07,5.17848042866e-07,5.178480428725e-07
0.17862804878048688,651.0,0.000274390243902,0.45,,-5.063457958e-07,5.06345795787e-07,5.063457957935e-07
0.17890243902438932,652.0,0.000274390243902,0.45,,-4.95093057256e-07,4.95093057243e-07,4.950930572495e-07
0.17917682926829173,653.0,0.000274390243902,0.45,,-4.84084548454e-07,4.84084548441e-07,4.840845484475e-07
0.17945121951219417,654.0,0.000274390243902,0.45,,-4.73315099224e-07,4.73315099211e-07,4.7331509921749997e-07
0.1797256097560966,655.0,0.000274390243902,0.45,,-4.62779645858e-07,4.62779645845e-07,4.627796458515e-07
0.17999999999999905,656.0,0.000274390243902,0.45,,-4.52473228986e-07,4.52473228973e-07,4.524732289795e-07
0.1802743902439015,657.0,0.000274390243902,0.45,,-4.42390991496e-07,4.42390991483e-07,4.4239099148950005e-07
0.18054878048780393,658.0,0.000274390243902,0.45,,-4.32528176489e-07,4.32528176476e-07,4.3252817648249995e-07
0.18082317073170637,659.0,0.000274390243902,0.45,,-4.22880125282e-07,4.22880125269e-07,4.228801252755e-07
0.1810975609756088,660.0,0.000274390243902,0.45,,-4.1344227544e-07,4.13442275427e-07,4.134422754335e-07
0.18137195121951125,661.0,0.000274390243902,0.45,,-4.04210158851e-07,4.04210158838e-07,4.042101588445e-07
0.18164634146341369,662.0,0.000274390243902,0.45,,-3.95179399837e-07,3.95179399824e-07,3.951793998305e-07
0.18192073170731612,663.0,0.000274390243902,0.45,,-3.86345713299e-07,3.86345713286e-07,3.863457132925e-07
0.18219512195121856,664.0,0.000274390243902,0.45,,-3.77704902904e-07,3.77704902891e-07,3.777049028975e-07
0.182469512195121,665.0,0.000274390243902,0.45,,-3.69252859299e-07,3.69252859286e-07,3.6925285929249995e-07
0.18274390243902344,666.0,0.000274390243902,0.45,,-3.60985558367e-07,3.60985558354e-07,3.609855583605e-07
0.18301829268292588,667.0,0.000274390243902,0.45,,-3.5289905951e-07,3.52899059497e-07,3.528990595035e-07
0.18329268292682832,668.0,0.000274390243902,0.45,,-3.44989503968e-07,3.44989503955e-07,3.4498950396150004e-07
0.18356707317073073,669.0,0.000274390243902,0.45,,-3.37253113175e-07,3.37253113162e-07,3.3725311316850005e-07
0.18384146341463317,670.0,0.000274390243902,0.45,,-3.29686187139e-07,3.29686187126e-07,3.2968618713249996e-07
0.1841158536585356,671.0,0.000274390243902,0.45,,-3.22285102858e-07,3.22285102846e-07,3.22285102852e-07
0.18439024390243805,672.0,0.000274390243902,0.45,,-3.15046312769e-07,3.15046312756e-07,3.1504631276250003e-07
0.1846646341463405,673.0,0.000274390243902,0.45,,-3.07966343217e-07,3.07966343204e-07,3.079663432105e-07
0.18493902439024293,674.0,0.000274390243902,0.45,,-3.01041792971e-07,3.01041792958e-07,3.0104179296450005e-07
0.18521341463414537,675.0,0.000274390243902,0.45,,-2.94269331748e-07,2.94269331735e-07,2.9426933174149996e-07
0.1854878048780478,676.0,0.000274390243902,0.45,,-2.87645698787e-07,2.87645698774e-07,2.8764569878049996e-07
0.18576219512195025,677.0,0.000274390243902,0.45,,-2.81167701433e-07,2.8116770142e-07,2.8116770142650004e-07
0.18603658536585269,678.0,0.000274390243902,0.45,,-2.74832213758e-07,2.74832213745e-07,2.748322137515e-07
0.18631097560975513,679.0,0.000274390243902,0.45,,-2.68636175211e-07,2.68636175198e-07,2.686361752045e-07
0.18658536585365756,680.0,0.000274390243902,0.45,,-2.62747797332e-07,2.62747797319e-07,2.6274779732550004e-07
0.18685975609756,681.0,0.000274390243902,0.45,,-2.57100155642e-07,2.57100155629e-07,2.571001556355e-07
0.18713414634146244,682.0,0.000274390243902,0.45,,-2.51570811105e-07,2.51570811092e-07,2.5157081109850003e-07
0.18740853658536488,683.0,0.000274390243902,0.45,,-2.46157357365e-07,2.46157357352e-07,2.461573573585e-07
0.18768292682926732,684.0,0.000274390243902,0.45,,-2.40857435324e-07,2.40857435311e-07,2.408574353175e-07
0.18795731707316976,685.0,0.000274390243902,0.45,,-2.35668732247e-07,2.35668732234e-07,2.356687322405e-07
0.18823170731707217,686.0,0.000274390243902,0.45,,-2.30588980895e-07,2.30588980882e-07,2.305889808885e-07
0.1885060975609746,687.0,0.000274390243902,0.45,,-2.25615958671e-07,2.25615958658e-07,2.256159586645e-07
0.18878048780487705,688.0,0.000274390243902,0.45,,-2.20747486777e-07,2.20747486764e-07,2.207474867705e-07
0.1890548780487795,689.0,0.000274390243902,0.45,,-2.15981429389e-07,2.15981429376e-07,2.159814293825e-07
0.18932926829268193,690.0,0.000274390243902,0.45,,-2.11315692846e-07,2.11315692833e-07,2.113156928395e-07
0.18960365853658437,691.0,0.000274390243902,0.45,,-2.06748224853e-07,2.0674822484e-07,2.067482248465e-07
0.1898780487804868,692.0,0.000274390243902,0.45,,-2.022770137e-07,2.02277013687e-07,2.022770136935e-07
0.19015243902438925,693.0,0.000274390243902,0.45,,-1.97900087491e-07,1.97900087478e-07,1.979000874845e-07
0.1904268292682917,694.0,0.000274390243902,0.45,,-1.93615513393e-07,1.9361551338e-07,1.936155133865e-07
0.19070121951219413,695.0,0.000274390243902,0.45,,-1.8942139689e-07,1.89421396877e-07,1.894213968835e-07
0.19097560975609656,696.0,0.000274390243902,0.45,,-1.85315881058e-07,1.85315881045e-07,1.853158810515e-07
0.191249999999999,697.0,0.000274390243902,0.45,,-1.81297145849e-07,1.81297145836e-07,1.812971458425e-07
0.19152439024390144,698.0,0.000274390243902,0.45,,-1.77363407388e-07,1.77363407375e-07,1.773634073815e-07
0.19179878048780388,699.0,0.000274390243902,0.45,,-1.73512917285e-07,1.73512917272e-07,1.735129172785e-07
0.19207317073170632,700.0,0.000274390243902,0.45,,-1.69743961957e-07,1.69743961944e-07,1.6974396195049999e-07
0.19234756097560876,701.0,0.000274390243902,0.45,,-1.66054861963e-07,1.6605486195e-07,1.660548619565e-07
0.19262195121951117,702.0,0.000274390243902,0.45,,-1.62443971351e-07,1.62443971338e-07,1.624439713445e-07
0.1928963414634136,703.0,0.000274390243902,0.45,,-1.58909677015e-07,1.58909677002e-07,1.589096770085e-07
0.19317073170731605,704.0,0.000274390243902,0.45,,-1.55450398071e-07,1.55450398058e-07,1.554503980645e-07
0.1934451219512185,705.0,0.000274390243902,0.45,,-1.52064585232e-07,1.52064585219e-07,1.520645852255e-07
0.19371951219512093,706.0,0.000274390243902,0.45,,-1.48750720205e-07,1.48750720192e-07,1.487507201985e-07
0.19399390243902337,707.0,0.000274390243902,0.45,,-1.45507315095e-07,1.45507315082e-07,1.455073150885e-07
0.1942682926829258,708.0,0.000274390243902,0.45,,-1.42332911818e-07,1.42332911805e-07,1.423329118115e-07
0.19454268292682825,709.0,0.000274390243902,0.45,,-1.3922608153e-07,1.39226081517e-07,1.392260815235e-07
0.1948170731707307,710.0,0.000274390243902,0.45,,-1.36185424059e-07,1.36185424046e-07,1.361854240525e-07
0.19509146341463313,711.0,0.000274390243902,0.45,,-1.33209567355e-07,1.33209567342e-07,1.332095673485e-07
0.19536585365853557,712.0,0.000274390243902,0.45,,-1.30297166944e-07,1.30297166931e-07,1.302971669375e-07
0.195640243902438,713.0,0.000274390243902,0.45,,-1.27446905397e-07,1.27446905384e-07,1.274469053905e-07
0.19591463414634044,714.0,0.000274390243902,0.45,,-1.24657491806e-07,1.24657491793e-07,1.246574917995e-07
0.19618902439024288,715.0,0.000274390243902,0.45,,-1.21927661266e-07,1.21927661253e-07,1.219276612595e-07
0.19646341463414532,716.0,0.000274390243902,0.45,,-1.19256174377e-07,1.19256174364e-07,1.192561743705e-07
0.19673780487804776,717.0,0.000274390243902,0.45,,-1.16641816743e-07,1.1664181673e-07,1.166418167365e-07
0.1970121951219502,718.0,0.000274390243902,0.45,,-1.14083398491e-07,1.14083398478e-07,1.140833984845e-07
0.1972865853658526,719.0,0.000274390243902,0.45,,-1.11579753789e-07,1.11579753776e-07,1.115797537825e-07
0.19756097560975505,720.0,0.000274390243902,0.45,,-1.09129740382e-07,1.09129740369e-07,1.091297403755e-07
0.1978353658536575,721.0,0.000274390243902,0.45,,-1.06732239129e-07,1.06732239116e-07,1.067322391225e-07
0.19810975609755993,722.0,0.000274390243902,0.45,,-1.04386153556e-07,1.04386153543e-07,1.043861535495e-07
0.19838414634146237,723.0,0.000274390243902,0.45,,-1.02090409408e-07,1.02090409395e-07,1.0209040940150001e-07
0.1986585365853648,724.0,0.000274390243902,0.45,,-9.98439542204e-08,9.98439542074e-08,9.98439542139e-08
0.19893292682926725,725.0,0.000274390243902,0.45,,-9.76457568888e-08,9.76457568758e-08,9.76457568823e-08
0.1992073170731697,726.0,0.000274390243902,0.45,,-9.54948072519e-08,9.54948072389e-08,9.54948072454e-08
0.19948170731707213,727.0,0.000274390243902,0.45,,-9.33901156811e-08,9.33901156682e-08,9.339011567465e-08
0.19975609756097457,728.0,0.000274390243902,0.45,,-9.13307126777e-08,9.13307126648e-08,9.133071267125e-08
0.200030487804877,729.0,0.000274390243902,0.45,,-8.93156484775e-08,8.93156484645e-08,8.9315648471e-08
0.20030487804877944,730.0,0.000274390243902,0.45,,-8.73439926628e-08,8.73439926498e-08,8.73439926563e-08
0.20057926829268188,731.0,0.000274390243902,0.45,,-8.54148337822e-08,8.54148337692e-08,8.541483377569999e-08
0.20085365853658432,732.0,0.000274390243902,0.45,,-8.3527278977e-08,8.3527278964e-08,8.35272789705e-08
0.20112804878048676,733.0,0.000274390243902,0.45,,-8.16804536147e-08,8.16804536017e-08,8.16804536082e-08
0.2014024390243892,734.0,0.000274390243902,0.45,,-7.98735009297e-08,7.98735009167e-08,7.98735009232e-08
0.2016768292682916,735.0,0.000274390243902,0.45,,-7.81055816706e-08,7.81055816577e-08,7.810558166415e-08
0.20195121951219405,736.0,0.000274390243902,0.45,,-7.63758737542e-08,7.63758737412e-08,7.63758737477e-08
0.2022256097560965,737.0,0.000274390243902,0.45,,-7.46835719257e-08,7.46835719127e-08,7.46835719192e-08
0.20249999999999893,738.0,0.000274390243902,0.45,,-7.30278874261e-08,7.30278874131e-08,7.30278874196e-08
0.20277439024390137,739.0,0.000274390243902,0.45,,-7.14080476653e-08,7.14080476523e-08,7.14080476588e-08
0.2030487804878038,740.0,0.000274390243902,0.45,,-6.98232959012e-08,6.98232958883e-08,6.982329589475e-08
0.20332317073170625,741.0,0.000274390243902,0.45,,-6.82728909261e-08,6.82728909131e-08,6.82728909196e-08
0.2035975609756087,742.0,0.000274390243902,0.45,,-6.67561067572e-08,6.67561067442e-08,6.67561067507e-08
0.20387195121951113,743.0,0.000274390243902,0.45,,-6.52722323347e-08,6.52722323218e-08,6.527223232825e-08
0.20414634146341357,744.0,0.000274390243902,0.45,,-6.38205712249e-08,6.38205712119e-08,6.38205712184e-08
0.204420731707316,745.0,0.000274390243902,0.45,,-6.24004413287e-08,6.24004413158e-08,6.240044132225e-08
0.20469512195121845,746.0,0.000274390243902,0.45,,-6.10111745965e-08,6.10111745835e-08,6.101117459e-08
0.20496951219512088,747.0,0.000274390243902,0.45,,-5.96521167475e-08,5.96521167346e-08,5.965211674105e-08
0.20524390243902332,748.0,0.000274390243902,0.45,,-5.83226269954e-08,5.83226269825e-08,5.832262698895e-08
0.20551829268292576,749.0,0.000274390243902,0.45,,-5.70220777787e-08,5.70220777657e-08,5.70220777722e-08
0.2057926829268282,750.0,0.000274390243902,0.45,,-5.57498544963e-08,5.57498544833e-08,5.57498544898e-08
0.20606707317073064,751.0,0.000274390243902,0.45,,-5.45053552483e-08,5.45053552353e-08,5.4505355241799995e-08
0.20634146341463305,752.0,0.000274390243902,0.45,,-5.32879905819e-08,5.32879905689e-08,5.32879905754e-08
0.2066158536585355,753.0,0.000274390243902,0.45,,-5.20971832416e-08,5.20971832287e-08,5.209718323515e-08
0.20689024390243793,754.0,0.000274390243902,0.45,,-5.09323679252e-08,5.09323679122e-08,5.09323679187e-08
0.20716463414634037,755.0,0.000274390243902,0.45,,-4.97929910433e-08,4.97929910303e-08,4.97929910368e-08
0.2074390243902428,756.0,0.000274390243902,0.45,,-4.86785104845e-08,4.86785104716e-08,4.8678510478049995e-08
0.20771341463414525,757.0,0.000274390243902,0.45,,-4.75883953847e-08,4.75883953718e-08,4.758839537825e-08
0.2079878048780477,758.0,0.000274390243902,0.45,,-4.65221259007e-08,4.65221258877e-08,4.6522125894200005e-08
0.20826219512195013,759.0,0.000274390243902,0.45,,-4.54791929883e-08,4.54791929754e-08,4.5479192981849995e-08
0.20853658536585257,760.0,0.000274390243902,0.45,,-4.44590981851e-08,4.44590981721e-08,4.44590981786e-08
0.208810975609755,761.0,0.000274390243902,0.45,,-4.34613533968e-08,4.34613533838e-08,4.34613533903e-08
0.20908536585365745,762.0,0.000274390243902,0.45,,-4.24854806882e-08,4.24854806752e-08,4.24854806817e-08
0.20935975609755988,763.0,0.000274390243902,0.45,,-4.1531012078e-08,4.15310120651e-08,4.1531012071550005e-08
0.20963414634146232,764.0,0.000274390243902,0.45,,-4.0597489338e-08,4.0597489325e-08,4.05974893315e-08
0.20990853658536476,765.0,0.000274390243902,0.45,,-3.96844637952e-08,3.96844637822e-08,3.96844637887e-08
0.2101829268292672,766.0,0.000274390243902,0.45,,-3.87914961391e-08,3.87914961261e-08,3.8791496132599996e-08
0.21045731707316964,767.0,0.000274390243902,0.45,,-3.79181562319e-08,3.79181562189e-08,3.79181562254e-08
0.21073170731707208,768.0,0.000274390243902,0.45,,-3.70640229223e-08,3.70640229094e-08,3.706402291585e-08
0.2110060975609745,769.0,0.000274390243902,0.45,,-3.62286838638e-08,3.62286838509e-08,3.6228683857349995e-08
0.21128048780487693,770.0,0.000274390243902,0.45,,-3.54119603077e-08,3.54119602947e-08,3.54119603012e-08
0.21155487804877937,771.0,0.000274390243902,0.45,,-3.46510474815e-08,3.46510474686e-08,3.465104747505e-08
0.2118292682926818,772.0,0.000274390243902,0.45,,-3.39060671637e-08,3.39060671508e-08,3.390606715725e-08
0.21210365853658425,773.0,0.000274390243902,0.45,,-3.31766953988e-08,3.31766953859e-08,3.317669539235e-08
0.2123780487804867,774.0,0.000274390243902,0.45,,-3.24626145896e-08,3.24626145766e-08,3.24626145831e-08
0.21265243902438913,775.0,0.000274390243902,0.45,,-3.17635133775e-08,3.17635133646e-08,3.1763513371049995e-08
0.21292682926829157,776.0,0.000274390243902,0.45,,-3.10790865261e-08,3.10790865132e-08,3.1079086519650006e-08
0.213201219512194,777.0,0.000274390243902,0.45,,-3.04090348056e-08,3.04090347926e-08,3.04090347991e-08
0.21347560975609645,778.0,0.000274390243902,0.45,,-2.97530648798e-08,2.97530648669e-08,2.975306487335e-08
0.21374999999999889,779.0,0.000274390243902,0.45,,-2.91108891955e-08,2.91108891825e-08,2.9110889189e-08
0.21402439024390132,780.0,0.000274390243902,0.45,,-2.84822258729e-08,2.84822258599e-08,2.8482225866399997e-08
0.21429878048780376,781.0,0.000274390243902,0.45,,-2.7866798599e-08,2.7866798586e-08,2.78667985925e-08
0.2145731707317062,782.0,0.000274390243902,0.45,,-2.72643365219e-08,2.72643365089e-08,2.72643365154e-08
0.21484756097560864,783.0,0.000274390243902,0.45,,-2.66745741478e-08,2.66745741349e-08,2.667457414135e-08
0.21512195121951108,784.0,0.000274390243902,0.45,,-2.60972512394e-08,2.60972512264e-08,2.6097251232900003e-08
0.2153963414634135,785.0,0.000274390243902,0.45,,-2.55321127159e-08,2.55321127029e-08,2.5532112709400002e-08
0.21567073170731593,786.0,0.000274390243902,0.45,,-2.49789085556e-08,2.49789085426e-08,2.49789085491e-08
0.21594512195121837,787.0,0.000274390243902,0.45,,-2.44373936994e-08,2.44373936864e-08,2.44373936929e-08
0.2162195121951208,788.0,0.000274390243902,0.45,,-2.39073279563e-08,2.39073279433e-08,2.39073279498e-08
0.21649390243902325,789.0,0.000274390243902,0.45,,-2.33884759108e-08,2.33884758979e-08,2.338847590435e-08
0.2167682926829257,790.0,0.000274390243902,0.45,,-2.2880606832e-08,2.28806068191e-08,2.288060682555e-08
0.21704268292682813,791.0,0.000274390243902,0.45,,-2.23834945837e-08,2.23834945708e-08,2.238349457725e-08
0.21731707317073057,792.0,0.000274390243902,0.45,,-2.1896917537e-08,2.1896917524e-08,2.18969175305e-08
0.217591463414633,793.0,0.000274390243902,0.45,,-2.14206584836e-08,2.14206584707e-08,2.1420658477149998e-08
0.21786585365853545,794.0,0.000274390243902,0.45,,-2.09545045518e-08,2.09545045389e-08,2.095450454535e-08
0.21814024390243789,795.0,0.000274390243902,0.45,,-2.04982471228e-08,2.04982471098e-08,2.0498247116299998e-08
0.21841463414634033,796.0,0.000274390243902,0.45,,-2.0051681749e-08,2.00516817361e-08,2.005168174255e-08
0.21868902439024276,797.0,0.000274390243902,0.45,,-1.96146080745e-08,1.96146080615e-08,1.9614608067999998e-08
0.2189634146341452,798.0,0.000274390243902,0.45,,-1.91868297556e-08,1.91868297426e-08,1.9186829749099997e-08
0.21923780487804764,799.0,0.000274390243902,0.45,,-1.87681543841e-08,1.87681543712e-08,1.876815437765e-08
0.21951219512195008,800.0,0.000274390243902,0.45,,-1.83583934115e-08,1.83583933985e-08,1.8358393405e-08
0.21978658536585252,801.0,0.000274390243902,0.45,,-1.79573620738e-08,1.79573620608e-08,1.79573620673e-08
0.22006097560975493,802.0,0.000274390243902,0.45,,-1.75648793194e-08,1.75648793065e-08,1.756487931295e-08
0.22033536585365737,803.0,0.000274390243902,0.45,,-1.71807677367e-08,1.71807677237e-08,1.71807677302e-08
0.2206097560975598,804.0,0.000274390243902,0.45,,-1.68048534837e-08,1.68048534707e-08,1.68048534772e-08
0.22088414634146225,805.0,0.000274390243902,0.45,,-1.64369662192e-08,1.64369662063e-08,1.643696621275e-08
0.2211585365853647,806.0,0.000274390243902,0.45,,-1.60769390347e-08,1.60769390217e-08,1.60769390282e-08
0.22143292682926713,807.0,0.000274390243902,0.45,,-1.57246083875e-08,1.57246083746e-08,1.5724608381049998e-08
0.22170731707316957,808.0,0.000274390243902,0.45,,-1.53798140361e-08,1.53798140231e-08,1.53798140296e-08
0.221981707317072,809.0,0.000274390243902,0.45,,-1.50423989751e-08,1.50423989621e-08,1.50423989686e-08
0.22225609756097445,810.0,0.000274390243902,0.45,,-1.47122093728e-08,1.47122093599e-08,1.471220936635e-08
0.2225304878048769,811.0,0.000274390243902,0.45,,-1.43890945093e-08,1.43890944963e-08,1.4389094502799999e-08
0.22280487804877933,812.0,0.000274390243902,0.45,,-1.40729067155e-08,1.40729067026e-08,1.407290670905e-08
0.22307926829268176,813.0,0.000274390243902,0.45,,-1.37635013141e-08,1.37635013011e-08,1.37635013076e-08
0.2233536585365842,814.0,0.000274390243902,0.45,,-1.34607365604e-08,1.34607365475e-08,1.3460736553950001e-08
0.22362804878048664,815.0,0.000274390243902,0.45,,-1.31644735859e-08,1.3164473573e-08,1.316447357945e-08
0.22390243902438908,816.0,0.000274390243902,0.45,,-1.28745763411e-08,1.28745763282e-08,1.287457633465e-08
0.22417682926829152,817.0,0.000274390243902,0.45,,-1.25909115409e-08,1.2590911528e-08,1.259091153445e-08
0.22445121951219393,818.0,0.000274390243902,0.45,,-1.23133486101e-08,1.23133485971e-08,1.23133486036e-08
0.22472560975609637,819.0,0.000274390243902,0.45,,-1.20417596302e-08,1.20417596172e-08,1.20417596237e-08
0.2249999999999988,820.0,0.000274390243902,0.45,,-1.17760192873e-08,1.17760192744e-08,1.177601928085e-08
0.22527439024390125,821.0,0.000274390243902,0.45,,-1.15160048212e-08,1.15160048083e-08,1.151600481475e-08
0.2255487804878037,822.0,0.000274390243902,0.45,,-1.12615959745e-08,1.12615959615e-08,1.1261595968e-08
0.22582317073170613,823.0,0.000274390243902,0.45,,-1.10126749437e-08,1.10126749308e-08,1.1012674937249999e-08
0.22609756097560857,824.0,0.000274390243902,0.45,,-1.0769126331e-08,1.0769126318e-08,1.07691263245e-08
0.226371951219511,825.0,0.000274390243902,0.45,,-1.05308370963e-08,1.05308370833e-08,1.05308370898e-08
0.22664634146341345,826.0,0.000274390243902,0.45,,-1.02976965111e-08,1.02976964981e-08,1.02976965046e-08
0.2269207317073159,827.0,0.000274390243902,0.45,,-1.00695961127e-08,1.00695960998e-08,1.006959610625e-08
0.22719512195121833,828.0,0.000274390243902,0.45,,-9.84642965944e-09,9.84642964648e-09,9.84642965296e-09
0.22746951219512077,829.0,0.000274390243902,0.45,,-9.62809308636e-09,9.6280930734e-09,9.62809307988e-09
0.2277439024390232,830.0,0.000274390243902,0.45,,-9.41448446254e-09,9.41448444958e-09,9.41448445606e-09
0.22801829268292564,831.0,0.000274390243902,0.45,,-9.20550394855e-09,9.20550393559e-09,9.205503942070001e-09
0.22829268292682808,832.0,0.000274390243902,0.45,,-9.00105375496e-09,9.001053742e-09,9.00105374848e-09
0.22856707317073052,833.0,0.000274390243902,0.45,,-8.80103810163e-09,8.80103808868e-09,8.801038095154999e-09
0.22884146341463296,834.0,0.000274390243902,0.45,,-8.60536317778e-09,8.60536316483e-09,8.605363171305e-09
0.22911585365853537,835.0,0.000274390243902,0.45,,-8.41393710278e-09,8.41393708982e-09,8.413937096300001e-09
0.2293902439024378,836.0,0.000274390243902,0.45,,-8.2266698877e-09,8.22666987474e-09,8.22666988122e-09
0.22966463414634025,837.0,0.000274390243902,0.45,,-8.04347339766e-09,8.04347338471e-09,8.043473391185001e-09
0.2299390243902427,838.0,0.000274390243902,0.45,,-7.86426131481e-09,7.86426130186e-09,7.864261308335e-09
0.23021341463414513,839.0,0.000274390243902,0.45,,-7.68894910206e-09,7.68894908911e-09,7.688949095585e-09
0.23048780487804757,840.0,0.000274390243902,0.45,,-7.51745396752e-09,7.51745395456e-09,7.517453961040001e-09
0.23076219512195,841.0,0.000274390243902,0.45,,-7.34969482958e-09,7.34969481662e-09,7.3496948231e-09
0.23103658536585245,842.0,0.000274390243902,0.45,,-7.1855922827e-09,7.18559226975e-09,7.185592276225e-09
0.2313109756097549,843.0,0.000274390243902,0.45,,-7.02506856388e-09,7.02506855092e-09,7.0250685574e-09
0.23158536585365733,844.0,0.000274390243902,0.45,,-6.86804751966e-09,6.8680475067e-09,6.86804751318e-09
0.23185975609755977,845.0,0.000274390243902,0.45,,-6.71445457391e-09,6.71445456095e-09,6.71445456743e-09
0.2321341463414622,846.0,0.000274390243902,0.45,,-6.56421669613e-09,6.56421668317e-09,6.56421668965e-09
0.23240853658536464,847.0,0.000274390243902,0.45,,-6.41726237041e-09,6.41726235745e-09,6.41726236393e-09
0.23268292682926708,848.0,0.000274390243902,0.45,,-6.27352156498e-09,6.27352155202e-09,6.2735215585e-09
0.23295731707316952,849.0,0.000274390243902,0.45,,-6.13292570234e-09,6.13292568939e-09,6.132925695865e-09
0.23323170731707196,850.0,0.000274390243902,0.45,,-5.99540763e-09,5.99540761704e-09,5.99540762352e-09
0.23350609756097437,851.0,0.000274390243902,0.45,,-5.86090159172e-09,5.86090157876e-09,5.86090158524e-09
0.2337804878048768,852.0,0.000274390243902,0.45,,-5.72934319941e-09,5.72934318646e-09,5.7293431929350005e-09
0.23405487804877925,853.0,0.000274390243902,0.45,,-5.60066940548e-09,5.60066939252e-09,5.600669399e-09
0.2343292682926817,854.0,0.000274390243902,0.45,,-5.47481847576e-09,5.4748184628e-09,5.4748184692800004e-09
0.23460365853658413,855.0,0.000274390243902,0.45,,-5.35172996299e-09,5.35172995003e-09,5.3517299565100004e-09
0.23487804878048657,856.0,0.000274390243902,0.45,,-5.23134468076e-09,5.2313446678e-09,5.23134467428e-09
0.235152439024389,857.0,0.000274390243902,0.45,,-5.11360467799e-09,5.11360466503e-09,5.1136046715100005e-09
0.23542682926829145,858.0,0.000274390243902,0.45,,-4.99845321392e-09,4.99845320096e-09,4.99845320744e-09
0.2357012195121939,859.0,0.000274390243902,0.45,,-4.88583473356e-09,4.8858347206e-09,4.88583472708e-09
0.23597560975609633,860.0,0.000274390243902,0.45,,-4.77569484365e-09,4.77569483069e-09,4.775694837170001e-09
0.23624999999999877,861.0,0.000274390243902,0.45,,-4.67012548099e-09,4.67012546803e-09,4.670125474509999e-09
0.2365243902439012,862.0,0.000274390243902,0.45,,-4.56975316105e-09,4.56975314809e-09,4.56975315457e-09
0.23679878048780365,863.0,0.000274390243902,0.45,,-4.47148304136e-09,4.47148302841e-09,4.471483034885e-09
0.23707317073170608,864.0,0.000274390243902,0.45,,-4.3752723652e-09,4.37527235224e-09,4.37527235872e-09
0.23734756097560852,865.0,0.000274390243902,0.45,,-4.28107921531e-09,4.28107920235e-09,4.28107920883e-09
0.23762195121951096,866.0,0.000274390243902,0.45,,-4.18886249817e-09,4.18886248522e-09,4.188862491695e-09
0.2378963414634134,867.0,0.000274390243902,0.45,,-4.09858192852e-09,4.09858191557e-09,4.098581922045e-09
0.2381707317073158,868.0,0.000274390243902,0.45,,-4.01019801417e-09,4.01019800121e-09,4.01019800769e-09
0.23844512195121825,869.0,0.000274390243902,0.45,,-3.92367204104e-09,3.92367202809e-09,3.923672034565e-09
0.2387195121951207,870.0,0.000274390243902,0.45,,-3.83896605856e-09,3.83896604561e-09,3.838966052085e-09
0.23899390243902313,871.0,0.000274390243902,0.45,,-3.7560428652e-09,3.75604285225e-09,3.7560428587250005e-09
0.23926829268292557,872.0,0.000274390243902,0.45,,-3.67486599435e-09,3.67486598139e-09,3.6748659878700003e-09
0.239542682926828,873.0,0.000274390243902,0.45,,-3.59539970041e-09,3.59539968745e-09,3.59539969393e-09
0.23981707317073045,874.0,0.000274390243902,0.45,,-3.51760894515e-09,3.5176089322e-09,3.517608938675e-09
0.2400914634146329,875.0,0.000274390243902,0.45,,-3.44145938432e-09,3.44145937136e-09,3.44145937784e-09
0.24036585365853533,876.0,0.000274390243902,0.45,,-3.36691735441e-09,3.36691734146e-09,3.366917347935e-09
0.24064024390243777,877.0,0.000274390243902,0.45,,-3.29394985981e-09,3.29394984686e-09,3.293949853335e-09
0.2409146341463402,878.0,0.000274390243902,0.45,,-3.22252456004e-09,3.22252454709e-09,3.2225245535650003e-09
0.24118902439024265,879.0,0.000274390243902,0.45,,-3.15260975731e-09,3.15260974435e-09,3.1526097508300003e-09
0.24146341463414508,880.0,0.000274390243902,0.45,,-3.08417438425e-09,3.08417437129e-09,3.08417437777e-09
0.24173780487804752,881.0,0.000274390243902,0.45,,-3.01718799189e-09,3.01718797893e-09,3.01718798541e-09
0.24201219512194996,882.0,0.000274390243902,0.45,,-2.95162073786e-09,2.9516207249e-09,2.9516207313800002e-09
0.2422865853658524,883.0,0.000274390243902,0.45,,-2.88744337477e-09,2.88744336182e-09,2.887443368295e-09
0.24256097560975481,884.0,0.000274390243902,0.45,,-2.82462723884e-09,2.82462722588e-09,2.8246272323600003e-09
0.24283536585365725,885.0,0.000274390243902,0.45,,-2.76314423869e-09,2.76314422573e-09,2.76314423221e-09
0.2431097560975597,886.0,0.000274390243902,0.45,,-2.70296684439e-09,2.70296683143e-09,2.7029668379099998e-09
0.24338414634146213,887.0,0.000274390243902,0.45,,-2.64406807665e-09,2.64406806369e-09,2.64406807017e-09
0.24365853658536457,888.0,0.000274390243902,0.45,,-2.58642149627e-09,2.58642148331e-09,2.58642148979e-09
0.243932926829267,889.0,0.000274390243902,0.45,,-2.5300011937e-09,2.53000118075e-09,2.530001187225e-09
0.24420731707316945,890.0,0.000274390243902,0.45,,-2.47478177891e-09,2.47478176595e-09,2.47478177243e-09
0.2444817073170719,891.0,0.000274390243902,0.45,,-2.42073837127e-09,2.42073835832e-09,2.420738364795e-09
0.24475609756097433,892.0,0.000274390243902,0.45,,-2.36784658983e-09,2.36784657687e-09,2.36784658335e-09
0.24503048780487677,893.0,0.000274390243902,0.45,,-2.31608254358e-09,2.31608253062e-09,2.3160825370999998e-09
0.2453048780487792,894.0,0.000274390243902,0.45,,-2.26542282202e-09,2.26542280906e-09,2.2654228155399997e-09
0.24557926829268165,895.0,0.000274390243902,0.45,,-2.21584448584e-09,2.21584447289e-09,2.215844479365e-09
0.24585365853658409,896.0,0.000274390243902,0.45,,-2.16732505781e-09,2.16732504486e-09,2.167325051335e-09
0.24612804878048652,897.0,0.000274390243902,0.45,,-2.11984251379e-09,2.11984250084e-09,2.119842507315e-09
0.24640243902438896,898.0,0.000274390243902,0.45,,-2.07337527395e-09,2.07337526099e-09,2.0733752674700002e-09
0.2466768292682914,899.0,0.000274390243902,0.45,,-2.02790219413e-09,2.02790218117e-09,2.02790218765e-09
0.24695121951219384,900.0,0.000274390243902,0.45,,-1.98340255736e-09,1.98340254441e-09,1.983402550885e-09
0.24722560975609625,901.0,0.000274390243902,0.45,,-1.93985606557e-09,1.93985605262e-09,1.9398560590949997e-09
0.2474999999999987,902.0,0.000274390243902,0.45,,-1.8972428314e-09,1.89724281844e-09,1.8972428249199997e-09
0.24777439024390113,903.0,0.000274390243902,0.45,,-1.85554337017e-09,1.85554335722e-09,1.8555433636950001e-09
0.24804878048780357,904.0,0.000274390243902,0.45,,-1.81473859208e-09,1.81473857912e-09,1.8147385856e-09
0.248323170731706,905.0,0.000274390243902,0.45,,-1.77480979441e-09,1.77480978146e-09,1.774809787935e-09
0.24859756097560845,906.0,0.000274390243902,0.45,,-1.73573865404e-09,1.73573864108e-09,1.73573864756e-09
0.2488719512195109,907.0,0.000274390243902,0.45,,-1.69750721992e-09,1.69750720697e-09,1.697507213445e-09
0.24914634146341333,908.0,0.000274390243902,0.45,,-1.66009790587e-09,1.66009789292e-09,1.660097899395e-09
0.24942073170731577,909.0,0.000274390243902,0.45,,-1.62349348336e-09,1.6234934704e-09,1.62349347688e-09
0.2496951219512182,910.0,0.000274390243902,0.45,,-1.58767707451e-09,1.58767706155e-09,1.58767706803e-09
0.24996951219512065,911.0,0.000274390243902,0.45,,-1.5526321452e-09,1.55263213224e-09,1.55263213872e-09
0.25024390243902306,912.0,0.000274390243902,0.45,,-1.51834249831e-09,1.51834248536e-09,1.518342491835e-09
0.2505182926829255,913.0,0.000274390243902,0.45,,-1.48479226709e-09,1.48479225414e-09,1.484792260615e-09
0.25079268292682794,914.0,0.000274390243902,0.45,,-1.45196590864e-09,1.45196589569e-09,1.451965902165e-09
0.2510670731707304,915.0,0.000274390243902,0.45,,-1.41984819752e-09,1.41984818457e-09,1.419848191045e-09
0.2513414634146328,916.0,0.000274390243902,0.45,,-1.38842421951e-09,1.38842420655e-09,1.38842421303e-09
0.2516158536585353,917.0,0.000274390243902,0.45,,-1.35767936543e-09,1.35767935247e-09,1.35767935895e-09
0.2518902439024377,918.0,0.000274390243902,0.45,,-1.32759932512e-09,1.32759931217e-09,1.3275993186450001e-09
0.25216463414634016,919.0,0.000274390243902,0.45,,-1.29817008156e-09,1.2981700686e-09,1.29817007508e-09
0.2524390243902426,920.0,0.000274390243902,0.45,,-1.26937790499e-09,1.26937789204e-09,1.269377898515e-09
0.25271341463414504,921.0,0.000274390243902,0.45,,-1.24120934729e-09,1.24120933433e-09,1.2412093408100001e-09
0.25298780487804745,922.0,0.000274390243902,0.45,,-1.21365123634e-09,1.21365122338e-09,1.21365122986e-09
0.2532621951219499,923.0,0.000274390243902,0.45,,-1.18669067056e-09,1.18669065761e-09,1.186690664085e-09
0.25353658536585233,924.0,0.000274390243902,0.45,,-1.16031501356e-09,1.16031500061e-09,1.160315007085e-09
0.25381097560975474,925.0,0.000274390243902,0.45,,-1.13451188882e-09,1.13451187586e-09,1.13451188234e-09
0.2540853658536572,926.0,0.000274390243902,0.45,,-1.10926917453e-09,1.10926916157e-09,1.10926916805e-09
0.2543597560975596,927.0,0.000274390243902,0.45,,-1.08457499854e-09,1.08457498559e-09,1.084574992065e-09
0.2546341463414621,928.0,0.000274390243902,0.45,,-1.06041773337e-09,1.06041772042e-09,1.0604177268950001e-09
0.2549085365853645,929.0,0.000274390243902,0.45,,-1.03678599131e-09,1.03678597835e-09,1.03678598483e-09
0.25518292682926697,930.0,0.000274390243902,0.45,,-1.01366861965e-09,1.0136686067e-09,1.0136686131750001e-09
0.2554573170731694,931.0,0.000274390243902,0.45,,-9.91054695997e-10,9.91054683041e-10,9.91054689519e-10
0.25573170731707184,932.0,0.000274390243902,0.45,,-9.68933523626e-10,9.68933510671e-10,9.689335171485e-10
0.25600609756097426,933.0,0.000274390243902,0.45,,-9.47294627007e-10,9.47294614051e-10,9.47294620529e-10
0.2562804878048767,934.0,0.000274390243902,0.45,,-9.26127747348e-10,9.26127734393e-10,9.261277408705e-10
0.25655487804877913,935.0,0.000274390243902,0.45,,-9.0542283826e-10,9.05422825305e-10,9.054228317825e-10
0.2568292682926816,936.0,0.000274390243902,0.45,,-8.85170061491e-10,8.85170048535e-10,8.851700550130001e-10
0.257103658536584,937.0,0.000274390243902,0.45,,-8.65359782747e-10,8.65359769791e-10,8.65359776269e-10
0.2573780487804865,938.0,0.000274390243902,0.45,,-8.45982567595e-10,8.45982554639e-10,8.459825611169999e-10
0.2576524390243889,939.0,0.000274390243902,0.45,,-8.27029177444e-10,8.27029164488e-10,8.270291709659999e-10
0.25792682926829136,940.0,0.000274390243902,0.45,,-8.084905656e-10,8.08490552644e-10,8.084905591220001e-10
0.25820121951219377,941.0,0.000274390243902,0.45,,-7.90357873405e-10,7.90357860449e-10,7.90357866927e-10
0.2584756097560962,942.0,0.000274390243902,0.45,,-7.72622426443e-10,7.72622413487e-10,7.72622419965e-10
0.25874999999999865,943.0,0.000274390243902,0.45,,-7.55275730825e-10,7.5527571787e-10,7.552757243475e-10
0.25902439024390106,944.0,0.000274390243902,0.45,,-7.38309469546e-10,7.38309456591e-10,7.383094630685e-10
0.2592987804878035,945.0,0.000274390243902,0.45,,-7.21715498909e-10,7.21715485954e-10,7.217154924315e-10
0.25957317073170594,946.0,0.000274390243902,0.45,,-7.05485845022e-10,7.05485832066e-10,7.05485838544e-10
0.2598475609756084,947.0,0.000274390243902,0.45,,-6.8961270036e-10,6.89612687405e-10,6.896126938825e-10
0.2601219512195108,948.0,0.000274390243902,0.45,,-6.74088420403e-10,6.74088407447e-10,6.74088413925e-10
0.2603963414634133,949.0,0.000274390243902,0.45,,-6.58905520324e-10,6.58905507368e-10,6.58905513846e-10
0.2606707317073157,950.0,0.000274390243902,0.45,,-6.44056671758e-10,6.44056658802e-10,6.4405666528e-10
0.26094512195121816,951.0,0.000274390243902,0.45,,-6.29534699623e-10,6.29534686667e-10,6.29534693145e-10
0.2612195121951206,952.0,0.000274390243902,0.45,,-6.15894355207e-10,6.15894342253e-10,6.1589434873e-10
0.26149390243902304,953.0,0.000274390243902,0.45,,-6.02654231557e-10,6.02654218602e-10,6.026542250795e-10
0.26176829268292545,954.0,0.000274390243902,0.45,,-5.8969148009e-10,5.89691467135e-10,5.896914736125e-10
0.2620426829268279,955.0,0.000274390243902,0.45,,-5.77000457646e-10,5.77000444691e-10,5.770004511685e-10
0.26231707317073033,956.0,0.000274390243902,0.45,,-5.64575631904e-10,5.64575618949e-10,5.645756254265e-10
0.2625914634146328,957.0,0.000274390243902,0.45,,-5.52411579298e-10,5.52411566343e-10,5.524115728205e-10
0.2628658536585352,958.0,0.000274390243902,0.45,,-5.40502982978e-10,5.40502970023e-10,5.405029765005e-10
0.2631402439024376,959.0,0.000274390243902,0.45,,-5.288446308e-10,5.28844617845e-10,5.288446243225e-10
0.2634146341463401,960.0,0.000274390243902,0.45,,-5.17431413354e-10,5.17431400399e-10,5.174314068765e-10
0.2636890243902425,961.0,0.000274390243902,0.45,,-5.06258322029e-10,5.06258309074e-10,5.062583155515e-10
0.26396341463414497,962.0,0.000274390243902,0.45,,-4.95320447107e-10,4.95320434152e-10,4.953204406295e-10
0.2642378048780474,963.0,0.000274390243902,0.45,,-4.84612975899e-10,4.84612962944e-10,4.846129694215e-10
0.26451219512194984,964.0,0.000274390243902,0.45,,-4.74131190902e-10,4.74131177947e-10,4.741311844244999e-10
0.26478658536585226,965.0,0.000274390243902,0.45,,-4.63870468002e-10,4.63870455047e-10,4.638704615245e-10
0.2650609756097547,966.0,0.000274390243902,0.45,,-4.53826274701e-10,4.53826261746e-10,4.538262682235e-10
0.26533536585365713,967.0,0.000274390243902,0.45,,-4.43994168378e-10,4.43994155423e-10,4.439941619005e-10
0.2656097560975596,968.0,0.000274390243902,0.45,,-4.34369794578e-10,4.34369781623e-10,4.343697881005e-10
0.265884146341462,969.0,0.000274390243902,0.45,,-4.24948885339e-10,4.24948872384e-10,4.249488788615e-10
0.2661585365853645,970.0,0.000274390243902,0.45,,-4.1572725754e-10,4.15727244586e-10,4.15727251063e-10
0.2664329268292669,971.0,0.000274390243902,0.45,,-4.06700811289e-10,4.06700798334e-10,4.067008048115e-10
0.26670731707316936,972.0,0.000274390243902,0.45,,-3.97865528328e-10,3.97865515373e-10,3.978655218505e-10
0.26698170731707177,973.0,0.000274390243902,0.45,,-3.89217470475e-10,3.8921745752e-10,3.892174639975e-10
0.26725609756097424,974.0,0.000274390243902,0.45,,-3.80752778094e-10,3.80752765139e-10,3.807527716165e-10
0.26753048780487665,975.0,0.000274390243902,0.45,,-3.7246766859e-10,3.72467655634e-10,3.72467662112e-10
0.26780487804877906,976.0,0.000274390243902,0.45,,-3.64358434929e-10,3.64358421974e-10,3.643584284515e-10
0.2680792682926815,977.0,0.000274390243902,0.45,,-3.56421444194e-10,3.56421431239e-10,3.564214377165e-10
0.26835365853658394,978.0,0.000274390243902,0.45,,-3.48653136155e-10,3.486531232e-10,3.486531296775e-10
0.2686280487804864,979.0,0.000274390243902,0.45,,-3.41050021875e-10,3.4105000892e-10,3.410500153975e-10
0.2689024390243888,980.0,0.000274390243902,0.45,,-3.33608682336e-10,3.33608669381e-10,3.336086758585e-10
0.2691768292682913,981.0,0.000274390243902,0.45,,-3.26325767091e-10,3.26325754136e-10,3.263257606135e-10
0.2694512195121937,982.0,0.000274390243902,0.45,,-3.19197992945e-10,3.1919797999e-10,3.191979864675e-10
0.26972560975609616,983.0,0.000274390243902,0.45,,-3.12222142651e-10,3.12222129696e-10,3.122221361735e-10
0.2699999999999986,984.0,0.000274390243902,0.45,,-3.0539506364e-10,3.05395050685e-10,3.0539505716250003e-10
0.27027439024390104,985.0,0.000274390243902,0.45,,-2.98713666767e-10,2.98713653812e-10,2.987136602895e-10
0.27054878048780345,986.0,0.000274390243902,0.45,,-2.92174925085e-10,2.9217491213e-10,2.921749186075e-10
0.2708231707317059,987.0,0.000274390243902,0.45,,-2.85775872636e-10,2.85775859681e-10,2.857758661585e-10
0.27109756097560833,988.0,0.000274390243902,0.45,,-2.7951360327e-10,2.79513590315e-10,2.795135967925e-10
0.2713719512195108,989.0,0.000274390243902,0.45,,-2.73385269483e-10,2.73385256528e-10,2.733852630055e-10
0.2716463414634132,990.0,0.000274390243902,0.45,,-2.67388081278e-10,2.67388068323e-10,2.673880748005e-10
0.2719207317073156,991.0,0.000274390243902,0.45,,-2.61519305042e-10,2.61519292087e-10,2.615192985645e-10
0.2721951219512181,992.0,0.000274390243902,0.45,,-2.55776262452e-10,2.55776249497e-10,2.557762559745e-10
0.2724695121951205,993.0,0.000274390243902,0.45,,-2.50156329396e-10,2.50156316441e-10,2.501563229185e-10
0.27274390243902297,994.0,0.000274390243902,0.45,,-2.44656934912e-10,2.44656921957e-10,2.446569284345e-10
0.2730182926829254,995.0,0.000274390243902,0.45,,-2.39275560156e-10,2.39275547201e-10,2.392755536785e-10
0.27329268292682785,996.0,0.000274390243902,0.45,,-2.34009737375e-10,2.3400972442e-10,2.340097308975e-10
0.27356707317073026,997.0,0.000274390243902,0.45,,-2.28857048915e-10,2.28857035959e-10,2.28857042437e-10
0.2738414634146327,998.0,0.000274390243902,0.45,,-2.23815126234e-10,2.23815113279e-10,2.238151197565e-10
0.27411585365853514,999.0,0.000274390243902,0.45,,-2.18881648943e-10,2.18881635988e-10,2.188816424655e-10
0.2743902439024376,1000.0,0.000274390243902,0.45,,-2.14054343858e-10,2.14054330903e-10,2.140543373805e-10
0.27466463414634,1001.0,0.000274390243902,0.45,,-2.09330984077e-10,2.09330971122e-10,2.093309775995e-10
0.2749390243902425,1002.0,0.000274390243902,0.45,,-2.04709388064e-10,2.04709375109e-10,2.047093815865e-10
0.2752134146341449,1003.0,0.000274390243902,0.45,,-2.00187418764e-10,2.00187405808e-10,2.00187412286e-10
0.27548780487804736,1004.0,0.000274390243902,0.45,,-1.95762982719e-10,1.95762969764e-10,1.957629762415e-10
0.27576219512194977,1005.0,0.000274390243902,0.45,,-1.91434029216e-10,1.91434016261e-10,1.9143402273850001e-10
0.27603658536585224,1006.0,0.000274390243902,0.45,,-1.8719854944e-10,1.87198536485e-10,1.871985429625e-10
0.27631097560975465,1007.0,0.000274390243902,0.45,,-1.83054575647e-10,1.83054562691e-10,1.83054569169e-10
0.27658536585365706,1008.0,0.000274390243902,0.45,,-1.79000180351e-10,1.79000167396e-10,1.790001738735e-10
0.27685975609755953,1009.0,0.000274390243902,0.45,,-1.75033475533e-10,1.75033462578e-10,1.7503346905550001e-10
0.27713414634146194,1010.0,0.000274390243902,0.45,,-1.71152611855e-10,1.711525989e-10,1.711526053775e-10
0.2774085365853644,1011.0,0.000274390243902,0.45,,-1.67355777893e-10,1.67355764938e-10,1.673557714155e-10
0.2776829268292668,1012.0,0.000274390243902,0.45,,-1.6364119939e-10,1.63641186435e-10,1.636411929125e-10
0.2779573170731693,1013.0,0.000274390243902,0.45,,-1.60007138515e-10,1.60007125559e-10,1.6000713203700002e-10
0.2782317073170717,1014.0,0.000274390243902,0.45,,-1.56451893138e-10,1.56451880182e-10,1.5645188666e-10
0.27850609756097416,1015.0,0.000274390243902,0.45,,-1.52973796124e-10,1.52973783169e-10,1.529737896465e-10
0.2787804878048766,1016.0,0.000274390243902,0.45,,-1.49571214637e-10,1.49571201682e-10,1.495712081595e-10
0.27905487804877904,1017.0,0.000274390243902,0.45,,-1.46242549453e-10,1.46242536498e-10,1.462425429755e-10
0.27932926829268145,1018.0,0.000274390243902,0.45,,-1.42986234294e-10,1.42986221338e-10,1.42986227816e-10
0.2796036585365839,1019.0,0.000274390243902,0.45,,-1.39800735167e-10,1.39800722211e-10,1.3980072868900002e-10
0.27987804878048633,1020.0,0.000274390243902,0.45,,-1.36684549725e-10,1.36684536769e-10,1.36684543247e-10
0.2801524390243888,1021.0,0.000274390243902,0.45,,-1.3363620663e-10,1.33636193675e-10,1.336362001525e-10
0.2804268292682912,1022.0,0.000274390243902,0.45,,-1.30654264937e-10,1.30654251981e-10,1.30654258459e-10
0.2807012195121937,1023.0,0.000274390243902,0.45,,-1.27737313482e-10,1.27737300526e-10,1.2773730700399998e-10
0.2809756097560961,1024.0,0.000274390243902,0.45,,-1.24883970288e-10,1.24883957333e-10,1.248839638105e-10
0.2812499999999985,1025.0,0.000274390243902,0.45,,-1.22092881981e-10,1.22092869025e-10,1.22092875503e-10
0.28152439024390097,1026.0,0.000274390243902,0.45,,-1.19362723213e-10,1.19362710258e-10,1.193627167355e-10
0.2817987804878034,1027.0,0.000274390243902,0.45,,-1.16692196104e-10,1.16692183148e-10,1.16692189626e-10
0.28207317073170585,1028.0,0.000274390243902,0.45,,-1.14080029685e-10,1.1408001673e-10,1.1408002320749999e-10
0.28234756097560826,1029.0,0.000274390243902,0.45,,-1.11524979363e-10,1.11524966408e-10,1.115249728855e-10
0.2826219512195107,1030.0,0.000274390243902,0.45,,-1.09025826385e-10,1.09025813429e-10,1.0902581990700001e-10
0.28289634146341314,1031.0,0.000274390243902,0.45,,-1.0658137732e-10,1.06581364365e-10,1.0658137084250001e-10
0.2831707317073156,1032.0,0.000274390243902,0.45,,-1.0419046355e-10,1.04190450595e-10,1.041904570725e-10
0.283445121951218,1033.0,0.000274390243902,0.45,,-1.01851940769e-10,1.01851927813e-10,1.01851934291e-10
0.2837195121951205,1034.0,0.000274390243902,0.45,,-9.95646884888e-11,9.95646755335e-11,9.956468201115e-11
0.2839939024390229,1035.0,0.000274390243902,0.45,,-9.73276095646e-11,9.73275966093e-11,9.732760308695e-11
0.28426829268292536,1036.0,0.000274390243902,0.45,,-9.5139629718e-11,9.51396167627e-11,9.513962324035001e-11
0.2845426829268278,1037.0,0.000274390243902,0.45,,-9.29996970767e-11,9.29996841214e-11,9.299969059905e-11
0.28481707317073024,1038.0,0.000274390243902,0.45,,-9.09067817204e-11,9.09067687651e-11,9.090677524275001e-11
0.28509146341463265,1039.0,0.000274390243902,0.45,,-8.88598752366e-11,8.88598622813e-11,8.885986875894999e-11
0.2853658536585351,1040.0,0.000274390243902,0.45,,-8.68579902843e-11,8.6857977329e-11,8.685798380664999e-11
0.28564024390243753,1041.0,0.000274390243902,0.45,,-8.49001601669e-11,8.49001472115e-11,8.49001536892e-11
0.28591463414633994,1042.0,0.000274390243902,0.45,,-8.30076051272e-11,8.30075921723e-11,8.300759864975e-11
0.2861890243902424,1043.0,0.000274390243902,0.45,,-8.12237457625e-11,8.12237328075e-11,8.1223739285e-11
0.2864634146341448,1044.0,0.000274390243902,0.45,,-7.94772435427e-11,7.94772305877e-11,7.94772370652e-11
0.2867378048780473,1045.0,0.000274390243902,0.45,,-7.77673387555e-11,7.77673258006e-11,7.776733227805001e-11
0.2870121951219497,1046.0,0.000274390243902,0.45,,-7.60932866022e-11,7.60932736473e-11,7.609328012475e-11
0.28728658536585217,1047.0,0.000274390243902,0.45,,-7.44543569182e-11,7.44543439633e-11,7.445435044075001e-11
0.2875609756097546,1048.0,0.000274390243902,0.45,,-7.28498338981e-11,7.28498209431e-11,7.28498274206e-11
0.28783536585365704,1049.0,0.000274390243902,0.45,,-7.12790158256e-11,7.12790028706e-11,7.12790093481e-11
0.28810975609755946,1050.0,0.000274390243902,0.45,,-6.97412148089e-11,6.97412018539e-11,6.97412083314e-11
0.2883841463414619,1051.0,0.000274390243902,0.45,,-6.82357565197e-11,6.82357435647e-11,6.823575004219999e-11
0.28865853658536433,1052.0,0.000274390243902,0.45,,-6.67619799375e-11,6.67619669825e-11,6.676197346e-11
0.2889329268292668,1053.0,0.000274390243902,0.45,,-6.53192370984e-11,6.53192241434e-11,6.53192306209e-11
0.2892073170731692,1054.0,0.000274390243902,0.45,,-6.39068928479e-11,6.39068798929e-11,6.39068863704e-11
0.2894817073170717,1055.0,0.000274390243902,0.45,,-6.25243245987e-11,6.25243116437e-11,6.252431812120001e-11
0.2897560975609741,1056.0,0.000274390243902,0.45,,-6.11709220927e-11,6.11709091377e-11,6.117091561519999e-11
0.29003048780487656,1057.0,0.000274390243902,0.45,,-5.98460871663e-11,5.98460742113e-11,5.984608068880001e-11
0.29030487804877897,1058.0,0.000274390243902,0.45,,-5.85492335218e-11,5.85492205668e-11,5.85492270443e-11
0.2905792682926814,1059.0,0.000274390243902,0.45,,-5.72797865007e-11,5.72797735457e-11,5.7279780023199997e-11
0.29085365853658385,1060.0,0.000274390243902,0.45,,-5.60371828629e-11,5.60371699079e-11,5.60371763854e-11
0.29112804878048626,1061.0,0.000274390243902,0.45,,-5.48208705689e-11,5.48208576138e-11,5.482086409135e-11
0.2914024390243887,1062.0,0.000274390243902,0.45,,-5.36303085657e-11,5.36302956107e-11,5.36303020882e-11
0.29167682926829114,1063.0,0.000274390243902,0.45,,-5.24649665776e-11,5.24649536226e-11,5.2464960100099995e-11
0.2919512195121936,1064.0,0.000274390243902,0.45,,-5.13243248999e-11,5.13243119448e-11,5.132431842235e-11
0.292225609756096,1065.0,0.000274390243902,0.45,,-5.02078741964e-11,5.02078612413e-11,5.020786771885e-11
0.2924999999999985,1066.0,0.000274390243902,0.45,,-4.9115115301e-11,4.9115102346e-11,4.9115108823499996e-11
0.2927743902439009,1067.0,0.000274390243902,0.45,,-4.80455590226e-11,4.80455460676e-11,4.80455525451e-11
0.29304878048780336,1068.0,0.000274390243902,0.45,,-4.69987259536e-11,4.69987129985e-11,4.699871947605e-11
0.2933231707317058,1069.0,0.000274390243902,0.45,,-4.59741462816e-11,4.59741333265e-11,4.5974139804049995e-11
0.29359756097560824,1070.0,0.000274390243902,0.45,,-4.49713596052e-11,4.49713466501e-11,4.4971353127649995e-11
0.29387195121951065,1071.0,0.000274390243902,0.45,,-4.39899147526e-11,4.39899017975e-11,4.398990827505e-11
0.2941463414634131,1072.0,0.000274390243902,0.45,,-4.30293696035e-11,4.30293566485e-11,4.3029363125999996e-11
0.29442073170731553,1073.0,0.000274390243902,0.45,,-4.20892909149e-11,4.20892779598e-11,4.2089284437350004e-11
0.29469512195121794,1074.0,0.000274390243902,0.45,,-4.11692541489e-11,4.11692411938e-11,4.116924767135e-11
0.2949695121951204,1075.0,0.000274390243902,0.45,,-4.02688433051e-11,4.026883035e-11,4.026883682755e-11
0.2952439024390228,1076.0,0.000274390243902,0.45,,-3.93876507548e-11,3.93876377998e-11,3.93876442773e-11
0.2955182926829253,1077.0,0.000274390243902,0.45,,-3.85252770794e-11,3.85252641243e-11,3.852527060185e-11
0.2957926829268277,1078.0,0.000274390243902,0.45,,-3.76813309105e-11,3.76813179554e-11,3.768132443295e-11
0.29606707317073017,1079.0,0.000274390243902,0.45,,-3.68554287741e-11,3.6855415819e-11,3.685542229655e-11
0.2963414634146326,1080.0,0.000274390243902,0.45,,-3.60471949371e-11,3.6047181982e-11,3.604718845955e-11
0.29661585365853504,1081.0,0.000274390243902,0.45,,-3.52562612566e-11,3.52562483015e-11,3.5256254779049996e-11
0.29689024390243746,1082.0,0.000274390243902,0.45,,-3.44822670325e-11,3.44822540774e-11,3.448226055495e-11
0.2971646341463399,1083.0,0.000274390243902,0.45,,-3.3724858862e-11,3.37248459069e-11,3.372485238445e-11
0.29743902439024233,1084.0,0.000274390243902,0.45,,-3.29836904976e-11,3.29836775425e-11,3.298368402005e-11
0.2977134146341448,1085.0,0.000274390243902,0.45,,-3.22584227074e-11,3.22584097523e-11,3.225841622985e-11
0.2979878048780472,1086.0,0.000274390243902,0.45,,-3.15487231377e-11,3.15487101826e-11,3.154871666015e-11
0.2982621951219497,1087.0,0.000274390243902,0.45,,-3.0854266179e-11,3.08542532239e-11,3.085425970145e-11
0.2985365853658521,1088.0,0.000274390243902,0.45,,-3.01747328335e-11,3.01747198784e-11,3.017472635595e-11
0.29881097560975456,1089.0,0.000274390243902,0.45,,-2.95098105858e-11,2.95097976307e-11,2.950980410825e-11
0.29908536585365697,1090.0,0.000274390243902,0.45,,-2.88591932755e-11,2.88591803204e-11,2.885918679795e-11
0.2993597560975594,1091.0,0.000274390243902,0.45,,-2.8222580973e-11,2.82225680179e-11,2.822257449545e-11
0.29963414634146185,1092.0,0.000274390243902,0.45,,-2.75996798564e-11,2.75996669013e-11,2.759967337885e-11
0.29990853658536426,1093.0,0.000274390243902,0.45,,-2.69902020919e-11,2.69901891368e-11,2.699019561435e-11
0.3001829268292667,1094.0,0.000274390243902,0.45,,-2.63938657157e-11,2.63938527606e-11,2.639385923815e-11
0.30045731707316914,1095.0,0.000274390243902,0.45,,-2.58103945185e-11,2.58103815634e-11,2.581038804095e-11
0.3007317073170716,1096.0,0.000274390243902,0.45,,-2.52395179318e-11,2.52395049767e-11,2.5239511454249998e-11
0.301006097560974,1097.0,0.000274390243902,0.45,,-2.46809709169e-11,2.46809579618e-11,2.4680964439350003e-11
0.3012804878048765,1098.0,0.000274390243902,0.45,,-2.41344938556e-11,2.41344809005e-11,2.4134487378049997e-11
0.3015548780487789,1099.0,0.000274390243902,0.45,,-2.35998324428e-11,2.35998194877e-11,2.3599825965249998e-11
0.30182926829268136,1100.0,0.000274390243902,0.45,,-2.30767375816e-11,2.30767246265e-11,2.3076731104050002e-11
0.3021036585365838,1101.0,0.000274390243902,0.45,,-2.25649652803e-11,2.25649523252e-11,2.2564958802749998e-11
0.30237804878048624,1102.0,0.000274390243902,0.45,,-2.20642765508e-11,2.20642635957e-11,2.206427007325e-11
0.30265243902438865,1103.0,0.000274390243902,0.45,,-2.15744373098e-11,2.15744243546e-11,2.1574430832199997e-11
0.3029268292682911,1104.0,0.000274390243902,0.45,,-2.10952182811e-11,2.10952053259e-11,2.10952118035e-11
0.30320121951219353,1105.0,0.000274390243902,0.45,,-2.06263949003e-11,2.06263819451e-11,2.06263884227e-11
0.303475609756096,1106.0,0.000274390243902,0.45,,-2.0167747221e-11,2.01677342659e-11,2.016774074345e-11
0.3037499999999984,1107.0,0.000274390243902,0.45,,-1.9719059823e-11,1.97190468679e-11,1.9719053345449998e-11
0.3040243902439008,1108.0,0.000274390243902,0.45,,-1.9280121722e-11,1.92801087669e-11,1.928011524445e-11
0.3042987804878033,1109.0,0.000274390243902,0.45,,-1.88507262813e-11,1.88507133262e-11,1.8850719803749998e-11
0.3045731707317057,1110.0,0.000274390243902,0.45,,-1.8430671125e-11,1.84306581698e-11,1.84306646474e-11
0.30484756097560817,1111.0,0.000274390243902,0.45,,-1.80197580528e-11,1.80197450976e-11,1.80197515752e-11
0.3051219512195106,1112.0,0.000274390243902,0.45,,-1.76177929569e-11,1.76177800018e-11,1.761778647935e-11
0.30539634146341305,1113.0,0.000274390243902,0.45,,-1.722458574e-11,1.72245727848e-11,1.7224579262399998e-11
0.30567073170731546,1114.0,0.000274390243902,0.45,,-1.68399502347e-11,1.68399372796e-11,1.683994375715e-11
0.3059451219512179,1115.0,0.000274390243902,0.45,,-1.64637041254e-11,1.64636911703e-11,1.646369764785e-11
0.30621951219512034,1116.0,0.000274390243902,0.45,,-1.60956688706e-11,1.60956559155e-11,1.609566239305e-11
0.3064939024390228,1117.0,0.000274390243902,0.45,,-1.57356696274e-11,1.57356566723e-11,1.573566314985e-11
0.3067682926829252,1118.0,0.000274390243902,0.45,,-1.53835351772e-11,1.53835222221e-11,1.538352869965e-11
0.3070426829268277,1119.0,0.000274390243902,0.45,,-1.50390978528e-11,1.50390848976e-11,1.50390913752e-11
0.3073170731707301,1120.0,0.000274390243902,0.45,,-1.47021934671e-11,1.47021805119e-11,1.4702186989500003e-11
0.30759146341463256,1121.0,0.000274390243902,0.45,,-1.4372661243e-11,1.43726482878e-11,1.43726547654e-11
0.30786585365853497,1122.0,0.000274390243902,0.45,,-1.40503437448e-11,1.40503307897e-11,1.405033726725e-11
0.30814024390243744,1123.0,0.000274390243902,0.45,,-1.37350868109e-11,1.37350738557e-11,1.37350803333e-11
0.30841463414633985,1124.0,0.000274390243902,0.45,,-1.34267394874e-11,1.34267265322e-11,1.34267330098e-11
0.30868902439024226,1125.0,0.000274390243902,0.45,,-1.31251539637e-11,1.31251410086e-11,1.3125147486149999e-11
0.30896341463414473,1126.0,0.000274390243902,0.45,,-1.28301855092e-11,1.28301725541e-11,1.283017903165e-11
0.30923780487804714,1127.0,0.000274390243902,0.45,,-1.25416924104e-11,1.25416794552e-11,1.2541685932799999e-11
0.3095121951219496,1128.0,0.000274390243902,0.45,,-1.22595359103e-11,1.22595229552e-11,1.2259529432750001e-11
0.309786585365852,1129.0,0.000274390243902,0.45,,-1.19835801486e-11,1.19835671935e-11,1.198357367105e-11
0.3100609756097545,1130.0,0.000274390243902,0.45,,-1.17136921028e-11,1.17136791476e-11,1.17136856252e-11
0.3103353658536569,1131.0,0.000274390243902,0.45,,-1.14497415306e-11,1.14497285755e-11,1.144973505305e-11
0.31060975609755936,1132.0,0.000274390243902,0.45,,-1.11916009139e-11,1.11915879588e-11,1.119159443635e-11
0.3108841463414618,1133.0,0.000274390243902,0.45,,-1.09470263565e-11,1.09470134015e-11,1.0947019879000001e-11
0.31115853658536424,1134.0,0.000274390243902,0.45,,-1.07117170484e-11,1.07117040934e-11,1.0711710570899999e-11
0.31143292682926665,1135.0,0.000274390243902,0.45,,-1.04813367874e-11,1.04813238324e-11,1.0481330309899999e-11
0.3117073170731691,1136.0,0.000274390243902,0.45,,-1.02557853043e-11,1.02557723493e-11,1.02557788268e-11
0.31198170731707153,1137.0,0.000274390243902,0.45,,-1.0034964299e-11,1.0034951344e-11,1.00349578215e-11
0.312256097560974,1138.0,0.000274390243902,0.45,,-9.81877740341e-12,9.81876444839e-12,9.8187709259e-12
0.3125304878048764,1139.0,0.000274390243902,0.45,,-9.60713014541e-12,9.60711719039e-12,9.6071236679e-12
0.3128048780487788,1140.0,0.000274390243902,0.45,,-9.39992991304e-12,9.39991695801e-12,9.399923435524999e-12
0.3130792682926813,1141.0,0.000274390243902,0.45,,-9.19708591948e-12,9.19707296445e-12,9.197079441965e-12
0.3133536585365837,1142.0,0.000274390243902,0.45,,-8.99850916869e-12,8.99849621366e-12,8.998502691175e-12
0.31362804878048617,1143.0,0.000274390243902,0.45,,-8.80411242157e-12,8.80409946654e-12,8.804105944055e-12
0.3139024390243886,1144.0,0.000274390243902,0.45,,-8.61381016278e-12,8.61379720774e-12,8.61380368526e-12
0.31417682926829105,1145.0,0.000274390243902,0.45,,-8.42751856813e-12,8.42750561309e-12,8.42751209061e-12
0.31445121951219346,1146.0,0.000274390243902,0.45,,-8.24515547256e-12,8.24514251752e-12,8.24514899504e-12
0.3147256097560959,1147.0,0.000274390243902,0.45,,-8.06664033867e-12,8.06662738363e-12,8.06663386115e-12
0.31499999999999834,1148.0,0.000274390243902,0.45,,-7.89189422583e-12,7.89188127079e-12,7.89188774831e-12
0.3152743902439008,1149.0,0.000274390243902,0.45,,-7.72083975983e-12,7.72082680479e-12,7.72083328231e-12
0.3155487804878032,1150.0,0.000274390243902,0.45,,-7.55340110311e-12,7.55338814806e-12,7.553394625585e-12
0.3158231707317057,1151.0,0.000274390243902,0.45,,-7.38950392544e-12,7.38949097039e-12,7.389497447915e-12
0.3160975609756081,1152.0,0.000274390243902,0.45,,-7.22907537524e-12,7.22906242019e-12,7.229068897715e-12
0.31637195121951056,1153.0,0.000274390243902,0.45,,-7.07204405132e-12,7.07203109628e-12,7.0720375738000005e-12
0.316646341463413,1154.0,0.000274390243902,0.45,,-6.91833997521e-12,6.91832702016e-12,6.918333497685e-12
0.31692073170731544,1155.0,0.000274390243902,0.45,,-6.76789456388e-12,6.76788160883e-12,6.767888086355e-12
0.31719512195121785,1156.0,0.000274390243902,0.45,,-6.6206406031e-12,6.62062764805e-12,6.620634125575e-12
0.31746951219512026,1157.0,0.000274390243902,0.45,,-6.47651222114e-12,6.47649926609e-12,6.476505743615e-12
0.31774390243902273,1158.0,0.000274390243902,0.45,,-6.33544486304e-12,6.33543190799e-12,6.335438385515e-12
0.31801829268292514,1159.0,0.000274390243902,0.45,,-6.19737526533e-12,6.19736231027e-12,6.1973687878e-12
0.3182926829268276,1160.0,0.000274390243902,0.45,,-6.06224143116e-12,6.0622284761e-12,6.06223495363e-12
0.31856707317073,1161.0,0.000274390243902,0.45,,-5.92998260597e-12,5.92996965091e-12,5.929976128439999e-12
0.3188414634146325,1162.0,0.000274390243902,0.45,,-5.80053925351e-12,5.80052629845e-12,5.80053277598e-12
0.3191158536585349,1163.0,0.000274390243902,0.45,,-5.67385303237e-12,5.67384007731e-12,5.67384655484e-12
0.31939024390243737,1164.0,0.000274390243902,0.45,,-5.54986677292e-12,5.54985381786e-12,5.549860295389999e-12
0.3196646341463398,1165.0,0.000274390243902,0.45,,-5.42852445463e-12,5.42851149957e-12,5.4285179771e-12
0.31993902439024224,1166.0,0.000274390243902,0.45,,-5.30977118389e-12,5.30975822883e-12,5.30976470636e-12
0.32021341463414466,1167.0,0.000274390243902,0.45,,-5.19355317215e-12,5.19354021709e-12,5.19354669462e-12
0.3204878048780471,1168.0,0.000274390243902,0.45,,-5.07981771452e-12,5.07980475946e-12,5.079811236989999e-12
0.32076219512194953,1169.0,0.000274390243902,0.45,,-4.96851316875e-12,4.96850021368e-12,4.968506691215e-12
0.321036585365852,1170.0,0.000274390243902,0.45,,-4.85958893457e-12,4.8595759795e-12,4.8595824570349994e-12
0.3213109756097544,1171.0,0.000274390243902,0.45,,-4.75299543347e-12,4.7529824784e-12,4.752988955935e-12
0.3215853658536569,1172.0,0.000274390243902,0.45,,-4.6486840888e-12,4.64867113373e-12,4.648677611265e-12
0.3218597560975593,1173.0,0.000274390243902,0.45,,-4.54660730627e-12,4.5465943512e-12,4.546600828735e-12
0.3221341463414617,1174.0,0.000274390243902,0.45,,-4.44671845478e-12,4.44670549971e-12,4.446711977245e-12
0.32240853658536417,1175.0,0.000274390243902,0.45,,-4.34897184764e-12,4.34895889257e-12,4.348965370105e-12
0.3226829268292666,1176.0,0.000274390243902,0.45,,-4.25332272414e-12,4.25330976907e-12,4.253316246605e-12
0.32295731707316905,1177.0,0.000274390243902,0.45,,-4.15972723142e-12,4.15971427635e-12,4.1597207538849996e-12
0.32323170731707146,1178.0,0.000274390243902,0.45,,-4.06814240673e-12,4.06812945166e-12,4.0681359291950006e-12
0.3235060975609739,1179.0,0.000274390243902,0.45,,-3.97852615999e-12,3.97851320492e-12,3.9785196824550005e-12
0.32378048780487634,1180.0,0.000274390243902,0.45,,-3.89083725668e-12,3.8908243016e-12,3.89083077914e-12
0.3240548780487788,1181.0,0.000274390243902,0.45,,-3.80503530105e-12,3.80502234597e-12,3.80502882351e-12
0.3243292682926812,1182.0,0.000274390243902,0.45,,-3.72108071969e-12,3.72106776461e-12,3.72107424215e-12
0.3246036585365837,1183.0,0.000274390243902,0.45,,-3.63893474529e-12,3.63892179021e-12,3.63892826775e-12
0.3248780487804861,1184.0,0.000274390243902,0.45,,-3.55855940087e-12,3.55854644579e-12,3.55855292333e-12
0.32515243902438856,1185.0,0.000274390243902,0.45,,-3.47991748415e-12,3.47990452907e-12,3.47991100661e-12
0.325426829268291,1186.0,0.000274390243902,0.45,,-3.40297255232e-12,3.40295959724e-12,3.40296607478e-12
0.32570121951219344,1187.0,0.000274390243902,0.45,,-3.32768890705e-12,3.32767595197e-12,3.32768242951e-12
0.32597560975609585,1188.0,0.000274390243902,0.45,,-3.2540315798e-12,3.25401862471e-12,3.2540251022549998e-12
0.3262499999999983,1189.0,0.000274390243902,0.45,,-3.18196631737e-12,3.18195336229e-12,3.18195983983e-12
0.32652439024390073,1190.0,0.000274390243902,0.45,,-3.11145956781e-12,3.11144661272e-12,3.111453090265e-12
0.32679878048780314,1191.0,0.000274390243902,0.45,,-3.04247846648e-12,3.0424655114e-12,3.04247198894e-12
0.3270731707317056,1192.0,0.000274390243902,0.45,,-2.9749908225e-12,2.97497786742e-12,2.9749843449600002e-12
0.327347560975608,1193.0,0.000274390243902,0.45,,-2.90896510532e-12,2.90895215024e-12,2.90895862778e-12
0.3276219512195105,1194.0,0.000274390243902,0.45,,-2.84437043168e-12,2.84435747659e-12,2.844363954135e-12
0.3278963414634129,1195.0,0.000274390243902,0.45,,-2.78117655272e-12,2.78116359763e-12,2.781170075175e-12
0.32817073170731537,1196.0,0.000274390243902,0.45,,-2.71935384137e-12,2.71934088629e-12,2.71934736383e-12
0.3284451219512178,1197.0,0.000274390243902,0.45,,-2.65887328003e-12,2.65886032494e-12,2.6588668024849997e-12
0.32871951219512024,1198.0,0.000274390243902,0.45,,-2.59970644836e-12,2.59969349327e-12,2.599699970815e-12
0.32899390243902266,1199.0,0.000274390243902,0.45,,-2.54182551144e-12,2.54181255635e-12,2.5418190338950003e-12
0.3292682926829251,1200.0,0.000274390243902,0.45,,-2.48520320807e-12,2.48519025298e-12,2.485196730525e-12
0.32954268292682753,1201.0,0.000274390243902,0.45,,-2.42981283933e-12,2.42979988424e-12,2.429806361785e-12
0.32981707317073,1202.0,0.000274390243902,0.45,,-2.37562825734e-12,2.37561530225e-12,2.3756217797949998e-12
0.3300914634146324,1203.0,0.000274390243902,0.45,,-2.32262385426e-12,2.32261089917e-12,2.322617376715e-12
0.3303658536585349,1204.0,0.000274390243902,0.45,,-2.27077455147e-12,2.27076159638e-12,2.270768073925e-12
0.3306402439024373,1205.0,0.000274390243902,0.45,,-2.22005578899e-12,2.2200428339e-12,2.2200493114450002e-12
0.3309146341463397,1206.0,0.000274390243902,0.45,,-2.17044351508e-12,2.17043055999e-12,2.1704370375349998e-12
0.33118902439024217,1207.0,0.000274390243902,0.45,,-2.12191417603e-12,2.12190122094e-12,2.1219076984850002e-12
0.3314634146341446,1208.0,0.000274390243902,0.45,,-2.07444470621e-12,2.07443175112e-12,2.074438228665e-12
0.33173780487804705,1209.0,0.000274390243902,0.45,,-2.02801251823e-12,2.02799956314e-12,2.0280060406849997e-12
0.33201219512194946,1210.0,0.000274390243902,0.45,,-1.98259549334e-12,1.98258253825e-12,1.9825890157950002e-12
0.3322865853658519,1211.0,0.000274390243902,0.45,,-1.93817197202e-12,1.93815901692e-12,1.93816549447e-12
0.33256097560975434,1212.0,0.000274390243902,0.45,,-1.89472074468e-12,1.89470778959e-12,1.8947142671349997e-12
0.3328353658536568,1213.0,0.000274390243902,0.45,,-1.85222104269e-12,1.85220808759e-12,1.85221456514e-12
0.3331097560975592,1214.0,0.000274390243902,0.45,,-1.81065252937e-12,1.81063957428e-12,1.810646051825e-12
0.3333841463414617,1215.0,0.000274390243902,0.45,,-1.7699952914e-12,1.76998233631e-12,1.769988813855e-12
0.3336585365853641,1216.0,0.000274390243902,0.45,,-1.73022983017e-12,1.73021687507e-12,1.73022335262e-12
0.33393292682926656,1217.0,0.000274390243902,0.45,,-1.69133705346e-12,1.69132409836e-12,1.69133057591e-12
0.334207317073169,1218.0,0.000274390243902,0.45,,-1.65329826719e-12,1.65328531209e-12,1.65329178964e-12
0.33448170731707144,1219.0,0.000274390243902,0.45,,-1.61609516739e-12,1.6160822123e-12,1.616088689845e-12
0.33475609756097385,1220.0,0.000274390243902,0.45,,-1.57970983228e-12,1.57969687719e-12,1.579703354735e-12
0.3350304878048763,1221.0,0.000274390243902,0.45,,-1.54412471453e-12,1.54411175944e-12,1.544118236985e-12
0.33530487804877873,1222.0,0.000274390243902,0.45,,-1.50932263367e-12,1.50930967857e-12,1.50931615612e-12
0.33557926829268114,1223.0,0.000274390243902,0.45,,-1.47539699278e-12,1.47538403774e-12,1.47539051526e-12
0.3358536585365836,1224.0,0.000274390243902,0.45,,-1.44369350179e-12,1.44368054675e-12,1.44368702427e-12
0.336128048780486,1225.0,0.000274390243902,0.45,,-1.41265386557e-12,1.41264091052e-12,1.4126473880449999e-12
0.3364024390243885,1226.0,0.000274390243902,0.45,,-1.38226458534e-12,1.3822516303e-12,1.38225810782e-12
0.3366768292682909,1227.0,0.000274390243902,0.45,,-1.35251242732e-12,1.35249947227e-12,1.3525059497950001e-12
0.33695121951219337,1228.0,0.000274390243902,0.45,,-1.32338441766e-12,1.32337146262e-12,1.32337794014e-12
0.3372256097560958,1229.0,0.000274390243902,0.45,,-1.29486783766e-12,1.29485488261e-12,1.294861360135e-12
0.33749999999999825,1230.0,0.000274390243902,0.45,,-1.26695021888e-12,1.26693726384e-12,1.26694374136e-12
0.33777439024390066,1231.0,0.000274390243902,0.45,,-1.23961933851e-12,1.23960638347e-12,1.23961286099e-12
0.3380487804878031,1232.0,0.000274390243902,0.45,,-1.2128632147e-12,1.21285025965e-12,1.2128567371749999e-12
0.33832317073170554,1233.0,0.000274390243902,0.45,,-1.18667010201e-12,1.18665714696e-12,1.1866636244849999e-12
0.338597560975608,1234.0,0.000274390243902,0.45,,-1.16102848699e-12,1.16101553194e-12,1.161022009465e-12
0.3388719512195104,1235.0,0.000274390243902,0.45,,-1.13592708373e-12,1.13591412868e-12,1.135920606205e-12
0.3391463414634129,1236.0,0.000274390243902,0.45,,-1.11135482961e-12,1.11134187456e-12,1.111348352085e-12
0.3394207317073153,1237.0,0.000274390243902,0.45,,-1.08730088106e-12,1.08728792601e-12,1.087294403535e-12
0.33969512195121776,1238.0,0.000274390243902,0.45,,-1.06375460937e-12,1.06374165432e-12,1.063748131845e-12
0.33996951219512017,1239.0,0.000274390243902,0.45,,-1.04070559663e-12,1.04069264158e-12,1.040699119105e-12
0.3402439024390226,1240.0,0.000274390243902,0.45,,-1.01814363175e-12,1.01813067669e-12,1.01813715422e-12
0.34051829268292505,1241.0,0.000274390243902,0.45,,-9.96058706471e-13,9.96045751418e-13,9.960522289445e-13
0.34079268292682746,1242.0,0.000274390243902,0.45,,-9.74441011551e-13,9.74428056497e-13,9.744345340240002e-13
0.34106707317072993,1243.0,0.000274390243902,0.45,,-9.53280932933e-13,9.53267977879e-13,9.532744554059999e-13
0.34134146341463234,1244.0,0.000274390243902,0.45,,-9.32569048035e-13,9.32556092981e-13,9.32562570508e-13
0.3416158536585348,1245.0,0.000274390243902,0.45,,-9.12296122087e-13,9.12283167032e-13,9.122896445595e-13
0.3418902439024372,1246.0,0.000274390243902,0.45,,-8.92453104534e-13,8.92440149479e-13,8.924466270065e-13
0.3421646341463397,1247.0,0.000274390243902,0.45,,-8.73031125513e-13,8.73018170457e-13,8.730246479850001e-13
0.3424390243902421,1248.0,0.000274390243902,0.45,,-8.54021492381e-13,8.54008537324e-13,8.540150148525e-13
0.34271341463414456,1249.0,0.000274390243902,0.45,,-8.3541568632e-13,8.35402731263e-13,8.354092087915e-13
0.342987804878047,1250.0,0.000274390243902,0.45,,-8.17205358993e-13,8.17192403936e-13,8.171988814645e-13
0.34326219512194944,1251.0,0.000274390243902,0.45,,-7.99382329265e-13,7.99369374208e-13,7.993758517365e-13
0.34353658536585185,1252.0,0.000274390243902,0.45,,-7.81938579986e-13,7.81925624928e-13,7.819321024569999e-13
0.3438109756097543,1253.0,0.000274390243902,0.45,,-7.64866254825e-13,7.64853299767e-13,7.64859777296e-13
0.34408536585365673,1254.0,0.000274390243902,0.45,,-7.48157655175e-13,7.48144700116e-13,7.481511776455e-13
0.3443597560975592,1255.0,0.000274390243902,0.45,,-7.31805237099e-13,7.31792282039e-13,7.317987595690001e-13
0.3446341463414616,1256.0,0.000274390243902,0.45,,-7.15801608344e-13,7.15788653284e-13,7.157951308139999e-13
0.344908536585364,1257.0,0.000274390243902,0.45,,-7.00139525405e-13,7.00126570345e-13,7.00133047875e-13
0.3451829268292665,1258.0,0.000274390243902,0.45,,-6.84811890646e-13,6.84798935586e-13,6.848054131159999e-13
0.3454573170731689,1259.0,0.000274390243902,0.45,,-6.69811749466e-13,6.69798794405e-13,6.698052719355e-13
0.34573170731707137,1260.0,0.000274390243902,0.45,,-6.55132287527e-13,6.55119332466e-13,6.551258099965e-13
0.3460060975609738,1261.0,0.000274390243902,0.45,,-6.4076682803e-13,6.40753872969e-13,6.407603504994999e-13
0.34628048780487625,1262.0,0.000274390243902,0.45,,-6.26708829038e-13,6.26695873976e-13,6.26702351507e-13
0.34655487804877866,1263.0,0.000274390243902,0.45,,-6.1295188085e-13,6.12938925788e-13,6.12945403319e-13
0.3468292682926811,1264.0,0.000274390243902,0.45,,-5.99489703428e-13,5.99476748366e-13,5.994832258970001e-13
0.34710365853658354,1265.0,0.000274390243902,0.45,,-5.86316143868e-13,5.86303188806e-13,5.86309666337e-13
0.347378048780486,1266.0,0.000274390243902,0.45,,-5.73425173917e-13,5.73412218853e-13,5.73418696385e-13
0.3476524390243884,1267.0,0.000274390243902,0.45,,-5.60810887535e-13,5.60797932472e-13,5.608044100035e-13
0.3479268292682909,1268.0,0.000274390243902,0.45,,-5.48467498513e-13,5.48454543449e-13,5.484610209810001e-13
0.3482012195121933,1269.0,0.000274390243902,0.45,,-5.36389338119e-13,5.36376383055e-13,5.363828605870001e-13
0.34847560975609576,1270.0,0.000274390243902,0.45,,-5.24570852802e-13,5.24557897737e-13,5.245643752695e-13
0.3487499999999982,1271.0,0.000274390243902,0.45,,-5.13006601931e-13,5.12993646866e-13,5.130001243985e-13
0.3490243902439006,1272.0,0.000274390243902,0.45,,-5.01691255579e-13,5.01678300514e-13,5.016847780465e-13
0.34929878048780305,1273.0,0.000274390243902,0.45,,-4.9061959235e-13,4.90606637285e-13,4.906131148175e-13
0.34957317073170546,1274.0,0.000274390243902,0.45,,-4.79786497243e-13,4.79773542177e-13,4.7978001971e-13
0.34984756097560793,1275.0,0.000274390243902,0.45,,-4.69186959558e-13,4.69174004492e-13,4.69180482025e-13
0.35012195121951034,1276.0,0.000274390243902,0.45,,-4.58816070844e-13,4.58803115778e-13,4.588095933110001e-13
0.3503963414634128,1277.0,0.000274390243902,0.45,,-4.48669022882e-13,4.48656067816e-13,4.48662545349e-13
0.3506707317073152,1278.0,0.000274390243902,0.45,,-4.38741105706e-13,4.3872815064e-13,4.38734628173e-13
0.3509451219512177,1279.0,0.000274390243902,0.45,,-4.29027705666e-13,4.290147506e-13,4.29021228133e-13
0.3512195121951201,1280.0,0.000274390243902,0.45,,-4.19524303521e-13,4.19511348454e-13,4.1951782598750004e-13
0.35149390243902257,1281.0,0.000274390243902,0.45,,-4.10226472572e-13,4.10213517504e-13,4.10219995038e-13
0.351768292682925,1282.0,0.000274390243902,0.45,,-4.01129876831e-13,4.01116921764e-13,4.0112339929749996e-13
0.35204268292682744,1283.0,0.000274390243902,0.45,,-3.92230269224e-13,3.92217314157e-13,3.922237916905e-13
0.35231707317072986,1284.0,0.000274390243902,0.45,,-3.83523489826e-13,3.83510534759e-13,3.835170122925e-13
0.3525914634146323,1285.0,0.000274390243902,0.45,,-3.75005464132e-13,3.74992509064e-13,3.7499898659799997e-13
0.35286585365853473,1286.0,0.000274390243902,0.45,,-3.66672201358e-13,3.6665924629e-13,3.66665723824e-13
0.3531402439024372,1287.0,0.000274390243902,0.45,,-3.58519792781e-13,3.58506837713e-13,3.58513315247e-13
0.3534146341463396,1288.0,0.000274390243902,0.45,,-3.50544410102e-13,3.50531455033e-13,3.5053793256749995e-13
0.353689024390242,1289.0,0.000274390243902,0.45,,-3.42742303845e-13,3.42729348777e-13,3.42735826311e-13
0.3539634146341445,1290.0,0.000274390243902,0.45,,-3.35109801789e-13,3.35096846721e-13,3.35103324255e-13
0.3542378048780469,1291.0,0.000274390243902,0.45,,-3.27643307424e-13,3.27630352355e-13,3.2763682988950003e-13
0.35451219512194937,1292.0,0.000274390243902,0.45,,-3.20339298438e-13,3.20326343369e-13,3.203328209035e-13
0.3547865853658518,1293.0,0.000274390243902,0.45,,-3.1319432524e-13,3.13181370171e-13,3.131878477055e-13
0.35506097560975425,1294.0,0.000274390243902,0.45,,-3.06205009501e-13,3.06192054432e-13,3.061985319665e-13
0.35533536585365666,1295.0,0.000274390243902,0.45,,-2.99368042731e-13,2.99355087661e-13,2.99361565196e-13
0.3556097560975591,1296.0,0.000274390243902,0.45,,-2.92680184876e-13,2.92667229807e-13,2.926737073415e-13
0.35588414634146154,1297.0,0.000274390243902,0.45,,-2.86138262954e-13,2.86125307884e-13,2.86131785419e-13
0.356158536585364,1298.0,0.000274390243902,0.45,,-2.797391697e-13,2.7972621463e-13,2.79732692165e-13
0.3564329268292664,1299.0,0.000274390243902,0.45,,-2.73479862256e-13,2.73466907186e-13,2.73473384721e-13
0.3567073170731689,1300.0,0.000274390243902,0.45,,-2.6735736087e-13,2.67344405799e-13,2.6735088333449996e-13
0.3569817073170713,1301.0,0.000274390243902,0.45,,-2.6136874763e-13,2.6135579256e-13,2.61362270095e-13
0.35725609756097376,1302.0,0.000274390243902,0.45,,-2.55511165222e-13,2.55498210152e-13,2.55504687687e-13
0.3575304878048762,1303.0,0.000274390243902,0.45,,-2.49781815706e-13,2.49768860635e-13,2.4977533817049997e-13
0.35780487804877864,1304.0,0.000274390243902,0.45,,-2.44177959319e-13,2.44165004248e-13,2.441714817835e-13
0.35807926829268105,1305.0,0.000274390243902,0.45,,-2.38696913307e-13,2.38683958236e-13,2.386904357715e-13
0.35835365853658346,1306.0,0.000274390243902,0.45,,-2.33336050769e-13,2.33323095698e-13,2.333295732335e-13
0.35862804878048593,1307.0,0.000274390243902,0.45,,-2.28092799531e-13,2.2807984446e-13,2.2808632199549997e-13
0.35890243902438834,1308.0,0.000274390243902,0.45,,-2.22964641041e-13,2.2295168597e-13,2.229581635055e-13
0.3591768292682908,1309.0,0.000274390243902,0.45,,-2.17949109281e-13,2.1793615421e-13,2.179426317455e-13
0.3594512195121932,1310.0,0.000274390243902,0.45,,-2.13043789708e-13,2.13030834637e-13,2.130373121725e-13
0.3597256097560957,1311.0,0.000274390243902,0.45,,-2.08246318208e-13,2.08233363136e-13,2.08239840672e-13
0.3599999999999981,1312.0,0.000274390243902,0.45,,-2.03554380072e-13,2.03541425001e-13,2.035479025365e-13
0.36027439024390057,1313.0,0.000274390243902,0.45,,-1.98965709001e-13,1.98952753929e-13,1.98959231465e-13
0.360548780487803,1314.0,0.000274390243902,0.45,,-1.94580756768e-13,1.94567801715e-13,1.945742792415e-13
0.36082317073170544,1315.0,0.000274390243902,0.45,,-1.90398737818e-13,1.90385782765e-13,1.9039226029150001e-13
0.36109756097560786,1316.0,0.000274390243902,0.45,,-1.86304310544e-13,1.86291355491e-13,1.862978330175e-13
0.3613719512195103,1317.0,0.000274390243902,0.45,,-1.82295693335e-13,1.82282738281e-13,1.82289215808e-13
0.36164634146341273,1318.0,0.000274390243902,0.45,,-1.78371139563e-13,1.78358184509e-13,1.7836466203600002e-13
0.3619207317073152,1319.0,0.000274390243902,0.45,,-1.74528936924e-13,1.7451598187e-13,1.74522459397e-13
0.3621951219512176,1320.0,0.000274390243902,0.45,,-1.70767406797e-13,1.70754451743e-13,1.7076092927e-13
0.3624695121951201,1321.0,0.000274390243902,0.45,,-1.67084903607e-13,1.67071948552e-13,1.6707842607950001e-13
0.3627439024390225,1322.0,0.000274390243902,0.45,,-1.63479814204e-13,1.63466859149e-13,1.6347333667650002e-13
0.3630182926829249,1323.0,0.000274390243902,0.45,,-1.59950557254e-13,1.59937602198e-13,1.59944079726e-13
0.36329268292682737,1324.0,0.000274390243902,0.45,,-1.56495582635e-13,1.56482627579e-13,1.5648910510699998e-13
0.3635670731707298,1325.0,0.000274390243902,0.45,,-1.5311337085e-13,1.53100415794e-13,1.5310689332199998e-13
0.36384146341463225,1326.0,0.000274390243902,0.45,,-1.49802432448e-13,1.49789477392e-13,1.4979595492000002e-13
0.36411585365853466,1327.0,0.000274390243902,0.45,,-1.46561307453e-13,1.46548352397e-13,1.4655482992500002e-13
0.3643902439024371,1328.0,0.000274390243902,0.45,,-1.43388564807e-13,1.43375609751e-13,1.4338208727899998e-13
0.36466463414633954,1329.0,0.000274390243902,0.45,,-1.4028280182e-13,1.40269846764e-13,1.40276324292e-13
0.364939024390242,1330.0,0.000274390243902,0.45,,-1.37242643632e-13,1.37229688575e-13,1.372361661035e-13
0.3652134146341444,1331.0,0.000274390243902,0.45,,-1.34266742683e-13,1.34253787626e-13,1.342602651545e-13
0.3654878048780469,1332.0,0.000274390243902,0.45,,-1.31353778194e-13,1.31340823137e-13,1.3134730066550002e-13
0.3657621951219493,1333.0,0.000274390243902,0.45,,-1.28502455656e-13,1.28489500598e-13,1.28495978127e-13
0.36603658536585176,1334.0,0.000274390243902,0.45,,-1.25711506328e-13,1.2569855127e-13,1.2570502879900002e-13
0.3663109756097542,1335.0,0.000274390243902,0.45,,-1.22979686745e-13,1.22966731688e-13,1.229732092165e-13
0.36658536585365664,1336.0,0.000274390243902,0.45,,-1.20305778238e-13,1.2029282318e-13,1.20299300709e-13
0.36685975609755905,1337.0,0.000274390243902,0.45,,-1.17688586454e-13,1.17675631396e-13,1.1768210892499998e-13
0.36713414634146146,1338.0,0.000274390243902,0.45,,-1.15126940892e-13,1.15113985833e-13,1.151204633625e-13
0.36740853658536393,1339.0,0.000274390243902,0.45,,-1.12619694447e-13,1.12606739388e-13,1.126132169175e-13
0.36768292682926634,1340.0,0.000274390243902,0.45,,-1.1016572296e-13,1.10152767901e-13,1.101592454305e-13
0.3679573170731688,1341.0,0.000274390243902,0.45,,-1.07763924775e-13,1.07750969716e-13,1.077574472455e-13
0.3682317073170712,1342.0,0.000274390243902,0.45,,-1.05413220309e-13,1.0540026525e-13,1.054067427795e-13
0.3685060975609737,1343.0,0.000274390243902,0.45,,-1.03112551624e-13,1.03099596565e-13,1.031060740945e-13
0.3687804878048761,1344.0,0.000274390243902,0.45,,-1.00860882012e-13,1.00847926952e-13,1.00854404482e-13
0.36905487804877857,1345.0,0.000274390243902,0.45,,-9.86571955828e-14,9.86442405231e-14,9.865071805295001e-14
0.369329268292681,1346.0,0.000274390243902,0.45,,-9.65004968641e-14,9.64875418042e-14,9.649401933415001e-14
0.36960365853658345,1347.0,0.000274390243902,0.45,,-9.4389810405e-14,9.4376855345e-14,9.4383332875e-14
0.36987804878048586,1348.0,0.000274390243902,0.45,,-9.23241803894e-14,9.23112253292e-14,9.23177028593e-14
0.3701524390243883,1349.0,0.000274390243902,0.45,,-9.03026702548e-14,9.02897151945e-14,9.029619272465001e-14
0.37042682926829074,1350.0,0.000274390243902,0.45,,-8.83243623191e-14,8.83114072587e-14,8.83178847889e-14
0.3707012195121932,1351.0,0.000274390243902,0.45,,-8.63883574144e-14,8.63754023538e-14,8.63818798841e-14
0.3709756097560956,1352.0,0.000274390243902,0.45,,-8.44937745263e-14,8.44808194656e-14,8.448729699595e-14
0.3712499999999981,1353.0,0.000274390243902,0.45,,-8.26397504417e-14,8.26267953809e-14,8.263327291130001e-14
0.3715243902439005,1354.0,0.000274390243902,0.45,,-8.08254394015e-14,8.08124843405e-14,8.0818961871e-14
0.3717987804878029,1355.0,0.000274390243902,0.45,,-7.90500127608e-14,7.90370576997e-14,7.904353523025e-14
0.37207317073170537,1356.0,0.000274390243902,0.45,,-7.73126586547e-14,7.72997035935e-14,7.73061811241e-14
0.3723475609756078,1357.0,0.000274390243902,0.45,,-7.56125816711e-14,7.55996266097e-14,7.56061041404e-14
0.37262195121951025,1358.0,0.000274390243902,0.45,,-7.39490025287e-14,7.39360474672e-14,7.394252499795e-14
0.37289634146341266,1359.0,0.000274390243902,0.45,,-7.23211577617e-14,7.23082027001e-14,7.23146802309e-14
0.37317073170731513,1360.0,0.000274390243902,0.45,,-7.072829941e-14,7.07153443483e-14,7.072182187915e-14
0.37344512195121754,1361.0,0.000274390243902,0.45,,-6.91696947152e-14,6.91567396534e-14,6.91632171843e-14
0.37371951219512,1362.0,0.000274390243902,0.45,,-6.76446258229e-14,6.7631670761e-14,6.763814829195001e-14
0.3739939024390224,1363.0,0.000274390243902,0.45,,-6.61523894894e-14,6.61394344274e-14,6.61459119584e-14
0.3742682926829249,1364.0,0.000274390243902,0.45,,-6.4692296795e-14,6.46793417329e-14,6.468581926395001e-14
0.3745426829268273,1365.0,0.000274390243902,0.45,,-6.32636728622e-14,6.32507178e-14,6.32571953311e-14
0.37481707317072976,1366.0,0.000274390243902,0.45,,-6.18658565792e-14,6.18529015168e-14,6.1859379048e-14
0.3750914634146322,1367.0,0.000274390243902,0.45,,-6.04982003287e-14,6.04852452662e-14,6.049172279745e-14
0.37536585365853464,1368.0,0.000274390243902,0.45,,-5.91600697217e-14,5.91471146592e-14,5.915359219045e-14
0.37564024390243705,1369.0,0.000274390243902,0.45,,-5.78508433367e-14,5.7837888274e-14,5.784436580535e-14
0.3759146341463395,1370.0,0.000274390243902,0.45,,-5.65699124629e-14,5.65569574002e-14,5.6563434931550004e-14
0.37618902439024193,1371.0,0.000274390243902,0.45,,-5.53166808497e-14,5.53037257869e-14,5.53102033183e-14
0.37646341463414434,1372.0,0.000274390243902,0.45,,-5.40905644595e-14,5.40776093966e-14,5.408408692805e-14
0.3767378048780468,1373.0,0.000274390243902,0.45,,-5.28909912259e-14,5.28780361629e-14,5.28845136944e-14
0.3770121951219492,1374.0,0.000274390243902,0.45,,-5.17174008167e-14,5.17044457537e-14,5.17109232852e-14
0.3772865853658517,1375.0,0.000274390243902,0.45,,-5.0569244401e-14,5.05562893379e-14,5.0562766869449997e-14
0.3775609756097541,1376.0,0.000274390243902,0.45,,-4.94459844204e-14,4.94330293573e-14,4.943950688885e-14
0.37783536585365657,1377.0,0.000274390243902,0.45,,-4.83470943658e-14,4.83341393025e-14,4.834061683415e-14
0.378109756097559,1378.0,0.000274390243902,0.45,,-4.72720585567e-14,4.72591034934e-14,4.726558102505e-14
0.37838414634146145,1379.0,0.000274390243902,0.45,,-4.62203719266e-14,4.62074168633e-14,4.621389439495e-14
0.37865853658536386,1380.0,0.000274390243902,0.45,,-4.51915398108e-14,4.51785847474e-14,4.51850622791e-14
0.3789329268292663,1381.0,0.000274390243902,0.45,,-4.41850777393e-14,4.41721226758e-14,4.4178600207550005e-14
0.37920731707316874,1382.0,0.000274390243902,0.45,,-4.32005112335e-14,4.318755617e-14,4.319403370175e-14
0.3794817073170712,1383.0,0.000274390243902,0.45,,-4.22373756066e-14,4.2224420543e-14,4.2230898074799996e-14
0.3797560975609736,1384.0,0.000274390243902,0.45,,-4.12952157676e-14,4.12822607039e-14,4.128873823575e-14
0.3800304878048761,1385.0,0.000274390243902,0.45,,-4.03735860298e-14,4.03606309661e-14,4.036710849795e-14
0.3803048780487785,1386.0,0.000274390243902,0.45,,-3.94720499224e-14,3.94590948586e-14,3.94655723905e-14
0.38057926829268096,1387.0,0.000274390243902,0.45,,-3.85901800056e-14,3.85772249418e-14,3.85837024737e-14
0.3808536585365834,1388.0,0.000274390243902,0.45,,-3.772755769e-14,3.77146026262e-14,3.77210801581e-14
0.3811280487804858,1389.0,0.000274390243902,0.45,,-3.68837730586e-14,3.68708179948e-14,3.68772955267e-14
0.38140243902438825,1390.0,0.000274390243902,0.45,,-3.6058424693e-14,3.60454696291e-14,3.605194716105e-14
0.38167682926829066,1391.0,0.000274390243902,0.45,,-3.52511195022e-14,3.52381644383e-14,3.524464197025e-14
0.38195121951219313,1392.0,0.000274390243902,0.45,,-3.44614725556e-14,3.44485174916e-14,3.44549950236e-14
0.38222560975609554,1393.0,0.000274390243902,0.45,,-3.36891069181e-14,3.36761518541e-14,3.36826293861e-14
0.382499999999998,1394.0,0.000274390243902,0.45,,-3.293365349e-14,3.29206984259e-14,3.292717595795e-14
0.3827743902439004,1395.0,0.000274390243902,0.45,,-3.2194750848e-14,3.21817957839e-14,3.218827331595e-14
0.3830487804878029,1396.0,0.000274390243902,0.45,,-3.14720450911e-14,3.1459090027e-14,3.146556755905e-14
0.3833231707317053,1397.0,0.000274390243902,0.45,,-3.07651896884e-14,3.07522346242e-14,3.07587121563e-14
0.38359756097560777,1398.0,0.000274390243902,0.45,,-3.00738453301e-14,3.0060890266e-14,3.0067367798050004e-14
0.3838719512195102,1399.0,0.000274390243902,0.45,,-2.9397679782e-14,2.93847247178e-14,2.93912022499e-14
0.38414634146341264,1400.0,0.000274390243902,0.45,,-2.87363677417e-14,2.87234126775e-14,2.8729890209600004e-14
0.38442073170731506,1401.0,0.000274390243902,0.45,,-2.80895906986e-14,2.80766356344e-14,2.80831131665e-14
0.3846951219512175,1402.0,0.000274390243902,0.45,,-2.74570367963e-14,2.7444081732e-14,2.7450559264149998e-14
0.38496951219511993,1403.0,0.000274390243902,0.45,,-2.68384006972e-14,2.68254456329e-14,2.6831923165050002e-14
0.38524390243902235,1404.0,0.000274390243902,0.45,,-2.6233383451e-14,2.62204283867e-14,2.622690591885e-14
0.3855182926829248,1405.0,0.000274390243902,0.45,,-2.56668504316e-14,2.56538953744e-14,2.5660372903e-14
0.3857926829268272,1406.0,0.000274390243902,0.45,,-2.5115200044e-14,2.51022449866e-14,2.51087225153e-14
0.3860670731707297,1407.0,0.000274390243902,0.45,,-2.4575106826e-14,2.45621517685e-14,2.456862929725e-14
0.3863414634146321,1408.0,0.000274390243902,0.45,,-2.40463356355e-14,2.4033380578e-14,2.403985810675e-14
0.38661585365853457,1409.0,0.000274390243902,0.45,,-2.35286559492e-14,2.35157008916e-14,2.35221784204e-14
0.386890243902437,1410.0,0.000274390243902,0.45,,-2.30218417756e-14,2.30088867179e-14,2.301536424675e-14
0.38716463414633945,1411.0,0.000274390243902,0.45,,-2.25256715703e-14,2.25127165125e-14,2.25191940414e-14
0.38743902439024186,1412.0,0.000274390243902,0.45,,-2.20399281518e-14,2.20269730939e-14,2.203345062285e-14
0.3877134146341443,1413.0,0.000274390243902,0.45,,-2.15643986198e-14,2.15514435618e-14,2.15579210908e-14
0.38798780487804674,1414.0,0.000274390243902,0.45,,-2.10988742744e-14,2.10859192163e-14,2.109239674535e-14
0.3882621951219492,1415.0,0.000274390243902,0.45,,-2.06431505363e-14,2.06301954782e-14,2.063667300725e-14
0.3885365853658516,1416.0,0.000274390243902,0.45,,-2.01970268698e-14,2.01840718116e-14,2.01905493407e-14
0.3888109756097541,1417.0,0.000274390243902,0.45,,-1.97603067055e-14,1.97473516472e-14,1.975382917635e-14
0.3890853658536565,1418.0,0.000274390243902,0.45,,-1.93327973655e-14,1.93198423071e-14,1.93263198363e-14
0.38935975609755896,1419.0,0.000274390243902,0.45,,-1.89143099896e-14,1.89013549311e-14,1.8907832460350002e-14
0.3896341463414614,1420.0,0.000274390243902,0.45,,-1.85046594626e-14,1.84917044041e-14,1.8498181933350003e-14
0.3899085365853638,1421.0,0.000274390243902,0.45,,-1.81036643437e-14,1.80907092851e-14,1.80971868144e-14
0.39018292682926625,1422.0,0.000274390243902,0.45,,-1.77111467958e-14,1.76981917371e-14,1.770466926645e-14
0.39045731707316866,1423.0,0.000274390243902,0.45,,-1.73269325173e-14,1.73139774585e-14,1.73204549879e-14
0.39073170731707113,1424.0,0.000274390243902,0.45,,-1.69508506746e-14,1.69378956158e-14,1.69443731452e-14
0.39100609756097354,1425.0,0.000274390243902,0.45,,-1.65827338361e-14,1.65697787772e-14,1.6576256306650002e-14
0.391280487804876,1426.0,0.000274390243902,0.45,,-1.62224179066e-14,1.62094628476e-14,1.62159403771e-14
0.3915548780487784,1427.0,0.000274390243902,0.45,,-1.58697420642e-14,1.58567870052e-14,1.58632645347e-14
0.3918292682926809,1428.0,0.000274390243902,0.45,,-1.55245486971e-14,1.5511593638e-14,1.5518071167549998e-14
0.3921036585365833,1429.0,0.000274390243902,0.45,,-1.51866833422e-14,1.5173728283e-14,1.51802058126e-14
0.39237804878048577,1430.0,0.000274390243902,0.45,,-1.48559946246e-14,1.48430395654e-14,1.4849517095e-14
0.3926524390243882,1431.0,0.000274390243902,0.45,,-1.45323341986e-14,1.45193791393e-14,1.452585666895e-14
0.39292682926829064,1432.0,0.000274390243902,0.45,,-1.4215556689e-14,1.42026016296e-14,1.4209079159300001e-14
0.39320121951219306,1433.0,0.000274390243902,0.45,,-1.39055196341e-14,1.38925645747e-14,1.38990421044e-14
0.3934756097560955,1434.0,0.000274390243902,0.45,,-1.36020834297e-14,1.35891283702e-14,1.359560589995e-14
0.39374999999999793,1435.0,0.000274390243902,0.45,,-1.33051112738e-14,1.32921562142e-14,1.3298633744e-14
0.3940243902439004,1436.0,0.000274390243902,0.45,,-1.30144691123e-14,1.30015140527e-14,1.30079915825e-14
0.3942987804878028,1437.0,0.000274390243902,0.45,,-1.27300255864e-14,1.27170705267e-14,1.2723548056549999e-14
0.3945731707317052,1438.0,0.000274390243902,0.45,,-1.245165198e-14,1.24386969203e-14,1.244517445015e-14
0.3948475609756077,1439.0,0.000274390243902,0.45,,-1.21792221689e-14,1.21662671091e-14,1.2172744639e-14
0.3951219512195101,1440.0,0.000274390243902,0.45,,-1.19126125701e-14,1.18996575102e-14,1.190613504015e-14
0.39539634146341257,1441.0,0.000274390243902,0.45,,-1.16517020927e-14,1.16387470328e-14,1.164522456275e-14
0.395670731707315,1442.0,0.000274390243902,0.45,,-1.13963720897e-14,1.13834170298e-14,1.138989455975e-14
0.39594512195121745,1443.0,0.000274390243902,0.45,,-1.11465063103e-14,1.11335512504e-14,1.114002878035e-14
0.39621951219511986,1444.0,0.000274390243902,0.45,,-1.09019908531e-14,1.08890357931e-14,1.0895513323099999e-14
0.3964939024390223,1445.0,0.000274390243902,0.45,,-1.06627141206e-14,1.06497590606e-14,1.0656236590600001e-14
0.39676829268292474,1446.0,0.000274390243902,0.45,,-1.04285667743e-14,1.04156117142e-14,1.0422089244250001e-14
0.3970426829268272,1447.0,0.000274390243902,0.45,,-1.01994416902e-14,1.018648663e-14,1.01929641601e-14
0.3973170731707296,1448.0,0.000274390243902,0.45,,-9.9752339161e-15,9.96227885591e-15,9.968756386004999e-15
0.3975914634146321,1449.0,0.000274390243902,0.45,,-9.75584062881e-15,9.74288556859e-15,9.7493630987e-15
0.3978658536585345,1450.0,0.000274390243902,0.45,,-9.54116109254e-15,9.52820603228e-15,9.534683562409999e-15
0.39814024390243696,1451.0,0.000274390243902,0.45,,-9.33109661801e-15,9.31814155771e-15,9.32461908786e-15
0.3984146341463394,1452.0,0.000274390243902,0.45,,-9.12555052235e-15,9.112595462e-15,9.119072992175001e-15
0.39868902439024184,1453.0,0.000274390243902,0.45,,-8.92442808972e-15,8.91147302933e-15,8.917950559525e-15
0.39896341463414425,1454.0,0.000274390243902,0.45,,-8.72763653266e-15,8.71468147224e-15,8.72115900245e-15
0.39923780487804666,1455.0,0.000274390243902,0.45,,-8.53508495421e-15,8.52212989376e-15,8.528607423985e-15
0.39951219512194913,1456.0,0.000274390243902,0.45,,-8.3466843107e-15,8.33372925021e-15,8.340206780454999e-15
0.39978658536585154,1457.0,0.000274390243902,0.45,,-8.16234737522e-15,8.14939231469e-15,8.155869844955e-15
0.400060975609754,1458.0,0.000274390243902,0.45,,-7.98198870185e-15,7.9690336413e-15,7.975511171575e-15
0.4003353658536564,1459.0,0.000274390243902,0.45,,-7.80552459054e-15,7.79256952994e-15,7.79904706024e-15
0.4006097560975589,1460.0,0.000274390243902,0.45,,-7.63287305256e-15,7.61991799194e-15,7.62639552225e-15
0.4008841463414613,1461.0,0.000274390243902,0.45,,-7.46395377678e-15,7.45099871612e-15,7.457476246449999e-15
0.40115853658536377,1462.0,0.000274390243902,0.45,,-7.29868809641e-15,7.28573303572e-15,7.292210566065e-15
0.4014329268292662,1463.0,0.000274390243902,0.45,,-7.13699895648e-15,7.12404389577e-15,7.130521426125e-15
0.40170731707316865,1464.0,0.000274390243902,0.45,,-6.97881088193e-15,6.96585582119e-15,6.97233335156e-15
0.40198170731707106,1465.0,0.000274390243902,0.45,,-6.82404994623e-15,6.81109488546e-15,6.817572415845e-15
0.4022560975609735,1466.0,0.000274390243902,0.45,,-6.67264374067e-15,6.65968867988e-15,6.666166210275e-15
0.40253048780487594,1467.0,0.000274390243902,0.45,,-6.52452134425e-15,6.51156628343e-15,6.51804381384e-15
0.4028048780487784,1468.0,0.000274390243902,0.45,,-6.37961329403e-15,6.36665823318e-15,6.3731357636050005e-15
0.4030792682926808,1469.0,0.000274390243902,0.45,,-6.23785155619e-15,6.22489649531e-15,6.23137402575e-15
0.4033536585365832,1470.0,0.000274390243902,0.45,,-6.09916949752e-15,6.08621443662e-15,6.09269196707e-15
0.4036280487804857,1471.0,0.000274390243902,0.45,,-5.96350185757e-15,5.95054679665e-15,5.95702432711e-15
0.4039024390243881,1472.0,0.000274390243902,0.45,,-5.8307847212e-15,5.81782966026e-15,5.82430719073e-15
0.40417682926829057,1473.0,0.000274390243902,0.45,,-5.70095549179e-15,5.68800043082e-15,5.694477961305e-15
0.404451219512193,1474.0,0.000274390243902,0.45,,-5.57395286484e-15,5.56099780385e-15,5.5674753343450005e-15
0.40472560975609545,1475.0,0.000274390243902,0.45,,-5.44971680219e-15,5.43676174118e-15,5.4432392716849996e-15
0.40499999999999786,1476.0,0.000274390243902,0.45,,-5.32818850667e-15,5.31523344564e-15,5.321710976155e-15
0.40527439024390033,1477.0,0.000274390243902,0.45,,-5.20931039722e-15,5.19635533617e-15,5.202832866695e-15
0.40554878048780274,1478.0,0.000274390243902,0.45,,-5.09302608455e-15,5.08007102348e-15,5.086548554015001e-15
0.4058231707317052,1479.0,0.000274390243902,0.45,,-4.97928034722e-15,4.96632528613e-15,4.972802816675e-15
0.4060975609756076,1480.0,0.000274390243902,0.45,,-4.86801910821e-15,4.85506404711e-15,4.86154157766e-15
0.4063719512195101,1481.0,0.000274390243902,0.45,,-4.75918941195e-15,4.74623435082e-15,4.752711881385e-15
0.4066463414634125,1482.0,0.000274390243902,0.45,,-4.6527394017e-15,4.63978434056e-15,4.64626187113e-15
0.40692073170731496,1483.0,0.000274390243902,0.45,,-4.54861829756e-15,4.5356632364e-15,4.5421407669800006e-15
0.4071951219512174,1484.0,0.000274390243902,0.45,,-4.44677637467e-15,4.4338213135e-15,4.440298844085e-15
0.40746951219511984,1485.0,0.000274390243902,0.45,,-4.34716494205e-15,4.33420988086e-15,4.340687411455e-15
0.40774390243902225,1486.0,0.000274390243902,0.45,,-4.24973632168e-15,4.23678126047e-15,4.243258791075e-15
0.40801829268292467,1487.0,0.000274390243902,0.45,,-4.1544438281e-15,4.14148876688e-15,4.14796629749e-15
0.40829268292682713,1488.0,0.000274390243902,0.45,,-4.06124174835e-15,4.04828668712e-15,4.054764217735e-15
0.40856707317072954,1489.0,0.000274390243902,0.45,,-3.97008532233e-15,3.95713026108e-15,3.963607791705e-15
0.408841463414632,1490.0,0.000274390243902,0.45,,-3.88093072348e-15,3.86797566222e-15,3.87445319285e-15
0.4091158536585344,1491.0,0.000274390243902,0.45,,-3.79373503997e-15,3.7807799787e-15,3.787257509335e-15
0.4093902439024369,1492.0,0.000274390243902,0.45,,-3.70845625609e-15,3.6955011948e-15,3.701978725445e-15
0.4096646341463393,1493.0,0.000274390243902,0.45,,-3.62505323412e-15,3.61209817282e-15,3.61857570347e-15
0.40993902439024177,1494.0,0.000274390243902,0.45,,-3.54348569653e-15,3.53053063522e-15,3.537008165875e-15
0.4102134146341442,1495.0,0.000274390243902,0.45,,-3.46487409163e-15,3.45191903286e-15,3.4583965622449997e-15
0.41048780487804665,1496.0,0.000274390243902,0.45,,-3.3905494695e-15,3.37759441069e-15,3.3840719400950004e-15
0.41076219512194906,1497.0,0.000274390243902,0.45,,-3.31778139531e-15,3.30482633646e-15,3.3113038658850003e-15
0.4110365853658515,1498.0,0.000274390243902,0.45,,-3.24653821294e-15,3.23358315405e-15,3.240060683495e-15
0.41131097560975394,1499.0,0.000274390243902,0.45,,-3.17678888775e-15,3.16383382882e-15,3.170311358285e-15
0.4115853658536564,1500.0,0.000274390243902,0.45,,-3.10850299492e-15,3.09554793595e-15,3.1020254654349997e-15
0.4118597560975588,1501.0,0.000274390243902,0.45,,-3.04165070797e-15,3.02869564896e-15,3.035173178465e-15
0.4121341463414613,1502.0,0.000274390243902,0.45,,-2.97620278754e-15,2.96324772849e-15,2.969725258015e-15
0.4124085365853637,1503.0,0.000274390243902,0.45,,-2.91213057034e-15,2.89917551126e-15,2.9056530408e-15
0.4126829268292661,1504.0,0.000274390243902,0.45,,-2.84940595827e-15,2.83645089916e-15,2.842928428715e-15
0.4129573170731686,1505.0,0.000274390243902,0.45,,-2.78800140779e-15,2.77504634865e-15,2.78152387822e-15
0.413231707317071,1506.0,0.000274390243902,0.45,,-2.72788991943e-15,2.71493486025e-15,2.72141238984e-15
0.41350609756097345,1507.0,0.000274390243902,0.45,,-2.66904502748e-15,2.65608996826e-15,2.66256749787e-15
0.41378048780487586,1508.0,0.000274390243902,0.45,,-2.61144078992e-15,2.59848573067e-15,2.604963260295e-15
0.41405487804877833,1509.0,0.000274390243902,0.45,,-2.55505177848e-15,2.5420967192e-15,2.54857424884e-15
0.41432926829268074,1510.0,0.000274390243902,0.45,,-2.4998530689e-15,2.48689800959e-15,2.493375539245e-15
0.4146036585365832,1511.0,0.000274390243902,0.45,,-2.44582023133e-15,2.43286517199e-15,2.4393427016600002e-15
0.4148780487804856,1512.0,0.000274390243902,0.45,,-2.39292932098e-15,2.37997426161e-15,2.386451791295e-15
0.4151524390243881,1513.0,0.000274390243902,0.45,,-2.34115686881e-15,2.32820180941e-15,2.33467933911e-15
0.4154268292682905,1514.0,0.000274390243902,0.45,,-2.29047987254e-15,2.27752481312e-15,2.2840023428300002e-15
0.41570121951219297,1515.0,0.000274390243902,0.45,,-2.24087578771e-15,2.22792072825e-15,2.23439825798e-15
0.4159756097560954,1516.0,0.000274390243902,0.45,,-2.19232251892e-15,2.17936745943e-15,2.185844989175e-15
0.41624999999999784,1517.0,0.000274390243902,0.45,,-2.14479841126e-15,2.13184335175e-15,2.138320881505e-15
0.41652439024390026,1518.0,0.000274390243902,0.45,,-2.09828224191e-15,2.08532718237e-15,2.0918047121400003e-15
0.4167987804878027,1519.0,0.000274390243902,0.45,,-2.0527532118e-15,2.03979815223e-15,2.046275682015e-15
0.41707317073170513,1520.0,0.000274390243902,0.45,,-2.00819093753e-15,1.99523587794e-15,2.001713407735e-15
0.41734756097560755,1521.0,0.000274390243902,0.45,,-1.96457544336e-15,1.95162038375e-15,1.958097913555e-15
0.41762195121951,1522.0,0.000274390243902,0.45,,-1.92188715341e-15,1.90893209377e-15,1.9154096235899996e-15
0.4178963414634124,1523.0,0.000274390243902,0.45,,-1.88010688392e-15,1.86715182426e-15,1.8736293540899998e-15
0.4181707317073149,1524.0,0.000274390243902,0.45,,-1.83921583575e-15,1.82626077606e-15,1.832738305905e-15
0.4184451219512173,1525.0,0.000274390243902,0.45,,-1.79919558689e-15,1.78624052718e-15,1.792718057035e-15
0.41871951219511977,1526.0,0.000274390243902,0.45,,-1.76002808528e-15,1.74707302555e-15,1.753550555415e-15
0.4189939024390222,1527.0,0.000274390243902,0.45,,-1.72169564159e-15,1.70874058184e-15,1.715218111715e-15
0.41926829268292465,1528.0,0.000274390243902,0.45,,-1.68418092223e-15,1.67122586245e-15,1.6777033923399999e-15
0.41954268292682706,1529.0,0.000274390243902,0.45,,-1.64746694245e-15,1.63451188266e-15,1.640989412555e-15
0.4198170731707295,1530.0,0.000274390243902,0.45,,-1.61153705962e-15,1.5985819998e-15,1.60505952971e-15
0.42009146341463194,1531.0,0.000274390243902,0.45,,-1.57637496654e-15,1.56341990671e-15,1.569897436625e-15
0.4203658536585344,1532.0,0.000274390243902,0.45,,-1.54196468498e-15,1.52900962513e-15,1.535487155055e-15
0.4206402439024368,1533.0,0.000274390243902,0.45,,-1.50829055926e-15,1.49533549939e-15,1.501813029325e-15
0.4209146341463393,1534.0,0.000274390243902,0.45,,-1.47533724998e-15,1.46238219008e-15,1.46885972003e-15
0.4211890243902417,1535.0,0.000274390243902,0.45,,-1.44308972784e-15,1.43013466793e-15,1.436612197885e-15
0.42146341463414416,1536.0,0.000274390243902,0.45,,-1.41153326766e-15,1.39857820773e-15,1.405055737695e-15
0.4217378048780466,1537.0,0.000274390243902,0.45,,-1.38065344238e-15,1.36769838244e-15,1.3741759124100002e-15
0.422012195121949,1538.0,0.000274390243902,0.45,,-1.35043611729e-15,1.33748105733e-15,1.34395858731e-15
0.42228658536585145,1539.0,0.000274390243902,0.45,,-1.32086744427e-15,1.30791238429e-15,1.31438991428e-15
0.42256097560975386,1540.0,0.000274390243902,0.45,,-1.29193385623e-15,1.27897879624e-15,1.285456326235e-15
0.42283536585365633,1541.0,0.000274390243902,0.45,,-1.26362206159e-15,1.25066700158e-15,1.257144531585e-15
0.42310975609755874,1542.0,0.000274390243902,0.45,,-1.23591903885e-15,1.22296397883e-15,1.22944150884e-15
0.4233841463414612,1543.0,0.000274390243902,0.45,,-1.20881203136e-15,1.19585697132e-15,1.20233450134e-15
0.4236585365853636,1544.0,0.000274390243902,0.45,,-1.18228854206e-15,1.169333482e-15,1.1758110120300001e-15
0.4239329268292661,1545.0,0.000274390243902,0.45,,-1.15633632841e-15,1.14338126834e-15,1.1498587983750001e-15
0.4242073170731685,1546.0,0.000274390243902,0.45,,-1.13094339737e-15,1.11798833729e-15,1.12446586733e-15
0.42448170731707097,1547.0,0.000274390243902,0.45,,-1.10609800051e-15,1.09314294041e-15,1.09962047046e-15
0.4247560975609734,1548.0,0.000274390243902,0.45,,-1.08178862916e-15,1.06883356904e-15,1.0753110991e-15
0.42503048780487585,1549.0,0.000274390243902,0.45,,-1.0580040097e-15,1.04504894958e-15,1.05152647964e-15
0.42530487804877826,1550.0,0.000274390243902,0.45,,-1.03473309895e-15,1.02177803882e-15,1.028255568885e-15
0.4255792682926807,1551.0,0.000274390243902,0.45,,-1.01196507956e-15,9.9901001941e-16,1.005487549485e-15
0.42585365853658314,1552.0,0.000274390243902,0.45,,-9.89689355576e-16,9.76734295414e-16,9.83211825495e-16
0.42612804878048555,1553.0,0.000274390243902,0.45,,-9.67895548069e-16,9.54940487896e-16,9.614180179825002e-16
0.426402439024388,1554.0,0.000274390243902,0.45,,-9.46573490823e-16,9.33618430638e-16,9.400959607305e-16
0.4266768292682904,1555.0,0.000274390243902,0.45,,-9.25713226121e-16,9.12758165925e-16,9.192356960229999e-16
0.4269512195121929,1556.0,0.000274390243902,0.45,,-9.05305000612e-16,8.92349940406e-16,8.98827470509e-16
0.4272256097560953,1557.0,0.000274390243902,0.45,,-8.85339261252e-16,8.72384201037e-16,8.788617311445e-16
0.42749999999999777,1558.0,0.000274390243902,0.45,,-8.65806651325e-16,8.52851591101e-16,8.59329121213e-16
0.4277743902439002,1559.0,0.000274390243902,0.45,,-8.46698006539e-16,8.33742946306e-16,8.402204764225e-16
0.42804878048780265,1560.0,0.000274390243902,0.45,,-8.28004351193e-16,8.15049290951e-16,8.21526821072e-16
0.42832317073170506,1561.0,0.000274390243902,0.45,,-8.09716894425e-16,7.96761834176e-16,8.032393643005e-16
0.4285975609756075,1562.0,0.000274390243902,0.45,,-7.91827026527e-16,7.7887196627e-16,7.853494963985e-16
0.42887195121950994,1563.0,0.000274390243902,0.45,,-7.74326315326e-16,7.61371255061e-16,7.678487851935e-16
0.4291463414634124,1564.0,0.000274390243902,0.45,,-7.57206502644e-16,7.44251442371e-16,7.507289725075e-16
0.4294207317073148,1565.0,0.000274390243902,0.45,,-7.40459500819e-16,7.27504440539e-16,7.33981970679e-16
0.4296951219512173,1566.0,0.000274390243902,0.45,,-7.24077389296e-16,7.11122329008e-16,7.175998591520001e-16
0.4299695121951197,1567.0,0.000274390243902,0.45,,-7.08052411278e-16,6.95097350984e-16,7.01574881131e-16
0.43024390243902216,1568.0,0.000274390243902,0.45,,-6.92376970454e-16,6.79421910153e-16,6.858994403035e-16
0.4305182926829246,1569.0,0.000274390243902,0.45,,-6.77043627773e-16,6.64088567466e-16,6.705660976195e-16
0.430792682926827,1570.0,0.000274390243902,0.45,,-6.62045098296e-16,6.49090037982e-16,6.55567568139e-16
0.43106707317072945,1571.0,0.000274390243902,0.45,,-6.47374248095e-16,6.34419187776e-16,6.408967179355e-16
0.43134146341463186,1572.0,0.000274390243902,0.45,,-6.33024091225e-16,6.200690309e-16,6.265465610625e-16
0.43161585365853433,1573.0,0.000274390243902,0.45,,-6.18987786744e-16,6.06032726413e-16,6.125102565784999e-16
0.43189024390243674,1574.0,0.000274390243902,0.45,,-6.05258635796e-16,5.9230357546e-16,5.98781105628e-16
0.4321646341463392,1575.0,0.000274390243902,0.45,,-5.91830078751e-16,5.7887501841e-16,5.853525485805e-16
0.4324390243902416,1576.0,0.000274390243902,0.45,,-5.78695692396e-16,5.65740632049e-16,5.722181622225e-16
0.4327134146341441,1577.0,0.000274390243902,0.45,,-5.65849187183e-16,5.52894126832e-16,5.593716570075e-16
0.4329878048780465,1578.0,0.000274390243902,0.45,,-5.53284404536e-16,5.4032934418e-16,5.46806874358e-16
0.43326219512194897,1579.0,0.000274390243902,0.45,,-5.409953142e-16,5.28040253839e-16,5.345177840195e-16
0.4335365853658514,1580.0,0.000274390243902,0.45,,-5.28976011646e-16,5.16020951281e-16,5.224984814635001e-16
0.43381097560975385,1581.0,0.000274390243902,0.45,,-5.17220715533e-16,5.04265655164e-16,5.107431853485e-16
0.43408536585365626,1582.0,0.000274390243902,0.45,,-5.0572376521e-16,4.92768704836e-16,4.99246235023e-16
0.4343597560975587,1583.0,0.000274390243902,0.45,,-4.94479618269e-16,4.81524557892e-16,4.880020880805e-16
0.43463414634146114,1584.0,0.000274390243902,0.45,,-4.83482848152e-16,4.70527787771e-16,4.770053179615001e-16
0.4349085365853636,1585.0,0.000274390243902,0.45,,-4.72728141797e-16,4.59773081413e-16,4.66250611605e-16
0.435182926829266,1586.0,0.000274390243902,0.45,,-4.62569800119e-16,4.49614740698e-16,4.5609227040850005e-16
0.4354573170731684,1587.0,0.000274390243902,0.45,,-4.52765625058e-16,4.39810565622e-16,4.4628809534e-16
0.4357317073170709,1588.0,0.000274390243902,0.45,,-4.4316682691e-16,4.3021176746e-16,4.36689297185e-16
0.4360060975609733,1589.0,0.000274390243902,0.45,,-4.33769227605e-16,4.20814168142e-16,4.272916978735e-16
0.43628048780487577,1590.0,0.000274390243902,0.45,,-4.24568731127e-16,4.1161367165e-16,4.180912013885e-16
0.4365548780487782,1591.0,0.000274390243902,0.45,,-4.15561321971e-16,4.02606262482e-16,4.090837922265e-16
0.43682926829268065,1592.0,0.000274390243902,0.45,,-4.06743063636e-16,3.93788004134e-16,4.00265533885e-16
0.43710365853658306,1593.0,0.000274390243902,0.45,,-3.98110097134e-16,3.8515503762e-16,3.9163256737699997e-16
0.43737804878048553,1594.0,0.000274390243902,0.45,,-3.89658639535e-16,3.76703580008e-16,3.8318110977149997e-16
0.43765243902438794,1595.0,0.000274390243902,0.45,,-3.81384982528e-16,3.68429922989e-16,3.7490745275850003e-16
0.4379268292682904,1596.0,0.000274390243902,0.45,,-3.73285491017e-16,3.60330431467e-16,3.6680796124199998e-16
0.4382012195121928,1597.0,0.000274390243902,0.45,,-3.65356601736e-16,3.52401542174e-16,3.58879071955e-16
0.4384756097560953,1598.0,0.000274390243902,0.45,,-3.57594821889e-16,3.44639762315e-16,3.51117292102e-16
0.4387499999999977,1599.0,0.000274390243902,0.45,,-3.49996727815e-16,3.3704166823e-16,3.435191980225e-16
0.43902439024390016,1600.0,0.000274390243902,0.45,,-3.42558963681e-16,3.29603904086e-16,3.360814338835e-16
0.4392987804878026,1601.0,0.000274390243902,0.45,,-3.35278240191e-16,3.22323180585e-16,3.28800710388e-16
0.43957317073170504,1602.0,0.000274390243902,0.45,,-3.2815133332e-16,3.15196273703e-16,3.216738035115e-16
0.43984756097560745,1603.0,0.000274390243902,0.45,,-3.21175083076e-16,3.08220023449e-16,3.146975532625e-16
0.44012195121950987,1604.0,0.000274390243902,0.45,,-3.14346392281e-16,3.01391332644e-16,3.0786886246250004e-16
0.44039634146341233,1605.0,0.000274390243902,0.45,,-3.07662225367e-16,2.9470716572e-16,3.0118469554349996e-16
0.44067073170731474,1606.0,0.000274390243902,0.45,,-3.01119607208e-16,2.88164547551e-16,2.9464207737950003e-16
0.4409451219512172,1607.0,0.000274390243902,0.45,,-2.94715621958e-16,2.81760562292e-16,2.88238092125e-16
0.4412195121951196,1608.0,0.000274390243902,0.45,,-2.88447411925e-16,2.7549235225e-16,2.819698820875e-16
0.4414939024390221,1609.0,0.000274390243902,0.45,,-2.82312176448e-16,2.69357116764e-16,2.75834646606e-16
0.4417682926829245,1610.0,0.000274390243902,0.45,,-2.76307170813e-16,2.63352111119e-16,2.6982964096599997e-16
0.44204268292682697,1611.0,0.000274390243902,0.45,,-2.70429705171e-16,2.57474645469e-16,2.6395217532000003e-16
0.4423170731707294,1612.0,0.000274390243902,0.45,,-2.64677143493e-16,2.51722083782e-16,2.5819961363749996e-16
0.44259146341463185,1613.0,0.000274390243902,0.45,,-2.59046902526e-16,2.46091842807e-16,2.5256937266650003e-16
0.44286585365853426,1614.0,0.000274390243902,0.45,,-2.53536450784e-16,2.40581391057e-16,2.470589209205e-16
0.4431402439024367,1615.0,0.000274390243902,0.45,,-2.48143307548e-16,2.35188247812e-16,2.4166577768e-16
0.44341463414633914,1616.0,0.000274390243902,0.45,,-2.42865041886e-16,2.29909982143e-16,2.3638751201450003e-16
0.4436890243902416,1617.0,0.000274390243902,0.45,,-2.37699271694e-16,2.24744211944e-16,2.3122174181899997e-16
0.443963414634144,1618.0,0.000274390243902,0.45,,-2.32643662752e-16,2.19688602993e-16,2.261661328725e-16
0.4442378048780464,1619.0,0.000274390243902,0.45,,-2.27695927793e-16,2.14740868027e-16,2.2121839790999997e-16
0.4445121951219489,1620.0,0.000274390243902,0.45,,-2.22853825602e-16,2.09898765829e-16,2.163762957155e-16
0.4447865853658513,1621.0,0.000274390243902,0.45,,-2.18115160117e-16,2.05160100337e-16,2.11637630227e-16
0.4450609756097538,1622.0,0.000274390243902,0.45,,-2.13477779554e-16,2.00522719767e-16,2.0700024966050002e-16
0.4453353658536562,1623.0,0.000274390243902,0.45,,-2.08939575551e-16,1.95984515757e-16,2.02462045654e-16
0.44560975609755865,1624.0,0.000274390243902,0.45,,-2.04498482318e-16,1.91543422518e-16,1.9802095241800002e-16
0.44588414634146106,1625.0,0.000274390243902,0.45,,-2.00152475814e-16,1.87197416007e-16,1.936749459105e-16
0.44615853658536353,1626.0,0.000274390243902,0.45,,-1.9589957293e-16,1.82944513117e-16,1.894220430235e-16
0.44643292682926594,1627.0,0.000274390243902,0.45,,-1.91737830693e-16,1.78782770874e-16,1.8526030078349998e-16
0.4467073170731684,1628.0,0.000274390243902,0.45,,-1.87665345483e-16,1.74710285658e-16,1.811878155705e-16
0.4469817073170708,1629.0,0.000274390243902,0.45,,-1.83680252263e-16,1.70725192432e-16,1.772027223475e-16
0.4472560975609733,1630.0,0.000274390243902,0.45,,-1.79780723826e-16,1.66825663989e-16,1.733031939075e-16
0.4475304878048757,1631.0,0.000274390243902,0.45,,-1.75964970054e-16,1.63009910212e-16,1.6948744013300001e-16
0.44780487804877817,1632.0,0.000274390243902,0.45,,-1.72231237193e-16,1.59276177345e-16,1.6575370726899999e-16
0.4480792682926806,1633.0,0.000274390243902,0.45,,-1.68577807138e-16,1.55622747285e-16,1.6210027721150002e-16
0.44835365853658304,1634.0,0.000274390243902,0.45,,-1.65002996735e-16,1.52047936876e-16,1.5852546680549999e-16
0.44862804878048546,1635.0,0.000274390243902,0.45,,-1.61505157094e-16,1.4855009723e-16,1.55027627162e-16
0.44890243902438787,1636.0,0.000274390243902,0.45,,-1.58082672917e-16,1.45127613048e-16,1.516051429825e-16
0.44917682926829033,1637.0,0.000274390243902,0.45,,-1.54733961835e-16,1.41778901961e-16,1.48256431898e-16
0.44945121951219275,1638.0,0.000274390243902,0.45,,-1.51457473761e-16,1.38502413882e-16,1.4497994382149999e-16
0.4497256097560952,1639.0,0.000274390243902,0.45,,-1.48251690252e-16,1.35296630369e-16,1.4177416031050002e-16
0.4499999999999976,1640.0,0.000274390243902,0.45,,-1.45115123889e-16,1.32160064001e-16,1.3863759394500002e-16
0.4502743902439001,1641.0,0.000274390243902,0.45,,-1.42046317659e-16,1.29091257767e-16,1.35568787713e-16
0.4505487804878025,1642.0,0.000274390243902,0.45,,-1.39043844359e-16,1.26088784463e-16,1.32566314411e-16
0.45082317073170497,1643.0,0.000274390243902,0.45,,-1.36106306004e-16,1.23151246103e-16,1.296287760535e-16
0.4510975609756074,1644.0,0.000274390243902,0.45,,-1.33232333247e-16,1.20277273342e-16,1.267548032945e-16
0.45137195121950985,1645.0,0.000274390243902,0.45,,-1.30420584816e-16,1.17465524907e-16,1.239430548615e-16
0.45164634146341226,1646.0,0.000274390243902,0.45,,-1.27669746955e-16,1.14714687042e-16,1.211922169985e-16
0.4519207317073147,1647.0,0.000274390243902,0.45,,-1.24978532878e-16,1.12023472961e-16,1.1850100291949998e-16
0.45219512195121714,1648.0,0.000274390243902,0.45,,-1.22345682233e-16,1.09390622312e-16,1.158681522725e-16
0.4524695121951196,1649.0,0.000274390243902,0.45,,-1.19769960577e-16,1.06814900653e-16,1.13292430615e-16
0.452743902439022,1650.0,0.000274390243902,0.45,,-1.17250158862e-16,1.04295098935e-16,1.107726288985e-16
0.4530182926829245,1651.0,0.000274390243902,0.45,,-1.14785092927e-16,1.01830032996e-16,1.083075629615e-16
0.4532926829268269,1652.0,0.000274390243902,0.45,,-1.12373603004e-16,9.94185430696e-17,1.058960730368e-16
0.4535670731707293,1653.0,0.000274390243902,0.45,,-1.10014553229e-16,9.70594932923e-17,1.0353702326065e-16
0.4538414634146318,1654.0,0.000274390243902,0.45,,-1.07706831171e-16,9.47517712303e-17,1.0122930120064999e-16
0.4541158536585342,1655.0,0.000274390243902,0.45,,-1.05449347354e-16,9.24942874107e-17,9.897181738235e-17
0.45439024390243665,1656.0,0.000274390243902,0.45,,-1.03241034809e-16,9.02859748622e-17,9.67635048356e-17
0.45466463414633906,1657.0,0.000274390243902,0.45,,-1.01080848614e-16,8.8125788665e-17,9.46033186395e-17
0.45493902439024153,1658.0,0.000274390243902,0.45,,-9.89677654618e-17,8.60127055097e-17,9.249023548575001e-17
0.45521341463414394,1659.0,0.000274390243902,0.45,,-9.69007832186e-17,8.39457232638e-17,9.04232532412e-17
0.4554878048780464,1660.0,0.000274390243902,0.45,,-9.48789205045e-17,8.19238605471e-17,8.84013905258e-17
0.4557621951219488,1661.0,0.000274390243902,0.45,,-9.29012162756e-17,7.99461563156e-17,8.642368629559999e-17
0.4560365853658513,1662.0,0.000274390243902,0.45,,-9.0966729415e-17,7.80116694525e-17,8.448919943375001e-17
0.4563109756097537,1663.0,0.000274390243902,0.45,,-8.90745383331e-17,7.61194783683e-17,8.25970083507e-17
0.45658536585365617,1664.0,0.000274390243902,0.45,,-8.72237405744e-17,7.42686806072e-17,8.074621059079999e-17
0.4568597560975586,1665.0,0.000274390243902,0.45,,-8.54134524321e-17,7.24583924626e-17,7.893592244735e-17
0.45713414634146105,1666.0,0.000274390243902,0.45,,-8.36428085709e-17,7.06877485992e-17,7.716527858505e-17
0.45740853658536346,1667.0,0.000274390243902,0.45,,-8.19109616562e-17,6.89559016824e-17,7.54334316693e-17
0.4576829268292659,1668.0,0.000274390243902,0.45,,-8.02170819909e-17,6.72620220151e-17,7.3739552003e-17
0.45795731707316834,1669.0,0.000274390243902,0.45,,-7.85603571596e-17,6.56052971817e-17,7.208282717064999e-17
0.45823170731707075,1670.0,0.000274390243902,0.45,,-7.69399916789e-17,6.39849316991e-17,7.0462461689e-17
0.4585060975609732,1671.0,0.000274390243902,0.45,,-7.53552066553e-17,6.24001466737e-17,6.887767666450001e-17
0.4587804878048756,1672.0,0.000274390243902,0.45,,-7.38052394496e-17,6.08501794661e-17,6.732770945785e-17
0.4590548780487781,1673.0,0.000274390243902,0.45,,-7.2289343347e-17,5.93342833619e-17,6.581181335445e-17
0.4593292682926805,1674.0,0.000274390243902,0.45,,-7.08067872354e-17,5.78517272486e-17,6.4329257242e-17
0.45960365853658297,1675.0,0.000274390243902,0.45,,-6.9356855288e-17,5.64017952996e-17,6.28793252938e-17
0.4598780487804854,1676.0,0.000274390243902,0.45,,-6.79476403505e-17,5.49925807049e-17,6.147011052769999e-17
0.46015243902438785,1677.0,0.000274390243902,0.45,,-6.66267120353e-17,5.36716523841e-17,6.01491822097e-17
0.46042682926829026,1678.0,0.000274390243902,0.45,,-6.53334443437e-17,5.2378384687e-17,5.885591451535e-17
0.46070121951219273,1679.0,0.000274390243902,0.45,,-6.4067274802e-17,5.11122151399e-17,5.758974497095e-17
0.46097560975609514,1680.0,0.000274390243902,0.45,,-6.28276519774e-17,4.987259231e-17,5.63501221437e-17
0.4612499999999976,1681.0,0.000274390243902,0.45,,-6.16140352706e-17,4.86589755979e-17,5.513650543425e-17
0.4615243902439,1682.0,0.000274390243902,0.45,,-6.04258947124e-17,4.74708350346e-17,5.39483648735e-17
0.4617987804878025,1683.0,0.000274390243902,0.45,,-5.92627107644e-17,4.63076510816e-17,5.2785180923e-17
0.4620731707317049,1684.0,0.000274390243902,0.45,,-5.81239741219e-17,4.51689144342e-17,5.1646444278050003e-17
0.4623475609756073,1685.0,0.000274390243902,0.45,,-5.70091855219e-17,4.40541258293e-17,5.0531655675599994e-17
0.4626219512195098,1686.0,0.000274390243902,0.45,,-5.59178555532e-17,4.29627958559e-17,4.944032570455e-17
0.4628963414634122,1687.0,0.000274390243902,0.45,,-5.48495044705e-17,4.18944447686e-17,4.837197461955e-17
0.46317073170731465,1688.0,0.000274390243902,0.45,,-5.38036620117e-17,4.08486023053e-17,4.73261321585e-17
0.46344512195121706,1689.0,0.000274390243902,0.45,,-5.27798672184e-17,3.98248075075e-17,4.630233736295e-17
0.46371951219511953,1690.0,0.000274390243902,0.45,,-5.17776682595e-17,3.88226085442e-17,4.530013840185e-17
0.46399390243902194,1691.0,0.000274390243902,0.45,,-5.07966222582e-17,3.78415625386e-17,4.43190923984e-17
0.4642682926829244,1692.0,0.000274390243902,0.45,,-4.98362951218e-17,3.68812353981e-17,4.335876525995e-17
0.4645426829268268,1693.0,0.000274390243902,0.45,,-4.88962613749e-17,3.5941201647e-17,4.241873151095e-17
0.4648170731707293,1694.0,0.000274390243902,0.45,,-4.79761039951e-17,3.50210442631e-17,4.1498574129099995e-17
0.4650914634146317,1695.0,0.000274390243902,0.45,,-4.70754142521e-17,3.41203545162e-17,4.059788438415e-17
0.46536585365853417,1696.0,0.000274390243902,0.45,,-4.61937915496e-17,3.32387318099e-17,3.971626167975e-17
0.4656402439024366,1697.0,0.000274390243902,0.45,,-4.533084327e-17,3.23757835264e-17,3.88533133982e-17
0.46591463414633905,1698.0,0.000274390243902,0.45,,-4.44861846214e-17,3.15311248741e-17,3.800865474775e-17
0.46618902439024146,1699.0,0.000274390243902,0.45,,-4.36594384885e-17,3.07043787376e-17,3.7181908613049996e-17
0.4664634146341439,1700.0,0.000274390243902,0.45,,-4.28502352852e-17,2.98951755307e-17,3.637270540795e-17
0.46673780487804634,1701.0,0.000274390243902,0.45,,-4.20582128102e-17,2.91031530522e-17,3.55806829312e-17
0.46701219512194875,1702.0,0.000274390243902,0.45,,-4.12830161054e-17,2.8327956344e-17,3.48054862247e-17
0.4672865853658512,1703.0,0.000274390243902,0.45,,-4.05242973165e-17,2.75692375517e-17,3.40467674341e-17
0.4675609756097536,1704.0,0.000274390243902,0.45,,-3.97817155565e-17,2.68266557885e-17,3.33041856725e-17
0.4678353658536561,1705.0,0.000274390243902,0.45,,-3.90549367715e-17,2.60998770003e-17,3.25774068859e-17
0.4681097560975585,1706.0,0.000274390243902,0.45,,-3.83436336091e-17,2.53885738347e-17,3.18661037219e-17
0.46838414634146097,1707.0,0.000274390243902,0.45,,-3.76474852886e-17,2.46924255112e-17,3.11699553999e-17
0.4686585365853634,1708.0,0.000274390243902,0.45,,-3.6966177475e-17,2.40111176945e-17,3.048864758475e-17
0.46893292682926585,1709.0,0.000274390243902,0.45,,-3.62994021533e-17,2.33443423699e-17,2.98218722616e-17
0.46920731707316826,1710.0,0.000274390243902,0.45,,-3.5646857507e-17,2.26917977208e-17,2.91693276139e-17
0.46948170731707073,1711.0,0.000274390243902,0.45,,-3.50082477978e-17,2.20531880087e-17,2.853071790325e-17
0.46975609756097314,1712.0,0.000274390243902,0.45,,-3.43832832475e-17,2.14282234556e-17,2.790575335155e-17
0.4700304878048756,1713.0,0.000274390243902,0.45,,-3.37716799225e-17,2.08166201279e-17,2.72941500252e-17
0.470304878048778,1714.0,0.000274390243902,0.45,,-3.31731596203e-17,2.02180998231e-17,2.6695629721699998e-17
0.4705792682926805,1715.0,0.000274390243902,0.45,,-3.25874497582e-17,1.96323899584e-17,2.61099198583e-17
0.4708536585365829,1716.0,0.000274390243902,0.45,,-3.20142832634e-17,1.9059223461e-17,2.55367533622e-17
0.47112804878048536,1717.0,0.000274390243902,0.45,,-3.1453398466e-17,1.84983386612e-17,2.49758685636e-17
0.4714024390243878,1718.0,0.000274390243902,0.45,,-3.09045389937e-17,1.79494791865e-17,2.44270090901e-17
0.4716768292682902,1719.0,0.000274390243902,0.45,,-3.03674536684e-17,1.74123938588e-17,2.38899237636e-17
0.47195121951219265,1720.0,0.000274390243902,0.45,,-2.98418964041e-17,1.68868365923e-17,2.33643664982e-17
0.47222560975609507,1721.0,0.000274390243902,0.45,,-2.93276261084e-17,1.63725662943e-17,2.2850096201349998e-17
0.47249999999999753,1722.0,0.000274390243902,0.45,,-2.88244065838e-17,1.58693467675e-17,2.2346876675649996e-17
0.47277439024389994,1723.0,0.000274390243902,0.45,,-2.83320064321e-17,1.53769466137e-17,2.1854476522900004e-17
0.4730487804878024,1724.0,0.000274390243902,0.45,,-2.78501989607e-17,1.48951391401e-17,2.13726690504e-17
0.4733231707317048,1725.0,0.000274390243902,0.45,,-2.73787620895e-17,1.44237022669e-17,2.09012321782e-17
0.4735975609756073,1726.0,0.000274390243902,0.45,,-2.69174782609e-17,1.39624184363e-17,2.04399483486e-17
0.4738719512195097,1727.0,0.000274390243902,0.45,,-2.64661343505e-17,1.35110745239e-17,1.99886044372e-17
0.47414634146341217,1728.0,0.000274390243902,0.45,,-2.60245215801e-17,1.30694617516e-17,1.954699166585e-17
0.4744207317073146,1729.0,0.000274390243902,0.45,,-2.5592435432e-17,1.26373756017e-17,1.911490551685e-17
0.47469512195121705,1730.0,0.000274390243902,0.45,,-2.51696755649e-17,1.22146157327e-17,1.86921456488e-17
0.47496951219511946,1731.0,0.000274390243902,0.45,,-2.47560457316e-17,1.18009858977e-17,1.827851581465e-17
0.4752439024390219,1732.0,0.000274390243902,0.45,,-2.43513536982e-17,1.13962938626e-17,1.78738237804e-17
0.47551829268292434,1733.0,0.000274390243902,0.45,,-2.39554111647e-17,1.10003513274e-17,1.747788124605e-17
0.4757926829268268,1734.0,0.000274390243902,0.45,,-2.3568033687e-17,1.06129738481e-17,1.709050376755e-17
0.4760670731707292,1735.0,0.000274390243902,0.45,,-2.3189040601e-17,1.02339807605e-17,1.671151068075e-17
0.4763414634146316,1736.0,0.000274390243902,0.45,,-2.28182549473e-17,9.86319510518e-18,1.634072502624e-17
0.4766158536585341,1737.0,0.000274390243902,0.45,,-2.24555033977e-17,9.50044355409e-18,1.5977973475894998e-17
0.4768902439024365,1738.0,0.000274390243902,0.45,,-2.21006161835e-17,9.14555633842e-18,1.562308626096e-17
0.477164634146339,1739.0,0.000274390243902,0.45,,-2.17534270244e-17,8.79836717801e-18,1.5275897101205e-17
0.4774390243902414,1740.0,0.000274390243902,0.45,,-2.14137730595e-17,8.45871321183e-18,1.4936243135665e-17
0.47771341463414385,1741.0,0.000274390243902,0.45,,-2.10814947787e-17,8.12643492986e-18,1.460396485428e-17
0.47798780487804626,1742.0,0.000274390243902,0.45,,-2.07564359566e-17,7.80137610662e-18,1.427890603161e-17
0.47826219512194873,1743.0,0.000274390243902,0.45,,-2.04384435867e-17,7.48338373556e-18,1.396091366113e-17
0.47853658536585114,1744.0,0.000274390243902,0.45,,-2.0127367817e-17,7.17230796485e-18,1.3649837890925e-17
0.4788109756097536,1745.0,0.000274390243902,0.45,,-1.98230618877e-17,6.86800203445e-18,1.3345531961074999e-17
0.479085365853656,1746.0,0.000274390243902,0.45,,-1.95253820685e-17,6.57032221425e-18,1.3047852141375e-17
0.4793597560975585,1747.0,0.000274390243902,0.45,,-1.92341875988e-17,6.27912774355e-18,1.2756657671175e-17
0.4796341463414609,1748.0,0.000274390243902,0.45,,-1.89493406278e-17,5.99428077161e-18,1.2471810699705e-17
0.47990853658536337,1749.0,0.000274390243902,0.45,,-1.86707061565e-17,5.71564629935e-18,1.2193176227924999e-17
0.4801829268292658,1750.0,0.000274390243902,0.45,,-1.83981519803e-17,5.44309212225e-18,1.1920622051275e-17
0.4804573170731682,1751.0,0.000274390243902,0.45,,-1.81315486332e-17,5.17648877422e-18,1.165401870371e-17
0.48073170731707066,1752.0,0.000274390243902,0.45,,-1.78707693325e-17,4.91570947266e-18,1.139323940258e-17
0.48100609756097307,1753.0,0.000274390243902,0.45,,-1.76156899252e-17,4.66063006454e-18,1.113815999487e-17
0.48128048780487553,1754.0,0.000274390243902,0.45,,-1.7366188835e-17,4.41112897356e-18,1.0888658904280001e-17
0.48155487804877795,1755.0,0.000274390243902,0.45,,-1.71221470104e-17,4.16708714822e-18,1.064461707931e-17
0.4818292682926804,1756.0,0.000274390243902,0.45,,-1.6883447874e-17,3.92838801108e-18,1.040591794254e-17
0.4821036585365828,1757.0,0.000274390243902,0.45,,-1.66499772725e-17,3.69491740881e-18,1.0172447340655e-17
0.4823780487804853,1758.0,0.000274390243902,0.45,,-1.64216234277e-17,3.46656356335e-18,9.944093495525e-18
0.4826524390243877,1759.0,0.000274390243902,0.45,,-1.6198276889e-17,3.24321702395e-18,9.720746956475e-18
0.48292682926829017,1760.0,0.000274390243902,0.45,,-1.59798304859e-17,3.02477062018e-18,9.50230055304e-18
0.4832012195121926,1761.0,0.000274390243902,0.45,,-1.57661792821e-17,2.81111941582e-18,9.288649348960001e-18
0.48347560975609505,1762.0,0.000274390243902,0.45,,-1.55572205305e-17,2.60216066364e-18,9.07969059707e-18
0.48374999999999746,1763.0,0.000274390243902,0.45,,-1.53528536286e-17,2.39779376115e-18,8.875323694875e-18
0.4840243902438999,1764.0,0.000274390243902,0.45,,-1.51529800751e-17,2.19792020709e-18,8.675450141094999e-18
0.48429878048780234,1765.0,0.000274390243902,0.45,,-1.49575034274e-17,2.00244355887e-18,8.479973493135e-18
0.4845731707317048,1766.0,0.000274390243902,0.45,,-1.47663292598e-17,1.81126939075e-18,8.288799325275e-18
0.4848475609756072,1767.0,0.000274390243902,0.45,,-1.45841965379e-17,1.62913679857e-18,8.106666668234999e-18
0.48512195121950963,1768.0,0.000274390243902,0.45,,-1.44099524631e-17,1.45489272191e-18,7.932422592505e-18
0.4853963414634121,1769.0,0.000274390243902,0.45,,-1.42393580413e-17,1.28429829819e-18,7.761828169745e-18
0.4856707317073145,1770.0,0.000274390243902,0.45,,-1.40723390353e-17,1.11727929032e-18,7.59480916281e-18
0.485945121951217,1771.0,0.000274390243902,0.45,,-1.39088226657e-17,9.53762918933e-19,7.431292792316499e-18
0.4862195121951194,1772.0,0.000274390243902,0.45,,-1.37487375836e-17,7.93677835034e-19,7.271207709317e-18
0.48649390243902185,1773.0,0.000274390243902,0.45,,-1.35920138434e-17,6.36954093132e-19,7.114483968266e-18
0.48676829268292426,1774.0,0.000274390243902,0.45,,-1.34385828769e-17,4.83523124847e-19,6.9610530008735e-18
0.48704268292682673,1775.0,0.000274390243902,0.45,,-1.32883774667e-17,3.33317712987e-19,6.8108475898435e-18
0.48731707317072914,1776.0,0.000274390243902,0.45,,-1.31413317214e-17,1.86271966078e-19,6.6638018437389996e-18
0.4875914634146316,1777.0,0.000274390243902,0.45,,-1.29973810503e-17,4.23212933447e-20,6.51985117182235e-18
0.487865853658534,1778.0,0.000274390243902,0.45,,-1.28564621387e-17,-9.85976198617e-20,6.3789322594191495e-18
0.4881402439024365,1779.0,0.000274390243902,0.45,,-1.27185129239e-17,-2.36546836201e-19,6.2409830438495e-18
0.4884146341463389,1780.0,0.000274390243902,0.45,,-1.25834725716e-17,-3.71587190053e-19,6.1059426907735e-18
0.48868902439024137,1781.0,0.000274390243902,0.45,,-1.24512814524e-17,-5.03778310802e-19,5.973751570799e-18
0.4889634146341438,1782.0,0.000274390243902,0.45,,-1.23218811189e-17,-6.33178645707e-19,5.8443512365965e-18
0.48923780487804625,1783.0,0.000274390243902,0.45,,-1.21952142837e-17,-7.5984548236e-19,5.71768440067e-18
0.48951219512194866,1784.0,0.000274390243902,0.45,,-1.20712247967e-17,-8.83834970749e-19,5.5936949129754995e-18
0.48978658536585107,1785.0,0.000274390243902,0.45,,-1.1949857624e-17,-1.00520214491e-18,5.472327739545e-18
0.49006097560975354,1786.0,0.000274390243902,0.45,,-1.1831058826e-17,-1.12400094423e-18,5.353528940885e-18
0.49033536585365595,1787.0,0.000274390243902,0.45,,-1.17147755373e-17,-1.24028423428e-18,5.23724565151e-18
0.4906097560975584,1788.0,0.000274390243902,0.45,,-1.16009559455e-17,-1.35410382739e-18,5.123426059055001e-18
0.4908841463414608,1789.0,0.000274390243902,0.45,,-1.14895492714e-17,-1.46551050276e-18,5.01201938432e-18
0.4911585365853633,1790.0,0.000274390243902,0.45,,-1.13805057492e-17,-1.57455402624e-18,4.9029758614799996e-18
0.4914329268292657,1791.0,0.000274390243902,0.45,,-1.12737766069e-17,-1.68128316976e-18,4.7962467185699995e-18
0.49170731707316817,1792.0,0.000274390243902,0.45,,-1.11693140474e-17,-1.78574573038e-18,4.69178415851e-18
0.4919817073170706,1793.0,0.000274390243902,0.45,,-1.10670712299e-17,-1.88798854906e-18,4.58954134042e-18
0.49225609756097305,1794.0,0.000274390243902,0.45,,-1.09670022512e-17,-1.98805752898e-18,4.48947236111e-18
0.49253048780487546,1795.0,0.000274390243902,0.45,,-1.08690621277e-17,-2.08599765362e-18,4.39153223704e-18
0.49280487804877793,1796.0,0.000274390243902,0.45,,-1.07732067779e-17,-2.18185300447e-18,4.2956768867149994e-18
0.49307926829268034,1797.0,0.000274390243902,0.45,,-1.0679393005e-17,-2.27566677843e-18,4.201863113285e-18
0.4933536585365828,1798.0,0.000274390243902,0.45,,-1.05875784797e-17,-2.36748130488e-18,4.11004858741e-18
0.4936280487804852,1799.0,0.000274390243902,0.45,,-1.04977217231e-17,-2.45733806245e-18,4.020191830324999e-18
0.4939024390243877,1800.0,0.000274390243902,0.45,,-1.04097820911e-17,-2.54527769545e-18,3.932252197825e-18
0.4941768292682901,1801.0,0.000274390243902,0.45,,-1.03237197575e-17,-2.63134003007e-18,3.846189863715e-18
0.4944512195121925,1802.0,0.000274390243902,0.45,,-1.02394956984e-17,-2.71556409018e-18,3.76196580411e-18
0.494725609756095,1803.0,0.000274390243902,0.45,,-1.01570716766e-17,-2.79798811293e-18,3.679541781835e-18
0.4949999999999974,1804.0,0.000274390243902,0.45,,-1.00764102264e-17,-2.87864956401e-18,3.5988803311949995e-18
0.49527439024389985,1805.0,0.000274390243902,0.45,,-9.99747463869e-18,-2.95758515267e-18,3.51994474301e-18
0.49554878048780227,1806.0,0.000274390243902,0.45,,-9.92022894586e-18,-3.03483084639e-18,3.442699049735e-18
0.49582317073170473,1807.0,0.000274390243902,0.45,,-9.84463790775e-18,-3.11042188537e-18,3.36710801119e-18
0.49609756097560714,1808.0,0.000274390243902,0.45,,-9.7706669973e-18,-3.18439279667e-18,3.2931371003149996e-18
0.4963719512195096,1809.0,0.000274390243902,0.45,,-9.69828238665e-18,-3.25677740816e-18,3.220752489245e-18
0.496646341463412,1810.0,0.000274390243902,0.45,,-9.6274509335e-18,-3.32760886213e-18,3.1499210356849996e-18
0.4969207317073145,1811.0,0.000274390243902,0.45,,-9.55814016771e-18,-3.39691962872e-18,3.0806102694949998e-18
0.4971951219512169,1812.0,0.000274390243902,0.45,,-9.49031827813e-18,-3.46474151907e-18,3.0127883795300002e-18
0.49746951219511937,1813.0,0.000274390243902,0.45,,-9.42395409974e-18,-3.53110569822e-18,2.9464242007599996e-18
0.4977439024390218,1814.0,0.000274390243902,0.45,,-9.35901710095e-18,-3.59604269776e-18,2.881487201595e-18
0.49801829268292425,1815.0,0.000274390243902,0.45,,-9.29547737117e-18,-3.65958242827e-18,2.81794747145e-18
0.49829268292682666,1816.0,0.000274390243902,0.45,,-9.23330560864e-18,-3.72175419151e-18,2.7557757085650004e-18
0.49856707317072907,1817.0,0.000274390243902,0.45,,-9.17247310846e-18,-3.78258669238e-18,2.6949432080399995e-18
0.49884146341463154,1818.0,0.000274390243902,0.45,,-9.11295175083e-18,-3.84210805069e-18,2.63542185007e-18
0.49911585365853395,1819.0,0.000274390243902,0.45,,-9.05471398956e-18,-3.90034581262e-18,2.57718408847e-18
0.4993902439024364,1820.0,0.000274390243902,0.45,,-8.99773284074e-18,-3.95732696209e-18,2.520202939325e-18
0.4996646341463388,1821.0,0.000274390243902,0.45,,-8.94198187167e-18,-4.01307793179e-18,2.46445196994e-18
0.4999390243902413,1822.0,0.000274390243902,0.45,,-8.88743518997e-18,-4.06762461411e-18,2.4099052879300003e-18
0.5002134146341437,1823.0,0.000274390243902,0.45,,-8.83406743291e-18,-4.12099237176e-18,2.3565375305750002e-18
0.5004878048780461,1824.0,0.000274390243902,0.45,,-8.78185375694e-18,-4.17320604832e-18,2.3043238543099995e-18
0.5007621951219486,1825.0,0.000274390243903,0.45,,-8.73076982741e-18,-4.22428997842e-18,2.253239924495e-18
0.501036585365851,1826.0,0.000274390243902,0.45,,-8.68079180847e-18,-4.27426799791e-18,2.2032619052800002e-18
0.5013109756097535,1827.0,0.000274390243902,0.45,,-8.63189635324e-18,-4.32316345369e-18,2.154366449775e-18
0.5015853658536559,1828.0,0.000274390243902,0.45,,-8.58406059404e-18,-4.37099921342e-18,2.10653069031e-18
0.5018597560975584,1829.0,0.000274390243903,0.45,,-8.53726213293e-18,-4.41779767505e-18,2.0597322289400003e-18
0.5021341463414608,1830.0,0.000274390243902,0.45,,-8.49147903233e-18,-4.46358077615e-18,2.01394912809e-18
0.5024085365853632,1831.0,0.000274390243902,0.45,,-8.44668980589e-18,-4.50837000308e-18,1.969159901405e-18
0.5026829268292656,1832.0,0.000274390243902,0.45,,-8.40287340952e-18,-4.55218639993e-18,1.9253435047950005e-18
0.5029573170731682,1833.0,0.000274390243903,0.45,,-8.36000923255e-18,-4.59505057737e-18,1.88247932759e-18
0.5032317073170706,1834.0,0.000274390243902,0.45,,-8.31807708908e-18,-4.63698272128e-18,1.8405471839e-18
0.503506097560973,1835.0,0.000274390243902,0.45,,-8.27705720956e-18,-4.67800260124e-18,1.7995273041599998e-18
0.5037804878048754,1836.0,0.000274390243902,0.45,,-8.23693023241e-18,-4.71812957882e-18,1.759400326795e-18
0.5040548780487778,1837.0,0.000274390243902,0.45,,-8.19767719591e-18,-4.75738261574e-18,1.720147290085e-18
0.5043292682926803,1838.0,0.000274390243903,0.45,,-8.15927953017e-18,-4.79578028188e-18,1.6817496241449999e-18
0.5046036585365827,1839.0,0.000274390243902,0.45,,-8.12171904932e-18,-4.83334076313e-18,1.6441891430950003e-18
0.5048780487804851,1840.0,0.000274390243902,0.45,,-8.08497794379e-18,-4.87008186904e-18,1.6074480373749999e-18
0.5051524390243876,1841.0,0.000274390243902,0.45,,-8.04903877276e-18,-4.90602104044e-18,1.5715088661600002e-18
0.5054268292682901,1842.0,0.000274390243903,0.45,,-8.0138844568e-18,-4.94117535676e-18,1.5363545500199995e-18
0.5057012195121925,1843.0,0.000274390243902,0.45,,-7.97949827056e-18,-4.97556154335e-18,1.5019683636049998e-18
0.5059756097560949,1844.0,0.000274390243902,0.45,,-7.94586383569e-18,-5.00919597856e-18,1.4683339285649997e-18
0.5062499999999973,1845.0,0.000274390243902,0.45,,-7.91296511386e-18,-5.04209470071e-18,1.4354352065749996e-18
0.5065243902438998,1846.0,0.000274390243903,0.45,,-7.8807863999e-18,-5.074273415e-18,1.4032564924499996e-18
0.5067987804878022,1847.0,0.000274390243902,0.45,,-7.84931231509e-18,-5.10574750012e-18,1.3717824074850003e-18
0.5070731707317047,1848.0,0.000274390243902,0.45,,-7.81852780058e-18,-5.13653201493e-18,1.3409978928250002e-18
0.5073475609756071,1849.0,0.000274390243902,0.45,,-7.78841811095e-18,-5.16664170485e-18,1.31088820305e-18
0.5076219512195095,1850.0,0.000274390243902,0.45,,-7.75896880788e-18,-5.1960910082e-18,1.28143889984e-18
0.507896341463412,1851.0,0.000274390243903,0.45,,-7.73016575392e-18,-5.22489406243e-18,1.2526358457449995e-18
0.5081707317073144,1852.0,0.000274390243902,0.45,,-7.70199510644e-18,-5.25306471017e-18,1.2244651981349997e-18
0.5084451219512168,1853.0,0.000274390243902,0.45,,-7.67444331164e-18,-5.28061650523e-18,1.1969134032050002e-18
0.5087195121951192,1854.0,0.000274390243902,0.45,,-7.64749709871e-18,-5.3075627184e-18,1.1699671901550004e-18
0.5089939024390218,1855.0,0.000274390243903,0.45,,-7.6211434741e-18,-5.33391634325e-18,1.1436135654249998e-18
0.5092682926829242,1856.0,0.000274390243902,0.45,,-7.59536971588e-18,-5.3596901017e-18,1.1178398070899999e-18
0.5095426829268266,1857.0,0.000274390243902,0.45,,-7.57016336826e-18,-5.38489644954e-18,1.0926334593599998e-18
0.509817073170729,1858.0,0.000274390243902,0.45,,-7.54663339714e-18,-5.40842637491e-18,1.0691035111150003e-18
0.5100914634146315,1859.0,0.000274390243903,0.45,,-7.52364885695e-18,-5.43141091586e-18,1.0461189705450001e-18
0.5103658536585339,1860.0,0.000274390243902,0.45,,-7.50114586529e-18,-5.45391390827e-18,1.0236159785099999e-18
0.5106402439024363,1861.0,0.000274390243902,0.45,,-7.47911462413e-18,-5.47594515016e-18,1.0015847369850002e-18
0.5109146341463388,1862.0,0.000274390243902,0.45,,-7.45754552791e-18,-5.49751424709e-18,9.8001564041e-19
0.5111890243902413,1863.0,0.000274390243903,0.45,,-7.43642915994e-18,-5.51863061576e-18,9.5889927209e-19
0.5114634146341437,1864.0,0.000274390243902,0.45,,-7.41575628881e-18,-5.53930348758e-18,9.382264006150002e-19
0.5117378048780461,1865.0,0.000274390243902,0.45,,-7.39551786494e-18,-5.55954191213e-18,9.179879764050002e-19
0.5120121951219485,1866.0,0.000274390243902,0.45,,-7.37570501713e-18,-5.5793547606e-18,8.981751282649997e-19
0.5122865853658509,1867.0,0.000274390243902,0.45,,-7.35630904923e-18,-5.59875072915e-18,8.787791600400003e-19
0.5125609756097534,1868.0,0.000274390243903,0.45,,-7.33732143679e-18,-5.61773834222e-18,8.597915472850003e-19
0.5128353658536559,1869.0,0.000274390243902,0.45,,-7.31873382385e-18,-5.63632595578e-18,8.412039340350002e-19
0.5131097560975583,1870.0,0.000274390243902,0.45,,-7.30053801975e-18,-5.6545217605e-18,8.230081296250004e-19
0.5133841463414607,1871.0,0.000274390243902,0.45,,-7.28272599596e-18,-5.67233378489e-18,8.05196105535e-19
0.5136585365853632,1872.0,0.000274390243903,0.45,,-7.26528988307e-18,-5.68976989837e-18,7.877599923499998e-19
0.5139329268292656,1873.0,0.000274390243902,0.45,,-7.24822196769e-18,-5.70683781433e-18,7.706920766799999e-19
0.514207317073168,1874.0,0.000274390243902,0.45,,-7.23151468956e-18,-5.72354509302e-18,7.539847982700002e-19
0.5144817073170704,1875.0,0.000274390243902,0.45,,-7.21516063859e-18,-5.73989914455e-18,7.376307470200004e-19
0.514756097560973,1876.0,0.000274390243903,0.45,,-7.199152552e-18,-5.75590723168e-18,7.216226601599997e-19
0.5150304878048754,1877.0,0.000274390243902,0.45,,-7.18348331154e-18,-5.77157647267e-18,7.05953419435e-19
0.5153048780487778,1878.0,0.000274390243902,0.45,,-7.16814594071e-18,-5.78691384403e-18,6.906160483400003e-19
0.5155792682926802,1879.0,0.000274390243902,0.45,,-7.15313360203e-18,-5.80192618321e-18,6.756037094100005e-19
0.5158536585365827,1880.0,0.000274390243903,0.45,,-7.13843959444e-18,-5.8166201913e-18,6.609097015699997e-19
0.5161280487804851,1881.0,0.000274390243902,0.45,,-7.12405735062e-18,-5.83100243561e-18,6.465274575050002e-19
0.5164024390243875,1882.0,0.000274390243902,0.45,,-7.10998043447e-18,-5.84507935225e-18,6.324505411100002e-19
0.51667682926829,1883.0,0.000274390243902,0.45,,-7.09620253858e-18,-5.85885724861e-18,6.186726449849996e-19
0.5169512195121924,1884.0,0.000274390243902,0.45,,-7.08271748174e-18,-5.87234230592e-18,6.051875879099998e-19
0.5172256097560949,1885.0,0.000274390243903,0.45,,-7.06951920653e-18,-5.88554058157e-18,5.919893124799999e-19
0.5174999999999973,1886.0,0.000274390243902,0.45,,-7.05660177697e-18,-5.89845801158e-18,5.790718826950002e-19
0.5177743902438997,1887.0,0.000274390243902,0.45,,-7.04395937609e-18,-5.91110041289e-18,5.664294815999998e-19
0.5180487804878021,1888.0,0.000274390243902,0.45,,-7.03158630372e-18,-5.92347348568e-18,5.540564090200005e-19
0.5183231707317046,1889.0,0.000274390243903,0.45,,-7.0194769742e-18,-5.93558281562e-18,5.4194707929e-19
0.518597560975607,1890.0,0.000274390243902,0.45,,-7.00762591417e-18,-5.94743387605e-18,5.300960190600004e-19
0.5188719512195095,1891.0,0.000274390243902,0.45,,-6.99602776039e-18,-5.95903203023e-18,5.184978650799998e-19
0.5191463414634119,1892.0,0.000274390243902,0.45,,-6.98467725761e-18,-5.9703825334e-18,5.07147362105e-19
0.5194207317073144,1893.0,0.000274390243903,0.45,,-6.97356925649e-18,-5.98149053491e-18,4.960393607899998e-19
0.5196951219512168,1894.0,0.000274390243902,0.45,,-6.96269871152e-18,-5.99236108024e-18,4.851688156400002e-19
0.5199695121951192,1895.0,0.000274390243902,0.45,,-6.95206067904e-18,-6.00299911309e-18,4.745307829750003e-19
0.5202439024390216,1896.0,0.000274390243902,0.45,,-6.94165031522e-18,-6.01340947727e-18,4.641204189750003e-19
0.5205182926829242,1897.0,0.000274390243903,0.45,,-6.93146287413e-18,-6.02359691871e-18,4.539329777100002e-19
0.5207926829268266,1898.0,0.000274390243902,0.45,,-6.92149370586e-18,-6.03356608732e-18,4.439638092699999e-19
0.521067073170729,1899.0,0.000274390243902,0.45,,-6.9117382546e-18,-6.04332153892e-18,4.342083578399999e-19
0.5213414634146314,1900.0,0.000274390243902,0.45,,-6.90219205683e-18,-6.05286773701e-18,4.246621599099997e-19
0.5216158536585338,1901.0,0.000274390243902,0.45,,-6.89285073954e-18,-6.06220905461e-18,4.153208424649997e-19
0.5218902439024363,1902.0,0.000274390243903,0.45,,-6.88371001842e-18,-6.07134977605e-18,4.0618012118500018e-19
0.5221646341463387,1903.0,0.000274390243902,0.45,,-6.87476569613e-18,-6.08029409865e-18,3.972357987399998e-19
0.5224390243902411,1904.0,0.000274390243902,0.45,,-6.86601366061e-18,-6.08904613446e-18,3.8848376307500024e-19
0.5227134146341436,1905.0,0.000274390243902,0.45,,-6.85744988342e-18,-6.09760991194e-18,3.799199857399999e-19
0.5229878048780461,1906.0,0.000274390243903,0.45,,-6.84907041807e-18,-6.10598937758e-18,3.715405202450002e-19
0.5232621951219485,1907.0,0.000274390243902,0.45,,-6.84087139842e-18,-6.11418839751e-18,3.6334150045500016e-19
0.5235365853658509,1908.0,0.000274390243902,0.45,,-6.83284903711e-18,-6.12221075908e-18,3.5531913901499996e-19
0.5238109756097533,1909.0,0.000274390243902,0.45,,-6.824999624e-18,-6.13006017245e-18,3.474697257749999e-19
0.5240853658536558,1910.0,0.000274390243903,0.45,,-6.81731952467e-18,-6.13774027205e-18,3.3978962631e-19
0.5243597560975582,1911.0,0.000274390243902,0.45,,-6.80980517887e-18,-6.1452546181e-18,3.322752803849999e-19
0.5246341463414607,1912.0,0.000274390243902,0.45,,-6.80245309913e-18,-6.15260669808e-18,3.2492320052499974e-19
0.5249085365853631,1913.0,0.000274390243902,0.45,,-6.79525986929e-18,-6.15979992816e-18,3.1772997056500024e-19
0.5251829268292656,1914.0,0.000274390243903,0.45,,-6.78822214307e-18,-6.16683765461e-18,3.106922442299999e-19
0.525457317073168,1915.0,0.000274390243902,0.45,,-6.78133664273e-18,-6.17372315519e-18,3.0380674376999994e-19
0.5257317073170704,1916.0,0.000274390243902,0.45,,-6.77460015767e-18,-6.18045964047e-18,2.9707025859999983e-19
0.5260060975609728,1917.0,0.000274390243902,0.45,,-6.76800954313e-18,-6.18705025523e-18,2.9047964394999995e-19
0.5262804878048752,1918.0,0.000274390243902,0.45,,-6.76156171888e-18,-6.19349807969e-18,2.8403181959499973e-19
0.5265548780487778,1919.0,0.000274390243903,0.45,,-6.75525366793e-18,-6.19980613084e-18,2.777237685450002e-19
0.5268292682926802,1920.0,0.000274390243902,0.45,,-6.74908243528e-18,-6.20597736369e-18,2.7155253579499984e-19
0.5271036585365826,1921.0,0.000274390243902,0.45,,-6.74304512669e-18,-6.21201467248e-18,2.6551522710499984e-19
0.527378048780485,1922.0,0.000274390243902,0.45,,-6.73713890744e-18,-6.21792089191e-18,2.5960900776499977e-19
0.5276524390243875,1923.0,0.000274390243903,0.45,,-6.73136100122e-18,-6.22369879829e-18,2.5383110146500027e-19
0.5279268292682899,1924.0,0.000274390243902,0.45,,-6.72570868888e-18,-6.22935111079e-18,2.4817878904500016e-19
0.5282012195121923,1925.0,0.000274390243902,0.45,,-6.72017930734e-18,-6.23488049248e-18,2.426494074299999e-19
0.5284756097560948,1926.0,0.000274390243902,0.45,,-6.71477024845e-18,-6.24028955152e-18,2.3724034846500013e-19
0.5287499999999973,1927.0,0.000274390243903,0.45,,-6.70947895792e-18,-6.24558084219e-18,2.319490578649999e-19
0.5290243902438997,1928.0,0.000274390243902,0.45,,-6.7043029342e-18,-6.25075686605e-18,2.26773034075e-19
0.5292987804878021,1929.0,0.000274390243902,0.45,,-6.69923972747e-18,-6.25582007291e-18,2.2170982728000015e-19
0.5295731707317045,1930.0,0.000274390243902,0.45,,-6.69428693858e-18,-6.26077286194e-18,2.1675703832000014e-19
0.529847560975607,1931.0,0.000274390243903,0.45,,-6.68944221802e-18,-6.26561758263e-18,2.1191231769500022e-19
0.5301219512195094,1932.0,0.000274390243902,0.45,,-6.68470326495e-18,-6.27035653582e-18,2.0717336456499999e-19
0.5303963414634119,1933.0,0.000274390243902,0.45,,-6.68006782623e-18,-6.27499197466e-18,2.0253792578500008e-19
0.5306707317073143,1934.0,0.000274390243902,0.45,,-6.67553369543e-18,-6.27952610558e-18,1.9800379492499966e-19
0.5309451219512167,1935.0,0.000274390243902,0.45,,-6.67109871191e-18,-6.28396108921e-18,1.9356881135000006e-19
0.5312195121951192,1936.0,0.000274390243903,0.45,,-6.66676075991e-18,-6.28829904132e-18,1.892308592949999e-19
0.5314939024390216,1937.0,0.000274390243902,0.45,,-6.6625177676e-18,-6.29254203373e-18,1.8498786693499977e-19
0.531768292682924,1938.0,0.000274390243902,0.45,,-6.65836770627e-18,-6.29669209517e-18,1.808378055500002e-19
0.5320426829268264,1939.0,0.000274390243902,0.45,,-6.65430858938e-18,-6.30075121216e-18,1.767786886100001e-19
0.532317073170729,1940.0,0.000274390243903,0.45,,-6.65033847177e-18,-6.30472132986e-18,1.7280857095499974e-19
0.5325914634146314,1941.0,0.000274390243902,0.45,,-6.6464554488e-18,-6.30860435292e-18,1.6892554793999992e-19
0.5328658536585338,1942.0,0.000274390243902,0.45,,-6.64265765552e-18,-6.31240214629e-18,1.6512775461499993e-19
0.5331402439024362,1943.0,0.000274390243902,0.45,,-6.63894326589e-18,-6.31611653601e-18,1.6141336494000006e-19
0.5334146341463387,1944.0,0.000274390243903,0.45,,-6.63531049198e-18,-6.31974931001e-18,1.57780590985e-19
0.5336890243902411,1945.0,0.000274390243902,0.45,,-6.63175758319e-18,-6.32330221888e-18,1.5422768215499992e-19
0.5339634146341435,1946.0,0.000274390243902,0.45,,-6.62828282551e-18,-6.32677697663e-18,1.5075292443999995e-19
0.534237804878046,1947.0,0.000274390243902,0.45,,-6.62488454078e-18,-6.33017526143e-18,1.47354639675e-19
0.5345121951219485,1948.0,0.000274390243903,0.45,,-6.62161924849e-18,-6.33344053623e-18,1.440893561299998e-19
0.5347865853658509,1949.0,0.000274390243902,0.45,,-6.61852250764e-18,-6.33653727734e-18,1.4099261514999982e-19
0.5350609756097533,1950.0,0.000274390243902,0.45,,-6.61549062297e-18,-6.33956916227e-18,1.379607303500001e-19
0.5353353658536557,1951.0,0.000274390243902,0.45,,-6.6125222754e-18,-6.34253751009e-18,1.3499238265500003e-19
0.5356097560975581,1952.0,0.000274390243902,0.45,,-6.60961617178e-18,-6.34544361396e-18,1.3208627891e-19
0.5358841463414606,1953.0,0.000274390243903,0.45,,-6.60677104434e-18,-6.34828874164e-18,1.2924115135000015e-19
0.536158536585363,1954.0,0.000274390243902,0.45,,-6.60398565028e-18,-6.35107413595e-18,1.264557571649999e-19
0.5364329268292655,1955.0,0.000274390243902,0.45,,-6.60125877122e-18,-6.35380101524e-18,1.2372887799e-19
0.5367073170731679,1956.0,0.000274390243902,0.45,,-6.59858921283e-18,-6.35647057387e-18,1.2105931948000037e-19
0.5369817073170704,1957.0,0.000274390243903,0.45,,-6.59597580429e-18,-6.35908398263e-18,1.1844591083000013e-19
0.5372560975609728,1958.0,0.000274390243902,0.45,,-6.59341739793e-18,-6.36164238922e-18,1.1588750435500007e-19
0.5375304878048752,1959.0,0.000274390243902,0.45,,-6.59091286871e-18,-6.36414691865e-18,1.1338297502999965e-19
0.5378048780487776,1960.0,0.000274390243902,0.45,,-6.58846111387e-18,-6.3665986737e-18,1.109312200849998e-19
0.5380792682926802,1961.0,0.000274390243903,0.45,,-6.58606105246e-18,-6.36899873533e-18,1.0853115856500024e-19
0.5383536585365826,1962.0,0.000274390243902,0.45,,-6.58371162491e-18,-6.37134816308e-18,1.0618173091500021e-19
0.538628048780485,1963.0,0.000274390243902,0.45,,-6.5814117927e-18,-6.37364799549e-18,1.038818986050002e-19
0.5389024390243874,1964.0,0.000274390243902,0.45,,-6.57916053788e-18,-6.37589925051e-18,1.0163064368500002e-19
0.5391768292682899,1965.0,0.000274390243903,0.45,,-6.57695686271e-18,-6.37810292587e-18,9.942696842000009e-20
0.5394512195121923,1966.0,0.000274390243902,0.45,,-6.5747997893e-18,-6.38025999947e-18,9.726989491500013e-20
0.5397256097560947,1967.0,0.000274390243902,0.45,,-6.57268835919e-18,-6.38237142977e-18,9.515846470999995e-20
0.5399999999999971,1968.0,0.000274390243902,0.45,,-6.570621633e-18,-6.38443815614e-18,9.309173843000021e-20
0.5402743902438996,1969.0,0.000274390243902,0.45,,-6.56859869007e-18,-6.38646109925e-18,9.106879541000001e-20
0.5405487804878021,1970.0,0.000274390243903,0.45,,-6.56661862809e-18,-6.38844116141e-18,8.90887333400002e-20
0.5408231707317045,1971.0,0.000274390243902,0.45,,-6.56468056274e-18,-6.39037922693e-18,8.715066790500009e-20
0.5410975609756069,1972.0,0.000274390243902,0.45,,-6.56278362739e-18,-6.39227616245e-18,8.525373246999969e-20
0.5413719512195093,1973.0,0.000274390243902,0.45,,-6.56092697271e-18,-6.3941328173e-18,8.339707770499992e-20
0.5416463414634118,1974.0,0.000274390243903,0.45,,-6.55910976636e-18,-6.39595002381e-18,8.157987127499998e-20
0.5419207317073143,1975.0,0.000274390243902,0.45,,-6.55733119265e-18,-6.39772859768e-18,7.980129748499986e-20
0.5421951219512167,1976.0,0.000274390243902,0.45,,-6.55559045226e-18,-6.39946933822e-18,7.806055701999985e-20
0.5424695121951191,1977.0,0.000274390243902,0.45,,-6.55388676187e-18,-6.40117302877e-18,7.635686654999999e-20
0.5427439024390216,1978.0,0.000274390243903,0.45,,-6.55221935388e-18,-6.4028404369e-18,7.468945849000031e-20
0.543018292682924,1979.0,0.000274390243902,0.45,,-6.55058747612e-18,-6.40447231481e-18,7.305758065499975e-20
0.5432926829268264,1980.0,0.000274390243902,0.45,,-6.54899039151e-18,-6.40606939956e-18,7.146049597500016e-20
0.5435670731707288,1981.0,0.000274390243902,0.45,,-6.54742737782e-18,-6.4076324134e-18,6.989748220999981e-20
0.5438414634146312,1982.0,0.000274390243902,0.45,,-6.54589772733e-18,-6.40916206402e-18,6.83678316550003e-20
0.5441158536585338,1983.0,0.000274390243903,0.45,,-6.54440074661e-18,-6.41065904488e-18,6.687085086499991e-20
0.5443902439024362,1984.0,0.000274390243902,0.45,,-6.54293575616e-18,-6.41212403546e-18,6.540586034999988e-20
0.5446646341463386,1985.0,0.000274390243902,0.45,,-6.54150209023e-18,-6.41355770151e-18,6.397219435999973e-20
0.544939024390241,1986.0,0.000274390243902,0.45,,-6.5400990965e-18,-6.41496069538e-18,6.256920056000008e-20
0.5452134146341435,1987.0,0.000274390243903,0.45,,-6.5387261358e-18,-6.41633365619e-18,6.11962398050001e-20
0.5454878048780459,1988.0,0.000274390243902,0.45,,-6.53738258193e-18,-6.41767721019e-18,5.985268587000022e-20
0.5457621951219483,1989.0,0.000274390243902,0.45,,-6.53606782132e-18,-6.41899197091e-18,5.853792520499996e-20
0.5460365853658508,1990.0,0.000274390243902,0.45,,-6.53478125285e-18,-6.4202785395e-18,5.725135667500011e-20
0.5463109756097533,1991.0,0.000274390243903,0.45,,-6.53352228757e-18,-6.4215375049e-18,5.599239133500015e-20
0.5465853658536557,1992.0,0.000274390243902,0.45,,-6.53229034847e-18,-6.42276944411e-18,5.476045217999987e-20
0.5468597560975581,1993.0,0.000274390243902,0.45,,-6.53108487025e-18,-6.42397492243e-18,5.3554973910000067e-20
0.5471341463414605,1994.0,0.000274390243902,0.45,,-6.5299052991e-18,-6.42515449369e-18,5.2375402705e-20
0.547408536585363,1995.0,0.000274390243903,0.45,,-6.52875109245e-18,-6.42630870044e-18,5.122119600499997e-20
0.5476829268292654,1996.0,0.000274390243902,0.45,,-6.52762171878e-18,-6.42743807421e-18,5.0091822285000314e-20
0.5479573170731679,1997.0,0.000274390243902,0.45,,-6.52651665738e-18,-6.4285431357e-18,4.8986760839999824e-20
0.5482317073170703,1998.0,0.000274390243902,0.45,,-6.52543539815e-18,-6.42962439503e-18,4.790550156000014e-20
0.5485060975609727,1999.0,0.000274390243902,0.45,,-6.52437744137e-18,-6.43068235191e-18,4.684754473000023e-20
0.5487804878048752,2000.0,0.000274390243903,0.45,,-6.52334229753e-18,-6.43171749584e-18,4.581240084500004e-20
0.5490548780487776,2001.0,0.000274390243902,0.45,,-6.52232948711e-18,-6.43273030635e-18,4.4799590380000176e-20
0.54932926829268,2002.0,0.000274390243902,0.45,,-6.52133854037e-18,-6.43372125318e-18,4.3808643594999923e-20
0.5496036585365824,2003.0,0.000274390243902,0.45,,-6.52036899718e-18,-6.43469079645e-18,4.283910036500006e-20
0.549878048780485,2004.0,0.000274390243903,0.45,,-6.51942040683e-18,-6.43563938689e-18,4.189050996999983e-20
0.5501524390243874,2005.0,0.000274390243902,0.45,,-6.51849232782e-18,-6.43656746598e-18,4.0962430919999636e-20
0.5504268292682898,2006.0,0.000274390243902,0.45,,-6.5175843277e-18,-6.43747546618e-18,4.005443075999985e-20
0.5507012195121922,2007.0,0.000274390243902,0.45,,-6.51669598288e-18,-6.43836381108e-18,3.916608590000015e-20
0.5509756097560947,2008.0,0.000274390243903,0.45,,-6.51582687846e-18,-6.43923291557e-18,3.829698144500037e-20
0.5512499999999971,2009.0,0.000274390243902,0.45,,-6.51497660806e-18,-6.44008318604e-18,3.7446711009999896e-20
0.5515243902438995,2010.0,0.000274390243902,0.45,,-6.51414477364e-18,-6.44091502053e-18,3.6614876554999805e-20
0.551798780487802,2011.0,0.000274390243902,0.45,,-6.51333098534e-18,-6.4417288089e-18,3.5801088219999957e-20
0.5520731707317045,2012.0,0.000274390243903,0.45,,-6.51253486132e-18,-6.44252493299e-18,3.5004964165000055e-20
0.5523475609756069,2013.0,0.000274390243902,0.45,,-6.51175602761e-18,-6.44330376677e-18,3.4226130420000135e-20
0.5526219512195093,2014.0,0.000274390243902,0.45,,-6.51099411791e-18,-6.44406567653e-18,3.346422069000016e-20
0.5528963414634117,2015.0,0.000274390243902,0.45,,-6.51024877351e-18,-6.444811021e-18,3.271887625499995e-20
0.5531707317073141,2016.0,0.000274390243902,0.45,,-6.50951964306e-18,-6.44554015151e-18,3.198974577500033e-20
0.5534451219512166,2017.0,0.000274390243903,0.45,,-6.50880638248e-18,-6.44625341215e-18,3.1276485164999877e-20
0.5537195121951191,2018.0,0.000274390243902,0.45,,-6.50810865479e-18,-6.4469511399e-18,3.0578757445000005e-20
0.5539939024390215,2019.0,0.000274390243902,0.45,,-6.50742612998e-18,-6.44763366477e-18,2.9896232605e-20
0.5542682926829239,2020.0,0.000274390243902,0.45,,-6.50675848485e-18,-6.44830130995e-18,2.9228587449999713e-20
0.5545426829268264,2021.0,0.000274390243903,0.45,,-6.5061054029e-18,-6.44895439195e-18,2.857550547500014e-20
0.5548170731707288,2022.0,0.000274390243902,0.45,,-6.50546657418e-18,-6.44959322073e-18,2.7936676724999897e-20
0.5550914634146312,2023.0,0.000274390243902,0.45,,-6.50484169515e-18,-6.45021809981e-18,2.7311797670000034e-20
0.5553658536585336,2024.0,0.000274390243902,0.45,,-6.50423046857e-18,-6.45082932643e-18,2.6700571069999826e-20
0.5556402439024362,2025.0,0.000274390243903,0.45,,-6.50363260337e-18,-6.45142719168e-18,2.6102705844999965e-20
0.5559146341463386,2026.0,0.000274390243902,0.45,,-6.50304781453e-18,-6.45201198057e-18,2.5517916979999897e-20
0.556189024390241,2027.0,0.000274390243902,0.45,,-6.50247582292e-18,-6.45258397223e-18,2.4945925345000032e-20
0.5564634146341434,2028.0,0.000274390243902,0.45,,-6.50191635524e-18,-6.45314343995e-18,2.4386457644999975e-20
0.5567378048780459,2029.0,0.000274390243903,0.45,,-6.50136914386e-18,-6.45369065137e-18,2.383924624500006e-20
0.5570121951219483,2030.0,0.000274390243902,0.45,,-6.50083392672e-18,-6.45422586855e-18,2.3304029085000047e-20
0.5572865853658507,2031.0,0.000274390243902,0.45,,-6.50031044724e-18,-6.45474934807e-18,2.278054958499993e-20
0.5575609756097532,2032.0,0.000274390243902,0.45,,-6.49979845415e-18,-6.4552613412e-18,2.2268556474999635e-20
0.5578353658536556,2033.0,0.000274390243902,0.45,,-6.49929770143e-18,-6.45576209395e-18,2.1767803740000256e-20
0.5581097560975581,2034.0,0.000274390243903,0.45,,-6.49880794822e-18,-6.4562518472e-18,2.127805051000031e-20
0.5583841463414605,2035.0,0.000274390243902,0.45,,-6.49832895865e-18,-6.4567308368e-18,2.0799060925000003e-20
0.5586585365853629,2036.0,0.000274390243902,0.45,,-6.49786050181e-18,-6.45719929368e-18,2.0330604064999827e-20
0.5589329268292653,2037.0,0.000274390243902,0.45,,-6.49740235159e-18,-6.45765744394e-18,1.9872453825000016e-20
0.5592073170731678,2038.0,0.000274390243903,0.45,,-6.49695428662e-18,-6.45810550894e-18,1.9424388839999814e-20
0.5594817073170703,2039.0,0.000274390243902,0.45,,-6.49653236312e-18,-6.45852742625e-18,1.9002468435000053e-20
0.5597560975609727,2040.0,0.000274390243902,0.45,,-6.49612387146e-18,-6.45893591802e-18,1.8593976720000054e-20
0.5600304878048751,2041.0,0.000274390243902,0.45,,-6.49572393717e-18,-6.45933585241e-18,1.8194042379999708e-20
0.5603048780487776,2042.0,0.000274390243903,0.45,,-6.49533238616e-18,-6.45972740353e-18,1.780249131499999e-20
0.56057926829268,2043.0,0.000274390243902,0.45,,-6.49494904774e-18,-6.46011074204e-18,1.741915284999981e-20
0.5608536585365824,2044.0,0.000274390243902,0.45,,-6.49457375461e-18,-6.46048603527e-18,1.7043859670000107e-20
0.5611280487804848,2045.0,0.000274390243902,0.45,,-6.49420634273e-18,-6.46085344724e-18,1.6676447745000056e-20
0.5614024390243874,2046.0,0.000274390243903,0.45,,-6.49384665131e-18,-6.46121313875e-18,1.631675627999992e-20
0.5616768292682898,2047.0,0.000274390243902,0.45,,-6.49349452272e-18,-6.46156526743e-18,1.596462764499966e-20
0.5619512195121922,2048.0,0.000274390243902,0.45,,-6.49314980244e-18,-6.4619099878e-18,1.5619907319999777e-20
0.5622256097560946,2049.0,0.000274390243902,0.45,,-6.492812339e-18,-6.46224745133e-18,1.5282443835000107e-20
0.562499999999997,2050.0,0.000274390243902,0.45,,-6.49248198393e-18,-6.46257780649e-18,1.4952088719999994e-20
0.5627743902438995,2051.0,0.000274390243903,0.45,,-6.49215859168e-18,-6.46290119882e-18,1.462869643000026e-20
0.5630487804878019,2052.0,0.000274390243902,0.45,,-6.49184201961e-18,-6.46321777098e-18,1.431212431499992e-20
0.5633231707317043,2053.0,0.000274390243902,0.45,,-6.49153212787e-18,-6.46352766279e-18,1.4002232539999973e-20
0.5635975609756068,2054.0,0.000274390243902,0.45,,-6.49122877942e-18,-6.46383101132e-18,1.3698884050000028e-20
0.5638719512195093,2055.0,0.000274390243903,0.45,,-6.49093183992e-18,-6.4641279509e-18,1.3401944509999792e-20
0.5641463414634117,2056.0,0.000274390243902,0.45,,-6.49064117768e-18,-6.46441861321e-18,1.3111282235000001e-20
0.5644207317073141,2057.0,0.000274390243902,0.45,,-6.49035666367e-18,-6.4647031273e-18,1.2826768185000005e-20
0.5646951219512165,2058.0,0.000274390243902,0.45,,-6.49007817139e-18,-6.46498161965e-18,1.2548275870000119e-20
0.564969512195119,2059.0,0.000274390243903,0.45,,-6.48980557688e-18,-6.46525421423e-18,1.2275681324999971e-20
0.5652439024390215,2060.0,0.000274390243902,0.45,,-6.48953875865e-18,-6.46552103254e-18,1.2008863055000105e-20
0.5655182926829239,2061.0,0.000274390243902,0.45,,-6.48927759761e-18,-6.46578219365e-18,1.174770198000012e-20
0.5657926829268263,2062.0,0.000274390243902,0.45,,-6.48902197707e-18,-6.46603781425e-18,1.1492081409999713e-20
0.5660670731707288,2063.0,0.000274390243903,0.45,,-6.48877178267e-18,-6.46628800872e-18,1.1241886974999981e-20
0.5663414634146312,2064.0,0.000274390243902,0.45,,-6.48852690232e-18,-6.46653288913e-18,1.0997006595000138e-20
0.5666158536585336,2065.0,0.000274390243902,0.45,,-6.4882872262e-18,-6.46677256532e-18,1.0757330440000178e-20
0.566890243902436,2066.0,0.000274390243902,0.45,,-6.48805264665e-18,-6.46700714493e-18,1.0522750859999874e-20
0.5671646341463384,2067.0,0.000274390243902,0.45,,-6.48782305821e-18,-6.46723673343e-18,1.0293162390000031e-20
0.567439024390241,2068.0,0.000274390243903,0.45,,-6.48759835751e-18,-6.4674614342e-18,1.0068461654999832e-20
0.5677134146341434,2069.0,0.000274390243902,0.45,,-6.48737844325e-18,-6.46768134851e-18,9.848547369999916e-21
0.5679878048780458,2070.0,0.000274390243902,0.45,,-6.48716321618e-18,-6.46789657564e-18,9.633320270000216e-21
0.5682621951219482,2071.0,0.000274390243902,0.45,,-6.48695257904e-18,-6.46810721284e-18,9.422683100000152e-21
0.5685365853658507,2072.0,0.000274390243903,0.45,,-6.48674643652e-18,-6.46831335541e-18,9.216540555000128e-21
0.5688109756097531,2073.0,0.000274390243902,0.45,,-6.48654469525e-18,-6.46851509673e-18,9.014799259999983e-21
0.5690853658536555,2074.0,0.000274390243902,0.45,,-6.48634726371e-18,-6.46871252832e-18,8.817367694999812e-21
0.569359756097558,2075.0,0.000274390243902,0.45,,-6.48615405225e-18,-6.46890573983e-18,8.62415620999988e-21
0.5696341463414605,2076.0,0.000274390243903,0.45,,-6.48596497302e-18,-6.46909481911e-18,8.435076955000381e-21
0.5699085365853629,2077.0,0.000274390243902,0.45,,-6.48577993995e-18,-6.46927985224e-18,8.250043855000181e-21
0.5701829268292653,2078.0,0.000274390243902,0.45,,-6.48559886869e-18,-6.46946092355e-18,8.068972570000251e-21
0.5704573170731677,2079.0,0.000274390243902,0.45,,-6.48542167662e-18,-6.46963811566e-18,7.891780479999909e-21
0.5707317073170702,2080.0,0.000274390243903,0.45,,-6.48524828278e-18,-6.46981150955e-18,7.718386615000046e-21
0.5710060975609726,2081.0,0.000274390243902,0.45,,-6.48507860785e-18,-6.46998118452e-18,7.548711664999864e-21
0.5712804878048751,2082.0,0.000274390243902,0.45,,-6.48491257412e-18,-6.47014721829e-18,7.382677915000202e-21
0.5715548780487775,2083.0,0.000274390243902,0.45,,-6.48475010547e-18,-6.47030968699e-18,7.220209239999974e-21
0.5718292682926799,2084.0,0.000274390243902,0.45,,-6.48459112729e-18,-6.47046866521e-18,7.061231039999882e-21
0.5721036585365824,2085.0,0.000274390243903,0.45,,-6.48443556652e-18,-6.47062422602e-18,6.90567024999992e-21
0.5723780487804848,2086.0,0.000274390243902,0.45,,-6.48428335157e-18,-6.47077644102e-18,6.7534552750000076e-21
0.5726524390243872,2087.0,0.000274390243902,0.45,,-6.4841344123e-18,-6.47092538032e-18,6.604515989999993e-21
0.5729268292682896,2088.0,0.000274390243902,0.45,,-6.48398868003e-18,-6.47107111264e-18,6.45878369499991e-21
0.5732012195121922,2089.0,0.000274390243903,0.45,,-6.48384608743e-18,-6.47121370527e-18,6.316191080000058e-21
0.5734756097560946,2090.0,0.000274390243902,0.45,,-6.48370656858e-18,-6.47135322416e-18,6.1766722099999285e-21
0.573749999999997,2091.0,0.000274390243902,0.45,,-6.48357005889e-18,-6.47148973388e-18,6.040162505000124e-21
0.5740243902438994,2092.0,0.000274390243902,0.45,,-6.48343649509e-18,-6.47162329771e-18,5.906598689999821e-21
0.5742987804878019,2093.0,0.000274390243903,0.45,,-6.48330581522e-18,-6.47175397762e-18,5.7759187999999516e-21
0.5745731707317043,2094.0,0.000274390243902,0.45,,-6.48317795855e-18,-6.47188183432e-18,5.648062114999986e-21
0.5748475609756067,2095.0,0.000274390243902,0.45,,-6.48305286563e-18,-6.47200692728e-18,5.522969174999771e-21
0.5751219512195092,2096.0,0.000274390243902,0.45,,-6.4829304782e-18,-6.47212931474e-18,5.40058173000008e-21
0.5753963414634117,2097.0,0.000274390243903,0.45,,-6.48281073921e-18,-6.47224905375e-18,5.2808427300000996e-21
0.5756707317073141,2098.0,0.000274390243902,0.45,,-6.48269359278e-18,-6.47236620022e-18,5.163696280000005e-21
0.5759451219512165,2099.0,0.000274390243902,0.45,,-6.48257898416e-18,-6.47248080887e-18,5.049087645000287e-21
0.5762195121951189,2100.0,0.000274390243902,0.45,,-6.48246685974e-18,-6.47259293332e-18,4.936963210000189e-21
0.5764939024390213,2101.0,0.000274390243902,0.45,,-6.482357167e-18,-6.47270262608e-18,4.827270460000005e-21
0.5767682926829238,2102.0,0.000274390243903,0.45,,-6.48224985452e-18,-6.47280993859e-18,4.719957965000012e-21
0.5770426829268263,2103.0,0.000274390243902,0.45,,-6.48214487191e-18,-6.47291492123e-18,4.614975340000058e-21
0.5773170731707287,2104.0,0.000274390243902,0.45,,-6.48204216983e-18,-6.47301762333e-18,4.512273250000051e-21
0.5775914634146311,2105.0,0.000274390243902,0.45,,-6.48194169997e-18,-6.47311809322e-18,4.411803375000029e-21
0.5778658536585336,2106.0,0.000274390243903,0.45,,-6.48184341499e-18,-6.47321637822e-18,4.313518385000053e-21
0.578140243902436,2107.0,0.000274390243902,0.45,,-6.48174726855e-18,-6.47331252468e-18,4.2173719350001065e-21
0.5784146341463384,2108.0,0.000274390243902,0.45,,-6.48165321525e-18,-6.47340657801e-18,4.123318619999969e-21
0.5786890243902408,2109.0,0.000274390243902,0.45,,-6.48156121063e-18,-6.47349858264e-18,4.031313995000003e-21
0.5789634146341434,2110.0,0.000274390243903,0.45,,-6.48147121116e-18,-6.47358858213e-18,3.941314514999958e-21
0.5792378048780458,2111.0,0.000274390243902,0.45,,-6.4813831742e-18,-6.4736766191e-18,3.853277550000043e-21
0.5795121951219482,2112.0,0.000274390243902,0.45,,-6.481297058e-18,-6.47376273532e-18,3.7671613400000286e-21
0.5797865853658506,2113.0,0.000274390243902,0.45,,-6.48121282167e-18,-6.47384697168e-18,3.68292499500002e-21
0.5800609756097531,2114.0,0.000274390243903,0.45,,-6.48113042516e-18,-6.4739293682e-18,3.600528480000158e-21
0.5803353658536555,2115.0,0.000274390243902,0.45,,-6.48104982926e-18,-6.47400996412e-18,3.519932570000111e-21
0.5806097560975579,2116.0,0.000274390243902,0.45,,-6.48097099557e-18,-6.47408879782e-18,3.441098874999956e-21
0.5808841463414604,2117.0,0.000274390243902,0.45,,-6.4808938865e-18,-6.47416590691e-18,3.363989795000054e-21
0.5811585365853628,2118.0,0.000274390243902,0.45,,-6.48081846521e-18,-6.47424132821e-18,3.2885685000002715e-21
0.5814329268292653,2119.0,0.000274390243903,0.45,,-6.48074469567e-18,-6.47431509777e-18,3.214798949999988e-21
0.5817073170731677,2120.0,0.000274390243902,0.45,,-6.48067254255e-18,-6.4743872509e-18,3.142645825000175e-21
0.5819817073170701,2121.0,0.000274390243902,0.45,,-6.48060197131e-18,-6.47445782216e-18,3.072074575000151e-21
0.5822560975609725,2122.0,0.000274390243902,0.45,,-6.48053294807e-18,-6.47452684541e-18,3.0030513300000316e-21
0.582530487804875,2123.0,0.000274390243903,0.45,,-6.4804654397e-18,-6.47459435379e-18,2.9355429550002802e-21
0.5828048780487775,2124.0,0.000274390243902,0.45,,-6.48039941375e-18,-6.47466037975e-18,2.8695169999999455e-21
0.5830792682926799,2125.0,0.000274390243902,0.45,,-6.48033483844e-18,-6.47472495507e-18,2.8049416850002145e-21
0.5833536585365823,2126.0,0.000274390243902,0.45,,-6.48027168266e-18,-6.47478811086e-18,2.7417859000001762e-21
0.5836280487804848,2127.0,0.000274390243903,0.45,,-6.48020991595e-18,-6.47484987759e-18,2.680019179999791e-21
0.5839024390243872,2128.0,0.000274390243902,0.45,,-6.48014950848e-18,-6.47491028507e-18,2.6196117049998915e-21
0.5841768292682896,2129.0,0.000274390243902,0.45,,-6.48009097133e-18,-6.47496881986e-18,2.561075734999947e-21
0.584451219512192,2130.0,0.000274390243902,0.45,,-6.48003593468e-18,-6.47502385655e-18,2.5060390650001817e-21
0.5847256097560944,2131.0,0.000274390243902,0.45,,-6.47998205055e-18,-6.47507774071e-18,2.452154919999861e-21
0.584999999999997,2132.0,0.000274390243903,0.45,,-6.47992929552e-18,-6.47513049577e-18,2.3993998750001236e-21
0.5852743902438994,2133.0,0.000274390243902,0.45,,-6.4798776466e-18,-6.47518214473e-18,2.3477509349998644e-21
0.5855487804878018,2134.0,0.000274390243902,0.45,,-6.47982708127e-18,-6.4752327101e-18,2.2971855850001945e-21
0.5858231707317042,2135.0,0.000274390243902,0.45,,-6.47977757744e-18,-6.47528221396e-18,2.2476817399999817e-21
0.5860975609756067,2136.0,0.000274390243903,0.45,,-6.47972911346e-18,-6.47533067797e-18,2.199217744999702e-21
0.5863719512195091,2137.0,0.000274390243902,0.45,,-6.47968166812e-18,-6.47537812334e-18,2.151772390000197e-21
0.5866463414634115,2138.0,0.000274390243902,0.45,,-6.4796352206e-18,-6.47542457089e-18,2.10532485500004e-21
0.586920731707314,2139.0,0.000274390243902,0.45,,-6.47958975053e-18,-6.475470041e-18,2.059854765000097e-21
0.5871951219512165,2140.0,0.000274390243903,0.45,,-6.4795452379e-18,-6.47551455366e-18,2.015342119999823e-21
0.5874695121951189,2141.0,0.000274390243902,0.45,,-6.47950166312e-18,-6.47555812846e-18,1.9717673300002687e-21
0.5877439024390213,2142.0,0.000274390243902,0.45,,-6.47945900698e-18,-6.47560078463e-18,1.929111175000206e-21
0.5880182926829237,2143.0,0.000274390243902,0.45,,-6.47941725067e-18,-6.47564254097e-18,1.887354850000102e-21
0.5882926829268262,2144.0,0.000274390243903,0.45,,-6.47937637571e-18,-6.47568341595e-18,1.846479880000045e-21
0.5885670731707286,2145.0,0.000274390243902,0.45,,-6.47933636403e-18,-6.47572342766e-18,1.806468184999882e-21
0.5888414634146311,2146.0,0.000274390243902,0.45,,-6.4792971979e-18,-6.47576259382e-18,1.767302039999963e-21
0.5891158536585335,2147.0,0.000274390243902,0.45,,-6.47925885994e-18,-6.4758009318e-18,1.7289640700002716e-21
0.5893902439024359,2148.0,0.000274390243902,0.45,,-6.47922133312e-18,-6.47583845865e-18,1.6914372349997429e-21
0.5896646341463384,2149.0,0.000274390243903,0.45,,-6.47918460075e-18,-6.47587519105e-18,1.6547048500001265e-21
0.5899390243902408,2150.0,0.000274390243902,0.45,,-6.47914864647e-18,-6.47591114535e-18,1.6187505599997125e-21
0.5902134146341432,2151.0,0.000274390243902,0.45,,-6.47911345424e-18,-6.47594633761e-18,1.5835583150001531e-21
0.5904878048780456,2152.0,0.000274390243902,0.45,,-6.47907900835e-18,-6.47598078352e-18,1.5491124150000385e-21
0.5907621951219482,2153.0,0.000274390243903,0.45,,-6.4790452934e-18,-6.47601449849e-18,1.5153974549999667e-21
0.5910365853658506,2154.0,0.000274390243902,0.45,,-6.47901229431e-18,-6.47604749761e-18,1.4823983499999592e-21
0.591310975609753,2155.0,0.000274390243902,0.45,,-6.47897999627e-18,-6.47607979567e-18,1.450100300000306e-21
0.5915853658536554,2156.0,0.000274390243902,0.45,,-6.4789483848e-18,-6.47611140716e-18,1.4184888199998508e-21
0.5918597560975579,2157.0,0.000274390243903,0.45,,-6.47891744569e-18,-6.47614234629e-18,1.3875496999998185e-21
0.5921341463414603,2158.0,0.000274390243902,0.45,,-6.47888716502e-18,-6.47617262698e-18,1.357269019999876e-21
0.5924085365853627,2159.0,0.000274390243902,0.45,,-6.47885752915e-18,-6.47620226287e-18,1.3276331399998596e-21
0.5926829268292652,2160.0,0.000274390243902,0.45,,-6.47882852472e-18,-6.47623126732e-18,1.2986287000001604e-21
0.5929573170731677,2161.0,0.000274390243903,0.45,,-6.47880013863e-18,-6.47625965343e-18,1.270242600000171e-21
0.5932317073170701,2162.0,0.000274390243902,0.45,,-6.47877235804e-18,-6.47628743404e-18,1.2424619999998269e-21
0.5935060975609725,2163.0,0.000274390243902,0.45,,-6.47874517038e-18,-6.47631462172e-18,1.215274329999804e-21
0.5937804878048749,2164.0,0.000274390243902,0.45,,-6.47871856333e-18,-6.47634122879e-18,1.1886672699999673e-21
0.5940548780487773,2165.0,0.000274390243902,0.45,,-6.47869252481e-18,-6.47636726733e-18,1.1626287399999413e-21
0.5943292682926798,2166.0,0.000274390243903,0.45,,-6.47866704299e-18,-6.47639274916e-18,1.137146915000179e-21
0.5946036585365823,2167.0,0.000274390243902,0.45,,-6.47864210628e-18,-6.47641768589e-18,1.1122101950002103e-21
0.5948780487804847,2168.0,0.000274390243902,0.45,,-6.47861770332e-18,-6.47644208887e-18,1.0878072250001948e-21
0.5951524390243871,2169.0,0.000274390243902,0.45,,-6.47859382299e-18,-6.47646596922e-18,1.0639268849999528e-21
0.5954268292682896,2170.0,0.000274390243903,0.45,,-6.47857045437e-18,-6.47648933785e-18,1.0405582599999102e-21
0.595701219512192,2171.0,0.000274390243902,0.45,,-6.47854758679e-18,-6.47651220545e-18,1.0176906699997681e-21
0.5959756097560944,2172.0,0.000274390243902,0.45,,-6.47852520979e-18,-6.47653458247e-18,9.953136600002308e-22
0.5962499999999968,2173.0,0.000274390243902,0.45,,-6.4785033131e-18,-6.47655647917e-18,9.734169649999988e-22
0.5965243902438994,2174.0,0.000274390243903,0.45,,-6.47848188669e-18,-6.47657790559e-18,9.519905500000303e-22
0.5967987804878018,2175.0,0.000274390243902,0.45,,-6.47846092071e-18,-6.47659887159e-18,9.310245599998517e-22
0.5970731707317042,2176.0,0.000274390243902,0.45,,-6.47844040552e-18,-6.47661938679e-18,9.105093649999922e-22
0.5973475609756066,2177.0,0.000274390243902,0.45,,-6.47842033167e-18,-6.47663946065e-18,8.90435509999835e-22
0.5976219512195091,2178.0,0.000274390243903,0.45,,-6.47840068992e-18,-6.47665910242e-18,8.707937499998532e-22
0.5978963414634115,2179.0,0.000274390243902,0.45,,-6.47838147119e-18,-6.47667832117e-18,8.515750100000454e-22
0.5981707317073139,2180.0,0.000274390243902,0.45,,-6.47836266661e-18,-6.47669712576e-18,8.327704249999589e-22
0.5984451219512164,2181.0,0.000274390243902,0.45,,-6.47834426747e-18,-6.47671552491e-18,8.143712800001952e-22
0.5987195121951188,2182.0,0.000274390243902,0.45,,-6.47832626526e-18,-6.47673352713e-18,7.963690650000351e-22
0.5989939024390213,2183.0,0.000274390243903,0.45,,-6.47830865163e-18,-6.47675114078e-18,7.787554249999125e-22
0.5992682926829237,2184.0,0.000274390243902,0.45,,-6.4782914184e-18,-6.47676837402e-18,7.615221900000843e-22
0.5995426829268261,2185.0,0.000274390243902,0.45,,-6.47827455756e-18,-6.47678523487e-18,7.446613450000348e-22
0.5998170731707285,2186.0,0.000274390243902,0.45,,-6.47825806127e-18,-6.47680173117e-18,7.281650500000278e-22
0.600091463414631,2187.0,0.000274390243903,0.45,,-6.47824192183e-18,-6.47681787062e-18,7.1202560500002695e-22
0.6003658536585335,2188.0,0.000274390243902,0.45,,-6.47822613173e-18,-6.47683366073e-18,6.9623549999991815e-22
0.6006402439024359,2189.0,0.000274390243902,0.45,,-6.47821068359e-18,-6.47684910888e-18,6.807873550002437e-22
0.6009146341463383,2190.0,0.000274390243902,0.45,,-6.47819557019e-18,-6.47686422229e-18,6.656739499997169e-22
0.6011890243902408,2191.0,0.000274390243903,0.45,,-6.47818078445e-18,-6.47687900804e-18,6.508882049998319e-22
0.6014634146341432,2192.0,0.000274390243902,0.45,,-6.47816631945e-18,-6.47689347305e-18,6.364231999998686e-22
0.6017378048780456,2193.0,0.000274390243902,0.45,,-6.4781521684e-18,-6.47690762411e-18,6.2227214499976335e-22
0.602012195121948,2194.0,0.000274390243902,0.45,,-6.47813832465e-18,-6.47692146787e-18,6.084283900003076e-22
0.6022865853658506,2195.0,0.000274390243903,0.45,,-6.4781247817e-18,-6.47693501083e-18,5.948854350002649e-22
0.602560975609753,2196.0,0.000274390243902,0.45,,-6.47811153317e-18,-6.47694825937e-18,5.816369000000124e-22
0.6028353658536554,2197.0,0.000274390243902,0.45,,-6.47809857281e-18,-6.47696121974e-18,5.68676534999813e-22
0.6031097560975578,2198.0,0.000274390243902,0.45,,-6.47808589451e-18,-6.47697389804e-18,5.5599823500011385e-22
0.6033841463414602,2199.0,0.000274390243902,0.45,,-6.47807349229e-18,-6.47698630027e-18,5.435960100001797e-22
0.6036585365853627,2200.0,0.000274390243903,0.45,,-6.47806136027e-18,-6.4769984323e-18,5.314639850000191e-22
0.6039329268292651,2201.0,0.000274390243902,0.45,,-6.47804949272e-18,-6.47701029986e-18,5.195964299998245e-22
0.6042073170731675,2202.0,0.000274390243902,0.45,,-6.47803788401e-18,-6.47702190858e-18,5.0798771499984875e-22
0.60448170731707,2203.0,0.000274390243902,0.45,,-6.47802652862e-18,-6.47703326397e-18,4.966323249999331e-22
0.6047560975609725,2204.0,0.000274390243903,0.45,,-6.47801542118e-18,-6.47704437142e-18,4.8552488000028905e-22
0.6050304878048749,2205.0,0.000274390243902,0.45,,-6.47800455638e-18,-6.47705523622e-18,4.746600800000212e-22
0.6053048780487773,2206.0,0.000274390243902,0.45,,-6.47799392907e-18,-6.47706586354e-18,4.640327649998594e-22
0.6055792682926797,2207.0,0.000274390243902,0.45,,-6.47798353418e-18,-6.47707625844e-18,4.536378700001097e-22
0.6058536585365822,2208.0,0.000274390243903,0.45,,-6.47797336674e-18,-6.47708642589e-18,4.434704250002687e-22
0.6061280487804847,2209.0,0.000274390243902,0.45,,-6.47796342189e-18,-6.47709637074e-18,4.335255749998065e-22
0.6064024390243871,2210.0,0.000274390243902,0.45,,-6.47795369489e-18,-6.47710609775e-18,4.237985700002788e-22
0.6066768292682895,2211.0,0.000274390243902,0.45,,-6.47794418107e-18,-6.47711561157e-18,4.1428475000002187e-22
0.606951219512192,2212.0,0.000274390243903,0.45,,-6.47793487588e-18,-6.47712491677e-18,4.0497955500012857e-22
0.6072256097560944,2213.0,0.000274390243902,0.45,,-6.47792577484e-18,-6.47713401781e-18,3.9587851500001297e-22
0.6074999999999968,2214.0,0.000274390243902,0.45,,-6.4779168736e-18,-6.47714291907e-18,3.8697726500001936e-22
0.6077743902438992,2215.0,0.000274390243902,0.45,,-6.47790816785e-18,-6.47715162481e-18,3.782715200001552e-22
0.6080487804878016,2216.0,0.000274390243902,0.45,,-6.47789965342e-18,-6.47716013925e-18,3.697570850002898e-22
0.6083231707317042,2217.0,0.000274390243903,0.45,,-6.4778913262e-18,-6.47716846647e-18,3.6142986499996787e-22
0.6085975609756066,2218.0,0.000274390243902,0.45,,-6.47788318218e-18,-6.4771766105e-18,3.5328584000022384e-22
0.608871951219509,2219.0,0.000274390243902,0.45,,-6.47787521741e-18,-6.47718457528e-18,3.4532106500011536e-22
0.6091463414634114,2220.0,0.000274390243902,0.45,,-6.47786765198e-18,-6.47719213987e-18,3.3775605500007387e-22
0.6094207317073139,2221.0,0.000274390243903,0.45,,-6.47786039207e-18,-6.4771993998e-18,3.304961349999225e-22
0.6096951219512163,2222.0,0.000274390243902,0.45,,-6.47785328422e-18,-6.47720650766e-18,3.23388279999811e-22
0.6099695121951187,2223.0,0.000274390243902,0.45,,-6.47784632535e-18,-6.47721346654e-18,3.164294049997025e-22
0.6102439024390212,2224.0,0.000274390243902,0.45,,-6.47783951242e-18,-6.47722027949e-18,3.096164649999695e-22
0.6105182926829237,2225.0,0.000274390243903,0.45,,-6.47783284246e-18,-6.47722694946e-18,3.0294649999997667e-22
0.6107926829268261,2226.0,0.000274390243902,0.45,,-6.47782631256e-18,-6.47723347937e-18,2.964165949999826e-22
0.6110670731707285,2227.0,0.000274390243902,0.45,,-6.47781991985e-18,-6.47723987209e-18,2.9002387999998424e-22
0.6113414634146309,2228.0,0.000274390243902,0.45,,-6.47781366155e-18,-6.47724613041e-18,2.837655700001262e-22
0.6116158536585334,2229.0,0.000274390243903,0.45,,-6.47780753489e-18,-6.47725225708e-18,2.7763890500027937e-22
0.6118902439024358,2230.0,0.000274390243902,0.45,,-6.4778015372e-18,-6.47725825478e-18,2.7164120999969197e-22
0.6121646341463383,2231.0,0.000274390243902,0.45,,-6.47779566583e-18,-6.47726412616e-18,2.6576983500003477e-22
0.6124390243902407,2232.0,0.000274390243902,0.45,,-6.47778991819e-18,-6.47726987381e-18,2.6002218999993335e-22
0.6127134146341431,2233.0,0.000274390243902,0.45,,-6.47778429176e-18,-6.47727550026e-18,2.5439574999968966e-22
0.6129878048780456,2234.0,0.000274390243903,0.45,,-6.47777878404e-18,-6.47728100798e-18,2.4888803000001503e-22
0.613262195121948,2235.0,0.000274390243902,0.45,,-6.47777339261e-18,-6.47728639943e-18,2.434965900002036e-22
0.6135365853658504,2236.0,0.000274390243902,0.45,,-6.47776811507e-18,-6.47729167698e-18,2.382190449998716e-22
0.6138109756097528,2237.0,0.000274390243902,0.45,,-6.47776294908e-18,-6.47729684298e-18,2.330530499998151e-22
0.6140853658536554,2238.0,0.000274390243903,0.45,,-6.47775789236e-18,-6.47730189971e-18,2.2799632500019537e-22
0.6143597560975578,2239.0,0.000274390243902,0.45,,-6.47775294265e-18,-6.47730684943e-18,2.2304661000003026e-22
0.6146341463414602,2240.0,0.000274390243902,0.45,,-6.47774809775e-18,-6.47731169434e-18,2.1820170499991464e-22
0.6149085365853626,2241.0,0.000274390243902,0.45,,-6.47774335551e-18,-6.47731643659e-18,2.1345946000028105e-22
0.6151829268292651,2242.0,0.000274390243903,0.45,,-6.4777387138e-18,-6.47732107831e-18,2.0881774500003337e-22
0.6154573170731675,2243.0,0.000274390243902,0.45,,-6.47773417055e-18,-6.47732562157e-18,2.0427449000003774e-22
0.6157317073170699,2244.0,0.000274390243902,0.45,,-6.47772972374e-18,-6.47733006839e-18,1.9982767500022755e-22
0.6160060975609724,2245.0,0.000274390243902,0.45,,-6.47772537136e-18,-6.47733442078e-18,1.9547528999996448e-22
0.6162804878048749,2246.0,0.000274390243903,0.45,,-6.47772111147e-18,-6.47733868067e-18,1.9121539999971487e-22
0.6165548780487773,2247.0,0.000274390243902,0.45,,-6.47771694216e-18,-6.47734285e-18,1.8704607999975848e-22
0.6168292682926797,2248.0,0.000274390243902,0.45,,-6.47771286154e-18,-6.47734693062e-18,1.8296545999992688e-22
0.6171036585365821,2249.0,0.000274390243902,0.45,,-6.47770886779e-18,-6.47735092438e-18,1.7897170499997652e-22
0.6173780487804845,2250.0,0.000274390243902,0.45,,-6.47770495911e-18,-6.47735483307e-18,1.7506302000007324e-22
0.617652439024387,2251.0,0.000274390243903,0.45,,-6.47770113372e-18,-6.47735865847e-18,1.7123762499991047e-22
0.6179268292682895,2252.0,0.000274390243902,0.45,,-6.47769738991e-18,-6.47736240229e-18,1.6749380999980176e-22
0.6182012195121919,2253.0,0.000274390243902,0.45,,-6.47769372597e-18,-6.47736606623e-18,1.6382986999977482e-22
0.6184756097560943,2254.0,0.000274390243902,0.45,,-6.47769014025e-18,-6.47736965196e-18,1.6024414499998086e-22
0.6187499999999968,2255.0,0.000274390243903,0.45,,-6.47768663113e-18,-6.47737316109e-18,1.5673501999992424e-22
0.6190243902438992,2256.0,0.000274390243902,0.45,,-6.477683197e-18,-6.47737659522e-18,1.5330089000007835e-22
0.6192987804878016,2257.0,0.000274390243902,0.45,,-6.47767983631e-18,-6.47737995592e-18,1.4994019499988455e-22
0.619573170731704,2258.0,0.000274390243902,0.45,,-6.47767654754e-18,-6.4773832447e-18,1.4665142000006325e-22
0.6198475609756066,2259.0,0.000274390243903,0.45,,-6.47767332917e-18,-6.47738646308e-18,1.4343304499969482e-22
0.620121951219509,2260.0,0.000274390243902,0.45,,-6.47767017974e-18,-6.47738961251e-18,1.4028361500030637e-22
0.6203963414634114,2261.0,0.000274390243902,0.45,,-6.47766709782e-18,-6.47739269444e-18,1.372016899998711e-22
0.6206707317073138,2262.0,0.000274390243902,0.45,,-6.47766408199e-18,-6.47739571027e-18,1.3418586000003964e-22
0.6209451219512162,2263.0,0.000274390243902,0.45,,-6.47766113087e-18,-6.4773986614e-18,1.312347350001636e-22
0.6212195121951187,2264.0,0.000274390243903,0.45,,-6.47765824311e-18,-6.47740154916e-18,1.283469750002026e-22
0.6214939024390211,2265.0,0.000274390243902,0.45,,-6.47765541739e-18,-6.47740437489e-18,1.2552124999992976e-22
0.6217682926829236,2266.0,0.000274390243902,0.45,,-6.4776526524e-18,-6.47740713988e-18,1.227562599997141e-22
0.622042682926826,2267.0,0.000274390243902,0.45,,-6.47764994688e-18,-6.47740984541e-18,1.200507349997502e-22
0.6223170731707285,2268.0,0.000274390243903,0.45,,-6.47764729958e-18,-6.47741249272e-18,1.1740342999995887e-22
0.6225914634146309,2269.0,0.000274390243902,0.45,,-6.47764470927e-18,-6.47741508304e-18,1.1481311500017374e-22
0.6228658536585333,2270.0,0.000274390243902,0.45,,-6.47764217476e-18,-6.47741761755e-18,1.1227860499996672e-22
0.6231402439024357,2271.0,0.000274390243902,0.45,,-6.47763969488e-18,-6.47742009744e-18,1.0979872000016464e-22
0.6234146341463382,2272.0,0.000274390243903,0.45,,-6.47763726848e-18,-6.47742252384e-18,1.0737231999969257e-22
0.6236890243902407,2273.0,0.000274390243902,0.45,,-6.47763489444e-18,-6.47742489789e-18,1.0499827499998538e-22
0.6239634146341431,2274.0,0.000274390243902,0.45,,-6.47763257165e-18,-6.47742722068e-18,1.0267548499999233e-22
0.6242378048780455,2275.0,0.000274390243902,0.45,,-6.47763029904e-18,-6.47742949329e-18,1.0040287499992971e-22
0.624512195121948,2276.0,0.000274390243903,0.45,,-6.47762807555e-18,-6.47743171679e-18,9.817938000021241e-23
0.6247865853658504,2277.0,0.000274390243902,0.45,,-6.47762590014e-18,-6.4774338922e-18,9.600397000002468e-23
0.6250609756097528,2278.0,0.000274390243902,0.45,,-6.4776237718e-18,-6.47743602054e-18,9.387563000000427e-23
0.6253353658536552,2279.0,0.000274390243902,0.45,,-6.47762168955e-18,-6.4774381028e-18,9.17933750002293e-23
0.6256097560975576,2280.0,0.000274390243902,0.45,,-6.47761965239e-18,-6.47744013996e-18,8.975621499990822e-23
0.6258841463414602,2281.0,0.000274390243903,0.45,,-6.47761765939e-18,-6.47744213297e-18,8.776321000001303e-23
0.6261585365853626,2282.0,0.000274390243902,0.45,,-6.47761570961e-18,-6.47744408275e-18,8.581343000017365e-23
0.626432926829265,2283.0,0.000274390243902,0.45,,-6.47761380213e-18,-6.47744599024e-18,8.390594500002002e-23
0.6267073170731674,2284.0,0.000274390243902,0.45,,-6.47761193606e-18,-6.47744785631e-18,8.203987499979008e-23
0.6269817073170699,2285.0,0.000274390243903,0.45,,-6.47761011052e-18,-6.47744968185e-18,8.021433500000765e-23
0.6272560975609723,2286.0,0.000274390243902,0.45,,-6.47760832466e-18,-6.47745146772e-18,7.842846999986654e-23
0.6275304878048747,2287.0,0.000274390243902,0.45,,-6.47760657763e-18,-6.47745321475e-18,7.668144000001408e-23
0.6278048780487772,2288.0,0.000274390243902,0.45,,-6.47760486861e-18,-6.47745492377e-18,7.497241999985485e-23
0.6280792682926797,2289.0,0.000274390243903,0.45,,-6.47760319679e-18,-6.47745659559e-18,7.330059999986172e-23
0.6283536585365821,2290.0,0.000274390243902,0.45,,-6.47760156138e-18,-6.477458231e-18,7.166519000013452e-23
0.6286280487804845,2291.0,0.000274390243902,0.45,,-6.47759996162e-18,-6.47745983077e-18,7.00654250001141e-23
0.6289024390243869,2292.0,0.000274390243902,0.45,,-6.47759839673e-18,-6.47746139566e-18,6.850053499991237e-23
0.6291768292682894,2293.0,0.000274390243903,0.45,,-6.47759686598e-18,-6.47746292642e-18,6.696978000023717e-23
0.6294512195121919,2294.0,0.000274390243902,0.45,,-6.47759536864e-18,-6.47746442375e-18,6.547244499998184e-23
0.6297256097560943,2295.0,0.000274390243902,0.45,,-6.47759390401e-18,-6.47746588839e-18,6.400780999986632e-23
0.6299999999999967,2296.0,0.000274390243902,0.45,,-6.47759247137e-18,-6.47746732103e-18,6.257516999975294e-23
0.6302743902438991,2297.0,0.000274390243902,0.45,,-6.47759107006e-18,-6.47746872234e-18,6.117386000029864e-23
0.6305487804878016,2298.0,0.000274390243903,0.45,,-6.4775896994e-18,-6.477470093e-18,5.980320000032163e-23
0.630823170731704,2299.0,0.000274390243902,0.45,,-6.47758835874e-18,-6.47747143366e-18,5.846254000000641e-23
0.6310975609756064,2300.0,0.000274390243902,0.45,,-6.47758704744e-18,-6.47747274497e-18,5.715123500002202e-23
0.6313719512195088,2301.0,0.000274390243902,0.45,,-6.47758576487e-18,-6.47747402754e-18,5.586866499999332e-23
0.6316463414634114,2302.0,0.000274390243903,0.45,,-6.47758451041e-18,-6.477475282e-18,5.461420500021627e-23
0.6319207317073138,2303.0,0.000274390243902,0.45,,-6.47758328347e-18,-6.47747650895e-18,5.338726000004197e-23
0.6321951219512162,2304.0,0.000274390243902,0.45,,-6.47758208346e-18,-6.47747770896e-18,5.21872499998899e-23
0.6324695121951186,2305.0,0.000274390243902,0.45,,-6.47758090979e-18,-6.47747888263e-18,5.1013579999881534e-23
0.6327439024390211,2306.0,0.000274390243903,0.45,,-6.4775797619e-18,-6.47748003052e-18,4.9865690000063254e-23
0.6330182926829235,2307.0,0.000274390243902,0.45,,-6.47757863925e-18,-6.47748115317e-18,4.8743040000108344e-23
0.633292682926826,2308.0,0.000274390243902,0.45,,-6.47757754129e-18,-6.47748225114e-18,4.76450750001625e-23
0.6335670731707284,2309.0,0.000274390243902,0.45,,-6.47757646748e-18,-6.47748332494e-18,4.657127000019697e-23
0.6338414634146309,2310.0,0.000274390243903,0.45,,-6.47757541803e-18,-6.47748437408e-18,4.552197499984574e-23
0.6341158536585333,2311.0,0.000274390243902,0.45,,-6.47757443989e-18,-6.47748535223e-18,4.454382999997893e-23
0.6343902439024357,2312.0,0.000274390243902,0.45,,-6.47757348223e-18,-6.47748630989e-18,4.3586169999891195e-23
0.6346646341463381,2313.0,0.000274390243902,0.45,,-6.47757254463e-18,-6.47748724749e-18,4.264856999999948e-23
0.6349390243902405,2314.0,0.000274390243902,0.45,,-6.47757162669e-18,-6.47748816544e-18,4.1730624999962456e-23
0.635213414634143,2315.0,0.000274390243903,0.45,,-6.477570728e-18,-6.47748906413e-18,4.0831934999923295e-23
0.6354878048780455,2316.0,0.000274390243902,0.45,,-6.47756984818e-18,-6.47748994396e-18,3.995211000022382e-23
0.6357621951219479,2317.0,0.000274390243902,0.45,,-6.47756898684e-18,-6.4774908053e-18,3.909077000024893e-23
0.6360365853658503,2318.0,0.000274390243902,0.45,,-6.4775681436e-18,-6.47749164855e-18,3.8247524999955264e-23
0.6363109756097528,2319.0,0.000274390243903,0.45,,-6.47756731809e-18,-6.47749247406e-18,3.7422014999895384e-23
0.6365853658536552,2320.0,0.000274390243902,0.45,,-6.47756650995e-18,-6.4774932822e-18,3.6613875000137345e-23
0.6368597560975576,2321.0,0.000274390243902,0.45,,-6.47756571883e-18,-6.47749407333e-18,3.582274999979229e-23
0.63713414634146,2322.0,0.000274390243902,0.45,,-6.47756494437e-18,-6.47749484779e-18,3.504828999999661e-23
0.6374085365853626,2323.0,0.000274390243903,0.45,,-6.47756418624e-18,-6.47749560592e-18,3.429016000025873e-23
0.637682926829265,2324.0,0.000274390243902,0.45,,-6.4775634441e-18,-6.47749634807e-18,3.3548014999888436e-23
0.6379573170731674,2325.0,0.000274390243902,0.45,,-6.47756271763e-18,-6.47749707455e-18,3.2821539999947e-23
0.6382317073170698,2326.0,0.000274390243902,0.45,,-6.47756200649e-18,-6.47749778569e-18,3.211039999994285e-23
0.6385060975609723,2327.0,0.000274390243903,0.45,,-6.47756131038e-18,-6.4774984818e-18,3.1414289999980346e-23
0.6387804878048747,2328.0,0.000274390243902,0.45,,-6.47756062899e-18,-6.4774991632e-18,3.0732894999965196e-23
0.6390548780487771,2329.0,0.000274390243902,0.45,,-6.47755996201e-18,-6.47749983018e-18,3.006591500010108e-23
0.6393292682926796,2330.0,0.000274390243902,0.45,,-6.47755930915e-18,-6.47750048304e-18,2.941305499992063e-23
0.639603658536582,2331.0,0.000274390243902,0.45,,-6.47755867012e-18,-6.47750112208e-18,2.877402000011203e-23
0.6398780487804845,2332.0,0.000274390243903,0.45,,-6.47755804463e-18,-6.47750174757e-18,2.81485299997355e-23
0.6401524390243869,2333.0,0.000274390243902,0.45,,-6.47755743241e-18,-6.47750235979e-18,2.7536310000261703e-23
0.6404268292682893,2334.0,0.000274390243902,0.45,,-6.47755683317e-18,-6.47750295903e-18,2.693706999978184e-23
0.6407012195121917,2335.0,0.000274390243902,0.45,,-6.47755624666e-18,-6.47750354555e-18,2.635055500016386e-23
0.6409756097560942,2336.0,0.000274390243903,0.45,,-6.47755567261e-18,-6.4775041196e-18,2.5776505000094895e-23
0.6412499999999967,2337.0,0.000274390243902,0.45,,-6.47755511076e-18,-6.47750468146e-18,2.521464999998937e-23
0.6415243902438991,2338.0,0.000274390243902,0.45,,-6.47755456085e-18,-6.47750523137e-18,2.4664739999888623e-23
0.6417987804878015,2339.0,0.000274390243902,0.45,,-6.47755402265e-18,-6.47750576957e-18,2.4126540000131953e-23
0.642073170731704,2340.0,0.000274390243903,0.45,,-6.47755349591e-18,-6.47750629632e-18,2.3599794999891005e-23
0.6423475609756064,2341.0,0.000274390243902,0.45,,-6.47755298039e-18,-6.47750681184e-18,2.308427499998959e-23
0.6426219512195088,2342.0,0.000274390243902,0.45,,-6.47755247586e-18,-6.47750731637e-18,2.2579744999996633e-23
0.6428963414634112,2343.0,0.000274390243902,0.45,,-6.47755198209e-18,-6.47750781015e-18,2.2085969999866254e-23
0.6431707317073138,2344.0,0.000274390243903,0.45,,-6.47755149885e-18,-6.47750829338e-18,2.1602734999949855e-23
0.6434451219512162,2345.0,0.000274390243902,0.45,,-6.47755102594e-18,-6.4775087663e-18,2.112982000011433e-23
0.6437195121951186,2346.0,0.000274390243902,0.45,,-6.47755056313e-18,-6.47750922911e-18,2.0667009999940707e-23
0.643993902439021,2347.0,0.000274390243902,0.45,,-6.47755011021e-18,-6.47750968203e-18,2.021408999978039e-23
0.6442682926829234,2348.0,0.000274390243902,0.45,,-6.47754966698e-18,-6.47751012526e-18,1.9770859999897563e-23
0.6445426829268259,2349.0,0.000274390243903,0.45,,-6.47754923324e-18,-6.47751055901e-18,1.933711499968671e-23
0.6448170731707283,2350.0,0.000274390243902,0.45,,-6.47754880879e-18,-6.47751098346e-18,1.8912664999995843e-23
0.6450914634146308,2351.0,0.000274390243902,0.45,,-6.47754839343e-18,-6.47751139882e-18,1.8497304999834262e-23
0.6453658536585332,2352.0,0.000274390243902,0.45,,-6.47754798697e-18,-6.47751180528e-18,1.809084500004998e-23
0.6456402439024357,2353.0,0.000274390243903,0.45,,-6.47754758923e-18,-6.47751220302e-18,1.7693105000148903e-23
0.6459146341463381,2354.0,0.000274390243902,0.45,,-6.47754720003e-18,-6.47751259222e-18,1.730390500002213e-23
0.6461890243902405,2355.0,0.000274390243902,0.45,,-6.47754681919e-18,-6.47751297307e-18,1.6923060000231805e-23
0.6464634146341429,2356.0,0.000274390243902,0.45,,-6.47754644653e-18,-6.47751334573e-18,1.6550400000097296e-23
0.6467378048780454,2357.0,0.000274390243903,0.45,,-6.47754608189e-18,-6.47751371038e-18,1.6185755000093527e-23
0.6470121951219479,2358.0,0.000274390243902,0.45,,-6.47754572508e-18,-6.47751406718e-18,1.5828950000210916e-23
0.6472865853658503,2359.0,0.000274390243902,0.45,,-6.47754537596e-18,-6.47751441631e-18,1.5479824999967473e-23
0.6475609756097527,2360.0,0.000274390243902,0.45,,-6.47754503435e-18,-6.47751475792e-18,1.5138214999937445e-23
0.6478353658536552,2361.0,0.000274390243903,0.45,,-6.47754470011e-18,-6.47751509217e-18,1.480397000022267e-23
0.6481097560975576,2362.0,0.000274390243902,0.45,,-6.47754437307e-18,-6.47751541921e-18,1.4476929999955973e-23
0.64838414634146,2363.0,0.000274390243902,0.45,,-6.47754405308e-18,-6.47751573919e-18,1.4156945000009565e-23
0.6486585365853624,2364.0,0.000274390243902,0.45,,-6.47754374e-18,-6.47751605227e-18,1.38438650001001e-23
0.6489329268292648,2365.0,0.000274390243902,0.45,,-6.47754343368e-18,-6.47751635859e-18,1.3537545000043552e-23
0.6492073170731674,2366.0,0.000274390243903,0.45,,-6.47754313398e-18,-6.4775166583e-18,1.3237840000041083e-23
0.6494817073170698,2367.0,0.000274390243902,0.45,,-6.47754284076e-18,-6.47751695152e-18,1.2944620000206633e-23
0.6497560975609722,2368.0,0.000274390243902,0.45,,-6.47754255389e-18,-6.4775172384e-18,1.2657745000070312e-23
0.6500304878048746,2369.0,0.000274390243902,0.45,,-6.47754227322e-18,-6.47751751907e-18,1.2377074999932602e-23
0.6503048780487771,2370.0,0.000274390243903,0.45,,-6.47754199862e-18,-6.47751779366e-18,1.210248000029263e-23
0.6505792682926795,2371.0,0.000274390243902,0.45,,-6.47754172998e-18,-6.47751806231e-18,1.1833835000208098e-23
0.650853658536582,2372.0,0.000274390243902,0.45,,-6.47754146716e-18,-6.47751832513e-18,1.1571015000277456e-23
0.6511280487804844,2373.0,0.000274390243902,0.45,,-6.47754121004e-18,-6.47751858224e-18,1.1313900000042912e-23
0.6514024390243869,2374.0,0.000274390243903,0.45,,-6.47754095851e-18,-6.47751883378e-18,1.106236499971773e-23
0.6516768292682893,2375.0,0.000274390243902,0.45,,-6.47754071243e-18,-6.47751907986e-18,1.0816285000285543e-23
0.6519512195121917,2376.0,0.000274390243902,0.45,,-6.4775404717e-18,-6.47751932059e-18,1.0575555000045781e-23
0.6522256097560941,2377.0,0.000274390243902,0.45,,-6.4775402362e-18,-6.47751955609e-18,1.0340054999696216e-23
0.6524999999999966,2378.0,0.000274390243903,0.45,,-6.47754000583e-18,-6.47751978647e-18,1.010968000023258e-23
0.652774390243899,2379.0,0.000274390243902,0.45,,-6.47753978046e-18,-6.47752001183e-18,9.884315000140848e-24
0.6530487804878015,2380.0,0.000274390243902,0.45,,-6.47753956001e-18,-6.47752023229e-18,9.66386000013089e-24
0.6533231707317039,2381.0,0.000274390243902,0.45,,-6.47753934436e-18,-6.47752044794e-18,9.448210000042882e-24
0.6535975609756063,2382.0,0.000274390243902,0.45,,-6.4775391334e-18,-6.4775206589e-18,9.237249999903542e-24
0.6538719512195088,2383.0,0.000274390243903,0.45,,-6.47753892705e-18,-6.47752086525e-18,9.030900000049655e-24
0.6541463414634112,2384.0,0.000274390243902,0.45,,-6.4775387252e-18,-6.4775210671e-18,8.829049999836889e-24
0.6544207317073136,2385.0,0.000274390243902,0.45,,-6.47753852776e-18,-6.47752126454e-18,8.631609999788571e-24
0.654695121951216,2386.0,0.000274390243902,0.45,,-6.47753833463e-18,-6.47752145767e-18,8.438479999844198e-24
0.6549695121951186,2387.0,0.000274390243903,0.45,,-6.47753814572e-18,-6.47752164658e-18,8.24957000014191e-24
0.655243902439021,2388.0,0.000274390243902,0.45,,-6.47753796094e-18,-6.47752183136e-18,8.064790000049479e-24
0.6555182926829234,2389.0,0.000274390243902,0.45,,-6.47753778021e-18,-6.4775220121e-18,7.88405500018955e-24
0.6557926829268258,2390.0,0.000274390243902,0.45,,-6.47753760343e-18,-6.47752218888e-18,7.707274999929894e-24
0.6560670731707283,2391.0,0.000274390243903,0.45,,-6.47753743052e-18,-6.47752236179e-18,7.534364999893158e-24
0.6563414634146307,2392.0,0.000274390243902,0.45,,-6.4775372614e-18,-6.47752253091e-18,7.365245000030941e-24
0.6566158536585331,2393.0,0.000274390243902,0.45,,-6.477537096e-18,-6.47752269632e-18,7.199840000008976e-24
0.6568902439024356,2394.0,0.000274390243902,0.45,,-6.47753693421e-18,-6.4775228581e-18,7.038054999866083e-24
0.657164634146338,2395.0,0.000274390243902,0.45,,-6.47753677598e-18,-6.47752301633e-18,6.879824999851825e-24
0.6574390243902405,2396.0,0.000274390243903,0.45,,-6.47753662123e-18,-6.47752317108e-18,6.72507500001712e-24
0.6577134146341429,2397.0,0.000274390243902,0.45,,-6.47753646988e-18,-6.47752332244e-18,6.573719999829061e-24
0.6579878048780453,2398.0,0.000274390243902,0.45,,-6.47753632185e-18,-6.47752347047e-18,6.425689999823073e-24
0.6582621951219477,2399.0,0.000274390243902,0.45,,-6.47753617708e-18,-6.47752361524e-18,6.2809199998635345e-24
0.6585365853658502,2400.0,0.000274390243903,0.45,,-6.47753603549e-18,-6.47752375682e-18,6.139335000001364e-24
0.6588109756097527,2401.0,0.000274390243902,0.45,,-6.4775358998e-18,-6.4775238924e-18,6.003700000079821e-24
0.6590853658536551,2402.0,0.000274390243902,0.45,,-6.47753577077e-18,-6.47752402143e-18,5.8746700000137134e-24
0.6593597560975575,2403.0,0.000274390243902,0.45,,-6.47753564445e-18,-6.47752414776e-18,5.7483449997545626e-24
0.65963414634146,2404.0,0.000274390243903,0.45,,-6.47753552077e-18,-6.47752427144e-18,5.624664999651253e-24
0.6599085365853624,2405.0,0.000274390243902,0.45,,-6.47753539968e-18,-6.47752439253e-18,5.503575000151992e-24
0.6601829268292648,2406.0,0.000274390243902,0.45,,-6.47753528113e-18,-6.47752451108e-18,5.3850250002635616e-24
0.6604573170731672,2407.0,0.000274390243902,0.45,,-6.47753516508e-18,-6.47752462714e-18,5.26896999986244e-24
0.6607317073170698,2408.0,0.000274390243903,0.45,,-6.47753505146e-18,-6.47752474076e-18,5.1553500000678845e-24
0.6610060975609722,2409.0,0.000274390243902,0.45,,-6.47753494023e-18,-6.47752485199e-18,5.0441199999859995e-24
0.6612804878048746,2410.0,0.000274390243902,0.45,,-6.47753483134e-18,-6.47752496088e-18,4.935230000164313e-24
0.661554878048777,2411.0,0.000274390243902,0.45,,-6.47753472474e-18,-6.47752506748e-18,4.828629999994795e-24
0.6618292682926794,2412.0,0.000274390243902,0.45,,-6.47753462039e-18,-6.47752517184e-18,4.724275000124295e-24
0.6621036585365819,2413.0,0.000274390243903,0.45,,-6.47753451823e-18,-6.47752527399e-18,4.622120000044104e-24
0.6623780487804843,2414.0,0.000274390243902,0.45,,-6.47753441823e-18,-6.477525374e-18,4.5221149999165645e-24
0.6626524390243868,2415.0,0.000274390243902,0.45,,-6.47753432034e-18,-6.47752547189e-18,4.424225000201982e-24
0.6629268292682892,2416.0,0.000274390243902,0.45,,-6.47753422451e-18,-6.47752556771e-18,4.328399999907142e-24
0.6632012195121917,2417.0,0.000274390243903,0.45,,-6.47753413071e-18,-6.47752566152e-18,4.234595000064078e-24
0.6634756097560941,2418.0,0.000274390243902,0.45,,-6.4775340389e-18,-6.47752575334e-18,4.142780000076861e-24
0.6637499999999965,2419.0,0.000274390243902,0.45,,-6.47753394902e-18,-6.47752584321e-18,4.052905000107834e-24
0.6640243902438989,2420.0,0.000274390243902,0.45,,-6.47753386104e-18,-6.47752593119e-18,3.9649250000334724e-24
0.6642987804878014,2421.0,0.000274390243903,0.45,,-6.47753377493e-18,-6.4775260173e-18,3.878815000127541e-24
0.6645731707317039,2422.0,0.000274390243902,0.45,,-6.47753369064e-18,-6.47752610159e-18,3.7945250001671964e-24
0.6648475609756063,2423.0,0.000274390243902,0.45,,-6.47753360814e-18,-6.47752618409e-18,3.712024999941694e-24
0.6651219512195087,2424.0,0.000274390243902,0.45,,-6.47753352739e-18,-6.47752626485e-18,3.631269999712697e-24
0.6653963414634112,2425.0,0.000274390243903,0.45,,-6.47753344836e-18,-6.47752634389e-18,3.5522349997539695e-24
0.6656707317073136,2426.0,0.000274390243902,0.45,,-6.477533371e-18,-6.47752642125e-18,3.474874999941989e-24
0.665945121951216,2427.0,0.000274390243902,0.45,,-6.47753329528e-18,-6.47752649696e-18,3.399160000066012e-24
0.6662195121951184,2428.0,0.000274390243902,0.45,,-6.47753322118e-18,-6.47752657107e-18,3.325054999815973e-24
0.6664939024390208,2429.0,0.000274390243902,0.45,,-6.47753314865e-18,-6.4775266436e-18,3.252524999652179e-24
0.6667682926829234,2430.0,0.000274390243903,0.45,,-6.47753307766e-18,-6.47752671459e-18,3.181535000034936e-24
0.6670426829268258,2431.0,0.000274390243902,0.45,,-6.47753300819e-18,-6.47752678406e-18,3.1120649997965855e-24
0.6673170731707282,2432.0,0.000274390243902,0.45,,-6.47753294019e-18,-6.47752685206e-18,3.0440650002550278e-24
0.6675914634146306,2433.0,0.000274390243902,0.45,,-6.47753287365e-18,-6.4775269186e-18,2.9775249996708754e-24
0.6678658536585331,2434.0,0.000274390243903,0.45,,-6.47753280853e-18,-6.47752698373e-18,2.9124000002317217e-24
0.6681402439024355,2435.0,0.000274390243902,0.45,,-6.47753274479e-18,-6.47752704746e-18,2.8486649999002147e-24
0.668414634146338,2436.0,0.000274390243902,0.45,,-6.47753268242e-18,-6.47752710983e-18,2.7862949997204903e-24
0.6686890243902404,2437.0,0.000274390243902,0.45,,-6.47753262138e-18,-6.47752717088e-18,2.7252500000535333e-24
0.6689634146341429,2438.0,0.000274390243903,0.45,,-6.47753256164e-18,-6.47752723061e-18,2.665515000216193e-24
0.6692378048780453,2439.0,0.000274390243902,0.45,,-6.47753250319e-18,-6.47752728907e-18,2.607059999997726e-24
0.6695121951219477,2440.0,0.000274390243902,0.45,,-6.47753244598e-18,-6.47752734628e-18,2.5498499998584383e-24
0.6697865853658501,2441.0,0.000274390243902,0.45,,-6.47753239e-18,-6.47752740226e-18,2.4938699998855515e-24
0.6700609756097526,2442.0,0.000274390243903,0.45,,-6.47753233522e-18,-6.47752745704e-18,2.4390899998683217e-24
0.670335365853655,2443.0,0.000274390243902,0.45,,-6.47753228162e-18,-6.47752751064e-18,2.3854899997946485e-24
0.6706097560975575,2444.0,0.000274390243902,0.45,,-6.47753222916e-18,-6.4775275631e-18,2.333030000025517e-24
0.6708841463414599,2445.0,0.000274390243902,0.45,,-6.47753217783e-18,-6.47752761443e-18,2.2816999999770976e-24
0.6711585365853623,2446.0,0.000274390243902,0.45,,-6.4775321276e-18,-6.47752766466e-18,2.231470000209019e-24
0.6714329268292648,2447.0,0.000274390243903,0.45,,-6.47753207846e-18,-6.47752771381e-18,2.18232500003813e-24
0.6717073170731672,2448.0,0.000274390243902,0.45,,-6.47753203037e-18,-6.4775277619e-18,2.134235000024059e-24
0.6719817073170696,2449.0,0.000274390243902,0.45,,-6.47753198331e-18,-6.47752780896e-18,2.0871750000553842e-24
0.672256097560972,2450.0,0.000274390243902,0.45,,-6.47753193727e-18,-6.477527855e-18,2.041134999933462e-24
0.6725304878048746,2451.0,0.000274390243903,0.45,,-6.47753189221e-18,-6.47752790005e-18,1.996080000118599e-24
0.672804878048777,2452.0,0.000274390243902,0.45,,-6.47753184813e-18,-6.47752794413e-18,1.9520000000269662e-24
0.6730792682926794,2453.0,0.000274390243902,0.45,,-6.477531805e-18,-6.47752798726e-18,1.9088699999323274e-24
0.6733536585365818,2454.0,0.000274390243902,0.45,,-6.47753176281e-18,-6.47752802946e-18,1.8666749999219037e-24
0.6736280487804843,2455.0,0.000274390243903,0.45,,-6.47753172152e-18,-6.47752807075e-18,1.8253849997849514e-24
0.6739024390243867,2456.0,0.000274390243902,0.45,,-6.47753168112e-18,-6.47752811115e-18,1.7849849999938776e-24
0.6741768292682891,2457.0,0.000274390243902,0.45,,-6.4775316416e-18,-6.47752815067e-18,1.745464999964853e-24
0.6744512195121916,2458.0,0.000274390243902,0.45,,-6.47753160293e-18,-6.47752818934e-18,1.7067949998723203e-24
0.6747256097560941,2459.0,0.000274390243903,0.45,,-6.4775315651e-18,-6.47752822718e-18,1.668960000188686e-24
0.6749999999999965,2460.0,0.000274390243902,0.45,,-6.47753152808e-18,-6.47752826419e-18,1.6319449998456137e-24
0.6752743902438989,2461.0,0.000274390243902,0.45,,-6.47753149187e-18,-6.4775283004e-18,1.5957350000858824e-24
0.6755487804878013,2462.0,0.000274390243902,0.45,,-6.47753145644e-18,-6.47752833583e-18,1.560305000027698e-24
0.6758231707317037,2463.0,0.000274390243902,0.45,,-6.47753142178e-18,-6.47752837049e-18,1.525644999857603e-24
0.6760975609756062,2464.0,0.000274390243903,0.45,,-6.47753138788e-18,-6.4775284044e-18,1.491740000048005e-24
0.6763719512195087,2465.0,0.000274390243902,0.45,,-6.47753135471e-18,-6.47752843757e-18,1.4585700002016172e-24
0.6766463414634111,2466.0,0.000274390243902,0.45,,-6.47753132226e-18,-6.47752847002e-18,1.4261200000204749e-24
0.6769207317073135,2467.0,0.000274390243902,0.45,,-6.47753129051e-18,-6.47752850176e-18,1.394374999976985e-24
0.677195121951216,2468.0,0.000274390243903,0.45,,-6.47753125945e-18,-6.47752853282e-18,1.3633150000590474e-24
0.6774695121951184,2469.0,0.000274390243902,0.45,,-6.47753122908e-18,-6.4775285632e-18,1.3329399998814757e-24
0.6777439024390208,2470.0,0.000274390243902,0.45,,-6.47753119936e-18,-6.47752859292e-18,1.3032200000038985e-24
0.6780182926829232,2471.0,0.000274390243902,0.45,,-6.47753117029e-18,-6.47752862199e-18,1.2741499999418079e-24
0.6782926829268258,2472.0,0.000274390243903,0.45,,-6.47753114185e-18,-6.47752865043e-18,1.2457099996831036e-24
0.6785670731707282,2473.0,0.000274390243902,0.45,,-6.47753111403e-18,-6.47752867825e-18,1.2178900001847003e-24
0.6788414634146306,2474.0,0.000274390243902,0.45,,-6.47753108682e-18,-6.47752870546e-18,1.1906799997072108e-24
0.679115853658533,2475.0,0.000274390243902,0.45,,-6.4775310602e-18,-6.47752873208e-18,1.1640600001644645e-24
0.6793902439024355,2476.0,0.000274390243903,0.45,,-6.47753103417e-18,-6.47752875811e-18,1.1380300000157175e-24
0.6796646341463379,2477.0,0.000274390243902,0.45,,-6.4775310087e-18,-6.47752878358e-18,1.1125600002057841e-24
0.6799390243902403,2478.0,0.000274390243902,0.45,,-6.47753098379e-18,-6.47752880849e-18,1.0876499999642922e-24
0.6802134146341428,2479.0,0.000274390243902,0.45,,-6.47753095942e-18,-6.47752883286e-18,1.0632800000495134e-24
0.6804878048780452,2480.0,0.000274390243902,0.45,,-6.47753093559e-18,-6.47752885669e-18,1.0394500000762617e-24
0.6807621951219477,2481.0,0.000274390243903,0.45,,-6.47753091228e-18,-6.47752888e-18,1.0161400000324366e-24
0.6810365853658501,2482.0,0.000274390243902,0.45,,-6.47753088948e-18,-6.4775289028e-18,9.933400001045808e-25
0.6813109756097525,2483.0,0.000274390243902,0.45,,-6.47753086718e-18,-6.4775289251e-18,9.71040000094051e-25
0.6815853658536549,2484.0,0.000274390243902,0.45,,-6.47753084537e-18,-6.47752894691e-18,9.492299998022042e-25
0.6818597560975574,2485.0,0.000274390243903,0.45,,-6.47753082404e-18,-6.47752896825e-18,9.278949997014474e-25
0.6821341463414599,2486.0,0.000274390243902,0.45,,-6.47753080317e-18,-6.47752898911e-18,9.070299996924589e-25
0.6824085365853623,2487.0,0.000274390243902,0.45,,-6.47753078277e-18,-6.47752900952e-18,8.866249999617815e-25
0.6826829268292647,2488.0,0.000274390243902,0.45,,-6.47753076281e-18,-6.47752902947e-18,8.666699999255861e-25
0.6829573170731672,2489.0,0.000274390243903,0.45,,-6.47753074329e-18,-6.47752904899e-18,8.471499996710937e-25
0.6832317073170696,2490.0,0.000274390243902,0.45,,-6.4775307242e-18,-6.47752906808e-18,8.280600002545407e-25
0.683506097560972,2491.0,0.000274390243902,0.45,,-6.47753070553e-18,-6.47752908675e-18,8.093899999365398e-25
0.6837804878048744,2492.0,0.000274390243902,0.45,,-6.47753068798e-18,-6.47752910426e-18,7.918600003082665e-25
0.684054878048777,2493.0,0.000274390243903,0.45,,-6.47753067096e-18,-6.47752912128e-18,7.748400000255906e-25
0.6843292682926794,2494.0,0.000274390243902,0.45,,-6.4775306543e-18,-6.47752913794e-18,7.581799999607234e-25
0.6846036585365818,2495.0,0.000274390243902,0.45,,-6.47753063798e-18,-6.47752915426e-18,7.4186000010156445e-25
0.6848780487804842,2496.0,0.000274390243902,0.45,,-6.47753062201e-18,-6.47752917023e-18,7.258900002615709e-25
0.6851524390243866,2497.0,0.000274390243902,0.45,,-6.47753060637e-18,-6.47752918587e-18,7.102500000434564e-25
0.6854268292682891,2498.0,0.000274390243903,0.45,,-6.47753059106e-18,-6.47752920118e-18,6.949400002175929e-25
0.6857012195121915,2499.0,0.000274390243902,0.45,,-6.47753057608e-18,-6.47752921617e-18,6.799549999142867e-25
0.685975609756094,2500.0,0.000274390243902,0.45,,-6.4775305614e-18,-6.47752923084e-18,6.652799999911311e-25
0.6862499999999964,2501.0,0.000274390243902,0.45,,-6.47753054704e-18,-6.47752924521e-18,6.509150000629399e-25
0.6865243902438989,2502.0,0.000274390243903,0.45,,-6.47753053298e-18,-6.47752925927e-18,6.368550000303916e-25
0.6867987804878013,2503.0,0.000274390243902,0.45,,-6.47753051921e-18,-6.47752927303e-18,6.23089999694843e-25
0.6870731707317037,2504.0,0.000274390243902,0.45,,-6.47753050574e-18,-6.47752928651e-18,6.096150001125304e-25
0.6873475609756061,2505.0,0.000274390243902,0.45,,-6.47753049255e-18,-6.4775292997e-18,5.964250000285741e-25
0.6876219512195086,2506.0,0.000274390243903,0.45,,-6.47753047963e-18,-6.47752931262e-18,5.835049999153815e-25
0.687896341463411,2507.0,0.000274390243902,0.45,,-6.47753046699e-18,-6.47752932526e-18,5.708649999715955e-25
0.6881707317073135,2508.0,0.000274390243902,0.45,,-6.47753045462e-18,-6.47752933763e-18,5.584949999985732e-25
0.6884451219512159,2509.0,0.000274390243902,0.45,,-6.47753044251e-18,-6.47752934974e-18,5.463849997976711e-25
0.6887195121951184,2510.0,0.000274390243903,0.45,,-6.47753043065e-18,-6.4775293616e-18,5.34524999940618e-25
0.6889939024390208,2511.0,0.000274390243902,0.45,,-6.47753041905e-18,-6.4775293732e-18,5.229249998556853e-25
0.6892682926829232,2512.0,0.000274390243902,0.45,,-6.47753040769e-18,-6.47752938456e-18,5.115649999159584e-25
0.6895426829268256,2513.0,0.000274390243902,0.45,,-6.47753039657e-18,-6.47752939568e-18,5.004450001214372e-25
0.689817073170728,2514.0,0.000274390243902,0.45,,-6.47753038569e-18,-6.47752940656e-18,4.895649997017499e-25
0.6900914634146306,2515.0,0.000274390243903,0.45,,-6.47753037504e-18,-6.47752941721e-18,4.789149999989972e-25
0.690365853658533,2516.0,0.000274390243902,0.45,,-6.47753036461e-18,-6.47752942764e-18,4.684850000441637e-25
0.6906402439024354,2517.0,0.000274390243902,0.45,,-6.47753035441e-18,-6.47752943784e-18,4.582850000358929e-25
0.6909146341463378,2518.0,0.000274390243902,0.45,,-6.47753034442e-18,-6.47752944783e-18,4.482950003472701e-25
0.6911890243902403,2519.0,0.000274390243903,0.45,,-6.47753033465e-18,-6.47752945761e-18,4.38519999922059e-25
0.6914634146341427,2520.0,0.000274390243902,0.45,,-6.47753032508e-18,-6.47752946717e-18,4.2895499981649605e-25
0.6917378048780451,2521.0,0.000274390243902,0.45,,-6.47753031572e-18,-6.47752947654e-18,4.195900002171239e-25
0.6920121951219476,2522.0,0.000274390243902,0.45,,-6.47753030655e-18,-6.4775294857e-18,4.104249999683846e-25
0.6922865853658501,2523.0,0.000274390243903,0.45,,-6.47753029759e-18,-6.47752949467e-18,4.014599998406501e-25
0.6925609756097525,2524.0,0.000274390243902,0.45,,-6.47753028881e-18,-6.47752950345e-18,3.926799999211416e-25
0.6928353658536549,2525.0,0.000274390243902,0.45,,-6.47753028022e-18,-6.47752951204e-18,3.8408999992399473e-25
0.6931097560975573,2526.0,0.000274390243902,0.45,,-6.47753027181e-18,-6.47752952044e-18,3.756850001350738e-25
0.6933841463414597,2527.0,0.000274390243902,0.45,,-6.47753026359e-18,-6.47752952867e-18,3.6746000006987124e-25
0.6936585365853623,2528.0,0.000274390243903,0.45,,-6.47753025554e-18,-6.47752953672e-18,3.594100000142514e-25
0.6939329268292647,2529.0,0.000274390243902,0.45,,-6.47753024766e-18,-6.4775295446e-18,3.515299998688927e-25
0.6942073170731671,2530.0,0.000274390243902,0.45,,-6.47753023995e-18,-6.47752955231e-18,3.438200000189811e-25
0.6944817073170695,2531.0,0.000274390243902,0.45,,-6.4775302324e-18,-6.47752955986e-18,3.362699998806874e-25
0.694756097560972,2532.0,0.000274390243903,0.45,,-6.47753022502e-18,-6.47752956724e-18,3.2889000003784078e-25
0.6950304878048744,2533.0,0.000274390243902,0.45,,-6.47753021779e-18,-6.47752957447e-18,3.216600000931548e-25
0.6953048780487768,2534.0,0.000274390243902,0.45,,-6.47753021072e-18,-6.47752958154e-18,3.145899998600867e-25
0.6955792682926792,2535.0,0.000274390243902,0.45,,-6.4775302038e-18,-6.47752958846e-18,3.076699999103652e-25
0.6958536585365818,2536.0,0.000274390243903,0.45,,-6.47753019703e-18,-6.47752959523e-18,3.0089999985880437e-25
0.6961280487804842,2537.0,0.000274390243902,0.45,,-6.47753019041e-18,-6.47752960185e-18,2.9428000009059015e-25
0.6964024390243866,2538.0,0.000274390243902,0.45,,-6.47753018393e-18,-6.47752960833e-18,2.878000000218933e-25
0.696676829268289,2539.0,0.000274390243902,0.45,,-6.47753017759e-18,-6.47752961468e-18,2.8145499993857826e-25
0.6969512195121915,2540.0,0.000274390243903,0.45,,-6.47753017138e-18,-6.47752962088e-18,2.752499999399666e-25
0.6972256097560939,2541.0,0.000274390243902,0.45,,-6.47753016531e-18,-6.47752962696e-18,2.6917500021260105e-25
0.6974999999999963,2542.0,0.000274390243902,0.45,,-6.47753015936e-18,-6.4775296329e-18,2.632299999861097e-25
0.6977743902438988,2543.0,0.000274390243902,0.45,,-6.47753015355e-18,-6.47752963871e-18,2.5742000013018606e-25
0.6980487804878012,2544.0,0.000274390243902,0.45,,-6.47753014786e-18,-6.4775296444e-18,2.5172999996167936e-25
0.6983231707317037,2545.0,0.000274390243903,0.45,,-6.4775301423e-18,-6.47752964997e-18,2.4616499996509717e-25
0.6985975609756061,2546.0,0.000274390243902,0.45,,-6.47753013685e-18,-6.47752965541e-18,2.407200000411179e-25
0.6988719512195085,2547.0,0.000274390243902,0.45,,-6.47753013152e-18,-6.47752966074e-18,2.353900000904199e-25
0.6991463414634109,2548.0,0.000274390243902,0.45,,-6.47753012631e-18,-6.47752966595e-18,2.301800002123248e-25
0.6994207317073134,2549.0,0.000274390243903,0.45,,-6.47753012121e-18,-6.47752967105e-18,2.250799998230034e-25
0.6996951219512159,2550.0,0.000274390243902,0.45,,-6.47753011622e-18,-6.47752967604e-18,2.200900000780136e-25
0.6999695121951183,2551.0,0.000274390243902,0.45,,-6.47753011134e-18,-6.47752968092e-18,2.152100002069835e-25
0.7002439024390207,2552.0,0.000274390243902,0.45,,-6.47753010656e-18,-6.4775296857e-18,2.104300000112698e-25
0.7005182926829232,2553.0,0.000274390243903,0.45,,-6.47753010189e-18,-6.47752969037e-18,2.057600000747018e-25
0.7007926829268256,2554.0,0.000274390243902,0.45,,-6.47753009732e-18,-6.47752969494e-18,2.011899998134502e-25
0.701067073170728,2555.0,0.000274390243902,0.45,,-6.47753009285e-18,-6.47752969941e-18,1.96719999997887e-25
0.7013414634146304,2556.0,0.000274390243902,0.45,,-6.47753008848e-18,-6.47752970379e-18,1.9234500014350462e-25
0.701615853658533,2557.0,0.000274390243903,0.45,,-6.4775300842e-18,-6.47752970807e-18,1.8806499986511704e-25
0.7018902439024354,2558.0,0.000274390243902,0.45,,-6.47753008001e-18,-6.47752971226e-18,1.8387499983377464e-25
0.7021646341463378,2559.0,0.000274390243902,0.45,,-6.47753007591e-18,-6.47752971635e-18,1.7977999976361303e-25
0.7024390243902402,2560.0,0.000274390243902,0.45,,-6.47753007191e-18,-6.47752972036e-18,1.757749999404966e-25
0.7027134146341426,2561.0,0.000274390243902,0.45,,-6.47753006799e-18,-6.47752972428e-18,1.7185499987991773e-25
0.7029878048780451,2562.0,0.000274390243903,0.45,,-6.47753006415e-18,-6.47752972811e-18,1.680199999670624e-25
0.7032621951219475,2563.0,0.000274390243902,0.45,,-6.4775300604e-18,-6.47752973186e-18,1.6426999981674466e-25
0.70353658536585,2564.0,0.000274390243902,0.45,,-6.47753005673e-18,-6.47752973553e-18,1.6060000010001483e-25
0.7038109756097524,2565.0,0.000274390243902,0.45,,-6.47753005315e-18,-6.47752973912e-18,1.5701500014582256e-25
0.7040853658536549,2566.0,0.000274390243903,0.45,,-6.47753004964e-18,-6.47752974263e-18,1.5350500014071062e-25
0.7043597560975573,2567.0,0.000274390243902,0.45,,-6.4775300462e-18,-6.47752974606e-18,1.5007000008467898e-25
0.7046341463414597,2568.0,0.000274390243902,0.45,,-6.47753004284e-18,-6.47752974942e-18,1.4670999997772767e-25
0.7049085365853621,2569.0,0.000274390243902,0.45,,-6.47753003956e-18,-6.47752975271e-18,1.4342499981985667e-25
0.7051829268292646,2570.0,0.000274390243903,0.45,,-6.47753003635e-18,-6.47752975592e-18,1.4021499999625198e-25
0.7054573170731671,2571.0,0.000274390243902,0.45,,-6.4775300332e-18,-6.47752975906e-18,1.3706999992308436e-25
0.7057317073170695,2572.0,0.000274390243902,0.45,,-6.47753003013e-18,-6.47752976214e-18,1.3399500008486144e-25
0.7060060975609719,2573.0,0.000274390243902,0.45,,-6.47753002712e-18,-6.47752976515e-18,1.309849999970756e-25
0.7062804878048744,2574.0,0.000274390243903,0.45,,-6.47753002418e-18,-6.47752976809e-18,1.2804500014423443e-25
0.7065548780487768,2575.0,0.000274390243902,0.45,,-6.47753002131e-18,-6.47752977096e-18,1.2517500014115197e-25
0.7068292682926792,2576.0,0.000274390243902,0.45,,-6.47753001849e-18,-6.47752977378e-18,1.2235499997572773e-25
0.7071036585365816,2577.0,0.000274390243902,0.45,,-6.47753001574e-18,-6.47752977653e-18,1.1960500004524817e-25
0.707378048780484,2578.0,0.000274390243902,0.45,,-6.47753001305e-18,-6.47752977922e-18,1.1691500015107007e-25
0.7076524390243866,2579.0,0.000274390243903,0.45,,-6.47753001042e-18,-6.47752978185e-18,1.1428499990800742e-25
0.707926829268289,2580.0,0.000274390243902,0.45,,-6.47753000784e-18,-6.47752978442e-18,1.117099999871106e-25
0.7082012195121914,2581.0,0.000274390243902,0.45,,-6.47753000533e-18,-6.47752978694e-18,1.0919500010251523e-25
0.7084756097560938,2582.0,0.000274390243902,0.45,,-6.47753000289e-18,-6.47752978937e-18,1.067599998811358e-25
0.7087499999999963,2583.0,0.000274390243903,0.45,,-6.47753000059e-18,-6.47752979166e-18,1.0446499974445976e-25
0.7090243902438987,2584.0,0.000274390243902,0.45,,-6.47752999835e-18,-6.47752979391e-18,1.0221999983062793e-25
0.7092987804878012,2585.0,0.000274390243902,0.45,,-6.47752999615e-18,-6.4775297961e-18,1.000250001396403e-25
0.7095731707317036,2586.0,0.000274390243902,0.45,,-6.477529994e-18,-6.47752979826e-18,9.787000008766764e-26
0.7098475609756061,2587.0,0.000274390243903,0.45,,-6.47752999189e-18,-6.47752980037e-18,9.576000015921757e-26
0.7101219512195085,2588.0,0.000274390243902,0.45,,-6.47752998983e-18,-6.47752980243e-18,9.370000006842572e-26
0.7103963414634109,2589.0,0.000274390243902,0.45,,-6.47752998781e-18,-6.47752980445e-18,9.168000000183483e-26
0.7106707317073133,2590.0,0.000274390243902,0.45,,-6.47752998583e-18,-6.47752980643e-18,8.969999995944492e-26
0.7109451219512158,2591.0,0.000274390243903,0.45,,-6.47752998389e-18,-6.47752980836e-18,8.776500004057758e-26
0.7112195121951183,2592.0,0.000274390243902,0.45,,-6.477529982e-18,-6.47752981026e-18,8.587000014591122e-26
0.7114939024390207,2593.0,0.000274390243902,0.45,,-6.47752998014e-18,-6.47752981211e-18,8.401500027544582e-26
0.7117682926829231,2594.0,0.000274390243902,0.45,,-6.47752997833e-18,-6.47752981393e-18,8.22000000439954e-26
0.7120426829268255,2595.0,0.000274390243902,0.45,,-6.47752997655e-18,-6.47752981571e-18,8.042000012261032e-26
0.712317073170728,2596.0,0.000274390243903,0.45,,-6.47752997481e-18,-6.47752981745e-18,7.867999984024021e-26
0.7125914634146304,2597.0,0.000274390243902,0.45,,-6.47752997311e-18,-6.47752981915e-18,7.697999996725707e-26
0.7128658536585328,2598.0,0.000274390243902,0.45,,-6.47752997144e-18,-6.47752982082e-18,7.530999991983165e-26
0.7131402439024352,2599.0,0.000274390243902,0.45,,-6.47752996981e-18,-6.47752982245e-18,7.36799998966072e-26
0.7134146341463378,2600.0,0.000274390243903,0.45,,-6.47752996821e-18,-6.47752982405e-18,7.208000008412647e-26
0.7136890243902402,2601.0,0.000274390243902,0.45,,-6.47752996664e-18,-6.47752982561e-18,7.05150001965251e-26
0.7139634146341426,2602.0,0.000274390243902,0.45,,-6.47752996511e-18,-6.47752982714e-18,6.898499984861708e-26
0.714237804878045,2603.0,0.000274390243902,0.45,,-6.47752996362e-18,-6.47752982864e-18,6.749000019596038e-26
0.7145121951219475,2604.0,0.000274390243903,0.45,,-6.47752996215e-18,-6.47752983011e-18,6.601999988435382e-26
0.7147865853658499,2605.0,0.000274390243902,0.45,,-6.47752996071e-18,-6.47752983154e-18,6.458500026799857e-26
0.7150609756097523,2606.0,0.000274390243902,0.45,,-6.47752995931e-18,-6.47752983295e-18,6.318000009201508e-26
0.7153353658536548,2607.0,0.000274390243902,0.45,,-6.47752995793e-18,-6.47752983433e-18,6.180000002745368e-26
0.7156097560975573,2608.0,0.000274390243903,0.45,,-6.47752995659e-18,-6.47752983567e-18,6.045999998709325e-26
0.7158841463414597,2609.0,0.000274390243902,0.45,,-6.47752995527e-18,-6.47752983699e-18,5.91399999588333e-26
0.7161585365853621,2610.0,0.000274390243902,0.45,,-6.47752995398e-18,-6.47752983828e-18,5.784999975613109e-26
0.7164329268292645,2611.0,0.000274390243902,0.45,,-6.47752995272e-18,-6.47752983954e-18,5.659000014935858e-26
0.7167073170731669,2612.0,0.000274390243902,0.45,,-6.47752995148e-18,-6.47752984078e-18,5.535000016950057e-26
0.7169817073170694,2613.0,0.000274390243903,0.45,,-6.47752995027e-18,-6.47752984199e-18,5.414000001520029e-26
0.7172560975609719,2614.0,0.000274390243902,0.45,,-6.47752994909e-18,-6.47752984317e-18,5.296000007164373e-26
0.7175304878048743,2615.0,0.000274390243902,0.45,,-6.47752994793e-18,-6.47752984433e-18,5.179999975500167e-26
0.7178048780487767,2616.0,0.000274390243902,0.45,,-6.4775299468e-18,-6.47752984546e-18,5.067000003428931e-26
0.7180792682926792,2617.0,0.000274390243903,0.45,,-6.47752994569e-18,-6.47752984657e-18,4.955999994049145e-26
0.7183536585365816,2618.0,0.000274390243902,0.45,,-6.47752994461e-18,-6.47752984765e-18,4.848000005743731e-26
0.718628048780484,2619.0,0.000274390243902,0.45,,-6.47752994354e-18,-6.47752984872e-18,4.7409999987840414e-26
0.7189024390243864,2620.0,0.000274390243902,0.45,,-6.4775299425e-18,-6.47752984976e-18,4.637000012898724e-26
0.719176829268289,2621.0,0.000274390243903,0.45,,-6.47752994149e-18,-6.47752985077e-18,4.53600000956918e-26
0.7194512195121914,2622.0,0.000274390243902,0.45,,-6.47752994049e-18,-6.47752985177e-18,4.43599998758536e-26
0.7197256097560938,2623.0,0.000274390243902,0.45,,-6.47752993952e-18,-6.47752985274e-18,4.3389999866759126e-26
0.7199999999999962,2624.0,0.000274390243902,0.45,,-6.47752993857e-18,-6.4775298537e-18,4.2434999770443516e-26
0.7202743902438987,2625.0,0.000274390243903,0.45,,-6.47752993763e-18,-6.47752985463e-18,4.150000007141438e-26
0.7205487804878011,2626.0,0.000274390243902,0.45,,-6.47752993672e-18,-6.47752985554e-18,4.0590000098621354e-26
0.7208231707317035,2627.0,0.000274390243902,0.45,,-6.47752993583e-18,-6.47752985643e-18,3.9699999752742824e-26
0.721097560975606,2628.0,0.000274390243902,0.45,,-6.47752993495e-18,-6.47752985731e-18,3.881999999069352e-26
0.7213719512195084,2629.0,0.000274390243902,0.45,,-6.4775299341e-18,-6.47752985816e-18,3.7970000054201946e-26
0.7216463414634109,2630.0,0.000274390243903,0.45,,-6.47752993326e-18,-6.477529859e-18,3.712999993116762e-26
0.7219207317073133,2631.0,0.000274390243902,0.45,,-6.47752993244e-18,-6.47752985982e-18,3.6310000205419767e-26
0.7221951219512157,2632.0,0.000274390243902,0.45,,-6.47752993164e-18,-6.47752986062e-18,3.551000010658641e-26
0.7224695121951181,2633.0,0.000274390243902,0.45,,-6.47752993086e-18,-6.4775298614e-18,3.4730000019853533e-26
0.7227439024390206,2634.0,0.000274390243903,0.45,,-6.47752993009e-18,-6.47752986217e-18,3.3960000131763894e-26
0.7230182926829231,2635.0,0.000274390243902,0.45,,-6.47752992934e-18,-6.47752986292e-18,3.320999987058875e-26
0.7232926829268255,2636.0,0.000274390243902,0.45,,-6.47752992861e-18,-6.47752986366e-18,3.247499990737846e-26
0.7235670731707279,2637.0,0.000274390243902,0.45,,-6.47752992789e-18,-6.47752986437e-18,3.1759999956268655e-26
0.7238414634146304,2638.0,0.000274390243903,0.45,,-6.47752992719e-18,-6.47752986508e-18,3.1055000203802085e-26
0.7241158536585328,2639.0,0.000274390243902,0.45,,-6.4775299265e-18,-6.47752986576e-18,3.037000007825001e-26
0.7243902439024352,2640.0,0.000274390243902,0.45,,-6.47752992583e-18,-6.47752986644e-18,2.969500015134117e-26
0.7246646341463376,2641.0,0.000274390243902,0.45,,-6.47752992517e-18,-6.4775298671e-18,2.90350001372112e-26
0.7249390243902402,2642.0,0.000274390243903,0.45,,-6.47752992452e-18,-6.47752986774e-18,2.839000003586009e-26
0.7252134146341426,2643.0,0.000274390243902,0.45,,-6.47752992389e-18,-6.47752986837e-18,2.775999984728785e-26
0.725487804878045,2644.0,0.000274390243902,0.45,,-6.47752992328e-18,-6.47752986899e-18,2.7144999956680463e-26
0.7257621951219474,2645.0,0.000274390243902,0.45,,-6.47752992267e-18,-6.47752986959e-18,2.6539999879530323e-26
0.7260365853658498,2646.0,0.000274390243902,0.45,,-6.47752992208e-18,-6.47752987018e-18,2.595000010034504e-26
0.7263109756097523,2647.0,0.000274390243903,0.45,,-6.47752992151e-18,-6.47752987076e-18,2.537499984875263e-26
0.7265853658536547,2648.0,0.000274390243902,0.45,,-6.47752992094e-18,-6.47752987132e-18,2.4809999795803456e-26
0.7268597560975572,2649.0,0.000274390243902,0.45,,-6.47752992039e-18,-6.47752987187e-18,2.4260000040819138e-26
0.7271341463414596,2650.0,0.000274390243902,0.45,,-6.47752991985e-18,-6.47752987241e-18,2.3720000099292067e-26
0.7274085365853621,2651.0,0.000274390243903,0.45,,-6.47752991932e-18,-6.47752987294e-18,2.3189999971222244e-26
0.7276829268292645,2652.0,0.000274390243902,0.45,,-6.4775299188e-18,-6.47752987346e-18,2.2670000041795657e-26
0.7279573170731669,2653.0,0.000274390243902,0.45,,-6.4775299183e-18,-6.47752987396e-18,2.2170000124469553e-26
0.7282317073170693,2654.0,0.000274390243902,0.45,,-6.4775299178e-18,-6.47752987446e-18,2.166999982195746e-26
0.7285060975609718,2655.0,0.000274390243903,0.45,,-6.47752991732e-18,-6.47752987494e-18,2.1189999916731842e-26
0.7287804878048743,2656.0,0.000274390243902,0.45,,-6.47752991685e-18,-6.47752987542e-18,2.071500011082784e-26
0.7290548780487767,2657.0,0.000274390243902,0.45,,-6.47752991638e-18,-6.47752987588e-18,2.0250000118381086e-26
0.7293292682926791,2658.0,0.000274390243902,0.45,,-6.47752991593e-18,-6.47752987633e-18,1.9800000038713197e-26
0.7296036585365816,2659.0,0.000274390243903,0.45,,-6.47752991549e-18,-6.47752987678e-18,1.9355000058366927e-26
0.729878048780484,2660.0,0.000274390243902,0.45,,-6.47752991505e-18,-6.47752987721e-18,1.8919999891477904e-26
0.7301524390243864,2661.0,0.000274390243902,0.45,,-6.47752991463e-18,-6.47752987763e-18,1.8500000022553735e-26
0.7304268292682888,2662.0,0.000274390243902,0.45,,-6.47752991422e-18,-6.47752987805e-18,1.8084999867765196e-26
0.7307012195121912,2663.0,0.000274390243902,0.45,,-6.47752991381e-18,-6.47752987845e-18,1.7679999911619893e-26
0.7309756097560938,2664.0,0.000274390243903,0.45,,-6.47752991341e-18,-6.47752987885e-18,1.7280000054796208e-26
0.7312499999999962,2665.0,0.000274390243902,0.45,,-6.47752991303e-18,-6.47752987924e-18,1.689500011075139e-26
0.7315243902438986,2666.0,0.000274390243902,0.45,,-6.47752991265e-18,-6.47752987962e-18,1.6514999880842199e-26
0.731798780487801,2667.0,0.000274390243902,0.45,,-6.47752991228e-18,-6.47752987999e-18,1.6144999849576245e-26
0.7320731707317035,2668.0,0.000274390243903,0.45,,-6.47752991191e-18,-6.47752988035e-18,1.577999991763191e-26
0.7323475609756059,2669.0,0.000274390243902,0.45,,-6.47752991156e-18,-6.47752988071e-18,1.542500018433081e-26
0.7326219512195083,2670.0,0.000274390243902,0.45,,-6.47752991121e-18,-6.47752988105e-18,1.507999987930097e-26
0.7328963414634108,2671.0,0.000274390243902,0.45,,-6.47752991087e-18,-6.47752988139e-18,1.4740000058778735e-26
0.7331707317073133,2672.0,0.000274390243903,0.45,,-6.47752991054e-18,-6.47752988172e-18,1.4410000051713748e-26
0.7334451219512157,2673.0,0.000274390243902,0.45,,-6.47752991022e-18,-6.47752988204e-18,1.4090000243291998e-26
0.7337195121951181,2674.0,0.000274390243902,0.45,,-6.47752990992e-18,-6.47752988234e-18,1.3790000061784743e-26
0.7339939024390205,2675.0,0.000274390243902,0.45,,-6.47752990962e-18,-6.47752988264e-18,1.3489999880277488e-26
0.7342682926829229,2676.0,0.000274390243902,0.45,,-6.47752990933e-18,-6.47752988293e-18,1.319999989741347e-26
0.7345426829268255,2677.0,0.000274390243903,0.45,,-6.47752990905e-18,-6.47752988321e-18,1.2920000113192686e-26
0.7348170731707279,2678.0,0.000274390243902,0.45,,-6.47752990877e-18,-6.47752988349e-18,1.2639999943785914e-26
0.7350914634146303,2679.0,0.000274390243902,0.45,,-6.4775299085e-18,-6.47752988376e-18,1.2369999973022379e-26
0.7353658536585327,2680.0,0.000274390243902,0.45,,-6.47752990823e-18,-6.47752988403e-18,1.2100000002258843e-26
0.7356402439024352,2681.0,0.000274390243903,0.45,,-6.47752990797e-18,-6.47752988429e-18,1.1840000230138544e-26
0.7359146341463376,2682.0,0.000274390243902,0.45,,-6.47752990772e-18,-6.47752988454e-18,1.1589999886289504e-26
0.73618902439024,2683.0,0.000274390243902,0.45,,-6.47752990747e-18,-6.47752988479e-18,1.1339999927626452e-26
0.7364634146341424,2684.0,0.000274390243902,0.45,,-6.47752990722e-18,-6.47752988504e-18,1.10899999689634e-26
0.736737804878045,2685.0,0.000274390243903,0.45,,-6.47752990698e-18,-6.47752988528e-18,1.0849999823757596e-26
0.7370121951219474,2686.0,0.000274390243902,0.45,,-6.47752990675e-18,-6.47752988551e-18,1.0619999877195028e-26
0.7372865853658498,2687.0,0.000274390243902,0.45,,-6.47752990652e-18,-6.47752988574e-18,1.038999993063246e-26
0.7375609756097522,2688.0,0.000274390243902,0.45,,-6.47752990629e-18,-6.47752988597e-18,1.0159999984069892e-26
0.7378353658536547,2689.0,0.000274390243903,0.45,,-6.47752990607e-18,-6.47752988619e-18,9.94000023615056e-27
0.7381097560975571,2690.0,0.000274390243902,0.45,,-6.47752990586e-18,-6.4775298864e-18,9.729999916502487e-27
0.7383841463414595,2691.0,0.000274390243902,0.45,,-6.47752990565e-18,-6.47752988661e-18,9.519999982040403e-27
0.738658536585362,2692.0,0.000274390243902,0.45,,-6.47752990544e-18,-6.47752988682e-18,9.310000047578319e-27
0.7389329268292644,2693.0,0.000274390243902,0.45,,-6.47752990524e-18,-6.47752988702e-18,9.109999926573482e-27
0.7392073170731669,2694.0,0.000274390243903,0.45,,-6.47752990504e-18,-6.47752988722e-18,8.909999805568645e-27
0.7394817073170693,2695.0,0.000274390243902,0.45,,-6.47752990485e-18,-6.47752988741e-18,8.719999883207044e-27
0.7397560975609717,2696.0,0.000274390243902,0.45,,-6.47752990466e-18,-6.4775298876e-18,8.529999960845444e-27
0.7400304878048741,2697.0,0.000274390243902,0.45,,-6.47752990447e-18,-6.47752988779e-18,8.340000038483843e-27
0.7403048780487766,2698.0,0.000274390243903,0.45,,-6.47752990429e-18,-6.47752988797e-18,8.15999992957949e-27
0.7405792682926791,2699.0,0.000274390243902,0.45,,-6.47752990411e-18,-6.47752988815e-18,7.979999820675137e-27
0.7408536585365815,2700.0,0.000274390243902,0.45,,-6.47752990394e-18,-6.47752988832e-18,7.80999991041402e-27
0.7411280487804839,2701.0,0.000274390243902,0.45,,-6.47752990377e-18,-6.47752988849e-18,7.640000000152903e-27
0.7414024390243864,2702.0,0.000274390243903,0.45,,-6.4775299036e-18,-6.47752988866e-18,7.470000089891786e-27
0.7416768292682888,2703.0,0.000274390243902,0.45,,-6.47752990344e-18,-6.47752988882e-18,7.309999993087916e-27
0.7419512195121912,2704.0,0.000274390243902,0.45,,-6.47752990328e-18,-6.47752988898e-18,7.149999896284047e-27
0.7422256097560936,2705.0,0.000274390243902,0.45,,-6.47752990312e-18,-6.47752988914e-18,6.990000184666166e-27
0.7424999999999962,2706.0,0.000274390243903,0.45,,-6.47752990297e-18,-6.47752988929e-18,6.839999901319544e-27
0.7427743902438986,2707.0,0.000274390243902,0.45,,-6.47752990282e-18,-6.47752988944e-18,6.690000003158911e-27
0.743048780487801,2708.0,0.000274390243902,0.45,,-6.47752990267e-18,-6.47752988959e-18,6.540000104998278e-27
0.7433231707317034,2709.0,0.000274390243902,0.45,,-6.47752990253e-18,-6.47752988973e-18,6.400000020294892e-27
0.7435975609756058,2710.0,0.000274390243902,0.45,,-6.47752990239e-18,-6.47752988987e-18,6.259999935591506e-27
0.7438719512195083,2711.0,0.000274390243903,0.45,,-6.47752990225e-18,-6.47752989001e-18,6.11999985088812e-27
0.7441463414634107,2712.0,0.000274390243902,0.45,,-6.47752990212e-18,-6.47752989014e-18,5.989999964827971e-27
0.7444207317073132,2713.0,0.000274390243902,0.45,,-6.47752990199e-18,-6.47752989027e-18,5.860000078767821e-27
0.7446951219512156,2714.0,0.000274390243902,0.45,,-6.47752990186e-18,-6.4775298904e-18,5.729999807521683e-27
0.7449695121951181,2715.0,0.000274390243903,0.45,,-6.47752990173e-18,-6.47752989053e-18,5.599999921461533e-27
0.7452439024390205,2716.0,0.000274390243902,0.45,,-6.47752990161e-18,-6.47752989065e-18,5.48000023404462e-27
0.7455182926829229,2717.0,0.000274390243902,0.45,,-6.47752990149e-18,-6.47752989077e-18,5.360000161441718e-27
0.7457926829268253,2718.0,0.000274390243902,0.45,,-6.47752990137e-18,-6.47752989089e-18,5.2400000888388156e-27
0.7460670731707278,2719.0,0.000274390243903,0.45,,-6.47752990126e-18,-6.477529891e-18,5.13000021487915e-27
0.7463414634146303,2720.0,0.000274390243902,0.45,,-6.47752990114e-18,-6.47752989112e-18,5.0100001422762476e-27
0.7466158536585327,2721.0,0.000274390243902,0.45,,-6.47752990103e-18,-6.47752989123e-18,4.899999883130593e-27
0.7468902439024351,2722.0,0.000274390243902,0.45,,-6.47752990093e-18,-6.47752989134e-18,4.795000108492545e-27
0.7471646341463376,2723.0,0.000274390243903,0.45,,-6.47752990082e-18,-6.47752989144e-18,4.6899999486685086e-27
0.74743902439024,2724.0,0.000274390243902,0.45,,-6.47752990072e-18,-6.47752989154e-18,4.58999988816609e-27
0.7477134146341424,2725.0,0.000274390243902,0.45,,-6.47752990062e-18,-6.47752989165e-18,4.4850001135280424e-27
0.7479878048780448,2726.0,0.000274390243902,0.45,,-6.47752990052e-18,-6.47752989174e-18,4.390000152347242e-27
0.7482621951219472,2727.0,0.000274390243902,0.45,,-6.47752990042e-18,-6.47752989184e-18,4.290000091844824e-27
0.7485365853658498,2728.0,0.000274390243903,0.45,,-6.47752990032e-18,-6.47752989194e-18,4.190000031342405e-27
0.7488109756097522,2729.0,0.000274390243902,0.45,,-6.47752990023e-18,-6.47752989203e-18,4.099999784297234e-27
0.7490853658536546,2730.0,0.000274390243902,0.45,,-6.47752990014e-18,-6.47752989212e-18,4.009999922438052e-27
0.749359756097557,2731.0,0.000274390243902,0.45,,-6.47752990005e-18,-6.47752989221e-18,3.92000006057887e-27
0.7496341463414595,2732.0,0.000274390243903,0.45,,-6.47752989997e-18,-6.4775298923e-18,3.834999912855317e-27
0.7499085365853619,2733.0,0.000274390243902,0.45,,-6.47752989988e-18,-6.47752989238e-18,3.749999765131764e-27
0.7501829268292644,2734.0,0.000274390243902,0.45,,-6.4775298998e-18,-6.47752989246e-18,3.670000101915818e-27
0.7504573170731668,2735.0,0.000274390243902,0.45,,-6.47752989972e-18,-6.47752989255e-18,3.584999954192265e-27
0.7507317073170693,2736.0,0.000274390243903,0.45,,-6.47752989964e-18,-6.47752989262e-18,3.510000005111949e-27
0.7510060975609717,2737.0,0.000274390243902,0.45,,-6.47752989956e-18,-6.4775298927e-18,3.429999956710014e-27
0.7512804878048741,2738.0,0.000274390243902,0.45,,-6.47752989948e-18,-6.47752989278e-18,3.349999908308079e-27
0.7515548780487765,2739.0,0.000274390243902,0.45,,-6.47752989941e-18,-6.47752989285e-18,3.280000058549381e-27
0.751829268292679,2740.0,0.000274390243903,0.45,,-6.47752989934e-18,-6.47752989293e-18,3.205000109469064e-27
0.7521036585365815,2741.0,0.000274390243902,0.45,,-6.47752989926e-18,-6.477529893e-18,3.1299997752027586e-27
0.7523780487804839,2742.0,0.000274390243902,0.45,,-6.47752989919e-18,-6.47752989307e-18,3.05999992544406e-27
0.7526524390243863,2743.0,0.000274390243902,0.45,,-6.47752989913e-18,-6.47752989314e-18,2.994999789820991e-27
0.7529268292682887,2744.0,0.000274390243902,0.45,,-6.47752989906e-18,-6.4775298932e-18,2.9300000393839106e-27
0.7532012195121912,2745.0,0.000274390243903,0.45,,-6.47752989899e-18,-6.47752989327e-18,2.8599998044392232e-27
0.7534756097560936,2746.0,0.000274390243902,0.45,,-6.47752989893e-18,-6.47752989333e-18,2.800000153323761e-27
0.753749999999996,2747.0,0.000274390243902,0.45,,-6.47752989887e-18,-6.47752989339e-18,2.74000011702231e-27
0.7540243902438984,2748.0,0.000274390243902,0.45,,-6.47752989881e-18,-6.47752989346e-18,2.6749999813992407e-27
0.754298780487801,2749.0,0.000274390243903,0.45,,-6.47752989875e-18,-6.47752989352e-18,2.6149999450977897e-27
0.7545731707317034,2750.0,0.000274390243902,0.45,,-6.47752989869e-18,-6.47752989357e-18,2.5600000081179567e-27
0.7548475609756058,2751.0,0.000274390243902,0.45,,-6.47752989863e-18,-6.47752989363e-18,2.4999999718165057e-27
0.7551219512195082,2752.0,0.000274390243902,0.45,,-6.47752989858e-18,-6.47752989369e-18,2.4450000348366727e-27
0.7553963414634107,2753.0,0.000274390243903,0.45,,-6.47752989852e-18,-6.47752989374e-18,2.3900000978568398e-27
0.7556707317073131,2754.0,0.000274390243902,0.45,,-6.47752989847e-18,-6.47752989379e-18,2.339999875012636e-27
0.7559451219512155,2755.0,0.000274390243902,0.45,,-6.47752989841e-18,-6.47752989385e-18,2.279999838711185e-27
0.756219512195118,2756.0,0.000274390243902,0.45,,-6.47752989836e-18,-6.4775298939e-18,2.2300000010529703e-27
0.7564939024390205,2757.0,0.000274390243903,0.45,,-6.47752989831e-18,-6.47752989395e-18,2.1800001633947555e-27
0.7567682926829229,2758.0,0.000274390243902,0.45,,-6.47752989826e-18,-6.477529894e-18,2.129999940550552e-27
0.7570426829268253,2759.0,0.000274390243902,0.45,,-6.47752989822e-18,-6.47752989405e-18,2.0850002022139552e-27
0.7573170731707277,2760.0,0.000274390243902,0.45,,-6.47752989817e-18,-6.47752989409e-18,2.0400000786913697e-27
0.7575914634146301,2761.0,0.000274390243902,0.45,,-6.47752989812e-18,-6.47752989414e-18,1.990000241033155e-27
0.7578658536585327,2762.0,0.000274390243903,0.45,,-6.47752989808e-18,-6.47752989418e-18,1.9500002168321875e-27
0.7581402439024351,2763.0,0.000274390243902,0.45,,-6.47752989804e-18,-6.47752989423e-18,1.905000093309602e-27
0.7584146341463375,2764.0,0.000274390243902,0.45,,-6.47752989799e-18,-6.47752989427e-18,1.8599999697870165e-27
0.7586890243902399,2765.0,0.000274390243902,0.45,,-6.47752989795e-18,-6.47752989431e-18,1.819999945586049e-27
0.7589634146341424,2766.0,0.000274390243903,0.45,,-6.47752989791e-18,-6.47752989435e-18,1.7799999213850817e-27
0.7592378048780448,2767.0,0.000274390243902,0.45,,-6.47752989788e-18,-6.47752989438e-18,1.7500000958273506e-27
0.7595121951219472,2768.0,0.000274390243902,0.45,,-6.47752989784e-18,-6.47752989442e-18,1.7100000716263833e-27
0.7597865853658496,2769.0,0.000274390243902,0.45,,-6.4775298978e-18,-6.47752989446e-18,1.670000047425416e-27
0.7600609756097522,2770.0,0.000274390243903,0.45,,-6.47752989777e-18,-6.47752989449e-18,1.6400002218676848e-27
0.7603353658536546,2771.0,0.000274390243902,0.45,,-6.47752989773e-18,-6.47752989453e-18,1.6000001976667174e-27
0.760609756097557,2772.0,0.000274390243902,0.45,,-6.4775298977e-18,-6.47752989456e-18,1.5699999869229974e-27
0.7608841463414594,2773.0,0.000274390243902,0.45,,-6.47752989766e-18,-6.4775298946e-18,1.52999996272203e-27
0.7611585365853619,2774.0,0.000274390243903,0.45,,-6.47752989763e-18,-6.47752989463e-18,1.49999975197831e-27
0.7614329268292643,2775.0,0.000274390243902,0.45,,-6.4775298976e-18,-6.47752989466e-18,1.469999926420579e-27
0.7617073170731667,2776.0,0.000274390243902,0.45,,-6.47752989757e-18,-6.47752989469e-18,1.4400001008628479e-27
0.7619817073170692,2777.0,0.000274390243902,0.45,,-6.47752989753e-18,-6.47752989473e-18,1.4000000766618805e-27
0.7622560975609716,2778.0,0.000274390243902,0.45,,-6.4775298975e-18,-6.47752989476e-18,1.3700002511041494e-27
0.7625304878048741,2779.0,0.000274390243903,0.45,,-6.47752989747e-18,-6.47752989479e-18,1.3400000403604294e-27
0.7628048780487765,2780.0,0.000274390243902,0.45,,-6.47752989745e-18,-6.47752989482e-18,1.3149999289383276e-27
0.7630792682926789,2781.0,0.000274390243902,0.45,,-6.47752989742e-18,-6.47752989484e-18,1.2900002027022147e-27
0.7633536585365813,2782.0,0.000274390243902,0.45,,-6.47752989739e-18,-6.47752989487e-18,1.2599999919584947e-27
0.7636280487804838,2783.0,0.000274390243903,0.45,,-6.47752989736e-18,-6.4775298949e-18,1.2299997812147747e-27
0.7639024390243863,2784.0,0.000274390243902,0.45,,-6.47752989734e-18,-6.47752989493e-18,1.2050000549786618e-27
0.7641768292682887,2785.0,0.000274390243902,0.45,,-6.47752989731e-18,-6.47752989495e-18,1.17999994355656e-27
0.7644512195121911,2786.0,0.000274390243902,0.45,,-6.47752989728e-18,-6.47752989498e-18,1.1500001179988288e-27
0.7647256097560936,2787.0,0.000274390243903,0.45,,-6.47752989726e-18,-6.477529895e-18,1.1300001058983451e-27
0.764999999999996,2788.0,0.000274390243902,0.45,,-6.47752989723e-18,-6.47752989503e-18,1.0999998951546252e-27
0.7652743902438984,2789.0,0.000274390243902,0.45,,-6.47752989721e-18,-6.47752989505e-18,1.0799998830541415e-27
0.7655487804878008,2790.0,0.000274390243902,0.45,,-6.47752989719e-18,-6.47752989507e-18,1.0599998709536578e-27
0.7658231707317034,2791.0,0.000274390243903,0.45,,-6.47752989716e-18,-6.4775298951e-18,1.0300000453959267e-27
0.7660975609756058,2792.0,0.000274390243902,0.45,,-6.47752989714e-18,-6.47752989512e-18,1.010000033295443e-27
0.7663719512195082,2793.0,0.000274390243902,0.45,,-6.47752989712e-18,-6.47752989514e-18,9.900000211949593e-28
0.7666463414634106,2794.0,0.000274390243902,0.45,,-6.4775298971e-18,-6.47752989516e-18,9.700000090944756e-28
0.766920731707313,2795.0,0.000274390243902,0.45,,-6.47752989708e-18,-6.47752989518e-18,9.49999996993992e-28
0.7671951219512155,2796.0,0.000274390243903,0.45,,-6.47752989706e-18,-6.4775298952e-18,9.299999848935082e-28
0.7674695121951179,2797.0,0.000274390243902,0.45,,-6.47752989704e-18,-6.47752989523e-18,9.049998734714064e-28
0.7677439024390204,2798.0,0.000274390243902,0.45,,-6.47752989702e-18,-6.47752989524e-18,8.899999606925409e-28
0.7680182926829228,2799.0,0.000274390243902,0.45,,-6.477529897e-18,-6.47752989526e-18,8.699999485920572e-28
0.7682926829268253,2800.0,0.000274390243903,0.45,,-6.47752989698e-18,-6.47752989528e-18,8.499999364915735e-28
0.7685670731707277,2801.0,0.000274390243902,0.45,,-6.47752989696e-18,-6.4775298953e-18,8.299999243910898e-28
0.7688414634146301,2802.0,0.000274390243902,0.45,,-6.47752989694e-18,-6.47752989532e-18,8.099999122906061e-28
0.7691158536585325,2803.0,0.000274390243902,0.45,,-6.47752989692e-18,-6.47752989534e-18,7.899999001901224e-28
0.769390243902435,2804.0,0.000274390243903,0.45,,-6.47752989691e-18,-6.47752989536e-18,7.749999874112569e-28
0.7696646341463375,2805.0,0.000274390243902,0.45,,-6.47752989689e-18,-6.47752989537e-18,7.600000746323913e-28
0.7699390243902399,2806.0,0.000274390243902,0.45,,-6.47752989687e-18,-6.47752989539e-18,7.400000625319076e-28
0.7702134146341423,2807.0,0.000274390243902,0.45,,-6.47752989686e-18,-6.4775298954e-18,7.2999986388867135e-28
0.7704878048780447,2808.0,0.000274390243902,0.45,,-6.47752989684e-18,-6.47752989542e-18,7.100002369741765e-28
0.7707621951219472,2809.0,0.000274390243903,0.45,,-6.47752989682e-18,-6.47752989544e-18,6.89999839687704e-28
0.7710365853658496,2810.0,0.000274390243902,0.45,,-6.47752989681e-18,-6.47752989545e-18,6.800000262304566e-28
0.771310975609752,2811.0,0.000274390243902,0.45,,-6.47752989679e-18,-6.47752989547e-18,6.600000141299729e-28
0.7715853658536544,2812.0,0.000274390243902,0.45,,-6.47752989678e-18,-6.47752989548e-18,6.499998154867366e-28
0.771859756097557,2813.0,0.000274390243903,0.45,,-6.47752989677e-18,-6.4775298955e-18,6.34999902707871e-28
0.7721341463414594,2814.0,0.000274390243902,0.45,,-6.47752989675e-18,-6.47752989551e-18,6.199999899290055e-28
0.7724085365853618,2815.0,0.000274390243902,0.45,,-6.47752989674e-18,-6.47752989552e-18,6.099997912857692e-28
0.7726829268292642,2816.0,0.000274390243902,0.45,,-6.47752989672e-18,-6.47752989554e-18,5.900001643712744e-28
0.7729573170731667,2817.0,0.000274390243903,0.45,,-6.47752989671e-18,-6.47752989555e-18,5.799999657280381e-28
0.7732317073170691,2818.0,0.000274390243902,0.45,,-6.4775298967e-18,-6.47752989556e-18,5.699997670848018e-28
0.7735060975609716,2819.0,0.000274390243902,0.45,,-6.47752989669e-18,-6.47752989557e-18,5.599999536275544e-28
0.773780487804874,2820.0,0.000274390243902,0.45,,-6.47752989667e-18,-6.47752989559e-18,5.399999415270707e-28
0.7740548780487765,2821.0,0.000274390243903,0.45,,-6.47752989666e-18,-6.4775298956e-18,5.300001280698233e-28
0.7743292682926789,2822.0,0.000274390243902,0.45,,-6.47752989665e-18,-6.47752989561e-18,5.1999992942658705e-28
0.7746036585365813,2823.0,0.000274390243902,0.45,,-6.47752989664e-18,-6.47752989562e-18,5.100001159693396e-28
0.7748780487804837,2824.0,0.000274390243902,0.45,,-6.47752989663e-18,-6.47752989563e-18,4.999999173261034e-28
0.7751524390243861,2825.0,0.000274390243902,0.45,,-6.47752989662e-18,-6.47752989564e-18,4.9000010386885595e-28
0.7754268292682887,2826.0,0.000274390243903,0.45,,-6.47752989661e-18,-6.47752989566e-18,4.749998059040015e-28
0.7757012195121911,2827.0,0.000274390243902,0.45,,-6.4775298966e-18,-6.47752989567e-18,4.649999924467541e-28
0.7759756097560935,2828.0,0.000274390243902,0.45,,-6.47752989658e-18,-6.47752989568e-18,4.500000796678886e-28
0.7762499999999959,2829.0,0.000274390243902,0.45,,-6.47752989657e-18,-6.47752989569e-18,4.399998810246523e-28
0.7765243902438984,2830.0,0.000274390243903,0.45,,-6.47752989657e-18,-6.4775298957e-18,4.3499978170303415e-28
0.7767987804878008,2831.0,0.000274390243902,0.45,,-6.47752989656e-18,-6.47752989571e-18,4.249999682457867e-28
0.7770731707317032,2832.0,0.000274390243902,0.45,,-6.47752989655e-18,-6.47752989572e-18,4.150001547885393e-28
0.7773475609756056,2833.0,0.000274390243902,0.45,,-6.47752989654e-18,-6.47752989572e-18,4.100000554669212e-28
0.7776219512195082,2834.0,0.000274390243903,0.45,,-6.47752989653e-18,-6.47752989573e-18,4.000002420096738e-28
0.7778963414634106,2835.0,0.000274390243902,0.45,,-6.47752989652e-18,-6.47752989574e-18,3.900000433664375e-28
0.778170731707313,2836.0,0.000274390243902,0.45,,-6.47752989651e-18,-6.47752989575e-18,3.799998447232012e-28
0.7784451219512154,2837.0,0.000274390243902,0.45,,-6.4775298965e-18,-6.47752989576e-18,3.700000312659538e-28
0.7787195121951179,2838.0,0.000274390243903,0.45,,-6.47752989649e-18,-6.47752989577e-18,3.600002178087064e-28
0.7789939024390203,2839.0,0.000274390243902,0.45,,-6.47752989649e-18,-6.47752989578e-18,3.5500011848708827e-28
0.7792682926829227,2840.0,0.000274390243902,0.45,,-6.47752989648e-18,-6.47752989578e-18,3.5000001916547013e-28
0.7795426829268252,2841.0,0.000274390243902,0.45,,-6.47752989647e-18,-6.47752989579e-18,3.3999982052223384e-28
0.7798170731707276,2842.0,0.000274390243902,0.45,,-6.47752989646e-18,-6.4775298958e-18,3.3000000706498644e-28
0.7800914634146301,2843.0,0.000274390243903,0.45,,-6.47752989645e-18,-6.47752989581e-18,3.2000019360773903e-28
0.7803658536585325,2844.0,0.000274390243902,0.45,,-6.47752989645e-18,-6.47752989581e-18,3.2000019360773903e-28
0.7806402439024349,2845.0,0.000274390243902,0.45,,-6.47752989644e-18,-6.47752989582e-18,3.0999999496450275e-28
0.7809146341463373,2846.0,0.000274390243902,0.45,,-6.47752989643e-18,-6.47752989583e-18,2.9999979632126646e-28
0.7811890243902399,2847.0,0.000274390243903,0.45,,-6.47752989643e-18,-6.47752989583e-18,2.9999979632126646e-28
0.7814634146341423,2848.0,0.000274390243902,0.45,,-6.47752989642e-18,-6.47752989584e-18,2.8999998286401906e-28
0.7817378048780447,2849.0,0.000274390243902,0.45,,-6.47752989641e-18,-6.47752989585e-18,2.8000016940677165e-28
0.7820121951219471,2850.0,0.000274390243902,0.45,,-6.47752989641e-18,-6.47752989585e-18,2.8000016940677165e-28
0.7822865853658496,2851.0,0.000274390243903,0.45,,-6.4775298964e-18,-6.47752989586e-18,2.6999997076353537e-28
0.782560975609752,2852.0,0.000274390243902,0.45,,-6.4775298964e-18,-6.47752989587e-18,2.6499987144191723e-28
0.7828353658536544,2853.0,0.000274390243902,0.45,,-6.47752989639e-18,-6.47752989587e-18,2.599997721202991e-28
0.7831097560975568,2854.0,0.000274390243902,0.45,,-6.47752989638e-18,-6.47752989588e-18,2.499999586630517e-28
0.7833841463414594,2855.0,0.000274390243903,0.45,,-6.47752989638e-18,-6.47752989588e-18,2.499999586630517e-28
0.7836585365853618,2856.0,0.000274390243902,0.45,,-6.47752989637e-18,-6.47752989589e-18,2.4000014520580427e-28
0.7839329268292642,2857.0,0.000274390243902,0.45,,-6.47752989637e-18,-6.47752989589e-18,2.4000014520580427e-28
0.7842073170731666,2858.0,0.000274390243902,0.45,,-6.47752989636e-18,-6.4775298959e-18,2.29999946562568e-28
0.784481707317069,2859.0,0.000274390243902,0.45,,-6.47752989636e-18,-6.4775298959e-18,2.29999946562568e-28
0.7847560975609715,2860.0,0.000274390243903,0.45,,-6.47752989635e-18,-6.47752989591e-18,2.199997479193317e-28
0.7850304878048739,2861.0,0.000274390243902,0.45,,-6.47752989635e-18,-6.47752989591e-18,2.199997479193317e-28
0.7853048780487764,2862.0,0.000274390243902,0.45,,-6.47752989634e-18,-6.47752989592e-18,2.099999344620843e-28
0.7855792682926788,2863.0,0.000274390243902,0.45,,-6.47752989634e-18,-6.47752989592e-18,2.099999344620843e-28
0.7858536585365813,2864.0,0.000274390243903,0.45,,-6.47752989633e-18,-6.47752989593e-18,2.000001210048369e-28
0.7861280487804837,2865.0,0.000274390243902,0.45,,-6.47752989633e-18,-6.47752989593e-18,2.000001210048369e-28
0.7864024390243861,2866.0,0.000274390243902,0.45,,-6.47752989633e-18,-6.47752989594e-18,1.9500002168321875e-28
0.7866768292682885,2867.0,0.000274390243902,0.45,,-6.47752989632e-18,-6.47752989594e-18,1.899999223616006e-28
0.786951219512191,2868.0,0.000274390243903,0.45,,-6.47752989632e-18,-6.47752989594e-18,1.899999223616006e-28
0.7872256097560935,2869.0,0.000274390243902,0.45,,-6.47752989631e-18,-6.47752989595e-18,1.800001089043532e-28
0.7874999999999959,2870.0,0.000274390243902,0.45,,-6.47752989631e-18,-6.47752989595e-18,1.800001089043532e-28
0.7877743902438983,2871.0,0.000274390243902,0.45,,-6.47752989631e-18,-6.47752989596e-18,1.7500000958273506e-28
0.7880487804878008,2872.0,0.000274390243903,0.45,,-6.4775298963e-18,-6.47752989596e-18,1.6999991026111692e-28
0.7883231707317032,2873.0,0.000274390243902,0.45,,-6.4775298963e-18,-6.47752989596e-18,1.6999991026111692e-28
0.7885975609756056,2874.0,0.000274390243902,0.45,,-6.47752989629e-18,-6.47752989597e-18,1.6000009680386952e-28
0.788871951219508,2875.0,0.000274390243902,0.45,,-6.47752989629e-18,-6.47752989597e-18,1.6000009680386952e-28
0.7891463414634105,2876.0,0.000274390243902,0.45,,-6.47752989629e-18,-6.47752989597e-18,1.6000009680386952e-28
0.789420731707313,2877.0,0.000274390243903,0.45,,-6.47752989628e-18,-6.47752989598e-18,1.4999989816063323e-28
0.7896951219512154,2878.0,0.000274390243902,0.45,,-6.47752989628e-18,-6.47752989598e-18,1.4999989816063323e-28
0.7899695121951178,2879.0,0.000274390243902,0.45,,-6.47752989628e-18,-6.47752989598e-18,1.4999989816063323e-28
0.7902439024390202,2880.0,0.000274390243902,0.45,,-6.47752989627e-18,-6.47752989599e-18,1.4000008470338583e-28
0.7905182926829227,2881.0,0.000274390243903,0.45,,-6.47752989627e-18,-6.47752989599e-18,1.4000008470338583e-28
0.7907926829268251,2882.0,0.000274390243902,0.45,,-6.47752989627e-18,-6.47752989599e-18,1.4000008470338583e-28
0.7910670731707276,2883.0,0.000274390243902,0.45,,-6.47752989627e-18,-6.477529896e-18,1.3499998538176768e-28
0.79134146341463,2884.0,0.000274390243902,0.45,,-6.47752989626e-18,-6.477529896e-18,1.2999988606014954e-28
0.7916158536585325,2885.0,0.000274390243903,0.45,,-6.47752989626e-18,-6.477529896e-18,1.2999988606014954e-28
0.7918902439024349,2886.0,0.000274390243902,0.45,,-6.47752989626e-18,-6.477529896e-18,1.2999988606014954e-28
0.7921646341463373,2887.0,0.000274390243902,0.45,,-6.47752989625e-18,-6.47752989601e-18,1.2000007260290214e-28
0.7924390243902397,2888.0,0.000274390243902,0.45,,-6.47752989625e-18,-6.47752989601e-18,1.2000007260290214e-28
0.7927134146341422,2889.0,0.000274390243903,0.45,,-6.47752989625e-18,-6.47752989601e-18,1.2000007260290214e-28
0.7929878048780447,2890.0,0.000274390243902,0.45,,-6.47752989625e-18,-6.47752989602e-18,1.14999973281284e-28
0.7932621951219471,2891.0,0.000274390243902,0.45,,-6.47752989624e-18,-6.47752989602e-18,1.0999987395966585e-28
0.7935365853658495,2892.0,0.000274390243902,0.45,,-6.47752989624e-18,-6.47752989602e-18,1.0999987395966585e-28
0.7938109756097519,2893.0,0.000274390243902,0.45,,-6.47752989624e-18,-6.47752989602e-18,1.0999987395966585e-28
0.7940853658536544,2894.0,0.000274390243903,0.45,,-6.47752989624e-18,-6.47752989602e-18,1.0999987395966585e-28
0.7943597560975568,2895.0,0.000274390243902,0.45,,-6.47752989623e-18,-6.47752989603e-18,1.0000006050241845e-28
0.7946341463414592,2896.0,0.000274390243902,0.45,,-6.47752989623e-18,-6.47752989603e-18,1.0000006050241845e-28
0.7949085365853616,2897.0,0.000274390243902,0.45,,-6.47752989623e-18,-6.47752989603e-18,1.0000006050241845e-28
0.7951829268292642,2898.0,0.000274390243903,0.45,,-6.47752989623e-18,-6.47752989603e-18,1.0000006050241845e-28
0.7954573170731666,2899.0,0.000274390243902,0.45,,-6.47752989623e-18,-6.47752989604e-18,9.49999611808003e-29
0.795731707317069,2900.0,0.000274390243902,0.45,,-6.47752989622e-18,-6.47752989604e-18,9.000024704517104e-29
0.7960060975609714,2901.0,0.000274390243902,0.45,,-6.47752989622e-18,-6.47752989604e-18,9.000024704517104e-29
0.7962804878048739,2902.0,0.000274390243903,0.45,,-6.47752989622e-18,-6.47752989604e-18,9.000024704517104e-29
0.7965548780487763,2903.0,0.000274390243902,0.45,,-6.47752989622e-18,-6.47752989604e-18,9.000024704517104e-29
0.7968292682926787,2904.0,0.000274390243902,0.45,,-6.47752989622e-18,-6.47752989605e-18,8.50001477235529e-29
0.7971036585365812,2905.0,0.000274390243902,0.45,,-6.47752989621e-18,-6.47752989605e-18,8.000004840193476e-29
0.7973780487804837,2906.0,0.000274390243903,0.45,,-6.47752989621e-18,-6.47752989605e-18,8.000004840193476e-29
0.7976524390243861,2907.0,0.000274390243902,0.45,,-6.47752989621e-18,-6.47752989605e-18,8.000004840193476e-29
0.7979268292682885,2908.0,0.000274390243902,0.45,,-6.47752989621e-18,-6.47752989605e-18,8.000004840193476e-29
0.7982012195121909,2909.0,0.000274390243902,0.45,,-6.47752989621e-18,-6.47752989605e-18,8.000004840193476e-29
0.7984756097560933,2910.0,0.000274390243902,0.45,,-6.4775298962e-18,-6.47752989606e-18,6.999984975869847e-29
0.7987499999999959,2911.0,0.000274390243903,0.45,,-6.4775298962e-18,-6.47752989606e-18,6.999984975869847e-29
0.7990243902438983,2912.0,0.000274390243902,0.45,,-6.4775298962e-18,-6.47752989606e-18,6.999984975869847e-29
0.7992987804878007,2913.0,0.000274390243902,0.45,,-6.4775298962e-18,-6.47752989606e-18,6.999984975869847e-29
0.7995731707317031,2914.0,0.000274390243902,0.45,,-6.4775298962e-18,-6.47752989606e-18,6.999984975869847e-29
0.7998475609756056,2915.0,0.000274390243903,0.45,,-6.4775298962e-18,-6.47752989606e-18,6.999984975869847e-29
0.800121951219508,2916.0,0.000274390243902,0.45,,-6.4775298962e-18,-6.47752989607e-18,6.500013562306921e-29
0.8003963414634104,2917.0,0.000274390243902,0.45,,-6.47752989619e-18,-6.47752989607e-18,6.000003630145107e-29
0.8006707317073128,2918.0,0.000274390243902,0.45,,-6.47752989619e-18,-6.47752989607e-18,6.000003630145107e-29
0.8009451219512154,2919.0,0.000274390243903,0.45,,-6.47752989619e-18,-6.47752989607e-18,6.000003630145107e-29
0.8012195121951178,2920.0,0.000274390243902,0.45,,-6.47752989619e-18,-6.47752989607e-18,6.000003630145107e-29
0.8014939024390202,2921.0,0.000274390243902,0.45,,-6.47752989619e-18,-6.47752989607e-18,6.000003630145107e-29
0.8017682926829226,2922.0,0.000274390243902,0.45,,-6.47752989619e-18,-6.47752989607e-18,6.000003630145107e-29
0.8020426829268251,2923.0,0.000274390243903,0.45,,-6.47752989619e-18,-6.47752989607e-18,6.000003630145107e-29
0.8023170731707275,2924.0,0.000274390243902,0.45,,-6.47752989618e-18,-6.47752989608e-18,5.000022284420366e-29
0.80259146341463,2925.0,0.000274390243902,0.45,,-6.47752989618e-18,-6.47752989608e-18,5.000022284420366e-29
0.8028658536585324,2926.0,0.000274390243902,0.45,,-6.47752989618e-18,-6.47752989608e-18,5.000022284420366e-29
0.8031402439024348,2927.0,0.000274390243902,0.45,,-6.47752989618e-18,-6.47752989608e-18,5.000022284420366e-29
0.8034146341463373,2928.0,0.000274390243903,0.45,,-6.47752989618e-18,-6.47752989608e-18,5.000022284420366e-29
0.8036890243902397,2929.0,0.000274390243902,0.45,,-6.47752989618e-18,-6.47752989608e-18,5.000022284420366e-29
0.8039634146341421,2930.0,0.000274390243902,0.45,,-6.47752989618e-18,-6.47752989608e-18,5.000022284420366e-29
0.8042378048780445,2931.0,0.000274390243902,0.45,,-6.47752989618e-18,-6.47752989608e-18,5.000022284420366e-29
0.804512195121947,2932.0,0.000274390243903,0.45,,-6.47752989618e-18,-6.47752989609e-18,4.500012352258552e-29
0.8047865853658495,2933.0,0.000274390243902,0.45,,-6.47752989618e-18,-6.47752989609e-18,4.500012352258552e-29
0.8050609756097519,2934.0,0.000274390243902,0.45,,-6.47752989617e-18,-6.47752989609e-18,4.000002420096738e-29
0.8053353658536543,2935.0,0.000274390243902,0.45,,-6.47752989617e-18,-6.47752989609e-18,4.000002420096738e-29
0.8056097560975568,2936.0,0.000274390243903,0.45,,-6.47752989617e-18,-6.47752989609e-18,4.000002420096738e-29
0.8058841463414592,2937.0,0.000274390243902,0.45,,-6.47752989617e-18,-6.47752989609e-18,4.000002420096738e-29
0.8061585365853616,2938.0,0.000274390243902,0.45,,-6.47752989617e-18,-6.47752989609e-18,4.000002420096738e-29
0.806432926829264,2939.0,0.000274390243902,0.45,,-6.47752989617e-18,-6.47752989609e-18,4.000002420096738e-29
0.8067073170731665,2940.0,0.000274390243902,0.45,,-6.47752989617e-18,-6.47752989609e-18,4.000002420096738e-29
0.806981707317069,2941.0,0.000274390243903,0.45,,-6.47752989617e-18,-6.47752989609e-18,4.000002420096738e-29
0.8072560975609714,2942.0,0.000274390243902,0.45,,-6.47752989617e-18,-6.47752989609e-18,4.000002420096738e-29
0.8075304878048738,2943.0,0.000274390243902,0.45,,-6.47752989617e-18,-6.47752989609e-18,4.000002420096738e-29
0.8078048780487762,2944.0,0.000274390243902,0.45,,-6.47752989617e-18,-6.4775298961e-18,3.4999924879349237e-29
0.8080792682926787,2945.0,0.000274390243903,0.45,,-6.47752989616e-18,-6.4775298961e-18,2.9999825557731095e-29
0.8083536585365811,2946.0,0.000274390243902,0.45,,-6.47752989616e-18,-6.4775298961e-18,2.9999825557731095e-29
0.8086280487804836,2947.0,0.000274390243902,0.45,,-6.47752989616e-18,-6.4775298961e-18,2.9999825557731095e-29
0.808902439024386,2948.0,0.000274390243902,0.45,,-6.47752989616e-18,-6.4775298961e-18,2.9999825557731095e-29
0.8091768292682885,2949.0,0.000274390243903,0.45,,-6.47752989616e-18,-6.4775298961e-18,2.9999825557731095e-29
0.8094512195121909,2950.0,0.000274390243902,0.45,,-6.47752989616e-18,-6.4775298961e-18,2.9999825557731095e-29
0.8097256097560933,2951.0,0.000274390243902,0.45,,-6.47752989616e-18,-6.4775298961e-18,2.9999825557731095e-29
0.8099999999999957,2952.0,0.000274390243902,0.45,,-6.47752989616e-18,-6.4775298961e-18,2.9999825557731095e-29
0.8102743902438982,2953.0,0.000274390243903,0.45,,-6.47752989616e-18,-6.4775298961e-18,2.9999825557731095e-29
0.8105487804878007,2954.0,0.000274390243902,0.45,,-6.47752989616e-18,-6.4775298961e-18,2.9999825557731095e-29
0.8108231707317031,2955.0,0.000274390243902,0.45,,-6.47752989616e-18,-6.4775298961e-18,2.9999825557731095e-29
0.8110975609756055,2956.0,0.000274390243902,0.45,,-6.47752989616e-18,-6.4775298961e-18,2.9999825557731095e-29
0.8113719512195079,2957.0,0.000274390243902,0.45,,-6.47752989616e-18,-6.4775298961e-18,2.9999825557731095e-29
0.8116463414634104,2958.0,0.000274390243903,0.45,,-6.47752989616e-18,-6.4775298961e-18,2.9999825557731095e-29
0.8119207317073128,2959.0,0.000274390243902,0.45,,-6.47752989616e-18,-6.47752989611e-18,2.500011142210183e-29
0.8121951219512152,2960.0,0.000274390243902,0.45,,-6.47752989616e-18,-6.47752989611e-18,2.500011142210183e-29
0.8124695121951176,2961.0,0.000274390243902,0.45,,-6.47752989615e-18,-6.47752989611e-18,2.000001210048369e-29
0.8127439024390202,2962.0,0.000274390243903,0.45,,-6.47752989615e-18,-6.47752989611e-18,2.000001210048369e-29
0.8130182926829226,2963.0,0.000274390243902,0.45,,-6.47752989615e-18,-6.47752989611e-18,2.000001210048369e-29
0.813292682926825,2964.0,0.000274390243902,0.45,,-6.47752989615e-18,-6.47752989611e-18,2.000001210048369e-29
0.8135670731707274,2965.0,0.000274390243902,0.45,,-6.47752989615e-18,-6.47752989611e-18,2.000001210048369e-29
0.8138414634146299,2966.0,0.000274390243903,0.45,,-6.47752989615e-18,-6.47752989611e-18,2.000001210048369e-29
0.8141158536585323,2967.0,0.000274390243902,0.45,,-6.47752989615e-18,-6.47752989611e-18,2.000001210048369e-29
0.8143902439024348,2968.0,0.000274390243902,0.45,,-6.47752989615e-18,-6.47752989611e-18,2.000001210048369e-29
0.8146646341463372,2969.0,0.000274390243902,0.45,,-6.47752989615e-18,-6.47752989611e-18,2.000001210048369e-29
0.8149390243902397,2970.0,0.000274390243903,0.45,,-6.47752989615e-18,-6.47752989611e-18,2.000001210048369e-29
0.8152134146341421,2971.0,0.000274390243902,0.45,,-6.47752989615e-18,-6.47752989611e-18,2.000001210048369e-29
0.8154878048780445,2972.0,0.000274390243902,0.45,,-6.47752989615e-18,-6.47752989611e-18,2.000001210048369e-29
0.8157621951219469,2973.0,0.000274390243902,0.45,,-6.47752989615e-18,-6.47752989611e-18,2.000001210048369e-29
0.8160365853658493,2974.0,0.000274390243902,0.45,,-6.47752989615e-18,-6.47752989611e-18,2.000001210048369e-29
0.8163109756097519,2975.0,0.000274390243903,0.45,,-6.47752989615e-18,-6.47752989611e-18,2.000001210048369e-29
0.8165853658536543,2976.0,0.000274390243902,0.45,,-6.47752989615e-18,-6.47752989611e-18,2.000001210048369e-29
0.8168597560975567,2977.0,0.000274390243902,0.45,,-6.47752989615e-18,-6.47752989611e-18,2.000001210048369e-29
0.8171341463414591,2978.0,0.000274390243902,0.45,,-6.47752989615e-18,-6.47752989611e-18,2.000001210048369e-29
0.8174085365853616,2979.0,0.000274390243903,0.45,,-6.47752989615e-18,-6.47752989611e-18,2.000001210048369e-29
0.817682926829264,2980.0,0.000274390243902,0.45,,-6.47752989615e-18,-6.47752989611e-18,2.000001210048369e-29
0.8179573170731664,2981.0,0.000274390243902,0.45,,-6.47752989615e-18,-6.47752989611e-18,2.000001210048369e-29
0.8182317073170688,2982.0,0.000274390243902,0.45,,-6.47752989615e-18,-6.47752989612e-18,1.4999912778865548e-29
0.8185060975609714,2983.0,0.000274390243903,0.45,,-6.47752989615e-18,-6.47752989612e-18,1.4999912778865548e-29
0.8187804878048738,2984.0,0.000274390243902,0.45,,-6.47752989615e-18,-6.47752989612e-18,1.4999912778865548e-29
0.8190548780487762,2985.0,0.000274390243902,0.45,,-6.47752989614e-18,-6.47752989612e-18,1.0000198643236283e-29
0.8193292682926786,2986.0,0.000274390243902,0.45,,-6.47752989614e-18,-6.47752989612e-18,1.0000198643236283e-29
0.8196036585365811,2987.0,0.000274390243903,0.45,,-6.47752989614e-18,-6.47752989612e-18,1.0000198643236283e-29
0.8198780487804835,2988.0,0.000274390243902,0.45,,-6.47752989614e-18,-6.47752989612e-18,1.0000198643236283e-29
0.820152439024386,2989.0,0.000274390243902,0.45,,-6.47752989614e-18,-6.47752989612e-18,1.0000198643236283e-29
0.8204268292682884,2990.0,0.000274390243902,0.45,,-6.47752989614e-18,-6.47752989612e-18,1.0000198643236283e-29
0.8207012195121908,2991.0,0.000274390243902,0.45,,-6.47752989614e-18,-6.47752989612e-18,1.0000198643236283e-29
0.8209756097560933,2992.0,0.000274390243903,0.45,,-6.47752989614e-18,-6.47752989612e-18,1.0000198643236283e-29
0.8212499999999957,2993.0,0.000274390243902,0.45,,-6.47752989614e-18,-6.47752989612e-18,1.0000198643236283e-29
0.8215243902438981,2994.0,0.000274390243902,0.45,,-6.47752989614e-18,-6.47752989612e-18,1.0000198643236283e-29
0.8217987804878005,2995.0,0.000274390243902,0.45,,-6.47752989614e-18,-6.47752989612e-18,1.0000198643236283e-29
0.822073170731703,2996.0,0.000274390243903,0.45,,-6.47752989614e-18,-6.47752989612e-18,1.0000198643236283e-29
0.8223475609756055,2997.0,0.000274390243902,0.45,,-6.47752989614e-18,-6.47752989612e-18,1.0000198643236283e-29
0.8226219512195079,2998.0,0.000274390243902,0.45,,-6.47752989614e-18,-6.47752989612e-18,1.0000198643236283e-29
0.8228963414634103,2999.0,0.000274390243902,0.45,,-6.47752989614e-18,-6.47752989612e-18,1.0000198643236283e-29
0.8231707317073128,3000.0,0.000274390243903,0.45,,-6.47752989614e-18,-6.47752989612e-18,1.0000198643236283e-29
0.8234451219512152,3001.0,0.000274390243902,0.45,,-6.47752989614e-18,-6.47752989612e-18,1.0000198643236283e-29
0.8237195121951176,3002.0,0.000274390243902,0.45,,-6.47752989614e-18,-6.47752989612e-18,1.0000198643236283e-29
0.82399390243902,3003.0,0.000274390243902,0.45,,-6.47752989614e-18,-6.47752989612e-18,1.0000198643236283e-29
0.8242682926829226,3004.0,0.000274390243903,0.45,,-6.47752989614e-18,-6.47752989612e-18,1.0000198643236283e-29
0.824542682926825,3005.0,0.000274390243902,0.45,,-6.47752989614e-18,-6.47752989612e-18,1.0000198643236283e-29
0.8248170731707274,3006.0,0.000274390243902,0.45,,-6.47752989614e-18,-6.47752989612e-18,1.0000198643236283e-29
0.8250914634146298,3007.0,0.000274390243902,0.45,,-6.47752989614e-18,-6.47752989612e-18,1.0000198643236283e-29
0.8253658536585322,3008.0,0.000274390243902,0.45,,-6.47752989614e-18,-6.47752989612e-18,1.0000198643236283e-29
0.8256402439024347,3009.0,0.000274390243903,0.45,,-6.47752989614e-18,-6.47752989612e-18,1.0000198643236283e-29
0.8259146341463371,3010.0,0.000274390243902,0.45,,-6.47752989614e-18,-6.47752989612e-18,1.0000198643236283e-29
0.8261890243902396,3011.0,0.000274390243902,0.45,,-6.47752989614e-18,-6.47752989612e-18,1.0000198643236283e-29
0.826463414634142,3012.0,0.000274390243902,0.45,,-6.47752989614e-18,-6.47752989612e-18,1.0000198643236283e-29
0.8267378048780445,3013.0,0.000274390243903,0.45,,-6.47752989614e-18,-6.47752989612e-18,1.0000198643236283e-29
0.8270121951219469,3014.0,0.000274390243902,0.45,,-6.47752989614e-18,-6.47752989612e-18,1.0000198643236283e-29
0.8272865853658493,3015.0,0.000274390243902,0.45,,-6.47752989614e-18,-6.47752989612e-18,1.0000198643236283e-29
0.8275609756097517,3016.0,0.000274390243902,0.45,,-6.47752989614e-18,-6.47752989612e-18,1.0000198643236283e-29
0.8278353658536542,3017.0,0.000274390243903,0.45,,-6.47752989614e-18,-6.47752989612e-18,1.0000198643236283e-29
0.8281097560975567,3018.0,0.000274390243902,0.45,,-6.47752989614e-18,-6.47752989612e-18,1.0000198643236283e-29
0.8283841463414591,3019.0,0.000274390243902,0.45,,-6.47752989614e-18,-6.47752989612e-18,1.0000198643236283e-29
0.8286585365853615,3020.0,0.000274390243902,0.45,,-6.47752989614e-18,-6.47752989612e-18,1.0000198643236283e-29
0.828932926829264,3021.0,0.000274390243903,0.45,,-6.47752989614e-18,-6.47752989612e-18,1.0000198643236283e-29
0.8292073170731664,3022.0,0.000274390243902,0.45,,-6.47752989614e-18,-6.47752989612e-18,1.0000198643236283e-29
0.8294817073170688,3023.0,0.000274390243902,0.45,,-6.47752989614e-18,-6.47752989612e-18,1.0000198643236283e-29
0.8297560975609712,3024.0,0.000274390243902,0.45,,-6.47752989614e-18,-6.47752989612e-18,1.0000198643236283e-29
0.8300304878048737,3025.0,0.000274390243902,0.45,,-6.47752989614e-18,-6.47752989612e-18,1.0000198643236283e-29
0.8303048780487762,3026.0,0.000274390243903,0.45,,-6.47752989614e-18,-6.47752989612e-18,1.0000198643236283e-29
0.8305792682926786,3027.0,0.000274390243902,0.45,,-6.47752989614e-18,-6.47752989612e-18,1.0000198643236283e-29
0.830853658536581,3028.0,0.000274390243902,0.45,,-6.47752989614e-18,-6.47752989612e-18,1.0000198643236283e-29
0.8311280487804834,3029.0,0.000274390243902,0.45,,-6.47752989614e-18,-6.47752989613e-18,5.000099321618142e-30
0.8314024390243859,3030.0,0.000274390243903,0.45,,-6.47752989614e-18,-6.47752989613e-18,5.000099321618142e-30
0.8316768292682883,3031.0,0.000274390243902,0.45,,-6.47752989614e-18,-6.47752989613e-18,5.000099321618142e-30
0.8319512195121908,3032.0,0.000274390243902,0.45,,-6.47752989614e-18,-6.47752989613e-18,5.000099321618142e-30
0.8322256097560932,3033.0,0.000274390243902,0.45,,-6.47752989614e-18,-6.47752989613e-18,5.000099321618142e-30
0.8324999999999957,3034.0,0.000274390243903,0.45,,-6.47752989614e-18,-6.47752989613e-18,5.000099321618142e-30
0.8327743902438981,3035.0,0.000274390243902,0.45,,-6.47752989614e-18,-6.47752989613e-18,5.000099321618142e-30
0.8330487804878005,3036.0,0.000274390243902,0.45,,-6.47752989614e-18,-6.47752989613e-18,5.000099321618142e-30
0.8333231707317029,3037.0,0.000274390243902,0.45,,-6.47752989614e-18,-6.47752989613e-18,5.000099321618142e-30
0.8335975609756054,3038.0,0.000274390243903,0.45,,-6.47752989614e-18,-6.47752989613e-18,5.000099321618142e-30
0.8338719512195079,3039.0,0.000274390243902,0.45,,-6.47752989613e-18,-6.47752989613e-18,0.0
0.8341463414634103,3040.0,0.000274390243902,0.45,,-6.47752989613e-18,-6.47752989613e-18,0.0
0.8344207317073127,3041.0,0.000274390243902,0.45,,-6.47752989613e-18,-6.47752989613e-18,0.0
0.8346951219512151,3042.0,0.000274390243902,0.45,,-6.47752989613e-18,-6.47752989613e-18,0.0
0.8349695121951176,3043.0,0.000274390243903,0.45,,-6.47752989613e-18,-6.47752989613e-18,0.0
0.83524390243902,3044.0,0.000274390243902,0.45,,-6.47752989613e-18,-6.47752989613e-18,0.0
0.8355182926829224,3045.0,0.000274390243902,0.45,,-6.47752989613e-18,-6.47752989613e-18,0.0
0.8357926829268248,3046.0,0.000274390243902,0.45,,-6.47752989613e-18,-6.47752989613e-18,0.0
0.8360670731707274,3047.0,0.000274390243903,0.45,,-6.47752989613e-18,-6.47752989613e-18,0.0
0.8363414634146298,3048.0,0.000274390243902,0.45,,-6.47752989613e-18,-6.47752989613e-18,0.0
0.8366158536585322,3049.0,0.000274390243902,0.45,,-6.47752989613e-18,-6.47752989613e-18,0.0
0.8368902439024346,3050.0,0.000274390243902,0.45,,-6.47752989613e-18,-6.47752989613e-18,0.0
0.8371646341463371,3051.0,0.000274390243903,0.45,,-6.47752989613e-18,-6.47752989613e-18,0.0
0.8374390243902395,3052.0,0.000274390243902,0.45,,-6.47752989613e-18,-6.47752989613e-18,0.0
0.837713414634142,3053.0,0.000274390243902,0.45,,-6.47752989613e-18,-6.47752989613e-18,0.0
0.8379878048780444,3054.0,0.000274390243902,0.45,,-6.47752989613e-18,-6.47752989613e-18,0.0
0.8382621951219469,3055.0,0.000274390243903,0.45,,-6.47752989613e-18,-6.47752989613e-18,0.0
0.8385365853658493,3056.0,0.000274390243902,0.45,,-6.47752989613e-18,-6.47752989613e-18,0.0
0.8388109756097517,3057.0,0.000274390243902,0.45,,-6.47752989613e-18,-6.47752989613e-18,0.0
0.8390853658536541,3058.0,0.000274390243902,0.45,,-6.47752989613e-18,-6.47752989613e-18,0.0
0.8393597560975565,3059.0,0.000274390243902,0.45,,-6.47752989613e-18,-6.47752989613e-18,0.0
0.839634146341459,3060.0,0.000274390243903,0.45,,-6.47752989613e-18,-6.47752989613e-18,0.0
0.8399085365853615,3061.0,0.000274390243902,0.45,,-6.47752989613e-18,-6.47752989613e-18,0.0
0.8401829268292639,3062.0,0.000274390243902,0.45,,-6.47752989613e-18,-6.47752989613e-18,0.0
0.8404573170731663,3063.0,0.000274390243902,0.45,,-6.47752989613e-18,-6.47752989613e-18,0.0
0.8407317073170688,3064.0,0.000274390243903,0.45,,-6.47752989613e-18,-6.47752989613e-18,0.0
0.8410060975609712,3065.0,0.000274390243902,0.45,,-6.47752989613e-18,-6.47752989613e-18,0.0
0.8412804878048736,3066.0,0.000274390243902,0.45,,-6.47752989613e-18,-6.47752989613e-18,0.0
0.841554878048776,3067.0,0.000274390243902,0.45,,-6.47752989613e-18,-6.47752989613e-18,0.0
0.8418292682926786,3068.0,0.000274390243903,0.45,,-6.47752989613e-18,-6.47752989613e-18,0.0
0.842103658536581,3069.0,0.000274390243902,0.45,,-6.47752989613e-18,-6.47752989613e-18,0.0
0.8423780487804834,3070.0,0.000274390243902,0.45,,-6.47752989613e-18,-6.47752989613e-18,0.0
0.8426524390243858,3071.0,0.000274390243902,0.45,,-6.47752989613e-18,-6.47752989613e-18,0.0
0.8429268292682883,3072.0,0.000274390243903,0.45,,-6.47752989613e-18,-6.47752989613e-18,0.0
0.8432012195121907,3073.0,0.000274390243902,0.45,,-6.47752989613e-18,-6.47752989613e-18,0.0
0.8434756097560931,3074.0,0.000274390243902,0.45,,-6.47752989613e-18,-6.47752989613e-18,0.0
0.8437499999999956,3075.0,0.000274390243902,0.45,,-6.47752989613e-18,-6.47752989613e-18,0.0
0.844024390243898,3076.0,0.000274390243902,0.45,,-6.47752989613e-18,-6.47752989613e-18,0.0
0.8442987804878005,3077.0,0.000274390243903,0.45,,-6.47752989613e-18,-6.47752989613e-18,0.0
0.8445731707317029,3078.0,0.000274390243902,0.45,,-6.47752989613e-18,-6.47752989613e-18,0.0
0.8448475609756053,3079.0,0.000274390243902,0.45,,-6.47752989613e-18,-6.47752989613e-18,0.0
0.8451219512195077,3080.0,0.000274390243902,0.45,,-6.47752989613e-18,-6.47752989613e-18,0.0
0.8453963414634103,3081.0,0.000274390243903,0.45,,-6.47752989613e-18,-6.47752989613e-18,0.0
0.8456707317073127,3082.0,0.000274390243902,0.45,,-6.47752989613e-18,-6.47752989613e-18,0.0
0.8459451219512151,3083.0,0.000274390243902,0.45,,-6.47752989613e-18,-6.47752989613e-18,0.0
0.8462195121951175,3084.0,0.000274390243902,0.45,,-6.47752989613e-18,-6.47752989613e-18,0.0
0.84649390243902,3085.0,0.000274390243903,0.45,,-6.47752989613e-18,-6.47752989613e-18,0.0
0.8467682926829224,3086.0,0.000274390243902,0.45,,-6.47752989613e-18,-6.47752989613e-18,0.0
0.8470426829268248,3087.0,0.000274390243902,0.45,,-6.47752989613e-18,-6.47752989613e-18,0.0
0.8473170731707272,3088.0,0.000274390243902,0.45,,-6.47752989613e-18,-6.47752989613e-18,0.0
0.8475914634146297,3089.0,0.000274390243902,0.45,,-6.47752989613e-18,-6.47752989613e-18,0.0
0.8478658536585322,3090.0,0.000274390243903,0.45,,-6.47752989613e-18,-6.47752989613e-18,0.0
0.8481402439024346,3091.0,0.000274390243902,0.45,,-6.47752989613e-18,-6.47752989613e-18,0.0
0.848414634146337,3092.0,0.000274390243902,0.45,,-6.47752989613e-18,-6.47752989613e-18,0.0
0.8486890243902394,3093.0,0.000274390243902,0.45,,-6.47752989613e-18,-6.47752989613e-18,0.0
0.8489634146341419,3094.0,0.000274390243903,0.45,,-6.47752989613e-18,-6.47752989613e-18,0.0
0.8492378048780443,3095.0,0.000274390243902,0.45,,-6.47752989613e-18,-6.47752989613e-18,0.0
0.8495121951219468,3096.0,0.000274390243902,0.45,,-6.47752989613e-18,-6.47752989613e-18,0.0
0.8497865853658492,3097.0,0.000274390243902,0.45,,-6.47752989613e-18,-6.47752989613e-18,0.0
0.8500609756097517,3098.0,0.000274390243903,0.45,,-6.47752989613e-18,-6.47752989613e-18,0.0
0.8503353658536541,3099.0,0.000274390243902,0.45,,-6.47752989613e-18,-6.47752989613e-18,0.0
0.8506097560975565,3100.0,0.000274390243902,0.45,,-6.47752989613e-18,-6.47752989613e-18,0.0
0.8508841463414589,3101.0,0.000274390243902,0.45,,-6.47752989613e-18,-6.47752989613e-18,0.0
0.8511585365853614,3102.0,0.000274390243903,0.45,,-6.47752989613e-18,-6.47752989613e-18,0.0
0.8514329268292639,3103.0,0.000274390243902,0.45,,-6.47752989613e-18,-6.47752989613e-18,0.0
0.8517073170731663,3104.0,0.000274390243902,0.45,,-6.47752989613e-18,-6.47752989613e-18,0.0
0.8519817073170687,3105.0,0.000274390243902,0.45,,-6.47752989613e-18,-6.47752989613e-18,0.0
0.8522560975609711,3106.0,0.000274390243902,0.45,,-6.47752989613e-18,-6.47752989613e-18,0.0
0.8525304878048736,3107.0,0.000274390243903,0.45,,-6.47752989613e-18,-6.47752989613e-18,0.0
0.852804878048776,3108.0,0.000274390243902,0.45,,-6.47752989613e-18,-6.47752989613e-18,0.0
0.8530792682926784,3109.0,0.000274390243902,0.45,,-6.47752989613e-18,-6.47752989613e-18,0.0
0.8533536585365809,3110.0,0.000274390243902,0.45,,-6.47752989613e-18,-6.47752989613e-18,0.0
0.8536280487804834,3111.0,0.000274390243903,0.45,,-6.47752989613e-18,-6.47752989613e-18,0.0
0.8539024390243858,3112.0,0.000274390243902,0.45,,-6.47752989613e-18,-6.47752989613e-18,0.0
0.8541768292682882,3113.0,0.000274390243902,0.45,,-6.47752989613e-18,-6.47752989613e-18,0.0
0.8544512195121906,3114.0,0.000274390243902,0.45,,-6.47752989613e-18,-6.47752989613e-18,0.0
0.8547256097560931,3115.0,0.000274390243903,0.45,,-6.47752989613e-18,-6.47752989613e-18,0.0
0.8549999999999955,3116.0,0.000274390243902,0.45,,-6.47752989613e-18,-6.47752989613e-18,0.0
0.855274390243898,3117.0,0.000274390243902,0.45,,-6.47752989613e-18,-6.47752989613e-18,0.0
0.8555487804878004,3118.0,0.000274390243902,0.45,,-6.47752989613e-18,-6.47752989613e-18,0.0
0.8558231707317029,3119.0,0.000274390243903,0.45,,-6.47752989613e-18,-6.47752989613e-18,0.0
0.8560975609756053,3120.0,0.000274390243902,0.45,,-6.47752989613e-18,-6.47752989613e-18,0.0
0.8563719512195077,3121.0,0.000274390243902,0.45,,-6.47752989613e-18,-6.47752989613e-18,0.0
0.8566463414634101,3122.0,0.000274390243902,0.45,,-6.47752989613e-18,-6.47752989613e-18,0.0
0.8569207317073125,3123.0,0.000274390243902,0.45,,-6.47752989613e-18,-6.47752989613e-18,0.0
0.857195121951215,3124.0,0.000274390243903,0.45,,-6.47752989613e-18,-6.47752989613e-18,0.0
0.8574695121951175,3125.0,0.000274390243902,0.45,,-6.47752989613e-18,-6.47752989613e-18,0.0
0.8577439024390199,3126.0,0.000274390243902,0.45,,-6.47752989613e-18,-6.47752989613e-18,0.0
0.8580182926829223,3127.0,0.000274390243902,0.45,,-6.47752989613e-18,-6.47752989613e-18,0.0
0.8582926829268248,3128.0,0.000274390243903,0.45,,-6.47752989613e-18,-6.47752989613e-18,0.0
0.8585670731707272,3129.0,0.000274390243902,0.45,,-6.47752989613e-18,-6.47752989613e-18,0.0
0.8588414634146296,3130.0,0.000274390243902,0.45,,-6.47752989613e-18,-6.47752989613e-18,0.0
0.859115853658532,3131.0,0.000274390243902,0.45,,-6.47752989613e-18,-6.47752989613e-18,0.0
0.8593902439024346,3132.0,0.000274390243903,0.45,,-6.47752989613e-18,-6.47752989613e-18,0.0
0.859664634146337,3133.0,0.000274390243902,0.45,,-6.47752989613e-18,-6.47752989613e-18,0.0
0.8599390243902394,3134.0,0.000274390243902,0.45,,-6.47752989613e-18,-6.47752989613e-18,0.0
0.8602134146341418,3135.0,0.000274390243902,0.45,,-6.47752989613e-18,-6.47752989613e-18,0.0
0.8604878048780443,3136.0,0.000274390243903,0.45,,-6.47752989613e-18,-6.47752989613e-18,0.0
0.8607621951219467,3137.0,0.000274390243902,0.45,,-6.47752989613e-18,-6.47752989613e-18,0.0
0.8610365853658491,3138.0,0.000274390243902,0.45,,-6.47752989613e-18,-6.47752989613e-18,0.0
0.8613109756097516,3139.0,0.000274390243902,0.45,,-6.47752989613e-18,-6.47752989613e-18,0.0
0.861585365853654,3140.0,0.000274390243902,0.45,,-6.47752989613e-18,-6.47752989613e-18,0.0
0.8618597560975565,3141.0,0.000274390243903,0.45,,-6.47752989613e-18,-6.47752989613e-18,0.0
0.8621341463414589,3142.0,0.000274390243902,0.45,,-6.47752989613e-18,-6.47752989613e-18,0.0
0.8624085365853613,3143.0,0.000274390243902,0.45,,-6.47752989613e-18,-6.47752989613e-18,0.0
0.8626829268292637,3144.0,0.000274390243902,0.45,,-6.47752989613e-18,-6.47752989613e-18,0.0
0.8629573170731663,3145.0,0.000274390243903,0.45,,-6.47752989613e-18,-6.47752989613e-18,0.0
0.8632317073170687,3146.0,0.000274390243902,0.45,,-6.47752989613e-18,-6.47752989613e-18,0.0
0.8635060975609711,3147.0,0.000274390243902,0.45,,-6.47752989613e-18,-6.47752989613e-18,0.0
0.8637804878048735,3148.0,0.000274390243902,0.45,,-6.47752989613e-18,-6.47752989613e-18,0.0
0.864054878048776,3149.0,0.000274390243903,0.45,,-6.47752989613e-18,-6.47752989613e-18,0.0
0.8643292682926784,3150.0,0.000274390243902,0.45,,-6.47752989613e-18,-6.47752989613e-18,0.0
0.8646036585365808,3151.0,0.000274390243902,0.45,,-6.47752989613e-18,-6.47752989613e-18,0.0
0.8648780487804832,3152.0,0.000274390243902,0.45,,-6.47752989613e-18,-6.47752989613e-18,0.0
0.8651524390243858,3153.0,0.000274390243903,0.45,,-6.47752989613e-18,-6.47752989613e-18,0.0
0.8654268292682882,3154.0,0.000274390243902,0.45,,-6.47752989613e-18,-6.47752989613e-18,0.0
0.8657012195121906,3155.0,0.000274390243902,0.45,,-6.47752989613e-18,-6.47752989613e-18,0.0
0.865975609756093,3156.0,0.000274390243902,0.45,,-6.47752989613e-18,-6.47752989613e-18,0.0
0.8662499999999954,3157.0,0.000274390243902,0.45,,-6.47752989613e-18,-6.47752989613e-18,0.0
0.8665243902438979,3158.0,0.000274390243903,0.45,,-6.47752989613e-18,-6.47752989613e-18,0.0
0.8667987804878003,3159.0,0.000274390243902,0.45,,-6.47752989613e-18,-6.47752989613e-18,0.0
0.8670731707317028,3160.0,0.000274390243902,0.45,,-6.47752989613e-18,-6.47752989613e-18,0.0
0.8673475609756052,3161.0,0.000274390243902,0.45,,-6.47752989613e-18,-6.47752989613e-18,0.0
0.8676219512195077,3162.0,0.000274390243903,0.45,,-6.47752989613e-18,-6.47752989613e-18,0.0
0.8678963414634101,3163.0,0.000274390243902,0.45,,-6.47752989613e-18,-6.47752989613e-18,0.0
0.8681707317073125,3164.0,0.000274390243902,0.45,,-6.47752989613e-18,-6.47752989613e-18,0.0
0.8684451219512149,3165.0,0.000274390243902,0.45,,-6.47752989613e-18,-6.47752989613e-18,0.0
0.8687195121951174,3166.0,0.000274390243903,0.45,,-6.47752989613e-18,-6.47752989613e-18,0.0
0.8689939024390199,3167.0,0.000274390243902,0.45,,-6.47752989613e-18,-6.47752989613e-18,0.0
0.8692682926829223,3168.0,0.000274390243902,0.45,,-6.47752989613e-18,-6.47752989613e-18,0.0
0.8695426829268247,3169.0,0.000274390243902,0.45,,-6.47752989613e-18,-6.47752989613e-18,0.0
0.8698170731707272,3170.0,0.000274390243903,0.45,,-6.47752989613e-18,-6.47752989613e-18,0.0
0.8700914634146296,3171.0,0.000274390243902,0.45,,-6.47752989613e-18,-6.47752989613e-18,0.0
0.870365853658532,3172.0,0.000274390243902,0.45,,-6.47752989613e-18,-6.47752989613e-18,0.0
0.8706402439024344,3173.0,0.000274390243902,0.45,,-6.47752989613e-18,-6.47752989613e-18,0.0
0.8709146341463369,3174.0,0.000274390243902,0.45,,-6.47752989613e-18,-6.47752989613e-18,0.0
0.8711890243902394,3175.0,0.000274390243903,0.45,,-6.47752989613e-18,-6.47752989613e-18,0.0
0.8714634146341418,3176.0,0.000274390243902,0.45,,-6.47752989613e-18,-6.47752989613e-18,0.0
0.8717378048780442,3177.0,0.000274390243902,0.45,,-6.47752989613e-18,-6.47752989613e-18,0.0
0.8720121951219466,3178.0,0.000274390243902,0.45,,-6.47752989613e-18,-6.47752989613e-18,0.0
0.8722865853658491,3179.0,0.000274390243903,0.45,,-6.47752989613e-18,-6.47752989613e-18,0.0
0.8725609756097515,3180.0,0.000274390243902,0.45,,-6.47752989613e-18,-6.47752989613e-18,0.0
0.872835365853654,3181.0,0.000274390243902,0.45,,-6.47752989613e-18,-6.47752989613e-18,0.0
0.8731097560975564,3182.0,0.000274390243902,0.45,,-6.47752989613e-18,-6.47752989613e-18,0.0
0.8733841463414589,3183.0,0.000274390243903,0.45,,-6.47752989613e-18,-6.47752989613e-18,0.0
0.8736585365853613,3184.0,0.000274390243902,0.45,,-6.47752989613e-18,-6.47752989613e-18,0.0
0.8739329268292637,3185.0,0.000274390243902,0.45,,-6.47752989613e-18,-6.47752989613e-18,0.0
0.8742073170731661,3186.0,0.000274390243902,0.45,,-6.47752989613e-18,-6.47752989613e-18,0.0
0.8744817073170686,3187.0,0.000274390243903,0.45,,-6.47752989613e-18,-6.47752989613e-18,0.0
0.8747560975609711,3188.0,0.000274390243902,0.45,,-6.47752989613e-18,-6.47752989613e-18,0.0
0.8750304878048735,3189.0,0.000274390243902,0.45,,-6.47752989613e-18,-6.47752989613e-18,0.0
0.8753048780487759,3190.0,0.000274390243902,0.45,,-6.47752989613e-18,-6.47752989613e-18,0.0
0.8755792682926783,3191.0,0.000274390243902,0.45,,-6.47752989613e-18,-6.47752989613e-18,0.0
0.8758536585365808,3192.0,0.000274390243903,0.45,,-6.47752989613e-18,-6.47752989613e-18,0.0
0.8761280487804832,3193.0,0.000274390243902,0.45,,-6.47752989613e-18,-6.47752989613e-18,0.0
0.8764024390243856,3194.0,0.000274390243902,0.45,,-6.47752989613e-18,-6.47752989613e-18,0.0
0.876676829268288,3195.0,0.000274390243902,0.45,,-6.47752989613e-18,-6.47752989613e-18,0.0
0.8769512195121906,3196.0,0.000274390243903,0.45,,-6.47752989613e-18,-6.47752989613e-18,0.0
0.877225609756093,3197.0,0.000274390243902,0.45,,-6.47752989613e-18,-6.47752989613e-18,0.0
0.8774999999999954,3198.0,0.000274390243902,0.45,,-6.47752989613e-18,-6.47752989613e-18,0.0
0.8777743902438978,3199.0,0.000274390243902,0.45,,-6.47752989613e-18,-6.47752989613e-18,0.0
0.8780487804878003,3200.0,0.000274390243903,0.45,,-6.47752989613e-18,-6.47752989613e-18,0.0
0.8783231707317027,3201.0,0.000274390243902,0.45,,-6.47752989613e-18,-6.47752989613e-18,0.0
0.8785975609756052,3202.0,0.000274390243902,0.45,,-6.47752989613e-18,-6.47752989613e-18,0.0
0.8788719512195076,3203.0,0.000274390243902,0.45,,-6.47752989613e-18,-6.47752989613e-18,0.0
0.8791463414634101,3204.0,0.000274390243903,0.45,,-6.47752989613e-18,-6.47752989613e-18,0.0
0.8794207317073125,3205.0,0.000274390243902,0.45,,-6.47752989613e-18,-6.47752989613e-18,0.0
0.8796951219512149,3206.0,0.000274390243902,0.45,,-6.47752989613e-18,-6.47752989613e-18,0.0
0.8799695121951173,3207.0,0.000274390243902,0.45,,-6.47752989613e-18,-6.47752989613e-18,0.0
0.8802439024390197,3208.0,0.000274390243902,0.45,,-6.47752989613e-18,-6.47752989613e-18,0.0
0.8805182926829223,3209.0,0.000274390243903,0.45,,-6.47752989613e-18,-6.47752989613e-18,0.0
0.8807926829268247,3210.0,0.000274390243902,0.45,,-6.47752989613e-18,-6.47752989613e-18,0.0
0.8810670731707271,3211.0,0.000274390243902,0.45,,-6.47752989613e-18,-6.47752989613e-18,0.0
0.8813414634146295,3212.0,0.000274390243902,0.45,,-6.47752989613e-18,-6.47752989613e-18,0.0
0.881615853658532,3213.0,0.000274390243903,0.45,,-6.47752989613e-18,-6.47752989613e-18,0.0
0.8818902439024344,3214.0,0.000274390243902,0.45,,-6.47752989613e-18,-6.47752989613e-18,0.0
0.8821646341463368,3215.0,0.000274390243902,0.45,,-6.47752989613e-18,-6.47752989613e-18,0.0
0.8824390243902392,3216.0,0.000274390243902,0.45,,-6.47752989613e-18,-6.47752989613e-18,0.0
0.8827134146341418,3217.0,0.000274390243903,0.45,,-6.47752989613e-18,-6.47752989613e-18,0.0
0.8829878048780442,3218.0,0.000274390243902,0.45,,-6.47752989613e-18,-6.47752989613e-18,0.0
0.8832621951219466,3219.0,0.000274390243902,0.45,,-6.47752989613e-18,-6.47752989613e-18,0.0
0.883536585365849,3220.0,0.000274390243902,0.45,,-6.47752989613e-18,-6.47752989613e-18,0.0
0.8838109756097514,3221.0,0.000274390243902,0.45,,-6.47752989613e-18,-6.47752989613e-18,0.0
0.8840853658536539,3222.0,0.000274390243903,0.45,,-6.47752989613e-18,-6.47752989613e-18,0.0
0.8843597560975563,3223.0,0.000274390243902,0.45,,-6.47752989613e-18,-6.47752989613e-18,0.0
0.8846341463414588,3224.0,0.000274390243902,0.45,,-6.47752989613e-18,-6.47752989613e-18,0.0
0.8849085365853612,3225.0,0.000274390243902,0.45,,-6.47752989613e-18,-6.47752989613e-18,0.0
0.8851829268292637,3226.0,0.000274390243903,0.45,,-6.47752989613e-18,-6.47752989613e-18,0.0
0.8854573170731661,3227.0,0.000274390243902,0.45,,-6.47752989613e-18,-6.47752989613e-18,0.0
0.8857317073170685,3228.0,0.000274390243902,0.45,,-6.47752989613e-18,-6.47752989613e-18,0.0
0.8860060975609709,3229.0,0.000274390243902,0.45,,-6.47752989613e-18,-6.47752989613e-18,0.0
0.8862804878048735,3230.0,0.000274390243903,0.45,,-6.47752989613e-18,-6.47752989613e-18,0.0
0.8865548780487759,3231.0,0.000274390243902,0.45,,-6.47752989613e-18,-6.47752989613e-18,0.0
0.8868292682926783,3232.0,0.000274390243902,0.45,,-6.47752989613e-18,-6.47752989613e-18,0.0
0.8871036585365807,3233.0,0.000274390243902,0.45,,-6.47752989613e-18,-6.47752989613e-18,0.0
0.8873780487804832,3234.0,0.000274390243903,0.45,,-6.47752989613e-18,-6.47752989613e-18,0.0
0.8876524390243856,3235.0,0.000274390243902,0.45,,-6.47752989613e-18,-6.47752989613e-18,0.0
0.887926829268288,3236.0,0.000274390243902,0.45,,-6.47752989613e-18,-6.47752989613e-18,0.0
0.8882012195121904,3237.0,0.000274390243902,0.45,,-6.47752989613e-18,-6.47752989613e-18,0.0
0.8884756097560929,3238.0,0.000274390243902,0.45,,-6.47752989613e-18,-6.47752989613e-18,0.0
0.8887499999999954,3239.0,0.000274390243903,0.45,,-6.47752989613e-18,-6.47752989613e-18,0.0
0.8890243902438978,3240.0,0.000274390243902,0.45,,-6.47752989613e-18,-6.47752989613e-18,0.0
0.8892987804878002,3241.0,0.000274390243902,0.45,,-6.47752989613e-18,-6.47752989613e-18,0.0
0.8895731707317026,3242.0,0.000274390243902,0.45,,-6.47752989613e-18,-6.47752989613e-18,0.0
0.8898475609756051,3243.0,0.000274390243903,0.45,,-6.47752989613e-18,-6.47752989613e-18,0.0
0.8901219512195075,3244.0,0.000274390243902,0.45,,-6.47752989613e-18,-6.47752989613e-18,0.0
0.89039634146341,3245.0,0.000274390243902,0.45,,-6.47752989613e-18,-6.47752989613e-18,0.0
0.8906707317073124,3246.0,0.000274390243902,0.45,,-6.47752989613e-18,-6.47752989613e-18,0.0
0.8909451219512149,3247.0,0.000274390243903,0.45,,-6.47752989613e-18,-6.47752989613e-18,0.0
0.8912195121951173,3248.0,0.000274390243902,0.45,,-6.47752989613e-18,-6.47752989613e-18,0.0
0.8914939024390197,3249.0,0.000274390243902,0.45,,-6.47752989613e-18,-6.47752989613e-18,0.0
0.8917682926829221,3250.0,0.000274390243902,0.45,,-6.47752989613e-18,-6.47752989613e-18,0.0
0.8920426829268246,3251.0,0.000274390243903,0.45,,-6.47752989613e-18,-6.47752989613e-18,0.0
0.8923170731707271,3252.0,0.000274390243902,0.45,,-6.47752989613e-18,-6.47752989613e-18,0.0
0.8925914634146295,3253.0,0.000274390243902,0.45,,-6.47752989613e-18,-6.47752989613e-18,0.0
0.8928658536585319,3254.0,0.000274390243902,0.45,,-6.47752989613e-18,-6.47752989613e-18,0.0
0.8931402439024343,3255.0,0.000274390243902,0.45,,-6.47752989613e-18,-6.47752989613e-18,0.0
0.8934146341463368,3256.0,0.000274390243903,0.45,,-6.47752989613e-18,-6.47752989613e-18,0.0
0.8936890243902392,3257.0,0.000274390243902,0.45,,-6.47752989613e-18,-6.47752989613e-18,0.0
0.8939634146341416,3258.0,0.000274390243902,0.45,,-6.47752989613e-18,-6.47752989613e-18,0.0
0.894237804878044,3259.0,0.000274390243902,0.45,,-6.47752989613e-18,-6.47752989613e-18,0.0
0.8945121951219466,3260.0,0.000274390243903,0.45,,-6.47752989613e-18,-6.47752989613e-18,0.0
0.894786585365849,3261.0,0.000274390243902,0.45,,-6.47752989613e-18,-6.47752989613e-18,0.0
0.8950609756097514,3262.0,0.000274390243902,0.45,,-6.47752989613e-18,-6.47752989613e-18,0.0
0.8953353658536538,3263.0,0.000274390243902,0.45,,-6.47752989613e-18,-6.47752989613e-18,0.0
0.8956097560975563,3264.0,0.000274390243903,0.45,,-6.47752989613e-18,-6.47752989613e-18,0.0
0.8958841463414587,3265.0,0.000274390243902,0.45,,-6.47752989613e-18,-6.47752989613e-18,0.0
0.8961585365853612,3266.0,0.000274390243902,0.45,,-6.47752989613e-18,-6.47752989613e-18,0.0
0.8964329268292636,3267.0,0.000274390243902,0.45,,-6.47752989613e-18,-6.47752989613e-18,0.0
0.8967073170731661,3268.0,0.000274390243903,0.45,,-6.47752989613e-18,-6.47752989613e-18,0.0
0.8969817073170685,3269.0,0.000274390243902,0.45,,-6.47752989613e-18,-6.47752989613e-18,0.0
0.8972560975609709,3270.0,0.000274390243902,0.45,,-6.47752989613e-18,-6.47752989613e-18,0.0
0.8975304878048733,3271.0,0.000274390243902,0.45,,-6.47752989613e-18,-6.47752989613e-18,0.0
0.8978048780487757,3272.0,0.000274390243902,0.45,,-6.47752989613e-18,-6.47752989613e-18,0.0
0.8980792682926783,3273.0,0.000274390243903,0.45,,-6.47752989613e-18,-6.47752989613e-18,0.0
0.8983536585365807,3274.0,0.000274390243902,0.45,,-6.47752989613e-18,-6.47752989613e-18,0.0
0.8986280487804831,3275.0,0.000274390243902,0.45,,-6.47752989613e-18,-6.47752989613e-18,0.0
0.8989024390243855,3276.0,0.000274390243902,0.45,,-6.47752989613e-18,-6.47752989613e-18,0.0
0.899176829268288,3277.0,0.000274390243903,0.45,,-6.47752989613e-18,-6.47752989613e-18,0.0
0.8994512195121904,3278.0,0.000274390243902,0.45,,-6.47752989613e-18,-6.47752989613e-18,0.0
0.8997256097560928,3279.0,0.000274390243902,0.45,,-6.47752989613e-18,-6.47752989613e-18,0.0
0.8999999999999952,3280.0,0.000274390243902,0.45,,-6.47752989613e-18,-6.47752989613e-18,0.0
0.9002743902438978,3281.0,0.000274390243903,0.45,,-6.47752989613e-18,-6.47752989613e-18,0.0
0.9005487804878002,3282.0,0.000274390243902,0.45,,-6.47752989613e-18,-6.47752989613e-18,0.0
0.9008231707317026,3283.0,0.000274390243902,0.45,,-6.47752989613e-18,-6.47752989613e-18,0.0
0.901097560975605,3284.0,0.000274390243902,0.45,,-6.47752989613e-18,-6.47752989613e-18,0.0
0.9013719512195075,3285.0,0.000274390243903,0.45,,-6.47752989613e-18,-6.47752989613e-18,0.0
0.9016463414634099,3286.0,0.000274390243902,0.45,,-6.47752989613e-18,-6.47752989613e-18,0.0
0.9019207317073124,3287.0,0.000274390243902,0.45,,-6.47752989613e-18,-6.47752989613e-18,0.0
0.9021951219512148,3288.0,0.000274390243902,0.45,,-6.47752989613e-18,-6.47752989613e-18,0.0
0.9024695121951172,3289.0,0.000274390243902,0.45,,-6.47752989613e-18,-6.47752989613e-18,0.0
0.9027439024390197,3290.0,0.000274390243903,0.45,,-6.47752989613e-18,-6.47752989613e-18,0.0
0.9030182926829221,3291.0,0.000274390243902,0.45,,-6.47752989613e-18,-6.47752989613e-18,0.0
0.9032926829268245,3292.0,0.000274390243902,0.45,,-6.47752989613e-18,-6.47752989613e-18,0.0
0.9035670731707269,3293.0,0.000274390243902,0.45,,-6.47752989613e-18,-6.47752989613e-18,0.0
0.9038414634146295,3294.0,0.000274390243903,0.45,,-6.47752989613e-18,-6.47752989613e-18,0.0
0.9041158536585319,3295.0,0.000274390243902,0.45,,-6.47752989613e-18,-6.47752989613e-18,0.0
0.9043902439024343,3296.0,0.000274390243902,0.45,,-6.47752989613e-18,-6.47752989613e-18,0.0
0.9046646341463367,3297.0,0.000274390243902,0.45,,-6.47752989613e-18,-6.47752989613e-18,0.0
0.9049390243902392,3298.0,0.000274390243903,0.45,,-6.47752989613e-18,-6.47752989613e-18,0.0
0.9052134146341416,3299.0,0.000274390243902,0.45,,-6.47752989613e-18,-6.47752989613e-18,0.0
0.905487804878044,3300.0,0.000274390243902,0.45,,-6.47752989613e-18,-6.47752989613e-18,0.0
0.9057621951219464,3301.0,0.000274390243902,0.45,,-6.47752989613e-18,-6.47752989613e-18,0.0
0.906036585365849,3302.0,0.000274390243903,0.45,,-6.47752989613e-18,-6.47752989613e-18,0.0
0.9063109756097514,3303.0,0.000274390243902,0.45,,-6.47752989613e-18,-6.47752989613e-18,0.0
0.9065853658536538,3304.0,0.000274390243902,0.45,,-6.47752989613e-18,-6.47752989613e-18,0.0
0.9068597560975562,3305.0,0.000274390243902,0.45,,-6.47752989613e-18,-6.47752989613e-18,0.0
0.9071341463414586,3306.0,0.000274390243902,0.45,,-6.47752989613e-18,-6.47752989613e-18,0.0
0.9074085365853611,3307.0,0.000274390243903,0.45,,-6.47752989613e-18,-6.47752989613e-18,0.0
0.9076829268292635,3308.0,0.000274390243902,0.45,,-6.47752989613e-18,-6.47752989613e-18,0.0
0.907957317073166,3309.0,0.000274390243902,0.45,,-6.47752989613e-18,-6.47752989613e-18,0.0
0.9082317073170684,3310.0,0.000274390243902,0.45,,-6.47752989613e-18,-6.47752989613e-18,0.0
0.9085060975609709,3311.0,0.000274390243903,0.45,,-6.47752989613e-18,-6.47752989613e-18,0.0
0.9087804878048733,3312.0,0.000274390243902,0.45,,-6.47752989613e-18,-6.47752989613e-18,0.0
0.9090548780487757,3313.0,0.000274390243902,0.45,,-6.47752989613e-18,-6.47752989613e-18,0.0
0.9093292682926781,3314.0,0.000274390243902,0.45,,-6.47752989613e-18,-6.47752989613e-18,0.0
0.9096036585365807,3315.0,0.000274390243903,0.45,,-6.47752989613e-18,-6.47752989613e-18,0.0
0.9098780487804831,3316.0,0.000274390243902,0.45,,-6.47752989613e-18,-6.47752989613e-18,0.0
0.9101524390243855,3317.0,0.000274390243902,0.45,,-6.47752989613e-18,-6.47752989613e-18,0.0
0.9104268292682879,3318.0,0.000274390243902,0.45,,-6.47752989613e-18,-6.47752989613e-18,0.0
0.9107012195121904,3319.0,0.000274390243903,0.45,,-6.47752989613e-18,-6.47752989613e-18,0.0
0.9109756097560928,3320.0,0.000274390243902,0.45,,-6.47752989613e-18,-6.47752989613e-18,0.0
0.9112499999999952,3321.0,0.000274390243902,0.45,,-6.47752989613e-18,-6.47752989613e-18,0.0
0.9115243902438976,3322.0,0.000274390243902,0.45,,-6.47752989613e-18,-6.47752989613e-18,0.0
0.9117987804878,3323.0,0.000274390243902,0.45,,-6.47752989613e-18,-6.47752989613e-18,0.0
0.9120731707317026,3324.0,0.000274390243903,0.45,,-6.47752989613e-18,-6.47752989613e-18,0.0
0.912347560975605,3325.0,0.000274390243902,0.45,,-6.47752989613e-18,-6.47752989613e-18,0.0
0.9126219512195074,3326.0,0.000274390243902,0.45,,-6.47752989613e-18,-6.47752989613e-18,0.0
0.9128963414634098,3327.0,0.000274390243902,0.45,,-6.47752989613e-18,-6.47752989613e-18,0.0
0.9131707317073123,3328.0,0.000274390243903,0.45,,-6.47752989613e-18,-6.47752989613e-18,0.0
0.9134451219512147,3329.0,0.000274390243902,0.45,,-6.47752989613e-18,-6.47752989613e-18,0.0
0.9137195121951172,3330.0,0.000274390243902,0.45,,-6.47752989613e-18,-6.47752989613e-18,0.0
0.9139939024390196,3331.0,0.000274390243902,0.45,,-6.47752989613e-18,-6.47752989613e-18,0.0
0.9142682926829221,3332.0,0.000274390243903,0.45,,-6.47752989613e-18,-6.47752989613e-18,0.0
0.9145426829268245,3333.0,0.000274390243902,0.45,,-6.47752989613e-18,-6.47752989613e-18,0.0
0.9148170731707269,3334.0,0.000274390243902,0.45,,-6.47752989613e-18,-6.47752989613e-18,0.0
0.9150914634146293,3335.0,0.000274390243902,0.45,,-6.47752989613e-18,-6.47752989613e-18,0.0
0.9153658536585318,3336.0,0.000274390243903,0.45,,-6.47752989613e-18,-6.47752989613e-18,0.0
0.9156402439024343,3337.0,0.000274390243902,0.45,,-6.47752989613e-18,-6.47752989613e-18,0.0
0.9159146341463367,3338.0,0.000274390243902,0.45,,-6.47752989613e-18,-6.47752989613e-18,0.0
0.9161890243902391,3339.0,0.000274390243902,0.45,,-6.47752989613e-18,-6.47752989613e-18,0.0
0.9164634146341415,3340.0,0.000274390243902,0.45,,-6.47752989613e-18,-6.47752989613e-18,0.0
0.916737804878044,3341.0,0.000274390243903,0.45,,-6.47752989613e-18,-6.47752989613e-18,0.0
0.9170121951219464,3342.0,0.000274390243902,0.45,,-6.47752989613e-18,-6.47752989613e-18,0.0
0.9172865853658488,3343.0,0.000274390243902,0.45,,-6.47752989613e-18,-6.47752989613e-18,0.0
0.9175609756097513,3344.0,0.000274390243902,0.45,,-6.47752989613e-18,-6.47752989613e-18,0.0
0.9178353658536538,3345.0,0.000274390243903,0.45,,-6.47752989613e-18,-6.47752989613e-18,0.0
0.9181097560975562,3346.0,0.000274390243902,0.45,,-6.47752989613e-18,-6.47752989613e-18,0.0
0.9183841463414586,3347.0,0.000274390243902,0.45,,-6.47752989613e-18,-6.47752989613e-18,0.0
0.918658536585361,3348.0,0.000274390243902,0.45,,-6.47752989613e-18,-6.47752989613e-18,0.0
0.9189329268292635,3349.0,0.000274390243903,0.45,,-6.47752989613e-18,-6.47752989613e-18,0.0
0.9192073170731659,3350.0,0.000274390243902,0.45,,-6.47752989613e-18,-6.47752989613e-18,0.0
0.9194817073170684,3351.0,0.000274390243902,0.45,,-6.47752989613e-18,-6.47752989613e-18,0.0
0.9197560975609708,3352.0,0.000274390243902,0.45,,-6.47752989613e-18,-6.47752989613e-18,0.0
0.9200304878048732,3353.0,0.000274390243902,0.45,,-6.47752989613e-18,-6.47752989613e-18,0.0
0.9203048780487757,3354.0,0.000274390243903,0.45,,-6.47752989613e-18,-6.47752989613e-18,0.0
0.9205792682926781,3355.0,0.000274390243902,0.45,,-6.47752989613e-18,-6.47752989613e-18,0.0
0.9208536585365805,3356.0,0.000274390243902,0.45,,-6.47752989613e-18,-6.47752989613e-18,0.0
0.9211280487804829,3357.0,0.000274390243902,0.45,,-6.47752989613e-18,-6.47752989613e-18,0.0
0.9214024390243855,3358.0,0.000274390243903,0.45,,-6.47752989613e-18,-6.47752989613e-18,0.0
0.9216768292682879,3359.0,0.000274390243902,0.45,,-6.47752989613e-18,-6.47752989613e-18,0.0
0.9219512195121903,3360.0,0.000274390243902,0.45,,-6.47752989613e-18,-6.47752989613e-18,0.0
0.9222256097560927,3361.0,0.000274390243902,0.45,,-6.47752989613e-18,-6.47752989613e-18,0.0
0.9224999999999952,3362.0,0.000274390243903,0.45,,-6.47752989613e-18,-6.47752989613e-18,0.0
0.9227743902438976,3363.0,0.000274390243902,0.45,,-6.47752989613e-18,-6.47752989613e-18,0.0
0.9230487804878,3364.0,0.000274390243902,0.45,,-6.47752989613e-18,-6.47752989613e-18,0.0
0.9233231707317024,3365.0,0.000274390243902,0.45,,-6.47752989613e-18,-6.47752989613e-18,0.0
0.923597560975605,3366.0,0.000274390243903,0.45,,-6.47752989613e-18,-6.47752989613e-18,0.0
0.9238719512195074,3367.0,0.000274390243902,0.45,,-6.47752989613e-18,-6.47752989613e-18,0.0
0.9241463414634098,3368.0,0.000274390243902,0.45,,-6.47752989613e-18,-6.47752989613e-18,0.0
0.9244207317073122,3369.0,0.000274390243902,0.45,,-6.47752989613e-18,-6.47752989613e-18,0.0
0.9246951219512146,3370.0,0.000274390243902,0.45,,-6.47752989613e-18,-6.47752989613e-18,0.0
0.9249695121951171,3371.0,0.000274390243903,0.45,,-6.47752989613e-18,-6.47752989613e-18,0.0
0.9252439024390195,3372.0,0.000274390243902,0.45,,-6.47752989613e-18,-6.47752989613e-18,0.0
0.925518292682922,3373.0,0.000274390243902,0.45,,-6.47752989613e-18,-6.47752989613e-18,0.0
0.9257926829268244,3374.0,0.000274390243902,0.45,,-6.47752989613e-18,-6.47752989613e-18,0.0
0.9260670731707269,3375.0,0.000274390243903,0.45,,-6.47752989613e-18,-6.47752989613e-18,0.0
0.9263414634146293,3376.0,0.000274390243902,0.45,,-6.47752989613e-18,-6.47752989613e-18,0.0
0.9266158536585317,3377.0,0.000274390243902,0.45,,-6.47752989613e-18,-6.47752989613e-18,0.0
0.9268902439024341,3378.0,0.000274390243902,0.45,,-6.47752989613e-18,-6.47752989613e-18,0.0
0.9271646341463367,3379.0,0.000274390243903,0.45,,-6.47752989613e-18,-6.47752989613e-18,0.0
0.9274390243902391,3380.0,0.000274390243902,0.45,,-6.47752989613e-18,-6.47752989613e-18,0.0
0.9277134146341415,3381.0,0.000274390243902,0.45,,-6.47752989613e-18,-6.47752989613e-18,0.0
0.9279878048780439,3382.0,0.000274390243902,0.45,,-6.47752989613e-18,-6.47752989613e-18,0.0
0.9282621951219464,3383.0,0.000274390243903,0.45,,-6.47752989613e-18,-6.47752989613e-18,0.0
0.9285365853658488,3384.0,0.000274390243902,0.45,,-6.47752989613e-18,-6.47752989613e-18,0.0
0.9288109756097512,3385.0,0.000274390243902,0.45,,-6.47752989613e-18,-6.47752989613e-18,0.0
0.9290853658536536,3386.0,0.000274390243902,0.45,,-6.47752989613e-18,-6.47752989613e-18,0.0
0.9293597560975561,3387.0,0.000274390243902,0.45,,-6.47752989613e-18,-6.47752989613e-18,0.0
0.9296341463414586,3388.0,0.000274390243903,0.45,,-6.47752989613e-18,-6.47752989613e-18,0.0
0.929908536585361,3389.0,0.000274390243902,0.45,,-6.47752989613e-18,-6.47752989613e-18,0.0
0.9301829268292634,3390.0,0.000274390243902,0.45,,-6.47752989613e-18,-6.47752989613e-18,0.0
0.9304573170731658,3391.0,0.000274390243902,0.45,,-6.47752989613e-18,-6.47752989613e-18,0.0
0.9307317073170683,3392.0,0.000274390243903,0.45,,-6.47752989613e-18,-6.47752989613e-18,0.0
0.9310060975609707,3393.0,0.000274390243902,0.45,,-6.47752989613e-18,-6.47752989613e-18,0.0
0.9312804878048732,3394.0,0.000274390243902,0.45,,-6.47752989613e-18,-6.47752989613e-18,0.0
0.9315548780487756,3395.0,0.000274390243902,0.45,,-6.47752989613e-18,-6.47752989613e-18,0.0
0.9318292682926781,3396.0,0.000274390243903,0.45,,-6.47752989613e-18,-6.47752989613e-18,0.0
0.9321036585365805,3397.0,0.000274390243902,0.45,,-6.47752989613e-18,-6.47752989613e-18,0.0
0.9323780487804829,3398.0,0.000274390243902,0.45,,-6.47752989613e-18,-6.47752989613e-18,0.0
0.9326524390243853,3399.0,0.000274390243902,0.45,,-6.47752989613e-18,-6.47752989613e-18,0.0
0.9329268292682878,3400.0,0.000274390243903,0.45,,-6.47752989613e-18,-6.47752989613e-18,0.0
0.9332012195121903,3401.0,0.000274390243902,0.45,,-6.47752989613e-18,-6.47752989613e-18,0.0
0.9334756097560927,3402.0,0.000274390243902,0.45,,-6.47752989613e-18,-6.47752989613e-18,0.0
0.9337499999999951,3403.0,0.000274390243902,0.45,,-6.47752989613e-18,-6.47752989613e-18,0.0
0.9340243902438975,3404.0,0.000274390243902,0.45,,-6.47752989613e-18,-6.47752989613e-18,0.0
0.9342987804878,3405.0,0.000274390243903,0.45,,-6.47752989613e-18,-6.47752989613e-18,0.0
0.9345731707317024,3406.0,0.000274390243902,0.45,,-6.47752989613e-18,-6.47752989613e-18,0.0
0.9348475609756048,3407.0,0.000274390243902,0.45,,-6.47752989613e-18,-6.47752989613e-18,0.0
0.9351219512195073,3408.0,0.000274390243902,0.45,,-6.47752989613e-18,-6.47752989613e-18,0.0
0.9353963414634098,3409.0,0.000274390243903,0.45,,-6.47752989613e-18,-6.47752989613e-18,0.0
0.9356707317073122,3410.0,0.000274390243902,0.45,,-6.47752989613e-18,-6.47752989613e-18,0.0
0.9359451219512146,3411.0,0.000274390243902,0.45,,-6.47752989613e-18,-6.47752989613e-18,0.0
0.936219512195117,3412.0,0.000274390243902,0.45,,-6.47752989613e-18,-6.47752989613e-18,0.0
0.9364939024390195,3413.0,0.000274390243903,0.45,,-6.47752989613e-18,-6.47752989613e-18,0.0
0.9367682926829219,3414.0,0.000274390243902,0.45,,-6.47752989613e-18,-6.47752989613e-18,0.0
0.9370426829268244,3415.0,0.000274390243902,0.45,,-6.47752989613e-18,-6.47752989613e-18,0.0
0.9373170731707268,3416.0,0.000274390243902,0.45,,-6.47752989613e-18,-6.47752989613e-18,0.0
0.9375914634146293,3417.0,0.000274390243903,0.45,,-6.47752989613e-18,-6.47752989613e-18,0.0
0.9378658536585317,3418.0,0.000274390243902,0.45,,-6.47752989613e-18,-6.47752989613e-18,0.0
0.9381402439024341,3419.0,0.000274390243902,0.45,,-6.47752989613e-18,-6.47752989613e-18,0.0
0.9384146341463365,3420.0,0.000274390243902,0.45,,-6.47752989613e-18,-6.47752989613e-18,0.0
0.9386890243902389,3421.0,0.000274390243902,0.45,,-6.47752989613e-18,-6.47752989613e-18,0.0
0.9389634146341415,3422.0,0.000274390243903,0.45,,-6.47752989613e-18,-6.47752989613e-18,0.0
0.9392378048780439,3423.0,0.000274390243902,0.45,,-6.47752989613e-18,-6.47752989613e-18,0.0
0.9395121951219463,3424.0,0.000274390243902,0.45,,-6.47752989613e-18,-6.47752989613e-18,0.0
0.9397865853658487,3425.0,0.000274390243902,0.45,,-6.47752989613e-18,-6.47752989613e-18,0.0
0.9400609756097512,3426.0,0.000274390243903,0.45,,-6.47752989613e-18,-6.47752989613e-18,0.0
0.9403353658536536,3427.0,0.000274390243902,0.45,,-6.47752989613e-18,-6.47752989613e-18,0.0
0.940609756097556,3428.0,0.000274390243902,0.45,,-6.47752989613e-18,-6.47752989613e-18,0.0
0.9408841463414584,3429.0,0.000274390243902,0.45,,-6.47752989613e-18,-6.47752989613e-18,0.0
0.941158536585361,3430.0,0.000274390243903,0.45,,-6.47752989613e-18,-6.47752989613e-18,0.0
0.9414329268292634,3431.0,0.000274390243902,0.45,,-6.47752989613e-18,-6.47752989613e-18,0.0
0.9417073170731658,3432.0,0.000274390243902,0.45,,-6.47752989613e-18,-6.47752989613e-18,0.0
0.9419817073170682,3433.0,0.000274390243902,0.45,,-6.47752989613e-18,-6.47752989613e-18,0.0
0.9422560975609707,3434.0,0.000274390243903,0.45,,-6.47752989613e-18,-6.47752989613e-18,0.0
0.9425304878048731,3435.0,0.000274390243902,0.45,,-6.47752989613e-18,-6.47752989613e-18,0.0
0.9428048780487756,3436.0,0.000274390243902,0.45,,-6.47752989613e-18,-6.47752989613e-18,0.0
0.943079268292678,3437.0,0.000274390243902,0.45,,-6.47752989613e-18,-6.47752989613e-18,0.0
0.9433536585365804,3438.0,0.000274390243902,0.45,,-6.47752989613e-18,-6.47752989613e-18,0.0
0.9436280487804829,3439.0,0.000274390243903,0.45,,-6.47752989613e-18,-6.47752989613e-18,0.0
0.9439024390243853,3440.0,0.000274390243902,0.45,,-6.47752989613e-18,-6.47752989613e-18,0.0
0.9441768292682877,3441.0,0.000274390243902,0.45,,-6.47752989613e-18,-6.47752989613e-18,0.0
0.9444512195121901,3442.0,0.000274390243902,0.45,,-6.47752989613e-18,-6.47752989613e-18,0.0
0.9447256097560927,3443.0,0.000274390243903,0.45,,-6.47752989613e-18,-6.47752989613e-18,0.0
0.9449999999999951,3444.0,0.000274390243902,0.45,,-6.47752989613e-18,-6.47752989613e-18,0.0
0.9452743902438975,3445.0,0.000274390243902,0.45,,-6.47752989613e-18,-6.47752989613e-18,0.0
0.9455487804877999,3446.0,0.000274390243902,0.45,,-6.47752989613e-18,-6.47752989613e-18,0.0
0.9458231707317024,3447.0,0.000274390243903,0.45,,-6.47752989613e-18,-6.47752989613e-18,0.0
0.9460975609756048,3448.0,0.000274390243902,0.45,,-6.47752989613e-18,-6.47752989613e-18,0.0
0.9463719512195072,3449.0,0.000274390243902,0.45,,-6.47752989613e-18,-6.47752989613e-18,0.0
0.9466463414634096,3450.0,0.000274390243902,0.45,,-6.47752989613e-18,-6.47752989613e-18,0.0
0.9469207317073122,3451.0,0.000274390243903,0.45,,-6.47752989613e-18,-6.47752989613e-18,0.0
0.9471951219512146,3452.0,0.000274390243902,0.45,,-6.47752989613e-18,-6.47752989613e-18,0.0
0.947469512195117,3453.0,0.000274390243902,0.45,,-6.47752989613e-18,-6.47752989613e-18,0.0
0.9477439024390194,3454.0,0.000274390243902,0.45,,-6.47752989613e-18,-6.47752989613e-18,0.0
0.9480182926829218,3455.0,0.000274390243902,0.45,,-6.47752989613e-18,-6.47752989613e-18,0.0
0.9482926829268243,3456.0,0.000274390243903,0.45,,-6.47752989613e-18,-6.47752989613e-18,0.0
0.9485670731707267,3457.0,0.000274390243902,0.45,,-6.47752989613e-18,-6.47752989613e-18,0.0
0.9488414634146292,3458.0,0.000274390243902,0.45,,-6.47752989613e-18,-6.47752989613e-18,0.0
0.9491158536585316,3459.0,0.000274390243902,0.45,,-6.47752989613e-18,-6.47752989613e-18,0.0
0.9493902439024341,3460.0,0.000274390243903,0.45,,-6.47752989613e-18,-6.47752989613e-18,0.0
0.9496646341463365,3461.0,0.000274390243902,0.45,,-6.47752989613e-18,-6.47752989613e-18,0.0
0.9499390243902389,3462.0,0.000274390243902,0.45,,-6.47752989613e-18,-6.47752989613e-18,0.0
0.9502134146341413,3463.0,0.000274390243902,0.45,,-6.47752989613e-18,-6.47752989613e-18,0.0
0.9504878048780439,3464.0,0.000274390243903,0.45,,-6.47752989613e-18,-6.47752989613e-18,0.0
0.9507621951219463,3465.0,0.000274390243902,0.45,,-6.47752989613e-18,-6.47752989613e-18,0.0
0.9510365853658487,3466.0,0.000274390243902,0.45,,-6.47752989613e-18,-6.47752989613e-18,0.0
0.9513109756097511,3467.0,0.000274390243902,0.45,,-6.47752989613e-18,-6.47752989613e-18,0.0
0.9515853658536536,3468.0,0.000274390243903,0.45,,-6.47752989613e-18,-6.47752989613e-18,0.0
0.951859756097556,3469.0,0.000274390243902,0.45,,-6.47752989613e-18,-6.47752989613e-18,0.0
0.9521341463414584,3470.0,0.000274390243902,0.45,,-6.47752989613e-18,-6.47752989613e-18,0.0
0.9524085365853608,3471.0,0.000274390243902,0.45,,-6.47752989613e-18,-6.47752989613e-18,0.0
0.9526829268292633,3472.0,0.000274390243902,0.45,,-6.47752989613e-18,-6.47752989613e-18,0.0
0.9529573170731658,3473.0,0.000274390243903,0.45,,-6.47752989613e-18,-6.47752989613e-18,0.0
0.9532317073170682,3474.0,0.000274390243902,0.45,,-6.47752989613e-18,-6.47752989613e-18,0.0
0.9535060975609706,3475.0,0.000274390243902,0.45,,-6.47752989613e-18,-6.47752989613e-18,0.0
0.953780487804873,3476.0,0.000274390243902,0.45,,-6.47752989613e-18,-6.47752989613e-18,0.0
0.9540548780487755,3477.0,0.000274390243903,0.45,,-6.47752989613e-18,-6.47752989613e-18,0.0
0.954329268292678,3478.0,0.000274390243902,0.45,,-6.47752989613e-18,-6.47752989613e-18,0.0
0.9546036585365804,3479.0,0.000274390243902,0.45,,-6.47752989613e-18,-6.47752989613e-18,0.0
0.9548780487804828,3480.0,0.000274390243902,0.45,,-6.47752989613e-18,-6.47752989613e-18,0.0
0.9551524390243853,3481.0,0.000274390243903,0.45,,-6.47752989613e-18,-6.47752989613e-18,0.0
0.9554268292682877,3482.0,0.000274390243902,0.45,,-6.47752989613e-18,-6.47752989613e-18,0.0
0.9557012195121901,3483.0,0.000274390243902,0.45,,-6.47752989613e-18,-6.47752989613e-18,0.0
0.9559756097560925,3484.0,0.000274390243902,0.45,,-6.47752989613e-18,-6.47752989613e-18,0.0
0.9562499999999949,3485.0,0.000274390243902,0.45,,-6.47752989613e-18,-6.47752989613e-18,0.0
0.9565243902438975,3486.0,0.000274390243903,0.45,,-6.47752989613e-18,-6.47752989613e-18,0.0
0.9567987804877999,3487.0,0.000274390243902,0.45,,-6.47752989613e-18,-6.47752989613e-18,0.0
0.9570731707317023,3488.0,0.000274390243902,0.45,,-6.47752989613e-18,-6.47752989613e-18,0.0
0.9573475609756047,3489.0,0.000274390243902,0.45,,-6.47752989613e-18,-6.47752989613e-18,0.0
0.9576219512195072,3490.0,0.000274390243903,0.45,,-6.47752989613e-18,-6.47752989613e-18,0.0
0.9578963414634096,3491.0,0.000274390243902,0.45,,-6.47752989613e-18,-6.47752989613e-18,0.0
0.958170731707312,3492.0,0.000274390243902,0.45,,-6.47752989613e-18,-6.47752989613e-18,0.0
0.9584451219512145,3493.0,0.000274390243902,0.45,,-6.47752989613e-18,-6.47752989613e-18,0.0
0.958719512195117,3494.0,0.000274390243903,0.45,,-6.47752989613e-18,-6.47752989613e-18,0.0
0.9589939024390194,3495.0,0.000274390243902,0.45,,-6.47752989613e-18,-6.47752989613e-18,0.0
0.9592682926829218,3496.0,0.000274390243902,0.45,,-6.47752989613e-18,-6.47752989613e-18,0.0
0.9595426829268242,3497.0,0.000274390243902,0.45,,-6.47752989613e-18,-6.47752989613e-18,0.0
0.9598170731707267,3498.0,0.000274390243903,0.45,,-6.47752989613e-18,-6.47752989613e-18,0.0
0.9600914634146291,3499.0,0.000274390243902,0.45,,-6.47752989613e-18,-6.47752989613e-18,0.0
0.9603658536585316,3500.0,0.000274390243902,0.45,,-6.47752989613e-18,-6.47752989613e-18,0.0
0.960640243902434,3501.0,0.000274390243902,0.45,,-6.47752989613e-18,-6.47752989613e-18,0.0
0.9609146341463364,3502.0,0.000274390243902,0.45,,-6.47752989613e-18,-6.47752989613e-18,0.0
0.9611890243902389,3503.0,0.000274390243903,0.45,,-6.47752989613e-18,-6.47752989613e-18,0.0
0.9614634146341413,3504.0,0.000274390243902,0.45,,-6.47752989613e-18,-6.47752989613e-18,0.0
0.9617378048780437,3505.0,0.000274390243902,0.45,,-6.47752989613e-18,-6.47752989613e-18,0.0
0.9620121951219461,3506.0,0.000274390243902,0.45,,-6.47752989613e-18,-6.47752989613e-18,0.0
0.9622865853658487,3507.0,0.000274390243903,0.45,,-6.47752989613e-18,-6.47752989613e-18,0.0
0.9625609756097511,3508.0,0.000274390243902,0.45,,-6.47752989613e-18,-6.47752989613e-18,0.0
0.9628353658536535,3509.0,0.000274390243902,0.45,,-6.47752989613e-18,-6.47752989613e-18,0.0
0.9631097560975559,3510.0,0.000274390243902,0.45,,-6.47752989613e-18,-6.47752989613e-18,0.0
0.9633841463414584,3511.0,0.000274390243903,0.45,,-6.47752989613e-18,-6.47752989613e-18,0.0
0.9636585365853608,3512.0,0.000274390243902,0.45,,-6.47752989613e-18,-6.47752989613e-18,0.0
0.9639329268292632,3513.0,0.000274390243902,0.45,,-6.47752989613e-18,-6.47752989613e-18,0.0
0.9642073170731656,3514.0,0.000274390243902,0.45,,-6.47752989613e-18,-6.47752989613e-18,0.0
0.9644817073170682,3515.0,0.000274390243903,0.45,,-6.47752989613e-18,-6.47752989613e-18,0.0
0.9647560975609706,3516.0,0.000274390243902,0.45,,-6.47752989613e-18,-6.47752989613e-18,0.0
0.965030487804873,3517.0,0.000274390243902,0.45,,-6.47752989613e-18,-6.47752989613e-18,0.0
0.9653048780487754,3518.0,0.000274390243902,0.45,,-6.47752989613e-18,-6.47752989613e-18,0.0
0.9655792682926778,3519.0,0.000274390243902,0.45,,-6.47752989613e-18,-6.47752989613e-18,0.0
0.9658536585365803,3520.0,0.000274390243903,0.45,,-6.47752989613e-18,-6.47752989613e-18,0.0
0.9661280487804828,3521.0,0.000274390243902,0.45,,-6.47752989613e-18,-6.47752989613e-18,0.0
0.9664024390243852,3522.0,0.000274390243902,0.45,,-6.47752989613e-18,-6.47752989613e-18,0.0
0.9666768292682876,3523.0,0.000274390243902,0.45,,-6.47752989613e-18,-6.47752989613e-18,0.0
0.9669512195121901,3524.0,0.000274390243903,0.45,,-6.47752989613e-18,-6.47752989613e-18,0.0
0.9672256097560925,3525.0,0.000274390243902,0.45,,-6.47752989613e-18,-6.47752989613e-18,0.0
0.9674999999999949,3526.0,0.000274390243902,0.45,,-6.47752989613e-18,-6.47752989613e-18,0.0
0.9677743902438973,3527.0,0.000274390243902,0.45,,-6.47752989613e-18,-6.47752989613e-18,0.0
0.9680487804877999,3528.0,0.000274390243903,0.45,,-6.47752989613e-18,-6.47752989613e-18,0.0
0.9683231707317023,3529.0,0.000274390243902,0.45,,-6.47752989613e-18,-6.47752989613e-18,0.0
0.9685975609756047,3530.0,0.000274390243902,0.45,,-6.47752989613e-18,-6.47752989613e-18,0.0
0.9688719512195071,3531.0,0.000274390243902,0.45,,-6.47752989613e-18,-6.47752989613e-18,0.0
0.9691463414634096,3532.0,0.000274390243903,0.45,,-6.47752989613e-18,-6.47752989613e-18,0.0
0.969420731707312,3533.0,0.000274390243902,0.45,,-6.47752989613e-18,-6.47752989613e-18,0.0
0.9696951219512144,3534.0,0.000274390243902,0.45,,-6.47752989613e-18,-6.47752989613e-18,0.0
0.9699695121951168,3535.0,0.000274390243902,0.45,,-6.47752989613e-18,-6.47752989613e-18,0.0
0.9702439024390193,3536.0,0.000274390243902,0.45,,-6.47752989613e-18,-6.47752989613e-18,0.0
0.9705182926829218,3537.0,0.000274390243903,0.45,,-6.47752989613e-18,-6.47752989613e-18,0.0
0.9707926829268242,3538.0,0.000274390243902,0.45,,-6.47752989613e-18,-6.47752989613e-18,0.0
0.9710670731707266,3539.0,0.000274390243902,0.45,,-6.47752989613e-18,-6.47752989613e-18,0.0
0.971341463414629,3540.0,0.000274390243902,0.45,,-6.47752989613e-18,-6.47752989613e-18,0.0
0.9716158536585315,3541.0,0.000274390243903,0.45,,-6.47752989613e-18,-6.47752989613e-18,0.0
0.971890243902434,3542.0,0.000274390243902,0.45,,-6.47752989613e-18,-6.47752989613e-18,0.0
0.9721646341463364,3543.0,0.000274390243902,0.45,,-6.47752989613e-18,-6.47752989613e-18,0.0
0.9724390243902388,3544.0,0.000274390243902,0.45,,-6.47752989613e-18,-6.47752989613e-18,0.0
0.9727134146341413,3545.0,0.000274390243903,0.45,,-6.47752989613e-18,-6.47752989613e-18,0.0
0.9729878048780437,3546.0,0.000274390243902,0.45,,-6.47752989613e-18,-6.47752989613e-18,0.0
0.9732621951219461,3547.0,0.000274390243902,0.45,,-6.47752989613e-18,-6.47752989613e-18,0.0
0.9735365853658485,3548.0,0.000274390243902,0.45,,-6.47752989613e-18,-6.47752989613e-18,0.0
0.973810975609751,3549.0,0.000274390243903,0.45,,-6.47752989613e-18,-6.47752989613e-18,0.0
0.9740853658536535,3550.0,0.000274390243902,0.45,,-6.47752989613e-18,-6.47752989613e-18,0.0
0.9743597560975559,3551.0,0.000274390243902,0.45,,-6.47752989613e-18,-6.47752989613e-18,0.0
0.9746341463414583,3552.0,0.000274390243902,0.45,,-6.47752989613e-18,-6.47752989613e-18,0.0
0.9749085365853607,3553.0,0.000274390243902,0.45,,-6.47752989613e-18,-6.47752989613e-18,0.0
0.9751829268292632,3554.0,0.000274390243903,0.45,,-6.47752989613e-18,-6.47752989613e-18,0.0
0.9754573170731656,3555.0,0.000274390243902,0.45,,-6.47752989613e-18,-6.47752989613e-18,0.0
0.975731707317068,3556.0,0.000274390243902,0.45,,-6.47752989613e-18,-6.47752989613e-18,0.0
0.9760060975609705,3557.0,0.000274390243902,0.45,,-6.47752989613e-18,-6.47752989613e-18,0.0
0.976280487804873,3558.0,0.000274390243903,0.45,,-6.47752989613e-18,-6.47752989613e-18,0.0
0.9765548780487754,3559.0,0.000274390243902,0.45,,-6.47752989613e-18,-6.47752989613e-18,0.0
0.9768292682926778,3560.0,0.000274390243902,0.45,,-6.47752989613e-18,-6.47752989613e-18,0.0
0.9771036585365802,3561.0,0.000274390243902,0.45,,-6.47752989613e-18,-6.47752989613e-18,0.0
0.9773780487804827,3562.0,0.000274390243903,0.45,,-6.47752989613e-18,-6.47752989613e-18,0.0
0.9776524390243851,3563.0,0.000274390243902,0.45,,-6.47752989613e-18,-6.47752989613e-18,0.0
0.9779268292682876,3564.0,0.000274390243902,0.45,,-6.47752989613e-18,-6.47752989613e-18,0.0
0.97820121951219,3565.0,0.000274390243902,0.45,,-6.47752989613e-18,-6.47752989613e-18,0.0
0.9784756097560925,3566.0,0.000274390243903,0.45,,-6.47752989613e-18,-6.47752989613e-18,0.0
0.9787499999999949,3567.0,0.000274390243902,0.45,,-6.47752989613e-18,-6.47752989613e-18,0.0
0.9790243902438973,3568.0,0.000274390243902,0.45,,-6.47752989613e-18,-6.47752989613e-18,0.0
0.9792987804877997,3569.0,0.000274390243902,0.45,,-6.47752989613e-18,-6.47752989613e-18,0.0
0.9795731707317021,3570.0,0.000274390243902,0.45,,-6.47752989613e-18,-6.47752989613e-18,0.0
0.9798475609756047,3571.0,0.000274390243903,0.45,,-6.47752989613e-18,-6.47752989613e-18,0.0
0.9801219512195071,3572.0,0.000274390243902,0.45,,-6.47752989613e-18,-6.47752989613e-18,0.0
0.9803963414634095,3573.0,0.000274390243902,0.45,,-6.47752989613e-18,-6.47752989613e-18,0.0
0.9806707317073119,3574.0,0.000274390243902,0.45,,-6.47752989613e-18,-6.47752989613e-18,0.0
0.9809451219512144,3575.0,0.000274390243903,0.45,,-6.47752989613e-18,-6.47752989613e-18,0.0
0.9812195121951168,3576.0,0.000274390243902,0.45,,-6.47752989613e-18,-6.47752989613e-18,0.0
0.9814939024390192,3577.0,0.000274390243902,0.45,,-6.47752989613e-18,-6.47752989613e-18,0.0
0.9817682926829217,3578.0,0.000274390243902,0.45,,-6.47752989613e-18,-6.47752989613e-18,0.0
0.9820426829268242,3579.0,0.000274390243903,0.45,,-6.47752989613e-18,-6.47752989613e-18,0.0
0.9823170731707266,3580.0,0.000274390243902,0.45,,-6.47752989613e-18,-6.47752989613e-18,0.0
0.982591463414629,3581.0,0.000274390243902,0.45,,-6.47752989613e-18,-6.47752989613e-18,0.0
0.9828658536585314,3582.0,0.000274390243902,0.45,,-6.47752989613e-18,-6.47752989613e-18,0.0
0.9831402439024339,3583.0,0.000274390243903,0.45,,-6.47752989613e-18,-6.47752989613e-18,0.0
0.9834146341463363,3584.0,0.000274390243902,0.45,,-6.47752989613e-18,-6.47752989613e-18,0.0
0.9836890243902388,3585.0,0.000274390243902,0.45,,-6.47752989613e-18,-6.47752989613e-18,0.0
0.9839634146341412,3586.0,0.000274390243902,0.45,,-6.47752989613e-18,-6.47752989613e-18,0.0
0.9842378048780436,3587.0,0.000274390243902,0.45,,-6.47752989613e-18,-6.47752989613e-18,0.0
0.9845121951219461,3588.0,0.000274390243903,0.45,,-6.47752989613e-18,-6.47752989613e-18,0.0
0.9847865853658485,3589.0,0.000274390243902,0.45,,-6.47752989613e-18,-6.47752989613e-18,0.0
0.9850609756097509,3590.0,0.000274390243902,0.45,,-6.47752989613e-18,-6.47752989613e-18,0.0
0.9853353658536533,3591.0,0.000274390243902,0.45,,-6.47752989613e-18,-6.47752989613e-18,0.0
0.9856097560975559,3592.0,0.000274390243903,0.45,,-6.47752989613e-18,-6.47752989613e-18,0.0
0.9858841463414583,3593.0,0.000274390243902,0.45,,-6.47752989613e-18,-6.47752989613e-18,0.0
0.9861585365853607,3594.0,0.000274390243902,0.45,,-6.47752989613e-18,-6.47752989613e-18,0.0
0.9864329268292631,3595.0,0.000274390243902,0.45,,-6.47752989613e-18,-6.47752989613e-18,0.0
0.9867073170731656,3596.0,0.000274390243903,0.45,,-6.47752989613e-18,-6.47752989613e-18,0.0
0.986981707317068,3597.0,0.000274390243902,0.45,,-6.47752989613e-18,-6.47752989613e-18,0.0
0.9872560975609704,3598.0,0.000274390243902,0.45,,-6.47752989613e-18,-6.47752989613e-18,0.0
0.9875304878048728,3599.0,0.000274390243902,0.45,,-6.47752989613e-18,-6.47752989613e-18,0.0
0.9878048780487754,3600.0,0.000274390243903,0.45,,-6.47752989613e-18,-6.47752989613e-18,0.0
0.9880792682926778,3601.0,0.000274390243902,0.45,,-6.47752989613e-18,-6.47752989613e-18,0.0
0.9883536585365802,3602.0,0.000274390243902,0.45,,-6.47752989613e-18,-6.47752989613e-18,0.0
0.9886280487804826,3603.0,0.000274390243902,0.45,,-6.47752989613e-18,-6.47752989613e-18,0.0
0.988902439024385,3604.0,0.000274390243902,0.45,,-6.47752989613e-18,-6.47752989613e-18,0.0
0.9891768292682875,3605.0,0.000274390243903,0.45,,-6.47752989613e-18,-6.47752989613e-18,0.0
0.98945121951219,3606.0,0.000274390243902,0.45,,-6.47752989613e-18,-6.47752989613e-18,0.0
0.9897256097560924,3607.0,0.000274390243902,0.45,,-6.47752989613e-18,-6.47752989613e-18,0.0
0.9899999999999948,3608.0,0.000274390243902,0.45,,-6.47752989613e-18,-6.47752989613e-18,0.0
0.9902743902438973,3609.0,0.000274390243903,0.45,,-6.47752989613e-18,-6.47752989613e-18,0.0
0.9905487804877997,3610.0,0.000274390243902,0.45,,-6.47752989613e-18,-6.47752989613e-18,0.0
0.9908231707317021,3611.0,0.000274390243902,0.45,,-6.47752989613e-18,-6.47752989613e-18,0.0
0.9910975609756045,3612.0,0.000274390243902,0.45,,-6.47752989613e-18,-6.47752989613e-18,0.0
0.991371951219507,3613.0,0.000274390243903,0.45,,-6.47752989613e-18,-6.47752989613e-18,0.0
0.9916463414634095,3614.0,0.000274390243902,0.45,,-6.47752989613e-18,-6.47752989613e-18,0.0
0.9919207317073119,3615.0,0.000274390243902,0.45,,-6.47752989613e-18,-6.47752989613e-18,0.0
0.9921951219512143,3616.0,0.000274390243902,0.45,,-6.47752989613e-18,-6.47752989613e-18,0.0
0.9924695121951168,3617.0,0.000274390243903,0.45,,-6.47752989613e-18,-6.47752989613e-18,0.0
0.9927439024390192,3618.0,0.000274390243902,0.45,,-6.47752989613e-18,-6.47752989613e-18,0.0
0.9930182926829216,3619.0,0.000274390243902,0.45,,-6.47752989613e-18,-6.47752989613e-18,0.0
0.993292682926824,3620.0,0.000274390243902,0.45,,-6.47752989613e-18,-6.47752989613e-18,0.0
0.9935670731707265,3621.0,0.000274390243902,0.45,,-6.47752989613e-18,-6.47752989613e-18,0.0
0.993841463414629,3622.0,0.000274390243903,0.45,,-6.47752989613e-18,-6.47752989613e-18,0.0
0.9941158536585314,3623.0,0.000274390243902,0.45,,-6.47752989613e-18,-6.47752989613e-18,0.0
0.9943902439024338,3624.0,0.000274390243902,0.45,,-6.47752989613e-18,-6.47752989613e-18,0.0
0.9946646341463362,3625.0,0.000274390243902,0.45,,-6.47752989613e-18,-6.47752989613e-18,0.0
0.9949390243902387,3626.0,0.000274390243903,0.45,,-6.47752989613e-18,-6.47752989613e-18,0.0
0.9952134146341411,3627.0,0.000274390243902,0.45,,-6.47752989613e-18,-6.47752989613e-18,0.0
0.9954878048780436,3628.0,0.000274390243902,0.45,,-6.47752989613e-18,-6.47752989613e-18,0.0
0.995762195121946,3629.0,0.000274390243902,0.45,,-6.47752989613e-18,-6.47752989613e-18,0.0
0.9960365853658485,3630.0,0.000274390243903,0.45,,-6.47752989613e-18,-6.47752989613e-18,0.0
0.9963109756097509,3631.0,0.000274390243902,0.45,,-6.47752989613e-18,-6.47752989613e-18,0.0
0.9965853658536533,3632.0,0.000274390243902,0.45,,-6.47752989613e-18,-6.47752989613e-18,0.0
0.9968597560975557,3633.0,0.000274390243902,0.45,,-6.47752989613e-18,-6.47752989613e-18,0.0
0.9971341463414581,3634.0,0.000274390243902,0.45,,-6.47752989613e-18,-6.47752989613e-18,0.0
0.9974085365853607,3635.0,0.000274390243903,0.45,,-6.47752989613e-18,-6.47752989613e-18,0.0
0.9976829268292631,3636.0,0.000274390243902,0.45,,-6.47752989613e-18,-6.47752989613e-18,0.0
0.9979573170731655,3637.0,0.000274390243902,0.45,,-6.47752989613e-18,-6.47752989613e-18,0.0
0.9982317073170679,3638.0,0.000274390243902,0.45,,-6.47752989613e-18,-6.47752989613e-18,0.0
0.9985060975609704,3639.0,0.000274390243903,0.45,,-6.47752989613e-18,-6.47752989613e-18,0.0
0.9987804878048728,3640.0,0.000274390243902,0.45,,-6.47752989613e-18,-6.47752989613e-18,0.0
0.9990548780487752,3641.0,0.000274390243902,0.45,,-6.47752989613e-18,-6.47752989613e-18,0.0
0.9993292682926777,3642.0,0.000274390243902,0.45,,-6.47752989613e-18,-6.47752989613e-18,0.0
0.9996036585365802,3643.0,0.000274390243903,0.45,,-6.47752989613e-18,-6.47752989613e-18,0.0
0.9998780487804826,3644.0,0.000274390243902,0.45,,-6.47752989613e-18,-6.47752989613e-18,0.0
1.0,3645.0,0.000121951219517,0.200000000009,,-6.47752989613e-18,-6.47752989613e-18,0.0
