/*--------------------------------*- C++ -*----------------------------------*\
  =========                 |
  \\      /  F ield         | OpenFOAM: The Open Source CFD Toolbox
   \\    /   O peration     | Website:  https://openfoam.org
    \\  /    A nd           | Version:  14
     \\/     M anipulation  |
\*---------------------------------------------------------------------------*/
FoamFile
{
    format      ascii;
    class       volVectorField;
    location    "52.999999999967";
    object      U;
}
// * * * * * * * * * * * * * * * * * * * * * * * * * * * * * * * * * * * * * //

dimensions      [0 1 -1 0 0 0 0];

internalField   nonuniform List<vector> 
2646
(
(0.000829705228376 -0.00401752457151 0)
(0.00140774598667 -0.00211672641232 -3.78229536596e-18)
(0.00423732559611 -0.00298166758385 -2.83794321696e-20)
(0.0158589858932 0.00205636415666 1.878313709e-18)
(0.00265224548484 -0.0121092470975 -2.98889515059e-19)
(-0.0826781482189 0.011657977053 0)
(-0.00953296422129 0.00486892519426 0)
(-0.102051796261 0.00355949700181 0)
(-0.328571810763 0.0943774816915 -6.83342847262e-17)
(-0.346864516448 0.0221583432295 1.90082372435e-17)
(-0.0620271738018 0.0373414975365 6.78748745396e-19)
(-0.360110857281 -0.0309025958802 -2.30808711838e-18)
(-0.396714904304 0.0337855354854 9.21851706159e-17)
(-0.394574908797 0.00048360101182 1.48460615326e-17)
(-0.369940134464 0.0688896443265 1.64077502089e-17)
(-0.234514227139 -0.124855322086 4.69010416096e-19)
(-0.375098956829 -0.0527628588587 -1.90560248762e-17)
(-0.200476076245 0.102661112089 0)
(-0.343969037931 -0.0951076557504 -8.74647523258e-17)
(-0.111763758121 0.0618439368029 0)
(-0.300937132327 -0.0544384762569 3.04228759551e-17)
(0.00266827241 -0.00607335945775 4.90574003476e-18)
(-0.216704142644 0.00265896339656 1.41421985506e-18)
(-0.343777915593 -0.0047516080428 -9.65722141815e-17)
(-0.21771729661 -0.0577444667544 -3.49168779483e-17)
(-0.0994384634023 0.0529835107268 1.22251346307e-18)
(-0.165136760157 0.0260468850354 0)
(-0.299802614172 0.0531170571114 8.40524400441e-17)
(-0.317487467207 0.0319341200184 0)
(-0.192726764922 0.0705896953702 4.82786613563e-17)
(-0.104012884807 0.0162231730242 -3.44636295751e-17)
(0.00029587934308 0.00160053613123 1.66883246626e-18)
(0.000605510056548 -0.00870851266016 -8.75719029534e-18)
(-0.00252524697317 -0.0398499568499 0)
(-0.0133571509716 -0.0239928445443 0)
(-0.0613800130076 0.0403550795406 0)
(-0.267329687839 0.105420747425 0)
(-0.383602980658 0.0522748383044 -6.88979233738e-17)
(-0.400006650529 -0.0370616806323 -2.32910799403e-17)
(-0.28972262132 -0.114364935435 -1.42460062346e-18)
(-0.140919317403 -0.0738216099366 0)
(-0.111504632 -0.0695983901628 -1.98188151611e-19)
(-0.000138985959105 0.0021752638809 5.00511662762e-17)
(-0.00101550077851 -0.00326034516108 -1.13946003462e-16)
(6.2538432666e-06 0.00241527708379 2.50659568392e-17)
(-0.011121295993 -0.011411335784 1.00756438662e-17)
(-0.00396225098933 0.0020456852129 -8.03867598691e-18)
(-0.00220274891743 0.0960568541161 -3.73994974985e-17)
(-0.00275028626455 0.033089996709 5.47879317149e-18)
(0.0132679343267 0.166433325791 -7.30546524101e-18)
(-0.0936718989547 0.292408166983 -5.92903269785e-17)
(0.0412470953977 0.353101506524 1.21029901456e-16)
(0.0121712409804 0.339272661804 0)
(0.04862279518 0.299168985286 8.38017162015e-17)
(-0.0479248863129 0.0700782130191 1.67356674281e-19)
(-0.0717450609066 0.122386112105 -3.7681436848e-18)
(0.0516213179587 0.220644791763 -7.83596173101e-17)
(-0.00280026148152 0.340273179395 -4.60575866071e-17)
(-0.0204291527058 0.376079491901 1.06387956854e-16)
(0.0116560108073 0.364700299284 -1.10195212347e-16)
(-0.0622351170115 0.332134278783 0)
(0.0916965857748 0.245168474334 -5.63454311057e-17)
(0.0499924999393 0.362643345855 -5.84238649533e-17)
(-0.115242050059 0.195966413334 4.19084417846e-18)
(0.0770532595498 0.329069209645 1.70500996656e-16)
(-0.0779159979784 0.117784959462 6.96294260656e-18)
(0.00833329164504 0.209112376959 4.68903499455e-17)
(0.00763651515059 0.00411124210065 -1.78645421509e-17)
(0.0543007565839 0.142646143976 4.6127996765e-17)
(-0.0541150768394 0.275834959982 1.05895998017e-17)
(-0.00948829421703 0.308323168109 1.79437381304e-17)
(0.0312644470997 0.111954462361 8.91265776484e-18)
(-0.079894340006 0.214131018637 4.68839724239e-17)
(-0.0377980095056 0.154394507334 -1.10521214604e-17)
(-0.0019264518112 0.0619807354585 -1.77730146531e-16)
(-0.0148654997744 0.161680798151 0)
(4.93465384393e-05 -0.00319923480342 3.83141784427e-19)
(0.00267916782796 0.00218125783179 2.51159832488e-17)
(0.0214896031589 0.056086949795 1.29505301345e-16)
(0.0106384863722 0.0646220572577 5.31705245165e-17)
(-0.0574938332549 0.0612335877836 2.07555523992e-18)
(-0.115757761607 0.252742859429 -6.14146291456e-20)
(-0.0337599482735 0.352342075172 0)
(0.0385202861908 0.369357107938 -1.57333257038e-16)
(0.0797838368447 0.273455454767 -1.16216228661e-17)
(0.061866902847 0.174902577949 3.64180202904e-17)
(0.00289897641377 -0.402524815546 6.6338746276e-17)
(-0.0242695558686 -0.0930302582766 -3.32872586767e-17)
(-0.00489244539328 -0.255974361887 -3.01656641096e-17)
(-0.142722749491 -0.459328137562 1.08567762553e-16)
(-0.0551462388777 -0.531099273745 0)
(-0.0855154448063 -0.150399969812 3.64870258287e-18)
(-0.0145942140104 -0.441060154965 0)
(-0.047990947812 -0.446793438013 0)
(-0.016193503132 -0.415930129074 4.47775528939e-17)
(-0.0941527635025 -0.441412664216 -2.33506956864e-16)
(0.0324406785431 -0.366668900309 1.33355436395e-18)
(-0.0060748860217 -0.389255287144 0)
(-0.169333899548 -0.319195336987 1.45670846241e-17)
(0.0105834075669 -0.379488112105 0)
(-0.131521155937 -0.215880263948 -1.60504648692e-17)
(-0.00718100217374 -0.435840770219 0)
(0.00864389273446 -0.00899278362611 -1.66454037696e-18)
(-0.0407655102714 -0.499914089039 -1.4226662659e-16)
(-0.0331301195624 -0.478551289154 3.09549073074e-16)
(0.0127041705824 -0.441478691119 0)
(-0.110831875229 -0.218050620291 -1.46697285859e-17)
(-0.0449206925341 -0.413234219114 0)
(-0.0998710748783 -0.464753242664 -8.12177300497e-17)
(-0.0612878771663 -0.492181409696 9.45442555591e-17)
(-0.110612887116 -0.336881484857 1.08665492044e-17)
(-0.0403700372456 -0.269298189192 3.85839832601e-17)
(-0.011843978743 -0.0129412093222 2.42217589604e-17)
(0.00356612720158 -0.0239469025667 0)
(0.00576139782047 -0.363784346631 -4.16941179118e-16)
(-0.0921360509841 -0.132567724711 -7.82365793696e-17)
(-0.156797413729 -0.390090453366 0)
(-0.0601048097844 -0.455689470816 1.41924798723e-16)
(-0.018447649302 -0.407446777894 0)
(0.0283781278294 -0.374726047225 0)
(0.0360956707065 -0.340364889375 9.33834894752e-17)
(0.053238777827 -0.410196223546 2.0574186726e-16)
(0.0597876253849 -0.444799135818 -1.03373735626e-16)
(-0.04641549865 -0.0309092920725 -2.04483196177e-17)
(-0.0973619499123 0.0710839257861 -5.26121875867e-17)
(0.263132754345 0.0222429551865 9.25904057488e-17)
(-0.0692424434162 0.0524313941838 0)
(0.0214394588279 0.0949353657936 -7.82871121077e-18)
(0.537653898336 0.00743662760427 1.79363187383e-16)
(0.346002725431 0.00117269454628 -3.22445273689e-17)
(0.409454941286 0.0422790270895 0)
(0.342851484555 0.0919245903552 4.93153080751e-16)
(0.377317775188 -0.00304681281429 2.57933679138e-16)
(0.418520842359 0.0140608948555 9.65831832883e-16)
(0.397476933872 -0.00580857261678 -2.15016891654e-16)
(0.149465093258 0.0856398098216 3.85431303562e-18)
(0.211355786304 0.085629127225 4.23406162367e-18)
(0.342201067701 -0.011324008072 2.22443795529e-16)
(0.405518566121 0.0225686378159 -3.08008881006e-16)
(0.39569974613 0.0381849838501 -1.6892324528e-16)
(0.38480866704 0.0148757474239 -3.26123010901e-16)
(0.38995618957 0.0506947501675 7.4607683489e-17)
(0.315957900267 -0.0275955265041 -4.55425365953e-16)
(0.372897288094 -0.00423165281716 5.54764683597e-16)
(0.261143736962 0.132492017249 -9.65075259777e-18)
(0.376203735427 -0.0527125698782 0)
(0.184729947756 0.13138354092 -3.60495024458e-17)
(0.44750034693 -0.00334739027363 3.36847905983e-16)
(0.191872476331 0.0286415153153 -2.67390299601e-18)
(0.301319867113 -0.0424697059862 -3.53678793046e-16)
(0.37603381207 0.040532114479 -8.84951391093e-17)
(0.408775167933 0.0501202438471 0)
(0.424620106882 -0.0414321351033 8.94095099458e-18)
(0.295390823691 0.081068710795 -2.02509359612e-16)
(0.340838038555 0.0210416221239 7.56593631029e-17)
(0.537693888051 0.0281838057888 -2.58179552599e-17)
(0.525586841806 0.00596637333684 -3.3395879277e-16)
(0.0814032960804 0.10588426441 2.74018602717e-17)
(0.305911423288 -0.0575733638248 0)
(0.0480012170813 0.0711241775894 -2.74584018076e-17)
(0.370771419007 -0.0296148561766 -3.19563060026e-17)
(0.120005732603 0.13023975694 0)
(0.315822055151 0.124041116387 2.44064519217e-16)
(0.403833087706 0.0703916386416 -2.34753791794e-16)
(0.382291305616 -0.00182915406997 -4.74295813038e-16)
(0.325474018391 -0.0399339919373 0)
(0.293943994279 -0.0768510009286 2.99605502553e-16)
(0.448221501466 -0.381966694345 -1.24552089068e-15)
(0.290245247499 -0.104053499625 1.92989525199e-15)
(-0.00682638377885 -0.469425416132 0)
(0.0214818063633 -0.308139562668 6.56985643809e-17)
(0.382377395668 -0.00899438150067 0)
(-0.400289113522 0.0311821763281 1.54893398657e-16)
(-0.399310040971 0.0173323269435 -1.54893398657e-16)
(-0.167266082865 0.104948508509 0)
(-0.183397431959 0.109260550375 0)
(-0.357777610549 -0.0781098030535 1.29411213975e-16)
(-0.366806565964 -0.0958505252003 2.7735387784e-16)
(-0.0356858267713 0.033068173065 0)
(-0.0494986527153 0.0393812618776 0)
(-0.324984918677 0.110234621584 0)
(-0.303547677142 0.122363621424 0)
(-0.359064825533 0.0822105054312 0)
(-0.346501867729 0.107830781502 1.98957029549e-16)
(-0.216802717732 -0.129303488031 -2.74700868881e-17)
(-0.199559124849 -0.116069728571 2.74700868881e-17)
(-0.0837702784769 -0.074910316674 0)
(-0.100079989124 -0.0950786890671 0)
(-0.0171145045361 0.377373085628 0)
(-0.000326636441906 0.369725977123 3.12146750125e-16)
(-0.110554475904 0.163001170701 -2.95265255108e-17)
(-0.119774319266 0.180289048178 -1.13752196693e-17)
(0.0621282190958 0.34706241189 1.76079410788e-16)
(0.0812494696408 0.345763034622 -9.06605483083e-16)
(-0.0405247378017 0.0366378053136 -2.50912678008e-18)
(-0.0504935914993 0.0509308545811 -1.83630312029e-17)
(-0.103583076066 0.292346240886 5.10439074186e-17)
(-0.119714653917 0.278055414461 -5.10439074187e-17)
(-0.0823317327707 0.320803482498 -1.40470725215e-17)
(-0.0989946928702 0.318984331749 1.40470725215e-17)
(0.0975440441386 0.231689165234 -8.93162260045e-17)
(0.105319894357 0.216184150256 8.93162260047e-17)
(0.067889077323 0.131240073708 0)
(0.0587418658058 0.142361698764 -1.15564461775e-16)
(-0.378778057161 -0.0873978439809 1.08491170798e-16)
(-0.260805585262 0.198457622884 -1.19731961297e-17)
(-0.0876135815616 0.0778254793509 -2.41138504635e-19)
(0.333777932721 -0.035587796693 -2.71723274353e-16)
(0.127339201268 0.179352772602 0)
(-0.14546464796 -0.158689289776 0)
(-0.183774149002 -0.190813257976 0)
(0.3150754793 0.0734000949251 -9.8080776647e-16)
(0.255035562673 -0.104357176187 1.41566662523e-15)
(0.310392471775 0.0956517229395 7.56562257745e-16)
(0.345407823348 -0.0278662174402 0)
(-0.385660026914 -0.0762051299099 2.01842876377e-16)
(-0.10813602594 0.0970598953302 0)
(0.143685276676 0.20030231088 0)
(0.233798312238 0.20355507269 6.69401230144e-17)
(-0.0855689470308 -0.342022581421 0)
(-0.0925362034631 -0.329103274216 -2.8178494652e-17)
(-0.206271707977 -0.375513405318 7.24079842066e-17)
(-0.21221116906 -0.356716324746 -1.27367575733e-16)
(-0.18716334078 -0.37562749592 0)
(-0.192578796435 -0.369674448553 -7.58862055784e-17)
(-0.23428140276 -0.311817695732 -8.1266488487e-17)
(-0.243169551011 -0.30380235107 6.00370975777e-17)
(-0.304278666208 0.202804641138 0)
(-0.326058151965 -0.190610545097 -9.54280361086e-17)
(0.25981627763 -0.107899872348 -1.30100043016e-15)
(0.266214341514 -0.0886599583462 0)
(0.281829301816 0.181298514919 0)
(0.353989566315 -0.00264713687472 -1.04611825713e-16)
(-0.394588563769 -0.0248556549437 0)
(0.163151022459 -0.0974111778657 1.68569937591e-16)
(0.222727248043 0.211867601478 -1.98379475237e-16)
(0.259307082365 -0.100033513463 6.2841024429e-16)
(-0.315030474519 0.20262059035 -2.25293724493e-16)
(-0.261193974865 0.18660695339 0)
(0.347470159735 0.00299163447745 -1.12475543992e-15)
(-0.246040795755 0.192547898004 -7.48049832277e-17)
(0.308549417437 0.106111495043 1.1380265929e-16)
(0.314846386392 0.0651271467744 -5.4117114157e-16)
(-0.234151756483 -0.287061327427 0)
(-0.210656945517 -0.258807753927 0)
(-0.125831517703 -0.338927660502 2.03054547954e-16)
(-0.141785250021 -0.359432723877 4.42375355743e-17)
(-0.230012183797 -0.360315597749 -2.65184313262e-16)
(-0.227682359623 -0.361769912693 3.09199719766e-16)
(-0.0732077868588 -0.336503006812 -1.20639318525e-15)
(-0.0654323334343 -0.330819701592 1.00520701754e-15)
(0.0626158339595 -0.271731945872 5.68672379013e-16)
(0.00125759396509 -0.279052770086 0)
(-0.046827978339 -0.313673382754 9.62654892385e-16)
(-0.118351947509 -0.336363193136 2.3891920057e-16)
(-0.112011610269 -0.346828054682 0)
(-0.155048640356 -0.365166156913 -4.99785602668e-17)
(-0.158654714277 -0.351490469199 -4.1850045231e-17)
(-0.0271368068808 -0.348123187983 0)
(-0.227650999744 -0.338852900931 -1.86206663047e-16)
(-0.24287359247 -0.335337912468 1.49776023007e-16)
(-0.18917551548 -0.220060989042 0)
(0.00936464887664 -0.276558216605 1.03894145716e-15)
(0.0143257261578 -0.286084932812 -1.09133045392e-15)
(0.027768963038 -0.319327149963 -1.18718798018e-15)
(0.0757380338875 -0.268402975498 -1.02666387554e-15)
(0.0738738592538 -0.264065296834 1.0085295808e-15)
(-0.0504929674682 -0.322456981161 -1.51072596013e-15)
(0.0539706545665 -0.281938807523 -1.69206393054e-16)
(-0.00464884473197 -0.290482495704 4.39567685893e-16)
(-0.0312770240167 -0.339529452706 -3.90348172403e-16)
(0.025962056219 -0.317713882772 1.36607417788e-15)
(0.263039139539 -0.0803860776117 0)
(-0.196514641395 -0.213387890055 1.02140300763e-17)
(-0.316505848913 -0.203114853766 -1.16423849477e-17)
(-0.372105180926 0.0756783959013 3.51900424596e-16)
(0.312289655074 -0.0424025207293 -1.42817886366e-15)
(0.328432188551 0.077828770843 -5.33760227705e-16)
(0.286800531463 0.178052759531 1.23680684399e-16)
(0.187464847886 -0.0701379541222 2.33639454323e-17)
(-0.388288715137 -0.0131776842604 -3.22193125204e-17)
(0.323396704115 0.0881147012901 -1.03425053418e-15)
(-0.359837073354 -0.0900480263932 1.34369205784e-16)
(0.345386164012 -0.0102765688139 1.78771740099e-15)
(-0.391927108852 -0.0377946233449 0)
(0.270529583812 0.194071812496 -1.42118982175e-16)
(0.20578885759 -0.0968177242788 0)
(-0.336609070915 -0.183272647154 6.3264006521e-17)
(0.252888878042 0.180518956234 -1.9809251164e-16)
(-0.405912198458 -0.0380830702043 6.22794801226e-18)
(0.373699948662 -0.0143031818821 -3.36880084806e-17)
(0.217373850613 -0.129755759352 0)
(-0.391524993263 0.0421199102029 -6.34134767388e-16)
(0.226427717269 -0.0946534923181 -5.51213306694e-16)
(-0.347672586752 0.141959958961 3.38436549137e-16)
(-0.285042475915 0.190380609707 7.74582578072e-17)
(0.22472271648 -0.125405411243 4.8042449044e-16)
(-0.350773447292 0.0769052434337 4.32899777453e-16)
(0.24738228136 0.204380888952 1.15262053062e-16)
(0.343510437441 -0.0211466390797 5.96232149021e-16)
(-0.37948854574 -0.0583168727829 -2.36094241685e-16)
(0.111948229225 0.17241232425 -7.28839323289e-17)
(-0.134923669429 -0.143759522692 0)
(0.184114587316 0.214690092639 8.33874058583e-17)
(-0.155238096754 0.124770169187 -1.07216160987e-17)
(0.0902970092432 -0.253814824289 -8.15230325652e-16)
(0.077983419648 -0.262946623373 1.31845173189e-15)
(0.137663239408 -0.0770575255518 0)
(-0.0801626440052 0.0758316900049 2.51516497271e-18)
(0.192200380843 0.21400254565 1.23739339386e-16)
(-0.358751516868 0.149148432145 3.25529349466e-16)
(0.257347820692 0.190836762634 1.54121867313e-16)
(-0.393479683043 -0.0447097755362 -7.04515780202e-18)
(0.356890226175 -0.0164027544387 -5.85424356785e-16)
(-0.40436439231 0.0354533345204 7.49911605616e-16)
(0.30857848819 0.15456728493 -7.39471929163e-16)
(-0.337252773202 0.17054180245 0)
(0.276655152621 -0.0885934598009 1.15120577786e-16)
(-0.359551804996 -0.151698469059 0)
(0.304976919669 0.164825185051 6.52428960886e-16)
(-0.33215906053 0.170678134259 0)
(-0.356605521391 -0.165898239651 -1.67815646679e-16)
(-0.34979575028 0.0973200062456 -6.99000193321e-16)
(-0.393819180159 0.0497751220826 2.21828217819e-17)
(0.228506187866 -0.107367822687 3.23883351842e-16)
(-0.167428131959 0.137636626378 2.48926657734e-17)
(-0.122570418629 0.100127808861 3.24625397912e-17)
(0.161664078509 0.196960376911 0)
(0.319795907486 0.112728719124 -4.19240688003e-16)
(0.268422635985 -0.0701764985344 1.3754494381e-15)
(0.326693847546 0.060181310743 -5.5988151934e-16)
(0.324264175216 0.00347152570809 9.54179172107e-16)
(0.246694943967 -0.104200948772 0)
(0.256408548994 -0.0901041334896 3.38733618168e-16)
(0.196071692039 -0.0805904232149 2.38525578389e-16)
(0.285046286052 -0.0629135857649 -1.43580003471e-15)
(0.148243312797 0.254352550102 -9.49115664438e-17)
(0.185975295611 0.254293497195 2.41500271899e-20)
(0.168474577701 0.249854655556 -2.41376062212e-20)
(0.0479803573086 0.289316791871 0)
(0.0153119112594 0.170437150191 -1.11836739177e-26)
(0.0149107945486 0.128556150114 0)
(0.0140656185458 0.0890513466556 -1.79184682252e-15)
(0.266895513799 0.20925601423 4.5111842257e-16)
(0.0374814868734 0.317099208968 9.43156951038e-16)
(0.012685571315 0.0518392525497 0)
(0.100475676487 0.364271204564 4.1239262422e-27)
(0.0271737073785 0.326277598978 -9.43156951038e-16)
(0.0733076624557 -0.0706367213378 0)
(0.163771995227 0.258945467267 2.00682253009e-19)
(0.0475400169809 0.237810646313 0)
(0.34898830308 0.0431171858493 -5.89906620411e-16)
(-0.200061012431 -0.290849918999 -7.44791258185e-16)
(0.0106784505289 0.016397053381 7.369708344e-27)
(0.2346969376 0.217210765143 0)
(0.0481732889112 -0.0969621873529 -1.96351209929e-15)
(0.136299984672 0.0638117808015 0)
(0.0788258673821 -0.037708383041 -3.11612452691e-17)
(0.00801952859017 -0.0179276487038 -2.062815962e-15)
(0.0768253440498 0.0436937403187 0)
(0.134053499996 0.0309625842959 0)
(0.121475238772 0.0247767881089 6.60748947718e-27)
(0.0160033538612 0.396300636109 0)
(-0.409121591458 0.000637481224322 0)
(-0.135182563899 0.35250756654 0)
(0.13050894206 -0.000554885791112 0)
(0.00457143719371 0.177535731895 1.49733763137e-15)
(0.381391302839 0.00834601577984 7.05938629376e-17)
(0.0376207604073 0.298292957356 0)
(-0.188977161588 -0.2986427186 3.85199306595e-16)
(-0.151703969364 0.334571499062 0)
(0.004268631778 0.135180593683 -1.17469406632e-26)
(-0.139822322837 0.342648907729 0)
(0.0151206325057 0.390564346276 0)
(-0.128304440934 0.270076522651 0)
(0.00357739617612 0.0951379925108 1.79184682252e-15)
(0.125397533226 0.0924695770508 0)
(-0.197272347557 -0.204737502892 -9.9235358778e-16)
(0.358024087351 0.00858291751311 -7.39053013871e-17)
(0.137295201569 0.0986834442471 0)
(0.0313259590617 -0.0768823322917 3.69527213018e-27)
(-0.176401756918 -0.23646699679 -9.66364216131e-16)
(-0.187442743092 -0.227991151078 9.6636421613e-16)
(0.0670363191483 -0.0444572142808 3.96768900118e-15)
(0.102503266604 0.116875890072 1.61877918384e-15)
(0.350730938064 0.0293228851524 -6.17350216789e-16)
(0.360405353446 0.0219603611465 -6.30926801892e-16)
(0.0715240442755 -0.011801412778 0)
(0.268733774233 0.199617110036 -2.88443488833e-16)
(-0.139806848762 0.262294285663 1.7730909016e-27)
(-0.0078891739233 -0.0815891794458 0)
(-0.127930353028 -0.121846486386 0)
(0.00240237683078 0.0574079476704 6.86026025615e-27)
(0.256182482342 0.211233041353 -6.89122338859e-16)
(0.359365441434 0.0372622700625 6.1406525916e-16)
(0.267107742182 0.211463372701 -3.56026379831e-16)
(0.210931703276 -0.0624419239938 -7.24740379443e-16)
(0.00548416298826 0.386622785264 0)
(-0.0602816477161 0.148796387816 0)
(-0.0385178903465 0.177318574772 0)
(0.0941454982849 -0.00941848517871 3.82715756755e-15)
(0.0369000642496 0.245895383865 0)
(-0.0178919073823 -0.0883080100541 0)
(0.0065130407036 0.37698793533 0)
(-0.028654258474 -0.107035101059 0)
(-0.0494173753908 0.155791596667 -2.72882363911e-27)
(-0.060228430453 0.107584654148 -1.65231399648e-15)
(-0.0493908289682 0.17013146829 2.72882363911e-27)
(-0.189433979467 -0.184287916258 0)
(0.000655012619168 0.0215143217821 0)
(0.0035705451559 -0.0633093472954 7.54882867346e-27)
(-0.0603244700763 0.068479854293 0)
(-0.04969902548 0.0748581298068 -6.46121027805e-27)
(-0.154353155027 -0.148544602653 0)
(-0.04947513534 0.114239488102 0)
(0.0206198693499 -0.0838821711755 2.03816613767e-15)
(0.0548028172705 0.385865697885 -5.24604207974e-16)
(-0.0604235542421 0.055798165851 0)
(-0.070972059007 0.049568787068 -1.80259551376e-15)
(0.247568840355 0.207596710618 6.89054427436e-16)
(-0.0416319882485 0.387823157583 -4.89207361341e-28)
(-0.186300982994 -0.212454197421 9.9235358778e-16)
(-0.183018523629 0.210285179408 -9.03696091978e-17)
(-0.0520460970574 0.381745212983 -1.11948394979e-27)
(0.00869032494854 -0.10292278161 2.01218658404e-15)
(0.0833081117996 -0.00530082496695 -1.92933127747e-15)
(-0.0751085872243 0.3760390154 0)
(0.0388669625683 -0.0928553354404 1.96351209929e-15)
(-0.0609444013347 0.0190764999173 0)
(-0.165774848167 0.339101120999 -2.90835441021e-28)
(0.0594940914517 -0.0894988828435 0)
(-0.0442216759614 -0.231426178106 7.95832006045e-16)
(-0.061282906611 0.381727325683 4.3107195284e-28)
(-0.415796247034 0.0352034893274 2.7004436944e-16)
(-0.0161318034924 0.394329289815 0)
(0.381650304971 0.0283316752115 1.05531274503e-15)
(-0.0323999288171 -0.379200759661 0)
(0.120258016723 0.0140643356965 -6.60748947719e-27)
(0.135050770182 0.0417499661096 -1.71262705326e-15)
(-0.0999750040178 0.364265447094 -5.82735894991e-16)
(-0.114266877132 0.356906201723 -2.17457409457e-27)
(0.155642579727 0.2266181943 -1.24246449986e-16)
(-0.37670067666 -0.122679197403 1.86667373576e-16)
(0.0616000762214 -0.0778359397923 0)
(-0.162162444448 0.190275467011 4.4759128027e-17)
(-0.0323720657091 -0.15892213415 0)
(0.0923670651372 0.164907527908 5.00477411031e-17)
(-0.0966048294823 0.367684504625 0)
(0.110978653053 0.0402833827917 1.81340326429e-15)
(-0.124569387753 0.35897664547 0)
(0.106407541597 -0.00295988104073 -1.89782629008e-15)
(-0.0840162888831 0.374716583191 3.86443785135e-28)
(-0.0414142576811 -0.166811750134 1.08550154322e-19)
(0.136589577944 0.210727560079 0)
(-0.0242412588996 -0.165175004954 -1.84779123871e-15)
(0.131942663183 0.00991438864178 -1.77241533595e-15)
(-0.0149973017333 -0.157089836158 1.84778933568e-15)
(-0.129516475618 -0.127004843122 0)
(0.077668512119 0.0552592500228 0)
(0.0996142947201 0.0451204024223 -1.81340326428e-15)
(0.0877841634774 0.0387691599118 -3.41580405924e-27)
(0.12786065845 0.293632839807 0)
(0.137520560442 0.11081018118 0)
(0.117723159445 -0.00692923550898 0)
(-0.00672926282675 -0.0699568212284 0)
(-0.0496536546816 -0.16026404823 0)
(-0.133770659154 0.0136371970541 1.70295623734e-15)
(0.115346494679 0.184369602345 0)
(0.124020147608 0.0576720193384 -1.26969268209e-26)
(-0.19797562046 -0.161077733821 0)
(0.0805329816504 -0.0267905341953 -2.9401844516e-17)
(-0.377414391181 -0.112977870361 0)
(0.101050385037 0.355137625533 0)
(-0.409515457642 0.0132848917838 0)
(0.384399318415 0.0117709508003 0)
(0.00736312797234 0.392966374361 5.41561144321e-16)
(-0.126998275812 0.221193050198 -1.12723915324e-15)
(0.09117846131 0.191799025453 0)
(0.114004842033 0.110660222133 0)
(-0.115517537337 0.198819594703 0)
(-0.419064148683 0.0403696022957 -1.28806741489e-16)
(0.374979723562 0.0338995011428 5.0670632498e-16)
(-0.0379190588339 -0.362266147148 9.47172981166e-16)
(-0.00170135332239 -0.013140979041 -1.49535740469e-26)
(-0.153921549597 0.321622991216 0)
(-0.0366875232678 0.393704171528 -4.80617084481e-16)
(0.219024688676 0.241354635848 0)
(0.231592044154 0.231523505045 0)
(0.102141188844 0.199142888503 2.30035584185e-27)
(-0.14154651333 0.296865074098 -5.57901942633e-27)
(0.124812966086 0.198936412805 0)
(-0.141029538021 0.314366893993 5.57901942633e-27)
(-0.128575485559 0.287992702072 0)
(0.344956993084 -0.053934578346 1.53084635612e-15)
(-0.133383139408 0.00158079771877 -1.68007767355e-15)
(0.37906105844 0.0437365044052 -9.86985635165e-16)
(-0.0469231475852 -0.380787556774 -2.1982625352e-15)
(0.369192077512 0.0568343292741 -5.4589331005e-16)
(0.0368062404804 0.369282357834 0)
(-0.0535385988154 -0.364980078039 1.02538588184e-15)
(-0.156874472255 0.336134535592 2.56386730146e-16)
(-0.414957085231 0.0400650851098 0)
(-0.410138953769 0.0509865975996 0)
(-0.0374448984742 -0.101779533836 -7.27708982338e-27)
(-0.127300991498 0.236921329328 -3.08688935428e-17)
(0.104830010493 0.357706322032 0)
(0.01284274858 -0.0678306106002 -7.47288292716e-27)
(-0.0210311084242 0.399264525101 5.22407231188e-28)
(-0.0602655211804 0.134756740557 0)
(-0.0189652121563 -0.100207008882 0)
(0.102534574305 0.156462268485 0)
(-0.182607955277 -0.136484861516 0)
(0.104187414278 0.215473402548 0)
(0.124762737964 0.214132332951 0)
(0.198430827686 0.197991423467 0)
(-0.0285673005061 0.393615049605 0)
(-0.139330175989 0.245208383021 -1.03642113315e-15)
(-0.195998537938 -0.267910185135 0)
(-0.00477761729927 0.393054707625 0)
(0.215818519724 0.25599916648 0)
(-0.387093611574 -0.0775996945002 0)
(0.0741208261262 0.363581763817 0)
(-0.0918970726207 0.0128684718446 0)
(-0.0384532520198 0.191929725829 0)
(-0.000193596549664 -0.0982030462193 -2.01218658404e-15)
(-0.0710542774584 0.0371329104926 -1.84784604437e-15)
(-0.224611197462 -0.160089908065 -1.35385278673e-16)
(0.0190333720773 -0.0957569123868 -1.83584435455e-27)
(0.360570733654 -0.0301162848579 5.13129440576e-16)
(0.00790630660982 -0.351988927926 -1.01060711547e-15)
(-0.0602366343264 0.0942397991184 0)
(0.331993181955 -0.0570925551731 -1.73714738451e-17)
(-0.0574973262468 -0.140402588104 0)
(0.0914982759131 0.173852289277 0)
(0.213906280883 -0.0527786266468 -7.34431995865e-16)
(-0.000495921365038 -0.184289698437 8.917026265e-16)
(-0.102347001341 0.0189009009628 1.78306617943e-15)
(0.102524816494 0.170225046249 0)
(-0.00687793056419 -0.163024691801 -1.11075072404e-19)
(-0.347519240768 0.183954854605 0)
(0.0151985208468 0.156188603281 1.11836739178e-26)
(0.246575441105 -0.0642093120653 0)
(0.0790099863381 -0.210707220423 0)
(-0.0607229879288 0.0312324076555 0)
(0.102703305616 0.12973079368 0)
(-0.0815563683136 0.0188313884103 0)
(-0.0712984226726 0.0129866312671 0)
(-0.322037673624 0.185341913576 6.34706764636e-16)
(0.136328186871 0.238341940532 0)
(-0.377375941808 -0.103284536179 -1.10190478722e-16)
(0.0407218298556 -0.0810569478059 0)
(0.0932962313864 0.357152138585 -4.65919931425e-16)
(-0.0495913454788 0.0878246624505 6.46121027806e-27)
(-0.0494470222367 0.127931574716 -1.61729446059e-15)
(0.00717852029376 -0.3463891176 9.82449367737e-16)
(-0.187728226468 -0.168690402031 -1.18415226745e-15)
(0.000424191142086 -0.340996336753 1.92624613568e-15)
(0.0692902707631 -0.180973335701 0)
(0.0146739961799 0.11506819395 0)
(-0.112700022222 0.0130832777131 -1.78306617943e-15)
(0.35534944523 -0.0475466509556 -5.19960914755e-16)
(-0.0490082037001 -0.146553831624 0)
(0.0753625700366 -0.0593767164607 -2.95030410302e-17)
(0.349087232513 0.0155671849348 6.25525966483e-16)
(-0.249836011132 -0.187342109443 -9.3441306206e-17)
(0.136416823961 0.222089963927 -1.11659202958e-15)
(-0.345470989128 0.181467158839 -4.66702150459e-16)
(0.0136512350128 0.0763655975044 0)
(0.114034027883 0.149530792592 2.68325204259e-27)
(0.010595902963 -0.33227091566 0)
(0.211912969213 0.189805041626 -4.72210234789e-16)
(0.111519374203 -0.0962936929752 0)
(-0.00982829939019 -0.346566272064 0)
(-0.164972671239 -0.00287699020608 0)
(-0.416241736808 0.0179891574366 -2.80828954002e-16)
(-0.00880147639136 0.397528311899 -5.41561144322e-16)
(0.378852430284 0.0228883923868 -1.05386974259e-15)
(-0.304794561799 -0.170568108677 0)
(0.0154190673282 0.214474429071 1.33244055541e-15)
(-0.244529998591 -0.312780839088 -3.02738252327e-16)
(-0.255395105304 -0.30482900463 0)
(0.0479043502252 0.271384079181 0)
(-0.12337724365 0.0192971613762 -1.70295623735e-15)
(0.122281639487 -0.0992342574702 0)
(-0.00471313756083 -0.335236553131 -7.0422595955e-16)
(0.136655172843 0.176889638941 -5.73203976331e-28)
(-0.220276298921 0.25044267125 -1.35386643512e-16)
(0.0289688330199 -0.156824563719 0)
(0.203984475999 0.265649588881 0)
(0.131837706086 0.225273248469 9.46168052016e-17)
(-0.00286876702989 -0.355563005251 -5.96709916741e-16)
(0.113992093195 0.13631762177 -2.68325204259e-27)
(-0.335204976553 0.191063245728 5.05871522828e-16)
(0.136569477275 0.191280097248 5.7320397633e-28)
(0.0206779150939 -0.151748104057 -1.84666472078e-15)
(0.134198242684 0.245726642287 -2.21312708143e-16)
(-0.311889301922 -0.152216111486 0)
(0.115683542973 0.295533022947 0)
(0.115585346404 0.265904546014 0)
(-0.402378008629 -0.0133060938073 0)
(0.020697429552 0.390104350908 0)
(-0.353930503862 -0.136540694053 4.04062118372e-17)
(0.0120591694429 0.0397979340212 0)
(0.104529027943 0.333866057293 3.3939978404e-16)
(-0.268215997317 0.225511124086 -7.04107844049e-16)
(0.0700473451576 -0.0227763410338 1.96920956021e-15)
(0.104259837122 0.201708632299 0)
(-0.164334406992 -0.0147567657951 3.14043227903e-15)
(-0.283220517642 0.233824791624 2.19935122916e-21)
(0.3828227912 0.00624564103986 0)
(-0.0192763226281 -0.378280813308 0)
(0.124216411997 0.265344697158 0)
(0.272699333064 0.198884484196 -1.80058484419e-16)
(0.360776988121 0.0501692256856 5.69879922757e-16)
(0.136886338992 0.0751650498897 0)
(-0.253815558109 -0.283489251636 0)
(0.327499383967 -0.0653029540388 1.48991433429e-15)
(-0.204906914969 0.294586857829 0)
(-0.209081019832 -0.304703202311 0)
(-0.3838226873 -0.0980751339009 -2.45866411108e-18)
(0.304498030182 -0.0683857130207 7.05251670419e-16)
(0.298540723788 -0.0620430050303 -7.65382859546e-16)
(0.113536615396 0.191544984318 0)
(0.321353734298 -0.0632089046462 -4.85988278832e-16)
(0.0579806479718 -0.287585010901 1.15025724119e-15)
(-0.223024630684 0.196704210972 9.4107888021e-16)
(-0.193320726223 0.129494783203 -2.51678884881e-17)
(-0.239710358379 0.222306551692 0)
(0.116053271189 0.313649355445 0)
(-0.333481139672 -0.156993327855 0)
(-0.0228920205956 0.391818190685 -5.22407231189e-28)
(-0.386886689102 -0.0975840042634 1.13221361061e-16)
(0.0829909602744 0.365716342655 4.65919931425e-16)
(-0.0329269757833 0.387256073239 0)
(-0.117905149287 -0.286052747284 -5.77652344749e-16)
(-0.143653143553 -0.0039239913294 3.31365230237e-15)
(0.11894147306 -0.111305726345 0)
(-0.255643615582 0.231751279725 7.04103852181e-16)
(-0.265874476544 -0.276882594403 0)
(0.0480013033919 -0.152687091718 -1.80375189927e-15)
(0.223155118551 0.211433436893 4.26616825303e-19)
(-0.0527816441467 -0.240510214173 -5.91826219895e-18)
(-0.127768449662 -0.279233394405 0)
(-0.2067161022 -0.262156593983 0)
(0.0108222760144 -0.160287811072 1.8467689037e-15)
(-0.00830060055213 -0.177906236815 -1.0949763627e-18)
(-0.201444435914 0.235815046504 -1.63633992402e-17)
(0.35357056427 -0.0366415684783 0)
(0.0401831343882 -0.299101689655 4.75202812399e-16)
(-0.237934511184 0.205862264346 0)
(0.13325908608 0.244272596758 2.21312708144e-16)
(0.129779008473 -0.11406878016 -1.60684423342e-15)
(0.0560486708043 -0.286237243422 2.32237365696e-17)
(0.125245485599 0.169915054995 0)
(0.00722226691841 -0.330301665753 -1.36295961525e-15)
(-0.158557007429 0.34311558227 -8.42328833882e-28)
(0.092572734251 -0.0201919583925 -1.9398077157e-15)
(-0.0587021342846 -0.16799665958 0)
(0.0394386779979 -0.147970577382 1.80375189927e-15)
(-0.136430635313 0.183990524028 2.65952988975e-17)
(0.200332681361 0.279675663784 6.27922568482e-16)
(-0.196450030401 -0.189659867143 0)
(0.130623244853 -0.0660925656658 1.32849699465e-20)
(-0.23738206784 -0.193870004015 5.81052933766e-17)
(0.0836938672385 -0.181340804285 -2.57056130773e-18)
(-0.0761673621515 -0.168901798129 1.69338395714e-15)
(-0.0148012137133 0.390205564399 0)
(-0.3908474959 0.0845425346682 0)
(0.100138479288 -0.171027054491 2.55647841267e-18)
(0.00265290040092 -0.154714307641 0)
(-0.339724644197 -0.142150645153 0)
(0.10302353912 0.31728652622 -3.3939978404e-16)
(0.124940161655 0.246631939212 -1.09213581996e-15)
(-0.0130804944607 -0.366074876836 0)
(-0.0670676711518 -0.161307435762 0)
(0.0583847665214 0.262885521588 0)
(0.173358763931 0.0489469503679 1.59556966323e-15)
(-0.174626905559 -0.0199945940181 -5.13832603967e-17)
(0.201253566007 0.0927979512054 -1.40911256546e-15)
(0.00982759381466 0.0047776999844 -7.36970834401e-27)
(0.00895284783601 -0.175313037651 0)
(-0.113299677127 0.0819165487001 1.09169996045e-18)
(-0.0551872848841 -0.0910950553089 0)
(-0.396190871456 0.0742943161749 0)
(-0.115634492873 0.213587853598 0)
(0.046322289477 -0.302884659063 -8.82314576108e-16)
(0.0521972862584 -0.295214161153 1.0034572919e-15)
(-0.000169006612595 -0.316789543559 -1.25311104814e-15)
(-0.14366158772 0.10565267816 3.67127760837e-17)
(-0.211113986276 -0.215464226435 8.71751611896e-16)
(0.137239520766 0.136157302126 0)
(-0.276637534718 -0.24865839772 2.8910788971e-16)
(-0.127246642474 -0.262055862703 1.13280511584e-15)
(-0.0407458424118 -0.344806538294 0)
(-0.241769283679 -0.333006844581 -8.96046368493e-19)
(-0.108546974768 0.333600492774 0)
(0.0694730023376 0.27177572125 0)
(-0.345751207037 0.120101879809 0)
(-0.167954948555 0.29665051907 0)
(-0.223396934529 -0.208561996043 -8.71751611896e-16)
(0.0680674261076 -0.147863590136 1.75854893723e-15)
(0.234814766017 0.23577476633 0)
(-0.129426039323 -0.230468306914 0)
(-0.000711465350104 -0.362180093415 0)
(0.348458552464 0.10375926844 0)
(0.322249517856 -0.0648148919739 -1.43978729194e-16)
(0.0378841613442 0.353409412194 8.31073061734e-16)
(0.026577808431 -0.171576150701 8.85511061566e-16)
(-0.263707919702 -0.255892260713 -2.89316884216e-16)
(-0.29200639893 -0.259522176077 0)
(-0.28160649187 -0.204071791209 3.70101229107e-17)
(-0.154606048705 0.00246794604843 -1.63357462881e-15)
(0.0346372083789 -0.177012983101 0)
(-0.223690179664 -0.276848197903 0)
(-0.256409159689 0.14567248553 3.64938417179e-17)
(0.249503958333 0.217512764545 -3.53202993617e-16)
(0.244350965472 0.0368315028384 2.16424307608e-15)
(-0.308232809688 0.191271175073 -6.33545442735e-16)
(-0.119962014146 -0.238727308804 -1.29793466826e-15)
(0.186589468696 0.0442830146593 -1.59517640477e-15)
(0.226286960771 0.250176862372 1.42219721486e-28)
(-0.166766270699 -0.151078719313 0)
(-0.378203910628 0.0922474681886 0)
(-0.275789542622 -0.297676379507 3.48120831115e-18)
(0.186649834593 0.148304372599 -1.24707283476e-15)
(0.0899512115823 0.145418145107 -2.77002376842e-18)
(-0.0922937541183 -0.104304991624 0)
(0.209982081393 0.274987936904 -3.77789119077e-28)
(-0.243383789019 0.140477787315 -1.00225649502e-15)
(-0.377163586765 -0.113405071009 -1.87548128013e-16)
(-0.066604453231 -0.147586779696 0)
(0.1740348904 0.0595738088062 -9.74942532802e-20)
(0.210036347063 0.220215555064 0)
(-0.138498165697 0.213873446677 1.12723915324e-15)
(-0.102362027695 -0.256257419796 6.27643143098e-16)
(0.124824622625 0.263825291791 0)
(0.127859887822 -0.0770693018615 -1.32849579527e-20)
(-0.173936219002 -0.0317588838406 -1.38217213363e-27)
(-0.266004710517 -0.311798727951 0)
(-0.372181532514 0.135109734844 0)
(-0.120170203139 -0.254176198556 0)
(-0.312812662131 -0.170873382597 5.71061315696e-16)
(-0.162369507898 -0.0499142876707 -1.42318888411e-27)
(0.125578316273 0.117056029465 5.51689165338e-27)
(-0.220696467185 0.138911142623 -6.46851037451e-19)
(-0.143916517162 0.350603299044 0)
(0.102245453083 0.246443764712 -1.14545619464e-15)
(0.21874108918 0.267330574563 3.77789119077e-28)
(-0.283373687192 -0.288499531966 0)
(0.0591670887292 -0.143670269682 -1.75854893724e-15)
(0.123202614721 0.0465109390694 1.26969268209e-26)
(0.200483087686 0.0499269141764 0)
(0.0893673090652 -0.0414758950087 -1.93941879117e-15)
(-0.172977853893 0.192622969304 1.10802738746e-15)
(-0.293062051743 -0.278288223583 -3.35981274769e-16)
(-0.290868816109 -0.277382531314 3.27966350913e-16)
(-0.158484155394 0.199759423487 -4.47591280271e-17)
(0.136598758287 -0.12911163863 1.51843868439e-15)
(-0.295253002767 0.226566990818 0)
(0.102210235099 0.263538402111 -9.87537311915e-28)
(0.228113362084 0.256157963013 1.99438677871e-28)
(0.0484839158802 0.34475818354 -8.31073061718e-16)
(-0.22241136191 0.131531041836 0)
(-0.162920565828 -0.0382250675389 1.42318888411e-27)
(0.0590041714148 0.317672588166 -9.135880417e-16)
(-0.183931465925 0.171426010522 0)
(-0.367699237567 0.131948612731 0)
(0.0648893048659 -0.162413325876 -1.67006780281e-15)
(0.199082124004 0.289955368017 -4.45080244045e-16)
(-0.172348328835 0.178011785479 0)
(-0.196367363176 -0.0185039874929 0)
(-0.0366162810809 -0.0899058679747 7.27708982339e-27)
(-0.055719656592 0.372853367608 1.1194839498e-27)
(-0.221484746681 0.181090821152 0)
(0.0913352948249 0.290118434472 0)
(0.205863273166 0.280385141899 -2.33009322657e-28)
(-0.00571971170593 -0.235166331756 -8.19469334597e-16)
(-0.226608074189 -0.301119013689 6.29845425294e-16)
(0.352042784256 0.0617030580306 -9.08634544725e-16)
(-0.240687008618 -0.221362785839 0)
(0.0800741641643 0.263145210686 -5.14176031696e-28)
(0.314803066187 -0.072129213444 0)
(-0.232296291523 0.160417725639 -2.99845191134e-20)
(0.162729155453 -0.0856360628079 1.94621093799e-19)
(0.00113434005009 -0.0862992605777 -7.38855674362e-27)
(-0.229692699037 0.132493560334 0)
(0.244866426342 0.0458488455961 1.37175794277e-15)
(0.182357441087 0.269684853925 0)
(0.091206050237 0.177464470259 0)
(0.031630195002 0.0178348640351 -3.98614093416e-15)
(0.214711849204 0.0451975197158 0)
(-0.306459757371 0.231491662921 0)
(0.0590067315959 0.298682917575 0)
(0.113599105749 0.177210282779 0)
(-0.378077680268 0.106118723677 0)
(-0.0671775495824 0.364763420896 0)
(0.0914336759333 0.272097471495 0)
(0.0368887209331 -0.215896704342 1.56999345643e-15)
(-0.0368509864245 -0.239413114269 -1.59885072482e-15)
(0.0103808999456 -0.23127103815 8.20483394412e-16)
(0.228852863429 0.031049161071 -1.4537229941e-15)
(-0.24454683795 -0.241575266222 0)
(0.301973533848 -0.0666333398161 1.22545433597e-15)
(0.0167737839038 -0.181028853477 -8.85505301086e-16)
(0.0693783580822 0.289852530103 0)
(0.00346814234252 -0.224867215342 -1.65638018696e-15)
(0.194325254646 0.260607812012 0)
(-0.110567630271 -0.263208166253 -6.28034225347e-16)
(-0.0819941690031 0.364199775439 0)
(0.0486959052625 0.326439100171 -1.27721524028e-26)
(-0.172442622048 -0.0552558221677 0)
(0.069051822878 0.237900627714 0)
(0.116498675865 -0.184913477954 6.95858092493e-16)
(-0.151024423686 0.212649686989 2.89788470415e-29)
(-0.265594792374 0.101995501828 -3.91767899498e-18)
(0.0476198636766 0.192130869119 0)
(-0.390610267411 0.0939330519663 0)
(0.236687227371 0.2465519103 4.50125649e-16)
(0.0263300080415 -0.227251781377 0)
(-0.233960853288 0.175335011451 2.99845763668e-20)
(-0.231905355647 -0.158992647484 1.35385278673e-16)
(0.17542954431 -0.0878010546001 4.6374857745e-20)
(0.187306280407 0.0652837572931 -1.84553534526e-19)
(-0.0150965570324 0.377064458582 0)
(-0.169818654755 0.236462332823 -2.89788470415e-29)
(-0.136425377251 0.17814918403 -2.65952988975e-17)
(0.17077468418 0.018100013998 0)
(-0.149664958492 0.19187766433 -1.09273537947e-27)
(-0.0688939901815 0.350143428784 0)
(0.174230542351 0.129137701415 -1.36010938749e-15)
(-0.232172469509 -0.247913759275 0)
(0.285189610321 0.148576008449 -4.72870312356e-16)
(0.0114512679549 -0.079431830478 -2.03816613766e-15)
(0.208578786107 0.235780145882 0)
(0.136570466079 0.272377420976 4.09483453538e-28)
(0.08078434512 0.298986235261 0)
(-0.220999025329 -0.191498436729 0)
(-0.0305868401319 -0.266574038381 8.1270578063e-16)
(0.191163039447 -0.0797003465836 -7.34232217701e-16)
(0.113519326575 0.290280182824 0)
(0.0800988885493 0.246232740294 5.14176031696e-28)
(0.0190597984727 -0.220255462295 6.55684632509e-18)
(-0.0929595200996 0.128151167911 0)
(0.144068671233 -0.105340163465 1.6068627231e-15)
(-0.0125575084532 -0.227790671374 1.62476982606e-15)
(-0.0211801980503 -0.237919035552 -1.62495610272e-15)
(-0.0756338762706 0.0621133989838 0)
(-0.0744467182836 0.0753928191613 0)
(0.247697330127 0.233490737349 -4.50125649e-16)
(-0.207332966385 -0.167655145996 -3.69513993602e-27)
(-0.287935426635 -0.0585821709856 0)
(-0.0120642509242 -0.370730063159 6.09294909512e-16)
(0.370215898172 0.0798383062904 0)
(-0.161330527972 0.199419380152 -1.10802738746e-15)
(0.185696862279 0.0340867776803 1.62816048083e-15)
(0.025921548796 0.149326031912 -1.17139096532e-26)
(0.112370181142 0.0628007653478 -1.76860431027e-15)
(-0.358220099107 -0.117543146682 0)
(0.0931560199405 0.342217489497 0)
(0.0214716993224 0.0228041739759 1.99830086281e-15)
(-0.104942200418 0.364136934454 -3.39421828193e-28)
(-0.288082579909 -0.0457965297763 1.38155356751e-15)
(0.197842777417 0.213215204694 0)
(-0.138183183394 0.198940031323 1.05010194131e-27)
(0.171243873489 -0.0990453175923 -1.47538589219e-15)
(0.0583348921541 0.246060751459 0)
(-0.272115535308 -0.0653340942378 5.04759286752e-16)
(0.107816146563 0.00774283159825 -3.40793809898e-27)
(-0.0838280648869 -0.290442282763 6.58984730045e-16)
(-0.280856729358 -0.285982372958 0)
(-0.255412157386 -0.27148621964 0)
(0.20539972543 0.266501153274 -2.70798671511e-28)
(-0.142163637692 -0.0391885309853 -1.69296708432e-15)
(0.0583064400694 0.214419197169 0)
(-0.216154390223 -0.306151842164 3.47367054276e-17)
(-0.251476442261 0.0945639591498 -5.53941450533e-16)
(-0.13809062727 -0.237623848574 0)
(0.243996049246 0.22708959968 2.63912736996e-16)
(0.0690682129036 0.222134592131 0)
(-0.0897655399142 -0.31259154423 -9.09440474554e-16)
(0.0320100143535 -0.192889803563 0)
(0.187704588221 0.0760899873942 -1.46512066609e-15)
(-0.261400191158 0.132657498239 5.26699925263e-17)
(-0.143001049828 0.253354903949 0)
(0.122527141666 -0.151935572838 -2.36237510365e-17)
(-0.135518131833 -0.305549891066 0)
(0.171935362303 0.0282750096144 -1.62816048083e-15)
(-0.0589192510172 0.324153574461 0)
(-0.272071054346 -0.077959930939 -1.87864359759e-18)
(0.113323460836 0.238172389736 1.09213581997e-15)
(-0.17131600591 0.136465993261 1.27974466444e-15)
(0.125021958249 -0.186640972853 6.48998877244e-16)
(0.243210585966 0.0177495581831 0)
(-0.0929654673714 -0.264933901409 1.31942641108e-15)
(-0.0847348103933 -0.161985955713 -1.69337828082e-15)
(-0.218458981395 -0.0166840095024 0)
(0.213805584587 0.253313018087 -1.42219721486e-28)
(0.151563413967 -0.11972992352 -4.49264985696e-17)
(-0.164518500281 0.263808483224 0)
(0.0367253212838 0.156373394052 -1.56063203684e-15)
(0.113352246765 0.222079383887 0)
(-0.0217842896205 -0.256498240564 6.15198933215e-18)
(-0.0688874285125 0.0609509588989 -7.38541406967e-19)
(-0.254274249335 -0.215169558934 -6.73682793493e-16)
(0.361298502981 0.0948777869796 0)
(0.142385533368 -0.00438533665347 1.61348611297e-27)
(-0.0814525693743 -0.303695087697 -1.84844235894e-17)
(-0.235121120828 -0.269552761074 0)
(-0.136733650362 -0.287257718756 0)
(0.136138074159 -0.0911947970978 -5.11861717101e-20)
(-0.0312999210422 -0.285233105384 -1.53848836073e-15)
(-0.202352803802 -0.240580236904 -8.44095566451e-16)
(0.0354939416823 0.0897298582787 0)
(-0.129913141237 -0.215096507446 0)
(-0.105132963581 0.0848316788875 -1.34751925228e-17)
(-0.207666437391 -0.18199744896 3.69513993602e-27)
(0.191031987398 -0.0281893685218 -1.58201059101e-15)
(-0.0817347511219 0.0943086343676 0)
(0.284861119928 0.177900542639 -4.4446582055e-17)
(-0.27692452568 -0.301025627493 0)
(0.10272974009 0.2990519657 0)
(0.140707393082 -0.0146664294876 -1.61348611297e-27)
(0.200532690668 0.285488861266 4.45080244046e-16)
(0.294230194634 0.0896508841266 0)
(0.127534037774 -0.0211331640353 0)
(-0.244666169632 0.0209458597931 -1.22126585352e-15)
(-0.146341101172 -0.260831834903 0)
(0.291020643203 0.164096857735 3.88106815522e-17)
(-0.300728503401 -0.265482335985 8.69478967852e-17)
(0.184430076418 0.30138832574 2.74879986159e-28)
(0.276810934698 0.0374743456044 -6.54128874267e-16)
(0.201132215067 0.0817427601684 1.46522960255e-15)
(0.256265959681 0.223833449035 0)
(-0.185943518719 -0.0134105999652 -1.49445653479e-15)
(-0.0378436874041 -0.258089109675 -1.53599464295e-15)
(0.20528015225 -0.0827000480767 7.40449891526e-16)
(-0.215670008239 0.310346207591 0)
(0.259867722945 0.0237411028626 0)
(-0.225204988641 0.23787371012 1.35386643512e-16)
(-0.057762817017 0.342743770066 0)
(0.150066493841 -0.173787633386 6.00643833369e-16)
(0.276993271934 0.0464820642469 -4.43318708332e-17)
(0.0453153001884 -0.167306325955 0)
(-0.230289461117 -0.0100214898095 5.71750421292e-28)
(0.212284410791 0.0160357957132 1.5214599863e-15)
(-0.0284296927374 -0.229552624786 2.41531391576e-15)
(-0.170344431439 -0.103355095535 0)
(-0.183308301654 0.157291988138 1.17533162524e-15)
(0.199304811337 0.0298451591212 0)
(-0.193706649286 -0.0539503285554 1.42787015268e-15)
(0.0464915503572 0.0964059152841 1.57928259121e-27)
(-0.147012723416 -0.276498512528 0)
(-0.188915855465 0.131489624149 2.62355457688e-17)
(0.282615154987 0.160250933982 8.43254072422e-16)
(0.325730264158 -0.0689309248314 0)
(0.116078534549 -0.0174746566704 1.87187063111e-15)
(-0.0248725596806 0.370321209181 1.76391195812e-28)
(0.155759421836 0.00185334548197 -1.70763778826e-15)
(-0.0268570191778 -0.0833461665558 0)
(-0.177315591808 -0.253073724347 -4.64387911407e-16)
(0.22769702199 0.0217713295615 -1.5214599863e-15)
(0.053602184769 -0.172228478053 0)
(-0.124402042003 0.354054016962 0)
(-0.195509968509 -0.0303457652728 -2.82618495449e-15)
(0.0979939929644 -0.0559470385333 -1.8628353671e-15)
(-0.0896748201706 0.362042340355 5.82735894991e-16)
(0.0475380874973 0.14952347412 1.56063203684e-15)
(-0.0711003838692 0.127969132831 5.85105093621e-27)
(0.05056038486 -0.188061243223 0)
(0.147734526267 -0.0936337494597 0)
(-0.205900589938 -0.0353804594961 2.71947942311e-15)
(0.260476988929 0.0315795449499 -7.10445388339e-16)
(0.0449408151477 0.0593784691575 0)
(-0.28057636952 0.165824247052 -7.99352834386e-18)
(0.0306545573137 0.00635982516954 -2.03207324042e-15)
(0.113815224313 0.272372235795 0)
(-0.257512620994 0.0277095131215 5.56654313596e-16)
(0.0874018582604 -0.052417812279 -1.93134544247e-15)
(0.141481968646 -0.188839861345 5.50172564171e-16)
(-0.231407764032 0.0020472017377 -1.2291632307e-15)
(0.0834228311384 -0.0742371047596 0)
(-0.243179357599 0.24854902265 2.04835330896e-16)
(0.0339111454131 0.0528783302135 0)
(-0.30363601064 0.132597299369 0)
(-0.115735321035 0.346097625348 2.17457409457e-27)
(0.294833118781 0.0805862055316 -4.1946350517e-17)
(0.112716110841 -0.0382959699582 0)
(-0.0820586330439 0.134862766642 -2.76119886043e-27)
(-0.0483381840529 0.296505880821 0)
(0.183857748347 0.0141308977977 0)
(0.155682588165 -0.107623213632 0)
(0.277815154085 0.0659201194679 0)
(-0.180271818658 -0.109307461324 0)
(-0.103848819509 0.339282740352 6.97355958682e-16)
(-0.132205130511 -0.0337364070272 1.69296708432e-15)
(-0.217463126776 -0.0286803398635 -1.33255419003e-15)
(-0.0924784123629 0.0879377313229 0)
(-0.35558232291 0.0481483652565 0)
(0.125790322239 -0.126716055112 0)
(0.0257434947 0.135493306084 1.64387172578e-15)
(0.125589117635 -0.202853894718 -5.56218846949e-16)
(0.0235196694359 0.0583268824791 0)
(-0.13253701333 -0.0220249911079 0)
(-0.0928091938353 0.114454294677 1.57941142228e-15)
(0.0240821340199 0.0705980574068 0)
(0.0396538176861 -0.198624902258 0)
(-0.202609536631 0.31601551388 0)
(0.0582983179002 0.199467063486 0)
(0.058473812693 0.170527706385 0)
(-0.0349916886396 0.375847247709 7.02780671546e-16)
(0.019771908702 -6.73970691151e-05 2.0320732404e-15)
(0.184215483849 -0.100537511582 1.47540608172e-15)
(0.157202327697 0.0120730440957 0)
(0.058476578052 -0.193039397665 0)
(0.150428199776 -0.138398217993 2.29865744372e-17)
(0.0437400194054 -0.221795394699 -1.56999345643e-15)
(0.036450151327 0.128914715311 -1.64387172577e-15)
(-0.102740038515 -0.162577481823 -1.57616104366e-15)
(0.125630852186 -0.0315912571964 0)
(-0.243539374739 0.0087423510795 2.40378122876e-15)
(-0.392996141064 0.0738900143955 1.85324137747e-16)
(0.0422188205842 -0.264773462045 2.08385524507e-15)
(-0.112222223781 -0.184605419824 -1.50489544074e-15)
(-0.213943927902 -0.234426543935 8.44095566451e-16)
(-0.156782477509 -0.252156852785 0)
(-0.221689920177 0.0189284760507 -1.27360488997e-15)
(-0.307564019391 0.0869914520702 8.096685359e-16)
(0.0473533210678 0.135822580897 0)
(0.135921109927 0.289982221293 -8.68793702726e-16)
(-0.198471457689 -0.147504369265 0)
(0.118029580014 -0.218071546222 0)
(-0.273534807251 -0.161713588469 0)
(0.198152731214 0.0199834472315 0)
(-0.296148635954 0.212644136675 6.77320660911e-16)
(-0.233845952524 -0.184784615057 0)
(0.0249216419257 0.095729628701 0)
(0.026041723221 0.177629878869 -1.49087276546e-15)
(0.0581955301184 0.129272796914 0)
(0.102098126201 0.214201419339 1.23414010841e-15)
(0.272555948565 -0.00706207821803 0)
(-0.255861763114 0.135119979769 1.4774427509e-15)
(-0.244911863121 0.154957841978 0)
(0.277666847008 0.075409003349 1.18266499213e-15)
(-0.28951215633 0.0659973818013 0)
(-0.0818352481262 0.107684895269 0)
(-0.0815088483707 0.0310429770109 1.84784604437e-15)
(-0.277535937108 0.0846181807268 -5.00133826143e-16)
(0.288241049403 -0.077011971825 -1.08781781593e-15)
(-0.210929292622 0.0239161026771 6.10301455293e-28)
(0.188782929189 -0.0378751612175 0)
(0.0252723038686 0.10874606751 0)
(-0.176244818182 0.00367588728475 0)
(0.0280872780791 -0.100178711014 0)
(-0.216308948553 0.111635377305 1.15771025659e-15)
(-0.143192854317 -0.0157930363189 1.64392549287e-15)
(0.00696519838517 -0.0293276747004 -3.57149296006e-18)
(-0.220702115254 0.00683697689365 0)
(-0.0101693755641 -0.105204620322 0)
(-0.0923356998211 0.0748738491987 2.98149657274e-17)
(-0.183472681058 -0.0487270072032 -1.42787015269e-15)
(0.0187353185692 -0.0114899906927 2.062815962e-15)
(-0.103016650418 0.06869437464 1.6937800364e-15)
(-0.250506213148 0.0815242691247 5.47536702346e-16)
(-0.110848827935 0.354048325394 0)
(-0.302874671998 -0.25134518057 1.73712045951e-16)
(0.0583858909125 0.15651213668 0)
(-0.261215932889 0.0637453942123 -1.07102932791e-15)
(0.0586397583516 0.352481723581 5.55755316127e-27)
(0.101686121183 -0.0347298142189 3.439797321e-27)
(-0.14806944676 0.109042303714 -1.45227506365e-15)
(-0.0747547909068 -0.283738139062 -6.45091965095e-16)
(0.276169391509 0.0976510239895 0)
(-0.045374331496 0.368549121585 -7.02780671546e-16)
(-0.237671929108 0.0745029728618 -1.19811627714e-15)
(-0.0946126885866 -0.232042440545 0)
(-0.137052195825 0.115347781738 -3.45915866756e-17)
(-0.290830460784 0.0792534480889 5.03830451034e-16)
(-0.0351745355289 -0.204825225935 -1.68791437558e-15)
(0.146113487786 0.0265694321626 0)
(-0.239429470248 0.0998974533571 -6.02853548188e-16)
(-0.198879397292 0.277506823824 0)
(0.144911256637 0.0161045176048 1.77241533595e-15)
(-0.0815721590192 0.323520775192 -3.62698579533e-28)
(-0.0478790343378 0.315524025338 0)
(-0.0421585409654 -0.181711789871 1.7321269912e-15)
(-0.0592297677706 0.287372243943 -4.77547964093e-28)
(-0.137291384877 -0.252753993257 -1.12100639821e-15)
(-0.171734603889 0.150117498824 0)
(0.110620974357 -0.0489968940349 1.8628353671e-15)
(-0.236670132698 0.0620387140363 0)
(0.159210658984 0.0325774524693 -1.52240712322e-27)
(-0.376584666765 0.126554871849 0)
(-0.21123884104 0.150590419748 -4.14469845666e-19)
(-0.211811222149 0.0361787209771 -1.30697558969e-15)
(0.0468846025063 0.109286649276 -1.57928259121e-27)
(0.229526445509 0.0507366807442 0)
(-0.178424471496 0.273017700225 7.95580565073e-16)
(0.147937987177 0.263748595809 0)
(-0.192619267216 0.298216985835 -2.79844662065e-28)
(-0.315189263787 0.128971746349 -1.25484461959e-17)
(-0.190973066911 0.312073201521 2.79844662065e-28)
(-0.147952434337 -0.228835870682 0)
(-0.163119541383 0.33813678621 8.42328833882e-28)
(-0.0852639979921 -0.256734701057 -1.3228095669e-15)
(-0.382122657508 0.114154305215 2.29286570453e-16)
(-0.0922640703242 0.348128302462 -6.97355958682e-16)
(0.0957398993741 -0.0669978647601 0)
(-0.248010522914 0.209823104524 0)
(0.201038060218 0.0601728754571 0)
(0.213928917408 0.0355352192352 0)
(-0.33701002602 0.0525877044651 0)
(0.0572272094929 0.0904760121756 1.74724960722e-15)
(0.0579125100004 0.116054933171 0)
(-0.170595656086 0.109764251978 -2.71346700322e-15)
(-0.0807038953406 0.341221639014 3.62698579533e-28)
(-0.152835459428 -0.0329072472844 0)
(0.241809305505 0.00872236222952 0)
(-0.22364197649 0.042828456622 1.30697558969e-15)
(-0.103312174845 -0.20768906472 0)
(-0.253807060142 0.263742976636 -4.42202140942e-16)
(-0.10492735143 0.322829009442 7.85109293259e-16)
(-0.159496799613 0.115992729817 1.37717752704e-15)
(0.347626104213 -0.0554004563617 -9.98103295178e-16)
(0.0289036960008 -0.319757313756 9.96675419694e-16)
(-0.103007569246 -0.24012192175 0)
(-0.102099627835 -0.00497633007226 1.66981900234e-27)
(0.214945211787 0.098448166337 -6.61346843522e-16)
(-0.0257547759673 0.352959517829 -1.76391195812e-28)
(0.148321668272 0.246694939253 0)
(-0.204992470656 -0.0472680351023 -1.31909504145e-15)
(-0.0557920940021 -0.102939281856 -2.54410110871e-17)
(0.0361758818389 0.11554859666 0)
(0.160158104782 0.0431086871913 1.52240712322e-27)
(-0.113981957192 0.0752351250291 0)
(0.215123491293 0.0656904821522 1.3946746388e-18)
(-0.121445861462 -0.207664035396 0)
(-0.207948540729 -0.0118111120893 0)
(-0.333576334729 0.149449487676 -2.65826020454e-16)
(-0.101802272022 -0.0748329575292 -1.84918505268e-15)
(-0.279299251052 0.0969916390297 7.73989048014e-18)
(-0.201776563504 0.0538019165245 -4.82417034137e-17)
(-0.153352430688 -0.0211732741835 -3.23851797672e-15)
(-0.0727633337977 -0.0570701383762 -1.97120415074e-15)
(0.114451050811 -0.0846506472768 0)
(-0.254412697906 0.120983556057 0)
(-0.339685398087 0.191036567214 0)
(0.210952899593 0.00661828157201 0)
(0.33437987266 -0.0612215344018 -1.48789627179e-15)
(0.260815934326 0.0605415454595 2.14245620025e-17)
(-0.0928687550994 0.314475450691 0)
(-0.155177717721 0.0145255198123 -1.45720504203e-27)
(-0.197390659468 0.322551308535 0)
(-0.0633967734411 0.376951103101 -4.04087654997e-16)
(-0.17894158437 0.319849713568 -9.86099873445e-28)
(0.0455764556416 0.0715035220695 1.83796038685e-15)
(0.352077308025 0.103312667638 -2.8221351848e-18)
(0.338760004465 0.111412055367 3.02100640015e-18)
(-0.116054040584 0.261294458738 0)
(0.292735785931 0.146148297327 0)
(-0.191259391123 -0.368483522741 0)
(0.188318902979 0.299819020698 0)
(0.124871424268 0.298587643247 8.68793702726e-16)
(0.0475687921971 0.177666786005 0)
(-0.200973839837 0.0413842918272 0)
(-0.228491433788 0.245016275689 -7.63705555794e-16)
(-0.0382413164713 0.221696492995 0)
(-0.226952054355 0.0927666605678 2.36291105001e-15)
(-0.0821293162807 -0.0399772253285 0)
(-0.247787237949 0.234921896022 0)
(-0.175531834181 0.23953079281 -4.06379078037e-17)
(-0.0933364597073 0.295959518049 -9.46302120772e-16)
(-0.248154020311 0.0570298476093 0)
(0.163619079803 -0.12189005128 -4.48865628938e-17)
(-0.0932640692704 -0.141822054416 0)
(0.0350086643198 0.0771746973415 -1.83796038685e-15)
(0.196031107476 0.244796418767 -8.62342267183e-16)
(-0.248948053062 0.285030215499 -1.56341303899e-28)
(-0.17702857307 -0.400766926452 0)
(-0.215607754436 0.0984632396929 -2.46043240131e-15)
(-0.151673618323 -0.0562674354474 0)
(-0.224547820457 0.055247378785 0)
(0.00549994145077 -0.207260055396 -8.58966188058e-16)
(-0.00201099669639 -0.200335598338 1.71244820234e-18)
(-0.191530627072 0.0719494929912 2.73038789768e-15)
(-0.310239284137 0.0994919250353 4.11133101673e-16)
(-0.285905062526 0.21750009655 -2.09232514191e-16)
(-0.206158375708 0.215395921612 0)
(0.102122653458 -0.232919463646 1.06467712873e-15)
(0.0691486500228 -0.0932851197309 1.88833526539e-15)
(-0.286959615213 -0.084699809697 1.35416360847e-17)
(0.0691963457644 0.136110592892 1.59236881519e-15)
(-0.393060139543 0.0886612478259 -1.86127511922e-16)
(-0.264940850683 0.242843220059 0)
(0.216845745384 0.269762767051 2.49234156332e-28)
(0.0692516475129 0.177619104492 0)
(-0.104347690179 0.177220479034 0)
(-0.190294322403 0.265954310783 -1.54721031715e-15)
(0.340567118088 -0.0616705632471 5.03820588765e-16)
(-0.217822113222 0.138290419585 -1.14953336343e-15)
(-0.204926844754 0.117539764801 -1.2504565042e-15)
(-0.205616106384 0.130999275042 1.14950688571e-15)
(0.0426629907664 0.0242663110976 1.98784007135e-15)
(-0.175751225774 0.330455854766 9.86099873445e-28)
(-0.103399802214 -0.19218087452 1.50489544074e-15)
(-0.0777717142391 0.36938371628 0)
(-0.0922339340832 -0.0689573909084 1.84918505268e-15)
(-0.318056636446 0.1423882112 -7.72304655162e-16)
(0.187517698785 0.0987217707208 1.40894047517e-15)
(-0.228598854129 0.118751896949 -1.15796482949e-15)
(-0.27456636025 0.0589640943652 1.07102932791e-15)
(-0.0816444136636 0.287135043307 9.46302120772e-16)
(0.0909591467823 0.238010780567 1.14545619464e-15)
(0.2609395486 0.0515460753682 -1.41695812005e-15)
(0.10558925202 -0.119947137728 -1.71787650665e-15)
(0.0222687039298 0.0345342987163 3.60641952368e-27)
(-0.0499900527968 0.0487599071348 9.84202934711e-19)
(-0.184188200686 -0.0369543705305 1.43925972141e-15)
(-0.190841649425 0.0592555539514 1.37823782951e-15)
(-0.218863152768 0.152413351007 -1.08782476604e-15)
(0.0455945123884 -0.0472044209127 0)
(-0.243885357595 0.254033111365 0)
(-0.101882735546 -0.0516656246243 0)
(-0.214584646351 0.307820904187 0)
(-0.163743984949 0.246529194414 9.33520606346e-16)
(-0.0815673185215 0.0684651685083 -1.72359500212e-15)
(-0.246193740065 0.275701991622 2.37366810047e-16)
(-0.180560477607 0.077664198589 -1.38821976576e-15)
(-0.189282724136 0.034639109574 0)
(-0.262722838554 0.0762175831067 -5.46200277031e-16)
(-0.353799256732 0.0366703740659 -4.31581494598e-16)
(-0.139298091084 -0.20675040032 0)
(-0.125422948507 0.095069707623 -3.43135789333e-17)
(-0.114811222758 0.11482208898 0)
(-0.267254532143 0.115606989387 3.92910105048e-18)
(-0.267172606544 0.266907227423 0)
(-0.333637640201 0.165401498477 -3.74090362378e-16)
(-0.101885776345 -0.0864603185185 0)
(-0.182090301689 0.116710562677 4.13651391583e-17)
(-0.0920853858343 -0.0574211032493 -8.53854220198e-28)
(-0.304627428898 0.0606051528085 3.09389939981e-17)
(-0.104497181688 0.367587909557 3.39421828193e-28)
(-0.186402936764 0.216320569215 9.85830714643e-16)
(-0.147651876631 0.0957465486735 -1.50614286008e-15)
(-0.203949371938 0.319220440306 -1.42511390066e-28)
(-0.174553980264 0.222992455081 3.76887488372e-17)
(-0.111554677333 -0.0689489470585 0)
(-0.0709255524678 0.0747516764013 3.15473996302e-27)
(0.147716730099 0.0478012032045 1.71262705326e-15)
(-0.0930071181632 -0.128939804472 0)
(-0.346639059557 0.170006628214 7.31688444211e-16)
(0.081077913052 -0.0857279160754 -3.74444098591e-15)
(-0.114256604451 0.088316638409 -3.21681876615e-17)
(-0.0704021064428 0.296108112503 4.22123191666e-28)
(-0.321500862217 0.172025298924 -7.0413129762e-16)
(-0.070939546698 0.0877761212537 -3.15473996302e-27)
(-0.188489779244 0.0223915076924 0)
(-0.115052558775 0.128472360318 -1.48759046067e-15)
(-0.0815247725397 0.0557248882223 3.57646356694e-15)
(0.182429691919 0.0042383321133 0)
(-0.170101065851 0.0965634566651 4.06625429981e-17)
(-0.125743816668 0.108428957513 1.48686665033e-15)
(-0.292529758081 -0.193762975988 1.57423522841e-17)
(-0.126533493086 0.149293050431 -1.39090525639e-15)
(-0.332820136816 0.201518897594 0)
(-0.102571640524 -0.148846769628 -7.41331944317e-28)
(-0.192710454597 0.0974454529403 -1.30051575094e-15)
(-0.186741470175 -0.00151485833538 1.33445141371e-27)
(-0.103664557701 0.107968256206 -1.57941142228e-15)
(-0.258289835316 0.283648217046 1.56341303898e-28)
(-0.186309694417 0.199141244238 5.68665830597e-17)
(0.103502699771 -0.0240299837037 -1.87187063111e-15)
(-0.071205040906 0.155803458606 -2.66753891043e-27)
(-0.071041552431 0.114260128866 1.65231399648e-15)
(-0.203173644048 0.0787386417908 -2.63838645991e-15)
(-0.204890176852 0.27497713531 1.46157296574e-15)
(-0.0595301314814 0.269584606869 1.08978742141e-15)
(-0.218853216564 -0.160079637711 4.6380005991e-28)
(-0.217908515776 0.297293058114 0)
(-0.0931957095126 0.15590690887 -2.45663672895e-17)
(-0.069977075673 0.314685341176 -4.22123191666e-28)
(-0.104069251613 0.135104447652 1.48759046067e-15)
(-0.194818393115 0.150912291565 -1.17533162524e-15)
(-0.0817708664814 0.269394282894 -2.10819666232e-17)
(-0.102827760549 0.0559133887723 -1.74289908633e-15)
(0.313409465739 -0.0752585224648 0)
(-0.0469344049358 -0.10843589728 1.95103130928e-15)
(-0.194164372244 0.137145723234 -1.23772567978e-15)
(-0.178690196375 0.290175094726 6.9625433955e-28)
(-0.104227927743 0.149035573997 -1.44628800667e-15)
(-0.240756289879 0.293164273198 0)
(-0.238971762949 0.295501701412 0)
(-0.302550381235 0.219166004433 0)
(-0.098681391027 -0.303832749577 1.02730274701e-15)
(0.166093814925 -0.117679431759 -2.19051653709e-16)
(0.272690137972 0.131620097328 -5.91206751267e-16)
(-0.0263593109465 0.316035174898 -9.28877175645e-16)
(-0.234885163603 0.299373762043 0)
(0.056697764842 0.0780702381971 1.80922094068e-15)
(-0.027508175619 0.214254477812 -6.1956134972e-28)
(-0.0932715904603 0.170100683286 1.39655730467e-15)
(-0.112150629088 -0.170012852884 1.57616104366e-15)
(-0.189384666977 0.248648229198 -3.9510762544e-17)
(-0.177864674908 0.332100472528 0)
(-0.193270976767 0.110581833041 2.54538084122e-15)
(-0.267913148419 0.22795596724 0)
(-0.214277005971 0.0731814107622 2.54334939134e-15)
(0.0368370129036 0.17051419994 1.49087276546e-15)
(-0.0375304259418 0.287721219758 1.03364144804e-15)
(0.00423511108346 -0.140898492502 -1.9163658821e-15)
(-0.207020084698 0.158394905635 1.0877742903e-15)
(-0.0381154696223 0.237161969719 1.22570062994e-15)
(-0.136300762318 0.0889080244193 -3.63091990573e-17)
(-0.212240988758 0.21893908316 -9.01992726798e-16)
(-0.274239055343 0.254453130554 0)
(0.102039748855 -0.133014869906 1.63410364573e-15)
(-0.21078056847 0.202710656749 -1.92627427571e-15)
(-0.209007755756 -0.140033633102 5.15145121002e-28)
(0.274262088409 0.186360931685 0)
(-0.0276033591804 0.199311677322 6.1956134972e-28)
(-0.0168483222856 0.192049655252 5.28267023298e-27)
(-0.208083704045 0.172906618158 -1.0631942716e-15)
(0.267552500792 0.171522179638 -8.14094833436e-16)
(-0.11250500965 0.00104271642514 0)
(-0.204578527647 0.290771847204 0)
(0.109954702613 0.0292680714985 -3.30740044353e-27)
(-0.0712249922838 0.170088595554 2.66753891043e-27)
(-0.048851865876 0.244916910163 0)
(-0.0918958002655 0.000858339016959 1.88148868589e-15)
(-0.0171672480742 0.134933867195 -1.64707776041e-15)
(-0.20385698722 0.0915914327989 2.55436734532e-15)
(-0.22613250695 0.0798474602575 -4.90147861994e-17)
(-0.0705851160572 0.261042795866 -1.94980456335e-17)
(-0.0920895725173 0.0496053102389 -3.09689668474e-17)
(-0.197254882345 0.194144375077 2.01422366894e-15)
(-0.0280529413309 0.114381083371 1.70037715811e-15)
(-0.0821449542056 0.148866604237 1.47085437396e-15)
(-0.0823500604831 -0.0515326332789 0)
(-0.0314239295555 -0.145143337817 0)
(0.0684054695845 0.09711123455 -1.74724960722e-15)
(-0.213551736845 0.0605411798054 -1.3299961261e-15)
(-0.0827173978194 -0.0746297466547 0)
(-0.0169258002605 0.177423861073 -5.28267023297e-27)
(-0.196158736715 0.179079166554 1.0631942716e-15)
(-0.0486732209363 0.261366406226 0)
(-0.223464659547 0.308453398764 0)
(0.345942567858 0.0966789602701 -7.6731538729e-16)
(-0.15861042956 0.0896873101523 -1.42845090415e-15)
(-0.0707195380157 0.244624843921 -1.16571372952e-15)
(-0.181145665148 0.0906008830741 1.38778836115e-15)
(-0.319130444309 0.221929073732 -6.13447456406e-17)
(0.0735270057425 -0.166615098798 2.66566674715e-17)
(-0.229780040527 0.289449475564 0)
(-0.182571057878 0.130094625614 -4.20189846607e-17)
(-0.0861001190915 -0.240519095607 0)
(-0.0272373319103 0.245213152528 -2.45982746637e-15)
(-0.0170638234817 0.148936616285 0)
(-0.115397909299 0.15609771786 1.39090525639e-15)
(-0.16196500203 0.214681686734 -2.08430451617e-15)
(-0.0377305331317 0.269944487013 -1.13177875803e-15)
(-0.201391066433 0.242046732393 -8.53371935998e-16)
(-0.116855159752 0.314060319193 -7.85109293258e-16)
(-0.0277938268357 0.155864340132 0)
(-0.247173515569 0.0445093959673 -1.20384654535e-15)
(-0.185354433194 0.200560078146 -1.02902300587e-15)
(0.211364519143 -0.0176629929499 -1.23303164045e-16)
(0.0407787723859 0.0016694866297 0)
(-0.083772571851 -0.122312315603 8.28408783561e-28)
(-0.199983586658 -0.120991746456 -1.24081174786e-15)
(-0.115539784615 0.170172177905 0)
(0.222798557825 0.258333806181 -2.49234156332e-28)
(-0.158724027942 -0.289710537635 0)
(-0.0165975059952 0.237406431203 1.23412683643e-15)
(0.0698024493714 0.326439060651 1.93111883116e-17)
(-0.233725578082 0.0256272911883 2.49487074349e-15)
(0.16118541775 0.0646535567652 0)
(-0.278190286834 -0.276926497818 0)
(-0.200086410654 0.225168737562 9.01992726799e-16)
(0.0555262716241 0.054034505903 0)
(-0.0144025114913 -0.265562579229 0)
(-0.324255966175 0.209441174767 -3.56855915955e-16)
(-0.304497396142 -0.065364714234 -4.16901250333e-16)
(-0.0270866533034 0.261667262694 1.13177875803e-15)
(-0.218418861148 -0.293816389126 -2.63757856297e-18)
(0.20139622647 -0.0920971576353 0)
(-0.0174586120882 0.107895236438 6.3653278804e-27)
(-0.0279448093615 0.128030223711 0)
(-0.0926336988349 -0.104164409527 0)
(-0.112495944909 -0.215575311095 -6.21065196823e-28)
(-0.059835874674 0.236893144199 0)
(-0.0929973028538 0.261022506651 -1.04920740916e-15)
(-0.122458441279 -0.0164841814339 0)
(-0.228855113971 0.200254529519 0)
(0.0474960555437 0.222152616578 0)
(-0.0167023303324 0.221901399059 0)
(-0.081896144984 0.236646149913 1.16571372952e-15)
(-0.113431131675 0.0499169358868 7.78591791585e-28)
(-0.137376350338 0.128913858253 0)
(-0.0946099184072 -0.215639370884 -1.50354179357e-15)
(-0.12630205263 0.13547004151 0)
(-0.115806854161 0.244592099478 -2.76310507796e-17)
(-0.0277286088961 0.170213946337 0)
(-0.121446673413 -0.192338261758 1.41680054116e-15)
(0.185000328778 0.22160489202 0)
(-0.124722272325 0.0691757800959 1.59221585709e-15)
(-0.268122645954 0.273200057954 0)
(0.250691422756 0.224089666892 0)
(-0.137799626512 0.156367248628 0)
(-0.0919851496902 -0.0343087811831 -1.86897243464e-15)
(-0.252032770656 0.284324899302 0)
(-0.0283668512583 0.0880682507819 0)
(0.221771526727 -0.0743629024631 6.91128912822e-16)
(-0.018194297702 0.0691739213775 0)
(-0.126716897207 0.177307514409 0)
(-0.101976270946 -0.110412714833 1.74294820521e-15)
(0.0788442634306 0.0789942261215 0)
(-0.016236182194 0.270312903417 0)
(-0.156275002798 -0.236527383733 -1.0686476015e-15)
(-0.103452468102 0.0945848248043 1.60893382573e-15)
(-0.292758004969 0.242220894526 0)
(-0.0471431503226 0.351882701345 8.07478866721e-16)
(-0.0185501256978 0.0566622758915 0)
(-0.0821983282761 0.177204707893 -1.39655730467e-15)
(-0.0285880744125 0.0751778503298 0)
(-0.0764790776777 -0.267009757689 -1.40092290752e-15)
(-0.21627419385 0.25140202664 7.63703789316e-16)
(0.291340097759 -0.080399878441 0)
(-0.227190752209 0.228215691337 0)
(-0.234715397365 0.0378633258114 1.20384654535e-15)
(-0.302794725755 0.239535172179 0)
(-0.0512052563084 0.00151642492594 0)
(-0.0176612865644 0.0946744590807 1.78637211595e-15)
(0.179612367539 -0.112339149092 -1.42863293436e-15)
(0.0978338880568 0.0229520913353 1.8807956277e-15)
(-0.286028330749 0.254611784594 0)
(-0.104609719392 0.287218410178 -1.7513813573e-27)
(-0.0920105641763 0.0371186965747 -1.78511562296e-15)
(0.0867687899705 0.0275492747057 -1.88079562769e-15)
(-0.304405477282 0.161798212368 -6.13064962701e-17)
(-0.104323367134 0.236583927245 2.21590825194e-15)
(-0.149333966439 0.177518276767 1.09273537947e-27)
(-0.0158917122327 -0.065196147611 0)
(0.0286110932041 -0.0160877980735 0)
(-0.166100332715 0.313593258385 0)
(0.0693561648695 0.149652204609 0)
(-0.17655944082 0.228344769512 0)
(0.033186837257 0.0409808098306 0)
(0.185668648349 0.190639638652 0)
(-0.124383884212 0.0563759395605 -1.63607370008e-15)
(-0.119354257519 0.364449967802 0)
(0.161788635677 0.0988137043654 1.52752610892e-15)
(0.174672109702 0.0929244163793 -2.28841665813e-20)
(-0.135899557974 0.0758366743674 -3.14688233139e-15)
(-0.309361615996 0.227220027402 0)
(-0.280282875402 0.203983692797 -6.78198472626e-16)
(-0.283684298008 0.232942461466 2.05255545695e-16)
(-0.296375103466 0.119467021775 -2.86613408834e-17)
(-0.159890905467 0.129448078597 -1.35679950337e-15)
(-0.14178363013 -0.0508248023762 0)
(0.00718009977477 -0.115252273996 0)
(-0.28543343868 0.258283245366 4.08675524618e-16)
(-0.0933471827767 -0.28135164592 1.1907755906e-15)
(-0.301282337591 0.240994966087 0)
(-0.160758685409 0.17068158551 0)
(-0.154561264106 0.100746098227 -2.44872951301e-17)
(-0.116599987823 0.147168783794 7.51556546936e-18)
(-0.104604800454 0.269467792609 1.7513813573e-27)
(0.0688086356101 0.109831749417 0)
(-0.0722039601747 -0.0340263097239 -1.97293123682e-15)
(-0.0930205975674 0.244460952065 -1.12098717446e-15)
(-0.199176362567 0.0172048097221 0)
(-0.267018394038 0.20963106967 0)
(-0.291959625434 0.183090103306 -7.55981509322e-16)
(-0.116933241675 0.296252952119 -3.76865423479e-28)
(-0.113184448732 0.0373993792318 -7.78591791585e-28)
(-0.138026490377 0.17033918249 0)
(-0.185168571399 0.330648532717 0)
(-0.102131274857 -0.122688389489 1.69647434112e-15)
(-0.256242391104 0.274831075776 5.13439446115e-16)
(0.0692568187093 0.192001678024 0)
(0.189489599981 -0.11849309487 2.94204927152e-17)
(0.0460533288187 -0.109153422011 1.90452216809e-15)
(-0.0364078734055 0.344015471459 -8.07478866721e-16)
(0.174235870159 0.116768813504 0)
(-0.36537993876 0.118992542936 0)
(-0.107007543712 0.353610321948 0)
(0.275340066137 0.107913488437 5.07922749889e-16)
(-0.0404346651044 0.0196194622978 0)
(0.053041055318 0.0194321813423 -1.95518891047e-15)
(-0.0266384254857 0.296930032004 -2.07549725604e-15)
(-0.0651568228433 -0.293513668145 1.14644819315e-15)
(-0.0276108270781 -0.212270231262 8.41773908001e-16)
(-0.176982133054 0.0157286072133 1.5235472927e-15)
(0.0165869229445 -0.0339154916385 -2.07496143281e-15)
(-0.291840098478 0.251095689965 -5.03140911181e-16)
(0.0262680993531 -0.112480752233 0)
(-0.0731205174528 -0.0685945770246 1.95720646188e-15)
(-0.0392270435065 0.0687227673072 -3.36791040353e-27)
(-0.148203799677 -0.214093061444 0)
(-0.135046048462 0.050511979059 3.95468846959e-17)
(0.0674857089701 0.072477533358 -1.80922094068e-15)
(-0.231482325432 0.276180656757 6.15357728976e-16)
(0.361591853137 0.0975704575511 0)
(-0.130416372222 -0.403235394813 1.54029074707e-15)
(0.0793840167484 0.0912299540304 0)
(-0.0295356164254 0.0379916540756 1.93592274729e-15)
(-0.275859559748 0.268483559981 -4.08675524618e-16)
(-0.0502551077223 0.0374307022914 0)
(-0.0413162042438 -0.00390133808094 -9.1598379435e-28)
(-0.250868443084 -0.19667425236 7.54872308694e-16)
(-0.318890836761 0.0453383160069 8.97774035371e-19)
(0.260488101844 0.0812212142019 -1.51014179653e-19)
(0.276215074704 0.0186805773466 0)
(-0.0193993377013 0.0324264176182 -7.19197348002e-27)
(-0.216918011354 0.268075244382 -7.09943213665e-16)
(-0.0342374384511 -0.1886044461 -1.76585596832e-15)
(-0.254616346462 0.00426227455962 -5.74008924694e-17)
(0.194281222134 -0.0698476401157 0)
(-0.190790032025 -0.102479340757 6.06097739707e-28)
(-0.278511927036 0.188530261705 7.56041066857e-16)
(0.00478428271946 -0.0518513719908 -7.54882867348e-27)
(-0.156973643058 0.0513855000335 -1.55587069286e-15)
(-0.287560652393 -0.0976670517274 8.56604063944e-16)
(-0.10203704219 -0.0168095932519 -3.9300993075e-17)
(-0.102478942838 0.0311525832578 1.78511562296e-15)
(0.0799880132072 0.116521137734 0)
(-0.0714866968059 0.00102088872235 -1.91440206543e-15)
(0.168311543208 -0.00182625169676 1.70763778826e-15)
(0.161384779304 0.135837185069 1.36010802555e-15)
(-0.295226566786 0.105225576101 -4.14687137873e-16)
(-0.243481117926 0.268929252284 -6.15357728976e-16)
(-0.146233550478 0.0571128176531 3.15239750825e-15)
(0.122554141461 -0.216033010068 0)
(-0.0291586828547 0.0502671597672 -8.72731442891e-28)
(-0.267563349999 0.266451003867 -5.13439446115e-16)
(-0.290648953969 0.167560524373 7.66057929364e-16)
(0.338327757508 0.106860893215 7.92619519953e-16)
(-0.0370001226072 0.32494380248 9.28877175646e-16)
(0.187547408396 0.110436729344 0)
(0.0547276846814 0.0422964209437 0)
(-0.016115109049 0.288132979688 1.041855808e-15)
(0.172830251808 0.198487868536 1.12823814698e-15)
(-0.302093197636 0.147347329196 7.77695480747e-16)
(0.148841563066 0.155861768095 1.36099332403e-15)
(0.148305577932 0.198731681465 -5.19280560175e-28)
(-0.229001048952 0.214814249154 4.5763688202e-29)
(0.066805432732 0.0605152091843 8.31946874732e-28)
(0.0237475758864 -0.246476095645 0)
(-0.166789587148 0.297737467763 0)
(-0.273604249331 0.158204358894 0)
(0.149391703132 0.117023848496 -5.27712146184e-27)
(-0.168392164394 0.058096015115 0)
(-0.130643571908 -0.0922295835568 -1.68848241997e-15)
(-0.111344254353 -0.0924168904674 0)
(-0.0508352937141 0.0134228693264 0)
(-0.0398211870249 -0.139246559787 0)
(0.257698459179 0.00473302578619 -2.2655842171e-17)
(0.180121994754 0.285266958805 0)
(-0.160053468969 -0.109992495531 0)
(-0.00417645860286 -0.135598472741 1.65106578051e-19)
(-0.0924248489336 -0.0923228797852 1.8625548442e-15)
(-0.0218447026758 -0.0145215056696 2.05780841759e-15)
(-0.171882970694 -0.0670295051968 0)
(-0.169003484092 0.0708408283198 0)
(-0.166408724693 0.0210719418685 -1.5235472927e-15)
(0.0439811613946 -0.0584884231842 -2.08408431934e-17)
(0.307665488687 -0.00964418699848 1.11647689258e-15)
(-0.192948139441 -0.0658548308314 0)
(-0.134631661485 0.0379825457315 0)
(0.148474426165 0.0587236812632 0)
(-0.20891223938 0.000130350070643 -1.38836874591e-15)
(0.043559658614 0.0358451271239 0)
(-0.178534383624 0.0400187813045 3.32468087104e-28)
(-0.112148956896 -0.231162790644 1.29793466826e-15)
(0.149169198988 0.0812184816238 0)
(-0.123691435576 0.0315726556712 0)
(0.021736406664 -0.203399258007 -6.45233643524e-18)
(0.0653541393909 0.0372725568317 0)
(-0.0394599355977 0.0561173285881 1.8700634712e-15)
(-0.0211393252144 -0.00289026521388 -2.02451411941e-15)
(-0.0137516539715 -0.143288441506 1.91620626428e-15)
(-0.146716747656 0.0699011068817 3.96365881742e-17)
(-0.1115068658 -0.129252606005 -1.69647434112e-15)
(0.260714389582 0.091957169972 1.50754657755e-19)
(-0.0500214184722 0.0497958413358 -1.8700634712e-15)
(-0.0400490611144 0.031700611817 -1.93592274729e-15)
(0.10207115774 0.0919198530984 0)
(-0.0629610404647 -0.0510127201194 3.97049177712e-15)
(0.0519621621104 0.00812171100265 1.8031405614e-27)
(-0.158102656142 0.0766614022797 1.51502988613e-15)
(-0.0155974891277 0.325500821417 0)
(-0.0113955839949 -0.117532536932 -1.96597385855e-15)
(-0.00570115463343 0.261927070284 0)
(-0.111641774984 -0.142201801669 0)
(0.25618481679 -0.00391713238984 -1.47301689862e-15)
(-0.129565311582 0.322460705909 0)
(-0.00578927404134 0.245487733313 0)
(0.225103246493 -0.0644222735476 7.30638288661e-16)
(-0.273962133269 -0.22872949362 7.79942968997e-17)
(0.215402651223 0.0761383562806 -6.91432887838e-16)
(0.0273918966724 -0.0273797372252 0)
(0.263915424915 0.183714487793 2.42280184261e-20)
(0.148273113262 -0.18675391743 0)
(0.0396165523705 -0.00960635379883 2.02779261702e-15)
(0.270980196592 0.143675741974 -4.42618021354e-16)
(0.161678164545 0.0757498078942 -1.5458202482e-15)
(-0.302270224405 0.0501066925326 -5.48048945435e-16)
(0.193357522437 -0.145958958669 -4.38685811789e-18)
(0.0153550680637 -0.0452610802649 0)
(-0.271293725933 0.143663298188 -4.74117068538e-16)
(0.0479325130032 -0.269742076992 -3.41007151528e-17)
(0.270802317833 -0.0149597917475 6.95626582466e-16)
(-0.144710645028 0.0200244390541 0)
(-0.151278552587 -0.0679479351221 0)
(-0.140672139053 -0.0859839793096 7.40835968303e-28)
(-0.024298215765 -0.315038048861 -7.66141952133e-16)
(0.16065606398 0.176536055942 1.20989351028e-15)
(0.0909613492981 0.222093402695 -1.23414010841e-15)
(0.0966318689831 0.0120215213855 -3.42431563475e-27)
(-0.304890001565 -0.0771063559469 7.82905146235e-16)
(0.161918870458 0.110729676816 0)
(0.0697587755849 -0.182222774824 0)
(0.0667454476112 -0.105336780914 -3.42925401933e-27)
(-0.34620648793 -0.0254895773805 -9.30878107225e-16)
(-0.111604798154 -0.0573862601452 0)
(-0.101873097832 -0.0400903013513 1.86897243464e-15)
(0.0750634196864 0.0211542767311 -1.93326986653e-15)
(0.064382044871 0.0258644281815 3.88845877699e-15)
(-0.111955890476 -0.0342103565784 0)
(0.0330817591187 -0.129804509523 0)
(0.323185454252 -0.0164229026972 -6.744130229e-16)
(-0.04764333542 -0.120690038771 0)
(0.0497288669844 -0.0140358506533 -2.02779261701e-15)
(-0.0051307020579 0.297402116538 0)
(-0.121155405435 -0.0746836215107 0)
(-0.0304216651567 0.0141566445902 -1.82178431346e-27)
(0.137085062332 -0.200667001067 -4.33716215235e-16)
(-0.385790827873 0.10591335093 -2.10931323732e-16)
(-0.122723756715 -0.00462890957477 0)
(0.317681979707 0.142153033766 0)
(-0.0818463725275 -0.0167648360884 -1.89952730681e-15)
(0.0802468853661 0.129565329794 -3.16460643284e-15)
(-0.0829964578264 -0.0862379924029 -3.76141651873e-15)
(0.174435199567 0.0815830998069 1.54588092087e-15)
(-0.0614721652791 -0.00459977082826 0)
(0.107908446232 -0.149968669304 1.57725887147e-15)
(0.0911474328642 0.11031392184 -1.61877918384e-15)
(0.149514056903 0.0928158132959 -1.52752610892e-15)
(0.0907714390119 0.0977764145169 0)
(-0.153110960669 0.288943680829 0)
(-0.283185455539 0.124495250926 0)
(-0.208295948282 0.202832629405 -4.57636882021e-29)
(0.149429338677 0.129517122221 5.27712146185e-27)
(0.225894795346 0.00275498891018 0)
(0.234076661722 0.247490273012 0)
(0.0547309211473 -0.210425976427 -1.51902960809e-15)
(-0.112086608219 -0.0225209026828 -1.8230037347e-15)
(-0.121067394442 -0.086361950796 1.68848241997e-15)
(0.0800388885022 0.199328383182 0)
(0.192166322186 -0.13653338683 -1.20218590188e-15)
(-0.0309667304024 0.00232423699608 2.02451411941e-15)
(0.195913741885 0.000665611911673 0)
(-0.0389031553694 0.0943671067655 0)
(0.161305094352 0.148819872705 -1.28806007163e-15)
(-0.0296133803109 -0.119338193198 0)
(-0.334300590621 0.0290288244298 4.23580214758e-16)
(-0.139783037425 -0.192092403305 1.32283846314e-15)
(-0.160390064451 0.15672616335 0)
(0.091175473951 -0.0891725287111 1.85610927476e-15)
(0.148750413322 0.169533003799 0)
(-0.0780124273135 0.376508777178 4.04087654997e-16)
(0.124955820153 0.0806402532862 0)
(0.0800127811864 0.214294867282 0)
(-0.285084615317 0.139007268174 0)
(-0.179228809171 0.0525067037628 -3.32468087104e-28)
(0.0955079965787 -0.116759992927 1.71786250923e-15)
(0.222923621466 -0.123417182843 -4.83882852374e-16)
(0.163001318341 0.173292810608 -4.71088953445e-17)
(-0.256121716272 0.247380711827 0)
(-0.0154450223369 0.344911735111 0)
(-0.0817063461853 -0.00496377477127 3.29133795461e-17)
(0.226618210241 0.167493245645 4.92988783508e-16)
(0.111558730159 -0.230105371431 0)
(0.111365398395 -0.225013107016 -4.54236521728e-16)
(-0.0834547114369 -0.110079280066 1.86245991763e-15)
(0.171642456676 -0.16807481766 9.96427461048e-16)
(-0.198303450122 0.0051458788709 1.38836874591e-15)
(-0.281866889808 0.24694345845 5.03137042161e-16)
(-0.270279970499 0.254707161517 0)
(-0.0771330490371 -0.232313607237 -1.48716169351e-15)
(0.202077757134 -0.134499875274 -5.86138515542e-16)
(-0.155804733855 0.247766677299 0)
(-0.378192415247 0.0869105772292 3.54438800938e-16)
(0.131966136439 -0.142531233839 2.95654508146e-15)
(0.0329473560894 -0.0653460927385 2.03259455272e-15)
(-0.0221224483971 -0.137659095107 0)
(0.121895356388 0.158052405213 -3.30376592661e-17)
(-0.122928071526 -0.142525010118 0)
(-0.309592125426 -0.25349444216 -1.8933556049e-16)
(0.113692659684 0.0983239107913 0)
(-0.11139074665 -0.104306326967 -3.44135536939e-15)
(-0.0418429632158 -0.015602114148 9.15983794349e-28)
(-0.149034068409 0.149637894719 0)
(0.164990799932 -0.171750982866 -4.45225037985e-16)
(0.0351825606576 -0.116918914395 0)
(0.16852408835 0.294277865654 0)
(-0.0919073298746 -0.0226431538622 3.76183203459e-15)
(0.0159096891724 -0.120048738983 0)
(-0.258836629291 0.0397914281827 5.48463776198e-16)
(0.0610895312089 -0.00752973470051 0)
(-0.209687366844 -0.126815708552 -5.15145121002e-28)
(0.00481683669359 0.237574206098 0)
(0.055252488818 -0.113248589538 -1.90452216809e-15)
(-0.170214821787 0.314422094868 0)
(-0.00514733224152 0.316314462948 0)
(0.0141813524518 -0.133014058946 0)
(0.024895673076 -0.0496780827461 0)
(-0.168473955871 -0.169608805965 -1.28985368833e-15)
(-0.0199361038757 0.0204424687578 -2.00097247558e-15)
(-0.21859347401 -0.146163194259 -4.6380005991e-28)
(-0.131194038065 -0.068597793509 7.73524536352e-28)
(-0.0625295456816 -0.0394780009235 1.97293123682e-15)
(0.0234778839308 -0.0610664702522 0)
(-0.240588581998 0.113217999154 -1.08350604413e-18)
(-0.376793131651 0.109194202571 -1.72169740755e-17)
(0.16054938788 0.191006842028 -1.12823814698e-15)
(-0.231647178885 -0.168825495517 0)
(0.0469266461123 -0.245026996412 0)
(0.040930302215 -0.240119815675 -1.52155707468e-15)
(-0.00277737442304 -0.122638237133 0)
(-0.0991438330009 -0.288682769749 -1.13758412443e-15)
(0.117793321208 -0.152861536718 -1.50056868379e-15)
(0.125696530141 0.129719548245 -5.51689165339e-27)
(-0.032847057365 -0.0323509761079 0)
(-0.0569025090234 -0.127544578938 0)
(0.158444437469 -0.134493331527 0)
(0.258360311689 0.126539867473 5.2434637454e-16)
(-0.308506134156 0.205560434686 5.52974798007e-16)
(-0.0748665107997 -0.128392597733 0)
(-0.200692585921 -0.108215798553 -1.22980457928e-15)
(-0.227884646929 -0.0334698657115 1.22240681634e-15)
(-0.157966962248 -0.206004019495 0)
(-0.203115680051 -0.071121452858 0)
(-0.205847407086 0.179044064256 -3.82105921358e-17)
(-0.109735970391 -0.276990234158 5.59501021757e-16)
(0.173126358988 0.310475255944 0)
(0.0143418639919 -0.19738976844 8.55214473706e-16)
(0.121758274806 -0.052288086456 0)
(-0.0456067508248 -0.0846999268281 0)
(0.321302722276 -0.0226793886374 7.50446088138e-17)
(0.14822190561 0.214063443653 1.11659202958e-15)
(0.188847708816 0.289061284564 -6.27922568482e-16)
(-0.00675088882757 -0.255516911551 -6.74792081978e-16)
(0.0227175070107 -0.137924576665 0)
(0.218411644601 -0.11398812025 1.04573436661e-15)
(0.166819098845 -0.160621784587 0)
(0.242788082098 0.133660447292 -5.68477834958e-16)
(-0.140913629152 -0.0742237737634 -7.40835968303e-28)
(-0.130561158455 -0.184839310269 -1.41680054116e-15)
(-0.268287590808 0.0110966674864 -1.12207020719e-15)
(0.142790410901 -0.144758712478 -1.45597639767e-15)
(-0.181396286398 -0.0845073708072 0)
(0.202516074621 -0.0405767603641 0)
(-0.0656456170211 -0.121673065497 0)
(-0.0386542667342 0.134784670301 1.61729446059e-15)
(-0.149468716204 -0.17013848058 -1.34094592429e-15)
(0.175868804913 -0.159473614597 -3.22410312232e-17)
(0.254310323214 0.165629368599 0)
(-0.150429649116 -0.0917961707599 0)
(0.0802968010899 0.317434263336 8.94276853388e-16)
(0.224384645023 -0.103194063575 0)
(-0.166423298026 -0.228017113998 1.0686476015e-15)
(-0.148729289247 0.13593140935 1.35679950337e-15)
(0.163984011055 -0.148377148405 1.23693909066e-15)
(0.18435840446 0.237689755638 8.62342267184e-16)
(0.112824753382 -0.167532502063 -4.30184198251e-17)
(-0.33183686373 -0.180789008085 -2.77444128725e-16)
(0.0846615187221 0.0056157577998 -1.93843931326e-15)
(-0.267611132544 -0.173667090712 -1.87043007415e-18)
(-0.032161892779 -0.0208014358836 0)
(0.220892443685 -0.0249489934369 1.53812282134e-15)
(0.118520734286 -0.201905696714 -2.99466989173e-19)
(0.100464040885 0.0564937244486 1.76860431027e-15)
(0.174480120833 -0.148350821747 -5.17259893951e-17)
(-0.121851043037 -0.0398210366475 0)
(-0.370962832161 0.0975532240888 0)
(0.215930251793 -0.0939608113092 0)
(-0.318011910567 0.0336091341372 -9.39875068541e-16)
(0.170302759109 -0.135634534096 0)
(-0.220523053544 -0.119597795091 -1.06926465388e-15)
(-0.0171754079551 -0.287132871682 0)
(-0.185583068312 0.177301185273 0)
(-0.191416628869 -0.0901135831931 -1.32249411217e-15)
(-0.128293543999 0.338349711637 0)
(-0.025297955705 -0.180012668929 3.54261311104e-15)
(0.0985903303222 -0.104355894169 0)
(0.0583072148958 0.368289027059 -5.55755316129e-27)
(-0.20233286523 -0.175992902566 0)
(-0.16117533184 -0.073494209092 6.94148969509e-28)
(0.245073165164 0.0659030865649 0)
(0.25905878901 0.114800566182 1.75161876109e-15)
(0.199522531474 -0.125688583954 -1.22048373925e-15)
(-0.0390079478442 -0.126349599734 0)
(-0.241042565812 -0.0145708660758 0)
(-0.159089181134 -0.162798467026 2.63079961262e-15)
(0.147014272941 0.297209127134 0)
(-0.121189712537 -0.162982455383 1.48712398856e-15)
(0.159581775838 0.271643843847 0)
(-0.14019556821 -0.110343586809 -1.55176602357e-15)
(0.0739084244097 0.010024044994 1.93843931325e-15)
(0.0948120120215 -0.160158507474 -1.57725887147e-15)
(-0.149227222287 -0.184324747168 -1.32283846314e-15)
(0.172630229447 0.213904459584 0)
(-0.0210288532318 -0.124727733937 1.96597385855e-15)
(-0.273117343598 0.0471127443997 -5.47590536701e-16)
(-0.259809296243 0.163295515523 0)
(0.239306361911 0.234318893086 0)
(0.199606520262 0.154896316256 0)
(-0.170754165543 -0.0911272665754 0)
(-0.024750067879 -0.295004406455 0)
(-0.0520342293152 -0.0217690973744 9.13772461934e-28)
(0.0623596865815 0.00357707757875 0)
(0.041820436007 -0.28690085329 -2.33031132696e-15)
(0.0763277050717 -0.10904683719 0)
(0.112035711728 -0.136096589361 -1.63409001875e-15)
(0.073582942835 -0.121668312953 0)
(0.0856153455938 -0.156556647881 1.64341113534e-15)
(0.152805118062 -0.0181713378087 0)
(-0.202308780586 -0.0832873891458 5.53552307129e-17)
(-0.168034218223 -0.183622046359 -1.17078659427e-15)
(0.123907952472 0.316069563844 -8.00195720155e-16)
(-0.150912524945 0.237830952267 0)
(0.0155354183799 0.245705579576 0)
(-0.13726429795 0.329504388423 0)
(-0.315692634696 -0.20705936889 0)
(0.141081356911 -0.173911023175 -5.99243949038e-16)
(0.229910045571 0.0605182896123 0)
(0.155877724136 0.328126334334 5.29644611192e-16)
(0.192463594123 -0.113918653592 0)
(-0.286223071504 0.042539981016 4.99467018969e-16)
(0.035809046727 -0.0430074020247 -1.86550002464e-27)
(0.172144453748 0.246285153135 0)
(-0.00459734651204 -0.047214033408 2.07795877023e-15)
(0.244591922444 0.0981247649393 0)
(-0.121087768839 -0.149182220493 -1.54954815387e-15)
(0.0161921123102 0.297819124123 0)
(-0.305490341627 -0.105593010996 0)
(-0.0035541831199 -0.0357910826519 4.15480641891e-15)
(-0.152808199624 0.271256754731 0)
(-0.181964978134 -0.0724844566116 0)
(0.255649591119 0.152593042409 0)
(-0.30862134814 -0.026757155416 0)
(0.122390402243 -0.169930954529 -4.06968347796e-17)
(0.2402470809 0.173951594899 -4.91604115209e-16)
(0.171305886281 0.262943388323 0)
(-0.360621385838 -0.0558362754376 6.09730075934e-16)
(-0.166654841167 -0.213139208067 1.09841135017e-15)
(-0.131428285558 -0.0569894456912 -7.73524536352e-28)
(0.00518110479811 0.270664560319 0)
(0.0892939440031 -0.142341771188 -1.70137509717e-15)
(-0.0449121225533 -0.267296193191 8.12376187021e-16)
(-0.145202940591 0.0323057948709 0)
(0.165649441661 0.308863796558 0)
(0.139936052396 -0.195893768558 9.1960113236e-16)
(0.00529409562947 0.28842136333 0)
(-0.253518350783 -0.00798491210969 -1.11723961429e-15)
(0.187296039708 -0.125288277171 0)
(-0.0387932749776 0.10765989339 -1.70037715811e-15)
(-0.167065543244 0.0333372614911 -1.54560361676e-15)
(0.0884962308699 -0.101039578053 0)
(0.0799217289816 -0.138697025919 1.70137509717e-15)
(-0.0618098276601 -0.01635676084 0)
(-0.341618403857 -0.173757361907 0)
(-0.130683582678 -0.17030048501 -4.74468857e-17)
(0.059027139067 -0.256493751255 -1.13354673422e-15)
(-0.269641689382 0.0233187897845 -2.69704063032e-17)
(-0.0651485583919 -0.109438586216 -3.82125045653e-15)
(-0.349800701007 0.0134097169842 1.14184207261e-16)
(-0.0719174646728 -0.0223893940937 -8.88869177226e-28)
(0.0830749370518 -0.12533478143 0)
(0.198759965022 0.169498600329 0)
(-0.143716276001 0.218470946597 0)
(-0.183825946254 -0.257458802973 -5.30658283766e-17)
(-0.248902761142 0.184285587488 0)
(0.0483684768199 -0.025185705412 0)
(-0.156404169845 0.038864341915 1.54560361676e-15)
(-0.261850456479 0.17880652052 0)
(0.20998964623 -0.104756626254 0)
(-0.0689548351554 -0.240737768557 1.4890012509e-15)
(-0.0050201734188 0.37046065825 0)
(0.0571772559225 -0.232879967783 -1.32814069413e-27)
(-0.121657744455 -0.0514226464992 0)
(0.158387251084 0.288406856428 0)
(0.0163325710432 0.316880257559 9.50512278923e-16)
(0.0993453639166 -0.178756265048 1.46855824828e-15)
(0.0690350405414 0.344721156421 -7.9431798872e-16)
(-0.316569108426 0.222141208101 4.14775310863e-16)
(-0.158261619193 -0.191452950428 0)
(-0.150204374308 -0.103896387242 1.55176602357e-15)
(0.0636799585319 -0.237240278378 0)
(0.167358000817 0.31986491812 -5.29644611189e-16)
(-0.0525233815197 -0.0333693148644 -9.13772461935e-28)
(-0.250716676266 0.200304282398 0)
(0.137443147928 -0.158463515657 -1.38497971603e-15)
(0.0618400697778 -0.214825309093 1.51902960809e-15)
(0.24235773644 0.146256044347 -2.10740171669e-18)
(-0.215273545459 -0.0522732153211 2.58245213527e-15)
(-0.245401142443 -0.161857595139 0)
(0.00601486831177 0.325885963545 -9.50512278919e-16)
(-0.0737490205642 -0.0918925343007 3.83120450209e-15)
(-0.346010315052 -0.0373363135993 -5.70563748415e-16)
(0.218803655765 -0.0339368770824 0)
(-0.160786461901 -0.0853735518266 -6.94148969509e-28)
(-0.093932660786 -0.169551137954 0)
(0.224151514291 -0.00648524970089 4.36271073604e-17)
(-0.221307258029 -0.106682995547 0)
(0.0372158844163 -0.0317642359494 1.86550002464e-27)
(-0.0110982639698 -0.210007132263 6.52163901914e-18)
(0.0156416390094 0.262263187292 0)
(0.239562461279 -0.0096026188705 2.94695007499e-15)
(0.245086848555 0.0759312217649 0)
(-0.239898930573 -0.0266507450351 -5.66667569825e-17)
(0.244422289419 0.109186657942 -1.77096237876e-15)
(0.124587387302 -0.208108938599 4.32832880521e-16)
(-0.0752519313318 -0.141231557235 0)
(-0.40427209073 0.057059252109 -2.17844819891e-16)
(-0.0434489289306 0.386113942793 4.80617084482e-16)
(0.157038218024 -0.180887307035 -4.51159239199e-16)
(0.386005986493 0.066450930061 -5.2343468797e-17)
(-0.0575728596305 -0.381334426246 0)
(-0.230628512961 -0.125416645472 1.06926465388e-15)
(-0.336935232564 -0.20056939985 -7.2594717543e-18)
(-0.185502009877 0.165119783868 3.14447897912e-29)
(-0.0386070243105 0.148822818682 0)
(-0.12087994005 -0.122863197611 7.51468694877e-28)
(0.23234366257 -0.114784051341 -4.96337365986e-16)
(0.274109795872 0.00991296962729 0)
(-0.402857170293 0.0717821504007 2.21480690982e-16)
(-0.304546606822 -0.233781703705 0)
(-0.212281849028 -0.0886259916511 2.47753379522e-15)
(-0.120844340406 -0.110487108111 3.34924535261e-15)
(-0.326160821987 -0.0561802509071 4.07489994825e-16)
(0.149335480973 0.181721329415 2.87772819818e-17)
(0.19419597556 -0.00908639522748 -4.37360912558e-17)
(-0.214315883876 -0.0643595171378 0)
(0.237501691206 -0.0188089043502 0)
(0.190758172988 0.289020613927 -3.52176905565e-28)
(-0.333060080713 0.0181231697792 0)
(0.227285370839 0.154275528176 -2.04873516944e-18)
(-0.130543133055 -0.104209081952 -1.65083818843e-15)
(0.0905183924692 -0.17538328866 0)
(-0.069042206076 -0.258932041256 2.83089126261e-15)
(0.145023919476 0.313226195832 0)
(0.28770356351 -0.0172509402581 -2.00828566338e-15)
(0.0619118082207 -0.130138629922 0)
(-0.0429769416238 -0.0386009221732 1.85185040446e-27)
(-0.0602626323355 0.177240506873 0)
(-0.325876383064 0.151928261615 0)
(-0.329900506829 -0.196572635509 7.04191056381e-18)
(-0.0844272121284 -0.148310005082 -3.25893451096e-21)
(0.224579280166 0.196641221946 4.72256756687e-16)
(-0.14001336222 -0.163063527248 -1.43967710286e-15)
(0.150440170022 0.329424667285 0)
(-0.156974261308 0.321074875949 -2.56386730146e-16)
(0.206441603949 -0.0218824492847 4.38877696602e-17)
(-0.327583867885 -0.00641836514928 9.11701552692e-16)
(0.160105857634 0.23832093093 0)
(0.0418348037933 -0.134337128046 1.85957138758e-15)
(0.339239257761 0.12808024079 -2.78679174537e-16)
(0.0780555728319 -0.186464459357 0)
(-0.0578515011755 0.383143872423 -4.3107195284e-28)
(0.229702457092 0.0816576125058 6.89826261953e-16)
(0.177609661444 -0.0250781981962 0)
(-0.306732460983 -0.0373768271809 -9.02007391862e-16)
(-0.0711053472774 0.199006018916 -2.37934753712e-27)
(0.133739003752 0.321921190901 1.27879732576e-27)
(-0.0741419063903 -0.103717517367 3.32002407078e-17)
(0.166636634249 -0.0118302789615 0)
(0.160325322397 0.222027150715 0)
(0.0296643626128 -0.252501935617 1.41423736441e-15)
(-0.284497210561 0.0302801033265 -5.38730701306e-16)
(0.00386209034045 0.108268398704 0)
(-0.211440868428 -0.101203481467 1.22980457928e-15)
(-0.230678586573 -0.138843050808 0)
(-0.104407309231 0.191579672635 0)
(-0.287533922775 -0.22225143841 5.95688496594e-16)
(-0.345197823065 -0.0655960502195 -5.16826531092e-16)
(-0.126882252789 0.1916062434 0)
(-0.0436838718631 -0.213833341514 7.92403396278e-19)
(0.147756286222 -0.160046212459 0)
(0.252322285527 -0.020920226739 0)
(-0.0821964036406 0.191665232631 0)
(-0.0511251214257 -0.190022611226 -3.44215318245e-15)
(-0.00444874964614 0.353618285745 0)
(0.154237812086 0.317306703419 0)
(-0.315416704616 -0.224723708315 0)
(0.284650110936 -0.0269402314561 -2.59488102001e-18)
(0.0737189773821 -0.202783805635 1.45595014086e-15)
(-0.226791772654 -0.0455273567757 -5.62601762298e-17)
(-0.325378780166 -0.0430973271078 0)
(0.052841685911 -0.12600155001 -1.85957138758e-15)
(0.200578010093 0.116317140059 0)
(-0.117332293734 0.122611565466 -1.14579774805e-17)
(-0.326932266281 -0.018026601563 4.00898583558e-16)
(0.20827838158 -0.0124242143418 -3.12459438795e-15)
(0.367596293113 0.0776481114827 0)
(0.1021702387 0.317197630495 0)
(-0.0186301099034 -0.202963643302 8.48463843393e-16)
(-0.0931843145383 0.198874276013 -1.151442298e-27)
(-0.292912345217 0.144558925761 -3.76700841418e-17)
(-0.0148909564788 -0.053700517952 -2.07795877025e-15)
(0.00441838390225 0.14911601983 1.17469406632e-26)
(0.22973128532 0.0925135823474 6.61690508289e-16)
(-0.150318063565 0.221734997401 1.06078505269e-15)
(0.214901866527 0.109965996885 0)
(-0.130432985883 -0.142433071521 1.54954815387e-15)
(-0.0174167177666 -0.186759597615 -2.66772225041e-15)
(-0.0541040552383 -0.0678484487732 0)
(0.0914583175697 0.325749955839 0)
(-0.195742250073 0.246306150595 1.06733008439e-16)
(-0.324774049966 0.141845807018 1.14468750695e-16)
(0.186774904722 0.135401937569 -6.17567681621e-19)
(-0.134917223726 0.308404250096 0)
(-0.243610971953 -0.14672955537 0)
(0.113004955274 0.324518199156 8.00195720151e-16)
(-0.140122484251 -0.149330047842 -1.45237822893e-15)
(0.300665812825 -0.0362384070766 1.03043206767e-15)
(0.212423153377 0.175353969615 1.08001596492e-15)
(0.0796736061593 0.351106578241 7.94317988716e-16)
(0.150837608364 -0.0283532161878 0)
(0.302303422942 -0.0287780665452 0)
(-0.347456478622 0.00199249258839 3.03047409096e-16)
(-0.365042440257 -0.0446322612777 6.76092956308e-16)
(-0.299700271244 -0.195897247246 6.02701246583e-16)
(-0.34463700379 0.129607627825 -1.19100623995e-16)
(-0.306723751368 -0.120344368128 -3.50343269407e-16)
(0.103784875343 -0.0815715509032 3.46591466428e-21)
(0.180787095021 0.306203100756 0)
(0.0964933978964 -0.232064207229 -1.04169262651e-15)
(-0.19516271321 -0.41037387601 0)
(-0.330365161253 0.202751589947 0)
(0.380851136967 0.059420248407 0)
(-0.261922130853 -0.172673178962 -3.7788654332e-16)
(-0.189541789186 -0.128094142238 1.24081174786e-15)
(0.179555156602 -0.0152496138828 1.62838973802e-15)
(-0.0602178306028 0.19179680442 -1.37379405488e-15)
(0.169951063084 0.314820572471 7.87641521259e-28)
(0.0803296183178 0.170431237465 -1.33797647643e-27)
(-0.140100156317 -0.122821452097 0)
(-0.299296000841 0.0259426309651 9.39403056059e-16)
(0.119352082132 -0.0630602875483 0)
(0.331688041545 0.12912271373 8.14137628549e-16)
(-0.185425681888 -0.414852401754 0)
(0.305145639698 0.15341684912 0)
(0.173359342883 0.169095981837 -1.20989352127e-15)
(0.228940760366 0.115749754289 6.07506570193e-16)
(0.353742328034 0.0672877006839 2.7841571473e-17)
(0.00601215288814 0.344716212454 -3.26240542083e-27)
(-0.281042307487 0.00689600623781 0)
(0.00286972332187 0.0698095737819 -6.86026025615e-27)
(0.185909201075 0.187752549568 4.64537066183e-17)
(-0.051503926612 -0.205979047173 0)
(-0.265309335234 -0.190095294882 -7.55155577744e-16)
(0.00465540684047 0.192134559933 0)
(0.19253113073 0.268092134355 2.70770802349e-28)
(-0.137170446934 0.346428054476 0)
(0.382543753043 0.0568071279497 1.06369786566e-15)
(0.185285352154 0.277821843683 0)
(0.0833455179553 -0.227100561423 6.76133186206e-16)
(0.0765843578048 -0.224034710101 -6.70919006248e-16)
(0.181022619455 0.298778024152 0)
(0.0904285767895 0.342821341933 0)
(-0.130434919909 -0.129386310773 0)
(0.135060089955 -0.045384630473 0)
(-0.284484682125 -0.203431542221 -6.01571263593e-16)
(0.106366194879 -0.0702909794103 -3.46591521735e-21)
(0.0913692912747 0.136293784305 1.57223761765e-15)
(0.0153481873947 0.199513033872 0)
(-0.193324810217 -0.381276414196 0)
(0.139356297391 -0.0798621150304 5.11871129694e-20)
(-0.0941692718912 -0.184283008392 0)
(-0.169239177219 -0.142028165973 -1.29729025027e-15)
(-0.187397346923 -0.182571751919 0)
(0.228669256453 0.127680742648 5.70763330985e-16)
(-0.217514890294 0.302504112208 0)
(-0.311910483086 -0.0011760326818 -8.67360113235e-16)
(0.0652374031823 -0.0555946536742 3.9497452113e-15)
(-0.16960003525 -0.128923236437 1.34952502135e-15)
(0.171133201558 -0.0546485157061 0)
(0.0942245904969 -0.194769698324 6.94022983298e-16)
(0.323042557754 0.140098137607 -4.72548723606e-16)
(0.264747013633 -0.0415498331884 6.65031023313e-16)
(0.163196382365 -0.0315223064203 0)
(-0.311187298381 -0.155304178269 6.11908812215e-16)
(-0.320430401461 0.212091709879 -5.50937246462e-16)
(0.0584842771705 -0.0293773720468 0)
(0.199358799916 0.168493815724 -1.08036807624e-15)
(-0.297982754205 0.0142641395594 -9.49090564659e-19)
(0.102348835072 -0.197615431094 -2.03725463032e-15)
(0.137246795828 -0.0349571297475 0)
(0.0815843525181 -0.206922839179 -1.4634356108e-15)
(0.105291261853 0.360848473621 -4.1239262422e-27)
(0.0013314971972 0.0333833594349 0)
(-0.149732891908 -0.142423387737 1.45237822893e-15)
(0.0961824422395 -0.213610702596 0)
(-0.0773896782907 -0.215472657941 3.11441043337e-15)
(0.0914799631161 0.149667127722 1.49886793662e-15)
(-0.313495112724 0.00979833310026 -3.57149754276e-18)
(0.0802841988856 0.156553515901 -1.49886793662e-15)
(0.200532504254 0.128548594422 0)
(-0.149860336771 -0.129314898281 1.45486232329e-15)
(0.173477071182 0.155405355621 2.53549255841e-15)
(-0.293404962043 -0.00980667771573 0)
(-0.178409972924 -0.162037272743 1.18415226745e-15)
(0.238651781341 0.18765977818 8.89508352421e-19)
(0.0569135807574 -0.0404798473453 -1.99710896475e-15)
(-0.159358471037 -0.149139460029 0)
(-0.279929643555 -0.00499380966939 0)
(-0.231773655837 0.26849143949 -1.97862489677e-28)
(0.14043303971 0.305238408113 3.10047893197e-16)
(-0.0491665167205 0.21406142049 0)
(-0.143254893846 0.306464539969 -1.42334261314e-16)
(-0.0642756093623 -0.0856604713429 -1.93234282755e-15)
(-0.14063314895 0.161398612625 -1.33897366972e-17)
(0.143318519576 0.256003766302 0)
(-0.166630819057 -0.26169870487 4.56155273504e-16)
(-0.143257348054 0.340881166711 0)
(-0.24311666445 -0.104999825252 0)
(-0.159801828372 -0.122596108133 -1.45486232329e-15)
(-0.0856411113239 -0.191647050936 -2.98066289843e-21)
(-0.179800366983 -0.121976391598 -1.34952502135e-15)
(-0.152098569531 0.279458882984 1.14201616781e-16)
(-0.292272771175 -0.0213543697892 -4.97058441376e-16)
(-0.177224611572 -0.19056653668 1.17078659426e-15)
(-0.0449032642073 -0.0730761820956 0)
(0.166080208042 -0.0750304346524 -1.94642721242e-19)
(-0.17314020122 0.268670592804 0)
(-0.119985520897 0.139582025803 -7.52924027232e-18)
(0.173648671944 -0.0445429978626 0)
(0.185872923388 0.176113336408 0)
(-0.0492621336308 0.199163272107 1.37379405488e-15)
(0.213753119971 0.134755255189 0)
(-0.275093051974 -0.0405523803732 -4.83229150756e-16)
(-0.257007483519 -0.0977105907867 -4.66918332919e-16)
(-0.0957630063159 0.102576253426 0)
(-0.194149661691 0.315880925422 1.42511390066e-28)
(0.103394144918 -0.21587685719 -3.67829929895e-17)
(-0.076414826778 -0.183592965111 0)
(-0.189019227077 -0.14123592739 -1.13167146001e-27)
(-0.140037999866 0.284715613117 2.81326445327e-17)
(-0.207916100374 0.267786551219 0)
(-0.0535322677836 -0.0563275477535 2.48262184587e-17)
(0.213623184622 0.147631132308 0)
(-0.182337733009 0.26096133467 0)
(-0.259534342828 -0.0601789569821 -1.5686272898e-15)
(0.0892436924454 0.0616798957808 -1.62305633111e-27)
(0.0899328442266 0.0734601866264 1.62305633111e-27)
(0.156428175537 -0.0617579867061 0)
(-0.265031876088 -0.0123585493318 1.12053095544e-15)
(0.137213246717 0.149240500934 -1.36099332403e-15)
(-0.0857408742389 -0.207323321558 -3.7194867785e-17)
(-0.233547590611 -0.0866762049086 0)
(-0.178868909339 -0.148530403032 1.29729025027e-15)
(-0.182057565144 0.3239500839 0)
(0.0627552312118 0.376046243308 0)
(-0.0684140349281 -0.206969507491 -3.17752408523e-15)
(0.250213945523 0.192996374915 -3.7186774848e-19)
(-0.16366950825 0.161334639416 0)
(-0.223440342043 -0.0816890307203 -1.21048089497e-15)
(0.0369382346348 0.262500006468 0)
(-0.000819837450455 -0.00159520449398 2.04022288359e-15)
(-0.142451881733 0.152396904869 2.49289676861e-17)
(-0.176861311822 -0.204719046838 -1.09841135017e-15)
(-0.260645022827 -0.0480593678436 -5.45507501173e-16)
(-0.0613398374357 -0.267590589925 -1.41205024755e-15)
(-0.0637907974604 -0.0740495664166 -1.95720646188e-15)
(-0.00750522345204 0.0756885426235 -1.3254433073e-26)
(-0.275968777953 -0.0285925120741 1.02081853393e-15)
(-0.00669931730377 0.114666080162 -1.22645178561e-26)
(-0.0088012149579 0.0387896930629 0)
(0.0460464690161 0.383225198213 6.05073723936e-16)
(-0.227942079819 0.292590674987 0)
(0.142035689654 0.282741103391 0)
(-0.0523029761078 -0.258573142308 5.90993869671e-18)
(-0.00627776443778 0.156005690566 0)
(0.23055871786 -0.0458680252918 2.15654358155e-15)
(-0.0592155972933 -0.182763327258 3.39261247417e-15)
(0.146853030933 -0.0484516264316 0)
(0.266710556798 -0.0336529627026 -1.38891749265e-15)
(0.23344293528 -0.0366707277172 0)
(-0.193727986182 0.303473167426 0)
(-0.0106618689562 0.00341935921818 -2.04022288358e-15)
(-0.263717946225 -0.0242740000374 -5.25370987408e-16)
(0.0546566020628 0.384158772132 -6.05073723937e-16)
(0.0367851803534 0.199528067797 4.96225241411e-27)
(-0.00608289304569 0.199435626717 0)
(-0.246577534032 -0.0672141688282 2.19173218106e-15)
(-0.0604139739891 -0.214739824215 1.60444419759e-15)
(-0.16856595992 -0.281916297564 7.12524254564e-18)
(-0.250551147226 -0.0311194786902 -1.16738889463e-15)
(-0.179735313479 0.289385628151 0)
(-0.0710331169353 0.213826191983 2.37934753712e-27)
(0.125304689953 0.156225054126 0)
(-0.0599744859671 0.221452332158 0)
(0.0518886251479 -0.0739413550398 -7.2474255983e-27)
(0.144358688172 -0.05891817095 0)
(-0.0819575169834 0.221225364105 0)
(0.00472437546296 0.222047174542 -1.33244055541e-15)
(-0.0931742230987 0.213645225979 1.151442298e-27)
(-0.0436173895947 -0.0501095691385 -4.06796507233e-15)
(-0.104262020954 0.221087694398 -2.10059589323e-27)
(0.0537339853745 -0.0625217972858 -4.00065043734e-15)
(-0.232729316754 -0.0994843926073 0)
(-0.068090380224 -0.190971990991 -1.68270640168e-15)
(0.246208172305 -0.0484081173873 -1.41888283564e-15)
(-0.0606085838522 -0.23172664223 0)
(0.150939843322 0.27238991614 3.22329821709e-20)
(0.160960544894 -0.041648181876 0)
(-0.296871437033 -0.177372945662 -2.99712527371e-16)
(-0.249464066153 -0.0433924839816 5.45670788577e-16)
(-0.0989910666816 0.109816349425 0)
(-0.270873794154 -0.1046000724 -3.99525101507e-16)
(0.113027499192 0.0743808074036 -1.57234896507e-27)
(0.181206080779 -0.0675092479111 0)
(0.199893905791 -0.0502396046287 0)
(-0.23721351059 -0.0502376322038 -1.20778157125e-15)
(-0.0259276849372 -0.0717095909268 0)
(0.153589967041 -0.0723142147964 0)
(-0.163506139569 0.172526891982 -5.72966125298e-17)
(-0.0602518723522 -0.285878702645 -5.70880158651e-16)
(0.101561134692 0.0798763092159 0)
(-0.223541115011 0.279570816483 0)
(-0.245613773552 -0.0797907057468 0)
(0.047496951265 0.374622260097 0)
(0.0264719087734 0.271039699417 0)
(-0.277896336189 -0.165892322491 3.77744739785e-16)
(-0.288652181759 -0.128181559816 0)
(-0.236098262795 -0.0624442197121 -1.12597875698e-15)
(-0.224499014925 -0.0693567404665 0)
(0.0261329080379 0.237721420852 0)
(-0.257161856053 -0.0850031955569 1.93174154438e-18)
(-0.2722903907 -0.118511697353 0)
(-0.275462183969 -0.150060480318 7.54616234542e-16)
(0.100124969658 0.348367468699 0)
(0.250336215261 -0.0297764844882 1.38907200979e-15)
(-0.291079716332 -0.14356480516 -7.6769327834e-16)
(-0.00995258891079 0.0151582072486 2.00097247559e-15)
(-0.00829163092828 0.0509577921326 0)
(-0.0121877276601 -0.0195120706745 -2.0578084176e-15)
(-0.00718090973616 0.0884861774007 -1.78637211594e-15)
(-0.243245366728 -0.118254169542 0)
(-0.013062284623 -0.0309947492189 -2.07627349311e-15)
(-0.00652056648809 0.128247796473 1.64707776042e-15)
(-0.0233612681747 -0.0373633860658 0)
(0.184172531413 -0.0573457735315 0)
(-0.258003287814 -0.139980027115 0)
(-0.00618294752237 0.170322495358 -1.49733763138e-15)
(0.149526065159 0.301286334276 -3.10042275336e-16)
(0.243513616767 -0.0566901536727 0)
(-0.0350697715484 -0.0667129478016 0)
(-0.0242053304082 -0.0488369635734 0)
(-0.256641540091 -0.125937457521 0)
(0.127359759289 0.324990640494 0)
(0.28017553534 -0.0440655745903 -6.65021572078e-16)
(-0.00600190762161 0.214386843531 0)
(0.0261114999521 0.192169759789 0)
(0.138536521625 0.318787352497 0)
(-0.133354419227 0.130955712799 1.42468512034e-18)
(0.036822429224 0.21446357818 -4.9622524141e-27)
(0.0662567417398 0.372010828363 -6.83165470907e-16)
(-0.0342833238093 -0.055199458064 2.04385122749e-15)
(0.111313558859 0.340393553148 2.77493390958e-27)
(0.133383293785 0.345617924091 -4.15223798311e-27)
(0.0260844121681 0.222136033807 0)
(0.0421546907353 0.384416964863 5.24604207974e-16)
(0.0711206820144 0.379316463838 0)
(0.0874514490715 0.369301192833 0)
(0.0265059131549 0.288936814627 0)
(0.0515785947383 0.374964393283 0)
(-0.115379839073 0.112551419169 -1.34828343264e-18)
(0.0826000988049 0.372723185187 0)
(0.0269433521402 0.34532184089 0)
(0.117851412969 0.344357332363 4.31096785469e-16)
(0.0166656754765 0.353560577677 0)
(0.0263830804334 0.37636760221 7.39609978362e-16)
(0.0644422848484 0.383298956283 -5.92452653625e-28)
(0.0168137005772 0.370536058467 -7.39609978355e-16)
(0.138995863057 0.337486255595 4.15223798312e-27)
(0.0864624521773 0.367025099893 -6.67131236906e-16)
(0.0772413914406 0.365253369172 1.35029670782e-15)
(0.0348423109362 0.388278123952 0)
(0.0252569489305 0.388108894361 -4.9823124777e-27)
(0.11979326558 0.343797416546 -6.68223908941e-16)
(0.25887893409 -0.0596812975698 -1.09738285668e-17)
(0.116649021074 0.35445437923 4.6268429438e-27)
(0.276169178576 -0.0516344873031 0)
(0.0303520927102 0.388273237957 0)
(0.129244657182 0.337886432715 -4.31096785468e-16)
(0.0978197516439 0.360990069206 0)
(0.121750059137 0.352332447583 -3.74657509642e-27)
(0.116114835336 0.356710464638 3.74657509643e-27)
(0.13104022435 0.33634001836 6.68223908935e-16)
(0.149257184174 0.33346846832 0)
(0.149738984069 0.324218168157 0)
(0.161064122418 0.315786844489 -7.87641521276e-28)
(0.159862152053 0.305467836831 -9.90293159592e-21)
(0.17303080838 0.275180878497 0)
(0.1653945467 0.283271603376 -3.22284667938e-20)
(0.169950919942 0.298262213928 0)
(0.137669463357 0.339897920897 8.1683674378e-28)
(0.190394317914 0.24272707358 8.79928964648e-17)
(0.206667003792 0.242776177984 0)
(0.262822449896 -0.0959437445461 0)
(-0.397699641768 0.00776900614103 0)
(-0.325184190093 -0.216437447253 0)
(0.201860715154 0.202361266773 -1.18326303954e-16)
(-0.369542101099 0.120627742514 -4.98507486048e-16)
(-0.0373213143665 -0.311500190034 8.76415085253e-16)
(-0.0180871766357 -0.351246307539 0)
(0.0360884582758 -0.308517031575 0)
(-0.380167038919 0.00829510549565 5.0351235843e-16)
(0.23224266488 -0.0848230435886 4.54282205765e-17)
(0.253984047693 -0.0690403108687 1.13228108281e-17)
(0.331496542979 0.130323295769 -4.16867144071e-16)
(-0.358398666793 0.144489846682 0)
(0.0285405641902 -0.109865028282 4.02266251263e-17)
(0.109483780795 -0.114823320147 0)
(-0.054889076438 0.0496551786342 -3.72471409136e-18)
(0.0852295572958 0.137229686592 2.41912086396e-17)
(-0.103865202704 -0.1050657896 -7.90209218054e-17)
(-0.0873687049739 0.0845302835058 0)
(0.293304750172 0.0329432925296 -6.04687375524e-16)
(0.297702486557 -0.0622671230072 0)
(-0.281856660387 -0.261216555666 -2.37633440203e-17)
(-0.343784690616 -0.15683580198 -1.8578824359e-16)
(-0.327668536628 -0.130495697216 3.04496534397e-16)
(0.370796117831 -0.0133974026858 0)
(-0.404196239873 -0.0438556465426 0)
(-0.37216338689 0.131704998075 5.30648931331e-16)
(0.234307513084 0.173873187219 0)
(-0.32326591286 -0.0997642717671 3.53757821091e-16)
(-0.343737379991 -0.0785799969118 0)
(-0.262804923248 -0.218874585908 -8.40228433516e-19)
(0.327804111017 -0.0514782690635 -1.93939391229e-17)
(-0.0370436749101 -0.295075106697 8.00209116293e-16)
(-0.127054372585 -0.316349876911 -2.63771359035e-16)
(-0.11416295561 -0.311660576749 -3.02331185401e-16)
(-0.140162262606 -0.394651342379 -8.74251927254e-16)
(-0.154609972676 -0.322654138611 -6.80506761105e-16)
(-0.071524649053 -0.315439688775 0)
(-0.117562057819 -0.385161494451 -7.02123919342e-16)
(-0.159583262933 -0.405759001969 0)
(-0.0676488938483 -0.364548912267 2.89816645429e-16)
(-0.0308679159012 -0.3657009934 1.15172783686e-15)
(-0.248162499247 -0.332190711024 1.4848711853e-17)
(-0.213897441384 -0.325521275223 5.68084782798e-17)
(-0.0201831639879 -0.36791812756 0)
(-0.250014886003 -0.284087722629 0)
(-0.204190434535 -0.360655951054 -6.97497782497e-17)
(-0.229699445287 -0.34160991406 0)
(-0.179489582747 -0.242679666281 5.95566059952e-17)
(-0.149263271011 -0.178841745615 -5.43144284078e-17)
(0.0149469036905 -0.335233426054 0)
(6.00438707412e-05 -0.26165629526 8.28809346677e-16)
(0.0140676742721 -0.256306799123 -4.48185023249e-16)
(0.00748828772656 -0.305381084405 -1.17033749052e-15)
(0.0265914337496 -0.316904042187 -1.06642897455e-15)
(0.0635712203865 -0.281839671402 0)
(0.0643319150418 -0.259276947327 2.52881094435e-17)
(0.0833777726725 -0.244655575811 0)
(-0.0505180879661 -0.295988288753 -3.28365384554e-16)
(-0.318069058764 0.190714198807 2.77207994138e-16)
(0.29429250417 0.0525174326727 0)
(0.291106097727 -0.0799577953979 -6.63198029619e-16)
(0.288317333896 0.124158122995 0)
(0.330425544743 0.0304823167213 6.17901306474e-16)
(0.307380951067 -0.00428437307753 -1.15429320334e-15)
(0.290313012748 0.00694709555687 0)
(0.210608917197 -0.125753256503 3.72199733139e-16)
(-0.339876618691 0.157629434689 0)
(0.319519436273 0.144970035155 6.65353076595e-16)
(0.240800537904 -0.0775890998649 0)
(-0.333440391764 -0.216085631961 1.41057820178e-16)
(-0.316967487313 -0.242568415677 9.23334136524e-17)
(0.235354434252 -0.0770258202351 -7.92123530553e-16)
(-0.272081557177 0.169684954105 7.48662258405e-17)
(-0.233618982976 0.165749150405 4.15218580046e-17)
(0.240697449813 -0.0924534711533 3.50625237544e-16)
(0.341746316728 0.0877773259974 0)
(0.344042907917 0.072053508662 1.6051366993e-15)
(-0.0392136470582 -0.319418759399 -2.38149557946e-16)
(-0.0216148762098 -0.343127043056 2.26431457586e-16)
(0.0346514396095 -0.309559438977 -2.01220103667e-16)
(0.263210115629 0.164015430331 2.03544541413e-16)
(0.380590969229 -0.00773348868807 0)
(-0.40659164589 -0.0441339440131 2.04899887805e-16)
(-0.341143527157 0.0849111976804 4.13088254102e-16)
(0.326499305487 0.123373711692 0)
(-0.372669576637 0.144907904251 0)
(0.0611872653174 -0.137385843024 -4.02108225063e-17)
(-0.124036344063 -0.132634295439 0)
(0.112943895537 0.158272252583 -2.51539343107e-17)
(-0.0703355338459 0.0697879464236 5.00730644462e-19)
(-0.341997997336 -0.192730335472 0)
(0.292882845156 0.0245300889493 -1.29107058115e-15)
(-0.282822045925 -0.230008105916 2.38040480795e-17)
(-0.343698514197 0.107640062153 4.252388613e-16)
(-0.364963318314 -0.0116069266959 8.84735479899e-16)
(0.282427779595 0.187136349741 3.45656462953e-16)
(0.209923452745 -0.13398309496 0)
(-0.294620217546 -0.258154127087 -1.71902608615e-16)
(0.250656646561 -0.105725366847 4.12910153019e-17)
(0.226996739658 0.228240712669 0)
(-0.401182657915 0.0573343989661 0)
(0.2333867293 -0.0738068471171 -2.81315058134e-16)
(0.21607353356 -0.0821924964378 1.49117013891e-16)
(0.159185876052 0.218834903807 1.9524427438e-16)
(-0.134766687947 0.123282373958 0)
(-0.367421616415 0.0218638193636 -4.19958316673e-16)
(0.235513282311 -0.0647080189608 0)
(0.280792480119 -0.063150476842 0)
(-0.171725442949 0.130011459391 2.08656271338e-17)
(0.2983311598 0.164904592853 -5.38436322546e-16)
(-0.306944581098 0.162523408711 -5.05138415765e-17)
(-0.329636491795 -0.145826151939 -5.52937539256e-16)
(0.361669719793 -0.0201307423676 -5.56952460595e-16)
(-0.397258738213 -0.0755801247401 0)
(-0.32648041001 0.110965806401 -4.27270183502e-16)
(-0.322365008544 0.081340038898 -1.07248008537e-15)
(-0.335845094493 0.0629424343688 0)
(0.20107763838 -0.144498124956 -3.23640421473e-17)
(0.072366615348 0.124583471288 3.01072173525e-17)
(-0.0656779324606 -0.0845486455882 3.87078111606e-17)
(-0.0733638698673 -0.0794419821874 0)
(0.0643595111027 0.133040815135 0)
(0.170405507052 -0.021990016788 -1.13522532558e-17)
(0.156518588159 -0.0408980206241 2.26032067595e-17)
(-0.0320057322861 0.0352984386713 1.31362777573e-18)
(-0.034051008394 0.035044590833 -1.9711826341e-18)
(-0.300337322841 -0.246556403014 8.25832268773e-17)
(-0.366701477543 -0.143330706984 -5.40564798591e-17)
(-0.400293609466 -0.00401167592616 -3.16840213014e-16)
(-0.0517023792171 -0.342809183998 4.29020106493e-17)
(0.0638761544373 -0.237089467105 6.34306723132e-16)
(0.0684332892104 -0.271611618783 0)
(0.0285828922549 -0.269715650239 -7.39561290644e-16)
(0.0963921221804 -0.244833290971 1.50089238541e-15)
(0.225026667519 0.180992074145 0)
(-0.322758736134 -0.085297237666 -7.89280060435e-16)
(0.340507539042 -0.0414768118923 0)
(-0.355379912534 -0.148759786082 -2.49371708672e-18)
(-0.211745974173 -0.337332042119 1.72670061636e-16)
(-0.191729568421 -0.325865326882 7.35273464236e-16)
(-0.121662654858 -0.302994092336 5.25264423698e-18)
(-0.156434157344 -0.413675902238 0)
(-0.0889862831108 -0.391556998446 0)
(-0.111016377917 -0.396575121745 0)
(-0.0938925373143 -0.379963365768 0)
(-0.163089950543 -0.313369545105 8.44056995669e-16)
(-0.067322587829 -0.310015120016 7.22665275385e-16)
(-0.044732473976 -0.286019492247 7.00590880897e-16)
(-0.200871364486 -0.326731641752 -5.68084782799e-17)
(-0.184850734992 -0.331308626232 -7.4996263645e-16)
(-0.258994664807 -0.314085572069 4.50294831156e-17)
(-0.260211314339 -0.323705020365 0)
(-0.221206421032 -0.328988193002 0)
(-0.268835340883 -0.302450905246 -4.3050303462e-18)
(-0.14743826076 -0.196081935464 6.18589034803e-17)
(-0.0272129154487 -0.38251140544 -1.28656645383e-15)
(0.00730592575681 -0.247348703431 9.57265272426e-16)
(0.0105917159391 -0.31298149857 8.74420529235e-16)
(0.015618577527 -0.337274516481 0)
(0.0638998625803 -0.280475781041 0)
(0.0775588754962 -0.241975791695 -7.5707558511e-16)
(0.0961798419305 -0.230764174727 -4.65786448482e-16)
(0.293875811617 0.0602313645102 6.29068096488e-16)
(0.295786875423 -0.0844197303813 1.21379048398e-15)
(0.323346738809 0.0211499825106 -1.4495844166e-15)
(0.290089995156 0.113286591285 -1.1241522945e-15)
(-0.342477509063 -0.166062163601 5.85279971498e-17)
(0.308212484474 0.0388190522246 9.12845487128e-16)
(-0.380156873099 0.0676159805008 -9.04310942083e-16)
(0.306070507996 0.0184469820432 2.17053877621e-15)
(-0.227959561305 -0.244110227104 -1.35762236708e-17)
(0.289160778298 -0.00182997750576 0)
(-0.0146985418283 -0.316004361994 0)
(-0.0365269727578 -0.337866916507 2.3013723789e-16)
(-0.0198642308636 -0.324212743122 6.75732964978e-16)
(-0.0113110719736 -0.296164838782 -4.44432378493e-16)
(0.0476099975171 -0.293217529893 2.06054037894e-15)
(0.0202926164164 -0.319072540496 -2.03932199701e-16)
(0.13662084424 -0.186006656785 4.4547249033e-17)
(0.121032444035 -0.201527066178 0)
(0.157120762323 -0.173194919991 -4.26022145671e-16)
(0.173463100288 -0.156765658633 3.76463424169e-16)
(-0.323196652716 -0.230916951774 -1.40973905461e-16)
(0.104191194987 -0.2108143724 0)
(0.0236808023957 -0.302143605581 -6.69429379819e-16)
(-0.240386248573 0.154194719683 -4.56818931291e-17)
(-0.368413594633 0.142000768751 -3.37284337585e-16)
(0.354949203665 0.0786199318216 0)
(0.296003617376 0.139334910464 1.32723654685e-15)
(-0.357156817993 0.162753542546 -6.26182765923e-16)
(0.278847241802 0.167935931766 0)
(-0.255383079965 -0.242797655923 2.3182812797e-17)
(-0.0585981690841 -0.332236774048 4.550043238e-17)
(0.0696548331321 -0.258821756975 -2.32110901215e-16)
(0.0204281149533 -0.282240768212 0)
(0.0706650610032 -0.247114973709 -6.72845036562e-16)
(0.0856465991805 -0.258068836244 -1.13984573837e-15)
(0.241950112511 -0.114580391826 -5.07773866432e-16)
(-0.362953465521 -0.138031052323 2.64544208093e-16)
(0.375880299481 0.00279488131942 1.55423980298e-16)
(-0.399041430728 -0.0287520998981 -2.12812636366e-16)
(-0.351579252942 -0.181096924104 1.8094610591e-16)
(0.280507969416 -0.0904957509618 -1.16030852697e-15)
(0.325042142151 0.0360160861878 1.4579983261e-15)
(-0.223793692386 0.173021213571 1.10722436445e-16)
(-0.295561058611 0.172596705301 -1.45235191596e-16)
(-0.33972474417 -0.123413045542 0)
(-0.365896914179 -0.00109783383316 -7.98557415731e-16)
(0.308069060172 0.138770822101 -7.69184125123e-16)
(-0.361945885101 0.160731574553 0)
(0.293456107151 0.179426226016 8.55820991811e-17)
(-0.336972887692 0.187390936685 0)
(-0.376925892244 0.0562804328057 0)
(-0.201438673106 0.166687152091 2.23832876713e-17)
(-0.340107297334 -0.108149491313 -4.31525826879e-16)
(0.302653183635 0.154712381844 0)
(-0.351143093639 0.17448120408 2.36788822911e-16)
(-0.246312671644 -0.221608536344 7.69076531223e-18)
(-0.0589916787321 -0.320819879416 -9.0154024857e-16)
(0.0169809336941 -0.298581021396 0)
(0.0945243899226 -0.226728884463 0)
(0.0889277255989 -0.247027746702 6.88869646093e-16)
(0.0736302854849 -0.267365360877 -5.55214820059e-16)
(0.208690182999 0.23147145546 0)
(-0.393436804333 0.0668248204161 9.63547341754e-17)
(0.246261702986 -0.0674570311675 0)
(-0.1623100622 0.140415582879 -1.833805435e-17)
(0.180246733366 0.229147716011 -2.47603176144e-16)
(0.281543285515 -0.0882273410361 6.60356811659e-16)
(-0.370216706677 0.0331909954069 0)
(0.274258972705 -0.0495444062925 0)
(0.307226722798 0.0468908983508 -2.13057609488e-16)
(0.271895131348 -0.0816126070948 7.18656268634e-16)
(-0.207977691935 0.151708747913 -3.09577069776e-17)
(-0.357808026474 -0.125319541778 0)
(-0.355637084519 0.123308479934 0)
(0.300140435348 0.128625756245 6.14893628947e-16)
(0.312218900971 0.146547468468 5.22741705478e-16)
(-0.35839119527 0.164190964292 -2.5455808623e-16)
(0.102471613529 -0.0580415865334 -2.71914687867e-17)
(-0.0508010314329 0.0492207715696 6.1453225594e-18)
(0.0773879754518 0.147208873498 0)
(-0.0977332704229 -0.102948438889 1.12220616912e-16)
(0.288151606313 -0.055836583268 0)
(-0.328032360743 0.125088610731 4.75887187309e-16)
(-0.380992827686 0.0190726791043 7.59446152589e-16)
(-0.318362389675 0.0679970964167 1.42941736508e-16)
(0.305144162081 0.0111037849848 0)
(0.187803433079 -0.155426873879 -7.94660779643e-19)
(-0.353787099477 -0.103992352644 -3.78519154935e-16)
(-0.0894134057004 -0.108379502702 -7.49864894185e-17)
(0.0877653963707 0.14482337795 -1.04563580735e-16)
(0.171415862339 -0.0322049970007 1.22948526447e-17)
(-0.047493689728 0.0478730777688 -1.71205126985e-18)
(-0.319783256001 -0.242490150125 -2.25682588134e-17)
(0.231612476623 -0.119121419361 6.17115901765e-16)
(0.243687821557 -0.0880796365034 -8.64173706007e-16)
(0.0838191993547 -0.212756366929 0)
(-0.0479829096988 -0.336408249544 0)
(0.0343859704524 -0.274435923939 9.78292651028e-18)
(0.0681998287158 -0.267117455315 -9.75580875576e-16)
(0.101548092654 -0.243069903088 -5.69570559778e-16)
(0.0973720573524 -0.206659933792 0)
(0.0291040016499 -0.291990935546 1.53826026195e-15)
(0.263446748564 -0.0779549466231 -8.99885147091e-16)
(0.313594049571 -0.0548962406905 2.50528477078e-17)
(-0.344489146817 0.130390709069 -4.45489943268e-16)
(0.110832783825 -0.186389990182 0)
(0.153104965992 -0.153813363323 2.0737144721e-16)
(0.131020043704 -0.172633693195 0)
(0.191564539847 -0.13040609135 0)
(0.173537109539 -0.148151919388 -1.97872389729e-16)
(-0.0130903220392 -0.341376416758 -2.23549962678e-16)
(0.0473349717494 -0.296423614682 -1.34829131816e-15)
(-0.0116658278199 -0.323192472529 7.33426150244e-16)
(-0.00529600019304 -0.311099328668 1.41662332159e-15)
(-0.029835851147 -0.321644750121 -4.78231064518e-16)
(0.0335485524532 -0.297739722434 1.33528940509e-15)
(0.323070844406 0.139450302838 4.5120780768e-16)
(-0.351181791363 0.153481157852 0)
(-0.296011284507 -0.22074491282 -4.52429030261e-17)
(0.332952482775 0.0145733152983 -9.41119988386e-16)
(0.334109084581 0.0418095107742 8.6295708908e-16)
(-0.214191572078 -0.197775634466 0)
(-0.364848860727 -0.114801719307 0)
(-0.368544503005 -0.131835255986 0)
(-0.408290825324 0.018756088261 0)
(0.136447342481 -0.0664068139516 0)
(-0.0590650531995 0.0581266596319 -3.16531498618e-18)
(0.100110165118 0.15311930188 1.10341405185e-16)
(-0.112796353594 -0.118491987942 2.83378260786e-17)
(0.192140904171 -0.148504288004 -4.38279972317e-16)
(0.3224999855 0.0515938654385 5.10540823357e-19)
(0.304992343028 -0.0493374406156 8.53357506232e-16)
(0.313492604085 0.121424580203 -5.7571025415e-16)
(0.318193642377 0.126299762141 6.21788743618e-16)
(-0.368028681043 0.149505476664 0)
(0.320246354708 0.00841939309911 5.09397258167e-16)
(-0.228742325409 -0.236293054051 -2.61220765138e-17)
(-0.206894281521 -0.203970648672 2.20689173983e-17)
(-0.316027972618 -0.227519405341 -7.8397895389e-17)
(-0.397742399184 0.0254840006918 -2.43953054054e-16)
(-0.0320831239498 -0.410267543543 4.81925193726e-16)
(-0.024218181324 -0.414879847053 -4.81925193725e-16)
(-0.18480305897 -0.282808833041 6.25400638224e-17)
(-0.182496132311 -0.298077021615 0)
(-0.000806882250512 -0.384446750491 6.02288975889e-16)
(0.00284744528713 -0.376234869547 -6.02288975889e-16)
(-0.080715039854 -0.0934739898189 -2.34452914844e-16)
(-0.0892470367029 -0.112258857241 2.36647462774e-16)
(-0.157244952338 -0.43957073618 0)
(-0.182003936669 -0.430920213587 0)
(-0.113506428449 -0.430189359435 -7.68918666526e-17)
(-0.13515077207 -0.427783577983 7.68918666526e-17)
(0.0570867054817 -0.356588446895 0)
(0.0409536941316 -0.338708976564 -3.1651216907e-16)
(0.010772285374 -0.287160445188 0)
(0.0190595998393 -0.323158471286 0)
(0.393632924699 0.0231603764897 4.48003882274e-16)
(0.3900574691 0.0138056399477 4.24295910173e-16)
(0.22827423947 0.152689293168 1.52219100032e-16)
(0.238594727789 0.150443509423 -1.15698675215e-17)
(0.357332956285 -0.0192788098244 -1.03047987624e-15)
(0.355822816732 -0.0365835608236 0)
(0.0894912558845 0.119110755205 -4.91000900712e-18)
(0.108691795917 0.134919934158 4.91000900712e-18)
(0.339236589088 0.105654789323 0)
(0.331808214982 0.120172696186 -4.62176565843e-16)
(0.360537046838 0.0815757511806 6.96049364315e-16)
(0.361199117899 0.0909467477845 -1.41271175874e-15)
(0.303692790391 -0.0385108220802 1.98383904197e-15)
(0.289713132399 -0.0274718816475 0)
(0.288708690086 -0.0136791074564 0)
(0.289439200515 -0.0716994865623 -9.50731214143e-16)
)
;

boundaryField
{
    bottomWall
    {
        type            noSlip;
    }
    leftWall
    {
        type            noSlip;
    }
    rightWall
    {
        type            noSlip;
    }
    movingTop
    {
        type            fixedValue;
        value           uniform (1 0 0);
    }
    front
    {
        type            empty;
    }
    back
    {
        type            empty;
    }
}


// ************************************************************************* //
