/*--------------------------------*- C++ -*----------------------------------*\
  =========                 |
  \\      /  F ield         | OpenFOAM: The Open Source CFD Toolbox
   \\    /    O peration     | M anipulation
\*---------------------------------------------------------------------------*/
FoamFile
{
    format      ascii;
    class       volVectorField;
    location    "0";
    object      U;
}

dimensions      [0 1 -1 0 0 0 0];

internalField   nonuniform List<vector>
2500
(
    (4.8999999999999999e-01 -4.8999999999999999e-01 0.0000000000000000e+00)
    (4.8999999999999999e-01 -4.6999999999999997e-01 0.0000000000000000e+00)
    (4.8999999999999999e-01 -4.5000000000000001e-01 0.0000000000000000e+00)
    (4.8999999999999999e-01 -4.2999999999999999e-01 0.0000000000000000e+00)
    (4.8999999999999999e-01 -4.1000000000000003e-01 0.0000000000000000e+00)
    (4.8999999999999999e-01 -3.9000000000000001e-01 0.0000000000000000e+00)
    (4.8999999999999999e-01 -3.7000000000000000e-01 0.0000000000000000e+00)
    (4.8999999999999999e-01 -3.4999999999999998e-01 0.0000000000000000e+00)
    (4.8999999999999999e-01 -3.2999999999999996e-01 0.0000000000000000e+00)
    (4.8999999999999999e-01 -3.1000000000000000e-01 0.0000000000000000e+00)
    (4.8999999999999999e-01 -2.9000000000000004e-01 0.0000000000000000e+00)
    (4.8999999999999999e-01 -2.7000000000000002e-01 0.0000000000000000e+00)
    (4.8999999999999999e-01 -2.5000000000000000e-01 0.0000000000000000e+00)
    (4.8999999999999999e-01 -2.2999999999999998e-01 0.0000000000000000e+00)
    (4.8999999999999999e-01 -2.1000000000000002e-01 0.0000000000000000e+00)
    (4.8999999999999999e-01 -1.9000000000000000e-01 0.0000000000000000e+00)
    (4.8999999999999999e-01 -1.6999999999999998e-01 0.0000000000000000e+00)
    (4.8999999999999999e-01 -1.4999999999999997e-01 0.0000000000000000e+00)
    (4.8999999999999999e-01 -1.3000000000000000e-01 0.0000000000000000e+00)
    (4.8999999999999999e-01 -1.0999999999999999e-01 0.0000000000000000e+00)
    (4.8999999999999999e-01 -8.9999999999999969e-02 0.0000000000000000e+00)
    (4.8999999999999999e-01 -7.0000000000000007e-02 0.0000000000000000e+00)
    (4.8999999999999999e-01 -4.9999999999999989e-02 0.0000000000000000e+00)
    (4.8999999999999999e-01 -2.9999999999999971e-02 0.0000000000000000e+00)
    (4.8999999999999999e-01 -1.0000000000000009e-02 0.0000000000000000e+00)
    (4.8999999999999999e-01 1.0000000000000009e-02 0.0000000000000000e+00)
    (4.8999999999999999e-01 3.0000000000000027e-02 0.0000000000000000e+00)
    (4.8999999999999999e-01 5.0000000000000044e-02 0.0000000000000000e+00)
    (4.8999999999999999e-01 7.0000000000000062e-02 0.0000000000000000e+00)
    (4.8999999999999999e-01 8.9999999999999969e-02 0.0000000000000000e+00)
    (4.8999999999999999e-01 1.0999999999999999e-01 0.0000000000000000e+00)
    (4.8999999999999999e-01 1.3000000000000000e-01 0.0000000000000000e+00)
    (4.8999999999999999e-01 1.5000000000000002e-01 0.0000000000000000e+00)
    (4.8999999999999999e-01 1.7000000000000004e-01 0.0000000000000000e+00)
    (4.8999999999999999e-01 1.9000000000000006e-01 0.0000000000000000e+00)
    (4.8999999999999999e-01 2.0999999999999996e-01 0.0000000000000000e+00)
    (4.8999999999999999e-01 2.2999999999999998e-01 0.0000000000000000e+00)
    (4.8999999999999999e-01 2.5000000000000000e-01 0.0000000000000000e+00)
    (4.8999999999999999e-01 2.7000000000000002e-01 0.0000000000000000e+00)
    (4.8999999999999999e-01 2.9000000000000004e-01 0.0000000000000000e+00)
    (4.8999999999999999e-01 3.1000000000000005e-01 0.0000000000000000e+00)
    (4.8999999999999999e-01 3.3000000000000007e-01 0.0000000000000000e+00)
    (4.8999999999999999e-01 3.4999999999999998e-01 0.0000000000000000e+00)
    (4.8999999999999999e-01 3.7000000000000000e-01 0.0000000000000000e+00)
    (4.8999999999999999e-01 3.9000000000000001e-01 0.0000000000000000e+00)
    (4.8999999999999999e-01 4.1000000000000003e-01 0.0000000000000000e+00)
    (4.8999999999999999e-01 4.3000000000000005e-01 0.0000000000000000e+00)
    (4.8999999999999999e-01 4.5000000000000007e-01 0.0000000000000000e+00)
    (4.8999999999999999e-01 4.6999999999999997e-01 0.0000000000000000e+00)
    (4.8999999999999999e-01 4.8999999999999999e-01 0.0000000000000000e+00)
    (4.6999999999999997e-01 -4.8999999999999999e-01 0.0000000000000000e+00)
    (4.6999999999999997e-01 -4.6999999999999997e-01 0.0000000000000000e+00)
    (4.6999999999999997e-01 -4.5000000000000001e-01 0.0000000000000000e+00)
    (4.6999999999999997e-01 -4.2999999999999999e-01 0.0000000000000000e+00)
    (4.6999999999999997e-01 -4.1000000000000003e-01 0.0000000000000000e+00)
    (4.6999999999999997e-01 -3.9000000000000001e-01 0.0000000000000000e+00)
    (4.6999999999999997e-01 -3.7000000000000000e-01 0.0000000000000000e+00)
    (4.6999999999999997e-01 -3.4999999999999998e-01 0.0000000000000000e+00)
    (4.6999999999999997e-01 -3.2999999999999996e-01 0.0000000000000000e+00)
    (4.6999999999999997e-01 -3.1000000000000000e-01 0.0000000000000000e+00)
    (4.6999999999999997e-01 -2.9000000000000004e-01 0.0000000000000000e+00)
    (4.6999999999999997e-01 -2.7000000000000002e-01 0.0000000000000000e+00)
    (4.6999999999999997e-01 -2.5000000000000000e-01 0.0000000000000000e+00)
    (4.6999999999999997e-01 -2.2999999999999998e-01 0.0000000000000000e+00)
    (4.6999999999999997e-01 -2.1000000000000002e-01 0.0000000000000000e+00)
    (4.6999999999999997e-01 -1.9000000000000000e-01 0.0000000000000000e+00)
    (4.6999999999999997e-01 -1.6999999999999998e-01 0.0000000000000000e+00)
    (4.6999999999999997e-01 -1.4999999999999997e-01 0.0000000000000000e+00)
    (4.6999999999999997e-01 -1.3000000000000000e-01 0.0000000000000000e+00)
    (4.6999999999999997e-01 -1.0999999999999999e-01 0.0000000000000000e+00)
    (4.6999999999999997e-01 -8.9999999999999969e-02 0.0000000000000000e+00)
    (4.6999999999999997e-01 -7.0000000000000007e-02 0.0000000000000000e+00)
    (4.6999999999999997e-01 -4.9999999999999989e-02 0.0000000000000000e+00)
    (4.6999999999999997e-01 -2.9999999999999971e-02 0.0000000000000000e+00)
    (4.6999999999999997e-01 -1.0000000000000009e-02 0.0000000000000000e+00)
    (4.6999999999999997e-01 1.0000000000000009e-02 0.0000000000000000e+00)
    (4.6999999999999997e-01 3.0000000000000027e-02 0.0000000000000000e+00)
    (4.6999999999999997e-01 5.0000000000000044e-02 0.0000000000000000e+00)
    (4.6999999999999997e-01 7.0000000000000062e-02 0.0000000000000000e+00)
    (4.6999999999999997e-01 8.9999999999999969e-02 0.0000000000000000e+00)
    (4.6999999999999997e-01 1.0999999999999999e-01 0.0000000000000000e+00)
    (4.6999999999999997e-01 1.3000000000000000e-01 0.0000000000000000e+00)
    (4.6999999999999997e-01 1.5000000000000002e-01 0.0000000000000000e+00)
    (4.6999999999999997e-01 1.7000000000000004e-01 0.0000000000000000e+00)
    (4.6999999999999997e-01 1.9000000000000006e-01 0.0000000000000000e+00)
    (4.6999999999999997e-01 2.0999999999999996e-01 0.0000000000000000e+00)
    (4.6999999999999997e-01 2.2999999999999998e-01 0.0000000000000000e+00)
    (4.6999999999999997e-01 2.5000000000000000e-01 0.0000000000000000e+00)
    (4.6999999999999997e-01 2.7000000000000002e-01 0.0000000000000000e+00)
    (4.6999999999999997e-01 2.9000000000000004e-01 0.0000000000000000e+00)
    (4.6999999999999997e-01 3.1000000000000005e-01 0.0000000000000000e+00)
    (4.6999999999999997e-01 3.3000000000000007e-01 0.0000000000000000e+00)
    (4.6999999999999997e-01 3.4999999999999998e-01 0.0000000000000000e+00)
    (4.6999999999999997e-01 3.7000000000000000e-01 0.0000000000000000e+00)
    (4.6999999999999997e-01 3.9000000000000001e-01 0.0000000000000000e+00)
    (4.6999999999999997e-01 4.1000000000000003e-01 0.0000000000000000e+00)
    (4.6999999999999997e-01 4.3000000000000005e-01 0.0000000000000000e+00)
    (4.6999999999999997e-01 4.5000000000000007e-01 0.0000000000000000e+00)
    (4.6999999999999997e-01 4.6999999999999997e-01 0.0000000000000000e+00)
    (4.6999999999999997e-01 4.8999999999999999e-01 0.0000000000000000e+00)
    (4.5000000000000001e-01 -4.8999999999999999e-01 0.0000000000000000e+00)
    (4.5000000000000001e-01 -4.6999999999999997e-01 0.0000000000000000e+00)
    (4.5000000000000001e-01 -4.5000000000000001e-01 0.0000000000000000e+00)
    (4.5000000000000001e-01 -4.2999999999999999e-01 0.0000000000000000e+00)
    (4.5000000000000001e-01 -4.1000000000000003e-01 0.0000000000000000e+00)
    (4.5000000000000001e-01 -3.9000000000000001e-01 0.0000000000000000e+00)
    (4.5000000000000001e-01 -3.7000000000000000e-01 0.0000000000000000e+00)
    (4.5000000000000001e-01 -3.4999999999999998e-01 0.0000000000000000e+00)
    (4.5000000000000001e-01 -3.2999999999999996e-01 0.0000000000000000e+00)
    (4.5000000000000001e-01 -3.1000000000000000e-01 0.0000000000000000e+00)
    (4.5000000000000001e-01 -2.9000000000000004e-01 0.0000000000000000e+00)
    (4.5000000000000001e-01 -2.7000000000000002e-01 0.0000000000000000e+00)
    (4.5000000000000001e-01 -2.5000000000000000e-01 0.0000000000000000e+00)
    (4.5000000000000001e-01 -2.2999999999999998e-01 0.0000000000000000e+00)
    (4.5000000000000001e-01 -2.1000000000000002e-01 0.0000000000000000e+00)
    (4.5000000000000001e-01 -1.9000000000000000e-01 0.0000000000000000e+00)
    (4.5000000000000001e-01 -1.6999999999999998e-01 0.0000000000000000e+00)
    (4.5000000000000001e-01 -1.4999999999999997e-01 0.0000000000000000e+00)
    (4.5000000000000001e-01 -1.3000000000000000e-01 0.0000000000000000e+00)
    (4.5000000000000001e-01 -1.0999999999999999e-01 0.0000000000000000e+00)
    (4.5000000000000001e-01 -8.9999999999999969e-02 0.0000000000000000e+00)
    (4.5000000000000001e-01 -7.0000000000000007e-02 0.0000000000000000e+00)
    (4.5000000000000001e-01 -4.9999999999999989e-02 0.0000000000000000e+00)
    (4.5000000000000001e-01 -2.9999999999999971e-02 0.0000000000000000e+00)
    (4.5000000000000001e-01 -1.0000000000000009e-02 0.0000000000000000e+00)
    (4.5000000000000001e-01 1.0000000000000009e-02 0.0000000000000000e+00)
    (4.5000000000000001e-01 3.0000000000000027e-02 0.0000000000000000e+00)
    (4.5000000000000001e-01 5.0000000000000044e-02 0.0000000000000000e+00)
    (4.5000000000000001e-01 7.0000000000000062e-02 0.0000000000000000e+00)
    (4.5000000000000001e-01 8.9999999999999969e-02 0.0000000000000000e+00)
    (4.5000000000000001e-01 1.0999999999999999e-01 0.0000000000000000e+00)
    (4.5000000000000001e-01 1.3000000000000000e-01 0.0000000000000000e+00)
    (4.5000000000000001e-01 1.5000000000000002e-01 0.0000000000000000e+00)
    (4.5000000000000001e-01 1.7000000000000004e-01 0.0000000000000000e+00)
    (4.5000000000000001e-01 1.9000000000000006e-01 0.0000000000000000e+00)
    (4.5000000000000001e-01 2.0999999999999996e-01 0.0000000000000000e+00)
    (4.5000000000000001e-01 2.2999999999999998e-01 0.0000000000000000e+00)
    (4.5000000000000001e-01 2.5000000000000000e-01 0.0000000000000000e+00)
    (4.5000000000000001e-01 2.7000000000000002e-01 0.0000000000000000e+00)
    (4.5000000000000001e-01 2.9000000000000004e-01 0.0000000000000000e+00)
    (4.5000000000000001e-01 3.1000000000000005e-01 0.0000000000000000e+00)
    (4.5000000000000001e-01 3.3000000000000007e-01 0.0000000000000000e+00)
    (4.5000000000000001e-01 3.4999999999999998e-01 0.0000000000000000e+00)
    (4.5000000000000001e-01 3.7000000000000000e-01 0.0000000000000000e+00)
    (4.5000000000000001e-01 3.9000000000000001e-01 0.0000000000000000e+00)
    (4.5000000000000001e-01 4.1000000000000003e-01 0.0000000000000000e+00)
    (4.5000000000000001e-01 4.3000000000000005e-01 0.0000000000000000e+00)
    (4.5000000000000001e-01 4.5000000000000007e-01 0.0000000000000000e+00)
    (4.5000000000000001e-01 4.6999999999999997e-01 0.0000000000000000e+00)
    (4.5000000000000001e-01 4.8999999999999999e-01 0.0000000000000000e+00)
    (4.2999999999999999e-01 -4.8999999999999999e-01 0.0000000000000000e+00)
    (4.2999999999999999e-01 -4.6999999999999997e-01 0.0000000000000000e+00)
    (4.2999999999999999e-01 -4.5000000000000001e-01 0.0000000000000000e+00)
    (4.2999999999999999e-01 -4.2999999999999999e-01 0.0000000000000000e+00)
    (4.2999999999999999e-01 -4.1000000000000003e-01 0.0000000000000000e+00)
    (4.2999999999999999e-01 -3.9000000000000001e-01 0.0000000000000000e+00)
    (4.2999999999999999e-01 -3.7000000000000000e-01 0.0000000000000000e+00)
    (4.2999999999999999e-01 -3.4999999999999998e-01 0.0000000000000000e+00)
    (4.2999999999999999e-01 -3.2999999999999996e-01 0.0000000000000000e+00)
    (4.2999999999999999e-01 -3.1000000000000000e-01 0.0000000000000000e+00)
    (4.2999999999999999e-01 -2.9000000000000004e-01 0.0000000000000000e+00)
    (4.2999999999999999e-01 -2.7000000000000002e-01 0.0000000000000000e+00)
    (4.2999999999999999e-01 -2.5000000000000000e-01 0.0000000000000000e+00)
    (4.2999999999999999e-01 -2.2999999999999998e-01 0.0000000000000000e+00)
    (4.2999999999999999e-01 -2.1000000000000002e-01 0.0000000000000000e+00)
    (4.2999999999999999e-01 -1.9000000000000000e-01 0.0000000000000000e+00)
    (4.2999999999999999e-01 -1.6999999999999998e-01 0.0000000000000000e+00)
    (4.2999999999999999e-01 -1.4999999999999997e-01 0.0000000000000000e+00)
    (4.2999999999999999e-01 -1.3000000000000000e-01 0.0000000000000000e+00)
    (4.2999999999999999e-01 -1.0999999999999999e-01 0.0000000000000000e+00)
    (4.2999999999999999e-01 -8.9999999999999969e-02 0.0000000000000000e+00)
    (4.2999999999999999e-01 -7.0000000000000007e-02 0.0000000000000000e+00)
    (4.2999999999999999e-01 -4.9999999999999989e-02 0.0000000000000000e+00)
    (4.2999999999999999e-01 -2.9999999999999971e-02 0.0000000000000000e+00)
    (4.2999999999999999e-01 -1.0000000000000009e-02 0.0000000000000000e+00)
    (4.2999999999999999e-01 1.0000000000000009e-02 0.0000000000000000e+00)
    (4.2999999999999999e-01 3.0000000000000027e-02 0.0000000000000000e+00)
    (4.2999999999999999e-01 5.0000000000000044e-02 0.0000000000000000e+00)
    (4.2999999999999999e-01 7.0000000000000062e-02 0.0000000000000000e+00)
    (4.2999999999999999e-01 8.9999999999999969e-02 0.0000000000000000e+00)
    (4.2999999999999999e-01 1.0999999999999999e-01 0.0000000000000000e+00)
    (4.2999999999999999e-01 1.3000000000000000e-01 0.0000000000000000e+00)
    (4.2999999999999999e-01 1.5000000000000002e-01 0.0000000000000000e+00)
    (4.2999999999999999e-01 1.7000000000000004e-01 0.0000000000000000e+00)
    (4.2999999999999999e-01 1.9000000000000006e-01 0.0000000000000000e+00)
    (4.2999999999999999e-01 2.0999999999999996e-01 0.0000000000000000e+00)
    (4.2999999999999999e-01 2.2999999999999998e-01 0.0000000000000000e+00)
    (4.2999999999999999e-01 2.5000000000000000e-01 0.0000000000000000e+00)
    (4.2999999999999999e-01 2.7000000000000002e-01 0.0000000000000000e+00)
    (4.2999999999999999e-01 2.9000000000000004e-01 0.0000000000000000e+00)
    (4.2999999999999999e-01 3.1000000000000005e-01 0.0000000000000000e+00)
    (4.2999999999999999e-01 3.3000000000000007e-01 0.0000000000000000e+00)
    (4.2999999999999999e-01 3.4999999999999998e-01 0.0000000000000000e+00)
    (4.2999999999999999e-01 3.7000000000000000e-01 0.0000000000000000e+00)
    (4.2999999999999999e-01 3.9000000000000001e-01 0.0000000000000000e+00)
    (4.2999999999999999e-01 4.1000000000000003e-01 0.0000000000000000e+00)
    (4.2999999999999999e-01 4.3000000000000005e-01 0.0000000000000000e+00)
    (4.2999999999999999e-01 4.5000000000000007e-01 0.0000000000000000e+00)
    (4.2999999999999999e-01 4.6999999999999997e-01 0.0000000000000000e+00)
    (4.2999999999999999e-01 4.8999999999999999e-01 0.0000000000000000e+00)
    (4.1000000000000003e-01 -4.8999999999999999e-01 0.0000000000000000e+00)
    (4.1000000000000003e-01 -4.6999999999999997e-01 0.0000000000000000e+00)
    (4.1000000000000003e-01 -4.5000000000000001e-01 0.0000000000000000e+00)
    (4.1000000000000003e-01 -4.2999999999999999e-01 0.0000000000000000e+00)
    (4.1000000000000003e-01 -4.1000000000000003e-01 0.0000000000000000e+00)
    (4.1000000000000003e-01 -3.9000000000000001e-01 0.0000000000000000e+00)
    (4.1000000000000003e-01 -3.7000000000000000e-01 0.0000000000000000e+00)
    (4.1000000000000003e-01 -3.4999999999999998e-01 0.0000000000000000e+00)
    (4.1000000000000003e-01 -3.2999999999999996e-01 0.0000000000000000e+00)
    (4.1000000000000003e-01 -3.1000000000000000e-01 0.0000000000000000e+00)
    (4.1000000000000003e-01 -2.9000000000000004e-01 0.0000000000000000e+00)
    (4.1000000000000003e-01 -2.7000000000000002e-01 0.0000000000000000e+00)
    (4.1000000000000003e-01 -2.5000000000000000e-01 0.0000000000000000e+00)
    (4.1000000000000003e-01 -2.2999999999999998e-01 0.0000000000000000e+00)
    (4.1000000000000003e-01 -2.1000000000000002e-01 0.0000000000000000e+00)
    (4.1000000000000003e-01 -1.9000000000000000e-01 0.0000000000000000e+00)
    (4.1000000000000003e-01 -1.6999999999999998e-01 0.0000000000000000e+00)
    (4.1000000000000003e-01 -1.4999999999999997e-01 0.0000000000000000e+00)
    (4.1000000000000003e-01 -1.3000000000000000e-01 0.0000000000000000e+00)
    (4.1000000000000003e-01 -1.0999999999999999e-01 0.0000000000000000e+00)
    (4.1000000000000003e-01 -8.9999999999999969e-02 0.0000000000000000e+00)
    (4.1000000000000003e-01 -7.0000000000000007e-02 0.0000000000000000e+00)
    (4.1000000000000003e-01 -4.9999999999999989e-02 0.0000000000000000e+00)
    (4.1000000000000003e-01 -2.9999999999999971e-02 0.0000000000000000e+00)
    (4.1000000000000003e-01 -1.0000000000000009e-02 0.0000000000000000e+00)
    (4.1000000000000003e-01 1.0000000000000009e-02 0.0000000000000000e+00)
    (4.1000000000000003e-01 3.0000000000000027e-02 0.0000000000000000e+00)
    (4.1000000000000003e-01 5.0000000000000044e-02 0.0000000000000000e+00)
    (4.1000000000000003e-01 7.0000000000000062e-02 0.0000000000000000e+00)
    (4.1000000000000003e-01 8.9999999999999969e-02 0.0000000000000000e+00)
    (4.1000000000000003e-01 1.0999999999999999e-01 0.0000000000000000e+00)
    (4.1000000000000003e-01 1.3000000000000000e-01 0.0000000000000000e+00)
    (4.1000000000000003e-01 1.5000000000000002e-01 0.0000000000000000e+00)
    (4.1000000000000003e-01 1.7000000000000004e-01 0.0000000000000000e+00)
    (4.1000000000000003e-01 1.9000000000000006e-01 0.0000000000000000e+00)
    (4.1000000000000003e-01 2.0999999999999996e-01 0.0000000000000000e+00)
    (4.1000000000000003e-01 2.2999999999999998e-01 0.0000000000000000e+00)
    (4.1000000000000003e-01 2.5000000000000000e-01 0.0000000000000000e+00)
    (4.1000000000000003e-01 2.7000000000000002e-01 0.0000000000000000e+00)
    (4.1000000000000003e-01 2.9000000000000004e-01 0.0000000000000000e+00)
    (4.1000000000000003e-01 3.1000000000000005e-01 0.0000000000000000e+00)
    (4.1000000000000003e-01 3.3000000000000007e-01 0.0000000000000000e+00)
    (4.1000000000000003e-01 3.4999999999999998e-01 0.0000000000000000e+00)
    (4.1000000000000003e-01 3.7000000000000000e-01 0.0000000000000000e+00)
    (4.1000000000000003e-01 3.9000000000000001e-01 0.0000000000000000e+00)
    (4.1000000000000003e-01 4.1000000000000003e-01 0.0000000000000000e+00)
    (4.1000000000000003e-01 4.3000000000000005e-01 0.0000000000000000e+00)
    (4.1000000000000003e-01 4.5000000000000007e-01 0.0000000000000000e+00)
    (4.1000000000000003e-01 4.6999999999999997e-01 0.0000000000000000e+00)
    (4.1000000000000003e-01 4.8999999999999999e-01 0.0000000000000000e+00)
    (3.9000000000000001e-01 -4.8999999999999999e-01 0.0000000000000000e+00)
    (3.9000000000000001e-01 -4.6999999999999997e-01 0.0000000000000000e+00)
    (3.9000000000000001e-01 -4.5000000000000001e-01 0.0000000000000000e+00)
    (3.9000000000000001e-01 -4.2999999999999999e-01 0.0000000000000000e+00)
    (3.9000000000000001e-01 -4.1000000000000003e-01 0.0000000000000000e+00)
    (3.9000000000000001e-01 -3.9000000000000001e-01 0.0000000000000000e+00)
    (3.9000000000000001e-01 -3.7000000000000000e-01 0.0000000000000000e+00)
    (3.9000000000000001e-01 -3.4999999999999998e-01 0.0000000000000000e+00)
    (3.9000000000000001e-01 -3.2999999999999996e-01 0.0000000000000000e+00)
    (3.9000000000000001e-01 -3.1000000000000000e-01 0.0000000000000000e+00)
    (3.9000000000000001e-01 -2.9000000000000004e-01 0.0000000000000000e+00)
    (3.9000000000000001e-01 -2.7000000000000002e-01 0.0000000000000000e+00)
    (3.9000000000000001e-01 -2.5000000000000000e-01 0.0000000000000000e+00)
    (3.9000000000000001e-01 -2.2999999999999998e-01 0.0000000000000000e+00)
    (3.9000000000000001e-01 -2.1000000000000002e-01 0.0000000000000000e+00)
    (3.9000000000000001e-01 -1.9000000000000000e-01 0.0000000000000000e+00)
    (3.9000000000000001e-01 -1.6999999999999998e-01 0.0000000000000000e+00)
    (3.9000000000000001e-01 -1.4999999999999997e-01 0.0000000000000000e+00)
    (3.9000000000000001e-01 -1.3000000000000000e-01 0.0000000000000000e+00)
    (3.9000000000000001e-01 -1.0999999999999999e-01 0.0000000000000000e+00)
    (3.9000000000000001e-01 -8.9999999999999969e-02 0.0000000000000000e+00)
    (3.9000000000000001e-01 -7.0000000000000007e-02 0.0000000000000000e+00)
    (3.9000000000000001e-01 -4.9999999999999989e-02 0.0000000000000000e+00)
    (3.9000000000000001e-01 -2.9999999999999971e-02 0.0000000000000000e+00)
    (3.9000000000000001e-01 -1.0000000000000009e-02 0.0000000000000000e+00)
    (3.9000000000000001e-01 1.0000000000000009e-02 0.0000000000000000e+00)
    (3.9000000000000001e-01 3.0000000000000027e-02 0.0000000000000000e+00)
    (3.9000000000000001e-01 5.0000000000000044e-02 0.0000000000000000e+00)
    (3.9000000000000001e-01 7.0000000000000062e-02 0.0000000000000000e+00)
    (3.9000000000000001e-01 8.9999999999999969e-02 0.0000000000000000e+00)
    (3.9000000000000001e-01 1.0999999999999999e-01 0.0000000000000000e+00)
    (3.9000000000000001e-01 1.3000000000000000e-01 0.0000000000000000e+00)
    (3.9000000000000001e-01 1.5000000000000002e-01 0.0000000000000000e+00)
    (3.9000000000000001e-01 1.7000000000000004e-01 0.0000000000000000e+00)
    (3.9000000000000001e-01 1.9000000000000006e-01 0.0000000000000000e+00)
    (3.9000000000000001e-01 2.0999999999999996e-01 0.0000000000000000e+00)
    (3.9000000000000001e-01 2.2999999999999998e-01 0.0000000000000000e+00)
    (3.9000000000000001e-01 2.5000000000000000e-01 0.0000000000000000e+00)
    (3.9000000000000001e-01 2.7000000000000002e-01 0.0000000000000000e+00)
    (3.9000000000000001e-01 2.9000000000000004e-01 0.0000000000000000e+00)
    (3.9000000000000001e-01 3.1000000000000005e-01 0.0000000000000000e+00)
    (3.9000000000000001e-01 3.3000000000000007e-01 0.0000000000000000e+00)
    (3.9000000000000001e-01 3.4999999999999998e-01 0.0000000000000000e+00)
    (3.9000000000000001e-01 3.7000000000000000e-01 0.0000000000000000e+00)
    (3.9000000000000001e-01 3.9000000000000001e-01 0.0000000000000000e+00)
    (3.9000000000000001e-01 4.1000000000000003e-01 0.0000000000000000e+00)
    (3.9000000000000001e-01 4.3000000000000005e-01 0.0000000000000000e+00)
    (3.9000000000000001e-01 4.5000000000000007e-01 0.0000000000000000e+00)
    (3.9000000000000001e-01 4.6999999999999997e-01 0.0000000000000000e+00)
    (3.9000000000000001e-01 4.8999999999999999e-01 0.0000000000000000e+00)
    (3.7000000000000000e-01 -4.8999999999999999e-01 0.0000000000000000e+00)
    (3.7000000000000000e-01 -4.6999999999999997e-01 0.0000000000000000e+00)
    (3.7000000000000000e-01 -4.5000000000000001e-01 0.0000000000000000e+00)
    (3.7000000000000000e-01 -4.2999999999999999e-01 0.0000000000000000e+00)
    (3.7000000000000000e-01 -4.1000000000000003e-01 0.0000000000000000e+00)
    (3.7000000000000000e-01 -3.9000000000000001e-01 0.0000000000000000e+00)
    (3.7000000000000000e-01 -3.7000000000000000e-01 0.0000000000000000e+00)
    (3.7000000000000000e-01 -3.4999999999999998e-01 0.0000000000000000e+00)
    (3.7000000000000000e-01 -3.2999999999999996e-01 0.0000000000000000e+00)
    (3.7000000000000000e-01 -3.1000000000000000e-01 0.0000000000000000e+00)
    (3.7000000000000000e-01 -2.9000000000000004e-01 0.0000000000000000e+00)
    (3.7000000000000000e-01 -2.7000000000000002e-01 0.0000000000000000e+00)
    (3.7000000000000000e-01 -2.5000000000000000e-01 0.0000000000000000e+00)
    (3.7000000000000000e-01 -2.2999999999999998e-01 0.0000000000000000e+00)
    (3.7000000000000000e-01 -2.1000000000000002e-01 0.0000000000000000e+00)
    (3.7000000000000000e-01 -1.9000000000000000e-01 0.0000000000000000e+00)
    (3.7000000000000000e-01 -1.6999999999999998e-01 0.0000000000000000e+00)
    (3.7000000000000000e-01 -1.4999999999999997e-01 0.0000000000000000e+00)
    (3.7000000000000000e-01 -1.3000000000000000e-01 0.0000000000000000e+00)
    (3.7000000000000000e-01 -1.0999999999999999e-01 0.0000000000000000e+00)
    (3.7000000000000000e-01 -8.9999999999999969e-02 0.0000000000000000e+00)
    (3.7000000000000000e-01 -7.0000000000000007e-02 0.0000000000000000e+00)
    (3.7000000000000000e-01 -4.9999999999999989e-02 0.0000000000000000e+00)
    (3.7000000000000000e-01 -2.9999999999999971e-02 0.0000000000000000e+00)
    (3.7000000000000000e-01 -1.0000000000000009e-02 0.0000000000000000e+00)
    (3.7000000000000000e-01 1.0000000000000009e-02 0.0000000000000000e+00)
    (3.7000000000000000e-01 3.0000000000000027e-02 0.0000000000000000e+00)
    (3.7000000000000000e-01 5.0000000000000044e-02 0.0000000000000000e+00)
    (3.7000000000000000e-01 7.0000000000000062e-02 0.0000000000000000e+00)
    (3.7000000000000000e-01 8.9999999999999969e-02 0.0000000000000000e+00)
    (3.7000000000000000e-01 1.0999999999999999e-01 0.0000000000000000e+00)
    (3.7000000000000000e-01 1.3000000000000000e-01 0.0000000000000000e+00)
    (3.7000000000000000e-01 1.5000000000000002e-01 0.0000000000000000e+00)
    (3.7000000000000000e-01 1.7000000000000004e-01 0.0000000000000000e+00)
    (3.7000000000000000e-01 1.9000000000000006e-01 0.0000000000000000e+00)
    (3.7000000000000000e-01 2.0999999999999996e-01 0.0000000000000000e+00)
    (3.7000000000000000e-01 2.2999999999999998e-01 0.0000000000000000e+00)
    (3.7000000000000000e-01 2.5000000000000000e-01 0.0000000000000000e+00)
    (3.7000000000000000e-01 2.7000000000000002e-01 0.0000000000000000e+00)
    (3.7000000000000000e-01 2.9000000000000004e-01 0.0000000000000000e+00)
    (3.7000000000000000e-01 3.1000000000000005e-01 0.0000000000000000e+00)
    (3.7000000000000000e-01 3.3000000000000007e-01 0.0000000000000000e+00)
    (3.7000000000000000e-01 3.4999999999999998e-01 0.0000000000000000e+00)
    (3.7000000000000000e-01 3.7000000000000000e-01 0.0000000000000000e+00)
    (3.7000000000000000e-01 3.9000000000000001e-01 0.0000000000000000e+00)
    (3.7000000000000000e-01 4.1000000000000003e-01 0.0000000000000000e+00)
    (3.7000000000000000e-01 4.3000000000000005e-01 0.0000000000000000e+00)
    (3.7000000000000000e-01 4.5000000000000007e-01 0.0000000000000000e+00)
    (3.7000000000000000e-01 4.6999999999999997e-01 0.0000000000000000e+00)
    (3.7000000000000000e-01 4.8999999999999999e-01 0.0000000000000000e+00)
    (3.4999999999999998e-01 -4.8999999999999999e-01 0.0000000000000000e+00)
    (3.4999999999999998e-01 -4.6999999999999997e-01 0.0000000000000000e+00)
    (3.4999999999999998e-01 -4.5000000000000001e-01 0.0000000000000000e+00)
    (3.4999999999999998e-01 -4.2999999999999999e-01 0.0000000000000000e+00)
    (3.4999999999999998e-01 -4.1000000000000003e-01 0.0000000000000000e+00)
    (3.4999999999999998e-01 -3.9000000000000001e-01 0.0000000000000000e+00)
    (3.4999999999999998e-01 -3.7000000000000000e-01 0.0000000000000000e+00)
    (3.4999999999999998e-01 -3.4999999999999998e-01 0.0000000000000000e+00)
    (3.4999999999999998e-01 -3.2999999999999996e-01 0.0000000000000000e+00)
    (3.4999999999999998e-01 -3.1000000000000000e-01 0.0000000000000000e+00)
    (3.4999999999999998e-01 -2.9000000000000004e-01 0.0000000000000000e+00)
    (3.4999999999999998e-01 -2.7000000000000002e-01 0.0000000000000000e+00)
    (3.4999999999999998e-01 -2.5000000000000000e-01 0.0000000000000000e+00)
    (3.4999999999999998e-01 -2.2999999999999998e-01 0.0000000000000000e+00)
    (3.4999999999999998e-01 -2.1000000000000002e-01 0.0000000000000000e+00)
    (3.4999999999999998e-01 -1.9000000000000000e-01 0.0000000000000000e+00)
    (3.4999999999999998e-01 -1.6999999999999998e-01 0.0000000000000000e+00)
    (3.4999999999999998e-01 -1.4999999999999997e-01 0.0000000000000000e+00)
    (3.4999999999999998e-01 -1.3000000000000000e-01 0.0000000000000000e+00)
    (3.4999999999999998e-01 -1.0999999999999999e-01 0.0000000000000000e+00)
    (3.4999999999999998e-01 -8.9999999999999969e-02 0.0000000000000000e+00)
    (3.4999999999999998e-01 -7.0000000000000007e-02 0.0000000000000000e+00)
    (3.4999999999999998e-01 -4.9999999999999989e-02 0.0000000000000000e+00)
    (3.4999999999999998e-01 -2.9999999999999971e-02 0.0000000000000000e+00)
    (3.4999999999999998e-01 -1.0000000000000009e-02 0.0000000000000000e+00)
    (3.4999999999999998e-01 1.0000000000000009e-02 0.0000000000000000e+00)
    (3.4999999999999998e-01 3.0000000000000027e-02 0.0000000000000000e+00)
    (3.4999999999999998e-01 5.0000000000000044e-02 0.0000000000000000e+00)
    (3.4999999999999998e-01 7.0000000000000062e-02 0.0000000000000000e+00)
    (3.4999999999999998e-01 8.9999999999999969e-02 0.0000000000000000e+00)
    (3.4999999999999998e-01 1.0999999999999999e-01 0.0000000000000000e+00)
    (3.4999999999999998e-01 1.3000000000000000e-01 0.0000000000000000e+00)
    (3.4999999999999998e-01 1.5000000000000002e-01 0.0000000000000000e+00)
    (3.4999999999999998e-01 1.7000000000000004e-01 0.0000000000000000e+00)
    (3.4999999999999998e-01 1.9000000000000006e-01 0.0000000000000000e+00)
    (3.4999999999999998e-01 2.0999999999999996e-01 0.0000000000000000e+00)
    (3.4999999999999998e-01 2.2999999999999998e-01 0.0000000000000000e+00)
    (3.4999999999999998e-01 2.5000000000000000e-01 0.0000000000000000e+00)
    (3.4999999999999998e-01 2.7000000000000002e-01 0.0000000000000000e+00)
    (3.4999999999999998e-01 2.9000000000000004e-01 0.0000000000000000e+00)
    (3.4999999999999998e-01 3.1000000000000005e-01 0.0000000000000000e+00)
    (3.4999999999999998e-01 3.3000000000000007e-01 0.0000000000000000e+00)
    (3.4999999999999998e-01 3.4999999999999998e-01 0.0000000000000000e+00)
    (3.4999999999999998e-01 3.7000000000000000e-01 0.0000000000000000e+00)
    (3.4999999999999998e-01 3.9000000000000001e-01 0.0000000000000000e+00)
    (3.4999999999999998e-01 4.1000000000000003e-01 0.0000000000000000e+00)
    (3.4999999999999998e-01 4.3000000000000005e-01 0.0000000000000000e+00)
    (3.4999999999999998e-01 4.5000000000000007e-01 0.0000000000000000e+00)
    (3.4999999999999998e-01 4.6999999999999997e-01 0.0000000000000000e+00)
    (3.4999999999999998e-01 4.8999999999999999e-01 0.0000000000000000e+00)
    (3.2999999999999996e-01 -4.8999999999999999e-01 0.0000000000000000e+00)
    (3.2999999999999996e-01 -4.6999999999999997e-01 0.0000000000000000e+00)
    (3.2999999999999996e-01 -4.5000000000000001e-01 0.0000000000000000e+00)
    (3.2999999999999996e-01 -4.2999999999999999e-01 0.0000000000000000e+00)
    (3.2999999999999996e-01 -4.1000000000000003e-01 0.0000000000000000e+00)
    (3.2999999999999996e-01 -3.9000000000000001e-01 0.0000000000000000e+00)
    (3.2999999999999996e-01 -3.7000000000000000e-01 0.0000000000000000e+00)
    (3.2999999999999996e-01 -3.4999999999999998e-01 0.0000000000000000e+00)
    (3.2999999999999996e-01 -3.2999999999999996e-01 0.0000000000000000e+00)
    (3.2999999999999996e-01 -3.1000000000000000e-01 0.0000000000000000e+00)
    (3.2999999999999996e-01 -2.9000000000000004e-01 0.0000000000000000e+00)
    (3.2999999999999996e-01 -2.7000000000000002e-01 0.0000000000000000e+00)
    (3.2999999999999996e-01 -2.5000000000000000e-01 0.0000000000000000e+00)
    (3.2999999999999996e-01 -2.2999999999999998e-01 0.0000000000000000e+00)
    (3.2999999999999996e-01 -2.1000000000000002e-01 0.0000000000000000e+00)
    (3.2999999999999996e-01 -1.9000000000000000e-01 0.0000000000000000e+00)
    (3.2999999999999996e-01 -1.6999999999999998e-01 0.0000000000000000e+00)
    (3.2999999999999996e-01 -1.4999999999999997e-01 0.0000000000000000e+00)
    (3.2999999999999996e-01 -1.3000000000000000e-01 0.0000000000000000e+00)
    (3.2999999999999996e-01 -1.0999999999999999e-01 0.0000000000000000e+00)
    (3.2999999999999996e-01 -8.9999999999999969e-02 0.0000000000000000e+00)
    (3.2999999999999996e-01 -7.0000000000000007e-02 0.0000000000000000e+00)
    (3.2999999999999996e-01 -4.9999999999999989e-02 0.0000000000000000e+00)
    (3.2999999999999996e-01 -2.9999999999999971e-02 0.0000000000000000e+00)
    (3.2999999999999996e-01 -1.0000000000000009e-02 0.0000000000000000e+00)
    (3.2999999999999996e-01 1.0000000000000009e-02 0.0000000000000000e+00)
    (3.2999999999999996e-01 3.0000000000000027e-02 0.0000000000000000e+00)
    (3.2999999999999996e-01 5.0000000000000044e-02 0.0000000000000000e+00)
    (3.2999999999999996e-01 7.0000000000000062e-02 0.0000000000000000e+00)
    (3.2999999999999996e-01 8.9999999999999969e-02 0.0000000000000000e+00)
    (3.2999999999999996e-01 1.0999999999999999e-01 0.0000000000000000e+00)
    (3.2999999999999996e-01 1.3000000000000000e-01 0.0000000000000000e+00)
    (3.2999999999999996e-01 1.5000000000000002e-01 0.0000000000000000e+00)
    (3.2999999999999996e-01 1.7000000000000004e-01 0.0000000000000000e+00)
    (3.2999999999999996e-01 1.9000000000000006e-01 0.0000000000000000e+00)
    (3.2999999999999996e-01 2.0999999999999996e-01 0.0000000000000000e+00)
    (3.2999999999999996e-01 2.2999999999999998e-01 0.0000000000000000e+00)
    (3.2999999999999996e-01 2.5000000000000000e-01 0.0000000000000000e+00)
    (3.2999999999999996e-01 2.7000000000000002e-01 0.0000000000000000e+00)
    (3.2999999999999996e-01 2.9000000000000004e-01 0.0000000000000000e+00)
    (3.2999999999999996e-01 3.1000000000000005e-01 0.0000000000000000e+00)
    (3.2999999999999996e-01 3.3000000000000007e-01 0.0000000000000000e+00)
    (3.2999999999999996e-01 3.4999999999999998e-01 0.0000000000000000e+00)
    (3.2999999999999996e-01 3.7000000000000000e-01 0.0000000000000000e+00)
    (3.2999999999999996e-01 3.9000000000000001e-01 0.0000000000000000e+00)
    (3.2999999999999996e-01 4.1000000000000003e-01 0.0000000000000000e+00)
    (3.2999999999999996e-01 4.3000000000000005e-01 0.0000000000000000e+00)
    (3.2999999999999996e-01 4.5000000000000007e-01 0.0000000000000000e+00)
    (3.2999999999999996e-01 4.6999999999999997e-01 0.0000000000000000e+00)
    (3.2999999999999996e-01 4.8999999999999999e-01 0.0000000000000000e+00)
    (3.1000000000000000e-01 -4.8999999999999999e-01 0.0000000000000000e+00)
    (3.1000000000000000e-01 -4.6999999999999997e-01 0.0000000000000000e+00)
    (3.1000000000000000e-01 -4.5000000000000001e-01 0.0000000000000000e+00)
    (3.1000000000000000e-01 -4.2999999999999999e-01 0.0000000000000000e+00)
    (3.1000000000000000e-01 -4.1000000000000003e-01 0.0000000000000000e+00)
    (3.1000000000000000e-01 -3.9000000000000001e-01 0.0000000000000000e+00)
    (3.1000000000000000e-01 -3.7000000000000000e-01 0.0000000000000000e+00)
    (3.1000000000000000e-01 -3.4999999999999998e-01 0.0000000000000000e+00)
    (3.1000000000000000e-01 -3.2999999999999996e-01 0.0000000000000000e+00)
    (3.1000000000000000e-01 -3.1000000000000000e-01 0.0000000000000000e+00)
    (3.1000000000000000e-01 -2.9000000000000004e-01 0.0000000000000000e+00)
    (3.1000000000000000e-01 -2.7000000000000002e-01 0.0000000000000000e+00)
    (3.1000000000000000e-01 -2.5000000000000000e-01 0.0000000000000000e+00)
    (3.1000000000000000e-01 -2.2999999999999998e-01 0.0000000000000000e+00)
    (3.1000000000000000e-01 -2.1000000000000002e-01 0.0000000000000000e+00)
    (3.1000000000000000e-01 -1.9000000000000000e-01 0.0000000000000000e+00)
    (3.1000000000000000e-01 -1.6999999999999998e-01 0.0000000000000000e+00)
    (3.1000000000000000e-01 -1.4999999999999997e-01 0.0000000000000000e+00)
    (3.1000000000000000e-01 -1.3000000000000000e-01 0.0000000000000000e+00)
    (3.1000000000000000e-01 -1.0999999999999999e-01 0.0000000000000000e+00)
    (3.1000000000000000e-01 -8.9999999999999969e-02 0.0000000000000000e+00)
    (3.1000000000000000e-01 -7.0000000000000007e-02 0.0000000000000000e+00)
    (3.1000000000000000e-01 -4.9999999999999989e-02 0.0000000000000000e+00)
    (3.1000000000000000e-01 -2.9999999999999971e-02 0.0000000000000000e+00)
    (3.1000000000000000e-01 -1.0000000000000009e-02 0.0000000000000000e+00)
    (3.1000000000000000e-01 1.0000000000000009e-02 0.0000000000000000e+00)
    (3.1000000000000000e-01 3.0000000000000027e-02 0.0000000000000000e+00)
    (3.1000000000000000e-01 5.0000000000000044e-02 0.0000000000000000e+00)
    (3.1000000000000000e-01 7.0000000000000062e-02 0.0000000000000000e+00)
    (3.1000000000000000e-01 8.9999999999999969e-02 0.0000000000000000e+00)
    (3.1000000000000000e-01 1.0999999999999999e-01 0.0000000000000000e+00)
    (3.1000000000000000e-01 1.3000000000000000e-01 0.0000000000000000e+00)
    (3.1000000000000000e-01 1.5000000000000002e-01 0.0000000000000000e+00)
    (3.1000000000000000e-01 1.7000000000000004e-01 0.0000000000000000e+00)
    (3.1000000000000000e-01 1.9000000000000006e-01 0.0000000000000000e+00)
    (3.1000000000000000e-01 2.0999999999999996e-01 0.0000000000000000e+00)
    (3.1000000000000000e-01 2.2999999999999998e-01 0.0000000000000000e+00)
    (3.1000000000000000e-01 2.5000000000000000e-01 0.0000000000000000e+00)
    (3.1000000000000000e-01 2.7000000000000002e-01 0.0000000000000000e+00)
    (3.1000000000000000e-01 2.9000000000000004e-01 0.0000000000000000e+00)
    (3.1000000000000000e-01 3.1000000000000005e-01 0.0000000000000000e+00)
    (3.1000000000000000e-01 3.3000000000000007e-01 0.0000000000000000e+00)
    (3.1000000000000000e-01 3.4999999999999998e-01 0.0000000000000000e+00)
    (3.1000000000000000e-01 3.7000000000000000e-01 0.0000000000000000e+00)
    (3.1000000000000000e-01 3.9000000000000001e-01 0.0000000000000000e+00)
    (3.1000000000000000e-01 4.1000000000000003e-01 0.0000000000000000e+00)
    (3.1000000000000000e-01 4.3000000000000005e-01 0.0000000000000000e+00)
    (3.1000000000000000e-01 4.5000000000000007e-01 0.0000000000000000e+00)
    (3.1000000000000000e-01 4.6999999999999997e-01 0.0000000000000000e+00)
    (3.1000000000000000e-01 4.8999999999999999e-01 0.0000000000000000e+00)
    (2.9000000000000004e-01 -4.8999999999999999e-01 0.0000000000000000e+00)
    (2.9000000000000004e-01 -4.6999999999999997e-01 0.0000000000000000e+00)
    (2.9000000000000004e-01 -4.5000000000000001e-01 0.0000000000000000e+00)
    (2.9000000000000004e-01 -4.2999999999999999e-01 0.0000000000000000e+00)
    (2.9000000000000004e-01 -4.1000000000000003e-01 0.0000000000000000e+00)
    (2.9000000000000004e-01 -3.9000000000000001e-01 0.0000000000000000e+00)
    (2.9000000000000004e-01 -3.7000000000000000e-01 0.0000000000000000e+00)
    (2.9000000000000004e-01 -3.4999999999999998e-01 0.0000000000000000e+00)
    (2.9000000000000004e-01 -3.2999999999999996e-01 0.0000000000000000e+00)
    (2.9000000000000004e-01 -3.1000000000000000e-01 0.0000000000000000e+00)
    (2.9000000000000004e-01 -2.9000000000000004e-01 0.0000000000000000e+00)
    (2.9000000000000004e-01 -2.7000000000000002e-01 0.0000000000000000e+00)
    (2.9000000000000004e-01 -2.5000000000000000e-01 0.0000000000000000e+00)
    (2.9000000000000004e-01 -2.2999999999999998e-01 0.0000000000000000e+00)
    (2.9000000000000004e-01 -2.1000000000000002e-01 0.0000000000000000e+00)
    (2.9000000000000004e-01 -1.9000000000000000e-01 0.0000000000000000e+00)
    (2.9000000000000004e-01 -1.6999999999999998e-01 0.0000000000000000e+00)
    (2.9000000000000004e-01 -1.4999999999999997e-01 0.0000000000000000e+00)
    (2.9000000000000004e-01 -1.3000000000000000e-01 0.0000000000000000e+00)
    (2.9000000000000004e-01 -1.0999999999999999e-01 0.0000000000000000e+00)
    (2.9000000000000004e-01 -8.9999999999999969e-02 0.0000000000000000e+00)
    (2.9000000000000004e-01 -7.0000000000000007e-02 0.0000000000000000e+00)
    (2.9000000000000004e-01 -4.9999999999999989e-02 0.0000000000000000e+00)
    (2.9000000000000004e-01 -2.9999999999999971e-02 0.0000000000000000e+00)
    (2.9000000000000004e-01 -1.0000000000000009e-02 0.0000000000000000e+00)
    (2.9000000000000004e-01 1.0000000000000009e-02 0.0000000000000000e+00)
    (2.9000000000000004e-01 3.0000000000000027e-02 0.0000000000000000e+00)
    (2.9000000000000004e-01 5.0000000000000044e-02 0.0000000000000000e+00)
    (2.9000000000000004e-01 7.0000000000000062e-02 0.0000000000000000e+00)
    (2.9000000000000004e-01 8.9999999999999969e-02 0.0000000000000000e+00)
    (2.9000000000000004e-01 1.0999999999999999e-01 0.0000000000000000e+00)
    (2.9000000000000004e-01 1.3000000000000000e-01 0.0000000000000000e+00)
    (2.9000000000000004e-01 1.5000000000000002e-01 0.0000000000000000e+00)
    (2.9000000000000004e-01 1.7000000000000004e-01 0.0000000000000000e+00)
    (2.9000000000000004e-01 1.9000000000000006e-01 0.0000000000000000e+00)
    (2.9000000000000004e-01 2.0999999999999996e-01 0.0000000000000000e+00)
    (2.9000000000000004e-01 2.2999999999999998e-01 0.0000000000000000e+00)
    (2.9000000000000004e-01 2.5000000000000000e-01 0.0000000000000000e+00)
    (2.9000000000000004e-01 2.7000000000000002e-01 0.0000000000000000e+00)
    (2.9000000000000004e-01 2.9000000000000004e-01 0.0000000000000000e+00)
    (2.9000000000000004e-01 3.1000000000000005e-01 0.0000000000000000e+00)
    (2.9000000000000004e-01 3.3000000000000007e-01 0.0000000000000000e+00)
    (2.9000000000000004e-01 3.4999999999999998e-01 0.0000000000000000e+00)
    (2.9000000000000004e-01 3.7000000000000000e-01 0.0000000000000000e+00)
    (2.9000000000000004e-01 3.9000000000000001e-01 0.0000000000000000e+00)
    (2.9000000000000004e-01 4.1000000000000003e-01 0.0000000000000000e+00)
    (2.9000000000000004e-01 4.3000000000000005e-01 0.0000000000000000e+00)
    (2.9000000000000004e-01 4.5000000000000007e-01 0.0000000000000000e+00)
    (2.9000000000000004e-01 4.6999999999999997e-01 0.0000000000000000e+00)
    (2.9000000000000004e-01 4.8999999999999999e-01 0.0000000000000000e+00)
    (2.7000000000000002e-01 -4.8999999999999999e-01 0.0000000000000000e+00)
    (2.7000000000000002e-01 -4.6999999999999997e-01 0.0000000000000000e+00)
    (2.7000000000000002e-01 -4.5000000000000001e-01 0.0000000000000000e+00)
    (2.7000000000000002e-01 -4.2999999999999999e-01 0.0000000000000000e+00)
    (2.7000000000000002e-01 -4.1000000000000003e-01 0.0000000000000000e+00)
    (2.7000000000000002e-01 -3.9000000000000001e-01 0.0000000000000000e+00)
    (2.7000000000000002e-01 -3.7000000000000000e-01 0.0000000000000000e+00)
    (2.7000000000000002e-01 -3.4999999999999998e-01 0.0000000000000000e+00)
    (2.7000000000000002e-01 -3.2999999999999996e-01 0.0000000000000000e+00)
    (2.7000000000000002e-01 -3.1000000000000000e-01 0.0000000000000000e+00)
    (2.7000000000000002e-01 -2.9000000000000004e-01 0.0000000000000000e+00)
    (2.7000000000000002e-01 -2.7000000000000002e-01 0.0000000000000000e+00)
    (2.7000000000000002e-01 -2.5000000000000000e-01 0.0000000000000000e+00)
    (2.7000000000000002e-01 -2.2999999999999998e-01 0.0000000000000000e+00)
    (2.7000000000000002e-01 -2.1000000000000002e-01 0.0000000000000000e+00)
    (2.7000000000000002e-01 -1.9000000000000000e-01 0.0000000000000000e+00)
    (2.7000000000000002e-01 -1.6999999999999998e-01 0.0000000000000000e+00)
    (2.7000000000000002e-01 -1.4999999999999997e-01 0.0000000000000000e+00)
    (2.7000000000000002e-01 -1.3000000000000000e-01 0.0000000000000000e+00)
    (2.7000000000000002e-01 -1.0999999999999999e-01 0.0000000000000000e+00)
    (2.7000000000000002e-01 -8.9999999999999969e-02 0.0000000000000000e+00)
    (2.7000000000000002e-01 -7.0000000000000007e-02 0.0000000000000000e+00)
    (2.7000000000000002e-01 -4.9999999999999989e-02 0.0000000000000000e+00)
    (2.7000000000000002e-01 -2.9999999999999971e-02 0.0000000000000000e+00)
    (2.7000000000000002e-01 -1.0000000000000009e-02 0.0000000000000000e+00)
    (2.7000000000000002e-01 1.0000000000000009e-02 0.0000000000000000e+00)
    (2.7000000000000002e-01 3.0000000000000027e-02 0.0000000000000000e+00)
    (2.7000000000000002e-01 5.0000000000000044e-02 0.0000000000000000e+00)
    (2.7000000000000002e-01 7.0000000000000062e-02 0.0000000000000000e+00)
    (2.7000000000000002e-01 8.9999999999999969e-02 0.0000000000000000e+00)
    (2.7000000000000002e-01 1.0999999999999999e-01 0.0000000000000000e+00)
    (2.7000000000000002e-01 1.3000000000000000e-01 0.0000000000000000e+00)
    (2.7000000000000002e-01 1.5000000000000002e-01 0.0000000000000000e+00)
    (2.7000000000000002e-01 1.7000000000000004e-01 0.0000000000000000e+00)
    (2.7000000000000002e-01 1.9000000000000006e-01 0.0000000000000000e+00)
    (2.7000000000000002e-01 2.0999999999999996e-01 0.0000000000000000e+00)
    (2.7000000000000002e-01 2.2999999999999998e-01 0.0000000000000000e+00)
    (2.7000000000000002e-01 2.5000000000000000e-01 0.0000000000000000e+00)
    (2.7000000000000002e-01 2.7000000000000002e-01 0.0000000000000000e+00)
    (2.7000000000000002e-01 2.9000000000000004e-01 0.0000000000000000e+00)
    (2.7000000000000002e-01 3.1000000000000005e-01 0.0000000000000000e+00)
    (2.7000000000000002e-01 3.3000000000000007e-01 0.0000000000000000e+00)
    (2.7000000000000002e-01 3.4999999999999998e-01 0.0000000000000000e+00)
    (2.7000000000000002e-01 3.7000000000000000e-01 0.0000000000000000e+00)
    (2.7000000000000002e-01 3.9000000000000001e-01 0.0000000000000000e+00)
    (2.7000000000000002e-01 4.1000000000000003e-01 0.0000000000000000e+00)
    (2.7000000000000002e-01 4.3000000000000005e-01 0.0000000000000000e+00)
    (2.7000000000000002e-01 4.5000000000000007e-01 0.0000000000000000e+00)
    (2.7000000000000002e-01 4.6999999999999997e-01 0.0000000000000000e+00)
    (2.7000000000000002e-01 4.8999999999999999e-01 0.0000000000000000e+00)
    (2.5000000000000000e-01 -4.8999999999999999e-01 0.0000000000000000e+00)
    (2.5000000000000000e-01 -4.6999999999999997e-01 0.0000000000000000e+00)
    (2.5000000000000000e-01 -4.5000000000000001e-01 0.0000000000000000e+00)
    (2.5000000000000000e-01 -4.2999999999999999e-01 0.0000000000000000e+00)
    (2.5000000000000000e-01 -4.1000000000000003e-01 0.0000000000000000e+00)
    (2.5000000000000000e-01 -3.9000000000000001e-01 0.0000000000000000e+00)
    (2.5000000000000000e-01 -3.7000000000000000e-01 0.0000000000000000e+00)
    (2.5000000000000000e-01 -3.4999999999999998e-01 0.0000000000000000e+00)
    (2.5000000000000000e-01 -3.2999999999999996e-01 0.0000000000000000e+00)
    (2.5000000000000000e-01 -3.1000000000000000e-01 0.0000000000000000e+00)
    (2.5000000000000000e-01 -2.9000000000000004e-01 0.0000000000000000e+00)
    (2.5000000000000000e-01 -2.7000000000000002e-01 0.0000000000000000e+00)
    (2.5000000000000000e-01 -2.5000000000000000e-01 0.0000000000000000e+00)
    (2.5000000000000000e-01 -2.2999999999999998e-01 0.0000000000000000e+00)
    (2.5000000000000000e-01 -2.1000000000000002e-01 0.0000000000000000e+00)
    (2.5000000000000000e-01 -1.9000000000000000e-01 0.0000000000000000e+00)
    (2.5000000000000000e-01 -1.6999999999999998e-01 0.0000000000000000e+00)
    (2.5000000000000000e-01 -1.4999999999999997e-01 0.0000000000000000e+00)
    (2.5000000000000000e-01 -1.3000000000000000e-01 0.0000000000000000e+00)
    (2.5000000000000000e-01 -1.0999999999999999e-01 0.0000000000000000e+00)
    (2.5000000000000000e-01 -8.9999999999999969e-02 0.0000000000000000e+00)
    (2.5000000000000000e-01 -7.0000000000000007e-02 0.0000000000000000e+00)
    (2.5000000000000000e-01 -4.9999999999999989e-02 0.0000000000000000e+00)
    (2.5000000000000000e-01 -2.9999999999999971e-02 0.0000000000000000e+00)
    (2.5000000000000000e-01 -1.0000000000000009e-02 0.0000000000000000e+00)
    (2.5000000000000000e-01 1.0000000000000009e-02 0.0000000000000000e+00)
    (2.5000000000000000e-01 3.0000000000000027e-02 0.0000000000000000e+00)
    (2.5000000000000000e-01 5.0000000000000044e-02 0.0000000000000000e+00)
    (2.5000000000000000e-01 7.0000000000000062e-02 0.0000000000000000e+00)
    (2.5000000000000000e-01 8.9999999999999969e-02 0.0000000000000000e+00)
    (2.5000000000000000e-01 1.0999999999999999e-01 0.0000000000000000e+00)
    (2.5000000000000000e-01 1.3000000000000000e-01 0.0000000000000000e+00)
    (2.5000000000000000e-01 1.5000000000000002e-01 0.0000000000000000e+00)
    (2.5000000000000000e-01 1.7000000000000004e-01 0.0000000000000000e+00)
    (2.5000000000000000e-01 1.9000000000000006e-01 0.0000000000000000e+00)
    (2.5000000000000000e-01 2.0999999999999996e-01 0.0000000000000000e+00)
    (2.5000000000000000e-01 2.2999999999999998e-01 0.0000000000000000e+00)
    (2.5000000000000000e-01 2.5000000000000000e-01 0.0000000000000000e+00)
    (2.5000000000000000e-01 2.7000000000000002e-01 0.0000000000000000e+00)
    (2.5000000000000000e-01 2.9000000000000004e-01 0.0000000000000000e+00)
    (2.5000000000000000e-01 3.1000000000000005e-01 0.0000000000000000e+00)
    (2.5000000000000000e-01 3.3000000000000007e-01 0.0000000000000000e+00)
    (2.5000000000000000e-01 3.4999999999999998e-01 0.0000000000000000e+00)
    (2.5000000000000000e-01 3.7000000000000000e-01 0.0000000000000000e+00)
    (2.5000000000000000e-01 3.9000000000000001e-01 0.0000000000000000e+00)
    (2.5000000000000000e-01 4.1000000000000003e-01 0.0000000000000000e+00)
    (2.5000000000000000e-01 4.3000000000000005e-01 0.0000000000000000e+00)
    (2.5000000000000000e-01 4.5000000000000007e-01 0.0000000000000000e+00)
    (2.5000000000000000e-01 4.6999999999999997e-01 0.0000000000000000e+00)
    (2.5000000000000000e-01 4.8999999999999999e-01 0.0000000000000000e+00)
    (2.2999999999999998e-01 -4.8999999999999999e-01 0.0000000000000000e+00)
    (2.2999999999999998e-01 -4.6999999999999997e-01 0.0000000000000000e+00)
    (2.2999999999999998e-01 -4.5000000000000001e-01 0.0000000000000000e+00)
    (2.2999999999999998e-01 -4.2999999999999999e-01 0.0000000000000000e+00)
    (2.2999999999999998e-01 -4.1000000000000003e-01 0.0000000000000000e+00)
    (2.2999999999999998e-01 -3.9000000000000001e-01 0.0000000000000000e+00)
    (2.2999999999999998e-01 -3.7000000000000000e-01 0.0000000000000000e+00)
    (2.2999999999999998e-01 -3.4999999999999998e-01 0.0000000000000000e+00)
    (2.2999999999999998e-01 -3.2999999999999996e-01 0.0000000000000000e+00)
    (2.2999999999999998e-01 -3.1000000000000000e-01 0.0000000000000000e+00)
    (2.2999999999999998e-01 -2.9000000000000004e-01 0.0000000000000000e+00)
    (2.2999999999999998e-01 -2.7000000000000002e-01 0.0000000000000000e+00)
    (2.2999999999999998e-01 -2.5000000000000000e-01 0.0000000000000000e+00)
    (2.2999999999999998e-01 -2.2999999999999998e-01 0.0000000000000000e+00)
    (2.2999999999999998e-01 -2.1000000000000002e-01 0.0000000000000000e+00)
    (2.2999999999999998e-01 -1.9000000000000000e-01 0.0000000000000000e+00)
    (2.2999999999999998e-01 -1.6999999999999998e-01 0.0000000000000000e+00)
    (2.2999999999999998e-01 -1.4999999999999997e-01 0.0000000000000000e+00)
    (2.2999999999999998e-01 -1.3000000000000000e-01 0.0000000000000000e+00)
    (2.2999999999999998e-01 -1.0999999999999999e-01 0.0000000000000000e+00)
    (2.2999999999999998e-01 -8.9999999999999969e-02 0.0000000000000000e+00)
    (2.2999999999999998e-01 -7.0000000000000007e-02 0.0000000000000000e+00)
    (2.2999999999999998e-01 -4.9999999999999989e-02 0.0000000000000000e+00)
    (2.2999999999999998e-01 -2.9999999999999971e-02 0.0000000000000000e+00)
    (2.2999999999999998e-01 -1.0000000000000009e-02 0.0000000000000000e+00)
    (2.2999999999999998e-01 1.0000000000000009e-02 0.0000000000000000e+00)
    (2.2999999999999998e-01 3.0000000000000027e-02 0.0000000000000000e+00)
    (2.2999999999999998e-01 5.0000000000000044e-02 0.0000000000000000e+00)
    (2.2999999999999998e-01 7.0000000000000062e-02 0.0000000000000000e+00)
    (2.2999999999999998e-01 8.9999999999999969e-02 0.0000000000000000e+00)
    (2.2999999999999998e-01 1.0999999999999999e-01 0.0000000000000000e+00)
    (2.2999999999999998e-01 1.3000000000000000e-01 0.0000000000000000e+00)
    (2.2999999999999998e-01 1.5000000000000002e-01 0.0000000000000000e+00)
    (2.2999999999999998e-01 1.7000000000000004e-01 0.0000000000000000e+00)
    (2.2999999999999998e-01 1.9000000000000006e-01 0.0000000000000000e+00)
    (2.2999999999999998e-01 2.0999999999999996e-01 0.0000000000000000e+00)
    (2.2999999999999998e-01 2.2999999999999998e-01 0.0000000000000000e+00)
    (2.2999999999999998e-01 2.5000000000000000e-01 0.0000000000000000e+00)
    (2.2999999999999998e-01 2.7000000000000002e-01 0.0000000000000000e+00)
    (2.2999999999999998e-01 2.9000000000000004e-01 0.0000000000000000e+00)
    (2.2999999999999998e-01 3.1000000000000005e-01 0.0000000000000000e+00)
    (2.2999999999999998e-01 3.3000000000000007e-01 0.0000000000000000e+00)
    (2.2999999999999998e-01 3.4999999999999998e-01 0.0000000000000000e+00)
    (2.2999999999999998e-01 3.7000000000000000e-01 0.0000000000000000e+00)
    (2.2999999999999998e-01 3.9000000000000001e-01 0.0000000000000000e+00)
    (2.2999999999999998e-01 4.1000000000000003e-01 0.0000000000000000e+00)
    (2.2999999999999998e-01 4.3000000000000005e-01 0.0000000000000000e+00)
    (2.2999999999999998e-01 4.5000000000000007e-01 0.0000000000000000e+00)
    (2.2999999999999998e-01 4.6999999999999997e-01 0.0000000000000000e+00)
    (2.2999999999999998e-01 4.8999999999999999e-01 0.0000000000000000e+00)
    (2.1000000000000002e-01 -4.8999999999999999e-01 0.0000000000000000e+00)
    (2.1000000000000002e-01 -4.6999999999999997e-01 0.0000000000000000e+00)
    (2.1000000000000002e-01 -4.5000000000000001e-01 0.0000000000000000e+00)
    (2.1000000000000002e-01 -4.2999999999999999e-01 0.0000000000000000e+00)
    (2.1000000000000002e-01 -4.1000000000000003e-01 0.0000000000000000e+00)
    (2.1000000000000002e-01 -3.9000000000000001e-01 0.0000000000000000e+00)
    (2.1000000000000002e-01 -3.7000000000000000e-01 0.0000000000000000e+00)
    (2.1000000000000002e-01 -3.4999999999999998e-01 0.0000000000000000e+00)
    (2.1000000000000002e-01 -3.2999999999999996e-01 0.0000000000000000e+00)
    (2.1000000000000002e-01 -3.1000000000000000e-01 0.0000000000000000e+00)
    (2.1000000000000002e-01 -2.9000000000000004e-01 0.0000000000000000e+00)
    (2.1000000000000002e-01 -2.7000000000000002e-01 0.0000000000000000e+00)
    (2.1000000000000002e-01 -2.5000000000000000e-01 0.0000000000000000e+00)
    (2.1000000000000002e-01 -2.2999999999999998e-01 0.0000000000000000e+00)
    (2.1000000000000002e-01 -2.1000000000000002e-01 0.0000000000000000e+00)
    (2.1000000000000002e-01 -1.9000000000000000e-01 0.0000000000000000e+00)
    (2.1000000000000002e-01 -1.6999999999999998e-01 0.0000000000000000e+00)
    (2.1000000000000002e-01 -1.4999999999999997e-01 0.0000000000000000e+00)
    (2.1000000000000002e-01 -1.3000000000000000e-01 0.0000000000000000e+00)
    (2.1000000000000002e-01 -1.0999999999999999e-01 0.0000000000000000e+00)
    (2.1000000000000002e-01 -8.9999999999999969e-02 0.0000000000000000e+00)
    (2.1000000000000002e-01 -7.0000000000000007e-02 0.0000000000000000e+00)
    (2.1000000000000002e-01 -4.9999999999999989e-02 0.0000000000000000e+00)
    (2.1000000000000002e-01 -2.9999999999999971e-02 0.0000000000000000e+00)
    (2.1000000000000002e-01 -1.0000000000000009e-02 0.0000000000000000e+00)
    (2.1000000000000002e-01 1.0000000000000009e-02 0.0000000000000000e+00)
    (2.1000000000000002e-01 3.0000000000000027e-02 0.0000000000000000e+00)
    (2.1000000000000002e-01 5.0000000000000044e-02 0.0000000000000000e+00)
    (2.1000000000000002e-01 7.0000000000000062e-02 0.0000000000000000e+00)
    (2.1000000000000002e-01 8.9999999999999969e-02 0.0000000000000000e+00)
    (2.1000000000000002e-01 1.0999999999999999e-01 0.0000000000000000e+00)
    (2.1000000000000002e-01 1.3000000000000000e-01 0.0000000000000000e+00)
    (2.1000000000000002e-01 1.5000000000000002e-01 0.0000000000000000e+00)
    (2.1000000000000002e-01 1.7000000000000004e-01 0.0000000000000000e+00)
    (2.1000000000000002e-01 1.9000000000000006e-01 0.0000000000000000e+00)
    (2.1000000000000002e-01 2.0999999999999996e-01 0.0000000000000000e+00)
    (2.1000000000000002e-01 2.2999999999999998e-01 0.0000000000000000e+00)
    (2.1000000000000002e-01 2.5000000000000000e-01 0.0000000000000000e+00)
    (2.1000000000000002e-01 2.7000000000000002e-01 0.0000000000000000e+00)
    (2.1000000000000002e-01 2.9000000000000004e-01 0.0000000000000000e+00)
    (2.1000000000000002e-01 3.1000000000000005e-01 0.0000000000000000e+00)
    (2.1000000000000002e-01 3.3000000000000007e-01 0.0000000000000000e+00)
    (2.1000000000000002e-01 3.4999999999999998e-01 0.0000000000000000e+00)
    (2.1000000000000002e-01 3.7000000000000000e-01 0.0000000000000000e+00)
    (2.1000000000000002e-01 3.9000000000000001e-01 0.0000000000000000e+00)
    (2.1000000000000002e-01 4.1000000000000003e-01 0.0000000000000000e+00)
    (2.1000000000000002e-01 4.3000000000000005e-01 0.0000000000000000e+00)
    (2.1000000000000002e-01 4.5000000000000007e-01 0.0000000000000000e+00)
    (2.1000000000000002e-01 4.6999999999999997e-01 0.0000000000000000e+00)
    (2.1000000000000002e-01 4.8999999999999999e-01 0.0000000000000000e+00)
    (1.9000000000000000e-01 -4.8999999999999999e-01 0.0000000000000000e+00)
    (1.9000000000000000e-01 -4.6999999999999997e-01 0.0000000000000000e+00)
    (1.9000000000000000e-01 -4.5000000000000001e-01 0.0000000000000000e+00)
    (1.9000000000000000e-01 -4.2999999999999999e-01 0.0000000000000000e+00)
    (1.9000000000000000e-01 -4.1000000000000003e-01 0.0000000000000000e+00)
    (1.9000000000000000e-01 -3.9000000000000001e-01 0.0000000000000000e+00)
    (1.9000000000000000e-01 -3.7000000000000000e-01 0.0000000000000000e+00)
    (1.9000000000000000e-01 -3.4999999999999998e-01 0.0000000000000000e+00)
    (1.9000000000000000e-01 -3.2999999999999996e-01 0.0000000000000000e+00)
    (1.9000000000000000e-01 -3.1000000000000000e-01 0.0000000000000000e+00)
    (1.9000000000000000e-01 -2.9000000000000004e-01 0.0000000000000000e+00)
    (1.9000000000000000e-01 -2.7000000000000002e-01 0.0000000000000000e+00)
    (1.9000000000000000e-01 -2.5000000000000000e-01 0.0000000000000000e+00)
    (1.9000000000000000e-01 -2.2999999999999998e-01 0.0000000000000000e+00)
    (1.9000000000000000e-01 -2.1000000000000002e-01 0.0000000000000000e+00)
    (1.9000000000000000e-01 -1.9000000000000000e-01 0.0000000000000000e+00)
    (1.9000000000000000e-01 -1.6999999999999998e-01 0.0000000000000000e+00)
    (1.9000000000000000e-01 -1.4999999999999997e-01 0.0000000000000000e+00)
    (1.9000000000000000e-01 -1.3000000000000000e-01 0.0000000000000000e+00)
    (1.9000000000000000e-01 -1.0999999999999999e-01 0.0000000000000000e+00)
    (1.9000000000000000e-01 -8.9999999999999969e-02 0.0000000000000000e+00)
    (1.9000000000000000e-01 -7.0000000000000007e-02 0.0000000000000000e+00)
    (1.9000000000000000e-01 -4.9999999999999989e-02 0.0000000000000000e+00)
    (1.9000000000000000e-01 -2.9999999999999971e-02 0.0000000000000000e+00)
    (1.9000000000000000e-01 -1.0000000000000009e-02 0.0000000000000000e+00)
    (1.9000000000000000e-01 1.0000000000000009e-02 0.0000000000000000e+00)
    (1.9000000000000000e-01 3.0000000000000027e-02 0.0000000000000000e+00)
    (1.9000000000000000e-01 5.0000000000000044e-02 0.0000000000000000e+00)
    (1.9000000000000000e-01 7.0000000000000062e-02 0.0000000000000000e+00)
    (1.9000000000000000e-01 8.9999999999999969e-02 0.0000000000000000e+00)
    (1.9000000000000000e-01 1.0999999999999999e-01 0.0000000000000000e+00)
    (1.9000000000000000e-01 1.3000000000000000e-01 0.0000000000000000e+00)
    (1.9000000000000000e-01 1.5000000000000002e-01 0.0000000000000000e+00)
    (1.9000000000000000e-01 1.7000000000000004e-01 0.0000000000000000e+00)
    (1.9000000000000000e-01 1.9000000000000006e-01 0.0000000000000000e+00)
    (1.9000000000000000e-01 2.0999999999999996e-01 0.0000000000000000e+00)
    (1.9000000000000000e-01 2.2999999999999998e-01 0.0000000000000000e+00)
    (1.9000000000000000e-01 2.5000000000000000e-01 0.0000000000000000e+00)
    (1.9000000000000000e-01 2.7000000000000002e-01 0.0000000000000000e+00)
    (1.9000000000000000e-01 2.9000000000000004e-01 0.0000000000000000e+00)
    (1.9000000000000000e-01 3.1000000000000005e-01 0.0000000000000000e+00)
    (1.9000000000000000e-01 3.3000000000000007e-01 0.0000000000000000e+00)
    (1.9000000000000000e-01 3.4999999999999998e-01 0.0000000000000000e+00)
    (1.9000000000000000e-01 3.7000000000000000e-01 0.0000000000000000e+00)
    (1.9000000000000000e-01 3.9000000000000001e-01 0.0000000000000000e+00)
    (1.9000000000000000e-01 4.1000000000000003e-01 0.0000000000000000e+00)
    (1.9000000000000000e-01 4.3000000000000005e-01 0.0000000000000000e+00)
    (1.9000000000000000e-01 4.5000000000000007e-01 0.0000000000000000e+00)
    (1.9000000000000000e-01 4.6999999999999997e-01 0.0000000000000000e+00)
    (1.9000000000000000e-01 4.8999999999999999e-01 0.0000000000000000e+00)
    (1.6999999999999998e-01 -4.8999999999999999e-01 0.0000000000000000e+00)
    (1.6999999999999998e-01 -4.6999999999999997e-01 0.0000000000000000e+00)
    (1.6999999999999998e-01 -4.5000000000000001e-01 0.0000000000000000e+00)
    (1.6999999999999998e-01 -4.2999999999999999e-01 0.0000000000000000e+00)
    (1.6999999999999998e-01 -4.1000000000000003e-01 0.0000000000000000e+00)
    (1.6999999999999998e-01 -3.9000000000000001e-01 0.0000000000000000e+00)
    (1.6999999999999998e-01 -3.7000000000000000e-01 0.0000000000000000e+00)
    (1.6999999999999998e-01 -3.4999999999999998e-01 0.0000000000000000e+00)
    (1.6999999999999998e-01 -3.2999999999999996e-01 0.0000000000000000e+00)
    (1.6999999999999998e-01 -3.1000000000000000e-01 0.0000000000000000e+00)
    (1.6999999999999998e-01 -2.9000000000000004e-01 0.0000000000000000e+00)
    (1.6999999999999998e-01 -2.7000000000000002e-01 0.0000000000000000e+00)
    (1.6999999999999998e-01 -2.5000000000000000e-01 0.0000000000000000e+00)
    (1.6999999999999998e-01 -2.2999999999999998e-01 0.0000000000000000e+00)
    (1.6999999999999998e-01 -2.1000000000000002e-01 0.0000000000000000e+00)
    (1.6999999999999998e-01 -1.9000000000000000e-01 0.0000000000000000e+00)
    (1.6999999999999998e-01 -1.6999999999999998e-01 0.0000000000000000e+00)
    (1.6999999999999998e-01 -1.4999999999999997e-01 0.0000000000000000e+00)
    (1.6999999999999998e-01 -1.3000000000000000e-01 0.0000000000000000e+00)
    (1.6999999999999998e-01 -1.0999999999999999e-01 0.0000000000000000e+00)
    (1.6999999999999998e-01 -8.9999999999999969e-02 0.0000000000000000e+00)
    (1.6999999999999998e-01 -7.0000000000000007e-02 0.0000000000000000e+00)
    (1.6999999999999998e-01 -4.9999999999999989e-02 0.0000000000000000e+00)
    (1.6999999999999998e-01 -2.9999999999999971e-02 0.0000000000000000e+00)
    (1.6999999999999998e-01 -1.0000000000000009e-02 0.0000000000000000e+00)
    (1.6999999999999998e-01 1.0000000000000009e-02 0.0000000000000000e+00)
    (1.6999999999999998e-01 3.0000000000000027e-02 0.0000000000000000e+00)
    (1.6999999999999998e-01 5.0000000000000044e-02 0.0000000000000000e+00)
    (1.6999999999999998e-01 7.0000000000000062e-02 0.0000000000000000e+00)
    (1.6999999999999998e-01 8.9999999999999969e-02 0.0000000000000000e+00)
    (1.6999999999999998e-01 1.0999999999999999e-01 0.0000000000000000e+00)
    (1.6999999999999998e-01 1.3000000000000000e-01 0.0000000000000000e+00)
    (1.6999999999999998e-01 1.5000000000000002e-01 0.0000000000000000e+00)
    (1.6999999999999998e-01 1.7000000000000004e-01 0.0000000000000000e+00)
    (1.6999999999999998e-01 1.9000000000000006e-01 0.0000000000000000e+00)
    (1.6999999999999998e-01 2.0999999999999996e-01 0.0000000000000000e+00)
    (1.6999999999999998e-01 2.2999999999999998e-01 0.0000000000000000e+00)
    (1.6999999999999998e-01 2.5000000000000000e-01 0.0000000000000000e+00)
    (1.6999999999999998e-01 2.7000000000000002e-01 0.0000000000000000e+00)
    (1.6999999999999998e-01 2.9000000000000004e-01 0.0000000000000000e+00)
    (1.6999999999999998e-01 3.1000000000000005e-01 0.0000000000000000e+00)
    (1.6999999999999998e-01 3.3000000000000007e-01 0.0000000000000000e+00)
    (1.6999999999999998e-01 3.4999999999999998e-01 0.0000000000000000e+00)
    (1.6999999999999998e-01 3.7000000000000000e-01 0.0000000000000000e+00)
    (1.6999999999999998e-01 3.9000000000000001e-01 0.0000000000000000e+00)
    (1.6999999999999998e-01 4.1000000000000003e-01 0.0000000000000000e+00)
    (1.6999999999999998e-01 4.3000000000000005e-01 0.0000000000000000e+00)
    (1.6999999999999998e-01 4.5000000000000007e-01 0.0000000000000000e+00)
    (1.6999999999999998e-01 4.6999999999999997e-01 0.0000000000000000e+00)
    (1.6999999999999998e-01 4.8999999999999999e-01 0.0000000000000000e+00)
    (1.4999999999999997e-01 -4.8999999999999999e-01 0.0000000000000000e+00)
    (1.4999999999999997e-01 -4.6999999999999997e-01 0.0000000000000000e+00)
    (1.4999999999999997e-01 -4.5000000000000001e-01 0.0000000000000000e+00)
    (1.4999999999999997e-01 -4.2999999999999999e-01 0.0000000000000000e+00)
    (1.4999999999999997e-01 -4.1000000000000003e-01 0.0000000000000000e+00)
    (1.4999999999999997e-01 -3.9000000000000001e-01 0.0000000000000000e+00)
    (1.4999999999999997e-01 -3.7000000000000000e-01 0.0000000000000000e+00)
    (1.4999999999999997e-01 -3.4999999999999998e-01 0.0000000000000000e+00)
    (1.4999999999999997e-01 -3.2999999999999996e-01 0.0000000000000000e+00)
    (1.4999999999999997e-01 -3.1000000000000000e-01 0.0000000000000000e+00)
    (1.4999999999999997e-01 -2.9000000000000004e-01 0.0000000000000000e+00)
    (1.4999999999999997e-01 -2.7000000000000002e-01 0.0000000000000000e+00)
    (1.4999999999999997e-01 -2.5000000000000000e-01 0.0000000000000000e+00)
    (1.4999999999999997e-01 -2.2999999999999998e-01 0.0000000000000000e+00)
    (1.4999999999999997e-01 -2.1000000000000002e-01 0.0000000000000000e+00)
    (1.4999999999999997e-01 -1.9000000000000000e-01 0.0000000000000000e+00)
    (1.4999999999999997e-01 -1.6999999999999998e-01 0.0000000000000000e+00)
    (1.4999999999999997e-01 -1.4999999999999997e-01 0.0000000000000000e+00)
    (1.4999999999999997e-01 -1.3000000000000000e-01 0.0000000000000000e+00)
    (1.4999999999999997e-01 -1.0999999999999999e-01 0.0000000000000000e+00)
    (1.4999999999999997e-01 -8.9999999999999969e-02 0.0000000000000000e+00)
    (1.4999999999999997e-01 -7.0000000000000007e-02 0.0000000000000000e+00)
    (1.4999999999999997e-01 -4.9999999999999989e-02 0.0000000000000000e+00)
    (1.4999999999999997e-01 -2.9999999999999971e-02 0.0000000000000000e+00)
    (1.4999999999999997e-01 -1.0000000000000009e-02 0.0000000000000000e+00)
    (1.4999999999999997e-01 1.0000000000000009e-02 0.0000000000000000e+00)
    (1.4999999999999997e-01 3.0000000000000027e-02 0.0000000000000000e+00)
    (1.4999999999999997e-01 5.0000000000000044e-02 0.0000000000000000e+00)
    (1.4999999999999997e-01 7.0000000000000062e-02 0.0000000000000000e+00)
    (1.4999999999999997e-01 8.9999999999999969e-02 0.0000000000000000e+00)
    (1.4999999999999997e-01 1.0999999999999999e-01 0.0000000000000000e+00)
    (1.4999999999999997e-01 1.3000000000000000e-01 0.0000000000000000e+00)
    (1.4999999999999997e-01 1.5000000000000002e-01 0.0000000000000000e+00)
    (1.4999999999999997e-01 1.7000000000000004e-01 0.0000000000000000e+00)
    (1.4999999999999997e-01 1.9000000000000006e-01 0.0000000000000000e+00)
    (1.4999999999999997e-01 2.0999999999999996e-01 0.0000000000000000e+00)
    (1.4999999999999997e-01 2.2999999999999998e-01 0.0000000000000000e+00)
    (1.4999999999999997e-01 2.5000000000000000e-01 0.0000000000000000e+00)
    (1.4999999999999997e-01 2.7000000000000002e-01 0.0000000000000000e+00)
    (1.4999999999999997e-01 2.9000000000000004e-01 0.0000000000000000e+00)
    (1.4999999999999997e-01 3.1000000000000005e-01 0.0000000000000000e+00)
    (1.4999999999999997e-01 3.3000000000000007e-01 0.0000000000000000e+00)
    (1.4999999999999997e-01 3.4999999999999998e-01 0.0000000000000000e+00)
    (1.4999999999999997e-01 3.7000000000000000e-01 0.0000000000000000e+00)
    (1.4999999999999997e-01 3.9000000000000001e-01 0.0000000000000000e+00)
    (1.4999999999999997e-01 4.1000000000000003e-01 0.0000000000000000e+00)
    (1.4999999999999997e-01 4.3000000000000005e-01 0.0000000000000000e+00)
    (1.4999999999999997e-01 4.5000000000000007e-01 0.0000000000000000e+00)
    (1.4999999999999997e-01 4.6999999999999997e-01 0.0000000000000000e+00)
    (1.4999999999999997e-01 4.8999999999999999e-01 0.0000000000000000e+00)
    (1.3000000000000000e-01 -4.8999999999999999e-01 0.0000000000000000e+00)
    (1.3000000000000000e-01 -4.6999999999999997e-01 0.0000000000000000e+00)
    (1.3000000000000000e-01 -4.5000000000000001e-01 0.0000000000000000e+00)
    (1.3000000000000000e-01 -4.2999999999999999e-01 0.0000000000000000e+00)
    (1.3000000000000000e-01 -4.1000000000000003e-01 0.0000000000000000e+00)
    (1.3000000000000000e-01 -3.9000000000000001e-01 0.0000000000000000e+00)
    (1.3000000000000000e-01 -3.7000000000000000e-01 0.0000000000000000e+00)
    (1.3000000000000000e-01 -3.4999999999999998e-01 0.0000000000000000e+00)
    (1.3000000000000000e-01 -3.2999999999999996e-01 0.0000000000000000e+00)
    (1.3000000000000000e-01 -3.1000000000000000e-01 0.0000000000000000e+00)
    (1.3000000000000000e-01 -2.9000000000000004e-01 0.0000000000000000e+00)
    (1.3000000000000000e-01 -2.7000000000000002e-01 0.0000000000000000e+00)
    (1.3000000000000000e-01 -2.5000000000000000e-01 0.0000000000000000e+00)
    (1.3000000000000000e-01 -2.2999999999999998e-01 0.0000000000000000e+00)
    (1.3000000000000000e-01 -2.1000000000000002e-01 0.0000000000000000e+00)
    (1.3000000000000000e-01 -1.9000000000000000e-01 0.0000000000000000e+00)
    (1.3000000000000000e-01 -1.6999999999999998e-01 0.0000000000000000e+00)
    (1.3000000000000000e-01 -1.4999999999999997e-01 0.0000000000000000e+00)
    (1.3000000000000000e-01 -1.3000000000000000e-01 0.0000000000000000e+00)
    (1.3000000000000000e-01 -1.0999999999999999e-01 0.0000000000000000e+00)
    (1.3000000000000000e-01 -8.9999999999999969e-02 0.0000000000000000e+00)
    (1.3000000000000000e-01 -7.0000000000000007e-02 0.0000000000000000e+00)
    (1.3000000000000000e-01 -4.9999999999999989e-02 0.0000000000000000e+00)
    (1.3000000000000000e-01 -2.9999999999999971e-02 0.0000000000000000e+00)
    (1.3000000000000000e-01 -1.0000000000000009e-02 0.0000000000000000e+00)
    (1.3000000000000000e-01 1.0000000000000009e-02 0.0000000000000000e+00)
    (1.3000000000000000e-01 3.0000000000000027e-02 0.0000000000000000e+00)
    (1.3000000000000000e-01 5.0000000000000044e-02 0.0000000000000000e+00)
    (1.3000000000000000e-01 7.0000000000000062e-02 0.0000000000000000e+00)
    (1.3000000000000000e-01 8.9999999999999969e-02 0.0000000000000000e+00)
    (1.3000000000000000e-01 1.0999999999999999e-01 0.0000000000000000e+00)
    (1.3000000000000000e-01 1.3000000000000000e-01 0.0000000000000000e+00)
    (1.3000000000000000e-01 1.5000000000000002e-01 0.0000000000000000e+00)
    (1.3000000000000000e-01 1.7000000000000004e-01 0.0000000000000000e+00)
    (1.3000000000000000e-01 1.9000000000000006e-01 0.0000000000000000e+00)
    (1.3000000000000000e-01 2.0999999999999996e-01 0.0000000000000000e+00)
    (1.3000000000000000e-01 2.2999999999999998e-01 0.0000000000000000e+00)
    (1.3000000000000000e-01 2.5000000000000000e-01 0.0000000000000000e+00)
    (1.3000000000000000e-01 2.7000000000000002e-01 0.0000000000000000e+00)
    (1.3000000000000000e-01 2.9000000000000004e-01 0.0000000000000000e+00)
    (1.3000000000000000e-01 3.1000000000000005e-01 0.0000000000000000e+00)
    (1.3000000000000000e-01 3.3000000000000007e-01 0.0000000000000000e+00)
    (1.3000000000000000e-01 3.4999999999999998e-01 0.0000000000000000e+00)
    (1.3000000000000000e-01 3.7000000000000000e-01 0.0000000000000000e+00)
    (1.3000000000000000e-01 3.9000000000000001e-01 0.0000000000000000e+00)
    (1.3000000000000000e-01 4.1000000000000003e-01 0.0000000000000000e+00)
    (1.3000000000000000e-01 4.3000000000000005e-01 0.0000000000000000e+00)
    (1.3000000000000000e-01 4.5000000000000007e-01 0.0000000000000000e+00)
    (1.3000000000000000e-01 4.6999999999999997e-01 0.0000000000000000e+00)
    (1.3000000000000000e-01 4.8999999999999999e-01 0.0000000000000000e+00)
    (1.0999999999999999e-01 -4.8999999999999999e-01 0.0000000000000000e+00)
    (1.0999999999999999e-01 -4.6999999999999997e-01 0.0000000000000000e+00)
    (1.0999999999999999e-01 -4.5000000000000001e-01 0.0000000000000000e+00)
    (1.0999999999999999e-01 -4.2999999999999999e-01 0.0000000000000000e+00)
    (1.0999999999999999e-01 -4.1000000000000003e-01 0.0000000000000000e+00)
    (1.0999999999999999e-01 -3.9000000000000001e-01 0.0000000000000000e+00)
    (1.0999999999999999e-01 -3.7000000000000000e-01 0.0000000000000000e+00)
    (1.0999999999999999e-01 -3.4999999999999998e-01 0.0000000000000000e+00)
    (1.0999999999999999e-01 -3.2999999999999996e-01 0.0000000000000000e+00)
    (1.0999999999999999e-01 -3.1000000000000000e-01 0.0000000000000000e+00)
    (1.0999999999999999e-01 -2.9000000000000004e-01 0.0000000000000000e+00)
    (1.0999999999999999e-01 -2.7000000000000002e-01 0.0000000000000000e+00)
    (1.0999999999999999e-01 -2.5000000000000000e-01 0.0000000000000000e+00)
    (1.0999999999999999e-01 -2.2999999999999998e-01 0.0000000000000000e+00)
    (1.0999999999999999e-01 -2.1000000000000002e-01 0.0000000000000000e+00)
    (1.0999999999999999e-01 -1.9000000000000000e-01 0.0000000000000000e+00)
    (1.0999999999999999e-01 -1.6999999999999998e-01 0.0000000000000000e+00)
    (1.0999999999999999e-01 -1.4999999999999997e-01 0.0000000000000000e+00)
    (1.0999999999999999e-01 -1.3000000000000000e-01 0.0000000000000000e+00)
    (1.0999999999999999e-01 -1.0999999999999999e-01 0.0000000000000000e+00)
    (1.0999999999999999e-01 -8.9999999999999969e-02 0.0000000000000000e+00)
    (1.0999999999999999e-01 -7.0000000000000007e-02 0.0000000000000000e+00)
    (1.0999999999999999e-01 -4.9999999999999989e-02 0.0000000000000000e+00)
    (1.0999999999999999e-01 -2.9999999999999971e-02 0.0000000000000000e+00)
    (1.0999999999999999e-01 -1.0000000000000009e-02 0.0000000000000000e+00)
    (1.0999999999999999e-01 1.0000000000000009e-02 0.0000000000000000e+00)
    (1.0999999999999999e-01 3.0000000000000027e-02 0.0000000000000000e+00)
    (1.0999999999999999e-01 5.0000000000000044e-02 0.0000000000000000e+00)
    (1.0999999999999999e-01 7.0000000000000062e-02 0.0000000000000000e+00)
    (1.0999999999999999e-01 8.9999999999999969e-02 0.0000000000000000e+00)
    (1.0999999999999999e-01 1.0999999999999999e-01 0.0000000000000000e+00)
    (1.0999999999999999e-01 1.3000000000000000e-01 0.0000000000000000e+00)
    (1.0999999999999999e-01 1.5000000000000002e-01 0.0000000000000000e+00)
    (1.0999999999999999e-01 1.7000000000000004e-01 0.0000000000000000e+00)
    (1.0999999999999999e-01 1.9000000000000006e-01 0.0000000000000000e+00)
    (1.0999999999999999e-01 2.0999999999999996e-01 0.0000000000000000e+00)
    (1.0999999999999999e-01 2.2999999999999998e-01 0.0000000000000000e+00)
    (1.0999999999999999e-01 2.5000000000000000e-01 0.0000000000000000e+00)
    (1.0999999999999999e-01 2.7000000000000002e-01 0.0000000000000000e+00)
    (1.0999999999999999e-01 2.9000000000000004e-01 0.0000000000000000e+00)
    (1.0999999999999999e-01 3.1000000000000005e-01 0.0000000000000000e+00)
    (1.0999999999999999e-01 3.3000000000000007e-01 0.0000000000000000e+00)
    (1.0999999999999999e-01 3.4999999999999998e-01 0.0000000000000000e+00)
    (1.0999999999999999e-01 3.7000000000000000e-01 0.0000000000000000e+00)
    (1.0999999999999999e-01 3.9000000000000001e-01 0.0000000000000000e+00)
    (1.0999999999999999e-01 4.1000000000000003e-01 0.0000000000000000e+00)
    (1.0999999999999999e-01 4.3000000000000005e-01 0.0000000000000000e+00)
    (1.0999999999999999e-01 4.5000000000000007e-01 0.0000000000000000e+00)
    (1.0999999999999999e-01 4.6999999999999997e-01 0.0000000000000000e+00)
    (1.0999999999999999e-01 4.8999999999999999e-01 0.0000000000000000e+00)
    (8.9999999999999969e-02 -4.8999999999999999e-01 0.0000000000000000e+00)
    (8.9999999999999969e-02 -4.6999999999999997e-01 0.0000000000000000e+00)
    (8.9999999999999969e-02 -4.5000000000000001e-01 0.0000000000000000e+00)
    (8.9999999999999969e-02 -4.2999999999999999e-01 0.0000000000000000e+00)
    (8.9999999999999969e-02 -4.1000000000000003e-01 0.0000000000000000e+00)
    (8.9999999999999969e-02 -3.9000000000000001e-01 0.0000000000000000e+00)
    (8.9999999999999969e-02 -3.7000000000000000e-01 0.0000000000000000e+00)
    (8.9999999999999969e-02 -3.4999999999999998e-01 0.0000000000000000e+00)
    (8.9999999999999969e-02 -3.2999999999999996e-01 0.0000000000000000e+00)
    (8.9999999999999969e-02 -3.1000000000000000e-01 0.0000000000000000e+00)
    (8.9999999999999969e-02 -2.9000000000000004e-01 0.0000000000000000e+00)
    (8.9999999999999969e-02 -2.7000000000000002e-01 0.0000000000000000e+00)
    (8.9999999999999969e-02 -2.5000000000000000e-01 0.0000000000000000e+00)
    (8.9999999999999969e-02 -2.2999999999999998e-01 0.0000000000000000e+00)
    (8.9999999999999969e-02 -2.1000000000000002e-01 0.0000000000000000e+00)
    (8.9999999999999969e-02 -1.9000000000000000e-01 0.0000000000000000e+00)
    (8.9999999999999969e-02 -1.6999999999999998e-01 0.0000000000000000e+00)
    (8.9999999999999969e-02 -1.4999999999999997e-01 0.0000000000000000e+00)
    (8.9999999999999969e-02 -1.3000000000000000e-01 0.0000000000000000e+00)
    (8.9999999999999969e-02 -1.0999999999999999e-01 0.0000000000000000e+00)
    (8.9999999999999969e-02 -8.9999999999999969e-02 0.0000000000000000e+00)
    (8.9999999999999969e-02 -7.0000000000000007e-02 0.0000000000000000e+00)
    (8.9999999999999969e-02 -4.9999999999999989e-02 0.0000000000000000e+00)
    (8.9999999999999969e-02 -2.9999999999999971e-02 0.0000000000000000e+00)
    (8.9999999999999969e-02 -1.0000000000000009e-02 0.0000000000000000e+00)
    (8.9999999999999969e-02 1.0000000000000009e-02 0.0000000000000000e+00)
    (8.9999999999999969e-02 3.0000000000000027e-02 0.0000000000000000e+00)
    (8.9999999999999969e-02 5.0000000000000044e-02 0.0000000000000000e+00)
    (8.9999999999999969e-02 7.0000000000000062e-02 0.0000000000000000e+00)
    (8.9999999999999969e-02 8.9999999999999969e-02 0.0000000000000000e+00)
    (8.9999999999999969e-02 1.0999999999999999e-01 0.0000000000000000e+00)
    (8.9999999999999969e-02 1.3000000000000000e-01 0.0000000000000000e+00)
    (8.9999999999999969e-02 1.5000000000000002e-01 0.0000000000000000e+00)
    (8.9999999999999969e-02 1.7000000000000004e-01 0.0000000000000000e+00)
    (8.9999999999999969e-02 1.9000000000000006e-01 0.0000000000000000e+00)
    (8.9999999999999969e-02 2.0999999999999996e-01 0.0000000000000000e+00)
    (8.9999999999999969e-02 2.2999999999999998e-01 0.0000000000000000e+00)
    (8.9999999999999969e-02 2.5000000000000000e-01 0.0000000000000000e+00)
    (8.9999999999999969e-02 2.7000000000000002e-01 0.0000000000000000e+00)
    (8.9999999999999969e-02 2.9000000000000004e-01 0.0000000000000000e+00)
    (8.9999999999999969e-02 3.1000000000000005e-01 0.0000000000000000e+00)
    (8.9999999999999969e-02 3.3000000000000007e-01 0.0000000000000000e+00)
    (8.9999999999999969e-02 3.4999999999999998e-01 0.0000000000000000e+00)
    (8.9999999999999969e-02 3.7000000000000000e-01 0.0000000000000000e+00)
    (8.9999999999999969e-02 3.9000000000000001e-01 0.0000000000000000e+00)
    (8.9999999999999969e-02 4.1000000000000003e-01 0.0000000000000000e+00)
    (8.9999999999999969e-02 4.3000000000000005e-01 0.0000000000000000e+00)
    (8.9999999999999969e-02 4.5000000000000007e-01 0.0000000000000000e+00)
    (8.9999999999999969e-02 4.6999999999999997e-01 0.0000000000000000e+00)
    (8.9999999999999969e-02 4.8999999999999999e-01 0.0000000000000000e+00)
    (7.0000000000000007e-02 -4.8999999999999999e-01 0.0000000000000000e+00)
    (7.0000000000000007e-02 -4.6999999999999997e-01 0.0000000000000000e+00)
    (7.0000000000000007e-02 -4.5000000000000001e-01 0.0000000000000000e+00)
    (7.0000000000000007e-02 -4.2999999999999999e-01 0.0000000000000000e+00)
    (7.0000000000000007e-02 -4.1000000000000003e-01 0.0000000000000000e+00)
    (7.0000000000000007e-02 -3.9000000000000001e-01 0.0000000000000000e+00)
    (7.0000000000000007e-02 -3.7000000000000000e-01 0.0000000000000000e+00)
    (7.0000000000000007e-02 -3.4999999999999998e-01 0.0000000000000000e+00)
    (7.0000000000000007e-02 -3.2999999999999996e-01 0.0000000000000000e+00)
    (7.0000000000000007e-02 -3.1000000000000000e-01 0.0000000000000000e+00)
    (7.0000000000000007e-02 -2.9000000000000004e-01 0.0000000000000000e+00)
    (7.0000000000000007e-02 -2.7000000000000002e-01 0.0000000000000000e+00)
    (7.0000000000000007e-02 -2.5000000000000000e-01 0.0000000000000000e+00)
    (7.0000000000000007e-02 -2.2999999999999998e-01 0.0000000000000000e+00)
    (7.0000000000000007e-02 -2.1000000000000002e-01 0.0000000000000000e+00)
    (7.0000000000000007e-02 -1.9000000000000000e-01 0.0000000000000000e+00)
    (7.0000000000000007e-02 -1.6999999999999998e-01 0.0000000000000000e+00)
    (7.0000000000000007e-02 -1.4999999999999997e-01 0.0000000000000000e+00)
    (7.0000000000000007e-02 -1.3000000000000000e-01 0.0000000000000000e+00)
    (7.0000000000000007e-02 -1.0999999999999999e-01 0.0000000000000000e+00)
    (7.0000000000000007e-02 -8.9999999999999969e-02 0.0000000000000000e+00)
    (7.0000000000000007e-02 -7.0000000000000007e-02 0.0000000000000000e+00)
    (7.0000000000000007e-02 -4.9999999999999989e-02 0.0000000000000000e+00)
    (7.0000000000000007e-02 -2.9999999999999971e-02 0.0000000000000000e+00)
    (7.0000000000000007e-02 -1.0000000000000009e-02 0.0000000000000000e+00)
    (7.0000000000000007e-02 1.0000000000000009e-02 0.0000000000000000e+00)
    (7.0000000000000007e-02 3.0000000000000027e-02 0.0000000000000000e+00)
    (7.0000000000000007e-02 5.0000000000000044e-02 0.0000000000000000e+00)
    (7.0000000000000007e-02 7.0000000000000062e-02 0.0000000000000000e+00)
    (7.0000000000000007e-02 8.9999999999999969e-02 0.0000000000000000e+00)
    (7.0000000000000007e-02 1.0999999999999999e-01 0.0000000000000000e+00)
    (7.0000000000000007e-02 1.3000000000000000e-01 0.0000000000000000e+00)
    (7.0000000000000007e-02 1.5000000000000002e-01 0.0000000000000000e+00)
    (7.0000000000000007e-02 1.7000000000000004e-01 0.0000000000000000e+00)
    (7.0000000000000007e-02 1.9000000000000006e-01 0.0000000000000000e+00)
    (7.0000000000000007e-02 2.0999999999999996e-01 0.0000000000000000e+00)
    (7.0000000000000007e-02 2.2999999999999998e-01 0.0000000000000000e+00)
    (7.0000000000000007e-02 2.5000000000000000e-01 0.0000000000000000e+00)
    (7.0000000000000007e-02 2.7000000000000002e-01 0.0000000000000000e+00)
    (7.0000000000000007e-02 2.9000000000000004e-01 0.0000000000000000e+00)
    (7.0000000000000007e-02 3.1000000000000005e-01 0.0000000000000000e+00)
    (7.0000000000000007e-02 3.3000000000000007e-01 0.0000000000000000e+00)
    (7.0000000000000007e-02 3.4999999999999998e-01 0.0000000000000000e+00)
    (7.0000000000000007e-02 3.7000000000000000e-01 0.0000000000000000e+00)
    (7.0000000000000007e-02 3.9000000000000001e-01 0.0000000000000000e+00)
    (7.0000000000000007e-02 4.1000000000000003e-01 0.0000000000000000e+00)
    (7.0000000000000007e-02 4.3000000000000005e-01 0.0000000000000000e+00)
    (7.0000000000000007e-02 4.5000000000000007e-01 0.0000000000000000e+00)
    (7.0000000000000007e-02 4.6999999999999997e-01 0.0000000000000000e+00)
    (7.0000000000000007e-02 4.8999999999999999e-01 0.0000000000000000e+00)
    (4.9999999999999989e-02 -4.8999999999999999e-01 0.0000000000000000e+00)
    (4.9999999999999989e-02 -4.6999999999999997e-01 0.0000000000000000e+00)
    (4.9999999999999989e-02 -4.5000000000000001e-01 0.0000000000000000e+00)
    (4.9999999999999989e-02 -4.2999999999999999e-01 0.0000000000000000e+00)
    (4.9999999999999989e-02 -4.1000000000000003e-01 0.0000000000000000e+00)
    (4.9999999999999989e-02 -3.9000000000000001e-01 0.0000000000000000e+00)
    (4.9999999999999989e-02 -3.7000000000000000e-01 0.0000000000000000e+00)
    (4.9999999999999989e-02 -3.4999999999999998e-01 0.0000000000000000e+00)
    (4.9999999999999989e-02 -3.2999999999999996e-01 0.0000000000000000e+00)
    (4.9999999999999989e-02 -3.1000000000000000e-01 0.0000000000000000e+00)
    (4.9999999999999989e-02 -2.9000000000000004e-01 0.0000000000000000e+00)
    (4.9999999999999989e-02 -2.7000000000000002e-01 0.0000000000000000e+00)
    (4.9999999999999989e-02 -2.5000000000000000e-01 0.0000000000000000e+00)
    (4.9999999999999989e-02 -2.2999999999999998e-01 0.0000000000000000e+00)
    (4.9999999999999989e-02 -2.1000000000000002e-01 0.0000000000000000e+00)
    (4.9999999999999989e-02 -1.9000000000000000e-01 0.0000000000000000e+00)
    (4.9999999999999989e-02 -1.6999999999999998e-01 0.0000000000000000e+00)
    (4.9999999999999989e-02 -1.4999999999999997e-01 0.0000000000000000e+00)
    (4.9999999999999989e-02 -1.3000000000000000e-01 0.0000000000000000e+00)
    (4.9999999999999989e-02 -1.0999999999999999e-01 0.0000000000000000e+00)
    (4.9999999999999989e-02 -8.9999999999999969e-02 0.0000000000000000e+00)
    (4.9999999999999989e-02 -7.0000000000000007e-02 0.0000000000000000e+00)
    (4.9999999999999989e-02 -4.9999999999999989e-02 0.0000000000000000e+00)
    (4.9999999999999989e-02 -2.9999999999999971e-02 0.0000000000000000e+00)
    (4.9999999999999989e-02 -1.0000000000000009e-02 0.0000000000000000e+00)
    (4.9999999999999989e-02 1.0000000000000009e-02 0.0000000000000000e+00)
    (4.9999999999999989e-02 3.0000000000000027e-02 0.0000000000000000e+00)
    (4.9999999999999989e-02 5.0000000000000044e-02 0.0000000000000000e+00)
    (4.9999999999999989e-02 7.0000000000000062e-02 0.0000000000000000e+00)
    (4.9999999999999989e-02 8.9999999999999969e-02 0.0000000000000000e+00)
    (4.9999999999999989e-02 1.0999999999999999e-01 0.0000000000000000e+00)
    (4.9999999999999989e-02 1.3000000000000000e-01 0.0000000000000000e+00)
    (4.9999999999999989e-02 1.5000000000000002e-01 0.0000000000000000e+00)
    (4.9999999999999989e-02 1.7000000000000004e-01 0.0000000000000000e+00)
    (4.9999999999999989e-02 1.9000000000000006e-01 0.0000000000000000e+00)
    (4.9999999999999989e-02 2.0999999999999996e-01 0.0000000000000000e+00)
    (4.9999999999999989e-02 2.2999999999999998e-01 0.0000000000000000e+00)
    (4.9999999999999989e-02 2.5000000000000000e-01 0.0000000000000000e+00)
    (4.9999999999999989e-02 2.7000000000000002e-01 0.0000000000000000e+00)
    (4.9999999999999989e-02 2.9000000000000004e-01 0.0000000000000000e+00)
    (4.9999999999999989e-02 3.1000000000000005e-01 0.0000000000000000e+00)
    (4.9999999999999989e-02 3.3000000000000007e-01 0.0000000000000000e+00)
    (4.9999999999999989e-02 3.4999999999999998e-01 0.0000000000000000e+00)
    (4.9999999999999989e-02 3.7000000000000000e-01 0.0000000000000000e+00)
    (4.9999999999999989e-02 3.9000000000000001e-01 0.0000000000000000e+00)
    (4.9999999999999989e-02 4.1000000000000003e-01 0.0000000000000000e+00)
    (4.9999999999999989e-02 4.3000000000000005e-01 0.0000000000000000e+00)
    (4.9999999999999989e-02 4.5000000000000007e-01 0.0000000000000000e+00)
    (4.9999999999999989e-02 4.6999999999999997e-01 0.0000000000000000e+00)
    (4.9999999999999989e-02 4.8999999999999999e-01 0.0000000000000000e+00)
    (2.9999999999999971e-02 -4.8999999999999999e-01 0.0000000000000000e+00)
    (2.9999999999999971e-02 -4.6999999999999997e-01 0.0000000000000000e+00)
    (2.9999999999999971e-02 -4.5000000000000001e-01 0.0000000000000000e+00)
    (2.9999999999999971e-02 -4.2999999999999999e-01 0.0000000000000000e+00)
    (2.9999999999999971e-02 -4.1000000000000003e-01 0.0000000000000000e+00)
    (2.9999999999999971e-02 -3.9000000000000001e-01 0.0000000000000000e+00)
    (2.9999999999999971e-02 -3.7000000000000000e-01 0.0000000000000000e+00)
    (2.9999999999999971e-02 -3.4999999999999998e-01 0.0000000000000000e+00)
    (2.9999999999999971e-02 -3.2999999999999996e-01 0.0000000000000000e+00)
    (2.9999999999999971e-02 -3.1000000000000000e-01 0.0000000000000000e+00)
    (2.9999999999999971e-02 -2.9000000000000004e-01 0.0000000000000000e+00)
    (2.9999999999999971e-02 -2.7000000000000002e-01 0.0000000000000000e+00)
    (2.9999999999999971e-02 -2.5000000000000000e-01 0.0000000000000000e+00)
    (2.9999999999999971e-02 -2.2999999999999998e-01 0.0000000000000000e+00)
    (2.9999999999999971e-02 -2.1000000000000002e-01 0.0000000000000000e+00)
    (2.9999999999999971e-02 -1.9000000000000000e-01 0.0000000000000000e+00)
    (2.9999999999999971e-02 -1.6999999999999998e-01 0.0000000000000000e+00)
    (2.9999999999999971e-02 -1.4999999999999997e-01 0.0000000000000000e+00)
    (2.9999999999999971e-02 -1.3000000000000000e-01 0.0000000000000000e+00)
    (2.9999999999999971e-02 -1.0999999999999999e-01 0.0000000000000000e+00)
    (2.9999999999999971e-02 -8.9999999999999969e-02 0.0000000000000000e+00)
    (2.9999999999999971e-02 -7.0000000000000007e-02 0.0000000000000000e+00)
    (2.9999999999999971e-02 -4.9999999999999989e-02 0.0000000000000000e+00)
    (2.9999999999999971e-02 -2.9999999999999971e-02 0.0000000000000000e+00)
    (2.9999999999999971e-02 -1.0000000000000009e-02 0.0000000000000000e+00)
    (2.9999999999999971e-02 1.0000000000000009e-02 0.0000000000000000e+00)
    (2.9999999999999971e-02 3.0000000000000027e-02 0.0000000000000000e+00)
    (2.9999999999999971e-02 5.0000000000000044e-02 0.0000000000000000e+00)
    (2.9999999999999971e-02 7.0000000000000062e-02 0.0000000000000000e+00)
    (2.9999999999999971e-02 8.9999999999999969e-02 0.0000000000000000e+00)
    (2.9999999999999971e-02 1.0999999999999999e-01 0.0000000000000000e+00)
    (2.9999999999999971e-02 1.3000000000000000e-01 0.0000000000000000e+00)
    (2.9999999999999971e-02 1.5000000000000002e-01 0.0000000000000000e+00)
    (2.9999999999999971e-02 1.7000000000000004e-01 0.0000000000000000e+00)
    (2.9999999999999971e-02 1.9000000000000006e-01 0.0000000000000000e+00)
    (2.9999999999999971e-02 2.0999999999999996e-01 0.0000000000000000e+00)
    (2.9999999999999971e-02 2.2999999999999998e-01 0.0000000000000000e+00)
    (2.9999999999999971e-02 2.5000000000000000e-01 0.0000000000000000e+00)
    (2.9999999999999971e-02 2.7000000000000002e-01 0.0000000000000000e+00)
    (2.9999999999999971e-02 2.9000000000000004e-01 0.0000000000000000e+00)
    (2.9999999999999971e-02 3.1000000000000005e-01 0.0000000000000000e+00)
    (2.9999999999999971e-02 3.3000000000000007e-01 0.0000000000000000e+00)
    (2.9999999999999971e-02 3.4999999999999998e-01 0.0000000000000000e+00)
    (2.9999999999999971e-02 3.7000000000000000e-01 0.0000000000000000e+00)
    (2.9999999999999971e-02 3.9000000000000001e-01 0.0000000000000000e+00)
    (2.9999999999999971e-02 4.1000000000000003e-01 0.0000000000000000e+00)
    (2.9999999999999971e-02 4.3000000000000005e-01 0.0000000000000000e+00)
    (2.9999999999999971e-02 4.5000000000000007e-01 0.0000000000000000e+00)
    (2.9999999999999971e-02 4.6999999999999997e-01 0.0000000000000000e+00)
    (2.9999999999999971e-02 4.8999999999999999e-01 0.0000000000000000e+00)
    (1.0000000000000009e-02 -4.8999999999999999e-01 0.0000000000000000e+00)
    (1.0000000000000009e-02 -4.6999999999999997e-01 0.0000000000000000e+00)
    (1.0000000000000009e-02 -4.5000000000000001e-01 0.0000000000000000e+00)
    (1.0000000000000009e-02 -4.2999999999999999e-01 0.0000000000000000e+00)
    (1.0000000000000009e-02 -4.1000000000000003e-01 0.0000000000000000e+00)
    (1.0000000000000009e-02 -3.9000000000000001e-01 0.0000000000000000e+00)
    (1.0000000000000009e-02 -3.7000000000000000e-01 0.0000000000000000e+00)
    (1.0000000000000009e-02 -3.4999999999999998e-01 0.0000000000000000e+00)
    (1.0000000000000009e-02 -3.2999999999999996e-01 0.0000000000000000e+00)
    (1.0000000000000009e-02 -3.1000000000000000e-01 0.0000000000000000e+00)
    (1.0000000000000009e-02 -2.9000000000000004e-01 0.0000000000000000e+00)
    (1.0000000000000009e-02 -2.7000000000000002e-01 0.0000000000000000e+00)
    (1.0000000000000009e-02 -2.5000000000000000e-01 0.0000000000000000e+00)
    (1.0000000000000009e-02 -2.2999999999999998e-01 0.0000000000000000e+00)
    (1.0000000000000009e-02 -2.1000000000000002e-01 0.0000000000000000e+00)
    (1.0000000000000009e-02 -1.9000000000000000e-01 0.0000000000000000e+00)
    (1.0000000000000009e-02 -1.6999999999999998e-01 0.0000000000000000e+00)
    (1.0000000000000009e-02 -1.4999999999999997e-01 0.0000000000000000e+00)
    (1.0000000000000009e-02 -1.3000000000000000e-01 0.0000000000000000e+00)
    (1.0000000000000009e-02 -1.0999999999999999e-01 0.0000000000000000e+00)
    (1.0000000000000009e-02 -8.9999999999999969e-02 0.0000000000000000e+00)
    (1.0000000000000009e-02 -7.0000000000000007e-02 0.0000000000000000e+00)
    (1.0000000000000009e-02 -4.9999999999999989e-02 0.0000000000000000e+00)
    (1.0000000000000009e-02 -2.9999999999999971e-02 0.0000000000000000e+00)
    (1.0000000000000009e-02 -1.0000000000000009e-02 0.0000000000000000e+00)
    (1.0000000000000009e-02 1.0000000000000009e-02 0.0000000000000000e+00)
    (1.0000000000000009e-02 3.0000000000000027e-02 0.0000000000000000e+00)
    (1.0000000000000009e-02 5.0000000000000044e-02 0.0000000000000000e+00)
    (1.0000000000000009e-02 7.0000000000000062e-02 0.0000000000000000e+00)
    (1.0000000000000009e-02 8.9999999999999969e-02 0.0000000000000000e+00)
    (1.0000000000000009e-02 1.0999999999999999e-01 0.0000000000000000e+00)
    (1.0000000000000009e-02 1.3000000000000000e-01 0.0000000000000000e+00)
    (1.0000000000000009e-02 1.5000000000000002e-01 0.0000000000000000e+00)
    (1.0000000000000009e-02 1.7000000000000004e-01 0.0000000000000000e+00)
    (1.0000000000000009e-02 1.9000000000000006e-01 0.0000000000000000e+00)
    (1.0000000000000009e-02 2.0999999999999996e-01 0.0000000000000000e+00)
    (1.0000000000000009e-02 2.2999999999999998e-01 0.0000000000000000e+00)
    (1.0000000000000009e-02 2.5000000000000000e-01 0.0000000000000000e+00)
    (1.0000000000000009e-02 2.7000000000000002e-01 0.0000000000000000e+00)
    (1.0000000000000009e-02 2.9000000000000004e-01 0.0000000000000000e+00)
    (1.0000000000000009e-02 3.1000000000000005e-01 0.0000000000000000e+00)
    (1.0000000000000009e-02 3.3000000000000007e-01 0.0000000000000000e+00)
    (1.0000000000000009e-02 3.4999999999999998e-01 0.0000000000000000e+00)
    (1.0000000000000009e-02 3.7000000000000000e-01 0.0000000000000000e+00)
    (1.0000000000000009e-02 3.9000000000000001e-01 0.0000000000000000e+00)
    (1.0000000000000009e-02 4.1000000000000003e-01 0.0000000000000000e+00)
    (1.0000000000000009e-02 4.3000000000000005e-01 0.0000000000000000e+00)
    (1.0000000000000009e-02 4.5000000000000007e-01 0.0000000000000000e+00)
    (1.0000000000000009e-02 4.6999999999999997e-01 0.0000000000000000e+00)
    (1.0000000000000009e-02 4.8999999999999999e-01 0.0000000000000000e+00)
    (-1.0000000000000009e-02 -4.8999999999999999e-01 0.0000000000000000e+00)
    (-1.0000000000000009e-02 -4.6999999999999997e-01 0.0000000000000000e+00)
    (-1.0000000000000009e-02 -4.5000000000000001e-01 0.0000000000000000e+00)
    (-1.0000000000000009e-02 -4.2999999999999999e-01 0.0000000000000000e+00)
    (-1.0000000000000009e-02 -4.1000000000000003e-01 0.0000000000000000e+00)
    (-1.0000000000000009e-02 -3.9000000000000001e-01 0.0000000000000000e+00)
    (-1.0000000000000009e-02 -3.7000000000000000e-01 0.0000000000000000e+00)
    (-1.0000000000000009e-02 -3.4999999999999998e-01 0.0000000000000000e+00)
    (-1.0000000000000009e-02 -3.2999999999999996e-01 0.0000000000000000e+00)
    (-1.0000000000000009e-02 -3.1000000000000000e-01 0.0000000000000000e+00)
    (-1.0000000000000009e-02 -2.9000000000000004e-01 0.0000000000000000e+00)
    (-1.0000000000000009e-02 -2.7000000000000002e-01 0.0000000000000000e+00)
    (-1.0000000000000009e-02 -2.5000000000000000e-01 0.0000000000000000e+00)
    (-1.0000000000000009e-02 -2.2999999999999998e-01 0.0000000000000000e+00)
    (-1.0000000000000009e-02 -2.1000000000000002e-01 0.0000000000000000e+00)
    (-1.0000000000000009e-02 -1.9000000000000000e-01 0.0000000000000000e+00)
    (-1.0000000000000009e-02 -1.6999999999999998e-01 0.0000000000000000e+00)
    (-1.0000000000000009e-02 -1.4999999999999997e-01 0.0000000000000000e+00)
    (-1.0000000000000009e-02 -1.3000000000000000e-01 0.0000000000000000e+00)
    (-1.0000000000000009e-02 -1.0999999999999999e-01 0.0000000000000000e+00)
    (-1.0000000000000009e-02 -8.9999999999999969e-02 0.0000000000000000e+00)
    (-1.0000000000000009e-02 -7.0000000000000007e-02 0.0000000000000000e+00)
    (-1.0000000000000009e-02 -4.9999999999999989e-02 0.0000000000000000e+00)
    (-1.0000000000000009e-02 -2.9999999999999971e-02 0.0000000000000000e+00)
    (-1.0000000000000009e-02 -1.0000000000000009e-02 0.0000000000000000e+00)
    (-1.0000000000000009e-02 1.0000000000000009e-02 0.0000000000000000e+00)
    (-1.0000000000000009e-02 3.0000000000000027e-02 0.0000000000000000e+00)
    (-1.0000000000000009e-02 5.0000000000000044e-02 0.0000000000000000e+00)
    (-1.0000000000000009e-02 7.0000000000000062e-02 0.0000000000000000e+00)
    (-1.0000000000000009e-02 8.9999999999999969e-02 0.0000000000000000e+00)
    (-1.0000000000000009e-02 1.0999999999999999e-01 0.0000000000000000e+00)
    (-1.0000000000000009e-02 1.3000000000000000e-01 0.0000000000000000e+00)
    (-1.0000000000000009e-02 1.5000000000000002e-01 0.0000000000000000e+00)
    (-1.0000000000000009e-02 1.7000000000000004e-01 0.0000000000000000e+00)
    (-1.0000000000000009e-02 1.9000000000000006e-01 0.0000000000000000e+00)
    (-1.0000000000000009e-02 2.0999999999999996e-01 0.0000000000000000e+00)
    (-1.0000000000000009e-02 2.2999999999999998e-01 0.0000000000000000e+00)
    (-1.0000000000000009e-02 2.5000000000000000e-01 0.0000000000000000e+00)
    (-1.0000000000000009e-02 2.7000000000000002e-01 0.0000000000000000e+00)
    (-1.0000000000000009e-02 2.9000000000000004e-01 0.0000000000000000e+00)
    (-1.0000000000000009e-02 3.1000000000000005e-01 0.0000000000000000e+00)
    (-1.0000000000000009e-02 3.3000000000000007e-01 0.0000000000000000e+00)
    (-1.0000000000000009e-02 3.4999999999999998e-01 0.0000000000000000e+00)
    (-1.0000000000000009e-02 3.7000000000000000e-01 0.0000000000000000e+00)
    (-1.0000000000000009e-02 3.9000000000000001e-01 0.0000000000000000e+00)
    (-1.0000000000000009e-02 4.1000000000000003e-01 0.0000000000000000e+00)
    (-1.0000000000000009e-02 4.3000000000000005e-01 0.0000000000000000e+00)
    (-1.0000000000000009e-02 4.5000000000000007e-01 0.0000000000000000e+00)
    (-1.0000000000000009e-02 4.6999999999999997e-01 0.0000000000000000e+00)
    (-1.0000000000000009e-02 4.8999999999999999e-01 0.0000000000000000e+00)
    (-3.0000000000000027e-02 -4.8999999999999999e-01 0.0000000000000000e+00)
    (-3.0000000000000027e-02 -4.6999999999999997e-01 0.0000000000000000e+00)
    (-3.0000000000000027e-02 -4.5000000000000001e-01 0.0000000000000000e+00)
    (-3.0000000000000027e-02 -4.2999999999999999e-01 0.0000000000000000e+00)
    (-3.0000000000000027e-02 -4.1000000000000003e-01 0.0000000000000000e+00)
    (-3.0000000000000027e-02 -3.9000000000000001e-01 0.0000000000000000e+00)
    (-3.0000000000000027e-02 -3.7000000000000000e-01 0.0000000000000000e+00)
    (-3.0000000000000027e-02 -3.4999999999999998e-01 0.0000000000000000e+00)
    (-3.0000000000000027e-02 -3.2999999999999996e-01 0.0000000000000000e+00)
    (-3.0000000000000027e-02 -3.1000000000000000e-01 0.0000000000000000e+00)
    (-3.0000000000000027e-02 -2.9000000000000004e-01 0.0000000000000000e+00)
    (-3.0000000000000027e-02 -2.7000000000000002e-01 0.0000000000000000e+00)
    (-3.0000000000000027e-02 -2.5000000000000000e-01 0.0000000000000000e+00)
    (-3.0000000000000027e-02 -2.2999999999999998e-01 0.0000000000000000e+00)
    (-3.0000000000000027e-02 -2.1000000000000002e-01 0.0000000000000000e+00)
    (-3.0000000000000027e-02 -1.9000000000000000e-01 0.0000000000000000e+00)
    (-3.0000000000000027e-02 -1.6999999999999998e-01 0.0000000000000000e+00)
    (-3.0000000000000027e-02 -1.4999999999999997e-01 0.0000000000000000e+00)
    (-3.0000000000000027e-02 -1.3000000000000000e-01 0.0000000000000000e+00)
    (-3.0000000000000027e-02 -1.0999999999999999e-01 0.0000000000000000e+00)
    (-3.0000000000000027e-02 -8.9999999999999969e-02 0.0000000000000000e+00)
    (-3.0000000000000027e-02 -7.0000000000000007e-02 0.0000000000000000e+00)
    (-3.0000000000000027e-02 -4.9999999999999989e-02 0.0000000000000000e+00)
    (-3.0000000000000027e-02 -2.9999999999999971e-02 0.0000000000000000e+00)
    (-3.0000000000000027e-02 -1.0000000000000009e-02 0.0000000000000000e+00)
    (-3.0000000000000027e-02 1.0000000000000009e-02 0.0000000000000000e+00)
    (-3.0000000000000027e-02 3.0000000000000027e-02 0.0000000000000000e+00)
    (-3.0000000000000027e-02 5.0000000000000044e-02 0.0000000000000000e+00)
    (-3.0000000000000027e-02 7.0000000000000062e-02 0.0000000000000000e+00)
    (-3.0000000000000027e-02 8.9999999999999969e-02 0.0000000000000000e+00)
    (-3.0000000000000027e-02 1.0999999999999999e-01 0.0000000000000000e+00)
    (-3.0000000000000027e-02 1.3000000000000000e-01 0.0000000000000000e+00)
    (-3.0000000000000027e-02 1.5000000000000002e-01 0.0000000000000000e+00)
    (-3.0000000000000027e-02 1.7000000000000004e-01 0.0000000000000000e+00)
    (-3.0000000000000027e-02 1.9000000000000006e-01 0.0000000000000000e+00)
    (-3.0000000000000027e-02 2.0999999999999996e-01 0.0000000000000000e+00)
    (-3.0000000000000027e-02 2.2999999999999998e-01 0.0000000000000000e+00)
    (-3.0000000000000027e-02 2.5000000000000000e-01 0.0000000000000000e+00)
    (-3.0000000000000027e-02 2.7000000000000002e-01 0.0000000000000000e+00)
    (-3.0000000000000027e-02 2.9000000000000004e-01 0.0000000000000000e+00)
    (-3.0000000000000027e-02 3.1000000000000005e-01 0.0000000000000000e+00)
    (-3.0000000000000027e-02 3.3000000000000007e-01 0.0000000000000000e+00)
    (-3.0000000000000027e-02 3.4999999999999998e-01 0.0000000000000000e+00)
    (-3.0000000000000027e-02 3.7000000000000000e-01 0.0000000000000000e+00)
    (-3.0000000000000027e-02 3.9000000000000001e-01 0.0000000000000000e+00)
    (-3.0000000000000027e-02 4.1000000000000003e-01 0.0000000000000000e+00)
    (-3.0000000000000027e-02 4.3000000000000005e-01 0.0000000000000000e+00)
    (-3.0000000000000027e-02 4.5000000000000007e-01 0.0000000000000000e+00)
    (-3.0000000000000027e-02 4.6999999999999997e-01 0.0000000000000000e+00)
    (-3.0000000000000027e-02 4.8999999999999999e-01 0.0000000000000000e+00)
    (-5.0000000000000044e-02 -4.8999999999999999e-01 0.0000000000000000e+00)
    (-5.0000000000000044e-02 -4.6999999999999997e-01 0.0000000000000000e+00)
    (-5.0000000000000044e-02 -4.5000000000000001e-01 0.0000000000000000e+00)
    (-5.0000000000000044e-02 -4.2999999999999999e-01 0.0000000000000000e+00)
    (-5.0000000000000044e-02 -4.1000000000000003e-01 0.0000000000000000e+00)
    (-5.0000000000000044e-02 -3.9000000000000001e-01 0.0000000000000000e+00)
    (-5.0000000000000044e-02 -3.7000000000000000e-01 0.0000000000000000e+00)
    (-5.0000000000000044e-02 -3.4999999999999998e-01 0.0000000000000000e+00)
    (-5.0000000000000044e-02 -3.2999999999999996e-01 0.0000000000000000e+00)
    (-5.0000000000000044e-02 -3.1000000000000000e-01 0.0000000000000000e+00)
    (-5.0000000000000044e-02 -2.9000000000000004e-01 0.0000000000000000e+00)
    (-5.0000000000000044e-02 -2.7000000000000002e-01 0.0000000000000000e+00)
    (-5.0000000000000044e-02 -2.5000000000000000e-01 0.0000000000000000e+00)
    (-5.0000000000000044e-02 -2.2999999999999998e-01 0.0000000000000000e+00)
    (-5.0000000000000044e-02 -2.1000000000000002e-01 0.0000000000000000e+00)
    (-5.0000000000000044e-02 -1.9000000000000000e-01 0.0000000000000000e+00)
    (-5.0000000000000044e-02 -1.6999999999999998e-01 0.0000000000000000e+00)
    (-5.0000000000000044e-02 -1.4999999999999997e-01 0.0000000000000000e+00)
    (-5.0000000000000044e-02 -1.3000000000000000e-01 0.0000000000000000e+00)
    (-5.0000000000000044e-02 -1.0999999999999999e-01 0.0000000000000000e+00)
    (-5.0000000000000044e-02 -8.9999999999999969e-02 0.0000000000000000e+00)
    (-5.0000000000000044e-02 -7.0000000000000007e-02 0.0000000000000000e+00)
    (-5.0000000000000044e-02 -4.9999999999999989e-02 0.0000000000000000e+00)
    (-5.0000000000000044e-02 -2.9999999999999971e-02 0.0000000000000000e+00)
    (-5.0000000000000044e-02 -1.0000000000000009e-02 0.0000000000000000e+00)
    (-5.0000000000000044e-02 1.0000000000000009e-02 0.0000000000000000e+00)
    (-5.0000000000000044e-02 3.0000000000000027e-02 0.0000000000000000e+00)
    (-5.0000000000000044e-02 5.0000000000000044e-02 0.0000000000000000e+00)
    (-5.0000000000000044e-02 7.0000000000000062e-02 0.0000000000000000e+00)
    (-5.0000000000000044e-02 8.9999999999999969e-02 0.0000000000000000e+00)
    (-5.0000000000000044e-02 1.0999999999999999e-01 0.0000000000000000e+00)
    (-5.0000000000000044e-02 1.3000000000000000e-01 0.0000000000000000e+00)
    (-5.0000000000000044e-02 1.5000000000000002e-01 0.0000000000000000e+00)
    (-5.0000000000000044e-02 1.7000000000000004e-01 0.0000000000000000e+00)
    (-5.0000000000000044e-02 1.9000000000000006e-01 0.0000000000000000e+00)
    (-5.0000000000000044e-02 2.0999999999999996e-01 0.0000000000000000e+00)
    (-5.0000000000000044e-02 2.2999999999999998e-01 0.0000000000000000e+00)
    (-5.0000000000000044e-02 2.5000000000000000e-01 0.0000000000000000e+00)
    (-5.0000000000000044e-02 2.7000000000000002e-01 0.0000000000000000e+00)
    (-5.0000000000000044e-02 2.9000000000000004e-01 0.0000000000000000e+00)
    (-5.0000000000000044e-02 3.1000000000000005e-01 0.0000000000000000e+00)
    (-5.0000000000000044e-02 3.3000000000000007e-01 0.0000000000000000e+00)
    (-5.0000000000000044e-02 3.4999999999999998e-01 0.0000000000000000e+00)
    (-5.0000000000000044e-02 3.7000000000000000e-01 0.0000000000000000e+00)
    (-5.0000000000000044e-02 3.9000000000000001e-01 0.0000000000000000e+00)
    (-5.0000000000000044e-02 4.1000000000000003e-01 0.0000000000000000e+00)
    (-5.0000000000000044e-02 4.3000000000000005e-01 0.0000000000000000e+00)
    (-5.0000000000000044e-02 4.5000000000000007e-01 0.0000000000000000e+00)
    (-5.0000000000000044e-02 4.6999999999999997e-01 0.0000000000000000e+00)
    (-5.0000000000000044e-02 4.8999999999999999e-01 0.0000000000000000e+00)
    (-7.0000000000000062e-02 -4.8999999999999999e-01 0.0000000000000000e+00)
    (-7.0000000000000062e-02 -4.6999999999999997e-01 0.0000000000000000e+00)
    (-7.0000000000000062e-02 -4.5000000000000001e-01 0.0000000000000000e+00)
    (-7.0000000000000062e-02 -4.2999999999999999e-01 0.0000000000000000e+00)
    (-7.0000000000000062e-02 -4.1000000000000003e-01 0.0000000000000000e+00)
    (-7.0000000000000062e-02 -3.9000000000000001e-01 0.0000000000000000e+00)
    (-7.0000000000000062e-02 -3.7000000000000000e-01 0.0000000000000000e+00)
    (-7.0000000000000062e-02 -3.4999999999999998e-01 0.0000000000000000e+00)
    (-7.0000000000000062e-02 -3.2999999999999996e-01 0.0000000000000000e+00)
    (-7.0000000000000062e-02 -3.1000000000000000e-01 0.0000000000000000e+00)
    (-7.0000000000000062e-02 -2.9000000000000004e-01 0.0000000000000000e+00)
    (-7.0000000000000062e-02 -2.7000000000000002e-01 0.0000000000000000e+00)
    (-7.0000000000000062e-02 -2.5000000000000000e-01 0.0000000000000000e+00)
    (-7.0000000000000062e-02 -2.2999999999999998e-01 0.0000000000000000e+00)
    (-7.0000000000000062e-02 -2.1000000000000002e-01 0.0000000000000000e+00)
    (-7.0000000000000062e-02 -1.9000000000000000e-01 0.0000000000000000e+00)
    (-7.0000000000000062e-02 -1.6999999999999998e-01 0.0000000000000000e+00)
    (-7.0000000000000062e-02 -1.4999999999999997e-01 0.0000000000000000e+00)
    (-7.0000000000000062e-02 -1.3000000000000000e-01 0.0000000000000000e+00)
    (-7.0000000000000062e-02 -1.0999999999999999e-01 0.0000000000000000e+00)
    (-7.0000000000000062e-02 -8.9999999999999969e-02 0.0000000000000000e+00)
    (-7.0000000000000062e-02 -7.0000000000000007e-02 0.0000000000000000e+00)
    (-7.0000000000000062e-02 -4.9999999999999989e-02 0.0000000000000000e+00)
    (-7.0000000000000062e-02 -2.9999999999999971e-02 0.0000000000000000e+00)
    (-7.0000000000000062e-02 -1.0000000000000009e-02 0.0000000000000000e+00)
    (-7.0000000000000062e-02 1.0000000000000009e-02 0.0000000000000000e+00)
    (-7.0000000000000062e-02 3.0000000000000027e-02 0.0000000000000000e+00)
    (-7.0000000000000062e-02 5.0000000000000044e-02 0.0000000000000000e+00)
    (-7.0000000000000062e-02 7.0000000000000062e-02 0.0000000000000000e+00)
    (-7.0000000000000062e-02 8.9999999999999969e-02 0.0000000000000000e+00)
    (-7.0000000000000062e-02 1.0999999999999999e-01 0.0000000000000000e+00)
    (-7.0000000000000062e-02 1.3000000000000000e-01 0.0000000000000000e+00)
    (-7.0000000000000062e-02 1.5000000000000002e-01 0.0000000000000000e+00)
    (-7.0000000000000062e-02 1.7000000000000004e-01 0.0000000000000000e+00)
    (-7.0000000000000062e-02 1.9000000000000006e-01 0.0000000000000000e+00)
    (-7.0000000000000062e-02 2.0999999999999996e-01 0.0000000000000000e+00)
    (-7.0000000000000062e-02 2.2999999999999998e-01 0.0000000000000000e+00)
    (-7.0000000000000062e-02 2.5000000000000000e-01 0.0000000000000000e+00)
    (-7.0000000000000062e-02 2.7000000000000002e-01 0.0000000000000000e+00)
    (-7.0000000000000062e-02 2.9000000000000004e-01 0.0000000000000000e+00)
    (-7.0000000000000062e-02 3.1000000000000005e-01 0.0000000000000000e+00)
    (-7.0000000000000062e-02 3.3000000000000007e-01 0.0000000000000000e+00)
    (-7.0000000000000062e-02 3.4999999999999998e-01 0.0000000000000000e+00)
    (-7.0000000000000062e-02 3.7000000000000000e-01 0.0000000000000000e+00)
    (-7.0000000000000062e-02 3.9000000000000001e-01 0.0000000000000000e+00)
    (-7.0000000000000062e-02 4.1000000000000003e-01 0.0000000000000000e+00)
    (-7.0000000000000062e-02 4.3000000000000005e-01 0.0000000000000000e+00)
    (-7.0000000000000062e-02 4.5000000000000007e-01 0.0000000000000000e+00)
    (-7.0000000000000062e-02 4.6999999999999997e-01 0.0000000000000000e+00)
    (-7.0000000000000062e-02 4.8999999999999999e-01 0.0000000000000000e+00)
    (-8.9999999999999969e-02 -4.8999999999999999e-01 0.0000000000000000e+00)
    (-8.9999999999999969e-02 -4.6999999999999997e-01 0.0000000000000000e+00)
    (-8.9999999999999969e-02 -4.5000000000000001e-01 0.0000000000000000e+00)
    (-8.9999999999999969e-02 -4.2999999999999999e-01 0.0000000000000000e+00)
    (-8.9999999999999969e-02 -4.1000000000000003e-01 0.0000000000000000e+00)
    (-8.9999999999999969e-02 -3.9000000000000001e-01 0.0000000000000000e+00)
    (-8.9999999999999969e-02 -3.7000000000000000e-01 0.0000000000000000e+00)
    (-8.9999999999999969e-02 -3.4999999999999998e-01 0.0000000000000000e+00)
    (-8.9999999999999969e-02 -3.2999999999999996e-01 0.0000000000000000e+00)
    (-8.9999999999999969e-02 -3.1000000000000000e-01 0.0000000000000000e+00)
    (-8.9999999999999969e-02 -2.9000000000000004e-01 0.0000000000000000e+00)
    (-8.9999999999999969e-02 -2.7000000000000002e-01 0.0000000000000000e+00)
    (-8.9999999999999969e-02 -2.5000000000000000e-01 0.0000000000000000e+00)
    (-8.9999999999999969e-02 -2.2999999999999998e-01 0.0000000000000000e+00)
    (-8.9999999999999969e-02 -2.1000000000000002e-01 0.0000000000000000e+00)
    (-8.9999999999999969e-02 -1.9000000000000000e-01 0.0000000000000000e+00)
    (-8.9999999999999969e-02 -1.6999999999999998e-01 0.0000000000000000e+00)
    (-8.9999999999999969e-02 -1.4999999999999997e-01 0.0000000000000000e+00)
    (-8.9999999999999969e-02 -1.3000000000000000e-01 0.0000000000000000e+00)
    (-8.9999999999999969e-02 -1.0999999999999999e-01 0.0000000000000000e+00)
    (-8.9999999999999969e-02 -8.9999999999999969e-02 0.0000000000000000e+00)
    (-8.9999999999999969e-02 -7.0000000000000007e-02 0.0000000000000000e+00)
    (-8.9999999999999969e-02 -4.9999999999999989e-02 0.0000000000000000e+00)
    (-8.9999999999999969e-02 -2.9999999999999971e-02 0.0000000000000000e+00)
    (-8.9999999999999969e-02 -1.0000000000000009e-02 0.0000000000000000e+00)
    (-8.9999999999999969e-02 1.0000000000000009e-02 0.0000000000000000e+00)
    (-8.9999999999999969e-02 3.0000000000000027e-02 0.0000000000000000e+00)
    (-8.9999999999999969e-02 5.0000000000000044e-02 0.0000000000000000e+00)
    (-8.9999999999999969e-02 7.0000000000000062e-02 0.0000000000000000e+00)
    (-8.9999999999999969e-02 8.9999999999999969e-02 0.0000000000000000e+00)
    (-8.9999999999999969e-02 1.0999999999999999e-01 0.0000000000000000e+00)
    (-8.9999999999999969e-02 1.3000000000000000e-01 0.0000000000000000e+00)
    (-8.9999999999999969e-02 1.5000000000000002e-01 0.0000000000000000e+00)
    (-8.9999999999999969e-02 1.7000000000000004e-01 0.0000000000000000e+00)
    (-8.9999999999999969e-02 1.9000000000000006e-01 0.0000000000000000e+00)
    (-8.9999999999999969e-02 2.0999999999999996e-01 0.0000000000000000e+00)
    (-8.9999999999999969e-02 2.2999999999999998e-01 0.0000000000000000e+00)
    (-8.9999999999999969e-02 2.5000000000000000e-01 0.0000000000000000e+00)
    (-8.9999999999999969e-02 2.7000000000000002e-01 0.0000000000000000e+00)
    (-8.9999999999999969e-02 2.9000000000000004e-01 0.0000000000000000e+00)
    (-8.9999999999999969e-02 3.1000000000000005e-01 0.0000000000000000e+00)
    (-8.9999999999999969e-02 3.3000000000000007e-01 0.0000000000000000e+00)
    (-8.9999999999999969e-02 3.4999999999999998e-01 0.0000000000000000e+00)
    (-8.9999999999999969e-02 3.7000000000000000e-01 0.0000000000000000e+00)
    (-8.9999999999999969e-02 3.9000000000000001e-01 0.0000000000000000e+00)
    (-8.9999999999999969e-02 4.1000000000000003e-01 0.0000000000000000e+00)
    (-8.9999999999999969e-02 4.3000000000000005e-01 0.0000000000000000e+00)
    (-8.9999999999999969e-02 4.5000000000000007e-01 0.0000000000000000e+00)
    (-8.9999999999999969e-02 4.6999999999999997e-01 0.0000000000000000e+00)
    (-8.9999999999999969e-02 4.8999999999999999e-01 0.0000000000000000e+00)
    (-1.0999999999999999e-01 -4.8999999999999999e-01 0.0000000000000000e+00)
    (-1.0999999999999999e-01 -4.6999999999999997e-01 0.0000000000000000e+00)
    (-1.0999999999999999e-01 -4.5000000000000001e-01 0.0000000000000000e+00)
    (-1.0999999999999999e-01 -4.2999999999999999e-01 0.0000000000000000e+00)
    (-1.0999999999999999e-01 -4.1000000000000003e-01 0.0000000000000000e+00)
    (-1.0999999999999999e-01 -3.9000000000000001e-01 0.0000000000000000e+00)
    (-1.0999999999999999e-01 -3.7000000000000000e-01 0.0000000000000000e+00)
    (-1.0999999999999999e-01 -3.4999999999999998e-01 0.0000000000000000e+00)
    (-1.0999999999999999e-01 -3.2999999999999996e-01 0.0000000000000000e+00)
    (-1.0999999999999999e-01 -3.1000000000000000e-01 0.0000000000000000e+00)
    (-1.0999999999999999e-01 -2.9000000000000004e-01 0.0000000000000000e+00)
    (-1.0999999999999999e-01 -2.7000000000000002e-01 0.0000000000000000e+00)
    (-1.0999999999999999e-01 -2.5000000000000000e-01 0.0000000000000000e+00)
    (-1.0999999999999999e-01 -2.2999999999999998e-01 0.0000000000000000e+00)
    (-1.0999999999999999e-01 -2.1000000000000002e-01 0.0000000000000000e+00)
    (-1.0999999999999999e-01 -1.9000000000000000e-01 0.0000000000000000e+00)
    (-1.0999999999999999e-01 -1.6999999999999998e-01 0.0000000000000000e+00)
    (-1.0999999999999999e-01 -1.4999999999999997e-01 0.0000000000000000e+00)
    (-1.0999999999999999e-01 -1.3000000000000000e-01 0.0000000000000000e+00)
    (-1.0999999999999999e-01 -1.0999999999999999e-01 0.0000000000000000e+00)
    (-1.0999999999999999e-01 -8.9999999999999969e-02 0.0000000000000000e+00)
    (-1.0999999999999999e-01 -7.0000000000000007e-02 0.0000000000000000e+00)
    (-1.0999999999999999e-01 -4.9999999999999989e-02 0.0000000000000000e+00)
    (-1.0999999999999999e-01 -2.9999999999999971e-02 0.0000000000000000e+00)
    (-1.0999999999999999e-01 -1.0000000000000009e-02 0.0000000000000000e+00)
    (-1.0999999999999999e-01 1.0000000000000009e-02 0.0000000000000000e+00)
    (-1.0999999999999999e-01 3.0000000000000027e-02 0.0000000000000000e+00)
    (-1.0999999999999999e-01 5.0000000000000044e-02 0.0000000000000000e+00)
    (-1.0999999999999999e-01 7.0000000000000062e-02 0.0000000000000000e+00)
    (-1.0999999999999999e-01 8.9999999999999969e-02 0.0000000000000000e+00)
    (-1.0999999999999999e-01 1.0999999999999999e-01 0.0000000000000000e+00)
    (-1.0999999999999999e-01 1.3000000000000000e-01 0.0000000000000000e+00)
    (-1.0999999999999999e-01 1.5000000000000002e-01 0.0000000000000000e+00)
    (-1.0999999999999999e-01 1.7000000000000004e-01 0.0000000000000000e+00)
    (-1.0999999999999999e-01 1.9000000000000006e-01 0.0000000000000000e+00)
    (-1.0999999999999999e-01 2.0999999999999996e-01 0.0000000000000000e+00)
    (-1.0999999999999999e-01 2.2999999999999998e-01 0.0000000000000000e+00)
    (-1.0999999999999999e-01 2.5000000000000000e-01 0.0000000000000000e+00)
    (-1.0999999999999999e-01 2.7000000000000002e-01 0.0000000000000000e+00)
    (-1.0999999999999999e-01 2.9000000000000004e-01 0.0000000000000000e+00)
    (-1.0999999999999999e-01 3.1000000000000005e-01 0.0000000000000000e+00)
    (-1.0999999999999999e-01 3.3000000000000007e-01 0.0000000000000000e+00)
    (-1.0999999999999999e-01 3.4999999999999998e-01 0.0000000000000000e+00)
    (-1.0999999999999999e-01 3.7000000000000000e-01 0.0000000000000000e+00)
    (-1.0999999999999999e-01 3.9000000000000001e-01 0.0000000000000000e+00)
    (-1.0999999999999999e-01 4.1000000000000003e-01 0.0000000000000000e+00)
    (-1.0999999999999999e-01 4.3000000000000005e-01 0.0000000000000000e+00)
    (-1.0999999999999999e-01 4.5000000000000007e-01 0.0000000000000000e+00)
    (-1.0999999999999999e-01 4.6999999999999997e-01 0.0000000000000000e+00)
    (-1.0999999999999999e-01 4.8999999999999999e-01 0.0000000000000000e+00)
    (-1.3000000000000000e-01 -4.8999999999999999e-01 0.0000000000000000e+00)
    (-1.3000000000000000e-01 -4.6999999999999997e-01 0.0000000000000000e+00)
    (-1.3000000000000000e-01 -4.5000000000000001e-01 0.0000000000000000e+00)
    (-1.3000000000000000e-01 -4.2999999999999999e-01 0.0000000000000000e+00)
    (-1.3000000000000000e-01 -4.1000000000000003e-01 0.0000000000000000e+00)
    (-1.3000000000000000e-01 -3.9000000000000001e-01 0.0000000000000000e+00)
    (-1.3000000000000000e-01 -3.7000000000000000e-01 0.0000000000000000e+00)
    (-1.3000000000000000e-01 -3.4999999999999998e-01 0.0000000000000000e+00)
    (-1.3000000000000000e-01 -3.2999999999999996e-01 0.0000000000000000e+00)
    (-1.3000000000000000e-01 -3.1000000000000000e-01 0.0000000000000000e+00)
    (-1.3000000000000000e-01 -2.9000000000000004e-01 0.0000000000000000e+00)
    (-1.3000000000000000e-01 -2.7000000000000002e-01 0.0000000000000000e+00)
    (-1.3000000000000000e-01 -2.5000000000000000e-01 0.0000000000000000e+00)
    (-1.3000000000000000e-01 -2.2999999999999998e-01 0.0000000000000000e+00)
    (-1.3000000000000000e-01 -2.1000000000000002e-01 0.0000000000000000e+00)
    (-1.3000000000000000e-01 -1.9000000000000000e-01 0.0000000000000000e+00)
    (-1.3000000000000000e-01 -1.6999999999999998e-01 0.0000000000000000e+00)
    (-1.3000000000000000e-01 -1.4999999999999997e-01 0.0000000000000000e+00)
    (-1.3000000000000000e-01 -1.3000000000000000e-01 0.0000000000000000e+00)
    (-1.3000000000000000e-01 -1.0999999999999999e-01 0.0000000000000000e+00)
    (-1.3000000000000000e-01 -8.9999999999999969e-02 0.0000000000000000e+00)
    (-1.3000000000000000e-01 -7.0000000000000007e-02 0.0000000000000000e+00)
    (-1.3000000000000000e-01 -4.9999999999999989e-02 0.0000000000000000e+00)
    (-1.3000000000000000e-01 -2.9999999999999971e-02 0.0000000000000000e+00)
    (-1.3000000000000000e-01 -1.0000000000000009e-02 0.0000000000000000e+00)
    (-1.3000000000000000e-01 1.0000000000000009e-02 0.0000000000000000e+00)
    (-1.3000000000000000e-01 3.0000000000000027e-02 0.0000000000000000e+00)
    (-1.3000000000000000e-01 5.0000000000000044e-02 0.0000000000000000e+00)
    (-1.3000000000000000e-01 7.0000000000000062e-02 0.0000000000000000e+00)
    (-1.3000000000000000e-01 8.9999999999999969e-02 0.0000000000000000e+00)
    (-1.3000000000000000e-01 1.0999999999999999e-01 0.0000000000000000e+00)
    (-1.3000000000000000e-01 1.3000000000000000e-01 0.0000000000000000e+00)
    (-1.3000000000000000e-01 1.5000000000000002e-01 0.0000000000000000e+00)
    (-1.3000000000000000e-01 1.7000000000000004e-01 0.0000000000000000e+00)
    (-1.3000000000000000e-01 1.9000000000000006e-01 0.0000000000000000e+00)
    (-1.3000000000000000e-01 2.0999999999999996e-01 0.0000000000000000e+00)
    (-1.3000000000000000e-01 2.2999999999999998e-01 0.0000000000000000e+00)
    (-1.3000000000000000e-01 2.5000000000000000e-01 0.0000000000000000e+00)
    (-1.3000000000000000e-01 2.7000000000000002e-01 0.0000000000000000e+00)
    (-1.3000000000000000e-01 2.9000000000000004e-01 0.0000000000000000e+00)
    (-1.3000000000000000e-01 3.1000000000000005e-01 0.0000000000000000e+00)
    (-1.3000000000000000e-01 3.3000000000000007e-01 0.0000000000000000e+00)
    (-1.3000000000000000e-01 3.4999999999999998e-01 0.0000000000000000e+00)
    (-1.3000000000000000e-01 3.7000000000000000e-01 0.0000000000000000e+00)
    (-1.3000000000000000e-01 3.9000000000000001e-01 0.0000000000000000e+00)
    (-1.3000000000000000e-01 4.1000000000000003e-01 0.0000000000000000e+00)
    (-1.3000000000000000e-01 4.3000000000000005e-01 0.0000000000000000e+00)
    (-1.3000000000000000e-01 4.5000000000000007e-01 0.0000000000000000e+00)
    (-1.3000000000000000e-01 4.6999999999999997e-01 0.0000000000000000e+00)
    (-1.3000000000000000e-01 4.8999999999999999e-01 0.0000000000000000e+00)
    (-1.5000000000000002e-01 -4.8999999999999999e-01 0.0000000000000000e+00)
    (-1.5000000000000002e-01 -4.6999999999999997e-01 0.0000000000000000e+00)
    (-1.5000000000000002e-01 -4.5000000000000001e-01 0.0000000000000000e+00)
    (-1.5000000000000002e-01 -4.2999999999999999e-01 0.0000000000000000e+00)
    (-1.5000000000000002e-01 -4.1000000000000003e-01 0.0000000000000000e+00)
    (-1.5000000000000002e-01 -3.9000000000000001e-01 0.0000000000000000e+00)
    (-1.5000000000000002e-01 -3.7000000000000000e-01 0.0000000000000000e+00)
    (-1.5000000000000002e-01 -3.4999999999999998e-01 0.0000000000000000e+00)
    (-1.5000000000000002e-01 -3.2999999999999996e-01 0.0000000000000000e+00)
    (-1.5000000000000002e-01 -3.1000000000000000e-01 0.0000000000000000e+00)
    (-1.5000000000000002e-01 -2.9000000000000004e-01 0.0000000000000000e+00)
    (-1.5000000000000002e-01 -2.7000000000000002e-01 0.0000000000000000e+00)
    (-1.5000000000000002e-01 -2.5000000000000000e-01 0.0000000000000000e+00)
    (-1.5000000000000002e-01 -2.2999999999999998e-01 0.0000000000000000e+00)
    (-1.5000000000000002e-01 -2.1000000000000002e-01 0.0000000000000000e+00)
    (-1.5000000000000002e-01 -1.9000000000000000e-01 0.0000000000000000e+00)
    (-1.5000000000000002e-01 -1.6999999999999998e-01 0.0000000000000000e+00)
    (-1.5000000000000002e-01 -1.4999999999999997e-01 0.0000000000000000e+00)
    (-1.5000000000000002e-01 -1.3000000000000000e-01 0.0000000000000000e+00)
    (-1.5000000000000002e-01 -1.0999999999999999e-01 0.0000000000000000e+00)
    (-1.5000000000000002e-01 -8.9999999999999969e-02 0.0000000000000000e+00)
    (-1.5000000000000002e-01 -7.0000000000000007e-02 0.0000000000000000e+00)
    (-1.5000000000000002e-01 -4.9999999999999989e-02 0.0000000000000000e+00)
    (-1.5000000000000002e-01 -2.9999999999999971e-02 0.0000000000000000e+00)
    (-1.5000000000000002e-01 -1.0000000000000009e-02 0.0000000000000000e+00)
    (-1.5000000000000002e-01 1.0000000000000009e-02 0.0000000000000000e+00)
    (-1.5000000000000002e-01 3.0000000000000027e-02 0.0000000000000000e+00)
    (-1.5000000000000002e-01 5.0000000000000044e-02 0.0000000000000000e+00)
    (-1.5000000000000002e-01 7.0000000000000062e-02 0.0000000000000000e+00)
    (-1.5000000000000002e-01 8.9999999999999969e-02 0.0000000000000000e+00)
    (-1.5000000000000002e-01 1.0999999999999999e-01 0.0000000000000000e+00)
    (-1.5000000000000002e-01 1.3000000000000000e-01 0.0000000000000000e+00)
    (-1.5000000000000002e-01 1.5000000000000002e-01 0.0000000000000000e+00)
    (-1.5000000000000002e-01 1.7000000000000004e-01 0.0000000000000000e+00)
    (-1.5000000000000002e-01 1.9000000000000006e-01 0.0000000000000000e+00)
    (-1.5000000000000002e-01 2.0999999999999996e-01 0.0000000000000000e+00)
    (-1.5000000000000002e-01 2.2999999999999998e-01 0.0000000000000000e+00)
    (-1.5000000000000002e-01 2.5000000000000000e-01 0.0000000000000000e+00)
    (-1.5000000000000002e-01 2.7000000000000002e-01 0.0000000000000000e+00)
    (-1.5000000000000002e-01 2.9000000000000004e-01 0.0000000000000000e+00)
    (-1.5000000000000002e-01 3.1000000000000005e-01 0.0000000000000000e+00)
    (-1.5000000000000002e-01 3.3000000000000007e-01 0.0000000000000000e+00)
    (-1.5000000000000002e-01 3.4999999999999998e-01 0.0000000000000000e+00)
    (-1.5000000000000002e-01 3.7000000000000000e-01 0.0000000000000000e+00)
    (-1.5000000000000002e-01 3.9000000000000001e-01 0.0000000000000000e+00)
    (-1.5000000000000002e-01 4.1000000000000003e-01 0.0000000000000000e+00)
    (-1.5000000000000002e-01 4.3000000000000005e-01 0.0000000000000000e+00)
    (-1.5000000000000002e-01 4.5000000000000007e-01 0.0000000000000000e+00)
    (-1.5000000000000002e-01 4.6999999999999997e-01 0.0000000000000000e+00)
    (-1.5000000000000002e-01 4.8999999999999999e-01 0.0000000000000000e+00)
    (-1.7000000000000004e-01 -4.8999999999999999e-01 0.0000000000000000e+00)
    (-1.7000000000000004e-01 -4.6999999999999997e-01 0.0000000000000000e+00)
    (-1.7000000000000004e-01 -4.5000000000000001e-01 0.0000000000000000e+00)
    (-1.7000000000000004e-01 -4.2999999999999999e-01 0.0000000000000000e+00)
    (-1.7000000000000004e-01 -4.1000000000000003e-01 0.0000000000000000e+00)
    (-1.7000000000000004e-01 -3.9000000000000001e-01 0.0000000000000000e+00)
    (-1.7000000000000004e-01 -3.7000000000000000e-01 0.0000000000000000e+00)
    (-1.7000000000000004e-01 -3.4999999999999998e-01 0.0000000000000000e+00)
    (-1.7000000000000004e-01 -3.2999999999999996e-01 0.0000000000000000e+00)
    (-1.7000000000000004e-01 -3.1000000000000000e-01 0.0000000000000000e+00)
    (-1.7000000000000004e-01 -2.9000000000000004e-01 0.0000000000000000e+00)
    (-1.7000000000000004e-01 -2.7000000000000002e-01 0.0000000000000000e+00)
    (-1.7000000000000004e-01 -2.5000000000000000e-01 0.0000000000000000e+00)
    (-1.7000000000000004e-01 -2.2999999999999998e-01 0.0000000000000000e+00)
    (-1.7000000000000004e-01 -2.1000000000000002e-01 0.0000000000000000e+00)
    (-1.7000000000000004e-01 -1.9000000000000000e-01 0.0000000000000000e+00)
    (-1.7000000000000004e-01 -1.6999999999999998e-01 0.0000000000000000e+00)
    (-1.7000000000000004e-01 -1.4999999999999997e-01 0.0000000000000000e+00)
    (-1.7000000000000004e-01 -1.3000000000000000e-01 0.0000000000000000e+00)
    (-1.7000000000000004e-01 -1.0999999999999999e-01 0.0000000000000000e+00)
    (-1.7000000000000004e-01 -8.9999999999999969e-02 0.0000000000000000e+00)
    (-1.7000000000000004e-01 -7.0000000000000007e-02 0.0000000000000000e+00)
    (-1.7000000000000004e-01 -4.9999999999999989e-02 0.0000000000000000e+00)
    (-1.7000000000000004e-01 -2.9999999999999971e-02 0.0000000000000000e+00)
    (-1.7000000000000004e-01 -1.0000000000000009e-02 0.0000000000000000e+00)
    (-1.7000000000000004e-01 1.0000000000000009e-02 0.0000000000000000e+00)
    (-1.7000000000000004e-01 3.0000000000000027e-02 0.0000000000000000e+00)
    (-1.7000000000000004e-01 5.0000000000000044e-02 0.0000000000000000e+00)
    (-1.7000000000000004e-01 7.0000000000000062e-02 0.0000000000000000e+00)
    (-1.7000000000000004e-01 8.9999999999999969e-02 0.0000000000000000e+00)
    (-1.7000000000000004e-01 1.0999999999999999e-01 0.0000000000000000e+00)
    (-1.7000000000000004e-01 1.3000000000000000e-01 0.0000000000000000e+00)
    (-1.7000000000000004e-01 1.5000000000000002e-01 0.0000000000000000e+00)
    (-1.7000000000000004e-01 1.7000000000000004e-01 0.0000000000000000e+00)
    (-1.7000000000000004e-01 1.9000000000000006e-01 0.0000000000000000e+00)
    (-1.7000000000000004e-01 2.0999999999999996e-01 0.0000000000000000e+00)
    (-1.7000000000000004e-01 2.2999999999999998e-01 0.0000000000000000e+00)
    (-1.7000000000000004e-01 2.5000000000000000e-01 0.0000000000000000e+00)
    (-1.7000000000000004e-01 2.7000000000000002e-01 0.0000000000000000e+00)
    (-1.7000000000000004e-01 2.9000000000000004e-01 0.0000000000000000e+00)
    (-1.7000000000000004e-01 3.1000000000000005e-01 0.0000000000000000e+00)
    (-1.7000000000000004e-01 3.3000000000000007e-01 0.0000000000000000e+00)
    (-1.7000000000000004e-01 3.4999999999999998e-01 0.0000000000000000e+00)
    (-1.7000000000000004e-01 3.7000000000000000e-01 0.0000000000000000e+00)
    (-1.7000000000000004e-01 3.9000000000000001e-01 0.0000000000000000e+00)
    (-1.7000000000000004e-01 4.1000000000000003e-01 0.0000000000000000e+00)
    (-1.7000000000000004e-01 4.3000000000000005e-01 0.0000000000000000e+00)
    (-1.7000000000000004e-01 4.5000000000000007e-01 0.0000000000000000e+00)
    (-1.7000000000000004e-01 4.6999999999999997e-01 0.0000000000000000e+00)
    (-1.7000000000000004e-01 4.8999999999999999e-01 0.0000000000000000e+00)
    (-1.9000000000000006e-01 -4.8999999999999999e-01 0.0000000000000000e+00)
    (-1.9000000000000006e-01 -4.6999999999999997e-01 0.0000000000000000e+00)
    (-1.9000000000000006e-01 -4.5000000000000001e-01 0.0000000000000000e+00)
    (-1.9000000000000006e-01 -4.2999999999999999e-01 0.0000000000000000e+00)
    (-1.9000000000000006e-01 -4.1000000000000003e-01 0.0000000000000000e+00)
    (-1.9000000000000006e-01 -3.9000000000000001e-01 0.0000000000000000e+00)
    (-1.9000000000000006e-01 -3.7000000000000000e-01 0.0000000000000000e+00)
    (-1.9000000000000006e-01 -3.4999999999999998e-01 0.0000000000000000e+00)
    (-1.9000000000000006e-01 -3.2999999999999996e-01 0.0000000000000000e+00)
    (-1.9000000000000006e-01 -3.1000000000000000e-01 0.0000000000000000e+00)
    (-1.9000000000000006e-01 -2.9000000000000004e-01 0.0000000000000000e+00)
    (-1.9000000000000006e-01 -2.7000000000000002e-01 0.0000000000000000e+00)
    (-1.9000000000000006e-01 -2.5000000000000000e-01 0.0000000000000000e+00)
    (-1.9000000000000006e-01 -2.2999999999999998e-01 0.0000000000000000e+00)
    (-1.9000000000000006e-01 -2.1000000000000002e-01 0.0000000000000000e+00)
    (-1.9000000000000006e-01 -1.9000000000000000e-01 0.0000000000000000e+00)
    (-1.9000000000000006e-01 -1.6999999999999998e-01 0.0000000000000000e+00)
    (-1.9000000000000006e-01 -1.4999999999999997e-01 0.0000000000000000e+00)
    (-1.9000000000000006e-01 -1.3000000000000000e-01 0.0000000000000000e+00)
    (-1.9000000000000006e-01 -1.0999999999999999e-01 0.0000000000000000e+00)
    (-1.9000000000000006e-01 -8.9999999999999969e-02 0.0000000000000000e+00)
    (-1.9000000000000006e-01 -7.0000000000000007e-02 0.0000000000000000e+00)
    (-1.9000000000000006e-01 -4.9999999999999989e-02 0.0000000000000000e+00)
    (-1.9000000000000006e-01 -2.9999999999999971e-02 0.0000000000000000e+00)
    (-1.9000000000000006e-01 -1.0000000000000009e-02 0.0000000000000000e+00)
    (-1.9000000000000006e-01 1.0000000000000009e-02 0.0000000000000000e+00)
    (-1.9000000000000006e-01 3.0000000000000027e-02 0.0000000000000000e+00)
    (-1.9000000000000006e-01 5.0000000000000044e-02 0.0000000000000000e+00)
    (-1.9000000000000006e-01 7.0000000000000062e-02 0.0000000000000000e+00)
    (-1.9000000000000006e-01 8.9999999999999969e-02 0.0000000000000000e+00)
    (-1.9000000000000006e-01 1.0999999999999999e-01 0.0000000000000000e+00)
    (-1.9000000000000006e-01 1.3000000000000000e-01 0.0000000000000000e+00)
    (-1.9000000000000006e-01 1.5000000000000002e-01 0.0000000000000000e+00)
    (-1.9000000000000006e-01 1.7000000000000004e-01 0.0000000000000000e+00)
    (-1.9000000000000006e-01 1.9000000000000006e-01 0.0000000000000000e+00)
    (-1.9000000000000006e-01 2.0999999999999996e-01 0.0000000000000000e+00)
    (-1.9000000000000006e-01 2.2999999999999998e-01 0.0000000000000000e+00)
    (-1.9000000000000006e-01 2.5000000000000000e-01 0.0000000000000000e+00)
    (-1.9000000000000006e-01 2.7000000000000002e-01 0.0000000000000000e+00)
    (-1.9000000000000006e-01 2.9000000000000004e-01 0.0000000000000000e+00)
    (-1.9000000000000006e-01 3.1000000000000005e-01 0.0000000000000000e+00)
    (-1.9000000000000006e-01 3.3000000000000007e-01 0.0000000000000000e+00)
    (-1.9000000000000006e-01 3.4999999999999998e-01 0.0000000000000000e+00)
    (-1.9000000000000006e-01 3.7000000000000000e-01 0.0000000000000000e+00)
    (-1.9000000000000006e-01 3.9000000000000001e-01 0.0000000000000000e+00)
    (-1.9000000000000006e-01 4.1000000000000003e-01 0.0000000000000000e+00)
    (-1.9000000000000006e-01 4.3000000000000005e-01 0.0000000000000000e+00)
    (-1.9000000000000006e-01 4.5000000000000007e-01 0.0000000000000000e+00)
    (-1.9000000000000006e-01 4.6999999999999997e-01 0.0000000000000000e+00)
    (-1.9000000000000006e-01 4.8999999999999999e-01 0.0000000000000000e+00)
    (-2.0999999999999996e-01 -4.8999999999999999e-01 0.0000000000000000e+00)
    (-2.0999999999999996e-01 -4.6999999999999997e-01 0.0000000000000000e+00)
    (-2.0999999999999996e-01 -4.5000000000000001e-01 0.0000000000000000e+00)
    (-2.0999999999999996e-01 -4.2999999999999999e-01 0.0000000000000000e+00)
    (-2.0999999999999996e-01 -4.1000000000000003e-01 0.0000000000000000e+00)
    (-2.0999999999999996e-01 -3.9000000000000001e-01 0.0000000000000000e+00)
    (-2.0999999999999996e-01 -3.7000000000000000e-01 0.0000000000000000e+00)
    (-2.0999999999999996e-01 -3.4999999999999998e-01 0.0000000000000000e+00)
    (-2.0999999999999996e-01 -3.2999999999999996e-01 0.0000000000000000e+00)
    (-2.0999999999999996e-01 -3.1000000000000000e-01 0.0000000000000000e+00)
    (-2.0999999999999996e-01 -2.9000000000000004e-01 0.0000000000000000e+00)
    (-2.0999999999999996e-01 -2.7000000000000002e-01 0.0000000000000000e+00)
    (-2.0999999999999996e-01 -2.5000000000000000e-01 0.0000000000000000e+00)
    (-2.0999999999999996e-01 -2.2999999999999998e-01 0.0000000000000000e+00)
    (-2.0999999999999996e-01 -2.1000000000000002e-01 0.0000000000000000e+00)
    (-2.0999999999999996e-01 -1.9000000000000000e-01 0.0000000000000000e+00)
    (-2.0999999999999996e-01 -1.6999999999999998e-01 0.0000000000000000e+00)
    (-2.0999999999999996e-01 -1.4999999999999997e-01 0.0000000000000000e+00)
    (-2.0999999999999996e-01 -1.3000000000000000e-01 0.0000000000000000e+00)
    (-2.0999999999999996e-01 -1.0999999999999999e-01 0.0000000000000000e+00)
    (-2.0999999999999996e-01 -8.9999999999999969e-02 0.0000000000000000e+00)
    (-2.0999999999999996e-01 -7.0000000000000007e-02 0.0000000000000000e+00)
    (-2.0999999999999996e-01 -4.9999999999999989e-02 0.0000000000000000e+00)
    (-2.0999999999999996e-01 -2.9999999999999971e-02 0.0000000000000000e+00)
    (-2.0999999999999996e-01 -1.0000000000000009e-02 0.0000000000000000e+00)
    (-2.0999999999999996e-01 1.0000000000000009e-02 0.0000000000000000e+00)
    (-2.0999999999999996e-01 3.0000000000000027e-02 0.0000000000000000e+00)
    (-2.0999999999999996e-01 5.0000000000000044e-02 0.0000000000000000e+00)
    (-2.0999999999999996e-01 7.0000000000000062e-02 0.0000000000000000e+00)
    (-2.0999999999999996e-01 8.9999999999999969e-02 0.0000000000000000e+00)
    (-2.0999999999999996e-01 1.0999999999999999e-01 0.0000000000000000e+00)
    (-2.0999999999999996e-01 1.3000000000000000e-01 0.0000000000000000e+00)
    (-2.0999999999999996e-01 1.5000000000000002e-01 0.0000000000000000e+00)
    (-2.0999999999999996e-01 1.7000000000000004e-01 0.0000000000000000e+00)
    (-2.0999999999999996e-01 1.9000000000000006e-01 0.0000000000000000e+00)
    (-2.0999999999999996e-01 2.0999999999999996e-01 0.0000000000000000e+00)
    (-2.0999999999999996e-01 2.2999999999999998e-01 0.0000000000000000e+00)
    (-2.0999999999999996e-01 2.5000000000000000e-01 0.0000000000000000e+00)
    (-2.0999999999999996e-01 2.7000000000000002e-01 0.0000000000000000e+00)
    (-2.0999999999999996e-01 2.9000000000000004e-01 0.0000000000000000e+00)
    (-2.0999999999999996e-01 3.1000000000000005e-01 0.0000000000000000e+00)
    (-2.0999999999999996e-01 3.3000000000000007e-01 0.0000000000000000e+00)
    (-2.0999999999999996e-01 3.4999999999999998e-01 0.0000000000000000e+00)
    (-2.0999999999999996e-01 3.7000000000000000e-01 0.0000000000000000e+00)
    (-2.0999999999999996e-01 3.9000000000000001e-01 0.0000000000000000e+00)
    (-2.0999999999999996e-01 4.1000000000000003e-01 0.0000000000000000e+00)
    (-2.0999999999999996e-01 4.3000000000000005e-01 0.0000000000000000e+00)
    (-2.0999999999999996e-01 4.5000000000000007e-01 0.0000000000000000e+00)
    (-2.0999999999999996e-01 4.6999999999999997e-01 0.0000000000000000e+00)
    (-2.0999999999999996e-01 4.8999999999999999e-01 0.0000000000000000e+00)
    (-2.2999999999999998e-01 -4.8999999999999999e-01 0.0000000000000000e+00)
    (-2.2999999999999998e-01 -4.6999999999999997e-01 0.0000000000000000e+00)
    (-2.2999999999999998e-01 -4.5000000000000001e-01 0.0000000000000000e+00)
    (-2.2999999999999998e-01 -4.2999999999999999e-01 0.0000000000000000e+00)
    (-2.2999999999999998e-01 -4.1000000000000003e-01 0.0000000000000000e+00)
    (-2.2999999999999998e-01 -3.9000000000000001e-01 0.0000000000000000e+00)
    (-2.2999999999999998e-01 -3.7000000000000000e-01 0.0000000000000000e+00)
    (-2.2999999999999998e-01 -3.4999999999999998e-01 0.0000000000000000e+00)
    (-2.2999999999999998e-01 -3.2999999999999996e-01 0.0000000000000000e+00)
    (-2.2999999999999998e-01 -3.1000000000000000e-01 0.0000000000000000e+00)
    (-2.2999999999999998e-01 -2.9000000000000004e-01 0.0000000000000000e+00)
    (-2.2999999999999998e-01 -2.7000000000000002e-01 0.0000000000000000e+00)
    (-2.2999999999999998e-01 -2.5000000000000000e-01 0.0000000000000000e+00)
    (-2.2999999999999998e-01 -2.2999999999999998e-01 0.0000000000000000e+00)
    (-2.2999999999999998e-01 -2.1000000000000002e-01 0.0000000000000000e+00)
    (-2.2999999999999998e-01 -1.9000000000000000e-01 0.0000000000000000e+00)
    (-2.2999999999999998e-01 -1.6999999999999998e-01 0.0000000000000000e+00)
    (-2.2999999999999998e-01 -1.4999999999999997e-01 0.0000000000000000e+00)
    (-2.2999999999999998e-01 -1.3000000000000000e-01 0.0000000000000000e+00)
    (-2.2999999999999998e-01 -1.0999999999999999e-01 0.0000000000000000e+00)
    (-2.2999999999999998e-01 -8.9999999999999969e-02 0.0000000000000000e+00)
    (-2.2999999999999998e-01 -7.0000000000000007e-02 0.0000000000000000e+00)
    (-2.2999999999999998e-01 -4.9999999999999989e-02 0.0000000000000000e+00)
    (-2.2999999999999998e-01 -2.9999999999999971e-02 0.0000000000000000e+00)
    (-2.2999999999999998e-01 -1.0000000000000009e-02 0.0000000000000000e+00)
    (-2.2999999999999998e-01 1.0000000000000009e-02 0.0000000000000000e+00)
    (-2.2999999999999998e-01 3.0000000000000027e-02 0.0000000000000000e+00)
    (-2.2999999999999998e-01 5.0000000000000044e-02 0.0000000000000000e+00)
    (-2.2999999999999998e-01 7.0000000000000062e-02 0.0000000000000000e+00)
    (-2.2999999999999998e-01 8.9999999999999969e-02 0.0000000000000000e+00)
    (-2.2999999999999998e-01 1.0999999999999999e-01 0.0000000000000000e+00)
    (-2.2999999999999998e-01 1.3000000000000000e-01 0.0000000000000000e+00)
    (-2.2999999999999998e-01 1.5000000000000002e-01 0.0000000000000000e+00)
    (-2.2999999999999998e-01 1.7000000000000004e-01 0.0000000000000000e+00)
    (-2.2999999999999998e-01 1.9000000000000006e-01 0.0000000000000000e+00)
    (-2.2999999999999998e-01 2.0999999999999996e-01 0.0000000000000000e+00)
    (-2.2999999999999998e-01 2.2999999999999998e-01 0.0000000000000000e+00)
    (-2.2999999999999998e-01 2.5000000000000000e-01 0.0000000000000000e+00)
    (-2.2999999999999998e-01 2.7000000000000002e-01 0.0000000000000000e+00)
    (-2.2999999999999998e-01 2.9000000000000004e-01 0.0000000000000000e+00)
    (-2.2999999999999998e-01 3.1000000000000005e-01 0.0000000000000000e+00)
    (-2.2999999999999998e-01 3.3000000000000007e-01 0.0000000000000000e+00)
    (-2.2999999999999998e-01 3.4999999999999998e-01 0.0000000000000000e+00)
    (-2.2999999999999998e-01 3.7000000000000000e-01 0.0000000000000000e+00)
    (-2.2999999999999998e-01 3.9000000000000001e-01 0.0000000000000000e+00)
    (-2.2999999999999998e-01 4.1000000000000003e-01 0.0000000000000000e+00)
    (-2.2999999999999998e-01 4.3000000000000005e-01 0.0000000000000000e+00)
    (-2.2999999999999998e-01 4.5000000000000007e-01 0.0000000000000000e+00)
    (-2.2999999999999998e-01 4.6999999999999997e-01 0.0000000000000000e+00)
    (-2.2999999999999998e-01 4.8999999999999999e-01 0.0000000000000000e+00)
    (-2.5000000000000000e-01 -4.8999999999999999e-01 0.0000000000000000e+00)
    (-2.5000000000000000e-01 -4.6999999999999997e-01 0.0000000000000000e+00)
    (-2.5000000000000000e-01 -4.5000000000000001e-01 0.0000000000000000e+00)
    (-2.5000000000000000e-01 -4.2999999999999999e-01 0.0000000000000000e+00)
    (-2.5000000000000000e-01 -4.1000000000000003e-01 0.0000000000000000e+00)
    (-2.5000000000000000e-01 -3.9000000000000001e-01 0.0000000000000000e+00)
    (-2.5000000000000000e-01 -3.7000000000000000e-01 0.0000000000000000e+00)
    (-2.5000000000000000e-01 -3.4999999999999998e-01 0.0000000000000000e+00)
    (-2.5000000000000000e-01 -3.2999999999999996e-01 0.0000000000000000e+00)
    (-2.5000000000000000e-01 -3.1000000000000000e-01 0.0000000000000000e+00)
    (-2.5000000000000000e-01 -2.9000000000000004e-01 0.0000000000000000e+00)
    (-2.5000000000000000e-01 -2.7000000000000002e-01 0.0000000000000000e+00)
    (-2.5000000000000000e-01 -2.5000000000000000e-01 0.0000000000000000e+00)
    (-2.5000000000000000e-01 -2.2999999999999998e-01 0.0000000000000000e+00)
    (-2.5000000000000000e-01 -2.1000000000000002e-01 0.0000000000000000e+00)
    (-2.5000000000000000e-01 -1.9000000000000000e-01 0.0000000000000000e+00)
    (-2.5000000000000000e-01 -1.6999999999999998e-01 0.0000000000000000e+00)
    (-2.5000000000000000e-01 -1.4999999999999997e-01 0.0000000000000000e+00)
    (-2.5000000000000000e-01 -1.3000000000000000e-01 0.0000000000000000e+00)
    (-2.5000000000000000e-01 -1.0999999999999999e-01 0.0000000000000000e+00)
    (-2.5000000000000000e-01 -8.9999999999999969e-02 0.0000000000000000e+00)
    (-2.5000000000000000e-01 -7.0000000000000007e-02 0.0000000000000000e+00)
    (-2.5000000000000000e-01 -4.9999999999999989e-02 0.0000000000000000e+00)
    (-2.5000000000000000e-01 -2.9999999999999971e-02 0.0000000000000000e+00)
    (-2.5000000000000000e-01 -1.0000000000000009e-02 0.0000000000000000e+00)
    (-2.5000000000000000e-01 1.0000000000000009e-02 0.0000000000000000e+00)
    (-2.5000000000000000e-01 3.0000000000000027e-02 0.0000000000000000e+00)
    (-2.5000000000000000e-01 5.0000000000000044e-02 0.0000000000000000e+00)
    (-2.5000000000000000e-01 7.0000000000000062e-02 0.0000000000000000e+00)
    (-2.5000000000000000e-01 8.9999999999999969e-02 0.0000000000000000e+00)
    (-2.5000000000000000e-01 1.0999999999999999e-01 0.0000000000000000e+00)
    (-2.5000000000000000e-01 1.3000000000000000e-01 0.0000000000000000e+00)
    (-2.5000000000000000e-01 1.5000000000000002e-01 0.0000000000000000e+00)
    (-2.5000000000000000e-01 1.7000000000000004e-01 0.0000000000000000e+00)
    (-2.5000000000000000e-01 1.9000000000000006e-01 0.0000000000000000e+00)
    (-2.5000000000000000e-01 2.0999999999999996e-01 0.0000000000000000e+00)
    (-2.5000000000000000e-01 2.2999999999999998e-01 0.0000000000000000e+00)
    (-2.5000000000000000e-01 2.5000000000000000e-01 0.0000000000000000e+00)
    (-2.5000000000000000e-01 2.7000000000000002e-01 0.0000000000000000e+00)
    (-2.5000000000000000e-01 2.9000000000000004e-01 0.0000000000000000e+00)
    (-2.5000000000000000e-01 3.1000000000000005e-01 0.0000000000000000e+00)
    (-2.5000000000000000e-01 3.3000000000000007e-01 0.0000000000000000e+00)
    (-2.5000000000000000e-01 3.4999999999999998e-01 0.0000000000000000e+00)
    (-2.5000000000000000e-01 3.7000000000000000e-01 0.0000000000000000e+00)
    (-2.5000000000000000e-01 3.9000000000000001e-01 0.0000000000000000e+00)
    (-2.5000000000000000e-01 4.1000000000000003e-01 0.0000000000000000e+00)
    (-2.5000000000000000e-01 4.3000000000000005e-01 0.0000000000000000e+00)
    (-2.5000000000000000e-01 4.5000000000000007e-01 0.0000000000000000e+00)
    (-2.5000000000000000e-01 4.6999999999999997e-01 0.0000000000000000e+00)
    (-2.5000000000000000e-01 4.8999999999999999e-01 0.0000000000000000e+00)
    (-2.7000000000000002e-01 -4.8999999999999999e-01 0.0000000000000000e+00)
    (-2.7000000000000002e-01 -4.6999999999999997e-01 0.0000000000000000e+00)
    (-2.7000000000000002e-01 -4.5000000000000001e-01 0.0000000000000000e+00)
    (-2.7000000000000002e-01 -4.2999999999999999e-01 0.0000000000000000e+00)
    (-2.7000000000000002e-01 -4.1000000000000003e-01 0.0000000000000000e+00)
    (-2.7000000000000002e-01 -3.9000000000000001e-01 0.0000000000000000e+00)
    (-2.7000000000000002e-01 -3.7000000000000000e-01 0.0000000000000000e+00)
    (-2.7000000000000002e-01 -3.4999999999999998e-01 0.0000000000000000e+00)
    (-2.7000000000000002e-01 -3.2999999999999996e-01 0.0000000000000000e+00)
    (-2.7000000000000002e-01 -3.1000000000000000e-01 0.0000000000000000e+00)
    (-2.7000000000000002e-01 -2.9000000000000004e-01 0.0000000000000000e+00)
    (-2.7000000000000002e-01 -2.7000000000000002e-01 0.0000000000000000e+00)
    (-2.7000000000000002e-01 -2.5000000000000000e-01 0.0000000000000000e+00)
    (-2.7000000000000002e-01 -2.2999999999999998e-01 0.0000000000000000e+00)
    (-2.7000000000000002e-01 -2.1000000000000002e-01 0.0000000000000000e+00)
    (-2.7000000000000002e-01 -1.9000000000000000e-01 0.0000000000000000e+00)
    (-2.7000000000000002e-01 -1.6999999999999998e-01 0.0000000000000000e+00)
    (-2.7000000000000002e-01 -1.4999999999999997e-01 0.0000000000000000e+00)
    (-2.7000000000000002e-01 -1.3000000000000000e-01 0.0000000000000000e+00)
    (-2.7000000000000002e-01 -1.0999999999999999e-01 0.0000000000000000e+00)
    (-2.7000000000000002e-01 -8.9999999999999969e-02 0.0000000000000000e+00)
    (-2.7000000000000002e-01 -7.0000000000000007e-02 0.0000000000000000e+00)
    (-2.7000000000000002e-01 -4.9999999999999989e-02 0.0000000000000000e+00)
    (-2.7000000000000002e-01 -2.9999999999999971e-02 0.0000000000000000e+00)
    (-2.7000000000000002e-01 -1.0000000000000009e-02 0.0000000000000000e+00)
    (-2.7000000000000002e-01 1.0000000000000009e-02 0.0000000000000000e+00)
    (-2.7000000000000002e-01 3.0000000000000027e-02 0.0000000000000000e+00)
    (-2.7000000000000002e-01 5.0000000000000044e-02 0.0000000000000000e+00)
    (-2.7000000000000002e-01 7.0000000000000062e-02 0.0000000000000000e+00)
    (-2.7000000000000002e-01 8.9999999999999969e-02 0.0000000000000000e+00)
    (-2.7000000000000002e-01 1.0999999999999999e-01 0.0000000000000000e+00)
    (-2.7000000000000002e-01 1.3000000000000000e-01 0.0000000000000000e+00)
    (-2.7000000000000002e-01 1.5000000000000002e-01 0.0000000000000000e+00)
    (-2.7000000000000002e-01 1.7000000000000004e-01 0.0000000000000000e+00)
    (-2.7000000000000002e-01 1.9000000000000006e-01 0.0000000000000000e+00)
    (-2.7000000000000002e-01 2.0999999999999996e-01 0.0000000000000000e+00)
    (-2.7000000000000002e-01 2.2999999999999998e-01 0.0000000000000000e+00)
    (-2.7000000000000002e-01 2.5000000000000000e-01 0.0000000000000000e+00)
    (-2.7000000000000002e-01 2.7000000000000002e-01 0.0000000000000000e+00)
    (-2.7000000000000002e-01 2.9000000000000004e-01 0.0000000000000000e+00)
    (-2.7000000000000002e-01 3.1000000000000005e-01 0.0000000000000000e+00)
    (-2.7000000000000002e-01 3.3000000000000007e-01 0.0000000000000000e+00)
    (-2.7000000000000002e-01 3.4999999999999998e-01 0.0000000000000000e+00)
    (-2.7000000000000002e-01 3.7000000000000000e-01 0.0000000000000000e+00)
    (-2.7000000000000002e-01 3.9000000000000001e-01 0.0000000000000000e+00)
    (-2.7000000000000002e-01 4.1000000000000003e-01 0.0000000000000000e+00)
    (-2.7000000000000002e-01 4.3000000000000005e-01 0.0000000000000000e+00)
    (-2.7000000000000002e-01 4.5000000000000007e-01 0.0000000000000000e+00)
    (-2.7000000000000002e-01 4.6999999999999997e-01 0.0000000000000000e+00)
    (-2.7000000000000002e-01 4.8999999999999999e-01 0.0000000000000000e+00)
    (-2.9000000000000004e-01 -4.8999999999999999e-01 0.0000000000000000e+00)
    (-2.9000000000000004e-01 -4.6999999999999997e-01 0.0000000000000000e+00)
    (-2.9000000000000004e-01 -4.5000000000000001e-01 0.0000000000000000e+00)
    (-2.9000000000000004e-01 -4.2999999999999999e-01 0.0000000000000000e+00)
    (-2.9000000000000004e-01 -4.1000000000000003e-01 0.0000000000000000e+00)
    (-2.9000000000000004e-01 -3.9000000000000001e-01 0.0000000000000000e+00)
    (-2.9000000000000004e-01 -3.7000000000000000e-01 0.0000000000000000e+00)
    (-2.9000000000000004e-01 -3.4999999999999998e-01 0.0000000000000000e+00)
    (-2.9000000000000004e-01 -3.2999999999999996e-01 0.0000000000000000e+00)
    (-2.9000000000000004e-01 -3.1000000000000000e-01 0.0000000000000000e+00)
    (-2.9000000000000004e-01 -2.9000000000000004e-01 0.0000000000000000e+00)
    (-2.9000000000000004e-01 -2.7000000000000002e-01 0.0000000000000000e+00)
    (-2.9000000000000004e-01 -2.5000000000000000e-01 0.0000000000000000e+00)
    (-2.9000000000000004e-01 -2.2999999999999998e-01 0.0000000000000000e+00)
    (-2.9000000000000004e-01 -2.1000000000000002e-01 0.0000000000000000e+00)
    (-2.9000000000000004e-01 -1.9000000000000000e-01 0.0000000000000000e+00)
    (-2.9000000000000004e-01 -1.6999999999999998e-01 0.0000000000000000e+00)
    (-2.9000000000000004e-01 -1.4999999999999997e-01 0.0000000000000000e+00)
    (-2.9000000000000004e-01 -1.3000000000000000e-01 0.0000000000000000e+00)
    (-2.9000000000000004e-01 -1.0999999999999999e-01 0.0000000000000000e+00)
    (-2.9000000000000004e-01 -8.9999999999999969e-02 0.0000000000000000e+00)
    (-2.9000000000000004e-01 -7.0000000000000007e-02 0.0000000000000000e+00)
    (-2.9000000000000004e-01 -4.9999999999999989e-02 0.0000000000000000e+00)
    (-2.9000000000000004e-01 -2.9999999999999971e-02 0.0000000000000000e+00)
    (-2.9000000000000004e-01 -1.0000000000000009e-02 0.0000000000000000e+00)
    (-2.9000000000000004e-01 1.0000000000000009e-02 0.0000000000000000e+00)
    (-2.9000000000000004e-01 3.0000000000000027e-02 0.0000000000000000e+00)
    (-2.9000000000000004e-01 5.0000000000000044e-02 0.0000000000000000e+00)
    (-2.9000000000000004e-01 7.0000000000000062e-02 0.0000000000000000e+00)
    (-2.9000000000000004e-01 8.9999999999999969e-02 0.0000000000000000e+00)
    (-2.9000000000000004e-01 1.0999999999999999e-01 0.0000000000000000e+00)
    (-2.9000000000000004e-01 1.3000000000000000e-01 0.0000000000000000e+00)
    (-2.9000000000000004e-01 1.5000000000000002e-01 0.0000000000000000e+00)
    (-2.9000000000000004e-01 1.7000000000000004e-01 0.0000000000000000e+00)
    (-2.9000000000000004e-01 1.9000000000000006e-01 0.0000000000000000e+00)
    (-2.9000000000000004e-01 2.0999999999999996e-01 0.0000000000000000e+00)
    (-2.9000000000000004e-01 2.2999999999999998e-01 0.0000000000000000e+00)
    (-2.9000000000000004e-01 2.5000000000000000e-01 0.0000000000000000e+00)
    (-2.9000000000000004e-01 2.7000000000000002e-01 0.0000000000000000e+00)
    (-2.9000000000000004e-01 2.9000000000000004e-01 0.0000000000000000e+00)
    (-2.9000000000000004e-01 3.1000000000000005e-01 0.0000000000000000e+00)
    (-2.9000000000000004e-01 3.3000000000000007e-01 0.0000000000000000e+00)
    (-2.9000000000000004e-01 3.4999999999999998e-01 0.0000000000000000e+00)
    (-2.9000000000000004e-01 3.7000000000000000e-01 0.0000000000000000e+00)
    (-2.9000000000000004e-01 3.9000000000000001e-01 0.0000000000000000e+00)
    (-2.9000000000000004e-01 4.1000000000000003e-01 0.0000000000000000e+00)
    (-2.9000000000000004e-01 4.3000000000000005e-01 0.0000000000000000e+00)
    (-2.9000000000000004e-01 4.5000000000000007e-01 0.0000000000000000e+00)
    (-2.9000000000000004e-01 4.6999999999999997e-01 0.0000000000000000e+00)
    (-2.9000000000000004e-01 4.8999999999999999e-01 0.0000000000000000e+00)
    (-3.1000000000000005e-01 -4.8999999999999999e-01 0.0000000000000000e+00)
    (-3.1000000000000005e-01 -4.6999999999999997e-01 0.0000000000000000e+00)
    (-3.1000000000000005e-01 -4.5000000000000001e-01 0.0000000000000000e+00)
    (-3.1000000000000005e-01 -4.2999999999999999e-01 0.0000000000000000e+00)
    (-3.1000000000000005e-01 -4.1000000000000003e-01 0.0000000000000000e+00)
    (-3.1000000000000005e-01 -3.9000000000000001e-01 0.0000000000000000e+00)
    (-3.1000000000000005e-01 -3.7000000000000000e-01 0.0000000000000000e+00)
    (-3.1000000000000005e-01 -3.4999999999999998e-01 0.0000000000000000e+00)
    (-3.1000000000000005e-01 -3.2999999999999996e-01 0.0000000000000000e+00)
    (-3.1000000000000005e-01 -3.1000000000000000e-01 0.0000000000000000e+00)
    (-3.1000000000000005e-01 -2.9000000000000004e-01 0.0000000000000000e+00)
    (-3.1000000000000005e-01 -2.7000000000000002e-01 0.0000000000000000e+00)
    (-3.1000000000000005e-01 -2.5000000000000000e-01 0.0000000000000000e+00)
    (-3.1000000000000005e-01 -2.2999999999999998e-01 0.0000000000000000e+00)
    (-3.1000000000000005e-01 -2.1000000000000002e-01 0.0000000000000000e+00)
    (-3.1000000000000005e-01 -1.9000000000000000e-01 0.0000000000000000e+00)
    (-3.1000000000000005e-01 -1.6999999999999998e-01 0.0000000000000000e+00)
    (-3.1000000000000005e-01 -1.4999999999999997e-01 0.0000000000000000e+00)
    (-3.1000000000000005e-01 -1.3000000000000000e-01 0.0000000000000000e+00)
    (-3.1000000000000005e-01 -1.0999999999999999e-01 0.0000000000000000e+00)
    (-3.1000000000000005e-01 -8.9999999999999969e-02 0.0000000000000000e+00)
    (-3.1000000000000005e-01 -7.0000000000000007e-02 0.0000000000000000e+00)
    (-3.1000000000000005e-01 -4.9999999999999989e-02 0.0000000000000000e+00)
    (-3.1000000000000005e-01 -2.9999999999999971e-02 0.0000000000000000e+00)
    (-3.1000000000000005e-01 -1.0000000000000009e-02 0.0000000000000000e+00)
    (-3.1000000000000005e-01 1.0000000000000009e-02 0.0000000000000000e+00)
    (-3.1000000000000005e-01 3.0000000000000027e-02 0.0000000000000000e+00)
    (-3.1000000000000005e-01 5.0000000000000044e-02 0.0000000000000000e+00)
    (-3.1000000000000005e-01 7.0000000000000062e-02 0.0000000000000000e+00)
    (-3.1000000000000005e-01 8.9999999999999969e-02 0.0000000000000000e+00)
    (-3.1000000000000005e-01 1.0999999999999999e-01 0.0000000000000000e+00)
    (-3.1000000000000005e-01 1.3000000000000000e-01 0.0000000000000000e+00)
    (-3.1000000000000005e-01 1.5000000000000002e-01 0.0000000000000000e+00)
    (-3.1000000000000005e-01 1.7000000000000004e-01 0.0000000000000000e+00)
    (-3.1000000000000005e-01 1.9000000000000006e-01 0.0000000000000000e+00)
    (-3.1000000000000005e-01 2.0999999999999996e-01 0.0000000000000000e+00)
    (-3.1000000000000005e-01 2.2999999999999998e-01 0.0000000000000000e+00)
    (-3.1000000000000005e-01 2.5000000000000000e-01 0.0000000000000000e+00)
    (-3.1000000000000005e-01 2.7000000000000002e-01 0.0000000000000000e+00)
    (-3.1000000000000005e-01 2.9000000000000004e-01 0.0000000000000000e+00)
    (-3.1000000000000005e-01 3.1000000000000005e-01 0.0000000000000000e+00)
    (-3.1000000000000005e-01 3.3000000000000007e-01 0.0000000000000000e+00)
    (-3.1000000000000005e-01 3.4999999999999998e-01 0.0000000000000000e+00)
    (-3.1000000000000005e-01 3.7000000000000000e-01 0.0000000000000000e+00)
    (-3.1000000000000005e-01 3.9000000000000001e-01 0.0000000000000000e+00)
    (-3.1000000000000005e-01 4.1000000000000003e-01 0.0000000000000000e+00)
    (-3.1000000000000005e-01 4.3000000000000005e-01 0.0000000000000000e+00)
    (-3.1000000000000005e-01 4.5000000000000007e-01 0.0000000000000000e+00)
    (-3.1000000000000005e-01 4.6999999999999997e-01 0.0000000000000000e+00)
    (-3.1000000000000005e-01 4.8999999999999999e-01 0.0000000000000000e+00)
    (-3.3000000000000007e-01 -4.8999999999999999e-01 0.0000000000000000e+00)
    (-3.3000000000000007e-01 -4.6999999999999997e-01 0.0000000000000000e+00)
    (-3.3000000000000007e-01 -4.5000000000000001e-01 0.0000000000000000e+00)
    (-3.3000000000000007e-01 -4.2999999999999999e-01 0.0000000000000000e+00)
    (-3.3000000000000007e-01 -4.1000000000000003e-01 0.0000000000000000e+00)
    (-3.3000000000000007e-01 -3.9000000000000001e-01 0.0000000000000000e+00)
    (-3.3000000000000007e-01 -3.7000000000000000e-01 0.0000000000000000e+00)
    (-3.3000000000000007e-01 -3.4999999999999998e-01 0.0000000000000000e+00)
    (-3.3000000000000007e-01 -3.2999999999999996e-01 0.0000000000000000e+00)
    (-3.3000000000000007e-01 -3.1000000000000000e-01 0.0000000000000000e+00)
    (-3.3000000000000007e-01 -2.9000000000000004e-01 0.0000000000000000e+00)
    (-3.3000000000000007e-01 -2.7000000000000002e-01 0.0000000000000000e+00)
    (-3.3000000000000007e-01 -2.5000000000000000e-01 0.0000000000000000e+00)
    (-3.3000000000000007e-01 -2.2999999999999998e-01 0.0000000000000000e+00)
    (-3.3000000000000007e-01 -2.1000000000000002e-01 0.0000000000000000e+00)
    (-3.3000000000000007e-01 -1.9000000000000000e-01 0.0000000000000000e+00)
    (-3.3000000000000007e-01 -1.6999999999999998e-01 0.0000000000000000e+00)
    (-3.3000000000000007e-01 -1.4999999999999997e-01 0.0000000000000000e+00)
    (-3.3000000000000007e-01 -1.3000000000000000e-01 0.0000000000000000e+00)
    (-3.3000000000000007e-01 -1.0999999999999999e-01 0.0000000000000000e+00)
    (-3.3000000000000007e-01 -8.9999999999999969e-02 0.0000000000000000e+00)
    (-3.3000000000000007e-01 -7.0000000000000007e-02 0.0000000000000000e+00)
    (-3.3000000000000007e-01 -4.9999999999999989e-02 0.0000000000000000e+00)
    (-3.3000000000000007e-01 -2.9999999999999971e-02 0.0000000000000000e+00)
    (-3.3000000000000007e-01 -1.0000000000000009e-02 0.0000000000000000e+00)
    (-3.3000000000000007e-01 1.0000000000000009e-02 0.0000000000000000e+00)
    (-3.3000000000000007e-01 3.0000000000000027e-02 0.0000000000000000e+00)
    (-3.3000000000000007e-01 5.0000000000000044e-02 0.0000000000000000e+00)
    (-3.3000000000000007e-01 7.0000000000000062e-02 0.0000000000000000e+00)
    (-3.3000000000000007e-01 8.9999999999999969e-02 0.0000000000000000e+00)
    (-3.3000000000000007e-01 1.0999999999999999e-01 0.0000000000000000e+00)
    (-3.3000000000000007e-01 1.3000000000000000e-01 0.0000000000000000e+00)
    (-3.3000000000000007e-01 1.5000000000000002e-01 0.0000000000000000e+00)
    (-3.3000000000000007e-01 1.7000000000000004e-01 0.0000000000000000e+00)
    (-3.3000000000000007e-01 1.9000000000000006e-01 0.0000000000000000e+00)
    (-3.3000000000000007e-01 2.0999999999999996e-01 0.0000000000000000e+00)
    (-3.3000000000000007e-01 2.2999999999999998e-01 0.0000000000000000e+00)
    (-3.3000000000000007e-01 2.5000000000000000e-01 0.0000000000000000e+00)
    (-3.3000000000000007e-01 2.7000000000000002e-01 0.0000000000000000e+00)
    (-3.3000000000000007e-01 2.9000000000000004e-01 0.0000000000000000e+00)
    (-3.3000000000000007e-01 3.1000000000000005e-01 0.0000000000000000e+00)
    (-3.3000000000000007e-01 3.3000000000000007e-01 0.0000000000000000e+00)
    (-3.3000000000000007e-01 3.4999999999999998e-01 0.0000000000000000e+00)
    (-3.3000000000000007e-01 3.7000000000000000e-01 0.0000000000000000e+00)
    (-3.3000000000000007e-01 3.9000000000000001e-01 0.0000000000000000e+00)
    (-3.3000000000000007e-01 4.1000000000000003e-01 0.0000000000000000e+00)
    (-3.3000000000000007e-01 4.3000000000000005e-01 0.0000000000000000e+00)
    (-3.3000000000000007e-01 4.5000000000000007e-01 0.0000000000000000e+00)
    (-3.3000000000000007e-01 4.6999999999999997e-01 0.0000000000000000e+00)
    (-3.3000000000000007e-01 4.8999999999999999e-01 0.0000000000000000e+00)
    (-3.4999999999999998e-01 -4.8999999999999999e-01 0.0000000000000000e+00)
    (-3.4999999999999998e-01 -4.6999999999999997e-01 0.0000000000000000e+00)
    (-3.4999999999999998e-01 -4.5000000000000001e-01 0.0000000000000000e+00)
    (-3.4999999999999998e-01 -4.2999999999999999e-01 0.0000000000000000e+00)
    (-3.4999999999999998e-01 -4.1000000000000003e-01 0.0000000000000000e+00)
    (-3.4999999999999998e-01 -3.9000000000000001e-01 0.0000000000000000e+00)
    (-3.4999999999999998e-01 -3.7000000000000000e-01 0.0000000000000000e+00)
    (-3.4999999999999998e-01 -3.4999999999999998e-01 0.0000000000000000e+00)
    (-3.4999999999999998e-01 -3.2999999999999996e-01 0.0000000000000000e+00)
    (-3.4999999999999998e-01 -3.1000000000000000e-01 0.0000000000000000e+00)
    (-3.4999999999999998e-01 -2.9000000000000004e-01 0.0000000000000000e+00)
    (-3.4999999999999998e-01 -2.7000000000000002e-01 0.0000000000000000e+00)
    (-3.4999999999999998e-01 -2.5000000000000000e-01 0.0000000000000000e+00)
    (-3.4999999999999998e-01 -2.2999999999999998e-01 0.0000000000000000e+00)
    (-3.4999999999999998e-01 -2.1000000000000002e-01 0.0000000000000000e+00)
    (-3.4999999999999998e-01 -1.9000000000000000e-01 0.0000000000000000e+00)
    (-3.4999999999999998e-01 -1.6999999999999998e-01 0.0000000000000000e+00)
    (-3.4999999999999998e-01 -1.4999999999999997e-01 0.0000000000000000e+00)
    (-3.4999999999999998e-01 -1.3000000000000000e-01 0.0000000000000000e+00)
    (-3.4999999999999998e-01 -1.0999999999999999e-01 0.0000000000000000e+00)
    (-3.4999999999999998e-01 -8.9999999999999969e-02 0.0000000000000000e+00)
    (-3.4999999999999998e-01 -7.0000000000000007e-02 0.0000000000000000e+00)
    (-3.4999999999999998e-01 -4.9999999999999989e-02 0.0000000000000000e+00)
    (-3.4999999999999998e-01 -2.9999999999999971e-02 0.0000000000000000e+00)
    (-3.4999999999999998e-01 -1.0000000000000009e-02 0.0000000000000000e+00)
    (-3.4999999999999998e-01 1.0000000000000009e-02 0.0000000000000000e+00)
    (-3.4999999999999998e-01 3.0000000000000027e-02 0.0000000000000000e+00)
    (-3.4999999999999998e-01 5.0000000000000044e-02 0.0000000000000000e+00)
    (-3.4999999999999998e-01 7.0000000000000062e-02 0.0000000000000000e+00)
    (-3.4999999999999998e-01 8.9999999999999969e-02 0.0000000000000000e+00)
    (-3.4999999999999998e-01 1.0999999999999999e-01 0.0000000000000000e+00)
    (-3.4999999999999998e-01 1.3000000000000000e-01 0.0000000000000000e+00)
    (-3.4999999999999998e-01 1.5000000000000002e-01 0.0000000000000000e+00)
    (-3.4999999999999998e-01 1.7000000000000004e-01 0.0000000000000000e+00)
    (-3.4999999999999998e-01 1.9000000000000006e-01 0.0000000000000000e+00)
    (-3.4999999999999998e-01 2.0999999999999996e-01 0.0000000000000000e+00)
    (-3.4999999999999998e-01 2.2999999999999998e-01 0.0000000000000000e+00)
    (-3.4999999999999998e-01 2.5000000000000000e-01 0.0000000000000000e+00)
    (-3.4999999999999998e-01 2.7000000000000002e-01 0.0000000000000000e+00)
    (-3.4999999999999998e-01 2.9000000000000004e-01 0.0000000000000000e+00)
    (-3.4999999999999998e-01 3.1000000000000005e-01 0.0000000000000000e+00)
    (-3.4999999999999998e-01 3.3000000000000007e-01 0.0000000000000000e+00)
    (-3.4999999999999998e-01 3.4999999999999998e-01 0.0000000000000000e+00)
    (-3.4999999999999998e-01 3.7000000000000000e-01 0.0000000000000000e+00)
    (-3.4999999999999998e-01 3.9000000000000001e-01 0.0000000000000000e+00)
    (-3.4999999999999998e-01 4.1000000000000003e-01 0.0000000000000000e+00)
    (-3.4999999999999998e-01 4.3000000000000005e-01 0.0000000000000000e+00)
    (-3.4999999999999998e-01 4.5000000000000007e-01 0.0000000000000000e+00)
    (-3.4999999999999998e-01 4.6999999999999997e-01 0.0000000000000000e+00)
    (-3.4999999999999998e-01 4.8999999999999999e-01 0.0000000000000000e+00)
    (-3.7000000000000000e-01 -4.8999999999999999e-01 0.0000000000000000e+00)
    (-3.7000000000000000e-01 -4.6999999999999997e-01 0.0000000000000000e+00)
    (-3.7000000000000000e-01 -4.5000000000000001e-01 0.0000000000000000e+00)
    (-3.7000000000000000e-01 -4.2999999999999999e-01 0.0000000000000000e+00)
    (-3.7000000000000000e-01 -4.1000000000000003e-01 0.0000000000000000e+00)
    (-3.7000000000000000e-01 -3.9000000000000001e-01 0.0000000000000000e+00)
    (-3.7000000000000000e-01 -3.7000000000000000e-01 0.0000000000000000e+00)
    (-3.7000000000000000e-01 -3.4999999999999998e-01 0.0000000000000000e+00)
    (-3.7000000000000000e-01 -3.2999999999999996e-01 0.0000000000000000e+00)
    (-3.7000000000000000e-01 -3.1000000000000000e-01 0.0000000000000000e+00)
    (-3.7000000000000000e-01 -2.9000000000000004e-01 0.0000000000000000e+00)
    (-3.7000000000000000e-01 -2.7000000000000002e-01 0.0000000000000000e+00)
    (-3.7000000000000000e-01 -2.5000000000000000e-01 0.0000000000000000e+00)
    (-3.7000000000000000e-01 -2.2999999999999998e-01 0.0000000000000000e+00)
    (-3.7000000000000000e-01 -2.1000000000000002e-01 0.0000000000000000e+00)
    (-3.7000000000000000e-01 -1.9000000000000000e-01 0.0000000000000000e+00)
    (-3.7000000000000000e-01 -1.6999999999999998e-01 0.0000000000000000e+00)
    (-3.7000000000000000e-01 -1.4999999999999997e-01 0.0000000000000000e+00)
    (-3.7000000000000000e-01 -1.3000000000000000e-01 0.0000000000000000e+00)
    (-3.7000000000000000e-01 -1.0999999999999999e-01 0.0000000000000000e+00)
    (-3.7000000000000000e-01 -8.9999999999999969e-02 0.0000000000000000e+00)
    (-3.7000000000000000e-01 -7.0000000000000007e-02 0.0000000000000000e+00)
    (-3.7000000000000000e-01 -4.9999999999999989e-02 0.0000000000000000e+00)
    (-3.7000000000000000e-01 -2.9999999999999971e-02 0.0000000000000000e+00)
    (-3.7000000000000000e-01 -1.0000000000000009e-02 0.0000000000000000e+00)
    (-3.7000000000000000e-01 1.0000000000000009e-02 0.0000000000000000e+00)
    (-3.7000000000000000e-01 3.0000000000000027e-02 0.0000000000000000e+00)
    (-3.7000000000000000e-01 5.0000000000000044e-02 0.0000000000000000e+00)
    (-3.7000000000000000e-01 7.0000000000000062e-02 0.0000000000000000e+00)
    (-3.7000000000000000e-01 8.9999999999999969e-02 0.0000000000000000e+00)
    (-3.7000000000000000e-01 1.0999999999999999e-01 0.0000000000000000e+00)
    (-3.7000000000000000e-01 1.3000000000000000e-01 0.0000000000000000e+00)
    (-3.7000000000000000e-01 1.5000000000000002e-01 0.0000000000000000e+00)
    (-3.7000000000000000e-01 1.7000000000000004e-01 0.0000000000000000e+00)
    (-3.7000000000000000e-01 1.9000000000000006e-01 0.0000000000000000e+00)
    (-3.7000000000000000e-01 2.0999999999999996e-01 0.0000000000000000e+00)
    (-3.7000000000000000e-01 2.2999999999999998e-01 0.0000000000000000e+00)
    (-3.7000000000000000e-01 2.5000000000000000e-01 0.0000000000000000e+00)
    (-3.7000000000000000e-01 2.7000000000000002e-01 0.0000000000000000e+00)
    (-3.7000000000000000e-01 2.9000000000000004e-01 0.0000000000000000e+00)
    (-3.7000000000000000e-01 3.1000000000000005e-01 0.0000000000000000e+00)
    (-3.7000000000000000e-01 3.3000000000000007e-01 0.0000000000000000e+00)
    (-3.7000000000000000e-01 3.4999999999999998e-01 0.0000000000000000e+00)
    (-3.7000000000000000e-01 3.7000000000000000e-01 0.0000000000000000e+00)
    (-3.7000000000000000e-01 3.9000000000000001e-01 0.0000000000000000e+00)
    (-3.7000000000000000e-01 4.1000000000000003e-01 0.0000000000000000e+00)
    (-3.7000000000000000e-01 4.3000000000000005e-01 0.0000000000000000e+00)
    (-3.7000000000000000e-01 4.5000000000000007e-01 0.0000000000000000e+00)
    (-3.7000000000000000e-01 4.6999999999999997e-01 0.0000000000000000e+00)
    (-3.7000000000000000e-01 4.8999999999999999e-01 0.0000000000000000e+00)
    (-3.9000000000000001e-01 -4.8999999999999999e-01 0.0000000000000000e+00)
    (-3.9000000000000001e-01 -4.6999999999999997e-01 0.0000000000000000e+00)
    (-3.9000000000000001e-01 -4.5000000000000001e-01 0.0000000000000000e+00)
    (-3.9000000000000001e-01 -4.2999999999999999e-01 0.0000000000000000e+00)
    (-3.9000000000000001e-01 -4.1000000000000003e-01 0.0000000000000000e+00)
    (-3.9000000000000001e-01 -3.9000000000000001e-01 0.0000000000000000e+00)
    (-3.9000000000000001e-01 -3.7000000000000000e-01 0.0000000000000000e+00)
    (-3.9000000000000001e-01 -3.4999999999999998e-01 0.0000000000000000e+00)
    (-3.9000000000000001e-01 -3.2999999999999996e-01 0.0000000000000000e+00)
    (-3.9000000000000001e-01 -3.1000000000000000e-01 0.0000000000000000e+00)
    (-3.9000000000000001e-01 -2.9000000000000004e-01 0.0000000000000000e+00)
    (-3.9000000000000001e-01 -2.7000000000000002e-01 0.0000000000000000e+00)
    (-3.9000000000000001e-01 -2.5000000000000000e-01 0.0000000000000000e+00)
    (-3.9000000000000001e-01 -2.2999999999999998e-01 0.0000000000000000e+00)
    (-3.9000000000000001e-01 -2.1000000000000002e-01 0.0000000000000000e+00)
    (-3.9000000000000001e-01 -1.9000000000000000e-01 0.0000000000000000e+00)
    (-3.9000000000000001e-01 -1.6999999999999998e-01 0.0000000000000000e+00)
    (-3.9000000000000001e-01 -1.4999999999999997e-01 0.0000000000000000e+00)
    (-3.9000000000000001e-01 -1.3000000000000000e-01 0.0000000000000000e+00)
    (-3.9000000000000001e-01 -1.0999999999999999e-01 0.0000000000000000e+00)
    (-3.9000000000000001e-01 -8.9999999999999969e-02 0.0000000000000000e+00)
    (-3.9000000000000001e-01 -7.0000000000000007e-02 0.0000000000000000e+00)
    (-3.9000000000000001e-01 -4.9999999999999989e-02 0.0000000000000000e+00)
    (-3.9000000000000001e-01 -2.9999999999999971e-02 0.0000000000000000e+00)
    (-3.9000000000000001e-01 -1.0000000000000009e-02 0.0000000000000000e+00)
    (-3.9000000000000001e-01 1.0000000000000009e-02 0.0000000000000000e+00)
    (-3.9000000000000001e-01 3.0000000000000027e-02 0.0000000000000000e+00)
    (-3.9000000000000001e-01 5.0000000000000044e-02 0.0000000000000000e+00)
    (-3.9000000000000001e-01 7.0000000000000062e-02 0.0000000000000000e+00)
    (-3.9000000000000001e-01 8.9999999999999969e-02 0.0000000000000000e+00)
    (-3.9000000000000001e-01 1.0999999999999999e-01 0.0000000000000000e+00)
    (-3.9000000000000001e-01 1.3000000000000000e-01 0.0000000000000000e+00)
    (-3.9000000000000001e-01 1.5000000000000002e-01 0.0000000000000000e+00)
    (-3.9000000000000001e-01 1.7000000000000004e-01 0.0000000000000000e+00)
    (-3.9000000000000001e-01 1.9000000000000006e-01 0.0000000000000000e+00)
    (-3.9000000000000001e-01 2.0999999999999996e-01 0.0000000000000000e+00)
    (-3.9000000000000001e-01 2.2999999999999998e-01 0.0000000000000000e+00)
    (-3.9000000000000001e-01 2.5000000000000000e-01 0.0000000000000000e+00)
    (-3.9000000000000001e-01 2.7000000000000002e-01 0.0000000000000000e+00)
    (-3.9000000000000001e-01 2.9000000000000004e-01 0.0000000000000000e+00)
    (-3.9000000000000001e-01 3.1000000000000005e-01 0.0000000000000000e+00)
    (-3.9000000000000001e-01 3.3000000000000007e-01 0.0000000000000000e+00)
    (-3.9000000000000001e-01 3.4999999999999998e-01 0.0000000000000000e+00)
    (-3.9000000000000001e-01 3.7000000000000000e-01 0.0000000000000000e+00)
    (-3.9000000000000001e-01 3.9000000000000001e-01 0.0000000000000000e+00)
    (-3.9000000000000001e-01 4.1000000000000003e-01 0.0000000000000000e+00)
    (-3.9000000000000001e-01 4.3000000000000005e-01 0.0000000000000000e+00)
    (-3.9000000000000001e-01 4.5000000000000007e-01 0.0000000000000000e+00)
    (-3.9000000000000001e-01 4.6999999999999997e-01 0.0000000000000000e+00)
    (-3.9000000000000001e-01 4.8999999999999999e-01 0.0000000000000000e+00)
    (-4.1000000000000003e-01 -4.8999999999999999e-01 0.0000000000000000e+00)
    (-4.1000000000000003e-01 -4.6999999999999997e-01 0.0000000000000000e+00)
    (-4.1000000000000003e-01 -4.5000000000000001e-01 0.0000000000000000e+00)
    (-4.1000000000000003e-01 -4.2999999999999999e-01 0.0000000000000000e+00)
    (-4.1000000000000003e-01 -4.1000000000000003e-01 0.0000000000000000e+00)
    (-4.1000000000000003e-01 -3.9000000000000001e-01 0.0000000000000000e+00)
    (-4.1000000000000003e-01 -3.7000000000000000e-01 0.0000000000000000e+00)
    (-4.1000000000000003e-01 -3.4999999999999998e-01 0.0000000000000000e+00)
    (-4.1000000000000003e-01 -3.2999999999999996e-01 0.0000000000000000e+00)
    (-4.1000000000000003e-01 -3.1000000000000000e-01 0.0000000000000000e+00)
    (-4.1000000000000003e-01 -2.9000000000000004e-01 0.0000000000000000e+00)
    (-4.1000000000000003e-01 -2.7000000000000002e-01 0.0000000000000000e+00)
    (-4.1000000000000003e-01 -2.5000000000000000e-01 0.0000000000000000e+00)
    (-4.1000000000000003e-01 -2.2999999999999998e-01 0.0000000000000000e+00)
    (-4.1000000000000003e-01 -2.1000000000000002e-01 0.0000000000000000e+00)
    (-4.1000000000000003e-01 -1.9000000000000000e-01 0.0000000000000000e+00)
    (-4.1000000000000003e-01 -1.6999999999999998e-01 0.0000000000000000e+00)
    (-4.1000000000000003e-01 -1.4999999999999997e-01 0.0000000000000000e+00)
    (-4.1000000000000003e-01 -1.3000000000000000e-01 0.0000000000000000e+00)
    (-4.1000000000000003e-01 -1.0999999999999999e-01 0.0000000000000000e+00)
    (-4.1000000000000003e-01 -8.9999999999999969e-02 0.0000000000000000e+00)
    (-4.1000000000000003e-01 -7.0000000000000007e-02 0.0000000000000000e+00)
    (-4.1000000000000003e-01 -4.9999999999999989e-02 0.0000000000000000e+00)
    (-4.1000000000000003e-01 -2.9999999999999971e-02 0.0000000000000000e+00)
    (-4.1000000000000003e-01 -1.0000000000000009e-02 0.0000000000000000e+00)
    (-4.1000000000000003e-01 1.0000000000000009e-02 0.0000000000000000e+00)
    (-4.1000000000000003e-01 3.0000000000000027e-02 0.0000000000000000e+00)
    (-4.1000000000000003e-01 5.0000000000000044e-02 0.0000000000000000e+00)
    (-4.1000000000000003e-01 7.0000000000000062e-02 0.0000000000000000e+00)
    (-4.1000000000000003e-01 8.9999999999999969e-02 0.0000000000000000e+00)
    (-4.1000000000000003e-01 1.0999999999999999e-01 0.0000000000000000e+00)
    (-4.1000000000000003e-01 1.3000000000000000e-01 0.0000000000000000e+00)
    (-4.1000000000000003e-01 1.5000000000000002e-01 0.0000000000000000e+00)
    (-4.1000000000000003e-01 1.7000000000000004e-01 0.0000000000000000e+00)
    (-4.1000000000000003e-01 1.9000000000000006e-01 0.0000000000000000e+00)
    (-4.1000000000000003e-01 2.0999999999999996e-01 0.0000000000000000e+00)
    (-4.1000000000000003e-01 2.2999999999999998e-01 0.0000000000000000e+00)
    (-4.1000000000000003e-01 2.5000000000000000e-01 0.0000000000000000e+00)
    (-4.1000000000000003e-01 2.7000000000000002e-01 0.0000000000000000e+00)
    (-4.1000000000000003e-01 2.9000000000000004e-01 0.0000000000000000e+00)
    (-4.1000000000000003e-01 3.1000000000000005e-01 0.0000000000000000e+00)
    (-4.1000000000000003e-01 3.3000000000000007e-01 0.0000000000000000e+00)
    (-4.1000000000000003e-01 3.4999999999999998e-01 0.0000000000000000e+00)
    (-4.1000000000000003e-01 3.7000000000000000e-01 0.0000000000000000e+00)
    (-4.1000000000000003e-01 3.9000000000000001e-01 0.0000000000000000e+00)
    (-4.1000000000000003e-01 4.1000000000000003e-01 0.0000000000000000e+00)
    (-4.1000000000000003e-01 4.3000000000000005e-01 0.0000000000000000e+00)
    (-4.1000000000000003e-01 4.5000000000000007e-01 0.0000000000000000e+00)
    (-4.1000000000000003e-01 4.6999999999999997e-01 0.0000000000000000e+00)
    (-4.1000000000000003e-01 4.8999999999999999e-01 0.0000000000000000e+00)
    (-4.3000000000000005e-01 -4.8999999999999999e-01 0.0000000000000000e+00)
    (-4.3000000000000005e-01 -4.6999999999999997e-01 0.0000000000000000e+00)
    (-4.3000000000000005e-01 -4.5000000000000001e-01 0.0000000000000000e+00)
    (-4.3000000000000005e-01 -4.2999999999999999e-01 0.0000000000000000e+00)
    (-4.3000000000000005e-01 -4.1000000000000003e-01 0.0000000000000000e+00)
    (-4.3000000000000005e-01 -3.9000000000000001e-01 0.0000000000000000e+00)
    (-4.3000000000000005e-01 -3.7000000000000000e-01 0.0000000000000000e+00)
    (-4.3000000000000005e-01 -3.4999999999999998e-01 0.0000000000000000e+00)
    (-4.3000000000000005e-01 -3.2999999999999996e-01 0.0000000000000000e+00)
    (-4.3000000000000005e-01 -3.1000000000000000e-01 0.0000000000000000e+00)
    (-4.3000000000000005e-01 -2.9000000000000004e-01 0.0000000000000000e+00)
    (-4.3000000000000005e-01 -2.7000000000000002e-01 0.0000000000000000e+00)
    (-4.3000000000000005e-01 -2.5000000000000000e-01 0.0000000000000000e+00)
    (-4.3000000000000005e-01 -2.2999999999999998e-01 0.0000000000000000e+00)
    (-4.3000000000000005e-01 -2.1000000000000002e-01 0.0000000000000000e+00)
    (-4.3000000000000005e-01 -1.9000000000000000e-01 0.0000000000000000e+00)
    (-4.3000000000000005e-01 -1.6999999999999998e-01 0.0000000000000000e+00)
    (-4.3000000000000005e-01 -1.4999999999999997e-01 0.0000000000000000e+00)
    (-4.3000000000000005e-01 -1.3000000000000000e-01 0.0000000000000000e+00)
    (-4.3000000000000005e-01 -1.0999999999999999e-01 0.0000000000000000e+00)
    (-4.3000000000000005e-01 -8.9999999999999969e-02 0.0000000000000000e+00)
    (-4.3000000000000005e-01 -7.0000000000000007e-02 0.0000000000000000e+00)
    (-4.3000000000000005e-01 -4.9999999999999989e-02 0.0000000000000000e+00)
    (-4.3000000000000005e-01 -2.9999999999999971e-02 0.0000000000000000e+00)
    (-4.3000000000000005e-01 -1.0000000000000009e-02 0.0000000000000000e+00)
    (-4.3000000000000005e-01 1.0000000000000009e-02 0.0000000000000000e+00)
    (-4.3000000000000005e-01 3.0000000000000027e-02 0.0000000000000000e+00)
    (-4.3000000000000005e-01 5.0000000000000044e-02 0.0000000000000000e+00)
    (-4.3000000000000005e-01 7.0000000000000062e-02 0.0000000000000000e+00)
    (-4.3000000000000005e-01 8.9999999999999969e-02 0.0000000000000000e+00)
    (-4.3000000000000005e-01 1.0999999999999999e-01 0.0000000000000000e+00)
    (-4.3000000000000005e-01 1.3000000000000000e-01 0.0000000000000000e+00)
    (-4.3000000000000005e-01 1.5000000000000002e-01 0.0000000000000000e+00)
    (-4.3000000000000005e-01 1.7000000000000004e-01 0.0000000000000000e+00)
    (-4.3000000000000005e-01 1.9000000000000006e-01 0.0000000000000000e+00)
    (-4.3000000000000005e-01 2.0999999999999996e-01 0.0000000000000000e+00)
    (-4.3000000000000005e-01 2.2999999999999998e-01 0.0000000000000000e+00)
    (-4.3000000000000005e-01 2.5000000000000000e-01 0.0000000000000000e+00)
    (-4.3000000000000005e-01 2.7000000000000002e-01 0.0000000000000000e+00)
    (-4.3000000000000005e-01 2.9000000000000004e-01 0.0000000000000000e+00)
    (-4.3000000000000005e-01 3.1000000000000005e-01 0.0000000000000000e+00)
    (-4.3000000000000005e-01 3.3000000000000007e-01 0.0000000000000000e+00)
    (-4.3000000000000005e-01 3.4999999999999998e-01 0.0000000000000000e+00)
    (-4.3000000000000005e-01 3.7000000000000000e-01 0.0000000000000000e+00)
    (-4.3000000000000005e-01 3.9000000000000001e-01 0.0000000000000000e+00)
    (-4.3000000000000005e-01 4.1000000000000003e-01 0.0000000000000000e+00)
    (-4.3000000000000005e-01 4.3000000000000005e-01 0.0000000000000000e+00)
    (-4.3000000000000005e-01 4.5000000000000007e-01 0.0000000000000000e+00)
    (-4.3000000000000005e-01 4.6999999999999997e-01 0.0000000000000000e+00)
    (-4.3000000000000005e-01 4.8999999999999999e-01 0.0000000000000000e+00)
    (-4.5000000000000007e-01 -4.8999999999999999e-01 0.0000000000000000e+00)
    (-4.5000000000000007e-01 -4.6999999999999997e-01 0.0000000000000000e+00)
    (-4.5000000000000007e-01 -4.5000000000000001e-01 0.0000000000000000e+00)
    (-4.5000000000000007e-01 -4.2999999999999999e-01 0.0000000000000000e+00)
    (-4.5000000000000007e-01 -4.1000000000000003e-01 0.0000000000000000e+00)
    (-4.5000000000000007e-01 -3.9000000000000001e-01 0.0000000000000000e+00)
    (-4.5000000000000007e-01 -3.7000000000000000e-01 0.0000000000000000e+00)
    (-4.5000000000000007e-01 -3.4999999999999998e-01 0.0000000000000000e+00)
    (-4.5000000000000007e-01 -3.2999999999999996e-01 0.0000000000000000e+00)
    (-4.5000000000000007e-01 -3.1000000000000000e-01 0.0000000000000000e+00)
    (-4.5000000000000007e-01 -2.9000000000000004e-01 0.0000000000000000e+00)
    (-4.5000000000000007e-01 -2.7000000000000002e-01 0.0000000000000000e+00)
    (-4.5000000000000007e-01 -2.5000000000000000e-01 0.0000000000000000e+00)
    (-4.5000000000000007e-01 -2.2999999999999998e-01 0.0000000000000000e+00)
    (-4.5000000000000007e-01 -2.1000000000000002e-01 0.0000000000000000e+00)
    (-4.5000000000000007e-01 -1.9000000000000000e-01 0.0000000000000000e+00)
    (-4.5000000000000007e-01 -1.6999999999999998e-01 0.0000000000000000e+00)
    (-4.5000000000000007e-01 -1.4999999999999997e-01 0.0000000000000000e+00)
    (-4.5000000000000007e-01 -1.3000000000000000e-01 0.0000000000000000e+00)
    (-4.5000000000000007e-01 -1.0999999999999999e-01 0.0000000000000000e+00)
    (-4.5000000000000007e-01 -8.9999999999999969e-02 0.0000000000000000e+00)
    (-4.5000000000000007e-01 -7.0000000000000007e-02 0.0000000000000000e+00)
    (-4.5000000000000007e-01 -4.9999999999999989e-02 0.0000000000000000e+00)
    (-4.5000000000000007e-01 -2.9999999999999971e-02 0.0000000000000000e+00)
    (-4.5000000000000007e-01 -1.0000000000000009e-02 0.0000000000000000e+00)
    (-4.5000000000000007e-01 1.0000000000000009e-02 0.0000000000000000e+00)
    (-4.5000000000000007e-01 3.0000000000000027e-02 0.0000000000000000e+00)
    (-4.5000000000000007e-01 5.0000000000000044e-02 0.0000000000000000e+00)
    (-4.5000000000000007e-01 7.0000000000000062e-02 0.0000000000000000e+00)
    (-4.5000000000000007e-01 8.9999999999999969e-02 0.0000000000000000e+00)
    (-4.5000000000000007e-01 1.0999999999999999e-01 0.0000000000000000e+00)
    (-4.5000000000000007e-01 1.3000000000000000e-01 0.0000000000000000e+00)
    (-4.5000000000000007e-01 1.5000000000000002e-01 0.0000000000000000e+00)
    (-4.5000000000000007e-01 1.7000000000000004e-01 0.0000000000000000e+00)
    (-4.5000000000000007e-01 1.9000000000000006e-01 0.0000000000000000e+00)
    (-4.5000000000000007e-01 2.0999999999999996e-01 0.0000000000000000e+00)
    (-4.5000000000000007e-01 2.2999999999999998e-01 0.0000000000000000e+00)
    (-4.5000000000000007e-01 2.5000000000000000e-01 0.0000000000000000e+00)
    (-4.5000000000000007e-01 2.7000000000000002e-01 0.0000000000000000e+00)
    (-4.5000000000000007e-01 2.9000000000000004e-01 0.0000000000000000e+00)
    (-4.5000000000000007e-01 3.1000000000000005e-01 0.0000000000000000e+00)
    (-4.5000000000000007e-01 3.3000000000000007e-01 0.0000000000000000e+00)
    (-4.5000000000000007e-01 3.4999999999999998e-01 0.0000000000000000e+00)
    (-4.5000000000000007e-01 3.7000000000000000e-01 0.0000000000000000e+00)
    (-4.5000000000000007e-01 3.9000000000000001e-01 0.0000000000000000e+00)
    (-4.5000000000000007e-01 4.1000000000000003e-01 0.0000000000000000e+00)
    (-4.5000000000000007e-01 4.3000000000000005e-01 0.0000000000000000e+00)
    (-4.5000000000000007e-01 4.5000000000000007e-01 0.0000000000000000e+00)
    (-4.5000000000000007e-01 4.6999999999999997e-01 0.0000000000000000e+00)
    (-4.5000000000000007e-01 4.8999999999999999e-01 0.0000000000000000e+00)
    (-4.6999999999999997e-01 -4.8999999999999999e-01 0.0000000000000000e+00)
    (-4.6999999999999997e-01 -4.6999999999999997e-01 0.0000000000000000e+00)
    (-4.6999999999999997e-01 -4.5000000000000001e-01 0.0000000000000000e+00)
    (-4.6999999999999997e-01 -4.2999999999999999e-01 0.0000000000000000e+00)
    (-4.6999999999999997e-01 -4.1000000000000003e-01 0.0000000000000000e+00)
    (-4.6999999999999997e-01 -3.9000000000000001e-01 0.0000000000000000e+00)
    (-4.6999999999999997e-01 -3.7000000000000000e-01 0.0000000000000000e+00)
    (-4.6999999999999997e-01 -3.4999999999999998e-01 0.0000000000000000e+00)
    (-4.6999999999999997e-01 -3.2999999999999996e-01 0.0000000000000000e+00)
    (-4.6999999999999997e-01 -3.1000000000000000e-01 0.0000000000000000e+00)
    (-4.6999999999999997e-01 -2.9000000000000004e-01 0.0000000000000000e+00)
    (-4.6999999999999997e-01 -2.7000000000000002e-01 0.0000000000000000e+00)
    (-4.6999999999999997e-01 -2.5000000000000000e-01 0.0000000000000000e+00)
    (-4.6999999999999997e-01 -2.2999999999999998e-01 0.0000000000000000e+00)
    (-4.6999999999999997e-01 -2.1000000000000002e-01 0.0000000000000000e+00)
    (-4.6999999999999997e-01 -1.9000000000000000e-01 0.0000000000000000e+00)
    (-4.6999999999999997e-01 -1.6999999999999998e-01 0.0000000000000000e+00)
    (-4.6999999999999997e-01 -1.4999999999999997e-01 0.0000000000000000e+00)
    (-4.6999999999999997e-01 -1.3000000000000000e-01 0.0000000000000000e+00)
    (-4.6999999999999997e-01 -1.0999999999999999e-01 0.0000000000000000e+00)
    (-4.6999999999999997e-01 -8.9999999999999969e-02 0.0000000000000000e+00)
    (-4.6999999999999997e-01 -7.0000000000000007e-02 0.0000000000000000e+00)
    (-4.6999999999999997e-01 -4.9999999999999989e-02 0.0000000000000000e+00)
    (-4.6999999999999997e-01 -2.9999999999999971e-02 0.0000000000000000e+00)
    (-4.6999999999999997e-01 -1.0000000000000009e-02 0.0000000000000000e+00)
    (-4.6999999999999997e-01 1.0000000000000009e-02 0.0000000000000000e+00)
    (-4.6999999999999997e-01 3.0000000000000027e-02 0.0000000000000000e+00)
    (-4.6999999999999997e-01 5.0000000000000044e-02 0.0000000000000000e+00)
    (-4.6999999999999997e-01 7.0000000000000062e-02 0.0000000000000000e+00)
    (-4.6999999999999997e-01 8.9999999999999969e-02 0.0000000000000000e+00)
    (-4.6999999999999997e-01 1.0999999999999999e-01 0.0000000000000000e+00)
    (-4.6999999999999997e-01 1.3000000000000000e-01 0.0000000000000000e+00)
    (-4.6999999999999997e-01 1.5000000000000002e-01 0.0000000000000000e+00)
    (-4.6999999999999997e-01 1.7000000000000004e-01 0.0000000000000000e+00)
    (-4.6999999999999997e-01 1.9000000000000006e-01 0.0000000000000000e+00)
    (-4.6999999999999997e-01 2.0999999999999996e-01 0.0000000000000000e+00)
    (-4.6999999999999997e-01 2.2999999999999998e-01 0.0000000000000000e+00)
    (-4.6999999999999997e-01 2.5000000000000000e-01 0.0000000000000000e+00)
    (-4.6999999999999997e-01 2.7000000000000002e-01 0.0000000000000000e+00)
    (-4.6999999999999997e-01 2.9000000000000004e-01 0.0000000000000000e+00)
    (-4.6999999999999997e-01 3.1000000000000005e-01 0.0000000000000000e+00)
    (-4.6999999999999997e-01 3.3000000000000007e-01 0.0000000000000000e+00)
    (-4.6999999999999997e-01 3.4999999999999998e-01 0.0000000000000000e+00)
    (-4.6999999999999997e-01 3.7000000000000000e-01 0.0000000000000000e+00)
    (-4.6999999999999997e-01 3.9000000000000001e-01 0.0000000000000000e+00)
    (-4.6999999999999997e-01 4.1000000000000003e-01 0.0000000000000000e+00)
    (-4.6999999999999997e-01 4.3000000000000005e-01 0.0000000000000000e+00)
    (-4.6999999999999997e-01 4.5000000000000007e-01 0.0000000000000000e+00)
    (-4.6999999999999997e-01 4.6999999999999997e-01 0.0000000000000000e+00)
    (-4.6999999999999997e-01 4.8999999999999999e-01 0.0000000000000000e+00)
    (-4.8999999999999999e-01 -4.8999999999999999e-01 0.0000000000000000e+00)
    (-4.8999999999999999e-01 -4.6999999999999997e-01 0.0000000000000000e+00)
    (-4.8999999999999999e-01 -4.5000000000000001e-01 0.0000000000000000e+00)
    (-4.8999999999999999e-01 -4.2999999999999999e-01 0.0000000000000000e+00)
    (-4.8999999999999999e-01 -4.1000000000000003e-01 0.0000000000000000e+00)
    (-4.8999999999999999e-01 -3.9000000000000001e-01 0.0000000000000000e+00)
    (-4.8999999999999999e-01 -3.7000000000000000e-01 0.0000000000000000e+00)
    (-4.8999999999999999e-01 -3.4999999999999998e-01 0.0000000000000000e+00)
    (-4.8999999999999999e-01 -3.2999999999999996e-01 0.0000000000000000e+00)
    (-4.8999999999999999e-01 -3.1000000000000000e-01 0.0000000000000000e+00)
    (-4.8999999999999999e-01 -2.9000000000000004e-01 0.0000000000000000e+00)
    (-4.8999999999999999e-01 -2.7000000000000002e-01 0.0000000000000000e+00)
    (-4.8999999999999999e-01 -2.5000000000000000e-01 0.0000000000000000e+00)
    (-4.8999999999999999e-01 -2.2999999999999998e-01 0.0000000000000000e+00)
    (-4.8999999999999999e-01 -2.1000000000000002e-01 0.0000000000000000e+00)
    (-4.8999999999999999e-01 -1.9000000000000000e-01 0.0000000000000000e+00)
    (-4.8999999999999999e-01 -1.6999999999999998e-01 0.0000000000000000e+00)
    (-4.8999999999999999e-01 -1.4999999999999997e-01 0.0000000000000000e+00)
    (-4.8999999999999999e-01 -1.3000000000000000e-01 0.0000000000000000e+00)
    (-4.8999999999999999e-01 -1.0999999999999999e-01 0.0000000000000000e+00)
    (-4.8999999999999999e-01 -8.9999999999999969e-02 0.0000000000000000e+00)
    (-4.8999999999999999e-01 -7.0000000000000007e-02 0.0000000000000000e+00)
    (-4.8999999999999999e-01 -4.9999999999999989e-02 0.0000000000000000e+00)
    (-4.8999999999999999e-01 -2.9999999999999971e-02 0.0000000000000000e+00)
    (-4.8999999999999999e-01 -1.0000000000000009e-02 0.0000000000000000e+00)
    (-4.8999999999999999e-01 1.0000000000000009e-02 0.0000000000000000e+00)
    (-4.8999999999999999e-01 3.0000000000000027e-02 0.0000000000000000e+00)
    (-4.8999999999999999e-01 5.0000000000000044e-02 0.0000000000000000e+00)
    (-4.8999999999999999e-01 7.0000000000000062e-02 0.0000000000000000e+00)
    (-4.8999999999999999e-01 8.9999999999999969e-02 0.0000000000000000e+00)
    (-4.8999999999999999e-01 1.0999999999999999e-01 0.0000000000000000e+00)
    (-4.8999999999999999e-01 1.3000000000000000e-01 0.0000000000000000e+00)
    (-4.8999999999999999e-01 1.5000000000000002e-01 0.0000000000000000e+00)
    (-4.8999999999999999e-01 1.7000000000000004e-01 0.0000000000000000e+00)
    (-4.8999999999999999e-01 1.9000000000000006e-01 0.0000000000000000e+00)
    (-4.8999999999999999e-01 2.0999999999999996e-01 0.0000000000000000e+00)
    (-4.8999999999999999e-01 2.2999999999999998e-01 0.0000000000000000e+00)
    (-4.8999999999999999e-01 2.5000000000000000e-01 0.0000000000000000e+00)
    (-4.8999999999999999e-01 2.7000000000000002e-01 0.0000000000000000e+00)
    (-4.8999999999999999e-01 2.9000000000000004e-01 0.0000000000000000e+00)
    (-4.8999999999999999e-01 3.1000000000000005e-01 0.0000000000000000e+00)
    (-4.8999999999999999e-01 3.3000000000000007e-01 0.0000000000000000e+00)
    (-4.8999999999999999e-01 3.4999999999999998e-01 0.0000000000000000e+00)
    (-4.8999999999999999e-01 3.7000000000000000e-01 0.0000000000000000e+00)
    (-4.8999999999999999e-01 3.9000000000000001e-01 0.0000000000000000e+00)
    (-4.8999999999999999e-01 4.1000000000000003e-01 0.0000000000000000e+00)
    (-4.8999999999999999e-01 4.3000000000000005e-01 0.0000000000000000e+00)
    (-4.8999999999999999e-01 4.5000000000000007e-01 0.0000000000000000e+00)
    (-4.8999999999999999e-01 4.6999999999999997e-01 0.0000000000000000e+00)
    (-4.8999999999999999e-01 4.8999999999999999e-01 0.0000000000000000e+00)
);

boundaryField
{
    xMin
    {
        type zeroGradient;
    }
    xMax
    {
        type zeroGradient;
    }
    yMin
    {
        type zeroGradient;
    }
    yMax
    {
        type zeroGradient;
    }
    zMin
    {
        type empty;
    }
    zMax
    {
        type empty;
    }
}
