/*--------------------------------*- C++ -*----------------------------------*\
  =========                 |
  \\      /  F ield         | OpenFOAM: The Open Source CFD Toolbox
   \\    /   O peration     | Website:  https://openfoam.org
    \\  /    A nd           | Version:  14
     \\/     M anipulation  |
\*---------------------------------------------------------------------------*/
FoamFile
{
    format      ascii;
    class       volVectorField;
    location    "24.000000000006";
    object      U;
}
// * * * * * * * * * * * * * * * * * * * * * * * * * * * * * * * * * * * * * //

dimensions      [0 1 -1 0 0 0 0];

internalField   nonuniform List<vector> 
2646
(
(0.000547890105902 -0.00149929746355 0)
(0.00200564723215 -0.00136067127064 -1.29298103988e-18)
(0.00287869121465 -0.00296742153095 1.05221902102e-21)
(0.0100585663611 0.00209166307994 -5.06846892087e-20)
(0.000522769165059 -0.00752707350426 5.94901056442e-19)
(-0.0677612369015 0.00969361823247 0)
(0.00106122606946 0.00225536974212 0)
(-0.0674676942842 0.0039817135162 0)
(-0.235789545127 0.0734882257611 -1.25311319304e-18)
(-0.257847038273 0.0228920588337 -5.50032447541e-18)
(-0.035963059633 0.0220175934323 7.8691602104e-20)
(-0.278511514448 -0.0163206351079 1.44035458464e-18)
(-0.307174331261 0.0329609252531 8.33363851549e-18)
(-0.309392615769 0.00902046154013 1.11503465096e-18)
(-0.280832905695 0.0599531672089 1.97315156589e-19)
(-0.188035451994 -0.0901727761316 1.17220405981e-19)
(-0.296471660541 -0.0322343204049 9.10023820076e-18)
(-0.133538466465 0.068485046173 0)
(-0.271128121328 -0.0657984555223 -4.6934558535e-18)
(-0.0705216316602 0.0367955646747 0)
(-0.233594840455 -0.0335201546398 2.87067278421e-18)
(0.0042620326949 -0.00450063975596 2.14236777137e-18)
(-0.163413991004 0.00391721722369 -6.93704544296e-19)
(-0.262732331358 0.00307542517555 1.01730768197e-17)
(-0.171639172703 -0.0385305432228 -1.00673707716e-17)
(-0.0609249617463 0.0308157018131 2.84253404985e-20)
(-0.114844153769 0.0188177345816 0)
(-0.210672590245 0.0416787890758 7.56497426287e-18)
(-0.228849734231 0.0286216289961 0)
(-0.127437333842 0.0518919486388 3.02040089238e-18)
(-0.0598542604119 0.0122619493145 -2.95547715973e-18)
(0.000695137299741 -0.00208170473546 1.06973728167e-18)
(0.000497559940103 -0.00750496323403 -4.04869504368e-18)
(-0.00800467426997 -0.0328723733059 0)
(-0.0183073201044 -0.0207634209866 0)
(-0.0386533971021 0.0228754387141 0)
(-0.185973658029 0.07526692496 0)
(-0.293222632258 0.050844155068 -5.62773317231e-18)
(-0.314746167532 -0.0209974363111 -1.7493098176e-18)
(-0.229793242759 -0.0822652856861 5.55129105878e-18)
(-0.116307182717 -0.0571549024154 0)
(-0.094531467833 -0.0486884819682 -4.95334320842e-20)
(-0.00100493488009 -0.00187399547277 1.35087140639e-17)
(-0.00663048312354 -0.00617027863097 -3.03412436476e-17)
(-0.00443516637872 0.00146957373537 6.49566254315e-18)
(-0.0127903867767 -0.00863193425143 2.64696130422e-18)
(-0.00636787470908 -0.00334776075582 -2.13901077488e-18)
(-0.000334486452966 0.0611944641149 -1.58377330021e-17)
(-0.000857583531546 0.0307591088821 -7.7108827898e-18)
(0.00785682492367 0.110886403477 -2.21033702963e-18)
(-0.0638767604404 0.194555579311 -1.30402875286e-17)
(0.0325561894584 0.232533807605 2.59835574806e-17)
(0.0114075853077 0.223154170419 0)
(0.0332811080343 0.191725353885 2.29533418833e-17)
(-0.0324996132657 0.0449974406063 -3.04403912064e-19)
(-0.0439721038807 0.0785757503862 -1.99869246856e-18)
(0.0322137744634 0.140977542045 -2.36031137683e-17)
(0.000697597340086 0.225580349977 -7.37860107734e-18)
(-0.0105268927901 0.263950902678 1.70437565424e-17)
(0.00993755537941 0.252647963324 -2.18844300144e-17)
(-0.0409883037983 0.233107694718 0)
(0.0510536813341 0.156578497569 -2.59989792098e-17)
(0.0396889314398 0.248720189795 -1.16711049489e-17)
(-0.0723113888629 0.120314105039 4.3394159269e-18)
(0.0505161684658 0.214477458967 4.41642549641e-17)
(-0.050287139969 0.0684622724783 2.55508987168e-18)
(0.00728393015451 0.134037851224 1.98568668695e-17)
(0.00592895265675 0.01034700773 -1.17892921541e-18)
(0.0292091481264 0.0975230018138 2.48489166918e-17)
(-0.0330719684029 0.183060422176 8.49227838659e-18)
(-0.0065419670396 0.205141028603 5.42904627305e-18)
(0.0165910645421 0.0737309862105 -1.38137291774e-18)
(-0.05093939481 0.137100021262 1.18580350815e-17)
(-0.0237055647171 0.100752192269 6.06654612315e-18)
(0.000443299944288 0.0402968221168 -9.33956852249e-17)
(-0.0103241988883 0.106022235584 0)
(-0.00784731359636 -0.0026599096504 -9.27995133436e-21)
(-0.0028660519694 0.00209354283003 1.80348565663e-18)
(0.00436155203881 0.054350396703 1.05553504706e-16)
(0.00269541467568 0.0520126361918 -6.82040161026e-18)
(-0.036757369743 0.0342661355555 -1.921718417e-19)
(-0.0754757031824 0.161989796921 -3.26591137405e-20)
(-0.0252241487851 0.248191328956 0)
(0.0303663708202 0.255084624617 -3.45526384165e-17)
(0.0480880998176 0.176404653756 1.23547621001e-18)
(0.0265432757151 0.116052591414 3.48240316317e-17)
(0.00354604073933 -0.343946449631 1.40290809418e-17)
(-0.0217493364435 -0.0852269030138 -1.48938152531e-17)
(-0.00282771867903 -0.218137667643 -3.87556989051e-18)
(-0.114335911171 -0.371575652188 8.47503398056e-18)
(-0.0459462854743 -0.434945182436 0)
(-0.0721102158484 -0.131182061275 1.97310105374e-18)
(-0.0138263222046 -0.35275891879 0)
(-0.0387978619221 -0.354817488974 0)
(-0.0115784030247 -0.326150381833 1.12973219123e-17)
(-0.0762058494934 -0.35287659926 -4.61668361074e-17)
(0.00937579338966 -0.295974793491 4.60945031912e-19)
(-0.00889337858162 -0.304444708599 0)
(-0.137666828248 -0.262003633621 5.91417856844e-18)
(0.000924986368796 -0.298799074473 0)
(-0.110661807091 -0.182794586548 -1.05911874243e-17)
(-0.00949827245179 -0.35321288546 0)
(0.00668085311457 -0.011236735778 -9.00129922125e-19)
(-0.0336636928043 -0.41742956362 -3.33293947153e-17)
(-0.0281541508113 -0.388697399599 7.21084284017e-17)
(0.00645064492731 -0.367931999206 0)
(-0.0918818492148 -0.186685595386 -1.63472344549e-18)
(-0.0364150951582 -0.346447379944 0)
(-0.0813235104536 -0.379729392555 -6.34003138508e-18)
(-0.0496393045063 -0.40317923829 1.30882511939e-17)
(-0.0895457767346 -0.279618549343 -1.1980687543e-18)
(-0.0332933468541 -0.230681872932 1.72637441848e-17)
(-0.00936756214893 -0.015301339892 6.19307432095e-18)
(0.00244360472171 -0.0245532811366 0)
(-0.0156080733908 -0.340180665361 -2.73239711718e-16)
(-0.0785540004381 -0.114678479773 -2.00838834448e-17)
(-0.125399367384 -0.316405860837 0)
(-0.0475748185768 -0.364679298372 2.94678450096e-17)
(-0.0172787013006 -0.317272745859 0)
(0.0133428453395 -0.300917336114 0)
(0.016173440507 -0.28034504313 4.72964321759e-17)
(0.0378378718171 -0.366817584672 1.34831605306e-16)
(0.0448149610225 -0.378209192646 -2.19367178416e-17)
(-0.0459689983488 -0.0318297051912 -1.42904269114e-17)
(-0.0977760290507 0.0727809890763 -2.31008680989e-17)
(0.263848364691 0.0210127148545 5.62431466881e-17)
(-0.0779545019158 0.050476108426 0)
(0.0214459575821 0.0963459214761 -6.76207265973e-18)
(0.478645830896 0.00610924175727 7.28733211619e-17)
(0.323537018596 0.0015890137872 -1.21113405605e-17)
(0.333722098454 0.0466253193848 0)
(0.213592944004 0.0735281632479 1.19810580824e-16)
(0.249166408991 0.0043288514943 6.38408742151e-17)
(0.28839397332 0.0158111382208 2.36075878133e-16)
(0.282576099217 0.00322944053489 -6.32466534863e-17)
(0.0813304311713 0.0599677609915 -5.58199747517e-19)
(0.11946046162 0.0455450835173 2.72403577447e-18)
(0.239690360449 0.00325217889988 6.54312577387e-17)
(0.276443719574 0.020817098994 -7.54654667677e-17)
(0.275226918139 0.0354227700695 -3.31067672912e-17)
(0.269571571189 0.0211853528643 -7.54133426671e-17)
(0.274650650845 0.0409143113245 1.88529069553e-17)
(0.218376333296 0.00867198957613 -1.89477102027e-16)
(0.263607742168 0.00431670024379 1.47086479946e-16)
(0.143327284672 0.0872899776535 -6.20893072976e-18)
(0.267932721688 -0.0380901819658 0)
(0.0880360369259 0.0828023467 -2.28359971089e-17)
(0.358640205563 -0.00461906988987 8.04963301969e-17)
(0.181684802736 0.0361302971566 9.84987659558e-19)
(0.219319354192 -0.0190741761303 -1.28221888499e-16)
(0.253012112996 0.0269679043439 -1.47686389725e-17)
(0.284694437026 0.05215007791 0)
(0.356531728151 -0.0370203477694 8.53143386571e-18)
(0.174074084146 0.0558831700867 -5.48160064944e-17)
(0.262961597485 0.0131378689527 2.0927486216e-17)
(0.504578842823 0.0315790540058 -1.64277561103e-17)
(0.458764931569 0.00447179187739 -8.19378846828e-17)
(0.0779881649918 0.101336038447 -8.94970774273e-17)
(0.277593440012 -0.0325179426965 0)
(0.0413750936708 0.0680976420823 9.28397661341e-17)
(0.335047258429 -0.020805477149 -1.77418770955e-17)
(0.0545730596432 0.0817354181669 0)
(0.194384647188 0.0955190529665 6.00255013338e-17)
(0.287981284789 0.0734630418562 -5.19909589562e-17)
(0.270694559146 0.00676232233086 -1.17517390279e-16)
(0.222651459584 -0.0191865852902 0)
(0.21870616348 -0.0448078751794 1.53460464505e-16)
(0.437396285954 -0.378031012189 -4.3477316891e-16)
(0.278661356184 -0.0851756634521 6.9414621636e-16)
(-0.00966741249009 -0.457258745274 0)
(0.0161506117368 -0.281683937959 1.57015632614e-17)
(0.362532226733 0.0107586210272 0)
(-0.315185653632 0.034835621596 1.05696046348e-17)
(-0.313698289725 0.0225060504939 -1.05696046348e-17)
(-0.107974621047 0.0651301208767 0)
(-0.120503620217 0.0712848991083 0)
(-0.281934578377 -0.0516019174288 -2.87739948295e-17)
(-0.289173966815 -0.0659432947126 -4.59215214661e-18)
(-0.0220815736926 0.0191755910151 0)
(-0.030374116524 0.0225929319465 0)
(-0.234438334907 0.0860692629671 0)
(-0.214878840657 0.0916617798672 0)
(-0.271321214913 0.0691742452884 0)
(-0.259382134819 0.0887821640221 2.783630227e-18)
(-0.173991055368 -0.0950420055111 -1.07252293261e-17)
(-0.161027636016 -0.0872389823453 1.07252293261e-17)
(-0.0706756116273 -0.0618793237137 0)
(-0.084999720916 -0.0766995774585 0)
(-0.00783824738428 0.26762841975 0)
(0.00564821918514 0.261585877488 6.19913838525e-17)
(-0.0690216389013 0.0960638365089 -1.07677475445e-17)
(-0.0736258925534 0.109499694888 -1.3503988864e-17)
(0.0450925597873 0.236560896479 4.69576333527e-17)
(0.0540434109578 0.232378182117 -2.36183153129e-16)
(-0.0280377358865 0.0172918119181 7.90041944426e-20)
(-0.0324375771703 0.026279263612 2.83603524625e-19)
(-0.0684836585338 0.197134827362 1.31995950551e-17)
(-0.0794057714049 0.182476689084 -1.31995950551e-17)
(-0.0567112691407 0.22169775181 -2.41870981113e-18)
(-0.069741482535 0.217478168093 2.41870981113e-18)
(0.0533062621936 0.147995446956 -5.54325988329e-17)
(0.0537687537492 0.137379145545 5.5432598833e-17)
(0.0247878300676 0.0914470168448 0)
(0.0226921472996 0.0976910552755 -1.10506294419e-16)
(-0.309432793841 -0.0624493579204 1.10305073783e-17)
(-0.18391798825 0.140954481383 -9.78285257412e-19)
(-0.0570340938277 0.0456417164149 -3.99976131364e-20)
(0.27268160606 -0.0268974855048 -7.10820146431e-17)
(0.0565671910549 0.113083647442 0)
(-0.121268657865 -0.131590588555 0)
(-0.151322517613 -0.156248507499 0)
(0.280658088698 0.0769313387884 -1.9831427064e-16)
(0.201889678721 -0.0709905767888 5.57016692672e-16)
(0.27243450334 0.0959835611056 1.47615260888e-16)
(0.279591036966 -0.0194208929627 0)
(-0.31481523028 -0.053098728557 1.97880277724e-17)
(-0.0709522121815 0.0580295866627 0)
(0.0678549444555 0.124806654053 0)
(0.132977654382 0.135722706452 3.01277905119e-17)
(-0.0650553358854 -0.256102146011 0)
(-0.069258694685 -0.244655185799 -6.37253042013e-18)
(-0.163003579222 -0.296026924687 1.09711902264e-17)
(-0.167513925451 -0.278908258185 -1.96471368397e-17)
(-0.148054172624 -0.294606348381 0)
(-0.151610553899 -0.288873501456 -1.14982070843e-17)
(-0.189177360513 -0.250830219676 1.09185905786e-17)
(-0.196392252661 -0.243206530182 -1.10156186033e-17)
(-0.226609385761 0.15412311473 0)
(-0.261404857591 -0.141357972819 4.31932524944e-18)
(0.199238218409 -0.0682725571565 -5.12986935351e-16)
(0.195430485175 -0.0475044991684 0)
(0.182073025705 0.133386706148 0)
(0.29185551157 0.00183983041207 -2.91577907381e-17)
(-0.327004787093 -0.0131879137645 0)
(0.111366738502 -0.0347058168774 1.12001336176e-16)
(0.126044440144 0.141425275898 -7.44114411179e-17)
(0.206631116697 -0.0699761437862 2.33540171256e-16)
(-0.239151836224 0.158825177015 -1.92407478046e-17)
(-0.183497493254 0.131906640262 0)
(0.293230707638 0.00641565721152 -2.61797300073e-16)
(-0.170602232741 0.133438301339 -5.98127834922e-18)
(0.269141051895 0.106826797907 2.22417519736e-17)
(0.281337718315 0.0681753489942 -1.11912948705e-16)
(-0.18990543862 -0.231289206656 0)
(-0.172507693887 -0.21077191343 0)
(-0.0952488346977 -0.257794933456 4.19778471776e-17)
(-0.11042169982 -0.277158440866 8.5986095858e-18)
(-0.183567640516 -0.285796362189 -3.01116541925e-17)
(-0.180015819494 -0.28523758166 3.24216981523e-17)
(-0.0549057216292 -0.249570721211 -2.86825255099e-16)
(-0.0471269136245 -0.243318847631 2.40425330156e-16)
(0.0464974879515 -0.198325149446 1.99979202803e-16)
(-0.00163125037548 -0.213183554948 0)
(-0.0345480581216 -0.229489515553 2.51822238847e-16)
(-0.0908492066524 -0.254220283845 5.2407993009e-17)
(-0.0865753272705 -0.26320540398 0)
(-0.121589913967 -0.282925983661 -9.7145132932e-18)
(-0.123352265104 -0.271471829792 -7.86003474161e-18)
(-0.0199848903302 -0.255575409781 0)
(-0.182489531361 -0.269882625005 -4.98825807561e-18)
(-0.194626347893 -0.266247812244 3.08437984865e-18)
(-0.155285540857 -0.180042583932 0)
(0.00552080276343 -0.212043931579 3.19709283458e-16)
(0.00905926011719 -0.217696280479 -3.38879995015e-16)
(0.0179474081973 -0.228547358432 -3.80896457926e-16)
(0.0567611267755 -0.191207288933 -3.80320472113e-16)
(0.056859384633 -0.191298308089 3.7341603981e-16)
(-0.0367609387144 -0.234955465298 -3.97617866279e-16)
(0.0399089679014 -0.204084997664 -5.84855970813e-17)
(-0.00514651615127 -0.219630652718 1.31011135497e-16)
(-0.022858832707 -0.249067895002 -1.07016867602e-16)
(0.0172985642454 -0.230622846475 4.38290164912e-16)
(0.185164575841 -0.0352437934851 0)
(-0.161530658562 -0.173769339194 6.87275505831e-18)
(-0.254198577309 -0.152076554287 1.81252267504e-17)
(-0.32864799721 0.07322563275 4.29218451359e-17)
(0.262281913577 -0.0333405109177 -3.75532060264e-16)
(0.283999675015 0.0791965747899 -1.07278203999e-16)
(0.193284662308 0.138865900136 2.57708998899e-17)
(0.124680712649 -0.013900483074 1.59054146769e-17)
(-0.325034919443 -0.0048878578578 -7.0981240407e-18)
(0.276313499066 0.0896343483771 -2.018382653e-16)
(-0.29549637935 -0.0654750213959 1.51275224845e-17)
(0.287201520958 -0.00550191026125 4.24584719476e-16)
(-0.325432262921 -0.0241987783585 0)
(0.173150017983 0.142345812861 -3.83579759564e-17)
(0.138094408421 -0.0471549745607 0)
(-0.270077993877 -0.134792505047 -7.52580199605e-19)
(0.144753179324 0.123517561005 -6.47559332455e-17)
(-0.328960446319 -0.0225350421413 4.9303527833e-19)
(0.291529473738 -0.00746503547762 -8.1088852081e-18)
(0.171007273402 -0.088357580704 0)
(-0.33416045604 0.0433870491289 -6.93778054483e-17)
(0.15825450362 -0.0451364772113 -2.7089133351e-16)
(-0.309649285619 0.134385407694 3.76452971488e-17)
(-0.204233744097 0.138107365351 6.90472127433e-18)
(0.171202534457 -0.0804610854617 2.08040921353e-16)
(-0.3161024224 0.0744404875139 5.33763570787e-17)
(0.147896849041 0.143382767685 3.73995523722e-17)
(0.2832880225 -0.0151585270891 1.45523601701e-16)
(-0.312439817172 -0.0402970882344 -2.31459216952e-17)
(0.0485468933262 0.110614934431 -6.96443857774e-17)
(-0.112165525511 -0.119116155108 0)
(0.0954428016759 0.135916119061 3.97147143285e-17)
(-0.101570935268 0.0784156576137 -8.91620107449e-19)
(0.0659576891486 -0.168651775197 -3.39298329759e-16)
(0.0541207660915 -0.175223919058 5.42437200466e-16)
(0.0884662311563 -0.0112580293833 0)
(-0.0531636245515 0.0441793718865 5.63453060721e-19)
(0.102462335995 0.137949218517 7.37741618513e-17)
(-0.311346505203 0.137484679183 3.32735115071e-17)
(0.154332835826 0.133667127563 4.15077527185e-17)
(-0.322858355888 -0.0285740496155 -5.57729661674e-19)
(0.288317713156 -0.00955293869155 -1.43012946222e-16)
(-0.339516411997 0.0381827317245 8.0778693046e-17)
(0.22501006297 0.131310207284 -1.48588327746e-16)
(-0.257953964231 0.137892390249 0)
(0.206795130376 -0.050893473227 4.6300369092e-17)
(-0.289081366379 -0.110320666174 0)
(0.218984307266 0.135550240858 1.34347457621e-16)
(-0.250906426004 0.13443182625 0)
(-0.286223994433 -0.121390759119 -1.07783950572e-17)
(-0.317127466663 0.0950262869684 -8.42070455261e-17)
(-0.336676927209 0.0493102254271 2.37781530478e-18)
(0.166174822378 -0.0584494348273 1.61504943953e-16)
(-0.110002181941 0.0870780462992 2.139840295e-18)
(-0.0803185980726 0.0611135364393 3.52700575768e-18)
(0.0791501775334 0.122578316593 0)
(0.268082429215 0.108721312059 -8.05154147683e-17)
(0.229866059656 -0.0591610571187 4.08556812661e-16)
(0.285690683378 0.0640192952667 -1.16393065508e-16)
(0.282908588348 0.00588637199404 2.23343172493e-16)
(0.181653111671 -0.0595652916601 0)
(0.21437833139 -0.0708639308805 1.06632128702e-16)
(0.12618083851 -0.0279983253045 1.30961554111e-16)
(0.241562330662 -0.0523790643181 -4.24636889878e-16)
(0.0783780276776 0.160359724563 -3.9577363399e-17)
(0.105363847806 0.165878487156 9.21080869704e-21)
(0.0910837563199 0.159654624011 -9.20607134558e-21)
(0.0628990379258 0.294856783058 0)
(0.0435407512075 0.190434687965 -2.29550555377e-27)
(0.0504292265945 0.139584750173 0)
(0.0545304074835 0.0841021164093 -4.35518649032e-16)
(0.178086734076 0.156603025976 9.56014253469e-17)
(0.0500739816891 0.312311677026 1.45159333251e-16)
(0.0540096822707 0.0288828683091 0)
(0.0811471630925 0.27333355941 7.39928105041e-28)
(0.0388460838941 0.317498746246 -1.45159333251e-16)
(0.0648273257151 -0.0800633119861 0)
(0.0908835396733 0.165944302595 7.64930909527e-20)
(0.0667954728497 0.253398288087 0)
(0.290559399714 0.0453677419694 -1.23199654311e-16)
(-0.154468304778 -0.219589422041 -1.30946326399e-16)
(0.0483305993737 -0.0202996339104 2.16535642406e-27)
(0.205874705082 0.200282423091 0)
(0.0411218759074 -0.101423647169 -6.3252869935e-16)
(0.143397858247 0.0545845032544 0)
(0.0776682566224 -0.0560655104675 -1.7454996234e-17)
(0.0382769898868 -0.0595532751377 -6.31637766969e-16)
(0.0999409004027 0.023258152822 0)
(0.13504395477 0.0177848630194 0)
(0.124091907532 0.00893672962785 1.76232566655e-27)
(0.0199842097962 0.303655583433 0)
(-0.333512699236 0.00847790609143 0)
(-0.112293211228 0.298022457012 0)
(0.124678539901 -0.0142023039047 0)
(0.03077181094 0.20012905941 2.98499873102e-16)
(0.303802363028 0.0107051695935 1.60349838443e-17)
(0.0517750646648 0.301479220163 0)
(-0.146216883339 -0.225545025356 6.97150069044e-17)
(-0.132077944837 0.298225049001 0)
(0.0380559808493 0.14985303531 -2.52046840085e-27)
(-0.120296937861 0.303185709325 0)
(0.0196954019944 0.314609044691 0)
(-0.125728318388 0.281978921494 0)
(0.0433250740373 0.0938455025816 4.35518649032e-16)
(0.139074192359 0.0871508620032 0)
(-0.151822703407 -0.156314717302 -1.94841080398e-16)
(0.294964973044 0.0124176669949 -1.67871577562e-17)
(0.148962229212 0.095693296602 0)
(0.0352782425475 -0.0947991592192 1.18512553099e-27)
(-0.133315644618 -0.17665946834 -1.91009099152e-16)
(-0.142502125806 -0.170746834886 1.91009099152e-16)
(0.0675382664744 -0.0641206369632 1.21473025572e-15)
(0.123416586612 0.115705255481 3.63681324227e-16)
(0.29459406568 0.0313497201967 -1.32158465173e-16)
(0.296666785004 0.0244506984517 -1.38725437562e-16)
(0.0810529301365 -0.0369683606639 0)
(0.210985249339 0.172455642261 -5.47570384021e-17)
(-0.138168060305 0.274847947318 2.52761823336e-28)
(0.00766382219939 -0.109837444683 0)
(-0.106126836762 -0.0997189259548 0)
(0.0444637875351 0.0369517849255 1.78953317421e-27)
(0.206796704598 0.183973166451 -1.23788369471e-16)
(0.294714852723 0.0393454964169 1.31455242032e-16)
(0.189409590944 0.167121760309 -7.50355532304e-17)
(0.189035682713 -0.0592244260279 -2.07504390293e-16)
(0.0129791713071 0.320361589944 0)
(-0.0455303409023 0.178652242445 0)
(-0.0203238905796 0.20804081789 0)
(0.0959412816869 -0.029520061207 1.09415061414e-15)
(0.0556018019447 0.261563191795 0)
(-0.00164926213539 -0.116510945305 0)
(0.0144854538815 0.327832382425 0)
(-0.0143305615068 -0.128010110948 0)
(-0.031761963406 0.185645773828 -5.40676656888e-28)
(-0.0408829370413 0.121961894964 -3.6221907799e-16)
(-0.0331815061001 0.201941273957 5.40676656888e-28)
(-0.155085253134 -0.14774898736 0)
(0.040562055053 -0.0146108814667 0)
(0.0213771715573 -0.0959095662585 2.41813018912e-27)
(-0.0366791879171 0.0596268668327 0)
(-0.0218406211706 0.0686691998152 -1.54980944833e-27)
(-0.127628202575 -0.12129154769 0)
(-0.026362056349 0.1302721326 0)
(0.0260733895237 -0.101928779257 6.60134510361e-16)
(0.0481327474921 0.285303819918 -9.22128559351e-17)
(-0.0355690886072 0.0385208889632 0)
(-0.0506755423347 0.0295216143634 -4.46982084773e-16)
(0.211849980762 0.189734229899 1.23775948467e-16)
(-0.0299974133396 0.315589584159 -6.98528339385e-29)
(-0.14231301262 -0.161760771584 1.94841080398e-16)
(-0.12203151373 0.135609238636 -9.75061523821e-18)
(-0.0398469111004 0.318172282855 -1.52507682803e-28)
(0.0131462310206 -0.115046545367 6.54318076628e-16)
(0.0908226996463 -0.0279798674952 -5.55685274835e-16)
(-0.0587624627243 0.310472417299 0)
(0.0358370727504 -0.101491603025 6.32528699351e-16)
(-0.0336116597415 -0.01983501958 0)
(-0.130125075339 0.268200195512 -3.56583946944e-29)
(0.0508339134175 -0.0947365340361 0)
(-0.0363222347042 -0.185369507382 2.32223616344e-16)
(-0.0472472236605 0.308991269826 6.19217960808e-29)
(-0.335297729403 0.0376595189802 2.51191670172e-17)
(-0.00819171734923 0.29577947108 0)
(0.291554826529 0.0301499768037 2.27286403265e-16)
(-0.0233760808209 -0.286969808037 0)
(0.120757976496 -0.00189084395052 -1.76232566655e-27)
(0.138045026424 0.0292116013343 -4.25815105185e-16)
(-0.0821434882776 0.310803755231 -7.55876417059e-17)
(-0.0955709820364 0.308596187576 -2.70354002739e-28)
(0.0789714891876 0.142152574983 -6.34550518648e-17)
(-0.303370373703 -0.0877458922758 1.15946528126e-17)
(0.0546387836816 -0.0871254597239 0)
(-0.10632653402 0.120030502607 7.60007775133e-18)
(-0.0255332511307 -0.149841489028 0)
(0.0396868091477 0.108671047143 3.88701866127e-17)
(-0.076273992121 0.299443710488 0)
(0.120523543419 0.0240777609217 4.71852866162e-16)
(-0.101843191165 0.300324934103 0)
(0.106435897337 -0.0208454806685 -5.38465339305e-16)
(-0.065420403281 0.300355609045 5.47025097314e-29)
(-0.0327135804587 -0.154574032208 3.31074232388e-20)
(0.0668266997291 0.133345682899 0)
(-0.0200453022934 -0.151272923815 -5.83571236184e-16)
(0.128149234563 -0.00433785780351 -4.66453313032e-16)
(-0.0127678684007 -0.146053164532 5.83570635165e-16)
(-0.107703857486 -0.102727285062 0)
(0.102133599395 0.037525683921 0)
(0.114376833049 0.0281240368831 -4.71852866161e-16)
(0.105308843879 0.0188861179288 -9.23519181445e-28)
(0.0776879894196 0.190500941555 0)
(0.150306414062 0.110020140622 0)
(0.113055346507 -0.0225737254914 0)
(0.0117574689959 -0.103393792165 0)
(-0.0385810038594 -0.1530162206 0)
(-0.14076042976 -0.0192062408236 4.07903891923e-16)
(0.0531963978729 0.118096525128 0)
(0.133109352001 0.0456917903784 -3.18171208004e-27)
(-0.15919671101 -0.135578913712 0)
(0.081723472393 -0.0473705496335 -1.66511026241e-17)
(-0.30240028429 -0.079438806894 0)
(0.0713757087272 0.243393542871 0)
(-0.329820878712 0.0185710539376 0)
(0.296048861806 0.0128300435506 0)
(0.012640199151 0.294190359473 8.48554077553e-17)
(-0.130886172387 0.248050093653 -1.78071484691e-16)
(0.11156357679 0.203122639372 0)
(0.131850386427 0.108550293027 0)
(-0.119907173809 0.231382800257 0)
(-0.343504950528 0.0425534230086 -1.28734298358e-17)
(0.293473160153 0.0341062064207 1.05050204689e-16)
(-0.0267127982151 -0.270510848193 2.36447981459e-16)
(0.0320125676234 -0.056630708673 -4.52295552998e-27)
(-0.138535313694 0.298783837818 0)
(-0.0266304096562 0.302587452498 -7.06306606463e-17)
(0.190619644329 0.21733477901 0)
(0.197122292017 0.206954684427 0)
(0.121208782559 0.209870703692 4.27598716708e-28)
(-0.133922540747 0.29414120437 -7.02375085805e-28)
(0.141379514987 0.20869249272 0)
(-0.129672675015 0.300656927326 7.02375085805e-28)
(-0.123021212221 0.292079009769 0)
(0.257177444746 -0.0371925728348 4.44428380937e-16)
(-0.138072683997 -0.0368926646809 -4.02849520723e-16)
(0.287364153115 0.0445294963843 -2.00526626531e-16)
(-0.0365252389776 -0.290098928982 -5.39317568703e-16)
(0.284314302468 0.0598580243855 -1.18088865968e-16)
(0.0429693500859 0.323604560759 0)
(-0.0408269917176 -0.276003600078 2.46885678871e-16)
(-0.118682726725 0.253798290088 3.32891839005e-17)
(-0.335431843983 0.039826373792 0)
(-0.333766674758 0.0496239610807 0)
(-0.0203119731948 -0.127992474756 -2.3102693287e-27)
(-0.128895256054 0.259508087685 -7.93019236306e-18)
(0.0796751463189 0.258259678916 0)
(0.0259497418459 -0.0957171490619 -2.41374742779e-27)
(-0.0111655148896 0.307956520495 7.63219256242e-29)
(-0.0442320909814 0.160603158198 0)
(-0.00543224013875 -0.122122523114 0)
(0.123028630148 0.162808533948 0)
(-0.149510942359 -0.106009035936 0)
(0.0524589358521 0.137198148887 0)
(0.140434386233 0.224031869743 0)
(0.198535169337 0.200630409384 0)
(-0.0192682902376 0.296022009824 0)
(-0.140701171637 0.263683451203 -1.54508094785e-16)
(-0.150692327813 -0.200448022722 0)
(0.00274459325486 0.318921631436 0)
(0.181481192298 0.222345583557 0)
(-0.309237371447 -0.0522067305805 0)
(0.0566593246649 0.25644392131 0)
(-0.0784438699399 -0.0265588673935 0)
(-0.0218386653298 0.222770956811 0)
(0.00847090250617 -0.115489299027 -6.54318076627e-16)
(-0.0496842069889 0.00907827472972 -4.77079676955e-16)
(-0.182312803531 -0.122931514932 -3.92663734592e-17)
(0.0219849623665 -0.108497120101 -5.95113525991e-28)
(0.26889708912 -0.0165014652515 1.3173846807e-16)
(0.00140145814938 -0.262672391993 -3.06323421034e-16)
(-0.039456936833 0.101147629668 0)
(0.259198078867 -0.0411935444037 -5.01086014367e-18)
(-0.0428930254247 -0.146889793659 0)
(0.0418795470623 0.114380233268 0)
(0.19276930342 -0.0515960160902 -1.99620145016e-16)
(-0.00385756005959 -0.158281738169 2.82502841719e-16)
(-0.0951236844538 -0.0162677940707 4.48694182467e-16)
(0.122513924769 0.178825513104 0)
(-0.00736469311541 -0.147524900434 -3.52500093555e-20)
(-0.284099316011 0.15774104208 0)
(0.0458945714962 0.17373072215 2.29550555377e-27)
(0.161515086373 -0.0220484098906 0)
(0.0501444311248 -0.140511299916 0)
(-0.033948485839 -0.00103800944989 0)
(0.123614888406 0.131524943796 0)
(-0.0637265877591 -0.0187228273022 0)
(-0.0479885602056 -0.028286971567 0)
(-0.289734066583 0.173857735776 6.93437491083e-17)
(0.147981277919 0.243821864127 0)
(-0.300938179809 -0.0723436198756 -1.80208154158e-18)
(0.039830696475 -0.0943836135845 0)
(0.0660484373556 0.245447377383 -9.37223320136e-17)
(-0.023152083244 0.0898547238402 1.54980944833e-27)
(-0.0279552913687 0.14999471242 -3.4486012169e-16)
(0.00187826907396 -0.254980670323 2.97788573532e-16)
(-0.149587511253 -0.141715930325 -2.50734807399e-16)
(-0.00117292773426 -0.250427116745 5.73112019312e-16)
(0.0248732437888 -0.121557932367 0)
(0.0522777048946 0.120860556903 0)
(-0.109736335287 -0.023467694617 -4.48694182466e-16)
(0.261175268396 -0.0320891471864 -1.46257558509e-16)
(-0.0365872254314 -0.14784047333 0)
(0.0687393776218 -0.0722255001395 -1.63313744974e-17)
(0.292930336042 0.0180440168144 1.37537925393e-16)
(-0.202280552201 -0.143922699473 -3.50119251271e-17)
(0.149869389591 0.229828007618 -2.00131421365e-16)
(-0.293592144219 0.161842785429 -4.62021114748e-17)
(0.0551913855913 0.0649015297443 0)
(0.132621549011 0.154920929077 5.59558370513e-28)
(0.00499834171896 -0.242322718409 0)
(0.207954964127 0.191770498337 -8.44933985705e-17)
(0.0930797568072 -0.0921706936942 0)
(-0.00861085738737 -0.254521103012 0)
(-0.17890889858 -0.0359395714561 0)
(-0.339882295253 0.0227427586332 -2.6122334687e-17)
(-0.000918901431244 0.305962705867 -8.48554077555e-17)
(0.299582041394 0.0251044744291 -2.26975618773e-16)
(-0.245231117082 -0.125614855843 0)
(0.0366369760746 0.235718252722 2.43788087841e-16)
(-0.19209946419 -0.240639237646 -4.49464036557e-17)
(-0.20054552495 -0.233826988612 0)
(0.0644661968848 0.281477444828 0)
(-0.126704822034 -0.0126299851634 -4.07903891924e-16)
(0.103292051561 -0.0934831400244 0)
(-0.00485092867795 -0.244821553578 -2.07045852729e-16)
(0.152225518711 0.185488658489 -1.08824248289e-28)
(-0.154228987999 0.173567268135 -1.34465742119e-17)
(0.0197616229308 -0.139346670547 0)
(0.174664013763 0.232276481453 0)
(0.0664843213242 0.141962668735 3.94616375516e-17)
(-0.00272874903766 -0.264102470125 -1.70367306593e-16)
(0.132547881635 0.139204620426 -5.59558370513e-28)
(-0.2901455418 0.173363134934 5.00797617209e-17)
(0.151767371024 0.200848221116 1.08824248289e-28)
(0.0136445145812 -0.137635798423 -5.97608214505e-16)
(0.0696299558772 0.155045303047 -8.41548761928e-17)
(-0.250436077196 -0.110372552203 0)
(0.0735438104118 0.191641596655 0)
(0.0684903500404 0.171094312191 0)
(-0.324965015406 -0.00327123622794 0)
(0.0205954220845 0.289788773367 0)
(-0.283351278281 -0.0982804640584 -2.58742647041e-19)
(0.053084956451 0.0114558769782 0)
(0.0725956377009 0.224870668323 8.68964107044e-17)
(-0.251577081532 0.218027613019 -8.04800528618e-17)
(0.0770382637909 -0.0465523811553 5.87967582621e-16)
(0.0499171332864 0.129609554259 0)
(-0.175035978189 -0.0515235317578 7.15185774337e-16)
(-0.256256159915 0.218511807555 2.25776386124e-22)
(0.296472301066 0.0110425673232 0)
(-0.0158724754683 -0.286856157513 0)
(0.0707445399141 0.169532608682 0)
(0.199863606075 0.162235990604 -3.76305292456e-17)
(0.295370927434 0.0517657404661 1.1901715806e-16)
(0.145637388975 0.0676060086413 0)
(-0.198844350414 -0.215569677727 0)
(0.244199400805 -0.0381769703447 5.16845463762e-16)
(-0.151151569126 0.216097149363 0)
(-0.169964721681 -0.248859446039 0)
(-0.310823550176 -0.0690725608268 -1.40671826292e-19)
(0.218496264699 -0.0322752767603 2.74012318945e-16)
(0.211346618093 -0.0217060555039 -2.97375165521e-16)
(0.13147793773 0.201816966292 0)
(0.234205238099 -0.0320865371701 -1.7225779202e-16)
(0.0352948081053 -0.200706045301 4.60455472954e-16)
(-0.227464770831 0.207606283394 1.30020512022e-16)
(-0.126846398593 0.0839224057758 -2.14945582398e-18)
(-0.233799460815 0.22388004812 0)
(0.0758775135671 0.207142494595 0)
(-0.267901700462 -0.114287781423 0)
(-0.0133027748892 0.318830541218 -7.63219256243e-29)
(-0.310841055546 -0.0682196161948 1.94945972662e-18)
(0.0635837311754 0.258964245362 9.37223320135e-17)
(-0.0219163346544 0.322636980588 0)
(-0.0871197438292 -0.209699723587 -1.33295441803e-16)
(-0.151068484307 -0.0421304136985 7.83252771468e-16)
(0.0998036762505 -0.102383413899 0)
(-0.242134279989 0.226680914259 8.04795965883e-17)
(-0.208460939101 -0.210364787858 0)
(0.0352611499176 -0.135049967239 -5.89464321575e-16)
(0.206177868093 0.202908069136 7.5623626404e-20)
(-0.0417751075141 -0.189546357292 -1.66784823428e-18)
(-0.0943560934717 -0.205173600202 0)
(-0.158891180847 -0.196677545768 0)
(0.00575609667465 -0.143522721832 5.9764192965e-16)
(-0.00955361868309 -0.155729675198 -2.85619439759e-18)
(-0.137794712702 0.158202997596 -2.4935106895e-18)
(0.26799955869 -0.0233778007216 0)
(0.0259841846646 -0.2096125862 1.69613512802e-16)
(-0.236675249308 0.211845650417 0)
(0.0727064329713 0.154985307978 8.41548761934e-17)
(0.110399588511 -0.103651290861 -5.18461877845e-16)
(0.0357470194549 -0.198125919971 3.84594308396e-18)
(0.142158551834 0.178141171605 0)
(0.00359728655358 -0.242290481944 -4.07949771008e-16)
(-0.129041520742 0.282159927839 -9.73378018146e-29)
(0.0920582845949 -0.038934911329 -5.71316479999e-16)
(-0.0458002300105 -0.15717161007 0)
(0.0283568813082 -0.133165980758 5.89464321575e-16)
(-0.0882954852401 0.111704318426 6.82340750862e-18)
(0.165031528996 0.23479913216 1.12301071341e-16)
(-0.15271218884 -0.148519007023 0)
(0.112740516089 -0.0683927053118 3.96069286692e-21)
(-0.192478295642 -0.151062207289 1.89799268194e-17)
(0.0422082872563 -0.112991759578 -1.75660705148e-18)
(-0.0594991895556 -0.158877424117 4.83473409778e-16)
(-0.00521390362424 0.325192319489 0)
(-0.329469355375 0.0800699956047 0)
(0.0551372680703 -0.0950777575031 1.74698342854e-18)
(0.000143941985453 -0.14193816239 0)
(-0.271588178547 -0.102700359641 0)
(0.0695187833675 0.20929544862 -8.68964107043e-17)
(0.137583883833 0.251649739972 -1.90354237238e-16)
(-0.0119981833551 -0.274626588604 0)
(-0.0522323181558 -0.15539902825 0)
(0.0754169806061 0.2740074173 0)
(0.1714194503 0.0427472280869 3.77376464876e-16)
(-0.185506637499 -0.0545915884115 -2.20760708751e-17)
(0.203581738252 0.0949382217855 -2.99255969193e-16)
(0.0458296482817 -0.0343659091869 -2.16535642406e-27)
(0.00337427816086 -0.152585532961 0)
(-0.0717368702696 0.0504324310207 -5.07564824482e-19)
(-0.03397455712 -0.127580430229 0)
(-0.329888863465 0.0702687037296 0)
(-0.118430068357 0.243275908393 0)
(0.0293277263514 -0.216045454054 -3.23095870364e-16)
(0.0357450150513 -0.206520146954 3.54696471109e-16)
(-0.00167318867463 -0.234774158506 -3.73163857642e-16)
(-0.0925708170595 0.0660121663394 4.977898405e-18)
(-0.16295702429 -0.162673543759 1.5738386452e-16)
(0.151760841753 0.139860890891 0)
(-0.217206143952 -0.187482951504 4.0276464497e-17)
(-0.0936664232601 -0.193729083277 2.53994601397e-16)
(-0.0298420153124 -0.253417859678 0)
(-0.190237995074 -0.258823175915 -1.15279010132e-19)
(-0.076084331527 0.236170720386 0)
(0.0853844109001 0.279035698303 0)
(-0.259636530325 0.0966489673279 0)
(-0.119187632579 0.207898929751 0)
(-0.173339210673 -0.157788007456 -1.5738386452e-16)
(0.0526155055124 -0.130554787397 5.77290168958e-16)
(0.147471114031 0.167314225776 0)
(-0.0971445496438 -0.177150507955 0)
(-0.00185229217373 -0.271246426118 0)
(0.242262777225 0.0829645678969 0)
(0.254226438624 -0.0478012149666 -4.39942164073e-17)
(0.0458499496454 0.3234980009 1.26432711951e-16)
(0.0172053670135 -0.148891907472 2.86290505759e-16)
(-0.206634567729 -0.193152011329 -4.03055801321e-17)
(-0.230806574714 -0.196690432951 0)
(-0.22703709035 -0.155522291986 1.61367096478e-17)
(-0.167106698867 -0.0313934903046 -3.80403250743e-16)
(0.0238368813301 -0.151460876907 0)
(-0.173703417087 -0.209121813383 0)
(-0.177266918705 0.102627191423 2.89370410548e-18)
(0.159441535322 0.157903105773 -8.63654866929e-17)
(0.233598848341 0.0365898352714 4.91116532771e-16)
(-0.28229710756 0.182634087548 -6.9216870967e-17)
(-0.0891899826874 -0.182300314464 -3.15358133405e-16)
(0.182414838092 0.0387376131578 -3.772835736e-16)
(0.146567019491 0.179459526525 3.64937524275e-29)
(-0.136786411912 -0.119569116308 0)
(-0.295786129547 0.0798970903778 0)
(-0.220282211514 -0.232232302949 1.66141512794e-19)
(0.194627339099 0.155575438427 -2.4252496183e-16)
(0.0368184705727 0.0988985619859 8.56814834358e-19)
(-0.0771983665568 -0.086126245683 0)
(0.141948887017 0.20005525793 -8.2244541277e-29)
(-0.254202331508 0.150295967209 -1.47725310948e-16)
(-0.305698930707 -0.0817502066746 -1.16493599727e-17)
(-0.0507930586739 -0.150820410098 0)
(0.173967798306 0.0541373098748 -2.29385176727e-20)
(0.198174167123 0.212547050647 0)
(-0.144368697675 0.240370962183 1.78071484691e-16)
(-0.0761441615102 -0.19213184179 1.52265973238e-16)
(0.135094556693 0.264501879097 0)
(0.109339469262 -0.0768083412511 -3.96068929117e-21)
(-0.18108197922 -0.0682464782345 -3.07372562678e-28)
(-0.21063914353 -0.241767980316 0)
(-0.296491357821 0.11657447394 0)
(-0.088950963923 -0.189201490458 0)
(-0.250248187338 -0.128061434097 7.13707101048e-17)
(-0.162466264947 -0.089649195023 -3.3086145756e-28)
(0.141131511424 0.116715037183 1.18699015549e-27)
(-0.148193333199 0.093604080286 -5.63046382207e-20)
(-0.115901487355 0.286034946092 0)
(0.118084009432 0.25465551384 -2.0088319475e-16)
(0.154727138151 0.202767029764 8.2244541277e-29)
(-0.226584177891 -0.224660376074 0)
(0.044765534381 -0.128652933581 -5.77290168958e-16)
(0.130496539484 0.0331063946771 3.18171208003e-27)
(0.196399142162 0.047066592826 0)
(0.0832640604047 -0.0565521956173 -5.82298988123e-16)
(-0.184484917363 0.216102338831 1.72797486783e-16)
(-0.233515844521 -0.214442825095 -2.83671968454e-17)
(-0.230245608285 -0.21194516701 2.76904897197e-17)
(-0.104035458229 0.125285499475 -7.60007775135e-18)
(0.116810381204 -0.113460839016 5.10391701238e-16)
(-0.263921208511 0.208737435905 0)
(0.116181162265 0.268614367286 -1.69666945638e-28)
(0.15814216801 0.192247984561 4.18824913865e-29)
(0.0571879095218 0.320115201533 -1.26432711949e-16)
(-0.150782261491 0.089760438094 0)
(-0.166577549274 -0.0779018840675 3.3086145756e-28)
(0.0705080090284 0.309112056717 -1.43144905001e-16)
(-0.199903209898 0.194489006758 0)
(-0.284073780345 0.110792295968 0)
(0.0496405831854 -0.140702266195 -5.55730355954e-16)
(0.147026773819 0.222415045393 -9.33398420191e-17)
(-0.18696264621 0.203554256746 0)
(-0.208498870916 -0.0464990652299 0)
(-0.0170161095076 -0.122702320686 2.3102693287e-27)
(-0.0438024958532 0.325164214073 1.52507682803e-28)
(-0.229777175517 0.194483671117 0)
(0.103174038937 0.288160544152 0)
(0.158811588288 0.22466755284 -4.56423468995e-29)
(-0.0077748610783 -0.188134051279 -2.48494373305e-16)
(-0.176446781572 -0.229806618347 9.71341130904e-17)
(0.295627718656 0.064578499035 -1.84042935814e-16)
(-0.187697312378 -0.166527290003 0)
(0.0961454308445 0.27156100215 -8.85527713137e-29)
(0.239501160171 -0.0449277288294 0)
(-0.242511692639 0.172588250504 -4.31238392212e-21)
(0.14254142363 -0.0807022576457 5.86595470608e-20)
(0.0125061592684 -0.109439235785 -2.39789489914e-27)
(-0.246757307917 0.144550089259 0)
(0.235125197435 0.0461680258221 3.00782016501e-16)
(0.168112013217 0.246988353033 0)
(0.112549322034 0.187069007083 0)
(0.0648445266194 -0.0151736188504 -1.14494877324e-15)
(0.208545593802 0.0427932037355 0)
(-0.263001251502 0.205425705189 0)
(0.0725138316829 0.298644319473 0)
(0.1320534352 0.185984564618 0)
(-0.29707927148 0.092096214237 0)
(-0.0546001996904 0.324319890106 0)
(0.105544684383 0.275997773928 0)
(0.0258745780512 -0.176224497309 5.15698966622e-16)
(-0.030455344853 -0.189645692036 -4.694206761e-16)
(0.00457209890262 -0.185892107149 2.57270753455e-16)
(0.218928987928 0.0288257325106 -3.31457641126e-16)
(-0.190336868127 -0.181704501024 0)
(0.246500091754 -0.0506442485636 3.8167408011e-16)
(0.00939850823671 -0.155043144065 -2.86288659545e-16)
(0.0834369910708 0.292104675926 0)
(-0.00127403163112 -0.182399867975 -5.16791774052e-16)
(0.176519619649 0.237927983759 0)
(-0.0812279524167 -0.19526377783 -1.52360849634e-16)
(-0.0597788486278 0.268468964571 0)
(0.0593868083251 0.314171362108 -1.97172397546e-27)
(-0.171687545867 -0.0907134560833 0)
(0.0877922038919 0.251179912293 0)
(0.096369218634 -0.148587494384 2.49049195476e-16)
(-0.0979461086695 0.13401780807 5.49076510644e-30)
(-0.272809823583 0.105567474897 -5.85492269467e-19)
(0.0718591621622 0.208073711602 0)
(-0.322866619082 0.086332328041 0)
(0.171000823801 0.192452929235 9.21316738963e-17)
(0.0176770960889 -0.183238066098 0)
(-0.240684387746 0.186120904556 4.31239215632e-21)
(-0.18769832457 -0.120284939304 3.92663734593e-17)
(0.154550383783 -0.0815489623903 1.45887989393e-20)
(0.187004399198 0.0626599805018 -4.14545025416e-20)
(-0.00544826930665 0.329483079627 0)
(-0.11343184554 0.153308806296 -5.49076510643e-30)
(-0.0882105411964 0.1085655751 -6.82340750862e-18)
(0.162889589499 0.00978139588664 0)
(-0.160273381321 0.220273012609 -1.81877281227e-28)
(-0.0578247802763 0.324824165003 0)
(0.18332742593 0.134083013479 -2.76657255453e-16)
(-0.180349450644 -0.186302734406 0)
(0.246697910672 0.142637527787 -8.73871478263e-17)
(0.0216601360555 -0.102450545321 -6.60134510358e-16)
(0.19174945012 0.221341114886 0)
(0.142007417727 0.266298997403 6.85461072076e-29)
(0.0923456503106 0.2948365134 0)
(-0.172704940134 -0.146960368135 0)
(-0.0250453570093 -0.204773988609 2.34766527459e-16)
(0.169536776891 -0.0740357418778 -2.23576484753e-16)
(0.121458907606 0.282826201022 0)
(0.0978187757039 0.257006474587 8.85527713137e-29)
(0.0113683011567 -0.179400671941 2.1024351182e-18)
(-0.0908428551361 0.154530933758 0)
(0.124086215059 -0.0964168442475 5.18467843695e-16)
(-0.0133837326087 -0.18397915247 4.98570397599e-16)
(-0.0191917121861 -0.18935465258 -4.86577619005e-16)
(-0.0480047206179 0.0368994519827 0)
(-0.0487385891833 0.0420997072822 0)
(0.174303538474 0.180824533743 -9.21316738962e-17)
(-0.164832791346 -0.135827040831 -7.13018722929e-28)
(-0.252167711555 -0.0528327138674 0)
(-0.0129525401183 -0.279185327173 1.73960461762e-16)
(0.272365384062 0.0744967238067 0)
(-0.17138492658 0.224615843315 -1.72797486783e-16)
(0.179712085039 0.0282199766638 3.95994535405e-16)
(0.0579029767749 0.163778640619 -2.52381158467e-27)
(0.125965427052 0.0504810783434 -4.44155900327e-16)
(-0.285787868086 -0.0827506762176 0)
(0.065789416894 0.229480440488 0)
(0.0587842096876 -0.0104044377985 5.75318404025e-16)
(-0.0782742384406 0.272882994617 -4.74955884593e-29)
(-0.256066243267 -0.0427467190196 2.16703801231e-16)
(0.194689010794 0.212258530807 0)
(-0.146472650029 0.228552240092 1.69274050849e-28)
(0.149958031328 -0.0897500043947 -4.75872972095e-16)
(0.0769846322083 0.259228565506 0)
(-0.239959893261 -0.0610116741229 8.57528348735e-17)
(0.110071553456 -0.0106990190517 -9.4869249101e-28)
(-0.0612614056878 -0.212765380061 1.66585930039e-16)
(-0.222147135743 -0.219039034298 0)
(-0.206160121527 -0.215777220001 0)
(0.130158089596 0.185927880129 -7.37699442891e-29)
(-0.140898273687 -0.084593264999 -4.22671923891e-16)
(0.0794914774909 0.229637008564 0)
(-0.168648201219 -0.23351056305 9.36638061343e-18)
(-0.265965086857 0.0987164526275 -8.9286875209e-17)
(-0.102793181378 -0.179772010142 0)
(0.159043577257 0.166160993197 6.47060108603e-17)
(0.0893101782925 0.235714115092 0)
(-0.0662579146276 -0.229000605222 -2.11386301888e-16)
(0.0214672866106 -0.162027048889 0)
(0.189105079387 0.0744809862437 -3.21402897915e-16)
(-0.181711367217 0.0951707325934 3.58451246452e-18)
(-0.0969776739997 0.164999062052 0)
(0.0731281216196 -0.0785575651627 -1.52412962553e-17)
(-0.101293627512 -0.227685337745 0)
(0.165906925944 0.0198683995872 -3.95994535405e-16)
(-0.0494837885896 0.318943931042 0)
(-0.23583165628 -0.0702254742664 -3.12325700943e-19)
(0.12858413698 0.246863181018 1.90354237238e-16)
(-0.193721290418 0.160898004576 2.25719438101e-16)
(0.102886693863 -0.146849925271 2.40934754921e-16)
(0.229296999256 0.0160088271133 0)
(-0.0685099385028 -0.197734111623 3.34978229767e-16)
(-0.0666312456883 -0.156661161981 -4.83471790896e-16)
(-0.227914914295 -0.0377745896204 0)
(0.132140673232 0.175727752246 -3.64937524275e-29)
(0.13081527991 -0.105734903666 -1.29875544559e-17)
(-0.161564700086 0.270771697761 0)
(0.0669713579344 0.169732466617 -3.28609719704e-16)
(0.130015700273 0.231943790161 0)
(-0.0194649718794 -0.199747160814 1.83366723647e-18)
(-0.0442037896224 0.0350525476191 -4.68701584977e-19)
(-0.199015017909 -0.162047599523 -1.01651743882e-16)
(0.269763689695 0.087399781488 0)
(0.133190892126 -0.0162333513075 4.36597189805e-28)
(-0.0593042616381 -0.220713082097 -4.55487912798e-18)
(-0.182622544976 -0.203586635594 0)
(-0.101926450182 -0.211981852759 0)
(0.116684949733 -0.0866738295409 -1.56312429708e-20)
(-0.0251761822067 -0.215000135873 -4.34061357268e-16)
(-0.155238363075 -0.179983593102 -1.52972016548e-16)
(0.0739361170992 0.0832130757977 0)
(-0.09845086739 -0.171399369631 0)
(-0.0670805791078 0.0521167688103 -1.77213783243e-18)
(-0.162724676532 -0.142720105653 7.13018722928e-28)
(0.174338393285 -0.0323839635469 -4.10323820969e-16)
(-0.0717806247541 0.103697452264 0)
(0.223347955521 0.156544629625 -8.29436267755e-18)
(-0.21950708254 -0.23270844225 0)
(0.110795214728 0.289614598171 0)
(0.129731057902 -0.0253871254783 -4.36597189805e-28)
(0.138147605174 0.209278571938 9.33398420192e-17)
(0.268471322724 0.0931821060054 0)
(0.117170123595 -0.0332735187199 0)
(-0.256689203796 0.0107513905274 -2.20245754412e-16)
(-0.108723707934 -0.192619699202 0)
(0.233442619313 0.147120137506 7.24262369957e-18)
(-0.240002634985 -0.203690708438 -5.55588232571e-19)
(0.14775634484 0.243262291442 5.01509214127e-29)
(0.258610370611 0.0392234712865 -1.43781601125e-16)
(0.202154836327 0.0828038785352 3.2142776428e-16)
(0.187265928528 0.179494663906 0)
(-0.199720566209 -0.0440958721358 -3.24893075503e-16)
(-0.0309575990132 -0.199747662279 -4.40124177528e-16)
(0.181881624367 -0.0753198187953 2.25469789928e-16)
(-0.171862106542 0.24813124113 0)
(0.243918012092 0.0235726344974 0)
(-0.15765896364 0.164612901875 1.34465742119e-17)
(-0.0474668220337 0.325229031534 0)
(0.122892410689 -0.133058228879 2.31850253498e-16)
(0.259295620434 0.0488887674709 -9.66129842511e-18)
(0.0325933503567 -0.144979752341 0)
(-0.23860487014 -0.0276342974864 1.07584259566e-28)
(0.201183334343 0.0116474594912 3.60773667519e-16)
(-0.0250153262357 -0.184695195335 7.1999178344e-16)
(-0.15374443128 -0.122700070169 0)
(-0.202222495144 0.181144459167 1.93317646731e-16)
(0.191483550423 0.0246698855241 0)
(-0.192986270083 -0.0819473812178 3.08926339691e-16)
(0.0826981039452 0.0912641166588 3.73580222062e-28)
(-0.109491896058 -0.203641850076 0)
(-0.123114430507 0.0839779634832 2.24179741111e-18)
(0.239690258615 0.151217853808 1.53378010716e-16)
(0.252062445815 -0.0486303919722 0)
(0.109368986222 -0.0318568198353 5.34274734023e-16)
(-0.0141606105741 0.33119692498 2.48256318578e-29)
(0.146187104182 -0.00812395549427 -4.4432354823e-16)
(-0.00741414675375 -0.116532782778 0)
(-0.133967281161 -0.187924181273 -9.16009438992e-17)
(0.216538864744 0.0194536663875 -3.60773667519e-16)
(0.0399336136069 -0.147457740825 0)
(-0.094977907876 0.272876963121 0)
(-0.20350541817 -0.0598921335244 -5.95852390639e-16)
(0.0861443077684 -0.0652680833935 -5.53651300269e-16)
(-0.0747100501879 0.318234466726 7.5587641706e-17)
(0.0777785930561 0.160192309926 3.28609719704e-16)
(-0.0588794289417 0.152669172067 1.24313322539e-27)
(0.03723124459 -0.158168202651 0)
(0.127994997028 -0.087800605274 0)
(-0.210867318492 -0.0608514662973 5.56513655513e-16)
(0.245490113644 0.0321493180454 -1.59640281891e-16)
(0.081225874088 0.0403528425615 0)
(-0.198581295319 0.119588850118 -1.24503229118e-18)
(0.0619216168518 -0.0284413547167 -6.03946363195e-16)
(0.12461524417 0.271977629375 0)
(-0.264914402078 0.0200332699461 9.37494174765e-17)
(0.0793448977744 -0.064773827521 -5.90172355524e-16)
(0.113763651201 -0.140692409916 2.20045402417e-16)
(-0.243395784755 -0.0136301087875 -2.26949620409e-16)
(0.071327648339 -0.0803545052956 0)
(-0.174326038566 0.177927404974 1.81473782737e-17)
(0.0720494162517 0.0310514684249 0)
(-0.217196315787 0.0985245089373 0)
(-0.100387096614 0.312833943448 2.70354002739e-28)
(0.270791585295 0.0842605074603 -1.08039392071e-17)
(0.10145981396 -0.0496164740226 0)
(-0.0755559514807 0.162956156082 -5.53460218064e-28)
(-0.0389419007074 0.305468509807 0)
(0.174060570894 0.00682031835716 0)
(0.135280041925 -0.0972419082589 0)
(0.261430828408 0.0694954722957 0)
(-0.160554364646 -0.121766508222 0)
(-0.0913735896187 0.315528863283 9.00975019382e-17)
(-0.129294980629 -0.0813470329979 4.22671923891e-16)
(-0.22262013554 -0.0508306540357 -2.68560625409e-16)
(-0.0874948580313 0.0946454799628 0)
(-0.317505705925 0.0484286325875 0)
(0.106380461741 -0.112709593125 0)
(0.0600001869213 0.146145964356 3.62879716029e-16)
(0.100205001952 -0.151605577713 -2.22460384245e-16)
(0.0643265509087 0.0382291217073 0)
(-0.131997905781 -0.0676382791854 0)
(-0.0900690635289 0.135290533765 3.30891613794e-16)
(0.0646597242265 0.0562909214332 0)
(0.0282211710199 -0.165058491945 0)
(-0.173223033238 0.275136088147 0)
(0.081190304545 0.213932348526 0)
(0.0845664200378 0.182916978509 0)
(-0.0241342416062 0.328636249497 9.65123343844e-17)
(0.0519150186462 -0.038236825489 6.03946363189e-16)
(0.161595660258 -0.0897170431286 4.75879853123e-16)
(0.14946234403 0.00150823269967 0)
(0.044564486527 -0.160724887987 0)
(0.0979981060101 -0.0682711981879 1.4830210086e-17)
(0.0322037063328 -0.179327790212 -5.15698966622e-16)
(0.0709014157545 0.136361106686 -3.62879716026e-16)
(-0.081707026073 -0.156701008518 -4.19377611934e-16)
(0.113570272307 -0.042006879125 0)
(-0.252760573966 -0.00373654161224 4.35595854879e-16)
(-0.31263850198 0.0666732878061 1.70652156435e-17)
(0.0311814406066 -0.203177099158 6.88421712833e-16)
(-0.0881482037788 -0.162919464749 -3.92504857337e-16)
(-0.164644251967 -0.175950240758 1.52972016548e-16)
(-0.116918486967 -0.186574112821 0)
(-0.241204277791 0.00446502272454 -2.37775149334e-16)
(-0.294933477483 0.0861849367942 1.11544415019e-16)
(0.0794940212148 0.142984962565 0)
(0.137720476283 0.275384604109 -1.43382062527e-16)
(-0.162915077174 -0.130172279124 0)
(0.0924413635821 -0.158353445488 0)
(-0.220124764823 -0.118832326776 0)
(0.188719872976 0.0148671906301 0)
(-0.270254849713 0.20138060014 7.66520617343e-17)
(-0.183812668997 -0.141906582044 0)
(0.0644610847202 0.0922043414336 0)
(0.0531807351195 0.195896170486 -3.00114320348e-16)
(0.0892314142171 0.133804952266 0)
(0.120204621139 0.225641898043 2.2559060562e-16)
(0.248048558983 -0.00664057884757 0)
(-0.263509107543 0.142110933881 2.15137809046e-16)
(-0.252816715192 0.164252743282 0)
(0.260940841814 0.0797334170418 2.41443835229e-16)
(-0.285289431976 0.0646398822756 0)
(-0.0729948684572 0.124390762264 0)
(-0.0647338245554 0.000497747813015 4.77079676955e-16)
(-0.27990651426 0.0850014672984 -7.48212038271e-17)
(0.237025071979 -0.059618616894 -3.39587948137e-16)
(-0.233506783321 0.0087884179643 1.17227206476e-28)
(0.171106529253 -0.0405962568323 0)
(0.0633091492621 0.111000930618 0)
(-0.193886730759 -0.025008378689 0)
(0.0267070808115 -0.108155340535 0)
(-0.24045410148 0.123599519899 1.91174540096e-16)
(-0.147900748246 -0.0579343921522 3.91684533076e-16)
(0.034567815249 -0.0699928774716 -1.70717219106e-18)
(-0.237170390048 -0.0108856724006 0)
(-0.000309428082498 -0.121790786573 0)
(-0.0861775377084 0.0734435195114 1.44958715944e-17)
(-0.185259827154 -0.0816264228254 -3.08926339691e-16)
(0.0485467823675 -0.0501519947131 6.3163776697e-16)
(-0.101930198331 0.0644490824605 3.87613805949e-16)
(-0.265784486526 0.0838214894582 8.82417851741e-17)
(-0.0807215364472 0.261336154445 0)
(-0.239809111433 -0.190238545395 1.47556860893e-17)
(0.0862609592419 0.166414502225 0)
(-0.271362609038 0.0624142091385 -1.7162231873e-16)
(0.0640289533982 0.317918505125 8.64694236299e-28)
(0.0942397133196 -0.0487167862249 1.00080304317e-27)
(-0.168544085266 0.127871433275 -2.83638072897e-16)
(-0.0553602144258 -0.209183602471 -1.63195276631e-16)
(0.258978049678 0.101684530496 0)
(-0.0343047910328 0.32897340898 -9.65123343844e-17)
(-0.25866712229 0.0760757617414 -2.06367759659e-16)
(-0.0721220141812 -0.182268774717 0)
(-0.153631586677 0.137342001929 -1.20823581023e-17)
(-0.286769797556 0.0786753962188 7.53683595698e-17)
(-0.0299655441626 -0.171775381165 -5.09957705634e-16)
(0.143348148601 0.0146067163955 0)
(-0.257813036657 0.106582180014 -1.03378121073e-16)
(-0.140721869485 0.194496855455 0)
(0.140137015176 0.00418232165468 4.66453313032e-16)
(-0.0724342215767 0.316243192106 -4.85998655587e-29)
(-0.038126147555 0.315794429379 0)
(-0.0343786148297 -0.16115062287 5.19624388734e-16)
(-0.0508638579225 0.299563605996 -7.30505054609e-29)
(-0.101715792872 -0.187324161801 -2.51349123777e-16)
(-0.192015345209 0.175693699853 0)
(0.0977915409556 -0.0579829793191 5.53651300269e-16)
(-0.257542440295 0.06051774608 0)
(0.155730164899 0.0232037440546 -3.75132218119e-28)
(-0.308042150337 0.112653968681 0)
(-0.140909551073 0.0990137516528 -3.64092740151e-20)
(-0.236714441775 0.0253576458735 -2.45427446432e-16)
(0.081996848534 0.109124016496 -3.73580222061e-28)
(0.222965361844 0.0507053532914 0)
(-0.172110192995 0.273236624329 9.96265901391e-17)
(0.152178282888 0.258522560075 0)
(-0.176057099152 0.280155558575 -3.13871803834e-29)
(-0.29803924555 0.127385562615 -1.55491368158e-18)
(-0.169189499967 0.281907097764 3.13871803834e-29)
(-0.111049383413 -0.173894612999 0)
(-0.137691816419 0.290991591365 9.73378018146e-29)
(-0.0641344475541 -0.194095021793 -3.35837151142e-16)
(-0.311345102071 0.101422629122 2.12977525049e-17)
(-0.0795479172398 0.319706264844 -9.00975019382e-17)
(0.0824645717182 -0.0733945628463 0)
(-0.173630470933 0.146600417081 0)
(0.198590965604 0.0579519611923 0)
(0.20626856428 0.0327549884097 0)
(-0.307664035851 0.0518048809256 0)
(0.0908738061582 0.0830517282341 4.1954816885e-16)
(0.0902585853524 0.116495027258 0)
(-0.196307669972 0.127293348678 -5.03049909072e-16)
(-0.0696682429213 0.321365899234 4.85998655587e-29)
(-0.156050241622 -0.0755151273486 0)
(0.226743197245 0.00691840963556 0)
(-0.246944977822 0.0352922009247 2.45427446432e-16)
(-0.0798399731658 -0.171762269125 0)
(-0.190318536728 0.197845327543 -3.9803628158e-17)
(-0.095192409123 0.312023410426 1.02912738755e-16)
(-0.182495084924 0.136889122588 2.58371386198e-16)
(0.255121410216 -0.0405933334853 -2.94431431256e-16)
(0.0154468289412 -0.231341816553 3.29827458072e-16)
(-0.0770704706526 -0.185166310282 0)
(-0.0914199354568 -0.0508940443612 4.43859879601e-28)
(0.216204838296 0.102726984067 -1.36867781502e-16)
(-0.0152591338972 0.329486366375 -2.48256318578e-29)
(0.155727229449 0.247265260494 0)
(-0.205377414119 -0.0724908042969 -2.67794417616e-16)
(-0.0365395138116 -0.132694517174 -1.66603187873e-17)
(0.072427099621 0.118307199119 0)
(0.158638734777 0.0341474462315 3.7513221812e-28)
(-0.119314046837 0.0760255585315 0)
(0.212449434287 0.0660321227585 3.04141375306e-19)
(-0.0933114714702 -0.169656544412 0)
(-0.221094253181 -0.0360008727441 0)
(-0.303085635681 0.143407051932 -2.96574174219e-17)
(-0.0841274437236 -0.121654123011 -5.2487602148e-16)
(-0.280821700644 0.0985652431206 1.16359888849e-18)
(-0.229864086852 0.0486731769715 -1.6106490592e-17)
(-0.159700504535 -0.0617385140035 -7.59901161036e-16)
(-0.0491624258257 -0.108908266593 -5.89956919384e-16)
(0.0964308127125 -0.0835172805293 0)
(-0.264347898795 0.127809332283 0)
(-0.272473939473 0.159619134912 0)
(0.198449221324 0.00249008957666 0)
(0.245368642408 -0.0400882277322 -5.05024537594e-16)
(0.249262336638 0.0632397071984 4.6069572872e-18)
(-0.0844162155245 0.310850762024 0)
(-0.170401337974 -0.014011467577 -3.30198448468e-28)
(-0.163231156538 0.268821069075 0)
(-0.0459218190271 0.282661495995 -5.87769254245e-17)
(-0.157662497408 0.288623404234 -1.10458707604e-28)
(0.082047770406 0.0572738364543 4.66938149914e-16)
(0.258822281093 0.0885524649682 -5.61290718397e-19)
(0.259105549905 0.10135459512 6.00843950268e-19)
(-0.113891965488 0.277974257314 0)
(0.180689873359 0.104371789839 0)
(-0.152455962968 -0.296675470937 0)
(0.141198548007 0.23129032705 0)
(0.127399100815 0.282437845702 1.43382062527e-16)
(0.0738334754856 0.192092679562 0)
(-0.227519920176 0.0312123322639 0)
(-0.219443964199 0.242532854042 -9.20305917207e-17)
(-0.0249257058259 0.249867064132 0)
(-0.250605853089 0.0994223913007 3.99714653918e-16)
(-0.0606565601763 -0.0939677483981 0)
(-0.177006753823 0.16731127013 0)
(-0.176820755266 0.252241621691 -8.6027631489e-18)
(-0.0868720502125 0.301999879182 -1.35867817613e-16)
(-0.264333654563 0.054315124941 0)
(0.14175350205 -0.105965638675 -1.30141028424e-17)
(-0.0739275303766 -0.150502453749 0)
(0.0741610882647 0.0650440580146 -4.66938149913e-16)
(0.183519967744 0.230831551147 -1.484105964e-16)
(-0.196004477995 0.225511859089 -1.45175481161e-29)
(-0.139990294561 -0.320999127077 0)
(-0.241161710569 0.108042789297 -4.28368761069e-16)
(-0.14818237229 -0.0981241795529 0)
(-0.249129338179 0.0516217729595 0)
(0.000387229844689 -0.171422545133 -2.73087882517e-16)
(-0.00557599978887 -0.167934353634 5.40603361175e-19)
(-0.220686698027 0.0739372220569 5.18101296272e-16)
(-0.296718421619 0.0990873169716 5.66449429523e-17)
(-0.211054623239 0.162554330622 -1.80306324478e-17)
(-0.139763935406 0.142744392884 0)
(0.0787176169371 -0.169573007963 4.11641838135e-16)
(0.057158605686 -0.0950527392248 5.95720413158e-16)
(-0.243692278853 -0.0711645357936 2.10076882673e-18)
(0.0973661934015 0.140678132249 3.47365728629e-16)
(-0.314389142351 0.0795328517398 -1.71391928043e-17)
(-0.19392968363 0.178917014471 0)
(0.164199566752 0.214632641802 4.7314703343e-29)
(0.0933688374095 0.189087779027 0)
(-0.107142072943 0.21231181758 0)
(-0.183739223408 0.26576420431 -1.91596342814e-16)
(0.25567471737 -0.0429221731114 1.67296293289e-16)
(-0.236410358592 0.153592410662 -1.87237464625e-16)
(-0.229766132621 0.132882423341 -2.18210718101e-16)
(-0.228370123713 0.147898351579 1.87233151899e-16)
(0.0743989108665 -0.00534022858345 5.69630369216e-16)
(-0.149702236729 0.285631902553 1.10458707604e-28)
(-0.080433596415 -0.166548056631 3.92504857338e-16)
(-0.0632727079014 0.319525735919 0)
(-0.0731033842968 -0.117920225338 5.2487602148e-16)
(-0.298054539838 0.139813898501 -9.60141521956e-17)
(0.192221053962 0.100831473419 2.99219422045e-16)
(-0.248001913209 0.130014069319 -1.91216578125e-16)
(-0.277827074889 0.05688381724 1.7162231873e-16)
(-0.0750516029979 0.298052025263 1.35867817613e-16)
(0.10841549521 0.249110667184 2.0088319475e-16)
(0.248808144861 0.053409928525 -3.10615905967e-16)
(0.0872017790177 -0.109241349826 -5.55168310417e-16)
(0.0607768027987 0.00497051869735 1.02224119901e-27)
(-0.0329731205082 0.0283446825019 5.01719261497e-19)
(-0.190171985453 -0.0698764422348 3.07899360535e-16)
(-0.219221872227 0.0559143834607 2.66100523219e-16)
(-0.234564255165 0.167601870489 -1.68859661586e-16)
(0.0533798148706 -0.0721712691904 0)
(-0.227264025859 0.243779149514 0)
(-0.0862301900651 -0.103767692167 0)
(-0.184096024289 0.267602426195 0)
(-0.164605321045 0.259891974253 1.28722987e-16)
(-0.0688284416476 0.0618886364325 -4.02109677542e-16)
(-0.184971714112 0.208174859156 2.16562498842e-17)
(-0.208782547456 0.0823236803376 -2.66797909508e-16)
(-0.214897774585 0.0204780182746 0)
(-0.272734259251 0.07688618148 -8.80263584083e-17)
(-0.314968443369 0.0368648503702 -5.73571771449e-17)
(-0.106683240538 -0.166216949912 0)
(-0.137354431566 0.10784549035 -1.36601384952e-17)
(-0.122447149775 0.136767075326 0)
(-0.272784210922 0.11996395207 5.87199281503e-19)
(-0.205936698657 0.208244348011 0)
(-0.299472336785 0.155614634674 -3.95140369704e-17)
(-0.0838695013414 -0.128488726746 0)
(-0.208057548688 0.135354290474 1.25020891452e-17)
(-0.072968745875 -0.109380520701 -2.44243926176e-28)
(-0.292489838784 0.0592271830396 4.56653688207e-18)
(-0.0807292469052 0.289823747812 4.74955884593e-29)
(-0.191888979247 0.232452542072 1.4080770642e-16)
(-0.168266900143 0.109105479845 -3.05592890474e-16)
(-0.161781779665 0.255243520742 -1.54018602418e-29)
(-0.179614501692 0.240479100229 9.84183431977e-18)
(-0.096827589663 -0.116618440383 0)
(-0.053307218852 0.0709342161941 7.36506180026e-28)
(0.149346757629 0.0380322853347 4.25815105186e-16)
(-0.0734342552651 -0.146666848946 0)
(-0.299488619451 0.155310814798 7.4144948165e-17)
(0.0677289445589 -0.0883874633749 -1.1762384568e-15)
(-0.120563779066 0.0968171845115 -1.30235656077e-17)
(-0.0628010480479 0.304256473226 6.02221848656e-29)
(-0.293634349995 0.164328980086 -8.17601283996e-17)
(-0.0546399639332 0.0922681715407 -7.36506180026e-28)
(-0.211682988756 0.00297222528089 0)
(-0.122733825182 0.155402578364 -2.93727613048e-16)
(-0.0674957523733 0.0406336844741 8.78747314643e-16)
(0.171019335059 -0.00258037052291 0)
(-0.19642291199 0.109604154192 1.34600022777e-17)
(-0.13799412862 0.127501213672 2.95720430999e-16)
(-0.235308586903 -0.145737729292 -2.04369276125e-17)
(-0.13767692666 0.180846675853 -2.59022939051e-16)
(-0.271780563288 0.171625884753 0)
(-0.0818298805417 -0.15282344054 -2.01611841157e-28)
(-0.220872512363 0.109211393103 -2.35872687043e-16)
(-0.204112239869 -0.0289222184149 2.83092249338e-28)
(-0.105754853822 0.126292343857 -3.30891613794e-16)
(-0.20953802698 0.233789126628 1.45175481161e-29)
(-0.123945269839 0.128895015288 6.11522009393e-18)
(0.0980704382475 -0.0399971628391 -5.34274734024e-16)
(-0.0616460374995 0.188227777266 -5.17849750997e-28)
(-0.0576640740081 0.133066034649 3.62219077989e-16)
(-0.231795727739 0.0833104956908 -4.87895079227e-16)
(-0.19300501483 0.266977927799 1.74972801775e-16)
(-0.0515417077507 0.287911800143 1.70315102385e-16)
(-0.175259307093 -0.129570286296 8.79419023451e-29)
(-0.192915012658 0.269182063364 0)
(-0.0922726085071 0.189593073946 -8.70492464253e-18)
(-0.0612290060454 0.313807311388 -6.02221848656e-29)
(-0.107272536421 0.164282479119 2.93727613048e-16)
(-0.214698331972 0.171681703166 -1.93317646731e-16)
(-0.0763960947963 0.286951571934 -5.64641456687e-18)
(-0.100408156771 0.0433358794729 -4.164084465e-16)
(0.245442611562 -0.0529380180372 0)
(-0.0294290642875 -0.13329493754 6.08168657395e-16)
(-0.216652551716 0.157453717675 -2.12587708107e-16)
(-0.167722113608 0.281118276135 8.52904303214e-29)
(-0.107346583572 0.181427178304 -2.77517550336e-16)
(-0.204695270727 0.254016584831 0)
(-0.18824999618 0.235079760703 0)
(-0.228505615876 0.169198415519 0)
(-0.0724985879414 -0.222305003793 2.38598629336e-16)
(0.113807898577 -0.0517752064547 -1.43338880106e-16)
(0.250963641888 0.133402156373 -1.12457933508e-16)
(-0.0153004366354 0.316541423883 -1.35897927201e-16)
(-0.193569176682 0.248955322193 0)
(0.0905978072632 0.0659818841057 4.54541863841e-16)
(-0.0112705452455 0.242020014403 -1.13941120823e-28)
(-0.0922709459215 0.204999415922 2.597734918e-16)
(-0.0888273316828 -0.158658082477 4.19377611935e-16)
(-0.187393418175 0.255557687925 -9.59642239921e-18)
(-0.141028958379 0.263975364193 0)
(-0.220382923169 0.125773317258 4.50387151829e-16)
(-0.194921169958 0.166430089549 0)
(-0.241787293458 0.0752602001487 4.5797747308e-16)
(0.0648312995671 0.186369036999 3.00114320348e-16)
(-0.0270187647719 0.300070786942 1.58529091856e-16)
(0.00293599921145 -0.13436548053 -6.1941728494e-16)
(-0.223343546835 0.176669402748 1.68851826395e-16)
(-0.0257904929595 0.262655820168 2.0846341767e-16)
(-0.152664178524 0.0986119817822 -1.38578011855e-17)
(-0.213532937936 0.228290519452 -1.20812841214e-16)
(-0.210390874972 0.196622473528 0)
(0.0837145178422 -0.118655493051 5.42225869059e-16)
(-0.216218244529 0.21579546744 -2.71210489412e-16)
(-0.172930175887 -0.123484156555 1.02742602363e-28)
(0.221857777221 0.165985358889 0)
(-0.00974966440909 0.228281933032 1.13941120823e-28)
(0.00423004872319 0.219475952306 1.02308545061e-27)
(-0.221104820678 0.190047315989 -1.61269493349e-16)
(0.233890811301 0.163274893716 -1.47827179148e-16)
(-0.107786952336 -0.0412159207652 0)
(-0.187314715558 0.272644440586 0)
(0.117522725525 0.0120598681076 -8.69710637431e-28)
(-0.0623907579849 0.204141010758 5.17849750997e-28)
(-0.0388932339527 0.269597260007 0)
(-0.0773242396989 -0.0441206583928 5.10309357053e-16)
(0.0132529605843 0.153738623787 -3.59975010109e-16)
(-0.232138987392 0.100200581867 4.57111612484e-16)
(-0.250451828145 0.083608766499 -1.5018020958e-17)
(-0.0639230669272 0.281591176086 -5.47677485911e-18)
(-0.0830106260609 0.0318649804002 -1.53567833703e-17)
(-0.206741632409 0.211687512608 2.92972642195e-16)
(0.00281388888088 0.127118591594 3.84351802358e-16)
(-0.0762685222072 0.180651630461 2.86222474979e-16)
(-0.0611028163247 -0.104442970161 0)
(-0.0231093282274 -0.143898628475 0)
(0.0989917717024 0.0911456655877 -4.1954816885e-16)
(-0.240585255293 0.058428335588 -2.49994032627e-16)
(-0.0615288814823 -0.12181501362 0)
(0.00626183308535 0.204335168423 -1.02308545061e-27)
(-0.209221630323 0.198878608545 1.61269493349e-16)
(-0.0390289597462 0.281900475315 0)
(-0.183966548642 0.257437145339 0)
(0.274805494987 0.09109894158 -1.49858919895e-16)
(-0.182636911249 0.0998601545141 -2.7761918487e-16)
(-0.0644969645734 0.269809261559 -1.89823384857e-16)
(-0.20941290033 0.100413472443 2.64159182593e-16)
(-0.258419961528 0.185893729069 -6.64250921282e-18)
(0.0577387900526 -0.142814880756 4.90885579424e-18)
(-0.203346797458 0.260882138892 0)
(-0.206867849398 0.151186168255 -1.31317299937e-17)
(-0.0651503279576 -0.187093698737 0)
(-0.0138724570084 0.268357510823 -4.19913724964e-16)
(0.0111245807258 0.171911765155 0)
(-0.122609197969 0.189564883493 2.59022939051e-16)
(-0.168885585689 0.236592289154 -3.10697718916e-16)
(-0.0269766993673 0.287897414322 -1.826617229e-16)
(-0.198960085417 0.247844234135 -1.10523801451e-16)
(-0.107602372973 0.306279400573 -1.02912738755e-16)
(-0.00351233899585 0.182112466126 0)
(-0.26231982921 0.039062461726 -2.13092701504e-16)
(-0.194543638745 0.220142873387 -1.51781937032e-16)
(0.144638116611 0.0361068562411 -1.07898150888e-16)
(0.0667572477432 -0.0315825318869 0)
(-0.0647613305555 -0.143777951953 2.42078081328e-28)
(-0.172473320318 -0.119187860165 -2.60234941923e-16)
(-0.121848503276 0.204360842906 0)
(0.17566879314 0.213953724338 -4.7314703343e-29)
(-0.120278503197 -0.215818928299 0)
(-0.00109726334836 0.260833536966 2.11450307294e-16)
(0.0783395601334 0.309535972979 1.88355925384e-18)
(-0.251017370728 0.0144676537289 4.58020903746e-16)
(0.163716412408 0.0587346279219 0)
(-0.22371901232 -0.217357957861 0)
(-0.2020505191 0.236215155271 1.20812841214e-16)
(0.0876787196985 0.0339886599052 0)
(-0.0133025800421 -0.205195618785 0)
(-0.258937567458 0.172684059486 -3.1571757114e-17)
(-0.260789891899 -0.0543731009395 -5.95630156379e-17)
(-0.0146287911461 0.281269560789 1.826617229e-16)
(-0.177802006616 -0.239994561117 2.6288479296e-19)
(0.177086860257 -0.0819377812594 0)
(0.017235614646 0.116281552592 1.49353252086e-27)
(0.000950409181211 0.146737869635 0)
(-0.0732542239926 -0.137218956745 0)
(-0.0856303614371 -0.17406332319 -1.55054093461e-28)
(-0.0513482243136 0.26359487087 0)
(-0.0889964444498 0.280319079954 -1.59191912959e-16)
(-0.119251779745 -0.0630094328906 0)
(-0.15715766018 0.136205621989 0)
(0.068484644739 0.238190176911 0)
(0.000321146368038 0.247387786929 0)
(-0.0773965857421 0.263395379189 1.89823384857e-16)
(-0.115883397882 0.0348138749672 1.83539262751e-28)
(-0.153402670508 0.155153598417 0)
(-0.0725698292987 -0.175836363352 -4.01704134645e-16)
(-0.138256128183 0.164428031663 0)
(-0.115819786812 0.266761426403 -7.39740271991e-18)
(-0.00547374732592 0.198667864866 0)
(-0.0943353293695 -0.164719155505 3.50806608423e-16)
(0.185283329701 0.221103006353 0)
(-0.134817569441 0.0671260461323 3.43017834244e-16)
(-0.216665929028 0.223221890386 0)
(0.195985299513 0.188988564253 0)
(-0.151607240094 0.188067025563 0)
(-0.0743684977581 -0.0876460684723 -5.19056319773e-16)
(-0.213766615988 0.244664912441 0)
(0.00592487836879 0.0875818934817 0)
(0.196638174022 -0.0672956954157 2.08378300703e-16)
(0.0205707767601 0.0566056718323 0)
(-0.135626329822 0.210749902525 0)
(-0.0826617468756 -0.139925320617 4.81693504367e-16)
(0.105694639856 0.0676909228317 0)
(-0.003005632484 0.287027693708 0)
(-0.116782034293 -0.177478050123 -2.25648828229e-16)
(-0.104802649045 0.105987088655 3.46134395763e-16)
(-0.228701176884 0.192094669717 0)
(-0.0364702397218 0.328145343147 1.12947069719e-16)
(0.0211027081647 0.0365910726241 0)
(-0.0778143625641 0.212306353822 -2.597734918e-16)
(0.00714024446606 0.0668059989173 0)
(-0.0569892338679 -0.200733492529 -3.70810888806e-16)
(-0.208641727849 0.250497226377 9.20303788506e-17)
(0.234112486775 -0.0584640649348 0)
(-0.223160147678 0.231840229944 0)
(-0.254095115862 0.0299836574647 2.13092701504e-16)
(-0.242641043918 0.196989387995 0)
(-0.0200231420951 -0.0450118406217 0)
(0.0188275656723 0.0960122984914 4.31080645141e-16)
(0.156340895676 -0.0976620229381 -4.84392523162e-16)
(0.107711161415 0.00293990438213 5.12794941655e-16)
(-0.225322976572 0.204504079085 0)
(-0.099136311245 0.295500376857 -2.50677207822e-28)
(-0.0815679065784 0.0112755010114 -4.43392048967e-16)
(0.102401009151 0.0061624634707 -5.12794941653e-16)
(-0.287730746037 0.15946590458 -1.19867149014e-17)
(-0.103396960594 0.261992170474 3.46933081484e-16)
(-0.162418232477 0.207716460348 1.81877281227e-28)
(0.00623988572024 -0.10318440692 0)
(0.0534162215441 -0.0523649990365 0)
(-0.150627249407 0.292472114837 0)
(0.0962081553889 0.157406062065 0)
(-0.117722216785 0.148398236072 0)
(0.0706276712745 0.0147022859442 0)
(0.191307160011 0.196834616245 0)
(-0.133161123805 0.0464259605473 -3.66025209185e-16)
(-0.0939345375191 0.291276305488 0)
(0.169448320173 0.0982944133071 3.37859510468e-16)
(0.179941655156 0.0924636429887 -5.04899072824e-21)
(-0.151544828111 0.0784973614467 -6.70718481415e-16)
(-0.244973308045 0.183986462525 0)
(-0.264965477582 0.199398299907 -7.67514648689e-17)
(-0.210863187235 0.175833116107 1.76879167972e-17)
(-0.288511486647 0.120259206443 -3.93200670483e-18)
(-0.18174916368 0.153720045295 -2.49770993241e-16)
(-0.137785892187 -0.0961949117028 0)
(0.00940529019587 -0.121357024372 0)
(-0.235546227681 0.216883819421 3.80252564774e-17)
(-0.068619947095 -0.206137029824 2.86372510701e-16)
(-0.252507381415 0.206951793826 0)
(-0.176310416814 0.198780975757 0)
(-0.0992571659055 0.0631703123014 -2.76369676097e-18)
(-0.0768977565591 0.0876059214086 4.69825804286e-18)
(-0.101213136199 0.284932715749 2.50677207822e-28)
(0.0988379607964 0.108031647492 0)
(-0.0480655263285 -0.0877981234653 -5.81838372158e-16)
(-0.0903049806656 0.268858310702 -1.77097391616e-16)
(-0.221477613329 -0.00189988723591 0)
(-0.255623707429 0.207746502355 0)
(-0.276819865696 0.179940716674 -9.08096635686e-17)
(-0.110642105541 0.298690109821 -4.97956313374e-29)
(-0.114039856365 0.014355165654 -1.83539262751e-28)
(-0.150141072722 0.2022263779 0)
(-0.152060006729 0.275068838022 0)
(-0.0826575763689 -0.144212125257 4.65127102592e-16)
(-0.223742881962 0.245754031458 5.1484246516e-17)
(0.0918551743905 0.20517219378 0)
(0.131453683506 -0.0616157534604 1.73047881786e-17)
(0.0375300136674 -0.109023393314 6.15375020196e-16)
(-0.0257193341272 0.327329006184 -1.12947069719e-16)
(0.182401935118 0.120228797794 0)
(-0.281114920352 0.101032181628 0)
(-0.0789336582376 0.256414229469 0)
(0.256546137907 0.112028121065 9.76085584435e-17)
(-0.00574866093951 -0.0194909646324 0)
(0.0794066037436 -0.00937243412087 -5.52005416653e-16)
(-0.0153996876658 0.305643048453 -3.1971594343e-16)
(-0.0477680343931 -0.215933463685 3.01052455658e-16)
(-0.0242431669882 -0.175269360699 2.51407210865e-16)
(-0.197622193812 -0.00814816804016 3.27505883879e-16)
(0.0396007348607 -0.0713629286951 -6.49184851434e-16)
(-0.247139909282 0.218585484028 -4.99112847798e-17)
(0.0229921796719 -0.115138718636 0)
(-0.0504980845131 -0.117060496622 5.90845164248e-16)
(-0.00659507233226 0.0578312742461 -8.5646804303e-28)
(-0.112284510746 -0.167982335332 0)
(-0.148114771211 0.0381798485147 1.7156060257e-17)
(0.0974999663713 0.0589891373068 -4.54541863841e-16)
(-0.210910753187 0.258322311552 6.67202931984e-17)
(0.261567365493 0.0874517321752 0)
(-0.101884658704 -0.318071088048 2.86869398525e-16)
(0.106488901314 0.0836749596063 0)
(0.00810517503831 0.00796449724443 5.27692809196e-16)
(-0.229310863621 0.228067586489 -3.80252564774e-17)
(-0.0194584178485 0.00794292560571 0)
(-0.00774161899801 -0.0519021217375 -2.70373059256e-28)
(-0.197280169499 -0.148958401835 1.20464983946e-16)
(-0.297359641529 0.0431079515906 1.27953512198e-19)
(0.250538722939 0.085343254406 -3.08280643946e-20)
(0.255475677179 0.019251967717 0)
(0.0199955909708 -0.000430095952353 -2.02353912158e-27)
(-0.204008492965 0.259127495346 -8.30030490994e-17)
(-0.0286654072796 -0.163582740314 -5.43605802826e-16)
(-0.257279999474 -0.00592735082165 -1.57720282846e-17)
(0.173415135101 -0.0666155619736 0)
(-0.171876260287 -0.114637527301 1.30039885398e-28)
(-0.267906411425 0.188047552305 9.0816799908e-17)
(0.0256109980987 -0.088384892017 -2.41813018913e-27)
(-0.178550166502 0.0417621274026 -3.32047542642e-16)
(-0.240850754599 -0.0799729139317 1.36479135034e-16)
(-0.0900911842946 -0.0664790094378 -2.22844083799e-17)
(-0.0967804813598 0.00311886340949 4.43392048967e-16)
(0.106841262507 0.115605270411 0)
(-0.0477355913986 -0.0454151111785 -5.29398241975e-16)
(0.156647295857 -0.0104803126014 4.44323548231e-16)
(0.172614496429 0.140955741146 2.76656978424e-16)
(-0.288750661556 0.106066246184 -5.71510673518e-17)
(-0.220961288277 0.249689272176 -6.67202931984e-17)
(-0.164608768272 0.0496986139035 6.8091669157e-16)
(0.0940245951031 -0.152588847974 0)
(0.00799412381636 0.027303873203 -2.34192258765e-28)
(-0.232260978917 0.235958304887 -5.1484246516e-17)
(-0.279286562558 0.167541800476 9.38254728086e-17)
(0.271259324967 0.101556047553 1.54800890371e-16)
(-0.0266665922664 0.320417465314 1.35897927201e-16)
(0.193430450578 0.113836502721 0)
(0.0858320370583 0.0187098353259 0)
(-0.00366388364762 0.29976873183 1.61186851574e-16)
(0.181087905598 0.205028289311 2.06983605235e-16)
(-0.28881591062 0.146973265066 9.66793889122e-17)
(0.162598864725 0.162784950263 2.72853990023e-16)
(0.161587823931 0.207370788864 -9.43889537375e-29)
(-0.157828369266 0.146412610507 4.47642127196e-30)
(0.096212011439 0.0432016937029 2.12913861042e-28)
(0.0155549813109 -0.19522601269 0)
(-0.155915309815 0.288176060601 0)
(-0.27067114016 0.161780624588 0)
(0.160751941297 0.118377987972 -1.11168382573e-27)
(-0.193633511728 0.0529410009066 0)
(-0.115707303393 -0.128115484477 -4.43420435425e-16)
(-0.0939702102611 -0.131125030439 0)
(-0.0194451347562 -0.0285152470194 0)
(-0.028747717925 -0.143242610423 0)
(0.238958836642 0.00402833587707 -5.37209209159e-18)
(0.160430439935 0.251620149963 0)
(-0.142012489442 -0.129068116141 0)
(-0.00224181437939 -0.13374133717 3.20865128609e-18)
(-0.0727460423546 -0.132003813097 5.42139072173e-16)
(0.0128164496707 -0.0619710708113 6.27181254013e-16)
(-0.167168892937 -0.10056258857 0)
(-0.195278958486 0.0720549677456 0)
(-0.186017579132 -0.00273867742932 -3.27505883879e-16)
(0.0490448894803 -0.0799948621364 -1.17822572193e-17)
(0.270632270097 -0.00744976660952 2.69578128571e-16)
(-0.187665440519 -0.0919302403517 0)
(-0.145957441876 0.0181241182087 0)
(0.15200955364 0.0499754634172 0)
(-0.225805143621 -0.0213841042625 -2.7973963464e-16)
(0.0768073387828 0.00909247916231 0)
(-0.203699826691 0.0268083733554 6.75350653324e-29)
(-0.0846681957408 -0.179728952895 3.15358133405e-16)
(0.156368088198 0.0763508038765 0)
(-0.128943950435 0.00664942171684 0)
(0.0134172173837 -0.168602850287 -2.06892430344e-18)
(0.0912020561285 0.013816064217 0)
(-0.00572901851883 0.0371332045578 4.83519971705e-16)
(0.0151590676434 -0.0487512582476 -5.97053482954e-16)
(-0.0100965659641 -0.139310701792 6.16210398719e-16)
(-0.166312449622 0.0697263521819 1.55602110951e-17)
(-0.0911980840534 -0.146171578323 -4.65127102592e-16)
(0.250259745297 0.0965095514013 3.07750855431e-20)
(-0.0200102085963 0.0279603704133 -4.83519971703e-16)
(-0.00546682750398 -0.00135195914197 -5.27692809195e-16)
(0.12212905931 0.0850727003401 0)
(-0.0374562991772 -0.102989229977 1.19778491138e-15)
(0.076201051409 -0.0219159771523 5.20098206633e-28)
(-0.181722839815 0.0806594427669 3.12140436077e-16)
(-0.00438121225314 0.320591689511 0)
(-0.00393668076262 -0.127455215861 -6.33264821072e-16)
(0.00904141859785 0.279884761731 0)
(-0.0906734983898 -0.149992476045 0)
(0.236500249577 -0.00451685160033 -3.56270451348e-16)
(-0.117767168439 0.306441336095 0)
(0.0102827154108 0.26638534309 0)
(0.200865149324 -0.0600120230952 2.09193053007e-16)
(-0.215422574883 -0.171946996064 1.95954744968e-17)
(0.213989944007 0.0772958674667 -1.47487985368e-16)
(0.0494278426002 -0.0624453284546 0)
(0.225515781736 0.171165041096 4.38833068337e-21)
(0.116617794045 -0.134320867601 0)
(0.0631330885221 -0.0429433069674 6.11582748321e-16)
(0.245705409388 0.143582239723 -8.22138295397e-17)
(0.166005713347 0.0711058598896 -3.49073384269e-16)
(-0.289800576035 0.0473909381175 -8.35067299179e-17)
(0.155649973718 -0.10577176161 -1.75623072647e-18)
(0.0354065482957 -0.080131453629 0)
(-0.271365480136 0.148167522727 -6.72552215682e-17)
(0.0360041529636 -0.204214913019 -2.86488169001e-18)
(0.245556859978 -0.0141758072789 1.69115481473e-16)
(-0.157360707547 -0.00803664428782 0)
(-0.14467175601 -0.10775036426 0)
(-0.128305876516 -0.12241639807 1.85787222554e-28)
(-0.0188702973892 -0.232920485942 -2.157228717e-16)
(0.172864855597 0.184929614072 2.29488610552e-16)
(0.109765831806 0.23371621485 -2.2559060562e-16)
(0.104323585023 -0.00837349676624 -9.42275820641e-28)
(-0.258017008956 -0.0631254851764 1.11009728449e-16)
(0.170921328199 0.111939689147 0)
(0.0543748854831 -0.153370180577 0)
(0.0537166435735 -0.103175820273 -1.09222125387e-27)
(-0.297511951634 -0.0182477917456 -1.16414471543e-16)
(-0.0979509284035 -0.107674605908 0)
(-0.0869983204121 -0.0928357140482 5.19056319773e-16)
(0.0932415934432 -0.00323686612942 -5.40340412359e-16)
(0.0884880690232 0.000279902634546 1.09234582901e-15)
(-0.101748901959 -0.0854573975648 0)
(0.0250814321039 -0.12321304476 0)
(0.277507585577 -0.0111119024143 -1.61207698423e-16)
(-0.0322035574612 -0.137943266007 0)
(0.067281833578 -0.0446973526971 -6.1158274832e-16)
(0.00769318466157 0.304981648692 0)
(-0.107549536168 -0.119308779622 0)
(0.00637029017439 -0.0272098687097 -5.27045258892e-28)
(0.105220034001 -0.140763201742 -1.91854197351e-16)
(-0.321158474759 0.0970427617092 -1.94655770466e-17)
(-0.121559589525 -0.0472017165574 0)
(0.207218054481 0.110674009091 0)
(-0.0614449030462 -0.0681506738428 -5.28671237984e-16)
(0.106420866494 0.132154853973 -6.88223348605e-16)
(-0.0624943433451 -0.128342986767 -1.10643468355e-15)
(0.178110360069 0.0797448215531 3.49086966569e-16)
(-0.0335641139298 -0.0533432086692 0)
(0.0894617863033 -0.129669647974 5.36442413826e-16)
(0.115037102735 0.107840295442 -3.63681324228e-16)
(0.158247408555 0.0897169509877 -3.37859510468e-16)
(0.114611667317 0.0918950990442 0)
(-0.14592410813 0.287316900988 0)
(-0.280649675069 0.127040841149 0)
(-0.140886723704 0.134491676931 -4.47642127196e-30)
(0.161754425292 0.132873305321 1.11168382573e-27)
(0.211518692133 -0.000587220049835 0)
(0.180654757311 0.203133603988 0)
(0.0413388927022 -0.17201003743 -5.10735033124e-16)
(-0.103371735523 -0.0720088394844 -4.84733134581e-16)
(-0.106028910607 -0.126500242622 4.43420435425e-16)
(0.101239944874 0.211515106143 0)
(0.160345516783 -0.105963234914 -4.57785244169e-16)
(0.00504971630344 -0.0429315960652 5.97053482954e-16)
(0.183131449845 -0.00525842730023 0)
(-0.00893555646475 0.0985102176008 0)
(0.173112524001 0.155496208547 -2.53450166775e-16)
(-0.0176450792106 -0.13310961373 0)
(-0.302809764125 0.0282028495233 5.62938071189e-17)
(-0.108511303783 -0.161650264232 3.09498243919e-16)
(-0.178334507698 0.185159075964 0)
(0.0754546633576 -0.0891108355993 5.80519155264e-16)
(0.162633750457 0.177863129447 0)
(-0.057737973674 0.287209290497 5.87769254245e-17)
(0.13741035759 0.0730409193747 0)
(0.0999212530593 0.227374349024 0)
(-0.280437343824 0.141061846633 0)
(-0.206115482033 0.0453383579685 -6.75350653324e-29)
(0.0776555329632 -0.107794976457 5.55163762097e-16)
(0.181554631975 -0.0908274247651 -1.90141430693e-16)
(0.0768930122475 0.110219506088 -5.14397395038e-17)
(-0.236986467866 0.235090677058 0)
(-0.00445735465728 0.328090447629 0)
(-0.0617474702911 -0.052996946391 1.9088884921e-17)
(0.220706854889 0.171106522467 9.01135904266e-17)
(0.0831808418101 -0.158891382919 0)
(0.0797188774791 -0.15005983506 -2.08921522608e-16)
(-0.0636808065281 -0.139534791341 5.51960733005e-16)
(0.13222227204 -0.114531051402 4.37452505876e-16)
(-0.217491161764 -0.0180644684419 2.7973963464e-16)
(-0.248966637598 0.223709983933 4.99108933733e-17)
(-0.24095680254 0.233598166186 0)
(-0.0596908635007 -0.183985036337 -4.04974965198e-16)
(0.165442739811 -0.100731107142 -2.27782094596e-16)
(-0.102884035148 0.16260306547 0)
(-0.328964256311 0.0825091778894 4.02758938017e-17)
(0.112049485349 -0.122514572773 1.02710030856e-15)
(0.0395673529122 -0.0877045820386 6.4683340591e-16)
(-0.0153348497932 -0.138750371013 0)
(0.0527778844177 0.0989358695468 -5.84078126907e-17)
(-0.103217457383 -0.121974029427 0)
(-0.24679523971 -0.192833860614 -1.60828000202e-17)
(0.130894466805 0.0934641627919 0)
(-0.093272779801 -0.136577134607 -9.38913204783e-16)
(-0.00933181981731 -0.0658212083005 2.70373059255e-28)
(-0.166193739046 0.178887427881 0)
(0.130322286509 -0.122279728314 -1.93886390908e-16)
(0.0283632712538 -0.115378984437 0)
(0.151764713028 0.259975498728 0)
(-0.074853004526 -0.0746018761714 1.03568878094e-15)
(0.014347416852 -0.121365619843 0)
(-0.267955348744 0.0343519991188 9.07565532401e-17)
(0.0768036362618 -0.0354274523907 0)
(-0.177466254196 -0.1175790242 -1.02742602363e-28)
(0.0225580089036 0.258439374709 0)
(0.0437568966795 -0.109599256724 -6.15375020196e-16)
(-0.125374573983 0.229427299712 0)
(0.00698832878559 0.316002235261 0)
(0.0110368554514 -0.128505924811 0)
(0.0397463900848 -0.0803926683337 0)
(-0.134599784712 -0.147628026794 -2.89997027373e-16)
(0.0190926188585 -0.0177076981792 -5.74741762907e-16)
(-0.178146382477 -0.122789683075 -8.79419023452e-29)
(-0.120950421258 -0.113180605366 1.99040558263e-28)
(-0.0358723600547 -0.09298907526 5.81838372158e-16)
(0.0353671206118 -0.0880351944068 0)
(-0.257321706308 0.121393783821 -1.74325955682e-19)
(-0.323610145714 0.101906477717 -1.73153022147e-18)
(0.172052286157 0.19950075338 -2.06983605235e-16)
(-0.184000860536 -0.132327184786 0)
(0.0353804802776 -0.192204052003 0)
(0.0297966065782 -0.190422413369 -4.94972214187e-16)
(0.00102269158387 -0.127372591437 0)
(-0.0723587045196 -0.211150695854 -2.7387738036e-16)
(0.0988991855526 -0.130587217428 -5.19015446942e-16)
(0.14184702691 0.131853391696 -1.18699015549e-27)
(-0.00160930378307 -0.0821247884663 0)
(-0.0407451668358 -0.142484623022 0)
(0.136057007795 -0.113962455312 0)
(0.2450320924 0.131037600107 9.98395720804e-17)
(-0.277416717336 0.191681886781 5.670615475e-17)
(-0.0565537513846 -0.145373278916 0)
(-0.177505079569 -0.113088811323 -2.515601747e-16)
(-0.228063789234 -0.0511915668974 2.31904282754e-16)
(-0.120853732592 -0.16264005289 0)
(-0.194092735328 -0.0911306601276 0)
(-0.137775976151 0.116785141884 -3.75471395579e-18)
(-0.0805681395282 -0.202464771116 1.29139747117e-16)
(0.140228587477 0.25135107473 0)
(0.00718573337926 -0.16540591275 2.71906779594e-16)
(0.106362256504 -0.0589463968929 0)
(-0.0240513659743 -0.122101005722 0)
(0.274423814421 -0.0180300090334 1.82158479043e-17)
(0.160263205421 0.221882134174 2.00131421365e-16)
(0.157851367133 0.243931234173 -1.12301071342e-16)
(-0.00831649463879 -0.200023463711 -2.0507214643e-16)
(0.016528476165 -0.129301075578 0)
(0.184359589926 -0.0902497618546 3.79296641799e-16)
(0.136990988917 -0.122233402473 0)
(0.235967191825 0.138839775255 -1.09943877661e-16)
(-0.131054640878 -0.114860971812 -1.85787222554e-28)
(-0.102576388787 -0.160611246365 -3.50806608422e-16)
(-0.265936980887 0.00336237652619 -1.93700338248e-16)
(0.121795602957 -0.122469710778 -5.08084861615e-16)
(-0.170249559269 -0.10869635586 0)
(0.183828712145 -0.0422733060711 0)
(-0.0478874199744 -0.141612183879 0)
(-0.0143394491574 0.157434340555 3.4486012169e-16)
(-0.11941174244 -0.1526673196 -3.10050212399e-16)
(0.141661933896 -0.11701020309 -1.3402843756e-17)
(0.233053095255 0.163740450817 0)
(-0.137267509198 -0.123068128595 0)
(0.0893762001853 0.304054308513 1.41261345747e-16)
(0.191208325874 -0.084562654977 0)
(-0.125265141543 -0.171614994911 2.25648828229e-16)
(-0.167397300424 0.163298514282 2.49770993241e-16)
(0.13852967389 -0.119572013353 4.65240962939e-16)
(0.180881428289 0.231916877172 1.484105964e-16)
(0.0940066482466 -0.140034993214 -8.30554398856e-18)
(-0.265616764579 -0.134498845266 -3.27984186176e-17)
(0.0945611178207 -0.0174938457962 -5.51698123697e-16)
(-0.215995386426 -0.130513400513 -9.32644596419e-19)
(0.000941691256568 -0.0707331888371 0)
(0.202712881549 -0.0271594289534 3.93784407258e-16)
(0.0958568610322 -0.154584438499 -1.13749948119e-19)
(0.11682688891 0.0414839126494 4.44155900326e-16)
(0.145634973258 -0.116223191468 -1.39188603371e-17)
(-0.11405799936 -0.0896569830176 0)
(-0.325697453051 0.0936198054573 0)
(0.188456580363 -0.0816196452686 0)
(-0.294895741276 0.0314226023384 -1.39436729625e-16)
(0.145534885941 -0.112421981702 0)
(-0.187678677865 -0.110384494996 -2.02493629082e-16)
(-0.0146046462665 -0.21730818311 0)
(-0.122982613822 0.113243523019 0)
(-0.176925010306 -0.107713558344 -2.79296521013e-16)
(-0.112931052262 0.308802605153 0)
(-0.0220388799753 -0.158649913903 1.09665222256e-15)
(0.0809342686465 -0.0987820730694 0)
(0.0611540103475 0.317491354408 -8.64694236301e-28)
(-0.165204447619 -0.139132679403 0)
(-0.15383480551 -0.108499597881 1.63530649268e-28)
(0.238170405633 0.0684794673412 0)
(0.247752787338 0.119880456727 3.4393115697e-16)
(0.168665443442 -0.100647718694 -4.42679707629e-16)
(-0.0260425032896 -0.138291737659 0)
(-0.243567336429 -0.0288134242614 0)
(-0.128770048534 -0.147700062577 6.00047239772e-16)
(0.141361910591 0.272732603707 0)
(-0.0973048431192 -0.155280915418 3.75113320559e-16)
(0.156867659051 0.258182536237 0)
(-0.122410189231 -0.134637464082 -3.82002828388e-16)
(0.0898879826823 -0.0151252394239 5.51698123697e-16)
(0.0774007985563 -0.13727610117 -5.36442413826e-16)
(-0.117203756218 -0.156768657424 -3.09498243919e-16)
(0.178816754792 0.218301586499 0)
(-0.0122542044041 -0.133129517644 6.33264821072e-16)
(-0.275674233518 0.0430917143218 -9.06120547148e-17)
(-0.26085722391 0.169453894635 0)
(0.191764531177 0.19985861109 0)
(0.20486130105 0.162112068551 0)
(-0.157926412892 -0.116182697374 0)
(-0.0196157652301 -0.221172480738 0)
(-0.0219473034657 -0.0739477038175 2.72932894613e-28)
(0.0805489996414 -0.0245473575269 0)
(0.0309880286113 -0.211792872815 -7.75668965532e-16)
(0.0611395144923 -0.104087996134 0)
(0.0934584027079 -0.120060890165 -5.42221377975e-16)
(0.0579608308549 -0.112923486666 0)
(0.0685496059359 -0.13563593763 5.5082150016e-16)
(0.139516327091 -0.0272178713355 0)
(-0.188509239945 -0.0996188003544 2.0155158065e-17)
(-0.131807911789 -0.152135346828 -2.51552302033e-16)
(0.122381847876 0.288295181941 -1.30506583062e-16)
(-0.153416169596 0.256159611397 0)
(0.0333977051663 0.26401160283 0)
(-0.0986008378462 0.235878968423 0)
(-0.251101439122 -0.154762392809 0)
(0.116929709848 -0.13673435728 -2.31297870311e-16)
(0.224525758583 0.0611224632496 0)
(0.121736455122 0.253609806825 1.01603733603e-16)
(0.166615395549 -0.0968712828691 0)
(-0.281172045498 0.0388748638408 7.62847947541e-17)
(0.049311386095 -0.0720638860818 -5.82950451284e-28)
(0.17145841652 0.240609233943 0)
(0.0203460816949 -0.0877002061251 6.60245566605e-16)
(0.239383045466 0.103349717533 0)
(-0.0983284062767 -0.151448219959 -3.96959730415e-16)
(0.0300502458003 0.303543151703 0)
(-0.252397902287 -0.0827373267648 0)
(0.0242245204079 -0.0787712022383 1.29987427073e-15)
(-0.149443264175 0.278091603284 0)
(-0.175091530621 -0.100480642745 0)
(0.238036454713 0.153098510351 0)
(-0.274262195796 -0.0241755181033 0)
(0.102442942157 -0.139805144435 -7.5037491098e-18)
(0.225738987741 0.173177250774 -8.98528611151e-17)
(0.166388446126 0.249891729087 0)
(-0.300682301134 -0.0403645155151 6.94260792122e-17)
(-0.126494578081 -0.164561131638 2.30623599986e-16)
(-0.123313604424 -0.103862097835 -1.99040558263e-28)
(0.020294426442 0.285520639678 0)
(0.0719900090387 -0.125655922441 -5.61031580982e-16)
(-0.0351223674731 -0.203979007376 2.30610542002e-16)
(-0.160072157322 0.0108799477771 0)
(0.143447834146 0.261341243917 0)
(0.103859298252 -0.132227298183 4.13492173221e-16)
(0.0192499616856 0.29863156543 0)
(-0.252766569582 -0.019271052514 -1.94109855613e-16)
(0.160463751056 -0.103479713803 0)
(-0.0105121704074 0.119192374572 -3.84351802358e-16)
(-0.189061880511 0.0155726385622 -3.32067674348e-16)
(0.0721118507808 -0.0976016748534 0)
(0.0631465258625 -0.123905659305 5.61031580982e-16)
(-0.0342595329447 -0.0679279795674 0)
(-0.274126766242 -0.128751316649 0)
(-0.104096556396 -0.156447654594 -2.20770405278e-17)
(0.0452402476843 -0.195460114628 -3.85110988226e-16)
(-0.269717780005 0.016860168946 -7.4293634189e-18)
(-0.0458678197825 -0.137247471203 -1.16411746121e-15)
(-0.308179594757 0.0153036478958 1.49836314697e-17)
(-0.0474226488521 -0.0752648311819 -2.57385368268e-28)
(0.0662913188776 -0.11438057627 0)
(0.101072411496 0.107646141581 0)
(-0.0927044605605 0.137618781107 0)
(-0.150850846133 -0.212668711672 -3.57308583998e-17)
(-0.249355185964 0.190966521087 0)
(0.0632121909718 -0.0544984177541 0)
(-0.176193612173 0.0223569029421 3.32067674348e-16)
(-0.259315253311 0.18300747061 0)
(0.181622538318 -0.088602844772 0)
(-0.0531033664964 -0.18862209168 4.0547489997e-16)
(0.00490661846628 0.330469021096 0)
(0.0438554065818 -0.18438263761 -4.49186998423e-28)
(-0.112080400845 -0.100975278986 0)
(0.151053560172 0.265082256124 0)
(0.0290251730629 0.314822797433 1.44189049047e-16)
(0.0816359788541 -0.148406537241 5.15482844248e-16)
(0.0750586528298 0.3148098725 -1.2446313216e-16)
(-0.267935768466 0.193969563544 3.79506820997e-17)
(-0.122805881748 -0.157565386887 0)
(-0.134161564141 -0.129204651957 3.82002828388e-16)
(0.0496112780141 -0.185652909465 0)
(0.129658362 0.246880284897 -1.01603733603e-16)
(-0.0236279437415 -0.0859151564695 -2.72932894614e-28)
(-0.247075765169 0.203923137926 0)
(0.116025389729 -0.130766467962 -4.99723613128e-16)
(0.0479185835316 -0.173766991295 5.10735033125e-16)
(0.233283278255 0.150569670632 -3.98753091596e-19)
(-0.211369679864 -0.072162247299 5.1712267953e-16)
(-0.196017201189 -0.126609475517 0)
(0.0177491014703 0.319546847467 -1.44189049046e-16)
(-0.0526121186082 -0.13077160327 1.14945985501e-15)
(-0.294784165805 -0.0275848213186 -7.24522188e-17)
(0.199640316207 -0.0349513685103 0)
(-0.149960102497 -0.116401327515 -1.63530649268e-28)
(-0.0738560513838 -0.159432133188 0)
(0.208682000803 -0.00927017825429 1.57223498214e-17)
(-0.192796075572 -0.103577946761 0)
(0.0536130669519 -0.0633660836842 5.82950451284e-28)
(-0.0122094330807 -0.173554934768 2.00712755946e-18)
(0.0319367873548 0.27814756576 0)
(0.221512114166 -0.0115069013851 7.18106991779e-16)
(0.238619569166 0.0791402286248 0)
(-0.238259109308 -0.0413912047882 -1.95176006197e-17)
(0.238719263114 0.114743835186 -3.49784552077e-16)
(0.090026494045 -0.136668606136 1.99077132964e-16)
(-0.0579405107484 -0.149391470991 0)
(-0.323953551236 0.0554767206346 -1.99230128237e-17)
(-0.0334067130996 0.291439567952 7.06306606465e-17)
(0.117995490272 -0.120217065869 -2.06359416681e-16)
(0.295090415026 0.0698151295743 -1.46544741173e-17)
(-0.0435623845934 -0.292503801238 0)
(-0.192667130131 -0.109177175367 2.02493629082e-16)
(-0.269682391365 -0.148965968666 -4.31636839607e-19)
(-0.122499447018 0.105868599198 3.13012450694e-30)
(-0.016131348336 0.175640651031 0)
(-0.10125754125 -0.142774976388 1.98673135554e-28)
(0.191589537738 -0.0870992375421 -1.80731018335e-16)
(0.252853286387 0.0102347825888 0)
(-0.326940542204 0.0685166756919 2.02555316617e-17)
(-0.241264277251 -0.175973329954 0)
(-0.193777498793 -0.0980172459373 4.99678724002e-16)
(-0.102412117471 -0.138293865377 8.88860293823e-16)
(-0.277254572156 -0.0450532894048 5.81935360794e-17)
(0.070960682724 0.113334635225 5.08758227151e-17)
(0.180076012396 -0.0142102038335 -1.73068887614e-17)
(-0.205537781436 -0.0822338850399 0)
(0.218444599027 -0.0199301984142 0)
(0.125455690349 0.203528008335 -8.10782655911e-29)
(-0.299683418651 0.0180211530104 0)
(0.223772338495 0.159278597758 -3.79779092837e-19)
(-0.113776141074 -0.133886146213 -4.31640593408e-16)
(0.0733866092334 -0.147378680998 0)
(-0.0527895210135 -0.197387206575 7.58085605153e-16)
(0.134694642836 0.27627287582 0)
(0.256582375774 -0.01558769272 -4.86037438454e-16)
(0.0477153108331 -0.119322351845 0)
(-0.0132895202605 -0.0899691108192 5.6999015425e-28)
(-0.0485823770068 0.210809849683 0)
(-0.237608478709 0.117671872351 0)
(-0.263285335159 -0.146199754495 7.32690234317e-19)
(-0.0659007157949 -0.152549209884 -9.2870080385e-22)
(0.212112167405 0.193111356563 8.45037205158e-17)
(-0.113104733769 -0.152230219353 -3.53036280032e-16)
(0.125600531031 0.265807541099 0)
(-0.114640800611 0.232967734426 -3.32891839005e-17)
(0.189917905346 -0.0250613349854 1.65394137108e-17)
(-0.290237150512 -0.00425203091819 1.32523204565e-16)
(0.165828375008 0.239145703006 0)
(0.0312550960864 -0.124269300066 6.04999478419e-16)
(0.237255517218 0.107839590576 -5.76585492671e-17)
(0.0622207390213 -0.155283104544 0)
(-0.042165025109 0.295980495348 -6.19217960808e-29)
(0.227002965031 0.0848835057997 1.47138633178e-16)
(0.161847054891 -0.0303195322073 0)
(-0.269684998685 -0.0333444874487 -1.38909046981e-16)
(-0.0641142906085 0.232630900919 -4.22049337755e-28)
(0.124737002305 0.282944599271 2.16407390507e-28)
(-0.0542287114032 -0.13586232481 2.06483895974e-17)
(0.15341581446 -0.0195215605947 0)
(0.16868309221 0.226542780999 0)
(0.0208204715202 -0.197913242911 4.60060428421e-16)
(-0.278024436002 0.0256038200469 -8.7742491593e-17)
(0.0418692707016 0.113467376644 0)
(-0.188195969422 -0.1054341242 2.515601747e-16)
(-0.189014995928 -0.116179989688 0)
(-0.106353283881 0.225584128768 0)
(-0.226693300342 -0.166964186232 8.20562693853e-17)
(-0.288630104981 -0.0492727433375 -5.8847744441e-17)
(-0.134084965413 0.223579754742 0)
(-0.0358176685853 -0.176392408555 2.32192722266e-19)
(0.124183590639 -0.129258274396 0)
(0.229995452476 -0.0211355584054 0)
(-0.0778438245059 0.226081527075 0)
(-0.0409872699323 -0.165524187665 -1.02563204325e-15)
(0.00580205386398 0.329231998373 0)
(0.134490423372 0.268569048712 0)
(-0.250430251945 -0.168670581233 0)
(0.252849949358 -0.0242486431996 -6.4077829457e-19)
(0.0582567687302 -0.165591909806 5.03035246037e-16)
(-0.222305748212 -0.0626712408503 -1.9931614116e-17)
(-0.279536149477 -0.0348652391834 0)
(0.0405561470868 -0.118009434781 -6.04999478418e-16)
(0.205383287399 0.121620688327 0)
(-0.0769340992552 0.0730400700636 -1.74579801914e-18)
(-0.287117491481 -0.0147659191592 5.44022260766e-17)
(0.192882274062 -0.0166206177967 -7.84156260932e-16)
(0.280095867997 0.0743377798612 0)
(0.107031650517 0.297415750385 0)
(-0.0179712313722 -0.170137847342 2.59235286657e-16)
(-0.0922134993807 0.232775518394 -1.99125027583e-28)
(-0.208417482955 0.106878989202 -2.16038556488e-18)
(0.0101027347623 -0.0956785308496 -6.60245566611e-16)
(0.0358177094088 0.167821892068 2.52046840085e-27)
(0.227671553106 0.0965908385322 1.36938903992e-16)
(-0.155899040681 0.244562779901 1.60048178177e-16)
(0.21670455712 0.11506278804 0)
(-0.107835039336 -0.147766579482 3.96959730415e-16)
(-0.0164290555698 -0.161138774974 -8.32814343866e-16)
(-0.0295703061482 -0.114144128941 0)
(0.0961586507432 0.302964669037 0)
(-0.133752375663 0.165156968584 1.22441259278e-17)
(-0.236581743536 0.110274054365 9.91969344096e-18)
(0.194607523152 0.141805774242 -1.21475321839e-19)
(-0.0952436065216 0.2114251233 0)
(-0.197143778713 -0.117653811002 0)
(0.111874976484 0.294319891102 1.30506583062e-16)
(-0.115125789587 -0.148369920413 -3.51024566012e-16)
(0.259189947835 -0.0306599180758 2.67229267496e-16)
(0.21131535225 0.179748274494 2.0000832003e-16)
(0.0807757633738 0.310474130059 1.2446313216e-16)
(0.136128383516 -0.0359180737846 0)
(0.261662208176 -0.0238116060954 0)
(-0.304011862094 0.00495204976253 3.93125524776e-17)
(-0.306415752962 -0.0309056259254 8.58526938237e-17)
(-0.237919538032 -0.146814921654 8.11360574017e-17)
(-0.258985412731 0.104744623003 -1.03210847632e-17)
(-0.250802518762 -0.0929100872772 -4.72475626753e-17)
(0.0871146305353 -0.0824548240953 1.0560394232e-21)
(0.129369969537 0.22573128175 0)
(0.0757792981156 -0.17319710014 -4.03063462537e-16)
(-0.155444940667 -0.326918672354 0)
(-0.281097586316 0.179226513225 0)
(0.2880199762 0.0549625080945 0)
(-0.208314507315 -0.131987769999 -5.87828426096e-17)
(-0.161992016517 -0.126050257167 2.60234941924e-16)
(0.16500933133 -0.0217469220716 4.18385269844e-16)
(-0.0494030607421 0.225083382962 -2.52487684876e-16)
(0.123154393868 0.233006683712 1.7095418039e-28)
(0.10352408377 0.180364177623 -2.72708148042e-28)
(-0.120089817412 -0.139400772447 0)
(-0.284062339595 0.0226571707514 1.39376930573e-16)
(0.10287445576 -0.0672399276943 0)
(0.220810801768 0.105107335124 1.68141407584e-16)
(-0.147862401414 -0.331224033491 0)
(0.200684980204 0.117598167867 0)
(0.18347267458 0.177250757203 -2.29488443191e-16)
(0.228063721369 0.121803054845 1.2065390206e-16)
(0.288992074907 0.0684690704225 7.77201047948e-18)
(0.0169821777635 0.326605410567 -4.85837174919e-28)
(-0.270452536819 0.00152420447789 0)
(0.0443374000317 0.0560712948787 -1.78953317421e-27)
(0.0941936148797 0.119714911255 5.07243175617e-17)
(-0.0417947976488 -0.172755829174 0)
(-0.209544446425 -0.143906742352 -1.20510188945e-16)
(0.028484078682 0.215617694633 0)
(0.116445983879 0.180922806554 7.37623522781e-29)
(-0.106216094176 0.269798535578 0)
(0.300965499147 0.0548535809689 2.25167046009e-16)
(0.114573135955 0.188570791 0)
(0.0662091825611 -0.176439652326 2.39356809418e-16)
(0.0606716620762 -0.176619119449 -2.37534865899e-16)
(0.121226783617 0.211364116292 0)
(0.0917725085271 0.306323306467 0)
(-0.109449766102 -0.143802576333 0)
(0.119248311276 -0.051784521422 0)
(-0.224957474421 -0.152863789345 -8.09839383125e-17)
(0.0905689844312 -0.0741284147241 -1.05603959171e-21)
(0.114689504038 0.139412649436 3.40857619975e-16)
(0.0387407504047 0.220852957392 0)
(-0.153110932264 -0.304007857547 0)
(0.120234503121 -0.0781045618046 1.56315304127e-20)
(-0.0739492495568 -0.164063200423 0)
(-0.141752392403 -0.13812314 -2.8674607867e-16)
(-0.146761484007 -0.147007785315 0)
(0.227114400852 0.133930113364 1.1037707298e-16)
(-0.165743014792 0.231258102034 0)
(-0.283163962749 -0.00208261687079 -1.26069067696e-16)
(0.0633769742163 -0.0721534611537 1.22861586945e-15)
(-0.145372166905 -0.133554204218 3.00704256129e-16)
(0.152476364772 -0.0559538921427 0)
(0.0768008279727 -0.158105197986 2.48315676288e-16)
(0.217156624862 0.113507418807 -9.76806137507e-17)
(0.235957088601 -0.03793964553 1.7519628847e-16)
(0.147129630276 -0.0376444694298 0)
(-0.250402643055 -0.116954054105 7.72730747779e-17)
(-0.276943318588 0.190594693803 -5.64972090374e-17)
(0.0672796481507 -0.0552497000547 0)
(0.203467834431 0.175329575883 -2.00071716618e-16)
(-0.28067505563 0.0106047368178 -1.45896390557e-19)
(0.0838296579352 -0.158054208539 -7.37711470233e-16)
(0.122698252349 -0.0433479255302 0)
(0.0653653058991 -0.166818757827 -5.05644369397e-16)
(0.0894721598721 0.285039518395 -7.3992810504e-28)
(0.0420457966338 0.00172373073247 0)
(-0.125055757121 -0.143778268799 3.51024566012e-16)
(0.0778745561954 -0.166897868306 0)
(-0.0600825491404 -0.176812564393 8.59896929604e-16)
(0.114172031392 0.15564104296 3.11501577447e-16)
(-0.287110485559 0.00848446573319 -5.2788989612e-19)
(0.104632266241 0.164068080614 -3.11501577447e-16)
(0.205710233671 0.134725109302 0)
(-0.127707141181 -0.139559238408 3.44797103315e-16)
(0.183831653763 0.162947127533 4.96046962471e-16)
(-0.271184433762 -0.0120287003095 0)
(-0.144135970617 -0.141902536369 2.50734807399e-16)
(0.22008359458 0.183292272479 1.60254246189e-19)
(0.0630375846105 -0.0639272802968 -6.14976271361e-16)
(-0.131642046316 -0.143602372373 0)
(-0.266383508896 -0.010647337651 0)
(-0.169212382193 0.1949124596 -1.86127969138e-29)
(0.0890961423692 0.202389583061 8.66724374979e-17)
(-0.0372804047484 0.244216624747 0)
(-0.100843700444 0.212154943346 -2.33625959915e-17)
(-0.042440408297 -0.126144784088 -5.85164243634e-16)
(-0.0919504044026 0.0984834231245 -2.42182817246e-18)
(0.078282374642 0.162734958283 0)
(-0.125485177546 -0.194011117783 8.99924169139e-17)
(-0.107331730599 0.255361986948 0)
(-0.207765396946 -0.0942855230499 0)
(-0.138597457162 -0.13420806168 -3.44797103315e-16)
(-0.0668295417275 -0.167124987629 -8.16174975847e-22)
(-0.156189002472 -0.127317991923 -3.00704256128e-16)
(-0.104901111635 0.188337931242 2.00292661857e-17)
(-0.266849234329 -0.0228933414162 -8.09068896247e-17)
(-0.137510086553 -0.152931334029 2.51552302033e-16)
(-0.0210626168663 -0.115883387233 0)
(0.14636098444 -0.0726385977641 -5.86660656556e-20)
(-0.118915474096 0.181008684421 0)
(-0.0774768398344 0.0840356370912 -4.70680666815e-18)
(0.155786687769 -0.0477520941981 0)
(0.193075800736 0.183380635253 0)
(-0.036400896276 0.231047177877 2.52487684876e-16)
(0.216361139329 0.141440563569 0)
(-0.251003777351 -0.0425496103518 -7.83678435252e-17)
(-0.219505736956 -0.0865798406403 -7.85935253656e-17)
(-0.0621455434149 0.060412471936 0)
(-0.149032476647 0.241649963387 1.54018602418e-29)
(0.0831241850831 -0.165160632762 -1.3905093225e-17)
(-0.0601670997582 -0.163942214434 0)
(-0.157718408988 -0.131181623961 -2.4045839436e-28)
(-0.0970857924153 0.190171074917 3.33332980573e-18)
(-0.147338758637 0.187690422018 0)
(-0.027171517335 -0.106316229754 1.59619115263e-17)
(0.215354133619 0.154323091188 0)
(-0.125049937868 0.176247791155 0)
(-0.234960178033 -0.0616861635995 -2.76255385508e-16)
(0.110648209813 0.0466303191193 -4.07440811646e-28)
(0.112347709798 0.061364672378 4.07440811646e-28)
(0.137747305778 -0.0629798466492 0)
(-0.25670938325 -0.0201583719823 1.94681695125e-16)
(0.152227917387 0.155033882784 -2.72853990023e-16)
(-0.0668245212036 -0.172861548639 -1.95227759924e-17)
(-0.208660714456 -0.0877298296777 0)
(-0.147661763604 -0.137379750586 2.8674607867e-16)
(-0.138583943198 0.24702469947 0)
(0.0516931683314 0.273282085681 0)
(-0.0540945509496 -0.173296839238 -8.95133672572e-16)
(0.220031542182 0.181424573159 -6.65775834277e-20)
(-0.107123627653 0.101544965091 0)
(-0.204457142262 -0.0896497664211 -2.40554447784e-16)
(0.0540133701596 0.276086363093 0)
(0.0349591604738 -0.0440924313999 6.07557084973e-16)
(-0.0924973273417 0.0938391006928 4.18136150076e-18)
(-0.13542646933 -0.158604771459 -2.30623599986e-16)
(-0.240359680152 -0.0517874712113 -9.64114120678e-17)
(-0.0465437549264 -0.202673421974 -3.82423437799e-16)
(-0.040370935035 -0.119832992872 -5.90845164248e-16)
(0.0329200907681 0.0655158762112 -3.28603853056e-27)
(-0.255764084888 -0.0319037252073 1.69342574057e-16)
(0.0291312446895 0.12389505442 -2.75260251648e-27)
(0.0323557152456 0.00916176404671 0)
(0.0463324913523 0.309484151989 9.821674409e-17)
(-0.174032781713 0.223214490067 0)
(0.084621523248 0.183082015649 0)
(-0.0411760852753 -0.198739330787 1.6655025561e-18)
(0.0224578883649 0.178004194565 0)
(0.208303977319 -0.0442902817296 5.82692005678e-16)
(-0.04705522818 -0.162908411913 9.94907981073e-16)
(0.129649705 -0.0531802452762 0)
(0.238762829412 -0.0315253529258 -3.54077877708e-16)
(0.212038081206 -0.036684307092 0)
(-0.142585131288 0.222211480934 0)
(0.0270147910767 -0.0393078306006 -6.07557084968e-16)
(-0.251657919944 -0.0319589943108 -8.86994644058e-17)
(0.0504291915226 0.300269315036 -9.82167440901e-17)
(0.0605523526559 0.217121692044 9.33760383381e-28)
(0.0153624509824 0.224729355091 0)
(-0.224611446126 -0.0704270228638 3.98314757455e-16)
(-0.0478353789106 -0.176856971382 4.56632557259e-16)
(-0.127567430205 -0.210294211162 1.39000802179e-18)
(-0.242133388166 -0.0412983732905 -2.12687084141e-16)
(-0.127996006993 0.204021735749 0)
(-0.0642202205793 0.245270802766 4.22049337755e-28)
(0.142232587151 0.16251275815 0)
(-0.0511951410501 0.251375152976 0)
(0.0493681603502 -0.0872458886702 -2.29117636523e-27)
(0.126294950538 -0.0615009780234 0)
(-0.0780052766915 0.251629490299 0)
(0.0242811199665 0.24433335125 -2.43788087842e-16)
(-0.0914999061121 0.244979089499 1.99125027583e-28)
(-0.0158617828062 -0.0995288516369 -1.26061621644e-15)
(-0.104763680362 0.250494237974 -3.39180858215e-28)
(0.0535097748134 -0.0797691966803 -1.25716328812e-15)
(-0.203204091155 -0.0957132488265 0)
(-0.0535837377326 -0.166743454473 -4.88936671221e-16)
(0.220541551656 -0.0454284022067 -3.82203372978e-16)
(-0.0479787386181 -0.184757769095 0)
(0.0872556906506 0.176452197106 1.00870520546e-20)
(0.143832400026 -0.0460661987038 0)
(-0.236744085593 -0.133291950639 -3.9133646736e-17)
(-0.23660182114 -0.0525861217594 9.64402710095e-17)
(-0.0654958508245 0.0643226314928 0)
(-0.227011266919 -0.0871487710792 -5.94274756423e-17)
(0.127993217085 0.064288059256 -3.85337547715e-28)
(0.161268867095 -0.0654854464855 0)
(0.180339616748 -0.0502612395147 0)
(-0.226680045804 -0.0618469192212 -2.29526759351e-16)
(-0.00374710354206 -0.110268143888 0)
(0.134308669173 -0.0712218514275 0)
(-0.107438127658 0.107710868391 -6.16146385811e-18)
(-0.0452877510874 -0.212009463786 -1.46774137812e-16)
(0.12085227896 0.0700891121279 0)
(-0.163120889248 0.203585249158 0)
(-0.219035502636 -0.0795040570679 0)
(0.0500286129045 0.318311385529 0)
(0.0427386433758 0.283648080171 0)
(-0.221975663943 -0.126493731883 5.87607840976e-17)
(-0.235724696463 -0.099859836812 0)
(-0.220764751531 -0.0719399476299 -2.07509611132e-16)
(-0.210405659392 -0.0808894229533 0)
(0.0451012426696 0.255873335391 0)
(-0.223815981104 -0.0782206843688 3.35405891002e-19)
(-0.224826145714 -0.096066406273 0)
(-0.221983519992 -0.116009841275 1.1395490178e-16)
(0.0953046921397 0.30030655926 0)
(0.227036558646 -0.0290847305854 3.54117268891e-16)
(-0.235401429998 -0.110295501503 -1.15929671435e-16)
(0.0289797249086 -0.0244097542592 5.74741762908e-16)
(0.0327563566536 0.0276102210658 0)
(0.0209689306558 -0.0658232299591 -6.27181254014e-16)
(0.031924449394 0.0856073349357 -4.31080645139e-16)
(-0.203796483837 -0.10205488998 0)
(0.0177400875684 -0.0766979813207 -6.48982247091e-16)
(0.0271714485979 0.143157007679 3.59975010111e-16)
(0.00673234092209 -0.0851176176546 0)
(0.164885145576 -0.057533270581 0)
(-0.209594650373 -0.111673541179 0)
(0.0201654438915 0.194684150419 -2.98499873103e-16)
(0.0926630546716 0.199105671338 -8.66709923803e-17)
(0.216733378727 -0.0520757905642 0)
(-0.010647962767 -0.109403206421 0)
(0.00339676101185 -0.0943101876856 0)
(-0.211502705382 -0.103132797169 0)
(0.0871474808617 0.221434094415 0)
(0.245357583452 -0.0390293424259 -1.7519379863e-16)
(0.0134104121667 0.239033692797 0)
(0.0509137519959 0.211667896559 0)
(0.093129434192 0.217228786651 0)
(-0.0879012115377 0.0798260621458 2.98089224696e-19)
(0.0585479083098 0.232453970868 -9.33760383379e-28)
(0.0645003664869 0.310147476152 -1.10338339604e-16)
(-0.00739135113467 -0.101796946553 6.36826312916e-16)
(0.106073194315 0.295766332296 4.55306277177e-28)
(0.106836724475 0.264465805993 -7.61802325589e-28)
(0.0469240084775 0.241147186805 0)
(0.0376634295106 0.281383247017 9.22128559351e-17)
(0.0609288910908 0.289938560827 0)
(0.0705698649989 0.2748066933 0)
(0.0413351648808 0.297083771427 0)
(0.0427175473027 0.269684241448 0)
(-0.0752443728588 0.0676562822976 -2.82103573181e-19)
(0.0713608250666 0.287837379879 0)
(0.0372099600474 0.324549522847 0)
(0.0850845999447 0.240951012307 9.3195873337e-17)
(0.0261137047932 0.327065252098 0)
(0.032099618571 0.324346243883 1.09890070674e-16)
(0.0601462512529 0.303605440848 -9.67174580783e-29)
(0.0251776273823 0.328431065132 -1.09890070673e-16)
(0.116413753272 0.271823036317 7.61802325591e-28)
(0.0784095149716 0.298742638925 -1.09515896052e-16)
(0.0754259031888 0.308411140219 2.19854235658e-16)
(0.0354091619207 0.309009654548 0)
(0.0295913397554 0.31916734589 -7.56351400802e-28)
(0.107292327335 0.287339435113 -1.13650887302e-16)
(0.227182950672 -0.0530189634757 -3.17378318424e-18)
(0.0995806190927 0.281510189367 7.98091668814e-28)
(0.240414452685 -0.044954572888 0)
(0.028887972497 0.292082271753 0)
(0.0923575221201 0.237096203541 -9.31958733367e-17)
(0.0891474568808 0.296427357194 0)
(0.0975012972739 0.26874037222 -7.14747817696e-28)
(0.0883539324389 0.257630605724 7.14747817697e-28)
(0.117426787532 0.282308358279 1.13650887301e-16)
(0.111145936348 0.245179057308 0)
(0.105053376597 0.229793450853 0)
(0.111436281041 0.223776934077 -1.70954180394e-28)
(0.104144482904 0.208892856022 -2.64299178133e-21)
(0.102022499187 0.181281324551 0)
(0.0997454644151 0.187340959501 -1.00856390037e-20)
(0.10865966452 0.202986508966 0)
(0.10315593943 0.249986789422 1.71821043984e-28)
(0.105442256411 0.157766404113 3.81373830002e-17)
(0.119682513916 0.161678870081 0)
(0.216151770924 -0.0723006417516 0)
(-0.333268297317 0.0132736401947 0)
(-0.260608403468 -0.162557741343 0)
(0.107250876684 0.130725406275 -7.05468765428e-17)
(-0.319855117377 0.113411131876 -4.89828454876e-17)
(-0.0284309823519 -0.229464095171 2.43031313725e-16)
(-0.0139908073909 -0.258364545353 0)
(0.0240226755015 -0.217489671675 0)
(-0.324030325083 0.012917182765 5.84373607079e-17)
(0.202269940679 -0.0731426429228 1.40949924107e-17)
(0.221556314862 -0.0601513760589 3.27471368681e-18)
(0.244855697877 0.112015646714 -8.11289317976e-17)
(-0.278957053525 0.120106338223 0)
(-0.017553576227 -0.0666112355854 9.08732346012e-17)
(0.052634360983 -0.0418007370262 0)
(-0.0372663958563 0.0248553185926 -8.84798453478e-19)
(0.0279288167978 0.0841522720548 3.36611681131e-17)
(-0.0861487934883 -0.0910646372356 -2.17910684526e-17)
(-0.0581539497362 0.0482797118817 0)
(0.268711043326 0.0351708478634 -1.29910572734e-16)
(0.246990050767 -0.0496595080217 0)
(-0.226634461121 -0.204045779804 2.02863798013e-17)
(-0.276555558313 -0.115729033173 -1.54913110238e-17)
(-0.265908552088 -0.0979378667986 4.10646367423e-17)
(0.280814064713 -0.00302921623019 0)
(-0.324417868164 -0.0260284872792 0)
(-0.31553408999 0.120207677971 5.21410316575e-17)
(0.126776816931 0.11495403274 0)
(-0.266767895632 -0.0768646398062 4.61306452162e-17)
(-0.285462875133 -0.0591920901885 0)
(-0.212797971705 -0.170542368291 -4.72544513983e-19)
(0.261676641078 -0.0383264324021 -5.40023458698e-18)
(-0.0285508113935 -0.219947675155 2.28543515773e-16)
(-0.095302759055 -0.236598716506 -5.45299473021e-17)
(-0.08639903028 -0.230384512124 -6.63176949072e-17)
(-0.10935414486 -0.309910801584 -1.59802877626e-16)
(-0.118937736703 -0.244185431165 -1.3048972916e-16)
(-0.0518833027737 -0.230405903348 0)
(-0.0930435982541 -0.300128842273 -1.33080082122e-16)
(-0.126522130378 -0.322076399244 0)
(-0.0513437284249 -0.277057308046 6.68798243229e-17)
(-0.0232141858359 -0.272827511957 3.03186869306e-16)
(-0.197328606134 -0.260685617109 1.31660215542e-18)
(-0.173017502796 -0.264377394549 -5.5252255456e-18)
(-0.0150906629061 -0.275278259399 0)
(-0.201540583587 -0.226254748405 0)
(-0.163328615088 -0.289623028017 -4.27966604275e-18)
(-0.180438950458 -0.266397333367 0)
(-0.147555142856 -0.200663834178 4.01012990974e-17)
(-0.123856878173 -0.150421593734 -1.9818006132e-17)
(0.00540216536102 -0.243860430297 0)
(-0.00272915645717 -0.203573279664 2.51878639723e-16)
(0.00840148149685 -0.200778008981 -1.40461191999e-16)
(0.00369473462311 -0.227835475804 -3.55471207515e-16)
(0.0149869816221 -0.2258393994 -3.52910838313e-16)
(0.0451027189076 -0.196129977135 0)
(0.0494533696963 -0.195303175788 1.10810196823e-17)
(0.0652657881904 -0.182168709936 0)
(-0.037775983869 -0.219027439821 -8.79826688954e-17)
(-0.239229271502 0.148131597583 2.36743793758e-17)
(0.271075603764 0.0552192487991 0)
(0.217785771258 -0.0451113419722 -2.50174989285e-16)
(0.257667367918 0.125065055091 0)
(0.288085521648 0.0329850807015 1.38225521484e-16)
(0.271357226383 -0.00149141071675 -2.68697576447e-16)
(0.263199988157 0.00823391767867 0)
(0.152576759944 -0.0726732182372 1.80454984686e-16)
(-0.256582667491 0.124871350225 0)
(0.22769731718 0.120964980419 1.33937529992e-16)
(0.162706638471 -0.0318218368479 0)
(-0.266772400836 -0.16181217488 9.30102634516e-18)
(-0.252926082113 -0.183909047563 1.05714535887e-18)
(0.206796087084 -0.0680596177245 -2.39225524882e-16)
(-0.191522084562 0.121210242572 4.56187640501e-18)
(-0.159658600197 0.113524847759 3.45219458414e-18)
(0.204622199349 -0.0752862896217 1.19282192065e-16)
(0.278118166517 0.0860207638513 0)
(0.283586715179 0.071869511723 3.21653113102e-16)
(-0.0285472459467 -0.234079220211 -6.38837620391e-17)
(-0.0163293563136 -0.251742346279 6.33660848935e-17)
(0.022841598221 -0.220872268883 -6.72249890925e-17)
(0.152375723046 0.111672123002 6.65237895208e-17)
(0.291713697511 -0.00153706672601 0)
(-0.327293265197 -0.0275936600111 1.59736270991e-17)
(-0.312445335885 0.0839822518289 4.85925665502e-17)
(0.250468046868 0.110994296374 0)
(-0.29837703558 0.124762772718 0)
(0.019174341321 -0.06963596979 -9.08375359763e-17)
(-0.104073835132 -0.11351596298 0)
(0.0467921399617 0.100090605345 -3.5000765119e-17)
(-0.0468498903724 0.0382109344705 3.47657735996e-19)
(-0.273794251575 -0.143134032795 0)
(0.267521557691 0.0256011334696 -2.86729277275e-16)
(-0.227734907695 -0.176846181325 1.76485709403e-18)
(-0.313418999768 0.103920297403 5.31108558927e-17)
(-0.311389521453 -0.00475770042844 1.03788304125e-16)
(0.202591751528 0.151933024821 6.73153484775e-17)
(0.156458222071 -0.08267762717 0)
(-0.236319243312 -0.199270541761 1.07458912964e-17)
(0.205511549344 -0.0786507198322 1.05207637755e-17)
(0.133535390005 0.153727199971 0)
(-0.334859116923 0.0554486549703 0)
(0.152270061285 -0.0312725995964 -1.57762400253e-16)
(0.149734111749 -0.0305961441179 1.30486919694e-16)
(0.0790243094678 0.138422814581 9.99930102328e-17)
(-0.0881522627059 0.0761688085192 0)
(-0.319081258656 0.0242008705883 -5.01221272034e-17)
(0.145359190588 -0.0181251374904 0)
(0.194062388489 -0.0204657513844 0)
(-0.112657896423 0.0830811106695 1.68673160365e-18)
(0.202384916701 0.128993424173 -1.11496270432e-16)
(-0.223868002008 0.122107385582 -4.39220935704e-18)
(-0.265947231566 -0.108926437427 -6.9826063893e-17)
(0.277870597342 -0.0103730983393 -1.42989386585e-16)
(-0.320695206724 -0.0509746465727 0)
(-0.305580899295 0.109112624199 -5.3364560976e-17)
(-0.303136686806 0.0802155843884 -1.47979211662e-16)
(-0.308576740296 0.0613604954828 0)
(0.158664023572 -0.100698641767 -1.39811645397e-17)
(0.027865624494 0.0941160434232 2.38698628846e-17)
(-0.0540498505067 -0.0728805403029 1.19290460927e-17)
(-0.0601492702115 -0.0697148582932 0)
(0.0170110848236 0.100388157614 0)
(0.114341873265 0.0323720831354 -5.13791244833e-17)
(0.102989350055 0.00889908097169 5.93804048702e-17)
(-0.0233883149649 0.0187758115213 3.83752146513e-19)
(-0.026005458699 0.0166244459114 -3.52838361221e-19)
(-0.240877662688 -0.189429651777 -9.60523464466e-19)
(-0.294430215069 -0.103697234032 3.46152634768e-19)
(-0.332734224546 0.00400951792452 -3.16277248953e-17)
(-0.0378998231598 -0.252729600877 1.05276654024e-17)
(0.0364107083221 -0.159510966567 3.15498386915e-16)
(0.045855297996 -0.185932134 0)
(0.0195375114491 -0.207283313394 -2.38965499563e-16)
(0.0723703090962 -0.172272403871 6.00180134081e-16)
(0.121879489584 0.118375594584 0)
(-0.268950567332 -0.0664163759332 -1.11880978038e-16)
(0.269748925816 -0.0292724106009 0)
(-0.286600738028 -0.109272271256 -8.19435127962e-19)
(-0.166776477758 -0.261031019803 2.66352901008e-17)
(-0.148946425354 -0.24973577857 1.30033979488e-16)
(-0.0908002887597 -0.22339265172 1.17072705132e-18)
(-0.124507460325 -0.329440196485 0)
(-0.0703927132707 -0.304764358514 0)
(-0.0884458822901 -0.310499479267 0)
(-0.073067475066 -0.293473064629 0)
(-0.124913751585 -0.237107464974 1.61659939336e-16)
(-0.0490119925126 -0.225761557179 1.8628813149e-16)
(-0.0346471507399 -0.21432211644 1.948401216e-16)
(-0.162627485643 -0.265680496623 5.5252255456e-18)
(-0.144478797275 -0.253976841106 -1.32631776922e-16)
(-0.207943658247 -0.248306641158 -2.10239780141e-18)
(-0.207154836926 -0.253886471525 0)
(-0.173491892898 -0.253649630465 0)
(-0.215736287317 -0.238199322375 -2.05458619656e-19)
(-0.122633636169 -0.16459536854 2.25708005115e-17)
(-0.0206793296686 -0.290403576689 -3.38682493215e-16)
(0.00259338614118 -0.19574236814 2.99858363522e-16)
(0.00702115606309 -0.231100160977 2.65128737588e-16)
(0.00435410705347 -0.248647265311 0)
(0.044381209957 -0.190578758341 0)
(0.0611606637447 -0.184043950698 -2.68870105515e-16)
(0.0654941284497 -0.147338484212 -2.11903071963e-16)
(0.270257363354 0.0640459866126 1.30089837034e-16)
(0.227074593351 -0.0540276936434 4.51597675048e-16)
(0.284524814545 0.0234680876336 -3.18260438153e-16)
(0.262081265518 0.115345804366 -2.17769866459e-16)
(-0.274960978059 -0.121051062713 -4.93132265616e-18)
(0.277799930784 0.0410416917427 1.98825816913e-16)
(-0.331397052078 0.0664651761064 -1.05858123063e-16)
(0.274770276965 0.0211174300982 4.8191185811e-16)
(-0.185627175869 -0.195544879412 -9.13508764022e-18)
(0.261126233114 -0.000528014013796 0)
(-0.0121663906557 -0.234120492524 0)
(-0.0263601477004 -0.247324554247 6.17344523689e-17)
(-0.0157429651675 -0.238877005401 1.90642171286e-16)
(-0.00971628291192 -0.223169473741 -1.32461034846e-16)
(0.0346777547979 -0.214057888476 6.92584229851e-16)
(0.0129706339344 -0.232172040178 -6.43234946157e-17)
(0.0959704708336 -0.116838694639 2.23771931307e-17)
(0.0832021427011 -0.127891505256 0)
(0.113902828516 -0.10895785874 -2.12103840429e-16)
(0.12653746307 -0.0965224005133 1.87230777048e-16)
(-0.257960044995 -0.174061309541 -9.55526963236e-18)
(0.0713973790996 -0.129578102335 0)
(0.0163291469432 -0.224253734743 -2.15497797687e-16)
(-0.164766043761 0.106418174124 -3.79514579522e-18)
(-0.312433310668 0.128251704971 -3.44750306115e-17)
(0.282481231718 0.0776635156015 0)
(0.250663694998 0.133371217572 2.46318195657e-16)
(-0.303987532775 0.146682504993 -6.24198287039e-17)
(0.171702556251 0.119497603488 0)
(-0.206806748281 -0.191381527191 -3.30619673471e-17)
(-0.0432848480503 -0.243983796134 1.11356447436e-17)
(0.0444099215184 -0.174562657682 -1.0230970269e-16)
(0.0139500337775 -0.214392582418 0)
(0.0429797141471 -0.162966235801 -3.34666993017e-16)
(0.0642954011908 -0.181224046761 -4.49978351385e-16)
(0.182854003925 -0.0709750745655 -2.19884175586e-16)
(-0.292791092538 -0.100955137419 2.27251142441e-17)
(0.295753236808 0.00846673073114 3.64761646932e-17)
(-0.32465992772 -0.0152915904503 -1.65904907597e-17)
(-0.282182199022 -0.133932166966 1.16217328488e-17)
(0.221777656585 -0.0614419195019 -4.15607788574e-16)
(0.286103862183 0.0379066902743 3.14061725856e-16)
(-0.150764160787 0.114456737797 8.8827523696e-18)
(-0.213416465107 0.129461174539 -1.0218120111e-17)
(-0.276087065633 -0.0921193765483 0)
(-0.314449322636 0.00396066026725 -9.85170733063e-17)
(0.247929514504 0.129059248806 -1.44955633583e-16)
(-0.298148729909 0.142259235803 0)
(0.218491273572 0.151156219578 1.66983527862e-17)
(-0.259770522415 0.150562227527 0)
(-0.330711299974 0.055871476511 0)
(-0.134421336452 0.108994920813 2.52348975201e-18)
(-0.278310807634 -0.0810973014276 -5.62717306433e-17)
(0.235536540225 0.137664584645 0)
(-0.281688652518 0.147252829551 2.09851335097e-17)
(-0.199847140407 -0.174371636192 8.69372021827e-18)
(-0.0432775731739 -0.234165260908 -2.32398392574e-16)
(0.0111329492355 -0.223020085933 0)
(0.0618333283389 -0.142728442731 0)
(0.0639870239104 -0.160102725605 3.10052931394e-16)
(0.051980606146 -0.181225159384 -2.2331122385e-16)
(0.118389315496 0.153837781018 0)
(-0.331906076508 0.0651888232584 1.05363812479e-17)
(0.168837776959 -0.0226100618148 0)
(-0.106848546222 0.0875474202001 -2.24483901081e-18)
(0.09513252626 0.146092274831 -1.15076065122e-16)
(0.227517963072 -0.0636384574043 2.33867562873e-16)
(-0.322821858131 0.0342768825299 0)
(0.184247999672 -0.00222361181799 0)
(0.277029535872 0.0502665173226 -4.52515154573e-17)
(0.227764309941 -0.0641848531107 2.16374706125e-16)
(-0.138155168962 0.0998775651877 -2.75244503667e-18)
(-0.289646871352 -0.0917347832921 0)
(-0.315680059235 0.11673128701 0)
(0.259780129209 0.126185967495 1.17170840358e-16)
(0.245240652799 0.131153716102 9.91582169894e-17)
(-0.290279570099 0.141091876371 -2.25599137655e-17)
(0.0614280311458 0.00181992442817 -7.14341306854e-17)
(-0.0351893070068 0.0247504627433 1.00391038191e-18)
(0.019953879432 0.0963870175659 0)
(-0.0813064245732 -0.0887513501988 3.09463252143e-17)
(0.246669789251 -0.0465367084538 0)
(-0.305013501123 0.122080238047 5.56573722143e-17)
(-0.326032021871 0.0225133162307 8.81061917907e-17)
(-0.299827972624 0.0665485855794 1.99639208076e-17)
(0.273699929245 0.0129521679185 0)
(0.145006601043 -0.104071266103 3.64055819174e-18)
(-0.289198763002 -0.0769389678956 -4.06696350667e-17)
(-0.0743405711206 -0.090497702308 -2.22405065714e-17)
(0.0327280377434 0.0985015388671 -8.6082159744e-17)
(0.112724382144 0.0238985863269 5.56452318586e-17)
(-0.0324642433084 0.0267147837819 -5.0014422798e-19)
(-0.256229659741 -0.184657037032 -2.48817699272e-18)
(0.184957094426 -0.0839892074635 2.39531298455e-16)
(0.209971619353 -0.0738202255125 -2.72797999321e-16)
(0.0551974959245 -0.134485954244 0)
(-0.0351677255608 -0.245847664104 0)
(0.0250612574004 -0.209068613266 -4.41122602971e-19)
(0.0459832091754 -0.177540944332 -3.97922064683e-16)
(0.0758617053555 -0.167748656255 -2.33849202754e-16)
(0.0626384375024 -0.125922570545 0)
(0.0209434927444 -0.218096035681 4.95669725525e-16)
(0.224583624959 -0.0646220157467 -2.80185580774e-16)
(0.258046611115 -0.0426696715672 6.97595541765e-18)
(-0.310128264742 0.125157589068 -5.21022634175e-17)
(0.0705423883008 -0.110816961454 0)
(0.105067000918 -0.0878814010508 1.12883739384e-16)
(0.0870556156365 -0.101208195656 0)
(0.136104666165 -0.0724813973979 0)
(0.124560660879 -0.086483427508 -1.07712877419e-16)
(-0.0105282739878 -0.250773022465 -6.36663056457e-17)
(0.0330202919054 -0.208635530638 -4.76586474021e-16)
(-0.00937193365558 -0.238205057118 2.12541518372e-16)
(-0.00559598589136 -0.231424017762 4.24279849685e-16)
(-0.0229004782143 -0.237018290537 -1.34021532228e-16)
(0.0243210684512 -0.219490844353 4.43498024524e-16)
(0.240605558547 0.120151738456 8.78445744883e-17)
(-0.27402498762 0.126892142826 0)
(-0.237885630209 -0.168331492465 -5.89360674142e-18)
(0.28790567793 0.01709215187 -2.08832857933e-16)
(0.288737233732 0.0448232829961 1.80236542526e-16)
(-0.174737518641 -0.158250120664 0)
(-0.296619009015 -0.0835734734608 0)
(-0.296625625765 -0.0953484289931 0)
(-0.33901773466 0.0231584944994 0)
(0.096107809079 0.00118701999368 0)
(-0.0395942099686 0.0321566201467 -7.09555377159e-19)
(0.0374744026901 0.0989449897598 1.05436948095e-16)
(-0.0937421752534 -0.099882429391 7.83594061651e-18)
(0.143723136796 -0.0941453867777 -1.98988678023e-16)
(0.283969770333 0.0549448741038 -7.28805274084e-19)
(0.256436134771 -0.0395028964726 2.30162971658e-16)
(0.262322800698 0.116326088451 -1.08959364038e-16)
(0.254854686786 0.117050344689 1.18669197324e-16)
(-0.302379270052 0.131024088346 0)
(0.281409561184 0.0105296800705 1.16612507125e-16)
(-0.186573223252 -0.188397119758 -1.48823534873e-17)
(-0.169183904702 -0.164447005123 1.18490790966e-17)
(-0.253304667964 -0.172180775761 -1.0384127789e-17)
(-0.334859482775 0.0285863498 -2.6526497517e-17)
(-0.0236428355061 -0.320548702762 1.17439949161e-16)
(-0.017694509752 -0.324479310581 -1.17439949161e-16)
(-0.15156191419 -0.233711588863 4.12681839979e-17)
(-0.149084257733 -0.245375363233 0)
(-0.00793222469517 -0.301549247467 1.75508082864e-16)
(-0.00708219766507 -0.292148656674 -1.75508082864e-16)
(-0.067704428972 -0.0827898966596 -5.9945453539e-17)
(-0.0760498654382 -0.097830583506 6.07490779653e-17)
(-0.12601765112 -0.353540877579 0)
(-0.146463755775 -0.347545893951 0)
(-0.0921903629187 -0.343717260224 -1.15951077917e-17)
(-0.107979458803 -0.343623226846 1.15951077917e-17)
(0.0381608118958 -0.285099352788 0)
(0.0208608334662 -0.269542131175 -1.60305600287e-16)
(-0.0204659488066 -0.243236044143 0)
(-0.0192426236694 -0.26903663043 0)
(0.28147472793 0.0218283807675 1.02051530942e-16)
(0.278977121701 0.0143597695443 9.93625883139e-17)
(0.115691019558 0.0989133871385 9.48366412741e-17)
(0.125777186491 0.0968078691087 -5.74066909498e-18)
(0.250453922518 -0.00695394845791 -2.759319605e-16)
(0.24944438614 -0.0207111307412 0)
(0.0367395286305 0.0738032061835 7.19220081015e-18)
(0.0514361190809 0.0834718465134 -7.19220081015e-18)
(0.219608754091 0.0807806993488 0)
(0.207942433776 0.0936846412382 -1.00020039998e-16)
(0.241111453024 0.0722925363393 1.46581020974e-16)
(0.239022087531 0.07858361716 -3.16742176236e-16)
(0.214827191941 0.000477702110381 8.25364814221e-16)
(0.202026560032 0.018232644895 0)
(0.229708966992 0.0322900961908 0)
(0.228851893626 -0.0365340918207 -4.86972543892e-16)
)
;

boundaryField
{
    bottomWall
    {
        type            noSlip;
    }
    leftWall
    {
        type            noSlip;
    }
    rightWall
    {
        type            noSlip;
    }
    movingTop
    {
        type            fixedValue;
        value           uniform (1 0 0);
    }
    front
    {
        type            empty;
    }
    back
    {
        type            empty;
    }
}


// ************************************************************************* //
