/*--------------------------------*- C++ -*----------------------------------*\
  =========                 |
  \\      /  F ield         | OpenFOAM: The Open Source CFD Toolbox
   \\    /   O peration     | Website:  https://openfoam.org
    \\  /    A nd           | Version:  14
     \\/     M anipulation  |
\*---------------------------------------------------------------------------*/
FoamFile
{
    format      ascii;
    class       volVectorField;
    location    "86.000000000047";
    object      U;
}
// * * * * * * * * * * * * * * * * * * * * * * * * * * * * * * * * * * * * * //

dimensions      [0 1 -1 0 0 0 0];

internalField   nonuniform List<vector> 
2646
(
(0.000836192061049 -0.00416249111483 0)
(0.00125009169543 -0.00214965558581 -7.30196482638e-18)
(0.00435785403675 -0.00296487995237 -6.93560770616e-20)
(0.0162162960583 0.00204443053788 4.56959890329e-18)
(0.00276949486539 -0.0123625430727 -1.52629155493e-18)
(-0.0790962274578 0.0121799419891 0)
(-0.0104795206257 0.0051287794006 0)
(-0.105469999401 0.0032390226968 0)
(-0.337226630902 0.0965865364013 -1.67632618185e-16)
(-0.354921083684 0.0211179075271 5.37419452191e-17)
(-0.0644947724813 0.0386503405016 1.53436641551e-18)
(-0.367607679015 -0.0349733530857 -7.80368406578e-18)
(-0.408024407013 0.0330138236618 2.06238961683e-16)
(-0.405671153302 -0.00212762189585 3.35241527001e-17)
(-0.380104592568 0.0696967521259 4.07302003371e-17)
(-0.234783987674 -0.127842525538 8.7585470082e-19)
(-0.385264010707 -0.0578379778822 -6.15354153466e-17)
(-0.206115639967 0.105553973688 0)
(-0.350345626744 -0.100793845361 -1.97887746848e-16)
(-0.115246433359 0.0639807811239 0)
(-0.305171459876 -0.0588064480549 6.56253793084e-17)
(0.00241158251852 -0.00628730908442 8.4654010728e-18)
(-0.21776366867 0.000726392187374 3.92036611388e-18)
(-0.350879801108 -0.00742517653497 -2.45637226865e-16)
(-0.218118782328 -0.0606347933528 -6.29348345538e-17)
(-0.102861917966 0.0549376688939 2.81889548665e-18)
(-0.167712732506 0.0264111875053 0)
(-0.307791064045 0.0540853450052 1.88483278751e-16)
(-0.325780041019 0.0316993379453 0)
(-0.198510425165 0.0722995603152 1.13016244501e-16)
(-0.107887692365 0.0164074458925 -7.76321720772e-17)
(0.000173495973425 0.00193099030827 1.72405418074e-18)
(0.00051011104887 -0.00874033112937 -1.41212057174e-17)
(-0.00070217858647 -0.0375863335015 0)
(-0.00878824473763 -0.0240342983762 0)
(-0.0633793574419 0.0418717255968 0)
(-0.274407179253 0.108023617026 0)
(-0.394266651566 0.0522152738414 -1.57374895098e-16)
(-0.411299080108 -0.0416885063677 -5.25939973206e-17)
(-0.292420316004 -0.118804005605 -1.29439470686e-17)
(-0.138787859092 -0.0725750557963 0)
(-0.107479046375 -0.0718117735189 -3.70106970502e-19)
(0.000230252969603 0.00334943790668 8.78765868175e-17)
(0.000709097729642 -0.00204151891917 -2.01136957863e-16)
(0.00170784000509 0.00283865267032 4.47314177357e-17)
(-0.00912384401773 -0.0115488016311 1.78700262678e-17)
(-0.00348415820404 0.00426495930754 -1.41922569607e-17)
(-0.00245572801416 0.0994746023908 -6.30293704697e-17)
(-0.00289876604301 0.0339844098789 2.41475137628e-17)
(0.0136891599721 0.172065109431 -1.42640049896e-17)
(-0.0965911109664 0.30059797903 -1.24755517136e-16)
(0.0423614158782 0.364034226473 2.55386115694e-16)
(0.0122624396665 0.349853840911 0)
(0.0503390323548 0.308877661457 1.66073752059e-16)
(-0.0493622273906 0.0722647910051 8.44549301567e-19)
(-0.0740243753865 0.126157367672 -5.98717615303e-18)
(0.0535529905787 0.227890068823 -1.51202596648e-16)
(-0.00318466345334 0.350718349987 -1.01680906112e-16)
(-0.0215282889306 0.386810484667 2.34871704081e-16)
(0.0117051561254 0.375365294555 -2.36330105859e-16)
(-0.0645186706831 0.341312522332 0)
(0.0952433909732 0.252708199562 -9.06835214363e-17)
(0.0512913767918 0.373468347804 -1.23261253706e-16)
(-0.118624362049 0.201696308044 6.0609279661e-18)
(0.0797847132999 0.339358616654 3.42841069433e-16)
(-0.0802863771107 0.121549569696 1.48620638489e-17)
(0.00870683273518 0.216179276688 7.90243034223e-17)
(0.00788424096688 0.00402759074062 -4.10110128848e-17)
(0.0566886869365 0.146523411619 6.76314734738e-17)
(-0.0562086591195 0.283760419647 1.60980727387e-17)
(-0.0100321230661 0.317503343214 3.50353552827e-17)
(0.0327463800599 0.115389367777 2.54451435279e-17)
(-0.0824006078473 0.220437825194 9.60844203703e-17)
(-0.0390165974992 0.159237287908 -3.63120116838e-17)
(-0.00225561958972 0.0640933960353 -2.63670554402e-16)
(-0.0152792125468 0.167232423105 0)
(0.000460941950699 -0.00315720740545 7.73653155859e-19)
(0.00277973690852 0.00223390094493 5.74427393442e-17)
(0.0227292167255 0.0565149765182 1.25186889451e-16)
(0.0113096096809 0.0659204507845 1.40398086279e-16)
(-0.0592794240633 0.0634053351544 4.52375170939e-18)
(-0.119110974293 0.259823836698 -1.16023956852e-19)
(-0.0350344775003 0.362223793461 0)
(0.0393943664165 0.380260283027 -3.32007343806e-16)
(0.0826998565721 0.281998521136 -3.18995183037e-17)
(0.0647794512651 0.179705415534 2.71283023844e-17)
(0.00301551669935 -0.407874473324 1.41267242158e-16)
(-0.0235727916326 -0.0896637281227 -4.96272270815e-17)
(-0.00586952443532 -0.258528202124 -6.49282526649e-17)
(-0.148825499207 -0.471233334089 2.43360507701e-16)
(-0.056926696702 -0.544213150216 0)
(-0.085548370826 -0.147141099268 4.50453103358e-18)
(-0.0137895000343 -0.453682717845 0)
(-0.0500027950671 -0.462393413201 0)
(-0.0170574484937 -0.431452623347 8.88632167035e-17)
(-0.0983159350965 -0.455929806948 -4.81981483383e-16)
(0.0366373283451 -0.374369740799 2.49561425826e-18)
(-0.00427920172091 -0.403927357685 0)
(-0.173967137607 -0.322861703592 2.36439839685e-17)
(0.0137338939417 -0.391418540429 0)
(-0.131603128594 -0.213397490721 -1.58097750196e-17)
(-0.00570422957014 -0.446379035363 0)
(0.00871474658193 -0.00786460745586 -2.05496984596e-18)
(-0.0412858910223 -0.509424503381 -2.85104020991e-16)
(-0.033633409611 -0.491153610255 6.20783772316e-16)
(0.0144091527477 -0.449423653792 0)
(-0.112318723543 -0.215844535836 -3.13832845346e-17)
(-0.0462973785827 -0.420563148033 0)
(-0.103807421713 -0.475385897975 -1.82053931612e-16)
(-0.0641171214288 -0.503774550258 2.02176451239e-16)
(-0.114361128153 -0.340937649007 2.74687572328e-17)
(-0.0414398232312 -0.269639820299 5.75239949183e-17)
(-0.0114803917477 -0.0112582378958 4.32362513863e-17)
(0.00416673899348 -0.0218376689118 0)
(0.00807901914685 -0.36433214046 -4.8889077623e-16)
(-0.0911962202055 -0.128962426942 -1.39765095691e-16)
(-0.163291134779 -0.398417496059 0)
(-0.063565539426 -0.470597219333 2.91400364286e-16)
(-0.0174437039331 -0.423170479776 0)
(0.0319664591868 -0.384144293849 0)
(0.0387320789195 -0.345361335556 1.52092303227e-16)
(0.0549870878507 -0.41284423265 2.4124578292e-16)
(0.0621573303 -0.45052445231 -2.19987194202e-16)
(-0.046417985612 -0.0306553177249 -2.4429213789e-17)
(-0.0970346744286 0.0710593140709 -8.61206324645e-17)
(0.263230717123 0.0224493730247 1.24971712343e-16)
(-0.0683139944861 0.0530019636575 0)
(0.0218129192429 0.0947779708654 -7.13326706196e-18)
(0.54273427608 0.00766364221929 3.15504679987e-16)
(0.347933760596 0.0010849123463 -6.51291106362e-17)
(0.41710804904 0.041868928825 0)
(0.356224803815 0.0952646900142 1.00069648588e-15)
(0.393740836184 -0.00457892251508 5.20967010601e-16)
(0.434361094688 0.0138378552652 1.94792693073e-15)
(0.411175036624 -0.0077953658172 -4.16164185381e-16)
(0.154402332333 0.0875696203794 9.7983531182e-18)
(0.218531966203 0.0889333811863 6.41747129151e-18)
(0.352763866108 -0.0138421555022 4.30538922999e-16)
(0.420872392034 0.022894715606 -6.21282103103e-16)
(0.412400318396 0.0393750490943 -3.62255749685e-16)
(0.40139084822 0.0145618603668 -6.67015848859e-16)
(0.404454195552 0.0532159947586 1.44172711854e-16)
(0.326571864547 -0.0327312776626 -7.87095548875e-16)
(0.389168419287 -0.0062450139671 1.10378701292e-15)
(0.27114651423 0.137103700308 -1.46274271001e-17)
(0.390809913321 -0.056160261211 0)
(0.192021662598 0.134996613742 -5.50799713411e-17)
(0.456920382735 -0.00361867457888 6.84962838958e-16)
(0.193040804373 0.0280217241749 -7.72596104556e-18)
(0.308295188247 -0.0458214786831 -6.30985483812e-16)
(0.388770687588 0.0427846555339 -1.96951659387e-16)
(0.422515884419 0.050453382493 0)
(0.430116768297 -0.0425116663785 -6.00511760837e-18)
(0.306148679786 0.0839793978664 -4.01291214505e-16)
(0.347910623974 0.0221902931564 1.60203477293e-16)
(0.539510191708 0.0280026212211 -3.58874420516e-17)
(0.532579149837 0.00637010651064 -6.72976451713e-16)
(0.0819961485634 0.106053649966 2.0580026014e-16)
(0.306970545841 -0.059692197512 0)
(0.0488926487967 0.0713157989196 -2.11282657294e-16)
(0.372377369513 -0.0306266440239 -4.64820755133e-17)
(0.124745212941 0.133540851173 0)
(0.327382206926 0.127913920168 4.9876206815e-16)
(0.419278622626 0.0717518317356 -4.80777775803e-16)
(0.398968188597 -0.00337647506063 -9.57837114218e-16)
(0.337355970991 -0.0436306038807 0)
(0.300517063024 -0.0810136824274 4.5779804059e-16)
(0.448321949591 -0.382127750192 -2.23701406497e-15)
(0.290563974909 -0.104713563179 3.42845323113e-15)
(-0.00669141654994 -0.469209834007 0)
(0.0211693429445 -0.308971910021 1.31321199118e-16)
(0.382543903424 -0.010535995326 0)
(-0.411983609584 0.0302921529139 3.52640497449e-16)
(-0.411010705208 0.0154576842752 -3.52640497449e-16)
(-0.172061884347 0.108137391393 0)
(-0.188584989368 0.112415916088 0)
(-0.366887201235 -0.0839429184682 3.57334987075e-16)
(-0.375637335577 -0.102264312872 6.59778120072e-16)
(-0.036976796441 0.034364723184 0)
(-0.0511933962037 0.0408967762324 0)
(-0.333651400538 0.112824057104 0)
(-0.311516918265 0.125080375297 0)
(-0.368871032223 0.0834294028402 0)
(-0.35537198545 0.109764229347 4.88651381726e-16)
(-0.216667841906 -0.13185718975 -4.20262407413e-17)
(-0.198228444331 -0.117139374317 4.20262407414e-17)
(-0.081154308686 -0.0717144902973 0)
(-0.0976863142583 -0.0921081519098 0)
(-0.0181574599715 0.388168326407 0)
(-0.000923183835389 0.380290702845 6.69445368171e-16)
(-0.113770546962 0.167961553913 -6.30627721493e-17)
(-0.123257100218 0.185616066295 -1.47161861985e-17)
(0.0639404285032 0.357434612477 3.52504051895e-16)
(0.0839489262356 0.356160235405 -1.82143587509e-15)
(-0.041735175304 0.0382380415441 -4.90807426192e-18)
(-0.0520974830779 0.0529207460015 -4.1833811068e-17)
(-0.106894045697 0.300441540364 1.11022227957e-16)
(-0.123254232764 0.285829327777 -1.11022227957e-16)
(-0.0850936814419 0.329815058323 -3.09790584394e-17)
(-0.102089906305 0.327916328064 3.09790584394e-17)
(0.101425641339 0.238757749109 -1.18301668586e-16)
(0.109568926909 0.222675670631 1.18301668587e-16)
(0.0709208994248 0.134382042165 0)
(0.0614887067847 0.14600207301 -8.60856147294e-17)
(-0.395427960168 -0.0952554025605 2.40493152251e-16)
(-0.267409198017 0.203714835395 -2.81930011213e-17)
(-0.0901174246041 0.0804263717753 -5.76770935016e-19)
(0.350310788323 -0.0391682432986 -5.43700952116e-16)
(0.132803705003 0.184005090173 0)
(-0.144484788994 -0.15621594899 0)
(-0.184184519841 -0.18932686172 0)
(0.329443216549 0.0775700547339 -2.05528345504e-15)
(0.268231963729 -0.113479029903 2.56370420775e-15)
(0.323807706202 0.100498911679 1.59836370708e-15)
(0.362215539459 -0.0309357418549 0)
(-0.402012379079 -0.0833271643056 4.49057454887e-16)
(-0.111107861417 0.100124636032 0)
(0.149772255488 0.205870895495 0)
(0.243024702654 0.209851988723 1.18145850242e-16)
(-0.0915978339189 -0.362826189904 0)
(-0.0994816775394 -0.350474542048 -5.73758690019e-17)
(-0.216564365155 -0.388623935411 1.53629725934e-16)
(-0.222909595562 -0.370213046466 -2.7055938578e-16)
(-0.197015709767 -0.390390027908 0)
(-0.203239727785 -0.384960290288 -1.61009550161e-16)
(-0.240900209631 -0.316490120359 -2.12585998753e-16)
(-0.249784587378 -0.308696421575 1.62928427525e-16)
(-0.312061566425 0.208332896967 0)
(-0.333847810584 -0.197874367282 -2.39978478502e-16)
(0.272502570528 -0.116877469029 -2.35149287885e-15)
(0.277899721514 -0.0966319262835 0)
(0.292477581523 0.187362680525 0)
(0.370932340065 -0.0036478084948 -2.0722716796e-16)
(-0.411976261734 -0.0289730303719 0)
(0.16979102205 -0.104564445495 2.24529596013e-16)
(0.231606521155 0.218299070274 -3.72481705207e-16)
(0.272788363099 -0.108736072863 1.1600048751e-15)
(-0.323341607249 0.208194113607 -5.19843214946e-16)
(-0.267797423919 0.191588179618 0)
(0.364257266977 0.00252711249693 -2.2970693788e-15)
(-0.252210323126 0.197711098595 -1.75424204567e-16)
(0.321570061813 0.111278136556 2.40300500497e-16)
(0.329596792039 0.0689366135842 -1.12945538312e-15)
(-0.239031991429 -0.290050253275 0)
(-0.213752104955 -0.259492499913 0)
(-0.135242761431 -0.357727755218 4.17749801921e-16)
(-0.150539508685 -0.377166488462 9.15405462981e-17)
(-0.239043560062 -0.369933831491 -5.75072244859e-16)
(-0.238327643487 -0.373564646003 6.75329314998e-16)
(-0.0785062877272 -0.358123052352 -2.43420844566e-15)
(-0.0712017717539 -0.35330438389 2.02612672787e-15)
(0.0694526251481 -0.289114940036 1.06719836812e-15)
(0.00406790620199 -0.300525973161 0)
(-0.0500317036362 -0.337699957806 1.91901792154e-15)
(-0.126312867629 -0.356124890918 4.88381117309e-16)
(-0.1193189712 -0.366197157642 0)
(-0.16418938511 -0.382105094187 -1.03420424547e-16)
(-0.16864479139 -0.36856423049 -8.72477711066e-17)
(-0.028392038043 -0.370694574915 0)
(-0.235786382138 -0.346768354905 -4.36564256495e-16)
(-0.251433182664 -0.34339449 3.52760665505e-16)
(-0.190851467677 -0.219556428362 0)
(0.0132052347523 -0.297511534235 2.00836674961e-15)
(0.0182261577027 -0.306980660747 -2.10593402224e-15)
(0.032186766663 -0.338448830007 -2.27229150536e-15)
(0.0830038810186 -0.284762696198 -1.89779471691e-15)
(0.0813681939682 -0.280732588627 1.86456210864e-15)
(-0.054112415464 -0.346547580009 -3.00853518322e-15)
(0.0603587803949 -0.299698929583 -3.18464919206e-16)
(-0.00233909040368 -0.312344539667 8.55331033395e-16)
(-0.032795056097 -0.362508812645 -7.71274099958e-16)
(0.0304744086843 -0.337154413932 2.61468175377e-15)
(0.274004212792 -0.0879396054114 0)
(-0.198039708484 -0.213071066708 9.50951275031e-18)
(-0.323990785097 -0.210385380448 -6.78491633213e-17)
(-0.388962662007 0.0789579156302 7.76451189251e-16)
(0.328830658325 -0.0463512233389 -2.85547318065e-15)
(0.342805315328 0.0817805789659 -1.12119083239e-15)
(0.297587904013 0.184042669199 2.62137713985e-16)
(0.194697340034 -0.0768917346645 3.06828471703e-17)
(-0.406090794811 -0.0165791788194 -6.58251125539e-17)
(0.337219322071 0.0924718606274 -2.18488287956e-15)
(-0.378561763836 -0.0984046475889 2.95509779902e-16)
(0.362276133008 -0.0117238234102 3.64027571423e-15)
(-0.409682365626 -0.042741000308 0)
(0.280867543692 0.200370207461 -2.89464640989e-16)
(0.214790681942 -0.104205002278 0)
(-0.345985341109 -0.191837060865 1.56977428285e-16)
(0.262727688543 0.186207991021 -3.88008628004e-16)
(-0.420614510939 -0.0431884618401 1.40111081906e-17)
(0.39071141893 -0.0163507944625 -6.84135042261e-17)
(0.22965644786 -0.140051958371 0)
(-0.408746276429 0.0425996501172 -1.40738121016e-15)
(0.23610206049 -0.102681369837 -9.07951962609e-16)
(-0.361487966943 0.148242052122 7.55701576243e-16)
(-0.292218512054 0.195378248132 1.79144839629e-16)
(0.236557136108 -0.13533422776 8.42610379518e-16)
(-0.368137816093 0.0805513718219 9.54417390145e-16)
(0.256994483125 0.210735932714 2.2518738851e-16)
(0.360381853542 -0.0237524918791 1.20833934757e-15)
(-0.396651081888 -0.0648405134289 -5.25259455213e-16)
(0.116856423172 0.176853481935 -6.088733679e-17)
(-0.133677753199 -0.141139304296 0)
(0.19171331026 0.220972130983 1.40532614728e-16)
(-0.159413434382 0.128474932321 -2.63197694708e-17)
(0.0972151910246 -0.26794074283 -1.4462449711e-15)
(0.0846041555128 -0.277567024283 2.34826329275e-15)
(0.143750122039 -0.0839578571943 0)
(-0.0824390041808 0.0783966661276 5.41330867768e-18)
(0.200079045671 0.220356786213 1.88818296231e-16)
(-0.371842331426 0.154992818133 7.32751803024e-16)
(0.2673850519 0.196908892126 3.14029687953e-16)
(-0.409462322702 -0.0504645171266 -1.58495973296e-17)
(0.373683357821 -0.0183978712382 -1.18627836692e-15)
(-0.420949923158 0.0352851462048 1.66650309106e-15)
(0.320203652314 0.160116279365 -1.56863568955e-15)
(-0.346325766833 0.175294631697 0)
(0.289193414655 -0.0967276209183 2.06382519561e-16)
(-0.372426888105 -0.161163567813 0)
(0.316419844111 0.170636298572 1.38147334336e-15)
(-0.340839424016 0.175414354824 0)
(-0.368963080869 -0.175296490272 -3.82257421538e-16)
(-0.365918440288 0.102112780732 -1.54366412495e-15)
(-0.41075017654 0.0507853732907 4.93272290068e-17)
(0.239228305993 -0.116199255952 5.27239673354e-16)
(-0.17188066361 0.141643752757 5.91524726576e-17)
(-0.125933593402 0.103249612314 7.62875030226e-17)
(0.168439027452 0.202489180864 0)
(0.3327939735 0.11768650235 -8.89294193927e-16)
(0.284216981916 -0.076451448057 2.68433288772e-15)
(0.341890664117 0.0633057041817 -1.16834889117e-15)
(0.341112022963 0.00316897213384 1.94809859099e-15)
(0.258220376552 -0.11312168839 0)
(0.271169737353 -0.0981969204938 6.52390921619e-16)
(0.204485897332 -0.0876050347638 3.61946724267e-16)
(0.301140654672 -0.0686472760369 -2.80466796845e-15)
(0.154381837802 0.261855081505 -1.63854763814e-16)
(0.193427406266 0.26182548893 4.39519425565e-20)
(0.175359077177 0.257241736344 -4.39293369627e-20)
(0.0489114013153 0.299230649162 0)
(0.0156651459097 0.182564503855 -2.32356337937e-26)
(0.0155716119302 0.141013836614 0)
(0.0152205457515 0.101353081631 -3.6093586621e-15)
(0.276953092256 0.215903309992 9.54502109099e-16)
(0.037961550706 0.326655184404 2.05519308015e-15)
(0.0145089463495 0.0631527125076 0)
(0.103343354728 0.374439650213 8.86868064477e-27)
(0.0272922475209 0.335814875874 -2.05519308015e-15)
(0.0833789749096 -0.0744684310008 0)
(0.170413641318 0.266594466602 3.61672004126e-19)
(0.0487699906632 0.248798416733 0)
(0.365036330935 0.0453303623873 -1.22975585615e-15)
(-0.214270941881 -0.309193567647 -1.56437276524e-15)
(0.0133052624039 0.02568586671 1.43025161897e-26)
(0.243137468465 0.224779218928 0)
(0.0569020665419 -0.104148221365 -3.74410188757e-15)
(0.145408047463 0.0720979834655 0)
(0.0882476413323 -0.0369380684784 -4.83043074167e-17)
(0.0114976259274 -0.0118397833621 -3.96924543246e-15)
(0.0827966068284 0.0527113420808 0)
(0.144344708821 0.0371559353858 0)
(0.13121143843 0.0309151444362 1.30985251103e-26)
(0.015812287158 0.406963774895 0)
(-0.424284743221 -0.0020087841834 0)
(-0.139228497876 0.361847183867 0)
(0.141923962712 0.00281088017198 0)
(0.00451362264883 0.189637771613 3.1265250844e-15)
(0.398352771061 0.00820699211592 1.44927003423e-16)
(0.0381389911012 0.308143080294 0)
(-0.202342925249 -0.31724361203 8.0687007023e-16)
(-0.15620063845 0.344033134445 0)
(0.00443983451028 0.147711281672 -2.42097532271e-26)
(-0.144006031279 0.352114163793 0)
(0.0149178088688 0.400733701685 0)
(-0.132341462227 0.280745495341 0)
(0.00414299661428 0.107664171961 3.6093586621e-15)
(0.132827259955 0.102276837977 0)
(-0.216388130712 -0.224943805947 -2.07067729082e-15)
(0.374807257771 0.00862685747518 -1.51725283494e-16)
(0.145276279256 0.108346749595 0)
(0.0383843434903 -0.0802549929599 7.04668199173e-27)
(-0.192949967472 -0.257899631989 -2.01196975825e-15)
(-0.204896207224 -0.248855286997 2.01196975825e-15)
(0.0758752871478 -0.0441369870353 7.64277846937e-15)
(0.107832105516 0.127788458865 3.31326036162e-15)
(0.367139899335 0.0307111026719 -1.28174805011e-15)
(0.377045257674 0.0228055730391 -1.30372480041e-15)
(0.0794105269497 -0.00741668807943 0)
(0.278610442056 0.206446075035 -6.17901629931e-16)
(-0.14425577652 0.273075827324 3.88295759747e-27)
(-0.00417833260604 -0.0846170713491 0)
(-0.126241327735 -0.119188087673 0)
(0.00352838175432 0.0691355346148 1.36340420792e-26)
(0.265511862714 0.218355059942 -1.48325677878e-15)
(0.375638390864 0.0389559322955 1.27492779166e-15)
(0.277044574091 0.218287005253 -7.53846006475e-16)
(0.226926261037 -0.0679936631682 -1.42447866854e-15)
(0.00495992016051 0.396554387522 0)
(-0.0621653456367 0.16145916458 0)
(-0.0398518737436 0.189553519455 0)
(0.103508417657 -0.00565740377701 7.47866777454e-15)
(0.0376761085742 0.256797997429 0)
(-0.015102688058 -0.0923354438014 0)
(0.00599919709068 0.386692129455 0)
(-0.0268907060581 -0.11443043694 0)
(-0.0510163250247 0.168347928392 -5.70326714093e-27)
(-0.0620844079122 0.120551713412 -3.39321742321e-15)
(-0.0509942283087 0.1824929615 5.70326714093e-27)
(-0.189787827363 -0.183729043714 0)
(0.00248308337368 0.0314175091825 0)
(0.00796045353258 -0.0635166566608 1.4393008687e-26)
(-0.0621655014813 0.0811167347319 0)
(-0.0511343712615 0.0875947442569 -1.30526563683e-26)
(-0.153241254565 -0.146310218891 0)
(-0.0509997728245 0.127180529628 0)
(0.0269109467921 -0.0880958784077 3.87877084801e-15)
(0.05596054278 0.39668106597 -1.13374085192e-15)
(-0.0622684813956 0.0681337158213 0)
(-0.0732932651856 0.0616963193521 -3.62219457197e-15)
(0.25658808971 0.214896748017 1.48310970033e-15)
(-0.0433662171889 0.397765757776 -1.08756777971e-27)
(-0.204588897647 -0.233366625377 2.07067729082e-15)
(-0.187832216408 0.216009535933 -2.10184167318e-16)
(-0.054014051822 0.391471819383 -2.49134709596e-27)
(0.0141766633769 -0.110136666942 3.82802666714e-15)
(0.0917320127075 -0.000695007075318 -3.76386644827e-15)
(-0.0776833476961 0.385641204746 0)
(0.0468392389472 -0.0991029853084 3.74410188757e-15)
(-0.0627382747425 0.0297385365017 0)
(-0.170516639837 0.347949832012 -6.62066203217e-28)
(0.0689716949974 -0.0958015370459 0)
(-0.0454733498582 -0.25376506292 1.55622033454e-15)
(-0.0635045208328 0.391498181221 9.5897867072e-28)
(-0.430016566949 0.0345894189678 6.04799021844e-16)
(-0.0171143019698 0.405070445199 0)
(0.398395356206 0.0294946215959 2.19271185192e-15)
(-0.03480814476 -0.399024911101 0)
(0.130362798343 0.0192600223168 -1.30985251103e-26)
(0.144967193433 0.0487456176793 -3.44277405227e-15)
(-0.103180321066 0.373764297222 -1.30353255616e-15)
(-0.117784479432 0.366355327428 -4.87842173644e-27)
(0.162150061451 0.233144731545 -1.99181186874e-16)
(-0.390180408745 -0.131245033036 4.23788767596e-16)
(0.0710029989764 -0.0823958957162 0)
(-0.166489804891 0.195631445155 1.01315729479e-16)
(-0.0312930784031 -0.175030000986 0)
(0.0964549870898 0.169131790752 5.48006570642e-17)
(-0.0997168085776 0.377129730928 0)
(0.119358923341 0.0479709393069 3.61044096401e-15)
(-0.128357736453 0.368365668602 0)
(0.116318816918 0.00101646037406 -3.71480132626e-15)
(-0.0868266080915 0.384307406215 8.62827718723e-28)
(-0.0415398572996 -0.184057551308 2.10071233939e-19)
(0.142363686699 0.216643479422 0)
(-0.0223246835798 -0.181955709722 -3.54588386164e-15)
(0.143015197446 0.0143282620877 -3.52440886555e-15)
(-0.0119340126442 -0.172737069958 3.54588020975e-15)
(-0.12774641474 -0.124881075589 0)
(0.0832901816288 0.0649351277282 0)
(0.107024803518 0.0534709588456 -3.610440964e-15)
(0.0946843984829 0.0471436534977 -6.74732506129e-27)
(0.132699177732 0.302572174766 0)
(0.145160718304 0.120795465745 0)
(0.128577306817 -0.00378349044472 0)
(-0.00313387136289 -0.0709644792984 0)
(-0.0507041398437 -0.176814199518 0)
(-0.14061383264 0.0229506004051 3.45126776216e-15)
(0.120279745332 0.189174573042 0)
(0.132572234307 0.0660211164477 -2.54753491188e-26)
(-0.218882563237 -0.179335955158 0)
(0.0896649160341 -0.0246046748206 -4.51848459558e-17)
(-0.38832378417 -0.120711717806 0)
(0.104365809733 0.365735376778 0)
(-0.423459574814 0.0112802953689 0)
(0.401250511485 0.011974952539 0)
(0.0069567837801 0.403719358272 1.19018935262e-15)
(-0.131139197415 0.232751029955 -2.43769949071e-15)
(0.0946588507194 0.203024869546 0)
(0.120202289504 0.121216640464 0)
(-0.119264248187 0.210772245838 0)
(-0.434274673742 0.0403684269782 -2.87968819283e-16)
(0.391568574741 0.0354082924573 1.06072648884e-15)
(-0.0410283520476 -0.383296738077 1.89944650941e-15)
(0.000897572658292 -0.00625669887548 -2.88499303221e-26)
(-0.158532607535 0.33132529423 0)
(-0.0382194668509 0.404107524178 -1.06676130199e-15)
(0.226629551104 0.249227052984 0)
(0.239772970191 0.239165034958 0)
(0.106016407353 0.210101725843 4.87061779122e-27)
(-0.145901730571 0.307030490891 -1.24173859506e-26)
(0.129723549316 0.209438066489 0)
(-0.145314001829 0.324247180723 1.24173859506e-26)
(-0.132570141007 0.2983406944 0)
(0.360527593774 -0.0587263411973 2.9907241487e-15)
(-0.140579696599 0.00991271529776 -3.40654684204e-15)
(0.395514256428 0.0454405669597 -2.07595378643e-15)
(-0.0496972610518 -0.400111395488 -4.41803520739e-15)
(0.385391390093 0.0587308927785 -1.12796971447e-15)
(0.0371667151494 0.378862408148 0)
(-0.0569003052815 -0.38484066188 2.06562186455e-15)
(-0.161344476056 0.344810831333 5.82080834182e-16)
(-0.429317420898 0.0400554703045 0)
(-0.424604565194 0.0516124389991 0)
(-0.0365862616689 -0.108124456798 -1.39259692485e-26)
(-0.131391658589 0.248197049049 -6.12441219306e-17)
(0.108070894454 0.36798210415 0)
(0.0181292031967 -0.0690730116131 -1.42268868828e-26)
(-0.0222412358433 0.409853626325 1.15672274344e-27)
(-0.0621560535822 0.147570547698 0)
(-0.0161481019961 -0.10643490876 0)
(0.107098325189 0.167680894948 0)
(-0.181956826378 -0.136933129598 0)
(0.10871390003 0.22168539646 0)
(0.129412946015 0.224399271059 0)
(0.206095914073 0.206502847994 0)
(-0.0298924329176 0.404226930789 0)
(-0.143844150305 0.256308236046 -2.25854600209e-15)
(-0.211207118823 -0.287340527182 0)
(-0.00554886780873 0.403211755324 0)
(0.223220071453 0.263967999424 0)
(-0.398945258638 -0.0841581869757 0)
(0.0762627499016 0.374183867632 0)
(-0.0956011958376 0.022984891492 0)
(-0.0397962191788 0.203951325931 0)
(0.00445702199092 -0.104390512594 -3.82802666713e-15)
(-0.0734109649105 0.0487822266942 -3.68566278704e-15)
(-0.225430380199 -0.161926652096 -2.33799898383e-16)
(0.0254007089165 -0.101958048068 -3.4939691639e-27)
(0.37672018225 -0.0334751853311 1.03015603754e-15)
(0.0110069748222 -0.369138590577 -1.95098127911e-15)
(-0.0621034272113 0.107188743266 0)
(0.347645547039 -0.0620601244852 -3.40106283449e-17)
(-0.059308952362 -0.154014886175 0)
(0.0954961964442 0.178462685108 0)
(0.230039931426 -0.0573505371618 -1.45774742253e-15)
(0.00369326560094 -0.202544779164 1.71090117046e-15)
(-0.1066735348 0.0293114570788 3.57844403614e-15)
(0.106876507767 0.181427206734 0)
(-0.00306619322351 -0.179302409455 -2.12968227988e-19)
(-0.357966762287 0.189758471793 0)
(0.0156187611254 0.168463338774 2.32356337938e-26)
(0.255376248856 -0.07022530662 0)
(0.0837025570149 -0.218372249929 0)
(-0.0625236321692 0.0425861522854 0)
(0.107774595984 0.140816981573 0)
(-0.0845667991578 0.0294504776933 0)
(-0.073697949166 0.0232433047558 0)
(-0.333872324051 0.193172057053 1.42315120665e-15)
(0.140975317234 0.247931209409 0)
(-0.387767508235 -0.110580466099 -2.58303410383e-16)
(0.048613011002 -0.0854353588677 0)
(0.0963211333067 0.367771570416 -9.85331776674e-16)
(-0.0510455497478 0.100711359149 1.30526563683e-26)
(-0.0509779867712 0.140788398997 -3.33656365278e-15)
(0.0102812949113 -0.365391940513 1.89662262889e-15)
(-0.207669942095 -0.187738466111 -2.45378848874e-15)
(0.00265911634621 -0.361716572776 3.73756858605e-15)
(0.0747334826191 -0.186909793319 0)
(0.015455281909 0.127550606027 0)
(-0.117851582961 0.0228850990789 -3.57844403614e-15)
(0.371079468945 -0.0517787865464 -1.02325858341e-15)
(-0.0498587035547 -0.161036266861 0)
(0.0852776145361 -0.0615802555951 -4.60291679469e-17)
(0.365671390558 0.01612518839 1.29256470538e-15)
(-0.25231946985 -0.190050777888 -1.42539458548e-16)
(0.141330779396 0.231971242154 -2.38194744107e-15)
(-0.356833401667 0.187987811886 -1.05616103716e-15)
(0.0149870514227 0.0884339810591 0)
(0.119371717483 0.16052581948 5.56923244713e-27)
(0.0141591331707 -0.352443089475 0)
(0.220208988925 0.197994221246 -1.01126386813e-15)
(0.124231587028 -0.104710850892 0)
(-0.00880290777678 -0.368106145396 0)
(-0.175736301301 0.0036834564278 0)
(-0.431403292496 0.0163963336208 -6.28952483024e-16)
(-0.00964882141082 0.408147925208 -1.19018935262e-15)
(0.395618609977 0.023757788742 -2.18971360465e-15)
(-0.309560773604 -0.176475162612 0)
(0.0156146786996 0.22604029179 2.82349658336e-15)
(-0.257997563683 -0.327165879203 -6.45390975934e-16)
(-0.269160319477 -0.319017043236 0)
(0.048890828786 0.281675233095 0)
(-0.129215863167 0.0293341496054 -3.45126776217e-15)
(0.13542714244 -0.108205541192 0)
(-0.00295952410377 -0.357178103002 -1.37045575445e-15)
(0.142584097557 0.187327557475 -1.2104211925e-27)
(-0.225905445413 0.256958461542 -3.15571634884e-16)
(0.0361336623992 -0.172011073931 0)
(0.210843251101 0.273806665532 0)
(0.137377319777 0.231721762725 1.63330679844e-16)
(-0.00158078777145 -0.375101332454 -1.16622586661e-15)
(0.119586311657 0.147222763261 -5.56923244713e-27)
(-0.346458047847 0.19825544153 1.14480250776e-15)
(0.142190861891 0.201587465747 1.2104211925e-27)
(0.0272612397226 -0.166398844104 -3.52383102885e-15)
(0.139719453777 0.252964017201 -3.93514956924e-16)
(-0.316480030084 -0.15817078323 0)
(0.119980400593 0.304608143357 0)
(0.120079065788 0.273947987512 0)
(-0.416341484329 -0.0167349083744 0)
(0.0209115058196 0.400915439462 0)
(-0.363121093872 -0.144357748634 9.63885698895e-17)
(0.0141173160503 0.0505337590192 0)
(0.108103176936 0.343955613905 6.84484888547e-16)
(-0.277677214489 0.235051775421 -1.57539816251e-15)
(0.078262966219 -0.0196922205968 3.81279746542e-15)
(0.108801174939 0.207372685391 0)
(-0.175627626955 -0.00948204731876 6.43260928002e-15)
(-0.292663255214 0.242857249484 4.97586209872e-21)
(0.399819111828 0.0056991759255 0)
(-0.0190264274247 -0.396986640337 0)
(0.129096238592 0.273331041842 0)
(0.28287716555 0.205520921323 -3.82638116062e-16)
(0.376526953361 0.0525208546048 1.18800696257e-15)
(0.145628135005 0.0840049971326 0)
(-0.268854402592 -0.29877539297 0)
(0.340532828351 -0.0714028093588 2.7567255529e-15)
(-0.210322242112 0.302234848625 0)
(-0.21407694878 -0.307794646474 0)
(-0.39883995782 -0.106262979587 -5.61241042634e-18)
(0.316650118323 -0.075270274993 1.26048802756e-15)
(0.309299214835 -0.0686980880692 -1.36795979566e-15)
(0.118097789446 0.202376212692 0)
(0.333460035569 -0.0693617504363 -8.91575905241e-16)
(0.0634040389732 -0.300807962292 2.0631790567e-15)
(-0.23180442696 0.207609831439 2.06384381148e-15)
(-0.1985526012 0.133237128223 -5.94845850637e-17)
(-0.248442940609 0.232594238979 0)
(0.120224331709 0.323190363289 0)
(-0.340701498011 -0.16415614826 0)
(-0.0241532739407 0.401904314907 -1.15672274345e-27)
(-0.399136027052 -0.104908829976 2.65261176096e-16)
(0.0853951616389 0.376358706135 9.85331776674e-16)
(-0.0344435913126 0.397153100447 0)
(-0.12823733105 -0.309406784701 -1.1758334825e-15)
(-0.152064518649 0.00345528552084 6.73713723599e-15)
(0.131861680338 -0.121484235372 0)
(-0.264575227947 0.241612973375 1.57538923095e-15)
(-0.281154393801 -0.291667171923 0)
(0.0566180057545 -0.167273602239 -3.43571048165e-15)
(0.23129021653 0.219244633176 9.16146530195e-19)
(-0.0551463099218 -0.263457166841 -1.16558462479e-17)
(-0.139300615389 -0.302444125722 0)
(-0.222732355036 -0.281122786395 0)
(0.0163860934197 -0.17603655239 3.52402983213e-15)
(-0.00478212505853 -0.195766181809 1.32060219733e-18)
(-0.206606111029 0.242080043913 -3.75561012953e-17)
(0.369734911681 -0.0404133270174 0)
(0.0450391886238 -0.314870673146 8.80553422229e-16)
(-0.247069411306 0.216397992226 0)
(0.138562632671 0.251563252518 3.93514956927e-16)
(0.142979238381 -0.124610211108 -3.07609150833e-15)
(0.0617559897237 -0.300834627032 4.82766517304e-17)
(0.130787047528 0.180665383688 0)
(0.0103330421988 -0.350962929122 -2.6407994653e-15)
(-0.16314804551 0.352193362996 -1.91056795481e-27)
(0.102264229985 -0.0176824757334 -3.76761261948e-15)
(-0.0610188891887 -0.185674773759 0)
(0.0475555923245 -0.162086161642 3.43571048165e-15)
(-0.140240116953 0.189339271137 5.90411817746e-17)
(0.207039202964 0.287975574762 1.35181979941e-15)
(-0.216329118383 -0.209500235906 0)
(0.144086427867 -0.0710327796054 2.58144215648e-20)
(-0.239866939232 -0.196027528458 9.42526399788e-17)
(0.0893129757696 -0.188795738904 -3.35076349698e-18)
(-0.0808091862406 -0.186979726915 3.32585356276e-15)
(-0.0158613069821 0.400165555041 0)
(-0.405711038924 0.0873088948572 0)
(0.10667013829 -0.179774805277 3.33240624148e-18)
(0.00754934557194 -0.169866267164 0)
(-0.346820143916 -0.149046072898 0)
(0.106712901635 0.326982768007 -6.84484888547e-16)
(0.128970409966 0.256345590542 -2.33840173051e-15)
(-0.011981285222 -0.385609897002 0)
(-0.0703957749743 -0.178277734503 0)
(0.0598343214867 0.273248570696 0)
(0.185340186047 0.055252341826 3.24071439196e-15)
(-0.187556514271 -0.0160279137982 -8.82617828524e-17)
(0.212770802155 0.100500100941 -2.92055997218e-15)
(0.0127203817387 0.0130953071513 -1.43025161897e-26)
(0.0142169155559 -0.19254656852 0)
(-0.116587817625 0.0845035928804 3.40163827427e-18)
(-0.0563365801239 -0.0952922819702 0)
(-0.411058550004 0.0762709819513 0)
(-0.119339765378 0.225294366518 0)
(0.051451171567 -0.317075527204 -1.6223321355e-15)
(0.0580177609755 -0.312332297231 1.87398581515e-15)
(0.00223622247522 -0.338548248612 -2.43746668582e-15)
(-0.147695619074 0.108876344772 8.49676658007e-17)
(-0.229920394543 -0.234785661214 1.8353782189e-15)
(0.144182121628 0.146534164124 0)
(-0.293253314224 -0.263714161977 6.22652305e-16)
(-0.139279759337 -0.285819062023 2.31892682506e-15)
(-0.0434368498679 -0.36765734862 0)
(-0.254008762475 -0.345980550956 -1.93740741451e-18)
(-0.112033323256 0.342416428203 0)
(0.0711771081878 0.281858381388 0)
(-0.355086713605 0.123231487541 0)
(-0.172592303348 0.304357248223 0)
(-0.242740340392 -0.22712771453 -1.8353782189e-15)
(0.0780017276327 -0.161809800834 3.34785795146e-15)
(0.243825416468 0.242949682588 0)
(-0.141984244989 -0.254054181226 0)
(0.000798866958342 -0.380430656497 0)
(0.361745460511 0.107955709072 0)
(0.337838642556 -0.0705383934601 -2.78545193232e-16)
(0.0382504897096 0.362846806672 1.81787209381e-15)
(0.0334151400594 -0.188151801096 1.69144752011e-15)
(-0.280284323222 -0.271512519354 -6.23102416932e-16)
(-0.306982562119 -0.272792928904 0)
(-0.28625379387 -0.208847830033 5.18965463592e-17)
(-0.163929698198 0.0101108104901 -3.33059039393e-15)
(0.0419602563298 -0.193872849926 0)
(-0.239071480648 -0.294220930427 0)
(-0.263004473964 0.149596000364 8.5446478236e-17)
(0.259046877889 0.224339558085 -7.32127197169e-16)
(0.259554886882 0.0404063093856 4.43576535712e-15)
(-0.319710858047 0.199698239486 -1.42054726928e-15)
(-0.131330977596 -0.262576708734 -2.62866165477e-15)
(0.199459443918 0.0499157465179 -3.23991548378e-15)
(0.234879221279 0.257721411954 2.9048370066e-28)
(-0.166367832668 -0.150305792338 0)
(-0.389491837312 0.0943022232483 0)
(-0.285907221484 -0.30658381127 8.02145652995e-18)
(0.195517170245 0.157370007869 -2.62578392697e-15)
(0.0938400443962 0.148869730471 -8.40232681718e-18)
(-0.0902189631416 -0.10129124577 0)
(0.21774095054 0.283138705852 -7.9274653165e-28)
(-0.25514673825 0.15093058547 -2.1797315493e-15)
(-0.392399148742 -0.122244516791 -4.25788334151e-16)
(-0.0697261740989 -0.162467234498 0)
(0.185618505543 0.066543921714 -1.98190282155e-19)
(0.217569268337 0.228293310807 0)
(-0.143094590036 0.22551973737 2.43769949071e-15)
(-0.111381085917 -0.28062407915 1.27025579011e-15)
(0.128649353183 0.273225379313 0)
(0.141308035324 -0.083338731216 -2.58143982594e-20)
(-0.187447208123 -0.0293390450531 -2.84367807447e-27)
(-0.278224601196 -0.323574406037 0)
(-0.38340111167 0.138910956726 0)
(-0.13135771398 -0.278386959939 0)
(-0.331734570757 -0.184087238254 1.24420888897e-15)
(-0.17533523751 -0.0497332560856 -2.90615676975e-27)
(0.132316977218 0.127445361629 1.13890588501e-26)
(-0.22649525716 0.142750516648 -1.50215550345e-18)
(-0.14818441476 0.359775425103 0)
(0.105419045089 0.256583096566 -2.44830608139e-15)
(0.226723286203 0.275300946287 7.9274653165e-28)
(-0.293165043388 -0.296898386024 0)
(0.068681938795 -0.15721488279 -3.34785795146e-15)
(0.132125499682 0.054182601866 2.54753491188e-26)
(0.213778555894 0.0555317607881 0)
(0.0996684625039 -0.0416200073 -3.75275939686e-15)
(-0.179332601238 0.20436382635 2.3985831182e-15)
(-0.304546984426 -0.288167481243 -7.51190339956e-16)
(-0.304328935563 -0.289562987856 7.33270491952e-16)
(-0.162774166052 0.205347152444 -1.01315729479e-16)
(0.149583094255 -0.140829273735 2.88254763187e-15)
(-0.305088881163 0.235174820907 0)
(0.105218013945 0.273318211924 -2.11876030744e-27)
(0.236530906726 0.263903433702 4.21554910553e-28)
(0.0491886166863 0.354118589199 -1.81787209378e-15)
(-0.22826523448 0.1351994029 0)
(-0.175336593491 -0.036244875021 2.90615676975e-27)
(0.0601201663758 0.327102603445 -1.98753869099e-15)
(-0.191184150112 0.183267880946 0)
(-0.377924184377 0.135253054569 0)
(0.0744498334123 -0.177515938053 -3.17279207584e-15)
(0.206036213443 0.29841534521 -9.38709751774e-16)
(-0.178887887366 0.18995699746 0)
(-0.212155009868 -0.015614777454 0)
(-0.0357390088939 -0.0939622019241 1.39259692485e-26)
(-0.0577950980726 0.382499516469 2.49134709596e-27)
(-0.23064151305 0.192195428544 0)
(0.0936840671033 0.299595998494 0)
(0.212987876928 0.288643876974 -4.96076593923e-28)
(-0.00277928793587 -0.256280743103 -1.58912210995e-15)
(-0.240802614603 -0.317309209947 1.33908864719e-15)
(0.367288969833 0.0645635917406 -1.90611991196e-15)
(-0.259240924101 -0.238808256836 0)
(0.0822868318359 0.273250348739 -1.10191523615e-27)
(0.328657939778 -0.0787953262006 0)
(-0.242680243302 0.171309579686 -6.54281887193e-20)
(0.177424324197 -0.0933446096449 3.78060293158e-19)
(0.0057254300012 -0.0903880441941 -1.40589809161e-26)
(-0.240947700606 0.143262969096 0)
(0.25967105808 0.0501153585235 2.82990274482e-15)
(0.188249616471 0.278122923818 0)
(0.0948567280626 0.188807304619 0)
(0.0355928550326 0.0265966065967 -7.772083312e-15)
(0.228736276303 0.0501523638396 0)
(-0.315957340336 0.239487967702 0)
(0.0601771824086 0.308375700221 0)
(0.118394169102 0.188164370811 0)
(-0.389399695959 0.108663411741 0)
(-0.0695195074352 0.374334320556 0)
(0.0939001164865 0.281906651205 0)
(0.0436915572911 -0.234515670285 2.9935385097e-15)
(-0.0372960768345 -0.261850843324 -3.1223020916e-15)
(0.0148711697465 -0.251561939757 1.5798077104e-15)
(0.24387926928 0.0346391459842 -2.97668742566e-15)
(-0.261991084652 -0.258633337399 0)
(0.317627969866 -0.0726882598365 2.36357018074e-15)
(0.0226112912138 -0.198610541637 -1.69143649082e-15)
(0.0709943961601 0.299568795015 0)
(0.00747937537406 -0.245235368951 -3.19256621254e-15)
(0.200769765725 0.268867605569 0)
(-0.12062829388 -0.287490611824 -1.27104728205e-15)
(-0.0847704225279 0.37383495089 0)
(0.0494271082382 0.335879710021 -2.786263459e-26)
(-0.187171925212 -0.0566326058086 0)
(0.0710935378997 0.248677478667 0)
(0.127288179386 -0.199526599876 1.30168343829e-15)
(-0.155162012808 0.218584939627 6.47726155028e-29)
(-0.280434902915 0.110723039024 -8.50347332608e-18)
(0.0491069988414 0.203828943155 0)
(-0.404344866164 0.0966886434573 0)
(0.245343627826 0.254110580775 9.55871378449e-16)
(0.0322102233459 -0.246661079282 0)
(-0.243893049307 0.186113565903 6.54283136499e-20)
(-0.232554927888 -0.161478357872 2.33799898383e-16)
(0.190308897887 -0.0958338876932 8.93487438263e-20)
(0.199360184319 0.0721724162014 -3.78523525171e-19)
(-0.0161681288519 0.386776038527 0)
(-0.174386474102 0.242836680671 -6.47726155028e-29)
(-0.140197138229 0.183327238714 -5.90411817746e-17)
(0.183884032597 0.0220355134614 0)
(-0.154865939737 0.203816132192 -2.34659833175e-27)
(-0.0712684095515 0.359743248141 0)
(0.183264552306 0.138443987174 -2.83968177064e-15)
(-0.24919108756 -0.265564182149 0)
(0.296457760204 0.154816922687 -1.0114860435e-15)
(0.0168830286052 -0.0826044561838 -3.87877084799e-15)
(0.215828472709 0.243834990067 0)
(0.140670260404 0.28150192762 8.8437673084e-28)
(0.0826598240914 0.308486721699 0)
(-0.241286105932 -0.209929961047 0)
(-0.0306389962831 -0.289448658559 1.59234613792e-15)
(0.206525820592 -0.0869337452436 -1.42513085136e-15)
(0.116640013465 0.299492194151 0)
(0.0824314060589 0.256713194214 1.10191523615e-27)
(0.0245160063519 -0.239802354034 1.25610578274e-17)
(-0.0959298255396 0.141001588157 0)
(0.157911567729 -0.114962510711 3.07612690437e-15)
(-0.0102071593242 -0.248898132885 3.14277071318e-15)
(-0.0198568227399 -0.259746548933 -3.15988279811e-15)
(-0.0779170607562 0.0642480964174 0)
(-0.0766166670392 0.0780471679346 0)
(0.25683519636 0.240769227892 -9.55871378449e-16)
(-0.228589682864 -0.185945434911 -7.73654841728e-27)
(-0.311182213466 -0.0653799566591 0)
(-0.010307283908 -0.389576120507 1.19082231405e-15)
(0.384868904827 0.0829657650414 0)
(-0.167071704846 0.211182200244 -2.3985831182e-15)
(0.198951434067 0.0389588388249 3.28970987101e-15)
(0.0268217085222 0.161563269945 -2.4128550198e-26)
(0.119943867923 0.0717515664419 -3.54549724528e-15)
(-0.366879868997 -0.124795632199 0)
(0.0963460432358 0.352598328001 0)
(0.0245892558027 0.0322199584519 3.89427831582e-15)
(-0.108217171053 0.373608272889 -7.61078425646e-28)
(-0.311313678168 -0.0511248663518 2.96656167735e-15)
(0.205136941569 0.221623885754 0)
(-0.142858626634 0.210834962596 2.26477094879e-27)
(0.185813363409 -0.10806241252 -2.82817308314e-15)
(0.0598618160037 0.25679277184 0)
(-0.295886008148 -0.0727669833533 1.07563211361e-15)
(0.117372864287 0.0128122551244 -6.69714456593e-27)
(-0.090705557255 -0.3148514681 1.32324851481e-15)
(-0.294498231046 -0.298663213837 0)
(-0.261284805467 -0.275431397332 0)
(0.21324559246 0.274408048241 -5.43893386733e-28)
(-0.151957571638 -0.0362766643622 -3.40996082688e-15)
(0.0600993343206 0.22573648036 0)
(-0.229676567921 -0.322741829568 6.86281178981e-17)
(-0.265984349723 0.103647551138 -1.19245637027e-15)
(-0.151612960687 -0.26112032219 0)
(0.25329588178 0.234117234395 5.46813565332e-16)
(0.0712133663887 0.233216222943 0)
(-0.0970894390248 -0.335685504408 -1.84522207704e-15)
(0.0389023760672 -0.210777862279 0)
(0.199326352159 0.0835294043057 -3.01866856132e-15)
(-0.268101962333 0.13630235035 1.24911712713e-16)
(-0.147036605809 0.260226133275 0)
(0.129401099549 -0.160256405218 -3.2908475205e-17)
(-0.146697436106 -0.326239287315 0)
(0.184691357573 0.0330849968689 -3.28970987101e-15)
(-0.0609960254473 0.333949977172 0)
(-0.295734695368 -0.0868634844755 -4.00837353683e-18)
(0.117100836883 0.248244646619 2.33840173051e-15)
(-0.178386433219 0.148724828943 2.72588298333e-15)
(0.135822895209 -0.200986813169 1.20300801358e-15)
(0.259010728882 0.0199775968213 0)
(-0.100935894277 -0.289342952751 2.65036040428e-15)
(-0.0904747577891 -0.179352259565 -3.32584241219e-15)
(-0.237025546625 -0.0149360295155 0)
(0.222031308318 0.260891135592 -2.9048370066e-28)
(0.16519637137 -0.13052840836 -8.69633186191e-17)
(-0.169820203984 0.274450320906 0)
(0.0379969660148 0.16846697033 -3.22901914897e-15)
(0.117342701117 0.232470056521 0)
(-0.0208678594144 -0.278840415804 1.197554897e-17)
(-0.0709647978868 0.0631172206405 -1.1959562376e-18)
(-0.273075313884 -0.231861757946 -1.44192816142e-15)
(0.375508531715 0.0987464350445 0)
(0.154724717394 -0.00182392295888 3.19231546364e-27)
(-0.0882582285785 -0.327794144978 -3.72220881332e-17)
(-0.251038485563 -0.286446899878 0)
(-0.148484155257 -0.309341363093 0)
(0.149929419401 -0.0993003862367 -9.90613413837e-20)
(-0.0317407008251 -0.308476050703 -3.02809857999e-15)
(-0.219434103848 -0.260268672292 -1.77414161598e-15)
(0.0376896912159 0.10165349621 0)
(-0.142561666752 -0.237934301543 0)
(-0.108171849079 0.0875044169105 -3.13217881044e-17)
(-0.228259936746 -0.20102979158 7.73654841728e-27)
(0.206525990975 -0.0296759922914 -3.16244572875e-15)
(-0.0843992369796 0.107226696396 0)
(0.295549956812 0.184266789163 -9.52131553958e-17)
(-0.289024343406 -0.31223384167 0)
(0.105358425482 0.308334632832 0)
(0.153340765146 -0.0132311345319 -3.19231546364e-27)
(0.207851030431 0.293868914469 9.38709751775e-16)
(0.307677570973 0.0947787581046 0)
(0.139599489978 -0.0200220303235 0)
(-0.263410329219 0.025509487542 -2.59195436963e-15)
(-0.159922867926 -0.283635916688 0)
(0.302054235959 0.170205370032 8.31399689873e-17)
(-0.311679477177 -0.274944428792 2.09466195736e-16)
(0.190507433352 0.310053757271 5.90138659624e-28)
(0.292455001345 0.0404440741658 -1.34976663178e-15)
(0.213122358895 0.0890064875645 3.01889128691e-15)
(0.265688525985 0.230960522965 0)
(-0.199973885768 -0.00912237686673 -3.08638798258e-15)
(-0.038607824245 -0.28105929909 -3.01469119339e-15)
(0.220715652815 -0.090203067344 1.43719923869e-15)
(-0.221554303242 0.318719694044 0)
(0.275805830617 0.0260578292389 0)
(-0.230876607193 0.244140289974 3.15571634884e-16)
(-0.0598246261741 0.352377814615 0)
(0.161415631906 -0.187017729196 1.10144604177e-15)
(0.292206103577 0.0500955539813 -9.1608134714e-17)
(0.0535840352679 -0.183161318024 0)
(-0.249693019888 -0.00800229798858 1.20687200404e-27)
(0.227347280726 0.0187243802544 3.09204594712e-15)
(-0.0278001023511 -0.251345853403 4.70133331216e-15)
(-0.187116822997 -0.113281505725 0)
(-0.190810095595 0.169276367057 2.52646343468e-15)
(0.213356870552 0.0340332289602 0)
(-0.211396677624 -0.0563753181917 2.95267553643e-15)
(0.0490919251638 0.108205030581 3.1984264942e-27)
(-0.159925922361 -0.29854589966 0)
(-0.194040999202 0.135323393057 6.19976425117e-17)
(0.293516088216 0.166603564517 1.80691580445e-15)
(0.340614193355 -0.0748851539254 0)
(0.127248707504 -0.0155221275801 3.6614046985e-15)
(-0.0261751156932 0.379954827296 3.89546280982e-28)
(0.168655462561 0.0046447829353 -3.40584371637e-15)
(-0.0249664560093 -0.0863090954683 0)
(-0.192995951468 -0.273963271475 -9.65599437229e-16)
(0.243070186395 0.0245699128482 -3.09204594712e-15)
(0.0622658666917 -0.188319992623 0)
(-0.128218406301 0.363176296095 0)
(-0.211915555964 -0.0289948304303 -5.86783721849e-15)
(0.109336942109 -0.0584747602935 -3.61585333706e-15)
(-0.0925937172085 0.3715865648 1.30353255616e-15)
(0.0493645204945 0.161538965651 3.22901914897e-15)
(-0.0733116069185 0.140845522475 1.20826279281e-26)
(0.0587864416263 -0.205092334046 0)
(0.161839587536 -0.102177121407 0)
(-0.224094936886 -0.0355559151025 5.67288284738e-15)
(0.276068348413 0.034590759577 -1.45892847706e-15)
(0.0483962752622 0.0701771096368 0)
(-0.287609513721 0.170228220615 -1.58068577696e-17)
(0.0349302816253 0.0141345715348 -3.93431960935e-15)
(0.117082665724 0.281854531675 0)
(-0.276684143231 0.0322735295804 1.19069208134e-15)
(0.0979275123537 -0.054050061499 -3.72452999419e-15)
(0.152179809127 -0.202381989227 9.97377049374e-16)
(-0.250171692504 0.00537312245012 -2.60147287333e-15)
(0.094259909365 -0.0789687023224 0)
(-0.249326794211 0.255027357634 4.76343733128e-16)
(0.0369252612352 0.0637187574606 0)
(-0.311397825692 0.136046709109 0)
(-0.119304496696 0.355662436388 4.87842173645e-27)
(0.308722482842 0.0853164375991 -8.35476704315e-17)
(0.124456315585 -0.0388776758164 0)
(-0.0846496449957 0.147675600005 -5.76061537645e-27)
(-0.050099576794 0.306683511166 0)
(0.197808825315 0.0173420884673 0)
(0.169676374684 -0.117517005494 0)
(0.292214628745 0.0704720968497 0)
(-0.198710231622 -0.120676373723 0)
(-0.107097555972 0.348919795588 1.55412871289e-15)
(-0.140567753516 -0.0295348213078 3.40996082688e-15)
(-0.236642545801 -0.0284473707027 -2.78652238894e-15)
(-0.0955917105767 0.10075906178 0)
(-0.374118296359 0.0502121339371 0)
(0.138636583815 -0.138278463526 0)
(0.0267525971899 0.147811644007 3.37153454896e-15)
(0.135722311919 -0.217161180391 -1.00834395281e-15)
(0.0257705457245 0.069633448527 0)
(-0.140494209449 -0.0162929484534 0)
(-0.0958358787596 0.127361704099 3.27092138546e-15)
(0.0260973747217 0.082321941071 0)
(0.0469371861957 -0.216566424621 0)
(-0.208440133905 0.325196650322 0)
(0.0601788190368 0.210990225271 0)
(0.0605986853405 0.182322096717 0)
(-0.0365669980152 0.385550079457 1.55917789612e-15)
(0.0235266576401 0.00752082954489 3.93431960932e-15)
(0.198807786751 -0.109695252455 2.82821133187e-15)
(0.16977406059 0.0158630043751 0)
(0.0670087133121 -0.210079887409 0)
(0.158076867348 -0.147363749244 3.20208722884e-17)
(0.0508746217897 -0.240314402119 -2.9935385097e-15)
(0.0380229296425 0.141113231873 -3.37153454894e-15)
(-0.111025419635 -0.180316367375 -3.14165491012e-15)
(0.137950375811 -0.0317408599399 0)
(-0.262949613754 0.0122088843398 5.09821858881e-15)
(-0.405349338087 0.0754447888161 4.19836918756e-16)
(0.048501431049 -0.283836341333 3.97012064499e-15)
(-0.122094921684 -0.205024844664 -3.01121316335e-15)
(-0.231728463621 -0.253445756716 1.77414161597e-15)
(-0.171496809435 -0.274636877765 0)
(-0.238212647843 0.0247037954725 -2.69199684762e-15)
(-0.324435380117 0.0930674827444 1.76953938694e-15)
(0.0493212031426 0.14787007914 0)
(0.139856174681 0.298932774136 -1.8802677831e-15)
(-0.219664730388 -0.164455543137 0)
(0.127435800639 -0.232561254829 0)
(-0.276055390924 -0.166375534774 0)
(0.212553300255 0.0233315008966 0)
(-0.30658216718 0.221468190413 1.51545496885e-15)
(-0.254507538095 -0.202366693219 0)
(0.0264519428828 0.107932461141 0)
(0.0267420229014 0.189620740952 -3.10915152749e-15)
(0.0608061375709 0.141154213819 0)
(0.105779981689 0.22493266288 2.62020436848e-15)
(0.28931919777 -0.0075605233005 0)
(-0.268508697552 0.144978509654 3.21732166587e-15)
(-0.256140044209 0.165402359937 0)
(0.291616303012 0.0804156169305 2.47393859497e-15)
(-0.307455111488 0.0718061830438 0)
(-0.0844474206037 0.12063122315 0)
(-0.084435764721 0.0423528220878 3.68566278704e-15)
(-0.293975635792 0.0920978028208 -1.08452113815e-15)
(0.303484887488 -0.0837646840909 -2.09732465882e-15)
(-0.225850100857 0.0308915098303 1.28463474759e-27)
(0.204352407819 -0.0404445022394 0)
(0.0266291066206 0.121059931979 0)
(-0.188045881814 0.0104706308735 0)
(0.0352524457797 -0.107369330077 0)
(-0.227403467904 0.122589891058 2.48646197139e-15)
(-0.152040514021 -0.00967454283106 3.33929784397e-15)
(0.0106933777217 -0.0246426159731 -6.33123711985e-18)
(-0.237884357492 0.0115154292795 0)
(-0.00648129569439 -0.112479279311 0)
(-0.0955382697673 0.0875372563887 4.78488753641e-17)
(-0.199348272134 -0.049564370933 -2.95267553643e-15)
(0.0227821546521 -0.00508995280397 3.96924543246e-15)
(-0.106763584282 0.081147117629 3.45487159359e-15)
(-0.265688198863 0.0902044226368 1.17824815805e-15)
(-0.11433949644 0.363198332178 0)
(-0.317493810772 -0.263932992428 3.88281293679e-16)
(0.0606363261821 0.168375247668 0)
(-0.278159251095 0.0708960609516 -2.30498851249e-15)
(0.0596417526368 0.361885010061 1.21412093205e-26)
(0.112568293334 -0.0344375030884 6.70185163718e-27)
(-0.153947777508 0.12153791541 -3.04562744249e-15)
(-0.0806868239074 -0.308274690976 -1.29524341053e-15)
(0.289137669583 0.103311495404 0)
(-0.047171726037 0.378187557412 -1.55917789612e-15)
(-0.252299671166 0.0834120467022 -2.55880513785e-15)
(-0.102362573471 -0.255532483937 0)
(-0.142207730325 0.12800394735 -6.24882277664e-17)
(-0.307995515647 0.0858071859136 1.09254243253e-15)
(-0.0349881017123 -0.225511739267 -3.27501652869e-15)
(0.157386968656 0.0320310435327 0)
(-0.252840456911 0.109753234818 -1.28889305006e-15)
(-0.204121343937 0.284689695329 0)
(0.15654538429 0.020655787134 3.52440886555e-15)
(-0.0842290325316 0.333347194879 -8.03429993067e-28)
(-0.049642378327 0.325420931355 0)
(-0.0425353747578 -0.200657173157 3.36517608198e-15)
(-0.0612439516665 0.297730306639 -1.03844647369e-27)
(-0.15046282681 -0.276334573563 -2.29477407149e-15)
(-0.178572981557 0.162291201186 0)
(0.122563965021 -0.0509700653165 3.61585333706e-15)
(-0.251946329415 0.0704284111838 0)
(0.17103938384 0.0381041515522 -3.06714989767e-27)
(-0.388917313341 0.130536661711 0)
(-0.216710058647 0.154803208176 -9.70556727353e-19)
(-0.226110417233 0.0440304408922 -2.76031182883e-15)
(0.0492704980427 0.121244265675 -3.1984264942e-27)
(0.24380061194 0.0556218608382 0)
(-0.184102975311 0.283416385711 1.76802157534e-15)
(0.15259868384 0.272743709995 0)
(-0.198449650594 0.308012731398 -6.30995052779e-28)
(-0.32983210409 0.136297891839 -2.77287923881e-17)
(-0.196603352104 0.321555742252 6.30995052779e-28)
(-0.162662774305 -0.252016884718 0)
(-0.167882906698 0.347425395686 1.91056795481e-27)
(-0.0920506755073 -0.281000282537 -2.65715622263e-15)
(-0.394684099473 0.117517930073 5.19216662008e-16)
(-0.0952317341218 0.357722753006 -1.55412871289e-15)
(0.107218812752 -0.0710371697507 0)
(-0.254238680453 0.215362092072 0)
(0.213908428835 0.0664254028667 0)
(0.228346952764 0.0397589479384 0)
(-0.355664538189 0.055474447524 0)
(0.0605681879256 0.101945846194 3.5295108547e-15)
(0.0607173071674 0.127861351521 0)
(-0.17806492085 0.121913489435 -5.73828923817e-15)
(-0.0833522176507 0.350867022323 8.03429993067e-28)
(-0.163623567843 -0.0295224910809 0)
(0.257874013174 0.010101841223 0)
(-0.238827734527 0.0506567132868 2.76031182883e-15)
(-0.112102077233 -0.229917237555 0)
(-0.260313464878 0.270772578973 -1.02773062914e-15)
(-0.108206868294 0.332659674887 1.74228636915e-15)
(-0.166087851057 0.128399550156 2.90720565367e-15)
(0.36247861468 -0.0597385706225 -1.94251899013e-15)
(0.0334948395658 -0.335002690198 1.88524891762e-15)
(-0.112018740322 -0.263970989952 0)
(-0.106795802111 0.00350494449985 3.31734732482e-27)
(0.2267002464 0.105873431807 -1.37808005985e-15)
(-0.0270628027361 0.362523755196 -3.89546280982e-28)
(0.153215631956 0.255926271825 0)
(-0.223765691885 -0.0491616698792 -2.75454332622e-15)
(-0.0570190813256 -0.109495492979 -3.58064777254e-17)
(0.0379082058152 0.127725601138 0)
(0.171609708455 0.0494189113712 3.06714989768e-27)
(-0.118255515931 0.0877225094702 0)
(0.228306523987 0.0718152503839 2.87782629029e-18)
(-0.132789426907 -0.230074946183 0)
(-0.2248019999 -0.00862057373437 0)
(-0.347143041707 0.156463533531 -5.93303804057e-16)
(-0.108092672699 -0.0765188026235 -3.63036161027e-15)
(-0.295049469014 0.104899780385 1.6778511572e-17)
(-0.214005750681 0.0633101523366 -8.9938797871e-17)
(-0.163632605062 -0.0162442594201 -6.59725735856e-15)
(-0.0755703538513 -0.0550604395613 -3.82116619243e-15)
(0.127260501692 -0.0917008473337 0)
(-0.267677791261 0.130713334731 0)
(-0.349462001704 0.1968418367 0)
(0.226309634177 0.00842347539125 0)
(0.347723179507 -0.0664104867526 -2.77417981091e-15)
(0.275217112268 0.065306962092 4.43636335566e-17)
(-0.0958130073418 0.324427718806 0)
(-0.164050077828 0.0231834348219 -2.98506757862e-27)
(-0.202951006218 0.331433786295 0)
(-0.0656641350445 0.386905218075 -9.002886976e-16)
(-0.184207875072 0.329355861456 -2.23199755899e-27)
(0.0487515043016 0.0827563522586 3.67195639685e-15)
(0.365626326663 0.10748225333 -5.97037204442e-18)
(0.352007066496 0.115975245865 6.39109432271e-18)
(-0.119710530519 0.272138166185 0)
(0.303738491281 0.15132676817 0)
(-0.198901799625 -0.376481651067 0)
(0.194801298275 0.308471244257 0)
(0.128307327609 0.307641166356 1.8802677831e-15)
(0.0491409520984 0.189504387581 0)
(-0.213754138548 0.050244052868 0)
(-0.236284152915 0.255225499885 -1.70159487674e-15)
(-0.0396339415309 0.23324090304 0)
(-0.23973000209 0.102868007545 5.05887904714e-15)
(-0.0856635830308 -0.035383614927 0)
(-0.253986188503 0.241124962053 0)
(-0.181474256884 0.250523862672 -8.31075544827e-17)
(-0.0962918658445 0.306188882627 -2.07533142954e-15)
(-0.264709004121 0.064395584661 0)
(0.177298675697 -0.132794169333 -8.73308154571e-17)
(-0.0998991950918 -0.156267209996 0)
(0.0374331020831 0.088823599612 -3.67195639685e-15)
(0.202695965727 0.253068738078 -1.85810491995e-15)
(-0.2555867232 0.292852021626 -3.6067593414e-28)
(-0.185377799541 -0.411591051508 0)
(-0.227201701506 0.109239519605 -5.24901027528e-15)
(-0.16355172333 -0.0566498925528 0)
(-0.239097336918 0.0637620264925 0)
(0.00991864113961 -0.226839918675 -1.64796853462e-15)
(0.00181559955442 -0.219744732092 3.28929600992e-18)
(-0.201914031207 0.0827031918232 5.75591819663e-15)
(-0.326486218387 0.10604929339 8.9918503704e-16)
(-0.293158587124 0.223373733891 -4.85849764301e-16)
(-0.211459357273 0.221153738582 0)
(0.11093444891 -0.24814183827 1.94733061391e-15)
(0.0793385990961 -0.10046338874 3.61999637245e-15)
(-0.310103538826 -0.0940717232655 2.90462695139e-17)
(0.0722550604944 0.147833711486 3.27541575267e-15)
(-0.405653473356 0.0907930404871 -4.21656898293e-16)
(-0.271649688913 0.249251209902 0)
(0.224471071898 0.277812050912 5.33399146107e-28)
(0.0718133731435 0.189247600582 0)
(-0.107696486502 0.189514672534 0)
(-0.196459018984 0.276351646256 -3.44355469491e-15)
(0.354843124813 -0.0668053189444 9.45812391705e-16)
(-0.228101007362 0.149529624156 -2.47352496867e-15)
(-0.214943576413 0.128993097375 -2.6672480339e-15)
(-0.215227187714 0.142492473443 2.47346799485e-15)
(0.0471178810214 0.0331141838406 3.87780499618e-15)
(-0.180835014861 0.33970423555 2.23199755899e-27)
(-0.112038348899 -0.21313901413 3.01121316335e-15)
(-0.0804073478899 0.378972071049 0)
(-0.0972189938766 -0.0693099726189 3.63036161027e-15)
(-0.33203767535 0.149951494462 -1.70723802229e-15)
(0.198252230894 0.106983463659 2.92020329379e-15)
(-0.240357495103 0.129442301926 -2.48700872808e-15)
(-0.292531848851 0.0650659708043 2.30498851249e-15)
(-0.0842651683181 0.297514227182 2.07533142953e-15)
(0.0938596361126 0.248484396121 2.44830608139e-15)
(0.275788460942 0.0556950318207 -2.92329046749e-15)
(0.117793755517 -0.131068802643 -3.28328290935e-15)
(0.0251063544502 0.0447311563138 7.05040692596e-27)
(-0.0515332038145 0.0505308162812 1.7962849205e-18)
(-0.199473348312 -0.0360241618809 2.98147676006e-15)
(-0.201691143317 0.06956255267 2.89820489695e-15)
(-0.228714548596 0.163619131877 -2.35395515257e-15)
(0.0529333936351 -0.0464241256189 0)
(-0.251892773927 0.263842342033 0)
(-0.107533619988 -0.0492171799626 0)
(-0.22075848662 0.316906175736 0)
(-0.169163379305 0.257501313293 2.05127789549e-15)
(-0.0843101440242 0.0810620297483 -3.50272046894e-15)
(-0.252577586222 0.282991812221 5.5138689601e-16)
(-0.189735955539 0.0890154657425 -2.92076527586e-15)
(-0.201050462782 0.0434582989661 0)
(-0.2789700304 0.0839614672244 -1.17537225586e-15)
(-0.372822626676 0.0378142425518 -9.42663622024e-16)
(-0.153197539932 -0.229191324862 0)
(-0.130116325032 0.107715704713 -5.93891902503e-17)
(-0.118788002067 0.127634715298 0)
(-0.281435952239 0.124604070982 8.52826533799e-18)
(-0.274181355742 0.274192407653 0)
(-0.346447524586 0.172576749791 -8.40469908149e-16)
(-0.108438807789 -0.0904353429314 0)
(-0.190333729359 0.128728302395 7.91446358494e-17)
(-0.0968712502666 -0.0557198553289 -1.67293892503e-27)
(-0.32311431917 0.0654022240503 6.71034853357e-17)
(-0.107833380243 0.377010216023 7.61078425646e-28)
(-0.193099289005 0.227580964385 2.1562204088e-15)
(-0.153736505367 0.108143862474 -3.13910109675e-15)
(-0.209573330869 0.327750125076 -3.27103689461e-28)
(-0.180655096602 0.234289798076 7.59055450233e-17)
(-0.11878823307 -0.0698270130098 0)
(-0.0732125997637 0.0875009536409 6.40722199592e-27)
(0.158193395951 0.0547923896571 3.44277405227e-15)
(-0.0994176971768 -0.141056768871 0)
(-0.358716154346 0.176499281782 1.6499317681e-15)
(0.0919730047345 -0.0920698082835 -7.18611790899e-15)
(-0.118386943358 0.100985844678 -5.53721002043e-17)
(-0.0727350352976 0.306319190578 9.26606196334e-28)
(-0.33400013507 0.179858381443 -1.56800247444e-15)
(-0.073191176769 0.100671842158 -6.40722199593e-27)
(-0.200798714309 0.0303715793869 0)
(-0.11893631507 0.141249291954 -3.11227202792e-15)
(-0.084337776709 0.0680223055326 7.19991213282e-15)
(0.19668818621 0.0065071752676 0)
(-0.177861253595 0.108596743298 7.53974060755e-17)
(-0.130294987899 0.12115052982 3.10811567025e-15)
(-0.297432028514 -0.198982520953 8.27500486819e-17)
(-0.130852065505 0.16187436092 -2.93810374443e-15)
(-0.342637701168 0.207917362303 0)
(-0.110641865897 -0.164550878811 -1.47101299878e-27)
(-0.20235312025 0.108947154002 -2.75940924386e-15)
(-0.200173063739 0.00407715580896 2.76669061984e-27)
(-0.10714713239 0.120833597489 -3.27092138546e-15)
(-0.265388444064 0.291790688626 3.6067593414e-28)
(-0.191147877062 0.204620869055 1.32915287174e-16)
(0.114106942407 -0.0223959450698 -3.66140469851e-15)
(-0.0734432764758 0.168386583462 -5.59525811818e-27)
(-0.0732781371061 0.127212122708 3.3932174232e-15)
(-0.214454925932 0.0893999719742 -5.58295717949e-15)
(-0.21137564433 0.28507344541 3.26461421906e-15)
(-0.0615454976734 0.280264186922 2.36287558591e-15)
(-0.240677845738 -0.177506113716 9.7383132852e-28)
(-0.224374073715 0.306712104355 0)
(-0.0961558341366 0.168491039785 -4.39593336783e-17)
(-0.0723083501466 0.324612841719 -9.26606196334e-28)
(-0.107479919063 0.147878900762 3.11227202792e-15)
(-0.203149555336 0.162685573447 -2.52646343469e-15)
(-0.0843946193473 0.280092858371 -4.16594048071e-17)
(-0.106710927451 0.0680521915869 -3.52841150544e-15)
(0.327936330854 -0.0818499842646 0)
(-0.0472248512118 -0.116029374563 3.75152420421e-15)
(-0.202818320141 0.148981045671 -2.64575022674e-15)
(-0.184218152131 0.300240696651 1.55138466735e-27)
(-0.107582421803 0.161688559291 -3.03975185344e-15)
(-0.247673955951 0.302037072831 0)
(-0.245397760383 0.303549186188 0)
(-0.310394875868 0.225180843395 0)
(-0.107141363059 -0.327042404989 2.08449004016e-15)
(0.173680344716 -0.126089148847 -2.96025599942e-16)
(0.284202152343 0.137980558506 -1.25345319894e-15)
(-0.0275789695971 0.325871911493 -2.03548152683e-15)
(-0.241415980802 0.307900388545 0)
(0.0603066073341 0.0892219909882 3.62337079725e-15)
(-0.0285887829298 0.225915248866 -1.31142015183e-27)
(-0.096201378095 0.182504328903 2.94994251927e-15)
(-0.121849704436 -0.18878862529 3.14165491012e-15)
(-0.195740034888 0.259381527143 -8.07803826572e-17)
(-0.182858236943 0.340835178028 0)
(-0.202520192726 0.122223312411 5.41918698254e-15)
(-0.27463859126 0.234027377606 0)
(-0.226853412915 0.083110002852 5.40174740718e-15)
(0.0380139193869 0.182498543181 3.10915152749e-15)
(-0.038979062483 0.298039278544 2.24861856712e-15)
(0.00933993602965 -0.154222289265 -3.6553052626e-15)
(-0.215996629748 0.169927744713 2.35384592762e-15)
(-0.0395108021753 0.248443108491 2.62624527672e-15)
(-0.141695070957 0.101342540404 -6.41094608746e-17)
(-0.220016755826 0.229799051976 -1.98602856582e-15)
(-0.281373629779 0.261433048251 0)
(0.113927282409 -0.145288307606 3.10780649223e-15)
(-0.218861059393 0.213835683519 -4.21718493035e-15)
(-0.231043027044 -0.156140965197 1.07655490837e-27)
(0.284443030153 0.193014914633 0)
(-0.0286756285407 0.211199944544 1.31142015183e-27)
(-0.0175926326471 0.204026195673 1.10852767815e-26)
(-0.216716297233 0.184311812272 -2.30751406293e-15)
(0.277810929362 0.178305369008 -1.74490723116e-15)
(-0.11790445682 0.0098915646856 0)
(-0.210832356907 0.300530441596 0)
(0.118709727275 0.0361396558312 -6.57258847861e-27)
(-0.073452053471 0.18248240956 5.59525811818e-27)
(-0.0505553300813 0.256057332831 0)
(-0.0957408841739 0.0100411556134 3.72044711325e-15)
(-0.017733618718 0.147614867833 -3.38315285492e-15)
(-0.214657041047 0.102548775967 5.42989774251e-15)
(-0.239491067726 0.0896059743439 -9.51380106072e-17)
(-0.072881217247 0.27189781941 -3.80447298909e-17)
(-0.0954510275203 0.0616261133555 -4.93060554221e-17)
(-0.204840923496 0.205553913631 4.39473834951e-15)
(-0.0288710742808 0.127245128309 3.47136748668e-15)
(-0.084706739419 0.161541837747 3.08371118712e-15)
(-0.0860093465168 -0.0487023345979 0)
(-0.0301439513501 -0.159234146016 0)
(0.072189645444 0.108441643755 -3.5295108547e-15)
(-0.226700253193 0.069986026163 -2.80826609908e-15)
(-0.0867932214605 -0.0758598357504 0)
(-0.0176496492215 0.189604253021 -1.10852767814e-26)
(-0.204015859954 0.190690246682 2.30751406293e-15)
(-0.0503772723286 0.272202463785 0)
(-0.229702674187 0.317148604477 0)
(0.359822567447 0.100870266954 -1.62128390854e-15)
(-0.165566940176 0.101783766648 -2.99903692816e-15)
(-0.0730188577068 0.255783749881 -2.5125366417e-15)
(-0.189943016962 0.102219895003 2.92363952208e-15)
(-0.328204708164 0.228745930804 -1.36712368351e-16)
(0.0833922761907 -0.181881962929 5.4982268597e-17)
(-0.236639004776 0.298749896732 0)
(-0.190504930604 0.142124866931 -8.0132756585e-17)
(-0.0927677700374 -0.264187994668 0)
(-0.0283658720912 0.256326918045 -5.26755334182e-15)
(-0.0176741469424 0.161472168679 0)
(-0.119222002978 0.168649312755 2.93810374443e-15)
(-0.167572496486 0.226191489975 -4.53845812695e-15)
(-0.0391746435537 0.280594484612 -2.44364122608e-15)
(-0.208300038573 0.252723987811 -1.88738995835e-15)
(-0.120457415627 0.323995806841 -1.74228636915e-15)
(-0.0287722164198 0.168364972615 0)
(-0.264432546796 0.0511336624464 -2.56202317788e-15)
(-0.192260710364 0.212080991097 -2.24138567854e-15)
(0.217500484464 -0.0232963602835 -1.14497641751e-16)
(0.0459517191193 0.00868570512751 0)
(-0.0887621140416 -0.133039672697 1.61757407701e-27)
(-0.221184226454 -0.13470484065 -2.57766489102e-15)
(-0.119303994806 0.182550586721 0)
(0.23061072337 0.266220034392 -5.33399146107e-28)
(-0.171481288939 -0.310184260043 0)
(-0.0174088999941 0.24865797186 2.6413080651e-15)
(0.0711921386401 0.335773643923 4.2866731414e-17)
(-0.251057254623 0.0314450345856 5.28395121725e-15)
(0.17182918651 0.0722570497263 0)
(-0.285871102374 -0.282949237018 0)
(-0.207237613855 0.236157283886 1.98602856582e-15)
(0.0598057712816 0.0643226589123 0)
(-0.0128355360175 -0.287766604881 0)
(-0.333358442514 0.215739831774 -8.18930447716e-16)
(-0.327124935419 -0.0727402278582 -9.01345587521e-16)
(-0.0282182066208 0.272469680056 2.44364122608e-15)
(-0.22321119631 -0.296171898619 -6.78634166792e-18)
(0.216512320922 -0.100448708218 0)
(-0.0178413879134 0.12069446848 1.29062338794e-26)
(-0.028804151438 0.140815341473 0)
(-0.0984325638821 -0.111476727646 0)
(-0.122600080881 -0.238360042402 -1.2518880916e-27)
(-0.0618150864149 0.248195716187 0)
(-0.0959376143768 0.271885637985 -2.28317145121e-15)
(-0.129195955894 -0.0096932759059 0)
(-0.234623476786 0.205640428976 0)
(0.0487881362119 0.233428507644 0)
(-0.0175070537525 0.233416106116 0)
(-0.0844989819343 0.247960714581 2.5125366417e-15)
(-0.117980028669 0.0617057383458 1.58092857325e-27)
(-0.142388023191 0.141552316569 0)
(-0.102229720271 -0.238227696508 -2.99417702465e-15)
(-0.130716541265 0.148159772251 0)
(-0.119493147952 0.255746965929 -5.47887267737e-17)
(-0.028728335196 0.182522992559 0)
(-0.132704942864 -0.213523396409 2.8625798988e-15)
(0.191669637699 0.230274833809 0)
(-0.129673418904 0.0813849098189 3.28495406164e-15)
(-0.275452601011 0.281073012822 0)
(0.259767065748 0.231354976261 0)
(-0.142670012941 0.168830265752 0)
(-0.0963161525416 -0.0290409145197 -3.6823767452e-15)
(-0.25927646883 0.292992752406 0)
(-0.0290162833746 0.100854978143 0)
(0.237562732882 -0.0811008159832 1.34489881666e-15)
(-0.0182368036141 0.0815655296395 0)
(-0.130968730401 0.189562073454 0)
(-0.109222318021 -0.119180259304 3.44465753056e-15)
(0.0837384008427 0.0895905999629 0)
(-0.0171186134344 0.280918654061 0)
(-0.171635322457 -0.259256345355 -2.20796383228e-15)
(-0.107028565666 0.107400189823 3.31797184808e-15)
(-0.300542681287 0.249092155376 0)
(-0.0489785880635 0.361473745893 1.78282090193e-15)
(-0.0184694111604 0.0687082620407 0)
(-0.0847897516404 0.189498802083 -2.94994251928e-15)
(-0.029163949734 0.0877962698782 0)
(-0.0823021731356 -0.291258672276 -2.79291299799e-15)
(-0.223521177475 0.261752951519 1.70159094089e-15)
(0.306100415817 -0.0875177736114 0)
(-0.235318592866 0.238727097523 0)
(-0.251364868118 0.0445811044579 2.56202317788e-15)
(-0.311168749347 0.246627964373 0)
(-0.0523083976002 0.0108155146369 0)
(-0.0179651307168 0.107433170077 3.60326435504e-15)
(0.193828612422 -0.122347792774 -2.70826736039e-15)
(0.106058358079 0.0297789971401 3.70939618165e-15)
(-0.293701729384 0.261852945344 0)
(-0.107885936807 0.297599589572 -3.8377920548e-27)
(-0.0954894969282 0.0486555932401 -3.58896956513e-15)
(0.0940378489287 0.0351014792644 -3.70939618164e-15)
(-0.31719482609 0.170159688555 -1.284108672e-16)
(-0.107621569829 0.24789532411 4.80012005092e-15)
(-0.154653053739 0.189666288198 2.34659833175e-27)
(-0.0131946254406 -0.065166842185 0)
(0.0335627313268 -0.0105174660681 0)
(-0.17108211464 0.323326354154 0)
(0.0722413084273 0.161394236497 0)
(-0.181215750968 0.234528111151 0)
(0.0364853460449 0.0512118866917 0)
(0.19315579544 0.199573107738 0)
(-0.129540850767 0.0682422450371 -3.35422905284e-15)
(-0.123004893852 0.373780685024 0)
(0.171226180413 0.107820108702 3.13980514322e-15)
(0.185002661187 0.101400610124 -4.70784180065e-20)
(-0.141497264164 0.0880598353875 -6.50526545676e-15)
(-0.31781864586 0.233864605121 0)
(-0.290797391735 0.213331148477 -1.5174188682e-15)
(-0.290928045267 0.239190293774 4.76615017903e-16)
(-0.311261638822 0.127271410294 -6.27220950231e-17)
(-0.166264527754 0.141850085217 -2.87201555506e-15)
(-0.152046530751 -0.0497254396738 0)
(0.0126480257172 -0.124549224081 0)
(-0.293510487274 0.266142799369 9.37502252378e-16)
(-0.101236729641 -0.305920198904 2.409748116e-15)
(-0.310154636893 0.248739670554 0)
(-0.166695802424 0.18280861102 0)
(-0.158928140408 0.103855902535 -5.73844004444e-17)
(-0.119883398104 0.151653179455 1.25788221861e-17)
(-0.107898612558 0.280167153174 3.8377920548e-27)
(0.0723451104656 0.121371334848 0)
(-0.0747900509902 -0.0285316809383 -3.83499097076e-15)
(-0.0959727875602 0.255628437168 -2.42554120013e-15)
(-0.213080564742 0.0240848138958 0)
(-0.276978779811 0.219394831883 0)
(-0.303593994022 0.192053329887 -1.67983400061e-15)
(-0.120562436816 0.306475121407 -8.34395083842e-28)
(-0.117932920351 0.048683058314 -1.58092857325e-27)
(-0.14279126601 0.182635065215 0)
(-0.190428700347 0.339630321544 0)
(-0.109632749143 -0.133895187213 3.35952832023e-15)
(-0.263918206342 0.283849123672 1.16821838105e-15)
(0.071697126354 0.203507708526 0)
(0.198163255439 -0.126723669303 4.35189493835e-17)
(0.054762437629 -0.118156673004 3.63198995736e-15)
(-0.0379433075512 0.353620845303 -1.78282090193e-15)
(0.183702017234 0.125858034912 0)
(-0.375591356121 0.121866270267 0)
(-0.110316474062 0.362937568318 0)
(0.287832831221 0.113882144707 1.07595988054e-15)
(-0.0410437131013 0.0301674798885 0)
(0.0583843531135 0.0275935188837 -3.82664823263e-15)
(-0.0278497421985 0.30705802649 -4.51270152267e-15)
(-0.0701246318635 -0.317868081772 2.28667774668e-15)
(-0.0266304700955 -0.233205696043 1.63748239379e-15)
(-0.188245806024 0.0235731548423 3.14990261532e-15)
(0.0212258801333 -0.0301354537535 -3.97489940773e-15)
(-0.300481478162 0.259253659569 -1.1435126251e-15)
(0.0334192672128 -0.12162663792 0)
(-0.076019326379 -0.0686049653075 3.78866552416e-15)
(-0.0401869398156 0.0812916845829 -6.72916543705e-27)
(-0.163204830947 -0.236724689118 0)
(-0.141034364323 0.0619428824975 6.67931428591e-17)
(0.0719125358629 0.0831884532267 -3.62337079725e-15)
(-0.238668847957 0.285826956364 1.3884183094e-15)
(0.375529200525 0.101414792752 0)
(-0.138054534147 -0.418580841516 3.20232347162e-15)
(0.0839814159516 0.102186818443 0)
(-0.0297626703903 0.0494365907007 3.81657416045e-15)
(-0.283702131009 0.276677134228 -9.37502252378e-16)
(-0.0515486787146 0.0490476635717 0)
(-0.0416979551692 0.00481801576734 -1.77783057632e-27)
(-0.270710468338 -0.21338222476 1.60960149481e-15)
(-0.33832192269 0.0483328162311 1.95141060758e-18)
(0.273973447185 0.0867919352248 -3.15733427575e-19)
(0.292444642107 0.020434188498 0)
(-0.0189732233742 0.0434429518165 -1.40857018532e-26)
(-0.22388767996 0.278093613167 -1.5890810995e-15)
(-0.0337486829344 -0.208023664577 -3.41039886497e-15)
(-0.275266644413 0.00639746570291 -1.14236928077e-16)
(0.209856515262 -0.0761113632363 0)
(-0.210404517778 -0.113065984044 1.25531397389e-27)
(-0.289586762109 0.198012181444 1.67996637683e-15)
(0.00898509505112 -0.0502573441533 -1.4393008687e-26)
(-0.16473830557 0.062329809127 -3.21753698317e-15)
(-0.310297939425 -0.108290155261 1.83244981741e-15)
(-0.106944240851 -0.00953796461418 -5.95558796996e-17)
(-0.106628535869 0.0422652293265 3.58896956513e-15)
(0.0839937749263 0.127903858287 0)
(-0.0739246076012 0.010351734514 -3.76956243719e-15)
(0.182060262172 0.000206848535142 3.40584371637e-15)
(0.169608349443 0.145570961915 2.83967892714e-15)
(-0.310879085287 0.112682269364 -9.06921806628e-16)
(-0.251111909395 0.278409389626 -1.3884183094e-15)
(-0.152965271836 0.0685967817878 6.50497289315e-15)
(0.131834004556 -0.22994826504 0)
(-0.0294972398696 0.0622255182744 -1.72560112822e-27)
(-0.275598314023 0.275207473837 -1.16821838105e-15)
(-0.302910737047 0.176558545866 1.69778326408e-15)
(0.351774187385 0.111496651424 1.6747497764e-15)
(-0.0385323272053 0.334699153658 2.03548152683e-15)
(0.197822115399 0.119028272154 0)
(0.0593304510194 0.0519474012276 0)
(-0.0170052374374 0.298394174421 2.26408295555e-15)
(0.179649014494 0.207722297085 2.39927050764e-15)
(-0.315556838186 0.155600330809 1.71914469917e-15)
(0.15587857262 0.166045607019 2.84730405352e-15)
(0.154208529655 0.208649604904 -1.10531131392e-27)
(-0.234796259381 0.220486676135 1.06834461889e-28)
(0.0715465323911 0.0707375880559 1.66040512084e-27)
(0.0290646108762 -0.266374278228 0)
(-0.171893860972 0.30777217036 0)
(-0.285855029424 0.167680963732 0)
(0.157548149466 0.126814565068 -1.09423016057e-26)
(-0.177041218256 0.0690717796096 0)
(-0.141262503761 -0.0983657604929 -3.37150014325e-15)
(-0.119352150689 -0.0978611163887 0)
(-0.0519925852224 0.0236521461757 0)
(-0.0394308814079 -0.152477387921 0)
(0.27406463886 0.00556590724572 -4.60910372001e-17)
(0.185852376935 0.293751827039 0)
(-0.175580904854 -0.120705977914 0)
(0.000179603236552 -0.14811690679 -4.1299125949e-18)
(-0.097999316922 -0.0972070938418 3.63787173902e-15)
(-0.0206850735707 -0.00724336982807 3.964976215e-15)
(-0.187158276145 -0.0703904843019 0)
(-0.177286814847 0.0822294787736 0)
(-0.176229273069 0.0298928116633 -3.14990261532e-15)
(0.0515518083455 -0.0593682001592 -3.24361320829e-17)
(0.324554576474 -0.0109656958465 2.26677938001e-15)
(-0.21117479985 -0.0701889505272 0)
(-0.14090059884 0.0488767184923 0)
(0.158570658666 0.0663895446965 0)
(-0.225129328785 0.00463132073175 -2.90188491643e-15)
(0.0476916589641 0.0454946508865 0)
(-0.188875895197 0.0497175492507 6.9355877842e-28)
(-0.122304966315 -0.254828172111 2.62866165477e-15)
(0.158463246683 0.0899498026646 0)
(-0.12925834476 0.0423365908921 0)
(0.0276718826107 -0.222190063047 -1.23608465208e-17)
(0.0708381128446 0.0463084298251 0)
(-0.04035806464 0.0683681206064 3.72517438301e-15)
(-0.0201555257941 0.00557552367063 -3.92816495066e-15)
(-0.0104830801229 -0.156994720442 3.65944565726e-15)
(-0.153167582227 0.0817636794401 6.94500572846e-17)
(-0.120507223831 -0.141863010885 -3.35952832023e-15)
(0.273704961062 0.0979401074115 3.15190831251e-19)
(-0.0513558718836 0.0619021962231 -3.725174383e-15)
(-0.0407491777674 0.0429532616362 -3.81657416044e-15)
(0.108037969932 0.102320139254 0)
(-0.0647612592993 -0.047998798497 7.6823352081e-15)
(0.0576506779109 0.0152916635792 3.51353615797e-27)
(-0.165340189683 0.0885170217938 3.15086133784e-15)
(-0.0165975026249 0.335196255927 0)
(-0.00774227752344 -0.127009662495 -3.7511547465e-15)
(-0.00625155723891 0.272678705416 0)
(-0.120894307008 -0.15708755343 0)
(0.272765013317 -0.00393101006565 -2.98564323689e-15)
(-0.133508808174 0.332262679804 0)
(-0.00633063639745 0.25656216447 0)
(0.241139649487 -0.0702538228849 1.43607102093e-15)
(-0.291757262832 -0.244243739166 1.56580518894e-16)
(0.228116380227 0.0828041088351 -1.43285212435e-15)
(0.0326328431423 -0.0231863052778 0)
(0.273823933157 0.190589142959 5.19766675879e-20)
(0.158866362637 -0.199907895107 0)
(0.045114155183 -0.00376488619384 3.91495947297e-15)
(0.282027611027 0.150229587463 -9.44008444362e-16)
(0.171928577986 0.083909409742 -3.16607361554e-15)
(-0.321419070543 0.0541778780041 -1.18438414497e-15)
(0.205614871772 -0.157351011554 -7.94640306533e-18)
(0.020242413105 -0.0430666235675 0)
(-0.284154066392 0.153102364139 -1.03526432697e-15)
(0.0543725018989 -0.288317866645 -7.56091891356e-17)
(0.287678203948 -0.0162475429916 1.41002687732e-15)
(-0.152359435199 0.0295297191504 0)
(-0.163657662633 -0.0703696603738 0)
(-0.152398408821 -0.0913301457806 1.49259880657e-27)
(-0.0246118017317 -0.337953389878 -1.50690135447e-15)
(0.167638184862 0.186323179578 2.55794691523e-15)
(0.0940166902164 0.232884882822 -2.62020436849e-15)
(0.105227564892 0.0178805645637 -6.74244815808e-27)
(-0.327270443952 -0.0857085114737 1.69333547647e-15)
(0.170960354894 0.120066122303 0)
(0.0791490957424 -0.198354565501 0)
(0.0768998001919 -0.114185751639 -6.56103884727e-27)
(-0.366623837795 -0.0293861540721 -2.03683474638e-15)
(-0.118527456736 -0.0561932880748 0)
(-0.10728144891 -0.035852244743 3.6823767452e-15)
(0.0818244307543 0.0286617273606 -3.79219615809e-15)
(0.0702188011907 0.0340821355084 7.61884439071e-15)
(-0.118187610481 -0.0293742409755 0)
(0.0408251401615 -0.141643084 0)
(0.340036605443 -0.0181271494432 -1.3722890471e-15)
(-0.0480339399486 -0.130664238277 0)
(0.0561464017248 -0.00904122763671 -3.91495947296e-15)
(-0.00579262142279 0.307463302538 0)
(-0.129837736167 -0.0770011962558 0)
(-0.0303450774322 0.0242012209911 -3.54902206827e-27)
(0.146951342878 -0.213853292168 -7.57640969443e-16)
(-0.399497165888 0.10934673176 -4.77923098822e-16)
(-0.129134116451 0.00339595594218 0)
(0.329473042847 0.14699036072 0)
(-0.0851159643335 -0.00921243330892 -3.73809558152e-15)
(0.0840277056671 0.141076617863 -6.51384310498e-15)
(-0.0872378171007 -0.089737806889 -7.32908157952e-15)
(0.185185663902 0.089614666919 3.16619809053e-15)
(-0.0632270109176 0.00421869984937 0)
(0.119611185178 -0.163410918283 2.98423714612e-15)
(0.095959540315 0.121385220819 -3.31326036162e-15)
(0.158435454504 0.101987837457 -3.13980514322e-15)
(0.0958583085779 0.108590274763 0)
(-0.15786490963 0.299193373376 0)
(-0.297446645286 0.133080769455 0)
(-0.213601972533 0.208330675912 -1.06834461889e-28)
(0.157224978206 0.139522919906 1.09423016057e-26)
(0.241757246608 0.00393364882659 0)
(0.242411575224 0.255151755771 0)
(0.0627392183991 -0.228150716991 -2.88228702006e-15)
(-0.11803023342 -0.0161758860446 -3.62286208065e-15)
(-0.130108185281 -0.0909602645867 3.37150014325e-15)
(0.0828876529756 0.210620752701 0)
(0.205167997949 -0.147680717017 -2.21252221859e-15)
(-0.0307536614989 0.011427319929 3.92816495066e-15)
(0.210881246188 0.00224093902483 0)
(-0.0400037317046 0.107265763224 0)
(0.169133295888 0.158652894922 -2.70553751902e-15)
(-0.0279127193828 -0.129035670894 0)
(-0.354227011998 0.0301741824165 9.2518716502e-16)
(-0.153696141553 -0.213398214377 2.69870793543e-15)
(-0.166495952206 0.169010420236 0)
(0.102728779518 -0.0963161209681 3.56612836526e-15)
(0.155434696837 0.179699714774 0)
(-0.0806966063379 0.386300189591 9.00288697599e-16)
(0.132725976668 0.0900229310345 0)
(0.0827277844371 0.225372672502 0)
(-0.298660444886 0.147787910129 0)
(-0.189113509768 0.0628195745614 -6.9355877842e-28)
(0.107332507853 -0.127428501564 3.28325618364e-15)
(0.236213522545 -0.133633288556 -8.78626126301e-16)
(0.16978059149 0.178106862756 -3.69350490637e-17)
(-0.264619220027 0.25695482654 0)
(-0.0164568523769 0.354465127998 0)
(-0.0848786888816 0.00378002381797 4.91153239403e-17)
(0.235959605589 0.175329836636 1.0521449659e-15)
(0.120047722377 -0.243817191143 0)
(0.119590775568 -0.238110528826 -7.78298803561e-16)
(-0.0882438696769 -0.118352358318 3.62430440348e-15)
(0.182418309215 -0.179991327555 1.74713251038e-15)
(-0.21281698296 0.0109456106787 2.90188491643e-15)
(-0.290767274489 0.25569442686 1.1435038545e-15)
(-0.278799069087 0.26379525407 0)
(-0.0825815358572 -0.255512871671 -2.94967989149e-15)
(0.214963657748 -0.145483797569 -1.07103319841e-15)
(-0.160092884573 0.25445555988 0)
(-0.39405194325 0.0902516418478 7.86468635516e-16)
(0.144500796098 -0.155086717121 5.57038741735e-15)
(0.0398453235312 -0.0668838968192 3.88214412877e-15)
(-0.019674403724 -0.150525473962 0)
(0.127172546109 0.162050005567 1.19436434145e-17)
(-0.122112215117 -0.138978345699 0)
(-0.322204690966 -0.264265071256 -4.2320298494e-16)
(0.120192616786 0.108583693656 0)
(-0.119700593019 -0.112165852549 -6.81992828281e-15)
(-0.0421240519027 -0.0080632569401 1.77783057632e-27)
(-0.154517345419 0.162070725511 0)
(0.176087565207 -0.184143789258 -7.83263960757e-16)
(0.0430470973036 -0.12693864376 0)
(0.173744251869 0.30291744037 0)
(-0.0960707454584 -0.0158899503778 7.42051354186e-15)
(0.0221450261853 -0.130271259991 0)
(-0.277311902215 0.0452579538513 1.17586992355e-15)
(0.0680457180623 -0.00229501324279 0)
(-0.231920973125 -0.141413235008 -1.07655490837e-27)
(0.00462327469855 0.248777680518 0)
(0.0646190623251 -0.123061956088 -3.63198995736e-15)
(-0.174914107401 0.322549756476 0)
(-0.00582553678698 0.326074170492 0)
(0.0203034243743 -0.14519148116 0)
(0.0306922034895 -0.0484657902795 0)
(-0.186245769616 -0.188932124822 -2.64981229347e-15)
(-0.0193470564773 0.0307309690719 -3.90242134863e-15)
(-0.240985799486 -0.162547243439 -9.73831328521e-28)
(-0.140881999434 -0.0701758324646 1.54988202249e-27)
(-0.0643132295091 -0.034730251083 3.83499097077e-15)
(0.0294911471088 -0.0615871865659 0)
(-0.253415621828 0.123293496477 -2.33369580654e-18)
(-0.391356574909 0.113259223272 -3.87050978957e-17)
(0.167154599417 0.200668125633 -2.39927050764e-15)
(-0.253181220743 -0.185915007812 0)
(0.0538420017677 -0.263682313829 0)
(0.0475757263808 -0.259061941332 -2.90871128224e-15)
(0.0016953840637 -0.133075159597 0)
(-0.107926584302 -0.312773846905 -2.30182193546e-15)
(0.129627045978 -0.166350473294 -2.82970536985e-15)
(0.132134370671 0.140311773047 -1.13890588502e-26)
(-0.0321944690013 -0.0269705360908 0)
(-0.0585483138963 -0.138834957541 0)
(0.171648166317 -0.146145055051 0)
(0.269824245276 0.133261460525 1.11146515378e-15)
(-0.319328718783 0.21386552376 1.2488705868e-15)
(-0.0788263968969 -0.140068253453 0)
(-0.221769486172 -0.120094526747 -2.56467283055e-15)
(-0.248646923817 -0.0347315887133 2.57731361717e-15)
(-0.174186950567 -0.228154908064 0)
(-0.223063975927 -0.0770178547024 0)
(-0.211203784011 0.183992560739 -8.86854484255e-17)
(-0.119600418196 -0.301207792175 1.13885564945e-15)
(0.178724470088 0.3193063994 0)
(0.0197907524572 -0.216083942743 1.64075308394e-15)
(0.1344718057 -0.0550940274836 0)
(-0.0456432107995 -0.0877057164382 0)
(0.338253082344 -0.0250424549062 1.52199907407e-16)
(0.153801129216 0.223758788625 2.38194744107e-15)
(0.195041853918 0.297525707518 -1.35181979941e-15)
(-0.00419787835794 -0.277097065233 -1.30824326579e-15)
(0.0295188782817 -0.150860027374 0)
(0.232436146693 -0.123717939261 1.94963899114e-15)
(0.17872157539 -0.173059424627 0)
(0.253697996215 0.140857265958 -1.20026306579e-15)
(-0.152201924071 -0.0773311826745 -1.49259880657e-27)
(-0.143111594716 -0.205483741035 -2.8625798988e-15)
(-0.289103888856 0.0133231647216 -2.39287491099e-15)
(0.1553680726 -0.157306190883 -2.7406820475e-15)
(-0.198955662871 -0.0915454132624 0)
(0.218475067875 -0.0436877270655 0)
(-0.0682662756237 -0.131989386767 0)
(-0.039891112145 0.147557645174 3.33656365277e-15)
(-0.164639632521 -0.189427421056 -2.74225308817e-15)
(0.187648396631 -0.171610038084 -5.77146516963e-17)
(0.264387914888 0.17270612543 0)
(-0.163847054656 -0.0987237632832 0)
(0.0820941859402 0.32671360249 1.94467195958e-15)
(0.238765004241 -0.112250545936 0)
(-0.182883723072 -0.25029831195 2.20796383228e-15)
(-0.154367888538 0.148463364235 2.87201555506e-15)
(0.176598238995 -0.160539413567 2.28486132322e-15)
(0.190721272603 0.246222419539 1.85810491995e-15)
(0.124141281782 -0.181735943947 -8.89513028858e-17)
(-0.349015434858 -0.193070663227 -6.07085614395e-16)
(0.092728700218 0.0113514675428 -3.78943350641e-15)
(-0.270250652473 -0.177639136648 -2.40832500884e-18)
(-0.0316469749022 -0.0139871974073 0)
(0.237154107672 -0.0265586710158 3.08352071281e-15)
(0.128667246358 -0.216611285264 -5.51703860973e-19)
(0.107511429848 0.065517509175 3.54549724528e-15)
(0.186974721482 -0.160318557172 -1.03576119145e-16)
(-0.129322687009 -0.036146765968 0)
(-0.386573589161 0.101728614773 0)
(0.230993247333 -0.102365410252 0)
(-0.337981744832 0.0356808730189 -2.03420771624e-15)
(0.183455695818 -0.147200779212 0)
(-0.243437610444 -0.133338213924 -2.24887667813e-15)
(-0.0160449904596 -0.309656397602 0)
(-0.1904647561 0.182263791014 0)
(-0.210686316028 -0.0986821732239 -2.74605410811e-15)
(-0.132178059846 0.347948856462 0)
(-0.0236469557244 -0.198443078688 6.83326600067e-15)
(0.110607234036 -0.113665092683 0)
(0.0593132436625 0.377896335944 -1.21412093206e-26)
(-0.202732315926 -0.17615035636 0)
(-0.17528802921 -0.0775079002371 1.415065293e-27)
(0.259023924725 0.0712249185847 0)
(0.271029415191 0.121285593404 3.68955605515e-15)
(0.213054847723 -0.136300694318 -2.27543701543e-15)
(-0.0384742161099 -0.137310300722 0)
(-0.261889120034 -0.013969390609 0)
(-0.175572606208 -0.181409407348 5.39206538165e-15)
(0.1513169658 0.306044955319 0)
(-0.132149260303 -0.181068143347 2.99515244143e-15)
(0.164554597966 0.280408686141 0)
(-0.152819979041 -0.120362590846 -3.13888494173e-15)
(0.0810332628804 0.0165479180116 3.78943350641e-15)
(0.10573902521 -0.174555557505 -2.98423714612e-15)
(-0.164442700315 -0.205080151169 -2.69870793543e-15)
(0.179084400338 0.222961864584 0)
(-0.0184555474784 -0.135407005568 3.7511547465e-15)
(-0.291812388934 0.0524539011509 -1.17399775604e-15)
(-0.27133431719 0.173324715489 0)
(0.247850397626 0.241816852006 0)
(0.208659355442 0.163542874768 0)
(-0.187112650546 -0.0988933256328 0)
(-0.0245669096542 -0.317983391989 0)
(-0.0530220782294 -0.0147978495444 1.77016901436e-27)
(0.0689684514469 0.00996895411324 0)
(0.047698273605 -0.305488065573 -4.42656292131e-15)
(0.0870785575163 -0.118629982503 0)
(0.124162640387 -0.148615276926 -3.10778054247e-15)
(0.0841747743843 -0.132766953215 0)
(0.0963198925745 -0.170847289289 3.11780980724e-15)
(0.166281803867 -0.0175294231549 0)
(-0.222667355175 -0.091127380644 1.03295024785e-16)
(-0.185688221182 -0.204230012956 -2.41941424062e-15)
(0.127249264094 0.325078712864 -1.73654316798e-15)
(-0.155893340912 0.249011508476 0)
(0.0156235031116 0.256715385908 0)
(-0.141272118832 0.338109581999 0)
(-0.332513371561 -0.220021534054 0)
(0.15249662676 -0.187434616762 -1.0988959841e-15)
(0.243731392369 0.0660249387735 0)
(0.160906870796 0.337384906997 1.12888717908e-15)
(0.206595216332 -0.123980164502 0)
(-0.305686192333 0.0467472654119 1.07911192834e-15)
(0.0422409262163 -0.0412598333799 -3.5752651101e-27)
(0.177910138889 0.255020839133 0)
(-0.00130049642942 -0.0446397755139 3.96912404539e-15)
(0.257062910499 0.10465891275 0)
(-0.131832978288 -0.165303257448 -3.11154396771e-15)
(0.0161028389997 0.307789449885 0)
(-0.327311920966 -0.116238991762 0)
(-0.000466044944172 -0.0315883714798 7.96026459879e-15)
(-0.15764998242 0.281835925839 0)
(-0.199041765665 -0.0774564630171 0)
(0.266137324657 0.15953942099 0)
(-0.331039968959 -0.0303586555149 0)
(0.133770704282 -0.184005371786 -8.49319516107e-17)
(0.249732201671 0.181397658843 -1.04921002934e-15)
(0.176835394412 0.271551310109 0)
(-0.3798168131 -0.0624296025342 1.34024726747e-15)
(-0.183649282108 -0.235167475814 2.2740557174e-15)
(-0.140699861077 -0.056499333944 -1.54988202249e-27)
(0.00488016594346 0.281204516262 0)
(0.100400187676 -0.155602123581 -3.23786822256e-15)
(-0.0467942901545 -0.290748387069 1.59752081107e-15)
(-0.152487105286 0.0425726368642 0)
(0.170764516162 0.317651839599 0)
(0.14958239143 -0.208517404462 1.59570675624e-15)
(0.00497702864794 0.298600042012 0)
(-0.274773171883 -0.00713839004753 -2.37968795422e-15)
(0.200998920199 -0.136012992339 0)
(-0.0399270129411 0.120580758752 -3.47136748668e-15)
(-0.176431422439 0.0429583488834 -3.19426014611e-15)
(0.0999880964332 -0.109700564786 0)
(0.0906932935119 -0.151631655381 3.23786822256e-15)
(-0.0635561703758 -0.00872007118566 0)
(-0.357656425946 -0.185351973133 0)
(-0.143096743209 -0.189370656465 -8.06025260803e-17)
(0.0663050771957 -0.274413534866 -2.14620219054e-15)
(-0.289841483039 0.0266409420826 -5.39507652737e-17)
(-0.0676216480099 -0.11732123847 -7.38834336184e-15)
(-0.369757826361 0.0127731511306 2.49427872885e-16)
(-0.0744501912343 -0.0154314188878 -1.73440988803e-27)
(0.0941312529306 -0.136977445767 0)
(0.20676112733 0.174586584634 0)
(-0.14774675246 0.224572250647 0)
(-0.186547550489 -0.257388969064 -5.71227998222e-17)
(-0.259173132962 0.194674405584 0)
(0.0551041769628 -0.0215328492148 0)
(-0.164534156496 0.0492338379709 3.19426014611e-15)
(-0.272819452417 0.188757888052 0)
(0.224597360506 -0.114011009526 0)
(-0.073409603663 -0.264090824807 2.95332910279e-15)
(-0.00581796238391 0.380066019722 0)
(0.0648226687724 -0.250827918744 -2.51740663283e-27)
(-0.129491058375 -0.0495565528001 0)
(0.163195194183 0.297106282288 0)
(0.0162207515703 0.326547796062 2.07419941118e-15)
(0.109914170885 -0.193854374311 2.75984610343e-15)
(0.0703824288133 0.354034191269 -1.73234110047e-15)
(-0.326270202455 0.229631542671 9.47650159229e-16)
(-0.174688882684 -0.212664943082 0)
(-0.164036704827 -0.113102403032 3.13888494173e-15)
(0.0715372164696 -0.254940672413 0)
(0.172841283479 0.328959162716 -1.12888717907e-15)
(-0.0534618723386 -0.0278442361435 -1.77016901436e-27)
(-0.260509553178 0.21051803492 0)
(0.149496016627 -0.171660061741 -2.58621724601e-15)
(0.0700703700109 -0.232354148034 2.88228702006e-15)
(0.252769111899 0.153597420889 -4.46827444216e-18)
(-0.235725897762 -0.0557144397094 5.40406384361e-15)
(-0.267097322108 -0.178051253598 0)
(0.00556201393614 0.335507785757 -2.07419941117e-15)
(-0.0770444950071 -0.0963617058964 7.43097052539e-15)
(-0.366545455407 -0.0425104117024 -1.24769822053e-15)
(0.235112670415 -0.0365287283631 0)
(-0.17538523804 -0.0915524213359 -1.415065293e-27)
(-0.10103632777 -0.18799309495 0)
(0.240219784237 -0.00622714569056 7.94003381928e-17)
(-0.244333993433 -0.118799820798 0)
(0.04337827734 -0.0284787792053 3.5752651101e-27)
(-0.00834029262461 -0.230295860171 1.26043623496e-17)
(0.0157083990868 0.272935490317 0)
(0.255974619043 -0.0098792470331 5.96382748818e-15)
(0.258555418147 0.0817760497562 0)
(-0.261297220013 -0.0275176750963 -1.08387028562e-16)
(0.256372921608 0.116042802183 -3.72508443047e-15)
(0.133283217054 -0.220651765022 7.41625336003e-16)
(-0.0794054179466 -0.155250419972 0)
(-0.417523305949 0.0577933089709 -4.9227228468e-16)
(-0.0450968403746 0.396376049282 1.066761302e-15)
(0.167001559619 -0.192855002021 -7.77273505117e-16)
(0.401893200072 0.0684100000101 -9.25619390755e-17)
(-0.0615826395672 -0.400146441326 0)
(-0.253874408933 -0.139639343127 2.24887667813e-15)
(-0.350297196258 -0.211126613745 -1.66132784484e-17)
(-0.19036393887 0.169798176633 7.32948063046e-29)
(-0.0398607426425 0.16144054976 0)
(-0.131042159048 -0.134605304232 1.49920199365e-27)
(0.246161707916 -0.124439559759 -9.22778926098e-16)
(0.290562023353 0.0108715117716 0)
(-0.416340891219 0.0732562622893 5.00488401867e-16)
(-0.320575667557 -0.247107511729 0)
(-0.234097095751 -0.0978509187388 5.17753838121e-15)
(-0.130700376454 -0.119844115321 6.67558034807e-15)
(-0.347909003085 -0.0628411761222 8.8103249559e-16)
(0.15561699501 0.186712394421 -1.04034487329e-17)
(0.209393670057 -0.00850412519796 -7.72528999222e-17)
(-0.235236587492 -0.069619358153 0)
(0.254028863942 -0.0200170743102 0)
(0.19782773811 0.297529823079 -7.30031235127e-28)
(-0.353408750967 0.0182576948519 0)
(0.237094385579 0.162056822748 -4.35873473864e-18)
(-0.141532297369 -0.112711045498 -3.30030959582e-15)
(0.100950621573 -0.19056492741 0)
(-0.0736898665594 -0.282842529852 5.6311314435e-15)
(0.149215345674 0.322108174582 0)
(0.30465554307 -0.018941049565 -4.07515772084e-15)
(0.0716837723901 -0.142247014686 0)
(-0.0430888068698 -0.033884644769 3.5643990473e-27)
(-0.062200609253 0.189512579936 0)
(-0.334201687546 0.155712460436 0)
(-0.345903873357 -0.208815828848 1.55577123493e-17)
(-0.0899576502088 -0.163598691468 -6.40276144844e-21)
(0.233057130788 0.2044603374 1.01135761866e-15)
(-0.15374173166 -0.181461561748 -2.91454991535e-15)
(0.155023462132 0.338604319914 0)
(-0.16144032838 0.329382643879 -5.82080834183e-16)
(0.222333668061 -0.0229391788668 7.89250159373e-17)
(-0.34885124096 -0.00830107334512 1.97503375228e-15)
(0.165611445244 0.247380277963 0)
(0.0501896452759 -0.14687106246 3.54303898182e-15)
(0.352197569329 0.132780716658 -5.87655569675e-16)
(0.0876689271769 -0.202558472077 0)
(-0.0599817733188 0.393112552799 -9.5897867072e-28)
(0.242604604323 0.0880911203528 1.42953507275e-15)
(0.192534890084 -0.0259149619614 0)
(-0.329163618685 -0.0422603446421 -1.9394625588e-15)
(-0.0733784773668 0.210954572702 -5.06473526121e-27)
(0.13747766792 0.330943370041 2.76710921561e-27)
(-0.0775844654785 -0.110594001493 4.83212318669e-17)
(0.180651107761 -0.0108545926593 0)
(0.166130878861 0.231317413962 0)
(0.0353501242296 -0.272166790207 2.70355167484e-15)
(-0.304604564108 0.0335707391081 -1.15623387782e-15)
(0.00430136279082 0.12086518225 0)
(-0.233455902944 -0.112284776019 2.56467283055e-15)
(-0.253459815962 -0.154327469811 0)
(-0.107721644585 0.203659462699 0)
(-0.305218153191 -0.237069950664 1.28534764253e-15)
(-0.365534554749 -0.07259490809 -1.13603604839e-15)
(-0.13106581948 0.203647519402 0)
(-0.0446303558864 -0.235310860301 1.54801976672e-18)
(0.159778253608 -0.173077261867 0)
(0.269033773323 -0.0225742967038 0)
(-0.0847741741307 0.203743935172 0)
(-0.0527024966696 -0.209927788734 -6.69787051514e-15)
(-0.00522804314218 0.363142307891 0)
(0.158887724621 0.326232371392 0)
(-0.330967885533 -0.237266238509 0)
(0.301558287392 -0.0294452812272 -5.24678842926e-18)
(0.0827868226137 -0.219483885295 2.74630990922e-15)
(-0.248067768947 -0.0484449263359 -1.06620413444e-16)
(-0.34725482757 -0.0485405245567 0)
(0.0620725976602 -0.137483877059 -3.54303898182e-15)
(0.211131553369 0.124595373395 0)
(-0.120563202992 0.126410972534 -2.63297247494e-17)
(-0.348418525039 -0.0211333270432 8.72386339387e-16)
(0.22402257701 -0.0124752982923 -6.28413553135e-15)
(0.382562562903 0.0808801422074 0)
(0.104707618425 0.326335731089 0)
(-0.0165535243756 -0.223065853791 1.64206779132e-15)
(-0.0961387356875 0.210837500767 -2.4602323489e-27)
(-0.300332340726 0.148368229931 -9.14908054814e-17)
(-0.0123402409743 -0.0518058678965 -3.96912404543e-15)
(0.00451446841013 0.161526065952 2.42097532271e-26)
(0.242126332263 0.0993719789141 1.37879617057e-15)
(-0.155393363902 0.233207866386 2.30633217312e-15)
(0.226147471555 0.117719019449 0)
(-0.142433898437 -0.15776590301 3.11154396771e-15)
(-0.0149969060989 -0.205628616428 -5.13576373088e-15)
(-0.0550415242119 -0.0676938730966 0)
(0.0935708913198 0.334968165267 0)
(-0.200853120971 0.252785804008 2.47740268615e-16)
(-0.333180778148 0.145290829386 2.62769323569e-16)
(0.196107578378 0.144366582007 -1.29778915456e-18)
(-0.138835045328 0.316628438098 0)
(-0.266077366503 -0.162126023674 0)
(0.115909389645 0.333633927039 1.73654316798e-15)
(-0.153656706319 -0.165855988302 -2.94829236568e-15)
(0.317321470412 -0.0396993162117 2.06541257007e-15)
(0.221141745229 0.183569872348 2.29641937815e-15)
(0.0813800155105 0.360491150518 1.73234110046e-15)
(0.164533261223 -0.0288860285495 0)
(0.319087340447 -0.0314798572521 0)
(-0.367685617202 0.000254733104345 6.62830634009e-16)
(-0.384703316591 -0.0501854630113 1.47846753468e-15)
(-0.31816606759 -0.210074532589 1.30424034831e-15)
(-0.353902041943 0.132981564684 -2.73402043909e-16)
(-0.327917833907 -0.131986945006 -7.59787533136e-16)
(0.116009215559 -0.0879112391521 6.69832115133e-21)
(0.187109897842 0.315070601887 0)
(0.105307266167 -0.247798447314 -1.9047913178e-15)
(-0.204350128665 -0.423011019774 0)
(-0.340915907155 0.209832646608 0)
(0.396128500088 0.0622329587102 0)
(-0.282769266684 -0.18825815833 -8.08406750815e-16)
(-0.209676279428 -0.142624556977 2.57766489102e-15)
(0.194299382447 -0.0150013731866 3.25860872363e-15)
(-0.0621545950597 0.203853117507 -2.90750723462e-15)
(0.175818042699 0.323872224911 1.64497043655e-27)
(0.0835228436437 0.181972545309 -2.78632374874e-27)
(-0.153064403071 -0.135134925933 0)
(-0.319901594261 0.0280954404302 2.03317119439e-15)
(0.132170064909 -0.0672552509848 0)
(0.344255700651 0.133746853765 1.71910509265e-15)
(-0.194195888293 -0.427434524707 0)
(0.316449128222 0.158713796504 0)
(0.181067519981 0.178551518035 -2.55794725783e-15)
(0.240307143374 0.123136852464 1.27607180634e-15)
(0.368905410697 0.0702533641197 5.31234046684e-17)
(0.00554116664494 0.354197315208 -7.14208977203e-27)
(-0.302587947447 0.00791907909802 0)
(0.00381432579733 0.0819172120459 -1.36340420792e-26)
(0.193508297437 0.193248746416 3.6421357805e-17)
(-0.0533459159528 -0.227167829323 0)
(-0.285201379126 -0.205987225619 -1.61020550463e-15)
(0.00456130664166 0.204049773907 0)
(0.200009922555 0.27604204617 5.43837412113e-28)
(-0.141237576102 0.355395772222 0)
(0.39793097299 0.0594459580973 2.20471544303e-15)
(0.19241814202 0.28602597844 0)
(0.0920763944285 -0.243702616693 1.26802640519e-15)
(0.0852322216038 -0.240984521123 -1.2582138765e-15)
(0.187653341974 0.307523588208 0)
(0.0924999580689 0.35208374366 0)
(-0.142164298605 -0.142528252465 0)
(0.148361340516 -0.0476407101737 0)
(-0.303290390902 -0.218370201377 -1.30179507478e-15)
(0.118565046348 -0.075158879884 -6.69832222021e-21)
(0.0956467888929 0.147639700666 3.23842735231e-15)
(0.0155754871044 0.211290570765 0)
(-0.202260902248 -0.39174590088 0)
(0.153292464847 -0.0867393477297 9.90631630165e-20)
(-0.101469076181 -0.204412633674 0)
(-0.186896849286 -0.158141031028 -2.67314193652e-15)
(-0.206965868596 -0.202653999371 0)
(0.239511944211 0.135290199774 1.20510736473e-15)
(-0.223323253683 0.310445169273 0)
(-0.333489788414 -0.00228885666484 -1.87898830913e-15)
(0.0743069010461 -0.056853367111 7.58488915591e-15)
(-0.18706386759 -0.143107126024 2.77801825152e-15)
(0.186243758683 -0.0589101723242 0)
(0.104229558386 -0.210442716767 1.2984605004e-15)
(0.335249036022 0.144987319195 -9.98290869393e-16)
(0.281478459469 -0.0452802302574 1.32882177598e-15)
(0.177613671515 -0.0327973140787 0)
(-0.331033481792 -0.168147744641 1.33237607091e-15)
(-0.330800320889 0.219751629206 -1.24426886136e-15)
(0.0661410348947 -0.0266340539498 0)
(0.207942215021 0.17714799846 -2.29717226819e-15)
(-0.319129253671 0.0153373292125 -2.04738526764e-18)
(0.112449070151 -0.213055076085 -3.8001196771e-15)
(0.150380050556 -0.0359253474989 0)
(0.090819843789 -0.223423077196 -2.76040352877e-15)
(0.108197244616 0.370691249442 -8.86868064475e-27)
(0.00293454867147 0.0440423133454 0)
(-0.164577498039 -0.158185248143 2.94829236567e-15)
(0.105656886392 -0.229461695227 0)
(-0.0826328814737 -0.237774003924 6.16106889485e-15)
(0.095547947169 0.161075274994 3.11119331789e-15)
(-0.334756851146 0.00984789650708 -7.72486949811e-18)
(0.0836402117375 0.168130205058 -3.11119331789e-15)
(0.210589881711 0.137042955673 0)
(-0.164443440572 -0.143001034343 2.96376790693e-15)
(0.181609629745 0.164874656777 5.33207512723e-15)
(-0.315683412687 -0.0111133339471 0)
(-0.19739257515 -0.180648092716 2.45378848874e-15)
(0.247745581879 0.195145127315 1.90494969472e-18)
(0.0648547696203 -0.0392172994405 -3.84171476511e-15)
(-0.175724824794 -0.166010671578 0)
(-0.301965820118 -0.00520836872586 0)
(-0.237697603702 0.275520213452 -4.60175278154e-28)
(0.145654979523 0.314411046507 6.12189455636e-16)
(-0.0508311987984 0.225750590107 0)
(-0.147333027114 0.314518785977 -3.19736009477e-16)
(-0.0663520686918 -0.0888399410574 -3.73976068488e-15)
(-0.144488285242 0.166135190798 -2.99744239463e-17)
(0.149145056514 0.263585635465 0)
(-0.181321126254 -0.283008162091 9.4847448872e-16)
(-0.147469547964 0.349683949181 0)
(-0.26688704043 -0.116931396587 0)
(-0.17566728747 -0.135481462639 -2.96376790693e-15)
(-0.0917865148258 -0.212315873482 -5.90648485685e-21)
(-0.198509851792 -0.135365594404 -2.77801825152e-15)
(-0.156323832966 0.286853925257 2.55331051442e-16)
(-0.314903415095 -0.0240325013956 -1.06448891427e-15)
(-0.195752728189 -0.211341758412 2.41941424062e-15)
(-0.0449434103532 -0.0739118609726 0)
(0.180961676127 -0.08164905152 -3.78102305447e-19)
(-0.177833962867 0.275740177971 0)
(-0.123340634124 0.143845354595 -1.26017097406e-17)
(0.18874956101 -0.0476536734319 0)
(0.193781548673 0.18513984341 0)
(-0.0509243135835 0.211085488919 2.90750723462e-15)
(0.223966814895 0.142849812381 0)
(-0.298440523991 -0.0450133194938 -1.03501211482e-15)
(-0.280731576641 -0.108804404702 -9.94345053439e-16)
(-0.098486214686 0.105874137413 0)
(-0.199433253791 0.324124278178 3.27103689461e-28)
(0.112914556839 -0.231324834233 -6.77906101857e-17)
(-0.0812705421866 -0.203385534153 0)
(-0.209196641266 -0.157504892774 -2.3457129329e-27)
(-0.144036978949 0.292319030438 6.44049580349e-17)
(-0.213286805492 0.274766251917 0)
(-0.054473338166 -0.0541976287009 3.51036796349e-17)
(0.223335122779 0.155844305406 0)
(-0.187164494986 0.267847105697 0)
(-0.283249796501 -0.0667589062832 -3.33060653494e-15)
(0.0953566054163 0.0712797155257 -3.25281528804e-27)
(0.0957090112827 0.0835778170354 3.25281528804e-27)
(0.171008742795 -0.0666749098961 0)
(-0.287210753205 -0.0128221519057 2.38669841535e-15)
(0.143835982599 0.159717518565 -2.84730405352e-15)
(-0.0920779040241 -0.229279816307 -5.98615056601e-17)
(-0.257083938932 -0.0962916743831 0)
(-0.197889667755 -0.165586071359 2.67314193652e-15)
(-0.187107376108 0.332357631703 0)
(0.0643797413166 0.386778803048 0)
(-0.0724410096406 -0.228578929355 -6.25991373339e-15)
(0.2595310707 0.200192135977 -7.99496625445e-19)
(-0.168029075417 0.165969138947 0)
(-0.246031182718 -0.0901778320757 -2.5349593576e-15)
(0.03766977638 0.27304739271 0)
(0.00154200267329 0.00648481948546 3.94915962231e-15)
(-0.146325654711 0.156880378749 5.64880441013e-17)
(-0.194935857956 -0.226179113925 -2.2740557174e-15)
(-0.284209408436 -0.0530577457298 -1.15864944026e-15)
(-0.0650963706754 -0.291529292599 -2.80265542859e-15)
(-0.0657921928328 -0.0750006389845 -3.78866552417e-15)
(-0.00716673726284 0.0880830648801 -2.65995507936e-26)
(-0.299094481041 -0.031609266356 2.18277025048e-15)
(-0.00676156159017 0.127378545016 -2.50698625115e-26)
(-0.00791758370382 0.0499356794546 0)
(0.0467629364789 0.393305736702 1.32126213048e-15)
(-0.23394660367 0.300333487663 0)
(0.147512525985 0.291215026412 0)
(-0.054946566809 -0.282099382083 1.16394533509e-17)
(-0.00659805111576 0.168414820489 0)
(0.247013448846 -0.0498492276544 4.28617690489e-15)
(-0.0617623156959 -0.202157604845 6.62508811317e-15)
(0.160844843334 -0.0514595170728 0)
(0.283477079344 -0.0365856024566 -2.79104035502e-15)
(0.24996699051 -0.0397202448833 0)
(-0.198944336755 0.311311448961 0)
(-0.0091218031849 0.0121873128279 -3.94915962228e-15)
(-0.286337067675 -0.0261486150044 -1.12172951603e-15)
(0.0557672001835 0.394481699722 -1.32126213048e-15)
(0.037788212433 0.2112050994 1.04704550111e-26)
(-0.00653882864477 0.211278979075 0)
(-0.270294843724 -0.0744359249661 4.63856572518e-15)
(-0.0634412593075 -0.236674509318 3.15405101321e-15)
(-0.182359402275 -0.302110212962 1.48223845585e-17)
(-0.273073877288 -0.0333520975957 -2.47241866493e-15)
(-0.184573196561 0.296903435221 0)
(-0.0733013584871 0.225536917824 5.06473526121e-27)
(0.131122956744 0.166988409609 0)
(-0.0619553809478 0.233019876349 0)
(0.0604894006155 -0.077542431663 -1.38683195324e-26)
(0.158408980586 -0.0631931060384 0)
(-0.084568469619 0.23281005619 0)
(0.00454670733958 0.233517979766 -2.82349658336e-15)
(-0.096110643479 0.22536662701 2.46023234891e-27)
(-0.0436518717187 -0.047093763085 -7.81988548545e-15)
(-0.107583843295 0.232674588707 -4.53119408434e-27)
(0.0621698922895 -0.0643890269923 -7.66403799045e-15)
(-0.256240780438 -0.110774208088 0)
(-0.0718845246295 -0.211290100958 -3.29262657575e-15)
(0.262721859318 -0.0527049386731 -2.82200579417e-15)
(-0.06388421986 -0.254545222546 0)
(0.156841833308 0.280480224684 6.1812975931e-20)
(0.175500392712 -0.0441062406995 0)
(-0.316400941882 -0.191389380701 -6.50691889262e-16)
(-0.272387349904 -0.0472103838563 1.15899626017e-15)
(-0.101727355678 0.11333749738 0)
(-0.29418379135 -0.115990621809 -8.59196663031e-16)
(0.120249964268 0.0838718878919 -3.16735007356e-27)
(0.196587413959 -0.0733856803678 0)
(0.215816116646 -0.0543957465344 0)
(-0.259783960769 -0.0545718593333 -2.54434241221e-15)
(-0.0241045440164 -0.072572618445 0)
(0.168109661498 -0.0784277507352 0)
(-0.167885761347 0.177451271024 -1.33920402788e-16)
(-0.0641441305543 -0.31012608191 -1.14323574672e-15)
(0.107846162207 0.0898785501961 0)
(-0.229342790584 0.286823971092 0)
(-0.269395906484 -0.088669834841 0)
(0.0481903226815 0.384364473795 0)
(0.0267899683794 0.281479650562 0)
(-0.298570738742 -0.180612882615 8.0810339274e-16)
(-0.310463679375 -0.140608371697 0)
(-0.259003393909 -0.0684848569903 -2.37955507518e-15)
(-0.24682584534 -0.0760428742315 0)
(0.0266155796053 0.248844339037 0)
(-0.281139942755 -0.0946510897899 4.10172916521e-18)
(-0.295073403406 -0.131088416372 0)
(-0.296986945773 -0.164195284901 1.61945460266e-15)
(0.102590016869 0.357741333209 0)
(0.267061748226 -0.0323336062305 2.79135085841e-15)
(-0.312197209852 -0.156839617891 -1.6475187733e-15)
(-0.00861939388485 0.0248815462327 3.90242134864e-15)
(-0.00758380264837 0.062648234002 0)
(-0.0101865879563 -0.0130015180975 -3.964976215e-15)
(-0.00696966038842 0.101077563989 -3.60326435502e-15)
(-0.266668091874 -0.131589835304 0)
(-0.0108558250761 -0.0259040728254 -3.97903395388e-15)
(-0.00666195815894 0.140901130484 3.38315285494e-15)
(-0.0218533625194 -0.0328393736956 0)
(0.199662190839 -0.0621350552111 0)
(-0.280414857616 -0.154466096438 0)
(-0.00654497767787 0.182555423665 -3.12652508441e-15)
(0.155175053548 0.310331399354 -6.12178126158e-16)
(0.259851532615 -0.0618487645811 0)
(-0.0341461717268 -0.0665534346392 0)
(-0.0225449574106 -0.0459773296555 0)
(-0.279700341531 -0.139409263366 0)
(0.131829873474 0.334662446413 0)
(0.296824621494 -0.0481131461233 -1.32880289114e-15)
(-0.00647485505415 0.226010004507 0)
(0.0267539790761 0.203997288322 0)
(0.143449503263 0.328261024009 0)
(-0.13696720596 0.134887493536 3.14996077982e-18)
(0.0377709645214 0.225934708962 -1.04704550111e-26)
(0.0676056651218 0.381794711118 -1.48855975072e-15)
(-0.0334434106873 -0.0531168992095 3.92361279015e-15)
(0.114170595218 0.349627813218 6.02185245668e-27)
(0.137454125011 0.355292725771 -8.89979407228e-27)
(0.0266009294339 0.233533871675 0)
(0.0429637843855 0.395256820092 1.13374085192e-15)
(0.0728961263935 0.389727000765 0)
(0.0899102199469 0.379669169031 0)
(0.0267919808604 0.299004370814 0)
(0.0528891084226 0.385728263355 0)
(-0.118554114908 0.116058632111 -2.98103761474e-18)
(0.0846893526685 0.382915941631 0)
(0.0270402728353 0.354744790896 0)
(0.121765787318 0.354475394968 9.00557849358e-16)
(0.01644315479 0.363036814366 0)
(0.0264497547448 0.386081748362 1.62551282707e-15)
(0.0657984013757 0.393525763623 -1.2891332703e-27)
(0.0165879166678 0.380126440445 -1.62551282705e-15)
(0.143150634101 0.346825382754 8.89979407231e-27)
(0.0885656372122 0.376829535847 -1.45071574199e-15)
(0.0789177043593 0.374873133882 2.93927549273e-15)
(0.0352826744879 0.398509687298 0)
(0.0253243665259 0.398097827246 -1.09377234168e-26)
(0.123070865268 0.353154318113 -1.44593480805e-15)
(0.275154302635 -0.0650557372097 -2.15420304012e-17)
(0.119922084692 0.364149658514 9.99670049688e-27)
(0.29257350028 -0.0564377398323 0)
(0.0308089198808 0.398980854335 0)
(0.133589385928 0.347800290958 -9.00557849356e-16)
(0.100270833035 0.370660031204 0)
(0.125422228136 0.362177919461 -7.98815052932e-27)
(0.119737783958 0.3669809114 7.98815052933e-27)
(0.134719508894 0.345568555819 1.44593480804e-15)
(0.154185302058 0.34303640947 0)
(0.154940347175 0.333657640789 0)
(0.16673157791 0.324986061003 -1.64497043659e-27)
(0.165759907096 0.314482058254 -1.97903449311e-20)
(0.179795716654 0.283316493304 0)
(0.171781084378 0.291665242743 -6.18043168223e-20)
(0.176294497684 0.307101800338 0)
(0.14215964272 0.349609243283 1.71376162086e-27)
(0.198085221183 0.249928327278 1.53749944688e-16)
(0.21488729138 0.250032835772 0)
(0.277410898219 -0.104262725262 0)
(-0.415093088297 0.00563335441177 0)
(-0.334823048126 -0.224578742689 0)
(0.210100871787 0.208367765633 -1.80558351312e-16)
(-0.383799564717 0.125531178254 -1.12334555839e-15)
(-0.0388152990106 -0.335146696796 1.72846017903e-15)
(-0.0181619449736 -0.373323053075 0)
(0.0411376441633 -0.326527558466 0)
(-0.398677579153 0.00652473366718 1.10957286018e-15)
(0.247636163719 -0.0924587431379 8.78720147303e-17)
(0.269988525399 -0.0752383925679 2.22270954572e-17)
(0.344204553852 0.135306365117 -8.86333993581e-16)
(-0.368492624777 0.148510583651 0)
(0.0337775275328 -0.114187648119 -6.49892349213e-17)
(0.116046836148 -0.122199780244 0)
(-0.0564730832577 0.0516784543365 -8.73897065368e-18)
(0.0895243757828 0.140818484776 4.62353425932e-18)
(-0.102176640175 -0.101170007238 -1.37826628411e-16)
(-0.0898117498455 0.0873786842289 0)
(0.30919882349 0.0354236223465 -1.25405508358e-15)
(0.313539052451 -0.0679744431698 0)
(-0.288946210818 -0.266731142368 -1.00129317098e-16)
(-0.360764354964 -0.167952689939 -4.15715500984e-16)
(-0.347409978639 -0.141783622373 6.6035996955e-16)
(0.38743547173 -0.0155798874875 0)
(-0.417363429334 -0.0489736655247 0)
(-0.38533996607 0.136428861803 1.19577365788e-15)
(0.243529699047 0.179279344628 0)
(-0.344235411512 -0.109741933619 7.69558811508e-16)
(-0.363831771231 -0.0868375501316 0)
(-0.2667557306 -0.22204545757 -9.46279782638e-19)
(0.343886629067 -0.0561723009144 -3.83232713696e-17)
(-0.038334608772 -0.318648412843 1.5711889355e-15)
(-0.137311122871 -0.336921234432 -5.42664195899e-16)
(-0.122691872917 -0.333651001216 -6.18003248676e-16)
(-0.148399852536 -0.410378092407 -1.82409585148e-15)
(-0.165527384113 -0.341710075137 -1.4141345418e-15)
(-0.0774101414741 -0.339164021443 0)
(-0.123941739931 -0.40187981018 -1.45476950327e-15)
(-0.167894126765 -0.419484450929 0)
(-0.0723816848338 -0.383926260899 5.87667055586e-16)
(-0.0322656707571 -0.38658926796 2.2833166893e-15)
(-0.258439735586 -0.342663501403 3.32202554257e-17)
(-0.220259215171 -0.330116440675 1.46524726786e-16)
(-0.0207271826417 -0.388174042165 0)
(-0.25650774359 -0.288526920171 0)
(-0.211732047615 -0.368386883029 -1.57767225016e-16)
(-0.241756070911 -0.354830125876 0)
(-0.181723082323 -0.242251226006 6.41098082594e-17)
(-0.149545268197 -0.176286657775 -8.55662855278e-17)
(0.0191098310993 -0.353194134035 0)
(0.00310729583399 -0.28311004014 1.60684198196e-15)
(0.0186280037918 -0.276765156103 -8.63654881938e-16)
(0.0106664505144 -0.326486969511 -2.26855500547e-15)
(0.0310833748018 -0.333774104795 -2.01719038141e-15)
(0.0700262073878 -0.298432108967 0)
(0.0717112788136 -0.276838199589 4.55102580604e-17)
(0.0916815514654 -0.260967694718 0)
(-0.0535409180205 -0.320012841686 -6.52811622549e-16)
(-0.326391964387 0.195942828752 6.3963031019e-16)
(0.309462299702 0.0559735963323 0)
(0.303981187654 -0.0875655944449 -1.20977059046e-15)
(0.300355348992 0.130088872824 0)
(0.34674715934 0.0320989897695 1.27174396856e-15)
(0.324192570508 -0.00489032149348 -2.35897360632e-15)
(0.306972965971 0.00746267820394 0)
(0.221100107737 -0.135280673866 6.19680575012e-16)
(-0.348890196709 0.161723264179 0)
(0.331596980979 0.150215366644 1.41103866692e-15)
(0.250904472033 -0.0849968208237 0)
(-0.345710160978 -0.226258782454 3.20502116525e-16)
(-0.328968863188 -0.252645985198 2.18480754175e-16)
(0.251035074115 -0.0839300494659 -1.54090167157e-15)
(-0.278946610203 0.174278064567 1.7589534939e-16)
(-0.239538472703 0.170232399453 9.73076545681e-17)
(0.255577912357 -0.100787536158 6.63427692388e-16)
(0.355744360604 0.0918609284837 0)
(0.35878834711 0.0755831892734 3.37521088911e-15)
(-0.0415142097344 -0.343108905459 -4.72134445008e-16)
(-0.0219405815455 -0.365779967479 4.45639896667e-16)
(0.0397708848657 -0.328300609289 -3.81440189674e-16)
(0.273349946884 0.169452782213 3.98712012301e-16)
(0.397466555316 -0.00927809330178 0)
(-0.420601488334 -0.0494102126597 4.62842368046e-16)
(-0.357988713615 0.0896781940233 9.13777186267e-16)
(0.339258624936 0.128347568951 0)
(-0.383833319297 0.149223059458 0)
(0.0664648175383 -0.144041169082 6.49637045621e-17)
(-0.122922072027 -0.128935266442 0)
(0.117913348628 0.162267981747 -4.80753478567e-18)
(-0.0723547427901 0.0723068432593 1.24720795113e-18)
(-0.354415855296 -0.202788407305 0)
(0.30908911827 0.026371233037 -2.6601418983e-15)
(-0.288682468948 -0.235541171904 5.15460339169e-17)
(-0.359530860856 0.113148072973 9.38666081851e-16)
(-0.384355071765 -0.0149580196652 1.94458605556e-15)
(0.292986717793 0.19348995031 7.39823000155e-16)
(0.221014285932 -0.144007761478 0)
(-0.303270017652 -0.265396593897 -4.34746888423e-16)
(0.264818408789 -0.114722779397 8.4730076552e-17)
(0.235911189671 0.235157150349 0)
(-0.416877773857 0.0583484630716 0)
(0.241865913138 -0.0796892348227 -4.21750143138e-16)
(0.222706052607 -0.0878901949212 1.38468031763e-16)
(0.165879936958 0.225085833345 3.13076974095e-16)
(-0.138422525744 0.126978173389 0)
(-0.386358383669 0.0214679054448 -9.24801558234e-16)
(0.245564432174 -0.0717001729919 0)
(0.291470679064 -0.0700047083135 0)
(-0.176314438516 0.133819040079 4.95215151434e-17)
(0.309608299145 0.170509851101 -1.1394489575e-15)
(-0.314838981087 0.166801179758 -1.15864805275e-16)
(-0.348663754166 -0.157772972498 -1.20397145998e-15)
(0.378338919267 -0.0228640418982 -1.11813490814e-15)
(-0.41089054382 -0.0822048153898 0)
(-0.342246182426 0.117179020277 -9.43149992956e-16)
(-0.339767297879 0.0866749874876 -2.34338115134e-15)
(-0.353959141346 0.0665893570715 0)
(0.213009937071 -0.155549129051 -5.70506328026e-17)
(0.0756287044934 0.126768708249 3.2003094754e-17)
(-0.0640425032593 -0.0811302128982 6.51297929685e-17)
(-0.0718124935267 -0.0760453254831 0)
(0.0678272948096 0.135307778258 0)
(0.175819268803 -0.0269528844839 6.65678818682e-17)
(0.161922199077 -0.0452941294734 -5.78135053109e-17)
(-0.032905661301 0.0366539589666 2.48370211535e-18)
(-0.0348821429409 0.0365478036503 -4.4204454209e-18)
(-0.308482015994 -0.253616792377 2.01150739539e-16)
(-0.378483277195 -0.152166359881 -1.28951132758e-16)
(-0.417161653589 -0.00675399332888 -7.05082024238e-16)
(-0.0555577046236 -0.36498895128 8.61911584031e-17)
(0.0688188431998 -0.24625272666 1.02954274659e-15)
(0.0732322665061 -0.28315496266 0)
(0.0338686520353 -0.289537458833 -1.41565648886e-15)
(0.104494272775 -0.260002798283 2.71284476224e-15)
(0.233918298807 0.186508836355 0)
(-0.344151312862 -0.0941842912664 -1.70716450865e-15)
(0.356737782213 -0.0454726836945 0)
(-0.370924487231 -0.159227464745 -4.60483091145e-18)
(-0.22359782265 -0.352693306491 3.66792769274e-16)
(-0.204192980803 -0.342966112513 1.54218589842e-15)
(-0.131487349707 -0.325309298013 1.0729930887e-17)
(-0.163923179783 -0.427108986028 0)
(-0.0936532684686 -0.408627813183 0)
(-0.116662938936 -0.412986241456 0)
(-0.0996866154977 -0.397839309525 0)
(-0.174884846048 -0.33221154748 1.75432751278e-15)
(-0.0723254939332 -0.334390727661 1.44331204455e-15)
(-0.0468481542581 -0.309721706985 1.38279444734e-15)
(-0.206957721992 -0.331647596049 -1.46524726786e-16)
(-0.196398682771 -0.348556419159 -1.57299543439e-15)
(-0.267746531527 -0.321679358345 1.10027616733e-16)
(-0.270572371308 -0.333498759962 0)
(-0.233728068935 -0.344335343672 0)
(-0.27754108803 -0.309757368668 -9.91972059576e-18)
(-0.14807125819 -0.19398928381 9.74517591881e-17)
(-0.0282966630603 -0.401563934344 -2.55063615024e-15)
(0.0113705680573 -0.268083025602 1.84449868255e-15)
(0.0138710087864 -0.333743435919 1.69567715837e-15)
(0.0198730697413 -0.353396493678 0)
(0.0700040079264 -0.296292036676 0)
(0.0857366980075 -0.258778398061 -1.41833712191e-15)
(0.103664346816 -0.243730602071 -7.98256313563e-16)
(0.308674182334 0.064248328551 1.31290139727e-15)
(0.309270893232 -0.0918762883091 2.22556246646e-15)
(0.339758069197 0.0224333156717 -2.99316839003e-15)
(0.302580075795 0.118945828349 -2.37603333639e-15)
(-0.35191664356 -0.174134302374 1.49471775334e-16)
(0.324143133436 0.0413151204774 1.88708094183e-15)
(-0.397159847712 0.0700516065537 -2.00208548883e-15)
(0.322514513263 0.0196996044601 4.47263472745e-15)
(-0.231478649661 -0.246026878312 -1.2639797527e-17)
(0.306006738975 -0.00210165842403 0)
(-0.0139392487823 -0.338437177849 0)
(-0.0387227303749 -0.361012040271 4.56249921368e-16)
(-0.0196412704075 -0.34694342908 1.32881029098e-15)
(-0.00977662727849 -0.31861559364 -8.64796976142e-16)
(0.0536928263695 -0.311664707161 3.90370527059e-15)
(0.0244134421718 -0.339076742997 -3.91850145643e-16)
(0.145056836232 -0.19690149285 7.33581183833e-17)
(0.129202538824 -0.213119220543 0)
(0.166551650144 -0.184524910786 -7.05082156528e-16)
(0.183202746939 -0.167355837792 6.23431368729e-16)
(-0.336685700769 -0.241922911022 -3.19805024958e-16)
(0.111007814245 -0.222049733004 0)
(0.02822532023 -0.322087484313 -1.28215975079e-15)
(-0.246516274274 0.158413165676 -1.07072734182e-16)
(-0.381346548676 0.14717985613 -7.59211748195e-16)
(0.369494126641 0.0821454749387 0)
(0.307695492874 0.145233290553 2.83448833774e-15)
(-0.369377500976 0.168702772888 -1.41382042982e-15)
(0.289444432414 0.173576717496 0)
(-0.259977680997 -0.246035298492 1.2578579721e-16)
(-0.0630066337568 -0.3548724183 9.14857984299e-17)
(0.0751253368996 -0.270332183764 -3.9850384481e-16)
(0.0250985146833 -0.302594204271 0)
(0.0761413204681 -0.257855016956 -1.09209425299e-15)
(0.0933219651835 -0.273691298296 -2.07007547962e-15)
(0.254075930731 -0.123881088523 -8.90578100861e-16)
(-0.379115617586 -0.148046868698 5.90874480946e-16)
(0.392794492664 0.00183808374434 3.17128782055e-16)
(-0.413653581967 -0.0331234167525 -4.80716244507e-16)
(-0.365537598156 -0.191654988432 4.12166524703e-16)
(0.294375497914 -0.0984470575872 -2.15620795944e-15)
(0.34107436513 0.0381380975064 3.02178560929e-15)
(-0.229555579744 0.177742335563 2.59816010949e-16)
(-0.30303826155 0.177179770881 -3.41839902249e-16)
(-0.358774959399 -0.134107699222 0)
(-0.385523835717 -0.00327905941902 -1.75262103968e-15)
(0.320035527299 0.144381731804 -1.64063747606e-15)
(-0.373353309754 0.166118422044 0)
(0.304375502758 0.185620769624 1.82796726141e-16)
(-0.345990260978 0.192682167114 0)
(-0.394536862225 0.058291590216 0)
(-0.206677087284 0.171337996702 5.04931981268e-17)
(-0.360090499762 -0.11810983615 -9.38734022739e-16)
(0.314165940833 0.160522421752 0)
(-0.361528807867 0.179821011201 5.39427712671e-16)
(-0.249905319079 -0.224025417513 6.32497675599e-20)
(-0.0631707156827 -0.344828703196 -1.80056236784e-15)
(0.0211712575756 -0.318881748303 0)
(0.101434163072 -0.238412696718 0)
(0.0953154826774 -0.26039051468 1.18130015978e-15)
(0.0804239815164 -0.282848237028 -9.96418794816e-16)
(0.217011380792 0.23843618972 0)
(-0.409127333841 0.0687263182078 2.14561720983e-16)
(0.253472593273 -0.0731051336382 0)
(-0.166645092343 0.144515669826 -4.23268867009e-17)
(0.187664611345 0.235839241971 -4.20546112407e-16)
(0.296018300391 -0.0959949798582 1.23167212948e-15)
(-0.38889969889 0.0336415519236 0)
(0.284052816854 -0.0567003033975 0)
(0.322674466201 0.0499460419833 -4.42542254032e-16)
(0.287144980282 -0.0888161689442 1.39818899797e-15)
(-0.213385505653 0.155986269932 -7.28634294048e-17)
(-0.375001636786 -0.135580182156 0)
(-0.370344505039 0.128776445809 0)
(0.312266124061 0.134310583453 1.30570272555e-15)
(0.324136146947 0.152194413381 1.11420913417e-15)
(-0.369124019775 0.169237393803 -5.79907803539e-16)
(0.107305544968 -0.0635076222091 6.95491636136e-17)
(-0.0522335907236 0.0512213038902 1.41197176878e-17)
(0.0816238656802 0.150618200089 0)
(-0.0957959052073 -0.0990017038209 1.95732837757e-16)
(0.30444982726 -0.0608535613287 0)
(-0.343017445098 0.131795167967 1.05693882025e-15)
(-0.39940128498 0.0182701771775 1.67609890402e-15)
(-0.336526669 0.0726626966013 3.11764012106e-16)
(0.321838320804 0.0116791144527 0)
(0.19896023365 -0.166697063365 -8.97570728082e-18)
(-0.372381798024 -0.113194864709 -8.3556752624e-16)
(-0.087562444761 -0.104976045553 -1.27963484717e-16)
(0.0917824912858 0.148104173365 -1.05682391036e-16)
(0.17730331781 -0.0377170081044 -7.20951409379e-17)
(-0.0489005720683 0.0496520902535 -3.23700932568e-18)
(-0.329938373901 -0.251079435665 -4.78636979393e-17)
(0.24456124775 -0.129086291597 1.12824715328e-15)
(0.258958856737 -0.0958584503586 -1.66515252747e-15)
(0.0888392729491 -0.221848817313 0)
(-0.0512365641324 -0.359805093123 0)
(0.0400427981517 -0.293953952371 2.32240335553e-17)
(0.0737455709714 -0.280709584259 -1.74061122201e-15)
(0.109566628797 -0.257442311388 -1.01923145709e-15)
(0.103673096487 -0.216822629372 0)
(0.0343007841578 -0.311577959406 2.94457349716e-15)
(0.278992409275 -0.0848079745238 -1.73695031672e-15)
(0.329687939086 -0.059799361064 4.95055220706e-17)
(-0.358826582257 0.13651537342 -9.89426964266e-16)
(0.11780391459 -0.196047263067 0)
(0.161459481832 -0.163437903505 3.25126244757e-16)
(0.138953328827 -0.182844549472 0)
(0.201208557232 -0.13979411335 0)
(0.182628276387 -0.158133877682 -3.102331969e-16)
(-0.0123117895209 -0.363399662089 -4.38235571574e-16)
(0.053170738938 -0.314239188798 -2.51797343575e-15)
(-0.0104547322646 -0.345333456113 1.43391121233e-15)
(-0.00318741315992 -0.333057927024 2.75223512457e-15)
(-0.0306016755126 -0.344783498349 -9.4152793158e-16)
(0.038955000227 -0.316884411051 2.53854471661e-15)
(0.335401783839 0.144697865672 9.59301856227e-16)
(-0.36114048288 0.15781434444 0)
(-0.302582002749 -0.226541398011 -9.77633681712e-17)
(0.349538864653 0.0151646466469 -1.94057321819e-15)
(0.349893735778 0.0442083345431 1.80010222873e-15)
(-0.215641697986 -0.19784979455 0)
(-0.381704302293 -0.124176131891 0)
(-0.38229688492 -0.14078321938 0)
(-0.424528547098 0.0172435394413 0)
(0.141502471538 -0.0726076815046 0)
(-0.0608045517498 0.0602749282898 -6.72297186929e-18)
(0.104781169255 0.156926553101 9.21793608648e-17)
(-0.11066650795 -0.114951496198 4.95307266614e-17)
(0.202811330965 -0.159218165794 -7.56767310999e-16)
(0.338073372183 0.0544908318939 1.76160998773e-18)
(0.3214055539 -0.0538341499894 1.69799019345e-15)
(0.326056515578 0.126770932083 -1.22551081883e-15)
(0.330696874002 0.131484556843 1.32213070591e-15)
(-0.379802091341 0.154309618307 0)
(0.336940811523 0.00866899526227 1.04408949307e-15)
(-0.231679142195 -0.238106541051 -2.9787400517e-17)
(-0.208360917926 -0.203767295889 2.6680115585e-17)
(-0.324860664494 -0.235453623224 -1.63706146919e-16)
(-0.414692634555 0.0247846199089 -5.40998658936e-16)
(-0.0344818746399 -0.42660663914 9.6737490231e-16)
(-0.0257338044467 -0.431032145112 -9.67374902309e-16)
(-0.188041702968 -0.284307405346 6.16022244093e-17)
(-0.186963683423 -0.300619749803 0)
(0.00185341983826 -0.398227876961 1.16662824044e-15)
(0.00628817959006 -0.390084096928 -1.16662824044e-15)
(-0.0789574119847 -0.0894909554319 -4.18502437458e-16)
(-0.0877620074809 -0.108675716746 4.22756919412e-16)
(-0.164183144128 -0.45168952666 0)
(-0.189536415436 -0.44183750728 0)
(-0.118329178068 -0.444315076456 -1.62423479054e-16)
(-0.141666494999 -0.44082635865 1.62423479054e-16)
(0.060545756557 -0.364113791766 0)
(0.0444014438687 -0.345488992695 -5.15498671809e-16)
(0.0144179267276 -0.289946077006 0)
(0.0234639567408 -0.327051338285 0)
(0.410423500785 0.0242106476454 9.18505583159e-16)
(0.406693250833 0.0141139760739 8.65927152891e-16)
(0.237397498638 0.157265541545 2.35077074865e-16)
(0.248121718715 0.155352484523 -2.0179360049e-17)
(0.372787504603 -0.0219079486588 -2.04537387589e-15)
(0.371067895001 -0.0402369381871 0)
(0.0933196136124 0.122036230414 -2.27202783767e-17)
(0.112975196682 0.138176844928 2.27202783767e-17)
(0.35212094457 0.10962149454 0)
(0.344351037275 0.124256103819 -9.7155610683e-16)
(0.374822662649 0.0845668835189 1.45355256939e-15)
(0.375280663941 0.0944030660233 -2.91589637147e-15)
(0.313141108057 -0.0438123343239 3.42859883606e-15)
(0.298235783776 -0.0335302802546 0)
(0.292964814158 -0.0184128051644 0)
(0.294183792292 -0.0758397547503 -1.45271993757e-15)
)
;

boundaryField
{
    bottomWall
    {
        type            noSlip;
    }
    leftWall
    {
        type            noSlip;
    }
    rightWall
    {
        type            noSlip;
    }
    movingTop
    {
        type            fixedValue;
        value           uniform (1 0 0);
    }
    front
    {
        type            empty;
    }
    back
    {
        type            empty;
    }
}


// ************************************************************************* //
