$MeshFormat
2.2 0 8
$EndMeshFormat
$PhysicalNames
7
2 1 "frontSource"
2 2 "backSource"
2 3 "leftWall"
2 4 "rightWall"
2 5 "bottomWall"
2 6 "movingTop"
3 7 "fluid"
$EndPhysicalNames
$Nodes
2860
1 0 0 0
2 0.12 0 0
3 0.88 0 0
4 1 0 0
5 0 0.12 0
6 0.12 0.12 0
7 0.88 0.12 0
8 1 0.12 0
9 0 0.88 0
10 0.12 0.88 0
11 0.88 0.88 0
12 1 0.88 0
13 0 1 0
14 0.12 1 0
15 0.88 1 0
16 1 1 0
17 0 0 0.1
18 0.12 0 0.1
19 0.12 0.12 0.1
20 0 0.12 0.1
21 0.88 0 0.1
22 0.88 0.12 0.1
23 1 0 0.1
24 1 0.12 0.1
25 0.12 0.88 0.1
26 0 0.88 0.1
27 0.88 0.88 0.1
28 1 0.88 0.1
29 0.12 1 0.1
30 0 1 0.1
31 0.88 1 0.1
32 1 1 0.1
33 0.05999999999983217 0 0
34 0.2466666666664191 0 0
35 0.3733333333327405 0 0
36 0.4999999999990401 0 0
37 0.6266666666659977 0 0
38 0.7533333333329988 0 0
39 0.9399999999998482 0 0
40 0.143749999999957 0.12 0
41 0.167499999999914 0.12 0
42 0.1912499999998764 0.12 0
43 0.2149999999998334 0.12 0
44 0.2387499999997687 0.12 0
45 0.2624999999997203 0.12 0
46 0.286249999999634 0.12 0
47 0.3099999999995801 0.12 0
48 0.3337499999995263 0.12 0
49 0.3574999999994399 0.12 0
50 0.381249999999386 0.12 0
51 0.4049999999993106 0.12 0
52 0.428749999999235 0.12 0
53 0.4524999999991703 0.12 0
54 0.4762499999990948 0.12 0
55 0.499999999999041 0.12 0
56 0.5237499999991173 0.12 0
57 0.5474999999992152 0.12 0
58 0.571249999999248 0.12 0
59 0.5949999999992592 0.12 0
60 0.6187499999992919 0.12 0
61 0.6424999999993898 0.12 0
62 0.6662499999994661 0.12 0
63 0.6899999999994989 0.12 0
64 0.7137499999995318 0.12 0
65 0.7374999999996079 0.12 0
66 0.7612499999996841 0.12 0
67 0.7849999999997169 0.12 0
68 0.8087499999998148 0.12 0
69 0.8324999999998909 0.12 0
70 0.8562499999999238 0.12 0
71 0.143749999999957 0.88 0
72 0.167499999999914 0.88 0
73 0.1912499999998764 0.88 0
74 0.2149999999998334 0.88 0
75 0.2387499999997687 0.88 0
76 0.2624999999997203 0.88 0
77 0.286249999999634 0.88 0
78 0.3099999999995801 0.88 0
79 0.3337499999995263 0.88 0
80 0.3574999999994399 0.88 0
81 0.381249999999386 0.88 0
82 0.4049999999993106 0.88 0
83 0.428749999999235 0.88 0
84 0.4524999999991703 0.88 0
85 0.4762499999990948 0.88 0
86 0.499999999999041 0.88 0
87 0.5237499999991173 0.88 0
88 0.5474999999992152 0.88 0
89 0.571249999999248 0.88 0
90 0.5949999999992592 0.88 0
91 0.6187499999992919 0.88 0
92 0.6424999999993898 0.88 0
93 0.6662499999994661 0.88 0
94 0.6899999999994989 0.88 0
95 0.7137499999995318 0.88 0
96 0.7374999999996079 0.88 0
97 0.7612499999996841 0.88 0
98 0.7849999999997169 0.88 0
99 0.8087499999998148 0.88 0
100 0.8324999999998909 0.88 0
101 0.8562499999999238 0.88 0
102 0.05999999999983217 1 0
103 0.2466666666664191 1 0
104 0.3733333333327405 1 0
105 0.4999999999990401 1 0
106 0.6266666666659977 1 0
107 0.7533333333329988 1 0
108 0.9399999999998482 1 0
109 0 0.05999999999983217 0
110 0 0.2466666666664191 0
111 0 0.3733333333327405 0
112 0 0.4999999999990401 0
113 0 0.6266666666659977 0
114 0 0.7533333333329988 0
115 0 0.9399999999998482 0
116 0.12 0.143749999999957 0
117 0.12 0.167499999999914 0
118 0.12 0.1912499999998764 0
119 0.12 0.2149999999998334 0
120 0.12 0.2387499999997687 0
121 0.12 0.2624999999997203 0
122 0.12 0.286249999999634 0
123 0.12 0.3099999999995801 0
124 0.12 0.3337499999995263 0
125 0.12 0.3574999999994399 0
126 0.12 0.381249999999386 0
127 0.12 0.4049999999993106 0
128 0.12 0.428749999999235 0
129 0.12 0.4524999999991703 0
130 0.12 0.4762499999990948 0
131 0.12 0.499999999999041 0
132 0.12 0.5237499999991173 0
133 0.12 0.5474999999992152 0
134 0.12 0.571249999999248 0
135 0.12 0.5949999999992592 0
136 0.12 0.6187499999992919 0
137 0.12 0.6424999999993898 0
138 0.12 0.6662499999994661 0
139 0.12 0.6899999999994989 0
140 0.12 0.7137499999995318 0
141 0.12 0.7374999999996079 0
142 0.12 0.7612499999996841 0
143 0.12 0.7849999999997169 0
144 0.12 0.8087499999998148 0
145 0.12 0.8324999999998909 0
146 0.12 0.8562499999999238 0
147 0.88 0.143749999999957 0
148 0.88 0.167499999999914 0
149 0.88 0.1912499999998764 0
150 0.88 0.2149999999998334 0
151 0.88 0.2387499999997687 0
152 0.88 0.2624999999997203 0
153 0.88 0.286249999999634 0
154 0.88 0.3099999999995801 0
155 0.88 0.3337499999995263 0
156 0.88 0.3574999999994399 0
157 0.88 0.381249999999386 0
158 0.88 0.4049999999993106 0
159 0.88 0.428749999999235 0
160 0.88 0.4524999999991703 0
161 0.88 0.4762499999990948 0
162 0.88 0.499999999999041 0
163 0.88 0.5237499999991173 0
164 0.88 0.5474999999992152 0
165 0.88 0.571249999999248 0
166 0.88 0.5949999999992592 0
167 0.88 0.6187499999992919 0
168 0.88 0.6424999999993898 0
169 0.88 0.6662499999994661 0
170 0.88 0.6899999999994989 0
171 0.88 0.7137499999995318 0
172 0.88 0.7374999999996079 0
173 0.88 0.7612499999996841 0
174 0.88 0.7849999999997169 0
175 0.88 0.8087499999998148 0
176 0.88 0.8324999999998909 0
177 0.88 0.8562499999999238 0
178 1 0.05999999999983217 0
179 1 0.2466666666664191 0
180 1 0.3733333333327405 0
181 1 0.4999999999990401 0
182 1 0.6266666666659977 0
183 1 0.7533333333329988 0
184 1 0.9399999999998482 0
185 0.05999999999983217 0 0.1
186 0 0.05999999999983217 0.1
187 0.2466666666664191 0 0.1
188 0.3733333333327405 0 0.1
189 0.4999999999990401 0 0.1
190 0.6266666666659977 0 0.1
191 0.7533333333329988 0 0.1
192 0.8562499999999238 0.12 0.1
193 0.8324999999998909 0.12 0.1
194 0.8087499999998148 0.12 0.1
195 0.7849999999997169 0.12 0.1
196 0.7612499999996841 0.12 0.1
197 0.7374999999996079 0.12 0.1
198 0.7137499999995318 0.12 0.1
199 0.6899999999994989 0.12 0.1
200 0.6662499999994661 0.12 0.1
201 0.6424999999993898 0.12 0.1
202 0.6187499999992919 0.12 0.1
203 0.5949999999992592 0.12 0.1
204 0.571249999999248 0.12 0.1
205 0.5474999999992152 0.12 0.1
206 0.5237499999991173 0.12 0.1
207 0.499999999999041 0.12 0.1
208 0.4762499999990948 0.12 0.1
209 0.4524999999991703 0.12 0.1
210 0.428749999999235 0.12 0.1
211 0.4049999999993106 0.12 0.1
212 0.381249999999386 0.12 0.1
213 0.3574999999994399 0.12 0.1
214 0.3337499999995263 0.12 0.1
215 0.3099999999995801 0.12 0.1
216 0.286249999999634 0.12 0.1
217 0.2624999999997203 0.12 0.1
218 0.2387499999997687 0.12 0.1
219 0.2149999999998334 0.12 0.1
220 0.1912499999998764 0.12 0.1
221 0.167499999999914 0.12 0.1
222 0.143749999999957 0.12 0.1
223 0.9399999999998482 0 0.1
224 1 0.05999999999983217 0.1
225 0.12 0.143749999999957 0.1
226 0.12 0.167499999999914 0.1
227 0.12 0.1912499999998764 0.1
228 0.12 0.2149999999998334 0.1
229 0.12 0.2387499999997687 0.1
230 0.12 0.2624999999997203 0.1
231 0.12 0.286249999999634 0.1
232 0.12 0.3099999999995801 0.1
233 0.12 0.3337499999995263 0.1
234 0.12 0.3574999999994399 0.1
235 0.12 0.381249999999386 0.1
236 0.12 0.4049999999993106 0.1
237 0.12 0.428749999999235 0.1
238 0.12 0.4524999999991703 0.1
239 0.12 0.4762499999990948 0.1
240 0.12 0.499999999999041 0.1
241 0.12 0.5237499999991173 0.1
242 0.12 0.5474999999992152 0.1
243 0.12 0.571249999999248 0.1
244 0.12 0.5949999999992592 0.1
245 0.12 0.6187499999992919 0.1
246 0.12 0.6424999999993898 0.1
247 0.12 0.6662499999994661 0.1
248 0.12 0.6899999999994989 0.1
249 0.12 0.7137499999995318 0.1
250 0.12 0.7374999999996079 0.1
251 0.12 0.7612499999996841 0.1
252 0.12 0.7849999999997169 0.1
253 0.12 0.8087499999998148 0.1
254 0.12 0.8324999999998909 0.1
255 0.12 0.8562499999999238 0.1
256 0 0.7533333333329988 0.1
257 0 0.6266666666659977 0.1
258 0 0.4999999999990401 0.1
259 0 0.3733333333327405 0.1
260 0 0.2466666666664191 0.1
261 0.88 0.143749999999957 0.1
262 0.88 0.167499999999914 0.1
263 0.88 0.1912499999998764 0.1
264 0.88 0.2149999999998334 0.1
265 0.88 0.2387499999997687 0.1
266 0.88 0.2624999999997203 0.1
267 0.88 0.286249999999634 0.1
268 0.88 0.3099999999995801 0.1
269 0.88 0.3337499999995263 0.1
270 0.88 0.3574999999994399 0.1
271 0.88 0.381249999999386 0.1
272 0.88 0.4049999999993106 0.1
273 0.88 0.428749999999235 0.1
274 0.88 0.4524999999991703 0.1
275 0.88 0.4762499999990948 0.1
276 0.88 0.499999999999041 0.1
277 0.88 0.5237499999991173 0.1
278 0.88 0.5474999999992152 0.1
279 0.88 0.571249999999248 0.1
280 0.88 0.5949999999992592 0.1
281 0.88 0.6187499999992919 0.1
282 0.88 0.6424999999993898 0.1
283 0.88 0.6662499999994661 0.1
284 0.88 0.6899999999994989 0.1
285 0.88 0.7137499999995318 0.1
286 0.88 0.7374999999996079 0.1
287 0.88 0.7612499999996841 0.1
288 0.88 0.7849999999997169 0.1
289 0.88 0.8087499999998148 0.1
290 0.88 0.8324999999998909 0.1
291 0.88 0.8562499999999238 0.1
292 0.8562499999999238 0.88 0.1
293 0.8324999999998909 0.88 0.1
294 0.8087499999998148 0.88 0.1
295 0.7849999999997169 0.88 0.1
296 0.7612499999996841 0.88 0.1
297 0.7374999999996079 0.88 0.1
298 0.7137499999995318 0.88 0.1
299 0.6899999999994989 0.88 0.1
300 0.6662499999994661 0.88 0.1
301 0.6424999999993898 0.88 0.1
302 0.6187499999992919 0.88 0.1
303 0.5949999999992592 0.88 0.1
304 0.571249999999248 0.88 0.1
305 0.5474999999992152 0.88 0.1
306 0.5237499999991173 0.88 0.1
307 0.499999999999041 0.88 0.1
308 0.4762499999990948 0.88 0.1
309 0.4524999999991703 0.88 0.1
310 0.428749999999235 0.88 0.1
311 0.4049999999993106 0.88 0.1
312 0.381249999999386 0.88 0.1
313 0.3574999999994399 0.88 0.1
314 0.3337499999995263 0.88 0.1
315 0.3099999999995801 0.88 0.1
316 0.286249999999634 0.88 0.1
317 0.2624999999997203 0.88 0.1
318 0.2387499999997687 0.88 0.1
319 0.2149999999998334 0.88 0.1
320 0.1912499999998764 0.88 0.1
321 0.167499999999914 0.88 0.1
322 0.143749999999957 0.88 0.1
323 1 0.2466666666664191 0.1
324 1 0.3733333333327405 0.1
325 1 0.4999999999990401 0.1
326 1 0.6266666666659977 0.1
327 1 0.7533333333329988 0.1
328 0.05999999999983217 1 0.1
329 0 0.9399999999998482 0.1
330 0.7533333333329988 1 0.1
331 0.6266666666659977 1 0.1
332 0.4999999999990401 1 0.1
333 0.3733333333327405 1 0.1
334 0.2466666666664191 1 0.1
335 1 0.9399999999998482 0.1
336 0.9399999999998482 1 0.1
337 0.04482907004538425 0.04530763278635878 0
338 0.06889783590055383 0.04519335414984915 0
339 0.04381533554388731 0.0691435042271548 0
340 0.5737084380083072 0.09536469441896189 0
341 0.82292237188073 0.08484680854769003 0
342 0.4423772443871117 0.09085664002625402 0
343 0.1713369522999268 0.09011478982493155 0
344 0.6726883949460148 0.09227245494722293 0
345 0.7124016104685024 0.08443016973411654 0
346 0.3102477618219533 0.09067514811885127 0
347 0.3496004994163946 0.1008345022908925 0
348 0.4066145498955424 0.09922697813125254 0
349 0.2101895145844883 0.08379343043824952 0
350 0.5997213919591218 0.1051849104647695 0
351 0.7658056365836913 0.08454217740565045 0
352 0.4843911750493278 0.08887051616693921 0
353 0.7016752290303273 0.05832050781754591 0
354 0.31959192052024 0.05197895356975996 0
355 0.2067228037176881 0.05040351539128337 0
356 0.6053196411515023 0.07601150585293195 0
357 0.4921762226969436 0.0487839405465883 0
358 0.4281664317461424 0.05300215445416537 0
359 0.3760255344290769 0.07558538034846489 0
360 0.5595681285872672 0.05678909634080356 0
361 0.2569034806702841 0.04741027174835733 0
362 0.6555240964165021 0.05799891927470418 0
363 0.531577595019793 0.09642312712136326 0
364 0.6325524862881777 0.1020334624447485 0
365 0.2612040296459283 0.09385315361714162 0
366 0.951376820687545 0.03013399059598075 0
367 0.9390363798499198 0.06609812404132279 0
368 0.9290190878758666 0.04145958965582254 0
369 0.09481133159494289 0.5720026318653585 0
370 0.09007439948769477 0.8277886146742927 0
371 0.09077479482924067 0.441065951132846 0
372 0.08999127769153828 0.1712932682963772 0
373 0.08956680575799136 0.6734428749929726 0
374 0.07597858221300724 0.7253477243319546 0
375 0.09027350425535136 0.3098913714132468 0
376 0.1005895351425773 0.3491867232036703 0
377 0.09894965962042472 0.4057584178325098 0
378 0.08351355919336999 0.2101199849455077 0
379 0.1047907104843138 0.5989386277656187 0
380 0.08952209491851473 0.7769629921561375 0
381 0.08883114910873011 0.4833719191134643 0
382 0.04961645368243005 0.6976552922588446 0
383 0.05219360761466428 0.3199810777544156 0
384 0.04364942987846613 0.766419083872883 0
385 0.07552591074768772 0.3748566641072852 0
386 0.04909773408118038 0.7942801591817229 0
387 0.05542569322179856 0.4224273636613554 0
388 0.04909370618333687 0.4907601691713411 0
389 0.05082412856591133 0.2074690252098708 0
390 0.07510798313135358 0.6042293780269288 0
391 0.0565022379595856 0.558668684503585 0
392 0.04724001098111628 0.2569632577704755 0
393 0.05536551230726478 0.6533997823191601 0
394 0.09623314571036441 0.5308911087969741 0
395 0.1012880224704256 0.6318556803744724 0
396 0.09367465535131832 0.2611997453539154 0
397 0.8566121795321331 0.514431777050157 0
398 0.1405681033398902 0.5118749999990791 0
399 0.5132637929700253 0.138919321646243 0
400 0.511874999999104 0.8594318966601 0
401 0.1405681033398175 0.3931249999993447 0
402 0.3931249999993452 0.8594318966601825 0
403 0.8594318966601849 0.3931249999993483 0
404 0.3931249999993419 0.1405681033398186 0
405 0.8566121795321742 0.6331817770503252 0
406 0.6306249999993409 0.1405681033399276 0
407 0.1405681033397971 0.6306249999992281 0
408 0.6300366814913037 0.8588729224223421 0
409 0.1405681033398043 0.2981249999995915 0
410 0.8594318966601803 0.298124999999607 0
411 0.298124999999607 0.8594318966601803 0
412 0.2976345087769524 0.140210788747928 0
413 0.8599797828025239 0.7236458333327658 0
414 0.72562499999957 0.1405681033399276 0
415 0.1405681033398744 0.7256249999993752 0
416 0.7252742419623766 0.8596344069072748 0
417 0.2276254309755555 0.1401348418139652 0
418 0.2282931762144508 0.858806502752079 0
419 0.8594318966601756 0.2268749999998011 0
420 0.1405681033398057 0.2268749999997859 0
421 0.8594318966600725 0.7968749999997655 0
422 0.7968749999997429 0.140568103339925 0
423 0.1405681033399107 0.7968749999996334 0
424 0.7970935474764288 0.8588971032578482 0
425 0.5591140818821382 0.858642020756313 0
426 0.8603893217041236 0.5603787398921561 0
427 0.1405681033398838 0.5593749999991952 0
428 0.5595377664099339 0.1409844816285414 0
429 0.347003170842448 0.1399172686160819 0
430 0.1405681033398003 0.3456249999994641 0
431 0.3470031708422117 0.8600827313838618 0
432 0.8597718378514831 0.3495833333327314 0
433 0.4643749999991269 0.8594318966601701 0
434 0.8588673720500167 0.4641490304352857 0
435 0.4637142914943862 0.1401866431067577 0
436 0.1405681033398606 0.464374999999165 0
437 0.6769032325140936 0.1398627155533704 0
438 0.1405681033398772 0.6781249999994063 0
439 0.6781249999994727 0.8594318966600842 0
440 0.8603893217041181 0.6791287398923879 0
441 0.1771211565322797 0.1413991019482299 0
442 0.1773152657007692 0.8587129670323008 0
443 0.8594318966601568 0.1793749999998952 0
444 0.1404560343592282 0.1795691091682027 0
445 0.8421941415472887 0.8584896903732092 0
446 0.1401108360700968 0.8442743624794891 0
447 0.8442743624794875 0.140110836070101 0
448 0.1405681033398885 0.5356249999991278 0
449 0.1611362066797369 0.523749999999102 0
450 0.1611362066797361 0.4999999999991157 0
451 0.18170431001957 0.5118749999990926 0
452 0.1817043100195674 0.4881249999991439 0
453 0.2022724133594 0.4999999999991129 0
454 0.2022724133594039 0.5237499999990547 0
455 0.2228405166992342 0.5118749999990797 0
456 0.2228405166992289 0.4881249999991356 0
457 0.243408620039064 0.4999999999991023 0
458 0.2434086200390577 0.4762499999991577 0
459 0.2639767233788932 0.4881249999991245 0
460 0.2639767233788995 0.5118749999990689 0
461 0.2845448267187286 0.499999999999091 0
462 0.284544826718725 0.5237499999990177 0
463 0.3051129300585519 0.5118749999990369 0
464 0.3051129300585576 0.4881249999991134 0
465 0.3256810333983789 0.499999999999059 0
466 0.3256810333983256 0.5237499999989964 0
467 0.3462491367382031 0.5118749999990213 0
468 0.34624913673819 0.4881249999990623 0
469 0.3668172400780552 0.4999999999990683 0
470 0.3668172400779926 0.5237499999989894 0
471 0.3873853434178692 0.5118749999990145 0
472 0.3873853434178671 0.4881249999990741 0
473 0.4079534467577161 0.499999999999055 0
474 0.4079534467576581 0.5237499999989788 0
475 0.4285215500975323 0.5118749999990029 0
476 0.4285215500975307 0.4881249999990609 0
477 0.4490896534373779 0.4999999999990413 0
478 0.4490896534373232 0.5237499999989658 0
479 0.4696577567771963 0.511874999998991 0
480 0.4696577567772053 0.4881249999990623 0
481 0.4902258601170413 0.4999999999990282 0
482 0.4902258601169898 0.5237499999989528 0
483 0.4902258601170285 0.4762499999990709 0
484 0.510793963456873 0.48812499999905 0
485 0.5107939634568578 0.4643749999990889 0
486 0.5313620667967038 0.4762499999990704 0
487 0.5313620667966976 0.4524999999991227 0
488 0.5107939634568547 0.4406249999991498 0
489 0.5313620667966923 0.4287499999991736 0
490 0.5519301701365344 0.4406249999991443 0
491 0.510793963456847 0.4168749999991997 0
492 0.5519301701365286 0.4168749999991915 0
493 0.5724982734763732 0.4287499999991634 0
494 0.5724982734763661 0.4049999999992087 0
495 0.5930663768162117 0.4168749999991799 0
496 0.5930663768162043 0.3931249999992246 0
497 0.6136344801560498 0.4049999999991959 0
498 0.6136344801560565 0.4287499999991506 0
499 0.6136344801560434 0.3812499999992391 0
500 0.5930663768161952 0.3693749999992649 0
501 0.6136344801560381 0.3574999999992778 0
502 0.6342025834958944 0.4168749999991678 0
503 0.634202583495901 0.4406249999991214 0
504 0.5930663768161853 0.3456249999993007 0
505 0.6547706868357391 0.4287499999991397 0
506 0.654770686835745 0.4524999999990947 0
507 0.6136344801560329 0.333749999999313 0
508 0.5930663768161771 0.3218749999993339 0
509 0.6753387901755832 0.4406249999991106 0
510 0.6753387901755994 0.4643749999990643 0
511 0.6547706868357506 0.4762499999990538 0
512 0.6753387901756104 0.4881249999990265 0
513 0.6547706868357351 0.4999999999990185 0
514 0.6753387901756063 0.5118749999989962 0
515 0.6547706868357347 0.5237499999989867 0
516 0.6753387901756113 0.5356249999989663 0
517 0.6547706868357417 0.5474999999989579 0
518 0.6753387901756192 0.559374999998939 0
519 0.6547706868357477 0.5712499999989319 0
520 0.6753387901756268 0.5831249999989141 0
521 0.6547706868357386 0.594999999998908 0
522 0.6753387901756314 0.6068749999988906 0
523 0.6547706868357412 0.6187499999988861 0
524 0.6753387901756384 0.63062499999887 0
525 0.6547706868357782 0.6424999999988662 0
526 0.675338790175654 0.6543749999988521 0
527 0.6342025834959015 0.6306249999988746 0
528 0.6342025834959197 0.6543749999988574 0
529 0.6136344801560274 0.6424999999988503 0
530 0.6136344801560587 0.6662499999988465 0
531 0.5930663768161968 0.6543749999988663 0
532 0.5930663768162053 0.6781249999988399 0
533 0.5724982734763476 0.6662499999988634 0
534 0.6753387901755767 0.4168749999991569 0
535 0.6136344801560517 0.6899999999988238 0
536 0.6136344801560274 0.3099999999993437 0
537 0.6342025834958855 0.3218749999993235 0
538 0.5724982734763517 0.6899999999988302 0
539 0.5519301701364856 0.6781249999988319 0
540 0.6959068935154227 0.4287499999991284 0
541 0.6959068935154141 0.4049999999991745 0
542 0.6959068935154972 0.5949999999988953 0
543 0.6342025834958805 0.2981249999993514 0
544 0.6547706868357359 0.3099999999993324 0
545 0.5519301701365009 0.701874999998817 0
546 0.5313620667966371 0.6899999999988171 0
547 0.593066376816169 0.2981249999993666 0
548 0.5724982734763213 0.3099999999993563 0
549 0.6959068935154941 0.4999999999989913 0
550 0.5724982734763125 0.2862499999993915 0
551 0.5519301701364669 0.2981249999993817 0
552 0.5313620667966548 0.7137499999988028 0
553 0.5107939634568059 0.701874999998827 0
554 0.5107939634567612 0.6781249999987936 0
555 0.4902258601169473 0.6899999999988307 0
556 0.6547706868357352 0.2862499999993566 0
557 0.675338790175581 0.2981249999993444 0
558 0.4902258601169636 0.7137499999988146 0
559 0.4696577567771226 0.7018749999988432 0
560 0.4696577567770471 0.6781249999988352 0
561 0.4490896534372387 0.689999999998841 0
562 0.4490896534372746 0.7137499999988269 0
563 0.4285215500974283 0.7018749999988511 0
564 0.4285215500974004 0.6781249999988608 0
565 0.4079534467575698 0.6899999999988544 0
566 0.4079534467575928 0.713749999998838 0
567 0.3873853434177406 0.7018749999988662 0
568 0.3873853434176883 0.6781249999988825 0
569 0.3668172400778702 0.6899999999988935 0
570 0.3668172400779025 0.713749999998859 0
571 0.3462491367380403 0.7018749999988823 0
572 0.3462491367380327 0.6781249999989173 0
573 0.3256810333981808 0.6899999999989008 0
574 0.3256810333981998 0.7137499999988691 0
575 0.3051129300583295 0.7018749999989015 0
576 0.3051129300583211 0.6781249999988972 0
577 0.593066376816161 0.63062499999886 0
578 0.7164749968552591 0.4168749999991409 0
579 0.3051129300583456 0.7256249999988686 0
580 0.5519301701365065 0.725624999998784 0
581 0.7164749968552495 0.3931249999991915 0
582 0.2845448267184739 0.7137499999988937 0
583 0.6753387901755898 0.2743749999993609 0
584 0.695906893515444 0.2862499999993497 0
585 0.5519301701364587 0.2743749999994196 0
586 0.5313620667966169 0.2862499999994059 0
587 0.5724982734762968 0.262499999999437 0
588 0.2845448267184802 0.7374999999988705 0
589 0.6342025834959051 0.5356249999989756 0
590 0.5313620667966084 0.2624999999994486 0
591 0.5107939634567703 0.2743749999994348 0
592 0.5107939634567774 0.298124999999389 0
593 0.4902258601169343 0.2862499999994192 0
594 0.4902258601169412 0.309999999999371 0
595 0.4696577567771001 0.2981249999994011 0
596 0.4696577567770923 0.2743749999994514 0
597 0.4490896534372596 0.2862499999994326 0
598 0.4490896534372665 0.3099999999993818 0
599 0.4285215500974271 0.2981249999994129 0
600 0.4285215500974336 0.3218749999993614 0
601 0.4079534467575946 0.3099999999993928 0
602 0.407953446757601 0.3337499999993409 0
603 0.3873853434177626 0.3218749999993726 0
604 0.3873853434177577 0.2981249999994245 0
605 0.3668172400779249 0.3099999999994048 0
606 0.3668172400779319 0.3337499999993533 0
607 0.3462491367380949 0.3218749999993852 0
608 0.3462491367380873 0.2981249999994373 0
609 0.3256810333982606 0.3099999999994126 0
610 0.3256810333982658 0.3337499999993646 0
611 0.3051129300584275 0.3218749999993948 0
612 0.305112930058429 0.2981249999994422 0
613 0.3051129300584335 0.3456249999993414 0
614 0.2845448267185969 0.3337499999993738 0
615 0.4490896534372527 0.2624999999994844 0
616 0.6959068935154488 0.262499999999364 0
617 0.7164749968553155 0.2743749999993475 0
618 0.2845448267186041 0.3574999999993169 0
619 0.3051129300584456 0.369374999999288 0
620 0.2639767233787671 0.3456249999993515 0
621 0.2639767233786144 0.7256249999988895 0
622 0.7370431001950914 0.4049999999991609 0
623 0.7370431001950846 0.3812499999992102 0
624 0.7370431001951043 0.4287499999991022 0
625 0.654770686835731 0.2624999999994062 0
626 0.3051129300583829 0.7493749999988242 0
627 0.716474996855311 0.2506249999993663 0
628 0.7370431001951776 0.2624999999993489 0
629 0.263976723378615 0.749374999998889 0
630 0.7370431001951721 0.238749999999369 0
631 0.2639767233787896 0.3693749999993099 0
632 0.4285215500974395 0.3456249999993093 0
633 0.7576112035349323 0.4168749999991284 0
634 0.7576112035349434 0.4406249999990702 0
635 0.7576112035350399 0.2506249999993522 0
636 0.7576112035350435 0.274374999999327 0
637 0.5519301701364847 0.6543749999988731 0
638 0.2228405166992389 0.5356249999990257 0
639 0.5519301701364757 0.3218749999993443 0
640 0.2639767233787608 0.3218749999994076 0
641 0.2434086200389322 0.3337499999993851 0
642 0.2434086200389257 0.3099999999994419 0
643 0.4079534467576075 0.3574999999992885 0
644 0.4285215500974456 0.3693749999992564 0
645 0.4079534467576145 0.3812499999992354 0
646 0.428521550097452 0.3931249999992033 0
647 0.4696577567770829 0.2506249999995036 0
648 0.4490896534372453 0.2387499999995372 0
649 0.2639767233788867 0.4643749999991802 0
650 0.2434086200390514 0.4524999999992138 0
651 0.5313620667967125 0.4999999999990207 0
652 0.5724982734763771 0.4524999999991148 0
653 0.5313620667966611 0.7374999999987701 0
654 0.5519301701365117 0.7493749999987487 0
655 0.695906893515478 0.5474999999989451 0
656 0.6959068935155178 0.6424999999988537 0
657 0.695906893515527 0.6662499999988444 0
658 0.7164749968553989 0.6543749999988377 0
659 0.7164749968554061 0.678124999998837 0
660 0.7370431001952794 0.6662499999988299 0
661 0.7370431001952888 0.6899999999988307 0
662 0.7164749968554089 0.7018749999988386 0
663 0.7370431001952961 0.713749999998835 0
664 0.7164749968554112 0.7256249999988436 0
665 0.7370431001953026 0.737499999998843 0
666 0.7164749968554167 0.7493749999988514 0
667 0.7370431001953094 0.7612499999988538 0
668 0.757611203535177 0.7018749999988223 0
669 0.7370431001952739 0.6424999999988301 0
670 0.7576112035351547 0.6543749999988224 0
671 0.7576112035351477 0.6306249999988243 0
672 0.757611203535198 0.7493749999988412 0
673 0.695906893515525 0.7374999999988515 0
674 0.2639767233786061 0.7018749999989079 0
675 0.2434086200387397 0.7137499999989073 0
676 0.2434086200387339 0.689999999998917 0
677 0.69590689351553 0.7612499999988595 0
678 0.6753387901756405 0.7493749999988594 0
679 0.6959068935154502 0.2387499999993938 0
680 0.531362066796665 0.7612499999987334 0
681 0.4696577567770738 0.2268749999995578 0
682 0.6752385591666337 0.7729513947987657 0
683 0.6547539816675916 0.7612210657988252 0
684 0.7576112035352058 0.7731249999988575 0
685 0.7576112035350355 0.226874999999371 0
686 0.7781793068747722 0.4287499999990959 0
687 0.7781793068747789 0.4524999999990428 0
688 0.7781793068747689 0.404999999999151 0
689 0.778179306874905 0.2624999999993303 0
690 0.7781793068749085 0.2862499999993007 0
691 0.778179306875099 0.7612499999988406 0
692 0.5519301701365145 0.7731249999987149 0
693 0.4495953048816174 0.2158758139921777 0
694 0.4286058253381408 0.2270209689983355 0
695 0.407953446757621 0.4049999999991821 0
696 0.7576112035350065 0.2981249999993206 0
697 0.7781793068748291 0.309999999999312 0
698 0.3873853434177841 0.3931249999992144 0
699 0.2228405166990984 0.3218749999994187 0
700 0.2228405166990919 0.2981249999994758 0
701 0.2228405166991043 0.3456249999993607 0
702 0.2434086200389189 0.2862499999994993 0
703 0.2228405166990854 0.2743749999995337 0
704 0.2434086200389122 0.2624999999995572 0
705 0.2228405166990789 0.2506249999995922 0
706 0.2434086200389055 0.2387499999996155 0
707 0.2228405166990726 0.2268749999996507 0
708 0.2434086200388988 0.2149999999996743 0
709 0.263976723378732 0.226874999999639 0
710 0.2228405166988653 0.7018749999989187 0
711 0.2228405166988716 0.7256249999989131 0
712 0.2228405166988583 0.6781249999989254 0
713 0.243408620038727 0.6662499999989251 0
714 0.2228405166988547 0.6543749999989337 0
715 0.2434086200387209 0.6424999999989345 0
716 0.222840516698852 0.6306249999989457 0
717 0.2434086200387155 0.618749999998949 0
718 0.7781793068750316 0.6424999999988139 0
719 0.7781793068750182 0.6187499999988155 0
720 0.469657756777171 0.464374999999073 0
721 0.7164749968552404 0.3693749999992393 0
722 0.5724982734763674 0.7612499999987282 0
723 0.5724982734763692 0.7849999999987013 0
724 0.6950932728668173 0.7838277921455461 0
725 0.6546509664638742 0.784792638232029 0
726 0.5313620667966651 0.7849999999986961 0
727 0.5107939634568197 0.7731249999987142 0
728 0.7786981925266631 0.7841012636870485 0
729 0.7370431001951621 0.214999999999384 0
730 0.2228405166988476 0.6068749999989634 0
731 0.2639767233788799 0.4406249999992367 0
732 0.3873853434177915 0.4168749999991612 0
733 0.4490896534372835 0.3812499999992241 0
734 0.263976723378579 0.6306249999989355 0
735 0.2639767233785707 0.6068749999989597 0
736 0.2845448267184297 0.6187499999989386 0
737 0.7576112035351402 0.6068749999988297 0
738 0.7778013913283549 0.5949999999988256 0
739 0.7575482176106904 0.5831249999988423 0
740 0.777727907749823 0.5712499999988417 0
741 0.757525472693522 0.559374999998862 0
742 0.7780897852138438 0.5474999999988646 0
743 0.7575819947846583 0.5356249999988896 0
744 0.2434086200390451 0.4287499999992708 0
745 0.6342025834958372 0.5831249999989025 0
746 0.7781595184730286 0.5237499999988964 0
747 0.3668172400779546 0.4049999999991937 0
748 0.5519301701365176 0.3931249999992368 0
749 0.2228405166992173 0.4406249999992474 0
750 0.2228405166992112 0.4168749999993057 0
751 0.202272413359385 0.4287499999992814 0
752 0.2022724133593781 0.4049999999993423 0
753 0.675338790175569 0.3931249999992049 0
754 0.7576112035349511 0.464374999999019 0
755 0.6342025834958688 0.4881249999990172 0
756 0.675338790175645 0.6781249999988509 0
757 0.2845448267184594 0.5949999999989528 0
758 0.3051129300582774 0.6068749999989479 0
759 0.2022724133592678 0.2624999999995784 0
760 0.2022724133593359 0.5474999999989736 0
761 0.7573731291626076 0.2035373569083969 0
762 0.7781396278128315 0.2150687261508749 0
763 0.428636579525637 0.2023393680434442 0
764 0.4074944230760145 0.2157459761471857 0
765 0.2639767233787251 0.2031249999996975 0
766 0.28454482671856 0.2149999999996599 0
767 0.7576849855103256 0.7949057427342261 0
768 0.470247683462175 0.2041467829909624 0
769 0.4903241812310871 0.215170297164802 0
770 0.2228405166990664 0.2031249999997096 0
771 0.79874741021461 0.4406249999990638 0
772 0.798747410214623 0.4643749999989975 0
773 0.7987474102147648 0.2743749999993056 0
774 0.7988338911569282 0.7729752106135424 0
775 0.7987618237053151 0.7493500351012702 0
776 0.800186268101972 0.7938506558569414 0
777 0.7992978813224947 0.6066490304350121 0
778 0.7987291918709719 0.5356249999988671 0
779 0.5109086049859597 0.7966764350455464 0
780 0.4902449670385021 0.7849669058398394 0
781 0.3051129300583358 0.5831249999989646 0
782 0.3256810333981303 0.5949999999989568 0
783 0.4079534467576286 0.4287499999991293 0
784 0.3256810333981446 0.618749999998923 0
785 0.3462491367379706 0.6068749999989298 0
786 0.3462491367379618 0.5831249999989743 0
787 0.3668172400778061 0.5949999999989444 0
788 0.3668172400778184 0.6187499999988947 0
789 0.3873853434176519 0.6068749999989136 0
790 0.3873853434176409 0.5831249999989594 0
791 0.4079534467574858 0.5949999999989271 0
792 0.4079534467574975 0.6187499999988804 0
793 0.4285215500973312 0.6068749999988936 0
794 0.4285215500973183 0.583124999998941 0
795 0.4490896534371636 0.5949999999989064 0
796 0.4490896534371693 0.6187499999988659 0
797 0.4696577567769944 0.606874999998898 0
798 0.4696577567769932 0.5831249999989235 0
799 0.4902258601168401 0.5949999999988892 0
800 0.4902258601168391 0.6187499999988689 0
801 0.5107939634566883 0.6068749999988559 0
802 0.5107939634566776 0.5831249999988953 0
803 0.5313620667965279 0.5949999999988614 0
804 0.5313620667965149 0.5712499999989031 0
805 0.5519301701363658 0.58312499999887 0
806 0.5519301701363801 0.5593749999988951 0
807 0.5724982734762079 0.5712499999988766 0
808 0.5724982734762516 0.5474999999988848 0
809 0.44908965343729 0.4049999999991712 0
810 0.7370431001950778 0.3574999999992562 0
811 0.3668172400779622 0.4287499999991398 0
812 0.3462491367381255 0.4168749999991728 0
813 0.2022724133592722 0.3337499999993952 0
814 0.4078909886841107 0.2388986575239398 0
815 0.3872984297919121 0.2270241056115768 0
816 0.3875214143917397 0.2035792814938689 0
817 0.3668172400779199 0.2149999999996162 0
818 0.3668027544736184 0.2387748509348896 0
819 0.3462467224707003 0.2268791418221486 0
820 0.3462487343601737 0.2031256903034164 0
821 0.2845448267185732 0.2387499999995965 0
822 0.6547679026410693 0.7374951776321526 0
823 0.2022724133592405 0.2149999999996861 0
824 0.654770686835733 0.333749999999306 0
825 0.7164749968552306 0.3456249999992833 0
826 0.5930663768162147 0.7731249999987109 0
827 0.5930663768162159 0.7968749999986909 0
828 0.5930663768162233 0.7493749999987331 0
829 0.2639767233787155 0.5831249999989239 0
830 0.2022724133589912 0.7137499999989232 0
831 0.2022724133590028 0.7374999999989207 0
832 0.2022724133590818 0.6662499999989323 0
833 0.2022724133589853 0.618749999998958 0
834 0.819332329293607 0.7612208742850181 0
835 0.5324350398988132 0.807013249521905 0
836 0.4898151861613091 0.8070999739280943 0
837 0.4693950320645182 0.796252463076055 0
838 0.4696171538119537 0.7730157281518083 0
839 0.4490390988243367 0.7848780318704449 0
840 0.4490896534373059 0.8087499999986471 0
841 0.4285131243286436 0.7968546719772986 0
842 0.4285117200338358 0.773101283973791 0
843 0.4079504041188929 0.7849926593243183 0
844 0.2022724133592345 0.1912499999997455 0
845 0.4903405680834436 0.1914486800257279 0
846 0.5108294683035211 0.2031864961981488 0
847 0.7769202396086889 0.193101029444164 0
848 0.7983986363178796 0.203674137604065 0
849 0.4079534467576398 0.8087499999986505 0
850 0.3875895888275265 0.7965191347919478 0
851 0.3874188772129616 0.7730644656852138 0
852 0.3668568699454455 0.7849306000786676 0
853 0.3675199371249821 0.807232896064186 0
854 0.346372857890543 0.7966105826896041 0
855 0.2848290222654014 0.1901893677796989 0
856 0.2639767233787177 0.1793749999997553 0
857 0.7367653467606605 0.1917310830599064 0
858 0.2022724133592924 0.3574999999993579 0
859 0.2639767233788732 0.4168749999992933 0
860 0.2845448267187082 0.4287499999992593 0
861 0.5107939634567009 0.6306249999988127 0
862 0.5519301701363979 0.6068749999988413 0
863 0.2022724133589834 0.5949999999989761 0
864 0.3462491367381331 0.4406249999991175 0
865 0.1817043100195485 0.4168749999993136 0
866 0.4696577567771217 0.3931249999991918 0
867 0.469657756777115 0.3693749999992453 0
868 0.4902258601169616 0.3812499999992275 0
869 0.5930663768160754 0.5593749999988782 0
870 0.5930663768161204 0.535624999998882 0
871 0.5930663768160659 0.5831249999988466 0
872 0.3462763619081063 0.7730693637938799 0
873 0.7164749968552739 0.2981249999993475 0
874 0.4696577567771283 0.4168749999991391 0
875 0.181704310019503 0.3931249999993425 0
876 0.7986826680549443 0.2269779772920558 0
877 0.7370304542117541 0.5712499999988595 0
878 0.7983631602105136 0.511874999998873 0
879 0.3462463200928143 0.2506298321258472 0
880 0.1817043100195598 0.4406249999992549 0
881 0.3462491367381181 0.3931249999992277 0
882 0.5107939634567842 0.3218749999993427 0
883 0.2228405166991179 0.3693749999993131 0
884 0.325681033398293 0.4049999999992225 0
885 0.4490896534372968 0.4287499999991183 0
886 0.2639767233789042 0.5356249999990115 0
887 0.7576112035349226 0.3693749999992276 0
888 0.2639767233787462 0.2743749999995218 0
889 0.2228405166988806 0.7493749999989112 0
890 0.2022724133590152 0.7612499999989168 0
891 0.2228405166988902 0.7731249999989052 0
892 0.2022724133590292 0.7849999999989052 0
893 0.2228405166989007 0.7968749999988883 0
894 0.2022724133590426 0.808749999998888 0
895 0.1817043100191483 0.7731249999989221 0
896 0.2434086200387568 0.7849999999988931 0
897 0.2434086200387624 0.8087499999988648 0
898 0.2639767233786134 0.7968749999988752 0
899 0.2639767233786575 0.8206249999988403 0
900 0.2845448267184887 0.8087499999988383 0
901 0.5519301701365448 0.4881249999990416 0
902 0.5727270092607599 0.8083538179985986 0
903 0.5931044994469631 0.8205589696653323 0
904 0.5724982734763424 0.3574999999992906 0
905 0.6342025834958851 0.3693749999992542 0
906 0.6136344801560584 0.452499999999098 0
907 0.7781793068750416 0.666249999998815 0
908 0.7987474102149225 0.6543749999988058 0
909 0.7983694946682729 0.6781249999988057 0
910 0.6959068935153965 0.3574999999992688 0
911 0.7164287046162109 0.203205180509491 0
912 0.7576030373430209 0.5118749999989184 0
913 0.7370368710381672 0.523749999998916 0
914 0.3257061911186869 0.7849466577463982 0
915 0.3257058465437582 0.8086970400717717 0
916 0.1817043100194149 0.2031249999997323 0
917 0.1817043100194295 0.2268749999996978 0
918 0.7370407009703503 0.4999999999989408 0
919 0.1817043100191597 0.6068749999989689 0
920 0.6136408339278688 0.8087389949431412 0
921 0.5313620667966034 0.5474999999989028 0
922 0.2228405166990823 0.559374999998964 0
923 0.1817043100192643 0.5831249999989255 0
924 0.1817043100192531 0.630624999998969 0
925 0.8187627664271435 0.7384573861077994 0
926 0.7986576879420779 0.7257804035340448 0
927 0.8193155135548814 0.7137499999987763 0
928 0.7161442175119431 0.1799479266281333 0
929 0.6959956116134715 0.1916213666324717 0
930 0.8189375980078395 0.4524999999990286 0
931 0.8192525276300042 0.4287499999990874 0
932 0.8217388372803375 0.478774772465395 0
933 0.8188686786652151 0.2151086858155967 0
934 0.8190965699023005 0.2387591829399953 0
935 0.8190011334238712 0.1930244794459089 0
936 0.8220812427474481 0.6688067770500545 0
937 0.8193155135548092 0.642499999998786 0
938 0.8182910104525905 0.5247537398918207 0
939 0.8199608044503259 0.5457164364336654 0
940 0.7576112035349158 0.3456249999992739 0
941 0.7781793068747601 0.3574999999992444 0
942 0.3668172400779817 0.4524999999991028 0
943 0.2845448267185171 0.7849999999988246 0
944 0.4902258601168593 0.6424999999988097 0
945 0.1611362066796869 0.4287499999992633 0
946 0.2845448267184434 0.6424999999989118 0
947 0.2845448267186765 0.4049999999992897 0
948 0.3051602959828607 0.20294822796301 0
949 0.305285638363845 0.1791913144499569 0
950 0.3256801615794723 0.238751495657716 0
951 0.3256804186542562 0.2625010546302514 0
952 0.3668143563696611 0.2625049471764437 0
953 0.490225860116946 0.3337499999993209 0
954 0.5107939634567911 0.3456249999993001 0
955 0.510793963456758 0.2506249999994845 0
956 0.531362066796593 0.2387499999994989 0
957 0.1817043100194462 0.3456249999993914 0
958 0.1817043100194447 0.3218749999994395 0
959 0.6959068935153958 0.333749999999308 0
960 0.6136344801560487 0.7612499999987447 0
961 0.6136344801560522 0.7374999999987513 0
962 0.5930663768162026 0.7256249999987683 0
963 0.2845448267186823 0.5474999999989683 0
964 0.5519301701365522 0.5118749999989916 0
965 0.5724982734763807 0.4999999999990022 0
966 0.1611362066794994 0.5949999999989924 0
967 0.1817043100191158 0.7256249999989312 0
968 0.1817043100193194 0.7018749999989562 0
969 0.5104087979869485 0.1801288515708427 0
970 0.5313037900260704 0.1913858912945748 0
971 0.1821020471019329 0.1800639008348006 0
972 0.4669069175335622 0.1801840441359808 0
973 0.2224935887313818 0.1792252292534001 0
974 0.5292946038566613 0.1703607811756196 0
975 0.5512612030230724 0.1804194822433396 0
976 0.5518089628224455 0.2033217289227006 0
977 0.5723665777383874 0.1914568685274102 0
978 0.5724561229676317 0.2150672662413887 0
979 0.593037402441718 0.203170689127864 0
980 0.5930395984640815 0.1794170929422863 0
981 0.6134579932151252 0.1915542202674156 0
982 0.6136002366034607 0.2150583182322694 0
983 0.6340002669271736 0.2034750130056666 0
984 0.6341631568090009 0.2269430552060096 0
985 0.6136312839947107 0.238755482673414 0
986 0.6547303962931567 0.2150696780349691 0
987 0.6546486730530948 0.1929311078126097 0
988 0.8398836168942705 0.4406249999990504 0
989 0.8398836168945109 0.5356249999988378 0
990 0.8404466693505614 0.2032780966705932 0
991 0.839883616894711 0.6543749999987833 0
992 0.8392464088541876 0.7515088767314746 0
993 0.6979577935045511 0.1680821109034998 0
994 0.616430226281713 0.8363537892719266 0
995 0.635790809238469 0.8197115762505649 0
996 0.5938482256359294 0.8427952202595491 0
997 0.6163355702665593 0.164152259205662 0
998 0.5938254317789997 0.1572736527517874 0
999 0.2417101709939811 0.8362983746572744 0
1000 0.2632340229495576 0.8421669143140174 0
1001 0.7371652411487022 0.1649002658146226 0
1002 0.8401998229361373 0.7714875996059203 0
1003 0.8395331780488881 0.412916666665846 0
1004 0.8188686938795297 0.4043402777769306 0
1005 0.1611362066797367 0.5474999999990925 0
1006 0.6136344801559515 0.5712499999988797 0
1007 0.6136344801559219 0.5949999999988496 0
1008 0.5363072777573531 0.1385484690435396 0
1009 0.5355815136463242 0.8593002506761374 0
1010 0.5466452423076853 0.8389000860933216 0
1011 0.5235347614305323 0.8402960301400101 0
1012 0.4998985956764194 0.8405887034621213 0
1013 0.5107939634567205 0.6543749999987811 0
1014 0.5313620667965704 0.6424999999987979 0
1015 0.1817043100194738 0.3693749999993866 0
1016 0.2228405166992041 0.393124999999365 0
1017 0.1611362066797365 0.4762499999991732 0
1018 0.2639767233788236 0.3931249999992894 0
1019 0.5930663768160802 0.6068749999988194 0
1020 0.3462491367381619 0.4643749999990905 0
1021 0.3256810333983124 0.4524999999991311 0
1022 0.469657756777141 0.4406249999990926 0
1023 0.4490896534373205 0.4524999999990878 0
1024 0.8589619438054463 0.607301129507777 0
1025 0.8378959102312633 0.6172589588629049 0
1026 0.8388637933202068 0.5949999999992686 0
1027 0.8595439656406392 0.8204308908315221 0
1028 0.8388637933201556 0.8087499999997795 0
1029 0.8395495985020008 0.8326468210323604 0
1030 0.8182956899802368 0.8206249999997768 0
1031 0.8189756214403134 0.8444939442097389 0
1032 0.7981380748791859 0.8342429445815545 0
1033 0.7750515636387287 0.8453263228645058 0
1034 0.7776951500209461 0.8243883702175185 0
1035 0.7577233520011989 0.8359123855285129 0
1036 0.2639767233788379 0.5593749999989324 0
1037 0.7731249999997015 0.1405681033399088 0
1038 0.7851797521933832 0.1597390953653919 0
1039 0.8089597108923919 0.1594402956735507 0
1040 0.7623587917736099 0.1603167652391552 0
1041 0.1405681033398934 0.7731249999994345 0
1042 0.1405681033398707 0.7493749999993313 0
1043 0.1404918921282749 0.8206082270797495 0
1044 0.1611235048111072 0.8087472045128277 0
1045 0.1630894566078699 0.8361876666625653 0
1046 0.7781793068747715 0.3337499999992964 0
1047 0.7987474102146028 0.3456249999992732 0
1048 0.798747410214602 0.369374999999218 0
1049 0.8189375980078301 0.3574999999992354 0
1050 0.8191023687664244 0.3337499999992889 0
1051 0.8206431788952051 0.1402092402939032 0
1052 0.8360451164249614 0.1616305728960514 0
1053 0.757611203534946 0.321874999999314 0
1054 0.1405681033399387 0.6543749999993939 0
1055 0.1611362066796913 0.6662499999992277 0
1056 0.654171372085171 0.1404505387088303 0
1057 0.6424948043958723 0.1604762937074463 0
1058 0.6644769957379963 0.1587496407050056 0
1059 0.859431896660116 0.4881249999991131 0
1060 0.8388637933202808 0.4999999999990922 0
1061 0.4891532073392453 0.1436201918908692 0
1062 0.7164735587917123 0.5118749999989529 0
1063 0.7164743573072554 0.4881249999989797 0
1064 0.7164737189852419 0.535624999998925 0
1065 0.6959067869241202 0.4762499999990252 0
1066 0.716474872498724 0.464374999999024 0
1067 0.4881080992786413 0.8597193816837854 0
1068 0.4764917195382708 0.8394753644821999 0
1069 0.450903699800884 0.8354473887300022 0
1070 0.7521885156253904 0.8579219439306748 0
1071 0.6542769469147427 0.8596878169922055 0
1072 0.6660379119671468 0.8406384783739382 0
1073 0.6899646519941114 0.8391595741624784 0
1074 0.6760447094992312 0.8188860691905033 0
1075 0.7015625893812111 0.8195738520042417 0
1076 0.1817043100196934 0.8206249999998446 0
1077 0.8595131420249962 0.5833633115661613 0
1078 0.8392105578791302 0.5718264494897031 0
1079 0.8164193556994934 0.5840354170396745 0
1080 0.2228405166988451 0.5831249999989856 0
1081 0.1611362066796165 0.3337499999994288 0
1082 0.1405681033398366 0.701874999999305 0
1083 0.3256897638800014 0.761231836922579 0
1084 0.3462551293467223 0.7493627001186158 0
1085 0.7002456839390584 0.1434168722797874 0
1086 0.2434086200387496 0.7612499999989011 0
1087 0.8188001421375779 0.3811400462954891 0
1088 0.8398836168942679 0.369374999999201 0
1089 0.2507500718290289 0.1400036519591203 0
1090 0.2406894919190818 0.163049948895382 0
1091 0.1405681033398143 0.2506249999997406 0
1092 0.161136206679635 0.2387499999997638 0
1093 0.1611362066796329 0.2624999999996656 0
1094 0.305112930058444 0.7968749999986987 0
1095 0.3054410860168357 0.8200549534895983 0
1096 0.324532664538793 0.8319867917236433 0
1097 0.2856327178259229 0.8361447049578762 0
1098 0.3257176453735633 0.1911900387859163 0
1099 0.3245087230684333 0.1678687660754822 0
1100 0.7164749968552417 0.3218749999993295 0
1101 0.1405681033398756 0.4881249999991201 0
1102 0.8600606974045011 0.7017124288705376 0
1103 0.8378760769272322 0.6909612637924074 0
1104 0.8597718378515449 0.2545833333329327 0
1105 0.7987001292460765 0.2506436933715587 0
1106 0.8188932272378234 0.2625046460514608 0
1107 0.8188672169551978 0.2862507743413039 0
1108 0.8398836168944666 0.2743749999993072 0
1109 0.7986726941148256 0.2981251290563037 0
1110 0.8189953517441778 0.3100000548704394 0
1111 0.531362066796682 0.5237499999989373 0
1112 0.3051126822979525 0.250625425047701 0
1113 0.3051127863076774 0.2743752466126451 0
1114 0.7494671467762011 0.1409186530654033 0
1115 0.2434086200387842 0.5949999999989314 0
1116 0.7781540231764721 0.2387817328020905 0
1117 0.2022724133591794 0.5712499999989298 0
1118 0.2845448267185113 0.761249999998849 0
1119 0.7781106061085008 0.4999999999989141 0
1120 0.2743140967674458 0.1399222345513306 0
1121 0.2850852917451002 0.1637233977968891 0
1122 0.7370431001951501 0.2862499999993453 0
1123 0.4902258601168792 0.6662499999987805 0
1124 0.4696577567769611 0.654374999998894 0
1125 0.5313620667965979 0.666249999998795 0
1126 0.5519301701364979 0.6306249999988887 0
1127 0.3695286279530255 0.1404882043398293 0
1128 0.3814984699536224 0.1595928825766157 0
1129 0.4050414116583423 0.1607355491455976 0
1130 0.1405681033398085 0.3693749999994092 0
1131 0.1611362066796406 0.381249999999372 0
1132 0.1611362066796503 0.40499999999931 0
1133 0.7370431001952706 0.6187499999988333 0
1134 0.7164749968553928 0.630624999998845 0
1135 0.3256810333982845 0.3812499999992628 0
1136 0.3462491367381116 0.369374999999283 0
1137 0.6342025834958485 0.5593749999989297 0
1138 0.1817043100195643 0.464374999999199 0
1139 0.7781793068747636 0.3812499999992011 0
1140 0.6342025834958048 0.6068749999988734 0
1141 0.4168819019424437 0.1405013270841473 0
1142 0.428758052266266 0.1610583010480286 0
1143 0.4168643405746649 0.1805077895028862 0
1144 0.4409649086671335 0.1802884322275269 0
1145 0.4524999999991648 0.1611362066796631 0
1146 0.1611362066797034 0.4524999999992096 0
1147 0.613634480156002 0.5474999999988825 0
1148 0.6136344801558775 0.5237499999988945 0
1149 0.1405681033398094 0.2743749999996594 0
1150 0.5724982734763213 0.6424999999988543 0
1151 0.2228405166989063 0.820624999998863 0
1152 0.3695286279529763 0.8595117956601437 0
1153 0.3807466130394124 0.8402972571483038 0
1154 0.4063693526296144 0.8355539806451991 0
1155 0.6753383261431873 0.7256241962710704 0
1156 0.6547701454645721 0.7137490623164344 0
1157 0.6753386226083659 0.701874709763818 0
1158 0.6547705686793655 0.689999795345941 0
1159 0.695906788248905 0.7137498176717109 0
1160 0.5930482827166492 0.2269044593789897 0
1161 0.1611362066795919 0.214999999999726 0
1162 0.2024089027479522 0.143904140899455 0
1163 0.1544648765579803 0.1405124939396174 0
1164 0.3476016233055966 0.8217300568023642 0
1165 0.490225860116966 0.4287499999991072 0
1166 0.5107939634568172 0.7493749999987533 0
1167 0.5724982734763302 0.333749999999323 0
1168 0.5519301701364884 0.3456249999993105 0
1169 0.6342025834958096 0.5118749999989944 0
1170 0.6136344801559903 0.4999999999989719 0
1171 0.7164749968553901 0.6068749999988529 0
1172 0.2639767233785983 0.6781249999989136 0
1173 0.7576112035349271 0.3931249999991798 0
1174 0.7018106489924192 0.8595149451750048 0
1175 0.1405681033398278 0.4168749999992777 0
1176 0.3668172400777969 0.5712499999989911 0
1177 0.3873853434176677 0.5593749999989788 0
1178 0.346249136737992 0.5593749999989918 0
1179 0.3256810333981447 0.5712499999989975 0
1180 0.325681033398149 0.5474999999990298 0
1181 0.3668172400779112 0.547499999998954 0
1182 0.2022724133593901 0.4524999999992239 0
1183 0.407953446757476 0.5712499999989726 0
1184 0.4285215500973418 0.5593749999989615 0
1185 0.4285215500974691 0.440624999999101 0
1186 0.4285215500974905 0.4643749999990678 0
1187 0.4079534467576508 0.4524999999990971 0
1188 0.263976723378589 0.6543749999989177 0
1189 0.284544826718458 0.666249999998901 0
1190 0.3051129300583161 0.6543749999989066 0
1191 0.3256810333981864 0.6662499999989149 0
1192 0.3462491367380129 0.6543749999989026 0
1193 0.3256810333981559 0.6424999999989041 0
1194 0.4490896534371492 0.571249999998954 0
1195 0.4696577567770151 0.5593749999989426 0
1196 0.4490896534372507 0.5474999999989265 0
1197 0.5107939634567122 0.5593749999989114 0
1198 0.4079534467575817 0.5474999999989412 0
1199 0.7986624426147149 0.4167650462954184 0
1200 0.7985728837659927 0.3929783950609014 0
1201 0.3256810333982749 0.3574999999993145 0
1202 0.5107939634568126 0.7256249999987922 0
1203 0.4902258601169715 0.7374999999987768 0
1204 0.4902222774430312 0.7612262723311103 0
1205 0.4696503925039435 0.74935283341301 0
1206 0.4696565293982596 0.7256213055678443 0
1207 0.4490882214952813 0.737495689829339 0
1208 0.2434086200389434 0.3574999999993304 0
1209 0.7781667554113265 0.737521739771772 0
1210 0.4902258601168419 0.5712499999989236 0
1211 0.4902258601168715 0.5474999999989434 0
1212 0.2228405166992234 0.4643749999991916 0
1213 0.4168749999992775 0.8594318966601763 0
1214 0.2639767233786183 0.7731249999988961 0
1215 0.4902258601169248 0.2624999999994693 0
1216 0.2022724133592703 0.2862499999995124 0
1217 0.4285215500974595 0.4168749999991508 0
1218 0.40795344675759 0.2862499999994447 0
1219 0.4285215500974215 0.2743749999994648 0
1220 0.4079430370786756 0.2625247762535605 0
1221 0.3873853434177695 0.3456249999993213 0
1222 0.3873853434177771 0.3693749999992688 0
1223 0.2428976106909786 0.1904833630246031 0
1224 0.2022724133592571 0.2387499999996446 0
1225 0.2434086200390695 0.5237499999990467 0
1226 0.3256810333983025 0.4287499999991917 0
1227 0.4405173742834443 0.1404804129864327 0
1228 0.4696577567771062 0.3218749999993507 0
1229 0.4285215500974738 0.8206249999986179 0
1230 0.2845448267187112 0.4762499999991468 0
1231 0.2845448267185899 0.3099999999994288 0
1232 0.489571332956414 0.1690195243511363 0
1233 0.4285215500973273 0.6306249999988488 0
1234 0.4079534467574913 0.6424999999988554 0
1235 0.4285215500973546 0.654374999998803 0
1236 0.4079534467575159 0.6662499999988665 0
1237 0.387385343417646 0.6543749999988957 0
1238 0.5313620667966252 0.3099999999993635 0
1239 0.2022724133593957 0.4762499999991677 0
1240 0.4490896534372728 0.3337499999993305 0
1241 0.2022724133592655 0.3099999999994526 0
1242 0.1817043100194519 0.2981249999995089 0
1243 0.7370304948772732 0.5949999999988455 0
1244 0.716474996855395 0.5831249999988555 0
1245 0.6342025834958882 0.393124999999214 0
1246 0.3873853434178037 0.4406249999991141 0
1247 0.3873853434178425 0.4643749999991064 0
1248 0.3668167594598816 0.2862508245289427 0
1249 0.7982812034002724 0.6315537396157008 0
1250 0.5930663768162168 0.4406249999991327 0
1251 0.5930663768162119 0.4643749999990798 0
1252 0.4285234513454744 0.2506782337957204 0
1253 0.2434086200390178 0.4049999999992977 0
1254 0.6547706868357318 0.404999999999186 0
1255 0.3462491367381036 0.3456249999993353 0
1256 0.2845448267187092 0.4524999999992029 0
1257 0.2026869920624195 0.8558190681548064 0
1258 0.3682537595921885 0.1926621947715623 0
1259 0.3476869884910012 0.1781805146954006 0
1260 0.5522485181832876 0.7963380923228125 0
1261 0.1405681033398464 0.4406249999992201 0
1262 0.5519301701365017 0.3693749999992775 0
1263 0.5313620667966499 0.3574999999993107 0
1264 0.5313620667966636 0.3812499999992577 0
1265 0.6341798459058885 0.7730856173376317 0
1266 0.2639767233787536 0.2981249999994643 0
1267 0.2845448027601278 0.2862500411016743 0
1268 0.26397672337874 0.250624999999579 0
1269 0.3668172400779473 0.3812499999992487 0
1270 0.510793963456856 0.5118749999989741 0
1271 0.7370553971911665 0.7846717904547618 0
1272 0.7370431001953139 0.8087499999988915 0
1273 0.4490896534372772 0.3574999999992774 0
1274 0.4696577567769732 0.6306249999988919 0
1275 0.4490896534373493 0.4762499999990655 0
1276 0.4902258601169646 0.4049999999991672 0
1277 0.490225860116992 0.4524999999990755 0
1278 0.3051129300582945 0.630624999998922 0
1279 0.5313620667966357 0.3337499999993286 0
1280 0.531362066796681 0.4049999999992196 0
1281 0.5519301701364392 0.250624999999474 0
1282 0.3229744743746419 0.1435549947595694 0
1283 0.5107939634568236 0.3931249999992302 0
1284 0.4285213114404417 0.7256242816372406 0
1285 0.4079534069814469 0.7374998802718751 0
1286 0.3873853367884046 0.7256249800443429 0
1287 0.6547706671430474 0.6662499658900323 0
1288 0.6959067756854961 0.5237499999989718 0
1289 0.7163414429132772 0.7728749304326256 0
1290 0.3873853434176583 0.6306249999988744 0
1291 0.3873702795835049 0.2506549606715247 0
1292 0.5313620667965638 0.6187499999988429 0
1293 0.4902422469692773 0.2387783828603926 0
1294 0.695906893515496 0.5712499999989055 0
1295 0.4696577567771104 0.3456249999992985 0
1296 0.7164726762131055 0.5593749999988945 0
1297 0.2845447574736362 0.2625001187934529 0
1298 0.3668172400779399 0.3574999999993027 0
1299 0.5519301701365391 0.4643749999990928 0
1300 0.4079568836437319 0.7612347148754625 0
1301 0.32304796475917 0.8563733256984774 0
1302 0.8594318966601843 0.3218749999995533 0
1303 0.5930663768161573 0.2743749999994013 0
1304 0.6136344801560113 0.2862499999993861 0
1305 0.5724982734762263 0.594999999998838 0
1306 0.7576091116245642 0.7256286232943192 0
1307 0.3873819103416296 0.2743822034081049 0
1308 0.5724982734763545 0.3812499999992505 0
1309 0.6342025834958842 0.3456249999992904 0
1310 0.4902258601169525 0.3574999999992722 0
1311 0.6959068935155113 0.6187499999988679 0
1312 0.6959068480432095 0.6899999212384832 0
1313 0.2434086200390239 0.5474999999989645 0
1314 0.202272413359228 0.1674999999998068 0
1315 0.2434086200387426 0.7374999999988995 0
1316 0.8013113869834292 0.5618070418322217 0
1317 0.5712932658851545 0.8355077796185956 0
1318 0.6342025834958587 0.2743749999994093 0
1319 0.2845448267184654 0.689999999998908 0
1320 0.7370431001950825 0.3337499999993062 0
1321 0.6959068935154047 0.3812499999992225 0
1322 0.7125703292265362 0.839781386521008 0
1323 0.7781619126005237 0.7137801277660958 0
1324 0.5724982734763605 0.7374999999987606 0
1325 0.2022724133591118 0.6899999999989319 0
1326 0.1817043100195581 0.5356249999990116 0
1327 0.6342025834958946 0.4643749999990672 0
1328 0.2022724133593574 0.3812499999993927 0
1329 0.5107939634568024 0.3693749999992593 0
1330 0.3462485588711255 0.2743759913654186 0
1331 0.8204443181262244 0.7822423698459358 0
1332 0.757611203535164 0.6781249999988213 0
1333 0.40795344675769 0.4762499999990887 0
1334 0.3668349703181635 0.7612170216123328 0
1335 0.714319568640966 0.7990510057699233 0
1336 0.7370201979877413 0.547499999998891 0
1337 0.654770686835725 0.3574999999992737 0
1338 0.4490765839305162 0.7612164960993085 0
1339 0.3256809754206154 0.2862500994636431 0
1340 0.6547706868357263 0.3812499999992313 0
1341 0.7781678567470842 0.4762499999989636 0
1342 0.3668172400780164 0.476249999999084 0
1343 0.6753387901755967 0.250624999999405 0
1344 0.5724982734763699 0.4762499999990597 0
1345 0.2434086200389615 0.3812499999992823 0
1346 0.3256810333983479 0.4762499999991042 0
1347 0.5714834146286081 0.1639129092178678 0
1348 0.1817043100191361 0.7493749999989302 0
1349 0.4285206315106104 0.7493716310333499 0
1350 0.7164672814821309 0.2268883634177445 0
1351 0.3051129300584639 0.3931249999992493 0
1352 0.572498273476354 0.7137499999987929 0
1353 0.6959068550241209 0.452499999999072 0
1354 0.5108189989256335 0.2269183627036471 0
1355 0.2022724133590294 0.6424999999989436 0
1356 0.2845448267186338 0.3812499999992905 0
1357 0.6754382894545851 0.2035651482305664 0
1358 0.3256944149708619 0.2149615990886368 0
1359 0.6753387901755641 0.3693749999992504 0
1360 0.1817021930412987 0.7968745340847214 0
1361 0.3051228680447133 0.2268394579593866 0
1362 0.3668172400778245 0.6424999999988966 0
1363 0.387394452503777 0.749356843748009 0
1364 0.6342025605210564 0.6781249602052283 0
1365 0.634202469745498 0.7018748029773311 0
1366 0.7164749697139597 0.4406249999990822 0
1367 0.7781134219048553 0.6900050212933608 0
1368 0.4406249999992025 0.859431896660204 0
1369 0.5313479068240998 0.2150520808472662 0
1370 0.3462501355061778 0.7256229500188125 0
1371 0.5930663768161986 0.701874999998803 0
1372 0.3462491367379877 0.6306249999989084 0
1373 0.6753387901755633 0.3456249999992871 0
1374 0.161136206679631 0.3574999999994087 0
1375 0.5724982734762691 0.6187499999988286 0
1376 0.7982776751575777 0.7019067587649799 0
1377 0.6753387901755655 0.3218749999993162 0
1378 0.3256836537079716 0.7374945811760949 0
1379 0.3668228774235246 0.737489082590162 0
1380 0.5519005838372446 0.2269276793349727 0
1381 0.6959068935154169 0.3099999999993325 0
1382 0.7370430749454703 0.4524999999990427 0
1383 0.1405681033397999 0.3218749999995261 0
1384 0.3051185780920905 0.7731130824440289 0
1385 0.1611362066796374 0.2862499999995783 0
1386 0.7370431001951167 0.3099999999993271 0
1387 0.1611362066796257 0.3099999999995122 0
1388 0.6136344801560316 0.4762499999990434 0
1389 0.6136344611976532 0.713749967161879 0
1390 0.1817043100194523 0.2743749999995843 0
1391 0.5724833016583959 0.238774900825626 0
1392 0.7370425687986235 0.4762499999989882 0
1393 0.5930663768161856 0.4881249999990122 0
1394 0.1817043100194534 0.2506249999996624 0
1395 0.7986460730982717 0.3218750306539855 0
1396 0.3051129300585196 0.4643749999991538 0
1397 0.3051129300584969 0.4406249999992096 0
1398 0.3051129300584849 0.4168749999992497 0
1399 0.7575959955837552 0.4881249999989573 0
1400 0.3668172400778458 0.6662499999988979 0
1401 0.6342020071167879 0.7256240016808782 0
1402 0.1405494251763736 0.2031573515278749 0
1403 0.5930603331363616 0.2506349738127238 0
1404 0.6341999836822374 0.7493704969894075 0
1405 0.4490896534371389 0.6662499999988056 0
1406 0.798710675637031 0.4884255681496729 0
1407 0.6136344801559828 0.6187499999988544 0
1408 0.1611807050026883 0.1914025602550543 0
1409 0.4490896534371541 0.6424999999988514 0
1410 0.6959068935154794 0.214999999999463 0
1411 0.6136329401824888 0.2625025760806358 0
1412 0.6136317495196939 0.7849916020459489 0
1413 0.6341952230255931 0.2506376856597258 0
1414 0.6547561738857828 0.2387750698164998 0
1415 0.5107939634567857 0.5356249999989369 0
1416 0.5519301701364865 0.5356249999988849 0
1417 0.4696577567771077 0.5356249999989536 0
1418 0.428521550097448 0.5356249999989626 0
1419 0.6753462394733416 0.2269641493467162 0
1420 0.5724982734763346 0.5237499999988968 0
1421 0.3873853434177801 0.5356249999989761 0
1422 0.3462491367380955 0.535624999998997 0
1423 0.6342025834959274 0.7968749999987744 0
1424 0.5930663768161611 0.5118749999989125 0
1425 0.3051129300584958 0.5356249999989382 0
1426 0.3051129300584077 0.559374999998965 0
1427 0.1627587487892911 0.1642136037379094 0
1428 0.2845448267185731 0.5712499999989511 0
1429 0.1817043100193743 0.6543749999990103 0
1430 0.2434086200388815 0.5712499999989502 0
1431 0.1405681033397535 0.606874999999113 0
1432 0.6547711662848998 0.8071153393683967 0
1433 0.1611362066795163 0.618749999999054 0
1434 0.1817043100194525 0.5593749999989683 0
1435 0.1611362066796068 0.5712499999989787 0
1436 0.1405681033397712 0.5831249999990773 0
1437 0.1611362066795951 0.6424999999991472 0
1438 0.1817043100194551 0.6781249999989807 0
1439 0.1611362066796122 0.6899999999991089 0
1440 0.1611362066796489 0.7137499999989979 0
1441 0.1611362066797055 0.7374999999989477 0
1442 0.1611337368718515 0.7849994564324129 0
1443 0.1611357950449342 0.7612499094046631 0
1444 0.2023637202170809 0.8310888459089539 0
1445 0.3905343468793817 0.181070389321094 0
1446 0.6745875768279618 0.7950842038358135 0
1447 0.3592181553995187 0.8416127520550081 0
1448 0.3593576924163157 0.1583540331486184 0
1449 0.8604942671802934 0.8436471456587227 0
1450 0.1554103496525881 0.8602427541427502 0
1451 0.8603113707368277 0.1554818794844109 0
1452 0.1393828001287643 0.155860307803422 0
1453 0.5114802247375333 0.8198272305246299 0
1454 0.7974584960622479 0.179590730705663 0
1455 0.6750802512071924 0.1779582254122548 0
1456 0.6074652673500099 0.8601647849478953 0
1457 0.6071071706225096 0.1399095964614018 0
1458 0.2510558424590442 0.8599156641902124 0
1459 0.6351179646240634 0.1810849181577694 0
1460 0.6424999999993579 0.8409582895506379 0
1461 0.8353035055240897 0.392179398147363 0
1462 0.863817470281187 0.3701666666660213 0
1463 0.8600913469238585 0.4201736111103321 0
1464 0.8391239069658091 0.3423263888882382 0
1465 0.863768467173629 0.4412395283086147 0
1466 0.8363277859095928 0.4636194420325476 0
1467 0.8382968041183643 0.3195749527000872 0
1468 0.8638174702812386 0.2751666666662403 0
1469 0.8182487244607582 0.5025864904593651 0
1470 0.8350949772744773 0.297665156382149 0
1471 0.8391155453601714 0.247328693720475 0
1472 0.8353918719876851 0.2262699318292923 0
1473 0.8638620925341789 0.2031556193339998 0
1474 0.8603933933679941 0.5381795186064642 0
1475 0.7945115846167191 0.5837482978609151 0
1476 0.8216889484265633 0.6054983627201665 0
1477 0.8603933933680425 0.6569295186066536 0
1478 0.8151840006110824 0.6907099599210047 0
1479 0.858184226954691 0.7612499999988206 0
1480 0.8422900783983986 0.7127132761796739 0
1481 0.470018503843649 0.8187708500939161 0
1482 0.7372336608697837 0.8339753456505437 0
1483 0.3871920512857956 0.8188924904013229 0
1484 0.5525507622644432 0.8184581224009496 0
1485 0.7564695824363361 0.1817089018773859 0
1486 0.8351099631718744 0.1822376688594759 0
1487 0.2629631351278749 0.1572148466404955 0
1488 0.4286849432178534 0.8420256417042713 0
1489 0.2752045636387447 0.860000327930603 0
1490 0.5812893236162203 0.8604958902336308 0
1491 0.5817003739860691 0.1396594878399727 0
1492 0.7150378434192712 0.1588226371603851 0
1493 0.5452723776124505 0.1577863188840599 0
1494 0.3071659571694269 0.8409313884638085 0
1495 0.3070977272657946 0.1589098523659651 0
1496 0.2195789152373677 0.8405275582943953 0
1497 0.4722857489705722 0.1588474452811864 0
1498 0.8199026620927473 0.8643761475681592 0
1499 0.1854319489215666 0.8404867095516941 0
1500 0.1840907325145158 0.1597584050097049 0
1501 0.7210978673496371 0.8205443361886123 0
1502 0.5083327578247123 0.1598879332022112 0
1503 0.7741167253479899 0.8644290740106059 0
1504 0.2192135713488505 0.1586982051301379 0
1505 0.405617459637116 0.1965099285462036 0
1506 0.4521235621035063 0.1965048839551589 0
1507 0.7783151559349011 0.8045198470744215 0
1508 0.1373862066797866 0.8626137933201798 0
1509 0.8626137933201798 0.1373862066797866 0
1510 0.8626137933202006 0.8626137933202006 0
1511 0.1373862066797294 0.1373862066797294 0
1512 0.7567032707752965 0.8165110900748769 0
1513 0.6917267866863142 0.8029319892796413 0
1514 0.8627796086551274 0.7789234072642665 0
1515 0.8426372357892593 0.4804592448774008 0
1516 0.817005168389375 0.624112127344485 0
1517 0.8379425332579414 0.7311264880160695 0
1518 0.8627796086556065 0.7435765927342453 0
1519 0.8423408503043059 0.7910224393570924 0
1520 0.8217727469643962 0.8028974393571006 0
1521 0.8004256849349073 0.8142798264407236 0
1522 0.8428052089112003 0.6716913847211228 0
1523 0.8418013762760217 0.5533484210500657 0
1524 0.8217727469645798 0.5653974393568166 0
1525 0.8353725318600587 0.516663746562406 0
1526 0.8352514159358216 0.6354424053232693 0
1527 0.3408678652711462 0.8421041792508226 0
1528 0.3408678652719117 0.1578958207492216 0
1529 0.6538668494192899 0.8261810538592524 0
1530 0.7731249999997007 0.1742758821216299 0
1531 0.5356249999992205 0.8258465438104643 0
1532 0.4881249999990507 0.826074993712312 0
1533 0.8196892028535696 0.1748120197357873 0
1534 0.3684556760310611 0.8259530904942372 0
1535 0.3694662514665019 0.1739720029026582 0
1536 0.6543749999993573 0.1738543236411219 0
1537 0.6827379593035774 0.1570887073788434 0
1538 0.5251500826547717 0.1528023893805961 0
1539 0.9046353055810381 0.5737084380083072 0
1540 0.9151531914523102 0.8229223718807299 0
1541 0.9091433599737461 0.4423772443871117 0
1542 0.9098852101750687 0.1713369522999268 0
1543 0.9077275450527771 0.6726883949460148 0
1544 0.9155698302658836 0.7124016104685024 0
1545 0.9093248518811489 0.3102477618219532 0
1546 0.8991654977091077 0.3496004994163945 0
1547 0.9007730218687477 0.4066145498955424 0
1548 0.9162065695617507 0.2101895145844882 0
1549 0.8948150895352307 0.5997213919591218 0
1550 0.9154578225943499 0.7658056365836913 0
1551 0.9111294838330609 0.4843911750493278 0
1552 0.9416794921824538 0.7016752290303273 0
1553 0.9480210464302398 0.3195919205202399 0
1554 0.9495964846087166 0.2067228037176879 0
1555 0.9239884941470681 0.6053196411515023 0
1556 0.9512160594534117 0.4921762226969436 0
1557 0.9469978455458348 0.4281664317461424 0
1558 0.9244146196515352 0.3760255344290767 0
1559 0.9432109036591965 0.5595681285872672 0
1560 0.9525897282516427 0.2569034806702841 0
1561 0.9420010807252956 0.6555240964165021 0
1562 0.9035768728786372 0.531577595019793 0
1563 0.8979665375552519 0.6325524862881777 0
1564 0.9061468463828583 0.2612040296459282 0
1565 0.04862317931237194 0.9698660094039143 0
1566 0.06096362015006143 0.9339018759585741 0
1567 0.07098091212407699 0.9585404103440945 0
1568 0.5720026318653584 0.9051886684050572 0
1569 0.8277886146742927 0.9099256005123054 0
1570 0.4410659511328457 0.9092252051707596 0
1571 0.1712932682963771 0.9100087223084617 0
1572 0.6734428749929726 0.9104331942420089 0
1573 0.7253477243319544 0.9240214177869928 0
1574 0.3098913714132466 0.9097264957446486 0
1575 0.3491867232036702 0.8994104648574226 0
1576 0.4057584178325097 0.9010503403795755 0
1577 0.2101199849455077 0.91648644080663 0
1578 0.5989386277656187 0.8952092895156865 0
1579 0.7769629921561374 0.9104779050814854 0
1580 0.4833719191134641 0.9111688508912701 0
1581 0.6976552922588445 0.9503835463175696 0
1582 0.3199810777544154 0.9478063923853355 0
1583 0.7664190838728829 0.9563505701215338 0
1584 0.3748566641072851 0.9244740892523123 0
1585 0.7942801591817228 0.9509022659188195 0
1586 0.4224273636613552 0.9445743067782015 0
1587 0.490760169171341 0.9509062938166633 0
1588 0.2074690252098706 0.9491758714340884 0
1589 0.6042293780269287 0.9248920168686463 0
1590 0.5586686845035849 0.9434977620404144 0
1591 0.2569632577704754 0.9527599890188834 0
1592 0.65339978231916 0.9446344876927352 0
1593 0.530891108796974 0.9037668542896355 0
1594 0.6318556803744724 0.8987119775295747 0
1595 0.2611997453539153 0.9063253446486814 0
1596 0.969866009403917 0.9513768206875424 0
1597 0.9339018759585761 0.9390363798499177 0
1598 0.9585404103440964 0.9290190878758648 0
1599 0.04482907004538425 0.04530763278635878 0.1
1600 0.06889783590055383 0.04519335414984915 0.1
1601 0.04381533554388731 0.0691435042271548 0.1
1602 0.5737084380083072 0.09536469441896189 0.1
1603 0.82292237188073 0.08484680854769003 0.1
1604 0.4423772443871117 0.09085664002625402 0.1
1605 0.1713369522999268 0.09011478982493155 0.1
1606 0.6726883949460148 0.09227245494722293 0.1
1607 0.7124016104685024 0.08443016973411654 0.1
1608 0.3102477618219533 0.09067514811885127 0.1
1609 0.3496004994163946 0.1008345022908925 0.1
1610 0.4066145498955424 0.09922697813125254 0.1
1611 0.2101895145844883 0.08379343043824952 0.1
1612 0.5997213919591218 0.1051849104647695 0.1
1613 0.7658056365836913 0.08454217740565045 0.1
1614 0.4843911750493278 0.08887051616693921 0.1
1615 0.7016752290303273 0.05832050781754591 0.1
1616 0.31959192052024 0.05197895356975996 0.1
1617 0.2067228037176881 0.05040351539128337 0.1
1618 0.6053196411515023 0.07601150585293195 0.1
1619 0.4921762226969436 0.0487839405465883 0.1
1620 0.4281664317461424 0.05300215445416537 0.1
1621 0.3760255344290769 0.07558538034846489 0.1
1622 0.5595681285872672 0.05678909634080356 0.1
1623 0.2569034806702841 0.04741027174835733 0.1
1624 0.6555240964165021 0.05799891927470418 0.1
1625 0.531577595019793 0.09642312712136326 0.1
1626 0.6325524862881777 0.1020334624447485 0.1
1627 0.2612040296459283 0.09385315361714162 0.1
1628 0.951376820687545 0.03013399059598075 0.1
1629 0.9390363798499198 0.06609812404132279 0.1
1630 0.9290190878758666 0.04145958965582254 0.1
1631 0.09481133159494289 0.5720026318653585 0.1
1632 0.09007439948769477 0.8277886146742927 0.1
1633 0.09077479482924067 0.441065951132846 0.1
1634 0.08999127769153828 0.1712932682963772 0.1
1635 0.08956680575799136 0.6734428749929726 0.1
1636 0.07597858221300724 0.7253477243319546 0.1
1637 0.09027350425535136 0.3098913714132468 0.1
1638 0.1005895351425773 0.3491867232036703 0.1
1639 0.09894965962042472 0.4057584178325098 0.1
1640 0.08351355919336999 0.2101199849455077 0.1
1641 0.1047907104843138 0.5989386277656187 0.1
1642 0.08952209491851473 0.7769629921561375 0.1
1643 0.08883114910873011 0.4833719191134643 0.1
1644 0.04961645368243005 0.6976552922588446 0.1
1645 0.05219360761466428 0.3199810777544156 0.1
1646 0.04364942987846613 0.766419083872883 0.1
1647 0.07552591074768772 0.3748566641072852 0.1
1648 0.04909773408118038 0.7942801591817229 0.1
1649 0.05542569322179856 0.4224273636613554 0.1
1650 0.04909370618333687 0.4907601691713411 0.1
1651 0.05082412856591133 0.2074690252098708 0.1
1652 0.07510798313135358 0.6042293780269288 0.1
1653 0.0565022379595856 0.558668684503585 0.1
1654 0.04724001098111628 0.2569632577704755 0.1
1655 0.05536551230726478 0.6533997823191601 0.1
1656 0.09623314571036441 0.5308911087969741 0.1
1657 0.1012880224704256 0.6318556803744724 0.1
1658 0.09367465535131832 0.2611997453539154 0.1
1659 0.8566121795321331 0.514431777050157 0.1
1660 0.1405681033398902 0.5118749999990791 0.1
1661 0.5132637929700253 0.138919321646243 0.1
1662 0.511874999999104 0.8594318966601 0.1
1663 0.1405681033398175 0.3931249999993447 0.1
1664 0.3931249999993452 0.8594318966601825 0.1
1665 0.8594318966601849 0.3931249999993483 0.1
1666 0.3931249999993419 0.1405681033398186 0.1
1667 0.8566121795321742 0.6331817770503252 0.1
1668 0.6306249999993409 0.1405681033399276 0.1
1669 0.1405681033397971 0.6306249999992281 0.1
1670 0.6300366814913037 0.8588729224223421 0.1
1671 0.1405681033398043 0.2981249999995915 0.1
1672 0.8594318966601803 0.298124999999607 0.1
1673 0.298124999999607 0.8594318966601803 0.1
1674 0.2976345087769524 0.140210788747928 0.1
1675 0.8599797828025239 0.7236458333327658 0.1
1676 0.72562499999957 0.1405681033399276 0.1
1677 0.1405681033398744 0.7256249999993752 0.1
1678 0.7252742419623766 0.8596344069072748 0.1
1679 0.2276254309755555 0.1401348418139652 0.1
1680 0.2282931762144508 0.858806502752079 0.1
1681 0.8594318966601756 0.2268749999998011 0.1
1682 0.1405681033398057 0.2268749999997859 0.1
1683 0.8594318966600725 0.7968749999997655 0.1
1684 0.7968749999997429 0.140568103339925 0.1
1685 0.1405681033399107 0.7968749999996334 0.1
1686 0.7970935474764288 0.8588971032578482 0.1
1687 0.5591140818821382 0.858642020756313 0.1
1688 0.8603893217041236 0.5603787398921561 0.1
1689 0.1405681033398838 0.5593749999991952 0.1
1690 0.5595377664099339 0.1409844816285414 0.1
1691 0.347003170842448 0.1399172686160819 0.1
1692 0.1405681033398003 0.3456249999994641 0.1
1693 0.3470031708422117 0.8600827313838618 0.1
1694 0.8597718378514831 0.3495833333327314 0.1
1695 0.4643749999991269 0.8594318966601701 0.1
1696 0.8588673720500167 0.4641490304352857 0.1
1697 0.4637142914943862 0.1401866431067577 0.1
1698 0.1405681033398606 0.464374999999165 0.1
1699 0.6769032325140936 0.1398627155533704 0.1
1700 0.1405681033398772 0.6781249999994063 0.1
1701 0.6781249999994727 0.8594318966600842 0.1
1702 0.8603893217041181 0.6791287398923879 0.1
1703 0.1771211565322797 0.1413991019482299 0.1
1704 0.1773152657007692 0.8587129670323008 0.1
1705 0.8594318966601568 0.1793749999998952 0.1
1706 0.1404560343592282 0.1795691091682027 0.1
1707 0.8421941415472887 0.8584896903732092 0.1
1708 0.1401108360700968 0.8442743624794891 0.1
1709 0.8442743624794875 0.140110836070101 0.1
1710 0.1405681033398885 0.5356249999991278 0.1
1711 0.1611362066797369 0.523749999999102 0.1
1712 0.1611362066797361 0.4999999999991157 0.1
1713 0.18170431001957 0.5118749999990926 0.1
1714 0.1817043100195674 0.4881249999991439 0.1
1715 0.2022724133594 0.4999999999991129 0.1
1716 0.2022724133594039 0.5237499999990547 0.1
1717 0.2228405166992342 0.5118749999990797 0.1
1718 0.2228405166992289 0.4881249999991356 0.1
1719 0.243408620039064 0.4999999999991023 0.1
1720 0.2434086200390577 0.4762499999991577 0.1
1721 0.2639767233788932 0.4881249999991245 0.1
1722 0.2639767233788995 0.5118749999990689 0.1
1723 0.2845448267187286 0.499999999999091 0.1
1724 0.284544826718725 0.5237499999990177 0.1
1725 0.3051129300585519 0.5118749999990369 0.1
1726 0.3051129300585576 0.4881249999991134 0.1
1727 0.3256810333983789 0.499999999999059 0.1
1728 0.3256810333983256 0.5237499999989964 0.1
1729 0.3462491367382031 0.5118749999990213 0.1
1730 0.34624913673819 0.4881249999990623 0.1
1731 0.3668172400780552 0.4999999999990683 0.1
1732 0.3668172400779926 0.5237499999989894 0.1
1733 0.3873853434178692 0.5118749999990145 0.1
1734 0.3873853434178671 0.4881249999990741 0.1
1735 0.4079534467577161 0.499999999999055 0.1
1736 0.4079534467576581 0.5237499999989788 0.1
1737 0.4285215500975323 0.5118749999990029 0.1
1738 0.4285215500975307 0.4881249999990609 0.1
1739 0.4490896534373779 0.4999999999990413 0.1
1740 0.4490896534373232 0.5237499999989658 0.1
1741 0.4696577567771963 0.511874999998991 0.1
1742 0.4696577567772053 0.4881249999990623 0.1
1743 0.4902258601170413 0.4999999999990282 0.1
1744 0.4902258601169898 0.5237499999989528 0.1
1745 0.4902258601170285 0.4762499999990709 0.1
1746 0.510793963456873 0.48812499999905 0.1
1747 0.5107939634568578 0.4643749999990889 0.1
1748 0.5313620667967038 0.4762499999990704 0.1
1749 0.5313620667966976 0.4524999999991227 0.1
1750 0.5107939634568547 0.4406249999991498 0.1
1751 0.5313620667966923 0.4287499999991736 0.1
1752 0.5519301701365344 0.4406249999991443 0.1
1753 0.510793963456847 0.4168749999991997 0.1
1754 0.5519301701365286 0.4168749999991915 0.1
1755 0.5724982734763732 0.4287499999991634 0.1
1756 0.5724982734763661 0.4049999999992087 0.1
1757 0.5930663768162117 0.4168749999991799 0.1
1758 0.5930663768162043 0.3931249999992246 0.1
1759 0.6136344801560498 0.4049999999991959 0.1
1760 0.6136344801560565 0.4287499999991506 0.1
1761 0.6136344801560434 0.3812499999992391 0.1
1762 0.5930663768161952 0.3693749999992649 0.1
1763 0.6136344801560381 0.3574999999992778 0.1
1764 0.6342025834958944 0.4168749999991678 0.1
1765 0.634202583495901 0.4406249999991214 0.1
1766 0.5930663768161853 0.3456249999993007 0.1
1767 0.6547706868357391 0.4287499999991397 0.1
1768 0.654770686835745 0.4524999999990947 0.1
1769 0.6136344801560329 0.333749999999313 0.1
1770 0.5930663768161771 0.3218749999993339 0.1
1771 0.6753387901755832 0.4406249999991106 0.1
1772 0.6753387901755994 0.4643749999990643 0.1
1773 0.6547706868357506 0.4762499999990538 0.1
1774 0.6753387901756104 0.4881249999990265 0.1
1775 0.6547706868357351 0.4999999999990185 0.1
1776 0.6753387901756063 0.5118749999989962 0.1
1777 0.6547706868357347 0.5237499999989867 0.1
1778 0.6753387901756113 0.5356249999989663 0.1
1779 0.6547706868357417 0.5474999999989579 0.1
1780 0.6753387901756192 0.559374999998939 0.1
1781 0.6547706868357477 0.5712499999989319 0.1
1782 0.6753387901756268 0.5831249999989141 0.1
1783 0.6547706868357386 0.594999999998908 0.1
1784 0.6753387901756314 0.6068749999988906 0.1
1785 0.6547706868357412 0.6187499999988861 0.1
1786 0.6753387901756384 0.63062499999887 0.1
1787 0.6547706868357782 0.6424999999988662 0.1
1788 0.675338790175654 0.6543749999988521 0.1
1789 0.6342025834959015 0.6306249999988746 0.1
1790 0.6342025834959197 0.6543749999988574 0.1
1791 0.6136344801560274 0.6424999999988503 0.1
1792 0.6136344801560587 0.6662499999988465 0.1
1793 0.5930663768161968 0.6543749999988663 0.1
1794 0.5930663768162053 0.6781249999988399 0.1
1795 0.5724982734763476 0.6662499999988634 0.1
1796 0.6753387901755767 0.4168749999991569 0.1
1797 0.6136344801560517 0.6899999999988238 0.1
1798 0.6136344801560274 0.3099999999993437 0.1
1799 0.6342025834958855 0.3218749999993235 0.1
1800 0.5724982734763517 0.6899999999988302 0.1
1801 0.5519301701364856 0.6781249999988319 0.1
1802 0.6959068935154227 0.4287499999991284 0.1
1803 0.6959068935154141 0.4049999999991745 0.1
1804 0.6959068935154972 0.5949999999988953 0.1
1805 0.6342025834958805 0.2981249999993514 0.1
1806 0.6547706868357359 0.3099999999993324 0.1
1807 0.5519301701365009 0.701874999998817 0.1
1808 0.5313620667966371 0.6899999999988171 0.1
1809 0.593066376816169 0.2981249999993666 0.1
1810 0.5724982734763213 0.3099999999993563 0.1
1811 0.6959068935154941 0.4999999999989913 0.1
1812 0.5724982734763125 0.2862499999993915 0.1
1813 0.5519301701364669 0.2981249999993817 0.1
1814 0.5313620667966548 0.7137499999988028 0.1
1815 0.5107939634568059 0.701874999998827 0.1
1816 0.5107939634567612 0.6781249999987936 0.1
1817 0.4902258601169473 0.6899999999988307 0.1
1818 0.6547706868357352 0.2862499999993566 0.1
1819 0.675338790175581 0.2981249999993444 0.1
1820 0.4902258601169636 0.7137499999988146 0.1
1821 0.4696577567771226 0.7018749999988432 0.1
1822 0.4696577567770471 0.6781249999988352 0.1
1823 0.4490896534372387 0.689999999998841 0.1
1824 0.4490896534372746 0.7137499999988269 0.1
1825 0.4285215500974283 0.7018749999988511 0.1
1826 0.4285215500974004 0.6781249999988608 0.1
1827 0.4079534467575698 0.6899999999988544 0.1
1828 0.4079534467575928 0.713749999998838 0.1
1829 0.3873853434177406 0.7018749999988662 0.1
1830 0.3873853434176883 0.6781249999988825 0.1
1831 0.3668172400778702 0.6899999999988935 0.1
1832 0.3668172400779025 0.713749999998859 0.1
1833 0.3462491367380403 0.7018749999988823 0.1
1834 0.3462491367380327 0.6781249999989173 0.1
1835 0.3256810333981808 0.6899999999989008 0.1
1836 0.3256810333981998 0.7137499999988691 0.1
1837 0.3051129300583295 0.7018749999989015 0.1
1838 0.3051129300583211 0.6781249999988972 0.1
1839 0.593066376816161 0.63062499999886 0.1
1840 0.7164749968552591 0.4168749999991409 0.1
1841 0.3051129300583456 0.7256249999988686 0.1
1842 0.5519301701365065 0.725624999998784 0.1
1843 0.7164749968552495 0.3931249999991915 0.1
1844 0.2845448267184739 0.7137499999988937 0.1
1845 0.6753387901755898 0.2743749999993609 0.1
1846 0.695906893515444 0.2862499999993497 0.1
1847 0.5519301701364587 0.2743749999994196 0.1
1848 0.5313620667966169 0.2862499999994059 0.1
1849 0.5724982734762968 0.262499999999437 0.1
1850 0.2845448267184802 0.7374999999988705 0.1
1851 0.6342025834959051 0.5356249999989756 0.1
1852 0.5313620667966084 0.2624999999994486 0.1
1853 0.5107939634567703 0.2743749999994348 0.1
1854 0.5107939634567774 0.298124999999389 0.1
1855 0.4902258601169343 0.2862499999994192 0.1
1856 0.4902258601169412 0.309999999999371 0.1
1857 0.4696577567771001 0.2981249999994011 0.1
1858 0.4696577567770923 0.2743749999994514 0.1
1859 0.4490896534372596 0.2862499999994326 0.1
1860 0.4490896534372665 0.3099999999993818 0.1
1861 0.4285215500974271 0.2981249999994129 0.1
1862 0.4285215500974336 0.3218749999993614 0.1
1863 0.4079534467575946 0.3099999999993928 0.1
1864 0.407953446757601 0.3337499999993409 0.1
1865 0.3873853434177626 0.3218749999993726 0.1
1866 0.3873853434177577 0.2981249999994245 0.1
1867 0.3668172400779249 0.3099999999994048 0.1
1868 0.3668172400779319 0.3337499999993533 0.1
1869 0.3462491367380949 0.3218749999993852 0.1
1870 0.3462491367380873 0.2981249999994373 0.1
1871 0.3256810333982606 0.3099999999994126 0.1
1872 0.3256810333982658 0.3337499999993646 0.1
1873 0.3051129300584275 0.3218749999993948 0.1
1874 0.305112930058429 0.2981249999994422 0.1
1875 0.3051129300584335 0.3456249999993414 0.1
1876 0.2845448267185969 0.3337499999993738 0.1
1877 0.4490896534372527 0.2624999999994844 0.1
1878 0.6959068935154488 0.262499999999364 0.1
1879 0.7164749968553155 0.2743749999993475 0.1
1880 0.2845448267186041 0.3574999999993169 0.1
1881 0.3051129300584456 0.369374999999288 0.1
1882 0.2639767233787671 0.3456249999993515 0.1
1883 0.2639767233786144 0.7256249999988895 0.1
1884 0.7370431001950914 0.4049999999991609 0.1
1885 0.7370431001950846 0.3812499999992102 0.1
1886 0.7370431001951043 0.4287499999991022 0.1
1887 0.654770686835731 0.2624999999994062 0.1
1888 0.3051129300583829 0.7493749999988242 0.1
1889 0.716474996855311 0.2506249999993663 0.1
1890 0.7370431001951776 0.2624999999993489 0.1
1891 0.263976723378615 0.749374999998889 0.1
1892 0.7370431001951721 0.238749999999369 0.1
1893 0.2639767233787896 0.3693749999993099 0.1
1894 0.4285215500974395 0.3456249999993093 0.1
1895 0.7576112035349323 0.4168749999991284 0.1
1896 0.7576112035349434 0.4406249999990702 0.1
1897 0.7576112035350399 0.2506249999993522 0.1
1898 0.7576112035350435 0.274374999999327 0.1
1899 0.5519301701364847 0.6543749999988731 0.1
1900 0.2228405166992389 0.5356249999990257 0.1
1901 0.5519301701364757 0.3218749999993443 0.1
1902 0.2639767233787608 0.3218749999994076 0.1
1903 0.2434086200389322 0.3337499999993851 0.1
1904 0.2434086200389257 0.3099999999994419 0.1
1905 0.4079534467576075 0.3574999999992885 0.1
1906 0.4285215500974456 0.3693749999992564 0.1
1907 0.4079534467576145 0.3812499999992354 0.1
1908 0.428521550097452 0.3931249999992033 0.1
1909 0.4696577567770829 0.2506249999995036 0.1
1910 0.4490896534372453 0.2387499999995372 0.1
1911 0.2639767233788867 0.4643749999991802 0.1
1912 0.2434086200390514 0.4524999999992138 0.1
1913 0.5313620667967125 0.4999999999990207 0.1
1914 0.5724982734763771 0.4524999999991148 0.1
1915 0.5313620667966611 0.7374999999987701 0.1
1916 0.5519301701365117 0.7493749999987487 0.1
1917 0.695906893515478 0.5474999999989451 0.1
1918 0.6959068935155178 0.6424999999988537 0.1
1919 0.695906893515527 0.6662499999988444 0.1
1920 0.7164749968553989 0.6543749999988377 0.1
1921 0.7164749968554061 0.678124999998837 0.1
1922 0.7370431001952794 0.6662499999988299 0.1
1923 0.7370431001952888 0.6899999999988307 0.1
1924 0.7164749968554089 0.7018749999988386 0.1
1925 0.7370431001952961 0.713749999998835 0.1
1926 0.7164749968554112 0.7256249999988436 0.1
1927 0.7370431001953026 0.737499999998843 0.1
1928 0.7164749968554167 0.7493749999988514 0.1
1929 0.7370431001953094 0.7612499999988538 0.1
1930 0.757611203535177 0.7018749999988223 0.1
1931 0.7370431001952739 0.6424999999988301 0.1
1932 0.7576112035351547 0.6543749999988224 0.1
1933 0.7576112035351477 0.6306249999988243 0.1
1934 0.757611203535198 0.7493749999988412 0.1
1935 0.695906893515525 0.7374999999988515 0.1
1936 0.2639767233786061 0.7018749999989079 0.1
1937 0.2434086200387397 0.7137499999989073 0.1
1938 0.2434086200387339 0.689999999998917 0.1
1939 0.69590689351553 0.7612499999988595 0.1
1940 0.6753387901756405 0.7493749999988594 0.1
1941 0.6959068935154502 0.2387499999993938 0.1
1942 0.531362066796665 0.7612499999987334 0.1
1943 0.4696577567770738 0.2268749999995578 0.1
1944 0.6752385591666337 0.7729513947987657 0.1
1945 0.6547539816675916 0.7612210657988252 0.1
1946 0.7576112035352058 0.7731249999988575 0.1
1947 0.7576112035350355 0.226874999999371 0.1
1948 0.7781793068747722 0.4287499999990959 0.1
1949 0.7781793068747789 0.4524999999990428 0.1
1950 0.7781793068747689 0.404999999999151 0.1
1951 0.778179306874905 0.2624999999993303 0.1
1952 0.7781793068749085 0.2862499999993007 0.1
1953 0.778179306875099 0.7612499999988406 0.1
1954 0.5519301701365145 0.7731249999987149 0.1
1955 0.4495953048816174 0.2158758139921777 0.1
1956 0.4286058253381408 0.2270209689983355 0.1
1957 0.407953446757621 0.4049999999991821 0.1
1958 0.7576112035350065 0.2981249999993206 0.1
1959 0.7781793068748291 0.309999999999312 0.1
1960 0.3873853434177841 0.3931249999992144 0.1
1961 0.2228405166990984 0.3218749999994187 0.1
1962 0.2228405166990919 0.2981249999994758 0.1
1963 0.2228405166991043 0.3456249999993607 0.1
1964 0.2434086200389189 0.2862499999994993 0.1
1965 0.2228405166990854 0.2743749999995337 0.1
1966 0.2434086200389122 0.2624999999995572 0.1
1967 0.2228405166990789 0.2506249999995922 0.1
1968 0.2434086200389055 0.2387499999996155 0.1
1969 0.2228405166990726 0.2268749999996507 0.1
1970 0.2434086200388988 0.2149999999996743 0.1
1971 0.263976723378732 0.226874999999639 0.1
1972 0.2228405166988653 0.7018749999989187 0.1
1973 0.2228405166988716 0.7256249999989131 0.1
1974 0.2228405166988583 0.6781249999989254 0.1
1975 0.243408620038727 0.6662499999989251 0.1
1976 0.2228405166988547 0.6543749999989337 0.1
1977 0.2434086200387209 0.6424999999989345 0.1
1978 0.222840516698852 0.6306249999989457 0.1
1979 0.2434086200387155 0.618749999998949 0.1
1980 0.7781793068750316 0.6424999999988139 0.1
1981 0.7781793068750182 0.6187499999988155 0.1
1982 0.469657756777171 0.464374999999073 0.1
1983 0.7164749968552404 0.3693749999992393 0.1
1984 0.5724982734763674 0.7612499999987282 0.1
1985 0.5724982734763692 0.7849999999987013 0.1
1986 0.6950932728668173 0.7838277921455461 0.1
1987 0.6546509664638742 0.784792638232029 0.1
1988 0.5313620667966651 0.7849999999986961 0.1
1989 0.5107939634568197 0.7731249999987142 0.1
1990 0.7786981925266631 0.7841012636870485 0.1
1991 0.7370431001951621 0.214999999999384 0.1
1992 0.2228405166988476 0.6068749999989634 0.1
1993 0.2639767233788799 0.4406249999992367 0.1
1994 0.3873853434177915 0.4168749999991612 0.1
1995 0.4490896534372835 0.3812499999992241 0.1
1996 0.263976723378579 0.6306249999989355 0.1
1997 0.2639767233785707 0.6068749999989597 0.1
1998 0.2845448267184297 0.6187499999989386 0.1
1999 0.7576112035351402 0.6068749999988297 0.1
2000 0.7778013913283549 0.5949999999988256 0.1
2001 0.7575482176106904 0.5831249999988423 0.1
2002 0.777727907749823 0.5712499999988417 0.1
2003 0.757525472693522 0.559374999998862 0.1
2004 0.7780897852138438 0.5474999999988646 0.1
2005 0.7575819947846583 0.5356249999988896 0.1
2006 0.2434086200390451 0.4287499999992708 0.1
2007 0.6342025834958372 0.5831249999989025 0.1
2008 0.7781595184730286 0.5237499999988964 0.1
2009 0.3668172400779546 0.4049999999991937 0.1
2010 0.5519301701365176 0.3931249999992368 0.1
2011 0.2228405166992173 0.4406249999992474 0.1
2012 0.2228405166992112 0.4168749999993057 0.1
2013 0.202272413359385 0.4287499999992814 0.1
2014 0.2022724133593781 0.4049999999993423 0.1
2015 0.675338790175569 0.3931249999992049 0.1
2016 0.7576112035349511 0.464374999999019 0.1
2017 0.6342025834958688 0.4881249999990172 0.1
2018 0.675338790175645 0.6781249999988509 0.1
2019 0.2845448267184594 0.5949999999989528 0.1
2020 0.3051129300582774 0.6068749999989479 0.1
2021 0.2022724133592678 0.2624999999995784 0.1
2022 0.2022724133593359 0.5474999999989736 0.1
2023 0.7573731291626076 0.2035373569083969 0.1
2024 0.7781396278128315 0.2150687261508749 0.1
2025 0.428636579525637 0.2023393680434442 0.1
2026 0.4074944230760145 0.2157459761471857 0.1
2027 0.2639767233787251 0.2031249999996975 0.1
2028 0.28454482671856 0.2149999999996599 0.1
2029 0.7576849855103256 0.7949057427342261 0.1
2030 0.470247683462175 0.2041467829909624 0.1
2031 0.4903241812310871 0.215170297164802 0.1
2032 0.2228405166990664 0.2031249999997096 0.1
2033 0.79874741021461 0.4406249999990638 0.1
2034 0.798747410214623 0.4643749999989975 0.1
2035 0.7987474102147648 0.2743749999993056 0.1
2036 0.7988338911569282 0.7729752106135424 0.1
2037 0.7987618237053151 0.7493500351012702 0.1
2038 0.800186268101972 0.7938506558569414 0.1
2039 0.7992978813224947 0.6066490304350121 0.1
2040 0.7987291918709719 0.5356249999988671 0.1
2041 0.5109086049859597 0.7966764350455464 0.1
2042 0.4902449670385021 0.7849669058398394 0.1
2043 0.3051129300583358 0.5831249999989646 0.1
2044 0.3256810333981303 0.5949999999989568 0.1
2045 0.4079534467576286 0.4287499999991293 0.1
2046 0.3256810333981446 0.618749999998923 0.1
2047 0.3462491367379706 0.6068749999989298 0.1
2048 0.3462491367379618 0.5831249999989743 0.1
2049 0.3668172400778061 0.5949999999989444 0.1
2050 0.3668172400778184 0.6187499999988947 0.1
2051 0.3873853434176519 0.6068749999989136 0.1
2052 0.3873853434176409 0.5831249999989594 0.1
2053 0.4079534467574858 0.5949999999989271 0.1
2054 0.4079534467574975 0.6187499999988804 0.1
2055 0.4285215500973312 0.6068749999988936 0.1
2056 0.4285215500973183 0.583124999998941 0.1
2057 0.4490896534371636 0.5949999999989064 0.1
2058 0.4490896534371693 0.6187499999988659 0.1
2059 0.4696577567769944 0.606874999998898 0.1
2060 0.4696577567769932 0.5831249999989235 0.1
2061 0.4902258601168401 0.5949999999988892 0.1
2062 0.4902258601168391 0.6187499999988689 0.1
2063 0.5107939634566883 0.6068749999988559 0.1
2064 0.5107939634566776 0.5831249999988953 0.1
2065 0.5313620667965279 0.5949999999988614 0.1
2066 0.5313620667965149 0.5712499999989031 0.1
2067 0.5519301701363658 0.58312499999887 0.1
2068 0.5519301701363801 0.5593749999988951 0.1
2069 0.5724982734762079 0.5712499999988766 0.1
2070 0.5724982734762516 0.5474999999988848 0.1
2071 0.44908965343729 0.4049999999991712 0.1
2072 0.7370431001950778 0.3574999999992562 0.1
2073 0.3668172400779622 0.4287499999991398 0.1
2074 0.3462491367381255 0.4168749999991728 0.1
2075 0.2022724133592722 0.3337499999993952 0.1
2076 0.4078909886841107 0.2388986575239398 0.1
2077 0.3872984297919121 0.2270241056115768 0.1
2078 0.3875214143917397 0.2035792814938689 0.1
2079 0.3668172400779199 0.2149999999996162 0.1
2080 0.3668027544736184 0.2387748509348896 0.1
2081 0.3462467224707003 0.2268791418221486 0.1
2082 0.3462487343601737 0.2031256903034164 0.1
2083 0.2845448267185732 0.2387499999995965 0.1
2084 0.6547679026410693 0.7374951776321526 0.1
2085 0.2022724133592405 0.2149999999996861 0.1
2086 0.654770686835733 0.333749999999306 0.1
2087 0.7164749968552306 0.3456249999992833 0.1
2088 0.5930663768162147 0.7731249999987109 0.1
2089 0.5930663768162159 0.7968749999986909 0.1
2090 0.5930663768162233 0.7493749999987331 0.1
2091 0.2639767233787155 0.5831249999989239 0.1
2092 0.2022724133589912 0.7137499999989232 0.1
2093 0.2022724133590028 0.7374999999989207 0.1
2094 0.2022724133590818 0.6662499999989323 0.1
2095 0.2022724133589853 0.618749999998958 0.1
2096 0.819332329293607 0.7612208742850181 0.1
2097 0.5324350398988132 0.807013249521905 0.1
2098 0.4898151861613091 0.8070999739280943 0.1
2099 0.4693950320645182 0.796252463076055 0.1
2100 0.4696171538119537 0.7730157281518083 0.1
2101 0.4490390988243367 0.7848780318704449 0.1
2102 0.4490896534373059 0.8087499999986471 0.1
2103 0.4285131243286436 0.7968546719772986 0.1
2104 0.4285117200338358 0.773101283973791 0.1
2105 0.4079504041188929 0.7849926593243183 0.1
2106 0.2022724133592345 0.1912499999997455 0.1
2107 0.4903405680834436 0.1914486800257279 0.1
2108 0.5108294683035211 0.2031864961981488 0.1
2109 0.7769202396086889 0.193101029444164 0.1
2110 0.7983986363178796 0.203674137604065 0.1
2111 0.4079534467576398 0.8087499999986505 0.1
2112 0.3875895888275265 0.7965191347919478 0.1
2113 0.3874188772129616 0.7730644656852138 0.1
2114 0.3668568699454455 0.7849306000786676 0.1
2115 0.3675199371249821 0.807232896064186 0.1
2116 0.346372857890543 0.7966105826896041 0.1
2117 0.2848290222654014 0.1901893677796989 0.1
2118 0.2639767233787177 0.1793749999997553 0.1
2119 0.7367653467606605 0.1917310830599064 0.1
2120 0.2022724133592924 0.3574999999993579 0.1
2121 0.2639767233788732 0.4168749999992933 0.1
2122 0.2845448267187082 0.4287499999992593 0.1
2123 0.5107939634567009 0.6306249999988127 0.1
2124 0.5519301701363979 0.6068749999988413 0.1
2125 0.2022724133589834 0.5949999999989761 0.1
2126 0.3462491367381331 0.4406249999991175 0.1
2127 0.1817043100195485 0.4168749999993136 0.1
2128 0.4696577567771217 0.3931249999991918 0.1
2129 0.469657756777115 0.3693749999992453 0.1
2130 0.4902258601169616 0.3812499999992275 0.1
2131 0.5930663768160754 0.5593749999988782 0.1
2132 0.5930663768161204 0.535624999998882 0.1
2133 0.5930663768160659 0.5831249999988466 0.1
2134 0.3462763619081063 0.7730693637938799 0.1
2135 0.7164749968552739 0.2981249999993475 0.1
2136 0.4696577567771283 0.4168749999991391 0.1
2137 0.181704310019503 0.3931249999993425 0.1
2138 0.7986826680549443 0.2269779772920558 0.1
2139 0.7370304542117541 0.5712499999988595 0.1
2140 0.7983631602105136 0.511874999998873 0.1
2141 0.3462463200928143 0.2506298321258472 0.1
2142 0.1817043100195598 0.4406249999992549 0.1
2143 0.3462491367381181 0.3931249999992277 0.1
2144 0.5107939634567842 0.3218749999993427 0.1
2145 0.2228405166991179 0.3693749999993131 0.1
2146 0.325681033398293 0.4049999999992225 0.1
2147 0.4490896534372968 0.4287499999991183 0.1
2148 0.2639767233789042 0.5356249999990115 0.1
2149 0.7576112035349226 0.3693749999992276 0.1
2150 0.2639767233787462 0.2743749999995218 0.1
2151 0.2228405166988806 0.7493749999989112 0.1
2152 0.2022724133590152 0.7612499999989168 0.1
2153 0.2228405166988902 0.7731249999989052 0.1
2154 0.2022724133590292 0.7849999999989052 0.1
2155 0.2228405166989007 0.7968749999988883 0.1
2156 0.2022724133590426 0.808749999998888 0.1
2157 0.1817043100191483 0.7731249999989221 0.1
2158 0.2434086200387568 0.7849999999988931 0.1
2159 0.2434086200387624 0.8087499999988648 0.1
2160 0.2639767233786134 0.7968749999988752 0.1
2161 0.2639767233786575 0.8206249999988403 0.1
2162 0.2845448267184887 0.8087499999988383 0.1
2163 0.5519301701365448 0.4881249999990416 0.1
2164 0.5727270092607599 0.8083538179985986 0.1
2165 0.5931044994469631 0.8205589696653323 0.1
2166 0.5724982734763424 0.3574999999992906 0.1
2167 0.6342025834958851 0.3693749999992542 0.1
2168 0.6136344801560584 0.452499999999098 0.1
2169 0.7781793068750416 0.666249999998815 0.1
2170 0.7987474102149225 0.6543749999988058 0.1
2171 0.7983694946682729 0.6781249999988057 0.1
2172 0.6959068935153965 0.3574999999992688 0.1
2173 0.7164287046162109 0.203205180509491 0.1
2174 0.7576030373430209 0.5118749999989184 0.1
2175 0.7370368710381672 0.523749999998916 0.1
2176 0.3257061911186869 0.7849466577463982 0.1
2177 0.3257058465437582 0.8086970400717717 0.1
2178 0.1817043100194149 0.2031249999997323 0.1
2179 0.1817043100194295 0.2268749999996978 0.1
2180 0.7370407009703503 0.4999999999989408 0.1
2181 0.1817043100191597 0.6068749999989689 0.1
2182 0.6136408339278688 0.8087389949431412 0.1
2183 0.5313620667966034 0.5474999999989028 0.1
2184 0.2228405166990823 0.559374999998964 0.1
2185 0.1817043100192643 0.5831249999989255 0.1
2186 0.1817043100192531 0.630624999998969 0.1
2187 0.8187627664271435 0.7384573861077994 0.1
2188 0.7986576879420779 0.7257804035340448 0.1
2189 0.8193155135548814 0.7137499999987763 0.1
2190 0.7161442175119431 0.1799479266281333 0.1
2191 0.6959956116134715 0.1916213666324717 0.1
2192 0.8189375980078395 0.4524999999990286 0.1
2193 0.8192525276300042 0.4287499999990874 0.1
2194 0.8217388372803375 0.478774772465395 0.1
2195 0.8188686786652151 0.2151086858155967 0.1
2196 0.8190965699023005 0.2387591829399953 0.1
2197 0.8190011334238712 0.1930244794459089 0.1
2198 0.8220812427474481 0.6688067770500545 0.1
2199 0.8193155135548092 0.642499999998786 0.1
2200 0.8182910104525905 0.5247537398918207 0.1
2201 0.8199608044503259 0.5457164364336654 0.1
2202 0.7576112035349158 0.3456249999992739 0.1
2203 0.7781793068747601 0.3574999999992444 0.1
2204 0.3668172400779817 0.4524999999991028 0.1
2205 0.2845448267185171 0.7849999999988246 0.1
2206 0.4902258601168593 0.6424999999988097 0.1
2207 0.1611362066796869 0.4287499999992633 0.1
2208 0.2845448267184434 0.6424999999989118 0.1
2209 0.2845448267186765 0.4049999999992897 0.1
2210 0.3051602959828607 0.20294822796301 0.1
2211 0.305285638363845 0.1791913144499569 0.1
2212 0.3256801615794723 0.238751495657716 0.1
2213 0.3256804186542562 0.2625010546302514 0.1
2214 0.3668143563696611 0.2625049471764437 0.1
2215 0.490225860116946 0.3337499999993209 0.1
2216 0.5107939634567911 0.3456249999993001 0.1
2217 0.510793963456758 0.2506249999994845 0.1
2218 0.531362066796593 0.2387499999994989 0.1
2219 0.1817043100194462 0.3456249999993914 0.1
2220 0.1817043100194447 0.3218749999994395 0.1
2221 0.6959068935153958 0.333749999999308 0.1
2222 0.6136344801560487 0.7612499999987447 0.1
2223 0.6136344801560522 0.7374999999987513 0.1
2224 0.5930663768162026 0.7256249999987683 0.1
2225 0.2845448267186823 0.5474999999989683 0.1
2226 0.5519301701365522 0.5118749999989916 0.1
2227 0.5724982734763807 0.4999999999990022 0.1
2228 0.1611362066794994 0.5949999999989924 0.1
2229 0.1817043100191158 0.7256249999989312 0.1
2230 0.1817043100193194 0.7018749999989562 0.1
2231 0.5104087979869485 0.1801288515708427 0.1
2232 0.5313037900260704 0.1913858912945748 0.1
2233 0.1821020471019329 0.1800639008348006 0.1
2234 0.4669069175335622 0.1801840441359808 0.1
2235 0.2224935887313818 0.1792252292534001 0.1
2236 0.5292946038566613 0.1703607811756196 0.1
2237 0.5512612030230724 0.1804194822433396 0.1
2238 0.5518089628224455 0.2033217289227006 0.1
2239 0.5723665777383874 0.1914568685274102 0.1
2240 0.5724561229676317 0.2150672662413887 0.1
2241 0.593037402441718 0.203170689127864 0.1
2242 0.5930395984640815 0.1794170929422863 0.1
2243 0.6134579932151252 0.1915542202674156 0.1
2244 0.6136002366034607 0.2150583182322694 0.1
2245 0.6340002669271736 0.2034750130056666 0.1
2246 0.6341631568090009 0.2269430552060096 0.1
2247 0.6136312839947107 0.238755482673414 0.1
2248 0.6547303962931567 0.2150696780349691 0.1
2249 0.6546486730530948 0.1929311078126097 0.1
2250 0.8398836168942705 0.4406249999990504 0.1
2251 0.8398836168945109 0.5356249999988378 0.1
2252 0.8404466693505614 0.2032780966705932 0.1
2253 0.839883616894711 0.6543749999987833 0.1
2254 0.8392464088541876 0.7515088767314746 0.1
2255 0.6979577935045511 0.1680821109034998 0.1
2256 0.616430226281713 0.8363537892719266 0.1
2257 0.635790809238469 0.8197115762505649 0.1
2258 0.5938482256359294 0.8427952202595491 0.1
2259 0.6163355702665593 0.164152259205662 0.1
2260 0.5938254317789997 0.1572736527517874 0.1
2261 0.2417101709939811 0.8362983746572744 0.1
2262 0.2632340229495576 0.8421669143140174 0.1
2263 0.7371652411487022 0.1649002658146226 0.1
2264 0.8401998229361373 0.7714875996059203 0.1
2265 0.8395331780488881 0.412916666665846 0.1
2266 0.8188686938795297 0.4043402777769306 0.1
2267 0.1611362066797367 0.5474999999990925 0.1
2268 0.6136344801559515 0.5712499999988797 0.1
2269 0.6136344801559219 0.5949999999988496 0.1
2270 0.5363072777573531 0.1385484690435396 0.1
2271 0.5355815136463242 0.8593002506761374 0.1
2272 0.5466452423076853 0.8389000860933216 0.1
2273 0.5235347614305323 0.8402960301400101 0.1
2274 0.4998985956764194 0.8405887034621213 0.1
2275 0.5107939634567205 0.6543749999987811 0.1
2276 0.5313620667965704 0.6424999999987979 0.1
2277 0.1817043100194738 0.3693749999993866 0.1
2278 0.2228405166992041 0.393124999999365 0.1
2279 0.1611362066797365 0.4762499999991732 0.1
2280 0.2639767233788236 0.3931249999992894 0.1
2281 0.5930663768160802 0.6068749999988194 0.1
2282 0.3462491367381619 0.4643749999990905 0.1
2283 0.3256810333983124 0.4524999999991311 0.1
2284 0.469657756777141 0.4406249999990926 0.1
2285 0.4490896534373205 0.4524999999990878 0.1
2286 0.8589619438054463 0.607301129507777 0.1
2287 0.8378959102312633 0.6172589588629049 0.1
2288 0.8388637933202068 0.5949999999992686 0.1
2289 0.8595439656406392 0.8204308908315221 0.1
2290 0.8388637933201556 0.8087499999997795 0.1
2291 0.8395495985020008 0.8326468210323604 0.1
2292 0.8182956899802368 0.8206249999997768 0.1
2293 0.8189756214403134 0.8444939442097389 0.1
2294 0.7981380748791859 0.8342429445815545 0.1
2295 0.7750515636387287 0.8453263228645058 0.1
2296 0.7776951500209461 0.8243883702175185 0.1
2297 0.7577233520011989 0.8359123855285129 0.1
2298 0.2639767233788379 0.5593749999989324 0.1
2299 0.7731249999997015 0.1405681033399088 0.1
2300 0.7851797521933832 0.1597390953653919 0.1
2301 0.8089597108923919 0.1594402956735507 0.1
2302 0.7623587917736099 0.1603167652391552 0.1
2303 0.1405681033398934 0.7731249999994345 0.1
2304 0.1405681033398707 0.7493749999993313 0.1
2305 0.1404918921282749 0.8206082270797495 0.1
2306 0.1611235048111072 0.8087472045128277 0.1
2307 0.1630894566078699 0.8361876666625653 0.1
2308 0.7781793068747715 0.3337499999992964 0.1
2309 0.7987474102146028 0.3456249999992732 0.1
2310 0.798747410214602 0.369374999999218 0.1
2311 0.8189375980078301 0.3574999999992354 0.1
2312 0.8191023687664244 0.3337499999992889 0.1
2313 0.8206431788952051 0.1402092402939032 0.1
2314 0.8360451164249614 0.1616305728960514 0.1
2315 0.757611203534946 0.321874999999314 0.1
2316 0.1405681033399387 0.6543749999993939 0.1
2317 0.1611362066796913 0.6662499999992277 0.1
2318 0.654171372085171 0.1404505387088303 0.1
2319 0.6424948043958723 0.1604762937074463 0.1
2320 0.6644769957379963 0.1587496407050056 0.1
2321 0.859431896660116 0.4881249999991131 0.1
2322 0.8388637933202808 0.4999999999990922 0.1
2323 0.4891532073392453 0.1436201918908692 0.1
2324 0.7164735587917123 0.5118749999989529 0.1
2325 0.7164743573072554 0.4881249999989797 0.1
2326 0.7164737189852419 0.535624999998925 0.1
2327 0.6959067869241202 0.4762499999990252 0.1
2328 0.716474872498724 0.464374999999024 0.1
2329 0.4881080992786413 0.8597193816837854 0.1
2330 0.4764917195382708 0.8394753644821999 0.1
2331 0.450903699800884 0.8354473887300022 0.1
2332 0.7521885156253904 0.8579219439306748 0.1
2333 0.6542769469147427 0.8596878169922055 0.1
2334 0.6660379119671468 0.8406384783739382 0.1
2335 0.6899646519941114 0.8391595741624784 0.1
2336 0.6760447094992312 0.8188860691905033 0.1
2337 0.7015625893812111 0.8195738520042417 0.1
2338 0.1817043100196934 0.8206249999998446 0.1
2339 0.8595131420249962 0.5833633115661613 0.1
2340 0.8392105578791302 0.5718264494897031 0.1
2341 0.8164193556994934 0.5840354170396745 0.1
2342 0.2228405166988451 0.5831249999989856 0.1
2343 0.1611362066796165 0.3337499999994288 0.1
2344 0.1405681033398366 0.701874999999305 0.1
2345 0.3256897638800014 0.761231836922579 0.1
2346 0.3462551293467223 0.7493627001186158 0.1
2347 0.7002456839390584 0.1434168722797874 0.1
2348 0.2434086200387496 0.7612499999989011 0.1
2349 0.8188001421375779 0.3811400462954891 0.1
2350 0.8398836168942679 0.369374999999201 0.1
2351 0.2507500718290289 0.1400036519591203 0.1
2352 0.2406894919190818 0.163049948895382 0.1
2353 0.1405681033398143 0.2506249999997406 0.1
2354 0.161136206679635 0.2387499999997638 0.1
2355 0.1611362066796329 0.2624999999996656 0.1
2356 0.305112930058444 0.7968749999986987 0.1
2357 0.3054410860168357 0.8200549534895983 0.1
2358 0.324532664538793 0.8319867917236433 0.1
2359 0.2856327178259229 0.8361447049578762 0.1
2360 0.3257176453735633 0.1911900387859163 0.1
2361 0.3245087230684333 0.1678687660754822 0.1
2362 0.7164749968552417 0.3218749999993295 0.1
2363 0.1405681033398756 0.4881249999991201 0.1
2364 0.8600606974045011 0.7017124288705376 0.1
2365 0.8378760769272322 0.6909612637924074 0.1
2366 0.8597718378515449 0.2545833333329327 0.1
2367 0.7987001292460765 0.2506436933715587 0.1
2368 0.8188932272378234 0.2625046460514608 0.1
2369 0.8188672169551978 0.2862507743413039 0.1
2370 0.8398836168944666 0.2743749999993072 0.1
2371 0.7986726941148256 0.2981251290563037 0.1
2372 0.8189953517441778 0.3100000548704394 0.1
2373 0.531362066796682 0.5237499999989373 0.1
2374 0.3051126822979525 0.250625425047701 0.1
2375 0.3051127863076774 0.2743752466126451 0.1
2376 0.7494671467762011 0.1409186530654033 0.1
2377 0.2434086200387842 0.5949999999989314 0.1
2378 0.7781540231764721 0.2387817328020905 0.1
2379 0.2022724133591794 0.5712499999989298 0.1
2380 0.2845448267185113 0.761249999998849 0.1
2381 0.7781106061085008 0.4999999999989141 0.1
2382 0.2743140967674458 0.1399222345513306 0.1
2383 0.2850852917451002 0.1637233977968891 0.1
2384 0.7370431001951501 0.2862499999993453 0.1
2385 0.4902258601168792 0.6662499999987805 0.1
2386 0.4696577567769611 0.654374999998894 0.1
2387 0.5313620667965979 0.666249999998795 0.1
2388 0.5519301701364979 0.6306249999988887 0.1
2389 0.3695286279530255 0.1404882043398293 0.1
2390 0.3814984699536224 0.1595928825766157 0.1
2391 0.4050414116583423 0.1607355491455976 0.1
2392 0.1405681033398085 0.3693749999994092 0.1
2393 0.1611362066796406 0.381249999999372 0.1
2394 0.1611362066796503 0.40499999999931 0.1
2395 0.7370431001952706 0.6187499999988333 0.1
2396 0.7164749968553928 0.630624999998845 0.1
2397 0.3256810333982845 0.3812499999992628 0.1
2398 0.3462491367381116 0.369374999999283 0.1
2399 0.6342025834958485 0.5593749999989297 0.1
2400 0.1817043100195643 0.464374999999199 0.1
2401 0.7781793068747636 0.3812499999992011 0.1
2402 0.6342025834958048 0.6068749999988734 0.1
2403 0.4168819019424437 0.1405013270841473 0.1
2404 0.428758052266266 0.1610583010480286 0.1
2405 0.4168643405746649 0.1805077895028862 0.1
2406 0.4409649086671335 0.1802884322275269 0.1
2407 0.4524999999991648 0.1611362066796631 0.1
2408 0.1611362066797034 0.4524999999992096 0.1
2409 0.613634480156002 0.5474999999988825 0.1
2410 0.6136344801558775 0.5237499999988945 0.1
2411 0.1405681033398094 0.2743749999996594 0.1
2412 0.5724982734763213 0.6424999999988543 0.1
2413 0.2228405166989063 0.820624999998863 0.1
2414 0.3695286279529763 0.8595117956601437 0.1
2415 0.3807466130394124 0.8402972571483038 0.1
2416 0.4063693526296144 0.8355539806451991 0.1
2417 0.6753383261431873 0.7256241962710704 0.1
2418 0.6547701454645721 0.7137490623164344 0.1
2419 0.6753386226083659 0.701874709763818 0.1
2420 0.6547705686793655 0.689999795345941 0.1
2421 0.695906788248905 0.7137498176717109 0.1
2422 0.5930482827166492 0.2269044593789897 0.1
2423 0.1611362066795919 0.214999999999726 0.1
2424 0.2024089027479522 0.143904140899455 0.1
2425 0.1544648765579803 0.1405124939396174 0.1
2426 0.3476016233055966 0.8217300568023642 0.1
2427 0.490225860116966 0.4287499999991072 0.1
2428 0.5107939634568172 0.7493749999987533 0.1
2429 0.5724982734763302 0.333749999999323 0.1
2430 0.5519301701364884 0.3456249999993105 0.1
2431 0.6342025834958096 0.5118749999989944 0.1
2432 0.6136344801559903 0.4999999999989719 0.1
2433 0.7164749968553901 0.6068749999988529 0.1
2434 0.2639767233785983 0.6781249999989136 0.1
2435 0.7576112035349271 0.3931249999991798 0.1
2436 0.7018106489924192 0.8595149451750048 0.1
2437 0.1405681033398278 0.4168749999992777 0.1
2438 0.3668172400777969 0.5712499999989911 0.1
2439 0.3873853434176677 0.5593749999989788 0.1
2440 0.346249136737992 0.5593749999989918 0.1
2441 0.3256810333981447 0.5712499999989975 0.1
2442 0.325681033398149 0.5474999999990298 0.1
2443 0.3668172400779112 0.547499999998954 0.1
2444 0.2022724133593901 0.4524999999992239 0.1
2445 0.407953446757476 0.5712499999989726 0.1
2446 0.4285215500973418 0.5593749999989615 0.1
2447 0.4285215500974691 0.440624999999101 0.1
2448 0.4285215500974905 0.4643749999990678 0.1
2449 0.4079534467576508 0.4524999999990971 0.1
2450 0.263976723378589 0.6543749999989177 0.1
2451 0.284544826718458 0.666249999998901 0.1
2452 0.3051129300583161 0.6543749999989066 0.1
2453 0.3256810333981864 0.6662499999989149 0.1
2454 0.3462491367380129 0.6543749999989026 0.1
2455 0.3256810333981559 0.6424999999989041 0.1
2456 0.4490896534371492 0.571249999998954 0.1
2457 0.4696577567770151 0.5593749999989426 0.1
2458 0.4490896534372507 0.5474999999989265 0.1
2459 0.5107939634567122 0.5593749999989114 0.1
2460 0.4079534467575817 0.5474999999989412 0.1
2461 0.7986624426147149 0.4167650462954184 0.1
2462 0.7985728837659927 0.3929783950609014 0.1
2463 0.3256810333982749 0.3574999999993145 0.1
2464 0.5107939634568126 0.7256249999987922 0.1
2465 0.4902258601169715 0.7374999999987768 0.1
2466 0.4902222774430312 0.7612262723311103 0.1
2467 0.4696503925039435 0.74935283341301 0.1
2468 0.4696565293982596 0.7256213055678443 0.1
2469 0.4490882214952813 0.737495689829339 0.1
2470 0.2434086200389434 0.3574999999993304 0.1
2471 0.7781667554113265 0.737521739771772 0.1
2472 0.4902258601168419 0.5712499999989236 0.1
2473 0.4902258601168715 0.5474999999989434 0.1
2474 0.2228405166992234 0.4643749999991916 0.1
2475 0.4168749999992775 0.8594318966601763 0.1
2476 0.2639767233786183 0.7731249999988961 0.1
2477 0.4902258601169248 0.2624999999994693 0.1
2478 0.2022724133592703 0.2862499999995124 0.1
2479 0.4285215500974595 0.4168749999991508 0.1
2480 0.40795344675759 0.2862499999994447 0.1
2481 0.4285215500974215 0.2743749999994648 0.1
2482 0.4079430370786756 0.2625247762535605 0.1
2483 0.3873853434177695 0.3456249999993213 0.1
2484 0.3873853434177771 0.3693749999992688 0.1
2485 0.2428976106909786 0.1904833630246031 0.1
2486 0.2022724133592571 0.2387499999996446 0.1
2487 0.2434086200390695 0.5237499999990467 0.1
2488 0.3256810333983025 0.4287499999991917 0.1
2489 0.4405173742834443 0.1404804129864327 0.1
2490 0.4696577567771062 0.3218749999993507 0.1
2491 0.4285215500974738 0.8206249999986179 0.1
2492 0.2845448267187112 0.4762499999991468 0.1
2493 0.2845448267185899 0.3099999999994288 0.1
2494 0.489571332956414 0.1690195243511363 0.1
2495 0.4285215500973273 0.6306249999988488 0.1
2496 0.4079534467574913 0.6424999999988554 0.1
2497 0.4285215500973546 0.654374999998803 0.1
2498 0.4079534467575159 0.6662499999988665 0.1
2499 0.387385343417646 0.6543749999988957 0.1
2500 0.5313620667966252 0.3099999999993635 0.1
2501 0.2022724133593957 0.4762499999991677 0.1
2502 0.4490896534372728 0.3337499999993305 0.1
2503 0.2022724133592655 0.3099999999994526 0.1
2504 0.1817043100194519 0.2981249999995089 0.1
2505 0.7370304948772732 0.5949999999988455 0.1
2506 0.716474996855395 0.5831249999988555 0.1
2507 0.6342025834958882 0.393124999999214 0.1
2508 0.3873853434178037 0.4406249999991141 0.1
2509 0.3873853434178425 0.4643749999991064 0.1
2510 0.3668167594598816 0.2862508245289427 0.1
2511 0.7982812034002724 0.6315537396157008 0.1
2512 0.5930663768162168 0.4406249999991327 0.1
2513 0.5930663768162119 0.4643749999990798 0.1
2514 0.4285234513454744 0.2506782337957204 0.1
2515 0.2434086200390178 0.4049999999992977 0.1
2516 0.6547706868357318 0.404999999999186 0.1
2517 0.3462491367381036 0.3456249999993353 0.1
2518 0.2845448267187092 0.4524999999992029 0.1
2519 0.2026869920624195 0.8558190681548064 0.1
2520 0.3682537595921885 0.1926621947715623 0.1
2521 0.3476869884910012 0.1781805146954006 0.1
2522 0.5522485181832876 0.7963380923228125 0.1
2523 0.1405681033398464 0.4406249999992201 0.1
2524 0.5519301701365017 0.3693749999992775 0.1
2525 0.5313620667966499 0.3574999999993107 0.1
2526 0.5313620667966636 0.3812499999992577 0.1
2527 0.6341798459058885 0.7730856173376317 0.1
2528 0.2639767233787536 0.2981249999994643 0.1
2529 0.2845448027601278 0.2862500411016743 0.1
2530 0.26397672337874 0.250624999999579 0.1
2531 0.3668172400779473 0.3812499999992487 0.1
2532 0.510793963456856 0.5118749999989741 0.1
2533 0.7370553971911665 0.7846717904547618 0.1
2534 0.7370431001953139 0.8087499999988915 0.1
2535 0.4490896534372772 0.3574999999992774 0.1
2536 0.4696577567769732 0.6306249999988919 0.1
2537 0.4490896534373493 0.4762499999990655 0.1
2538 0.4902258601169646 0.4049999999991672 0.1
2539 0.490225860116992 0.4524999999990755 0.1
2540 0.3051129300582945 0.630624999998922 0.1
2541 0.5313620667966357 0.3337499999993286 0.1
2542 0.531362066796681 0.4049999999992196 0.1
2543 0.5519301701364392 0.250624999999474 0.1
2544 0.3229744743746419 0.1435549947595694 0.1
2545 0.5107939634568236 0.3931249999992302 0.1
2546 0.4285213114404417 0.7256242816372406 0.1
2547 0.4079534069814469 0.7374998802718751 0.1
2548 0.3873853367884046 0.7256249800443429 0.1
2549 0.6547706671430474 0.6662499658900323 0.1
2550 0.6959067756854961 0.5237499999989718 0.1
2551 0.7163414429132772 0.7728749304326256 0.1
2552 0.3873853434176583 0.6306249999988744 0.1
2553 0.3873702795835049 0.2506549606715247 0.1
2554 0.5313620667965638 0.6187499999988429 0.1
2555 0.4902422469692773 0.2387783828603926 0.1
2556 0.695906893515496 0.5712499999989055 0.1
2557 0.4696577567771104 0.3456249999992985 0.1
2558 0.7164726762131055 0.5593749999988945 0.1
2559 0.2845447574736362 0.2625001187934529 0.1
2560 0.3668172400779399 0.3574999999993027 0.1
2561 0.5519301701365391 0.4643749999990928 0.1
2562 0.4079568836437319 0.7612347148754625 0.1
2563 0.32304796475917 0.8563733256984774 0.1
2564 0.8594318966601843 0.3218749999995533 0.1
2565 0.5930663768161573 0.2743749999994013 0.1
2566 0.6136344801560113 0.2862499999993861 0.1
2567 0.5724982734762263 0.594999999998838 0.1
2568 0.7576091116245642 0.7256286232943192 0.1
2569 0.3873819103416296 0.2743822034081049 0.1
2570 0.5724982734763545 0.3812499999992505 0.1
2571 0.6342025834958842 0.3456249999992904 0.1
2572 0.4902258601169525 0.3574999999992722 0.1
2573 0.6959068935155113 0.6187499999988679 0.1
2574 0.6959068480432095 0.6899999212384832 0.1
2575 0.2434086200390239 0.5474999999989645 0.1
2576 0.202272413359228 0.1674999999998068 0.1
2577 0.2434086200387426 0.7374999999988995 0.1
2578 0.8013113869834292 0.5618070418322217 0.1
2579 0.5712932658851545 0.8355077796185956 0.1
2580 0.6342025834958587 0.2743749999994093 0.1
2581 0.2845448267184654 0.689999999998908 0.1
2582 0.7370431001950825 0.3337499999993062 0.1
2583 0.6959068935154047 0.3812499999992225 0.1
2584 0.7125703292265362 0.839781386521008 0.1
2585 0.7781619126005237 0.7137801277660958 0.1
2586 0.5724982734763605 0.7374999999987606 0.1
2587 0.2022724133591118 0.6899999999989319 0.1
2588 0.1817043100195581 0.5356249999990116 0.1
2589 0.6342025834958946 0.4643749999990672 0.1
2590 0.2022724133593574 0.3812499999993927 0.1
2591 0.5107939634568024 0.3693749999992593 0.1
2592 0.3462485588711255 0.2743759913654186 0.1
2593 0.8204443181262244 0.7822423698459358 0.1
2594 0.757611203535164 0.6781249999988213 0.1
2595 0.40795344675769 0.4762499999990887 0.1
2596 0.3668349703181635 0.7612170216123328 0.1
2597 0.714319568640966 0.7990510057699233 0.1
2598 0.7370201979877413 0.547499999998891 0.1
2599 0.654770686835725 0.3574999999992737 0.1
2600 0.4490765839305162 0.7612164960993085 0.1
2601 0.3256809754206154 0.2862500994636431 0.1
2602 0.6547706868357263 0.3812499999992313 0.1
2603 0.7781678567470842 0.4762499999989636 0.1
2604 0.3668172400780164 0.476249999999084 0.1
2605 0.6753387901755967 0.250624999999405 0.1
2606 0.5724982734763699 0.4762499999990597 0.1
2607 0.2434086200389615 0.3812499999992823 0.1
2608 0.3256810333983479 0.4762499999991042 0.1
2609 0.5714834146286081 0.1639129092178678 0.1
2610 0.1817043100191361 0.7493749999989302 0.1
2611 0.4285206315106104 0.7493716310333499 0.1
2612 0.7164672814821309 0.2268883634177445 0.1
2613 0.3051129300584639 0.3931249999992493 0.1
2614 0.572498273476354 0.7137499999987929 0.1
2615 0.6959068550241209 0.452499999999072 0.1
2616 0.5108189989256335 0.2269183627036471 0.1
2617 0.2022724133590294 0.6424999999989436 0.1
2618 0.2845448267186338 0.3812499999992905 0.1
2619 0.6754382894545851 0.2035651482305664 0.1
2620 0.3256944149708619 0.2149615990886368 0.1
2621 0.6753387901755641 0.3693749999992504 0.1
2622 0.1817021930412987 0.7968745340847214 0.1
2623 0.3051228680447133 0.2268394579593866 0.1
2624 0.3668172400778245 0.6424999999988966 0.1
2625 0.387394452503777 0.749356843748009 0.1
2626 0.6342025605210564 0.6781249602052283 0.1
2627 0.634202469745498 0.7018748029773311 0.1
2628 0.7164749697139597 0.4406249999990822 0.1
2629 0.7781134219048553 0.6900050212933608 0.1
2630 0.4406249999992025 0.859431896660204 0.1
2631 0.5313479068240998 0.2150520808472662 0.1
2632 0.3462501355061778 0.7256229500188125 0.1
2633 0.5930663768161986 0.701874999998803 0.1
2634 0.3462491367379877 0.6306249999989084 0.1
2635 0.6753387901755633 0.3456249999992871 0.1
2636 0.161136206679631 0.3574999999994087 0.1
2637 0.5724982734762691 0.6187499999988286 0.1
2638 0.7982776751575777 0.7019067587649799 0.1
2639 0.6753387901755655 0.3218749999993162 0.1
2640 0.3256836537079716 0.7374945811760949 0.1
2641 0.3668228774235246 0.737489082590162 0.1
2642 0.5519005838372446 0.2269276793349727 0.1
2643 0.6959068935154169 0.3099999999993325 0.1
2644 0.7370430749454703 0.4524999999990427 0.1
2645 0.1405681033397999 0.3218749999995261 0.1
2646 0.3051185780920905 0.7731130824440289 0.1
2647 0.1611362066796374 0.2862499999995783 0.1
2648 0.7370431001951167 0.3099999999993271 0.1
2649 0.1611362066796257 0.3099999999995122 0.1
2650 0.6136344801560316 0.4762499999990434 0.1
2651 0.6136344611976532 0.713749967161879 0.1
2652 0.1817043100194523 0.2743749999995843 0.1
2653 0.5724833016583959 0.238774900825626 0.1
2654 0.7370425687986235 0.4762499999989882 0.1
2655 0.5930663768161856 0.4881249999990122 0.1
2656 0.1817043100194534 0.2506249999996624 0.1
2657 0.7986460730982717 0.3218750306539855 0.1
2658 0.3051129300585196 0.4643749999991538 0.1
2659 0.3051129300584969 0.4406249999992096 0.1
2660 0.3051129300584849 0.4168749999992497 0.1
2661 0.7575959955837552 0.4881249999989573 0.1
2662 0.3668172400778458 0.6662499999988979 0.1
2663 0.6342020071167879 0.7256240016808782 0.1
2664 0.1405494251763736 0.2031573515278749 0.1
2665 0.5930603331363616 0.2506349738127238 0.1
2666 0.6341999836822374 0.7493704969894075 0.1
2667 0.4490896534371389 0.6662499999988056 0.1
2668 0.798710675637031 0.4884255681496729 0.1
2669 0.6136344801559828 0.6187499999988544 0.1
2670 0.1611807050026883 0.1914025602550543 0.1
2671 0.4490896534371541 0.6424999999988514 0.1
2672 0.6959068935154794 0.214999999999463 0.1
2673 0.6136329401824888 0.2625025760806358 0.1
2674 0.6136317495196939 0.7849916020459489 0.1
2675 0.6341952230255931 0.2506376856597258 0.1
2676 0.6547561738857828 0.2387750698164998 0.1
2677 0.5107939634567857 0.5356249999989369 0.1
2678 0.5519301701364865 0.5356249999988849 0.1
2679 0.4696577567771077 0.5356249999989536 0.1
2680 0.428521550097448 0.5356249999989626 0.1
2681 0.6753462394733416 0.2269641493467162 0.1
2682 0.5724982734763346 0.5237499999988968 0.1
2683 0.3873853434177801 0.5356249999989761 0.1
2684 0.3462491367380955 0.535624999998997 0.1
2685 0.6342025834959274 0.7968749999987744 0.1
2686 0.5930663768161611 0.5118749999989125 0.1
2687 0.3051129300584958 0.5356249999989382 0.1
2688 0.3051129300584077 0.559374999998965 0.1
2689 0.1627587487892911 0.1642136037379094 0.1
2690 0.2845448267185731 0.5712499999989511 0.1
2691 0.1817043100193743 0.6543749999990103 0.1
2692 0.2434086200388815 0.5712499999989502 0.1
2693 0.1405681033397535 0.606874999999113 0.1
2694 0.6547711662848998 0.8071153393683967 0.1
2695 0.1611362066795163 0.618749999999054 0.1
2696 0.1817043100194525 0.5593749999989683 0.1
2697 0.1611362066796068 0.5712499999989787 0.1
2698 0.1405681033397712 0.5831249999990773 0.1
2699 0.1611362066795951 0.6424999999991472 0.1
2700 0.1817043100194551 0.6781249999989807 0.1
2701 0.1611362066796122 0.6899999999991089 0.1
2702 0.1611362066796489 0.7137499999989979 0.1
2703 0.1611362066797055 0.7374999999989477 0.1
2704 0.1611337368718515 0.7849994564324129 0.1
2705 0.1611357950449342 0.7612499094046631 0.1
2706 0.2023637202170809 0.8310888459089539 0.1
2707 0.3905343468793817 0.181070389321094 0.1
2708 0.6745875768279618 0.7950842038358135 0.1
2709 0.3592181553995187 0.8416127520550081 0.1
2710 0.3593576924163157 0.1583540331486184 0.1
2711 0.8604942671802934 0.8436471456587227 0.1
2712 0.1554103496525881 0.8602427541427502 0.1
2713 0.8603113707368277 0.1554818794844109 0.1
2714 0.1393828001287643 0.155860307803422 0.1
2715 0.5114802247375333 0.8198272305246299 0.1
2716 0.7974584960622479 0.179590730705663 0.1
2717 0.6750802512071924 0.1779582254122548 0.1
2718 0.6074652673500099 0.8601647849478953 0.1
2719 0.6071071706225096 0.1399095964614018 0.1
2720 0.2510558424590442 0.8599156641902124 0.1
2721 0.6351179646240634 0.1810849181577694 0.1
2722 0.6424999999993579 0.8409582895506379 0.1
2723 0.8353035055240897 0.392179398147363 0.1
2724 0.863817470281187 0.3701666666660213 0.1
2725 0.8600913469238585 0.4201736111103321 0.1
2726 0.8391239069658091 0.3423263888882382 0.1
2727 0.863768467173629 0.4412395283086147 0.1
2728 0.8363277859095928 0.4636194420325476 0.1
2729 0.8382968041183643 0.3195749527000872 0.1
2730 0.8638174702812386 0.2751666666662403 0.1
2731 0.8182487244607582 0.5025864904593651 0.1
2732 0.8350949772744773 0.297665156382149 0.1
2733 0.8391155453601714 0.247328693720475 0.1
2734 0.8353918719876851 0.2262699318292923 0.1
2735 0.8638620925341789 0.2031556193339998 0.1
2736 0.8603933933679941 0.5381795186064642 0.1
2737 0.7945115846167191 0.5837482978609151 0.1
2738 0.8216889484265633 0.6054983627201665 0.1
2739 0.8603933933680425 0.6569295186066536 0.1
2740 0.8151840006110824 0.6907099599210047 0.1
2741 0.858184226954691 0.7612499999988206 0.1
2742 0.8422900783983986 0.7127132761796739 0.1
2743 0.470018503843649 0.8187708500939161 0.1
2744 0.7372336608697837 0.8339753456505437 0.1
2745 0.3871920512857956 0.8188924904013229 0.1
2746 0.5525507622644432 0.8184581224009496 0.1
2747 0.7564695824363361 0.1817089018773859 0.1
2748 0.8351099631718744 0.1822376688594759 0.1
2749 0.2629631351278749 0.1572148466404955 0.1
2750 0.4286849432178534 0.8420256417042713 0.1
2751 0.2752045636387447 0.860000327930603 0.1
2752 0.5812893236162203 0.8604958902336308 0.1
2753 0.5817003739860691 0.1396594878399727 0.1
2754 0.7150378434192712 0.1588226371603851 0.1
2755 0.5452723776124505 0.1577863188840599 0.1
2756 0.3071659571694269 0.8409313884638085 0.1
2757 0.3070977272657946 0.1589098523659651 0.1
2758 0.2195789152373677 0.8405275582943953 0.1
2759 0.4722857489705722 0.1588474452811864 0.1
2760 0.8199026620927473 0.8643761475681592 0.1
2761 0.1854319489215666 0.8404867095516941 0.1
2762 0.1840907325145158 0.1597584050097049 0.1
2763 0.7210978673496371 0.8205443361886123 0.1
2764 0.5083327578247123 0.1598879332022112 0.1
2765 0.7741167253479899 0.8644290740106059 0.1
2766 0.2192135713488505 0.1586982051301379 0.1
2767 0.405617459637116 0.1965099285462036 0.1
2768 0.4521235621035063 0.1965048839551589 0.1
2769 0.7783151559349011 0.8045198470744215 0.1
2770 0.1373862066797866 0.8626137933201798 0.1
2771 0.8626137933201798 0.1373862066797866 0.1
2772 0.8626137933202006 0.8626137933202006 0.1
2773 0.1373862066797294 0.1373862066797294 0.1
2774 0.7567032707752965 0.8165110900748769 0.1
2775 0.6917267866863142 0.8029319892796413 0.1
2776 0.8627796086551274 0.7789234072642665 0.1
2777 0.8426372357892593 0.4804592448774008 0.1
2778 0.817005168389375 0.624112127344485 0.1
2779 0.8379425332579414 0.7311264880160695 0.1
2780 0.8627796086556065 0.7435765927342453 0.1
2781 0.8423408503043059 0.7910224393570924 0.1
2782 0.8217727469643962 0.8028974393571006 0.1
2783 0.8004256849349073 0.8142798264407236 0.1
2784 0.8428052089112003 0.6716913847211228 0.1
2785 0.8418013762760217 0.5533484210500657 0.1
2786 0.8217727469645798 0.5653974393568166 0.1
2787 0.8353725318600587 0.516663746562406 0.1
2788 0.8352514159358216 0.6354424053232693 0.1
2789 0.3408678652711462 0.8421041792508226 0.1
2790 0.3408678652719117 0.1578958207492216 0.1
2791 0.6538668494192899 0.8261810538592524 0.1
2792 0.7731249999997007 0.1742758821216299 0.1
2793 0.5356249999992205 0.8258465438104643 0.1
2794 0.4881249999990507 0.826074993712312 0.1
2795 0.8196892028535696 0.1748120197357873 0.1
2796 0.3684556760310611 0.8259530904942372 0.1
2797 0.3694662514665019 0.1739720029026582 0.1
2798 0.6543749999993573 0.1738543236411219 0.1
2799 0.6827379593035774 0.1570887073788434 0.1
2800 0.5251500826547717 0.1528023893805961 0.1
2801 0.9046353055810381 0.5737084380083072 0.1
2802 0.9151531914523102 0.8229223718807299 0.1
2803 0.9091433599737461 0.4423772443871117 0.1
2804 0.9098852101750687 0.1713369522999268 0.1
2805 0.9077275450527771 0.6726883949460148 0.1
2806 0.9155698302658836 0.7124016104685024 0.1
2807 0.9093248518811489 0.3102477618219532 0.1
2808 0.8991654977091077 0.3496004994163945 0.1
2809 0.9007730218687477 0.4066145498955424 0.1
2810 0.9162065695617507 0.2101895145844882 0.1
2811 0.8948150895352307 0.5997213919591218 0.1
2812 0.9154578225943499 0.7658056365836913 0.1
2813 0.9111294838330609 0.4843911750493278 0.1
2814 0.9416794921824538 0.7016752290303273 0.1
2815 0.9480210464302398 0.3195919205202399 0.1
2816 0.9495964846087166 0.2067228037176879 0.1
2817 0.9239884941470681 0.6053196411515023 0.1
2818 0.9512160594534117 0.4921762226969436 0.1
2819 0.9469978455458348 0.4281664317461424 0.1
2820 0.9244146196515352 0.3760255344290767 0.1
2821 0.9432109036591965 0.5595681285872672 0.1
2822 0.9525897282516427 0.2569034806702841 0.1
2823 0.9420010807252956 0.6555240964165021 0.1
2824 0.9035768728786372 0.531577595019793 0.1
2825 0.8979665375552519 0.6325524862881777 0.1
2826 0.9061468463828583 0.2612040296459282 0.1
2827 0.04862317931237194 0.9698660094039143 0.1
2828 0.06096362015006143 0.9339018759585741 0.1
2829 0.07098091212407699 0.9585404103440945 0.1
2830 0.5720026318653584 0.9051886684050572 0.1
2831 0.8277886146742927 0.9099256005123054 0.1
2832 0.4410659511328457 0.9092252051707596 0.1
2833 0.1712932682963771 0.9100087223084617 0.1
2834 0.6734428749929726 0.9104331942420089 0.1
2835 0.7253477243319544 0.9240214177869928 0.1
2836 0.3098913714132466 0.9097264957446486 0.1
2837 0.3491867232036702 0.8994104648574226 0.1
2838 0.4057584178325097 0.9010503403795755 0.1
2839 0.2101199849455077 0.91648644080663 0.1
2840 0.5989386277656187 0.8952092895156865 0.1
2841 0.7769629921561374 0.9104779050814854 0.1
2842 0.4833719191134641 0.9111688508912701 0.1
2843 0.6976552922588445 0.9503835463175696 0.1
2844 0.3199810777544154 0.9478063923853355 0.1
2845 0.7664190838728829 0.9563505701215338 0.1
2846 0.3748566641072851 0.9244740892523123 0.1
2847 0.7942801591817228 0.9509022659188195 0.1
2848 0.4224273636613552 0.9445743067782015 0.1
2849 0.490760169171341 0.9509062938166633 0.1
2850 0.2074690252098706 0.9491758714340884 0.1
2851 0.6042293780269287 0.9248920168686463 0.1
2852 0.5586686845035849 0.9434977620404144 0.1
2853 0.2569632577704754 0.9527599890188834 0.1
2854 0.65339978231916 0.9446344876927352 0.1
2855 0.530891108796974 0.9037668542896355 0.1
2856 0.6318556803744724 0.8987119775295747 0.1
2857 0.2611997453539153 0.9063253446486814 0.1
2858 0.969866009403917 0.9513768206875424 0.1
2859 0.9339018759585761 0.9390363798499177 0.1
2860 0.9585404103440964 0.9290190878758648 0.1
$EndNodes
$Elements
7978
1 2 2 1 2 56 55 363
2 2 2 1 2 363 57 56
3 2 2 1 2 45 44 365
4 2 2 1 2 365 46 45
5 2 2 1 2 61 60 364
6 2 2 1 2 364 62 61
7 2 2 1 2 41 40 343
8 2 2 1 2 343 42 41
9 2 2 1 2 347 50 49
10 2 2 1 2 49 48 347
11 2 2 1 2 348 52 51
12 2 2 1 2 51 50 348
13 2 2 1 2 66 65 351
14 2 2 1 2 351 67 66
15 2 2 1 2 341 70 69
16 2 2 1 2 69 68 341
17 2 2 1 4 394 131 132
18 2 2 1 4 132 133 394
19 2 2 1 4 396 120 121
20 2 2 1 4 121 122 396
21 2 2 1 4 395 136 137
22 2 2 1 4 137 138 395
23 2 2 1 4 372 116 117
24 2 2 1 4 117 118 372
25 2 2 1 4 125 126 376
26 2 2 1 4 376 124 125
27 2 2 1 4 127 128 377
28 2 2 1 4 377 126 127
29 2 2 1 4 380 141 142
30 2 2 1 4 142 143 380
31 2 2 1 4 145 146 370
32 2 2 1 4 370 144 145
33 2 2 1 5 997 406 1057
34 2 2 1 5 1090 856 1223
35 2 2 1 5 1163 441 1427
36 2 2 1 5 408 994 1460
37 2 2 1 5 1045 442 1450
38 2 2 1 5 443 1052 1451
39 2 2 1 5 1052 443 1486
40 2 2 1 5 840 1069 1229
41 2 2 1 5 1482 1272 1512
42 2 2 1 5 1154 849 1229
43 2 2 1 5 994 408 1456
44 2 2 1 5 406 997 1457
45 2 2 1 5 1427 441 1500
46 2 2 1 5 442 1045 1499
47 2 2 1 5 418 999 1458
48 2 2 1 5 988 1463 1465
49 2 2 1 5 988 1003 1463
50 2 2 1 5 410 1302 1467
51 2 2 1 5 410 1467 1470
52 2 2 1 5 1302 432 1464
53 2 2 1 5 1302 1464 1467
54 2 2 1 5 419 1104 1471
55 2 2 1 5 419 1471 1472
56 2 2 1 5 855 856 1121
57 2 2 1 5 1001 414 1114
58 2 2 1 5 1035 1482 1512
59 2 2 1 5 1035 1033 1070
60 2 2 1 5 1097 411 1489
61 2 2 1 5 425 1317 1490
62 2 2 1 5 1347 428 1491
63 2 2 1 5 1029 445 1031
64 2 2 1 5 999 418 1496
65 2 2 1 5 1272 1482 1501
66 2 2 1 5 949 855 1121
67 2 2 1 5 856 1090 1487
68 2 2 1 5 425 1010 1317
69 2 2 1 5 973 1090 1223
70 2 2 1 5 849 1154 1483
71 2 2 1 5 1069 840 1481
72 2 2 1 5 990 419 1472
73 2 2 1 5 419 990 1473
74 2 2 1 5 1088 403 1461
75 2 2 1 5 403 1088 1462
76 2 2 1 5 410 1108 1468
77 2 2 1 5 1108 410 1470
78 2 2 1 5 434 988 1465
79 2 2 1 5 988 434 1466
80 2 2 1 5 936 1103 1478
81 2 2 1 5 1316 1079 1475
82 2 2 1 5 932 1060 1469
83 2 2 1 5 403 1003 1461
84 2 2 1 5 1003 403 1463
85 2 2 1 5 1088 432 1462
86 2 2 1 5 432 1088 1464
87 2 2 1 5 989 397 1474
88 2 2 1 5 1108 1104 1468
89 2 2 1 5 1104 1108 1471
90 2 2 1 5 990 443 1473
91 2 2 1 5 1079 777 1475
92 2 2 1 5 777 1079 1476
93 2 2 1 5 991 405 1477
94 2 2 1 5 927 1103 1480
95 2 2 1 5 1103 927 1478
96 2 2 1 5 1060 932 1515
97 2 2 1 5 1103 936 1522
98 2 2 1 5 1079 1316 1524
99 2 2 1 5 397 989 1525
100 2 2 1 5 405 991 1526
101 2 2 1 5 1070 1033 1503
102 2 2 1 5 443 990 1486
103 2 2 1 5 1040 1001 1114
104 2 2 1 5 972 1144 1145
105 2 2 1 5 994 995 1460
106 2 2 1 5 1229 1069 1488
107 2 2 1 5 411 1097 1494
108 2 2 1 5 1031 445 1498
109 2 2 1 5 428 1347 1493
110 2 2 1 5 1154 1229 1488
111 2 2 1 5 997 1057 1459
112 2 2 1 5 1317 996 1490
113 2 2 1 5 998 1347 1491
114 2 2 1 5 1000 1097 1489
115 2 2 1 5 1031 424 1032
116 2 2 1 5 414 1001 1492
117 2 2 1 5 76 1458 1489
118 2 2 1 5 59 1457 1491
119 2 2 1 5 1456 90 1490
120 2 2 1 5 767 1507 1512
121 2 2 1 5 1232 1061 1502
122 2 2 1 5 1032 424 1033
123 2 2 1 5 816 1258 1445
124 2 2 1 5 1121 856 1487
125 2 2 1 5 1507 1034 1512
126 2 2 1 5 1144 972 1506
127 2 2 1 5 999 1000 1458
128 2 2 1 5 996 994 1456
129 2 2 1 5 997 998 1457
130 2 2 1 5 446 1045 1450
131 2 2 1 5 1052 447 1451
132 2 2 1 5 1444 1257 1499
133 2 2 1 5 1162 1314 1500
134 2 2 1 5 992 1517 1518
135 2 2 1 5 1517 413 1518
136 2 2 1 5 445 1029 1449
137 2 2 1 5 1163 1427 1452
138 2 2 1 5 1257 1444 1496
139 2 2 1 5 1445 1258 1535
140 2 2 1 5 1458 1000 1489
141 2 2 1 5 1457 998 1491
142 2 2 1 5 996 1456 1490
143 2 2 1 5 1061 399 1502
144 2 2 1 5 1301 1096 1527
145 2 2 1 5 1099 1282 1528
146 2 2 1 5 1035 1070 1482
147 2 2 1 5 1085 993 1537
148 2 2 1 5 1096 1301 1494
149 2 2 1 5 1282 1099 1495
150 2 2 1 5 993 1085 1492
151 2 2 1 5 763 1143 1144
152 2 2 1 5 1061 1232 1497
153 2 2 1 5 1032 1033 1034
154 2 2 1 5 1314 1162 1504
155 2 2 1 5 441 1162 1500
156 2 2 1 5 1257 442 1499
157 2 2 1 5 1154 1153 1483
158 2 2 1 5 1074 1432 1446
159 2 2 1 5 1068 1069 1481
160 2 2 1 5 1317 1010 1484
161 2 2 1 5 1034 1033 1035
162 2 2 1 5 1335 1075 1513
163 2 2 1 5 424 1031 1498
164 2 2 1 5 1432 1074 1529
165 2 2 1 5 1044 423 1442
166 2 2 1 5 894 1076 1360
167 2 2 1 5 1076 1044 1360
168 2 2 1 5 1115 1080 1430
169 2 2 1 5 1178 1180 1422
170 2 2 1 5 1177 1181 1421
171 2 2 1 5 1184 1198 1418
172 2 2 1 5 1000 899 1097
173 2 2 1 5 922 1080 1117
174 2 2 1 5 1195 1196 1417
175 2 2 1 5 1055 1054 1437
176 2 2 1 5 760 922 1117
177 2 2 1 5 527 529 1407
178 2 2 1 5 1360 1044 1442
179 2 2 1 5 757 829 1428
180 2 2 1 5 1012 1067 1068
181 2 2 1 5 1109 1110 1395
182 2 2 1 5 1197 1211 1415
183 2 2 1 5 943 1118 1384
184 2 2 1 5 521 523 1140
185 2 2 1 5 560 561 1405
186 2 2 1 5 577 1150 1375
187 2 2 1 5 806 921 1416
188 2 2 1 5 797 800 1274
189 2 2 1 5 554 555 1123
190 2 2 1 5 1013 554 1123
191 2 2 1 5 427 133 448
192 2 2 1 5 57 428 1008
193 2 2 1 5 1015 875 1131
194 2 2 1 5 539 546 1125
195 2 2 1 5 1180 466 1422
196 2 2 1 5 425 88 1009
197 2 2 1 5 1080 922 1430
198 2 2 1 5 1110 1050 1395
199 2 2 1 5 1015 858 1328
200 2 2 1 5 1181 470 1421
201 2 2 1 5 875 1015 1328
202 2 2 1 5 427 448 1005
203 2 2 1 5 1018 1253 1345
204 2 2 1 5 1198 474 1418
205 2 2 1 5 1235 564 1236
206 2 2 1 5 1122 696 1386
207 2 2 1 5 425 1009 1010
208 2 2 1 5 564 565 1236
209 2 2 1 5 1006 745 1007
210 2 2 1 5 697 1046 1053
211 2 2 1 5 696 697 1053
212 2 2 1 5 1019 577 1375
213 2 2 1 5 1234 1237 1290
214 2 2 1 5 1011 400 1012
215 2 2 1 5 1009 400 1011
216 2 2 1 5 862 1126 1292
217 2 2 1 5 900 1094 1095
218 2 2 1 5 631 1018 1345
219 2 2 1 5 589 1147 1148
220 2 2 1 5 69 447 1051
221 2 2 1 5 1196 478 1417
222 2 2 1 5 900 943 1094
223 2 2 1 5 1012 400 1067
224 2 2 1 5 899 900 1097
225 2 2 1 5 683 1265 1404
226 2 2 1 5 448 449 1005
227 2 2 1 5 1020 942 1342
228 2 2 1 5 468 465 1346
229 2 2 1 5 637 1014 1126
230 2 2 1 5 829 1036 1428
231 2 2 1 5 589 1148 1169
232 2 2 1 5 1005 449 1326
233 2 2 1 5 513 515 1169
234 2 2 1 5 468 1020 1342
235 2 2 1 5 1247 1187 1333
236 2 2 1 5 1020 468 1346
237 2 2 1 5 1039 1051 1052
238 2 2 1 5 1211 482 1415
239 2 2 1 5 869 870 1147
240 2 2 1 5 1186 1023 1275
241 2 2 1 5 476 1186 1275
242 2 2 1 5 1051 447 1052
243 2 2 1 5 472 1247 1333
244 2 2 1 5 745 1006 1137
245 2 2 1 5 1431 135 1436
246 2 2 1 5 1023 720 1275
247 2 2 1 5 1022 720 1023
248 2 2 1 5 1094 943 1384
249 2 2 1 5 436 1017 1101
250 2 2 1 5 696 1053 1386
251 2 2 1 5 917 1092 1161
252 2 2 1 5 1017 436 1146
253 2 2 1 5 517 519 1137
254 2 2 1 5 1126 1014 1292
255 2 2 1 5 945 1146 1261
256 2 2 1 5 745 521 1140
257 2 2 1 5 485 483 1277
258 2 2 1 5 1081 957 1374
259 2 2 1 5 523 527 1140
260 2 2 1 5 1119 912 1399
261 2 2 1 5 1146 436 1261
262 2 2 1 5 55 56 399
263 2 2 1 5 132 131 398
264 2 2 1 5 87 86 400
265 2 2 1 5 162 163 397
266 2 2 1 5 554 1013 1125
267 2 2 1 5 555 560 1123
268 2 2 1 5 865 945 1132
269 2 2 1 5 875 865 1132
270 2 2 1 5 1045 1044 1076
271 2 2 1 5 1056 437 1058
272 2 2 1 5 1140 527 1407
273 2 2 1 5 1092 420 1161
274 2 2 1 5 549 1062 1288
275 2 2 1 5 446 145 1043
276 2 2 1 5 1132 945 1175
277 2 2 1 5 944 1123 1124
278 2 2 1 5 1131 875 1132
279 2 2 1 5 1014 637 1125
280 2 2 1 5 1175 945 1261
281 2 2 1 5 1062 549 1063
282 2 2 1 5 1043 1044 1045
283 2 2 1 5 1062 1064 1288
284 2 2 1 5 546 554 1125
285 2 2 1 5 1064 655 1288
286 2 2 1 5 68 69 1051
287 2 2 1 5 796 797 1274
288 2 2 1 5 944 1124 1274
289 2 2 1 5 800 944 1274
290 2 2 1 5 141 415 1042
291 2 2 1 5 565 568 1236
292 2 2 1 5 637 539 1125
293 2 2 1 5 1147 870 1148
294 2 2 1 5 1063 549 1065
295 2 2 1 5 1283 868 1329
296 2 2 1 5 446 1043 1045
297 2 2 1 5 1124 560 1405
298 2 2 1 5 584 873 1381
299 2 2 1 5 1150 1126 1375
300 2 2 1 5 62 437 1056
301 2 2 1 5 438 138 1054
302 2 2 1 5 56 57 1008
303 2 2 1 5 88 87 1009
304 2 2 1 5 133 132 448
305 2 2 1 5 1351 947 1356
306 2 2 1 5 784 1193 1278
307 2 2 1 5 1234 1236 1237
308 2 2 1 5 1351 884 1398
309 2 2 1 5 55 399 1061
310 2 2 1 5 400 86 1067
311 2 2 1 5 162 397 1059
312 2 2 1 5 921 1111 1416
313 2 2 1 5 858 883 1328
314 2 2 1 5 130 436 1101
315 2 2 1 5 629 1118 1214
316 2 2 1 5 1118 943 1214
317 2 2 1 5 1193 1190 1278
318 2 2 1 5 1016 883 1345
319 2 2 1 5 576 1190 1191
320 2 2 1 5 883 1016 1328
321 2 2 1 5 1253 1016 1345
322 2 2 1 5 439 93 1071
323 2 2 1 5 1264 1283 1329
324 2 2 1 5 86 85 1067
325 2 2 1 5 161 162 1059
326 2 2 1 5 85 433 1067
327 2 2 1 5 1434 923 1435
328 2 2 1 5 434 161 1059
329 2 2 1 5 430 1081 1374
330 2 2 1 5 54 55 1061
331 2 2 1 5 435 54 1061
332 2 2 1 5 755 513 1169
333 2 2 1 5 947 1018 1356
334 2 2 1 5 438 1054 1055
335 2 2 1 5 1006 869 1147
336 2 2 1 5 398 131 1101
337 2 2 1 5 942 1247 1342
338 2 2 1 5 515 589 1169
339 2 2 1 5 1362 1192 1372
340 2 2 1 5 67 68 422
341 2 2 1 5 144 143 423
342 2 2 1 5 576 1189 1190
343 2 2 1 5 626 579 1378
344 2 2 1 5 131 130 1101
345 2 2 1 5 1018 631 1356
346 2 2 1 5 697 1109 1395
347 2 2 1 5 448 398 449
348 2 2 1 5 1086 629 1214
349 2 2 1 5 60 61 406
350 2 2 1 5 137 136 407
351 2 2 1 5 491 488 1165
352 2 2 1 5 465 464 1346
353 2 2 1 5 589 517 1137
354 2 2 1 5 720 1022 1277
355 2 2 1 5 67 422 1037
356 2 2 1 5 519 745 1137
357 2 2 1 5 92 91 408
358 2 2 1 5 167 168 405
359 2 2 1 5 1187 1186 1333
360 2 2 1 5 439 1071 1072
361 2 2 1 5 512 510 1065
362 2 2 1 5 145 144 1043
363 2 2 1 5 1265 960 1404
364 2 2 1 5 877 1296 1336
365 2 2 1 5 491 1165 1276
366 2 2 1 5 1192 1193 1372
367 2 2 1 5 655 1064 1296
368 2 2 1 5 1098 1099 1259
369 2 2 1 5 1181 1178 1422
370 2 2 1 5 99 98 424
371 2 2 1 5 174 175 421
372 2 2 1 5 483 720 1277
373 2 2 1 5 1290 1237 1362
374 2 2 1 5 1165 488 1277
375 2 2 1 5 488 485 1277
376 2 2 1 5 820 819 1358
377 2 2 1 5 1172 1189 1319
378 2 2 1 5 61 62 1056
379 2 2 1 5 1007 745 1140
380 2 2 1 5 138 137 1054
381 2 2 1 5 1186 476 1333
382 2 2 1 5 1247 472 1342
383 2 2 1 5 167 405 1024
384 2 2 1 5 873 1100 1381
385 2 2 1 5 1024 1026 1077
386 2 2 1 5 175 176 1027
387 2 2 1 5 1198 1177 1421
388 2 2 1 5 491 1276 1283
389 2 2 1 5 93 92 1071
390 2 2 1 5 549 512 1065
391 2 2 1 5 529 577 1407
392 2 2 1 5 1010 1009 1011
393 2 2 1 5 1037 422 1038
394 2 2 1 5 1189 576 1319
395 2 2 1 5 820 1098 1259
396 2 2 1 5 1196 1184 1418
397 2 2 1 5 1192 1362 1400
398 2 2 1 5 1024 405 1025
399 2 2 1 5 1083 626 1378
400 2 2 1 5 756 1158 1287
401 2 2 1 5 426 1077 1078
402 2 2 1 5 1263 954 1279
403 2 2 1 5 399 56 1008
404 2 2 1 5 132 398 448
405 2 2 1 5 87 400 1009
406 2 2 1 5 414 65 1114
407 2 2 1 5 963 1425 1426
408 2 2 1 5 773 1106 1107
409 2 2 1 5 773 1105 1106
410 2 2 1 5 829 1115 1430
411 2 2 1 5 1276 868 1283
412 2 2 1 5 756 1157 1158
413 2 2 1 5 1077 1026 1078
414 2 2 1 5 572 573 1191
415 2 2 1 5 917 1224 1394
416 2 2 1 5 1171 542 1244
417 2 2 1 5 629 1086 1315
418 2 2 1 5 1043 423 1044
419 2 2 1 5 166 1024 1077
420 2 2 1 5 1362 1237 1400
421 2 2 1 5 1098 820 1358
422 2 2 1 5 573 576 1191
423 2 2 1 5 1244 542 1294
424 2 2 1 5 423 143 1041
425 2 2 1 5 64 65 414
426 2 2 1 5 141 140 415
427 2 2 1 5 142 141 1042
428 2 2 1 5 57 58 428
429 2 2 1 5 134 133 427
430 2 2 1 5 437 63 1085
431 2 2 1 5 1211 1195 1417
432 2 2 1 5 139 438 1082
433 2 2 1 5 1112 1113 1297
434 2 2 1 5 1126 862 1375
435 2 2 1 5 144 423 1043
436 2 2 1 5 1168 1263 1279
437 2 2 1 5 821 1112 1297
438 2 2 1 5 89 88 425
439 2 2 1 5 164 165 426
440 2 2 1 5 1041 142 1042
441 2 2 1 5 900 1095 1097
442 2 2 1 5 1067 433 1068
443 2 2 1 5 561 564 1405
444 2 2 1 5 773 689 1105
445 2 2 1 5 416 95 1174
446 2 2 1 5 1242 1385 1390
447 2 2 1 5 151 152 1104
448 2 2 1 5 406 1056 1057
449 2 2 1 5 96 416 1070
450 2 2 1 5 97 96 1070
451 2 2 1 5 1191 1190 1193
452 2 2 1 5 96 95 416
453 2 2 1 5 171 172 413
454 2 2 1 5 609 612 1339
455 2 2 1 5 44 45 1089
456 2 2 1 5 1113 612 1267
457 2 2 1 5 415 140 1082
458 2 2 1 5 64 414 1085
459 2 2 1 5 450 398 1101
460 2 2 1 5 406 61 1056
461 2 2 1 5 137 407 1054
462 2 2 1 5 1017 450 1101
463 2 2 1 5 1087 1004 1200
464 2 2 1 5 1263 1264 1329
465 2 2 1 5 1157 756 1312
466 2 2 1 5 1113 1267 1297
467 2 2 1 5 1105 689 1116
468 2 2 1 5 1171 1134 1311
469 2 2 1 5 1118 626 1384
470 2 2 1 5 1341 1119 1399
471 2 2 1 5 1048 1087 1200
472 2 2 1 5 697 690 1109
473 2 2 1 5 1244 1294 1296
474 2 2 1 5 1296 1064 1336
475 2 2 1 5 1092 917 1394
476 2 2 1 5 92 408 1071
477 2 2 1 5 440 170 1102
478 2 2 1 5 612 1113 1339
479 2 2 1 5 143 142 1041
480 2 2 1 5 1159 1157 1312
481 2 2 1 5 171 413 1102
482 2 2 1 5 572 1191 1192
483 2 2 1 5 1024 1025 1026
484 2 2 1 5 957 1015 1374
485 2 2 1 5 637 1126 1150
486 2 2 1 5 1063 1065 1066
487 2 2 1 5 542 1171 1311
488 2 2 1 5 121 120 1091
489 2 2 1 5 1086 889 1315
490 2 2 1 5 873 1122 1386
491 2 2 1 5 535 1364 1365
492 2 2 1 5 1038 422 1039
493 2 2 1 5 421 175 1027
494 2 2 1 5 1066 1353 1366
495 2 2 1 5 449 398 450
496 2 2 1 5 1145 1142 1227
497 2 2 1 5 421 1027 1028
498 2 2 1 5 1294 655 1296
499 2 2 1 5 63 64 1085
500 2 2 1 5 140 139 1082
501 2 2 1 5 1172 1188 1189
502 2 2 1 5 426 165 1077
503 2 2 1 5 1066 1065 1353
504 2 2 1 5 829 735 1115
505 2 2 1 5 559 558 1206
506 2 2 1 5 639 1168 1279
507 2 2 1 5 1285 1284 1349
508 2 2 1 5 921 1197 1415
509 2 2 1 5 877 1244 1296
510 2 2 1 5 42 43 1162
511 2 2 1 5 1327 755 1388
512 2 2 1 5 435 1145 1227
513 2 2 1 5 947 1351 1398
514 2 2 1 5 170 171 1102
515 2 2 1 5 440 1102 1103
516 2 2 1 5 1078 1026 1079
517 2 2 1 5 43 417 1162
518 2 2 1 5 636 696 1122
519 2 2 1 5 568 569 1400
520 2 2 1 5 635 685 1116
521 2 2 1 5 1139 1048 1200
522 2 2 1 5 1059 397 1060
523 2 2 1 5 1107 1106 1108
524 2 2 1 5 126 125 1130
525 2 2 1 5 735 717 1115
526 2 2 1 5 49 50 1127
527 2 2 1 5 1383 409 1387
528 2 2 1 5 628 636 1122
529 2 2 1 5 658 656 1134
530 2 2 1 5 897 999 1151
531 2 2 1 5 887 1139 1173
532 2 2 1 5 166 167 1024
533 2 2 1 5 81 80 1152
534 2 2 1 5 439 1072 1073
535 2 2 1 5 1117 923 1434
536 2 2 1 5 1243 1171 1244
537 2 2 1 5 689 635 1116
538 2 2 1 5 685 762 1116
539 2 2 1 5 1037 1038 1040
540 2 2 1 5 954 1263 1329
541 2 2 1 5 1133 1171 1243
542 2 2 1 5 690 773 1109
543 2 2 1 5 46 412 1120
544 2 2 1 5 999 899 1000
545 2 2 1 5 727 780 1204
546 2 2 1 5 819 950 1358
547 2 2 1 5 1139 688 1173
548 2 2 1 5 558 1203 1206
549 2 2 1 5 893 897 1151
550 2 2 1 5 422 68 1051
551 2 2 1 5 51 52 1141
552 2 2 1 5 876 933 934
553 2 2 1 5 1370 570 1379
554 2 2 1 5 146 145 446
555 2 2 1 5 69 70 447
556 2 2 1 5 892 891 893
557 2 2 1 5 1248 952 1307
558 2 2 1 5 1057 1056 1058
559 2 2 1 5 1065 510 1353
560 2 2 1 5 562 559 1206
561 2 2 1 5 588 626 1118
562 2 2 1 5 619 1351 1356
563 2 2 1 5 686 688 1199
564 2 2 1 5 1172 713 1188
565 2 2 1 5 1364 1158 1365
566 2 2 1 5 639 1167 1168
567 2 2 1 5 1105 934 1106
568 2 2 1 5 1127 404 1128
569 2 2 1 5 688 1139 1200
570 2 2 1 5 929 911 1410
571 2 2 1 5 504 904 1167
572 2 2 1 5 1236 568 1237
573 2 2 1 5 1089 45 1120
574 2 2 1 5 1015 1131 1374
575 2 2 1 5 734 946 1188
576 2 2 1 5 893 891 896
577 2 2 1 5 876 848 933
578 2 2 1 5 1134 656 1311
579 2 2 1 5 1123 560 1124
580 2 2 1 5 1203 1205 1206
581 2 2 1 5 577 531 1150
582 2 2 1 5 613 610 1201
583 2 2 1 5 762 848 876
584 2 2 1 5 762 876 1116
585 2 2 1 5 1091 420 1092
586 2 2 1 5 662 664 1159
587 2 2 1 5 1112 821 1361
588 2 2 1 5 715 734 1188
589 2 2 1 5 893 896 897
590 2 2 1 5 863 923 1117
591 2 2 1 5 45 46 1120
592 2 2 1 5 1167 904 1168
593 2 2 1 5 730 863 1080
594 2 2 1 5 610 607 1255
595 2 2 1 5 50 404 1127
596 2 2 1 5 669 658 1134
597 2 2 1 5 890 889 891
598 2 2 1 5 1201 610 1255
599 2 2 1 5 551 639 1238
600 2 2 1 5 755 1169 1170
601 2 2 1 5 1138 1017 1146
602 2 2 1 5 608 609 1339
603 2 2 1 5 715 716 717
604 2 2 1 5 891 889 1086
605 2 2 1 5 740 741 742
606 2 2 1 5 773 1107 1109
607 2 2 1 5 1068 433 1069
608 2 2 1 5 628 635 636
609 2 2 1 5 734 717 735
610 2 2 1 5 416 1174 1322
611 2 2 1 5 1248 608 1330
612 2 2 1 5 1155 822 1156
613 2 2 1 5 589 1137 1147
614 2 2 1 5 604 1248 1307
615 2 2 1 5 780 838 1204
616 2 2 1 5 675 621 1315
617 2 2 1 5 1193 784 1372
618 2 2 1 5 1197 802 1210
619 2 2 1 5 1203 1204 1205
620 2 2 1 5 821 766 1361
621 2 2 1 5 730 1080 1115
622 2 2 1 5 1192 1191 1193
623 2 2 1 5 404 51 1141
624 2 2 1 5 880 1138 1146
625 2 2 1 5 715 717 734
626 2 2 1 5 719 671 737
627 2 2 1 5 746 912 1119
628 2 2 1 5 738 739 740
629 2 2 1 5 1166 727 1204
630 2 2 1 5 636 635 689
631 2 2 1 5 1073 1072 1074
632 2 2 1 5 877 1243 1244
633 2 2 1 5 717 730 1115
634 2 2 1 5 740 739 741
635 2 2 1 5 621 629 1315
636 2 2 1 5 1199 688 1200
637 2 2 1 5 128 127 1175
638 2 2 1 5 1080 863 1117
639 2 2 1 5 508 504 1167
640 2 2 1 5 736 735 757
641 2 2 1 5 1306 668 1323
642 2 2 1 5 121 1091 1149
643 2 2 1 5 1220 814 1252
644 2 2 1 5 782 781 1179
645 2 2 1 5 1142 1141 1227
646 2 2 1 5 897 896 898
647 2 2 1 5 719 737 738
648 2 2 1 5 1330 608 1339
649 2 2 1 5 66 67 1037
650 2 2 1 5 678 822 1155
651 2 2 1 5 562 1206 1207
652 2 2 1 5 449 450 451
653 2 2 1 5 1091 1093 1149
654 2 2 1 5 120 420 1091
655 2 2 1 5 553 552 1202
656 2 2 1 5 1135 619 1201
657 2 2 1 5 1138 880 1182
658 2 2 1 5 570 567 1286
659 2 2 1 5 636 689 690
660 2 2 1 5 854 853 1164
661 2 2 1 5 1137 1006 1147
662 2 2 1 5 629 588 1118
663 2 2 1 5 676 713 1172
664 2 2 1 5 717 716 730
665 2 2 1 5 617 628 1122
666 2 2 1 5 778 746 878
667 2 2 1 5 678 683 822
668 2 2 1 5 713 714 715
669 2 2 1 5 734 735 736
670 2 2 1 5 738 737 739
671 2 2 1 5 811 732 1246
672 2 2 1 5 1155 1157 1159
673 2 2 1 5 742 741 743
674 2 2 1 5 742 743 746
675 2 2 1 5 41 42 441
676 2 2 1 5 118 117 444
677 2 2 1 5 897 898 899
678 2 2 1 5 584 617 873
679 2 2 1 5 979 982 1160
680 2 2 1 5 165 166 1077
681 2 2 1 5 83 82 1213
682 2 2 1 5 619 613 1201
683 2 2 1 5 558 1202 1203
684 2 2 1 5 1176 1178 1181
685 2 2 1 5 1124 1405 1409
686 2 2 1 5 62 63 437
687 2 2 1 5 139 138 438
688 2 2 1 5 1197 1210 1211
689 2 2 1 5 127 401 1175
690 2 2 1 5 978 979 1160
691 2 2 1 5 588 579 626
692 2 2 1 5 619 1135 1351
693 2 2 1 5 673 678 1155
694 2 2 1 5 757 735 829
695 2 2 1 5 982 985 1160
696 2 2 1 5 1013 1014 1125
697 2 2 1 5 930 771 931
698 2 2 1 5 876 1105 1116
699 2 2 1 5 933 935 990
700 2 2 1 5 892 893 894
701 2 2 1 5 1262 904 1308
702 2 2 1 5 758 757 781
703 2 2 1 5 1109 1107 1110
704 2 2 1 5 1219 1220 1252
705 2 2 1 5 887 941 1139
706 2 2 1 5 897 899 999
707 2 2 1 5 736 757 758
708 2 2 1 5 988 931 1003
709 2 2 1 5 737 1133 1243
710 2 2 1 5 562 1207 1284
711 2 2 1 5 46 47 412
712 2 2 1 5 123 122 409
713 2 2 1 5 1028 1027 1029
714 2 2 1 5 1087 1049 1088
715 2 2 1 5 558 553 1202
716 2 2 1 5 1182 1212 1239
717 2 2 1 5 982 984 985
718 2 2 1 5 1188 946 1189
719 2 2 1 5 606 1221 1298
720 2 2 1 5 1209 1306 1323
721 2 2 1 5 680 726 727
722 2 2 1 5 771 686 1199
723 2 2 1 5 1353 540 1366
724 2 2 1 5 585 551 586
725 2 2 1 5 894 893 1151
726 2 2 1 5 664 673 1159
727 2 2 1 5 620 631 1208
728 2 2 1 5 1176 786 1178
729 2 2 1 5 1189 946 1190
730 2 2 1 5 742 746 778
731 2 2 1 5 41 441 1163
732 2 2 1 5 628 630 635
733 2 2 1 5 82 402 1213
734 2 2 1 5 539 545 546
735 2 2 1 5 930 931 988
736 2 2 1 5 690 689 773
737 2 2 1 5 1048 1049 1087
738 2 2 1 5 1157 1156 1158
739 2 2 1 5 778 878 938
740 2 2 1 5 696 690 697
741 2 2 1 5 794 1183 1184
742 2 2 1 5 623 887 1173
743 2 2 1 5 441 42 1162
744 2 2 1 5 873 617 1122
745 2 2 1 5 962 828 1324
746 2 2 1 5 783 1185 1187
747 2 2 1 5 1095 915 1096
748 2 2 1 5 876 934 1105
749 2 2 1 5 715 714 716
750 2 2 1 5 539 538 545
751 2 2 1 5 890 891 892
752 2 2 1 5 849 841 1229
753 2 2 1 5 533 538 539
754 2 2 1 5 955 591 1215
755 2 2 1 5 941 1047 1048
756 2 2 1 5 1096 915 1164
757 2 2 1 5 762 847 848
758 2 2 1 5 831 711 889
759 2 2 1 5 780 779 836
760 2 2 1 5 1284 1207 1349
761 2 2 1 5 899 898 900
762 2 2 1 5 1238 639 1279
763 2 2 1 5 878 746 1119
764 2 2 1 5 678 682 683
765 2 2 1 5 1216 1241 1242
766 2 2 1 5 727 726 779
767 2 2 1 5 917 823 1224
768 2 2 1 5 1138 1182 1239
769 2 2 1 5 691 672 1209
770 2 2 1 5 780 836 837
771 2 2 1 5 1133 1134 1171
772 2 2 1 5 585 586 590
773 2 2 1 5 653 680 1166
774 2 2 1 5 746 743 912
775 2 2 1 5 537 824 1309
776 2 2 1 5 607 606 1255
777 2 2 1 5 1202 1166 1203
778 2 2 1 5 547 508 548
779 2 2 1 5 794 791 1183
780 2 2 1 5 1048 1047 1049
781 2 2 1 5 417 44 1089
782 2 2 1 5 915 854 1164
783 2 2 1 5 439 1073 1174
784 2 2 1 5 533 539 637
785 2 2 1 5 451 450 452
786 2 2 1 5 546 545 552
787 2 2 1 5 1169 1148 1170
788 2 2 1 5 1046 697 1395
789 2 2 1 5 680 727 1166
790 2 2 1 5 1133 669 1134
791 2 2 1 5 401 1130 1131
792 2 2 1 5 551 548 639
793 2 2 1 5 529 530 531
794 2 2 1 5 865 880 945
795 2 2 1 5 787 786 1176
796 2 2 1 5 942 1246 1247
797 2 2 1 5 671 669 1133
798 2 2 1 5 1155 1156 1157
799 2 2 1 5 550 548 551
800 2 2 1 5 727 779 780
801 2 2 1 5 798 795 1194
802 2 2 1 5 1120 412 1121
803 2 2 1 5 804 802 1197
804 2 2 1 5 713 715 1188
805 2 2 1 5 955 1215 1293
806 2 2 1 5 529 531 577
807 2 2 1 5 775 691 1209
808 2 2 1 5 590 586 591
809 2 2 1 5 527 528 529
810 2 2 1 5 823 707 1224
811 2 2 1 5 798 1194 1195
812 2 2 1 5 47 48 1282
813 2 2 1 5 752 865 875
814 2 2 1 5 841 840 1229
815 2 2 1 5 531 532 533
816 2 2 1 5 942 811 1246
817 2 2 1 5 458 456 1212
818 2 2 1 5 552 653 1202
819 2 2 1 5 673 1155 1159
820 2 2 1 5 839 837 840
821 2 2 1 5 537 544 824
822 2 2 1 5 752 751 865
823 2 2 1 5 748 1262 1308
824 2 2 1 5 550 551 585
825 2 2 1 5 1185 783 1217
826 2 2 1 5 845 972 1232
827 2 2 1 5 662 1159 1312
828 2 2 1 5 1177 1176 1181
829 2 2 1 5 926 775 1209
830 2 2 1 5 1195 1194 1196
831 2 2 1 5 1262 748 1264
832 2 2 1 5 732 783 1246
833 2 2 1 5 1194 1184 1196
834 2 2 1 5 737 671 1133
835 2 2 1 5 699 813 1241
836 2 2 1 5 758 781 782
837 2 2 1 5 785 782 786
838 2 2 1 5 452 450 1017
839 2 2 1 5 921 804 1197
840 2 2 1 5 673 677 678
841 2 2 1 5 546 552 553
842 2 2 1 5 670 669 671
843 2 2 1 5 1028 1029 1030
844 2 2 1 5 718 671 719
845 2 2 1 5 790 1176 1177
846 2 2 1 5 540 541 578
847 2 2 1 5 533 532 538
848 2 2 1 5 590 591 955
849 2 2 1 5 52 53 1227
850 2 2 1 5 937 908 1249
851 2 2 1 5 578 581 622
852 2 2 1 5 636 690 696
853 2 2 1 5 941 1046 1047
854 2 2 1 5 591 592 593
855 2 2 1 5 693 694 763
856 2 2 1 5 790 787 1176
857 2 2 1 5 676 712 713
858 2 2 1 5 557 584 1381
859 2 2 1 5 925 775 926
860 2 2 1 5 65 66 1114
861 2 2 1 5 653 1166 1202
862 2 2 1 5 950 1112 1361
863 2 2 1 5 617 627 628
864 2 2 1 5 1184 1183 1198
865 2 2 1 5 1178 1179 1180
866 2 2 1 5 789 787 790
867 2 2 1 5 1190 946 1278
868 2 2 1 5 723 902 1260
869 2 2 1 5 952 1291 1307
870 2 2 1 5 952 1248 1330
871 2 2 1 5 839 840 841
872 2 2 1 5 681 648 693
873 2 2 1 5 783 1187 1246
874 2 2 1 5 1022 1165 1277
875 2 2 1 5 694 648 1252
876 2 2 1 5 1073 1074 1075
877 2 2 1 5 593 592 594
878 2 2 1 5 961 828 962
879 2 2 1 5 1183 1177 1198
880 2 2 1 5 954 882 1279
881 2 2 1 5 519 521 745
882 2 2 1 5 601 604 1218
883 2 2 1 5 1263 1262 1264
884 2 2 1 5 808 806 1416
885 2 2 1 5 591 586 592
886 2 2 1 5 515 517 589
887 2 2 1 5 885 1185 1217
888 2 2 1 5 548 508 1167
889 2 2 1 5 806 804 921
890 2 2 1 5 809 885 1217
891 2 2 1 5 615 1219 1252
892 2 2 1 5 401 126 1130
893 2 2 1 5 685 761 762
894 2 2 1 5 785 786 787
895 2 2 1 5 647 615 648
896 2 2 1 5 863 919 923
897 2 2 1 5 531 533 1150
898 2 2 1 5 643 645 1222
899 2 2 1 5 772 771 930
900 2 2 1 5 843 841 849
901 2 2 1 5 452 1017 1138
902 2 2 1 5 615 597 1219
903 2 2 1 5 634 633 686
904 2 2 1 5 645 698 1222
905 2 2 1 5 693 648 694
906 2 2 1 5 912 913 918
907 2 2 1 5 554 553 555
908 2 2 1 5 1219 1218 1220
909 2 2 1 5 1385 1093 1390
910 2 2 1 5 546 553 554
911 2 2 1 5 751 749 1182
912 2 2 1 5 1212 456 1239
913 2 2 1 5 918 1062 1063
914 2 2 1 5 650 458 1212
915 2 2 1 5 941 1048 1139
916 2 2 1 5 1255 606 1298
917 2 2 1 5 531 530 532
918 2 2 1 5 596 597 615
919 2 2 1 5 555 553 558
920 2 2 1 5 1128 404 1129
921 2 2 1 5 417 1089 1090
922 2 2 1 5 593 594 595
923 2 2 1 5 791 790 1183
924 2 2 1 5 1204 838 1205
925 2 2 1 5 641 620 1208
926 2 2 1 5 674 676 1172
927 2 2 1 5 699 641 701
928 2 2 1 5 764 815 816
929 2 2 1 5 699 701 813
930 2 2 1 5 887 940 941
931 2 2 1 5 957 858 1015
932 2 2 1 5 687 686 771
933 2 2 1 5 1129 404 1141
934 2 2 1 5 865 751 880
935 2 2 1 5 529 528 530
936 2 2 1 5 770 973 1223
937 2 2 1 5 1206 1205 1207
938 2 2 1 5 1203 1166 1204
939 2 2 1 5 845 768 972
940 2 2 1 5 793 791 794
941 2 2 1 5 789 790 791
942 2 2 1 5 602 643 1221
943 2 2 1 5 880 751 1182
944 2 2 1 5 1168 904 1262
945 2 2 1 5 680 692 726
946 2 2 1 5 593 595 596
947 2 2 1 5 624 622 633
948 2 2 1 5 707 705 1224
949 2 2 1 5 750 751 752
950 2 2 1 5 1221 643 1222
951 2 2 1 5 94 93 439
952 2 2 1 5 169 170 440
953 2 2 1 5 686 633 688
954 2 2 1 5 489 491 1280
955 2 2 1 5 1300 1285 1349
956 2 2 1 5 451 452 453
957 2 2 1 5 674 1172 1319
958 2 2 1 5 547 548 550
959 2 2 1 5 511 755 1327
960 2 2 1 5 790 1177 1183
961 2 2 1 5 555 558 559
962 2 2 1 5 646 809 1217
963 2 2 1 5 1207 1205 1338
964 2 2 1 5 622 623 1173
965 2 2 1 5 586 551 1238
966 2 2 1 5 816 817 1258
967 2 2 1 5 495 497 498
968 2 2 1 5 814 694 1252
969 2 2 1 5 598 595 1228
970 2 2 1 5 1168 1262 1263
971 2 2 1 5 652 1250 1251
972 2 2 1 5 1287 1158 1364
973 2 2 1 5 1291 1220 1307
974 2 2 1 5 1098 949 1099
975 2 2 1 5 653 654 680
976 2 2 1 5 95 94 1174
977 2 2 1 5 838 837 839
978 2 2 1 5 750 749 751
979 2 2 1 5 1310 954 1329
980 2 2 1 5 813 958 1241
981 2 2 1 5 129 128 1261
982 2 2 1 5 813 701 858
983 2 2 1 5 795 794 1194
984 2 2 1 5 402 81 1152
985 2 2 1 5 402 1152 1153
986 2 2 1 5 1018 859 1253
987 2 2 1 5 78 77 411
988 2 2 1 5 153 154 410
989 2 2 1 5 831 889 890
990 2 2 1 5 713 712 714
991 2 2 1 5 786 782 1179
992 2 2 1 5 595 594 1228
993 2 2 1 5 1231 1266 1267
994 2 2 1 5 464 461 1230
995 2 2 1 5 599 1218 1219
996 2 2 1 5 490 493 652
997 2 2 1 5 770 707 823
998 2 2 1 5 614 618 620
999 2 2 1 5 744 749 750
1000 2 2 1 5 596 615 647
1001 2 2 1 5 664 666 673
1002 2 2 1 5 509 534 540
1003 2 2 1 5 794 1184 1194
1004 2 2 1 5 621 588 629
1005 2 2 1 5 705 703 759
1006 2 2 1 5 154 155 1302
1007 2 2 1 5 599 601 1218
1008 2 2 1 5 504 500 904
1009 2 2 1 5 596 595 597
1010 2 2 1 5 741 739 877
1011 2 2 1 5 741 877 1336
1012 2 2 1 5 600 598 1240
1013 2 2 1 5 763 694 764
1014 2 2 1 5 856 765 1223
1015 2 2 1 5 916 823 917
1016 2 2 1 5 925 926 927
1017 2 2 1 5 523 525 527
1018 2 2 1 5 982 983 984
1019 2 2 1 5 788 787 789
1020 2 2 1 5 1141 52 1227
1021 2 2 1 5 708 707 770
1022 2 2 1 5 896 891 1086
1023 2 2 1 5 784 782 785
1024 2 2 1 5 884 812 1226
1025 2 2 1 5 640 620 641
1026 2 2 1 5 94 439 1174
1027 2 2 1 5 604 605 1248
1028 2 2 1 5 601 603 604
1029 2 2 1 5 604 603 605
1030 2 2 1 5 802 799 1210
1031 2 2 1 5 813 858 957
1032 2 2 1 5 578 622 624
1033 2 2 1 5 945 880 1146
1034 2 2 1 5 495 498 1250
1035 2 2 1 5 816 815 817
1036 2 2 1 5 566 1284 1285
1037 2 2 1 5 1218 604 1307
1038 2 2 1 5 647 648 681
1039 2 2 1 5 744 650 749
1040 2 2 1 5 734 736 946
1041 2 2 1 5 780 837 838
1042 2 2 1 5 756 657 1312
1043 2 2 1 5 1210 1195 1211
1044 2 2 1 5 40 41 1163
1045 2 2 1 5 639 548 1167
1046 2 2 1 5 598 1228 1240
1047 2 2 1 5 605 608 1248
1048 2 2 1 5 871 1019 1305
1049 2 2 1 5 1266 888 1267
1050 2 2 1 5 493 494 495
1051 2 2 1 5 700 699 1241
1052 2 2 1 5 620 618 631
1053 2 2 1 5 885 1023 1185
1054 2 2 1 5 705 759 1224
1055 2 2 1 5 632 600 1240
1056 2 2 1 5 594 953 1228
1057 2 2 1 5 648 615 1252
1058 2 2 1 5 969 845 1232
1059 2 2 1 5 623 810 887
1060 2 2 1 5 645 646 695
1061 2 2 1 5 698 695 732
1062 2 2 1 5 814 1220 1291
1063 2 2 1 5 706 705 707
1064 2 2 1 5 817 820 1258
1065 2 2 1 5 498 497 502
1066 2 2 1 5 603 602 1221
1067 2 2 1 5 493 495 1250
1068 2 2 1 5 681 693 768
1069 2 2 1 5 401 1132 1175
1070 2 2 1 5 611 613 614
1071 2 2 1 5 643 644 645
1072 2 2 1 5 1241 958 1242
1073 2 2 1 5 614 613 618
1074 2 2 1 5 495 496 497
1075 2 2 1 5 1185 1023 1186
1076 2 2 1 5 555 559 560
1077 2 2 1 5 509 505 534
1078 2 2 1 5 1258 820 1259
1079 2 2 1 5 527 525 528
1080 2 2 1 5 695 646 1217
1081 2 2 1 5 749 650 1212
1082 2 2 1 5 817 819 820
1083 2 2 1 5 1185 1186 1187
1084 2 2 1 5 594 882 953
1085 2 2 1 5 698 732 747
1086 2 2 1 5 885 1022 1023
1087 2 2 1 5 552 580 653
1088 2 2 1 5 602 632 643
1089 2 2 1 5 645 695 698
1090 2 2 1 5 1037 1040 1114
1091 2 2 1 5 747 881 1269
1092 2 2 1 5 948 949 1098
1093 2 2 1 5 540 534 541
1094 2 2 1 5 601 600 602
1095 2 2 1 5 882 1238 1279
1096 2 2 1 5 732 695 783
1097 2 2 1 5 704 703 705
1098 2 2 1 5 916 917 1161
1099 2 2 1 5 533 637 1150
1100 2 2 1 5 864 942 1020
1101 2 2 1 5 1246 1187 1247
1102 2 2 1 5 599 598 600
1103 2 2 1 5 640 641 642
1104 2 2 1 5 649 458 650
1105 2 2 1 5 584 616 617
1106 2 2 1 5 642 699 700
1107 2 2 1 5 812 811 864
1108 2 2 1 5 1182 749 1212
1109 2 2 1 5 747 732 811
1110 2 2 1 5 605 606 607
1111 2 2 1 5 731 650 744
1112 2 2 1 5 809 874 885
1113 2 2 1 5 1174 1073 1322
1114 2 2 1 5 511 513 755
1115 2 2 1 5 605 603 606
1116 2 2 1 5 701 641 1208
1117 2 2 1 5 747 811 812
1118 2 2 1 5 702 700 703
1119 2 2 1 5 759 703 1216
1120 2 2 1 5 855 765 856
1121 2 2 1 5 1003 931 1004
1122 2 2 1 5 1030 1029 1031
1123 2 2 1 5 852 850 853
1124 2 2 1 5 455 453 456
1125 2 2 1 5 703 700 1216
1126 2 2 1 5 793 794 795
1127 2 2 1 5 463 461 464
1128 2 2 1 5 812 864 1226
1129 2 2 1 5 578 541 581
1130 2 2 1 5 614 620 640
1131 2 2 1 5 958 957 1081
1132 2 2 1 5 601 602 603
1133 2 2 1 5 708 770 1223
1134 2 2 1 5 597 598 599
1135 2 2 1 5 1178 786 1179
1136 2 2 1 5 457 456 458
1137 2 2 1 5 518 655 1294
1138 2 2 1 5 605 607 608
1139 2 2 1 5 461 459 1230
1140 2 2 1 5 645 644 646
1141 2 2 1 5 612 611 1231
1142 2 2 1 5 706 707 708
1143 2 2 1 5 657 659 1312
1144 2 2 1 5 609 611 612
1145 2 2 1 5 557 583 584
1146 2 2 1 5 1094 915 1095
1147 2 2 1 5 463 464 465
1148 2 2 1 5 463 465 466
1149 2 2 1 5 608 607 609
1150 2 2 1 5 914 854 915
1151 2 2 1 5 1280 491 1283
1152 2 2 1 5 642 641 699
1153 2 2 1 5 944 1013 1123
1154 2 2 1 5 864 1020 1021
1155 2 2 1 5 459 649 1230
1156 2 2 1 5 489 488 491
1157 2 2 1 5 470 469 471
1158 2 2 1 5 599 600 601
1159 2 2 1 5 597 599 1219
1160 2 2 1 5 649 650 731
1161 2 2 1 5 885 874 1022
1162 2 2 1 5 609 610 611
1163 2 2 1 5 471 472 473
1164 2 2 1 5 864 811 942
1165 2 2 1 5 652 493 1250
1166 2 2 1 5 514 549 1288
1167 2 2 1 5 792 791 793
1168 2 2 1 5 597 595 598
1169 2 2 1 5 498 906 1250
1170 2 2 1 5 466 465 467
1171 2 2 1 5 609 607 610
1172 2 2 1 5 459 458 649
1173 2 2 1 5 1216 700 1241
1174 2 2 1 5 402 1154 1213
1175 2 2 1 5 643 632 644
1176 2 2 1 5 649 731 1256
1177 2 2 1 5 602 600 632
1178 2 2 1 5 766 855 948
1179 2 2 1 5 660 658 669
1180 2 2 1 5 642 700 702
1181 2 2 1 5 606 603 1221
1182 2 2 1 5 634 686 687
1183 2 2 1 5 460 459 461
1184 2 2 1 5 467 469 470
1185 2 2 1 5 747 812 881
1186 2 2 1 5 618 613 619
1187 2 2 1 5 457 458 459
1188 2 2 1 5 614 640 1231
1189 2 2 1 5 750 752 1016
1190 2 2 1 5 467 468 469
1191 2 2 1 5 596 647 1215
1192 2 2 1 5 611 610 613
1193 2 2 1 5 101 100 445
1194 2 2 1 5 803 802 804
1195 2 2 1 5 506 505 509
1196 2 2 1 5 544 556 557
1197 2 2 1 5 881 812 884
1198 2 2 1 5 896 1086 1214
1199 2 2 1 5 1049 1047 1050
1200 2 2 1 5 460 461 462
1201 2 2 1 5 730 833 863
1202 2 2 1 5 591 593 1215
1203 2 2 1 5 561 559 562
1204 2 2 1 5 933 848 935
1205 2 2 1 5 611 614 1231
1206 2 2 1 5 797 795 798
1207 2 2 1 5 742 778 1316
1208 2 2 1 5 948 855 949
1209 2 2 1 5 979 981 982
1210 2 2 1 5 457 459 460
1211 2 2 1 5 419 151 1104
1212 2 2 1 5 678 677 682
1213 2 2 1 5 471 473 474
1214 2 2 1 5 471 469 472
1215 2 2 1 5 503 502 505
1216 2 2 1 5 633 622 1173
1217 2 2 1 5 1230 649 1256
1218 2 2 1 5 731 744 859
1219 2 2 1 5 1264 748 1280
1220 2 2 1 5 770 844 973
1221 2 2 1 5 781 757 1428
1222 2 2 1 5 462 461 463
1223 2 2 1 5 731 860 1256
1224 2 2 1 5 809 866 874
1225 2 2 1 5 1222 698 1269
1226 2 2 1 5 624 633 634
1227 2 2 1 5 698 747 1269
1228 2 2 1 5 947 859 1018
1229 2 2 1 5 467 465 468
1230 2 2 1 5 622 581 623
1231 2 2 1 5 582 579 588
1232 2 2 1 5 646 733 809
1233 2 2 1 5 704 705 706
1234 2 2 1 5 900 898 943
1235 2 2 1 5 881 1136 1269
1236 2 2 1 5 490 492 493
1237 2 2 1 5 702 703 704
1238 2 2 1 5 475 473 476
1239 2 2 1 5 683 682 725
1240 2 2 1 5 475 477 478
1241 2 2 1 5 881 884 1135
1242 2 2 1 5 505 502 1254
1243 2 2 1 5 793 796 1233
1244 2 2 1 5 457 460 1225
1245 2 2 1 5 941 940 1046
1246 2 2 1 5 783 695 1217
1247 2 2 1 5 709 708 765
1248 2 2 1 5 452 1138 1239
1249 2 2 1 5 478 477 479
1250 2 2 1 5 864 1021 1226
1251 2 2 1 5 475 476 477
1252 2 2 1 5 687 771 772
1253 2 2 1 5 1231 640 1266
1254 2 2 1 5 1073 1075 1322
1255 2 2 1 5 612 1231 1267
1256 2 2 1 5 593 596 1215
1257 2 2 1 5 709 765 766
1258 2 2 1 5 484 485 486
1259 2 2 1 5 474 473 475
1260 2 2 1 5 673 666 677
1261 2 2 1 5 944 861 1013
1262 2 2 1 5 706 708 709
1263 2 2 1 5 744 750 1253
1264 2 2 1 5 1022 874 1165
1265 2 2 1 5 800 861 944
1266 2 2 1 5 817 818 819
1267 2 2 1 5 860 859 947
1268 2 2 1 5 1136 1135 1201
1269 2 2 1 5 1148 870 1424
1270 2 2 1 5 805 804 806
1271 2 2 1 5 858 701 883
1272 2 2 1 5 785 787 788
1273 2 2 1 5 1091 1092 1093
1274 2 2 1 5 798 1195 1210
1275 2 2 1 5 579 574 1378
1276 2 2 1 5 809 733 866
1277 2 2 1 5 401 1131 1132
1278 2 2 1 5 565 563 566
1279 2 2 1 5 566 563 1284
1280 2 2 1 5 646 644 733
1281 2 2 1 5 766 765 855
1282 2 2 1 5 950 951 1112
1283 2 2 1 5 765 708 1223
1284 2 2 1 5 764 814 815
1285 2 2 1 5 1221 1222 1298
1286 2 2 1 5 904 500 1308
1287 2 2 1 5 517 518 519
1288 2 2 1 5 706 709 1268
1289 2 2 1 5 931 771 1199
1290 2 2 1 5 709 766 821
1291 2 2 1 5 1136 1201 1255
1292 2 2 1 5 43 44 417
1293 2 2 1 5 120 119 420
1294 2 2 1 5 859 744 1253
1295 2 2 1 5 789 791 792
1296 2 2 1 5 490 652 1299
1297 2 2 1 5 731 859 860
1298 2 2 1 5 594 592 882
1299 2 2 1 5 1112 951 1113
1300 2 2 1 5 819 879 950
1301 2 2 1 5 750 1016 1253
1302 2 2 1 5 874 866 1276
1303 2 2 1 5 881 1135 1136
1304 2 2 1 5 813 957 958
1305 2 2 1 5 534 505 1254
1306 2 2 1 5 702 704 888
1307 2 2 1 5 758 782 784
1308 2 2 1 5 1030 1031 1032
1309 2 2 1 5 521 522 523
1310 2 2 1 5 453 452 1239
1311 2 2 1 5 567 566 1286
1312 2 2 1 5 50 51 404
1313 2 2 1 5 127 126 401
1314 2 2 1 5 843 849 850
1315 2 2 1 5 481 483 484
1316 2 2 1 5 801 799 802
1317 2 2 1 5 455 456 457
1318 2 2 1 5 772 930 932
1319 2 2 1 5 912 743 913
1320 2 2 1 5 953 882 954
1321 2 2 1 5 807 806 808
1322 2 2 1 5 709 821 1268
1323 2 2 1 5 519 520 521
1324 2 2 1 5 1250 906 1251
1325 2 2 1 5 477 476 1275
1326 2 2 1 5 887 810 940
1327 2 2 1 5 866 733 867
1328 2 2 1 5 793 795 796
1329 2 2 1 5 642 702 1266
1330 2 2 1 5 82 81 402
1331 2 2 1 5 157 158 403
1332 2 2 1 5 792 793 1233
1333 2 2 1 5 479 480 481
1334 2 2 1 5 704 706 1268
1335 2 2 1 5 483 480 720
1336 2 2 1 5 484 486 651
1337 2 2 1 5 628 627 630
1338 2 2 1 5 769 768 845
1339 2 2 1 5 839 841 842
1340 2 2 1 5 779 726 835
1341 2 2 1 5 479 481 482
1342 2 2 1 5 640 642 1266
1343 2 2 1 5 918 913 1062
1344 2 2 1 5 590 955 956
1345 2 2 1 5 822 683 1404
1346 2 2 1 5 537 543 544
1347 2 2 1 5 950 879 951
1348 2 2 1 5 869 808 870
1349 2 2 1 5 867 1273 1295
1350 2 2 1 5 984 983 986
1351 2 2 1 5 492 489 1280
1352 2 2 1 5 1165 874 1276
1353 2 2 1 5 789 792 1290
1354 2 2 1 5 487 485 488
1355 2 2 1 5 552 545 580
1356 2 2 1 5 569 567 570
1357 2 2 1 5 764 694 814
1358 2 2 1 5 702 888 1266
1359 2 2 1 5 867 733 1273
1360 2 2 1 5 834 775 925
1361 2 2 1 5 479 477 480
1362 2 2 1 5 888 704 1268
1363 2 2 1 5 819 818 879
1364 2 2 1 5 402 1153 1154
1365 2 2 1 5 456 453 1239
1366 2 2 1 5 566 1285 1286
1367 2 2 1 5 797 798 799
1368 2 2 1 5 455 457 1225
1369 2 2 1 5 575 574 579
1370 2 2 1 5 817 815 818
1371 2 2 1 5 569 571 572
1372 2 2 1 5 573 575 576
1373 2 2 1 5 770 823 844
1374 2 2 1 5 796 795 797
1375 2 2 1 5 719 738 777
1376 2 2 1 5 883 701 1208
1377 2 2 1 5 879 818 952
1378 2 2 1 5 565 567 568
1379 2 2 1 5 1273 1240 1295
1380 2 2 1 5 499 905 1245
1381 2 2 1 5 502 497 1245
1382 2 2 1 5 484 483 485
1383 2 2 1 5 514 512 549
1384 2 2 1 5 726 692 1260
1385 2 2 1 5 711 675 1315
1386 2 2 1 5 1309 824 1337
1387 2 2 1 5 518 516 655
1388 2 2 1 5 498 502 503
1389 2 2 1 5 651 964 1111
1390 2 2 1 5 507 504 508
1391 2 2 1 5 632 1240 1273
1392 2 2 1 5 953 954 1310
1393 2 2 1 5 871 1007 1019
1394 2 2 1 5 902 903 1317
1395 2 2 1 5 536 508 547
1396 2 2 1 5 866 867 868
1397 2 2 1 5 560 559 561
1398 2 2 1 5 592 586 1238
1399 2 2 1 5 799 798 1210
1400 2 2 1 5 1228 953 1295
1401 2 2 1 5 688 633 1173
1402 2 2 1 5 561 563 564
1403 2 2 1 5 866 868 1276
1404 2 2 1 5 739 737 1243
1405 2 2 1 5 797 799 800
1406 2 2 1 5 480 477 1275
1407 2 2 1 5 651 1111 1270
1408 2 2 1 5 655 516 1288
1409 2 2 1 5 733 644 1273
1410 2 2 1 5 753 534 1254
1411 2 2 1 5 842 841 843
1412 2 2 1 5 720 480 1275
1413 2 2 1 5 481 480 483
1414 2 2 1 5 1234 1233 1235
1415 2 2 1 5 652 1251 1344
1416 2 2 1 5 801 802 803
1417 2 2 1 5 644 632 1273
1418 2 2 1 5 454 453 455
1419 2 2 1 5 515 516 517
1420 2 2 1 5 460 886 1225
1421 2 2 1 5 541 534 753
1422 2 2 1 5 692 723 1260
1423 2 2 1 5 1016 752 1328
1424 2 2 1 5 460 462 886
1425 2 2 1 5 683 725 1265
1426 2 2 1 5 635 630 685
1427 2 2 1 5 1207 1338 1349
1428 2 2 1 5 805 806 807
1429 2 2 1 5 914 915 1094
1430 2 2 1 5 774 691 775
1431 2 2 1 5 803 804 805
1432 2 2 1 5 852 853 854
1433 2 2 1 5 561 562 563
1434 2 2 1 5 681 768 769
1435 2 2 1 5 684 728 767
1436 2 2 1 5 807 808 869
1437 2 2 1 5 952 818 1291
1438 2 2 1 5 936 908 937
1439 2 2 1 5 723 827 902
1440 2 2 1 5 868 1310 1329
1441 2 2 1 5 501 500 504
1442 2 2 1 5 499 501 905
1443 2 2 1 5 939 938 989
1444 2 2 1 5 573 571 574
1445 2 2 1 5 946 736 1278
1446 2 2 1 5 1013 861 1014
1447 2 2 1 5 982 981 983
1448 2 2 1 5 565 566 567
1449 2 2 1 5 660 669 670
1450 2 2 1 5 523 524 525
1451 2 2 1 5 977 975 1347
1452 2 2 1 5 495 494 496
1453 2 2 1 5 493 492 494
1454 2 2 1 5 800 801 861
1455 2 2 1 5 800 799 801
1456 2 2 1 5 494 492 748
1457 2 2 1 5 522 520 542
1458 2 2 1 5 903 996 1317
1459 2 2 1 5 511 512 513
1460 2 2 1 5 803 805 862
1461 2 2 1 5 638 455 1225
1462 2 2 1 5 497 496 499
1463 2 2 1 5 481 484 1270
1464 2 2 1 5 774 775 834
1465 2 2 1 5 1129 1141 1142
1466 2 2 1 5 1264 1280 1283
1467 2 2 1 5 79 78 1301
1468 2 2 1 5 487 489 490
1469 2 2 1 5 788 789 1290
1470 2 2 1 5 498 503 906
1471 2 2 1 5 563 562 1284
1472 2 2 1 5 486 485 487
1473 2 2 1 5 659 661 662
1474 2 2 1 5 792 1234 1290
1475 2 2 1 5 564 563 565
1476 2 2 1 5 792 1233 1234
1477 2 2 1 5 883 1208 1345
1478 2 2 1 5 815 814 1291
1479 2 2 1 5 844 823 916
1480 2 2 1 5 568 567 569
1481 2 2 1 5 680 654 692
1482 2 2 1 5 898 896 1214
1483 2 2 1 5 670 671 718
1484 2 2 1 5 748 492 1280
1485 2 2 1 5 497 499 1245
1486 2 2 1 5 758 784 1278
1487 2 2 1 5 667 684 1271
1488 2 2 1 5 484 651 1270
1489 2 2 1 5 653 580 654
1490 2 2 1 5 476 473 1333
1491 2 2 1 5 569 570 571
1492 2 2 1 5 513 514 515
1493 2 2 1 5 846 845 969
1494 2 2 1 5 623 721 810
1495 2 2 1 5 1136 1255 1298
1496 2 2 1 5 528 525 1287
1497 2 2 1 5 572 571 573
1498 2 2 1 5 128 1175 1261
1499 2 2 1 5 564 1235 1405
1500 2 2 1 5 736 758 1278
1501 2 2 1 5 818 815 1291
1502 2 2 1 5 1240 1228 1295
1503 2 2 1 5 526 657 756
1504 2 2 1 5 1271 767 1272
1505 2 2 1 5 74 73 1257
1506 2 2 1 5 1267 888 1297
1507 2 2 1 5 451 453 454
1508 2 2 1 5 487 488 489
1509 2 2 1 5 872 1083 1084
1510 2 2 1 5 834 925 992
1511 2 2 1 5 834 992 1002
1512 2 2 1 5 503 505 506
1513 2 2 1 5 728 774 776
1514 2 2 1 5 882 592 1238
1515 2 2 1 5 1268 821 1297
1516 2 2 1 5 888 1268 1297
1517 2 2 1 5 634 687 754
1518 2 2 1 5 684 767 1271
1519 2 2 1 5 409 122 1149
1520 2 2 1 5 1144 1142 1145
1521 2 2 1 5 662 663 664
1522 2 2 1 5 871 1006 1007
1523 2 2 1 5 516 514 1288
1524 2 2 1 5 73 72 442
1525 2 2 1 5 148 149 443
1526 2 2 1 5 762 761 847
1527 2 2 1 5 1234 1235 1236
1528 2 2 1 5 502 1245 1254
1529 2 2 1 5 651 486 901
1530 2 2 1 5 1269 1136 1298
1531 2 2 1 5 728 691 774
1532 2 2 1 5 521 520 522
1533 2 2 1 5 710 675 711
1534 2 2 1 5 490 489 492
1535 2 2 1 5 519 518 520
1536 2 2 1 5 1215 647 1293
1537 2 2 1 5 803 862 1292
1538 2 2 1 5 557 556 583
1539 2 2 1 5 886 462 963
1540 2 2 1 5 523 522 524
1541 2 2 1 5 1081 1383 1387
1542 2 2 1 5 454 455 638
1543 2 2 1 5 520 518 1294
1544 2 2 1 5 807 869 871
1545 2 2 1 5 825 959 1100
1546 2 2 1 5 482 481 1270
1547 2 2 1 5 584 583 616
1548 2 2 1 5 499 496 500
1549 2 2 1 5 1299 652 1344
1550 2 2 1 5 871 869 1006
1551 2 2 1 5 1220 1218 1307
1552 2 2 1 5 1129 1142 1143
1553 2 2 1 5 573 574 575
1554 2 2 1 5 617 616 627
1555 2 2 1 5 908 718 1249
1556 2 2 1 5 718 719 1249
1557 2 2 1 5 517 516 518
1558 2 2 1 5 1004 931 1199
1559 2 2 1 5 662 661 663
1560 2 2 1 5 1237 568 1400
1561 2 2 1 5 964 901 965
1562 2 2 1 5 511 510 512
1563 2 2 1 5 664 665 666
1564 2 2 1 5 851 850 852
1565 2 2 1 5 1358 950 1361
1566 2 2 1 5 506 509 510
1567 2 2 1 5 544 543 556
1568 2 2 1 5 550 585 587
1569 2 2 1 5 940 810 1320
1570 2 2 1 5 536 547 1304
1571 2 2 1 5 973 844 1314
1572 2 2 1 5 1004 1199 1200
1573 2 2 1 5 830 711 831
1574 2 2 1 5 877 739 1243
1575 2 2 1 5 532 530 535
1576 2 2 1 5 755 1170 1388
1577 2 2 1 5 903 994 996
1578 2 2 1 5 576 575 1319
1579 2 2 1 5 889 711 1315
1580 2 2 1 5 740 742 1316
1581 2 2 1 5 542 520 1294
1582 2 2 1 5 1289 1271 1335
1583 2 2 1 5 684 672 691
1584 2 2 1 5 851 852 1334
1585 2 2 1 5 499 500 501
1586 2 2 1 5 623 581 721
1587 2 2 1 5 956 955 1354
1588 2 2 1 5 664 663 665
1589 2 2 1 5 507 536 537
1590 2 2 1 5 960 828 961
1591 2 2 1 5 506 510 511
1592 2 2 1 5 472 469 1342
1593 2 2 1 5 825 721 910
1594 2 2 1 5 684 691 728
1595 2 2 1 5 872 854 914
1596 2 2 1 5 905 501 1309
1597 2 2 1 5 730 716 833
1598 2 2 1 5 724 1289 1335
1599 2 2 1 5 1046 940 1053
1600 2 2 1 5 1222 1269 1298
1601 2 2 1 5 667 665 672
1602 2 2 1 5 582 588 621
1603 2 2 1 5 663 661 668
1604 2 2 1 5 928 911 929
1605 2 2 1 5 1014 861 1292
1606 2 2 1 5 66 1037 1114
1607 2 2 1 5 651 901 964
1608 2 2 1 5 826 722 828
1609 2 2 1 5 926 1209 1323
1610 2 2 1 5 1274 1124 1409
1611 2 2 1 5 667 672 684
1612 2 2 1 5 494 748 1308
1613 2 2 1 5 1143 1142 1144
1614 2 2 1 5 682 677 724
1615 2 2 1 5 769 845 846
1616 2 2 1 5 666 665 667
1617 2 2 1 5 583 556 625
1618 2 2 1 5 778 939 1316
1619 2 2 1 5 844 916 971
1620 2 2 1 5 537 536 543
1621 2 2 1 5 752 875 1328
1622 2 2 1 5 1062 913 1064
1623 2 2 1 5 526 756 1287
1624 2 2 1 5 923 919 966
1625 2 2 1 5 1039 422 1051
1626 2 2 1 5 501 504 507
1627 2 2 1 5 838 839 1338
1628 2 2 1 5 843 850 851
1629 2 2 1 5 667 1271 1289
1630 2 2 1 5 513 512 514
1631 2 2 1 5 585 590 1281
1632 2 2 1 5 825 910 959
1633 2 2 1 5 676 710 712
1634 2 2 1 5 581 541 1321
1635 2 2 1 5 674 675 676
1636 2 2 1 5 905 1337 1340
1637 2 2 1 5 861 801 1292
1638 2 2 1 5 659 660 661
1639 2 2 1 5 810 721 825
1640 2 2 1 5 575 579 582
1641 2 2 1 5 515 514 516
1642 2 2 1 5 647 681 1293
1643 2 2 1 5 879 952 1330
1644 2 2 1 5 943 898 1214
1645 2 2 1 5 1084 1370 1379
1646 2 2 1 5 507 537 1309
1647 2 2 1 5 778 938 939
1648 2 2 1 5 901 486 1299
1649 2 2 1 5 801 803 1292
1650 2 2 1 5 936 937 991
1651 2 2 1 5 525 524 526
1652 2 2 1 5 659 662 1312
1653 2 2 1 5 526 524 656
1654 2 2 1 5 659 658 660
1655 2 2 1 5 545 538 1352
1656 2 2 1 5 543 536 1304
1657 2 2 1 5 825 1100 1320
1658 2 2 1 5 714 712 832
1659 2 2 1 5 631 618 1356
1660 2 2 1 5 886 963 1036
1661 2 2 1 5 125 430 1130
1662 2 2 1 5 857 729 911
1663 2 2 1 5 1209 672 1306
1664 2 2 1 5 1205 838 1338
1665 2 2 1 5 830 967 968
1666 2 2 1 5 677 666 1289
1667 2 2 1 5 681 769 1293
1668 2 2 1 5 807 871 1305
1669 2 2 1 5 582 621 674
1670 2 2 1 5 870 808 1420
1671 2 2 1 5 842 843 1300
1672 2 2 1 5 541 753 1321
1673 2 2 1 5 922 638 1313
1674 2 2 1 5 986 983 987
1675 2 2 1 5 808 1416 1420
1676 2 2 1 5 1208 631 1345
1677 2 2 1 5 507 508 536
1678 2 2 1 5 852 854 872
1679 2 2 1 5 976 977 978
1680 2 2 1 5 663 668 1306
1681 2 2 1 5 872 914 1083
1682 2 2 1 5 674 621 675
1683 2 2 1 5 997 980 998
1684 2 2 1 5 1053 940 1320
1685 2 2 1 5 500 496 1308
1686 2 2 1 5 1225 886 1313
1687 2 2 1 5 657 658 659
1688 2 2 1 5 878 1119 1406
1689 2 2 1 5 868 867 1310
1690 2 2 1 5 710 711 830
1691 2 2 1 5 774 834 1331
1692 2 2 1 5 638 1225 1313
1693 2 2 1 5 590 956 1281
1694 2 2 1 5 666 667 1289
1695 2 2 1 5 473 472 1333
1696 2 2 1 5 1295 953 1310
1697 2 2 1 5 525 526 1287
1698 2 2 1 5 657 656 658
1699 2 2 1 5 486 487 1299
1700 2 2 1 5 928 929 993
1701 2 2 1 5 721 581 1321
1702 2 2 1 5 909 908 936
1703 2 2 1 5 955 1293 1354
1704 2 2 1 5 506 511 1327
1705 2 2 1 5 970 969 974
1706 2 2 1 5 487 490 1299
1707 2 2 1 5 526 656 657
1708 2 2 1 5 75 74 418
1709 2 2 1 5 122 121 1149
1710 2 2 1 5 150 151 419
1711 2 2 1 5 951 1330 1339
1712 2 2 1 5 862 805 1305
1713 2 2 1 5 867 1295 1310
1714 2 2 1 5 951 879 1330
1715 2 2 1 5 724 677 1289
1716 2 2 1 5 754 687 1341
1717 2 2 1 5 449 451 1326
1718 2 2 1 5 907 718 908
1719 2 2 1 5 496 494 1308
1720 2 2 1 5 676 675 710
1721 2 2 1 5 760 638 922
1722 2 2 1 5 668 661 1332
1723 2 2 1 5 863 833 919
1724 2 2 1 5 766 948 1361
1725 2 2 1 5 810 825 1320
1726 2 2 1 5 905 1309 1337
1727 2 2 1 5 907 908 909
1728 2 2 1 5 830 831 967
1729 2 2 1 5 901 1299 1344
1730 2 2 1 5 1113 951 1339
1731 2 2 1 5 665 663 1306
1732 2 2 1 5 670 718 907
1733 2 2 1 5 852 872 1334
1734 2 2 1 5 547 550 1303
1735 2 2 1 5 627 616 679
1736 2 2 1 5 454 638 760
1737 2 2 1 5 906 503 1327
1738 2 2 1 5 980 977 1347
1739 2 2 1 5 826 828 960
1740 2 2 1 5 501 507 1309
1741 2 2 1 5 540 578 1366
1742 2 2 1 5 692 654 722
1743 2 2 1 5 625 556 1318
1744 2 2 1 5 805 807 1305
1745 2 2 1 5 743 741 1336
1746 2 2 1 5 886 1036 1313
1747 2 2 1 5 692 722 723
1748 2 2 1 5 839 842 1338
1749 2 2 1 5 587 585 1281
1750 2 2 1 5 843 851 1300
1751 2 2 1 5 834 1002 1331
1752 2 2 1 5 510 509 1353
1753 2 2 1 5 53 54 435
1754 2 2 1 5 130 129 436
1755 2 2 1 5 776 774 1331
1756 2 2 1 5 85 84 433
1757 2 2 1 5 160 161 434
1758 2 2 1 5 583 625 1343
1759 2 2 1 5 857 928 1001
1760 2 2 1 5 844 971 1314
1761 2 2 1 5 469 468 1342
1762 2 2 1 5 753 1254 1340
1763 2 2 1 5 1271 1272 1335
1764 2 2 1 5 835 726 1260
1765 2 2 1 5 53 435 1227
1766 2 2 1 5 685 729 761
1767 2 2 1 5 543 1304 1318
1768 2 2 1 5 1254 1245 1340
1769 2 2 1 5 979 980 981
1770 2 2 1 5 73 442 1257
1771 2 2 1 5 654 580 1324
1772 2 2 1 5 547 1303 1304
1773 2 2 1 5 723 722 826
1774 2 2 1 5 890 892 895
1775 2 2 1 5 846 969 970
1776 2 2 1 5 872 1084 1334
1777 2 2 1 5 1245 905 1340
1778 2 2 1 5 661 660 1332
1779 2 2 1 5 687 772 1341
1780 2 2 1 5 712 710 1325
1781 2 2 1 5 902 827 903
1782 2 2 1 5 656 524 1311
1783 2 2 1 5 965 901 1344
1784 2 2 1 5 1021 1020 1346
1785 2 2 1 5 48 429 1282
1786 2 2 1 5 857 911 928
1787 2 2 1 5 509 540 1353
1788 2 2 1 5 626 1083 1384
1789 2 2 1 5 910 721 1321
1790 2 2 1 5 830 968 1325
1791 2 2 1 5 1081 430 1383
1792 2 2 1 5 828 722 1324
1793 2 2 1 5 970 975 976
1794 2 2 1 5 582 674 1319
1795 2 2 1 5 522 542 1311
1796 2 2 1 5 80 431 1152
1797 2 2 1 5 660 670 1332
1798 2 2 1 5 436 129 1261
1799 2 2 1 5 1338 842 1349
1800 2 2 1 5 962 1324 1352
1801 2 2 1 5 978 977 979
1802 2 2 1 5 1021 1396 1397
1803 2 2 1 5 832 712 1325
1804 2 2 1 5 503 506 1327
1805 2 2 1 5 580 545 1352
1806 2 2 1 5 575 582 1319
1807 2 2 1 5 719 777 1249
1808 2 2 1 5 1293 769 1354
1809 2 2 1 5 474 1198 1421
1810 2 2 1 5 556 543 1318
1811 2 2 1 5 616 583 1343
1812 2 2 1 5 884 1226 1398
1813 2 2 1 5 685 630 729
1814 2 2 1 5 981 980 997
1815 2 2 1 5 1135 884 1351
1816 2 2 1 5 912 918 1399
1817 2 2 1 5 672 665 1306
1818 2 2 1 5 723 826 827
1819 2 2 1 5 1226 1021 1397
1820 2 2 1 5 918 1063 1392
1821 2 2 1 5 451 454 1326
1822 2 2 1 5 710 830 1325
1823 2 2 1 5 761 729 857
1824 2 2 1 5 903 827 920
1825 2 2 1 5 670 907 1332
1826 2 2 1 5 550 587 1303
1827 2 2 1 5 979 977 980
1828 2 2 1 5 524 522 1311
1829 2 2 1 5 1286 1285 1363
1830 2 2 1 5 1402 444 1408
1831 2 2 1 5 976 975 977
1832 2 2 1 5 722 654 1324
1833 2 2 1 5 83 1213 1368
1834 2 2 1 5 716 714 1355
1835 2 2 1 5 913 743 1336
1836 2 2 1 5 1226 1397 1398
1837 2 2 1 5 412 47 1282
1838 2 2 1 5 870 1420 1424
1839 2 2 1 5 470 1181 1422
1840 2 2 1 5 842 1300 1349
1841 2 2 1 5 618 619 1356
1842 2 2 1 5 1285 1300 1363
1843 2 2 1 5 1321 753 1359
1844 2 2 1 5 1064 913 1336
1845 2 2 1 5 1251 1388 1393
1846 2 2 1 5 833 716 1355
1847 2 2 1 5 1093 1092 1394
1848 2 2 1 5 48 49 429
1849 2 2 1 5 570 1286 1379
1850 2 2 1 5 125 124 430
1851 2 2 1 5 679 616 1343
1852 2 2 1 5 714 832 1355
1853 2 2 1 5 910 1321 1359
1854 2 2 1 5 994 920 995
1855 2 2 1 5 1084 1083 1378
1856 2 2 1 5 919 833 924
1857 2 2 1 5 1352 538 1371
1858 2 2 1 5 903 920 994
1859 2 2 1 5 970 974 975
1860 2 2 1 5 998 980 1347
1861 2 2 1 5 911 729 1350
1862 2 2 1 5 429 49 1127
1863 2 2 1 5 986 987 1357
1864 2 2 1 5 528 1287 1364
1865 2 2 1 5 831 890 1348
1866 2 2 1 5 927 926 1376
1867 2 2 1 5 155 432 1302
1868 2 2 1 5 948 1098 1358
1869 2 2 1 5 84 83 1368
1870 2 2 1 5 627 679 1350
1871 2 2 1 5 544 557 1377
1872 2 2 1 5 1324 580 1352
1873 2 2 1 5 1021 1346 1396
1874 2 2 1 5 967 831 1348
1875 2 2 1 5 784 785 1372
1876 2 2 1 5 1340 1337 1359
1877 2 2 1 5 769 846 1354
1878 2 2 1 5 535 530 1364
1879 2 2 1 5 80 79 431
1880 2 2 1 5 155 156 432
1881 2 2 1 5 78 411 1301
1882 2 2 1 5 574 571 1370
1883 2 2 1 5 1300 851 1363
1884 2 2 1 5 1069 433 1368
1885 2 2 1 5 454 760 1326
1886 2 2 1 5 956 1354 1369
1887 2 2 1 5 478 1196 1418
1888 2 2 1 5 418 74 1257
1889 2 2 1 5 918 1392 1399
1890 2 2 1 5 630 627 1350
1891 2 2 1 5 466 1180 1425
1892 2 2 1 5 892 894 1360
1893 2 2 1 5 1131 1130 1374
1894 2 2 1 5 433 84 1368
1895 2 2 1 5 895 892 1360
1896 2 2 1 5 1367 909 1376
1897 2 2 1 5 907 909 1367
1898 2 2 1 5 890 895 1348
1899 2 2 1 5 924 833 1355
1900 2 2 1 5 753 1340 1359
1901 2 2 1 5 532 535 1371
1902 2 2 1 5 729 630 1350
1903 2 2 1 5 530 528 1364
1904 2 2 1 5 788 1290 1362
1905 2 2 1 5 1425 1180 1426
1906 2 2 1 5 410 154 1302
1907 2 2 1 5 1158 1156 1365
1908 2 2 1 5 578 624 1366
1909 2 2 1 5 959 1373 1377
1910 2 2 1 5 1100 873 1386
1911 2 2 1 5 851 1334 1363
1912 2 2 1 5 1216 1242 1390
1913 2 2 1 5 970 976 1369
1914 2 2 1 5 577 1019 1407
1915 2 2 1 5 1373 824 1377
1916 2 2 1 5 961 1389 1401
1917 2 2 1 5 668 1332 1367
1918 2 2 1 5 431 79 1301
1919 2 2 1 5 920 1412 1423
1920 2 2 1 5 962 1352 1371
1921 2 2 1 5 1357 929 1410
1922 2 2 1 5 948 1358 1361
1923 2 2 1 5 862 1305 1375
1924 2 2 1 5 1370 1084 1378
1925 2 2 1 5 1354 846 1369
1926 2 2 1 5 1323 668 1367
1927 2 2 1 5 538 532 1371
1928 2 2 1 5 1332 907 1367
1929 2 2 1 5 1429 1055 1437
1930 2 2 1 5 482 1211 1417
1931 2 2 1 5 910 1359 1373
1932 2 2 1 5 1323 1367 1376
1933 2 2 1 5 634 754 1382
1934 2 2 1 5 788 1362 1372
1935 2 2 1 5 846 970 1369
1936 2 2 1 5 785 788 1372
1937 2 2 1 5 1286 1363 1379
1938 2 2 1 5 1359 1337 1373
1939 2 2 1 5 571 570 1370
1940 2 2 1 5 1369 976 1380
1941 2 2 1 5 1100 959 1381
1942 2 2 1 5 1083 914 1384
1943 2 2 1 5 1305 1019 1375
1944 2 2 1 5 959 910 1373
1945 2 2 1 5 956 1369 1380
1946 2 2 1 5 1224 759 1394
1947 2 2 1 5 1042 415 1441
1948 2 2 1 5 464 1230 1396
1949 2 2 1 5 430 124 1383
1950 2 2 1 5 906 1327 1388
1951 2 2 1 5 1161 420 1402
1952 2 2 1 5 423 1041 1442
1953 2 2 1 5 1047 1046 1395
1954 2 2 1 5 1130 430 1374
1955 2 2 1 5 625 1413 1414
1956 2 2 1 5 1337 824 1373
1957 2 2 1 5 1366 624 1382
1958 2 2 1 5 824 544 1377
1959 2 2 1 5 123 409 1383
1960 2 2 1 5 976 978 1380
1961 2 2 1 5 1320 1100 1386
1962 2 2 1 5 1388 1170 1393
1963 2 2 1 5 1156 822 1401
1964 2 2 1 5 409 1149 1385
1965 2 2 1 5 420 119 1402
1966 2 2 1 5 961 962 1389
1967 2 2 1 5 574 1370 1378
1968 2 2 1 5 1346 464 1396
1969 2 2 1 5 1363 1334 1379
1970 2 2 1 5 978 1160 1391
1971 2 2 1 5 1413 984 1414
1972 2 2 1 5 118 444 1402
1973 2 2 1 5 1242 958 1387
1974 2 2 1 5 926 1323 1376
1975 2 2 1 5 1066 1366 1382
1976 2 2 1 5 1377 557 1381
1977 2 2 1 5 124 123 1383
1978 2 2 1 5 1390 1093 1394
1979 2 2 1 5 1344 1251 1393
1980 2 2 1 5 1334 1084 1379
1981 2 2 1 5 1149 1093 1385
1982 2 2 1 5 1160 985 1403
1983 2 2 1 5 796 1274 1409
1984 2 2 1 5 1233 796 1409
1985 2 2 1 5 1389 1365 1401
1986 2 2 1 5 1281 956 1380
1987 2 2 1 5 569 572 1400
1988 2 2 1 5 624 634 1382
1989 2 2 1 5 1318 1411 1413
1990 2 2 1 5 959 1377 1381
1991 2 2 1 5 958 1081 1387
1992 2 2 1 5 407 136 1431
1993 2 2 1 5 1382 754 1392
1994 2 2 1 5 914 1094 1384
1995 2 2 1 5 971 916 1408
1996 2 2 1 5 1318 1304 1411
1997 2 2 1 5 1036 829 1430
1998 2 2 1 5 1111 921 1415
1999 2 2 1 5 1161 1402 1408
2000 2 2 1 5 1053 1320 1386
2001 2 2 1 5 1391 1160 1403
2002 2 2 1 5 1341 772 1406
2003 2 2 1 5 1251 906 1388
2004 2 2 1 5 475 478 1418
2005 2 2 1 5 1380 978 1391
2006 2 2 1 5 471 474 1421
2007 2 2 1 5 479 482 1417
2008 2 2 1 5 1435 966 1436
2009 2 2 1 5 759 1216 1390
2010 2 2 1 5 1041 1042 1443
2011 2 2 1 5 1119 1341 1406
2012 2 2 1 5 467 470 1422
2013 2 2 1 5 960 1265 1412
2014 2 2 1 5 1063 1066 1392
2015 2 2 1 5 1371 535 1389
2016 2 2 1 5 920 827 1412
2017 2 2 1 5 826 960 1412
2018 2 2 1 5 1385 1242 1387
2019 2 2 1 5 1270 1111 1415
2020 2 2 1 5 1281 1380 1391
2021 2 2 1 5 966 1431 1436
2022 2 2 1 5 1179 781 1426
2023 2 2 1 5 463 466 1425
2024 2 2 1 5 1403 985 1411
2025 2 2 1 5 1392 754 1399
2026 2 2 1 5 1050 1047 1395
2027 2 2 1 5 587 1281 1391
2028 2 2 1 5 409 1385 1387
2029 2 2 1 5 1396 1256 1397
2030 2 2 1 5 572 1192 1400
2031 2 2 1 5 1230 1256 1396
2032 2 2 1 5 1007 1140 1407
2033 2 2 1 5 535 1365 1389
2034 2 2 1 5 1256 860 1397
2035 2 2 1 5 963 462 1425
2036 2 2 1 5 1397 860 1398
2037 2 2 1 5 965 1344 1393
2038 2 2 1 5 860 947 1398
2039 2 2 1 5 1019 1007 1407
2040 2 2 1 5 625 1318 1413
2041 2 2 1 5 1066 1382 1392
2042 2 2 1 5 1412 1265 1423
2043 2 2 1 5 754 1341 1399
2044 2 2 1 5 1442 1041 1443
2045 2 2 1 5 962 1371 1389
2046 2 2 1 5 911 1350 1410
2047 2 2 1 5 587 1391 1403
2048 2 2 1 5 119 118 1402
2049 2 2 1 5 984 986 1414
2050 2 2 1 5 1405 1235 1409
2051 2 2 1 5 1401 822 1404
2052 2 2 1 5 960 961 1404
2053 2 2 1 5 1303 587 1403
2054 2 2 1 5 1170 1148 1424
2055 2 2 1 5 1365 1156 1401
2056 2 2 1 5 916 1161 1408
2057 2 2 1 5 772 932 1406
2058 2 2 1 5 1235 1233 1409
2059 2 2 1 5 759 1390 1394
2060 2 2 1 5 1411 985 1413
2061 2 2 1 5 923 966 1435
2062 2 2 1 5 1313 1036 1430
2063 2 2 1 5 1350 679 1410
2064 2 2 1 5 986 1357 1419
2065 2 2 1 5 1303 1403 1411
2066 2 2 1 5 1304 1303 1411
2067 2 2 1 5 1036 963 1428
2068 2 2 1 5 985 984 1413
2069 2 2 1 5 1414 986 1419
2070 2 2 1 5 1410 679 1419
2071 2 2 1 5 924 1355 1429
2072 2 2 1 5 827 826 1412
2073 2 2 1 5 1357 1410 1419
2074 2 2 1 5 482 1270 1415
2075 2 2 1 5 478 479 1417
2076 2 2 1 5 1111 964 1416
2077 2 2 1 5 474 475 1418
2078 2 2 1 5 1343 625 1414
2079 2 2 1 5 1416 964 1420
2080 2 2 1 5 470 471 1421
2081 2 2 1 5 964 965 1420
2082 2 2 1 5 961 1401 1404
2083 2 2 1 5 679 1343 1419
2084 2 2 1 5 466 467 1422
2085 2 2 1 5 1042 1441 1443
2086 2 2 1 5 1265 725 1423
2087 2 2 1 5 1393 1170 1424
2088 2 2 1 5 1420 965 1424
2089 2 2 1 5 1343 1414 1419
2090 2 2 1 5 415 1082 1440
2091 2 2 1 5 995 920 1423
2092 2 2 1 5 462 463 1425
2093 2 2 1 5 1180 1179 1426
2094 2 2 1 5 415 1440 1441
2095 2 2 1 5 971 1408 1427
2096 2 2 1 5 1426 781 1428
2097 2 2 1 5 966 919 1433
2098 2 2 1 5 965 1393 1424
2099 2 2 1 5 1355 832 1429
2100 2 2 1 5 1438 968 1439
2101 2 2 1 5 963 1426 1428
2102 2 2 1 5 135 134 1436
2103 2 2 1 5 407 1431 1433
2104 2 2 1 5 1054 407 1437
2105 2 2 1 5 922 1313 1430
2106 2 2 1 5 136 135 1431
2107 2 2 1 5 1408 444 1427
2108 2 2 1 5 407 1433 1437
2109 2 2 1 5 760 1117 1434
2110 2 2 1 5 1082 438 1439
2111 2 2 1 5 1326 760 1434
2112 2 2 1 5 1005 1434 1435
2113 2 2 1 5 1431 966 1433
2114 2 2 1 5 1005 1326 1434
2115 2 2 1 5 1325 968 1438
2116 2 2 1 5 1433 924 1437
2117 2 2 1 5 919 924 1433
2118 2 2 1 5 427 1435 1436
2119 2 2 1 5 427 1005 1435
2120 2 2 1 5 1429 832 1438
2121 2 2 1 5 1423 725 1432
2122 2 2 1 5 1055 1429 1438
2123 2 2 1 5 995 1423 1432
2124 2 2 1 5 134 427 1436
2125 2 2 1 5 1082 1439 1440
2126 2 2 1 5 924 1429 1437
2127 2 2 1 5 1055 1438 1439
2128 2 2 1 5 438 1055 1439
2129 2 2 1 5 832 1325 1438
2130 2 2 1 5 968 967 1440
2131 2 2 1 5 1440 967 1441
2132 2 2 1 5 967 1348 1441
2133 2 2 1 5 1441 1348 1443
2134 2 2 1 5 895 1360 1442
2135 2 2 1 5 895 1442 1443
2136 2 2 1 5 1348 895 1443
2137 2 2 1 5 1439 968 1440
2138 2 2 1 5 1076 894 1444
2139 2 2 1 5 894 1151 1444
2140 2 2 1 5 1075 1335 1501
2141 2 2 1 5 1008 1493 1538
2142 2 2 1 5 1001 1040 1485
2143 2 2 1 5 418 1257 1496
2144 2 2 1 5 1129 1143 1445
2145 2 2 1 5 938 1469 1525
2146 2 2 1 5 1474 426 1523
2147 2 2 1 5 1477 440 1522
2148 2 2 1 5 1493 974 1538
2149 2 2 1 5 682 724 1446
2150 2 2 1 5 1432 725 1446
2151 2 2 1 5 1152 431 1447
2152 2 2 1 5 429 1127 1448
2153 2 2 1 5 176 177 1449
2154 2 2 1 5 1029 1027 1449
2155 2 2 1 5 117 116 1452
2156 2 2 1 5 72 71 1450
2157 2 2 1 5 147 148 1451
2158 2 2 1 5 1427 444 1452
2159 2 2 1 5 836 779 1453
2160 2 2 1 5 1074 1072 1529
2161 2 2 1 5 935 848 1454
2162 2 2 1 5 993 929 1455
2163 2 2 1 5 1357 987 1455
2164 2 2 1 5 91 90 1456
2165 2 2 1 5 59 60 1457
2166 2 2 1 5 1128 1129 1445
2167 2 2 1 5 76 75 1458
2168 2 2 1 5 987 983 1459
2169 2 2 1 5 981 997 1459
2170 2 2 1 5 1038 1039 1454
2171 2 2 1 5 1072 1071 1460
2172 2 2 1 5 938 878 1469
2173 2 2 1 5 1087 1088 1461
2174 2 2 1 5 1003 1004 1461
2175 2 2 1 5 157 403 1462
2176 2 2 1 5 1088 1049 1464
2177 2 2 1 5 930 988 1466
2178 2 2 1 5 403 158 1463
2179 2 2 1 5 432 156 1462
2180 2 2 1 5 160 434 1465
2181 2 2 1 5 397 163 1474
2182 2 2 1 5 1108 1106 1471
2183 2 2 1 5 1104 152 1468
2184 2 2 1 5 164 426 1474
2185 2 2 1 5 933 990 1472
2186 2 2 1 5 153 410 1468
2187 2 2 1 5 1107 1108 1470
2188 2 2 1 5 150 419 1473
2189 2 2 1 5 443 149 1473
2190 2 2 1 5 405 168 1477
2191 2 2 1 5 740 1316 1475
2192 2 2 1 5 777 738 1475
2193 2 2 1 5 1079 1026 1476
2194 2 2 1 5 169 440 1477
2195 2 2 1 5 1103 1102 1480
2196 2 2 1 5 909 936 1478
2197 2 2 1 5 927 1376 1478
2198 2 2 1 5 1406 932 1469
2199 2 2 1 5 949 1121 1495
2200 2 2 1 5 837 836 1481
2201 2 2 1 5 1070 416 1482
2202 2 2 1 5 853 850 1483
2203 2 2 1 5 1011 1012 1453
2204 2 2 1 5 902 1317 1484
2205 2 2 1 5 835 1260 1484
2206 2 2 1 5 1032 1034 1521
2207 2 2 1 5 1282 429 1528
2208 2 2 1 5 431 1301 1527
2209 2 2 1 5 1033 424 1503
2210 2 2 1 5 857 1001 1485
2211 2 2 1 5 847 761 1485
2212 2 2 1 5 725 682 1446
2213 2 2 1 5 1120 1121 1487
2214 2 2 1 5 1090 1089 1487
2215 2 2 1 5 724 1335 1513
2216 2 2 1 5 1213 1154 1488
2217 2 2 1 5 1069 1368 1488
2218 2 2 1 5 1469 1060 1525
2219 2 2 1 5 989 1474 1523
2220 2 2 1 5 991 1477 1522
2221 2 2 1 5 77 76 1489
2222 2 2 1 5 90 89 1490
2223 2 2 1 5 58 59 1491
2224 2 2 1 5 763 1144 1506
2225 2 2 1 5 1153 1152 1447
2226 2 2 1 5 1127 1128 1448
2227 2 2 1 5 1027 176 1449
2228 2 2 1 5 148 443 1451
2229 2 2 1 5 442 72 1450
2230 2 2 1 5 444 117 1452
2231 2 2 1 5 1001 928 1492
2232 2 2 1 5 779 835 1453
2233 2 2 1 5 1038 1454 1530
2234 2 2 1 5 1143 763 1505
2235 2 2 1 5 1347 975 1493
2236 2 2 1 5 1097 1095 1494
2237 2 2 1 5 1034 1507 1521
2238 2 2 1 5 848 847 1454
2239 2 2 1 5 1335 1272 1501
2240 2 2 1 5 1151 999 1496
2241 2 2 1 5 435 1061 1497
2242 2 2 1 5 99 424 1498
2243 2 2 1 5 445 100 1498
2244 2 2 1 5 1045 1076 1499
2245 2 2 1 5 971 1427 1500
2246 2 2 1 5 974 969 1502
2247 2 2 1 5 424 98 1503
2248 2 2 1 5 97 1070 1503
2249 2 2 1 5 1162 417 1504
2250 2 2 1 5 1301 411 1494
2251 2 2 1 5 412 1282 1495
2252 2 2 1 5 929 1357 1455
2253 2 2 1 5 408 91 1456
2254 2 2 1 5 60 406 1457
2255 2 2 1 5 763 764 1505
2256 2 2 1 5 693 763 1506
2257 2 2 1 5 972 768 1506
2258 2 2 1 5 767 728 1507
2259 2 2 1 5 10 146 1508
2260 2 2 1 5 70 7 1509
2261 2 2 1 5 7 147 1509
2262 2 2 1 5 71 10 1508
2263 2 2 1 5 11 101 1510
2264 2 2 1 5 177 11 1510
2265 2 2 1 5 6 40 1511
2266 2 2 1 5 116 6 1511
2267 2 2 1 5 1454 847 1530
2268 2 2 1 5 437 1085 1537
2269 2 2 1 5 1008 428 1493
2270 2 2 1 5 434 1059 1515
2271 2 2 1 5 173 174 1514
2272 2 2 1 5 172 173 1518
2273 2 2 1 5 1249 777 1516
2274 2 2 1 5 925 927 1517
2275 2 2 1 5 75 418 1458
2276 2 2 1 5 983 981 1459
2277 2 2 1 5 1071 408 1460
2278 2 2 1 5 993 1455 1537
2279 2 2 1 5 1467 1110 1470
2280 2 2 1 5 1050 1110 1467
2281 2 2 1 5 1004 1087 1461
2282 2 2 1 5 156 157 1462
2283 2 2 1 5 159 160 1465
2284 2 2 1 5 158 159 1463
2285 2 2 1 5 1463 159 1465
2286 2 2 1 5 1049 1050 1464
2287 2 2 1 5 932 930 1466
2288 2 2 1 5 878 1406 1469
2289 2 2 1 5 152 153 1468
2290 2 2 1 5 1464 1050 1467
2291 2 2 1 5 1471 934 1472
2292 2 2 1 5 1106 934 1471
2293 2 2 1 5 1110 1107 1470
2294 2 2 1 5 934 933 1472
2295 2 2 1 5 149 150 1473
2296 2 2 1 5 163 164 1474
2297 2 2 1 5 738 740 1475
2298 2 2 1 5 1026 1025 1476
2299 2 2 1 5 168 169 1477
2300 2 2 1 5 1102 413 1480
2301 2 2 1 5 1376 909 1478
2302 2 2 1 5 1002 992 1479
2303 2 2 1 5 840 837 1481
2304 2 2 1 5 416 1322 1482
2305 2 2 1 5 1011 1453 1531
2306 2 2 1 5 850 849 1483
2307 2 2 1 5 1085 414 1492
2308 2 2 1 5 836 1453 1532
2309 2 2 1 5 972 1145 1497
2310 2 2 1 5 1453 835 1531
2311 2 2 1 5 990 935 1486
2312 2 2 1 5 1260 902 1484
2313 2 2 1 5 939 1523 1524
2314 2 2 1 5 1060 397 1525
2315 2 2 1 5 939 989 1523
2316 2 2 1 5 1316 939 1524
2317 2 2 1 5 936 991 1522
2318 2 2 1 5 1025 405 1526
2319 2 2 1 5 1331 1519 1520
2320 2 2 1 5 1331 1002 1519
2321 2 2 1 5 776 1331 1520
2322 2 2 1 5 776 1520 1521
2323 2 2 1 5 761 857 1485
2324 2 2 1 5 1002 1514 1519
2325 2 2 1 5 1516 1025 1526
2326 2 2 1 5 1089 1120 1487
2327 2 2 1 5 1128 1445 1535
2328 2 2 1 5 1368 1213 1488
2329 2 2 1 5 1164 853 1534
2330 2 2 1 5 1258 1259 1535
2331 2 2 1 5 411 77 1489
2332 2 2 1 5 935 1454 1533
2333 2 2 1 5 1466 434 1515
2334 2 2 1 5 173 1479 1518
2335 2 2 1 5 777 1476 1516
2336 2 2 1 5 1479 173 1514
2337 2 2 1 5 927 1480 1517
2338 2 2 1 5 1034 1035 1512
2339 2 2 1 5 1455 1058 1537
2340 2 2 1 5 89 425 1490
2341 2 2 1 5 428 58 1491
2342 2 2 1 5 928 993 1492
2343 2 2 1 5 1482 1322 1501
2344 2 2 1 5 1453 1012 1532
2345 2 2 1 5 1090 973 1504
2346 2 2 1 5 1121 412 1495
2347 2 2 1 5 1455 987 1536
2348 2 2 1 5 975 974 1493
2349 2 2 1 5 1447 1164 1534
2350 2 2 1 5 1259 1448 1535
2351 2 2 1 5 1095 1096 1494
2352 2 2 1 5 1099 949 1495
2353 2 2 1 5 1232 972 1497
2354 2 2 1 5 973 1314 1504
2355 2 2 1 5 987 1459 1536
2356 2 2 1 5 1096 1164 1527
2357 2 2 1 5 1259 1099 1528
2358 2 2 1 5 1454 1039 1533
2359 2 2 1 5 932 1466 1515
2360 2 2 1 5 1476 1025 1516
2361 2 2 1 5 1002 1479 1514
2362 2 2 1 5 1479 992 1518
2363 2 2 1 5 1480 413 1517
2364 2 2 1 5 1444 1151 1496
2365 2 2 1 5 1145 435 1497
2366 2 2 1 5 100 99 1498
2367 2 2 1 5 1314 971 1500
2368 2 2 1 5 1076 1444 1499
2369 2 2 1 5 1322 1075 1501
2370 2 2 1 5 969 1232 1502
2371 2 2 1 5 98 97 1503
2372 2 2 1 5 1481 836 1532
2373 2 2 1 5 1075 1074 1513
2374 2 2 1 5 417 1090 1504
2375 2 2 1 5 1058 1455 1536
2376 2 2 1 5 1445 1143 1505
2377 2 2 1 5 853 1483 1534
2378 2 2 1 5 1164 1447 1527
2379 2 2 1 5 1448 1259 1528
2380 2 2 1 5 1449 177 1510
2381 2 2 1 5 1452 116 1511
2382 2 2 1 5 1450 71 1508
2383 2 2 1 5 147 1451 1509
2384 2 2 1 5 995 1432 1529
2385 2 2 1 5 764 816 1505
2386 2 2 1 5 974 1502 1538
2387 2 2 1 5 768 693 1506
2388 2 2 1 5 835 1484 1531
2389 2 2 1 5 728 776 1507
2390 2 2 1 5 1459 1057 1536
2391 2 2 1 5 447 70 1509
2392 2 2 1 5 146 446 1508
2393 2 2 1 5 101 445 1510
2394 2 2 1 5 40 1163 1511
2395 2 2 1 5 847 1485 1530
2396 2 2 1 5 1272 767 1512
2397 2 2 1 5 1446 724 1513
2398 2 2 1 5 174 421 1514
2399 2 2 1 5 1059 1060 1515
2400 2 2 1 5 937 1249 1516
2401 2 2 1 5 413 172 1518
2402 2 2 1 5 992 925 1517
2403 2 2 1 5 1514 421 1519
2404 2 2 1 5 937 1516 1526
2405 2 2 1 5 1074 1446 1513
2406 2 2 1 5 1072 1460 1529
2407 2 2 1 5 816 1445 1505
2408 2 2 1 5 421 1028 1519
2409 2 2 1 5 1028 1030 1520
2410 2 2 1 5 1519 1028 1520
2411 2 2 1 5 1030 1032 1521
2412 2 2 1 5 1520 1030 1521
2413 2 2 1 5 426 1078 1523
2414 2 2 1 5 440 1103 1522
2415 2 2 1 5 1523 1078 1524
2416 2 2 1 5 1078 1079 1524
2417 2 2 1 5 989 938 1525
2418 2 2 1 5 991 937 1526
2419 2 2 1 5 1447 431 1527
2420 2 2 1 5 429 1448 1528
2421 2 2 1 5 1040 1038 1530
2422 2 2 1 5 1010 1011 1531
2423 2 2 1 5 1012 1068 1532
2424 2 2 1 5 1039 1052 1533
2425 2 2 1 5 1057 1058 1536
2426 2 2 1 5 1058 437 1537
2427 2 2 1 5 399 1008 1538
2428 2 2 1 5 445 1449 1510
2429 2 2 1 5 1163 1452 1511
2430 2 2 1 5 446 1450 1508
2431 2 2 1 5 1451 447 1509
2432 2 2 1 5 1507 776 1521
2433 2 2 1 5 1068 1481 1532
2434 2 2 1 5 1460 995 1529
2435 2 2 1 5 1483 1153 1534
2436 2 2 1 5 1153 1447 1534
2437 2 2 1 5 1448 1128 1535
2438 2 2 1 5 1484 1010 1531
2439 2 2 1 5 1486 935 1533
2440 2 2 1 5 1052 1486 1533
2441 2 2 1 5 1485 1040 1530
2442 2 2 1 5 1502 399 1538
2443 2 2 1 6 163 162 1562
2444 2 2 1 6 1562 164 163
2445 2 2 1 6 152 151 1564
2446 2 2 1 6 1564 153 152
2447 2 2 1 6 168 167 1563
2448 2 2 1 6 1563 169 168
2449 2 2 1 6 148 147 1542
2450 2 2 1 6 1542 149 148
2451 2 2 1 6 1546 157 156
2452 2 2 1 6 156 155 1546
2453 2 2 1 6 1547 159 158
2454 2 2 1 6 158 157 1547
2455 2 2 1 6 173 172 1550
2456 2 2 1 6 1550 174 173
2457 2 2 1 6 1540 177 176
2458 2 2 1 6 176 175 1540
2459 2 2 1 8 1593 86 87
2460 2 2 1 8 87 88 1593
2461 2 2 1 8 1595 75 76
2462 2 2 1 8 76 77 1595
2463 2 2 1 8 1594 91 92
2464 2 2 1 8 92 93 1594
2465 2 2 1 8 1571 71 72
2466 2 2 1 8 72 73 1571
2467 2 2 1 8 80 81 1575
2468 2 2 1 8 1575 79 80
2469 2 2 1 8 82 83 1576
2470 2 2 1 8 1576 81 82
2471 2 2 1 8 1579 96 97
2472 2 2 1 8 97 98 1579
2473 2 2 1 8 100 101 1569
2474 2 2 1 8 1569 99 100
2475 2 2 2 68 206 207 1625
2476 2 2 2 68 1625 205 206
2477 2 2 2 68 217 218 1627
2478 2 2 2 68 1627 216 217
2479 2 2 2 68 201 202 1626
2480 2 2 2 68 1626 200 201
2481 2 2 2 68 221 222 1605
2482 2 2 2 68 1605 220 221
2483 2 2 2 68 1609 212 213
2484 2 2 2 68 213 214 1609
2485 2 2 2 68 1610 210 211
2486 2 2 2 68 211 212 1610
2487 2 2 2 68 196 197 1613
2488 2 2 2 68 1613 195 196
2489 2 2 2 68 1603 192 193
2490 2 2 2 68 193 194 1603
2491 2 2 2 112 1656 240 241
2492 2 2 2 112 241 242 1656
2493 2 2 2 112 1658 229 230
2494 2 2 2 112 230 231 1658
2495 2 2 2 112 1657 245 246
2496 2 2 2 112 246 247 1657
2497 2 2 2 112 1634 225 226
2498 2 2 2 112 226 227 1634
2499 2 2 2 112 234 235 1638
2500 2 2 2 112 1638 233 234
2501 2 2 2 112 236 237 1639
2502 2 2 2 112 1639 235 236
2503 2 2 2 112 1642 250 251
2504 2 2 2 112 251 252 1642
2505 2 2 2 112 254 255 1632
2506 2 2 2 112 1632 253 254
2507 2 2 2 134 2259 1668 2319
2508 2 2 2 134 2352 2118 2485
2509 2 2 2 134 2425 1703 2689
2510 2 2 2 134 1670 2256 2722
2511 2 2 2 134 2307 1704 2712
2512 2 2 2 134 1705 2314 2713
2513 2 2 2 134 2314 1705 2748
2514 2 2 2 134 2102 2331 2491
2515 2 2 2 134 2744 2534 2774
2516 2 2 2 134 2416 2111 2491
2517 2 2 2 134 2256 1670 2718
2518 2 2 2 134 1668 2259 2719
2519 2 2 2 134 2689 1703 2762
2520 2 2 2 134 1704 2307 2761
2521 2 2 2 134 1680 2261 2720
2522 2 2 2 134 2250 2725 2727
2523 2 2 2 134 2250 2265 2725
2524 2 2 2 134 1672 2564 2729
2525 2 2 2 134 1672 2729 2732
2526 2 2 2 134 2564 1694 2726
2527 2 2 2 134 2564 2726 2729
2528 2 2 2 134 1681 2366 2733
2529 2 2 2 134 1681 2733 2734
2530 2 2 2 134 2117 2118 2383
2531 2 2 2 134 2263 1676 2376
2532 2 2 2 134 2297 2744 2774
2533 2 2 2 134 2297 2295 2332
2534 2 2 2 134 2359 1673 2751
2535 2 2 2 134 1687 2579 2752
2536 2 2 2 134 2609 1690 2753
2537 2 2 2 134 2291 1707 2293
2538 2 2 2 134 2261 1680 2758
2539 2 2 2 134 2534 2744 2763
2540 2 2 2 134 2211 2117 2383
2541 2 2 2 134 2118 2352 2749
2542 2 2 2 134 1687 2272 2579
2543 2 2 2 134 2235 2352 2485
2544 2 2 2 134 2111 2416 2745
2545 2 2 2 134 2331 2102 2743
2546 2 2 2 134 2252 1681 2734
2547 2 2 2 134 1681 2252 2735
2548 2 2 2 134 2350 1665 2723
2549 2 2 2 134 1665 2350 2724
2550 2 2 2 134 1672 2370 2730
2551 2 2 2 134 2370 1672 2732
2552 2 2 2 134 1696 2250 2727
2553 2 2 2 134 2250 1696 2728
2554 2 2 2 134 2198 2365 2740
2555 2 2 2 134 2578 2341 2737
2556 2 2 2 134 2194 2322 2731
2557 2 2 2 134 1665 2265 2723
2558 2 2 2 134 2265 1665 2725
2559 2 2 2 134 2350 1694 2724
2560 2 2 2 134 1694 2350 2726
2561 2 2 2 134 2251 1659 2736
2562 2 2 2 134 2370 2366 2730
2563 2 2 2 134 2366 2370 2733
2564 2 2 2 134 2252 1705 2735
2565 2 2 2 134 2341 2039 2737
2566 2 2 2 134 2039 2341 2738
2567 2 2 2 134 2253 1667 2739
2568 2 2 2 134 2189 2365 2742
2569 2 2 2 134 2365 2189 2740
2570 2 2 2 134 2322 2194 2777
2571 2 2 2 134 2365 2198 2784
2572 2 2 2 134 2341 2578 2786
2573 2 2 2 134 1659 2251 2787
2574 2 2 2 134 1667 2253 2788
2575 2 2 2 134 2332 2295 2765
2576 2 2 2 134 1705 2252 2748
2577 2 2 2 134 2302 2263 2376
2578 2 2 2 134 2234 2406 2407
2579 2 2 2 134 2256 2257 2722
2580 2 2 2 134 2491 2331 2750
2581 2 2 2 134 1673 2359 2756
2582 2 2 2 134 2293 1707 2760
2583 2 2 2 134 1690 2609 2755
2584 2 2 2 134 2416 2491 2750
2585 2 2 2 134 2259 2319 2721
2586 2 2 2 134 2579 2258 2752
2587 2 2 2 134 2260 2609 2753
2588 2 2 2 134 2262 2359 2751
2589 2 2 2 134 2293 1686 2294
2590 2 2 2 134 1676 2263 2754
2591 2 2 2 134 317 2720 2751
2592 2 2 2 134 203 2719 2753
2593 2 2 2 134 2718 303 2752
2594 2 2 2 134 2029 2769 2774
2595 2 2 2 134 2494 2323 2764
2596 2 2 2 134 2294 1686 2295
2597 2 2 2 134 2078 2520 2707
2598 2 2 2 134 2383 2118 2749
2599 2 2 2 134 2769 2296 2774
2600 2 2 2 134 2406 2234 2768
2601 2 2 2 134 2261 2262 2720
2602 2 2 2 134 2258 2256 2718
2603 2 2 2 134 2259 2260 2719
2604 2 2 2 134 1708 2307 2712
2605 2 2 2 134 2314 1709 2713
2606 2 2 2 134 2706 2519 2761
2607 2 2 2 134 2424 2576 2762
2608 2 2 2 134 2254 2779 2780
2609 2 2 2 134 2779 1675 2780
2610 2 2 2 134 1707 2291 2711
2611 2 2 2 134 2425 2689 2714
2612 2 2 2 134 2519 2706 2758
2613 2 2 2 134 2707 2520 2797
2614 2 2 2 134 2720 2262 2751
2615 2 2 2 134 2719 2260 2753
2616 2 2 2 134 2258 2718 2752
2617 2 2 2 134 2323 1661 2764
2618 2 2 2 134 2563 2358 2789
2619 2 2 2 134 2361 2544 2790
2620 2 2 2 134 2297 2332 2744
2621 2 2 2 134 2347 2255 2799
2622 2 2 2 134 2358 2563 2756
2623 2 2 2 134 2544 2361 2757
2624 2 2 2 134 2255 2347 2754
2625 2 2 2 134 2025 2405 2406
2626 2 2 2 134 2323 2494 2759
2627 2 2 2 134 2294 2295 2296
2628 2 2 2 134 2576 2424 2766
2629 2 2 2 134 1703 2424 2762
2630 2 2 2 134 2519 1704 2761
2631 2 2 2 134 2416 2415 2745
2632 2 2 2 134 2336 2694 2708
2633 2 2 2 134 2330 2331 2743
2634 2 2 2 134 2579 2272 2746
2635 2 2 2 134 2296 2295 2297
2636 2 2 2 134 2597 2337 2775
2637 2 2 2 134 1686 2293 2760
2638 2 2 2 134 2694 2336 2791
2639 2 2 2 134 2306 1685 2704
2640 2 2 2 134 2156 2338 2622
2641 2 2 2 134 2338 2306 2622
2642 2 2 2 134 2377 2342 2692
2643 2 2 2 134 2440 2442 2684
2644 2 2 2 134 2439 2443 2683
2645 2 2 2 134 2446 2460 2680
2646 2 2 2 134 2262 2161 2359
2647 2 2 2 134 2184 2342 2379
2648 2 2 2 134 2457 2458 2679
2649 2 2 2 134 2317 2316 2699
2650 2 2 2 134 2022 2184 2379
2651 2 2 2 134 1789 1791 2669
2652 2 2 2 134 2622 2306 2704
2653 2 2 2 134 2019 2091 2690
2654 2 2 2 134 2274 2329 2330
2655 2 2 2 134 2371 2372 2657
2656 2 2 2 134 2459 2473 2677
2657 2 2 2 134 2205 2380 2646
2658 2 2 2 134 1783 1785 2402
2659 2 2 2 134 1822 1823 2667
2660 2 2 2 134 1839 2412 2637
2661 2 2 2 134 2068 2183 2678
2662 2 2 2 134 2059 2062 2536
2663 2 2 2 134 1816 1817 2385
2664 2 2 2 134 2275 1816 2385
2665 2 2 2 134 1689 242 1710
2666 2 2 2 134 205 1690 2270
2667 2 2 2 134 2277 2137 2393
2668 2 2 2 134 1801 1808 2387
2669 2 2 2 134 2442 1728 2684
2670 2 2 2 134 1687 305 2271
2671 2 2 2 134 2342 2184 2692
2672 2 2 2 134 2372 2312 2657
2673 2 2 2 134 2277 2120 2590
2674 2 2 2 134 2443 1732 2683
2675 2 2 2 134 2137 2277 2590
2676 2 2 2 134 1689 1710 2267
2677 2 2 2 134 2280 2515 2607
2678 2 2 2 134 2460 1736 2680
2679 2 2 2 134 2497 1826 2498
2680 2 2 2 134 2384 1958 2648
2681 2 2 2 134 1687 2271 2272
2682 2 2 2 134 1826 1827 2498
2683 2 2 2 134 2268 2007 2269
2684 2 2 2 134 1959 2308 2315
2685 2 2 2 134 1958 1959 2315
2686 2 2 2 134 2281 1839 2637
2687 2 2 2 134 2496 2499 2552
2688 2 2 2 134 2273 1662 2274
2689 2 2 2 134 2271 1662 2273
2690 2 2 2 134 2124 2388 2554
2691 2 2 2 134 2162 2356 2357
2692 2 2 2 134 1893 2280 2607
2693 2 2 2 134 1851 2409 2410
2694 2 2 2 134 193 1709 2313
2695 2 2 2 134 2458 1740 2679
2696 2 2 2 134 2162 2205 2356
2697 2 2 2 134 2274 1662 2329
2698 2 2 2 134 2161 2162 2359
2699 2 2 2 134 1945 2527 2666
2700 2 2 2 134 1710 1711 2267
2701 2 2 2 134 2282 2204 2604
2702 2 2 2 134 1730 1727 2608
2703 2 2 2 134 1899 2276 2388
2704 2 2 2 134 2091 2298 2690
2705 2 2 2 134 1851 2410 2431
2706 2 2 2 134 2267 1711 2588
2707 2 2 2 134 1775 1777 2431
2708 2 2 2 134 1730 2282 2604
2709 2 2 2 134 2509 2449 2595
2710 2 2 2 134 2282 1730 2608
2711 2 2 2 134 2301 2313 2314
2712 2 2 2 134 2473 1744 2677
2713 2 2 2 134 2131 2132 2409
2714 2 2 2 134 2448 2285 2537
2715 2 2 2 134 1738 2448 2537
2716 2 2 2 134 2313 1709 2314
2717 2 2 2 134 1734 2509 2595
2718 2 2 2 134 2007 2268 2399
2719 2 2 2 134 2693 244 2698
2720 2 2 2 134 2285 1982 2537
2721 2 2 2 134 2284 1982 2285
2722 2 2 2 134 2356 2205 2646
2723 2 2 2 134 1698 2279 2363
2724 2 2 2 134 1958 2315 2648
2725 2 2 2 134 2179 2354 2423
2726 2 2 2 134 2279 1698 2408
2727 2 2 2 134 1779 1781 2399
2728 2 2 2 134 2388 2276 2554
2729 2 2 2 134 2207 2408 2523
2730 2 2 2 134 2007 1783 2402
2731 2 2 2 134 1747 1745 2539
2732 2 2 2 134 2343 2219 2636
2733 2 2 2 134 1785 1789 2402
2734 2 2 2 134 2381 2174 2661
2735 2 2 2 134 2408 1698 2523
2736 2 2 2 134 207 206 1661
2737 2 2 2 134 241 240 1660
2738 2 2 2 134 306 307 1662
2739 2 2 2 134 276 277 1659
2740 2 2 2 134 1816 2275 2387
2741 2 2 2 134 1817 1822 2385
2742 2 2 2 134 2127 2207 2394
2743 2 2 2 134 2137 2127 2394
2744 2 2 2 134 2307 2306 2338
2745 2 2 2 134 2318 1699 2320
2746 2 2 2 134 2402 1789 2669
2747 2 2 2 134 2354 1682 2423
2748 2 2 2 134 1811 2324 2550
2749 2 2 2 134 1708 254 2305
2750 2 2 2 134 2394 2207 2437
2751 2 2 2 134 2206 2385 2386
2752 2 2 2 134 2393 2137 2394
2753 2 2 2 134 2276 1899 2387
2754 2 2 2 134 2437 2207 2523
2755 2 2 2 134 2324 1811 2325
2756 2 2 2 134 2305 2306 2307
2757 2 2 2 134 2324 2326 2550
2758 2 2 2 134 1808 1816 2387
2759 2 2 2 134 2326 1917 2550
2760 2 2 2 134 194 193 2313
2761 2 2 2 134 2058 2059 2536
2762 2 2 2 134 2206 2386 2536
2763 2 2 2 134 2062 2206 2536
2764 2 2 2 134 250 1677 2304
2765 2 2 2 134 1827 1830 2498
2766 2 2 2 134 1899 1801 2387
2767 2 2 2 134 2409 2132 2410
2768 2 2 2 134 2325 1811 2327
2769 2 2 2 134 2545 2130 2591
2770 2 2 2 134 1708 2305 2307
2771 2 2 2 134 2386 1822 2667
2772 2 2 2 134 1846 2135 2643
2773 2 2 2 134 2412 2388 2637
2774 2 2 2 134 200 1699 2318
2775 2 2 2 134 1700 247 2316
2776 2 2 2 134 206 205 2270
2777 2 2 2 134 305 306 2271
2778 2 2 2 134 242 241 1710
2779 2 2 2 134 2613 2209 2618
2780 2 2 2 134 2046 2455 2540
2781 2 2 2 134 2496 2498 2499
2782 2 2 2 134 2613 2146 2660
2783 2 2 2 134 207 1661 2323
2784 2 2 2 134 1662 307 2329
2785 2 2 2 134 276 1659 2321
2786 2 2 2 134 2183 2373 2678
2787 2 2 2 134 2120 2145 2590
2788 2 2 2 134 239 1698 2363
2789 2 2 2 134 1891 2380 2476
2790 2 2 2 134 2380 2205 2476
2791 2 2 2 134 2455 2452 2540
2792 2 2 2 134 2278 2145 2607
2793 2 2 2 134 1838 2452 2453
2794 2 2 2 134 2145 2278 2590
2795 2 2 2 134 2515 2278 2607
2796 2 2 2 134 1701 300 2333
2797 2 2 2 134 2526 2545 2591
2798 2 2 2 134 307 308 2329
2799 2 2 2 134 275 276 2321
2800 2 2 2 134 308 1695 2329
2801 2 2 2 134 2696 2185 2697
2802 2 2 2 134 1696 275 2321
2803 2 2 2 134 1692 2343 2636
2804 2 2 2 134 208 207 2323
2805 2 2 2 134 1697 208 2323
2806 2 2 2 134 2017 1775 2431
2807 2 2 2 134 2209 2280 2618
2808 2 2 2 134 1700 2316 2317
2809 2 2 2 134 2268 2131 2409
2810 2 2 2 134 1660 240 2363
2811 2 2 2 134 2204 2509 2604
2812 2 2 2 134 1777 1851 2431
2813 2 2 2 134 2624 2454 2634
2814 2 2 2 134 195 194 1684
2815 2 2 2 134 253 252 1685
2816 2 2 2 134 1838 2451 2452
2817 2 2 2 134 1888 1841 2640
2818 2 2 2 134 240 239 2363
2819 2 2 2 134 2280 1893 2618
2820 2 2 2 134 1959 2371 2657
2821 2 2 2 134 1710 1660 1711
2822 2 2 2 134 2348 1891 2476
2823 2 2 2 134 202 201 1668
2824 2 2 2 134 246 245 1669
2825 2 2 2 134 1753 1750 2427
2826 2 2 2 134 1727 1726 2608
2827 2 2 2 134 1851 1779 2399
2828 2 2 2 134 1982 2284 2539
2829 2 2 2 134 195 1684 2299
2830 2 2 2 134 1781 2007 2399
2831 2 2 2 134 301 302 1670
2832 2 2 2 134 281 282 1667
2833 2 2 2 134 2449 2448 2595
2834 2 2 2 134 1701 2333 2334
2835 2 2 2 134 1774 1772 2327
2836 2 2 2 134 254 253 2305
2837 2 2 2 134 2527 2222 2666
2838 2 2 2 134 2139 2558 2598
2839 2 2 2 134 1753 2427 2538
2840 2 2 2 134 2454 2455 2634
2841 2 2 2 134 1917 2326 2558
2842 2 2 2 134 2360 2361 2521
2843 2 2 2 134 2443 2440 2684
2844 2 2 2 134 294 295 1686
2845 2 2 2 134 288 289 1683
2846 2 2 2 134 1745 1982 2539
2847 2 2 2 134 2552 2499 2624
2848 2 2 2 134 2427 1750 2539
2849 2 2 2 134 1750 1747 2539
2850 2 2 2 134 2082 2081 2620
2851 2 2 2 134 2434 2451 2581
2852 2 2 2 134 201 200 2318
2853 2 2 2 134 2269 2007 2402
2854 2 2 2 134 247 246 2316
2855 2 2 2 134 2448 1738 2595
2856 2 2 2 134 2509 1734 2604
2857 2 2 2 134 281 1667 2286
2858 2 2 2 134 2135 2362 2643
2859 2 2 2 134 2286 2288 2339
2860 2 2 2 134 289 290 2289
2861 2 2 2 134 2460 2439 2683
2862 2 2 2 134 1753 2538 2545
2863 2 2 2 134 300 301 2333
2864 2 2 2 134 1811 1774 2327
2865 2 2 2 134 1791 1839 2669
2866 2 2 2 134 2272 2271 2273
2867 2 2 2 134 2299 1684 2300
2868 2 2 2 134 2451 1838 2581
2869 2 2 2 134 2082 2360 2521
2870 2 2 2 134 2458 2446 2680
2871 2 2 2 134 2454 2624 2662
2872 2 2 2 134 2286 1667 2287
2873 2 2 2 134 2345 1888 2640
2874 2 2 2 134 2018 2420 2549
2875 2 2 2 134 1688 2339 2340
2876 2 2 2 134 2525 2216 2541
2877 2 2 2 134 1661 206 2270
2878 2 2 2 134 241 1660 1710
2879 2 2 2 134 306 1662 2271
2880 2 2 2 134 1676 197 2376
2881 2 2 2 134 2225 2687 2688
2882 2 2 2 134 2035 2368 2369
2883 2 2 2 134 2035 2367 2368
2884 2 2 2 134 2091 2377 2692
2885 2 2 2 134 2538 2130 2545
2886 2 2 2 134 2018 2419 2420
2887 2 2 2 134 2339 2288 2340
2888 2 2 2 134 1834 1835 2453
2889 2 2 2 134 2179 2486 2656
2890 2 2 2 134 2433 1804 2506
2891 2 2 2 134 1891 2348 2577
2892 2 2 2 134 2305 1685 2306
2893 2 2 2 134 280 2286 2339
2894 2 2 2 134 2624 2499 2662
2895 2 2 2 134 2360 2082 2620
2896 2 2 2 134 1835 1838 2453
2897 2 2 2 134 2506 1804 2556
2898 2 2 2 134 1685 252 2303
2899 2 2 2 134 198 197 1676
2900 2 2 2 134 250 249 1677
2901 2 2 2 134 251 250 2304
2902 2 2 2 134 205 204 1690
2903 2 2 2 134 243 242 1689
2904 2 2 2 134 1699 199 2347
2905 2 2 2 134 2473 2457 2679
2906 2 2 2 134 248 1700 2344
2907 2 2 2 134 2374 2375 2559
2908 2 2 2 134 2388 2124 2637
2909 2 2 2 134 253 1685 2305
2910 2 2 2 134 2430 2525 2541
2911 2 2 2 134 2083 2374 2559
2912 2 2 2 134 304 305 1687
2913 2 2 2 134 278 279 1688
2914 2 2 2 134 2303 251 2304
2915 2 2 2 134 2162 2357 2359
2916 2 2 2 134 2329 1695 2330
2917 2 2 2 134 1823 1826 2667
2918 2 2 2 134 2035 1951 2367
2919 2 2 2 134 1678 298 2436
2920 2 2 2 134 2504 2647 2652
2921 2 2 2 134 265 266 2366
2922 2 2 2 134 1668 2318 2319
2923 2 2 2 134 297 1678 2332
2924 2 2 2 134 296 297 2332
2925 2 2 2 134 2453 2452 2455
2926 2 2 2 134 297 298 1678
2927 2 2 2 134 285 286 1675
2928 2 2 2 134 1871 1874 2601
2929 2 2 2 134 218 217 2351
2930 2 2 2 134 2375 1874 2529
2931 2 2 2 134 1677 249 2344
2932 2 2 2 134 198 1676 2347
2933 2 2 2 134 1712 1660 2363
2934 2 2 2 134 1668 201 2318
2935 2 2 2 134 246 1669 2316
2936 2 2 2 134 2279 1712 2363
2937 2 2 2 134 2349 2266 2462
2938 2 2 2 134 2525 2526 2591
2939 2 2 2 134 2419 2018 2574
2940 2 2 2 134 2375 2529 2559
2941 2 2 2 134 2367 1951 2378
2942 2 2 2 134 2433 2396 2573
2943 2 2 2 134 2380 1888 2646
2944 2 2 2 134 2603 2381 2661
2945 2 2 2 134 2310 2349 2462
2946 2 2 2 134 1959 1952 2371
2947 2 2 2 134 2506 2556 2558
2948 2 2 2 134 2558 2326 2598
2949 2 2 2 134 2354 2179 2656
2950 2 2 2 134 301 1670 2333
2951 2 2 2 134 1702 284 2364
2952 2 2 2 134 1874 2375 2601
2953 2 2 2 134 252 251 2303
2954 2 2 2 134 2421 2419 2574
2955 2 2 2 134 285 1675 2364
2956 2 2 2 134 1834 2453 2454
2957 2 2 2 134 2286 2287 2288
2958 2 2 2 134 2219 2277 2636
2959 2 2 2 134 1899 2388 2412
2960 2 2 2 134 2325 2327 2328
2961 2 2 2 134 1804 2433 2573
2962 2 2 2 134 230 229 2353
2963 2 2 2 134 2348 2151 2577
2964 2 2 2 134 2135 2384 2648
2965 2 2 2 134 1797 2626 2627
2966 2 2 2 134 2300 1684 2301
2967 2 2 2 134 1683 289 2289
2968 2 2 2 134 2328 2615 2628
2969 2 2 2 134 1711 1660 1712
2970 2 2 2 134 2407 2404 2489
2971 2 2 2 134 1683 2289 2290
2972 2 2 2 134 2556 1917 2558
2973 2 2 2 134 199 198 2347
2974 2 2 2 134 249 248 2344
2975 2 2 2 134 2434 2450 2451
2976 2 2 2 134 1688 279 2339
2977 2 2 2 134 2328 2327 2615
2978 2 2 2 134 2091 1997 2377
2979 2 2 2 134 1821 1820 2468
2980 2 2 2 134 1901 2430 2541
2981 2 2 2 134 2547 2546 2611
2982 2 2 2 134 2183 2459 2677
2983 2 2 2 134 2139 2506 2558
2984 2 2 2 134 220 219 2424
2985 2 2 2 134 2589 2017 2650
2986 2 2 2 134 1697 2407 2489
2987 2 2 2 134 2209 2613 2660
2988 2 2 2 134 284 285 2364
2989 2 2 2 134 1702 2364 2365
2990 2 2 2 134 2340 2288 2341
2991 2 2 2 134 219 1679 2424
2992 2 2 2 134 1898 1958 2384
2993 2 2 2 134 1830 1831 2662
2994 2 2 2 134 1897 1947 2378
2995 2 2 2 134 2401 2310 2462
2996 2 2 2 134 2321 1659 2322
2997 2 2 2 134 2369 2368 2370
2998 2 2 2 134 235 234 2392
2999 2 2 2 134 1997 1979 2377
3000 2 2 2 134 213 212 2389
3001 2 2 2 134 2645 1671 2649
3002 2 2 2 134 1890 1898 2384
3003 2 2 2 134 1920 1918 2396
3004 2 2 2 134 2159 2261 2413
3005 2 2 2 134 2149 2401 2435
3006 2 2 2 134 280 281 2286
3007 2 2 2 134 312 313 2414
3008 2 2 2 134 1701 2334 2335
3009 2 2 2 134 2379 2185 2696
3010 2 2 2 134 2505 2433 2506
3011 2 2 2 134 1951 1897 2378
3012 2 2 2 134 1947 2024 2378
3013 2 2 2 134 2299 2300 2302
3014 2 2 2 134 2216 2525 2591
3015 2 2 2 134 2395 2433 2505
3016 2 2 2 134 1952 2035 2371
3017 2 2 2 134 216 1674 2382
3018 2 2 2 134 2261 2161 2262
3019 2 2 2 134 1989 2042 2466
3020 2 2 2 134 2081 2212 2620
3021 2 2 2 134 2401 1950 2435
3022 2 2 2 134 1820 2465 2468
3023 2 2 2 134 2155 2159 2413
3024 2 2 2 134 1684 194 2313
3025 2 2 2 134 211 210 2403
3026 2 2 2 134 2138 2195 2196
3027 2 2 2 134 2632 1832 2641
3028 2 2 2 134 255 254 1708
3029 2 2 2 134 193 192 1709
3030 2 2 2 134 2154 2153 2155
3031 2 2 2 134 2510 2214 2569
3032 2 2 2 134 2319 2318 2320
3033 2 2 2 134 2327 1772 2615
3034 2 2 2 134 1824 1821 2468
3035 2 2 2 134 1850 1888 2380
3036 2 2 2 134 1881 2613 2618
3037 2 2 2 134 1948 1950 2461
3038 2 2 2 134 2434 1975 2450
3039 2 2 2 134 2626 2420 2627
3040 2 2 2 134 1901 2429 2430
3041 2 2 2 134 2367 2196 2368
3042 2 2 2 134 2389 1666 2390
3043 2 2 2 134 1950 2401 2462
3044 2 2 2 134 2191 2173 2672
3045 2 2 2 134 1766 2166 2429
3046 2 2 2 134 2498 1830 2499
3047 2 2 2 134 2351 217 2382
3048 2 2 2 134 2277 2393 2636
3049 2 2 2 134 1996 2208 2450
3050 2 2 2 134 2155 2153 2158
3051 2 2 2 134 2138 2110 2195
3052 2 2 2 134 2396 1918 2573
3053 2 2 2 134 2385 1822 2386
3054 2 2 2 134 2465 2467 2468
3055 2 2 2 134 1839 1793 2412
3056 2 2 2 134 1875 1872 2463
3057 2 2 2 134 2024 2110 2138
3058 2 2 2 134 2024 2138 2378
3059 2 2 2 134 2353 1682 2354
3060 2 2 2 134 1924 1926 2421
3061 2 2 2 134 2374 2083 2623
3062 2 2 2 134 1977 1996 2450
3063 2 2 2 134 2155 2158 2159
3064 2 2 2 134 2125 2185 2379
3065 2 2 2 134 217 216 2382
3066 2 2 2 134 2429 2166 2430
3067 2 2 2 134 1992 2125 2342
3068 2 2 2 134 1872 1869 2517
3069 2 2 2 134 212 1666 2389
3070 2 2 2 134 1931 1920 2396
3071 2 2 2 134 2152 2151 2153
3072 2 2 2 134 2463 1872 2517
3073 2 2 2 134 1813 1901 2500
3074 2 2 2 134 2017 2431 2432
3075 2 2 2 134 2400 2279 2408
3076 2 2 2 134 1870 1871 2601
3077 2 2 2 134 1977 1978 1979
3078 2 2 2 134 2153 2151 2348
3079 2 2 2 134 2002 2003 2004
3080 2 2 2 134 2035 2369 2371
3081 2 2 2 134 2330 1695 2331
3082 2 2 2 134 1890 1897 1898
3083 2 2 2 134 1996 1979 1997
3084 2 2 2 134 1678 2436 2584
3085 2 2 2 134 2510 1870 2592
3086 2 2 2 134 2417 2084 2418
3087 2 2 2 134 1851 2399 2409
3088 2 2 2 134 1866 2510 2569
3089 2 2 2 134 2042 2100 2466
3090 2 2 2 134 1937 1883 2577
3091 2 2 2 134 2455 2046 2634
3092 2 2 2 134 2459 2064 2472
3093 2 2 2 134 2465 2466 2467
3094 2 2 2 134 2083 2028 2623
3095 2 2 2 134 1992 2342 2377
3096 2 2 2 134 2454 2453 2455
3097 2 2 2 134 1666 211 2403
3098 2 2 2 134 2142 2400 2408
3099 2 2 2 134 1977 1979 1996
3100 2 2 2 134 1981 1933 1999
3101 2 2 2 134 2008 2174 2381
3102 2 2 2 134 2000 2001 2002
3103 2 2 2 134 2428 1989 2466
3104 2 2 2 134 1898 1897 1951
3105 2 2 2 134 2335 2334 2336
3106 2 2 2 134 2139 2505 2506
3107 2 2 2 134 1979 1992 2377
3108 2 2 2 134 2002 2001 2003
3109 2 2 2 134 1883 1891 2577
3110 2 2 2 134 2461 1950 2462
3111 2 2 2 134 237 236 2437
3112 2 2 2 134 2342 2125 2379
3113 2 2 2 134 1770 1766 2429
3114 2 2 2 134 1998 1997 2019
3115 2 2 2 134 2568 1930 2585
3116 2 2 2 134 230 2353 2411
3117 2 2 2 134 2482 2076 2514
3118 2 2 2 134 2044 2043 2441
3119 2 2 2 134 2404 2403 2489
3120 2 2 2 134 2159 2158 2160
3121 2 2 2 134 1981 1999 2000
3122 2 2 2 134 2592 1870 2601
3123 2 2 2 134 196 195 2299
3124 2 2 2 134 1940 2084 2417
3125 2 2 2 134 1824 2468 2469
3126 2 2 2 134 1711 1712 1713
3127 2 2 2 134 2353 2355 2411
3128 2 2 2 134 229 1682 2353
3129 2 2 2 134 1815 1814 2464
3130 2 2 2 134 2397 1881 2463
3131 2 2 2 134 2400 2142 2444
3132 2 2 2 134 1832 1829 2548
3133 2 2 2 134 1898 1951 1952
3134 2 2 2 134 2116 2115 2426
3135 2 2 2 134 2399 2268 2409
3136 2 2 2 134 1891 1850 2380
3137 2 2 2 134 1938 1975 2434
3138 2 2 2 134 1979 1978 1992
3139 2 2 2 134 1879 1890 2384
3140 2 2 2 134 2040 2008 2140
3141 2 2 2 134 1940 1945 2084
3142 2 2 2 134 1975 1976 1977
3143 2 2 2 134 1996 1997 1998
3144 2 2 2 134 2000 1999 2001
3145 2 2 2 134 2073 1994 2508
3146 2 2 2 134 2417 2419 2421
3147 2 2 2 134 2004 2003 2005
3148 2 2 2 134 2004 2005 2008
3149 2 2 2 134 221 220 1703
3150 2 2 2 134 227 226 1706
3151 2 2 2 134 2159 2160 2161
3152 2 2 2 134 1846 1879 2135
3153 2 2 2 134 2241 2244 2422
3154 2 2 2 134 279 280 2339
3155 2 2 2 134 310 311 2475
3156 2 2 2 134 1881 1875 2463
3157 2 2 2 134 1820 2464 2465
3158 2 2 2 134 2438 2440 2443
3159 2 2 2 134 2386 2667 2671
3160 2 2 2 134 200 199 1699
3161 2 2 2 134 248 247 1700
3162 2 2 2 134 2459 2472 2473
3163 2 2 2 134 236 1663 2437
3164 2 2 2 134 2240 2241 2422
3165 2 2 2 134 1850 1841 1888
3166 2 2 2 134 1881 2397 2613
3167 2 2 2 134 1935 1940 2417
3168 2 2 2 134 2019 1997 2091
3169 2 2 2 134 2244 2247 2422
3170 2 2 2 134 2275 2276 2387
3171 2 2 2 134 2192 2033 2193
3172 2 2 2 134 2138 2367 2378
3173 2 2 2 134 2195 2197 2252
3174 2 2 2 134 2154 2155 2156
3175 2 2 2 134 2524 2166 2570
3176 2 2 2 134 2020 2019 2043
3177 2 2 2 134 2371 2369 2372
3178 2 2 2 134 2481 2482 2514
3179 2 2 2 134 2149 2203 2401
3180 2 2 2 134 2159 2161 2261
3181 2 2 2 134 1998 2019 2020
3182 2 2 2 134 2250 2193 2265
3183 2 2 2 134 1999 2395 2505
3184 2 2 2 134 1824 2469 2546
3185 2 2 2 134 216 215 1674
3186 2 2 2 134 232 231 1671
3187 2 2 2 134 2290 2289 2291
3188 2 2 2 134 2349 2311 2350
3189 2 2 2 134 1820 1815 2464
3190 2 2 2 134 2444 2474 2501
3191 2 2 2 134 2244 2246 2247
3192 2 2 2 134 2450 2208 2451
3193 2 2 2 134 1868 2483 2560
3194 2 2 2 134 2471 2568 2585
3195 2 2 2 134 1942 1988 1989
3196 2 2 2 134 2033 1948 2461
3197 2 2 2 134 2615 1802 2628
3198 2 2 2 134 1847 1813 1848
3199 2 2 2 134 2156 2155 2413
3200 2 2 2 134 1926 1935 2421
3201 2 2 2 134 1882 1893 2470
3202 2 2 2 134 2438 2048 2440
3203 2 2 2 134 2451 2208 2452
3204 2 2 2 134 2004 2008 2040
3205 2 2 2 134 221 1703 2425
3206 2 2 2 134 1890 1892 1897
3207 2 2 2 134 311 1664 2475
3208 2 2 2 134 1801 1807 1808
3209 2 2 2 134 2192 2193 2250
3210 2 2 2 134 1952 1951 2035
3211 2 2 2 134 2310 2311 2349
3212 2 2 2 134 2419 2418 2420
3213 2 2 2 134 2040 2140 2200
3214 2 2 2 134 1958 1952 1959
3215 2 2 2 134 2056 2445 2446
3216 2 2 2 134 1885 2149 2435
3217 2 2 2 134 1703 220 2424
3218 2 2 2 134 2135 1879 2384
3219 2 2 2 134 2224 2090 2586
3220 2 2 2 134 2045 2447 2449
3221 2 2 2 134 2357 2177 2358
3222 2 2 2 134 2138 2196 2367
3223 2 2 2 134 1977 1976 1978
3224 2 2 2 134 1801 1800 1807
3225 2 2 2 134 2152 2153 2154
3226 2 2 2 134 2111 2103 2491
3227 2 2 2 134 1795 1800 1801
3228 2 2 2 134 2217 1853 2477
3229 2 2 2 134 2203 2309 2310
3230 2 2 2 134 2358 2177 2426
3231 2 2 2 134 2024 2109 2110
3232 2 2 2 134 2093 1973 2151
3233 2 2 2 134 2042 2041 2098
3234 2 2 2 134 2546 2469 2611
3235 2 2 2 134 2161 2160 2162
3236 2 2 2 134 2500 1901 2541
3237 2 2 2 134 2140 2008 2381
3238 2 2 2 134 1940 1944 1945
3239 2 2 2 134 2478 2503 2504
3240 2 2 2 134 1989 1988 2041
3241 2 2 2 134 2179 2085 2486
3242 2 2 2 134 2400 2444 2501
3243 2 2 2 134 1953 1934 2471
3244 2 2 2 134 2042 2098 2099
3245 2 2 2 134 2395 2396 2433
3246 2 2 2 134 1847 1848 1852
3247 2 2 2 134 1915 1942 2428
3248 2 2 2 134 2008 2005 2174
3249 2 2 2 134 1799 2086 2571
3250 2 2 2 134 1869 1868 2517
3251 2 2 2 134 2464 2428 2465
3252 2 2 2 134 1809 1770 1810
3253 2 2 2 134 2056 2053 2445
3254 2 2 2 134 2310 2309 2311
3255 2 2 2 134 1679 218 2351
3256 2 2 2 134 2177 2116 2426
3257 2 2 2 134 1701 2335 2436
3258 2 2 2 134 1795 1801 1899
3259 2 2 2 134 1713 1712 1714
3260 2 2 2 134 1808 1807 1814
3261 2 2 2 134 2431 2410 2432
3262 2 2 2 134 2308 1959 2657
3263 2 2 2 134 1942 1989 2428
3264 2 2 2 134 2395 1931 2396
3265 2 2 2 134 1663 2392 2393
3266 2 2 2 134 1813 1810 1901
3267 2 2 2 134 1791 1792 1793
3268 2 2 2 134 2127 2142 2207
3269 2 2 2 134 2049 2048 2438
3270 2 2 2 134 2204 2508 2509
3271 2 2 2 134 1933 1931 2395
3272 2 2 2 134 2417 2418 2419
3273 2 2 2 134 1812 1810 1813
3274 2 2 2 134 1989 2041 2042
3275 2 2 2 134 2060 2057 2456
3276 2 2 2 134 2382 1674 2383
3277 2 2 2 134 2066 2064 2459
3278 2 2 2 134 1975 1977 2450
3279 2 2 2 134 2217 2477 2555
3280 2 2 2 134 1791 1793 1839
3281 2 2 2 134 2037 1953 2471
3282 2 2 2 134 1852 1848 1853
3283 2 2 2 134 1789 1790 1791
3284 2 2 2 134 2085 1969 2486
3285 2 2 2 134 2060 2456 2457
3286 2 2 2 134 215 214 2544
3287 2 2 2 134 2014 2127 2137
3288 2 2 2 134 2103 2102 2491
3289 2 2 2 134 1793 1794 1795
3290 2 2 2 134 2204 2073 2508
3291 2 2 2 134 1720 1718 2474
3292 2 2 2 134 1814 1915 2464
3293 2 2 2 134 1935 2417 2421
3294 2 2 2 134 2101 2099 2102
3295 2 2 2 134 1799 1806 2086
3296 2 2 2 134 2014 2013 2127
3297 2 2 2 134 2010 2524 2570
3298 2 2 2 134 1812 1813 1847
3299 2 2 2 134 2447 2045 2479
3300 2 2 2 134 2107 2234 2494
3301 2 2 2 134 1924 2421 2574
3302 2 2 2 134 2439 2438 2443
3303 2 2 2 134 2188 2037 2471
3304 2 2 2 134 2457 2456 2458
3305 2 2 2 134 2524 2010 2526
3306 2 2 2 134 1994 2045 2508
3307 2 2 2 134 2456 2446 2458
3308 2 2 2 134 1999 1933 2395
3309 2 2 2 134 1961 2075 2503
3310 2 2 2 134 2020 2043 2044
3311 2 2 2 134 2047 2044 2048
3312 2 2 2 134 1714 1712 2279
3313 2 2 2 134 2183 2066 2459
3314 2 2 2 134 1935 1939 1940
3315 2 2 2 134 1808 1814 1815
3316 2 2 2 134 1932 1931 1933
3317 2 2 2 134 2290 2291 2292
3318 2 2 2 134 1980 1933 1981
3319 2 2 2 134 2052 2438 2439
3320 2 2 2 134 1802 1803 1840
3321 2 2 2 134 1795 1794 1800
3322 2 2 2 134 1852 1853 2217
3323 2 2 2 134 210 209 2489
3324 2 2 2 134 2199 2170 2511
3325 2 2 2 134 1840 1843 1884
3326 2 2 2 134 1898 1952 1958
3327 2 2 2 134 2203 2308 2309
3328 2 2 2 134 1853 1854 1855
3329 2 2 2 134 1955 1956 2025
3330 2 2 2 134 2052 2049 2438
3331 2 2 2 134 1938 1974 1975
3332 2 2 2 134 1819 1846 2643
3333 2 2 2 134 2187 2037 2188
3334 2 2 2 134 197 196 2376
3335 2 2 2 134 1915 2428 2464
3336 2 2 2 134 2212 2374 2623
3337 2 2 2 134 1879 1889 1890
3338 2 2 2 134 2446 2445 2460
3339 2 2 2 134 2440 2441 2442
3340 2 2 2 134 2051 2049 2052
3341 2 2 2 134 2452 2208 2540
3342 2 2 2 134 1985 2164 2522
3343 2 2 2 134 2214 2553 2569
3344 2 2 2 134 2214 2510 2592
3345 2 2 2 134 2101 2102 2103
3346 2 2 2 134 1943 1910 1955
3347 2 2 2 134 2045 2449 2508
3348 2 2 2 134 2284 2427 2539
3349 2 2 2 134 1956 1910 2514
3350 2 2 2 134 2335 2336 2337
3351 2 2 2 134 1855 1854 1856
3352 2 2 2 134 2223 2090 2224
3353 2 2 2 134 2445 2439 2460
3354 2 2 2 134 2216 2144 2541
3355 2 2 2 134 1781 1783 2007
3356 2 2 2 134 1863 1866 2480
3357 2 2 2 134 2525 2524 2526
3358 2 2 2 134 2070 2068 2678
3359 2 2 2 134 1853 1848 1854
3360 2 2 2 134 1777 1779 1851
3361 2 2 2 134 2147 2447 2479
3362 2 2 2 134 1810 1770 2429
3363 2 2 2 134 2068 2066 2183
3364 2 2 2 134 2071 2147 2479
3365 2 2 2 134 1877 2481 2514
3366 2 2 2 134 1663 235 2392
3367 2 2 2 134 1947 2023 2024
3368 2 2 2 134 2047 2048 2049
3369 2 2 2 134 1909 1877 1910
3370 2 2 2 134 2125 2181 2185
3371 2 2 2 134 1793 1795 2412
3372 2 2 2 134 1905 1907 2484
3373 2 2 2 134 2034 2033 2192
3374 2 2 2 134 2105 2103 2111
3375 2 2 2 134 1714 2279 2400
3376 2 2 2 134 1877 1859 2481
3377 2 2 2 134 1896 1895 1948
3378 2 2 2 134 1907 1960 2484
3379 2 2 2 134 1955 1910 1956
3380 2 2 2 134 2174 2175 2180
3381 2 2 2 134 1816 1815 1817
3382 2 2 2 134 2481 2480 2482
3383 2 2 2 134 2647 2355 2652
3384 2 2 2 134 1808 1815 1816
3385 2 2 2 134 2013 2011 2444
3386 2 2 2 134 2474 1718 2501
3387 2 2 2 134 2180 2324 2325
3388 2 2 2 134 1912 1720 2474
3389 2 2 2 134 2203 2310 2401
3390 2 2 2 134 2517 1868 2560
3391 2 2 2 134 1793 1792 1794
3392 2 2 2 134 1858 1859 1877
3393 2 2 2 134 1817 1815 1820
3394 2 2 2 134 2390 1666 2391
3395 2 2 2 134 1679 2351 2352
3396 2 2 2 134 1855 1856 1857
3397 2 2 2 134 2053 2052 2445
3398 2 2 2 134 2466 2100 2467
3399 2 2 2 134 1903 1882 2470
3400 2 2 2 134 1936 1938 2434
3401 2 2 2 134 1961 1903 1963
3402 2 2 2 134 2026 2077 2078
3403 2 2 2 134 1961 1963 2075
3404 2 2 2 134 2149 2202 2203
3405 2 2 2 134 2219 2120 2277
3406 2 2 2 134 1949 1948 2033
3407 2 2 2 134 2391 1666 2403
3408 2 2 2 134 2127 2013 2142
3409 2 2 2 134 1791 1790 1792
3410 2 2 2 134 2032 2235 2485
3411 2 2 2 134 2468 2467 2469
3412 2 2 2 134 2465 2428 2466
3413 2 2 2 134 2107 2030 2234
3414 2 2 2 134 2055 2053 2056
3415 2 2 2 134 2051 2052 2053
3416 2 2 2 134 1864 1905 2483
3417 2 2 2 134 2142 2013 2444
3418 2 2 2 134 2430 2166 2524
3419 2 2 2 134 1942 1954 1988
3420 2 2 2 134 1855 1857 1858
3421 2 2 2 134 1886 1884 1895
3422 2 2 2 134 1969 1967 2486
3423 2 2 2 134 2012 2013 2014
3424 2 2 2 134 2483 1905 2484
3425 2 2 2 134 299 300 1701
3426 2 2 2 134 283 284 1702
3427 2 2 2 134 1948 1895 1950
3428 2 2 2 134 1751 1753 2542
3429 2 2 2 134 2562 2547 2611
3430 2 2 2 134 1713 1714 1715
3431 2 2 2 134 1936 2434 2581
3432 2 2 2 134 1809 1810 1812
3433 2 2 2 134 1773 2017 2589
3434 2 2 2 134 2052 2439 2445
3435 2 2 2 134 1817 1820 1821
3436 2 2 2 134 1908 2071 2479
3437 2 2 2 134 2469 2467 2600
3438 2 2 2 134 1884 1885 2435
3439 2 2 2 134 1848 1813 2500
3440 2 2 2 134 2078 2079 2520
3441 2 2 2 134 1757 1759 1760
3442 2 2 2 134 2076 1956 2514
3443 2 2 2 134 1860 1857 2490
3444 2 2 2 134 2430 2524 2525
3445 2 2 2 134 1914 2512 2513
3446 2 2 2 134 2549 2420 2626
3447 2 2 2 134 2553 2482 2569
3448 2 2 2 134 2360 2211 2361
3449 2 2 2 134 1915 1916 1942
3450 2 2 2 134 298 299 2436
3451 2 2 2 134 2100 2099 2101
3452 2 2 2 134 2012 2011 2013
3453 2 2 2 134 2572 2216 2591
3454 2 2 2 134 2075 2220 2503
3455 2 2 2 134 238 237 2523
3456 2 2 2 134 2075 1963 2120
3457 2 2 2 134 2057 2056 2456
3458 2 2 2 134 1664 312 2414
3459 2 2 2 134 1664 2414 2415
3460 2 2 2 134 2280 2121 2515
3461 2 2 2 134 315 316 1673
3462 2 2 2 134 267 268 1672
3463 2 2 2 134 2093 2151 2152
3464 2 2 2 134 1975 1974 1976
3465 2 2 2 134 2048 2044 2441
3466 2 2 2 134 1857 1856 2490
3467 2 2 2 134 2493 2528 2529
3468 2 2 2 134 1726 1723 2492
3469 2 2 2 134 1861 2480 2481
3470 2 2 2 134 1752 1755 1914
3471 2 2 2 134 2032 1969 2085
3472 2 2 2 134 1876 1880 1882
3473 2 2 2 134 2006 2011 2012
3474 2 2 2 134 1858 1877 1909
3475 2 2 2 134 1926 1928 1935
3476 2 2 2 134 1771 1796 1802
3477 2 2 2 134 2056 2446 2456
3478 2 2 2 134 1883 1850 1891
3479 2 2 2 134 1967 1965 2021
3480 2 2 2 134 268 269 2564
3481 2 2 2 134 1861 1863 2480
3482 2 2 2 134 1766 1762 2166
3483 2 2 2 134 1858 1857 1859
3484 2 2 2 134 2003 2001 2139
3485 2 2 2 134 2003 2139 2598
3486 2 2 2 134 1862 1860 2502
3487 2 2 2 134 2025 1956 2026
3488 2 2 2 134 2118 2027 2485
3489 2 2 2 134 2178 2085 2179
3490 2 2 2 134 2187 2188 2189
3491 2 2 2 134 1785 1787 1789
3492 2 2 2 134 2244 2245 2246
3493 2 2 2 134 2050 2049 2051
3494 2 2 2 134 2403 210 2489
3495 2 2 2 134 1970 1969 2032
3496 2 2 2 134 2158 2153 2348
3497 2 2 2 134 2046 2044 2047
3498 2 2 2 134 2146 2074 2488
3499 2 2 2 134 1902 1882 1903
3500 2 2 2 134 299 1701 2436
3501 2 2 2 134 1866 1867 2510
3502 2 2 2 134 1863 1865 1866
3503 2 2 2 134 1866 1865 1867
3504 2 2 2 134 2064 2061 2472
3505 2 2 2 134 2075 2120 2219
3506 2 2 2 134 1840 1884 1886
3507 2 2 2 134 2207 2142 2408
3508 2 2 2 134 1757 1760 2512
3509 2 2 2 134 2078 2077 2079
3510 2 2 2 134 1828 2546 2547
3511 2 2 2 134 2480 1866 2569
3512 2 2 2 134 1909 1910 1943
3513 2 2 2 134 2006 1912 2011
3514 2 2 2 134 1996 1998 2208
3515 2 2 2 134 2042 2099 2100
3516 2 2 2 134 2018 1919 2574
3517 2 2 2 134 2472 2457 2473
3518 2 2 2 134 222 221 2425
3519 2 2 2 134 1901 1810 2429
3520 2 2 2 134 1860 2490 2502
3521 2 2 2 134 1867 1870 2510
3522 2 2 2 134 2133 2281 2567
3523 2 2 2 134 2528 2150 2529
3524 2 2 2 134 1755 1756 1757
3525 2 2 2 134 1962 1961 2503
3526 2 2 2 134 1882 1880 1893
3527 2 2 2 134 2147 2285 2447
3528 2 2 2 134 1967 2021 2486
3529 2 2 2 134 1894 1862 2502
3530 2 2 2 134 1856 2215 2490
3531 2 2 2 134 1910 1877 2514
3532 2 2 2 134 2231 2107 2494
3533 2 2 2 134 1885 2072 2149
3534 2 2 2 134 1907 1908 1957
3535 2 2 2 134 1960 1957 1994
3536 2 2 2 134 2076 2482 2553
3537 2 2 2 134 1968 1967 1969
3538 2 2 2 134 2079 2082 2520
3539 2 2 2 134 1760 1759 1764
3540 2 2 2 134 1865 1864 2483
3541 2 2 2 134 1755 1757 2512
3542 2 2 2 134 1943 1955 2030
3543 2 2 2 134 1663 2394 2437
3544 2 2 2 134 1873 1875 1876
3545 2 2 2 134 1905 1906 1907
3546 2 2 2 134 2503 2220 2504
3547 2 2 2 134 1876 1875 1880
3548 2 2 2 134 1757 1758 1759
3549 2 2 2 134 2447 2285 2448
3550 2 2 2 134 1817 1821 1822
3551 2 2 2 134 1771 1767 1796
3552 2 2 2 134 2520 2082 2521
3553 2 2 2 134 1789 1787 1790
3554 2 2 2 134 1957 1908 2479
3555 2 2 2 134 2011 1912 2474
3556 2 2 2 134 2079 2081 2082
3557 2 2 2 134 2447 2448 2449
3558 2 2 2 134 1856 2144 2215
3559 2 2 2 134 1960 1994 2009
3560 2 2 2 134 2147 2284 2285
3561 2 2 2 134 1814 1842 1915
3562 2 2 2 134 1864 1894 1905
3563 2 2 2 134 1907 1957 1960
3564 2 2 2 134 2299 2302 2376
3565 2 2 2 134 2009 2143 2531
3566 2 2 2 134 2210 2211 2360
3567 2 2 2 134 1802 1796 1803
3568 2 2 2 134 1863 1862 1864
3569 2 2 2 134 2144 2500 2541
3570 2 2 2 134 1994 1957 2045
3571 2 2 2 134 1966 1965 1967
3572 2 2 2 134 2178 2179 2423
3573 2 2 2 134 1795 1899 2412
3574 2 2 2 134 2126 2204 2282
3575 2 2 2 134 2508 2449 2509
3576 2 2 2 134 1861 1860 1862
3577 2 2 2 134 1902 1903 1904
3578 2 2 2 134 1911 1720 1912
3579 2 2 2 134 1846 1878 1879
3580 2 2 2 134 1904 1961 1962
3581 2 2 2 134 2074 2073 2126
3582 2 2 2 134 2444 2011 2474
3583 2 2 2 134 2009 1994 2073
3584 2 2 2 134 1867 1868 1869
3585 2 2 2 134 1993 1912 2006
3586 2 2 2 134 2071 2136 2147
3587 2 2 2 134 2436 2335 2584
3588 2 2 2 134 1773 1775 2017
3589 2 2 2 134 1867 1865 1868
3590 2 2 2 134 1963 1903 2470
3591 2 2 2 134 2009 2073 2074
3592 2 2 2 134 1964 1962 1965
3593 2 2 2 134 2021 1965 2478
3594 2 2 2 134 2117 2027 2118
3595 2 2 2 134 2265 2193 2266
3596 2 2 2 134 2292 2291 2293
3597 2 2 2 134 2114 2112 2115
3598 2 2 2 134 1717 1715 1718
3599 2 2 2 134 1965 1962 2478
3600 2 2 2 134 2055 2056 2057
3601 2 2 2 134 1725 1723 1726
3602 2 2 2 134 2074 2126 2488
3603 2 2 2 134 1840 1803 1843
3604 2 2 2 134 1876 1882 1902
3605 2 2 2 134 2220 2219 2343
3606 2 2 2 134 1863 1864 1865
3607 2 2 2 134 1970 2032 2485
3608 2 2 2 134 1859 1860 1861
3609 2 2 2 134 2440 2048 2441
3610 2 2 2 134 1719 1718 1720
3611 2 2 2 134 1780 1917 2556
3612 2 2 2 134 1867 1869 1870
3613 2 2 2 134 1723 1721 2492
3614 2 2 2 134 1907 1906 1908
3615 2 2 2 134 1874 1873 2493
3616 2 2 2 134 1968 1969 1970
3617 2 2 2 134 1919 1921 2574
3618 2 2 2 134 1871 1873 1874
3619 2 2 2 134 1819 1845 1846
3620 2 2 2 134 2356 2177 2357
3621 2 2 2 134 1725 1726 1727
3622 2 2 2 134 1725 1727 1728
3623 2 2 2 134 1870 1869 1871
3624 2 2 2 134 2176 2116 2177
3625 2 2 2 134 2542 1753 2545
3626 2 2 2 134 1904 1903 1961
3627 2 2 2 134 2206 2275 2385
3628 2 2 2 134 2126 2282 2283
3629 2 2 2 134 1721 1911 2492
3630 2 2 2 134 1751 1750 1753
3631 2 2 2 134 1732 1731 1733
3632 2 2 2 134 1861 1862 1863
3633 2 2 2 134 1859 1861 2481
3634 2 2 2 134 1911 1912 1993
3635 2 2 2 134 2147 2136 2284
3636 2 2 2 134 1871 1872 1873
3637 2 2 2 134 1733 1734 1735
3638 2 2 2 134 2126 2073 2204
3639 2 2 2 134 1914 1755 2512
3640 2 2 2 134 1776 1811 2550
3641 2 2 2 134 2054 2053 2055
3642 2 2 2 134 1859 1857 1860
3643 2 2 2 134 1760 2168 2512
3644 2 2 2 134 1728 1727 1729
3645 2 2 2 134 1871 1869 1872
3646 2 2 2 134 1721 1720 1911
3647 2 2 2 134 2478 1962 2503
3648 2 2 2 134 1664 2416 2475
3649 2 2 2 134 1905 1894 1906
3650 2 2 2 134 1911 1993 2518
3651 2 2 2 134 1864 1862 1894
3652 2 2 2 134 2028 2117 2210
3653 2 2 2 134 1922 1920 1931
3654 2 2 2 134 1904 1962 1964
3655 2 2 2 134 1868 1865 2483
3656 2 2 2 134 1896 1948 1949
3657 2 2 2 134 1722 1721 1723
3658 2 2 2 134 1729 1731 1732
3659 2 2 2 134 2009 2074 2143
3660 2 2 2 134 1880 1875 1881
3661 2 2 2 134 1719 1720 1721
3662 2 2 2 134 1876 1902 2493
3663 2 2 2 134 2012 2014 2278
3664 2 2 2 134 1729 1730 1731
3665 2 2 2 134 1858 1909 2477
3666 2 2 2 134 1873 1872 1875
3667 2 2 2 134 292 293 1707
3668 2 2 2 134 2065 2064 2066
3669 2 2 2 134 1768 1767 1771
3670 2 2 2 134 1806 1818 1819
3671 2 2 2 134 2143 2074 2146
3672 2 2 2 134 2158 2348 2476
3673 2 2 2 134 2311 2309 2312
3674 2 2 2 134 1722 1723 1724
3675 2 2 2 134 1992 2095 2125
3676 2 2 2 134 1853 1855 2477
3677 2 2 2 134 1823 1821 1824
3678 2 2 2 134 2195 2110 2197
3679 2 2 2 134 1873 1876 2493
3680 2 2 2 134 2059 2057 2060
3681 2 2 2 134 2004 2040 2578
3682 2 2 2 134 2210 2117 2211
3683 2 2 2 134 2241 2243 2244
3684 2 2 2 134 1719 1721 1722
3685 2 2 2 134 1681 265 2366
3686 2 2 2 134 1940 1939 1944
3687 2 2 2 134 1733 1735 1736
3688 2 2 2 134 1733 1731 1734
3689 2 2 2 134 1765 1764 1767
3690 2 2 2 134 1895 1884 2435
3691 2 2 2 134 2492 1911 2518
3692 2 2 2 134 1993 2006 2121
3693 2 2 2 134 2526 2010 2542
3694 2 2 2 134 2032 2106 2235
3695 2 2 2 134 2043 2019 2690
3696 2 2 2 134 1724 1723 1725
3697 2 2 2 134 1993 2122 2518
3698 2 2 2 134 2071 2128 2136
3699 2 2 2 134 2484 1960 2531
3700 2 2 2 134 1886 1895 1896
3701 2 2 2 134 1960 2009 2531
3702 2 2 2 134 2209 2121 2280
3703 2 2 2 134 1729 1727 1730
3704 2 2 2 134 1884 1843 1885
3705 2 2 2 134 1844 1841 1850
3706 2 2 2 134 1908 1995 2071
3707 2 2 2 134 1966 1967 1968
3708 2 2 2 134 2162 2160 2205
3709 2 2 2 134 2143 2398 2531
3710 2 2 2 134 1752 1754 1755
3711 2 2 2 134 1964 1965 1966
3712 2 2 2 134 1737 1735 1738
3713 2 2 2 134 1945 1944 1987
3714 2 2 2 134 1737 1739 1740
3715 2 2 2 134 2143 2146 2397
3716 2 2 2 134 1767 1764 2516
3717 2 2 2 134 2055 2058 2495
3718 2 2 2 134 1719 1722 2487
3719 2 2 2 134 2203 2202 2308
3720 2 2 2 134 2045 1957 2479
3721 2 2 2 134 1971 1970 2027
3722 2 2 2 134 1714 2400 2501
3723 2 2 2 134 1740 1739 1741
3724 2 2 2 134 2126 2283 2488
3725 2 2 2 134 1737 1738 1739
3726 2 2 2 134 1949 2033 2034
3727 2 2 2 134 2493 1902 2528
3728 2 2 2 134 2335 2337 2584
3729 2 2 2 134 1874 2493 2529
3730 2 2 2 134 1855 1858 2477
3731 2 2 2 134 1971 2027 2028
3732 2 2 2 134 1746 1747 1748
3733 2 2 2 134 1736 1735 1737
3734 2 2 2 134 1935 1928 1939
3735 2 2 2 134 2206 2123 2275
3736 2 2 2 134 1968 1970 1971
3737 2 2 2 134 2006 2012 2515
3738 2 2 2 134 2284 2136 2427
3739 2 2 2 134 2062 2123 2206
3740 2 2 2 134 2079 2080 2081
3741 2 2 2 134 2122 2121 2209
3742 2 2 2 134 2398 2397 2463
3743 2 2 2 134 2410 2132 2686
3744 2 2 2 134 2067 2066 2068
3745 2 2 2 134 2120 1963 2145
3746 2 2 2 134 2047 2049 2050
3747 2 2 2 134 2353 2354 2355
3748 2 2 2 134 2060 2457 2472
3749 2 2 2 134 1841 1836 2640
3750 2 2 2 134 2071 1995 2128
3751 2 2 2 134 1663 2393 2394
3752 2 2 2 134 1827 1825 1828
3753 2 2 2 134 1828 1825 2546
3754 2 2 2 134 1908 1906 1995
3755 2 2 2 134 2028 2027 2117
3756 2 2 2 134 2212 2213 2374
3757 2 2 2 134 2027 1970 2485
3758 2 2 2 134 2026 2076 2077
3759 2 2 2 134 2483 2484 2560
3760 2 2 2 134 2166 1762 2570
3761 2 2 2 134 1779 1780 1781
3762 2 2 2 134 1968 1971 2530
3763 2 2 2 134 2193 2033 2461
3764 2 2 2 134 1971 2028 2083
3765 2 2 2 134 2398 2463 2517
3766 2 2 2 134 219 218 1679
3767 2 2 2 134 229 228 1682
3768 2 2 2 134 2121 2006 2515
3769 2 2 2 134 2051 2053 2054
3770 2 2 2 134 1752 1914 2561
3771 2 2 2 134 1993 2121 2122
3772 2 2 2 134 1856 1854 2144
3773 2 2 2 134 2374 2213 2375
3774 2 2 2 134 2081 2141 2212
3775 2 2 2 134 2012 2278 2515
3776 2 2 2 134 2136 2128 2538
3777 2 2 2 134 2143 2397 2398
3778 2 2 2 134 2075 2219 2220
3779 2 2 2 134 1796 1767 2516
3780 2 2 2 134 1964 1966 2150
3781 2 2 2 134 2020 2044 2046
3782 2 2 2 134 2292 2293 2294
3783 2 2 2 134 1783 1784 1785
3784 2 2 2 134 1715 1714 2501
3785 2 2 2 134 1829 1828 2548
3786 2 2 2 134 212 211 1666
3787 2 2 2 134 236 235 1663
3788 2 2 2 134 2105 2111 2112
3789 2 2 2 134 1743 1745 1746
3790 2 2 2 134 2063 2061 2064
3791 2 2 2 134 1717 1718 1719
3792 2 2 2 134 2034 2192 2194
3793 2 2 2 134 2174 2005 2175
3794 2 2 2 134 2215 2144 2216
3795 2 2 2 134 2069 2068 2070
3796 2 2 2 134 1971 2083 2530
3797 2 2 2 134 1781 1782 1783
3798 2 2 2 134 2512 2168 2513
3799 2 2 2 134 1739 1738 2537
3800 2 2 2 134 2149 2072 2202
3801 2 2 2 134 2128 1995 2129
3802 2 2 2 134 2055 2057 2058
3803 2 2 2 134 1904 1964 2528
3804 2 2 2 134 311 312 1664
3805 2 2 2 134 271 272 1665
3806 2 2 2 134 2054 2055 2495
3807 2 2 2 134 1741 1742 1743
3808 2 2 2 134 1966 1968 2530
3809 2 2 2 134 1745 1742 1982
3810 2 2 2 134 1746 1748 1913
3811 2 2 2 134 1890 1889 1892
3812 2 2 2 134 2031 2030 2107
3813 2 2 2 134 2101 2103 2104
3814 2 2 2 134 2041 1988 2097
3815 2 2 2 134 1741 1743 1744
3816 2 2 2 134 1902 1904 2528
3817 2 2 2 134 2180 2175 2324
3818 2 2 2 134 1852 2217 2218
3819 2 2 2 134 2084 1945 2666
3820 2 2 2 134 1799 1805 1806
3821 2 2 2 134 2212 2141 2213
3822 2 2 2 134 2131 2070 2132
3823 2 2 2 134 2129 2535 2557
3824 2 2 2 134 2246 2245 2248
3825 2 2 2 134 1754 1751 2542
3826 2 2 2 134 2427 2136 2538
3827 2 2 2 134 2051 2054 2552
3828 2 2 2 134 1749 1747 1750
3829 2 2 2 134 1814 1807 1842
3830 2 2 2 134 1831 1829 1832
3831 2 2 2 134 2026 1956 2076
3832 2 2 2 134 1964 2150 2528
3833 2 2 2 134 2129 1995 2535
3834 2 2 2 134 2096 2037 2187
3835 2 2 2 134 1741 1739 1742
3836 2 2 2 134 2150 1966 2530
3837 2 2 2 134 2081 2080 2141
3838 2 2 2 134 1664 2415 2416
3839 2 2 2 134 1718 1715 2501
3840 2 2 2 134 1828 2547 2548
3841 2 2 2 134 2059 2060 2061
3842 2 2 2 134 1717 1719 2487
3843 2 2 2 134 1837 1836 1841
3844 2 2 2 134 2079 2077 2080
3845 2 2 2 134 1831 1833 1834
3846 2 2 2 134 1835 1837 1838
3847 2 2 2 134 2032 2085 2106
3848 2 2 2 134 2058 2057 2059
3849 2 2 2 134 1981 2000 2039
3850 2 2 2 134 2145 1963 2470
3851 2 2 2 134 2141 2080 2214
3852 2 2 2 134 1827 1829 1830
3853 2 2 2 134 2535 2502 2557
3854 2 2 2 134 1761 2167 2507
3855 2 2 2 134 1764 1759 2507
3856 2 2 2 134 1746 1745 1747
3857 2 2 2 134 1776 1774 1811
3858 2 2 2 134 1988 1954 2522
3859 2 2 2 134 1973 1937 2577
3860 2 2 2 134 2571 2086 2599
3861 2 2 2 134 1780 1778 1917
3862 2 2 2 134 1760 1764 1765
3863 2 2 2 134 1913 2226 2373
3864 2 2 2 134 1769 1766 1770
3865 2 2 2 134 1894 2502 2535
3866 2 2 2 134 2215 2216 2572
3867 2 2 2 134 2133 2269 2281
3868 2 2 2 134 2164 2165 2579
3869 2 2 2 134 1798 1770 1809
3870 2 2 2 134 2128 2129 2130
3871 2 2 2 134 1822 1821 1823
3872 2 2 2 134 1854 1848 2500
3873 2 2 2 134 2061 2060 2472
3874 2 2 2 134 2490 2215 2557
3875 2 2 2 134 1950 1895 2435
3876 2 2 2 134 1823 1825 1826
3877 2 2 2 134 2128 2130 2538
3878 2 2 2 134 2001 1999 2505
3879 2 2 2 134 2059 2061 2062
3880 2 2 2 134 1742 1739 2537
3881 2 2 2 134 1913 2373 2532
3882 2 2 2 134 1917 1778 2550
3883 2 2 2 134 1995 1906 2535
3884 2 2 2 134 2015 1796 2516
3885 2 2 2 134 2104 2103 2105
3886 2 2 2 134 1982 1742 2537
3887 2 2 2 134 1743 1742 1745
3888 2 2 2 134 2496 2495 2497
3889 2 2 2 134 1914 2513 2606
3890 2 2 2 134 2063 2064 2065
3891 2 2 2 134 1906 1894 2535
3892 2 2 2 134 1716 1715 1717
3893 2 2 2 134 1777 1778 1779
3894 2 2 2 134 1722 2148 2487
3895 2 2 2 134 1803 1796 2015
3896 2 2 2 134 1954 1985 2522
3897 2 2 2 134 2278 2014 2590
3898 2 2 2 134 1722 1724 2148
3899 2 2 2 134 1945 1987 2527
3900 2 2 2 134 1897 1892 1947
3901 2 2 2 134 2469 2600 2611
3902 2 2 2 134 2067 2068 2069
3903 2 2 2 134 2176 2177 2356
3904 2 2 2 134 2036 1953 2037
3905 2 2 2 134 2065 2066 2067
3906 2 2 2 134 2114 2115 2116
3907 2 2 2 134 1823 1824 1825
3908 2 2 2 134 1943 2030 2031
3909 2 2 2 134 1946 1990 2029
3910 2 2 2 134 2069 2070 2131
3911 2 2 2 134 2214 2080 2553
3912 2 2 2 134 2198 2170 2199
3913 2 2 2 134 1985 2089 2164
3914 2 2 2 134 2130 2572 2591
3915 2 2 2 134 1763 1762 1766
3916 2 2 2 134 1761 1763 2167
3917 2 2 2 134 2201 2200 2251
3918 2 2 2 134 1835 1833 1836
3919 2 2 2 134 2208 1998 2540
3920 2 2 2 134 2275 2123 2276
3921 2 2 2 134 2244 2243 2245
3922 2 2 2 134 1827 1828 1829
3923 2 2 2 134 1922 1931 1932
3924 2 2 2 134 1785 1786 1787
3925 2 2 2 134 2239 2237 2609
3926 2 2 2 134 1757 1756 1758
3927 2 2 2 134 1755 1754 1756
3928 2 2 2 134 2062 2063 2123
3929 2 2 2 134 2062 2061 2063
3930 2 2 2 134 1756 1754 2010
3931 2 2 2 134 1784 1782 1804
3932 2 2 2 134 2165 2258 2579
3933 2 2 2 134 1773 1774 1775
3934 2 2 2 134 2065 2067 2124
3935 2 2 2 134 1900 1717 2487
3936 2 2 2 134 1759 1758 1761
3937 2 2 2 134 1743 1746 2532
3938 2 2 2 134 2036 2037 2096
3939 2 2 2 134 2391 2403 2404
3940 2 2 2 134 2526 2542 2545
3941 2 2 2 134 314 315 2563
3942 2 2 2 134 1749 1751 1752
3943 2 2 2 134 2050 2051 2552
3944 2 2 2 134 1760 1765 2168
3945 2 2 2 134 1825 1824 2546
3946 2 2 2 134 1748 1747 1749
3947 2 2 2 134 1921 1923 1924
3948 2 2 2 134 2054 2496 2552
3949 2 2 2 134 1826 1825 1827
3950 2 2 2 134 2054 2495 2496
3951 2 2 2 134 2145 2470 2607
3952 2 2 2 134 2077 2076 2553
3953 2 2 2 134 2106 2085 2178
3954 2 2 2 134 1830 1829 1831
3955 2 2 2 134 1942 1916 1954
3956 2 2 2 134 2160 2158 2476
3957 2 2 2 134 1932 1933 1980
3958 2 2 2 134 2010 1754 2542
3959 2 2 2 134 1759 1761 2507
3960 2 2 2 134 2020 2046 2540
3961 2 2 2 134 1929 1946 2533
3962 2 2 2 134 1746 1913 2532
3963 2 2 2 134 1915 1842 1916
3964 2 2 2 134 1738 1735 2595
3965 2 2 2 134 1831 1832 1833
3966 2 2 2 134 1775 1776 1777
3967 2 2 2 134 2108 2107 2231
3968 2 2 2 134 1885 1983 2072
3969 2 2 2 134 2398 2517 2560
3970 2 2 2 134 1790 1787 2549
3971 2 2 2 134 1834 1833 1835
3972 2 2 2 134 237 2437 2523
3973 2 2 2 134 1826 2497 2667
3974 2 2 2 134 1998 2020 2540
3975 2 2 2 134 2080 2077 2553
3976 2 2 2 134 2502 2490 2557
3977 2 2 2 134 1788 1919 2018
3978 2 2 2 134 2533 2029 2534
3979 2 2 2 134 319 320 2519
3980 2 2 2 134 2529 2150 2559
3981 2 2 2 134 1713 1715 1716
3982 2 2 2 134 1749 1750 1751
3983 2 2 2 134 2134 2345 2346
3984 2 2 2 134 2096 2187 2254
3985 2 2 2 134 2096 2254 2264
3986 2 2 2 134 1765 1767 1768
3987 2 2 2 134 1990 2036 2038
3988 2 2 2 134 2144 1854 2500
3989 2 2 2 134 2530 2083 2559
3990 2 2 2 134 2150 2530 2559
3991 2 2 2 134 1896 1949 2016
3992 2 2 2 134 1946 2029 2533
3993 2 2 2 134 1671 231 2411
3994 2 2 2 134 2406 2404 2407
3995 2 2 2 134 1924 1925 1926
3996 2 2 2 134 2133 2268 2269
3997 2 2 2 134 1778 1776 2550
3998 2 2 2 134 320 321 1704
3999 2 2 2 134 262 263 1705
4000 2 2 2 134 2024 2023 2109
4001 2 2 2 134 2496 2497 2498
4002 2 2 2 134 1764 2507 2516
4003 2 2 2 134 1913 1748 2163
4004 2 2 2 134 2531 2398 2560
4005 2 2 2 134 1990 1953 2036
4006 2 2 2 134 1783 1782 1784
4007 2 2 2 134 1972 1937 1973
4008 2 2 2 134 1752 1751 1754
4009 2 2 2 134 1781 1780 1782
4010 2 2 2 134 2477 1909 2555
4011 2 2 2 134 2065 2124 2554
4012 2 2 2 134 1819 1818 1845
4013 2 2 2 134 2148 1724 2225
4014 2 2 2 134 1785 1784 1786
4015 2 2 2 134 2343 2645 2649
4016 2 2 2 134 1716 1717 1900
4017 2 2 2 134 1782 1780 2556
4018 2 2 2 134 2069 2131 2133
4019 2 2 2 134 2087 2221 2362
4020 2 2 2 134 1744 1743 2532
4021 2 2 2 134 1846 1845 1878
4022 2 2 2 134 1761 1758 1762
4023 2 2 2 134 2561 1914 2606
4024 2 2 2 134 2133 2131 2268
4025 2 2 2 134 2482 2480 2569
4026 2 2 2 134 2391 2404 2405
4027 2 2 2 134 1835 1836 1837
4028 2 2 2 134 1879 1878 1889
4029 2 2 2 134 2170 1980 2511
4030 2 2 2 134 1980 1981 2511
4031 2 2 2 134 1779 1778 1780
4032 2 2 2 134 2266 2193 2461
4033 2 2 2 134 1924 1923 1925
4034 2 2 2 134 2499 1830 2662
4035 2 2 2 134 2226 2163 2227
4036 2 2 2 134 1773 1772 1774
4037 2 2 2 134 1926 1927 1928
4038 2 2 2 134 2113 2112 2114
4039 2 2 2 134 2620 2212 2623
4040 2 2 2 134 1768 1771 1772
4041 2 2 2 134 1806 1805 1818
4042 2 2 2 134 1812 1847 1849
4043 2 2 2 134 2202 2072 2582
4044 2 2 2 134 1798 1809 2566
4045 2 2 2 134 2235 2106 2576
4046 2 2 2 134 2266 2461 2462
4047 2 2 2 134 2092 1973 2093
4048 2 2 2 134 2139 2001 2505
4049 2 2 2 134 1794 1792 1797
4050 2 2 2 134 2017 2432 2650
4051 2 2 2 134 2165 2256 2258
4052 2 2 2 134 1838 1837 2581
4053 2 2 2 134 2151 1973 2577
4054 2 2 2 134 2002 2004 2578
4055 2 2 2 134 1804 1782 2556
4056 2 2 2 134 2551 2533 2597
4057 2 2 2 134 1946 1934 1953
4058 2 2 2 134 2113 2114 2596
4059 2 2 2 134 1761 1762 1763
4060 2 2 2 134 1885 1843 1983
4061 2 2 2 134 2218 2217 2616
4062 2 2 2 134 1926 1925 1927
4063 2 2 2 134 1769 1798 1799
4064 2 2 2 134 2222 2090 2223
4065 2 2 2 134 1768 1772 1773
4066 2 2 2 134 1734 1731 2604
4067 2 2 2 134 2087 1983 2172
4068 2 2 2 134 1946 1953 1990
4069 2 2 2 134 2134 2116 2176
4070 2 2 2 134 2167 1763 2571
4071 2 2 2 134 1992 1978 2095
4072 2 2 2 134 1986 2551 2597
4073 2 2 2 134 2308 2202 2315
4074 2 2 2 134 2484 2531 2560
4075 2 2 2 134 1929 1927 1934
4076 2 2 2 134 1844 1850 1883
4077 2 2 2 134 1925 1923 1930
4078 2 2 2 134 2190 2173 2191
4079 2 2 2 134 2276 2123 2554
4080 2 2 2 134 196 2299 2376
4081 2 2 2 134 1913 2163 2226
4082 2 2 2 134 2088 1984 2090
4083 2 2 2 134 2188 2471 2585
4084 2 2 2 134 2536 2386 2671
4085 2 2 2 134 1929 1934 1946
4086 2 2 2 134 1756 2010 2570
4087 2 2 2 134 2405 2404 2406
4088 2 2 2 134 1944 1939 1986
4089 2 2 2 134 2031 2107 2108
4090 2 2 2 134 1928 1927 1929
4091 2 2 2 134 1845 1818 1887
4092 2 2 2 134 2040 2201 2578
4093 2 2 2 134 2106 2178 2233
4094 2 2 2 134 1799 1798 1805
4095 2 2 2 134 2014 2137 2590
4096 2 2 2 134 2324 2175 2326
4097 2 2 2 134 1788 2018 2549
4098 2 2 2 134 2185 2181 2228
4099 2 2 2 134 2301 1684 2313
4100 2 2 2 134 1763 1766 1769
4101 2 2 2 134 2100 2101 2600
4102 2 2 2 134 2105 2112 2113
4103 2 2 2 134 1929 2533 2551
4104 2 2 2 134 1775 1774 1776
4105 2 2 2 134 1847 1852 2543
4106 2 2 2 134 2087 2172 2221
4107 2 2 2 134 1938 1972 1974
4108 2 2 2 134 1843 1803 2583
4109 2 2 2 134 1936 1937 1938
4110 2 2 2 134 2167 2599 2602
4111 2 2 2 134 2123 2063 2554
4112 2 2 2 134 1921 1922 1923
4113 2 2 2 134 2072 1983 2087
4114 2 2 2 134 1837 1841 1844
4115 2 2 2 134 1777 1776 1778
4116 2 2 2 134 1909 1943 2555
4117 2 2 2 134 2141 2214 2592
4118 2 2 2 134 2205 2160 2476
4119 2 2 2 134 2346 2632 2641
4120 2 2 2 134 1769 1799 2571
4121 2 2 2 134 2040 2200 2201
4122 2 2 2 134 2163 1748 2561
4123 2 2 2 134 2063 2065 2554
4124 2 2 2 134 2198 2199 2253
4125 2 2 2 134 1787 1786 1788
4126 2 2 2 134 1921 1924 2574
4127 2 2 2 134 1788 1786 1918
4128 2 2 2 134 1921 1920 1922
4129 2 2 2 134 1807 1800 2614
4130 2 2 2 134 1805 1798 2566
4131 2 2 2 134 2087 2362 2582
4132 2 2 2 134 1976 1974 2094
4133 2 2 2 134 1893 1880 2618
4134 2 2 2 134 2148 2225 2298
4135 2 2 2 134 234 1692 2392
4136 2 2 2 134 2119 1991 2173
4137 2 2 2 134 2471 1934 2568
4138 2 2 2 134 2467 2100 2600
4139 2 2 2 134 2092 2229 2230
4140 2 2 2 134 1939 1928 2551
4141 2 2 2 134 1943 2031 2555
4142 2 2 2 134 2069 2133 2567
4143 2 2 2 134 1844 1883 1936
4144 2 2 2 134 2132 2070 2682
4145 2 2 2 134 2104 2105 2562
4146 2 2 2 134 1803 2015 2583
4147 2 2 2 134 2184 1900 2575
4148 2 2 2 134 2248 2245 2249
4149 2 2 2 134 2070 2678 2682
4150 2 2 2 134 2470 1893 2607
4151 2 2 2 134 1769 1770 1798
4152 2 2 2 134 2114 2116 2134
4153 2 2 2 134 2238 2239 2240
4154 2 2 2 134 1925 1930 2568
4155 2 2 2 134 2134 2176 2345
4156 2 2 2 134 1936 1883 1937
4157 2 2 2 134 2259 2242 2260
4158 2 2 2 134 2315 2202 2582
4159 2 2 2 134 1762 1758 2570
4160 2 2 2 134 2487 2148 2575
4161 2 2 2 134 1919 1920 1921
4162 2 2 2 134 2140 2381 2668
4163 2 2 2 134 2130 2129 2572
4164 2 2 2 134 1972 1973 2092
4165 2 2 2 134 2036 2096 2593
4166 2 2 2 134 1900 2487 2575
4167 2 2 2 134 1852 2218 2543
4168 2 2 2 134 1928 1929 2551
4169 2 2 2 134 1735 1734 2595
4170 2 2 2 134 2557 2215 2572
4171 2 2 2 134 1787 1788 2549
4172 2 2 2 134 1919 1918 1920
4173 2 2 2 134 1748 1749 2561
4174 2 2 2 134 2190 2191 2255
4175 2 2 2 134 1983 1843 2583
4176 2 2 2 134 2171 2170 2198
4177 2 2 2 134 2217 2555 2616
4178 2 2 2 134 1768 1773 2589
4179 2 2 2 134 2232 2231 2236
4180 2 2 2 134 1749 1752 2561
4181 2 2 2 134 1788 1918 1919
4182 2 2 2 134 318 319 1680
4183 2 2 2 134 231 230 2411
4184 2 2 2 134 264 265 1681
4185 2 2 2 134 2213 2592 2601
4186 2 2 2 134 2124 2067 2567
4187 2 2 2 134 2129 2557 2572
4188 2 2 2 134 2213 2141 2592
4189 2 2 2 134 1986 1939 2551
4190 2 2 2 134 2016 1949 2603
4191 2 2 2 134 1711 1713 2588
4192 2 2 2 134 2169 1980 2170
4193 2 2 2 134 1758 1756 2570
4194 2 2 2 134 1938 1937 1972
4195 2 2 2 134 2022 1900 2184
4196 2 2 2 134 1930 1923 2594
4197 2 2 2 134 2125 2095 2181
4198 2 2 2 134 2028 2210 2623
4199 2 2 2 134 2072 2087 2582
4200 2 2 2 134 2167 2571 2599
4201 2 2 2 134 2169 2170 2171
4202 2 2 2 134 2092 2093 2229
4203 2 2 2 134 2163 2561 2606
4204 2 2 2 134 2375 2213 2601
4205 2 2 2 134 1927 1925 2568
4206 2 2 2 134 1932 1980 2169
4207 2 2 2 134 2114 2134 2596
4208 2 2 2 134 1809 1812 2565
4209 2 2 2 134 1889 1878 1941
4210 2 2 2 134 1716 1900 2022
4211 2 2 2 134 2168 1765 2589
4212 2 2 2 134 2242 2239 2609
4213 2 2 2 134 2088 2090 2222
4214 2 2 2 134 1763 1769 2571
4215 2 2 2 134 1802 1840 2628
4216 2 2 2 134 1954 1916 1984
4217 2 2 2 134 1887 1818 2580
4218 2 2 2 134 2067 2069 2567
4219 2 2 2 134 2005 2003 2598
4220 2 2 2 134 2148 2298 2575
4221 2 2 2 134 1954 1984 1985
4222 2 2 2 134 2101 2104 2600
4223 2 2 2 134 1849 1847 2543
4224 2 2 2 134 2105 2113 2562
4225 2 2 2 134 2096 2264 2593
4226 2 2 2 134 1772 1771 2615
4227 2 2 2 134 209 208 1697
4228 2 2 2 134 239 238 1698
4229 2 2 2 134 2038 2036 2593
4230 2 2 2 134 308 309 1695
4231 2 2 2 134 274 275 1696
4232 2 2 2 134 1845 1887 2605
4233 2 2 2 134 2119 2190 2263
4234 2 2 2 134 2106 2233 2576
4235 2 2 2 134 1731 1730 2604
4236 2 2 2 134 2015 2516 2602
4237 2 2 2 134 2533 2534 2597
4238 2 2 2 134 2097 1988 2522
4239 2 2 2 134 209 1697 2489
4240 2 2 2 134 1947 1991 2023
4241 2 2 2 134 1805 2566 2580
4242 2 2 2 134 2516 2507 2602
4243 2 2 2 134 2241 2242 2243
4244 2 2 2 134 320 1704 2519
4245 2 2 2 134 1916 1842 2586
4246 2 2 2 134 1809 2565 2566
4247 2 2 2 134 1985 1984 2088
4248 2 2 2 134 2152 2154 2157
4249 2 2 2 134 2108 2231 2232
4250 2 2 2 134 2134 2346 2596
4251 2 2 2 134 2507 2167 2602
4252 2 2 2 134 1923 1922 2594
4253 2 2 2 134 1949 2034 2603
4254 2 2 2 134 1974 1972 2587
4255 2 2 2 134 2164 2089 2165
4256 2 2 2 134 1918 1786 2573
4257 2 2 2 134 2227 2163 2606
4258 2 2 2 134 2283 2282 2608
4259 2 2 2 134 214 1691 2544
4260 2 2 2 134 2119 2173 2190
4261 2 2 2 134 1771 1802 2615
4262 2 2 2 134 1888 2345 2646
4263 2 2 2 134 2172 1983 2583
4264 2 2 2 134 2092 2230 2587
4265 2 2 2 134 2343 1692 2645
4266 2 2 2 134 2090 1984 2586
4267 2 2 2 134 2232 2237 2238
4268 2 2 2 134 1844 1936 2581
4269 2 2 2 134 1784 1804 2573
4270 2 2 2 134 313 1693 2414
4271 2 2 2 134 1922 1932 2594
4272 2 2 2 134 1698 238 2523
4273 2 2 2 134 2600 2104 2611
4274 2 2 2 134 2224 2586 2614
4275 2 2 2 134 2240 2239 2241
4276 2 2 2 134 2283 2658 2659
4277 2 2 2 134 2094 1974 2587
4278 2 2 2 134 1765 1768 2589
4279 2 2 2 134 1842 1807 2614
4280 2 2 2 134 1837 1844 2581
4281 2 2 2 134 1981 2039 2511
4282 2 2 2 134 2555 2031 2616
4283 2 2 2 134 1736 2460 2683
4284 2 2 2 134 1818 1805 2580
4285 2 2 2 134 1878 1845 2605
4286 2 2 2 134 2146 2488 2660
4287 2 2 2 134 1947 1892 1991
4288 2 2 2 134 2243 2242 2259
4289 2 2 2 134 2397 2146 2613
4290 2 2 2 134 2174 2180 2661
4291 2 2 2 134 1934 1927 2568
4292 2 2 2 134 1985 2088 2089
4293 2 2 2 134 2488 2283 2659
4294 2 2 2 134 2180 2325 2654
4295 2 2 2 134 1713 1716 2588
4296 2 2 2 134 1972 2092 2587
4297 2 2 2 134 2023 1991 2119
4298 2 2 2 134 2165 2089 2182
4299 2 2 2 134 1932 2169 2594
4300 2 2 2 134 1812 1849 2565
4301 2 2 2 134 2241 2239 2242
4302 2 2 2 134 1786 1784 2573
4303 2 2 2 134 2548 2547 2625
4304 2 2 2 134 2664 1706 2670
4305 2 2 2 134 2238 2237 2239
4306 2 2 2 134 1984 1916 2586
4307 2 2 2 134 310 2475 2630
4308 2 2 2 134 1978 1976 2617
4309 2 2 2 134 2175 2005 2598
4310 2 2 2 134 2488 2659 2660
4311 2 2 2 134 1674 215 2544
4312 2 2 2 134 2132 2682 2686
4313 2 2 2 134 1732 2443 2684
4314 2 2 2 134 2104 2562 2611
4315 2 2 2 134 1880 1881 2618
4316 2 2 2 134 2547 2562 2625
4317 2 2 2 134 2583 2015 2621
4318 2 2 2 134 2326 2175 2598
4319 2 2 2 134 2513 2650 2655
4320 2 2 2 134 2095 1978 2617
4321 2 2 2 134 2355 2354 2656
4322 2 2 2 134 214 213 1691
4323 2 2 2 134 1832 2548 2641
4324 2 2 2 134 234 233 1692
4325 2 2 2 134 1941 1878 2605
4326 2 2 2 134 1976 2094 2617
4327 2 2 2 134 2172 2583 2621
4328 2 2 2 134 2256 2182 2257
4329 2 2 2 134 2346 2345 2640
4330 2 2 2 134 2181 2095 2186
4331 2 2 2 134 2614 1800 2633
4332 2 2 2 134 2165 2182 2256
4333 2 2 2 134 2232 2236 2237
4334 2 2 2 134 2260 2242 2609
4335 2 2 2 134 2173 1991 2612
4336 2 2 2 134 1691 213 2389
4337 2 2 2 134 2248 2249 2619
4338 2 2 2 134 1790 2549 2626
4339 2 2 2 134 2093 2152 2610
4340 2 2 2 134 2189 2188 2638
4341 2 2 2 134 269 1694 2564
4342 2 2 2 134 2210 2360 2620
4343 2 2 2 134 309 310 2630
4344 2 2 2 134 1889 1941 2612
4345 2 2 2 134 1806 1819 2639
4346 2 2 2 134 2586 1842 2614
4347 2 2 2 134 2283 2608 2658
4348 2 2 2 134 2229 2093 2610
4349 2 2 2 134 2046 2047 2634
4350 2 2 2 134 2602 2599 2621
4351 2 2 2 134 2031 2108 2616
4352 2 2 2 134 1797 1792 2626
4353 2 2 2 134 313 314 1693
4354 2 2 2 134 269 270 1694
4355 2 2 2 134 315 1673 2563
4356 2 2 2 134 1836 1833 2632
4357 2 2 2 134 2562 2113 2625
4358 2 2 2 134 2331 1695 2630
4359 2 2 2 134 1716 2022 2588
4360 2 2 2 134 2218 2616 2631
4361 2 2 2 134 1740 2458 2680
4362 2 2 2 134 1680 319 2519
4363 2 2 2 134 2180 2654 2661
4364 2 2 2 134 1892 1889 2612
4365 2 2 2 134 1728 2442 2687
4366 2 2 2 134 2154 2156 2622
4367 2 2 2 134 2393 2392 2636
4368 2 2 2 134 1695 309 2630
4369 2 2 2 134 2157 2154 2622
4370 2 2 2 134 2629 2171 2638
4371 2 2 2 134 2169 2171 2629
4372 2 2 2 134 2152 2157 2610
4373 2 2 2 134 2186 2095 2617
4374 2 2 2 134 2015 2602 2621
4375 2 2 2 134 1794 1797 2633
4376 2 2 2 134 1991 1892 2612
4377 2 2 2 134 1792 1790 2626
4378 2 2 2 134 2050 2552 2624
4379 2 2 2 134 2687 2442 2688
4380 2 2 2 134 1672 268 2564
4381 2 2 2 134 2420 2418 2627
4382 2 2 2 134 1840 1886 2628
4383 2 2 2 134 2221 2635 2639
4384 2 2 2 134 2362 2135 2648
4385 2 2 2 134 2113 2596 2625
4386 2 2 2 134 2478 2504 2652
4387 2 2 2 134 2232 2238 2631
4388 2 2 2 134 1839 2281 2669
4389 2 2 2 134 2635 2086 2639
4390 2 2 2 134 2223 2651 2663
4391 2 2 2 134 1930 2594 2629
4392 2 2 2 134 1693 314 2563
4393 2 2 2 134 2182 2674 2685
4394 2 2 2 134 2224 2614 2633
4395 2 2 2 134 2619 2191 2672
4396 2 2 2 134 2210 2620 2623
4397 2 2 2 134 2124 2567 2637
4398 2 2 2 134 2632 2346 2640
4399 2 2 2 134 2616 2108 2631
4400 2 2 2 134 2585 1930 2629
4401 2 2 2 134 1800 1794 2633
4402 2 2 2 134 2594 2169 2629
4403 2 2 2 134 2691 2317 2699
4404 2 2 2 134 1744 2473 2679
4405 2 2 2 134 2172 2621 2635
4406 2 2 2 134 2585 2629 2638
4407 2 2 2 134 1896 2016 2644
4408 2 2 2 134 2050 2624 2634
4409 2 2 2 134 2108 2232 2631
4410 2 2 2 134 2047 2050 2634
4411 2 2 2 134 2548 2625 2641
4412 2 2 2 134 2621 2599 2635
4413 2 2 2 134 1833 1832 2632
4414 2 2 2 134 2631 2238 2642
4415 2 2 2 134 2362 2221 2643
4416 2 2 2 134 2345 2176 2646
4417 2 2 2 134 2567 2281 2637
4418 2 2 2 134 2221 2172 2635
4419 2 2 2 134 2218 2631 2642
4420 2 2 2 134 2486 2021 2656
4421 2 2 2 134 2304 1677 2703
4422 2 2 2 134 1726 2492 2658
4423 2 2 2 134 1692 233 2645
4424 2 2 2 134 2168 2589 2650
4425 2 2 2 134 2423 1682 2664
4426 2 2 2 134 1685 2303 2704
4427 2 2 2 134 2309 2308 2657
4428 2 2 2 134 2392 1692 2636
4429 2 2 2 134 1887 2675 2676
4430 2 2 2 134 2599 2086 2635
4431 2 2 2 134 2628 1886 2644
4432 2 2 2 134 2086 1806 2639
4433 2 2 2 134 232 1671 2645
4434 2 2 2 134 2238 2240 2642
4435 2 2 2 134 2582 2362 2648
4436 2 2 2 134 2650 2432 2655
4437 2 2 2 134 2418 2084 2663
4438 2 2 2 134 1671 2411 2647
4439 2 2 2 134 1682 228 2664
4440 2 2 2 134 2223 2224 2651
4441 2 2 2 134 1836 2632 2640
4442 2 2 2 134 2608 1726 2658
4443 2 2 2 134 2625 2596 2641
4444 2 2 2 134 2240 2422 2653
4445 2 2 2 134 2675 2246 2676
4446 2 2 2 134 227 1706 2664
4447 2 2 2 134 2504 2220 2649
4448 2 2 2 134 2188 2585 2638
4449 2 2 2 134 2328 2628 2644
4450 2 2 2 134 2639 1819 2643
4451 2 2 2 134 233 232 2645
4452 2 2 2 134 2652 2355 2656
4453 2 2 2 134 2606 2513 2655
4454 2 2 2 134 2596 2346 2641
4455 2 2 2 134 2411 2355 2647
4456 2 2 2 134 2422 2247 2665
4457 2 2 2 134 2058 2536 2671
4458 2 2 2 134 2495 2058 2671
4459 2 2 2 134 2651 2627 2663
4460 2 2 2 134 2543 2218 2642
4461 2 2 2 134 1831 1834 2662
4462 2 2 2 134 1886 1896 2644
4463 2 2 2 134 2580 2673 2675
4464 2 2 2 134 2221 2639 2643
4465 2 2 2 134 2220 2343 2649
4466 2 2 2 134 1669 245 2693
4467 2 2 2 134 2644 2016 2654
4468 2 2 2 134 2176 2356 2646
4469 2 2 2 134 2233 2178 2670
4470 2 2 2 134 2580 2566 2673
4471 2 2 2 134 2298 2091 2692
4472 2 2 2 134 2373 2183 2677
4473 2 2 2 134 2423 2664 2670
4474 2 2 2 134 2315 2582 2648
4475 2 2 2 134 2653 2422 2665
4476 2 2 2 134 2603 2034 2668
4477 2 2 2 134 2513 2168 2650
4478 2 2 2 134 1737 1740 2680
4479 2 2 2 134 2642 2240 2653
4480 2 2 2 134 1733 1736 2683
4481 2 2 2 134 1741 1744 2679
4482 2 2 2 134 2697 2228 2698
4483 2 2 2 134 2021 2478 2652
4484 2 2 2 134 2303 2304 2705
4485 2 2 2 134 2381 2603 2668
4486 2 2 2 134 1729 1732 2684
4487 2 2 2 134 2222 2527 2674
4488 2 2 2 134 2325 2328 2654
4489 2 2 2 134 2633 1797 2651
4490 2 2 2 134 2182 2089 2674
4491 2 2 2 134 2088 2222 2674
4492 2 2 2 134 2647 2504 2649
4493 2 2 2 134 2532 2373 2677
4494 2 2 2 134 2543 2642 2653
4495 2 2 2 134 2228 2693 2698
4496 2 2 2 134 2441 2043 2688
4497 2 2 2 134 1725 1728 2687
4498 2 2 2 134 2665 2247 2673
4499 2 2 2 134 2654 2016 2661
4500 2 2 2 134 2312 2309 2657
4501 2 2 2 134 1849 2543 2653
4502 2 2 2 134 1671 2647 2649
4503 2 2 2 134 2658 2518 2659
4504 2 2 2 134 1834 2454 2662
4505 2 2 2 134 2492 2518 2658
4506 2 2 2 134 2269 2402 2669
4507 2 2 2 134 1797 2627 2651
4508 2 2 2 134 2518 2122 2659
4509 2 2 2 134 2225 1724 2687
4510 2 2 2 134 2659 2122 2660
4511 2 2 2 134 2227 2606 2655
4512 2 2 2 134 2122 2209 2660
4513 2 2 2 134 2281 2269 2669
4514 2 2 2 134 1887 2580 2675
4515 2 2 2 134 2328 2644 2654
4516 2 2 2 134 2674 2527 2685
4517 2 2 2 134 2016 2603 2661
4518 2 2 2 134 2704 2303 2705
4519 2 2 2 134 2224 2633 2651
4520 2 2 2 134 2173 2612 2672
4521 2 2 2 134 1849 2653 2665
4522 2 2 2 134 228 227 2664
4523 2 2 2 134 2246 2248 2676
4524 2 2 2 134 2667 2497 2671
4525 2 2 2 134 2663 2084 2666
4526 2 2 2 134 2222 2223 2666
4527 2 2 2 134 2565 1849 2665
4528 2 2 2 134 2432 2410 2686
4529 2 2 2 134 2627 2418 2663
4530 2 2 2 134 2178 2423 2670
4531 2 2 2 134 2034 2194 2668
4532 2 2 2 134 2497 2495 2671
4533 2 2 2 134 2021 2652 2656
4534 2 2 2 134 2673 2247 2675
4535 2 2 2 134 2185 2228 2697
4536 2 2 2 134 2575 2298 2692
4537 2 2 2 134 2612 1941 2672
4538 2 2 2 134 2248 2619 2681
4539 2 2 2 134 2565 2665 2673
4540 2 2 2 134 2566 2565 2673
4541 2 2 2 134 2298 2225 2690
4542 2 2 2 134 2247 2246 2675
4543 2 2 2 134 2676 2248 2681
4544 2 2 2 134 2672 1941 2681
4545 2 2 2 134 2186 2617 2691
4546 2 2 2 134 2089 2088 2674
4547 2 2 2 134 2619 2672 2681
4548 2 2 2 134 1744 2532 2677
4549 2 2 2 134 1740 1741 2679
4550 2 2 2 134 2373 2226 2678
4551 2 2 2 134 1736 1737 2680
4552 2 2 2 134 2605 1887 2676
4553 2 2 2 134 2678 2226 2682
4554 2 2 2 134 1732 1733 2683
4555 2 2 2 134 2226 2227 2682
4556 2 2 2 134 2223 2663 2666
4557 2 2 2 134 1941 2605 2681
4558 2 2 2 134 1728 1729 2684
4559 2 2 2 134 2304 2703 2705
4560 2 2 2 134 2527 1987 2685
4561 2 2 2 134 2655 2432 2686
4562 2 2 2 134 2682 2227 2686
4563 2 2 2 134 2605 2676 2681
4564 2 2 2 134 1677 2344 2702
4565 2 2 2 134 2257 2182 2685
4566 2 2 2 134 1724 1725 2687
4567 2 2 2 134 2442 2441 2688
4568 2 2 2 134 1677 2702 2703
4569 2 2 2 134 2233 2670 2689
4570 2 2 2 134 2688 2043 2690
4571 2 2 2 134 2228 2181 2695
4572 2 2 2 134 2227 2655 2686
4573 2 2 2 134 2617 2094 2691
4574 2 2 2 134 2700 2230 2701
4575 2 2 2 134 2225 2688 2690
4576 2 2 2 134 244 243 2698
4577 2 2 2 134 1669 2693 2695
4578 2 2 2 134 2316 1669 2699
4579 2 2 2 134 2184 2575 2692
4580 2 2 2 134 245 244 2693
4581 2 2 2 134 2670 1706 2689
4582 2 2 2 134 1669 2695 2699
4583 2 2 2 134 2022 2379 2696
4584 2 2 2 134 2344 1700 2701
4585 2 2 2 134 2588 2022 2696
4586 2 2 2 134 2267 2696 2697
4587 2 2 2 134 2693 2228 2695
4588 2 2 2 134 2267 2588 2696
4589 2 2 2 134 2587 2230 2700
4590 2 2 2 134 2695 2186 2699
4591 2 2 2 134 2181 2186 2695
4592 2 2 2 134 1689 2697 2698
4593 2 2 2 134 1689 2267 2697
4594 2 2 2 134 2691 2094 2700
4595 2 2 2 134 2685 1987 2694
4596 2 2 2 134 2317 2691 2700
4597 2 2 2 134 2257 2685 2694
4598 2 2 2 134 243 1689 2698
4599 2 2 2 134 2344 2701 2702
4600 2 2 2 134 2186 2691 2699
4601 2 2 2 134 2317 2700 2701
4602 2 2 2 134 1700 2317 2701
4603 2 2 2 134 2094 2587 2700
4604 2 2 2 134 2230 2229 2702
4605 2 2 2 134 2702 2229 2703
4606 2 2 2 134 2229 2610 2703
4607 2 2 2 134 2703 2610 2705
4608 2 2 2 134 2157 2622 2704
4609 2 2 2 134 2157 2704 2705
4610 2 2 2 134 2610 2157 2705
4611 2 2 2 134 2701 2230 2702
4612 2 2 2 134 2338 2156 2706
4613 2 2 2 134 2156 2413 2706
4614 2 2 2 134 2337 2597 2763
4615 2 2 2 134 2270 2755 2800
4616 2 2 2 134 2263 2302 2747
4617 2 2 2 134 1680 2519 2758
4618 2 2 2 134 2391 2405 2707
4619 2 2 2 134 2200 2731 2787
4620 2 2 2 134 2736 1688 2785
4621 2 2 2 134 2739 1702 2784
4622 2 2 2 134 2755 2236 2800
4623 2 2 2 134 1944 1986 2708
4624 2 2 2 134 2694 1987 2708
4625 2 2 2 134 2414 1693 2709
4626 2 2 2 134 1691 2389 2710
4627 2 2 2 134 290 291 2711
4628 2 2 2 134 2291 2289 2711
4629 2 2 2 134 226 225 2714
4630 2 2 2 134 321 322 2712
4631 2 2 2 134 261 262 2713
4632 2 2 2 134 2689 1706 2714
4633 2 2 2 134 2098 2041 2715
4634 2 2 2 134 2336 2334 2791
4635 2 2 2 134 2197 2110 2716
4636 2 2 2 134 2255 2191 2717
4637 2 2 2 134 2619 2249 2717
4638 2 2 2 134 302 303 2718
4639 2 2 2 134 203 202 2719
4640 2 2 2 134 2390 2391 2707
4641 2 2 2 134 317 318 2720
4642 2 2 2 134 2249 2245 2721
4643 2 2 2 134 2243 2259 2721
4644 2 2 2 134 2300 2301 2716
4645 2 2 2 134 2334 2333 2722
4646 2 2 2 134 2200 2140 2731
4647 2 2 2 134 2349 2350 2723
4648 2 2 2 134 2265 2266 2723
4649 2 2 2 134 271 1665 2724
4650 2 2 2 134 2350 2311 2726
4651 2 2 2 134 2192 2250 2728
4652 2 2 2 134 1665 272 2725
4653 2 2 2 134 1694 270 2724
4654 2 2 2 134 274 1696 2727
4655 2 2 2 134 1659 277 2736
4656 2 2 2 134 2370 2368 2733
4657 2 2 2 134 2366 266 2730
4658 2 2 2 134 278 1688 2736
4659 2 2 2 134 2195 2252 2734
4660 2 2 2 134 267 1672 2730
4661 2 2 2 134 2369 2370 2732
4662 2 2 2 134 264 1681 2735
4663 2 2 2 134 1705 263 2735
4664 2 2 2 134 1667 282 2739
4665 2 2 2 134 2002 2578 2737
4666 2 2 2 134 2039 2000 2737
4667 2 2 2 134 2341 2288 2738
4668 2 2 2 134 283 1702 2739
4669 2 2 2 134 2365 2364 2742
4670 2 2 2 134 2171 2198 2740
4671 2 2 2 134 2189 2638 2740
4672 2 2 2 134 2668 2194 2731
4673 2 2 2 134 2211 2383 2757
4674 2 2 2 134 2099 2098 2743
4675 2 2 2 134 2332 1678 2744
4676 2 2 2 134 2115 2112 2745
4677 2 2 2 134 2273 2274 2715
4678 2 2 2 134 2164 2579 2746
4679 2 2 2 134 2097 2522 2746
4680 2 2 2 134 2294 2296 2783
4681 2 2 2 134 2544 1691 2790
4682 2 2 2 134 1693 2563 2789
4683 2 2 2 134 2295 1686 2765
4684 2 2 2 134 2119 2263 2747
4685 2 2 2 134 2109 2023 2747
4686 2 2 2 134 1987 1944 2708
4687 2 2 2 134 2382 2383 2749
4688 2 2 2 134 2352 2351 2749
4689 2 2 2 134 1986 2597 2775
4690 2 2 2 134 2475 2416 2750
4691 2 2 2 134 2331 2630 2750
4692 2 2 2 134 2731 2322 2787
4693 2 2 2 134 2251 2736 2785
4694 2 2 2 134 2253 2739 2784
4695 2 2 2 134 316 317 2751
4696 2 2 2 134 303 304 2752
4697 2 2 2 134 204 203 2753
4698 2 2 2 134 2025 2406 2768
4699 2 2 2 134 2415 2414 2709
4700 2 2 2 134 2389 2390 2710
4701 2 2 2 134 2289 290 2711
4702 2 2 2 134 262 1705 2713
4703 2 2 2 134 1704 321 2712
4704 2 2 2 134 1706 226 2714
4705 2 2 2 134 2263 2190 2754
4706 2 2 2 134 2041 2097 2715
4707 2 2 2 134 2300 2716 2792
4708 2 2 2 134 2405 2025 2767
4709 2 2 2 134 2609 2237 2755
4710 2 2 2 134 2359 2357 2756
4711 2 2 2 134 2296 2769 2783
4712 2 2 2 134 2110 2109 2716
4713 2 2 2 134 2597 2534 2763
4714 2 2 2 134 2413 2261 2758
4715 2 2 2 134 1697 2323 2759
4716 2 2 2 134 294 1686 2760
4717 2 2 2 134 1707 293 2760
4718 2 2 2 134 2307 2338 2761
4719 2 2 2 134 2233 2689 2762
4720 2 2 2 134 2236 2231 2764
4721 2 2 2 134 1686 295 2765
4722 2 2 2 134 296 2332 2765
4723 2 2 2 134 2424 1679 2766
4724 2 2 2 134 2563 1673 2756
4725 2 2 2 134 1674 2544 2757
4726 2 2 2 134 2191 2619 2717
4727 2 2 2 134 1670 302 2718
4728 2 2 2 134 202 1668 2719
4729 2 2 2 134 2025 2026 2767
4730 2 2 2 134 1955 2025 2768
4731 2 2 2 134 2234 2030 2768
4732 2 2 2 134 2029 1990 2769
4733 2 2 2 134 25 255 2770
4734 2 2 2 134 192 22 2771
4735 2 2 2 134 22 261 2771
4736 2 2 2 134 322 25 2770
4737 2 2 2 134 27 292 2772
4738 2 2 2 134 291 27 2772
4739 2 2 2 134 19 222 2773
4740 2 2 2 134 225 19 2773
4741 2 2 2 134 2716 2109 2792
4742 2 2 2 134 1699 2347 2799
4743 2 2 2 134 2270 1690 2755
4744 2 2 2 134 1696 2321 2777
4745 2 2 2 134 287 288 2776
4746 2 2 2 134 286 287 2780
4747 2 2 2 134 2511 2039 2778
4748 2 2 2 134 2187 2189 2779
4749 2 2 2 134 318 1680 2720
4750 2 2 2 134 2245 2243 2721
4751 2 2 2 134 2333 1670 2722
4752 2 2 2 134 2255 2717 2799
4753 2 2 2 134 2729 2372 2732
4754 2 2 2 134 2312 2372 2729
4755 2 2 2 134 2266 2349 2723
4756 2 2 2 134 270 271 2724
4757 2 2 2 134 273 274 2727
4758 2 2 2 134 272 273 2725
4759 2 2 2 134 2725 273 2727
4760 2 2 2 134 2311 2312 2726
4761 2 2 2 134 2194 2192 2728
4762 2 2 2 134 2140 2668 2731
4763 2 2 2 134 266 267 2730
4764 2 2 2 134 2726 2312 2729
4765 2 2 2 134 2733 2196 2734
4766 2 2 2 134 2368 2196 2733
4767 2 2 2 134 2372 2369 2732
4768 2 2 2 134 2196 2195 2734
4769 2 2 2 134 263 264 2735
4770 2 2 2 134 277 278 2736
4771 2 2 2 134 2000 2002 2737
4772 2 2 2 134 2288 2287 2738
4773 2 2 2 134 282 283 2739
4774 2 2 2 134 2364 1675 2742
4775 2 2 2 134 2638 2171 2740
4776 2 2 2 134 2264 2254 2741
4777 2 2 2 134 2102 2099 2743
4778 2 2 2 134 1678 2584 2744
4779 2 2 2 134 2273 2715 2793
4780 2 2 2 134 2112 2111 2745
4781 2 2 2 134 2347 1676 2754
4782 2 2 2 134 2098 2715 2794
4783 2 2 2 134 2234 2407 2759
4784 2 2 2 134 2715 2097 2793
4785 2 2 2 134 2252 2197 2748
4786 2 2 2 134 2522 2164 2746
4787 2 2 2 134 2201 2785 2786
4788 2 2 2 134 2322 1659 2787
4789 2 2 2 134 2201 2251 2785
4790 2 2 2 134 2578 2201 2786
4791 2 2 2 134 2198 2253 2784
4792 2 2 2 134 2287 1667 2788
4793 2 2 2 134 2593 2781 2782
4794 2 2 2 134 2593 2264 2781
4795 2 2 2 134 2038 2593 2782
4796 2 2 2 134 2038 2782 2783
4797 2 2 2 134 2023 2119 2747
4798 2 2 2 134 2264 2776 2781
4799 2 2 2 134 2778 2287 2788
4800 2 2 2 134 2351 2382 2749
4801 2 2 2 134 2390 2707 2797
4802 2 2 2 134 2630 2475 2750
4803 2 2 2 134 2426 2115 2796
4804 2 2 2 134 2520 2521 2797
4805 2 2 2 134 1673 316 2751
4806 2 2 2 134 2197 2716 2795
4807 2 2 2 134 2728 1696 2777
4808 2 2 2 134 287 2741 2780
4809 2 2 2 134 2039 2738 2778
4810 2 2 2 134 2741 287 2776
4811 2 2 2 134 2189 2742 2779
4812 2 2 2 134 2296 2297 2774
4813 2 2 2 134 2717 2320 2799
4814 2 2 2 134 304 1687 2752
4815 2 2 2 134 1690 204 2753
4816 2 2 2 134 2190 2255 2754
4817 2 2 2 134 2744 2584 2763
4818 2 2 2 134 2715 2274 2794
4819 2 2 2 134 2352 2235 2766
4820 2 2 2 134 2383 1674 2757
4821 2 2 2 134 2717 2249 2798
4822 2 2 2 134 2237 2236 2755
4823 2 2 2 134 2709 2426 2796
4824 2 2 2 134 2521 2710 2797
4825 2 2 2 134 2357 2358 2756
4826 2 2 2 134 2361 2211 2757
4827 2 2 2 134 2494 2234 2759
4828 2 2 2 134 2235 2576 2766
4829 2 2 2 134 2249 2721 2798
4830 2 2 2 134 2358 2426 2789
4831 2 2 2 134 2521 2361 2790
4832 2 2 2 134 2716 2301 2795
4833 2 2 2 134 2194 2728 2777
4834 2 2 2 134 2738 2287 2778
4835 2 2 2 134 2264 2741 2776
4836 2 2 2 134 2741 2254 2780
4837 2 2 2 134 2742 1675 2779
4838 2 2 2 134 2706 2413 2758
4839 2 2 2 134 2407 1697 2759
4840 2 2 2 134 293 294 2760
4841 2 2 2 134 2576 2233 2762
4842 2 2 2 134 2338 2706 2761
4843 2 2 2 134 2584 2337 2763
4844 2 2 2 134 2231 2494 2764
4845 2 2 2 134 295 296 2765
4846 2 2 2 134 2743 2098 2794
4847 2 2 2 134 2337 2336 2775
4848 2 2 2 134 1679 2352 2766
4849 2 2 2 134 2320 2717 2798
4850 2 2 2 134 2707 2405 2767
4851 2 2 2 134 2115 2745 2796
4852 2 2 2 134 2426 2709 2789
4853 2 2 2 134 2710 2521 2790
4854 2 2 2 134 2711 291 2772
4855 2 2 2 134 2714 225 2773
4856 2 2 2 134 2712 322 2770
4857 2 2 2 134 261 2713 2771
4858 2 2 2 134 2257 2694 2791
4859 2 2 2 134 2026 2078 2767
4860 2 2 2 134 2236 2764 2800
4861 2 2 2 134 2030 1955 2768
4862 2 2 2 134 2097 2746 2793
4863 2 2 2 134 1990 2038 2769
4864 2 2 2 134 2721 2319 2798
4865 2 2 2 134 1709 192 2771
4866 2 2 2 134 255 1708 2770
4867 2 2 2 134 292 1707 2772
4868 2 2 2 134 222 2425 2773
4869 2 2 2 134 2109 2747 2792
4870 2 2 2 134 2534 2029 2774
4871 2 2 2 134 2708 1986 2775
4872 2 2 2 134 288 1683 2776
4873 2 2 2 134 2321 2322 2777
4874 2 2 2 134 2199 2511 2778
4875 2 2 2 134 1675 286 2780
4876 2 2 2 134 2254 2187 2779
4877 2 2 2 134 2776 1683 2781
4878 2 2 2 134 2199 2778 2788
4879 2 2 2 134 2336 2708 2775
4880 2 2 2 134 2334 2722 2791
4881 2 2 2 134 2078 2707 2767
4882 2 2 2 134 1683 2290 2781
4883 2 2 2 134 2290 2292 2782
4884 2 2 2 134 2781 2290 2782
4885 2 2 2 134 2292 2294 2783
4886 2 2 2 134 2782 2292 2783
4887 2 2 2 134 1688 2340 2785
4888 2 2 2 134 1702 2365 2784
4889 2 2 2 134 2785 2340 2786
4890 2 2 2 134 2340 2341 2786
4891 2 2 2 134 2251 2200 2787
4892 2 2 2 134 2253 2199 2788
4893 2 2 2 134 2709 1693 2789
4894 2 2 2 134 1691 2710 2790
4895 2 2 2 134 2302 2300 2792
4896 2 2 2 134 2272 2273 2793
4897 2 2 2 134 2274 2330 2794
4898 2 2 2 134 2301 2314 2795
4899 2 2 2 134 2319 2320 2798
4900 2 2 2 134 2320 1699 2799
4901 2 2 2 134 1661 2270 2800
4902 2 2 2 134 1707 2711 2772
4903 2 2 2 134 2425 2714 2773
4904 2 2 2 134 1708 2712 2770
4905 2 2 2 134 2713 1709 2771
4906 2 2 2 134 2769 2038 2783
4907 2 2 2 134 2330 2743 2794
4908 2 2 2 134 2722 2257 2791
4909 2 2 2 134 2745 2415 2796
4910 2 2 2 134 2415 2709 2796
4911 2 2 2 134 2710 2390 2797
4912 2 2 2 134 2746 2272 2793
4913 2 2 2 134 2748 2197 2795
4914 2 2 2 134 2314 2748 2795
4915 2 2 2 134 2747 2302 2792
4916 2 2 2 134 2764 1661 2800
4917 2 2 2 156 277 276 2824
4918 2 2 2 156 2824 278 277
4919 2 2 2 156 266 265 2826
4920 2 2 2 156 2826 267 266
4921 2 2 2 156 282 281 2825
4922 2 2 2 156 2825 283 282
4923 2 2 2 156 262 261 2804
4924 2 2 2 156 2804 263 262
4925 2 2 2 156 2808 271 270
4926 2 2 2 156 270 269 2808
4927 2 2 2 156 2809 273 272
4928 2 2 2 156 272 271 2809
4929 2 2 2 156 287 286 2812
4930 2 2 2 156 2812 288 287
4931 2 2 2 156 2802 291 290
4932 2 2 2 156 290 289 2802
4933 2 2 2 200 2855 307 306
4934 2 2 2 200 306 305 2855
4935 2 2 2 200 2857 318 317
4936 2 2 2 200 317 316 2857
4937 2 2 2 200 2856 302 301
4938 2 2 2 200 301 300 2856
4939 2 2 2 200 2833 322 321
4940 2 2 2 200 321 320 2833
4941 2 2 2 200 313 312 2837
4942 2 2 2 200 2837 314 313
4943 2 2 2 200 311 310 2838
4944 2 2 2 200 2838 312 311
4945 2 2 2 200 2841 297 296
4946 2 2 2 200 296 295 2841
4947 2 2 2 200 293 292 2831
4948 2 2 2 200 2831 294 293
4949 3 2 1 1 1 33 338 337
4950 3 2 1 1 6 339 337 338
4951 3 2 1 1 1 337 339 109
4952 3 2 1 1 33 2 6 338
4953 3 2 1 1 109 339 6 5
4954 3 2 1 2 362 37 38 353
4955 3 2 1 2 361 34 35 354
4956 3 2 1 2 357 358 35 36
4957 3 2 1 2 50 347 359 348
4958 3 2 1 2 352 357 360 363
4959 3 2 1 2 349 355 361 365
4960 3 2 1 2 364 350 340 356
4961 3 2 1 2 363 55 54 352
4962 3 2 1 2 363 340 58 57
4963 3 2 1 2 348 342 53 52
4964 3 2 1 2 351 65 64 345
4965 3 2 1 2 364 60 59 350
4966 3 2 1 2 365 346 47 46
4967 3 2 1 2 364 344 63 62
4968 3 2 1 2 365 44 43 349
4969 3 2 1 2 356 362 344 364
4970 3 2 1 2 2 34 361 355
4971 3 2 1 2 360 37 362 356
4972 3 2 1 2 363 360 356 340
4973 3 2 1 2 345 344 362 353
4974 3 2 1 2 365 361 354 346
4975 3 2 1 2 37 360 357 36
4976 3 2 1 2 342 348 359 358
4977 3 2 1 2 352 342 358 357
4978 3 2 1 2 346 354 359 347
4979 3 2 1 2 354 35 358 359
4980 3 2 1 2 343 40 6 2
4981 3 2 1 2 349 343 2 355
4982 3 2 1 2 341 3 7 70
4983 3 2 1 2 3 341 351 38
4984 3 2 1 2 343 349 43 42
4985 3 2 1 2 346 347 48 47
4986 3 2 1 2 352 54 53 342
4987 3 2 1 2 350 59 58 340
4988 3 2 1 2 345 64 63 344
4989 3 2 1 2 341 68 67 351
4990 3 2 1 2 38 351 345 353
4991 3 2 1 3 39 4 178 366
4992 3 2 1 3 178 367 368 366
4993 3 2 1 3 3 39 366 368
4994 3 2 1 3 367 7 3 368
4995 3 2 1 3 178 8 7 367
4996 3 2 1 4 393 382 114 113
4997 3 2 1 4 392 383 111 110
4998 3 2 1 4 388 112 111 387
4999 3 2 1 4 126 377 385 376
5000 3 2 1 4 395 390 369 379
5001 3 2 1 4 394 369 390 391
5002 3 2 1 4 373 393 390 395
5003 3 2 1 4 378 396 392 389
5004 3 2 1 4 396 375 383 392
5005 3 2 1 4 374 382 393 373
5006 3 2 1 4 381 394 391 388
5007 3 2 1 4 394 381 130 131
5008 3 2 1 4 394 133 134 369
5009 3 2 1 4 377 128 129 371
5010 3 2 1 4 380 374 140 141
5011 3 2 1 4 395 379 135 136
5012 3 2 1 4 396 122 123 375
5013 3 2 1 4 395 138 139 373
5014 3 2 1 4 396 378 119 120
5015 3 2 1 4 391 390 393 113
5016 3 2 1 4 5 389 392 110
5017 3 2 1 4 374 380 386 384
5018 3 2 1 4 371 387 385 377
5019 3 2 1 4 381 388 387 371
5020 3 2 1 4 114 382 374 384
5021 3 2 1 4 375 376 385 383
5022 3 2 1 4 383 385 387 111
5023 3 2 1 4 9 114 384 386
5024 3 2 1 4 113 112 388 391
5025 3 2 1 4 372 5 6 116
5026 3 2 1 4 378 389 5 372
5027 3 2 1 4 370 146 10 9
5028 3 2 1 4 380 370 9 386
5029 3 2 1 4 372 118 119 378
5030 3 2 1 4 375 123 124 376
5031 3 2 1 4 381 371 129 130
5032 3 2 1 4 379 369 134 135
5033 3 2 1 4 374 373 139 140
5034 3 2 1 4 370 380 143 144
5035 3 2 1 6 1561 182 183 1552
5036 3 2 1 6 1560 179 180 1553
5037 3 2 1 6 1556 1557 180 181
5038 3 2 1 6 157 1546 1558 1547
5039 3 2 1 6 1551 1556 1559 1562
5040 3 2 1 6 1548 1554 1560 1564
5041 3 2 1 6 1563 1549 1539 1555
5042 3 2 1 6 1562 162 161 1551
5043 3 2 1 6 1562 1539 165 164
5044 3 2 1 6 1547 1541 160 159
5045 3 2 1 6 1550 172 171 1544
5046 3 2 1 6 1563 167 166 1549
5047 3 2 1 6 1564 1545 154 153
5048 3 2 1 6 1563 1543 170 169
5049 3 2 1 6 1564 151 150 1548
5050 3 2 1 6 1555 1561 1543 1563
5051 3 2 1 6 8 179 1560 1554
5052 3 2 1 6 1559 182 1561 1555
5053 3 2 1 6 1562 1559 1555 1539
5054 3 2 1 6 1544 1543 1561 1552
5055 3 2 1 6 1564 1560 1553 1545
5056 3 2 1 6 182 1559 1556 181
5057 3 2 1 6 1541 1547 1558 1557
5058 3 2 1 6 1551 1541 1557 1556
5059 3 2 1 6 1545 1553 1558 1546
5060 3 2 1 6 1553 180 1557 1558
5061 3 2 1 6 1542 147 7 8
5062 3 2 1 6 1548 1542 8 1554
5063 3 2 1 6 1540 12 11 177
5064 3 2 1 6 1542 1548 150 149
5065 3 2 1 6 1545 1546 155 154
5066 3 2 1 6 1551 161 160 1541
5067 3 2 1 6 1549 166 165 1539
5068 3 2 1 6 1544 171 170 1543
5069 3 2 1 6 1540 175 174 1550
5070 3 2 1 6 12 1540 1550 183
5071 3 2 1 6 183 1550 1544 1552
5072 3 2 1 7 115 1565 102 13
5073 3 2 1 7 115 1566 1567 1565
5074 3 2 1 7 14 102 1565 1567
5075 3 2 1 7 115 9 10 1566
5076 3 2 1 7 1566 10 14 1567
5077 3 2 1 8 1592 1581 107 106
5078 3 2 1 8 1591 1582 104 103
5079 3 2 1 8 1587 105 104 1586
5080 3 2 1 8 81 1576 1584 1575
5081 3 2 1 8 1594 1589 1568 1578
5082 3 2 1 8 1593 1568 1589 1590
5083 3 2 1 8 1572 1592 1589 1594
5084 3 2 1 8 1577 1595 1591 1588
5085 3 2 1 8 1595 1574 1582 1591
5086 3 2 1 8 1573 1581 1592 1572
5087 3 2 1 8 1580 1593 1590 1587
5088 3 2 1 8 1593 1580 85 86
5089 3 2 1 8 1593 88 89 1568
5090 3 2 1 8 1576 83 84 1570
5091 3 2 1 8 1579 1573 95 96
5092 3 2 1 8 1594 1578 90 91
5093 3 2 1 8 1595 77 78 1574
5094 3 2 1 8 1594 93 94 1572
5095 3 2 1 8 1595 1577 74 75
5096 3 2 1 8 1590 1589 1592 106
5097 3 2 1 8 14 1588 1591 103
5098 3 2 1 8 1573 1579 1585 1583
5099 3 2 1 8 1570 1586 1584 1576
5100 3 2 1 8 1580 1587 1586 1570
5101 3 2 1 8 107 1581 1573 1583
5102 3 2 1 8 1574 1575 1584 1582
5103 3 2 1 8 1582 1584 1586 104
5104 3 2 1 8 15 107 1583 1585
5105 3 2 1 8 106 105 1587 1590
5106 3 2 1 8 1571 14 10 71
5107 3 2 1 8 1569 101 11 15
5108 3 2 1 8 1577 1588 14 1571
5109 3 2 1 8 1579 1569 15 1585
5110 3 2 1 8 1571 73 74 1577
5111 3 2 1 8 1574 78 79 1575
5112 3 2 1 8 1580 1570 84 85
5113 3 2 1 8 1578 1568 89 90
5114 3 2 1 8 1573 1572 94 95
5115 3 2 1 8 1569 1579 98 99
5116 3 2 1 9 108 1596 184 16
5117 3 2 1 9 108 1597 1598 1596
5118 3 2 1 9 12 184 1596 1598
5119 3 2 1 9 1597 11 12 1598
5120 3 2 1 9 108 15 11 1597
5121 3 2 5 33 1 33 185 17
5122 3 2 5 33 33 2 18 185
5123 3 2 3 45 1 17 186 109
5124 3 2 3 45 109 186 20 5
5125 3 2 2 46 17 185 1600 1599
5126 3 2 2 46 19 1601 1599 1600
5127 3 2 2 46 17 1599 1601 186
5128 3 2 2 46 185 18 19 1600
5129 3 2 2 46 186 1601 19 20
5130 3 2 5 55 2 34 187 18
5131 3 2 5 55 34 35 188 187
5132 3 2 5 55 35 36 189 188
5133 3 2 5 55 36 37 190 189
5134 3 2 5 55 37 38 191 190
5135 3 2 5 55 38 3 21 191
5136 3 2 2 68 1624 190 191 1615
5137 3 2 2 68 1623 187 188 1616
5138 3 2 2 68 1619 1620 188 189
5139 3 2 2 68 212 1609 1621 1610
5140 3 2 2 68 1614 1619 1622 1625
5141 3 2 2 68 1611 1617 1623 1627
5142 3 2 2 68 1626 1612 1602 1618
5143 3 2 2 68 1625 207 208 1614
5144 3 2 2 68 1625 1602 204 205
5145 3 2 2 68 1610 1604 209 210
5146 3 2 2 68 1613 197 198 1607
5147 3 2 2 68 1626 202 203 1612
5148 3 2 2 68 1627 1608 215 216
5149 3 2 2 68 1626 1606 199 200
5150 3 2 2 68 1627 218 219 1611
5151 3 2 2 68 1618 1624 1606 1626
5152 3 2 2 68 18 187 1623 1617
5153 3 2 2 68 1622 190 1624 1618
5154 3 2 2 68 1625 1622 1618 1602
5155 3 2 2 68 1607 1606 1624 1615
5156 3 2 2 68 1627 1623 1616 1608
5157 3 2 2 68 190 1622 1619 189
5158 3 2 2 68 1604 1610 1621 1620
5159 3 2 2 68 1614 1604 1620 1619
5160 3 2 2 68 1608 1616 1621 1609
5161 3 2 2 68 1616 188 1620 1621
5162 3 2 2 68 1605 222 19 18
5163 3 2 2 68 1611 1605 18 1617
5164 3 2 2 68 1603 21 22 192
5165 3 2 2 68 21 1603 1613 191
5166 3 2 2 68 1605 1611 219 220
5167 3 2 2 68 1608 1609 214 215
5168 3 2 2 68 1614 208 209 1604
5169 3 2 2 68 1612 203 204 1602
5170 3 2 2 68 1607 198 199 1606
5171 3 2 2 68 1603 194 195 1613
5172 3 2 2 68 191 1613 1607 1615
5173 3 2 5 77 3 39 223 21
5174 3 2 5 77 39 4 23 223
5175 3 2 4 81 4 178 224 23
5176 3 2 4 81 178 8 24 224
5177 3 2 2 90 223 23 224 1628
5178 3 2 2 90 224 1629 1630 1628
5179 3 2 2 90 21 223 1628 1630
5180 3 2 2 90 1629 22 21 1630
5181 3 2 2 90 224 24 22 1629
5182 3 2 3 111 5 20 260 110
5183 3 2 3 111 110 260 259 111
5184 3 2 3 111 111 259 258 112
5185 3 2 3 111 112 258 257 113
5186 3 2 3 111 113 257 256 114
5187 3 2 3 111 114 256 26 9
5188 3 2 2 112 1655 1644 256 257
5189 3 2 2 112 1654 1645 259 260
5190 3 2 2 112 1650 258 259 1649
5191 3 2 2 112 235 1639 1647 1638
5192 3 2 2 112 1657 1652 1631 1641
5193 3 2 2 112 1656 1631 1652 1653
5194 3 2 2 112 1635 1655 1652 1657
5195 3 2 2 112 1640 1658 1654 1651
5196 3 2 2 112 1658 1637 1645 1654
5197 3 2 2 112 1636 1644 1655 1635
5198 3 2 2 112 1643 1656 1653 1650
5199 3 2 2 112 1656 1643 239 240
5200 3 2 2 112 1656 242 243 1631
5201 3 2 2 112 1639 237 238 1633
5202 3 2 2 112 1642 1636 249 250
5203 3 2 2 112 1657 1641 244 245
5204 3 2 2 112 1658 231 232 1637
5205 3 2 2 112 1657 247 248 1635
5206 3 2 2 112 1658 1640 228 229
5207 3 2 2 112 1653 1652 1655 257
5208 3 2 2 112 20 1651 1654 260
5209 3 2 2 112 1636 1642 1648 1646
5210 3 2 2 112 1633 1649 1647 1639
5211 3 2 2 112 1643 1650 1649 1633
5212 3 2 2 112 256 1644 1636 1646
5213 3 2 2 112 1637 1638 1647 1645
5214 3 2 2 112 1645 1647 1649 259
5215 3 2 2 112 26 256 1646 1648
5216 3 2 2 112 257 258 1650 1653
5217 3 2 2 112 1634 20 19 225
5218 3 2 2 112 1640 1651 20 1634
5219 3 2 2 112 1632 255 25 26
5220 3 2 2 112 1642 1632 26 1648
5221 3 2 2 112 1634 227 228 1640
5222 3 2 2 112 1637 232 233 1638
5223 3 2 2 112 1643 1633 238 239
5224 3 2 2 112 1641 1631 243 244
5225 3 2 2 112 1636 1635 248 249
5226 3 2 2 112 1632 1642 252 253
5227 3 2 4 147 8 179 323 24
5228 3 2 4 147 179 180 324 323
5229 3 2 4 147 180 181 325 324
5230 3 2 4 147 181 182 326 325
5231 3 2 4 147 182 183 327 326
5232 3 2 4 147 183 12 28 327
5233 3 2 2 156 2823 326 327 2814
5234 3 2 2 156 2822 323 324 2815
5235 3 2 2 156 2818 2819 324 325
5236 3 2 2 156 271 2808 2820 2809
5237 3 2 2 156 2813 2818 2821 2824
5238 3 2 2 156 2810 2816 2822 2826
5239 3 2 2 156 2825 2811 2801 2817
5240 3 2 2 156 2824 276 275 2813
5241 3 2 2 156 2824 2801 279 278
5242 3 2 2 156 2809 2803 274 273
5243 3 2 2 156 2812 286 285 2806
5244 3 2 2 156 2825 281 280 2811
5245 3 2 2 156 2826 2807 268 267
5246 3 2 2 156 2825 2805 284 283
5247 3 2 2 156 2826 265 264 2810
5248 3 2 2 156 2817 2823 2805 2825
5249 3 2 2 156 24 323 2822 2816
5250 3 2 2 156 2821 326 2823 2817
5251 3 2 2 156 2824 2821 2817 2801
5252 3 2 2 156 2806 2805 2823 2814
5253 3 2 2 156 2826 2822 2815 2807
5254 3 2 2 156 326 2821 2818 325
5255 3 2 2 156 2803 2809 2820 2819
5256 3 2 2 156 2813 2803 2819 2818
5257 3 2 2 156 2807 2815 2820 2808
5258 3 2 2 156 2815 324 2819 2820
5259 3 2 2 156 2804 261 22 24
5260 3 2 2 156 2810 2804 24 2816
5261 3 2 2 156 2802 28 27 291
5262 3 2 2 156 2804 2810 264 263
5263 3 2 2 156 2807 2808 269 268
5264 3 2 2 156 2813 275 274 2803
5265 3 2 2 156 2811 280 279 2801
5266 3 2 2 156 2806 285 284 2805
5267 3 2 2 156 2802 289 288 2812
5268 3 2 2 156 28 2802 2812 327
5269 3 2 2 156 327 2812 2806 2814
5270 3 2 6 173 13 30 328 102
5271 3 2 6 173 102 328 29 14
5272 3 2 3 177 9 26 329 115
5273 3 2 3 177 115 329 30 13
5274 3 2 2 178 329 2827 328 30
5275 3 2 2 178 329 2828 2829 2827
5276 3 2 2 178 29 328 2827 2829
5277 3 2 2 178 329 26 25 2828
5278 3 2 2 178 2828 25 29 2829
5279 3 2 6 195 14 29 334 103
5280 3 2 6 195 103 334 333 104
5281 3 2 6 195 104 333 332 105
5282 3 2 6 195 105 332 331 106
5283 3 2 6 195 106 331 330 107
5284 3 2 6 195 107 330 31 15
5285 3 2 2 200 2854 2843 330 331
5286 3 2 2 200 2853 2844 333 334
5287 3 2 2 200 2849 332 333 2848
5288 3 2 2 200 312 2838 2846 2837
5289 3 2 2 200 2856 2851 2830 2840
5290 3 2 2 200 2855 2830 2851 2852
5291 3 2 2 200 2834 2854 2851 2856
5292 3 2 2 200 2839 2857 2853 2850
5293 3 2 2 200 2857 2836 2844 2853
5294 3 2 2 200 2835 2843 2854 2834
5295 3 2 2 200 2842 2855 2852 2849
5296 3 2 2 200 2855 2842 308 307
5297 3 2 2 200 2855 305 304 2830
5298 3 2 2 200 2838 310 309 2832
5299 3 2 2 200 2841 2835 298 297
5300 3 2 2 200 2856 2840 303 302
5301 3 2 2 200 2857 316 315 2836
5302 3 2 2 200 2856 300 299 2834
5303 3 2 2 200 2857 2839 319 318
5304 3 2 2 200 2852 2851 2854 331
5305 3 2 2 200 29 2850 2853 334
5306 3 2 2 200 2835 2841 2847 2845
5307 3 2 2 200 2832 2848 2846 2838
5308 3 2 2 200 2842 2849 2848 2832
5309 3 2 2 200 330 2843 2835 2845
5310 3 2 2 200 2836 2837 2846 2844
5311 3 2 2 200 2844 2846 2848 333
5312 3 2 2 200 31 330 2845 2847
5313 3 2 2 200 331 332 2849 2852
5314 3 2 2 200 2833 29 25 322
5315 3 2 2 200 2831 292 27 31
5316 3 2 2 200 2839 2850 29 2833
5317 3 2 2 200 2841 2831 31 2847
5318 3 2 2 200 2833 320 319 2839
5319 3 2 2 200 2836 315 314 2837
5320 3 2 2 200 2842 2832 309 308
5321 3 2 2 200 2840 2830 304 303
5322 3 2 2 200 2835 2834 299 298
5323 3 2 2 200 2831 2841 295 294
5324 3 2 4 213 12 184 335 28
5325 3 2 4 213 184 16 32 335
5326 3 2 6 217 15 31 336 108
5327 3 2 6 217 108 336 32 16
5328 3 2 2 222 336 2858 335 32
5329 3 2 2 222 336 2859 2860 2858
5330 3 2 2 222 28 335 2858 2860
5331 3 2 2 222 2859 27 28 2860
5332 3 2 2 222 336 31 27 2859
5333 5 2 7 1 1 33 338 337 17 185 1600 1599
5334 5 2 7 1 6 339 337 338 19 1601 1599 1600
5335 5 2 7 1 1 337 339 109 17 1599 1601 186
5336 5 2 7 1 33 2 6 338 185 18 19 1600
5337 5 2 7 1 109 339 6 5 186 1601 19 20
5338 5 2 7 2 362 37 38 353 1624 190 191 1615
5339 5 2 7 2 361 34 35 354 1623 187 188 1616
5340 5 2 7 2 357 358 35 36 1619 1620 188 189
5341 5 2 7 2 50 347 359 348 212 1609 1621 1610
5342 5 2 7 2 352 357 360 363 1614 1619 1622 1625
5343 5 2 7 2 349 355 361 365 1611 1617 1623 1627
5344 5 2 7 2 364 350 340 356 1626 1612 1602 1618
5345 5 2 7 2 363 55 54 352 1625 207 208 1614
5346 5 2 7 2 363 340 58 57 1625 1602 204 205
5347 5 2 7 2 348 342 53 52 1610 1604 209 210
5348 5 2 7 2 351 65 64 345 1613 197 198 1607
5349 5 2 7 2 364 60 59 350 1626 202 203 1612
5350 5 2 7 2 365 346 47 46 1627 1608 215 216
5351 5 2 7 2 364 344 63 62 1626 1606 199 200
5352 5 2 7 2 365 44 43 349 1627 218 219 1611
5353 5 2 7 2 356 362 344 364 1618 1624 1606 1626
5354 5 2 7 2 2 34 361 355 18 187 1623 1617
5355 5 2 7 2 360 37 362 356 1622 190 1624 1618
5356 5 2 7 2 363 360 356 340 1625 1622 1618 1602
5357 5 2 7 2 345 344 362 353 1607 1606 1624 1615
5358 5 2 7 2 365 361 354 346 1627 1623 1616 1608
5359 5 2 7 2 37 360 357 36 190 1622 1619 189
5360 5 2 7 2 342 348 359 358 1604 1610 1621 1620
5361 5 2 7 2 352 342 358 357 1614 1604 1620 1619
5362 5 2 7 2 346 354 359 347 1608 1616 1621 1609
5363 5 2 7 2 354 35 358 359 1616 188 1620 1621
5364 5 2 7 2 343 40 6 2 1605 222 19 18
5365 5 2 7 2 349 343 2 355 1611 1605 18 1617
5366 5 2 7 2 341 3 7 70 1603 21 22 192
5367 5 2 7 2 3 341 351 38 21 1603 1613 191
5368 5 2 7 2 343 349 43 42 1605 1611 219 220
5369 5 2 7 2 346 347 48 47 1608 1609 214 215
5370 5 2 7 2 352 54 53 342 1614 208 209 1604
5371 5 2 7 2 350 59 58 340 1612 203 204 1602
5372 5 2 7 2 345 64 63 344 1607 198 199 1606
5373 5 2 7 2 341 68 67 351 1603 194 195 1613
5374 5 2 7 2 38 351 345 353 191 1613 1607 1615
5375 5 2 7 3 39 4 178 366 223 23 224 1628
5376 5 2 7 3 178 367 368 366 224 1629 1630 1628
5377 5 2 7 3 3 39 366 368 21 223 1628 1630
5378 5 2 7 3 367 7 3 368 1629 22 21 1630
5379 5 2 7 3 178 8 7 367 224 24 22 1629
5380 5 2 7 4 393 382 114 113 1655 1644 256 257
5381 5 2 7 4 392 383 111 110 1654 1645 259 260
5382 5 2 7 4 388 112 111 387 1650 258 259 1649
5383 5 2 7 4 126 377 385 376 235 1639 1647 1638
5384 5 2 7 4 395 390 369 379 1657 1652 1631 1641
5385 5 2 7 4 394 369 390 391 1656 1631 1652 1653
5386 5 2 7 4 373 393 390 395 1635 1655 1652 1657
5387 5 2 7 4 378 396 392 389 1640 1658 1654 1651
5388 5 2 7 4 396 375 383 392 1658 1637 1645 1654
5389 5 2 7 4 374 382 393 373 1636 1644 1655 1635
5390 5 2 7 4 381 394 391 388 1643 1656 1653 1650
5391 5 2 7 4 394 381 130 131 1656 1643 239 240
5392 5 2 7 4 394 133 134 369 1656 242 243 1631
5393 5 2 7 4 377 128 129 371 1639 237 238 1633
5394 5 2 7 4 380 374 140 141 1642 1636 249 250
5395 5 2 7 4 395 379 135 136 1657 1641 244 245
5396 5 2 7 4 396 122 123 375 1658 231 232 1637
5397 5 2 7 4 395 138 139 373 1657 247 248 1635
5398 5 2 7 4 396 378 119 120 1658 1640 228 229
5399 5 2 7 4 391 390 393 113 1653 1652 1655 257
5400 5 2 7 4 5 389 392 110 20 1651 1654 260
5401 5 2 7 4 374 380 386 384 1636 1642 1648 1646
5402 5 2 7 4 371 387 385 377 1633 1649 1647 1639
5403 5 2 7 4 381 388 387 371 1643 1650 1649 1633
5404 5 2 7 4 114 382 374 384 256 1644 1636 1646
5405 5 2 7 4 375 376 385 383 1637 1638 1647 1645
5406 5 2 7 4 383 385 387 111 1645 1647 1649 259
5407 5 2 7 4 9 114 384 386 26 256 1646 1648
5408 5 2 7 4 113 112 388 391 257 258 1650 1653
5409 5 2 7 4 372 5 6 116 1634 20 19 225
5410 5 2 7 4 378 389 5 372 1640 1651 20 1634
5411 5 2 7 4 370 146 10 9 1632 255 25 26
5412 5 2 7 4 380 370 9 386 1642 1632 26 1648
5413 5 2 7 4 372 118 119 378 1634 227 228 1640
5414 5 2 7 4 375 123 124 376 1637 232 233 1638
5415 5 2 7 4 381 371 129 130 1643 1633 238 239
5416 5 2 7 4 379 369 134 135 1641 1631 243 244
5417 5 2 7 4 374 373 139 140 1636 1635 248 249
5418 5 2 7 4 370 380 143 144 1632 1642 252 253
5419 5 2 7 6 1561 182 183 1552 2823 326 327 2814
5420 5 2 7 6 1560 179 180 1553 2822 323 324 2815
5421 5 2 7 6 1556 1557 180 181 2818 2819 324 325
5422 5 2 7 6 157 1546 1558 1547 271 2808 2820 2809
5423 5 2 7 6 1551 1556 1559 1562 2813 2818 2821 2824
5424 5 2 7 6 1548 1554 1560 1564 2810 2816 2822 2826
5425 5 2 7 6 1563 1549 1539 1555 2825 2811 2801 2817
5426 5 2 7 6 1562 162 161 1551 2824 276 275 2813
5427 5 2 7 6 1562 1539 165 164 2824 2801 279 278
5428 5 2 7 6 1547 1541 160 159 2809 2803 274 273
5429 5 2 7 6 1550 172 171 1544 2812 286 285 2806
5430 5 2 7 6 1563 167 166 1549 2825 281 280 2811
5431 5 2 7 6 1564 1545 154 153 2826 2807 268 267
5432 5 2 7 6 1563 1543 170 169 2825 2805 284 283
5433 5 2 7 6 1564 151 150 1548 2826 265 264 2810
5434 5 2 7 6 1555 1561 1543 1563 2817 2823 2805 2825
5435 5 2 7 6 8 179 1560 1554 24 323 2822 2816
5436 5 2 7 6 1559 182 1561 1555 2821 326 2823 2817
5437 5 2 7 6 1562 1559 1555 1539 2824 2821 2817 2801
5438 5 2 7 6 1544 1543 1561 1552 2806 2805 2823 2814
5439 5 2 7 6 1564 1560 1553 1545 2826 2822 2815 2807
5440 5 2 7 6 182 1559 1556 181 326 2821 2818 325
5441 5 2 7 6 1541 1547 1558 1557 2803 2809 2820 2819
5442 5 2 7 6 1551 1541 1557 1556 2813 2803 2819 2818
5443 5 2 7 6 1545 1553 1558 1546 2807 2815 2820 2808
5444 5 2 7 6 1553 180 1557 1558 2815 324 2819 2820
5445 5 2 7 6 1542 147 7 8 2804 261 22 24
5446 5 2 7 6 1548 1542 8 1554 2810 2804 24 2816
5447 5 2 7 6 1540 12 11 177 2802 28 27 291
5448 5 2 7 6 1542 1548 150 149 2804 2810 264 263
5449 5 2 7 6 1545 1546 155 154 2807 2808 269 268
5450 5 2 7 6 1551 161 160 1541 2813 275 274 2803
5451 5 2 7 6 1549 166 165 1539 2811 280 279 2801
5452 5 2 7 6 1544 171 170 1543 2806 285 284 2805
5453 5 2 7 6 1540 175 174 1550 2802 289 288 2812
5454 5 2 7 6 12 1540 1550 183 28 2802 2812 327
5455 5 2 7 6 183 1550 1544 1552 327 2812 2806 2814
5456 5 2 7 7 115 1565 102 13 329 2827 328 30
5457 5 2 7 7 115 1566 1567 1565 329 2828 2829 2827
5458 5 2 7 7 14 102 1565 1567 29 328 2827 2829
5459 5 2 7 7 115 9 10 1566 329 26 25 2828
5460 5 2 7 7 1566 10 14 1567 2828 25 29 2829
5461 5 2 7 8 1592 1581 107 106 2854 2843 330 331
5462 5 2 7 8 1591 1582 104 103 2853 2844 333 334
5463 5 2 7 8 1587 105 104 1586 2849 332 333 2848
5464 5 2 7 8 81 1576 1584 1575 312 2838 2846 2837
5465 5 2 7 8 1594 1589 1568 1578 2856 2851 2830 2840
5466 5 2 7 8 1593 1568 1589 1590 2855 2830 2851 2852
5467 5 2 7 8 1572 1592 1589 1594 2834 2854 2851 2856
5468 5 2 7 8 1577 1595 1591 1588 2839 2857 2853 2850
5469 5 2 7 8 1595 1574 1582 1591 2857 2836 2844 2853
5470 5 2 7 8 1573 1581 1592 1572 2835 2843 2854 2834
5471 5 2 7 8 1580 1593 1590 1587 2842 2855 2852 2849
5472 5 2 7 8 1593 1580 85 86 2855 2842 308 307
5473 5 2 7 8 1593 88 89 1568 2855 305 304 2830
5474 5 2 7 8 1576 83 84 1570 2838 310 309 2832
5475 5 2 7 8 1579 1573 95 96 2841 2835 298 297
5476 5 2 7 8 1594 1578 90 91 2856 2840 303 302
5477 5 2 7 8 1595 77 78 1574 2857 316 315 2836
5478 5 2 7 8 1594 93 94 1572 2856 300 299 2834
5479 5 2 7 8 1595 1577 74 75 2857 2839 319 318
5480 5 2 7 8 1590 1589 1592 106 2852 2851 2854 331
5481 5 2 7 8 14 1588 1591 103 29 2850 2853 334
5482 5 2 7 8 1573 1579 1585 1583 2835 2841 2847 2845
5483 5 2 7 8 1570 1586 1584 1576 2832 2848 2846 2838
5484 5 2 7 8 1580 1587 1586 1570 2842 2849 2848 2832
5485 5 2 7 8 107 1581 1573 1583 330 2843 2835 2845
5486 5 2 7 8 1574 1575 1584 1582 2836 2837 2846 2844
5487 5 2 7 8 1582 1584 1586 104 2844 2846 2848 333
5488 5 2 7 8 15 107 1583 1585 31 330 2845 2847
5489 5 2 7 8 106 105 1587 1590 331 332 2849 2852
5490 5 2 7 8 1571 14 10 71 2833 29 25 322
5491 5 2 7 8 1569 101 11 15 2831 292 27 31
5492 5 2 7 8 1577 1588 14 1571 2839 2850 29 2833
5493 5 2 7 8 1579 1569 15 1585 2841 2831 31 2847
5494 5 2 7 8 1571 73 74 1577 2833 320 319 2839
5495 5 2 7 8 1574 78 79 1575 2836 315 314 2837
5496 5 2 7 8 1580 1570 84 85 2842 2832 309 308
5497 5 2 7 8 1578 1568 89 90 2840 2830 304 303
5498 5 2 7 8 1573 1572 94 95 2835 2834 299 298
5499 5 2 7 8 1569 1579 98 99 2831 2841 295 294
5500 5 2 7 9 108 1596 184 16 336 2858 335 32
5501 5 2 7 9 108 1597 1598 1596 336 2859 2860 2858
5502 5 2 7 9 12 184 1596 1598 28 335 2858 2860
5503 5 2 7 9 1597 11 12 1598 2859 27 28 2860
5504 5 2 7 9 108 15 11 1597 336 31 27 2859
5505 6 2 7 2 56 55 363 206 207 1625
5506 6 2 7 2 363 57 56 1625 205 206
5507 6 2 7 2 45 44 365 217 218 1627
5508 6 2 7 2 365 46 45 1627 216 217
5509 6 2 7 2 61 60 364 201 202 1626
5510 6 2 7 2 364 62 61 1626 200 201
5511 6 2 7 2 41 40 343 221 222 1605
5512 6 2 7 2 343 42 41 1605 220 221
5513 6 2 7 2 347 50 49 1609 212 213
5514 6 2 7 2 49 48 347 213 214 1609
5515 6 2 7 2 348 52 51 1610 210 211
5516 6 2 7 2 51 50 348 211 212 1610
5517 6 2 7 2 66 65 351 196 197 1613
5518 6 2 7 2 351 67 66 1613 195 196
5519 6 2 7 2 341 70 69 1603 192 193
5520 6 2 7 2 69 68 341 193 194 1603
5521 6 2 7 4 394 131 132 1656 240 241
5522 6 2 7 4 132 133 394 241 242 1656
5523 6 2 7 4 396 120 121 1658 229 230
5524 6 2 7 4 121 122 396 230 231 1658
5525 6 2 7 4 395 136 137 1657 245 246
5526 6 2 7 4 137 138 395 246 247 1657
5527 6 2 7 4 372 116 117 1634 225 226
5528 6 2 7 4 117 118 372 226 227 1634
5529 6 2 7 4 125 126 376 234 235 1638
5530 6 2 7 4 376 124 125 1638 233 234
5531 6 2 7 4 127 128 377 236 237 1639
5532 6 2 7 4 377 126 127 1639 235 236
5533 6 2 7 4 380 141 142 1642 250 251
5534 6 2 7 4 142 143 380 251 252 1642
5535 6 2 7 4 145 146 370 254 255 1632
5536 6 2 7 4 370 144 145 1632 253 254
5537 6 2 7 5 997 406 1057 2259 1668 2319
5538 6 2 7 5 1090 856 1223 2352 2118 2485
5539 6 2 7 5 1163 441 1427 2425 1703 2689
5540 6 2 7 5 408 994 1460 1670 2256 2722
5541 6 2 7 5 1045 442 1450 2307 1704 2712
5542 6 2 7 5 443 1052 1451 1705 2314 2713
5543 6 2 7 5 1052 443 1486 2314 1705 2748
5544 6 2 7 5 840 1069 1229 2102 2331 2491
5545 6 2 7 5 1482 1272 1512 2744 2534 2774
5546 6 2 7 5 1154 849 1229 2416 2111 2491
5547 6 2 7 5 994 408 1456 2256 1670 2718
5548 6 2 7 5 406 997 1457 1668 2259 2719
5549 6 2 7 5 1427 441 1500 2689 1703 2762
5550 6 2 7 5 442 1045 1499 1704 2307 2761
5551 6 2 7 5 418 999 1458 1680 2261 2720
5552 6 2 7 5 988 1463 1465 2250 2725 2727
5553 6 2 7 5 988 1003 1463 2250 2265 2725
5554 6 2 7 5 410 1302 1467 1672 2564 2729
5555 6 2 7 5 410 1467 1470 1672 2729 2732
5556 6 2 7 5 1302 432 1464 2564 1694 2726
5557 6 2 7 5 1302 1464 1467 2564 2726 2729
5558 6 2 7 5 419 1104 1471 1681 2366 2733
5559 6 2 7 5 419 1471 1472 1681 2733 2734
5560 6 2 7 5 855 856 1121 2117 2118 2383
5561 6 2 7 5 1001 414 1114 2263 1676 2376
5562 6 2 7 5 1035 1482 1512 2297 2744 2774
5563 6 2 7 5 1035 1033 1070 2297 2295 2332
5564 6 2 7 5 1097 411 1489 2359 1673 2751
5565 6 2 7 5 425 1317 1490 1687 2579 2752
5566 6 2 7 5 1347 428 1491 2609 1690 2753
5567 6 2 7 5 1029 445 1031 2291 1707 2293
5568 6 2 7 5 999 418 1496 2261 1680 2758
5569 6 2 7 5 1272 1482 1501 2534 2744 2763
5570 6 2 7 5 949 855 1121 2211 2117 2383
5571 6 2 7 5 856 1090 1487 2118 2352 2749
5572 6 2 7 5 425 1010 1317 1687 2272 2579
5573 6 2 7 5 973 1090 1223 2235 2352 2485
5574 6 2 7 5 849 1154 1483 2111 2416 2745
5575 6 2 7 5 1069 840 1481 2331 2102 2743
5576 6 2 7 5 990 419 1472 2252 1681 2734
5577 6 2 7 5 419 990 1473 1681 2252 2735
5578 6 2 7 5 1088 403 1461 2350 1665 2723
5579 6 2 7 5 403 1088 1462 1665 2350 2724
5580 6 2 7 5 410 1108 1468 1672 2370 2730
5581 6 2 7 5 1108 410 1470 2370 1672 2732
5582 6 2 7 5 434 988 1465 1696 2250 2727
5583 6 2 7 5 988 434 1466 2250 1696 2728
5584 6 2 7 5 936 1103 1478 2198 2365 2740
5585 6 2 7 5 1316 1079 1475 2578 2341 2737
5586 6 2 7 5 932 1060 1469 2194 2322 2731
5587 6 2 7 5 403 1003 1461 1665 2265 2723
5588 6 2 7 5 1003 403 1463 2265 1665 2725
5589 6 2 7 5 1088 432 1462 2350 1694 2724
5590 6 2 7 5 432 1088 1464 1694 2350 2726
5591 6 2 7 5 989 397 1474 2251 1659 2736
5592 6 2 7 5 1108 1104 1468 2370 2366 2730
5593 6 2 7 5 1104 1108 1471 2366 2370 2733
5594 6 2 7 5 990 443 1473 2252 1705 2735
5595 6 2 7 5 1079 777 1475 2341 2039 2737
5596 6 2 7 5 777 1079 1476 2039 2341 2738
5597 6 2 7 5 991 405 1477 2253 1667 2739
5598 6 2 7 5 927 1103 1480 2189 2365 2742
5599 6 2 7 5 1103 927 1478 2365 2189 2740
5600 6 2 7 5 1060 932 1515 2322 2194 2777
5601 6 2 7 5 1103 936 1522 2365 2198 2784
5602 6 2 7 5 1079 1316 1524 2341 2578 2786
5603 6 2 7 5 397 989 1525 1659 2251 2787
5604 6 2 7 5 405 991 1526 1667 2253 2788
5605 6 2 7 5 1070 1033 1503 2332 2295 2765
5606 6 2 7 5 443 990 1486 1705 2252 2748
5607 6 2 7 5 1040 1001 1114 2302 2263 2376
5608 6 2 7 5 972 1144 1145 2234 2406 2407
5609 6 2 7 5 994 995 1460 2256 2257 2722
5610 6 2 7 5 1229 1069 1488 2491 2331 2750
5611 6 2 7 5 411 1097 1494 1673 2359 2756
5612 6 2 7 5 1031 445 1498 2293 1707 2760
5613 6 2 7 5 428 1347 1493 1690 2609 2755
5614 6 2 7 5 1154 1229 1488 2416 2491 2750
5615 6 2 7 5 997 1057 1459 2259 2319 2721
5616 6 2 7 5 1317 996 1490 2579 2258 2752
5617 6 2 7 5 998 1347 1491 2260 2609 2753
5618 6 2 7 5 1000 1097 1489 2262 2359 2751
5619 6 2 7 5 1031 424 1032 2293 1686 2294
5620 6 2 7 5 414 1001 1492 1676 2263 2754
5621 6 2 7 5 76 1458 1489 317 2720 2751
5622 6 2 7 5 59 1457 1491 203 2719 2753
5623 6 2 7 5 1456 90 1490 2718 303 2752
5624 6 2 7 5 767 1507 1512 2029 2769 2774
5625 6 2 7 5 1232 1061 1502 2494 2323 2764
5626 6 2 7 5 1032 424 1033 2294 1686 2295
5627 6 2 7 5 816 1258 1445 2078 2520 2707
5628 6 2 7 5 1121 856 1487 2383 2118 2749
5629 6 2 7 5 1507 1034 1512 2769 2296 2774
5630 6 2 7 5 1144 972 1506 2406 2234 2768
5631 6 2 7 5 999 1000 1458 2261 2262 2720
5632 6 2 7 5 996 994 1456 2258 2256 2718
5633 6 2 7 5 997 998 1457 2259 2260 2719
5634 6 2 7 5 446 1045 1450 1708 2307 2712
5635 6 2 7 5 1052 447 1451 2314 1709 2713
5636 6 2 7 5 1444 1257 1499 2706 2519 2761
5637 6 2 7 5 1162 1314 1500 2424 2576 2762
5638 6 2 7 5 992 1517 1518 2254 2779 2780
5639 6 2 7 5 1517 413 1518 2779 1675 2780
5640 6 2 7 5 445 1029 1449 1707 2291 2711
5641 6 2 7 5 1163 1427 1452 2425 2689 2714
5642 6 2 7 5 1257 1444 1496 2519 2706 2758
5643 6 2 7 5 1445 1258 1535 2707 2520 2797
5644 6 2 7 5 1458 1000 1489 2720 2262 2751
5645 6 2 7 5 1457 998 1491 2719 2260 2753
5646 6 2 7 5 996 1456 1490 2258 2718 2752
5647 6 2 7 5 1061 399 1502 2323 1661 2764
5648 6 2 7 5 1301 1096 1527 2563 2358 2789
5649 6 2 7 5 1099 1282 1528 2361 2544 2790
5650 6 2 7 5 1035 1070 1482 2297 2332 2744
5651 6 2 7 5 1085 993 1537 2347 2255 2799
5652 6 2 7 5 1096 1301 1494 2358 2563 2756
5653 6 2 7 5 1282 1099 1495 2544 2361 2757
5654 6 2 7 5 993 1085 1492 2255 2347 2754
5655 6 2 7 5 763 1143 1144 2025 2405 2406
5656 6 2 7 5 1061 1232 1497 2323 2494 2759
5657 6 2 7 5 1032 1033 1034 2294 2295 2296
5658 6 2 7 5 1314 1162 1504 2576 2424 2766
5659 6 2 7 5 441 1162 1500 1703 2424 2762
5660 6 2 7 5 1257 442 1499 2519 1704 2761
5661 6 2 7 5 1154 1153 1483 2416 2415 2745
5662 6 2 7 5 1074 1432 1446 2336 2694 2708
5663 6 2 7 5 1068 1069 1481 2330 2331 2743
5664 6 2 7 5 1317 1010 1484 2579 2272 2746
5665 6 2 7 5 1034 1033 1035 2296 2295 2297
5666 6 2 7 5 1335 1075 1513 2597 2337 2775
5667 6 2 7 5 424 1031 1498 1686 2293 2760
5668 6 2 7 5 1432 1074 1529 2694 2336 2791
5669 6 2 7 5 1044 423 1442 2306 1685 2704
5670 6 2 7 5 894 1076 1360 2156 2338 2622
5671 6 2 7 5 1076 1044 1360 2338 2306 2622
5672 6 2 7 5 1115 1080 1430 2377 2342 2692
5673 6 2 7 5 1178 1180 1422 2440 2442 2684
5674 6 2 7 5 1177 1181 1421 2439 2443 2683
5675 6 2 7 5 1184 1198 1418 2446 2460 2680
5676 6 2 7 5 1000 899 1097 2262 2161 2359
5677 6 2 7 5 922 1080 1117 2184 2342 2379
5678 6 2 7 5 1195 1196 1417 2457 2458 2679
5679 6 2 7 5 1055 1054 1437 2317 2316 2699
5680 6 2 7 5 760 922 1117 2022 2184 2379
5681 6 2 7 5 527 529 1407 1789 1791 2669
5682 6 2 7 5 1360 1044 1442 2622 2306 2704
5683 6 2 7 5 757 829 1428 2019 2091 2690
5684 6 2 7 5 1012 1067 1068 2274 2329 2330
5685 6 2 7 5 1109 1110 1395 2371 2372 2657
5686 6 2 7 5 1197 1211 1415 2459 2473 2677
5687 6 2 7 5 943 1118 1384 2205 2380 2646
5688 6 2 7 5 521 523 1140 1783 1785 2402
5689 6 2 7 5 560 561 1405 1822 1823 2667
5690 6 2 7 5 577 1150 1375 1839 2412 2637
5691 6 2 7 5 806 921 1416 2068 2183 2678
5692 6 2 7 5 797 800 1274 2059 2062 2536
5693 6 2 7 5 554 555 1123 1816 1817 2385
5694 6 2 7 5 1013 554 1123 2275 1816 2385
5695 6 2 7 5 427 133 448 1689 242 1710
5696 6 2 7 5 57 428 1008 205 1690 2270
5697 6 2 7 5 1015 875 1131 2277 2137 2393
5698 6 2 7 5 539 546 1125 1801 1808 2387
5699 6 2 7 5 1180 466 1422 2442 1728 2684
5700 6 2 7 5 425 88 1009 1687 305 2271
5701 6 2 7 5 1080 922 1430 2342 2184 2692
5702 6 2 7 5 1110 1050 1395 2372 2312 2657
5703 6 2 7 5 1015 858 1328 2277 2120 2590
5704 6 2 7 5 1181 470 1421 2443 1732 2683
5705 6 2 7 5 875 1015 1328 2137 2277 2590
5706 6 2 7 5 427 448 1005 1689 1710 2267
5707 6 2 7 5 1018 1253 1345 2280 2515 2607
5708 6 2 7 5 1198 474 1418 2460 1736 2680
5709 6 2 7 5 1235 564 1236 2497 1826 2498
5710 6 2 7 5 1122 696 1386 2384 1958 2648
5711 6 2 7 5 425 1009 1010 1687 2271 2272
5712 6 2 7 5 564 565 1236 1826 1827 2498
5713 6 2 7 5 1006 745 1007 2268 2007 2269
5714 6 2 7 5 697 1046 1053 1959 2308 2315
5715 6 2 7 5 696 697 1053 1958 1959 2315
5716 6 2 7 5 1019 577 1375 2281 1839 2637
5717 6 2 7 5 1234 1237 1290 2496 2499 2552
5718 6 2 7 5 1011 400 1012 2273 1662 2274
5719 6 2 7 5 1009 400 1011 2271 1662 2273
5720 6 2 7 5 862 1126 1292 2124 2388 2554
5721 6 2 7 5 900 1094 1095 2162 2356 2357
5722 6 2 7 5 631 1018 1345 1893 2280 2607
5723 6 2 7 5 589 1147 1148 1851 2409 2410
5724 6 2 7 5 69 447 1051 193 1709 2313
5725 6 2 7 5 1196 478 1417 2458 1740 2679
5726 6 2 7 5 900 943 1094 2162 2205 2356
5727 6 2 7 5 1012 400 1067 2274 1662 2329
5728 6 2 7 5 899 900 1097 2161 2162 2359
5729 6 2 7 5 683 1265 1404 1945 2527 2666
5730 6 2 7 5 448 449 1005 1710 1711 2267
5731 6 2 7 5 1020 942 1342 2282 2204 2604
5732 6 2 7 5 468 465 1346 1730 1727 2608
5733 6 2 7 5 637 1014 1126 1899 2276 2388
5734 6 2 7 5 829 1036 1428 2091 2298 2690
5735 6 2 7 5 589 1148 1169 1851 2410 2431
5736 6 2 7 5 1005 449 1326 2267 1711 2588
5737 6 2 7 5 513 515 1169 1775 1777 2431
5738 6 2 7 5 468 1020 1342 1730 2282 2604
5739 6 2 7 5 1247 1187 1333 2509 2449 2595
5740 6 2 7 5 1020 468 1346 2282 1730 2608
5741 6 2 7 5 1039 1051 1052 2301 2313 2314
5742 6 2 7 5 1211 482 1415 2473 1744 2677
5743 6 2 7 5 869 870 1147 2131 2132 2409
5744 6 2 7 5 1186 1023 1275 2448 2285 2537
5745 6 2 7 5 476 1186 1275 1738 2448 2537
5746 6 2 7 5 1051 447 1052 2313 1709 2314
5747 6 2 7 5 472 1247 1333 1734 2509 2595
5748 6 2 7 5 745 1006 1137 2007 2268 2399
5749 6 2 7 5 1431 135 1436 2693 244 2698
5750 6 2 7 5 1023 720 1275 2285 1982 2537
5751 6 2 7 5 1022 720 1023 2284 1982 2285
5752 6 2 7 5 1094 943 1384 2356 2205 2646
5753 6 2 7 5 436 1017 1101 1698 2279 2363
5754 6 2 7 5 696 1053 1386 1958 2315 2648
5755 6 2 7 5 917 1092 1161 2179 2354 2423
5756 6 2 7 5 1017 436 1146 2279 1698 2408
5757 6 2 7 5 517 519 1137 1779 1781 2399
5758 6 2 7 5 1126 1014 1292 2388 2276 2554
5759 6 2 7 5 945 1146 1261 2207 2408 2523
5760 6 2 7 5 745 521 1140 2007 1783 2402
5761 6 2 7 5 485 483 1277 1747 1745 2539
5762 6 2 7 5 1081 957 1374 2343 2219 2636
5763 6 2 7 5 523 527 1140 1785 1789 2402
5764 6 2 7 5 1119 912 1399 2381 2174 2661
5765 6 2 7 5 1146 436 1261 2408 1698 2523
5766 6 2 7 5 55 56 399 207 206 1661
5767 6 2 7 5 132 131 398 241 240 1660
5768 6 2 7 5 87 86 400 306 307 1662
5769 6 2 7 5 162 163 397 276 277 1659
5770 6 2 7 5 554 1013 1125 1816 2275 2387
5771 6 2 7 5 555 560 1123 1817 1822 2385
5772 6 2 7 5 865 945 1132 2127 2207 2394
5773 6 2 7 5 875 865 1132 2137 2127 2394
5774 6 2 7 5 1045 1044 1076 2307 2306 2338
5775 6 2 7 5 1056 437 1058 2318 1699 2320
5776 6 2 7 5 1140 527 1407 2402 1789 2669
5777 6 2 7 5 1092 420 1161 2354 1682 2423
5778 6 2 7 5 549 1062 1288 1811 2324 2550
5779 6 2 7 5 446 145 1043 1708 254 2305
5780 6 2 7 5 1132 945 1175 2394 2207 2437
5781 6 2 7 5 944 1123 1124 2206 2385 2386
5782 6 2 7 5 1131 875 1132 2393 2137 2394
5783 6 2 7 5 1014 637 1125 2276 1899 2387
5784 6 2 7 5 1175 945 1261 2437 2207 2523
5785 6 2 7 5 1062 549 1063 2324 1811 2325
5786 6 2 7 5 1043 1044 1045 2305 2306 2307
5787 6 2 7 5 1062 1064 1288 2324 2326 2550
5788 6 2 7 5 546 554 1125 1808 1816 2387
5789 6 2 7 5 1064 655 1288 2326 1917 2550
5790 6 2 7 5 68 69 1051 194 193 2313
5791 6 2 7 5 796 797 1274 2058 2059 2536
5792 6 2 7 5 944 1124 1274 2206 2386 2536
5793 6 2 7 5 800 944 1274 2062 2206 2536
5794 6 2 7 5 141 415 1042 250 1677 2304
5795 6 2 7 5 565 568 1236 1827 1830 2498
5796 6 2 7 5 637 539 1125 1899 1801 2387
5797 6 2 7 5 1147 870 1148 2409 2132 2410
5798 6 2 7 5 1063 549 1065 2325 1811 2327
5799 6 2 7 5 1283 868 1329 2545 2130 2591
5800 6 2 7 5 446 1043 1045 1708 2305 2307
5801 6 2 7 5 1124 560 1405 2386 1822 2667
5802 6 2 7 5 584 873 1381 1846 2135 2643
5803 6 2 7 5 1150 1126 1375 2412 2388 2637
5804 6 2 7 5 62 437 1056 200 1699 2318
5805 6 2 7 5 438 138 1054 1700 247 2316
5806 6 2 7 5 56 57 1008 206 205 2270
5807 6 2 7 5 88 87 1009 305 306 2271
5808 6 2 7 5 133 132 448 242 241 1710
5809 6 2 7 5 1351 947 1356 2613 2209 2618
5810 6 2 7 5 784 1193 1278 2046 2455 2540
5811 6 2 7 5 1234 1236 1237 2496 2498 2499
5812 6 2 7 5 1351 884 1398 2613 2146 2660
5813 6 2 7 5 55 399 1061 207 1661 2323
5814 6 2 7 5 400 86 1067 1662 307 2329
5815 6 2 7 5 162 397 1059 276 1659 2321
5816 6 2 7 5 921 1111 1416 2183 2373 2678
5817 6 2 7 5 858 883 1328 2120 2145 2590
5818 6 2 7 5 130 436 1101 239 1698 2363
5819 6 2 7 5 629 1118 1214 1891 2380 2476
5820 6 2 7 5 1118 943 1214 2380 2205 2476
5821 6 2 7 5 1193 1190 1278 2455 2452 2540
5822 6 2 7 5 1016 883 1345 2278 2145 2607
5823 6 2 7 5 576 1190 1191 1838 2452 2453
5824 6 2 7 5 883 1016 1328 2145 2278 2590
5825 6 2 7 5 1253 1016 1345 2515 2278 2607
5826 6 2 7 5 439 93 1071 1701 300 2333
5827 6 2 7 5 1264 1283 1329 2526 2545 2591
5828 6 2 7 5 86 85 1067 307 308 2329
5829 6 2 7 5 161 162 1059 275 276 2321
5830 6 2 7 5 85 433 1067 308 1695 2329
5831 6 2 7 5 1434 923 1435 2696 2185 2697
5832 6 2 7 5 434 161 1059 1696 275 2321
5833 6 2 7 5 430 1081 1374 1692 2343 2636
5834 6 2 7 5 54 55 1061 208 207 2323
5835 6 2 7 5 435 54 1061 1697 208 2323
5836 6 2 7 5 755 513 1169 2017 1775 2431
5837 6 2 7 5 947 1018 1356 2209 2280 2618
5838 6 2 7 5 438 1054 1055 1700 2316 2317
5839 6 2 7 5 1006 869 1147 2268 2131 2409
5840 6 2 7 5 398 131 1101 1660 240 2363
5841 6 2 7 5 942 1247 1342 2204 2509 2604
5842 6 2 7 5 515 589 1169 1777 1851 2431
5843 6 2 7 5 1362 1192 1372 2624 2454 2634
5844 6 2 7 5 67 68 422 195 194 1684
5845 6 2 7 5 144 143 423 253 252 1685
5846 6 2 7 5 576 1189 1190 1838 2451 2452
5847 6 2 7 5 626 579 1378 1888 1841 2640
5848 6 2 7 5 131 130 1101 240 239 2363
5849 6 2 7 5 1018 631 1356 2280 1893 2618
5850 6 2 7 5 697 1109 1395 1959 2371 2657
5851 6 2 7 5 448 398 449 1710 1660 1711
5852 6 2 7 5 1086 629 1214 2348 1891 2476
5853 6 2 7 5 60 61 406 202 201 1668
5854 6 2 7 5 137 136 407 246 245 1669
5855 6 2 7 5 491 488 1165 1753 1750 2427
5856 6 2 7 5 465 464 1346 1727 1726 2608
5857 6 2 7 5 589 517 1137 1851 1779 2399
5858 6 2 7 5 720 1022 1277 1982 2284 2539
5859 6 2 7 5 67 422 1037 195 1684 2299
5860 6 2 7 5 519 745 1137 1781 2007 2399
5861 6 2 7 5 92 91 408 301 302 1670
5862 6 2 7 5 167 168 405 281 282 1667
5863 6 2 7 5 1187 1186 1333 2449 2448 2595
5864 6 2 7 5 439 1071 1072 1701 2333 2334
5865 6 2 7 5 512 510 1065 1774 1772 2327
5866 6 2 7 5 145 144 1043 254 253 2305
5867 6 2 7 5 1265 960 1404 2527 2222 2666
5868 6 2 7 5 877 1296 1336 2139 2558 2598
5869 6 2 7 5 491 1165 1276 1753 2427 2538
5870 6 2 7 5 1192 1193 1372 2454 2455 2634
5871 6 2 7 5 655 1064 1296 1917 2326 2558
5872 6 2 7 5 1098 1099 1259 2360 2361 2521
5873 6 2 7 5 1181 1178 1422 2443 2440 2684
5874 6 2 7 5 99 98 424 294 295 1686
5875 6 2 7 5 174 175 421 288 289 1683
5876 6 2 7 5 483 720 1277 1745 1982 2539
5877 6 2 7 5 1290 1237 1362 2552 2499 2624
5878 6 2 7 5 1165 488 1277 2427 1750 2539
5879 6 2 7 5 488 485 1277 1750 1747 2539
5880 6 2 7 5 820 819 1358 2082 2081 2620
5881 6 2 7 5 1172 1189 1319 2434 2451 2581
5882 6 2 7 5 61 62 1056 201 200 2318
5883 6 2 7 5 1007 745 1140 2269 2007 2402
5884 6 2 7 5 138 137 1054 247 246 2316
5885 6 2 7 5 1186 476 1333 2448 1738 2595
5886 6 2 7 5 1247 472 1342 2509 1734 2604
5887 6 2 7 5 167 405 1024 281 1667 2286
5888 6 2 7 5 873 1100 1381 2135 2362 2643
5889 6 2 7 5 1024 1026 1077 2286 2288 2339
5890 6 2 7 5 175 176 1027 289 290 2289
5891 6 2 7 5 1198 1177 1421 2460 2439 2683
5892 6 2 7 5 491 1276 1283 1753 2538 2545
5893 6 2 7 5 93 92 1071 300 301 2333
5894 6 2 7 5 549 512 1065 1811 1774 2327
5895 6 2 7 5 529 577 1407 1791 1839 2669
5896 6 2 7 5 1010 1009 1011 2272 2271 2273
5897 6 2 7 5 1037 422 1038 2299 1684 2300
5898 6 2 7 5 1189 576 1319 2451 1838 2581
5899 6 2 7 5 820 1098 1259 2082 2360 2521
5900 6 2 7 5 1196 1184 1418 2458 2446 2680
5901 6 2 7 5 1192 1362 1400 2454 2624 2662
5902 6 2 7 5 1024 405 1025 2286 1667 2287
5903 6 2 7 5 1083 626 1378 2345 1888 2640
5904 6 2 7 5 756 1158 1287 2018 2420 2549
5905 6 2 7 5 426 1077 1078 1688 2339 2340
5906 6 2 7 5 1263 954 1279 2525 2216 2541
5907 6 2 7 5 399 56 1008 1661 206 2270
5908 6 2 7 5 132 398 448 241 1660 1710
5909 6 2 7 5 87 400 1009 306 1662 2271
5910 6 2 7 5 414 65 1114 1676 197 2376
5911 6 2 7 5 963 1425 1426 2225 2687 2688
5912 6 2 7 5 773 1106 1107 2035 2368 2369
5913 6 2 7 5 773 1105 1106 2035 2367 2368
5914 6 2 7 5 829 1115 1430 2091 2377 2692
5915 6 2 7 5 1276 868 1283 2538 2130 2545
5916 6 2 7 5 756 1157 1158 2018 2419 2420
5917 6 2 7 5 1077 1026 1078 2339 2288 2340
5918 6 2 7 5 572 573 1191 1834 1835 2453
5919 6 2 7 5 917 1224 1394 2179 2486 2656
5920 6 2 7 5 1171 542 1244 2433 1804 2506
5921 6 2 7 5 629 1086 1315 1891 2348 2577
5922 6 2 7 5 1043 423 1044 2305 1685 2306
5923 6 2 7 5 166 1024 1077 280 2286 2339
5924 6 2 7 5 1362 1237 1400 2624 2499 2662
5925 6 2 7 5 1098 820 1358 2360 2082 2620
5926 6 2 7 5 573 576 1191 1835 1838 2453
5927 6 2 7 5 1244 542 1294 2506 1804 2556
5928 6 2 7 5 423 143 1041 1685 252 2303
5929 6 2 7 5 64 65 414 198 197 1676
5930 6 2 7 5 141 140 415 250 249 1677
5931 6 2 7 5 142 141 1042 251 250 2304
5932 6 2 7 5 57 58 428 205 204 1690
5933 6 2 7 5 134 133 427 243 242 1689
5934 6 2 7 5 437 63 1085 1699 199 2347
5935 6 2 7 5 1211 1195 1417 2473 2457 2679
5936 6 2 7 5 139 438 1082 248 1700 2344
5937 6 2 7 5 1112 1113 1297 2374 2375 2559
5938 6 2 7 5 1126 862 1375 2388 2124 2637
5939 6 2 7 5 144 423 1043 253 1685 2305
5940 6 2 7 5 1168 1263 1279 2430 2525 2541
5941 6 2 7 5 821 1112 1297 2083 2374 2559
5942 6 2 7 5 89 88 425 304 305 1687
5943 6 2 7 5 164 165 426 278 279 1688
5944 6 2 7 5 1041 142 1042 2303 251 2304
5945 6 2 7 5 900 1095 1097 2162 2357 2359
5946 6 2 7 5 1067 433 1068 2329 1695 2330
5947 6 2 7 5 561 564 1405 1823 1826 2667
5948 6 2 7 5 773 689 1105 2035 1951 2367
5949 6 2 7 5 416 95 1174 1678 298 2436
5950 6 2 7 5 1242 1385 1390 2504 2647 2652
5951 6 2 7 5 151 152 1104 265 266 2366
5952 6 2 7 5 406 1056 1057 1668 2318 2319
5953 6 2 7 5 96 416 1070 297 1678 2332
5954 6 2 7 5 97 96 1070 296 297 2332
5955 6 2 7 5 1191 1190 1193 2453 2452 2455
5956 6 2 7 5 96 95 416 297 298 1678
5957 6 2 7 5 171 172 413 285 286 1675
5958 6 2 7 5 609 612 1339 1871 1874 2601
5959 6 2 7 5 44 45 1089 218 217 2351
5960 6 2 7 5 1113 612 1267 2375 1874 2529
5961 6 2 7 5 415 140 1082 1677 249 2344
5962 6 2 7 5 64 414 1085 198 1676 2347
5963 6 2 7 5 450 398 1101 1712 1660 2363
5964 6 2 7 5 406 61 1056 1668 201 2318
5965 6 2 7 5 137 407 1054 246 1669 2316
5966 6 2 7 5 1017 450 1101 2279 1712 2363
5967 6 2 7 5 1087 1004 1200 2349 2266 2462
5968 6 2 7 5 1263 1264 1329 2525 2526 2591
5969 6 2 7 5 1157 756 1312 2419 2018 2574
5970 6 2 7 5 1113 1267 1297 2375 2529 2559
5971 6 2 7 5 1105 689 1116 2367 1951 2378
5972 6 2 7 5 1171 1134 1311 2433 2396 2573
5973 6 2 7 5 1118 626 1384 2380 1888 2646
5974 6 2 7 5 1341 1119 1399 2603 2381 2661
5975 6 2 7 5 1048 1087 1200 2310 2349 2462
5976 6 2 7 5 697 690 1109 1959 1952 2371
5977 6 2 7 5 1244 1294 1296 2506 2556 2558
5978 6 2 7 5 1296 1064 1336 2558 2326 2598
5979 6 2 7 5 1092 917 1394 2354 2179 2656
5980 6 2 7 5 92 408 1071 301 1670 2333
5981 6 2 7 5 440 170 1102 1702 284 2364
5982 6 2 7 5 612 1113 1339 1874 2375 2601
5983 6 2 7 5 143 142 1041 252 251 2303
5984 6 2 7 5 1159 1157 1312 2421 2419 2574
5985 6 2 7 5 171 413 1102 285 1675 2364
5986 6 2 7 5 572 1191 1192 1834 2453 2454
5987 6 2 7 5 1024 1025 1026 2286 2287 2288
5988 6 2 7 5 957 1015 1374 2219 2277 2636
5989 6 2 7 5 637 1126 1150 1899 2388 2412
5990 6 2 7 5 1063 1065 1066 2325 2327 2328
5991 6 2 7 5 542 1171 1311 1804 2433 2573
5992 6 2 7 5 121 120 1091 230 229 2353
5993 6 2 7 5 1086 889 1315 2348 2151 2577
5994 6 2 7 5 873 1122 1386 2135 2384 2648
5995 6 2 7 5 535 1364 1365 1797 2626 2627
5996 6 2 7 5 1038 422 1039 2300 1684 2301
5997 6 2 7 5 421 175 1027 1683 289 2289
5998 6 2 7 5 1066 1353 1366 2328 2615 2628
5999 6 2 7 5 449 398 450 1711 1660 1712
6000 6 2 7 5 1145 1142 1227 2407 2404 2489
6001 6 2 7 5 421 1027 1028 1683 2289 2290
6002 6 2 7 5 1294 655 1296 2556 1917 2558
6003 6 2 7 5 63 64 1085 199 198 2347
6004 6 2 7 5 140 139 1082 249 248 2344
6005 6 2 7 5 1172 1188 1189 2434 2450 2451
6006 6 2 7 5 426 165 1077 1688 279 2339
6007 6 2 7 5 1066 1065 1353 2328 2327 2615
6008 6 2 7 5 829 735 1115 2091 1997 2377
6009 6 2 7 5 559 558 1206 1821 1820 2468
6010 6 2 7 5 639 1168 1279 1901 2430 2541
6011 6 2 7 5 1285 1284 1349 2547 2546 2611
6012 6 2 7 5 921 1197 1415 2183 2459 2677
6013 6 2 7 5 877 1244 1296 2139 2506 2558
6014 6 2 7 5 42 43 1162 220 219 2424
6015 6 2 7 5 1327 755 1388 2589 2017 2650
6016 6 2 7 5 435 1145 1227 1697 2407 2489
6017 6 2 7 5 947 1351 1398 2209 2613 2660
6018 6 2 7 5 170 171 1102 284 285 2364
6019 6 2 7 5 440 1102 1103 1702 2364 2365
6020 6 2 7 5 1078 1026 1079 2340 2288 2341
6021 6 2 7 5 43 417 1162 219 1679 2424
6022 6 2 7 5 636 696 1122 1898 1958 2384
6023 6 2 7 5 568 569 1400 1830 1831 2662
6024 6 2 7 5 635 685 1116 1897 1947 2378
6025 6 2 7 5 1139 1048 1200 2401 2310 2462
6026 6 2 7 5 1059 397 1060 2321 1659 2322
6027 6 2 7 5 1107 1106 1108 2369 2368 2370
6028 6 2 7 5 126 125 1130 235 234 2392
6029 6 2 7 5 735 717 1115 1997 1979 2377
6030 6 2 7 5 49 50 1127 213 212 2389
6031 6 2 7 5 1383 409 1387 2645 1671 2649
6032 6 2 7 5 628 636 1122 1890 1898 2384
6033 6 2 7 5 658 656 1134 1920 1918 2396
6034 6 2 7 5 897 999 1151 2159 2261 2413
6035 6 2 7 5 887 1139 1173 2149 2401 2435
6036 6 2 7 5 166 167 1024 280 281 2286
6037 6 2 7 5 81 80 1152 312 313 2414
6038 6 2 7 5 439 1072 1073 1701 2334 2335
6039 6 2 7 5 1117 923 1434 2379 2185 2696
6040 6 2 7 5 1243 1171 1244 2505 2433 2506
6041 6 2 7 5 689 635 1116 1951 1897 2378
6042 6 2 7 5 685 762 1116 1947 2024 2378
6043 6 2 7 5 1037 1038 1040 2299 2300 2302
6044 6 2 7 5 954 1263 1329 2216 2525 2591
6045 6 2 7 5 1133 1171 1243 2395 2433 2505
6046 6 2 7 5 690 773 1109 1952 2035 2371
6047 6 2 7 5 46 412 1120 216 1674 2382
6048 6 2 7 5 999 899 1000 2261 2161 2262
6049 6 2 7 5 727 780 1204 1989 2042 2466
6050 6 2 7 5 819 950 1358 2081 2212 2620
6051 6 2 7 5 1139 688 1173 2401 1950 2435
6052 6 2 7 5 558 1203 1206 1820 2465 2468
6053 6 2 7 5 893 897 1151 2155 2159 2413
6054 6 2 7 5 422 68 1051 1684 194 2313
6055 6 2 7 5 51 52 1141 211 210 2403
6056 6 2 7 5 876 933 934 2138 2195 2196
6057 6 2 7 5 1370 570 1379 2632 1832 2641
6058 6 2 7 5 146 145 446 255 254 1708
6059 6 2 7 5 69 70 447 193 192 1709
6060 6 2 7 5 892 891 893 2154 2153 2155
6061 6 2 7 5 1248 952 1307 2510 2214 2569
6062 6 2 7 5 1057 1056 1058 2319 2318 2320
6063 6 2 7 5 1065 510 1353 2327 1772 2615
6064 6 2 7 5 562 559 1206 1824 1821 2468
6065 6 2 7 5 588 626 1118 1850 1888 2380
6066 6 2 7 5 619 1351 1356 1881 2613 2618
6067 6 2 7 5 686 688 1199 1948 1950 2461
6068 6 2 7 5 1172 713 1188 2434 1975 2450
6069 6 2 7 5 1364 1158 1365 2626 2420 2627
6070 6 2 7 5 639 1167 1168 1901 2429 2430
6071 6 2 7 5 1105 934 1106 2367 2196 2368
6072 6 2 7 5 1127 404 1128 2389 1666 2390
6073 6 2 7 5 688 1139 1200 1950 2401 2462
6074 6 2 7 5 929 911 1410 2191 2173 2672
6075 6 2 7 5 504 904 1167 1766 2166 2429
6076 6 2 7 5 1236 568 1237 2498 1830 2499
6077 6 2 7 5 1089 45 1120 2351 217 2382
6078 6 2 7 5 1015 1131 1374 2277 2393 2636
6079 6 2 7 5 734 946 1188 1996 2208 2450
6080 6 2 7 5 893 891 896 2155 2153 2158
6081 6 2 7 5 876 848 933 2138 2110 2195
6082 6 2 7 5 1134 656 1311 2396 1918 2573
6083 6 2 7 5 1123 560 1124 2385 1822 2386
6084 6 2 7 5 1203 1205 1206 2465 2467 2468
6085 6 2 7 5 577 531 1150 1839 1793 2412
6086 6 2 7 5 613 610 1201 1875 1872 2463
6087 6 2 7 5 762 848 876 2024 2110 2138
6088 6 2 7 5 762 876 1116 2024 2138 2378
6089 6 2 7 5 1091 420 1092 2353 1682 2354
6090 6 2 7 5 662 664 1159 1924 1926 2421
6091 6 2 7 5 1112 821 1361 2374 2083 2623
6092 6 2 7 5 715 734 1188 1977 1996 2450
6093 6 2 7 5 893 896 897 2155 2158 2159
6094 6 2 7 5 863 923 1117 2125 2185 2379
6095 6 2 7 5 45 46 1120 217 216 2382
6096 6 2 7 5 1167 904 1168 2429 2166 2430
6097 6 2 7 5 730 863 1080 1992 2125 2342
6098 6 2 7 5 610 607 1255 1872 1869 2517
6099 6 2 7 5 50 404 1127 212 1666 2389
6100 6 2 7 5 669 658 1134 1931 1920 2396
6101 6 2 7 5 890 889 891 2152 2151 2153
6102 6 2 7 5 1201 610 1255 2463 1872 2517
6103 6 2 7 5 551 639 1238 1813 1901 2500
6104 6 2 7 5 755 1169 1170 2017 2431 2432
6105 6 2 7 5 1138 1017 1146 2400 2279 2408
6106 6 2 7 5 608 609 1339 1870 1871 2601
6107 6 2 7 5 715 716 717 1977 1978 1979
6108 6 2 7 5 891 889 1086 2153 2151 2348
6109 6 2 7 5 740 741 742 2002 2003 2004
6110 6 2 7 5 773 1107 1109 2035 2369 2371
6111 6 2 7 5 1068 433 1069 2330 1695 2331
6112 6 2 7 5 628 635 636 1890 1897 1898
6113 6 2 7 5 734 717 735 1996 1979 1997
6114 6 2 7 5 416 1174 1322 1678 2436 2584
6115 6 2 7 5 1248 608 1330 2510 1870 2592
6116 6 2 7 5 1155 822 1156 2417 2084 2418
6117 6 2 7 5 589 1137 1147 1851 2399 2409
6118 6 2 7 5 604 1248 1307 1866 2510 2569
6119 6 2 7 5 780 838 1204 2042 2100 2466
6120 6 2 7 5 675 621 1315 1937 1883 2577
6121 6 2 7 5 1193 784 1372 2455 2046 2634
6122 6 2 7 5 1197 802 1210 2459 2064 2472
6123 6 2 7 5 1203 1204 1205 2465 2466 2467
6124 6 2 7 5 821 766 1361 2083 2028 2623
6125 6 2 7 5 730 1080 1115 1992 2342 2377
6126 6 2 7 5 1192 1191 1193 2454 2453 2455
6127 6 2 7 5 404 51 1141 1666 211 2403
6128 6 2 7 5 880 1138 1146 2142 2400 2408
6129 6 2 7 5 715 717 734 1977 1979 1996
6130 6 2 7 5 719 671 737 1981 1933 1999
6131 6 2 7 5 746 912 1119 2008 2174 2381
6132 6 2 7 5 738 739 740 2000 2001 2002
6133 6 2 7 5 1166 727 1204 2428 1989 2466
6134 6 2 7 5 636 635 689 1898 1897 1951
6135 6 2 7 5 1073 1072 1074 2335 2334 2336
6136 6 2 7 5 877 1243 1244 2139 2505 2506
6137 6 2 7 5 717 730 1115 1979 1992 2377
6138 6 2 7 5 740 739 741 2002 2001 2003
6139 6 2 7 5 621 629 1315 1883 1891 2577
6140 6 2 7 5 1199 688 1200 2461 1950 2462
6141 6 2 7 5 128 127 1175 237 236 2437
6142 6 2 7 5 1080 863 1117 2342 2125 2379
6143 6 2 7 5 508 504 1167 1770 1766 2429
6144 6 2 7 5 736 735 757 1998 1997 2019
6145 6 2 7 5 1306 668 1323 2568 1930 2585
6146 6 2 7 5 121 1091 1149 230 2353 2411
6147 6 2 7 5 1220 814 1252 2482 2076 2514
6148 6 2 7 5 782 781 1179 2044 2043 2441
6149 6 2 7 5 1142 1141 1227 2404 2403 2489
6150 6 2 7 5 897 896 898 2159 2158 2160
6151 6 2 7 5 719 737 738 1981 1999 2000
6152 6 2 7 5 1330 608 1339 2592 1870 2601
6153 6 2 7 5 66 67 1037 196 195 2299
6154 6 2 7 5 678 822 1155 1940 2084 2417
6155 6 2 7 5 562 1206 1207 1824 2468 2469
6156 6 2 7 5 449 450 451 1711 1712 1713
6157 6 2 7 5 1091 1093 1149 2353 2355 2411
6158 6 2 7 5 120 420 1091 229 1682 2353
6159 6 2 7 5 553 552 1202 1815 1814 2464
6160 6 2 7 5 1135 619 1201 2397 1881 2463
6161 6 2 7 5 1138 880 1182 2400 2142 2444
6162 6 2 7 5 570 567 1286 1832 1829 2548
6163 6 2 7 5 636 689 690 1898 1951 1952
6164 6 2 7 5 854 853 1164 2116 2115 2426
6165 6 2 7 5 1137 1006 1147 2399 2268 2409
6166 6 2 7 5 629 588 1118 1891 1850 2380
6167 6 2 7 5 676 713 1172 1938 1975 2434
6168 6 2 7 5 717 716 730 1979 1978 1992
6169 6 2 7 5 617 628 1122 1879 1890 2384
6170 6 2 7 5 778 746 878 2040 2008 2140
6171 6 2 7 5 678 683 822 1940 1945 2084
6172 6 2 7 5 713 714 715 1975 1976 1977
6173 6 2 7 5 734 735 736 1996 1997 1998
6174 6 2 7 5 738 737 739 2000 1999 2001
6175 6 2 7 5 811 732 1246 2073 1994 2508
6176 6 2 7 5 1155 1157 1159 2417 2419 2421
6177 6 2 7 5 742 741 743 2004 2003 2005
6178 6 2 7 5 742 743 746 2004 2005 2008
6179 6 2 7 5 41 42 441 221 220 1703
6180 6 2 7 5 118 117 444 227 226 1706
6181 6 2 7 5 897 898 899 2159 2160 2161
6182 6 2 7 5 584 617 873 1846 1879 2135
6183 6 2 7 5 979 982 1160 2241 2244 2422
6184 6 2 7 5 165 166 1077 279 280 2339
6185 6 2 7 5 83 82 1213 310 311 2475
6186 6 2 7 5 619 613 1201 1881 1875 2463
6187 6 2 7 5 558 1202 1203 1820 2464 2465
6188 6 2 7 5 1176 1178 1181 2438 2440 2443
6189 6 2 7 5 1124 1405 1409 2386 2667 2671
6190 6 2 7 5 62 63 437 200 199 1699
6191 6 2 7 5 139 138 438 248 247 1700
6192 6 2 7 5 1197 1210 1211 2459 2472 2473
6193 6 2 7 5 127 401 1175 236 1663 2437
6194 6 2 7 5 978 979 1160 2240 2241 2422
6195 6 2 7 5 588 579 626 1850 1841 1888
6196 6 2 7 5 619 1135 1351 1881 2397 2613
6197 6 2 7 5 673 678 1155 1935 1940 2417
6198 6 2 7 5 757 735 829 2019 1997 2091
6199 6 2 7 5 982 985 1160 2244 2247 2422
6200 6 2 7 5 1013 1014 1125 2275 2276 2387
6201 6 2 7 5 930 771 931 2192 2033 2193
6202 6 2 7 5 876 1105 1116 2138 2367 2378
6203 6 2 7 5 933 935 990 2195 2197 2252
6204 6 2 7 5 892 893 894 2154 2155 2156
6205 6 2 7 5 1262 904 1308 2524 2166 2570
6206 6 2 7 5 758 757 781 2020 2019 2043
6207 6 2 7 5 1109 1107 1110 2371 2369 2372
6208 6 2 7 5 1219 1220 1252 2481 2482 2514
6209 6 2 7 5 887 941 1139 2149 2203 2401
6210 6 2 7 5 897 899 999 2159 2161 2261
6211 6 2 7 5 736 757 758 1998 2019 2020
6212 6 2 7 5 988 931 1003 2250 2193 2265
6213 6 2 7 5 737 1133 1243 1999 2395 2505
6214 6 2 7 5 562 1207 1284 1824 2469 2546
6215 6 2 7 5 46 47 412 216 215 1674
6216 6 2 7 5 123 122 409 232 231 1671
6217 6 2 7 5 1028 1027 1029 2290 2289 2291
6218 6 2 7 5 1087 1049 1088 2349 2311 2350
6219 6 2 7 5 558 553 1202 1820 1815 2464
6220 6 2 7 5 1182 1212 1239 2444 2474 2501
6221 6 2 7 5 982 984 985 2244 2246 2247
6222 6 2 7 5 1188 946 1189 2450 2208 2451
6223 6 2 7 5 606 1221 1298 1868 2483 2560
6224 6 2 7 5 1209 1306 1323 2471 2568 2585
6225 6 2 7 5 680 726 727 1942 1988 1989
6226 6 2 7 5 771 686 1199 2033 1948 2461
6227 6 2 7 5 1353 540 1366 2615 1802 2628
6228 6 2 7 5 585 551 586 1847 1813 1848
6229 6 2 7 5 894 893 1151 2156 2155 2413
6230 6 2 7 5 664 673 1159 1926 1935 2421
6231 6 2 7 5 620 631 1208 1882 1893 2470
6232 6 2 7 5 1176 786 1178 2438 2048 2440
6233 6 2 7 5 1189 946 1190 2451 2208 2452
6234 6 2 7 5 742 746 778 2004 2008 2040
6235 6 2 7 5 41 441 1163 221 1703 2425
6236 6 2 7 5 628 630 635 1890 1892 1897
6237 6 2 7 5 82 402 1213 311 1664 2475
6238 6 2 7 5 539 545 546 1801 1807 1808
6239 6 2 7 5 930 931 988 2192 2193 2250
6240 6 2 7 5 690 689 773 1952 1951 2035
6241 6 2 7 5 1048 1049 1087 2310 2311 2349
6242 6 2 7 5 1157 1156 1158 2419 2418 2420
6243 6 2 7 5 778 878 938 2040 2140 2200
6244 6 2 7 5 696 690 697 1958 1952 1959
6245 6 2 7 5 794 1183 1184 2056 2445 2446
6246 6 2 7 5 623 887 1173 1885 2149 2435
6247 6 2 7 5 441 42 1162 1703 220 2424
6248 6 2 7 5 873 617 1122 2135 1879 2384
6249 6 2 7 5 962 828 1324 2224 2090 2586
6250 6 2 7 5 783 1185 1187 2045 2447 2449
6251 6 2 7 5 1095 915 1096 2357 2177 2358
6252 6 2 7 5 876 934 1105 2138 2196 2367
6253 6 2 7 5 715 714 716 1977 1976 1978
6254 6 2 7 5 539 538 545 1801 1800 1807
6255 6 2 7 5 890 891 892 2152 2153 2154
6256 6 2 7 5 849 841 1229 2111 2103 2491
6257 6 2 7 5 533 538 539 1795 1800 1801
6258 6 2 7 5 955 591 1215 2217 1853 2477
6259 6 2 7 5 941 1047 1048 2203 2309 2310
6260 6 2 7 5 1096 915 1164 2358 2177 2426
6261 6 2 7 5 762 847 848 2024 2109 2110
6262 6 2 7 5 831 711 889 2093 1973 2151
6263 6 2 7 5 780 779 836 2042 2041 2098
6264 6 2 7 5 1284 1207 1349 2546 2469 2611
6265 6 2 7 5 899 898 900 2161 2160 2162
6266 6 2 7 5 1238 639 1279 2500 1901 2541
6267 6 2 7 5 878 746 1119 2140 2008 2381
6268 6 2 7 5 678 682 683 1940 1944 1945
6269 6 2 7 5 1216 1241 1242 2478 2503 2504
6270 6 2 7 5 727 726 779 1989 1988 2041
6271 6 2 7 5 917 823 1224 2179 2085 2486
6272 6 2 7 5 1138 1182 1239 2400 2444 2501
6273 6 2 7 5 691 672 1209 1953 1934 2471
6274 6 2 7 5 780 836 837 2042 2098 2099
6275 6 2 7 5 1133 1134 1171 2395 2396 2433
6276 6 2 7 5 585 586 590 1847 1848 1852
6277 6 2 7 5 653 680 1166 1915 1942 2428
6278 6 2 7 5 746 743 912 2008 2005 2174
6279 6 2 7 5 537 824 1309 1799 2086 2571
6280 6 2 7 5 607 606 1255 1869 1868 2517
6281 6 2 7 5 1202 1166 1203 2464 2428 2465
6282 6 2 7 5 547 508 548 1809 1770 1810
6283 6 2 7 5 794 791 1183 2056 2053 2445
6284 6 2 7 5 1048 1047 1049 2310 2309 2311
6285 6 2 7 5 417 44 1089 1679 218 2351
6286 6 2 7 5 915 854 1164 2177 2116 2426
6287 6 2 7 5 439 1073 1174 1701 2335 2436
6288 6 2 7 5 533 539 637 1795 1801 1899
6289 6 2 7 5 451 450 452 1713 1712 1714
6290 6 2 7 5 546 545 552 1808 1807 1814
6291 6 2 7 5 1169 1148 1170 2431 2410 2432
6292 6 2 7 5 1046 697 1395 2308 1959 2657
6293 6 2 7 5 680 727 1166 1942 1989 2428
6294 6 2 7 5 1133 669 1134 2395 1931 2396
6295 6 2 7 5 401 1130 1131 1663 2392 2393
6296 6 2 7 5 551 548 639 1813 1810 1901
6297 6 2 7 5 529 530 531 1791 1792 1793
6298 6 2 7 5 865 880 945 2127 2142 2207
6299 6 2 7 5 787 786 1176 2049 2048 2438
6300 6 2 7 5 942 1246 1247 2204 2508 2509
6301 6 2 7 5 671 669 1133 1933 1931 2395
6302 6 2 7 5 1155 1156 1157 2417 2418 2419
6303 6 2 7 5 550 548 551 1812 1810 1813
6304 6 2 7 5 727 779 780 1989 2041 2042
6305 6 2 7 5 798 795 1194 2060 2057 2456
6306 6 2 7 5 1120 412 1121 2382 1674 2383
6307 6 2 7 5 804 802 1197 2066 2064 2459
6308 6 2 7 5 713 715 1188 1975 1977 2450
6309 6 2 7 5 955 1215 1293 2217 2477 2555
6310 6 2 7 5 529 531 577 1791 1793 1839
6311 6 2 7 5 775 691 1209 2037 1953 2471
6312 6 2 7 5 590 586 591 1852 1848 1853
6313 6 2 7 5 527 528 529 1789 1790 1791
6314 6 2 7 5 823 707 1224 2085 1969 2486
6315 6 2 7 5 798 1194 1195 2060 2456 2457
6316 6 2 7 5 47 48 1282 215 214 2544
6317 6 2 7 5 752 865 875 2014 2127 2137
6318 6 2 7 5 841 840 1229 2103 2102 2491
6319 6 2 7 5 531 532 533 1793 1794 1795
6320 6 2 7 5 942 811 1246 2204 2073 2508
6321 6 2 7 5 458 456 1212 1720 1718 2474
6322 6 2 7 5 552 653 1202 1814 1915 2464
6323 6 2 7 5 673 1155 1159 1935 2417 2421
6324 6 2 7 5 839 837 840 2101 2099 2102
6325 6 2 7 5 537 544 824 1799 1806 2086
6326 6 2 7 5 752 751 865 2014 2013 2127
6327 6 2 7 5 748 1262 1308 2010 2524 2570
6328 6 2 7 5 550 551 585 1812 1813 1847
6329 6 2 7 5 1185 783 1217 2447 2045 2479
6330 6 2 7 5 845 972 1232 2107 2234 2494
6331 6 2 7 5 662 1159 1312 1924 2421 2574
6332 6 2 7 5 1177 1176 1181 2439 2438 2443
6333 6 2 7 5 926 775 1209 2188 2037 2471
6334 6 2 7 5 1195 1194 1196 2457 2456 2458
6335 6 2 7 5 1262 748 1264 2524 2010 2526
6336 6 2 7 5 732 783 1246 1994 2045 2508
6337 6 2 7 5 1194 1184 1196 2456 2446 2458
6338 6 2 7 5 737 671 1133 1999 1933 2395
6339 6 2 7 5 699 813 1241 1961 2075 2503
6340 6 2 7 5 758 781 782 2020 2043 2044
6341 6 2 7 5 785 782 786 2047 2044 2048
6342 6 2 7 5 452 450 1017 1714 1712 2279
6343 6 2 7 5 921 804 1197 2183 2066 2459
6344 6 2 7 5 673 677 678 1935 1939 1940
6345 6 2 7 5 546 552 553 1808 1814 1815
6346 6 2 7 5 670 669 671 1932 1931 1933
6347 6 2 7 5 1028 1029 1030 2290 2291 2292
6348 6 2 7 5 718 671 719 1980 1933 1981
6349 6 2 7 5 790 1176 1177 2052 2438 2439
6350 6 2 7 5 540 541 578 1802 1803 1840
6351 6 2 7 5 533 532 538 1795 1794 1800
6352 6 2 7 5 590 591 955 1852 1853 2217
6353 6 2 7 5 52 53 1227 210 209 2489
6354 6 2 7 5 937 908 1249 2199 2170 2511
6355 6 2 7 5 578 581 622 1840 1843 1884
6356 6 2 7 5 636 690 696 1898 1952 1958
6357 6 2 7 5 941 1046 1047 2203 2308 2309
6358 6 2 7 5 591 592 593 1853 1854 1855
6359 6 2 7 5 693 694 763 1955 1956 2025
6360 6 2 7 5 790 787 1176 2052 2049 2438
6361 6 2 7 5 676 712 713 1938 1974 1975
6362 6 2 7 5 557 584 1381 1819 1846 2643
6363 6 2 7 5 925 775 926 2187 2037 2188
6364 6 2 7 5 65 66 1114 197 196 2376
6365 6 2 7 5 653 1166 1202 1915 2428 2464
6366 6 2 7 5 950 1112 1361 2212 2374 2623
6367 6 2 7 5 617 627 628 1879 1889 1890
6368 6 2 7 5 1184 1183 1198 2446 2445 2460
6369 6 2 7 5 1178 1179 1180 2440 2441 2442
6370 6 2 7 5 789 787 790 2051 2049 2052
6371 6 2 7 5 1190 946 1278 2452 2208 2540
6372 6 2 7 5 723 902 1260 1985 2164 2522
6373 6 2 7 5 952 1291 1307 2214 2553 2569
6374 6 2 7 5 952 1248 1330 2214 2510 2592
6375 6 2 7 5 839 840 841 2101 2102 2103
6376 6 2 7 5 681 648 693 1943 1910 1955
6377 6 2 7 5 783 1187 1246 2045 2449 2508
6378 6 2 7 5 1022 1165 1277 2284 2427 2539
6379 6 2 7 5 694 648 1252 1956 1910 2514
6380 6 2 7 5 1073 1074 1075 2335 2336 2337
6381 6 2 7 5 593 592 594 1855 1854 1856
6382 6 2 7 5 961 828 962 2223 2090 2224
6383 6 2 7 5 1183 1177 1198 2445 2439 2460
6384 6 2 7 5 954 882 1279 2216 2144 2541
6385 6 2 7 5 519 521 745 1781 1783 2007
6386 6 2 7 5 601 604 1218 1863 1866 2480
6387 6 2 7 5 1263 1262 1264 2525 2524 2526
6388 6 2 7 5 808 806 1416 2070 2068 2678
6389 6 2 7 5 591 586 592 1853 1848 1854
6390 6 2 7 5 515 517 589 1777 1779 1851
6391 6 2 7 5 885 1185 1217 2147 2447 2479
6392 6 2 7 5 548 508 1167 1810 1770 2429
6393 6 2 7 5 806 804 921 2068 2066 2183
6394 6 2 7 5 809 885 1217 2071 2147 2479
6395 6 2 7 5 615 1219 1252 1877 2481 2514
6396 6 2 7 5 401 126 1130 1663 235 2392
6397 6 2 7 5 685 761 762 1947 2023 2024
6398 6 2 7 5 785 786 787 2047 2048 2049
6399 6 2 7 5 647 615 648 1909 1877 1910
6400 6 2 7 5 863 919 923 2125 2181 2185
6401 6 2 7 5 531 533 1150 1793 1795 2412
6402 6 2 7 5 643 645 1222 1905 1907 2484
6403 6 2 7 5 772 771 930 2034 2033 2192
6404 6 2 7 5 843 841 849 2105 2103 2111
6405 6 2 7 5 452 1017 1138 1714 2279 2400
6406 6 2 7 5 615 597 1219 1877 1859 2481
6407 6 2 7 5 634 633 686 1896 1895 1948
6408 6 2 7 5 645 698 1222 1907 1960 2484
6409 6 2 7 5 693 648 694 1955 1910 1956
6410 6 2 7 5 912 913 918 2174 2175 2180
6411 6 2 7 5 554 553 555 1816 1815 1817
6412 6 2 7 5 1219 1218 1220 2481 2480 2482
6413 6 2 7 5 1385 1093 1390 2647 2355 2652
6414 6 2 7 5 546 553 554 1808 1815 1816
6415 6 2 7 5 751 749 1182 2013 2011 2444
6416 6 2 7 5 1212 456 1239 2474 1718 2501
6417 6 2 7 5 918 1062 1063 2180 2324 2325
6418 6 2 7 5 650 458 1212 1912 1720 2474
6419 6 2 7 5 941 1048 1139 2203 2310 2401
6420 6 2 7 5 1255 606 1298 2517 1868 2560
6421 6 2 7 5 531 530 532 1793 1792 1794
6422 6 2 7 5 596 597 615 1858 1859 1877
6423 6 2 7 5 555 553 558 1817 1815 1820
6424 6 2 7 5 1128 404 1129 2390 1666 2391
6425 6 2 7 5 417 1089 1090 1679 2351 2352
6426 6 2 7 5 593 594 595 1855 1856 1857
6427 6 2 7 5 791 790 1183 2053 2052 2445
6428 6 2 7 5 1204 838 1205 2466 2100 2467
6429 6 2 7 5 641 620 1208 1903 1882 2470
6430 6 2 7 5 674 676 1172 1936 1938 2434
6431 6 2 7 5 699 641 701 1961 1903 1963
6432 6 2 7 5 764 815 816 2026 2077 2078
6433 6 2 7 5 699 701 813 1961 1963 2075
6434 6 2 7 5 887 940 941 2149 2202 2203
6435 6 2 7 5 957 858 1015 2219 2120 2277
6436 6 2 7 5 687 686 771 1949 1948 2033
6437 6 2 7 5 1129 404 1141 2391 1666 2403
6438 6 2 7 5 865 751 880 2127 2013 2142
6439 6 2 7 5 529 528 530 1791 1790 1792
6440 6 2 7 5 770 973 1223 2032 2235 2485
6441 6 2 7 5 1206 1205 1207 2468 2467 2469
6442 6 2 7 5 1203 1166 1204 2465 2428 2466
6443 6 2 7 5 845 768 972 2107 2030 2234
6444 6 2 7 5 793 791 794 2055 2053 2056
6445 6 2 7 5 789 790 791 2051 2052 2053
6446 6 2 7 5 602 643 1221 1864 1905 2483
6447 6 2 7 5 880 751 1182 2142 2013 2444
6448 6 2 7 5 1168 904 1262 2430 2166 2524
6449 6 2 7 5 680 692 726 1942 1954 1988
6450 6 2 7 5 593 595 596 1855 1857 1858
6451 6 2 7 5 624 622 633 1886 1884 1895
6452 6 2 7 5 707 705 1224 1969 1967 2486
6453 6 2 7 5 750 751 752 2012 2013 2014
6454 6 2 7 5 1221 643 1222 2483 1905 2484
6455 6 2 7 5 94 93 439 299 300 1701
6456 6 2 7 5 169 170 440 283 284 1702
6457 6 2 7 5 686 633 688 1948 1895 1950
6458 6 2 7 5 489 491 1280 1751 1753 2542
6459 6 2 7 5 1300 1285 1349 2562 2547 2611
6460 6 2 7 5 451 452 453 1713 1714 1715
6461 6 2 7 5 674 1172 1319 1936 2434 2581
6462 6 2 7 5 547 548 550 1809 1810 1812
6463 6 2 7 5 511 755 1327 1773 2017 2589
6464 6 2 7 5 790 1177 1183 2052 2439 2445
6465 6 2 7 5 555 558 559 1817 1820 1821
6466 6 2 7 5 646 809 1217 1908 2071 2479
6467 6 2 7 5 1207 1205 1338 2469 2467 2600
6468 6 2 7 5 622 623 1173 1884 1885 2435
6469 6 2 7 5 586 551 1238 1848 1813 2500
6470 6 2 7 5 816 817 1258 2078 2079 2520
6471 6 2 7 5 495 497 498 1757 1759 1760
6472 6 2 7 5 814 694 1252 2076 1956 2514
6473 6 2 7 5 598 595 1228 1860 1857 2490
6474 6 2 7 5 1168 1262 1263 2430 2524 2525
6475 6 2 7 5 652 1250 1251 1914 2512 2513
6476 6 2 7 5 1287 1158 1364 2549 2420 2626
6477 6 2 7 5 1291 1220 1307 2553 2482 2569
6478 6 2 7 5 1098 949 1099 2360 2211 2361
6479 6 2 7 5 653 654 680 1915 1916 1942
6480 6 2 7 5 95 94 1174 298 299 2436
6481 6 2 7 5 838 837 839 2100 2099 2101
6482 6 2 7 5 750 749 751 2012 2011 2013
6483 6 2 7 5 1310 954 1329 2572 2216 2591
6484 6 2 7 5 813 958 1241 2075 2220 2503
6485 6 2 7 5 129 128 1261 238 237 2523
6486 6 2 7 5 813 701 858 2075 1963 2120
6487 6 2 7 5 795 794 1194 2057 2056 2456
6488 6 2 7 5 402 81 1152 1664 312 2414
6489 6 2 7 5 402 1152 1153 1664 2414 2415
6490 6 2 7 5 1018 859 1253 2280 2121 2515
6491 6 2 7 5 78 77 411 315 316 1673
6492 6 2 7 5 153 154 410 267 268 1672
6493 6 2 7 5 831 889 890 2093 2151 2152
6494 6 2 7 5 713 712 714 1975 1974 1976
6495 6 2 7 5 786 782 1179 2048 2044 2441
6496 6 2 7 5 595 594 1228 1857 1856 2490
6497 6 2 7 5 1231 1266 1267 2493 2528 2529
6498 6 2 7 5 464 461 1230 1726 1723 2492
6499 6 2 7 5 599 1218 1219 1861 2480 2481
6500 6 2 7 5 490 493 652 1752 1755 1914
6501 6 2 7 5 770 707 823 2032 1969 2085
6502 6 2 7 5 614 618 620 1876 1880 1882
6503 6 2 7 5 744 749 750 2006 2011 2012
6504 6 2 7 5 596 615 647 1858 1877 1909
6505 6 2 7 5 664 666 673 1926 1928 1935
6506 6 2 7 5 509 534 540 1771 1796 1802
6507 6 2 7 5 794 1184 1194 2056 2446 2456
6508 6 2 7 5 621 588 629 1883 1850 1891
6509 6 2 7 5 705 703 759 1967 1965 2021
6510 6 2 7 5 154 155 1302 268 269 2564
6511 6 2 7 5 599 601 1218 1861 1863 2480
6512 6 2 7 5 504 500 904 1766 1762 2166
6513 6 2 7 5 596 595 597 1858 1857 1859
6514 6 2 7 5 741 739 877 2003 2001 2139
6515 6 2 7 5 741 877 1336 2003 2139 2598
6516 6 2 7 5 600 598 1240 1862 1860 2502
6517 6 2 7 5 763 694 764 2025 1956 2026
6518 6 2 7 5 856 765 1223 2118 2027 2485
6519 6 2 7 5 916 823 917 2178 2085 2179
6520 6 2 7 5 925 926 927 2187 2188 2189
6521 6 2 7 5 523 525 527 1785 1787 1789
6522 6 2 7 5 982 983 984 2244 2245 2246
6523 6 2 7 5 788 787 789 2050 2049 2051
6524 6 2 7 5 1141 52 1227 2403 210 2489
6525 6 2 7 5 708 707 770 1970 1969 2032
6526 6 2 7 5 896 891 1086 2158 2153 2348
6527 6 2 7 5 784 782 785 2046 2044 2047
6528 6 2 7 5 884 812 1226 2146 2074 2488
6529 6 2 7 5 640 620 641 1902 1882 1903
6530 6 2 7 5 94 439 1174 299 1701 2436
6531 6 2 7 5 604 605 1248 1866 1867 2510
6532 6 2 7 5 601 603 604 1863 1865 1866
6533 6 2 7 5 604 603 605 1866 1865 1867
6534 6 2 7 5 802 799 1210 2064 2061 2472
6535 6 2 7 5 813 858 957 2075 2120 2219
6536 6 2 7 5 578 622 624 1840 1884 1886
6537 6 2 7 5 945 880 1146 2207 2142 2408
6538 6 2 7 5 495 498 1250 1757 1760 2512
6539 6 2 7 5 816 815 817 2078 2077 2079
6540 6 2 7 5 566 1284 1285 1828 2546 2547
6541 6 2 7 5 1218 604 1307 2480 1866 2569
6542 6 2 7 5 647 648 681 1909 1910 1943
6543 6 2 7 5 744 650 749 2006 1912 2011
6544 6 2 7 5 734 736 946 1996 1998 2208
6545 6 2 7 5 780 837 838 2042 2099 2100
6546 6 2 7 5 756 657 1312 2018 1919 2574
6547 6 2 7 5 1210 1195 1211 2472 2457 2473
6548 6 2 7 5 40 41 1163 222 221 2425
6549 6 2 7 5 639 548 1167 1901 1810 2429
6550 6 2 7 5 598 1228 1240 1860 2490 2502
6551 6 2 7 5 605 608 1248 1867 1870 2510
6552 6 2 7 5 871 1019 1305 2133 2281 2567
6553 6 2 7 5 1266 888 1267 2528 2150 2529
6554 6 2 7 5 493 494 495 1755 1756 1757
6555 6 2 7 5 700 699 1241 1962 1961 2503
6556 6 2 7 5 620 618 631 1882 1880 1893
6557 6 2 7 5 885 1023 1185 2147 2285 2447
6558 6 2 7 5 705 759 1224 1967 2021 2486
6559 6 2 7 5 632 600 1240 1894 1862 2502
6560 6 2 7 5 594 953 1228 1856 2215 2490
6561 6 2 7 5 648 615 1252 1910 1877 2514
6562 6 2 7 5 969 845 1232 2231 2107 2494
6563 6 2 7 5 623 810 887 1885 2072 2149
6564 6 2 7 5 645 646 695 1907 1908 1957
6565 6 2 7 5 698 695 732 1960 1957 1994
6566 6 2 7 5 814 1220 1291 2076 2482 2553
6567 6 2 7 5 706 705 707 1968 1967 1969
6568 6 2 7 5 817 820 1258 2079 2082 2520
6569 6 2 7 5 498 497 502 1760 1759 1764
6570 6 2 7 5 603 602 1221 1865 1864 2483
6571 6 2 7 5 493 495 1250 1755 1757 2512
6572 6 2 7 5 681 693 768 1943 1955 2030
6573 6 2 7 5 401 1132 1175 1663 2394 2437
6574 6 2 7 5 611 613 614 1873 1875 1876
6575 6 2 7 5 643 644 645 1905 1906 1907
6576 6 2 7 5 1241 958 1242 2503 2220 2504
6577 6 2 7 5 614 613 618 1876 1875 1880
6578 6 2 7 5 495 496 497 1757 1758 1759
6579 6 2 7 5 1185 1023 1186 2447 2285 2448
6580 6 2 7 5 555 559 560 1817 1821 1822
6581 6 2 7 5 509 505 534 1771 1767 1796
6582 6 2 7 5 1258 820 1259 2520 2082 2521
6583 6 2 7 5 527 525 528 1789 1787 1790
6584 6 2 7 5 695 646 1217 1957 1908 2479
6585 6 2 7 5 749 650 1212 2011 1912 2474
6586 6 2 7 5 817 819 820 2079 2081 2082
6587 6 2 7 5 1185 1186 1187 2447 2448 2449
6588 6 2 7 5 594 882 953 1856 2144 2215
6589 6 2 7 5 698 732 747 1960 1994 2009
6590 6 2 7 5 885 1022 1023 2147 2284 2285
6591 6 2 7 5 552 580 653 1814 1842 1915
6592 6 2 7 5 602 632 643 1864 1894 1905
6593 6 2 7 5 645 695 698 1907 1957 1960
6594 6 2 7 5 1037 1040 1114 2299 2302 2376
6595 6 2 7 5 747 881 1269 2009 2143 2531
6596 6 2 7 5 948 949 1098 2210 2211 2360
6597 6 2 7 5 540 534 541 1802 1796 1803
6598 6 2 7 5 601 600 602 1863 1862 1864
6599 6 2 7 5 882 1238 1279 2144 2500 2541
6600 6 2 7 5 732 695 783 1994 1957 2045
6601 6 2 7 5 704 703 705 1966 1965 1967
6602 6 2 7 5 916 917 1161 2178 2179 2423
6603 6 2 7 5 533 637 1150 1795 1899 2412
6604 6 2 7 5 864 942 1020 2126 2204 2282
6605 6 2 7 5 1246 1187 1247 2508 2449 2509
6606 6 2 7 5 599 598 600 1861 1860 1862
6607 6 2 7 5 640 641 642 1902 1903 1904
6608 6 2 7 5 649 458 650 1911 1720 1912
6609 6 2 7 5 584 616 617 1846 1878 1879
6610 6 2 7 5 642 699 700 1904 1961 1962
6611 6 2 7 5 812 811 864 2074 2073 2126
6612 6 2 7 5 1182 749 1212 2444 2011 2474
6613 6 2 7 5 747 732 811 2009 1994 2073
6614 6 2 7 5 605 606 607 1867 1868 1869
6615 6 2 7 5 731 650 744 1993 1912 2006
6616 6 2 7 5 809 874 885 2071 2136 2147
6617 6 2 7 5 1174 1073 1322 2436 2335 2584
6618 6 2 7 5 511 513 755 1773 1775 2017
6619 6 2 7 5 605 603 606 1867 1865 1868
6620 6 2 7 5 701 641 1208 1963 1903 2470
6621 6 2 7 5 747 811 812 2009 2073 2074
6622 6 2 7 5 702 700 703 1964 1962 1965
6623 6 2 7 5 759 703 1216 2021 1965 2478
6624 6 2 7 5 855 765 856 2117 2027 2118
6625 6 2 7 5 1003 931 1004 2265 2193 2266
6626 6 2 7 5 1030 1029 1031 2292 2291 2293
6627 6 2 7 5 852 850 853 2114 2112 2115
6628 6 2 7 5 455 453 456 1717 1715 1718
6629 6 2 7 5 703 700 1216 1965 1962 2478
6630 6 2 7 5 793 794 795 2055 2056 2057
6631 6 2 7 5 463 461 464 1725 1723 1726
6632 6 2 7 5 812 864 1226 2074 2126 2488
6633 6 2 7 5 578 541 581 1840 1803 1843
6634 6 2 7 5 614 620 640 1876 1882 1902
6635 6 2 7 5 958 957 1081 2220 2219 2343
6636 6 2 7 5 601 602 603 1863 1864 1865
6637 6 2 7 5 708 770 1223 1970 2032 2485
6638 6 2 7 5 597 598 599 1859 1860 1861
6639 6 2 7 5 1178 786 1179 2440 2048 2441
6640 6 2 7 5 457 456 458 1719 1718 1720
6641 6 2 7 5 518 655 1294 1780 1917 2556
6642 6 2 7 5 605 607 608 1867 1869 1870
6643 6 2 7 5 461 459 1230 1723 1721 2492
6644 6 2 7 5 645 644 646 1907 1906 1908
6645 6 2 7 5 612 611 1231 1874 1873 2493
6646 6 2 7 5 706 707 708 1968 1969 1970
6647 6 2 7 5 657 659 1312 1919 1921 2574
6648 6 2 7 5 609 611 612 1871 1873 1874
6649 6 2 7 5 557 583 584 1819 1845 1846
6650 6 2 7 5 1094 915 1095 2356 2177 2357
6651 6 2 7 5 463 464 465 1725 1726 1727
6652 6 2 7 5 463 465 466 1725 1727 1728
6653 6 2 7 5 608 607 609 1870 1869 1871
6654 6 2 7 5 914 854 915 2176 2116 2177
6655 6 2 7 5 1280 491 1283 2542 1753 2545
6656 6 2 7 5 642 641 699 1904 1903 1961
6657 6 2 7 5 944 1013 1123 2206 2275 2385
6658 6 2 7 5 864 1020 1021 2126 2282 2283
6659 6 2 7 5 459 649 1230 1721 1911 2492
6660 6 2 7 5 489 488 491 1751 1750 1753
6661 6 2 7 5 470 469 471 1732 1731 1733
6662 6 2 7 5 599 600 601 1861 1862 1863
6663 6 2 7 5 597 599 1219 1859 1861 2481
6664 6 2 7 5 649 650 731 1911 1912 1993
6665 6 2 7 5 885 874 1022 2147 2136 2284
6666 6 2 7 5 609 610 611 1871 1872 1873
6667 6 2 7 5 471 472 473 1733 1734 1735
6668 6 2 7 5 864 811 942 2126 2073 2204
6669 6 2 7 5 652 493 1250 1914 1755 2512
6670 6 2 7 5 514 549 1288 1776 1811 2550
6671 6 2 7 5 792 791 793 2054 2053 2055
6672 6 2 7 5 597 595 598 1859 1857 1860
6673 6 2 7 5 498 906 1250 1760 2168 2512
6674 6 2 7 5 466 465 467 1728 1727 1729
6675 6 2 7 5 609 607 610 1871 1869 1872
6676 6 2 7 5 459 458 649 1721 1720 1911
6677 6 2 7 5 1216 700 1241 2478 1962 2503
6678 6 2 7 5 402 1154 1213 1664 2416 2475
6679 6 2 7 5 643 632 644 1905 1894 1906
6680 6 2 7 5 649 731 1256 1911 1993 2518
6681 6 2 7 5 602 600 632 1864 1862 1894
6682 6 2 7 5 766 855 948 2028 2117 2210
6683 6 2 7 5 660 658 669 1922 1920 1931
6684 6 2 7 5 642 700 702 1904 1962 1964
6685 6 2 7 5 606 603 1221 1868 1865 2483
6686 6 2 7 5 634 686 687 1896 1948 1949
6687 6 2 7 5 460 459 461 1722 1721 1723
6688 6 2 7 5 467 469 470 1729 1731 1732
6689 6 2 7 5 747 812 881 2009 2074 2143
6690 6 2 7 5 618 613 619 1880 1875 1881
6691 6 2 7 5 457 458 459 1719 1720 1721
6692 6 2 7 5 614 640 1231 1876 1902 2493
6693 6 2 7 5 750 752 1016 2012 2014 2278
6694 6 2 7 5 467 468 469 1729 1730 1731
6695 6 2 7 5 596 647 1215 1858 1909 2477
6696 6 2 7 5 611 610 613 1873 1872 1875
6697 6 2 7 5 101 100 445 292 293 1707
6698 6 2 7 5 803 802 804 2065 2064 2066
6699 6 2 7 5 506 505 509 1768 1767 1771
6700 6 2 7 5 544 556 557 1806 1818 1819
6701 6 2 7 5 881 812 884 2143 2074 2146
6702 6 2 7 5 896 1086 1214 2158 2348 2476
6703 6 2 7 5 1049 1047 1050 2311 2309 2312
6704 6 2 7 5 460 461 462 1722 1723 1724
6705 6 2 7 5 730 833 863 1992 2095 2125
6706 6 2 7 5 591 593 1215 1853 1855 2477
6707 6 2 7 5 561 559 562 1823 1821 1824
6708 6 2 7 5 933 848 935 2195 2110 2197
6709 6 2 7 5 611 614 1231 1873 1876 2493
6710 6 2 7 5 797 795 798 2059 2057 2060
6711 6 2 7 5 742 778 1316 2004 2040 2578
6712 6 2 7 5 948 855 949 2210 2117 2211
6713 6 2 7 5 979 981 982 2241 2243 2244
6714 6 2 7 5 457 459 460 1719 1721 1722
6715 6 2 7 5 419 151 1104 1681 265 2366
6716 6 2 7 5 678 677 682 1940 1939 1944
6717 6 2 7 5 471 473 474 1733 1735 1736
6718 6 2 7 5 471 469 472 1733 1731 1734
6719 6 2 7 5 503 502 505 1765 1764 1767
6720 6 2 7 5 633 622 1173 1895 1884 2435
6721 6 2 7 5 1230 649 1256 2492 1911 2518
6722 6 2 7 5 731 744 859 1993 2006 2121
6723 6 2 7 5 1264 748 1280 2526 2010 2542
6724 6 2 7 5 770 844 973 2032 2106 2235
6725 6 2 7 5 781 757 1428 2043 2019 2690
6726 6 2 7 5 462 461 463 1724 1723 1725
6727 6 2 7 5 731 860 1256 1993 2122 2518
6728 6 2 7 5 809 866 874 2071 2128 2136
6729 6 2 7 5 1222 698 1269 2484 1960 2531
6730 6 2 7 5 624 633 634 1886 1895 1896
6731 6 2 7 5 698 747 1269 1960 2009 2531
6732 6 2 7 5 947 859 1018 2209 2121 2280
6733 6 2 7 5 467 465 468 1729 1727 1730
6734 6 2 7 5 622 581 623 1884 1843 1885
6735 6 2 7 5 582 579 588 1844 1841 1850
6736 6 2 7 5 646 733 809 1908 1995 2071
6737 6 2 7 5 704 705 706 1966 1967 1968
6738 6 2 7 5 900 898 943 2162 2160 2205
6739 6 2 7 5 881 1136 1269 2143 2398 2531
6740 6 2 7 5 490 492 493 1752 1754 1755
6741 6 2 7 5 702 703 704 1964 1965 1966
6742 6 2 7 5 475 473 476 1737 1735 1738
6743 6 2 7 5 683 682 725 1945 1944 1987
6744 6 2 7 5 475 477 478 1737 1739 1740
6745 6 2 7 5 881 884 1135 2143 2146 2397
6746 6 2 7 5 505 502 1254 1767 1764 2516
6747 6 2 7 5 793 796 1233 2055 2058 2495
6748 6 2 7 5 457 460 1225 1719 1722 2487
6749 6 2 7 5 941 940 1046 2203 2202 2308
6750 6 2 7 5 783 695 1217 2045 1957 2479
6751 6 2 7 5 709 708 765 1971 1970 2027
6752 6 2 7 5 452 1138 1239 1714 2400 2501
6753 6 2 7 5 478 477 479 1740 1739 1741
6754 6 2 7 5 864 1021 1226 2126 2283 2488
6755 6 2 7 5 475 476 477 1737 1738 1739
6756 6 2 7 5 687 771 772 1949 2033 2034
6757 6 2 7 5 1231 640 1266 2493 1902 2528
6758 6 2 7 5 1073 1075 1322 2335 2337 2584
6759 6 2 7 5 612 1231 1267 1874 2493 2529
6760 6 2 7 5 593 596 1215 1855 1858 2477
6761 6 2 7 5 709 765 766 1971 2027 2028
6762 6 2 7 5 484 485 486 1746 1747 1748
6763 6 2 7 5 474 473 475 1736 1735 1737
6764 6 2 7 5 673 666 677 1935 1928 1939
6765 6 2 7 5 944 861 1013 2206 2123 2275
6766 6 2 7 5 706 708 709 1968 1970 1971
6767 6 2 7 5 744 750 1253 2006 2012 2515
6768 6 2 7 5 1022 874 1165 2284 2136 2427
6769 6 2 7 5 800 861 944 2062 2123 2206
6770 6 2 7 5 817 818 819 2079 2080 2081
6771 6 2 7 5 860 859 947 2122 2121 2209
6772 6 2 7 5 1136 1135 1201 2398 2397 2463
6773 6 2 7 5 1148 870 1424 2410 2132 2686
6774 6 2 7 5 805 804 806 2067 2066 2068
6775 6 2 7 5 858 701 883 2120 1963 2145
6776 6 2 7 5 785 787 788 2047 2049 2050
6777 6 2 7 5 1091 1092 1093 2353 2354 2355
6778 6 2 7 5 798 1195 1210 2060 2457 2472
6779 6 2 7 5 579 574 1378 1841 1836 2640
6780 6 2 7 5 809 733 866 2071 1995 2128
6781 6 2 7 5 401 1131 1132 1663 2393 2394
6782 6 2 7 5 565 563 566 1827 1825 1828
6783 6 2 7 5 566 563 1284 1828 1825 2546
6784 6 2 7 5 646 644 733 1908 1906 1995
6785 6 2 7 5 766 765 855 2028 2027 2117
6786 6 2 7 5 950 951 1112 2212 2213 2374
6787 6 2 7 5 765 708 1223 2027 1970 2485
6788 6 2 7 5 764 814 815 2026 2076 2077
6789 6 2 7 5 1221 1222 1298 2483 2484 2560
6790 6 2 7 5 904 500 1308 2166 1762 2570
6791 6 2 7 5 517 518 519 1779 1780 1781
6792 6 2 7 5 706 709 1268 1968 1971 2530
6793 6 2 7 5 931 771 1199 2193 2033 2461
6794 6 2 7 5 709 766 821 1971 2028 2083
6795 6 2 7 5 1136 1201 1255 2398 2463 2517
6796 6 2 7 5 43 44 417 219 218 1679
6797 6 2 7 5 120 119 420 229 228 1682
6798 6 2 7 5 859 744 1253 2121 2006 2515
6799 6 2 7 5 789 791 792 2051 2053 2054
6800 6 2 7 5 490 652 1299 1752 1914 2561
6801 6 2 7 5 731 859 860 1993 2121 2122
6802 6 2 7 5 594 592 882 1856 1854 2144
6803 6 2 7 5 1112 951 1113 2374 2213 2375
6804 6 2 7 5 819 879 950 2081 2141 2212
6805 6 2 7 5 750 1016 1253 2012 2278 2515
6806 6 2 7 5 874 866 1276 2136 2128 2538
6807 6 2 7 5 881 1135 1136 2143 2397 2398
6808 6 2 7 5 813 957 958 2075 2219 2220
6809 6 2 7 5 534 505 1254 1796 1767 2516
6810 6 2 7 5 702 704 888 1964 1966 2150
6811 6 2 7 5 758 782 784 2020 2044 2046
6812 6 2 7 5 1030 1031 1032 2292 2293 2294
6813 6 2 7 5 521 522 523 1783 1784 1785
6814 6 2 7 5 453 452 1239 1715 1714 2501
6815 6 2 7 5 567 566 1286 1829 1828 2548
6816 6 2 7 5 50 51 404 212 211 1666
6817 6 2 7 5 127 126 401 236 235 1663
6818 6 2 7 5 843 849 850 2105 2111 2112
6819 6 2 7 5 481 483 484 1743 1745 1746
6820 6 2 7 5 801 799 802 2063 2061 2064
6821 6 2 7 5 455 456 457 1717 1718 1719
6822 6 2 7 5 772 930 932 2034 2192 2194
6823 6 2 7 5 912 743 913 2174 2005 2175
6824 6 2 7 5 953 882 954 2215 2144 2216
6825 6 2 7 5 807 806 808 2069 2068 2070
6826 6 2 7 5 709 821 1268 1971 2083 2530
6827 6 2 7 5 519 520 521 1781 1782 1783
6828 6 2 7 5 1250 906 1251 2512 2168 2513
6829 6 2 7 5 477 476 1275 1739 1738 2537
6830 6 2 7 5 887 810 940 2149 2072 2202
6831 6 2 7 5 866 733 867 2128 1995 2129
6832 6 2 7 5 793 795 796 2055 2057 2058
6833 6 2 7 5 642 702 1266 1904 1964 2528
6834 6 2 7 5 82 81 402 311 312 1664
6835 6 2 7 5 157 158 403 271 272 1665
6836 6 2 7 5 792 793 1233 2054 2055 2495
6837 6 2 7 5 479 480 481 1741 1742 1743
6838 6 2 7 5 704 706 1268 1966 1968 2530
6839 6 2 7 5 483 480 720 1745 1742 1982
6840 6 2 7 5 484 486 651 1746 1748 1913
6841 6 2 7 5 628 627 630 1890 1889 1892
6842 6 2 7 5 769 768 845 2031 2030 2107
6843 6 2 7 5 839 841 842 2101 2103 2104
6844 6 2 7 5 779 726 835 2041 1988 2097
6845 6 2 7 5 479 481 482 1741 1743 1744
6846 6 2 7 5 640 642 1266 1902 1904 2528
6847 6 2 7 5 918 913 1062 2180 2175 2324
6848 6 2 7 5 590 955 956 1852 2217 2218
6849 6 2 7 5 822 683 1404 2084 1945 2666
6850 6 2 7 5 537 543 544 1799 1805 1806
6851 6 2 7 5 950 879 951 2212 2141 2213
6852 6 2 7 5 869 808 870 2131 2070 2132
6853 6 2 7 5 867 1273 1295 2129 2535 2557
6854 6 2 7 5 984 983 986 2246 2245 2248
6855 6 2 7 5 492 489 1280 1754 1751 2542
6856 6 2 7 5 1165 874 1276 2427 2136 2538
6857 6 2 7 5 789 792 1290 2051 2054 2552
6858 6 2 7 5 487 485 488 1749 1747 1750
6859 6 2 7 5 552 545 580 1814 1807 1842
6860 6 2 7 5 569 567 570 1831 1829 1832
6861 6 2 7 5 764 694 814 2026 1956 2076
6862 6 2 7 5 702 888 1266 1964 2150 2528
6863 6 2 7 5 867 733 1273 2129 1995 2535
6864 6 2 7 5 834 775 925 2096 2037 2187
6865 6 2 7 5 479 477 480 1741 1739 1742
6866 6 2 7 5 888 704 1268 2150 1966 2530
6867 6 2 7 5 819 818 879 2081 2080 2141
6868 6 2 7 5 402 1153 1154 1664 2415 2416
6869 6 2 7 5 456 453 1239 1718 1715 2501
6870 6 2 7 5 566 1285 1286 1828 2547 2548
6871 6 2 7 5 797 798 799 2059 2060 2061
6872 6 2 7 5 455 457 1225 1717 1719 2487
6873 6 2 7 5 575 574 579 1837 1836 1841
6874 6 2 7 5 817 815 818 2079 2077 2080
6875 6 2 7 5 569 571 572 1831 1833 1834
6876 6 2 7 5 573 575 576 1835 1837 1838
6877 6 2 7 5 770 823 844 2032 2085 2106
6878 6 2 7 5 796 795 797 2058 2057 2059
6879 6 2 7 5 719 738 777 1981 2000 2039
6880 6 2 7 5 883 701 1208 2145 1963 2470
6881 6 2 7 5 879 818 952 2141 2080 2214
6882 6 2 7 5 565 567 568 1827 1829 1830
6883 6 2 7 5 1273 1240 1295 2535 2502 2557
6884 6 2 7 5 499 905 1245 1761 2167 2507
6885 6 2 7 5 502 497 1245 1764 1759 2507
6886 6 2 7 5 484 483 485 1746 1745 1747
6887 6 2 7 5 514 512 549 1776 1774 1811
6888 6 2 7 5 726 692 1260 1988 1954 2522
6889 6 2 7 5 711 675 1315 1973 1937 2577
6890 6 2 7 5 1309 824 1337 2571 2086 2599
6891 6 2 7 5 518 516 655 1780 1778 1917
6892 6 2 7 5 498 502 503 1760 1764 1765
6893 6 2 7 5 651 964 1111 1913 2226 2373
6894 6 2 7 5 507 504 508 1769 1766 1770
6895 6 2 7 5 632 1240 1273 1894 2502 2535
6896 6 2 7 5 953 954 1310 2215 2216 2572
6897 6 2 7 5 871 1007 1019 2133 2269 2281
6898 6 2 7 5 902 903 1317 2164 2165 2579
6899 6 2 7 5 536 508 547 1798 1770 1809
6900 6 2 7 5 866 867 868 2128 2129 2130
6901 6 2 7 5 560 559 561 1822 1821 1823
6902 6 2 7 5 592 586 1238 1854 1848 2500
6903 6 2 7 5 799 798 1210 2061 2060 2472
6904 6 2 7 5 1228 953 1295 2490 2215 2557
6905 6 2 7 5 688 633 1173 1950 1895 2435
6906 6 2 7 5 561 563 564 1823 1825 1826
6907 6 2 7 5 866 868 1276 2128 2130 2538
6908 6 2 7 5 739 737 1243 2001 1999 2505
6909 6 2 7 5 797 799 800 2059 2061 2062
6910 6 2 7 5 480 477 1275 1742 1739 2537
6911 6 2 7 5 651 1111 1270 1913 2373 2532
6912 6 2 7 5 655 516 1288 1917 1778 2550
6913 6 2 7 5 733 644 1273 1995 1906 2535
6914 6 2 7 5 753 534 1254 2015 1796 2516
6915 6 2 7 5 842 841 843 2104 2103 2105
6916 6 2 7 5 720 480 1275 1982 1742 2537
6917 6 2 7 5 481 480 483 1743 1742 1745
6918 6 2 7 5 1234 1233 1235 2496 2495 2497
6919 6 2 7 5 652 1251 1344 1914 2513 2606
6920 6 2 7 5 801 802 803 2063 2064 2065
6921 6 2 7 5 644 632 1273 1906 1894 2535
6922 6 2 7 5 454 453 455 1716 1715 1717
6923 6 2 7 5 515 516 517 1777 1778 1779
6924 6 2 7 5 460 886 1225 1722 2148 2487
6925 6 2 7 5 541 534 753 1803 1796 2015
6926 6 2 7 5 692 723 1260 1954 1985 2522
6927 6 2 7 5 1016 752 1328 2278 2014 2590
6928 6 2 7 5 460 462 886 1722 1724 2148
6929 6 2 7 5 683 725 1265 1945 1987 2527
6930 6 2 7 5 635 630 685 1897 1892 1947
6931 6 2 7 5 1207 1338 1349 2469 2600 2611
6932 6 2 7 5 805 806 807 2067 2068 2069
6933 6 2 7 5 914 915 1094 2176 2177 2356
6934 6 2 7 5 774 691 775 2036 1953 2037
6935 6 2 7 5 803 804 805 2065 2066 2067
6936 6 2 7 5 852 853 854 2114 2115 2116
6937 6 2 7 5 561 562 563 1823 1824 1825
6938 6 2 7 5 681 768 769 1943 2030 2031
6939 6 2 7 5 684 728 767 1946 1990 2029
6940 6 2 7 5 807 808 869 2069 2070 2131
6941 6 2 7 5 952 818 1291 2214 2080 2553
6942 6 2 7 5 936 908 937 2198 2170 2199
6943 6 2 7 5 723 827 902 1985 2089 2164
6944 6 2 7 5 868 1310 1329 2130 2572 2591
6945 6 2 7 5 501 500 504 1763 1762 1766
6946 6 2 7 5 499 501 905 1761 1763 2167
6947 6 2 7 5 939 938 989 2201 2200 2251
6948 6 2 7 5 573 571 574 1835 1833 1836
6949 6 2 7 5 946 736 1278 2208 1998 2540
6950 6 2 7 5 1013 861 1014 2275 2123 2276
6951 6 2 7 5 982 981 983 2244 2243 2245
6952 6 2 7 5 565 566 567 1827 1828 1829
6953 6 2 7 5 660 669 670 1922 1931 1932
6954 6 2 7 5 523 524 525 1785 1786 1787
6955 6 2 7 5 977 975 1347 2239 2237 2609
6956 6 2 7 5 495 494 496 1757 1756 1758
6957 6 2 7 5 493 492 494 1755 1754 1756
6958 6 2 7 5 800 801 861 2062 2063 2123
6959 6 2 7 5 800 799 801 2062 2061 2063
6960 6 2 7 5 494 492 748 1756 1754 2010
6961 6 2 7 5 522 520 542 1784 1782 1804
6962 6 2 7 5 903 996 1317 2165 2258 2579
6963 6 2 7 5 511 512 513 1773 1774 1775
6964 6 2 7 5 803 805 862 2065 2067 2124
6965 6 2 7 5 638 455 1225 1900 1717 2487
6966 6 2 7 5 497 496 499 1759 1758 1761
6967 6 2 7 5 481 484 1270 1743 1746 2532
6968 6 2 7 5 774 775 834 2036 2037 2096
6969 6 2 7 5 1129 1141 1142 2391 2403 2404
6970 6 2 7 5 1264 1280 1283 2526 2542 2545
6971 6 2 7 5 79 78 1301 314 315 2563
6972 6 2 7 5 487 489 490 1749 1751 1752
6973 6 2 7 5 788 789 1290 2050 2051 2552
6974 6 2 7 5 498 503 906 1760 1765 2168
6975 6 2 7 5 563 562 1284 1825 1824 2546
6976 6 2 7 5 486 485 487 1748 1747 1749
6977 6 2 7 5 659 661 662 1921 1923 1924
6978 6 2 7 5 792 1234 1290 2054 2496 2552
6979 6 2 7 5 564 563 565 1826 1825 1827
6980 6 2 7 5 792 1233 1234 2054 2495 2496
6981 6 2 7 5 883 1208 1345 2145 2470 2607
6982 6 2 7 5 815 814 1291 2077 2076 2553
6983 6 2 7 5 844 823 916 2106 2085 2178
6984 6 2 7 5 568 567 569 1830 1829 1831
6985 6 2 7 5 680 654 692 1942 1916 1954
6986 6 2 7 5 898 896 1214 2160 2158 2476
6987 6 2 7 5 670 671 718 1932 1933 1980
6988 6 2 7 5 748 492 1280 2010 1754 2542
6989 6 2 7 5 497 499 1245 1759 1761 2507
6990 6 2 7 5 758 784 1278 2020 2046 2540
6991 6 2 7 5 667 684 1271 1929 1946 2533
6992 6 2 7 5 484 651 1270 1746 1913 2532
6993 6 2 7 5 653 580 654 1915 1842 1916
6994 6 2 7 5 476 473 1333 1738 1735 2595
6995 6 2 7 5 569 570 571 1831 1832 1833
6996 6 2 7 5 513 514 515 1775 1776 1777
6997 6 2 7 5 846 845 969 2108 2107 2231
6998 6 2 7 5 623 721 810 1885 1983 2072
6999 6 2 7 5 1136 1255 1298 2398 2517 2560
7000 6 2 7 5 528 525 1287 1790 1787 2549
7001 6 2 7 5 572 571 573 1834 1833 1835
7002 6 2 7 5 128 1175 1261 237 2437 2523
7003 6 2 7 5 564 1235 1405 1826 2497 2667
7004 6 2 7 5 736 758 1278 1998 2020 2540
7005 6 2 7 5 818 815 1291 2080 2077 2553
7006 6 2 7 5 1240 1228 1295 2502 2490 2557
7007 6 2 7 5 526 657 756 1788 1919 2018
7008 6 2 7 5 1271 767 1272 2533 2029 2534
7009 6 2 7 5 74 73 1257 319 320 2519
7010 6 2 7 5 1267 888 1297 2529 2150 2559
7011 6 2 7 5 451 453 454 1713 1715 1716
7012 6 2 7 5 487 488 489 1749 1750 1751
7013 6 2 7 5 872 1083 1084 2134 2345 2346
7014 6 2 7 5 834 925 992 2096 2187 2254
7015 6 2 7 5 834 992 1002 2096 2254 2264
7016 6 2 7 5 503 505 506 1765 1767 1768
7017 6 2 7 5 728 774 776 1990 2036 2038
7018 6 2 7 5 882 592 1238 2144 1854 2500
7019 6 2 7 5 1268 821 1297 2530 2083 2559
7020 6 2 7 5 888 1268 1297 2150 2530 2559
7021 6 2 7 5 634 687 754 1896 1949 2016
7022 6 2 7 5 684 767 1271 1946 2029 2533
7023 6 2 7 5 409 122 1149 1671 231 2411
7024 6 2 7 5 1144 1142 1145 2406 2404 2407
7025 6 2 7 5 662 663 664 1924 1925 1926
7026 6 2 7 5 871 1006 1007 2133 2268 2269
7027 6 2 7 5 516 514 1288 1778 1776 2550
7028 6 2 7 5 73 72 442 320 321 1704
7029 6 2 7 5 148 149 443 262 263 1705
7030 6 2 7 5 762 761 847 2024 2023 2109
7031 6 2 7 5 1234 1235 1236 2496 2497 2498
7032 6 2 7 5 502 1245 1254 1764 2507 2516
7033 6 2 7 5 651 486 901 1913 1748 2163
7034 6 2 7 5 1269 1136 1298 2531 2398 2560
7035 6 2 7 5 728 691 774 1990 1953 2036
7036 6 2 7 5 521 520 522 1783 1782 1784
7037 6 2 7 5 710 675 711 1972 1937 1973
7038 6 2 7 5 490 489 492 1752 1751 1754
7039 6 2 7 5 519 518 520 1781 1780 1782
7040 6 2 7 5 1215 647 1293 2477 1909 2555
7041 6 2 7 5 803 862 1292 2065 2124 2554
7042 6 2 7 5 557 556 583 1819 1818 1845
7043 6 2 7 5 886 462 963 2148 1724 2225
7044 6 2 7 5 523 522 524 1785 1784 1786
7045 6 2 7 5 1081 1383 1387 2343 2645 2649
7046 6 2 7 5 454 455 638 1716 1717 1900
7047 6 2 7 5 520 518 1294 1782 1780 2556
7048 6 2 7 5 807 869 871 2069 2131 2133
7049 6 2 7 5 825 959 1100 2087 2221 2362
7050 6 2 7 5 482 481 1270 1744 1743 2532
7051 6 2 7 5 584 583 616 1846 1845 1878
7052 6 2 7 5 499 496 500 1761 1758 1762
7053 6 2 7 5 1299 652 1344 2561 1914 2606
7054 6 2 7 5 871 869 1006 2133 2131 2268
7055 6 2 7 5 1220 1218 1307 2482 2480 2569
7056 6 2 7 5 1129 1142 1143 2391 2404 2405
7057 6 2 7 5 573 574 575 1835 1836 1837
7058 6 2 7 5 617 616 627 1879 1878 1889
7059 6 2 7 5 908 718 1249 2170 1980 2511
7060 6 2 7 5 718 719 1249 1980 1981 2511
7061 6 2 7 5 517 516 518 1779 1778 1780
7062 6 2 7 5 1004 931 1199 2266 2193 2461
7063 6 2 7 5 662 661 663 1924 1923 1925
7064 6 2 7 5 1237 568 1400 2499 1830 2662
7065 6 2 7 5 964 901 965 2226 2163 2227
7066 6 2 7 5 511 510 512 1773 1772 1774
7067 6 2 7 5 664 665 666 1926 1927 1928
7068 6 2 7 5 851 850 852 2113 2112 2114
7069 6 2 7 5 1358 950 1361 2620 2212 2623
7070 6 2 7 5 506 509 510 1768 1771 1772
7071 6 2 7 5 544 543 556 1806 1805 1818
7072 6 2 7 5 550 585 587 1812 1847 1849
7073 6 2 7 5 940 810 1320 2202 2072 2582
7074 6 2 7 5 536 547 1304 1798 1809 2566
7075 6 2 7 5 973 844 1314 2235 2106 2576
7076 6 2 7 5 1004 1199 1200 2266 2461 2462
7077 6 2 7 5 830 711 831 2092 1973 2093
7078 6 2 7 5 877 739 1243 2139 2001 2505
7079 6 2 7 5 532 530 535 1794 1792 1797
7080 6 2 7 5 755 1170 1388 2017 2432 2650
7081 6 2 7 5 903 994 996 2165 2256 2258
7082 6 2 7 5 576 575 1319 1838 1837 2581
7083 6 2 7 5 889 711 1315 2151 1973 2577
7084 6 2 7 5 740 742 1316 2002 2004 2578
7085 6 2 7 5 542 520 1294 1804 1782 2556
7086 6 2 7 5 1289 1271 1335 2551 2533 2597
7087 6 2 7 5 684 672 691 1946 1934 1953
7088 6 2 7 5 851 852 1334 2113 2114 2596
7089 6 2 7 5 499 500 501 1761 1762 1763
7090 6 2 7 5 623 581 721 1885 1843 1983
7091 6 2 7 5 956 955 1354 2218 2217 2616
7092 6 2 7 5 664 663 665 1926 1925 1927
7093 6 2 7 5 507 536 537 1769 1798 1799
7094 6 2 7 5 960 828 961 2222 2090 2223
7095 6 2 7 5 506 510 511 1768 1772 1773
7096 6 2 7 5 472 469 1342 1734 1731 2604
7097 6 2 7 5 825 721 910 2087 1983 2172
7098 6 2 7 5 684 691 728 1946 1953 1990
7099 6 2 7 5 872 854 914 2134 2116 2176
7100 6 2 7 5 905 501 1309 2167 1763 2571
7101 6 2 7 5 730 716 833 1992 1978 2095
7102 6 2 7 5 724 1289 1335 1986 2551 2597
7103 6 2 7 5 1046 940 1053 2308 2202 2315
7104 6 2 7 5 1222 1269 1298 2484 2531 2560
7105 6 2 7 5 667 665 672 1929 1927 1934
7106 6 2 7 5 582 588 621 1844 1850 1883
7107 6 2 7 5 663 661 668 1925 1923 1930
7108 6 2 7 5 928 911 929 2190 2173 2191
7109 6 2 7 5 1014 861 1292 2276 2123 2554
7110 6 2 7 5 66 1037 1114 196 2299 2376
7111 6 2 7 5 651 901 964 1913 2163 2226
7112 6 2 7 5 826 722 828 2088 1984 2090
7113 6 2 7 5 926 1209 1323 2188 2471 2585
7114 6 2 7 5 1274 1124 1409 2536 2386 2671
7115 6 2 7 5 667 672 684 1929 1934 1946
7116 6 2 7 5 494 748 1308 1756 2010 2570
7117 6 2 7 5 1143 1142 1144 2405 2404 2406
7118 6 2 7 5 682 677 724 1944 1939 1986
7119 6 2 7 5 769 845 846 2031 2107 2108
7120 6 2 7 5 666 665 667 1928 1927 1929
7121 6 2 7 5 583 556 625 1845 1818 1887
7122 6 2 7 5 778 939 1316 2040 2201 2578
7123 6 2 7 5 844 916 971 2106 2178 2233
7124 6 2 7 5 537 536 543 1799 1798 1805
7125 6 2 7 5 752 875 1328 2014 2137 2590
7126 6 2 7 5 1062 913 1064 2324 2175 2326
7127 6 2 7 5 526 756 1287 1788 2018 2549
7128 6 2 7 5 923 919 966 2185 2181 2228
7129 6 2 7 5 1039 422 1051 2301 1684 2313
7130 6 2 7 5 501 504 507 1763 1766 1769
7131 6 2 7 5 838 839 1338 2100 2101 2600
7132 6 2 7 5 843 850 851 2105 2112 2113
7133 6 2 7 5 667 1271 1289 1929 2533 2551
7134 6 2 7 5 513 512 514 1775 1774 1776
7135 6 2 7 5 585 590 1281 1847 1852 2543
7136 6 2 7 5 825 910 959 2087 2172 2221
7137 6 2 7 5 676 710 712 1938 1972 1974
7138 6 2 7 5 581 541 1321 1843 1803 2583
7139 6 2 7 5 674 675 676 1936 1937 1938
7140 6 2 7 5 905 1337 1340 2167 2599 2602
7141 6 2 7 5 861 801 1292 2123 2063 2554
7142 6 2 7 5 659 660 661 1921 1922 1923
7143 6 2 7 5 810 721 825 2072 1983 2087
7144 6 2 7 5 575 579 582 1837 1841 1844
7145 6 2 7 5 515 514 516 1777 1776 1778
7146 6 2 7 5 647 681 1293 1909 1943 2555
7147 6 2 7 5 879 952 1330 2141 2214 2592
7148 6 2 7 5 943 898 1214 2205 2160 2476
7149 6 2 7 5 1084 1370 1379 2346 2632 2641
7150 6 2 7 5 507 537 1309 1769 1799 2571
7151 6 2 7 5 778 938 939 2040 2200 2201
7152 6 2 7 5 901 486 1299 2163 1748 2561
7153 6 2 7 5 801 803 1292 2063 2065 2554
7154 6 2 7 5 936 937 991 2198 2199 2253
7155 6 2 7 5 525 524 526 1787 1786 1788
7156 6 2 7 5 659 662 1312 1921 1924 2574
7157 6 2 7 5 526 524 656 1788 1786 1918
7158 6 2 7 5 659 658 660 1921 1920 1922
7159 6 2 7 5 545 538 1352 1807 1800 2614
7160 6 2 7 5 543 536 1304 1805 1798 2566
7161 6 2 7 5 825 1100 1320 2087 2362 2582
7162 6 2 7 5 714 712 832 1976 1974 2094
7163 6 2 7 5 631 618 1356 1893 1880 2618
7164 6 2 7 5 886 963 1036 2148 2225 2298
7165 6 2 7 5 125 430 1130 234 1692 2392
7166 6 2 7 5 857 729 911 2119 1991 2173
7167 6 2 7 5 1209 672 1306 2471 1934 2568
7168 6 2 7 5 1205 838 1338 2467 2100 2600
7169 6 2 7 5 830 967 968 2092 2229 2230
7170 6 2 7 5 677 666 1289 1939 1928 2551
7171 6 2 7 5 681 769 1293 1943 2031 2555
7172 6 2 7 5 807 871 1305 2069 2133 2567
7173 6 2 7 5 582 621 674 1844 1883 1936
7174 6 2 7 5 870 808 1420 2132 2070 2682
7175 6 2 7 5 842 843 1300 2104 2105 2562
7176 6 2 7 5 541 753 1321 1803 2015 2583
7177 6 2 7 5 922 638 1313 2184 1900 2575
7178 6 2 7 5 986 983 987 2248 2245 2249
7179 6 2 7 5 808 1416 1420 2070 2678 2682
7180 6 2 7 5 1208 631 1345 2470 1893 2607
7181 6 2 7 5 507 508 536 1769 1770 1798
7182 6 2 7 5 852 854 872 2114 2116 2134
7183 6 2 7 5 976 977 978 2238 2239 2240
7184 6 2 7 5 663 668 1306 1925 1930 2568
7185 6 2 7 5 872 914 1083 2134 2176 2345
7186 6 2 7 5 674 621 675 1936 1883 1937
7187 6 2 7 5 997 980 998 2259 2242 2260
7188 6 2 7 5 1053 940 1320 2315 2202 2582
7189 6 2 7 5 500 496 1308 1762 1758 2570
7190 6 2 7 5 1225 886 1313 2487 2148 2575
7191 6 2 7 5 657 658 659 1919 1920 1921
7192 6 2 7 5 878 1119 1406 2140 2381 2668
7193 6 2 7 5 868 867 1310 2130 2129 2572
7194 6 2 7 5 710 711 830 1972 1973 2092
7195 6 2 7 5 774 834 1331 2036 2096 2593
7196 6 2 7 5 638 1225 1313 1900 2487 2575
7197 6 2 7 5 590 956 1281 1852 2218 2543
7198 6 2 7 5 666 667 1289 1928 1929 2551
7199 6 2 7 5 473 472 1333 1735 1734 2595
7200 6 2 7 5 1295 953 1310 2557 2215 2572
7201 6 2 7 5 525 526 1287 1787 1788 2549
7202 6 2 7 5 657 656 658 1919 1918 1920
7203 6 2 7 5 486 487 1299 1748 1749 2561
7204 6 2 7 5 928 929 993 2190 2191 2255
7205 6 2 7 5 721 581 1321 1983 1843 2583
7206 6 2 7 5 909 908 936 2171 2170 2198
7207 6 2 7 5 955 1293 1354 2217 2555 2616
7208 6 2 7 5 506 511 1327 1768 1773 2589
7209 6 2 7 5 970 969 974 2232 2231 2236
7210 6 2 7 5 487 490 1299 1749 1752 2561
7211 6 2 7 5 526 656 657 1788 1918 1919
7212 6 2 7 5 75 74 418 318 319 1680
7213 6 2 7 5 122 121 1149 231 230 2411
7214 6 2 7 5 150 151 419 264 265 1681
7215 6 2 7 5 951 1330 1339 2213 2592 2601
7216 6 2 7 5 862 805 1305 2124 2067 2567
7217 6 2 7 5 867 1295 1310 2129 2557 2572
7218 6 2 7 5 951 879 1330 2213 2141 2592
7219 6 2 7 5 724 677 1289 1986 1939 2551
7220 6 2 7 5 754 687 1341 2016 1949 2603
7221 6 2 7 5 449 451 1326 1711 1713 2588
7222 6 2 7 5 907 718 908 2169 1980 2170
7223 6 2 7 5 496 494 1308 1758 1756 2570
7224 6 2 7 5 676 675 710 1938 1937 1972
7225 6 2 7 5 760 638 922 2022 1900 2184
7226 6 2 7 5 668 661 1332 1930 1923 2594
7227 6 2 7 5 863 833 919 2125 2095 2181
7228 6 2 7 5 766 948 1361 2028 2210 2623
7229 6 2 7 5 810 825 1320 2072 2087 2582
7230 6 2 7 5 905 1309 1337 2167 2571 2599
7231 6 2 7 5 907 908 909 2169 2170 2171
7232 6 2 7 5 830 831 967 2092 2093 2229
7233 6 2 7 5 901 1299 1344 2163 2561 2606
7234 6 2 7 5 1113 951 1339 2375 2213 2601
7235 6 2 7 5 665 663 1306 1927 1925 2568
7236 6 2 7 5 670 718 907 1932 1980 2169
7237 6 2 7 5 852 872 1334 2114 2134 2596
7238 6 2 7 5 547 550 1303 1809 1812 2565
7239 6 2 7 5 627 616 679 1889 1878 1941
7240 6 2 7 5 454 638 760 1716 1900 2022
7241 6 2 7 5 906 503 1327 2168 1765 2589
7242 6 2 7 5 980 977 1347 2242 2239 2609
7243 6 2 7 5 826 828 960 2088 2090 2222
7244 6 2 7 5 501 507 1309 1763 1769 2571
7245 6 2 7 5 540 578 1366 1802 1840 2628
7246 6 2 7 5 692 654 722 1954 1916 1984
7247 6 2 7 5 625 556 1318 1887 1818 2580
7248 6 2 7 5 805 807 1305 2067 2069 2567
7249 6 2 7 5 743 741 1336 2005 2003 2598
7250 6 2 7 5 886 1036 1313 2148 2298 2575
7251 6 2 7 5 692 722 723 1954 1984 1985
7252 6 2 7 5 839 842 1338 2101 2104 2600
7253 6 2 7 5 587 585 1281 1849 1847 2543
7254 6 2 7 5 843 851 1300 2105 2113 2562
7255 6 2 7 5 834 1002 1331 2096 2264 2593
7256 6 2 7 5 510 509 1353 1772 1771 2615
7257 6 2 7 5 53 54 435 209 208 1697
7258 6 2 7 5 130 129 436 239 238 1698
7259 6 2 7 5 776 774 1331 2038 2036 2593
7260 6 2 7 5 85 84 433 308 309 1695
7261 6 2 7 5 160 161 434 274 275 1696
7262 6 2 7 5 583 625 1343 1845 1887 2605
7263 6 2 7 5 857 928 1001 2119 2190 2263
7264 6 2 7 5 844 971 1314 2106 2233 2576
7265 6 2 7 5 469 468 1342 1731 1730 2604
7266 6 2 7 5 753 1254 1340 2015 2516 2602
7267 6 2 7 5 1271 1272 1335 2533 2534 2597
7268 6 2 7 5 835 726 1260 2097 1988 2522
7269 6 2 7 5 53 435 1227 209 1697 2489
7270 6 2 7 5 685 729 761 1947 1991 2023
7271 6 2 7 5 543 1304 1318 1805 2566 2580
7272 6 2 7 5 1254 1245 1340 2516 2507 2602
7273 6 2 7 5 979 980 981 2241 2242 2243
7274 6 2 7 5 73 442 1257 320 1704 2519
7275 6 2 7 5 654 580 1324 1916 1842 2586
7276 6 2 7 5 547 1303 1304 1809 2565 2566
7277 6 2 7 5 723 722 826 1985 1984 2088
7278 6 2 7 5 890 892 895 2152 2154 2157
7279 6 2 7 5 846 969 970 2108 2231 2232
7280 6 2 7 5 872 1084 1334 2134 2346 2596
7281 6 2 7 5 1245 905 1340 2507 2167 2602
7282 6 2 7 5 661 660 1332 1923 1922 2594
7283 6 2 7 5 687 772 1341 1949 2034 2603
7284 6 2 7 5 712 710 1325 1974 1972 2587
7285 6 2 7 5 902 827 903 2164 2089 2165
7286 6 2 7 5 656 524 1311 1918 1786 2573
7287 6 2 7 5 965 901 1344 2227 2163 2606
7288 6 2 7 5 1021 1020 1346 2283 2282 2608
7289 6 2 7 5 48 429 1282 214 1691 2544
7290 6 2 7 5 857 911 928 2119 2173 2190
7291 6 2 7 5 509 540 1353 1771 1802 2615
7292 6 2 7 5 626 1083 1384 1888 2345 2646
7293 6 2 7 5 910 721 1321 2172 1983 2583
7294 6 2 7 5 830 968 1325 2092 2230 2587
7295 6 2 7 5 1081 430 1383 2343 1692 2645
7296 6 2 7 5 828 722 1324 2090 1984 2586
7297 6 2 7 5 970 975 976 2232 2237 2238
7298 6 2 7 5 582 674 1319 1844 1936 2581
7299 6 2 7 5 522 542 1311 1784 1804 2573
7300 6 2 7 5 80 431 1152 313 1693 2414
7301 6 2 7 5 660 670 1332 1922 1932 2594
7302 6 2 7 5 436 129 1261 1698 238 2523
7303 6 2 7 5 1338 842 1349 2600 2104 2611
7304 6 2 7 5 962 1324 1352 2224 2586 2614
7305 6 2 7 5 978 977 979 2240 2239 2241
7306 6 2 7 5 1021 1396 1397 2283 2658 2659
7307 6 2 7 5 832 712 1325 2094 1974 2587
7308 6 2 7 5 503 506 1327 1765 1768 2589
7309 6 2 7 5 580 545 1352 1842 1807 2614
7310 6 2 7 5 575 582 1319 1837 1844 2581
7311 6 2 7 5 719 777 1249 1981 2039 2511
7312 6 2 7 5 1293 769 1354 2555 2031 2616
7313 6 2 7 5 474 1198 1421 1736 2460 2683
7314 6 2 7 5 556 543 1318 1818 1805 2580
7315 6 2 7 5 616 583 1343 1878 1845 2605
7316 6 2 7 5 884 1226 1398 2146 2488 2660
7317 6 2 7 5 685 630 729 1947 1892 1991
7318 6 2 7 5 981 980 997 2243 2242 2259
7319 6 2 7 5 1135 884 1351 2397 2146 2613
7320 6 2 7 5 912 918 1399 2174 2180 2661
7321 6 2 7 5 672 665 1306 1934 1927 2568
7322 6 2 7 5 723 826 827 1985 2088 2089
7323 6 2 7 5 1226 1021 1397 2488 2283 2659
7324 6 2 7 5 918 1063 1392 2180 2325 2654
7325 6 2 7 5 451 454 1326 1713 1716 2588
7326 6 2 7 5 710 830 1325 1972 2092 2587
7327 6 2 7 5 761 729 857 2023 1991 2119
7328 6 2 7 5 903 827 920 2165 2089 2182
7329 6 2 7 5 670 907 1332 1932 2169 2594
7330 6 2 7 5 550 587 1303 1812 1849 2565
7331 6 2 7 5 979 977 980 2241 2239 2242
7332 6 2 7 5 524 522 1311 1786 1784 2573
7333 6 2 7 5 1286 1285 1363 2548 2547 2625
7334 6 2 7 5 1402 444 1408 2664 1706 2670
7335 6 2 7 5 976 975 977 2238 2237 2239
7336 6 2 7 5 722 654 1324 1984 1916 2586
7337 6 2 7 5 83 1213 1368 310 2475 2630
7338 6 2 7 5 716 714 1355 1978 1976 2617
7339 6 2 7 5 913 743 1336 2175 2005 2598
7340 6 2 7 5 1226 1397 1398 2488 2659 2660
7341 6 2 7 5 412 47 1282 1674 215 2544
7342 6 2 7 5 870 1420 1424 2132 2682 2686
7343 6 2 7 5 470 1181 1422 1732 2443 2684
7344 6 2 7 5 842 1300 1349 2104 2562 2611
7345 6 2 7 5 618 619 1356 1880 1881 2618
7346 6 2 7 5 1285 1300 1363 2547 2562 2625
7347 6 2 7 5 1321 753 1359 2583 2015 2621
7348 6 2 7 5 1064 913 1336 2326 2175 2598
7349 6 2 7 5 1251 1388 1393 2513 2650 2655
7350 6 2 7 5 833 716 1355 2095 1978 2617
7351 6 2 7 5 1093 1092 1394 2355 2354 2656
7352 6 2 7 5 48 49 429 214 213 1691
7353 6 2 7 5 570 1286 1379 1832 2548 2641
7354 6 2 7 5 125 124 430 234 233 1692
7355 6 2 7 5 679 616 1343 1941 1878 2605
7356 6 2 7 5 714 832 1355 1976 2094 2617
7357 6 2 7 5 910 1321 1359 2172 2583 2621
7358 6 2 7 5 994 920 995 2256 2182 2257
7359 6 2 7 5 1084 1083 1378 2346 2345 2640
7360 6 2 7 5 919 833 924 2181 2095 2186
7361 6 2 7 5 1352 538 1371 2614 1800 2633
7362 6 2 7 5 903 920 994 2165 2182 2256
7363 6 2 7 5 970 974 975 2232 2236 2237
7364 6 2 7 5 998 980 1347 2260 2242 2609
7365 6 2 7 5 911 729 1350 2173 1991 2612
7366 6 2 7 5 429 49 1127 1691 213 2389
7367 6 2 7 5 986 987 1357 2248 2249 2619
7368 6 2 7 5 528 1287 1364 1790 2549 2626
7369 6 2 7 5 831 890 1348 2093 2152 2610
7370 6 2 7 5 927 926 1376 2189 2188 2638
7371 6 2 7 5 155 432 1302 269 1694 2564
7372 6 2 7 5 948 1098 1358 2210 2360 2620
7373 6 2 7 5 84 83 1368 309 310 2630
7374 6 2 7 5 627 679 1350 1889 1941 2612
7375 6 2 7 5 544 557 1377 1806 1819 2639
7376 6 2 7 5 1324 580 1352 2586 1842 2614
7377 6 2 7 5 1021 1346 1396 2283 2608 2658
7378 6 2 7 5 967 831 1348 2229 2093 2610
7379 6 2 7 5 784 785 1372 2046 2047 2634
7380 6 2 7 5 1340 1337 1359 2602 2599 2621
7381 6 2 7 5 769 846 1354 2031 2108 2616
7382 6 2 7 5 535 530 1364 1797 1792 2626
7383 6 2 7 5 80 79 431 313 314 1693
7384 6 2 7 5 155 156 432 269 270 1694
7385 6 2 7 5 78 411 1301 315 1673 2563
7386 6 2 7 5 574 571 1370 1836 1833 2632
7387 6 2 7 5 1300 851 1363 2562 2113 2625
7388 6 2 7 5 1069 433 1368 2331 1695 2630
7389 6 2 7 5 454 760 1326 1716 2022 2588
7390 6 2 7 5 956 1354 1369 2218 2616 2631
7391 6 2 7 5 478 1196 1418 1740 2458 2680
7392 6 2 7 5 418 74 1257 1680 319 2519
7393 6 2 7 5 918 1392 1399 2180 2654 2661
7394 6 2 7 5 630 627 1350 1892 1889 2612
7395 6 2 7 5 466 1180 1425 1728 2442 2687
7396 6 2 7 5 892 894 1360 2154 2156 2622
7397 6 2 7 5 1131 1130 1374 2393 2392 2636
7398 6 2 7 5 433 84 1368 1695 309 2630
7399 6 2 7 5 895 892 1360 2157 2154 2622
7400 6 2 7 5 1367 909 1376 2629 2171 2638
7401 6 2 7 5 907 909 1367 2169 2171 2629
7402 6 2 7 5 890 895 1348 2152 2157 2610
7403 6 2 7 5 924 833 1355 2186 2095 2617
7404 6 2 7 5 753 1340 1359 2015 2602 2621
7405 6 2 7 5 532 535 1371 1794 1797 2633
7406 6 2 7 5 729 630 1350 1991 1892 2612
7407 6 2 7 5 530 528 1364 1792 1790 2626
7408 6 2 7 5 788 1290 1362 2050 2552 2624
7409 6 2 7 5 1425 1180 1426 2687 2442 2688
7410 6 2 7 5 410 154 1302 1672 268 2564
7411 6 2 7 5 1158 1156 1365 2420 2418 2627
7412 6 2 7 5 578 624 1366 1840 1886 2628
7413 6 2 7 5 959 1373 1377 2221 2635 2639
7414 6 2 7 5 1100 873 1386 2362 2135 2648
7415 6 2 7 5 851 1334 1363 2113 2596 2625
7416 6 2 7 5 1216 1242 1390 2478 2504 2652
7417 6 2 7 5 970 976 1369 2232 2238 2631
7418 6 2 7 5 577 1019 1407 1839 2281 2669
7419 6 2 7 5 1373 824 1377 2635 2086 2639
7420 6 2 7 5 961 1389 1401 2223 2651 2663
7421 6 2 7 5 668 1332 1367 1930 2594 2629
7422 6 2 7 5 431 79 1301 1693 314 2563
7423 6 2 7 5 920 1412 1423 2182 2674 2685
7424 6 2 7 5 962 1352 1371 2224 2614 2633
7425 6 2 7 5 1357 929 1410 2619 2191 2672
7426 6 2 7 5 948 1358 1361 2210 2620 2623
7427 6 2 7 5 862 1305 1375 2124 2567 2637
7428 6 2 7 5 1370 1084 1378 2632 2346 2640
7429 6 2 7 5 1354 846 1369 2616 2108 2631
7430 6 2 7 5 1323 668 1367 2585 1930 2629
7431 6 2 7 5 538 532 1371 1800 1794 2633
7432 6 2 7 5 1332 907 1367 2594 2169 2629
7433 6 2 7 5 1429 1055 1437 2691 2317 2699
7434 6 2 7 5 482 1211 1417 1744 2473 2679
7435 6 2 7 5 910 1359 1373 2172 2621 2635
7436 6 2 7 5 1323 1367 1376 2585 2629 2638
7437 6 2 7 5 634 754 1382 1896 2016 2644
7438 6 2 7 5 788 1362 1372 2050 2624 2634
7439 6 2 7 5 846 970 1369 2108 2232 2631
7440 6 2 7 5 785 788 1372 2047 2050 2634
7441 6 2 7 5 1286 1363 1379 2548 2625 2641
7442 6 2 7 5 1359 1337 1373 2621 2599 2635
7443 6 2 7 5 571 570 1370 1833 1832 2632
7444 6 2 7 5 1369 976 1380 2631 2238 2642
7445 6 2 7 5 1100 959 1381 2362 2221 2643
7446 6 2 7 5 1083 914 1384 2345 2176 2646
7447 6 2 7 5 1305 1019 1375 2567 2281 2637
7448 6 2 7 5 959 910 1373 2221 2172 2635
7449 6 2 7 5 956 1369 1380 2218 2631 2642
7450 6 2 7 5 1224 759 1394 2486 2021 2656
7451 6 2 7 5 1042 415 1441 2304 1677 2703
7452 6 2 7 5 464 1230 1396 1726 2492 2658
7453 6 2 7 5 430 124 1383 1692 233 2645
7454 6 2 7 5 906 1327 1388 2168 2589 2650
7455 6 2 7 5 1161 420 1402 2423 1682 2664
7456 6 2 7 5 423 1041 1442 1685 2303 2704
7457 6 2 7 5 1047 1046 1395 2309 2308 2657
7458 6 2 7 5 1130 430 1374 2392 1692 2636
7459 6 2 7 5 625 1413 1414 1887 2675 2676
7460 6 2 7 5 1337 824 1373 2599 2086 2635
7461 6 2 7 5 1366 624 1382 2628 1886 2644
7462 6 2 7 5 824 544 1377 2086 1806 2639
7463 6 2 7 5 123 409 1383 232 1671 2645
7464 6 2 7 5 976 978 1380 2238 2240 2642
7465 6 2 7 5 1320 1100 1386 2582 2362 2648
7466 6 2 7 5 1388 1170 1393 2650 2432 2655
7467 6 2 7 5 1156 822 1401 2418 2084 2663
7468 6 2 7 5 409 1149 1385 1671 2411 2647
7469 6 2 7 5 420 119 1402 1682 228 2664
7470 6 2 7 5 961 962 1389 2223 2224 2651
7471 6 2 7 5 574 1370 1378 1836 2632 2640
7472 6 2 7 5 1346 464 1396 2608 1726 2658
7473 6 2 7 5 1363 1334 1379 2625 2596 2641
7474 6 2 7 5 978 1160 1391 2240 2422 2653
7475 6 2 7 5 1413 984 1414 2675 2246 2676
7476 6 2 7 5 118 444 1402 227 1706 2664
7477 6 2 7 5 1242 958 1387 2504 2220 2649
7478 6 2 7 5 926 1323 1376 2188 2585 2638
7479 6 2 7 5 1066 1366 1382 2328 2628 2644
7480 6 2 7 5 1377 557 1381 2639 1819 2643
7481 6 2 7 5 124 123 1383 233 232 2645
7482 6 2 7 5 1390 1093 1394 2652 2355 2656
7483 6 2 7 5 1344 1251 1393 2606 2513 2655
7484 6 2 7 5 1334 1084 1379 2596 2346 2641
7485 6 2 7 5 1149 1093 1385 2411 2355 2647
7486 6 2 7 5 1160 985 1403 2422 2247 2665
7487 6 2 7 5 796 1274 1409 2058 2536 2671
7488 6 2 7 5 1233 796 1409 2495 2058 2671
7489 6 2 7 5 1389 1365 1401 2651 2627 2663
7490 6 2 7 5 1281 956 1380 2543 2218 2642
7491 6 2 7 5 569 572 1400 1831 1834 2662
7492 6 2 7 5 624 634 1382 1886 1896 2644
7493 6 2 7 5 1318 1411 1413 2580 2673 2675
7494 6 2 7 5 959 1377 1381 2221 2639 2643
7495 6 2 7 5 958 1081 1387 2220 2343 2649
7496 6 2 7 5 407 136 1431 1669 245 2693
7497 6 2 7 5 1382 754 1392 2644 2016 2654
7498 6 2 7 5 914 1094 1384 2176 2356 2646
7499 6 2 7 5 971 916 1408 2233 2178 2670
7500 6 2 7 5 1318 1304 1411 2580 2566 2673
7501 6 2 7 5 1036 829 1430 2298 2091 2692
7502 6 2 7 5 1111 921 1415 2373 2183 2677
7503 6 2 7 5 1161 1402 1408 2423 2664 2670
7504 6 2 7 5 1053 1320 1386 2315 2582 2648
7505 6 2 7 5 1391 1160 1403 2653 2422 2665
7506 6 2 7 5 1341 772 1406 2603 2034 2668
7507 6 2 7 5 1251 906 1388 2513 2168 2650
7508 6 2 7 5 475 478 1418 1737 1740 2680
7509 6 2 7 5 1380 978 1391 2642 2240 2653
7510 6 2 7 5 471 474 1421 1733 1736 2683
7511 6 2 7 5 479 482 1417 1741 1744 2679
7512 6 2 7 5 1435 966 1436 2697 2228 2698
7513 6 2 7 5 759 1216 1390 2021 2478 2652
7514 6 2 7 5 1041 1042 1443 2303 2304 2705
7515 6 2 7 5 1119 1341 1406 2381 2603 2668
7516 6 2 7 5 467 470 1422 1729 1732 2684
7517 6 2 7 5 960 1265 1412 2222 2527 2674
7518 6 2 7 5 1063 1066 1392 2325 2328 2654
7519 6 2 7 5 1371 535 1389 2633 1797 2651
7520 6 2 7 5 920 827 1412 2182 2089 2674
7521 6 2 7 5 826 960 1412 2088 2222 2674
7522 6 2 7 5 1385 1242 1387 2647 2504 2649
7523 6 2 7 5 1270 1111 1415 2532 2373 2677
7524 6 2 7 5 1281 1380 1391 2543 2642 2653
7525 6 2 7 5 966 1431 1436 2228 2693 2698
7526 6 2 7 5 1179 781 1426 2441 2043 2688
7527 6 2 7 5 463 466 1425 1725 1728 2687
7528 6 2 7 5 1403 985 1411 2665 2247 2673
7529 6 2 7 5 1392 754 1399 2654 2016 2661
7530 6 2 7 5 1050 1047 1395 2312 2309 2657
7531 6 2 7 5 587 1281 1391 1849 2543 2653
7532 6 2 7 5 409 1385 1387 1671 2647 2649
7533 6 2 7 5 1396 1256 1397 2658 2518 2659
7534 6 2 7 5 572 1192 1400 1834 2454 2662
7535 6 2 7 5 1230 1256 1396 2492 2518 2658
7536 6 2 7 5 1007 1140 1407 2269 2402 2669
7537 6 2 7 5 535 1365 1389 1797 2627 2651
7538 6 2 7 5 1256 860 1397 2518 2122 2659
7539 6 2 7 5 963 462 1425 2225 1724 2687
7540 6 2 7 5 1397 860 1398 2659 2122 2660
7541 6 2 7 5 965 1344 1393 2227 2606 2655
7542 6 2 7 5 860 947 1398 2122 2209 2660
7543 6 2 7 5 1019 1007 1407 2281 2269 2669
7544 6 2 7 5 625 1318 1413 1887 2580 2675
7545 6 2 7 5 1066 1382 1392 2328 2644 2654
7546 6 2 7 5 1412 1265 1423 2674 2527 2685
7547 6 2 7 5 754 1341 1399 2016 2603 2661
7548 6 2 7 5 1442 1041 1443 2704 2303 2705
7549 6 2 7 5 962 1371 1389 2224 2633 2651
7550 6 2 7 5 911 1350 1410 2173 2612 2672
7551 6 2 7 5 587 1391 1403 1849 2653 2665
7552 6 2 7 5 119 118 1402 228 227 2664
7553 6 2 7 5 984 986 1414 2246 2248 2676
7554 6 2 7 5 1405 1235 1409 2667 2497 2671
7555 6 2 7 5 1401 822 1404 2663 2084 2666
7556 6 2 7 5 960 961 1404 2222 2223 2666
7557 6 2 7 5 1303 587 1403 2565 1849 2665
7558 6 2 7 5 1170 1148 1424 2432 2410 2686
7559 6 2 7 5 1365 1156 1401 2627 2418 2663
7560 6 2 7 5 916 1161 1408 2178 2423 2670
7561 6 2 7 5 772 932 1406 2034 2194 2668
7562 6 2 7 5 1235 1233 1409 2497 2495 2671
7563 6 2 7 5 759 1390 1394 2021 2652 2656
7564 6 2 7 5 1411 985 1413 2673 2247 2675
7565 6 2 7 5 923 966 1435 2185 2228 2697
7566 6 2 7 5 1313 1036 1430 2575 2298 2692
7567 6 2 7 5 1350 679 1410 2612 1941 2672
7568 6 2 7 5 986 1357 1419 2248 2619 2681
7569 6 2 7 5 1303 1403 1411 2565 2665 2673
7570 6 2 7 5 1304 1303 1411 2566 2565 2673
7571 6 2 7 5 1036 963 1428 2298 2225 2690
7572 6 2 7 5 985 984 1413 2247 2246 2675
7573 6 2 7 5 1414 986 1419 2676 2248 2681
7574 6 2 7 5 1410 679 1419 2672 1941 2681
7575 6 2 7 5 924 1355 1429 2186 2617 2691
7576 6 2 7 5 827 826 1412 2089 2088 2674
7577 6 2 7 5 1357 1410 1419 2619 2672 2681
7578 6 2 7 5 482 1270 1415 1744 2532 2677
7579 6 2 7 5 478 479 1417 1740 1741 2679
7580 6 2 7 5 1111 964 1416 2373 2226 2678
7581 6 2 7 5 474 475 1418 1736 1737 2680
7582 6 2 7 5 1343 625 1414 2605 1887 2676
7583 6 2 7 5 1416 964 1420 2678 2226 2682
7584 6 2 7 5 470 471 1421 1732 1733 2683
7585 6 2 7 5 964 965 1420 2226 2227 2682
7586 6 2 7 5 961 1401 1404 2223 2663 2666
7587 6 2 7 5 679 1343 1419 1941 2605 2681
7588 6 2 7 5 466 467 1422 1728 1729 2684
7589 6 2 7 5 1042 1441 1443 2304 2703 2705
7590 6 2 7 5 1265 725 1423 2527 1987 2685
7591 6 2 7 5 1393 1170 1424 2655 2432 2686
7592 6 2 7 5 1420 965 1424 2682 2227 2686
7593 6 2 7 5 1343 1414 1419 2605 2676 2681
7594 6 2 7 5 415 1082 1440 1677 2344 2702
7595 6 2 7 5 995 920 1423 2257 2182 2685
7596 6 2 7 5 462 463 1425 1724 1725 2687
7597 6 2 7 5 1180 1179 1426 2442 2441 2688
7598 6 2 7 5 415 1440 1441 1677 2702 2703
7599 6 2 7 5 971 1408 1427 2233 2670 2689
7600 6 2 7 5 1426 781 1428 2688 2043 2690
7601 6 2 7 5 966 919 1433 2228 2181 2695
7602 6 2 7 5 965 1393 1424 2227 2655 2686
7603 6 2 7 5 1355 832 1429 2617 2094 2691
7604 6 2 7 5 1438 968 1439 2700 2230 2701
7605 6 2 7 5 963 1426 1428 2225 2688 2690
7606 6 2 7 5 135 134 1436 244 243 2698
7607 6 2 7 5 407 1431 1433 1669 2693 2695
7608 6 2 7 5 1054 407 1437 2316 1669 2699
7609 6 2 7 5 922 1313 1430 2184 2575 2692
7610 6 2 7 5 136 135 1431 245 244 2693
7611 6 2 7 5 1408 444 1427 2670 1706 2689
7612 6 2 7 5 407 1433 1437 1669 2695 2699
7613 6 2 7 5 760 1117 1434 2022 2379 2696
7614 6 2 7 5 1082 438 1439 2344 1700 2701
7615 6 2 7 5 1326 760 1434 2588 2022 2696
7616 6 2 7 5 1005 1434 1435 2267 2696 2697
7617 6 2 7 5 1431 966 1433 2693 2228 2695
7618 6 2 7 5 1005 1326 1434 2267 2588 2696
7619 6 2 7 5 1325 968 1438 2587 2230 2700
7620 6 2 7 5 1433 924 1437 2695 2186 2699
7621 6 2 7 5 919 924 1433 2181 2186 2695
7622 6 2 7 5 427 1435 1436 1689 2697 2698
7623 6 2 7 5 427 1005 1435 1689 2267 2697
7624 6 2 7 5 1429 832 1438 2691 2094 2700
7625 6 2 7 5 1423 725 1432 2685 1987 2694
7626 6 2 7 5 1055 1429 1438 2317 2691 2700
7627 6 2 7 5 995 1423 1432 2257 2685 2694
7628 6 2 7 5 134 427 1436 243 1689 2698
7629 6 2 7 5 1082 1439 1440 2344 2701 2702
7630 6 2 7 5 924 1429 1437 2186 2691 2699
7631 6 2 7 5 1055 1438 1439 2317 2700 2701
7632 6 2 7 5 438 1055 1439 1700 2317 2701
7633 6 2 7 5 832 1325 1438 2094 2587 2700
7634 6 2 7 5 968 967 1440 2230 2229 2702
7635 6 2 7 5 1440 967 1441 2702 2229 2703
7636 6 2 7 5 967 1348 1441 2229 2610 2703
7637 6 2 7 5 1441 1348 1443 2703 2610 2705
7638 6 2 7 5 895 1360 1442 2157 2622 2704
7639 6 2 7 5 895 1442 1443 2157 2704 2705
7640 6 2 7 5 1348 895 1443 2610 2157 2705
7641 6 2 7 5 1439 968 1440 2701 2230 2702
7642 6 2 7 5 1076 894 1444 2338 2156 2706
7643 6 2 7 5 894 1151 1444 2156 2413 2706
7644 6 2 7 5 1075 1335 1501 2337 2597 2763
7645 6 2 7 5 1008 1493 1538 2270 2755 2800
7646 6 2 7 5 1001 1040 1485 2263 2302 2747
7647 6 2 7 5 418 1257 1496 1680 2519 2758
7648 6 2 7 5 1129 1143 1445 2391 2405 2707
7649 6 2 7 5 938 1469 1525 2200 2731 2787
7650 6 2 7 5 1474 426 1523 2736 1688 2785
7651 6 2 7 5 1477 440 1522 2739 1702 2784
7652 6 2 7 5 1493 974 1538 2755 2236 2800
7653 6 2 7 5 682 724 1446 1944 1986 2708
7654 6 2 7 5 1432 725 1446 2694 1987 2708
7655 6 2 7 5 1152 431 1447 2414 1693 2709
7656 6 2 7 5 429 1127 1448 1691 2389 2710
7657 6 2 7 5 176 177 1449 290 291 2711
7658 6 2 7 5 1029 1027 1449 2291 2289 2711
7659 6 2 7 5 117 116 1452 226 225 2714
7660 6 2 7 5 72 71 1450 321 322 2712
7661 6 2 7 5 147 148 1451 261 262 2713
7662 6 2 7 5 1427 444 1452 2689 1706 2714
7663 6 2 7 5 836 779 1453 2098 2041 2715
7664 6 2 7 5 1074 1072 1529 2336 2334 2791
7665 6 2 7 5 935 848 1454 2197 2110 2716
7666 6 2 7 5 993 929 1455 2255 2191 2717
7667 6 2 7 5 1357 987 1455 2619 2249 2717
7668 6 2 7 5 91 90 1456 302 303 2718
7669 6 2 7 5 59 60 1457 203 202 2719
7670 6 2 7 5 1128 1129 1445 2390 2391 2707
7671 6 2 7 5 76 75 1458 317 318 2720
7672 6 2 7 5 987 983 1459 2249 2245 2721
7673 6 2 7 5 981 997 1459 2243 2259 2721
7674 6 2 7 5 1038 1039 1454 2300 2301 2716
7675 6 2 7 5 1072 1071 1460 2334 2333 2722
7676 6 2 7 5 938 878 1469 2200 2140 2731
7677 6 2 7 5 1087 1088 1461 2349 2350 2723
7678 6 2 7 5 1003 1004 1461 2265 2266 2723
7679 6 2 7 5 157 403 1462 271 1665 2724
7680 6 2 7 5 1088 1049 1464 2350 2311 2726
7681 6 2 7 5 930 988 1466 2192 2250 2728
7682 6 2 7 5 403 158 1463 1665 272 2725
7683 6 2 7 5 432 156 1462 1694 270 2724
7684 6 2 7 5 160 434 1465 274 1696 2727
7685 6 2 7 5 397 163 1474 1659 277 2736
7686 6 2 7 5 1108 1106 1471 2370 2368 2733
7687 6 2 7 5 1104 152 1468 2366 266 2730
7688 6 2 7 5 164 426 1474 278 1688 2736
7689 6 2 7 5 933 990 1472 2195 2252 2734
7690 6 2 7 5 153 410 1468 267 1672 2730
7691 6 2 7 5 1107 1108 1470 2369 2370 2732
7692 6 2 7 5 150 419 1473 264 1681 2735
7693 6 2 7 5 443 149 1473 1705 263 2735
7694 6 2 7 5 405 168 1477 1667 282 2739
7695 6 2 7 5 740 1316 1475 2002 2578 2737
7696 6 2 7 5 777 738 1475 2039 2000 2737
7697 6 2 7 5 1079 1026 1476 2341 2288 2738
7698 6 2 7 5 169 440 1477 283 1702 2739
7699 6 2 7 5 1103 1102 1480 2365 2364 2742
7700 6 2 7 5 909 936 1478 2171 2198 2740
7701 6 2 7 5 927 1376 1478 2189 2638 2740
7702 6 2 7 5 1406 932 1469 2668 2194 2731
7703 6 2 7 5 949 1121 1495 2211 2383 2757
7704 6 2 7 5 837 836 1481 2099 2098 2743
7705 6 2 7 5 1070 416 1482 2332 1678 2744
7706 6 2 7 5 853 850 1483 2115 2112 2745
7707 6 2 7 5 1011 1012 1453 2273 2274 2715
7708 6 2 7 5 902 1317 1484 2164 2579 2746
7709 6 2 7 5 835 1260 1484 2097 2522 2746
7710 6 2 7 5 1032 1034 1521 2294 2296 2783
7711 6 2 7 5 1282 429 1528 2544 1691 2790
7712 6 2 7 5 431 1301 1527 1693 2563 2789
7713 6 2 7 5 1033 424 1503 2295 1686 2765
7714 6 2 7 5 857 1001 1485 2119 2263 2747
7715 6 2 7 5 847 761 1485 2109 2023 2747
7716 6 2 7 5 725 682 1446 1987 1944 2708
7717 6 2 7 5 1120 1121 1487 2382 2383 2749
7718 6 2 7 5 1090 1089 1487 2352 2351 2749
7719 6 2 7 5 724 1335 1513 1986 2597 2775
7720 6 2 7 5 1213 1154 1488 2475 2416 2750
7721 6 2 7 5 1069 1368 1488 2331 2630 2750
7722 6 2 7 5 1469 1060 1525 2731 2322 2787
7723 6 2 7 5 989 1474 1523 2251 2736 2785
7724 6 2 7 5 991 1477 1522 2253 2739 2784
7725 6 2 7 5 77 76 1489 316 317 2751
7726 6 2 7 5 90 89 1490 303 304 2752
7727 6 2 7 5 58 59 1491 204 203 2753
7728 6 2 7 5 763 1144 1506 2025 2406 2768
7729 6 2 7 5 1153 1152 1447 2415 2414 2709
7730 6 2 7 5 1127 1128 1448 2389 2390 2710
7731 6 2 7 5 1027 176 1449 2289 290 2711
7732 6 2 7 5 148 443 1451 262 1705 2713
7733 6 2 7 5 442 72 1450 1704 321 2712
7734 6 2 7 5 444 117 1452 1706 226 2714
7735 6 2 7 5 1001 928 1492 2263 2190 2754
7736 6 2 7 5 779 835 1453 2041 2097 2715
7737 6 2 7 5 1038 1454 1530 2300 2716 2792
7738 6 2 7 5 1143 763 1505 2405 2025 2767
7739 6 2 7 5 1347 975 1493 2609 2237 2755
7740 6 2 7 5 1097 1095 1494 2359 2357 2756
7741 6 2 7 5 1034 1507 1521 2296 2769 2783
7742 6 2 7 5 848 847 1454 2110 2109 2716
7743 6 2 7 5 1335 1272 1501 2597 2534 2763
7744 6 2 7 5 1151 999 1496 2413 2261 2758
7745 6 2 7 5 435 1061 1497 1697 2323 2759
7746 6 2 7 5 99 424 1498 294 1686 2760
7747 6 2 7 5 445 100 1498 1707 293 2760
7748 6 2 7 5 1045 1076 1499 2307 2338 2761
7749 6 2 7 5 971 1427 1500 2233 2689 2762
7750 6 2 7 5 974 969 1502 2236 2231 2764
7751 6 2 7 5 424 98 1503 1686 295 2765
7752 6 2 7 5 97 1070 1503 296 2332 2765
7753 6 2 7 5 1162 417 1504 2424 1679 2766
7754 6 2 7 5 1301 411 1494 2563 1673 2756
7755 6 2 7 5 412 1282 1495 1674 2544 2757
7756 6 2 7 5 929 1357 1455 2191 2619 2717
7757 6 2 7 5 408 91 1456 1670 302 2718
7758 6 2 7 5 60 406 1457 202 1668 2719
7759 6 2 7 5 763 764 1505 2025 2026 2767
7760 6 2 7 5 693 763 1506 1955 2025 2768
7761 6 2 7 5 972 768 1506 2234 2030 2768
7762 6 2 7 5 767 728 1507 2029 1990 2769
7763 6 2 7 5 10 146 1508 25 255 2770
7764 6 2 7 5 70 7 1509 192 22 2771
7765 6 2 7 5 7 147 1509 22 261 2771
7766 6 2 7 5 71 10 1508 322 25 2770
7767 6 2 7 5 11 101 1510 27 292 2772
7768 6 2 7 5 177 11 1510 291 27 2772
7769 6 2 7 5 6 40 1511 19 222 2773
7770 6 2 7 5 116 6 1511 225 19 2773
7771 6 2 7 5 1454 847 1530 2716 2109 2792
7772 6 2 7 5 437 1085 1537 1699 2347 2799
7773 6 2 7 5 1008 428 1493 2270 1690 2755
7774 6 2 7 5 434 1059 1515 1696 2321 2777
7775 6 2 7 5 173 174 1514 287 288 2776
7776 6 2 7 5 172 173 1518 286 287 2780
7777 6 2 7 5 1249 777 1516 2511 2039 2778
7778 6 2 7 5 925 927 1517 2187 2189 2779
7779 6 2 7 5 75 418 1458 318 1680 2720
7780 6 2 7 5 983 981 1459 2245 2243 2721
7781 6 2 7 5 1071 408 1460 2333 1670 2722
7782 6 2 7 5 993 1455 1537 2255 2717 2799
7783 6 2 7 5 1467 1110 1470 2729 2372 2732
7784 6 2 7 5 1050 1110 1467 2312 2372 2729
7785 6 2 7 5 1004 1087 1461 2266 2349 2723
7786 6 2 7 5 156 157 1462 270 271 2724
7787 6 2 7 5 159 160 1465 273 274 2727
7788 6 2 7 5 158 159 1463 272 273 2725
7789 6 2 7 5 1463 159 1465 2725 273 2727
7790 6 2 7 5 1049 1050 1464 2311 2312 2726
7791 6 2 7 5 932 930 1466 2194 2192 2728
7792 6 2 7 5 878 1406 1469 2140 2668 2731
7793 6 2 7 5 152 153 1468 266 267 2730
7794 6 2 7 5 1464 1050 1467 2726 2312 2729
7795 6 2 7 5 1471 934 1472 2733 2196 2734
7796 6 2 7 5 1106 934 1471 2368 2196 2733
7797 6 2 7 5 1110 1107 1470 2372 2369 2732
7798 6 2 7 5 934 933 1472 2196 2195 2734
7799 6 2 7 5 149 150 1473 263 264 2735
7800 6 2 7 5 163 164 1474 277 278 2736
7801 6 2 7 5 738 740 1475 2000 2002 2737
7802 6 2 7 5 1026 1025 1476 2288 2287 2738
7803 6 2 7 5 168 169 1477 282 283 2739
7804 6 2 7 5 1102 413 1480 2364 1675 2742
7805 6 2 7 5 1376 909 1478 2638 2171 2740
7806 6 2 7 5 1002 992 1479 2264 2254 2741
7807 6 2 7 5 840 837 1481 2102 2099 2743
7808 6 2 7 5 416 1322 1482 1678 2584 2744
7809 6 2 7 5 1011 1453 1531 2273 2715 2793
7810 6 2 7 5 850 849 1483 2112 2111 2745
7811 6 2 7 5 1085 414 1492 2347 1676 2754
7812 6 2 7 5 836 1453 1532 2098 2715 2794
7813 6 2 7 5 972 1145 1497 2234 2407 2759
7814 6 2 7 5 1453 835 1531 2715 2097 2793
7815 6 2 7 5 990 935 1486 2252 2197 2748
7816 6 2 7 5 1260 902 1484 2522 2164 2746
7817 6 2 7 5 939 1523 1524 2201 2785 2786
7818 6 2 7 5 1060 397 1525 2322 1659 2787
7819 6 2 7 5 939 989 1523 2201 2251 2785
7820 6 2 7 5 1316 939 1524 2578 2201 2786
7821 6 2 7 5 936 991 1522 2198 2253 2784
7822 6 2 7 5 1025 405 1526 2287 1667 2788
7823 6 2 7 5 1331 1519 1520 2593 2781 2782
7824 6 2 7 5 1331 1002 1519 2593 2264 2781
7825 6 2 7 5 776 1331 1520 2038 2593 2782
7826 6 2 7 5 776 1520 1521 2038 2782 2783
7827 6 2 7 5 761 857 1485 2023 2119 2747
7828 6 2 7 5 1002 1514 1519 2264 2776 2781
7829 6 2 7 5 1516 1025 1526 2778 2287 2788
7830 6 2 7 5 1089 1120 1487 2351 2382 2749
7831 6 2 7 5 1128 1445 1535 2390 2707 2797
7832 6 2 7 5 1368 1213 1488 2630 2475 2750
7833 6 2 7 5 1164 853 1534 2426 2115 2796
7834 6 2 7 5 1258 1259 1535 2520 2521 2797
7835 6 2 7 5 411 77 1489 1673 316 2751
7836 6 2 7 5 935 1454 1533 2197 2716 2795
7837 6 2 7 5 1466 434 1515 2728 1696 2777
7838 6 2 7 5 173 1479 1518 287 2741 2780
7839 6 2 7 5 777 1476 1516 2039 2738 2778
7840 6 2 7 5 1479 173 1514 2741 287 2776
7841 6 2 7 5 927 1480 1517 2189 2742 2779
7842 6 2 7 5 1034 1035 1512 2296 2297 2774
7843 6 2 7 5 1455 1058 1537 2717 2320 2799
7844 6 2 7 5 89 425 1490 304 1687 2752
7845 6 2 7 5 428 58 1491 1690 204 2753
7846 6 2 7 5 928 993 1492 2190 2255 2754
7847 6 2 7 5 1482 1322 1501 2744 2584 2763
7848 6 2 7 5 1453 1012 1532 2715 2274 2794
7849 6 2 7 5 1090 973 1504 2352 2235 2766
7850 6 2 7 5 1121 412 1495 2383 1674 2757
7851 6 2 7 5 1455 987 1536 2717 2249 2798
7852 6 2 7 5 975 974 1493 2237 2236 2755
7853 6 2 7 5 1447 1164 1534 2709 2426 2796
7854 6 2 7 5 1259 1448 1535 2521 2710 2797
7855 6 2 7 5 1095 1096 1494 2357 2358 2756
7856 6 2 7 5 1099 949 1495 2361 2211 2757
7857 6 2 7 5 1232 972 1497 2494 2234 2759
7858 6 2 7 5 973 1314 1504 2235 2576 2766
7859 6 2 7 5 987 1459 1536 2249 2721 2798
7860 6 2 7 5 1096 1164 1527 2358 2426 2789
7861 6 2 7 5 1259 1099 1528 2521 2361 2790
7862 6 2 7 5 1454 1039 1533 2716 2301 2795
7863 6 2 7 5 932 1466 1515 2194 2728 2777
7864 6 2 7 5 1476 1025 1516 2738 2287 2778
7865 6 2 7 5 1002 1479 1514 2264 2741 2776
7866 6 2 7 5 1479 992 1518 2741 2254 2780
7867 6 2 7 5 1480 413 1517 2742 1675 2779
7868 6 2 7 5 1444 1151 1496 2706 2413 2758
7869 6 2 7 5 1145 435 1497 2407 1697 2759
7870 6 2 7 5 100 99 1498 293 294 2760
7871 6 2 7 5 1314 971 1500 2576 2233 2762
7872 6 2 7 5 1076 1444 1499 2338 2706 2761
7873 6 2 7 5 1322 1075 1501 2584 2337 2763
7874 6 2 7 5 969 1232 1502 2231 2494 2764
7875 6 2 7 5 98 97 1503 295 296 2765
7876 6 2 7 5 1481 836 1532 2743 2098 2794
7877 6 2 7 5 1075 1074 1513 2337 2336 2775
7878 6 2 7 5 417 1090 1504 1679 2352 2766
7879 6 2 7 5 1058 1455 1536 2320 2717 2798
7880 6 2 7 5 1445 1143 1505 2707 2405 2767
7881 6 2 7 5 853 1483 1534 2115 2745 2796
7882 6 2 7 5 1164 1447 1527 2426 2709 2789
7883 6 2 7 5 1448 1259 1528 2710 2521 2790
7884 6 2 7 5 1449 177 1510 2711 291 2772
7885 6 2 7 5 1452 116 1511 2714 225 2773
7886 6 2 7 5 1450 71 1508 2712 322 2770
7887 6 2 7 5 147 1451 1509 261 2713 2771
7888 6 2 7 5 995 1432 1529 2257 2694 2791
7889 6 2 7 5 764 816 1505 2026 2078 2767
7890 6 2 7 5 974 1502 1538 2236 2764 2800
7891 6 2 7 5 768 693 1506 2030 1955 2768
7892 6 2 7 5 835 1484 1531 2097 2746 2793
7893 6 2 7 5 728 776 1507 1990 2038 2769
7894 6 2 7 5 1459 1057 1536 2721 2319 2798
7895 6 2 7 5 447 70 1509 1709 192 2771
7896 6 2 7 5 146 446 1508 255 1708 2770
7897 6 2 7 5 101 445 1510 292 1707 2772
7898 6 2 7 5 40 1163 1511 222 2425 2773
7899 6 2 7 5 847 1485 1530 2109 2747 2792
7900 6 2 7 5 1272 767 1512 2534 2029 2774
7901 6 2 7 5 1446 724 1513 2708 1986 2775
7902 6 2 7 5 174 421 1514 288 1683 2776
7903 6 2 7 5 1059 1060 1515 2321 2322 2777
7904 6 2 7 5 937 1249 1516 2199 2511 2778
7905 6 2 7 5 413 172 1518 1675 286 2780
7906 6 2 7 5 992 925 1517 2254 2187 2779
7907 6 2 7 5 1514 421 1519 2776 1683 2781
7908 6 2 7 5 937 1516 1526 2199 2778 2788
7909 6 2 7 5 1074 1446 1513 2336 2708 2775
7910 6 2 7 5 1072 1460 1529 2334 2722 2791
7911 6 2 7 5 816 1445 1505 2078 2707 2767
7912 6 2 7 5 421 1028 1519 1683 2290 2781
7913 6 2 7 5 1028 1030 1520 2290 2292 2782
7914 6 2 7 5 1519 1028 1520 2781 2290 2782
7915 6 2 7 5 1030 1032 1521 2292 2294 2783
7916 6 2 7 5 1520 1030 1521 2782 2292 2783
7917 6 2 7 5 426 1078 1523 1688 2340 2785
7918 6 2 7 5 440 1103 1522 1702 2365 2784
7919 6 2 7 5 1523 1078 1524 2785 2340 2786
7920 6 2 7 5 1078 1079 1524 2340 2341 2786
7921 6 2 7 5 989 938 1525 2251 2200 2787
7922 6 2 7 5 991 937 1526 2253 2199 2788
7923 6 2 7 5 1447 431 1527 2709 1693 2789
7924 6 2 7 5 429 1448 1528 1691 2710 2790
7925 6 2 7 5 1040 1038 1530 2302 2300 2792
7926 6 2 7 5 1010 1011 1531 2272 2273 2793
7927 6 2 7 5 1012 1068 1532 2274 2330 2794
7928 6 2 7 5 1039 1052 1533 2301 2314 2795
7929 6 2 7 5 1057 1058 1536 2319 2320 2798
7930 6 2 7 5 1058 437 1537 2320 1699 2799
7931 6 2 7 5 399 1008 1538 1661 2270 2800
7932 6 2 7 5 445 1449 1510 1707 2711 2772
7933 6 2 7 5 1163 1452 1511 2425 2714 2773
7934 6 2 7 5 446 1450 1508 1708 2712 2770
7935 6 2 7 5 1451 447 1509 2713 1709 2771
7936 6 2 7 5 1507 776 1521 2769 2038 2783
7937 6 2 7 5 1068 1481 1532 2330 2743 2794
7938 6 2 7 5 1460 995 1529 2722 2257 2791
7939 6 2 7 5 1483 1153 1534 2745 2415 2796
7940 6 2 7 5 1153 1447 1534 2415 2709 2796
7941 6 2 7 5 1448 1128 1535 2710 2390 2797
7942 6 2 7 5 1484 1010 1531 2746 2272 2793
7943 6 2 7 5 1486 935 1533 2748 2197 2795
7944 6 2 7 5 1052 1486 1533 2314 2748 2795
7945 6 2 7 5 1485 1040 1530 2747 2302 2792
7946 6 2 7 5 1502 399 1538 2764 1661 2800
7947 6 2 7 6 163 162 1562 277 276 2824
7948 6 2 7 6 1562 164 163 2824 278 277
7949 6 2 7 6 152 151 1564 266 265 2826
7950 6 2 7 6 1564 153 152 2826 267 266
7951 6 2 7 6 168 167 1563 282 281 2825
7952 6 2 7 6 1563 169 168 2825 283 282
7953 6 2 7 6 148 147 1542 262 261 2804
7954 6 2 7 6 1542 149 148 2804 263 262
7955 6 2 7 6 1546 157 156 2808 271 270
7956 6 2 7 6 156 155 1546 270 269 2808
7957 6 2 7 6 1547 159 158 2809 273 272
7958 6 2 7 6 158 157 1547 272 271 2809
7959 6 2 7 6 173 172 1550 287 286 2812
7960 6 2 7 6 1550 174 173 2812 288 287
7961 6 2 7 6 1540 177 176 2802 291 290
7962 6 2 7 6 176 175 1540 290 289 2802
7963 6 2 7 8 1593 86 87 2855 307 306
7964 6 2 7 8 87 88 1593 306 305 2855
7965 6 2 7 8 1595 75 76 2857 318 317
7966 6 2 7 8 76 77 1595 317 316 2857
7967 6 2 7 8 1594 91 92 2856 302 301
7968 6 2 7 8 92 93 1594 301 300 2856
7969 6 2 7 8 1571 71 72 2833 322 321
7970 6 2 7 8 72 73 1571 321 320 2833
7971 6 2 7 8 80 81 1575 313 312 2837
7972 6 2 7 8 1575 79 80 2837 314 313
7973 6 2 7 8 82 83 1576 311 310 2838
7974 6 2 7 8 1576 81 82 2838 312 311
7975 6 2 7 8 1579 96 97 2841 297 296
7976 6 2 7 8 97 98 1579 296 295 2841
7977 6 2 7 8 100 101 1569 293 292 2831
7978 6 2 7 8 1569 99 100 2831 294 293
$EndElements
