time,step,deltaT,maxCo,residualIntegral,minT,maxT,amplitude
0.001,1.0,0.001,0.0375,,-5.46042956509e-145,20.9196748968,10.4598374484
0.002,2.0,0.001,0.0375,,0.0,20.9142037778,10.4571018889
0.003,3.0,0.001,0.0375,,0.0,20.908785004,10.454392502
0.004,4.0,0.001,0.0375,,0.0,20.9034163653,10.45170818265
0.005,5.0,0.001,0.0375,,0.0,20.89809559,10.449047795
0.006,6.0,0.001,0.0375,,0.0,20.8928203482,10.4464101741
0.007,7.0,0.001,0.0375,,0.0,20.8875882541,10.44379412705
0.008,8.0,0.001,0.0375,,0.0,20.8823968689,10.44119843445
0.009000000000000001,9.0,0.001,0.0375,,0.0,20.8772437036,10.4386218518
0.01,10.0,0.001,0.0375,,0.0,20.8721262218,10.4360631109
0.011,11.0,0.001,0.0375,,0.0,20.8670418421,10.43352092105
0.012,12.0,0.001,0.0375,,0.0,20.861987941,10.4309939705
0.013000000000000001,13.0,0.001,0.0375,,0.0,20.8569618549,10.42848092745
0.014,14.0,0.001,0.0375,,0.0,20.851960883,10.4259804415
0.015,15.0,0.001,0.0375,,0.0,20.8469822896,10.4234911448
0.016,16.0,0.001,0.0375,,0.0,20.8420233061,10.42101165305
0.017,17.0,0.001,0.0375,,0.0,20.8370811341,10.41854056705
0.018000000000000002,18.0,0.001,0.0375,,0.0,20.8321529466,10.4160764733
0.019,19.0,0.001,0.0375,,0.0,20.8272358912,10.4136179456
0.02,20.0,0.001,0.0375,,0.0,20.8223270914,10.4111635457
0.021,21.0,0.001,0.0375,,0.0,20.8174236493,10.40871182465
0.022,22.0,0.001,0.0375,,0.0,20.8125226474,10.4062613237
0.023,23.0,0.001,0.0375,,0.0,20.8076211504,10.4038105752
0.024,24.0,0.001,0.0375,,0.0,20.8027162076,10.4013581038
0.025,25.0,0.001,0.0375,,0.0,20.7978048544,10.3989024272
0.026000000000000002,26.0,0.001,0.0375,,0.0,20.7928841143,10.39644205715
0.027,27.0,0.001,0.0375,,0.0,20.7879510007,10.39397550035
0.028,28.0,0.001,0.0375,,0.0,20.7830025188,10.3915012594
0.029,29.0,0.001,0.0375,,0.0,20.778035667,10.3890178335
0.03,30.0,0.001,0.0375,,0.0,20.7730474389,10.38652371945
0.031,31.0,0.001,0.0375,,0.0,20.7680348246,10.3840174123
0.032,32.0,0.001,0.0375,,0.0,20.7629948127,10.38149740635
0.033,33.0,0.001,0.0375,,0.0,20.7579243913,10.37896219565
0.034,34.0,0.001,0.0375,,0.0,20.7528205501,10.37641027505
0.035,35.0,0.001,0.0375,,0.0,20.7476802813,10.37384014065
0.036000000000000004,36.0,0.001,0.0375,,0.0,20.7425005816,10.3712502908
0.037,37.0,0.001,0.0375,,0.0,20.7372784529,10.36863922645
0.038,38.0,0.001,0.0375,,0.0,20.7320109043,10.36600545215
0.039,39.0,0.001,0.0375,,0.0,20.7266949529,10.36334747645
0.04,40.0,0.001,0.0375,,0.0,20.7213276255,10.36066381275
0.041,41.0,0.001,0.0375,,0.0,20.7159059593,10.35795297965
0.042,42.0,0.001,0.0375,,0.0,20.7104270037,10.35521350185
0.043000000000000003,43.0,0.001,0.0375,,0.0,20.704887821,10.3524439105
0.044,44.0,0.001,0.0375,,0.0,20.6992854875,10.34964274375
0.045,45.0,0.001,0.0375,,0.0,20.693617095,10.3468085475
0.046,46.0,0.001,0.0375,,0.0,20.6878797515,10.34393987575
0.047,47.0,0.001,0.0375,,0.0,20.6820705824,10.3410352912
0.048,48.0,0.001,0.0375,,0.0,20.6761867313,10.33809336565
0.049,49.0,0.001,0.0375,,0.0,20.6702253611,10.33511268055
0.05,50.0,0.001,0.0375,,0.0,20.6641836548,10.3320918274
0.051000000000000004,51.0,0.001,0.0375,,0.0,20.6580588165,10.32902940825
0.052000000000000005,52.0,0.001,0.0375,,0.0,20.6518480723,10.32592403615
0.053,53.0,0.001,0.0375,,0.0,20.645548671,10.3227743355
0.054,54.0,0.001,0.0375,,0.0,20.6391578848,10.3195789424
0.055,55.0,0.001,0.0375,,0.0,20.6326730105,10.31633650525
0.056,56.0,0.001,0.0375,,0.0,20.6260913697,10.31304568485
0.057,57.0,0.001,0.0375,,0.0,20.6194103099,10.30970515495
0.058,58.0,0.001,0.0375,,0.0,20.612627205,10.3063136025
0.059000000000000004,59.0,0.001,0.0375,,0.0,20.605739456,10.302869728
0.06,60.0,0.001,0.0375,,0.0,20.5987444916,10.2993722458
0.061,61.0,0.001,0.0375,,0.0,20.5916397689,10.29581988445
0.062,62.0,0.001,0.0375,,0.0,20.584422774,10.292211387
0.063,63.0,0.001,0.0375,,0.0,20.5770910223,10.28854551115
0.064,64.0,0.001,0.0375,,0.0,20.5696420594,10.2848210297
0.065,65.0,0.001,0.0375,,0.0,20.5620734611,10.28103673055
0.066,66.0,0.001,0.0375,,0.0,20.5543828347,10.27719141735
0.067,67.0,0.001,0.0375,,0.0,20.5465678184,10.2732839092
0.068,68.0,0.001,0.0375,,0.0,20.5386260826,10.2693130413
0.069,69.0,0.001,0.0375,,0.0,20.5305553301,10.26527766505
0.07,70.0,0.001,0.0375,,0.0,20.5223532961,10.26117664805
0.07100000000000001,71.0,0.001,0.0375,,0.0,20.514017749,10.2570088745
0.07200000000000001,72.0,0.001,0.0375,,0.0,20.5055464908,10.2527732454
0.073,73.0,0.001,0.0375,,0.0,20.496937357,10.2484686785
0.074,74.0,0.001,0.0375,,0.0,20.4881882172,10.2440941086
0.075,75.0,0.001,0.0375,,0.0,20.4792969755,10.23964848775
0.076,76.0,0.001,0.0375,,0.0,20.4702615706,10.2351307853
0.077,77.0,0.001,0.0375,,0.0,20.4610799759,10.23053998795
0.078,78.0,0.001,0.0375,,0.0,20.4517502,10.2258751
0.079,79.0,0.001,0.0375,,0.0,20.4422702871,10.22113514355
0.08,80.0,0.001,0.0375,,0.0,20.4326383165,10.21631915825
0.081,81.0,0.001,0.0375,,0.0,20.4228524034,10.2114262017
0.082,82.0,0.001,0.0375,,0.0,20.4129106991,10.20645534955
0.083,83.0,0.001,0.0375,,0.0,20.4028113906,10.2014056953
0.084,84.0,0.001,0.0375,,0.0,20.3925527012,10.1962763506
0.085,85.0,0.001,0.0375,,0.0,20.3821328906,10.1910664453
0.08600000000000001,86.0,0.001,0.0375,,0.0,20.3715502547,10.18577512735
0.08700000000000001,87.0,0.001,0.0375,,0.0,20.360803126,10.180401563
0.088,88.0,0.001,0.0375,,0.0,20.3498898735,10.17494493675
0.089,89.0,0.001,0.0375,,0.0,20.3388089029,10.16940445145
0.09,90.0,0.001,0.0375,,0.0,20.3275586565,10.16377932825
0.091,91.0,0.001,0.0375,,0.0,20.3161376133,10.15806880665
0.092,92.0,0.001,0.0375,,0.0,20.304544289,10.1522721445
0.093,93.0,0.001,0.0375,,0.0,20.2927772361,10.14638861805
0.094,94.0,0.001,0.0375,,0.0,20.2808350437,10.14041752185
0.095,95.0,0.001,0.0375,,0.0,20.2687163377,10.13435816885
0.096,96.0,0.001,0.0375,,0.0,20.2564197806,10.1282098903
0.097,97.0,0.001,0.0375,,0.0,20.2439440717,10.12197203585
0.098,98.0,0.001,0.0375,,0.0,20.2312879468,10.1156439734
0.099,99.0,0.001,0.0375,,0.0,20.2184501781,10.10922508905
0.1,100.0,0.001,0.0375,,0.0,20.2054295743,10.10271478715
0.101,101.0,0.001,0.0375,,0.0,20.1922249807,10.09611249035
0.10200000000000001,102.0,0.001,0.0375,,0.0,20.1788352786,10.0894176393
0.10300000000000001,103.0,0.001,0.0375,,0.0,20.1652593856,10.0826296928
0.10400000000000001,104.0,0.001,0.0375,,0.0,20.1514962554,10.0757481277
0.105,105.0,0.001,0.0375,,0.0,20.1375448775,10.06877243875
0.106,106.0,0.001,0.0375,,0.0,20.1234042773,10.06170213865
0.107,107.0,0.001,0.0375,,0.0,20.109073516,10.054536758
0.108,108.0,0.001,0.0375,,0.0,20.0945516902,10.0472758451
0.109,109.0,0.001,0.0375,,0.0,20.0798379318,10.0399189659
0.11,110.0,0.001,0.0375,,0.0,20.0649314081,10.03246570405
0.111,111.0,0.001,0.0375,,0.0,20.0498313214,10.0249156607
0.112,112.0,0.001,0.0375,,0.0,20.0345369088,10.0172684544
0.113,113.0,0.001,0.0375,,0.0,20.019047442,10.009523721
0.114,114.0,0.001,0.0375,,0.0,20.0033622275,10.00168111375
0.115,115.0,0.001,0.0375,,0.0,19.9874806058,9.9937403029
0.116,116.0,0.001,0.0375,,0.0,19.9714019516,9.9857009758
0.117,117.0,0.001,0.0375,,0.0,19.9551256736,9.9775628368
0.11800000000000001,118.0,0.001,0.0375,,0.0,19.938651214,9.969325607
0.11900000000000001,119.0,0.001,0.0375,,0.0,19.9219780485,9.96098902425
0.12,120.0,0.001,0.0375,,0.0,19.905105686,9.952552843
0.121,121.0,0.001,0.0375,,0.0,19.8880336685,9.94401683425
0.122,122.0,0.001,0.0375,,0.0,19.8707615706,9.9353807853
0.123,123.0,0.001,0.0375,,0.0,19.8532889996,9.9266444998
0.124,124.0,0.001,0.0375,,0.0,19.8356155947,9.91780779735
0.125,125.0,0.001,0.0375,,0.0,19.8177410276,9.9088705138
0.126,126.0,0.001,0.0375,,0.0,19.7996650014,9.8998325007
0.127,127.0,0.001,0.0375,,0.0,19.7813872507,9.89069362535
0.128,128.0,0.001,0.0375,,0.0,19.7629075415,9.88145377075
0.129,129.0,0.001,0.0375,,0.0,19.7442256706,9.8721128353
0.13,130.0,0.001,0.0375,,0.0,19.7253414657,9.86267073285
0.131,131.0,0.001,0.0375,,0.0,19.7062547847,9.85312739235
0.132,132.0,0.001,0.0375,,0.0,19.6869655157,9.84348275785
0.133,133.0,0.001,0.0375,,0.0,19.6674735767,9.83373678835
0.134,134.0,0.001,0.0375,,0.0,19.6477789151,9.82388945755
0.135,135.0,0.001,0.0375,,0.0,19.6278815078,9.8139407539
0.136,136.0,0.001,0.0375,,0.0,19.6077813606,9.8038906803
0.137,137.0,0.001,0.0375,,0.0,19.5874785079,9.79373925395
0.138,138.0,0.001,0.0375,,0.0,19.5669730127,9.78348650635
0.139,139.0,0.001,0.0375,,0.0,19.5462649659,9.77313248295
0.14,140.0,0.001,0.0375,,0.0,19.5253544863,9.76267724315
0.14100000000000001,141.0,0.001,0.0375,,0.0,19.5042417202,9.7521208601
0.14200000000000002,142.0,0.001,0.0375,,0.0,19.482926841,9.7414634205
0.14300000000000002,143.0,0.001,0.0375,,0.0,19.4614100492,9.7307050246
0.14400000000000002,144.0,0.001,0.0375,,0.0,19.4396915716,9.7198457858
0.145,145.0,0.001,0.0375,,0.0,19.4177716616,9.7088858308
0.146,146.0,0.001,0.0375,,0.0,19.3956505983,9.69782529915
0.147,147.0,0.001,0.0375,,0.0,19.3733286865,9.68666434325
0.148,148.0,0.001,0.0375,,0.0,19.3508062565,9.67540312825
0.149,149.0,0.001,0.0375,,0.0,19.3280836635,9.66404183175
0.15,150.0,0.001,0.0375,,0.0,19.3051612873,9.65258064365
0.151,151.0,0.001,0.0375,,0.0,19.2820395323,9.64101976615
0.152,152.0,0.001,0.0375,,0.0,19.258718827,9.6293594135
0.153,153.0,0.001,0.0375,,0.0,19.2351996235,9.61759981175
0.154,154.0,0.001,0.0375,,0.0,19.2114823974,9.6057411987
0.155,155.0,0.001,0.0375,,0.0,19.1875676475,9.59378382375
0.156,156.0,0.001,0.0375,,0.0,19.1634558953,9.58172794765
0.157,157.0,0.001,0.0375,,0.0,19.139147685,9.5695738425
0.158,158.0,0.001,0.0375,,0.0,19.1146435828,9.5573217914
0.159,159.0,0.001,0.0375,,0.0,19.0899441769,9.54497208845
0.16,160.0,0.001,0.0375,,0.0,19.0650500768,9.5325250384
0.161,161.0,0.001,0.0375,,0.0,19.0399619135,9.51998095675
0.162,162.0,0.001,0.0375,,0.0,19.0146803387,9.50734016935
0.163,163.0,0.001,0.0375,,0.0,18.9892060249,9.49460301245
0.164,164.0,0.001,0.0375,,0.0,18.9635396648,9.4817698324
0.165,165.0,0.001,0.0375,,0.0,18.9376819709,9.46884098545
0.166,166.0,0.001,0.0375,,0.0,18.9116336755,9.45581683775
0.167,167.0,0.001,0.0375,,0.0,18.8853955303,9.44269776515
0.168,168.0,0.001,0.0375,,0.0,18.8589683059,9.42948415295
0.169,169.0,0.001,0.0375,,0.0,18.8323527915,9.41617639575
0.17,170.0,0.001,0.0375,,0.0,18.805549795,9.4027748975
0.171,171.0,0.001,0.0375,,0.0,18.778560142,9.389280071
0.17200000000000001,172.0,0.001,0.0375,,0.0,18.7513846762,9.3756923381
0.17300000000000001,173.0,0.001,0.0375,,0.0,18.7240242585,9.36201212925
0.17400000000000002,174.0,0.001,0.0375,,0.0,18.6964797671,9.34823988355
0.17500000000000002,175.0,0.001,0.0375,,0.0,18.6687520971,9.33437604855
0.176,176.0,0.001,0.0375,,0.0,18.6408421599,9.32042107995
0.177,177.0,0.001,0.0375,,0.0,18.6127508834,9.3063754417
0.178,178.0,0.001,0.0375,,0.0,18.5844792111,9.29223960555
0.179,179.0,0.001,0.0375,,0.0,18.5560281025,9.27801405125
0.18,180.0,0.001,0.0375,,0.0,18.5273985321,9.26369926605
0.181,181.0,0.001,0.0375,,0.0,18.4985914896,9.2492957448
0.182,182.0,0.001,0.0375,,0.0,18.4696079794,9.2348039897
0.183,183.0,0.001,0.0375,,0.0,18.4404490203,9.22022451015
0.184,184.0,0.001,0.0375,,0.0,18.4111156452,9.2055578226
0.185,185.0,0.001,0.0375,,0.0,18.3816089009,9.19080445045
0.186,186.0,0.001,0.0375,,0.0,18.3519298477,9.17596492385
0.187,187.0,0.001,0.0375,,0.0,18.3220795591,9.16103977955
0.188,188.0,0.001,0.0375,,0.0,18.2920591218,9.1460295609
0.189,189.0,0.001,0.0375,,0.0,18.2618696348,9.1309348174
0.19,190.0,0.001,0.0375,,0.0,18.2315122098,9.1157561049
0.191,191.0,0.001,0.0375,,0.0,18.2009879706,9.1004939853
0.192,192.0,0.001,0.0375,,0.0,18.1702980526,9.0851490263
0.193,193.0,0.001,0.0375,,0.0,18.139443603,9.0697218015
0.194,194.0,0.001,0.0375,,0.0,18.10842578,9.05421289
0.195,195.0,0.001,0.0375,,0.0,18.0772457532,9.0386228766
0.196,196.0,0.001,0.0375,,0.0,18.0459047025,9.02295235125
0.197,197.0,0.001,0.0375,,0.0,18.0144038185,9.00720190925
0.198,198.0,0.001,0.0375,,0.0,17.9827443018,8.9913721509
0.199,199.0,0.001,0.0375,,0.0,17.9509273632,8.9754636816
0.2,200.0,0.001,0.0375,,0.0,17.9189542228,8.9594771114
0.201,201.0,0.001,0.0375,,0.0,17.8868261104,8.9434130552
0.202,202.0,0.001,0.0375,,0.0,17.8545442646,8.9272721323
0.203,203.0,0.001,0.0375,,0.0,17.8221099332,8.9110549666
0.20400000000000001,204.0,0.001,0.0375,,0.0,17.7895243724,8.8947621862
0.20500000000000002,205.0,0.001,0.0375,,0.0,17.7567888466,8.8783944233
0.20600000000000002,206.0,0.001,0.0375,,0.0,17.7239046287,8.86195231435
0.20700000000000002,207.0,0.001,0.0375,,0.0,17.6908729992,8.8454364996
0.20800000000000002,208.0,0.001,0.0375,,0.0,17.6576952461,8.82884762305
0.209,209.0,0.001,0.0375,,0.0,17.624372665,8.8121863325
0.21,210.0,0.001,0.0375,,0.0,17.5909065584,8.7954532792
0.211,211.0,0.001,0.0375,,0.0,17.5572982357,8.77864911785
0.212,212.0,0.001,0.0375,,0.0,17.5235490132,8.7617745066
0.213,213.0,0.001,0.0375,,0.0,17.489660213,8.7448301065
0.214,214.0,0.001,0.0375,,0.0,17.455633164,8.727816582
0.215,215.0,0.001,0.0375,,0.0,17.4214692007,8.71073460035
0.216,216.0,0.001,0.0375,,0.0,17.3871696631,8.69358483155
0.217,217.0,0.001,0.0375,,0.0,17.3527358971,8.67636794855
0.218,218.0,0.001,0.0375,,0.0,17.3181692534,8.6590846267
0.219,219.0,0.001,0.0375,,0.0,17.2834710881,8.64173554405
0.22,220.0,0.001,0.0375,,0.0,17.2486427619,8.62432138095
0.221,221.0,0.001,0.0375,,0.0,17.2136856399,8.60684281995
0.222,222.0,0.001,0.0375,,0.0,17.1786010919,8.58930054595
0.223,223.0,0.001,0.0375,,0.0,17.1433904916,8.5716952458
0.224,224.0,0.001,0.0375,,0.0,17.1080552167,8.55402760835
0.225,225.0,0.001,0.0375,,0.0,17.0725966486,8.5362983243
0.226,226.0,0.001,0.0375,,0.0,17.0370161722,8.5185080861
0.227,227.0,0.001,0.0375,,0.0,17.0013151757,8.50065758785
0.228,228.0,0.001,0.0375,,0.0,16.9654950505,8.48274752525
0.229,229.0,0.001,0.0375,,0.0,16.9295571908,8.4647785954
0.23,230.0,0.001,0.0375,,0.0,16.8935029934,8.4467514967
0.231,231.0,0.001,0.0375,,0.0,16.8573338579,8.42866692895
0.232,232.0,0.001,0.0375,,0.0,16.8210511859,8.41052559295
0.233,233.0,0.001,0.0375,,0.0,16.8119832343,8.40599161715
0.234,234.0,0.001,0.0375,,0.0,16.8070178294,8.4035089147
0.23500000000000001,235.0,0.001,0.0375,,0.0,16.8017250922,8.4008625461
0.23600000000000002,236.0,0.001,0.0375,,0.0,16.7961071384,8.3980535692
0.23700000000000002,237.0,0.001,0.0375,,0.0,16.7901660791,8.39508303955
0.23800000000000002,238.0,0.001,0.0375,,0.0,16.7839040208,8.3919520104
0.23900000000000002,239.0,0.001,0.0375,,0.0,16.7773230655,8.38866153275
0.24,240.0,0.001,0.0375,,0.0,16.7704253108,8.3852126554
0.241,241.0,0.001,0.0375,,0.0,16.7632128498,8.3816064249
0.242,242.0,0.001,0.0375,,0.0,16.7556877714,8.3778438857
0.243,243.0,0.001,0.0375,,0.0,16.7478521598,8.3739260799
0.244,244.0,0.001,0.0375,,0.0,16.7397080953,8.36985404765
0.245,245.0,0.001,0.0375,,0.0,16.7312576537,8.36562882685
0.246,246.0,0.001,0.0375,,0.0,16.7225029065,8.36125145325
0.247,247.0,0.001,0.0375,,0.0,16.713445921,8.3567229605
0.248,248.0,0.001,0.0375,,0.0,16.7040887606,8.3520443803
0.249,249.0,0.001,0.0375,,0.0,16.6944334842,8.3472167421
0.25,250.0,0.001,0.0375,,0.0,16.6844821465,8.34224107325
0.251,251.0,0.001,0.0375,,0.0,16.6742367985,8.33711839925
0.252,252.0,0.001,0.0375,,0.0,16.6636994866,8.3318497433
0.253,253.0,0.001,0.0375,,0.0,16.6528722534,8.3264361267
0.254,254.0,0.001,0.0375,,0.0,16.6417571374,8.3208785687
0.255,255.0,0.001,0.0375,,0.0,16.6303561729,8.31517808645
0.256,256.0,0.001,0.0375,,0.0,16.6186713901,8.30933569505
0.257,257.0,0.001,0.0375,,0.0,16.6067048155,8.30335240775
0.258,258.0,0.001,0.0375,,0.0,16.5944584711,8.29722923555
0.259,259.0,0.001,0.0375,,0.0,16.5819343752,8.2909671876
0.26,260.0,0.001,0.0375,,0.0,16.5691345419,8.28456727095
0.261,261.0,0.001,0.0375,,0.0,16.5560609813,8.27803049065
0.262,262.0,0.001,0.0375,,0.0,16.5427156996,8.2713578498
0.263,263.0,0.001,0.0375,,0.0,16.5291006987,8.26455034935
0.264,264.0,0.001,0.0375,,0.0,16.5152179767,8.25760898835
0.265,265.0,0.001,0.0375,,0.0,16.5010695275,8.25053476375
0.266,266.0,0.001,0.0375,,0.0,16.4866573412,8.2433286706
0.267,267.0,0.001,0.0375,,0.0,16.4719834035,8.23599170175
0.268,268.0,0.001,0.0375,,0.0,16.4570496964,8.2285248482
0.269,269.0,0.001,0.0375,,0.0,16.4418581976,8.2209290988
0.27,270.0,0.001,0.0375,,0.0,16.4264108808,8.2132054404
0.271,271.0,0.001,0.0375,,0.0,16.4107097157,8.20535485785
0.272,272.0,0.001,0.0375,,0.0,16.3947566677,8.19737833385
0.273,273.0,0.001,0.0375,,0.0,16.3785536984,8.1892768492
0.274,274.0,0.001,0.0375,,0.0,16.3621027648,8.1810513824
0.275,275.0,0.001,0.0375,,0.0,16.3454058204,8.1727029102
0.276,276.0,0.001,0.0375,,0.0,16.3284648139,8.16423240695
0.277,277.0,0.001,0.0375,,0.0,16.3112816904,8.1556408452
0.278,278.0,0.001,0.0375,,0.0,16.2938583903,8.14692919515
0.279,279.0,0.001,0.0375,,0.0,16.2761968503,8.13809842515
0.28,280.0,0.001,0.0375,,0.0,16.2582990023,8.12914950115
0.281,281.0,0.001,0.0375,,0.0,16.2401667746,8.1200833873
0.28200000000000003,282.0,0.001,0.0375,,0.0,16.2218020907,8.11090104535
0.28300000000000003,283.0,0.001,0.0375,,0.0,16.20320687,8.101603435
0.28400000000000003,284.0,0.001,0.0375,,0.0,16.1843830277,8.09219151385
0.28500000000000003,285.0,0.001,0.0375,,0.0,16.1653324745,8.08266623725
0.28600000000000003,286.0,0.001,0.0375,,0.0,16.1460571168,8.0730285584
0.28700000000000003,287.0,0.001,0.0375,,0.0,16.1265588566,8.0632794283
0.28800000000000003,288.0,0.001,0.0375,,0.0,16.1068395916,8.0534197958
0.289,289.0,0.001,0.0375,,0.0,16.0869012149,8.04345060745
0.29,290.0,0.001,0.0375,,0.0,16.0667456152,8.0333728076
0.291,291.0,0.001,0.0375,,0.0,16.0463746768,8.0231873384
0.292,292.0,0.001,0.0375,,0.0,16.0257902794,8.0128951397
0.293,293.0,0.001,0.0375,,0.0,16.0049942981,8.00249714905
0.294,294.0,0.001,0.0375,,0.0,15.9839886035,7.99199430175
0.295,295.0,0.001,0.0375,,0.0,15.9627750617,7.98138753085
0.296,296.0,0.001,0.0375,,0.0,15.941355534,7.970677767
0.297,297.0,0.001,0.0375,,0.0,15.919731877,7.9598659385
0.298,298.0,0.001,0.0375,,0.0,15.8979059429,7.94895297145
0.299,299.0,0.001,0.0375,,0.0,15.8758795789,7.93793978945
0.3,300.0,0.001,0.0375,,0.0,15.8536546275,7.92682731375
0.301,301.0,0.001,0.0375,,0.0,15.8312329266,7.9156164633
0.302,302.0,0.001,0.0375,,0.0,15.8086163091,7.90430815455
0.303,303.0,0.001,0.0375,,0.0,15.7858066031,7.89290330155
0.304,304.0,0.001,0.0375,,0.0,15.7628056319,7.88140281595
0.305,305.0,0.001,0.0375,,0.0,15.7396152138,7.8698076069
0.306,306.0,0.001,0.0375,,0.0,15.7162371621,7.85811858105
0.307,307.0,0.001,0.0375,,0.0,15.6926732854,7.8463366427
0.308,308.0,0.001,0.0375,,0.0,15.668925387,7.8344626935
0.309,309.0,0.001,0.0375,,0.0,15.6449952653,7.82249763265
0.31,310.0,0.001,0.0375,,0.0,15.6208847138,7.8104423569
0.311,311.0,0.001,0.0375,,0.0,15.5965955205,7.79829776025
0.312,312.0,0.001,0.0375,,0.0,15.5721294685,7.78606473425
0.313,313.0,0.001,0.0375,,0.0,15.547488336,7.773744168
0.314,314.0,0.001,0.0375,,0.0,15.5226738954,7.7613369477
0.315,315.0,0.001,0.0375,,0.0,15.4976879144,7.7488439572
0.316,316.0,0.001,0.0375,,0.0,15.4725321552,7.7362660776
0.317,317.0,0.001,0.0375,,0.0,15.4472083747,7.72360418735
0.318,318.0,0.001,0.0375,,0.0,15.4217183245,7.71085916225
0.319,319.0,0.001,0.0375,,0.0,15.3960637509,7.69803187545
0.32,320.0,0.001,0.0375,,0.0,15.3702463948,7.6851231974
0.321,321.0,0.001,0.0375,,0.0,15.3442679915,7.67213399575
0.322,322.0,0.001,0.0375,,0.0,15.3181302711,7.65906513555
0.323,323.0,0.001,0.0375,,0.0,15.291834958,7.645917479
0.324,324.0,0.001,0.0375,,0.0,15.2875127135,7.64375635675
0.325,325.0,0.001,0.0375,,0.0,15.2835095222,7.6417547611
0.326,326.0,0.001,0.0375,,0.0,15.2792358056,7.6396179028
0.327,327.0,0.001,0.0375,,0.0,15.2746931028,7.6373465514
0.328,328.0,0.001,0.0375,,0.0,15.269882954,7.634941477
0.329,329.0,0.001,0.0375,,0.0,15.2648069001,7.63240345005
0.33,330.0,0.001,0.0375,,0.0,15.2594664832,7.6297332416
0.331,331.0,0.001,0.0375,,0.0,15.253863246,7.626931623
0.332,332.0,0.001,0.0375,,0.0,15.2479987323,7.62399936615
0.333,333.0,0.001,0.0375,,0.0,15.2418744862,7.6209372431
0.334,334.0,0.001,0.0375,,0.0,15.2354920526,7.6177460263
0.335,335.0,0.001,0.0375,,0.0,15.2288529769,7.61442648845
0.336,336.0,0.001,0.0375,,0.0,15.221958805,7.6109794025
0.337,337.0,0.001,0.0375,,0.0,15.2148110831,7.60740554155
0.338,338.0,0.001,0.0375,,0.0,15.2074113577,7.60370567885
0.339,339.0,0.001,0.0375,,0.0,15.1997611755,7.59988058775
0.34,340.0,0.001,0.0375,,0.0,15.1918620836,7.5959310418
0.341,341.0,0.001,0.0375,,0.0,15.1837156288,7.5918578144
0.342,342.0,0.001,0.0375,,0.0,15.1753233583,7.58766167915
0.343,343.0,0.001,0.0375,,0.0,15.1666868189,7.58334340945
0.34400000000000003,344.0,0.001,0.0375,,0.0,15.1578075576,7.5789037788
0.34500000000000003,345.0,0.001,0.0375,,0.0,15.1486871208,7.5743435604
0.34600000000000003,346.0,0.001,0.0375,,0.0,15.1393270551,7.56966352755
0.34700000000000003,347.0,0.001,0.0375,,0.0,15.1297289063,7.56486445315
0.34800000000000003,348.0,0.001,0.0375,,0.0,15.1198942202,7.5599471101
0.34900000000000003,349.0,0.001,0.0375,,0.0,15.1098245418,7.5549122709
0.35000000000000003,350.0,0.001,0.0375,,0.0,15.0995214157,7.54976070785
0.35100000000000003,351.0,0.001,0.0375,,0.0,15.088986386,7.544493193
0.352,352.0,0.001,0.0375,,0.0,15.078220996,7.539110498
0.353,353.0,0.001,0.0375,,0.0,15.0672267881,7.53361339405
0.354,354.0,0.001,0.0375,,0.0,15.0560053042,7.5280026521
0.355,355.0,0.001,0.0375,,0.0,15.0445580851,7.52227904255
0.356,356.0,0.001,0.0375,,0.0,15.0328866708,7.5164433354
0.357,357.0,0.001,0.0375,,0.0,15.0209926003,7.51049630015
0.358,358.0,0.001,0.0375,,0.0,15.0088774114,7.5044387057
0.359,359.0,0.001,0.0375,,0.0,14.9965426408,7.4982713204
0.36,360.0,0.001,0.0375,,0.0,14.9839898241,7.49199491205
0.361,361.0,0.001,0.0375,,0.0,14.9712204956,7.4856102478
0.362,362.0,0.001,0.0375,,0.0,14.9582361884,7.4791180942
0.363,363.0,0.001,0.0375,,0.0,14.9450384339,7.47251921695
0.364,364.0,0.001,0.0375,,0.0,14.9316287625,7.46581438125
0.365,365.0,0.001,0.0375,,0.0,14.9180087027,7.45900435135
0.366,366.0,0.001,0.0375,,0.0,14.9041797817,7.45208989085
0.367,367.0,0.001,0.0375,,0.0,14.890143525,7.4450717625
0.368,368.0,0.001,0.0375,,0.0,14.8759014564,7.4379507282
0.369,369.0,0.001,0.0375,,0.0,14.8614550981,7.43072754905
0.37,370.0,0.001,0.0375,,0.0,14.8468059703,7.42340298515
0.371,371.0,0.001,0.0375,,0.0,14.8319555916,7.4159777958
0.372,372.0,0.001,0.0375,,0.0,14.8169054784,7.4084527392
0.373,373.0,0.001,0.0375,,0.0,14.8016571455,7.40082857275
0.374,374.0,0.001,0.0375,,0.0,14.7862121053,7.39310605265
0.375,375.0,0.001,0.0375,,0.0,14.7705718684,7.3852859342
0.376,376.0,0.001,0.0375,,0.0,14.7547379432,7.3773689716
0.377,377.0,0.001,0.0375,,0.0,14.7387118359,7.36935591795
0.378,378.0,0.001,0.0375,,0.0,14.7224950505,7.36124752525
0.379,379.0,0.001,0.0375,,0.0,14.7060890887,7.35304454435
0.38,380.0,0.001,0.0375,,0.0,14.6894954499,7.34474772495
0.381,381.0,0.001,0.0375,,0.0,14.672715631,7.3363578155
0.382,382.0,0.001,0.0375,,0.0,14.6557511265,7.32787556325
0.383,383.0,0.001,0.0375,,0.0,14.6386034285,7.31930171425
0.384,384.0,0.001,0.0375,,0.0,14.6212740265,7.31063701325
0.385,385.0,0.001,0.0375,,0.0,14.6037644073,7.30188220365
0.386,386.0,0.001,0.0375,,0.0,14.5860760553,7.29303802765
0.387,387.0,0.001,0.0375,,0.0,14.5682104519,7.28410522595
0.388,388.0,0.001,0.0375,,0.0,14.550169076,7.275084538
0.389,389.0,0.001,0.0375,,0.0,14.5319534036,7.2659767018
0.39,390.0,0.001,0.0375,,0.0,14.5135649079,7.25678245395
0.391,391.0,0.001,0.0375,,0.0,14.4950050592,7.2475025296
0.392,392.0,0.001,0.0375,,0.0,14.4762753247,7.23813766235
0.393,393.0,0.001,0.0375,,0.0,14.457377169,7.2286885845
0.394,394.0,0.001,0.0375,,0.0,14.4383120533,7.21915602665
0.395,395.0,0.001,0.0375,,0.0,14.4190814359,7.20954071795
0.396,396.0,0.001,0.0375,,0.0,14.3996867721,7.19984338605
0.397,397.0,0.001,0.0375,,0.0,14.3801295137,7.19006475685
0.398,398.0,0.001,0.0375,,0.0,14.3604111096,7.1802055548
0.399,399.0,0.001,0.0375,,0.0,14.3405330053,7.17026650265
0.4,400.0,0.001,0.0375,,0.0,14.3204966431,7.16024832155
0.401,401.0,0.001,0.0375,,0.0,14.3003034619,7.15015173095
0.402,402.0,0.001,0.0375,,0.0,14.2799548972,7.1399774486
0.403,403.0,0.001,0.0375,,0.0,14.2594523811,7.12972619055
0.404,404.0,0.001,0.0375,,0.0,14.2387973424,7.1193986712
0.405,405.0,0.001,0.0375,,0.0,14.217991206,7.108995603
0.406,406.0,0.001,0.0375,,0.0,14.1970353937,7.09851769685
0.40700000000000003,407.0,0.001,0.0375,,0.0,14.1759313235,7.08796566175
0.40800000000000003,408.0,0.001,0.0375,,0.0,14.1546804097,7.07734020485
0.40900000000000003,409.0,0.001,0.0375,,0.0,14.1332840631,7.06664203155
0.41000000000000003,410.0,0.001,0.0375,,0.0,14.1117436907,7.05587184535
0.41100000000000003,411.0,0.001,0.0375,,0.0,14.0900606959,7.04503034795
0.41200000000000003,412.0,0.001,0.0375,,0.0,14.0682364782,7.0341182391
0.41300000000000003,413.0,0.001,0.0375,,0.0,14.0462724333,7.02313621665
0.41400000000000003,414.0,0.001,0.0375,,0.0,14.0241699529,7.01208497645
0.41500000000000004,415.0,0.001,0.0375,,0.0,14.0019304252,7.0009652126
0.41600000000000004,416.0,0.001,0.0375,,0.0,13.9795552342,6.9897776171
0.417,417.0,0.001,0.0375,,0.0,13.9570457599,6.97852287995
0.418,418.0,0.001,0.0375,,0.0,13.9344033785,6.96720168925
0.419,419.0,0.001,0.0375,,0.0,13.911629462,6.955814731
0.42,420.0,0.001,0.0375,,0.0,13.8887253785,6.94436268925
0.421,421.0,0.001,0.0375,,0.0,13.8656924919,6.93284624595
0.422,422.0,0.001,0.0375,,0.0,13.8425321619,6.92126608095
0.423,423.0,0.001,0.0375,,0.0,13.8192457442,6.9096228721
0.424,424.0,0.001,0.0375,,0.0,13.7958345902,6.8979172951
0.425,425.0,0.001,0.0375,,0.0,13.7723000472,6.8861500236
0.426,426.0,0.001,0.0375,,0.0,13.7486434581,6.87432172905
0.427,427.0,0.001,0.0375,,0.0,13.7248661616,6.8624330808
0.428,428.0,0.001,0.0375,,0.0,13.7009694921,6.85048474605
0.429,429.0,0.001,0.0375,,0.0,13.6769547794,6.8384773897
0.43,430.0,0.001,0.0375,,0.0,13.6528233494,6.8264116747
0.431,431.0,0.001,0.0375,,0.0,13.6285765231,6.81428826155
0.432,432.0,0.001,0.0375,,0.0,13.6042156175,6.80210780875
0.433,433.0,0.001,0.0375,,0.0,13.5797419448,6.7898709724
0.434,434.0,0.001,0.0375,,0.0,13.5551568128,6.7775784064
0.435,435.0,0.001,0.0375,,0.0,13.5304615249,6.76523076245
0.436,436.0,0.001,0.0375,,0.0,13.5056573799,6.75282868995
0.437,437.0,0.001,0.0375,,0.0,13.480745672,6.740372836
0.438,438.0,0.001,0.0375,,0.0,13.4557276907,6.72786384535
0.439,439.0,0.001,0.0375,,0.0,13.4306047211,6.71530236055
0.44,440.0,0.001,0.0375,,0.0,13.4053780435,6.70268902175
0.441,441.0,0.001,0.0375,,0.0,13.3800489336,6.6900244668
0.442,442.0,0.001,0.0375,,0.0,13.3546186624,6.6773093312
0.443,443.0,0.001,0.0375,,0.0,13.329088496,6.664544248
0.444,444.0,0.001,0.0375,,0.0,13.303459696,6.651729848
0.445,445.0,0.001,0.0375,,0.0,13.2777335191,6.63886675955
0.446,446.0,0.001,0.0375,,0.0,13.2519112173,6.62595560865
0.447,447.0,0.001,0.0375,,0.0,13.2259940378,6.6129970189
0.448,448.0,0.001,0.0375,,0.0,13.1999832227,6.59999161135
0.449,449.0,0.001,0.0375,,0.0,13.1739579741,6.58697898705
0.45,450.0,0.001,0.0375,,0.0,13.1698564111,6.58492820555
0.451,451.0,0.001,0.0375,,0.0,13.1655703766,6.5827851883
0.452,452.0,0.001,0.0375,,0.0,13.1611007499,6.58055037495
0.453,453.0,0.001,0.0375,,0.0,13.1564484124,6.5782242062
0.454,454.0,0.001,0.0375,,0.0,13.1516142481,6.57580712405
0.455,455.0,0.001,0.0375,,0.0,13.1465991429,6.57329957145
0.456,456.0,0.001,0.0375,,0.0,13.1414039852,6.5707019926
0.457,457.0,0.001,0.0375,,0.0,13.1360296653,6.56801483265
0.458,458.0,0.001,0.0375,,0.0,13.1304770755,6.56523853775
0.459,459.0,0.001,0.0375,,0.0,13.1247471104,6.5623735552
0.46,460.0,0.001,0.0375,,0.0,13.1188406661,6.55942033305
0.461,461.0,0.001,0.0375,,0.0,13.1127586409,6.55637932045
0.462,462.0,0.001,0.0375,,0.0,13.1065019348,6.5532509674
0.463,463.0,0.001,0.0375,,0.0,13.1000714495,6.55003572475
0.464,464.0,0.001,0.0375,,0.0,13.0934680885,6.54673404425
0.465,465.0,0.001,0.0375,,0.0,13.086692757,6.5433463785
0.466,466.0,0.001,0.0375,,0.0,13.0797463615,6.53987318075
0.467,467.0,0.001,0.0375,,0.0,13.0726298104,6.5363149052
0.468,468.0,0.001,0.0375,,0.0,13.0653440133,6.53267200665
0.46900000000000003,469.0,0.001,0.0375,,0.0,13.0578898812,6.5289449406
0.47000000000000003,470.0,0.001,0.0375,,0.0,13.0502683267,6.52513416335
0.47100000000000003,471.0,0.001,0.0375,,0.0,13.0424802635,6.52124013175
0.47200000000000003,472.0,0.001,0.0375,,0.0,13.0345266066,6.5172633033
0.47300000000000003,473.0,0.001,0.0375,,0.0,13.0264082723,6.51320413615
0.47400000000000003,474.0,0.001,0.0375,,0.0,13.0181261779,6.50906308895
0.47500000000000003,475.0,0.001,0.0375,,0.0,13.0096812419,6.50484062095
0.47600000000000003,476.0,0.001,0.0375,,0.0,13.0010743837,6.50053719185
0.47700000000000004,477.0,0.001,0.0375,,0.0,12.9923065239,6.49615326195
0.47800000000000004,478.0,0.001,0.0375,,0.0,12.9833785838,6.4916892919
0.47900000000000004,479.0,0.001,0.0375,,0.0,12.9742914857,6.48714574285
0.48,480.0,0.001,0.0375,,0.0,12.9650461527,6.48252307635
0.481,481.0,0.001,0.0375,,0.0,12.9556435087,6.47782175435
0.482,482.0,0.001,0.0375,,0.0,12.9460844784,6.4730422392
0.483,483.0,0.001,0.0375,,0.0,12.9363699871,6.46818499355
0.484,484.0,0.001,0.0375,,0.0,12.9265009606,6.4632504803
0.485,485.0,0.001,0.0375,,0.0,12.9164783255,6.45823916275
0.486,486.0,0.001,0.0375,,0.0,12.9063030088,6.4531515044
0.487,487.0,0.001,0.0375,,0.0,12.8959759381,6.44798796905
0.488,488.0,0.001,0.0375,,0.0,12.8854980412,6.4427490206
0.489,489.0,0.001,0.0375,,0.0,12.8748702465,6.43743512325
0.49,490.0,0.001,0.0375,,0.0,12.8640934827,6.43204674135
0.491,491.0,0.001,0.0375,,0.0,12.8531686787,6.42658433935
0.492,492.0,0.001,0.0375,,0.0,12.8420967637,6.42104838185
0.493,493.0,0.001,0.0375,,0.0,12.8308786672,6.4154393336
0.494,494.0,0.001,0.0375,,0.0,12.8195153186,6.4097576593
0.495,495.0,0.001,0.0375,,0.0,12.8080076475,6.40400382375
0.496,496.0,0.001,0.0375,,0.0,12.7963565838,6.3981782919
0.497,497.0,0.001,0.0375,,0.0,12.7845630571,6.39228152855
0.498,498.0,0.001,0.0375,,0.0,12.7726279971,6.38631399855
0.499,499.0,0.001,0.0375,,0.0,12.7605523335,6.38027616675
0.5,500.0,0.001,0.0375,,0.0,12.7483369956,6.3741684978
0.501,501.0,0.001,0.0375,,0.0,12.7359829128,6.3679914564
0.502,502.0,0.001,0.0375,,0.0,12.7234910142,6.3617455071
0.503,503.0,0.001,0.0375,,0.0,12.7108622288,6.3554311144
0.504,504.0,0.001,0.0375,,0.0,12.698097485,6.3490487425
0.505,505.0,0.001,0.0375,,0.0,12.6851977111,6.34259885555
0.506,506.0,0.001,0.0375,,0.0,12.6721638351,6.33608191755
0.507,507.0,0.001,0.0375,,0.0,12.6589967842,6.3294983921
0.508,508.0,0.001,0.0375,,0.0,12.6456974856,6.3228487428
0.509,509.0,0.001,0.0375,,0.0,12.6322668657,6.31613343285
0.51,510.0,0.001,0.0375,,0.0,12.6187058504,6.3093529252
0.511,511.0,0.001,0.0375,,0.0,12.6050153652,6.3025076826
0.512,512.0,0.001,0.0375,,0.0,12.5911963348,6.2955981674
0.513,513.0,0.001,0.0375,,0.0,12.5772496832,6.2886248416
0.514,514.0,0.001,0.0375,,0.0,12.5631763339,6.28158816695
0.515,515.0,0.001,0.0375,,0.0,12.5489772096,6.2744886048
0.516,516.0,0.001,0.0375,,0.0,12.5346532321,6.26732661605
0.517,517.0,0.001,0.0375,,0.0,12.5202053225,6.26010266125
0.518,518.0,0.001,0.0375,,0.0,12.5056344011,6.25281720055
0.519,519.0,0.001,0.0375,,0.0,12.4909413871,6.24547069355
0.52,520.0,0.001,0.0375,,0.0,12.476127199,6.2380635995
0.521,521.0,0.001,0.0375,,0.0,12.4611927543,6.23059637715
0.522,522.0,0.001,0.0375,,0.0,12.4461389694,6.2230694847
0.523,523.0,0.001,0.0375,,0.0,12.4309667598,6.2154833799
0.524,524.0,0.001,0.0375,,0.0,12.4156770398,6.2078385199
0.525,525.0,0.001,0.0375,,0.0,12.4002707227,6.20013536135
0.526,526.0,0.001,0.0375,,0.0,12.3847487207,6.19237436035
0.527,527.0,0.001,0.0375,,0.0,12.3691119447,6.18455597235
0.528,528.0,0.001,0.0375,,0.0,12.3533613044,6.1766806522
0.529,529.0,0.001,0.0375,,0.0,12.3374977084,6.1687488542
0.53,530.0,0.001,0.0375,,0.0,12.3215220639,6.16076103195
0.531,531.0,0.001,0.0375,,0.0,12.3054352769,6.15271763845
0.532,532.0,0.001,0.0375,,0.0,12.2892382519,6.14461912595
0.533,533.0,0.001,0.0375,,0.0,12.2729318923,6.13646594615
0.534,534.0,0.001,0.0375,,0.0,12.2565170999,6.12825854995
0.535,535.0,0.001,0.0375,,0.0,12.239994775,6.1199973875
0.536,536.0,0.001,0.0375,,0.0,12.2233658167,6.11168290835
0.537,537.0,0.001,0.0375,,0.0,12.2066311223,6.10331556115
0.538,538.0,0.001,0.0375,,0.0,12.1897915878,6.0948957939
0.539,539.0,0.001,0.0375,,0.0,12.1728481075,6.08642405375
0.54,540.0,0.001,0.0375,,0.0,12.1558015744,6.0779007872
0.541,541.0,0.001,0.0375,,0.0,12.1386528794,6.0693264397
0.542,542.0,0.001,0.0375,,0.0,12.1214029122,6.0607014561
0.543,543.0,0.001,0.0375,,0.0,12.1040525606,6.0520262803
0.544,544.0,0.001,0.0375,,0.0,12.0866027107,6.04330135535
0.545,545.0,0.001,0.0375,,0.0,12.069054247,6.0345271235
0.546,546.0,0.001,0.0375,,0.0,12.0514080522,6.0257040261
0.547,547.0,0.001,0.0375,,0.0,12.033665007,6.0168325035
0.548,548.0,0.001,0.0375,,0.0,12.0158259907,6.00791299535
0.549,549.0,0.001,0.0375,,0.0,11.9978918803,5.99894594015
0.55,550.0,0.001,0.0375,,0.0,11.9798635514,5.9899317757
0.551,551.0,0.001,0.0375,,0.0,11.9617418772,5.9808709386
0.552,552.0,0.001,0.0375,,0.0,11.9435277295,5.97176386475
0.553,553.0,0.001,0.0375,,0.0,11.9252219778,5.9626109889
0.554,554.0,0.001,0.0375,,0.0,11.9068254897,5.95341274485
0.555,555.0,0.001,0.0375,,0.0,11.8883391308,5.9441695654
0.556,556.0,0.001,0.0375,,0.0,11.8697637649,5.93488188245
0.557,557.0,0.001,0.0375,,0.0,11.8511002534,5.9255501267
0.558,558.0,0.001,0.0375,,0.0,11.8323494559,5.91617472795
0.559,559.0,0.001,0.0375,,0.0,11.8135122299,5.90675611495
0.56,560.0,0.001,0.0375,,0.0,11.7945894305,5.89729471525
0.561,561.0,0.001,0.0375,,0.0,11.7755819109,5.88779095545
0.562,562.0,0.001,0.0375,,0.0,11.7564905222,5.8782452611
0.5630000000000001,563.0,0.001,0.0375,,0.0,11.7373161132,5.8686580566
0.5640000000000001,564.0,0.001,0.0375,,0.0,11.7180595305,5.85902976525
0.5650000000000001,565.0,0.001,0.0375,,0.0,11.6987216184,5.8493608092
0.5660000000000001,566.0,0.001,0.0375,,0.0,11.6793032191,5.83965160955
0.5670000000000001,567.0,0.001,0.0375,,0.0,11.6598051725,5.82990258625
0.5680000000000001,568.0,0.001,0.0375,,0.0,11.640228316,5.820114158
0.5690000000000001,569.0,0.001,0.0375,,0.0,11.6205734851,5.81028674255
0.5700000000000001,570.0,0.001,0.0375,,0.0,11.6008415125,5.80042075625
0.5710000000000001,571.0,0.001,0.0375,,0.0,11.5810332288,5.7905166144
0.5720000000000001,572.0,0.001,0.0375,,0.0,11.5611494623,5.78057473115
0.5730000000000001,573.0,0.001,0.0375,,0.0,11.5411910386,5.7705955193
0.5740000000000001,574.0,0.001,0.0375,,0.0,11.5211587813,5.76057939065
0.5750000000000001,575.0,0.001,0.0375,,0.0,11.5010535112,5.7505267556
0.5760000000000001,576.0,0.001,0.0375,,0.0,11.4808760468,5.7404380234
0.577,577.0,0.001,0.0375,,0.0,11.4606272042,5.7303136021
0.578,578.0,0.001,0.0375,,0.0,11.4403077968,5.7201538984
0.579,579.0,0.001,0.0375,,0.0,11.4199186358,5.7099593179
0.58,580.0,0.001,0.0375,,0.0,11.3994605295,5.69973026475
0.581,581.0,0.001,0.0375,,0.0,11.3789342841,5.68946714205
0.582,582.0,0.001,0.0375,,0.0,11.3583407028,5.6791703514
0.583,583.0,0.001,0.0375,,0.0,11.3376805865,5.66884029325
0.584,584.0,0.001,0.0375,,0.0,11.3169547335,5.65847736675
0.585,585.0,0.001,0.0375,,0.0,11.2961639393,5.64808196965
0.586,586.0,0.001,0.0375,,0.0,11.275308997,5.6376544985
0.587,587.0,0.001,0.0375,,0.0,11.2543906969,5.62719534845
0.588,588.0,0.001,0.0375,,0.0,11.2334098267,5.61670491335
0.589,589.0,0.001,0.0375,,0.0,11.2123671715,5.60618358575
0.59,590.0,0.001,0.0375,,0.0,11.1912635136,5.5956317568
0.591,591.0,0.001,0.0375,,0.0,11.1700996326,5.5850498163
0.592,592.0,0.001,0.0375,,0.0,11.1488763056,5.5744381528
0.593,593.0,0.001,0.0375,,0.0,11.1275943066,5.5637971533
0.594,594.0,0.001,0.0375,,0.0,11.1062544072,5.5531272036
0.595,595.0,0.001,0.0375,,0.0,11.084857376,5.542428688
0.596,596.0,0.001,0.0375,,0.0,11.063403979,5.5317019895
0.597,597.0,0.001,0.0375,,0.0,11.0418949794,5.5209474897
0.598,598.0,0.001,0.0375,,0.0,11.0203311374,5.5101655687
0.599,599.0,0.001,0.0375,,0.0,10.9987132106,5.4993566053
0.6,600.0,0.001,0.0375,,0.0,10.9770419538,5.4885209769
0.601,601.0,0.001,0.0375,,0.0,10.9553181188,5.4776590594
0.602,602.0,0.001,0.0375,,0.0,10.9335424547,5.46677122735
0.603,603.0,0.001,0.0375,,0.0,10.9117157076,5.4558578538
0.604,604.0,0.001,0.0375,,0.0,10.8898386209,5.44491931045
0.605,605.0,0.001,0.0375,,0.0,10.8679119349,5.43395596745
0.606,606.0,0.001,0.0375,,0.0,10.8459363873,5.42296819365
0.607,607.0,0.001,0.0375,,0.0,10.8239127127,5.41195635635
0.608,608.0,0.001,0.0375,,0.0,10.8018416428,5.4009208214
0.609,609.0,0.001,0.0375,,0.0,10.7797239064,5.3898619532
0.61,610.0,0.001,0.0375,,0.0,10.7575602293,5.37878011465
0.611,611.0,0.001,0.0375,,0.0,10.7353513346,5.3676756673
0.612,612.0,0.001,0.0375,,0.0,10.7130979422,5.3565489711
0.613,613.0,0.001,0.0375,,0.0,10.6908007691,5.34540038455
0.614,614.0,0.001,0.0375,,0.0,10.6684605294,5.3342302647
0.615,615.0,0.001,0.0375,,0.0,10.6460779341,5.32303896705
0.616,616.0,0.001,0.0375,,0.0,10.6236536913,5.31182684565
0.617,617.0,0.001,0.0375,,0.0,10.6011885062,5.3005942531
0.618,618.0,0.001,0.0375,,0.0,10.5786830807,5.28934154035
0.619,619.0,0.001,0.0375,,0.0,10.556138114,5.278069057
0.62,620.0,0.001,0.0375,,0.0,10.5335543021,5.26677715105
0.621,621.0,0.001,0.0375,,0.0,10.510932338,5.255466169
0.622,622.0,0.001,0.0375,,0.0,10.4882729118,5.2441364559
0.623,623.0,0.001,0.0375,,0.0,10.4655767103,5.23278835515
0.624,624.0,0.001,0.0375,,0.0,10.4428444175,5.22142220875
0.625,625.0,0.001,0.0375,,0.0,10.4200767143,5.21003835715
0.626,626.0,0.001,0.0375,,0.0,10.3972742783,5.19863713915
0.627,627.0,0.001,0.0375,,0.0,10.3744377844,5.1872188922
0.628,628.0,0.001,0.0375,,0.0,10.3515679041,5.17578395205
0.629,629.0,0.001,0.0375,,0.0,10.328665306,5.164332653
0.63,630.0,0.001,0.0375,,0.0,10.3057306556,5.1528653278
0.631,631.0,0.001,0.0375,,0.0,10.2827646154,5.1413823077
0.632,632.0,0.001,0.0375,,0.0,10.2597678444,5.1298839222
0.633,633.0,0.001,0.0375,,0.0,10.2367409991,5.11837049955
0.634,634.0,0.001,0.0375,,0.0,10.2136847324,5.1068423662
0.635,635.0,0.001,0.0375,,0.0,10.1905996944,5.0952998472
0.636,636.0,0.001,0.0375,,0.0,10.1674865318,5.0837432659
0.637,637.0,0.001,0.0375,,0.0,10.1443458884,5.0721729442
0.638,638.0,0.001,0.0375,,0.0,10.1211784049,5.06058920245
0.639,639.0,0.001,0.0375,,0.0,10.0979847188,5.0489923594
0.64,640.0,0.001,0.0375,,0.0,10.0747654643,5.03738273215
0.641,641.0,0.001,0.0375,,0.0,10.0515212728,5.0257606364
0.642,642.0,0.001,0.0375,,0.0,10.0282527722,5.0141263861
0.643,643.0,0.001,0.0375,,0.0,10.0049605877,5.00248029385
0.644,644.0,0.001,0.0375,,0.0,9.98164534089,4.990822670445
0.645,645.0,0.001,0.0375,,0.0,9.95830765055,4.979153825275
0.646,646.0,0.001,0.0375,,0.0,9.93494813216,4.96747406608
0.647,647.0,0.001,0.0375,,0.0,9.91156739809,4.955783699045
0.648,648.0,0.001,0.0375,,0.0,9.88816605754,4.94408302877
0.649,649.0,0.001,0.0375,,0.0,9.86474471658,4.93237235829
0.65,650.0,0.001,0.0375,,0.0,9.84130397809,4.920651989045
0.651,651.0,0.001,0.0375,,0.0,9.81784444183,4.908922220915
0.652,652.0,0.001,0.0375,,0.0,9.79436670437,4.897183352185
0.653,653.0,0.001,0.0375,,0.0,9.77087135914,4.88543567957
0.654,654.0,0.001,0.0375,,0.0,9.74735899639,4.873679498195
0.655,655.0,0.001,0.0375,,0.0,9.72383020323,4.861915101615
0.656,656.0,0.001,0.0375,,0.0,9.70028556357,4.850142781785
0.657,657.0,0.001,0.0375,,0.0,9.67672565819,4.838362829095
0.658,658.0,0.001,0.0375,,0.0,9.65315106468,4.82657553234
0.659,659.0,0.001,0.0375,,0.0,9.6295623575,4.81478117875
0.66,660.0,0.001,0.0375,,0.0,9.6059601079,4.80298005395
0.661,661.0,0.001,0.0375,,0.0,9.58234488399,4.791172441995
0.662,662.0,0.001,0.0375,,0.0,9.55871725072,4.77935862536
0.663,663.0,0.001,0.0375,,0.0,9.53507776985,4.767538884925
0.664,664.0,0.001,0.0375,,0.0,9.51142700001,4.755713500005
0.665,665.0,0.001,0.0375,,0.0,9.48776549663,4.743882748315
0.666,666.0,0.001,0.0375,,0.0,9.464093812,4.732046906
0.667,667.0,0.001,0.0375,,0.0,9.44041249525,4.720206247625
0.668,668.0,0.001,0.0375,,0.0,9.41672209232,4.70836104616
0.669,669.0,0.001,0.0375,,0.0,9.39302314603,4.696511573015
0.67,670.0,0.001,0.0375,,0.0,9.36931619602,4.68465809801
0.671,671.0,0.001,0.0375,,0.0,9.34560177876,4.67280088938
0.672,672.0,0.001,0.0375,,0.0,9.3218804276,4.6609402138
0.673,673.0,0.001,0.0375,,0.0,9.2981526727,4.64907633635
0.674,674.0,0.001,0.0375,,0.0,9.27441904109,4.637209520545
0.675,675.0,0.001,0.0375,,0.0,9.25068005665,4.625340028325
0.676,676.0,0.001,0.0375,,0.0,9.2269362401,4.61346812005
0.677,677.0,0.001,0.0375,,0.0,9.20318810903,4.601594054515
0.678,678.0,0.001,0.0375,,0.0,9.17943617788,4.58971808894
0.679,679.0,0.001,0.0375,,0.0,9.15568095794,4.57784047897
0.68,680.0,0.001,0.0375,,0.0,9.13192295738,4.56596147869
0.681,681.0,0.001,0.0375,,0.0,9.10816268123,4.554081340615
0.682,682.0,0.001,0.0375,,0.0,9.08440063139,4.542200315695
0.683,683.0,0.001,0.0375,,0.0,9.06063730663,4.530318653315
0.684,684.0,0.001,0.0375,,0.0,9.03687320259,4.518436601295
0.685,685.0,0.001,0.0375,,0.0,9.0131088118,4.5065544059
0.686,686.0,0.001,0.0375,,0.0,8.98934462365,4.494672311825
0.687,687.0,0.001,0.0375,,0.0,8.96558112445,4.482790562225
0.6880000000000001,688.0,0.001,0.0375,,0.0,8.94181879738,4.47090939869
0.6890000000000001,689.0,0.001,0.0375,,0.0,8.9180581225,4.45902906125
0.6900000000000001,690.0,0.001,0.0375,,0.0,8.8942995768,4.4471497884
0.6910000000000001,691.0,0.001,0.0375,,0.0,8.87054363413,4.435271817065
0.6920000000000001,692.0,0.001,0.0375,,0.0,8.84679076529,4.423395382645
0.6930000000000001,693.0,0.001,0.0375,,0.0,8.82304143797,4.411520718985
0.6940000000000001,694.0,0.001,0.0375,,0.0,8.79929611676,4.39964805838
0.6950000000000001,695.0,0.001,0.0375,,0.0,8.77555526318,4.38777763159
0.6960000000000001,696.0,0.001,0.0375,,0.0,8.75181933569,4.375909667845
0.6970000000000001,697.0,0.001,0.0375,,0.0,8.72808878967,4.364044394835
0.6980000000000001,698.0,0.001,0.0375,,0.0,8.70436407741,4.352182038705
0.6990000000000001,699.0,0.001,0.0375,,0.0,8.68064564816,4.34032282408
0.7000000000000001,700.0,0.001,0.0375,,0.0,8.65693394813,4.328466974065
0.7010000000000001,701.0,0.001,0.0375,,0.0,8.63322942044,4.31661471022
0.7020000000000001,702.0,0.001,0.0375,,0.0,8.6095325052,4.3047662526
0.7030000000000001,703.0,0.001,0.0375,,0.0,8.58584363944,4.29292181972
0.704,704.0,0.001,0.0375,,0.0,8.56216325721,4.281081628605
0.705,705.0,0.001,0.0375,,0.0,8.53849178947,4.269245894735
0.706,706.0,0.001,0.0375,,0.0,8.51482966421,4.257414832105
0.707,707.0,0.001,0.0375,,0.0,8.49117730636,4.24558865318
0.708,708.0,0.001,0.0375,,0.0,8.46753513786,4.23376756893
0.709,709.0,0.001,0.0375,,0.0,8.44390357765,4.221951788825
0.71,710.0,0.001,0.0375,,0.0,8.42028304166,4.21014152083
0.711,711.0,0.001,0.0375,,0.0,8.39667394282,4.19833697141
0.712,712.0,0.001,0.0375,,0.0,8.37307669108,4.18653834554
0.713,713.0,0.001,0.0375,,0.0,8.34949169341,4.174745846705
0.714,714.0,0.001,0.0375,,0.0,8.32591935382,4.16295967691
0.715,715.0,0.001,0.0375,,0.0,8.30236007332,4.15118003666
0.716,716.0,0.001,0.0375,,0.0,8.27881424998,4.13940712499
0.717,717.0,0.001,0.0375,,0.0,8.25528227892,4.12764113946
0.718,718.0,0.001,0.0375,,0.0,8.2317645523,4.11588227615
0.719,719.0,0.001,0.0375,,0.0,8.20826145934,4.10413072967
0.72,720.0,0.001,0.0375,,0.0,8.18477338634,4.09238669317
0.721,721.0,0.001,0.0375,,0.0,8.16130071665,4.080650358325
0.722,722.0,0.001,0.0375,,0.0,8.13784383072,4.06892191536
0.723,723.0,0.001,0.0375,,0.0,8.11440310608,4.05720155304
0.724,724.0,0.001,0.0375,,0.0,8.09097891736,4.04548945868
0.725,725.0,0.001,0.0375,,0.0,8.06757163629,4.033785818145
0.726,726.0,0.001,0.0375,,0.0,8.04418163171,4.022090815855
0.727,727.0,0.001,0.0375,,0.0,8.02080926956,4.01040463478
0.728,728.0,0.001,0.0375,,0.0,7.99745491294,3.99872745647
0.729,729.0,0.001,0.0375,,0.0,7.97411892206,3.98705946103
0.73,730.0,0.001,0.0375,,0.0,7.9552791736,3.9776395868
0.731,731.0,0.001,0.0375,,0.0,7.94602933099,3.973014665495
0.732,732.0,0.001,0.0375,,0.0,7.93672264811,3.968361324055
0.733,733.0,0.001,0.0375,,0.0,7.92735952718,3.96367976359
0.734,734.0,0.001,0.0375,,0.0,7.91794037007,3.958970185035
0.735,735.0,0.001,0.0375,,0.0,7.90846557832,3.95423278916
0.736,736.0,0.001,0.0375,,0.0,7.8989355531,3.94946777655
0.737,737.0,0.001,0.0375,,0.0,7.8893506952,3.9446753476
0.738,738.0,0.001,0.0375,,0.0,7.87971140503,3.939855702515
0.739,739.0,0.001,0.0375,,0.0,7.87001808261,3.935009041305
0.74,740.0,0.001,0.0375,,0.0,7.86027112752,3.93013556376
0.741,741.0,0.001,0.0375,,0.0,7.85047093894,3.92523546947
0.742,742.0,0.001,0.0375,,0.0,7.8406179156,3.9203089578
0.743,743.0,0.001,0.0375,,0.0,7.83071245577,3.915356227885
0.744,744.0,0.001,0.0375,,0.0,7.82075495726,3.91037747863
0.745,745.0,0.001,0.0375,,0.0,7.8107458174,3.9053729087
0.746,746.0,0.001,0.0375,,0.0,7.80068543304,3.90034271652
0.747,747.0,0.001,0.0375,,0.0,7.79057420051,3.895287100255
0.748,748.0,0.001,0.0375,,0.0,7.78041251563,3.890206257815
0.749,749.0,0.001,0.0375,,0.0,7.7702007737,3.88510038685
0.75,750.0,0.001,0.0375,,0.0,7.75993936947,3.879969684735
0.751,751.0,0.001,0.0375,,0.0,7.74962869714,3.87481434857
0.752,752.0,0.001,0.0375,,0.0,7.73926915036,3.86963457518
0.753,753.0,0.001,0.0375,,0.0,7.72886112217,3.864430561085
0.754,754.0,0.001,0.0375,,0.0,7.71840500507,3.859202502535
0.755,755.0,0.001,0.0375,,0.0,7.70790119092,3.85395059546
0.756,756.0,0.001,0.0375,,0.0,7.697350071,3.8486750355
0.757,757.0,0.001,0.0375,,0.0,7.68675203595,3.843376017975
0.758,758.0,0.001,0.0375,,0.0,7.67610747577,3.838053737885
0.759,759.0,0.001,0.0375,,0.0,7.66541677985,3.832708389925
0.76,760.0,0.001,0.0375,,0.0,7.65468033689,3.827340168445
0.761,761.0,0.001,0.0375,,0.0,7.64389853494,3.82194926747
0.762,762.0,0.001,0.0375,,0.0,7.63307176138,3.81653588069
0.763,763.0,0.001,0.0375,,0.0,7.6222004029,3.81110020145
0.764,764.0,0.001,0.0375,,0.0,7.61128484548,3.80564242274
0.765,765.0,0.001,0.0375,,0.0,7.6003254744,3.8001627372
0.766,766.0,0.001,0.0375,,0.0,7.58932267423,3.794661337115
0.767,767.0,0.001,0.0375,,0.0,7.57827682881,3.789138414405
0.768,768.0,0.001,0.0375,,0.0,7.56718832122,3.78359416061
0.769,769.0,0.001,0.0375,,0.0,7.55605753382,3.77802876691
0.77,770.0,0.001,0.0375,,0.0,7.55532272562,3.77766136281
0.771,771.0,0.001,0.0375,,0.0,7.554544229,3.7772721145
0.772,772.0,0.001,0.0375,,0.0,7.55369586736,3.77684793368
0.773,773.0,0.001,0.0375,,0.0,7.55277783788,3.77638891894
0.774,774.0,0.001,0.0375,,0.0,7.55179033897,3.775895169485
0.775,775.0,0.001,0.0375,,0.0,7.55073357019,3.775366785095
0.776,776.0,0.001,0.0375,,0.0,7.54960773229,3.774803866145
0.777,777.0,0.001,0.0375,,0.0,7.54841302718,3.77420651359
0.778,778.0,0.001,0.0375,,0.0,7.54714965792,3.77357482896
0.779,779.0,0.001,0.0375,,0.0,7.5458178287,3.77290891435
0.78,780.0,0.001,0.0375,,0.0,7.54441774481,3.772208872405
0.781,781.0,0.001,0.0375,,0.0,7.54294961269,3.771474806345
0.782,782.0,0.001,0.0375,,0.0,7.54141363983,3.770706819915
0.783,783.0,0.001,0.0375,,0.0,7.53981003483,3.769905017415
0.784,784.0,0.001,0.0375,,0.0,7.53813900735,3.769069503675
0.785,785.0,0.001,0.0375,,0.0,7.53640076809,3.768200384045
0.786,786.0,0.001,0.0375,,0.0,7.53459552882,3.76729776441
0.787,787.0,0.001,0.0375,,0.0,7.53272350232,3.76636175116
0.788,788.0,0.001,0.0375,,0.0,7.53078490238,3.76539245119
0.789,789.0,0.001,0.0375,,0.0,7.52877994381,3.764389971905
0.79,790.0,0.001,0.0375,,0.0,7.52670884241,3.763354421205
0.791,791.0,0.001,0.0375,,0.0,7.52457181494,3.76228590747
0.792,792.0,0.001,0.0375,,0.0,7.52236907914,3.76118453957
0.793,793.0,0.001,0.0375,,0.0,7.5201008537,3.76005042685
0.794,794.0,0.001,0.0375,,0.0,7.51776735824,3.75888367912
0.795,795.0,0.001,0.0375,,0.0,7.51536881332,3.75768440666
0.796,796.0,0.001,0.0375,,0.0,7.51290544041,3.756452720205
0.797,797.0,0.001,0.0375,,0.0,7.51037746186,3.75518873093
0.798,798.0,0.001,0.0375,,0.0,7.50778510095,3.753892550475
0.799,799.0,0.001,0.0375,,0.0,7.50512858181,3.752564290905
0.8,800.0,0.001,0.0375,,0.0,7.50240812943,3.751204064715
0.801,801.0,0.001,0.0375,,0.0,7.49962396966,3.74981198483
0.802,802.0,0.001,0.0375,,0.0,7.49677632919,3.748388164595
0.803,803.0,0.001,0.0375,,0.0,7.49386543554,3.74693271777
0.804,804.0,0.001,0.0375,,0.0,7.49089151704,3.74544575852
0.805,805.0,0.001,0.0375,,0.0,7.48785480281,3.743927401405
0.806,806.0,0.001,0.0375,,0.0,7.48475552278,3.74237776139
0.807,807.0,0.001,0.0375,,0.0,7.48159390764,3.74079695382
0.808,808.0,0.001,0.0375,,0.0,7.47837018887,3.739185094435
0.809,809.0,0.001,0.0375,,0.0,7.47508459868,3.73754229934
0.81,810.0,0.001,0.0375,,0.0,7.47173737002,3.73586868501
0.811,811.0,0.001,0.0375,,0.0,7.46832873658,3.73416436829
0.812,812.0,0.001,0.0375,,0.0,7.46485893278,3.73242946639
0.8130000000000001,813.0,0.001,0.0375,,0.0,7.46132819371,3.730664096855
0.8140000000000001,814.0,0.001,0.0375,,0.0,7.45773675519,3.728868377595
0.8150000000000001,815.0,0.001,0.0375,,0.0,7.4540848537,3.72704242685
0.8160000000000001,816.0,0.001,0.0375,,0.0,7.45037272638,3.72518636319
0.8170000000000001,817.0,0.001,0.0375,,0.0,7.44660061107,3.723300305535
0.8180000000000001,818.0,0.001,0.0375,,0.0,7.4427687462,3.7213843731
0.8190000000000001,819.0,0.001,0.0375,,0.0,7.43887737088,3.71943868544
0.8200000000000001,820.0,0.001,0.0375,,0.0,7.43492672482,3.71746336241
0.8210000000000001,821.0,0.001,0.0375,,0.0,7.43091704834,3.71545852417
0.8220000000000001,822.0,0.001,0.0375,,0.0,7.42684858238,3.71342429119
0.8230000000000001,823.0,0.001,0.0375,,0.0,7.42272156844,3.71136078422
0.8240000000000001,824.0,0.001,0.0375,,0.0,7.41853624862,3.70926812431
0.8250000000000001,825.0,0.001,0.0375,,0.0,7.41429286558,3.70714643279
0.8260000000000001,826.0,0.001,0.0375,,0.0,7.40999166251,3.704995831255
0.8270000000000001,827.0,0.001,0.0375,,0.0,7.40563288318,3.70281644159
0.8280000000000001,828.0,0.001,0.0375,,0.0,7.40121677186,3.70060838593
0.8290000000000001,829.0,0.001,0.0375,,0.0,7.39674357336,3.69837178668
0.8300000000000001,830.0,0.001,0.0375,,0.0,7.39221353299,3.696106766495
0.8310000000000001,831.0,0.001,0.0375,,0.0,7.38762689656,3.69381344828
0.8320000000000001,832.0,0.001,0.0375,,0.0,7.38298391036,3.69149195518
0.833,833.0,0.001,0.0375,,0.0,7.37828482117,3.689142410585
0.834,834.0,0.001,0.0375,,0.0,7.37352987621,3.686764938105
0.835,835.0,0.001,0.0375,,0.0,7.36871932319,3.684359661595
0.836,836.0,0.001,0.0375,,0.0,7.36385341022,3.68192670511
0.837,837.0,0.001,0.0375,,0.0,7.35893238587,3.679466192935
0.838,838.0,0.001,0.0375,,0.0,7.35395649912,3.67697824956
0.839,839.0,0.001,0.0375,,0.0,7.34892599938,3.67446299969
0.84,840.0,0.001,0.0375,,0.0,7.34384113642,3.67192056821
0.841,841.0,0.001,0.0375,,0.0,7.33870216043,3.669351080215
0.842,842.0,0.001,0.0375,,0.0,7.33350932197,3.666754660985
0.843,843.0,0.001,0.0375,,0.0,7.32826287198,3.66413143599
0.844,844.0,0.001,0.0375,,0.0,7.32296306172,3.66148153086
0.845,845.0,0.001,0.0375,,0.0,7.31761014283,3.658805071415
0.846,846.0,0.001,0.0375,,0.0,7.31220436728,3.65610218364
0.847,847.0,0.001,0.0375,,0.0,7.30674598737,3.653372993685
0.848,848.0,0.001,0.0375,,0.0,7.30123525569,3.650617627845
0.849,849.0,0.001,0.0375,,0.0,7.29567242516,3.64783621258
0.85,850.0,0.001,0.0375,,0.0,7.29005774899,3.645028874495
0.851,851.0,0.001,0.0375,,0.0,7.28439148067,3.642195740335
0.852,852.0,0.001,0.0375,,0.0,7.27867387397,3.639336936985
0.853,853.0,0.001,0.0375,,0.0,7.27290518293,3.636452591465
0.854,854.0,0.001,0.0375,,0.0,7.26708566182,3.63354283091
0.855,855.0,0.001,0.0375,,0.0,7.26121556518,3.63060778259
0.856,856.0,0.001,0.0375,,0.0,7.25529514777,3.627647573885
0.857,857.0,0.001,0.0375,,0.0,7.24932466459,3.624662332295
0.858,858.0,0.001,0.0375,,0.0,7.24330437084,3.62165218542
0.859,859.0,0.001,0.0375,,0.0,7.23723452194,3.61861726097
0.86,860.0,0.001,0.0375,,0.0,7.23111537348,3.61555768674
0.861,861.0,0.001,0.0375,,0.0,7.22494718127,3.612473590635
0.862,862.0,0.001,0.0375,,0.0,7.21873020128,3.60936510064
0.863,863.0,0.001,0.0375,,0.0,7.21246468963,3.606232344815
0.864,864.0,0.001,0.0375,,0.0,7.20615090263,3.603075451315
0.865,865.0,0.001,0.0375,,0.0,7.19978909671,3.599894548355
0.866,866.0,0.001,0.0375,,0.0,7.19337952846,3.59668976423
0.867,867.0,0.001,0.0375,,0.0,7.18692245458,3.59346122729
0.868,868.0,0.001,0.0375,,0.0,7.18041813191,3.590209065955
0.869,869.0,0.001,0.0375,,0.0,7.17386681739,3.586933408695
0.87,870.0,0.001,0.0375,,0.0,7.16726876805,3.583634384025
0.871,871.0,0.001,0.0375,,0.0,7.16062424104,3.58031212052
0.872,872.0,0.001,0.0375,,0.0,7.15393349357,3.576966746785
0.873,873.0,0.001,0.0375,,0.0,7.14719678293,3.573598391465
0.874,874.0,0.001,0.0375,,0.0,7.14041436648,3.57020718324
0.875,875.0,0.001,0.0375,,0.0,7.13358650164,3.56679325082
0.876,876.0,0.001,0.0375,,0.0,7.12671344587,3.563356722935
0.877,877.0,0.001,0.0375,,0.0,7.11979545666,3.55989772833
0.878,878.0,0.001,0.0375,,0.0,7.11283279156,3.55641639578
0.879,879.0,0.001,0.0375,,0.0,7.10582570811,3.552912854055
0.88,880.0,0.001,0.0375,,0.0,7.09877446388,3.54938723194
0.881,881.0,0.001,0.0375,,0.0,7.09167931643,3.545839658215
0.882,882.0,0.001,0.0375,,0.0,7.08454052334,3.54227026167
0.883,883.0,0.001,0.0375,,0.0,7.07735834216,3.53867917108
0.884,884.0,0.001,0.0375,,0.0,7.07013303041,3.535066515205
0.885,885.0,0.001,0.0375,,0.0,7.06286484561,3.531432422805
0.886,886.0,0.001,0.0375,,0.0,7.05555404521,3.527777022605
0.887,887.0,0.001,0.0375,,0.0,7.04820088664,3.52410044332
0.888,888.0,0.001,0.0375,,0.0,7.04080562725,3.520402813625
0.889,889.0,0.001,0.0375,,0.0,7.03336852435,3.516684262175
0.89,890.0,0.001,0.0375,,0.0,7.02588983517,3.512944917585
0.891,891.0,0.001,0.0375,,0.0,7.01836981686,3.50918490843
0.892,892.0,0.001,0.0375,,0.0,7.01080872649,3.505404363245
0.893,893.0,0.001,0.0375,,0.0,7.00320682103,3.501603410515
0.894,894.0,0.001,0.0375,,0.0,6.99556435735,3.497782178675
0.895,895.0,0.001,0.0375,,0.0,6.9878815922,3.4939407961
0.896,896.0,0.001,0.0375,,0.0,6.98015878223,3.490079391115
0.897,897.0,0.001,0.0375,,0.0,6.97239618395,3.486198091975
0.898,898.0,0.001,0.0375,,0.0,6.96459405374,3.48229702687
0.899,899.0,0.001,0.0375,,0.0,6.95675264784,3.47837632392
0.9,900.0,0.001,0.0375,,0.0,6.94887222235,3.474436111175
0.901,901.0,0.001,0.0375,,0.0,6.9409530332,3.4704765166
0.902,902.0,0.001,0.0375,,0.0,6.93785614398,3.46892807199
0.903,903.0,0.001,0.0375,,0.0,6.93499143234,3.46749571617
0.904,904.0,0.001,0.0375,,0.0,6.93207430301,3.466037151505
0.905,905.0,0.001,0.0375,,0.0,6.92910494107,3.464552470535
0.906,906.0,0.001,0.0375,,0.0,6.92608353225,3.463041766125
0.907,907.0,0.001,0.0375,,0.0,6.92301026285,3.461505131425
0.908,908.0,0.001,0.0375,,0.0,6.91988531976,3.45994265988
0.909,909.0,0.001,0.0375,,0.0,6.91670889046,3.45835444523
0.91,910.0,0.001,0.0375,,0.0,6.91348116299,3.456740581495
0.911,911.0,0.001,0.0375,,0.0,6.91020232595,3.455101162975
0.912,912.0,0.001,0.0375,,0.0,6.90687256849,3.453436284245
0.913,913.0,0.001,0.0375,,0.0,6.90349208033,3.451746040165
0.914,914.0,0.001,0.0375,,0.0,6.90006105168,3.45003052584
0.915,915.0,0.001,0.0375,,0.0,6.8965796733,3.44828983665
0.916,916.0,0.001,0.0375,,0.0,6.89304813648,3.44652406824
0.917,917.0,0.001,0.0375,,0.0,6.88946663299,3.444733316495
0.918,918.0,0.001,0.0375,,0.0,6.88583535512,3.44291767756
0.919,919.0,0.001,0.0375,,0.0,6.88215449564,3.44107724782
0.92,920.0,0.001,0.0375,,0.0,6.8784242478,3.4392121239
0.921,921.0,0.001,0.0375,,0.0,6.87464480533,3.437322402665
0.922,922.0,0.001,0.0375,,0.0,6.87081636244,3.43540818122
0.923,923.0,0.001,0.0375,,0.0,6.86693911376,3.43346955688
0.924,924.0,0.001,0.0375,,0.0,6.8630132544,3.4315066272
0.925,925.0,0.001,0.0375,,0.0,6.8590389799,3.42951948995
0.926,926.0,0.001,0.0375,,0.0,6.85501648623,3.427508243115
0.927,927.0,0.001,0.0375,,0.0,6.85094596978,3.42547298489
0.928,928.0,0.001,0.0375,,0.0,6.84682762736,3.42341381368
0.929,929.0,0.001,0.0375,,0.0,6.84266165619,3.421330828095
0.93,930.0,0.001,0.0375,,0.0,6.83844825387,3.419224126935
0.931,931.0,0.001,0.0375,,0.0,6.83418761841,3.417093809205
0.932,932.0,0.001,0.0375,,0.0,6.82987994819,3.414939974095
0.933,933.0,0.001,0.0375,,0.0,6.82552544198,3.41276272099
0.934,934.0,0.001,0.0375,,0.0,6.82112429888,3.41056214944
0.935,935.0,0.001,0.0375,,0.0,6.81667671839,3.408338359195
0.936,936.0,0.001,0.0375,,0.0,6.81218290033,3.406091450165
0.937,937.0,0.001,0.0375,,0.0,6.80764304486,3.40382152243
0.9380000000000001,938.0,0.001,0.0375,,0.0,6.8030573525,3.40152867625
0.9390000000000001,939.0,0.001,0.0375,,0.0,6.79842602407,3.399213012035
0.9400000000000001,940.0,0.001,0.0375,,0.0,6.79374926072,3.39687463036
0.9410000000000001,941.0,0.001,0.0375,,0.0,6.78902726389,3.394513631945
0.9420000000000001,942.0,0.001,0.0375,,0.0,6.78426023534,3.39213011767
0.9430000000000001,943.0,0.001,0.0375,,0.0,6.77944837712,3.38972418856
0.9440000000000001,944.0,0.001,0.0375,,0.0,6.77459189157,3.387295945785
0.9450000000000001,945.0,0.001,0.0375,,0.0,6.76969098129,3.384845490645
0.9460000000000001,946.0,0.001,0.0375,,0.0,6.76474584917,3.382372924585
0.9470000000000001,947.0,0.001,0.0375,,0.0,6.75975669835,3.379878349175
0.9480000000000001,948.0,0.001,0.0375,,0.0,6.75472373223,3.377361866115
0.9490000000000001,949.0,0.001,0.0375,,0.0,6.74964715445,3.374823577225
0.9500000000000001,950.0,0.001,0.0375,,0.0,6.74581587866,3.37290793933
0.9510000000000001,951.0,0.001,0.0375,,0.0,6.74516910714,3.37258455357
0.9520000000000001,952.0,0.001,0.0375,,0.0,6.74446939088,3.37223469544
0.9530000000000001,953.0,0.001,0.0375,,0.0,6.74371685875,3.371858429375
0.9540000000000001,954.0,0.001,0.0375,,0.0,6.74291164047,3.371455820235
0.9550000000000001,955.0,0.001,0.0375,,0.0,6.74205386661,3.371026933305
0.9560000000000001,956.0,0.001,0.0375,,0.0,6.74114366853,3.370571834265
0.9570000000000001,957.0,0.001,0.0375,,0.0,6.74018117847,3.370090589235
0.9580000000000001,958.0,0.001,0.0375,,0.0,6.73916652943,3.369583264715
0.9590000000000001,959.0,0.001,0.0375,,0.0,6.73809985527,3.369049927635
0.96,960.0,0.001,0.0375,,0.0,6.7369812906,3.3684906453
0.961,961.0,0.001,0.0375,,0.0,6.73581097088,3.36790548544
0.962,962.0,0.001,0.0375,,0.0,6.73458903229,3.367294516145
0.963,963.0,0.001,0.0375,,0.0,6.73331561185,3.366657805925
0.964,964.0,0.001,0.0375,,0.0,6.73199084731,3.365995423655
0.965,965.0,0.001,0.0375,,0.0,6.73061487718,3.36530743859
0.966,966.0,0.001,0.0375,,0.0,6.72918784076,3.36459392038
0.967,967.0,0.001,0.0375,,0.0,6.72770987806,3.36385493903
0.968,968.0,0.001,0.0375,,0.0,6.72618112985,3.363090564925
0.969,969.0,0.001,0.0375,,0.0,6.72460173762,3.36230086881
0.97,970.0,0.001,0.0375,,0.0,6.72297184359,3.361485921795
0.971,971.0,0.001,0.0375,,0.0,6.72129159069,3.360645795345
0.972,972.0,0.001,0.0375,,0.0,6.71956112256,3.35978056128
0.973,973.0,0.001,0.0375,,0.0,6.71778058356,3.35889029178
0.974,974.0,0.001,0.0375,,0.0,6.71595011871,3.357975059355
0.975,975.0,0.001,0.0375,,0.0,6.71406987374,3.35703493687
0.976,976.0,0.001,0.0375,,0.0,6.71213999505,3.356069997525
0.977,977.0,0.001,0.0375,,0.0,6.71016062971,3.355080314855
0.978,978.0,0.001,0.0375,,0.0,6.70813192546,3.35406596273
0.979,979.0,0.001,0.0375,,0.0,6.70605403068,3.35302701534
0.98,980.0,0.001,0.0375,,0.0,6.70392709442,3.35196354721
0.981,981.0,0.001,0.0375,,0.0,6.70175126634,3.35087563317
0.982,982.0,0.001,0.0375,,0.0,6.69952669678,3.34976334839
0.983,983.0,0.001,0.0375,,0.0,6.69725353665,3.348626768325
0.984,984.0,0.001,0.0375,,0.0,6.69493193753,3.347465968765
0.985,985.0,0.001,0.0375,,0.0,6.69256205157,3.346281025785
0.986,986.0,0.001,0.0375,,0.0,6.69014403154,3.34507201577
0.987,987.0,0.001,0.0375,,0.0,6.68767803082,3.34383901541
0.988,988.0,0.001,0.0375,,0.0,6.68516420335,3.342582101675
0.989,989.0,0.001,0.0375,,0.0,6.68260270368,3.34130135184
0.99,990.0,0.001,0.0375,,0.0,6.67999368691,3.339996843455
0.991,991.0,0.001,0.0375,,0.0,6.67733730872,3.33866865436
0.992,992.0,0.001,0.0375,,0.0,6.67463372534,3.33731686267
0.993,993.0,0.001,0.0375,,0.0,6.67188309357,3.335941546785
0.994,994.0,0.001,0.0375,,0.0,6.66908557074,3.33454278537
0.995,995.0,0.001,0.0375,,0.0,6.66624131472,3.33312065736
0.996,996.0,0.001,0.0375,,0.0,6.66335048391,3.331675241955
0.997,997.0,0.001,0.0375,,0.0,6.66041323723,3.330206618615
0.998,998.0,0.001,0.0375,,0.0,6.65742973412,3.32871486706
0.999,999.0,0.001,0.0375,,0.0,6.65440013454,3.32720006727
1.0,1000.0,0.001,0.0375,,0.0,6.65132459893,3.325662299465
1.0010000000000001,1001.0,0.001,0.0375,,0.0,6.64820328824,3.32410164412
1.002,1002.0,0.001,0.0375,,0.0,6.64503636389,3.322518181945
1.0030000000000001,1003.0,0.001,0.0375,,0.0,6.64182398781,3.320911993905
1.004,1004.0,0.001,0.0375,,0.0,6.63856632238,3.31928316119
1.0050000000000001,1005.0,0.001,0.0375,,0.0,6.63526353045,3.317631765225
1.006,1006.0,0.001,0.0375,,0.0,6.63191577532,3.31595788766
1.0070000000000001,1007.0,0.001,0.0375,,0.0,6.62852322077,3.314261610385
1.008,1008.0,0.001,0.0375,,0.0,6.62508603099,3.312543015495
1.0090000000000001,1009.0,0.001,0.0375,,0.0,6.62160437065,3.310802185325
1.01,1010.0,0.001,0.0375,,0.0,6.6180784048,3.3090392024
1.0110000000000001,1011.0,0.001,0.0375,,0.0,6.61450829896,3.30725414948
1.012,1012.0,0.001,0.0375,,0.0,6.61089421904,3.30544710952
1.0130000000000001,1013.0,0.001,0.0375,,0.0,6.60723633137,3.303618165685
1.014,1014.0,0.001,0.0375,,0.0,6.60353480268,3.30176740134
1.0150000000000001,1015.0,0.001,0.0375,,0.0,6.59978980011,3.299894900055
1.016,1016.0,0.001,0.0375,,0.0,6.59600149117,3.298000745585
1.0170000000000001,1017.0,0.001,0.0375,,0.0,6.59217004376,3.29608502188
1.018,1018.0,0.001,0.0375,,0.0,6.58829562616,3.29414781308
1.0190000000000001,1019.0,0.001,0.0375,,0.0,6.58437840701,3.292189203505
1.02,1020.0,0.001,0.0375,,0.0,6.58041855534,3.29020927767
1.0210000000000001,1021.0,0.001,0.0375,,0.0,6.57641624051,3.288208120255
1.022,1022.0,0.001,0.0375,,0.0,6.57237163222,3.28618581611
1.0230000000000001,1023.0,0.001,0.0375,,0.0,6.56828490055,3.284142450275
1.024,1024.0,0.001,0.0375,,0.0,6.56415621588,3.28207810794
1.025,1025.0,0.001,0.0375,,0.0,6.55998574894,3.27999287447
1.026,1026.0,0.001,0.0375,,0.0,6.55577367078,3.27788683539
1.027,1027.0,0.001,0.0375,,0.0,6.55152015276,3.27576007638
1.028,1028.0,0.001,0.0375,,0.0,6.54722536655,3.273612683275
1.029,1029.0,0.001,0.0375,,0.0,6.54288948413,3.271444742065
1.03,1030.0,0.001,0.0375,,0.0,6.53851267778,3.26925633889
1.031,1031.0,0.001,0.0375,,0.0,6.53409512006,3.26704756003
1.032,1032.0,0.001,0.0375,,0.0,6.52963698381,3.264818491905
1.033,1033.0,0.001,0.0375,,0.0,6.52513844217,3.262569221085
1.034,1034.0,0.001,0.0375,,0.0,6.52059966852,3.26029983426
1.035,1035.0,0.001,0.0375,,0.0,6.51602083653,3.258010418265
1.036,1036.0,0.001,0.0375,,0.0,6.51140212012,3.25570106006
1.037,1037.0,0.001,0.0375,,0.0,6.50674369346,3.25337184673
1.038,1038.0,0.001,0.0375,,0.0,6.50204573096,3.25102286548
1.039,1039.0,0.001,0.0375,,0.0,6.49730840729,3.248654203645
1.04,1040.0,0.001,0.0375,,0.0,6.49253189732,3.24626594866
1.041,1041.0,0.001,0.0375,,0.0,6.48771637619,3.243858188095
1.042,1042.0,0.001,0.0375,,0.0,6.48286201923,3.241431009615
1.043,1043.0,0.001,0.0375,,0.0,6.47796900198,3.23898450099
1.044,1044.0,0.001,0.0375,,0.0,6.47303750022,3.23651875011
1.045,1045.0,0.001,0.0375,,0.0,6.46806768989,3.234033844945
1.046,1046.0,0.001,0.0375,,0.0,6.46305974717,3.231529873585
1.047,1047.0,0.001,0.0375,,0.0,6.4580138484,3.2290069242
1.048,1048.0,0.001,0.0375,,0.0,6.45293017012,3.22646508506
1.049,1049.0,0.001,0.0375,,0.0,6.44780888903,3.223904444515
1.05,1050.0,0.001,0.0375,,0.0,6.44265018203,3.221325091015
1.051,1051.0,0.001,0.0375,,0.0,6.43745422616,3.21872711308
1.052,1052.0,0.001,0.0375,,0.0,6.43222119864,3.21611059932
1.053,1053.0,0.001,0.0375,,0.0,6.42695127682,3.21347563841
1.054,1054.0,0.001,0.0375,,0.0,6.42164463823,3.210822319115
1.055,1055.0,0.001,0.0375,,0.0,6.41630146052,3.20815073026
1.056,1056.0,0.001,0.0375,,0.0,6.41092192148,3.20546096074
1.057,1057.0,0.001,0.0375,,0.0,6.40550619905,3.202753099525
1.058,1058.0,0.001,0.0375,,0.0,6.40005447126,3.20002723563
1.059,1059.0,0.001,0.0375,,0.0,6.39456691628,3.19728345814
1.06,1060.0,0.001,0.0375,,0.0,6.38904371242,3.19452185621
1.061,1061.0,0.001,0.0375,,0.0,6.38348503804,3.19174251902
1.062,1062.0,0.001,0.0375,,0.0,6.37789107166,3.18894553583
1.063,1063.0,0.001,0.0375,,0.0,6.37226199185,3.186130995925
1.064,1064.0,0.001,0.0375,,0.0,6.36659797731,3.183298988655
1.065,1065.0,0.001,0.0375,,0.0,6.36089920679,3.180449603395
1.066,1066.0,0.001,0.0375,,0.0,6.35516585916,3.17758292958
1.067,1067.0,0.001,0.0375,,0.0,6.34939811333,3.174699056665
1.068,1068.0,0.001,0.0375,,0.0,6.3435961483,3.17179807415
1.069,1069.0,0.001,0.0375,,0.0,6.33776014311,3.168880071555
1.07,1070.0,0.001,0.0375,,0.0,6.3318902769,3.16594513845
1.071,1071.0,0.001,0.0375,,0.0,6.32598672882,3.16299336441
1.072,1072.0,0.001,0.0375,,0.0,6.32004967809,3.160024839045
1.073,1073.0,0.001,0.0375,,0.0,6.31407930396,3.15703965198
1.074,1074.0,0.001,0.0375,,0.0,6.30807578574,3.15403789287
1.075,1075.0,0.001,0.0375,,0.0,6.30203930274,3.15101965137
1.076,1076.0,0.001,0.0375,,0.0,6.29597003433,3.147985017165
1.077,1077.0,0.001,0.0375,,0.0,6.28986815986,3.14493407993
1.078,1078.0,0.001,0.0375,,0.0,6.28373385874,3.14186692937
1.079,1079.0,0.001,0.0375,,0.0,6.27756731036,3.13878365518
1.08,1080.0,0.001,0.0375,,0.0,6.27136869413,3.135684347065
1.081,1081.0,0.001,0.0375,,0.0,6.26513818945,3.132569094725
1.082,1082.0,0.001,0.0375,,0.0,6.25887597572,3.12943798786
1.083,1083.0,0.001,0.0375,,0.0,6.25258223234,3.12629111617
1.084,1084.0,0.001,0.0375,,0.0,6.24625713868,3.12312856934
1.085,1085.0,0.001,0.0375,,0.0,6.2399008741,3.11995043705
1.086,1086.0,0.001,0.0375,,0.0,6.23351361794,3.11675680897
1.087,1087.0,0.001,0.0375,,0.0,6.22709554948,3.11354777474
1.088,1088.0,0.001,0.0375,,0.0,6.22064684801,3.110323424005
1.089,1089.0,0.001,0.0375,,0.0,6.21416769276,3.10708384638
1.09,1090.0,0.001,0.0375,,0.0,6.20765826289,3.103829131445
1.091,1091.0,0.001,0.0375,,0.0,6.20111873756,3.10055936878
1.092,1092.0,0.001,0.0375,,0.0,6.19454929584,3.09727464792
1.093,1093.0,0.001,0.0375,,0.0,6.18795011675,3.093975058375
1.094,1094.0,0.001,0.0375,,0.0,6.18132137925,3.090660689625
1.095,1095.0,0.001,0.0375,,0.0,6.17466326224,3.08733163112
1.096,1096.0,0.001,0.0375,,0.0,6.16797594453,3.083987972265
1.097,1097.0,0.001,0.0375,,0.0,6.16125960486,3.08062980243
1.098,1098.0,0.001,0.0375,,0.0,6.15451442188,3.07725721094
1.099,1099.0,0.001,0.0375,,0.0,6.14774057418,3.07387028709
1.1,1100.0,0.001,0.0375,,0.0,6.14093824023,3.070469120115
1.101,1101.0,0.001,0.0375,,0.0,6.13410759841,3.067053799205
1.102,1102.0,0.001,0.0375,,0.0,6.127248827,3.0636244135
1.103,1103.0,0.001,0.0375,,0.0,6.12036210419,3.060181052095
1.104,1104.0,0.001,0.0375,,0.0,6.11344760805,3.056723804025
1.105,1105.0,0.001,0.0375,,0.0,6.10650551652,3.05325275826
1.106,1106.0,0.001,0.0375,,0.0,6.09953600745,3.049768003725
1.107,1107.0,0.001,0.0375,,0.0,6.09253925855,3.046269629275
1.108,1108.0,0.001,0.0375,,0.0,6.08551544741,3.042757723705
1.109,1109.0,0.001,0.0375,,0.0,6.08026467072,3.04013233536
1.11,1110.0,0.001,0.0375,,0.0,6.07877734555,3.039388672775
1.111,1111.0,0.001,0.0375,,0.0,6.07725097697,3.038625488485
1.112,1112.0,0.001,0.0375,,0.0,6.07568566736,3.03784283368
1.113,1113.0,0.001,0.0375,,0.0,6.07408151954,3.03704075977
1.114,1114.0,0.001,0.0375,,0.0,6.07243863683,3.036219318415
1.115,1115.0,0.001,0.0375,,0.0,6.07075712305,3.035378561525
1.116,1116.0,0.001,0.0375,,0.0,6.06903708244,3.03451854122
1.117,1117.0,0.001,0.0375,,0.0,6.06727861974,3.03363930987
1.118,1118.0,0.001,0.0375,,0.0,6.06548184014,3.03274092007
1.119,1119.0,0.001,0.0375,,0.0,6.06364684928,3.03182342464
1.12,1120.0,0.001,0.0375,,0.0,6.06177375325,3.030886876625
1.121,1121.0,0.001,0.0375,,0.0,6.05986265861,3.029931329305
1.122,1122.0,0.001,0.0375,,0.0,6.05791367232,3.02895683616
1.123,1123.0,0.001,0.0375,,0.0,6.05592690182,3.02796345091
1.124,1124.0,0.001,0.0375,,0.0,6.05390245495,3.026951227475
1.125,1125.0,0.001,0.0375,,0.0,6.05184043999,3.025920219995
1.1260000000000001,1126.0,0.001,0.0375,,0.0,6.04974096565,3.024870482825
1.127,1127.0,0.001,0.0375,,0.0,6.04760414105,3.023802070525
1.1280000000000001,1128.0,0.001,0.0375,,0.0,6.04543007571,3.022715037855
1.129,1129.0,0.001,0.0375,,0.0,6.0432188796,3.0216094398
1.1300000000000001,1130.0,0.001,0.0375,,0.0,6.04097066304,3.02048533152
1.131,1131.0,0.001,0.0375,,0.0,6.03868553681,3.019342768405
1.1320000000000001,1132.0,0.001,0.0375,,0.0,6.03636361203,3.018181806015
1.133,1133.0,0.001,0.0375,,0.0,6.03400500025,3.017002500125
1.1340000000000001,1134.0,0.001,0.0375,,0.0,6.03160981339,3.015804906695
1.135,1135.0,0.001,0.0375,,0.0,6.02917816376,3.01458908188
1.1360000000000001,1136.0,0.001,0.0375,,0.0,6.02671016403,3.013355082015
1.137,1137.0,0.001,0.0375,,0.0,6.02420592727,3.012102963635
1.1380000000000001,1138.0,0.001,0.0375,,0.0,6.02166556689,3.010832783445
1.139,1139.0,0.001,0.0375,,0.0,6.0190891967,3.00954459835
1.1400000000000001,1140.0,0.001,0.0375,,0.0,6.01647693082,3.00823846541
1.141,1141.0,0.001,0.0375,,0.0,6.01382888378,3.00691444189
1.1420000000000001,1142.0,0.001,0.0375,,0.0,6.01114517042,3.00557258521
1.143,1143.0,0.001,0.0375,,0.0,6.00842590595,3.004212952975
1.1440000000000001,1144.0,0.001,0.0375,,0.0,6.0056712059,3.00283560295
1.145,1145.0,0.001,0.0375,,0.0,6.00288118616,3.00144059308
1.1460000000000001,1146.0,0.001,0.0375,,0.0,6.00005596294,3.00002798147
1.147,1147.0,0.001,0.0375,,0.0,5.99719565278,2.99859782639
1.1480000000000001,1148.0,0.001,0.0375,,0.0,5.99430037255,2.997150186275
1.149,1149.0,0.001,0.0375,,0.0,5.99137023944,2.99568511972
1.1500000000000001,1150.0,0.001,0.0375,,0.0,5.98840537094,2.99420268547
1.151,1151.0,0.001,0.0375,,0.0,5.98540588487,2.992702942435
1.1520000000000001,1152.0,0.001,0.0375,,0.0,5.98237189935,2.991185949675
1.153,1153.0,0.001,0.0375,,0.0,5.9793035328,2.9896517664
1.154,1154.0,0.001,0.0375,,0.0,5.97620090395,2.988100451975
1.155,1155.0,0.001,0.0375,,0.0,5.9730641318,2.9865320659
1.156,1156.0,0.001,0.0375,,0.0,5.96989333566,2.98494666783
1.157,1157.0,0.001,0.0375,,0.0,5.96668863512,2.98334431756
1.158,1158.0,0.001,0.0375,,0.0,5.96345015005,2.981725075025
1.159,1159.0,0.001,0.0375,,0.0,5.9601780006,2.9800890003
1.16,1160.0,0.001,0.0375,,0.0,5.95687230718,2.97843615359
1.161,1161.0,0.001,0.0375,,0.0,5.95353319049,2.976766595245
1.162,1162.0,0.001,0.0375,,0.0,5.95016077148,2.97508038574
1.163,1163.0,0.001,0.0375,,0.0,5.94675517135,2.973377585675
1.164,1164.0,0.001,0.0375,,0.0,5.94331651158,2.97165825579
1.165,1165.0,0.001,0.0375,,0.0,5.93984491388,2.96992245694
1.166,1166.0,0.001,0.0375,,0.0,5.93634050022,2.96817025011
1.167,1167.0,0.001,0.0375,,0.0,5.93280339281,2.966401696405
1.168,1168.0,0.001,0.0375,,0.0,5.9292337141,2.96461685705
1.169,1169.0,0.001,0.0375,,0.0,5.92563158677,2.962815793385
1.17,1170.0,0.001,0.0375,,0.0,5.92199713373,2.960998566865
1.171,1171.0,0.001,0.0375,,0.0,5.91833047812,2.95916523906
1.172,1172.0,0.001,0.0375,,0.0,5.91463174332,2.95731587166
1.173,1173.0,0.001,0.0375,,0.0,5.91090105288,2.95545052644
1.174,1174.0,0.001,0.0375,,0.0,5.90713853062,2.95356926531
1.175,1175.0,0.001,0.0375,,0.0,5.90334430053,2.951672150265
1.176,1176.0,0.001,0.0375,,0.0,5.89951848684,2.94975924342
1.177,1177.0,0.001,0.0375,,0.0,5.89566121394,2.94783060697
1.178,1178.0,0.001,0.0375,,0.0,5.89177260646,2.94588630323
1.179,1179.0,0.001,0.0375,,0.0,5.88785278919,2.943926394595
1.18,1180.0,0.001,0.0375,,0.0,5.88641445447,2.943207227235
1.181,1181.0,0.001,0.0375,,0.0,5.88572091707,2.942860458535
1.182,1182.0,0.001,0.0375,,0.0,5.88498738845,2.942493694225
1.183,1183.0,0.001,0.0375,,0.0,5.88421395225,2.942106976125
1.184,1184.0,0.001,0.0375,,0.0,5.88340069273,2.941700346365
1.185,1185.0,0.001,0.0375,,0.0,5.88254769477,2.941273847385
1.186,1186.0,0.001,0.0375,,0.0,5.88165504382,2.94082752191
1.187,1187.0,0.001,0.0375,,0.0,5.88072282598,2.94036141299
1.188,1188.0,0.001,0.0375,,0.0,5.8797511279,2.93987556395
1.189,1189.0,0.001,0.0375,,0.0,5.87874003685,2.939370018425
1.19,1190.0,0.001,0.0375,,0.0,5.87768964068,2.93884482034
1.191,1191.0,0.001,0.0375,,0.0,5.87660002782,2.93830001391
1.192,1192.0,0.001,0.0375,,0.0,5.87547128729,2.937735643645
1.193,1193.0,0.001,0.0375,,0.0,5.87430350866,2.93715175433
1.194,1194.0,0.001,0.0375,,0.0,5.8730967821,2.93654839105
1.195,1195.0,0.001,0.0375,,0.0,5.87185119832,2.93592559916
1.196,1196.0,0.001,0.0375,,0.0,5.87056684859,2.935283424295
1.197,1197.0,0.001,0.0375,,0.0,5.86924382475,2.934621912375
1.198,1198.0,0.001,0.0375,,0.0,5.86788221919,2.933941109595
1.199,1199.0,0.001,0.0375,,0.0,5.86648212483,2.933241062415
1.2,1200.0,0.001,0.0375,,0.0,5.86504363516,2.93252181758
1.201,1201.0,0.001,0.0375,,0.0,5.86356684417,2.931783422085
1.202,1202.0,0.001,0.0375,,0.0,5.86205184641,2.931025923205
1.203,1203.0,0.001,0.0375,,0.0,5.86049873696,2.93024936848
1.204,1204.0,0.001,0.0375,,0.0,5.85890761141,2.929453805705
1.205,1205.0,0.001,0.0375,,0.0,5.85727856586,2.92863928293
1.206,1206.0,0.001,0.0375,,0.0,5.85561169696,2.92780584848
1.207,1207.0,0.001,0.0375,,0.0,5.85390710184,2.92695355092
1.208,1208.0,0.001,0.0375,,0.0,5.85216487814,2.92608243907
1.209,1209.0,0.001,0.0375,,0.0,5.85038512401,2.925192562005
1.21,1210.0,0.001,0.0375,,0.0,5.84856793809,2.924283969045
1.211,1211.0,0.001,0.0375,,0.0,5.84671341951,2.923356709755
1.212,1212.0,0.001,0.0375,,0.0,5.84482166791,2.922410833955
1.213,1213.0,0.001,0.0375,,0.0,5.84289278337,2.921446391685
1.214,1214.0,0.001,0.0375,,0.0,5.84092686649,2.920463433245
1.215,1215.0,0.001,0.0375,,0.0,5.83892401831,2.919462009155
1.216,1216.0,0.001,0.0375,,0.0,5.83688434038,2.91844217019
1.217,1217.0,0.001,0.0375,,0.0,5.83480793467,2.917403967335
1.218,1218.0,0.001,0.0375,,0.0,5.83269490365,2.916347451825
1.219,1219.0,0.001,0.0375,,0.0,5.83054535021,2.915272675105
1.22,1220.0,0.001,0.0375,,0.0,5.82835937773,2.914179688865
1.221,1221.0,0.001,0.0375,,0.0,5.82613708999,2.913068544995
1.222,1222.0,0.001,0.0375,,0.0,5.82387859126,2.91193929563
1.223,1223.0,0.001,0.0375,,0.0,5.82158398622,2.91079199311
1.224,1224.0,0.001,0.0375,,0.0,5.81925338,2.90962669
1.225,1225.0,0.001,0.0375,,0.0,5.81688687813,2.908443439065
1.226,1226.0,0.001,0.0375,,0.0,5.8144845866,2.9072422933
1.227,1227.0,0.001,0.0375,,0.0,5.8120466118,2.9060233059
1.228,1228.0,0.001,0.0375,,0.0,5.80957306054,2.90478653027
1.229,1229.0,0.001,0.0375,,0.0,5.80706404004,2.90353202002
1.23,1230.0,0.001,0.0375,,0.0,5.80451965793,2.902259828965
1.231,1231.0,0.001,0.0375,,0.0,5.80194002225,2.900970011125
1.232,1232.0,0.001,0.0375,,0.0,5.79932524141,2.899662620705
1.233,1233.0,0.001,0.0375,,0.0,5.79667542426,2.89833771213
1.234,1234.0,0.001,0.0375,,0.0,5.79399067999,2.896995339995
1.235,1235.0,0.001,0.0375,,0.0,5.7912711182,2.8956355591
1.236,1236.0,0.001,0.0375,,0.0,5.78851684887,2.894258424435
1.237,1237.0,0.001,0.0375,,0.0,5.78572798236,2.89286399118
1.238,1238.0,0.001,0.0375,,0.0,5.78290462939,2.891452314695
1.239,1239.0,0.001,0.0375,,0.0,5.78004690105,2.890023450525
1.24,1240.0,0.001,0.0375,,0.0,5.7771549088,2.8885774544
1.241,1241.0,0.001,0.0375,,0.0,5.77422876445,2.887114382225
1.242,1242.0,0.001,0.0375,,0.0,5.77126858016,2.88563429008
1.243,1243.0,0.001,0.0375,,0.0,5.76827446847,2.884137234235
1.244,1244.0,0.001,0.0375,,0.0,5.76524654223,2.882623271115
1.245,1245.0,0.001,0.0375,,0.0,5.76218491464,2.88109245732
1.246,1246.0,0.001,0.0375,,0.0,5.75908969925,2.879544849625
1.247,1247.0,0.001,0.0375,,0.0,5.75596100993,2.877980504965
1.248,1248.0,0.001,0.0375,,0.0,5.75279896089,2.876399480445
1.249,1249.0,0.001,0.0375,,0.0,5.74960366664,2.87480183332
1.25,1250.0,0.001,0.0375,,0.0,5.74637524204,2.87318762102
1.2510000000000001,1251.0,0.001,0.0375,,0.0,5.74311380225,2.871556901125
1.252,1252.0,0.001,0.0375,,0.0,5.73981946274,2.86990973137
1.2530000000000001,1253.0,0.001,0.0375,,0.0,5.73649233929,2.868246169645
1.254,1254.0,0.001,0.0375,,0.0,5.73313254797,2.866566273985
1.2550000000000001,1255.0,0.001,0.0375,,0.0,5.72974020519,2.864870102595
1.256,1256.0,0.001,0.0375,,0.0,5.72631542759,2.863157713795
1.2570000000000001,1257.0,0.001,0.0375,,0.0,5.72285833216,2.86142916608
1.258,1258.0,0.001,0.0375,,0.0,5.71936903614,2.85968451807
1.2590000000000001,1259.0,0.001,0.0375,,0.0,5.71584765706,2.85792382853
1.26,1260.0,0.001,0.0375,,0.0,5.71229431274,2.85614715637
1.2610000000000001,1261.0,0.001,0.0375,,0.0,5.71161222157,2.855806110785
1.262,1262.0,0.001,0.0375,,0.0,5.71109516837,2.855547584185
1.2630000000000001,1263.0,0.001,0.0375,,0.0,5.71054099405,2.855270497025
1.264,1264.0,0.001,0.0375,,0.0,5.70994976943,2.854974884715
1.2650000000000001,1265.0,0.001,0.0375,,0.0,5.70932156588,2.85466078294
1.266,1266.0,0.001,0.0375,,0.0,5.70865645533,2.854328227665
1.2670000000000001,1267.0,0.001,0.0375,,0.0,5.70795451029,2.853977255145
1.268,1268.0,0.001,0.0375,,0.0,5.70721580379,2.853607901895
1.2690000000000001,1269.0,0.001,0.0375,,0.0,5.70644040944,2.85322020472
1.27,1270.0,0.001,0.0375,,0.0,5.70562840136,2.85281420068
1.2710000000000001,1271.0,0.001,0.0375,,0.0,5.70477985425,2.852389927125
1.272,1272.0,0.001,0.0375,,0.0,5.70389484332,2.85194742166
1.2730000000000001,1273.0,0.001,0.0375,,0.0,5.70297344431,2.851486722155
1.274,1274.0,0.001,0.0375,,0.0,5.70201573352,2.85100786676
1.2750000000000001,1275.0,0.001,0.0375,,0.0,5.70102178775,2.850510893875
1.276,1276.0,0.001,0.0375,,0.0,5.69999168433,2.849995842165
1.2770000000000001,1277.0,0.001,0.0375,,0.0,5.6989255011,2.84946275055
1.278,1278.0,0.001,0.0375,,0.0,5.69782331644,2.84891165822
1.2790000000000001,1279.0,0.001,0.0375,,0.0,5.6966852092,2.8483426046
1.28,1280.0,0.001,0.0375,,0.0,5.69551125877,2.847755629385
1.281,1281.0,0.001,0.0375,,0.0,5.69430154504,2.84715077252
1.282,1282.0,0.001,0.0375,,0.0,5.69305614839,2.846528074195
1.283,1283.0,0.001,0.0375,,0.0,5.69177514969,2.845887574845
1.284,1284.0,0.001,0.0375,,0.0,5.69045863031,2.845229315155
1.285,1285.0,0.001,0.0375,,0.0,5.68910667211,2.844553336055
1.286,1286.0,0.001,0.0375,,0.0,5.68771935744,2.84385967872
1.287,1287.0,0.001,0.0375,,0.0,5.68629676912,2.84314838456
1.288,1288.0,0.001,0.0375,,0.0,5.68483899043,2.842419495215
1.289,1289.0,0.001,0.0375,,0.0,5.68334610517,2.841673052585
1.29,1290.0,0.001,0.0375,,0.0,5.68181819755,2.840909098775
1.291,1291.0,0.001,0.0375,,0.0,5.6802553523,2.84012767615
1.292,1292.0,0.001,0.0375,,0.0,5.67865765457,2.839328827285
1.293,1293.0,0.001,0.0375,,0.0,5.67702518999,2.838512594995
1.294,1294.0,0.001,0.0375,,0.0,5.67535804464,2.83767902232
1.295,1295.0,0.001,0.0375,,0.0,5.67365630505,2.836828152525
1.296,1296.0,0.001,0.0375,,0.0,5.67192005818,2.83596002909
1.297,1297.0,0.001,0.0375,,0.0,5.67014939145,2.835074695725
1.298,1298.0,0.001,0.0375,,0.0,5.66834439272,2.83417219636
1.299,1299.0,0.001,0.0375,,0.0,5.66650515028,2.83325257514
1.3,1300.0,0.001,0.0375,,0.0,5.66463175284,2.83231587642
1.301,1301.0,0.001,0.0375,,0.0,5.66272428955,2.831362144775
1.302,1302.0,0.001,0.0375,,0.0,5.66078284998,2.83039142499
1.303,1303.0,0.001,0.0375,,0.0,5.65880752412,2.82940376206
1.304,1304.0,0.001,0.0375,,0.0,5.65679840237,2.828399201185
1.305,1305.0,0.001,0.0375,,0.0,5.65475557556,2.82737778778
1.306,1306.0,0.001,0.0375,,0.0,5.65267913489,2.826339567445
1.307,1307.0,0.001,0.0375,,0.0,5.65056917202,2.82528458601
1.308,1308.0,0.001,0.0375,,0.0,5.64842577895,2.824212889475
1.309,1309.0,0.001,0.0375,,0.0,5.64624904813,2.823124524065
1.31,1310.0,0.001,0.0375,,0.0,5.64403907236,2.82201953618
1.311,1311.0,0.001,0.0375,,0.0,5.64179594486,2.82089797243
1.312,1312.0,0.001,0.0375,,0.0,5.63951975922,2.81975987961
1.313,1313.0,0.001,0.0375,,0.0,5.63721060942,2.81860530471
1.314,1314.0,0.001,0.0375,,0.0,5.6348685898,2.8174342949
1.315,1315.0,0.001,0.0375,,0.0,5.6324937951,2.81624689755
1.316,1316.0,0.001,0.0375,,0.0,5.63008632041,2.815043160205
1.317,1317.0,0.001,0.0375,,0.0,5.6276462612,2.8138231306
1.318,1318.0,0.001,0.0375,,0.0,5.62517371329,2.812586856645
1.319,1319.0,0.001,0.0375,,0.0,5.62266877288,2.81133438644
1.32,1320.0,0.001,0.0375,,0.0,5.62013153649,2.810065768245
1.321,1321.0,0.001,0.0375,,0.0,5.61756210104,2.80878105052
1.322,1322.0,0.001,0.0375,,0.0,5.61496056375,2.807480281875
1.323,1323.0,0.001,0.0375,,0.0,5.61232702221,2.806163511105
1.324,1324.0,0.001,0.0375,,0.0,5.60966157435,2.804830787175
1.325,1325.0,0.001,0.0375,,0.0,5.60696431843,2.803482159215
1.326,1326.0,0.001,0.0375,,0.0,5.60423535305,2.802117676525
1.327,1327.0,0.001,0.0375,,0.0,5.60147477713,2.800737388565
1.328,1328.0,0.001,0.0375,,0.0,5.59868268993,2.799341344965
1.329,1329.0,0.001,0.0375,,0.0,5.59585919101,2.797929595505
1.33,1330.0,0.001,0.0375,,0.0,5.59300438027,2.796502190135
1.331,1331.0,0.001,0.0375,,0.0,5.59011835791,2.795059178955
1.332,1332.0,0.001,0.0375,,0.0,5.58720122445,2.793600612225
1.333,1333.0,0.001,0.0375,,0.0,5.58425308071,2.792126540355
1.334,1334.0,0.001,0.0375,,0.0,5.58127402783,2.790637013915
1.335,1335.0,0.001,0.0375,,0.0,5.57826416722,2.78913208361
1.336,1336.0,0.001,0.0375,,0.0,5.57522360062,2.78761180031
1.337,1337.0,0.001,0.0375,,0.0,5.57215243003,2.786076215015
1.338,1338.0,0.001,0.0375,,0.0,5.56905075777,2.784525378885
1.339,1339.0,0.001,0.0375,,0.0,5.56591868642,2.78295934321
1.34,1340.0,0.001,0.0375,,0.0,5.56275631886,2.78137815943
1.341,1341.0,0.001,0.0375,,0.0,5.55956375823,2.779781879115
1.342,1342.0,0.001,0.0375,,0.0,5.55634110797,2.778170553985
1.343,1343.0,0.001,0.0375,,0.0,5.55308847177,2.776544235885
1.344,1344.0,0.001,0.0375,,0.0,5.54980595359,2.774902976795
1.345,1345.0,0.001,0.0375,,0.0,5.54649365766,2.77324682883
1.346,1346.0,0.001,0.0375,,0.0,5.54315168847,2.771575844235
1.347,1347.0,0.001,0.0375,,0.0,5.53978015075,2.769890075375
1.348,1348.0,0.001,0.0375,,0.0,5.53637914952,2.76818957476
1.349,1349.0,0.001,0.0375,,0.0,5.53294879,2.766474395
1.35,1350.0,0.001,0.0375,,0.0,5.5294891777,2.76474458885
1.351,1351.0,0.001,0.0375,,0.0,5.52600041835,2.763000209175
1.352,1352.0,0.001,0.0375,,0.0,5.52248261792,2.76124130896
1.353,1353.0,0.001,0.0375,,0.0,5.51893588262,2.75946794131
1.354,1354.0,0.001,0.0375,,0.0,5.5153603189,2.75768015945
1.355,1355.0,0.001,0.0375,,0.0,5.51175603341,2.755878016705
1.356,1356.0,0.001,0.0375,,0.0,5.50812313305,2.754061566525
1.357,1357.0,0.001,0.0375,,0.0,5.50446172494,2.75223086247
1.358,1358.0,0.001,0.0375,,0.0,5.50077191641,2.750385958205
1.359,1359.0,0.001,0.0375,,0.0,5.497053815,2.7485269075
1.36,1360.0,0.001,0.0375,,0.0,5.49330752847,2.746653764235
1.361,1361.0,0.001,0.0375,,0.0,5.48953316479,2.744766582395
1.362,1362.0,0.001,0.0375,,0.0,5.48573083212,2.74286541606
1.363,1363.0,0.001,0.0375,,0.0,5.48190063884,2.74095031942
1.364,1364.0,0.001,0.0375,,0.0,5.4780426935,2.73902134675
1.365,1365.0,0.001,0.0375,,0.0,5.47415710487,2.737078552435
1.366,1366.0,0.001,0.0375,,0.0,5.47024398189,2.735121990945
1.367,1367.0,0.001,0.0375,,0.0,5.4663034337,2.73315171685
1.368,1368.0,0.001,0.0375,,0.0,5.46233556963,2.731167784815
1.369,1369.0,0.001,0.0375,,0.0,5.45834049916,2.72917024958
1.37,1370.0,0.001,0.0375,,0.0,5.45431833198,2.72715916599
1.371,1371.0,0.001,0.0375,,0.0,5.45026917793,2.725134588965
1.372,1372.0,0.001,0.0375,,0.0,5.44619314704,2.72309657352
1.373,1373.0,0.001,0.0375,,0.0,5.44209034948,2.72104517474
1.374,1374.0,0.001,0.0375,,0.0,5.43796089561,2.718980447805
1.375,1375.0,0.001,0.0375,,0.0,5.43380489593,2.716902447965
1.3760000000000001,1376.0,0.001,0.0375,,0.0,5.43102467926,2.71551233963
1.377,1377.0,0.001,0.0375,,0.0,5.43042286345,2.715211431725
1.3780000000000001,1378.0,0.001,0.0375,,0.0,5.42978885201,2.714894426005
1.379,1379.0,0.001,0.0375,,0.0,5.42912270433,2.714561352165
1.3800000000000001,1380.0,0.001,0.0375,,0.0,5.42842448026,2.71421224013
1.381,1381.0,0.001,0.0375,,0.0,5.42769424006,2.71384712003
1.3820000000000001,1382.0,0.001,0.0375,,0.0,5.42693204447,2.713466022235
1.383,1383.0,0.001,0.0375,,0.0,5.42613795465,2.713068977325
1.3840000000000001,1384.0,0.001,0.0375,,0.0,5.4253120322,2.7126560161
1.385,1385.0,0.001,0.0375,,0.0,5.42445433916,2.71222716958
1.3860000000000001,1386.0,0.001,0.0375,,0.0,5.42356493801,2.711782469005
1.387,1387.0,0.001,0.0375,,0.0,5.42264389163,2.711321945815
1.3880000000000001,1388.0,0.001,0.0375,,0.0,5.42169126337,2.710845631685
1.389,1389.0,0.001,0.0375,,0.0,5.42070711696,2.71035355848
1.3900000000000001,1390.0,0.001,0.0375,,0.0,5.41969151658,2.70984575829
1.391,1391.0,0.001,0.0375,,0.0,5.41864452681,2.709322263405
1.3920000000000001,1392.0,0.001,0.0375,,0.0,5.41756621267,2.708783106335
1.393,1393.0,0.001,0.0375,,0.0,5.41645663956,2.70822831978
1.3940000000000001,1394.0,0.001,0.0375,,0.0,5.41531587331,2.707657936655
1.395,1395.0,0.001,0.0375,,0.0,5.41414398015,2.707071990075
1.3960000000000001,1396.0,0.001,0.0375,,0.0,5.41294102671,2.706470513355
1.397,1397.0,0.001,0.0375,,0.0,5.41170708004,2.70585354002
1.3980000000000001,1398.0,0.001,0.0375,,0.0,5.41044220756,2.70522110378
1.399,1399.0,0.001,0.0375,,0.0,5.4091464771,2.70457323855
1.4000000000000001,1400.0,0.001,0.0375,,0.0,5.40781995688,2.70390997844
1.401,1401.0,0.001,0.0375,,0.0,5.40646271551,2.703231357755
1.4020000000000001,1402.0,0.001,0.0375,,0.0,5.40507482199,2.702537410995
1.403,1403.0,0.001,0.0375,,0.0,5.40365634568,2.70182817284
1.4040000000000001,1404.0,0.001,0.0375,,0.0,5.40220735636,2.70110367818
1.405,1405.0,0.001,0.0375,,0.0,5.40072792415,2.700363962075
1.4060000000000001,1406.0,0.001,0.0375,,0.0,5.39921811957,2.699609059785
1.407,1407.0,0.001,0.0375,,0.0,5.39767801349,2.698839006745
1.408,1408.0,0.001,0.0375,,0.0,5.39610767718,2.69805383859
1.409,1409.0,0.001,0.0375,,0.0,5.39450718224,2.69725359112
1.41,1410.0,0.001,0.0375,,0.0,5.39287660066,2.69643830033
1.411,1411.0,0.001,0.0375,,0.0,5.39121600478,2.69560800239
1.412,1412.0,0.001,0.0375,,0.0,5.3895254673,2.69476273365
1.413,1413.0,0.001,0.0375,,0.0,5.38780506125,2.693902530625
1.414,1414.0,0.001,0.0375,,0.0,5.38605486007,2.693027430035
1.415,1415.0,0.001,0.0375,,0.0,5.38427493748,2.69213746874
1.416,1416.0,0.001,0.0375,,0.0,5.38246536759,2.691232683795
1.417,1417.0,0.001,0.0375,,0.0,5.38062622485,2.690313112425
1.418,1418.0,0.001,0.0375,,0.0,5.37875758402,2.68937879201
1.419,1419.0,0.001,0.0375,,0.0,5.37685952024,2.68842976012
1.42,1420.0,0.001,0.0375,,0.0,5.37493210895,2.687466054475
1.421,1421.0,0.001,0.0375,,0.0,5.37297542593,2.686487712965
1.422,1422.0,0.001,0.0375,,0.0,5.37098954731,2.685494773655
1.423,1423.0,0.001,0.0375,,0.0,5.36897454951,2.684487274755
1.424,1424.0,0.001,0.0375,,0.0,5.36693050929,2.683465254645
1.425,1425.0,0.001,0.0375,,0.0,5.36485750374,2.68242875187
1.426,1426.0,0.001,0.0375,,0.0,5.36275561025,2.681377805125
1.427,1427.0,0.001,0.0375,,0.0,5.36062490654,2.68031245327
1.428,1428.0,0.001,0.0375,,0.0,5.35846547062,2.67923273531
1.429,1429.0,0.001,0.0375,,0.0,5.35627738083,2.678138690415
1.43,1430.0,0.001,0.0375,,0.0,5.3540607158,2.6770303579
1.431,1431.0,0.001,0.0375,,0.0,5.35181555448,2.67590777724
1.432,1432.0,0.001,0.0375,,0.0,5.3495419761,2.67477098805
1.433,1433.0,0.001,0.0375,,0.0,5.34724006019,2.673620030095
1.434,1434.0,0.001,0.0375,,0.0,5.3449098866,2.6724549433
1.435,1435.0,0.001,0.0375,,0.0,5.34255153543,2.671275767715
1.436,1436.0,0.001,0.0375,,0.0,5.3401650871,2.67008254355
1.437,1437.0,0.001,0.0375,,0.0,5.3377506223,2.66887531115
1.438,1438.0,0.001,0.0375,,0.0,5.33530822201,2.667654111005
1.439,1439.0,0.001,0.0375,,0.0,5.3328379675,2.66641898375
1.44,1440.0,0.001,0.0375,,0.0,5.33033994028,2.66516997014
1.441,1441.0,0.001,0.0375,,0.0,5.32781422218,2.66390711109
1.442,1442.0,0.001,0.0375,,0.0,5.32526089527,2.662630447635
1.443,1443.0,0.001,0.0375,,0.0,5.3226800419,2.66134002095
1.444,1444.0,0.001,0.0375,,0.0,5.32007174469,2.660035872345
1.445,1445.0,0.001,0.0375,,0.0,5.31743608651,2.658718043255
1.446,1446.0,0.001,0.0375,,0.0,5.3147731505,2.65738657525
1.447,1447.0,0.001,0.0375,,0.0,5.31208302005,2.656041510025
1.448,1448.0,0.001,0.0375,,0.0,5.30936577883,2.654682889415
1.449,1449.0,0.001,0.0375,,0.0,5.30662151071,2.653310755355
1.45,1450.0,0.001,0.0375,,0.0,5.30385029986,2.65192514993
1.451,1451.0,0.001,0.0375,,0.0,5.30105223068,2.65052611534
1.452,1452.0,0.001,0.0375,,0.0,5.29822738779,2.649113693895
1.453,1453.0,0.001,0.0375,,0.0,5.29537585608,2.64768792804
1.454,1454.0,0.001,0.0375,,0.0,5.29249772067,2.646248860335
1.455,1455.0,0.001,0.0375,,0.0,5.28959306691,2.644796533455
1.456,1456.0,0.001,0.0375,,0.0,5.28666198039,2.643330990195
1.457,1457.0,0.001,0.0375,,0.0,5.28370454691,2.641852273455
1.458,1458.0,0.001,0.0375,,0.0,5.28072085251,2.640360426255
1.459,1459.0,0.001,0.0375,,0.0,5.27771098347,2.638855491735
1.46,1460.0,0.001,0.0375,,0.0,5.27467502627,2.637337513135
1.461,1461.0,0.001,0.0375,,0.0,5.2716130676,2.6358065338
1.462,1462.0,0.001,0.0375,,0.0,5.2685251944,2.6342625972
1.463,1463.0,0.001,0.0375,,0.0,5.26541149379,2.632705746895
1.464,1464.0,0.001,0.0375,,0.0,5.26227205311,2.631136026555
1.465,1465.0,0.001,0.0375,,0.0,5.25910695991,2.629553479955
1.466,1466.0,0.001,0.0375,,0.0,5.25591630195,2.627958150975
1.467,1467.0,0.001,0.0375,,0.0,5.25270016719,2.626350083595
1.468,1468.0,0.001,0.0375,,0.0,5.24945864377,2.624729321885
1.469,1469.0,0.001,0.0375,,0.0,5.24619182005,2.623095910025
1.47,1470.0,0.001,0.0375,,0.0,5.24289978458,2.62144989229
1.471,1471.0,0.001,0.0375,,0.0,5.23958262609,2.619791313045
1.472,1472.0,0.001,0.0375,,0.0,5.2362404335,2.61812021675
1.473,1473.0,0.001,0.0375,,0.0,5.23287329593,2.616436647965
1.474,1474.0,0.001,0.0375,,0.0,5.22948130267,2.614740651335
1.475,1475.0,0.001,0.0375,,0.0,5.2260645432,2.6130322716
1.476,1476.0,0.001,0.0375,,0.0,5.22262310716,2.61131155358
1.477,1477.0,0.001,0.0375,,0.0,5.21915708439,2.609578542195
1.478,1478.0,0.001,0.0375,,0.0,5.21566656488,2.60783328244
1.479,1479.0,0.001,0.0375,,0.0,5.21215163879,2.606075819395
1.48,1480.0,0.001,0.0375,,0.0,5.20861239647,2.604306198235
1.481,1481.0,0.001,0.0375,,0.0,5.20504892842,2.60252446421
1.482,1482.0,0.001,0.0375,,0.0,5.20146132529,2.600730662645
1.483,1483.0,0.001,0.0375,,0.0,5.19784967792,2.59892483896
1.484,1484.0,0.001,0.0375,,0.0,5.19421407726,2.59710703863
1.485,1485.0,0.001,0.0375,,0.0,5.19055461447,2.595277307235
1.486,1486.0,0.001,0.0375,,0.0,5.18687138081,2.593435690405
1.487,1487.0,0.001,0.0375,,0.0,5.18316446772,2.59158223386
1.488,1488.0,0.001,0.0375,,0.0,5.17943396677,2.589716983385
1.489,1489.0,0.001,0.0375,,0.0,5.1756799697,2.58783998485
1.49,1490.0,0.001,0.0375,,0.0,5.17190256835,2.585951284175
1.491,1491.0,0.001,0.0375,,0.0,5.16810185473,2.584050927365
1.492,1492.0,0.001,0.0375,,0.0,5.16427792097,2.582138960485
1.493,1493.0,0.001,0.0375,,0.0,5.16043085935,2.580215429675
1.494,1494.0,0.001,0.0375,,0.0,5.15656076226,2.57828038113
1.495,1495.0,0.001,0.0375,,0.0,5.15266772222,2.57633386111
1.496,1496.0,0.001,0.0375,,0.0,5.1487518319,2.57437591595
1.497,1497.0,0.001,0.0375,,0.0,5.14481318406,2.57240659203
1.498,1498.0,0.001,0.0375,,0.0,5.1408518716,2.5704259358
1.499,1499.0,0.001,0.0375,,0.0,5.13686798755,2.568433993775
1.5,1500.0,0.001,0.0375,,0.0,5.13286162501,2.566430812505
1.5010000000000001,1501.0,0.001,0.0375,,0.0,5.12883287725,2.564416438625
1.502,1502.0,0.001,0.0375,,0.0,5.12478183761,2.562390918805
1.5030000000000001,1503.0,0.001,0.0375,,0.0,5.12070859955,2.560354299775
1.504,1504.0,0.001,0.0375,,0.0,5.11661325663,2.558306628315
1.5050000000000001,1505.0,0.001,0.0375,,0.0,5.11249590254,2.55624795127
1.506,1506.0,0.001,0.0375,,0.0,5.10835663103,2.554178315515
1.5070000000000001,1507.0,0.001,0.0375,,0.0,5.10419553597,2.552097767985
1.508,1508.0,0.001,0.0375,,0.0,5.10001271133,2.550006355665
1.5090000000000001,1509.0,0.001,0.0375,,0.0,5.09580825116,2.54790412558
1.51,1510.0,0.001,0.0375,,0.0,5.09158224961,2.545791124805
1.5110000000000001,1511.0,0.001,0.0375,,0.0,5.08733480092,2.54366740046
1.512,1512.0,0.001,0.0375,,0.0,5.0830659994,2.5415329997
1.5130000000000001,1513.0,0.001,0.0375,,0.0,5.07877593945,2.539387969725
1.514,1514.0,0.001,0.0375,,0.0,5.07446471557,2.537232357785
1.5150000000000001,1515.0,0.001,0.0375,,0.0,5.07013242232,2.53506621116
1.516,1516.0,0.001,0.0375,,0.0,5.06577915433,2.532889577165
1.5170000000000001,1517.0,0.001,0.0375,,0.0,5.06140500633,2.530702503165
1.518,1518.0,0.001,0.0375,,0.0,5.05701007309,2.528505036545
1.5190000000000001,1519.0,0.001,0.0375,,0.0,5.05259444946,2.52629722473
1.52,1520.0,0.001,0.0375,,0.0,5.04815823038,2.52407911519
1.5210000000000001,1521.0,0.001,0.0375,,0.0,5.04370151082,2.52185075541
1.522,1522.0,0.001,0.0375,,0.0,5.03922438583,2.519612192915
1.5230000000000001,1523.0,0.001,0.0375,,0.0,5.03472695052,2.51736347526
1.524,1524.0,0.001,0.0375,,0.0,5.03020930005,2.515104650025
1.5250000000000001,1525.0,0.001,0.0375,,0.0,5.02567152965,2.512835764825
1.526,1526.0,0.001,0.0375,,0.0,5.02111373457,2.510556867285
1.5270000000000001,1527.0,0.001,0.0375,,0.0,5.01653601015,2.508268005075
1.528,1528.0,0.001,0.0375,,0.0,5.01193845175,2.505969225875
1.5290000000000001,1529.0,0.001,0.0375,,0.0,5.00732115479,2.503660577395
1.53,1530.0,0.001,0.0375,,0.0,5.00268421472,2.50134210736
1.5310000000000001,1531.0,0.001,0.0375,,0.0,4.99802772706,2.49901386353
1.532,1532.0,0.001,0.0375,,0.0,4.99335178734,2.49667589367
1.5330000000000001,1533.0,0.001,0.0375,,0.0,4.98865649112,2.49432824556
1.534,1534.0,0.001,0.0375,,0.0,4.98394193404,2.49197096702
1.5350000000000001,1535.0,0.001,0.0375,,0.0,4.97920821172,2.48960410586
1.536,1536.0,0.001,0.0375,,0.0,4.97445541984,2.48722770992
1.537,1537.0,0.001,0.0375,,0.0,4.96968365411,2.484841827055
1.538,1538.0,0.001,0.0375,,0.0,4.96489301024,2.48244650512
1.539,1539.0,0.001,0.0375,,0.0,4.96008358399,2.480041791995
1.54,1540.0,0.001,0.0375,,0.0,4.95525547113,2.477627735565
1.541,1541.0,0.001,0.0375,,0.0,4.95040876744,2.47520438372
1.542,1542.0,0.001,0.0375,,0.0,4.94662630804,2.47331315402
1.543,1543.0,0.001,0.0375,,0.0,4.94478158752,2.47239079376
1.544,1544.0,0.001,0.0375,,0.0,4.94291249603,2.471456248015
1.545,1545.0,0.001,0.0375,,0.0,4.94101909595,2.470509547975
1.546,1546.0,0.001,0.0375,,0.0,4.93910144991,2.469550724955
1.547,1547.0,0.001,0.0375,,0.0,4.93715962077,2.468579810385
1.548,1548.0,0.001,0.0375,,0.0,4.93519367166,2.46759683583
1.549,1549.0,0.001,0.0375,,0.0,4.93320366592,2.46660183296
1.55,1550.0,0.001,0.0375,,0.0,4.93118966714,2.46559483357
1.551,1551.0,0.001,0.0375,,0.0,4.92915173914,2.46457586957
1.552,1552.0,0.001,0.0375,,0.0,4.92708994597,2.463544972985
1.553,1553.0,0.001,0.0375,,0.0,4.92500435191,2.462502175955
1.554,1554.0,0.001,0.0375,,0.0,4.92289502146,2.46144751073
1.555,1555.0,0.001,0.0375,,0.0,4.92076201937,2.460381009685
1.556,1556.0,0.001,0.0375,,0.0,4.91860541059,2.459302705295
1.557,1557.0,0.001,0.0375,,0.0,4.9164252603,2.45821263015
1.558,1558.0,0.001,0.0375,,0.0,4.91422163389,2.457110816945
1.559,1559.0,0.001,0.0375,,0.0,4.91199459698,2.45599729849
1.56,1560.0,0.001,0.0375,,0.0,4.9097442154,2.4548721077
1.561,1561.0,0.001,0.0375,,0.0,4.90747055518,2.45373527759
1.562,1562.0,0.001,0.0375,,0.0,4.90517368259,2.452586841295
1.563,1563.0,0.001,0.0375,,0.0,4.90285366407,2.451426832035
1.564,1564.0,0.001,0.0375,,0.0,4.90051056631,2.450255283155
1.565,1565.0,0.001,0.0375,,0.0,4.89814445616,2.44907222808
1.566,1566.0,0.001,0.0375,,0.0,4.89575540071,2.447877700355
1.567,1567.0,0.001,0.0375,,0.0,4.89334346722,2.44667173361
1.568,1568.0,0.001,0.0375,,0.0,4.89090872318,2.44545436159
1.569,1569.0,0.001,0.0375,,0.0,4.88845123624,2.44422561812
1.57,1570.0,0.001,0.0375,,0.0,4.88597107427,2.442985537135
1.571,1571.0,0.001,0.0375,,0.0,4.88346830533,2.441734152665
1.572,1572.0,0.001,0.0375,,0.0,4.88094299765,2.440471498825
1.573,1573.0,0.001,0.0375,,0.0,4.87839521968,2.43919760984
1.574,1574.0,0.001,0.0375,,0.0,4.87582504002,2.43791252001
1.575,1575.0,0.001,0.0375,,0.0,4.87323252749,2.436616263745
1.576,1576.0,0.001,0.0375,,0.0,4.87061775105,2.435308875525
1.577,1577.0,0.001,0.0375,,0.0,4.86798077988,2.43399038994
1.578,1578.0,0.001,0.0375,,0.0,4.86532168332,2.43266084166
1.579,1579.0,0.001,0.0375,,0.0,4.86264053088,2.43132026544
1.58,1580.0,0.001,0.0375,,0.0,4.85993739225,2.429968696125
1.581,1581.0,0.001,0.0375,,0.0,4.85721233728,2.42860616864
1.582,1582.0,0.001,0.0375,,0.0,4.85446543602,2.42723271801
1.583,1583.0,0.001,0.0375,,0.0,4.85169675866,2.42584837933
1.584,1584.0,0.001,0.0375,,0.0,4.84890637556,2.42445318778
1.585,1585.0,0.001,0.0375,,0.0,4.84609435725,2.423047178625
1.586,1586.0,0.001,0.0375,,0.0,4.84326077441,2.421630387205
1.587,1587.0,0.001,0.0375,,0.0,4.84040569789,2.420202848945
1.588,1588.0,0.001,0.0375,,0.0,4.8375291987,2.41876459935
1.589,1589.0,0.001,0.0375,,0.0,4.83463134799,2.417315673995
1.59,1590.0,0.001,0.0375,,0.0,4.83171221708,2.41585610854
1.591,1591.0,0.001,0.0375,,0.0,4.82877187742,2.41438593871
1.592,1592.0,0.001,0.0375,,0.0,4.82581040064,2.41290520032
1.593,1593.0,0.001,0.0375,,0.0,4.8228278585,2.41141392925
1.594,1594.0,0.001,0.0375,,0.0,4.81982432289,2.409912161445
1.595,1595.0,0.001,0.0375,,0.0,4.81679986586,2.40839993293
1.596,1596.0,0.001,0.0375,,0.0,4.81375455962,2.40687727981
1.597,1597.0,0.001,0.0375,,0.0,4.81068847648,2.40534423824
1.598,1598.0,0.001,0.0375,,0.0,4.80760168891,2.403800844455
1.599,1599.0,0.001,0.0375,,0.0,4.80449426952,2.40224713476
1.6,1600.0,0.001,0.0375,,0.0,4.80136629103,2.400683145515
1.601,1601.0,0.001,0.0375,,0.0,4.79821782632,2.39910891316
1.602,1602.0,0.001,0.0375,,0.0,4.79504894838,2.39752447419
1.603,1603.0,0.001,0.0375,,0.0,4.79185973034,2.39592986517
1.604,1604.0,0.001,0.0375,,0.0,4.78865024544,2.39432512272
1.605,1605.0,0.001,0.0375,,0.0,4.78542056706,2.39271028353
1.606,1606.0,0.001,0.0375,,0.0,4.78217076869,2.391085384345
1.607,1607.0,0.001,0.0375,,0.0,4.77890092394,2.38945046197
1.608,1608.0,0.001,0.0375,,0.0,4.77561110655,2.387805553275
1.609,1609.0,0.001,0.0375,,0.0,4.77230139037,2.386150695185
1.61,1610.0,0.001,0.0375,,0.0,4.76897184935,2.384485924675
1.611,1611.0,0.001,0.0375,,0.0,4.76562255758,2.38281127879
1.612,1612.0,0.001,0.0375,,0.0,4.76225358923,2.381126794615
1.613,1613.0,0.001,0.0375,,0.0,4.75886501859,2.379432509295
1.614,1614.0,0.001,0.0375,,0.0,4.75545692006,2.37772846003
1.615,1615.0,0.001,0.0375,,0.0,4.75202936816,2.37601468408
1.616,1616.0,0.001,0.0375,,0.0,4.74858243747,2.374291218735
1.617,1617.0,0.001,0.0375,,0.0,4.74732300534,2.37366150267
1.618,1618.0,0.001,0.0375,,0.0,4.74664855465,2.373324277325
1.619,1619.0,0.001,0.0375,,0.0,4.74595069205,2.372975346025
1.62,1620.0,0.001,0.0375,,0.0,4.74522945848,2.37261472924
1.621,1621.0,0.001,0.0375,,0.0,4.74448489514,2.37224244757
1.622,1622.0,0.001,0.0375,,0.0,4.74371704352,2.37185852176
1.623,1623.0,0.001,0.0375,,0.0,4.74292594538,2.37146297269
1.624,1624.0,0.001,0.0375,,0.0,4.74211164274,2.37105582137
1.625,1625.0,0.001,0.0375,,0.0,4.74127417787,2.370637088935
1.6260000000000001,1626.0,0.001,0.0375,,0.0,4.74041359335,2.370206796675
1.627,1627.0,0.001,0.0375,,0.0,4.73952993198,2.36976496599
1.6280000000000001,1628.0,0.001,0.0375,,0.0,4.73862323685,2.369311618425
1.629,1629.0,0.001,0.0375,,0.0,4.73769355129,2.368846775645
1.6300000000000001,1630.0,0.001,0.0375,,0.0,4.73674091891,2.368370459455
1.631,1631.0,0.001,0.0375,,0.0,4.73576538356,2.36788269178
1.6320000000000001,1632.0,0.001,0.0375,,0.0,4.73476698936,2.36738349468
1.633,1633.0,0.001,0.0375,,0.0,4.73374578068,2.36687289034
1.6340000000000001,1634.0,0.001,0.0375,,0.0,4.73270180213,2.366350901065
1.635,1635.0,0.001,0.0375,,0.0,4.73163509858,2.36581754929
1.6360000000000001,1636.0,0.001,0.0375,,0.0,4.73054571517,2.365272857585
1.637,1637.0,0.001,0.0375,,0.0,4.72943369724,2.36471684862
1.6380000000000001,1638.0,0.001,0.0375,,0.0,4.72829909043,2.364149545215
1.639,1639.0,0.001,0.0375,,0.0,4.72714194058,2.36357097029
1.6400000000000001,1640.0,0.001,0.0375,,0.0,4.7259622938,2.3629811469
1.641,1641.0,0.001,0.0375,,0.0,4.72476019643,2.362380098215
1.6420000000000001,1642.0,0.001,0.0375,,0.0,4.72353569506,2.36176784753
1.643,1643.0,0.001,0.0375,,0.0,4.7222888365,2.36114441825
1.6440000000000001,1644.0,0.001,0.0375,,0.0,4.72101966782,2.36050983391
1.645,1645.0,0.001,0.0375,,0.0,4.7197282363,2.35986411815
1.6460000000000001,1646.0,0.001,0.0375,,0.0,4.71841458947,2.359207294735
1.647,1647.0,0.001,0.0375,,0.0,4.7170787751,2.35853938755
1.6480000000000001,1648.0,0.001,0.0375,,0.0,4.71572084115,2.357860420575
1.649,1649.0,0.001,0.0375,,0.0,4.71434083586,2.35717041793
1.6500000000000001,1650.0,0.001,0.0375,,0.0,4.71293880766,2.35646940383
1.651,1651.0,0.001,0.0375,,0.0,4.71151480522,2.35575740261
1.6520000000000001,1652.0,0.001,0.0375,,0.0,4.71006887743,2.355034438715
1.653,1653.0,0.001,0.0375,,0.0,4.7086010734,2.3543005367
1.6540000000000001,1654.0,0.001,0.0375,,0.0,4.70711144247,2.353555721235
1.655,1655.0,0.001,0.0375,,0.0,4.70560003419,2.352800017095
1.6560000000000001,1656.0,0.001,0.0375,,0.0,4.70406689832,2.35203344916
1.657,1657.0,0.001,0.0375,,0.0,4.70251208485,2.351256042425
1.6580000000000001,1658.0,0.001,0.0375,,0.0,4.70093564398,2.35046782199
1.659,1659.0,0.001,0.0375,,0.0,4.69933762612,2.34966881306
1.6600000000000001,1660.0,0.001,0.0375,,0.0,4.69771808188,2.34885904094
1.661,1661.0,0.001,0.0375,,0.0,4.6960770621,2.34803853105
1.6620000000000001,1662.0,0.001,0.0375,,0.0,4.69441461781,2.347207308905
1.663,1663.0,0.001,0.0375,,0.0,4.69273080026,2.34636540013
1.6640000000000001,1664.0,0.001,0.0375,,0.0,4.69102566089,2.345512830445
1.665,1665.0,0.001,0.0375,,0.0,4.68929925135,2.344649625675
1.666,1666.0,0.001,0.0375,,0.0,4.68755162349,2.343775811745
1.667,1667.0,0.001,0.0375,,0.0,4.68578282935,2.342891414675
1.668,1668.0,0.001,0.0375,,0.0,4.6839929212,2.3419964606
1.669,1669.0,0.001,0.0375,,0.0,4.68218195145,2.341090975725
1.67,1670.0,0.001,0.0375,,0.0,4.68034997277,2.340174986385
1.671,1671.0,0.001,0.0375,,0.0,4.67849703796,2.33924851898
1.672,1672.0,0.001,0.0375,,0.0,4.67662320005,2.338311600025
1.673,1673.0,0.001,0.0375,,0.0,4.67472851226,2.33736425613
1.674,1674.0,0.001,0.0375,,0.0,4.67281302798,2.33640651399
1.675,1675.0,0.001,0.0375,,0.0,4.6708768008,2.3354384004
1.676,1676.0,0.001,0.0375,,0.0,4.66891988447,2.334459942235
1.677,1677.0,0.001,0.0375,,0.0,4.66694233296,2.33347116648
1.678,1678.0,0.001,0.0375,,0.0,4.6649442004,2.3324721002
1.679,1679.0,0.001,0.0375,,0.0,4.6629255411,2.33146277055
1.68,1680.0,0.001,0.0375,,0.0,4.66088640956,2.33044320478
1.681,1681.0,0.001,0.0375,,0.0,4.65882686043,2.329413430215
1.682,1682.0,0.001,0.0375,,0.0,4.65674694857,2.328373474285
1.683,1683.0,0.001,0.0375,,0.0,4.65464672898,2.32732336449
1.684,1684.0,0.001,0.0375,,0.0,4.65252625687,2.326263128435
1.685,1685.0,0.001,0.0375,,0.0,4.65038558758,2.32519279379
1.686,1686.0,0.001,0.0375,,0.0,4.64822477664,2.32411238832
1.687,1687.0,0.001,0.0375,,0.0,4.64604387976,2.32302193988
1.688,1688.0,0.001,0.0375,,0.0,4.64384295278,2.32192147639
1.689,1689.0,0.001,0.0375,,0.0,4.64162205173,2.320811025865
1.69,1690.0,0.001,0.0375,,0.0,4.6393812328,2.3196906164
1.691,1691.0,0.001,0.0375,,0.0,4.63712055233,2.318560276165
1.692,1692.0,0.001,0.0375,,0.0,4.63484006683,2.317420033415
1.693,1693.0,0.001,0.0375,,0.0,4.63253983297,2.316269916485
1.694,1694.0,0.001,0.0375,,0.0,4.63021990755,2.315109953775
1.695,1695.0,0.001,0.0375,,0.0,4.62788034756,2.31394017378
1.696,1696.0,0.001,0.0375,,0.0,4.62552121011,2.312760605055
1.697,1697.0,0.001,0.0375,,0.0,4.6231425525,2.31157127625
1.698,1698.0,0.001,0.0375,,0.0,4.62074443213,2.310372216065
1.699,1699.0,0.001,0.0375,,0.0,4.6183269066,2.3091634533
1.7,1700.0,0.001,0.0375,,0.0,4.61589003361,2.307945016805
1.701,1701.0,0.001,0.0375,,0.0,4.61343387105,2.306716935525
1.702,1702.0,0.001,0.0375,,0.0,4.6109584769,2.30547923845
1.703,1703.0,0.001,0.0375,,0.0,4.60846390933,2.304231954665
1.704,1704.0,0.001,0.0375,,0.0,4.60595022663,2.302975113315
1.705,1705.0,0.001,0.0375,,0.0,4.60341748723,2.301708743615
1.706,1706.0,0.001,0.0375,,0.0,4.60086574969,2.300432874845
1.707,1707.0,0.001,0.0375,,0.0,4.59829507272,2.29914753636
1.708,1708.0,0.001,0.0375,,0.0,4.59570551516,2.29785275758
1.709,1709.0,0.001,0.0375,,0.0,4.59309713596,2.29654856798
1.71,1710.0,0.001,0.0375,,0.0,4.59046999424,2.29523499712
1.711,1711.0,0.001,0.0375,,0.0,4.58782414921,2.293912074605
1.712,1712.0,0.001,0.0375,,0.0,4.58515966025,2.292579830125
1.713,1713.0,0.001,0.0375,,0.0,4.58247658682,2.29123829341
1.714,1714.0,0.001,0.0375,,0.0,4.57977498854,2.28988749427
1.715,1715.0,0.001,0.0375,,0.0,4.57705492514,2.28852746257
1.716,1716.0,0.001,0.0375,,0.0,4.57431645647,2.287158228235
1.717,1717.0,0.001,0.0375,,0.0,4.5715596425,2.28577982125
1.718,1718.0,0.001,0.0375,,0.0,4.56878454333,2.284392271665
1.719,1719.0,0.001,0.0375,,0.0,4.56599121915,2.282995609575
1.72,1720.0,0.001,0.0375,,0.0,4.5631797303,2.28158986515
1.721,1721.0,0.001,0.0375,,0.0,4.56035013722,2.28017506861
1.722,1722.0,0.001,0.0375,,0.0,4.55750250044,2.27875125022
1.723,1723.0,0.001,0.0375,,0.0,4.55463688063,2.277318440315
1.724,1724.0,0.001,0.0375,,0.0,4.55175333857,2.275876669285
1.725,1725.0,0.001,0.0375,,0.0,4.54885193512,2.27442596756
1.726,1726.0,0.001,0.0375,,0.0,4.54593273128,2.27296636564
1.727,1727.0,0.001,0.0375,,0.0,4.54299578813,2.271497894065
1.728,1728.0,0.001,0.0375,,0.0,4.54004116686,2.27002058343
1.729,1729.0,0.001,0.0375,,0.0,4.53706892877,2.268534464385
1.73,1730.0,0.001,0.0375,,0.0,4.53407913525,2.267039567625
1.731,1731.0,0.001,0.0375,,0.0,4.5310718478,2.2655359239
1.732,1732.0,0.001,0.0375,,0.0,4.52804712801,2.264023564005
1.733,1733.0,0.001,0.0375,,0.0,4.52500503756,2.26250251878
1.734,1734.0,0.001,0.0375,,0.0,4.52194563824,2.26097281912
1.735,1735.0,0.001,0.0375,,0.0,4.51886899192,2.25943449596
1.736,1736.0,0.001,0.0375,,0.0,4.51577516056,2.25788758028
1.737,1737.0,0.001,0.0375,,0.0,4.51266420622,2.25633210311
1.738,1738.0,0.001,0.0375,,0.0,4.50953619104,2.25476809552
1.739,1739.0,0.001,0.0375,,0.0,4.50840861027,2.254204305135
1.74,1740.0,0.001,0.0375,,0.0,4.50761186934,2.25380593467
1.741,1741.0,0.001,0.0375,,0.0,4.50679407776,2.25339703888
1.742,1742.0,0.001,0.0375,,0.0,4.50595527234,2.25297763617
1.743,1743.0,0.001,0.0375,,0.0,4.50509549013,2.252547745065
1.744,1744.0,0.001,0.0375,,0.0,4.5042147684,2.2521073842
1.745,1745.0,0.001,0.0375,,0.0,4.50331314468,2.25165657234
1.746,1746.0,0.001,0.0375,,0.0,4.50239065669,2.251195328345
1.747,1747.0,0.001,0.0375,,0.0,4.50144734243,2.250723671215
1.748,1748.0,0.001,0.0375,,0.0,4.50048324008,2.25024162004
1.749,1749.0,0.001,0.0375,,0.0,4.49949838808,2.24974919404
1.75,1750.0,0.001,0.0375,,0.0,4.49849282508,2.24924641254
1.7510000000000001,1751.0,0.001,0.0375,,0.0,4.49746658996,2.24873329498
1.752,1752.0,0.001,0.0375,,0.0,4.49641972184,2.24820986092
1.7530000000000001,1753.0,0.001,0.0375,,0.0,4.49535226002,2.24767613001
1.754,1754.0,0.001,0.0375,,0.0,4.49426424406,2.24713212203
1.7550000000000001,1755.0,0.001,0.0375,,0.0,4.49315571373,2.246577856865
1.756,1756.0,0.001,0.0375,,0.0,4.49202670899,2.246013354495
1.7570000000000001,1757.0,0.001,0.0375,,0.0,4.49087727007,2.245438635035
1.758,1758.0,0.001,0.0375,,0.0,4.48970743736,2.24485371868
1.7590000000000001,1759.0,0.001,0.0375,,0.0,4.4885172515,2.24425862575
1.76,1760.0,0.001,0.0375,,0.0,4.48730675333,2.243653376665
1.7610000000000001,1761.0,0.001,0.0375,,0.0,4.48607598389,2.243037991945
1.762,1762.0,0.001,0.0375,,0.0,4.48482498446,2.24241249223
1.7630000000000001,1763.0,0.001,0.0375,,0.0,4.4835537965,2.24177689825
1.764,1764.0,0.001,0.0375,,0.0,4.48226246169,2.241131230845
1.7650000000000001,1765.0,0.001,0.0375,,0.0,4.48095102192,2.24047551096
1.766,1766.0,0.001,0.0375,,0.0,4.47961951926,2.23980975963
1.7670000000000001,1767.0,0.001,0.0375,,0.0,4.47826799601,2.239133998005
1.768,1768.0,0.001,0.0375,,0.0,4.47689649467,2.238448247335
1.7690000000000001,1769.0,0.001,0.0375,,0.0,4.47550505792,2.23775252896
1.77,1770.0,0.001,0.0375,,0.0,4.47409372866,2.23704686433
1.7710000000000001,1771.0,0.001,0.0375,,0.0,4.47266254998,2.23633127499
1.772,1772.0,0.001,0.0375,,0.0,4.47121156516,2.23560578258
1.7730000000000001,1773.0,0.001,0.0375,,0.0,4.46974081768,2.23487040884
1.774,1774.0,0.001,0.0375,,0.0,4.46825035122,2.23412517561
1.7750000000000001,1775.0,0.001,0.0375,,0.0,4.46674020964,2.23337010482
1.776,1776.0,0.001,0.0375,,0.0,4.465210437,2.2326052185
1.7770000000000001,1777.0,0.001,0.0375,,0.0,4.46366107755,2.231830538775
1.778,1778.0,0.001,0.0375,,0.0,4.46209217572,2.23104608786
1.7790000000000001,1779.0,0.001,0.0375,,0.0,4.46050377614,2.23025188807
1.78,1780.0,0.001,0.0375,,0.0,4.4588959236,2.2294479618
1.7810000000000001,1781.0,0.001,0.0375,,0.0,4.45726866311,2.228634331555
1.782,1782.0,0.001,0.0375,,0.0,4.45562203984,2.22781101992
1.7830000000000001,1783.0,0.001,0.0375,,0.0,4.45395609913,2.226978049565
1.784,1784.0,0.001,0.0375,,0.0,4.45227088654,2.22613544327
1.7850000000000001,1785.0,0.001,0.0375,,0.0,4.45056644776,2.22528322388
1.786,1786.0,0.001,0.0375,,0.0,4.4488428287,2.22442141435
1.7870000000000001,1787.0,0.001,0.0375,,0.0,4.44710007542,2.22355003771
1.788,1788.0,0.001,0.0375,,0.0,4.44533823415,2.222669117075
1.7890000000000001,1789.0,0.001,0.0375,,0.0,4.44355735133,2.221778675665
1.79,1790.0,0.001,0.0375,,0.0,4.44175747353,2.220878736765
1.7910000000000001,1791.0,0.001,0.0375,,0.0,4.43993864751,2.219969323755
1.792,1792.0,0.001,0.0375,,0.0,4.4381009202,2.2190504601
1.793,1793.0,0.001,0.0375,,0.0,4.43624433869,2.218122169345
1.794,1794.0,0.001,0.0375,,0.0,4.43436895025,2.217184475125
1.795,1795.0,0.001,0.0375,,0.0,4.43247480229,2.216237401145
1.796,1796.0,0.001,0.0375,,0.0,4.43056194242,2.21528097121
1.797,1797.0,0.001,0.0375,,0.0,4.42863041838,2.21431520919
1.798,1798.0,0.001,0.0375,,0.0,4.42668027809,2.213340139045
1.799,1799.0,0.001,0.0375,,0.0,4.42471156961,2.212355784805
1.8,1800.0,0.001,0.0375,,0.0,4.42272434119,2.211362170595
1.801,1801.0,0.001,0.0375,,0.0,4.4207186412,2.2103593206
1.802,1802.0,0.001,0.0375,,0.0,4.4186945182,2.2093472591
1.803,1803.0,0.001,0.0375,,0.0,4.41665202088,2.20832601044
1.804,1804.0,0.001,0.0375,,0.0,4.41459119809,2.207295599045
1.805,1805.0,0.001,0.0375,,0.0,4.41251209884,2.20625604942
1.806,1806.0,0.001,0.0375,,0.0,4.41041477228,2.20520738614
1.807,1807.0,0.001,0.0375,,0.0,4.40829926772,2.20414963386
1.808,1808.0,0.001,0.0375,,0.0,4.40616563459,2.203082817295
1.809,1809.0,0.001,0.0375,,0.0,4.4040139225,2.20200696125
1.81,1810.0,0.001,0.0375,,0.0,4.40184418119,2.200922090595
1.811,1811.0,0.001,0.0375,,0.0,4.39965646054,2.19982823027
1.812,1812.0,0.001,0.0375,,0.0,4.39745081059,2.198725405295
1.813,1813.0,0.001,0.0375,,0.0,4.39522728149,2.197613640745
1.814,1814.0,0.001,0.0375,,0.0,4.39298592356,2.19649296178
1.815,1815.0,0.001,0.0375,,0.0,4.39072678723,2.195363393615
1.816,1816.0,0.001,0.0375,,0.0,4.3884499231,2.19422496155
1.817,1817.0,0.001,0.0375,,0.0,4.38615538188,2.19307769094
1.818,1818.0,0.001,0.0375,,0.0,4.38384321442,2.19192160721
1.819,1819.0,0.001,0.0375,,0.0,4.38151347171,2.190756735855
1.82,1820.0,0.001,0.0375,,0.0,4.37916620486,2.18958310243
1.821,1821.0,0.001,0.0375,,0.0,4.37680146512,2.18840073256
1.822,1822.0,0.001,0.0375,,0.0,4.37441930387,2.187209651935
1.823,1823.0,0.001,0.0375,,0.0,4.3720197726,2.1860098863
1.824,1824.0,0.001,0.0375,,0.0,4.36960292295,2.184801461475
1.825,1825.0,0.001,0.0375,,0.0,4.36716880668,2.18358440334
1.826,1826.0,0.001,0.0375,,0.0,4.36471747565,2.182358737825
1.827,1827.0,0.001,0.0375,,0.0,4.36224898187,2.181124490935
1.828,1828.0,0.001,0.0375,,0.0,4.35976337746,2.17988168873
1.829,1829.0,0.001,0.0375,,0.0,4.35726071466,2.17863035733
1.83,1830.0,0.001,0.0375,,0.0,4.35474104583,2.177370522915
1.831,1831.0,0.001,0.0375,,0.0,4.35220442344,2.17610221172
1.832,1832.0,0.001,0.0375,,0.0,4.34965090009,2.174825450045
1.833,1833.0,0.001,0.0375,,0.0,4.34708052849,2.173540264245
1.834,1834.0,0.001,0.0375,,0.0,4.34449336144,2.17224668072
1.835,1835.0,0.001,0.0375,,0.0,4.34188945188,2.17094472594
1.836,1836.0,0.001,0.0375,,0.0,4.33926885286,2.16963442643
1.837,1837.0,0.001,0.0375,,0.0,4.33663161752,2.16831580876
1.838,1838.0,0.001,0.0375,,0.0,4.33397779912,2.16698889956
1.839,1839.0,0.001,0.0375,,0.0,4.33130745103,2.165653725515
1.84,1840.0,0.001,0.0375,,0.0,4.32862062671,2.164310313355
1.841,1841.0,0.001,0.0375,,0.0,4.32591737974,2.16295868987
1.842,1842.0,0.001,0.0375,,0.0,4.3231977638,2.1615988819
1.843,1843.0,0.001,0.0375,,0.0,4.32046183266,2.16023091633
1.844,1844.0,0.001,0.0375,,0.0,4.31770964021,2.158854820105
1.845,1845.0,0.001,0.0375,,0.0,4.31494124041,2.157470620205
1.846,1846.0,0.001,0.0375,,0.0,4.31215668734,2.15607834367
1.847,1847.0,0.001,0.0375,,0.0,4.30935603518,2.15467801759
1.848,1848.0,0.001,0.0375,,0.0,4.30653933818,2.15326966909
1.849,1849.0,0.001,0.0375,,0.0,4.30370665071,2.151853325355
1.85,1850.0,0.001,0.0375,,0.0,4.30085802722,2.15042901361
1.851,1851.0,0.001,0.0375,,0.0,4.29799352226,2.14899676113
1.852,1852.0,0.001,0.0375,,0.0,4.29511319044,2.14755659522
1.853,1853.0,0.001,0.0375,,0.0,4.2922170865,2.14610854325
1.854,1854.0,0.001,0.0375,,0.0,4.28930526525,2.144652632625
1.855,1855.0,0.001,0.0375,,0.0,4.28637778157,2.143188890785
1.856,1856.0,0.001,0.0375,,0.0,4.28343469045,2.141717345225
1.857,1857.0,0.001,0.0375,,0.0,4.28047604694,2.14023802347
1.858,1858.0,0.001,0.0375,,0.0,4.27861316368,2.13930658184
1.859,1859.0,0.001,0.0375,,0.0,4.2774622774,2.1387311387
1.86,1860.0,0.001,0.0375,,0.0,4.27629245419,2.138146227095
1.861,1861.0,0.001,0.0375,,0.0,4.27510373132,2.13755186566
1.862,1862.0,0.001,0.0375,,0.0,4.27389614624,2.13694807312
1.863,1863.0,0.001,0.0375,,0.0,4.2726697366,2.1363348683
1.864,1864.0,0.001,0.0375,,0.0,4.27142454025,2.135712270125
1.865,1865.0,0.001,0.0375,,0.0,4.27016059523,2.135080297615
1.866,1866.0,0.001,0.0375,,0.0,4.26887793976,2.13443896988
1.867,1867.0,0.001,0.0375,,0.0,4.26757661226,2.13378830613
1.868,1868.0,0.001,0.0375,,0.0,4.26625665134,2.13312832567
1.869,1869.0,0.001,0.0375,,0.0,4.26491809579,2.132459047895
1.87,1870.0,0.001,0.0375,,0.0,4.26356098459,2.131780492295
1.871,1871.0,0.001,0.0375,,0.0,4.2621853569,2.13109267845
1.872,1872.0,0.001,0.0375,,0.0,4.26079125207,2.130395626035
1.873,1873.0,0.001,0.0375,,0.0,4.25937870963,2.129689354815
1.874,1874.0,0.001,0.0375,,0.0,4.2579477693,2.12897388465
1.875,1875.0,0.001,0.0375,,0.0,4.25649847095,2.128249235475
1.8760000000000001,1876.0,0.001,0.0375,,0.0,4.25503085466,2.12751542733
1.877,1877.0,0.001,0.0375,,0.0,4.25354496068,2.12677248034
1.8780000000000001,1878.0,0.001,0.0375,,0.0,4.25204082943,2.126020414715
1.879,1879.0,0.001,0.0375,,0.0,4.25051850151,2.125259250755
1.8800000000000001,1880.0,0.001,0.0375,,0.0,4.24897801768,2.12448900884
1.881,1881.0,0.001,0.0375,,0.0,4.2474194189,2.12370970945
1.8820000000000001,1882.0,0.001,0.0375,,0.0,4.24584274628,2.12292137314
1.883,1883.0,0.001,0.0375,,0.0,4.24424804111,2.122124020555
1.8840000000000001,1884.0,0.001,0.0375,,0.0,4.24263534483,2.121317672415
1.885,1885.0,0.001,0.0375,,0.0,4.24100469908,2.12050234954
1.8860000000000001,1886.0,0.001,0.0375,,0.0,4.23935614564,2.11967807282
1.887,1887.0,0.001,0.0375,,0.0,4.23768972647,2.118844863235
1.8880000000000001,1888.0,0.001,0.0375,,0.0,4.23600548369,2.118002741845
1.889,1889.0,0.001,0.0375,,0.0,4.23430345957,2.117151729785
1.8900000000000001,1890.0,0.001,0.0375,,0.0,4.23258369657,2.116291848285
1.891,1891.0,0.001,0.0375,,0.0,4.23084623728,2.11542311864
1.8920000000000001,1892.0,0.001,0.0375,,0.0,4.22909112447,2.114545562235
1.893,1893.0,0.001,0.0375,,0.0,4.22731840107,2.113659200535
1.8940000000000001,1894.0,0.001,0.0375,,0.0,4.22552811014,2.11276405507
1.895,1895.0,0.001,0.0375,,0.0,4.22372029493,2.111860147465
1.8960000000000001,1896.0,0.001,0.0375,,0.0,4.22189499881,2.110947499405
1.897,1897.0,0.001,0.0375,,0.0,4.22005226535,2.110026132675
1.8980000000000001,1898.0,0.001,0.0375,,0.0,4.21819213821,2.109096069105
1.899,1899.0,0.001,0.0375,,0.0,4.21631466126,2.10815733063
1.9000000000000001,1900.0,0.001,0.0375,,0.0,4.21441987849,2.107209939245
1.901,1901.0,0.001,0.0375,,0.0,4.21250783403,2.106253917015
1.9020000000000001,1902.0,0.001,0.0375,,0.0,4.21057857219,2.105289286095
1.903,1903.0,0.001,0.0375,,0.0,4.20863213738,2.10431606869
1.9040000000000001,1904.0,0.001,0.0375,,0.0,4.20794875423,2.103974377115
1.905,1905.0,0.001,0.0375,,0.0,4.20756976835,2.103784884175
1.9060000000000001,1906.0,0.001,0.0375,,0.0,4.20717180661,2.103585903305
1.907,1907.0,0.001,0.0375,,0.0,4.20675489524,2.10337744762
1.9080000000000001,1908.0,0.001,0.0375,,0.0,4.20631906069,2.103159530345
1.909,1909.0,0.001,0.0375,,0.0,4.20586432962,2.10293216481
1.9100000000000001,1910.0,0.001,0.0375,,0.0,4.20539072893,2.102695364465
1.911,1911.0,0.001,0.0375,,0.0,4.2048982857,2.10244914285
1.9120000000000001,1912.0,0.001,0.0375,,0.0,4.20438702724,2.10219351362
1.913,1913.0,0.001,0.0375,,0.0,4.20385698108,2.10192849054
1.9140000000000001,1914.0,0.001,0.0375,,0.0,4.20330817497,2.101654087485
1.915,1915.0,0.001,0.0375,,0.0,4.20274063684,2.10137031842
1.9160000000000001,1916.0,0.001,0.0375,,0.0,4.20215439485,2.101077197425
1.917,1917.0,0.001,0.0375,,0.0,4.20154947739,2.100774738695
1.9180000000000001,1918.0,0.001,0.0375,,0.0,4.20092591301,2.100462956505
1.919,1919.0,0.001,0.0375,,0.0,4.20028373052,2.10014186526
1.92,1920.0,0.001,0.0375,,0.0,4.19962295889,2.099811479445
1.921,1921.0,0.001,0.0375,,0.0,4.19894362732,2.09947181366
1.922,1922.0,0.001,0.0375,,0.0,4.19824576522,2.09912288261
1.923,1923.0,0.001,0.0375,,0.0,4.19752940219,2.098764701095
1.924,1924.0,0.001,0.0375,,0.0,4.19679456804,2.09839728402
1.925,1925.0,0.001,0.0375,,0.0,4.19604129277,2.098020646385
1.926,1926.0,0.001,0.0375,,0.0,4.19526960658,2.09763480329
1.927,1927.0,0.001,0.0375,,0.0,4.1944795399,2.09723976995
1.928,1928.0,0.001,0.0375,,0.0,4.19367112332,2.09683556166
1.929,1929.0,0.001,0.0375,,0.0,4.19284438764,2.09642219382
1.93,1930.0,0.001,0.0375,,0.0,4.19199936387,2.095999681935
1.931,1931.0,0.001,0.0375,,0.0,4.19113608319,2.095568041595
1.932,1932.0,0.001,0.0375,,0.0,4.190254577,2.0951272885
1.933,1933.0,0.001,0.0375,,0.0,4.18935487687,2.094677438435
1.934,1934.0,0.001,0.0375,,0.0,4.18843701458,2.09421850729
1.935,1935.0,0.001,0.0375,,0.0,4.18750102209,2.093750511045
1.936,1936.0,0.001,0.0375,,0.0,4.18654693156,2.09327346578
1.937,1937.0,0.001,0.0375,,0.0,4.18557477533,2.092787387665
1.938,1938.0,0.001,0.0375,,0.0,4.18458458592,2.09229229296
1.939,1939.0,0.001,0.0375,,0.0,4.18357639606,2.09178819803
1.94,1940.0,0.001,0.0375,,0.0,4.18255023864,2.09127511932
1.941,1941.0,0.001,0.0375,,0.0,4.18150614677,2.090753073385
1.942,1942.0,0.001,0.0375,,0.0,4.1804441537,2.09022207685
1.943,1943.0,0.001,0.0375,,0.0,4.17936429289,2.089682146445
1.944,1944.0,0.001,0.0375,,0.0,4.17826659797,2.089133298985
1.945,1945.0,0.001,0.0375,,0.0,4.17715110277,2.088575551385
1.946,1946.0,0.001,0.0375,,0.0,4.17601784127,2.088008920635
1.947,1947.0,0.001,0.0375,,0.0,4.17486684766,2.08743342383
1.948,1948.0,0.001,0.0375,,0.0,4.17369815627,2.086849078135
1.949,1949.0,0.001,0.0375,,0.0,4.17251180165,2.086255900825
1.95,1950.0,0.001,0.0375,,0.0,4.17130781849,2.085653909245
1.951,1951.0,0.001,0.0375,,0.0,4.17008624166,2.08504312083
1.952,1952.0,0.001,0.0375,,0.0,4.16884710623,2.084423553115
1.953,1953.0,0.001,0.0375,,0.0,4.1675904474,2.0837952237
1.954,1954.0,0.001,0.0375,,0.0,4.16631630058,2.08315815029
1.955,1955.0,0.001,0.0375,,0.0,4.16502470132,2.08251235066
1.956,1956.0,0.001,0.0375,,0.0,4.16371568537,2.081857842685
1.957,1957.0,0.001,0.0375,,0.0,4.16238928861,2.081194644305
1.958,1958.0,0.001,0.0375,,0.0,4.16104554711,2.080522773555
1.959,1959.0,0.001,0.0375,,0.0,4.15968449711,2.079842248555
1.96,1960.0,0.001,0.0375,,0.0,4.158306175,2.0791530875
1.961,1961.0,0.001,0.0375,,0.0,4.15691061734,2.07845530867
1.962,1962.0,0.001,0.0375,,0.0,4.15549786086,2.07774893043
1.963,1963.0,0.001,0.0375,,0.0,4.15406794244,2.07703397122
1.964,1964.0,0.001,0.0375,,0.0,4.15262089912,2.07631044956
1.965,1965.0,0.001,0.0375,,0.0,4.15115676811,2.075578384055
1.966,1966.0,0.001,0.0375,,0.0,4.14967558677,2.074837793385
1.967,1967.0,0.001,0.0375,,0.0,4.14817739262,2.07408869631
1.968,1968.0,0.001,0.0375,,0.0,4.14666222333,2.073331111665
1.969,1969.0,0.001,0.0375,,0.0,4.14513011674,2.07256505837
1.97,1970.0,0.001,0.0375,,0.0,4.14358111082,2.07179055541
1.971,1971.0,0.001,0.0375,,0.0,4.14201524372,2.07100762186
1.972,1972.0,0.001,0.0375,,0.0,4.14043255372,2.07021627686
1.973,1973.0,0.001,0.0375,,0.0,4.13883307927,2.069416539635
1.974,1974.0,0.001,0.0375,,0.0,4.13721685895,2.068608429475
1.975,1975.0,0.001,0.0375,,0.0,4.1355839315,2.06779196575
1.976,1976.0,0.001,0.0375,,0.0,4.13393433581,2.066967167905
1.977,1977.0,0.001,0.0375,,0.0,4.1322681109,2.06613405545
1.978,1978.0,0.001,0.0375,,0.0,4.13058529596,2.06529264798
1.979,1979.0,0.001,0.0375,,0.0,4.12888593031,2.064442965155
1.98,1980.0,0.001,0.0375,,0.0,4.12717005341,2.063585026705
1.981,1981.0,0.001,0.0375,,0.0,4.12543770487,2.062718852435
1.982,1982.0,0.001,0.0375,,0.0,4.12368892443,2.061844462215
1.983,1983.0,0.001,0.0375,,0.0,4.12192375199,2.060961875995
1.984,1984.0,0.001,0.0375,,0.0,4.12014222757,2.060071113785
1.985,1985.0,0.001,0.0375,,0.0,4.11834439134,2.05917219567
1.986,1986.0,0.001,0.0375,,0.0,4.1165302836,2.0582651418
1.987,1987.0,0.001,0.0375,,0.0,4.11469994479,2.057349972395
1.988,1988.0,0.001,0.0375,,0.0,4.11285341547,2.056426707735
1.989,1989.0,0.001,0.0375,,0.0,4.11099073636,2.05549536818
1.99,1990.0,0.001,0.0375,,0.0,4.10911194829,2.054555974145
1.991,1991.0,0.001,0.0375,,0.0,4.10721709224,2.05360854612
1.992,1992.0,0.001,0.0375,,0.0,4.1053062093,2.05265310465
1.993,1993.0,0.001,0.0375,,0.0,4.1033793407,2.05168967035
1.994,1994.0,0.001,0.0375,,0.0,4.1014365278,2.0507182639
1.995,1995.0,0.001,0.0375,,0.0,4.09947781209,2.049738906045
1.996,1996.0,0.001,0.0375,,0.0,4.09750323518,2.04875161759
1.997,1997.0,0.001,0.0375,,0.0,4.0955128388,2.0477564194
1.998,1998.0,0.001,0.0375,,0.0,4.09350666481,2.046753332405
1.999,1999.0,0.001,0.0375,,0.0,4.0914847552,2.0457423776
2.0,2000.0,0.001,0.0375,,0.0,4.08944715208,2.04472357604
2.001,2001.0,0.001,0.0375,,0.0,4.08739389766,2.04369694883
2.0020000000000002,2002.0,0.001,0.0375000000001,,0.0,4.0853250343,2.04266251715
2.003,2003.0,0.001,0.0375,,0.0,4.08324060445,2.041620302225
2.004,2004.0,0.001,0.0375,,0.0,4.08114065071,2.040570325355
2.005,2005.0,0.001,0.0375,,0.0,4.07902521577,2.039512607885
2.0060000000000002,2006.0,0.001,0.0375000000001,,0.0,4.07689434244,2.03844717122
2.007,2007.0,0.001,0.0375,,0.0,4.07474807365,2.037374036825
2.008,2008.0,0.001,0.0375,,0.0,4.07258645244,2.03629322622
2.009,2009.0,0.001,0.0375,,0.0,4.07040952197,2.035204760985
2.0100000000000002,2010.0,0.001,0.0375000000001,,0.0,4.06821732551,2.034108662755
2.011,2011.0,0.001,0.0375,,0.0,4.06600990642,2.03300495321
2.012,2012.0,0.001,0.0375,,0.0,4.0637873082,2.0318936541
2.013,2013.0,0.001,0.0375,,0.0,4.06154957443,2.030774787215
2.0140000000000002,2014.0,0.001,0.0375000000001,,0.0,4.05929674882,2.02964837441
2.015,2015.0,0.001,0.0375,,0.0,4.05702887517,2.028514437585
2.016,2016.0,0.001,0.0375,,0.0,4.0547459974,2.0273729987
2.017,2017.0,0.001,0.0375,,0.0,4.05244815951,2.026224079755
2.0180000000000002,2018.0,0.001,0.0375000000001,,0.0,4.05013540563,2.025067702815
2.019,2019.0,0.001,0.0375,,0.0,4.04780777997,2.023903889985
2.02,2020.0,0.001,0.0375,,0.0,4.04546532685,2.022732663425
2.021,2021.0,0.001,0.0375,,0.0,4.0431080907,2.02155404535
2.0220000000000002,2022.0,0.001,0.0375000000001,,0.0,4.04073611603,2.020368058015
2.023,2023.0,0.001,0.0375,,0.0,4.03834944746,2.01917472373
2.024,2024.0,0.001,0.0375,,0.0,4.0359481297,2.01797406485
2.025,2025.0,0.001,0.0375,,0.0,4.03353220755,2.016766103775
2.0260000000000002,2026.0,0.001,0.0375000000001,,0.0,4.03110172593,2.015550862965
2.027,2027.0,0.001,0.0375,,0.0,4.02865672982,2.01432836491
2.028,2028.0,0.001,0.0375,,0.0,4.02619726432,2.01309863216
2.029,2029.0,0.001,0.0375,,0.0,4.02372337459,2.011861687295
2.0300000000000002,2030.0,0.001,0.0375000000001,,0.0,4.02123510592,2.01061755296
2.031,2031.0,0.001,0.0375,,0.0,4.01873250367,2.009366251835
2.032,2032.0,0.001,0.0375,,0.0,4.01621561327,2.008107806635
2.033,2033.0,0.001,0.0375,,0.0,4.01368448026,2.00684224013
2.0340000000000003,2034.0,0.001,0.0375000000001,,0.0,4.01113915027,2.005569575135
2.035,2035.0,0.001,0.0375,,0.0,4.00987495253,2.004937476265
2.036,2036.0,0.001,0.0375,,0.0,4.00930544254,2.00465272127
2.037,2037.0,0.001,0.0375,,0.0,4.00871928355,2.004359641775
2.0380000000000003,2038.0,0.001,0.0375000000001,,0.0,4.00811650006,2.00405825003
2.039,2039.0,0.001,0.0375,,0.0,4.00749711677,2.003748558385
2.04,2040.0,0.001,0.0375,,0.0,4.00686115852,2.00343057926
2.041,2041.0,0.001,0.0375,,0.0,4.00620865032,2.00310432516
2.0420000000000003,2042.0,0.001,0.0375000000001,,0.0,4.00553961739,2.002769808695
2.043,2043.0,0.001,0.0375,,0.0,4.00485408507,2.002427042535
2.044,2044.0,0.001,0.0375,,0.0,4.00415207891,2.002076039455
2.045,2045.0,0.001,0.0375,,0.0,4.00343362461,2.001716812305
2.0460000000000003,2046.0,0.001,0.0375000000001,,0.0,4.00269874804,2.00134937402
2.047,2047.0,0.001,0.0375,,0.0,4.00194747524,2.00097373762
2.048,2048.0,0.001,0.0375,,0.0,4.00117983242,2.00058991621
2.049,2049.0,0.001,0.0375,,0.0,4.00039584594,2.00019792297
2.05,2050.0,0.001,0.0375,,0.0,3.99959554234,1.99979777117
2.051,2051.0,0.001,0.0375000000001,,0.0,3.99877894831,1.999389474155
2.052,2052.0,0.001,0.0375,,0.0,3.99794609073,1.998973045365
2.053,2053.0,0.001,0.0375,,0.0,3.99709699662,1.99854849831
2.054,2054.0,0.001,0.0375,,0.0,3.99623169315,1.998115846575
2.055,2055.0,0.001,0.0375000000001,,0.0,3.99535020769,1.997675103845
2.056,2056.0,0.001,0.0375,,0.0,3.99445256772,1.99722628386
2.057,2057.0,0.001,0.0375,,0.0,3.99353880093,1.996769400465
2.058,2058.0,0.001,0.0375,,0.0,3.99260893513,1.996304467565
2.059,2059.0,0.001,0.0375000000001,,0.0,3.99166299831,1.995831499155
2.06,2060.0,0.001,0.0375,,0.0,3.99070101859,1.995350509295
2.061,2061.0,0.001,0.0375,,0.0,3.98972302428,1.99486151214
2.062,2062.0,0.001,0.0375,,0.0,3.98872904381,1.994364521905
2.063,2063.0,0.001,0.0375000000001,,0.0,3.9877191058,1.9938595529
2.064,2064.0,0.001,0.0375,,0.0,3.986693239,1.9933466195
2.065,2065.0,0.001,0.0375,,0.0,3.98565147231,1.992825736155
2.066,2066.0,0.001,0.0375,,0.0,3.98459383479,1.992296917395
2.067,2067.0,0.001,0.0375000000001,,0.0,3.98352035564,1.99176017782
2.068,2068.0,0.001,0.0375,,0.0,3.98243106424,1.99121553212
2.069,2069.0,0.001,0.0375,,0.0,3.98132599008,1.99066299504
2.07,2070.0,0.001,0.0375,,0.0,3.98020516283,1.990102581415
2.071,2071.0,0.001,0.0375000000001,,0.0,3.97906861228,1.98953430614
2.072,2072.0,0.001,0.0375,,0.0,3.97791636838,1.98895818419
2.073,2073.0,0.001,0.0375,,0.0,3.97674846122,1.98837423061
2.074,2074.0,0.001,0.0375,,0.0,3.97556492106,1.98778246053
2.075,2075.0,0.001,0.0375000000001,,0.0,3.97436577826,1.98718288913
2.076,2076.0,0.001,0.0375,,0.0,3.97315106336,1.98657553168
2.077,2077.0,0.001,0.0375,,0.0,3.97192080702,1.98596040351
2.078,2078.0,0.001,0.0375,,0.0,3.97067504006,1.98533752003
2.079,2079.0,0.001,0.0375000000001,,0.0,3.96941379342,1.98470689671
2.08,2080.0,0.001,0.0375,,0.0,3.96813709819,1.984068549095
2.081,2081.0,0.001,0.0375,,0.0,3.9668449856,1.9834224928
2.082,2082.0,0.001,0.0375,,0.0,3.96553748702,1.98276874351
2.083,2083.0,0.001,0.0375000000001,,0.0,3.96421463395,1.982107316975
2.084,2084.0,0.001,0.0375,,0.0,3.96287645803,1.981438229015
2.085,2085.0,0.001,0.0375,,0.0,3.96152299103,1.980761495515
2.086,2086.0,0.001,0.0375,,0.0,3.96015426487,1.980077132435
2.087,2087.0,0.001,0.0375000000001,,0.0,3.95877031158,1.97938515579
2.088,2088.0,0.001,0.0375,,0.0,3.95737116334,1.97868558167
2.089,2089.0,0.001,0.0375,,0.0,3.95595685246,1.97797842623
2.09,2090.0,0.001,0.0375,,0.0,3.95452741138,1.97726370569
2.091,2091.0,0.001,0.0375000000001,,0.0,3.95308287266,1.97654143633
2.092,2092.0,0.001,0.0375,,0.0,3.95162326901,1.975811634505
2.093,2093.0,0.001,0.0375,,0.0,3.95014863324,1.97507431662
2.094,2094.0,0.001,0.0375,,0.0,3.94865899832,1.97432949916
2.095,2095.0,0.001,0.0375000000001,,0.0,3.94715439733,1.973577198665
2.096,2096.0,0.001,0.0375,,0.0,3.94563486347,1.972817431735
2.097,2097.0,0.001,0.0375,,0.0,3.94410043007,1.972050215035
2.098,2098.0,0.001,0.0375,,0.0,3.94255113058,1.97127556529
2.099,2099.0,0.001,0.0375000000001,,0.0,3.9409869986,1.9704934993
2.1,2100.0,0.001,0.0375,,0.0,3.93940806782,1.96970403391
2.101,2101.0,0.001,0.0375,,0.0,3.93781437206,1.96890718603
2.102,2102.0,0.001,0.0375,,0.0,3.93620594527,1.968102972635
2.103,2103.0,0.001,0.0375000000001,,0.0,3.93458282151,1.967291410755
2.104,2104.0,0.001,0.0375,,0.0,3.93294503497,1.966472517485
2.105,2105.0,0.001,0.0375,,0.0,3.93129261995,1.965646309975
2.106,2106.0,0.001,0.0375,,0.0,3.92962561086,1.96481280543
2.107,2107.0,0.001,0.0375000000001,,0.0,3.92794404224,1.96397202112
2.108,2108.0,0.001,0.0375,,0.0,3.92624794874,1.96312397437
2.109,2109.0,0.001,0.0375,,0.0,3.92453736513,1.962268682565
2.11,2110.0,0.001,0.0375,,0.0,3.92281232628,1.96140616314
2.111,2111.0,0.001,0.0375000000001,,0.0,3.9210728672,1.9605364336
2.112,2112.0,0.001,0.0375,,0.0,3.91931902297,1.959659511485
2.113,2113.0,0.001,0.0375,,0.0,3.91755082883,1.958775414415
2.114,2114.0,0.001,0.0375,,0.0,3.91576832009,1.957884160045
2.115,2115.0,0.001,0.0375000000001,,0.0,3.9139715322,1.9569857661
2.116,2116.0,0.001,0.0375,,0.0,3.91216050069,1.956080250345
2.117,2117.0,0.001,0.0375,,0.0,3.91033526122,1.95516763061
2.118,2118.0,0.001,0.0375,,0.0,3.90849584955,1.954247924775
2.119,2119.0,0.001,0.0375000000001,,0.0,3.90664230154,1.95332115077
2.12,2120.0,0.001,0.0375,,0.0,3.90477465317,1.952387326585
2.121,2121.0,0.001,0.0375,,0.0,3.90289294051,1.951446470255
2.122,2122.0,0.001,0.0375,,0.0,3.90099719975,1.950498599875
2.123,2123.0,0.001,0.0375000000001,,0.0,3.89908746715,1.949543733575
2.124,2124.0,0.001,0.0375,,0.0,3.89716377912,1.94858188956
2.125,2125.0,0.001,0.0375,,0.0,3.89522617212,1.94761308606
2.126,2126.0,0.001,0.0375,,0.0,3.89327468276,1.94663734138
2.1270000000000002,2127.0,0.001,0.0375000000001,,0.0,3.8913093477,1.94565467385
2.128,2128.0,0.001,0.0375,,0.0,3.88933020374,1.94466510187
2.129,2129.0,0.001,0.0375,,0.0,3.88733728776,1.94366864388
2.13,2130.0,0.001,0.0375,,0.0,3.88533063673,1.942665318365
2.1310000000000002,2131.0,0.001,0.0375000000001,,0.0,3.88331028773,1.941655143865
2.132,2132.0,0.001,0.0375,,0.0,3.88127627792,1.94063813896
2.133,2133.0,0.001,0.0375,,0.0,3.87922864457,1.939614322285
2.134,2134.0,0.001,0.0375,,0.0,3.87716742503,1.938583712515
2.1350000000000002,2135.0,0.001,0.0375000000001,,0.0,3.87509265675,1.937546328375
2.136,2136.0,0.001,0.0375,,0.0,3.87300437728,1.93650218864
2.137,2137.0,0.001,0.0375,,0.0,3.87090262423,1.935451312115
2.138,2138.0,0.001,0.0375,,0.0,3.86878743535,1.934393717675
2.1390000000000002,2139.0,0.001,0.0375000000001,,0.0,3.86665884843,1.933329424215
2.14,2140.0,0.001,0.0375,,0.0,3.86451690137,1.932258450685
2.141,2141.0,0.001,0.0375,,0.0,3.86236163216,1.93118081608
2.142,2142.0,0.001,0.0375,,0.0,3.86019307887,1.930096539435
2.1430000000000002,2143.0,0.001,0.0375000000001,,0.0,3.85801127965,1.929005639825
2.144,2144.0,0.001,0.0375,,0.0,3.85581627277,1.927908136385
2.145,2145.0,0.001,0.0375,,0.0,3.85360809653,1.926804048265
2.146,2146.0,0.001,0.0375,,0.0,3.85138678935,1.925693394675
2.1470000000000002,2147.0,0.001,0.0375000000001,,0.0,3.84915238972,1.92457619486
2.148,2148.0,0.001,0.0375,,0.0,3.84690493622,1.92345246811
2.149,2149.0,0.001,0.0375,,0.0,3.8446444675,1.92232223375
2.15,2150.0,0.001,0.0375,,0.0,3.8423710223,1.92118551115
2.1510000000000002,2151.0,0.001,0.0375000000001,,0.0,3.84008463943,1.920042319715
2.152,2152.0,0.001,0.0375,,0.0,3.83778535778,1.91889267889
2.153,2153.0,0.001,0.0375,,0.0,3.83547321633,1.917736608165
2.154,2154.0,0.001,0.0375,,0.0,3.83314825411,1.916574127055
2.1550000000000002,2155.0,0.001,0.0375000000001,,0.0,3.83081051025,1.915405255125
2.156,2156.0,0.001,0.0375,,0.0,3.82846002394,1.91423001197
2.157,2157.0,0.001,0.0375,,0.0,3.82609683446,1.91304841723
2.158,2158.0,0.001,0.0375,,0.0,3.82372098115,1.911860490575
2.1590000000000003,2159.0,0.001,0.0375000000001,,0.0,3.82133250343,1.910666251715
2.16,2160.0,0.001,0.0375,,0.0,3.81893144078,1.90946572039
2.161,2161.0,0.001,0.0375,,0.0,3.81651783276,1.90825891638
2.162,2162.0,0.001,0.0375,,0.0,3.81409171899,1.907045859495
2.1630000000000003,2163.0,0.001,0.0375000000001,,0.0,3.81165313919,1.905826569595
2.164,2164.0,0.001,0.0375,,0.0,3.8092021331,1.90460106655
2.165,2165.0,0.001,0.0375,,0.0,3.80673874057,1.903369370285
2.166,2166.0,0.001,0.0375,,0.0,3.80426300149,1.902131500745
2.1670000000000003,2167.0,0.001,0.0375000000001,,0.0,3.80177495582,1.90088747791
2.168,2168.0,0.001,0.0375,,0.0,3.79927464361,1.899637321805
2.169,2169.0,0.001,0.0375,,0.0,3.79676210493,1.898381052465
2.17,2170.0,0.001,0.0375,,0.0,3.79423737995,1.897118689975
2.1710000000000003,2171.0,0.001,0.0375000000001,,0.0,3.79170050889,1.895850254445
2.172,2172.0,0.001,0.0375,,0.0,3.78915153203,1.894575766015
2.173,2173.0,0.001,0.0375,,0.0,3.78659048971,1.893295244855
2.174,2174.0,0.001,0.0375,,0.0,3.78401742233,1.892008711165
2.1750000000000003,2175.0,0.001,0.0375000000001,,0.0,3.78143237036,1.89071618518
2.176,2176.0,0.001,0.0375,,0.0,3.77883537431,1.889417687155
2.177,2177.0,0.001,0.0375,,0.0,3.77622647477,1.888113237385
2.178,2178.0,0.001,0.0375,,0.0,3.77360571235,1.886802856175
2.179,2179.0,0.001,0.0375,,0.0,3.77097312777,1.885486563885
2.18,2180.0,0.001,0.0375000000001,,0.0,3.76832876175,1.884164380875
2.181,2181.0,0.001,0.0375,,0.0,3.7656726551,1.88283632755
2.182,2182.0,0.001,0.0375,,0.0,3.76300484868,1.88150242434
2.183,2183.0,0.001,0.0375,,0.0,3.76032538339,1.880162691695
2.184,2184.0,0.001,0.0375000000001,,0.0,3.75763430018,1.87881715009
2.185,2185.0,0.001,0.0375,,0.0,3.75493164007,1.877465820035
2.186,2186.0,0.001,0.0375,,0.0,3.75221744411,1.876108722055
2.187,2187.0,0.001,0.0375,,0.0,3.74949175342,1.87474587671
2.188,2188.0,0.001,0.0375000000001,,0.0,3.74675460915,1.873377304575
2.189,2189.0,0.001,0.0375,,0.0,3.74400605251,1.872003026255
2.19,2190.0,0.001,0.0375,,0.0,3.74124612474,1.87062306237
2.191,2191.0,0.001,0.0375,,0.0,3.73847486716,1.86923743358
2.192,2192.0,0.001,0.0375000000001,,0.0,3.7356923211,1.86784616055
2.193,2193.0,0.001,0.0375,,0.0,3.73289852796,1.86644926398
2.194,2194.0,0.001,0.0375,,0.0,3.73009352916,1.86504676458
2.195,2195.0,0.001,0.0375,,0.0,3.72727736618,1.86363868309
2.196,2196.0,0.001,0.0375000000001,,0.0,3.72445008056,1.86222504028
2.197,2197.0,0.001,0.0375,,0.0,3.72161171383,1.860805856915
2.198,2198.0,0.001,0.0375,,0.0,3.71876230761,1.859381153805
2.199,2199.0,0.001,0.0375,,0.0,3.71590190355,1.857950951775
2.2,2200.0,0.001,0.0375000000001,,0.0,3.71303054331,1.856515271655
2.201,2201.0,0.001,0.0375,,0.0,3.71014826862,1.85507413431
2.202,2202.0,0.001,0.0375,,0.0,3.70725512125,1.853627560625
2.203,2203.0,0.001,0.0375,,0.0,3.70435114297,1.852175571485
2.204,2204.0,0.001,0.0375000000001,,0.0,3.70143637564,1.85071818782
2.205,2205.0,0.001,0.0375,,0.0,3.6985108611,1.84925543055
2.206,2206.0,0.001,0.0375,,0.0,3.69557464127,1.847787320635
2.207,2207.0,0.001,0.0375,,0.0,3.69262775807,1.846313879035
2.208,2208.0,0.001,0.0375000000001,,0.0,3.68967025348,1.84483512674
2.209,2209.0,0.001,0.0375,,0.0,3.68670216951,1.843351084755
2.21,2210.0,0.001,0.0375,,0.0,3.68372354817,1.841861774085
2.211,2211.0,0.001,0.0375,,0.0,3.68073443154,1.84036721577
2.212,2212.0,0.001,0.0375000000001,,0.0,3.6777348617,1.83886743085
2.213,2213.0,0.001,0.0375,,0.0,3.67472488079,1.837362440395
2.214,2214.0,0.001,0.0375,,0.0,3.67170453096,1.83585226548
2.215,2215.0,0.001,0.0375,,0.0,3.66867385438,1.83433692719
2.216,2216.0,0.001,0.0375000000001,,0.0,3.66563289326,1.83281644663
2.217,2217.0,0.001,0.0375,,0.0,3.66258168984,1.83129084492
2.218,2218.0,0.001,0.0375,,0.0,3.65952028637,1.829760143185
2.219,2219.0,0.001,0.0375,,0.0,3.65644872514,1.82822436257
2.22,2220.0,0.001,0.0375000000001,,0.0,3.65336704846,1.82668352423
2.221,2221.0,0.001,0.0375,,0.0,3.65027529865,1.825137649325
2.222,2222.0,0.001,0.0375,,0.0,3.64717351809,1.823586759045
2.223,2223.0,0.001,0.0375,,0.0,3.64406174913,1.822030874565
2.224,2224.0,0.001,0.0375000000001,,0.0,3.64094003418,1.82047001709
2.225,2225.0,0.001,0.0375,,0.0,3.63780841566,1.81890420783
2.226,2226.0,0.001,0.0375,,0.0,3.63466693601,1.817333468005
2.227,2227.0,0.001,0.0375,,0.0,3.63151563768,1.81575781884
2.228,2228.0,0.001,0.0375000000001,,0.0,3.62835456314,1.81417728157
2.229,2229.0,0.001,0.0375,,0.0,3.62518375491,1.812591877455
2.23,2230.0,0.001,0.0375,,0.0,3.62200325547,1.811001627735
2.231,2231.0,0.001,0.0375,,0.0,3.61881310736,1.80940655368
2.232,2232.0,0.001,0.0375000000001,,0.0,3.61561335313,1.807806676565
2.233,2233.0,0.001,0.0375,,0.0,3.61240403532,1.80620201766
2.234,2234.0,0.001,0.0375,,0.0,3.60918519651,1.804592598255
2.235,2235.0,0.001,0.0375,,0.0,3.60595687929,1.802978439645
2.236,2236.0,0.001,0.0375000000001,,0.0,3.60271912624,1.80135956312
2.237,2237.0,0.001,0.0375,,0.0,3.59947197999,1.799735989995
2.238,2238.0,0.001,0.0375,,0.0,3.59621548314,1.79810774157
2.239,2239.0,0.001,0.0375,,0.0,3.59294967833,1.796474839165
2.24,2240.0,0.001,0.0375000000001,,0.0,3.58967460821,1.794837304105
2.241,2241.0,0.001,0.0375,,0.0,3.58639031541,1.793195157705
2.242,2242.0,0.001,0.0375,,0.0,3.5830968426,1.7915484213
2.243,2243.0,0.001,0.0375,,0.0,3.57979423244,1.78989711622
2.244,2244.0,0.001,0.0375000000001,,0.0,3.5764825276,1.7882412638
2.245,2245.0,0.001,0.0375,,0.0,3.57316177077,1.786580885385
2.246,2246.0,0.001,0.0375,,0.0,3.56983200463,1.784916002315
2.247,2247.0,0.001,0.0375,,0.0,3.56649327187,1.783246635935
2.248,2248.0,0.001,0.0375000000001,,0.0,3.56314561517,1.781572807585
2.249,2249.0,0.001,0.0375,,0.0,3.55978907725,1.779894538625
2.25,2250.0,0.001,0.0375,,0.0,3.5564237008,1.7782118504
2.251,2251.0,0.001,0.0375,,0.0,3.55304952852,1.77652476426
2.2520000000000002,2252.0,0.001,0.0375000000001,,0.0,3.54966660312,1.77483330156
2.253,2253.0,0.001,0.0375,,0.0,3.5462749673,1.77313748365
2.254,2254.0,0.001,0.0375,,0.0,3.54287466377,1.771437331885
2.255,2255.0,0.001,0.0375,,0.0,3.53946573523,1.769732867615
2.2560000000000002,2256.0,0.001,0.0375000000001,,0.0,3.53604822439,1.768024112195
2.257,2257.0,0.001,0.0375,,0.0,3.53262217394,1.76631108697
2.258,2258.0,0.001,0.0375,,0.0,3.5291876266,1.7645938133
2.259,2259.0,0.001,0.0375,,0.0,3.52574462505,1.762872312525
2.2600000000000002,2260.0,0.001,0.0375000000001,,0.0,3.52229321198,1.76114660599
2.261,2261.0,0.001,0.0375,,0.0,3.51883343009,1.759416715045
2.262,2262.0,0.001,0.0375,,0.0,3.51536532207,1.757682661035
2.263,2263.0,0.001,0.0375,,0.0,3.51188893057,1.755944465285
2.2640000000000002,2264.0,0.001,0.0375000000001,,0.0,3.50840429829,1.754202149145
2.265,2265.0,0.001,0.0375,,0.0,3.50491146788,1.75245573394
2.266,2266.0,0.001,0.0375,,0.0,3.501410482,1.750705241
2.267,2267.0,0.001,0.0375,,0.0,3.4979013833,1.74895069165
2.2680000000000002,2268.0,0.001,0.0375000000001,,0.0,3.49438421441,1.747192107205
2.269,2269.0,0.001,0.0375,,0.0,3.49085901798,1.74542950899
2.27,2270.0,0.001,0.0375,,0.0,3.48732583661,1.743662918305
2.271,2271.0,0.001,0.0375,,0.0,3.48378471291,1.741892356455
2.2720000000000002,2272.0,0.001,0.0375000000001,,0.0,3.48023568949,1.740117844745
2.273,2273.0,0.001,0.0375,,0.0,3.47667880893,1.738339404465
2.274,2274.0,0.001,0.0375,,0.0,3.4731141138,1.7365570569
2.275,2275.0,0.001,0.0375,,0.0,3.46954164666,1.73477082333
2.2760000000000002,2276.0,0.001,0.0375000000001,,0.0,3.46596145006,1.73298072503
2.277,2277.0,0.001,0.0375,,0.0,3.46237356652,1.73118678326
2.278,2278.0,0.001,0.0375,,0.0,3.45877803857,1.729389019285
2.279,2279.0,0.001,0.0375,,0.0,3.4551749087,1.72758745435
2.2800000000000002,2280.0,0.001,0.0375000000001,,0.0,3.4515642194,1.7257821097
2.281,2281.0,0.001,0.0375,,0.0,3.44794601313,1.723973006565
2.282,2282.0,0.001,0.0375,,0.0,3.44432033234,1.72216016617
2.283,2283.0,0.001,0.0375,,0.0,3.44068721946,1.72034360973
2.2840000000000003,2284.0,0.001,0.0375000000001,,0.0,3.43704671691,1.718523358455
2.285,2285.0,0.001,0.0375,,0.0,3.43339886708,1.71669943354
2.286,2286.0,0.001,0.0375,,0.0,3.42974371233,1.714871856165
2.287,2287.0,0.001,0.0375,,0.0,3.42608129502,1.71304064751
2.2880000000000003,2288.0,0.001,0.0375000000001,,0.0,3.42241165749,1.711205828745
2.289,2289.0,0.001,0.0375,,0.0,3.41873484203,1.709367421015
2.29,2290.0,0.001,0.0375,,0.0,3.41505089094,1.70752544547
2.291,2291.0,0.001,0.0375,,0.0,3.41307322138,1.70653661069
2.2920000000000003,2292.0,0.001,0.0375000000001,,0.0,3.41168047399,1.705840236995
2.293,2293.0,0.001,0.0375,,0.0,3.41027656904,1.70513828452
2.294,2294.0,0.001,0.0375,,0.0,3.40886153195,1.704430765975
2.295,2295.0,0.001,0.0375,,0.0,3.40743538822,1.70371769411
2.2960000000000003,2296.0,0.001,0.0375000000001,,0.0,3.40599816344,1.70299908172
2.297,2297.0,0.001,0.0375,,0.0,3.40454988326,1.70227494163
2.298,2298.0,0.001,0.0375,,0.0,3.40309057343,1.701545286715
2.299,2299.0,0.001,0.0375,,0.0,3.40162025973,1.700810129865
2.3000000000000003,2300.0,0.001,0.0375000000001,,0.0,3.40013896807,1.700069484035
2.301,2301.0,0.001,0.0375,,0.0,3.3986467244,1.6993233622
2.302,2302.0,0.001,0.0375,,0.0,3.39714355475,1.698571777375
2.303,2303.0,0.001,0.0375,,0.0,3.39562948523,1.697814742615
2.3040000000000003,2304.0,0.001,0.0375000000001,,0.0,3.39410454201,1.697052271005
2.305,2305.0,0.001,0.0375,,0.0,3.39256875134,1.69628437567
2.306,2306.0,0.001,0.0375,,0.0,3.39102213955,1.695511069775
2.307,2307.0,0.001,0.0375,,0.0,3.38946473302,1.69473236651
2.308,2308.0,0.001,0.0375,,0.0,3.38789655822,1.69394827911
2.309,2309.0,0.001,0.0375000000001,,0.0,3.38631764168,1.69315882084
2.31,2310.0,0.001,0.0375,,0.0,3.38472801,1.692364005
2.311,2311.0,0.001,0.0375,,0.0,3.38312768985,1.691563844925
2.312,2312.0,0.001,0.0375,,0.0,3.38151670797,1.690758353985
2.313,2313.0,0.001,0.0375000000001,,0.0,3.37989509117,1.689947545585
2.314,2314.0,0.001,0.0375,,0.0,3.37826286631,1.689131433155
2.315,2315.0,0.001,0.0375,,0.0,3.37662006034,1.68831003017
2.316,2316.0,0.001,0.0375,,0.0,3.37496670026,1.68748335013
2.317,2317.0,0.001,0.0375000000001,,0.0,3.37330281314,1.68665140657
2.318,2318.0,0.001,0.0375,,0.0,3.37162842612,1.68581421306
2.319,2319.0,0.001,0.0375,,0.0,3.36994356639,1.684971783195
2.32,2320.0,0.001,0.0375,,0.0,3.36824826122,1.68412413061
2.321,2321.0,0.001,0.0375000000001,,0.0,3.36654253793,1.683271268965
2.322,2322.0,0.001,0.0375,,0.0,3.36482642391,1.682413211955
2.323,2323.0,0.001,0.0375,,0.0,3.36309994662,1.68154997331
2.324,2324.0,0.001,0.0375,,0.0,3.36136313356,1.68068156678
2.325,2325.0,0.001,0.0375000000001,,0.0,3.3596160123,1.67980800615
2.326,2326.0,0.001,0.0375,,0.0,3.35785861049,1.678929305245
2.327,2327.0,0.001,0.0375,,0.0,3.35609095581,1.678045477905
2.328,2328.0,0.001,0.0375,,0.0,3.35431307602,1.67715653801
2.329,2329.0,0.001,0.0375000000001,,0.0,3.35252499892,1.67626249946
2.33,2330.0,0.001,0.0375,,0.0,3.35072675239,1.675363376195
2.331,2331.0,0.001,0.0375,,0.0,3.34891836435,1.674459182175
2.332,2332.0,0.001,0.0375,,0.0,3.34709986279,1.673549931395
2.333,2333.0,0.001,0.0375000000001,,0.0,3.34527127575,1.672635637875
2.334,2334.0,0.001,0.0375,,0.0,3.34343263131,1.671716315655
2.335,2335.0,0.001,0.0375,,0.0,3.34158395764,1.67079197882
2.336,2336.0,0.001,0.0375,,0.0,3.33972528295,1.669862641475
2.337,2337.0,0.001,0.0375000000001,,0.0,3.33785663548,1.66892831774
2.338,2338.0,0.001,0.0375,,0.0,3.33597804356,1.66798902178
2.339,2339.0,0.001,0.0375,,0.0,3.33408953555,1.667044767775
2.34,2340.0,0.001,0.0375,,0.0,3.33219113988,1.66609556994
2.341,2341.0,0.001,0.0375000000001,,0.0,3.33028288502,1.66514144251
2.342,2342.0,0.001,0.0375,,0.0,3.32836479949,1.664182399745
2.343,2343.0,0.001,0.0375,,0.0,3.32643691186,1.66321845593
2.344,2344.0,0.001,0.0375,,0.0,3.32449925077,1.662249625385
2.345,2345.0,0.001,0.0375000000001,,0.0,3.32255184489,1.661275922445
2.346,2346.0,0.001,0.0375,,0.0,3.32059472294,1.66029736147
2.347,2347.0,0.001,0.0375,,0.0,3.31928174737,1.659640873685
2.348,2348.0,0.001,0.0375,,0.0,3.31903284488,1.65951642244
2.349,2349.0,0.001,0.0375000000001,,0.0,3.31877239014,1.65938619507
2.35,2350.0,0.001,0.0375,,0.0,3.31850039627,1.659250198135
2.351,2351.0,0.001,0.0375,,0.0,3.3182168765,1.65910843825
2.352,2352.0,0.001,0.0375,,0.0,3.31792184417,1.658960922085
2.353,2353.0,0.001,0.0375000000001,,0.0,3.31761531273,1.658807656365
2.354,2354.0,0.001,0.0375,,0.0,3.31729729572,1.65864864786
2.355,2355.0,0.001,0.0375,,0.0,3.31696780679,1.658483903395
2.356,2356.0,0.001,0.0375,,0.0,3.3166268597,1.65831342985
2.357,2357.0,0.001,0.0375000000001,,0.0,3.3162744683,1.65813723415
2.358,2358.0,0.001,0.0375,,0.0,3.31591064654,1.65795532327
2.359,2359.0,0.001,0.0375,,0.0,3.3155354085,1.65776770425
2.36,2360.0,0.001,0.0375,,0.0,3.31514876833,1.657574384165
2.361,2361.0,0.001,0.0375000000001,,0.0,3.3147507403,1.65737537015
2.362,2362.0,0.001,0.0375,,0.0,3.31434133878,1.65717066939
2.363,2363.0,0.001,0.0375,,0.0,3.31392057823,1.656960289115
2.364,2364.0,0.001,0.0375,,0.0,3.31348847321,1.656744236605
2.365,2365.0,0.001,0.0375000000001,,0.0,3.3130450384,1.6565225192
2.366,2366.0,0.001,0.0375,,0.0,3.31259028856,1.65629514428
2.367,2367.0,0.001,0.0375,,0.0,3.31212423855,1.656062119275
2.368,2368.0,0.001,0.0375,,0.0,3.31164690334,1.65582345167
2.369,2369.0,0.001,0.0375000000001,,0.0,3.31115829799,1.655579148995
2.37,2370.0,0.001,0.0375,,0.0,3.31065843766,1.65532921883
2.371,2371.0,0.001,0.0375,,0.0,3.31014733761,1.655073668805
2.372,2372.0,0.001,0.0375,,0.0,3.30962501319,1.654812506595
2.373,2373.0,0.001,0.0375000000001,,0.0,3.30909147985,1.654545739925
2.374,2374.0,0.001,0.0375,,0.0,3.30854675313,1.654273376565
2.375,2375.0,0.001,0.0375,,0.0,3.30799084869,1.653995424345
2.376,2376.0,0.001,0.0375,,0.0,3.30742378226,1.65371189113
2.3770000000000002,2377.0,0.001,0.0375000000001,,0.0,3.30684556967,1.653422784835
2.378,2378.0,0.001,0.0375,,0.0,3.30625622685,1.653128113425
2.379,2379.0,0.001,0.0375,,0.0,3.30565576982,1.65282788491
2.38,2380.0,0.001,0.0375,,0.0,3.30504421469,1.652522107345
2.3810000000000002,2381.0,0.001,0.0375000000001,,0.0,3.30442157769,1.652210788845
2.382,2382.0,0.001,0.0375,,0.0,3.3037878751,1.65189393755
2.383,2383.0,0.001,0.0375,,0.0,3.30314312332,1.65157156166
2.384,2384.0,0.001,0.0375,,0.0,3.30248733885,1.651243669425
2.3850000000000002,2385.0,0.001,0.0375000000001,,0.0,3.30182053825,1.650910269125
2.386,2386.0,0.001,0.0375,,0.0,3.3011427382,1.6505713691
2.387,2387.0,0.001,0.0375,,0.0,3.30045395545,1.650226977725
2.388,2388.0,0.001,0.0375,,0.0,3.29975420686,1.64987710343
2.3890000000000002,2389.0,0.001,0.0375000000001,,0.0,3.29904350938,1.64952175469
2.39,2390.0,0.001,0.0375,,0.0,3.29832188002,1.64916094001
2.391,2391.0,0.001,0.0375,,0.0,3.29758933591,1.648794667955
2.392,2392.0,0.001,0.0375,,0.0,3.29684589426,1.64842294713
2.3930000000000002,2393.0,0.001,0.0375000000001,,0.0,3.29609157236,1.64804578618
2.394,2394.0,0.001,0.0375,,0.0,3.29532638761,1.647663193805
2.395,2395.0,0.001,0.0375,,0.0,3.29455035746,1.64727517873
2.396,2396.0,0.001,0.0375,,0.0,3.29376349949,1.646881749745
2.3970000000000002,2397.0,0.001,0.0375000000001,,0.0,3.29296583133,1.646482915665
2.398,2398.0,0.001,0.0375,,0.0,3.29215737073,1.646078685365
2.399,2399.0,0.001,0.0375,,0.0,3.29133813549,1.645669067745
2.4,2400.0,0.001,0.0375,,0.0,3.29050814352,1.64525407176
2.4010000000000002,2401.0,0.001,0.0375000000001,,0.0,3.28966741282,1.64483370641
2.402,2402.0,0.001,0.0375,,0.0,3.28881596144,1.64440798072
2.403,2403.0,0.001,0.0375,,0.0,3.28795380756,1.64397690378
2.404,2404.0,0.001,0.0375,,0.0,3.28708096941,1.643540484705
2.4050000000000002,2405.0,0.001,0.0375000000001,,0.0,3.28619746532,1.64309873266
2.406,2406.0,0.001,0.0375,,0.0,3.28530331369,1.642651656845
2.407,2407.0,0.001,0.0375,,0.0,3.28439853301,1.642199266505
2.408,2408.0,0.001,0.0375,,0.0,3.28348314186,1.64174157093
2.4090000000000003,2409.0,0.001,0.0375000000001,,0.0,3.28255715888,1.64127857944
2.41,2410.0,0.001,0.0375,,0.0,3.28162060282,1.64081030141
2.411,2411.0,0.001,0.0375,,0.0,3.28067349249,1.640336746245
2.412,2412.0,0.001,0.0375,,0.0,3.27971584677,1.639857923385
2.4130000000000003,2413.0,0.001,0.0375000000001,,0.0,3.27874768466,1.63937384233
2.414,2414.0,0.001,0.0375,,0.0,3.2777690252,1.6388845126
2.415,2415.0,0.001,0.0375,,0.0,3.27677988752,1.63838994376
2.416,2416.0,0.001,0.0375,,0.0,3.27578029085,1.637890145425
2.4170000000000003,2417.0,0.001,0.0375000000001,,0.0,3.27477025446,1.63738512723
2.418,2418.0,0.001,0.0375,,0.0,3.27374979773,1.636874898865
2.419,2419.0,0.001,0.0375,,0.0,3.27271894011,1.636359470055
2.42,2420.0,0.001,0.0375,,0.0,3.27167770111,1.635838850555
2.4210000000000003,2421.0,0.001,0.0375000000001,,0.0,3.27062610033,1.635313050165
2.422,2422.0,0.001,0.0375,,0.0,3.26956415745,1.634782078725
2.423,2423.0,0.001,0.0375,,0.0,3.26849189223,1.634245946115
2.424,2424.0,0.001,0.0375,,0.0,3.26740932448,1.63370466224
2.4250000000000003,2425.0,0.001,0.0375000000001,,0.0,3.2663164741,1.63315823705
2.426,2426.0,0.001,0.0375,,0.0,3.26521336107,1.632606680535
2.427,2427.0,0.001,0.0375,,0.0,3.26410000544,1.63205000272
2.428,2428.0,0.001,0.0375,,0.0,3.26297642734,1.63148821367
2.4290000000000003,2429.0,0.001,0.0375000000001,,0.0,3.26184264694,1.63092132347
2.43,2430.0,0.001,0.0375,,0.0,3.26069868453,1.630349342265
2.431,2431.0,0.001,0.0375,,0.0,3.25954456044,1.62977228022
2.432,2432.0,0.001,0.0375,,0.0,3.25838029508,1.62919014754
2.433,2433.0,0.001,0.0375,,0.0,3.25720590894,1.62860295447
2.434,2434.0,0.001,0.0375000000001,,0.0,3.25602142256,1.62801071128
2.435,2435.0,0.001,0.0375,,0.0,3.25482685658,1.62741342829
2.436,2436.0,0.001,0.0375,,0.0,3.25362223168,1.62681111584
2.437,2437.0,0.001,0.0375,,0.0,3.25240756863,1.626203784315
2.438,2438.0,0.001,0.0375000000001,,0.0,3.25118288825,1.625591444125
2.439,2439.0,0.001,0.0375,,0.0,3.24994821146,1.62497410573
2.44,2440.0,0.001,0.0375,,0.0,3.24870355922,1.62435177961
2.441,2441.0,0.001,0.0375,,0.0,3.24744895256,1.62372447628
2.442,2442.0,0.001,0.0375000000001,,0.0,3.24618441259,1.623092206295
2.443,2443.0,0.001,0.0375,,0.0,3.24490996048,1.62245498024
2.444,2444.0,0.001,0.0375,,0.0,3.24362561747,1.621812808735
2.445,2445.0,0.001,0.0375,,0.0,3.24233140486,1.62116570243
2.446,2446.0,0.001,0.0375000000001,,0.0,3.24102734401,1.620513672005
2.447,2447.0,0.001,0.0375,,0.0,3.23971345637,1.619856728185
2.448,2448.0,0.001,0.0375,,0.0,3.23838976344,1.61919488172
2.449,2449.0,0.001,0.0375,,0.0,3.23705628677,1.618528143385
2.45,2450.0,0.001,0.0375000000001,,0.0,3.23571304799,1.617856523995
2.451,2451.0,0.001,0.0375,,0.0,3.23436006879,1.617180034395
2.452,2452.0,0.001,0.0375,,0.0,3.23299737092,1.61649868546
2.453,2453.0,0.001,0.0375,,0.0,3.23162497621,1.615812488105
2.454,2454.0,0.001,0.0375000000001,,0.0,3.23024290653,1.615121453265
2.455,2455.0,0.001,0.0375,,0.0,3.22885118382,1.61442559191
2.456,2456.0,0.001,0.0375,,0.0,3.22744983007,1.613724915035
2.457,2457.0,0.001,0.0375,,0.0,3.22603886736,1.61301943368
2.458,2458.0,0.001,0.0375000000001,,0.0,3.2246183178,1.6123091589
2.459,2459.0,0.001,0.0375,,0.0,3.22318820357,1.611594101785
2.46,2460.0,0.001,0.0375,,0.0,3.22174854692,1.61087427346
2.461,2461.0,0.001,0.0375,,0.0,3.22029937015,1.610149685075
2.462,2462.0,0.001,0.0375000000001,,0.0,3.21884069561,1.609420347805
2.463,2463.0,0.001,0.0375,,0.0,3.21737254572,1.60868627286
2.464,2464.0,0.001,0.0375,,0.0,3.21589494296,1.60794747148
2.465,2465.0,0.001,0.0375,,0.0,3.21440790986,1.60720395493
2.466,2466.0,0.001,0.0375000000001,,0.0,3.21291146901,1.606455734505
2.467,2467.0,0.001,0.0375,,0.0,3.21140564306,1.60570282153
2.468,2468.0,0.001,0.0375,,0.0,3.2098904547,1.60494522735
2.469,2469.0,0.001,0.0375,,0.0,3.20836592669,1.604182963345
2.47,2470.0,0.001,0.0375000000001,,0.0,3.20683208185,1.603416040925
2.471,2471.0,0.001,0.0375,,0.0,3.20528894304,1.60264447152
2.472,2472.0,0.001,0.0375,,0.0,3.20373653319,1.601868266595
2.473,2473.0,0.001,0.0375,,0.0,3.20217487527,1.601087437635
2.474,2474.0,0.001,0.0375000000001,,0.0,3.2006039923,1.60030199615
2.475,2475.0,0.001,0.0375,,0.0,3.19902390738,1.59951195369
2.476,2476.0,0.001,0.0375,,0.0,3.19743464363,1.598717321815
2.477,2477.0,0.001,0.0375,,0.0,3.19583622424,1.59791811212
2.478,2478.0,0.001,0.0375000000001,,0.0,3.19422867244,1.59711433622
2.479,2479.0,0.001,0.0375,,0.0,3.19261201154,1.59630600577
2.48,2480.0,0.001,0.0375,,0.0,3.19128097947,1.595640489735
2.481,2481.0,0.001,0.0375,,0.0,3.19063961806,1.59531980903
2.482,2482.0,0.001,0.0375000000001,,0.0,3.18998810923,1.594994054615
2.483,2483.0,0.001,0.0375,,0.0,3.18932646824,1.59466323412
2.484,2484.0,0.001,0.0375,,0.0,3.18865471047,1.594327355235
2.485,2485.0,0.001,0.0375,,0.0,3.18797285134,1.59398642567
2.486,2486.0,0.001,0.0375000000001,,0.0,3.18728090636,1.59364045318
2.487,2487.0,0.001,0.0375,,0.0,3.18657889112,1.59328944556
2.488,2488.0,0.001,0.0375,,0.0,3.1858668213,1.59293341065
2.489,2489.0,0.001,0.0375,,0.0,3.18514471264,1.59257235632
2.49,2490.0,0.001,0.0375000000001,,0.0,3.18441258096,1.59220629048
2.491,2491.0,0.001,0.0375,,0.0,3.18367044217,1.591835221085
2.492,2492.0,0.001,0.0375,,0.0,3.18291831225,1.591459156125
2.493,2493.0,0.001,0.0375,,0.0,3.18215620725,1.591078103625
2.494,2494.0,0.001,0.0375000000001,,0.0,3.18138414329,1.590692071645
2.495,2495.0,0.001,0.0375,,0.0,3.18060213659,1.590301068295
2.496,2496.0,0.001,0.0375,,0.0,3.17981020343,1.589905101715
2.497,2497.0,0.001,0.0375,,0.0,3.17900836016,1.58950418008
2.498,2498.0,0.001,0.0375000000001,,0.0,3.17819662322,1.58909831161
2.499,2499.0,0.001,0.0375,,0.0,3.1773750091,1.58868750455
2.5,2500.0,0.001,0.0375,,0.0,3.17654353439,1.588271767195
2.501,2501.0,0.001,0.0375,,0.0,3.17570221574,1.58785110787
2.5020000000000002,2502.0,0.001,0.0375000000001,,0.0,3.17485106986,1.58742553493
2.503,2503.0,0.001,0.0375,,0.0,3.17399011357,1.586995056785
2.504,2504.0,0.001,0.0375,,0.0,3.17311936373,1.586559681865
2.505,2505.0,0.001,0.0375,,0.0,3.17223883727,1.586119418635
2.5060000000000002,2506.0,0.001,0.0375000000001,,0.0,3.17134855122,1.58567427561
2.507,2507.0,0.001,0.0375,,0.0,3.17044852266,1.58522426133
2.508,2508.0,0.001,0.0375,,0.0,3.16953876873,1.584769384365
2.509,2509.0,0.001,0.0375,,0.0,3.16861930668,1.58430965334
2.5100000000000002,2510.0,0.001,0.0375000000001,,0.0,3.16769015378,1.58384507689
2.511,2511.0,0.001,0.0375,,0.0,3.16675132741,1.583375663705
2.512,2512.0,0.001,0.0375,,0.0,3.165802845,1.5829014225
2.513,2513.0,0.001,0.0375,,0.0,3.16484472406,1.58242236203
2.5140000000000002,2514.0,0.001,0.0375000000001,,0.0,3.16387698214,1.58193849107
2.515,2515.0,0.001,0.0375,,0.0,3.16289963691,1.581449818455
2.516,2516.0,0.001,0.0375,,0.0,3.16191270605,1.580956353025
2.517,2517.0,0.001,0.0375,,0.0,3.16091620735,1.580458103675
2.5180000000000002,2518.0,0.001,0.0375000000001,,0.0,3.15991015864,1.57995507932
2.519,2519.0,0.001,0.0375,,0.0,3.15889457785,1.579447288925
2.52,2520.0,0.001,0.0375,,0.0,3.15786948293,1.578934741465
2.521,2521.0,0.001,0.0375,,0.0,3.15703252753,1.578516263765
2.5220000000000002,2522.0,0.001,0.0375000000001,,0.0,3.15686887029,1.578434435145
2.523,2523.0,0.001,0.0375,,0.0,3.15669494478,1.57834747239
2.524,2524.0,0.001,0.0375,,0.0,3.15651076147,1.578255380735
2.525,2525.0,0.001,0.0375,,0.0,3.15631633097,1.578158165485
2.5260000000000002,2526.0,0.001,0.0375000000001,,0.0,3.15611166393,1.578055831965
2.527,2527.0,0.001,0.0375,,0.0,3.15589677113,1.577948385565
2.528,2528.0,0.001,0.0375,,0.0,3.1556716634,1.5778358317
2.529,2529.0,0.001,0.0375,,0.0,3.15543635168,1.57771817584
2.5300000000000002,2530.0,0.001,0.0375000000001,,0.0,3.15519084701,1.577595423505
2.531,2531.0,0.001,0.0375,,0.0,3.15493516048,1.57746758024
2.532,2532.0,0.001,0.0375,,0.0,3.15466930329,1.577334651645
2.533,2533.0,0.001,0.0375,,0.0,3.15439328673,1.577196643365
2.5340000000000003,2534.0,0.001,0.0375000000001,,0.0,3.15410712216,1.57705356108
2.535,2535.0,0.001,0.0375,,0.0,3.15381082104,1.57690541052
2.536,2536.0,0.001,0.0375,,0.0,3.15350439492,1.57675219746
2.537,2537.0,0.001,0.0375,,0.0,3.1531878554,1.5765939277
2.5380000000000003,2538.0,0.001,0.0375000000001,,0.0,3.15286121421,1.576430607105
2.539,2539.0,0.001,0.0375,,0.0,3.15252448314,1.57626224157
2.54,2540.0,0.001,0.0375,,0.0,3.15217767407,1.576088837035
2.541,2541.0,0.001,0.0375,,0.0,3.15182079896,1.57591039948
2.5420000000000003,2542.0,0.001,0.0375000000001,,0.0,3.15145386986,1.57572693493
2.543,2543.0,0.001,0.0375,,0.0,3.15107689889,1.575538449445
2.544,2544.0,0.001,0.0375,,0.0,3.15068989827,1.575344949135
2.545,2545.0,0.001,0.0375,,0.0,3.15029288029,1.575146440145
2.5460000000000003,2546.0,0.001,0.0375000000001,,0.0,3.14988585733,1.574942928665
2.547,2547.0,0.001,0.0375,,0.0,3.14946884186,1.57473442093
2.548,2548.0,0.001,0.0375,,0.0,3.1490418464,1.5745209232
2.549,2549.0,0.001,0.0375,,0.0,3.14860488359,1.574302441795
2.5500000000000003,2550.0,0.001,0.0375000000001,,0.0,3.14815796612,1.57407898306
2.551,2551.0,0.001,0.0375,,0.0,3.14770110678,1.57385055339
2.552,2552.0,0.001,0.0375,,0.0,3.14723431844,1.57361715922
2.553,2553.0,0.001,0.0375,,0.0,3.14675761404,1.57337880702
2.5540000000000003,2554.0,0.001,0.0375000000001,,0.0,3.14627100661,1.573135503305
2.555,2555.0,0.001,0.0375,,0.0,3.14577450924,1.57288725462
2.556,2556.0,0.001,0.0375,,0.0,3.14526813513,1.572634067565
2.557,2557.0,0.001,0.0375,,0.0,3.14475189753,1.572375948765
2.5580000000000003,2558.0,0.001,0.0375000000001,,0.0,3.14422580978,1.57211290489
2.559,2559.0,0.001,0.0375,,0.0,3.14368988531,1.571844942655
2.56,2560.0,0.001,0.0375,,0.0,3.1431441376,1.5715720688
2.561,2561.0,0.001,0.0375,,0.0,3.14258858025,1.571294290125
2.562,2562.0,0.001,0.0375,,0.0,3.14202322688,1.57101161344
2.563,2563.0,0.001,0.0375000000001,,0.0,3.14144809124,1.57072404562
2.564,2564.0,0.001,0.0375,,0.0,3.14086318713,1.570431593565
2.565,2565.0,0.001,0.0375,,0.0,3.14026852843,1.570134264215
2.566,2566.0,0.001,0.0375,,0.0,3.1396641291,1.56983206455
2.567,2567.0,0.001,0.0375000000001,,0.0,3.13905000316,1.56952500158
2.568,2568.0,0.001,0.0375,,0.0,3.13842616473,1.569213082365
2.569,2569.0,0.001,0.0375,,0.0,3.137792628,1.568896314
2.57,2570.0,0.001,0.0375,,0.0,3.13714940721,1.568574703605
2.571,2571.0,0.001,0.0375000000001,,0.0,3.1364965167,1.56824825835
2.572,2572.0,0.001,0.0375,,0.0,3.13583397087,1.567916985435
2.573,2573.0,0.001,0.0375,,0.0,3.13516178422,1.56758089211
2.574,2574.0,0.001,0.0375,,0.0,3.13447997127,1.567239985635
2.575,2575.0,0.001,0.0375000000001,,0.0,3.13378854668,1.56689427334
2.576,2576.0,0.001,0.0375,,0.0,3.13308752512,1.56654376256
2.577,2577.0,0.001,0.0375,,0.0,3.13237692138,1.56618846069
2.578,2578.0,0.001,0.0375,,0.0,3.13165675029,1.565828375145
2.579,2579.0,0.001,0.0375000000001,,0.0,3.13092702677,1.565463513385
2.58,2580.0,0.001,0.0375,,0.0,3.1301877658,1.5650938829
2.581,2581.0,0.001,0.0375,,0.0,3.12943898245,1.564719491225
2.582,2582.0,0.001,0.0375,,0.0,3.12868069184,1.56434034592
2.583,2583.0,0.001,0.0375000000001,,0.0,3.12791290916,1.56395645458
2.584,2584.0,0.001,0.0375,,0.0,3.12713564969,1.563567824845
2.585,2585.0,0.001,0.0375,,0.0,3.12634892875,1.563174464375
2.586,2586.0,0.001,0.0375,,0.0,3.12555276177,1.562776380885
2.587,2587.0,0.001,0.0375000000001,,0.0,3.12474716421,1.562373582105
2.588,2588.0,0.001,0.0375,,0.0,3.12393215162,1.56196607581
2.589,2589.0,0.001,0.0375,,0.0,3.12310773961,1.561553869805
2.59,2590.0,0.001,0.0375,,0.0,3.12227394386,1.56113697193
2.591,2591.0,0.001,0.0375000000001,,0.0,3.12143078012,1.56071539006
2.592,2592.0,0.001,0.0375,,0.0,3.1205782642,1.5602891321
2.593,2593.0,0.001,0.0375,,0.0,3.11971641199,1.559858205995
2.594,2594.0,0.001,0.0375,,0.0,3.11884523944,1.55942261972
2.595,2595.0,0.001,0.0375000000001,,0.0,3.11796476256,1.55898238128
2.596,2596.0,0.001,0.0375,,0.0,3.11707499743,1.558537498715
2.597,2597.0,0.001,0.0375,,0.0,3.1161759602,1.5580879801
2.598,2598.0,0.001,0.0375,,0.0,3.11526766709,1.557633833545
2.599,2599.0,0.001,0.0375000000001,,0.0,3.11435013436,1.55717506718
2.6,2600.0,0.001,0.0375,,0.0,3.11342337837,1.556711689185
2.601,2601.0,0.001,0.0375,,0.0,3.11248741551,1.556243707755
2.602,2602.0,0.001,0.0375,,0.0,3.11154226226,1.55577113113
2.603,2603.0,0.001,0.0375000000001,,0.0,3.11058793515,1.555293967575
2.604,2604.0,0.001,0.0375,,0.0,3.10962445078,1.55481222539
2.605,2605.0,0.001,0.0375,,0.0,3.10865182581,1.554325912905
2.606,2606.0,0.001,0.0375,,0.0,3.10767007695,1.553835038475
2.607,2607.0,0.001,0.0375000000001,,0.0,3.10667922101,1.553339610505
2.608,2608.0,0.001,0.0375,,0.0,3.10567927481,1.552839637405
2.609,2609.0,0.001,0.0375,,0.0,3.10467025527,1.552335127635
2.61,2610.0,0.001,0.0375,,0.0,3.10365217936,1.55182608968
2.611,2611.0,0.001,0.0375000000001,,0.0,3.10262506411,1.551312532055
2.612,2612.0,0.001,0.0375,,0.0,3.10158892661,1.550794463305
2.613,2613.0,0.001,0.0375,,0.0,3.100543784,1.550271892
2.614,2614.0,0.001,0.0375,,0.0,3.09948965351,1.549744826755
2.615,2615.0,0.001,0.0375000000001,,0.0,3.0984265524,1.5492132762
2.616,2616.0,0.001,0.0375,,0.0,3.097354498,1.548677249
2.617,2617.0,0.001,0.0375,,0.0,3.09627350769,1.548136753845
2.618,2618.0,0.001,0.0375,,0.0,3.09518359893,1.547591799465
2.619,2619.0,0.001,0.0375000000001,,0.0,3.09408478922,1.54704239461
2.62,2620.0,0.001,0.0375,,0.0,3.09297709612,1.54648854806
2.621,2621.0,0.001,0.0375,,0.0,3.09186053725,1.545930268625
2.622,2622.0,0.001,0.0375,,0.0,3.09073513029,1.545367565145
2.623,2623.0,0.001,0.0375000000001,,0.0,3.08960089297,1.544800446485
2.624,2624.0,0.001,0.0375,,0.0,3.08845784308,1.54422892154
2.625,2625.0,0.001,0.0375,,0.0,3.08730599847,1.543652999235
2.626,2626.0,0.001,0.0375,,0.0,3.08614537705,1.543072688525
2.6270000000000002,2627.0,0.001,0.0375000000001,,0.0,3.08497599675,1.542487998375
2.628,2628.0,0.001,0.0375,,0.0,3.08379787561,1.541898937805
2.629,2629.0,0.001,0.0375,,0.0,3.08261103169,1.541305515845
2.63,2630.0,0.001,0.0375,,0.0,3.0814154831,1.54070774155
2.6310000000000002,2631.0,0.001,0.0375000000001,,0.0,3.08021124803,1.540105624015
2.632,2632.0,0.001,0.0375,,0.0,3.0789983447,1.53949917235
2.633,2633.0,0.001,0.0375,,0.0,3.07777679139,1.538888395695
2.634,2634.0,0.001,0.0375,,0.0,3.07654660645,1.538273303225
2.6350000000000002,2635.0,0.001,0.0375000000001,,0.0,3.07530780825,1.537653904125
2.636,2636.0,0.001,0.0375,,0.0,3.07406041524,1.53703020762
2.637,2637.0,0.001,0.0375,,0.0,3.07280444592,1.53640222296
2.638,2638.0,0.001,0.0375,,0.0,3.07153991881,1.535769959405
2.6390000000000002,2639.0,0.001,0.0375000000001,,0.0,3.07026685253,1.535133426265
2.64,2640.0,0.001,0.0375,,0.0,3.06898526571,1.534492632855
2.641,2641.0,0.001,0.0375,,0.0,3.06769517706,1.53384758853
2.642,2642.0,0.001,0.0375,,0.0,3.06639660531,1.533198302655
2.6430000000000002,2643.0,0.001,0.0375000000001,,0.0,3.06508956927,1.532544784635
2.644,2644.0,0.001,0.0375,,0.0,3.06377408778,1.53188704389
2.645,2645.0,0.001,0.0375,,0.0,3.06245017974,1.53122508987
2.646,2646.0,0.001,0.0375,,0.0,3.06111786409,1.530558932045
2.6470000000000002,2647.0,0.001,0.0375000000001,,0.0,3.05977715982,1.52988857991
2.648,2648.0,0.001,0.0375,,0.0,3.05842808598,1.52921404299
2.649,2649.0,0.001,0.0375,,0.0,3.05707066165,1.528535330825
2.65,2650.0,0.001,0.0375,,0.0,3.05570490597,1.527852452985
2.6510000000000002,2651.0,0.001,0.0375000000001,,0.0,3.05433083812,1.52716541906
2.652,2652.0,0.001,0.0375,,0.0,3.05294847734,1.52647423867
2.653,2653.0,0.001,0.0375,,0.0,3.0515578429,1.52577892145
2.654,2654.0,0.001,0.0375,,0.0,3.05015895412,1.52507947706
2.6550000000000002,2655.0,0.001,0.0375000000001,,0.0,3.04875183036,1.52437591518
2.656,2656.0,0.001,0.0375,,0.0,3.04733649106,1.52366824553
2.657,2657.0,0.001,0.0375,,0.0,3.04591295565,1.522956477825
2.658,2658.0,0.001,0.0375,,0.0,3.04448124366,1.52224062183
2.6590000000000003,2659.0,0.001,0.0375000000001,,0.0,3.04304137462,1.52152068731
2.66,2660.0,0.001,0.0375,,0.0,3.04159336812,1.52079668406
2.661,2661.0,0.001,0.0375,,0.0,3.04013724381,1.520068621905
2.662,2662.0,0.001,0.0375,,0.0,3.03867302136,1.51933651068
2.6630000000000003,2663.0,0.001,0.0375000000001,,0.0,3.03720072049,1.518600360245
2.664,2664.0,0.001,0.0375,,0.0,3.03572036097,1.517860180485
2.665,2665.0,0.001,0.0375,,0.0,3.03423196261,1.517115981305
2.666,2666.0,0.001,0.0375,,0.0,3.03273554525,1.516367772625
2.6670000000000003,2667.0,0.001,0.0375000000001,,0.0,3.03123112879,1.515615564395
2.668,2668.0,0.001,0.0375,,0.0,3.02971873315,1.514859366575
2.669,2669.0,0.001,0.0375,,0.0,3.02819837832,1.51409918916
2.67,2670.0,0.001,0.0375,,0.0,3.0266700843,1.51333504215
2.6710000000000003,2671.0,0.001,0.0375000000001,,0.0,3.02513387115,1.512566935575
2.672,2672.0,0.001,0.0375,,0.0,3.02358975896,1.51179487948
2.673,2673.0,0.001,0.0375,,0.0,3.02203776786,1.51101888393
2.674,2674.0,0.001,0.0375,,0.0,3.02047791804,1.51023895902
2.6750000000000003,2675.0,0.001,0.0375000000001,,0.0,3.0189102297,1.50945511485
2.676,2676.0,0.001,0.0375,,0.0,3.01733472308,1.50866736154
2.677,2677.0,0.001,0.0375,,0.0,3.01575141849,1.507875709245
2.678,2678.0,0.001,0.0375,,0.0,3.01416033624,1.50708016812
2.6790000000000003,2679.0,0.001,0.0375000000001,,0.0,3.0125614967,1.50628074835
2.68,2680.0,0.001,0.0375,,0.0,3.01095492027,1.505477460135
2.681,2681.0,0.001,0.0375,,0.0,3.00934062739,1.504670313695
2.682,2682.0,0.001,0.0375,,0.0,3.00771863854,1.50385931927
2.6830000000000003,2683.0,0.001,0.0375000000001,,0.0,3.00608897422,1.50304448711
2.684,2684.0,0.001,0.0375,,0.0,3.00445165498,1.50222582749
2.685,2685.0,0.001,0.0375,,0.0,3.00280670141,1.501403350705
2.686,2686.0,0.001,0.0375,,0.0,3.00115413412,1.50057706706
2.6870000000000003,2687.0,0.001,0.0375000000001,,0.0,2.99949397377,1.499746986885
2.688,2688.0,0.001,0.0375,,0.0,2.99782624103,1.498913120515
2.689,2689.0,0.001,0.0375,,0.0,2.99620815025,1.498104075125
2.69,2690.0,0.001,0.0375,,0.0,2.99579291894,1.49789645947
2.691,2691.0,0.001,0.0375,,0.0,2.99536887021,1.497684435105
2.692,2692.0,0.001,0.0375000000001,,0.0,2.99493601505,1.497468007525
2.693,2693.0,0.001,0.0375,,0.0,2.99449436453,1.497247182265
2.694,2694.0,0.001,0.0375,,0.0,2.99404392975,1.497021964875
2.695,2695.0,0.001,0.0375,,0.0,2.99358472191,1.496792360955
2.696,2696.0,0.001,0.0375000000001,,0.0,2.99311675226,1.49655837613
2.697,2697.0,0.001,0.0375,,0.0,2.99264003211,1.496320016055
2.698,2698.0,0.001,0.0375,,0.0,2.99215457284,1.49607728642
2.699,2699.0,0.001,0.0375,,0.0,2.99166038591,1.495830192955
2.7,2700.0,0.001,0.0375000000001,,0.0,2.99115748282,1.49557874141
2.701,2701.0,0.001,0.0375,,0.0,2.99064587515,1.495322937575
2.702,2702.0,0.001,0.0375,,0.0,2.99012557454,1.49506278727
2.703,2703.0,0.001,0.0375,,0.0,2.98959659269,1.494798296345
2.704,2704.0,0.001,0.0375000000001,,0.0,2.98905894137,1.494529470685
2.705,2705.0,0.001,0.0375,,0.0,2.98851263242,1.49425631621
2.706,2706.0,0.001,0.0375,,0.0,2.98795767771,1.493978838855
2.707,2707.0,0.001,0.0375,,0.0,2.98739408922,1.49369704461
2.708,2708.0,0.001,0.0375000000001,,0.0,2.98682187896,1.49341093948
2.709,2709.0,0.001,0.0375,,0.0,2.98624105901,1.493120529505
2.71,2710.0,0.001,0.0375,,0.0,2.98565164152,1.49282582076
2.711,2711.0,0.001,0.0375,,0.0,2.98505363868,1.49252681934
2.712,2712.0,0.001,0.0375000000001,,0.0,2.98444706278,1.49222353139
2.713,2713.0,0.001,0.0375,,0.0,2.98383192613,1.491915963065
2.714,2714.0,0.001,0.0375,,0.0,2.98320824112,1.49160412056
2.715,2715.0,0.001,0.0375,,0.0,2.98257602021,1.491288010105
2.716,2716.0,0.001,0.0375000000001,,0.0,2.98193527591,1.490967637955
2.717,2717.0,0.001,0.0375,,0.0,2.98128602078,1.49064301039
2.718,2718.0,0.001,0.0375,,0.0,2.98062826746,1.49031413373
2.719,2719.0,0.001,0.0375,,0.0,2.97996202863,1.489981014315
2.72,2720.0,0.001,0.0375000000001,,0.0,2.97928731705,1.489643658525
2.721,2721.0,0.001,0.0375,,0.0,2.97860414552,1.48930207276
2.722,2722.0,0.001,0.0375,,0.0,2.97791252692,1.48895626346
2.723,2723.0,0.001,0.0375,,0.0,2.97721247416,1.48860623708
2.724,2724.0,0.001,0.0375000000001,,0.0,2.97650400024,1.48825200012
2.725,2725.0,0.001,0.0375,,0.0,2.97578711819,1.487893559095
2.726,2726.0,0.001,0.0375,,0.0,2.97506184112,1.48753092056
2.727,2727.0,0.001,0.0375,,0.0,2.97432818218,1.48716409109
2.728,2728.0,0.001,0.0375000000001,,0.0,2.9735861546,1.4867930773
2.729,2729.0,0.001,0.0375,,0.0,2.97283577164,1.48641788582
2.73,2730.0,0.001,0.0375,,0.0,2.97207704663,1.486038523315
2.731,2731.0,0.001,0.0375,,0.0,2.97130999296,1.48565499648
2.732,2732.0,0.001,0.0375000000001,,0.0,2.97053462406,1.48526731203
2.733,2733.0,0.001,0.0375,,0.0,2.96975095345,1.484875476725
2.734,2734.0,0.001,0.0375,,0.0,2.96895899467,1.484479497335
2.735,2735.0,0.001,0.0375,,0.0,2.96815876132,1.48407938066
2.736,2736.0,0.001,0.0375000000001,,0.0,2.96735026708,1.48367513354
2.737,2737.0,0.001,0.0375,,0.0,2.96653352567,1.483266762835
2.738,2738.0,0.001,0.0375,,0.0,2.96570855085,1.482854275425
2.739,2739.0,0.001,0.0375,,0.0,2.96487535646,1.48243767823
2.74,2740.0,0.001,0.0375000000001,,0.0,2.96403395638,1.48201697819
2.741,2741.0,0.001,0.0375,,0.0,2.96318436454,1.48159218227
2.742,2742.0,0.001,0.0375,,0.0,2.96232659494,1.48116329747
2.743,2743.0,0.001,0.0375,,0.0,2.96146066161,1.480730330805
2.744,2744.0,0.001,0.0375000000001,,0.0,2.96058657865,1.480293289325
2.745,2745.0,0.001,0.0375,,0.0,2.95970436022,1.47985218011
2.746,2746.0,0.001,0.0375,,0.0,2.9588140205,1.47940701025
2.747,2747.0,0.001,0.0375,,0.0,2.95791557376,1.47895778688
2.748,2748.0,0.001,0.0375000000001,,0.0,2.9570090343,1.47850451715
2.749,2749.0,0.001,0.0375,,0.0,2.95609441648,1.47804720824
2.75,2750.0,0.001,0.0375,,0.0,2.9551717347,1.47758586735
2.751,2751.0,0.001,0.0375,,0.0,2.95424100343,1.477120501715
2.7520000000000002,2752.0,0.001,0.0375000000001,,0.0,2.95330223717,1.476651118585
2.753,2753.0,0.001,0.0375,,0.0,2.95235545049,1.476177725245
2.754,2754.0,0.001,0.0375,,0.0,2.95140065799,1.475700328995
2.755,2755.0,0.001,0.0375,,0.0,2.95043787434,1.47521893717
2.7560000000000002,2756.0,0.001,0.0375000000001,,0.0,2.94946711424,1.47473355712
2.757,2757.0,0.001,0.0375,,0.0,2.94848839246,1.47424419623
2.758,2758.0,0.001,0.0375,,0.0,2.94750172381,1.473750861905
2.759,2759.0,0.001,0.0375,,0.0,2.94650712315,1.473253561575
2.7600000000000002,2760.0,0.001,0.0375000000001,,0.0,2.94550460538,1.47275230269
2.761,2761.0,0.001,0.0375,,0.0,2.94449418545,1.472247092725
2.762,2762.0,0.001,0.0375,,0.0,2.94347587838,1.47173793919
2.763,2763.0,0.001,0.0375,,0.0,2.9424496992,1.4712248496
2.7640000000000002,2764.0,0.001,0.0375000000001,,0.0,2.94141566303,1.470707831515
2.765,2765.0,0.001,0.0375,,0.0,2.94037378501,1.470186892505
2.766,2766.0,0.001,0.0375,,0.0,2.93932408032,1.46966204016
2.767,2767.0,0.001,0.0375,,0.0,2.93826656421,1.469133282105
2.7680000000000002,2768.0,0.001,0.0375000000001,,0.0,2.93720125198,1.46860062599
2.769,2769.0,0.001,0.0375,,0.0,2.93612815893,1.468064079465
2.77,2770.0,0.001,0.0375,,0.0,2.93504730047,1.467523650235
2.771,2771.0,0.001,0.0375,,0.0,2.93395869201,1.466979346005
2.7720000000000002,2772.0,0.001,0.0375000000001,,0.0,2.93286234901,1.466431174505
2.773,2773.0,0.001,0.0375,,0.0,2.931758287,1.4658791435
2.774,2774.0,0.001,0.0375,,0.0,2.93064652154,1.46532326077
2.775,2775.0,0.001,0.0375,,0.0,2.92952706822,1.46476353411
2.7760000000000002,2776.0,0.001,0.0375000000001,,0.0,2.9283999427,1.46419997135
2.777,2777.0,0.001,0.0375,,0.0,2.92726516067,1.463632580335
2.778,2778.0,0.001,0.0375,,0.0,2.92612273786,1.46306136893
2.779,2779.0,0.001,0.0375,,0.0,2.92497269005,1.462486345025
2.7800000000000002,2780.0,0.001,0.0375000000001,,0.0,2.92381503307,1.461907516535
2.781,2781.0,0.001,0.0375,,0.0,2.92264978278,1.46132489139
2.782,2782.0,0.001,0.0375,,0.0,2.92147695509,1.460738477545
2.783,2783.0,0.001,0.0375,,0.0,2.92029656595,1.460148282975
2.7840000000000003,2784.0,0.001,0.0375000000001,,0.0,2.91910863135,1.459554315675
2.785,2785.0,0.001,0.0375,,0.0,2.91791316732,1.45895658366
2.786,2786.0,0.001,0.0375,,0.0,2.91671018995,1.458355094975
2.787,2787.0,0.001,0.0375,,0.0,2.91549971535,1.457749857675
2.7880000000000003,2788.0,0.001,0.0375000000001,,0.0,2.91428175967,1.457140879835
2.789,2789.0,0.001,0.0375,,0.0,2.91305633911,1.456528169555
2.79,2790.0,0.001,0.0375,,0.0,2.91182346992,1.45591173496
2.791,2791.0,0.001,0.0375,,0.0,2.91058316838,1.45529158419
2.7920000000000003,2792.0,0.001,0.0375000000001,,0.0,2.9093354508,1.4546677254
2.793,2793.0,0.001,0.0375,,0.0,2.90808033353,1.454040166765
2.794,2794.0,0.001,0.0375,,0.0,2.90681783299,1.453408916495
2.795,2795.0,0.001,0.0375,,0.0,2.9055479656,1.4527739828
2.7960000000000003,2796.0,0.001,0.0375000000001,,0.0,2.90427074785,1.452135373925
2.797,2797.0,0.001,0.0375,,0.0,2.90298619624,1.45149309812
2.798,2798.0,0.001,0.0375,,0.0,2.90169432733,1.450847163665
2.799,2799.0,0.001,0.0375,,0.0,2.90039515771,1.450197578855
2.8000000000000003,2800.0,0.001,0.0375000000001,,0.0,2.89908870401,1.449544352005
2.801,2801.0,0.001,0.0375,,0.0,2.8977749829,1.44888749145
2.802,2802.0,0.001,0.0375,,0.0,2.89645401107,1.448227005535
2.803,2803.0,0.001,0.0375,,0.0,2.89512580527,1.447562902635
2.8040000000000003,2804.0,0.001,0.0375000000001,,0.0,2.89379038227,1.446895191135
2.805,2805.0,0.001,0.0375,,0.0,2.89244775888,1.44622387944
2.806,2806.0,0.001,0.0375,,0.0,2.89109795196,1.44554897598
2.807,2807.0,0.001,0.0375,,0.0,2.88974097839,1.444870489195
2.8080000000000003,2808.0,0.001,0.0375000000001,,0.0,2.88837685508,1.44418842754
2.809,2809.0,0.001,0.0375,,0.0,2.88700559901,1.443502799505
2.81,2810.0,0.001,0.0375,,0.0,2.88562722714,1.44281361357
2.811,2811.0,0.001,0.0375,,0.0,2.88424175651,1.442120878255
2.8120000000000003,2812.0,0.001,0.0375000000001,,0.0,2.88284920419,1.441424602095
2.813,2813.0,0.001,0.0375,,0.0,2.88144958725,1.440724793625
2.814,2814.0,0.001,0.0375,,0.0,2.88004292283,1.440021461415
2.815,2815.0,0.001,0.0375,,0.0,2.87862922809,1.439314614045
2.816,2816.0,0.001,0.0375,,0.0,2.87720852023,1.438604260115
2.817,2817.0,0.001,0.0375000000001,,0.0,2.87613849815,1.438069249075
2.818,2818.0,0.001,0.0375,,0.0,2.87536557582,1.43768278791
2.819,2819.0,0.001,0.0375,,0.0,2.87458430258,1.43729215129
2.82,2820.0,0.001,0.0375,,0.0,2.87379469192,1.43689734596
2.821,2821.0,0.001,0.0375000000001,,0.0,2.87299675745,1.436498378725
2.822,2822.0,0.001,0.0375,,0.0,2.87219051278,1.43609525639
2.823,2823.0,0.001,0.0375,,0.0,2.87137597162,1.43568798581
2.824,2824.0,0.001,0.0375,,0.0,2.87055314772,1.43527657386
2.825,2825.0,0.001,0.0375000000001,,0.0,2.8697220549,1.43486102745
2.826,2826.0,0.001,0.0375,,0.0,2.86888270703,1.434441353515
2.827,2827.0,0.001,0.0375,,0.0,2.86803511802,1.43401755901
2.828,2828.0,0.001,0.0375,,0.0,2.86717930189,1.433589650945
2.829,2829.0,0.001,0.0375000000001,,0.0,2.86631527265,1.433157636325
2.83,2830.0,0.001,0.0375,,0.0,2.86544304443,1.432721522215
2.831,2831.0,0.001,0.0375,,0.0,2.86456263137,1.432281315685
2.832,2832.0,0.001,0.0375,,0.0,2.86394740376,1.43197370188
2.833,2833.0,0.001,0.0375000000001,,0.0,2.86378559641,1.431892798205
2.834,2834.0,0.001,0.0375,,0.0,2.86361500975,1.431807504875
2.835,2835.0,0.001,0.0375,,0.0,2.86343565195,1.431717825975
2.836,2836.0,0.001,0.0375,,0.0,2.86324753128,1.43162376564
2.837,2837.0,0.001,0.0375000000001,,0.0,2.86305065608,1.43152532804
2.838,2838.0,0.001,0.0375,,0.0,2.86284503474,1.43142251737
2.839,2839.0,0.001,0.0375,,0.0,2.86263067574,1.43131533787
2.84,2840.0,0.001,0.0375,,0.0,2.86240758765,1.431203793825
2.841,2841.0,0.001,0.0375000000001,,0.0,2.86217577907,1.431087889535
2.842,2842.0,0.001,0.0375,,0.0,2.8619352587,1.43096762935
2.843,2843.0,0.001,0.0375,,0.0,2.86168603532,1.43084301766
2.844,2844.0,0.001,0.0375,,0.0,2.86142811775,1.430714058875
2.845,2845.0,0.001,0.0375000000001,,0.0,2.86116151491,1.430580757455
2.846,2846.0,0.001,0.0375,,0.0,2.86088623578,1.43044311789
2.847,2847.0,0.001,0.0375,,0.0,2.86060228941,1.430301144705
2.848,2848.0,0.001,0.0375,,0.0,2.86030968492,1.43015484246
2.849,2849.0,0.001,0.0375000000001,,0.0,2.86000843151,1.430004215755
2.85,2850.0,0.001,0.0375,,0.0,2.85969853843,1.429849269215
2.851,2851.0,0.001,0.0375,,0.0,2.85938001503,1.429690007515
2.852,2852.0,0.001,0.0375,,0.0,2.85905287069,1.429526435345
2.853,2853.0,0.001,0.0375000000001,,0.0,2.8587171149,1.42935855745
2.854,2854.0,0.001,0.0375,,0.0,2.85837275719,1.429186378595
2.855,2855.0,0.001,0.0375,,0.0,2.85801980718,1.42900990359
2.856,2856.0,0.001,0.0375,,0.0,2.85765827455,1.428829137275
2.857,2857.0,0.001,0.0375000000001,,0.0,2.85728816903,1.428644084515
2.858,2858.0,0.001,0.0375,,0.0,2.85690950046,1.42845475023
2.859,2859.0,0.001,0.0375,,0.0,2.8565222787,1.42826113935
2.86,2860.0,0.001,0.0375,,0.0,2.85612651372,1.42806325686
2.861,2861.0,0.001,0.0375000000001,,0.0,2.85572221553,1.427861107765
2.862,2862.0,0.001,0.0375,,0.0,2.85530939423,1.427654697115
2.863,2863.0,0.001,0.0375,,0.0,2.85488805995,1.427444029975
2.864,2864.0,0.001,0.0375,,0.0,2.85445822294,1.42722911147
2.865,2865.0,0.001,0.0375000000001,,0.0,2.85401989346,1.42700994673
2.866,2866.0,0.001,0.0375,,0.0,2.85357308189,1.426786540945
2.867,2867.0,0.001,0.0375,,0.0,2.85311779863,1.426558899315
2.868,2868.0,0.001,0.0375,,0.0,2.85265405417,1.426327027085
2.869,2869.0,0.001,0.0375000000001,,0.0,2.85218185908,1.42609092954
2.87,2870.0,0.001,0.0375,,0.0,2.85170122395,1.425850611975
2.871,2871.0,0.001,0.0375,,0.0,2.85121215949,1.425606079745
2.872,2872.0,0.001,0.0375,,0.0,2.85071467643,1.425357338215
2.873,2873.0,0.001,0.0375000000001,,0.0,2.85020878558,1.42510439279
2.874,2874.0,0.001,0.0375,,0.0,2.84969449784,1.42484724892
2.875,2875.0,0.001,0.0375,,0.0,2.84917182413,1.424585912065
2.876,2876.0,0.001,0.0375,,0.0,2.84864077546,1.42432038773
2.8770000000000002,2877.0,0.001,0.0375000000001,,0.0,2.8481013629,1.42405068145
2.878,2878.0,0.001,0.0375,,0.0,2.84755359759,1.423776798795
2.879,2879.0,0.001,0.0375,,0.0,2.84699749071,1.423498745355
2.88,2880.0,0.001,0.0375,,0.0,2.84643305354,1.42321652677
2.8810000000000002,2881.0,0.001,0.0375000000001,,0.0,2.84586029739,1.422930148695
2.882,2882.0,0.001,0.0375,,0.0,2.84527923365,1.422639616825
2.883,2883.0,0.001,0.0375,,0.0,2.84468987376,1.42234493688
2.884,2884.0,0.001,0.0375,,0.0,2.84409222924,1.42204611462
2.8850000000000002,2885.0,0.001,0.0375000000001,,0.0,2.84348631164,1.42174315582
2.886,2886.0,0.001,0.0375,,0.0,2.84287213262,1.42143606631
2.887,2887.0,0.001,0.0375,,0.0,2.84224970386,1.42112485193
2.888,2888.0,0.001,0.0375,,0.0,2.84161903711,1.420809518555
2.8890000000000002,2889.0,0.001,0.0375000000001,,0.0,2.84098014419,1.420490072095
2.89,2890.0,0.001,0.0375,,0.0,2.84033303698,1.42016651849
2.891,2891.0,0.001,0.0375,,0.0,2.83967772742,1.41983886371
2.892,2892.0,0.001,0.0375,,0.0,2.83901422749,1.419507113745
2.8930000000000002,2893.0,0.001,0.0375000000001,,0.0,2.83834254927,1.419171274635
2.894,2894.0,0.001,0.0375,,0.0,2.83766270486,1.41883135243
2.895,2895.0,0.001,0.0375,,0.0,2.83697470643,1.418487353215
2.896,2896.0,0.001,0.0375,,0.0,2.83627856624,1.41813928312
2.8970000000000002,2897.0,0.001,0.0375000000001,,0.0,2.83557429656,1.41778714828
2.898,2898.0,0.001,0.0375,,0.0,2.83486190975,1.417430954875
2.899,2899.0,0.001,0.0375,,0.0,2.83414141822,1.41707070911
2.9,2900.0,0.001,0.0375,,0.0,2.83341283444,1.41670641722
2.9010000000000002,2901.0,0.001,0.0375000000001,,0.0,2.83267617094,1.41633808547
2.902,2902.0,0.001,0.0375,,0.0,2.83193144029,1.415965720145
2.903,2903.0,0.001,0.0375,,0.0,2.83117865514,1.41558932757
2.904,2904.0,0.001,0.0375,,0.0,2.83041782819,1.415208914095
2.9050000000000002,2905.0,0.001,0.0375000000001,,0.0,2.82964897219,1.414824486095
2.906,2906.0,0.001,0.0375,,0.0,2.82887209996,1.41443604998
2.907,2907.0,0.001,0.0375,,0.0,2.82808722436,1.41404361218
2.908,2908.0,0.001,0.0375,,0.0,2.82729435831,1.413647179155
2.9090000000000003,2909.0,0.001,0.0375000000001,,0.0,2.8264935148,1.4132467574
2.91,2910.0,0.001,0.0375,,0.0,2.82568470686,1.41284235343
2.911,2911.0,0.001,0.0375,,0.0,2.82486794758,1.41243397379
2.912,2912.0,0.001,0.0375,,0.0,2.8240432501,1.41202162505
2.9130000000000003,2913.0,0.001,0.0375000000001,,0.0,2.82321062763,1.411605313815
2.914,2914.0,0.001,0.0375,,0.0,2.82237009341,1.411185046705
2.915,2915.0,0.001,0.0375,,0.0,2.82152166077,1.410760830385
2.916,2916.0,0.001,0.0375,,0.0,2.82066534305,1.410332671525
2.9170000000000003,2917.0,0.001,0.0375000000001,,0.0,2.81980115368,1.40990057684
2.918,2918.0,0.001,0.0375,,0.0,2.81892910612,1.40946455306
2.919,2919.0,0.001,0.0375,,0.0,2.81804921391,1.409024606955
2.92,2920.0,0.001,0.0375,,0.0,2.8171614906,1.4085807453
2.9210000000000003,2921.0,0.001,0.0375000000001,,0.0,2.81626594984,1.40813297492
2.922,2922.0,0.001,0.0375,,0.0,2.8153626053,1.40768130265
2.923,2923.0,0.001,0.0375,,0.0,2.81445147072,1.40722573536
2.924,2924.0,0.001,0.0375,,0.0,2.81353255988,1.40676627994
2.9250000000000003,2925.0,0.001,0.0375000000001,,0.0,2.81260588661,1.406302943305
2.926,2926.0,0.001,0.0375,,0.0,2.81167146481,1.405835732405
2.927,2927.0,0.001,0.0375,,0.0,2.81072930841,1.405364654205
2.928,2928.0,0.001,0.0375,,0.0,2.8097794314,1.4048897157
2.9290000000000003,2929.0,0.001,0.0375000000001,,0.0,2.80882184782,1.40441092391
2.93,2930.0,0.001,0.0375,,0.0,2.80785657176,1.40392828588
2.931,2931.0,0.001,0.0375,,0.0,2.80688361736,1.40344180868
2.932,2932.0,0.001,0.0375,,0.0,2.80590299882,1.40295149941
2.9330000000000003,2933.0,0.001,0.0375000000001,,0.0,2.80491473037,1.402457365185
2.934,2934.0,0.001,0.0375,,0.0,2.80391882629,1.401959413145
2.935,2935.0,0.001,0.0375,,0.0,2.80291530093,1.401457650465
2.936,2936.0,0.001,0.0375,,0.0,2.80190416868,1.40095208434
2.9370000000000003,2937.0,0.001,0.0375000000001,,0.0,2.80088544396,1.40044272198
2.938,2938.0,0.001,0.0375,,0.0,2.79985914127,1.399929570635
2.939,2939.0,0.001,0.0375,,0.0,2.79882527512,1.39941263756
2.94,2940.0,0.001,0.0375,,0.0,2.79778386011,1.398891930055
2.9410000000000003,2941.0,0.001,0.0375000000001,,0.0,2.79673491085,1.398367455425
2.942,2942.0,0.001,0.0375,,0.0,2.79567844202,1.39783922101
2.943,2943.0,0.001,0.0375,,0.0,2.79461446833,1.397307234165
2.944,2944.0,0.001,0.0375,,0.0,2.79354300456,1.39677150228
2.945,2945.0,0.001,0.0375,,0.0,2.79246406552,1.39623203276
2.946,2946.0,0.001,0.0375000000001,,0.0,2.79137766606,1.39568883303
2.947,2947.0,0.001,0.0375,,0.0,2.79028382109,1.395141910545
2.948,2948.0,0.001,0.0375,,0.0,2.78965447685,1.394827238425
2.949,2949.0,0.001,0.0375,,0.0,2.78946413209,1.394732066045
2.95,2950.0,0.001,0.0375000000001,,0.0,2.78926561517,1.394632807585
2.951,2951.0,0.001,0.0375,,0.0,2.78905893376,1.39452946688
2.952,2952.0,0.001,0.0375,,0.0,2.78884409563,1.394422047815
2.953,2953.0,0.001,0.0375,,0.0,2.78862110859,1.394310554295
2.954,2954.0,0.001,0.0375000000001,,0.0,2.78838998051,1.394194990255
2.955,2955.0,0.001,0.0375,,0.0,2.78815071934,1.39407535967
2.956,2956.0,0.001,0.0375,,0.0,2.78790333309,1.393951666545
2.957,2957.0,0.001,0.0375,,0.0,2.78764782983,1.393823914915
2.958,2958.0,0.001,0.0375000000001,,0.0,2.78738421769,1.393692108845
2.959,2959.0,0.001,0.0375,,0.0,2.78711250488,1.39355625244
2.96,2960.0,0.001,0.0375,,0.0,2.78683269966,1.39341634983
2.961,2961.0,0.001,0.0375,,0.0,2.78654481036,1.39327240518
2.962,2962.0,0.001,0.0375000000001,,0.0,2.78624884536,1.39312442268
2.963,2963.0,0.001,0.0375,,0.0,2.78594481312,1.39297240656
2.964,2964.0,0.001,0.0375,,0.0,2.78563272216,1.39281636108
2.965,2965.0,0.001,0.0375,,0.0,2.78531258104,1.39265629052
2.966,2966.0,0.001,0.0375000000001,,0.0,2.78498439842,1.39249219921
2.967,2967.0,0.001,0.0375,,0.0,2.784648183,1.3923240915
2.968,2968.0,0.001,0.0375,,0.0,2.78430394353,1.392151971765
2.969,2969.0,0.001,0.0375,,0.0,2.78395168885,1.391975844425
2.97,2970.0,0.001,0.0375000000001,,0.0,2.78359142785,1.391795713925
2.971,2971.0,0.001,0.0375,,0.0,2.78322316946,1.39161158473
2.972,2972.0,0.001,0.0375,,0.0,2.78284692271,1.391423461355
2.973,2973.0,0.001,0.0375,,0.0,2.78246269666,1.39123134833
2.974,2974.0,0.001,0.0375000000001,,0.0,2.78207050044,1.39103525022
2.975,2975.0,0.001,0.0375,,0.0,2.78167034326,1.39083517163
2.976,2976.0,0.001,0.0375,,0.0,2.78126223435,1.390631117175
2.977,2977.0,0.001,0.0375,,0.0,2.78084618303,1.390423091515
2.978,2978.0,0.001,0.0375000000001,,0.0,2.78042219868,1.39021109934
2.979,2979.0,0.001,0.0375,,0.0,2.77999029072,1.38999514536
2.98,2980.0,0.001,0.0375,,0.0,2.77955046865,1.389775234325
2.981,2981.0,0.001,0.0375,,0.0,2.77910274202,1.38955137101
2.982,2982.0,0.001,0.0375000000001,,0.0,2.77864712044,1.38932356022
2.983,2983.0,0.001,0.0375,,0.0,2.77818361357,1.389091806785
2.984,2984.0,0.001,0.0375,,0.0,2.77771223115,1.388856115575
2.985,2985.0,0.001,0.0375,,0.0,2.77723298296,1.38861649148
2.986,2986.0,0.001,0.0375000000001,,0.0,2.77674587885,1.388372939425
2.987,2987.0,0.001,0.0375,,0.0,2.77625092871,1.388125464355
2.988,2988.0,0.001,0.0375,,0.0,2.7757481425,1.38787407125
2.989,2989.0,0.001,0.0375,,0.0,2.77523753025,1.387618765125
2.99,2990.0,0.001,0.0375000000001,,0.0,2.77471910203,1.387359551015
2.991,2991.0,0.001,0.0375,,0.0,2.77419286796,1.38709643398
2.992,2992.0,0.001,0.0375,,0.0,2.77365883825,1.386829419125
2.993,2993.0,0.001,0.0375,,0.0,2.77311702312,1.38655851156
2.994,2994.0,0.001,0.0375000000001,,0.0,2.77256743289,1.386283716445
2.995,2995.0,0.001,0.0375,,0.0,2.77201007792,1.38600503896
2.996,2996.0,0.001,0.0375,,0.0,2.77144496861,1.385722484305
2.997,2997.0,0.001,0.0375,,0.0,2.77087211545,1.385436057725
2.998,2998.0,0.001,0.0375000000001,,0.0,2.77029152894,1.38514576447
2.999,2999.0,0.001,0.0375,,0.0,2.76970321968,1.38485160984
3.0,3000.0,0.001,0.0375,,0.0,2.76910719831,1.384553599155
3.001,3001.0,0.001,0.0375,,0.0,2.7685034755,1.38425173775
3.0020000000000002,3002.0,0.001,0.0375000000001,,0.0,2.76789206202,1.38394603101
3.003,3003.0,0.001,0.0375,,0.0,2.76727296865,1.383636484325
3.004,3004.0,0.001,0.0375,,0.0,2.76664620627,1.383323103135
3.005,3005.0,0.001,0.0375,,0.0,2.76601178576,1.38300589288
3.0060000000000002,3006.0,0.001,0.0375000000001,,0.0,2.7653697181,1.38268485905
3.007,3007.0,0.001,0.0375,,0.0,2.76472001431,1.382360007155
3.008,3008.0,0.001,0.0375,,0.0,2.76406268545,1.382031342725
3.009,3009.0,0.001,0.0375,,0.0,2.76339774265,1.381698871325
3.0100000000000002,3010.0,0.001,0.0375000000001,,0.0,2.76272519709,1.381362598545
3.011,3011.0,0.001,0.0375,,0.0,2.76204505999,1.381022529995
3.012,3012.0,0.001,0.0375,,0.0,2.76135734263,1.380678671315
3.013,3013.0,0.001,0.0375,,0.0,2.76066205636,1.38033102818
3.0140000000000002,3014.0,0.001,0.0375000000001,,0.0,2.75995921255,1.379979606275
3.015,3015.0,0.001,0.0375,,0.0,2.75924882265,1.379624411325
3.016,3016.0,0.001,0.0375,,0.0,2.75853089814,1.37926544907
3.017,3017.0,0.001,0.0375,,0.0,2.75780545057,1.378902725285
3.0180000000000002,3018.0,0.001,0.0375000000001,,0.0,2.75707249153,1.378536245765
3.019,3019.0,0.001,0.0375,,0.0,2.75633203266,1.37816601633
3.02,3020.0,0.001,0.0375,,0.0,2.75558408566,1.37779204283
3.021,3021.0,0.001,0.0375,,0.0,2.75482866227,1.377414331135
3.0220000000000002,3022.0,0.001,0.0375000000001,,0.0,2.75406577429,1.377032887145
3.023,3023.0,0.001,0.0375,,0.0,2.75329543356,1.37664771678
3.024,3024.0,0.001,0.0375,,0.0,2.75251765199,1.376258825995
3.025,3025.0,0.001,0.0375,,0.0,2.7517324415,1.37586622075
3.0260000000000002,3026.0,0.001,0.0375000000001,,0.0,2.75093981411,1.375469907055
3.027,3027.0,0.001,0.0375,,0.0,2.75013978185,1.375069890925
3.028,3028.0,0.001,0.0375,,0.0,2.74933235681,1.374666178405
3.029,3029.0,0.001,0.0375,,0.0,2.74851755114,1.37425877557
3.0300000000000002,3030.0,0.001,0.0375000000001,,0.0,2.74769537703,1.373847688515
3.031,3031.0,0.001,0.0375,,0.0,2.74686584671,1.373432923355
3.032,3032.0,0.001,0.0375,,0.0,2.74602897248,1.37301448624
3.033,3033.0,0.001,0.0375,,0.0,2.74518476666,1.37259238333
3.0340000000000003,3034.0,0.001,0.0375000000001,,0.0,2.74433324164,1.37216662082
3.035,3035.0,0.001,0.0375,,0.0,2.74347440985,1.371737204925
3.036,3036.0,0.001,0.0375,,0.0,2.74260828376,1.37130414188
3.037,3037.0,0.001,0.0375,,0.0,2.7417348759,1.37086743795
3.0380000000000003,3038.0,0.001,0.0375000000001,,0.0,2.74085419884,1.37042709942
3.039,3039.0,0.001,0.0375,,0.0,2.73996626519,1.369983132595
3.04,3040.0,0.001,0.0375,,0.0,2.73907108762,1.36953554381
3.041,3041.0,0.001,0.0375,,0.0,2.73816867884,1.36908433942
3.0420000000000003,3042.0,0.001,0.0375000000001,,0.0,2.7372590516,1.3686295258
3.043,3043.0,0.001,0.0375,,0.0,2.7363422187,1.36817110935
3.044,3044.0,0.001,0.0375,,0.0,2.73541819299,1.367709096495
3.045,3045.0,0.001,0.0375,,0.0,2.73448698735,1.367243493675
3.0460000000000003,3046.0,0.001,0.0375000000001,,0.0,2.73354861473,1.366774307365
3.047,3047.0,0.001,0.0375,,0.0,2.73260308811,1.366301544055
3.048,3048.0,0.001,0.0375,,0.0,2.7316504205,1.36582521025
3.049,3049.0,0.001,0.0375,,0.0,2.73069062498,1.36534531249
3.0500000000000003,3050.0,0.001,0.0375000000001,,0.0,2.72972371466,1.36486185733
3.051,3051.0,0.001,0.0375,,0.0,2.7287497027,1.36437485135
3.052,3052.0,0.001,0.0375,,0.0,2.72776860229,1.363884301145
3.053,3053.0,0.001,0.0375,,0.0,2.72678042669,1.363390213345
3.0540000000000003,3054.0,0.001,0.0375000000001,,0.0,2.72578518917,1.362892594585
3.055,3055.0,0.001,0.0375,,0.0,2.72478290307,1.362391451535
3.056,3056.0,0.001,0.0375,,0.0,2.72377358175,1.361886790875
3.057,3057.0,0.001,0.0375,,0.0,2.72275723864,1.36137861932
3.0580000000000003,3058.0,0.001,0.0375000000001,,0.0,2.72173388718,1.36086694359
3.059,3059.0,0.001,0.0375,,0.0,2.72070354088,1.36035177044
3.06,3060.0,0.001,0.0375,,0.0,2.71966621328,1.35983310664
3.061,3061.0,0.001,0.0375,,0.0,2.71862191795,1.359310958975
3.0620000000000003,3062.0,0.001,0.0375000000001,,0.0,2.71757066852,1.35878533426
3.063,3063.0,0.001,0.0375,,0.0,2.71651247865,1.358256239325
3.064,3064.0,0.001,0.0375,,0.0,2.71544736205,1.357723681025
3.065,3065.0,0.001,0.0375,,0.0,2.71437533246,1.35718766623
3.0660000000000003,3066.0,0.001,0.0375000000001,,0.0,2.71329640366,1.35664820183
3.067,3067.0,0.001,0.0375,,0.0,2.71221058948,1.35610529474
3.068,3068.0,0.001,0.0375,,0.0,2.71111790378,1.35555895189
3.069,3069.0,0.001,0.0375,,0.0,2.71001836046,1.35500918023
3.0700000000000003,3070.0,0.001,0.0375000000001,,0.0,2.70891197348,1.35445598674
3.071,3071.0,0.001,0.0375,,0.0,2.70779875681,1.353899378405
3.072,3072.0,0.001,0.0375,,0.0,2.70667872447,1.353339362235
3.073,3073.0,0.001,0.0375,,0.0,2.70555189053,1.352775945265
3.074,3074.0,0.001,0.0375,,0.0,2.70441826907,1.352209134535
3.075,3075.0,0.001,0.0375000000001,,0.0,2.70327787424,1.35163893712
3.076,3076.0,0.001,0.0375,,0.0,2.70213072021,1.351065360105
3.077,3077.0,0.001,0.0375,,0.0,2.7009768212,1.3504884106
3.078,3078.0,0.001,0.0375,,0.0,2.69981619144,1.34990809572
3.079,3079.0,0.001,0.0375000000001,,0.0,2.69864884523,1.349324422615
3.08,3080.0,0.001,0.0375,,0.0,2.69747479689,1.348737398445
3.081,3081.0,0.001,0.0375,,0.0,2.69629406078,1.34814703039
3.082,3082.0,0.001,0.0375,,0.0,2.6951066513,1.34755332565
3.083,3083.0,0.001,0.0375000000001,,0.0,2.69391258287,1.346956291435
3.084,3084.0,0.001,0.0375,,0.0,2.69271186997,1.346355934985
3.085,3085.0,0.001,0.0375,,0.0,2.69150452711,1.345752263555
3.086,3086.0,0.001,0.0375,,0.0,2.69029056881,1.345145284405
3.087,3087.0,0.001,0.0375000000001,,0.0,2.68907000967,1.344535004835
3.088,3088.0,0.001,0.0375,,0.0,2.68784286428,1.34392143214
3.089,3089.0,0.001,0.0375,,0.0,2.68660914729,1.343304573645
3.09,3090.0,0.001,0.0375,,0.0,2.68536887339,1.342684436695
3.091,3091.0,0.001,0.0375000000001,,0.0,2.68412205729,1.342061028645
3.092,3092.0,0.001,0.0375,,0.0,2.68286871372,1.34143435686
3.093,3093.0,0.001,0.0375,,0.0,2.68160885749,1.340804428745
3.094,3094.0,0.001,0.0375,,0.0,2.6803425034,1.3401712517
3.095,3095.0,0.001,0.0375000000001,,0.0,2.6790696663,1.33953483315
3.096,3096.0,0.001,0.0375,,0.0,2.67779036108,1.33889518054
3.097,3097.0,0.001,0.0375,,0.0,2.67650460265,1.338252301325
3.098,3098.0,0.001,0.0375,,0.0,2.67521240595,1.337606202975
3.099,3099.0,0.001,0.0375000000001,,0.0,2.67391378598,1.33695689299
3.1,3100.0,0.001,0.0375,,0.0,2.67260875774,1.33630437887
3.101,3101.0,0.001,0.0375,,0.0,2.67129733627,1.335648668135
3.102,3102.0,0.001,0.0375,,0.0,2.66997953667,1.334989768335
3.103,3103.0,0.001,0.0375000000001,,0.0,2.66865537402,1.33432768701
3.104,3104.0,0.001,0.0375,,0.0,2.66732486348,1.33366243174
3.105,3105.0,0.001,0.0375,,0.0,2.66598802021,1.332994010105
3.106,3106.0,0.001,0.0375,,0.0,2.66464485941,1.332322429705
3.107,3107.0,0.001,0.0375000000001,,0.0,2.66329539632,1.33164769816
3.108,3108.0,0.001,0.0375,,0.0,2.66193964621,1.330969823105
3.109,3109.0,0.001,0.0375,,0.0,2.66057762435,1.330288812175
3.11,3110.0,0.001,0.0375,,0.0,2.65920934608,1.32960467304
3.111,3111.0,0.001,0.0375000000001,,0.0,2.65783482676,1.32891741338
3.112,3112.0,0.001,0.0375,,0.0,2.65645408175,1.328227040875
3.113,3113.0,0.001,0.0375,,0.0,2.65546063965,1.327730319825
3.114,3114.0,0.001,0.0375,,0.0,2.65493062017,1.327465310085
3.115,3115.0,0.001,0.0375000000001,,0.0,2.65439356816,1.32719678408
3.116,3116.0,0.001,0.0375,,0.0,2.653849493,1.3269247465
3.117,3117.0,0.001,0.0375,,0.0,2.65329840408,1.32664920204
3.118,3118.0,0.001,0.0375,,0.0,2.65274031087,1.326370155435
3.119,3119.0,0.001,0.0375000000001,,0.0,2.65217522287,1.326087611435
3.12,3120.0,0.001,0.0375,,0.0,2.65160314962,1.32580157481
3.121,3121.0,0.001,0.0375,,0.0,2.65102410072,1.32551205036
3.122,3122.0,0.001,0.0375,,0.0,2.65043808583,1.325219042915
3.123,3123.0,0.001,0.0375000000001,,0.0,2.64984511462,1.32492255731
3.124,3124.0,0.001,0.0375,,0.0,2.64924519683,1.324622598415
3.125,3125.0,0.001,0.0375,,0.0,2.64863834226,1.32431917113
3.126,3126.0,0.001,0.0375,,0.0,2.64802456073,1.324012280365
3.1270000000000002,3127.0,0.001,0.0375000000001,,0.0,2.64740386211,1.323701931055
3.128,3128.0,0.001,0.0375,,0.0,2.64677625632,1.32338812816
3.129,3129.0,0.001,0.0375,,0.0,2.64614175333,1.323070876665
3.13,3130.0,0.001,0.0375,,0.0,2.64550036316,1.32275018158
3.1310000000000002,3131.0,0.001,0.0375000000001,,0.0,2.64485209586,1.32242604793
3.132,3132.0,0.001,0.0375,,0.0,2.64419696153,1.322098480765
3.133,3133.0,0.001,0.0375,,0.0,2.64353497033,1.321767485165
3.134,3134.0,0.001,0.0375,,0.0,2.64286613243,1.321433066215
3.1350000000000002,3135.0,0.001,0.0375000000001,,0.0,2.64219045808,1.32109522904
3.136,3136.0,0.001,0.0375,,0.0,2.64150795755,1.320753978775
3.137,3137.0,0.001,0.0375,,0.0,2.64081864118,1.32040932059
3.138,3138.0,0.001,0.0375,,0.0,2.64012251932,1.32006125966
3.1390000000000002,3139.0,0.001,0.0375000000001,,0.0,2.6394196024,1.3197098012
3.14,3140.0,0.001,0.0375,,0.0,2.63870990086,1.31935495043
3.141,3141.0,0.001,0.0375,,0.0,2.6379934252,1.3189967126
3.142,3142.0,0.001,0.0375,,0.0,2.63727018597,1.318635092985
3.1430000000000002,3143.0,0.001,0.0375000000001,,0.0,2.63654019375,1.318270096875
3.144,3144.0,0.001,0.0375,,0.0,2.63580345916,1.31790172958
3.145,3145.0,0.001,0.0375,,0.0,2.63505999288,1.31752999644
3.146,3146.0,0.001,0.0375,,0.0,2.63430980562,1.31715490281
3.1470000000000002,3147.0,0.001,0.0375000000001,,0.0,2.63355290812,1.31677645406
3.148,3148.0,0.001,0.0375,,0.0,2.63278931119,1.316394655595
3.149,3149.0,0.001,0.0375,,0.0,2.63201902567,1.316009512835
3.15,3150.0,0.001,0.0375,,0.0,2.63124206243,1.315621031215
3.1510000000000002,3151.0,0.001,0.0375000000001,,0.0,2.6304584324,1.3152292162
3.152,3152.0,0.001,0.0375,,0.0,2.62966814652,1.31483407326
3.153,3153.0,0.001,0.0375,,0.0,2.62887121582,1.31443560791
3.154,3154.0,0.001,0.0375,,0.0,2.62806765133,1.314033825665
3.1550000000000002,3155.0,0.001,0.0375000000001,,0.0,2.62725746413,1.313628732065
3.156,3156.0,0.001,0.0375,,0.0,2.62644066536,1.31322033268
3.157,3157.0,0.001,0.0375,,0.0,2.62561726616,1.31280863308
3.158,3158.0,0.001,0.0375,,0.0,2.62478727776,1.31239363888
3.1590000000000003,3159.0,0.001,0.0375000000001,,0.0,2.62395071139,1.311975355695
3.16,3160.0,0.001,0.0375,,0.0,2.62310757834,1.31155378917
3.161,3161.0,0.001,0.0375,,0.0,2.62225788992,1.31112894496
3.162,3162.0,0.001,0.0375,,0.0,2.62140165751,1.310700828755
3.1630000000000003,3163.0,0.001,0.0375000000001,,0.0,2.62053889251,1.310269446255
3.164,3164.0,0.001,0.0375,,0.0,2.61966960635,1.309834803175
3.165,3165.0,0.001,0.0375,,0.0,2.61879381051,1.309396905255
3.166,3166.0,0.001,0.0375,,0.0,2.61791151652,1.30895575826
3.1670000000000003,3167.0,0.001,0.0375000000001,,0.0,2.61702273592,1.30851136796
3.168,3168.0,0.001,0.0375,,0.0,2.61612748032,1.30806374016
3.169,3169.0,0.001,0.0375,,0.0,2.61522576134,1.30761288067
3.17,3170.0,0.001,0.0375,,0.0,2.61431759065,1.307158795325
3.1710000000000003,3171.0,0.001,0.0375000000001,,0.0,2.61340297997,1.306701489985
3.172,3172.0,0.001,0.0375,,0.0,2.61248194103,1.306240970515
3.173,3173.0,0.001,0.0375,,0.0,2.61155448561,1.305777242805
3.174,3174.0,0.001,0.0375,,0.0,2.61062062554,1.30531031277
3.1750000000000003,3175.0,0.001,0.0375000000001,,0.0,2.60968037267,1.304840186335
3.176,3176.0,0.001,0.0375,,0.0,2.60873373889,1.304366869445
3.177,3177.0,0.001,0.0375,,0.0,2.60778073613,1.303890368065
3.178,3178.0,0.001,0.0375,,0.0,2.60682137635,1.303410688175
3.1790000000000003,3179.0,0.001,0.0375000000001,,0.0,2.60585567156,1.30292783578
3.18,3180.0,0.001,0.0375,,0.0,2.60488363378,1.30244181689
3.181,3181.0,0.001,0.0375,,0.0,2.60390527509,1.301952637545
3.182,3182.0,0.001,0.0375,,0.0,2.6029206076,1.3014603038
3.1830000000000003,3183.0,0.001,0.0375000000001,,0.0,2.60192964344,1.30096482172
3.184,3184.0,0.001,0.0375,,0.0,2.6009323948,1.3004661974
3.185,3185.0,0.001,0.0375,,0.0,2.59992887388,1.29996443694
3.186,3186.0,0.001,0.0375,,0.0,2.59891909294,1.29945954647
3.1870000000000003,3187.0,0.001,0.0375000000001,,0.0,2.59790306424,1.29895153212
3.188,3188.0,0.001,0.0375,,0.0,2.5976281744,1.2988140872
3.189,3189.0,0.001,0.0375,,0.0,2.59742241836,1.29871120918
3.19,3190.0,0.001,0.0375,,0.0,2.59720979646,1.29860489823
3.1910000000000003,3191.0,0.001,0.0375000000001,,0.0,2.59699031509,1.298495157545
3.192,3192.0,0.001,0.0375,,0.0,2.59676398072,1.29838199036
3.193,3193.0,0.001,0.0375,,0.0,2.59653079985,1.298265399925
3.194,3194.0,0.001,0.0375,,0.0,2.59629077904,1.29814538952
3.1950000000000003,3195.0,0.001,0.0375000000001,,0.0,2.59604392489,1.298021962445
3.196,3196.0,0.001,0.0375,,0.0,2.59579024406,1.29789512203
3.197,3197.0,0.001,0.0375,,0.0,2.59552974324,1.29776487162
3.198,3198.0,0.001,0.0375,,0.0,2.59526242919,1.297631214595
3.1990000000000003,3199.0,0.001,0.0375000000001,,0.0,2.5949883087,1.29749415435
3.2,3200.0,0.001,0.0375,,0.0,2.59470738862,1.29735369431
3.201,3201.0,0.001,0.0375,,0.0,2.59441967584,1.29720983792
3.202,3202.0,0.001,0.0375,,0.0,2.59412517731,1.297062588655
3.203,3203.0,0.001,0.0375,,0.0,2.59382390001,1.296911950005
3.204,3204.0,0.001,0.0375000000001,,0.0,2.59351585098,1.29675792549
3.205,3205.0,0.001,0.0375,,0.0,2.5932010373,1.29660051865
3.206,3206.0,0.001,0.0375,,0.0,2.5928794661,1.29643973305
3.207,3207.0,0.001,0.0375,,0.0,2.59255114457,1.296275572285
3.208,3208.0,0.001,0.0375000000001,,0.0,2.59221607992,1.29610803996
3.209,3209.0,0.001,0.0375,,0.0,2.59187427942,1.29593713971
3.21,3210.0,0.001,0.0375,,0.0,2.59152575041,1.295762875205
3.211,3211.0,0.001,0.0375,,0.0,2.59117050023,1.295585250115
3.212,3212.0,0.001,0.0375000000001,,0.0,2.5908085363,1.29540426815
3.213,3213.0,0.001,0.0375,,0.0,2.59043986608,1.29521993304
3.214,3214.0,0.001,0.0375,,0.0,2.59006449707,1.295032248535
3.215,3215.0,0.001,0.0375,,0.0,2.58968243682,1.29484121841
3.216,3216.0,0.001,0.0375000000001,,0.0,2.58929369292,1.29464684646
3.217,3217.0,0.001,0.0375,,0.0,2.58889827301,1.294449136505
3.218,3218.0,0.001,0.0375,,0.0,2.58849618478,1.29424809239
3.219,3219.0,0.001,0.0375,,0.0,2.58808743596,1.29404371798
3.22,3220.0,0.001,0.0375000000001,,0.0,2.58767203432,1.29383601716
3.221,3221.0,0.001,0.0375,,0.0,2.58724998769,1.293624993845
3.222,3222.0,0.001,0.0375,,0.0,2.58682130392,1.29341065196
3.223,3223.0,0.001,0.0375,,0.0,2.58638599093,1.293192995465
3.224,3224.0,0.001,0.0375000000001,,0.0,2.58594405667,1.292972028335
3.225,3225.0,0.001,0.0375,,0.0,2.58549550915,1.292747754575
3.226,3226.0,0.001,0.0375,,0.0,2.5850403564,1.2925201782
3.227,3227.0,0.001,0.0375,,0.0,2.5845786065,1.29228930325
3.228,3228.0,0.001,0.0375000000001,,0.0,2.5841102676,1.2920551338
3.229,3229.0,0.001,0.0375,,0.0,2.58363534786,1.29181767393
3.23,3230.0,0.001,0.0375,,0.0,2.58315385551,1.291576927755
3.231,3231.0,0.001,0.0375,,0.0,2.58266579879,1.291332899395
3.232,3232.0,0.001,0.0375000000001,,0.0,2.58217118603,1.291085593015
3.233,3233.0,0.001,0.0375,,0.0,2.58167002555,1.290835012775
3.234,3234.0,0.001,0.0375,,0.0,2.58116232576,1.29058116288
3.235,3235.0,0.001,0.0375,,0.0,2.58064809509,1.290324047545
3.236,3236.0,0.001,0.0375000000001,,0.0,2.58012734201,1.290063671005
3.237,3237.0,0.001,0.0375,,0.0,2.57960007504,1.28980003752
3.238,3238.0,0.001,0.0375,,0.0,2.57906630274,1.28953315137
3.239,3239.0,0.001,0.0375,,0.0,2.57852603372,1.28926301686
3.24,3240.0,0.001,0.0375000000001,,0.0,2.5779792766,1.2889896383
3.241,3241.0,0.001,0.0375,,0.0,2.5774260401,1.28871302005
3.242,3242.0,0.001,0.0375,,0.0,2.57686633292,1.28843316646
3.243,3243.0,0.001,0.0375,,0.0,2.57630016384,1.28815008192
3.244,3244.0,0.001,0.0375000000001,,0.0,2.57572754167,1.287863770835
3.245,3245.0,0.001,0.0375,,0.0,2.57514847526,1.28757423763
3.246,3246.0,0.001,0.0375,,0.0,2.5745629735,1.28728148675
3.247,3247.0,0.001,0.0375,,0.0,2.57397104533,1.286985522665
3.248,3248.0,0.001,0.0375000000001,,0.0,2.57337269972,1.28668634986
3.249,3249.0,0.001,0.0375,,0.0,2.57276794569,1.286383972845
3.25,3250.0,0.001,0.0375,,0.0,2.57215679228,1.28607839614
3.251,3251.0,0.001,0.0375,,0.0,2.5715392486,1.2857696243
3.2520000000000002,3252.0,0.001,0.0375000000001,,0.0,2.57091532378,1.28545766189
3.253,3253.0,0.001,0.0375,,0.0,2.570285027,1.2851425135
3.254,3254.0,0.001,0.0375,,0.0,2.56964836746,1.28482418373
3.255,3255.0,0.001,0.0375,,0.0,2.56900535443,1.284502677215
3.2560000000000002,3256.0,0.001,0.0375000000001,,0.0,2.5683559972,1.2841779986
3.257,3257.0,0.001,0.0375,,0.0,2.56770030509,1.283850152545
3.258,3258.0,0.001,0.0375,,0.0,2.56703828749,1.283519143745
3.259,3259.0,0.001,0.0375,,0.0,2.5663699538,1.2831849769
3.2600000000000002,3260.0,0.001,0.0375000000001,,0.0,2.56569531348,1.28284765674
3.261,3261.0,0.001,0.0375,,0.0,2.565014376,1.282507188
3.262,3262.0,0.001,0.0375,,0.0,2.5643271509,1.28216357545
3.263,3263.0,0.001,0.0375,,0.0,2.56363364774,1.28181682387
3.2640000000000002,3264.0,0.001,0.0375000000001,,0.0,2.56293387612,1.28146693806
3.265,3265.0,0.001,0.0375,,0.0,2.56222784569,1.281113922845
3.266,3266.0,0.001,0.0375,,0.0,2.56151556611,1.280757783055
3.267,3267.0,0.001,0.0375,,0.0,2.56079704712,1.28039852356
3.2680000000000002,3268.0,0.001,0.0375000000001,,0.0,2.56007229846,1.28003614923
3.269,3269.0,0.001,0.0375,,0.0,2.55934132992,1.27967066496
3.27,3270.0,0.001,0.0375,,0.0,2.55860415134,1.27930207567
3.271,3271.0,0.001,0.0375,,0.0,2.55786077256,1.27893038628
3.2720000000000002,3272.0,0.001,0.0375000000001,,0.0,2.5571112035,1.27855560175
3.273,3273.0,0.001,0.0375,,0.0,2.5563554541,1.27817772705
3.274,3274.0,0.001,0.0375,,0.0,2.55559353432,1.27779676716
3.275,3275.0,0.001,0.0375,,0.0,2.55482545418,1.27741272709
3.2760000000000002,3276.0,0.001,0.0375000000001,,0.0,2.55405122373,1.277025611865
3.277,3277.0,0.001,0.0375,,0.0,2.55327085305,1.276635426525
3.278,3278.0,0.001,0.0375,,0.0,2.55248435225,1.276242176125
3.279,3279.0,0.001,0.0375,,0.0,2.55169173149,1.275845865745
3.2800000000000002,3280.0,0.001,0.0375000000001,,0.0,2.55089300096,1.27544650048
3.281,3281.0,0.001,0.0375,,0.0,2.55008817088,1.27504408544
3.282,3282.0,0.001,0.0375,,0.0,2.54927725151,1.274638625755
3.283,3283.0,0.001,0.0375,,0.0,2.54846025316,1.27423012658
3.2840000000000003,3284.0,0.001,0.0375000000001,,0.0,2.54763718614,1.27381859307
3.285,3285.0,0.001,0.0375,,0.0,2.54680806082,1.27340403041
3.286,3286.0,0.001,0.0375,,0.0,2.5459728876,1.2729864438
3.287,3287.0,0.001,0.0375,,0.0,2.54513167691,1.272565838455
3.2880000000000003,3288.0,0.001,0.0375000000001,,0.0,2.54428443922,1.27214221961
3.289,3289.0,0.001,0.0375,,0.0,2.54343118503,1.271715592515
3.29,3290.0,0.001,0.0375,,0.0,2.54257192487,1.271285962435
3.291,3291.0,0.001,0.0375,,0.0,2.54170666932,1.27085333466
3.2920000000000003,3292.0,0.001,0.0375000000001,,0.0,2.54083542896,1.27041771448
3.293,3293.0,0.001,0.0375,,0.0,2.53995821444,1.26997910722
3.294,3294.0,0.001,0.0375,,0.0,2.53907503642,1.26953751821
3.295,3295.0,0.001,0.0375,,0.0,2.53818590561,1.269092952805
3.2960000000000003,3296.0,0.001,0.0375000000001,,0.0,2.53729083274,1.26864541637
3.297,3297.0,0.001,0.0375,,0.0,2.53638982857,1.268194914285
3.298,3298.0,0.001,0.0375,,0.0,2.53548290389,1.267741451945
3.299,3299.0,0.001,0.0375,,0.0,2.53457006956,1.26728503478
3.3000000000000003,3300.0,0.001,0.0375000000001,,0.0,2.53365133641,1.266825668205
3.301,3301.0,0.001,0.0375,,0.0,2.53272671535,1.266363357675
3.302,3302.0,0.001,0.0375,,0.0,2.5317962173,1.26589810865
3.303,3303.0,0.001,0.0375,,0.0,2.53085985323,1.265429926615
3.3040000000000003,3304.0,0.001,0.0375000000001,,0.0,2.52991763411,1.264958817055
3.305,3305.0,0.001,0.0375,,0.0,2.52896957098,1.26448478549
3.306,3306.0,0.001,0.0375,,0.0,2.52801567487,1.264007837435
3.307,3307.0,0.001,0.0375,,0.0,2.52705595688,1.26352797844
3.3080000000000003,3308.0,0.001,0.0375000000001,,0.0,2.52609042811,1.263045214055
3.309,3309.0,0.001,0.0375,,0.0,2.52511909971,1.262559549855
3.31,3310.0,0.001,0.0375,,0.0,2.52414198285,1.262070991425
3.311,3311.0,0.001,0.0375,,0.0,2.52315908874,1.26157954437
3.3120000000000003,3312.0,0.001,0.0375000000001,,0.0,2.52217042861,1.261085214305
3.313,3313.0,0.001,0.0375,,0.0,2.52117601371,1.260588006855
3.314,3314.0,0.001,0.0375,,0.0,2.52017585535,1.260087927675
3.315,3315.0,0.001,0.0375,,0.0,2.51916996485,1.259584982425
3.3160000000000003,3316.0,0.001,0.0375000000001,,0.0,2.51815835356,1.25907917678
3.317,3317.0,0.001,0.0375,,0.0,2.51714103286,1.25857051643
3.318,3318.0,0.001,0.0375,,0.0,2.51611801416,1.25805900708
3.319,3319.0,0.001,0.0375,,0.0,2.5150893089,1.25754465445
3.3200000000000003,3320.0,0.001,0.0375000000001,,0.0,2.51405492854,1.25702746427
3.321,3321.0,0.001,0.0375,,0.0,2.51301488459,1.256507442295
3.322,3322.0,0.001,0.0375,,0.0,2.51196918857,1.255984594285
3.323,3323.0,0.001,0.0375,,0.0,2.51091785202,1.25545892601
3.3240000000000003,3324.0,0.001,0.0375000000001,,0.0,2.50986088654,1.25493044327
3.325,3325.0,0.001,0.0375,,0.0,2.50879830372,1.25439915186
3.326,3326.0,0.001,0.0375,,0.0,2.5077301152,1.2538650576
3.327,3327.0,0.001,0.0375,,0.0,2.50665633265,1.253328166325
3.3280000000000003,3328.0,0.001,0.0375000000001,,0.0,2.50611840203,1.253059201015
3.329,3329.0,0.001,0.0375,,0.0,2.50574672634,1.25287336317
3.33,3330.0,0.001,0.0375,,0.0,2.50536867891,1.252684339455
3.331,3331.0,0.001,0.0375,,0.0,2.50498426684,1.25249213342
3.332,3332.0,0.001,0.0375,,0.0,2.50459349726,1.25229674863
3.333,3333.0,0.001,0.0375000000001,,0.0,2.50419637732,1.25209818866
3.334,3334.0,0.001,0.0375,,0.0,2.50379291424,1.25189645712
3.335,3335.0,0.001,0.0375,,0.0,2.50338311527,1.251691557635
3.336,3336.0,0.001,0.0375,,0.0,2.5029669877,1.25148349385
3.337,3337.0,0.001,0.0375000000001,,0.0,2.50254453889,1.251272269445
3.338,3338.0,0.001,0.0375,,0.0,2.5021157762,1.2510578881
3.339,3339.0,0.001,0.0375,,0.0,2.50168070706,1.25084035353
3.34,3340.0,0.001,0.0375,,0.0,2.50123933893,1.250619669465
3.341,3341.0,0.001,0.0375000000001,,0.0,2.50079167932,1.25039583966
3.342,3342.0,0.001,0.0375,,0.0,2.50033773578,1.25016886789
3.343,3343.0,0.001,0.0375,,0.0,2.49987751589,1.249938757945
3.344,3344.0,0.001,0.0375,,0.0,2.49941102729,1.249705513645
3.345,3345.0,0.001,0.0375000000001,,0.0,2.49893827765,1.249469138825
3.346,3346.0,0.001,0.0375,,0.0,2.49845927468,1.24922963734
3.347,3347.0,0.001,0.0375,,0.0,2.49797402614,1.24898701307
3.348,3348.0,0.001,0.0375,,0.0,2.49748253982,1.24874126991
3.349,3349.0,0.001,0.0375000000001,,0.0,2.49698482355,1.248492411775
3.35,3350.0,0.001,0.0375,,0.0,2.49648088521,1.248240442605
3.351,3351.0,0.001,0.0375,,0.0,2.49597073272,1.24798536636
3.352,3352.0,0.001,0.0375,,0.0,2.49545437404,1.24772718702
3.353,3353.0,0.001,0.0375000000001,,0.0,2.49493181716,1.24746590858
3.354,3354.0,0.001,0.0375,,0.0,2.49440307011,1.247201535055
3.355,3355.0,0.001,0.0375,,0.0,2.49386814098,1.24693407049
3.356,3356.0,0.001,0.0375,,0.0,2.49332703787,1.246663518935
3.357,3357.0,0.001,0.0375000000001,,0.0,2.49277976895,1.246389884475
3.358,3358.0,0.001,0.0375,,0.0,2.49222634242,1.24611317121
3.359,3359.0,0.001,0.0375,,0.0,2.49166676649,1.245833383245
3.36,3360.0,0.001,0.0375,,0.0,2.49110104945,1.245550524725
3.361,3361.0,0.001,0.0375000000001,,0.0,2.49052919961,1.245264599805
3.362,3362.0,0.001,0.0375,,0.0,2.48995122532,1.24497561266
3.363,3363.0,0.001,0.0375,,0.0,2.48936713497,1.244683567485
3.364,3364.0,0.001,0.0375,,0.0,2.48877693698,1.24438846849
3.365,3365.0,0.001,0.0375000000001,,0.0,2.48818063983,1.244090319915
3.366,3366.0,0.001,0.0375,,0.0,2.48757825202,1.24378912601
3.367,3367.0,0.001,0.0375,,0.0,2.48696978208,1.24348489104
3.368,3368.0,0.001,0.0375,,0.0,2.4863552386,1.2431776193
3.369,3369.0,0.001,0.0375000000001,,0.0,2.4857346302,1.2428673151
3.37,3370.0,0.001,0.0375,,0.0,2.48510796554,1.24255398277
3.371,3371.0,0.001,0.0375,,0.0,2.4844752533,1.24223762665
3.372,3372.0,0.001,0.0375,,0.0,2.48383650221,1.241918251105
3.373,3373.0,0.001,0.0375000000001,,0.0,2.48319172105,1.241595860525
3.374,3374.0,0.001,0.0375,,0.0,2.48254091862,1.24127045931
3.375,3375.0,0.001,0.0375,,0.0,2.48188410375,1.240942051875
3.376,3376.0,0.001,0.0375,,0.0,2.48122128534,1.24061064267
3.3770000000000002,3377.0,0.001,0.0375000000001,,0.0,2.48055247228,1.24027623614
3.378,3378.0,0.001,0.0375,,0.0,2.47987767354,1.23993883677
3.379,3379.0,0.001,0.0375,,0.0,2.47919689809,1.239598449045
3.38,3380.0,0.001,0.0375,,0.0,2.47851015497,1.239255077485
3.3810000000000002,3381.0,0.001,0.0375000000001,,0.0,2.47781745323,1.238908726615
3.382,3382.0,0.001,0.0375,,0.0,2.47711880197,1.238559400985
3.383,3383.0,0.001,0.0375,,0.0,2.47641421031,1.238207105155
3.384,3384.0,0.001,0.0375,,0.0,2.47570368743,1.237851843715
3.3850000000000002,3385.0,0.001,0.0375000000001,,0.0,2.47498724252,1.23749362126
3.386,3386.0,0.001,0.0375,,0.0,2.47426488482,1.23713244241
3.387,3387.0,0.001,0.0375,,0.0,2.4735366236,1.2367683118
3.388,3388.0,0.001,0.0375,,0.0,2.47280246817,1.236401234085
3.3890000000000002,3389.0,0.001,0.0375000000001,,0.0,2.47206242787,1.236031213935
3.39,3390.0,0.001,0.0375,,0.0,2.47131651207,1.235658256035
3.391,3391.0,0.001,0.0375,,0.0,2.47056473019,1.235282365095
3.392,3392.0,0.001,0.0375,,0.0,2.46980709167,1.234903545835
3.3930000000000002,3393.0,0.001,0.0375000000001,,0.0,2.46904360598,1.23452180299
3.394,3394.0,0.001,0.0375,,0.0,2.46827428264,1.23413714132
3.395,3395.0,0.001,0.0375,,0.0,2.4674991312,1.2337495656
3.396,3396.0,0.001,0.0375,,0.0,2.46671816124,1.23335908062
3.3970000000000002,3397.0,0.001,0.0375000000001,,0.0,2.46593138236,1.23296569118
3.398,3398.0,0.001,0.0375,,0.0,2.46513880422,1.23256940211
3.399,3399.0,0.001,0.0375,,0.0,2.4643404365,1.23217021825
3.4,3400.0,0.001,0.0375,,0.0,2.4635362889,1.23176814445
3.4010000000000002,3401.0,0.001,0.0375000000001,,0.0,2.46272637117,1.231363185585
3.402,3402.0,0.001,0.0375,,0.0,2.4619106931,1.23095534655
3.403,3403.0,0.001,0.0375,,0.0,2.46108926449,1.230544632245
3.404,3404.0,0.001,0.0375,,0.0,2.46026209518,1.23013104759
3.4050000000000002,3405.0,0.001,0.0375000000001,,0.0,2.45942919505,1.229714597525
3.406,3406.0,0.001,0.0375,,0.0,2.45859057402,1.22929528701
3.407,3407.0,0.001,0.0375,,0.0,2.45774624201,1.228873121005
3.408,3408.0,0.001,0.0375,,0.0,2.456896209,1.2284481045
3.4090000000000003,3409.0,0.001,0.0375000000001,,0.0,2.45604048499,1.228020242495
3.41,3410.0,0.001,0.0375,,0.0,2.45517908002,1.22758954001
3.411,3411.0,0.001,0.0375,,0.0,2.45431200415,1.227156002075
3.412,3412.0,0.001,0.0375,,0.0,2.45343926749,1.226719633745
3.4130000000000003,3413.0,0.001,0.0375000000001,,0.0,2.45256088014,1.22628044007
3.414,3414.0,0.001,0.0375,,0.0,2.45167685229,1.225838426145
3.415,3415.0,0.001,0.0375,,0.0,2.45078719411,1.225393597055
3.416,3416.0,0.001,0.0375,,0.0,2.44989191582,1.22494595791
3.4170000000000003,3417.0,0.001,0.0375000000001,,0.0,2.44899102768,1.22449551384
3.418,3418.0,0.001,0.0375,,0.0,2.44808453997,1.224042269985
3.419,3419.0,0.001,0.0375,,0.0,2.44717246299,1.223586231495
3.42,3420.0,0.001,0.0375,,0.0,2.44625480709,1.223127403545
3.4210000000000003,3421.0,0.001,0.0375000000001,,0.0,2.44533158264,1.22266579132
3.422,3422.0,0.001,0.0375,,0.0,2.44440280004,1.22220140002
3.423,3423.0,0.001,0.0375,,0.0,2.44346846971,1.221734234855
3.424,3424.0,0.001,0.0375,,0.0,2.44252860211,1.221264301055
3.4250000000000003,3425.0,0.001,0.0375000000001,,0.0,2.44158320774,1.22079160387
3.426,3426.0,0.001,0.0375,,0.0,2.44063229711,1.220316148555
3.427,3427.0,0.001,0.0375,,0.0,2.43967588076,1.21983794038
3.428,3428.0,0.001,0.0375,,0.0,2.43871396926,1.21935698463
3.4290000000000003,3429.0,0.001,0.0375000000001,,0.0,2.43774657323,1.218873286615
3.43,3430.0,0.001,0.0375,,0.0,2.43677370329,1.218386851645
3.431,3431.0,0.001,0.0375,,0.0,2.4357953701,1.21789768505
3.432,3432.0,0.001,0.0375,,0.0,2.43481158435,1.217405792175
3.4330000000000003,3433.0,0.001,0.0375000000001,,0.0,2.43382235675,1.216911178375
3.434,3434.0,0.001,0.0375,,0.0,2.43282769805,1.216413849025
3.435,3435.0,0.001,0.0375,,0.0,2.43182761901,1.215913809505
3.436,3436.0,0.001,0.0375,,0.0,2.43082213043,1.215411065215
3.4370000000000003,3437.0,0.001,0.0375000000001,,0.0,2.42981124314,1.21490562157
3.438,3438.0,0.001,0.0375,,0.0,2.42879496799,1.214397483995
3.439,3439.0,0.001,0.0375,,0.0,2.42777331586,1.21388665793
3.44,3440.0,0.001,0.0375,,0.0,2.42674629764,1.21337314882
3.4410000000000003,3441.0,0.001,0.0375000000001,,0.0,2.42571392429,1.212856962145
3.442,3442.0,0.001,0.0375,,0.0,2.42467620674,1.21233810337
3.443,3443.0,0.001,0.0375,,0.0,2.423633156,1.211816578
3.444,3444.0,0.001,0.0375,,0.0,2.42258478306,1.21129239153
3.4450000000000003,3445.0,0.001,0.0375000000001,,0.0,2.42153109896,1.21076554948
3.446,3446.0,0.001,0.0375,,0.0,2.42047211478,1.21023605739
3.447,3447.0,0.001,0.0375,,0.0,2.41940784159,1.209703920795
3.448,3448.0,0.001,0.0375,,0.0,2.41833829051,1.209169145255
3.4490000000000003,3449.0,0.001,0.0375000000001,,0.0,2.41726347267,1.208631736335
3.45,3450.0,0.001,0.0375,,0.0,2.41618339925,1.208091699625
3.451,3451.0,0.001,0.0375,,0.0,2.41509808144,1.20754904072
3.452,3452.0,0.001,0.0375,,0.0,2.41400753043,1.207003765215
3.4530000000000003,3453.0,0.001,0.0375000000001,,0.0,2.41291175748,1.20645587874
3.454,3454.0,0.001,0.0375,,0.0,2.41185464504,1.20592732252
3.455,3455.0,0.001,0.0375,,0.0,2.41132291008,1.20566145504
3.456,3456.0,0.001,0.0375,,0.0,2.41078522961,1.205392614805
3.457,3457.0,0.001,0.0375,,0.0,2.41024161146,1.20512080573
3.458,3458.0,0.001,0.0375000000001,,0.0,2.40969206351,1.204846031755
3.459,3459.0,0.001,0.0375,,0.0,2.40913659367,1.204568296835
3.46,3460.0,0.001,0.0375,,0.0,2.40857520988,1.20428760494
3.461,3461.0,0.001,0.0375,,0.0,2.40800792014,1.20400396007
3.462,3462.0,0.001,0.0375000000001,,0.0,2.40743473247,1.203717366235
3.463,3463.0,0.001,0.0375,,0.0,2.40685565493,1.203427827465
3.464,3464.0,0.001,0.0375,,0.0,2.40627069562,1.20313534781
3.465,3465.0,0.001,0.0375,,0.0,2.40567986267,1.202839931335
3.466,3466.0,0.001,0.0375000000001,,0.0,2.40508316426,1.20254158213
3.467,3467.0,0.001,0.0375,,0.0,2.4044806086,1.2022403043
3.468,3468.0,0.001,0.0375,,0.0,2.40387220394,1.20193610197
3.469,3469.0,0.001,0.0375,,0.0,2.40325795855,1.201628979275
3.47,3470.0,0.001,0.0375000000001,,0.0,2.40263788076,1.20131894038
3.471,3471.0,0.001,0.0375,,0.0,2.40201197891,1.201005989455
3.472,3472.0,0.001,0.0375,,0.0,2.4016508768,1.2008254384
3.473,3473.0,0.001,0.0375,,0.0,2.40153342193,1.200766710965
3.474,3474.0,0.001,0.0375000000001,,0.0,2.40140982279,1.200704911395
3.475,3475.0,0.001,0.0375,,0.0,2.40128008412,1.20064004206
3.476,3476.0,0.001,0.0375,,0.0,2.40114421073,1.200572105365
3.477,3477.0,0.001,0.0375,,0.0,2.40100220744,1.20050110372
3.478,3478.0,0.001,0.0375000000001,,0.0,2.40085407915,1.200427039575
3.479,3479.0,0.001,0.0375,,0.0,2.40069983078,1.20034991539
3.48,3480.0,0.001,0.0375,,0.0,2.4005394673,1.20026973365
3.481,3481.0,0.001,0.0375,,0.0,2.40037299373,1.200186496865
3.482,3482.0,0.001,0.0375000000001,,0.0,2.40020041512,1.20010020756
3.483,3483.0,0.001,0.0375,,0.0,2.40002173657,1.200010868285
3.484,3484.0,0.001,0.0375,,0.0,2.39983696323,1.199918481615
3.485,3485.0,0.001,0.0375,,0.0,2.39964610029,1.199823050145
3.486,3486.0,0.001,0.0375000000001,,0.0,2.39944915296,1.19972457648
3.487,3487.0,0.001,0.0375,,0.0,2.39924612653,1.199623063265
3.488,3488.0,0.001,0.0375,,0.0,2.3990370263,1.19951851315
3.489,3489.0,0.001,0.0375,,0.0,2.39882185764,1.19941092882
3.49,3490.0,0.001,0.0375000000001,,0.0,2.39860062594,1.19930031297
3.491,3491.0,0.001,0.0375,,0.0,2.39837333664,1.19918666832
3.492,3492.0,0.001,0.0375,,0.0,2.39813999523,1.199069997615
3.493,3493.0,0.001,0.0375,,0.0,2.39790060723,1.198950303615
3.494,3494.0,0.001,0.0375000000001,,0.0,2.3976551782,1.1988275891
3.495,3495.0,0.001,0.0375,,0.0,2.39740371376,1.19870185688
3.496,3496.0,0.001,0.0375,,0.0,2.39714621956,1.19857310978
3.497,3497.0,0.001,0.0375,,0.0,2.39688270128,1.19844135064
3.498,3498.0,0.001,0.0375000000001,,0.0,2.39661316466,1.19830658233
3.499,3499.0,0.001,0.0375,,0.0,2.39633761548,1.19816880774
3.5,3500.0,0.001,0.0375,,0.0,2.39605605955,1.198028029775
3.501,3501.0,0.001,0.0375,,0.0,2.39576850273,1.197884251365
3.5020000000000002,3502.0,0.001,0.0375000000001,,0.0,2.39547495091,1.197737475455
3.503,3503.0,0.001,0.0375,,0.0,2.39517541003,1.197587705015
3.504,3504.0,0.001,0.0375,,0.0,2.39486988607,1.197434943035
3.505,3505.0,0.001,0.0375,,0.0,2.39455838506,1.19727919253
3.5060000000000002,3506.0,0.001,0.0375000000001,,0.0,2.39424091305,1.197120456525
3.507,3507.0,0.001,0.0375,,0.0,2.39391747614,1.19695873807
3.508,3508.0,0.001,0.0375,,0.0,2.39358808047,1.196794040235
3.509,3509.0,0.001,0.0375,,0.0,2.39325273222,1.19662636611
3.5100000000000002,3510.0,0.001,0.0375000000001,,0.0,2.39291143762,1.19645571881
3.511,3511.0,0.001,0.0375,,0.0,2.39256420293,1.196282101465
3.512,3512.0,0.001,0.0375,,0.0,2.39221103444,1.19610551722
3.513,3513.0,0.001,0.0375,,0.0,2.39185193849,1.195925969245
3.5140000000000002,3514.0,0.001,0.0375000000001,,0.0,2.39148692147,1.195743460735
3.515,3515.0,0.001,0.0375,,0.0,2.39111598979,1.195557994895
3.516,3516.0,0.001,0.0375,,0.0,2.39073914991,1.195369574955
3.517,3517.0,0.001,0.0375,,0.0,2.39035640834,1.19517820417
3.5180000000000002,3518.0,0.001,0.0375000000001,,0.0,2.38996777159,1.194983885795
3.519,3519.0,0.001,0.0375,,0.0,2.38957324626,1.19478662313
3.52,3520.0,0.001,0.0375,,0.0,2.38917283895,1.194586419475
3.521,3521.0,0.001,0.0375,,0.0,2.38876655632,1.19438327816
3.5220000000000002,3522.0,0.001,0.0375000000001,,0.0,2.38835440506,1.19417720253
3.523,3523.0,0.001,0.0375,,0.0,2.3879363919,1.19396819595
3.524,3524.0,0.001,0.0375,,0.0,2.38751252361,1.193756261805
3.525,3525.0,0.001,0.0375,,0.0,2.38708280698,1.19354140349
3.5260000000000002,3526.0,0.001,0.0375000000001,,0.0,2.38664724887,1.193323624435
3.527,3527.0,0.001,0.0375,,0.0,2.38620585617,1.193102928085
3.528,3528.0,0.001,0.0375,,0.0,2.38575863578,1.19287931789
3.529,3529.0,0.001,0.0375,,0.0,2.38530559466,1.19265279733
3.5300000000000002,3530.0,0.001,0.0375000000001,,0.0,2.38484673982,1.19242336991
3.531,3531.0,0.001,0.0375,,0.0,2.38438207829,1.192191039145
3.532,3532.0,0.001,0.0375,,0.0,2.38391161712,1.19195580856
3.533,3533.0,0.001,0.0375,,0.0,2.38343536344,1.19171768172
3.5340000000000003,3534.0,0.001,0.0375000000001,,0.0,2.38295332438,1.19147666219
3.535,3535.0,0.001,0.0375,,0.0,2.38246550713,1.191232753565
3.536,3536.0,0.001,0.0375,,0.0,2.3819719189,1.19098595945
3.537,3537.0,0.001,0.0375,,0.0,2.38147256695,1.190736283475
3.5380000000000003,3538.0,0.001,0.0375000000001,,0.0,2.38096745856,1.19048372928
3.539,3539.0,0.001,0.0375,,0.0,2.38045660108,1.19022830054
3.54,3540.0,0.001,0.0375,,0.0,2.37994000185,1.189970000925
3.541,3541.0,0.001,0.0375,,0.0,2.37941766828,1.18970883414
3.5420000000000003,3542.0,0.001,0.0375000000001,,0.0,2.37888960781,1.189444803905
3.543,3543.0,0.001,0.0375,,0.0,2.37835582791,1.189177913955
3.544,3544.0,0.001,0.0375,,0.0,2.37781633608,1.18890816804
3.545,3545.0,0.001,0.0375,,0.0,2.37727113987,1.188635569935
3.5460000000000003,3546.0,0.001,0.0375000000001,,0.0,2.37672024685,1.188360123425
3.547,3547.0,0.001,0.0375,,0.0,2.37616366464,1.18808183232
3.548,3548.0,0.001,0.0375,,0.0,2.3756014009,1.18780070045
3.549,3549.0,0.001,0.0375,,0.0,2.37503346329,1.187516731645
3.5500000000000003,3550.0,0.001,0.0375000000001,,0.0,2.37445985955,1.187229929775
3.551,3551.0,0.001,0.0375,,0.0,2.37388059743,1.186940298715
3.552,3552.0,0.001,0.0375,,0.0,2.37329568471,1.186647842355
3.553,3553.0,0.001,0.0375,,0.0,2.37270512922,1.18635256461
3.5540000000000003,3554.0,0.001,0.0375000000001,,0.0,2.37210893882,1.18605446941
3.555,3555.0,0.001,0.0375,,0.0,2.3715071214,1.1857535607
3.556,3556.0,0.001,0.0375,,0.0,2.37089968488,1.18544984244
3.557,3557.0,0.001,0.0375,,0.0,2.37028663723,1.185143318615
3.5580000000000003,3558.0,0.001,0.0375000000001,,0.0,2.36966798645,1.184833993225
3.559,3559.0,0.001,0.0375,,0.0,2.36904374055,1.184521870275
3.56,3560.0,0.001,0.0375,,0.0,2.3684139076,1.1842069538
3.561,3561.0,0.001,0.0375,,0.0,2.3677784957,1.18388924785
3.5620000000000003,3562.0,0.001,0.0375000000001,,0.0,2.36713751297,1.183568756485
3.563,3563.0,0.001,0.0375,,0.0,2.36649096758,1.18324548379
3.564,3564.0,0.001,0.0375,,0.0,2.36583886772,1.18291943386
3.565,3565.0,0.001,0.0375,,0.0,2.36518122163,1.182590610815
3.5660000000000003,3566.0,0.001,0.0375000000001,,0.0,2.36451803756,1.18225901878
3.567,3567.0,0.001,0.0375,,0.0,2.3638493238,1.1819246619
3.568,3568.0,0.001,0.0375,,0.0,2.36317508868,1.18158754434
3.569,3569.0,0.001,0.0375,,0.0,2.36249534057,1.181247670285
3.5700000000000003,3570.0,0.001,0.0375000000001,,0.0,2.36181008784,1.18090504392
3.571,3571.0,0.001,0.0375,,0.0,2.36111933894,1.18055966947
3.572,3572.0,0.001,0.0375,,0.0,2.3604231023,1.18021155115
3.573,3573.0,0.001,0.0375,,0.0,2.35972138642,1.17986069321
3.5740000000000003,3574.0,0.001,0.0375000000001,,0.0,2.35901419983,1.179507099915
3.575,3575.0,0.001,0.0375,,0.0,2.35830155106,1.17915077553
3.576,3576.0,0.001,0.0375,,0.0,2.3575834487,1.17879172435
3.577,3577.0,0.001,0.0375,,0.0,2.35685990136,1.17842995068
3.5780000000000003,3578.0,0.001,0.0375000000001,,0.0,2.3561309177,1.17806545885
3.579,3579.0,0.001,0.0375,,0.0,2.35539650638,1.17769825319
3.58,3580.0,0.001,0.0375,,0.0,2.35465667611,1.177328338055
3.581,3581.0,0.001,0.0375,,0.0,2.35391143563,1.176955717815
3.5820000000000003,3582.0,0.001,0.0375000000001,,0.0,2.35316079372,1.17658039686
3.583,3583.0,0.001,0.0375,,0.0,2.35240475916,1.17620237958
3.584,3584.0,0.001,0.0375,,0.0,2.35164334079,1.175821670395
3.585,3585.0,0.001,0.0375,,0.0,2.35087654747,1.175438273735
3.586,3586.0,0.001,0.0375,,0.0,2.35010438808,1.17505219404
3.587,3587.0,0.001,0.0375000000001,,0.0,2.34932687156,1.17466343578
3.588,3588.0,0.001,0.0375,,0.0,2.34854400684,1.17427200342
3.589,3589.0,0.001,0.0375,,0.0,2.34775580291,1.173877901455
3.59,3590.0,0.001,0.0375,,0.0,2.34696226878,1.17348113439
3.591,3591.0,0.001,0.0375000000001,,0.0,2.34616341348,1.17308170674
3.592,3592.0,0.001,0.0375,,0.0,2.34535924608,1.17267962304
3.593,3593.0,0.001,0.0375,,0.0,2.34454977569,1.172274887845
3.594,3594.0,0.001,0.0375,,0.0,2.34373501142,1.17186750571
3.595,3595.0,0.001,0.0375000000001,,0.0,2.34291496244,1.17145748122
3.596,3596.0,0.001,0.0375,,0.0,2.34208963792,1.17104481896
3.597,3597.0,0.001,0.0375,,0.0,2.34125904708,1.17062952354
3.598,3598.0,0.001,0.0375,,0.0,2.34042319916,1.17021159958
3.599,3599.0,0.001,0.0375000000001,,0.0,2.33958210343,1.169791051715
3.6,3600.0,0.001,0.0375,,0.0,2.33873576919,1.169367884595
3.601,3601.0,0.001,0.0375,,0.0,2.33788420576,1.16894210288
3.602,3602.0,0.001,0.0375,,0.0,2.3370274225,1.16851371125
3.603,3603.0,0.001,0.0375000000001,,0.0,2.33616542878,1.16808271439
3.604,3604.0,0.001,0.0375,,0.0,2.33529823402,1.16764911701
3.605,3605.0,0.001,0.0375,,0.0,2.33442584766,1.16721292383
3.606,3606.0,0.001,0.0375,,0.0,2.33354827915,1.166774139575
3.607,3607.0,0.001,0.0375000000001,,0.0,2.33266553799,1.166332768995
3.608,3608.0,0.001,0.0375,,0.0,2.3317776337,1.16588881685
3.609,3609.0,0.001,0.0375,,0.0,2.33088457582,1.16544228791
3.61,3610.0,0.001,0.0375,,0.0,2.33055824065,1.165279120325
3.611,3611.0,0.001,0.0375000000001,,0.0,2.33033657227,1.165168286135
3.612,3612.0,0.001,0.0375,,0.0,2.33010924497,1.165054622485
3.613,3613.0,0.001,0.0375,,0.0,2.32987626379,1.164938131895
3.614,3614.0,0.001,0.0375,,0.0,2.3296376338,1.1648188169
3.615,3615.0,0.001,0.0375000000001,,0.0,2.32939336013,1.164696680065
3.616,3616.0,0.001,0.0375,,0.0,2.32914344792,1.16457172396
3.617,3617.0,0.001,0.0375,,0.0,2.32888790238,1.16444395119
3.618,3618.0,0.001,0.0375,,0.0,2.32862672872,1.16431336436
3.619,3619.0,0.001,0.0375000000001,,0.0,2.32835993222,1.16417996611
3.62,3620.0,0.001,0.0375,,0.0,2.32808751819,1.164043759095
3.621,3621.0,0.001,0.0375,,0.0,2.32780949195,1.163904745975
3.622,3622.0,0.001,0.0375,,0.0,2.3275258589,1.16376292945
3.623,3623.0,0.001,0.0375000000001,,0.0,2.32723662444,1.16361831222
3.624,3624.0,0.001,0.0375,,0.0,2.32694179402,1.16347089701
3.625,3625.0,0.001,0.0375,,0.0,2.32664137314,1.16332068657
3.626,3626.0,0.001,0.0375,,0.0,2.32633536732,1.16316768366
3.6270000000000002,3627.0,0.001,0.0375000000001,,0.0,2.32602378212,1.16301189106
3.628,3628.0,0.001,0.0375,,0.0,2.32570662313,1.162853311565
3.629,3629.0,0.001,0.0375,,0.0,2.325383896,1.162691948
3.63,3630.0,0.001,0.0375,,0.0,2.32505560638,1.16252780319
3.6310000000000002,3631.0,0.001,0.0375000000001,,0.0,2.32472175999,1.162360879995
3.632,3632.0,0.001,0.0375,,0.0,2.32438236256,1.16219118128
3.633,3633.0,0.001,0.0375,,0.0,2.32403741988,1.16201870994
3.634,3634.0,0.001,0.0375,,0.0,2.32368693775,1.161843468875
3.6350000000000002,3635.0,0.001,0.0375000000001,,0.0,2.32333092203,1.161665461015
3.636,3636.0,0.001,0.0375,,0.0,2.32296937859,1.161484689295
3.637,3637.0,0.001,0.0375,,0.0,2.32260231336,1.16130115668
3.638,3638.0,0.001,0.0375,,0.0,2.3222297323,1.16111486615
3.6390000000000002,3639.0,0.001,0.0375000000001,,0.0,2.32185164138,1.16092582069
3.64,3640.0,0.001,0.0375,,0.0,2.32146804665,1.160734023325
3.641,3641.0,0.001,0.0375,,0.0,2.32107895414,1.16053947707
3.642,3642.0,0.001,0.0375,,0.0,2.32068436997,1.160342184985
3.6430000000000002,3643.0,0.001,0.0375000000001,,0.0,2.32028430025,1.160142150125
3.644,3644.0,0.001,0.0375,,0.0,2.31987875116,1.15993937558
3.645,3645.0,0.001,0.0375,,0.0,2.31946772889,1.159733864445
3.646,3646.0,0.001,0.0375,,0.0,2.31905123967,1.159525619835
3.6470000000000002,3647.0,0.001,0.0375000000001,,0.0,2.31862928977,1.159314644885
3.648,3648.0,0.001,0.0375,,0.0,2.3182018855,1.15910094275
3.649,3649.0,0.001,0.0375,,0.0,2.31776903318,1.15888451659
3.65,3650.0,0.001,0.0375,,0.0,2.31733073918,1.15866536959
3.6510000000000002,3651.0,0.001,0.0375000000001,,0.0,2.31688700991,1.158443504955
3.652,3652.0,0.001,0.0375,,0.0,2.31643785181,1.158218925905
3.653,3653.0,0.001,0.0375,,0.0,2.31598327134,1.15799163567
3.654,3654.0,0.001,0.0375,,0.0,2.31552327501,1.157761637505
3.6550000000000002,3655.0,0.001,0.0375000000001,,0.0,2.31505786935,1.157528934675
3.656,3656.0,0.001,0.0375,,0.0,2.31458706094,1.15729353047
3.657,3657.0,0.001,0.0375,,0.0,2.31411085638,1.15705542819
3.658,3658.0,0.001,0.0375,,0.0,2.31362926231,1.156814631155
3.6590000000000003,3659.0,0.001,0.0375000000001,,0.0,2.31314228539,1.156571142695
3.66,3660.0,0.001,0.0375,,0.0,2.31264993233,1.156324966165
3.661,3661.0,0.001,0.0375,,0.0,2.31215220986,1.15607610493
3.662,3662.0,0.001,0.0375,,0.0,2.31164912476,1.15582456238
3.6630000000000003,3663.0,0.001,0.0375000000001,,0.0,2.31114068381,1.155570341905
3.664,3664.0,0.001,0.0375,,0.0,2.31062689386,1.15531344693
3.665,3665.0,0.001,0.0375,,0.0,2.31010776177,1.155053880885
3.666,3666.0,0.001,0.0375,,0.0,2.30958329444,1.15479164722
3.6670000000000003,3667.0,0.001,0.0375000000001,,0.0,2.30905349879,1.154526749395
3.668,3668.0,0.001,0.0375,,0.0,2.30851838178,1.15425919089
3.669,3669.0,0.001,0.0375,,0.0,2.30797795042,1.15398897521
3.67,3670.0,0.001,0.0375,,0.0,2.30743221172,1.15371610586
3.6710000000000003,3671.0,0.001,0.0375000000001,,0.0,2.30688117274,1.15344058637
3.672,3672.0,0.001,0.0375,,0.0,2.30632484057,1.153162420285
3.673,3673.0,0.001,0.0375,,0.0,2.30576322233,1.152881611165
3.674,3674.0,0.001,0.0375,,0.0,2.30519632516,1.15259816258
3.6750000000000003,3675.0,0.001,0.0375000000001,,0.0,2.30462415625,1.152312078125
3.676,3676.0,0.001,0.0375,,0.0,2.30404672282,1.15202336141
3.677,3677.0,0.001,0.0375,,0.0,2.30346403209,1.151732016045
3.678,3678.0,0.001,0.0375,,0.0,2.30287609136,1.15143804568
3.6790000000000003,3679.0,0.001,0.0375000000001,,0.0,2.30228290792,1.15114145396
3.68,3680.0,0.001,0.0375,,0.0,2.30168448911,1.150842244555
3.681,3681.0,0.001,0.0375,,0.0,2.3010808423,1.15054042115
3.682,3682.0,0.001,0.0375,,0.0,2.30047197488,1.15023598744
3.6830000000000003,3683.0,0.001,0.0375000000001,,0.0,2.29985789427,1.149928947135
3.684,3684.0,0.001,0.0375,,0.0,2.29923860794,1.14961930397
3.685,3685.0,0.001,0.0375,,0.0,2.29861412337,1.149307061685
3.686,3686.0,0.001,0.0375,,0.0,2.29798444808,1.14899222404
3.6870000000000003,3687.0,0.001,0.0375000000001,,0.0,2.29734958961,1.148674794805
3.688,3688.0,0.001,0.0375,,0.0,2.29670955554,1.14835477777
3.689,3689.0,0.001,0.0375,,0.0,2.29606435348,1.14803217674
3.69,3690.0,0.001,0.0375,,0.0,2.29541399105,1.147706995525
3.6910000000000003,3691.0,0.001,0.0375000000001,,0.0,2.29475847593,1.147379237965
3.692,3692.0,0.001,0.0375,,0.0,2.2940978158,1.1470489079
3.693,3693.0,0.001,0.0375,,0.0,2.29343201839,1.146716009195
3.694,3694.0,0.001,0.0375,,0.0,2.29276109144,1.14638054572
3.6950000000000003,3695.0,0.001,0.0375000000001,,0.0,2.29208504275,1.146042521375
3.696,3696.0,0.001,0.0375,,0.0,2.29140388011,1.145701940055
3.697,3697.0,0.001,0.0375,,0.0,2.29071761137,1.145358805685
3.698,3698.0,0.001,0.0375,,0.0,2.29002624438,1.14501312219
3.6990000000000003,3699.0,0.001,0.0375000000001,,0.0,2.28932978705,1.144664893525
3.7,3700.0,0.001,0.0375,,0.0,2.2886282473,1.14431412365
3.701,3701.0,0.001,0.0375,,0.0,2.28792163306,1.14396081653
3.702,3702.0,0.001,0.0375,,0.0,2.28720995233,1.143604976165
3.7030000000000003,3703.0,0.001,0.0375000000001,,0.0,2.28649321311,1.143246606555
3.704,3704.0,0.001,0.0375,,0.0,2.28577142343,1.142885711715
3.705,3705.0,0.001,0.0375,,0.0,2.28504459136,1.14252229568
3.706,3706.0,0.001,0.0375,,0.0,2.28431272497,1.142156362485
3.7070000000000003,3707.0,0.001,0.0375000000001,,0.0,2.2835758324,1.1417879162
3.708,3708.0,0.001,0.0375,,0.0,2.28283392177,1.141416960885
3.709,3709.0,0.001,0.0375,,0.0,2.28208700127,1.141043500635
3.71,3710.0,0.001,0.0375,,0.0,2.28133507908,1.14066753954
3.7110000000000003,3711.0,0.001,0.0375000000001,,0.0,2.28057816344,1.14028908172
3.712,3712.0,0.001,0.0375,,0.0,2.27981626259,1.139908131295
3.713,3713.0,0.001,0.0375,,0.0,2.27904938481,1.139524692405
3.714,3714.0,0.001,0.0375,,0.0,2.27827753841,1.139138769205
3.715,3715.0,0.001,0.0375,,0.0,2.27750073171,1.138750365855
3.716,3716.0,0.001,0.0375000000001,,0.0,2.27671897308,1.13835948654
3.717,3717.0,0.001,0.0375,,0.0,2.27593227089,1.137966135445
3.718,3718.0,0.001,0.0375,,0.0,2.27514063355,1.137570316775
3.719,3719.0,0.001,0.0375,,0.0,2.27434406951,1.137172034755
3.72,3720.0,0.001,0.0375000000001,,0.0,2.27354258721,1.136771293605
3.721,3721.0,0.001,0.0375,,0.0,2.27273619515,1.136368097575
3.722,3722.0,0.001,0.0375,,0.0,2.27192490184,1.13596245092
3.723,3723.0,0.001,0.0375,,0.0,2.27110871581,1.135554357905
3.724,3724.0,0.001,0.0375000000001,,0.0,2.27028764563,1.135143822815
3.725,3725.0,0.001,0.0375,,0.0,2.26946169989,1.134730849945
3.726,3726.0,0.001,0.0375,,0.0,2.26863088719,1.134315443595
3.727,3727.0,0.001,0.0375,,0.0,2.26779521618,1.13389760809
3.728,3728.0,0.001,0.0375000000001,,0.0,2.26695469552,1.13347734776
3.729,3729.0,0.001,0.0375,,0.0,2.26610933389,1.133054666945
3.73,3730.0,0.001,0.0375,,0.0,2.26525914001,1.132629570005
3.731,3731.0,0.001,0.0375,,0.0,2.26440412261,1.132202061305
3.732,3732.0,0.001,0.0375000000001,,0.0,2.26354429045,1.131772145225
3.733,3733.0,0.001,0.0375,,0.0,2.26267965232,1.13133982616
3.734,3734.0,0.001,0.0375,,0.0,2.26181021703,1.130905108515
3.735,3735.0,0.001,0.0375,,0.0,2.26093599341,1.130467996705
3.736,3736.0,0.001,0.0375000000001,,0.0,2.26005699031,1.130028495155
3.737,3737.0,0.001,0.0375,,0.0,2.25917321662,1.12958660831
3.738,3738.0,0.001,0.0375,,0.0,2.25828468124,1.12914234062
3.739,3739.0,0.001,0.0375,,0.0,2.2573913931,1.12869569655
3.74,3740.0,0.001,0.0375000000001,,0.0,2.25649336114,1.12824668057
3.741,3741.0,0.001,0.0375,,0.0,2.25559059434,1.12779529717
3.742,3742.0,0.001,0.0375,,0.0,2.2546831017,1.12734155085
3.743,3743.0,0.001,0.0375,,0.0,2.25377089223,1.126885446115
3.744,3744.0,0.001,0.0375000000001,,0.0,2.25285397499,1.126426987495
3.745,3745.0,0.001,0.0375,,0.0,2.25193235903,1.125966179515
3.746,3746.0,0.001,0.0375,,0.0,2.25100605344,1.12550302672
3.747,3747.0,0.001,0.0375,,0.0,2.25007506734,1.12503753367
3.748,3748.0,0.001,0.0375000000001,,0.0,2.24913940985,1.124569704925
3.749,3749.0,0.001,0.0375,,0.0,2.24819909013,1.124099545065
3.75,3750.0,0.001,0.0375,,0.0,2.24725411735,1.123627058675
3.751,3751.0,0.001,0.0375,,0.0,2.24630450073,1.123152250365
3.7520000000000002,3752.0,0.001,0.0375000000001,,0.0,2.24535024947,1.122675124735
3.753,3753.0,0.001,0.0375,,0.0,2.24439137281,1.122195686405
3.754,3754.0,0.001,0.0375,,0.0,2.24342788003,1.121713940015
3.755,3755.0,0.001,0.0375,,0.0,2.24245978041,1.121229890205
3.7560000000000002,3756.0,0.001,0.0375000000001,,0.0,2.24148708326,1.12074354163
3.757,3757.0,0.001,0.0375,,0.0,2.24050979789,1.120254898945
3.758,3758.0,0.001,0.0375,,0.0,2.23952793367,1.119763966835
3.759,3759.0,0.001,0.0375,,0.0,2.23854149996,1.11927074998
3.7600000000000002,3760.0,0.001,0.0375000000001,,0.0,2.23755050615,1.118775253075
3.761,3761.0,0.001,0.0375,,0.0,2.23655496166,1.11827748083
3.762,3762.0,0.001,0.0375,,0.0,2.23555487591,1.117777437955
3.763,3763.0,0.001,0.0375,,0.0,2.23455025836,1.11727512918
3.7640000000000002,3764.0,0.001,0.0375000000001,,0.0,2.23354111848,1.11677055924
3.765,3765.0,0.001,0.0375,,0.0,2.23252746577,1.116263732885
3.766,3766.0,0.001,0.0375,,0.0,2.23150930974,1.11575465487
3.767,3767.0,0.001,0.0375,,0.0,2.23048665992,1.11524332996
3.7680000000000002,3768.0,0.001,0.0375000000001,,0.0,2.22945952586,1.11472976293
3.769,3769.0,0.001,0.0375,,0.0,2.22842791714,1.11421395857
3.77,3770.0,0.001,0.0375,,0.0,2.22739184335,1.113695921675
3.771,3771.0,0.001,0.0375,,0.0,2.2263513141,1.11317565705
3.7720000000000002,3772.0,0.001,0.0375000000001,,0.0,2.22530633902,1.11265316951
3.773,3773.0,0.001,0.0375,,0.0,2.22425692777,1.112128463885
3.774,3774.0,0.001,0.0375,,0.0,2.22320309001,1.111601545005
3.775,3775.0,0.001,0.0375,,0.0,2.22214483543,1.111072417715
3.7760000000000002,3776.0,0.001,0.0375000000001,,0.0,2.22108217374,1.11054108687
3.777,3777.0,0.001,0.0375,,0.0,2.22001511466,1.11000755733
3.778,3778.0,0.001,0.0375,,0.0,2.21894366795,1.109471833975
3.779,3779.0,0.001,0.0375,,0.0,2.21786784335,1.108933921675
3.7800000000000002,3780.0,0.001,0.0375000000001,,0.0,2.21678765066,1.10839382533
3.781,3781.0,0.001,0.0375,,0.0,2.21570309967,1.107851549835
3.782,3782.0,0.001,0.0375,,0.0,2.2146142002,1.1073071001
3.783,3783.0,0.001,0.0375,,0.0,2.21352096209,1.106760481045
3.7840000000000003,3784.0,0.001,0.0375000000001,,0.0,2.21242339519,1.106211697595
3.785,3785.0,0.001,0.0375,,0.0,2.21132150937,1.105660754685
3.786,3786.0,0.001,0.0375,,0.0,2.21021531452,1.10510765726
3.787,3787.0,0.001,0.0375,,0.0,2.20910482055,1.104552410275
3.7880000000000003,3788.0,0.001,0.0375000000001,,0.0,2.20799003738,1.10399501869
3.789,3789.0,0.001,0.0375,,0.0,2.20687097495,1.103435487475
3.79,3790.0,0.001,0.0375,,0.0,2.20574764321,1.102873821605
3.791,3791.0,0.001,0.0375,,0.0,2.20462005216,1.10231002608
3.7920000000000003,3792.0,0.001,0.0375000000001,,0.0,2.20348821177,1.101744105885
3.793,3793.0,0.001,0.0375,,0.0,2.20235213205,1.101176066025
3.794,3794.0,0.001,0.0375,,0.0,2.20121182303,1.100605911515
3.795,3795.0,0.001,0.0375,,0.0,2.20006729476,1.10003364738
3.7960000000000003,3796.0,0.001,0.0375000000001,,0.0,2.19891855728,1.09945927864
3.797,3797.0,0.001,0.0375,,0.0,2.19776562068,1.09888281034
3.798,3798.0,0.001,0.0375,,0.0,2.19660849504,1.09830424752
3.799,3799.0,0.001,0.0375,,0.0,2.19544719047,1.097723595235
3.8000000000000003,3800.0,0.001,0.0375000000001,,0.0,2.1942817171,1.09714085855
3.801,3801.0,0.001,0.0375,,0.0,2.19311208506,1.09655604253
3.802,3802.0,0.001,0.0375,,0.0,2.19193830449,1.095969152245
3.803,3803.0,0.001,0.0375,,0.0,2.19076038559,1.095380192795
3.8040000000000003,3804.0,0.001,0.0375000000001,,0.0,2.18957833852,1.09478916926
3.805,3805.0,0.001,0.0375,,0.0,2.18839217348,1.09419608674
3.806,3806.0,0.001,0.0375,,0.0,2.1872019007,1.09360095035
3.807,3807.0,0.001,0.0375,,0.0,2.1860075304,1.0930037652
3.8080000000000003,3808.0,0.001,0.0375000000001,,0.0,2.18480907283,1.092404536415
3.809,3809.0,0.001,0.0375,,0.0,2.18360653824,1.09180326912
3.81,3810.0,0.001,0.0375,,0.0,2.18239993691,1.091199968455
3.811,3811.0,0.001,0.0375,,0.0,2.18118927913,1.090594639565
3.8120000000000003,3812.0,0.001,0.0375000000001,,0.0,2.17997457519,1.089987287595
3.813,3813.0,0.001,0.0375,,0.0,2.17875583543,1.089377917715
3.814,3814.0,0.001,0.0375,,0.0,2.17753307016,1.08876653508
3.815,3815.0,0.001,0.0375,,0.0,2.17630628974,1.08815314487
3.8160000000000003,3816.0,0.001,0.0375000000001,,0.0,2.17507550452,1.08753775226
3.817,3817.0,0.001,0.0375,,0.0,2.17384072487,1.086920362435
3.818,3818.0,0.001,0.0375,,0.0,2.17260196119,1.086300980595
3.819,3819.0,0.001,0.0375,,0.0,2.17135922387,1.085679611935
3.8200000000000003,3820.0,0.001,0.0375000000001,,0.0,2.17011252332,1.08505626166
3.821,3821.0,0.001,0.0375,,0.0,2.16886186998,1.08443093499
3.822,3822.0,0.001,0.0375,,0.0,2.16760727427,1.083803637135
3.823,3823.0,0.001,0.0375,,0.0,2.16634874666,1.08317437333
3.8240000000000003,3824.0,0.001,0.0375000000001,,0.0,2.16508629761,1.082543148805
3.825,3825.0,0.001,0.0375,,0.0,2.1638199376,1.0819099688
3.826,3826.0,0.001,0.0375,,0.0,2.16254967712,1.08127483856
3.827,3827.0,0.001,0.0375,,0.0,2.16127552667,1.080637763335
3.8280000000000003,3828.0,0.001,0.0375000000001,,0.0,2.15999749677,1.079998748385
3.829,3829.0,0.001,0.0375,,0.0,2.15885565211,1.079427826055
3.83,3830.0,0.001,0.0375,,0.0,2.15846027957,1.079230139785
3.831,3831.0,0.001,0.0375,,0.0,2.15806031055,1.079030155275
3.8320000000000003,3832.0,0.001,0.0375000000001,,0.0,2.15765575032,1.07882787516
3.833,3833.0,0.001,0.0375,,0.0,2.15724660421,1.078623302105
3.834,3834.0,0.001,0.0375,,0.0,2.15683287756,1.07841643878
3.835,3835.0,0.001,0.0375,,0.0,2.15641457575,1.078207287875
3.8360000000000003,3836.0,0.001,0.0375000000001,,0.0,2.15599170416,1.07799585208
3.837,3837.0,0.001,0.0375,,0.0,2.15556426821,1.077782134105
3.838,3838.0,0.001,0.0375,,0.0,2.15513227336,1.07756613668
3.839,3839.0,0.001,0.0375,,0.0,2.15469572508,1.07734786254
3.84,3840.0,0.001,0.0375,,0.0,2.15425462885,1.077127314425
3.841,3841.0,0.001,0.0375000000001,,0.0,2.15380899021,1.076904495105
3.842,3842.0,0.001,0.0375,,0.0,2.1533588147,1.07667940735
3.843,3843.0,0.001,0.0375,,0.0,2.15290410789,1.076452053945
3.844,3844.0,0.001,0.0375,,0.0,2.15244487538,1.07622243769
3.845,3845.0,0.001,0.0375000000001,,0.0,2.15198112279,1.075990561395
3.846,3846.0,0.001,0.0375,,0.0,2.15151285577,1.075756427885
3.847,3847.0,0.001,0.0375,,0.0,2.15104007999,1.075520039995
3.848,3848.0,0.001,0.0375,,0.0,2.15056280114,1.07528140057
3.849,3849.0,0.001,0.0375000000001,,0.0,2.15008102495,1.075040512475
3.85,3850.0,0.001,0.0375,,0.0,2.14959475715,1.074797378575
3.851,3851.0,0.001,0.0375,,0.0,2.14910400353,1.074552001765
3.852,3852.0,0.001,0.0375,,0.0,2.14860876986,1.07430438493
3.853,3853.0,0.001,0.0375000000001,,0.0,2.14810906197,1.074054530985
3.854,3854.0,0.001,0.0375,,0.0,2.14760488571,1.073802442855
3.855,3855.0,0.001,0.0375,,0.0,2.14709624692,1.07354812346
3.856,3856.0,0.001,0.0375,,0.0,2.14658315151,1.073291575755
3.857,3857.0,0.001,0.0375000000001,,0.0,2.14606560539,1.073032802695
3.858,3858.0,0.001,0.0375,,0.0,2.1455436145,1.07277180725
3.859,3859.0,0.001,0.0375,,0.0,2.14501718478,1.07250859239
3.86,3860.0,0.001,0.0375,,0.0,2.14448632224,1.07224316112
3.861,3861.0,0.001,0.0375000000001,,0.0,2.14395103287,1.071975516435
3.862,3862.0,0.001,0.0375,,0.0,2.1434113227,1.07170566135
3.863,3863.0,0.001,0.0375,,0.0,2.1428671978,1.0714335989
3.864,3864.0,0.001,0.0375,,0.0,2.14231866423,1.071159332115
3.865,3865.0,0.001,0.0375000000001,,0.0,2.1417657281,1.07088286405
3.866,3866.0,0.001,0.0375,,0.0,2.14120839553,1.070604197765
3.867,3867.0,0.001,0.0375,,0.0,2.14064667266,1.07032333633
3.868,3868.0,0.001,0.0375,,0.0,2.14008056568,1.07004028284
3.869,3869.0,0.001,0.0375000000001,,0.0,2.13951008076,1.06975504038
3.87,3870.0,0.001,0.0375,,0.0,2.13893522412,1.06946761206
3.871,3871.0,0.001,0.0375,,0.0,2.138356002,1.069178001
3.872,3872.0,0.001,0.0375,,0.0,2.13777242065,1.068886210325
3.873,3873.0,0.001,0.0375000000001,,0.0,2.13718448637,1.068592243185
3.874,3874.0,0.001,0.0375,,0.0,2.13659220546,1.06829610273
3.875,3875.0,0.001,0.0375,,0.0,2.13599558423,1.067997792115
3.876,3876.0,0.001,0.0375,,0.0,2.13539462904,1.06769731452
3.8770000000000002,3877.0,0.001,0.0375000000001,,0.0,2.13478934626,1.06739467313
3.878,3878.0,0.001,0.0375,,0.0,2.13417974229,1.067089871145
3.879,3879.0,0.001,0.0375,,0.0,2.13356582353,1.066782911765
3.88,3880.0,0.001,0.0375,,0.0,2.13294759642,1.06647379821
3.8810000000000002,3881.0,0.001,0.0375000000001,,0.0,2.13232506743,1.066162533715
3.882,3882.0,0.001,0.0375,,0.0,2.13169824303,1.065849121515
3.883,3883.0,0.001,0.0375,,0.0,2.13106712971,1.065533564855
3.884,3884.0,0.001,0.0375,,0.0,2.13043173401,1.065215867005
3.8850000000000002,3885.0,0.001,0.0375000000001,,0.0,2.12979206247,1.064896031235
3.886,3886.0,0.001,0.0375,,0.0,2.12914812165,1.064574060825
3.887,3887.0,0.001,0.0375,,0.0,2.12849991814,1.06424995907
3.888,3888.0,0.001,0.0375,,0.0,2.12784745854,1.06392372927
3.8890000000000002,3889.0,0.001,0.0375000000001,,0.0,2.12719074949,1.063595374745
3.89,3890.0,0.001,0.0375,,0.0,2.12652979763,1.063264898815
3.891,3891.0,0.001,0.0375,,0.0,2.12586460963,1.062932304815
3.892,3892.0,0.001,0.0375,,0.0,2.12519519219,1.062597596095
3.8930000000000002,3893.0,0.001,0.0375000000001,,0.0,2.12452155201,1.062260776005
3.894,3894.0,0.001,0.0375,,0.0,2.12384369582,1.06192184791
3.895,3895.0,0.001,0.0375,,0.0,2.12316163038,1.06158081519
3.896,3896.0,0.001,0.0375,,0.0,2.12247536247,1.061237681235
3.8970000000000002,3897.0,0.001,0.0375000000001,,0.0,2.12178489886,1.06089244943
3.898,3898.0,0.001,0.0375,,0.0,2.12109024638,1.06054512319
3.899,3899.0,0.001,0.0375,,0.0,2.12039141186,1.06019570593
3.9,3900.0,0.001,0.0375,,0.0,2.11968840215,1.059844201075
3.9010000000000002,3901.0,0.001,0.0375000000001,,0.0,2.11898122413,1.059490612065
3.902,3902.0,0.001,0.0375,,0.0,2.11826988468,1.05913494234
3.903,3903.0,0.001,0.0375,,0.0,2.11755439072,1.05877719536
3.904,3904.0,0.001,0.0375,,0.0,2.11683474918,1.05841737459
3.9050000000000002,3905.0,0.001,0.0375000000001,,0.0,2.11611096701,1.058055483505
3.906,3906.0,0.001,0.0375,,0.0,2.11538305118,1.05769152559
3.907,3907.0,0.001,0.0375,,0.0,2.11465100869,1.057325504345
3.908,3908.0,0.001,0.0375,,0.0,2.11391484654,1.05695742327
3.9090000000000003,3909.0,0.001,0.0375000000001,,0.0,2.11317457176,1.05658728588
3.91,3910.0,0.001,0.0375,,0.0,2.11243019139,1.056215095695
3.911,3911.0,0.001,0.0375,,0.0,2.11168171251,1.055840856255
3.912,3912.0,0.001,0.0375,,0.0,2.1109291422,1.0554645711
3.9130000000000003,3913.0,0.001,0.0375000000001,,0.0,2.11017248757,1.055086243785
3.914,3914.0,0.001,0.0375,,0.0,2.10941175573,1.054705877865
3.915,3915.0,0.001,0.0375,,0.0,2.10864695383,1.054323476915
3.916,3916.0,0.001,0.0375,,0.0,2.10787808903,1.053939044515
3.9170000000000003,3917.0,0.001,0.0375000000001,,0.0,2.1071051685,1.05355258425
3.918,3918.0,0.001,0.0375,,0.0,2.10632819945,1.053164099725
3.919,3919.0,0.001,0.0375,,0.0,2.10554718908,1.05277359454
3.92,3920.0,0.001,0.0375,,0.0,2.10476214464,1.05238107232
3.9210000000000003,3921.0,0.001,0.0375000000001,,0.0,2.10397307337,1.051986536685
3.922,3922.0,0.001,0.0375,,0.0,2.10317998254,1.05158999127
3.923,3923.0,0.001,0.0375,,0.0,2.10238287944,1.05119143972
3.924,3924.0,0.001,0.0375,,0.0,2.10158177137,1.050790885685
3.9250000000000003,3925.0,0.001,0.0375000000001,,0.0,2.1011802664,1.0505901332
3.926,3926.0,0.001,0.0375,,0.0,2.10104182501,1.050520912505
3.927,3927.0,0.001,0.0375,,0.0,2.10089889909,1.050449449545
3.928,3928.0,0.001,0.0375,,0.0,2.10075149203,1.050375746015
3.9290000000000003,3929.0,0.001,0.0375000000001,,0.0,2.10059960724,1.05029980362
3.93,3930.0,0.001,0.0375,,0.0,2.10044324817,1.050221624085
3.931,3931.0,0.001,0.0375,,0.0,2.10028241827,1.050141209135
3.932,3932.0,0.001,0.0375,,0.0,2.10011712103,1.050058560515
3.9330000000000003,3933.0,0.001,0.0375000000001,,0.0,2.09994735998,1.04997367999
3.934,3934.0,0.001,0.0375,,0.0,2.09977313865,1.049886569325
3.935,3935.0,0.001,0.0375,,0.0,2.09959446062,1.04979723031
3.936,3936.0,0.001,0.0375,,0.0,2.09941132948,1.04970566474
3.9370000000000003,3937.0,0.001,0.0375000000001,,0.0,2.09922374885,1.049611874425
3.938,3938.0,0.001,0.0375,,0.0,2.09903172238,1.04951586119
3.939,3939.0,0.001,0.0375,,0.0,2.09883525375,1.049417626875
3.94,3940.0,0.001,0.0375,,0.0,2.09863434666,1.04931717333
3.9410000000000003,3941.0,0.001,0.0375000000001,,0.0,2.09842900483,1.049214502415
3.942,3942.0,0.001,0.0375,,0.0,2.09821923202,1.04910961601
3.943,3943.0,0.001,0.0375,,0.0,2.098005032,1.049002516
3.944,3944.0,0.001,0.0375,,0.0,2.09778640858,1.04889320429
3.9450000000000003,3945.0,0.001,0.0375000000001,,0.0,2.09756336559,1.048781682795
3.946,3946.0,0.001,0.0375,,0.0,2.09733590688,1.04866795344
3.947,3947.0,0.001,0.0375,,0.0,2.09710403633,1.048552018165
3.948,3948.0,0.001,0.0375,,0.0,2.09686775786,1.04843387893
3.9490000000000003,3949.0,0.001,0.0375000000001,,0.0,2.09662707539,1.048313537695
3.95,3950.0,0.001,0.0375,,0.0,2.09638199288,1.04819099644
3.951,3951.0,0.001,0.0375,,0.0,2.09613251431,1.048066257155
3.952,3952.0,0.001,0.0375,,0.0,2.09587864369,1.047939321845
3.9530000000000003,3953.0,0.001,0.0375000000001,,0.0,2.09562038505,1.047810192525
3.954,3954.0,0.001,0.0375,,0.0,2.09535774246,1.04767887123
3.955,3955.0,0.001,0.0375,,0.0,2.09509071999,1.047545359995
3.956,3956.0,0.001,0.0375,,0.0,2.09481932175,1.047409660875
3.9570000000000003,3957.0,0.001,0.0375000000001,,0.0,2.09454355188,1.04727177594
3.958,3958.0,0.001,0.0375,,0.0,2.09426341453,1.047131707265
3.959,3959.0,0.001,0.0375,,0.0,2.09397891389,1.046989456945
3.96,3960.0,0.001,0.0375,,0.0,2.09369005416,1.04684502708
3.9610000000000003,3961.0,0.001,0.0375000000001,,0.0,2.09339683958,1.04669841979
3.962,3962.0,0.001,0.0375,,0.0,2.09309927441,1.046549637205
3.963,3963.0,0.001,0.0375,,0.0,2.09279736291,1.046398681455
3.964,3964.0,0.001,0.0375,,0.0,2.09249110941,1.046245554705
3.9650000000000003,3965.0,0.001,0.0375000000001,,0.0,2.09218051823,1.046090259115
3.966,3966.0,0.001,0.0375,,0.0,2.09186559372,1.04593279686
3.967,3967.0,0.001,0.0375,,0.0,2.09154634027,1.045773170135
3.968,3968.0,0.001,0.0375,,0.0,2.09122276227,1.045611381135
3.969,3969.0,0.001,0.0375,,0.0,2.09089486415,1.045447432075
3.97,3970.0,0.001,0.0375000000001,,0.0,2.09056265037,1.045281325185
3.971,3971.0,0.001,0.0375,,0.0,2.0902261254,1.0451130627
3.972,3972.0,0.001,0.0375,,0.0,2.08988529374,1.04494264687
3.973,3973.0,0.001,0.0375,,0.0,2.0895401599,1.04477007995
3.974,3974.0,0.001,0.0375000000001,,0.0,2.08919072845,1.044595364225
3.975,3975.0,0.001,0.0375,,0.0,2.08883700394,1.04441850197
3.976,3976.0,0.001,0.0375,,0.0,2.08847899097,1.044239495485
3.977,3977.0,0.001,0.0375,,0.0,2.08811669416,1.04405834708
3.978,3978.0,0.001,0.0375000000001,,0.0,2.08775011815,1.043875059075
3.979,3979.0,0.001,0.0375,,0.0,2.08737926761,1.043689633805
3.98,3980.0,0.001,0.0375,,0.0,2.08700414721,1.043502073605
3.981,3981.0,0.001,0.0375,,0.0,2.08662476168,1.04331238084
3.982,3982.0,0.001,0.0375000000001,,0.0,2.08624111575,1.043120557875
3.983,3983.0,0.001,0.0375,,0.0,2.08585321416,1.04292660708
3.984,3984.0,0.001,0.0375,,0.0,2.08546106172,1.04273053086
3.985,3985.0,0.001,0.0375,,0.0,2.08506466321,1.042532331605
3.986,3986.0,0.001,0.0375000000001,,0.0,2.08466402346,1.04233201173
3.987,3987.0,0.001,0.0375,,0.0,2.08425914733,1.042129573665
3.988,3988.0,0.001,0.0375,,0.0,2.08385003968,1.04192501984
3.989,3989.0,0.001,0.0375,,0.0,2.08343670541,1.041718352705
3.99,3990.0,0.001,0.0375000000001,,0.0,2.08301914943,1.041509574715
3.991,3991.0,0.001,0.0375,,0.0,2.08259737669,1.041298688345
3.992,3992.0,0.001,0.0375,,0.0,2.08217139216,1.04108569608
3.993,3993.0,0.001,0.0375,,0.0,2.0817412008,1.0408706004
3.994,3994.0,0.001,0.0375000000001,,0.0,2.08130680763,1.040653403815
3.995,3995.0,0.001,0.0375,,0.0,2.08086821769,1.040434108845
3.996,3996.0,0.001,0.0375,,0.0,2.08042543601,1.040212718005
3.997,3997.0,0.001,0.0375,,0.0,2.07997846768,1.03998923384
3.998,3998.0,0.001,0.0375000000001,,0.0,2.07952731779,1.039763658895
3.999,3999.0,0.001,0.0375,,0.0,2.07907199146,1.03953599573
4.0,4000.0,0.001,0.0375,,0.0,2.07861249383,1.039306246915
4.001,4001.0,0.001,0.0375000000001,,0.0,2.07814883005,1.039074415025
4.002,4002.0,0.000999999999999,0.0375,,0.0,2.07768100532,1.03884050266
4.003,4003.0,0.001,0.0375000000001,,0.0,2.07720902484,1.03860451242
4.0040000000000004,4004.0,0.001,0.0375000000001,,0.0,2.07673289383,1.038366446915
4.005,4005.0,0.000999999999999,0.0375,,0.0,2.07625261754,1.03812630877
4.006,4006.0,0.001,0.0375000000001,,0.0,2.07576820124,1.03788410062
4.007,4007.0,0.000999999999999,0.0375,,0.0,2.07527965023,1.037639825115
4.008,4008.0,0.001,0.0375000000001,,0.0,2.07478696981,1.037393484905
4.009,4009.0,0.001,0.0375000000001,,0.0,2.07429016532,1.03714508266
4.01,4010.0,0.000999999999999,0.0375,,0.0,2.07378924212,1.03689462106
4.011,4011.0,0.001,0.0375000000001,,0.0,2.07328420557,1.036642102785
4.0120000000000005,4012.0,0.001,0.0375000000001,,0.0,2.07277506107,1.036387530535
4.013,4013.0,0.000999999999999,0.0375,,0.0,2.07226181406,1.03613090703
4.014,4014.0,0.001,0.0375000000001,,0.0,2.07174446995,1.035872234975
4.015,4015.0,0.000999999999999,0.0375,,0.0,2.07122303421,1.035611517105
4.016,4016.0,0.001,0.0375000000001,,0.0,2.07069751233,1.035348756165
4.017,4017.0,0.001,0.0375000000001,,0.0,2.0701679098,1.0350839549
4.018,4018.0,0.000999999999999,0.0375,,0.0,2.06963423215,1.034817116075
4.019,4019.0,0.001,0.0375000000001,,0.0,2.0690964849,1.03454824245
4.0200000000000005,4020.0,0.001,0.0375000000001,,0.0,2.06855467364,1.03427733682
4.021,4021.0,0.000999999999999,0.0375,,0.0,2.06800880394,1.03400440197
4.022,4022.0,0.001,0.0375000000001,,0.0,2.06745888141,1.033729440705
4.023,4023.0,0.000999999999999,0.0375,,0.0,2.06690491166,1.03345245583
4.024,4024.0,0.001,0.0375000000001,,0.0,2.06634690034,1.03317345017
4.025,4025.0,0.001,0.0375000000001,,0.0,2.06578485311,1.032892426555
4.026,4026.0,0.000999999999999,0.0375,,0.0,2.06521877566,1.03260938783
4.027,4027.0,0.001,0.0375000000001,,0.0,2.06464867369,1.032324336845
4.0280000000000005,4028.0,0.001,0.0375000000001,,0.0,2.06407455293,1.032037276465
4.029,4029.0,0.000999999999999,0.0375,,0.0,2.06349641911,1.031748209555
4.03,4030.0,0.001,0.0375000000001,,0.0,2.062914278,1.031457139
4.031,4031.0,0.000999999999999,0.0375,,0.0,2.06232813538,1.03116406769
4.032,4032.0,0.001,0.0375000000001,,0.0,2.06173799705,1.030868998525
4.033,4033.0,0.001,0.0375000000001,,0.0,2.06114386883,1.030571934415
4.034,4034.0,0.000999999999999,0.0375,,0.0,2.06054575657,1.030272878285
4.035,4035.0,0.001,0.0375000000001,,0.0,2.05994366612,1.02997183306
4.0360000000000005,4036.0,0.001,0.0375000000001,,0.0,2.05933760336,1.02966880168
4.037,4037.0,0.000999999999999,0.0375,,0.0,2.05872757419,1.029363787095
4.038,4038.0,0.001,0.0375000000001,,0.0,2.05811358453,1.029056792265
4.039,4039.0,0.000999999999999,0.0375,,0.0,2.05749564031,1.028747820155
4.04,4040.0,0.001,0.0375000000001,,0.0,2.05700852355,1.028504261775
4.041,4041.0,0.001,0.0375000000001,,0.0,2.05678907583,1.028394537915
4.042,4042.0,0.000999999999999,0.0375,,0.0,2.05656544324,1.02828272162
4.043,4043.0,0.001,0.0375000000001,,0.0,2.05633762944,1.02816881472
4.0440000000000005,4044.0,0.001,0.0375000000001,,0.0,2.05610563813,1.028052819065
4.045,4045.0,0.000999999999999,0.0375,,0.0,2.05586947304,1.02793473652
4.046,4046.0,0.001,0.0375000000001,,0.0,2.05562913792,1.02781456896
4.047,4047.0,0.000999999999999,0.0375,,0.0,2.05538463653,1.027692318265
4.048,4048.0,0.001,0.0375000000001,,0.0,2.05513597267,1.027567986335
4.049,4049.0,0.001,0.0375000000001,,0.0,2.05488315015,1.027441575075
4.05,4050.0,0.000999999999999,0.0375,,0.0,2.0546261728,1.0273130864
4.051,4051.0,0.001,0.0375000000001,,0.0,2.05436504451,1.027182522255
4.0520000000000005,4052.0,0.001,0.0375000000001,,0.0,2.05409976913,1.027049884565
4.053,4053.0,0.000999999999999,0.0375,,0.0,2.05383035059,1.026915175295
4.054,4054.0,0.001,0.0375000000001,,0.0,2.05355679282,1.02677839641
4.055,4055.0,0.000999999999999,0.0375,,0.0,2.05327909975,1.026639549875
4.056,4056.0,0.001,0.0375000000001,,0.0,2.05299727539,1.026498637695
4.057,4057.0,0.001,0.0375000000001,,0.0,2.0527113237,1.02635566185
4.058,4058.0,0.000999999999999,0.0375,,0.0,2.05242124873,1.026210624365
4.059,4059.0,0.001,0.0375000000001,,0.0,2.05212705451,1.026063527255
4.0600000000000005,4060.0,0.001,0.0375000000001,,0.0,2.0518287451,1.02591437255
4.061,4061.0,0.000999999999999,0.0375,,0.0,2.0515263246,1.0257631623
4.062,4062.0,0.001,0.0375000000001,,0.0,2.05121979711,1.025609898555
4.063,4063.0,0.000999999999999,0.0375,,0.0,2.05090916677,1.025454583385
4.064,4064.0,0.001,0.0375000000001,,0.0,2.05059443772,1.02529721886
4.065,4065.0,0.001,0.0375000000001,,0.0,2.05027561414,1.02513780707
4.066,4066.0,0.000999999999999,0.0375,,0.0,2.04995270024,1.02497635012
4.067,4067.0,0.001,0.0375000000001,,0.0,2.04962570023,1.024812850115
4.0680000000000005,4068.0,0.001,0.0375000000001,,0.0,2.04929461835,1.024647309175
4.069,4069.0,0.000999999999999,0.0375,,0.0,2.04895945887,1.024479729435
4.07,4070.0,0.001,0.0375000000001,,0.0,2.04862022607,1.024310113035
4.071,4071.0,0.000999999999999,0.0375,,0.0,2.04827692425,1.024138462125
4.072,4072.0,0.001,0.0375000000001,,0.0,2.04792955775,1.023964778875
4.073,4073.0,0.001,0.0375000000001,,0.0,2.04757813092,1.02378906546
4.074,4074.0,0.000999999999999,0.0375,,0.0,2.04722264812,1.02361132406
4.075,4075.0,0.001,0.0375000000001,,0.0,2.04686311376,1.02343155688
4.0760000000000005,4076.0,0.001,0.0375000000001,,0.0,2.04649953223,1.023249766115
4.077,4077.0,0.000999999999999,0.0375,,0.0,2.04613190799,1.023065953995
4.078,4078.0,0.001,0.0375000000001,,0.0,2.04576024548,1.02288012274
4.079,4079.0,0.000999999999999,0.0375,,0.0,2.04538454918,1.02269227459
4.08,4080.0,0.001,0.0375000000001,,0.0,2.0450048236,1.0225024118
4.081,4081.0,0.001,0.0375000000001,,0.0,2.04462107325,1.022310536625
4.082,4082.0,0.000999999999999,0.0375,,0.0,2.04423330267,1.022116651335
4.083,4083.0,0.001,0.0375000000001,,0.0,2.04384151643,1.021920758215
4.0840000000000005,4084.0,0.001,0.0375000000001,,0.0,2.0434457191,1.02172285955
4.085,4085.0,0.000999999999999,0.0375,,0.0,2.04304591529,1.021522957645
4.086,4086.0,0.001,0.0375000000001,,0.0,2.04264210963,1.021321054815
4.087,4087.0,0.000999999999999,0.0375,,0.0,2.04223430675,1.021117153375
4.088,4088.0,0.001,0.0375000000001,,0.0,2.04182251133,1.020911255665
4.089,4089.0,0.001,0.0375000000001,,0.0,2.04140672805,1.020703364025
4.09,4090.0,0.000999999999999,0.0375,,0.0,2.04098696161,1.020493480805
4.091,4091.0,0.001,0.0375000000001,,0.0,2.04056321675,1.020281608375
4.0920000000000005,4092.0,0.001,0.0375000000001,,0.0,2.0401354982,1.0200677491
4.093,4093.0,0.000999999999999,0.0375,,0.0,2.03976046949,1.019880234745
4.094,4094.0,0.001,0.0375000000001,,0.0,2.03968308228,1.01984154114
4.095,4095.0,0.000999999999999,0.0375,,0.0,2.03960152418,1.01980076209
4.096,4096.0,0.001,0.0375000000001,,0.0,2.03951579791,1.019757898955
4.097,4097.0,0.001,0.0375000000001,,0.0,2.03942590625,1.019712953125
4.098,4098.0,0.000999999999999,0.0375,,0.0,2.03933185197,1.019665925985
4.099,4099.0,0.001,0.0375000000001,,0.0,2.03923363789,1.019616818945
4.1,4100.0,0.000999999999999,0.0375,,0.0,2.03913126683,1.019565633415
4.101,4101.0,0.001,0.0375000000001,,0.0,2.03902474166,1.01951237083
4.102,4102.0,0.001,0.0375000000001,,0.0,2.03891406525,1.019457032625
4.103,4103.0,0.000999999999999,0.0375,,0.0,2.03879924051,1.019399620255
4.104,4104.0,0.001,0.0375000000001,,0.0,2.03868027037,1.019340135185
4.105,4105.0,0.001,0.0375000000001,,0.0,2.03855715778,1.01927857889
4.106,4106.0,0.000999999999999,0.0375,,0.0,2.03842990571,1.019214952855
4.107,4107.0,0.001,0.0375000000001,,0.0,2.03829851716,1.01914925858
4.108,4108.0,0.000999999999999,0.0375,,0.0,2.03816299516,1.01908149758
4.109,4109.0,0.001,0.0375000000001,,0.0,2.03802334275,1.019011671375
4.11,4110.0,0.001,0.0375000000001,,0.0,2.037879563,1.0189397815
4.111,4111.0,0.000999999999999,0.0375,,0.0,2.037731659,1.0188658295
4.112,4112.0,0.001,0.0375000000001,,0.0,2.03757963387,1.018789816935
4.113,4113.0,0.001,0.0375000000001,,0.0,2.03742349075,1.018711745375
4.114,4114.0,0.000999999999999,0.0375,,0.0,2.0372632328,1.0186316164
4.115,4115.0,0.001,0.0375000000001,,0.0,2.0370988632,1.0185494316
4.116,4116.0,0.000999999999999,0.0375,,0.0,2.03693038516,1.01846519258
4.117,4117.0,0.001,0.0375000000001,,0.0,2.03675780193,1.018378900965
4.118,4118.0,0.001,0.0375000000001,,0.0,2.03658111674,1.01829055837
4.119,4119.0,0.000999999999999,0.0375,,0.0,2.03640033288,1.01820016644
4.12,4120.0,0.001,0.0375000000001,,0.0,2.03621545364,1.01810772682
4.121,4121.0,0.001,0.0375000000001,,0.0,2.03602648236,1.01801324118
4.122,4122.0,0.000999999999999,0.0375,,0.0,2.03583342237,1.017916711185
4.123,4123.0,0.001,0.0375000000001,,0.0,2.03563627705,1.017818138525
4.124,4124.0,0.000999999999999,0.0375,,0.0,2.03543504979,1.017717524895
4.125,4125.0,0.001,0.0375000000001,,0.0,2.03522974399,1.017614871995
4.126,4126.0,0.001,0.0375000000001,,0.0,2.0350203631,1.01751018155
4.127,4127.0,0.000999999999999,0.0375,,0.0,2.03480691058,1.01740345529
4.128,4128.0,0.001,0.0375000000001,,0.0,2.0345893899,1.01729469495
4.1290000000000004,4129.0,0.001,0.0375000000001,,0.0,2.03436780458,1.01718390229
4.13,4130.0,0.000999999999999,0.0375,,0.0,2.03414215813,1.017071079065
4.131,4131.0,0.001,0.0375000000001,,0.0,2.0339124541,1.01695622705
4.132,4132.0,0.000999999999999,0.0375,,0.0,2.03367869607,1.016839348035
4.133,4133.0,0.001,0.0375000000001,,0.0,2.03344088763,1.016720443815
4.134,4134.0,0.001,0.0375000000001,,0.0,2.03319903239,1.016599516195
4.135,4135.0,0.000999999999999,0.0375,,0.0,2.03295313399,1.016476566995
4.136,4136.0,0.001,0.0375000000001,,0.0,2.03270319609,1.016351598045
4.1370000000000005,4137.0,0.001,0.0375000000001,,0.0,2.03244922236,1.01622461118
4.138,4138.0,0.000999999999999,0.0375,,0.0,2.03219121652,1.01609560826
4.139,4139.0,0.001,0.0375000000001,,0.0,2.03192918228,1.01596459114
4.14,4140.0,0.000999999999999,0.0375,,0.0,2.03166312339,1.015831561695
4.141,4141.0,0.001,0.0375000000001,,0.0,2.03139304363,1.015696521815
4.142,4142.0,0.001,0.0375000000001,,0.0,2.03111894677,1.015559473385
4.143,4143.0,0.000999999999999,0.0375,,0.0,2.03084083663,1.015420418315
4.144,4144.0,0.001,0.0375000000001,,0.0,2.03055871705,1.015279358525
4.1450000000000005,4145.0,0.001,0.0375000000001,,0.0,2.03027259187,1.015136295935
4.146,4146.0,0.000999999999999,0.0375,,0.0,2.02998246497,1.014991232485
4.147,4147.0,0.001,0.0375000000001,,0.0,2.02968834025,1.014844170125
4.148,4148.0,0.000999999999999,0.0375,,0.0,2.02939022163,1.014695110815
4.149,4149.0,0.001,0.0375000000001,,0.0,2.02908811305,1.014544056525
4.15,4150.0,0.001,0.0375000000001,,0.0,2.02878201846,1.01439100923
4.151,4151.0,0.000999999999999,0.0375,,0.0,2.02847194186,1.01423597093
4.152,4152.0,0.001,0.0375000000001,,0.0,2.02815788723,1.014078943615
4.1530000000000005,4153.0,0.001,0.0375000000001,,0.0,2.02783985861,1.013919929305
4.154,4154.0,0.000999999999999,0.0375,,0.0,2.02751786004,1.01375893002
4.155,4155.0,0.001,0.0375000000001,,0.0,2.02719189559,1.013595947795
4.156,4156.0,0.000999999999999,0.0375,,0.0,2.02686196933,1.013430984665
4.157,4157.0,0.001,0.0375000000001,,0.0,2.02652808539,1.013264042695
4.158,4158.0,0.001,0.0375000000001,,0.0,2.02619024789,1.013095123945
4.159,4159.0,0.000999999999999,0.0375,,0.0,2.02584846097,1.012924230485
4.16,4160.0,0.001,0.0375000000001,,0.0,2.0255027288,1.0127513644
4.1610000000000005,4161.0,0.001,0.0375000000001,,0.0,2.02515305558,1.01257652779
4.162,4162.0,0.000999999999999,0.0375,,0.0,2.02479944551,1.012399722755
4.163,4163.0,0.001,0.0375000000001,,0.0,2.02444190283,1.012220951415
4.164,4164.0,0.000999999999999,0.0375,,0.0,2.02408043179,1.012040215895
4.165,4165.0,0.001,0.0375000000001,,0.0,2.02371503665,1.011857518325
4.166,4166.0,0.001,0.0375000000001,,0.0,2.02334572171,1.011672860855
4.167,4167.0,0.000999999999999,0.0375,,0.0,2.02297249128,1.01148624564
4.168,4168.0,0.001,0.0375000000001,,0.0,2.0225953497,1.01129767485
4.1690000000000005,4169.0,0.001,0.0375000000001,,0.0,2.0222143013,1.01110715065
4.17,4170.0,0.000999999999999,0.0375,,0.0,2.02182935048,1.01091467524
4.171,4171.0,0.001,0.0375000000001,,0.0,2.02144050161,1.010720250805
4.172,4172.0,0.000999999999999,0.0375,,0.0,2.0210477591,1.01052387955
4.173,4173.0,0.001,0.0375000000001,,0.0,2.0206511274,1.0103255637
4.174,4174.0,0.001,0.0375000000001,,0.0,2.02025061095,1.010125305475
4.175,4175.0,0.000999999999999,0.0375,,0.0,2.01984621422,1.00992310711
4.176,4176.0,0.001,0.0375000000001,,0.0,2.01943794171,1.009718970855
4.1770000000000005,4177.0,0.001,0.0375000000001,,0.0,2.01902579791,1.009512898955
4.178,4178.0,0.000999999999999,0.0375,,0.0,2.01860978737,1.009304893685
4.179,4179.0,0.001,0.0375000000001,,0.0,2.01818991463,1.009094957315
4.18,4180.0,0.000999999999999,0.0375,,0.0,2.01776618425,1.008883092125
4.181,4181.0,0.001,0.0375000000001,,0.0,2.01733860083,1.008669300415
4.182,4182.0,0.001,0.0375000000001,,0.0,2.01690716898,1.00845358449
4.183,4183.0,0.000999999999999,0.0375,,0.0,2.01647189331,1.008235946655
4.184,4184.0,0.001,0.0375000000001,,0.0,2.01603277847,1.008016389235
4.1850000000000005,4185.0,0.001,0.0375000000001,,0.0,2.01558982914,1.00779491457
4.186,4186.0,0.000999999999999,0.0375,,0.0,2.01514304998,1.00757152499
4.187,4187.0,0.001,0.0375000000001,,0.0,2.01469244571,1.007346222855
4.188,4188.0,0.000999999999999,0.0375,,0.0,2.01423802104,1.00711901052
4.189,4189.0,0.001,0.0375000000001,,0.0,2.01377978071,1.006889890355
4.19,4190.0,0.001,0.0375000000001,,0.0,2.01331772949,1.006658864745
4.191,4191.0,0.000999999999999,0.0375,,0.0,2.01285187214,1.00642593607
4.192,4192.0,0.001,0.0375000000001,,0.0,2.01238221347,1.006191106735
4.1930000000000005,4193.0,0.001,0.0375000000001,,0.0,2.01190875829,1.005954379145
4.194,4194.0,0.000999999999999,0.0375,,0.0,2.01143151143,1.005715755715
4.195,4195.0,0.001,0.0375000000001,,0.0,2.01095047774,1.00547523887
4.196,4196.0,0.000999999999999,0.0375,,0.0,2.01046566209,1.005232831045
4.197,4197.0,0.001,0.0375000000001,,0.0,2.00997706938,1.00498853469
4.198,4198.0,0.001,0.0375000000001,,0.0,2.0094847045,1.00474235225
4.199,4199.0,0.000999999999999,0.0375,,0.0,2.00898857238,1.00449428619
4.2,4200.0,0.001,0.0375000000001,,0.0,2.00848867796,1.00424433898
4.2010000000000005,4201.0,0.001,0.0375000000001,,0.0,2.00798502621,1.003992513105
4.202,4202.0,0.000999999999999,0.0375,,0.0,2.0074776221,1.00373881105
4.203,4203.0,0.001,0.0375000000001,,0.0,2.00696647063,1.003483235315
4.204,4204.0,0.000999999999999,0.0375,,0.0,2.0064515768,1.0032257884
4.205,4205.0,0.001,0.0375000000001,,0.0,2.00593294566,1.00296647283
4.206,4206.0,0.001,0.0375000000001,,0.0,2.00541058226,1.00270529113
4.207,4207.0,0.000999999999999,0.0375,,0.0,2.00488449165,1.002442245825
4.208,4208.0,0.001,0.0375000000001,,0.0,2.00435467893,1.002177339465
4.2090000000000005,4209.0,0.001,0.0375000000001,,0.0,2.0038211492,1.0019105746
4.21,4210.0,0.000999999999999,0.0375,,0.0,2.00328390758,1.00164195379
4.211,4211.0,0.001,0.0375000000001,,0.0,2.00274295919,1.001371479595
4.212,4212.0,0.000999999999999,0.0375,,0.0,2.00219830921,1.001099154605
4.213,4213.0,0.001,0.0375000000001,,0.0,2.0016499628,1.0008249814
4.214,4214.0,0.001,0.0375000000001,,0.0,2.00109792515,1.000548962575
4.215,4215.0,0.000999999999999,0.0375,,0.0,2.00054220147,1.000271100735
4.216,4216.0,0.001,0.0375000000001,,0.0,1.99998279697,0.999991398485
4.2170000000000005,4217.0,0.001,0.0375000000001,,0.0,1.9994197169,0.99970985845
4.218,4218.0,0.000999999999999,0.0375,,0.0,1.99885296652,0.99942648326
4.219,4219.0,0.001,0.0375000000001,,0.0,1.9982825511,0.99914127555
4.22,4220.0,0.000999999999999,0.0375,,0.0,1.99770847593,0.998854237965
4.221,4221.0,0.001,0.0375000000001,,0.0,1.99713074632,0.99856537316
4.222,4222.0,0.001,0.0375000000001,,0.0,1.99654936759,0.998274683795
4.223,4223.0,0.000999999999999,0.0375,,0.0,1.99596434508,0.99798217254
4.224,4224.0,0.001,0.0375000000001,,0.0,1.99537568415,0.997687842075
4.225,4225.0,0.000999999999999,0.0375,,0.0,1.99478339018,0.99739169509
4.226,4226.0,0.001,0.0375000000001,,0.0,1.99418746855,0.997093734275
4.227,4227.0,0.001,0.0375000000001,,0.0,1.99358792468,0.99679396234
4.228,4228.0,0.000999999999999,0.0375,,0.0,1.99298476397,0.996492381985
4.229,4229.0,0.001,0.0375000000001,,0.0,1.99237799188,0.99618899594
4.23,4230.0,0.001,0.0375000000001,,0.0,1.99176761386,0.99588380693
4.231,4231.0,0.000999999999999,0.0375,,0.0,1.99115363538,0.99557681769
4.232,4232.0,0.001,0.0375000000001,,0.0,1.99053606192,0.99526803096
4.233,4233.0,0.000999999999999,0.0375,,0.0,1.98991489899,0.994957449495
4.234,4234.0,0.001,0.0375000000001,,0.0,1.98929015211,0.994645076055
4.235,4235.0,0.001,0.0375000000001,,0.0,1.98866182681,0.994330913405
4.236,4236.0,0.000999999999999,0.0375,,0.0,1.98802992864,0.99401496432
4.237,4237.0,0.001,0.0375000000001,,0.0,1.98739446317,0.993697231585
4.238,4238.0,0.001,0.0375000000001,,0.0,1.98675543599,0.993377717995
4.239,4239.0,0.000999999999999,0.0375,,0.0,1.98611285268,0.99305642634
4.24,4240.0,0.001,0.0375000000001,,0.0,1.98546671887,0.992733359435
4.241,4241.0,0.000999999999999,0.0375,,0.0,1.98481704017,0.992408520085
4.242,4242.0,0.001,0.0375000000001,,0.0,1.98416382224,0.99208191112
4.243,4243.0,0.001,0.0375000000001,,0.0,1.98350707073,0.991753535365
4.244,4244.0,0.000999999999999,0.0375,,0.0,1.98284679131,0.991423395655
4.245,4245.0,0.001,0.0375000000001,,0.0,1.98218298968,0.99109149484
4.246,4246.0,0.001,0.0375000000001,,0.0,1.98151567154,0.99075783577
4.247,4247.0,0.000999999999999,0.0375,,0.0,1.98084484261,0.990422421305
4.248,4248.0,0.001,0.0375000000001,,0.0,1.98017050861,0.990085254305
4.249,4249.0,0.000999999999999,0.0375,,0.0,1.97949267531,0.989746337655
4.25,4250.0,0.001,0.0375000000001,,0.0,1.97881134847,0.989405674235
4.251,4251.0,0.001,0.0375000000001,,0.0,1.97812653386,0.98906326693
4.252,4252.0,0.000999999999999,0.0375,,0.0,1.97743823727,0.988719118635
4.253,4253.0,0.001,0.0375000000001,,0.0,1.97674646452,0.98837323226
4.2540000000000004,4254.0,0.001,0.0375000000001,,0.0,1.97605122143,0.988025610715
4.255,4255.0,0.000999999999999,0.0375,,0.0,1.97535251383,0.987676256915
4.256,4256.0,0.001,0.0375000000001,,0.0,1.97465034757,0.987325173785
4.257,4257.0,0.000999999999999,0.0375,,0.0,1.97394472852,0.98697236426
4.258,4258.0,0.001,0.0375000000001,,0.0,1.97323566257,0.986617831285
4.259,4259.0,0.001,0.0375000000001,,0.0,1.97252315559,0.986261577795
4.26,4260.0,0.000999999999999,0.0375,,0.0,1.97200280234,0.98600140117
4.261,4261.0,0.001,0.0375000000001,,0.0,1.97182603207,0.985913016035
4.2620000000000005,4262.0,0.001,0.0375000000001,,0.0,1.97164548408,0.98582274204
4.263,4263.0,0.000999999999999,0.0375,,0.0,1.97146116138,0.98573058069
4.264,4264.0,0.001,0.0375000000001,,0.0,1.97127306703,0.985636533515
4.265,4265.0,0.000999999999999,0.0375,,0.0,1.97108120409,0.985540602045
4.266,4266.0,0.001,0.0375000000001,,0.0,1.97088557566,0.98544278783
4.267,4267.0,0.001,0.0375000000001,,0.0,1.97068618482,0.98534309241
4.268,4268.0,0.000999999999999,0.0375,,0.0,1.97048303472,0.98524151736
4.269,4269.0,0.001,0.0375000000001,,0.0,1.97027612849,0.985138064245
4.2700000000000005,4270.0,0.001,0.0375000000001,,0.0,1.97006546931,0.985032734655
4.271,4271.0,0.000999999999999,0.0375,,0.0,1.96985106036,0.98492553018
4.272,4272.0,0.001,0.0375000000001,,0.0,1.96963290484,0.98481645242
4.273,4273.0,0.000999999999999,0.0375,,0.0,1.96941100598,0.98470550299
4.274,4274.0,0.001,0.0375000000001,,0.0,1.96918536703,0.984592683515
4.275,4275.0,0.001,0.0375000000001,,0.0,1.96895599124,0.98447799562
4.276,4276.0,0.000999999999999,0.0375,,0.0,1.9687228819,0.98436144095
4.277,4277.0,0.001,0.0375000000001,,0.0,1.96848604231,0.984243021155
4.2780000000000005,4278.0,0.001,0.0375000000001,,0.0,1.9682454758,0.9841227379
4.279,4279.0,0.000999999999999,0.0375,,0.0,1.9680011857,0.98400059285
4.28,4280.0,0.001,0.0375000000001,,0.0,1.96775317537,0.983876587685
4.281,4281.0,0.000999999999999,0.0375,,0.0,1.9675014482,0.9837507241
4.282,4282.0,0.001,0.0375000000001,,0.0,1.96724600759,0.983623003795
4.283,4283.0,0.001,0.0375000000001,,0.0,1.96698685694,0.98349342847
4.284,4284.0,0.000999999999999,0.0375,,0.0,1.9667239997,0.98336199985
4.285,4285.0,0.001,0.0375000000001,,0.0,1.96645743932,0.98322871966
4.2860000000000005,4286.0,0.001,0.0375000000001,,0.0,1.96618717928,0.98309358964
4.287,4287.0,0.000999999999999,0.0375,,0.0,1.96591322307,0.982956611535
4.288,4288.0,0.001,0.0375000000001,,0.0,1.9656355742,0.9828177871
4.289,4289.0,0.000999999999999,0.0375,,0.0,1.9653542362,0.9826771181
4.29,4290.0,0.001,0.0375000000001,,0.0,1.96506921263,0.982534606315
4.291,4291.0,0.001,0.0375000000001,,0.0,1.96478050705,0.982390253525
4.292,4292.0,0.000999999999999,0.0375,,0.0,1.96448812304,0.98224406152
4.293,4293.0,0.001,0.0375000000001,,0.0,1.96419206422,0.98209603211
4.2940000000000005,4294.0,0.001,0.0375000000001,,0.0,1.96389233421,0.981946167105
4.295,4295.0,0.000999999999999,0.0375,,0.0,1.96358893665,0.981794468325
4.296,4296.0,0.001,0.0375000000001,,0.0,1.9632818752,0.9816409376
4.297,4297.0,0.000999999999999,0.0375,,0.0,1.96297115354,0.98148557677
4.298,4298.0,0.001,0.0375000000001,,0.0,1.96265677537,0.981328387685
4.299,4299.0,0.001,0.0375000000001,,0.0,1.9623387444,0.9811693722
4.3,4300.0,0.000999999999999,0.0375,,0.0,1.96201706437,0.981008532185
4.301,4301.0,0.001,0.0375000000001,,0.0,1.96169173903,0.980845869515
4.3020000000000005,4302.0,0.001,0.0375000000001,,0.0,1.96136277215,0.980681386075
4.303,4303.0,0.000999999999999,0.0375,,0.0,1.96103016752,0.98051508376
4.304,4304.0,0.001,0.0375000000001,,0.0,1.96069392895,0.980346964475
4.305,4305.0,0.000999999999999,0.0375,,0.0,1.96035406026,0.98017703013
4.306,4306.0,0.001,0.0375000000001,,0.0,1.96001056529,0.980005282645
4.307,4307.0,0.001,0.0375000000001,,0.0,1.9596634479,0.97983172395
4.308,4308.0,0.000999999999999,0.0375,,0.0,1.95931271197,0.979656355985
4.309,4309.0,0.001,0.0375000000001,,0.0,1.9589583614,0.9794791807
4.3100000000000005,4310.0,0.001,0.0375000000001,,0.0,1.9586004001,0.97930020005
4.311,4311.0,0.000999999999999,0.0375,,0.0,1.958238832,0.979119416
4.312,4312.0,0.001,0.0375000000001,,0.0,1.95787366105,0.978936830525
4.313,4313.0,0.000999999999999,0.0375,,0.0,1.95750489121,0.978752445605
4.314,4314.0,0.001,0.0375000000001,,0.0,1.95713252648,0.97856626324
4.315,4315.0,0.001,0.0375000000001,,0.0,1.95675657084,0.97837828542
4.316,4316.0,0.000999999999999,0.0375,,0.0,1.95637702832,0.97818851416
4.317,4317.0,0.001,0.0375000000001,,0.0,1.95599390296,0.97799695148
4.3180000000000005,4318.0,0.001,0.0375000000001,,0.0,1.95560719881,0.977803599405
4.319,4319.0,0.000999999999999,0.0375,,0.0,1.95521691993,0.977608459965
4.32,4320.0,0.001,0.0375000000001,,0.0,1.95482307042,0.97741153521
4.321,4321.0,0.000999999999999,0.0375,,0.0,1.95442565438,0.97721282719
4.322,4322.0,0.001,0.0375000000001,,0.0,1.95402467593,0.977012337965
4.323,4323.0,0.001,0.0375000000001,,0.0,1.95362013921,0.976810069605
4.324,4324.0,0.000999999999999,0.0375,,0.0,1.95321204838,0.97660602419
4.325,4325.0,0.001,0.0375000000001,,0.0,1.95280040761,0.976400203805
4.3260000000000005,4326.0,0.001,0.0375000000001,,0.0,1.95238522109,0.976192610545
4.327,4327.0,0.000999999999999,0.0375,,0.0,1.95196649301,0.975983246505
4.328,4328.0,0.001,0.0375000000001,,0.0,1.95154422762,0.97577211381
4.329,4329.0,0.000999999999999,0.0375,,0.0,1.95111842914,0.97555921457
4.33,4330.0,0.001,0.0375000000001,,0.0,1.95068910184,0.97534455092
4.331,4331.0,0.001,0.0375000000001,,0.0,1.95025624998,0.97512812499
4.332,4332.0,0.000999999999999,0.0375,,0.0,1.94981987786,0.97490993893
4.333,4333.0,0.001,0.0375000000001,,0.0,1.94937998978,0.97468999489
4.3340000000000005,4334.0,0.001,0.0375000000001,,0.0,1.94893659006,0.97446829503
4.335,4335.0,0.000999999999999,0.0375,,0.0,1.94848968304,0.97424484152
4.336,4336.0,0.001,0.0375000000001,,0.0,1.94803927308,0.97401963654
4.337,4337.0,0.000999999999999,0.0375,,0.0,1.94758536455,0.973792682275
4.338,4338.0,0.001,0.0375000000001,,0.0,1.94712796183,0.973563980915
4.339,4339.0,0.001,0.0375000000001,,0.0,1.94666706932,0.97333353466
4.34,4340.0,0.000999999999999,0.0375,,0.0,1.94620269146,0.97310134573
4.341,4341.0,0.001,0.0375000000001,,0.0,1.94573483267,0.972867416335
4.3420000000000005,4342.0,0.001,0.0375000000001,,0.0,1.9452634974,0.9726317487
4.343,4343.0,0.000999999999999,0.0375,,0.0,1.94478869013,0.972394345065
4.344,4344.0,0.001,0.0375000000001,,0.0,1.94431041533,0.972155207665
4.345,4345.0,0.000999999999999,0.0375,,0.0,1.94382867751,0.971914338755
4.346,4346.0,0.001,0.0375000000001,,0.0,1.94334348117,0.971671740585
4.347,4347.0,0.001,0.0375000000001,,0.0,1.94285483086,0.97142741543
4.348,4348.0,0.000999999999999,0.0375,,0.0,1.94236273111,0.971181365555
4.349,4349.0,0.001,0.0375000000001,,0.0,1.94186718649,0.970933593245
4.3500000000000005,4350.0,0.001,0.0375000000001,,0.0,1.94136820157,0.970684100785
4.351,4351.0,0.000999999999999,0.0375,,0.0,1.94086578095,0.970432890475
4.352,4352.0,0.001,0.0375000000001,,0.0,1.94035992924,0.97017996462
4.353,4353.0,0.000999999999999,0.0375,,0.0,1.93985065105,0.969925325525
4.354,4354.0,0.001,0.0375000000001,,0.0,1.93933795104,0.96966897552
4.355,4355.0,0.001,0.0375000000001,,0.0,1.93882183384,0.96941091692
4.356,4356.0,0.000999999999999,0.0375,,0.0,1.93830230414,0.96915115207
4.357,4357.0,0.001,0.0375000000001,,0.0,1.93777936661,0.968889683305
4.358,4358.0,0.000999999999999,0.0375,,0.0,1.93725302596,0.96862651298
4.359,4359.0,0.001,0.0375000000001,,0.0,1.9367232869,0.96836164345
4.36,4360.0,0.001,0.0375000000001,,0.0,1.93619015416,0.96809507708
4.361,4361.0,0.000999999999999,0.0375,,0.0,1.93565363248,0.96782681624
4.362,4362.0,0.001,0.0375000000001,,0.0,1.93511372663,0.967556863315
4.363,4363.0,0.001,0.0375000000001,,0.0,1.93457044137,0.967285220685
4.364,4364.0,0.000999999999999,0.0375,,0.0,1.9340237815,0.96701189075
4.365,4365.0,0.001,0.0375000000001,,0.0,1.93347375181,0.966736875905
4.366,4366.0,0.000999999999999,0.0375,,0.0,1.93292035714,0.96646017857
4.367,4367.0,0.001,0.0375000000001,,0.0,1.9323636023,0.96618180115
4.368,4368.0,0.001,0.0375000000001,,0.0,1.93180349215,0.965901746075
4.369,4369.0,0.000999999999999,0.0375,,0.0,1.93124003155,0.965620015775
4.37,4370.0,0.001,0.0375000000001,,0.0,1.93067322537,0.965336612685
4.371,4371.0,0.001,0.0375000000001,,0.0,1.93010307851,0.965051539255
4.372,4372.0,0.000999999999999,0.0375,,0.0,1.92952959587,0.964764797935
4.373,4373.0,0.001,0.0375000000001,,0.0,1.92895278237,0.964476391185
4.374,4374.0,0.000999999999999,0.0375,,0.0,1.92837264293,0.964186321465
4.375,4375.0,0.001,0.0375000000001,,0.0,1.92778918252,0.96389459126
4.376,4376.0,0.001,0.0375000000001,,0.0,1.92720240609,0.963601203045
4.377,4377.0,0.000999999999999,0.0375,,0.0,1.92661231861,0.963306159305
4.378,4378.0,0.001,0.0375000000001,,0.0,1.92601892507,0.963009462535
4.3790000000000004,4379.0,0.001,0.0375000000001,,0.0,1.92542223048,0.96271111524
4.38,4380.0,0.000999999999999,0.0375,,0.0,1.92482223986,0.96241111993
4.381,4381.0,0.001,0.0375000000001,,0.0,1.92421895822,0.96210947911
4.382,4382.0,0.000999999999999,0.0375,,0.0,1.92361239063,0.961806195315
4.383,4383.0,0.001,0.0375000000001,,0.0,1.92300254214,0.96150127107
4.384,4384.0,0.001,0.0375000000001,,0.0,1.92238941781,0.961194708905
4.385,4385.0,0.000999999999999,0.0375,,0.0,1.92177302273,0.960886511365
4.386,4386.0,0.001,0.0375000000001,,0.0,1.92115336201,0.960576681005
4.3870000000000005,4387.0,0.001,0.0375000000001,,0.0,1.92053044075,0.960265220375
4.388,4388.0,0.000999999999999,0.0375,,0.0,1.91990426408,0.95995213204
4.389,4389.0,0.001,0.0375000000001,,0.0,1.91927483714,0.95963741857
4.39,4390.0,0.000999999999999,0.0375,,0.0,1.91864216507,0.959321082535
4.391,4391.0,0.001,0.0375000000001,,0.0,1.91800625305,0.959003126525
4.392,4392.0,0.001,0.0375000000001,,0.0,1.91736710625,0.958683553125
4.393,4393.0,0.000999999999999,0.0375,,0.0,1.91672472987,0.958362364935
4.394,4394.0,0.001,0.0375000000001,,0.0,1.91607912911,0.958039564555
4.3950000000000005,4395.0,0.001,0.0375000000001,,0.0,1.91543030917,0.957715154585
4.396,4396.0,0.000999999999999,0.0375,,0.0,1.91477827531,0.957389137655
4.397,4397.0,0.001,0.0375000000001,,0.0,1.91412303275,0.957061516375
4.398,4398.0,0.000999999999999,0.0375,,0.0,1.91346458676,0.95673229338
4.399,4399.0,0.001,0.0375000000001,,0.0,1.9128029426,0.9564014713
4.4,4400.0,0.001,0.0375000000001,,0.0,1.91213810555,0.956069052775
4.401,4401.0,0.000999999999999,0.0375,,0.0,1.91147008092,0.95573504046
4.402,4402.0,0.001,0.0375000000001,,0.0,1.91079887399,0.955399436995
4.4030000000000005,4403.0,0.001,0.0375000000001,,0.0,1.9101244901,0.95506224505
4.404,4404.0,0.000999999999999,0.0375,,0.0,1.90944693457,0.954723467285
4.405,4405.0,0.001,0.0375000000001,,0.0,1.90876621274,0.95438310637
4.406,4406.0,0.000999999999999,0.0375,,0.0,1.90808232998,0.95404116499
4.407,4407.0,0.001,0.0375000000001,,0.0,1.90739529166,0.95369764583
4.408,4408.0,0.001,0.0375000000001,,0.0,1.90670510314,0.95335255157
4.409,4409.0,0.000999999999999,0.0375,,0.0,1.90601176982,0.95300588491
4.41,4410.0,0.001,0.0375000000001,,0.0,1.90531529712,0.95265764856
4.4110000000000005,4411.0,0.001,0.0375000000001,,0.0,1.90461569044,0.95230784522
4.412,4412.0,0.000999999999999,0.0375,,0.0,1.90391295521,0.951956477605
4.413,4413.0,0.001,0.0375000000001,,0.0,1.90320709688,0.95160354844
4.414,4414.0,0.000999999999999,0.0375,,0.0,1.90249812089,0.951249060445
4.415,4415.0,0.001,0.0375000000001,,0.0,1.90178603271,0.950893016355
4.416,4416.0,0.001,0.0375000000001,,0.0,1.90107083782,0.95053541891
4.417,4417.0,0.000999999999999,0.0375,,0.0,1.9003525417,0.95017627085
4.418,4418.0,0.001,0.0375000000001,,0.0,1.89963114985,0.949815574925
4.4190000000000005,4419.0,0.001,0.0375000000001,,0.0,1.89890666779,0.949453333895
4.42,4420.0,0.000999999999999,0.0375,,0.0,1.89817910103,0.949089550515
4.421,4421.0,0.001,0.0375000000001,,0.0,1.8974484551,0.94872422755
4.422,4422.0,0.000999999999999,0.0375,,0.0,1.89671473556,0.94835736778
4.423,4423.0,0.001,0.0375000000001,,0.0,1.89597794796,0.94798897398
4.424,4424.0,0.001,0.0375000000001,,0.0,1.89523809787,0.947619048935
4.425,4425.0,0.000999999999999,0.0375,,0.0,1.89449519086,0.94724759543
4.426,4426.0,0.001,0.0375000000001,,0.0,1.89374923253,0.946874616265
4.4270000000000005,4427.0,0.001,0.0375000000001,,0.0,1.89300022847,0.946500114235
4.428,4428.0,0.000999999999999,0.0375,,0.0,1.8922481843,0.94612409215
4.429,4429.0,0.001,0.0375000000001,,0.0,1.89149310564,0.94574655282
4.43,4430.0,0.000999999999999,0.0375,,0.0,1.89073499813,0.945367499065
4.431,4431.0,0.001,0.0375000000001,,0.0,1.8899738674,0.9449869337
4.432,4432.0,0.001,0.0375000000001,,0.0,1.88920971912,0.94460485956
4.433,4433.0,0.000999999999999,0.0375,,0.0,1.88844255895,0.944221279475
4.434,4434.0,0.001,0.0375000000001,,0.0,1.88767239256,0.94383619628
4.4350000000000005,4435.0,0.001,0.0375000000001,,0.0,1.88737122108,0.94368561054
4.436,4436.0,0.000999999999999,0.0375,,0.0,1.8871751685,0.94358758425
4.437,4437.0,0.001,0.0375000000001,,0.0,1.88697541039,0.943487705195
4.438,4438.0,0.000999999999999,0.0375,,0.0,1.88677194977,0.943385974885
4.439,4439.0,0.001,0.0375000000001,,0.0,1.88656478966,0.94328239483
4.44,4440.0,0.001,0.0375000000001,,0.0,1.88635393313,0.943176966565
4.441,4441.0,0.000999999999999,0.0375,,0.0,1.88613938324,0.94306969162
4.442,4442.0,0.001,0.0375000000001,,0.0,1.8859211431,0.94296057155
4.4430000000000005,4443.0,0.001,0.0375000000001,,0.0,1.88569921581,0.942849607905
4.444,4444.0,0.000999999999999,0.0375,,0.0,1.88547360452,0.94273680226
4.445,4445.0,0.001,0.0375000000001,,0.0,1.88524431237,0.942622156185
4.446,4446.0,0.000999999999999,0.0375,,0.0,1.88501134255,0.942505671275
4.447,4447.0,0.001,0.0375000000001,,0.0,1.88477469825,0.942387349125
4.448,4448.0,0.001,0.0375000000001,,0.0,1.88453438268,0.94226719134
4.449,4449.0,0.000999999999999,0.0375,,0.0,1.88429039908,0.94214519954
4.45,4450.0,0.001,0.0375000000001,,0.0,1.8840427507,0.94202137535
4.4510000000000005,4451.0,0.001,0.0375000000001,,0.0,1.88379144081,0.941895720405
4.452,4452.0,0.000999999999999,0.0375,,0.0,1.88353647272,0.94176823636
4.453,4453.0,0.001,0.0375000000001,,0.0,1.88327784974,0.94163892487
4.454,4454.0,0.000999999999999,0.0375,,0.0,1.88301557519,0.941507787595
4.455,4455.0,0.001,0.0375000000001,,0.0,1.88274965243,0.941374826215
4.456,4456.0,0.001,0.0375000000001,,0.0,1.88248008484,0.94124004242
4.457,4457.0,0.000999999999999,0.0375,,0.0,1.8822068758,0.9411034379
4.458,4458.0,0.001,0.0375000000001,,0.0,1.88193002872,0.94096501436
4.4590000000000005,4459.0,0.001,0.0375000000001,,0.0,1.88164954704,0.94082477352
4.46,4460.0,0.000999999999999,0.0375,,0.0,1.88136543421,0.940682717105
4.461,4461.0,0.001,0.0375000000001,,0.0,1.88107769369,0.940538846845
4.462,4462.0,0.000999999999999,0.0375,,0.0,1.88078632898,0.94039316449
4.463,4463.0,0.001,0.0375000000001,,0.0,1.88049134357,0.940245671785
4.464,4464.0,0.001,0.0375000000001,,0.0,1.880192741,0.9400963705
4.465,4465.0,0.000999999999999,0.0375,,0.0,1.87989052481,0.939945262405
4.466,4466.0,0.001,0.0375000000001,,0.0,1.87958469857,0.939792349285
4.4670000000000005,4467.0,0.001,0.0375000000001,,0.0,1.87927526585,0.939637632925
4.468,4468.0,0.000999999999999,0.0375,,0.0,1.87896223027,0.939481115135
4.469,4469.0,0.001,0.0375000000001,,0.0,1.87864559544,0.93932279772
4.47,4470.0,0.000999999999999,0.0375,,0.0,1.878325365,0.9391626825
4.471,4471.0,0.001,0.0375000000001,,0.0,1.87800154261,0.939000771305
4.472,4472.0,0.001,0.0375000000001,,0.0,1.87767413195,0.938837065975
4.473,4473.0,0.000999999999999,0.0375,,0.0,1.87734313671,0.938671568355
4.474,4474.0,0.001,0.0375000000001,,0.0,1.87700856061,0.938504280305
4.4750000000000005,4475.0,0.001,0.0375000000001,,0.0,1.87667040738,0.93833520369
4.476,4476.0,0.000999999999999,0.0375,,0.0,1.87632868077,0.938164340385
4.477,4477.0,0.001,0.0375000000001,,0.0,1.87598338456,0.93799169228
4.478,4478.0,0.000999999999999,0.0375,,0.0,1.87563452252,0.93781726126
4.479,4479.0,0.001,0.0375000000001,,0.0,1.87528209847,0.937641049235
4.48,4480.0,0.001,0.0375000000001,,0.0,1.87492611623,0.937463058115
4.481,4481.0,0.000999999999999,0.0375,,0.0,1.87456657964,0.93728328982
4.482,4482.0,0.001,0.0375000000001,,0.0,1.87420349257,0.937101746285
4.483,4483.0,0.000999999999999,0.0375,,0.0,1.8738368589,0.93691842945
4.484,4484.0,0.001,0.0375000000001,,0.0,1.87346668251,0.936733341255
4.485,4485.0,0.001,0.0375000000001,,0.0,1.87309296733,0.936546483665
4.486,4486.0,0.000999999999999,0.0375,,0.0,1.87271571729,0.936357858645
4.487,4487.0,0.001,0.0375000000001,,0.0,1.87233493635,0.936167468175
4.488,4488.0,0.001,0.0375000000001,,0.0,1.87195062846,0.93597531423
4.489,4489.0,0.000999999999999,0.0375,,0.0,1.87156279762,0.93578139881
4.49,4490.0,0.001,0.0375000000001,,0.0,1.87117144783,0.935585723915
4.491,4491.0,0.000999999999999,0.0375,,0.0,1.87077658311,0.935388291555
4.492,4492.0,0.001,0.0375000000001,,0.0,1.87037820751,0.935189103755
4.493,4493.0,0.001,0.0375000000001,,0.0,1.86997632507,0.934988162535
4.494,4494.0,0.000999999999999,0.0375,,0.0,1.86957093989,0.934785469945
4.495,4495.0,0.001,0.0375000000001,,0.0,1.86916205603,0.934581028015
4.496,4496.0,0.001,0.0375000000001,,0.0,1.86874967763,0.934374838815
4.497,4497.0,0.000999999999999,0.0375,,0.0,1.8683338088,0.9341669044
4.498,4498.0,0.001,0.0375000000001,,0.0,1.86791445369,0.933957226845
4.499,4499.0,0.000999999999999,0.0375,,0.0,1.86749161646,0.93374580823
4.5,4500.0,0.001,0.0375000000001,,0.0,1.86706530129,0.933532650645
4.501,4501.0,0.001,0.0375000000001,,0.0,1.86663551237,0.933317756185
4.502,4502.0,0.000999999999999,0.0375,,0.0,1.86620225392,0.93310112696
4.503,4503.0,0.001,0.0375000000001,,0.0,1.86576553018,0.93288276509
4.5040000000000004,4504.0,0.001,0.0375000000001,,0.0,1.86532534537,0.932662672685
4.505,4505.0,0.000999999999999,0.0375,,0.0,1.86488170378,0.93244085189
4.506,4506.0,0.001,0.0375000000001,,0.0,1.86443460967,0.932217304835
4.507,4507.0,0.000999999999999,0.0375,,0.0,1.86398406735,0.931992033675
4.508,4508.0,0.001,0.0375000000001,,0.0,1.86353008114,0.93176504057
4.509,4509.0,0.001,0.0375000000001,,0.0,1.86307265536,0.93153632768
4.51,4510.0,0.000999999999999,0.0375,,0.0,1.86261179436,0.93130589718
4.511,4511.0,0.001,0.0375000000001,,0.0,1.8621475025,0.93107375125
4.5120000000000005,4512.0,0.001,0.0375000000001,,0.0,1.86167978418,0.93083989209
4.513,4513.0,0.000999999999999,0.0375,,0.0,1.86120864377,0.930604321885
4.514,4514.0,0.001,0.0375000000001,,0.0,1.86073408571,0.930367042855
4.515,4515.0,0.000999999999999,0.0375,,0.0,1.86025611441,0.930128057205
4.516,4516.0,0.001,0.0375000000001,,0.0,1.85977473432,0.92988736716
4.517,4517.0,0.001,0.0375000000001,,0.0,1.85928994991,0.929644974955
4.518,4518.0,0.000999999999999,0.0375,,0.0,1.85880176566,0.92940088283
4.519,4519.0,0.001,0.0375000000001,,0.0,1.85831018606,0.92915509303
4.5200000000000005,4520.0,0.001,0.0375000000001,,0.0,1.8579523766,0.9289761883
4.521,4521.0,0.000999999999999,0.0375,,0.0,1.85786033294,0.92893016647
4.522,4522.0,0.001,0.0375000000001,,0.0,1.857764677,0.9288823385
4.523,4523.0,0.000999999999999,0.0375,,0.0,1.85766541107,0.928832705535
4.524,4524.0,0.001,0.0375000000001,,0.0,1.85756253746,0.92878126873
4.525,4525.0,0.001,0.0375000000001,,0.0,1.8574560585,0.92872802925
4.526,4526.0,0.000999999999999,0.0375,,0.0,1.85734597655,0.928672988275
4.527,4527.0,0.001,0.0375000000001,,0.0,1.85723229397,0.928616146985
4.5280000000000005,4528.0,0.001,0.0375000000001,,0.0,1.85711501316,0.92855750658
4.529,4529.0,0.000999999999999,0.0375,,0.0,1.85699413652,0.92849706826
4.53,4530.0,0.001,0.0375000000001,,0.0,1.85686966649,0.928434833245
4.531,4531.0,0.000999999999999,0.0375,,0.0,1.85674160552,0.92837080276
4.532,4532.0,0.001,0.0375000000001,,0.0,1.85660995609,0.928304978045
4.533,4533.0,0.001,0.0375000000001,,0.0,1.85647472066,0.92823736033
4.534,4534.0,0.000999999999999,0.0375,,0.0,1.85633590177,0.928167950885
4.535,4535.0,0.001,0.0375000000001,,0.0,1.85619350194,0.92809675097
4.5360000000000005,4536.0,0.001,0.0375000000001,,0.0,1.85604752371,0.928023761855
4.537,4537.0,0.000999999999999,0.0375,,0.0,1.85589796966,0.92794898483
4.538,4538.0,0.001,0.0375000000001,,0.0,1.85574484237,0.927872421185
4.539,4539.0,0.000999999999999,0.0375,,0.0,1.85558814445,0.927794072225
4.54,4540.0,0.001,0.0375000000001,,0.0,1.85542787852,0.92771393926
4.541,4541.0,0.001,0.0375000000001,,0.0,1.85526404724,0.92763202362
4.542,4542.0,0.000999999999999,0.0375,,0.0,1.85509665326,0.92754832663
4.543,4543.0,0.001,0.0375000000001,,0.0,1.85492569927,0.927462849635
4.5440000000000005,4544.0,0.001,0.0375000000001,,0.0,1.85475118798,0.92737559399
4.545,4545.0,0.000999999999999,0.0375,,0.0,1.8545731221,0.92728656105
4.546,4546.0,0.001,0.0375000000001,,0.0,1.85439150439,0.927195752195
4.547,4547.0,0.000999999999999,0.0375,,0.0,1.85420633759,0.927103168795
4.548,4548.0,0.001,0.0375000000001,,0.0,1.85401762449,0.927008812245
4.549,4549.0,0.001,0.0375000000001,,0.0,1.85382536789,0.926912683945
4.55,4550.0,0.000999999999999,0.0375,,0.0,1.85362957061,0.926814785305
4.551,4551.0,0.001,0.0375000000001,,0.0,1.85343023548,0.92671511774
4.5520000000000005,4552.0,0.001,0.0375000000001,,0.0,1.85322736536,0.92661368268
4.553,4553.0,0.000999999999999,0.0375,,0.0,1.85302096313,0.926510481565
4.554,4554.0,0.001,0.0375000000001,,0.0,1.85281103167,0.926405515835
4.555,4555.0,0.000999999999999,0.0375,,0.0,1.8525975739,0.92629878695
4.556,4556.0,0.001,0.0375000000001,,0.0,1.85238059275,0.926190296375
4.557,4557.0,0.001,0.0375000000001,,0.0,1.85216009118,0.92608004559
4.558,4558.0,0.000999999999999,0.0375,,0.0,1.85193607213,0.925968036065
4.559,4559.0,0.001,0.0375000000001,,0.0,1.85170853862,0.92585426931
4.5600000000000005,4560.0,0.001,0.0375000000001,,0.0,1.85147749363,0.925738746815
4.561,4561.0,0.000999999999999,0.0375,,0.0,1.8512429402,0.9256214701
4.562,4562.0,0.001,0.0375000000001,,0.0,1.85100488136,0.92550244068
4.563,4563.0,0.000999999999999,0.0375,,0.0,1.85076332017,0.925381660085
4.564,4564.0,0.001,0.0375000000001,,0.0,1.85051825972,0.92525912986
4.565,4565.0,0.001,0.0375000000001,,0.0,1.85026970311,0.925134851555
4.566,4566.0,0.000999999999999,0.0375,,0.0,1.85001765344,0.92500882672
4.567,4567.0,0.001,0.0375000000001,,0.0,1.84976211385,0.924881056925
4.5680000000000005,4568.0,0.001,0.0375000000001,,0.0,1.84950308749,0.924751543745
4.569,4569.0,0.000999999999999,0.0375,,0.0,1.84924057754,0.92462028877
4.57,4570.0,0.001,0.0375000000001,,0.0,1.84897458718,0.92448729359
4.571,4571.0,0.000999999999999,0.0375,,0.0,1.84870511961,0.924352559805
4.572,4572.0,0.001,0.0375000000001,,0.0,1.84843217807,0.924216089035
4.573,4573.0,0.001,0.0375000000001,,0.0,1.84815576579,0.924077882895
4.574,4574.0,0.000999999999999,0.0375,,0.0,1.84787588603,0.923937943015
4.575,4575.0,0.001,0.0375000000001,,0.0,1.84759254207,0.923796271035
4.5760000000000005,4576.0,0.001,0.0375000000001,,0.0,1.84730573721,0.923652868605
4.577,4577.0,0.000999999999999,0.0375,,0.0,1.84701547476,0.92350773738
4.578,4578.0,0.001,0.0375000000001,,0.0,1.84672175805,0.923360879025
4.579,4579.0,0.000999999999999,0.0375,,0.0,1.84642459043,0.923212295215
4.58,4580.0,0.001,0.0375000000001,,0.0,1.84612397526,0.92306198763
4.581,4581.0,0.001,0.0375000000001,,0.0,1.84581991594,0.92290995797
4.582,4582.0,0.000999999999999,0.0375,,0.0,1.84551241585,0.922756207925
4.583,4583.0,0.001,0.0375000000001,,0.0,1.84520147843,0.922600739215
4.5840000000000005,4584.0,0.001,0.0375000000001,,0.0,1.8448871071,0.92244355355
4.585,4585.0,0.000999999999999,0.0375,,0.0,1.84456930533,0.922284652665
4.586,4586.0,0.001,0.0375000000001,,0.0,1.84424807658,0.92212403829
4.587,4587.0,0.000999999999999,0.0375,,0.0,1.84392342434,0.92196171217
4.588,4588.0,0.001,0.0375000000001,,0.0,1.84359535211,0.921797676055
4.589,4589.0,0.001,0.0375000000001,,0.0,1.84326386342,0.92163193171
4.59,4590.0,0.000999999999999,0.0375,,0.0,1.84292896182,0.92146448091
4.591,4591.0,0.001,0.0375000000001,,0.0,1.84259065085,0.921295325425
4.5920000000000005,4592.0,0.001,0.0375000000001,,0.0,1.84224893409,0.921124467045
4.593,4593.0,0.000999999999999,0.0375,,0.0,1.84190381513,0.920951907565
4.594,4594.0,0.001,0.0375000000001,,0.0,1.84155529759,0.920777648795
4.595,4595.0,0.000999999999999,0.0375,,0.0,1.84120338508,0.92060169254
4.596,4596.0,0.001,0.0375000000001,,0.0,1.84084808125,0.920424040625
4.597,4597.0,0.001,0.0375000000001,,0.0,1.84048938976,0.92024469488
4.598,4598.0,0.000999999999999,0.0375,,0.0,1.84012731427,0.920063657135
4.599,4599.0,0.001,0.0375000000001,,0.0,1.8397618585,0.91988092925
4.6000000000000005,4600.0,0.001,0.0375000000001,,0.0,1.83939302614,0.91969651307
4.601,4601.0,0.000999999999999,0.0375,,0.0,1.83902082092,0.91951041046
4.602,4602.0,0.001,0.0375000000001,,0.0,1.83864524658,0.91932262329
4.603,4603.0,0.000999999999999,0.0375,,0.0,1.83826630688,0.91913315344
4.604,4604.0,0.001,0.0375000000001,,0.0,1.8378840056,0.9189420028
4.605,4605.0,0.001,0.0375000000001,,0.0,1.83749834652,0.91874917326
4.606,4606.0,0.000999999999999,0.0375,,0.0,1.83710933347,0.918554666735
4.607,4607.0,0.001,0.0375000000001,,0.0,1.83671697025,0.918358485125
4.6080000000000005,4608.0,0.001,0.0375000000001,,0.0,1.83632126072,0.91816063036
4.609,4609.0,0.000999999999999,0.0375,,0.0,1.83592220873,0.917961104365
4.61,4610.0,0.001,0.0375000000001,,0.0,1.83551981814,0.91775990907
4.611,4611.0,0.000999999999999,0.0375,,0.0,1.83511409286,0.91755704643
4.612,4612.0,0.001,0.0375000000001,,0.0,1.83470503679,0.917352518395
4.613,4613.0,0.001,0.0375000000001,,0.0,1.83429265384,0.91714632692
4.614,4614.0,0.000999999999999,0.0375,,0.0,1.83387694797,0.916938473985
4.615,4615.0,0.001,0.0375000000001,,0.0,1.83345792311,0.916728961555
4.616,4616.0,0.000999999999999,0.0375,,0.0,1.83303558324,0.91651779162
4.617,4617.0,0.001,0.0375000000001,,0.0,1.83260993234,0.91630496617
4.618,4618.0,0.001,0.0375000000001,,0.0,1.83218097442,0.91609048721
4.619,4619.0,0.000999999999999,0.0375,,0.0,1.83174871349,0.915874356745
4.62,4620.0,0.001,0.0375000000001,,0.0,1.83131315358,0.91565657679
4.621,4621.0,0.001,0.0375000000001,,0.0,1.83087429875,0.915437149375
4.622,4622.0,0.000999999999999,0.0375,,0.0,1.83043215305,0.915216076525
4.623,4623.0,0.001,0.0375000000001,,0.0,1.82998672057,0.914993360285
4.624,4624.0,0.000999999999999,0.0375,,0.0,1.8295380054,0.9147690027
4.625,4625.0,0.001,0.0375000000001,,0.0,1.82908601165,0.914543005825
4.626,4626.0,0.001,0.0375000000001,,0.0,1.82863074344,0.91431537172
4.627,4627.0,0.000999999999999,0.0375,,0.0,1.82817220492,0.91408610246
4.628,4628.0,0.001,0.0375000000001,,0.0,1.82771040024,0.91385520012
4.6290000000000004,4629.0,0.001,0.0375000000001,,0.0,1.82724533358,0.91362266679
4.63,4630.0,0.000999999999999,0.0375,,0.0,1.82677700911,0.913388504555
4.631,4631.0,0.001,0.0375000000001,,0.0,1.82630543105,0.913152715525
4.632,4632.0,0.000999999999999,0.0375,,0.0,1.82583060361,0.912915301805
4.633,4633.0,0.001,0.0375000000001,,0.0,1.82535253101,0.912676265505
4.634,4634.0,0.001,0.0375000000001,,0.0,1.82487121752,0.91243560876
4.635,4635.0,0.000999999999999,0.0375,,0.0,1.82438666738,0.91219333369
4.636,4636.0,0.001,0.0375000000001,,0.0,1.82389888488,0.91194944244
4.6370000000000005,4637.0,0.001,0.0375000000001,,0.0,1.8234078743,0.91170393715
4.638,4638.0,0.000999999999999,0.0375,,0.0,1.82291363996,0.91145681998
4.639,4639.0,0.001,0.0375000000001,,0.0,1.82241618617,0.911208093085
4.64,4640.0,0.000999999999999,0.0375,,0.0,1.82191551727,0.910957758635
4.641,4641.0,0.001,0.0375000000001,,0.0,1.82141163762,0.91070581881
4.642,4642.0,0.001,0.0375000000001,,0.0,1.82090455156,0.91045227578
4.643,4643.0,0.000999999999999,0.0375,,0.0,1.82039426349,0.910197131745
4.644,4644.0,0.001,0.0375000000001,,0.0,1.8198807778,0.9099403889
4.6450000000000005,4645.0,0.001,0.0375000000001,,0.0,1.81936409889,0.909682049445
4.646,4646.0,0.000999999999999,0.0375,,0.0,1.81884423119,0.909422115595
4.647,4647.0,0.001,0.0375000000001,,0.0,1.81832117913,0.909160589565
4.648,4648.0,0.000999999999999,0.0375,,0.0,1.81779494717,0.908897473585
4.649,4649.0,0.001,0.0375000000001,,0.0,1.81726553977,0.908632769885
4.65,4650.0,0.001,0.0375000000001,,0.0,1.81673296141,0.908366480705
4.651,4651.0,0.000999999999999,0.0375,,0.0,1.81619721659,0.908098608295
4.652,4652.0,0.001,0.0375000000001,,0.0,1.8156583098,0.9078291549
4.6530000000000005,4653.0,0.001,0.0375000000001,,0.0,1.81511624558,0.90755812279
4.654,4654.0,0.000999999999999,0.0375,,0.0,1.81457102846,0.90728551423
4.655,4655.0,0.001,0.0375000000001,,0.0,1.81402266298,0.90701133149
4.656,4656.0,0.000999999999999,0.0375,,0.0,1.81347115371,0.906735576855
4.657,4657.0,0.001,0.0375000000001,,0.0,1.81291650523,0.906458252615
4.658,4658.0,0.001,0.0375000000001,,0.0,1.81235872213,0.906179361065
4.659,4659.0,0.000999999999999,0.0375,,0.0,1.81179780901,0.905898904505
4.66,4660.0,0.001,0.0375000000001,,0.0,1.81123377049,0.905616885245
4.6610000000000005,4661.0,0.001,0.0375000000001,,0.0,1.8106666112,0.9053333056
4.662,4662.0,0.000999999999999,0.0375,,0.0,1.81009633579,0.905048167895
4.663,4663.0,0.001,0.0375000000001,,0.0,1.80952294891,0.904761474455
4.664,4664.0,0.000999999999999,0.0375,,0.0,1.80894645524,0.90447322762
4.665,4665.0,0.001,0.0375000000001,,0.0,1.80836685946,0.90418342973
4.666,4666.0,0.001,0.0375000000001,,0.0,1.80778416627,0.903892083135
4.667,4667.0,0.000999999999999,0.0375,,0.0,1.80719838039,0.903599190195
4.668,4668.0,0.001,0.0375000000001,,0.0,1.80660950653,0.903304753265
4.6690000000000005,4669.0,0.001,0.0375000000001,,0.0,1.80601754943,0.903008774715
4.67,4670.0,0.000999999999999,0.0375,,0.0,1.80542251385,0.902711256925
4.671,4671.0,0.001,0.0375000000001,,0.0,1.80518343385,0.902591716925
4.672,4672.0,0.000999999999999,0.0375,,0.0,1.80498078307,0.902490391535
4.673,4673.0,0.001,0.0375000000001,,0.0,1.80477483787,0.902387418935
4.674,4674.0,0.001,0.0375000000001,,0.0,1.80456560097,0.902282800485
4.675,4675.0,0.000999999999999,0.0375,,0.0,1.80435307511,0.902176537555
4.676,4676.0,0.001,0.0375000000001,,0.0,1.80413726302,0.90206863151
4.6770000000000005,4677.0,0.001,0.0375000000001,,0.0,1.80391816747,0.901959083735
4.678,4678.0,0.000999999999999,0.0375,,0.0,1.80369579126,0.90184789563
4.679,4679.0,0.001,0.0375000000001,,0.0,1.80347013717,0.901735068585
4.68,4680.0,0.000999999999999,0.0375,,0.0,1.80324120802,0.90162060401
4.681,4681.0,0.001,0.0375000000001,,0.0,1.80300900664,0.90150450332
4.682,4682.0,0.001,0.0375000000001,,0.0,1.80277353589,0.901386767945
4.683,4683.0,0.000999999999999,0.0375,,0.0,1.80253479863,0.901267399315
4.684,4684.0,0.001,0.0375000000001,,0.0,1.80229279773,0.901146398865
4.6850000000000005,4685.0,0.001,0.0375000000001,,0.0,1.8020475361,0.90102376805
4.686,4686.0,0.000999999999999,0.0375,,0.0,1.80179901665,0.900899508325
4.687,4687.0,0.001,0.0375000000001,,0.0,1.80154724231,0.900773621155
4.688,4688.0,0.000999999999999,0.0375,,0.0,1.80129221602,0.90064610801
4.689,4689.0,0.001,0.0375000000001,,0.0,1.80103394075,0.900516970375
4.69,4690.0,0.001,0.0375000000001,,0.0,1.80077241948,0.90038620974
4.691,4691.0,0.000999999999999,0.0375,,0.0,1.8005076552,0.9002538276
4.692,4692.0,0.001,0.0375000000001,,0.0,1.80023965092,0.90011982546
4.6930000000000005,4693.0,0.001,0.0375000000001,,0.0,1.79996840966,0.89998420483
4.694,4694.0,0.000999999999999,0.0375,,0.0,1.79969393448,0.89984696724
4.695,4695.0,0.001,0.0375000000001,,0.0,1.79941622843,0.899708114215
4.696,4696.0,0.000999999999999,0.0375,,0.0,1.79913529459,0.899567647295
4.697,4697.0,0.001,0.0375000000001,,0.0,1.79885113603,0.899425568015
4.698,4698.0,0.001,0.0375000000001,,0.0,1.79856375588,0.89928187794
4.699,4699.0,0.000999999999999,0.0375,,0.0,1.79827315725,0.899136578625
4.7,4700.0,0.001,0.0375000000001,,0.0,1.79797934327,0.898989671635
4.7010000000000005,4701.0,0.001,0.0375000000001,,0.0,1.79768231711,0.898841158555
4.702,4702.0,0.000999999999999,0.0375,,0.0,1.79738208193,0.898691040965
4.703,4703.0,0.001,0.0375000000001,,0.0,1.79707864092,0.89853932046
4.704,4704.0,0.000999999999999,0.0375,,0.0,1.79677199727,0.898385998635
4.705,4705.0,0.001,0.0375000000001,,0.0,1.7964621542,0.8982310771
4.706,4706.0,0.001,0.0375000000001,,0.0,1.79614911495,0.898074557475
4.707,4707.0,0.000999999999999,0.0375,,0.0,1.79583288275,0.897916441375
4.708,4708.0,0.001,0.0375000000001,,0.0,1.79551346087,0.897756730435
4.7090000000000005,4709.0,0.001,0.0375000000001,,0.0,1.79519085259,0.897595426295
4.71,4710.0,0.000999999999999,0.0375,,0.0,1.7948650612,0.8974325306
4.711,4711.0,0.001,0.0375000000001,,0.0,1.79453609001,0.897268045005
4.712,4712.0,0.000999999999999,0.0375,,0.0,1.79420394233,0.897101971165
4.713,4713.0,0.001,0.0375000000001,,0.0,1.79386862151,0.896934310755
4.714,4714.0,0.001,0.0375000000001,,0.0,1.79353013091,0.896765065455
4.715,4715.0,0.000999999999999,0.0375,,0.0,1.79318847388,0.89659423694
4.716,4716.0,0.001,0.0375000000001,,0.0,1.79284365381,0.896421826905
4.7170000000000005,4717.0,0.001,0.0375000000001,,0.0,1.79249567411,0.896247837055
4.718,4718.0,0.000999999999999,0.0375,,0.0,1.79214453818,0.89607226909
4.719,4719.0,0.001,0.0375000000001,,0.0,1.79179024945,0.895895124725
4.72,4720.0,0.000999999999999,0.0375,,0.0,1.79143281136,0.89571640568
4.721,4721.0,0.001,0.0375000000001,,0.0,1.79107222738,0.89553611369
4.722,4722.0,0.001,0.0375000000001,,0.0,1.79070850098,0.89535425049
4.723,4723.0,0.000999999999999,0.0375,,0.0,1.79034163563,0.895170817815
4.724,4724.0,0.001,0.0375000000001,,0.0,1.78997163485,0.894985817425
4.7250000000000005,4725.0,0.001,0.0375000000001,,0.0,1.78959850215,0.894799251075
4.726,4726.0,0.000999999999999,0.0375,,0.0,1.78922224107,0.894611120535
4.727,4727.0,0.001,0.0375000000001,,0.0,1.78884285514,0.89442142757
4.728,4728.0,0.000999999999999,0.0375,,0.0,1.78846034793,0.894230173965
4.729,4729.0,0.001,0.0375000000001,,0.0,1.78807472302,0.89403736151
4.73,4730.0,0.001,0.0375000000001,,0.0,1.78768598399,0.893842991995
4.731,4731.0,0.000999999999999,0.0375,,0.0,1.78729413444,0.89364706722
4.732,4732.0,0.001,0.0375000000001,,0.0,1.786899178,0.893449589
4.7330000000000005,4733.0,0.001,0.0375000000001,,0.0,1.7865011183,0.89325055915
4.734,4734.0,0.000999999999999,0.0375,,0.0,1.78609995898,0.89304997949
4.735,4735.0,0.001,0.0375000000001,,0.0,1.7856957037,0.89284785185
4.736,4736.0,0.000999999999999,0.0375,,0.0,1.78528835615,0.892644178075
4.737,4737.0,0.001,0.0375000000001,,0.0,1.78487792,0.89243896
4.738,4738.0,0.001,0.0375000000001,,0.0,1.78446439897,0.892232199485
4.739,4739.0,0.000999999999999,0.0375,,0.0,1.78404779676,0.89202389838
4.74,4740.0,0.001,0.0375000000001,,0.0,1.78362811712,0.89181405856
4.741,4741.0,0.000999999999999,0.0375,,0.0,1.78320536378,0.89160268189
4.742,4742.0,0.001,0.0375000000001,,0.0,1.7827795405,0.89138977025
4.743,4743.0,0.001,0.0375000000001,,0.0,1.78235065106,0.89117532553
4.744,4744.0,0.000999999999999,0.0375,,0.0,1.78191869925,0.890959349625
4.745,4745.0,0.001,0.0375000000001,,0.0,1.78148368886,0.89074184443
4.746,4746.0,0.001,0.0375000000001,,0.0,1.78104562371,0.890522811855
4.747,4747.0,0.000999999999999,0.0375,,0.0,1.78060450763,0.890302253815
4.748,4748.0,0.001,0.0375000000001,,0.0,1.78016034445,0.890080172225
4.749,4749.0,0.000999999999999,0.0375,,0.0,1.77971313804,0.88985656902
4.75,4750.0,0.001,0.0375000000001,,0.0,1.77926289226,0.88963144613
4.751,4751.0,0.001,0.0375000000001,,0.0,1.778809611,0.8894048055
4.752,4752.0,0.000999999999999,0.0375,,0.0,1.77835329814,0.88917664907
4.753,4753.0,0.001,0.0375000000001,,0.0,1.77789395761,0.888946978805
4.7540000000000004,4754.0,0.001,0.0375000000001,,0.0,1.77743159331,0.888715796655
4.755,4755.0,0.000999999999999,0.0375,,0.0,1.7769662092,0.8884831046
4.756,4756.0,0.001,0.0375000000001,,0.0,1.77681675922,0.88840837961
4.757,4757.0,0.000999999999999,0.0375,,0.0,1.77672894237,0.888364471185
4.758,4758.0,0.001,0.0375000000001,,0.0,1.77663791713,0.888318958565
4.759,4759.0,0.001,0.0375000000001,,0.0,1.77654368549,0.888271842745
4.76,4760.0,0.000999999999999,0.0375,,0.0,1.77644624945,0.888223124725
4.761,4761.0,0.001,0.0375000000001,,0.0,1.77634561102,0.88817280551
4.7620000000000005,4762.0,0.001,0.0375000000001,,0.0,1.77624177226,0.88812088613
4.763,4763.0,0.000999999999999,0.0375,,0.0,1.77613473521,0.888067367605
4.764,4764.0,0.001,0.0375000000001,,0.0,1.77602450193,0.888012250965
4.765,4765.0,0.000999999999999,0.0375,,0.0,1.77591107453,0.887955537265
4.766,4766.0,0.001,0.0375000000001,,0.0,1.77579445509,0.887897227545
4.767,4767.0,0.001,0.0375000000001,,0.0,1.77567464574,0.88783732287
4.768,4768.0,0.000999999999999,0.0375,,0.0,1.77555164862,0.88777582431
4.769,4769.0,0.001,0.0375000000001,,0.0,1.77542546587,0.887712732935
4.7700000000000005,4770.0,0.001,0.0375000000001,,0.0,1.77529609966,0.88764804983
4.771,4771.0,0.000999999999999,0.0375,,0.0,1.77516355217,0.887581776085
4.772,4772.0,0.001,0.0375000000001,,0.0,1.77502782561,0.887513912805
4.773,4773.0,0.000999999999999,0.0375,,0.0,1.77488892219,0.887444461095
4.774,4774.0,0.001,0.0375000000001,,0.0,1.77474684414,0.88737342207
4.775,4775.0,0.001,0.0375000000001,,0.0,1.77460159372,0.88730079686
4.776,4776.0,0.000999999999999,0.0375,,0.0,1.77445317317,0.887226586585
4.777,4777.0,0.001,0.0375000000001,,0.0,1.77430158479,0.887150792395
4.7780000000000005,4778.0,0.001,0.0375000000001,,0.0,1.77414683087,0.887073415435
4.779,4779.0,0.000999999999999,0.0375,,0.0,1.77398891373,0.886994456865
4.78,4780.0,0.001,0.0375000000001,,0.0,1.77382783568,0.88691391784
4.781,4781.0,0.000999999999999,0.0375,,0.0,1.77366359907,0.886831799535
4.782,4782.0,0.001,0.0375000000001,,0.0,1.77349620627,0.886748103135
4.783,4783.0,0.001,0.0375000000001,,0.0,1.77332565964,0.88666282982
4.784,4784.0,0.000999999999999,0.0375,,0.0,1.77315196158,0.88657598079
4.785,4785.0,0.001,0.0375000000001,,0.0,1.7729751145,0.88648755725
4.7860000000000005,4786.0,0.001,0.0375000000001,,0.0,1.77279512081,0.886397560405
4.787,4787.0,0.000999999999999,0.0375,,0.0,1.77261198295,0.886305991475
4.788,4788.0,0.001,0.0375000000001,,0.0,1.77242570338,0.88621285169
4.789,4789.0,0.000999999999999,0.0375,,0.0,1.77223628457,0.886118142285
4.79,4790.0,0.001,0.0375000000001,,0.0,1.772043729,0.8860218645
4.791,4791.0,0.001,0.0375000000001,,0.0,1.77184803916,0.88592401958
4.792,4792.0,0.000999999999999,0.0375,,0.0,1.77164921759,0.885824608795
4.793,4793.0,0.001,0.0375000000001,,0.0,1.77144726679,0.885723633395
4.7940000000000005,4794.0,0.001,0.0375000000001,,0.0,1.77124218934,0.88562109467
4.795,4795.0,0.000999999999999,0.0375,,0.0,1.77103398777,0.885516993885
4.796,4796.0,0.001,0.0375000000001,,0.0,1.77082266468,0.88541133234
4.797,4797.0,0.000999999999999,0.0375,,0.0,1.77060822265,0.885304111325
4.798,4798.0,0.001,0.0375000000001,,0.0,1.77039066429,0.885195332145
4.799,4799.0,0.001,0.0375000000001,,0.0,1.77016999222,0.88508499611
4.8,4800.0,0.000999999999999,0.0375,,0.0,1.76994620908,0.88497310454
4.801,4801.0,0.001,0.0375000000001,,0.0,1.76971931753,0.884859658765
4.8020000000000005,4802.0,0.001,0.0375000000001,,0.0,1.76948932023,0.884744660115
4.803,4803.0,0.000999999999999,0.0375,,0.0,1.76925621987,0.884628109935
4.804,4804.0,0.001,0.0375000000001,,0.0,1.76902001913,0.884510009565
4.805,4805.0,0.000999999999999,0.0375,,0.0,1.76878072075,0.884390360375
4.806,4806.0,0.001,0.0375000000001,,0.0,1.76853832744,0.88426916372
4.807,4807.0,0.001,0.0375000000001,,0.0,1.76829284194,0.88414642097
4.808,4808.0,0.000999999999999,0.0375,,0.0,1.76804426702,0.88402213351
4.809,4809.0,0.001,0.0375000000001,,0.0,1.76779260545,0.883896302725
4.8100000000000005,4810.0,0.001,0.0375000000001,,0.0,1.76753786002,0.88376893001
4.811,4811.0,0.000999999999999,0.0375,,0.0,1.76728003352,0.88364001676
4.812,4812.0,0.001,0.0375000000001,,0.0,1.76701912878,0.88350956439
4.813,4813.0,0.000999999999999,0.0375,,0.0,1.76675514863,0.883377574315
4.814,4814.0,0.001,0.0375000000001,,0.0,1.76648809591,0.883244047955
4.815,4815.0,0.001,0.0375000000001,,0.0,1.76621797348,0.88310898674
4.816,4816.0,0.000999999999999,0.0375,,0.0,1.76594478423,0.882972392115
4.817,4817.0,0.001,0.0375000000001,,0.0,1.76566853104,0.88283426552
4.8180000000000005,4818.0,0.001,0.0375000000001,,0.0,1.76538921681,0.882694608405
4.819,4819.0,0.000999999999999,0.0375,,0.0,1.76510684447,0.882553422235
4.82,4820.0,0.001,0.0375000000001,,0.0,1.76482141695,0.882410708475
4.821,4821.0,0.000999999999999,0.0375,,0.0,1.7645329372,0.8822664686
4.822,4822.0,0.001,0.0375000000001,,0.0,1.76424140818,0.88212070409
4.823,4823.0,0.001,0.0375000000001,,0.0,1.76394683287,0.881973416435
4.824,4824.0,0.000999999999999,0.0375,,0.0,1.76364921425,0.881824607125
4.825,4825.0,0.001,0.0375000000001,,0.0,1.76334855534,0.88167427767
4.8260000000000005,4826.0,0.001,0.0375000000001,,0.0,1.76304485915,0.881522429575
4.827,4827.0,0.000999999999999,0.0375,,0.0,1.76273812872,0.88136906436
4.828,4828.0,0.001,0.0375000000001,,0.0,1.7624283671,0.88121418355
4.829,4829.0,0.000999999999999,0.0375,,0.0,1.76211557734,0.88105778867
4.83,4830.0,0.001,0.0375000000001,,0.0,1.76179976253,0.880899881265
4.831,4831.0,0.001,0.0375000000001,,0.0,1.76148092576,0.88074046288
4.832,4832.0,0.000999999999999,0.0375,,0.0,1.76115907012,0.88057953506
4.833,4833.0,0.001,0.0375000000001,,0.0,1.76083419875,0.880417099375
4.8340000000000005,4834.0,0.001,0.0375000000001,,0.0,1.76050631476,0.88025315738
4.835,4835.0,0.000999999999999,0.0375,,0.0,1.76017542131,0.880087710655
4.836,4836.0,0.001,0.0375000000001,,0.0,1.75984152155,0.879920760775
4.837,4837.0,0.000999999999999,0.0375,,0.0,1.75950461867,0.879752309335
4.838,4838.0,0.001,0.0375000000001,,0.0,1.75916471584,0.87958235792
4.839,4839.0,0.001,0.0375000000001,,0.0,1.75882181627,0.879410908135
4.84,4840.0,0.000999999999999,0.0375,,0.0,1.75847592318,0.87923796159
4.841,4841.0,0.001,0.0375000000001,,0.0,1.75812703978,0.87906351989
4.8420000000000005,4842.0,0.001,0.0375000000001,,0.0,1.75777516934,0.87888758467
4.843,4843.0,0.000999999999999,0.0375,,0.0,1.75742031509,0.878710157545
4.844,4844.0,0.001,0.0375000000001,,0.0,1.75706248031,0.878531240155
4.845,4845.0,0.000999999999999,0.0375,,0.0,1.75670166829,0.878350834145
4.846,4846.0,0.001,0.0375000000001,,0.0,1.75633788231,0.878168941155
4.847,4847.0,0.001,0.0375000000001,,0.0,1.7559711257,0.87798556285
4.848,4848.0,0.000999999999999,0.0375,,0.0,1.75560140176,0.87780070088
4.849,4849.0,0.001,0.0375000000001,,0.0,1.75522871384,0.87761435692
4.8500000000000005,4850.0,0.001,0.0375000000001,,0.0,1.75485306529,0.877426532645
4.851,4851.0,0.000999999999999,0.0375,,0.0,1.75447445948,0.87723722974
4.852,4852.0,0.001,0.0375000000001,,0.0,1.75409289977,0.877046449885
4.853,4853.0,0.000999999999999,0.0375,,0.0,1.75370838955,0.876854194775
4.854,4854.0,0.001,0.0375000000001,,0.0,1.75332093224,0.87666046612
4.855,4855.0,0.001,0.0375000000001,,0.0,1.75293053124,0.87646526562
4.856,4856.0,0.000999999999999,0.0375,,0.0,1.75253718998,0.87626859499
4.857,4857.0,0.001,0.0375000000001,,0.0,1.75214091191,0.876070455955
4.8580000000000005,4858.0,0.001,0.0375000000001,,0.0,1.75174170048,0.87587085024
4.859,4859.0,0.000999999999999,0.0375,,0.0,1.75133955916,0.87566977958
4.86,4860.0,0.001,0.0375000000001,,0.0,1.75093449142,0.87546724571
4.861,4861.0,0.000999999999999,0.0375,,0.0,1.75052650077,0.875263250385
4.862,4862.0,0.001,0.0375000000001,,0.0,1.7501155907,0.87505779535
4.863,4863.0,0.001,0.0375000000001,,0.0,1.74970176474,0.87485088237
4.864,4864.0,0.000999999999999,0.0375,,0.0,1.74928502642,0.87464251321
4.865,4865.0,0.001,0.0375000000001,,0.0,1.74886537928,0.87443268964
4.866,4866.0,0.000999999999999,0.0375,,0.0,1.74844282688,0.87422141344
4.867,4867.0,0.001,0.0375000000001,,0.0,1.74801737279,0.874008686395
4.868,4868.0,0.001,0.0375000000001,,0.0,1.7475890206,0.8737945103
4.869,4869.0,0.000999999999999,0.0375,,0.0,1.74715777389,0.873578886945
4.87,4870.0,0.001,0.0375000000001,,0.0,1.74672363627,0.873361818135
4.871,4871.0,0.001,0.0375000000001,,0.0,1.74628661137,0.873143305685
4.872,4872.0,0.000999999999999,0.0375,,0.0,1.74584670281,0.872923351405
4.873,4873.0,0.001,0.0375000000001,,0.0,1.74540391424,0.87270195712
4.874,4874.0,0.000999999999999,0.0375,,0.0,1.74495824932,0.87247912466
4.875,4875.0,0.001,0.0375000000001,,0.0,1.74450971172,0.87225485586
4.876,4876.0,0.001,0.0375000000001,,0.0,1.74405830511,0.872029152555
4.877,4877.0,0.000999999999999,0.0375,,0.0,1.74360403319,0.871802016595
4.878,4878.0,0.001,0.0375000000001,,0.0,1.74314689968,0.87157344984
4.8790000000000004,4879.0,0.001,0.0375000000001,,0.0,1.74268690827,0.871343454135
4.88,4880.0,0.000999999999999,0.0375,,0.0,1.74222406271,0.871112031355
4.881,4881.0,0.001,0.0375000000001,,0.0,1.74175836674,0.87087918337
4.882,4882.0,0.000999999999999,0.0375,,0.0,1.74128982411,0.870644912055
4.883,4883.0,0.001,0.0375000000001,,0.0,1.74081843858,0.87040921929
4.884,4884.0,0.001,0.0375000000001,,0.0,1.74034421394,0.87017210697
4.885,4885.0,0.000999999999999,0.0375,,0.0,1.73986715397,0.869933576985
4.886,4886.0,0.001,0.0375000000001,,0.0,1.73938726248,0.86969363124
4.8870000000000005,4887.0,0.001,0.0375000000001,,0.0,1.73890454327,0.869452271635
4.888,4888.0,0.000999999999999,0.0375,,0.0,1.73841900018,0.86920950009
4.889,4889.0,0.001,0.0375000000001,,0.0,1.73793063704,0.86896531852
4.89,4890.0,0.000999999999999,0.0375,,0.0,1.7374394577,0.86871972885
4.891,4891.0,0.001,0.0375000000001,,0.0,1.73694546602,0.86847273301
4.892,4892.0,0.001,0.0375000000001,,0.0,1.73644866586,0.86822433293
4.893,4893.0,0.000999999999999,0.0375,,0.0,1.73594906112,0.86797453056
4.894,4894.0,0.001,0.0375000000001,,0.0,1.73544665569,0.867723327845
4.8950000000000005,4895.0,0.001,0.0375000000001,,0.0,1.73494145348,0.86747072674
4.896,4896.0,0.000999999999999,0.0375,,0.0,1.73443345839,0.867216729195
4.897,4897.0,0.001,0.0375000000001,,0.0,1.73392267437,0.866961337185
4.898,4898.0,0.000999999999999,0.0375,,0.0,1.73340910535,0.866704552675
4.899,4899.0,0.001,0.0375000000001,,0.0,1.73289275527,0.866446377635
4.9,4900.0,0.001,0.0375000000001,,0.0,1.73237362812,0.86618681406
4.901,4901.0,0.000999999999999,0.0375,,0.0,1.73185172785,0.865925863925
4.902,4902.0,0.001,0.0375000000001,,0.0,1.73132705846,0.86566352923
4.9030000000000005,4903.0,0.001,0.0375000000001,,0.0,1.73079962393,0.865399811965
4.904,4904.0,0.000999999999999,0.0375,,0.0,1.73026942828,0.86513471414
4.905,4905.0,0.001,0.0375000000001,,0.0,1.72973647553,0.864868237765
4.906,4906.0,0.000999999999999,0.0375,,0.0,1.7292007697,0.86460038485
4.907,4907.0,0.001,0.0375000000001,,0.0,1.72866231484,0.86433115742
4.908,4908.0,0.001,0.0375000000001,,0.0,1.72812111499,0.864060557495
4.909,4909.0,0.000999999999999,0.0375,,0.0,1.72757717422,0.86378858711
4.91,4910.0,0.001,0.0375000000001,,0.0,1.7270304966,0.8635152483
4.9110000000000005,4911.0,0.001,0.0375000000001,,0.0,1.72648108621,0.863240543105
4.912,4912.0,0.000999999999999,0.0375,,0.0,1.72592894715,0.862964473575
4.913,4913.0,0.001,0.0375000000001,,0.0,1.72537408352,0.86268704176
4.914,4914.0,0.000999999999999,0.0375,,0.0,1.72481649944,0.86240824972
4.915,4915.0,0.001,0.0375000000001,,0.0,1.72425619904,0.86212809952
4.916,4916.0,0.001,0.0375000000001,,0.0,1.72369318644,0.86184659322
4.917,4917.0,0.000999999999999,0.0375,,0.0,1.72312746581,0.861563732905
4.918,4918.0,0.001,0.0375000000001,,0.0,1.72289371937,0.861446859685
4.9190000000000005,4919.0,0.001,0.0375000000001,,0.0,1.72265755885,0.861328779425
4.92,4920.0,0.000999999999999,0.0375,,0.0,1.72241839815,0.861209199075
4.921,4921.0,0.001,0.0375000000001,,0.0,1.72217623989,0.861088119945
4.922,4922.0,0.000999999999999,0.0375,,0.0,1.72193108672,0.86096554336
4.923,4923.0,0.001,0.0375000000001,,0.0,1.72168294127,0.860841470635
4.924,4924.0,0.001,0.0375000000001,,0.0,1.72143180623,0.860715903115
4.925,4925.0,0.000999999999999,0.0375,,0.0,1.72117768425,0.860588842125
4.926,4926.0,0.001,0.0375000000001,,0.0,1.72092057805,0.860460289025
4.9270000000000005,4927.0,0.001,0.0375000000001,,0.0,1.72066049032,0.86033024516
4.928,4928.0,0.000999999999999,0.0375,,0.0,1.7203974238,0.8601987119
4.929,4929.0,0.001,0.0375000000001,,0.0,1.72013138121,0.860065690605
4.93,4930.0,0.000999999999999,0.0375,,0.0,1.71986236531,0.859931182655
4.931,4931.0,0.001,0.0375000000001,,0.0,1.71959037886,0.85979518943
4.932,4932.0,0.001,0.0375000000001,,0.0,1.71931542464,0.85965771232
4.933,4933.0,0.000999999999999,0.0375,,0.0,1.71903750544,0.85951875272
4.934,4934.0,0.001,0.0375000000001,,0.0,1.71875662408,0.85937831204
4.9350000000000005,4935.0,0.001,0.0375000000001,,0.0,1.71847278336,0.85923639168
4.936,4936.0,0.000999999999999,0.0375,,0.0,1.71818598614,0.85909299307
4.937,4937.0,0.001,0.0375000000001,,0.0,1.71789623525,0.858948117625
4.938,4938.0,0.000999999999999,0.0375,,0.0,1.71760353356,0.85880176678
4.939,4939.0,0.001,0.0375000000001,,0.0,1.71730788395,0.858653941975
4.94,4940.0,0.001,0.0375000000001,,0.0,1.7170092893,0.85850464465
4.941,4941.0,0.000999999999999,0.0375,,0.0,1.71670775253,0.858353876265
4.942,4942.0,0.001,0.0375000000001,,0.0,1.71640327654,0.85820163827
4.9430000000000005,4943.0,0.001,0.0375000000001,,0.0,1.71609586428,0.85804793214
4.944,4944.0,0.000999999999999,0.0375,,0.0,1.71578551868,0.85789275934
4.945,4945.0,0.001,0.0375000000001,,0.0,1.71547224271,0.857736121355
4.946,4946.0,0.000999999999999,0.0375,,0.0,1.71515603933,0.857578019665
4.947,4947.0,0.001,0.0375000000001,,0.0,1.71483691155,0.857418455775
4.948,4948.0,0.001,0.0375000000001,,0.0,1.71451486234,0.85725743117
4.949,4949.0,0.000999999999999,0.0375,,0.0,1.71418989474,0.85709494737
4.95,4950.0,0.001,0.0375000000001,,0.0,1.71386201176,0.85693100588
4.9510000000000005,4951.0,0.001,0.0375000000001,,0.0,1.71353121644,0.85676560822
4.952,4952.0,0.000999999999999,0.0375,,0.0,1.71319751185,0.856598755925
4.953,4953.0,0.001,0.0375000000001,,0.0,1.71286090104,0.85643045052
4.954,4954.0,0.000999999999999,0.0375,,0.0,1.7125213871,0.85626069355
4.955,4955.0,0.001,0.0375000000001,,0.0,1.71217897312,0.85608948656
4.956,4956.0,0.001,0.0375000000001,,0.0,1.7118336622,0.8559168311
4.957,4957.0,0.000999999999999,0.0375,,0.0,1.71148545747,0.855742728735
4.958,4958.0,0.001,0.0375000000001,,0.0,1.71113436207,0.855567181035
4.9590000000000005,4959.0,0.001,0.0375000000001,,0.0,1.71078037913,0.855390189565
4.96,4960.0,0.000999999999999,0.0375,,0.0,1.71042351181,0.855211755905
4.961,4961.0,0.001,0.0375000000001,,0.0,1.7100637633,0.85503188165
4.962,4962.0,0.000999999999999,0.0375,,0.0,1.70970113677,0.854850568385
4.963,4963.0,0.001,0.0375000000001,,0.0,1.70933563542,0.85466781771
4.964,4964.0,0.001,0.0375000000001,,0.0,1.70896726247,0.854483631235
4.965,4965.0,0.000999999999999,0.0375,,0.0,1.70859602114,0.85429801057
4.966,4966.0,0.001,0.0375000000001,,0.0,1.70822191466,0.85411095733
4.9670000000000005,4967.0,0.001,0.0375000000001,,0.0,1.70784494629,0.853922473145
4.968,4968.0,0.000999999999999,0.0375,,0.0,1.70746511929,0.853732559645
4.969,4969.0,0.001,0.0375000000001,,0.0,1.70708243693,0.853541218465
4.97,4970.0,0.000999999999999,0.0375,,0.0,1.70669690251,0.853348451255
4.971,4971.0,0.001,0.0375000000001,,0.0,1.70630851932,0.85315425966
4.972,4972.0,0.001,0.0375000000001,,0.0,1.70591729067,0.852958645335
4.973,4973.0,0.000999999999999,0.0375,,0.0,1.70552321991,0.852761609955
4.974,4974.0,0.001,0.0375000000001,,0.0,1.70512631035,0.852563155175
4.9750000000000005,4975.0,0.001,0.0375000000001,,0.0,1.70472656536,0.85236328268
4.976,4976.0,0.000999999999999,0.0375,,0.0,1.7043239883,0.85216199415
4.977,4977.0,0.001,0.0375000000001,,0.0,1.70391858254,0.85195929127
4.978,4978.0,0.000999999999999,0.0375,,0.0,1.70351035147,0.851755175735
4.979,4979.0,0.001,0.0375000000001,,0.0,1.7030992985,0.85154964925
4.98,4980.0,0.001,0.0375000000001,,0.0,1.70268542703,0.851342713515
4.981,4981.0,0.000999999999999,0.0375,,0.0,1.7022687405,0.85113437025
4.982,4982.0,0.001,0.0375000000001,,0.0,1.70184924234,0.85092462117
4.9830000000000005,4983.0,0.001,0.0375000000001,,0.0,1.701426936,0.850713468
4.984,4984.0,0.000999999999999,0.0375,,0.0,1.70100182494,0.85050091247
4.985,4985.0,0.001,0.0375000000001,,0.0,1.70057391265,0.850286956325
4.986,4986.0,0.000999999999999,0.0375,,0.0,1.70014320259,0.850071601295
4.987,4987.0,0.001,0.0375000000001,,0.0,1.69970969828,0.84985484914
4.988,4988.0,0.001,0.0375000000001,,0.0,1.69927340322,0.84963670161
4.989,4989.0,0.000999999999999,0.0375,,0.0,1.69883432094,0.84941716047
4.99,4990.0,0.001,0.0375000000001,,0.0,1.69839245497,0.849196227485
4.9910000000000005,4991.0,0.001,0.0375000000001,,0.0,1.69794780886,0.84897390443
4.992,4992.0,0.000999999999999,0.0375,,0.0,1.69750038616,0.84875019308
4.993,4993.0,0.001,0.0375000000001,,0.0,1.69705019044,0.84852509522
4.994,4994.0,0.000999999999999,0.0375,,0.0,1.6965972253,0.84829861265
4.995,4995.0,0.001,0.0375000000001,,0.0,1.69614149432,0.84807074716
4.996,4996.0,0.001,0.0375000000001,,0.0,1.6956830011,0.84784150055
4.997,4997.0,0.000999999999999,0.0375,,0.0,1.69522174926,0.84761087463
4.998,4998.0,0.001,0.0375000000001,,0.0,1.69475774244,0.84737887122
4.999,4999.0,0.000999999999999,0.0375,,0.0,1.69429098427,0.847145492135
5.0,5000.0,0.001,0.0375000000001,,0.0,1.6938214784,0.8469107392
5.001,5001.0,0.001,0.0375000000001,,0.0,1.69334922851,0.846674614255
5.002,5002.0,0.000999999999999,0.0375,,0.0,1.69287423825,0.846437119125
5.003,5003.0,0.001,0.0375000000001,,0.0,1.69239651132,0.84619825566
5.0040000000000004,5004.0,0.001,0.0375000000001,,0.0,1.69191605142,0.84595802571
5.005,5005.0,0.000999999999999,0.0375,,0.0,1.69143286225,0.845716431125
5.006,5006.0,0.001,0.0375000000001,,0.0,1.69094694754,0.84547347377
5.007,5007.0,0.000999999999999,0.0375,,0.0,1.69045831101,0.845229155505
5.008,5008.0,0.001,0.0375000000001,,0.0,1.68996695641,0.844983478205
5.009,5009.0,0.001,0.0375000000001,,0.0,1.68947288749,0.844736443745
5.01,5010.0,0.000999999999999,0.0375,,0.0,1.68897610802,0.84448805401
5.011,5011.0,0.001,0.0375000000001,,0.0,1.68847662178,0.84423831089
5.0120000000000005,5012.0,0.001,0.0375000000001,,0.0,1.68797443254,0.84398721627
5.013,5013.0,0.000999999999999,0.0375,,0.0,1.68746954412,0.84373477206
5.014,5014.0,0.001,0.0375000000001,,0.0,1.68696196031,0.843480980155
5.015,5015.0,0.000999999999999,0.0375,,0.0,1.68645168494,0.84322584247
5.016,5016.0,0.001,0.0375000000001,,0.0,1.68593872184,0.84296936092
5.017,5017.0,0.001,0.0375000000001,,0.0,1.68542307485,0.842711537425
5.018,5018.0,0.000999999999999,0.0375,,0.0,1.68490474782,0.84245237391
5.019,5019.0,0.001,0.0375000000001,,0.0,1.68438374462,0.84219187231
5.0200000000000005,5020.0,0.001,0.0375000000001,,0.0,1.68386006912,0.84193003456
5.021,5021.0,0.000999999999999,0.0375,,0.0,1.6833337252,0.8416668626
5.022,5022.0,0.001,0.0375000000001,,0.0,1.68280471677,0.841402358385
5.023,5023.0,0.000999999999999,0.0375,,0.0,1.68227304773,0.841136523865
5.024,5024.0,0.001,0.0375000000001,,0.0,1.68173872198,0.84086936099
5.025,5025.0,0.001,0.0375000000001,,0.0,1.68120174347,0.840600871735
5.026,5026.0,0.000999999999999,0.0375,,0.0,1.68066211613,0.840331058065
5.027,5027.0,0.001,0.0375000000001,,0.0,1.68011984391,0.840059921955
5.0280000000000005,5028.0,0.001,0.0375000000001,,0.0,1.67957493076,0.83978746538
5.029,5029.0,0.000999999999999,0.0375,,0.0,1.67902738065,0.839513690325
5.03,5030.0,0.001,0.0375000000001,,0.0,1.67847719757,0.839238598785
5.031,5031.0,0.000999999999999,0.0375,,0.0,1.6779243855,0.83896219275
5.032,5032.0,0.001,0.0375000000001,,0.0,1.67736894844,0.83868447422
5.033,5033.0,0.001,0.0375000000001,,0.0,1.67681089041,0.838405445205
5.034,5034.0,0.000999999999999,0.0375,,0.0,1.67625021541,0.838125107705
5.035,5035.0,0.001,0.0375000000001,,0.0,1.6756869275,0.83784346375
5.0360000000000005,5036.0,0.001,0.0375000000001,,0.0,1.67512103069,0.837560515345
5.037,5037.0,0.000999999999999,0.0375,,0.0,1.67455252905,0.837276264525
5.038,5038.0,0.001,0.0375000000001,,0.0,1.67398142663,0.836990713315
5.039,5039.0,0.000999999999999,0.0375,,0.0,1.6734077275,0.83670386375
5.04,5040.0,0.001,0.0375000000001,,0.0,1.67283143575,0.836415717875
5.041,5041.0,0.001,0.0375000000001,,0.0,1.67225255546,0.83612627773
5.042,5042.0,0.000999999999999,0.0375,,0.0,1.67167109074,0.83583554537
5.043,5043.0,0.001,0.0375000000001,,0.0,1.67108704568,0.83554352284
5.0440000000000005,5044.0,0.001,0.0375000000001,,0.0,1.67050042443,0.835250212215
5.045,5045.0,0.000999999999999,0.0375,,0.0,1.66991123109,0.834955615545
5.046,5046.0,0.001,0.0375000000001,,0.0,1.66966071045,0.834830355225
5.047,5047.0,0.000999999999999,0.0375,,0.0,1.66959249746,0.83479624873
5.048,5048.0,0.001,0.0375000000001,,0.0,1.66952131397,0.834760656985
5.049,5049.0,0.001,0.0375000000001,,0.0,1.66944716164,0.83472358082
5.05,5050.0,0.000999999999999,0.0375,,0.0,1.66937004214,0.83468502107
5.051,5051.0,0.001,0.0375000000001,,0.0,1.66928995718,0.83464497859
5.0520000000000005,5052.0,0.001,0.0375000000001,,0.0,1.66920690844,0.83460345422
5.053,5053.0,0.000999999999999,0.0375,,0.0,1.66912089765,0.834560448825
5.054,5054.0,0.001,0.0375000000001,,0.0,1.66903192655,0.834515963275
5.055,5055.0,0.000999999999999,0.0375,,0.0,1.66893999688,0.83446999844
5.056,5056.0,0.001,0.0375000000001,,0.0,1.66884511041,0.834422555205
5.057,5057.0,0.001,0.0375000000001,,0.0,1.66874726891,0.834373634455
5.058,5058.0,0.000999999999999,0.0375,,0.0,1.66864647419,0.834323237095
5.059,5059.0,0.001,0.0375000000001,,0.0,1.66854272806,0.83427136403
5.0600000000000005,5060.0,0.001,0.0375000000001,,0.0,1.66843603233,0.834218016165
5.061,5061.0,0.000999999999999,0.0375,,0.0,1.66832638885,0.834163194425
5.062,5062.0,0.001,0.0375000000001,,0.0,1.66821379947,0.834106899735
5.063,5063.0,0.000999999999999,0.0375,,0.0,1.66809826606,0.83404913303
5.064,5064.0,0.001,0.0375000000001,,0.0,1.66797979051,0.833989895255
5.065,5065.0,0.001,0.0375000000001,,0.0,1.66785837472,0.83392918736
5.066,5066.0,0.000999999999999,0.0375,,0.0,1.66773402059,0.833867010295
5.067,5067.0,0.001,0.0375000000001,,0.0,1.66760673007,0.833803365035
5.0680000000000005,5068.0,0.001,0.0375000000001,,0.0,1.66747650509,0.833738252545
5.069,5069.0,0.000999999999999,0.0375,,0.0,1.66734334761,0.833671673805
5.07,5070.0,0.001,0.0375000000001,,0.0,1.66720725961,0.833603629805
5.071,5071.0,0.000999999999999,0.0375,,0.0,1.66706824307,0.833534121535
5.072,5072.0,0.001,0.0375000000001,,0.0,1.66692629999,0.833463149995
5.073,5073.0,0.001,0.0375000000001,,0.0,1.6667814324,0.8333907162
5.074,5074.0,0.000999999999999,0.0375,,0.0,1.66663364232,0.83331682116
5.075,5075.0,0.001,0.0375000000001,,0.0,1.6664829318,0.8332414659
5.0760000000000005,5076.0,0.001,0.0375000000001,,0.0,1.66632930291,0.833164651455
5.077,5077.0,0.000999999999999,0.0375,,0.0,1.66617275771,0.833086378855
5.078,5078.0,0.001,0.0375000000001,,0.0,1.6660132983,0.83300664915
5.079,5079.0,0.000999999999999,0.0375,,0.0,1.66585092678,0.83292546339
5.08,5080.0,0.001,0.0375000000001,,0.0,1.66568564527,0.832842822635
5.081,5081.0,0.001,0.0375000000001,,0.0,1.6655174559,0.83275872795
5.082,5082.0,0.000999999999999,0.0375,,0.0,1.66534636083,0.832673180415
5.083,5083.0,0.001,0.0375000000001,,0.0,1.66517236221,0.832586181105
5.0840000000000005,5084.0,0.001,0.0375000000001,,0.0,1.66499546221,0.832497731105
5.085,5085.0,0.000999999999999,0.0375,,0.0,1.66481566304,0.83240783152
5.086,5086.0,0.001,0.0375000000001,,0.0,1.66463296689,0.832316483445
5.087,5087.0,0.000999999999999,0.0375,,0.0,1.66444737598,0.83222368799
5.088,5088.0,0.001,0.0375000000001,,0.0,1.66425889255,0.832129446275
5.089,5089.0,0.001,0.0375000000001,,0.0,1.66406751884,0.83203375942
5.09,5090.0,0.000999999999999,0.0375,,0.0,1.66387325712,0.83193662856
5.091,5091.0,0.001,0.0375000000001,,0.0,1.66367610965,0.831838054825
5.0920000000000005,5092.0,0.001,0.0375000000001,,0.0,1.66347607874,0.83173803937
5.093,5093.0,0.000999999999999,0.0375,,0.0,1.66327316668,0.83163658334
5.094,5094.0,0.001,0.0375000000001,,0.0,1.66306737578,0.83153368789
5.095,5095.0,0.000999999999999,0.0375,,0.0,1.6628587084,0.8314293542
5.096,5096.0,0.001,0.0375000000001,,0.0,1.66264716686,0.83132358343
5.097,5097.0,0.001,0.0375000000001,,0.0,1.66243275352,0.83121637676
5.098,5098.0,0.000999999999999,0.0375,,0.0,1.66221547077,0.831107735385
5.099,5099.0,0.001,0.0375000000001,,0.0,1.66199532098,0.83099766049
5.1000000000000005,5100.0,0.001,0.0375000000001,,0.0,1.66177230657,0.830886153285
5.101,5101.0,0.000999999999999,0.0375,,0.0,1.66154642993,0.830773214965
5.102,5102.0,0.001,0.0375000000001,,0.0,1.66131769351,0.830658846755
5.103,5103.0,0.000999999999999,0.0375,,0.0,1.66108609974,0.83054304987
5.104,5104.0,0.001,0.0375000000001,,0.0,1.66085165108,0.83042582554
5.105,5105.0,0.001,0.0375000000001,,0.0,1.66061435001,0.830307175005
5.106,5106.0,0.000999999999999,0.0375,,0.0,1.66037419899,0.830187099495
5.107,5107.0,0.001,0.0375000000001,,0.0,1.66013120053,0.830065600265
5.1080000000000005,5108.0,0.001,0.0375000000001,,0.0,1.65988535715,0.829942678575
5.109,5109.0,0.000999999999999,0.0375,,0.0,1.65963667136,0.82981833568
5.11,5110.0,0.001,0.0375000000001,,0.0,1.6593851457,0.82969257285
5.111,5111.0,0.000999999999999,0.0375,,0.0,1.65913078272,0.82956539136
5.112,5112.0,0.001,0.0375000000001,,0.0,1.65887358499,0.829436792495
5.113,5113.0,0.001,0.0375000000001,,0.0,1.65861355508,0.82930677754
5.114,5114.0,0.000999999999999,0.0375,,0.0,1.65835069559,0.829175347795
5.115,5115.0,0.001,0.0375000000001,,0.0,1.65808500912,0.82904250456
5.1160000000000005,5116.0,0.001,0.0375000000001,,0.0,1.65781649828,0.82890824914
5.117,5117.0,0.000999999999999,0.0375,,0.0,1.65754516572,0.82877258286
5.118,5118.0,0.001,0.0375000000001,,0.0,1.65727101407,0.828635507035
5.119,5119.0,0.000999999999999,0.0375,,0.0,1.65699404599,0.828497022995
5.12,5120.0,0.001,0.0375000000001,,0.0,1.65671426415,0.828357132075
5.121,5121.0,0.001,0.0375000000001,,0.0,1.65643167123,0.828215835615
5.122,5122.0,0.000999999999999,0.0375,,0.0,1.65614626994,0.82807313497
5.123,5123.0,0.001,0.0375000000001,,0.0,1.65585806298,0.82792903149
5.124,5124.0,0.000999999999999,0.0375,,0.0,1.65556705308,0.82778352654
5.125,5125.0,0.001,0.0375000000001,,0.0,1.65527324297,0.827636621485
5.126,5126.0,0.001,0.0375000000001,,0.0,1.6549766354,0.8274883177
5.127,5127.0,0.000999999999999,0.0375,,0.0,1.65467723313,0.827338616565
5.128,5128.0,0.001,0.0375000000001,,0.0,1.65437503895,0.827187519475
5.1290000000000004,5129.0,0.001,0.0375000000001,,0.0,1.65407005562,0.82703502781
5.13,5130.0,0.000999999999999,0.0375,,0.0,1.65376228597,0.826881142985
5.131,5131.0,0.001,0.0375000000001,,0.0,1.65345173279,0.826725866395
5.132,5132.0,0.000999999999999,0.0375,,0.0,1.65313839892,0.82656919946
5.133,5133.0,0.001,0.0375000000001,,0.0,1.65282228719,0.826411143595
5.134,5134.0,0.001,0.0375000000001,,0.0,1.65250340047,0.826251700235
5.135,5135.0,0.000999999999999,0.0375,,0.0,1.6521817416,0.8260908708
5.136,5136.0,0.001,0.0375000000001,,0.0,1.65185731347,0.825928656735
5.1370000000000005,5137.0,0.001,0.0375000000001,,0.0,1.65153011898,0.82576505949
5.138,5138.0,0.000999999999999,0.0375,,0.0,1.65120016101,0.825600080505
5.139,5139.0,0.001,0.0375000000001,,0.0,1.65086744249,0.825433721245
5.14,5140.0,0.000999999999999,0.0375,,0.0,1.65053196634,0.82526598317
5.141,5141.0,0.001,0.0375000000001,,0.0,1.6501937355,0.82509686775
5.142,5142.0,0.001,0.0375000000001,,0.0,1.64985275293,0.824926376465
5.143,5143.0,0.000999999999999,0.0375,,0.0,1.64950902159,0.824754510795
5.144,5144.0,0.001,0.0375000000001,,0.0,1.64916254446,0.82458127223
5.1450000000000005,5145.0,0.001,0.0375000000001,,0.0,1.64881332452,0.82440666226
5.146,5146.0,0.000999999999999,0.0375,,0.0,1.64846136478,0.82423068239
5.147,5147.0,0.001,0.0375000000001,,0.0,1.64810666825,0.824053334125
5.148,5148.0,0.000999999999999,0.0375,,0.0,1.64774923796,0.82387461898
5.149,5149.0,0.001,0.0375000000001,,0.0,1.64738907695,0.823694538475
5.15,5150.0,0.001,0.0375000000001,,0.0,1.64702618826,0.82351309413
5.151,5151.0,0.000999999999999,0.0375,,0.0,1.64666057497,0.823330287485
5.152,5152.0,0.001,0.0375000000001,,0.0,1.64629224014,0.82314612007
5.1530000000000005,5153.0,0.001,0.0375000000001,,0.0,1.64592118685,0.822960593425
5.154,5154.0,0.000999999999999,0.0375,,0.0,1.64554741822,0.82277370911
5.155,5155.0,0.001,0.0375000000001,,0.0,1.64517093735,0.822585468675
5.156,5156.0,0.000999999999999,0.0375,,0.0,1.64479174737,0.822395873685
5.157,5157.0,0.001,0.0375000000001,,0.0,1.6444098514,0.8222049257
5.158,5158.0,0.001,0.0375000000001,,0.0,1.6440252526,0.8220126263
5.159,5159.0,0.000999999999999,0.0375,,0.0,1.64363795412,0.82181897706
5.16,5160.0,0.001,0.0375000000001,,0.0,1.64324795913,0.821623979565
5.1610000000000005,5161.0,0.001,0.0375000000001,,0.0,1.64285527082,0.82142763541
5.162,5162.0,0.000999999999999,0.0375,,0.0,1.64245989238,0.82122994619
5.163,5163.0,0.001,0.0375000000001,,0.0,1.64206182701,0.821030913505
5.164,5164.0,0.000999999999999,0.0375,,0.0,1.64166107794,0.82083053897
5.165,5165.0,0.001,0.0375000000001,,0.0,1.64125764838,0.82062882419
5.166,5166.0,0.001,0.0375000000001,,0.0,1.64085154159,0.820425770795
5.167,5167.0,0.000999999999999,0.0375,,0.0,1.64044276081,0.820221380405
5.168,5168.0,0.001,0.0375000000001,,0.0,1.6400313093,0.82001565465
5.1690000000000005,5169.0,0.001,0.0375000000001,,0.0,1.63961719035,0.819808595175
5.17,5170.0,0.000999999999999,0.0375,,0.0,1.63920040723,0.819600203615
5.171,5171.0,0.001,0.0375000000001,,0.0,1.63878096325,0.819390481625
5.172,5172.0,0.000999999999999,0.0375,,0.0,1.63835886171,0.819179430855
5.173,5173.0,0.001,0.0375000000001,,0.0,1.63793410594,0.81896705297
5.174,5174.0,0.001,0.0375000000001,,0.0,1.63750669926,0.81875334963
5.175,5175.0,0.000999999999999,0.0375,,0.0,1.63707664502,0.81853832251
5.176,5176.0,0.001,0.0375000000001,,0.0,1.63664394658,0.81832197329
5.1770000000000005,5177.0,0.001,0.0375000000001,,0.0,1.63620860729,0.818104303645
5.178,5178.0,0.000999999999999,0.0375,,0.0,1.63577063054,0.81788531527
5.179,5179.0,0.001,0.0375000000001,,0.0,1.63533001972,0.81766500986
5.18,5180.0,0.000999999999999,0.0375,,0.0,1.63488677821,0.817443389105
5.181,5181.0,0.001,0.0375000000001,,0.0,1.63444090944,0.81722045472
5.182,5182.0,0.001,0.0375000000001,,0.0,1.63399241682,0.81699620841
5.183,5183.0,0.000999999999999,0.0375,,0.0,1.6336028977,0.81680144885
5.184,5184.0,0.001,0.0375000000001,,0.0,1.63348691393,0.816743456965
5.1850000000000005,5185.0,0.001,0.0375000000001,,0.0,1.63336812593,0.816684062965
5.186,5186.0,0.000999999999999,0.0375,,0.0,1.63324653549,0.816623267745
5.187,5187.0,0.001,0.0375000000001,,0.0,1.63312214442,0.81656107221
5.188,5188.0,0.000999999999999,0.0375,,0.0,1.63299495454,0.81649747727
5.189,5189.0,0.001,0.0375000000001,,0.0,1.63286496767,0.816432483835
5.19,5190.0,0.001,0.0375000000001,,0.0,1.63273218567,0.816366092835
5.191,5191.0,0.000999999999999,0.0375,,0.0,1.63259661039,0.816298305195
5.192,5192.0,0.001,0.0375000000001,,0.0,1.63245824371,0.816229121855
5.1930000000000005,5193.0,0.001,0.0375000000001,,0.0,1.63231708753,0.816158543765
5.194,5194.0,0.000999999999999,0.0375,,0.0,1.63217314373,0.816086571865
5.195,5195.0,0.001,0.0375000000001,,0.0,1.63202641423,0.816013207115
5.196,5196.0,0.000999999999999,0.0375,,0.0,1.63187690096,0.81593845048
5.197,5197.0,0.001,0.0375000000001,,0.0,1.63172460587,0.815862302935
5.198,5198.0,0.001,0.0375000000001,,0.0,1.63156953091,0.815784765455
5.199,5199.0,0.000999999999999,0.0375,,0.0,1.63141167804,0.81570583902
5.2,5200.0,0.001,0.0375000000001,,0.0,1.63125104926,0.81562552463
5.2010000000000005,5201.0,0.001,0.0375000000001,,0.0,1.63108764654,0.81554382327
5.202,5202.0,0.000999999999999,0.0375,,0.0,1.63092147191,0.815460735955
5.203,5203.0,0.001,0.0375000000001,,0.0,1.63075252739,0.815376263695
5.204,5204.0,0.000999999999999,0.0375,,0.0,1.63058081501,0.815290407505
5.205,5205.0,0.001,0.0375000000001,,0.0,1.63040633681,0.815203168405
5.206,5206.0,0.001,0.0375000000001,,0.0,1.63022909487,0.815114547435
5.207,5207.0,0.000999999999999,0.0375,,0.0,1.63004909125,0.815024545625
5.208,5208.0,0.001,0.0375000000001,,0.0,1.62986632805,0.814933164025
5.2090000000000005,5209.0,0.001,0.0375000000001,,0.0,1.62968080737,0.814840403685
5.21,5210.0,0.000999999999999,0.0375,,0.0,1.62949253132,0.81474626566
5.211,5211.0,0.001,0.0375000000001,,0.0,1.62930150202,0.81465075101
5.212,5212.0,0.000999999999999,0.0375,,0.0,1.62910772163,0.814553860815
5.213,5213.0,0.001,0.0375000000001,,0.0,1.62891119229,0.814455596145
5.214,5214.0,0.001,0.0375000000001,,0.0,1.62871191617,0.814355958085
5.215,5215.0,0.000999999999999,0.0375,,0.0,1.62850989545,0.814254947725
5.216,5216.0,0.001,0.0375000000001,,0.0,1.62830513232,0.81415256616
5.2170000000000005,5217.0,0.001,0.0375000000001,,0.0,1.628097629,0.8140488145
5.218,5218.0,0.000999999999999,0.0375,,0.0,1.62788738769,0.813943693845
5.219,5219.0,0.001,0.0375000000001,,0.0,1.62767441063,0.813837205315
5.22,5220.0,0.000999999999999,0.0375,,0.0,1.62745870007,0.813729350035
5.221,5221.0,0.001,0.0375000000001,,0.0,1.62724025826,0.81362012913
5.222,5222.0,0.001,0.0375000000001,,0.0,1.62701908747,0.813509543735
5.223,5223.0,0.000999999999999,0.0375,,0.0,1.62679518999,0.813397594995
5.224,5224.0,0.001,0.0375000000001,,0.0,1.62656856811,0.813284284055
5.2250000000000005,5225.0,0.001,0.0375000000001,,0.0,1.62633922414,0.81316961207
5.226,5226.0,0.000999999999999,0.0375,,0.0,1.6261071604,0.8130535802
5.227,5227.0,0.001,0.0375000000001,,0.0,1.62587237922,0.81293618961
5.228,5228.0,0.000999999999999,0.0375,,0.0,1.62563488295,0.812817441475
5.229,5229.0,0.001,0.0375000000001,,0.0,1.62539467396,0.81269733698
5.23,5230.0,0.001,0.0375000000001,,0.0,1.62515175461,0.812575877305
5.231,5231.0,0.000999999999999,0.0375,,0.0,1.62490612728,0.81245306364
5.232,5232.0,0.001,0.0375000000001,,0.0,1.62465779438,0.81232889719
5.2330000000000005,5233.0,0.001,0.0375000000001,,0.0,1.62440675831,0.812203379155
5.234,5234.0,0.000999999999999,0.0375,,0.0,1.62415302149,0.812076510745
5.235,5235.0,0.001,0.0375000000001,,0.0,1.62389658636,0.81194829318
5.236,5236.0,0.000999999999999,0.0375,,0.0,1.62363745536,0.81181872768
5.237,5237.0,0.001,0.0375000000001,,0.0,1.62337563096,0.81168781548
5.238,5238.0,0.001,0.0375000000001,,0.0,1.62311111563,0.811555557815
5.239,5239.0,0.000999999999999,0.0375,,0.0,1.62284391184,0.81142195592
5.24,5240.0,0.001,0.0375000000001,,0.0,1.6225740221,0.81128701105
5.2410000000000005,5241.0,0.001,0.0375000000001,,0.0,1.6223014489,0.81115072445
5.242,5242.0,0.000999999999999,0.0375,,0.0,1.62202619479,0.811013097395
5.243,5243.0,0.001,0.0375000000001,,0.0,1.62174826227,0.810874131135
5.244,5244.0,0.000999999999999,0.0375,,0.0,1.62146765391,0.810733826955
5.245,5245.0,0.001,0.0375000000001,,0.0,1.62118437225,0.810592186125
5.246,5246.0,0.001,0.0375000000001,,0.0,1.62089841987,0.810449209935
5.247,5247.0,0.000999999999999,0.0375,,0.0,1.62060979934,0.81030489967
5.248,5248.0,0.001,0.0375000000001,,0.0,1.62031851327,0.810159256635
5.249,5249.0,0.000999999999999,0.0375,,0.0,1.62002456425,0.810012282125
5.25,5250.0,0.001,0.0375000000001,,0.0,1.6197279549,0.80986397745
5.251,5251.0,0.001,0.0375000000001,,0.0,1.61942868785,0.809714343925
5.252,5252.0,0.000999999999999,0.0375,,0.0,1.61912676575,0.809563382875
5.253,5253.0,0.001,0.0375000000001,,0.0,1.61882219124,0.80941109562
5.2540000000000004,5254.0,0.001,0.0375000000001,,0.0,1.61851496698,0.80925748349
5.255,5255.0,0.000999999999999,0.0375,,0.0,1.61820509567,0.809102547835
5.256,5256.0,0.001,0.0375000000001,,0.0,1.61789257998,0.80894628999
5.257,5257.0,0.000999999999999,0.0375,,0.0,1.61757742261,0.808788711305
5.258,5258.0,0.001,0.0375000000001,,0.0,1.61725962628,0.80862981314
5.259,5259.0,0.001,0.0375000000001,,0.0,1.6169391937,0.80846959685
5.26,5260.0,0.000999999999999,0.0375,,0.0,1.61661612763,0.808308063815
5.261,5261.0,0.001,0.0375000000001,,0.0,1.61629043079,0.808145215395
5.2620000000000005,5262.0,0.001,0.0375000000001,,0.0,1.61596210596,0.80798105298
5.263,5263.0,0.000999999999999,0.0375,,0.0,1.61563115589,0.807815577945
5.264,5264.0,0.001,0.0375000000001,,0.0,1.61529758337,0.807648791685
5.265,5265.0,0.000999999999999,0.0375,,0.0,1.6149613912,0.8074806956
5.266,5266.0,0.001,0.0375000000001,,0.0,1.61462258218,0.80731129109
5.267,5267.0,0.001,0.0375000000001,,0.0,1.61428115913,0.807140579565
5.268,5268.0,0.000999999999999,0.0375,,0.0,1.61393712487,0.806968562435
5.269,5269.0,0.001,0.0375000000001,,0.0,1.61359048223,0.806795241115
5.2700000000000005,5270.0,0.001,0.0375000000001,,0.0,1.61324123409,0.806620617045
5.271,5271.0,0.000999999999999,0.0375,,0.0,1.61288938328,0.80644469164
5.272,5272.0,0.001,0.0375000000001,,0.0,1.61253493269,0.806267466345
5.273,5273.0,0.000999999999999,0.0375,,0.0,1.6121778852,0.8060889426
5.274,5274.0,0.001,0.0375000000001,,0.0,1.6118182437,0.80590912185
5.275,5275.0,0.001,0.0375000000001,,0.0,1.61145601111,0.805728005555
5.276,5276.0,0.000999999999999,0.0375,,0.0,1.61109119034,0.80554559517
5.277,5277.0,0.001,0.0375000000001,,0.0,1.61072378432,0.80536189216
5.2780000000000005,5278.0,0.001,0.0375000000001,,0.0,1.61035379598,0.80517689799
5.279,5279.0,0.000999999999999,0.0375,,0.0,1.60998122828,0.80499061414
5.28,5280.0,0.001,0.0375000000001,,0.0,1.60960608419,0.804803042095
5.281,5281.0,0.000999999999999,0.0375,,0.0,1.60922836667,0.804614183335
5.282,5282.0,0.001,0.0375000000001,,0.0,1.60884807871,0.804424039355
5.283,5283.0,0.001,0.0375000000001,,0.0,1.6084652233,0.80423261165
5.284,5284.0,0.000999999999999,0.0375,,0.0,1.60807980345,0.804039901725
5.285,5285.0,0.001,0.0375000000001,,0.0,1.60769182217,0.803845911085
5.2860000000000005,5286.0,0.001,0.0375000000001,,0.0,1.6073012825,0.80365064125
5.287,5287.0,0.000999999999999,0.0375,,0.0,1.60690818747,0.803454093735
5.288,5288.0,0.001,0.0375000000001,,0.0,1.60651254013,0.803256270065
5.289,5289.0,0.000999999999999,0.0375,,0.0,1.60611434355,0.803057171775
5.29,5290.0,0.001,0.0375000000001,,0.0,1.60571360078,0.80285680039
5.291,5291.0,0.001,0.0375000000001,,0.0,1.60531031492,0.80265515746
5.292,5292.0,0.000999999999999,0.0375,,0.0,1.60490448905,0.802452244525
5.293,5293.0,0.001,0.0375000000001,,0.0,1.60449612628,0.80224806314
5.2940000000000005,5294.0,0.001,0.0375000000001,,0.0,1.60408522971,0.802042614855
5.295,5295.0,0.000999999999999,0.0375,,0.0,1.60367180249,0.801835901245
5.296,5296.0,0.001,0.0375000000001,,0.0,1.60325584773,0.801627923865
5.297,5297.0,0.000999999999999,0.0375,,0.0,1.60283736858,0.80141868429
5.298,5298.0,0.001,0.0375000000001,,0.0,1.6024163682,0.8012081841
5.299,5299.0,0.001,0.0375000000001,,0.0,1.60199284975,0.800996424875
5.3,5300.0,0.000999999999999,0.0375,,0.0,1.60156681641,0.800783408205
5.301,5301.0,0.001,0.0375000000001,,0.0,1.60113827137,0.800569135685
5.3020000000000005,5302.0,0.001,0.0375000000001,,0.0,1.60070721781,0.800353608905
5.303,5303.0,0.000999999999999,0.0375,,0.0,1.60027365896,0.80013682948
5.304,5304.0,0.001,0.0375000000001,,0.0,1.59983759802,0.79991879901
5.305,5305.0,0.000999999999999,0.0375,,0.0,1.59939903822,0.79969951911
5.306,5306.0,0.001,0.0375000000001,,0.0,1.5989579828,0.7994789914
5.307,5307.0,0.001,0.0375000000001,,0.0,1.59851443501,0.799257217505
5.308,5308.0,0.000999999999999,0.0375,,0.0,1.59806839811,0.799034199055
5.309,5309.0,0.001,0.0375000000001,,0.0,1.59761987535,0.798809937675
5.3100000000000005,5310.0,0.001,0.0375000000001,,0.0,1.59716887003,0.798584435015
5.311,5311.0,0.000999999999999,0.0375,,0.0,1.59671538542,0.79835769271
5.312,5312.0,0.001,0.0375000000001,,0.0,1.59625942483,0.798129712415
5.313,5313.0,0.000999999999999,0.0375,,0.0,1.59580099157,0.797900495785
5.314,5314.0,0.001,0.0375000000001,,0.0,1.59534008894,0.79767004447
5.315,5315.0,0.001,0.0375000000001,,0.0,1.59487672028,0.79743836014
5.316,5316.0,0.000999999999999,0.0375,,0.0,1.59441088893,0.797205444465
5.317,5317.0,0.001,0.0375000000001,,0.0,1.59394259823,0.796971299115
5.3180000000000005,5318.0,0.001,0.0375000000001,,0.0,1.59347185154,0.79673592577
5.319,5319.0,0.000999999999999,0.0375,,0.0,1.59299865222,0.79649932611
5.32,5320.0,0.001,0.0375000000001,,0.0,1.59252300366,0.79626150183
5.321,5321.0,0.000999999999999,0.0375,,0.0,1.59204490923,0.796022454615
5.322,5322.0,0.001,0.0375000000001,,0.0,1.59156437234,0.79578218617
5.323,5323.0,0.001,0.0375000000001,,0.0,1.59108139639,0.795540698195
5.324,5324.0,0.000999999999999,0.0375,,0.0,1.59059598478,0.79529799239
5.325,5325.0,0.001,0.0375000000001,,0.0,1.59010814096,0.79505407048
5.3260000000000005,5326.0,0.001,0.0375000000001,,0.0,1.58961786835,0.794808934175
5.327,5327.0,0.000999999999999,0.0375,,0.0,1.58912517039,0.794562585195
5.328,5328.0,0.001,0.0375000000001,,0.0,1.58863005053,0.794315025265
5.329,5329.0,0.000999999999999,0.0375,,0.0,1.58813251225,0.794066256125
5.33,5330.0,0.001,0.0375000000001,,0.0,1.587632559,0.7938162795
5.331,5331.0,0.001,0.0375000000001,,0.0,1.58713019427,0.793565097135
5.332,5332.0,0.000999999999999,0.0375,,0.0,1.58662542156,0.79331271078
5.333,5333.0,0.001,0.0375000000001,,0.0,1.58611824435,0.793059122175
5.3340000000000005,5334.0,0.001,0.0375000000001,,0.0,1.58560866616,0.79280433308
5.335,5335.0,0.000999999999999,0.0375,,0.0,1.5850966905,0.79254834525
5.336,5336.0,0.001,0.0375000000001,,0.0,1.5845823209,0.79229116045
5.337,5337.0,0.000999999999999,0.0375,,0.0,1.5840655609,0.79203278045
5.338,5338.0,0.001,0.0375000000001,,0.0,1.58354641405,0.791773207025
5.339,5339.0,0.001,0.0375000000001,,0.0,1.58302488388,0.79151244194
5.34,5340.0,0.000999999999999,0.0375,,0.0,1.58250097398,0.79125048699
5.341,5341.0,0.001,0.0375000000001,,0.0,1.58197468791,0.790987343955
5.3420000000000005,5342.0,0.001,0.0375000000001,,0.0,1.58144602924,0.79072301462
5.343,5343.0,0.000999999999999,0.0375,,0.0,1.58091500158,0.79045750079
5.344,5344.0,0.001,0.0375000000001,,0.0,1.58038160851,0.790190804255
5.345,5345.0,0.000999999999999,0.0375,,0.0,1.57984585365,0.789922926825
5.346,5346.0,0.001,0.0375000000001,,0.0,1.57930774061,0.789653870305
5.347,5347.0,0.001,0.0375000000001,,0.0,1.57876727302,0.78938363651
5.348,5348.0,0.000999999999999,0.0375,,0.0,1.57822445451,0.789112227255
5.349,5349.0,0.001,0.0375000000001,,0.0,1.57767928871,0.788839644355
5.3500000000000005,5350.0,0.001,0.0375000000001,,0.0,1.5771317793,0.78856588965
5.351,5351.0,0.000999999999999,0.0375,,0.0,1.57658192991,0.788290964955
5.352,5352.0,0.001,0.0375000000001,,0.0,1.57602974422,0.78801487211
5.353,5353.0,0.000999999999999,0.0375,,0.0,1.57547522591,0.787737612955
5.354,5354.0,0.001,0.0375000000001,,0.0,1.57491837867,0.787459189335
5.355,5355.0,0.001,0.0375000000001,,0.0,1.57435920617,0.787179603085
5.356,5356.0,0.000999999999999,0.0375,,0.0,1.57379771214,0.78689885607
5.357,5357.0,0.001,0.0375000000001,,0.0,1.57364334803,0.786821674015
5.3580000000000005,5358.0,0.001,0.0375000000001,,0.0,1.57353802927,0.786769014635
5.359,5359.0,0.000999999999999,0.0375,,0.0,1.57343022923,0.786715114615
5.36,5360.0,0.001,0.0375000000001,,0.0,1.57331994943,0.786659974715
5.361,5361.0,0.000999999999999,0.0375,,0.0,1.57320719143,0.786603595715
5.362,5362.0,0.001,0.0375000000001,,0.0,1.57309195677,0.786545978385
5.363,5363.0,0.001,0.0375000000001,,0.0,1.57297424704,0.78648712352
5.364,5364.0,0.000999999999999,0.0375,,0.0,1.57285406381,0.786427031905
5.365,5365.0,0.001,0.0375000000001,,0.0,1.57273140868,0.78636570434
5.3660000000000005,5366.0,0.001,0.0375000000001,,0.0,1.57260628324,0.78630314162
5.367,5367.0,0.000999999999999,0.0375,,0.0,1.57247868911,0.786239344555
5.368,5368.0,0.001,0.0375000000001,,0.0,1.57234862793,0.786174313965
5.369,5369.0,0.000999999999999,0.0375,,0.0,1.57221610131,0.786108050655
5.37,5370.0,0.001,0.0375000000001,,0.0,1.57208111092,0.78604055546
5.371,5371.0,0.001,0.0375000000001,,0.0,1.57194365841,0.785971829205
5.372,5372.0,0.000999999999999,0.0375,,0.0,1.57180374545,0.785901872725
5.373,5373.0,0.001,0.0375000000001,,0.0,1.57166137372,0.78583068686
5.3740000000000006,5374.0,0.001,0.0375000000001,,0.0,1.57151654492,0.78575827246
5.375,5375.0,0.000999999999999,0.0375,,0.0,1.57136926073,0.785684630365
5.376,5376.0,0.001,0.0375000000001,,0.0,1.57121952289,0.785609761445
5.377,5377.0,0.000999999999999,0.0375,,0.0,1.5710673331,0.78553366655
5.378,5378.0,0.001,0.0375000000001,,0.0,1.57091269312,0.78545634656
5.3790000000000004,5379.0,0.001,0.0375000000001,,0.0,1.57075560467,0.785377802335
5.38,5380.0,0.000999999999999,0.0375,,0.0,1.57059606953,0.785298034765
5.381,5381.0,0.001,0.0375000000001,,0.0,1.57043408945,0.785217044725
5.382,5382.0,0.000999999999999,0.0375,,0.0,1.57026966622,0.78513483311
5.383,5383.0,0.001,0.0375000000001,,0.0,1.57010280163,0.785051400815
5.384,5384.0,0.001,0.0375000000001,,0.0,1.56993349747,0.784966748735
5.385,5385.0,0.000999999999999,0.0375,,0.0,1.56976175555,0.784880877775
5.386,5386.0,0.001,0.0375000000001,,0.0,1.5695875777,0.78479378885
5.3870000000000005,5387.0,0.001,0.0375000000001,,0.0,1.56941096575,0.784705482875
5.388,5388.0,0.000999999999999,0.0375,,0.0,1.56923192154,0.78461596077
5.389,5389.0,0.001,0.0375000000001,,0.0,1.56905044693,0.784525223465
5.39,5390.0,0.000999999999999,0.0375,,0.0,1.56886654377,0.784433271885
5.391,5391.0,0.001,0.0375000000001,,0.0,1.56868021395,0.784340106975
5.392,5392.0,0.001,0.0375000000001,,0.0,1.56849145934,0.78424572967
5.393,5393.0,0.000999999999999,0.0375,,0.0,1.56830028185,0.784150140925
5.394,5394.0,0.001,0.0375000000001,,0.0,1.56810668338,0.78405334169
5.3950000000000005,5395.0,0.001,0.0375000000001,,0.0,1.56791066584,0.78395533292
5.396,5396.0,0.000999999999999,0.0375,,0.0,1.56771223117,0.783856115585
5.397,5397.0,0.001,0.0375000000001,,0.0,1.56751138129,0.783755690645
5.398,5398.0,0.000999999999999,0.0375,,0.0,1.56730811817,0.783654059085
5.399,5399.0,0.001,0.0375000000001,,0.0,1.56710244375,0.783551221875
5.4,5400.0,0.001,0.0375000000001,,0.0,1.56689436001,0.783447180005
5.401,5401.0,0.000999999999999,0.0375,,0.0,1.56668386892,0.78334193446
5.402,5402.0,0.001,0.0375000000001,,0.0,1.56647097248,0.78323548624
5.4030000000000005,5403.0,0.001,0.0375000000001,,0.0,1.56625567268,0.78312783634
5.404,5404.0,0.000999999999999,0.0375,,0.0,1.56603797153,0.783018985765
5.405,5405.0,0.001,0.0375000000001,,0.0,1.56581787106,0.78290893553
5.406,5406.0,0.000999999999999,0.0375,,0.0,1.5655953733,0.78279768665
5.407,5407.0,0.001,0.0375000000001,,0.0,1.56537048028,0.78268524014
5.408,5408.0,0.001,0.0375000000001,,0.0,1.56514319405,0.782571597025
5.409,5409.0,0.000999999999999,0.0375,,0.0,1.56491351669,0.782456758345
5.41,5410.0,0.001,0.0375000000001,,0.0,1.56468145025,0.782340725125
5.4110000000000005,5411.0,0.001,0.0375000000001,,0.0,1.56444699682,0.78222349841
5.412,5412.0,0.000999999999999,0.0375,,0.0,1.5642101585,0.78210507925
5.413,5413.0,0.001,0.0375000000001,,0.0,1.56397093738,0.78198546869
5.414,5414.0,0.000999999999999,0.0375,,0.0,1.56372933557,0.781864667785
5.415,5415.0,0.001,0.0375000000001,,0.0,1.56348535521,0.781742677605
5.416,5416.0,0.001,0.0375000000001,,0.0,1.56323899841,0.781619499205
5.417,5417.0,0.000999999999999,0.0375,,0.0,1.56299026732,0.78149513366
5.418,5418.0,0.001,0.0375000000001,,0.0,1.5627391641,0.78136958205
5.4190000000000005,5419.0,0.001,0.0375000000001,,0.0,1.5624856909,0.78124284545
5.42,5420.0,0.000999999999999,0.0375,,0.0,1.56222984989,0.781114924945
5.421,5421.0,0.001,0.0375000000001,,0.0,1.56197164327,0.780985821635
5.422,5422.0,0.000999999999999,0.0375,,0.0,1.56171107321,0.780855536605
5.423,5423.0,0.001,0.0375000000001,,0.0,1.56144814192,0.78072407096
5.424,5424.0,0.001,0.0375000000001,,0.0,1.56118285162,0.78059142581
5.425,5425.0,0.000999999999999,0.0375,,0.0,1.56091520451,0.780457602255
5.426,5426.0,0.001,0.0375000000001,,0.0,1.56064520284,0.78032260142
5.4270000000000005,5427.0,0.001,0.0375000000001,,0.0,1.56037284884,0.78018642442
5.428,5428.0,0.000999999999999,0.0375,,0.0,1.56009814477,0.780049072385
5.429,5429.0,0.001,0.0375000000001,,0.0,1.55982109288,0.77991054644
5.43,5430.0,0.000999999999999,0.0375,,0.0,1.55954169544,0.77977084772
5.431,5431.0,0.001,0.0375000000001,,0.0,1.55925995473,0.779629977365
5.432,5432.0,0.001,0.0375000000001,,0.0,1.55897587304,0.77948793652
5.433,5433.0,0.000999999999999,0.0375,,0.0,1.55868945267,0.779344726335
5.434,5434.0,0.001,0.0375000000001,,0.0,1.55840069593,0.779200347965
5.4350000000000005,5435.0,0.001,0.0375000000001,,0.0,1.55810960513,0.779054802565
5.436,5436.0,0.000999999999999,0.0375,,0.0,1.5578161826,0.7789080913
5.437,5437.0,0.001,0.0375000000001,,0.0,1.55752043068,0.77876021534
5.438,5438.0,0.000999999999999,0.0375,,0.0,1.55722235172,0.77861117586
5.439,5439.0,0.001,0.0375000000001,,0.0,1.55692194806,0.77846097403
5.44,5440.0,0.001,0.0375000000001,,0.0,1.55661922208,0.77830961104
5.441,5441.0,0.000999999999999,0.0375,,0.0,1.55631417614,0.77815708807
5.442,5442.0,0.001,0.0375000000001,,0.0,1.55600681264,0.77800340632
5.4430000000000005,5443.0,0.001,0.0375000000001,,0.0,1.55569713396,0.77784856698
5.444,5444.0,0.000999999999999,0.0375,,0.0,1.55538514252,0.77769257126
5.445,5445.0,0.001,0.0375000000001,,0.0,1.55507084071,0.777535420355
5.446,5446.0,0.000999999999999,0.0375,,0.0,1.55475423096,0.77737711548
5.447,5447.0,0.001,0.0375000000001,,0.0,1.5544353157,0.77721765785
5.448,5448.0,0.001,0.0375000000001,,0.0,1.55411409737,0.777057048685
5.449,5449.0,0.000999999999999,0.0375,,0.0,1.55379057842,0.77689528921
5.45,5450.0,0.001,0.0375000000001,,0.0,1.55346476131,0.776732380655
5.4510000000000005,5451.0,0.001,0.0375000000001,,0.0,1.5531366485,0.77656832425
5.452,5452.0,0.000999999999999,0.0375,,0.0,1.55280624247,0.776403121235
5.453,5453.0,0.001,0.0375000000001,,0.0,1.5524735457,0.77623677285
5.454,5454.0,0.000999999999999,0.0375,,0.0,1.5521385607,0.77606928035
5.455,5455.0,0.001,0.0375000000001,,0.0,1.55180128996,0.77590064498
5.456,5456.0,0.001,0.0375000000001,,0.0,1.55146173599,0.775730867995
5.457,5457.0,0.000999999999999,0.0375,,0.0,1.55111990132,0.77555995066
5.458,5458.0,0.001,0.0375000000001,,0.0,1.55077578847,0.775387894235
5.4590000000000005,5459.0,0.001,0.0375000000001,,0.0,1.5504294,0.7752147
5.46,5460.0,0.000999999999999,0.0375,,0.0,1.55008073843,0.775040369215
5.461,5461.0,0.001,0.0375000000001,,0.0,1.54972980634,0.77486490317
5.462,5462.0,0.000999999999999,0.0375,,0.0,1.54937660629,0.774688303145
5.463,5463.0,0.001,0.0375000000001,,0.0,1.54902114085,0.774510570425
5.464,5464.0,0.001,0.0375000000001,,0.0,1.5486634126,0.7743317063
5.465,5465.0,0.000999999999999,0.0375,,0.0,1.54830342414,0.77415171207
5.466,5466.0,0.001,0.0375000000001,,0.0,1.54794117808,0.77397058904
5.4670000000000005,5467.0,0.001,0.0375000000001,,0.0,1.54757667701,0.773788338505
5.468,5468.0,0.000999999999999,0.0375,,0.0,1.54720992356,0.77360496178
5.469,5469.0,0.001,0.0375000000001,,0.0,1.54684092036,0.77342046018
5.47,5470.0,0.000999999999999,0.0375,,0.0,1.54646967004,0.77323483502
5.471,5471.0,0.001,0.0375000000001,,0.0,1.54609617524,0.77304808762
5.472,5472.0,0.001,0.0375000000001,,0.0,1.54572043863,0.772860219315
5.473,5473.0,0.000999999999999,0.0375,,0.0,1.54534246286,0.77267123143
5.474,5474.0,0.001,0.0375000000001,,0.0,1.5449622506,0.7724811253
5.4750000000000005,5475.0,0.001,0.0375000000001,,0.0,1.54457980453,0.772289902265
5.476,5476.0,0.000999999999999,0.0375,,0.0,1.54419512734,0.77209756367
5.477,5477.0,0.001,0.0375000000001,,0.0,1.54380822173,0.771904110865
5.478,5478.0,0.000999999999999,0.0375,,0.0,1.54341909039,0.771709545195
5.479,5479.0,0.001,0.0375000000001,,0.0,1.54302773605,0.771513868025
5.48,5480.0,0.001,0.0375000000001,,0.0,1.54263416142,0.77131708071
5.481,5481.0,0.000999999999999,0.0375,,0.0,1.54223836924,0.77111918462
5.482,5482.0,0.001,0.0375000000001,,0.0,1.54184036223,0.770920181115
5.4830000000000005,5483.0,0.001,0.0375000000001,,0.0,1.54144014315,0.770720071575
5.484,5484.0,0.000999999999999,0.0375,,0.0,1.54103771476,0.77051885738
5.485,5485.0,0.001,0.0375000000001,,0.0,1.5406330798,0.7703165399
5.486,5486.0,0.000999999999999,0.0375,,0.0,1.54022624107,0.770113120535
5.487,5487.0,0.001,0.0375000000001,,0.0,1.53981720133,0.769908600665
5.488,5488.0,0.001,0.0375000000001,,0.0,1.53940596337,0.769702981685
5.489,5489.0,0.000999999999999,0.0375,,0.0,1.53899252999,0.769496264995
5.49,5490.0,0.001,0.0375000000001,,0.0,1.53857690399,0.769288451995
5.4910000000000005,5491.0,0.001,0.0375000000001,,0.0,1.53815908818,0.76907954409
5.492,5492.0,0.000999999999999,0.0375,,0.0,1.53773908539,0.768869542695
5.493,5493.0,0.001,0.0375000000001,,0.0,1.53731689844,0.76865844922
5.494,5494.0,0.000999999999999,0.0375,,0.0,1.53689253017,0.768446265085
5.495,5495.0,0.001,0.0375000000001,,0.0,1.53646598341,0.768232991705
5.496,5496.0,0.001,0.0375000000001,,0.0,1.53603726104,0.76801863052
5.497,5497.0,0.000999999999999,0.0375,,0.0,1.53560636589,0.767803182945
5.498,5498.0,0.001,0.0375000000001,,0.0,1.53517330085,0.767586650425
5.4990000000000006,5499.0,0.001,0.0375000000001,,0.0,1.53473806878,0.76736903439
5.5,5500.0,0.000999999999999,0.0375,,0.0,1.53430067258,0.76715033629
5.501,5501.0,0.001,0.0375000000001,,0.0,1.53386111512,0.76693055756
5.502,5502.0,0.000999999999999,0.0375,,0.0,1.53341939932,0.76670969966
5.503,5503.0,0.001,0.0375000000001,,0.0,1.53306125081,0.766530625405
5.5040000000000004,5504.0,0.001,0.0375000000001,,0.0,1.53296768463,0.766483842315
5.505,5505.0,0.000999999999999,0.0375,,0.0,1.53287176276,0.76643588138
5.506,5506.0,0.001,0.0375000000001,,0.0,1.53277348658,0.76638674329
5.507,5507.0,0.000999999999999,0.0375,,0.0,1.53267285747,0.766336428735
5.508,5508.0,0.001,0.0375000000001,,0.0,1.53256987683,0.766284938415
5.509,5509.0,0.001,0.0375000000001,,0.0,1.53246454606,0.76623227303
5.51,5510.0,0.000999999999999,0.0375,,0.0,1.53235686657,0.766178433285
5.511,5511.0,0.001,0.0375000000001,,0.0,1.53224683981,0.766123419905
5.5120000000000005,5512.0,0.001,0.0375000000001,,0.0,1.53213446719,0.766067233595
5.513,5513.0,0.000999999999999,0.0375,,0.0,1.53201975018,0.76600987509
5.514,5514.0,0.001,0.0375000000001,,0.0,1.53190269022,0.76595134511
5.515,5515.0,0.000999999999999,0.0375,,0.0,1.53178328879,0.765891644395
5.516,5516.0,0.001,0.0375000000001,,0.0,1.53166154736,0.76583077368
5.517,5517.0,0.001,0.0375000000001,,0.0,1.53153746742,0.76576873371
5.518,5518.0,0.000999999999999,0.0375,,0.0,1.53141105047,0.765705525235
5.519,5519.0,0.001,0.0375000000001,,0.0,1.53128229801,0.765641149005
5.5200000000000005,5520.0,0.001,0.0375000000001,,0.0,1.53115121158,0.76557560579
5.521,5521.0,0.000999999999999,0.0375,,0.0,1.53101779269,0.765508896345
5.522,5522.0,0.001,0.0375000000001,,0.0,1.53088204288,0.76544102144
5.523,5523.0,0.000999999999999,0.0375,,0.0,1.53074396371,0.765371981855
5.524,5524.0,0.001,0.0375000000001,,0.0,1.53060355674,0.76530177837
5.525,5525.0,0.001,0.0375000000001,,0.0,1.53046082352,0.76523041176
5.526,5526.0,0.000999999999999,0.0375,,0.0,1.53031576565,0.765157882825
5.527,5527.0,0.001,0.0375000000001,,0.0,1.53016838472,0.76508419236
5.5280000000000005,5528.0,0.001,0.0375000000001,,0.0,1.53001868231,0.765009341155
5.529,5529.0,0.000999999999999,0.0375,,0.0,1.52986666005,0.764933330025
5.53,5530.0,0.001,0.0375000000001,,0.0,1.52971231955,0.764856159775
5.531,5531.0,0.000999999999999,0.0375,,0.0,1.52955566244,0.76477783122
5.532,5532.0,0.001,0.0375000000001,,0.0,1.52939669036,0.76469834518
5.533,5533.0,0.001,0.0375000000001,,0.0,1.52923540497,0.764617702485
5.534,5534.0,0.000999999999999,0.0375,,0.0,1.52907180791,0.764535903955
5.535,5535.0,0.001,0.0375000000001,,0.0,1.52890590087,0.764452950435
5.5360000000000005,5536.0,0.001,0.0375000000001,,0.0,1.52873768551,0.764368842755
5.537,5537.0,0.000999999999999,0.0375,,0.0,1.52856716353,0.764283581765
5.538,5538.0,0.001,0.0375000000001,,0.0,1.52839433663,0.764197168315
5.539,5539.0,0.000999999999999,0.0375,,0.0,1.52821920652,0.76410960326
5.54,5540.0,0.001,0.0375000000001,,0.0,1.52804177491,0.764020887455
5.541,5541.0,0.001,0.0375000000001,,0.0,1.52786204354,0.76393102177
5.542,5542.0,0.000999999999999,0.0375,,0.0,1.52768001414,0.76384000707
5.543,5543.0,0.001,0.0375000000001,,0.0,1.52749568846,0.76374784423
5.5440000000000005,5544.0,0.001,0.0375000000001,,0.0,1.52730906826,0.76365453413
5.545,5545.0,0.000999999999999,0.0375,,0.0,1.5271201553,0.76356007765
5.546,5546.0,0.001,0.0375000000001,,0.0,1.52692895136,0.76346447568
5.547,5547.0,0.000999999999999,0.0375,,0.0,1.52673545824,0.76336772912
5.548,5548.0,0.001,0.0375000000001,,0.0,1.52653967772,0.76326983886
5.549,5549.0,0.001,0.0375000000001,,0.0,1.52634161161,0.763170805805
5.55,5550.0,0.000999999999999,0.0375,,0.0,1.52614126173,0.763070630865
5.551,5551.0,0.001,0.0375000000001,,0.0,1.5259386299,0.76296931495
5.5520000000000005,5552.0,0.001,0.0375000000001,,0.0,1.52573371796,0.76286685898
5.553,5553.0,0.000999999999999,0.0375,,0.0,1.52552652775,0.762763263875
5.554,5554.0,0.001,0.0375000000001,,0.0,1.52531706113,0.762658530565
5.555,5555.0,0.000999999999999,0.0375,,0.0,1.52510531996,0.76255265998
5.556,5556.0,0.001,0.0375000000001,,0.0,1.52489130611,0.762445653055
5.557,5557.0,0.001,0.0375000000001,,0.0,1.52467502147,0.762337510735
5.558,5558.0,0.000999999999999,0.0375,,0.0,1.52445646792,0.76222823396
5.559,5559.0,0.001,0.0375000000001,,0.0,1.52423564737,0.762117823685
5.5600000000000005,5560.0,0.001,0.0375000000001,,0.0,1.52401256173,0.762006280865
5.561,5561.0,0.000999999999999,0.0375,,0.0,1.52378721291,0.761893606455
5.562,5562.0,0.001,0.0375000000001,,0.0,1.52355960286,0.76177980143
5.563,5563.0,0.000999999999999,0.0375,,0.0,1.5233297335,0.76166486675
5.564,5564.0,0.001,0.0375000000001,,0.0,1.52309760679,0.761548803395
5.565,5565.0,0.001,0.0375000000001,,0.0,1.52286322467,0.761431612335
5.566,5566.0,0.000999999999999,0.0375,,0.0,1.52262658913,0.761313294565
5.567,5567.0,0.001,0.0375000000001,,0.0,1.52238770213,0.761193851065
5.5680000000000005,5568.0,0.001,0.0375000000001,,0.0,1.52214656566,0.76107328283
5.569,5569.0,0.000999999999999,0.0375,,0.0,1.52190318172,0.76095159086
5.57,5570.0,0.001,0.0375000000001,,0.0,1.5216575523,0.76082877615
5.571,5571.0,0.000999999999999,0.0375,,0.0,1.52140967943,0.760704839715
5.572,5572.0,0.001,0.0375000000001,,0.0,1.52115956511,0.760579782555
5.573,5573.0,0.001,0.0375000000001,,0.0,1.52090721139,0.760453605695
5.574,5574.0,0.000999999999999,0.0375,,0.0,1.5206526203,0.76032631015
5.575,5575.0,0.001,0.0375000000001,,0.0,1.52039579389,0.760197896945
5.5760000000000005,5576.0,0.001,0.0375000000001,,0.0,1.52013673423,0.760068367115
5.577,5577.0,0.000999999999999,0.0375,,0.0,1.51987544337,0.759937721685
5.578,5578.0,0.001,0.0375000000001,,0.0,1.5196119234,0.7598059617
5.579,5579.0,0.000999999999999,0.0375,,0.0,1.51934617639,0.759673088195
5.58,5580.0,0.001,0.0375000000001,,0.0,1.51907820445,0.759539102225
5.581,5581.0,0.001,0.0375000000001,,0.0,1.51880800968,0.75940400484
5.582,5582.0,0.000999999999999,0.0375,,0.0,1.51853559418,0.75926779709
5.583,5583.0,0.001,0.0375000000001,,0.0,1.51826096009,0.759130480045
5.5840000000000005,5584.0,0.001,0.0375000000001,,0.0,1.51798410952,0.75899205476
5.585,5585.0,0.000999999999999,0.0375,,0.0,1.51770504463,0.758852522315
5.586,5586.0,0.001,0.0375000000001,,0.0,1.51742376755,0.758711883775
5.587,5587.0,0.000999999999999,0.0375,,0.0,1.51714028044,0.75857014022
5.588,5588.0,0.001,0.0375000000001,,0.0,1.51685458547,0.758427292735
5.589,5589.0,0.001,0.0375000000001,,0.0,1.51656668481,0.758283342405
5.59,5590.0,0.000999999999999,0.0375,,0.0,1.51627658065,0.758138290325
5.591,5591.0,0.001,0.0375000000001,,0.0,1.51598427518,0.75799213759
5.5920000000000005,5592.0,0.001,0.0375000000001,,0.0,1.51568977059,0.757844885295
5.593,5593.0,0.000999999999999,0.0375,,0.0,1.5153930691,0.75769653455
5.594,5594.0,0.001,0.0375000000001,,0.0,1.51509417292,0.75754708646
5.595,5595.0,0.000999999999999,0.0375,,0.0,1.51479308428,0.75739654214
5.596,5596.0,0.001,0.0375000000001,,0.0,1.51464693045,0.757323465225
5.597,5597.0,0.001,0.0375000000001,,0.0,1.51456006543,0.757280032715
5.598,5598.0,0.000999999999999,0.0375,,0.0,1.51447093472,0.75723546736
5.599,5599.0,0.001,0.0375000000001,,0.0,1.51437953962,0.75718976981
5.6000000000000005,5600.0,0.001,0.0375000000001,,0.0,1.51428588144,0.75714294072
5.601,5601.0,0.000999999999999,0.0375,,0.0,1.51418996149,0.757094980745
5.602,5602.0,0.001,0.0375000000001,,0.0,1.51409178111,0.757045890555
5.603,5603.0,0.000999999999999,0.0375,,0.0,1.51399134164,0.75699567082
5.604,5604.0,0.001,0.0375000000001,,0.0,1.51388864443,0.756944322215
5.605,5605.0,0.001,0.0375000000001,,0.0,1.51378369082,0.75689184541
5.606,5606.0,0.000999999999999,0.0375,,0.0,1.5136764822,0.7568382411
5.607,5607.0,0.001,0.0375000000001,,0.0,1.51356701993,0.756783509965
5.6080000000000005,5608.0,0.001,0.0375000000001,,0.0,1.51345530541,0.756727652705
5.609,5609.0,0.000999999999999,0.0375,,0.0,1.51334134004,0.75667067002
5.61,5610.0,0.001,0.0375000000001,,0.0,1.51322512521,0.756612562605
5.611,5611.0,0.000999999999999,0.0375,,0.0,1.51310666235,0.756553331175
5.612,5612.0,0.001,0.0375000000001,,0.0,1.51298595288,0.75649297644
5.613,5613.0,0.001,0.0375000000001,,0.0,1.51286299823,0.756431499115
5.614,5614.0,0.000999999999999,0.0375,,0.0,1.51273779986,0.75636889993
5.615,5615.0,0.001,0.0375000000001,,0.0,1.51261035921,0.756305179605
5.6160000000000005,5616.0,0.001,0.0375000000001,,0.0,1.51248067774,0.75624033887
5.617,5617.0,0.000999999999999,0.0375,,0.0,1.51234875694,0.75617437847
5.618,5618.0,0.001,0.0375000000001,,0.0,1.51221459829,0.756107299145
5.619,5619.0,0.000999999999999,0.0375,,0.0,1.51207820327,0.756039101635
5.62,5620.0,0.001,0.0375000000001,,0.0,1.51193957339,0.755969786695
5.621,5621.0,0.001,0.0375000000001,,0.0,1.51179871015,0.755899355075
5.622,5622.0,0.000999999999999,0.0375,,0.0,1.51165561509,0.755827807545
5.623,5623.0,0.001,0.0375000000001,,0.0,1.51151028972,0.75575514486
5.6240000000000006,5624.0,0.001,0.0375000000001,,0.0,1.51136273559,0.755681367795
5.625,5625.0,0.000999999999999,0.0375,,0.0,1.51121295425,0.755606477125
5.626,5626.0,0.001,0.0375000000001,,0.0,1.51106094725,0.755530473625
5.627,5627.0,0.000999999999999,0.0375,,0.0,1.51090671616,0.75545335808
5.628,5628.0,0.001,0.0375000000001,,0.0,1.51075026256,0.75537513128
5.6290000000000004,5629.0,0.001,0.0375000000001,,0.0,1.51059158803,0.755295794015
5.63,5630.0,0.000999999999999,0.0375,,0.0,1.51043069416,0.75521534708
5.631,5631.0,0.001,0.0375000000001,,0.0,1.51026758257,0.755133791285
5.632,5632.0,0.000999999999999,0.0375,,0.0,1.51010225486,0.75505112743
5.633,5633.0,0.001,0.0375000000001,,0.0,1.50993471266,0.75496735633
5.634,5634.0,0.001,0.0375000000001,,0.0,1.50976495759,0.754882478795
5.635,5635.0,0.000999999999999,0.0375,,0.0,1.50959299131,0.754796495655
5.636,5636.0,0.001,0.0375000000001,,0.0,1.50941881545,0.754709407725
5.6370000000000005,5637.0,0.001,0.0375000000001,,0.0,1.50924243168,0.75462121584
5.638,5638.0,0.000999999999999,0.0375,,0.0,1.50906384166,0.75453192083
5.639,5639.0,0.001,0.0375000000001,,0.0,1.50888304708,0.75444152354
5.64,5640.0,0.000999999999999,0.0375,,0.0,1.50870004961,0.754350024805
5.641,5641.0,0.001,0.0375000000001,,0.0,1.50851485096,0.75425742548
5.642,5642.0,0.001,0.0375000000001,,0.0,1.50832745282,0.75416372641
5.643,5643.0,0.000999999999999,0.0375,,0.0,1.50813785692,0.75406892846
5.644,5644.0,0.001,0.0375000000001,,0.0,1.50794606497,0.753973032485
5.6450000000000005,5645.0,0.001,0.0375000000001,,0.0,1.50775207871,0.753876039355
5.646,5646.0,0.000999999999999,0.0375,,0.0,1.50755589987,0.753777949935
5.647,5647.0,0.001,0.0375000000001,,0.0,1.5073575302,0.7536787651
5.648,5648.0,0.000999999999999,0.0375,,0.0,1.50715697147,0.753578485735
5.649,5649.0,0.001,0.0375000000001,,0.0,1.50695422543,0.753477112715
5.65,5650.0,0.001,0.0375000000001,,0.0,1.50674929387,0.753374646935
5.651,5651.0,0.000999999999999,0.0375,,0.0,1.50654217857,0.753271089285
5.652,5652.0,0.001,0.0375000000001,,0.0,1.50633288132,0.75316644066
5.6530000000000005,5653.0,0.001,0.0375000000001,,0.0,1.50612140393,0.753060701965
5.654,5654.0,0.000999999999999,0.0375,,0.0,1.5059077482,0.7529538741
5.655,5655.0,0.001,0.0375000000001,,0.0,1.50569191595,0.752845957975
5.656,5656.0,0.000999999999999,0.0375,,0.0,1.50547390902,0.75273695451
5.657,5657.0,0.001,0.0375000000001,,0.0,1.50525372925,0.752626864625
5.658,5658.0,0.001,0.0375000000001,,0.0,1.50503137847,0.752515689235
5.659,5659.0,0.000999999999999,0.0375,,0.0,1.50480685854,0.75240342927
5.66,5660.0,0.001,0.0375000000001,,0.0,1.50458017133,0.752290085665
5.6610000000000005,5661.0,0.001,0.0375000000001,,0.0,1.5043513187,0.75217565935
5.662,5662.0,0.000999999999999,0.0375,,0.0,1.50412030254,0.75206015127
5.663,5663.0,0.001,0.0375000000001,,0.0,1.50388712475,0.751943562375
5.664,5664.0,0.000999999999999,0.0375,,0.0,1.5036517872,0.7518258936
5.665,5665.0,0.001,0.0375000000001,,0.0,1.50343900514,0.75171950257
5.666,5666.0,0.001,0.0375000000001,,0.0,1.50339184888,0.75169592444
5.667,5667.0,0.000999999999999,0.0375,,0.0,1.50334245396,0.75167122698
5.668,5668.0,0.001,0.0375000000001,,0.0,1.50329082147,0.751645410735
5.6690000000000005,5669.0,0.001,0.0375000000001,,0.0,1.50323695251,0.751618476255
5.67,5670.0,0.000999999999999,0.0375,,0.0,1.5031808482,0.7515904241
5.671,5671.0,0.001,0.0375000000001,,0.0,1.50312250964,0.75156125482
5.672,5672.0,0.000999999999999,0.0375,,0.0,1.50306193798,0.75153096899
5.673,5673.0,0.001,0.0375000000001,,0.0,1.50299913435,0.751499567175
5.674,5674.0,0.001,0.0375000000001,,0.0,1.50293409989,0.751467049945
5.675,5675.0,0.000999999999999,0.0375,,0.0,1.50286683578,0.75143341789
5.676,5676.0,0.001,0.0375000000001,,0.0,1.50279734317,0.751398671585
5.6770000000000005,5677.0,0.001,0.0375000000001,,0.0,1.50272562324,0.75136281162
5.678,5678.0,0.000999999999999,0.0375,,0.0,1.50265167718,0.75132583859
5.679,5679.0,0.001,0.0375000000001,,0.0,1.50257550619,0.751287753095
5.68,5680.0,0.000999999999999,0.0375,,0.0,1.50249711147,0.751248555735
5.681,5681.0,0.001,0.0375000000001,,0.0,1.50241649424,0.75120824712
5.682,5682.0,0.001,0.0375000000001,,0.0,1.50233365572,0.75116682786
5.683,5683.0,0.000999999999999,0.0375,,0.0,1.50224859715,0.751124298575
5.684,5684.0,0.001,0.0375000000001,,0.0,1.50216131977,0.751080659885
5.6850000000000005,5685.0,0.001,0.0375000000001,,0.0,1.50207182484,0.75103591242
5.686,5686.0,0.000999999999999,0.0375,,0.0,1.50198011362,0.75099005681
5.687,5687.0,0.001,0.0375000000001,,0.0,1.50188618738,0.75094309369
5.688,5688.0,0.000999999999999,0.0375,,0.0,1.5017900474,0.7508950237
5.689,5689.0,0.001,0.0375000000001,,0.0,1.50169169498,0.75084584749
5.69,5690.0,0.001,0.0375000000001,,0.0,1.50159113141,0.750795565705
5.691,5691.0,0.000999999999999,0.0375,,0.0,1.50148835801,0.750744179005
5.692,5692.0,0.001,0.0375000000001,,0.0,1.50138337609,0.750691688045
5.6930000000000005,5693.0,0.001,0.0375000000001,,0.0,1.50127618699,0.750638093495
5.694,5694.0,0.000999999999999,0.0375,,0.0,1.50116679204,0.75058339602
5.695,5695.0,0.001,0.0375000000001,,0.0,1.50105519258,0.75052759629
5.696,5696.0,0.000999999999999,0.0375,,0.0,1.50094138998,0.75047069499
5.697,5697.0,0.001,0.0375000000001,,0.0,1.50082538561,0.750412692805
5.698,5698.0,0.001,0.0375000000001,,0.0,1.50070718083,0.750353590415
5.699,5699.0,0.000999999999999,0.0375,,0.0,1.50058677703,0.750293388515
5.7,5700.0,0.001,0.0375000000001,,0.0,1.50046417561,0.750232087805
5.7010000000000005,5701.0,0.001,0.0375000000001,,0.0,1.50033937796,0.75016968898
5.702,5702.0,0.000999999999999,0.0375,,0.0,1.5002123855,0.75010619275
5.703,5703.0,0.001,0.0375000000001,,0.0,1.50008319966,0.75004159983
5.704,5704.0,0.000999999999999,0.0375,,0.0,1.49995182185,0.749975910925
5.705,5705.0,0.001,0.0375000000001,,0.0,1.49981825353,0.749909126765
5.706,5706.0,0.001,0.0375000000001,,0.0,1.49968249613,0.749841248065
5.707,5707.0,0.000999999999999,0.0375,,0.0,1.49954455112,0.74977227556
5.708,5708.0,0.001,0.0375000000001,,0.0,1.49940441997,0.749702209985
5.7090000000000005,5709.0,0.001,0.0375000000001,,0.0,1.49926210414,0.74963105207
5.71,5710.0,0.000999999999999,0.0375,,0.0,1.49911760513,0.749558802565
5.711,5711.0,0.001,0.0375000000001,,0.0,1.49897092442,0.74948546221
5.712,5712.0,0.000999999999999,0.0375,,0.0,1.49882206353,0.749411031765
5.713,5713.0,0.001,0.0375000000001,,0.0,1.49867102396,0.74933551198
5.714,5714.0,0.001,0.0375000000001,,0.0,1.49851780723,0.749258903615
5.715,5715.0,0.000999999999999,0.0375,,0.0,1.49836241488,0.74918120744
5.716,5716.0,0.001,0.0375000000001,,0.0,1.49820484844,0.74910242422
5.7170000000000005,5717.0,0.001,0.0375000000001,,0.0,1.49804510947,0.749022554735
5.718,5718.0,0.000999999999999,0.0375,,0.0,1.49788319951,0.748941599755
5.719,5719.0,0.001,0.0375000000001,,0.0,1.49771912013,0.748859560065
5.72,5720.0,0.000999999999999,0.0375,,0.0,1.49755287291,0.748776436455
5.721,5721.0,0.001,0.0375000000001,,0.0,1.49738445943,0.748692229715
5.722,5722.0,0.001,0.0375000000001,,0.0,1.49721388129,0.748606940645
5.723,5723.0,0.000999999999999,0.0375,,0.0,1.49704114007,0.748520570035
5.724,5724.0,0.001,0.0375000000001,,0.0,1.49686623741,0.748433118705
5.7250000000000005,5725.0,0.001,0.0375000000001,,0.0,1.4966891749,0.74834458745
5.726,5726.0,0.000999999999999,0.0375,,0.0,1.49650995419,0.748254977095
5.727,5727.0,0.001,0.0375000000001,,0.0,1.4963285769,0.74816428845
5.728,5728.0,0.000999999999999,0.0375,,0.0,1.49614504469,0.748072522345
5.729,5729.0,0.001,0.0375000000001,,0.0,1.4959593592,0.7479796796
5.73,5730.0,0.001,0.0375000000001,,0.0,1.49577152209,0.747885761045
5.731,5731.0,0.000999999999999,0.0375,,0.0,1.49558153505,0.747790767525
5.732,5732.0,0.001,0.0375000000001,,0.0,1.49538939974,0.74769469987
5.7330000000000005,5733.0,0.001,0.0375000000001,,0.0,1.49519511786,0.74759755893
5.734,5734.0,0.000999999999999,0.0375,,0.0,1.49499869111,0.747499345555
5.735,5735.0,0.001,0.0375000000001,,0.0,1.49480012118,0.74740006059
5.736,5736.0,0.000999999999999,0.0375,,0.0,1.4945994098,0.7472997049
5.737,5737.0,0.001,0.0375000000001,,0.0,1.49439655868,0.74719827934
5.738,5738.0,0.001,0.0375000000001,,0.0,1.49419156956,0.74709578478
5.739,5739.0,0.000999999999999,0.0375,,0.0,1.49398444418,0.74699222209
5.74,5740.0,0.001,0.0375000000001,,0.0,1.49377518429,0.746887592145
5.7410000000000005,5741.0,0.001,0.0375000000001,,0.0,1.49356379163,0.746781895815
5.742,5742.0,0.000999999999999,0.0375,,0.0,1.49335026799,0.746675133995
5.743,5743.0,0.001,0.0375000000001,,0.0,1.49313461513,0.746567307565
5.744,5744.0,0.000999999999999,0.0375,,0.0,1.49291683483,0.746458417415
5.745,5745.0,0.001,0.0375000000001,,0.0,1.49269692889,0.746348464445
5.746,5746.0,0.001,0.0375000000001,,0.0,1.49247489911,0.746237449555
5.747,5747.0,0.000999999999999,0.0375,,0.0,1.49225074728,0.74612537364
5.748,5748.0,0.001,0.0375000000001,,0.0,1.49202447524,0.74601223762
5.7490000000000006,5749.0,0.001,0.0375000000001,,0.0,1.4917960848,0.7458980424
5.75,5750.0,0.000999999999999,0.0375,,0.0,1.49156557779,0.745782788895
5.751,5751.0,0.001,0.0375000000001,,0.0,1.49133295606,0.74566647803
5.752,5752.0,0.000999999999999,0.0375,,0.0,1.49109822145,0.745549110725
5.753,5753.0,0.001,0.0375000000001,,0.0,1.49086137583,0.745430687915
5.7540000000000004,5754.0,0.001,0.0375000000001,,0.0,1.49062242106,0.74531121053
5.755,5755.0,0.000999999999999,0.0375,,0.0,1.49038135901,0.745190679505
5.756,5756.0,0.001,0.0375000000001,,0.0,1.49013819157,0.745069095785
5.757000000000001,5757.0,0.001,0.0375000000001,,0.0,1.48989292062,0.74494646031
5.758,5758.0,0.000999999999999,0.0375,,0.0,1.48964554806,0.74482277403
5.759,5759.0,0.001,0.0375000000001,,0.0,1.48939607581,0.744698037905
5.76,5760.0,0.000999999999999,0.0375,,0.0,1.48914450578,0.74457225289
5.761,5761.0,0.001,0.0375000000001,,0.0,1.48889083988,0.74444541994
5.7620000000000005,5762.0,0.001,0.0375000000001,,0.0,1.48863508005,0.744317540025
5.763,5763.0,0.000999999999999,0.0375,,0.0,1.48837722824,0.74418861412
5.764,5764.0,0.001,0.0375000000001,,0.0,1.48811728638,0.74405864319
5.765,5765.0,0.000999999999999,0.0375,,0.0,1.48785525643,0.743927628215
5.766,5766.0,0.001,0.0375000000001,,0.0,1.48759114037,0.743795570185
5.767,5767.0,0.001,0.0375000000001,,0.0,1.48732494014,0.74366247007
5.768,5768.0,0.000999999999999,0.0375,,0.0,1.48705665775,0.743528328875
5.769,5769.0,0.001,0.0375000000001,,0.0,1.48678629517,0.743393147585
5.7700000000000005,5770.0,0.001,0.0375000000001,,0.0,1.4865138544,0.7432569272
5.771,5771.0,0.000999999999999,0.0375,,0.0,1.48623933745,0.743119668725
5.772,5772.0,0.001,0.0375000000001,,0.0,1.48596274632,0.74298137316
5.773,5773.0,0.000999999999999,0.0375,,0.0,1.48568408303,0.742842041515
5.774,5774.0,0.001,0.0375000000001,,0.0,1.48540334962,0.74270167481
5.775,5775.0,0.001,0.0375000000001,,0.0,1.48512054811,0.742560274055
5.776,5776.0,0.000999999999999,0.0375,,0.0,1.48483568055,0.742417840275
5.777,5777.0,0.001,0.0375000000001,,0.0,1.48454874899,0.742274374495
5.7780000000000005,5778.0,0.001,0.0375000000001,,0.0,1.48425975548,0.74212987774
5.779,5779.0,0.000999999999999,0.0375,,0.0,1.4839687021,0.74198435105
5.78,5780.0,0.001,0.0375000000001,,0.0,1.48367559092,0.74183779546
5.781,5781.0,0.000999999999999,0.0375,,0.0,1.48338042401,0.741690212005
5.782,5782.0,0.001,0.0375000000001,,0.0,1.48308320347,0.741541601735
5.783,5783.0,0.001,0.0375000000001,,0.0,1.4827839314,0.7413919657
5.784,5784.0,0.000999999999999,0.0375,,0.0,1.4824826099,0.74124130495
5.785,5785.0,0.001,0.0375000000001,,0.0,1.48217924108,0.74108962054
5.7860000000000005,5786.0,0.001,0.0375000000001,,0.0,1.48187382706,0.74093691353
5.787,5787.0,0.000999999999999,0.0375,,0.0,1.48156636997,0.740783184985
5.788,5788.0,0.001,0.0375000000001,,0.0,1.48125687195,0.740628435975
5.789,5789.0,0.000999999999999,0.0375,,0.0,1.48094533513,0.740472667565
5.79,5790.0,0.001,0.0375000000001,,0.0,1.48063176167,0.740315880835
5.791,5791.0,0.001,0.0375000000001,,0.0,1.48031615372,0.74015807686
5.792,5792.0,0.000999999999999,0.0375,,0.0,1.47999851346,0.73999925673
5.793,5793.0,0.001,0.0375000000001,,0.0,1.47967884305,0.739839421525
5.7940000000000005,5794.0,0.001,0.0375000000001,,0.0,1.47935714467,0.739678572335
5.795,5795.0,0.000999999999999,0.0375,,0.0,1.47903342051,0.739516710255
5.796,5796.0,0.001,0.0375000000001,,0.0,1.47870767277,0.739353836385
5.797,5797.0,0.000999999999999,0.0375,,0.0,1.47837990365,0.739189951825
5.798,5798.0,0.001,0.0375000000001,,0.0,1.47805011536,0.73902505768
5.799,5799.0,0.001,0.0375000000001,,0.0,1.47771831011,0.738859155055
5.8,5800.0,0.000999999999999,0.0375,,0.0,1.47738449014,0.73869224507
5.801,5801.0,0.001,0.0375000000001,,0.0,1.47704865766,0.73852432883
5.8020000000000005,5802.0,0.001,0.0375000000001,,0.0,1.47671081493,0.738355407465
5.803,5803.0,0.000999999999999,0.0375,,0.0,1.47637096419,0.738185482095
5.804,5804.0,0.001,0.0375000000001,,0.0,1.47602910769,0.738014553845
5.805,5805.0,0.000999999999999,0.0375,,0.0,1.47568524769,0.737842623845
5.806,5806.0,0.001,0.0375000000001,,0.0,1.47533938646,0.73766969323
5.807,5807.0,0.001,0.0375000000001,,0.0,1.47499152628,0.73749576314
5.808,5808.0,0.000999999999999,0.0375,,0.0,1.47464166943,0.737320834715
5.809,5809.0,0.001,0.0375000000001,,0.0,1.4742898182,0.7371449091
5.8100000000000005,5810.0,0.001,0.0375000000001,,0.0,1.47393597489,0.736967987445
5.811,5811.0,0.000999999999999,0.0375,,0.0,1.47358014179,0.736790070895
5.812,5812.0,0.001,0.0375000000001,,0.0,1.47322232123,0.736611160615
5.813,5813.0,0.000999999999999,0.0375,,0.0,1.47286251551,0.736431257755
5.814,5814.0,0.001,0.0375000000001,,0.0,1.47250072697,0.736250363485
5.815,5815.0,0.001,0.0375000000001,,0.0,1.47213695794,0.73606847897
5.816,5816.0,0.000999999999999,0.0375,,0.0,1.47177121075,0.735885605375
5.817,5817.0,0.001,0.0375000000001,,0.0,1.47140348775,0.735701743875
5.8180000000000005,5818.0,0.001,0.0375000000001,,0.0,1.4710337913,0.73551689565
5.819,5819.0,0.000999999999999,0.0375,,0.0,1.47066212376,0.73533106188
5.82,5820.0,0.001,0.0375000000001,,0.0,1.47028848749,0.735144243745
5.821,5821.0,0.000999999999999,0.0375,,0.0,1.46991288486,0.73495644243
5.822,5822.0,0.001,0.0375000000001,,0.0,1.46953531826,0.73476765913
5.823,5823.0,0.001,0.0375000000001,,0.0,1.46915579008,0.73457789504
5.824,5824.0,0.000999999999999,0.0375,,0.0,1.46877430271,0.734387151355
5.825,5825.0,0.001,0.0375000000001,,0.0,1.46839085855,0.734195429275
5.8260000000000005,5826.0,0.001,0.0375000000001,,0.0,1.46800546,0.73400273
5.827,5827.0,0.000999999999999,0.0375,,0.0,1.46761810949,0.733809054745
5.828,5828.0,0.001,0.0375000000001,,0.0,1.46731492632,0.73365746316
5.829,5829.0,0.000999999999999,0.0375,,0.0,1.46722267877,0.733611339385
5.83,5830.0,0.001,0.0375000000001,,0.0,1.46712834746,0.73356417373
5.831,5831.0,0.001,0.0375000000001,,0.0,1.46703193362,0.73351596681
5.832,5832.0,0.000999999999999,0.0375,,0.0,1.46693343846,0.73346671923
5.833,5833.0,0.001,0.0375000000001,,0.0,1.46683286319,0.733416431595
5.8340000000000005,5834.0,0.001,0.0375000000001,,0.0,1.46673020905,0.733365104525
5.835,5835.0,0.000999999999999,0.0375,,0.0,1.46662547728,0.73331273864
5.836,5836.0,0.001,0.0375000000001,,0.0,1.46651866912,0.73325933456
5.837,5837.0,0.000999999999999,0.0375,,0.0,1.46640978585,0.733204892925
5.838,5838.0,0.001,0.0375000000001,,0.0,1.46629882871,0.733149414355
5.839,5839.0,0.001,0.0375000000001,,0.0,1.46618579899,0.733092899495
5.84,5840.0,0.000999999999999,0.0375,,0.0,1.46607069796,0.73303534898
5.841,5841.0,0.001,0.0375000000001,,0.0,1.46595352692,0.73297676346
5.8420000000000005,5842.0,0.001,0.0375000000001,,0.0,1.46583428716,0.73291714358
5.843,5843.0,0.000999999999999,0.0375,,0.0,1.46571297999,0.732856489995
5.844,5844.0,0.001,0.0375000000001,,0.0,1.46558960674,0.73279480337
5.845,5845.0,0.000999999999999,0.0375,,0.0,1.46546416871,0.732732084355
5.846,5846.0,0.001,0.0375000000001,,0.0,1.46533666725,0.732668333625
5.847,5847.0,0.001,0.0375000000001,,0.0,1.4652071037,0.73260355185
5.848,5848.0,0.000999999999999,0.0375,,0.0,1.46507547939,0.732537739695
5.849,5849.0,0.001,0.0375000000001,,0.0,1.4649417957,0.73247089785
5.8500000000000005,5850.0,0.001,0.0375000000001,,0.0,1.46480605398,0.73240302699
5.851,5851.0,0.000999999999999,0.0375,,0.0,1.46466825561,0.732334127805
5.852,5852.0,0.001,0.0375000000001,,0.0,1.46452840197,0.732264200985
5.853,5853.0,0.000999999999999,0.0375,,0.0,1.46438649444,0.73219324722
5.854,5854.0,0.001,0.0375000000001,,0.0,1.46424253444,0.73212126722
5.855,5855.0,0.001,0.0375000000001,,0.0,1.46409652336,0.73204826168
5.856,5856.0,0.000999999999999,0.0375,,0.0,1.46394846262,0.73197423131
5.857,5857.0,0.001,0.0375000000001,,0.0,1.46379835363,0.731899176815
5.8580000000000005,5858.0,0.001,0.0375000000001,,0.0,1.46364619784,0.73182309892
5.859,5859.0,0.000999999999999,0.0375,,0.0,1.46349199668,0.73174599834
5.86,5860.0,0.001,0.0375000000001,,0.0,1.4633357516,0.7316678758
5.861,5861.0,0.000999999999999,0.0375,,0.0,1.46317746404,0.73158873202
5.862,5862.0,0.001,0.0375000000001,,0.0,1.46301713548,0.73150856774
5.863,5863.0,0.001,0.0375000000001,,0.0,1.46285476739,0.731427383695
5.864,5864.0,0.000999999999999,0.0375,,0.0,1.46269036123,0.731345180615
5.865,5865.0,0.001,0.0375000000001,,0.0,1.46252391851,0.731261959255
5.8660000000000005,5866.0,0.001,0.0375000000001,,0.0,1.46235544072,0.73117772036
5.867,5867.0,0.000999999999999,0.0375,,0.0,1.46218492935,0.731092464675
5.868,5868.0,0.001,0.0375000000001,,0.0,1.46201238592,0.73100619296
5.869,5869.0,0.000999999999999,0.0375,,0.0,1.46183781195,0.730918905975
5.87,5870.0,0.001,0.0375000000001,,0.0,1.46166120896,0.73083060448
5.871,5871.0,0.001,0.0375000000001,,0.0,1.46148257849,0.730741289245
5.872,5872.0,0.000999999999999,0.0375,,0.0,1.46130192209,0.730650961045
5.873,5873.0,0.001,0.0375000000001,,0.0,1.4611192413,0.73055962065
5.8740000000000006,5874.0,0.001,0.0375000000001,,0.0,1.46093453767,0.730467268835
5.875,5875.0,0.000999999999999,0.0375,,0.0,1.46074781279,0.730373906395
5.876,5876.0,0.001,0.0375000000001,,0.0,1.46055906821,0.730279534105
5.877,5877.0,0.000999999999999,0.0375,,0.0,1.46036830553,0.730184152765
5.878,5878.0,0.001,0.0375000000001,,0.0,1.46017552632,0.73008776316
5.8790000000000004,5879.0,0.001,0.0375000000001,,0.0,1.4599807322,0.7299903661
5.88,5880.0,0.000999999999999,0.0375,,0.0,1.45978392476,0.72989196238
5.881,5881.0,0.001,0.0375000000001,,0.0,1.45958510562,0.72979255281
5.882000000000001,5882.0,0.001,0.0375000000001,,0.0,1.45938427639,0.729692138195
5.883,5883.0,0.000999999999999,0.0375,,0.0,1.45918143872,0.72959071936
5.884,5884.0,0.001,0.0375000000001,,0.0,1.45897659422,0.72948829711
5.885,5885.0,0.000999999999999,0.0375,,0.0,1.45876974455,0.729384872275
5.886,5886.0,0.001,0.0375000000001,,0.0,1.45856089135,0.729280445675
5.8870000000000005,5887.0,0.001,0.0375000000001,,0.0,1.4583500363,0.72917501815
5.888,5888.0,0.000999999999999,0.0375,,0.0,1.45813718104,0.72906859052
5.889,5889.0,0.001,0.0375000000001,,0.0,1.45792232726,0.72896116363
5.89,5890.0,0.000999999999999,0.0375,,0.0,1.45770547664,0.72885273832
5.891,5891.0,0.001,0.0375000000001,,0.0,1.45748663087,0.728743315435
5.892,5892.0,0.001,0.0375000000001,,0.0,1.45726579164,0.72863289582
5.893,5893.0,0.000999999999999,0.0375,,0.0,1.45704296067,0.728521480335
5.894,5894.0,0.001,0.0375000000001,,0.0,1.45681813965,0.728409069825
5.8950000000000005,5895.0,0.001,0.0375000000001,,0.0,1.45659133032,0.72829566516
5.896,5896.0,0.000999999999999,0.0375,,0.0,1.45636253439,0.728181267195
5.897,5897.0,0.001,0.0375000000001,,0.0,1.45613175361,0.728065876805
5.898,5898.0,0.000999999999999,0.0375,,0.0,1.45589898972,0.72794949486
5.899,5899.0,0.001,0.0375000000001,,0.0,1.45566424446,0.72783212223
5.9,5900.0,0.001,0.0375000000001,,0.0,1.45542751959,0.727713759795
5.901,5901.0,0.000999999999999,0.0375,,0.0,1.45518881687,0.727594408435
5.902,5902.0,0.001,0.0375000000001,,0.0,1.45494813809,0.727474069045
5.9030000000000005,5903.0,0.001,0.0375000000001,,0.0,1.45470548501,0.727352742505
5.904,5904.0,0.000999999999999,0.0375,,0.0,1.45446085943,0.727230429715
5.905,5905.0,0.001,0.0375000000001,,0.0,1.45421426313,0.727107131565
5.906,5906.0,0.000999999999999,0.0375,,0.0,1.45396569792,0.72698284896
5.907,5907.0,0.001,0.0375000000001,,0.0,1.45371516561,0.726857582805
5.908,5908.0,0.001,0.0375000000001,,0.0,1.45346266801,0.726731334005
5.909,5909.0,0.000999999999999,0.0375,,0.0,1.45320820695,0.726604103475
5.91,5910.0,0.001,0.0375000000001,,0.0,1.45295178425,0.726475892125
5.9110000000000005,5911.0,0.001,0.0375000000001,,0.0,1.45269340176,0.72634670088
5.912,5912.0,0.000999999999999,0.0375,,0.0,1.45243306131,0.726216530655
5.913,5913.0,0.001,0.0375000000001,,0.0,1.45217076477,0.726085382385
5.914,5914.0,0.000999999999999,0.0375,,0.0,1.45190651399,0.725953256995
5.915,5915.0,0.001,0.0375000000001,,0.0,1.45164031083,0.725820155415
5.916,5916.0,0.001,0.0375000000001,,0.0,1.45137215717,0.725686078585
5.917,5917.0,0.000999999999999,0.0375,,0.0,1.45110205489,0.725551027445
5.918,5918.0,0.001,0.0375000000001,,0.0,1.45083000588,0.72541500294
5.9190000000000005,5919.0,0.001,0.0375000000001,,0.0,1.45055601203,0.725278006015
5.92,5920.0,0.000999999999999,0.0375,,0.0,1.45028007525,0.725140037625
5.921,5921.0,0.001,0.0375000000001,,0.0,1.45000219744,0.72500109872
5.922,5922.0,0.000999999999999,0.0375,,0.0,1.44972238052,0.72486119026
5.923,5923.0,0.001,0.0375000000001,,0.0,1.44944062641,0.724720313205
5.924,5924.0,0.001,0.0375000000001,,0.0,1.44915693705,0.724578468525
5.925,5925.0,0.000999999999999,0.0375,,0.0,1.44887131437,0.724435657185
5.926,5926.0,0.001,0.0375000000001,,0.0,1.44858376031,0.724291880155
5.9270000000000005,5927.0,0.001,0.0375000000001,,0.0,1.44829427682,0.72414713841
5.928,5928.0,0.000999999999999,0.0375,,0.0,1.44800286587,0.724001432935
5.929,5929.0,0.001,0.0375000000001,,0.0,1.44770952941,0.723854764705
5.93,5930.0,0.000999999999999,0.0375,,0.0,1.44741426943,0.723707134715
5.931,5931.0,0.001,0.0375000000001,,0.0,1.44711708789,0.723558543945
5.932,5932.0,0.001,0.0375000000001,,0.0,1.44681798679,0.723408993395
5.933,5933.0,0.000999999999999,0.0375,,0.0,1.44651696811,0.723258484055
5.934,5934.0,0.001,0.0375000000001,,0.0,1.44621403386,0.72310701693
5.9350000000000005,5935.0,0.001,0.0375000000001,,0.0,1.44590918604,0.72295459302
5.936,5936.0,0.000999999999999,0.0375,,0.0,1.44560242666,0.72280121333
5.937,5937.0,0.001,0.0375000000001,,0.0,1.44529375774,0.72264687887
5.938,5938.0,0.000999999999999,0.0375,,0.0,1.44498318132,0.72249159066
5.939,5939.0,0.001,0.0375000000001,,0.0,1.44467069942,0.72233534971
5.94,5940.0,0.001,0.0375000000001,,0.0,1.44435631408,0.72217815704
5.941,5941.0,0.000999999999999,0.0375,,0.0,1.44404002735,0.722020013675
5.942,5942.0,0.001,0.0375000000001,,0.0,1.44372184128,0.72186092064
5.9430000000000005,5943.0,0.001,0.0375000000001,,0.0,1.44340175793,0.721700878965
5.944,5944.0,0.000999999999999,0.0375,,0.0,1.44307977938,0.72153988969
5.945,5945.0,0.001,0.0375000000001,,0.0,1.44275590768,0.72137795384
5.946,5946.0,0.000999999999999,0.0375,,0.0,1.44243014492,0.72121507246
5.947,5947.0,0.001,0.0375000000001,,0.0,1.44210249319,0.721051246595
5.948,5948.0,0.001,0.0375000000001,,0.0,1.44177295459,0.720886477295
5.949,5949.0,0.000999999999999,0.0375,,0.0,1.4414415312,0.7207207656
5.95,5950.0,0.001,0.0375000000001,,0.0,1.44110822513,0.720554112565
5.9510000000000005,5951.0,0.001,0.0375000000001,,0.0,1.44077303851,0.720386519255
5.952,5952.0,0.000999999999999,0.0375,,0.0,1.44043597344,0.72021798672
5.953,5953.0,0.001,0.0375000000001,,0.0,1.44009703205,0.720048516025
5.954,5954.0,0.000999999999999,0.0375,,0.0,1.43975621648,0.71987810824
5.955,5955.0,0.001,0.0375000000001,,0.0,1.43941352885,0.719706764425
5.956,5956.0,0.001,0.0375000000001,,0.0,1.43906897133,0.719534485665
5.957,5957.0,0.000999999999999,0.0375,,0.0,1.43872254605,0.719361273025
5.958,5958.0,0.001,0.0375000000001,,0.0,1.43837425518,0.71918712759
5.9590000000000005,5959.0,0.001,0.0375000000001,,0.0,1.43802410088,0.71901205044
5.96,5960.0,0.000999999999999,0.0375,,0.0,1.43767208532,0.71883604266
5.961,5961.0,0.001,0.0375000000001,,0.0,1.43731821067,0.718659105335
5.962,5962.0,0.000999999999999,0.0375,,0.0,1.43696247913,0.718481239565
5.963,5963.0,0.001,0.0375000000001,,0.0,1.43660489287,0.718302446435
5.964,5964.0,0.001,0.0375000000001,,0.0,1.43624545409,0.718122727045
5.965,5965.0,0.000999999999999,0.0375,,0.0,1.435884165,0.7179420825
5.966,5966.0,0.001,0.0375000000001,,0.0,1.4355210278,0.7177605139
5.9670000000000005,5967.0,0.001,0.0375000000001,,0.0,1.43515604471,0.717578022355
5.968,5968.0,0.000999999999999,0.0375,,0.0,1.43478921794,0.71739460897
5.969,5969.0,0.001,0.0375000000001,,0.0,1.43442054973,0.717210274865
5.97,5970.0,0.000999999999999,0.0375,,0.0,1.43405004231,0.717025021155
5.971,5971.0,0.001,0.0375000000001,,0.0,1.4336776979,0.71683884895
5.972,5972.0,0.001,0.0375000000001,,0.0,1.43330351877,0.716651759385
5.973,5973.0,0.000999999999999,0.0375,,0.0,1.43292750716,0.71646375358
5.974,5974.0,0.001,0.0375000000001,,0.0,1.43254966533,0.716274832665
5.9750000000000005,5975.0,0.001,0.0375000000001,,0.0,1.43216999553,0.716084997765
5.976,5976.0,0.000999999999999,0.0375,,0.0,1.43178850005,0.715894250025
5.977,5977.0,0.001,0.0375000000001,,0.0,1.43140518115,0.715702590575
5.978,5978.0,0.000999999999999,0.0375,,0.0,1.43102004111,0.715510020555
5.979,5979.0,0.001,0.0375000000001,,0.0,1.43063308223,0.715316541115
5.98,5980.0,0.001,0.0375000000001,,0.0,1.43024430679,0.715122153395
5.981,5981.0,0.000999999999999,0.0375,,0.0,1.4298537171,0.71492685855
5.982,5982.0,0.001,0.0375000000001,,0.0,1.42946131545,0.714730657725
5.9830000000000005,5983.0,0.001,0.0375000000001,,0.0,1.42906710417,0.714533552085
5.984,5984.0,0.000999999999999,0.0375,,0.0,1.42867108556,0.71433554278
5.985,5985.0,0.001,0.0375000000001,,0.0,1.42827326195,0.714136630975
5.986,5986.0,0.000999999999999,0.0375,,0.0,1.42787363567,0.713936817835
5.987,5987.0,0.001,0.0375000000001,,0.0,1.42747220905,0.713736104525
5.988,5988.0,0.001,0.0375000000001,,0.0,1.42706898443,0.713534492215
5.989,5989.0,0.000999999999999,0.0375,,0.0,1.42666396416,0.71333198208
5.99,5990.0,0.001,0.0375000000001,,0.0,1.42625715059,0.713128575295
5.9910000000000005,5991.0,0.001,0.0375000000001,,0.0,1.42584854607,0.712924273035
5.992,5992.0,0.000999999999999,0.0375,,0.0,1.42543815297,0.712719076485
5.993,5993.0,0.001,0.0375000000001,,0.0,1.42502597366,0.71251298683
5.994,5994.0,0.000999999999999,0.0375,,0.0,1.42461201052,0.71230600526
5.995,5995.0,0.001,0.0375000000001,,0.0,1.42419626591,0.712098132955
5.996,5996.0,0.001,0.0375000000001,,0.0,1.42377874223,0.711889371115
5.997,5997.0,0.000999999999999,0.0375,,0.0,1.42335944187,0.711679720935
5.998,5998.0,0.001,0.0375000000001,,0.0,1.42293836722,0.71146918361
5.9990000000000006,5999.0,0.001,0.0375000000001,,0.0,1.4225155207,0.71125776035
6.0,6000.0,0.000999999999999,0.0375,,0.0,1.4220909047,0.71104545235
6.001,6001.0,0.001,0.0375000000001,,0.0,1.42166452164,0.71083226082
6.002,6002.0,0.000999999999999,0.0375,,0.0,1.42123637393,0.710618186965
6.003,6003.0,0.001,0.0375000000001,,0.0,1.42080646401,0.710403232005
6.0040000000000004,6004.0,0.001,0.0375000000001,,0.0,1.42037479431,0.710187397155
6.005,6005.0,0.000999999999999,0.0375,,0.0,1.41994136725,0.709970683625
6.006,6006.0,0.001,0.0375000000001,,0.0,1.41950618528,0.70975309264
6.007000000000001,6007.0,0.001,0.0375000000001,,0.0,1.41906925085,0.709534625425
6.008,6008.0,0.000999999999999,0.0375,,0.0,1.41863056641,0.709315283205
6.009,6009.0,0.001,0.0375000000001,,0.0,1.41819013441,0.709095067205
6.01,6010.0,0.000999999999999,0.0375,,0.0,1.41774795732,0.70887397866
6.011,6011.0,0.001,0.0375000000001,,0.0,1.4173040376,0.7086520188
6.0120000000000005,6012.0,0.001,0.0375000000001,,0.0,1.41685837774,0.70842918887
6.013,6013.0,0.000999999999999,0.0375,,0.0,1.4164109802,0.7082054901
6.014,6014.0,0.001,0.0375000000001,,0.0,1.41596184747,0.707980923735
6.015000000000001,6015.0,0.001,0.0375000000001,,0.0,1.41551098204,0.70775549102
6.016,6016.0,0.000999999999999,0.0375,,0.0,1.41505838641,0.707529193205
6.017,6017.0,0.001,0.0375000000001,,0.0,1.41460406307,0.707302031535
6.018,6018.0,0.000999999999999,0.0375,,0.0,1.41414801453,0.707074007265
6.019,6019.0,0.001,0.0375000000001,,0.0,1.41369024329,0.706845121645
6.0200000000000005,6020.0,0.001,0.0375000000001,,0.0,1.41323075189,0.706615375945
6.021,6021.0,0.000999999999999,0.0375,,0.0,1.41276954282,0.70638477141
6.022,6022.0,0.001,0.0375000000001,,0.0,1.41230661863,0.706153309315
6.023,6023.0,0.000999999999999,0.0375,,0.0,1.41184198183,0.705920990915
6.024,6024.0,0.001,0.0375000000001,,0.0,1.41137563497,0.705687817485
6.025,6025.0,0.001,0.0375000000001,,0.0,1.41090758059,0.705453790295
6.026,6026.0,0.000999999999999,0.0375,,0.0,1.41043782122,0.70521891061
6.027,6027.0,0.001,0.0375000000001,,0.0,1.40996635943,0.704983179715
6.0280000000000005,6028.0,0.001,0.0375000000001,,0.0,1.40949319777,0.704746598885
6.029,6029.0,0.000999999999999,0.0375,,0.0,1.40901833879,0.704509169395
6.03,6030.0,0.001,0.0375000000001,,0.0,1.40854178507,0.704270892535
6.031,6031.0,0.000999999999999,0.0375,,0.0,1.40806353918,0.70403176959
6.032,6032.0,0.001,0.0375000000001,,0.0,1.40758360368,0.70379180184
6.033,6033.0,0.001,0.0375000000001,,0.0,1.40710198116,0.70355099058
6.034,6034.0,0.000999999999999,0.0375,,0.0,1.40661867421,0.703309337105
6.035,6035.0,0.001,0.0375000000001,,0.0,1.40613368542,0.70306684271
6.0360000000000005,6036.0,0.001,0.0375000000001,,0.0,1.40564701737,0.702823508685
6.037,6037.0,0.000999999999999,0.0375,,0.0,1.40515867268,0.70257933634
6.038,6038.0,0.001,0.0375000000001,,0.0,1.40466865394,0.70233432697
6.039,6039.0,0.000999999999999,0.0375,,0.0,1.40417696377,0.702088481885
6.04,6040.0,0.001,0.0375000000001,,0.0,1.40368360477,0.701841802385
6.041,6041.0,0.001,0.0375000000001,,0.0,1.40318857957,0.701594289785
6.042,6042.0,0.000999999999999,0.0375,,0.0,1.40269189079,0.701345945395
6.043,6043.0,0.001,0.0375000000001,,0.0,1.40219354106,0.70109677053
6.0440000000000005,6044.0,0.001,0.0375000000001,,0.0,1.40169353301,0.700846766505
6.045,6045.0,0.000999999999999,0.0375,,0.0,1.40119186928,0.70059593464
6.046,6046.0,0.001,0.0375000000001,,0.0,1.40068855252,0.70034427626
6.047,6047.0,0.000999999999999,0.0375,,0.0,1.40018358536,0.70009179268
6.048,6048.0,0.001,0.0375000000001,,0.0,1.39996886166,0.69998443083
6.049,6049.0,0.001,0.0375000000001,,0.0,1.39977275591,0.699886377955
6.05,6050.0,0.000999999999999,0.0375,,0.0,1.39957464982,0.69978732491
6.051,6051.0,0.001,0.0375000000001,,0.0,1.39937454498,0.69968727249
6.0520000000000005,6052.0,0.001,0.0375000000001,,0.0,1.39917244302,0.69958622151
6.053,6053.0,0.000999999999999,0.0375,,0.0,1.39896834555,0.699484172775
6.054,6054.0,0.001,0.0375000000001,,0.0,1.3987622542,0.6993811271
6.055,6055.0,0.000999999999999,0.0375,,0.0,1.39855417061,0.699277085305
6.056,6056.0,0.001,0.0375000000001,,0.0,1.39834409642,0.69917204821
6.057,6057.0,0.001,0.0375000000001,,0.0,1.39813203329,0.699066016645
6.058,6058.0,0.000999999999999,0.0375,,0.0,1.39791798288,0.69895899144
6.059,6059.0,0.001,0.0375000000001,,0.0,1.39770194685,0.698850973425
6.0600000000000005,6060.0,0.001,0.0375000000001,,0.0,1.39748392689,0.698741963445
6.061,6061.0,0.000999999999999,0.0375,,0.0,1.39726392467,0.698631962335
6.062,6062.0,0.001,0.0375000000001,,0.0,1.39704194189,0.698520970945
6.063,6063.0,0.000999999999999,0.0375,,0.0,1.39681798025,0.698408990125
6.064,6064.0,0.001,0.0375000000001,,0.0,1.39659204147,0.698296020735
6.065,6065.0,0.001,0.0375000000001,,0.0,1.39636412724,0.69818206362
6.066,6066.0,0.000999999999999,0.0375,,0.0,1.39613423931,0.698067119655
6.067,6067.0,0.001,0.0375000000001,,0.0,1.39590237939,0.697951189695
6.0680000000000005,6068.0,0.001,0.0375000000001,,0.0,1.39566854923,0.697834274615
6.069,6069.0,0.000999999999999,0.0375,,0.0,1.39543275058,0.69771637529
6.07,6070.0,0.001,0.0375000000001,,0.0,1.3951949852,0.6975974926
6.071,6071.0,0.000999999999999,0.0375,,0.0,1.39495525483,0.697477627415
6.072,6072.0,0.001,0.0375000000001,,0.0,1.39471356126,0.69735678063
6.073,6073.0,0.001,0.0375000000001,,0.0,1.39446990626,0.69723495313
6.074,6074.0,0.000999999999999,0.0375,,0.0,1.39422429162,0.69711214581
6.075,6075.0,0.001,0.0375000000001,,0.0,1.39397671913,0.696988359565
6.0760000000000005,6076.0,0.001,0.0375000000001,,0.0,1.3937271906,0.6968635953
6.077,6077.0,0.000999999999999,0.0375,,0.0,1.39347570782,0.69673785391
6.078,6078.0,0.001,0.0375000000001,,0.0,1.39322227262,0.69661113631
6.079,6079.0,0.000999999999999,0.0375,,0.0,1.39296688682,0.69648344341
6.08,6080.0,0.001,0.0375000000001,,0.0,1.39270955226,0.69635477613
6.081,6081.0,0.001,0.0375000000001,,0.0,1.39245027076,0.69622513538
6.082,6082.0,0.000999999999999,0.0375,,0.0,1.39218904418,0.69609452209
6.083,6083.0,0.001,0.0375000000001,,0.0,1.39192587438,0.69596293719
6.0840000000000005,6084.0,0.001,0.0375000000001,,0.0,1.3916607632,0.6958303816
6.085,6085.0,0.000999999999999,0.0375,,0.0,1.39139371253,0.695696856265
6.086,6086.0,0.001,0.0375000000001,,0.0,1.39112472424,0.69556236212
6.087,6087.0,0.000999999999999,0.0375,,0.0,1.39085380021,0.695426900105
6.088,6088.0,0.001,0.0375000000001,,0.0,1.39058094233,0.695290471165
6.089,6089.0,0.001,0.0375000000001,,0.0,1.3903061525,0.69515307625
6.09,6090.0,0.000999999999999,0.0375,,0.0,1.39002943263,0.695014716315
6.091,6091.0,0.001,0.0375000000001,,0.0,1.38975078463,0.694875392315
6.0920000000000005,6092.0,0.001,0.0375000000001,,0.0,1.38953597495,0.694767987475
6.093,6093.0,0.000999999999999,0.0375,,0.0,1.38948085602,0.69474042801
6.094,6094.0,0.001,0.0375000000001,,0.0,1.38942371684,0.69471185842
6.095,6095.0,0.000999999999999,0.0375,,0.0,1.38936455838,0.69468227919
6.096,6096.0,0.001,0.0375000000001,,0.0,1.38930338161,0.694651690805
6.097,6097.0,0.001,0.0375000000001,,0.0,1.38924018753,0.694620093765
6.098,6098.0,0.000999999999999,0.0375,,0.0,1.38917497713,0.694587488565
6.099,6099.0,0.001,0.0375000000001,,0.0,1.38910775141,0.694553875705
6.1000000000000005,6100.0,0.001,0.0375000000001,,0.0,1.38903851139,0.694519255695
6.101,6101.0,0.000999999999999,0.0375,,0.0,1.3889672581,0.69448362905
6.102,6102.0,0.001,0.0375000000001,,0.0,1.38889399255,0.694446996275
6.103,6103.0,0.000999999999999,0.0375,,0.0,1.38881871578,0.69440935789
6.104,6104.0,0.001,0.0375000000001,,0.0,1.38874142886,0.69437071443
6.105,6105.0,0.001,0.0375000000001,,0.0,1.38866213282,0.69433106641
6.106,6106.0,0.000999999999999,0.0375,,0.0,1.38858082874,0.69429041437
6.107,6107.0,0.001,0.0375000000001,,0.0,1.38849751768,0.69424875884
6.1080000000000005,6108.0,0.001,0.0375000000001,,0.0,1.38841220073,0.694206100365
6.109,6109.0,0.000999999999999,0.0375,,0.0,1.38832487898,0.69416243949
6.11,6110.0,0.001,0.0375000000001,,0.0,1.38823555352,0.69411777676
6.111,6111.0,0.000999999999999,0.0375,,0.0,1.38814422547,0.694072112735
6.112,6112.0,0.001,0.0375000000001,,0.0,1.38805089593,0.694025447965
6.113,6113.0,0.001,0.0375000000001,,0.0,1.38795556602,0.69397778301
6.114,6114.0,0.000999999999999,0.0375,,0.0,1.38785823689,0.693929118445
6.115,6115.0,0.001,0.0375000000001,,0.0,1.38775890966,0.69387945483
6.1160000000000005,6116.0,0.001,0.0375000000001,,0.0,1.3876575855,0.69382879275
6.117,6117.0,0.000999999999999,0.0375,,0.0,1.38755426554,0.69377713277
6.118,6118.0,0.001,0.0375000000001,,0.0,1.38744895096,0.69372447548
6.119,6119.0,0.000999999999999,0.0375,,0.0,1.38734164294,0.69367082147
6.12,6120.0,0.001,0.0375000000001,,0.0,1.38723234264,0.69361617132
6.121,6121.0,0.001,0.0375000000001,,0.0,1.38712105127,0.693560525635
6.122,6122.0,0.000999999999999,0.0375,,0.0,1.38700777002,0.69350388501
6.123,6123.0,0.001,0.0375000000001,,0.0,1.38689250009,0.693446250045
6.1240000000000006,6124.0,0.001,0.0375000000001,,0.0,1.3867752427,0.69338762135
6.125,6125.0,0.000999999999999,0.0375,,0.0,1.38665599908,0.69332799954
6.126,6126.0,0.001,0.0375000000001,,0.0,1.38653477044,0.69326738522
6.127,6127.0,0.000999999999999,0.0375,,0.0,1.38641155804,0.69320577902
6.128,6128.0,0.001,0.0375000000001,,0.0,1.38628636312,0.69314318156
6.1290000000000004,6129.0,0.001,0.0375000000001,,0.0,1.38615918693,0.693079593465
6.13,6130.0,0.000999999999999,0.0375,,0.0,1.38603003073,0.693015015365
6.131,6131.0,0.001,0.0375000000001,,0.0,1.38589889581,0.692949447905
6.132000000000001,6132.0,0.001,0.0375000000001,,0.0,1.38576578343,0.692882891715
6.133,6133.0,0.000999999999999,0.0375,,0.0,1.38563069489,0.692815347445
6.134,6134.0,0.001,0.0375000000001,,0.0,1.38549363148,0.69274681574
6.135,6135.0,0.000999999999999,0.0375,,0.0,1.38535459451,0.692677297255
6.136,6136.0,0.001,0.0375000000001,,0.0,1.38521358528,0.69260679264
6.1370000000000005,6137.0,0.001,0.0375000000001,,0.0,1.38507060512,0.69253530256
6.138,6138.0,0.000999999999999,0.0375,,0.0,1.38492565536,0.69246282768
6.139,6139.0,0.001,0.0375000000001,,0.0,1.38477873733,0.692389368665
6.140000000000001,6140.0,0.001,0.0375000000001,,0.0,1.38462985237,0.692314926185
6.141,6141.0,0.000999999999999,0.0375,,0.0,1.38447900184,0.69223950092
6.142,6142.0,0.001,0.0375000000001,,0.0,1.3843261871,0.69216309355
6.143,6143.0,0.000999999999999,0.0375,,0.0,1.38417140951,0.692085704755
6.144,6144.0,0.001,0.0375000000001,,0.0,1.38401467046,0.69200733523
6.1450000000000005,6145.0,0.001,0.0375000000001,,0.0,1.38385597132,0.69192798566
6.146,6146.0,0.000999999999999,0.0375,,0.0,1.38369531349,0.691847656745
6.147,6147.0,0.001,0.0375000000001,,0.0,1.38353269837,0.691766349185
6.148,6148.0,0.000999999999999,0.0375,,0.0,1.38336812736,0.69168406368
6.149,6149.0,0.001,0.0375000000001,,0.0,1.38320160188,0.69160080094
6.15,6150.0,0.001,0.0375000000001,,0.0,1.38303312335,0.691516561675
6.151,6151.0,0.000999999999999,0.0375,,0.0,1.38286269321,0.691431346605
6.152,6152.0,0.001,0.0375000000001,,0.0,1.38269031289,0.691345156445
6.1530000000000005,6153.0,0.001,0.0375000000001,,0.0,1.38251598384,0.69125799192
6.154,6154.0,0.000999999999999,0.0375,,0.0,1.38233970752,0.69116985376
6.155,6155.0,0.001,0.0375000000001,,0.0,1.38216148539,0.691080742695
6.156,6156.0,0.000999999999999,0.0375,,0.0,1.38198131891,0.690990659455
6.157,6157.0,0.001,0.0375000000001,,0.0,1.38179920957,0.690899604785
6.158,6158.0,0.001,0.0375000000001,,0.0,1.38161515885,0.690807579425
6.159,6159.0,0.000999999999999,0.0375,,0.0,1.38142916824,0.69071458412
6.16,6160.0,0.001,0.0375000000001,,0.0,1.38124123925,0.690620619625
6.1610000000000005,6161.0,0.001,0.0375000000001,,0.0,1.38105137338,0.69052568669
6.162,6162.0,0.000999999999999,0.0375,,0.0,1.38085957216,0.69042978608
6.163,6163.0,0.001,0.0375000000001,,0.0,1.3806658371,0.69033291855
6.164,6164.0,0.000999999999999,0.0375,,0.0,1.38047016973,0.690235084865
6.165,6165.0,0.001,0.0375000000001,,0.0,1.38027257161,0.690136285805
6.166,6166.0,0.001,0.0375000000001,,0.0,1.38007304426,0.69003652213
6.167,6167.0,0.000999999999999,0.0375,,0.0,1.37987158926,0.68993579463
6.168,6168.0,0.001,0.0375000000001,,0.0,1.37966820815,0.689834104075
6.1690000000000005,6169.0,0.001,0.0375000000001,,0.0,1.37946290251,0.689731451255
6.17,6170.0,0.000999999999999,0.0375,,0.0,1.37925567392,0.68962783696
6.171,6171.0,0.001,0.0375000000001,,0.0,1.37904652397,0.689523261985
6.172,6172.0,0.000999999999999,0.0375,,0.0,1.37883545423,0.689417727115
6.173,6173.0,0.001,0.0375000000001,,0.0,1.37862246632,0.68931123316
6.174,6174.0,0.001,0.0375000000001,,0.0,1.37840756184,0.68920378092
6.175,6175.0,0.000999999999999,0.0375,,0.0,1.37819074241,0.689095371205
6.176,6176.0,0.001,0.0375000000001,,0.0,1.37797200965,0.688986004825
6.1770000000000005,6177.0,0.001,0.0375000000001,,0.0,1.37775136518,0.68887568259
6.178,6178.0,0.000999999999999,0.0375,,0.0,1.37752881065,0.688764405325
6.179,6179.0,0.001,0.0375000000001,,0.0,1.3773043477,0.68865217385
6.18,6180.0,0.000999999999999,0.0375,,0.0,1.37707797798,0.68853898899
6.181,6181.0,0.001,0.0375000000001,,0.0,1.37684970316,0.68842485158
6.182,6182.0,0.001,0.0375000000001,,0.0,1.37661952489,0.688309762445
6.183,6183.0,0.000999999999999,0.0375,,0.0,1.37638744485,0.688193722425
6.184,6184.0,0.001,0.0375000000001,,0.0,1.37615346473,0.688076732365
6.1850000000000005,6185.0,0.001,0.0375000000001,,0.0,1.3759175862,0.6879587931
6.186,6186.0,0.000999999999999,0.0375,,0.0,1.37567981098,0.68783990549
6.187,6187.0,0.001,0.0375000000001,,0.0,1.37544014075,0.687720070375
6.188,6188.0,0.000999999999999,0.0375,,0.0,1.37519857724,0.68759928862
6.189,6189.0,0.001,0.0375000000001,,0.0,1.37495512215,0.687477561075
6.19,6190.0,0.001,0.0375000000001,,0.0,1.37470977722,0.68735488861
6.191,6191.0,0.000999999999999,0.0375,,0.0,1.37446254418,0.68723127209
6.192,6192.0,0.001,0.0375000000001,,0.0,1.37421342476,0.68710671238
6.1930000000000005,6193.0,0.001,0.0375000000001,,0.0,1.37396242071,0.686981210355
6.194,6194.0,0.000999999999999,0.0375,,0.0,1.37370953379,0.686854766895
6.195,6195.0,0.001,0.0375000000001,,0.0,1.37345476575,0.686727382875
6.196,6196.0,0.000999999999999,0.0375,,0.0,1.37319811837,0.686599059185
6.197,6197.0,0.001,0.0375000000001,,0.0,1.37293959342,0.68646979671
6.198,6198.0,0.001,0.0375000000001,,0.0,1.37267919268,0.68633959634
6.199,6199.0,0.000999999999999,0.0375,,0.0,1.37241691794,0.68620845897
6.2,6200.0,0.001,0.0375000000001,,0.0,1.37215277099,0.686076385495
6.2010000000000005,6201.0,0.001,0.0375000000001,,0.0,1.37188675365,0.685943376825
6.202,6202.0,0.000999999999999,0.0375,,0.0,1.37161886771,0.685809433855
6.203,6203.0,0.001,0.0375000000001,,0.0,1.371349115,0.6856745575
6.204,6204.0,0.000999999999999,0.0375,,0.0,1.37107749735,0.685538748675
6.205,6205.0,0.001,0.0375000000001,,0.0,1.37080401658,0.68540200829
6.206,6206.0,0.001,0.0375000000001,,0.0,1.37052867452,0.68526433726
6.207,6207.0,0.000999999999999,0.0375,,0.0,1.37025147304,0.68512573652
6.208,6208.0,0.001,0.0375000000001,,0.0,1.36997241397,0.684986206985
6.2090000000000005,6209.0,0.001,0.0375000000001,,0.0,1.36969149918,0.68484574959
6.21,6210.0,0.000999999999999,0.0375,,0.0,1.36940873054,0.68470436527
6.211,6211.0,0.001,0.0375000000001,,0.0,1.36912410991,0.684562054955
6.212,6212.0,0.000999999999999,0.0375,,0.0,1.36883763917,0.684418819585
6.213,6213.0,0.001,0.0375000000001,,0.0,1.36854932022,0.68427466011
6.214,6214.0,0.001,0.0375000000001,,0.0,1.36825915494,0.68412957747
6.215,6215.0,0.000999999999999,0.0375,,0.0,1.36796714524,0.68398357262
6.216,6216.0,0.001,0.0375000000001,,0.0,1.36767329302,0.68383664651
6.2170000000000005,6217.0,0.001,0.0375000000001,,0.0,1.36737760019,0.683688800095
6.218,6218.0,0.000999999999999,0.0375,,0.0,1.36708006868,0.68354003434
6.219,6219.0,0.001,0.0375000000001,,0.0,1.36678070041,0.683390350205
6.22,6220.0,0.000999999999999,0.0375,,0.0,1.36647949732,0.68323974866
6.221,6221.0,0.001,0.0375000000001,,0.0,1.36617646135,0.683088230675
6.222,6222.0,0.001,0.0375000000001,,0.0,1.36587159444,0.68293579722
6.223,6223.0,0.000999999999999,0.0375,,0.0,1.36556489854,0.68278244927
6.224,6224.0,0.001,0.0375000000001,,0.0,1.36525637563,0.682628187815
6.2250000000000005,6225.0,0.001,0.0375000000001,,0.0,1.36494602766,0.68247301383
6.226,6226.0,0.000999999999999,0.0375,,0.0,1.3647947812,0.6823973906
6.227,6227.0,0.001,0.0375000000001,,0.0,1.36470842119,0.682354210595
6.228,6228.0,0.000999999999999,0.0375,,0.0,1.36462016113,0.682310080565
6.229,6229.0,0.001,0.0375000000001,,0.0,1.36453000205,0.682265001025
6.23,6230.0,0.001,0.0375000000001,,0.0,1.36443794501,0.682218972505
6.231,6231.0,0.000999999999999,0.0375,,0.0,1.36434399109,0.682171995545
6.232,6232.0,0.001,0.0375000000001,,0.0,1.36424814135,0.682124070675
6.2330000000000005,6233.0,0.001,0.0375000000001,,0.0,1.36415039688,0.68207519844
6.234,6234.0,0.000999999999999,0.0375,,0.0,1.36405075876,0.68202537938
6.235,6235.0,0.001,0.0375000000001,,0.0,1.36394922809,0.681974614045
6.236,6236.0,0.000999999999999,0.0375,,0.0,1.36384580597,0.681922902985
6.237,6237.0,0.001,0.0375000000001,,0.0,1.36374049353,0.681870246765
6.238,6238.0,0.001,0.0375000000001,,0.0,1.36363329187,0.681816645935
6.239,6239.0,0.000999999999999,0.0375,,0.0,1.36352420212,0.68176210106
6.24,6240.0,0.001,0.0375000000001,,0.0,1.36341322542,0.68170661271
6.2410000000000005,6241.0,0.001,0.0375000000001,,0.0,1.36330036291,0.681650181455
6.242,6242.0,0.000999999999999,0.0375,,0.0,1.36318561573,0.681592807865
6.243,6243.0,0.001,0.0375000000001,,0.0,1.36306898506,0.68153449253
6.244,6244.0,0.000999999999999,0.0375,,0.0,1.36295047204,0.68147523602
6.245,6245.0,0.001,0.0375000000001,,0.0,1.36283007785,0.681415038925
6.246,6246.0,0.001,0.0375000000001,,0.0,1.36270780368,0.68135390184
6.247,6247.0,0.000999999999999,0.0375,,0.0,1.36258365071,0.681291825355
6.248,6248.0,0.001,0.0375000000001,,0.0,1.36245762013,0.681228810065
6.2490000000000006,6249.0,0.001,0.0375000000001,,0.0,1.36232971314,0.68116485657
6.25,6250.0,0.000999999999999,0.0375,,0.0,1.36219993096,0.68109996548
6.251,6251.0,0.001,0.0375000000001,,0.0,1.36206827479,0.681034137395
6.252,6252.0,0.000999999999999,0.0375,,0.0,1.36193474588,0.68096737294
6.253,6253.0,0.001,0.0375000000001,,0.0,1.36179934544,0.68089967272
6.2540000000000004,6254.0,0.001,0.0375000000001,,0.0,1.36166207471,0.680831037355
6.255,6255.0,0.000999999999999,0.0375,,0.0,1.36152293495,0.680761467475
6.256,6256.0,0.001,0.0375000000001,,0.0,1.3613819274,0.6806909637
6.257000000000001,6257.0,0.001,0.0375000000001,,0.0,1.36123905333,0.680619526665
6.258,6258.0,0.000999999999999,0.0375,,0.0,1.361094314,0.680547157
6.259,6259.0,0.001,0.0375000000001,,0.0,1.36094771069,0.680473855345
6.26,6260.0,0.000999999999999,0.0375,,0.0,1.36079924469,0.680399622345
6.261,6261.0,0.001,0.0375000000001,,0.0,1.36064891728,0.68032445864
6.2620000000000005,6262.0,0.001,0.0375000000001,,0.0,1.36049672975,0.680248364875
6.263,6263.0,0.000999999999999,0.0375,,0.0,1.36034268343,0.680171341715
6.264,6264.0,0.001,0.0375000000001,,0.0,1.36018677961,0.680093389805
6.265000000000001,6265.0,0.001,0.0375000000001,,0.0,1.36002901961,0.680014509805
6.266,6266.0,0.000999999999999,0.0375,,0.0,1.35986940477,0.679934702385
6.267,6267.0,0.001,0.0375000000001,,0.0,1.35970793641,0.679853968205
6.268,6268.0,0.000999999999999,0.0375,,0.0,1.35954461589,0.679772307945
6.269,6269.0,0.001,0.0375000000001,,0.0,1.35937944453,0.679689722265
6.2700000000000005,6270.0,0.001,0.0375000000001,,0.0,1.35921242371,0.679606211855
6.271,6271.0,0.000999999999999,0.0375,,0.0,1.35904355477,0.679521777385
6.272,6272.0,0.001,0.0375000000001,,0.0,1.3588728391,0.67943641955
6.273,6273.0,0.000999999999999,0.0375,,0.0,1.35870027807,0.679350139035
6.274,6274.0,0.001,0.0375000000001,,0.0,1.35852587306,0.67926293653
6.275,6275.0,0.001,0.0375000000001,,0.0,1.35834962546,0.67917481273
6.276,6276.0,0.000999999999999,0.0375,,0.0,1.35817153667,0.679085768335
6.277,6277.0,0.001,0.0375000000001,,0.0,1.3579916081,0.67899580405
6.2780000000000005,6278.0,0.001,0.0375000000001,,0.0,1.35780984115,0.678904920575
6.279,6279.0,0.000999999999999,0.0375,,0.0,1.35762623725,0.678813118625
6.28,6280.0,0.001,0.0375000000001,,0.0,1.35744079782,0.67872039891
6.281,6281.0,0.000999999999999,0.0375,,0.0,1.35725352429,0.678626762145
6.282,6282.0,0.001,0.0375000000001,,0.0,1.35706441811,0.678532209055
6.283,6283.0,0.001,0.0375000000001,,0.0,1.35687348072,0.67843674036
6.283185307179586,6284.0,0.000185307179586,0.00694901923448,,0.0,1.35683775959,0.678418879795
