time,step,deltaT,maxCo,residualIntegral,minT,maxT,amplitude
0.001,1.0,0.001,0.0375,,-5.46042956509e-145,20.9196748968,10.4598374484
0.002,2.0,0.001,0.0375,,8.89250634592e-217,20.9142037778,10.4571018889
0.003,3.0,0.001,0.0375,,1.05134396831e-216,20.908785004,10.454392502
0.004,4.0,0.001,0.0375,,1.24291686509e-216,20.9034163653,10.45170818265
0.005,5.0,0.001,0.0375,,1.46931886361e-216,20.89809559,10.449047795
0.006,6.0,0.001,0.0375,,1.73686817174e-216,20.8928203482,10.4464101741
0.007,7.0,0.001,0.0375,,2.05302670081e-216,20.8875882541,10.44379412705
0.008,8.0,0.001,0.0375,,2.42660666313e-216,20.8823968689,10.44119843445
0.009000000000000001,9.0,0.001,0.0375,,2.8680144134e-216,20.8772437036,10.4386218518
0.01,10.0,0.001,0.0375,,3.38953823455e-216,20.8721262218,10.4360631109
0.011,11.0,0.001,0.0375,,4.00568797216e-216,20.8670418421,10.43352092105
0.012,12.0,0.001,0.0375,,4.73359584026e-216,20.861987941,10.4309939705
0.013000000000000001,13.0,0.001,0.0375,,5.59348939474e-216,20.8569618549,10.42848092745
0.014,14.0,0.001,0.0375,,6.60924964322e-216,20.851960883,10.4259804415
0.015,15.0,0.001,0.0375,,7.80906958668e-216,20.8469822896,10.4234911448
0.016,16.0,0.001,0.0375,,9.22623123076e-216,20.8420233061,10.42101165305
0.017,17.0,0.001,0.0375,,1.09000223383e-215,20.8370811341,10.41854056705
0.018000000000000002,18.0,0.001,0.0375,,1.28768180067e-215,20.8321529466,10.4160764733
0.019,19.0,0.001,0.0375,,1.52113566489e-215,20.8272358912,10.4136179456
0.02,20.0,0.001,0.0375,,1.79682452529e-215,20.8223270914,10.4111635457
0.021,21.0,0.001,0.0375,,2.12237350426e-215,20.8174236493,10.40871182465
0.022,22.0,0.001,0.0375,,2.50678160222e-215,20.8125226474,10.4062613237
0.023,23.0,0.001,0.0375,,2.96066875657e-215,20.8076211504,10.4038105752
0.024,24.0,0.001,0.0375,,3.49656724383e-215,20.8027162076,10.4013581038
0.025,25.0,0.001,0.0375,,4.12926536937e-215,20.7978048544,10.3989024272
0.026000000000000002,26.0,0.001,0.0375,,4.8762128096e-215,20.7928841143,10.39644205715
0.027,27.0,0.001,0.0375,,5.75799864602e-215,20.7879510007,10.39397550035
0.028,28.0,0.001,0.0375,,6.79891510333e-215,20.7830025188,10.3915012594
0.029,29.0,0.001,0.0375,,8.02762232962e-215,20.778035667,10.3890178335
0.03,30.0,0.001,0.0375,,9.47793229597e-215,20.7730474389,10.38652371945
0.031,31.0,0.001,0.0375,,1.11897331221e-214,20.7680348246,10.3840174123
0.032,32.0,0.001,0.0375,,1.32100789386e-214,20.7629948127,10.38149740635
0.033,33.0,0.001,0.0375,,1.55944748791e-214,20.7579243913,10.37896219565
0.034,34.0,0.001,0.0375,,1.8408392077e-214,20.7528205501,10.37641027505
0.035,35.0,0.001,0.0375,,2.1729053763e-214,20.7476802813,10.37384014065
0.036000000000000004,36.0,0.001,0.0375,,2.56475408914e-214,20.7425005816,10.3712502908
0.037,37.0,0.001,0.0375,,3.02712743587e-214,20.7372784529,10.36863922645
0.038,38.0,0.001,0.0375,,3.57269410504e-214,20.7320109043,10.36600545215
0.039,39.0,0.001,0.0375,,4.21639429388e-214,20.7266949529,10.36334747645
0.04,40.0,0.001,0.0375,,4.97584625691e-214,20.7213276255,10.36066381275
0.041,41.0,0.001,0.0375,,5.87182549001e-214,20.7159059593,10.35795297965
0.042,42.0,0.001,0.0375,,6.92882950549e-214,20.7104270037,10.35521350185
0.043000000000000003,43.0,0.001,0.0375,,8.17574346011e-214,20.704887821,10.3524439105
0.044,44.0,0.001,0.0375,,9.64662461542e-214,20.6992854875,10.34964274375
0.045,45.0,0.001,0.0375,,1.13816268097e-213,20.693617095,10.3468085475
0.046,46.0,0.001,0.0375,,1.34280898895e-213,20.6878797515,10.34393987575
0.047,47.0,0.001,0.0375,,1.58418234858e-213,20.6820705824,10.3410352912
0.048,48.0,0.001,0.0375,,1.86886197492e-213,20.6761867313,10.33809336565
0.049,49.0,0.001,0.0375,,2.20460358091e-213,20.6702253611,10.33511268055
0.05,50.0,0.001,0.0375,,2.60054939717e-213,20.6641836548,10.3320918274
0.051000000000000004,51.0,0.001,0.0375,,3.06747562058e-213,20.6580588165,10.32902940825
0.052000000000000005,52.0,0.001,0.0375,,3.61808395099e-213,20.6518480723,10.32592403615
0.053,53.0,0.001,0.0375,,4.26734505895e-213,20.645548671,10.3227743355
0.054,54.0,0.001,0.0375,,5.03290321982e-213,20.6391578848,10.3195789424
0.055,55.0,0.001,0.0375,,5.93555298986e-213,20.6326730105,10.31633650525
0.056,56.0,0.001,0.0375,,6.99980073047e-213,20.6260913697,10.31304568485
0.057,57.0,0.001,0.0375,,8.25452605981e-213,20.6194103099,10.30970515495
0.058,58.0,0.001,0.0375,,9.73376098657e-213,20.612627205,10.3063136025
0.059000000000000004,59.0,0.001,0.0375,,1.14776076309e-212,20.605739456,10.302869728
0.06,60.0,0.001,0.0375,,1.35333191452e-212,20.5987444916,10.2993722458
0.061,61.0,0.001,0.0375,,1.59565728116e-212,20.5916397689,10.29581988445
0.062,62.0,0.001,0.0375,,1.88129694318e-212,20.584422774,10.292211387
0.063,63.0,0.001,0.0375,,2.21797991704e-212,20.5770910223,10.28854551115
0.064,64.0,0.001,0.0375,,2.61481211302e-212,20.5696420594,10.2848210297
0.065,65.0,0.001,0.0375,,3.08252123171e-212,20.5620734611,10.28103673055
0.066,66.0,0.001,0.0375,,3.63374515072e-212,20.5543828347,10.27719141735
0.067,67.0,0.001,0.0375,,4.28337151345e-212,20.5465678184,10.2732839092
0.068,68.0,0.001,0.0375,,5.04893759726e-212,20.5386260826,10.2693130413
0.069,69.0,0.001,0.0375,,5.95110114492e-212,20.5305553301,10.26527766505
0.07,70.0,0.001,0.0375,,7.01419473481e-212,20.5223532961,10.26117664805
0.07100000000000001,71.0,0.001,0.0375,,8.26687848997e-212,20.514017749,10.2570088745
0.07200000000000001,72.0,0.001,0.0375,,9.74290854499e-212,20.5055464908,10.2527732454
0.073,73.0,0.001,0.0375,,1.14820417706e-211,20.496937357,10.2484686785
0.074,74.0,0.001,0.0375,,1.35311008809e-211,20.4881882172,10.2440941086
0.075,75.0,0.001,0.0375,,1.59452283149e-211,20.4792969755,10.23964848775
0.076,76.0,0.001,0.0375,,1.87893623001e-211,20.4702615706,10.2351307853
0.077,77.0,0.001,0.0375,,2.21399744147e-211,20.4610799759,10.23053998795
0.078,78.0,0.001,0.0375,,2.60871149073e-211,20.4517502,10.2258751
0.079,79.0,0.001,0.0375,,3.07368202103e-211,20.4422702871,10.22113514355
0.08,80.0,0.001,0.0375,,3.62139466945e-211,20.4326383165,10.21631915825
0.081,81.0,0.001,0.0375,,4.2665506025e-211,20.4228524034,10.2114262017
0.082,82.0,0.001,0.0375,,5.0264590786e-211,20.4129106991,10.20645534955
0.083,83.0,0.001,0.0375,,5.921499469e-211,20.4028113906,10.2014056953
0.084,84.0,0.001,0.0375,,6.9756650103e-211,20.3925527012,10.1962763506
0.085,85.0,0.001,0.0375,,8.21720272731e-211,20.3821328906,10.1910664453
0.08600000000000001,86.0,0.001,0.0375,,9.67936651229e-211,20.3715502547,10.18577512735
0.08700000000000001,87.0,0.001,0.0375,,1.1401303343e-210,20.360803126,10.180401563
0.088,88.0,0.001,0.0375,,1.3429096146e-210,20.3498898735,10.17494493675
0.089,89.0,0.001,0.0375,,1.58169909574e-210,20.3388089029,10.16940445145
0.09,90.0,0.001,0.0375,,1.86288409062e-210,20.3275586565,10.16377932825
0.091,91.0,0.001,0.0375,,2.19398052808e-210,20.3161376133,10.15806880665
0.092,92.0,0.001,0.0375,,2.58383486807e-210,20.304544289,10.1522721445
0.093,93.0,0.001,0.0375,,3.04285931849e-210,20.2927772361,10.14638861805
0.094,94.0,0.001,0.0375,,3.58330857934e-210,20.2808350437,10.14041752185
0.095,95.0,0.001,0.0375,,4.21960543641e-210,20.2687163377,10.13435816885
0.096,96.0,0.001,0.0375,,4.96872381623e-210,20.2564197806,10.1282098903
0.097,97.0,0.001,0.0375,,5.85063943024e-210,20.2439440717,10.12197203585
0.098,98.0,0.001,0.0375,,6.88885991913e-210,20.2312879468,10.1156439734
0.099,99.0,0.001,0.0375,,8.11104850487e-210,20.2184501781,10.10922508905
0.1,100.0,0.001,0.0375,,9.54975762272e-210,20.2054295743,10.10271478715
0.101,101.0,0.001,0.0375,,1.12432919043e-209,20.1922249807,10.09611249035
0.10200000000000001,102.0,0.001,0.0375,,1.323672329e-209,20.1788352786,10.0894176393
0.10300000000000001,103.0,0.001,0.0375,,1.55830850561e-209,20.1652593856,10.0826296928
0.10400000000000001,104.0,0.001,0.0375,,1.83447762516e-209,20.1514962554,10.0757481277
0.105,105.0,0.001,0.0375,,2.15952135791e-209,20.1375448775,10.06877243875
0.106,106.0,0.001,0.0375,,2.54207742624e-209,20.1234042773,10.06170213865
0.107,107.0,0.001,0.0375,,2.99230810997e-209,20.109073516,10.054536758
0.108,108.0,0.001,0.0375,,3.52216898968e-209,20.0945516902,10.0472758451
0.109,109.0,0.001,0.0375,,4.14572500538e-209,20.0798379318,10.0399189659
0.11,110.0,0.001,0.0375,,4.87952215101e-209,20.0649314081,10.03246570405
0.111,111.0,0.001,0.0375,,5.74302458712e-209,20.0498313214,10.0249156607
0.112,112.0,0.001,0.0375,,6.75912867181e-209,20.0345369088,10.0172684544
0.113,113.0,0.001,0.0375,,7.95476742963e-209,20.019047442,10.009523721
0.114,114.0,0.001,0.0375,,9.3616213518e-209,20.0033622275,10.00168111375
0.115,115.0,0.001,0.0375,,1.1016954211e-208,19.9874806058,9.9937403029
0.116,116.0,0.001,0.0375,,1.29645958531e-208,19.9714019516,9.9857009758
0.117,117.0,0.001,0.0375,,1.52560977833e-208,19.9551256736,9.9775628368
0.11800000000000001,118.0,0.001,0.0375,,1.79520918916e-208,19.938651214,9.969325607
0.11900000000000001,119.0,0.001,0.0375,,2.112388799e-208,19.9219780485,9.96098902425
0.12,120.0,0.001,0.0375,,2.48553520872e-208,19.905105686,9.952552843
0.121,121.0,0.001,0.0375,,2.92451146822e-208,19.8880336685,9.94401683425
0.122,122.0,0.001,0.0375,,3.44091669973e-208,19.8707615706,9.9353807853
0.123,123.0,0.001,0.0375,,4.0483913231e-208,19.8532889996,9.9266444998
0.124,124.0,0.001,0.0375,,4.7629758838e-208,19.8356155947,9.91780779735
0.125,125.0,0.001,0.0375,,5.60353288763e-208,19.8177410276,9.9088705138
0.126,126.0,0.001,0.0375,,6.59224269332e-208,19.7996650014,9.8998325007
0.127,127.0,0.001,0.0375,,7.7551864513e-208,19.7813872507,9.89069362535
0.128,128.0,0.001,0.0375,,9.12303135196e-208,19.7629075415,9.88145377075
0.129,129.0,0.001,0.0375,,1.07318361209e-207,19.7442256706,9.8721128353
0.13,130.0,0.001,0.0375,,1.262399784e-207,19.7253414657,9.86267073285
0.131,131.0,0.001,0.0375,,1.48493648648e-207,19.7062547847,9.85312739235
0.132,132.0,0.001,0.0375,,1.74665449458e-207,19.6869655157,9.84348275785
0.133,133.0,0.001,0.0375,,2.05444427574e-207,19.6674735767,9.83373678835
0.134,134.0,0.001,0.0375,,2.41640670258e-207,19.6477789151,9.82388945755
0.135,135.0,0.001,0.0375,,2.84206544808e-207,19.6278815078,9.8139407539
0.136,136.0,0.001,0.0375,,3.34261661224e-207,19.6077813606,9.8038906803
0.137,137.0,0.001,0.0375,,3.93122210009e-207,19.5874785079,9.79373925395
0.138,138.0,0.001,0.0375,,4.62335441172e-207,19.5669730127,9.78348650635
0.139,139.0,0.001,0.0375,,5.43720184521e-207,19.5462649659,9.77313248295
0.14,140.0,0.001,0.0375,,6.39414468726e-207,19.5253544863,9.76267724315
0.14100000000000001,141.0,0.001,0.0375,,7.51931481608e-207,19.5042417202,9.7521208601
0.14200000000000002,142.0,0.001,0.0375,,8.84225331356e-207,19.482926841,9.7414634205
0.14300000000000002,143.0,0.001,0.0375,,1.03976832358e-206,19.4614100492,9.7307050246
0.14400000000000002,144.0,0.001,0.0375,,1.22264176886e-206,19.4396915716,9.7198457858
0.145,145.0,0.001,0.0375,,1.43764268777e-206,19.4177716616,9.7088858308
0.146,146.0,0.001,0.0375,,1.69040919369e-206,19.3956505983,9.69782529915
0.147,147.0,0.001,0.0375,,1.98756782003e-206,19.3733286865,9.68666434325
0.148,148.0,0.001,0.0375,,2.33690662884e-206,19.3508062565,9.67540312825
0.149,149.0,0.001,0.0375,,2.74757860834e-206,19.3280836635,9.66404183175
0.15,150.0,0.001,0.0375,,3.2303406543e-206,19.3051612873,9.65258064365
0.151,151.0,0.001,0.0375,,3.79783435489e-206,19.2820395323,9.64101976615
0.152,152.0,0.001,0.0375,,4.46491588491e-206,19.258718827,9.6293594135
0.153,153.0,0.001,0.0375,,5.24904359103e-206,19.2351996235,9.61759981175
0.154,154.0,0.001,0.0375,,6.17073334805e-206,19.2114823974,9.6057411987
0.155,155.0,0.001,0.0375,,7.25409352579e-206,19.1875676475,9.59378382375
0.156,156.0,0.001,0.0375,,8.52745347304e-206,19.1634558953,9.58172794765
0.157,157.0,0.001,0.0375,,1.00241018522e-205,19.139147685,9.5695738425
0.158,158.0,0.001,0.0375,,1.17831540083e-205,19.1146435828,9.5573217914
0.159,159.0,0.001,0.0375,,1.38505709043e-205,19.0899441769,9.54497208845
0.16,160.0,0.001,0.0375,,1.62803560853e-205,19.0650500768,9.5325250384
0.161,161.0,0.001,0.0375,,1.913596175e-205,19.0399619135,9.51998095675
0.162,162.0,0.001,0.0375,,2.24919404314e-205,19.0146803387,9.50734016935
0.163,163.0,0.001,0.0375,,2.64358851523e-205,18.9892060249,9.49460301245
0.164,164.0,0.001,0.0375,,3.10707083987e-205,18.9635396648,9.4817698324
0.165,165.0,0.001,0.0375,,3.6517319032e-205,18.9376819709,9.46884098545
0.166,166.0,0.001,0.0375,,4.29177665693e-205,18.9116336755,9.45581683775
0.167,167.0,0.001,0.0375,,5.04389343654e-205,18.8853955303,9.44269776515
0.168,168.0,0.001,0.0375,,5.92768774433e-205,18.8589683059,9.42948415295
0.169,169.0,0.001,0.0375,,6.96619174069e-205,18.8323527915,9.41617639575
0.17,170.0,0.001,0.0375,,8.18646264686e-205,18.805549795,9.4027748975
0.171,171.0,0.001,0.0375,,9.62028556286e-205,18.778560142,9.389280071
0.17200000000000001,172.0,0.001,0.0375,,1.1304998906e-204,18.7513846762,9.3756923381
0.17300000000000001,173.0,0.001,0.0375,,1.32844638475e-204,18.7240242585,9.36201212925
0.17400000000000002,174.0,0.001,0.0375,,1.56102028477e-204,18.6964797671,9.34823988355
0.17500000000000002,175.0,0.001,0.0375,,1.83427367651e-204,18.6687520971,9.33437604855
0.176,176.0,0.001,0.0375,,2.15531551451e-204,18.6408421599,9.32042107995
0.177,177.0,0.001,0.0375,,2.53249603243e-204,18.6127508834,9.3063754417
0.178,178.0,0.001,0.0375,,2.97562330599e-204,18.5844792111,9.29223960555
0.179,179.0,0.001,0.0375,,3.49621757032e-204,18.5560281025,9.27801405125
0.18,180.0,0.001,0.0375,,4.10780986873e-204,18.5273985321,9.26369926605
0.181,181.0,0.001,0.0375,,4.82629275514e-204,18.4985914896,9.2492957448
0.182,182.0,0.001,0.0375,,5.67033211642e-204,18.4696079794,9.2348039897
0.183,183.0,0.001,0.0375,,6.66185075892e-204,18.4404490203,9.22022451015
0.184,184.0,0.001,0.0375,,7.8265962563e-204,18.4111156452,9.2055578226
0.185,185.0,0.001,0.0375,,9.19480772999e-204,18.3816089009,9.19080445045
0.186,186.0,0.001,0.0375,,1.08019987872e-203,18.3519298477,9.17596492385
0.187,187.0,0.001,0.0375,,1.26898768375e-203,18.3220795591,9.16103977955
0.188,188.0,0.001,0.0375,,1.49074225284e-203,18.2920591218,9.1460295609
0.189,189.0,0.001,0.0375,,1.75121571674e-203,18.2618696348,9.1309348174
0.19,190.0,0.001,0.0375,,2.057163085e-203,18.2315122098,9.1157561049
0.191,191.0,0.001,0.0375,,2.41651696978e-203,18.2009879706,9.1004939853
0.192,192.0,0.001,0.0375,,2.83859272963e-203,18.1702980526,9.0851490263
0.193,193.0,0.001,0.0375,,3.33432932578e-203,18.139443603,9.0697218015
0.194,194.0,0.001,0.0375,,3.91657210395e-203,18.10842578,9.05421289
0.195,195.0,0.001,0.0375,,4.60040479517e-203,18.0772457532,9.0386228766
0.196,196.0,0.001,0.0375,,5.4035392965e-203,18.0459047025,9.02295235125
0.197,197.0,0.001,0.0375,,6.34677328142e-203,18.0144038185,9.00720190925
0.198,198.0,0.001,0.0375,,7.4545274361e-203,17.9827443018,8.9913721509
0.199,199.0,0.001,0.0375,,8.75547616813e-203,17.9509273632,8.9754636816
0.2,200.0,0.001,0.0375,,1.02832880409e-202,17.9189542228,8.9594771114
0.201,201.0,0.001,0.0375,,1.20774950111e-202,17.8868261104,8.9434130552
0.202,202.0,0.001,0.0375,,1.41845128625e-202,17.8545442646,8.9272721323
0.203,203.0,0.001,0.0375,,1.66588391179e-202,17.8221099332,8.9110549666
0.20400000000000001,204.0,0.001,0.0375,,1.95644592816e-202,17.7895243724,8.8947621862
0.20500000000000002,205.0,0.001,0.0375,,2.29764976195e-202,17.7567888466,8.8783944233
0.20600000000000002,206.0,0.001,0.0375,,2.69831549768e-202,17.7239046287,8.86195231435
0.20700000000000002,207.0,0.001,0.0375,,3.16879835159e-202,17.6908729992,8.8454364996
0.20800000000000002,208.0,0.001,0.0375,,3.72125569174e-202,17.6576952461,8.82884762305
0.209,209.0,0.001,0.0375,,4.36996047593e-202,17.624372665,8.8121863325
0.21,210.0,0.001,0.0375,,5.13166917188e-202,17.5909065584,8.7954532792
0.211,211.0,0.001,0.0375,,6.02605362457e-202,17.5572982357,8.77864911785
0.212,212.0,0.001,0.0375,,7.07620797931e-202,17.5235490132,8.7617745066
0.213,213.0,0.001,0.0375,,8.30924369738e-202,17.489660213,8.7448301065
0.214,214.0,0.001,0.0375,,9.75698796481e-202,17.455633164,8.727816582
0.215,215.0,0.001,0.0375,,1.14568034509e-201,17.4214692007,8.71073460035
0.216,216.0,0.001,0.0375,,1.34525504897e-201,17.3871696631,8.69358483155
0.217,217.0,0.001,0.0375,,1.57957164165e-201,17.3527358971,8.67636794855
0.218,218.0,0.001,0.0375,,1.85467410819e-201,17.3181692534,8.6590846267
0.219,219.0,0.001,0.0375,,2.17765726065e-201,17.2834710881,8.64173554405
0.22,220.0,0.001,0.0375,,2.55684933448e-201,17.2486427619,8.62432138095
0.221,221.0,0.001,0.0375,,3.00202629697e-201,17.2136856399,8.60684281995
0.222,222.0,0.001,0.0375,,3.52466337226e-201,17.1786010919,8.58930054595
0.223,223.0,0.001,0.0375,,4.1382302428e-201,17.1433904916,8.5716952458
0.224,224.0,0.001,0.0375,,4.85853750781e-201,17.1080552167,8.55402760835
0.225,225.0,0.001,0.0375,,5.70414329448e-201,17.0725966486,8.5362983243
0.226,226.0,0.001,0.0375,,6.69683046053e-201,17.0370161722,8.5185080861
0.227,227.0,0.001,0.0375,,7.86216663794e-201,17.0013151757,8.50065758785
0.228,228.0,0.001,0.0375,,9.23016149178e-201,16.9654950505,8.48274752525
0.229,229.0,0.001,0.0375,,1.08360380617e-200,16.9295571908,8.4647785954
0.23,230.0,0.001,0.0375,,1.27211379784e-200,16.8935029934,8.4467514967
0.231,231.0,0.001,0.0375,,1.49339837805e-200,16.8573338579,8.42866692895
0.232,232.0,0.001,0.0375,,1.7531525584e-200,16.8210511859,8.41052559295
0.233,233.0,0.001,0.0375,,2.05806040818e-200,16.8119832343,8.40599161715
0.234,234.0,0.001,0.0375,,2.41596673977e-200,16.8070178294,8.4035089147
0.23500000000000001,235.0,0.001,0.0375,,2.83607858211e-200,16.8017250922,8.4008625461
0.23600000000000002,236.0,0.001,0.0375,,3.32920160857e-200,16.7961071384,8.3980535692
0.23700000000000002,237.0,0.001,0.0375,,3.90801758088e-200,16.7901660791,8.39508303955
0.23800000000000002,238.0,0.001,0.0375,,4.58740992181e-200,16.7839040208,8.3919520104
0.23900000000000002,239.0,0.001,0.0375,,5.384845762e-200,16.7773230655,8.38866153275
0.24,240.0,0.001,0.0375,,6.32082425309e-200,16.7704253108,8.3852126554
0.241,241.0,0.001,0.0375,,7.41940263633e-200,16.7632128498,8.3816064249
0.242,242.0,0.001,0.0375,,8.70881354724e-200,16.7556877714,8.3778438857
0.243,243.0,0.001,0.0375,,1.02221893731e-199,16.7478521598,8.3739260799
0.244,244.0,0.001,0.0375,,1.19984122211e-199,16.7397080953,8.36985404765
0.245,245.0,0.001,0.0375,,1.40831112705e-199,16.7312576537,8.36562882685
0.246,246.0,0.001,0.0375,,1.65298330563e-199,16.7225029065,8.36125145325
0.247,247.0,0.001,0.0375,,1.9401414656e-199,16.713445921,8.3567229605
0.248,248.0,0.001,0.0375,,2.27715949481e-199,16.7040887606,8.3520443803
0.249,249.0,0.001,0.0375,,2.6726905199e-199,16.6944334842,8.3472167421
0.25,250.0,0.001,0.0375,,3.13688873878e-199,16.6844821465,8.34224107325
0.251,251.0,0.001,0.0375,,3.68166970611e-199,16.6742367985,8.33711839925
0.252,252.0,0.001,0.0375,,4.32101573506e-199,16.6636994866,8.3318497433
0.253,253.0,0.001,0.0375,,5.07133423262e-199,16.6528722534,8.3264361267
0.254,254.0,0.001,0.0375,,5.95187814017e-199,16.6417571374,8.3208785687
0.255,255.0,0.001,0.0375,,6.98523923933e-199,16.6303561729,8.31517808645
0.256,256.0,0.001,0.0375,,8.19792694691e-199,16.6186713901,8.30933569505
0.257,257.0,0.001,0.0375,,9.62104740914e-199,16.6067048155,8.30335240775
0.258,258.0,0.001,0.0375,,1.12911002704e-198,16.5944584711,8.29722923555
0.259,259.0,0.001,0.0375,,1.32509135006e-198,16.5819343752,8.2909671876
0.26,260.0,0.001,0.0375,,1.55507401952e-198,16.5691345419,8.28456727095
0.261,261.0,0.001,0.0375,,1.82495454039e-198,16.5560609813,8.27803049065
0.262,262.0,0.001,0.0375,,2.14165159006e-198,16.5427156996,8.2713578498
0.263,263.0,0.001,0.0375,,2.51328315078e-198,16.5291006987,8.26455034935
0.264,264.0,0.001,0.0375,,2.94937432735e-198,16.5152179767,8.25760898835
0.265,265.0,0.001,0.0375,,3.46110116418e-198,16.5010695275,8.25053476375
0.266,266.0,0.001,0.0375,,4.06157669598e-198,16.4866573412,8.2433286706
0.267,267.0,0.001,0.0375,,4.76618654539e-198,16.4719834035,8.23599170175
0.268,268.0,0.001,0.0375,,5.59298264751e-198,16.4570496964,8.2285248482
0.269,269.0,0.001,0.0375,,6.5631451659e-198,16.4418581976,8.2209290988
0.27,270.0,0.001,0.0375,,7.70152440764e-198,16.4264108808,8.2132054404
0.271,271.0,0.001,0.0375,,9.03727658841e-198,16.4107097157,8.20535485785
0.272,272.0,0.001,0.0375,,1.06046096966e-197,16.3947566677,8.19737833385
0.273,273.0,0.001,0.0375,,1.24436585175e-197,16.3785536984,8.1892768492
0.274,274.0,0.001,0.0375,,1.46015111791e-197,16.3621027648,8.1810513824
0.275,275.0,0.001,0.0375,,1.71334134492e-197,16.3454058204,8.1727029102
0.276,276.0,0.001,0.0375,,2.01041815558e-197,16.3284648139,8.16423240695
0.277,277.0,0.001,0.0375,,2.3589859628e-197,16.3112816904,8.1556408452
0.278,278.0,0.001,0.0375,,2.76796640987e-197,16.2938583903,8.14692919515
0.279,279.0,0.001,0.0375,,3.24782647447e-197,16.2761968503,8.13809842515
0.28,280.0,0.001,0.0375,,3.81084606288e-197,16.2582990023,8.12914950115
0.281,281.0,0.001,0.0375,,4.47143192986e-197,16.2401667746,8.1200833873
0.28200000000000003,282.0,0.001,0.0375,,5.24648594193e-197,16.2218020907,8.11090104535
0.28300000000000003,283.0,0.001,0.0375,,6.1558370897e-197,16.20320687,8.101603435
0.28400000000000003,284.0,0.001,0.0375,,7.2227482821e-197,16.1843830277,8.09219151385
0.28500000000000003,285.0,0.001,0.0375,,8.47451086467e-197,16.1653324745,8.08266623725
0.28600000000000003,286.0,0.001,0.0375,,9.94314204334e-197,16.1460571168,8.0730285584
0.28700000000000003,287.0,0.001,0.0375,,1.16662030219e-196,16.1265588566,8.0632794283
0.28800000000000003,288.0,0.001,0.0375,,1.3687758743e-196,16.1068395916,8.0534197958
0.289,289.0,0.001,0.0375,,1.60595037358e-196,16.0869012149,8.04345060745
0.29,290.0,0.001,0.0375,,1.88420828146e-196,16.0667456152,8.0333728076
0.291,291.0,0.001,0.0375,,2.2106640344e-196,16.0463746768,8.0231873384
0.292,292.0,0.001,0.0375,,2.59366376202e-196,16.0257902794,8.0128951397
0.293,293.0,0.001,0.0375,,3.04299847609e-196,16.0049942981,8.00249714905
0.294,294.0,0.001,0.0375,,3.57015415199e-196,15.9839886035,7.99199430175
0.295,295.0,0.001,0.0375,,4.18860508601e-196,15.9627750617,7.98138753085
0.296,296.0,0.001,0.0375,,4.91415801571e-196,15.941355534,7.970677767
0.297,297.0,0.001,0.0375,,5.76535578617e-196,15.919731877,7.9598659385
0.298,298.0,0.001,0.0375,,6.76395086408e-196,15.8979059429,7.94895297145
0.299,299.0,0.001,0.0375,,7.93546078368e-196,15.8758795789,7.93793978945
0.3,300.0,0.001,0.0375,,9.30981969904e-196,15.8536546275,7.92682731375
0.301,301.0,0.001,0.0375,,1.09221426689e-195,15.8312329266,7.9156164633
0.302,302.0,0.001,0.0375,,1.28136221765e-195,15.8086163091,7.90430815455
0.303,303.0,0.001,0.0375,,1.50325797595e-195,15.7858066031,7.89290330155
0.304,304.0,0.001,0.0375,,1.76356995834e-195,15.7628056319,7.88140281595
0.305,305.0,0.001,0.0375,,2.06894754311e-195,15.7396152138,7.8698076069
0.306,306.0,0.001,0.0375,,2.42719080269e-195,15.7162371621,7.85811858105
0.307,307.0,0.001,0.0375,,2.84744959974e-195,15.6926732854,7.8463366427
0.308,308.0,0.001,0.0375,,3.34045712624e-195,15.668925387,7.8344626935
0.309,309.0,0.001,0.0375,,3.91880384337e-195,15.6449952653,7.82249763265
0.31,310.0,0.001,0.0375,,4.59725881036e-195,15.6208847138,7.8104423569
0.311,311.0,0.001,0.0375,,5.39314659927e-195,15.5965955205,7.79829776025
0.312,312.0,0.001,0.0375,,6.32678941028e-195,15.5721294685,7.78606473425
0.313,313.0,0.001,0.0375,,7.42202566486e-195,15.547488336,7.773744168
0.314,314.0,0.001,0.0375,,8.7068183048e-195,15.5226738954,7.7613369477
0.315,315.0,0.001,0.0375,,1.02139683127e-194,15.4976879144,7.7488439572
0.316,316.0,0.001,0.0375,,1.19819516529e-194,15.4725321552,7.7362660776
0.317,317.0,0.001,0.0375,,1.40559009799e-194,15.4472083747,7.72360418735
0.318,318.0,0.001,0.0375,,1.64887571508e-194,15.4217183245,7.71085916225
0.319,319.0,0.001,0.0375,,1.93426199137e-194,15.3960637509,7.69803187545
0.32,320.0,0.001,0.0375,,2.26903322148e-194,15.3702463948,7.6851231974
0.321,321.0,0.001,0.0375,,2.66173385342e-194,15.3442679915,7.67213399575
0.322,322.0,0.001,0.0375,,3.1223864639e-194,15.3181302711,7.65906513555
0.323,323.0,0.001,0.0375,,3.66274743447e-194,15.291834958,7.645917479
0.324,324.0,0.001,0.0375,,4.29660684864e-194,15.2875127135,7.64375635675
0.325,325.0,0.001,0.0375,,5.04014025773e-194,15.2835095222,7.6417547611
0.326,326.0,0.001,0.0375,,5.91232128594e-194,15.2792358056,7.6396179028
0.327,327.0,0.001,0.0375,,6.93540559632e-194,15.2746931028,7.6373465514
0.328,328.0,0.001,0.0375,,8.13549855881e-194,15.269882954,7.634941477
0.329,329.0,0.001,0.0375,,9.54322109616e-194,15.2648069001,7.63240345005
0.33,330.0,0.001,0.0375,,1.11944906863e-193,15.2594664832,7.6297332416
0.331,331.0,0.001,0.0375,,1.31314374365e-193,15.253863246,7.626931623
0.332,332.0,0.001,0.0375,,1.54034785886e-193,15.2479987323,7.62399936615
0.333,333.0,0.001,0.0375,,1.80685788533e-193,15.2418744862,7.6209372431
0.334,334.0,0.001,0.0375,,2.11947287119e-193,15.2354920526,7.6177460263
0.335,335.0,0.001,0.0375,,2.48616783784e-193,15.2288529769,7.61442648845
0.336,336.0,0.001,0.0375,,2.91629716369e-193,15.221958805,7.6109794025
0.337,337.0,0.001,0.0375,,3.42083314116e-193,15.2148110831,7.60740554155
0.338,338.0,0.001,0.0375,,4.01264578998e-193,15.2074113577,7.60370567885
0.339,339.0,0.001,0.0375,,4.70683106115e-193,15.1997611755,7.59988058775
0.34,340.0,0.001,0.0375,,5.52109580044e-193,15.1918620836,7.5959310418
0.341,341.0,0.001,0.0375,,6.47620928693e-193,15.1837156288,7.5918578144
0.342,342.0,0.001,0.0375,,7.59653285997e-193,15.1753233583,7.58766167915
0.343,343.0,0.001,0.0375,,8.91064113902e-193,15.1666868189,7.58334340945
0.34400000000000003,344.0,0.001,0.0375,,1.0452050676e-192,15.1578075576,7.5789037788
0.34500000000000003,345.0,0.001,0.0375,,1.22600746195e-192,15.1486871208,7.5743435604
0.34600000000000003,346.0,0.001,0.0375,,1.43808251826e-192,15.1393270551,7.56966352755
0.34700000000000003,347.0,0.001,0.0375,,1.68683894761e-192,15.1297289063,7.56486445315
0.34800000000000003,348.0,0.001,0.0375,,1.97862086878e-192,15.1198942202,7.5599471101
0.34900000000000003,349.0,0.001,0.0375,,2.32086957752e-192,15.1098245418,7.5549122709
0.35000000000000003,350.0,0.001,0.0375,,2.72231329203e-192,15.0995214157,7.54976070785
0.35100000000000003,351.0,0.001,0.0375,,3.19318971275e-192,15.088986386,7.544493193
0.352,352.0,0.001,0.0375,,3.74550707171e-192,15.078220996,7.539110498
0.353,353.0,0.001,0.0375,,4.39335032768e-192,15.0672267881,7.53361339405
0.354,354.0,0.001,0.0375,,5.15324031495e-192,15.0560053042,7.5280026521
0.355,355.0,0.001,0.0375,,6.04455500387e-192,15.0445580851,7.52227904255
0.356,356.0,0.001,0.0375,,7.09002361505e-192,15.0328866708,7.5164433354
0.357,357.0,0.001,0.0375,,8.31630618715e-192,15.0209926003,7.51049630015
0.358,358.0,0.001,0.0375,,9.75467337746e-192,15.0088774114,7.5044387057
0.359,359.0,0.001,0.0375,,1.14418038305e-191,14.9965426408,7.4982713204
0.36,360.0,0.001,0.0375,,1.34207194481e-191,14.9839898241,7.49199491205
0.361,361.0,0.001,0.0375,,1.57418824122e-191,14.9712204956,7.4856102478
0.362,362.0,0.001,0.0375,,1.84644819352e-191,14.9582361884,7.4791180942
0.363,363.0,0.001,0.0375,,2.16579435538e-191,14.9450384339,7.47251921695
0.364,364.0,0.001,0.0375,,2.54036994561e-191,14.9316287625,7.46581438125
0.365,365.0,0.001,0.0375,,2.9797264991e-191,14.9180087027,7.45900435135
0.366,366.0,0.001,0.0375,,3.49506743181e-191,14.9041797817,7.45208989085
0.367,367.0,0.001,0.0375,,4.09953373158e-191,14.890143525,7.4450717625
0.368,368.0,0.001,0.0375,,4.80853906121e-191,14.8759014564,7.4379507282
0.369,369.0,0.001,0.0375,,5.64016282045e-191,14.8614550981,7.43072754905
0.37,370.0,0.001,0.0375,,6.61561119229e-191,14.8468059703,7.42340298515
0.371,371.0,0.001,0.0375,,7.75975793278e-191,14.8319555916,7.4159777958
0.372,372.0,0.001,0.0375,,9.10177869815e-191,14.8169054784,7.4084527392
0.373,373.0,0.001,0.0375,,1.06758950891e-190,14.8016571455,7.40082857275
0.374,374.0,0.001,0.0375,,1.25222473913e-190,14.7862121053,7.39310605265
0.375,375.0,0.001,0.0375,,1.46879182734e-190,14.7705718684,7.3852859342
0.376,376.0,0.001,0.0375,,1.7228133558e-190,14.7547379432,7.3773689716
0.377,377.0,0.001,0.0375,,2.02076706943e-190,14.7387118359,7.36935591795
0.378,378.0,0.001,0.0375,,2.37025108653e-190,14.7224950505,7.36124752525
0.379,379.0,0.001,0.0375,,2.78017768751e-190,14.7060890887,7.35304454435
0.38,380.0,0.001,0.0375,,3.26100062564e-190,14.6894954499,7.34474772495
0.381,381.0,0.001,0.0375,,3.82498175895e-190,14.672715631,7.3363578155
0.382,382.0,0.001,0.0375,,4.48650380606e-190,14.6557511265,7.32787556325
0.383,383.0,0.001,0.0375,,5.26243720553e-190,14.6386034285,7.31930171425
0.384,384.0,0.001,0.0375,,6.17257043916e-190,14.6212740265,7.31063701325
0.385,385.0,0.001,0.0375,,7.24011479905e-190,14.6037644073,7.30188220365
0.386,386.0,0.001,0.0375,,8.49229647855e-190,14.5860760553,7.29303802765
0.387,387.0,0.001,0.0375,,9.96105109539e-190,14.5682104519,7.28410522595
0.388,388.0,0.001,0.0375,,1.16838383702e-189,14.550169076,7.275084538
0.389,389.0,0.001,0.0375,,1.370459775e-189,14.5319534036,7.2659767018
0.39,390.0,0.001,0.0375,,1.60748693644e-189,14.5135649079,7.25678245395
0.391,391.0,0.001,0.0375,,1.88551089219e-189,14.4950050592,7.2475025296
0.392,392.0,0.001,0.0375,,2.21162301055e-189,14.4762753247,7.23813766235
0.393,393.0,0.001,0.0375,,2.59414138323e-189,14.457377169,7.2286885845
0.394,394.0,0.001,0.0375,,3.04282305582e-189,14.4383120533,7.21915602665
0.395,395.0,0.001,0.0375,,3.56911297972e-189,14.4190814359,7.20954071795
0.396,396.0,0.001,0.0375,,4.1864360402e-189,14.3996867721,7.19984338605
0.397,397.0,0.001,0.0375,,4.91053961522e-189,14.3801295137,7.19006475685
0.398,398.0,0.001,0.0375,,5.75989540966e-189,14.3604111096,7.1802055548
0.399,399.0,0.001,0.0375,,6.75617082325e-189,14.3405330053,7.17026650265
0.4,400.0,0.001,0.0375,,7.92478188629e-189,14.3204966431,7.16024832155
0.401,401.0,0.001,0.0375,,9.29554187993e-189,14.3003034619,7.15015173095
0.402,402.0,0.001,0.0375,,1.09034222017e-188,14.2799548972,7.1399774486
0.403,403.0,0.001,0.0375,,1.27894449036e-188,14.2594523811,7.12972619055
0.404,404.0,0.001,0.0375,,1.50017296927e-188,14.2387973424,7.1193986712
0.405,405.0,0.001,0.0375,,1.75967221303e-188,14.217991206,7.108995603
0.406,406.0,0.001,0.0375,,2.06406343936e-188,14.1970353937,7.09851769685
0.40700000000000003,407.0,0.001,0.0375,,2.42111353922e-188,14.1759313235,7.08796566175
0.40800000000000003,408.0,0.001,0.0375,,2.83993334062e-188,14.1546804097,7.07734020485
0.40900000000000003,409.0,0.001,0.0375,,3.3312101879e-188,14.1332840631,7.06664203155
0.41000000000000003,410.0,0.001,0.0375,,3.90748077718e-188,14.1117436907,7.05587184535
0.41100000000000003,411.0,0.001,0.0375,,4.58345121665e-188,14.0900606959,7.04503034795
0.41200000000000003,412.0,0.001,0.0375,,5.37637248749e-188,14.0682364782,7.0341182391
0.41300000000000003,413.0,0.001,0.0375,,6.30648089639e-188,14.0462724333,7.02313621665
0.41400000000000003,414.0,0.001,0.0375,,7.39751477175e-188,14.0241699529,7.01208497645
0.41500000000000004,415.0,0.001,0.0375,,8.67732060392e-188,14.0019304252,7.0009652126
0.41600000000000004,416.0,0.001,0.0375,,1.01785641157e-187,13.9795552342,6.9897776171
0.417,417.0,0.001,0.0375,,1.19395644314e-187,13.9570457599,6.97852287995
0.418,418.0,0.001,0.0375,,1.40052726581e-187,13.9344033785,6.96720168925
0.419,419.0,0.001,0.0375,,1.64284198863e-187,13.911629462,6.955814731
0.42,420.0,0.001,0.0375,,1.9270863944e-187,13.8887253785,6.94436268925
0.421,421.0,0.001,0.0375,,2.26051693249e-187,13.8656924919,6.93284624595
0.422,422.0,0.001,0.0375,,2.65164606654e-187,13.8425321619,6.92126608095
0.423,423.0,0.001,0.0375,,3.11045971454e-187,13.8192457442,6.9096228721
0.424,424.0,0.001,0.0375,,3.64867233899e-187,13.7958345902,6.8979172951
0.425,425.0,0.001,0.0375,,4.28002620754e-187,13.7723000472,6.8861500236
0.426,426.0,0.001,0.0375,,5.02064247413e-187,13.7486434581,6.87432172905
0.427,427.0,0.001,0.0375,,5.88943305587e-187,13.7248661616,6.8624330808
0.428,428.0,0.001,0.0375,,6.90858383548e-187,13.7009694921,6.85048474605
0.429,429.0,0.001,0.0375,,8.10412154372e-187,13.6769547794,6.8384773897
0.43,430.0,0.001,0.0375,,9.50657881611e-187,13.6528233494,6.8264116747
0.431,431.0,0.001,0.0375,,1.11517744299e-186,13.6285765231,6.81428826155
0.432,432.0,0.001,0.0375,,1.30817286737e-186,13.6042156175,6.80210780875
0.433,433.0,0.001,0.0375,,1.53457372577e-186,13.5797419448,6.7898709724
0.434,434.0,0.001,0.0375,,1.80016312323e-186,13.5551568128,6.7775784064
0.435,435.0,0.001,0.0375,,2.11172551367e-186,13.5304615249,6.76523076245
0.436,436.0,0.001,0.0375,,2.47722011885e-186,13.5056573799,6.75282868995
0.437,437.0,0.001,0.0375,,2.90598438724e-186,13.480745672,6.740372836
0.438,438.0,0.001,0.0375,,3.40897269779e-186,13.4557276907,6.72786384535
0.439,439.0,0.001,0.0375,,3.99903641517e-186,13.4306047211,6.71530236055
0.44,440.0,0.001,0.0375,,4.69125246187e-186,13.4053780435,6.70268902175
0.441,441.0,0.001,0.0375,,5.50330881391e-186,13.3800489336,6.6900244668
0.442,442.0,0.001,0.0375,,6.45595678439e-186,13.3546186624,6.6773093312
0.443,443.0,0.001,0.0375,,7.57354166875e-186,13.329088496,6.664544248
0.444,444.0,0.001,0.0375,,8.8846253316e-186,13.303459696,6.651729848
0.445,445.0,0.001,0.0375,,1.04227166693e-185,13.2777335191,6.63886675955
0.446,446.0,0.001,0.0375,,1.22271286441e-185,13.2519112173,6.62595560865
0.447,447.0,0.001,0.0375,,1.43439838278e-185,13.2259940378,6.6129970189
0.448,448.0,0.001,0.0375,,1.68273941939e-185,13.1999832227,6.59999161135
0.449,449.0,0.001,0.0375,,1.97408453629e-185,13.1739579741,6.58697898705
0.45,450.0,0.001,0.0375,,2.31588207384e-185,13.1698564111,6.58492820555
0.451,451.0,0.001,0.0375,,2.71687071192e-185,13.1655703766,6.5827851883
0.452,452.0,0.001,0.0375,,3.18730305812e-185,13.1611007499,6.58055037495
0.453,453.0,0.001,0.0375,,3.73920798838e-185,13.1564484124,6.5782242062
0.454,454.0,0.001,0.0375,,4.38669845848e-185,13.1516142481,6.57580712405
0.455,455.0,0.001,0.0375,,5.14633266963e-185,13.1465991429,6.57329957145
0.456,456.0,0.001,0.0375,,6.03753783886e-185,13.1414039852,6.5707019926
0.457,457.0,0.001,0.0375,,7.08310742865e-185,13.1360296653,6.56801483265
0.458,458.0,0.001,0.0375,,8.30978457345e-185,13.1304770755,6.56523853775
0.459,459.0,0.001,0.0375,,9.74894664939e-185,13.1247471104,6.5623735552
0.46,460.0,0.001,0.0375,,1.14374085262e-184,13.1188406661,6.55942033305
0.461,461.0,0.001,0.0375,,1.34183650824e-184,13.1127586409,6.55637932045
0.462,462.0,0.001,0.0375,,1.5742497135e-184,13.1065019348,6.5532509674
0.463,463.0,0.001,0.0375,,1.84692691247e-184,13.1000714495,6.55003572475
0.464,464.0,0.001,0.0375,,2.1668451813e-184,13.0934680885,6.54673404425
0.465,465.0,0.001,0.0375,,2.54219090188e-184,13.086692757,6.5433463785
0.466,466.0,0.001,0.0375,,2.98256941918e-184,13.0797463615,6.53987318075
0.467,467.0,0.001,0.0375,,3.49925105657e-184,13.0726298104,6.5363149052
0.468,468.0,0.001,0.0375,,4.10545979604e-184,13.0653440133,6.53267200665
0.46900000000000003,469.0,0.001,0.0375,,4.81671202445e-184,13.0578898812,6.5289449406
0.47000000000000003,470.0,0.001,0.0375,,5.65121403121e-184,13.0502683267,6.52513416335
0.47100000000000003,471.0,0.001,0.0375,,6.63032845002e-184,13.0424802635,6.52124013175
0.47200000000000003,472.0,0.001,0.0375,,7.77912160624e-184,13.0345266066,6.5172633033
0.47300000000000003,473.0,0.001,0.0375,,9.1270058069e-184,13.0264082723,6.51320413615
0.47400000000000003,474.0,0.001,0.0375,,1.07084930472e-183,13.0181261779,6.50906308895
0.47500000000000003,475.0,0.001,0.0375,,1.25640794658e-183,13.0096812419,6.50484062095
0.47600000000000003,476.0,0.001,0.0375,,1.47412832375e-183,13.0010743837,6.50053719185
0.47700000000000004,477.0,0.001,0.0375,,1.72958625297e-183,12.9923065239,6.49615326195
0.47800000000000004,478.0,0.001,0.0375,,2.02932447703e-183,12.9833785838,6.4916892919
0.47900000000000004,479.0,0.001,0.0375,,2.38102039015e-183,12.9742914857,6.48714574285
0.48,480.0,0.001,0.0375,,2.79368286564e-183,12.9650461527,6.48252307635
0.481,481.0,0.001,0.0375,,3.27788323729e-183,12.9556435087,6.47782175435
0.482,482.0,0.001,0.0375,,3.84602636225e-183,12.9460844784,6.4730422392
0.483,483.0,0.001,0.0375,,4.51266872307e-183,12.9363699871,6.46818499355
0.484,484.0,0.001,0.0375,,5.29489173417e-183,12.9265009606,6.4632504803
0.485,485.0,0.001,0.0375,,6.21273983594e-183,12.9164783255,6.45823916275
0.486,486.0,0.001,0.0375,,7.28973462408e-183,12.9063030088,6.4531515044
0.487,487.0,0.001,0.0375,,8.55347821461e-183,12.8959759381,6.44798796905
0.488,488.0,0.001,0.0375,,1.00363613378e-182,12.8854980412,6.4427490206
0.489,489.0,0.001,0.0375,,1.17763943447e-182,12.8748702465,6.43743512325
0.49,490.0,0.001,0.0375,,1.38181824688e-182,12.8640934827,6.43204674135
0.491,491.0,0.001,0.0375,,1.62140703919e-182,12.8531686787,6.42658433935
0.492,492.0,0.001,0.0375,,1.90254855134e-182,12.8420967637,6.42104838185
0.493,493.0,0.001,0.0375,,2.23245144314e-182,12.8308786672,6.4154393336
0.494,494.0,0.001,0.0375,,2.61957531374e-182,12.8195153186,6.4097576593
0.495,495.0,0.001,0.0375,,3.07384784613e-182,12.8080076475,6.40400382375
0.496,496.0,0.001,0.0375,,3.60691965641e-182,12.7963565838,6.3981782919
0.497,497.0,0.001,0.0375,,4.23246339709e-182,12.7845630571,6.39228152855
0.498,498.0,0.001,0.0375,,4.96652480117e-182,12.7726279971,6.38631399855
0.499,499.0,0.001,0.0375,,5.82793469009e-182,12.7605523335,6.38027616675
0.5,500.0,0.001,0.0375,,6.83879253588e-182,12.7483369956,6.3741684978
0.501,501.0,0.001,0.0375,,8.02503400868e-182,12.7359829128,6.3679914564
0.502,502.0,0.001,0.0375,,9.41709710105e-182,12.7234910142,6.3617455071
0.503,503.0,0.001,0.0375,,1.10507039562e-181,12.7108622288,6.3554311144
0.504,504.0,0.001,0.0375,,1.29677785043e-181,12.698097485,6.3490487425
0.505,505.0,0.001,0.0375,,1.52175235057e-181,12.6851977111,6.34259885555
0.506,506.0,0.001,0.0375,,1.78576846999e-181,12.6721638351,6.33608191755
0.507,507.0,0.001,0.0375,,2.09560345789e-181,12.6589967842,6.3294983921
0.508,508.0,0.001,0.0375,,2.45921139484e-181,12.6456974856,6.3228487428
0.509,509.0,0.001,0.0375,,2.8859276085e-181,12.6322668657,6.31613343285
0.51,510.0,0.001,0.0375,,3.3867086079e-181,12.6187058504,6.3093529252
0.511,511.0,0.001,0.0375,,3.97441371005e-181,12.6050153652,6.3025076826
0.512,512.0,0.001,0.0375,,4.66413560619e-181,12.5911963348,6.2955981674
0.513,513.0,0.001,0.0375,,5.47358837472e-181,12.5772496832,6.2886248416
0.514,514.0,0.001,0.0375,,6.42356292773e-181,12.5631763339,6.28158816695
0.515,515.0,0.001,0.0375,,7.53846161444e-181,12.5489772096,6.2744886048
0.516,516.0,0.001,0.0375,,8.84692574375e-181,12.5346532321,6.26732661605
0.517,517.0,0.001,0.0375,,1.03825721817e-180,12.5202053225,6.26010266125
0.518,518.0,0.001,0.0375,,1.21848579895e-180,12.5056344011,6.25281720055
0.519,519.0,0.001,0.0375,,1.4300095367e-180,12.4909413871,6.24547069355
0.52,520.0,0.001,0.0375,,1.67826430388e-180,12.476127199,6.2380635995
0.521,521.0,0.001,0.0375,,1.96963047675e-180,12.4611927543,6.23059637715
0.522,522.0,0.001,0.0375,,2.31159710167e-180,12.4461389694,6.2230694847
0.523,523.0,0.001,0.0375,,2.71295460525e-180,12.4309667598,6.2154833799
0.524,524.0,0.001,0.0375,,3.18402101317e-180,12.4156770398,6.2078385199
0.525,525.0,0.001,0.0375,,3.73690750615e-180,12.4002707227,6.20013536135
0.526,526.0,0.001,0.0375,,4.38583015584e-180,12.3847487207,6.19237436035
0.527,527.0,0.001,0.0375,,5.1474758741e-180,12.3691119447,6.18455597235
0.528,528.0,0.001,0.0375,,6.04143200724e-180,12.3533613044,6.1766806522
0.529,529.0,0.001,0.0375,,7.09069064791e-180,12.3374977084,6.1687488542
0.53,530.0,0.001,0.0375,,8.32224066493e-180,12.3215220639,6.16076103195
0.531,531.0,0.001,0.0375,,9.76776271347e-180,12.3054352769,6.15271763845
0.532,532.0,0.001,0.0375,,1.14644451451e-179,12.2892382519,6.14461912595
0.533,533.0,0.001,0.0375,,1.34559418565e-179,12.2729318923,6.13646594615
0.534,534.0,0.001,0.0375,,1.57934967766e-179,12.2565170999,6.12825854995
0.535,535.0,0.001,0.0375,,1.85372639956e-179,12.239994775,6.1199973875
0.536,536.0,0.001,0.0375,,2.17578575833e-179,12.2233658167,6.11168290835
0.537,537.0,0.001,0.0375,,2.55381710775e-179,12.2066311223,6.10331556115
0.538,538.0,0.001,0.0375,,2.99755135812e-179,12.1897915878,6.0948957939
0.539,539.0,0.001,0.0375,,3.51841175816e-179,12.1728481075,6.08642405375
0.54,540.0,0.001,0.0375,,4.12980832023e-179,12.1558015744,6.0779007872
0.541,541.0,0.001,0.0375,,4.84748348671e-179,12.1386528794,6.0693264397
0.542,542.0,0.001,0.0375,,5.6899179588e-179,12.1214029122,6.0607014561
0.543,543.0,0.001,0.0375,,6.67880716275e-179,12.1040525606,6.0520262803
0.544,544.0,0.001,0.0375,,7.8396206529e-179,12.0866027107,6.04330135535
0.545,545.0,0.001,0.0375,,9.20225889351e-179,12.069054247,6.0345271235
0.546,546.0,0.001,0.0375,,1.08018243768e-178,12.0514080522,6.0257040261
0.547,547.0,0.001,0.0375,,1.26795269894e-178,12.033665007,6.0168325035
0.548,548.0,0.001,0.0375,,1.48837470065e-178,12.0158259907,6.00791299535
0.549,549.0,0.001,0.0375,,1.74712831703e-178,11.9978918803,5.99894594015
0.55,550.0,0.001,0.0375,,2.05088180874e-178,11.9798635514,5.9899317757
0.551,551.0,0.001,0.0375,,2.40746388027e-178,11.9617418772,5.9808709386
0.552,552.0,0.001,0.0375,,2.82606569988e-178,11.9435277295,5.97176386475
0.553,553.0,0.001,0.0375,,3.31747810208e-178,11.9252219778,5.9626109889
0.554,554.0,0.001,0.0375,,3.89437010187e-178,11.9068254897,5.95341274485
0.555,555.0,0.001,0.0375,,4.57161591863e-178,11.8883391308,5.9441695654
0.556,556.0,0.001,0.0375,,5.36667896172e-178,11.8697637649,5.93488188245
0.557,557.0,0.001,0.0375,,6.30006270343e-178,11.8511002534,5.9255501267
0.558,558.0,0.001,0.0375,,7.3958400949e-178,11.8323494559,5.91617472795
0.559,559.0,0.001,0.0375,,8.68227521242e-178,11.8135122299,5.90675611495
0.56,560.0,0.001,0.0375,,1.01925532081e-177,11.7945894305,5.89729471525
0.561,561.0,0.001,0.0375,,1.19656374408e-177,11.7755819109,5.88779095545
0.562,562.0,0.001,0.0375,,1.40472759547e-177,11.7564905222,5.8782452611
0.5630000000000001,563.0,0.001,0.0375,,1.64911833382e-177,11.7373161132,5.8686580566
0.5640000000000001,564.0,0.001,0.0375,,1.93604285346e-177,11.7180595305,5.85902976525
0.5650000000000001,565.0,0.001,0.0375,,2.2729064508e-177,11.6987216184,5.8493608092
0.5660000000000001,566.0,0.001,0.0375,,2.66840419295e-177,11.6793032191,5.83965160955
0.5670000000000001,567.0,0.001,0.0375,,3.13274564011e-177,11.6598051725,5.82990258625
0.5680000000000001,568.0,0.001,0.0375,,3.67791873727e-177,11.640228316,5.820114158
0.5690000000000001,569.0,0.001,0.0375,,4.31799970519e-177,11.6205734851,5.81028674255
0.5700000000000001,570.0,0.001,0.0375,,5.06951695179e-177,11.6008415125,5.80042075625
0.5710000000000001,571.0,0.001,0.0375,,5.9518784246e-177,11.5810332288,5.7905166144
0.5720000000000001,572.0,0.001,0.0375,,6.98787346828e-177,11.5611494623,5.78057473115
0.5730000000000001,573.0,0.001,0.0375,,8.20426218143e-177,11.5411910386,5.7705955193
0.5740000000000001,574.0,0.001,0.0375,,9.63246753451e-177,11.5211587813,5.76057939065
0.5750000000000001,575.0,0.001,0.0375,,1.1309388173e-176,11.5010535112,5.7505267556
0.5760000000000001,576.0,0.001,0.0375,,1.32783529583e-176,11.4808760468,5.7404380234
0.577,577.0,0.001,0.0375,,1.55902419727e-176,11.4606272042,5.7303136021
0.578,578.0,0.001,0.0375,,1.83048030288e-176,11.4403077968,5.7201538984
0.579,579.0,0.001,0.0375,,2.14921977939e-176,11.4199186358,5.7099593179
0.58,580.0,0.001,0.0375,,2.52348175927e-176,11.3994605295,5.69973026475
0.581,581.0,0.001,0.0375,,2.96294159435e-176,11.3789342841,5.68946714205
0.582,582.0,0.001,0.0375,,3.47896130992e-176,11.3583407028,5.6791703514
0.583,583.0,0.001,0.0375,,4.08488375119e-176,11.3376805865,5.66884029325
0.584,584.0,0.001,0.0375,,4.79637804722e-176,11.3169547335,5.65847736675
0.585,585.0,0.001,0.0375,,5.63184534911e-176,11.2961639393,5.64808196965
0.586,586.0,0.001,0.0375,,6.61289536248e-176,11.275308997,5.6376544985
0.587,587.0,0.001,0.0375,,7.7649060319e-176,11.2543906969,5.62719534845
0.588,588.0,0.001,0.0375,,9.11768089214e-176,11.2334098267,5.61670491335
0.589,589.0,0.001,0.0375,,1.07062211365e-175,11.2123671715,5.60618358575
0.59,590.0,0.001,0.0375,,1.25716324299e-175,11.1912635136,5.5956317568
0.591,591.0,0.001,0.0375,,1.47621899917e-175,11.1700996326,5.5850498163
0.592,592.0,0.001,0.0375,,1.73345895838e-175,11.1488763056,5.5744381528
0.593,593.0,0.001,0.0375,,2.0355416865e-175,11.1275943066,5.5637971533
0.594,594.0,0.001,0.0375,,2.39028732443e-175,11.1062544072,5.5531272036
0.595,595.0,0.001,0.0375,,2.80688030255e-175,11.084857376,5.542428688
0.596,596.0,0.001,0.0375,,3.29610744651e-175,11.063403979,5.5317019895
0.597,597.0,0.001,0.0375,,3.87063765534e-175,11.0418949794,5.5209474897
0.598,598.0,0.001,0.0375,,4.54535041338e-175,11.0203311374,5.5101655687
0.599,599.0,0.001,0.0375,,5.33772166614e-175,10.9987132106,5.4993566053
0.6,600.0,0.001,0.0375,,6.26827708076e-175,10.9770419538,5.4885209769
0.601,601.0,0.001,0.0375,,7.36112446313e-175,10.9553181188,5.4776590594
0.602,602.0,0.001,0.0375,,8.6445791609e-175,10.9335424547,5.46677122735
0.603,603.0,0.001,0.0375,,1.01518986988e-174,10.9117157076,5.4558578538
0.604,604.0,0.001,0.0375,,1.19221457327e-174,10.8898386209,5.44491931045
0.605,605.0,0.001,0.0375,,1.40012017434e-174,10.8679119349,5.43395596745
0.606,606.0,0.001,0.0375,,1.64429578151e-174,10.8459363873,5.42296819365
0.607,607.0,0.001,0.0375,,1.93107134414e-174,10.8239127127,5.41195635635
0.608,608.0,0.001,0.0375,,2.26788197209e-174,10.8018416428,5.4009208214
0.609,609.0,0.001,0.0375,,2.66346096538e-174,10.7797239064,5.3898619532
0.61,610.0,0.001,0.0375,,3.12806657242e-174,10.7575602293,5.37878011465
0.611,611.0,0.001,0.0375,,3.67374837264e-174,10.7353513346,5.3676756673
0.612,612.0,0.001,0.0375,,4.31466021039e-174,10.7130979422,5.3565489711
0.613,613.0,0.001,0.0375,,5.06742781838e-174,10.6908007691,5.34540038455
0.614,614.0,0.001,0.0375,,5.95158069235e-174,10.6684605294,5.3342302647
0.615,615.0,0.001,0.0375,,6.99005945092e-174,10.6460779341,5.32303896705
0.616,616.0,0.001,0.0375,,8.20981187971e-174,10.6236536913,5.31182684565
0.617,617.0,0.001,0.0375,,9.64249316761e-174,10.6011885062,5.3005942531
0.618,618.0,0.001,0.0375,,1.1325288556e-173,10.5786830807,5.28934154035
0.619,619.0,0.001,0.0375,,1.33018798093e-173,10.556138114,5.278069057
0.62,620.0,0.001,0.0375,,1.56235806615e-173,10.5335543021,5.26677715105
0.621,621.0,0.001,0.0375,,1.83506707934e-173,10.510932338,5.255466169
0.622,622.0,0.001,0.0375,,2.15539630673e-173,10.4882729118,5.2441364559
0.623,623.0,0.001,0.0375,,2.53166448241e-173,10.4655767103,5.23278835515
0.624,624.0,0.001,0.0375,,2.97364411864e-173,10.4428444175,5.22142220875
0.625,625.0,0.001,0.0375,,3.49281567024e-173,10.4200767143,5.21003835715
0.626,626.0,0.001,0.0375,,4.10266615286e-173,10.3972742783,5.19863713915
0.627,627.0,0.001,0.0375,,4.81903999291e-173,10.3744377844,5.1872188922
0.628,628.0,0.001,0.0375,,5.66055124929e-173,10.3515679041,5.17578395205
0.629,629.0,0.001,0.0375,,6.64906794622e-173,10.328665306,5.164332653
0.63,630.0,0.001,0.0375,,7.81028113713e-173,10.3057306556,5.1528653278
0.631,631.0,0.001,0.0375,,9.17437352885e-173,10.2827646154,5.1413823077
0.632,632.0,0.001,0.0375,,1.07768050916e-172,10.2597678444,5.1298839222
0.633,633.0,0.001,0.0375,,1.26592361318e-172,10.2367409991,5.11837049955
0.634,634.0,0.001,0.0375,,1.48706118895e-172,10.2136847324,5.1068423662
0.635,635.0,0.001,0.0375,,1.7468436938e-172,10.1905996944,5.0952998472
0.636,636.0,0.001,0.0375,,2.05202726121e-172,10.1674865318,5.0837432659
0.637,637.0,0.001,0.0375,,2.41054965144e-172,10.1443458884,5.0721729442
0.638,638.0,0.001,0.0375,,2.83173699857e-172,10.1211784049,5.06058920245
0.639,639.0,0.001,0.0375,,3.32654674649e-172,10.0979847188,5.0489923594
0.64,640.0,0.001,0.0375,,3.90785311081e-172,10.0747654643,5.03738273215
0.641,641.0,0.001,0.0375,,4.59078251414e-172,10.0515212728,5.0257606364
0.642,642.0,0.001,0.0375,,5.39310774637e-172,10.0282527722,5.0141263861
0.643,643.0,0.001,0.0375,,6.33571113555e-172,10.0049605877,5.00248029385
0.644,644.0,0.001,0.0375,,7.44312881664e-172,9.98164534089,4.990822670445
0.645,645.0,0.001,0.0375,,8.74419030361e-172,9.95830765055,4.979153825275
0.646,646.0,0.001,0.0375,,1.02727700598e-171,9.93494813216,4.96747406608
0.647,647.0,0.001,0.0375,,1.20686706871e-171,9.91156739809,4.955783699045
0.648,648.0,0.001,0.0375,,1.41786607923e-171,9.88816605754,4.94408302877
0.649,649.0,0.001,0.0375,,1.6657694633e-171,9.86474471658,4.93237235829
0.65,650.0,0.001,0.0375,,1.95703453917e-171,9.84130397809,4.920651989045
0.651,651.0,0.001,0.0375,,2.29924895142e-171,9.81784444183,4.908922220915
0.652,652.0,0.001,0.0375,,2.70132861062e-171,9.79436670437,4.897183352185
0.653,653.0,0.001,0.0375,,3.17375030999e-171,9.77087135914,4.88543567957
0.654,654.0,0.001,0.0375,,3.72882509625e-171,9.74735899639,4.873679498195
0.655,655.0,0.001,0.0375,,4.38101953796e-171,9.72383020323,4.861915101615
0.656,656.0,0.001,0.0375,,5.14733328681e-171,9.70028556357,4.850142781785
0.657,657.0,0.001,0.0375,,6.04774279949e-171,9.67672565819,4.838362829095
0.658,658.0,0.001,0.0375,,7.10572281858e-171,9.65315106468,4.82657553234
0.659,659.0,0.001,0.0375,,8.34885924436e-171,9.6295623575,4.81478117875
0.66,660.0,0.001,0.0375,,9.8095694209e-171,9.6059601079,4.80298005395
0.661,661.0,0.001,0.0375,,1.15259486697e-170,9.58234488399,4.791172441995
0.662,662.0,0.001,0.0375,,1.35427652082e-170,9.55871725072,4.77935862536
0.663,663.0,0.001,0.0375,,1.59126294729e-170,9.53507776985,4.767538884925
0.664,664.0,0.001,0.0375,,1.86973684324e-170,9.51142700001,4.755713500005
0.665,665.0,0.001,0.0375,,2.19696408408e-170,9.48776549663,4.743882748315
0.666,666.0,0.001,0.0375,,2.58148356902e-170,9.464093812,4.732046906
0.667,667.0,0.001,0.0375,,3.03333035337e-170,9.44041249525,4.720206247625
0.668,668.0,0.001,0.0375,,3.56429790695e-170,9.41672209232,4.70836104616
0.669,669.0,0.001,0.0375,,4.18824636202e-170,9.39302314603,4.696511573015
0.67,670.0,0.001,0.0375,,4.92146481869e-170,9.36931619602,4.68465809801
0.671,671.0,0.001,0.0375,,5.78309719189e-170,9.34560177876,4.67280088938
0.672,672.0,0.001,0.0375,,6.7956427482e-170,9.3218804276,4.6609402138
0.673,673.0,0.001,0.0375,,7.98554443806e-170,9.2981526727,4.64907633635
0.674,674.0,0.001,0.0375,,9.383880429e-170,9.27441904109,4.637209520545
0.675,675.0,0.001,0.0375,,1.102717695e-169,9.25068005665,4.625340028325
0.676,676.0,0.001,0.0375,,1.29583637365e-169,9.2269362401,4.61346812005
0.677,677.0,0.001,0.0375,,1.52278971035e-169,9.20318810903,4.601594054515
0.678,678.0,0.001,0.0375,,1.78950800675e-169,9.17943617788,4.58971808894
0.679,679.0,0.001,0.0375,,2.10296141049e-169,9.15568095794,4.57784047897
0.68,680.0,0.001,0.0375,,2.47134232088e-169,9.13192295738,4.56596147869
0.681,681.0,0.001,0.0375,,2.90427980429e-169,9.10816268123,4.554081340615
0.682,682.0,0.001,0.0375,,3.41309163911e-169,9.08440063139,4.542200315695
0.683,683.0,0.001,0.0375,,4.01108059664e-169,9.06063730663,4.530318653315
0.684,684.0,0.001,0.0375,,4.71388272502e-169,9.03687320259,4.518436601295
0.685,685.0,0.001,0.0375,,5.53987676722e-169,9.0131088118,4.5065544059
0.686,686.0,0.001,0.0375,,6.5106654484e-169,8.98934462365,4.494672311825
0.687,687.0,0.001,0.0375,,7.65164125367e-169,8.96558112445,4.482790562225
0.6880000000000001,688.0,0.001,0.0375,,8.99265153453e-169,8.94181879738,4.47090939869
0.6890000000000001,689.0,0.001,0.0375,,1.05687803894e-168,8.9180581225,4.45902906125
0.6900000000000001,690.0,0.001,0.0375,,1.24212678286e-168,8.8942995768,4.4471497884
0.6910000000000001,691.0,0.001,0.0375,,1.45985903387e-168,8.87054363413,4.435271817065
0.6920000000000001,692.0,0.001,0.0375,,1.7157731197e-168,8.84679076529,4.423395382645
0.6930000000000001,693.0,0.001,0.0375,,2.01656738726e-168,8.82304143797,4.411520718985
0.6940000000000001,694.0,0.001,0.0375,,2.3701157704e-168,8.79929611676,4.39964805838
0.6950000000000001,695.0,0.001,0.0375,,2.78567419372e-168,8.77555526318,4.38777763159
0.6960000000000001,696.0,0.001,0.0375,,3.27412323016e-168,8.75181933569,4.375909667845
0.6970000000000001,697.0,0.001,0.0375,,3.84825338308e-168,8.72808878967,4.364044394835
0.6980000000000001,698.0,0.001,0.0375,,4.52310048281e-168,8.70436407741,4.352182038705
0.6990000000000001,699.0,0.001,0.0375,,5.3163400048e-168,8.68064564816,4.34032282408
0.7000000000000001,700.0,0.001,0.0375,,6.24875066467e-168,8.65693394813,4.328466974065
0.7010000000000001,701.0,0.001,0.0375,,7.34475946601e-168,8.63322942044,4.31661471022
0.7020000000000001,702.0,0.001,0.0375,,8.63308251798e-168,8.6095325052,4.3047662526
0.7030000000000001,703.0,0.001,0.0375,,1.01474784567e-167,8.58584363944,4.29292181972
0.704,704.0,0.001,0.0375,,1.19276342653e-167,8.56216325721,4.281081628605
0.705,705.0,0.001,0.0375,,1.40202067681e-167,8.53849178947,4.269245894735
0.706,706.0,0.001,0.0375,,1.64800471674e-167,8.51482966421,4.257414832105
0.707,707.0,0.001,0.0375,,1.93716408073e-167,8.49117730636,4.24558865318
0.708,708.0,0.001,0.0375,,2.27708000054e-167,8.46753513786,4.23376756893
0.709,709.0,0.001,0.0375,,2.67666544548e-167,8.44390357765,4.221951788825
0.71,710.0,0.001,0.0375,,3.14639915222e-167,8.42028304166,4.21014152083
0.711,711.0,0.001,0.0375,,3.69860079778e-167,8.39667394282,4.19833697141
0.712,712.0,0.001,0.0375,,4.34775455139e-167,8.37307669108,4.18653834554
0.713,713.0,0.001,0.0375,,5.11088951447e-167,8.34949169341,4.174745846705
0.714,714.0,0.001,0.0375,,6.00802705465e-167,8.32591935382,4.16295967691
0.715,715.0,0.001,0.0375,,7.06270680102e-167,8.30236007332,4.15118003666
0.716,716.0,0.001,0.0375,,8.30260513784e-167,8.27881424998,4.13940712499
0.717,717.0,0.001,0.0375,,9.76026246969e-167,8.25528227892,4.12764113946
0.718,718.0,0.001,0.0375,,1.14739383943e-166,8.2317645523,4.11588227615
0.719,719.0,0.001,0.0375,,1.3488617288e-166,8.20826145934,4.10413072967
0.72,720.0,0.001,0.0375,,1.58571907693e-166,8.18477338634,4.09238669317
0.721,721.0,0.001,0.0375,,1.86418481649e-166,8.16130071665,4.080650358325
0.722,722.0,0.001,0.0375,,2.19157115818e-166,8.13784383072,4.06892191536
0.723,723.0,0.001,0.0375,,2.57647586314e-166,8.11440310608,4.05720155304
0.724,724.0,0.001,0.0375,,3.0290083432e-166,8.09097891736,4.04548945868
0.725,725.0,0.001,0.0375,,3.56105554285e-166,8.06757163629,4.033785818145
0.726,726.0,0.001,0.0375,,4.18659460506e-166,8.04418163171,4.022090815855
0.727,727.0,0.001,0.0375,,4.92206055612e-166,8.02080926956,4.01040463478
0.728,728.0,0.001,0.0375,,5.7867786949e-166,7.99745491294,3.99872745647
0.729,729.0,0.001,0.0375,,6.80347307738e-166,7.97411892206,3.98705946103
0.73,730.0,0.001,0.0375,,7.99886449359e-166,7.9552791736,3.9776395868
0.731,731.0,0.001,0.0375,,9.40437369339e-166,7.94602933099,3.973014665495
0.732,732.0,0.001,0.0375,,1.10569483931e-165,7.93672264811,3.968361324055
0.733,733.0,0.001,0.0375,,1.30000358588e-165,7.92735952718,3.96367976359
0.734,734.0,0.001,0.0375,,1.52847267024e-165,7.91794037007,3.958970185035
0.735,735.0,0.001,0.0375,,1.79711000414e-165,7.90846557832,3.95423278916
0.736,736.0,0.001,0.0375,,2.11298054865e-165,7.8989355531,3.94946777655
0.737,737.0,0.001,0.0375,,2.48439236677e-165,7.8893506952,3.9446753476
0.738,738.0,0.001,0.0375,,2.92111543612e-165,7.87971140503,3.939855702515
0.739,739.0,0.001,0.0375,,3.43463899219e-165,7.87001808261,3.935009041305
0.74,740.0,0.001,0.0375,,4.03847418947e-165,7.86027112752,3.93013556376
0.741,741.0,0.001,0.0375,,4.74851006415e-165,7.85047093894,3.92523546947
0.742,742.0,0.001,0.0375,,5.58343218867e-165,7.8406179156,3.9203089578
0.743,743.0,0.001,0.0375,,6.56521506376e-165,7.83071245577,3.915356227885
0.744,744.0,0.001,0.0375,,7.71970123994e-165,7.82075495726,3.91037747863
0.745,745.0,0.001,0.0375,,9.07728245114e-165,7.8107458174,3.9053729087
0.746,746.0,0.001,0.0375,,1.06737007362e-164,7.80068543304,3.90034271652
0.747,747.0,0.001,0.0375,,1.25509906933e-164,7.79057420051,3.895287100255
0.748,748.0,0.001,0.0375,,1.47585877406e-164,7.78041251563,3.890206257815
0.749,749.0,0.001,0.0375,,1.73546316397e-164,7.7702007737,3.88510038685
0.75,750.0,0.001,0.0375,,2.0407499699e-164,7.75993936947,3.879969684735
0.751,751.0,0.001,0.0375,,2.39976101416e-164,7.74962869714,3.87481434857
0.752,752.0,0.001,0.0375,,2.82195432598e-164,7.73926915036,3.86963457518
0.753,753.0,0.001,0.0375,,3.31845363788e-164,7.72886112217,3.864430561085
0.754,754.0,0.001,0.0375,,3.90234185286e-164,7.71840500507,3.859202502535
0.755,755.0,0.001,0.0375,,4.58900623471e-164,7.70790119092,3.85395059546
0.756,756.0,0.001,0.0375,,5.39654444098e-164,7.697350071,3.8486750355
0.757,757.0,0.001,0.0375,,6.34624212646e-164,7.68675203595,3.843376017975
0.758,758.0,0.001,0.0375,,7.46313473767e-164,7.67610747577,3.838053737885
0.759,759.0,0.001,0.0375,,8.77666834461e-164,7.66541677985,3.832708389925
0.76,760.0,0.001,0.0375,,1.03214769753e-163,7.65468033689,3.827340168445
0.761,761.0,0.001,0.0375,,1.21382970001e-163,7.64389853494,3.82194926747
0.762,762.0,0.001,0.0375,,1.42750427368e-163,7.63307176138,3.81653588069
0.763,763.0,0.001,0.0375,,1.67880717136e-163,7.6222004029,3.81110020145
0.764,764.0,0.001,0.0375,,1.97436730437e-163,7.61128484548,3.80564242274
0.765,765.0,0.001,0.0375,,2.32198182681e-163,7.6003254744,3.8001627372
0.766,766.0,0.001,0.0375,,2.7308220969e-163,7.58932267423,3.794661337115
0.767,767.0,0.001,0.0375,,3.21167596272e-163,7.57827682881,3.789138414405
0.768,768.0,0.001,0.0375,,3.77723278095e-163,7.56718832122,3.78359416061
0.769,769.0,0.001,0.0375,,4.44241870843e-163,7.55605753382,3.77802876691
0.77,770.0,0.001,0.0375,,5.22479113712e-163,7.55532272562,3.77766136281
0.771,771.0,0.001,0.0375,,6.14500270855e-163,7.554544229,3.7772721145
0.772,772.0,0.001,0.0375,,7.22734718654e-163,7.55369586736,3.77684793368
0.773,773.0,0.001,0.0375,,8.50040163393e-163,7.55277783788,3.77638891894
0.774,774.0,0.001,0.0375,,9.99778188981e-163,7.55179033897,3.775895169485
0.775,775.0,0.001,0.0375,,1.17590313441e-162,7.55073357019,3.775366785095
0.776,776.0,0.001,0.0375,,1.38306665373e-162,7.54960773229,3.774803866145
0.777,777.0,0.001,0.0375,,1.62674072666e-162,7.54841302718,3.77420651359
0.778,778.0,0.001,0.0375,,1.91336237684e-162,7.54714965792,3.77357482896
0.779,779.0,0.001,0.0375,,2.25050392991e-162,7.5458178287,3.77290891435
0.78,780.0,0.001,0.0375,,2.64707332e-162,7.54441774481,3.772208872405
0.781,781.0,0.001,0.0375,,3.11354975005e-162,7.54294961269,3.771474806345
0.782,782.0,0.001,0.0375,,3.66226094767e-162,7.54141363983,3.770706819915
0.783,783.0,0.001,0.0375,,4.30770936139e-162,7.53981003483,3.769905017415
0.784,784.0,0.001,0.0375,,5.06695593878e-162,7.53813900735,3.769069503675
0.785,785.0,0.001,0.0375,,5.96007165495e-162,7.53640076809,3.768200384045
0.786,786.0,0.001,0.0375,,6.97909246554e-162,7.53459552882,3.76729776441
0.787,787.0,0.001,0.0375,,8.14807879418e-162,7.53272350232,3.76636175116
0.788,788.0,0.001,0.0375,,9.51300782995e-162,7.53078490238,3.76539245119
0.789,789.0,0.001,0.0375,,1.11067462035e-161,7.52877994381,3.764389971905
0.79,790.0,0.001,0.0375,,1.29676773141e-161,7.52670884241,3.763354421205
0.791,791.0,0.001,0.0375,,1.51406279783e-161,7.52457181494,3.76228590747
0.792,792.0,0.001,0.0375,,1.7677950833e-161,7.52236907914,3.76118453957
0.793,793.0,0.001,0.0375,,2.06407886918e-161,7.5201008537,3.76005042685
0.794,794.0,0.001,0.0375,,2.41005514618e-161,7.51776735824,3.75888367912
0.795,795.0,0.001,0.0375,,2.81406413789e-161,7.51536881332,3.75768440666
0.796,796.0,0.001,0.0375,,3.2858468342e-161,7.51290544041,3.756452720205
0.797,797.0,0.001,0.0375,,3.83678041577e-161,7.51037746186,3.75518873093
0.798,798.0,0.001,0.0375,,4.48015327283e-161,7.50778510095,3.753892550475
0.799,799.0,0.001,0.0375,,5.23148628176e-161,7.50512858181,3.752564290905
0.8,800.0,0.001,0.0375,,6.10890812521e-161,7.50240812943,3.751204064715
0.801,801.0,0.001,0.0375,,7.13359375278e-161,7.49962396966,3.74981198483
0.802,802.0,0.001,0.0375,,8.33027661158e-161,7.49677632919,3.748388164595
0.803,803.0,0.001,0.0375,,9.72784706648e-161,7.49386543554,3.74693271777
0.804,804.0,0.001,0.0375,,1.13600515224e-160,7.49089151704,3.74544575852
0.805,805.0,0.001,0.0375,,1.3266309206e-160,7.48785480281,3.743927401405
0.806,806.0,0.001,0.0375,,1.54926664211e-160,7.48475552278,3.74237776139
0.807,807.0,0.001,0.0375,,1.80929114329e-160,7.48159390764,3.74079695382
0.808,808.0,0.001,0.0375,,2.11298770349e-160,7.47837018887,3.739185094435
0.809,809.0,0.001,0.0375,,2.46769624178e-160,7.47508459868,3.73754229934
0.81,810.0,0.001,0.0375,,2.88199112829e-160,7.47173737002,3.73586868501
0.811,811.0,0.001,0.0375,,3.36588893774e-160,7.46832873658,3.73416436829
0.812,812.0,0.001,0.0375,,3.93109119019e-160,7.46485893278,3.73242946639
0.8130000000000001,813.0,0.001,0.0375,,4.5912679752e-160,7.46132819371,3.730664096855
0.8140000000000001,814.0,0.001,0.0375,,5.36238934961e-160,7.45773675519,3.728868377595
0.8150000000000001,815.0,0.001,0.0375,,6.26311256117e-160,7.4540848537,3.72704242685
0.8160000000000001,816.0,0.001,0.0375,,7.31523450828e-160,7.45037272638,3.72518636319
0.8170000000000001,817.0,0.001,0.0375,,8.54422043358e-160,7.44660061107,3.723300305535
0.8180000000000001,818.0,0.001,0.0375,,9.97982170406e-160,7.4427687462,3.7213843731
0.8190000000000001,819.0,0.001,0.0375,,1.16567976989e-159,7.43887737088,3.71943868544
0.8200000000000001,820.0,0.001,0.0375,,1.36157593602e-159,7.43492672482,3.71746336241
0.8210000000000001,821.0,0.001,0.0375,,1.59041549254e-159,7.43091704834,3.71545852417
0.8220000000000001,822.0,0.001,0.0375,,1.85774218197e-159,7.42684858238,3.71342429119
0.8230000000000001,823.0,0.001,0.0375,,2.17003327374e-159,7.42272156844,3.71136078422
0.8240000000000001,824.0,0.001,0.0375,,2.53485686692e-159,7.41853624862,3.70926812431
0.8250000000000001,825.0,0.001,0.0375,,2.96105571621e-159,7.41429286558,3.70714643279
0.8260000000000001,826.0,0.001,0.0375,,3.45896205631e-159,7.40999166251,3.704995831255
0.8270000000000001,827.0,0.001,0.0375,,4.0406486552e-159,7.40563288318,3.70281644159
0.8280000000000001,828.0,0.001,0.0375,,4.72022221002e-159,7.40121677186,3.70060838593
0.8290000000000001,829.0,0.001,0.0375,,5.51416623157e-159,7.39674357336,3.69837178668
0.8300000000000001,830.0,0.001,0.0375,,6.44174177038e-159,7.39221353299,3.696106766495
0.8310000000000001,831.0,0.001,0.0375,,7.52545574772e-159,7.38762689656,3.69381344828
0.8320000000000001,832.0,0.001,0.0375,,8.79160830433e-159,7.38298391036,3.69149195518
0.833,833.0,0.001,0.0375,,1.02709325072e-158,7.37828482117,3.689142410585
0.834,834.0,0.001,0.0375,,1.19993420084e-158,7.37352987621,3.686764938105
0.835,835.0,0.001,0.0375,,1.40188048851e-158,7.36871932319,3.684359661595
0.836,836.0,0.001,0.0375,,1.63783649689e-158,7.36385341022,3.68192670511
0.837,837.0,0.001,0.0375,,1.91353355739e-158,7.35893238587,3.679466192935
0.838,838.0,0.001,0.0375,,2.23566947431e-158,7.35395649912,3.67697824956
0.839,839.0,0.001,0.0375,,2.61207160528e-158,7.34892599938,3.67446299969
0.84,840.0,0.001,0.0375,,3.05188747689e-158,7.34384113642,3.67192056821
0.841,841.0,0.001,0.0375,,3.56580758761e-158,7.33870216043,3.669351080215
0.842,842.0,0.001,0.0375,,4.16632583649e-158,7.33350932197,3.666754660985
0.843,843.0,0.001,0.0375,,4.86804393557e-158,7.32826287198,3.66413143599
0.844,844.0,0.001,0.0375,,5.68802723913e-158,7.32296306172,3.66148153086
0.845,845.0,0.001,0.0375,,6.64622067957e-158,7.31761014283,3.658805071415
0.846,846.0,0.001,0.0375,,7.76593496948e-158,7.31220436728,3.65610218364
0.847,847.0,0.001,0.0375,,9.07441494756e-158,7.30674598737,3.653372993685
0.848,848.0,0.001,0.0375,,1.06035039552e-157,7.30123525569,3.650617627845
0.849,849.0,0.001,0.0375,,1.23904204796e-157,7.29567242516,3.64783621258
0.85,850.0,0.001,0.0375,,1.44786660454e-157,7.29005774899,3.645028874495
0.851,851.0,0.001,0.0375,,1.69190865492e-157,7.28439148067,3.642195740335
0.852,852.0,0.001,0.0375,,1.97711129859e-157,7.27867387397,3.639336936985
0.853,853.0,0.001,0.0375,,2.31042119072e-157,7.27290518293,3.636452591465
0.854,854.0,0.001,0.0375,,2.69995810863e-157,7.26708566182,3.63354283091
0.855,855.0,0.001,0.0375,,3.15521318675e-157,7.26121556518,3.63060778259
0.856,856.0,0.001,0.0375,,3.68728066992e-157,7.25529514777,3.627647573885
0.857,857.0,0.001,0.0375,,4.309128856e-157,7.24932466459,3.624662332295
0.858,858.0,0.001,0.0375,,5.03591685833e-157,7.24330437084,3.62165218542
0.859,859.0,0.001,0.0375,,5.88536494185e-157,7.23723452194,3.61861726097
0.86,860.0,0.001,0.0375,,6.87818749876e-157,7.23111537348,3.61555768674
0.861,861.0,0.001,0.0375,,8.03859926526e-157,7.22494718127,3.612473590635
0.862,862.0,0.001,0.0375,,9.39490717599e-157,7.21873020128,3.60936510064
0.863,863.0,0.001,0.0375,,1.09802023523e-156,7.21246468963,3.606232344815
0.864,864.0,0.001,0.0375,,1.28331691756e-156,7.20615090263,3.603075451315
0.865,865.0,0.001,0.0375,,1.49990312686e-156,7.19978909671,3.599894548355
0.866,866.0,0.001,0.0375,,1.7530657565e-156,7.19337952846,3.59668976423
0.867,867.0,0.001,0.0375,,2.04898555748e-156,7.18692245458,3.59346122729
0.868,868.0,0.001,0.0375,,2.39488835474e-156,7.18041813191,3.590209065955
0.869,869.0,0.001,0.0375,,2.79922186022e-156,7.17386681739,3.586933408695
0.87,870.0,0.001,0.0375,,3.27186241821e-156,7.16726876805,3.583634384025
0.871,871.0,0.001,0.0375,,3.8243567531e-156,7.16062424104,3.58031212052
0.872,872.0,0.001,0.0375,,4.47020464889e-156,7.15393349357,3.576966746785
0.873,873.0,0.001,0.0375,,5.22518949496e-156,7.14719678293,3.573598391465
0.874,874.0,0.001,0.0375,,6.10776480793e-156,7.14041436648,3.57020718324
0.875,875.0,0.001,0.0375,,7.13950621441e-156,7.13358650164,3.56679325082
0.876,876.0,0.001,0.0375,,8.34563998742e-156,7.12671344587,3.563356722935
0.877,877.0,0.001,0.0375,,9.75566110992e-156,7.11979545666,3.55989772833
0.878,878.0,0.001,0.0375,,1.14040560391e-155,7.11283279156,3.55641639578
0.879,879.0,0.001,0.0375,,1.3331147918e-155,7.10582570811,3.552912854055
0.88,880.0,0.001,0.0375,,1.55840849901e-155,7.09877446388,3.54938723194
0.881,881.0,0.001,0.0375,,1.82179964948e-155,7.09167931643,3.545839658215
0.882,882.0,0.001,0.0375,,2.12973444371e-155,7.08454052334,3.54227026167
0.883,883.0,0.001,0.0375,,2.4897504443e-155,7.07735834216,3.53867917108
0.884,884.0,0.001,0.0375,,2.91066145469e-155,7.07013303041,3.535066515205
0.885,885.0,0.001,0.0375,,3.40277373448e-155,7.06286484561,3.531432422805
0.886,886.0,0.001,0.0375,,3.97813886612e-155,7.05555404521,3.527777022605
0.887,887.0,0.001,0.0375,,4.65084948908e-155,7.04820088664,3.52410044332
0.888,888.0,0.001,0.0375,,5.43738517286e-155,7.04080562725,3.520402813625
0.889,889.0,0.001,0.0375,,6.35701693419e-155,7.03336852435,3.516684262175
0.89,890.0,0.001,0.0375,,7.43228034706e-155,7.02588983517,3.512944917585
0.891,891.0,0.001,0.0375,,8.68952888351e-155,7.01836981686,3.50918490843
0.892,892.0,0.001,0.0375,,1.0159581098e-154,7.01080872649,3.505404363245
0.893,893.0,0.001,0.0375,,1.187847758e-154,7.00320682103,3.501603410515
0.894,894.0,0.001,0.0375,,1.38883663019e-154,6.99556435735,3.497782178675
0.895,895.0,0.001,0.0375,,1.62385381537e-154,6.9878815922,3.4939407961
0.896,896.0,0.001,0.0375,,1.89866381553e-154,6.98015878223,3.490079391115
0.897,897.0,0.001,0.0375,,2.22000821656e-154,6.97239618395,3.486198091975
0.898,898.0,0.001,0.0375,,2.59577139733e-154,6.96459405374,3.48229702687
0.899,899.0,0.001,0.0375,,3.0351743578e-154,6.95675264784,3.47837632392
0.9,900.0,0.001,0.0375,,3.54900144025e-154,6.94887222235,3.474436111175
0.901,901.0,0.001,0.0375,,4.14986552879e-154,6.9409530332,3.4704765166
0.902,902.0,0.001,0.0375,,4.85251826086e-154,6.93785614398,3.46892807199
0.903,903.0,0.001,0.0375,,5.6742128949e-154,6.93499143234,3.46749571617
0.904,904.0,0.001,0.0375,,6.63512877675e-154,6.93207430301,3.466037151505
0.905,905.0,0.001,0.0375,,7.75886786733e-154,6.92910494107,3.464552470535
0.906,906.0,0.001,0.0375,,9.07303557168e-154,6.92608353225,3.463041766125
0.907,907.0,0.001,0.0375,,1.060992019e-153,6.92301026285,3.461505131425
0.908,908.0,0.001,0.0375,,1.24072877448e-153,6.91988531976,3.45994265988
0.909,909.0,0.001,0.0375,,1.45093117871e-153,6.91670889046,3.45835444523
0.91,910.0,0.001,0.0375,,1.69676611146e-153,6.91348116299,3.456740581495
0.911,911.0,0.001,0.0375,,1.98427722366e-153,6.91020232595,3.455101162975
0.912,912.0,0.001,0.0375,,2.32053379796e-153,6.90687256849,3.453436284245
0.913,913.0,0.001,0.0375,,2.7138048966e-153,6.90349208033,3.451746040165
0.914,914.0,0.001,0.0375,,3.1737630947e-153,6.90006105168,3.45003052584
0.915,915.0,0.001,0.0375,,3.7117228274e-153,6.8965796733,3.44828983665
0.916,916.0,0.001,0.0375,,4.34091923499e-153,6.89304813648,3.44652406824
0.917,917.0,0.001,0.0375,,5.07683439055e-153,6.88946663299,3.444733316495
0.918,918.0,0.001,0.0375,,5.93757896572e-153,6.88583535512,3.44291767756
0.919,919.0,0.001,0.0375,,6.94433876034e-153,6.88215449564,3.44107724782
0.92,920.0,0.001,0.0375,,8.12189712539e-153,6.8784242478,3.4392121239
0.921,921.0,0.001,0.0375,,9.49924618449e-153,6.87464480533,3.437322402665
0.922,922.0,0.001,0.0375,,1.11103019555e-152,6.87081636244,3.43540818122
0.923,923.0,0.001,0.0375,,1.29947410427e-152,6.86693911376,3.43346955688
0.924,924.0,0.001,0.0375,,1.51989795768e-152,6.8630132544,3.4315066272
0.925,925.0,0.001,0.0375,,1.77773185995e-152,6.8590389799,3.42951948995
0.926,926.0,0.001,0.0375,,2.07932842058e-152,6.85501648623,3.427508243115
0.927,927.0,0.001,0.0375,,2.4321195577e-152,6.85094596978,3.42547298489
0.928,928.0,0.001,0.0375,,2.84479996768e-152,6.84682762736,3.42341381368
0.929,929.0,0.001,0.0375,,3.32754179819e-152,6.84266165619,3.421330828095
0.93,930.0,0.001,0.0375,,3.89224583425e-152,6.83844825387,3.419224126935
0.931,931.0,0.001,0.0375,,4.55283541076e-152,6.83418761841,3.417093809205
0.932,932.0,0.001,0.0375,,5.32560032278e-152,6.82987994819,3.414939974095
0.933,933.0,0.001,0.0375,,6.22959924284e-152,6.82552544198,3.41276272099
0.934,934.0,0.001,0.0375,,7.28713060374e-152,6.82112429888,3.41056214944
0.935,935.0,0.001,0.0375,,8.52428360073e-152,6.81667671839,3.408338359195
0.936,936.0,0.001,0.0375,,9.97158295188e-152,6.81218290033,3.406091450165
0.937,937.0,0.001,0.0375,,1.16647433783e-151,6.80764304486,3.40382152243
0.9380000000000001,938.0,0.001,0.0375,,1.36455524842e-151,6.8030573525,3.40152867625
0.9390000000000001,939.0,0.001,0.0375,,1.59629038991e-151,6.79842602407,3.399213012035
0.9400000000000001,940.0,0.001,0.0375,,1.86740062682e-151,6.79374926072,3.39687463036
0.9410000000000001,941.0,0.001,0.0375,,2.1845798036e-151,6.78902726389,3.394513631945
0.9420000000000001,942.0,0.001,0.0375,,2.55566030693e-151,6.78426023534,3.39213011767
0.9430000000000001,943.0,0.001,0.0375,,2.98980681385e-151,6.77944837712,3.38972418856
0.9440000000000001,944.0,0.001,0.0375,,3.49774302627e-151,6.77459189157,3.387295945785
0.9450000000000001,945.0,0.001,0.0375,,4.09201701071e-151,6.76969098129,3.384845490645
0.9460000000000001,946.0,0.001,0.0375,,4.7873117195e-151,6.76474584917,3.382372924585
0.9470000000000001,947.0,0.001,0.0375,,5.60080839031e-151,6.75975669835,3.379878349175
0.9480000000000001,948.0,0.001,0.0375,,6.55261183309e-151,6.75472373223,3.377361866115
0.9490000000000001,949.0,0.001,0.0375,,7.66624814851e-151,6.74964715445,3.374823577225
0.9500000000000001,950.0,0.001,0.0375,,8.96924721987e-151,6.74581587866,3.37290793933
0.9510000000000001,951.0,0.001,0.0375,,1.04938244239e-150,6.74516910714,3.37258455357
0.9520000000000001,952.0,0.001,0.0375,,1.22776784687e-150,6.74446939088,3.37223469544
0.9530000000000001,953.0,0.001,0.0375,,1.43649251503e-150,6.74371685875,3.371858429375
0.9540000000000001,954.0,0.001,0.0375,,1.68071901923e-150,6.74291164047,3.371455820235
0.9550000000000001,955.0,0.001,0.0375,,1.96648882848e-150,6.74205386661,3.371026933305
0.9560000000000001,956.0,0.001,0.0375,,2.30087200612e-150,6.74114366853,3.370571834265
0.9570000000000001,957.0,0.001,0.0375,,2.69214241649e-150,6.74018117847,3.370090589235
0.9580000000000001,958.0,0.001,0.0375,,3.14998278934e-150,6.73916652943,3.369583264715
0.9590000000000001,959.0,0.001,0.0375,,3.68572473246e-150,6.73809985527,3.369049927635
0.96,960.0,0.001,0.0375,,4.31262965126e-150,6.7369812906,3.3684906453
0.961,961.0,0.001,0.0375,,5.04621755052e-150,6.73581097088,3.36790548544
0.962,962.0,0.001,0.0375,,5.90465188315e-150,6.73458903229,3.367294516145
0.963,963.0,0.001,0.0375,,6.9091900042e-150,6.73331561185,3.366657805925
0.964,964.0,0.001,0.0375,,8.08471041837e-150,6.73199084731,3.365995423655
0.965,965.0,0.001,0.0375,,9.46032991896e-150,6.73061487718,3.36530743859
0.966,966.0,0.001,0.0375,,1.10701259503e-149,6.72918784076,3.36459392038
0.967,967.0,0.001,0.0375,,1.2953982143e-149,6.72770987806,3.36385493903
0.968,968.0,0.001,0.0375,,1.51585780322e-149,6.72618112985,3.363090564925
0.969,969.0,0.001,0.0375,,1.77385475587e-149,6.72460173762,3.36230086881
0.97,970.0,0.001,0.0375,,2.07578351457e-149,6.72297184359,3.361485921795
0.971,971.0,0.001,0.0375,,2.42912830638e-149,6.72129159069,3.360645795345
0.972,972.0,0.001,0.0375,,2.84264895465e-149,6.71956112256,3.35978056128
0.973,973.0,0.001,0.0375,,3.32659838586e-149,6.71778058356,3.35889029178
0.974,974.0,0.001,0.0375,,3.89297724051e-149,6.71595011871,3.357975059355
0.975,975.0,0.001,0.0375,,4.55583192002e-149,6.71406987374,3.35703493687
0.976,976.0,0.001,0.0375,,5.33160348321e-149,6.71213999505,3.356069997525
0.977,977.0,0.001,0.0375,,6.23953607103e-149,6.71016062971,3.355080314855
0.978,978.0,0.001,0.0375,,7.30215502063e-149,6.70813192546,3.35406596273
0.979,979.0,0.001,0.0375,,8.54582656469e-149,6.70605403068,3.35302701534
0.98,980.0,0.001,0.0375,,1.00014130435e-148,6.70392709442,3.35196354721
0.981,981.0,0.001,0.0375,,1.17050399354e-148,6.70175126634,3.35087563317
0.982,982.0,0.001,0.0375,,1.36989937973e-148,6.69952669678,3.34976334839
0.983,983.0,0.001,0.0375,,1.60327734653e-148,6.69725353665,3.348626768325
0.984,984.0,0.001,0.0375,,1.87643206863e-148,6.69493193753,3.347465968765
0.985,985.0,0.001,0.0375,,2.19614608186e-148,6.69256205157,3.346281025785
0.986,986.0,0.001,0.0375,,2.57035894761e-148,6.69014403154,3.34507201577
0.987,987.0,0.001,0.0375,,3.00836471174e-148,6.68767803082,3.34383901541
0.988,988.0,0.001,0.0375,,3.52104307578e-148,6.68516420335,3.342582101675
0.989,989.0,0.001,0.0375,,4.12113003841e-148,6.68260270368,3.34130135184
0.99,990.0,0.001,0.0375,,4.8235347491e-148,6.67999368691,3.339996843455
0.991,991.0,0.001,0.0375,,5.64571046768e-148,6.67733730872,3.33866865436
0.992,992.0,0.001,0.0375,,6.60808887276e-148,6.67463372534,3.33731686267
0.993,993.0,0.001,0.0375,,7.73458854103e-148,6.67188309357,3.335941546785
0.994,994.0,0.001,0.0375,,9.05321026955e-148,6.66908557074,3.33454278537
0.995,995.0,0.001,0.0375,,1.05967340783e-147,6.66624131472,3.33312065736
0.996,996.0,0.001,0.0375,,1.24035352669e-147,6.66335048391,3.331675241955
0.997,997.0,0.001,0.0375,,1.45185398684e-147,6.66041323723,3.330206618615
0.998,998.0,0.001,0.0375,,1.69943433208e-147,6.65742973412,3.32871486706
0.999,999.0,0.001,0.0375,,1.98925202493e-147,6.65440013454,3.32720006727
1.0,1000.0,0.001,0.0375,,2.32851580204e-147,6.65132459893,3.325662299465
1.0010000000000001,1001.0,0.001,0.0375,,2.72566523118e-147,6.64820328824,3.32410164412
1.002,1002.0,0.001,0.0375,,3.1905809483e-147,6.64503636389,3.322518181945
1.0030000000000001,1003.0,0.001,0.0375,,3.73483081875e-147,6.64182398781,3.320911993905
1.004,1004.0,0.001,0.0375,,4.37195816333e-147,6.63856632238,3.31928316119
1.0050000000000001,1005.0,0.001,0.0375,,5.11781924019e-147,6.63526353045,3.317631765225
1.006,1006.0,0.001,0.0375,,5.99097840297e-147,6.63191577532,3.31595788766
1.0070000000000001,1007.0,0.001,0.0375,,7.01317079584e-147,6.62852322077,3.314261610385
1.008,1008.0,0.001,0.0375,,8.20984413242e-147,6.62508603099,3.312543015495
1.0090000000000001,1009.0,0.001,0.0375,,9.6107930805e-147,6.62160437065,3.310802185325
1.01,1010.0,0.001,0.0375,,1.12509020872e-146,6.6180784048,3.3090392024
1.0110000000000001,1011.0,0.001,0.0375,,1.31710151879e-146,6.61450829896,3.30725414948
1.012,1012.0,0.001,0.0375,,1.54189545139e-146,6.61089421904,3.30544710952
1.0130000000000001,1013.0,0.001,0.0375,,1.80507129295e-146,6.60723633137,3.303618165685
1.014,1014.0,0.001,0.0375,,2.11318505772e-146,6.60353480268,3.30176740134
1.0150000000000001,1015.0,0.001,0.0375,,2.47391302087e-146,6.59978980011,3.299894900055
1.016,1016.0,0.001,0.0375,,2.89624321417e-146,6.59600149117,3.298000745585
1.0170000000000001,1017.0,0.001,0.0375,,3.3906996673e-146,6.59217004376,3.29608502188
1.018,1018.0,0.001,0.0375,,3.9696049964e-146,6.58829562616,3.29414781308
1.0190000000000001,1019.0,0.001,0.0375,,4.64738789949e-146,6.58437840701,3.292189203505
1.02,1020.0,0.001,0.0375,,5.44094324144e-146,6.58041855534,3.29020927767
1.0210000000000001,1021.0,0.001,0.0375,,6.37005372557e-146,6.57641624051,3.288208120255
1.022,1022.0,0.001,0.0375,,7.45788368882e-146,6.57237163222,3.28618581611
1.0230000000000001,1023.0,0.001,0.0375,,8.73155736086e-146,6.56828490055,3.284142450275
1.024,1024.0,0.001,0.0375,,1.02228360395e-145,6.56415621588,3.28207810794
1.025,1025.0,0.001,0.0375,,1.19689111082e-145,6.55998574894,3.27999287447
1.026,1026.0,0.001,0.0375,,1.40133327202e-145,6.55577367078,3.27788683539
1.027,1027.0,0.001,0.0375,,1.64070973639e-145,6.55152015276,3.27576007638
1.028,1028.0,0.001,0.0375,,1.92099215023e-145,6.54722536655,3.273612683275
1.029,1029.0,0.001,0.0375,,2.24917331323e-145,6.54288948413,3.271444742065
1.03,1030.0,0.001,0.0375,,2.63344185598e-145,6.53851267778,3.26925633889
1.031,1031.0,0.001,0.0375,,3.08338680778e-145,6.53409512006,3.26704756003
1.032,1032.0,0.001,0.0375,,3.61023717064e-145,6.52963698381,3.264818491905
1.033,1033.0,0.001,0.0375,,4.22714249209e-145,6.52513844217,3.262569221085
1.034,1034.0,0.001,0.0375,,4.94950145514e-145,6.52059966852,3.26029983426
1.035,1035.0,0.001,0.0375,,5.79534670533e-145,6.51602083653,3.258010418265
1.036,1036.0,0.001,0.0375,,6.78579554313e-145,6.51140212012,3.25570106006
1.037,1037.0,0.001,0.0375,,7.94557775796e-145,6.50674369346,3.25337184673
1.038,1038.0,0.001,0.0375,,9.30365381186e-145,6.50204573096,3.25102286548
1.039,1039.0,0.001,0.0375,,1.08939388427e-144,6.49730840729,3.248654203645
1.04,1040.0,0.001,0.0375,,1.27561506065e-144,6.49253189732,3.24626594866
1.041,1041.0,0.001,0.0375,,1.49368025812e-144,6.48771637619,3.243858188095
1.042,1042.0,0.001,0.0375,,1.74903670916e-144,6.48286201923,3.241431009615
1.043,1043.0,0.001,0.0375,,2.04806375695e-144,6.47796900198,3.23898450099
1.044,1044.0,0.001,0.0375,,2.39823240549e-144,6.47303750022,3.23651875011
1.045,1045.0,0.001,0.0375,,2.80829218831e-144,6.46806768989,3.234033844945
1.046,1046.0,0.001,0.0375,,3.28849003477e-144,6.46305974717,3.231529873585
1.047,1047.0,0.001,0.0375,,3.85082661445e-144,6.4580138484,3.2290069242
1.048,1048.0,0.001,0.0375,,4.5093565791e-144,6.45293017012,3.22646508506
1.049,1049.0,0.001,0.0375,,5.28054022169e-144,6.44780888903,3.223904444515
1.05,1050.0,0.001,0.0375,,6.18365536004e-144,6.44265018203,3.221325091015
1.051,1051.0,0.001,0.0375,,7.24127976225e-144,6.43745422616,3.21872711308
1.052,1052.0,0.001,0.0375,,8.47985619841e-144,6.43222119864,3.21611059932
1.053,1053.0,0.001,0.0375,,9.93035427444e-144,6.42695127682,3.21347563841
1.054,1054.0,0.001,0.0375,,1.16290456293e-143,6.42164463823,3.210822319115
1.055,1055.0,0.001,0.0375,,1.36184119187e-143,6.41630146052,3.20815073026
1.056,1056.0,0.001,0.0375,,1.59482083366e-143,6.41092192148,3.20546096074
1.057,1057.0,0.001,0.0375,,1.8676709326e-143,6.40550619905,3.202753099525
1.058,1058.0,0.001,0.0375,,2.18721676975e-143,6.40005447126,3.20002723563
1.059,1059.0,0.001,0.0375,,2.56145237245e-143,6.39456691628,3.19728345814
1.06,1060.0,0.001,0.0375,,2.99974070534e-143,6.38904371242,3.19452185621
1.061,1061.0,0.001,0.0375,,3.51304816092e-143,6.38348503804,3.19174251902
1.062,1062.0,0.001,0.0375,,4.11421922772e-143,6.37789107166,3.18894553583
1.063,1063.0,0.001,0.0375,,4.81829822208e-143,6.37226199185,3.186130995925
1.064,1064.0,0.001,0.0375,,5.64290614968e-143,6.36659797731,3.183298988655
1.065,1065.0,0.001,0.0375,,6.60868214595e-143,6.36089920679,3.180449603395
1.066,1066.0,0.001,0.0375,,7.73980056435e-143,6.35516585916,3.17758292958
1.067,1067.0,0.001,0.0375,,9.06457667922e-143,6.34939811333,3.174699056665
1.068,1068.0,0.001,0.0375,,1.06161761931e-142,6.3435961483,3.17179807415
1.069,1069.0,0.001,0.0375,,1.24334463427e-142,6.33776014311,3.168880071555
1.07,1070.0,0.001,0.0375,,1.45618894489e-142,6.3318902769,3.16594513845
1.071,1071.0,0.001,0.0375,,1.70548033296e-142,6.32598672882,3.16299336441
1.072,1072.0,0.001,0.0375,,1.9974617184e-142,6.32004967809,3.160024839045
1.073,1073.0,0.001,0.0375,,2.33944564574e-142,6.31407930396,3.15703965198
1.074,1074.0,0.001,0.0375,,2.7399975949e-142,6.30807578574,3.15403789287
1.075,1075.0,0.001,0.0375,,3.20915071505e-142,6.30203930274,3.15101965137
1.076,1076.0,0.001,0.0375,,3.75865736971e-142,6.29597003433,3.147985017165
1.077,1077.0,0.001,0.0375,,4.40228380467e-142,6.28986815986,3.14493407993
1.078,1078.0,0.001,0.0375,,5.15615533331e-142,6.28373385874,3.14186692937
1.079,1079.0,0.001,0.0375,,6.03916070168e-142,6.27756731036,3.13878365518
1.08,1080.0,0.001,0.0375,,7.07342578183e-142,6.27136869413,3.135684347065
1.081,1081.0,0.001,0.0375,,8.28486848202e-142,6.26513818945,3.132569094725
1.082,1082.0,0.001,0.0375,,9.70384880228e-142,6.25887597572,3.12943798786
1.083,1083.0,0.001,0.0375,,1.13659303522e-141,6.25258223234,3.12629111617
1.084,1084.0,0.001,0.0375,,1.33127724475e-141,6.24625713868,3.12312856934
1.085,1085.0,0.001,0.0375,,1.55931751796e-141,6.2399008741,3.11995043705
1.086,1086.0,0.001,0.0375,,1.82643036974e-141,6.23351361794,3.11675680897
1.087,1087.0,0.001,0.0375,,2.13931224362e-141,6.22709554948,3.11354777474
1.088,1088.0,0.001,0.0375,,2.50580753072e-141,6.22064684801,3.110323424005
1.089,1089.0,0.001,0.0375,,2.93510540359e-141,6.21416769276,3.10708384638
1.09,1090.0,0.001,0.0375,,3.43797040755e-141,6.20765826289,3.103829131445
1.091,1091.0,0.001,0.0375,,4.02701260029e-141,6.20111873756,3.10055936878
1.092,1092.0,0.001,0.0375,,4.717004024e-141,6.19454929584,3.09727464792
1.093,1093.0,0.001,0.0375,,5.52524945802e-141,6.18795011675,3.093975058375
1.094,1094.0,0.001,0.0375,,6.47202076414e-141,6.18132137925,3.090660689625
1.095,1095.0,0.001,0.0375,,7.58106573415e-141,6.17466326224,3.08733163112
1.096,1096.0,0.001,0.0375,,8.88020422125e-141,6.16797594453,3.083987972265
1.097,1097.0,0.001,0.0375,,1.04020265303e-140,6.16125960486,3.08062980243
1.098,1098.0,0.001,0.0375,,1.21847116114e-140,6.15451442188,3.07725721094
1.099,1099.0,0.001,0.0375,,1.42729856117e-140,6.14774057418,3.07387028709
1.1,1100.0,0.001,0.0375,,1.67192448683e-140,6.14093824023,3.070469120115
1.101,1101.0,0.001,0.0375,,1.95848715566e-140,6.13410759841,3.067053799205
1.102,1102.0,0.001,0.0375,,2.29417750528e-140,6.127248827,3.0636244135
1.103,1103.0,0.001,0.0375,,2.68741977388e-140,6.12036210419,3.060181052095
1.104,1104.0,0.001,0.0375,,3.14808306288e-140,6.11344760805,3.056723804025
1.105,1105.0,0.001,0.0375,,3.68772919803e-140,6.10650551652,3.05325275826
1.106,1106.0,0.001,0.0375,,4.31990311812e-140,6.09953600745,3.049768003725
1.107,1107.0,0.001,0.0375,,5.06047308914e-140,6.09253925855,3.046269629275
1.108,1108.0,0.001,0.0375,,5.92802929451e-140,6.08551544741,3.042757723705
1.109,1109.0,0.001,0.0375,,6.94435081971e-140,6.08026467072,3.04013233536
1.11,1110.0,0.001,0.0375,,8.13495276879e-140,6.07877734555,3.039388672775
1.111,1111.0,0.001,0.0375,,9.52972726546e-140,6.07725097697,3.038625488485
1.112,1112.0,0.001,0.0375,,1.11636944515e-139,6.07568566736,3.03784283368
1.113,1113.0,0.001,0.0375,,1.30778823615e-139,6.07408151954,3.03704075977
1.114,1114.0,0.001,0.0375,,1.53203577934e-139,6.07243863683,3.036219318415
1.115,1115.0,0.001,0.0375,,1.79474340905e-139,6.07075712305,3.035378561525
1.116,1116.0,0.001,0.0375,,2.10250862017e-139,6.06903708244,3.03451854122
1.117,1117.0,0.001,0.0375,,2.46306085956e-139,6.06727861974,3.03363930987
1.118,1118.0,0.001,0.0375,,2.88545577159e-139,6.06548184014,3.03274092007
1.119,1119.0,0.001,0.0375,,3.3803027818e-139,6.06364684928,3.03182342464
1.12,1120.0,0.001,0.0375,,3.96003174135e-139,6.06177375325,3.030886876625
1.121,1121.0,0.001,0.0375,,4.63920533725e-139,6.05986265861,3.029931329305
1.122,1122.0,0.001,0.0375,,5.43488512466e-139,6.05791367232,3.02895683616
1.123,1123.0,0.001,0.0375,,6.36706038591e-139,6.05592690182,3.02796345091
1.124,1124.0,0.001,0.0375,,7.45915060178e-139,6.05390245495,3.026951227475
1.125,1125.0,0.001,0.0375,,8.73859417165e-139,6.05184043999,3.025920219995
1.1260000000000001,1126.0,0.001,0.0375,,1.02375381892e-138,6.04974096565,3.024870482825
1.127,1127.0,0.001,0.0375,,1.19936466224e-138,6.04760414105,3.023802070525
1.1280000000000001,1128.0,0.001,0.0375,,1.4051047225e-138,6.04543007571,3.022715037855
1.129,1129.0,0.001,0.0375,,1.64614409969e-138,6.0432188796,3.0216094398
1.1300000000000001,1130.0,0.001,0.0375,,1.92854021007e-138,6.04097066304,3.02048533152
1.131,1131.0,0.001,0.0375,,2.25939009323e-138,6.03868553681,3.019342768405
1.1320000000000001,1132.0,0.001,0.0375,,2.64700886598e-138,6.03636361203,3.018181806015
1.133,1133.0,0.001,0.0375,,3.10113881204e-138,6.03400500025,3.017002500125
1.1340000000000001,1134.0,0.001,0.0375,,3.63319436772e-138,6.03160981339,3.015804906695
1.135,1135.0,0.001,0.0375,,4.25654916659e-138,6.02917816376,3.01458908188
1.1360000000000001,1136.0,0.001,0.0375,,4.9868723647e-138,6.02671016403,3.013355082015
1.137,1137.0,0.001,0.0375,,5.84252270788e-138,6.02420592727,3.012102963635
1.1380000000000001,1138.0,0.001,0.0375,,6.84501025546e-138,6.02166556689,3.010832783445
1.139,1139.0,0.001,0.0375,,8.01953737747e-138,6.0190891967,3.00954459835
1.1400000000000001,1140.0,0.001,0.0375,,9.39563263715e-138,6.01647693082,3.00823846541
1.141,1141.0,0.001,0.0375,,1.10078935081e-137,6.01382888378,3.00691444189
1.1420000000000001,1142.0,0.001,0.0375,,1.28968566138e-137,6.01114517042,3.00557258521
1.143,1143.0,0.001,0.0375,,1.51100173877e-137,6.00842590595,3.004212952975
1.1440000000000001,1144.0,0.001,0.0375,,1.77030248111e-137,6.0056712059,3.00283560295
1.145,1145.0,0.001,0.0375,,2.07410812918e-137,6.00288118616,3.00144059308
1.1460000000000001,1146.0,0.001,0.0375,,2.43005829126e-137,6.00005596294,3.00002798147
1.147,1147.0,0.001,0.0375,,2.84710413238e-137,5.99719565278,2.99859782639
1.1480000000000001,1148.0,0.001,0.0375,,3.33573356451e-137,5.99430037255,2.997150186275
1.149,1149.0,0.001,0.0375,,3.90823510488e-137,5.99137023944,2.99568511972
1.1500000000000001,1150.0,0.001,0.0375,,4.5790070425e-137,5.98840537094,2.99420268547
1.151,1151.0,0.001,0.0375,,5.36491969387e-137,5.98540588487,2.992702942435
1.1520000000000001,1152.0,0.001,0.0375,,6.2857398645e-137,5.98237189935,2.991185949675
1.153,1153.0,0.001,0.0375,,7.36462819921e-137,5.9793035328,2.9896517664
1.154,1154.0,0.001,0.0375,,8.6287219383e-137,5.97620090395,2.988100451975
1.155,1155.0,0.001,0.0375,,1.01098177467e-136,5.9730641318,2.9865320659
1.156,1156.0,0.001,0.0375,,1.18451718023e-136,5.96989333566,2.98494666783
1.157,1157.0,0.001,0.0375,,1.38784372807e-136,5.96668863512,2.98334431756
1.158,1158.0,0.001,0.0375,,1.62607628326e-136,5.96345015005,2.981725075025
1.159,1159.0,0.001,0.0375,,1.90520797027e-136,5.9601780006,2.9800890003
1.16,1160.0,0.001,0.0375,,2.2322609887e-136,5.95687230718,2.97843615359
1.161,1161.0,0.001,0.0375,,2.61546332895e-136,5.95353319049,2.976766595245
1.162,1162.0,0.001,0.0375,,3.06445583601e-136,5.95016077148,2.97508038574
1.163,1163.0,0.001,0.0375,,3.59053483323e-136,5.94675517135,2.973377585675
1.164,1164.0,0.001,0.0375,,4.20693641355e-136,5.94331651158,2.97165825579
1.165,1165.0,0.001,0.0375,,4.92916955404e-136,5.93984491388,2.96992245694
1.166,1166.0,0.001,0.0375,,5.77540643899e-136,5.93634050022,2.96817025011
1.167,1167.0,0.001,0.0375,,6.76693981697e-136,5.93280339281,2.966401696405
1.168,1168.0,0.001,0.0375,,7.92871890445e-136,5.9292337141,2.96461685705
1.169,1169.0,0.001,0.0375,,9.28997732627e-136,5.92563158677,2.962815793385
1.17,1170.0,0.001,0.0375,,1.08849688999e-135,5.92199713373,2.960998566865
1.171,1171.0,0.001,0.0375,,1.27538297855e-135,5.91833047812,2.95916523906
1.172,1172.0,0.001,0.0375,,1.49435887045e-135,5.91463174332,2.95731587166
1.173,1173.0,0.001,0.0375,,1.75093506582e-135,5.91090105288,2.95545052644
1.174,1174.0,0.001,0.0375,,2.05156839429e-135,5.90713853062,2.95356926531
1.175,1175.0,0.001,0.0375,,2.40382453798e-135,5.90334430053,2.951672150265
1.176,1176.0,0.001,0.0375,,2.8165684671e-135,5.89951848684,2.94975924342
1.177,1177.0,0.001,0.0375,,3.30018758219e-135,5.89566121394,2.94783060697
1.178,1178.0,0.001,0.0375,,3.86685318038e-135,5.89177260646,2.94588630323
1.179,1179.0,0.001,0.0375,,4.53082682769e-135,5.88785278919,2.943926394595
1.18,1180.0,0.001,0.0375,,5.30881935008e-135,5.88641445447,2.943207227235
1.181,1181.0,0.001,0.0375,,6.22041148025e-135,5.88572091707,2.942860458535
1.182,1182.0,0.001,0.0375,,7.28854674983e-135,5.88498738845,2.942493694225
1.183,1183.0,0.001,0.0375,,8.54010903459e-135,5.88421395225,2.942106976125
1.184,1184.0,0.001,0.0375,,1.00065992921e-134,5.88340069273,2.941700346365
1.185,1185.0,0.001,0.0375,,1.17249285276e-134,5.88254769477,2.941273847385
1.186,1186.0,0.001,0.0375,,1.37383469504e-134,5.88165504382,2.94082752191
1.187,1187.0,0.001,0.0375,,1.60975327104e-134,5.88072282598,2.94036141299
1.188,1188.0,0.001,0.0375,,1.88618676231e-134,5.8797511279,2.93987556395
1.189,1189.0,0.001,0.0375,,2.21009319973e-134,5.87874003685,2.939370018425
1.19,1190.0,0.001,0.0375,,2.58962561943e-134,5.87768964068,2.93884482034
1.191,1191.0,0.001,0.0375,,3.03433730128e-134,5.87660002782,2.93830001391
1.192,1192.0,0.001,0.0375,,3.55542225634e-134,5.87547128729,2.937735643645
1.193,1193.0,0.001,0.0375,,4.16599701701e-134,5.87430350866,2.93715175433
1.194,1194.0,0.001,0.0375,,4.88143082343e-134,5.8730967821,2.93654839105
1.195,1195.0,0.001,0.0375,,5.71973251766e-134,5.87185119832,2.93592559916
1.196,1196.0,0.001,0.0375,,6.70200388472e-134,5.87056684859,2.935283424295
1.197,1197.0,0.001,0.0375,,7.85297085211e-134,5.86924382475,2.934621912375
1.198,1198.0,0.001,0.0375,,9.2016059189e-134,5.86788221919,2.933941109595
1.199,1199.0,0.001,0.0375,,1.07818574822e-133,5.86648212483,2.933241062415
1.2,1200.0,0.001,0.0375,,1.26335044191e-133,5.86504363516,2.93252181758
1.201,1201.0,0.001,0.0375,,1.48031574341e-133,5.86356684417,2.931783422085
1.202,1202.0,0.001,0.0375,,1.73454323785e-133,5.86205184641,2.931025923205
1.203,1203.0,0.001,0.0375,,2.03243250721e-133,5.86049873696,2.93024936848
1.204,1204.0,0.001,0.0375,,2.38148222342e-133,5.85890761141,2.929453805705
1.205,1205.0,0.001,0.0375,,2.79047890685e-133,5.85727856586,2.92863928293
1.206,1206.0,0.001,0.0375,,3.26971810127e-133,5.85561169696,2.92780584848
1.207,1207.0,0.001,0.0375,,3.83126353195e-133,5.85390710184,2.92695355092
1.208,1208.0,0.001,0.0375,,4.48925076952e-133,5.85216487814,2.92608243907
1.209,1209.0,0.001,0.0375,,5.26024304236e-133,5.85038512401,2.925192562005
1.21,1210.0,0.001,0.0375,,6.16364815242e-133,5.84856793809,2.924283969045
1.211,1211.0,0.001,0.0375,,7.22220698706e-133,5.84671341951,2.923356709755
1.212,1212.0,0.001,0.0375,,8.46256592135e-133,5.84482166791,2.922410833955
1.213,1213.0,0.001,0.0375,,9.91594751598e-133,5.84289278337,2.921446391685
1.214,1214.0,0.001,0.0375,,1.16189363895e-132,5.84092686649,2.920463433245
1.215,1215.0,0.001,0.0375,,1.36144000415e-132,5.83892401831,2.919462009155
1.216,1216.0,0.001,0.0375,,1.59525677996e-132,5.83688434038,2.91844217019
1.217,1217.0,0.001,0.0375,,1.86922950399e-132,5.83480793467,2.917403967335
1.218,1218.0,0.001,0.0375,,2.19025444951e-132,5.83269490365,2.916347451825
1.219,1219.0,0.001,0.0375,,2.56641219233e-132,5.83054535021,2.915272675105
1.22,1220.0,0.001,0.0375,,3.00717098113e-132,5.82835937773,2.914179688865
1.221,1221.0,0.001,0.0375,,3.52362502858e-132,5.82613708999,2.913068544995
1.222,1222.0,0.001,0.0375,,4.12877371872e-132,5.82387859126,2.91193929563
1.223,1223.0,0.001,0.0375,,4.8378487559e-132,5.82158398622,2.91079199311
1.224,1224.0,0.001,0.0375,,5.66869748615e-132,5.81925338,2.90962669
1.225,1225.0,0.001,0.0375,,6.64223203522e-132,5.81688687813,2.908443439065
1.226,1226.0,0.001,0.0375,,7.7829555629e-132,5.8144845866,2.9072422933
1.227,1227.0,0.001,0.0375,,9.11957887324e-132,5.8120466118,2.9060233059
1.228,1228.0,0.001,0.0375,,1.06857428926e-131,5.80957306054,2.90478653027
1.229,1229.0,0.001,0.0375,,1.25208651911e-131,5.80706404004,2.90353202002
1.23,1230.0,0.001,0.0375,,1.46711318415e-131,5.80451965793,2.902259828965
1.231,1231.0,0.001,0.0375,,1.71906595664e-131,5.80194002225,2.900970011125
1.232,1232.0,0.001,0.0375,,2.01428574066e-131,5.79932524141,2.899662620705
1.233,1233.0,0.001,0.0375,,2.36020221609e-131,5.79667542426,2.89833771213
1.234,1234.0,0.001,0.0375,,2.76552077265e-131,5.79399067999,2.896995339995
1.235,1235.0,0.001,0.0375,,3.24044153583e-131,5.7912711182,2.8956355591
1.236,1236.0,0.001,0.0375,,3.79691599325e-131,5.78851684887,2.894258424435
1.237,1237.0,0.001,0.0375,,4.4489476758e-131,5.78572798236,2.89286399118
1.238,1238.0,0.001,0.0375,,5.21294445524e-131,5.78290462939,2.891452314695
1.239,1239.0,0.001,0.0375,,6.10813131809e-131,5.78004690105,2.890023450525
1.24,1240.0,0.001,0.0375,,7.15703399591e-131,5.7771549088,2.8885774544
1.241,1241.0,0.001,0.0375,,8.38604561351e-131,5.77422876445,2.887114382225
1.242,1242.0,0.001,0.0375,,9.82609060383e-131,5.77126858016,2.88563429008
1.243,1243.0,0.001,0.0375,,1.15134025832e-130,5.76827446847,2.884137234235
1.244,1244.0,0.001,0.0375,,1.34904357458e-130,5.76524654223,2.882623271115
1.245,1245.0,0.001,0.0375,,1.58069326911e-130,5.76218491464,2.88109245732
1.246,1246.0,0.001,0.0375,,1.85211755331e-130,5.75908969925,2.879544849625
1.247,1247.0,0.001,0.0375,,2.17014517426e-130,5.75596100993,2.877980504965
1.248,1248.0,0.001,0.0375,,2.54277715747e-130,5.75279896089,2.876399480445
1.249,1249.0,0.001,0.0375,,2.97938802538e-130,5.74960366664,2.87480183332
1.25,1250.0,0.001,0.0375,,3.49096154982e-130,5.74637524204,2.87318762102
1.2510000000000001,1251.0,0.001,0.0375,,4.09036696423e-130,5.74311380225,2.871556901125
1.252,1252.0,0.001,0.0375,,4.79268257843e-130,5.73981946274,2.86990973137
1.2530000000000001,1253.0,0.001,0.0375,,5.61557492949e-130,5.73649233929,2.868246169645
1.254,1254.0,0.001,0.0375,,6.57974299805e-130,5.73313254797,2.866566273985
1.2550000000000001,1255.0,0.001,0.0375,,7.70943865386e-130,5.72974020519,2.864870102595
1.256,1256.0,0.001,0.0375,,9.03307640969e-130,5.72631542759,2.863157713795
1.2570000000000001,1257.0,0.001,0.0375,,1.05839478064e-129,5.72285833216,2.86142916608
1.258,1258.0,0.001,0.0375,,1.24010583801e-129,5.71936903614,2.85968451807
1.2590000000000001,1259.0,0.001,0.0375,,1.45301082424e-129,5.71584765706,2.85792382853
1.26,1260.0,0.001,0.0375,,1.70246409103e-129,5.71229431274,2.85614715637
1.2610000000000001,1261.0,0.001,0.0375,,1.99473892513e-129,5.71161222157,2.855806110785
1.262,1262.0,0.001,0.0375,,2.33718523566e-129,5.71109516837,2.855547584185
1.2630000000000001,1263.0,0.001,0.0375,,2.73841429562e-129,5.71054099405,2.855270497025
1.264,1264.0,0.001,0.0375,,3.20851517865e-129,5.70994976943,2.854974884715
1.2650000000000001,1265.0,0.001,0.0375,,3.75930832738e-129,5.70932156588,2.85466078294
1.266,1266.0,0.001,0.0375,,4.40464262291e-129,5.70865645533,2.854328227665
1.2670000000000001,1267.0,0.001,0.0375,,5.16074341644e-129,5.70795451029,2.853977255145
1.268,1268.0,0.001,0.0375,,6.0466202641e-129,5.70721580379,2.853607901895
1.2690000000000001,1269.0,0.001,0.0375,,7.08454460478e-129,5.70644040944,2.85322020472
1.27,1270.0,0.001,0.0375,,8.30060937652e-129,5.70562840136,2.85281420068
1.2710000000000001,1271.0,0.001,0.0375,,9.72538462405e-129,5.70477985425,2.852389927125
1.272,1272.0,0.001,0.0375,,1.13946855595e-128,5.70389484332,2.85194742166
1.2730000000000001,1273.0,0.001,0.0375,,1.33504723606e-128,5.70297344431,2.851486722155
1.274,1274.0,0.001,0.0375,,1.5641904298e-128,5.70201573352,2.85100786676
1.2750000000000001,1275.0,0.001,0.0375,,1.83265746546e-128,5.70102178775,2.850510893875
1.276,1276.0,0.001,0.0375,,2.14719574392e-128,5.69999168433,2.849995842165
1.2770000000000001,1277.0,0.001,0.0375,,2.51571022089e-128,5.6989255011,2.84946275055
1.278,1278.0,0.001,0.0375,,2.94746195417e-128,5.69782331644,2.84891165822
1.2790000000000001,1279.0,0.001,0.0375,,3.45330069939e-128,5.6966852092,2.8483426046
1.28,1280.0,0.001,0.0375,,4.04593739159e-128,5.69551125877,2.847755629385
1.281,1281.0,0.001,0.0375,,4.74026335099e-128,5.69430154504,2.84715077252
1.282,1282.0,0.001,0.0375,,5.55372422309e-128,5.69305614839,2.846528074195
1.283,1283.0,0.001,0.0375,,6.50675803638e-128,5.69177514969,2.845887574845
1.284,1284.0,0.001,0.0375,,7.62330836878e-128,5.69045863031,2.845229315155
1.285,1285.0,0.001,0.0375,,8.93142549815e-128,5.68910667211,2.844553336055
1.286,1286.0,0.001,0.0375,,1.0463970618e-127,5.68771935744,2.84385967872
1.287,1287.0,0.001,0.0375,,1.2259440785e-127,5.68629676912,2.84314838456
1.288,1288.0,0.001,0.0375,,1.43629352905e-127,5.68483899043,2.842419495215
1.289,1289.0,0.001,0.0375,,1.68272876966e-127,5.68334610517,2.841673052585
1.29,1290.0,0.001,0.0375,,1.97143919279e-127,5.68181819755,2.840909098775
1.291,1291.0,0.001,0.0375,,2.30967556774e-127,5.6802553523,2.84012767615
1.292,1292.0,0.001,0.0375,,2.70593200809e-127,5.67865765457,2.839328827285
1.293,1293.0,0.001,0.0375,,3.17015912898e-127,5.67702518999,2.838512594995
1.294,1294.0,0.001,0.0375,,3.71401373889e-127,5.67535804464,2.83767902232
1.295,1295.0,0.001,0.0375,,4.35115132622e-127,5.67365630505,2.836828152525
1.296,1296.0,0.001,0.0375,,5.09756867326e-127,5.67192005818,2.83596002909
1.297,1297.0,0.001,0.0375,,5.97200518637e-127,5.67014939145,2.835074695725
1.298,1298.0,0.001,0.0375,,6.99641300234e-127,5.66834439272,2.83417219636
1.299,1299.0,0.001,0.0375,,8.19650765376e-127,5.66650515028,2.83325257514
1.3,1300.0,0.001,0.0375,,9.60241309468e-127,5.66463175284,2.83231587642
1.301,1301.0,0.001,0.0375,,1.12494172514e-126,5.66272428955,2.831362144775
1.302,1302.0,0.001,0.0375,,1.31788570313e-126,5.66078284998,2.83039142499
1.303,1303.0,0.001,0.0375,,1.54391549658e-126,5.65880752412,2.82940376206
1.304,1304.0,0.001,0.0375,,1.80870334596e-126,5.65679840237,2.828399201185
1.305,1305.0,0.001,0.0375,,2.11889370673e-126,5.65475557556,2.82737778778
1.306,1306.0,0.001,0.0375,,2.4822698427e-126,5.65267913489,2.826339567445
1.307,1307.0,0.001,0.0375,,2.90794895791e-126,5.65056917202,2.82528458601
1.308,1308.0,0.001,0.0375,,3.40661075462e-126,5.64842577895,2.824212889475
1.309,1309.0,0.001,0.0375,,3.99076514161e-126,5.64624904813,2.823124524065
1.31,1310.0,0.001,0.0375,,4.67506579672e-126,5.64403907236,2.82201953618
1.311,1311.0,0.001,0.0375,,5.47667743571e-126,5.64179594486,2.82089797243
1.312,1312.0,0.001,0.0375,,6.41570598308e-126,5.63951975922,2.81975987961
1.313,1313.0,0.001,0.0375,,7.51570241495e-126,5.63721060942,2.81860530471
1.314,1314.0,0.001,0.0375,,8.80425288721e-126,5.6348685898,2.8174342949
1.315,1315.0,0.001,0.0375,,1.03136699211e-125,5.6324937951,2.81624689755
1.316,1316.0,0.001,0.0375,,1.20818019469e-125,5.63008632041,2.815043160205
1.317,1317.0,0.001,0.0375,,1.4152981466e-125,5.6276462612,2.8138231306
1.318,1318.0,0.001,0.0375,,1.65791355603e-125,5.62517371329,2.812586856645
1.319,1319.0,0.001,0.0375,,1.9421086538e-125,5.62266877288,2.81133438644
1.32,1320.0,0.001,0.0375,,2.27500752575e-125,5.62013153649,2.810065768245
1.321,1321.0,0.001,0.0375,,2.66495452441e-125,5.61756210104,2.80878105052
1.322,1322.0,0.001,0.0375,,3.12172322287e-125,5.61496056375,2.807480281875
1.323,1323.0,0.001,0.0375,,3.65676113794e-125,5.61232702221,2.806163511105
1.324,1324.0,0.001,0.0375,,4.28347634353e-125,5.60966157435,2.804830787175
1.325,1325.0,0.001,0.0375,,5.01757314224e-125,5.60696431843,2.803482159215
1.326,1326.0,0.001,0.0375,,5.87744518959e-125,5.60423535305,2.802117676525
1.327,1327.0,0.001,0.0375,,6.8846359008e-125,5.60147477713,2.800737388565
1.328,1328.0,0.001,0.0375,,8.0643776515e-125,5.59868268993,2.799341344965
1.329,1329.0,0.001,0.0375,,9.44622325261e-125,5.59585919101,2.797929595505
1.33,1330.0,0.001,0.0375,,1.10647854847e-124,5.59300438027,2.796502190135
1.331,1331.0,0.001,0.0375,,1.29606031767e-124,5.59011835791,2.795059178955
1.332,1332.0,0.001,0.0375,,1.51811554751e-124,5.58720122445,2.793600612225
1.333,1333.0,0.001,0.0375,,1.77820496508e-124,5.58425308071,2.792126540355
1.334,1334.0,0.001,0.0375,,2.08284121232e-124,5.58127402783,2.790637013915
1.335,1335.0,0.001,0.0375,,2.43965174589e-124,5.57826416722,2.78913208361
1.336,1336.0,0.001,0.0375,,2.85756960412e-124,5.57522360062,2.78761180031
1.337,1337.0,0.001,0.0375,,3.34705680646e-124,5.57215243003,2.786076215015
1.338,1338.0,0.001,0.0375,,3.9203659655e-124,5.56905075777,2.784525378885
1.339,1339.0,0.001,0.0375,,4.59184664552e-124,5.56591868642,2.78295934321
1.34,1340.0,0.001,0.0375,,5.37830411799e-124,5.56275631886,2.78137815943
1.341,1341.0,0.001,0.0375,,6.29941947237e-124,5.55956375823,2.779781879115
1.342,1342.0,0.001,0.0375,,7.37824157132e-124,5.55634110797,2.778170553985
1.343,1343.0,0.001,0.0375,,8.64176313188e-124,5.55308847177,2.776544235885
1.344,1344.0,0.001,0.0375,,1.0121595313e-123,5.54980595359,2.774902976795
1.345,1345.0,0.001,0.0375,,1.18547576468e-123,5.54649365766,2.77324682883
1.346,1346.0,0.001,0.0375,,1.38846030281e-123,5.54315168847,2.771575844235
1.347,1347.0,0.001,0.0375,,1.62619008438e-123,5.53978015075,2.769890075375
1.348,1348.0,0.001,0.0375,,1.90461052696e-123,5.53637914952,2.76818957476
1.349,1349.0,0.001,0.0375,,2.23068403739e-123,5.53294879,2.766474395
1.35,1350.0,0.001,0.0375,,2.61256390793e-123,5.5294891777,2.76474458885
1.351,1351.0,0.001,0.0375,,3.05979793548e-123,5.52600041835,2.763000209175
1.352,1352.0,0.001,0.0375,,3.58356684233e-123,5.52248261792,2.76124130896
1.353,1353.0,0.001,0.0375,,4.19696344417e-123,5.51893588262,2.75946794131
1.354,1354.0,0.001,0.0375,,4.91531952621e-123,5.5153603189,2.75768015945
1.355,1355.0,0.001,0.0375,,5.75658857729e-123,5.51175603341,2.755878016705
1.356,1356.0,0.001,0.0375,,6.74179392312e-123,5.50812313305,2.754061566525
1.357,1357.0,0.001,0.0375,,7.89555342901e-123,5.50446172494,2.75223086247
1.358,1358.0,0.001,0.0375,,9.24669384943e-123,5.50077191641,2.750385958205
1.359,1359.0,0.001,0.0375,,1.08289701345e-122,5.497053815,2.7485269075
1.36,1360.0,0.001,0.0375,,1.26819076164e-122,5.49330752847,2.746653764235
1.361,1361.0,0.001,0.0375,,1.48517880595e-122,5.48953316479,2.744766582395
1.362,1362.0,0.001,0.0375,,1.73928041367e-122,5.48573083212,2.74286541606
1.363,1363.0,0.001,0.0375,,2.03684110902e-122,5.48190063884,2.74095031942
1.364,1364.0,0.001,0.0375,,2.38529092409e-122,5.4780426935,2.73902134675
1.365,1365.0,0.001,0.0375,,2.79332967528e-122,5.47415710487,2.737078552435
1.366,1366.0,0.001,0.0375,,3.27114387895e-122,5.47024398189,2.735121990945
1.367,1367.0,0.001,0.0375,,3.83066070649e-122,5.4663034337,2.73315171685
1.368,1368.0,0.001,0.0375,,4.48584530071e-122,5.46233556963,2.731167784815
1.369,1369.0,0.001,0.0375,,5.25304885409e-122,5.45834049916,2.72917024958
1.37,1370.0,0.001,0.0375,,6.15141611146e-122,5.45431833198,2.72715916599
1.371,1371.0,0.001,0.0375,,7.20336243774e-122,5.45026917793,2.725134588965
1.372,1372.0,0.001,0.0375,,8.43513232064e-122,5.44619314704,2.72309657352
1.373,1373.0,0.001,0.0375,,9.87745320287e-122,5.44209034948,2.72104517474
1.374,1374.0,0.001,0.0375,,1.1566300908e-121,5.43796089561,2.718980447805
1.375,1375.0,0.001,0.0375,,1.35437956971e-121,5.43380489593,2.716902447965
1.3760000000000001,1376.0,0.001,0.0375,,1.58592512403e-121,5.43102467926,2.71551233963
1.377,1377.0,0.001,0.0375,,1.8570402586e-121,5.43042286345,2.715211431725
1.3780000000000001,1378.0,0.001,0.0375,,2.17448436576e-121,5.42978885201,2.714894426005
1.379,1379.0,0.001,0.0375,,2.54617100125e-121,5.42912270433,2.714561352165
1.3800000000000001,1380.0,0.001,0.0375,,2.98136486893e-121,5.42842448026,2.71421224013
1.381,1381.0,0.001,0.0375,,3.49091240984e-121,5.42769424006,2.71384712003
1.3820000000000001,1382.0,0.001,0.0375,,4.08751172552e-121,5.42693204447,2.713466022235
1.383,1383.0,0.001,0.0375,,4.78602854204e-121,5.42613795465,2.713068977325
1.3840000000000001,1384.0,0.001,0.0375,,5.60386606402e-121,5.4253120322,2.7126560161
1.385,1385.0,0.001,0.0375,,6.56139790544e-121,5.42445433916,2.71222716958
1.3860000000000001,1386.0,0.001,0.0375,,7.68247484941e-121,5.42356493801,2.711782469005
1.387,1387.0,0.001,0.0375,,8.99501802085e-121,5.42264389163,2.711321945815
1.3880000000000001,1388.0,0.001,0.0375,,1.05317131999e-120,5.42169126337,2.710845631685
1.389,1389.0,0.001,0.0375,,1.23308235129e-120,5.42070711696,2.71035355848
1.3900000000000001,1390.0,0.001,0.0375,,1.44371406727e-120,5.41969151658,2.70984575829
1.391,1391.0,0.001,0.0375,,1.69030983785e-120,5.41864452681,2.709322263405
1.3920000000000001,1392.0,0.001,0.0375,,1.97900755022e-120,5.41756621267,2.708783106335
1.393,1393.0,0.001,0.0375,,2.31699213972e-120,5.41645663956,2.70822831978
1.3940000000000001,1394.0,0.001,0.0375,,2.71267411678e-120,5.41531587331,2.707657936655
1.395,1395.0,0.001,0.0375,,3.17589851846e-120,5.41414398015,2.707071990075
1.3960000000000001,1396.0,0.001,0.0375,,3.71818946653e-120,5.41294102671,2.706470513355
1.397,1397.0,0.001,0.0375,,4.35303639667e-120,5.41170708004,2.70585354002
1.3980000000000001,1398.0,0.001,0.0375,,5.09622905551e-120,5.41044220756,2.70522110378
1.399,1399.0,0.001,0.0375,,5.96624957013e-120,5.4091464771,2.70457323855
1.4000000000000001,1400.0,0.001,0.0375,,6.9847313082e-120,5.40781995688,2.70390997844
1.401,1401.0,0.001,0.0375,,8.17699590064e-120,5.40646271551,2.703231357755
1.4020000000000001,1402.0,0.001,0.0375,,9.57268173396e-120,5.40507482199,2.702537410995
1.403,1403.0,0.001,0.0375,,1.12064794836e-119,5.40365634568,2.70182817284
1.4040000000000001,1404.0,0.001,0.0375,,1.31189929092e-119,5.40220735636,2.70110367818
1.405,1405.0,0.001,0.0375,,1.53577462314e-119,5.40072792415,2.700363962075
1.4060000000000001,1406.0,0.001,0.0375,,1.79783630395e-119,5.39921811957,2.699609059785
1.407,1407.0,0.001,0.0375,,2.1045945918e-119,5.39767801349,2.698839006745
1.408,1408.0,0.001,0.0375,,2.46366909503e-119,5.39610767718,2.69805383859
1.409,1409.0,0.001,0.0375,,2.88397770624e-119,5.39450718224,2.69725359112
1.41,1410.0,0.001,0.0375,,3.37595769681e-119,5.39287660066,2.69643830033
1.411,1411.0,0.001,0.0375,,3.95182444264e-119,5.39121600478,2.69560800239
1.412,1412.0,0.001,0.0375,,4.62587418262e-119,5.3895254673,2.69476273365
1.413,1413.0,0.001,0.0375,,5.41483829941e-119,5.38780506125,2.693902530625
1.414,1414.0,0.001,0.0375,,6.33829788549e-119,5.38605486007,2.693027430035
1.415,1415.0,0.001,0.0375,,7.41916884689e-119,5.38427493748,2.69213746874
1.416,1416.0,0.001,0.0375,,8.68426953948e-119,5.38246536759,2.691232683795
1.417,1417.0,0.001,0.0375,,1.01649849713e-118,5.38062622485,2.690313112425
1.418,1418.0,0.001,0.0375,,1.18980439895e-118,5.37875758402,2.68937879201
1.419,1419.0,0.001,0.0375,,1.39264286589e-118,5.37685952024,2.68842976012
1.42,1420.0,0.001,0.0375,,1.63004383052e-118,5.37493210895,2.687466054475
1.421,1421.0,0.001,0.0375,,1.90789345108e-118,5.37297542593,2.686487712965
1.422,1422.0,0.001,0.0375,,2.23307978183e-118,5.37098954731,2.685494773655
1.423,1423.0,0.001,0.0375,,2.61366321211e-118,5.36897454951,2.684487274755
1.424,1424.0,0.001,0.0375,,3.05907588309e-118,5.36693050929,2.683465254645
1.425,1425.0,0.001,0.0375,,3.58035500583e-118,5.36485750374,2.68242875187
1.426,1426.0,0.001,0.0375,,4.19041584065e-118,5.36275561025,2.681377805125
1.427,1427.0,0.001,0.0375,,4.90437107565e-118,5.36062490654,2.68031245327
1.428,1428.0,0.001,0.0375,,5.73990448602e-118,5.35846547062,2.67923273531
1.429,1429.0,0.001,0.0375,,6.71770809422e-118,5.35627738083,2.678138690415
1.43,1430.0,0.001,0.0375,,7.86199361564e-118,5.3540607158,2.6770303579
1.431,1431.0,0.001,0.0375,,9.20109080535e-118,5.35181555448,2.67590777724
1.432,1432.0,0.001,0.0375,,1.07681474622e-117,5.3495419761,2.67477098805
1.433,1433.0,0.001,0.0375,,1.26019483509e-117,5.34724006019,2.673620030095
1.434,1434.0,0.001,0.0375,,1.47478732315e-117,5.3449098866,2.6724549433
1.435,1435.0,0.001,0.0375,,1.72590176109e-117,5.34255153543,2.671275767715
1.436,1436.0,0.001,0.0375,,2.01975038375e-117,5.3401650871,2.67008254355
1.437,1437.0,0.001,0.0375,,2.36360148462e-117,5.3377506223,2.66887531115
1.438,1438.0,0.001,0.0375,,2.76595883386e-117,5.33530822201,2.667654111005
1.439,1439.0,0.001,0.0375,,3.23677155947e-117,5.3328379675,2.66641898375
1.44,1440.0,0.001,0.0375,,3.78767966048e-117,5.33033994028,2.66516997014
1.441,1441.0,0.001,0.0375,,4.4323011976e-117,5.32781422218,2.66390711109
1.442,1442.0,0.001,0.0375,,5.18656823185e-117,5.32526089527,2.662630447635
1.443,1443.0,0.001,0.0375,,6.06911978025e-117,5.3226800419,2.66134002095
1.444,1444.0,0.001,0.0375,,7.10176145934e-117,5.32007174469,2.660035872345
1.445,1445.0,0.001,0.0375,,8.31000312693e-117,5.31743608651,2.658718043255
1.446,1446.0,0.001,0.0375,,9.72368774865e-117,5.3147731505,2.65738657525
1.447,1447.0,0.001,0.0375,,1.13777269581e-116,5.31208302005,2.656041510025
1.448,1448.0,0.001,0.0375,,1.33129613998e-116,5.30936577883,2.654682889415
1.449,1449.0,0.001,0.0375,,1.55771670104e-116,5.30662151071,2.653310755355
1.45,1450.0,0.001,0.0375,,1.82262319748e-116,5.30385029986,2.65192514993
1.451,1451.0,0.001,0.0375,,2.13255332883e-116,5.30105223068,2.65052611534
1.452,1452.0,0.001,0.0375,,2.4951546752e-116,5.29822738779,2.649113693895
1.453,1453.0,0.001,0.0375,,2.91937299607e-116,5.29537585608,2.64768792804
1.454,1454.0,0.001,0.0375,,3.41567245408e-116,5.29249772067,2.646248860335
1.455,1455.0,0.001,0.0375,,3.99629317267e-116,5.28959306691,2.644796533455
1.456,1456.0,0.001,0.0375,,4.67555245256e-116,5.28666198039,2.643330990195
1.457,1457.0,0.001,0.0375,,5.47019704238e-116,5.28370454691,2.641852273455
1.458,1458.0,0.001,0.0375,,6.39981511092e-116,5.28072085251,2.640360426255
1.459,1459.0,0.001,0.0375,,7.48731803204e-116,5.27771098347,2.638855491735
1.46,1460.0,0.001,0.0375,,8.75950380424e-116,5.27467502627,2.637337513135
1.461,1461.0,0.001,0.0375,,1.02477159277e-115,5.2716130676,2.6358065338
1.462,1462.0,0.001,0.0375,,1.19886139004e-115,5.2685251944,2.6342625972
1.463,1463.0,0.001,0.0375,,1.40250742285e-115,5.26541149379,2.632705746895
1.464,1464.0,0.001,0.0375,,1.64072440444e-115,5.26227205311,2.631136026555
1.465,1465.0,0.001,0.0375,,1.91937731604e-115,5.25910695991,2.629553479955
1.466,1466.0,0.001,0.0375,,2.24532547563e-115,5.25591630195,2.627958150975
1.467,1467.0,0.001,0.0375,,2.62659100045e-115,5.25270016719,2.626350083595
1.468,1468.0,0.001,0.0375,,3.07255579076e-115,5.24945864377,2.624729321885
1.469,1469.0,0.001,0.0375,,3.59419186002e-115,5.24619182005,2.623095910025
1.47,1470.0,0.001,0.0375,,4.20433065234e-115,5.24289978458,2.62144989229
1.471,1471.0,0.001,0.0375,,4.91797794191e-115,5.23958262609,2.619791313045
1.472,1472.0,0.001,0.0375,,5.7526820232e-115,5.2362404335,2.61812021675
1.473,1473.0,0.001,0.0375,,6.72896420406e-115,5.23287329593,2.616436647965
1.474,1474.0,0.001,0.0375,,7.87082213621e-115,5.22948130267,2.614740651335
1.475,1475.0,0.001,0.0375,,9.20631829786e-115,5.2260645432,2.6130322716
1.476,1476.0,0.001,0.0375,,1.07682680236e-114,5.22262310716,2.61131155358
1.477,1477.0,0.001,0.0375,,1.25950439081e-114,5.21915708439,2.609578542195
1.478,1478.0,0.001,0.0375,,1.4731516253e-114,5.21566656488,2.60783328244
1.479,1479.0,0.001,0.0375,,1.72301525469e-114,5.21215163879,2.606075819395
1.48,1480.0,0.001,0.0375,,2.01523028515e-114,5.20861239647,2.604306198235
1.481,1481.0,0.001,0.0375,,2.35697025052e-114,5.20504892842,2.60252446421
1.482,1482.0,0.001,0.0375,,2.75662288558e-114,5.20146132529,2.600730662645
1.483,1483.0,0.001,0.0375,,3.22399549338e-114,5.19784967792,2.59892483896
1.484,1484.0,0.001,0.0375,,3.77055502194e-114,5.19421407726,2.59710703863
1.485,1485.0,0.001,0.0375,,4.40970871211e-114,5.19055461447,2.595277307235
1.486,1486.0,0.001,0.0375,,5.15713216748e-114,5.18687138081,2.593435690405
1.487,1487.0,0.001,0.0375,,6.03115285315e-114,5.18316446772,2.59158223386
1.488,1488.0,0.001,0.0375,,7.05319838122e-114,5.17943396677,2.589716983385
1.489,1489.0,0.001,0.0375,,8.24832051901e-114,5.1756799697,2.58783998485
1.49,1490.0,0.001,0.0375,,9.64580770094e-114,5.17190256835,2.585951284175
1.491,1491.0,0.001,0.0375,,1.12799009804e-113,5.16810185473,2.584050927365
1.492,1492.0,0.001,0.0375,,1.31906308763e-113,5.16427792097,2.582138960485
1.493,1493.0,0.001,0.0375,,1.54247955129e-113,5.16043085935,2.580215429675
1.494,1494.0,0.001,0.0375,,1.80371038889e-113,5.15656076226,2.57828038113
1.495,1495.0,0.001,0.0375,,2.10915121317e-113,5.15266772222,2.57633386111
1.496,1496.0,0.001,0.0375,,2.46627852862e-113,5.1487518319,2.57437591595
1.497,1497.0,0.001,0.0375,,2.88383226734e-113,5.14481318406,2.57240659203
1.498,1498.0,0.001,0.0375,,3.37202912643e-113,5.1408518716,2.5704259358
1.499,1499.0,0.001,0.0375,,3.94281190005e-113,5.13686798755,2.568433993775
1.5,1500.0,0.001,0.0375,,4.61014087454e-113,5.13286162501,2.566430812505
1.5010000000000001,1501.0,0.001,0.0375,,5.39033437672e-113,5.12883287725,2.564416438625
1.502,1502.0,0.001,0.0375,,6.30246676005e-113,5.12478183761,2.562390918805
1.5030000000000001,1503.0,0.001,0.0375,,7.36883350824e-113,5.12070859955,2.560354299775
1.504,1504.0,0.001,0.0375,,8.61549476583e-113,5.11661325663,2.558306628315
1.5050000000000001,1505.0,0.001,0.0375,,1.00729105094e-112,5.11249590254,2.55624795127
1.506,1506.0,0.001,0.0375,,1.17766827974e-112,5.10835663103,2.554178315515
1.5070000000000001,1507.0,0.001,0.0375,,1.37684231353e-112,5.10419553597,2.552097767985
1.508,1508.0,0.001,0.0375,,1.60967660276e-112,5.10001271133,2.550006355665
1.5090000000000001,1509.0,0.001,0.0375,,1.88185533352e-112,5.09580825116,2.54790412558
1.51,1510.0,0.001,0.0375,,2.20002181981e-112,5.09158224961,2.545791124805
1.5110000000000001,1511.0,0.001,0.0375,,2.57194021219e-112,5.08733480092,2.54366740046
1.512,1512.0,0.001,0.0375,,3.00668444779e-112,5.0830659994,2.5415329997
1.5130000000000001,1513.0,0.001,0.0375,,3.51485902688e-112,5.07877593945,2.539387969725
1.514,1514.0,0.001,0.0375,,4.10885697239e-112,5.07446471557,2.537232357785
1.5150000000000001,1515.0,0.001,0.0375,,4.80316122898e-112,5.07013242232,2.53506621116
1.516,1516.0,0.001,0.0375,,5.61469681087e-112,5.06577915433,2.532889577165
1.5170000000000001,1517.0,0.001,0.0375,,6.56324223569e-112,5.06140500633,2.530702503165
1.518,1518.0,0.001,0.0375,,7.67191021693e-112,5.05701007309,2.528505036545
1.5190000000000001,1519.0,0.001,0.0375,,8.96770926365e-112,5.05259444946,2.52629722473
1.52,1520.0,0.001,0.0375,,1.04821997931e-111,5.04815823038,2.52407911519
1.5210000000000001,1521.0,0.001,0.0375,,1.22522606482e-111,5.04370151082,2.52185075541
1.522,1522.0,0.001,0.0375,,1.43209845824e-111,5.03922438583,2.519612192915
1.5230000000000001,1523.0,0.001,0.0375,,1.67387243894e-111,5.03472695052,2.51736347526
1.524,1524.0,0.001,0.0375,,1.95643150014e-111,5.03020930005,2.515104650025
1.5250000000000001,1525.0,0.001,0.0375,,2.28665011255e-111,5.02567152965,2.512835764825
1.526,1526.0,0.001,0.0375,,2.67256049589e-111,5.02111373457,2.510556867285
1.5270000000000001,1527.0,0.001,0.0375,,3.12354743171e-111,5.01653601015,2.508268005075
1.528,1528.0,0.001,0.0375,,3.65057582852e-111,5.01193845175,2.505969225875
1.5290000000000001,1529.0,0.001,0.0375,,4.2664565403e-111,5.00732115479,2.503660577395
1.53,1530.0,0.001,0.0375,,4.9861568633e-111,5.00268421472,2.50134210736
1.5310000000000001,1531.0,0.001,0.0375,,5.82716321347e-111,4.99802772706,2.49901386353
1.532,1532.0,0.001,0.0375,,6.80990474605e-111,4.99335178734,2.49667589367
1.5330000000000001,1533.0,0.001,0.0375,,7.95824814815e-111,4.98865649112,2.49432824556
1.534,1534.0,0.001,0.0375,,9.3000755515e-111,4.98394193404,2.49197096702
1.5350000000000001,1535.0,0.001,0.0375,,1.08679595157e-110,4.97920821172,2.48960410586
1.536,1536.0,0.001,0.0375,,1.26999513717e-110,4.97445541984,2.48722770992
1.537,1537.0,0.001,0.0375,,1.48405019467e-110,4.96968365411,2.484841827055
1.538,1538.0,0.001,0.0375,,1.73415368791e-110,4.96489301024,2.48244650512
1.539,1539.0,0.001,0.0375,,2.02637124556e-110,4.96008358399,2.480041791995
1.54,1540.0,0.001,0.0375,,2.36778822483e-110,4.95525547113,2.477627735565
1.541,1541.0,0.001,0.0375,,2.76668099017e-110,4.95040876744,2.47520438372
1.542,1542.0,0.001,0.0375,,3.23271693446e-110,4.94662630804,2.47331315402
1.543,1543.0,0.001,0.0375,,3.77718806132e-110,4.94478158752,2.47239079376
1.544,1544.0,0.001,0.0375,,4.41328375441e-110,4.94291249603,2.471456248015
1.545,1545.0,0.001,0.0375,,5.15640930181e-110,4.94101909595,2.470509547975
1.546,1546.0,0.001,0.0375,,6.02455784314e-110,4.93910144991,2.469550724955
1.547,1547.0,0.001,0.0375,,7.03874469097e-110,4.93715962077,2.468579810385
1.548,1548.0,0.001,0.0375,,8.22351447659e-110,4.93519367166,2.46759683583
1.549,1549.0,0.001,0.0375,,9.60753331901e-110,4.93320366592,2.46660183296
1.55,1550.0,0.001,0.0375,,1.12242802577e-109,4.93118966714,2.46559483357
1.551,1551.0,0.001,0.0375,,1.31128545727e-109,4.92915173914,2.46457586957
1.552,1552.0,0.001,0.0375,,1.53189183957e-109,4.92708994597,2.463544972985
1.553,1553.0,0.001,0.0375,,1.78957972633e-109,4.92500435191,2.462502175955
1.554,1554.0,0.001,0.0375,,2.09057650506e-109,4.92289502146,2.46144751073
1.555,1555.0,0.001,0.0375,,2.44215441444e-109,4.92076201937,2.460381009685
1.556,1556.0,0.001,0.0375,,2.85280568772e-109,4.91860541059,2.459302705295
1.557,1557.0,0.001,0.0375,,3.33244702614e-109,4.9164252603,2.45821263015
1.558,1558.0,0.001,0.0375,,3.89265830952e-109,4.91422163389,2.457110816945
1.559,1559.0,0.001,0.0375,,4.54696127067e-109,4.91199459698,2.45599729849
1.56,1560.0,0.001,0.0375,,5.31114481796e-109,4.9097442154,2.4548721077
1.561,1561.0,0.001,0.0375,,6.20364480647e-109,4.90747055518,2.45373527759
1.562,1562.0,0.001,0.0375,,7.24598736186e-109,4.90517368259,2.452586841295
1.563,1563.0,0.001,0.0375,,8.46330638138e-109,4.90285366407,2.451426832035
1.564,1564.0,0.001,0.0375,,9.88494761096e-109,4.90051056631,2.450255283155
1.565,1565.0,0.001,0.0375,,1.15451737676e-108,4.89814445616,2.44907222808
1.566,1566.0,0.001,0.0375,,1.34839875922e-108,4.89575540071,2.447877700355
1.567,1567.0,0.001,0.0375,,1.57480925361e-108,4.89334346722,2.44667173361
1.568,1568.0,0.001,0.0375,,1.83920140746e-108,4.89090872318,2.44545436159
1.569,1569.0,0.001,0.0375,,2.14794084749e-108,4.88845123624,2.44422561812
1.57,1570.0,0.001,0.0375,,2.50845903263e-108,4.88597107427,2.442985537135
1.571,1571.0,0.001,0.0375,,2.84060076923e-108,4.88346830533,2.441734152665
1.572,1572.0,0.001,0.0375,,2.85196029463e-108,4.88094299765,2.440471498825
1.573,1573.0,0.001,0.0375,,2.86358565511e-108,4.87839521968,2.43919760984
1.574,1574.0,0.001,0.0375,,2.87547973339e-108,4.87582504002,2.43791252001
1.575,1575.0,0.001,0.0375,,2.88764548608e-108,4.87323252749,2.436616263745
1.576,1576.0,0.001,0.0375,,2.90008594487e-108,4.87061775105,2.435308875525
1.577,1577.0,0.001,0.0375,,2.91280421779e-108,4.86798077988,2.43399038994
1.578,1578.0,0.001,0.0375,,2.92580349054e-108,4.86532168332,2.43266084166
1.579,1579.0,0.001,0.0375,,2.93908702774e-108,4.86264053088,2.43132026544
1.58,1580.0,0.001,0.0375,,2.95265817436e-108,4.85993739225,2.429968696125
1.581,1581.0,0.001,0.0375,,2.96652035706e-108,4.85721233728,2.42860616864
1.582,1582.0,0.001,0.0375,,2.98067708567e-108,4.85446543602,2.42723271801
1.583,1583.0,0.001,0.0375,,2.99513195462e-108,4.85169675866,2.42584837933
1.584,1584.0,0.001,0.0375,,3.00988864447e-108,4.84890637556,2.42445318778
1.585,1585.0,0.001,0.0375,,3.02495092347e-108,4.84609435725,2.423047178625
1.586,1586.0,0.001,0.0375,,3.04032264914e-108,4.84326077441,2.421630387205
1.587,1587.0,0.001,0.0375,,3.0560077699e-108,4.84040569789,2.420202848945
1.588,1588.0,0.001,0.0375,,3.07201032678e-108,4.8375291987,2.41876459935
1.589,1589.0,0.001,0.0375,,3.08833445508e-108,4.83463134799,2.417315673995
1.59,1590.0,0.001,0.0375,,3.10498438622e-108,4.83171221708,2.41585610854
1.591,1591.0,0.001,0.0375,,3.12196444947e-108,4.82877187742,2.41438593871
1.592,1592.0,0.001,0.0375,,3.13927907388e-108,4.82581040064,2.41290520032
1.593,1593.0,0.001,0.0375,,3.15693279015e-108,4.8228278585,2.41141392925
1.594,1594.0,0.001,0.0375,,3.17493023259e-108,4.81982432289,2.409912161445
1.595,1595.0,0.001,0.0375,,3.19327614113e-108,4.81679986586,2.40839993293
1.596,1596.0,0.001,0.0375,,3.21197536342e-108,4.81375455962,2.40687727981
1.597,1597.0,0.001,0.0375,,3.23103285688e-108,4.81068847648,2.40534423824
1.598,1598.0,0.001,0.0375,,3.25045369092e-108,4.80760168891,2.403800844455
1.599,1599.0,0.001,0.0375,,3.27024304914e-108,4.80449426952,2.40224713476
1.6,1600.0,0.001,0.0375,,3.2904062316e-108,4.80136629103,2.400683145515
1.601,1601.0,0.001,0.0375,,3.31094865721e-108,4.79821782632,2.39910891316
1.602,1602.0,0.001,0.0375,,3.33187586608e-108,4.79504894838,2.39752447419
1.603,1603.0,0.001,0.0375,,3.353193522e-108,4.79185973034,2.39592986517
1.604,1604.0,0.001,0.0375,,3.37490741495e-108,4.78865024544,2.39432512272
1.605,1605.0,0.001,0.0375,,3.39702346373e-108,4.78542056706,2.39271028353
1.606,1606.0,0.001,0.0375,,3.41954771856e-108,4.78217076869,2.391085384345
1.607,1607.0,0.001,0.0375,,3.44248636384e-108,4.77890092394,2.38945046197
1.608,1608.0,0.001,0.0375,,3.46584572093e-108,4.77561110655,2.387805553275
1.609,1609.0,0.001,0.0375,,3.48963225102e-108,4.77230139037,2.386150695185
1.61,1610.0,0.001,0.0375,,3.51385255805e-108,4.76897184935,2.384485924675
1.611,1611.0,0.001,0.0375,,3.53851339174e-108,4.76562255758,2.38281127879
1.612,1612.0,0.001,0.0375,,3.56362165065e-108,4.76225358923,2.381126794615
1.613,1613.0,0.001,0.0375,,3.58918438539e-108,4.75886501859,2.379432509295
1.614,1614.0,0.001,0.0375,,3.61520880183e-108,4.75545692006,2.37772846003
1.615,1615.0,0.001,0.0375,,3.64170226442e-108,4.75202936816,2.37601468408
1.616,1616.0,0.001,0.0375,,3.66867229967e-108,4.74858243747,2.374291218735
1.617,1617.0,0.001,0.0375,,3.69612659956e-108,4.74732300534,2.37366150267
1.618,1618.0,0.001,0.0375,,3.7240730252e-108,4.74664855465,2.373324277325
1.619,1619.0,0.001,0.0375,,3.7525196105e-108,4.74595069205,2.372975346025
1.62,1620.0,0.001,0.0375,,3.78147456591e-108,4.74522945848,2.37261472924
1.621,1621.0,0.001,0.0375,,3.81094628233e-108,4.74448489514,2.37224244757
1.622,1622.0,0.001,0.0375,,3.84094333507e-108,4.74371704352,2.37185852176
1.623,1623.0,0.001,0.0375,,3.87147448792e-108,4.74292594538,2.37146297269
1.624,1624.0,0.001,0.0375,,3.90254869732e-108,4.74211164274,2.37105582137
1.625,1625.0,0.001,0.0375,,3.93417511668e-108,4.74127417787,2.370637088935
1.6260000000000001,1626.0,0.001,0.0375,,3.96636310071e-108,4.74041359335,2.370206796675
1.627,1627.0,0.001,0.0375,,3.99912220998e-108,4.73952993198,2.36976496599
1.6280000000000001,1628.0,0.001,0.0375,,4.03246221554e-108,4.73862323685,2.369311618425
1.629,1629.0,0.001,0.0375,,4.06639310362e-108,4.73769355129,2.368846775645
1.6300000000000001,1630.0,0.001,0.0375,,4.10092508052e-108,4.73674091891,2.368370459455
1.631,1631.0,0.001,0.0375,,4.13606857762e-108,4.73576538356,2.36788269178
1.6320000000000001,1632.0,0.001,0.0375,,4.17183425644e-108,4.73476698936,2.36738349468
1.633,1633.0,0.001,0.0375,,4.20823301393e-108,4.73374578068,2.36687289034
1.6340000000000001,1634.0,0.001,0.0375,,4.24527598785e-108,4.73270180213,2.366350901065
1.635,1635.0,0.001,0.0375,,4.28297456226e-108,4.73163509858,2.36581754929
1.6360000000000001,1636.0,0.001,0.0375,,4.32134037323e-108,4.73054571517,2.365272857585
1.637,1637.0,0.001,0.0375,,4.36038531461e-108,4.72943369724,2.36471684862
1.6380000000000001,1638.0,0.001,0.0375,,4.40012154403e-108,4.72829909043,2.364149545215
1.639,1639.0,0.001,0.0375,,4.44056148899e-108,4.72714194058,2.36357097029
1.6400000000000001,1640.0,0.001,0.0375,,4.48171785312e-108,4.7259622938,2.3629811469
1.641,1641.0,0.001,0.0375,,4.52360362268e-108,4.72476019643,2.362380098215
1.6420000000000001,1642.0,0.001,0.0375,,4.56623207311e-108,4.72353569506,2.36176784753
1.643,1643.0,0.001,0.0375,,4.6096167758e-108,4.7222888365,2.36114441825
1.6440000000000001,1644.0,0.001,0.0375,,4.65377160512e-108,4.72101966782,2.36050983391
1.645,1645.0,0.001,0.0375,,4.69871074548e-108,4.7197282363,2.35986411815
1.6460000000000001,1646.0,0.001,0.0375,,4.74444869867e-108,4.71841458947,2.359207294735
1.647,1647.0,0.001,0.0375,,4.79100029141e-108,4.7170787751,2.35853938755
1.6480000000000001,1648.0,0.001,0.0375,,4.83838068305e-108,4.71572084115,2.357860420575
1.649,1649.0,0.001,0.0375,,4.88660537344e-108,4.71434083586,2.35717041793
1.6500000000000001,1650.0,0.001,0.0375,,4.93569021114e-108,4.71293880766,2.35646940383
1.651,1651.0,0.001,0.0375,,4.98565140166e-108,4.71151480522,2.35575740261
1.6520000000000001,1652.0,0.001,0.0375,,5.0365055161e-108,4.71006887743,2.355034438715
1.653,1653.0,0.001,0.0375,,5.0882694999e-108,4.7086010734,2.3543005367
1.6540000000000001,1654.0,0.001,0.0375,,5.14096068185e-108,4.70711144247,2.353555721235
1.655,1655.0,0.001,0.0375,,5.19459678337e-108,4.70560003419,2.352800017095
1.6560000000000001,1656.0,0.001,0.0375,,5.24919592797e-108,4.70406689832,2.35203344916
1.657,1657.0,0.001,0.0375,,5.30477665106e-108,4.70251208485,2.351256042425
1.6580000000000001,1658.0,0.001,0.0375,,5.36135790992e-108,4.70093564398,2.35046782199
1.659,1659.0,0.001,0.0375,,5.418959094e-108,4.69933762612,2.34966881306
1.6600000000000001,1660.0,0.001,0.0375,,5.47760003548e-108,4.69771808188,2.34885904094
1.661,1661.0,0.001,0.0375,,5.53730102008e-108,4.6960770621,2.34803853105
1.6620000000000001,1662.0,0.001,0.0375,,5.59808279823e-108,4.69441461781,2.347207308905
1.663,1663.0,0.001,0.0375,,5.65996659646e-108,4.69273080026,2.34636540013
1.6640000000000001,1664.0,0.001,0.0375,,5.72297412916e-108,4.69102566089,2.345512830445
1.665,1665.0,0.001,0.0375,,5.7871276106e-108,4.68929925135,2.344649625675
1.666,1666.0,0.001,0.0375,,5.85244976734e-108,4.68755162349,2.343775811745
1.667,1667.0,0.001,0.0375,,5.9189638509e-108,4.68578282935,2.342891414675
1.668,1668.0,0.001,0.0375,,5.98669365086e-108,4.6839929212,2.3419964606
1.669,1669.0,0.001,0.0375,,6.0556635082e-108,4.68218195145,2.341090975725
1.67,1670.0,0.001,0.0375,,6.12589832915e-108,4.68034997277,2.340174986385
1.671,1671.0,0.001,0.0375,,6.19742359924e-108,4.67849703796,2.33924851898
1.672,1672.0,0.001,0.0375,,6.27026539791e-108,4.67662320005,2.338311600025
1.673,1673.0,0.001,0.0375,,6.34445041339e-108,4.67472851226,2.33736425613
1.674,1674.0,0.001,0.0375,,6.42000595805e-108,4.67281302798,2.33640651399
1.675,1675.0,0.001,0.0375,,6.49695998411e-108,4.6708768008,2.3354384004
1.676,1676.0,0.001,0.0375,,6.57534109988e-108,4.66891988447,2.334459942235
1.677,1677.0,0.001,0.0375,,6.65517858636e-108,4.66694233296,2.33347116648
1.678,1678.0,0.001,0.0375,,6.73650241431e-108,4.6649442004,2.3324721002
1.679,1679.0,0.001,0.0375,,6.8193432618e-108,4.6629255411,2.33146277055
1.68,1680.0,0.001,0.0375,,6.90373253229e-108,4.66088640956,2.33044320478
1.681,1681.0,0.001,0.0375,,6.9897023731e-108,4.65882686043,2.329413430215
1.682,1682.0,0.001,0.0375,,7.0772856945e-108,4.65674694857,2.328373474285
1.683,1683.0,0.001,0.0375,,7.16651618929e-108,4.65464672898,2.32732336449
1.684,1684.0,0.001,0.0375,,7.25742835288e-108,4.65252625687,2.326263128435
1.685,1685.0,0.001,0.0375,,7.35005750399e-108,4.65038558758,2.32519279379
1.686,1686.0,0.001,0.0375,,7.4444398059e-108,4.64822477664,2.32411238832
1.687,1687.0,0.001,0.0375,,7.54061228832e-108,4.64604387976,2.32302193988
1.688,1688.0,0.001,0.0375,,7.63861286978e-108,4.64384295278,2.32192147639
1.689,1689.0,0.001,0.0375,,7.73848038077e-108,4.64162205173,2.320811025865
1.69,1690.0,0.001,0.0375,,7.84025458747e-108,4.6393812328,2.3196906164
1.691,1691.0,0.001,0.0375,,7.9439762161e-108,4.63712055233,2.318560276165
1.692,1692.0,0.001,0.0375,,8.04968697805e-108,4.63484006683,2.317420033415
1.693,1693.0,0.001,0.0375,,8.15742959564e-108,4.63253983297,2.316269916485
1.694,1694.0,0.001,0.0375,,8.26724782866e-108,4.63021990755,2.315109953775
1.695,1695.0,0.001,0.0375,,8.37918650161e-108,4.62788034756,2.31394017378
1.696,1696.0,0.001,0.0375,,8.49329153176e-108,4.62552121011,2.312760605055
1.697,1697.0,0.001,0.0375,,8.60960995797e-108,4.6231425525,2.31157127625
1.698,1698.0,0.001,0.0375,,8.72818997035e-108,4.62074443213,2.310372216065
1.699,1699.0,0.001,0.0375,,8.84908094073e-108,4.6183269066,2.3091634533
1.7,1700.0,0.001,0.0375,,8.97233345406e-108,4.61589003361,2.307945016805
1.701,1701.0,0.001,0.0375,,9.09799934066e-108,4.61343387105,2.306716935525
1.702,1702.0,0.001,0.0375,,9.22613170938e-108,4.6109584769,2.30547923845
1.703,1703.0,0.001,0.0375,,9.35678498175e-108,4.60846390933,2.304231954665
1.704,1704.0,0.001,0.0375,,9.4900149271e-108,4.60595022663,2.302975113315
1.705,1705.0,0.001,0.0375,,9.62587869866e-108,4.60341748723,2.301708743615
1.706,1706.0,0.001,0.0375,,9.76443487073e-108,4.60086574969,2.300432874845
1.707,1707.0,0.001,0.0375,,9.90574347691e-108,4.59829507272,2.29914753636
1.708,1708.0,0.001,0.0375,,1.00498660495e-107,4.59570551516,2.29785275758
1.709,1709.0,0.001,0.0375,,1.01968656597e-107,4.59309713596,2.29654856798
1.71,1710.0,0.001,0.0375,,1.03468069598e-107,4.59046999424,2.29523499712
1.711,1711.0,0.001,0.0375,,1.04997562255e-107,4.58782414921,2.293912074605
1.712,1712.0,0.001,0.0375,,1.06557814002e-107,4.58515966025,2.292579830125
1.713,1713.0,0.001,0.0375,,1.08149521405e-107,4.58247658682,2.29123829341
1.714,1714.0,0.001,0.0375,,1.09773398628e-107,4.57977498854,2.28988749427
1.715,1715.0,0.001,0.0375,,1.11430177913e-107,4.57705492514,2.28852746257
1.716,1716.0,0.001,0.0375,,1.13120610077e-107,4.57431645647,2.287158228235
1.717,1717.0,0.001,0.0375,,1.1484546502e-107,4.5715596425,2.28577982125
1.718,1718.0,0.001,0.0375,,1.16605532249e-107,4.56878454333,2.284392271665
1.719,1719.0,0.001,0.0375,,1.18401621419e-107,4.56599121915,2.282995609575
1.72,1720.0,0.001,0.0375,,1.20234562887e-107,4.5631797303,2.28158986515
1.721,1721.0,0.001,0.0375,,1.22105208284e-107,4.56035013722,2.28017506861
1.722,1722.0,0.001,0.0375,,1.24014431109e-107,4.55750250044,2.27875125022
1.723,1723.0,0.001,0.0375,,1.25963127326e-107,4.55463688063,2.277318440315
1.724,1724.0,0.001,0.0375,,1.27952215997e-107,4.55175333857,2.275876669285
1.725,1725.0,0.001,0.0375,,1.29982639922e-107,4.54885193512,2.27442596756
1.726,1726.0,0.001,0.0375,,1.32055366299e-107,4.54593273128,2.27296636564
1.727,1727.0,0.001,0.0375,,1.34171387409e-107,4.54299578813,2.271497894065
1.728,1728.0,0.001,0.0375,,1.36331721317e-107,4.54004116686,2.27002058343
1.729,1729.0,0.001,0.0375,,1.38537412595e-107,4.53706892877,2.268534464385
1.73,1730.0,0.001,0.0375,,1.40789533067e-107,4.53407913525,2.267039567625
1.731,1731.0,0.001,0.0375,,1.43089182576e-107,4.5310718478,2.2655359239
1.732,1732.0,0.001,0.0375,,1.45437489776e-107,4.52804712801,2.264023564005
1.733,1733.0,0.001,0.0375,,1.47835612945e-107,4.52500503756,2.26250251878
1.734,1734.0,0.001,0.0375,,1.50284740823e-107,4.52194563824,2.26097281912
1.735,1735.0,0.001,0.0375,,1.52786093477e-107,4.51886899192,2.25943449596
1.736,1736.0,0.001,0.0375,,1.55340923192e-107,4.51577516056,2.25788758028
1.737,1737.0,0.001,0.0375,,1.57950515387e-107,4.51266420622,2.25633210311
1.738,1738.0,0.001,0.0375,,1.6061618956e-107,4.50953619104,2.25476809552
1.739,1739.0,0.001,0.0375,,1.63339300263e-107,4.50840861027,2.254204305135
1.74,1740.0,0.001,0.0375,,1.66121238106e-107,4.50761186934,2.25380593467
1.741,1741.0,0.001,0.0375,,1.6896343079e-107,4.50679407776,2.25339703888
1.742,1742.0,0.001,0.0375,,1.71867344172e-107,4.50595527234,2.25297763617
1.743,1743.0,0.001,0.0375,,1.74834483365e-107,4.50509549013,2.252547745065
1.744,1744.0,0.001,0.0375,,1.77866393871e-107,4.5042147684,2.2521073842
1.745,1745.0,0.001,0.0375,,1.80964662748e-107,4.50331314468,2.25165657234
1.746,1746.0,0.001,0.0375,,1.84130919808e-107,4.50239065669,2.251195328345
1.747,1747.0,0.001,0.0375,,1.87366838865e-107,4.50144734243,2.250723671215
1.748,1748.0,0.001,0.0375,,1.90674139008e-107,4.50048324008,2.25024162004
1.749,1749.0,0.001,0.0375,,1.94054585918e-107,4.49949838808,2.24974919404
1.75,1750.0,0.001,0.0375,,1.97509993234e-107,4.49849282508,2.24924641254
1.7510000000000001,1751.0,0.001,0.0375,,2.01042223944e-107,4.49746658996,2.24873329498
1.752,1752.0,0.001,0.0375,,2.04653191838e-107,4.49641972184,2.24820986092
1.7530000000000001,1753.0,0.001,0.0375,,2.08344862992e-107,4.49535226002,2.24767613001
1.754,1754.0,0.001,0.0375,,2.12119257307e-107,4.49426424406,2.24713212203
1.7550000000000001,1755.0,0.001,0.0375,,2.15978450092e-107,4.49315571373,2.246577856865
1.756,1756.0,0.001,0.0375,,2.19924573698e-107,4.49202670899,2.246013354495
1.7570000000000001,1757.0,0.001,0.0375,,2.23959819201e-107,4.49087727007,2.245438635035
1.758,1758.0,0.001,0.0375,,2.28086438143e-107,4.48970743736,2.24485371868
1.7590000000000001,1759.0,0.001,0.0375,,2.32306744321e-107,4.4885172515,2.24425862575
1.76,1760.0,0.001,0.0375,,2.36623115638e-107,4.48730675333,2.243653376665
1.7610000000000001,1761.0,0.001,0.0375,,2.41037996011e-107,4.48607598389,2.243037991945
1.762,1762.0,0.001,0.0375,,2.45553897336e-107,4.48482498446,2.24241249223
1.7630000000000001,1763.0,0.001,0.0375,,2.50173401519e-107,4.4835537965,2.24177689825
1.764,1764.0,0.001,0.0375,,2.54899162571e-107,4.48226246169,2.241131230845
1.7650000000000001,1765.0,0.001,0.0375,,2.59733908768e-107,4.48095102192,2.24047551096
1.766,1766.0,0.001,0.0375,,2.6468044488e-107,4.47961951926,2.23980975963
1.7670000000000001,1767.0,0.001,0.0375,,2.69741654475e-107,4.47826799601,2.239133998005
1.768,1768.0,0.001,0.0375,,2.74920502288e-107,4.47689649467,2.238448247335
1.7690000000000001,1769.0,0.001,0.0375,,2.80220036674e-107,4.47550505792,2.23775252896
1.77,1770.0,0.001,0.0375,,2.85643392138e-107,4.47409372866,2.23704686433
1.7710000000000001,1771.0,0.001,0.0375,,2.91193791941e-107,4.47266254998,2.23633127499
1.772,1772.0,0.001,0.0375,,2.96874550796e-107,4.47121156516,2.23560578258
1.7730000000000001,1773.0,0.001,0.0375,,3.02689077649e-107,4.46974081768,2.23487040884
1.774,1774.0,0.001,0.0375,,3.08640878545e-107,4.46825035122,2.23412517561
1.7750000000000001,1775.0,0.001,0.0375,,3.14733559598e-107,4.46674020964,2.23337010482
1.776,1776.0,0.001,0.0375,,3.2097083004e-107,4.465210437,2.2326052185
1.7770000000000001,1777.0,0.001,0.0375,,3.27356505387e-107,4.46366107755,2.231830538775
1.778,1778.0,0.001,0.0375,,3.33894510695e-107,4.46209217572,2.23104608786
1.7790000000000001,1779.0,0.001,0.0375,,3.40588883927e-107,4.46050377614,2.23025188807
1.78,1780.0,0.001,0.0375,,3.47443779428e-107,4.4588959236,2.2294479618
1.7810000000000001,1781.0,0.001,0.0375,,3.54463471517e-107,4.45726866311,2.228634331555
1.782,1782.0,0.001,0.0375,,3.61652358188e-107,4.45562203984,2.22781101992
1.7830000000000001,1783.0,0.001,0.0375,,3.69014964946e-107,4.45395609913,2.226978049565
1.784,1784.0,0.001,0.0375,,3.76555948751e-107,4.45227088654,2.22613544327
1.7850000000000001,1785.0,0.001,0.0375,,3.84280102108e-107,4.45056644776,2.22528322388
1.786,1786.0,0.001,0.0375,,3.9219235728e-107,4.4488428287,2.22442141435
1.7870000000000001,1787.0,0.001,0.0375,,4.00297790648e-107,4.44710007542,2.22355003771
1.788,1788.0,0.001,0.0375,,4.08601627208e-107,4.44533823415,2.222669117075
1.7890000000000001,1789.0,0.001,0.0375,,4.17109245219e-107,4.44355735133,2.221778675665
1.79,1790.0,0.001,0.0375,,4.2582618101e-107,4.44175747353,2.220878736765
1.7910000000000001,1791.0,0.001,0.0375,,4.34758133938e-107,4.43993864751,2.219969323755
1.792,1792.0,0.001,0.0375,,4.43910971514e-107,4.4381009202,2.2190504601
1.793,1793.0,0.001,0.0375,,4.53290734704e-107,4.43624433869,2.218122169345
1.794,1794.0,0.001,0.0375,,4.62903643398e-107,4.43436895025,2.217184475125
1.795,1795.0,0.001,0.0375,,4.72756102071e-107,4.43247480229,2.216237401145
1.796,1796.0,0.001,0.0375,,4.82854705622e-107,4.43056194242,2.21528097121
1.797,1797.0,0.001,0.0375,,4.93206245423e-107,4.42863041838,2.21431520919
1.798,1798.0,0.001,0.0375,,5.03817715555e-107,4.42668027809,2.213340139045
1.799,1799.0,0.001,0.0375,,5.14696319266e-107,4.42471156961,2.212355784805
1.8,1800.0,0.001,0.0375,,5.25849475639e-107,4.42272434119,2.211362170595
1.801,1801.0,0.001,0.0375,,5.3728482649e-107,4.4207186412,2.2103593206
1.802,1802.0,0.001,0.0375,,5.4901024349e-107,4.4186945182,2.2093472591
1.803,1803.0,0.001,0.0375,,5.6103383554e-107,4.41665202088,2.20832601044
1.804,1804.0,0.001,0.0375,,5.73363956387e-107,4.41459119809,2.207295599045
1.805,1805.0,0.001,0.0375,,5.86009212499e-107,4.41251209884,2.20625604942
1.806,1806.0,0.001,0.0375,,5.98978471211e-107,4.41041477228,2.20520738614
1.807,1807.0,0.001,0.0375,,6.12280869144e-107,4.40829926772,2.20414963386
1.808,1808.0,0.001,0.0375,,6.25925820918e-107,4.40616563459,2.203082817295
1.809,1809.0,0.001,0.0375,,6.3992302815e-107,4.4040139225,2.20200696125
1.81,1810.0,0.001,0.0375,,6.54282488775e-107,4.40184418119,2.200922090595
1.811,1811.0,0.001,0.0375,,6.69014506669e-107,4.39965646054,2.19982823027
1.812,1812.0,0.001,0.0375,,6.84129701623e-107,4.39745081059,2.198725405295
1.813,1813.0,0.001,0.0375,,6.99639019635e-107,4.39522728149,2.197613640745
1.814,1814.0,0.001,0.0375,,7.15553743578e-107,4.39298592356,2.19649296178
1.815,1815.0,0.001,0.0375,,7.31885504224e-107,4.39072678723,2.195363393615
1.816,1816.0,0.001,0.0375,,7.48646291647e-107,4.3884499231,2.19422496155
1.817,1817.0,0.001,0.0375,,7.65848467031e-107,4.38615538188,2.19307769094
1.818,1818.0,0.001,0.0375,,7.83504774873e-107,4.38384321442,2.19192160721
1.819,1819.0,0.001,0.0375,,8.01628355621e-107,4.38151347171,2.190756735855
1.82,1820.0,0.001,0.0375,,8.20232758743e-107,4.37916620486,2.18958310243
1.821,1821.0,0.001,0.0375,,8.39331956254e-107,4.37680146512,2.18840073256
1.822,1822.0,0.001,0.0375,,8.58940356715e-107,4.37441930387,2.187209651935
1.823,1823.0,0.001,0.0375,,8.79072819718e-107,4.3720197726,2.1860098863
1.824,1824.0,0.001,0.0375,,8.9974467088e-107,4.36960292295,2.184801461475
1.825,1825.0,0.001,0.0375,,9.2097171736e-107,4.36716880668,2.18358440334
1.826,1826.0,0.001,0.0375,,9.4277026392e-107,4.36471747565,2.182358737825
1.827,1827.0,0.001,0.0375,,9.65157129549e-107,4.36224898187,2.181124490935
1.828,1828.0,0.001,0.0375,,9.88149664678e-107,4.35976337746,2.17988168873
1.829,1829.0,0.001,0.0375,,1.01176576899e-106,4.35726071466,2.17863035733
1.83,1830.0,0.001,0.0375,,1.03602390988e-106,4.35474104583,2.177370522915
1.831,1831.0,0.001,0.0375,,1.06094314152e-106,4.35220442344,2.17610221172
1.832,1832.0,0.001,0.0375,,1.08654312467e-106,4.34965090009,2.174825450045
1.833,1833.0,0.001,0.0375,,1.11284414714e-106,4.34708052849,2.173540264245
1.834,1834.0,0.001,0.0375,,1.13986714496e-106,4.34449336144,2.17224668072
1.835,1835.0,0.001,0.0375,,1.16763372438e-106,4.34188945188,2.17094472594
1.836,1836.0,0.001,0.0375,,1.19616618459e-106,4.33926885286,2.16963442643
1.837,1837.0,0.001,0.0375,,1.22548754126e-106,4.33663161752,2.16831580876
1.838,1838.0,0.001,0.0375,,1.25562155092e-106,4.33397779912,2.16698889956
1.839,1839.0,0.001,0.0375,,1.28659273625e-106,4.33130745103,2.165653725515
1.84,1840.0,0.001,0.0375,,1.31842641223e-106,4.32862062671,2.164310313355
1.841,1841.0,0.001,0.0375,,1.35114871324e-106,4.32591737974,2.16295868987
1.842,1842.0,0.001,0.0375,,1.38478662115e-106,4.3231977638,2.1615988819
1.843,1843.0,0.001,0.0375,,1.41936799443e-106,4.32046183266,2.16023091633
1.844,1844.0,0.001,0.0375,,1.45492159824e-106,4.31770964021,2.158854820105
1.845,1845.0,0.001,0.0375,,1.4914771357e-106,4.31494124041,2.157470620205
1.846,1846.0,0.001,0.0375,,1.52906528026e-106,4.31215668734,2.15607834367
1.847,1847.0,0.001,0.0375,,1.56771770919e-106,4.30935603518,2.15467801759
1.848,1848.0,0.001,0.0375,,1.60746713833e-106,4.30653933818,2.15326966909
1.849,1849.0,0.001,0.0375,,1.64834735817e-106,4.30370665071,2.151853325355
1.85,1850.0,0.001,0.0375,,1.69039327106e-106,4.30085802722,2.15042901361
1.851,1851.0,0.001,0.0375,,1.73364093001e-106,4.29799352226,2.14899676113
1.852,1852.0,0.001,0.0375,,1.77812757867e-106,4.29511319044,2.14755659522
1.853,1853.0,0.001,0.0375,,1.82389169298e-106,4.2922170865,2.14610854325
1.854,1854.0,0.001,0.0375,,1.87097302421e-106,4.28930526525,2.144652632625
1.855,1855.0,0.001,0.0375,,1.91941264363e-106,4.28637778157,2.143188890785
1.856,1856.0,0.001,0.0375,,1.96925298881e-106,4.28343469045,2.141717345225
1.857,1857.0,0.001,0.0375,,2.02053791162e-106,4.28047604694,2.14023802347
1.858,1858.0,0.001,0.0375,,2.07331272803e-106,4.27861316368,2.13930658184
1.859,1859.0,0.001,0.0375,,2.12762426968e-106,4.2774622774,2.1387311387
1.86,1860.0,0.001,0.0375,,2.18352093746e-106,4.27629245419,2.138146227095
1.861,1861.0,0.001,0.0375,,2.24105275694e-106,4.27510373132,2.13755186566
1.862,1862.0,0.001,0.0375,,2.30027143599e-106,4.27389614624,2.13694807312
1.863,1863.0,0.001,0.0375,,2.36123042441e-106,4.2726697366,2.1363348683
1.864,1864.0,0.001,0.0375,,2.42398497592e-106,4.27142454025,2.135712270125
1.865,1865.0,0.001,0.0375,,2.48859221232e-106,4.27016059523,2.135080297615
1.866,1866.0,0.001,0.0375,,2.55511119013e-106,4.26887793976,2.13443896988
1.867,1867.0,0.001,0.0375,,2.62360296969e-106,4.26757661226,2.13378830613
1.868,1868.0,0.001,0.0375,,2.69413068686e-106,4.26625665134,2.13312832567
1.869,1869.0,0.001,0.0375,,2.76675962736e-106,4.26491809579,2.132459047895
1.87,1870.0,0.001,0.0375,,2.84155730399e-106,4.26356098459,2.131780492295
1.871,1871.0,0.001,0.0375,,2.91859353666e-106,4.2621853569,2.13109267845
1.872,1872.0,0.001,0.0375,,2.99794053545e-106,4.26079125207,2.130395626035
1.873,1873.0,0.001,0.0375,,3.07967298687e-106,4.25937870963,2.129689354815
1.874,1874.0,0.001,0.0375,,3.16386814331e-106,4.2579477693,2.12897388465
1.875,1875.0,0.001,0.0375,,3.25060591585e-106,4.25649847095,2.128249235475
1.8760000000000001,1876.0,0.001,0.0375,,3.33996897068e-106,4.25503085466,2.12751542733
1.877,1877.0,0.001,0.0375,,3.43204282908e-106,4.25354496068,2.12677248034
1.8780000000000001,1878.0,0.001,0.0375,,3.52691597125e-106,4.25204082943,2.126020414715
1.879,1879.0,0.001,0.0375,,3.62467994408e-106,4.25051850151,2.125259250755
1.8800000000000001,1880.0,0.001,0.0375,,3.725429473e-106,4.24897801768,2.12448900884
1.881,1881.0,0.001,0.0375,,3.82926257814e-106,4.2474194189,2.12370970945
1.8820000000000001,1882.0,0.001,0.0375,,3.93628069489e-106,4.24584274628,2.12292137314
1.883,1883.0,0.001,0.0375,,4.04658879912e-106,4.24424804111,2.122124020555
1.8840000000000001,1884.0,0.001,0.0375,,4.1602955371e-106,4.24263534483,2.121317672415
1.885,1885.0,0.001,0.0375,,4.27751336055e-106,4.24100469908,2.12050234954
1.8860000000000001,1886.0,0.001,0.0375,,4.39835866675e-106,4.23935614564,2.11967807282
1.887,1887.0,0.001,0.0375,,4.52295194413e-106,4.23768972647,2.118844863235
1.8880000000000001,1888.0,0.001,0.0375,,4.65141792342e-106,4.23600548369,2.118002741845
1.889,1889.0,0.001,0.0375,,4.78388573466e-106,4.23430345957,2.117151729785
1.8900000000000001,1890.0,0.001,0.0375,,4.92048907028e-106,4.23258369657,2.116291848285
1.891,1891.0,0.001,0.0375,,5.06136635446e-106,4.23084623728,2.11542311864
1.8920000000000001,1892.0,0.001,0.0375,,5.20666091916e-106,4.22909112447,2.114545562235
1.893,1893.0,0.001,0.0375,,5.35652118683e-106,4.22731840107,2.113659200535
1.8940000000000001,1894.0,0.001,0.0375,,5.51110086035e-106,4.22552811014,2.11276405507
1.895,1895.0,0.001,0.0375,,5.67055912034e-106,4.22372029493,2.111860147465
1.8960000000000001,1896.0,0.001,0.0375,,5.83506083012e-106,4.22189499881,2.110947499405
1.897,1897.0,0.001,0.0375,,6.00477674876e-106,4.22005226535,2.110026132675
1.8980000000000001,1898.0,0.001,0.0375,,6.17988375235e-106,4.21819213821,2.109096069105
1.899,1899.0,0.001,0.0375,,6.36056506408e-106,4.21631466126,2.10815733063
1.9000000000000001,1900.0,0.001,0.0375,,6.5470104932e-106,4.21441987849,2.107209939245
1.901,1901.0,0.001,0.0375,,6.73941668352e-106,4.21250783403,2.106253917015
1.9020000000000001,1902.0,0.001,0.0375,,6.93798737154e-106,4.21057857219,2.105289286095
1.903,1903.0,0.001,0.0375,,7.14293365487e-106,4.20863213738,2.10431606869
1.9040000000000001,1904.0,0.001,0.0375,,7.35447427121e-106,4.20794875423,2.103974377115
1.905,1905.0,0.001,0.0375,,7.57283588831e-106,4.20756976835,2.103784884175
1.9060000000000001,1906.0,0.001,0.0375,,7.79825340546e-106,4.20717180661,2.103585903305
1.907,1907.0,0.001,0.0375,,8.03097026692e-106,4.20675489524,2.10337744762
1.9080000000000001,1908.0,0.001,0.0375,,8.27123878779e-106,4.20631906069,2.103159530345
1.909,1909.0,0.001,0.0375,,8.51932049282e-106,4.20586432962,2.10293216481
1.9100000000000001,1910.0,0.001,0.0375,,8.77548646876e-106,4.20539072893,2.102695364465
1.911,1911.0,0.001,0.0375,,9.04001773067e-106,4.2048982857,2.10244914285
1.9120000000000001,1912.0,0.001,0.0375,,9.31320560294e-106,4.20438702724,2.10219351362
1.913,1913.0,0.001,0.0375,,9.59535211552e-106,4.20385698108,2.10192849054
1.9140000000000001,1914.0,0.001,0.0375,,9.88677041599e-106,4.20330817497,2.101654087485
1.915,1915.0,0.001,0.0375,,1.01877851982e-105,4.20274063684,2.10137031842
1.9160000000000001,1916.0,0.001,0.0375,,1.04987331481e-105,4.20215439485,2.101077197425
1.917,1917.0,0.001,0.0375,,1.08199634075e-105,4.20154947739,2.100774738695
1.9180000000000001,1918.0,0.001,0.0375,,1.11518380565e-105,4.20092591301,2.100462956505
1.919,1919.0,0.001,0.0375,,1.14947326154e-105,4.20028373052,2.10014186526
1.92,1920.0,0.001,0.0375,,1.18490365669e-105,4.19962295889,2.099811479445
1.921,1921.0,0.001,0.0375,,1.22151538993e-105,4.19894362732,2.09947181366
1.922,1922.0,0.001,0.0375,,1.25935036719e-105,4.19824576522,2.09912288261
1.923,1923.0,0.001,0.0375,,1.29845206033e-105,4.19752940219,2.098764701095
1.924,1924.0,0.001,0.0375,,1.33886556834e-105,4.19679456804,2.09839728402
1.925,1925.0,0.001,0.0375,,1.38063768104e-105,4.19604129277,2.098020646385
1.926,1926.0,0.001,0.0375,,1.42381694541e-105,4.19526960658,2.09763480329
1.927,1927.0,0.001,0.0375,,1.46845373456e-105,4.1944795399,2.09723976995
1.928,1928.0,0.001,0.0375,,1.51460031955e-105,4.19367112332,2.09683556166
1.929,1929.0,0.001,0.0375,,1.5623109442e-105,4.19284438764,2.09642219382
1.93,1930.0,0.001,0.0375,,1.61164190287e-105,4.19199936387,2.095999681935
1.931,1931.0,0.001,0.0375,,1.6626516215e-105,4.19113608319,2.095568041595
1.932,1932.0,0.001,0.0375,,1.71540074192e-105,4.190254577,2.0951272885
1.933,1933.0,0.001,0.0375,,1.76995220975e-105,4.18935487687,2.094677438435
1.934,1934.0,0.001,0.0375,,1.82637136576e-105,4.18843701458,2.09421850729
1.935,1935.0,0.001,0.0375,,1.88472604111e-105,4.18750102209,2.093750511045
1.936,1936.0,0.001,0.0375,,1.9450866565e-105,4.18654693156,2.09327346578
1.937,1937.0,0.001,0.0375,,2.00752632541e-105,4.18557477533,2.092787387665
1.938,1938.0,0.001,0.0375,,2.07212096164e-105,4.18458458592,2.09229229296
1.939,1939.0,0.001,0.0375,,2.13894939126e-105,4.18357639606,2.09178819803
1.94,1940.0,0.001,0.0375,,2.20809346931e-105,4.18255023864,2.09127511932
1.941,1941.0,0.001,0.0375,,2.27963820126e-105,4.18150614677,2.090753073385
1.942,1942.0,0.001,0.0375,,2.35367186957e-105,4.1804441537,2.09022207685
1.943,1943.0,0.001,0.0375,,2.43028616556e-105,4.17936429289,2.089682146445
1.944,1944.0,0.001,0.0375,,2.50957632671e-105,4.17826659797,2.089133298985
1.945,1945.0,0.001,0.0375,,2.59164127982e-105,4.17715110277,2.088575551385
1.946,1946.0,0.001,0.0375,,2.67658379006e-105,4.17601784127,2.088008920635
1.947,1947.0,0.001,0.0375,,2.76451061636e-105,4.17486684766,2.08743342383
1.948,1948.0,0.001,0.0375,,2.85553267324e-105,4.17369815627,2.086849078135
1.949,1949.0,0.001,0.0375,,2.94976519957e-105,4.17251180165,2.086255900825
1.95,1950.0,0.001,0.0375,,3.04732793433e-105,4.17130781849,2.085653909245
1.951,1951.0,0.001,0.0375,,3.14834529984e-105,4.17008624166,2.08504312083
1.952,1952.0,0.001,0.0375,,3.25294659273e-105,4.16884710623,2.084423553115
1.953,1953.0,0.001,0.0375,,3.36126618299e-105,4.1675904474,2.0837952237
1.954,1954.0,0.001,0.0375,,3.47344372143e-105,4.16631630058,2.08315815029
1.955,1955.0,0.001,0.0375,,3.58962435601e-105,4.16502470132,2.08251235066
1.956,1956.0,0.001,0.0375,,3.70995895726e-105,4.16371568537,2.081857842685
1.957,1957.0,0.001,0.0375,,3.83460435339e-105,4.16238928861,2.081194644305
1.958,1958.0,0.001,0.0375,,3.96372357537e-105,4.16104554711,2.080522773555
1.959,1959.0,0.001,0.0375,,4.09748611247e-105,4.15968449711,2.079842248555
1.96,1960.0,0.001,0.0375,,4.23606817871e-105,4.158306175,2.0791530875
1.961,1961.0,0.001,0.0375,,4.37965299074e-105,4.15691061734,2.07845530867
1.962,1962.0,0.001,0.0375,,4.52843105762e-105,4.15549786086,2.07774893043
1.963,1963.0,0.001,0.0375,,4.682600483e-105,4.15406794244,2.07703397122
1.964,1964.0,0.001,0.0375,,4.84236728031e-105,4.15262089912,2.07631044956
1.965,1965.0,0.001,0.0375,,5.00794570152e-105,4.15115676811,2.075578384055
1.966,1966.0,0.001,0.0375,,5.17955858002e-105,4.14967558677,2.074837793385
1.967,1967.0,0.001,0.0375,,5.35743768836e-105,4.14817739262,2.07408869631
1.968,1968.0,0.001,0.0375,,5.54182411136e-105,4.14666222333,2.073331111665
1.969,1969.0,0.001,0.0375,,5.73296863543e-105,4.14513011674,2.07256505837
1.97,1970.0,0.001,0.0375,,5.93113215472e-105,4.14358111082,2.07179055541
1.971,1971.0,0.001,0.0375,,6.13658609488e-105,4.14201524372,2.07100762186
1.972,1972.0,0.001,0.0375,,6.34961285525e-105,4.14043255372,2.07021627686
1.973,1973.0,0.001,0.0375,,6.57050627028e-105,4.13883307927,2.069416539635
1.974,1974.0,0.001,0.0375,,6.79957209102e-105,4.13721685895,2.068608429475
1.975,1975.0,0.001,0.0375,,7.03712848762e-105,4.1355839315,2.06779196575
1.976,1976.0,0.001,0.0375,,7.28350657377e-105,4.13393433581,2.066967167905
1.977,1977.0,0.001,0.0375,,7.53905095412e-105,4.1322681109,2.06613405545
1.978,1978.0,0.001,0.0375,,7.80412029557e-105,4.13058529596,2.06529264798
1.979,1979.0,0.001,0.0375,,8.07908792372e-105,4.12888593031,2.064442965155
1.98,1980.0,0.001,0.0375,,8.36434244542e-105,4.12717005341,2.063585026705
1.981,1981.0,0.001,0.0375,,8.66028839871e-105,4.12543770487,2.062718852435
1.982,1982.0,0.001,0.0375,,8.96734693146e-105,4.12368892443,2.061844462215
1.983,1983.0,0.001,0.0375,,9.28595650975e-105,4.12192375199,2.060961875995
1.984,1984.0,0.001,0.0375,,9.61657365769e-105,4.12014222757,2.060071113785
1.985,1985.0,0.001,0.0375,,9.95967372985e-105,4.11834439134,2.05917219567
1.986,1986.0,0.001,0.0375,,1.03157517179e-104,4.1165302836,2.0582651418
1.987,1987.0,0.001,0.0375,,1.06853230929e-104,4.11469994479,2.057349972395
1.988,1988.0,0.001,0.0375,,1.10689246853e-104,4.11285341547,2.056426707735
1.989,1989.0,0.001,0.0375,,1.14671156036e-104,4.11099073636,2.05549536818
1.99,1990.0,0.001,0.0375,,1.1880478194e-104,4.10911194829,2.054555974145
1.991,1991.0,0.001,0.0375,,1.23096190432e-104,4.10721709224,2.05360854612
1.992,1992.0,0.001,0.0375,,1.27551700254e-104,4.1053062093,2.05265310465
1.993,1993.0,0.001,0.0375,,1.32177893965e-104,4.1033793407,2.05168967035
1.994,1994.0,0.001,0.0375,,1.36981629366e-104,4.1014365278,2.0507182639
1.995,1995.0,0.001,0.0375,,1.41970051449e-104,4.09947781209,2.049738906045
1.996,1996.0,0.001,0.0375,,1.47150604866e-104,4.09750323518,2.04875161759
1.997,1997.0,0.001,0.0375,,1.52531046972e-104,4.0955128388,2.0477564194
1.998,1998.0,0.001,0.0375,,1.58119461445e-104,4.09350666481,2.046753332405
1.999,1999.0,0.001,0.0375,,1.63924272523e-104,4.0914847552,2.0457423776
2.0,2000.0,0.001,0.0375,,1.69954259888e-104,4.08944715208,2.04472357604
2.001,2001.0,0.001,0.0375,,1.76218574208e-104,4.08739389766,2.04369694883
2.0020000000000002,2002.0,0.001,0.0375000000001,,1.82726753398e-104,4.0853250343,2.04266251715
2.003,2003.0,0.001,0.0375,,1.89488739604e-104,4.08324060445,2.041620302225
2.004,2004.0,0.001,0.0375,,1.96514896967e-104,4.08114065071,2.040570325355
2.005,2005.0,0.001,0.0375,,2.03816030181e-104,4.07902521577,2.039512607885
2.0060000000000002,2006.0,0.001,0.0375000000001,,2.1140340391e-104,4.07689434244,2.03844717122
2.007,2007.0,0.001,0.0375,,2.19288763074e-104,4.07474807365,2.037374036825
2.008,2008.0,0.001,0.0375,,2.27484354066e-104,4.07258645244,2.03629322622
2.009,2009.0,0.001,0.0375,,2.36002946937e-104,4.07040952197,2.035204760985
2.0100000000000002,2010.0,0.001,0.0375000000001,,2.44857858597e-104,4.06821732551,2.034108662755
2.011,2011.0,0.001,0.0375,,2.54062977065e-104,4.06600990642,2.03300495321
2.012,2012.0,0.001,0.0375,,2.63632786845e-104,4.0637873082,2.0318936541
2.013,2013.0,0.001,0.0375,,2.73582395457e-104,4.06154957443,2.030774787215
2.0140000000000002,2014.0,0.001,0.0375000000001,,2.83927561188e-104,4.05929674882,2.02964837441
2.015,2015.0,0.001,0.0375,,2.94684722116e-104,4.05702887517,2.028514437585
2.016,2016.0,0.001,0.0375,,3.05871026478e-104,4.0547459974,2.0273729987
2.017,2017.0,0.001,0.0375,,3.17504364427e-104,4.05244815951,2.026224079755
2.0180000000000002,2018.0,0.001,0.0375000000001,,3.29603401264e-104,4.05013540563,2.025067702815
2.019,2019.0,0.001,0.0375,,3.42187612199e-104,4.04780777997,2.023903889985
2.02,2020.0,0.001,0.0375,,3.55277318727e-104,4.04546532685,2.022732663425
2.021,2021.0,0.001,0.0375,,3.6889372668e-104,4.0431080907,2.02155404535
2.0220000000000002,2022.0,0.001,0.0375000000001,,3.83058966055e-104,4.04073611603,2.020368058015
2.023,2023.0,0.001,0.0375,,3.97796132684e-104,4.03834944746,2.01917472373
2.024,2024.0,0.001,0.0375,,4.13129331842e-104,4.0359481297,2.01797406485
2.025,2025.0,0.001,0.0375,,4.29083723895e-104,4.03353220755,2.016766103775
2.0260000000000002,2026.0,0.001,0.0375000000001,,4.45685572062e-104,4.03110172593,2.015550862965
2.027,2027.0,0.001,0.0375,,4.62962292421e-104,4.02865672982,2.01432836491
2.028,2028.0,0.001,0.0375,,4.80942506239e-104,4.02619726432,2.01309863216
2.029,2029.0,0.001,0.0375,,4.99656094766e-104,4.02372337459,2.011861687295
2.0300000000000002,2030.0,0.001,0.0375000000001,,5.1913425658e-104,4.02123510592,2.01061755296
2.031,2031.0,0.001,0.0375,,5.3940956764e-104,4.01873250367,2.009366251835
2.032,2032.0,0.001,0.0375,,5.60516044147e-104,4.01621561327,2.008107806635
2.033,2033.0,0.001,0.0375,,5.82489208367e-104,4.01368448026,2.00684224013
2.0340000000000003,2034.0,0.001,0.0375000000001,,6.05366157558e-104,4.01113915027,2.005569575135
2.035,2035.0,0.001,0.0375,,6.29185636139e-104,4.00987495253,2.004937476265
2.036,2036.0,0.001,0.0375,,6.53988111277e-104,4.00930544254,2.00465272127
2.037,2037.0,0.001,0.0375,,6.79815852039e-104,4.00871928355,2.004359641775
2.0380000000000003,2038.0,0.001,0.0375000000001,,7.06713012292e-104,4.00811650006,2.00405825003
2.039,2039.0,0.001,0.0375,,7.34725717541e-104,4.00749711677,2.003748558385
2.04,2040.0,0.001,0.0375,,7.63902155875e-104,4.00686115852,2.00343057926
2.041,2041.0,0.001,0.0375,,7.94292673242e-104,4.00620865032,2.00310432516
2.0420000000000003,2042.0,0.001,0.0375000000001,,8.25949873261e-104,4.00553961739,2.002769808695
2.043,2043.0,0.001,0.0375,,8.58928721774e-104,4.00485408507,2.002427042535
2.044,2044.0,0.001,0.0375,,8.93286656399e-104,4.00415207891,2.002076039455
2.045,2045.0,0.001,0.0375,,9.2908370131e-104,4.00343362461,2.001716812305
2.0460000000000003,2046.0,0.001,0.0375000000001,,9.66382587498e-104,4.00269874804,2.00134937402
2.047,2047.0,0.001,0.0375,,1.0052488788e-103,4.00194747524,2.00097373762
2.048,2048.0,0.001,0.0375,,1.04575110396e-103,4.00117983242,2.00058991621
2.049,2049.0,0.001,0.0375,,1.08796089504e-103,4.00039584594,2.00019792297
2.05,2050.0,0.001,0.0375,,1.13195313245e-103,3.99959554234,1.99979777117
2.051,2051.0,0.001,0.0375000000001,,1.17780609701e-103,3.99877894831,1.999389474155
2.052,2052.0,0.001,0.0375,,1.22560162928e-103,3.99794609073,1.998973045365
2.053,2053.0,0.001,0.0375,,1.27542529661e-103,3.99709699662,1.99854849831
2.054,2054.0,0.001,0.0375,,1.32736656824e-103,3.99623169315,1.998115846575
2.055,2055.0,0.001,0.0375000000001,,1.38151899887e-103,3.99535020769,1.997675103845
2.056,2056.0,0.001,0.0375,,1.43798042113e-103,3.99445256772,1.99722628386
2.057,2057.0,0.001,0.0375,,1.49685314734e-103,3.99353880093,1.996769400465
2.058,2058.0,0.001,0.0375,,1.55824418111e-103,3.99260893513,1.996304467565
2.059,2059.0,0.001,0.0375000000001,,1.62226543917e-103,3.99166299831,1.995831499155
2.06,2060.0,0.001,0.0375,,1.68903398404e-103,3.99070101859,1.995350509295
2.061,2061.0,0.001,0.0375,,1.758672268e-103,3.98972302428,1.99486151214
2.062,2062.0,0.001,0.0375,,1.83130838893e-103,3.98872904381,1.994364521905
2.063,2063.0,0.001,0.0375000000001,,1.90707635875e-103,3.9877191058,1.9938595529
2.064,2064.0,0.001,0.0375,,1.98611638483e-103,3.986693239,1.9933466195
2.065,2065.0,0.001,0.0375,,2.06857516527e-103,3.98565147231,1.992825736155
2.066,2066.0,0.001,0.0375,,2.15460619866e-103,3.98459383479,1.992296917395
2.067,2067.0,0.001,0.0375000000001,,2.24437010895e-103,3.98352035564,1.99176017782
2.068,2068.0,0.001,0.0375,,2.33803498636e-103,3.98243106424,1.99121553212
2.069,2069.0,0.001,0.0375,,2.43577674505e-103,3.98132599008,1.99066299504
2.07,2070.0,0.001,0.0375,,2.53777949829e-103,3.98020516283,1.990102581415
2.071,2071.0,0.001,0.0375000000001,,2.64423595232e-103,3.97906861228,1.98953430614
2.072,2072.0,0.001,0.0375,,2.75534781942e-103,3.97791636838,1.98895818419
2.073,2073.0,0.001,0.0375,,2.87132625163e-103,3.97674846122,1.98837423061
2.074,2074.0,0.001,0.0375,,2.99239229571e-103,3.97556492106,1.98778246053
2.075,2075.0,0.001,0.0375000000001,,3.11877737078e-103,3.97436577826,1.98718288913
2.076,2076.0,0.001,0.0375,,3.2507237696e-103,3.97315106336,1.98657553168
2.077,2077.0,0.001,0.0375,,3.38848518472e-103,3.97192080702,1.98596040351
2.078,2078.0,0.001,0.0375,,3.53232726082e-103,3.97067504006,1.98533752003
2.079,2079.0,0.001,0.0375000000001,,3.68252817452e-103,3.96941379342,1.98470689671
2.08,2080.0,0.001,0.0375,,3.83937924308e-103,3.96813709819,1.984068549095
2.081,2081.0,0.001,0.0375,,4.0031855635e-103,3.9668449856,1.9834224928
2.082,2082.0,0.001,0.0375,,4.17426668347e-103,3.96553748702,1.98276874351
2.083,2083.0,0.001,0.0375000000001,,4.35295730597e-103,3.96421463395,1.982107316975
2.084,2084.0,0.001,0.0375,,4.53960802906e-103,3.96287645803,1.981438229015
2.085,2085.0,0.001,0.0375,,4.73458612279e-103,3.96152299103,1.980761495515
2.086,2086.0,0.001,0.0375,,4.93827634512e-103,3.96015426487,1.980077132435
2.087,2087.0,0.001,0.0375000000001,,5.15108179878e-103,3.95877031158,1.97938515579
2.088,2088.0,0.001,0.0375,,5.3734248313e-103,3.95737116334,1.97868558167
2.089,2089.0,0.001,0.0375,,5.60574798029e-103,3.95595685246,1.97797842623
2.09,2090.0,0.001,0.0375,,5.84851496649e-103,3.95452741138,1.97726370569
2.091,2091.0,0.001,0.0375000000001,,6.10221173682e-103,3.95308287266,1.97654143633
2.092,2092.0,0.001,0.0375,,6.36734756026e-103,3.95162326901,1.975811634505
2.093,2093.0,0.001,0.0375,,6.6444561791e-103,3.95014863324,1.97507431662
2.094,2094.0,0.001,0.0375,,6.93409701858e-103,3.94865899832,1.97432949916
2.095,2095.0,0.001,0.0375000000001,,7.23685645783e-103,3.94715439733,1.973577198665
2.096,2096.0,0.001,0.0375,,7.55334916536e-103,3.94563486347,1.972817431735
2.097,2097.0,0.001,0.0375,,7.88421950244e-103,3.94410043007,1.972050215035
2.098,2098.0,0.001,0.0375,,8.23014299794e-103,3.94255113058,1.97127556529
2.099,2099.0,0.001,0.0375000000001,,8.59182789823e-103,3.9409869986,1.9704934993
2.1,2100.0,0.001,0.0375,,8.97001679626e-103,3.93940806782,1.96970403391
2.101,2101.0,0.001,0.0375,,9.3654883438e-103,3.93781437206,1.96890718603
2.102,2102.0,0.001,0.0375,,9.77905905116e-103,3.93620594527,1.968102972635
2.103,2103.0,0.001,0.0375000000001,,1.02115851791e-102,3.93458282151,1.967291410755
2.104,2104.0,0.001,0.0375,,1.06639647279e-102,3.93294503497,1.966472517485
2.105,2105.0,0.001,0.0375,,1.11371395279e-102,3.93129261995,1.965646309975
2.106,2106.0,0.001,0.0375,,1.16320974383e-102,3.92962561086,1.96481280543
2.107,2107.0,0.001,0.0375000000001,,1.21498746581e-102,3.92794404224,1.96397202112
2.108,2108.0,0.001,0.0375,,1.26915581568e-102,3.92624794874,1.96312397437
2.109,2109.0,0.001,0.0375,,1.325828823e-102,3.92453736513,1.962268682565
2.11,2110.0,0.001,0.0375,,1.38512611869e-102,3.92281232628,1.96140616314
2.111,2111.0,0.001,0.0375000000001,,1.44717321769e-102,3.9210728672,1.9605364336
2.112,2112.0,0.001,0.0375,,1.51210181618e-102,3.91931902297,1.959659511485
2.113,2113.0,0.001,0.0375,,1.58005010428e-102,3.91755082883,1.958775414415
2.114,2114.0,0.001,0.0375,,1.65116309489e-102,3.91576832009,1.957884160045
2.115,2115.0,0.001,0.0375000000001,,1.72559296963e-102,3.9139715322,1.9569857661
2.116,2116.0,0.001,0.0375,,1.80349944273e-102,3.91216050069,1.956080250345
2.117,2117.0,0.001,0.0375,,1.88505014387e-102,3.91033526122,1.95516763061
2.118,2118.0,0.001,0.0375,,1.97042102096e-102,3.90849584955,1.954247924775
2.119,2119.0,0.001,0.0375000000001,,2.05979676392e-102,3.90664230154,1.95332115077
2.12,2120.0,0.001,0.0375,,2.15337125054e-102,3.90477465317,1.952387326585
2.121,2121.0,0.001,0.0375,,2.2513480157e-102,3.90289294051,1.951446470255
2.122,2122.0,0.001,0.0375,,2.35394074511e-102,3.90099719975,1.950498599875
2.123,2123.0,0.001,0.0375000000001,,2.46137379486e-102,3.89908746715,1.949543733575
2.124,2124.0,0.001,0.0375,,2.57388273833e-102,3.89716377912,1.94858188956
2.125,2125.0,0.001,0.0375,,2.69171494167e-102,3.89522617212,1.94761308606
2.126,2126.0,0.001,0.0375,,2.8151301696e-102,3.89327468276,1.94663734138
2.1270000000000002,2127.0,0.001,0.0375000000001,,2.94440122312e-102,3.8913093477,1.94565467385
2.128,2128.0,0.001,0.0375,,3.07981461066e-102,3.88933020374,1.94466510187
2.129,2129.0,0.001,0.0375,,3.2216712548e-102,3.88733728776,1.94366864388
2.13,2130.0,0.001,0.0375,,3.37028723616e-102,3.88533063673,1.942665318365
2.1310000000000002,2131.0,0.001,0.0375000000001,,3.52599457663e-102,3.88331028773,1.941655143865
2.132,2132.0,0.001,0.0375,,3.68914206412e-102,3.88127627792,1.94063813896
2.133,2133.0,0.001,0.0375,,3.86009612084e-102,3.87922864457,1.939614322285
2.134,2134.0,0.001,0.0375,,4.03924171777e-102,3.87716742503,1.938583712515
2.1350000000000002,2135.0,0.001,0.0375000000001,,4.22698333756e-102,3.87509265675,1.937546328375
2.136,2136.0,0.001,0.0375,,4.42374598864e-102,3.87300437728,1.93650218864
2.137,2137.0,0.001,0.0375,,4.62997627329e-102,3.87090262423,1.935451312115
2.138,2138.0,0.001,0.0375,,4.84614351258e-102,3.86878743535,1.934393717675
2.1390000000000002,2139.0,0.001,0.0375000000001,,5.07274093128e-102,3.86665884843,1.933329424215
2.14,2140.0,0.001,0.0375,,5.31028690602e-102,3.86451690137,1.932258450685
2.141,2141.0,0.001,0.0375,,5.55932628011e-102,3.86236163216,1.93118081608
2.142,2142.0,0.001,0.0375,,5.82043174878e-102,3.86019307887,1.930096539435
2.1430000000000002,2143.0,0.001,0.0375000000001,,6.09420531853e-102,3.85801127965,1.929005639825
2.144,2144.0,0.001,0.0375,,6.38127984468e-102,3.85581627277,1.927908136385
2.145,2145.0,0.001,0.0375,,6.68232065155e-102,3.85360809653,1.926804048265
2.146,2146.0,0.001,0.0375,,6.99802723959e-102,3.85138678935,1.925693394675
2.1470000000000002,2147.0,0.001,0.0375000000001,,7.32913508435e-102,3.84915238972,1.92457619486
2.148,2148.0,0.001,0.0375,,7.67641753239e-102,3.84690493622,1.92345246811
2.149,2149.0,0.001,0.0375,,8.04068779922e-102,3.8446444675,1.92232223375
2.15,2150.0,0.001,0.0375,,8.42280107526e-102,3.8423710223,1.92118551115
2.1510000000000002,2151.0,0.001,0.0375000000001,,8.82365674539e-102,3.84008463943,1.920042319715
2.152,2152.0,0.001,0.0375,,9.2442007286e-102,3.83778535778,1.91889267889
2.153,2153.0,0.001,0.0375,,9.68542794436e-102,3.83547321633,1.917736608165
2.154,2154.0,0.001,0.0375,,1.01483849125e-101,3.83314825411,1.916574127055
2.1550000000000002,2155.0,0.001,0.0375000000001,,1.06341724944e-101,3.83081051025,1.915405255125
2.156,2156.0,0.001,0.0375,,1.11439487828e-101,3.82846002394,1.91423001197
2.157,2157.0,0.001,0.0375,,1.16789321487e-101,3.82609683446,1.91304841723
2.158,2158.0,0.001,0.0375,,1.22404044545e-101,3.82372098115,1.911860490575
2.1590000000000003,2159.0,0.001,0.0375000000001,,1.2829714442e-101,3.82133250343,1.910666251715
2.16,2160.0,0.001,0.0375,,1.3448281305e-101,3.81893144078,1.90946572039
2.161,2161.0,0.001,0.0375,,1.4097598457e-101,3.81651783276,1.90825891638
2.162,2162.0,0.001,0.0375,,1.47792375054e-101,3.81409171899,1.907045859495
2.1630000000000003,2163.0,0.001,0.0375000000001,,1.54948524428e-101,3.81165313919,1.905826569595
2.164,2164.0,0.001,0.0375,,1.62461840674e-101,3.8092021331,1.90460106655
2.165,2165.0,0.001,0.0375,,1.70350646468e-101,3.80673874057,1.903369370285
2.166,2166.0,0.001,0.0375,,1.78634228375e-101,3.80426300149,1.902131500745
2.1670000000000003,2167.0,0.001,0.0375000000001,,1.87332888738e-101,3.80177495582,1.90088747791
2.168,2168.0,0.001,0.0375,,1.9646800044e-101,3.79927464361,1.899637321805
2.169,2169.0,0.001,0.0375,,2.06062064666e-101,3.79676210493,1.898381052465
2.17,2170.0,0.001,0.0375,,2.16138771855e-101,3.79423737995,1.897118689975
2.1710000000000003,2171.0,0.001,0.0375000000001,,2.26723066018e-101,3.79170050889,1.895850254445
2.172,2172.0,0.001,0.0375,,2.37841212611e-101,3.78915153203,1.894575766015
2.173,2173.0,0.001,0.0375,,2.4952087015e-101,3.78659048971,1.893295244855
2.174,2174.0,0.001,0.0375,,2.6179116581e-101,3.78401742233,1.892008711165
2.1750000000000003,2175.0,0.001,0.0375000000001,,2.74682775197e-101,3.78143237036,1.89071618518
2.176,2176.0,0.001,0.0375,,2.88228006553e-101,3.77883537431,1.889417687155
2.177,2177.0,0.001,0.0375,,3.0246088964e-101,3.77622647477,1.888113237385
2.178,2178.0,0.001,0.0375,,3.17417269563e-101,3.77360571235,1.886802856175
2.179,2179.0,0.001,0.0375,,3.33134905812e-101,3.77097312777,1.885486563885
2.18,2180.0,0.001,0.0375000000001,,3.49653576829e-101,3.76832876175,1.884164380875
2.181,2181.0,0.001,0.0375,,3.670151904e-101,3.7656726551,1.88283632755
2.182,2182.0,0.001,0.0375,,3.85263900218e-101,3.76300484868,1.88150242434
2.183,2183.0,0.001,0.0375,,4.0444622895e-101,3.76032538339,1.880162691695
2.184,2184.0,0.001,0.0375000000001,,4.24611198202e-101,3.75763430018,1.87881715009
2.185,2185.0,0.001,0.0375,,4.45810465752e-101,3.75493164007,1.877465820035
2.186,2186.0,0.001,0.0375,,4.68098470483e-101,3.75221744411,1.876108722055
2.187,2187.0,0.001,0.0375,,4.9153258545e-101,3.74949175342,1.87474587671
2.188,2188.0,0.001,0.0375000000001,,5.1617327954e-101,3.74675460915,1.873377304575
2.189,2189.0,0.001,0.0375,,5.42084288232e-101,3.74400605251,1.872003026255
2.19,2190.0,0.001,0.0375,,5.69332793966e-101,3.74124612474,1.87062306237
2.191,2191.0,0.001,0.0375,,5.97989616675e-101,3.73847486716,1.86923743358
2.192,2192.0,0.001,0.0375000000001,,6.28129415066e-101,3.7356923211,1.86784616055
2.193,2193.0,0.001,0.0375,,6.59830899275e-101,3.73289852796,1.86644926398
2.194,2194.0,0.001,0.0375,,6.93177055528e-101,3.73009352916,1.86504676458
2.195,2195.0,0.001,0.0375,,7.28255383531e-101,3.72727736618,1.86363868309
2.196,2196.0,0.001,0.0375000000001,,7.65158147294e-101,3.72445008056,1.86222504028
2.197,2197.0,0.001,0.0375,,8.03982640184e-101,3.72161171383,1.860805856915
2.198,2198.0,0.001,0.0375,,8.44831465023e-101,3.71876230761,1.859381153805
2.199,2199.0,0.001,0.0375,,8.87812830096e-101,3.71590190355,1.857950951775
2.2,2200.0,0.001,0.0375000000001,,9.33040861996e-101,3.71303054331,1.856515271655
2.201,2201.0,0.001,0.0375,,9.80635936287e-101,3.71014826862,1.85507413431
2.202,2202.0,0.001,0.0375,,1.030725027e-100,3.70725512125,1.853627560625
2.203,2203.0,0.001,0.0375,,1.08344207608e-100,3.70435114297,1.852175571485
2.204,2204.0,0.001,0.0375000000001,,1.13892838392e-100,3.70143637564,1.85071818782
2.205,2205.0,0.001,0.0375,,1.19733302224e-100,3.6985108611,1.84925543055
2.206,2206.0,0.001,0.0375,,1.25881327053e-100,3.69557464127,1.847787320635
2.207,2207.0,0.001,0.0375,,1.32353507761e-100,3.69262775807,1.846313879035
2.208,2208.0,0.001,0.0375000000001,,1.39167354955e-100,3.68967025348,1.84483512674
2.209,2209.0,0.001,0.0375,,1.46341346559e-100,3.68670216951,1.843351084755
2.21,2210.0,0.001,0.0375,,1.53894982381e-100,3.68372354817,1.841861774085
2.211,2211.0,0.001,0.0375,,1.61848841808e-100,3.68073443154,1.84036721577
2.212,2212.0,0.001,0.0375000000001,,1.70224644824e-100,3.6777348617,1.83886743085
2.213,2213.0,0.001,0.0375,,1.7904531655e-100,3.67472488079,1.837362440395
2.214,2214.0,0.001,0.0375,,1.88335055498e-100,3.67170453096,1.83585226548
2.215,2215.0,0.001,0.0375,,1.98119405776e-100,3.66867385438,1.83433692719
2.216,2216.0,0.001,0.0375000000001,,2.08425333456e-100,3.66563289326,1.83281644663
2.217,2217.0,0.001,0.0375,,2.19281307372e-100,3.66258168984,1.83129084492
2.218,2218.0,0.001,0.0375,,2.30717384583e-100,3.65952028637,1.829760143185
2.219,2219.0,0.001,0.0375,,2.42765300806e-100,3.65644872514,1.82822436257
2.22,2220.0,0.001,0.0375000000001,,2.55458566085e-100,3.65336704846,1.82668352423
2.221,2221.0,0.001,0.0375,,2.68832566024e-100,3.65027529865,1.825137649325
2.222,2222.0,0.001,0.0375,,2.82924668899e-100,3.64717351809,1.823586759045
2.223,2223.0,0.001,0.0375,,2.97774339012e-100,3.64406174913,1.822030874565
2.224,2224.0,0.001,0.0375000000001,,3.13423256644e-100,3.64094003418,1.82047001709
2.225,2225.0,0.001,0.0375,,3.29915445005e-100,3.63780841566,1.81890420783
2.226,2226.0,0.001,0.0375,,3.47297404594e-100,3.63466693601,1.817333468005
2.227,2227.0,0.001,0.0375,,3.65618255407e-100,3.63151563768,1.81575781884
2.228,2228.0,0.001,0.0375000000001,,3.84929887469e-100,3.62835456314,1.81417728157
2.229,2229.0,0.001,0.0375,,4.05287120171e-100,3.62518375491,1.812591877455
2.23,2230.0,0.001,0.0375,,4.26747870952e-100,3.62200325547,1.811001627735
2.231,2231.0,0.001,0.0375,,4.4937333387e-100,3.61881310736,1.80940655368
2.232,2232.0,0.001,0.0375000000001,,4.73228168661e-100,3.61561335313,1.807806676565
2.233,2233.0,0.001,0.0375,,4.98380700909e-100,3.61240403532,1.80620201766
2.234,2234.0,0.001,0.0375,,5.24903133993e-100,3.60918519651,1.804592598255
2.235,2235.0,0.001,0.0375,,5.52871773515e-100,3.60595687929,1.802978439645
2.236,2236.0,0.001,0.0375000000001,,5.82367264952e-100,3.60271912624,1.80135956312
2.237,2237.0,0.001,0.0375,,6.13474845343e-100,3.59947197999,1.799735989995
2.238,2238.0,0.001,0.0375,,6.46284609823e-100,3.59621548314,1.79810774157
2.239,2239.0,0.001,0.0375,,6.80891793931e-100,3.59294967833,1.796474839165
2.24,2240.0,0.001,0.0375000000001,,7.17397072606e-100,3.58967460821,1.794837304105
2.241,2241.0,0.001,0.0375,,7.5590687691e-100,3.58639031541,1.793195157705
2.242,2242.0,0.001,0.0375,,7.96533729515e-100,3.5830968426,1.7915484213
2.243,2243.0,0.001,0.0375,,8.39396600104e-100,3.57979423244,1.78989711622
2.244,2244.0,0.001,0.0375000000001,,8.84621281889e-100,3.5764825276,1.7882412638
2.245,2245.0,0.001,0.0375,,9.32340790504e-100,3.57316177077,1.786580885385
2.246,2246.0,0.001,0.0375,,9.82695786651e-100,3.56983200463,1.784916002315
2.247,2247.0,0.001,0.0375,,1.03583502391e-99,3.56649327187,1.783246635935
2.248,2248.0,0.001,0.0375000000001,,1.09191582328e-99,3.56314561517,1.781572807585
2.249,2249.0,0.001,0.0375,,1.15110457598e-99,3.55978907725,1.779894538625
2.25,2250.0,0.001,0.0375,,1.21357727639e-99,3.5564237008,1.7782118504
2.251,2251.0,0.001,0.0375,,1.27952008674e-99,3.55304952852,1.77652476426
2.2520000000000002,2252.0,0.001,0.0375000000001,,1.34912993571e-99,3.54966660312,1.77483330156
2.253,2253.0,0.001,0.0375,,1.42261515282e-99,3.5462749673,1.77313748365
2.254,2254.0,0.001,0.0375,,1.50019614091e-99,3.54287466377,1.771437331885
2.255,2255.0,0.001,0.0375,,1.58210608892e-99,3.53946573523,1.769732867615
2.2560000000000002,2256.0,0.001,0.0375000000001,,1.6685917276e-99,3.53604822439,1.768024112195
2.257,2257.0,0.001,0.0375,,1.75991413057e-99,3.53262217394,1.76631108697
2.258,2258.0,0.001,0.0375,,1.85634956364e-99,3.5291876266,1.7645938133
2.259,2259.0,0.001,0.0375,,1.95819038532e-99,3.52574462505,1.762872312525
2.2600000000000002,2260.0,0.001,0.0375000000001,,2.06574600161e-99,3.52229321198,1.76114660599
2.261,2261.0,0.001,0.0375,,2.17934387842e-99,3.51883343009,1.759416715045
2.262,2262.0,0.001,0.0375,,2.29933061523e-99,3.51536532207,1.757682661035
2.263,2263.0,0.001,0.0375,,2.42607308356e-99,3.51188893057,1.755944465285
2.2640000000000002,2264.0,0.001,0.0375000000001,,2.5599596345e-99,3.50840429829,1.754202149145
2.265,2265.0,0.001,0.0375,,2.70140137928e-99,3.50491146788,1.75245573394
2.266,2266.0,0.001,0.0375,,2.85083354758e-99,3.501410482,1.750705241
2.267,2267.0,0.001,0.0375,,3.00871692828e-99,3.4979013833,1.74895069165
2.2680000000000002,2268.0,0.001,0.0375000000001,,3.17553939772e-99,3.49438421441,1.747192107205
2.269,2269.0,0.001,0.0375,,3.35181754095e-99,3.49085901798,1.74542950899
2.27,2270.0,0.001,0.0375,,3.53809837161e-99,3.48732583661,1.743662918305
2.271,2271.0,0.001,0.0375,,3.73496115667e-99,3.48378471291,1.741892356455
2.2720000000000002,2272.0,0.001,0.0375000000001,,3.94301935241e-99,3.48023568949,1.740117844745
2.273,2273.0,0.001,0.0375,,4.16292265855e-99,3.47667880893,1.738339404465
2.274,2274.0,0.001,0.0375,,4.39535919794e-99,3.4731141138,1.7365570569
2.275,2275.0,0.001,0.0375,,4.64105782954e-99,3.46954164666,1.73477082333
2.2760000000000002,2276.0,0.001,0.0375000000001,,4.9007906029e-99,3.46596145006,1.73298072503
2.277,2277.0,0.001,0.0375,,5.1753753631e-99,3.46237356652,1.73118678326
2.278,2278.0,0.001,0.0375,,5.46567851543e-99,3.45877803857,1.729389019285
2.279,2279.0,0.001,0.0375,,5.77261795966e-99,3.4551749087,1.72758745435
2.2800000000000002,2280.0,0.001,0.0375000000001,,6.09716620472e-99,3.4515642194,1.7257821097
2.281,2281.0,0.001,0.0375,,6.44035367475e-99,3.44794601313,1.723973006565
2.282,2282.0,0.001,0.0375,,6.80327221876e-99,3.44432033234,1.72216016617
2.283,2283.0,0.001,0.0375,,7.1870788364e-99,3.44068721946,1.72034360973
2.2840000000000003,2284.0,0.001,0.0375000000001,,7.59299963346e-99,3.43704671691,1.718523358455
2.285,2285.0,0.001,0.0375,,8.02233402154e-99,3.43339886708,1.71669943354
2.286,2286.0,0.001,0.0375,,8.47645917704e-99,3.42974371233,1.714871856165
2.287,2287.0,0.001,0.0375,,8.95683477592e-99,3.42608129502,1.71304064751
2.2880000000000003,2288.0,0.001,0.0375000000001,,9.46500802136e-99,3.42241165749,1.711205828745
2.289,2289.0,0.001,0.0375,,1.00026189829e-98,3.41873484203,1.709367421015
2.29,2290.0,0.001,0.0375,,1.05714062665e-98,3.41505089094,1.70752544547
2.291,2291.0,0.001,0.0375,,1.11732130363e-98,3.41307322138,1.70653661069
2.2920000000000003,2292.0,0.001,0.0375000000001,,1.1809993411e-98,3.41168047399,1.705840236995
2.293,2293.0,0.001,0.0375,,1.24838192565e-98,3.41027656904,1.70513828452
2.294,2294.0,0.001,0.0375,,1.31968874028e-98,3.40886153195,1.704430765975
2.295,2295.0,0.001,0.0375,,1.39515273089e-98,3.40743538822,1.70371769411
2.2960000000000003,2296.0,0.001,0.0375000000001,,1.47502092062e-98,3.40599816344,1.70299908172
2.297,2297.0,0.001,0.0375,,1.55955527498e-98,3.40454988326,1.70227494163
2.298,2298.0,0.001,0.0375,,1.64903362096e-98,3.40309057343,1.701545286715
2.299,2299.0,0.001,0.0375,,1.74375062362e-98,3.40162025973,1.700810129865
2.3000000000000003,2300.0,0.001,0.0375000000001,,1.84401882373e-98,3.40013896807,1.700069484035
2.301,2301.0,0.001,0.0375,,1.95016974041e-98,3.3986467244,1.6993233622
2.302,2302.0,0.001,0.0375,,2.06255504281e-98,3.39714355475,1.698571777375
2.303,2303.0,0.001,0.0375,,2.18154779531e-98,3.39562948523,1.697814742615
2.3040000000000003,2304.0,0.001,0.0375000000001,,2.30754378087e-98,3.39410454201,1.697052271005
2.305,2305.0,0.001,0.0375,,2.44096290749e-98,3.39256875134,1.69628437567
2.306,2306.0,0.001,0.0375,,2.58225070317e-98,3.39102213955,1.695511069775
2.307,2307.0,0.001,0.0375,,2.73187990488e-98,3.38946473302,1.69473236651
2.308,2308.0,0.001,0.0375,,2.89035214769e-98,3.38789655822,1.69394827911
2.309,2309.0,0.001,0.0375000000001,,3.05819976034e-98,3.38631764168,1.69315882084
2.31,2310.0,0.001,0.0375,,3.23598767414e-98,3.38472801,1.692364005
2.311,2311.0,0.001,0.0375,,3.42431545241e-98,3.38312768985,1.691563844925
2.312,2312.0,0.001,0.0375,,3.62381944823e-98,3.38151670797,1.690758353985
2.313,2313.0,0.001,0.0375000000001,,3.83517509866e-98,3.37989509117,1.689947545585
2.314,2314.0,0.001,0.0375,,4.05909936425e-98,3.37826286631,1.689131433155
2.315,2315.0,0.001,0.0375,,4.29635332321e-98,3.37662006034,1.68831003017
2.316,2316.0,0.001,0.0375,,4.54774493e-98,3.37496670026,1.68748335013
2.317,2317.0,0.001,0.0375000000001,,4.81413194922e-98,3.37330281314,1.68665140657
2.318,2318.0,0.001,0.0375,,5.09642507575e-98,3.37162842612,1.68581421306
2.319,2319.0,0.001,0.0375,,5.39559125345e-98,3.36994356639,1.684971783195
2.32,2320.0,0.001,0.0375,,5.71265720505e-98,3.36824826122,1.68412413061
2.321,2321.0,0.001,0.0375000000001,,6.04871318683e-98,3.36654253793,1.683271268965
2.322,2322.0,0.001,0.0375,,6.40491698289e-98,3.36482642391,1.682413211955
2.323,2323.0,0.001,0.0375,,6.78249815408e-98,3.36309994662,1.68154997331
2.324,2324.0,0.001,0.0375,,7.18276255851e-98,3.36136313356,1.68068156678
2.325,2325.0,0.001,0.0375000000001,,7.60709716089e-98,3.3596160123,1.67980800615
2.326,2326.0,0.001,0.0375,,8.05697514961e-98,3.35785861049,1.678929305245
2.327,2327.0,0.001,0.0375,,8.53396138152e-98,3.35609095581,1.678045477905
2.328,2328.0,0.001,0.0375,,9.03971817561e-98,3.35431307602,1.67715653801
2.329,2329.0,0.001,0.0375000000001,,9.5760114783e-98,3.35252499892,1.67626249946
2.33,2330.0,0.001,0.0375,,1.01447174245e-97,3.35072675239,1.675363376195
2.331,2331.0,0.001,0.0375,,1.07478293205e-97,3.34891836435,1.674459182175
2.332,2332.0,0.001,0.0375,,1.13874650752e-97,3.34709986279,1.673549931395
2.333,2333.0,0.001,0.0375000000001,,1.20658751106e-97,3.34527127575,1.672635637875
2.334,2334.0,0.001,0.0375,,1.2785450781e-97,3.34343263131,1.671716315655
2.335,2335.0,0.001,0.0375,,1.35487333354e-97,3.34158395764,1.67079197882
2.336,2336.0,0.001,0.0375,,1.4358423458e-97,3.33972528295,1.669862641475
2.337,2337.0,0.001,0.0375000000001,,1.5217391425e-97,3.33785663548,1.66892831774
2.338,2338.0,0.001,0.0375,,1.61286879177e-97,3.33597804356,1.66798902178
2.339,2339.0,0.001,0.0375,,1.7095555535e-97,3.33408953555,1.667044767775
2.34,2340.0,0.001,0.0375,,1.81214410514e-97,3.33219113988,1.66609556994
2.341,2341.0,0.001,0.0375000000001,,1.92100084691e-97,3.33028288502,1.66514144251
2.342,2342.0,0.001,0.0375,,2.03651529167e-97,3.32836479949,1.664182399745
2.343,2343.0,0.001,0.0375,,2.15910154495e-97,3.32643691186,1.66321845593
2.344,2344.0,0.001,0.0375,,2.28919988117e-97,3.32449925077,1.662249625385
2.345,2345.0,0.001,0.0375000000001,,2.42727842235e-97,3.32255184489,1.661275922445
2.346,2346.0,0.001,0.0375,,2.57383492593e-97,3.32059472294,1.66029736147
2.347,2347.0,0.001,0.0375,,2.72939868912e-97,3.31928174737,1.659640873685
2.348,2348.0,0.001,0.0375,,2.89453257735e-97,3.31903284488,1.65951642244
2.349,2349.0,0.001,0.0375000000001,,3.06983518499e-97,3.31877239014,1.65938619507
2.35,2350.0,0.001,0.0375,,3.25594313709e-97,3.31850039627,1.659250198135
2.351,2351.0,0.001,0.0375,,3.45353354165e-97,3.3182168765,1.65910843825
2.352,2352.0,0.001,0.0375,,3.66332660202e-97,3.31792184417,1.658960922085
2.353,2353.0,0.001,0.0375000000001,,3.88608840049e-97,3.31761531273,1.658807656365
2.354,2354.0,0.001,0.0375,,4.12263386397e-97,3.31729729572,1.65864864786
2.355,2355.0,0.001,0.0375,,4.37382992429e-97,3.31696780679,1.658483903395
2.356,2356.0,0.001,0.0375,,4.64059888559e-97,3.3166268597,1.65831342985
2.357,2357.0,0.001,0.0375000000001,,4.90610351816e-97,3.3162744683,1.65813723415
2.358,2358.0,0.001,0.0375,,5.18256914738e-97,3.31591064654,1.65795532327
2.359,2359.0,0.001,0.0375,,5.47494114957e-97,3.3155354085,1.65776770425
2.36,2360.0,0.001,0.0375,,5.78415255219e-97,3.31514876833,1.657574384165
2.361,2361.0,0.001,0.0375000000001,,6.11119210962e-97,3.3147507403,1.65737537015
2.362,2362.0,0.001,0.0375,,6.45710768853e-97,3.31434133878,1.65717066939
2.363,2363.0,0.001,0.0375,,6.82300986219e-97,3.31392057823,1.656960289115
2.364,2364.0,0.001,0.0375,,7.21007572697e-97,3.31348847321,1.656744236605
2.365,2365.0,0.001,0.0375000000001,,7.61955295465e-97,3.3130450384,1.6565225192
2.366,2366.0,0.001,0.0375,,8.05276409573e-97,3.31259028856,1.65629514428
2.367,2367.0,0.001,0.0375,,8.51111114918e-97,3.31212423855,1.656062119275
2.368,2368.0,0.001,0.0375,,8.99608041564e-97,3.31164690334,1.65582345167
2.369,2369.0,0.001,0.0375000000001,,9.50924765169e-97,3.31115829799,1.655579148995
2.37,2370.0,0.001,0.0375,,1.00522835443e-96,3.31065843766,1.65532921883
2.371,2371.0,0.001,0.0375,,1.06269595257e-96,3.31014733761,1.655073668805
2.372,2372.0,0.001,0.0375,,1.12351539499e-96,3.30962501319,1.654812506595
2.373,2373.0,0.001,0.0375000000001,,1.18788586538e-96,3.30909147985,1.654545739925
2.374,2374.0,0.001,0.0375,,1.25601859276e-96,3.30854675313,1.654273376565
2.375,2375.0,0.001,0.0375,,1.32813759197e-96,3.30799084869,1.653995424345
2.376,2376.0,0.001,0.0375,,1.40448045039e-96,3.30742378226,1.65371189113
2.3770000000000002,2377.0,0.001,0.0375000000001,,1.48529916389e-96,3.30684556967,1.653422784835
2.378,2378.0,0.001,0.0375,,1.57086102494e-96,3.30625622685,1.653128113425
2.379,2379.0,0.001,0.0375,,1.66144956648e-96,3.30565576982,1.65282788491
2.38,2380.0,0.001,0.0375,,1.75736556477e-96,3.30504421469,1.652522107345
2.3810000000000002,2381.0,0.001,0.0375000000001,,1.85892810523e-96,3.30442157769,1.652210788845
2.382,2382.0,0.001,0.0375,,1.96647571515e-96,3.3037878751,1.65189393755
2.383,2383.0,0.001,0.0375,,2.08036756755e-96,3.30314312332,1.65157156166
2.384,2384.0,0.001,0.0375,,2.2009847607e-96,3.30248733885,1.651243669425
2.3850000000000002,2385.0,0.001,0.0375000000001,,2.32873167824e-96,3.30182053825,1.650910269125
2.386,2386.0,0.001,0.0375,,2.46403743482e-96,3.3011427382,1.6505713691
2.387,2387.0,0.001,0.0375,,2.60735741306e-96,3.30045395545,1.650226977725
2.388,2388.0,0.001,0.0375,,2.75917489727e-96,3.29975420686,1.64987710343
2.3890000000000002,2389.0,0.001,0.0375000000001,,2.92000281045e-96,3.29904350938,1.64952175469
2.39,2390.0,0.001,0.0375,,3.09038556105e-96,3.29832188002,1.64916094001
2.391,2391.0,0.001,0.0375,,3.2709010065e-96,3.29758933591,1.648794667955
2.392,2392.0,0.001,0.0375,,3.46216254106e-96,3.29684589426,1.64842294713
2.3930000000000002,2393.0,0.001,0.0375000000001,,3.66482131596e-96,3.29609157236,1.64804578618
2.394,2394.0,0.001,0.0375,,3.87956860027e-96,3.29532638761,1.647663193805
2.395,2395.0,0.001,0.0375,,4.10713829173e-96,3.29455035746,1.64727517873
2.396,2396.0,0.001,0.0375,,4.34830958687e-96,3.29376349949,1.646881749745
2.3970000000000002,2397.0,0.001,0.0375000000001,,4.6039098211e-96,3.29296583133,1.646482915665
2.398,2398.0,0.001,0.0375,,4.87481748929e-96,3.29215737073,1.646078685365
2.399,2399.0,0.001,0.0375,,5.16196545887e-96,3.29133813549,1.645669067745
2.4,2400.0,0.001,0.0375,,5.46634438762e-96,3.29050814352,1.64525407176
2.4010000000000002,2401.0,0.001,0.0375000000001,,5.7890063595e-96,3.28966741282,1.64483370641
2.402,2402.0,0.001,0.0375,,6.13106875259e-96,3.28881596144,1.64440798072
2.403,2403.0,0.001,0.0375,,6.49371835417e-96,3.28795380756,1.64397690378
2.404,2404.0,0.001,0.0375,,6.87821573895e-96,3.28708096941,1.643540484705
2.4050000000000002,2405.0,0.001,0.0375000000001,,7.28589992752e-96,3.28619746532,1.64309873266
2.406,2406.0,0.001,0.0375,,7.71819334318e-96,3.28530331369,1.642651656845
2.407,2407.0,0.001,0.0375,,8.17660708655e-96,3.28439853301,1.642199266505
2.408,2408.0,0.001,0.0375,,8.66274654861e-96,3.28348314186,1.64174157093
2.4090000000000003,2409.0,0.001,0.0375000000001,,9.17831738421e-96,3.28255715888,1.64127857944
2.41,2410.0,0.001,0.0375,,9.72513186938e-96,3.28162060282,1.64081030141
2.411,2411.0,0.001,0.0375,,1.03051156677e-95,3.28067349249,1.640336746245
2.412,2412.0,0.001,0.0375,,1.09203150322e-95,3.27971584677,1.639857923385
2.4130000000000003,2413.0,0.001,0.0375000000001,,1.1572904471e-95,3.27874768466,1.63937384233
2.414,2414.0,0.001,0.0375,,1.22651949079e-95,3.2777690252,1.6388845126
2.415,2415.0,0.001,0.0375,,1.29996423689e-95,3.27677988752,1.63838994376
2.416,2416.0,0.001,0.0375,,1.37788572298e-95,3.27578029085,1.637890145425
2.4170000000000003,2417.0,0.001,0.0375000000001,,1.46056140626e-95,3.27477025446,1.63738512723
2.418,2418.0,0.001,0.0375,,1.5482862117e-95,3.27374979773,1.636874898865
2.419,2419.0,0.001,0.0375,,1.64137364829e-95,3.27271894011,1.636359470055
2.42,2420.0,0.001,0.0375,,1.74015699736e-95,3.27167770111,1.635838850555
2.4210000000000003,2421.0,0.001,0.0375000000001,,1.84499057823e-95,3.27062610033,1.635313050165
2.422,2422.0,0.001,0.0375,,1.95625109577e-95,3.26956415745,1.634782078725
2.423,2423.0,0.001,0.0375,,2.07433907569e-95,3.26849189223,1.634245946115
2.424,2424.0,0.001,0.0375,,2.19968039298e-95,3.26740932448,1.63370466224
2.4250000000000003,2425.0,0.001,0.0375000000001,,2.33272789992e-95,3.2663164741,1.63315823705
2.426,2426.0,0.001,0.0375,,2.47396316001e-95,3.26521336107,1.632606680535
2.427,2427.0,0.001,0.0375,,2.62389829497e-95,3.26410000544,1.63205000272
2.428,2428.0,0.001,0.0375,,2.78307795214e-95,3.26297642734,1.63148821367
2.4290000000000003,2429.0,0.001,0.0375000000001,,2.95208140033e-95,3.26184264694,1.63092132347
2.43,2430.0,0.001,0.0375,,3.1315247626e-95,3.26069868453,1.630349342265
2.431,2431.0,0.001,0.0375,,3.32206339502e-95,3.25954456044,1.62977228022
2.432,2432.0,0.001,0.0375,,3.52439442101e-95,3.25838029508,1.62919014754
2.433,2433.0,0.001,0.0375,,3.73925943173e-95,3.25720590894,1.62860295447
2.434,2434.0,0.001,0.0375000000001,,3.96744736338e-95,3.25602142256,1.62801071128
2.435,2435.0,0.001,0.0375,,4.20979756328e-95,3.25482685658,1.62741342829
2.436,2436.0,0.001,0.0375,,4.46720305713e-95,3.25362223168,1.62681111584
2.437,2437.0,0.001,0.0375,,4.74061403101e-95,3.25240756863,1.626203784315
2.438,2438.0,0.001,0.0375000000001,,5.0310415422e-95,3.25118288825,1.625591444125
2.439,2439.0,0.001,0.0375,,5.33956147427e-95,3.24994821146,1.62497410573
2.44,2440.0,0.001,0.0375,,5.66731875256e-95,3.24870355922,1.62435177961
2.441,2441.0,0.001,0.0375,,6.01553183747e-95,3.24744895256,1.62372447628
2.442,2442.0,0.001,0.0375000000001,,6.38549751414e-95,3.24618441259,1.623092206295
2.443,2443.0,0.001,0.0375,,6.77859599824e-95,3.24490996048,1.62245498024
2.444,2444.0,0.001,0.0375,,7.19629637912e-95,3.24362561747,1.621812808735
2.445,2445.0,0.001,0.0375,,7.64016242272e-95,3.24233140486,1.62116570243
2.446,2446.0,0.001,0.0375000000001,,8.1118587585e-95,3.24102734401,1.620513672005
2.447,2447.0,0.001,0.0375,,8.61315747602e-95,3.23971345637,1.619856728185
2.448,2448.0,0.001,0.0375,,9.14594515862e-95,3.23838976344,1.61919488172
2.449,2449.0,0.001,0.0375,,9.71223038366e-95,3.23705628677,1.618528143385
2.45,2450.0,0.001,0.0375000000001,,1.03141517205e-94,3.23571304799,1.617856523995
2.451,2451.0,0.001,0.0375,,1.09539862596e-94,3.23436006879,1.617180034395
2.452,2452.0,0.001,0.0375,,1.16341587091e-94,3.23299737092,1.61649868546
2.453,2453.0,0.001,0.0375,,1.23572510959e-94,3.23162497621,1.615812488105
2.454,2454.0,0.001,0.0375000000001,,1.31260131128e-94,3.23024290653,1.615121453265
2.455,2455.0,0.001,0.0375,,1.39433731557e-94,3.22885118382,1.61442559191
2.456,2456.0,0.001,0.0375,,1.48124500959e-94,3.22744983007,1.613724915035
2.457,2457.0,0.001,0.0375,,1.57365658385e-94,3.22603886736,1.61301943368
2.458,2458.0,0.001,0.0375000000001,,1.67192587197e-94,3.2246183178,1.6123091589
2.459,2459.0,0.001,0.0375,,1.77642977987e-94,3.22318820357,1.611594101785
2.46,2460.0,0.001,0.0375,,1.88756981065e-94,3.22174854692,1.61087427346
2.461,2461.0,0.001,0.0375,,2.00577369154e-94,3.22029937015,1.610149685075
2.462,2462.0,0.001,0.0375000000001,,2.13149710973e-94,3.21884069561,1.609420347805
2.463,2463.0,0.001,0.0375,,2.26522556473e-94,3.21737254572,1.60868627286
2.464,2464.0,0.001,0.0375,,2.4074763449e-94,3.21589494296,1.60794747148
2.465,2465.0,0.001,0.0375,,2.55880063675e-94,3.21440790986,1.60720395493
2.466,2466.0,0.001,0.0375000000001,,2.71978577593e-94,3.21291146901,1.606455734505
2.467,2467.0,0.001,0.0375,,2.8910576497e-94,3.21140564306,1.60570282153
2.468,2468.0,0.001,0.0375,,3.07328326093e-94,3.2098904547,1.60494522735
2.469,2469.0,0.001,0.0375,,3.26717346493e-94,3.20836592669,1.604182963345
2.47,2470.0,0.001,0.0375000000001,,3.47348589066e-94,3.20683208185,1.603416040925
2.471,2471.0,0.001,0.0375,,3.69302805903e-94,3.20528894304,1.60264447152
2.472,2472.0,0.001,0.0375,,3.92666071165e-94,3.20373653319,1.601868266595
2.473,2473.0,0.001,0.0375,,4.17530136452e-94,3.20217487527,1.601087437635
2.474,2474.0,0.001,0.0375000000001,,4.43992810191e-94,3.2006039923,1.60030199615
2.475,2475.0,0.001,0.0375,,4.72158362699e-94,3.19902390738,1.59951195369
2.476,2476.0,0.001,0.0375,,5.02137958659e-94,3.19743464363,1.598717321815
2.477,2477.0,0.001,0.0375,,5.34050118921e-94,3.19583622424,1.59791811212
2.478,2478.0,0.001,0.0375000000001,,5.68021213595e-94,3.19422867244,1.59711433622
2.479,2479.0,0.001,0.0375,,6.04185988623e-94,3.19261201154,1.59630600577
2.48,2480.0,0.001,0.0375,,6.42688128099e-94,3.19128097947,1.595640489735
2.481,2481.0,0.001,0.0375,,6.83680854818e-94,3.19063961806,1.59531980903
2.482,2482.0,0.001,0.0375000000001,,7.27327571655e-94,3.18998810923,1.594994054615
2.483,2483.0,0.001,0.0375,,7.73802546611e-94,3.18932646824,1.59466323412
2.484,2484.0,0.001,0.0375,,8.23291644515e-94,3.18865471047,1.594327355235
2.485,2485.0,0.001,0.0375,,8.759931086e-94,3.18797285134,1.59398642567
2.486,2486.0,0.001,0.0375000000001,,9.32118395403e-94,3.18728090636,1.59364045318
2.487,2487.0,0.001,0.0375,,9.91893066645e-94,3.18657889112,1.59328944556
2.488,2488.0,0.001,0.0375,,1.05555774206e-93,3.1858668213,1.59293341065
2.489,2489.0,0.001,0.0375,,1.12336911735e-93,3.18514471264,1.59257235632
2.49,2490.0,0.001,0.0375000000001,,1.19560105178e-93,3.18441258096,1.59220629048
2.491,2491.0,0.001,0.0375,,1.27254573029e-93,3.18367044217,1.591835221085
2.492,2492.0,0.001,0.0375,,1.35451490512e-93,3.18291831225,1.591459156125
2.493,2493.0,0.001,0.0375,,1.44184122271e-93,3.18215620725,1.591078103625
2.494,2494.0,0.001,0.0375000000001,,1.53487964155e-93,3.18138414329,1.590692071645
2.495,2495.0,0.001,0.0375,,1.63400894741e-93,3.18060213659,1.590301068295
2.496,2496.0,0.001,0.0375,,1.73963337273e-93,3.17981020343,1.589905101715
2.497,2497.0,0.001,0.0375,,1.85218432735e-93,3.17900836017,1.589504180085
2.498,2498.0,0.001,0.0375000000001,,1.97212224832e-93,3.17819662322,1.58909831161
2.499,2499.0,0.001,0.0375,,2.09993857713e-93,3.1773750091,1.58868750455
2.5,2500.0,0.001,0.0375,,2.23615787326e-93,3.17654353439,1.588271767195
2.501,2501.0,0.001,0.0375,,2.38134007338e-93,3.17570221574,1.58785110787
2.5020000000000002,2502.0,0.001,0.0375000000001,,2.53608290656e-93,3.17485106986,1.58742553493
2.503,2503.0,0.001,0.0375,,2.70102447632e-93,3.17399011357,1.586995056785
2.504,2504.0,0.001,0.0375,,2.87684602103e-93,3.17311936373,1.586559681865
2.505,2505.0,0.001,0.0375,,3.06427486538e-93,3.17223883727,1.586119418635
2.5060000000000002,2506.0,0.001,0.0375000000001,,3.26408757603e-93,3.17134855122,1.58567427561
2.507,2507.0,0.001,0.0375,,3.47711333593e-93,3.17044852266,1.58522426133
2.508,2508.0,0.001,0.0375,,3.70423755247e-93,3.16953876873,1.584769384365
2.509,2509.0,0.001,0.0375,,3.94640571596e-93,3.16861930668,1.58430965334
2.5100000000000002,2510.0,0.001,0.0375000000001,,4.20462752591e-93,3.16769015378,1.58384507689
2.511,2511.0,0.001,0.0375,,4.47998130404e-93,3.16675132741,1.583375663705
2.512,2512.0,0.001,0.0375,,4.77361871388e-93,3.165802845,1.5829014225
2.513,2513.0,0.001,0.0375,,5.08676980892e-93,3.16484472406,1.58242236203
2.5140000000000002,2514.0,0.001,0.0375000000001,,5.42074843198e-93,3.16387698214,1.58193849107
2.515,2515.0,0.001,0.0375,,5.77695799083e-93,3.16289963691,1.581449818455
2.516,2516.0,0.001,0.0375,,6.1568976364e-93,3.16191270605,1.580956353025
2.517,2517.0,0.001,0.0375,,6.56216887206e-93,3.16091620735,1.580458103675
2.5180000000000002,2518.0,0.001,0.0375000000001,,6.99448262419e-93,3.15991015864,1.57995507932
2.519,2519.0,0.001,0.0375,,7.45566680682e-93,3.15889457785,1.579447288925
2.52,2520.0,0.001,0.0375,,7.94767441502e-93,3.15786948293,1.578934741465
2.521,2521.0,0.001,0.0375,,8.47259218457e-93,3.15703252753,1.578516263765
2.5220000000000002,2522.0,0.001,0.0375000000001,,9.03264985782e-93,3.15686887029,1.578434435145
2.523,2523.0,0.001,0.0375,,9.63023009872e-93,3.15669494478,1.57834747239
2.524,2524.0,0.001,0.0375,,1.0267879103e-92,3.15651076147,1.578255380735
2.525,2525.0,0.001,0.0375,,1.09483179524e-92,3.15631633097,1.578158165485
2.5260000000000002,2526.0,0.001,0.0375000000001,,1.16744547667e-92,3.15611166393,1.578055831965
2.527,2527.0,0.001,0.0375,,1.24493977086e-92,3.15589677113,1.577948385565
2.528,2528.0,0.001,0.0375,,1.32764689036e-92,3.1556716634,1.5778358317
2.529,2529.0,0.001,0.0375,,1.41592193387e-92,3.15543635168,1.57771817584
2.5300000000000002,2530.0,0.001,0.0375000000001,,1.51014448099e-92,3.15519084701,1.577595423505
2.531,2531.0,0.001,0.0375,,1.61072029938e-92,3.15493516048,1.57746758024
2.532,2532.0,0.001,0.0375,,1.71808317219e-92,3.15466930329,1.577334651645
2.533,2533.0,0.001,0.0375,,1.83269685446e-92,3.15439328673,1.577196643365
2.5340000000000003,2534.0,0.001,0.0375000000001,,1.9550571676e-92,3.15410712216,1.57705356108
2.535,2535.0,0.001,0.0375,,2.08569424184e-92,3.15381082104,1.57690541052
2.536,2536.0,0.001,0.0375,,2.22517491722e-92,3.15350439492,1.57675219746
2.537,2537.0,0.001,0.0375,,2.37410531436e-92,3.1531878554,1.5765939277
2.5380000000000003,2538.0,0.001,0.0375000000001,,2.53313358732e-92,3.15286121421,1.576430607105
2.539,2539.0,0.001,0.0375,,2.70295287133e-92,3.15252448314,1.57626224157
2.54,2540.0,0.001,0.0375,,2.88430443957e-92,3.15217767407,1.576088837035
2.541,2541.0,0.001,0.0375,,3.07798108381e-92,3.15182079896,1.57591039948
2.5420000000000003,2542.0,0.001,0.0375000000001,,3.28483073505e-92,3.15145386986,1.57572693493
2.543,2543.0,0.001,0.0375,,3.50576034132e-92,3.15107689889,1.575538449445
2.544,2544.0,0.001,0.0375,,3.74174002107e-92,3.15068989827,1.575344949135
2.545,2545.0,0.001,0.0375,,3.99380751199e-92,3.15029288029,1.575146440145
2.5460000000000003,2546.0,0.001,0.0375000000001,,4.26307293653e-92,3.14988585733,1.574942928665
2.547,2547.0,0.001,0.0375,,4.5507239067e-92,3.14946884186,1.57473442093
2.548,2548.0,0.001,0.0375,,4.85803099281e-92,3.1490418464,1.5745209232
2.549,2549.0,0.001,0.0375,,5.18635358216e-92,3.14860488359,1.574302441795
2.5500000000000003,2550.0,0.001,0.0375000000001,,5.53714615583e-92,3.14815796612,1.57407898306
2.551,2551.0,0.001,0.0375,,5.91196501376e-92,3.14770110678,1.57385055339
2.552,2552.0,0.001,0.0375,,6.31247548037e-92,3.14723431844,1.57361715922
2.553,2553.0,0.001,0.0375,,6.74045962546e-92,3.14675761404,1.57337880702
2.5540000000000003,2554.0,0.001,0.0375000000001,,7.19782453759e-92,3.14627100661,1.573135503305
2.555,2555.0,0.001,0.0375,,7.68661118988e-92,3.14577450924,1.57288725462
2.556,2556.0,0.001,0.0375,,8.20900394099e-92,3.14526813513,1.572634067565
2.557,2557.0,0.001,0.0375,,8.76734071747e-92,3.14475189753,1.572375948765
2.5580000000000003,2558.0,0.001,0.0375000000001,,9.36412392643e-92,3.14422580978,1.57211290489
2.559,2559.0,0.001,0.0375,,1.00020321519e-91,3.14368988531,1.571844942655
2.56,2560.0,0.001,0.0375,,1.06839326914e-91,3.1431441376,1.5715720688
2.561,2561.0,0.001,0.0375,,1.14128949935e-91,3.14258858025,1.571294290125
2.562,2562.0,0.001,0.0375,,1.21922050628e-91,3.14202322688,1.57101161344
2.563,2563.0,0.001,0.0375000000001,,1.30253809005e-91,3.14144809124,1.57072404562
2.564,2564.0,0.001,0.0375,,1.39161890589e-91,3.14086318713,1.570431593565
2.565,2565.0,0.001,0.0375,,1.48686623874e-91,3.14026852843,1.570134264215
2.566,2566.0,0.001,0.0375,,1.58871190595e-91,3.1396641291,1.56983206455
2.567,2567.0,0.001,0.0375000000001,,1.69761829732e-91,3.13905000316,1.56952500158
2.568,2568.0,0.001,0.0375,,1.81408056236e-91,3.13842616473,1.569213082365
2.569,2569.0,0.001,0.0375,,1.93862895571e-91,3.137792628,1.568896314
2.57,2570.0,0.001,0.0375,,2.07183135216e-91,3.13714940721,1.568574703605
2.571,2571.0,0.001,0.0375000000001,,2.2142959436e-91,3.1364965167,1.56824825835
2.572,2572.0,0.001,0.0375,,2.36667413134e-91,3.13583397087,1.567916985435
2.573,2573.0,0.001,0.0375,,2.5296636279e-91,3.13516178422,1.56758089211
2.574,2574.0,0.001,0.0375,,2.70401178372e-91,3.13447997127,1.567239985635
2.575,2575.0,0.001,0.0375000000001,,2.89051915526e-91,3.13378854668,1.56689427334
2.576,2576.0,0.001,0.0375,,3.09004333205e-91,3.13308752512,1.56654376256
2.577,2577.0,0.001,0.0375,,3.30350304183e-91,3.13237692138,1.56618846069
2.578,2578.0,0.001,0.0375,,3.53188255395e-91,3.13165675029,1.565828375145
2.579,2579.0,0.001,0.0375000000001,,3.77623640325e-91,3.13092702677,1.565463513385
2.58,2580.0,0.001,0.0375,,4.03769445754e-91,3.1301877658,1.5650938829
2.581,2581.0,0.001,0.0375,,4.31746735428e-91,3.12943898245,1.564719491225
2.582,2582.0,0.001,0.0375,,4.61685233342e-91,3.12868069184,1.56434034592
2.583,2583.0,0.001,0.0375000000001,,4.93723949552e-91,3.12791290916,1.56395645458
2.584,2584.0,0.001,0.0375,,5.28011851659e-91,3.12713564969,1.563567824845
2.585,2585.0,0.001,0.0375,,5.64708585314e-91,3.12634892875,1.563174464375
2.586,2586.0,0.001,0.0375,,6.03985247367e-91,3.12555276177,1.562776380885
2.587,2587.0,0.001,0.0375000000001,,6.46025215535e-91,3.12474716421,1.562373582105
2.588,2588.0,0.001,0.0375,,6.91025038767e-91,3.12393215162,1.56196607581
2.589,2589.0,0.001,0.0375,,7.39195392772e-91,3.12310773961,1.561553869805
2.59,2590.0,0.001,0.0375,,7.9076210555e-91,3.12227394386,1.56113697193
2.591,2591.0,0.001,0.0375000000001,,8.45967258068e-91,3.12143078012,1.56071539006
2.592,2592.0,0.001,0.0375,,9.05070365667e-91,3.1205782642,1.5602891321
2.593,2593.0,0.001,0.0375,,9.68349646162e-91,3.11971641199,1.559858205995
2.594,2594.0,0.001,0.0375,,1.03610338105e-90,3.11884523944,1.55942261972
2.595,2595.0,0.001,0.0375000000001,,1.10865137675e-90,3.11796476256,1.55898238128
2.596,2596.0,0.001,0.0375,,1.18633653322e-90,3.11707499743,1.558537498715
2.597,2597.0,0.001,0.0375,,1.26952652809e-90,3.1161759602,1.5580879801
2.598,2598.0,0.001,0.0375,,1.3586156246e-90,3.11526766709,1.557633833545
2.599,2599.0,0.001,0.0375000000001,,1.45402661284e-90,3.11435013436,1.55717506718
2.6,2600.0,0.001,0.0375,,1.55621289403e-90,3.11342337837,1.556711689185
2.601,2601.0,0.001,0.0375,,1.66566071846e-90,3.11248741551,1.556243707755
2.602,2602.0,0.001,0.0375,,1.78289158868e-90,3.11154226226,1.55577113113
2.603,2603.0,0.001,0.0375000000001,,1.90846484e-90,3.11058793515,1.555293967575
2.604,2604.0,0.001,0.0375,,2.04298041181e-90,3.10962445078,1.55481222539
2.605,2605.0,0.001,0.0375,,2.18708182364e-90,3.10865182581,1.554325912905
2.606,2606.0,0.001,0.0375,,2.34145937148e-90,3.10767007695,1.553835038475
2.607,2607.0,0.001,0.0375000000001,,2.50685356065e-90,3.10667922101,1.553339610505
2.608,2608.0,0.001,0.0375,,2.68405879293e-90,3.10567927481,1.552839637405
2.609,2609.0,0.001,0.0375,,2.87392732698e-90,3.10467025527,1.552335127635
2.61,2610.0,0.001,0.0375,,3.07737353236e-90,3.10365217936,1.55182608968
2.611,2611.0,0.001,0.0375000000001,,3.29537845938e-90,3.10262506411,1.551312532055
2.612,2612.0,0.001,0.0375,,3.52899474805e-90,3.10158892661,1.550794463305
2.613,2613.0,0.001,0.0375,,3.77935190187e-90,3.100543784,1.550271892
2.614,2614.0,0.001,0.0375,,4.0476619536e-90,3.09948965351,1.549744826755
2.615,2615.0,0.001,0.0375000000001,,4.33522555244e-90,3.0984265524,1.5492132762
2.616,2616.0,0.001,0.0375,,4.64343850431e-90,3.097354498,1.548677249
2.617,2617.0,0.001,0.0375,,4.97379879919e-90,3.09627350769,1.548136753845
2.618,2618.0,0.001,0.0375,,5.32791416206e-90,3.09518359893,1.547591799465
2.619,2619.0,0.001,0.0375000000001,,5.7075101669e-90,3.09408478922,1.54704239461
2.62,2620.0,0.001,0.0375,,6.11443895601e-90,3.09297709612,1.54648854806
2.621,2621.0,0.001,0.0375,,6.55068861028e-90,3.09186053725,1.545930268625
2.622,2622.0,0.001,0.0375,,7.01839321931e-90,3.09073513029,1.545367565145
2.623,2623.0,0.001,0.0375000000001,,7.51984370419e-90,3.08960089297,1.544800446485
2.624,2624.0,0.001,0.0375,,8.05749944969e-90,3.08845784308,1.54422892154
2.625,2625.0,0.001,0.0375,,8.63400080685e-90,3.08730599847,1.543652999235
2.626,2626.0,0.001,0.0375,,9.2521825316e-90,3.08614537705,1.543072688525
2.6270000000000002,2627.0,0.001,0.0375000000001,,9.91508823034e-90,3.08497599675,1.542487998375
2.628,2628.0,0.001,0.0375,,1.06259858882e-89,3.08379787561,1.541898937805
2.629,2629.0,0.001,0.0375,,1.1388384562e-89,3.08261103169,1.541305515845
2.63,2630.0,0.001,0.0375,,1.22060523265e-89,3.0814154831,1.54070774155
2.6310000000000002,2631.0,0.001,0.0375000000001,,1.30830355675e-89,3.08021124803,1.540105624015
2.632,2632.0,0.001,0.0375,,1.4023679725e-89,3.0789983447,1.53949917235
2.633,2633.0,0.001,0.0375,,1.50326515965e-89,3.07777679139,1.538888395695
2.634,2634.0,0.001,0.0375,,1.61149633167e-89,3.07654660645,1.538273303225
2.6350000000000002,2635.0,0.001,0.0375000000001,,1.72759981436e-89,3.07530780825,1.537653904125
2.636,2636.0,0.001,0.0375,,1.85215381857e-89,3.07406041524,1.53703020762
2.637,2637.0,0.001,0.0375,,1.9857794219e-89,3.07280444592,1.53640222296
2.638,2638.0,0.001,0.0375,,2.12914377526e-89,3.07153991881,1.535769959405
2.6390000000000002,2639.0,0.001,0.0375000000001,,2.28296355129e-89,3.07026685253,1.535133426265
2.64,2640.0,0.001,0.0375,,2.44800865314e-89,3.06898526571,1.534492632855
2.641,2641.0,0.001,0.0375,,2.62510620336e-89,3.06769517706,1.53384758853
2.642,2642.0,0.001,0.0375,,2.81514483432e-89,3.06639660531,1.533198302655
2.6430000000000002,2643.0,0.001,0.0375000000001,,3.01907930297e-89,3.06508956927,1.532544784635
2.644,2644.0,0.001,0.0375,,3.23793545487e-89,3.06377408778,1.53188704389
2.645,2645.0,0.001,0.0375,,3.47281556398e-89,3.06245017974,1.53122508987
2.646,2646.0,0.001,0.0375,,3.72490407698e-89,3.06111786409,1.530558932045
2.6470000000000002,2647.0,0.001,0.0375000000001,,3.99547379293e-89,3.05977715982,1.52988857991
2.648,2648.0,0.001,0.0375,,4.28589251161e-89,3.05842808598,1.52921404299
2.649,2649.0,0.001,0.0375,,4.59763018636e-89,3.05707066165,1.528535330825
2.65,2650.0,0.001,0.0375,,4.93226661996e-89,3.05570490597,1.527852452985
2.6510000000000002,2651.0,0.001,0.0375000000001,,5.29149974519e-89,3.05433083812,1.52716541906
2.652,2652.0,0.001,0.0375,,5.67715453472e-89,3.05294847734,1.52647423867
2.653,2653.0,0.001,0.0375,,6.09119258872e-89,3.0515578429,1.52577892145
2.654,2654.0,0.001,0.0375,,6.535722452e-89,3.05015895412,1.52507947706
2.6550000000000002,2655.0,0.001,0.0375000000001,,7.01301071675e-89,3.04875183036,1.52437591518
2.656,2656.0,0.001,0.0375,,7.525493971e-89,3.04733649106,1.52366824553
2.657,2657.0,0.001,0.0375,,8.07579165801e-89,3.04591295565,1.522956477825
2.658,2658.0,0.001,0.0375,,8.66671991631e-89,3.04448124366,1.52224062183
2.6590000000000003,2659.0,0.001,0.0375000000001,,9.30130647593e-89,3.04304137462,1.52152068731
2.66,2660.0,0.001,0.0375,,9.98280669205e-89,3.04159336812,1.52079668406
2.661,2661.0,0.001,0.0375,,1.07147208035e-88,3.04013724381,1.520068621905
2.662,2662.0,0.001,0.0375,,1.15008125104e-88,3.03867302136,1.51933651068
2.6630000000000003,2663.0,0.001,0.0375000000001,,1.2345128973e-88,3.03720072049,1.518600360245
2.664,2664.0,0.001,0.0375,,1.32520223407e-88,3.03572036097,1.517860180485
2.665,2665.0,0.001,0.0375,,1.4226172929e-88,3.03423196261,1.517115981305
2.666,2666.0,0.001,0.0375,,1.52726141732e-88,3.03273554525,1.516367772625
2.6670000000000003,2667.0,0.001,0.0375000000001,,1.63967594934e-88,3.03123112879,1.515615564395
2.668,2668.0,0.001,0.0375,,1.76044312211e-88,3.02971873315,1.514859366575
2.669,2669.0,0.001,0.0375,,1.89018917449e-88,3.02819837832,1.51409918916
2.67,2670.0,0.001,0.0375,,2.02958770478e-88,3.0266700843,1.51333504215
2.6710000000000003,2671.0,0.001,0.0375000000001,,2.17936328202e-88,3.02513387115,1.512566935575
2.672,2672.0,0.001,0.0375,,2.34029533498e-88,3.02358975896,1.51179487948
2.673,2673.0,0.001,0.0375,,2.51322234013e-88,3.02203776786,1.51101888393
2.674,2674.0,0.001,0.0375,,2.69904633191e-88,3.02047791804,1.51023895902
2.6750000000000003,2675.0,0.001,0.0375000000001,,2.89873776024e-88,3.0189102297,1.50945511485
2.676,2676.0,0.001,0.0375,,3.11334072216e-88,3.01733472308,1.50866736154
2.677,2677.0,0.001,0.0375,,3.34397859681e-88,3.01575141849,1.507875709245
2.678,2678.0,0.001,0.0375,,3.59186011476e-88,3.01416033624,1.50708016812
2.6790000000000003,2679.0,0.001,0.0375000000001,,3.85828589583e-88,3.0125614967,1.50628074835
2.68,2680.0,0.001,0.0375,,4.14465549145e-88,3.01095492027,1.505477460135
2.681,2681.0,0.001,0.0375,,4.45247497107e-88,3.00934062739,1.504670313695
2.682,2682.0,0.001,0.0375,,4.78336509484e-88,3.00771863854,1.50385931927
2.6830000000000003,2683.0,0.001,0.0375000000001,,5.13907011821e-88,3.00608897422,1.50304448711
2.684,2684.0,0.001,0.0375,,5.52146727769e-88,3.00445165498,1.50222582749
2.685,2685.0,0.001,0.0375,,5.93257701085e-88,3.00280670141,1.501403350705
2.686,2686.0,0.001,0.0375,,6.37457396795e-88,3.00115413412,1.50057706706
2.6870000000000003,2687.0,0.001,0.0375000000001,,6.84979887663e-88,2.99949397377,1.499746986885
2.688,2688.0,0.001,0.0375,,7.36077132669e-88,2.99782624103,1.498913120515
2.689,2689.0,0.001,0.0375,,7.91020354648e-88,2.99620815025,1.498104075125
2.69,2690.0,0.001,0.0375,,8.50101524853e-88,2.99579291894,1.49789645947
2.691,2691.0,0.001,0.0375,,9.13634962803e-88,2.99536887021,1.497684435105
2.692,2692.0,0.001,0.0375000000001,,9.81959060427e-88,2.99493601505,1.497468007525
2.693,2693.0,0.001,0.0375,,1.05543814024e-87,2.99449436453,1.497247182265
2.694,2694.0,0.001,0.0375,,1.13446445804e-87,2.99404392975,1.497021964875
2.695,2695.0,0.001,0.0375,,1.21946036145e-87,2.99358472191,1.496792360955
2.696,2696.0,0.001,0.0375000000001,,1.31088061652e-87,2.99311675226,1.49655837613
2.697,2697.0,0.001,0.0375,,1.40921491559e-87,2.99264003211,1.496320016055
2.698,2698.0,0.001,0.0375,,1.51499058056e-87,2.99215457285,1.496077286425
2.699,2699.0,0.001,0.0375,,1.62877547706e-87,2.99166038591,1.495830192955
2.7,2700.0,0.001,0.0375000000001,,1.75118115589e-87,2.99115748282,1.49557874141
2.701,2701.0,0.001,0.0375,,1.88286623976e-87,2.99064587515,1.495322937575
2.702,2702.0,0.001,0.0375,,2.02454007448e-87,2.99012557454,1.49506278727
2.703,2703.0,0.001,0.0375,,2.17696666557e-87,2.98959659269,1.494798296345
2.704,2704.0,0.001,0.0375000000001,,2.34096892253e-87,2.98905894137,1.494529470685
2.705,2705.0,0.001,0.0375,,2.51743323518e-87,2.98851263242,1.49425631621
2.706,2706.0,0.001,0.0375,,2.7073144082e-87,2.98795767771,1.493978838855
2.707,2707.0,0.001,0.0375,,2.91164098198e-87,2.98739408922,1.49369704461
2.708,2708.0,0.001,0.0375000000001,,3.13152097043e-87,2.98682187896,1.49341093948
2.709,2709.0,0.001,0.0375,,3.3681480485e-87,2.98624105901,1.493120529505
2.71,2710.0,0.001,0.0375,,3.62280822494e-87,2.98565164152,1.49282582076
2.711,2711.0,0.001,0.0375,,3.89688703875e-87,2.98505363868,1.49252681934
2.712,2712.0,0.001,0.0375000000001,,4.19187732044e-87,2.98444706278,1.49222353139
2.713,2713.0,0.001,0.0375,,4.50938756308e-87,2.98383192613,1.491915963065
2.714,2714.0,0.001,0.0375,,4.85115095105e-87,2.98320824112,1.49160412056
2.715,2715.0,0.001,0.0375,,5.21903509881e-87,2.98257602021,1.491288010105
2.716,2716.0,0.001,0.0375000000001,,5.61505255566e-87,2.98193527591,1.490967637955
2.717,2717.0,0.001,0.0375,,6.04137213739e-87,2.98128602078,1.49064301039
2.718,2718.0,0.001,0.0375,,6.50033115021e-87,2.98062826746,1.49031413373
2.719,2719.0,0.001,0.0375,,6.99444857772e-87,2.97996202863,1.489981014315
2.72,2720.0,0.001,0.0375000000001,,7.52643930736e-87,2.97928731705,1.489643658525
2.721,2721.0,0.001,0.0375,,8.09922947888e-87,2.97860414552,1.48930207276
2.722,2722.0,0.001,0.0375,,8.71597304376e-87,2.97791252692,1.48895626346
2.723,2723.0,0.001,0.0375,,9.38006963198e-87,2.97721247416,1.48860623708
2.724,2724.0,0.001,0.0375000000001,,1.00951838299e-86,2.97650400024,1.48825200012
2.725,2725.0,0.001,0.0375,,1.08652659816e-86,2.97578711819,1.487893559095
2.726,2726.0,0.001,0.0375,,1.16945746348e-86,2.97506184112,1.48753092056
2.727,2727.0,0.001,0.0375,,1.2587700762e-86,2.97432818219,1.487164091095
2.728,2728.0,0.001,0.0375000000001,,1.35495938992e-86,2.9735861546,1.4867930773
2.729,2729.0,0.001,0.0375,,1.45855903532e-86,2.97283577164,1.48641788582
2.73,2730.0,0.001,0.0375,,1.57014436447e-86,2.97207704663,1.486038523315
2.731,2731.0,0.001,0.0375,,1.6903357363e-86,2.97130999296,1.48565499648
2.732,2732.0,0.001,0.0375000000001,,1.8198020627e-86,2.97053462406,1.48526731203
2.733,2733.0,0.001,0.0375,,1.95926463588e-86,2.96975095345,1.484875476725
2.734,2734.0,0.001,0.0375,,2.10950125956e-86,2.96895899467,1.484479497335
2.735,2735.0,0.001,0.0375,,2.27135070826e-86,2.96815876132,1.48407938066
2.736,2736.0,0.001,0.0375000000001,,2.44571754078e-86,2.96735026708,1.48367513354
2.737,2737.0,0.001,0.0375,,2.63357729647e-86,2.96653352567,1.483266762835
2.738,2738.0,0.001,0.0375,,2.8359821046e-86,2.96570855085,1.482854275425
2.739,2739.0,0.001,0.0375,,3.05406674018e-86,2.96487535646,1.48243767823
2.74,2740.0,0.001,0.0375000000001,,3.28905516179e-86,2.96403395638,1.48201697819
2.741,2741.0,0.001,0.0375,,3.54226757014e-86,2.96318436454,1.48159218227
2.742,2742.0,0.001,0.0375,,3.81512802909e-86,2.96232659494,1.48116329747
2.743,2743.0,0.001,0.0375,,4.10917269424e-86,2.96146066161,1.480730330805
2.744,2744.0,0.001,0.0375000000001,,4.42605869782e-86,2.96058657865,1.480293289325
2.745,2745.0,0.001,0.0375,,4.76757374259e-86,2.95970436022,1.47985218011
2.746,2746.0,0.001,0.0375,,5.13564646171e-86,2.9588140205,1.47940701025
2.747,2747.0,0.001,0.0375,,5.53235760607e-86,2.95791557376,1.47895778688
2.748,2748.0,0.001,0.0375000000001,,5.95995212569e-86,2.9570090343,1.47850451715
2.749,2749.0,0.001,0.0375,,6.42085221701e-86,2.95609441648,1.47804720824
2.75,2750.0,0.001,0.0375,,6.91767141383e-86,2.9551717347,1.47758586735
2.751,2751.0,0.001,0.0375,,7.45322980594e-86,2.95424100343,1.477120501715
2.7520000000000002,2752.0,0.001,0.0375000000001,,8.03057047623e-86,2.95330223717,1.476651118585
2.753,2753.0,0.001,0.0375,,8.65297725449e-86,2.95235545049,1.476177725245
2.754,2754.0,0.001,0.0375,,9.32399389394e-86,2.95140065799,1.475700328995
2.755,2755.0,0.001,0.0375,,1.00474447855e-85,2.95043787434,1.47521893717
2.7560000000000002,2756.0,0.001,0.0375000000001,,1.08274573333e-85,2.94946711424,1.47473355712
2.757,2757.0,0.001,0.0375,,1.16684861267e-85,2.94848839246,1.47424419623
2.758,2758.0,0.001,0.0375,,1.2575339052e-85,2.94750172381,1.473750861905
2.759,2759.0,0.001,0.0375,,1.3553205503e-85,2.94650712315,1.473253561575
2.7600000000000002,2760.0,0.001,0.0375000000001,,1.46076868575e-85,2.94550460538,1.47275230269
2.761,2761.0,0.001,0.0375,,1.57448294052e-85,2.94449418545,1.472247092725
2.762,2762.0,0.001,0.0375,,1.69711599241e-85,2.94347587838,1.47173793919
2.763,2763.0,0.001,0.0375,,1.82937241195e-85,2.9424496992,1.4712248496
2.7640000000000002,2764.0,0.001,0.0375000000001,,1.97201281591e-85,2.94141566303,1.470707831515
2.765,2765.0,0.001,0.0375,,2.12585835531e-85,2.94037378501,1.470186892505
2.766,2766.0,0.001,0.0375,,2.2917955651e-85,2.93932408032,1.46966204016
2.767,2767.0,0.001,0.0375,,2.47078160498e-85,2.93826656421,1.469133282105
2.7680000000000002,2768.0,0.001,0.0375000000001,,2.66384992282e-85,2.93720125198,1.46860062599
2.769,2769.0,0.001,0.0375,,2.87211637528e-85,2.93612815893,1.468064079465
2.77,2770.0,0.001,0.0375,,3.09678584247e-85,2.93504730047,1.467523650235
2.771,2771.0,0.001,0.0375,,3.33915937701e-85,2.93395869201,1.466979346005
2.7720000000000002,2772.0,0.001,0.0375000000001,,3.60064193077e-85,2.93286234901,1.466431174505
2.773,2773.0,0.001,0.0375,,3.88275070636e-85,2.931758287,1.4658791435
2.774,2774.0,0.001,0.0375,,4.18712418414e-85,2.93064652154,1.46532326077
2.775,2775.0,0.001,0.0375,,4.51553187965e-85,2.92952706822,1.46476353411
2.7760000000000002,2776.0,0.001,0.0375000000001,,4.86988489108e-85,2.9283999427,1.46419997135
2.777,2777.0,0.001,0.0375,,5.25224730104e-85,2.92726516067,1.463632580335
2.778,2778.0,0.001,0.0375,,5.66484850222e-85,2.92612273786,1.46306136893
2.779,2779.0,0.001,0.0375,,6.11009652225e-85,2.92497269005,1.462486345025
2.7800000000000002,2780.0,0.001,0.0375000000001,,6.59059242938e-85,2.92381503307,1.461907516535
2.781,2781.0,0.001,0.0375,,7.10914590698e-85,2.92264978278,1.46132489139
2.782,2782.0,0.001,0.0375,,7.66879209236e-85,2.92147695509,1.460738477545
2.783,2783.0,0.001,0.0375,,8.27280978322e-85,2.92029656595,1.460148282975
2.7840000000000003,2784.0,0.001,0.0375000000001,,8.92474112328e-85,2.91910863135,1.459554315675
2.785,2785.0,0.001,0.0375,,9.62841288818e-85,2.91791316732,1.45895658366
2.786,2786.0,0.001,0.0375,,1.03879595024e-84,2.91671018995,1.458355094975
2.787,2787.0,0.001,0.0375,,1.12078479286e-84,2.91549971535,1.457749857675
2.7880000000000003,2788.0,0.001,0.0375000000001,,1.20929045834e-84,2.91428175967,1.457140879835
2.789,2789.0,0.001,0.0375,,1.30483444442e-84,2.91305633911,1.456528169555
2.79,2790.0,0.001,0.0375,,1.40798025276e-84,2.91182346992,1.45591173496
2.791,2791.0,0.001,0.0375,,1.51933679338e-84,2.91058316838,1.45529158419
2.7920000000000003,2792.0,0.001,0.0375000000001,,1.63956206656e-84,2.9093354508,1.4546677254
2.793,2793.0,0.001,0.0375,,1.76936714529e-84,2.90808033353,1.454040166765
2.794,2794.0,0.001,0.0375,,1.9095204825e-84,2.90681783299,1.453408916495
2.795,2795.0,0.001,0.0375,,2.06085257015e-84,2.9055479656,1.4527739828
2.7960000000000003,2796.0,0.001,0.0375000000001,,2.22426097873e-84,2.90427074785,1.452135373925
2.797,2797.0,0.001,0.0375,,2.40071580867e-84,2.90298619624,1.45149309812
2.798,2798.0,0.001,0.0375,,2.59126558733e-84,2.90169432733,1.450847163665
2.799,2799.0,0.001,0.0375,,2.79704364837e-84,2.90039515771,1.450197578855
2.8000000000000003,2800.0,0.001,0.0375000000001,,3.019275033e-84,2.89908870401,1.449544352005
2.801,2801.0,0.001,0.0375,,3.25928395623e-84,2.8977749829,1.44888749145
2.802,2802.0,0.001,0.0375,,3.51850188447e-84,2.89645401107,1.448227005535
2.803,2803.0,0.001,0.0375,,3.79847627498e-84,2.89512580527,1.447562902635
2.8040000000000003,2804.0,0.001,0.0375000000001,,4.1008800316e-84,2.89379038227,1.446895191135
2.805,2805.0,0.001,0.0375,,4.4275217358e-84,2.89244775888,1.44622387944
2.806,2806.0,0.001,0.0375,,4.78035671704e-84,2.89109795196,1.44554897598
2.807,2807.0,0.001,0.0375,,5.16149903161e-84,2.88974097839,1.444870489195
2.8080000000000003,2808.0,0.001,0.0375000000001,,5.57323442505e-84,2.88837685509,1.444188427545
2.809,2809.0,0.001,0.0375,,6.0180343591e-84,2.88700559901,1.443502799505
2.81,2810.0,0.001,0.0375,,6.49857119147e-84,2.88562722714,1.44281361357
2.811,2811.0,0.001,0.0375,,7.01773460328e-84,2.88424175651,1.442120878255
2.8120000000000003,2812.0,0.001,0.0375000000001,,7.57864937767e-84,2.88284920419,1.441424602095
2.813,2813.0,0.001,0.0375,,8.18469464105e-84,2.88144958725,1.440724793625
2.814,2814.0,0.001,0.0375,,8.83952468817e-84,2.88004292283,1.440021461415
2.815,2815.0,0.001,0.0375,,9.54709152193e-84,2.87862922809,1.439314614045
2.816,2816.0,0.001,0.0375,,1.03116692501e-83,2.87720852023,1.438604260115
2.817,2817.0,0.001,0.0375000000001,,1.11378804925e-83,2.87613849816,1.43806924908
2.818,2818.0,0.001,0.0375,,1.20307249657e-83,2.87536557583,1.437682787915
2.819,2819.0,0.001,0.0375,,1.29956104249e-83,2.87458430258,1.43729215129
2.82,2820.0,0.001,0.0375,,1.40383861594e-83,2.87379469192,1.43689734596
2.821,2821.0,0.001,0.0375000000001,,1.51653792531e-83,2.87299675745,1.436498378725
2.822,2822.0,0.001,0.0375,,1.63834338395e-83,2.87219051278,1.43609525639
2.823,2823.0,0.001,0.0375,,1.76999535996e-83,2.87137597162,1.43568798581
2.824,2824.0,0.001,0.0375,,1.91229477727e-83,2.87055314773,1.435276573865
2.825,2825.0,0.001,0.0375000000001,,2.06610809714e-83,2.8697220549,1.43486102745
2.826,2826.0,0.001,0.0375,,2.23237271173e-83,2.86888270703,1.434441353515
2.827,2827.0,0.001,0.0375,,2.41210278401e-83,2.86803511803,1.434017559015
2.828,2828.0,0.001,0.0375,,2.60639557113e-83,2.86717930189,1.433589650945
2.829,2829.0,0.001,0.0375000000001,,2.8164382715e-83,2.86631527265,1.433157636325
2.83,2830.0,0.001,0.0375,,3.04351543921e-83,2.86544304443,1.432721522215
2.831,2831.0,0.001,0.0375,,3.28901701292e-83,2.86456263137,1.432281315685
2.832,2832.0,0.001,0.0375,,3.5544470106e-83,2.86394740376,1.43197370188
2.833,2833.0,0.001,0.0375000000001,,3.84143294554e-83,2.86378559641,1.431892798205
2.834,2834.0,0.001,0.0375,,4.1517360237e-83,2.86361500975,1.431807504875
2.835,2835.0,0.001,0.0375,,4.48726218771e-83,2.86343565195,1.431717825975
2.836,2836.0,0.001,0.0375,,4.85007407815e-83,2.86324753128,1.43162376564
2.837,2837.0,0.001,0.0375000000001,,5.24240398853e-83,2.86305065608,1.43152532804
2.838,2838.0,0.001,0.0375,,5.66666789729e-83,2.86284503474,1.43142251737
2.839,2839.0,0.001,0.0375,,6.12548066644e-83,2.86263067575,1.431315337875
2.84,2840.0,0.001,0.0375,,6.62167250462e-83,2.86240758765,1.431203793825
2.841,2841.0,0.001,0.0375000000001,,7.15830680015e-83,2.86217577907,1.431087889535
2.842,2842.0,0.001,0.0375,,7.7386994388e-83,2.86193525871,1.430967629355
2.843,2843.0,0.001,0.0375,,8.36643973035e-83,2.86168603532,1.43084301766
2.844,2844.0,0.001,0.0375,,9.04541307879e-83,2.86142811775,1.430714058875
2.845,2845.0,0.001,0.0375000000001,,9.77982554205e-83,2.86116151492,1.43058075746
2.846,2846.0,0.001,0.0375,,1.05742304396e-82,2.86088623579,1.430443117895
2.847,2847.0,0.001,0.0375,,1.14335571798e-82,2.86060228942,1.43030114471
2.848,2848.0,0.001,0.0375,,1.2363142492e-82,2.86030968493,1.430154842465
2.849,2849.0,0.001,0.0375000000001,,1.33687642673e-82,2.86000843151,1.430004215755
2.85,2850.0,0.001,0.0375,,1.44566782242e-82,2.85969853844,1.42984926922
2.851,2851.0,0.001,0.0375,,1.56336576384e-82,2.85938001503,1.429690007515
2.852,2852.0,0.001,0.0375,,1.69070363923e-82,2.85905287069,1.429526435345
2.853,2853.0,0.001,0.0375000000001,,1.82847556247e-82,2.8587171149,1.42935855745
2.854,2854.0,0.001,0.0375,,1.97754142819e-82,2.8583727572,1.4291863786
2.855,2855.0,0.001,0.0375,,2.13883238989e-82,2.85801980719,1.429009903595
2.856,2856.0,0.001,0.0375,,2.31335679659e-82,2.85765827455,1.428829137275
2.857,2857.0,0.001,0.0375000000001,,2.50220662664e-82,2.85728816904,1.42864408452
2.858,2858.0,0.001,0.0375,,2.70656446043e-82,2.85690950046,1.42845475023
2.859,2859.0,0.001,0.0375,,2.92771103756e-82,2.8565222787,1.42826113935
2.86,2860.0,0.001,0.0375,,3.16703344739e-82,2.85612651372,1.42806325686
2.861,2861.0,0.001,0.0375000000001,,3.42603400665e-82,2.85572221554,1.42786110777
2.862,2862.0,0.001,0.0375,,3.70633988176e-82,2.85530939423,1.427654697115
2.863,2863.0,0.001,0.0375,,4.00971351882e-82,2.85488805996,1.42744402998
2.864,2864.0,0.001,0.0375,,4.33806394927e-82,2.85445822294,1.42722911147
2.865,2865.0,0.001,0.0375000000001,,4.69345904516e-82,2.85401989347,1.427009946735
2.866,2866.0,0.001,0.0375,,5.07813880412e-82,2.85357308189,1.426786540945
2.867,2867.0,0.001,0.0375,,5.49452975111e-82,2.85311779863,1.426558899315
2.868,2868.0,0.001,0.0375,,5.94526055103e-82,2.85265405418,1.42632702709
2.869,2869.0,0.001,0.0375000000001,,6.43317893475e-82,2.85218185908,1.42609092954
2.87,2870.0,0.001,0.0375,,6.96137004943e-82,2.85170122396,1.42585061198
2.871,2871.0,0.001,0.0375,,7.5331763535e-82,2.85121215949,1.425606079745
2.872,2872.0,0.001,0.0375,,8.15221918719e-82,2.85071467643,1.425357338215
2.873,2873.0,0.001,0.0375000000001,,8.82242216005e-82,2.85020878559,1.425104392795
2.874,2874.0,0.001,0.0375,,9.54803650962e-82,2.84969449784,1.42484724892
2.875,2875.0,0.001,0.0375,,1.03336685977e-81,2.84917182413,1.424585912065
2.876,2876.0,0.001,0.0375,,1.1184309726e-81,2.84864077546,1.42432038773
2.8770000000000002,2877.0,0.001,0.0375000000001,,1.21053684666e-81,2.8481013629,1.42405068145
2.878,2878.0,0.001,0.0375,,1.31027057213e-81,2.84755359759,1.423776798795
2.879,2879.0,0.001,0.0375,,1.41826727417e-81,2.84699749072,1.42349874536
2.88,2880.0,0.001,0.0375,,1.53521523588e-81,2.84643305354,1.42321652677
2.8810000000000002,2881.0,0.001,0.0375000000001,,1.66186036976e-81,2.84586029739,1.422930148695
2.882,2882.0,0.001,0.0375,,1.79901106704e-81,2.84527923365,1.422639616825
2.883,2883.0,0.001,0.0375,,1.94754345698e-81,2.84468987376,1.42234493688
2.884,2884.0,0.001,0.0375,,2.10840711107e-81,2.84409222924,1.42204611462
2.8850000000000002,2885.0,0.001,0.0375000000001,,2.28263122986e-81,2.84348631165,1.421743155825
2.886,2886.0,0.001,0.0375,,2.47133135342e-81,2.84287213262,1.42143606631
2.887,2887.0,0.001,0.0375,,2.67571664002e-81,2.84224970386,1.42112485193
2.888,2888.0,0.001,0.0375,,2.8970977613e-81,2.84161903711,1.420809518555
2.8890000000000002,2889.0,0.001,0.0375000000001,,3.13689546643e-81,2.84098014419,1.420490072095
2.89,2890.0,0.001,0.0375,,3.39664987222e-81,2.84033303698,1.42016651849
2.891,2891.0,0.001,0.0375,,3.67803054087e-81,2.83967772742,1.41983886371
2.892,2892.0,0.001,0.0375,,3.98284741264e-81,2.8390142275,1.41950711375
2.8930000000000002,2893.0,0.001,0.0375000000001,,4.31306266611e-81,2.83834254927,1.419171274635
2.894,2894.0,0.001,0.0375,,4.67080358518e-81,2.83766270486,1.41883135243
2.895,2895.0,0.001,0.0375,,5.05837651866e-81,2.83697470644,1.41848735322
2.896,2896.0,0.001,0.0375,,5.47828202552e-81,2.83627856624,1.41813928312
2.8970000000000002,2897.0,0.001,0.0375000000001,,5.93323130718e-81,2.83557429656,1.41778714828
2.898,2898.0,0.001,0.0375,,6.4261640364e-81,2.83486190975,1.417430954875
2.899,2899.0,0.001,0.0375,,6.96026770233e-81,2.83414141822,1.41707070911
2.9,2900.0,0.001,0.0375,,7.53899860087e-81,2.83341283444,1.41670641722
2.9010000000000002,2901.0,0.001,0.0375000000001,,8.16610461123e-81,2.83267617094,1.41633808547
2.902,2902.0,0.001,0.0375,,8.84564991109e-81,2.83193144029,1.415965720145
2.903,2903.0,0.001,0.0375,,9.58204179627e-81,2.83117865514,1.41558932757
2.904,2904.0,0.001,0.0375,,1.03800597848e-80,2.83041782819,1.415208914095
2.9050000000000002,2905.0,0.001,0.0375000000001,,1.12448872006e-80,2.8296489722,1.4148244861
2.906,2906.0,0.001,0.0375,,1.21821454499e-80,2.82887209996,1.41443604998
2.907,2907.0,0.001,0.0375,,1.31979312193e-80,2.82808722436,1.41404361218
2.908,2908.0,0.001,0.0375,,1.42988568471e-80,2.82729435832,1.41364717916
2.9090000000000003,2909.0,0.001,0.0375000000001,,1.54920941392e-80,2.8264935148,1.4132467574
2.91,2910.0,0.001,0.0375,,1.67854219247e-80,2.82568470686,1.41284235343
2.911,2911.0,0.001,0.0375,,1.81872776716e-80,2.82486794758,1.41243397379
2.912,2912.0,0.001,0.0375,,1.9706813511e-80,2.8240432501,1.41202162505
2.9130000000000003,2913.0,0.001,0.0375000000001,,2.13539570481e-80,2.82321062763,1.411605313815
2.914,2914.0,0.001,0.0375,,2.31394773703e-80,2.82237009342,1.41118504671
2.915,2915.0,0.001,0.0375,,2.50750566985e-80,2.82152166077,1.410760830385
2.916,2916.0,0.001,0.0375,,2.71733681664e-80,2.82066534305,1.410332671525
2.9170000000000003,2917.0,0.001,0.0375000000001,,2.9448160254e-80,2.81980115368,1.40990057684
2.918,2918.0,0.001,0.0375,,3.19143484465e-80,2.81892910613,1.409464553065
2.919,2919.0,0.001,0.0375,,3.45881147408e-80,2.81804921391,1.409024606955
2.92,2920.0,0.001,0.0375,,3.74870156725e-80,2.81716149061,1.408580745305
2.9210000000000003,2921.0,0.001,0.0375000000001,,4.06300995975e-80,2.81626594985,1.408132974925
2.922,2922.0,0.001,0.0375,,4.40380340234e-80,2.81536260531,1.407681302655
2.923,2923.0,0.001,0.0375,,4.77332438567e-80,2.81445147072,1.40722573536
2.924,2924.0,0.001,0.0375,,5.17400615035e-80,2.81353255988,1.40676627994
2.9250000000000003,2925.0,0.001,0.0375000000001,,5.6084889846e-80,2.81260588661,1.406302943305
2.926,2926.0,0.001,0.0375,,6.07963792034e-80,2.81167146481,1.405835732405
2.927,2927.0,0.001,0.0375,,6.59056194811e-80,2.81072930841,1.405364654205
2.928,2928.0,0.001,0.0375,,7.14463488186e-80,2.8097794314,1.4048897157
2.9290000000000003,2929.0,0.001,0.0375000000001,,7.74551801577e-80,2.80882184782,1.40441092391
2.93,2930.0,0.001,0.0375,,8.3971847276e-80,2.80785657176,1.40392828588
2.931,2931.0,0.001,0.0375,,9.1039471966e-80,2.80688361737,1.403441808685
2.932,2932.0,0.001,0.0375,,9.87048541839e-80,2.80590299882,1.40295149941
2.9330000000000003,2933.0,0.001,0.0375000000001,,1.0701878715e-79,2.80491473037,1.402457365185
2.934,2934.0,0.001,0.0375,,1.16036399558e-79,2.80391882629,1.401959413145
2.935,2935.0,0.001,0.0375,,1.25817527227e-79,2.80291530094,1.40145765047
2.936,2936.0,0.001,0.0375,,1.36427116757e-79,2.80190416868,1.40095208434
2.9370000000000003,2937.0,0.001,0.0375000000001,,1.47935663928e-79,2.80088544397,1.400442721985
2.938,2938.0,0.001,0.0375,,1.60419689869e-79,2.79985914127,1.399929570635
2.939,2939.0,0.001,0.0375,,1.73962258257e-79,2.79882527513,1.399412637565
2.94,2940.0,0.001,0.0375,,1.88653537087e-79,2.79778386011,1.398891930055
2.9410000000000003,2941.0,0.001,0.0375000000001,,2.04591408878e-79,2.79673491085,1.398367455425
2.942,2942.0,0.001,0.0375,,2.21882133505e-79,2.79567844202,1.39783922101
2.943,2943.0,0.001,0.0375,,2.40641068217e-79,2.79461446834,1.39730723417
2.944,2944.0,0.001,0.0375,,2.60993449783e-79,2.79354300457,1.396771502285
2.945,2945.0,0.001,0.0375,,2.83075244164e-79,2.79246406552,1.39623203276
2.946,2946.0,0.001,0.0375000000001,,3.07034069548e-79,2.79137766607,1.395688833035
2.947,2947.0,0.001,0.0375,,3.3303019912e-79,2.7902838211,1.39514191055
2.948,2948.0,0.001,0.0375,,3.61237650468e-79,2.78965447685,1.394827238425
2.949,2949.0,0.001,0.0375,,3.91845369152e-79,2.78946413209,1.394732066045
2.95,2950.0,0.001,0.0375000000001,,4.250585146e-79,2.78926561517,1.394632807585
2.951,2951.0,0.001,0.0375,,4.61099857207e-79,2.78905893377,1.394529466885
2.952,2952.0,0.001,0.0375,,5.00211296304e-79,2.78884409564,1.39442204782
2.953,2953.0,0.001,0.0375,,5.42655509481e-79,2.78862110859,1.394310554295
2.954,2954.0,0.001,0.0375000000001,,5.88717744674e-79,2.78838998051,1.394194990255
2.955,2955.0,0.001,0.0375,,6.38707767436e-79,2.78815071934,1.39407535967
2.956,2956.0,0.001,0.0375,,6.92961976859e-79,2.78790333309,1.393951666545
2.957,2957.0,0.001,0.0375,,7.51845704826e-79,2.78764782983,1.393823914915
2.958,2958.0,0.001,0.0375000000001,,8.15755714524e-79,2.7873842177,1.39369210885
2.959,2959.0,0.001,0.0375,,8.85122915566e-79,2.78711250489,1.393556252445
2.96,2960.0,0.001,0.0375,,9.60415314555e-79,2.78683269967,1.393416349835
2.961,2961.0,0.001,0.0375,,1.0421412216e-78,2.78654481036,1.39327240518
2.962,2962.0,0.001,0.0375000000001,,1.13085273503e-78,2.78624884536,1.39312442268
2.963,2963.0,0.001,0.0375,,1.22714952863e-78,2.78594481312,1.39297240656
2.964,2964.0,0.001,0.0375,,1.33168296759e-78,2.78563272216,1.39281636108
2.965,2965.0,0.001,0.0375,,1.44516058201e-78,2.78531258105,1.392656290525
2.966,2966.0,0.001,0.0375000000001,,1.56835092894e-78,2.78498439843,1.392492199215
2.967,2967.0,0.001,0.0375,,1.70208887697e-78,2.784648183,1.3923240915
2.968,2968.0,0.001,0.0375,,1.84728135016e-78,2.78430394354,1.39215197177
2.969,2969.0,0.001,0.0375,,2.00491357135e-78,2.78395168886,1.39197584443
2.97,2970.0,0.001,0.0375000000001,,2.17605584856e-78,2.78359142785,1.391795713925
2.971,2971.0,0.001,0.0375,,2.36187095165e-78,2.78322316946,1.39161158473
2.972,2972.0,0.001,0.0375,,2.5636221311e-78,2.78284692271,1.391423461355
2.973,2973.0,0.001,0.0375,,2.78268183464e-78,2.78246269666,1.39123134833
2.974,2974.0,0.001,0.0375000000001,,3.02054118297e-78,2.78207050045,1.391035250225
2.975,2975.0,0.001,0.0375,,3.27882027078e-78,2.78167034326,1.39083517163
2.976,2976.0,0.001,0.0375,,3.55927936518e-78,2.78126223435,1.390631117175
2.977,2977.0,0.001,0.0375,,3.86383108008e-78,2.78084618303,1.390423091515
2.978,2978.0,0.001,0.0375000000001,,4.19455361187e-78,2.78042219868,1.39021109934
2.979,2979.0,0.001,0.0375,,4.55370512916e-78,2.77999029072,1.38999514536
2.98,2980.0,0.001,0.0375,,4.94373941763e-78,2.77955046865,1.389775234325
2.981,2981.0,0.001,0.0375,,5.36732288987e-78,2.77910274202,1.38955137101
2.982,2982.0,0.001,0.0375000000001,,5.82735307965e-78,2.77864712044,1.38932356022
2.983,2983.0,0.001,0.0375,,6.32697875062e-78,2.77818361358,1.38909180679
2.984,2984.0,0.001,0.0375,,6.86962176101e-78,2.77771223116,1.38885611558
2.985,2985.0,0.001,0.0375,,7.45900083792e-78,2.77723298297,1.388616491485
2.986,2986.0,0.001,0.0375000000001,,8.09915742883e-78,2.77674587885,1.388372939425
2.987,2987.0,0.001,0.0375,,8.79448381233e-78,2.77625092871,1.388125464355
2.988,2988.0,0.001,0.0375,,9.54975366612e-78,2.77574814251,1.387874071255
2.989,2989.0,0.001,0.0375,,1.0370155308e-77,2.77523753025,1.387618765125
2.99,2990.0,0.001,0.0375000000001,,1.12613278441e-77,2.77471910203,1.387359551015
2.991,2991.0,0.001,0.0375,,1.22294004798e-77,2.77419286797,1.387096433985
2.992,2992.0,0.001,0.0375,,1.32810352708e-77,2.77365883825,1.386829419125
2.993,2993.0,0.001,0.0375,,1.44234736167e-77,2.77311702313,1.386558511565
2.994,2994.0,0.001,0.0375000000001,,1.56645868246e-77,2.7725674329,1.38628371645
2.995,2995.0,0.001,0.0375,,1.70129311028e-77,2.77201007792,1.38600503896
2.996,2996.0,0.001,0.0375,,1.84778073707e-77,2.77144496862,1.38572248431
2.997,2997.0,0.001,0.0375,,2.00693263111e-77,2.77087211545,1.385436057725
2.998,2998.0,0.001,0.0375000000001,,2.17984791243e-77,2.77029152895,1.385145764475
2.999,2999.0,0.001,0.0375,,2.36772144848e-77,2.76970321969,1.384851609845
3.0,3000.0,0.001,0.0375,,2.57185222491e-77,2.76910719831,1.384553599155
3.001,3001.0,0.001,0.0375,,2.79365245045e-77,2.76850347551,1.384251737755
3.0020000000000002,3002.0,0.001,0.0375000000001,,3.03465746091e-77,2.76789206202,1.38394603101
3.003,3003.0,0.001,0.0375,,3.29653649233e-77,2.76727296866,1.38363648433
3.004,3004.0,0.001,0.0375,,3.58110440002e-77,2.76664620627,1.383323103135
3.005,3005.0,0.001,0.0375,,3.8903344067e-77,2.76601178576,1.38300589288
3.0060000000000002,3006.0,0.001,0.0375000000001,,4.22637197042e-77,2.76536971811,1.382684859055
3.007,3007.0,0.001,0.0375,,4.59154987101e-77,2.76472001431,1.382360007155
3.008,3008.0,0.001,0.0375,,4.98840462235e-77,2.76406268546,1.38203134273
3.009,3009.0,0.001,0.0375,,5.41969432745e-77,2.76339774266,1.38169887133
3.0100000000000002,3010.0,0.001,0.0375000000001,,5.88841810356e-77,2.76272519709,1.381362598545
3.011,3011.0,0.001,0.0375,,6.39783721575e-77,2.76204505999,1.381022529995
3.012,3012.0,0.001,0.0375,,6.9514980698e-77,2.76135734264,1.38067867132
3.013,3013.0,0.001,0.0375,,7.55325722841e-77,2.76066205636,1.38033102818
3.0140000000000002,3014.0,0.001,0.0375000000001,,8.20730862941e-77,2.75995921255,1.379979606275
3.015,3015.0,0.001,0.0375,,8.91821320031e-77,2.75924882265,1.379624411325
3.016,3016.0,0.001,0.0375,,9.69093108098e-77,2.75853089814,1.37926544907
3.017,3017.0,0.001,0.0375,,1.05308566847e-76,2.75780545057,1.378902725285
3.0180000000000002,3018.0,0.001,0.0375000000001,,1.14438568486e-76,2.75707249153,1.378536245765
3.019,3019.0,0.001,0.0375,,1.24363123461e-76,2.75633203266,1.37816601633
3.02,3020.0,0.001,0.0375,,1.35151630595e-76,2.75558408566,1.37779204283
3.021,3021.0,0.001,0.0375,,1.46879571351e-76,2.75482866227,1.377414331135
3.0220000000000002,3022.0,0.001,0.0375000000001,,1.59629044741e-76,2.75406577429,1.377032887145
3.023,3023.0,0.001,0.0375,,1.73489349426e-76,2.75329543357,1.376647716785
3.024,3024.0,0.001,0.0375,,1.88557617179e-76,2.75251765199,1.376258825995
3.025,3025.0,0.001,0.0375,,2.04939502269e-76,2.75173244151,1.375866220755
3.0260000000000002,3026.0,0.001,0.0375000000001,,2.22749931692e-76,2.75093981411,1.375469907055
3.027,3027.0,0.001,0.0375,,2.42113921674e-76,2.75013978185,1.375069890925
3.028,3028.0,0.001,0.0375,,2.6316746628e-76,2.74933235681,1.374666178405
3.029,3029.0,0.001,0.0375,,2.8605850454e-76,2.74851755114,1.37425877557
3.0300000000000002,3030.0,0.001,0.0375000000001,,3.10947973043e-76,2.74769537703,1.373847688515
3.031,3031.0,0.001,0.0375,,3.38010951569e-76,2.74686584672,1.37343292336
3.032,3032.0,0.001,0.0375,,3.67437910024e-76,2.74602897248,1.37301448624
3.033,3033.0,0.001,0.0375,,3.99436065634e-76,2.74518476666,1.37259238333
3.0340000000000003,3034.0,0.001,0.0375000000001,,4.34230860214e-76,2.74433324164,1.37216662082
3.035,3035.0,0.001,0.0375,,4.72067568128e-76,2.74347440985,1.371737204925
3.036,3036.0,0.001,0.0375,,5.13213046561e-76,2.74260828377,1.371304141885
3.037,3037.0,0.001,0.0375,,5.57957640733e-76,2.74173487591,1.370867437955
3.0380000000000003,3038.0,0.001,0.0375000000001,,6.06617257798e-76,2.74085419884,1.37042709942
3.039,3039.0,0.001,0.0375,,6.59535624422e-76,2.7399662652,1.3699831326
3.04,3040.0,0.001,0.0375,,7.17086744339e-76,2.73907108763,1.369535543815
3.041,3041.0,0.001,0.0375,,7.79677573667e-76,2.73816867884,1.36908433942
3.0420000000000003,3042.0,0.001,0.0375000000001,,8.47750933327e-76,2.7372590516,1.3686295258
3.043,3043.0,0.001,0.0375,,9.21788679632e-76,2.7363422187,1.36817110935
3.044,3044.0,0.001,0.0375,,1.00231515601e-75,2.73541819299,1.367709096495
3.045,3045.0,0.001,0.0375,,1.08990095085e-75,2.73448698736,1.36724349368
3.0460000000000003,3046.0,0.001,0.0375000000001,,1.1851669887e-75,2.73354861474,1.36677430737
3.047,3047.0,0.001,0.0375,,1.28878898447e-75,2.73260308811,1.366301544055
3.048,3048.0,0.001,0.0375,,1.40150229298e-75,2.7316504205,1.36582521025
3.049,3049.0,0.001,0.0375,,1.52410718888e-75,2.73069062498,1.36534531249
3.0500000000000003,3050.0,0.001,0.0375000000001,,1.65747461558e-75,2.72972371466,1.36486185733
3.051,3051.0,0.001,0.0375,,1.8025524445e-75,2.7287497027,1.36437485135
3.052,3052.0,0.001,0.0375,,1.96037229053e-75,2.7277686023,1.36388430115
3.053,3053.0,0.001,0.0375,,2.13205693294e-75,2.72678042669,1.363390213345
3.0540000000000003,3054.0,0.001,0.0375000000001,,2.31882839579e-75,2.72578518917,1.362892594585
3.055,3055.0,0.001,0.0375,,2.52201674666e-75,2.72478290307,1.362391451535
3.056,3056.0,0.001,0.0375,,2.7430696776e-75,2.72377358176,1.36188679088
3.057,3057.0,0.001,0.0375,,2.98356293821e-75,2.72275723864,1.36137861932
3.0580000000000003,3058.0,0.001,0.0375000000001,,3.24521169661e-75,2.72173388719,1.360866943595
3.059,3059.0,0.001,0.0375,,3.52988291129e-75,2.72070354089,1.360351770445
3.06,3060.0,0.001,0.0375,,3.83960880387e-75,2.71966621328,1.35983310664
3.061,3061.0,0.001,0.0375,,4.17660153104e-75,2.71862191795,1.359310958975
3.0620000000000003,3062.0,0.001,0.0375000000001,,4.54326916272e-75,2.71757066852,1.35878533426
3.063,3063.0,0.001,0.0375,,4.94223308301e-75,2.71651247866,1.35825623933
3.064,3064.0,0.001,0.0375,,5.37634694102e-75,2.71544736205,1.357723681025
3.065,3065.0,0.001,0.0375,,5.84871728992e-75,2.71437533246,1.35718766623
3.0660000000000003,3066.0,0.001,0.0375000000001,,6.36272606499e-75,2.71329640366,1.35664820183
3.067,3067.0,0.001,0.0375,,6.9220550651e-75,2.71221058948,1.35610529474
3.068,3068.0,0.001,0.0375,,7.53071261645e-75,2.71111790378,1.35555895189
3.069,3069.0,0.001,0.0375,,8.19306261377e-75,2.71001836047,1.355009180235
3.0700000000000003,3070.0,0.001,0.0375000000001,,8.91385615142e-75,2.70891197349,1.354455986745
3.071,3071.0,0.001,0.0375,,9.69826597597e-75,2.70779875682,1.35389937841
3.072,3072.0,0.001,0.0375,,1.05519240127e-74,2.70667872448,1.35333936224
3.073,3073.0,0.001,0.0375,,1.14809622406e-74,2.70555189053,1.352775945265
3.074,3074.0,0.001,0.0375,,1.24920572162e-74,2.70441826908,1.35220913454
3.075,3075.0,0.001,0.0375000000001,,1.35924785718e-74,2.70327787425,1.351638937125
3.076,3076.0,0.001,0.0375,,1.47901418445e-74,2.70213072022,1.35106536011
3.077,3077.0,0.001,0.0375,,1.60936660234e-74,2.7009768212,1.3504884106
3.078,3078.0,0.001,0.0375,,1.75124362378e-74,2.69981619144,1.34990809572
3.079,3079.0,0.001,0.0375000000001,,1.90566720462e-74,2.69864884523,1.349324422615
3.08,3080.0,0.001,0.0375,,2.07375018282e-74,2.69747479689,1.348737398445
3.081,3081.0,0.001,0.0375,,2.25670438259e-74,2.69629406078,1.34814703039
3.082,3082.0,0.001,0.0375,,2.45584944311e-74,2.6951066513,1.34755332565
3.083,3083.0,0.001,0.0375000000001,,2.67262243668e-74,2.69391258287,1.346956291435
3.084,3084.0,0.001,0.0375,,2.90858834711e-74,2.69271186998,1.34635593499
3.085,3085.0,0.001,0.0375,,3.16545148559e-74,2.69150452711,1.345752263555
3.086,3086.0,0.001,0.0375,,3.44506792785e-74,2.69029056882,1.34514528441
3.087,3087.0,0.001,0.0375000000001,,3.74945906451e-74,2.68907000967,1.344535004835
3.088,3088.0,0.001,0.0375,,4.08082636423e-74,2.68784286428,1.34392143214
3.089,3089.0,0.001,0.0375,,4.44156745871e-74,2.6866091473,1.34330457365
3.09,3090.0,0.001,0.0375,,4.83429366793e-74,2.6853688734,1.3426844367
3.091,3091.0,0.001,0.0375000000001,,5.26184909516e-74,2.68412205729,1.342061028645
3.092,3092.0,0.001,0.0375,,5.72733143243e-74,2.68286871373,1.341434356865
3.093,3093.0,0.001,0.0375,,6.23411463029e-74,2.68160885749,1.340804428745
3.094,3094.0,0.001,0.0375,,6.78587359903e-74,2.6803425034,1.3401712517
3.095,3095.0,0.001,0.0375000000001,,7.38661112408e-74,2.67906966631,1.339534833155
3.096,3096.0,0.001,0.0375,,8.04068719446e-74,2.67779036108,1.33889518054
3.097,3097.0,0.001,0.0375,,8.75285096094e-74,2.67650460265,1.338252301325
3.098,3098.0,0.001,0.0375,,9.52827556059e-74,2.67521240596,1.33760620298
3.099,3099.0,0.001,0.0375000000001,,1.03725960651e-73,2.67391378598,1.33695689299
3.1,3100.0,0.001,0.0375,,1.12919508338e-73,2.67260875774,1.33630437887
3.101,3101.0,0.001,0.0375,,1.22930265779e-73,2.67129733628,1.33564866814
3.102,3102.0,0.001,0.0375,,1.33831074688e-73,2.66997953667,1.334989768335
3.103,3103.0,0.001,0.0375000000001,,1.45701286559e-73,2.66865537402,1.33432768701
3.104,3104.0,0.001,0.0375,,1.58627345887e-73,2.66732486348,1.33366243174
3.105,3105.0,0.001,0.0375,,1.72703425769e-73,2.66598802021,1.332994010105
3.106,3106.0,0.001,0.0375,,1.88032120599e-73,2.66464485942,1.33232242971
3.107,3107.0,0.001,0.0375000000001,,2.04725200987e-73,2.66329539633,1.331647698165
3.108,3108.0,0.001,0.0375,,2.22904436518e-73,2.66193964621,1.330969823105
3.109,3109.0,0.001,0.0375,,2.42702492445e-73,2.66057762436,1.33028881218
3.11,3110.0,0.001,0.0375,,2.64263906993e-73,2.65920934609,1.329604673045
3.111,3111.0,0.001,0.0375000000001,,2.87746156519e-73,2.65783482676,1.32891741338
3.112,3112.0,0.001,0.0375,,3.13320816452e-73,2.65645408175,1.328227040875
3.113,3113.0,0.001,0.0375,,3.41174826653e-73,2.65546063966,1.32773031983
3.114,3114.0,0.001,0.0375,,3.71511870582e-73,2.65493062017,1.327465310085
3.115,3115.0,0.001,0.0375000000001,,4.04553878561e-73,2.65439356817,1.327196784085
3.116,3116.0,0.001,0.0375,,4.405426663e-73,2.653849493,1.3269247465
3.117,3117.0,0.001,0.0375,,4.79741720893e-73,2.65329840409,1.326649202045
3.118,3118.0,0.001,0.0375,,5.22438147586e-73,2.65274031088,1.32637015544
3.119,3119.0,0.001,0.0375000000001,,5.68944791811e-73,2.65217522287,1.326087611435
3.12,3120.0,0.001,0.0375,,6.19602552315e-73,2.65160314962,1.32580157481
3.121,3121.0,0.001,0.0375,,6.74782902606e-73,2.65102410073,1.325512050365
3.122,3122.0,0.001,0.0375,,7.34890639544e-73,2.65043808583,1.325219042915
3.123,3123.0,0.001,0.0375000000001,,8.00366879554e-73,2.64984511462,1.32492255731
3.124,3124.0,0.001,0.0375,,8.71692324838e-73,2.64924519684,1.32462259842
3.125,3125.0,0.001,0.0375,,9.49390823953e-73,2.64863834226,1.32431917113
3.126,3126.0,0.001,0.0375,,1.03403325335e-72,2.64802456073,1.324012280365
3.1270000000000002,3127.0,0.001,0.0375000000001,,1.12624174885e-72,2.64740386211,1.323701931055
3.128,3128.0,0.001,0.0375,,1.22669431871e-72,2.64677625632,1.32338812816
3.129,3129.0,0.001,0.0375,,1.33612987267e-72,2.64614175334,1.32307087667
3.13,3130.0,0.001,0.0375,,1.4553537047e-72,2.64550036317,1.322750181585
3.1310000000000002,3131.0,0.001,0.0375000000001,,1.58524347037e-72,2.64485209587,1.322426047935
3.132,3132.0,0.001,0.0375,,1.72675570349e-72,2.64419696154,1.32209848077
3.133,3133.0,0.001,0.0375,,1.88093292101e-72,2.64353497033,1.321767485165
3.134,3134.0,0.001,0.0375,,2.04891136912e-72,2.64286613243,1.321433066215
3.1350000000000002,3135.0,0.001,0.0375000000001,,2.23192946861e-72,2.64219045808,1.32109522904
3.136,3136.0,0.001,0.0375,,2.43133702295e-72,2.64150795756,1.32075397878
3.137,3137.0,0.001,0.0375,,2.6486052577e-72,2.64081864118,1.32040932059
3.138,3138.0,0.001,0.0375,,2.88533776685e-72,2.64012251933,1.320061259665
3.1390000000000002,3139.0,0.001,0.0375000000001,,3.14328244795e-72,2.6394196024,1.3197098012
3.14,3140.0,0.001,0.0375,,3.42434451558e-72,2.63870990086,1.31935495043
3.141,3141.0,0.001,0.0375,,3.73060069078e-72,2.63799342521,1.318996712605
3.142,3142.0,0.001,0.0375,,3.9008283581e-72,2.63727018597,1.318635092985
3.1430000000000002,3143.0,0.001,0.0375000000001,,3.842495945e-72,2.63654019375,1.318270096875
3.144,3144.0,0.001,0.0375,,3.78526082178e-72,2.63580345916,1.31790172958
3.145,3145.0,0.001,0.0375,,3.72909993662e-72,2.63505999288,1.31752999644
3.146,3146.0,0.001,0.0375,,3.67399076822e-72,2.63430980562,1.31715490281
3.1470000000000002,3147.0,0.001,0.0375000000001,,3.61991131273e-72,2.63355290812,1.31677645406
3.148,3148.0,0.001,0.0375,,3.56684007097e-72,2.6327893112,1.3163946556
3.149,3149.0,0.001,0.0375,,3.51475603606e-72,2.63201902567,1.316009512835
3.15,3150.0,0.001,0.0375,,3.46363868129e-72,2.63124206243,1.315621031215
3.1510000000000002,3151.0,0.001,0.0375000000001,,3.41346794834e-72,2.6304584324,1.3152292162
3.152,3152.0,0.001,0.0375,,3.36422423583e-72,2.62966814653,1.314834073265
3.153,3153.0,0.001,0.0375,,3.31588838812e-72,2.62887121582,1.31443560791
3.154,3154.0,0.001,0.0375,,3.26844168446e-72,2.62806765133,1.314033825665
3.1550000000000002,3155.0,0.001,0.0375000000001,,3.22186582836e-72,2.62725746414,1.31362873207
3.156,3156.0,0.001,0.0375,,3.17614293728e-72,2.62644066536,1.31322033268
3.157,3157.0,0.001,0.0375,,3.13125553256e-72,2.62561726617,1.312808633085
3.158,3158.0,0.001,0.0375,,3.08718652964e-72,2.62478727776,1.31239363888
3.1590000000000003,3159.0,0.001,0.0375000000001,,3.04391922851e-72,2.62395071139,1.311975355695
3.16,3160.0,0.001,0.0375,,3.00143730438e-72,2.62310757834,1.31155378917
3.161,3161.0,0.001,0.0375,,2.95972479866e-72,2.62225788993,1.311128944965
3.162,3162.0,0.001,0.0375,,2.91876611013e-72,2.62140165751,1.310700828755
3.1630000000000003,3163.0,0.001,0.0375000000001,,2.8785459863e-72,2.62053889251,1.310269446255
3.164,3164.0,0.001,0.0375,,2.83904951507e-72,2.61966960635,1.309834803175
3.165,3165.0,0.001,0.0375,,2.80026211654e-72,2.61879381051,1.309396905255
3.166,3166.0,0.001,0.0375,,2.76216953507e-72,2.61791151652,1.30895575826
3.1670000000000003,3167.0,0.001,0.0375000000001,,2.72475783151e-72,2.61702273592,1.30851136796
3.168,3168.0,0.001,0.0375,,2.68801337566e-72,2.61612748032,1.30806374016
3.169,3169.0,0.001,0.0375,,2.65192283887e-72,2.61522576134,1.30761288067
3.17,3170.0,0.001,0.0375,,2.61647318693e-72,2.61431759066,1.30715879533
3.1710000000000003,3171.0,0.001,0.0375000000001,,2.58165167299e-72,2.61340297997,1.306701489985
3.172,3172.0,0.001,0.0375,,2.5474458308e-72,2.61248194103,1.306240970515
3.173,3173.0,0.001,0.0375,,2.51384346805e-72,2.61155448562,1.30577724281
3.174,3174.0,0.001,0.0375,,2.4808326599e-72,2.61062062555,1.305310312775
3.1750000000000003,3175.0,0.001,0.0375000000001,,2.44840174262e-72,2.60968037268,1.30484018634
3.176,3176.0,0.001,0.0375,,2.41653930751e-72,2.6087337389,1.30436686945
3.177,3177.0,0.001,0.0375,,2.38523419483e-72,2.60778073614,1.30389036807
3.178,3178.0,0.001,0.0375,,2.354475488e-72,2.60682137636,1.30341068818
3.1790000000000003,3179.0,0.001,0.0375000000001,,2.32425250785e-72,2.60585567156,1.30292783578
3.18,3180.0,0.001,0.0375,,2.29455480711e-72,2.60488363378,1.30244181689
3.181,3181.0,0.001,0.0375,,2.26537216496e-72,2.6039052751,1.30195263755
3.182,3182.0,0.001,0.0375,,2.23669458173e-72,2.6029206076,1.3014603038
3.1830000000000003,3183.0,0.001,0.0375000000001,,2.20851227378e-72,2.60192964345,1.300964821725
3.184,3184.0,0.001,0.0375,,2.18081566845e-72,2.6009323948,1.3004661974
3.185,3185.0,0.001,0.0375,,2.15359539917e-72,2.59992887389,1.299964436945
3.186,3186.0,0.001,0.0375,,2.12684230068e-72,2.59891909294,1.29945954647
3.1870000000000003,3187.0,0.001,0.0375000000001,,2.10054740436e-72,2.59790306424,1.29895153212
3.188,3188.0,0.001,0.0375,,2.0747019337e-72,2.5976281744,1.2988140872
3.189,3189.0,0.001,0.0375,,2.04929729985e-72,2.59742241837,1.298711209185
3.19,3190.0,0.001,0.0375,,2.02432509731e-72,2.59720979646,1.29860489823
3.1910000000000003,3191.0,0.001,0.0375000000001,,1.9997770997e-72,2.59699031509,1.298495157545
3.192,3192.0,0.001,0.0375,,1.97564525569e-72,2.59676398072,1.29838199036
3.193,3193.0,0.001,0.0375,,1.9519216849e-72,2.59653079985,1.298265399925
3.194,3194.0,0.001,0.0375,,1.92859867407e-72,2.59629077904,1.29814538952
3.1950000000000003,3195.0,0.001,0.0375000000001,,1.90566867322e-72,2.59604392489,1.298021962445
3.196,3196.0,0.001,0.0375,,1.88312429191e-72,2.59579024406,1.29789512203
3.197,3197.0,0.001,0.0375,,1.8609582956e-72,2.59552974324,1.29776487162
3.198,3198.0,0.001,0.0375,,1.83916360215e-72,2.59526242919,1.297631214595
3.1990000000000003,3199.0,0.001,0.0375000000001,,1.8177332783e-72,2.5949883087,1.29749415435
3.2,3200.0,0.001,0.0375,,1.79666053636e-72,2.59470738862,1.29735369431
3.201,3201.0,0.001,0.0375,,1.77593873087e-72,2.59441967585,1.297209837925
3.202,3202.0,0.001,0.0375,,1.75556135541e-72,2.59412517731,1.297062588655
3.203,3203.0,0.001,0.0375,,1.73552203946e-72,2.59382390001,1.296911950005
3.204,3204.0,0.001,0.0375000000001,,1.71581454536e-72,2.59351585098,1.29675792549
3.205,3205.0,0.001,0.0375,,1.69643276527e-72,2.5932010373,1.29660051865
3.206,3206.0,0.001,0.0375,,1.67737071834e-72,2.5928794661,1.29643973305
3.207,3207.0,0.001,0.0375,,1.65862254781e-72,2.59255114457,1.296275572285
3.208,3208.0,0.001,0.0375000000001,,1.64018251823e-72,2.59221607992,1.29610803996
3.209,3209.0,0.001,0.0375,,1.62204501279e-72,2.59187427943,1.295937139715
3.21,3210.0,0.001,0.0375,,1.60420453069e-72,2.59152575041,1.295762875205
3.211,3211.0,0.001,0.0375,,1.58665568448e-72,2.59117050023,1.295585250115
3.212,3212.0,0.001,0.0375000000001,,1.56939319763e-72,2.5908085363,1.29540426815
3.213,3213.0,0.001,0.0375,,1.55241190205e-72,2.59043986608,1.29521993304
3.214,3214.0,0.001,0.0375,,1.53570673564e-72,2.59006449707,1.295032248535
3.215,3215.0,0.001,0.0375,,1.51927274002e-72,2.58968243682,1.29484121841
3.216,3216.0,0.001,0.0375000000001,,1.50310505821e-72,2.58929369292,1.29464684646
3.217,3217.0,0.001,0.0375,,1.48719893241e-72,2.58889827301,1.294449136505
3.218,3218.0,0.001,0.0375,,1.4715497018e-72,2.58849618478,1.29424809239
3.219,3219.0,0.001,0.0375,,1.45615280043e-72,2.58808743596,1.29404371798
3.22,3220.0,0.001,0.0375000000001,,1.44100375516e-72,2.58767203432,1.29383601716
3.221,3221.0,0.001,0.0375,,1.42609818359e-72,2.58724998769,1.293624993845
3.222,3222.0,0.001,0.0375,,1.41143179214e-72,2.58682130392,1.29341065196
3.223,3223.0,0.001,0.0375,,1.39700037404e-72,2.58638599093,1.293192995465
3.224,3224.0,0.001,0.0375000000001,,1.38279980753e-72,2.58594405668,1.29297202834
3.225,3225.0,0.001,0.0375,,1.36882605395e-72,2.58549550915,1.292747754575
3.226,3226.0,0.001,0.0375,,1.35507515596e-72,2.5850403564,1.2925201782
3.227,3227.0,0.001,0.0375,,1.3415432358e-72,2.58457860651,1.292289303255
3.228,3228.0,0.001,0.0375000000001,,1.32822649356e-72,2.58411026761,1.292055133805
3.229,3229.0,0.001,0.0375,,1.31512120548e-72,2.58363534787,1.291817673935
3.23,3230.0,0.001,0.0375,,1.30222372238e-72,2.58315385551,1.291576927755
3.231,3231.0,0.001,0.0375,,1.28953046797e-72,2.5826657988,1.2913328994
3.232,3232.0,0.001,0.0375000000001,,1.27703793739e-72,2.58217118603,1.291085593015
3.233,3233.0,0.001,0.0375,,1.26474269557e-72,2.58167002556,1.29083501278
3.234,3234.0,0.001,0.0375,,1.25264137586e-72,2.58116232577,1.290581162885
3.235,3235.0,0.001,0.0375,,1.24073067848e-72,2.5806480951,1.29032404755
3.236,3236.0,0.001,0.0375000000001,,1.22900736914e-72,2.58012734202,1.29006367101
3.237,3237.0,0.001,0.0375,,1.21746827766e-72,2.57960007505,1.289800037525
3.238,3238.0,0.001,0.0375,,1.20611029658e-72,2.57906630275,1.289533151375
3.239,3239.0,0.001,0.0375,,1.19493037986e-72,2.57852603372,1.28926301686
3.24,3240.0,0.001,0.0375000000001,,1.18392554159e-72,2.57797927661,1.288989638305
3.241,3241.0,0.001,0.0375,,1.17309285471e-72,2.5774260401,1.28871302005
3.242,3242.0,0.001,0.0375,,1.16242944975e-72,2.57686633292,1.28843316646
3.243,3243.0,0.001,0.0375,,1.15193251369e-72,2.57630016384,1.28815008192
3.244,3244.0,0.001,0.0375000000001,,1.14159928872e-72,2.57572754167,1.287863770835
3.245,3245.0,0.001,0.0375,,1.1314270711e-72,2.57514847526,1.28757423763
3.246,3246.0,0.001,0.0375,,1.12141321005e-72,2.5745629735,1.28728148675
3.247,3247.0,0.001,0.0375,,1.11155510665e-72,2.57397104533,1.286985522665
3.248,3248.0,0.001,0.0375000000001,,1.10185021273e-72,2.57337269972,1.28668634986
3.249,3249.0,0.001,0.0375,,1.09229602985e-72,2.57276794569,1.286383972845
3.25,3250.0,0.001,0.0375,,1.08289010829e-72,2.57215679229,1.286078396145
3.251,3251.0,0.001,0.0375,,1.07363004597e-72,2.57153924861,1.285769624305
3.2520000000000002,3252.0,0.001,0.0375000000001,,1.06451348757e-72,2.57091532379,1.285457661895
3.253,3253.0,0.001,0.0375,,1.0555381235e-72,2.570285027,1.2851425135
3.254,3254.0,0.001,0.0375,,1.04670168897e-72,2.56964836747,1.284824183735
3.255,3255.0,0.001,0.0375,,1.03800196311e-72,2.56900535444,1.28450267722
3.2560000000000002,3256.0,0.001,0.0375000000001,,1.02943676804e-72,2.5683559972,1.2841779986
3.257,3257.0,0.001,0.0375,,1.02100396801e-72,2.5677003051,1.28385015255
3.258,3258.0,0.001,0.0375,,1.01270146854e-72,2.5670382875,1.28351914375
3.259,3259.0,0.001,0.0375,,1.00452721559e-72,2.56636995381,1.283184976905
3.2600000000000002,3260.0,0.001,0.0375000000001,,9.96479194721e-73,2.56569531348,1.28284765674
3.261,3261.0,0.001,0.0375,,9.88555430334e-73,2.565014376,1.282507188
3.262,3262.0,0.001,0.0375,,9.80753984857e-73,2.5643271509,1.28216357545
3.263,3263.0,0.001,0.0375,,9.73072957992e-73,2.56363364774,1.28181682387
3.2640000000000002,3264.0,0.001,0.0375000000001,,9.6551048597e-73,2.56293387612,1.28146693806
3.265,3265.0,0.001,0.0375,,9.5806474082e-73,2.56222784569,1.281113922845
3.266,3266.0,0.001,0.0375,,9.50733929655e-73,2.56151556612,1.28075778306
3.267,3267.0,0.001,0.0375,,9.43516293973e-73,2.56079704713,1.280398523565
3.2680000000000002,3268.0,0.001,0.0375000000001,,9.3641010898e-73,2.56007229847,1.280036149235
3.269,3269.0,0.001,0.0375,,9.29413682918e-73,2.55934132993,1.279670664965
3.27,3270.0,0.001,0.0375,,9.22525356414e-73,2.55860415134,1.27930207567
3.271,3271.0,0.001,0.0375,,9.15743501846e-73,2.55786077257,1.278930386285
3.2720000000000002,3272.0,0.001,0.0375000000001,,9.09066522718e-73,2.55711120351,1.278555601755
3.273,3273.0,0.001,0.0375,,9.02492853047e-73,2.5563554541,1.27817772705
3.274,3274.0,0.001,0.0375,,8.96020956772e-73,2.55559353433,1.277796767165
3.275,3275.0,0.001,0.0375,,8.89649327171e-73,2.55482545419,1.277412727095
3.2760000000000002,3276.0,0.001,0.0375000000001,,8.83376486288e-73,2.55405122374,1.27702561187
3.277,3277.0,0.001,0.0375,,8.77200984378e-73,2.55327085305,1.276635426525
3.278,3278.0,0.001,0.0375,,8.71121399363e-73,2.55248435225,1.276242176125
3.279,3279.0,0.001,0.0375,,8.65136336297e-73,2.55169173149,1.275845865745
3.2800000000000002,3280.0,0.001,0.0375000000001,,8.59244426847e-73,2.55089300096,1.27544650048
3.281,3281.0,0.001,0.0375,,8.53444328783e-73,2.55008817088,1.27504408544
3.282,3282.0,0.001,0.0375,,8.47734725481e-73,2.54927725152,1.27463862576
3.283,3283.0,0.001,0.0375,,8.42114325432e-73,2.54846025316,1.27423012658
3.2840000000000003,3284.0,0.001,0.0375000000001,,8.3658186177e-73,2.54763718614,1.27381859307
3.285,3285.0,0.001,0.0375,,8.31136091803e-73,2.54680806082,1.27340403041
3.286,3286.0,0.001,0.0375,,8.2577579656e-73,2.5459728876,1.2729864438
3.287,3287.0,0.001,0.0375,,8.20499780344e-73,2.54513167692,1.27256583846
3.2880000000000003,3288.0,0.001,0.0375000000001,,8.15306870293e-73,2.54428443923,1.272142219615
3.289,3289.0,0.001,0.0375,,8.10195915962e-73,2.54343118503,1.271715592515
3.29,3290.0,0.001,0.0375,,8.05165788896e-73,2.54257192488,1.27128596244
3.291,3291.0,0.001,0.0375,,8.00215382232e-73,2.54170666932,1.27085333466
3.2920000000000003,3292.0,0.001,0.0375000000001,,7.95343610293e-73,2.54083542896,1.27041771448
3.293,3293.0,0.001,0.0375,,7.90549408202e-73,2.53995821444,1.26997910722
3.294,3294.0,0.001,0.0375,,7.858317315e-73,2.53907503643,1.269537518215
3.295,3295.0,0.001,0.0375,,7.81189555772e-73,2.53818590562,1.26909295281
3.2960000000000003,3296.0,0.001,0.0375000000001,,7.76621876284e-73,2.53729083274,1.26864541637
3.297,3297.0,0.001,0.0375,,7.72127707626e-73,2.53638982857,1.268194914285
3.298,3298.0,0.001,0.0375,,7.6770608336e-73,2.5354829039,1.26774145195
3.299,3299.0,0.001,0.0375,,7.63356055686e-73,2.53457006956,1.26728503478
3.3000000000000003,3300.0,0.001,0.0375000000001,,7.590766951e-73,2.53365133641,1.266825668205
3.301,3301.0,0.001,0.0375,,7.54867090075e-73,2.53272671535,1.266363357675
3.302,3302.0,0.001,0.0375,,7.50726346736e-73,2.53179621731,1.265898108655
3.303,3303.0,0.001,0.0375,,7.46653588553e-73,2.53085985323,1.265429926615
3.3040000000000003,3304.0,0.001,0.0375000000001,,7.42647956034e-73,2.52991763412,1.26495881706
3.305,3305.0,0.001,0.0375,,7.38708606425e-73,2.52896957098,1.26448478549
3.306,3306.0,0.001,0.0375,,7.34834713421e-73,2.52801567488,1.26400783744
3.307,3307.0,0.001,0.0375,,7.3102546688e-73,2.52705595688,1.26352797844
3.3080000000000003,3308.0,0.001,0.0375000000001,,7.27280072543e-73,2.52609042812,1.26304521406
3.309,3309.0,0.001,0.0375,,7.23597751762e-73,2.52511909972,1.26255954986
3.31,3310.0,0.001,0.0375,,7.19977741234e-73,2.52414198286,1.26207099143
3.311,3311.0,0.001,0.0375,,7.16419292739e-73,2.52315908874,1.26157954437
3.3120000000000003,3312.0,0.001,0.0375000000001,,7.12921672888e-73,2.52217042861,1.261085214305
3.313,3313.0,0.001,0.0375,,7.09484162868e-73,2.52117601372,1.26058800686
3.314,3314.0,0.001,0.0375,,7.06106058206e-73,2.52017585536,1.26008792768
3.315,3315.0,0.001,0.0375,,7.02786668524e-73,2.51916996486,1.25958498243
3.3160000000000003,3316.0,0.001,0.0375000000001,,6.99525317312e-73,2.51815835356,1.25907917678
3.317,3317.0,0.001,0.0375,,6.96321341697e-73,2.51714103286,1.25857051643
3.318,3318.0,0.001,0.0375,,6.9317409222e-73,2.51611801416,1.25805900708
3.319,3319.0,0.001,0.0375,,6.90082932622e-73,2.5150893089,1.25754465445
3.3200000000000003,3320.0,0.001,0.0375000000001,,6.87047239629e-73,2.51405492855,1.257027464275
3.321,3321.0,0.001,0.0375,,6.84066402745e-73,2.5130148846,1.2565074423
3.322,3322.0,0.001,0.0375,,6.81139824049e-73,2.51196918857,1.255984594285
3.323,3323.0,0.001,0.0375,,6.78266918e-73,2.51091785203,1.255458926015
3.3240000000000003,3324.0,0.001,0.0375000000001,,6.75447111237e-73,2.50986088654,1.25493044327
3.325,3325.0,0.001,0.0375,,6.72679842397e-73,2.50879830372,1.25439915186
3.326,3326.0,0.001,0.0375,,6.69964561923e-73,2.50773011521,1.253865057605
3.327,3327.0,0.001,0.0375,,6.67300731892e-73,2.50665633266,1.25332816633
3.3280000000000003,3328.0,0.001,0.0375000000001,,6.6468782583e-73,2.50611840204,1.25305920102
3.329,3329.0,0.001,0.0375,,6.62125328547e-73,2.50574672635,1.252873363175
3.33,3330.0,0.001,0.0375,,6.59612735965e-73,2.50536867892,1.25268433946
3.331,3331.0,0.001,0.0375,,6.57149554956e-73,2.50498426686,1.25249213343
3.332,3332.0,0.001,0.0375,,6.54735303178e-73,2.50459349727,1.252296748635
3.333,3333.0,0.001,0.0375000000001,,6.52369508925e-73,2.50419637733,1.252098188665
3.334,3334.0,0.001,0.0375,,6.50051710971e-73,2.50379291425,1.251896457125
3.335,3335.0,0.001,0.0375,,6.47781458418e-73,2.50338311528,1.25169155764
3.336,3336.0,0.001,0.0375,,6.45558310558e-73,2.50296698771,1.251483493855
3.337,3337.0,0.001,0.0375000000001,,6.43381836725e-73,2.5025445389,1.25127226945
3.338,3338.0,0.001,0.0375,,6.41251616161e-73,2.50211577621,1.251057888105
3.339,3339.0,0.001,0.0375,,6.39167237877e-73,2.50168070707,1.250840353535
3.34,3340.0,0.001,0.0375,,6.37128300528e-73,2.50123933894,1.25061966947
3.341,3341.0,0.001,0.0375000000001,,6.35134412278e-73,2.50079167933,1.250395839665
3.342,3342.0,0.001,0.0375,,6.33185190681e-73,2.50033773579,1.250168867895
3.343,3343.0,0.001,0.0375,,6.31280262555e-73,2.4998775159,1.24993875795
3.344,3344.0,0.001,0.0375,,6.29419263867e-73,2.4994110273,1.24970551365
3.345,3345.0,0.001,0.0375000000001,,6.27601839618e-73,2.49893827766,1.24946913883
3.346,3346.0,0.001,0.0375,,6.25827643725e-73,2.49845927469,1.249229637345
3.347,3347.0,0.001,0.0375,,6.24096338921e-73,2.49797402615,1.248987013075
3.348,3348.0,0.001,0.0375,,6.2240759664e-73,2.49748253983,1.248741269915
3.349,3349.0,0.001,0.0375000000001,,6.2076109692e-73,2.49698482356,1.24849241178
3.35,3350.0,0.001,0.0375,,6.19156528298e-73,2.49648088522,1.24824044261
3.351,3351.0,0.001,0.0375,,6.17593587717e-73,2.49597073273,1.247985366365
3.352,3352.0,0.001,0.0375,,6.16071980425e-73,2.49545437405,1.247727187025
3.353,3353.0,0.001,0.0375000000001,,6.14591419891e-73,2.49493181717,1.247465908585
3.354,3354.0,0.001,0.0375,,6.13151627706e-73,2.49440307012,1.24720153506
3.355,3355.0,0.001,0.0375,,6.11752333505e-73,2.49386814099,1.246934070495
3.356,3356.0,0.001,0.0375,,6.10393274878e-73,2.49332703788,1.24666351894
3.357,3357.0,0.001,0.0375000000001,,6.09074197288e-73,2.49277976897,1.246389884485
3.358,3358.0,0.001,0.0375,,6.07794853995e-73,2.49222634243,1.246113171215
3.359,3359.0,0.001,0.0375,,6.06555005977e-73,2.4916667665,1.24583338325
3.36,3360.0,0.001,0.0375,,6.05354421859e-73,2.49110104946,1.24555052473
3.361,3361.0,0.001,0.0375000000001,,6.04192877836e-73,2.49052919962,1.24526459981
3.362,3362.0,0.001,0.0375,,6.03070157609e-73,2.48995122533,1.244975612665
3.363,3363.0,0.001,0.0375,,6.01986052317e-73,2.48936713498,1.24468356749
3.364,3364.0,0.001,0.0375,,6.0094036047e-73,2.488776937,1.2443884685
3.365,3365.0,0.001,0.0375000000001,,5.99932887891e-73,2.48818063984,1.24409031992
3.366,3366.0,0.001,0.0375,,5.98963447653e-73,2.48757825203,1.243789126015
3.367,3367.0,0.001,0.0375,,5.98031860022e-73,2.48696978209,1.243484891045
3.368,3368.0,0.001,0.0375,,5.97137952403e-73,2.48635523861,1.243177619305
3.369,3369.0,0.001,0.0375000000001,,5.96281559288e-73,2.48573463021,1.242867315105
3.37,3370.0,0.001,0.0375,,5.95462522199e-73,2.48510796555,1.242553982775
3.371,3371.0,0.001,0.0375,,5.9468068965e-73,2.48447525331,1.242237626655
3.372,3372.0,0.001,0.0375,,5.93935917088e-73,2.48383650222,1.24191825111
3.373,3373.0,0.001,0.0375000000001,,5.93228066861e-73,2.48319172106,1.24159586053
3.374,3374.0,0.001,0.0375,,5.92557008166e-73,2.48254091863,1.241270459315
3.375,3375.0,0.001,0.0375,,5.91922617015e-73,2.48188410376,1.24094205188
3.376,3376.0,0.001,0.0375,,5.91324776193e-73,2.48122128535,1.240610642675
3.3770000000000002,3377.0,0.001,0.0375000000001,,5.90763375226e-73,2.48055247229,1.240276236145
3.378,3378.0,0.001,0.0375,,5.90238310344e-73,2.47987767355,1.239938836775
3.379,3379.0,0.001,0.0375,,5.89749484452e-73,2.4791968981,1.23959844905
3.38,3380.0,0.001,0.0375,,5.89296807096e-73,2.47851015498,1.23925507749
3.3810000000000002,3381.0,0.001,0.0375000000001,,5.8888019444e-73,2.47781745324,1.23890872662
3.382,3382.0,0.001,0.0375,,5.88499569237e-73,2.47711880198,1.23855940099
3.383,3383.0,0.001,0.0375,,5.88154860808e-73,2.47641421032,1.23820710516
3.384,3384.0,0.001,0.0375,,5.87846005017e-73,2.47570368744,1.23785184372
3.3850000000000002,3385.0,0.001,0.0375000000001,,5.87572944253e-73,2.47498724253,1.237493621265
3.386,3386.0,0.001,0.0375,,5.87335627414e-73,2.47426488483,1.237132442415
3.387,3387.0,0.001,0.0375,,5.87134009887e-73,2.47353662361,1.236768311805
3.388,3388.0,0.001,0.0375,,5.86968053538e-73,2.47280246818,1.23640123409
3.3890000000000002,3389.0,0.001,0.0375000000001,,5.86837726697e-73,2.47206242788,1.23603121394
3.39,3390.0,0.001,0.0375,,5.86743004151e-73,2.47131651208,1.23565825604
3.391,3391.0,0.001,0.0375,,5.86683867134e-73,2.4705647302,1.2352823651
3.392,3392.0,0.001,0.0375,,5.86660303321e-73,2.46980709168,1.23490354584
3.3930000000000002,3393.0,0.001,0.0375000000001,,5.86672306824e-73,2.46904360599,1.234521802995
3.394,3394.0,0.001,0.0375,,5.8671987819e-73,2.46827428266,1.23413714133
3.395,3395.0,0.001,0.0375,,5.86803024402e-73,2.46749913122,1.23374956561
3.396,3396.0,0.001,0.0375,,5.86921758877e-73,2.46671816125,1.233359080625
3.3970000000000002,3397.0,0.001,0.0375000000001,,5.87076101472e-73,2.46593138238,1.23296569119
3.398,3398.0,0.001,0.0375,,5.87266078492e-73,2.46513880423,1.232569402115
3.399,3399.0,0.001,0.0375,,5.8749172269e-73,2.46434043651,1.232170218255
3.4,3400.0,0.001,0.0375,,5.87753073285e-73,2.46353628891,1.231768144455
3.4010000000000002,3401.0,0.001,0.0375000000001,,5.88050175968e-73,2.46272637118,1.23136318559
3.402,3402.0,0.001,0.0375,,5.88383082915e-73,2.46191069311,1.230955346555
3.403,3403.0,0.001,0.0375,,5.88751852805e-73,2.4610892645,1.23054463225
3.404,3404.0,0.001,0.0375,,5.89156550837e-73,2.46026209519,1.230131047595
3.4050000000000002,3405.0,0.001,0.0375000000001,,5.89597248745e-73,2.45942919507,1.229714597535
3.406,3406.0,0.001,0.0375,,5.90074024823e-73,2.45859057403,1.229295287015
3.407,3407.0,0.001,0.0375,,5.90586963948e-73,2.45774624202,1.22887312101
3.408,3408.0,0.001,0.0375,,5.91136157604e-73,2.45689620901,1.228448104505
3.4090000000000003,3409.0,0.001,0.0375000000001,,5.91721703908e-73,2.456040485,1.2280202425
3.41,3410.0,0.001,0.0375,,5.9234370764e-73,2.45517908003,1.227589540015
3.411,3411.0,0.001,0.0375,,5.93002280275e-73,2.45431200417,1.227156002085
3.412,3412.0,0.001,0.0375,,5.93697540016e-73,2.4534392675,1.22671963375
3.4130000000000003,3413.0,0.001,0.0375000000001,,5.94429611825e-73,2.45256088016,1.22628044008
3.414,3414.0,0.001,0.0375,,5.95198627468e-73,2.4516768523,1.22583842615
3.415,3415.0,0.001,0.0375,,5.96004725548e-73,2.45078719412,1.22539359706
3.416,3416.0,0.001,0.0375,,5.96848051546e-73,2.44989191584,1.22494595792
3.4170000000000003,3417.0,0.001,0.0375000000001,,5.97728757872e-73,2.4489910277,1.22449551385
3.418,3418.0,0.001,0.0375,,5.986470039e-73,2.44808453998,1.22404226999
3.419,3419.0,0.001,0.0375,,5.99602956026e-73,2.44717246301,1.223586231505
3.42,3420.0,0.001,0.0375,,6.00596787709e-73,2.44625480711,1.223127403555
3.4210000000000003,3421.0,0.001,0.0375000000001,,6.0162867953e-73,2.44533158265,1.222665791325
3.422,3422.0,0.001,0.0375,,6.02698819243e-73,2.44440280005,1.222201400025
3.423,3423.0,0.001,0.0375,,6.03807401831e-73,2.44346846972,1.22173423486
3.424,3424.0,0.001,0.0375,,6.04954629569e-73,2.44252860212,1.22126430106
3.4250000000000003,3425.0,0.001,0.0375000000001,,6.06140712079e-73,2.44158320775,1.220791603875
3.426,3426.0,0.001,0.0375,,6.07365866399e-73,2.44063229712,1.22031614856
3.427,3427.0,0.001,0.0375,,6.08630317045e-73,2.43967588077,1.219837940385
3.428,3428.0,0.001,0.0375,,6.09934296081e-73,2.43871396928,1.21935698464
3.4290000000000003,3429.0,0.001,0.0375000000001,,6.1127804319e-73,2.43774657325,1.218873286625
3.43,3430.0,0.001,0.0375,,6.12661805744e-73,2.43677370331,1.218386851655
3.431,3431.0,0.001,0.0375,,6.14085838884e-73,2.43579537012,1.21789768506
3.432,3432.0,0.001,0.0375,,6.15550405593e-73,2.43481158437,1.217405792185
3.4330000000000003,3433.0,0.001,0.0375000000001,,6.1705577678e-73,2.43382235677,1.216911178385
3.434,3434.0,0.001,0.0375,,6.18602231361e-73,2.43282769806,1.21641384903
3.435,3435.0,0.001,0.0375,,6.20190056347e-73,2.43182761902,1.21591380951
3.436,3436.0,0.001,0.0375,,6.21819546928e-73,2.43082213044,1.21541106522
3.4370000000000003,3437.0,0.001,0.0375000000001,,6.23491006567e-73,2.42981124315,1.214905621575
3.438,3438.0,0.001,0.0375,,6.25204747094e-73,2.428794968,1.214397484
3.439,3439.0,0.001,0.0375,,6.26961088799e-73,2.42777331587,1.213886657935
3.44,3440.0,0.001,0.0375,,6.28760360536e-73,2.42674629766,1.21337314883
3.4410000000000003,3441.0,0.001,0.0375000000001,,6.30602899818e-73,2.4257139243,1.21285696215
3.442,3442.0,0.001,0.0375,,6.32489052929e-73,2.42467620675,1.212338103375
3.443,3443.0,0.001,0.0375,,6.34419175027e-73,2.42363315601,1.211816578005
3.444,3444.0,0.001,0.0375,,6.36393630257e-73,2.42258478307,1.211292391535
3.4450000000000003,3445.0,0.001,0.0375000000001,,6.38412791861e-73,2.42153109898,1.21076554949
3.446,3446.0,0.001,0.0375,,6.404770423e-73,2.42047211479,1.210236057395
3.447,3447.0,0.001,0.0375,,6.4258677337e-73,2.4194078416,1.2097039208
3.448,3448.0,0.001,0.0375,,6.44742386327e-73,2.41833829052,1.20916914526
3.4490000000000003,3449.0,0.001,0.0375000000001,,6.4694429201e-73,2.41726347269,1.208631736345
3.45,3450.0,0.001,0.0375,,6.49192910974e-73,2.41618339927,1.208091699635
3.451,3451.0,0.001,0.0375,,6.51488673622e-73,2.41509808145,1.207549040725
3.452,3452.0,0.001,0.0375,,6.53832020339e-73,2.41400753045,1.207003765225
3.4530000000000003,3453.0,0.001,0.0375000000001,,6.56223401635e-73,2.4129117575,1.20645587875
3.454,3454.0,0.001,0.0375,,6.58663278285e-73,2.41185464506,1.20592732253
3.455,3455.0,0.001,0.0375,,6.61152121475e-73,2.4113229101,1.20566145505
3.456,3456.0,0.001,0.0375,,6.63690412958e-73,2.41078522963,1.205392614815
3.457,3457.0,0.001,0.0375,,6.66278645201e-73,2.41024161148,1.20512080574
3.458,3458.0,0.001,0.0375000000001,,6.68917321547e-73,2.40969206353,1.204846031765
3.459,3459.0,0.001,0.0375,,6.71606956376e-73,2.40913659369,1.204568296845
3.46,3460.0,0.001,0.0375,,6.74348075268e-73,2.4085752099,1.20428760495
3.461,3461.0,0.001,0.0375,,6.77141215178e-73,2.40800792016,1.20400396008
3.462,3462.0,0.001,0.0375000000001,,6.79986924601e-73,2.40743473249,1.203717366245
3.463,3463.0,0.001,0.0375,,6.82885763758e-73,2.40685565495,1.203427827475
3.464,3464.0,0.001,0.0375,,6.85838304775e-73,2.40627069564,1.20313534782
3.465,3465.0,0.001,0.0375,,6.88845131867e-73,2.40567986269,1.202839931345
3.466,3466.0,0.001,0.0375000000001,,6.91906841529e-73,2.40508316429,1.202541582145
3.467,3467.0,0.001,0.0375,,6.95024042737e-73,2.40448060863,1.202240304315
3.468,3468.0,0.001,0.0375,,6.98197357138e-73,2.40387220396,1.20193610198
3.469,3469.0,0.001,0.0375,,7.01427419262e-73,2.40325795857,1.201628979285
3.47,3470.0,0.001,0.0375000000001,,7.04714876726e-73,2.40263788078,1.20131894039
3.471,3471.0,0.001,0.0375,,7.08060390454e-73,2.40201197894,1.20100598947
3.472,3472.0,0.001,0.0375,,7.11464634886e-73,2.40165087681,1.200825438405
3.473,3473.0,0.001,0.0375,,7.14928298213e-73,2.40153342195,1.200766710975
3.474,3474.0,0.001,0.0375000000001,,7.18452082596e-73,2.40140982281,1.200704911405
3.475,3475.0,0.001,0.0375,,7.22036704408e-73,2.40128008414,1.20064004207
3.476,3476.0,0.001,0.0375,,7.25682894468e-73,2.40114421074,1.20057210537
3.477,3477.0,0.001,0.0375,,7.29391398288e-73,2.40100220746,1.20050110373
3.478,3478.0,0.001,0.0375000000001,,7.33162976326e-73,2.40085407917,1.200427039585
3.479,3479.0,0.001,0.0375,,7.36998404238e-73,2.4006998308,1.2003499154
3.48,3480.0,0.001,0.0375,,7.40898473141e-73,2.40053946732,1.20026973366
3.481,3481.0,0.001,0.0375,,7.44863989883e-73,2.40037299375,1.200186496875
3.482,3482.0,0.001,0.0375000000001,,7.48895777318e-73,2.40020041514,1.20010020757
3.483,3483.0,0.001,0.0375,,7.5299467458e-73,2.40002173659,1.200010868295
3.484,3484.0,0.001,0.0375,,7.57161537376e-73,2.39983696325,1.199918481625
3.485,3485.0,0.001,0.0375,,7.61397238277e-73,2.39964610031,1.199823050155
3.486,3486.0,0.001,0.0375000000001,,7.65702667017e-73,2.39944915298,1.19972457649
3.487,3487.0,0.001,0.0375,,7.70078730799e-73,2.39924612655,1.199623063275
3.488,3488.0,0.001,0.0375,,7.74526354609e-73,2.39903702632,1.19951851316
3.489,3489.0,0.001,0.0375,,7.79046481535e-73,2.39882185766,1.19941092883
3.49,3490.0,0.001,0.0375000000001,,7.83640073098e-73,2.39860062596,1.19930031298
3.491,3491.0,0.001,0.0375,,7.88308109582e-73,2.39837333666,1.19918666833
3.492,3492.0,0.001,0.0375,,7.93051590378e-73,2.39813999525,1.199069997625
3.493,3493.0,0.001,0.0375,,7.97871534336e-73,2.39790060724,1.19895030362
3.494,3494.0,0.001,0.0375000000001,,8.02768980119e-73,2.39765517822,1.19882758911
3.495,3495.0,0.001,0.0375,,8.07744986572e-73,2.39740371378,1.19870185689
3.496,3496.0,0.001,0.0375,,8.12800633094e-73,2.39714621958,1.19857310979
3.497,3497.0,0.001,0.0375,,8.17937020022e-73,2.3968827013,1.19844135065
3.498,3498.0,0.001,0.0375000000001,,8.23155269019e-73,2.39661316468,1.19830658234
3.499,3499.0,0.001,0.0375,,8.28456523476e-73,2.3963376155,1.19816880775
3.5,3500.0,0.001,0.0375,,8.33841948919e-73,2.39605605957,1.198028029785
3.501,3501.0,0.001,0.0375,,8.39312733429e-73,2.39576850275,1.197884251375
3.5020000000000002,3502.0,0.001,0.0375000000001,,8.44870088065e-73,2.39547495093,1.197737475465
3.503,3503.0,0.001,0.0375,,8.50515247305e-73,2.39517541005,1.197587705025
3.504,3504.0,0.001,0.0375,,8.56249469488e-73,2.39486988609,1.197434943045
3.505,3505.0,0.001,0.0375,,8.62074037274e-73,2.39455838508,1.19727919254
3.5060000000000002,3506.0,0.001,0.0375000000001,,8.67990258108e-73,2.39424091307,1.197120456535
3.507,3507.0,0.001,0.0375,,8.73999464698e-73,2.39391747616,1.19695873808
3.508,3508.0,0.001,0.0375,,8.80103015501e-73,2.39358808049,1.196794040245
3.509,3509.0,0.001,0.0375,,8.86302295226e-73,2.39325273224,1.19662636612
3.5100000000000002,3510.0,0.001,0.0375000000001,,8.92598715336e-73,2.39291143764,1.19645571882
3.511,3511.0,0.001,0.0375,,8.98993714579e-73,2.39256420295,1.196282101475
3.512,3512.0,0.001,0.0375,,9.05488759511e-73,2.39221103446,1.19610551723
3.513,3513.0,0.001,0.0375,,9.12085345048e-73,2.39185193851,1.195925969255
3.5140000000000002,3514.0,0.001,0.0375000000001,,9.18784995021e-73,2.39148692149,1.195743460745
3.515,3515.0,0.001,0.0375,,9.25589262742e-73,2.39111598981,1.195557994905
3.516,3516.0,0.001,0.0375,,9.32499731593e-73,2.39073914993,1.195369574965
3.517,3517.0,0.001,0.0375,,9.39518015616e-73,2.39035640836,1.19517820418
3.5180000000000002,3518.0,0.001,0.0375000000001,,9.46645760124e-73,2.38996777161,1.194983885805
3.519,3519.0,0.001,0.0375,,9.53884642325e-73,2.38957324628,1.19478662314
3.52,3520.0,0.001,0.0375,,9.61236371957e-73,2.38917283897,1.194586419485
3.521,3521.0,0.001,0.0375,,9.68702691939e-73,2.38876655634,1.19438327817
3.5220000000000002,3522.0,0.001,0.0375000000001,,9.76285379038e-73,2.38835440508,1.19417720254
3.523,3523.0,0.001,0.0375,,9.8398624455e-73,2.38793639192,1.19396819596
3.524,3524.0,0.001,0.0375,,9.91807134995e-73,2.38751252363,1.193756261815
3.525,3525.0,0.001,0.0375,,9.99749932831e-73,2.387082807,1.1935414035
3.5260000000000002,3526.0,0.001,0.0375000000001,,1.00781655718e-72,2.3866472489,1.19332362445
3.527,3527.0,0.001,0.0375,,1.01600896458e-72,2.38620585619,1.193102928095
3.528,3528.0,0.001,0.0375,,1.02432914972e-72,2.3857586358,1.1928793179
3.529,3529.0,0.001,0.0375,,1.03277914628e-72,2.38530559468,1.19265279734
3.5300000000000002,3530.0,0.001,0.0375000000001,,1.04136102765e-72,2.38484673984,1.19242336992
3.531,3531.0,0.001,0.0375,,1.0500769078e-72,2.38438207831,1.192191039155
3.532,3532.0,0.001,0.0375,,1.05892894209e-72,2.38391161714,1.19195580857
3.533,3533.0,0.001,0.0375,,1.06791932815e-72,2.38343536346,1.19171768173
3.5340000000000003,3534.0,0.001,0.0375000000001,,1.07705030671e-72,2.3829533244,1.1914766622
3.535,3535.0,0.001,0.0375,,1.08632416252e-72,2.38246550715,1.191232753575
3.536,3536.0,0.001,0.0375,,1.09574322526e-72,2.38197191892,1.19098595946
3.537,3537.0,0.001,0.0375,,1.10530987047e-72,2.38147256697,1.190736283485
3.5380000000000003,3538.0,0.001,0.0375000000001,,1.1150265205e-72,2.38096745858,1.19048372929
3.539,3539.0,0.001,0.0375,,1.12489564552e-72,2.3804566011,1.19022830055
3.54,3540.0,0.001,0.0375,,1.13491976446e-72,2.37994000187,1.189970000935
3.541,3541.0,0.001,0.0375,,1.14510144607e-72,2.37941766831,1.189708834155
3.5420000000000003,3542.0,0.001,0.0375000000001,,1.15544331e-72,2.37888960783,1.189444803915
3.543,3543.0,0.001,0.0375,,1.16594802778e-72,2.37835582793,1.189177913965
3.544,3544.0,0.001,0.0375,,1.176618324e-72,2.3778163361,1.18890816805
3.545,3545.0,0.001,0.0375,,1.18745697739e-72,2.37727113989,1.188635569945
3.5460000000000003,3546.0,0.001,0.0375000000001,,1.198466822e-72,2.37672024687,1.188360123435
3.547,3547.0,0.001,0.0375,,1.2096507483e-72,2.37616366466,1.18808183233
3.548,3548.0,0.001,0.0375,,1.22101170448e-72,2.37560140092,1.18780070046
3.549,3549.0,0.001,0.0375,,1.23255269761e-72,2.37503346331,1.187516731655
3.5500000000000003,3550.0,0.001,0.0375000000001,,1.2442767949e-72,2.37445985957,1.187229929785
3.551,3551.0,0.001,0.0375,,1.25618712503e-72,2.37388059745,1.186940298725
3.552,3552.0,0.001,0.0375,,1.26828687943e-72,2.37329568473,1.186647842365
3.553,3553.0,0.001,0.0375,,1.28057931365e-72,2.37270512924,1.18635256462
3.5540000000000003,3554.0,0.001,0.0375000000001,,1.2930677487e-72,2.37210893884,1.18605446942
3.555,3555.0,0.001,0.0375,,1.30575557251e-72,2.37150712142,1.18575356071
3.556,3556.0,0.001,0.0375,,1.31864624136e-72,2.37089968491,1.185449842455
3.557,3557.0,0.001,0.0375,,1.33174328135e-72,2.37028663726,1.18514331863
3.5580000000000003,3558.0,0.001,0.0375000000001,,1.3450502899e-72,2.36966798647,1.184833993235
3.559,3559.0,0.001,0.0375,,1.35857093735e-72,2.36904374057,1.184521870285
3.56,3560.0,0.001,0.0375,,1.37230896848e-72,2.36841390762,1.18420695381
3.561,3561.0,0.001,0.0375,,1.3862682042e-72,2.36777849572,1.18388924786
3.5620000000000003,3562.0,0.001,0.0375000000001,,1.40045254315e-72,2.36713751299,1.183568756495
3.563,3563.0,0.001,0.0375,,1.41486596345e-72,2.3664909676,1.1832454838
3.564,3564.0,0.001,0.0375,,1.42951252443e-72,2.36583886775,1.182919433875
3.565,3565.0,0.001,0.0375,,1.4443963684e-72,2.36518122165,1.182590610825
3.5660000000000003,3566.0,0.001,0.0375000000001,,1.45952172248e-72,2.36451803758,1.18225901879
3.567,3567.0,0.001,0.0375,,1.47489290047e-72,2.36384932382,1.18192466191
3.568,3568.0,0.001,0.0375,,1.4905143048e-72,2.3631750887,1.18158754435
3.569,3569.0,0.001,0.0375,,1.50639042843e-72,2.36249534059,1.181247670295
3.5700000000000003,3570.0,0.001,0.0375000000001,,1.52252585689e-72,2.36181008787,1.180905043935
3.571,3571.0,0.001,0.0375,,1.53892527034e-72,2.36111933896,1.18055966948
3.572,3572.0,0.001,0.0375,,1.55559344568e-72,2.36042310232,1.18021155116
3.573,3573.0,0.001,0.0375,,1.57253525867e-72,2.35972138645,1.179860693225
3.5740000000000003,3574.0,0.001,0.0375000000001,,1.58975568617e-72,2.35901419985,1.179507099925
3.575,3575.0,0.001,0.0375,,1.6072598084e-72,2.35830155108,1.17915077554
3.576,3576.0,0.001,0.0375,,1.62505281125e-72,2.35758344872,1.17879172436
3.577,3577.0,0.001,0.0375,,1.64313998862e-72,2.35685990138,1.17842995069
3.5780000000000003,3578.0,0.001,0.0375000000001,,1.66152674493e-72,2.35613091772,1.17806545886
3.579,3579.0,0.001,0.0375,,1.6802185975e-72,2.3553965064,1.1776982532
3.58,3580.0,0.001,0.0375,,1.6992211792e-72,2.35465667613,1.177328338065
3.581,3581.0,0.001,0.0375,,1.71854024099e-72,2.35391143566,1.17695571783
3.5820000000000003,3582.0,0.001,0.0375000000001,,1.73818165464e-72,2.35316079374,1.17658039687
3.583,3583.0,0.001,0.0375,,1.75815141544e-72,2.35240475918,1.17620237959
3.584,3584.0,0.001,0.0375,,1.77845564501e-72,2.35164334081,1.175821670405
3.585,3585.0,0.001,0.0375,,1.79910059418e-72,2.35087654749,1.175438273745
3.586,3586.0,0.001,0.0375,,1.82009264597e-72,2.35010438811,1.175052194055
3.587,3587.0,0.001,0.0375000000001,,1.84143831853e-72,2.34932687158,1.17466343579
3.588,3588.0,0.001,0.0375,,1.86314426831e-72,2.34854400686,1.17427200343
3.589,3589.0,0.001,0.0375,,1.88521729318e-72,2.34775580293,1.173877901465
3.59,3590.0,0.001,0.0375,,1.9076643357e-72,2.3469622688,1.1734811344
3.591,3591.0,0.001,0.0375000000001,,1.93049248644e-72,2.3461634135,1.17308170675
3.592,3592.0,0.001,0.0375,,1.95370898739e-72,2.34535924611,1.172679623055
3.593,3593.0,0.001,0.0375,,1.97732123544e-72,2.34454977571,1.172274887855
3.594,3594.0,0.001,0.0375,,2.00133678598e-72,2.34373501145,1.171867505725
3.595,3595.0,0.001,0.0375000000001,,2.02576335657e-72,2.34291496246,1.17145748123
3.596,3596.0,0.001,0.0375,,2.05060883066e-72,2.34208963794,1.17104481897
3.597,3597.0,0.001,0.0375,,2.07588126152e-72,2.34125904711,1.170629523555
3.598,3598.0,0.001,0.0375,,2.1015888761e-72,2.34042319919,1.170211599595
3.599,3599.0,0.001,0.0375000000001,,2.12774007916e-72,2.33958210346,1.16979105173
3.6,3600.0,0.001,0.0375,,2.15434345734e-72,2.33873576921,1.169367884605
3.601,3601.0,0.001,0.0375,,2.1814077835e-72,2.33788420578,1.16894210289
3.602,3602.0,0.001,0.0375,,2.20894202101e-72,2.33702742252,1.16851371126
3.603,3603.0,0.001,0.0375000000001,,2.23695532825e-72,2.3361654288,1.1680827144
3.604,3604.0,0.001,0.0375,,2.2654570632e-72,2.33529823405,1.167649117025
3.605,3605.0,0.001,0.0375,,2.29445678811e-72,2.33442584768,1.16721292384
3.606,3606.0,0.001,0.0375,,2.32396427434e-72,2.33354827917,1.166774139585
3.607,3607.0,0.001,0.0375000000001,,2.3539895073e-72,2.33266553802,1.16633276901
3.608,3608.0,0.001,0.0375,,2.3845426915e-72,2.33177763372,1.16588881686
3.609,3609.0,0.001,0.0375,,2.41563425572e-72,2.33088457585,1.165442287925
3.61,3610.0,0.001,0.0375,,2.4472748584e-72,2.33055824067,1.165279120335
3.611,3611.0,0.001,0.0375000000001,,2.47947539303e-72,2.3303365723,1.16516828615
3.612,3612.0,0.001,0.0375,,2.51224699377e-72,2.33010924499,1.165054622495
3.613,3613.0,0.001,0.0375,,2.54560104121e-72,2.32987626381,1.164938131905
3.614,3614.0,0.001,0.0375,,2.57954916822e-72,2.32963763382,1.16481881691
3.615,3615.0,0.001,0.0375000000001,,2.61410326602e-72,2.32939336015,1.164696680075
3.616,3616.0,0.001,0.0375,,2.64927549034e-72,2.32914344794,1.16457172397
3.617,3617.0,0.001,0.0375,,2.68507826781e-72,2.3288879024,1.1644439512
3.618,3618.0,0.001,0.0375,,2.72152430244e-72,2.32862672874,1.16431336437
3.619,3619.0,0.001,0.0375000000001,,2.75862658229e-72,2.32835993225,1.164179966125
3.62,3620.0,0.001,0.0375,,2.79639838636e-72,2.32808751821,1.164043759105
3.621,3621.0,0.001,0.0375,,2.8348532916e-72,2.32780949197,1.163904745985
3.622,3622.0,0.001,0.0375,,2.87400518011e-72,2.32752585892,1.16376292946
3.623,3623.0,0.001,0.0375000000001,,2.91386824655e-72,2.32723662446,1.16361831223
3.624,3624.0,0.001,0.0375,,2.95445700572e-72,2.32694179405,1.163470897025
3.625,3625.0,0.001,0.0375,,2.99578630037e-72,2.32664137317,1.163320686585
3.626,3626.0,0.001,0.0375,,3.03787130913e-72,2.32633536734,1.16316768367
3.6270000000000002,3627.0,0.001,0.0375000000001,,3.08072755476e-72,2.32602378214,1.16301189107
3.628,3628.0,0.001,0.0375,,3.12437091254e-72,2.32570662315,1.162853311575
3.629,3629.0,0.001,0.0375,,3.1688176189e-72,2.32538389602,1.16269194801
3.63,3630.0,0.001,0.0375,,3.21408428024e-72,2.3250556064,1.1625278032
3.6310000000000002,3631.0,0.001,0.0375000000001,,3.26018788206e-72,2.32472176001,1.162360880005
3.632,3632.0,0.001,0.0375,,3.30714579826e-72,2.32438236258,1.16219118129
3.633,3633.0,0.001,0.0375,,3.35497580071e-72,2.3240374199,1.16201870995
3.634,3634.0,0.001,0.0375,,3.40369606905e-72,2.32368693777,1.161843468885
3.6350000000000002,3635.0,0.001,0.0375000000001,,3.45332520081e-72,2.32333092205,1.161665461025
3.636,3636.0,0.001,0.0375,,3.50388222168e-72,2.32296937861,1.161484689305
3.637,3637.0,0.001,0.0375,,3.5553865962e-72,2.32260231339,1.161301156695
3.638,3638.0,0.001,0.0375,,3.60785823861e-72,2.32222973232,1.16111486616
3.6390000000000002,3639.0,0.001,0.0375000000001,,3.66131752402e-72,2.32185164141,1.160925820705
3.64,3640.0,0.001,0.0375,,3.71578529994e-72,2.32146804667,1.160734023335
3.641,3641.0,0.001,0.0375,,3.77128289799e-72,2.32107895416,1.16053947708
3.642,3642.0,0.001,0.0375,,3.82783214608e-72,2.32068436999,1.160342184995
3.6430000000000002,3643.0,0.001,0.0375000000001,,3.88545538075e-72,2.32028430028,1.16014215014
3.644,3644.0,0.001,0.0375,,3.94417545997e-72,2.31987875118,1.15993937559
3.645,3645.0,0.001,0.0375,,4.0040157762e-72,2.31946772891,1.159733864455
3.646,3646.0,0.001,0.0375,,4.06500026983e-72,2.31905123969,1.159525619845
3.6470000000000002,3647.0,0.001,0.0375000000001,,4.12715344299e-72,2.3186292898,1.1593146449
3.648,3648.0,0.001,0.0375,,4.19050037372e-72,2.31820188552,1.15910094276
3.649,3649.0,0.001,0.0375,,4.2550667305e-72,2.3177690332,1.1588845166
3.65,3650.0,0.001,0.0375,,4.32087878717e-72,2.3173307392,1.1586653696
3.6510000000000002,3651.0,0.001,0.0375000000001,,4.38796343834e-72,2.31688700993,1.158443504965
3.652,3652.0,0.001,0.0375,,4.45634821505e-72,2.31643785183,1.158218925915
3.653,3653.0,0.001,0.0375,,4.52606130102e-72,2.31598327136,1.15799163568
3.654,3654.0,0.001,0.0375,,4.59713154924e-72,2.31552327503,1.157761637515
3.6550000000000002,3655.0,0.001,0.0375000000001,,4.669588499e-72,2.31505786937,1.157528934685
3.656,3656.0,0.001,0.0375,,4.74346239349e-72,2.31458706096,1.15729353048
3.657,3657.0,0.001,0.0375,,4.81878419775e-72,2.3141108564,1.1570554282
3.658,3658.0,0.001,0.0375,,4.89558561714e-72,2.31362926233,1.156814631165
3.6590000000000003,3659.0,0.001,0.0375000000001,,4.9738991164e-72,2.31314228541,1.156571142705
3.66,3660.0,0.001,0.0375,,5.05375793912e-72,2.31264993235,1.156324966175
3.661,3661.0,0.001,0.0375,,5.13519612779e-72,2.31215220989,1.156076104945
3.662,3662.0,0.001,0.0375,,5.21824854438e-72,2.31164912478,1.15582456239
3.6630000000000003,3663.0,0.001,0.0375000000001,,5.30295089154e-72,2.31114068384,1.15557034192
3.664,3664.0,0.001,0.0375,,5.38933973426e-72,2.31062689389,1.155313446945
3.665,3665.0,0.001,0.0375,,5.47745252229e-72,2.31010776179,1.155053880895
3.666,3666.0,0.001,0.0375,,5.56732761301e-72,2.30958329446,1.15479164723
3.6670000000000003,3667.0,0.001,0.0375000000001,,5.65900429505e-72,2.30905349881,1.154526749405
3.668,3668.0,0.001,0.0375,,5.75252281249e-72,2.30851838181,1.154259190905
3.669,3669.0,0.001,0.0375,,5.84792438977e-72,2.30797795044,1.15398897522
3.67,3670.0,0.001,0.0375,,5.94525125728e-72,2.30743221174,1.15371610587
3.6710000000000003,3671.0,0.001,0.0375000000001,,6.04454667763e-72,2.30688117276,1.15344058638
3.672,3672.0,0.001,0.0375,,6.14585497267e-72,2.30632484059,1.153162420295
3.673,3673.0,0.001,0.0375,,6.24922155127e-72,2.30576322235,1.152881611175
3.674,3674.0,0.001,0.0375,,6.35469293786e-72,2.30519632518,1.15259816259
3.6750000000000003,3675.0,0.001,0.0375000000001,,6.46231680176e-72,2.30462415627,1.152312078135
3.676,3676.0,0.001,0.0375,,6.57214198731e-72,2.30404672284,1.15202336142
3.677,3677.0,0.001,0.0375,,6.68421854492e-72,2.30346403212,1.15173201606
3.678,3678.0,0.001,0.0375,,6.79859776285e-72,2.30287609138,1.15143804569
3.6790000000000003,3679.0,0.001,0.0375000000001,,6.91533220003e-72,2.30228290794,1.15114145397
3.68,3680.0,0.001,0.0375,,7.03447571969e-72,2.30168448914,1.15084224457
3.681,3681.0,0.001,0.0375,,7.15608352399e-72,2.30108084232,1.15054042116
3.682,3682.0,0.001,0.0375,,7.28021218957e-72,2.3004719749,1.15023598745
3.6830000000000003,3683.0,0.001,0.0375000000001,,7.40691970419e-72,2.2998578943,1.14992894715
3.684,3684.0,0.001,0.0375,,7.53626550432e-72,2.29923860797,1.149619303985
3.685,3685.0,0.001,0.0375,,7.66831051379e-72,2.2986141234,1.1493070617
3.686,3686.0,0.001,0.0375,,7.80311718361e-72,2.2979844481,1.14899222405
3.6870000000000003,3687.0,0.001,0.0375000000001,,7.94074953285e-72,2.29734958964,1.14867479482
3.688,3688.0,0.001,0.0375,,8.08127319066e-72,2.29670955557,1.148354777785
3.689,3689.0,0.001,0.0375,,8.22475543959e-72,2.2960643535,1.14803217675
3.69,3690.0,0.001,0.0375,,8.37126525999e-72,2.29541399107,1.147706995535
3.6910000000000003,3691.0,0.001,0.0375000000001,,8.5208733758e-72,2.29475847595,1.147379237975
3.692,3692.0,0.001,0.0375,,8.67365230158e-72,2.29409781582,1.14704890791
3.693,3693.0,0.001,0.0375,,8.82967639089e-72,2.29343201841,1.146716009205
3.694,3694.0,0.001,0.0375,,8.98902188609e-72,2.29276109147,1.146380545735
3.6950000000000003,3695.0,0.001,0.0375000000001,,9.15176696948e-72,2.29208504277,1.146042521385
3.696,3696.0,0.001,0.0375,,9.31799181601e-72,2.29140388013,1.145701940065
3.697,3697.0,0.001,0.0375,,9.48777864743e-72,2.29071761139,1.145358805695
3.698,3698.0,0.001,0.0375,,9.66121178802e-72,2.29002624441,1.145013122205
3.6990000000000003,3699.0,0.001,0.0375000000001,,9.8383777219e-72,2.28932978707,1.144664893535
3.7,3700.0,0.001,0.0375,,1.0019365152e-71,2.28862824732,1.14431412366
3.701,3701.0,0.001,0.0375,,1.02042650609e-71,2.28792163309,1.143960816545
3.702,3702.0,0.001,0.0375,,1.03931707729e-71,2.28720995236,1.14360497618
3.7030000000000003,3703.0,0.001,0.0375000000001,,1.05861780188e-71,2.28649321313,1.143246606565
3.704,3704.0,0.001,0.0375,,1.07833850013e-71,2.28577142346,1.14288571173
3.705,3705.0,0.001,0.0375,,1.09848924637e-71,2.28504459138,1.14252229569
3.706,3706.0,0.001,0.0375,,1.11908037595e-71,2.284312725,1.1421563625
3.7070000000000003,3707.0,0.001,0.0375000000001,,1.14012249247e-71,2.28357583242,1.14178791621
3.708,3708.0,0.001,0.0375,,1.16162647513e-71,2.28283392179,1.141416960895
3.709,3709.0,0.001,0.0375,,1.18360348645e-71,2.28208700129,1.141043500645
3.71,3710.0,0.001,0.0375,,1.20606498005e-71,2.2813350791,1.14066753955
3.7110000000000003,3711.0,0.001,0.0375000000001,,1.22902270877e-71,2.28057816346,1.14028908173
3.712,3712.0,0.001,0.0375,,1.25248873296e-71,2.27981626261,1.139908131305
3.713,3713.0,0.001,0.0375,,1.27647542906e-71,2.27904938483,1.139524692415
3.714,3714.0,0.001,0.0375,,1.3009954984e-71,2.27827753843,1.139138769215
3.715,3715.0,0.001,0.0375,,1.3260619763e-71,2.27750073173,1.138750365865
3.716,3716.0,0.001,0.0375000000001,,1.35168824135e-71,2.2767189731,1.13835948655
3.717,3717.0,0.001,0.0375,,1.3778880251e-71,2.27593227091,1.137966135455
3.718,3718.0,0.001,0.0375,,1.4046754219e-71,2.27514063358,1.13757031679
3.719,3719.0,0.001,0.0375,,1.4320648991e-71,2.27434406953,1.137172034765
3.72,3720.0,0.001,0.0375000000001,,1.46007130757e-71,2.27354258723,1.136771293615
3.721,3721.0,0.001,0.0375,,1.48870989247e-71,2.27273619517,1.136368097585
3.722,3722.0,0.001,0.0375,,1.51799630439e-71,2.27192490186,1.13596245093
3.723,3723.0,0.001,0.0375,,1.5479466108e-71,2.27110871584,1.13555435792
3.724,3724.0,0.001,0.0375000000001,,1.57857730786e-71,2.27028764566,1.13514382283
3.725,3725.0,0.001,0.0375,,1.60990533251e-71,2.26946169991,1.134730849955
3.726,3726.0,0.001,0.0375,,1.64194807507e-71,2.26863088721,1.134315443605
3.727,3727.0,0.001,0.0375,,1.67472339204e-71,2.2677952162,1.1338976081
3.728,3728.0,0.001,0.0375000000001,,1.7082496194e-71,2.26695469554,1.13347734777
3.729,3729.0,0.001,0.0375,,1.74254558627e-71,2.26610933391,1.133054666955
3.73,3730.0,0.001,0.0375,,1.77763062902e-71,2.26525914003,1.132629570015
3.731,3731.0,0.001,0.0375,,1.81352460569e-71,2.26440412263,1.132202061315
3.732,3732.0,0.001,0.0375000000001,,1.85024791099e-71,2.26354429048,1.13177214524
3.733,3733.0,0.001,0.0375,,1.88782149168e-71,2.26267965235,1.131339826175
3.734,3734.0,0.001,0.0375,,1.92626686235e-71,2.26181021706,1.13090510853
3.735,3735.0,0.001,0.0375,,1.96560612185e-71,2.26093599343,1.130467996715
3.736,3736.0,0.001,0.0375000000001,,2.00586197e-71,2.26005699034,1.13002849517
3.737,3737.0,0.001,0.0375,,2.047057725e-71,2.25917321665,1.129586608325
3.738,3738.0,0.001,0.0375,,2.08921734125e-71,2.25828468126,1.12914234063
3.739,3739.0,0.001,0.0375,,2.13236542775e-71,2.25739139312,1.12869569656
3.74,3740.0,0.001,0.0375000000001,,2.17652726704e-71,2.25649336116,1.12824668058
3.741,3741.0,0.001,0.0375,,2.22172883475e-71,2.25559059436,1.12779529718
3.742,3742.0,0.001,0.0375,,2.26799681974e-71,2.25468310172,1.12734155086
3.743,3743.0,0.001,0.0375,,2.31535864479e-71,2.25377089226,1.12688544613
3.744,3744.0,0.001,0.0375000000001,,2.36384248802e-71,2.25285397501,1.126426987505
3.745,3745.0,0.001,0.0375,,2.41347730491e-71,2.25193235905,1.125966179525
3.746,3746.0,0.001,0.0375,,2.46429285099e-71,2.25100605346,1.12550302673
3.747,3747.0,0.001,0.0375,,2.51631970525e-71,2.25007506736,1.12503753368
3.748,3748.0,0.001,0.0375000000001,,2.56958929424e-71,2.24913940987,1.124569704935
3.749,3749.0,0.001,0.0375,,2.62413391696e-71,2.24819909015,1.124099545075
3.75,3750.0,0.001,0.0375,,2.67998677047e-71,2.24725411738,1.12362705869
3.751,3751.0,0.001,0.0375,,2.73718197631e-71,2.24630450075,1.123152250375
3.7520000000000002,3752.0,0.001,0.0375000000001,,2.7957546077e-71,2.24535024949,1.122675124745
3.753,3753.0,0.001,0.0375,,2.85574071768e-71,2.24439137284,1.12219568642
3.754,3754.0,0.001,0.0375,,2.91717736799e-71,2.24342788006,1.12171394003
3.755,3755.0,0.001,0.0375,,2.98010265894e-71,2.24245978043,1.121229890215
3.7560000000000002,3756.0,0.001,0.0375000000001,,3.04455576017e-71,2.24148708328,1.12074354164
3.757,3757.0,0.001,0.0375,,3.11057694237e-71,2.24050979791,1.120254898955
3.758,3758.0,0.001,0.0375,,3.17820761e-71,2.23952793369,1.119763966845
3.759,3759.0,0.001,0.0375,,3.24749033498e-71,2.23854149998,1.11927074999
3.7600000000000002,3760.0,0.001,0.0375000000001,,3.31846889155e-71,2.23755050617,1.118775253085
3.761,3761.0,0.001,0.0375,,3.39118829205e-71,2.23655496168,1.11827748084
3.762,3762.0,0.001,0.0375,,3.46569482396e-71,2.23555487593,1.117777437965
3.763,3763.0,0.001,0.0375,,3.54203608804e-71,2.23455025838,1.11727512919
3.7640000000000002,3764.0,0.001,0.0375000000001,,3.62026103766e-71,2.23354111851,1.116770559255
3.765,3765.0,0.001,0.0375,,3.70042001941e-71,2.23252746579,1.116263732895
3.766,3766.0,0.001,0.0375,,3.78256481492e-71,2.23150930976,1.11575465488
3.767,3767.0,0.001,0.0375,,3.86674868406e-71,2.23048665994,1.11524332997
3.7680000000000002,3768.0,0.001,0.0375000000001,,3.95302640947e-71,2.22945952588,1.11472976294
3.769,3769.0,0.001,0.0375,,4.04145434248e-71,2.22842791716,1.11421395858
3.77,3770.0,0.001,0.0375,,4.13209045054e-71,2.22739184337,1.113695921685
3.771,3771.0,0.001,0.0375,,4.22499436608e-71,2.22635131412,1.11317565706
3.7720000000000002,3772.0,0.001,0.0375000000001,,4.32022743698e-71,2.22530633905,1.112653169525
3.773,3773.0,0.001,0.0375,,4.41785277858e-71,2.22425692779,1.112128463895
3.774,3774.0,0.001,0.0375,,4.51793532741e-71,2.22320309003,1.111601545015
3.775,3775.0,0.001,0.0375,,4.62054189658e-71,2.22214483545,1.111072417725
3.7760000000000002,3776.0,0.001,0.0375000000001,,4.72574123292e-71,2.22108217376,1.11054108688
3.777,3777.0,0.001,0.0375,,4.83360407602e-71,2.22001511469,1.110007557345
3.778,3778.0,0.001,0.0375,,4.94420321909e-71,2.21894366797,1.109471833985
3.779,3779.0,0.001,0.0375,,5.05761357176e-71,2.21786784337,1.108933921685
3.7800000000000002,3780.0,0.001,0.0375000000001,,5.17391222492e-71,2.21678765068,1.10839382534
3.781,3781.0,0.001,0.0375,,5.29317851768e-71,2.21570309969,1.107851549845
3.782,3782.0,0.001,0.0375,,5.41549410634e-71,2.21461420023,1.107307100115
3.783,3783.0,0.001,0.0375,,5.54094303575e-71,2.21352096211,1.106760481055
3.7840000000000003,3784.0,0.001,0.0375000000001,,5.66961181283e-71,2.21242339521,1.106211697605
3.785,3785.0,0.001,0.0375,,5.80158948253e-71,2.21132150939,1.105660754695
3.786,3786.0,0.001,0.0375,,5.93696770624e-71,2.21021531454,1.10510765727
3.787,3787.0,0.001,0.0375,,6.07584084267e-71,2.20910482057,1.104552410285
3.7880000000000003,3788.0,0.001,0.0375000000001,,6.21830603142e-71,2.2079900374,1.1039950187
3.789,3789.0,0.001,0.0375,,6.36446327923e-71,2.20687097497,1.103435487485
3.79,3790.0,0.001,0.0375,,6.51441554901e-71,2.20574764324,1.10287382162
3.791,3791.0,0.001,0.0375,,6.66826885176e-71,2.20462005218,1.10231002609
3.7920000000000003,3792.0,0.001,0.0375000000001,,6.82613234152e-71,2.20348821179,1.101744105895
3.793,3793.0,0.001,0.0375,,6.98811841335e-71,2.20235213207,1.101176066035
3.794,3794.0,0.001,0.0375,,7.15434280455e-71,2.20121182305,1.100605911525
3.795,3795.0,0.001,0.0375,,7.32492469917e-71,2.20006729478,1.10003364739
3.7960000000000003,3796.0,0.001,0.0375000000001,,7.49998683591e-71,2.1989185573,1.09945927865
3.797,3797.0,0.001,0.0375,,7.67965561958e-71,2.1977656207,1.09888281035
3.798,3798.0,0.001,0.0375,,7.8640612362e-71,2.19660849506,1.09830424753
3.799,3799.0,0.001,0.0375,,8.05333777186e-71,2.1954471905,1.09772359525
3.8000000000000003,3800.0,0.001,0.0375000000001,,8.24762333551e-71,2.19428171712,1.09714085856
3.801,3801.0,0.001,0.0375,,8.44706018576e-71,2.19311208508,1.09655604254
3.802,3802.0,0.001,0.0375,,8.65179486188e-71,2.19193830452,1.09596915226
3.803,3803.0,0.001,0.0375,,8.86197831908e-71,2.19076038561,1.095380192805
3.8040000000000003,3804.0,0.001,0.0375000000001,,9.07776606827e-71,2.18957833854,1.09478916927
3.805,3805.0,0.001,0.0375,,9.29931832049e-71,2.18839217351,1.094196086755
3.806,3806.0,0.001,0.0375,,9.526800136e-71,2.18720190072,1.09360095036
3.807,3807.0,0.001,0.0375,,9.76038157844e-71,2.18600753042,1.09300376521
3.8080000000000003,3808.0,0.001,0.0375000000001,,1.0000237874e-70,2.18480907285,1.092404536425
3.809,3809.0,0.001,0.0375,,1.02465495759e-70,2.18360653826,1.09180326913
3.81,3810.0,0.001,0.0375,,1.04995027343e-70,2.18239993693,1.091199968465
3.811,3811.0,0.001,0.0375,,1.07592890723e-70,2.18118927915,1.090594639575
3.8120000000000003,3812.0,0.001,0.0375000000001,,1.10261061667e-70,2.17997457521,1.089987287605
3.813,3813.0,0.001,0.0375,,1.13001576361e-70,2.17875583545,1.089377917725
3.814,3814.0,0.001,0.0375,,1.15816533346e-70,2.17753307018,1.08876653509
3.815,3815.0,0.001,0.0375,,1.18708095518e-70,2.17630628976,1.08815314488
3.8160000000000003,3816.0,0.001,0.0375000000001,,1.21678492202e-70,2.17507550454,1.08753775227
3.817,3817.0,0.001,0.0375,,1.24730021285e-70,2.17384072489,1.086920362445
3.818,3818.0,0.001,0.0375,,1.27865051434e-70,2.17260196121,1.086300980605
3.819,3819.0,0.001,0.0375,,1.31086024377e-70,2.17135922389,1.085679611945
3.8200000000000003,3820.0,0.001,0.0375000000001,,1.34395457266e-70,2.17011252334,1.08505626167
3.821,3821.0,0.001,0.0375,,1.37795945118e-70,2.16886187,1.084430935
3.822,3822.0,0.001,0.0375,,1.41290163342e-70,2.1676072743,1.08380363715
3.823,3823.0,0.001,0.0375,,1.44880870344e-70,2.16634874669,1.083174373345
3.8240000000000003,3824.0,0.001,0.0375000000001,,1.48570910229e-70,2.16508629764,1.08254314882
3.825,3825.0,0.001,0.0375,,1.52363215588e-70,2.16381993763,1.081909968815
3.826,3826.0,0.001,0.0375,,1.5626081038e-70,2.16254967714,1.08127483857
3.827,3827.0,0.001,0.0375,,1.60266812916e-70,2.16127552669,1.080637763345
3.8280000000000003,3828.0,0.001,0.0375000000001,,1.64384438941e-70,2.15999749679,1.079998748395
3.829,3829.0,0.001,0.0375,,1.6861700482e-70,2.15885565212,1.07942782606
3.83,3830.0,0.001,0.0375,,1.72967930836e-70,2.15846027959,1.079230139795
3.831,3831.0,0.001,0.0375,,1.77440744597e-70,2.15806031056,1.07903015528
3.8320000000000003,3832.0,0.001,0.0375000000001,,1.82039084564e-70,2.15765575033,1.078827875165
3.833,3833.0,0.001,0.0375,,1.86766703691e-70,2.15724660423,1.078623302115
3.834,3834.0,0.001,0.0375,,1.91627473201e-70,2.15683287758,1.07841643879
3.835,3835.0,0.001,0.0375,,1.96625386482e-70,2.15641457576,1.07820728788
3.8360000000000003,3836.0,0.001,0.0375000000001,,2.0176456312e-70,2.15599170417,1.077995852085
3.837,3837.0,0.001,0.0375,,2.07049253074e-70,2.15556426823,1.077782134115
3.838,3838.0,0.001,0.0375,,2.12483840987e-70,2.15513227337,1.077566136685
3.839,3839.0,0.001,0.0375,,2.18072850653e-70,2.15469572509,1.077347862545
3.84,3840.0,0.001,0.0375,,2.23820949634e-70,2.15425462886,1.07712731443
3.841,3841.0,0.001,0.0375000000001,,2.29732954036e-70,2.15380899022,1.07690449511
3.842,3842.0,0.001,0.0375,,2.35813833451e-70,2.15335881471,1.076679407355
3.843,3843.0,0.001,0.0375,,2.42068716073e-70,2.1529041079,1.07645205395
3.844,3844.0,0.001,0.0375,,2.48502893986e-70,2.15244487539,1.076222437695
3.845,3845.0,0.001,0.0375000000001,,2.55121828637e-70,2.15198112281,1.075990561405
3.846,3846.0,0.001,0.0375,,2.61931156503e-70,2.15151285579,1.075756427895
3.847,3847.0,0.001,0.0375,,2.68936694948e-70,2.15104008,1.07552004
3.848,3848.0,0.001,0.0375,,2.76144448291e-70,2.15056280116,1.07528140058
3.849,3849.0,0.001,0.0375000000001,,2.83560614081e-70,2.15008102496,1.07504051248
3.85,3850.0,0.001,0.0375,,2.91191589589e-70,2.14959475717,1.074797378585
3.851,3851.0,0.001,0.0375,,2.99043978535e-70,2.14910400354,1.07455200177
3.852,3852.0,0.001,0.0375,,3.07124598044e-70,2.14860876987,1.074304384935
3.853,3853.0,0.001,0.0375000000001,,3.15440485841e-70,2.14810906199,1.074054530995
3.854,3854.0,0.001,0.0375,,3.23998907712e-70,2.14760488572,1.07380244286
3.855,3855.0,0.001,0.0375,,3.32807365212e-70,2.14709624694,1.07354812347
3.856,3856.0,0.001,0.0375,,3.41873603656e-70,2.14658315153,1.073291575765
3.857,3857.0,0.001,0.0375000000001,,3.5120562038e-70,2.14606560541,1.073032802705
3.858,3858.0,0.001,0.0375,,3.60811673302e-70,2.14554361451,1.072771807255
3.859,3859.0,0.001,0.0375,,3.70700289782e-70,2.1450171848,1.0725085924
3.86,3860.0,0.001,0.0375,,3.80880275792e-70,2.14448632225,1.072243161125
3.861,3861.0,0.001,0.0375000000001,,3.91360725413e-70,2.14395103288,1.07197551644
3.862,3862.0,0.001,0.0375,,4.02151030666e-70,2.14341132272,1.07170566136
3.863,3863.0,0.001,0.0375,,4.13260891697e-70,2.14286719781,1.071433598905
3.864,3864.0,0.001,0.0375,,4.24700327312e-70,2.14231866424,1.07115933212
3.865,3865.0,0.001,0.0375000000001,,4.36479685899e-70,2.14176572811,1.070882864055
3.866,3866.0,0.001,0.0375,,4.48609656728e-70,2.14120839554,1.07060419777
3.867,3867.0,0.001,0.0375,,4.61101281661e-70,2.14064667268,1.07032333634
3.868,3868.0,0.001,0.0375,,4.73965967271e-70,2.14008056569,1.070040282845
3.869,3869.0,0.001,0.0375000000001,,4.872154974e-70,2.13951008077,1.069755040385
3.87,3870.0,0.001,0.0375,,5.00862046165e-70,2.13893522413,1.069467612065
3.871,3871.0,0.001,0.0375,,5.14918191426e-70,2.13835600201,1.069178001005
3.872,3872.0,0.001,0.0375,,5.29396928736e-70,2.13777242067,1.068886210335
3.873,3873.0,0.001,0.0375000000001,,5.44311685795e-70,2.13718448639,1.068592243195
3.874,3874.0,0.001,0.0375,,5.59676337417e-70,2.13659220547,1.068296102735
3.875,3875.0,0.001,0.0375,,5.7550522104e-70,2.13599558424,1.06799779212
3.876,3876.0,0.001,0.0375,,5.91813152794e-70,2.13539462906,1.06769731453
3.8770000000000002,3877.0,0.001,0.0375000000001,,6.08615444136e-70,2.13478934628,1.06739467314
3.878,3878.0,0.001,0.0375,,6.25927919105e-70,2.1341797423,1.06708987115
3.879,3879.0,0.001,0.0375,,6.43766932179e-70,2.13356582354,1.06678291177
3.88,3880.0,0.001,0.0375,,6.6214938679e-70,2.13294759644,1.06647379822
3.8810000000000002,3881.0,0.001,0.0375000000001,,6.81092754507e-70,2.13232506744,1.06616253372
3.882,3882.0,0.001,0.0375,,7.00615094908e-70,2.13169824304,1.06584912152
3.883,3883.0,0.001,0.0375,,7.20735076177e-70,2.13106712973,1.065533564865
3.884,3884.0,0.001,0.0375,,7.4147199645e-70,2.13043173403,1.065215867015
3.8850000000000002,3885.0,0.001,0.0375000000001,,7.62845805931e-70,2.12979206248,1.06489603124
3.886,3886.0,0.001,0.0375,,7.84877129816e-70,2.12914812166,1.06457406083
3.887,3887.0,0.001,0.0375,,8.07587292053e-70,2.12849991815,1.064249959075
3.888,3888.0,0.001,0.0375,,8.30998339966e-70,2.12784745856,1.06392372928
3.8890000000000002,3889.0,0.001,0.0375000000001,,8.5513306978e-70,2.1271907495,1.06359537475
3.89,3890.0,0.001,0.0375,,8.80015053071e-70,2.12652979764,1.06326489882
3.891,3891.0,0.001,0.0375,,9.056686642e-70,2.12586460965,1.062932304825
3.892,3892.0,0.001,0.0375,,9.32119108731e-70,2.1251951922,1.0625975961
3.8930000000000002,3893.0,0.001,0.0375000000001,,9.59392452908e-70,2.12452155202,1.06226077601
3.894,3894.0,0.001,0.0375,,9.87515654207e-70,2.12384369584,1.06192184792
3.895,3895.0,0.001,0.0375,,1.01651659301e-69,2.1231616304,1.0615808152
3.896,3896.0,0.001,0.0375,,1.04642410544e-69,2.12247536248,1.06123768124
3.8970000000000002,3897.0,0.001,0.0375000000001,,1.07726801741e-69,2.12178489888,1.06089244944
3.898,3898.0,0.001,0.0375,,1.10907917997e-69,2.1210902464,1.0605451232
3.899,3899.0,0.001,0.0375,,1.14188950583e-69,2.12039141188,1.06019570594
3.9,3900.0,0.001,0.0375,,1.1757320074e-69,2.11968840217,1.059844201085
3.9010000000000002,3901.0,0.001,0.0375000000001,,1.21064083612e-69,2.11898122414,1.05949061207
3.902,3902.0,0.001,0.0375,,1.2466513233e-69,2.11826988469,1.059134942345
3.903,3903.0,0.001,0.0375,,1.28380002243e-69,2.11755439073,1.058777195365
3.904,3904.0,0.001,0.0375,,1.32212475313e-69,2.11683474919,1.058417374595
3.9050000000000002,3905.0,0.001,0.0375000000001,,1.36166464664e-69,2.11611096702,1.05805548351
3.906,3906.0,0.001,0.0375,,1.40246019311e-69,2.1153830512,1.0576915256
3.907,3907.0,0.001,0.0375,,1.44455329056e-69,2.1146510087,1.05732550435
3.908,3908.0,0.001,0.0375,,1.48798729568e-69,2.11391484655,1.056957423275
3.9090000000000003,3909.0,0.001,0.0375000000001,,1.53280707662e-69,2.11317457177,1.056587285885
3.91,3910.0,0.001,0.0375,,1.57905906759e-69,2.11243019141,1.056215095705
3.911,3911.0,0.001,0.0375,,1.62679132568e-69,2.11168171253,1.055840856265
3.912,3912.0,0.001,0.0375,,1.67605358963e-69,2.11092914222,1.05546457111
3.9130000000000003,3913.0,0.001,0.0375000000001,,1.72689734096e-69,2.11017248758,1.05508624379
3.914,3914.0,0.001,0.0375,,1.77937586732e-69,2.10941175574,1.05470587787
3.915,3915.0,0.001,0.0375,,1.83354432818e-69,2.10864695384,1.05432347692
3.916,3916.0,0.001,0.0375,,1.88945982309e-69,2.10787808904,1.05393904452
3.9170000000000003,3917.0,0.001,0.0375000000001,,1.94718146245e-69,2.10710516851,1.053552584255
3.918,3918.0,0.001,0.0375,,2.00677044093e-69,2.10632819946,1.05316409973
3.919,3919.0,0.001,0.0375,,2.06829011371e-69,2.1055471891,1.05277359455
3.92,3920.0,0.001,0.0375,,2.13180607556e-69,2.10476214465,1.052381072325
3.9210000000000003,3921.0,0.001,0.0375000000001,,2.19738624297e-69,2.10397307338,1.05198653669
3.922,3922.0,0.001,0.0375,,2.26510093929e-69,2.10317998255,1.051589991275
3.923,3923.0,0.001,0.0375,,2.33502298321e-69,2.10238287945,1.051191439725
3.924,3924.0,0.001,0.0375,,2.40722778049e-69,2.10158177139,1.050790885695
3.9250000000000003,3925.0,0.001,0.0375000000001,,2.48179341928e-69,2.10118026642,1.05059013321
3.926,3926.0,0.001,0.0375,,2.55880076897e-69,2.10104182502,1.05052091251
3.927,3927.0,0.001,0.0375,,2.63825568147e-69,2.1008988991,1.05044944955
3.928,3928.0,0.001,0.0375,,2.71166673149e-69,2.10075149205,1.050375746025
3.9290000000000003,3929.0,0.001,0.0375000000001,,2.78726727751e-69,2.10059960726,1.05029980363
3.93,3930.0,0.001,0.0375,,2.86512635847e-69,2.10044324819,1.050221624095
3.931,3931.0,0.001,0.0375,,2.94531529514e-69,2.10028241829,1.050141209145
3.932,3932.0,0.001,0.0375,,3.02790776869e-69,2.10011712105,1.050058560525
3.9330000000000003,3933.0,0.001,0.0375000000001,,3.11297990206e-69,2.09994736,1.04997368
3.934,3934.0,0.001,0.0375,,3.20061034423e-69,2.09977313867,1.049886569335
3.935,3935.0,0.001,0.0375,,3.29088035756e-69,2.09959446064,1.04979723032
3.936,3936.0,0.001,0.0375,,3.38387390818e-69,2.09941132949,1.049705664745
3.9370000000000003,3937.0,0.001,0.0375000000001,,3.4796777597e-69,2.09922374887,1.049611874435
3.938,3938.0,0.001,0.0375,,3.57838157018e-69,2.0990317224,1.0495158612
3.939,3939.0,0.001,0.0375,,3.68007799274e-69,2.09883525377,1.049417626885
3.94,3940.0,0.001,0.0375,,3.78486277964e-69,2.09863434668,1.04931717334
3.9410000000000003,3941.0,0.001,0.0375000000001,,3.89283489021e-69,2.09842900485,1.049214502425
3.942,3942.0,0.001,0.0375,,4.00409660262e-69,2.09821923204,1.04910961602
3.943,3943.0,0.001,0.0375,,4.11875362969e-69,2.09800503202,1.04900251601
3.944,3944.0,0.001,0.0375,,4.23691523896e-69,2.0977864086,1.0488932043
3.9450000000000003,3945.0,0.001,0.0375000000001,,4.35869437698e-69,2.09756336561,1.048781682805
3.946,3946.0,0.001,0.0375,,4.48420779822e-69,2.0973359069,1.04866795345
3.947,3947.0,0.001,0.0375,,4.6135761986e-69,2.09710403635,1.048552018175
3.948,3948.0,0.001,0.0375,,4.74692435385e-69,2.09686775788,1.04843387894
3.9490000000000003,3949.0,0.001,0.0375000000001,,4.88438126298e-69,2.09662707541,1.048313537705
3.95,3950.0,0.001,0.0375,,5.02608029687e-69,2.0963819929,1.04819099645
3.951,3951.0,0.001,0.0375,,5.17215935238e-69,2.09613251433,1.048066257165
3.952,3952.0,0.001,0.0375,,5.32276101198e-69,2.09587864371,1.047939321855
3.9530000000000003,3953.0,0.001,0.0375000000001,,5.4780327093e-69,2.09562038507,1.047810192535
3.954,3954.0,0.001,0.0375,,5.63812690067e-69,2.09535774248,1.04767887124
3.955,3955.0,0.001,0.0375,,5.80320124298e-69,2.09509072001,1.047545360005
3.956,3956.0,0.001,0.0375,,5.97341877804e-69,2.09481932177,1.047409660885
3.9570000000000003,3957.0,0.001,0.0375000000001,,6.14894812368e-69,2.0945435519,1.04727177595
3.958,3958.0,0.001,0.0375,,6.32996367192e-69,2.09426341455,1.047131707275
3.959,3959.0,0.001,0.0375,,6.51664579441e-69,2.09397891391,1.046989456955
3.96,3960.0,0.001,0.0375,,6.70918105539e-69,2.09369005418,1.04684502709
3.9610000000000003,3961.0,0.001,0.0375000000001,,6.90776243257e-69,2.0933968396,1.0466984198
3.962,3962.0,0.001,0.0375,,7.11258954607e-69,2.09309927443,1.046549637215
3.963,3963.0,0.001,0.0375,,7.32386889592e-69,2.09279736293,1.046398681465
3.964,3964.0,0.001,0.0375,,7.54181410825e-69,2.09249110943,1.046245554715
3.9650000000000003,3965.0,0.001,0.0375000000001,,7.76664619065e-69,2.09218051825,1.046090259125
3.966,3966.0,0.001,0.0375,,7.99859379696e-69,2.09186559374,1.04593279687
3.967,3967.0,0.001,0.0375,,8.23789350189e-69,2.09154634029,1.045773170145
3.968,3968.0,0.001,0.0375,,8.48479008586e-69,2.09122276229,1.045611381145
3.969,3969.0,0.001,0.0375,,8.73953683042e-69,2.09089486417,1.045447432085
3.97,3970.0,0.001,0.0375000000001,,9.00239582461e-69,2.09056265039,1.045281325195
3.971,3971.0,0.001,0.0375,,9.27363828286e-69,2.09022612542,1.04511306271
3.972,3972.0,0.001,0.0375,,9.55354487459e-69,2.08988529376,1.04494264688
3.973,3973.0,0.001,0.0375,,9.84240606627e-69,2.08954015992,1.04477007996
3.974,3974.0,0.001,0.0375000000001,,1.01405224761e-68,2.08919072847,1.044595364235
3.975,3975.0,0.001,0.0375,,1.04482052423e-68,2.08883700396,1.04441850198
3.976,3976.0,0.001,0.0375,,1.07657764046e-68,2.08847899099,1.044239495495
3.977,3977.0,0.001,0.0375,,1.10935693006e-68,2.08811669418,1.04405834709
3.978,3978.0,0.001,0.0375000000001,,1.14319289768e-68,2.08775011817,1.043875059085
3.979,3979.0,0.001,0.0375,,1.17812126152e-68,2.08737926763,1.043689633815
3.98,3980.0,0.001,0.0375,,1.21417899756e-68,2.08700414723,1.043502073615
3.981,3981.0,0.001,0.0375,,1.25140438548e-68,2.0866247617,1.04331238085
3.982,3982.0,0.001,0.0375000000001,,1.28983705634e-68,2.08624111577,1.043120557885
3.983,3983.0,0.001,0.0375,,1.329518042e-68,2.08585321419,1.042926607095
3.984,3984.0,0.001,0.0375,,1.37048982647e-68,2.08546106174,1.04273053087
3.985,3985.0,0.001,0.0375,,1.41279639914e-68,2.08506466323,1.042532331615
3.986,3986.0,0.001,0.0375000000001,,1.45648331006e-68,2.08466402348,1.04233201174
3.987,3987.0,0.001,0.0375,,1.50159772735e-68,2.08425914735,1.042129573675
3.988,3988.0,0.001,0.0375,,1.54818849672e-68,2.0838500397,1.04192501985
3.989,3989.0,0.001,0.0375,,1.59630620327e-68,2.08343670543,1.041718352715
3.99,3990.0,0.001,0.0375000000001,,1.6460032357e-68,2.08301914945,1.041509574725
3.991,3991.0,0.001,0.0375,,1.69733385287e-68,2.08259737672,1.04129868836
3.992,3992.0,0.001,0.0375,,1.750354253e-68,2.08217139218,1.04108569609
3.993,3993.0,0.001,0.0375,,1.80512264539e-68,2.08174120082,1.04087060041
3.994,3994.0,0.001,0.0375000000001,,1.86169932501e-68,2.08130680766,1.04065340383
3.995,3995.0,0.001,0.0375,,1.92014674983e-68,2.08086821771,1.040434108855
3.996,3996.0,0.001,0.0375,,1.9805296212e-68,2.08042543604,1.04021271802
3.997,3997.0,0.001,0.0375,,2.04291496722e-68,2.07997846771,1.039989233855
3.998,3998.0,0.001,0.0375000000001,,2.10737222941e-68,2.07952731782,1.03976365891
3.999,3999.0,0.001,0.0375,,2.17397335261e-68,2.07907199148,1.03953599574
4.0,4000.0,0.001,0.0375,,2.24279287839e-68,2.07861249385,1.039306246925
4.001,4001.0,0.001,0.0375000000001,,2.31390804209e-68,2.07814883008,1.03907441504
4.002,4002.0,0.000999999999999,0.0375,,2.38739887349e-68,2.07768100535,1.038840502675
4.003,4003.0,0.001,0.0375000000001,,2.46334830145e-68,2.07720902486,1.03860451243
4.0040000000000004,4004.0,0.001,0.0375000000001,,2.54184226259e-68,2.07673289385,1.038366446925
4.005,4005.0,0.000999999999999,0.0375,,2.62296981411e-68,2.07625261756,1.03812630878
4.006,4006.0,0.001,0.0375000000001,,2.70682325103e-68,2.07576820127,1.037884100635
4.007,4007.0,0.000999999999999,0.0375,,2.79349822795e-68,2.07527965025,1.037639825125
4.008,4008.0,0.001,0.0375000000001,,2.88309388551e-68,2.07478696984,1.03739348492
4.009,4009.0,0.001,0.0375000000001,,2.97571298182e-68,2.07429016535,1.037145082675
4.01,4010.0,0.000999999999999,0.0375,,3.07146202889e-68,2.07378924214,1.03689462107
4.011,4011.0,0.001,0.0375000000001,,3.17045143451e-68,2.07328420559,1.036642102795
4.0120000000000005,4012.0,0.001,0.0375000000001,,3.2727956495e-68,2.0727750611,1.03638753055
4.013,4013.0,0.000999999999999,0.0375,,3.37861332081e-68,2.07226181408,1.03613090704
4.014,4014.0,0.001,0.0375000000001,,3.48802745056e-68,2.07174446997,1.035872234985
4.015,4015.0,0.000999999999999,0.0375,,3.60116556124e-68,2.07122303424,1.03561151712
4.016,4016.0,0.001,0.0375000000001,,3.71815986747e-68,2.07069751235,1.035348756175
4.017,4017.0,0.001,0.0375000000001,,3.83914745438e-68,2.07016790982,1.03508395491
4.018,4018.0,0.000999999999999,0.0375,,3.96427046304e-68,2.06963423217,1.034817116085
4.019,4019.0,0.001,0.0375000000001,,4.09367628316e-68,2.06909648493,1.034548242465
4.0200000000000005,4020.0,0.001,0.0375000000001,,4.22751775328e-68,2.06855467367,1.034277336835
4.021,4021.0,0.000999999999999,0.0375,,4.36595336895e-68,2.06800880397,1.034004401985
4.022,4022.0,0.001,0.0375000000001,,4.509147499e-68,2.06745888143,1.033729440715
4.023,4023.0,0.000999999999999,0.0375,,4.65727061033e-68,2.06690491168,1.03345245584
4.024,4024.0,0.001,0.0375000000001,,4.81049950167e-68,2.06634690036,1.03317345018
4.025,4025.0,0.001,0.0375000000001,,4.96901754638e-68,2.06578485313,1.032892426565
4.026,4026.0,0.000999999999999,0.0375,,5.13301494502e-68,2.06521877569,1.032609387845
4.027,4027.0,0.001,0.0375000000001,,5.30268898779e-68,2.06464867372,1.03232433686
4.0280000000000005,4028.0,0.001,0.0375000000001,,5.4782443274e-68,2.06407455295,1.032037276475
4.029,4029.0,0.000999999999999,0.0375,,5.65989326273e-68,2.06349641913,1.031748209565
4.03,4030.0,0.001,0.0375000000001,,5.84785603381e-68,2.06291427802,1.03145713901
4.031,4031.0,0.000999999999999,0.0375,,6.04236112836e-68,2.0623281354,1.0311640677
4.032,4032.0,0.001,0.0375000000001,,6.24364560071e-68,2.06173799707,1.030868998535
4.033,4033.0,0.001,0.0375000000001,,6.45195540322e-68,2.06114386886,1.03057193443
4.034,4034.0,0.000999999999999,0.0375,,6.66754573102e-68,2.06054575659,1.030272878295
4.035,4035.0,0.001,0.0375000000001,,6.89068138044e-68,2.05994366614,1.02997183307
4.0360000000000005,4036.0,0.001,0.0375000000001,,7.12163712178e-68,2.05933760339,1.029668801695
4.037,4037.0,0.000999999999999,0.0375,,7.36069808687e-68,2.05872757422,1.02936378711
4.038,4038.0,0.001,0.0375000000001,,7.60816017229e-68,2.05811358455,1.029056792275
4.039,4039.0,0.000999999999999,0.0375,,7.86433045856e-68,2.05749564033,1.028747820165
4.04,4040.0,0.001,0.0375000000001,,8.12952764623e-68,2.05700852356,1.02850426178
4.041,4041.0,0.001,0.0375000000001,,8.40408250945e-68,2.05678907585,1.028394537925
4.042,4042.0,0.000999999999999,0.0375,,8.68833836766e-68,2.05656544325,1.028282721625
4.043,4043.0,0.001,0.0375000000001,,8.98265157636e-68,2.05633762945,1.028168814725
4.0440000000000005,4044.0,0.001,0.0375000000001,,9.28739203751e-68,2.05610563815,1.028052819075
4.045,4045.0,0.000999999999999,0.0375,,9.6029437306e-68,2.05586947306,1.02793473653
4.046,4046.0,0.001,0.0375000000001,,9.92970526494e-68,2.05562913794,1.02781456897
4.047,4047.0,0.000999999999999,0.0375,,1.02680904545e-67,2.05538463655,1.027692318275
4.048,4048.0,0.001,0.0375000000001,,1.06185289156e-67,2.05513597268,1.02756798634
4.049,4049.0,0.001,0.0375000000001,,1.09814666891e-67,2.05488315016,1.02744157508
4.05,4050.0,0.000999999999999,0.0375,,1.13573668879e-67,2.05462617282,1.02731308641
4.051,4051.0,0.001,0.0375000000001,,1.17467103697e-67,2.05436504452,1.02718252226
4.0520000000000005,4052.0,0.001,0.0375000000001,,1.21499964385e-67,2.05409976915,1.027049884575
4.053,4053.0,0.000999999999999,0.0375,,1.25677435733e-67,2.05383035061,1.026915175305
4.054,4054.0,0.001,0.0375000000001,,1.30004901873e-67,2.05355679283,1.026778396415
4.055,4055.0,0.000999999999999,0.0375,,1.34487954171e-67,2.05327909977,1.026639549885
4.056,4056.0,0.001,0.0375000000001,,1.39132399451e-67,2.0529972754,1.0264986377
4.057,4057.0,0.001,0.0375000000001,,1.43944268544e-67,2.05271132372,1.02635566186
4.058,4058.0,0.000999999999999,0.0375,,1.48929825191e-67,2.05242124875,1.026210624375
4.059,4059.0,0.001,0.0375000000001,,1.54095575309e-67,2.05212705453,1.026063527265
4.0600000000000005,4060.0,0.001,0.0375000000001,,1.59448276633e-67,2.05182874512,1.02591437256
4.061,4061.0,0.000999999999999,0.0375,,1.6499494876e-67,2.05152632462,1.02576316231
4.062,4062.0,0.001,0.0375000000001,,1.70742883592e-67,2.05121979713,1.025609898565
4.063,4063.0,0.000999999999999,0.0375,,1.76699656216e-67,2.05090916678,1.02545458339
4.064,4064.0,0.001,0.0375000000001,,1.8287313623e-67,2.05059443774,1.02529721887
4.065,4065.0,0.001,0.0375000000001,,1.89271499533e-67,2.05027561416,1.02513780708
4.066,4066.0,0.000999999999999,0.0375,,1.95903240592e-67,2.04995270026,1.02497635013
4.067,4067.0,0.001,0.0375000000001,,2.0277718523e-67,2.04962570025,1.024812850125
4.0680000000000005,4068.0,0.001,0.0375000000001,,2.09902503925e-67,2.04929461837,1.024647309185
4.069,4069.0,0.000999999999999,0.0375,,2.17288725665e-67,2.04895945889,1.024479729445
4.07,4070.0,0.001,0.0375000000001,,2.24945752375e-67,2.04862022608,1.02431011304
4.071,4071.0,0.000999999999999,0.0375,,2.32883873937e-67,2.04827692427,1.024138462135
4.072,4072.0,0.001,0.0375000000001,,2.41113783831e-67,2.04792955777,1.023964778885
4.073,4073.0,0.001,0.0375000000001,,2.49646595427e-67,2.04757813094,1.02378906547
4.074,4074.0,0.000999999999999,0.0375,,2.58493858948e-67,2.04722264814,1.02361132407
4.075,4075.0,0.001,0.0375000000001,,2.6766757914e-67,2.04686311377,1.023431556885
4.0760000000000005,4076.0,0.001,0.0375000000001,,2.77180233668e-67,2.04649953225,1.023249766125
4.077,4077.0,0.000999999999999,0.0375,,2.87044792289e-67,2.04613190801,1.023065954005
4.078,4078.0,0.001,0.0375000000001,,2.97274736809e-67,2.0457602455,1.02288012275
4.079,4079.0,0.000999999999999,0.0375,,3.0788408188e-67,2.0453845492,1.0226922746
4.08,4080.0,0.001,0.0375000000001,,3.18887396658e-67,2.04500482362,1.02250241181
4.081,4081.0,0.001,0.0375000000001,,3.30299827368e-67,2.04462107327,1.022310536635
4.082,4082.0,0.000999999999999,0.0375,,3.42137120807e-67,2.04423330269,1.022116651345
4.083,4083.0,0.001,0.0375000000001,,3.54415648834e-67,2.04384151644,1.02192075822
4.0840000000000005,4084.0,0.001,0.0375000000001,,3.67152433883e-67,2.04344571912,1.02172285956
4.085,4085.0,0.000999999999999,0.0375,,3.80365175535e-67,2.04304591531,1.021522957655
4.086,4086.0,0.001,0.0375000000001,,3.94072278222e-67,2.04264210964,1.02132105482
4.087,4087.0,0.000999999999999,0.0375,,4.08292880074e-67,2.04223430677,1.021117153385
4.088,4088.0,0.001,0.0375000000001,,4.23046882987e-67,2.04182251135,1.020911255675
4.089,4089.0,0.001,0.0375000000001,,4.38354983958e-67,2.04140672807,1.020703364035
4.09,4090.0,0.000999999999999,0.0375,,4.54238707724e-67,2.04098696163,1.020493480815
4.091,4091.0,0.001,0.0375000000001,,4.70720440791e-67,2.04056321677,1.020281608385
4.0920000000000005,4092.0,0.001,0.0375000000001,,4.8782346689e-67,2.04013549822,1.02006774911
4.093,4093.0,0.000999999999999,0.0375,,5.05572003921e-67,2.0397604695,1.01988023475
4.094,4094.0,0.001,0.0375000000001,,5.23991242476e-67,2.0396830823,1.01984154115
4.095,4095.0,0.000999999999999,0.0375,,5.43107385968e-67,2.0396015242,1.0198007621
4.096,4096.0,0.001,0.0375000000001,,5.62947692474e-67,2.03951579793,1.019757898965
4.097,4097.0,0.001,0.0375000000001,,5.83540518341e-67,2.03942590627,1.019712953135
4.098,4098.0,0.000999999999999,0.0375,,6.04915363644e-67,2.03933185199,1.019665925995
4.099,4099.0,0.001,0.0375000000001,,6.27102919569e-67,2.03923363791,1.019616818955
4.1,4100.0,0.000999999999999,0.0375,,6.50135117813e-67,2.03913126685,1.019565633425
4.101,4101.0,0.001,0.0375000000001,,6.74045182074e-67,2.03902474168,1.01951237084
4.102,4102.0,0.001,0.0375000000001,,6.98867681742e-67,2.03891406527,1.019457032635
4.103,4103.0,0.000999999999999,0.0375,,7.24638587872e-67,2.03879924053,1.019399620265
4.104,4104.0,0.001,0.0375000000001,,7.51395331535e-67,2.03868027039,1.019340135195
4.105,4105.0,0.001,0.0375000000001,,7.79176864674e-67,2.0385571578,1.0192785789
4.106,4106.0,0.000999999999999,0.0375,,8.08023723538e-67,2.03842990573,1.019214952865
4.107,4107.0,0.001,0.0375000000001,,8.37978094848e-67,2.03829851718,1.01914925859
4.108,4108.0,0.000999999999999,0.0375,,8.69083884773e-67,2.03816299518,1.01908149759
4.109,4109.0,0.001,0.0375000000001,,9.01386790877e-67,2.03802334277,1.019011671385
4.11,4110.0,0.001,0.0375000000001,,9.34934377135e-67,2.03787956302,1.01893978151
4.111,4111.0,0.000999999999999,0.0375,,9.69776152176e-67,2.03773165902,1.01886582951
4.112,4112.0,0.001,0.0375000000001,,1.00596365088e-66,2.03757963389,1.018789816945
4.113,4113.0,0.001,0.0375000000001,,1.04355051948e-66,2.03742349077,1.018711745385
4.114,4114.0,0.000999999999999,0.0375,,1.08259260433e-66,2.03726323281,1.018631616405
4.115,4115.0,0.001,0.0375000000001,,1.12314804449e-66,2.03709886322,1.01854943161
4.116,4116.0,0.000999999999999,0.0375,,1.16527736831e-66,2.03693038518,1.01846519259
4.117,4117.0,0.001,0.0375000000001,,1.20904359415e-66,2.03675780195,1.018378900975
4.118,4118.0,0.001,0.0375000000001,,1.25451233549e-66,2.03658111676,1.01829055838
4.119,4119.0,0.000999999999999,0.0375,,1.30175191056e-66,2.0364003329,1.01820016645
4.12,4120.0,0.001,0.0375000000001,,1.35083345667e-66,2.03621545366,1.01810772683
4.121,4121.0,0.001,0.0375000000001,,1.40183104959e-66,2.03602648238,1.01801324119
4.122,4122.0,0.000999999999999,0.0375,,1.45482182801e-66,2.03583342239,1.017916711195
4.123,4123.0,0.001,0.0375000000001,,1.50988612343e-66,2.03563627707,1.017818138535
4.124,4124.0,0.000999999999999,0.0375,,1.56710759566e-66,2.03543504981,1.017717524905
4.125,4125.0,0.001,0.0375000000001,,1.62657337431e-66,2.03522974401,1.017614872005
4.126,4126.0,0.001,0.0375000000001,,1.68837420625e-66,2.03502036312,1.01751018156
4.127,4127.0,0.000999999999999,0.0375,,1.75260460966e-66,2.0348069106,1.0174034553
4.128,4128.0,0.001,0.0375000000001,,1.81936303473e-66,2.03458938993,1.017294694965
4.1290000000000004,4129.0,0.001,0.0375000000001,,1.88875203128e-66,2.0343678046,1.0171839023
4.13,4130.0,0.000999999999999,0.0375,,1.96087842385e-66,2.03414215815,1.017071079075
4.131,4131.0,0.001,0.0375000000001,,2.03585349433e-66,2.03391245412,1.01695622706
4.132,4132.0,0.000999999999999,0.0375,,2.11379317259e-66,2.03367869609,1.016839348045
4.133,4133.0,0.001,0.0375000000001,,2.19481823547e-66,2.03344088765,1.016720443825
4.134,4134.0,0.001,0.0375000000001,,2.27905451448e-66,2.03319903241,1.016599516205
4.135,4135.0,0.000999999999999,0.0375,,2.36663311257e-66,2.03295313401,1.016476567005
4.136,4136.0,0.001,0.0375000000001,,2.45769063051e-66,2.03270319611,1.016351598055
4.1370000000000005,4137.0,0.001,0.0375000000001,,2.55236940305e-66,2.03244922238,1.01622461119
4.138,4138.0,0.000999999999999,0.0375,,2.65081774559e-66,2.03219121654,1.01609560827
4.139,4139.0,0.001,0.0375000000001,,2.75319021167e-66,2.0319291823,1.01596459115
4.14,4140.0,0.000999999999999,0.0375,,2.85964786175e-66,2.03166312341,1.015831561705
4.141,4141.0,0.001,0.0375000000001,,2.97035854389e-66,2.03139304365,1.015696521825
4.142,4142.0,0.001,0.0375000000001,,3.08549718676e-66,2.03111894679,1.015559473395
4.143,4143.0,0.000999999999999,0.0375,,3.20524610563e-66,2.03084083665,1.015420418325
4.144,4144.0,0.001,0.0375000000001,,3.32979532184e-66,2.03055871707,1.015279358535
4.1450000000000005,4145.0,0.001,0.0375000000001,,3.45934289641e-66,2.03027259189,1.015136295945
4.146,4146.0,0.000999999999999,0.0375,,3.59409527843e-66,2.02998246499,1.014991232495
4.147,4147.0,0.001,0.0375000000001,,3.73426766884e-66,2.02968834028,1.01484417014
4.148,4148.0,0.000999999999999,0.0375,,3.88008440041e-66,2.02939022166,1.01469511083
4.149,4149.0,0.001,0.0375000000001,,4.03177933449e-66,2.02908811307,1.014544056535
4.15,4150.0,0.001,0.0375000000001,,4.18959627545e-66,2.02878201849,1.014391009245
4.151,4151.0,0.000999999999999,0.0375,,4.35378940351e-66,2.02847194188,1.01423597094
4.152,4152.0,0.001,0.0375000000001,,4.52462372683e-66,2.02815788725,1.014078943625
4.1530000000000005,4153.0,0.001,0.0375000000001,,4.70237555374e-66,2.02783985863,1.013919929315
4.154,4154.0,0.000999999999999,0.0375,,4.88733298599e-66,2.02751786006,1.01375893003
4.155,4155.0,0.001,0.0375000000001,,5.07979643404e-66,2.02719189561,1.013595947805
4.156,4156.0,0.000999999999999,0.0375,,5.28007915532e-66,2.02686196936,1.01343098468
4.157,4157.0,0.001,0.0375000000001,,5.48850781655e-66,2.02652808541,1.013264042705
4.158,4158.0,0.001,0.0375000000001,,5.7054230812e-66,2.02619024791,1.013095123955
4.159,4159.0,0.000999999999999,0.0375,,5.93118022326e-66,2.02584846099,1.012924230495
4.16,4160.0,0.001,0.0375000000001,,6.1661497685e-66,2.02550272882,1.01275136441
4.1610000000000005,4161.0,0.001,0.0375000000001,,6.41071816445e-66,2.0251530556,1.0125765278
4.162,4162.0,0.000999999999999,0.0375,,6.66528848046e-66,2.02479944554,1.01239972277
4.163,4163.0,0.001,0.0375000000001,,6.93028113928e-66,2.02444190285,1.012220951425
4.164,4164.0,0.000999999999999,0.0375,,7.20613468133e-66,2.02408043181,1.012040215905
4.165,4165.0,0.001,0.0375000000001,,7.49330656359e-66,2.02371503667,1.011857518335
4.166,4166.0,0.001,0.0375000000001,,7.79227399425e-66,2.02334572173,1.011672860865
4.167,4167.0,0.000999999999999,0.0375,,8.10353480512e-66,2.0229724913,1.01148624565
4.168,4168.0,0.001,0.0375000000001,,8.4276083633e-66,2.02259534972,1.01129767486
4.1690000000000005,4169.0,0.001,0.0375000000001,,8.76503652406e-66,2.02221430133,1.011107150665
4.17,4170.0,0.000999999999999,0.0375,,9.11638462672e-66,2.0218293505,1.01091467525
4.171,4171.0,0.001,0.0375000000001,,9.48224253557e-66,2.02144050163,1.010720250815
4.172,4172.0,0.000999999999999,0.0375,,9.86322572796e-66,2.02104775913,1.010523879565
4.173,4173.0,0.001,0.0375000000001,,1.02599764316e-65,2.02065112743,1.010325563715
4.174,4174.0,0.001,0.0375000000001,,1.06731648133e-65,2.02025061098,1.01012530549
4.175,4175.0,0.000999999999999,0.0375,,1.1103490222e-65,2.01984621425,1.009923107125
4.176,4176.0,0.001,0.0375000000001,,1.15516824878e-65,2.01943794173,1.009718970865
4.1770000000000005,4177.0,0.001,0.0375000000001,,1.20185032806e-65,2.01902579794,1.00951289897
4.178,4178.0,0.000999999999999,0.0375,,1.25047475297e-65,2.01860978739,1.009304893695
4.179,4179.0,0.001,0.0375000000001,,1.30112449086e-65,2.01818991465,1.009094957325
4.18,4180.0,0.000999999999999,0.0375,,1.35388613878e-65,2.01776618427,1.008883092135
4.181,4181.0,0.001,0.0375000000001,,1.40885008571e-65,2.01733860086,1.00866930043
4.182,4182.0,0.001,0.0375000000001,,1.46611068238e-65,2.016907169,1.0084535845
4.183,4183.0,0.000999999999999,0.0375,,1.52576641864e-65,2.01647189333,1.008235946665
4.184,4184.0,0.001,0.0375000000001,,1.58792010913e-65,2.0160327785,1.00801638925
4.1850000000000005,4185.0,0.001,0.0375000000001,,1.65267908727e-65,2.01558982916,1.00779491458
4.186,4186.0,0.000999999999999,0.0375,,1.72015540831e-65,2.01514305,1.007571525
4.187,4187.0,0.001,0.0375000000001,,1.79046606149e-65,2.01469244573,1.007346222865
4.188,4188.0,0.000999999999999,0.0375,,1.86373319211e-65,2.01423802106,1.00711901053
4.189,4189.0,0.001,0.0375000000001,,1.94008433367e-65,2.01377978074,1.00688989037
4.19,4190.0,0.001,0.0375000000001,,2.01965265075e-65,2.01331772951,1.006658864755
4.191,4191.0,0.000999999999999,0.0375,,2.10257719298e-65,2.01285187217,1.006425936085
4.192,4192.0,0.001,0.0375000000001,,2.18900316076e-65,2.0123822135,1.00619110675
4.1930000000000005,4193.0,0.001,0.0375000000001,,2.27908218322e-65,2.01190875831,1.005954379155
4.194,4194.0,0.000999999999999,0.0375,,2.37297260891e-65,2.01143151145,1.005715755725
4.195,4195.0,0.001,0.0375000000001,,2.47083981001e-65,2.01095047776,1.00547523888
4.196,4196.0,0.000999999999999,0.0375,,2.57285650046e-65,2.01046566212,1.00523283106
4.197,4197.0,0.001,0.0375000000001,,2.67920306893e-65,2.0099770694,1.0049885347
4.198,4198.0,0.001,0.0375000000001,,2.79006792704e-65,2.00948470452,1.00474235226
4.199,4199.0,0.000999999999999,0.0375,,2.9056478738e-65,2.00898857241,1.004494286205
4.2,4200.0,0.001,0.0375000000001,,3.02614847688e-65,2.00848867799,1.004244338995
4.2010000000000005,4201.0,0.001,0.0375000000001,,3.15178447154e-65,2.00798502624,1.00399251312
4.202,4202.0,0.000999999999999,0.0375,,3.28278017814e-65,2.00747762212,1.00373881106
4.203,4203.0,0.001,0.0375000000001,,3.41936993891e-65,2.00696647065,1.003483235325
4.204,4204.0,0.000999999999999,0.0375,,3.56179857514e-65,2.00645157683,1.003225788415
4.205,4205.0,0.001,0.0375000000001,,3.71032186553e-65,2.00593294569,1.002966472845
4.206,4206.0,0.001,0.0375000000001,,3.86520704686e-65,2.00541058228,1.00270529114
4.207,4207.0,0.000999999999999,0.0375,,4.02673333796e-65,2.00488449168,1.00244224584
4.208,4208.0,0.001,0.0375000000001,,4.19519248807e-65,2.00435467896,1.00217733948
4.2090000000000005,4209.0,0.001,0.0375000000001,,4.37088935087e-65,2.00382114923,1.001910574615
4.21,4210.0,0.000999999999999,0.0375,,4.55414248518e-65,2.0032839076,1.0016419538
4.211,4211.0,0.001,0.0375000000001,,4.74528478386e-65,2.00274295922,1.00137147961
4.212,4212.0,0.000999999999999,0.0375,,4.94466413199e-65,2.00219830924,1.00109915462
4.213,4213.0,0.001,0.0375000000001,,5.15264409596e-65,2.00164996283,1.000824981415
4.214,4214.0,0.001,0.0375000000001,,5.36960464476e-65,2.00109792518,1.00054896259
4.215,4215.0,0.000999999999999,0.0375,,5.59594290511e-65,2.00054220149,1.000271100745
4.216,4216.0,0.001,0.0375000000001,,5.832073952e-65,1.99998279699,0.999991398495
4.2170000000000005,4217.0,0.001,0.0375000000001,,6.07843163637e-65,1.99941971693,0.999709858465
4.218,4218.0,0.000999999999999,0.0375,,6.33546945158e-65,1.99885296655,0.999426483275
4.219,4219.0,0.001,0.0375000000001,,6.60366144077e-65,1.99828255112,0.99914127556
4.22,4220.0,0.000999999999999,0.0375,,6.88350314681e-65,1.99770847595,0.998854237975
4.221,4221.0,0.001,0.0375000000001,,7.17551260699e-65,1.99713074634,0.99856537317
4.222,4222.0,0.001,0.0375000000001,,7.48023139464e-65,1.99654936761,0.998274683805
4.223,4223.0,0.000999999999999,0.0375,,7.79822570985e-65,1.99596434511,0.997982172555
4.224,4224.0,0.001,0.0375000000001,,8.13008752164e-65,1.99537568418,0.99768784209
4.225,4225.0,0.000999999999999,0.0375,,8.47643576418e-65,1.99478339021,0.997391695105
4.226,4226.0,0.001,0.0375000000001,,8.83791758946e-65,1.99418746858,0.99709373429
4.227,4227.0,0.001,0.0375000000001,,9.21520967931e-65,1.9935879247,0.99679396235
4.228,4228.0,0.000999999999999,0.0375,,9.60901961947e-65,1.992984764,0.996492382
4.229,4229.0,0.001,0.0375000000001,,1.00200873388e-64,1.99237799191,0.996188995955
4.23,4230.0,0.001,0.0375000000001,,1.0449186617e-64,1.99176761389,0.995883806945
4.231,4231.0,0.000999999999999,0.0375,,1.0897126663e-64,1.9911536354,0.9955768177
4.232,4232.0,0.001,0.0375000000001,,1.13647537699e-64,1.99053606194,0.99526803097
4.233,4233.0,0.000999999999999,0.0375,,1.18529530467e-64,1.98991489901,0.994957449505
4.234,4234.0,0.001,0.0375000000001,,1.2362650234e-64,1.98929015213,0.994645076065
4.235,4235.0,0.001,0.0375000000001,,1.28948136052e-64,1.98866182683,0.994330913415
4.236,4236.0,0.000999999999999,0.0375,,1.34504559587e-64,1.98802992867,0.994014964335
4.237,4237.0,0.001,0.0375000000001,,1.40306367048e-64,1.9873944632,0.9936972316
4.238,4238.0,0.001,0.0375000000001,,1.46364640522e-64,1.98675543602,0.99337771801
4.239,4239.0,0.000999999999999,0.0375,,1.52690972997e-64,1.98611285271,0.993056426355
4.24,4240.0,0.001,0.0375000000001,,1.59297492359e-64,1.98546671889,0.992733359445
4.241,4241.0,0.000999999999999,0.0375,,1.66196886551e-64,1.9848170402,0.9924085201
4.242,4242.0,0.001,0.0375000000001,,1.73402429929e-64,1.98416382227,0.992081911135
4.243,4243.0,0.001,0.0375000000001,,1.80928010882e-64,1.98350707075,0.991753535375
4.244,4244.0,0.000999999999999,0.0375,,1.88788160773e-64,1.98284679134,0.99142339567
4.245,4245.0,0.001,0.0375000000001,,1.96998084276e-64,1.98218298971,0.991091494855
4.246,4246.0,0.001,0.0375000000001,,2.05573691162e-64,1.98151567157,0.990757835785
4.247,4247.0,0.000999999999999,0.0375,,2.14531629613e-64,1.98084484263,0.990422421315
4.248,4248.0,0.001,0.0375000000001,,2.23889321144e-64,1.98017050864,0.99008525432
4.249,4249.0,0.000999999999999,0.0375,,2.33664997194e-64,1.97949267534,0.98974633767
4.25,4250.0,0.001,0.0375000000001,,2.43877737491e-64,1.9788113485,0.98940567425
4.251,4251.0,0.001,0.0375000000001,,2.54547510261e-64,1.97812653389,0.989063266945
4.252,4252.0,0.000999999999999,0.0375,,2.6569521437e-64,1.9774382373,0.98871911865
4.253,4253.0,0.001,0.0375000000001,,2.77342723508e-64,1.97674646455,0.988373232275
4.2540000000000004,4254.0,0.001,0.0375000000001,,2.89512932506e-64,1.97605122146,0.98802561073
4.255,4255.0,0.000999999999999,0.0375,,3.02229805889e-64,1.97535251386,0.98767625693
4.256,4256.0,0.001,0.0375000000001,,3.15518428772e-64,1.9746503476,0.9873251738
4.257,4257.0,0.000999999999999,0.0375,,3.29405060237e-64,1.97394472855,0.986972364275
4.258,4258.0,0.001,0.0375000000001,,3.43917189274e-64,1.9732356626,0.9866178313
4.259,4259.0,0.001,0.0375000000001,,3.59083593449e-64,1.97252315562,0.98626157781
4.26,4260.0,0.000999999999999,0.0375,,3.74934400414e-64,1.97200280236,0.98600140118
4.261,4261.0,0.001,0.0375000000001,,3.91501152397e-64,1.9718260321,0.98591301605
4.2620000000000005,4262.0,0.001,0.0375000000001,,4.08816873839e-64,1.9716454841,0.98582274205
4.263,4263.0,0.000999999999999,0.0375,,4.26916142302e-64,1.97146116141,0.985730580705
4.264,4264.0,0.001,0.0375000000001,,4.45835162843e-64,1.97127306706,0.98563653353
4.265,4265.0,0.000999999999999,0.0375,,4.65611845997e-64,1.97108120412,0.98554060206
4.266,4266.0,0.001,0.0375000000001,,4.86285889572e-64,1.97088557568,0.98544278784
4.267,4267.0,0.001,0.0375000000001,,5.07898864416e-64,1.97068618485,0.985343092425
4.268,4268.0,0.000999999999999,0.0375,,5.3049430439e-64,1.97048303475,0.985241517375
4.269,4269.0,0.001,0.0375000000001,,5.54117800715e-64,1.97027612852,0.98513806426
4.2700000000000005,4270.0,0.001,0.0375000000001,,5.78817100942e-64,1.97006546934,0.98503273467
4.271,4271.0,0.000999999999999,0.0375,,6.04642212758e-64,1.96985106039,0.984925530195
4.272,4272.0,0.001,0.0375000000001,,6.31645512873e-64,1.96963290487,0.984816452435
4.273,4273.0,0.000999999999999,0.0375,,6.59881861239e-64,1.96941100601,0.984705503005
4.274,4274.0,0.001,0.0375000000001,,6.89408720869e-64,1.96918536706,0.98459268353
4.275,4275.0,0.001,0.0375000000001,,7.20286283528e-64,1.96895599127,0.984477995635
4.276,4276.0,0.000999999999999,0.0375,,7.52577601599e-64,1.96872288193,0.984361440965
4.277,4277.0,0.001,0.0375000000001,,7.86348726423e-64,1.96848604234,0.98424302117
4.2780000000000005,4278.0,0.001,0.0375000000001,,8.21668853438e-64,1.96824547583,0.984122737915
4.279,4279.0,0.000999999999999,0.0375,,8.58610474462e-64,1.96800118573,0.984000592865
4.28,4280.0,0.001,0.0375000000001,,8.9724953746e-64,1.9677531754,0.9838765877
4.281,4281.0,0.000999999999999,0.0375,,9.376656142e-64,1.96750144823,0.983750724115
4.282,4282.0,0.001,0.0375000000001,,9.79942076151e-64,1.96724600761,0.983623003805
4.283,4283.0,0.001,0.0375000000001,,1.02416627908e-63,1.96698685697,0.983493428485
4.284,4284.0,0.000999999999999,0.0375,,1.07042975674e-63,1.96672399972,0.98336199986
4.285,4285.0,0.001,0.0375000000001,,1.11882842414e-63,1.96645743935,0.983228719675
4.2860000000000005,4286.0,0.001,0.0375000000001,,1.16946279088e-63,1.96618717931,0.983093589655
4.287,4287.0,0.000999999999999,0.0375,,1.22243818499e-63,1.96591322309,0.982956611545
4.288,4288.0,0.001,0.0375000000001,,1.27786498788e-63,1.96563557422,0.98281778711
4.289,4289.0,0.000999999999999,0.0375,,1.33585888096e-63,1.96535423623,0.982677118115
4.29,4290.0,0.001,0.0375000000001,,1.39654110445e-63,1.96506921266,0.98253460633
4.291,4291.0,0.001,0.0375000000001,,1.46003872898e-63,1.96478050707,0.982390253535
4.292,4292.0,0.000999999999999,0.0375,,1.52648494081e-63,1.96448812307,0.982244061535
4.293,4293.0,0.001,0.0375000000001,,1.59601934108e-63,1.96419206425,0.982096032125
4.2940000000000005,4294.0,0.001,0.0375000000001,,1.66878826002e-63,1.96389233424,0.98194616712
4.295,4295.0,0.000999999999999,0.0375,,1.74494508676e-63,1.96358893668,0.98179446834
4.296,4296.0,0.001,0.0375000000001,,1.82465061556e-63,1.96328187523,0.981640937615
4.297,4297.0,0.000999999999999,0.0375,,1.9080734093e-63,1.96297115357,0.981485576785
4.298,4298.0,0.001,0.0375000000001,,1.9953901811e-63,1.9626567754,0.9813283877
4.299,4299.0,0.001,0.0375000000001,,2.08678619493e-63,1.96233874443,0.981169372215
4.3,4300.0,0.000999999999999,0.0375,,2.18245568628e-63,1.9620170644,0.9810085322
4.301,4301.0,0.001,0.0375000000001,,2.28260230383e-63,1.96169173906,0.98084586953
4.3020000000000005,4302.0,0.001,0.0375000000001,,2.38743957315e-63,1.96136277218,0.98068138609
4.303,4303.0,0.000999999999999,0.0375,,2.49719138366e-63,1.96103016755,0.980515083775
4.304,4304.0,0.001,0.0375000000001,,2.61209249996e-63,1.96069392898,0.98034696449
4.305,4305.0,0.000999999999999,0.0375,,2.73238909873e-63,1.96035406029,0.980177030145
4.306,4306.0,0.001,0.0375000000001,,2.85833933259e-63,1.96001056532,0.98000528266
4.307,4307.0,0.001,0.0375000000001,,2.99021392224e-63,1.95966344793,0.979831723965
4.308,4308.0,0.000999999999999,0.0375,,3.12829677827e-63,1.959312712,0.979656356
4.309,4309.0,0.001,0.0375000000001,,3.27288565433e-63,1.95895836143,0.979479180715
4.3100000000000005,4310.0,0.001,0.0375000000001,,3.42429283299e-63,1.95860040013,0.979300200065
4.311,4311.0,0.000999999999999,0.0375,,3.58284584617e-63,1.95823883203,0.979119416015
4.312,4312.0,0.001,0.0375000000001,,3.74888823189e-63,1.95787366108,0.97893683054
4.313,4313.0,0.000999999999999,0.0375,,3.92278032898e-63,1.95750489124,0.97875244562
4.314,4314.0,0.001,0.0375000000001,,4.10490011205e-63,1.95713252651,0.978566263255
4.315,4315.0,0.001,0.0375000000001,,4.29564406837e-63,1.95675657087,0.978378285435
4.316,4316.0,0.000999999999999,0.0375,,4.4954281192e-63,1.95637702835,0.978188514175
4.317,4317.0,0.001,0.0375000000001,,4.7046885875e-63,1.95599390299,0.977996951495
4.3180000000000005,4318.0,0.001,0.0375000000001,,4.92388321463e-63,1.95560719884,0.97780359942
4.319,4319.0,0.000999999999999,0.0375,,5.15349222848e-63,1.95521691996,0.97760845998
4.32,4320.0,0.001,0.0375000000001,,5.3940194656e-63,1.95482307045,0.977411535225
4.321,4321.0,0.000999999999999,0.0375,,5.6459935502e-63,1.95442565441,0.977212827205
4.322,4322.0,0.001,0.0375000000001,,5.9099691329e-63,1.95402467596,0.97701233798
4.323,4323.0,0.001,0.0375000000001,,6.18652819229e-63,1.95362013925,0.976810069625
4.324,4324.0,0.000999999999999,0.0375,,6.47628140252e-63,1.95321204841,0.976606024205
4.325,4325.0,0.001,0.0375000000001,,6.77986957038e-63,1.95280040764,0.97640020382
4.3260000000000005,4326.0,0.001,0.0375000000001,,7.09796514536e-63,1.95238522112,0.97619261056
4.327,4327.0,0.000999999999999,0.0375,,7.4312738065e-63,1.95196649305,0.975983246525
4.328,4328.0,0.001,0.0375000000001,,7.78053613005e-63,1.95154422765,0.975772113825
4.329,4329.0,0.000999999999999,0.0375,,8.14652934188e-63,1.95111842918,0.97555921459
4.33,4330.0,0.001,0.0375000000001,,8.53006915938e-63,1.95068910187,0.975344550935
4.331,4331.0,0.001,0.0375000000001,,8.93201172709e-63,1.95025625002,0.97512812501
4.332,4332.0,0.000999999999999,0.0375,,9.35325565116e-63,1.94981987789,0.974909938945
4.333,4333.0,0.001,0.0375000000001,,9.79474413767e-63,1.94937998981,0.974689994905
4.3340000000000005,4334.0,0.001,0.0375000000001,,1.02574672402e-62,1.94893659009,0.974468295045
4.335,4335.0,0.000999999999999,0.0375,,1.0742464222e-62,1.94848968307,0.974244841535
4.336,4336.0,0.001,0.0375000000001,,1.12508260398e-62,1.94803927311,0.974019636555
4.337,4337.0,0.000999999999999,0.0375,,1.17836979536e-62,1.94758536458,0.97379268229
4.338,4338.0,0.001,0.0375000000001,,1.23422822711e-62,1.94712796186,0.97356398093
4.339,4339.0,0.001,0.0375000000001,,1.2927841232e-62,1.94666706936,0.97333353468
4.34,4340.0,0.000999999999999,0.0375,,1.35417000414e-62,1.94620269149,0.973101345745
4.341,4341.0,0.001,0.0375000000001,,1.41852500571e-62,1.9457348327,0.97286741635
4.3420000000000005,4342.0,0.001,0.0375000000001,,1.48599521423e-62,1.94526349744,0.97263174872
4.343,4343.0,0.000999999999999,0.0375,,1.55673401894e-62,1.94478869016,0.97239434508
4.344,4344.0,0.001,0.0375000000001,,1.63090248259e-62,1.94431041536,0.97215520768
4.345,4345.0,0.000999999999999,0.0375,,1.708669731e-62,1.94382867754,0.97191433877
4.346,4346.0,0.001,0.0375000000001,,1.79021336273e-62,1.94334348121,0.971671740605
4.347,4347.0,0.001,0.0375000000001,,1.87571987991e-62,1.94285483089,0.971427415445
4.348,4348.0,0.000999999999999,0.0375,,1.96538514112e-62,1.94236273114,0.97118136557
4.349,4349.0,0.001,0.0375000000001,,2.05941483783e-62,1.94186718652,0.97093359326
4.3500000000000005,4350.0,0.001,0.0375000000001,,2.15802499527e-62,1.9413682016,0.9706841008
4.351,4351.0,0.000999999999999,0.0375,,2.26144249927e-62,1.94086578098,0.97043289049
4.352,4352.0,0.001,0.0375000000001,,2.36990565023e-62,1.94035992927,0.970179964635
4.353,4353.0,0.000999999999999,0.0375,,2.48366474589e-62,1.93985065109,0.969925325545
4.354,4354.0,0.001,0.0375000000001,,2.6029826941e-62,1.93933795107,0.969668975535
4.355,4355.0,0.001,0.0375000000001,,2.72813565741e-62,1.93882183388,0.96941091694
4.356,4356.0,0.000999999999999,0.0375,,2.85941373102e-62,1.93830230417,0.969151152085
4.357,4357.0,0.001,0.0375000000001,,2.99712165592e-62,1.93777936665,0.968889683325
4.358,4358.0,0.000999999999999,0.0375,,3.14157956901e-62,1.937253026,0.968626513
4.359,4359.0,0.001,0.0375000000001,,3.2931237921e-62,1.93672328694,0.96836164347
4.36,4360.0,0.001,0.0375000000001,,3.452107662e-62,1.9361901542,0.9680950771
4.361,4361.0,0.000999999999999,0.0375,,3.61890240371e-62,1.93565363252,0.96782681626
4.362,4362.0,0.001,0.0375000000001,,3.79389804895e-62,1.93511372666,0.96755686333
4.363,4363.0,0.001,0.0375000000001,,3.97750440267e-62,1.9345704414,0.9672852207
4.364,4364.0,0.000999999999999,0.0375,,4.17015205968e-62,1.93402378153,0.967011890765
4.365,4365.0,0.001,0.0375000000001,,4.37229347444e-62,1.93347375185,0.966736875925
4.366,4366.0,0.000999999999999,0.0375,,4.5844040865e-62,1.93292035717,0.966460178585
4.367,4367.0,0.001,0.0375000000001,,4.80698350471e-62,1.93236360234,0.96618180117
4.368,4368.0,0.001,0.0375000000001,,5.04055675331e-62,1.93180349219,0.965901746095
4.369,4369.0,0.000999999999999,0.0375,,5.28567558296e-62,1.93124003159,0.965620015795
4.37,4370.0,0.001,0.0375000000001,,5.54291985047e-62,1.93067322541,0.965336612705
4.371,4371.0,0.001,0.0375000000001,,5.81289897057e-62,1.93010307855,0.965051539275
4.372,4372.0,0.000999999999999,0.0375,,6.09625344374e-62,1.92952959591,0.964764797955
4.373,4373.0,0.001,0.0375000000001,,6.39365646397e-62,1.9289527824,0.9644763912
4.374,4374.0,0.000999999999999,0.0375,,6.70581561087e-62,1.92837264297,0.964186321485
4.375,4375.0,0.001,0.0375000000001,,7.03347463036e-62,1.92778918256,0.96389459128
4.376,4376.0,0.001,0.0375000000001,,7.37741530894e-62,1.92720240612,0.96360120306
4.377,4377.0,0.000999999999999,0.0375,,7.73845944623e-62,1.92661231864,0.96330615932
4.378,4378.0,0.001,0.0375000000001,,8.11747093119e-62,1.92601892511,0.963009462555
4.3790000000000004,4379.0,0.001,0.0375000000001,,8.51535792743e-62,1.92542223052,0.96271111526
4.38,4380.0,0.000999999999999,0.0375,,8.93307517347e-62,1.92482223989,0.962411119945
4.381,4381.0,0.001,0.0375000000001,,9.37162640408e-62,1.92421895826,0.96210947913
4.382,4382.0,0.000999999999999,0.0375,,9.83206689902e-62,1.92361239067,0.961806195335
4.383,4383.0,0.001,0.0375000000001,,1.03155061662e-61,1.92300254217,0.961501271085
4.384,4384.0,0.001,0.0375000000001,,1.08231107662e-61,1.92238941785,0.961194708925
4.385,4385.0,0.000999999999999,0.0375,,1.13561072859e-61,1.92177302277,0.960886511385
4.386,4386.0,0.001,0.0375000000001,,1.19157854687e-61,1.92115336205,0.960576681025
4.3870000000000005,4387.0,0.001,0.0375000000001,,1.25035015108e-61,1.92053044079,0.960265220395
4.388,4388.0,0.000999999999999,0.0375,,1.3120681531e-61,1.91990426412,0.95995213206
4.389,4389.0,0.001,0.0375000000001,,1.37688252241e-61,1.91927483717,0.959637418585
4.39,4390.0,0.000999999999999,0.0375,,1.4449509708e-61,1.91864216511,0.959321082555
4.391,4391.0,0.001,0.0375000000001,,1.51643935738e-61,1.91800625309,0.959003126545
4.392,4392.0,0.001,0.0375000000001,,1.59152211514e-61,1.91736710629,0.958683553145
4.393,4393.0,0.000999999999999,0.0375,,1.67038270001e-61,1.91672472991,0.958362364955
4.394,4394.0,0.001,0.0375000000001,,1.75321406383e-61,1.91607912914,0.95803956457
4.3950000000000005,4395.0,0.001,0.0375000000001,,1.84021915236e-61,1.91543030921,0.957715154605
4.396,4396.0,0.000999999999999,0.0375,,1.93161142977e-61,1.91477827535,0.957389137675
4.397,4397.0,0.001,0.0375000000001,,2.02761543096e-61,1.91412303279,0.957061516395
4.398,4398.0,0.000999999999999,0.0375,,2.1284673433e-61,1.9134645868,0.9567322934
4.399,4399.0,0.001,0.0375000000001,,2.23441561925e-61,1.91280294264,0.95640147132
4.4,4400.0,0.001,0.0375000000001,,2.34572162165e-61,1.91213810559,0.956069052795
4.401,4401.0,0.000999999999999,0.0375,,2.46266030329e-61,1.91147008095,0.955735040475
4.402,4402.0,0.001,0.0375000000001,,2.58552092282e-61,1.91079887403,0.955399437015
4.4030000000000005,4403.0,0.001,0.0375000000001,,2.71460779869e-61,1.91012449014,0.95506224507
4.404,4404.0,0.000999999999999,0.0375,,2.85024110345e-61,1.90944693461,0.954723467305
4.405,4405.0,0.001,0.0375000000001,,2.9927577003e-61,1.90876621278,0.95438310639
4.406,4406.0,0.000999999999999,0.0375,,3.14251202451e-61,1.90808233002,0.95404116501
4.407,4407.0,0.001,0.0375000000001,,3.29987701173e-61,1.90739529169,0.953697645845
4.408,4408.0,0.001,0.0375000000001,,3.46524507614e-61,1.90670510318,0.95335255159
4.409,4409.0,0.000999999999999,0.0375,,3.63902914082e-61,1.90601176986,0.95300588493
4.41,4410.0,0.001,0.0375000000001,,3.82166372329e-61,1.90531529716,0.95265764858
4.4110000000000005,4411.0,0.001,0.0375000000001,,4.01360607928e-61,1.90461569048,0.95230784524
4.412,4412.0,0.000999999999999,0.0375,,4.21533740766e-61,1.90391295525,0.951956477625
4.413,4413.0,0.001,0.0375000000001,,4.42736412018e-61,1.90320709692,0.95160354846
4.414,4414.0,0.000999999999999,0.0375,,4.65021917915e-61,1.90249812093,0.951249060465
4.415,4415.0,0.001,0.0375000000001,,4.8844635071e-61,1.90178603275,0.950893016375
4.416,4416.0,0.001,0.0375000000001,,5.13068747205e-61,1.90107083786,0.95053541893
4.417,4417.0,0.000999999999999,0.0375,,5.38951245271e-61,1.90035254174,0.95017627087
4.418,4418.0,0.001,0.0375000000001,,5.66159248779e-61,1.89963114989,0.949815574945
4.4190000000000005,4419.0,0.001,0.0375000000001,,5.94761601412e-61,1.89890666783,0.949453333915
4.42,4420.0,0.000999999999999,0.0375,,6.24830769829e-61,1.89817910107,0.949089550535
4.421,4421.0,0.001,0.0375000000001,,6.56443036708e-61,1.89744845514,0.94872422757
4.422,4422.0,0.000999999999999,0.0375,,6.89678704183e-61,1.89671473561,0.948357367805
4.423,4423.0,0.001,0.0375000000001,,7.24622308258e-61,1.89597794801,0.947988974005
4.424,4424.0,0.001,0.0375000000001,,7.61362844799e-61,1.89523809791,0.947619048955
4.425,4425.0,0.000999999999999,0.0375,,7.99994007715e-61,1.8944951909,0.94724759545
4.426,4426.0,0.001,0.0375000000001,,8.40614440021e-61,1.89374923257,0.946874616285
4.4270000000000005,4427.0,0.001,0.0375000000001,,8.83327998462e-61,1.89300022851,0.946500114255
4.428,4428.0,0.000999999999999,0.0375,,9.28244032459e-61,1.89224818434,0.94612409217
4.429,4429.0,0.001,0.0375000000001,,9.75477678143e-61,1.89149310569,0.945746552845
4.43,4430.0,0.000999999999999,0.0375,,1.02515016831e-60,1.89073499817,0.945367499085
4.431,4431.0,0.001,0.0375000000001,,1.07738915919e-60,1.88997386744,0.94498693372
4.432,4432.0,0.001,0.0375000000001,,1.13232907489e-60,1.88920971916,0.94460485958
4.433,4433.0,0.000999999999999,0.0375,,1.19011147054e-60,1.88844255899,0.944221279495
4.434,4434.0,0.001,0.0375000000001,,1.25088541519e-60,1.8876723926,0.9438361963
4.4350000000000005,4435.0,0.001,0.0375000000001,,1.31480789538e-60,1.88737122165,0.943685610825
4.436,4436.0,0.000999999999999,0.0375,,1.38204424078e-60,1.88717516907,0.943587584535
4.437,4437.0,0.001,0.0375000000001,,1.45276857288e-60,1.88697541097,0.943487705485
4.438,4438.0,0.000999999999999,0.0375,,1.52716427807e-60,1.88677195034,0.94338597517
4.439,4439.0,0.001,0.0375000000001,,1.60542450652e-60,1.88656479024,0.94328239512
4.44,4440.0,0.001,0.0375000000001,,1.68775269821e-60,1.88635393371,0.943176966855
4.441,4441.0,0.000999999999999,0.0375,,1.77436313757e-60,1.88613938382,0.94306969191
4.442,4442.0,0.001,0.0375000000001,,1.86548153843e-60,1.88592114368,0.94296057184
4.4430000000000005,4443.0,0.001,0.0375000000001,,1.96134566078e-60,1.8856992164,0.9428496082
4.444,4444.0,0.000999999999999,0.0375,,2.06220596128e-60,1.8854736051,0.94273680255
4.445,4445.0,0.001,0.0375000000001,,2.16832627921e-60,1.88524431296,0.94262215648
4.446,4446.0,0.000999999999999,0.0375,,2.27998455991e-60,1.88501134314,0.94250567157
4.447,4447.0,0.001,0.0375000000001,,2.39747361782e-60,1.88477469884,0.94238734942
4.448,4448.0,0.001,0.0375000000001,,2.52110194113e-60,1.88453438327,0.942267191635
4.449,4449.0,0.000999999999999,0.0375,,2.65119454057e-60,1.88429039967,0.942145199835
4.45,4450.0,0.001,0.0375000000001,,2.78809384461e-60,1.88404275129,0.942021375645
4.4510000000000005,4451.0,0.001,0.0375000000001,,2.93216064368e-60,1.88379144141,0.941895720705
4.452,4452.0,0.000999999999999,0.0375,,3.08377508618e-60,1.88353647332,0.94176823666
4.453,4453.0,0.001,0.0375000000001,,3.24333772908e-60,1.88327785034,0.94163892517
4.454,4454.0,0.000999999999999,0.0375,,3.41127064614e-60,1.88301557579,0.941507787895
4.455,4455.0,0.001,0.0375000000001,,3.588018597e-60,1.88274965304,0.94137482652
4.456,4456.0,0.001,0.0375000000001,,3.77405026046e-60,1.88248008544,0.94124004272
4.457,4457.0,0.000999999999999,0.0375,,3.96985953548e-60,1.88220687641,0.941103438205
4.458,4458.0,0.001,0.0375000000001,,4.17596691381e-60,1.88193002933,0.940965014665
4.4590000000000005,4459.0,0.001,0.0375000000001,,4.39292092803e-60,1.88164954766,0.94082477383
4.46,4460.0,0.000999999999999,0.0375,,4.62129967932e-60,1.88136543482,0.94068271741
4.461,4461.0,0.001,0.0375000000001,,4.86171244935e-60,1.88107769431,0.940538847155
4.462,4462.0,0.000999999999999,0.0375,,5.11480140103e-60,1.88078632959,0.940393164795
4.463,4463.0,0.001,0.0375000000001,,5.38124337289e-60,1.88049134419,0.940245672095
4.464,4464.0,0.001,0.0375000000001,,5.66175177256e-60,1.88019274162,0.94009637081
4.465,4465.0,0.000999999999999,0.0375,,5.95707857462e-60,1.87989052543,0.939945262715
4.466,4466.0,0.001,0.0375000000001,,6.26801642886e-60,1.87958469919,0.939792349595
4.4670000000000005,4467.0,0.001,0.0375000000001,,6.59540088488e-60,1.87927526648,0.93963763324
4.468,4468.0,0.000999999999999,0.0375,,6.94011273974e-60,1.8789622309,0.93948111545
4.469,4469.0,0.001,0.0375000000001,,7.30308051537e-60,1.87864559607,0.939322798035
4.47,4470.0,0.000999999999999,0.0375,,7.68528307304e-60,1.87832536563,0.939162682815
4.471,4471.0,0.001,0.0375000000001,,8.08775237259e-60,1.87800154324,0.93900077162
4.472,4472.0,0.001,0.0375000000001,,8.51157638442e-60,1.87767413258,0.93883706629
4.473,4473.0,0.000999999999999,0.0375,,8.9579021629e-60,1.87734313735,0.938671568675
4.474,4474.0,0.001,0.0375000000001,,9.42793909005e-60,1.87700856125,0.938504280625
4.4750000000000005,4475.0,0.001,0.0375000000001,,9.92296229933e-60,1.87667040802,0.93833520401
4.476,4476.0,0.000999999999999,0.0375,,1.04443162892e-59,1.87632868142,0.93816434071
4.477,4477.0,0.001,0.0375000000001,,1.09934187375e-59,1.8759833852,0.9379916926
4.478,4478.0,0.000999999999999,0.0375,,1.15717645278e-59,1.87563452317,0.937817261585
4.479,4479.0,0.001,0.0375000000001,,1.2180929999e-59,1.87528209912,0.93764104956
4.48,4480.0,0.001,0.0375000000001,,1.28225774323e-59,1.87492611688,0.93746305844
4.481,4481.0,0.000999999999999,0.0375,,1.34984597864e-59,1.87456658029,0.937283290145
4.482,4482.0,0.001,0.0375000000001,,1.42104256977e-59,1.87420349323,0.937101746615
4.483,4483.0,0.000999999999999,0.0375,,1.49604247581e-59,1.87383685955,0.936918429775
4.484,4484.0,0.001,0.0375000000001,,1.5750513087e-59,1.87346668317,0.936733341585
4.485,4485.0,0.001,0.0375000000001,,1.65828592142e-59,1.87309296799,0.936546483995
4.486,4486.0,0.000999999999999,0.0375,,1.74597502908e-59,1.87271571795,0.936357858975
4.487,4487.0,0.001,0.0375000000001,,1.83835986466e-59,1.87233493701,0.936167468505
4.488,4488.0,0.001,0.0375000000001,,1.93569487138e-59,1.87195062912,0.93597531456
4.489,4489.0,0.000999999999999,0.0375,,2.03824843375e-59,1.87156279828,0.93578139914
4.49,4490.0,0.001,0.0375000000001,,2.14630364944e-59,1.87117144849,0.935585724245
4.491,4491.0,0.000999999999999,0.0375,,2.26015914437e-59,1.87077658378,0.93538829189
4.492,4492.0,0.001,0.0375000000001,,2.38012993332e-59,1.87037820818,0.93518910409
4.493,4493.0,0.001,0.0375000000001,,2.50654832884e-59,1.86997632574,0.93498816287
4.494,4494.0,0.000999999999999,0.0375,,2.63976490089e-59,1.86957094056,0.93478547028
4.495,4495.0,0.001,0.0375000000001,,2.7801494904e-59,1.86916205671,0.934581028355
4.496,4496.0,0.001,0.0375000000001,,2.92809227954e-59,1.86874967831,0.934374839155
4.497,4497.0,0.000999999999999,0.0375,,3.0840049221e-59,1.86833380948,0.93416690474
4.498,4498.0,0.001,0.0375000000001,,3.2483217372e-59,1.86791445437,0.933957227185
4.499,4499.0,0.000999999999999,0.0375,,3.42150097012e-59,1.86749161714,0.93374580857
4.5,4500.0,0.001,0.0375000000001,,3.60402612384e-59,1.86706530197,0.933532650985
4.501,4501.0,0.001,0.0375000000001,,3.7964073655e-59,1.86663551306,0.93331775653
4.502,4502.0,0.000999999999999,0.0375,,3.99918301187e-59,1.86620225461,0.933101127305
4.503,4503.0,0.001,0.0375000000001,,4.21292109837e-59,1.86576553086,0.93288276543
4.5040000000000004,4504.0,0.001,0.0375000000001,,4.43822103645e-59,1.86532534606,0.93266267303
4.505,4505.0,0.000999999999999,0.0375,,4.67571536421e-59,1.86488170447,0.932440852235
4.506,4506.0,0.001,0.0375000000001,,4.92607159569e-59,1.86443461036,0.93221730518
4.507,4507.0,0.000999999999999,0.0375,,5.18999417434e-59,1.86398406805,0.931992034025
4.508,4508.0,0.001,0.0375000000001,,5.46822653668e-59,1.86353008184,0.93176504092
4.509,4509.0,0.001,0.0375000000001,,5.76155329229e-59,1.86307265606,0.93153632803
4.51,4510.0,0.000999999999999,0.0375,,6.07080252694e-59,1.86261179506,0.93130589753
4.511,4511.0,0.001,0.0375000000001,,6.39684823571e-59,1.8621475032,0.9310737516
4.5120000000000005,4512.0,0.001,0.0375000000001,,6.74061289353e-59,1.86167978488,0.93083989244
4.513,4513.0,0.000999999999999,0.0375,,7.10307017112e-59,1.86120864448,0.93060432224
4.514,4514.0,0.001,0.0375000000001,,7.48524780432e-59,1.86073408641,0.930367043205
4.515,4515.0,0.000999999999999,0.0375,,7.88823062597e-59,1.86025611511,0.930128057555
4.516,4516.0,0.001,0.0375000000001,,8.31316376919e-59,1.85977473503,0.929887367515
4.517,4517.0,0.001,0.0375000000001,,8.7612560522e-59,1.85928995062,0.92964497531
4.518,4518.0,0.000999999999999,0.0375,,9.23378355479e-59,1.85880176637,0.929400883185
4.519,4519.0,0.001,0.0375000000001,,9.7320933976e-59,1.85831018677,0.929155093385
4.5200000000000005,4520.0,0.001,0.0375000000001,,1.02576077356e-58,1.85795237732,0.92897618866
4.521,4521.0,0.000999999999999,0.0375,,1.08118279783e-58,1.85786033367,0.928930166835
4.522,4522.0,0.001,0.0375000000001,,1.13963392493e-58,1.85776467773,0.928882338865
4.523,4523.0,0.000999999999999,0.0375,,1.20128150992e-58,1.8576654118,0.9288327059
4.524,4524.0,0.001,0.0375000000001,,1.26630224862e-58,1.85756253819,0.928781269095
4.525,4525.0,0.001,0.0375000000001,,1.33488270399e-58,1.85745605924,0.92872802962
4.526,4526.0,0.000999999999999,0.0375,,1.40721986244e-58,1.85734597728,0.92867298864
4.527,4527.0,0.001,0.0375000000001,,1.48352172176e-58,1.85723229471,0.928616147355
4.5280000000000005,4528.0,0.001,0.0375000000001,,1.56400791257e-58,1.8571150139,0.92855750695
4.529,4529.0,0.000999999999999,0.0375,,1.64891035511e-58,1.85699413726,0.92849706863
4.53,4530.0,0.001,0.0375000000001,,1.73847395346e-58,1.85686966724,0.92843483362
4.531,4531.0,0.000999999999999,0.0375,,1.83295732935e-58,1.85674160627,0.928370803135
4.532,4532.0,0.001,0.0375000000001,,1.93263359779e-58,1.85660995683,0.928304978415
4.533,4533.0,0.001,0.0375000000001,,2.03779118695e-58,1.85647472142,0.92823736071
4.534,4534.0,0.000999999999999,0.0375,,2.14873470482e-58,1.85633590253,0.928167951265
4.535,4535.0,0.001,0.0375000000001,,2.26578585545e-58,1.8561935027,0.92809675135
4.5360000000000005,4536.0,0.001,0.0375000000001,,2.38928440736e-58,1.85604752447,0.928023762235
4.537,4537.0,0.000999999999999,0.0375,,2.51958921748e-58,1.85589797042,0.92794898521
4.538,4538.0,0.001,0.0375000000001,,2.6570793135e-58,1.85574484313,0.927872421565
4.539,4539.0,0.000999999999999,0.0375,,2.80215503823e-58,1.85558814521,0.927794072605
4.54,4540.0,0.001,0.0375000000001,,2.95523925937e-58,1.85542787929,0.927713939645
4.541,4541.0,0.001,0.0375000000001,,3.11677864865e-58,1.85526404801,0.927632024005
4.542,4542.0,0.000999999999999,0.0375,,3.28724503409e-58,1.85509665403,0.927548327015
4.543,4543.0,0.001,0.0375000000001,,3.46713682995e-58,1.85492570004,0.92746285002
4.5440000000000005,4544.0,0.001,0.0375000000001,,3.65698054847e-58,1.85475118875,0.927375594375
4.545,4545.0,0.000999999999999,0.0375,,3.85733239846e-58,1.85457312288,0.92728656144
4.546,4546.0,0.001,0.0375000000001,,4.06877997556e-58,1.85439150517,0.927195752585
4.547,4547.0,0.000999999999999,0.0375,,4.29194404955e-58,1.85420633837,0.927103169185
4.548,4548.0,0.001,0.0375000000001,,4.52748045431e-58,1.85401762528,0.92700881264
4.549,4549.0,0.001,0.0375000000001,,4.77608208642e-58,1.85382536868,0.92691268434
4.55,4550.0,0.000999999999999,0.0375,,5.03848101856e-58,1.8536295714,0.9268147857
4.551,4551.0,0.001,0.0375000000001,,5.31545073455e-58,1.85343023628,0.92671511814
4.5520000000000005,4552.0,0.001,0.0375000000001,,5.60780849294e-58,1.85322736616,0.92661368308
4.553,4553.0,0.000999999999999,0.0375,,5.91641782667e-58,1.85302096393,0.926510481965
4.554,4554.0,0.001,0.0375000000001,,6.24219118664e-58,1.85281103247,0.926405516235
4.555,4555.0,0.000999999999999,0.0375,,6.58609273763e-58,1.8525975747,0.92629878735
4.556,4556.0,0.001,0.0375000000001,,6.94914131535e-58,1.85238059356,0.92619029678
4.557,4557.0,0.001,0.0375000000001,,7.33241355401e-58,1.85216009198,0.92608004599
4.558,4558.0,0.000999999999999,0.0375,,7.73704719429e-58,1.85193607294,0.92596803647
4.559,4559.0,0.001,0.0375000000001,,8.16424458222e-58,1.85170853943,0.925854269715
4.5600000000000005,4560.0,0.001,0.0375000000001,,8.61527637015e-58,1.85147749444,0.92573874722
4.561,4561.0,0.000999999999999,0.0375,,9.09148543134e-58,1.85124294101,0.925621470505
4.562,4562.0,0.001,0.0375000000001,,9.59429100097e-58,1.85100488217,0.925502441085
4.563,4563.0,0.000999999999999,0.0375,,1.01251930564e-57,1.85076332099,0.925381660495
4.564,4564.0,0.001,0.0375000000001,,1.06857769507e-57,1.85051826055,0.925259130275
4.565,4565.0,0.001,0.0375000000001,,1.12777183146e-57,1.85026970393,0.925134851965
4.566,4566.0,0.000999999999999,0.0375,,1.19027882418e-57,1.85001765426,0.92500882713
4.567,4567.0,0.001,0.0375000000001,,1.2562858775e-57,1.84976211468,0.92488105734
4.5680000000000005,4568.0,0.001,0.0375000000001,,1.32599087093e-57,1.84950308832,0.92475154416
4.569,4569.0,0.000999999999999,0.0375,,1.3996029732e-57,1.84924057837,0.924620289185
4.57,4570.0,0.001,0.0375000000001,,1.47734329193e-57,1.84897458801,0.924487294005
4.571,4571.0,0.000999999999999,0.0375,,1.55944556084e-57,1.84870512045,0.924352560225
4.572,4572.0,0.001,0.0375000000001,,1.64615686695e-57,1.84843217891,0.924216089455
4.573,4573.0,0.001,0.0375000000001,,1.73773842e-57,1.84815576663,0.924077883315
4.574,4574.0,0.000999999999999,0.0375,,1.83446636647e-57,1.84787588687,0.923937943435
4.575,4575.0,0.001,0.0375000000001,,1.93663265098e-57,1.84759254291,0.923796271455
4.5760000000000005,4576.0,0.001,0.0375000000001,,2.04454592776e-57,1.84730573805,0.923652869025
4.577,4577.0,0.000999999999999,0.0375,,2.15853252507e-57,1.84701547561,0.923507737805
4.578,4578.0,0.001,0.0375000000001,,2.27893746583e-57,1.8467217589,0.92336087945
4.579,4579.0,0.000999999999999,0.0375,,2.4061255475e-57,1.84642459128,0.92321229564
4.58,4580.0,0.001,0.0375000000001,,2.54048248501e-57,1.84612397611,0.923061988055
4.581,4581.0,0.001,0.0375000000001,,2.68241612015e-57,1.84581991679,0.922909958395
4.582,4582.0,0.000999999999999,0.0375,,2.83235770147e-57,1.84551241671,0.922756208355
4.583,4583.0,0.001,0.0375000000001,,2.99076323884e-57,1.84520147929,0.922600739645
4.5840000000000005,4584.0,0.001,0.0375000000001,,3.15811493691e-57,1.84488710797,0.922443553985
4.585,4585.0,0.000999999999999,0.0375,,3.33492271233e-57,1.84456930619,0.922284653095
4.586,4586.0,0.001,0.0375000000001,,3.52172579946e-57,1.84424807744,0.92212403872
4.587,4587.0,0.000999999999999,0.0375,,3.71909444983e-57,1.8439234252,0.9219617126
4.588,4588.0,0.001,0.0375000000001,,3.92763173094e-57,1.84359535298,0.92179767649
4.589,4589.0,0.001,0.0375000000001,,4.14797543016e-57,1.8432638643,0.92163193215
4.59,4590.0,0.000999999999999,0.0375,,4.3808000699e-57,1.84292896269,0.921464481345
4.591,4591.0,0.001,0.0375000000001,,4.62681904073e-57,1.84259065173,0.921295325865
4.5920000000000005,4592.0,0.001,0.0375000000001,,4.88678685922e-57,1.84224893497,0.921124467485
4.593,4593.0,0.000999999999999,0.0375,,5.16150155805e-57,1.84190381602,0.92095190801
4.594,4594.0,0.001,0.0375000000001,,5.45180721598e-57,1.84155529847,0.920777649235
4.595,4595.0,0.000999999999999,0.0375,,5.75859663612e-57,1.84120338597,0.920601692985
4.596,4596.0,0.001,0.0375000000001,,6.08281418111e-57,1.84084808214,0.92042404107
4.597,4597.0,0.001,0.0375000000001,,6.42545877454e-57,1.84048939064,0.92024469532
4.598,4598.0,0.000999999999999,0.0375,,6.78758707845e-57,1.84012731517,0.920063657585
4.599,4599.0,0.001,0.0375000000001,,7.17031685719e-57,1.83976185939,0.919880929695
4.6000000000000005,4600.0,0.001,0.0375000000001,,7.57483053887e-57,1.83939302703,0.919696513515
4.601,4601.0,0.000999999999999,0.0375,,8.0023789858e-57,1.83902082181,0.919510410905
4.602,4602.0,0.001,0.0375000000001,,8.45428548653e-57,1.83864524748,0.91932262374
4.603,4603.0,0.000999999999999,0.0375,,8.93194998248e-57,1.83826630778,0.91913315389
4.604,4604.0,0.001,0.0375000000001,,9.43685354302e-57,1.8378840065,0.91894200325
4.605,4605.0,0.001,0.0375000000001,,9.97056310382e-57,1.83749834743,0.918749173715
4.606,4606.0,0.000999999999999,0.0375,,1.05347364839e-56,1.83710933438,0.91855466719
4.607,4607.0,0.001,0.0375000000001,,1.11311276983e-56,1.83671697116,0.91835848558
4.6080000000000005,4608.0,0.001,0.0375000000001,,1.17615925828e-56,1.83632126163,0.918160630815
4.609,4609.0,0.000999999999999,0.0375,,1.2428094751e-56,1.83592220964,0.91796110482
4.61,4610.0,0.001,0.0375000000001,,1.31327119019e-56,1.83551981906,0.91775990953
4.611,4611.0,0.000999999999999,0.0375,,1.3877642499e-56,1.83511409378,0.91755704689
4.612,4612.0,0.001,0.0375000000001,,1.46652128443e-56,1.83470503771,0.917352518855
4.613,4613.0,0.001,0.0375000000001,,1.54978845683e-56,1.83429265477,0.917146327385
4.614,4614.0,0.000999999999999,0.0375,,1.63782625633e-56,1.83387694889,0.916938474445
4.615,4615.0,0.001,0.0375000000001,,1.73091033845e-56,1.83345792403,0.916728962015
4.616,4616.0,0.000999999999999,0.0375,,1.82933241473e-56,1.83303558416,0.91651779208
4.617,4617.0,0.001,0.0375000000001,,1.93340119505e-56,1.83260993327,0.916304966635
4.618,4618.0,0.001,0.0375000000001,,2.04344338562e-56,1.83218097535,0.916090487675
4.619,4619.0,0.000999999999999,0.0375,,2.15980474606e-56,1.83174871442,0.91587435721
4.62,4620.0,0.001,0.0375000000001,,2.28285120889e-56,1.83131315452,0.91565657726
4.621,4621.0,0.001,0.0375000000001,,2.41297006538e-56,1.83087429969,0.915437149845
4.622,4622.0,0.000999999999999,0.0375,,2.55057122156e-56,1.83043215399,0.915216076995
4.623,4623.0,0.001,0.0375000000001,,2.69608852856e-56,1.82998672151,0.914993360755
4.624,4624.0,0.000999999999999,0.0375,,2.84998119189e-56,1.82953800634,0.91476900317
4.625,4625.0,0.001,0.0375000000001,,3.01273526408e-56,1.82908601259,0.914543006295
4.626,4626.0,0.001,0.0375000000001,,3.18486522598e-56,1.82863074439,0.914315372195
4.627,4627.0,0.000999999999999,0.0375,,3.36691566171e-56,1.82817220587,0.914086102935
4.628,4628.0,0.001,0.0375000000001,,3.55946303305e-56,1.82771040119,0.913855200595
4.6290000000000004,4629.0,0.001,0.0375000000001,,3.76311755919e-56,1.82724533453,0.913622667265
4.63,4630.0,0.000999999999999,0.0375,,3.97852520796e-56,1.82677701007,0.913388505035
4.631,4631.0,0.001,0.0375000000001,,4.20636980551e-56,1.82630543201,0.913152716005
4.632,4632.0,0.000999999999999,0.0375,,4.44737527115e-56,1.82583060456,0.91291530228
4.633,4633.0,0.001,0.0375000000001,,4.70230798522e-56,1.82535253197,0.912676265985
4.634,4634.0,0.001,0.0375000000001,,4.97197929759e-56,1.82487121848,0.91243560924
4.635,4635.0,0.000999999999999,0.0375,,5.25724818552e-56,1.82438666834,0.91219333417
4.636,4636.0,0.001,0.0375000000001,,5.55902406959e-56,1.82389888584,0.91194944292
4.6370000000000005,4637.0,0.001,0.0375000000001,,5.87826979724e-56,1.82340787527,0.911703937635
4.638,4638.0,0.000999999999999,0.0375,,6.21600480407e-56,1.82291364093,0.911456820465
4.639,4639.0,0.001,0.0375000000001,,6.57330846338e-56,1.82241618714,0.91120809357
4.64,4640.0,0.000999999999999,0.0375,,6.95132363533e-56,1.82191551825,0.910957759125
4.641,4641.0,0.001,0.0375000000001,,7.35126042768e-56,1.82141163859,0.910705819295
4.642,4642.0,0.001,0.0375000000001,,7.7744001808e-56,1.82090455254,0.91045227627
4.643,4643.0,0.000999999999999,0.0375,,8.22209969044e-56,1.82039426447,0.910197132235
4.644,4644.0,0.001,0.0375000000001,,8.69579568244e-56,1.81988077877,0.909940389385
4.6450000000000005,4645.0,0.001,0.0375000000001,,9.19700955458e-56,1.81936409987,0.909682049935
4.646,4646.0,0.000999999999999,0.0375,,9.7273524017e-56,1.81884423217,0.909422116085
4.647,4647.0,0.001,0.0375000000001,,1.02885303409e-55,1.81832118012,0.90916059006
4.648,4648.0,0.000999999999999,0.0375,,1.0882350155e-55,1.81779494816,0.90889747408
4.649,4649.0,0.001,0.0375000000001,,1.15107252735e-55,1.81726554076,0.90863277038
4.65,4650.0,0.001,0.0375000000001,,1.21756821111e-55,1.8167329624,0.9083664812
4.651,4651.0,0.000999999999999,0.0375,,1.28793667854e-55,1.81619721758,0.90809860879
4.652,4652.0,0.001,0.0375000000001,,1.36240522367e-55,1.81565831079,0.907829155395
4.6530000000000005,4653.0,0.001,0.0375000000001,,1.4412145774e-55,1.81511624657,0.907558123285
4.654,4654.0,0.000999999999999,0.0375,,1.52461970731e-55,1.81457102945,0.907285514725
4.655,4655.0,0.001,0.0375000000001,,1.61289066531e-55,1.81402266398,0.90701133199
4.656,4656.0,0.000999999999999,0.0375,,1.70631348622e-55,1.81347115471,0.906735577355
4.657,4657.0,0.001,0.0375000000001,,1.80519114007e-55,1.81291650623,0.906458253115
4.658,4658.0,0.001,0.0375000000001,,1.90984454163e-55,1.81235872313,0.906179361565
4.659,4659.0,0.000999999999999,0.0375,,2.02061362043e-55,1.81179781002,0.90589890501
4.66,4660.0,0.001,0.0375000000001,,2.13785845502e-55,1.8112337715,0.90561688575
4.6610000000000005,4661.0,0.001,0.0375000000001,,2.2619604753e-55,1.81066661221,0.905333306105
4.662,4662.0,0.000999999999999,0.0375,,2.39332373711e-55,1.8100963368,0.9050481684
4.663,4663.0,0.001,0.0375000000001,,2.53237627328e-55,1.80952294992,0.90476147496
4.664,4664.0,0.000999999999999,0.0375,,2.67957152598e-55,1.80894645625,0.904473228125
4.665,4665.0,0.001,0.0375000000001,,2.83538986511e-55,1.80836686048,0.90418343024
4.666,4666.0,0.001,0.0375000000001,,3.00034019798e-55,1.80778416729,0.903892083645
4.667,4667.0,0.000999999999999,0.0375,,3.17496167589e-55,1.8071983814,0.9035991907
4.668,4668.0,0.001,0.0375000000001,,3.35982550329e-55,1.80660950754,0.90330475377
4.6690000000000005,4669.0,0.001,0.0375000000001,,3.55553685596e-55,1.80601755045,0.903008775225
4.67,4670.0,0.000999999999999,0.0375,,3.7627369146e-55,1.80542251487,0.902711257435
4.671,4671.0,0.001,0.0375000000001,,3.98210502094e-55,1.80518343458,0.90259171729
4.672,4672.0,0.000999999999999,0.0375,,4.21436096375e-55,1.80498078381,0.902490391905
4.673,4673.0,0.001,0.0375000000001,,4.46026740269e-55,1.80477483861,0.902387419305
4.674,4674.0,0.001,0.0375000000001,,4.72063243818e-55,1.80456560172,0.90228280086
4.675,4675.0,0.000999999999999,0.0375,,4.99631233639e-55,1.80435307585,0.902176537925
4.676,4676.0,0.001,0.0375000000001,,5.28821441859e-55,1.80413726376,0.90206863188
4.6770000000000005,4677.0,0.001,0.0375000000001,,5.59730012483e-55,1.80391816822,0.90195908411
4.678,4678.0,0.000999999999999,0.0375,,5.92458826266e-55,1.803695792,0.901847896
4.679,4679.0,0.001,0.0375000000001,,6.27115845197e-55,1.80347013792,0.90173506896
4.68,4680.0,0.000999999999999,0.0375,,6.63815477798e-55,1.80324120877,0.901620604385
4.681,4681.0,0.001,0.0375000000001,,7.02678966501e-55,1.8030090074,0.9015045037
4.682,4682.0,0.001,0.0375000000001,,7.4383479843e-55,1.80277353665,0.901386768325
4.683,4683.0,0.000999999999999,0.0375,,7.87419141037e-55,1.80253479938,0.90126739969
4.684,4684.0,0.001,0.0375000000001,,8.33576304081e-55,1.80229279849,0.901146399245
4.6850000000000005,4685.0,0.001,0.0375000000001,,8.8245922956e-55,1.80204753686,0.90102376843
4.686,4686.0,0.000999999999999,0.0375,,9.342300113e-55,1.80179901741,0.900899508705
4.687,4687.0,0.001,0.0375000000001,,9.89060446003e-55,1.80154724307,0.900773621535
4.688,4688.0,0.000999999999999,0.0375,,1.04713261767e-54,1.80129221678,0.90064610839
4.689,4689.0,0.001,0.0375000000001,,1.10863951743e-54,1.80103394152,0.90051697076
4.69,4690.0,0.001,0.0375000000001,,1.17378570093e-54,1.80077242025,0.900386210125
4.691,4691.0,0.000999999999999,0.0375,,1.24278798558e-54,1.80050765597,0.900253827985
4.692,4692.0,0.001,0.0375000000001,,1.31587619009e-54,1.80023965169,0.900119825845
4.6930000000000005,4693.0,0.001,0.0375000000001,,1.39329391886e-54,1.79996841044,0.89998420522
4.694,4694.0,0.000999999999999,0.0375,,1.47529939395e-54,1.79969393526,0.89984696763
4.695,4695.0,0.001,0.0375000000001,,1.56216633759e-54,1.79941622921,0.899708114605
4.696,4696.0,0.000999999999999,0.0375,,1.65418490823e-54,1.79913529536,0.89956764768
4.697,4697.0,0.001,0.0375000000001,,1.75166269347e-54,1.79885113681,0.899425568405
4.698,4698.0,0.001,0.0375000000001,,1.85492576332e-54,1.79856375666,0.89928187833
4.699,4699.0,0.000999999999999,0.0375,,1.96431978743e-54,1.79827315803,0.899136579015
4.7,4700.0,0.001,0.0375000000001,,2.08021122029e-54,1.79797934406,0.89898967203
4.7010000000000005,4701.0,0.001,0.0375000000001,,2.20298855849e-54,1.7976823179,0.89884115895
4.702,4702.0,0.000999999999999,0.0375,,2.33306367443e-54,1.79738208272,0.89869104136
4.703,4703.0,0.001,0.0375000000001,,2.47087323121e-54,1.79707864171,0.898539320855
4.704,4704.0,0.000999999999999,0.0375,,2.61688018364e-54,1.79677199806,0.89838599903
4.705,4705.0,0.001,0.0375000000001,,2.77157537062e-54,1.796462155,0.8982310775
4.706,4706.0,0.001,0.0375000000001,,2.93547920454e-54,1.79614911574,0.89807455787
4.707,4707.0,0.000999999999999,0.0375,,3.10914346355e-54,1.79583288355,0.897916441775
4.708,4708.0,0.001,0.0375000000001,,3.29315319308e-54,1.79551346167,0.897756730835
4.7090000000000005,4709.0,0.001,0.0375000000001,,3.4881287233e-54,1.79519085339,0.897595426695
4.71,4710.0,0.000999999999999,0.0375,,3.69472780952e-54,1.794865062,0.897432531
4.711,4711.0,0.001,0.0375000000001,,3.91364790323e-54,1.79453609081,0.897268045405
4.712,4712.0,0.000999999999999,0.0375,,4.14562856165e-54,1.79420394313,0.897101971565
4.713,4713.0,0.001,0.0375000000001,,4.19323557184e-54,1.79386862232,0.89693431116
4.714,4714.0,0.001,0.0375000000001,,4.11866131383e-54,1.79353013171,0.896765065855
4.715,4715.0,0.000999999999999,0.0375,,4.04559745589e-54,1.79318847469,0.896594237345
4.716,4716.0,0.001,0.0375000000001,,3.97401067497e-54,1.79284365462,0.89642182731
4.7170000000000005,4717.0,0.001,0.0375000000001,,3.90386843478e-54,1.79249567492,0.89624783746
4.718,4718.0,0.000999999999999,0.0375,,3.83513896612e-54,1.79214453899,0.896072269495
4.719,4719.0,0.001,0.0375000000001,,3.76779124779e-54,1.79179025026,0.89589512513
4.72,4720.0,0.000999999999999,0.0375,,3.70179498793e-54,1.79143281218,0.89571640609
4.721,4721.0,0.001,0.0375000000001,,3.63712060587e-54,1.7910722282,0.8955361141
4.722,4722.0,0.001,0.0375000000001,,3.57373921452e-54,1.7907085018,0.8953542509
4.723,4723.0,0.000999999999999,0.0375,,3.51162260308e-54,1.79034163645,0.895170818225
4.724,4724.0,0.001,0.0375000000001,,3.45074322037e-54,1.78997163568,0.89498581784
4.7250000000000005,4725.0,0.001,0.0375000000001,,3.3910741584e-54,1.78959850298,0.89479925149
4.726,4726.0,0.000999999999999,0.0375,,3.33258913659e-54,1.78922224189,0.894611120945
4.727,4727.0,0.001,0.0375000000001,,3.27526248618e-54,1.78884285597,0.894421427985
4.728,4728.0,0.000999999999999,0.0375,,3.21906913521e-54,1.78846034876,0.89423017438
4.729,4729.0,0.001,0.0375000000001,,3.16398459379e-54,1.78807472385,0.894037361925
4.73,4730.0,0.001,0.0375000000001,,3.1099849398e-54,1.78768598482,0.89384299241
4.731,4731.0,0.000999999999999,0.0375,,3.05704680497e-54,1.78729413527,0.893647067635
4.732,4732.0,0.001,0.0375000000001,,3.00514736122e-54,1.78689917884,0.89344958942
4.7330000000000005,4733.0,0.001,0.0375000000001,,2.95426430751e-54,1.78650111913,0.893250559565
4.734,4734.0,0.000999999999999,0.0375,,2.9043758569e-54,1.78609995982,0.89304997991
4.735,4735.0,0.001,0.0375000000001,,2.855460724e-54,1.78569570454,0.89284785227
4.736,4736.0,0.000999999999999,0.0375,,2.80749811271e-54,1.78528835699,0.892644178495
4.737,4737.0,0.001,0.0375000000001,,2.76046770432e-54,1.78487792084,0.89243896042
4.738,4738.0,0.001,0.0375000000001,,2.71434964589e-54,1.78446439981,0.892232199905
4.739,4739.0,0.000999999999999,0.0375,,2.6691245389e-54,1.78404779761,0.892023898805
4.74,4740.0,0.001,0.0375000000001,,2.62477342824e-54,1.78362811796,0.89181405898
4.741,4741.0,0.000999999999999,0.0375,,2.58127779146e-54,1.78320536462,0.89160268231
4.742,4742.0,0.001,0.0375000000001,,2.53861952826e-54,1.78277954135,0.891389770675
4.743,4743.0,0.001,0.0375000000001,,2.49678095032e-54,1.78235065191,0.891175325955
4.744,4744.0,0.000999999999999,0.0375,,2.45574477133e-54,1.7819187001,0.89095935005
4.745,4745.0,0.001,0.0375000000001,,2.41549409729e-54,1.78148368971,0.890741844855
4.746,4746.0,0.001,0.0375000000001,,2.37601241706e-54,1.78104562456,0.89052281228
4.747,4747.0,0.000999999999999,0.0375,,2.33728359314e-54,1.78060450848,0.89030225424
4.748,4748.0,0.001,0.0375000000001,,2.29929185271e-54,1.78016034531,0.890080172655
4.749,4749.0,0.000999999999999,0.0375,,2.26202177888e-54,1.7797131389,0.88985656945
4.75,4750.0,0.001,0.0375000000001,,2.22545830211e-54,1.77926289312,0.88963144656
4.751,4751.0,0.001,0.0375000000001,,2.18958669197e-54,1.77880961186,0.88940480593
4.752,4752.0,0.000999999999999,0.0375,,2.15439254897e-54,1.77835329901,0.889176649505
4.753,4753.0,0.001,0.0375000000001,,2.11986179669e-54,1.77789395847,0.888946979235
4.7540000000000004,4754.0,0.001,0.0375000000001,,2.08598067406e-54,1.77743159418,0.88871579709
4.755,4755.0,0.000999999999999,0.0375,,2.05273572789e-54,1.77696621006,0.88848310503
4.756,4756.0,0.001,0.0375000000001,,2.02011380548e-54,1.77681675996,0.88840837998
4.757,4757.0,0.000999999999999,0.0375,,1.98810204754e-54,1.77672894312,0.88836447156
4.758,4758.0,0.001,0.0375000000001,,1.95668788121e-54,1.77663791788,0.88831895894
4.759,4759.0,0.001,0.0375000000001,,1.92585901327e-54,1.77654368624,0.88827184312
4.76,4760.0,0.000999999999999,0.0375,,1.89560342354e-54,1.7764462502,0.8882231251
4.761,4761.0,0.001,0.0375000000001,,1.8659093584e-54,1.77634561178,0.88817280589
4.7620000000000005,4762.0,0.001,0.0375000000001,,1.83676532453e-54,1.77624177302,0.88812088651
4.763,4763.0,0.000999999999999,0.0375,,1.80816008276e-54,1.77613473597,0.888067367985
4.764,4764.0,0.001,0.0375000000001,,1.78008264209e-54,1.7760245027,0.88801225135
4.765,4765.0,0.000999999999999,0.0375,,1.75252225388e-54,1.77591107529,0.887955537645
4.766,4766.0,0.001,0.0375000000001,,1.7254684061e-54,1.77579445586,0.88789722793
4.767,4767.0,0.001,0.0375000000001,,1.69891081787e-54,1.77567464651,0.887837323255
4.768,4768.0,0.000999999999999,0.0375,,1.67283943395e-54,1.77555164939,0.887775824695
4.769,4769.0,0.001,0.0375000000001,,1.64724441957e-54,1.77542546664,0.88771273332
4.7700000000000005,4770.0,0.001,0.0375000000001,,1.62211615519e-54,1.77529610043,0.887648050215
4.771,4771.0,0.000999999999999,0.0375,,1.59744523154e-54,1.77516355295,0.887581776475
4.772,4772.0,0.001,0.0375000000001,,1.57322244468e-54,1.77502782639,0.887513913195
4.773,4773.0,0.000999999999999,0.0375,,1.54943879127e-54,1.77488892297,0.887444461485
4.774,4774.0,0.001,0.0375000000001,,1.52608546389e-54,1.77474684492,0.88737342246
4.775,4775.0,0.001,0.0375000000001,,1.50315384646e-54,1.7746015945,0.88730079725
4.776,4776.0,0.000999999999999,0.0375,,1.48063550988e-54,1.77445317396,0.88722658698
4.777,4777.0,0.001,0.0375000000001,,1.45852220764e-54,1.77430158558,0.88715079279
4.7780000000000005,4778.0,0.001,0.0375000000001,,1.43680587164e-54,1.77414683166,0.88707341583
4.779,4779.0,0.000999999999999,0.0375,,1.41547860804e-54,1.77398891452,0.88699445726
4.78,4780.0,0.001,0.0375000000001,,1.3945326933e-54,1.77382783647,0.886913918235
4.781,4781.0,0.000999999999999,0.0375,,1.37396057019e-54,1.77366359987,0.886831799935
4.782,4782.0,0.001,0.0375000000001,,1.35375484402e-54,1.77349620707,0.886748103535
4.783,4783.0,0.001,0.0375000000001,,1.3339082789e-54,1.77332566044,0.88666283022
4.784,4784.0,0.000999999999999,0.0375,,1.31441379407e-54,1.77315196238,0.88657598119
4.785,4785.0,0.001,0.0375000000001,,1.2952644604e-54,1.7729751153,0.88648755765
4.7860000000000005,4786.0,0.001,0.0375000000001,,1.27645349688e-54,1.77279512161,0.886397560805
4.787,4787.0,0.000999999999999,0.0375,,1.25797426727e-54,1.77261198376,0.88630599188
4.788,4788.0,0.001,0.0375000000001,,1.23982027676e-54,1.77242570419,0.886212852095
4.789,4789.0,0.000999999999999,0.0375,,1.2219851688e-54,1.77223628538,0.88611814269
4.79,4790.0,0.001,0.0375000000001,,1.20446272193e-54,1.77204372981,0.886021864905
4.791,4791.0,0.001,0.0375000000001,,1.18724684669e-54,1.77184803998,0.88592401999
4.792,4792.0,0.000999999999999,0.0375,,1.17033158268e-54,1.7716492184,0.8858246092
4.793,4793.0,0.001,0.0375000000001,,1.15371109559e-54,1.77144726761,0.885723633805
4.7940000000000005,4794.0,0.001,0.0375000000001,,1.13737967438e-54,1.77124219015,0.885621095075
4.795,4795.0,0.000999999999999,0.0375,,1.12133172848e-54,1.77103398859,0.885516994295
4.796,4796.0,0.001,0.0375000000001,,1.10556178507e-54,1.7708226655,0.88541133275
4.797,4797.0,0.000999999999999,0.0375,,1.09006448644e-54,1.77060822347,0.885304111735
4.798,4798.0,0.001,0.0375000000001,,1.07483458739e-54,1.77039066511,0.885195332555
4.799,4799.0,0.001,0.0375000000001,,1.05986695272e-54,1.77016999305,0.885084996525
4.8,4800.0,0.000999999999999,0.0375,,1.04515655475e-54,1.76994620991,0.884973104955
4.801,4801.0,0.001,0.0375000000001,,1.03069847089e-54,1.76971931836,0.88485965918
4.8020000000000005,4802.0,0.001,0.0375000000001,,1.01648788133e-54,1.76948932106,0.88474466053
4.803,4803.0,0.000999999999999,0.0375,,1.00252006673e-54,1.7692562207,0.88462811035
4.804,4804.0,0.001,0.0375000000001,,9.8879040596e-55,1.76902001997,0.884510009985
4.805,4805.0,0.000999999999999,0.0375,,9.75294373933e-55,1.76878072159,0.884390360795
4.806,4806.0,0.001,0.0375000000001,,9.62027539457e-55,1.76853832828,0.88426916414
4.807,4807.0,0.001,0.0375000000001,,9.48985563157e-55,1.76829284278,0.88414642139
4.808,4808.0,0.000999999999999,0.0375,,9.36164195429e-55,1.76804426787,0.884022133935
4.809,4809.0,0.001,0.0375000000001,,9.23559274457e-55,1.7677926063,0.88389630315
4.8100000000000005,4810.0,0.001,0.0375000000001,,9.11166724268e-55,1.76753786086,0.88376893043
4.811,4811.0,0.000999999999999,0.0375,,8.98982552837e-55,1.76728003437,0.883640017185
4.812,4812.0,0.001,0.0375000000001,,8.8700285023e-55,1.76701912963,0.883509564815
4.813,4813.0,0.000999999999999,0.0375,,8.752237868e-55,1.76675514948,0.88337757474
4.814,4814.0,0.001,0.0375000000001,,8.63641611419e-55,1.76648809676,0.88324404838
4.815,4815.0,0.001,0.0375000000001,,8.52252649749e-55,1.76621797434,0.88310898717
4.816,4816.0,0.000999999999999,0.0375,,8.41053302562e-55,1.76594478509,0.882972392545
4.817,4817.0,0.001,0.0375000000001,,8.30040044089e-55,1.7656685319,0.88283426595
4.8180000000000005,4818.0,0.001,0.0375000000001,,8.19209420415e-55,1.76538921767,0.882694608835
4.819,4819.0,0.000999999999999,0.0375,,8.08558047909e-55,1.76510684534,0.88255342267
4.82,4820.0,0.001,0.0375000000001,,7.98082611688e-55,1.76482141782,0.88241070891
4.821,4821.0,0.000999999999999,0.0375,,7.8777986412e-55,1.76453293807,0.882266469035
4.822,4822.0,0.001,0.0375000000001,,7.77646623359e-55,1.76424140905,0.882120704525
4.823,4823.0,0.001,0.0375000000001,,7.67679771917e-55,1.76394683373,0.881973416865
4.824,4824.0,0.000999999999999,0.0375,,7.57876255266e-55,1.76364921512,0.88182460756
4.825,4825.0,0.001,0.0375000000001,,7.48233080472e-55,1.76334855621,0.881674278105
4.8260000000000005,4826.0,0.001,0.0375000000001,,7.38747314866e-55,1.76304486003,0.881522430015
4.827,4827.0,0.000999999999999,0.0375,,7.29416084735e-55,1.7627381296,0.8813690648
4.828,4828.0,0.001,0.0375000000001,,7.20236574056e-55,1.76242836798,0.88121418399
4.829,4829.0,0.000999999999999,0.0375,,7.11206023249e-55,1.76211557822,0.88105778911
4.83,4830.0,0.001,0.0375000000001,,7.02321727961e-55,1.76179976341,0.880899881705
4.831,4831.0,0.001,0.0375000000001,,6.93581037882e-55,1.76148092664,0.88074046332
4.832,4832.0,0.000999999999999,0.0375,,6.84981355583e-55,1.76115907101,0.880579535505
4.833,4833.0,0.001,0.0375000000001,,6.76520135383e-55,1.76083419963,0.880417099815
4.8340000000000005,4834.0,0.001,0.0375000000001,,6.68194882242e-55,1.76050631565,0.880253157825
4.835,4835.0,0.000999999999999,0.0375,,6.60003150678e-55,1.7601754222,0.8800877111
4.836,4836.0,0.001,0.0375000000001,,6.51942543707e-55,1.75984152244,0.87992076122
4.837,4837.0,0.000999999999999,0.0375,,6.44010711815e-55,1.75950461956,0.87975230978
4.838,4838.0,0.001,0.0375000000001,,6.36205351942e-55,1.75916471673,0.879582358365
4.839,4839.0,0.001,0.0375000000001,,6.28524206496e-55,1.75882181717,0.879410908585
4.84,4840.0,0.000999999999999,0.0375,,6.20965062391e-55,1.75847592407,0.879237962035
4.841,4841.0,0.001,0.0375000000001,,6.13525750098e-55,1.75812704068,0.87906352034
4.8420000000000005,4842.0,0.001,0.0375000000001,,6.0620414273e-55,1.75777517024,0.87888758512
4.843,4843.0,0.000999999999999,0.0375,,5.98998155136e-55,1.75742031599,0.878710157995
4.844,4844.0,0.001,0.0375000000001,,5.9190574302e-55,1.75706248122,0.87853124061
4.845,4845.0,0.000999999999999,0.0375,,5.84924902084e-55,1.75670166919,0.878350834595
4.846,4846.0,0.001,0.0375000000001,,5.7805366718e-55,1.75633788322,0.87816894161
4.847,4847.0,0.001,0.0375000000001,,5.71290111496e-55,1.7559711266,0.8779855633
4.848,4848.0,0.000999999999999,0.0375,,5.64632345741e-55,1.75560140267,0.877800701335
4.849,4849.0,0.001,0.0375000000001,,5.58078517368e-55,1.75522871475,0.877614357375
4.8500000000000005,4850.0,0.001,0.0375000000001,,5.516268098e-55,1.75485306621,0.877426533105
4.851,4851.0,0.000999999999999,0.0375,,5.4527544168e-55,1.75447446039,0.877237230195
4.852,4852.0,0.001,0.0375000000001,,5.39022666133e-55,1.75409290068,0.87704645034
4.853,4853.0,0.000999999999999,0.0375,,5.32866770056e-55,1.75370839047,0.876854195235
4.854,4854.0,0.001,0.0375000000001,,5.26806073403e-55,1.75332093316,0.87666046658
4.855,4855.0,0.001,0.0375000000001,,5.2083892851e-55,1.75293053216,0.87646526608
4.856,4856.0,0.000999999999999,0.0375,,5.14963719416e-55,1.7525371909,0.87626859545
4.857,4857.0,0.001,0.0375000000001,,5.09178861208e-55,1.75214091283,0.876070456415
4.8580000000000005,4858.0,0.001,0.0375000000001,,5.03482799379e-55,1.75174170141,0.875870850705
4.859,4859.0,0.000999999999999,0.0375,,4.978740092e-55,1.75133956008,0.87566978004
4.86,4860.0,0.001,0.0375000000001,,4.92350995108e-55,1.75093449235,0.875467246175
4.861,4861.0,0.000999999999999,0.0375,,4.86912290099e-55,1.7505265017,0.87526325085
4.862,4862.0,0.001,0.0375000000001,,4.81556455147e-55,1.75011559163,0.875057795815
4.863,4863.0,0.001,0.0375000000001,,4.76282078626e-55,1.74970176567,0.874850882835
4.864,4864.0,0.000999999999999,0.0375,,4.71087775751e-55,1.74928502735,0.874642513675
4.865,4865.0,0.001,0.0375000000001,,4.65972188024e-55,1.74886538022,0.87443269011
4.866,4866.0,0.000999999999999,0.0375,,4.609339827e-55,1.74844282782,0.87422141391
4.867,4867.0,0.001,0.0375000000001,,4.55971852261e-55,1.74801737373,0.874008686865
4.868,4868.0,0.001,0.0375000000001,,4.510845139e-55,1.74758902154,0.87379451077
4.869,4869.0,0.000999999999999,0.0375,,4.46270709018e-55,1.74715777483,0.873578887415
4.87,4870.0,0.001,0.0375000000001,,4.41529202735e-55,1.74672363721,0.873361818605
4.871,4871.0,0.001,0.0375000000001,,4.36858783404e-55,1.74628661231,0.873143306155
4.872,4872.0,0.000999999999999,0.0375,,4.32258262144e-55,1.74584670375,0.872923351875
4.873,4873.0,0.001,0.0375000000001,,4.27726472376e-55,1.74540391519,0.872701957595
4.874,4874.0,0.000999999999999,0.0375,,4.23262269375e-55,1.74495825027,0.872479125135
4.875,4875.0,0.001,0.0375000000001,,4.18864529829e-55,1.74450971267,0.872254856335
4.876,4876.0,0.001,0.0375000000001,,4.14532151404e-55,1.74405830606,0.87202915303
4.877,4877.0,0.000999999999999,0.0375,,4.10264052328e-55,1.74360403415,0.871802017075
4.878,4878.0,0.001,0.0375000000001,,4.0605917097e-55,1.74314690063,0.871573450315
4.8790000000000004,4879.0,0.001,0.0375000000001,,4.01916465445e-55,1.74268690923,0.871343454615
4.88,4880.0,0.000999999999999,0.0375,,3.97834913211e-55,1.74222406367,0.871112031835
4.881,4881.0,0.001,0.0375000000001,,3.93813510688e-55,1.7417583677,0.87087918385
4.882,4882.0,0.000999999999999,0.0375,,3.89851272872e-55,1.74128982507,0.870644912535
4.883,4883.0,0.001,0.0375000000001,,3.85947232975e-55,1.74081843954,0.87040921977
4.884,4884.0,0.001,0.0375000000001,,3.82100442053e-55,1.7403442149,0.87017210745
4.885,4885.0,0.000999999999999,0.0375,,3.78309968654e-55,1.73986715493,0.869933577465
4.886,4886.0,0.001,0.0375000000001,,3.74574898476e-55,1.73938726344,0.86969363172
4.8870000000000005,4887.0,0.001,0.0375000000001,,3.70894334019e-55,1.73890454424,0.86945227212
4.888,4888.0,0.000999999999999,0.0375,,3.67267394259e-55,1.73841900115,0.869209500575
4.889,4889.0,0.001,0.0375000000001,,3.63693214317e-55,1.73793063801,0.868965319005
4.89,4890.0,0.000999999999999,0.0375,,3.60170945147e-55,1.73743945867,0.868719729335
4.891,4891.0,0.001,0.0375000000001,,3.56699753217e-55,1.73694546699,0.868472733495
4.892,4892.0,0.001,0.0375000000001,,3.53278820212e-55,1.73644866684,0.86822433342
4.893,4893.0,0.000999999999999,0.0375,,3.49907342727e-55,1.7359490621,0.86797453105
4.894,4894.0,0.001,0.0375000000001,,3.46584531979e-55,1.73544665667,0.867723328335
4.8950000000000005,4895.0,0.001,0.0375000000001,,3.43309613523e-55,1.73494145446,0.86747072723
4.896,4896.0,0.000999999999999,0.0375,,3.40081826965e-55,1.73443345937,0.867216729685
4.897,4897.0,0.001,0.0375000000001,,3.36900425695e-55,1.73392267535,0.866961337675
4.898,4898.0,0.000999999999999,0.0375,,3.33764676615e-55,1.73340910633,0.866704553165
4.899,4899.0,0.001,0.0375000000001,,3.30673859874e-55,1.73289275626,0.86644637813
4.9,4900.0,0.001,0.0375000000001,,3.27627268617e-55,1.7323736291,0.86618681455
4.901,4901.0,0.000999999999999,0.0375,,3.24624208727e-55,1.73185172883,0.865925864415
4.902,4902.0,0.001,0.0375000000001,,3.21663998581e-55,1.73132705944,0.86566352972
4.9030000000000005,4903.0,0.001,0.0375000000001,,3.18745968807e-55,1.73079962492,0.86539981246
4.904,4904.0,0.000999999999999,0.0375,,3.15869462052e-55,1.73026942927,0.865134714635
4.905,4905.0,0.001,0.0375000000001,,3.13033832744e-55,1.72973647652,0.86486823826
4.906,4906.0,0.000999999999999,0.0375,,3.10238446871e-55,1.72920077069,0.864600385345
4.907,4907.0,0.001,0.0375000000001,,3.07482681755e-55,1.72866231583,0.864331157915
4.908,4908.0,0.001,0.0375000000001,,3.04765925837e-55,1.72812111598,0.86406055799
4.909,4909.0,0.000999999999999,0.0375,,3.02087578463e-55,1.72757717521,0.863788587605
4.91,4910.0,0.001,0.0375000000001,,2.99447049678e-55,1.7270304976,0.8635152488
4.9110000000000005,4911.0,0.001,0.0375000000001,,2.96843760017e-55,1.72648108721,0.863240543605
4.912,4912.0,0.000999999999999,0.0375,,2.9427714031e-55,1.72592894815,0.862964474075
4.913,4913.0,0.001,0.0375000000001,,2.91746631484e-55,1.72537408452,0.86268704226
4.914,4914.0,0.000999999999999,0.0375,,2.89251684373e-55,1.72481650045,0.862408250225
4.915,4915.0,0.001,0.0375000000001,,2.86791759527e-55,1.72425620004,0.86212810002
4.916,4916.0,0.001,0.0375000000001,,2.84366327032e-55,1.72369318745,0.861846593725
4.917,4917.0,0.000999999999999,0.0375,,2.81974866326e-55,1.72312746681,0.861563733405
4.918,4918.0,0.001,0.0375000000001,,2.79616866026e-55,1.72289372286,0.86144686143
4.9190000000000005,4919.0,0.001,0.0375000000001,,2.77291823755e-55,1.72265756235,0.861328781175
4.92,4920.0,0.000999999999999,0.0375,,2.7499924597e-55,1.72241840165,0.861209200825
4.921,4921.0,0.001,0.0375000000001,,2.72738647798e-55,1.7221762434,0.8610881217
4.922,4922.0,0.000999999999999,0.0375,,2.70509552875e-55,1.72193109023,0.860965545115
4.923,4923.0,0.001,0.0375000000001,,2.68311493185e-55,1.7216829448,0.8608414724
4.924,4924.0,0.001,0.0375000000001,,2.66144008905e-55,1.72143180975,0.860715904875
4.925,4925.0,0.000999999999999,0.0375,,2.6400664825e-55,1.72117768779,0.860588843895
4.926,4926.0,0.001,0.0375000000001,,2.61898967329e-55,1.72092058159,0.860460290795
4.9270000000000005,4927.0,0.001,0.0375000000001,,2.59820529994e-55,1.72066049387,0.860330246935
4.928,4928.0,0.000999999999999,0.0375,,2.57770907698e-55,1.72039742735,0.860198713675
4.929,4929.0,0.001,0.0375000000001,,2.55749679352e-55,1.72013138476,0.86006569238
4.93,4930.0,0.000999999999999,0.0375,,2.53756431193e-55,1.71986236886,0.85993118443
4.931,4931.0,0.001,0.0375000000001,,2.51790756643e-55,1.71959038242,0.85979519121
4.932,4932.0,0.001,0.0375000000001,,2.49852256181e-55,1.7193154282,0.8596577141
4.933,4933.0,0.000999999999999,0.0375,,2.47940537209e-55,1.71903750901,0.859518754505
4.934,4934.0,0.001,0.0375000000001,,2.46055213932e-55,1.71875662765,0.859378313825
4.9350000000000005,4935.0,0.001,0.0375000000001,,2.44195907227e-55,1.71847278695,0.859236393475
4.936,4936.0,0.000999999999999,0.0375,,2.42362244523e-55,1.71818598973,0.859092994865
4.937,4937.0,0.001,0.0375000000001,,2.40553859685e-55,1.71789623884,0.85894811942
4.938,4938.0,0.000999999999999,0.0375,,2.38770392892e-55,1.71760353716,0.85880176858
4.939,4939.0,0.001,0.0375000000001,,2.37011490525e-55,1.71730788755,0.858653943775
4.94,4940.0,0.001,0.0375000000001,,2.35276805056e-55,1.71700929291,0.858504646455
4.941,4941.0,0.000999999999999,0.0375,,2.33565994935e-55,1.71670775614,0.85835387807
4.942,4942.0,0.001,0.0375000000001,,2.31878724482e-55,1.71640328016,0.85820164008
4.9430000000000005,4943.0,0.001,0.0375000000001,,2.30214663786e-55,1.7160958679,0.85804793395
4.944,4944.0,0.000999999999999,0.0375,,2.28573488595e-55,1.7157855223,0.85789276115
4.945,4945.0,0.001,0.0375000000001,,2.2695488022e-55,1.71547224634,0.85773612317
4.946,4946.0,0.000999999999999,0.0375,,2.25358525432e-55,1.71515604297,0.857578021485
4.947,4947.0,0.001,0.0375000000001,,2.23784116363e-55,1.71483691518,0.85741845759
4.948,4948.0,0.001,0.0375000000001,,2.22231350418e-55,1.71451486598,0.85725743299
4.949,4949.0,0.000999999999999,0.0375,,2.20699930172e-55,1.71418989838,0.85709494919
4.95,4950.0,0.001,0.0375000000001,,2.19189563284e-55,1.71386201541,0.856931007705
4.9510000000000005,4951.0,0.001,0.0375000000001,,2.17699962405e-55,1.7135312201,0.85676561005
4.952,4952.0,0.000999999999999,0.0375,,2.16230845091e-55,1.71319751551,0.856598757755
4.953,4953.0,0.001,0.0375000000001,,2.14781933716e-55,1.7128609047,0.85643045235
4.954,4954.0,0.000999999999999,0.0375,,2.13352955385e-55,1.71252139077,0.856260695385
4.955,4955.0,0.001,0.0375000000001,,2.11943641855e-55,1.71217897679,0.856089488395
4.956,4956.0,0.001,0.0375000000001,,2.10553729451e-55,1.71183366588,0.85591683294
4.957,4957.0,0.000999999999999,0.0375,,2.09182958987e-55,1.71148546116,0.85574273058
4.958,4958.0,0.001,0.0375000000001,,2.07831075685e-55,1.71113436575,0.855567182875
4.9590000000000005,4959.0,0.001,0.0375000000001,,2.06497829105e-55,1.71078038282,0.85539019141
4.96,4960.0,0.000999999999999,0.0375,,2.05182973062e-55,1.71042351551,0.855211757755
4.961,4961.0,0.001,0.0375000000001,,2.03886265559e-55,1.710063767,0.8550318835
4.962,4962.0,0.000999999999999,0.0375,,2.02607468709e-55,1.70970114047,0.854850570235
4.963,4963.0,0.001,0.0375000000001,,2.01346348669e-55,1.70933563913,0.854667819565
4.964,4964.0,0.001,0.0375000000001,,2.00102675567e-55,1.70896726618,0.85448363309
4.965,4965.0,0.000999999999999,0.0375,,1.98876223436e-55,1.70859602485,0.854298012425
4.966,4966.0,0.001,0.0375000000001,,1.97666770147e-55,1.70822191838,0.85411095919
4.9670000000000005,4967.0,0.001,0.0375000000001,,1.96474097343e-55,1.70784495001,0.853922475005
4.968,4968.0,0.000999999999999,0.0375,,1.95297990375e-55,1.70746512302,0.85373256151
4.969,4969.0,0.001,0.0375000000001,,1.94138238241e-55,1.70708244066,0.85354122033
4.97,4970.0,0.000999999999999,0.0375,,1.92994633519e-55,1.70669690624,0.85334845312
4.971,4971.0,0.001,0.0375000000001,,1.91866972315e-55,1.70630852306,0.85315426153
4.972,4972.0,0.001,0.0375000000001,,1.90755054195e-55,1.70591729442,0.85295864721
4.973,4973.0,0.000999999999999,0.0375,,1.89658682134e-55,1.70552322365,0.852761611825
4.974,4974.0,0.001,0.0375000000001,,1.88577662455e-55,1.7051263141,0.85256315705
4.9750000000000005,4975.0,0.001,0.0375000000001,,1.87511804772e-55,1.70472656911,0.852363284555
4.976,4976.0,0.000999999999999,0.0375,,1.86460921942e-55,1.70432399205,0.852161996025
4.977,4977.0,0.001,0.0375000000001,,1.85424830003e-55,1.7039185863,0.85195929315
4.978,4978.0,0.000999999999999,0.0375,,1.84403348128e-55,1.70351035524,0.85175517762
4.979,4979.0,0.001,0.0375000000001,,1.83396298569e-55,1.70309930227,0.851549651135
4.98,4980.0,0.001,0.0375000000001,,1.82403506608e-55,1.70268543081,0.851342715405
4.981,4981.0,0.000999999999999,0.0375,,1.8142480051e-55,1.70226874428,0.85113437214
4.982,4982.0,0.001,0.0375000000001,,1.8046001147e-55,1.70184924612,0.85092462306
4.9830000000000005,4983.0,0.001,0.0375000000001,,1.79508973567e-55,1.70142693979,0.850713469895
4.984,4984.0,0.000999999999999,0.0375,,1.7857152372e-55,1.70100182873,0.850500914365
4.985,4985.0,0.001,0.0375000000001,,1.77647501637e-55,1.70057391644,0.85028695822
4.986,4986.0,0.000999999999999,0.0375,,1.76736749775e-55,1.70014320639,0.850071603195
4.987,4987.0,0.001,0.0375000000001,,1.75839113293e-55,1.69970970208,0.84985485104
4.988,4988.0,0.001,0.0375000000001,,1.74954440011e-55,1.69927340702,0.84963670351
4.989,4989.0,0.000999999999999,0.0375,,1.74082580365e-55,1.69883432475,0.849417162375
4.99,4990.0,0.001,0.0375000000001,,1.73223387369e-55,1.69839245878,0.84919622939
4.9910000000000005,4991.0,0.001,0.0375000000001,,1.72376716571e-55,1.69794781267,0.848973906335
4.992,4992.0,0.000999999999999,0.0375,,1.71542426013e-55,1.69750038997,0.848750194985
4.993,4993.0,0.001,0.0375000000001,,1.70720376198e-55,1.69705019426,0.84852509713
4.994,4994.0,0.000999999999999,0.0375,,1.69910430043e-55,1.69659722912,0.84829861456
4.995,4995.0,0.001,0.0375000000001,,1.69112452847e-55,1.69614149814,0.84807074907
4.996,4996.0,0.001,0.0375000000001,,1.68326312254e-55,1.69568300493,0.847841502465
4.997,4997.0,0.000999999999999,0.0375,,1.67551878214e-55,1.6952217531,0.84761087655
4.998,4998.0,0.001,0.0375000000001,,1.6678902295e-55,1.69475774628,0.84737887314
4.999,4999.0,0.000999999999999,0.0375,,1.66037620924e-55,1.69429098811,0.847145494055
5.0,5000.0,0.001,0.0375000000001,,1.65297548798e-55,1.69382148225,0.846910741125
5.001,5001.0,0.001,0.0375000000001,,1.6456868541e-55,1.69334923235,0.846674616175
5.002,5002.0,0.000999999999999,0.0375,,1.63850911731e-55,1.6928742421,0.84643712105
5.003,5003.0,0.001,0.0375000000001,,1.63144110839e-55,1.69239651517,0.846198257585
5.0040000000000004,5004.0,0.001,0.0375000000001,,1.62448167889e-55,1.69191605527,0.845958027635
5.005,5005.0,0.000999999999999,0.0375,,1.61762970076e-55,1.69143286611,0.845716433055
5.006,5006.0,0.001,0.0375000000001,,1.61088406612e-55,1.6909469514,0.8454734757
5.007,5007.0,0.000999999999999,0.0375,,1.60424368689e-55,1.69045831487,0.845229157435
5.008,5008.0,0.001,0.0375000000001,,1.59770749459e-55,1.68996696028,0.84498348014
5.009,5009.0,0.001,0.0375000000001,,1.59127443997e-55,1.68947289136,0.84473644568
5.01,5010.0,0.000999999999999,0.0375,,1.58494349278e-55,1.6889761119,0.84448805595
5.011,5011.0,0.001,0.0375000000001,,1.57871364151e-55,1.68847662565,0.844238312825
5.0120000000000005,5012.0,0.001,0.0375000000001,,1.57258389307e-55,1.68797443642,0.84398721821
5.013,5013.0,0.000999999999999,0.0375,,1.56655327258e-55,1.687469548,0.843734774
5.014,5014.0,0.001,0.0375000000001,,1.56062082309e-55,1.68696196419,0.843480982095
5.015,5015.0,0.000999999999999,0.0375,,1.55478560534e-55,1.68645168882,0.84322584441
5.016,5016.0,0.001,0.0375000000001,,1.5490466975e-55,1.68593872573,0.842969362865
5.017,5017.0,0.001,0.0375000000001,,1.54340319495e-55,1.68542307874,0.84271153937
5.018,5018.0,0.000999999999999,0.0375,,1.53785421003e-55,1.68490475171,0.842452375855
5.019,5019.0,0.001,0.0375000000001,,1.53239887179e-55,1.68438374852,0.84219187426
5.0200000000000005,5020.0,0.001,0.0375000000001,,1.52703632583e-55,1.68386007302,0.84193003651
5.021,5021.0,0.000999999999999,0.0375,,1.52176573401e-55,1.68333372911,0.841666864555
5.022,5022.0,0.001,0.0375000000001,,1.51658627425e-55,1.68280472068,0.84140236034
5.023,5023.0,0.000999999999999,0.0375,,1.51149714036e-55,1.68227305163,0.841136525815
5.024,5024.0,0.001,0.0375000000001,,1.50649754177e-55,1.68173872589,0.840869362945
5.025,5025.0,0.001,0.0375000000001,,1.50158670337e-55,1.68120174739,0.840600873695
5.026,5026.0,0.000999999999999,0.0375,,1.49676386531e-55,1.68066212005,0.840331060025
5.027,5027.0,0.001,0.0375000000001,,1.49202828278e-55,1.68011984782,0.84005992391
5.0280000000000005,5028.0,0.001,0.0375000000001,,1.48737922583e-55,1.67957493468,0.83978746734
5.029,5029.0,0.000999999999999,0.0375,,1.48281597921e-55,1.67902738457,0.839513692285
5.03,5030.0,0.001,0.0375000000001,,1.47833784216e-55,1.67847720149,0.839238600745
5.031,5031.0,0.000999999999999,0.0375,,1.47394412821e-55,1.67792438943,0.838962194715
5.032,5032.0,0.001,0.0375000000001,,1.46963416508e-55,1.67736895237,0.838684476185
5.033,5033.0,0.001,0.0375000000001,,1.46540729444e-55,1.67681089434,0.83840544717
5.034,5034.0,0.000999999999999,0.0375,,1.46126287178e-55,1.67625021935,0.838125109675
5.035,5035.0,0.001,0.0375000000001,,1.45720026621e-55,1.67568693143,0.837843465715
5.0360000000000005,5036.0,0.001,0.0375000000001,,1.45321886035e-55,1.67512103463,0.837560517315
5.037,5037.0,0.000999999999999,0.0375,,1.44931805016e-55,1.67455253299,0.837276266495
5.038,5038.0,0.001,0.0375000000001,,1.44549724475e-55,1.67398143057,0.836990715285
5.039,5039.0,0.000999999999999,0.0375,,1.4417558663e-55,1.67340773144,0.83670386572
5.04,5040.0,0.001,0.0375000000001,,1.43809334984e-55,1.67283143969,0.836415719845
5.041,5041.0,0.001,0.0375000000001,,1.43450914318e-55,1.67225255941,0.836126279705
5.042,5042.0,0.000999999999999,0.0375,,1.43100270671e-55,1.67167109469,0.835835547345
5.043,5043.0,0.001,0.0375000000001,,1.42757351331e-55,1.67108704964,0.83554352482
5.0440000000000005,5044.0,0.001,0.0375000000001,,1.42422104821e-55,1.67050042838,0.83525021419
5.045,5045.0,0.000999999999999,0.0375,,1.42094480883e-55,1.66991123505,0.834955617525
5.046,5046.0,0.001,0.0375000000001,,1.41774430471e-55,1.66966071683,0.834830358415
5.047,5047.0,0.000999999999999,0.0375,,1.41461905733e-55,1.66959250384,0.83479625192
5.048,5048.0,0.001,0.0375000000001,,1.41156860005e-55,1.66952132036,0.83476066018
5.049,5049.0,0.001,0.0375000000001,,1.40859247795e-55,1.66944716804,0.83472358402
5.05,5050.0,0.000999999999999,0.0375,,1.40569024773e-55,1.66937004856,0.83468502428
5.051,5051.0,0.001,0.0375000000001,,1.4028614776e-55,1.66928996361,0.834644981805
5.0520000000000005,5052.0,0.001,0.0375000000001,,1.40010574719e-55,1.66920691488,0.83460345744
5.053,5053.0,0.000999999999999,0.0375,,1.39742264744e-55,1.6691209041,0.83456045205
5.054,5054.0,0.001,0.0375000000001,,1.39481178047e-55,1.66903193301,0.834515966505
5.055,5055.0,0.000999999999999,0.0375,,1.39227275952e-55,1.66894000335,0.834470001675
5.056,5056.0,0.001,0.0375000000001,,1.38980520884e-55,1.66884511689,0.834422558445
5.057,5057.0,0.001,0.0375000000001,,1.3874087636e-55,1.6687472754,0.8343736377
5.058,5058.0,0.000999999999999,0.0375,,1.38508306979e-55,1.66864648069,0.834323240345
5.059,5059.0,0.001,0.0375000000001,,1.38282778416e-55,1.66854273456,0.83427136728
5.0600000000000005,5060.0,0.001,0.0375000000001,,1.3806425741e-55,1.66843603884,0.83421801942
5.061,5061.0,0.000999999999999,0.0375,,1.37852711759e-55,1.66832639537,0.834163197685
5.062,5062.0,0.001,0.0375000000001,,1.37648110311e-55,1.668213806,0.834106903
5.063,5063.0,0.000999999999999,0.0375,,1.37450422955e-55,1.6680982726,0.8340491363
5.064,5064.0,0.001,0.0375000000001,,1.37259620617e-55,1.66797979706,0.83398989853
5.065,5065.0,0.001,0.0375000000001,,1.37075675249e-55,1.66785838128,0.83392919064
5.066,5066.0,0.000999999999999,0.0375,,1.36898559825e-55,1.66773402717,0.833867013585
5.067,5067.0,0.001,0.0375000000001,,1.36728248334e-55,1.66760673665,0.833803368325
5.0680000000000005,5068.0,0.001,0.0375000000001,,1.36564715772e-55,1.66747651168,0.83373825584
5.069,5069.0,0.000999999999999,0.0375,,1.36407938139e-55,1.66734335421,0.833671677105
5.07,5070.0,0.001,0.0375000000001,,1.36257892428e-55,1.66720726622,0.83360363311
5.071,5071.0,0.000999999999999,0.0375,,1.36114556626e-55,1.66706824969,0.833534124845
5.072,5072.0,0.001,0.0375000000001,,1.35977909703e-55,1.66692630662,0.83346315331
5.073,5073.0,0.001,0.0375000000001,,1.35847931612e-55,1.66678143904,0.83339071952
5.074,5074.0,0.000999999999999,0.0375,,1.35724603278e-55,1.66663364897,0.833316824485
5.075,5075.0,0.001,0.0375000000001,,1.356079066e-55,1.66648293846,0.83324146923
5.0760000000000005,5076.0,0.001,0.0375000000001,,1.3549782444e-55,1.66632930957,0.833164654785
5.077,5077.0,0.000999999999999,0.0375,,1.35394340625e-55,1.66617276438,0.83308638219
5.078,5078.0,0.001,0.0375000000001,,1.35297439939e-55,1.66601330498,0.83300665249
5.079,5079.0,0.000999999999999,0.0375,,1.3520710812e-55,1.66585093347,0.832925466735
5.08,5080.0,0.001,0.0375000000001,,1.35123331858e-55,1.66568565197,0.832842825985
5.081,5081.0,0.001,0.0375000000001,,1.35046098791e-55,1.66551746261,0.832758731305
5.082,5082.0,0.000999999999999,0.0375,,1.34975397501e-55,1.66534636755,0.832673183775
5.083,5083.0,0.001,0.0375000000001,,1.34911217513e-55,1.66517236893,0.832586184465
5.0840000000000005,5084.0,0.001,0.0375000000001,,1.34853549289e-55,1.66499546895,0.832497734475
5.085,5085.0,0.000999999999999,0.0375,,1.34802384232e-55,1.66481566978,0.83240783489
5.086,5086.0,0.001,0.0375000000001,,1.34757714677e-55,1.66463297364,0.83231648682
5.087,5087.0,0.000999999999999,0.0375,,1.34719533893e-55,1.66444738274,0.83222369137
5.088,5088.0,0.001,0.0375000000001,,1.3468783608e-55,1.66425889932,0.83212944966
5.089,5089.0,0.001,0.0375000000001,,1.34662616368e-55,1.66406752562,0.83203376281
5.09,5090.0,0.000999999999999,0.0375,,1.34643870817e-55,1.6638732639,0.83193663195
5.091,5091.0,0.001,0.0375000000001,,1.34631596413e-55,1.66367611644,0.83183805822
5.0920000000000005,5092.0,0.001,0.0375000000001,,1.3462579107e-55,1.66347608554,0.83173804277
5.093,5093.0,0.000999999999999,0.0375,,1.34626453628e-55,1.66327317348,0.83163658674
5.094,5094.0,0.001,0.0375000000001,,1.34633583853e-55,1.6630673826,0.8315336913
5.095,5095.0,0.000999999999999,0.0375,,1.34647182436e-55,1.66285871522,0.83142935761
5.096,5096.0,0.001,0.0375000000001,,1.34667250996e-55,1.66264717369,0.831323586845
5.097,5097.0,0.001,0.0375000000001,,1.34693792076e-55,1.66243276036,0.83121638018
5.098,5098.0,0.000999999999999,0.0375,,1.34726809147e-55,1.66221547762,0.83110773881
5.099,5099.0,0.001,0.0375000000001,,1.34766306608e-55,1.66199532784,0.83099766392
5.1000000000000005,5100.0,0.001,0.0375000000001,,1.34812289785e-55,1.66177231343,0.830886156715
5.101,5101.0,0.000999999999999,0.0375,,1.34864764934e-55,1.66154643681,0.830773218405
5.102,5102.0,0.001,0.0375000000001,,1.34923739244e-55,1.66131770039,0.830658850195
5.103,5103.0,0.000999999999999,0.0375,,1.34989220834e-55,1.66108610663,0.830543053315
5.104,5104.0,0.001,0.0375000000001,,1.35061218759e-55,1.66085165798,0.83042582899
5.105,5105.0,0.001,0.0375000000001,,1.3513974301e-55,1.66061435691,0.830307178455
5.106,5106.0,0.000999999999999,0.0375,,1.35224804518e-55,1.6603742059,0.83018710295
5.107,5107.0,0.001,0.0375000000001,,1.35316415154e-55,1.66013120745,0.830065603725
5.1080000000000005,5108.0,0.001,0.0375000000001,,1.35414587734e-55,1.65988536408,0.82994268204
5.109,5109.0,0.000999999999999,0.0375,,1.35519336022e-55,1.65963667829,0.829818339145
5.11,5110.0,0.001,0.0375000000001,,1.3563067473e-55,1.65938515264,0.82969257632
5.111,5111.0,0.000999999999999,0.0375,,1.35748619525e-55,1.65913078967,0.829565394835
5.112,5112.0,0.001,0.0375000000001,,1.35873187031e-55,1.65887359194,0.82943679597
5.113,5113.0,0.001,0.0375000000001,,1.36004394835e-55,1.65861356204,0.82930678102
5.114,5114.0,0.000999999999999,0.0375,,1.36142261487e-55,1.65835070256,0.82917535128
5.115,5115.0,0.001,0.0375000000001,,1.36286806508e-55,1.65808501609,0.829042508045
5.1160000000000005,5116.0,0.001,0.0375000000001,,1.36438050393e-55,1.65781650527,0.828908252635
5.117,5117.0,0.000999999999999,0.0375,,1.36596014616e-55,1.65754517271,0.828772586355
5.118,5118.0,0.001,0.0375000000001,,1.36760721635e-55,1.65727102107,0.828635510535
5.119,5119.0,0.000999999999999,0.0375,,1.36932194897e-55,1.65699405299,0.828497026495
5.12,5120.0,0.001,0.0375000000001,,1.37110458845e-55,1.65671427116,0.82835713558
5.121,5121.0,0.001,0.0375000000001,,1.37295538922e-55,1.65643167826,0.82821583913
5.122,5122.0,0.000999999999999,0.0375,,1.37487461578e-55,1.65614627697,0.828073138485
5.123,5123.0,0.001,0.0375000000001,,1.37686254275e-55,1.65585807002,0.82792903501
5.124,5124.0,0.000999999999999,0.0375,,1.37891945497e-55,1.65556706012,0.82778353006
5.125,5125.0,0.001,0.0375000000001,,1.3810456475e-55,1.65527325002,0.82763662501
5.126,5126.0,0.001,0.0375000000001,,1.38324142576e-55,1.65497664246,0.82748832123
5.127,5127.0,0.000999999999999,0.0375,,1.38550710558e-55,1.6546772402,0.8273386201
5.128,5128.0,0.001,0.0375000000001,,1.38784301326e-55,1.65437504601,0.827187523005
5.1290000000000004,5129.0,0.001,0.0375000000001,,1.39024948564e-55,1.6540700627,0.82703503135
5.13,5130.0,0.000999999999999,0.0375,,1.39272687023e-55,1.65376229305,0.826881146525
5.131,5131.0,0.001,0.0375000000001,,1.39527552523e-55,1.65345173988,0.82672586994
5.132,5132.0,0.000999999999999,0.0375,,1.39789581967e-55,1.65313840601,0.826569203005
5.133,5133.0,0.001,0.0375000000001,,1.40058813346e-55,1.6528222943,0.82641114715
5.134,5134.0,0.001,0.0375000000001,,1.4033528575e-55,1.65250340758,0.82625170379
5.135,5135.0,0.000999999999999,0.0375,,1.40619039376e-55,1.65218174872,0.82609087436
5.136,5136.0,0.001,0.0375000000001,,1.40910115541e-55,1.6518573206,0.8259286603
5.1370000000000005,5137.0,0.001,0.0375000000001,,1.41208556687e-55,1.6515301261,0.82576506305
5.138,5138.0,0.000999999999999,0.0375,,1.41514406394e-55,1.65120016814,0.82560008407
5.139,5139.0,0.001,0.0375000000001,,1.41827709393e-55,1.65086744963,0.825433724815
5.14,5140.0,0.000999999999999,0.0375,,1.4214851157e-55,1.65053197349,0.825265986745
5.141,5141.0,0.001,0.0375000000001,,1.42476859984e-55,1.65019374266,0.82509687133
5.142,5142.0,0.001,0.0375000000001,,1.42812802875e-55,1.64985276009,0.824926380045
5.143,5143.0,0.000999999999999,0.0375,,1.43156389675e-55,1.64950902876,0.82475451438
5.144,5144.0,0.001,0.0375000000001,,1.43507671023e-55,1.64916255163,0.824581275815
5.1450000000000005,5145.0,0.001,0.0375000000001,,1.43866698776e-55,1.6488133317,0.82440666585
5.146,5146.0,0.000999999999999,0.0375,,1.44233526018e-55,1.64846137196,0.82423068598
5.147,5147.0,0.001,0.0375000000001,,1.4460820708e-55,1.64810667544,0.82405333772
5.148,5148.0,0.000999999999999,0.0375,,1.44990797548e-55,1.64774924516,0.82387462258
5.149,5149.0,0.001,0.0375000000001,,1.45381354277e-55,1.64738908415,0.823694542075
5.15,5150.0,0.001,0.0375000000001,,1.45779935408e-55,1.64702619547,0.823513097735
5.151,5151.0,0.000999999999999,0.0375,,1.46186600379e-55,1.64666058218,0.82333029109
5.152,5152.0,0.001,0.0375000000001,,1.46601409943e-55,1.64629224735,0.823146123675
5.1530000000000005,5153.0,0.001,0.0375000000001,,1.47024426177e-55,1.64592119408,0.82296059704
5.154,5154.0,0.000999999999999,0.0375,,1.47455712506e-55,1.64554742545,0.822773712725
5.155,5155.0,0.001,0.0375000000001,,1.47895333711e-55,1.64517094459,0.822585472295
5.156,5156.0,0.000999999999999,0.0375,,1.48343355948e-55,1.6447917546,0.8223958773
5.157,5157.0,0.001,0.0375000000001,,1.48799846767e-55,1.64440985864,0.82220492932
5.158,5158.0,0.001,0.0375000000001,,1.49264875123e-55,1.64402525984,0.82201262992
5.159,5159.0,0.000999999999999,0.0375,,1.497385114e-55,1.64363796137,0.821818980685
5.16,5160.0,0.001,0.0375000000001,,1.50220827421e-55,1.64324796639,0.821623983195
5.1610000000000005,5161.0,0.001,0.0375000000001,,1.50711896474e-55,1.64285527808,0.82142763904
5.162,5162.0,0.000999999999999,0.0375,,1.51211793323e-55,1.64245989965,0.821229949825
5.163,5163.0,0.001,0.0375000000001,,1.51720594232e-55,1.64206183428,0.82103091714
5.164,5164.0,0.000999999999999,0.0375,,1.52238376981e-55,1.64166108521,0.820830542605
5.165,5165.0,0.001,0.0375000000001,,1.5276522089e-55,1.64125765566,0.82062882783
5.166,5166.0,0.001,0.0375000000001,,1.53301206831e-55,1.64085154888,0.82042577444
5.167,5167.0,0.000999999999999,0.0375,,1.53846417258e-55,1.6404427681,0.82022138405
5.168,5168.0,0.001,0.0375000000001,,1.54400936219e-55,1.6400313166,0.8200156583
5.1690000000000005,5169.0,0.001,0.0375000000001,,1.54964849386e-55,1.63961719765,0.819808598825
5.17,5170.0,0.000999999999999,0.0375,,1.55538244068e-55,1.63920041454,0.81960020727
5.171,5171.0,0.001,0.0375000000001,,1.56121209242e-55,1.63878097056,0.81939048528
5.172,5172.0,0.000999999999999,0.0375,,1.56713835567e-55,1.63835886903,0.819179434515
5.173,5173.0,0.001,0.0375000000001,,1.57316215415e-55,1.63793411326,0.81896705663
5.174,5174.0,0.001,0.0375000000001,,1.57928442889e-55,1.63750670659,0.818753353295
5.175,5175.0,0.000999999999999,0.0375,,1.58550613852e-55,1.63707665235,0.818538326175
5.176,5176.0,0.001,0.0375000000001,,1.59182825945e-55,1.63664395391,0.818321976955
5.1770000000000005,5177.0,0.001,0.0375000000001,,1.59825178621e-55,1.63620861463,0.818104307315
5.178,5178.0,0.000999999999999,0.0375,,1.60477773163e-55,1.63577063789,0.817885318945
5.179,5179.0,0.001,0.0375000000001,,1.61140712714e-55,1.63533002706,0.81766501353
5.18,5180.0,0.000999999999999,0.0375,,1.61814102303e-55,1.63488678556,0.81744339278
5.181,5181.0,0.001,0.0375000000001,,1.62498048874e-55,1.6344409168,0.8172204584
5.182,5182.0,0.001,0.0375000000001,,1.63192661309e-55,1.63399242418,0.81699621209
5.183,5183.0,0.000999999999999,0.0375,,1.63898050463e-55,1.63360290608,0.81680145304
5.184,5184.0,0.001,0.0375000000001,,1.64614329188e-55,1.63348692232,0.81674346116
5.1850000000000005,5185.0,0.001,0.0375000000001,,1.65341612366e-55,1.63336813433,0.816684067165
5.186,5186.0,0.000999999999999,0.0375,,1.66080016936e-55,1.63324654391,0.816623271955
5.187,5187.0,0.001,0.0375000000001,,1.66829661928e-55,1.63312215284,0.81656107642
5.188,5188.0,0.000999999999999,0.0375,,1.67590668491e-55,1.63299496297,0.816497481485
5.189,5189.0,0.001,0.0375000000001,,1.68363159931e-55,1.63286497611,0.816432488055
5.19,5190.0,0.001,0.0375000000001,,1.69147261735e-55,1.63273219412,0.81636609706
5.191,5191.0,0.000999999999999,0.0375,,1.69943101613e-55,1.63259661886,0.81629830943
5.192,5192.0,0.001,0.0375000000001,,1.70750809526e-55,1.63245825219,0.816229126095
5.1930000000000005,5193.0,0.001,0.0375000000001,,1.71570517726e-55,1.63231709601,0.816158548005
5.194,5194.0,0.000999999999999,0.0375,,1.72402360786e-55,1.63217315222,0.81608657611
5.195,5195.0,0.001,0.0375000000001,,1.7324647564e-55,1.63202642274,0.81601321137
5.196,5196.0,0.000999999999999,0.0375,,1.74103001617e-55,1.63187690948,0.81593845474
5.197,5197.0,0.001,0.0375000000001,,1.74972080484e-55,1.6317246144,0.8158623072
5.198,5198.0,0.001,0.0375000000001,,1.75853856476e-55,1.63156953945,0.815784769725
5.199,5199.0,0.000999999999999,0.0375,,1.76748476344e-55,1.63141168659,0.815705843295
5.2,5200.0,0.001,0.0375000000001,,1.77656089388e-55,1.63125105781,0.815625528905
5.2010000000000005,5201.0,0.001,0.0375000000001,,1.78576847501e-55,1.63108765511,0.815543827555
5.202,5202.0,0.000999999999999,0.0375,,1.7951090521e-55,1.63092148049,0.815460740245
5.203,5203.0,0.001,0.0375000000001,,1.8045841972e-55,1.63075253598,0.81537626799
5.204,5204.0,0.000999999999999,0.0375,,1.81419550952e-55,1.63058082361,0.815290411805
5.205,5205.0,0.001,0.0375000000001,,1.82394461595e-55,1.63040634542,0.81520317271
5.206,5206.0,0.001,0.0375000000001,,1.83383317143e-55,1.63022910349,0.815114551745
5.207,5207.0,0.000999999999999,0.0375,,1.84386285944e-55,1.63004909988,0.81502454994
5.208,5208.0,0.001,0.0375000000001,,1.8540353925e-55,1.62986633669,0.814933168345
5.2090000000000005,5209.0,0.001,0.0375000000001,,1.8643525126e-55,1.62968081602,0.81484040801
5.21,5210.0,0.000999999999999,0.0375,,1.87481599169e-55,1.62949253997,0.814746269985
5.211,5211.0,0.001,0.0375000000001,,1.8854276322e-55,1.62930151069,0.814650755345
5.212,5212.0,0.000999999999999,0.0375,,1.89618926753e-55,1.62910773031,0.814553865155
5.213,5213.0,0.001,0.0375000000001,,1.90710276258e-55,1.62891120097,0.814455600485
5.214,5214.0,0.001,0.0375000000001,,1.91817001425e-55,1.62871192486,0.81435596243
5.215,5215.0,0.000999999999999,0.0375,,1.92939295198e-55,1.62850990415,0.814254952075
5.216,5216.0,0.001,0.0375000000001,,1.94077353833e-55,1.62830514104,0.81415257052
5.2170000000000005,5217.0,0.001,0.0375000000001,,1.95231376949e-55,1.62809763772,0.81404881886
5.218,5218.0,0.000999999999999,0.0375,,1.9640156759e-55,1.62788739642,0.81394369821
5.219,5219.0,0.001,0.0375000000001,,1.97588132276e-55,1.62767441938,0.81383720969
5.22,5220.0,0.000999999999999,0.0375,,1.98791281071e-55,1.62745870882,0.81372935441
5.221,5221.0,0.001,0.0375000000001,,2.00011227634e-55,1.62724026702,0.81362013351
5.222,5222.0,0.001,0.0375000000001,,2.01248189289e-55,1.62701909624,0.81350954812
5.223,5223.0,0.000999999999999,0.0375,,2.02502387081e-55,1.62679519877,0.813397599385
5.224,5224.0,0.001,0.0375000000001,,2.03774045844e-55,1.6265685769,0.81328428845
5.2250000000000005,5225.0,0.001,0.0375000000001,,2.05063394263e-55,1.62633923293,0.813169616465
5.226,5226.0,0.000999999999999,0.0375,,2.06370664946e-55,1.6261071692,0.8130535846
5.227,5227.0,0.001,0.0375000000001,,2.07696094485e-55,1.62587238803,0.812936194015
5.228,5228.0,0.000999999999999,0.0375,,2.09039923529e-55,1.62563489178,0.81281744589
5.229,5229.0,0.001,0.0375000000001,,2.10402396855e-55,1.62539468279,0.812697341395
5.23,5230.0,0.001,0.0375000000001,,2.11783763438e-55,1.62515176345,0.812575881725
5.231,5231.0,0.000999999999999,0.0375,,2.13184276526e-55,1.62490613613,0.812453068065
5.232,5232.0,0.001,0.0375000000001,,2.14604193715e-55,1.62465780323,0.812328901615
5.2330000000000005,5233.0,0.001,0.0375000000001,,2.16043777021e-55,1.62440676717,0.812203383585
5.234,5234.0,0.000999999999999,0.0375,,2.17503292967e-55,1.62415303036,0.81207651518
5.235,5235.0,0.001,0.0375000000001,,2.18983012652e-55,1.62389659524,0.81194829762
5.236,5236.0,0.000999999999999,0.0375,,2.20483211839e-55,1.62363746426,0.81181873213
5.237,5237.0,0.001,0.0375000000001,,2.22004171035e-55,1.62337563986,0.81168781993
5.238,5238.0,0.001,0.0375000000001,,2.23546175578e-55,1.62311112453,0.811555562265
5.239,5239.0,0.000999999999999,0.0375,,2.25109515718e-55,1.62284392075,0.811421960375
5.24,5240.0,0.001,0.0375000000001,,2.26694486709e-55,1.62257403102,0.81128701551
5.2410000000000005,5241.0,0.001,0.0375000000001,,2.28301388896e-55,1.62230145784,0.81115072892
5.242,5242.0,0.000999999999999,0.0375,,2.29930527809e-55,1.62202620372,0.81101310186
5.243,5243.0,0.001,0.0375000000001,,2.31582214254e-55,1.62174827122,0.81087413561
5.244,5244.0,0.000999999999999,0.0375,,2.33256764408e-55,1.62146766286,0.81073383143
5.245,5245.0,0.001,0.0375000000001,,2.34954499915e-55,1.62118438121,0.810592190605
5.246,5246.0,0.001,0.0375000000001,,2.36675747989e-55,1.62089842884,0.81044921442
5.247,5247.0,0.000999999999999,0.0375,,2.3842084151e-55,1.62060980832,0.81030490416
5.248,5248.0,0.001,0.0375000000001,,2.4019011913e-55,1.62031852226,0.81015926113
5.249,5249.0,0.000999999999999,0.0375,,2.41983925376e-55,1.62002457324,0.81001228662
5.25,5250.0,0.001,0.0375000000001,,2.43802610758e-55,1.6197279639,0.80986398195
5.251,5251.0,0.001,0.0375000000001,,2.45646531879e-55,1.61942869686,0.80971434843
5.252,5252.0,0.000999999999999,0.0375,,2.47516051545e-55,1.61912677476,0.80956338738
5.253,5253.0,0.001,0.0375000000001,,2.49411538879e-55,1.61882220026,0.80941110013
5.2540000000000004,5254.0,0.001,0.0375000000001,,2.51333369439e-55,1.61851497601,0.809257488005
5.255,5255.0,0.000999999999999,0.0375,,2.53281925333e-55,1.61820510471,0.809102552355
5.256,5256.0,0.001,0.0375000000001,,2.55257595342e-55,1.61789258902,0.80894629451
5.257,5257.0,0.000999999999999,0.0375,,2.57260775044e-55,1.61757743166,0.80878871583
5.258,5258.0,0.001,0.0375000000001,,2.59291866937e-55,1.61725963534,0.80862981767
5.259,5259.0,0.001,0.0375000000001,,2.61351280571e-55,1.61693920277,0.808469601385
5.26,5260.0,0.000999999999999,0.0375,,2.63439432674e-55,1.6166161367,0.80830806835
5.261,5261.0,0.001,0.0375000000001,,2.65556747291e-55,1.61629043987,0.808145219935
5.2620000000000005,5262.0,0.001,0.0375000000001,,2.67703655918e-55,1.61596211504,0.80798105752
5.263,5263.0,0.000999999999999,0.0375,,2.6988059764e-55,1.61563116498,0.80781558249
5.264,5264.0,0.001,0.0375000000001,,2.72088019274e-55,1.61529759247,0.807648796235
5.265,5265.0,0.000999999999999,0.0375,,2.74326375514e-55,1.61496140031,0.807480700155
5.266,5266.0,0.001,0.0375000000001,,2.76596129082e-55,1.6146225913,0.80731129565
5.267,5267.0,0.001,0.0375000000001,,2.78897750872e-55,1.61428116825,0.807140584125
5.268,5268.0,0.000999999999999,0.0375,,2.8123172011e-55,1.61393713399,0.806968566995
5.269,5269.0,0.001,0.0375000000001,,2.83598524508e-55,1.61359049137,0.806795245685
5.2700000000000005,5270.0,0.001,0.0375000000001,,2.85998660429e-55,1.61324124322,0.80662062161
5.271,5271.0,0.000999999999999,0.0375,,2.88432633045e-55,1.61288939242,0.80644469621
5.272,5272.0,0.001,0.0375000000001,,2.90900956506e-55,1.61253494184,0.80626747092
5.273,5273.0,0.000999999999999,0.0375,,2.93404154115e-55,1.61217789436,0.80608894718
5.274,5274.0,0.001,0.0375000000001,,2.95942758495e-55,1.61181825287,0.805909126435
5.275,5275.0,0.001,0.0375000000001,,2.98517311774e-55,1.61145602028,0.80572801014
5.276,5276.0,0.000999999999999,0.0375,,3.01128365761e-55,1.61109119951,0.805545599755
5.277,5277.0,0.001,0.0375000000001,,3.03776482135e-55,1.6107237935,0.80536189675
5.2780000000000005,5278.0,0.001,0.0375000000001,,3.06462232631e-55,1.61035380517,0.805176902585
5.279,5279.0,0.000999999999999,0.0375,,3.09186199236e-55,1.60998123747,0.804990618735
5.28,5280.0,0.001,0.0375000000001,,3.11948974384e-55,1.60960609339,0.804803046695
5.281,5281.0,0.000999999999999,0.0375,,3.14751161161e-55,1.60922837587,0.804614187935
5.282,5282.0,0.001,0.0375000000001,,3.17593373503e-55,1.60884808791,0.804424043955
5.283,5283.0,0.001,0.0375000000001,,3.20476236416e-55,1.60846523251,0.804232616255
5.284,5284.0,0.000999999999999,0.0375,,3.23400386181e-55,1.60807981267,0.804039906335
5.285,5285.0,0.001,0.0375000000001,,3.26366470578e-55,1.6076918314,0.8038459157
5.2860000000000005,5286.0,0.001,0.0375000000001,,3.29375149108e-55,1.60730129173,0.803650645865
5.287,5287.0,0.000999999999999,0.0375,,3.32427093219e-55,1.60690819671,0.803454098355
5.288,5288.0,0.001,0.0375000000001,,3.35522986544e-55,1.60651254938,0.80325627469
5.289,5289.0,0.000999999999999,0.0375,,3.38663525133e-55,1.60611435279,0.803057176395
5.29,5290.0,0.001,0.0375000000001,,3.41849417699e-55,1.60571361003,0.802856805015
5.291,5291.0,0.001,0.0375000000001,,3.45081385866e-55,1.60531032417,0.802655162085
5.292,5292.0,0.000999999999999,0.0375,,3.48360164419e-55,1.60490449831,0.802452249155
5.293,5293.0,0.001,0.0375000000001,,3.51686501567e-55,1.60449613554,0.80224806777
5.2940000000000005,5294.0,0.001,0.0375000000001,,3.55061159206e-55,1.60408523899,0.802042619495
5.295,5295.0,0.000999999999999,0.0375,,3.58484913183e-55,1.60367181176,0.80183590588
5.296,5296.0,0.001,0.0375000000001,,3.61958553582e-55,1.60325585701,0.801627928505
5.297,5297.0,0.000999999999999,0.0375,,3.65482884994e-55,1.60283737786,0.80141868893
5.298,5298.0,0.001,0.0375000000001,,3.69058726813e-55,1.60241637749,0.801208188745
5.299,5299.0,0.001,0.0375000000001,,3.72686913524e-55,1.60199285904,0.80099642952
5.3,5300.0,0.000999999999999,0.0375,,3.76368295005e-55,1.60156682571,0.800783412855
5.301,5301.0,0.001,0.0375000000001,,3.80103736834e-55,1.60113828067,0.800569140335
5.3020000000000005,5302.0,0.001,0.0375000000001,,3.83894120599e-55,1.60070722712,0.80035361356
5.303,5303.0,0.000999999999999,0.0375,,3.87740344219e-55,1.60027366827,0.800136834135
5.304,5304.0,0.001,0.0375000000001,,3.91643322271e-55,1.59983760733,0.799918803665
5.305,5305.0,0.000999999999999,0.0375,,3.9560398632e-55,1.59939904754,0.79969952377
5.306,5306.0,0.001,0.0375000000001,,3.99623285266e-55,1.59895799213,0.799478996065
5.307,5307.0,0.001,0.0375000000001,,4.03702185683e-55,1.59851444434,0.79925722217
5.308,5308.0,0.000999999999999,0.0375,,4.07841672182e-55,1.59806840744,0.79903420372
5.309,5309.0,0.001,0.0375000000001,,4.12042747771e-55,1.59761988469,0.798809942345
5.3100000000000005,5310.0,0.001,0.0375000000001,,4.16306434224e-55,1.59716887937,0.798584439685
5.311,5311.0,0.000999999999999,0.0375,,4.20633772464e-55,1.59671539477,0.798357697385
5.312,5312.0,0.001,0.0375000000001,,4.25025822946e-55,1.59625943418,0.79812971709
5.313,5313.0,0.000999999999999,0.0375,,4.29483666056e-55,1.59580100092,0.79790050046
5.314,5314.0,0.001,0.0375000000001,,4.34008402514e-55,1.5953400983,0.79767004915
5.315,5315.0,0.001,0.0375000000001,,4.38601153786e-55,1.59487672964,0.79743836482
5.316,5316.0,0.000999999999999,0.0375,,4.43263062508e-55,1.59441089829,0.797205449145
5.317,5317.0,0.001,0.0375000000001,,4.47995292915e-55,1.5939426076,0.7969713038
5.3180000000000005,5318.0,0.001,0.0375000000001,,4.52799031283e-55,1.59347186091,0.796735930455
5.319,5319.0,0.000999999999999,0.0375,,4.57675486379e-55,1.5929986616,0.7964993308
5.32,5320.0,0.001,0.0375000000001,,4.62625889923e-55,1.59252301304,0.79626150652
5.321,5321.0,0.000999999999999,0.0375,,4.67651497055e-55,1.59204491861,0.796022459305
5.322,5322.0,0.001,0.0375000000001,,4.72753586817e-55,1.59156438172,0.79578219086
5.323,5323.0,0.001,0.0375000000001,,4.77933462648e-55,1.59108140577,0.795540702885
5.324,5324.0,0.000999999999999,0.0375,,4.83192452879e-55,1.59059599417,0.795297997085
5.325,5325.0,0.001,0.0375000000001,,4.88531911252e-55,1.59010815035,0.795054075175
5.3260000000000005,5326.0,0.001,0.0375000000001,,4.93953217441e-55,1.58961787774,0.79480893887
5.327,5327.0,0.000999999999999,0.0375,,4.99457777592e-55,1.58912517978,0.79456258989
5.328,5328.0,0.001,0.0375000000001,,5.05047024866e-55,1.58863005993,0.794315029965
5.329,5329.0,0.000999999999999,0.0375,,5.10722420003e-55,1.58813252165,0.794066260825
5.33,5330.0,0.001,0.0375000000001,,5.16485451895e-55,1.5876325684,0.7938162842
5.331,5331.0,0.001,0.0375000000001,,5.22337638166e-55,1.58713020368,0.79356510184
5.332,5332.0,0.000999999999999,0.0375,,5.28280525777e-55,1.58662543097,0.793312715485
5.333,5333.0,0.001,0.0375000000001,,5.34315691634e-55,1.58611825376,0.79305912688
5.3340000000000005,5334.0,0.001,0.0375000000001,,5.40444743215e-55,1.58560867557,0.792804337785
5.335,5335.0,0.000999999999999,0.0375,,5.46669319207e-55,1.58509669992,0.79254834996
5.336,5336.0,0.001,0.0375000000001,,5.52991090162e-55,1.58458233032,0.79229116516
5.337,5337.0,0.000999999999999,0.0375,,5.59411759165e-55,1.58406557033,0.792032785165
5.338,5338.0,0.001,0.0375000000001,,5.65933062516e-55,1.58354642347,0.791773211735
5.339,5339.0,0.001,0.0375000000001,,5.7255677043e-55,1.58302489331,0.791512446655
5.34,5340.0,0.000999999999999,0.0375,,5.79284687751e-55,1.58250098341,0.791250491705
5.341,5341.0,0.001,0.0375000000001,,5.86118654682e-55,1.58197469734,0.79098734867
5.3420000000000005,5342.0,0.001,0.0375000000001,,5.93060547531e-55,1.58144603867,0.790723019335
5.343,5343.0,0.000999999999999,0.0375,,6.0011227948e-55,1.58091501101,0.790457505505
5.344,5344.0,0.001,0.0375000000001,,6.07275801357e-55,1.58038161795,0.790190808975
5.345,5345.0,0.000999999999999,0.0375,,6.14553102443e-55,1.57984586309,0.789922931545
5.346,5346.0,0.001,0.0375000000001,,6.21946211285e-55,1.57930775005,0.789653875025
5.347,5347.0,0.001,0.0375000000001,,6.29457196532e-55,1.57876728246,0.78938364123
5.348,5348.0,0.000999999999999,0.0375,,6.37088167789e-55,1.57822446395,0.789112231975
5.349,5349.0,0.001,0.0375000000001,,6.44841276492e-55,1.57767929816,0.78883964908
5.3500000000000005,5350.0,0.001,0.0375000000001,,6.527187168e-55,1.57713178874,0.78856589437
5.351,5351.0,0.000999999999999,0.0375,,6.6072272651e-55,1.57658193936,0.78829096968
5.352,5352.0,0.001,0.0375000000001,,6.68855587993e-55,1.57602975367,0.788014876835
5.353,5353.0,0.000999999999999,0.0375,,6.77119629146e-55,1.57547523536,0.78773761768
5.354,5354.0,0.001,0.0375000000001,,6.85517224378e-55,1.57491838812,0.78745919406
5.355,5355.0,0.001,0.0375000000001,,6.94050795601e-55,1.57435921562,0.78717960781
5.356,5356.0,0.000999999999999,0.0375,,7.02722813263e-55,1.57379772159,0.786898860795
5.357,5357.0,0.001,0.0375000000001,,7.11535797387e-55,1.57364335304,0.78682167652
5.3580000000000005,5358.0,0.001,0.0375000000001,,7.20492318648e-55,1.5735380343,0.78676901715
5.359,5359.0,0.000999999999999,0.0375,,7.29594999466e-55,1.57343023426,0.78671511713
5.36,5360.0,0.001,0.0375000000001,,7.38846515127e-55,1.57331995446,0.78665997723
5.361,5361.0,0.000999999999999,0.0375,,7.48249594932e-55,1.57320719646,0.78660359823
5.362,5362.0,0.001,0.0375000000001,,7.57807023367e-55,1.57309196182,0.78654598091
5.363,5363.0,0.001,0.0375000000001,,7.6752164131e-55,1.57297425209,0.786487126045
5.364,5364.0,0.000999999999999,0.0375,,7.7739634725e-55,1.57285406887,0.786427034435
5.365,5365.0,0.001,0.0375000000001,,7.87434098555e-55,1.57273141374,0.78636570687
5.3660000000000005,5366.0,0.001,0.0375000000001,,7.97637912748e-55,1.57260628831,0.786303144155
5.367,5367.0,0.000999999999999,0.0375,,8.08010868831e-55,1.57247869419,0.786239347095
5.368,5368.0,0.001,0.0375000000001,,8.18556108627e-55,1.57234863301,0.786174316505
5.369,5369.0,0.000999999999999,0.0375,,8.2927683816e-55,1.5722161064,0.7861080532
5.37,5370.0,0.001,0.0375000000001,,8.40176329066e-55,1.57208111601,0.786040558005
5.371,5371.0,0.001,0.0375000000001,,8.51257920034e-55,1.57194366351,0.785971831755
5.372,5372.0,0.000999999999999,0.0375,,8.62525018286e-55,1.57180375056,0.78590187528
5.373,5373.0,0.001,0.0375000000001,,8.73981101087e-55,1.57166137883,0.785830689415
5.3740000000000006,5374.0,0.001,0.0375000000001,,8.85629717292e-55,1.57151655003,0.785758275015
5.375,5375.0,0.000999999999999,0.0375,,8.97474488932e-55,1.57136926585,0.785684632925
5.376,5376.0,0.001,0.0375000000001,,9.09519112831e-55,1.57121952801,0.785609764005
5.377,5377.0,0.000999999999999,0.0375,,9.21767362267e-55,1.57106733823,0.785533669115
5.378,5378.0,0.001,0.0375000000001,,9.34223088673e-55,1.57091269825,0.785456349125
5.3790000000000004,5379.0,0.001,0.0375000000001,,9.46890223369e-55,1.57075560981,0.785377804905
5.38,5380.0,0.000999999999999,0.0375,,9.59772779345e-55,1.57059607467,0.785298037335
5.381,5381.0,0.001,0.0375000000001,,9.72874853086e-55,1.5704340946,0.7852170473
5.382,5382.0,0.000999999999999,0.0375,,9.86200626427e-55,1.57026967138,0.78513483569
5.383,5383.0,0.001,0.0375000000001,,9.99754368471e-55,1.57010280679,0.785051403395
5.384,5384.0,0.001,0.0375000000001,,1.01354043754e-54,1.56993350263,0.784966751315
5.385,5385.0,0.000999999999999,0.0375,,1.02756328317e-54,1.56976176072,0.78488088036
5.386,5386.0,0.001,0.0375000000001,,1.04182744817e-54,1.56958758288,0.78479379144
5.3870000000000005,5387.0,0.001,0.0375000000001,,1.05633757072e-54,1.56941097093,0.784705485465
5.388,5388.0,0.000999999999999,0.0375,,1.07109838649e-54,1.56923192673,0.784615963365
5.389,5389.0,0.001,0.0375000000001,,1.08611473088e-54,1.56905045212,0.78452522606
5.39,5390.0,0.000999999999999,0.0375,,1.10139154125e-54,1.56886654897,0.784433274485
5.391,5391.0,0.001,0.0375000000001,,1.11693385922e-54,1.56868021915,0.784340109575
5.392,5392.0,0.001,0.0375000000001,,1.13274683304e-54,1.56849146455,0.784245732275
5.393,5393.0,0.000999999999999,0.0375,,1.14883571999e-54,1.56830028706,0.78415014353
5.394,5394.0,0.001,0.0375000000001,,1.1652058889e-54,1.56810668859,0.784053344295
5.3950000000000005,5395.0,0.001,0.0375000000001,,1.18186282262e-54,1.56791067106,0.78395533553
5.396,5396.0,0.000999999999999,0.0375,,1.19881212068e-54,1.56771223639,0.783856118195
5.397,5397.0,0.001,0.0375000000001,,1.21605950189e-54,1.56751138652,0.78375569326
5.398,5398.0,0.000999999999999,0.0375,,1.23361080711e-54,1.5673081234,0.7836540617
5.399,5399.0,0.001,0.0375000000001,,1.25147200202e-54,1.56710244899,0.783551224495
5.4,5400.0,0.001,0.0375000000001,,1.26964917995e-54,1.56689436525,0.783447182625
5.401,5401.0,0.000999999999999,0.0375,,1.28814856487e-54,1.56668387417,0.783341937085
5.402,5402.0,0.001,0.0375000000001,,1.30697651432e-54,1.56647097773,0.783235488865
5.4030000000000005,5403.0,0.001,0.0375000000001,,1.32613952252e-54,1.56625567794,0.78312783897
5.404,5404.0,0.000999999999999,0.0375,,1.34564422349e-54,1.5660379768,0.7830189884
5.405,5405.0,0.001,0.0375000000001,,1.36549739429e-54,1.56581787633,0.782908938165
5.406,5406.0,0.000999999999999,0.0375,,1.38570595831e-54,1.56559537857,0.782797689285
5.407,5407.0,0.001,0.0375000000001,,1.40627698866e-54,1.56537048555,0.782685242775
5.408,5408.0,0.001,0.0375000000001,,1.4272177116e-54,1.56514319933,0.782571599665
5.409,5409.0,0.000999999999999,0.0375,,1.44853551014e-54,1.56491352197,0.782456760985
5.41,5410.0,0.001,0.0375000000001,,1.47023792761e-54,1.56468145554,0.78234072777
5.4110000000000005,5411.0,0.001,0.0375000000001,,1.49233267146e-54,1.56444700212,0.78222350106
5.412,5412.0,0.000999999999999,0.0375,,1.51482761701e-54,1.5642101638,0.7821050819
5.413,5413.0,0.001,0.0375000000001,,1.53773081139e-54,1.56397094268,0.78198547134
5.414,5414.0,0.000999999999999,0.0375,,1.56105047752e-54,1.56372934088,0.78186467044
5.415,5415.0,0.001,0.0375000000001,,1.58479501827e-54,1.56348536052,0.78174268026
5.416,5416.0,0.001,0.0375000000001,,1.60897302059e-54,1.56323900372,0.78161950186
5.417,5417.0,0.000999999999999,0.0375,,1.63359325988e-54,1.56299027264,0.78149513632
5.418,5418.0,0.001,0.0375000000001,,1.65866470437e-54,1.56273916942,0.78136958471
5.4190000000000005,5419.0,0.001,0.0375000000001,,1.68419651969e-54,1.56248569623,0.781242848115
5.42,5420.0,0.000999999999999,0.0375,,1.71019807343e-54,1.56222985523,0.781114927615
5.421,5421.0,0.001,0.0375000000001,,1.73667893998e-54,1.5619716486,0.7809858243
5.422,5422.0,0.000999999999999,0.0375,,1.76364890534e-54,1.56171107855,0.780855539275
5.423,5423.0,0.001,0.0375000000001,,1.79111797215e-54,1.56144814727,0.780724073635
5.424,5424.0,0.001,0.0375000000001,,1.81909636478e-54,1.56118285697,0.780591428485
5.425,5425.0,0.000999999999999,0.0375,,1.84759453458e-54,1.56091520987,0.780457604935
5.426,5426.0,0.001,0.0375000000001,,1.87662316529e-54,1.5606452082,0.7803226041
5.4270000000000005,5427.0,0.001,0.0375000000001,,1.9061931785e-54,1.5603728542,0.7801864271
5.428,5428.0,0.000999999999999,0.0375,,1.93631573934e-54,1.56009815013,0.780049075065
5.429,5429.0,0.001,0.0375000000001,,1.96700226222e-54,1.55982109824,0.77991054912
5.43,5430.0,0.000999999999999,0.0375,,1.99826441685e-54,1.55954170081,0.779770850405
5.431,5431.0,0.001,0.0375000000001,,2.03011413423e-54,1.5592599601,0.77962998005
5.432,5432.0,0.001,0.0375000000001,,2.06256361296e-54,1.55897587842,0.77948793921
5.433,5433.0,0.000999999999999,0.0375,,2.09562532558e-54,1.55868945805,0.779344729025
5.434,5434.0,0.001,0.0375000000001,,2.12931202519e-54,1.55840070131,0.779200350655
5.4350000000000005,5435.0,0.001,0.0375000000001,,2.16363675211e-54,1.55810961052,0.77905480526
5.436,5436.0,0.000999999999999,0.0375,,2.19861284081e-54,1.55781618799,0.778908093995
5.437,5437.0,0.001,0.0375000000001,,2.23425392696e-54,1.55752043608,0.77876021804
5.438,5438.0,0.000999999999999,0.0375,,2.27057395471e-54,1.55722235712,0.77861117856
5.439,5439.0,0.001,0.0375000000001,,2.30758718406e-54,1.55692195346,0.77846097673
5.44,5440.0,0.001,0.0375000000001,,2.34530819853e-54,1.55661922748,0.77830961374
5.441,5441.0,0.000999999999999,0.0375,,2.38375191296e-54,1.55631418155,0.778157090775
5.442,5442.0,0.001,0.0375000000001,,2.42293358151e-54,1.55600681806,0.77800340903
5.4430000000000005,5443.0,0.001,0.0375000000001,,2.46286880589e-54,1.55569713938,0.77784856969
5.444,5444.0,0.000999999999999,0.0375,,2.50357354378e-54,1.55538514794,0.77769257397
5.445,5445.0,0.001,0.0375000000001,,2.54506411747e-54,1.55507084613,0.777535423065
5.446,5446.0,0.000999999999999,0.0375,,2.58735722274e-54,1.55475423639,0.777377118195
5.447,5447.0,0.001,0.0375000000001,,2.63046993792e-54,1.55443532113,0.777217660565
5.448,5448.0,0.001,0.0375000000001,,2.67441973323e-54,1.55411410281,0.777057051405
5.449,5449.0,0.000999999999999,0.0375,,2.71922448036e-54,1.55379058386,0.77689529193
5.45,5450.0,0.001,0.0375000000001,,2.76490246223e-54,1.55346476675,0.776732383375
5.4510000000000005,5451.0,0.001,0.0375000000001,,2.81147238312e-54,1.55313665394,0.77656832697
5.452,5452.0,0.000999999999999,0.0375,,2.85895337891e-54,1.55280624792,0.77640312396
5.453,5453.0,0.001,0.0375000000001,,2.90736502775e-54,1.55247355115,0.776236775575
5.454,5454.0,0.000999999999999,0.0375,,2.95672736085e-54,1.55213856615,0.776069283075
5.455,5455.0,0.001,0.0375000000001,,3.00706087367e-54,1.55180129541,0.775900647705
5.456,5456.0,0.001,0.0375000000001,,3.05838653731e-54,1.55146174145,0.775730870725
5.457,5457.0,0.000999999999999,0.0375,,3.11072581027e-54,1.55111990678,0.77555995339
5.458,5458.0,0.001,0.0375000000001,,3.16410065047e-54,1.55077579394,0.77538789697
5.4590000000000005,5459.0,0.001,0.0375000000001,,3.21853352758e-54,1.55042940546,0.77521470273
5.46,5460.0,0.000999999999999,0.0375,,3.27404743571e-54,1.5500807439,0.77504037195
5.461,5461.0,0.001,0.0375000000001,,3.33066590637e-54,1.54972981181,0.774864905905
5.462,5462.0,0.000999999999999,0.0375,,3.38841302183e-54,1.54937661176,0.77468830588
5.463,5463.0,0.001,0.0375000000001,,3.44731342879e-54,1.54902114632,0.77451057316
5.464,5464.0,0.001,0.0375000000001,,3.50739235243e-54,1.54866341808,0.77433170904
5.465,5465.0,0.000999999999999,0.0375,,3.5686756108e-54,1.54830342963,0.774151714815
5.466,5466.0,0.001,0.0375000000001,,3.63118962961e-54,1.54794118356,0.77397059178
5.4670000000000005,5467.0,0.001,0.0375000000001,,3.69496145742e-54,1.5475766825,0.77378834125
5.468,5468.0,0.000999999999999,0.0375,,3.76001878115e-54,1.54720992905,0.773604964525
5.469,5469.0,0.001,0.0375000000001,,3.82638994215e-54,1.54684092585,0.773420462925
5.47,5470.0,0.000999999999999,0.0375,,3.89410395253e-54,1.54646967554,0.77323483777
5.471,5471.0,0.001,0.0375000000001,,3.96319051199e-54,1.54609618074,0.77304809037
5.472,5472.0,0.001,0.0375000000001,,4.03368002516e-54,1.54572044413,0.772860222065
5.473,5473.0,0.000999999999999,0.0375,,4.10560361927e-54,1.54534246836,0.77267123418
5.474,5474.0,0.001,0.0375000000001,,4.17899316236e-54,1.54496225611,0.772481128055
5.4750000000000005,5475.0,0.001,0.0375000000001,,4.25388128198e-54,1.54457981004,0.77228990502
5.476,5476.0,0.000999999999999,0.0375,,4.33030138438e-54,1.54419513286,0.77209756643
5.477,5477.0,0.001,0.0375000000001,,4.40828767416e-54,1.54380822724,0.77190411362
5.478,5478.0,0.000999999999999,0.0375,,4.48787517451e-54,1.54341909591,0.771709547955
5.479,5479.0,0.001,0.0375000000001,,4.56909974792e-54,1.54302774157,0.771513870785
5.48,5480.0,0.001,0.0375000000001,,4.65199811753e-54,1.54263416694,0.77131708347
5.481,5481.0,0.000999999999999,0.0375,,4.73660788897e-54,1.54223837476,0.77111918738
5.482,5482.0,0.001,0.0375000000001,,4.8229675728e-54,1.54184036776,0.77092018388
5.4830000000000005,5483.0,0.001,0.0375000000001,,4.91111660758e-54,1.54144014868,0.77072007434
5.484,5484.0,0.000999999999999,0.0375,,5.00109538353e-54,1.54103772029,0.770518860145
5.485,5485.0,0.001,0.0375000000001,,5.09294526682e-54,1.54063308534,0.77031654267
5.486,5486.0,0.000999999999999,0.0375,,5.18670862455e-54,1.5402262466,0.7701131233
5.487,5487.0,0.001,0.0375000000001,,5.28242885035e-54,1.53981720686,0.76990860343
5.488,5488.0,0.001,0.0375000000001,,5.38015039069e-54,1.53940596891,0.769702984455
5.489,5489.0,0.000999999999999,0.0375,,5.47991877189e-54,1.53899253553,0.769496267765
5.49,5490.0,0.001,0.0375000000001,,5.58178062789e-54,1.53857690953,0.769288454765
5.4910000000000005,5491.0,0.001,0.0375000000001,,5.68578372875e-54,1.53815909373,0.769079546865
5.492,5492.0,0.000999999999999,0.0375,,5.79197700986e-54,1.53773909094,0.76886954547
5.493,5493.0,0.001,0.0375000000001,,5.90041060204e-54,1.53731690399,0.768658451995
5.494,5494.0,0.000999999999999,0.0375,,6.01113586239e-54,1.53689253572,0.76844626786
5.495,5495.0,0.001,0.0375000000001,,6.124205406e-54,1.53646598897,0.768232994485
5.496,5496.0,0.001,0.0375000000001,,6.23967313851e-54,1.53603726659,0.768018633295
5.497,5497.0,0.000999999999999,0.0375,,6.35759428953e-54,1.53560637145,0.767803185725
5.498,5498.0,0.001,0.0375000000001,,6.47457803679e-54,1.53517330641,0.767586653205
5.4990000000000006,5499.0,0.001,0.0375000000001,,6.58103608808e-54,1.53473807434,0.76736903717
5.5,5500.0,0.000999999999999,0.0375,,6.68953971097e-54,1.53430067814,0.76715033907
5.501,5501.0,0.001,0.0375000000001,,6.80013216569e-54,1.53386112068,0.76693056034
5.502,5502.0,0.000999999999999,0.0375,,6.91285769928e-54,1.53341940488,0.76670970244
5.503,5503.0,0.001,0.0375000000001,,7.0277615695e-54,1.53306125871,0.766530629355
5.5040000000000004,5504.0,0.001,0.0375000000001,,7.1448900694e-54,1.53296769254,0.76648384627
5.505,5505.0,0.000999999999999,0.0375,,7.2642905525e-54,1.53287177068,0.76643588534
5.506,5506.0,0.001,0.0375000000001,,7.3860114586e-54,1.53277349451,0.766386747255
5.507,5507.0,0.000999999999999,0.0375,,7.51010234031e-54,1.53267286541,0.766336432705
5.508,5508.0,0.001,0.0375000000001,,7.63661389017e-54,1.53256988477,0.766284942385
5.509,5509.0,0.001,0.0375000000001,,7.76559796857e-54,1.53246455401,0.766232277005
5.51,5510.0,0.000999999999999,0.0375,,7.8971076323e-54,1.53235687453,0.766178437265
5.511,5511.0,0.001,0.0375000000001,,8.03119716388e-54,1.53224684777,0.766123423885
5.5120000000000005,5512.0,0.001,0.0375000000001,,8.16792210166e-54,1.53213447517,0.766067237585
5.513,5513.0,0.000999999999999,0.0375,,8.30733927067e-54,1.53201975816,0.76600987908
5.514,5514.0,0.001,0.0375000000001,,8.44950681425e-54,1.53190269821,0.765951349105
5.515,5515.0,0.000999999999999,0.0375,,8.59448422656e-54,1.53178329678,0.76589164839
5.516,5516.0,0.001,0.0375000000001,,8.74233238591e-54,1.53166155536,0.76583077768
5.517,5517.0,0.001,0.0375000000001,,8.89311358889e-54,1.53153747542,0.76576873771
5.518,5518.0,0.000999999999999,0.0375,,9.04689158548e-54,1.53141105848,0.76570552924
5.519,5519.0,0.001,0.0375000000001,,9.20373161505e-54,1.53128230603,0.765641153015
5.5200000000000005,5520.0,0.001,0.0375000000001,,9.36370044325e-54,1.5311512196,0.7655756098
5.521,5521.0,0.000999999999999,0.0375,,9.52686639989e-54,1.53101780072,0.76550890036
5.522,5522.0,0.001,0.0375000000001,,9.69329941786e-54,1.53088205092,0.76544102546
5.523,5523.0,0.000999999999999,0.0375,,9.86307107296e-54,1.53074397176,0.76537198588
5.524,5524.0,0.001,0.0375000000001,,1.00362546249e-53,1.53060356479,0.765301782395
5.525,5525.0,0.001,0.0375000000001,,1.02129250592e-53,1.53046083158,0.76523041579
5.526,5526.0,0.000999999999999,0.0375,,1.03931591306e-53,1.53031577372,0.76515788686
5.527,5527.0,0.001,0.0375000000001,,1.05770354067e-53,1.53016839279,0.765084196395
5.5280000000000005,5528.0,0.001,0.0375000000001,,1.0764634314e-53,1.53001869039,0.765009345195
5.529,5529.0,0.000999999999999,0.0375,,1.09560381843e-53,1.52986666813,0.764933334065
5.53,5530.0,0.001,0.0375000000001,,1.11513313021e-53,1.52971232764,0.76485616382
5.531,5531.0,0.000999999999999,0.0375,,1.13505999546e-53,1.52955567054,0.76477783527
5.532,5532.0,0.001,0.0375000000001,,1.1553932481e-53,1.52939669846,0.76469834923
5.533,5533.0,0.001,0.0375000000001,,1.17614193252e-53,1.52923541307,0.764617706535
5.534,5534.0,0.000999999999999,0.0375,,1.1973153088e-53,1.52907181602,0.76453590801
5.535,5535.0,0.001,0.0375000000001,,1.21892285825e-53,1.52890590898,0.76445295449
5.5360000000000005,5536.0,0.001,0.0375000000001,,1.24097428893e-53,1.52873769363,0.764368846815
5.537,5537.0,0.000999999999999,0.0375,,1.26347954143e-53,1.52856717166,0.76428358583
5.538,5538.0,0.001,0.0375000000001,,1.28644879474e-53,1.52839434477,0.764197172385
5.539,5539.0,0.000999999999999,0.0375,,1.30989247235e-53,1.52821921466,0.76410960733
5.54,5540.0,0.001,0.0375000000001,,1.33382124839e-53,1.52804178306,0.76402089153
5.541,5541.0,0.001,0.0375000000001,,1.3582460541e-53,1.52786205169,0.763931025845
5.542,5542.0,0.000999999999999,0.0375,,1.38317808429e-53,1.5276800223,0.76384001115
5.543,5543.0,0.001,0.0375000000001,,1.40862880412e-53,1.52749569662,0.76374784831
5.5440000000000005,5544.0,0.001,0.0375000000001,,1.43460995599e-53,1.52730907643,0.763654538215
5.545,5545.0,0.000999999999999,0.0375,,1.46113356664e-53,1.52712016347,0.763560081735
5.546,5546.0,0.001,0.0375000000001,,1.48821195441e-53,1.52692895954,0.76346447977
5.547,5547.0,0.000999999999999,0.0375,,1.51585773673e-53,1.52673546642,0.76336773321
5.548,5548.0,0.001,0.0375000000001,,1.5440838378e-53,1.52653968591,0.763269842955
5.549,5549.0,0.001,0.0375000000001,,1.57290349645e-53,1.52634161981,0.763170809905
5.55,5550.0,0.000999999999999,0.0375,,1.60233027428e-53,1.52614126993,0.763070634965
5.551,5551.0,0.001,0.0375000000001,,1.63237806392e-53,1.52593863811,0.762969319055
5.5520000000000005,5552.0,0.001,0.0375000000001,,1.66306109762e-53,1.52573372618,0.76286686309
5.553,5553.0,0.000999999999999,0.0375,,1.694393956e-53,1.52552653597,0.762763267985
5.554,5554.0,0.001,0.0375000000001,,1.72639157704e-53,1.52531706936,0.76265853468
5.555,5555.0,0.000999999999999,0.0375,,1.75906926534e-53,1.52510532819,0.762552664095
5.556,5556.0,0.001,0.0375000000001,,1.79244270167e-53,1.52489131435,0.762445657175
5.557,5557.0,0.001,0.0375000000001,,1.82652795265e-53,1.52467502971,0.762337514855
5.558,5558.0,0.000999999999999,0.0375,,1.86134148084e-53,1.52445647616,0.76222823808
5.559,5559.0,0.001,0.0375000000001,,1.89690015502e-53,1.52423565562,0.76211782781
5.5600000000000005,5560.0,0.001,0.0375000000001,,1.93322126075e-53,1.52401256998,0.76200628499
5.561,5561.0,0.000999999999999,0.0375,,1.97032251127e-53,1.52378722117,0.761893610585
5.562,5562.0,0.001,0.0375000000001,,2.00822205867e-53,1.52355961112,0.76177980556
5.563,5563.0,0.000999999999999,0.0375,,2.0469385053e-53,1.52332974177,0.761664870885
5.564,5564.0,0.001,0.0375000000001,,2.08649091565e-53,1.52309761506,0.76154880753
5.565,5565.0,0.001,0.0375000000001,,2.12689882838e-53,1.52286323295,0.761431616475
5.566,5566.0,0.000999999999999,0.0375,,2.1681822688e-53,1.52262659741,0.761313298705
5.567,5567.0,0.001,0.0375000000001,,2.21036176162e-53,1.52238771042,0.76119385521
5.5680000000000005,5568.0,0.001,0.0375000000001,,2.25345834414e-53,1.52214657395,0.761073286975
5.569,5569.0,0.000999999999999,0.0375,,2.2974935797e-53,1.52190319001,0.760951595005
5.57,5570.0,0.001,0.0375000000001,,2.34248957153e-53,1.5216575606,0.7608287803
5.571,5571.0,0.000999999999999,0.0375,,2.38846897708e-53,1.52140968773,0.760704843865
5.572,5572.0,0.001,0.0375000000001,,2.43545502257e-53,1.52115957342,0.76057978671
5.573,5573.0,0.001,0.0375000000001,,2.48347151811e-53,1.5209072197,0.76045360985
5.574,5574.0,0.000999999999999,0.0375,,2.53254287311e-53,1.52065262862,0.76032631431
5.575,5575.0,0.001,0.0375000000001,,2.58269411224e-53,1.52039580221,0.760197901105
5.5760000000000005,5576.0,0.001,0.0375000000001,,2.63395089169e-53,1.52013674255,0.760068371275
5.577,5577.0,0.000999999999999,0.0375,,2.686339516e-53,1.5198754517,0.75993772585
5.578,5578.0,0.001,0.0375000000001,,2.73988695534e-53,1.51961193173,0.759805965865
5.579,5579.0,0.000999999999999,0.0375,,2.79462086317e-53,1.51934618473,0.759673092365
5.58,5580.0,0.001,0.0375000000001,,2.85056959456e-53,1.51907821279,0.759539106395
5.581,5581.0,0.001,0.0375000000001,,2.90776222485e-53,1.51880801802,0.75940400901
5.582,5582.0,0.000999999999999,0.0375,,2.96622856897e-53,1.51853560253,0.759267801265
5.583,5583.0,0.001,0.0375000000001,,3.0259992012e-53,1.51826096844,0.75913048422
5.5840000000000005,5584.0,0.001,0.0375000000001,,3.08710547555e-53,1.51798411788,0.75899205894
5.585,5585.0,0.000999999999999,0.0375,,3.14957954667e-53,1.51770505299,0.758852526495
5.586,5586.0,0.001,0.0375000000001,,3.21345439136e-53,1.51742377591,0.758711887955
5.587,5587.0,0.000999999999999,0.0375,,3.27876383071e-53,1.51714028881,0.758570144405
5.588,5588.0,0.001,0.0375000000001,,3.3455425528e-53,1.51685459384,0.75842729692
5.589,5589.0,0.001,0.0375000000001,,3.41382613612e-53,1.51656669319,0.758283346595
5.59,5590.0,0.000999999999999,0.0375,,3.48365107355e-53,1.51627658903,0.758138294515
5.591,5591.0,0.001,0.0375000000001,,3.55505479712e-53,1.51598428356,0.75799214178
5.5920000000000005,5592.0,0.001,0.0375000000001,,3.62807570343e-53,1.51568977897,0.757844889485
5.593,5593.0,0.000999999999999,0.0375,,3.7027531797e-53,1.51539307749,0.757696538745
5.594,5594.0,0.001,0.0375000000001,,3.77912763075e-53,1.51509418131,0.757547090655
5.595,5595.0,0.000999999999999,0.0375,,3.85724050654e-53,1.51479309267,0.757396546335
5.596,5596.0,0.001,0.0375000000001,,3.93713433062e-53,1.51464693674,0.75732346837
5.597,5597.0,0.001,0.0375000000001,,4.01885272935e-53,1.51456007173,0.757280035865
5.598,5598.0,0.000999999999999,0.0375,,4.10244046193e-53,1.51447094103,0.757235470515
5.599,5599.0,0.001,0.0375000000001,,4.18794345132e-53,1.51437954593,0.757189772965
5.6000000000000005,5600.0,0.001,0.0375000000001,,4.27540881605e-53,1.51428588776,0.75714294388
5.601,5601.0,0.000999999999999,0.0375,,4.36488490283e-53,1.51418996782,0.75709498391
5.602,5602.0,0.001,0.0375000000001,,4.45642132027e-53,1.51409178744,0.75704589372
5.603,5603.0,0.000999999999999,0.0375,,4.55006897337e-53,1.51399134798,0.75699567399
5.604,5604.0,0.001,0.0375000000001,,4.64588009919e-53,1.51388865077,0.756944325385
5.605,5605.0,0.001,0.0375000000001,,4.74390830334e-53,1.51378369717,0.756891848585
5.606,5606.0,0.000999999999999,0.0375,,4.8442085977e-53,1.51367648855,0.756838244275
5.607,5607.0,0.001,0.0375000000001,,4.94683743909e-53,1.51356702629,0.756783513145
5.6080000000000005,5608.0,0.001,0.0375000000001,,5.05185276911e-53,1.51345531177,0.756727655885
5.609,5609.0,0.000999999999999,0.0375,,5.15931405514e-53,1.5133413464,0.7566706732
5.61,5610.0,0.001,0.0375000000001,,5.26928233246e-53,1.51322513158,0.75661256579
5.611,5611.0,0.000999999999999,0.0375,,5.38182024764e-53,1.51310666872,0.75655333436
5.612,5612.0,0.001,0.0375000000001,,5.49699210315e-53,1.51298595926,0.75649297963
5.613,5613.0,0.001,0.0375000000001,,5.6148639033e-53,1.51286300462,0.75643150231
5.614,5614.0,0.000999999999999,0.0375,,5.73550340139e-53,1.51273780625,0.756368903125
5.615,5615.0,0.001,0.0375000000001,,5.85898014843e-53,1.5126103656,0.7563051828
5.6160000000000005,5616.0,0.001,0.0375000000001,,5.98536554306e-53,1.51248068415,0.756240342075
5.617,5617.0,0.000999999999999,0.0375,,6.11473288302e-53,1.51234876335,0.756174381675
5.618,5618.0,0.001,0.0375000000001,,6.24715741815e-53,1.5122146047,0.75610730235
5.619,5619.0,0.000999999999999,0.0375,,6.38271640483e-53,1.51207820968,0.75603910484
5.62,5620.0,0.001,0.0375000000001,,6.52148916208e-53,1.51193957981,0.755969789905
5.621,5621.0,0.001,0.0375000000001,,6.66355712926e-53,1.51179871658,0.75589935829
5.622,5622.0,0.000999999999999,0.0375,,6.80900392546e-53,1.51165562152,0.75582781076
5.623,5623.0,0.001,0.0375000000001,,6.95791541062e-53,1.51151029616,0.75575514808
5.6240000000000006,5624.0,0.001,0.0375000000001,,7.11037974845e-53,1.51136274203,0.755681371015
5.625,5625.0,0.000999999999999,0.0375,,7.26648747118e-53,1.51121296069,0.755606480345
5.626,5626.0,0.001,0.0375000000001,,7.42633154615e-53,1.5110609537,0.75553047685
5.627,5627.0,0.000999999999999,0.0375,,7.59000744449e-53,1.51090672261,0.755453361305
5.628,5628.0,0.001,0.0375000000001,,7.75761321164e-53,1.51075026902,0.75537513451
5.6290000000000004,5629.0,0.001,0.0375000000001,,7.92924954008e-53,1.51059159449,0.755295797245
5.63,5630.0,0.000999999999999,0.0375,,8.10501984414e-53,1.51043070063,0.755215350315
5.631,5631.0,0.001,0.0375000000001,,8.28503033701e-53,1.51026758904,0.75513379452
5.632,5632.0,0.000999999999999,0.0375,,8.46939010998e-53,1.51010226134,0.75505113067
5.633,5633.0,0.001,0.0375000000001,,8.65821121415e-53,1.50993471914,0.75496735957
5.634,5634.0,0.001,0.0375000000001,,8.85160874438e-53,1.50976496408,0.75488248204
5.635,5635.0,0.000999999999999,0.0375,,9.04970092583e-53,1.50959299779,0.754796498895
5.636,5636.0,0.001,0.0375000000001,,9.25260920302e-53,1.50941882194,0.75470941097
5.6370000000000005,5637.0,0.001,0.0375000000001,,9.46045833158e-53,1.50924243817,0.754621219085
5.638,5638.0,0.000999999999999,0.0375,,9.67337647259e-53,1.50906384816,0.75453192408
5.639,5639.0,0.001,0.0375000000001,,9.89149528989e-53,1.50888305358,0.75444152679
5.64,5640.0,0.000999999999999,0.0375,,1.01149500501e-52,1.50870005612,0.75435002806
5.641,5641.0,0.001,0.0375000000001,,1.03438797259e-52,1.50851485747,0.754257428735
5.642,5642.0,0.001,0.0375000000001,,1.05784271018e-52,1.50832745934,0.75416372967
5.643,5643.0,0.000999999999999,0.0375,,1.08187388839e-52,1.50813786344,0.75406893172
5.644,5644.0,0.001,0.0375000000001,,1.10649658122e-52,1.5079460715,0.75397303575
5.6450000000000005,5645.0,0.001,0.0375000000001,,1.13172627765e-52,1.50775208524,0.75387604262
5.646,5646.0,0.000999999999999,0.0375,,1.15757889362e-52,1.5075559064,0.7537779532
5.647,5647.0,0.001,0.0375000000001,,1.18407078425e-52,1.50735753674,0.75367876837
5.648,5648.0,0.000999999999999,0.0375,,1.21121875659e-52,1.50715697801,0.753578489005
5.649,5649.0,0.001,0.0375000000001,,1.23904008261e-52,1.50695423198,0.75347711599
5.65,5650.0,0.001,0.0375000000001,,1.26755251266e-52,1.50674930042,0.75337465021
5.651,5651.0,0.000999999999999,0.0375,,1.29677428928e-52,1.50654218512,0.75327109256
5.652,5652.0,0.001,0.0375000000001,,1.3267241615e-52,1.50633288788,0.75316644394
5.6530000000000005,5653.0,0.001,0.0375000000001,,1.35742139948e-52,1.50612141049,0.753060705245
5.654,5654.0,0.000999999999999,0.0375,,1.38888580968e-52,1.50590775476,0.75295387738
5.655,5655.0,0.001,0.0375000000001,,1.42113775041e-52,1.50569192252,0.75284596126
5.656,5656.0,0.000999999999999,0.0375,,1.45419814787e-52,1.5054739156,0.7527369578
5.657,5657.0,0.001,0.0375000000001,,1.48808851274e-52,1.50525373582,0.75262686791
5.658,5658.0,0.001,0.0375000000001,,1.52283095717e-52,1.50503138505,0.752515692525
5.659,5659.0,0.000999999999999,0.0375,,1.55844821236e-52,1.50480686512,0.75240343256
5.66,5660.0,0.001,0.0375000000001,,1.59496364663e-52,1.50458017791,0.752290088955
5.6610000000000005,5661.0,0.001,0.0375000000001,,1.63240128406e-52,1.50435132529,0.752175662645
5.662,5662.0,0.000999999999999,0.0375,,1.67078582371e-52,1.50412030914,0.75206015457
5.663,5663.0,0.001,0.0375000000001,,1.71014265935e-52,1.50388713134,0.75194356567
5.664,5664.0,0.000999999999999,0.0375,,1.7504978999e-52,1.5036517938,0.7518258969
5.665,5665.0,0.001,0.0375000000001,,1.79187839041e-52,1.50343901164,0.75171950582
5.666,5666.0,0.001,0.0375000000001,,1.83431173372e-52,1.50339185538,0.75169592769
5.667,5667.0,0.000999999999999,0.0375,,1.87782631275e-52,1.50334246047,0.751671230235
5.668,5668.0,0.001,0.0375000000001,,1.92245131349e-52,1.50329082798,0.75164541399
5.6690000000000005,5669.0,0.001,0.0375000000001,,1.96821674871e-52,1.50323695903,0.751618479515
5.67,5670.0,0.000999999999999,0.0375,,2.01515348237e-52,1.50318085472,0.75159042736
5.671,5671.0,0.001,0.0375000000001,,2.06329325475e-52,1.50312251617,0.751561258085
5.672,5672.0,0.000999999999999,0.0375,,2.11266870845e-52,1.50306194452,0.75153097226
5.673,5673.0,0.001,0.0375000000001,,2.16331341505e-52,1.50299914089,0.751499570445
5.674,5674.0,0.001,0.0375000000001,,2.21526190274e-52,1.50293410644,0.75146705322
5.675,5675.0,0.000999999999999,0.0375,,2.26854968464e-52,1.50286684233,0.751433421165
5.676,5676.0,0.001,0.0375000000001,,2.32321328815e-52,1.50279734973,0.751398674865
5.6770000000000005,5677.0,0.001,0.0375000000001,,2.37929028507e-52,1.5027256298,0.7513628149
5.678,5678.0,0.000999999999999,0.0375,,2.43681932276e-52,1.50265168375,0.751325841875
5.679,5679.0,0.001,0.0375000000001,,2.49584015614e-52,1.50257551276,0.75128775638
5.68,5680.0,0.000999999999999,0.0375,,2.55639368083e-52,1.50249711805,0.751248559025
5.681,5681.0,0.001,0.0375000000001,,2.61852196719e-52,1.50241650083,0.751208250415
5.682,5682.0,0.001,0.0375000000001,,2.68226829543e-52,1.50233366231,0.751166831155
5.683,5683.0,0.000999999999999,0.0375,,2.74767719192e-52,1.50224860375,0.751124301875
5.684,5684.0,0.001,0.0375000000001,,2.81479446647e-52,1.50216132638,0.75108066319
5.6850000000000005,5685.0,0.001,0.0375000000001,,2.88366725087e-52,1.50207183145,0.751035915725
5.686,5686.0,0.000999999999999,0.0375,,2.95434403858e-52,1.50198012024,0.75099006012
5.687,5687.0,0.001,0.0375000000001,,3.02687472573e-52,1.501886194,0.750943097
5.688,5688.0,0.000999999999999,0.0375,,3.10131065328e-52,1.50179005403,0.750895027015
5.689,5689.0,0.001,0.0375000000001,,3.17770465058e-52,1.50169170161,0.750845850805
5.69,5690.0,0.001,0.0375000000001,,3.25611108029e-52,1.50159113805,0.750795569025
5.691,5691.0,0.000999999999999,0.0375,,3.33658588462e-52,1.50148836465,0.750744182325
5.692,5692.0,0.001,0.0375000000001,,3.41918663316e-52,1.50138338274,0.75069169137
5.6930000000000005,5693.0,0.001,0.0375000000001,,3.50397257204e-52,1.50127619364,0.75063809682
5.694,5694.0,0.000999999999999,0.0375,,3.59100467479e-52,1.5011667987,0.75058339935
5.695,5695.0,0.001,0.0375000000001,,3.68034569465e-52,1.50105519925,0.750527599625
5.696,5696.0,0.000999999999999,0.0375,,3.77206021863e-52,1.50094139666,0.75047069833
5.697,5697.0,0.001,0.0375000000001,,3.86621472324e-52,1.50082539229,0.750412696145
5.698,5698.0,0.001,0.0375000000001,,3.96287763193e-52,1.50070718751,0.750353593755
5.699,5699.0,0.000999999999999,0.0375,,4.06211937438e-52,1.50058678372,0.75029339186
5.7,5700.0,0.001,0.0375000000001,,4.16401244768e-52,1.5004641823,0.75023209115
5.7010000000000005,5701.0,0.001,0.0375000000001,,4.26863147937e-52,1.50033938466,0.75016969233
5.702,5702.0,0.000999999999999,0.0375,,4.37605329253e-52,1.50021239221,0.750106196105
5.703,5703.0,0.001,0.0375000000001,,4.48635697292e-52,1.50008320637,0.750041603185
5.704,5704.0,0.000999999999999,0.0375,,4.59962393821e-52,1.49995182857,0.749975914285
5.705,5705.0,0.001,0.0375000000001,,4.71593800941e-52,1.49981826025,0.749909130125
5.706,5706.0,0.001,0.0375000000001,,4.83538548463e-52,1.49968250286,0.74984125143
5.707,5707.0,0.000999999999999,0.0375,,4.95805521509e-52,1.49954455785,0.749772278925
5.708,5708.0,0.001,0.0375000000001,,5.08403868358e-52,1.4994044267,0.74970221335
5.7090000000000005,5709.0,0.001,0.0375000000001,,5.21343008544e-52,1.49926211088,0.74963105544
5.71,5710.0,0.000999999999999,0.0375,,5.34632641208e-52,1.49911761187,0.749558805935
5.711,5711.0,0.001,0.0375000000001,,5.48282753716e-52,1.49897093117,0.749485465585
5.712,5712.0,0.000999999999999,0.0375,,5.62303630554e-52,1.49882207029,0.749411035145
5.713,5713.0,0.001,0.0375000000001,,5.76705862509e-52,1.49867103072,0.74933551536
5.714,5714.0,0.001,0.0375000000001,,5.91500356134e-52,1.498517814,0.749258907
5.715,5715.0,0.000999999999999,0.0375,,6.06698343525e-52,1.49836242165,0.749181210825
5.716,5716.0,0.001,0.0375000000001,,6.22311392408e-52,1.49820485522,0.74910242761
5.7170000000000005,5717.0,0.001,0.0375000000001,,6.38351416548e-52,1.49804511625,0.749022558125
5.718,5718.0,0.000999999999999,0.0375,,6.54830686492e-52,1.49788320629,0.748941603145
5.719,5719.0,0.001,0.0375000000001,,6.71761840655e-52,1.49771912692,0.74885956346
5.72,5720.0,0.000999999999999,0.0375,,6.89157896767e-52,1.4975528797,0.74877643985
5.721,5721.0,0.001,0.0375000000001,,7.07032263685e-52,1.49738446623,0.748692233115
5.722,5722.0,0.001,0.0375000000001,,7.25398753583e-52,1.49721388809,0.748606944045
5.723,5723.0,0.000999999999999,0.0375,,7.44271594536e-52,1.49704114688,0.74852057344
5.724,5724.0,0.001,0.0375000000001,,7.63665443516e-52,1.49686624422,0.74843312211
5.7250000000000005,5725.0,0.001,0.0375000000001,,7.83595399796e-52,1.49668918172,0.74834459086
5.726,5726.0,0.000999999999999,0.0375,,8.04077018793e-52,1.49650996101,0.748254980505
5.727,5727.0,0.001,0.0375000000001,,8.25126326364e-52,1.49632858373,0.748164291865
5.728,5728.0,0.000999999999999,0.0375,,8.46759833551e-52,1.49614505152,0.74807252576
5.729,5729.0,0.001,0.0375000000001,,8.68994551819e-52,1.49595936603,0.747979683015
5.73,5730.0,0.001,0.0375000000001,,8.91848008775e-52,1.49577152893,0.747885764465
5.731,5731.0,0.000999999999999,0.0375,,9.15338264404e-52,1.49558154189,0.747790770945
5.732,5732.0,0.001,0.0375000000001,,9.39483927833e-52,1.49538940659,0.747694703295
5.7330000000000005,5733.0,0.001,0.0375000000001,,9.64304174636e-52,1.49519512472,0.74759756236
5.734,5734.0,0.000999999999999,0.0375,,9.89818764703e-52,1.49499869796,0.74749934898
5.735,5735.0,0.001,0.0375000000001,,1.01604806069e-51,1.49480012804,0.74740006402
5.736,5736.0,0.000999999999999,0.0375,,1.04301304709e-51,1.49459941666,0.74729970833
5.737,5737.0,0.001,0.0375000000001,,1.07073534987e-51,1.49439656555,0.747198282775
5.738,5738.0,0.001,0.0375000000001,,1.09923725684e-51,1.49419157644,0.74709578822
5.739,5739.0,0.000999999999999,0.0375,,1.12854173859e-51,1.49398445106,0.74699222553
5.74,5740.0,0.001,0.0375000000001,,1.15867247017e-51,1.49377519117,0.746887595585
5.7410000000000005,5741.0,0.001,0.0375000000001,,1.1896538535e-51,1.49356379852,0.74678189926
5.742,5742.0,0.000999999999999,0.0375,,1.22151104042e-51,1.49335027488,0.74667513744
5.743,5743.0,0.001,0.0375000000001,,1.25426995664e-51,1.49313462202,0.74656731101
5.744,5744.0,0.000999999999999,0.0375,,1.28795732631e-51,1.49291684173,0.746458420865
5.745,5745.0,0.001,0.0375000000001,,1.32260069754e-51,1.49269693579,0.746348467895
5.746,5746.0,0.001,0.0375000000001,,1.35822846869e-51,1.49247490601,0.746237453005
5.747,5747.0,0.000999999999999,0.0375,,1.39486991553e-51,1.49225075419,0.746125377095
5.748,5748.0,0.001,0.0375000000001,,1.43255521929e-51,1.49202448215,0.746012241075
5.7490000000000006,5749.0,0.001,0.0375000000001,,1.4713154957e-51,1.49179609171,0.745898045855
5.75,5750.0,0.000999999999999,0.0375,,1.51118282486e-51,1.49156558471,0.745782792355
5.751,5751.0,0.001,0.0375000000001,,1.55219028226e-51,1.49133296298,0.74566648149
5.752,5752.0,0.000999999999999,0.0375,,1.59437197066e-51,1.49109822838,0.74554911419
5.753,5753.0,0.001,0.0375000000001,,1.63776305317e-51,1.49086138276,0.74543069138
5.7540000000000004,5754.0,0.001,0.0375000000001,,1.68239978732e-51,1.490622428,0.745311214
5.755,5755.0,0.000999999999999,0.0375,,1.72831956032e-51,1.49038136595,0.745190682975
5.756,5756.0,0.001,0.0375000000001,,1.77556092549e-51,1.49013819851,0.745069099255
5.757000000000001,5757.0,0.001,0.0375000000001,,1.82416363983e-51,1.48989292756,0.74494646378
5.758,5758.0,0.000999999999999,0.0375,,1.87416870296e-51,1.48964555501,0.744822777505
5.759,5759.0,0.001,0.0375000000001,,1.92561839722e-51,1.48939608276,0.74469804138
5.76,5760.0,0.000999999999999,0.0375,,1.97855632925e-51,1.48914451273,0.744572256365
5.761,5761.0,0.001,0.0375000000001,,2.0330274728e-51,1.48889084684,0.74444542342
5.7620000000000005,5762.0,0.001,0.0375000000001,,2.08907821312e-51,1.48863508702,0.74431754351
5.763,5763.0,0.000999999999999,0.0375,,2.14675639273e-51,1.4883772352,0.7441886176
5.764,5764.0,0.001,0.0375000000001,,2.20611135874e-51,1.48811729335,0.744058646675
5.765,5765.0,0.000999999999999,0.0375,,2.2671940118e-51,1.48785526341,0.743927631705
5.766,5766.0,0.001,0.0375000000001,,2.33005685664e-51,1.48759114734,0.74379557367
5.767,5767.0,0.001,0.0375000000001,,2.3947540543e-51,1.48732494712,0.74366247356
5.768,5768.0,0.000999999999999,0.0375,,2.46134147619e-51,1.48705666473,0.743528332365
5.769,5769.0,0.001,0.0375000000001,,2.52987675984e-51,1.48678630216,0.74339315108
5.7700000000000005,5770.0,0.001,0.0375000000001,,2.60041936662e-51,1.48651386139,0.743256930695
5.771,5771.0,0.000999999999999,0.0375,,2.67303064142e-51,1.48623934444,0.74311967222
5.772,5772.0,0.001,0.0375000000001,,2.74777387421e-51,1.48596275331,0.742981376655
5.773,5773.0,0.000999999999999,0.0375,,2.82471436381e-51,1.48568409003,0.742842045015
5.774,5774.0,0.001,0.0375000000001,,2.90391948377e-51,1.48540335662,0.74270167831
5.775,5775.0,0.001,0.0375000000001,,2.98545875042e-51,1.48512055511,0.742560277555
5.776,5776.0,0.000999999999999,0.0375,,3.06940389331e-51,1.48483568755,0.742417843775
5.777,5777.0,0.001,0.0375000000001,,3.15582892792e-51,1.48454875599,0.742274377995
5.7780000000000005,5778.0,0.001,0.0375000000001,,3.24481023099e-51,1.48425976249,0.742129881245
5.779,5779.0,0.000999999999999,0.0375,,3.33642661823e-51,1.48396870911,0.741984354555
5.78,5780.0,0.001,0.0375000000001,,3.43075942476e-51,1.48367559793,0.741837798965
5.781,5781.0,0.000999999999999,0.0375,,3.52789258831e-51,1.48338043103,0.741690215515
5.782,5782.0,0.001,0.0375000000001,,3.62791273511e-51,1.4830832105,0.74154160525
5.783,5783.0,0.001,0.0375000000001,,3.7309092689e-51,1.48278393843,0.741391969215
5.784,5784.0,0.000999999999999,0.0375,,3.83697446276e-51,1.48248261693,0.741241308465
5.785,5785.0,0.001,0.0375000000001,,3.94620355422e-51,1.48217924811,0.741089624055
5.7860000000000005,5786.0,0.001,0.0375000000001,,4.05869484355e-51,1.48187383409,0.740936917045
5.787,5787.0,0.000999999999999,0.0375,,4.1745497954e-51,1.48156637701,0.740783188505
5.788,5788.0,0.001,0.0375000000001,,4.29387314392e-51,1.48125687898,0.74062843949
5.789,5789.0,0.000999999999999,0.0375,,4.41677300149e-51,1.48094534217,0.740472671085
5.79,5790.0,0.001,0.0375000000001,,4.54336097113e-51,1.48063176871,0.740315884355
5.791,5791.0,0.001,0.0375000000001,,4.67375226279e-51,1.48031616077,0.740158080385
5.792,5792.0,0.000999999999999,0.0375,,4.80806581362e-51,1.47999852051,0.739999260255
5.793,5793.0,0.001,0.0375000000001,,4.94642441235e-51,1.4796788501,0.73983942505
5.7940000000000005,5794.0,0.001,0.0375000000001,,5.08895482796e-51,1.47935715172,0.73967857586
5.795,5795.0,0.000999999999999,0.0375,,5.23578794273e-51,1.47903342757,0.739516713785
5.796,5796.0,0.001,0.0375000000001,,5.38705888992e-51,1.47870767983,0.739353839915
5.797,5797.0,0.000999999999999,0.0375,,5.54290719615e-51,1.47837991071,0.739189955355
5.798,5798.0,0.001,0.0375000000001,,5.70347692869e-51,1.47805012242,0.73902506121
5.799,5799.0,0.001,0.0375000000001,,5.8689168478e-51,1.47771831718,0.73885915859
5.8,5800.0,0.000999999999999,0.0375,,6.03938056441e-51,1.4773844972,0.7386922486
5.801,5801.0,0.001,0.0375000000001,,6.21502670314e-51,1.47704866473,0.738524332365
5.8020000000000005,5802.0,0.001,0.0375000000001,,6.39601907103e-51,1.476710822,0.738355411
5.803,5803.0,0.000999999999999,0.0375,,6.58252683206e-51,1.47637097126,0.73818548563
5.804,5804.0,0.001,0.0375000000001,,6.77472468771e-51,1.47602911476,0.73801455738
5.805,5805.0,0.000999999999999,0.0375,,6.97279306383e-51,1.47568525476,0.73784262738
5.806,5806.0,0.001,0.0375000000001,,7.17691830392e-51,1.47533939354,0.73766969677
5.807,5807.0,0.001,0.0375000000001,,7.38729286917e-51,1.47499153336,0.73749576668
5.808,5808.0,0.000999999999999,0.0375,,7.6041155454e-51,1.47464167651,0.737320838255
5.809,5809.0,0.001,0.0375000000001,,7.82759165721e-51,1.47428982528,0.73714491264
5.8100000000000005,5810.0,0.001,0.0375000000001,,8.05793328965e-51,1.47393598197,0.736967990985
5.811,5811.0,0.000999999999999,0.0375,,8.29535951745e-51,1.47358014887,0.736790074435
5.812,5812.0,0.001,0.0375000000001,,8.54009664242e-51,1.47322232831,0.736611164155
5.813,5813.0,0.000999999999999,0.0375,,8.79237843899e-51,1.4728625226,0.7364312613
5.814,5814.0,0.001,0.0375000000001,,9.05244640838e-51,1.47250073406,0.73625036703
5.815,5815.0,0.001,0.0375000000001,,9.32055004167e-51,1.47213696503,0.736068482515
5.816,5816.0,0.000999999999999,0.0375,,9.59694709198e-51,1.47177121784,0.73588560892
5.817,5817.0,0.001,0.0375000000001,,9.8819038563e-51,1.47140349485,0.735701747425
5.8180000000000005,5818.0,0.001,0.0375000000001,,1.01756954671e-50,1.4710337984,0.7355168992
5.819,5819.0,0.000999999999999,0.0375,,1.04786061941e-50,1.47066213085,0.735331065425
5.82,5820.0,0.001,0.0375000000001,,1.07909297569e-50,1.47028849458,0.73514424729
5.821,5821.0,0.000999999999999,0.0375,,1.11129696482e-50,1.46991289196,0.73495644598
5.822,5822.0,0.001,0.0375000000001,,1.14450394686e-50,1.46953532536,0.73476766268
5.823,5823.0,0.001,0.0375000000001,,1.17874632733e-50,1.46915579718,0.73457789859
5.824,5824.0,0.000999999999999,0.0375,,1.21405759307e-50,1.46877430981,0.734387154905
5.825,5825.0,0.001,0.0375000000001,,1.25047234939e-50,1.46839086565,0.734195432825
5.8260000000000005,5826.0,0.001,0.0375000000001,,1.28802635848e-50,1.46800546711,0.734002733555
5.827,5827.0,0.000999999999999,0.0375,,1.32675657927e-50,1.4676181166,0.7338090583
5.828,5828.0,0.001,0.0375000000001,,1.3667012086e-50,1.46731493302,0.73365746651
5.829,5829.0,0.000999999999999,0.0375,,1.4078997239e-50,1.46722268547,0.733611342735
5.83,5830.0,0.001,0.0375000000001,,1.45039292735e-50,1.46712835418,0.73356417709
5.831,5831.0,0.001,0.0375000000001,,1.49422299164e-50,1.46703194034,0.73351597017
5.832,5832.0,0.000999999999999,0.0375,,1.5394335073e-50,1.46693344518,0.73346672259
5.833,5833.0,0.001,0.0375000000001,,1.58606953177e-50,1.46683286991,0.733416434955
5.8340000000000005,5834.0,0.001,0.0375000000001,,1.63417764015e-50,1.46673021578,0.73336510789
5.835,5835.0,0.000999999999999,0.0375,,1.68380597778e-50,1.46662548402,0.73331274201
5.836,5836.0,0.001,0.0375000000001,,1.73500431471e-50,1.46651867587,0.733259337935
5.837,5837.0,0.000999999999999,0.0375,,1.78782410207e-50,1.4664097926,0.7332048963
5.838,5838.0,0.001,0.0375000000001,,1.84231853046e-50,1.46629883546,0.73314941773
5.839,5839.0,0.001,0.0375000000001,,1.89854259042e-50,1.46618580574,0.73309290287
5.84,5840.0,0.000999999999999,0.0375,,1.9565531351e-50,1.46607070472,0.73303535236
5.841,5841.0,0.001,0.0375000000001,,2.01640894504e-50,1.46595353368,0.73297676684
5.8420000000000005,5842.0,0.001,0.0375000000001,,2.07817079545e-50,1.46583429393,0.732917146965
5.843,5843.0,0.000999999999999,0.0375,,2.14190152571e-50,1.46571298677,0.732856493385
5.844,5844.0,0.001,0.0375000000001,,2.20766611147e-50,1.46558961352,0.73279480676
5.845,5845.0,0.000999999999999,0.0375,,2.27553173932e-50,1.4654641755,0.73273208775
5.846,5846.0,0.001,0.0375000000001,,2.34556788408e-50,1.46533667405,0.732668337025
5.847,5847.0,0.001,0.0375000000001,,2.41784638891e-50,1.46520711049,0.732603555245
5.848,5848.0,0.000999999999999,0.0375,,2.49244154831e-50,1.46507548619,0.732537743095
5.849,5849.0,0.001,0.0375000000001,,2.569430194e-50,1.4649418025,0.73247090125
5.8500000000000005,5850.0,0.001,0.0375000000001,,2.64889178404e-50,1.46480606079,0.732403030395
5.851,5851.0,0.000999999999999,0.0375,,2.73090849501e-50,1.46466826242,0.73233413121
5.852,5852.0,0.001,0.0375000000001,,2.81556531761e-50,1.46452840879,0.732264204395
5.853,5853.0,0.000999999999999,0.0375,,2.90295015565e-50,1.46438650127,0.732193250635
5.854,5854.0,0.001,0.0375000000001,,2.99315392864e-50,1.46424254127,0.732121270635
5.855,5855.0,0.001,0.0375000000001,,3.08627067802e-50,1.46409653019,0.732048265095
5.856,5856.0,0.000999999999999,0.0375,,3.18239767735e-50,1.46394846946,0.73197423473
5.857,5857.0,0.001,0.0375000000001,,3.28163554633e-50,1.46379836048,0.73189918024
5.8580000000000005,5858.0,0.001,0.0375000000001,,3.38408836907e-50,1.46364620469,0.731823102345
5.859,5859.0,0.000999999999999,0.0375,,3.48986381656e-50,1.46349200353,0.731746001765
5.86,5860.0,0.001,0.0375000000001,,3.59907327363e-50,1.46333575845,0.731667879225
5.861,5861.0,0.000999999999999,0.0375,,3.71183197045e-50,1.4631774709,0.73158873545
5.862,5862.0,0.001,0.0375000000001,,3.82825911888e-50,1.46301714235,0.731508571175
5.863,5863.0,0.001,0.0375000000001,,3.94847805373e-50,1.46285477426,0.73142738713
5.864,5864.0,0.000999999999999,0.0375,,4.07261637911e-50,1.46269036811,0.731345184055
5.865,5865.0,0.001,0.0375000000001,,4.20080612019e-50,1.46252392539,0.731261962695
5.8660000000000005,5866.0,0.001,0.0375000000001,,4.33318388043e-50,1.4623554476,0.7311777238
5.867,5867.0,0.000999999999999,0.0375,,4.46989100453e-50,1.46218493624,0.73109246812
5.868,5868.0,0.001,0.0375000000001,,4.61107374735e-50,1.46201239281,0.731006196405
5.869,5869.0,0.000999999999999,0.0375,,4.75688344895e-50,1.46183781884,0.73091890942
5.87,5870.0,0.001,0.0375000000001,,4.9074767161e-50,1.46166121586,0.73083060793
5.871,5871.0,0.001,0.0375000000001,,5.06301561032e-50,1.4614825854,0.7307412927
5.872,5872.0,0.000999999999999,0.0375,,5.22366784286e-50,1.461301929,0.7306509645
5.873,5873.0,0.001,0.0375000000001,,5.38960697681e-50,1.46111924821,0.730559624105
5.8740000000000006,5874.0,0.001,0.0375000000001,,5.56101263659e-50,1.46093454459,0.730467272295
5.875,5875.0,0.000999999999999,0.0375,,5.73807072512e-50,1.46074781971,0.730373909855
5.876,5876.0,0.001,0.0375000000001,,5.92097364897e-50,1.46055907513,0.730279537565
5.877,5877.0,0.000999999999999,0.0375,,6.10992055177e-50,1.46036831245,0.730184156225
5.878,5878.0,0.001,0.0375000000001,,6.30511755619e-50,1.46017553325,0.730087766625
5.8790000000000004,5879.0,0.001,0.0375000000001,,6.5067780148e-50,1.45998073914,0.72999036957
5.88,5880.0,0.000999999999999,0.0375,,6.71512277017e-50,1.4597839317,0.72989196585
5.881,5881.0,0.001,0.0375000000001,,6.93038042459e-50,1.45958511256,0.72979255628
5.882000000000001,5882.0,0.001,0.0375000000001,,7.15278761964e-50,1.45938428334,0.72969214167
5.883,5883.0,0.000999999999999,0.0375,,7.38258932613e-50,1.45918144567,0.729590722835
5.884,5884.0,0.001,0.0375000000001,,7.62003914473e-50,1.45897660117,0.729488300585
5.885,5885.0,0.000999999999999,0.0375,,7.86539961767e-50,1.45876975151,0.729384875755
5.886,5886.0,0.001,0.0375000000001,,8.11894255204e-50,1.45856089832,0.72928044916
5.8870000000000005,5887.0,0.001,0.0375000000001,,8.38094935491e-50,1.45835004326,0.72917502163
5.888,5888.0,0.000999999999999,0.0375,,8.65171138099e-50,1.45813718801,0.729068594005
5.889,5889.0,0.001,0.0375000000001,,8.9315302931e-50,1.45792233423,0.728961167115
5.89,5890.0,0.000999999999999,0.0375,,9.22071843599e-50,1.45770548362,0.72885274181
5.891,5891.0,0.001,0.0375000000001,,9.51959922407e-50,1.45748663785,0.728743318925
5.892,5892.0,0.001,0.0375000000001,,9.8285075435e-50,1.45726579863,0.728632899315
5.893,5893.0,0.000999999999999,0.0375,,1.01477901692e-49,1.45704296765,0.728521483825
5.894,5894.0,0.001,0.0375000000001,,1.04778061975e-49,1.45681814664,0.72840907332
5.8950000000000005,5895.0,0.001,0.0375000000001,,1.08189274947e-49,1.45659133731,0.728295668655
5.896,5896.0,0.000999999999999,0.0375,,1.11715391622e-49,1.45636254139,0.728181270695
5.897,5897.0,0.001,0.0375000000001,,1.15360400196e-49,1.45613176061,0.728065880305
5.898,5898.0,0.000999999999999,0.0375,,1.19128431051e-49,1.45589899672,0.72794949836
5.899,5899.0,0.001,0.0375000000001,,1.2302376195e-49,1.45566425146,0.72783212573
5.9,5900.0,0.001,0.0375000000001,,1.27050823423e-49,1.4554275266,0.7277137633
5.901,5901.0,0.000999999999999,0.0375,,1.31214204355e-49,1.45518882389,0.727594411945
5.902,5902.0,0.001,0.0375000000001,,1.35518657788e-49,1.45494814511,0.727474072555
5.9030000000000005,5903.0,0.001,0.0375000000001,,1.39969106932e-49,1.45470549203,0.727352746015
5.904,5904.0,0.000999999999999,0.0375,,1.44570651408e-49,1.45446086645,0.727230433225
5.905,5905.0,0.001,0.0375000000001,,1.49328573718e-49,1.45421427015,0.727107135075
5.906,5906.0,0.000999999999999,0.0375,,1.54248345967e-49,1.45396570495,0.726982852475
5.907,5907.0,0.001,0.0375000000001,,1.59335636827e-49,1.45371517264,0.72685758632
5.908,5908.0,0.001,0.0375000000001,,1.64596318773e-49,1.45346267505,0.726731337525
5.909,5909.0,0.000999999999999,0.0375,,1.7003647558e-49,1.45320821399,0.726604106995
5.91,5910.0,0.001,0.0375000000001,,1.75662410114e-49,1.45295179129,0.726475895645
5.9110000000000005,5911.0,0.001,0.0375000000001,,1.81480652402e-49,1.4526934088,0.7263467044
5.912,5912.0,0.000999999999999,0.0375,,1.87497968022e-49,1.45243306836,0.72621653418
5.913,5913.0,0.001,0.0375000000001,,1.93721366797e-49,1.45217077182,0.72608538591
5.914,5914.0,0.000999999999999,0.0375,,2.00158111822e-49,1.45190652104,0.72595326052
5.915,5915.0,0.001,0.0375000000001,,2.06815728833e-49,1.45164031788,0.72582015894
5.916,5916.0,0.001,0.0375000000001,,2.13702015923e-49,1.45137216423,0.725686082115
5.917,5917.0,0.000999999999999,0.0375,,2.20825053638e-49,1.45110206195,0.725551030975
5.918,5918.0,0.001,0.0375000000001,,2.28193215441e-49,1.45083001294,0.72541500647
5.9190000000000005,5919.0,0.001,0.0375000000001,,2.35815178581e-49,1.4505560191,0.72527800955
5.92,5920.0,0.000999999999999,0.0375,,2.43699935375e-49,1.45028008232,0.72514004116
5.921,5921.0,0.001,0.0375000000001,,2.51856804906e-49,1.45000220451,0.725001102255
5.922,5922.0,0.000999999999999,0.0375,,2.60295445182e-49,1.4497223876,0.7248611938
5.923,5923.0,0.001,0.0375000000001,,2.69025865744e-49,1.44944063349,0.724720316745
5.924,5924.0,0.001,0.0375000000001,,2.78058440755e-49,1.44915694413,0.724578472065
5.925,5925.0,0.000999999999999,0.0375,,2.87403922592e-49,1.44887132145,0.724435660725
5.926,5926.0,0.001,0.0375000000001,,2.97073455952e-49,1.44858376739,0.724291883695
5.9270000000000005,5927.0,0.001,0.0375000000001,,3.07078592492e-49,1.44829428391,0.724147141955
5.928,5928.0,0.000999999999999,0.0375,,3.17431306034e-49,1.44800287296,0.72400143648
5.929,5929.0,0.001,0.0375000000001,,3.28144008342e-49,1.44770953651,0.723854768255
5.93,5930.0,0.000999999999999,0.0375,,3.39229565509e-49,1.44741427652,0.72370713826
5.931,5931.0,0.001,0.0375000000001,,3.50701314961e-49,1.44711709499,0.723558547495
5.932,5932.0,0.001,0.0375000000001,,3.62573083121e-49,1.44681799389,0.723408996945
5.933,5933.0,0.000999999999999,0.0375,,3.74859203737e-49,1.44651697521,0.723258487605
5.934,5934.0,0.001,0.0375000000001,,3.87574536925e-49,1.44621404096,0.72310702048
5.9350000000000005,5935.0,0.001,0.0375000000001,,4.00734488925e-49,1.44590919314,0.72295459657
5.936,5936.0,0.000999999999999,0.0375,,4.14355032631e-49,1.44560243377,0.722801216885
5.937,5937.0,0.001,0.0375000000001,,4.28452728894e-49,1.44529376485,0.722646882425
5.938,5938.0,0.000999999999999,0.0375,,4.43044748653e-49,1.44498318843,0.722491594215
5.939,5939.0,0.001,0.0375000000001,,4.5814889591e-49,1.44467070653,0.722335353265
5.94,5940.0,0.001,0.0375000000001,,4.73783631588e-49,1.44435632119,0.722178160595
5.941,5941.0,0.000999999999999,0.0375,,4.89968098313e-49,1.44404003447,0.722020017235
5.942,5942.0,0.001,0.0375000000001,,5.06722146137e-49,1.4437218484,0.7218609242
5.9430000000000005,5943.0,0.001,0.0375000000001,,5.24066359268e-49,1.44340176506,0.72170088253
5.944,5944.0,0.000999999999999,0.0375,,5.42022083816e-49,1.4430797865,0.72153989325
5.945,5945.0,0.001,0.0375000000001,,5.60611456616e-49,1.4427559148,0.7213779574
5.946,5946.0,0.000999999999999,0.0375,,5.79857435162e-49,1.44243015205,0.721215076025
5.947,5947.0,0.001,0.0375000000001,,5.99783828697e-49,1.44210250032,0.72105125016
5.948,5948.0,0.001,0.0375000000001,,6.20415330503e-49,1.44177296172,0.72088648086
5.949,5949.0,0.000999999999999,0.0375,,6.41777551443e-49,1.44144153833,0.720720769165
5.95,5950.0,0.001,0.0375000000001,,6.63897054797e-49,1.44110823227,0.720554116135
5.9510000000000005,5951.0,0.001,0.0375000000001,,6.8680139245e-49,1.44077304564,0.72038652282
5.952,5952.0,0.000999999999999,0.0375,,7.1051914248e-49,1.44043598057,0.720217990285
5.953,5953.0,0.001,0.0375000000001,,7.35079948207e-49,1.44009703919,0.720048519595
5.954,5954.0,0.000999999999999,0.0375,,7.60514558751e-49,1.43975622362,0.71987811181
5.955,5955.0,0.001,0.0375000000001,,7.86854871172e-49,1.439413536,0.719706768
5.956,5956.0,0.001,0.0375000000001,,8.14133974243e-49,1.43906897847,0.719534489235
5.957,5957.0,0.000999999999999,0.0375,,8.42386193926e-49,1.4387225532,0.7193612766
5.958,5958.0,0.001,0.0375000000001,,8.71647140617e-49,1.43837426233,0.719187131165
5.9590000000000005,5959.0,0.001,0.0375000000001,,9.01953758233e-49,1.43802410803,0.719012054015
5.96,5960.0,0.000999999999999,0.0375,,9.33344375206e-49,1.43767209247,0.718836046235
5.961,5961.0,0.001,0.0375000000001,,9.65858757472e-49,1.43731821783,0.718659108915
5.962,5962.0,0.000999999999999,0.0375,,9.99538163522e-49,1.43696248628,0.71848124314
5.963,5963.0,0.001,0.0375000000001,,1.0344254016e-48,1.43660490002,0.71830245001
5.964,5964.0,0.001,0.0375000000001,,1.07056488916e-48,1.43624546125,0.718122730625
5.965,5965.0,0.000999999999999,0.0375,,1.10800271459e-48,1.43588417216,0.71794208608
5.966,5966.0,0.001,0.0375000000001,,1.14678670141e-48,1.43552103496,0.71776051748
5.9670000000000005,5967.0,0.001,0.0375000000001,,1.18696647498e-48,1.43515605187,0.717578025935
5.968,5968.0,0.000999999999999,0.0375,,1.22859353177e-48,1.4347892251,0.71739461255
5.969,5969.0,0.001,0.0375000000001,,1.27172131136e-48,1.43442055689,0.717210278445
5.97,5970.0,0.000999999999999,0.0375,,1.31640527136e-48,1.43405004947,0.717025024735
5.971,5971.0,0.001,0.0375000000001,,1.36270296509e-48,1.43367770507,0.716838852535
5.972,5972.0,0.001,0.0375000000001,,1.41067412248e-48,1.43330352594,0.71665176297
5.973,5973.0,0.000999999999999,0.0375,,1.46038073408e-48,1.43292751433,0.716463757165
5.974,5974.0,0.001,0.0375000000001,,1.51188713833e-48,1.43254967249,0.716274836245
5.9750000000000005,5975.0,0.001,0.0375000000001,,1.56526011235e-48,1.4321700027,0.71608500135
5.976,5976.0,0.000999999999999,0.0375,,1.62056896625e-48,1.43178850722,0.71589425361
5.977,5977.0,0.001,0.0375000000001,,1.67788564118e-48,1.43140518832,0.71570259416
5.978,5978.0,0.000999999999999,0.0375,,1.73728481123e-48,1.43102004828,0.71551002414
5.979,5979.0,0.001,0.0375000000001,,1.79884398937e-48,1.4306330894,0.7153165447
5.98,5980.0,0.001,0.0375000000001,,1.86264363752e-48,1.43024431396,0.71512215698
5.981,5981.0,0.000999999999999,0.0375,,1.92876728107e-48,1.42985372427,0.714926862135
5.982,5982.0,0.001,0.0375000000001,,1.99730162783e-48,1.42946132263,0.714730661315
5.9830000000000005,5983.0,0.001,0.0375000000001,,2.06833669173e-48,1.42906711134,0.71453355567
5.984,5984.0,0.000999999999999,0.0375,,2.14196592141e-48,1.42867109274,0.71433554637
5.985,5985.0,0.001,0.0375000000001,,2.21828633391e-48,1.42827326913,0.714136634565
5.986,5986.0,0.000999999999999,0.0375,,2.29739865364e-48,1.42787364285,0.713936821425
5.987,5987.0,0.001,0.0375000000001,,2.37940745688e-48,1.42747221623,0.713736108115
5.988,5988.0,0.001,0.0375000000001,,2.46442132201e-48,1.42706899161,0.713534495805
5.989,5989.0,0.000999999999999,0.0375,,2.55255298571e-48,1.42666397134,0.71333198567
5.99,5990.0,0.001,0.0375000000001,,2.64391950537e-48,1.42625715777,0.713128578885
5.9910000000000005,5991.0,0.001,0.0375000000001,,2.7386424279e-48,1.42584855325,0.712924276625
5.992,5992.0,0.000999999999999,0.0375,,2.8368479654e-48,1.42543816015,0.712719080075
5.993,5993.0,0.001,0.0375000000001,,2.93866717764e-48,1.42502598084,0.71251299042
5.994,5994.0,0.000999999999999,0.0375,,3.04423616197e-48,1.4246120177,0.71230600885
5.995,5995.0,0.001,0.0375000000001,,3.15369625071e-48,1.42419627309,0.712098136545
5.996,5996.0,0.001,0.0375000000001,,3.26719421641e-48,1.42377874941,0.711889374705
5.997,5997.0,0.000999999999999,0.0375,,3.38488248539e-48,1.42335944905,0.711679724525
5.998,5998.0,0.001,0.0375000000001,,3.50691935972e-48,1.42293837441,0.711469187205
5.9990000000000006,5999.0,0.001,0.0375000000001,,3.6334692481e-48,1.42251552788,0.71125776394
6.0,6000.0,0.000999999999999,0.0375,,3.764702906e-48,1.42209091188,0.71104545594
6.001,6001.0,0.001,0.0375000000001,,3.90079768535e-48,1.42166452882,0.71083226441
6.002,6002.0,0.000999999999999,0.0375,,4.04193779433e-48,1.42123638112,0.71061819056
6.003,6003.0,0.001,0.0375000000001,,4.18831456744e-48,1.4208064712,0.7104032356
6.0040000000000004,6004.0,0.001,0.0375000000001,,4.34012674652e-48,1.42037480149,0.710187400745
6.005,6005.0,0.000999999999999,0.0375,,4.49758077297e-48,1.41994137443,0.709970687215
6.006,6006.0,0.001,0.0375000000001,,4.66089109171e-48,1.41950619246,0.70975309623
6.007000000000001,6007.0,0.001,0.0375000000001,,4.83028046739e-48,1.41906925803,0.709534629015
6.008,6008.0,0.000999999999999,0.0375,,5.00598031327e-48,1.41863057359,0.709315286795
6.009,6009.0,0.001,0.0375000000001,,5.18823103333e-48,1.41819014159,0.709095070795
6.01,6010.0,0.000999999999999,0.0375,,5.37728237818e-48,1.4177479645,0.70887398225
6.011,6011.0,0.001,0.0375000000001,,5.5733938153e-48,1.41730404478,0.70865202239
6.0120000000000005,6012.0,0.001,0.0375000000001,,5.77683491414e-48,1.41685838492,0.70842919246
6.013,6013.0,0.000999999999999,0.0375,,5.9878857468e-48,1.41641098738,0.70820549369
6.014,6014.0,0.001,0.0375000000001,,6.20683730493e-48,1.41596185465,0.707980927325
6.015000000000001,6015.0,0.001,0.0375000000001,,6.43399193331e-48,1.41551098922,0.70775549461
6.016,6016.0,0.000999999999999,0.0375,,6.66966378109e-48,1.41505839359,0.707529196795
6.017,6017.0,0.001,0.0375000000001,,6.91417927121e-48,1.41460407025,0.707302035125
6.018,6018.0,0.000999999999999,0.0375,,7.16787758878e-48,1.41414802171,0.707074010855
6.019,6019.0,0.001,0.0375000000001,,7.43111118929e-48,1.41369025048,0.70684512524
6.0200000000000005,6020.0,0.001,0.0375000000001,,7.70424632737e-48,1.41323075907,0.706615379535
6.021,6021.0,0.000999999999999,0.0375,,7.98766360694e-48,1.41276955,0.706384775
6.022,6022.0,0.001,0.0375000000001,,8.28175855373e-48,1.41230662581,0.706153312905
6.023,6023.0,0.000999999999999,0.0375,,8.58694221097e-48,1.41184198901,0.705920994505
6.024,6024.0,0.001,0.0375000000001,,8.90364175934e-48,1.41137564215,0.705687821075
6.025,6025.0,0.001,0.0375000000001,,9.23230116199e-48,1.41090758776,0.70545379388
6.026,6026.0,0.000999999999999,0.0375,,9.57338183588e-48,1.4104378284,0.7052189142
6.027,6027.0,0.001,0.0375000000001,,9.92736335037e-48,1.40996636661,0.704983183305
6.0280000000000005,6028.0,0.001,0.0375000000001,,1.02947441543e-47,1.40949320495,0.704746602475
6.029,6029.0,0.000999999999999,0.0375,,1.06760423325e-47,1.40901834597,0.704509172985
6.03,6030.0,0.001,0.0375000000001,,1.10717963933e-47,1.40854179225,0.704270896125
6.031,6031.0,0.000999999999999,0.0375,,1.14825660884e-47,1.40806354635,0.704031773175
6.032,6032.0,0.001,0.0375000000001,,1.19089332652e-47,1.40758361085,0.703791805425
6.033,6033.0,0.001,0.0375000000001,,1.23515027554e-47,1.40710198834,0.70355099417
6.034,6034.0,0.000999999999999,0.0375,,1.28109032984e-47,1.40661868139,0.703309340695
6.035,6035.0,0.001,0.0375000000001,,1.32877885037e-47,1.40613369259,0.703066846295
6.0360000000000005,6036.0,0.001,0.0375000000001,,1.37828378516e-47,1.40564702455,0.702823512275
6.037,6037.0,0.000999999999999,0.0375,,1.42967577356e-47,1.40515867985,0.702579339925
6.038,6038.0,0.001,0.0375000000001,,1.48302825473e-47,1.40466866111,0.702334330555
6.039,6039.0,0.000999999999999,0.0375,,1.53841758051e-47,1.40417697093,0.702088485465
6.04,6040.0,0.001,0.0375000000001,,1.59592313306e-47,1.40368361194,0.70184180597
6.041,6041.0,0.001,0.0375000000001,,1.65562744715e-47,1.40318858674,0.70159429337
6.042,6042.0,0.000999999999999,0.0375,,1.71761633759e-47,1.40269189796,0.70134594898
6.043,6043.0,0.001,0.0375000000001,,1.78197903186e-47,1.40219354822,0.70109677411
6.0440000000000005,6044.0,0.001,0.0375000000001,,1.84880830819e-47,1.40169354018,0.70084677009
6.045,6045.0,0.000999999999999,0.0375,,1.91820063929e-47,1.40119187644,0.70059593822
6.046,6046.0,0.001,0.0375000000001,,1.99025634203e-47,1.40068855968,0.70034427984
6.047,6047.0,0.000999999999999,0.0375,,2.06507973324e-47,1.40018359252,0.70009179626
6.048,6048.0,0.001,0.0375000000001,,2.142779292e-47,1.39996888731,0.699984443655
6.049,6049.0,0.001,0.0375000000001,,2.22346782852e-47,1.39977278157,0.699886390785
6.05,6050.0,0.000999999999999,0.0375,,2.30726266004e-47,1.39957467549,0.699787337745
6.051,6051.0,0.001,0.0375000000001,,2.394285794e-47,1.39937457068,0.69968728534
6.0520000000000005,6052.0,0.001,0.0375000000001,,2.48466411873e-47,1.39917246873,0.699586234365
6.053,6053.0,0.000999999999999,0.0375,,2.57852960204e-47,1.39896837127,0.699484185635
6.054,6054.0,0.001,0.0375000000001,,2.67601949799e-47,1.39876227994,0.69938113997
6.055,6055.0,0.000999999999999,0.0375,,2.77727656227e-47,1.39855419636,0.69927709818
6.056,6056.0,0.001,0.0375000000001,,2.88244927642e-47,1.39834412219,0.699172061095
6.057,6057.0,0.001,0.0375000000001,,2.99169208136e-47,1.39813205907,0.699066029535
6.058,6058.0,0.000999999999999,0.0375,,3.10516562065e-47,1.39791800868,0.69895900434
6.059,6059.0,0.001,0.0375000000001,,3.2230369937e-47,1.39770197266,0.69885098633
6.0600000000000005,6060.0,0.001,0.0375000000001,,3.34548001963e-47,1.39748395271,0.698741976355
6.061,6061.0,0.000999999999999,0.0375,,3.47267551196e-47,1.39726395051,0.698631975255
6.062,6062.0,0.001,0.0375000000001,,3.60481156477e-47,1.39704196775,0.698520983875
6.063,6063.0,0.000999999999999,0.0375,,3.74208385075e-47,1.39681800613,0.698409003065
6.064,6064.0,0.001,0.0375000000001,,3.88469593156e-47,1.39659206735,0.698296033675
6.065,6065.0,0.001,0.0375000000001,,4.03285958122e-47,1.39636415314,0.69818207657
6.066,6066.0,0.000999999999999,0.0375,,4.18679512285e-47,1.39613426522,0.69806713261
6.067,6067.0,0.001,0.0375000000001,,4.3467317795e-47,1.39590240532,0.69795120266
6.0680000000000005,6068.0,0.001,0.0375000000001,,4.51290803951e-47,1.39566857518,0.69783428759
6.069,6069.0,0.000999999999999,0.0375,,4.68557203724e-47,1.39543277654,0.69771638827
6.07,6070.0,0.001,0.0375000000001,,4.86498194951e-47,1.39519501117,0.697597505585
6.071,6071.0,0.000999999999999,0.0375,,5.05140640872e-47,1.39495528082,0.69747764041
6.072,6072.0,0.001,0.0375000000001,,5.24512493315e-47,1.39471358726,0.69735679363
6.073,6073.0,0.001,0.0375000000001,,5.44642837525e-47,1.39446993227,0.697234966135
6.074,6074.0,0.000999999999999,0.0375,,5.65561938865e-47,1.39422431765,0.697112158825
6.075,6075.0,0.001,0.0375000000001,,5.87301291477e-47,1.39397674517,0.696988372585
6.0760000000000005,6076.0,0.001,0.0375000000001,,6.0989366897e-47,1.39372721665,0.696863608325
6.077,6077.0,0.000999999999999,0.0375,,6.33373177234e-47,1.39347573388,0.69673786694
6.078,6078.0,0.001,0.0375000000001,,6.57775309472e-47,1.3932222987,0.69661114935
6.079,6079.0,0.000999999999999,0.0375,,6.83137003529e-47,1.39296691291,0.696483456455
6.08,6080.0,0.001,0.0375000000001,,7.09496701632e-47,1.39270957836,0.69635478918
6.081,6081.0,0.001,0.0375000000001,,7.36894412637e-47,1.39245029688,0.69622514844
6.082,6082.0,0.000999999999999,0.0375,,7.65371776881e-47,1.39218907031,0.696094535155
6.083,6083.0,0.001,0.0375000000001,,7.94972133773e-47,1.39192590052,0.69596295026
6.0840000000000005,6084.0,0.001,0.0375000000001,,8.25740592212e-47,1.39166078935,0.695830394675
6.085,6085.0,0.000999999999999,0.0375,,8.57724103972e-47,1.39139373869,0.695696869345
6.086,6086.0,0.001,0.0375000000001,,8.9097154018e-47,1.39112475041,0.695562375205
6.087,6087.0,0.000999999999999,0.0375,,9.25533771002e-47,1.39085382639,0.695426913195
6.088,6088.0,0.001,0.0375000000001,,9.61463748697e-47,1.39058096852,0.69529048426
6.089,6089.0,0.001,0.0375000000001,,9.98816594165e-47,1.39030617871,0.695153089355
6.09,6090.0,0.000999999999999,0.0375,,1.03764968715e-46,1.39002945885,0.695014729425
6.091,6091.0,0.001,0.0375000000001,,1.07802276023e-46,1.38975081086,0.69487540543
6.0920000000000005,6092.0,0.001,0.0375000000001,,1.11999799682e-46,1.38953600206,0.69476800103
6.093,6093.0,0.000999999999999,0.0375,,1.16364013325e-46,1.38948088316,0.69474044158
6.094,6094.0,0.001,0.0375000000001,,1.20901656523e-46,1.38942374401,0.694711872005
6.095,6095.0,0.000999999999999,0.0375,,1.25619745873e-46,1.38936458557,0.694682292785
6.096,6096.0,0.001,0.0375000000001,,1.30525586564e-46,1.38930340884,0.69465170442
6.097,6097.0,0.001,0.0375000000001,,1.35626784427e-46,1.38924021478,0.69462010739
6.098,6098.0,0.000999999999999,0.0375,,1.40931258498e-46,1.38917500441,0.694587502205
6.099,6099.0,0.001,0.0375000000001,,1.46447254109e-46,1.38910777873,0.694553889365
6.1000000000000005,6100.0,0.001,0.0375000000001,,1.5218335654e-46,1.38903853874,0.69451926937
6.101,6101.0,0.000999999999999,0.0375,,1.58148505248e-46,1.38896728547,0.694483642735
6.102,6102.0,0.001,0.0375000000001,,1.64352008696e-46,1.38889401995,0.694447009975
6.103,6103.0,0.000999999999999,0.0375,,1.70803559818e-46,1.38881874321,0.694409371605
6.104,6104.0,0.001,0.0375000000001,,1.77513252138e-46,1.38874145631,0.694370728155
6.105,6105.0,0.001,0.0375000000001,,1.84491596569e-46,1.3886621603,0.69433108015
6.106,6106.0,0.000999999999999,0.0375,,1.91749538941e-46,1.38858085625,0.694290428125
6.107,6107.0,0.001,0.0375000000001,,1.99298478258e-46,1.38849754522,0.69424877261
6.1080000000000005,6108.0,0.001,0.0375000000001,,2.07150285742e-46,1.3884122283,0.69420611415
6.109,6109.0,0.000999999999999,0.0375,,2.15317324687e-46,1.38832490658,0.69416245329
6.11,6110.0,0.001,0.0375000000001,,2.2381247116e-46,1.38823558115,0.694117790575
6.111,6111.0,0.000999999999999,0.0375,,2.32649135579e-46,1.38814425312,0.69407212656
6.112,6112.0,0.001,0.0375000000001,,2.4184128522e-46,1.38805092361,0.694025461805
6.113,6113.0,0.001,0.0375000000001,,2.5140346768e-46,1.38795559373,0.693977796865
6.114,6114.0,0.000999999999999,0.0375,,2.61350835339e-46,1.38785826462,0.69392913231
6.115,6115.0,0.001,0.0375000000001,,2.71699170876e-46,1.38775893743,0.693879468715
6.1160000000000005,6116.0,0.001,0.0375000000001,,2.8246491387e-46,1.38765761329,0.693828806645
6.117,6117.0,0.000999999999999,0.0375,,2.93665188538e-46,1.38755429336,0.69377714668
6.118,6118.0,0.001,0.0375000000001,,3.05317832664e-46,1.38744897881,0.693724489405
6.119,6119.0,0.000999999999999,0.0375,,3.17441427765e-46,1.38734167081,0.693670835405
6.12,6120.0,0.001,0.0375000000001,,3.30055330548e-46,1.38723237054,0.69361618527
6.121,6121.0,0.001,0.0375000000001,,3.43179705719e-46,1.3871210792,0.6935605396
6.122,6122.0,0.000999999999999,0.0375,,3.56835560196e-46,1.38700779797,0.693503898985
6.123,6123.0,0.001,0.0375000000001,,3.71044778791e-46,1.38689252807,0.693446264035
6.1240000000000006,6124.0,0.001,0.0375000000001,,3.85830161423e-46,1.38677527071,0.693387635355
6.125,6125.0,0.000999999999999,0.0375,,4.01215461934e-46,1.38665602711,0.693328013555
6.126,6126.0,0.001,0.0375000000001,,4.17225428563e-46,1.3865347985,0.69326739925
6.127,6127.0,0.000999999999999,0.0375,,4.33885846174e-46,1.38641158612,0.69320579306
6.128,6128.0,0.001,0.0375000000001,,4.5122358029e-46,1.38628639122,0.69314319561
6.1290000000000004,6129.0,0.001,0.0375000000001,,4.69266623025e-46,1.38615921506,0.69307960753
6.13,6130.0,0.000999999999999,0.0375,,4.88044140996e-46,1.38603005889,0.693015029445
6.131,6131.0,0.001,0.0375000000001,,5.07586525297e-46,1.38589892399,0.692949461995
6.132000000000001,6132.0,0.001,0.0375000000001,,5.27925443629e-46,1.38576581164,0.69288290582
6.133,6133.0,0.000999999999999,0.0375,,5.49093894678e-46,1.38563072313,0.692815361565
6.134,6134.0,0.001,0.0375000000001,,5.71126264836e-46,1.38549365974,0.69274682987
6.135,6135.0,0.000999999999999,0.0375,,5.94058387376e-46,1.38535462279,0.692677311395
6.136,6136.0,0.001,0.0375000000001,,6.1792760418e-46,1.38521361359,0.692606806795
6.1370000000000005,6137.0,0.001,0.0375000000001,,6.42772830133e-46,1.38507063346,0.69253531673
6.138,6138.0,0.000999999999999,0.0375,,6.68634620306e-46,1.38492568372,0.69246284186
6.139,6139.0,0.001,0.0375000000001,,6.95555240039e-46,1.38477876571,0.692389382855
6.140000000000001,6140.0,0.001,0.0375000000001,,7.23578738063e-46,1.38462988078,0.69231494039
6.141,6141.0,0.000999999999999,0.0375,,7.52751022784e-46,1.38447903027,0.692239515135
6.142,6142.0,0.001,0.0375000000001,,7.8311994187e-46,1.38432621556,0.69216310778
6.143,6143.0,0.000999999999999,0.0375,,8.14735365299e-46,1.38417143799,0.692085718995
6.144,6144.0,0.001,0.0375000000001,,8.47649271991e-46,1.38401469896,0.69200734948
6.1450000000000005,6145.0,0.001,0.0375000000001,,8.81915840212e-46,1.38385599985,0.691927999925
6.146,6146.0,0.000999999999999,0.0375,,9.17591541897e-46,1.38369534204,0.69184767102
6.147,6147.0,0.001,0.0375000000001,,9.5473524107e-46,1.38353272694,0.69176636347
6.148,6148.0,0.000999999999999,0.0375,,9.93408296537e-46,1.38336815596,0.69168407798
6.149,6149.0,0.001,0.0375000000001,,1.03367466905e-45,1.3832016305,0.69160081525
6.15,6150.0,0.001,0.0375000000001,,1.07560103313e-45,1.383033152,0.691516576
6.151,6151.0,0.000999999999999,0.0375,,1.11925689375e-45,1.38286272188,0.69143136094
6.152,6152.0,0.001,0.0375000000001,,1.16471470808e-45,1.38269034158,0.69134517079
6.1530000000000005,6153.0,0.001,0.0375000000001,,1.21205001262e-45,1.38251601256,0.69125800628
6.154,6154.0,0.000999999999999,0.0375,,1.26134155572e-45,1.38233973626,0.69116986813
6.155,6155.0,0.001,0.0375000000001,,1.31267143604e-45,1.38216151415,0.691080757075
6.156,6156.0,0.000999999999999,0.0375,,1.36612524692e-45,1.38198134769,0.690990673845
6.157,6157.0,0.001,0.0375000000001,,1.42179222717e-45,1.38179923837,0.690899619185
6.158,6158.0,0.001,0.0375000000001,,1.4797654183e-45,1.38161518767,0.690807593835
6.159,6159.0,0.000999999999999,0.0375,,1.54014182877e-45,1.38142919709,0.690714598545
6.16,6160.0,0.001,0.0375000000001,,1.60302260527e-45,1.38124126812,0.69062063406
6.1610000000000005,6161.0,0.001,0.0375000000001,,1.66851321164e-45,1.38105140227,0.690525701135
6.162,6162.0,0.000999999999999,0.0375,,1.73672361548e-45,1.38085960107,0.690429800535
6.163,6163.0,0.001,0.0375000000001,,1.80776848302e-45,1.38066586603,0.690332933015
6.164,6164.0,0.000999999999999,0.0375,,1.88176738247e-45,1.38047019869,0.690235099345
6.165,6165.0,0.001,0.0375000000001,,1.9588449963e-45,1.38027260058,0.69013630029
6.166,6166.0,0.001,0.0375000000001,,2.03913134283e-45,1.38007307326,0.69003653663
6.167,6167.0,0.000999999999999,0.0375,,2.12276200749e-45,1.37987161827,0.689935809135
6.168,6168.0,0.001,0.0375000000001,,2.20987838431e-45,1.37966823719,0.689834118595
6.1690000000000005,6169.0,0.001,0.0375000000001,,2.30062792792e-45,1.37946293157,0.689731465785
6.17,6170.0,0.000999999999999,0.0375,,2.39516441666e-45,1.379255703,0.6896278515
6.171,6171.0,0.001,0.0375000000001,,2.49364822723e-45,1.37904655306,0.68952327653
6.172,6172.0,0.000999999999999,0.0375,,2.59624662146e-45,1.37883548335,0.689417741675
6.173,6173.0,0.001,0.0375000000001,,2.70313404559e-45,1.37862249546,0.68931124773
6.174,6174.0,0.001,0.0375000000001,,2.81449244282e-45,1.378407591,0.6892037955
6.175,6175.0,0.000999999999999,0.0375,,2.93051157955e-45,1.37819077159,0.689095385795
6.176,6176.0,0.001,0.0375000000001,,3.05138938601e-45,1.37797203885,0.688986019425
6.1770000000000005,6177.0,0.001,0.0375000000001,,3.17733231185e-45,1.3777513944,0.6888756972
6.178,6178.0,0.000999999999999,0.0375,,3.30855569752e-45,1.37752883989,0.688764419945
6.179,6179.0,0.001,0.0375000000001,,3.44528416186e-45,1.37730437696,0.68865218848
6.18,6180.0,0.000999999999999,0.0375,,3.58775200691e-45,1.37707800726,0.68853900363
6.181,6181.0,0.001,0.0375000000001,,3.73620364054e-45,1.37684973245,0.688424866225
6.182,6182.0,0.001,0.0375000000001,,3.89089401773e-45,1.3766195542,0.6883097771
6.183,6183.0,0.000999999999999,0.0375,,4.05208910139e-45,1.37638747418,0.68819373709
6.184,6184.0,0.001,0.0375000000001,,4.22006634344e-45,1.37615349407,0.688076747035
6.1850000000000005,6185.0,0.001,0.0375000000001,,4.39511518732e-45,1.37591761557,0.687958807785
6.186,6186.0,0.000999999999999,0.0375,,4.57753759255e-45,1.37567984036,0.68783992018
6.187,6187.0,0.001,0.0375000000001,,4.76764858262e-45,1.37544017016,0.68772008508
6.188,6188.0,0.000999999999999,0.0375,,4.96577681714e-45,1.37519860666,0.68759930333
6.189,6189.0,0.001,0.0375000000001,,5.17226518921e-45,1.37495515159,0.687477575795
6.19,6190.0,0.001,0.0375000000001,,5.38747144942e-45,1.37470980668,0.68735490334
6.191,6191.0,0.000999999999999,0.0375,,5.61176885738e-45,1.37446257365,0.687231286825
6.192,6192.0,0.001,0.0375000000001,,5.84554686224e-45,1.37421345425,0.687106727125
6.1930000000000005,6193.0,0.001,0.0375000000001,,6.08921181333e-45,1.37396245022,0.68698122511
6.194,6194.0,0.000999999999999,0.0375,,6.34318770241e-45,1.37370956331,0.686854781655
6.195,6195.0,0.001,0.0375000000001,,6.60791693883e-45,1.37345479529,0.686727397645
6.196,6196.0,0.000999999999999,0.0375,,6.88386115914e-45,1.37319814793,0.686599073965
6.197,6197.0,0.001,0.0375000000001,,7.17150207273e-45,1.37293962299,0.686469811495
6.198,6198.0,0.001,0.0375000000001,,7.47134234504e-45,1.37267922227,0.686339611135
6.199,6199.0,0.000999999999999,0.0375,,7.78390652002e-45,1.37241694754,0.68620847377
6.2,6200.0,0.001,0.0375000000001,,8.10974198374e-45,1.37215280061,0.686076400305
6.2010000000000005,6201.0,0.001,0.0375000000001,,8.4494199708e-45,1.37188678328,0.68594339164
6.202,6202.0,0.000999999999999,0.0375,,8.8035366157e-45,1.37161889737,0.685809448685
6.203,6203.0,0.001,0.0375000000001,,9.17271405091e-45,1.37134914467,0.685674572335
6.204,6204.0,0.000999999999999,0.0375,,9.55760155405e-45,1.37107752703,0.685538763515
6.205,6205.0,0.001,0.0375000000001,,9.95887674611e-45,1.37080404628,0.68540202314
6.206,6206.0,0.001,0.0375000000001,,1.03772468432e-44,1.37052870424,0.68526435212
6.207,6207.0,0.000999999999999,0.0375,,1.08134499644e-44,1.37025150277,0.685125751385
6.208,6208.0,0.001,0.0375000000001,,1.12682564972e-44,1.36997244372,0.68498622186
6.2090000000000005,6209.0,0.001,0.0375000000001,,1.17424705253e-44,1.36969152894,0.68484576447
6.21,6210.0,0.000999999999999,0.0375,,1.22369313191e-44,1.36940876031,0.684704380155
6.211,6211.0,0.001,0.0375000000001,,1.2752514893e-44,1.3691241397,0.68456206985
6.212,6212.0,0.000999999999999,0.0375,,1.32901356331e-44,1.36883766898,0.68441883449
6.213,6213.0,0.001,0.0375000000001,,1.38507479971e-44,1.36854935004,0.68427467502
6.214,6214.0,0.001,0.0375000000001,,1.443534829e-44,1.36825918477,0.684129592385
6.215,6215.0,0.000999999999999,0.0375,,1.50449765205e-44,1.36796717508,0.68398358754
6.216,6216.0,0.001,0.0375000000001,,1.56807183396e-44,1.36767332288,0.68383666144
6.2170000000000005,6217.0,0.001,0.0375000000001,,1.63437070662e-44,1.36737763006,0.68368881503
6.218,6218.0,0.000999999999999,0.0375,,1.70351258041e-44,1.36708009857,0.683540049285
6.219,6219.0,0.001,0.0375000000001,,1.77562096536e-44,1.36678073031,0.683390365155
6.22,6220.0,0.000999999999999,0.0375,,1.85082480225e-44,1.36647952723,0.683239763615
6.221,6221.0,0.001,0.0375000000001,,1.92925870405e-44,1.36617649127,0.683088245635
6.222,6222.0,0.001,0.0375000000001,,2.01106320828e-44,1.36587162437,0.682935812185
6.223,6223.0,0.000999999999999,0.0375,,2.09638504066e-44,1.36556492849,0.682782464245
6.224,6224.0,0.001,0.0375000000001,,2.18537739063e-44,1.36525640559,0.682628202795
6.2250000000000005,6225.0,0.001,0.0375000000001,,2.27820019925e-44,1.36494605763,0.682473028815
6.226,6226.0,0.000999999999999,0.0375,,2.37502046009e-44,1.36479480617,0.682397403085
6.227,6227.0,0.001,0.0375000000001,,2.47601253364e-44,1.36470844619,0.682354223095
6.228,6228.0,0.000999999999999,0.0375,,2.58135847587e-44,1.36462018615,0.682310093075
6.229,6229.0,0.001,0.0375000000001,,2.69124838165e-44,1.36453002709,0.682265013545
6.23,6230.0,0.001,0.0375000000001,,2.80588074357e-44,1.36443797008,0.68221898504
6.231,6231.0,0.000999999999999,0.0375,,2.925462827e-44,1.36434401617,0.682172008085
6.232,6232.0,0.001,0.0375000000001,,3.05021106207e-44,1.36424816646,0.68212408323
6.2330000000000005,6233.0,0.001,0.0375000000001,,3.1803514533e-44,1.364150422,0.682075211
6.234,6234.0,0.000999999999999,0.0375,,3.31612000777e-44,1.36405078391,0.682025391955
6.235,6235.0,0.001,0.0375000000001,,3.45776318259e-44,1.36394925326,0.68197462663
6.236,6236.0,0.000999999999999,0.0375,,3.60553835263e-44,1.36384583117,0.681922915585
6.237,6237.0,0.001,0.0375000000001,,3.75971429939e-44,1.36374051874,0.68187025937
6.238,6238.0,0.001,0.0375000000001,,3.92057172191e-44,1.3636333171,0.68181665855
6.239,6239.0,0.000999999999999,0.0375,,4.08840377089e-44,1.36352422737,0.681762113685
6.24,6240.0,0.001,0.0375000000001,,4.26351660696e-44,1.36341325069,0.681706625345
6.2410000000000005,6241.0,0.001,0.0375000000001,,4.44622998415e-44,1.3633003882,0.6816501941
6.242,6242.0,0.000999999999999,0.0375,,4.63687785992e-44,1.36318564105,0.681592820525
6.243,6243.0,0.001,0.0375000000001,,4.83580903272e-44,1.36306901039,0.681534505195
6.244,6244.0,0.000999999999999,0.0375,,5.04338780851e-44,1.3629504974,0.6814752487
6.245,6245.0,0.001,0.0375000000001,,5.25999469748e-44,1.36283010323,0.681415051615
6.246,6246.0,0.001,0.0375000000001,,5.48602714244e-44,1.36270782908,0.68135391454
6.247,6247.0,0.000999999999999,0.0375,,5.72190028017e-44,1.36258367612,0.68129183806
6.248,6248.0,0.001,0.0375000000001,,5.96804773741e-44,1.36245764556,0.68122882278
6.2490000000000006,6249.0,0.001,0.0375000000001,,6.22492246302e-44,1.36232973859,0.681164869295
6.25,6250.0,0.000999999999999,0.0375,,6.49299759787e-44,1.36219995643,0.681099978215
6.251,6251.0,0.001,0.0375000000001,,6.77276738438e-44,1.36206830029,0.681034150145
6.252,6252.0,0.000999999999999,0.0375,,7.06474811731e-44,1.36193477139,0.680967385695
6.253,6253.0,0.001,0.0375000000001,,7.36947913793e-44,1.36179937097,0.680899685485
6.2540000000000004,6254.0,0.001,0.0375000000001,,7.68752387333e-44,1.36166210027,0.680831050135
6.255,6255.0,0.000999999999999,0.0375,,8.01947092308e-44,1.36152296052,0.68076148026
6.256,6256.0,0.001,0.0375000000001,,8.36593519544e-44,1.36138195299,0.680690976495
6.257000000000001,6257.0,0.001,0.0375000000001,,8.72755909525e-44,1.36123907894,0.68061953947
6.258,6258.0,0.000999999999999,0.0375,,9.10501376605e-44,1.36109433963,0.680547169815
6.259,6259.0,0.001,0.0375000000001,,9.49900038876e-44,1.36094773634,0.68047386817
6.26,6260.0,0.000999999999999,0.0375,,9.91025153969e-44,1.36079927035,0.680399635175
6.261,6261.0,0.001,0.0375000000001,,1.03395326104e-43,1.36064894296,0.68032447148
6.2620000000000005,6262.0,0.001,0.0375000000001,,1.07876432927e-43,1.36049675545,0.680248377725
6.263,6263.0,0.000999999999999,0.0375,,1.12554191307e-43,1.36034270915,0.680171354575
6.264,6264.0,0.001,0.0375000000001,,1.1743733145e-43,1.36018680534,0.68009340267
6.265000000000001,6265.0,0.001,0.0375000000001,,1.22534975297e-43,1.36002904537,0.680014522685
6.266,6266.0,0.000999999999999,0.0375,,1.27856654283e-43,1.35986943054,0.67993471527
6.267,6267.0,0.001,0.0375000000001,,1.33412327899e-43,1.3597079622,0.6798539811
6.268,6268.0,0.000999999999999,0.0375,,1.39212403107e-43,1.35954464169,0.679772320845
6.269,6269.0,0.001,0.0375000000001,,1.45267754644e-43,1.35937947036,0.67968973518
6.2700000000000005,6270.0,0.001,0.0375000000001,,1.51589746255e-43,1.35921244955,0.679606224775
6.271,6271.0,0.000999999999999,0.0375,,1.58190252899e-43,1.35904358063,0.679521790315
6.272,6272.0,0.001,0.0375000000001,,1.65081683969e-43,1.35887286498,0.67943643249
6.273,6273.0,0.000999999999999,0.0375,,1.72277007588e-43,1.35870030396,0.67935015198
6.274,6274.0,0.001,0.0375000000001,,1.79789775999e-43,1.35852589897,0.679262949485
6.275,6275.0,0.001,0.0375000000001,,1.87634152144e-43,1.35834965139,0.679174825695
6.276,6276.0,0.000999999999999,0.0375,,1.9582493744e-43,1.35817156261,0.679085781305
6.277,6277.0,0.001,0.0375000000001,,2.04377600847e-43,1.35799163406,0.67899581703
6.2780000000000005,6278.0,0.001,0.0375000000001,,2.13308309264e-43,1.35780986712,0.67890493356
6.279,6279.0,0.000999999999999,0.0375,,2.22633959319e-43,1.35762626324,0.67881313162
6.28,6280.0,0.001,0.0375000000001,,2.32372210625e-43,1.35744082383,0.678720411915
6.281,6281.0,0.000999999999999,0.0375,,2.42541520564e-43,1.35725355032,0.67862677516
6.282,6282.0,0.001,0.0375000000001,,2.53161180669e-43,1.35706444415,0.678532222075
6.283,6283.0,0.001,0.0375000000001,,2.64251354681e-43,1.35687350678,0.67843675339
6.283185307179586,6284.0,0.000185307179586,0.00694901923448,,2.66359787533e-43,1.35683778565,0.678418892825
