cell,x,y,z,volume,initial,numerical,exact,error,absError
0,1.6666666666600001e-02,1.6666666666700001e-02,5.0000000000000003e-02,1.2500000000000000e-04,2.0791169081755451e-01,1.0535357409100000e-01,2.0791169086672134e-01,-1.0255811677572134e-01,1.0255811677572134e-01
1,3.3333333333299998e-02,3.3333333333499998e-02,5.0000000000000003e-02,1.2500000000000000e-04,4.0673664307656548e-01,2.8169506921400000e-01,4.0673664312248542e-01,-1.2504157390848541e-01,1.2504157390848541e-01
2,3.3333333333299998e-02,6.6666666666900007e-02,5.0000000000000003e-02,1.2500000000000000e-04,5.8778525229348977e-01,5.1928783560600000e-01,5.8778525233415524e-01,-6.8497416728155236e-02,6.8497416728155236e-02
3,1.6666666666600001e-02,8.3333333333699994e-02,5.0000000000000003e-02,1.2500000000000000e-04,5.8778525229399792e-01,5.1928783560199998e-01,5.8778525233466394e-01,-6.8497416732663963e-02,6.8497416732663963e-02
4,1.6666666666600001e-02,1.1666666666700000e-01,5.0000000000000003e-02,1.2500000000000000e-04,7.4314482547851535e-01,6.2559680617900004e-01,7.4314482551215044e-01,-1.1754801933315040e-01,1.1754801933315040e-01
5,3.3333333333299998e-02,1.3333333333399999e-01,5.0000000000000003e-02,1.2500000000000000e-04,8.6602540378642823e-01,7.5488888728400005e-01,8.6602540381156146e-01,-1.1113651652756140e-01,1.1113651652756140e-01
6,3.3333333333299998e-02,1.6666666666700000e-01,5.0000000000000003e-02,1.2500000000000000e-04,9.5105651629573607e-01,8.6697634779900001e-01,9.5105651631126908e-01,-8.4080168512269071e-02,8.4080168512269071e-02
7,1.6666666666700001e-02,1.8333333333400001e-01,5.0000000000000003e-02,1.2500000000000000e-04,9.5105651629651267e-01,8.6697634779699995e-01,9.5105651631204580e-01,-8.4080168515045850e-02,8.4080168515045850e-02
8,1.6666666666700001e-02,2.1666666666800000e-01,5.0000000000000003e-02,1.2500000000000000e-04,9.9452189536917091e-01,9.0688332156499996e-01,9.9452189537442526e-01,-8.7638573809425302e-02,8.7638573809425302e-02
9,3.3333333333299998e-02,2.3333333333400000e-01,5.0000000000000003e-02,1.2500000000000000e-04,9.9452189536785740e-01,9.3974080814500005e-01,9.9452189536260316e-01,-5.4781087217603108e-02,5.4781087217603108e-02
10,3.3333333333299998e-02,2.6666666666799999e-01,5.0000000000000003e-02,1.2500000000000000e-04,9.5105651629262955e-01,8.8350936257699997e-01,9.5105651627709653e-01,-6.7547153700096563e-02,6.7547153700096563e-02
11,1.6666666666700001e-02,2.8333333333400001e-01,5.0000000000000003e-02,1.2500000000000000e-04,9.5105651629379440e-01,8.8350936257599999e-01,9.5105651627826138e-01,-6.7547153702261387e-02,6.7547153702261387e-02
12,1.6666666666700001e-02,3.1666666666799997e-01,5.0000000000000003e-02,1.2500000000000000e-04,8.6602540378014503e-01,8.4177123194299996e-01,8.6602540375501247e-01,-2.4254171812012504e-02,2.4254171812012504e-02
13,3.3333333333299998e-02,3.3333333333499998e-01,5.0000000000000003e-02,1.2500000000000000e-04,7.4314482547052729e-01,7.6564368090799995e-01,7.4314482543689275e-01,2.2498855471107193e-02,2.2498855471107193e-02
14,3.3333333333299998e-02,3.6666666666800002e-01,5.0000000000000003e-02,1.2500000000000000e-04,5.8778525228586465e-01,5.6257183022799995e-01,5.8778525224519929e-01,-2.5213422017199338e-02,2.5213422017199338e-02
15,1.6666666666700001e-02,3.8333333333500003e-01,5.0000000000000003e-02,1.2500000000099999e-04,5.8778525228383161e-01,5.6257183022799995e-01,5.8778525224316436e-01,-2.5213422015164411e-02,2.5213422015164411e-02
16,1.6666666666700001e-02,4.1666666666800001e-01,5.0000000000000003e-02,1.2500000000099999e-04,4.0673664306795548e-01,4.5513114247000003e-01,4.0673664302203438e-01,4.8394499447965644e-02,4.8394499447965644e-02
17,3.3333333333400002e-02,4.3333333333500001e-01,5.0000000000000003e-02,1.2500000000099999e-04,2.0791169080710645e-01,2.9909669083599999e-01,2.0791169075793839e-01,9.1185000078061601e-02,9.1185000078061601e-02
18,3.3333333333400002e-02,4.6666666666800000e-01,5.0000000000000003e-02,1.2500000000099999e-04,-8.7963966040301261e-12,2.6750979844199999e-02,-5.9062455947258677e-11,2.6750979903262456e-02,2.6750979903262456e-02
19,1.6666666666700001e-02,4.8333333333500000e-01,5.0000000000000003e-02,1.2500000000099999e-04,-1.0681111210633792e-11,2.6750979844699999e-02,-6.0947170553862342e-11,2.6750979905647169e-02,2.6750979905647169e-02
20,1.6666666666700001e-02,5.1666666666899996e-01,5.0000000000000003e-02,1.2499999999899999e-04,-2.0791169083230443e-01,-1.0535357409100000e-01,-2.0791169088147293e-01,1.0255811679047293e-01,1.0255811679047293e-01
21,3.3333333333400002e-02,5.3333333333499999e-01,5.0000000000000003e-02,1.2499999999899999e-04,-4.0673664308574947e-01,-2.8169506921499998e-01,-4.0673664313167024e-01,1.2504157391667026e-01,1.2504157391667026e-01
22,3.3333333333400002e-02,5.6666666666800003e-01,5.0000000000000003e-02,1.2499999999899999e-04,-5.8778525229958989e-01,-5.1928783560600000e-01,-5.8778525234025569e-01,6.8497416734255689e-02,6.8497416734255689e-02
23,1.6666666666700001e-02,5.8333333333500004e-01,5.0000000000000003e-02,1.2499999999899999e-04,-5.8778525230111467e-01,-5.1928783560699998e-01,-5.8778525234178036e-01,6.8497416734780381e-02,6.8497416734780381e-02
24,1.6666666666700001e-02,6.1666666666799996e-01,5.0000000000000003e-02,1.2499999999899999e-04,-7.4314482548313976e-01,-6.2559680618400004e-01,-7.4314482551677408e-01,1.1754801933277403e-01,1.1754801933277403e-01
25,3.3333333333400002e-02,6.3333333333399999e-01,5.0000000000000003e-02,1.2499999999899999e-04,-8.6602540378674231e-01,-7.5488888728799997e-01,-8.6602540381187498e-01,1.1113651652387502e-01,1.1113651652387502e-01
26,3.3333333333400002e-02,6.6666666666800001e-01,5.0000000000000003e-02,1.2499999999899999e-04,-9.5105651629787180e-01,-8.6697634780099997e-01,-9.5105651631340538e-01,8.4080168512405407e-02,8.4080168512405407e-02
27,1.6666666666700001e-02,6.8333333333400004e-01,5.0000000000000003e-02,1.2499999999899999e-04,-9.5105651629651267e-01,-8.6697634780099997e-01,-9.5105651631204569e-01,8.4080168511045716e-02,8.4080168511045716e-02
28,1.6666666666700001e-02,7.1666666666699996e-01,5.0000000000000003e-02,1.2499999999899999e-04,-9.9452189536851410e-01,-9.0688332156700002e-01,-9.9452189537376845e-01,8.7638573806768427e-02,8.7638573806768427e-02
29,3.3333333333400002e-02,7.3333333333399997e-01,5.0000000000000003e-02,1.2500000000000000e-04,-9.9452189536779179e-01,-9.3974080814500005e-01,-9.9452189536253754e-01,5.4781087217537494e-02,5.4781087217537494e-02
30,3.3333333333400002e-02,7.6666666666700001e-01,5.0000000000000003e-02,1.2500000000000000e-04,-9.5105651629437693e-01,-8.8350936257699997e-01,-9.5105651627884358e-01,6.7547153701843610e-02,6.7547153701843610e-02
31,1.6666666666700001e-02,7.8333333333300004e-01,5.0000000000000003e-02,1.2499999999899999e-04,-9.5105651629573607e-01,-8.8350936257699997e-01,-9.5105651628020293e-01,6.7547153703202967e-02,6.7547153703202967e-02
32,1.6666666666700001e-02,8.1666666666700005e-01,5.0000000000000003e-02,1.2499999999899999e-04,-8.6602540378328663e-01,-8.4177123194199999e-01,-8.6602540375815362e-01,2.4254171816153636e-02,2.4254171816153636e-02
33,3.3333333333400002e-02,8.3333333333299997e-01,5.0000000000000003e-02,1.2500000000000000e-04,-7.4314482547851546e-01,-7.6564368090599999e-01,-7.4314482544488092e-01,-2.2498855461119072e-02,2.2498855461119072e-02
34,3.3333333333400002e-02,8.6666666666600001e-01,5.0000000000000003e-02,1.2500000000000000e-04,-5.8778525229552281e-01,-5.6257183022699997e-01,-5.8778525225485601e-01,2.5213422027856036e-02,2.5213422027856036e-02
35,1.6666666666700001e-02,8.8333333333300001e-01,5.0000000000000003e-02,1.2500000000000000e-04,-5.8778525229399803e-01,-5.6257183022699997e-01,-5.8778525225333267e-01,2.5213422026332699e-02,2.5213422026332699e-02
36,1.6666666666700001e-02,9.1666666666600005e-01,5.0000000000000003e-02,1.2500000000099999e-04,-4.0673664307943519e-01,-4.5513114246600000e-01,-4.0673664303351487e-01,-4.8394499432485139e-02,4.8394499432485139e-02
37,3.3333333333499998e-02,9.3333333333299995e-01,5.0000000000000003e-02,1.2500000000099999e-04,-2.0791169081878413e-01,-2.9909669083200002e-01,-2.0791169076961563e-01,-9.1185000062384391e-02,9.1185000062384391e-02
38,3.3333333333499998e-02,9.6666666666699996e-01,5.0000000000000003e-02,1.2500000000099999e-04,3.1412421411195134e-12,-2.6750979841999999e-02,5.3408189662767759e-11,-2.6750979895408190e-02,2.6750979895408190e-02
39,1.6666666666700001e-02,9.8333333333299999e-01,5.0000000000000003e-02,1.2500000000099999e-04,-1.8849595359634953e-12,-2.6750979843800000e-02,4.8381099807265050e-11,-2.6750979892181101e-02,2.6750979892181101e-02
40,8.3333333333200005e-02,1.6666666666700001e-02,5.0000000000000003e-02,1.2500000000000000e-04,5.8778525229196488e-01,5.1928783561100000e-01,5.8778525233263046e-01,-6.8497416721630455e-02,6.8497416721630455e-02
41,6.6666666666599997e-02,3.3333333333499998e-02,5.0000000000000003e-02,1.2500000000000000e-04,5.8778525229298140e-01,5.1928783560699998e-01,5.8778525233364798e-01,-6.8497416726647997e-02,6.8497416726647997e-02
42,6.6666666666599997e-02,6.6666666666900007e-02,5.0000000000000003e-02,1.2500000000000000e-04,7.4314482547809491e-01,6.2559680618400004e-01,7.4314482551172967e-01,-1.1754801932772962e-01,1.1754801932772962e-01
43,8.3333333333200005e-02,8.3333333333600004e-02,5.0000000000000003e-02,1.2500000000000000e-04,8.6602540378485759e-01,7.5488888728799997e-01,8.6602540380999027e-01,-1.1113651652199030e-01,1.1113651652199030e-01
44,8.3333333333200005e-02,1.1666666666700000e-01,5.0000000000000003e-02,1.2500000000000000e-04,9.5105651629554189e-01,8.6697634780199995e-01,9.5105651631107524e-01,-8.4080168509075293e-02,8.4080168509075293e-02
45,6.6666666666599997e-02,1.3333333333399999e-01,5.0000000000000003e-02,1.2500000000000000e-04,9.5105651629631849e-01,8.6697634779900001e-01,9.5105651631185140e-01,-8.4080168512851383e-02,8.4080168512851383e-02
46,6.6666666666599997e-02,1.6666666666700000e-01,5.0000000000000003e-02,1.2500000000000000e-04,9.9452189536844848e-01,9.0688332156700002e-01,9.9452189537370284e-01,-8.7638573806702813e-02,8.7638573806702813e-02
47,8.3333333333299994e-02,1.8333333333400001e-01,5.0000000000000003e-02,1.2500000000000000e-04,9.9452189536785740e-01,9.3974080814500005e-01,9.9452189536260316e-01,-5.4781087217603108e-02,5.4781087217603108e-02
48,8.3333333333299994e-02,2.1666666666699999e-01,5.0000000000000003e-02,1.2500000000000000e-04,9.5105651629457122e-01,8.8350936257799995e-01,9.5105651627903809e-01,-6.7547153701038143e-02,6.7547153701038143e-02
49,6.6666666666599997e-02,2.3333333333400000e-01,5.0000000000000003e-02,1.2500000000000000e-04,9.5105651629398869e-01,8.8350936257900003e-01,9.5105651627845567e-01,-6.7547153699455631e-02,6.7547153699455631e-02
50,6.6666666666599997e-02,2.6666666666799999e-01,5.0000000000000003e-02,1.2500000000000000e-04,8.6602540378045945e-01,8.4177123194400005e-01,8.6602540375532600e-01,-2.4254171811325942e-02,2.4254171811325942e-02
51,8.3333333333299994e-02,2.8333333333400001e-01,5.0000000000000003e-02,1.2500000000000000e-04,7.4314482547473137e-01,7.6564368090900004e-01,7.4314482544109683e-01,2.2498855467903200e-02,2.2498855467903200e-02
52,8.3333333333299994e-02,3.1666666666799997e-01,5.0000000000000003e-02,1.2500000000000000e-04,5.8778525228586509e-01,5.6257183022900004e-01,5.8778525224519929e-01,-2.5213422016199249e-02,2.5213422016199249e-02
53,6.6666666666700000e-02,3.3333333333499998e-01,5.0000000000000003e-02,1.2500000000099999e-04,5.8778525228383194e-01,5.6257183022799995e-01,5.8778525224316436e-01,-2.5213422015164411e-02,2.5213422015164411e-02
54,6.6666666666700000e-02,3.6666666666800002e-01,5.0000000000000003e-02,1.2500000000099999e-04,4.0673664306795548e-01,4.5513114246699998e-01,4.0673664302203438e-01,4.8394499444965600e-02,4.8394499444965600e-02
55,8.3333333333399998e-02,3.8333333333500003e-01,5.0000000000000003e-02,1.2500000000099999e-04,2.0791169080710645e-01,2.9909669083300000e-01,2.0791169075793839e-01,9.1185000075061612e-02,9.1185000075061612e-02
56,8.3333333333399998e-02,4.1666666666800001e-01,5.0000000000000003e-02,1.2500000000099999e-04,-8.7963966040301261e-12,2.6750979841499999e-02,-5.9062455947258677e-11,2.6750979900562456e-02,2.6750979900562456e-02
57,6.6666666666700000e-02,4.3333333333500001e-01,5.0000000000000003e-02,1.2500000000099999e-04,-1.0681111210633792e-11,2.6750979843200001e-02,-6.0947170553862342e-11,2.6750979904147171e-02,2.6750979904147171e-02
58,6.6666666666700000e-02,4.6666666666800000e-01,5.0000000000000003e-02,1.2500000000099999e-04,-2.0791169082615876e-01,-1.0535357409399999e-01,-2.0791169087532552e-01,1.0255811678132552e-01,1.0255811678132552e-01
59,8.3333333333399998e-02,4.8333333333500000e-01,5.0000000000000003e-02,1.2500000000099999e-04,-4.0673664308574947e-01,-2.8169506921900000e-01,-4.0673664313167024e-01,1.2504157391267023e-01,1.2504157391267023e-01
60,8.3333333333399998e-02,5.1666666666799999e-01,5.0000000000000003e-02,1.2499999999899999e-04,-5.8778525229958922e-01,-5.1928783561100000e-01,-5.8778525234025569e-01,6.8497416729255689e-02,6.8497416729255689e-02
61,6.6666666666800004e-02,5.3333333333499999e-01,5.0000000000000003e-02,1.2499999999899999e-04,-5.8778525230162271e-01,-5.1928783560900005e-01,-5.8778525234228918e-01,6.8497416733289129e-02,6.8497416733289129e-02
62,6.6666666666800004e-02,5.6666666666800003e-01,5.0000000000000003e-02,1.2499999999899999e-04,-7.4314482548356053e-01,-6.2559680618500002e-01,-7.4314482551719485e-01,1.1754801933219483e-01,1.1754801933219483e-01
63,8.3333333333500001e-02,5.8333333333500004e-01,5.0000000000000003e-02,1.2499999999899999e-04,-8.6602540379019821e-01,-7.5488888728900005e-01,-8.6602540381533089e-01,1.1113651652633083e-01,1.1113651652633083e-01
64,8.3333333333500001e-02,6.1666666666799996e-01,5.0000000000000003e-02,1.2499999999899999e-04,-9.5105651629806587e-01,-8.6697634780300004e-01,-9.5105651631359922e-01,8.4080168510599185e-02,8.4080168510599185e-02
65,6.6666666666800004e-02,6.3333333333399999e-01,5.0000000000000003e-02,1.2499999999899999e-04,-9.5105651629670673e-01,-8.6697634780199995e-01,-9.5105651631224009e-01,8.4080168510240139e-02,8.4080168510240139e-02
66,6.6666666666800004e-02,6.6666666666700003e-01,5.0000000000000003e-02,1.2499999999899999e-04,-9.9452189536857982e-01,-9.0688332156800000e-01,-9.9452189537383406e-01,8.7638573805834064e-02,8.7638573805834064e-02
67,8.3333333333500001e-02,6.8333333333400004e-01,5.0000000000000003e-02,1.2500000000000000e-04,-9.9452189536772595e-01,-9.3974080814500005e-01,-9.9452189536247182e-01,5.4781087217471769e-02,5.4781087217471769e-02
68,8.3333333333500001e-02,7.1666666666699996e-01,5.0000000000000003e-02,1.2500000000000000e-04,-9.5105651629418286e-01,-8.8350936257699997e-01,-9.5105651627864951e-01,6.7547153701649543e-02,6.7547153701649543e-02
69,6.6666666666800004e-02,7.3333333333399997e-01,5.0000000000000003e-02,1.2500000000000000e-04,-9.5105651629360044e-01,-8.8350936257400003e-01,-9.5105651627806742e-01,6.7547153704067386e-02,6.7547153704067386e-02
70,6.6666666666800004e-02,7.6666666666700001e-01,5.0000000000000003e-02,1.2500000000000000e-04,-8.6602540378297266e-01,-8.4177123194000003e-01,-8.6602540375783965e-01,2.4254171817839620e-02,2.4254171817839620e-02
71,8.3333333333600004e-02,7.8333333333300004e-01,5.0000000000000003e-02,1.2500000000000000e-04,-7.4314482547767446e-01,-7.6564368090400003e-01,-7.4314482544403937e-01,-2.2498855459960665e-02,2.2498855459960665e-02
72,8.3333333333600004e-02,8.1666666666700005e-01,5.0000000000000003e-02,1.2500000000000000e-04,-5.8778525228942302e-01,-5.6257183022500001e-01,-5.8778525224875700e-01,2.5213422023756982e-02,2.5213422023756982e-02
73,6.6666666666900007e-02,8.3333333333299997e-01,5.0000000000000003e-02,1.2500000000000000e-04,-5.8778525229298129e-01,-5.6257183022500001e-01,-5.8778525225231526e-01,2.5213422027315247e-02,2.5213422027315247e-02
74,6.6666666666900007e-02,8.6666666666600001e-01,5.0000000000000003e-02,1.2500000000000000e-04,-4.0673664307828789e-01,-4.5513114246500003e-01,-4.0673664303236756e-01,-4.8394499432632465e-02,4.8394499432632465e-02
75,8.3333333333600004e-02,8.8333333333300001e-01,5.0000000000000003e-02,1.2500000000000000e-04,-2.0791169081816904e-01,-2.9909669083099999e-01,-2.0791169076900143e-01,-9.1185000061998561e-02,9.1185000061998561e-02
76,8.3333333333600004e-02,9.1666666666600005e-01,5.0000000000000003e-02,1.2500000000099999e-04,-2.5129016786914838e-12,-2.6750979840700000e-02,4.7753157664537061e-11,-2.6750979888453159e-02,2.6750979888453159e-02
77,6.6666666666900007e-02,9.3333333333299995e-01,5.0000000000000003e-02,1.2500000000099999e-04,-6.2907525050751819e-13,-2.6750979841100000e-02,4.9637872271140727e-11,-2.6750979890737873e-02,2.6750979890737873e-02
78,6.6666666666900007e-02,9.6666666666699996e-01,5.0000000000000003e-02,1.2500000000099999e-04,2.0791169082124142e-01,1.0535357409500000e-01,2.0791169087040903e-01,-1.0255811677540903e-01,1.0255811677540903e-01
79,8.3333333333699994e-02,9.8333333333299999e-01,5.0000000000000003e-02,1.2500000000099999e-04,4.0673664307599117e-01,2.8169506921999998e-01,4.0673664312191149e-01,-1.2504157390191151e-01,1.2504157390191151e-01
80,1.1666666666599999e-01,1.6666666666700001e-02,5.0000000000000003e-02,1.2500000000000000e-04,7.4314482547473160e-01,6.2559680618900004e-01,7.4314482550836591e-01,-1.1754801931936587e-01,1.1754801931936587e-01
81,1.3333333333299999e-01,3.3333333333400002e-02,5.0000000000000003e-02,1.2500000000000000e-04,8.6602540378360082e-01,7.5488888729199999e-01,8.6602540380873438e-01,-1.1113651651673440e-01,1.1113651651673440e-01
82,1.3333333333299999e-01,6.6666666666900007e-02,5.0000000000000003e-02,1.2500000000000000e-04,9.5105651629495935e-01,8.6697634780300004e-01,9.5105651631049282e-01,-8.4080168507492781e-02,8.4080168507492781e-02
83,1.1666666666700000e-01,8.3333333333600004e-02,5.0000000000000003e-02,1.2500000000000000e-04,9.5105651629631849e-01,8.6697634780199995e-01,9.5105651631185140e-01,-8.4080168509851450e-02,8.4080168509851450e-02
84,1.1666666666700000e-01,1.1666666666700000e-01,5.0000000000000003e-02,1.2500000000000000e-04,9.9452189536871116e-01,9.0688332156899998e-01,9.9452189537396529e-01,-8.7638573804965314e-02,8.7638573804965314e-02
85,1.3333333333299999e-01,1.3333333333399999e-01,5.0000000000000003e-02,1.2500000000000000e-04,9.9452189536805446e-01,9.3974080814600003e-01,9.9452189536280033e-01,-5.4781087216800306e-02,5.4781087216800306e-02
86,1.3333333333299999e-01,1.6666666666700000e-01,5.0000000000000003e-02,1.2500000000000000e-04,9.5105651629515364e-01,8.8350936257799995e-01,9.5105651627962051e-01,-6.7547153701620566e-02,6.7547153701620566e-02
87,1.1666666666700000e-01,1.8333333333400001e-01,5.0000000000000003e-02,1.2500000000000000e-04,9.5105651629321186e-01,8.8350936257799995e-01,9.5105651627767840e-01,-6.7547153699678453e-02,6.7547153699678453e-02
88,1.1666666666700000e-01,2.1666666666699999e-01,5.0000000000000003e-02,1.2500000000000000e-04,8.6602540378234416e-01,8.4177123194400005e-01,8.6602540375721071e-01,-2.4254171813210657e-02,2.4254171813210657e-02
89,1.3333333333299999e-01,2.3333333333400000e-01,5.0000000000000003e-02,1.2500000000000000e-04,7.4314482547599281e-01,7.6564368091000001e-01,7.4314482544235794e-01,2.2498855467642076e-02,2.2498855467642076e-02
90,1.3333333333299999e-01,2.6666666666799999e-01,5.0000000000000003e-02,1.2500000000000000e-04,5.8778525228739020e-01,5.6257183023000001e-01,5.8778525224672407e-01,-2.5213422016724052e-02,2.5213422016724052e-02
91,1.1666666666700000e-01,2.8333333333400001e-01,5.0000000000000003e-02,1.2500000000000000e-04,5.8778525228739020e-01,5.6257183023000001e-01,5.8778525224672407e-01,-2.5213422016724052e-02,2.5213422016724052e-02
92,1.1666666666700000e-01,3.1666666666799997e-01,5.0000000000000003e-02,1.2500000000000000e-04,4.0673664306623375e-01,4.5513114246800002e-01,4.0673664302031259e-01,4.8394499447687422e-02,4.8394499447687422e-02
93,1.3333333333299999e-01,3.3333333333400000e-01,5.0000000000000003e-02,1.2500000000000000e-04,2.0791169081571118e-01,2.9909669083399998e-01,2.0791169076654267e-01,9.1185000067457306e-02,9.1185000067457306e-02
94,1.3333333333299999e-01,3.6666666666800002e-01,5.0000000000000003e-02,1.2500000000000000e-04,-6.2828516762787709e-12,2.6750979842900001e-02,-5.6548911019507316e-11,2.6750979899448912e-02,2.6750979899448912e-02
95,1.1666666666700000e-01,3.8333333333500003e-01,5.0000000000000003e-02,1.2500000000000000e-04,-1.2566713995657158e-11,2.6750979842099998e-02,-6.2831885160466008e-11,2.6750979904931884e-02,2.6750979904931884e-02
96,1.1666666666700000e-01,4.1666666666800001e-01,5.0000000000000003e-02,1.2500000000000000e-04,-2.0791169082800229e-01,-1.0535357409600001e-01,-2.0791169087717079e-01,1.0255811678117079e-01,1.0255811678117079e-01
97,1.3333333333299999e-01,4.3333333333500001e-01,5.0000000000000003e-02,1.2500000000000000e-04,-4.0673664308345364e-01,-2.8169506921999998e-01,-4.0673664312937402e-01,1.2504157390937404e-01,1.2504157390937404e-01
98,1.3333333333299999e-01,4.6666666666800000e-01,5.0000000000000003e-02,1.2500000000000000e-04,-5.8778525229755607e-01,-5.1928783561299996e-01,-5.8778525233822210e-01,6.8497416725222138e-02,6.8497416725222138e-02
99,1.1666666666700000e-01,4.8333333333500000e-01,5.0000000000000003e-02,1.2500000000099999e-04,-5.8778525230263978e-01,-5.1928783561199998e-01,-5.8778525234330659e-01,6.8497416731306604e-02,6.8497416731306604e-02
100,1.1666666666700000e-01,5.1666666666799999e-01,5.0000000000000003e-02,1.2499999999899999e-04,-7.4314482548440119e-01,-6.2559680618900004e-01,-7.4314482551803640e-01,1.1754801932903636e-01,1.1754801932903636e-01
101,1.3333333333399999e-01,5.3333333333499999e-01,5.0000000000000003e-02,1.2500000000000000e-04,-8.6602540379176896e-01,-7.5488888729299997e-01,-8.6602540381690207e-01,1.1113651652390211e-01,1.1113651652390211e-01
102,1.3333333333399999e-01,5.6666666666800003e-01,5.0000000000000003e-02,1.2499999999899999e-04,-9.5105651629903687e-01,-8.6697634780599997e-01,-9.5105651631457022e-01,8.4080168508570252e-02,8.4080168508570252e-02
103,1.1666666666700000e-01,5.8333333333500004e-01,5.0000000000000003e-02,1.2499999999899999e-04,-9.5105651629903687e-01,-8.6697634780400001e-01,-9.5105651631457022e-01,8.4080168510570208e-02,8.4080168510570208e-02
104,1.1666666666700000e-01,6.1666666666799996e-01,5.0000000000000003e-02,1.2499999999899999e-04,-9.9452189536936797e-01,-9.0688332156999996e-01,-9.9452189537462210e-01,8.7638573804622144e-02,8.7638573804622144e-02
105,1.3333333333399999e-01,6.3333333333399999e-01,5.0000000000000003e-02,1.2500000000000000e-04,-9.9452189536739766e-01,-9.3974080814799998e-01,-9.9452189536214342e-01,5.4781087214143431e-02,5.4781087214143431e-02
106,1.3333333333399999e-01,6.6666666666700003e-01,5.0000000000000003e-02,1.2500000000000000e-04,-9.5105651629321208e-01,-8.8350936257900003e-01,-9.5105651627767873e-01,6.7547153698678697e-02,6.7547153698678697e-02
107,1.1666666666700000e-01,6.8333333333400004e-01,5.0000000000000003e-02,1.2500000000000000e-04,-9.5105651629321208e-01,-8.8350936257599999e-01,-9.5105651627767873e-01,6.7547153701678742e-02,6.7547153701678742e-02
108,1.1666666666700000e-01,7.1666666666699996e-01,5.0000000000000003e-02,1.2500000000000000e-04,-8.6602540378234472e-01,-8.4177123194100001e-01,-8.6602540375721171e-01,2.4254171816211700e-02,2.4254171816211700e-02
109,1.3333333333399999e-01,7.3333333333399997e-01,5.0000000000000003e-02,1.2500000000000000e-04,-7.4314482547178906e-01,-7.6564368090500001e-01,-7.4314482543815397e-01,-2.2498855466846046e-02,2.2498855466846046e-02
110,1.3333333333399999e-01,7.6666666666700001e-01,5.0000000000000003e-02,1.2500000000000000e-04,-5.8778525228739031e-01,-5.6257183022500001e-01,-5.8778525224672418e-01,2.5213422021724163e-02,2.5213422021724163e-02
111,1.1666666666700000e-01,7.8333333333300004e-01,5.0000000000000003e-02,1.2500000000000000e-04,-5.8778525229247336e-01,-5.6257183022299995e-01,-5.8778525225180644e-01,2.5213422028806498e-02,2.5213422028806498e-02
112,1.1666666666700000e-01,8.1666666666700005e-01,5.0000000000000003e-02,1.2500000000000000e-04,-4.0673664307197360e-01,-4.5513114246300002e-01,-4.0673664302605328e-01,-4.8394499436946736e-02,4.8394499436946736e-02
113,1.3333333333399999e-01,8.3333333333299997e-01,5.0000000000000003e-02,1.2500000000000000e-04,-2.0791169081571129e-01,-2.9909669083000001e-01,-2.0791169076654281e-01,-9.1185000063457200e-02,9.1185000063457200e-02
114,1.3333333333399999e-01,8.6666666666600001e-01,5.0000000000000003e-02,1.2500000000000000e-04,-2.4492935982947064e-16,-2.6750979841100000e-02,5.0265814413868716e-11,-2.6750979891365816e-02,2.6750979891365816e-02
115,1.1666666666700000e-01,8.8333333333300001e-01,5.0000000000000003e-02,1.2500000000000000e-04,-2.4492935982947064e-16,-2.6750979840300001e-02,5.0265814413868716e-11,-2.6750979890565817e-02,2.6750979890565817e-02
116,1.1666666666700000e-01,9.1666666666600005e-01,5.0000000000000003e-02,1.2500000000099999e-04,2.0791169081571170e-01,1.0535357409600001e-01,2.0791169086487932e-01,-1.0255811676887931e-01,1.0255811676887931e-01
117,1.3333333333399999e-01,9.3333333333299995e-01,5.0000000000000003e-02,1.2500000000099999e-04,4.0673664307771296e-01,2.8169506921999998e-01,4.0673664312363328e-01,-1.2504157390363330e-01,1.2504157390363330e-01
118,1.3333333333399999e-01,9.6666666666699996e-01,5.0000000000000003e-02,1.2500000000099999e-04,5.8778525229755596e-01,5.1928783561199998e-01,5.8778525233822199e-01,-6.8497416726222005e-02,6.8497416726222005e-02
119,1.1666666666700000e-01,9.8333333333299999e-01,5.0000000000000003e-02,1.2500000000099999e-04,5.8778525229247358e-01,5.1928783561199998e-01,5.8778525233313972e-01,-6.8497416721139737e-02,6.8497416721139737e-02
120,1.8333333333300000e-01,1.6666666666700001e-02,5.0000000000000003e-02,1.2500000000000000e-04,9.5105651629457111e-01,8.6697634780400001e-01,9.5105651631010424e-01,-8.4080168506104225e-02,8.4080168506104225e-02
121,1.6666666666600000e-01,3.3333333333400002e-02,5.0000000000000003e-02,1.2500000000000000e-04,9.5105651629398857e-01,8.6697634780400001e-01,9.5105651630952182e-01,-8.4080168505521802e-02,8.4080168505521802e-02
122,1.6666666666600000e-01,6.6666666666900007e-02,5.0000000000000003e-02,1.2500000000000000e-04,9.9452189536798874e-01,9.0688332156899998e-01,9.9452189537324309e-01,-8.7638573804243114e-02,8.7638573804243114e-02
123,1.8333333333300000e-01,8.3333333333600004e-02,5.0000000000000003e-02,1.2500000000000000e-04,9.9452189536831714e-01,9.3974080814600003e-01,9.9452189536306290e-01,-5.4781087217062874e-02,5.4781087217062874e-02
124,1.8333333333300000e-01,1.1666666666700000e-01,5.0000000000000003e-02,1.2500000000000000e-04,9.5105651629515364e-01,8.8350936257599999e-01,9.5105651627962051e-01,-6.7547153703620522e-02,6.7547153703620522e-02
125,1.6666666666600000e-01,1.3333333333399999e-01,5.0000000000000003e-02,1.2500000000000000e-04,9.5105651629515364e-01,8.8350936257699997e-01,9.5105651627962051e-01,-6.7547153702620544e-02,6.7547153702620544e-02
126,1.6666666666600000e-01,1.6666666666700000e-01,5.0000000000000003e-02,1.2500000000000000e-04,8.6602540378548587e-01,8.4177123194299996e-01,8.6602540376035309e-01,-2.4254171817353121e-02,2.4254171817353121e-02
127,1.8333333333300000e-01,1.8333333333400001e-01,5.0000000000000003e-02,1.2500000000000000e-04,7.4314482547599281e-01,7.6564368090699997e-01,7.4314482544235794e-01,2.2498855464642031e-02,2.2498855464642031e-02
128,1.8333333333300000e-01,2.1666666666699999e-01,5.0000000000000003e-02,1.2500000000000000e-04,5.8778525229247325e-01,5.6257183022799995e-01,5.8778525225180567e-01,-2.5213422023805721e-02,2.5213422023805721e-02
129,1.6666666666700000e-01,2.3333333333400000e-01,5.0000000000000003e-02,1.2500000000000000e-04,5.8778525228739020e-01,5.6257183023000001e-01,5.8778525224672407e-01,-2.5213422016724052e-02,2.5213422016724052e-02
130,1.6666666666700000e-01,2.6666666666700001e-01,5.0000000000000003e-02,1.2500000000000000e-04,4.0673664307197349e-01,4.5513114246899999e-01,4.0673664302605400e-01,4.8394499442945993e-02,4.8394499442945993e-02
131,1.8333333333300000e-01,2.8333333333400001e-01,5.0000000000000003e-02,1.2500000000000000e-04,2.0791169081571076e-01,2.9909669083599999e-01,2.0791169076654267e-01,9.1185000069457317e-02,9.1185000069457317e-02
132,1.8333333333300000e-01,3.1666666666799997e-01,5.0000000000000003e-02,1.2500000000000000e-04,-6.2828516762787709e-12,2.6750979845200001e-02,-5.6548911019507316e-11,2.6750979901748913e-02,2.6750979901748913e-02
133,1.6666666666700000e-01,3.3333333333400000e-01,5.0000000000000003e-02,1.2500000000000000e-04,-6.2828516762787709e-12,2.6750979844099999e-02,-5.6548911019507316e-11,2.6750979900648911e-02,2.6750979900648911e-02
134,1.6666666666700000e-01,3.6666666666800002e-01,5.0000000000000003e-02,1.2500000000000000e-04,-2.0791169082800229e-01,-1.0535357409300000e-01,-2.0791169087717079e-01,1.0255811678417079e-01,1.0255811678417079e-01
135,1.8333333333300000e-01,3.8333333333399999e-01,5.0000000000000003e-02,1.2500000000000000e-04,-4.0673664307771307e-01,-2.8169506921699999e-01,-4.0673664312363422e-01,1.2504157390663423e-01,1.2504157390663423e-01
136,1.8333333333300000e-01,4.1666666666800001e-01,5.0000000000000003e-02,1.2500000000000000e-04,-5.8778525229755607e-01,-5.1928783560900005e-01,-5.8778525233822210e-01,6.8497416729222049e-02,6.8497416729222049e-02
137,1.6666666666700000e-01,4.3333333333500001e-01,5.0000000000000003e-02,1.2500000000000000e-04,-5.8778525230263978e-01,-5.1928783561199998e-01,-5.8778525234330659e-01,6.8497416731306604e-02,6.8497416731306604e-02
138,1.6666666666700000e-01,4.6666666666800000e-01,5.0000000000000003e-02,1.2500000000000000e-04,-7.4314482548440119e-01,-6.2559680619000002e-01,-7.4314482551803640e-01,1.1754801932803638e-01,1.1754801932803638e-01
139,1.8333333333300000e-01,4.8333333333500000e-01,5.0000000000000003e-02,1.2500000000000000e-04,-8.6602540378862747e-01,-7.5488888729299997e-01,-8.6602540381376059e-01,1.1113651652076062e-01,1.1113651652076062e-01
140,1.8333333333400001e-01,5.1666666666799999e-01,5.0000000000000003e-02,1.2499999999899999e-04,-9.5105651629903687e-01,-8.6697634780499999e-01,-9.5105651631457022e-01,8.4080168509570230e-02,8.4080168509570230e-02
141,1.6666666666700000e-01,5.3333333333499999e-01,5.0000000000000003e-02,1.2499999999899999e-04,-9.5105651629903687e-01,-8.6697634780499999e-01,-9.5105651631457022e-01,8.4080168509570230e-02,8.4080168509570230e-02
142,1.6666666666700000e-01,5.6666666666800003e-01,5.0000000000000003e-02,1.2499999999899999e-04,-9.9452189536936797e-01,-9.0688332157200002e-01,-9.9452189537462221e-01,8.7638573802622188e-02,8.7638573802622188e-02
143,1.8333333333400001e-01,5.8333333333399995e-01,5.0000000000000003e-02,1.2500000000000000e-04,-9.9452189536739766e-01,-9.3974080814899996e-01,-9.9452189536214342e-01,5.4781087213143453e-02,5.4781087213143453e-02
144,1.8333333333400001e-01,6.1666666666799996e-01,5.0000000000000003e-02,1.2500000000000000e-04,-9.5105651629127053e-01,-8.8350936257900003e-01,-9.5105651627573717e-01,6.7547153696737139e-02,6.7547153696737139e-02
145,1.6666666666700000e-01,6.3333333333399999e-01,5.0000000000000003e-02,1.2500000000000000e-04,-9.5105651629321208e-01,-8.8350936257799995e-01,-9.5105651627767873e-01,6.7547153699678786e-02,6.7547153699678786e-02
146,1.6666666666700000e-01,6.6666666666700003e-01,5.0000000000000003e-02,1.2500000000000000e-04,-8.6602540378234427e-01,-8.4177123194400005e-01,-8.6602540375721127e-01,2.4254171813211212e-02,2.4254171813211212e-02
147,1.8333333333400001e-01,6.8333333333400004e-01,5.0000000000000003e-02,1.2500000000000000e-04,-7.4314482547178851e-01,-7.6564368090799995e-01,-7.4314482543815397e-01,-2.2498855469845980e-02,2.2498855469845980e-02
148,1.8333333333400001e-01,7.1666666666699996e-01,5.0000000000000003e-02,1.2500000000000000e-04,-5.8778525228739031e-01,-5.6257183022799995e-01,-5.8778525224672418e-01,2.5213422018724230e-02,2.5213422018724230e-02
149,1.6666666666700000e-01,7.3333333333399997e-01,5.0000000000000003e-02,1.2500000000000000e-04,-5.8778525228739031e-01,-5.6257183022299995e-01,-5.8778525224672418e-01,2.5213422023724230e-02,2.5213422023724230e-02
150,1.6666666666700000e-01,7.6666666666700001e-01,5.0000000000000003e-02,1.2500000000000000e-04,-4.0673664307197360e-01,-4.5513114246300002e-01,-4.0673664302605328e-01,-4.8394499436946736e-02,4.8394499436946736e-02
151,1.8333333333400001e-01,7.8333333333300004e-01,5.0000000000000003e-02,1.2500000000000000e-04,-2.0791169081571043e-01,-2.9909669082899998e-01,-2.0791169076654281e-01,-9.1185000062457167e-02,9.1185000062457167e-02
152,1.8333333333400001e-01,8.1666666666599996e-01,5.0000000000000003e-02,1.2500000000000000e-04,-2.4492935982947064e-16,-2.6750979841000000e-02,5.0265814413868716e-11,-2.6750979891265816e-02,2.6750979891265816e-02
153,1.6666666666700000e-01,8.3333333333299997e-01,5.0000000000000003e-02,1.2500000000000000e-04,-2.4492935982947064e-16,-2.6750979839700002e-02,5.0265814413868716e-11,-2.6750979889965817e-02,2.6750979889965817e-02
154,1.6666666666700000e-01,8.6666666666600001e-01,5.0000000000000003e-02,1.2500000000000000e-04,2.0791169081570995e-01,1.0535357409600001e-01,2.0791169086487757e-01,-1.0255811676887756e-01,1.0255811676887756e-01
155,1.8333333333400001e-01,8.8333333333300001e-01,5.0000000000000003e-02,1.2500000000000000e-04,4.0673664307771296e-01,2.8169506921900000e-01,4.0673664312363328e-01,-1.2504157390463327e-01,1.2504157390463327e-01
156,1.8333333333400001e-01,9.1666666666600005e-01,5.0000000000000003e-02,1.2500000000099999e-04,5.8778525229247358e-01,5.1928783561100000e-01,5.8778525233313972e-01,-6.8497416722139715e-02,6.8497416722139715e-02
157,1.6666666666700000e-01,9.3333333333299995e-01,5.0000000000000003e-02,1.2500000000099999e-04,5.8778525229247214e-01,5.1928783561199998e-01,5.8778525233313828e-01,-6.8497416721138293e-02,6.8497416721138293e-02
158,1.6666666666700000e-01,9.6666666666699996e-01,5.0000000000000003e-02,1.2500000000099999e-04,7.4314482548019645e-01,6.2559680618900004e-01,7.4314482551383099e-01,-1.1754801932483094e-01,1.1754801932483094e-01
159,1.8333333333400001e-01,9.8333333333299999e-01,5.0000000000000003e-02,1.2500000000099999e-04,8.6602540378548598e-01,7.5488888729199999e-01,8.6602540381061899e-01,-1.1113651651861900e-01,1.1113651651861900e-01
160,2.1666666666600001e-01,1.6666666666700001e-02,5.0000000000000003e-02,1.2500000000000000e-04,9.9452189536785740e-01,9.0688332156999996e-01,9.9452189537311153e-01,-8.7638573803111575e-02,8.7638573803111575e-02
161,2.3333333333299999e-01,3.3333333333400002e-02,5.0000000000000003e-02,1.2500000000000000e-04,9.9452189536844848e-01,9.3974080814700001e-01,9.9452189536319435e-01,-5.4781087216194346e-02,5.4781087216194346e-02
162,2.3333333333299999e-01,6.6666666666800004e-02,5.0000000000000003e-02,1.2500000000000000e-04,9.5105651629554200e-01,8.8350936257599999e-01,9.5105651628000865e-01,-6.7547153704008656e-02,6.7547153704008656e-02
163,2.1666666666600001e-01,8.3333333333600004e-02,5.0000000000000003e-02,1.2500000000000000e-04,9.5105651629593013e-01,8.8350936257599999e-01,9.5105651628039722e-01,-6.7547153704397234e-02,6.7547153704397234e-02
164,2.1666666666600001e-01,1.1666666666700000e-01,5.0000000000000003e-02,1.2500000000000000e-04,8.6602540378548565e-01,8.4177123194100001e-01,8.6602540376035309e-01,-2.4254171819353076e-02,2.4254171819353076e-02
165,2.3333333333299999e-01,1.3333333333399999e-01,5.0000000000000003e-02,1.2500000000000000e-04,7.4314482547599281e-01,7.6564368090500001e-01,7.4314482544235794e-01,2.2498855462642076e-02,2.2498855462642076e-02
166,2.3333333333299999e-01,1.6666666666700000e-01,5.0000000000000003e-02,1.2500000000000000e-04,5.8778525229247325e-01,5.6257183022500001e-01,5.8778525225180567e-01,-2.5213422026805654e-02,2.5213422026805654e-02
167,2.1666666666600001e-01,1.8333333333400001e-01,5.0000000000000003e-02,1.2500000000000000e-04,5.8778525229247325e-01,5.6257183022699997e-01,5.8778525225180567e-01,-2.5213422024805698e-02,2.5213422024805698e-02
168,2.1666666666600001e-01,2.1666666666699999e-01,5.0000000000000003e-02,1.2500000000000000e-04,4.0673664307771368e-01,4.5513114246699998e-01,4.0673664303179213e-01,4.8394499435207849e-02,4.8394499435207849e-02
169,2.3333333333299999e-01,2.3333333333400000e-01,5.0000000000000003e-02,1.2500000000000000e-04,2.0791169081571118e-01,2.9909669083399998e-01,2.0791169076654267e-01,9.1185000067457306e-02,9.1185000067457306e-02
170,2.3333333333299999e-01,2.6666666666700001e-01,5.0000000000000003e-02,1.2500000000000000e-04,1.2246467991473532e-16,2.6750979844699999e-02,-5.0265936878548630e-11,2.6750979894965936e-02,2.6750979894965936e-02
171,2.1666666666699999e-01,2.8333333333400001e-01,5.0000000000000003e-02,1.2500000000000000e-04,-6.2828516762787709e-12,2.6750979845600001e-02,-5.6548911019507316e-11,2.6750979902148912e-02,2.6750979902148912e-02
172,2.1666666666699999e-01,3.1666666666799997e-01,5.0000000000000003e-02,1.2500000000000000e-04,-2.0791169082800229e-01,-1.0535357409100000e-01,-2.0791169087717079e-01,1.0255811678617079e-01,1.0255811678617079e-01
173,2.3333333333299999e-01,3.3333333333400000e-01,5.0000000000000003e-02,1.2500000000000000e-04,-4.0673664307771307e-01,-2.8169506921499998e-01,-4.0673664312363422e-01,1.2504157390863424e-01,1.2504157390863424e-01
174,2.3333333333299999e-01,3.6666666666800002e-01,5.0000000000000003e-02,1.2500000000000000e-04,-5.8778525229755607e-01,-5.1928783560699998e-01,-5.8778525233822210e-01,6.8497416731222116e-02,6.8497416731222116e-02
175,2.1666666666699999e-01,3.8333333333399999e-01,5.0000000000000003e-02,1.2500000000000000e-04,-5.8778525229755607e-01,-5.1928783560799996e-01,-5.8778525233822210e-01,6.8497416730222138e-02,6.8497416730222138e-02
176,2.1666666666699999e-01,4.1666666666800001e-01,5.0000000000000003e-02,1.2500000000000000e-04,-7.4314482548440119e-01,-6.2559680618600000e-01,-7.4314482551803640e-01,1.1754801933203640e-01,1.1754801933203640e-01
177,2.3333333333299999e-01,4.3333333333399998e-01,5.0000000000000003e-02,1.2500000000000000e-04,-8.6602540378548598e-01,-7.5488888728799997e-01,-8.6602540381061910e-01,1.1113651652261913e-01,1.1113651652261913e-01
178,2.3333333333400000e-01,4.6666666666800000e-01,5.0000000000000003e-02,1.2500000000000000e-04,-9.5105651629903687e-01,-8.6697634780099997e-01,-9.5105651631457022e-01,8.4080168513570253e-02,8.4080168513570253e-02
179,2.1666666666699999e-01,4.8333333333500000e-01,5.0000000000000003e-02,1.2500000000000000e-04,-9.5105651629903687e-01,-8.6697634780400001e-01,-9.5105651631457022e-01,8.4080168510570208e-02,8.4080168510570208e-02
180,2.1666666666699999e-01,5.1666666666799999e-01,5.0000000000000003e-02,1.2499999999899999e-04,-9.9452189536936797e-01,-9.0688332156999996e-01,-9.9452189537462210e-01,8.7638573804622144e-02,8.7638573804622144e-02
181,2.3333333333400000e-01,5.3333333333400001e-01,5.0000000000000003e-02,1.2500000000000000e-04,-9.9452189536739766e-01,-9.3974080814700001e-01,-9.9452189536214342e-01,5.4781087215143409e-02,5.4781087215143409e-02
182,2.3333333333400000e-01,5.6666666666800003e-01,5.0000000000000003e-02,1.2500000000000000e-04,-9.5105651629127053e-01,-8.8350936257699997e-01,-9.5105651627573717e-01,6.7547153698737206e-02,6.7547153698737206e-02
183,2.1666666666699999e-01,5.8333333333399995e-01,5.0000000000000003e-02,1.2500000000000000e-04,-9.5105651629321208e-01,-8.8350936257799995e-01,-9.5105651627767906e-01,6.7547153699679119e-02,6.7547153699679119e-02
184,2.1666666666699999e-01,6.1666666666699999e-01,5.0000000000000003e-02,1.2500000000000000e-04,-8.6602540378234472e-01,-8.4177123194299996e-01,-8.6602540375721171e-01,2.4254171814211745e-02,2.4254171814211745e-02
185,2.3333333333400000e-01,6.3333333333399999e-01,5.0000000000000003e-02,1.2500000000000000e-04,-7.4314482547178906e-01,-7.6564368090599999e-01,-7.4314482543815397e-01,-2.2498855467846024e-02,2.2498855467846024e-02
186,2.3333333333400000e-01,6.6666666666700003e-01,5.0000000000000003e-02,1.2500000000000000e-04,-5.8778525228739031e-01,-5.6257183022699997e-01,-5.8778525224672418e-01,2.5213422019724208e-02,2.5213422019724208e-02
187,2.1666666666699999e-01,6.8333333333400004e-01,5.0000000000000003e-02,1.2500000000000000e-04,-5.8778525228739031e-01,-5.6257183022599999e-01,-5.8778525224672418e-01,2.5213422020724185e-02,2.5213422020724185e-02
188,2.1666666666699999e-01,7.1666666666699996e-01,5.0000000000000003e-02,1.2500000000000000e-04,-4.0673664307197444e-01,-4.5513114246600000e-01,-4.0673664302605328e-01,-4.8394499439946725e-02,4.8394499439946725e-02
189,2.3333333333400000e-01,7.3333333333399997e-01,5.0000000000000003e-02,1.2500000000000000e-04,-2.0791169080956562e-01,-2.9909669083200002e-01,-2.0791169076039800e-01,-9.1185000071602018e-02,9.1185000071602018e-02
190,2.3333333333400000e-01,7.6666666666700001e-01,5.0000000000000003e-02,1.2500000000000000e-04,6.2836173900185569e-12,-2.6750979842800001e-02,5.6549676733247102e-11,-2.6750979899349679e-02,2.6750979899349679e-02
191,2.1666666666699999e-01,7.8333333333300004e-01,5.0000000000000003e-02,1.2500000000000000e-04,-2.4492935982947064e-16,-2.6750979839199999e-02,5.0265814413868716e-11,-2.6750979889465815e-02,2.6750979889465815e-02
192,2.1666666666699999e-01,8.1666666666599996e-01,5.0000000000000003e-02,1.2500000000000000e-04,2.0791169081570995e-01,1.0535357409600001e-01,2.0791169086487757e-01,-1.0255811676887756e-01,1.0255811676887756e-01
193,2.3333333333400000e-01,8.3333333333299997e-01,5.0000000000000003e-02,1.2500000000000000e-04,4.0673664307771296e-01,2.8169506921900000e-01,4.0673664312363328e-01,-1.2504157390463327e-01,1.2504157390463327e-01
194,2.3333333333400000e-01,8.6666666666600001e-01,5.0000000000000003e-02,1.2500000000000000e-04,5.8778525229247358e-01,5.1928783561000003e-01,5.8778525233313972e-01,-6.8497416723139692e-02,6.8497416723139692e-02
195,2.1666666666699999e-01,8.8333333333300001e-01,5.0000000000000003e-02,1.2500000000000000e-04,5.8778525229247358e-01,5.1928783561100000e-01,5.8778525233313972e-01,-6.8497416722139715e-02,6.8497416722139715e-02
196,2.1666666666699999e-01,9.1666666666600005e-01,5.0000000000000003e-02,1.2500000000099999e-04,7.4314482547599292e-01,6.2559680618799995e-01,7.4314482550962746e-01,-1.1754801932162751e-01,1.1754801932162751e-01
197,2.3333333333400000e-01,9.3333333333299995e-01,5.0000000000000003e-02,1.2500000000099999e-04,8.6602540378548598e-01,7.5488888729100001e-01,8.6602540381061899e-01,-1.1113651651961898e-01,1.1113651651961898e-01
198,2.3333333333400000e-01,9.6666666666699996e-01,5.0000000000000003e-02,1.2500000000099999e-04,9.5105651629709531e-01,8.6697634780300004e-01,9.5105651631262833e-01,-8.4080168509628295e-02,8.4080168509628295e-02
199,2.1666666666800000e-01,9.8333333333299999e-01,5.0000000000000003e-02,1.2500000000099999e-04,9.5105651629709531e-01,8.6697634780400001e-01,9.5105651631262833e-01,-8.4080168508628317e-02,8.4080168508628317e-02
200,2.8333333333299998e-01,1.6666666666700001e-02,5.0000000000000003e-02,1.2500000000000000e-04,9.5105651629573607e-01,8.8350936257799995e-01,9.5105651628020293e-01,-6.7547153702202989e-02,6.7547153702202989e-02
201,2.6666666666599997e-01,3.3333333333400002e-02,5.0000000000000003e-02,1.2500000000000000e-04,9.5105651629631860e-01,8.8350936257699997e-01,9.5105651628078536e-01,-6.7547153703785390e-02,6.7547153703785390e-02
202,2.6666666666599997e-01,6.6666666666800004e-02,5.0000000000000003e-02,1.2500000000000000e-04,8.6602540378611426e-01,8.4177123194100001e-01,8.6602540376098103e-01,-2.4254171819981019e-02,2.4254171819981019e-02
203,2.8333333333299998e-01,8.3333333333500001e-02,5.0000000000000003e-02,1.2500000000000000e-04,7.4314482547809491e-01,7.6564368090500001e-01,7.4314482544446059e-01,2.2498855460539424e-02,2.2498855460539424e-02
204,2.8333333333299998e-01,1.1666666666700000e-01,5.0000000000000003e-02,1.2500000000000000e-04,5.8778525229247325e-01,5.6257183022400004e-01,5.8778525225180711e-01,-2.5213422027807075e-02,2.5213422027807075e-02
205,2.6666666666599997e-01,1.3333333333399999e-01,5.0000000000000003e-02,1.2500000000000000e-04,5.8778525229247325e-01,5.6257183022400004e-01,5.8778525225180711e-01,-2.5213422027807075e-02,2.5213422027807075e-02
206,2.6666666666599997e-01,1.6666666666700000e-01,5.0000000000000003e-02,1.2500000000000000e-04,4.0673664307771412e-01,4.5513114246399999e-01,4.0673664303179380e-01,4.8394499432206195e-02,4.8394499432206195e-02
207,2.8333333333299998e-01,1.8333333333400001e-01,5.0000000000000003e-02,1.2500000000000000e-04,2.0791169081571118e-01,2.9909669083000001e-01,2.0791169076654267e-01,9.1185000063457339e-02,9.1185000063457339e-02
208,2.8333333333299998e-01,2.1666666666699999e-01,5.0000000000000003e-02,1.2500000000000000e-04,1.2246467991473532e-16,2.6750979841300000e-02,-5.0265936878548630e-11,2.6750979891565937e-02,2.6750979891565937e-02
209,2.6666666666599997e-01,2.3333333333400000e-01,5.0000000000000003e-02,1.2500000000000000e-04,1.2246467991473532e-16,2.6750979843800000e-02,-5.0265936878548630e-11,2.6750979894065937e-02,2.6750979894065937e-02
210,2.6666666666599997e-01,2.6666666666700001e-01,5.0000000000000003e-02,1.2500000000000000e-04,-2.0791169081571007e-01,-1.0535357409200000e-01,-2.0791169086487771e-01,1.0255811677287771e-01,1.0255811677287771e-01
211,2.8333333333299998e-01,2.8333333333400001e-01,5.0000000000000003e-02,1.2500000000000000e-04,-4.0673664307771307e-01,-2.8169506921499998e-01,-4.0673664312363422e-01,1.2504157390863424e-01,1.2504157390863424e-01
212,2.8333333333299998e-01,3.1666666666700000e-01,5.0000000000000003e-02,1.2500000000000000e-04,-5.8778525229247303e-01,-5.1928783560699998e-01,-5.8778525233313905e-01,6.8497416726139071e-02,6.8497416726139071e-02
213,2.6666666666700001e-01,3.3333333333400000e-01,5.0000000000000003e-02,1.2500000000000000e-04,-5.8778525229755607e-01,-5.1928783560699998e-01,-5.8778525233822210e-01,6.8497416731222116e-02,6.8497416731222116e-02
214,2.6666666666700001e-01,3.6666666666800002e-01,5.0000000000000003e-02,1.2500000000000000e-04,-7.4314482548440119e-01,-6.2559680618400004e-01,-7.4314482551803640e-01,1.1754801933403636e-01,1.1754801933403636e-01
215,2.8333333333299998e-01,3.8333333333399999e-01,5.0000000000000003e-02,1.2500000000000000e-04,-8.6602540378548598e-01,-7.5488888728699999e-01,-8.6602540381061910e-01,1.1113651652361911e-01,1.1113651652361911e-01
216,2.8333333333299998e-01,4.1666666666800001e-01,5.0000000000000003e-02,1.2500000000000000e-04,-9.5105651629709531e-01,-8.6697634780099997e-01,-9.5105651631262811e-01,8.4080168511628139e-02,8.4080168511628139e-02
217,2.6666666666700001e-01,4.3333333333399998e-01,5.0000000000000003e-02,1.2500000000000000e-04,-9.5105651629709531e-01,-8.6697634780099997e-01,-9.5105651631262811e-01,8.4080168511628139e-02,8.4080168511628139e-02
218,2.6666666666700001e-01,4.6666666666800000e-01,5.0000000000000003e-02,1.2500000000000000e-04,-9.9452189536936797e-01,-9.0688332156700002e-01,-9.9452189537462221e-01,8.7638573807622189e-02,8.7638573807622189e-02
219,2.8333333333400001e-01,4.8333333333400003e-01,5.0000000000000003e-02,1.2500000000000000e-04,-9.9452189536739766e-01,-9.3974080814399996e-01,-9.9452189536214342e-01,5.4781087218143454e-02,5.4781087218143454e-02
220,2.8333333333400001e-01,5.1666666666799999e-01,5.0000000000000003e-02,1.2500000000000000e-04,-9.5105651629127053e-01,-8.8350936257599999e-01,-9.5105651627573717e-01,6.7547153699737184e-02,6.7547153699737184e-02
221,2.6666666666700001e-01,5.3333333333400001e-01,5.0000000000000003e-02,1.2500000000000000e-04,-9.5105651629321208e-01,-8.8350936257599999e-01,-9.5105651627767873e-01,6.7547153701678742e-02,6.7547153701678742e-02
222,2.6666666666700001e-01,5.6666666666800003e-01,5.0000000000000003e-02,1.2500000000000000e-04,-8.6602540377920278e-01,-8.4177123194100001e-01,-8.6602540375406978e-01,2.4254171813069769e-02,2.4254171813069769e-02
223,2.8333333333400001e-01,5.8333333333399995e-01,5.0000000000000003e-02,1.2500000000000000e-04,-7.4314482547178906e-01,-7.6564368090500001e-01,-7.4314482543815397e-01,-2.2498855466846046e-02,2.2498855466846046e-02
224,2.8333333333400001e-01,6.1666666666699999e-01,5.0000000000000003e-02,1.2500000000000000e-04,-5.8778525228739031e-01,-5.6257183022699997e-01,-5.8778525224672418e-01,2.5213422019724208e-02,2.5213422019724208e-02
225,2.6666666666700001e-01,6.3333333333399999e-01,5.0000000000000003e-02,1.2500000000000000e-04,-5.8778525228739031e-01,-5.6257183022500001e-01,-5.8778525224672418e-01,2.5213422021724163e-02,2.5213422021724163e-02
226,2.6666666666700001e-01,6.6666666666700003e-01,5.0000000000000003e-02,1.2500000000000000e-04,-4.0673664307197360e-01,-4.5513114246500003e-01,-4.0673664302605328e-01,-4.8394499438946748e-02,4.8394499438946748e-02
227,2.8333333333400001e-01,6.8333333333400004e-01,5.0000000000000003e-02,1.2500000000000000e-04,-2.0791169080956476e-01,-2.9909669083099999e-01,-2.0791169076039626e-01,-9.1185000070603733e-02,9.1185000070603733e-02
228,2.8333333333400001e-01,7.1666666666699996e-01,5.0000000000000003e-02,1.2500000000000000e-04,6.2836173900185569e-12,-2.6750979842800001e-02,5.6549676733247102e-11,-2.6750979899349679e-02,2.6750979899349679e-02
229,2.6666666666700001e-01,7.3333333333299999e-01,5.0000000000000003e-02,1.2500000000000000e-04,-2.4492935982947064e-16,-2.6750979841399999e-02,5.0265814413868716e-11,-2.6750979891665815e-02,2.6750979891665815e-02
230,2.6666666666700001e-01,7.6666666666700001e-01,5.0000000000000003e-02,1.2500000000000000e-04,2.0791169082185651e-01,1.0535357409399999e-01,2.0791169087102412e-01,-1.0255811677702413e-01,1.0255811677702413e-01
231,2.8333333333400001e-01,7.8333333333300004e-01,5.0000000000000003e-02,1.2500000000000000e-04,4.0673664307771296e-01,2.8169506921800003e-01,4.0673664312363328e-01,-1.2504157390563325e-01,1.2504157390563325e-01
232,2.8333333333400001e-01,8.1666666666599996e-01,5.0000000000000003e-02,1.2500000000000000e-04,5.8778525229247358e-01,5.1928783560900005e-01,5.8778525233313972e-01,-6.8497416724139670e-02,6.8497416724139670e-02
233,2.6666666666700001e-01,8.3333333333299997e-01,5.0000000000000003e-02,1.2500000000000000e-04,5.8778525229247358e-01,5.1928783561100000e-01,5.8778525233313972e-01,-6.8497416722139715e-02,6.8497416722139715e-02
234,2.6666666666799999e-01,8.6666666666600001e-01,5.0000000000000003e-02,1.2500000000000000e-04,7.4314482548019645e-01,6.2559680618799995e-01,7.4314482551383099e-01,-1.1754801932583103e-01,1.1754801932583103e-01
235,2.8333333333400001e-01,8.8333333333300001e-01,5.0000000000000003e-02,1.2500000000000000e-04,8.6602540378548598e-01,7.5488888729000003e-01,8.6602540381061899e-01,-1.1113651652061896e-01,1.1113651652061896e-01
236,2.8333333333400001e-01,9.1666666666600005e-01,5.0000000000000003e-02,1.2500000000099999e-04,9.5105651629515375e-01,8.6697634780300004e-01,9.5105651631068677e-01,-8.4080168507686737e-02,8.4080168507686737e-02
237,2.6666666666799999e-01,9.3333333333299995e-01,5.0000000000000003e-02,1.2500000000099999e-04,9.5105651629709476e-01,8.6697634780400001e-01,9.5105651631262778e-01,-8.4080168508627762e-02,8.4080168508627762e-02
238,2.6666666666799999e-01,9.6666666666699996e-01,5.0000000000000003e-02,1.2500000000099999e-04,9.9452189536936797e-01,9.0688332156999996e-01,9.9452189537462221e-01,-8.7638573804622255e-02,8.7638573804622255e-02
239,2.8333333333400001e-01,9.8333333333299999e-01,5.0000000000000003e-02,1.2500000000099999e-04,9.9452189536805435e-01,9.3974080814700001e-01,9.9452189536280011e-01,-5.4781087215800106e-02,5.4781087215800106e-02
240,3.1666666666600002e-01,1.6666666666700001e-02,5.0000000000000003e-02,1.2500000000000000e-04,8.6602540378642823e-01,8.4177123194199999e-01,8.6602540376129544e-01,-2.4254171819295456e-02,2.4254171819295456e-02
241,3.3333333333300003e-01,3.3333333333400002e-02,5.0000000000000003e-02,1.2500000000000000e-04,7.4314482547851535e-01,7.6564368090599999e-01,7.4314482544488025e-01,2.2498855461119738e-02,2.2498855461119738e-02
242,3.3333333333300003e-01,6.6666666666800004e-02,5.0000000000000003e-02,1.2500000000000000e-04,5.8778525229348955e-01,5.6257183022500001e-01,5.8778525225282319e-01,-2.5213422027823174e-02,2.5213422027823174e-02
243,3.1666666666600002e-01,8.3333333333500001e-02,5.0000000000000003e-02,1.2500000000000000e-04,5.8778525229501477e-01,5.6257183022500001e-01,5.8778525225434786e-01,-2.5213422029347843e-02,2.5213422029347843e-02
244,3.1666666666600002e-01,1.1666666666700000e-01,5.0000000000000003e-02,1.2500000000000000e-04,4.0673664307771368e-01,4.5513114246399999e-01,4.0673664303179213e-01,4.8394499432207860e-02,4.8394499432207860e-02
245,3.3333333333300003e-01,1.3333333333399999e-01,5.0000000000000003e-02,1.2500000000000000e-04,2.0791169081571076e-01,2.9909669083099999e-01,2.0791169076654267e-01,9.1185000064457317e-02,9.1185000064457317e-02
246,3.3333333333300003e-01,1.6666666666700000e-01,5.0000000000000003e-02,1.2500000000000000e-04,1.2246467991473532e-16,2.6750979841200000e-02,-5.0265936878548630e-11,2.6750979891465937e-02,2.6750979891465937e-02
247,3.1666666666600002e-01,1.8333333333400001e-01,5.0000000000000003e-02,1.2500000000000000e-04,1.2246467991473532e-16,2.6750979840400001e-02,-5.0265936878548630e-11,2.6750979890665938e-02,2.6750979890665938e-02
248,3.1666666666600002e-01,2.1666666666699999e-01,5.0000000000000003e-02,1.2500000000000000e-04,-2.0791169081571095e-01,-1.0535357409600001e-01,-2.0791169086487771e-01,1.0255811676887770e-01,1.0255811676887770e-01
249,3.3333333333300003e-01,2.3333333333400000e-01,5.0000000000000003e-02,1.2500000000000000e-04,-4.0673664307771390e-01,-2.8169506921900000e-01,-4.0673664312363422e-01,1.2504157390463422e-01,1.2504157390463422e-01
250,3.3333333333300003e-01,2.6666666666700001e-01,5.0000000000000003e-02,1.2500000000000000e-04,-5.8778525229247336e-01,-5.1928783561000003e-01,-5.8778525233313905e-01,6.8497416723139026e-02,6.8497416723139026e-02
251,3.1666666666600002e-01,2.8333333333400001e-01,5.0000000000000003e-02,1.2500000000000000e-04,-5.8778525229247336e-01,-5.1928783560699998e-01,-5.8778525233313905e-01,6.8497416726139071e-02,6.8497416726139071e-02
252,3.1666666666700000e-01,3.1666666666700000e-01,5.0000000000000003e-02,1.2500000000000000e-04,-7.4314482548019711e-01,-6.2559680618400004e-01,-7.4314482551383221e-01,1.1754801932983217e-01,1.1754801932983217e-01
253,3.3333333333300003e-01,3.3333333333400000e-01,5.0000000000000003e-02,1.2500000000000000e-04,-8.6602540378548598e-01,-7.5488888728699999e-01,-8.6602540381061910e-01,1.1113651652361911e-01,1.1113651652361911e-01
254,3.3333333333300003e-01,3.6666666666699999e-01,5.0000000000000003e-02,1.2500000000000000e-04,-9.5105651629515353e-01,-8.6697634780099997e-01,-9.5105651631068655e-01,8.4080168509686581e-02,8.4080168509686581e-02
255,3.1666666666700000e-01,3.8333333333399999e-01,5.0000000000000003e-02,1.2500000000000000e-04,-9.5105651629709531e-01,-8.6697634780099997e-01,-9.5105651631262811e-01,8.4080168511628139e-02,8.4080168511628139e-02
256,3.1666666666700000e-01,4.1666666666800001e-01,5.0000000000000003e-02,1.2500000000000000e-04,-9.9452189536936797e-01,-9.0688332156800000e-01,-9.9452189537462221e-01,8.7638573806622211e-02,8.7638573806622211e-02
257,3.3333333333300003e-01,4.3333333333399998e-01,5.0000000000000003e-02,1.2500000000000000e-04,-9.9452189536805446e-01,-9.3974080814600003e-01,-9.9452189536280022e-01,5.4781087216800195e-02,5.4781087216800195e-02
258,3.3333333333400000e-01,4.6666666666800000e-01,5.0000000000000003e-02,1.2500000000000000e-04,-9.5105651629127053e-01,-8.8350936257799995e-01,-9.5105651627573717e-01,6.7547153697737228e-02,6.7547153697737228e-02
259,3.1666666666700000e-01,4.8333333333400003e-01,5.0000000000000003e-02,1.2500000000000000e-04,-9.5105651629321208e-01,-8.8350936257500001e-01,-9.5105651627767873e-01,6.7547153702678719e-02,6.7547153702678719e-02
260,3.1666666666700000e-01,5.1666666666799999e-01,5.0000000000000003e-02,1.2500000000000000e-04,-8.6602540377920278e-01,-8.4177123194100001e-01,-8.6602540375406978e-01,2.4254171813069769e-02,2.4254171813069769e-02
261,3.3333333333400000e-01,5.3333333333400001e-01,5.0000000000000003e-02,1.2500000000000000e-04,-7.4314482547178851e-01,-7.6564368090500001e-01,-7.4314482543815397e-01,-2.2498855466846046e-02,2.2498855466846046e-02
262,3.3333333333400000e-01,5.6666666666700005e-01,5.0000000000000003e-02,1.2500000000000000e-04,-5.8778525228739031e-01,-5.6257183022799995e-01,-5.8778525224672418e-01,2.5213422018724230e-02,2.5213422018724230e-02
263,3.1666666666700000e-01,5.8333333333399995e-01,5.0000000000000003e-02,1.2500000000000000e-04,-5.8778525228739031e-01,-5.6257183022500001e-01,-5.8778525224672418e-01,2.5213422021724163e-02,2.5213422021724163e-02
264,3.1666666666700000e-01,6.1666666666699999e-01,5.0000000000000003e-02,1.2500000000000000e-04,-4.0673664307197444e-01,-4.5513114246600000e-01,-4.0673664302605328e-01,-4.8394499439946725e-02,4.8394499439946725e-02
265,3.3333333333400000e-01,6.3333333333399999e-01,5.0000000000000003e-02,1.2500000000000000e-04,-2.0791169080956562e-01,-2.9909669083300000e-01,-2.0791169076039800e-01,-9.1185000072601996e-02,9.1185000072601996e-02
266,3.3333333333400000e-01,6.6666666666700003e-01,5.0000000000000003e-02,1.2500000000000000e-04,6.2836173900185569e-12,-2.6750979845100002e-02,5.6549676733247102e-11,-2.6750979901649680e-02,2.6750979901649680e-02
267,3.1666666666700000e-01,6.8333333333400004e-01,5.0000000000000003e-02,1.2500000000000000e-04,6.2836173900185569e-12,-2.6750979841499999e-02,5.6549676733247102e-11,-2.6750979898049677e-02,2.6750979898049677e-02
268,3.1666666666700000e-01,7.1666666666699996e-01,5.0000000000000003e-02,1.2500000000000000e-04,2.0791169082185651e-01,1.0535357409399999e-01,2.0791169087102412e-01,-1.0255811677702413e-01,1.0255811677702413e-01
269,3.3333333333400000e-01,7.3333333333299999e-01,5.0000000000000003e-02,1.2500000000000000e-04,4.0673664307771296e-01,2.8169506921699999e-01,4.0673664312363328e-01,-1.2504157390663329e-01,1.2504157390663329e-01
270,3.3333333333400000e-01,7.6666666666700001e-01,5.0000000000000003e-02,1.2500000000000000e-04,5.8778525229755596e-01,5.1928783560799996e-01,5.8778525233822199e-01,-6.8497416730222027e-02,6.8497416730222027e-02
271,3.1666666666799997e-01,7.8333333333300004e-01,5.0000000000000003e-02,1.2500000000000000e-04,5.8778525229755596e-01,5.1928783561000003e-01,5.8778525233822199e-01,-6.8497416728221960e-02,6.8497416728221960e-02
272,3.1666666666799997e-01,8.1666666666599996e-01,5.0000000000000003e-02,1.2500000000000000e-04,7.4314482548019645e-01,6.2559680618699998e-01,7.4314482551383099e-01,-1.1754801932683101e-01,1.1754801932683101e-01
273,3.3333333333400000e-01,8.3333333333299997e-01,5.0000000000000003e-02,1.2500000000000000e-04,8.6602540378548598e-01,7.5488888728900005e-01,8.6602540381061899e-01,-1.1113651652161893e-01,1.1113651652161893e-01
274,3.3333333333400000e-01,8.6666666666600001e-01,5.0000000000000003e-02,1.2500000000000000e-04,9.5105651629515353e-01,8.6697634780300004e-01,9.5105651631068655e-01,-8.4080168507686515e-02,8.4080168507686515e-02
275,3.1666666666799997e-01,8.8333333333300001e-01,5.0000000000000003e-02,1.2500000000000000e-04,9.5105651629709531e-01,8.6697634780300004e-01,9.5105651631262833e-01,-8.4080168509628295e-02,8.4080168509628295e-02
276,3.1666666666799997e-01,9.1666666666600005e-01,5.0000000000000003e-02,1.2500000000099999e-04,9.9452189536871116e-01,9.0688332156899998e-01,9.9452189537396540e-01,-8.7638573804965425e-02,8.7638573804965425e-02
277,3.3333333333499998e-01,9.3333333333299995e-01,5.0000000000000003e-02,1.2500000000099999e-04,9.9452189536739766e-01,9.3974080814700001e-01,9.9452189536214342e-01,-5.4781087215143409e-02,5.4781087215143409e-02
278,3.3333333333499998e-01,9.6666666666699996e-01,5.0000000000000003e-02,1.2500000000099999e-04,9.5105651629127053e-01,8.8350936257699997e-01,9.5105651627573728e-01,-6.7547153698737317e-02,6.7547153698737317e-02
279,3.1666666666799997e-01,9.8333333333299999e-01,5.0000000000000003e-02,1.2500000000099999e-04,9.5105651629321208e-01,8.8350936257599999e-01,9.5105651627767906e-01,-6.7547153701679075e-02,6.7547153701679075e-02
280,3.8333333333199998e-01,1.6666666666700001e-02,5.0000000000000003e-02,1.2500000000000000e-04,5.8778525229908141e-01,5.6257183022599999e-01,5.8778525225841494e-01,-2.5213422032414945e-02,2.5213422032414945e-02
281,3.6666666666600001e-01,3.3333333333400002e-02,5.0000000000000003e-02,1.2500000000000000e-04,5.8778525229552314e-01,5.6257183022599999e-01,5.8778525225485667e-01,-2.5213422028856680e-02,2.5213422028856680e-02
282,3.6666666666600001e-01,6.6666666666800004e-02,5.0000000000000003e-02,1.2500000000000000e-04,4.0673664307886181e-01,4.5513114246500003e-01,4.0673664303294110e-01,4.8394499432058924e-02,4.8394499432058924e-02
283,3.8333333333300001e-01,8.3333333333500001e-02,5.0000000000000003e-02,1.2500000000000000e-04,2.0791169081878358e-01,2.9909669083200002e-01,2.0791169076961638e-01,9.1185000062383642e-02,9.1185000062383642e-02
284,3.8333333333300001e-01,1.1666666666700000e-01,5.0000000000000003e-02,1.2500000000000000e-04,1.2246467991473532e-16,2.6750979842099998e-02,-5.0265936878548630e-11,2.6750979892365936e-02,2.6750979892365936e-02
285,3.6666666666600001e-01,1.3333333333399999e-01,5.0000000000000003e-02,1.2500000000000000e-04,1.2246467991473532e-16,2.6750979841899999e-02,-5.0265936878548630e-11,2.6750979892165936e-02,2.6750979892165936e-02
286,3.6666666666600001e-01,1.6666666666700000e-01,5.0000000000000003e-02,1.2500000000000000e-04,-2.0791169081571095e-01,-1.0535357409500000e-01,-2.0791169086487771e-01,1.0255811676987771e-01,1.0255811676987771e-01
287,3.8333333333300001e-01,1.8333333333400001e-01,5.0000000000000003e-02,1.2500000000000000e-04,-4.0673664307771390e-01,-2.8169506921800003e-01,-4.0673664312363422e-01,1.2504157390563420e-01,1.2504157390563420e-01
288,3.8333333333300001e-01,2.1666666666699999e-01,5.0000000000000003e-02,1.2500000000000000e-04,-5.8778525229247303e-01,-5.1928783561000003e-01,-5.8778525233313905e-01,6.8497416723139026e-02,6.8497416723139026e-02
289,3.6666666666600001e-01,2.3333333333400000e-01,5.0000000000000003e-02,1.2500000000000000e-04,-5.8778525229247303e-01,-5.1928783561100000e-01,-5.8778525233313905e-01,6.8497416722139048e-02,6.8497416722139048e-02
290,3.6666666666600001e-01,2.6666666666700001e-01,5.0000000000000003e-02,1.2500000000000000e-04,-7.4314482547599270e-01,-6.2559680618799995e-01,-7.4314482550962691e-01,1.1754801932162695e-01,1.1754801932162695e-01
291,3.8333333333300001e-01,2.8333333333400001e-01,5.0000000000000003e-02,1.2500000000000000e-04,-8.6602540378548598e-01,-7.5488888729100001e-01,-8.6602540381061910e-01,1.1113651651961909e-01,1.1113651651961909e-01
292,3.8333333333300001e-01,3.1666666666700000e-01,5.0000000000000003e-02,1.2500000000000000e-04,-9.5105651629515353e-01,-8.6697634780199995e-01,-9.5105651631068655e-01,8.4080168508686604e-02,8.4080168508686604e-02
293,3.6666666666699999e-01,3.3333333333400000e-01,5.0000000000000003e-02,1.2500000000000000e-04,-9.5105651629709531e-01,-8.6697634779999999e-01,-9.5105651631262811e-01,8.4080168512628117e-02,8.4080168512628117e-02
294,3.6666666666699999e-01,3.6666666666699999e-01,5.0000000000000003e-02,1.2500000000000000e-04,-9.9452189536871116e-01,-9.0688332156700002e-01,-9.9452189537396540e-01,8.7638573806965381e-02,8.7638573806965381e-02
295,3.8333333333300001e-01,3.8333333333399999e-01,5.0000000000000003e-02,1.2500000000000000e-04,-9.9452189536805446e-01,-9.3974080814399996e-01,-9.9452189536280022e-01,5.4781087218800262e-02,5.4781087218800262e-02
296,3.8333333333300001e-01,4.1666666666699997e-01,5.0000000000000003e-02,1.2500000000000000e-04,-9.5105651629515364e-01,-8.8350936257599999e-01,-9.5105651627962029e-01,6.7547153703620300e-02,6.7547153703620300e-02
297,3.6666666666699999e-01,4.3333333333399998e-01,5.0000000000000003e-02,1.2500000000000000e-04,-9.5105651629321208e-01,-8.8350936257799995e-01,-9.5105651627767906e-01,6.7547153699679119e-02,6.7547153699679119e-02
298,3.6666666666699999e-01,4.6666666666700002e-01,5.0000000000000003e-02,1.2500000000000000e-04,-8.6602540378234427e-01,-8.4177123194400005e-01,-8.6602540375721127e-01,2.4254171813211212e-02,2.4254171813211212e-02
299,3.8333333333399999e-01,4.8333333333400003e-01,5.0000000000000003e-02,1.2500000000000000e-04,-7.4314482547178851e-01,-7.6564368090799995e-01,-7.4314482543815397e-01,-2.2498855469845980e-02,2.2498855469845980e-02
300,3.8333333333399999e-01,5.1666666666700001e-01,5.0000000000000003e-02,1.2500000000000000e-04,-5.8778525228739031e-01,-5.6257183022900004e-01,-5.8778525224672418e-01,2.5213422017724141e-02,2.5213422017724141e-02
301,3.6666666666699999e-01,5.3333333333400001e-01,5.0000000000000003e-02,1.2500000000000000e-04,-5.8778525228739031e-01,-5.6257183022599999e-01,-5.8778525224672418e-01,2.5213422020724185e-02,2.5213422020724185e-02
302,3.6666666666699999e-01,5.6666666666700005e-01,5.0000000000000003e-02,1.2500000000000000e-04,-4.0673664307197360e-01,-4.5513114246699998e-01,-4.0673664302605328e-01,-4.8394499440946703e-02,4.8394499440946703e-02
303,3.8333333333399999e-01,5.8333333333399995e-01,5.0000000000000003e-02,1.2500000000000000e-04,-2.0791169080956562e-01,-2.9909669083399998e-01,-2.0791169076039800e-01,-9.1185000073601974e-02,9.1185000073601974e-02
304,3.8333333333399999e-01,6.1666666666699999e-01,5.0000000000000003e-02,1.2500000000000000e-04,6.2836173900185569e-12,-2.6750979845500001e-02,5.6549676733247102e-11,-2.6750979902049679e-02,2.6750979902049679e-02
305,3.6666666666699999e-01,6.3333333333399999e-01,5.0000000000000003e-02,1.2500000000000000e-04,6.2836173900185569e-12,-2.6750979843600000e-02,5.6549676733247102e-11,-2.6750979900149678e-02,2.6750979900149678e-02
306,3.6666666666699999e-01,6.6666666666700003e-01,5.0000000000000003e-02,1.2500000000000000e-04,2.0791169082185651e-01,1.0535357409200000e-01,2.0791169087102412e-01,-1.0255811677902413e-01,1.0255811677902413e-01
307,3.8333333333399999e-01,6.8333333333400004e-01,5.0000000000000003e-02,1.2500000000000000e-04,4.0673664308345353e-01,2.8169506921499998e-01,4.0673664312937391e-01,-1.2504157391437393e-01,1.2504157391437393e-01
308,3.8333333333399999e-01,7.1666666666699996e-01,5.0000000000000003e-02,1.2500000000000000e-04,5.8778525229755596e-01,5.1928783560699998e-01,5.8778525233822199e-01,-6.8497416731222005e-02,6.8497416731222005e-02
309,3.6666666666800002e-01,7.3333333333299999e-01,5.0000000000000003e-02,1.2500000000000000e-04,5.8778525229755596e-01,5.1928783560799996e-01,5.8778525233822199e-01,-6.8497416730222027e-02,6.8497416730222027e-02
310,3.6666666666800002e-01,7.6666666666700001e-01,5.0000000000000003e-02,1.2500000000000000e-04,7.4314482548440108e-01,6.2559680618500002e-01,7.4314482551803573e-01,-1.1754801933303571e-01,1.1754801933303571e-01
311,3.8333333333399999e-01,7.8333333333300004e-01,5.0000000000000003e-02,1.2500000000000000e-04,8.6602540378548598e-01,7.5488888728799997e-01,8.6602540381061899e-01,-1.1113651652261902e-01,1.1113651652261902e-01
312,3.8333333333399999e-01,8.1666666666599996e-01,5.0000000000000003e-02,1.2500000000000000e-04,9.5105651629515353e-01,8.6697634780199995e-01,9.5105651631068655e-01,-8.4080168508686604e-02,8.4080168508686604e-02
313,3.6666666666800002e-01,8.3333333333299997e-01,5.0000000000000003e-02,1.2500000000000000e-04,9.5105651629709531e-01,8.6697634780300004e-01,9.5105651631262833e-01,-8.4080168509628295e-02,8.4080168509628295e-02
314,3.6666666666800002e-01,8.6666666666600001e-01,5.0000000000000003e-02,1.2500000000000000e-04,9.9452189536871116e-01,9.0688332156899998e-01,9.9452189537396540e-01,-8.7638573804965425e-02,8.7638573804965425e-02
315,3.8333333333500003e-01,8.8333333333300001e-01,5.0000000000000003e-02,1.2500000000000000e-04,9.9452189536739766e-01,9.3974080814700001e-01,9.9452189536214342e-01,-5.4781087215143409e-02,5.4781087215143409e-02
316,3.8333333333500003e-01,9.1666666666600005e-01,5.0000000000000003e-02,1.2500000000099999e-04,9.5105651629321153e-01,8.8350936257799995e-01,9.5105651627767873e-01,-6.7547153699678786e-02,6.7547153699678786e-02
317,3.6666666666800002e-01,9.3333333333299995e-01,5.0000000000000003e-02,1.2500000000099999e-04,9.5105651629321208e-01,8.8350936257699997e-01,9.5105651627767906e-01,-6.7547153700679097e-02,6.7547153700679097e-02
318,3.6666666666800002e-01,9.6666666666699996e-01,5.0000000000000003e-02,1.2500000000099999e-04,8.6602540377920334e-01,8.4177123194100001e-01,8.6602540375406978e-01,-2.4254171813069769e-02,2.4254171813069769e-02
319,3.8333333333500003e-01,9.8333333333299999e-01,5.0000000000000003e-02,1.2500000000099999e-04,7.4314482547178851e-01,7.6564368090500001e-01,7.4314482543815374e-01,2.2498855466846268e-02,2.2498855466846268e-02
320,4.1666666666600000e-01,1.6666666666700001e-02,5.0000000000000003e-02,1.2500000000000000e-04,4.0673664307943547e-01,4.5513114246399999e-01,4.0673664303351392e-01,4.8394499430486071e-02,4.8394499430486071e-02
321,4.3333333333200003e-01,3.3333333333400002e-02,5.0000000000000003e-02,1.2500000000000000e-04,2.0791169082554392e-01,2.9909669083099999e-01,2.0791169077637717e-01,9.1185000054622822e-02,9.1185000054622822e-02
322,4.3333333333200003e-01,6.6666666666800004e-02,5.0000000000000003e-02,1.2500000000000000e-04,7.5398690695142773e-12,2.6750979842400002e-02,-4.2727078452133967e-11,2.6750979885127080e-02,2.6750979885127080e-02
323,4.1666666666600000e-01,8.3333333333500001e-02,5.0000000000000003e-02,1.2500000000000000e-04,3.1416095351592575e-12,2.6750979843200001e-02,-4.7123561629649587e-11,2.6750979890323563e-02,2.6750979890323563e-02
324,4.1666666666600000e-01,1.1666666666700000e-01,5.0000000000000003e-02,1.2500000000000000e-04,-2.0791169081571095e-01,-1.0535357409300000e-01,-2.0791169086487771e-01,1.0255811677187771e-01,1.0255811677187771e-01
325,4.3333333333300000e-01,1.3333333333399999e-01,5.0000000000000003e-02,1.2500000000000000e-04,-4.0673664307771307e-01,-2.8169506921600002e-01,-4.0673664312363422e-01,1.2504157390763421e-01,1.2504157390763421e-01
326,4.3333333333300000e-01,1.6666666666700000e-01,5.0000000000000003e-02,1.2500000000000000e-04,-5.8778525229247303e-01,-5.1928783560799996e-01,-5.8778525233313905e-01,6.8497416725139093e-02,6.8497416725139093e-02
327,4.1666666666600000e-01,1.8333333333400001e-01,5.0000000000000003e-02,1.2500000000000000e-04,-5.8778525229247303e-01,-5.1928783561000003e-01,-5.8778525233313905e-01,6.8497416723139026e-02,6.8497416723139026e-02
328,4.1666666666600000e-01,2.1666666666699999e-01,5.0000000000000003e-02,1.2500000000000000e-04,-7.4314482547599270e-01,-6.2559680618799995e-01,-7.4314482550962691e-01,1.1754801932162695e-01,1.1754801932162695e-01
329,4.3333333333300000e-01,2.3333333333400000e-01,5.0000000000000003e-02,1.2500000000000000e-04,-8.6602540378548598e-01,-7.5488888729100001e-01,-8.6602540381061910e-01,1.1113651651961909e-01,1.1113651651961909e-01
330,4.3333333333300000e-01,2.6666666666700001e-01,5.0000000000000003e-02,1.2500000000000000e-04,-9.5105651629515353e-01,-8.6697634780400001e-01,-9.5105651631068655e-01,8.4080168506686537e-02,8.4080168506686537e-02
331,4.1666666666600000e-01,2.8333333333400001e-01,5.0000000000000003e-02,1.2500000000000000e-04,-9.5105651629515353e-01,-8.6697634780300004e-01,-9.5105651631068655e-01,8.4080168507686515e-02,8.4080168507686515e-02
332,4.1666666666600000e-01,3.1666666666700000e-01,5.0000000000000003e-02,1.2500000000000000e-04,-9.9452189536805446e-01,-9.0688332156899998e-01,-9.9452189537330871e-01,8.7638573804308728e-02,8.7638573804308728e-02
333,4.3333333333300000e-01,3.3333333333400000e-01,5.0000000000000003e-02,1.2500000000000000e-04,-9.9452189536805446e-01,-9.3974080814600003e-01,-9.9452189536280022e-01,5.4781087216800195e-02,5.4781087216800195e-02
334,4.3333333333300000e-01,3.6666666666699999e-01,5.0000000000000003e-02,1.2500000000000000e-04,-9.5105651629515364e-01,-8.8350936257599999e-01,-9.5105651627962029e-01,6.7547153703620300e-02,6.7547153703620300e-02
335,4.1666666666699997e-01,3.8333333333399999e-01,5.0000000000000003e-02,1.2500000000000000e-04,-9.5105651629321208e-01,-8.8350936257500001e-01,-9.5105651627767906e-01,6.7547153702679053e-02,6.7547153702679053e-02
336,4.1666666666699997e-01,4.1666666666699997e-01,5.0000000000000003e-02,1.2500000000000000e-04,-8.6602540378234472e-01,-8.4177123194000003e-01,-8.6602540375721171e-01,2.4254171817211678e-02,2.4254171817211678e-02
337,4.3333333333300000e-01,4.3333333333399998e-01,5.0000000000000003e-02,1.2500000000000000e-04,-7.4314482547599325e-01,-7.6564368090400003e-01,-7.4314482544235805e-01,-2.2498855461641987e-02,2.2498855461641987e-02
338,4.3333333333399998e-01,4.6666666666700002e-01,5.0000000000000003e-02,1.2500000000000000e-04,-5.8778525228739031e-01,-5.6257183022599999e-01,-5.8778525224672418e-01,2.5213422020724185e-02,2.5213422020724185e-02
339,4.1666666666699997e-01,4.8333333333400003e-01,5.0000000000000003e-02,1.2500000000000000e-04,-5.8778525228739031e-01,-5.6257183022699997e-01,-5.8778525224672418e-01,2.5213422019724208e-02,2.5213422019724208e-02
340,4.1666666666699997e-01,5.1666666666700001e-01,5.0000000000000003e-02,1.2500000000000000e-04,-4.0673664307197444e-01,-4.5513114246800002e-01,-4.0673664302605328e-01,-4.8394499441946737e-02,4.8394499441946737e-02
341,4.3333333333399998e-01,5.3333333333400001e-01,5.0000000000000003e-02,1.2500000000000000e-04,-2.0791169080956562e-01,-2.9909669083399998e-01,-2.0791169076039800e-01,-9.1185000073601974e-02,9.1185000073601974e-02
342,4.3333333333399998e-01,5.6666666666700005e-01,5.0000000000000003e-02,1.2500000000000000e-04,6.2836173900185569e-12,-2.6750979845600001e-02,5.6549676733247102e-11,-2.6750979902149679e-02,2.6750979902149679e-02
343,4.1666666666699997e-01,5.8333333333399995e-01,5.0000000000000003e-02,1.2500000000000000e-04,6.2818410331791567e-12,-2.6750979843600000e-02,5.6548788554827402e-11,-2.6750979900148790e-02,2.6750979900148790e-02
344,4.1666666666699997e-01,6.1666666666699999e-01,5.0000000000000003e-02,1.2500000000000000e-04,2.0791169082185651e-01,1.0535357409200000e-01,2.0791169087102412e-01,-1.0255811677902413e-01,1.0255811677902413e-01
345,4.3333333333399998e-01,6.3333333333399999e-01,5.0000000000000003e-02,1.2500000000000000e-04,4.0673664308345353e-01,2.8169506921499998e-01,4.0673664312937391e-01,-1.2504157391437393e-01,1.2504157391437393e-01
346,4.3333333333399998e-01,6.6666666666700003e-01,5.0000000000000003e-02,1.2500000000000000e-04,5.8778525229755596e-01,5.1928783560600000e-01,5.8778525233822199e-01,-6.8497416732221983e-02,6.8497416732221983e-02
347,4.1666666666800001e-01,6.8333333333299995e-01,5.0000000000000003e-02,1.2500000000000000e-04,5.8778525229755596e-01,5.1928783560799996e-01,5.8778525233822199e-01,-6.8497416730222027e-02,6.8497416730222027e-02
348,4.1666666666800001e-01,7.1666666666699996e-01,5.0000000000000003e-02,1.2500000000000000e-04,7.4314482548440108e-01,6.2559680618500002e-01,7.4314482551803573e-01,-1.1754801933303571e-01,1.1754801933303571e-01
349,4.3333333333399998e-01,7.3333333333299999e-01,5.0000000000000003e-02,1.2500000000000000e-04,8.6602540378548598e-01,7.5488888728799997e-01,8.6602540381061899e-01,-1.1113651652261902e-01,1.1113651652261902e-01
350,4.3333333333399998e-01,7.6666666666700001e-01,5.0000000000000003e-02,1.2500000000000000e-04,9.5105651629709531e-01,8.6697634780199995e-01,9.5105651631262833e-01,-8.4080168510628384e-02,8.4080168510628384e-02
351,4.1666666666800001e-01,7.8333333333300004e-01,5.0000000000000003e-02,1.2500000000000000e-04,9.5105651629709531e-01,8.6697634780099997e-01,9.5105651631262833e-01,-8.4080168511628361e-02,8.4080168511628361e-02
352,4.1666666666800001e-01,8.1666666666599996e-01,5.0000000000000003e-02,1.2500000000000000e-04,9.9452189536871116e-01,9.0688332156899998e-01,9.9452189537396540e-01,-8.7638573804965425e-02,8.7638573804965425e-02
353,4.3333333333500001e-01,8.3333333333299997e-01,5.0000000000000003e-02,1.2500000000000000e-04,9.9452189536739766e-01,9.3974080814600003e-01,9.9452189536214342e-01,-5.4781087216143387e-02,5.4781087216143387e-02
354,4.3333333333500001e-01,8.6666666666600001e-01,5.0000000000000003e-02,1.2500000000000000e-04,9.5105651629321208e-01,8.8350936257799995e-01,9.5105651627767906e-01,-6.7547153699679119e-02,6.7547153699679119e-02
355,4.1666666666800001e-01,8.8333333333300001e-01,5.0000000000000003e-02,1.2500000000000000e-04,9.5105651629321208e-01,8.8350936257799995e-01,9.5105651627767906e-01,-6.7547153699679119e-02,6.7547153699679119e-02
356,4.1666666666800001e-01,9.1666666666600005e-01,5.0000000000000003e-02,1.2500000000099999e-04,8.6602540378234394e-01,8.4177123194299996e-01,8.6602540375721127e-01,-2.4254171814211301e-02,2.4254171814211301e-02
357,4.3333333333500001e-01,9.3333333333299995e-01,5.0000000000000003e-02,1.2500000000099999e-04,7.4314482547178973e-01,7.6564368090699997e-01,7.4314482543815463e-01,2.2498855468845336e-02,2.2498855468845336e-02
358,4.3333333333500001e-01,9.6666666666699996e-01,5.0000000000000003e-02,1.2500000000099999e-04,5.8778525228230594e-01,5.6257183022599999e-01,5.8778525224164013e-01,-2.5213422015640141e-02,2.5213422015640141e-02
359,4.1666666666800001e-01,9.8333333333299999e-01,5.0000000000000003e-02,1.2500000000099999e-04,5.8778525228739043e-01,5.6257183022400004e-01,5.8778525224672395e-01,-2.5213422022723919e-02,2.5213422022723919e-02
360,4.8333333333200001e-01,1.6666666666700001e-02,5.0000000000000003e-02,1.2500000000000000e-04,8.1678112122422658e-12,2.6750979841899999e-02,-4.2098248130986278e-11,2.6750979883998247e-02,2.6750979883998247e-02
361,4.6666666666599999e-01,3.3333333333400002e-02,5.0000000000000003e-02,1.2500000000000000e-04,3.7699957670970965e-12,2.6750979842500001e-02,-4.6496507665341298e-11,2.6750979888996509e-02,2.6750979888996509e-02
362,4.6666666666599999e-01,6.6666666666800004e-02,5.0000000000000003e-02,1.2500000000000000e-04,-2.0791169081448119e-01,-1.0535357409300000e-01,-2.0791169086364925e-01,1.0255811677064924e-01,1.0255811677064924e-01
363,4.8333333333200001e-01,8.3333333333399998e-02,5.0000000000000003e-02,1.2500000000000000e-04,-4.0673664306852936e-01,-2.8169506921499998e-01,-4.0673664311445090e-01,1.2504157389945092e-01,1.2504157389945092e-01
364,4.8333333333200001e-01,1.1666666666700000e-01,5.0000000000000003e-02,1.2500000000000000e-04,-5.8778525228738998e-01,-5.1928783560600000e-01,-5.8778525232805612e-01,6.8497416722056115e-02,6.8497416722056115e-02
365,4.6666666666599999e-01,1.3333333333399999e-01,5.0000000000000003e-02,1.2500000000000000e-04,-5.8778525229247303e-01,-5.1928783560600000e-01,-5.8778525233313905e-01,6.8497416727139049e-02,6.8497416727139049e-02
366,4.6666666666599999e-01,1.6666666666700000e-01,5.0000000000000003e-02,1.2500000000000000e-04,-7.4314482547599270e-01,-6.2559680618400004e-01,-7.4314482550962691e-01,1.1754801932562686e-01,1.1754801932562686e-01
367,4.8333333333299999e-01,1.8333333333400001e-01,5.0000000000000003e-02,1.2500000000000000e-04,-8.6602540378548598e-01,-7.5488888728699999e-01,-8.6602540381061910e-01,1.1113651652361911e-01,1.1113651652361911e-01
368,4.8333333333299999e-01,2.1666666666699999e-01,5.0000000000000003e-02,1.2500000000000000e-04,-9.5105651629515353e-01,-8.6697634780099997e-01,-9.5105651631068655e-01,8.4080168509686581e-02,8.4080168509686581e-02
369,4.6666666666599999e-01,2.3333333333400000e-01,5.0000000000000003e-02,1.2500000000000000e-04,-9.5105651629515353e-01,-8.6697634780499999e-01,-9.5105651631068655e-01,8.4080168505686559e-02,8.4080168505686559e-02
370,4.6666666666599999e-01,2.6666666666700001e-01,5.0000000000000003e-02,1.2500000000000000e-04,-9.9452189536805446e-01,-9.0688332157100005e-01,-9.9452189537330871e-01,8.7638573802308661e-02,8.7638573802308661e-02
371,4.8333333333299999e-01,2.8333333333400001e-01,5.0000000000000003e-02,1.2500000000000000e-04,-9.9452189536805446e-01,-9.3974080814799998e-01,-9.9452189536280022e-01,5.4781087214800239e-02,5.4781087214800239e-02
372,4.8333333333299999e-01,3.1666666666700000e-01,5.0000000000000003e-02,1.2500000000000000e-04,-9.5105651629515364e-01,-8.8350936257699997e-01,-9.5105651627962029e-01,6.7547153702620322e-02,6.7547153702620322e-02
373,4.6666666666700002e-01,3.3333333333400000e-01,5.0000000000000003e-02,1.2500000000000000e-04,-9.5105651629321208e-01,-8.8350936257599999e-01,-9.5105651627767873e-01,6.7547153701678742e-02,6.7547153701678742e-02
374,4.6666666666700002e-01,3.6666666666699999e-01,5.0000000000000003e-02,1.2500000000000000e-04,-8.6602540378234427e-01,-8.4177123194000003e-01,-8.6602540375721127e-01,2.4254171817211234e-02,2.4254171817211234e-02
375,4.8333333333299999e-01,3.8333333333399999e-01,5.0000000000000003e-02,1.2500000000000000e-04,-7.4314482547599325e-01,-7.6564368090400003e-01,-7.4314482544235805e-01,-2.2498855461641987e-02,2.2498855461641987e-02
376,4.8333333333299999e-01,4.1666666666699997e-01,5.0000000000000003e-02,1.2500000000000000e-04,-5.8778525229247403e-01,-5.6257183022400004e-01,-5.8778525225180722e-01,2.5213422027807186e-02,2.5213422027807186e-02
377,4.6666666666700002e-01,4.3333333333399998e-01,5.0000000000000003e-02,1.2500000000000000e-04,-5.8778525228739031e-01,-5.6257183022299995e-01,-5.8778525224672418e-01,2.5213422023724230e-02,2.5213422023724230e-02
378,4.6666666666700002e-01,4.6666666666700002e-01,5.0000000000000003e-02,1.2500000000000000e-04,-4.0673664307197360e-01,-4.5513114246399999e-01,-4.0673664302605328e-01,-4.8394499437946714e-02,4.8394499437946714e-02
379,4.8333333333400003e-01,4.8333333333400003e-01,5.0000000000000003e-02,1.2500000000000000e-04,-2.0791169080956476e-01,-2.9909669083000001e-01,-2.0791169076039626e-01,-9.1185000069603755e-02,9.1185000069603755e-02
380,4.8333333333400003e-01,5.1666666666700001e-01,5.0000000000000003e-02,1.2500000000000000e-04,6.2836173900185569e-12,-2.6750979841899999e-02,5.6549676733247102e-11,-2.6750979898449677e-02,2.6750979898449677e-02
381,4.6666666666700002e-01,5.3333333333400001e-01,5.0000000000000003e-02,1.2500000000000000e-04,6.2836173900185569e-12,-2.6750979842600001e-02,5.6549676733247102e-11,-2.6750979899149679e-02,2.6750979899149679e-02
382,4.6666666666700002e-01,5.6666666666700005e-01,5.0000000000000003e-02,1.2500000000000000e-04,2.0791169082185651e-01,1.0535357409200000e-01,2.0791169087102412e-01,-1.0255811677902413e-01,1.0255811677902413e-01
383,4.8333333333400003e-01,5.8333333333399995e-01,5.0000000000000003e-02,1.2500000000000000e-04,4.0673664308345353e-01,2.8169506921499998e-01,4.0673664312937391e-01,-1.2504157391437393e-01,1.2504157391437393e-01
384,4.8333333333400003e-01,6.1666666666699999e-01,5.0000000000000003e-02,1.2500000000000000e-04,5.8778525229755596e-01,5.1928783560600000e-01,5.8778525233822199e-01,-6.8497416732221983e-02,6.8497416732221983e-02
385,4.6666666666700002e-01,6.3333333333399999e-01,5.0000000000000003e-02,1.2500000000000000e-04,5.8778525229755596e-01,5.1928783560699998e-01,5.8778525233822199e-01,-6.8497416731222005e-02,6.8497416731222005e-02
386,4.6666666666800000e-01,6.6666666666700003e-01,5.0000000000000003e-02,1.2500000000000000e-04,7.4314482548440108e-01,6.2559680618400004e-01,7.4314482551803573e-01,-1.1754801933403569e-01,1.1754801933403569e-01
387,4.8333333333400003e-01,6.8333333333299995e-01,5.0000000000000003e-02,1.2500000000000000e-04,8.6602540378548598e-01,7.5488888728699999e-01,8.6602540381061899e-01,-1.1113651652361900e-01,1.1113651652361900e-01
388,4.8333333333400003e-01,7.1666666666699996e-01,5.0000000000000003e-02,1.2500000000000000e-04,9.5105651629709531e-01,8.6697634779999999e-01,9.5105651631262833e-01,-8.4080168512628339e-02,8.4080168512628339e-02
389,4.6666666666800000e-01,7.3333333333299999e-01,5.0000000000000003e-02,1.2500000000000000e-04,9.5105651629709531e-01,8.6697634780199995e-01,9.5105651631262833e-01,-8.4080168510628384e-02,8.4080168510628384e-02
390,4.6666666666800000e-01,7.6666666666700001e-01,5.0000000000000003e-02,1.2500000000000000e-04,9.9452189536936797e-01,9.0688332156899998e-01,9.9452189537462221e-01,-8.7638573805622233e-02,8.7638573805622233e-02
391,4.8333333333500000e-01,7.8333333333300004e-01,5.0000000000000003e-02,1.2500000000000000e-04,9.9452189536739766e-01,9.3974080814600003e-01,9.9452189536214342e-01,-5.4781087216143387e-02,5.4781087216143387e-02
392,4.8333333333500000e-01,8.1666666666599996e-01,5.0000000000000003e-02,1.2500000000000000e-04,9.5105651629321208e-01,8.8350936257799995e-01,9.5105651627767906e-01,-6.7547153699679119e-02,6.7547153699679119e-02
393,4.6666666666800000e-01,8.3333333333299997e-01,5.0000000000000003e-02,1.2500000000000000e-04,9.5105651629321208e-01,8.8350936257699997e-01,9.5105651627767906e-01,-6.7547153700679097e-02,6.7547153700679097e-02
394,4.6666666666800000e-01,8.6666666666600001e-01,5.0000000000000003e-02,1.2500000000000000e-04,8.6602540378234394e-01,8.4177123194199999e-01,8.6602540375721127e-01,-2.4254171815211278e-02,2.4254171815211278e-02
395,4.8333333333500000e-01,8.8333333333300001e-01,5.0000000000000003e-02,1.2500000000000000e-04,7.4314482547178851e-01,7.6564368090599999e-01,7.4314482543815374e-01,2.2498855467846246e-02,2.2498855467846246e-02
396,4.8333333333500000e-01,9.1666666666600005e-01,5.0000000000000003e-02,1.2500000000099999e-04,5.8778525228739043e-01,5.6257183022500001e-01,5.8778525224672395e-01,-2.5213422021723941e-02,2.5213422021723941e-02
397,4.6666666666800000e-01,9.3333333333299995e-01,5.0000000000000003e-02,1.2500000000099999e-04,5.8778525228739043e-01,5.6257183022599999e-01,5.8778525224672395e-01,-2.5213422020723963e-02,2.5213422020723963e-02
398,4.6666666666800000e-01,9.6666666666699996e-01,5.0000000000000003e-02,1.2500000000099999e-04,4.0673664306623314e-01,4.5513114246500003e-01,4.0673664302031320e-01,4.8394499444686823e-02,4.8394499444686823e-02
399,4.8333333333500000e-01,9.8333333333299999e-01,5.0000000000000003e-02,1.2500000000099999e-04,2.0791169080956487e-01,2.9909669083099999e-01,2.0791169076039767e-01,9.1185000070602318e-02,9.1185000070602318e-02
400,5.1666666666500005e-01,1.6666666666700001e-02,5.0000000000000003e-02,1.2500000000000000e-04,-2.0791169080772129e-01,-1.0535357409399999e-01,-2.0791169085688849e-01,1.0255811676288849e-01,1.0255811676288849e-01
401,5.3333333333199995e-01,3.3333333333400002e-02,5.0000000000000003e-02,1.2500000000000000e-04,-4.0673664306852936e-01,-2.8169506921699999e-01,-4.0673664311445090e-01,1.2504157389745091e-01,1.2504157389745091e-01
402,5.3333333333199995e-01,6.6666666666700000e-02,5.0000000000000003e-02,1.2500000000000000e-04,-5.8778525228586453e-01,-5.1928783560699998e-01,-5.8778525232653134e-01,6.8497416719531357e-02,6.8497416719531357e-02
403,5.1666666666600003e-01,8.3333333333399998e-02,5.0000000000000003e-02,1.2500000000000000e-04,-5.8778525228942313e-01,-5.1928783560600000e-01,-5.8778525233008816e-01,6.8497416724088156e-02,6.8497416724088156e-02
404,5.1666666666600003e-01,1.1666666666700000e-01,5.0000000000000003e-02,1.2500000000000000e-04,-7.4314482547599270e-01,-6.2559680618299995e-01,-7.4314482550962691e-01,1.1754801932662695e-01,1.1754801932662695e-01
405,5.3333333333300004e-01,1.3333333333299999e-01,5.0000000000000003e-02,1.2500000000000000e-04,-8.6602540378234449e-01,-7.5488888728500003e-01,-8.6602540380747761e-01,1.1113651652247758e-01,1.1113651652247758e-01
406,5.3333333333300004e-01,1.6666666666700000e-01,5.0000000000000003e-02,1.2500000000000000e-04,-9.5105651629515353e-01,-8.6697634779900001e-01,-9.5105651631068655e-01,8.4080168511686537e-02,8.4080168511686537e-02
407,5.1666666666600003e-01,1.8333333333300000e-01,5.0000000000000003e-02,1.2500000000000000e-04,-9.5105651629321197e-01,-8.6697634780099997e-01,-9.5105651630874499e-01,8.4080168507745023e-02,8.4080168507745023e-02
408,5.1666666666600003e-01,2.1666666666699999e-01,5.0000000000000003e-02,1.2500000000000000e-04,-9.9452189536805446e-01,-9.0688332156800000e-01,-9.9452189537330871e-01,8.7638573805308706e-02,8.7638573805308706e-02
409,5.3333333333300004e-01,2.3333333333400000e-01,5.0000000000000003e-02,1.2500000000000000e-04,-9.9452189536805446e-01,-9.3974080814700001e-01,-9.9452189536280022e-01,5.4781087215800217e-02,5.4781087215800217e-02
410,5.3333333333300004e-01,2.6666666666700001e-01,5.0000000000000003e-02,1.2500000000000000e-04,-9.5105651629515364e-01,-8.8350936257900003e-01,-9.5105651627962029e-01,6.7547153700620255e-02,6.7547153700620255e-02
411,5.1666666666600003e-01,2.8333333333400001e-01,5.0000000000000003e-02,1.2500000000000000e-04,-9.5105651629515364e-01,-8.8350936257799995e-01,-9.5105651627962029e-01,6.7547153701620344e-02,6.7547153701620344e-02
412,5.1666666666600003e-01,3.1666666666700000e-01,5.0000000000000003e-02,1.2500000000000000e-04,-8.6602540378548620e-01,-8.4177123194199999e-01,-8.6602540376035275e-01,2.4254171818352765e-02,2.4254171818352765e-02
413,5.3333333333300004e-01,3.3333333333400000e-01,5.0000000000000003e-02,1.2500000000000000e-04,-7.4314482547599325e-01,-7.6564368090500001e-01,-7.4314482544235805e-01,-2.2498855462641965e-02,2.2498855462641965e-02
414,5.3333333333300004e-01,3.6666666666699999e-01,5.0000000000000003e-02,1.2500000000000000e-04,-5.8778525229247336e-01,-5.6257183022400004e-01,-5.8778525225180644e-01,2.5213422027806409e-02,2.5213422027806409e-02
415,5.1666666666700001e-01,3.8333333333399999e-01,5.0000000000000003e-02,1.2500000000000000e-04,-5.8778525228739031e-01,-5.6257183022299995e-01,-5.8778525224672418e-01,2.5213422023724230e-02,2.5213422023724230e-02
416,5.1666666666700001e-01,4.1666666666699997e-01,5.0000000000000003e-02,1.2500000000000000e-04,-4.0673664307197444e-01,-4.5513114246300002e-01,-4.0673664302605328e-01,-4.8394499436946736e-02,4.8394499436946736e-02
417,5.3333333333300004e-01,4.3333333333399998e-01,5.0000000000000003e-02,1.2500000000000000e-04,-2.0791169081571043e-01,-2.9909669082899998e-01,-2.0791169076654281e-01,-9.1185000062457167e-02,9.1185000062457167e-02
418,5.3333333333400001e-01,4.6666666666700002e-01,5.0000000000000003e-02,1.2500000000000000e-04,6.2836173900185569e-12,-2.6750979839700002e-02,5.6549676733247102e-11,-2.6750979896249680e-02,2.6750979896249680e-02
419,5.1666666666700001e-01,4.8333333333400003e-01,5.0000000000000003e-02,1.2500000000000000e-04,6.2836173900185569e-12,-2.6750979839199999e-02,5.6549676733247102e-11,-2.6750979895749677e-02,2.6750979895749677e-02
420,5.1666666666700001e-01,5.1666666666700001e-01,5.0000000000000003e-02,1.2499999999899999e-04,2.0791169082185651e-01,1.0535357409600001e-01,2.0791169087102412e-01,-1.0255811677502412e-01,1.0255811677502412e-01
421,5.3333333333400001e-01,5.3333333333400001e-01,5.0000000000000003e-02,1.2499999999899999e-04,4.0673664308345353e-01,2.8169506921900000e-01,4.0673664312937391e-01,-1.2504157391037390e-01,1.2504157391037390e-01
422,5.3333333333400001e-01,5.6666666666700005e-01,5.0000000000000003e-02,1.2499999999899999e-04,5.8778525229755663e-01,5.1928783560900005e-01,5.8778525233822343e-01,-6.8497416729223382e-02,6.8497416729223382e-02
423,5.1666666666700001e-01,5.8333333333299997e-01,5.0000000000000003e-02,1.2499999999899999e-04,5.8778525229247358e-01,5.1928783560799996e-01,5.8778525233313972e-01,-6.8497416725139759e-02,6.8497416725139759e-02
424,5.1666666666700001e-01,6.1666666666699999e-01,5.0000000000000003e-02,1.2499999999899999e-04,7.4314482548019645e-01,6.2559680618400004e-01,7.4314482551383099e-01,-1.1754801932983094e-01,1.1754801932983094e-01
425,5.3333333333400001e-01,6.3333333333300001e-01,5.0000000000000003e-02,1.2499999999899999e-04,8.6602540378548598e-01,7.5488888728699999e-01,8.6602540381061899e-01,-1.1113651652361900e-01,1.1113651652361900e-01
426,5.3333333333400001e-01,6.6666666666700003e-01,5.0000000000000003e-02,1.2499999999899999e-04,9.5105651629709531e-01,8.6697634779999999e-01,9.5105651631262833e-01,-8.4080168512628339e-02,8.4080168512628339e-02
427,5.1666666666799999e-01,6.8333333333299995e-01,5.0000000000000003e-02,1.2499999999899999e-04,9.5105651629709476e-01,8.6697634779999999e-01,9.5105651631262778e-01,-8.4080168512627784e-02,8.4080168512627784e-02
428,5.1666666666799999e-01,7.1666666666699996e-01,5.0000000000000003e-02,1.2499999999899999e-04,9.9452189536936797e-01,9.0688332156700002e-01,9.9452189537462221e-01,-8.7638573807622189e-02,8.7638573807622189e-02
429,5.3333333333400001e-01,7.3333333333299999e-01,5.0000000000000003e-02,1.2499999999899999e-04,9.9452189536805435e-01,9.3974080814500005e-01,9.9452189536280011e-01,-5.4781087217800062e-02,5.4781087217800062e-02
430,5.3333333333400001e-01,7.6666666666600003e-01,5.0000000000000003e-02,1.2499999999899999e-04,9.5105651629515364e-01,8.8350936257799995e-01,9.5105651627962029e-01,-6.7547153701620344e-02,6.7547153701620344e-02
431,5.1666666666799999e-01,7.8333333333300004e-01,5.0000000000000003e-02,1.2499999999899999e-04,9.5105651629321208e-01,8.8350936257799995e-01,9.5105651627767906e-01,-6.7547153699679119e-02,6.7547153699679119e-02
432,5.1666666666799999e-01,8.1666666666599996e-01,5.0000000000000003e-02,1.2499999999899999e-04,8.6602540378234394e-01,8.4177123194299996e-01,8.6602540375721127e-01,-2.4254171814211301e-02,2.4254171814211301e-02
433,5.3333333333499999e-01,8.3333333333299997e-01,5.0000000000000003e-02,1.2499999999899999e-04,7.4314482547178973e-01,7.6564368090799995e-01,7.4314482543815463e-01,2.2498855469845314e-02,2.2498855469845314e-02
434,5.3333333333499999e-01,8.6666666666600001e-01,5.0000000000000003e-02,1.2499999999899999e-04,5.8778525228739043e-01,5.6257183022699997e-01,5.8778525224672395e-01,-2.5213422019723986e-02,2.5213422019723986e-02
435,5.1666666666799999e-01,8.8333333333300001e-01,5.0000000000000003e-02,1.2499999999899999e-04,5.8778525228739043e-01,5.6257183022599999e-01,5.8778525224672395e-01,-2.5213422020723963e-02,2.5213422020723963e-02
436,5.1666666666799999e-01,9.1666666666600005e-01,5.0000000000000003e-02,1.2500000000000000e-04,4.0673664307197294e-01,4.5513114246500003e-01,4.0673664302605261e-01,4.8394499438947414e-02,4.8394499438947414e-02
437,5.3333333333499999e-01,9.3333333333299995e-01,5.0000000000000003e-02,1.2500000000000000e-04,2.0791169080956487e-01,2.9909669083099999e-01,2.0791169076039767e-01,9.1185000070602318e-02,9.1185000070602318e-02
438,5.3333333333499999e-01,9.6666666666699996e-01,5.0000000000000003e-02,1.2500000000000000e-04,-1.2565580887877628e-11,2.6750979841799999e-02,-6.2832084320316030e-11,2.6750979904632082e-02,2.6750979904632082e-02
439,5.1666666666899996e-01,9.8333333333299999e-01,5.0000000000000003e-02,1.2500000000000000e-04,-1.2565580887877628e-11,2.6750979841599999e-02,-6.2832084320316030e-11,2.6750979904432082e-02,2.6750979904432082e-02
440,5.8333333333199999e-01,1.6666666666700001e-02,5.0000000000000003e-02,1.2500000000000000e-04,-5.8778525228586487e-01,-5.1928783560699998e-01,-5.8778525232653134e-01,6.8497416719531357e-02,6.8497416719531357e-02
441,5.6666666666599996e-01,3.3333333333400002e-02,5.0000000000000003e-02,1.2500000000000000e-04,-5.8778525228942313e-01,-5.1928783560799996e-01,-5.8778525233008816e-01,6.8497416722088200e-02,6.8497416722088200e-02
442,5.6666666666599996e-01,6.6666666666700000e-02,5.0000000000000003e-02,1.2500000000000000e-04,-7.4314482547473126e-01,-6.2559680618400004e-01,-7.4314482550836580e-01,1.1754801932436576e-01,1.1754801932436576e-01
443,5.8333333333199999e-01,8.3333333333399998e-02,5.0000000000000003e-02,1.2500000000000000e-04,-8.6602540378045889e-01,-7.5488888728699999e-01,-8.6602540380559201e-01,1.1113651651859202e-01,1.1113651651859202e-01
444,5.8333333333299997e-01,1.1666666666700000e-01,5.0000000000000003e-02,1.2500000000000000e-04,-9.5105651629515353e-01,-8.6697634779900001e-01,-9.5105651631068655e-01,8.4080168511686537e-02,8.4080168511686537e-02
445,5.6666666666599996e-01,1.3333333333299999e-01,5.0000000000000003e-02,1.2500000000000000e-04,-9.5105651629321197e-01,-8.6697634779800004e-01,-9.5105651630874499e-01,8.4080168510744957e-02,8.4080168510744957e-02
446,5.6666666666599996e-01,1.6666666666700000e-01,5.0000000000000003e-02,1.2500000000000000e-04,-9.9452189536805446e-01,-9.0688332156399998e-01,-9.9452189537330871e-01,8.7638573809308729e-02,8.7638573809308729e-02
447,5.8333333333299997e-01,1.8333333333300000e-01,5.0000000000000003e-02,1.2500000000000000e-04,-9.9452189536871127e-01,-9.3974080814200001e-01,-9.9452189536345692e-01,5.4781087221456914e-02,5.4781087221456914e-02
448,5.8333333333299997e-01,2.1666666666699999e-01,5.0000000000000003e-02,1.2500000000000000e-04,-9.5105651629515364e-01,-8.8350936257599999e-01,-9.5105651627962029e-01,6.7547153703620300e-02,6.7547153703620300e-02
449,5.6666666666599996e-01,2.3333333333299999e-01,5.0000000000000003e-02,1.2500000000000000e-04,-9.5105651629709542e-01,-8.8350936257900003e-01,-9.5105651628156207e-01,6.7547153702562035e-02,6.7547153702562035e-02
450,5.6666666666599996e-01,2.6666666666700001e-01,5.0000000000000003e-02,1.2500000000000000e-04,-8.6602540378548620e-01,-8.4177123194500003e-01,-8.6602540376035275e-01,2.4254171815352721e-02,2.4254171815352721e-02
451,5.8333333333299997e-01,2.8333333333299998e-01,5.0000000000000003e-02,1.2500000000000000e-04,-7.4314482548019789e-01,-7.6564368090900004e-01,-7.4314482544656280e-01,-2.2498855462437239e-02,2.2498855462437239e-02
452,5.8333333333299997e-01,3.1666666666700000e-01,5.0000000000000003e-02,1.2500000000000000e-04,-5.8778525229247403e-01,-5.6257183022799995e-01,-5.8778525225180722e-01,2.5213422023807275e-02,2.5213422023807275e-02
453,5.6666666666599996e-01,3.3333333333300003e-01,5.0000000000000003e-02,1.2500000000000000e-04,-5.8778525229755629e-01,-5.6257183022400004e-01,-5.8778525225689027e-01,2.5213422032890231e-02,2.5213422032890231e-02
454,5.6666666666700005e-01,3.6666666666699999e-01,5.0000000000000003e-02,1.2500000000000000e-04,-4.0673664307197360e-01,-4.5513114246300002e-01,-4.0673664302605328e-01,-4.8394499436946736e-02,4.8394499436946736e-02
455,5.8333333333299997e-01,3.8333333333300001e-01,5.0000000000000003e-02,1.2500000000000000e-04,-2.0791169082185698e-01,-2.9909669082899998e-01,-2.0791169077268934e-01,-9.1185000056310639e-02,9.1185000056310639e-02
456,5.8333333333299997e-01,4.1666666666699997e-01,5.0000000000000003e-02,1.2500000000000000e-04,-2.4492935982947064e-16,-2.6750979840000001e-02,5.0265814413868716e-11,-2.6750979890265817e-02,2.6750979890265817e-02
457,5.6666666666700005e-01,4.3333333333300000e-01,5.0000000000000003e-02,1.2500000000000000e-04,-2.4492935982947064e-16,-2.6750979838899999e-02,5.0265814413868716e-11,-2.6750979889165815e-02,2.6750979889165815e-02
458,5.6666666666700005e-01,4.6666666666700002e-01,5.0000000000000003e-02,1.2500000000000000e-04,2.0791169082185651e-01,1.0535357409700000e-01,2.0791169087102412e-01,-1.0255811677402413e-01,1.0255811677402413e-01
459,5.8333333333299997e-01,4.8333333333299999e-01,5.0000000000000003e-02,1.2500000000000000e-04,4.0673664307197238e-01,2.8169506922100002e-01,4.0673664311789270e-01,-1.2504157389689269e-01,1.2504157389689269e-01
460,5.8333333333399995e-01,5.1666666666700001e-01,5.0000000000000003e-02,1.2500000000000000e-04,5.8778525229755596e-01,5.1928783561199998e-01,5.8778525233822199e-01,-6.8497416726222005e-02,6.8497416726222005e-02
461,5.6666666666700005e-01,5.3333333333300004e-01,5.0000000000000003e-02,1.2499999999899999e-04,5.8778525229247358e-01,5.1928783561000003e-01,5.8778525233313972e-01,-6.8497416723139692e-02,6.8497416723139692e-02
462,5.6666666666700005e-01,5.6666666666700005e-01,5.0000000000000003e-02,1.2499999999899999e-04,7.4314482548019756e-01,6.2559680618699998e-01,7.4314482551383221e-01,-1.1754801932683223e-01,1.1754801932683223e-01
463,5.8333333333399995e-01,5.8333333333299997e-01,5.0000000000000003e-02,1.2499999999899999e-04,8.6602540378548598e-01,7.5488888728900005e-01,8.6602540381061899e-01,-1.1113651652161893e-01,1.1113651652161893e-01
464,5.8333333333399995e-01,6.1666666666699999e-01,5.0000000000000003e-02,1.2499999999899999e-04,9.5105651629709476e-01,8.6697634780199995e-01,9.5105651631262778e-01,-8.4080168510627828e-02,8.4080168510627828e-02
465,5.6666666666700005e-01,6.3333333333300001e-01,5.0000000000000003e-02,1.2499999999899999e-04,9.5105651629515375e-01,8.6697634779999999e-01,9.5105651631068677e-01,-8.4080168510686781e-02,8.4080168510686781e-02
466,5.6666666666700005e-01,6.6666666666700003e-01,5.0000000000000003e-02,1.2499999999899999e-04,9.9452189536871116e-01,9.0688332156700002e-01,9.9452189537396540e-01,-8.7638573806965381e-02,8.7638573806965381e-02
467,5.8333333333399995e-01,6.8333333333299995e-01,5.0000000000000003e-02,1.2499999999899999e-04,9.9452189536805446e-01,9.3974080814500005e-01,9.9452189536280022e-01,-5.4781087217800173e-02,5.4781087217800173e-02
468,5.8333333333399995e-01,7.1666666666599999e-01,5.0000000000000003e-02,1.2499999999899999e-04,9.5105651629515420e-01,8.8350936257799995e-01,9.5105651627962084e-01,-6.7547153701620899e-02,6.7547153701620899e-02
469,5.6666666666800003e-01,7.3333333333299999e-01,5.0000000000000003e-02,1.2499999999899999e-04,9.5105651629321208e-01,8.8350936257799995e-01,9.5105651627767906e-01,-6.7547153699679119e-02,6.7547153699679119e-02
470,5.6666666666800003e-01,7.6666666666600003e-01,5.0000000000000003e-02,1.2499999999899999e-04,8.6602540378234394e-01,8.4177123194400005e-01,8.6602540375721127e-01,-2.4254171813211212e-02,2.4254171813211212e-02
471,5.8333333333399995e-01,7.8333333333300004e-01,5.0000000000000003e-02,1.2499999999899999e-04,7.4314482547599270e-01,7.6564368090900004e-01,7.4314482544235838e-01,2.2498855466641654e-02,2.2498855466641654e-02
472,5.8333333333399995e-01,8.1666666666599996e-01,5.0000000000000003e-02,1.2499999999899999e-04,5.8778525229247336e-01,5.6257183023000001e-01,5.8778525225180767e-01,-2.5213422021807652e-02,2.5213422021807652e-02
473,5.6666666666800003e-01,8.3333333333299997e-01,5.0000000000000003e-02,1.2499999999899999e-04,5.8778525228739043e-01,5.6257183023000001e-01,5.8778525224672395e-01,-2.5213422016723941e-02,2.5213422016723941e-02
474,5.6666666666800003e-01,8.6666666666600001e-01,5.0000000000000003e-02,1.2499999999899999e-04,4.0673664307197294e-01,4.5513114246800002e-01,4.0673664302605261e-01,4.8394499441947403e-02,4.8394499441947403e-02
475,5.8333333333500004e-01,8.8333333333300001e-01,5.0000000000000003e-02,1.2499999999899999e-04,2.0791169080956487e-01,2.9909669083500001e-01,2.0791169076039767e-01,9.1185000074602340e-02,9.1185000074602340e-02
476,5.8333333333500004e-01,9.1666666666600005e-01,5.0000000000000003e-02,1.2500000000000000e-04,-6.2826067469189418e-12,2.6750979844499999e-02,-5.6549554268567188e-11,2.6750979901049552e-02,2.6750979901049552e-02
477,5.6666666666800003e-01,9.3333333333299995e-01,5.0000000000000003e-02,1.2500000000000000e-04,-6.2826067469189418e-12,2.6750979843600000e-02,-5.6549554268567188e-11,2.6750979900149553e-02,2.6750979900149553e-02
478,5.6666666666800003e-01,9.6666666666699996e-01,5.0000000000000003e-02,1.2500000000000000e-04,-2.0791169082800118e-01,-1.0535357409300000e-01,-2.0791169087716924e-01,1.0255811678416923e-01,1.0255811678416923e-01
479,5.8333333333500004e-01,9.8333333333299999e-01,5.0000000000000003e-02,1.2500000000000000e-04,-4.0673664308345342e-01,-2.8169506921600002e-01,-4.0673664312937380e-01,1.2504157391337378e-01,1.2504157391337378e-01
480,6.1666666666600001e-01,1.6666666666700001e-02,5.0000000000000003e-02,1.2500000000000000e-04,-7.4314482547473149e-01,-6.2559680618400004e-01,-7.4314482550836580e-01,1.1754801932436576e-01,1.1754801932436576e-01
481,6.3333333333200004e-01,3.3333333333299998e-02,5.0000000000000003e-02,1.2500000000000000e-04,-8.6602540378014536e-01,-7.5488888728699999e-01,-8.6602540380527848e-01,1.1113651651827849e-01,1.1113651651827849e-01
482,6.3333333333300001e-01,6.6666666666700000e-02,5.0000000000000003e-02,1.2500000000000000e-04,-9.5105651629457111e-01,-8.6697634780099997e-01,-9.5105651631010413e-01,8.4080168509104158e-02,8.4080168509104158e-02
483,6.1666666666600001e-01,8.3333333333399998e-02,5.0000000000000003e-02,1.2500000000000000e-04,-9.5105651629398846e-01,-8.6697634779999999e-01,-9.5105651630952182e-01,8.4080168509521824e-02,8.4080168509521824e-02
484,6.1666666666600001e-01,1.1666666666700000e-01,5.0000000000000003e-02,1.2500000000000000e-04,-9.9452189536805446e-01,-9.0688332156600004e-01,-9.9452189537330871e-01,8.7638573807308662e-02,8.7638573807308662e-02
485,6.3333333333300001e-01,1.3333333333299999e-01,5.0000000000000003e-02,1.2500000000000000e-04,-9.9452189536871127e-01,-9.3974080814399996e-01,-9.9452189536345692e-01,5.4781087219456959e-02,5.4781087219456959e-02
486,6.3333333333300001e-01,1.6666666666700000e-01,5.0000000000000003e-02,1.2500000000000000e-04,-9.5105651629515364e-01,-8.8350936257599999e-01,-9.5105651627962029e-01,6.7547153703620300e-02,6.7547153703620300e-02
487,6.1666666666600001e-01,1.8333333333300000e-01,5.0000000000000003e-02,1.2500000000000000e-04,-9.5105651629709542e-01,-8.8350936257500001e-01,-9.5105651628156207e-01,6.7547153706562058e-02,6.7547153706562058e-02
488,6.1666666666600001e-01,2.1666666666699999e-01,5.0000000000000003e-02,1.2500000000000000e-04,-8.6602540378548620e-01,-8.4177123194100001e-01,-8.6602540376035275e-01,2.4254171819352743e-02,2.4254171819352743e-02
489,6.3333333333300001e-01,2.3333333333299999e-01,5.0000000000000003e-02,1.2500000000000000e-04,-7.4314482548019734e-01,-7.6564368090699997e-01,-7.4314482544656280e-01,-2.2498855460437173e-02,2.2498855460437173e-02
490,6.3333333333300001e-01,2.6666666666700001e-01,5.0000000000000003e-02,1.2500000000000000e-04,-5.8778525229247336e-01,-5.6257183022900004e-01,-5.8778525225180644e-01,2.5213422022806409e-02,2.5213422022806409e-02
491,6.1666666666600001e-01,2.8333333333299998e-01,5.0000000000000003e-02,1.2500000000000000e-04,-5.8778525229755629e-01,-5.6257183022900004e-01,-5.8778525225689027e-01,2.5213422027890231e-02,2.5213422027890231e-02
492,6.1666666666600001e-01,3.1666666666700000e-01,5.0000000000000003e-02,1.2500000000000000e-04,-4.0673664307771340e-01,-4.5513114246800002e-01,-4.0673664303179308e-01,-4.8394499436206939e-02,4.8394499436206939e-02
493,6.3333333333300001e-01,3.3333333333300003e-01,5.0000000000000003e-02,1.2500000000000000e-04,-2.0791169082185698e-01,-2.9909669083399998e-01,-2.0791169077268934e-01,-9.1185000061310639e-02,9.1185000061310639e-02
494,6.3333333333300001e-01,3.6666666666699999e-01,5.0000000000000003e-02,1.2500000000000000e-04,-2.4492935982947064e-16,-2.6750979843400000e-02,5.0265814413868716e-11,-2.6750979893665816e-02,2.6750979893665816e-02
495,6.1666666666699999e-01,3.8333333333300001e-01,5.0000000000000003e-02,1.2500000000000000e-04,-2.4492935982947064e-16,-2.6750979840500001e-02,5.0265814413868716e-11,-2.6750979890765816e-02,2.6750979890765816e-02
496,6.1666666666699999e-01,4.1666666666699997e-01,5.0000000000000003e-02,1.2500000000000000e-04,2.0791169082185651e-01,1.0535357409600001e-01,2.0791169087102412e-01,-1.0255811677502412e-01,1.0255811677502412e-01
497,6.3333333333300001e-01,4.3333333333300000e-01,5.0000000000000003e-02,1.2500000000000000e-04,4.0673664307197399e-01,2.8169506921900000e-01,4.0673664311789431e-01,-1.2504157389889431e-01,1.2504157389889431e-01
498,6.3333333333300001e-01,4.6666666666700002e-01,5.0000000000000003e-02,1.2500000000000000e-04,5.8778525229247358e-01,5.1928783561000003e-01,5.8778525233313972e-01,-6.8497416723139692e-02,6.8497416723139692e-02
499,6.1666666666699999e-01,4.8333333333299999e-01,5.0000000000000003e-02,1.2500000000000000e-04,5.8778525229247358e-01,5.1928783561199998e-01,5.8778525233313972e-01,-6.8497416721139737e-02,6.8497416721139737e-02
500,6.1666666666699999e-01,5.1666666666700001e-01,5.0000000000000003e-02,1.2500000000000000e-04,7.4314482548019645e-01,6.2559680618900004e-01,7.4314482551383099e-01,-1.1754801932483094e-01,1.1754801932483094e-01
501,6.3333333333399999e-01,5.3333333333300004e-01,5.0000000000000003e-02,1.2500000000000000e-04,8.6602540378548598e-01,7.5488888729199999e-01,8.6602540381061899e-01,-1.1113651651861900e-01,1.1113651651861900e-01
502,6.3333333333399999e-01,5.6666666666700005e-01,5.0000000000000003e-02,1.2500000000000000e-04,9.5105651629709531e-01,8.6697634780400001e-01,9.5105651631262833e-01,-8.4080168508628317e-02,8.4080168508628317e-02
503,6.1666666666699999e-01,5.8333333333299997e-01,5.0000000000000003e-02,1.2499999999899999e-04,9.5105651629515353e-01,8.6697634780199995e-01,9.5105651631068655e-01,-8.4080168508686604e-02,8.4080168508686604e-02
504,6.1666666666699999e-01,6.1666666666699999e-01,5.0000000000000003e-02,1.2499999999899999e-04,9.9452189536871116e-01,9.0688332156899998e-01,9.9452189537396540e-01,-8.7638573804965425e-02,8.7638573804965425e-02
505,6.3333333333399999e-01,6.3333333333300001e-01,5.0000000000000003e-02,1.2499999999899999e-04,9.9452189536805435e-01,9.3974080814600003e-01,9.9452189536280011e-01,-5.4781087216800084e-02,5.4781087216800084e-02
506,6.3333333333399999e-01,6.6666666666600005e-01,5.0000000000000003e-02,1.2499999999899999e-04,9.5105651629515364e-01,8.8350936257799995e-01,9.5105651627962029e-01,-6.7547153701620344e-02,6.7547153701620344e-02
507,6.1666666666699999e-01,6.8333333333299995e-01,5.0000000000000003e-02,1.2499999999899999e-04,9.5105651629515420e-01,8.8350936257699997e-01,9.5105651627962084e-01,-6.7547153702620877e-02,6.7547153702620877e-02
508,6.1666666666699999e-01,7.1666666666599999e-01,5.0000000000000003e-02,1.2499999999899999e-04,8.6602540378548631e-01,8.4177123194299996e-01,8.6602540376035275e-01,-2.4254171817352788e-02,2.4254171817352788e-02
509,6.3333333333399999e-01,7.3333333333299999e-01,5.0000000000000003e-02,1.2499999999899999e-04,7.4314482547599270e-01,7.6564368090799995e-01,7.4314482544235838e-01,2.2498855465641565e-02,2.2498855465641565e-02
510,6.3333333333399999e-01,7.6666666666600003e-01,5.0000000000000003e-02,1.2499999999899999e-04,5.8778525229247336e-01,5.6257183023099999e-01,5.8778525225180767e-01,-2.5213422020807674e-02,2.5213422020807674e-02
511,6.1666666666699999e-01,7.8333333333300004e-01,5.0000000000000003e-02,1.2499999999899999e-04,5.8778525229247336e-01,5.6257183023099999e-01,5.8778525225180767e-01,-2.5213422020807674e-02,2.5213422020807674e-02
512,6.1666666666799996e-01,8.1666666666599996e-01,5.0000000000000003e-02,1.2499999999899999e-04,4.0673664307197455e-01,4.5513114247100001e-01,4.0673664302605383e-01,4.8394499444946171e-02,4.8394499444946171e-02
513,6.3333333333399999e-01,8.3333333333299997e-01,5.0000000000000003e-02,1.2499999999899999e-04,2.0791169081571229e-01,2.9909669083899998e-01,2.0791169076654423e-01,9.1185000072455752e-02,9.1185000072455752e-02
514,6.3333333333399999e-01,8.6666666666600001e-01,5.0000000000000003e-02,1.2499999999899999e-04,3.6739403974420594e-16,2.6750979848800000e-02,-5.0265691949188802e-11,2.6750979899065691e-02,2.6750979899065691e-02
515,6.1666666666799996e-01,8.8333333333300001e-01,5.0000000000000003e-02,1.2499999999899999e-04,-6.2826067469189418e-12,2.6750979847299999e-02,-5.6549554268567188e-11,2.6750979903849552e-02,2.6750979903849552e-02
516,6.1666666666799996e-01,9.1666666666600005e-01,5.0000000000000003e-02,1.2500000000000000e-04,-2.0791169082185551e-01,-1.0535357409100000e-01,-2.0791169087102401e-01,1.0255811678002401e-01,1.0255811678002401e-01
517,6.3333333333399999e-01,9.3333333333299995e-01,5.0000000000000003e-02,1.2500000000000000e-04,-4.0673664307771201e-01,-2.8169506921400000e-01,-4.0673664312363317e-01,1.2504157390963316e-01,1.2504157390963316e-01
518,6.3333333333399999e-01,9.6666666666699996e-01,5.0000000000000003e-02,1.2500000000000000e-04,-5.8778525229755585e-01,-5.1928783560699998e-01,-5.8778525233822199e-01,6.8497416731222005e-02,6.8497416731222005e-02
519,6.1666666666799996e-01,9.8333333333299999e-01,5.0000000000000003e-02,1.2500000000000000e-04,-5.8778525229755585e-01,-5.1928783560699998e-01,-5.8778525233822199e-01,6.8497416731222005e-02,6.8497416731222005e-02
520,6.8333333333299995e-01,1.6666666666700001e-02,5.0000000000000003e-02,1.2500000000000000e-04,-9.5105651629457111e-01,-8.6697634780099997e-01,-9.5105651631010413e-01,8.4080168509104158e-02,8.4080168509104158e-02
521,6.6666666666600005e-01,3.3333333333299998e-02,5.0000000000000003e-02,1.2500000000000000e-04,-9.5105651629379462e-01,-8.6697634780099997e-01,-9.5105651630932742e-01,8.4080168508327446e-02,8.4080168508327446e-02
522,6.6666666666600005e-01,6.6666666666700000e-02,5.0000000000000003e-02,1.2500000000000000e-04,-9.9452189536785729e-01,-9.0688332156800000e-01,-9.9452189537311153e-01,8.7638573805111530e-02,8.7638573805111530e-02
523,6.8333333333299995e-01,8.3333333333299994e-02,5.0000000000000003e-02,1.2500000000000000e-04,-9.9452189536851421e-01,-9.3974080814600003e-01,-9.9452189536325986e-01,5.4781087217259827e-02,5.4781087217259827e-02
524,6.8333333333299995e-01,1.1666666666700000e-01,5.0000000000000003e-02,1.2500000000000000e-04,-9.5105651629515364e-01,-8.8350936257900003e-01,-9.5105651627962029e-01,6.7547153700620255e-02,6.7547153700620255e-02
525,6.6666666666600005e-01,1.3333333333299999e-01,5.0000000000000003e-02,1.2500000000000000e-04,-9.5105651629709520e-01,-8.8350936257699997e-01,-9.5105651628156207e-01,6.7547153704562102e-02,6.7547153704562102e-02
526,6.6666666666600005e-01,1.6666666666700000e-01,5.0000000000000003e-02,1.2500000000000000e-04,-8.6602540378548576e-01,-8.4177123194199999e-01,-8.6602540376035231e-01,2.4254171818352321e-02,2.4254171818352321e-02
527,6.8333333333299995e-01,1.8333333333300000e-01,5.0000000000000003e-02,1.2500000000000000e-04,-7.4314482548019789e-01,-7.6564368090699997e-01,-7.4314482544656280e-01,-2.2498855460437173e-02,2.2498855460437173e-02
528,6.8333333333299995e-01,2.1666666666699999e-01,5.0000000000000003e-02,1.2500000000000000e-04,-5.8778525229247403e-01,-5.6257183022900004e-01,-5.8778525225180722e-01,2.5213422022807186e-02,2.5213422022807186e-02
529,6.6666666666600005e-01,2.3333333333299999e-01,5.0000000000000003e-02,1.2500000000000000e-04,-5.8778525229755629e-01,-5.6257183022900004e-01,-5.8778525225689027e-01,2.5213422027890231e-02,2.5213422027890231e-02
530,6.6666666666600005e-01,2.6666666666700001e-01,5.0000000000000003e-02,1.2500000000000000e-04,-4.0673664307771340e-01,-4.5513114246899999e-01,-4.0673664303179308e-01,-4.8394499437206917e-02,4.8394499437206917e-02
531,6.8333333333299995e-01,2.8333333333299998e-01,5.0000000000000003e-02,1.2500000000000000e-04,-2.0791169082185698e-01,-2.9909669083700002e-01,-2.0791169077268934e-01,-9.1185000064310684e-02,9.1185000064310684e-02
532,6.8333333333299995e-01,3.1666666666700000e-01,5.0000000000000003e-02,1.2500000000000000e-04,-2.4492935982947064e-16,-2.6750979847099999e-02,5.0265814413868716e-11,-2.6750979897365815e-02,2.6750979897365815e-02
533,6.6666666666600005e-01,3.3333333333300003e-01,5.0000000000000003e-02,1.2500000000000000e-04,-6.2823308918988149e-12,-2.6750979843999999e-02,4.3983728451329730e-11,-2.6750979887983729e-02,2.6750979887983729e-02
534,6.6666666666600005e-01,3.6666666666699999e-01,5.0000000000000003e-02,1.2500000000000000e-04,2.0791169081571170e-01,1.0535357409300000e-01,2.0791169086487932e-01,-1.0255811677187932e-01,1.0255811677187932e-01
535,6.8333333333299995e-01,3.8333333333300001e-01,5.0000000000000003e-02,1.2500000000000000e-04,4.0673664307197238e-01,2.8169506921600002e-01,4.0673664311789270e-01,-1.2504157390189269e-01,1.2504157390189269e-01
536,6.8333333333299995e-01,4.1666666666600000e-01,5.0000000000000003e-02,1.2500000000000000e-04,5.8778525228738987e-01,5.1928783560699998e-01,5.8778525232805601e-01,-6.8497416721056026e-02,6.8497416721056026e-02
537,6.6666666666700003e-01,4.3333333333300000e-01,5.0000000000000003e-02,1.2500000000000000e-04,5.8778525229247358e-01,5.1928783560900005e-01,5.8778525233313972e-01,-6.8497416724139670e-02,6.8497416724139670e-02
538,6.6666666666700003e-01,4.6666666666700002e-01,5.0000000000000003e-02,1.2500000000000000e-04,7.4314482548019756e-01,6.2559680618699998e-01,7.4314482551383221e-01,-1.1754801932683223e-01,1.1754801932683223e-01
539,6.8333333333299995e-01,4.8333333333299999e-01,5.0000000000000003e-02,1.2500000000000000e-04,8.6602540378234405e-01,7.5488888728900005e-01,8.6602540380747706e-01,-1.1113651651847700e-01,1.1113651651847700e-01
540,6.8333333333299995e-01,5.1666666666600003e-01,5.0000000000000003e-02,1.2500000000000000e-04,9.5105651629321197e-01,8.6697634780300004e-01,9.5105651630874533e-01,-8.4080168505745290e-02,8.4080168505745290e-02
541,6.6666666666700003e-01,5.3333333333300004e-01,5.0000000000000003e-02,1.2500000000000000e-04,9.5105651629515375e-01,8.6697634780400001e-01,9.5105651631068677e-01,-8.4080168506686759e-02,8.4080168506686759e-02
542,6.6666666666700003e-01,5.6666666666599996e-01,5.0000000000000003e-02,1.2500000000000000e-04,9.9452189536805435e-01,9.0688332156999996e-01,9.9452189537330860e-01,-8.7638573803308639e-02,8.7638573803308639e-02
543,6.8333333333299995e-01,5.8333333333299997e-01,5.0000000000000003e-02,1.2500000000000000e-04,9.9452189536871127e-01,9.3974080814700001e-01,9.9452189536345692e-01,-5.4781087216456914e-02,5.4781087216456914e-02
544,6.8333333333400004e-01,6.1666666666600001e-01,5.0000000000000003e-02,1.2500000000000000e-04,9.5105651629515364e-01,8.8350936257799995e-01,9.5105651627962029e-01,-6.7547153701620344e-02,6.7547153701620344e-02
545,6.6666666666700003e-01,6.3333333333300001e-01,5.0000000000000003e-02,1.2499999999899999e-04,9.5105651629515364e-01,8.8350936257799995e-01,9.5105651627962029e-01,-6.7547153701620344e-02,6.7547153701620344e-02
546,6.6666666666700003e-01,6.6666666666600005e-01,5.0000000000000003e-02,1.2499999999899999e-04,8.6602540378548631e-01,8.4177123194400005e-01,8.6602540376035275e-01,-2.4254171816352699e-02,2.4254171816352699e-02
547,6.8333333333400004e-01,6.8333333333299995e-01,5.0000000000000003e-02,1.2499999999899999e-04,7.4314482547599270e-01,7.6564368090900004e-01,7.4314482544235838e-01,2.2498855466641654e-02,2.2498855466641654e-02
548,6.8333333333400004e-01,7.1666666666599999e-01,5.0000000000000003e-02,1.2499999999899999e-04,5.8778525229247336e-01,5.6257183023000001e-01,5.8778525225180767e-01,-2.5213422021807652e-02,2.5213422021807652e-02
549,6.6666666666700003e-01,7.3333333333299999e-01,5.0000000000000003e-02,1.2499999999899999e-04,5.8778525229247336e-01,5.6257183023000001e-01,5.8778525225180767e-01,-2.5213422021807652e-02,2.5213422021807652e-02
550,6.6666666666700003e-01,7.6666666666600003e-01,5.0000000000000003e-02,1.2499999999899999e-04,4.0673664307771273e-01,4.5513114247100001e-01,4.0673664303179319e-01,4.8394499439206817e-02,4.8394499439206817e-02
551,6.8333333333400004e-01,7.8333333333300004e-01,5.0000000000000003e-02,1.2499999999899999e-04,2.0791169081571054e-01,2.9909669083800000e-01,2.0791169076654292e-01,9.1185000071457079e-02,9.1185000071457079e-02
552,6.8333333333400004e-01,8.1666666666599996e-01,5.0000000000000003e-02,1.2499999999899999e-04,3.6739403974420594e-16,2.6750979849999999e-02,-5.0265691949188802e-11,2.6750979900265690e-02,2.6750979900265690e-02
553,6.6666666666700003e-01,8.3333333333299997e-01,5.0000000000000003e-02,1.2499999999899999e-04,3.6739403974420594e-16,2.6750979850800001e-02,-5.0265691949188802e-11,2.6750979901065692e-02,2.6750979901065692e-02
554,6.6666666666700003e-01,8.6666666666600001e-01,5.0000000000000003e-02,1.2499999999899999e-04,-2.0791169081571156e-01,-1.0535357408600000e-01,-2.0791169086487921e-01,1.0255811677887920e-01,1.0255811677887920e-01
555,6.8333333333400004e-01,8.8333333333300001e-01,5.0000000000000003e-02,1.2499999999899999e-04,-4.0673664307771201e-01,-2.8169506920900000e-01,-4.0673664312363317e-01,1.2504157391463316e-01,1.2504157391463316e-01
556,6.8333333333400004e-01,9.1666666666600005e-01,5.0000000000000003e-02,1.2500000000000000e-04,-5.8778525229247280e-01,-5.1928783560299996e-01,-5.8778525233313961e-01,6.8497416730139649e-02,6.8497416730139649e-02
557,6.6666666666700003e-01,9.3333333333299995e-01,5.0000000000000003e-02,1.2500000000000000e-04,-5.8778525229247280e-01,-5.1928783560500003e-01,-5.8778525233313961e-01,6.8497416728139582e-02,6.8497416728139582e-02
558,6.6666666666800001e-01,9.6666666666699996e-01,5.0000000000000003e-02,1.2500000000000000e-04,-7.4314482548440042e-01,-6.2559680618400004e-01,-7.4314482551803562e-01,1.1754801933403558e-01,1.1754801933403558e-01
559,6.8333333333400004e-01,9.8333333333299999e-01,5.0000000000000003e-02,1.2500000000000000e-04,-8.6602540378548587e-01,-7.5488888728699999e-01,-8.6602540381061888e-01,1.1113651652361889e-01,1.1113651652361889e-01
560,7.1666666666599999e-01,1.6666666666700001e-02,5.0000000000000003e-02,1.2500000000000000e-04,-9.9452189536785729e-01,-9.0688332156899998e-01,-9.9452189537311153e-01,8.7638573804111553e-02,8.7638573804111553e-02
561,7.3333333333299999e-01,3.3333333333299998e-02,5.0000000000000003e-02,1.2500000000000000e-04,-9.9452189536851410e-01,-9.3974080814799998e-01,-9.9452189536325986e-01,5.4781087215259872e-02,5.4781087215259872e-02
562,7.3333333333299999e-01,6.6666666666599997e-02,5.0000000000000003e-02,1.2500000000000000e-04,-9.5105651629593013e-01,-8.8350936258199997e-01,-9.5105651628039733e-01,6.7547153698397366e-02,6.7547153698397366e-02
563,7.1666666666599999e-01,8.3333333333299994e-02,5.0000000000000003e-02,1.2500000000000000e-04,-9.5105651629651278e-01,-8.8350936258000001e-01,-9.5105651628097976e-01,6.7547153700979745e-02,6.7547153700979745e-02
564,7.1666666666599999e-01,1.1666666666700000e-01,5.0000000000000003e-02,1.2500000000000000e-04,-8.6602540378548620e-01,-8.4177123194500003e-01,-8.6602540376035275e-01,2.4254171815352721e-02,2.4254171815352721e-02
565,7.3333333333299999e-01,1.3333333333299999e-01,5.0000000000000003e-02,1.2500000000000000e-04,-7.4314482548019734e-01,-7.6564368091099999e-01,-7.4314482544656280e-01,-2.2498855464437195e-02,2.2498855464437195e-02
566,7.3333333333299999e-01,1.6666666666700000e-01,5.0000000000000003e-02,1.2500000000000000e-04,-5.8778525229247336e-01,-5.6257183023299995e-01,-5.8778525225180644e-01,2.5213422018806497e-02,2.5213422018806497e-02
567,7.1666666666599999e-01,1.8333333333300000e-01,5.0000000000000003e-02,1.2500000000000000e-04,-5.8778525229755629e-01,-5.6257183022900004e-01,-5.8778525225689027e-01,2.5213422027890231e-02,2.5213422027890231e-02
568,7.1666666666599999e-01,2.1666666666699999e-01,5.0000000000000003e-02,1.2500000000000000e-04,-4.0673664307771423e-01,-4.5513114246899999e-01,-4.0673664303179391e-01,-4.8394499437206084e-02,4.8394499437206084e-02
569,7.3333333333299999e-01,2.3333333333299999e-01,5.0000000000000003e-02,1.2500000000000000e-04,-2.0791169082185698e-01,-2.9909669083700002e-01,-2.0791169077268934e-01,-9.1185000064310684e-02,9.1185000064310684e-02
570,7.3333333333299999e-01,2.6666666666599997e-01,5.0000000000000003e-02,1.2500000000000000e-04,-6.2841072487382151e-12,-2.6750979848700000e-02,4.3981952094490330e-11,-2.6750979892681954e-02,2.6750979892681954e-02
571,7.1666666666599999e-01,2.8333333333299998e-01,5.0000000000000003e-02,1.2500000000000000e-04,-6.2841072487382151e-12,-2.6750979847600002e-02,4.3981952094490330e-11,-2.6750979891581955e-02,2.6750979891581955e-02
572,7.1666666666599999e-01,3.1666666666600002e-01,5.0000000000000003e-02,1.2500000000000000e-04,2.0791169080956515e-01,1.0535357408899999e-01,2.0791169085873276e-01,-1.0255811676973277e-01,1.0255811676973277e-01
573,7.3333333333299999e-01,3.3333333333300003e-01,5.0000000000000003e-02,1.2500000000000000e-04,4.0673664307197399e-01,2.8169506921199999e-01,4.0673664311789431e-01,-1.2504157390589432e-01,1.2504157390589432e-01
574,7.3333333333299999e-01,3.6666666666600001e-01,5.0000000000000003e-02,1.2500000000000000e-04,5.8778525228738987e-01,5.1928783560500003e-01,5.8778525232805601e-01,-6.8497416723055982e-02,6.8497416723055982e-02
575,7.1666666666599999e-01,3.8333333333300001e-01,5.0000000000000003e-02,1.2500000000000000e-04,5.8778525228738987e-01,5.1928783560699998e-01,5.8778525232805601e-01,-6.8497416721056026e-02,6.8497416721056026e-02
576,7.1666666666599999e-01,4.1666666666600000e-01,5.0000000000000003e-02,1.2500000000000000e-04,7.4314482547178817e-01,6.2559680618400004e-01,7.4314482550542271e-01,-1.1754801932142267e-01,1.1754801932142267e-01
577,7.3333333333299999e-01,4.3333333333300000e-01,5.0000000000000003e-02,1.2500000000000000e-04,8.6602540378234405e-01,7.5488888728600001e-01,8.6602540380747706e-01,-1.1113651652147705e-01,1.1113651652147705e-01
578,7.3333333333299999e-01,4.6666666666599999e-01,5.0000000000000003e-02,1.2500000000000000e-04,9.5105651629321197e-01,8.6697634779999999e-01,9.5105651630874533e-01,-8.4080168508745334e-02,8.4080168508745334e-02
579,7.1666666666699996e-01,4.8333333333299999e-01,5.0000000000000003e-02,1.2500000000000000e-04,9.5105651629515353e-01,8.6697634780199995e-01,9.5105651631068655e-01,-8.4080168508686604e-02,8.4080168508686604e-02
580,7.1666666666699996e-01,5.1666666666600003e-01,5.0000000000000003e-02,1.2500000000000000e-04,9.9452189536805435e-01,9.0688332156899998e-01,9.9452189537330860e-01,-8.7638573804308617e-02,8.7638573804308617e-02
581,7.3333333333299999e-01,5.3333333333300004e-01,5.0000000000000003e-02,1.2500000000000000e-04,9.9452189536871127e-01,9.3974080814700001e-01,9.9452189536345692e-01,-5.4781087216456914e-02,5.4781087216456914e-02
582,7.3333333333299999e-01,5.6666666666599996e-01,5.0000000000000003e-02,1.2500000000000000e-04,9.5105651629709520e-01,8.8350936257799995e-01,9.5105651628156218e-01,-6.7547153703562235e-02,6.7547153703562235e-02
583,7.1666666666699996e-01,5.8333333333299997e-01,5.0000000000000003e-02,1.2500000000000000e-04,9.5105651629515420e-01,8.8350936257799995e-01,9.5105651627962084e-01,-6.7547153701620899e-02,6.7547153701620899e-02
584,7.1666666666699996e-01,6.1666666666600001e-01,5.0000000000000003e-02,1.2500000000000000e-04,8.6602540378548631e-01,8.4177123194299996e-01,8.6602540376035275e-01,-2.4254171817352788e-02,2.4254171817352788e-02
585,7.3333333333299999e-01,6.3333333333300001e-01,5.0000000000000003e-02,1.2500000000000000e-04,7.4314482548019678e-01,7.6564368090799995e-01,7.4314482544656224e-01,2.2498855461437706e-02,2.2498855461437706e-02
586,7.3333333333299999e-01,6.6666666666600005e-01,5.0000000000000003e-02,1.2500000000000000e-04,5.8778525229755640e-01,5.6257183022799995e-01,5.8778525225688993e-01,-2.5213422028889987e-02,2.5213422028889987e-02
587,7.1666666666699996e-01,6.8333333333299995e-01,5.0000000000000003e-02,1.2499999999899999e-04,5.8778525229247336e-01,5.6257183022900004e-01,5.8778525225180767e-01,-2.5213422022807630e-02,2.5213422022807630e-02
588,7.1666666666699996e-01,7.1666666666599999e-01,5.0000000000000003e-02,1.2499999999899999e-04,4.0673664307771273e-01,4.5513114247000003e-01,4.0673664303179319e-01,4.8394499438206839e-02,4.8394499438206839e-02
589,7.3333333333299999e-01,7.3333333333299999e-01,5.0000000000000003e-02,1.2499999999899999e-04,2.0791169082185623e-01,2.9909669083700002e-01,2.0791169077268903e-01,9.1185000064310989e-02,9.1185000064310989e-02
590,7.3333333333399997e-01,7.6666666666600003e-01,5.0000000000000003e-02,1.2499999999899999e-04,3.6739403974420594e-16,2.6750979848300001e-02,-5.0265691949188802e-11,2.6750979898565692e-02,2.6750979898565692e-02
591,7.1666666666699996e-01,7.8333333333300004e-01,5.0000000000000003e-02,1.2499999999899999e-04,3.6739403974420594e-16,2.6750979849899999e-02,-5.0265691949188802e-11,2.6750979900165690e-02,2.6750979900165690e-02
592,7.1666666666699996e-01,8.1666666666599996e-01,5.0000000000000003e-02,1.2499999999899999e-04,-2.0791169081570984e-01,-1.0535357408600000e-01,-2.0791169086487790e-01,1.0255811677887790e-01,1.0255811677887790e-01
593,7.3333333333399997e-01,8.3333333333299997e-01,5.0000000000000003e-02,1.2499999999899999e-04,-4.0673664307771201e-01,-2.8169506920900000e-01,-4.0673664312363317e-01,1.2504157391463316e-01,1.2504157391463316e-01
594,7.3333333333399997e-01,8.6666666666600001e-01,5.0000000000000003e-02,1.2500000000000000e-04,-5.8778525229247280e-01,-5.1928783560100000e-01,-5.8778525233313961e-01,6.8497416732139604e-02,6.8497416732139604e-02
595,7.1666666666699996e-01,8.8333333333300001e-01,5.0000000000000003e-02,1.2499999999899999e-04,-5.8778525229247280e-01,-5.1928783560100000e-01,-5.8778525233313961e-01,6.8497416732139604e-02,6.8497416732139604e-02
596,7.1666666666699996e-01,9.1666666666600005e-01,5.0000000000000003e-02,1.2500000000000000e-04,-7.4314482547599214e-01,-6.2559680618000002e-01,-7.4314482550962735e-01,1.1754801932962733e-01,1.1754801932962733e-01
597,7.3333333333399997e-01,9.3333333333299995e-01,5.0000000000000003e-02,1.2500000000000000e-04,-8.6602540378548587e-01,-7.5488888728299997e-01,-8.6602540381061888e-01,1.1113651652761891e-01,1.1113651652761891e-01
598,7.3333333333399997e-01,9.6666666666699996e-01,5.0000000000000003e-02,1.2500000000000000e-04,-9.5105651629709442e-01,-8.6697634779900001e-01,-9.5105651631262789e-01,8.4080168513627873e-02,8.4080168513627873e-02
599,7.1666666666699996e-01,9.8333333333299999e-01,5.0000000000000003e-02,1.2500000000000000e-04,-9.5105651629515342e-01,-8.6697634780199995e-01,-9.5105651631068655e-01,8.4080168508686604e-02,8.4080168508686604e-02
600,7.8333333333300004e-01,1.6666666666700001e-02,5.0000000000000003e-02,1.2500000000000000e-04,-9.5105651629573607e-01,-8.8350936257799995e-01,-9.5105651628020293e-01,6.7547153702202989e-02,6.7547153702202989e-02
601,7.6666666666600003e-01,3.3333333333299998e-02,5.0000000000000003e-02,1.2500000000000000e-04,-9.5105651629651278e-01,-8.8350936258099999e-01,-9.5105651628097942e-01,6.7547153699979434e-02,6.7547153699979434e-02
602,7.6666666666600003e-01,6.6666666666599997e-02,5.0000000000000003e-02,1.2500000000000000e-04,-8.6602540378674253e-01,-8.4177123194799996e-01,-8.6602540376160908e-01,2.4254171813609116e-02,2.4254171813609116e-02
603,7.8333333333300004e-01,8.3333333333299994e-02,5.0000000000000003e-02,1.2500000000000000e-04,-7.4314482547893623e-01,-7.6564368091299995e-01,-7.4314482544530103e-01,-2.2498855467698919e-02,2.2498855467698919e-02
604,7.8333333333300004e-01,1.1666666666700000e-01,5.0000000000000003e-02,1.2500000000000000e-04,-5.8778525229247336e-01,-5.6257183023500001e-01,-5.8778525225180644e-01,2.5213422016806430e-02,2.5213422016806430e-02
605,7.6666666666600003e-01,1.3333333333299999e-01,5.0000000000000003e-02,1.2500000000000000e-04,-5.8778525229755629e-01,-5.6257183023299995e-01,-5.8778525225689027e-01,2.5213422023890320e-02,2.5213422023890320e-02
606,7.6666666666600003e-01,1.6666666666700000e-01,5.0000000000000003e-02,1.2500000000000000e-04,-4.0673664307771340e-01,-4.5513114247300002e-01,-4.0673664303179308e-01,-4.8394499441206940e-02,4.8394499441206940e-02
607,7.8333333333300004e-01,1.8333333333300000e-01,5.0000000000000003e-02,1.2500000000000000e-04,-2.0791169082185698e-01,-2.9909669084099999e-01,-2.0791169077268934e-01,-9.1185000068310651e-02,9.1185000068310651e-02
608,7.8333333333300004e-01,2.1666666666600001e-01,5.0000000000000003e-02,1.2500000000000000e-04,-6.2832190703185150e-12,-2.6750979852099999e-02,4.3982840272910030e-11,-2.6750979896082841e-02,2.6750979896082841e-02
609,7.6666666666600003e-01,2.3333333333299999e-01,5.0000000000000003e-02,1.2500000000000000e-04,-6.2832190703185150e-12,-2.6750979849200000e-02,4.3982840272910030e-11,-2.6750979893182841e-02,2.6750979893182841e-02
610,7.6666666666600003e-01,2.6666666666599997e-01,5.0000000000000003e-02,1.2500000000000000e-04,2.0791169080956515e-01,1.0535357408700000e-01,2.0791169085873276e-01,-1.0255811677173277e-01,1.0255811677173277e-01
611,7.8333333333300004e-01,2.8333333333299998e-01,5.0000000000000003e-02,1.2500000000000000e-04,4.0673664307197399e-01,2.8169506920900000e-01,4.0673664311789431e-01,-1.2504157390889431e-01,1.2504157390889431e-01
612,7.8333333333300004e-01,3.1666666666600002e-01,5.0000000000000003e-02,1.2500000000000000e-04,5.8778525228738987e-01,5.1928783560100000e-01,5.8778525232805601e-01,-6.8497416727056004e-02,6.8497416727056004e-02
613,7.6666666666600003e-01,3.3333333333300003e-01,5.0000000000000003e-02,1.2500000000000000e-04,5.8778525228738987e-01,5.1928783560400005e-01,5.8778525232805601e-01,-6.8497416724055959e-02,6.8497416724055959e-02
614,7.6666666666600003e-01,3.6666666666600001e-01,5.0000000000000003e-02,1.2500000000000000e-04,7.4314482547178873e-01,6.2559680618199998e-01,7.4314482550542393e-01,-1.1754801932342396e-01,1.1754801932342396e-01
615,7.8333333333300004e-01,3.8333333333300001e-01,5.0000000000000003e-02,1.2500000000000000e-04,8.6602540378234405e-01,7.5488888728500003e-01,8.6602540380747706e-01,-1.1113651652247702e-01,1.1113651652247702e-01
616,7.8333333333300004e-01,4.1666666666600000e-01,5.0000000000000003e-02,1.2500000000000000e-04,9.5105651629321197e-01,8.6697634779900001e-01,9.5105651630874533e-01,-8.4080168509745312e-02,8.4080168509745312e-02
617,7.6666666666600003e-01,4.3333333333300000e-01,5.0000000000000003e-02,1.2500000000000000e-04,9.5105651629321197e-01,8.6697634779999999e-01,9.5105651630874533e-01,-8.4080168508745334e-02,8.4080168508745334e-02
618,7.6666666666600003e-01,4.6666666666599999e-01,5.0000000000000003e-02,1.2500000000000000e-04,9.9452189536739755e-01,9.0688332156700002e-01,9.9452189537265190e-01,-8.7638573805651876e-02,8.7638573805651876e-02
619,7.8333333333300004e-01,4.8333333333299999e-01,5.0000000000000003e-02,1.2500000000000000e-04,9.9452189536871127e-01,9.3974080814500005e-01,9.9452189536345692e-01,-5.4781087218456870e-02,5.4781087218456870e-02
620,7.8333333333300004e-01,5.1666666666600003e-01,5.0000000000000003e-02,1.2500000000000000e-04,9.5105651629709465e-01,8.8350936257699997e-01,9.5105651628156185e-01,-6.7547153704561880e-02,6.7547153704561880e-02
621,7.6666666666700001e-01,5.3333333333300004e-01,5.0000000000000003e-02,1.2500000000000000e-04,9.5105651629515364e-01,8.8350936257799995e-01,9.5105651627962029e-01,-6.7547153701620344e-02,6.7547153701620344e-02
622,7.6666666666700001e-01,5.6666666666599996e-01,5.0000000000000003e-02,1.2500000000000000e-04,8.6602540378548631e-01,8.4177123194400005e-01,8.6602540376035275e-01,-2.4254171816352699e-02,2.4254171816352699e-02
623,7.8333333333300004e-01,5.8333333333299997e-01,5.0000000000000003e-02,1.2500000000000000e-04,7.4314482548019678e-01,7.6564368090799995e-01,7.4314482544656224e-01,2.2498855461437706e-02,2.2498855461437706e-02
624,7.8333333333300004e-01,6.1666666666600001e-01,5.0000000000000003e-02,1.2500000000000000e-04,5.8778525229755640e-01,5.6257183022900004e-01,5.8778525225688993e-01,-2.5213422027889898e-02,2.5213422027889898e-02
625,7.6666666666700001e-01,6.3333333333300001e-01,5.0000000000000003e-02,1.2500000000000000e-04,5.8778525229247336e-01,5.6257183022799995e-01,5.8778525225180767e-01,-2.5213422023807719e-02,2.5213422023807719e-02
626,7.6666666666700001e-01,6.6666666666600005e-01,5.0000000000000003e-02,1.2500000000000000e-04,4.0673664307771273e-01,4.5513114246800002e-01,4.0673664303179319e-01,4.8394499436206828e-02,4.8394499436206828e-02
627,7.8333333333300004e-01,6.8333333333299995e-01,5.0000000000000003e-02,1.2500000000000000e-04,2.0791169082185623e-01,2.9909669083399998e-01,2.0791169077268903e-01,9.1185000061310945e-02,9.1185000061310945e-02
628,7.8333333333300004e-01,7.1666666666599999e-01,5.0000000000000003e-02,1.2500000000000000e-04,6.2833415349984300e-12,2.6750979845400001e-02,-4.3982273719020266e-11,2.6750979889382274e-02,2.6750979889382274e-02
629,7.6666666666700001e-01,7.3333333333299999e-01,5.0000000000000003e-02,1.2499999999899999e-04,3.6739403974420594e-16,2.6750979847700002e-02,-5.0265691949188802e-11,2.6750979897965693e-02,2.6750979897965693e-02
630,7.6666666666700001e-01,7.6666666666600003e-01,5.0000000000000003e-02,1.2499999999899999e-04,-2.0791169081571156e-01,-1.0535357408800000e-01,-2.0791169086487921e-01,1.0255811677687920e-01,1.0255811677687920e-01
631,7.8333333333300004e-01,7.8333333333300004e-01,5.0000000000000003e-02,1.2499999999899999e-04,-4.0673664307197388e-01,-2.8169506921100002e-01,-4.0673664311789420e-01,1.2504157390689419e-01,1.2504157390689419e-01
632,7.8333333333300004e-01,8.1666666666599996e-01,5.0000000000000003e-02,1.2499999999899999e-04,-5.8778525228738976e-01,-5.1928783560299996e-01,-5.8778525232805590e-01,6.8497416725055937e-02,6.8497416725055937e-02
633,7.6666666666700001e-01,8.3333333333299997e-01,5.0000000000000003e-02,1.2499999999899999e-04,-5.8778525229247280e-01,-5.1928783560100000e-01,-5.8778525233313961e-01,6.8497416732139604e-02,6.8497416732139604e-02
634,7.6666666666700001e-01,8.6666666666600001e-01,5.0000000000000003e-02,1.2500000000000000e-04,-7.4314482547599214e-01,-6.2559680617799995e-01,-7.4314482550962735e-01,1.1754801933162740e-01,1.1754801933162740e-01
635,7.8333333333300004e-01,8.8333333333300001e-01,5.0000000000000003e-02,1.2499999999899999e-04,-8.6602540378234349e-01,-7.5488888728199999e-01,-8.6602540380747695e-01,1.1113651652547696e-01,1.1113651652547696e-01
636,7.8333333333300004e-01,9.1666666666600005e-01,5.0000000000000003e-02,1.2500000000000000e-04,-9.5105651629321186e-01,-8.6697634779800004e-01,-9.5105651630874510e-01,8.4080168510745068e-02,8.4080168510745068e-02
637,7.6666666666700001e-01,9.3333333333299995e-01,5.0000000000000003e-02,1.2500000000000000e-04,-9.5105651629515342e-01,-8.6697634779800004e-01,-9.5105651631068655e-01,8.4080168512686515e-02,8.4080168512686515e-02
638,7.6666666666700001e-01,9.6666666666699996e-01,5.0000000000000003e-02,1.2500000000000000e-04,-9.9452189536871105e-01,-9.0688332156600004e-01,-9.9452189537396540e-01,8.7638573807965359e-02,8.7638573807965359e-02
639,7.8333333333300004e-01,9.8333333333299999e-01,5.0000000000000003e-02,1.2499999999899999e-04,-9.9452189536871116e-01,-9.3974080814500005e-01,-9.9452189536345692e-01,5.4781087218456870e-02,5.4781087218456870e-02
640,8.1666666666599996e-01,1.6666666666700001e-02,5.0000000000000003e-02,1.2500000000000000e-04,-8.6602540378642856e-01,-8.4177123194600001e-01,-8.6602540376129555e-01,2.4254171815295544e-02,2.4254171815295544e-02
641,8.3333333333299997e-01,3.3333333333299998e-02,5.0000000000000003e-02,1.2500000000000000e-04,-7.4314482547893623e-01,-7.6564368091199997e-01,-7.4314482544530103e-01,-2.2498855466698942e-02,2.2498855466698942e-02
642,8.3333333333299997e-01,6.6666666666599997e-02,5.0000000000000003e-02,1.2500000000000000e-04,-5.8778525229450684e-01,-5.6257183023500001e-01,-5.8778525225384004e-01,2.5213422018840026e-02,2.5213422018840026e-02
643,8.1666666666599996e-01,8.3333333333299994e-02,5.0000000000000003e-02,1.2500000000000000e-04,-5.8778525229603229e-01,-5.6257183023500001e-01,-5.8778525225536615e-01,2.5213422020366139e-02,2.5213422020366139e-02
644,8.1666666666599996e-01,1.1666666666700000e-01,5.0000000000000003e-02,1.2500000000000000e-04,-4.0673664307771423e-01,-4.5513114247499997e-01,-4.0673664303179391e-01,-4.8394499443206063e-02,4.8394499443206063e-02
645,8.3333333333299997e-01,1.3333333333299999e-01,5.0000000000000003e-02,1.2500000000000000e-04,-2.0791169082185698e-01,-2.9909669084200002e-01,-2.0791169077268934e-01,-9.1185000069310684e-02,9.1185000069310684e-02
646,8.3333333333299997e-01,1.6666666666600000e-01,5.0000000000000003e-02,1.2500000000000000e-04,-6.2841072487382151e-12,-2.6750979853800001e-02,4.3981952094490330e-11,-2.6750979897781954e-02,2.6750979897781954e-02
647,8.1666666666599996e-01,1.8333333333300000e-01,5.0000000000000003e-02,1.2500000000000000e-04,-6.2841072487382151e-12,-2.6750979852099999e-02,4.3981952094490330e-11,-2.6750979896081953e-02,2.6750979896081953e-02
648,8.1666666666599996e-01,2.1666666666600001e-01,5.0000000000000003e-02,1.2500000000000000e-04,2.0791169080956515e-01,1.0535357408400001e-01,2.0791169085873276e-01,-1.0255811677473275e-01,1.0255811677473275e-01
649,8.3333333333299997e-01,2.3333333333299999e-01,5.0000000000000003e-02,1.2500000000000000e-04,4.0673664307197238e-01,2.8169506920699999e-01,4.0673664311789270e-01,-1.2504157391089271e-01,1.2504157391089271e-01
650,8.3333333333299997e-01,2.6666666666599997e-01,5.0000000000000003e-02,1.2500000000000000e-04,5.8778525228738987e-01,5.1928783559900005e-01,5.8778525232805601e-01,-6.8497416729055960e-02,6.8497416729055960e-02
651,8.1666666666599996e-01,2.8333333333299998e-01,5.0000000000000003e-02,1.2500000000000000e-04,5.8778525228738987e-01,5.1928783560100000e-01,5.8778525232805601e-01,-6.8497416727056004e-02,6.8497416727056004e-02
652,8.1666666666599996e-01,3.1666666666600002e-01,5.0000000000000003e-02,1.2500000000000000e-04,7.4314482547178817e-01,6.2559680617799995e-01,7.4314482550542271e-01,-1.1754801932742276e-01,1.1754801932742276e-01
653,8.3333333333299997e-01,3.3333333333300003e-01,5.0000000000000003e-02,1.2500000000000000e-04,8.6602540378234405e-01,7.5488888728199999e-01,8.6602540380747706e-01,-1.1113651652547707e-01,1.1113651652547707e-01
654,8.3333333333299997e-01,3.6666666666600001e-01,5.0000000000000003e-02,1.2500000000000000e-04,9.5105651629321197e-01,8.6697634779699995e-01,9.5105651630874533e-01,-8.4080168511745379e-02,8.4080168511745379e-02
655,8.1666666666599996e-01,3.8333333333300001e-01,5.0000000000000003e-02,1.2500000000000000e-04,9.5105651629321197e-01,8.6697634779900001e-01,9.5105651630874533e-01,-8.4080168509745312e-02,8.4080168509745312e-02
656,8.1666666666599996e-01,4.1666666666600000e-01,5.0000000000000003e-02,1.2500000000000000e-04,9.9452189536739755e-01,9.0688332156700002e-01,9.9452189537265190e-01,-8.7638573805651876e-02,8.7638573805651876e-02
657,8.3333333333299997e-01,4.3333333333300000e-01,5.0000000000000003e-02,1.2500000000000000e-04,9.9452189536871127e-01,9.3974080814500005e-01,9.9452189536345692e-01,-5.4781087218456870e-02,5.4781087218456870e-02
658,8.3333333333299997e-01,4.6666666666599999e-01,5.0000000000000003e-02,1.2500000000000000e-04,9.5105651629709520e-01,8.8350936257900003e-01,9.5105651628156218e-01,-6.7547153702562146e-02,6.7547153702562146e-02
659,8.1666666666599996e-01,4.8333333333299999e-01,5.0000000000000003e-02,1.2500000000000000e-04,9.5105651629709520e-01,8.8350936257799995e-01,9.5105651628156218e-01,-6.7547153703562235e-02,6.7547153703562235e-02
660,8.1666666666599996e-01,5.1666666666600003e-01,5.0000000000000003e-02,1.2500000000000000e-04,8.6602540378862780e-01,8.4177123194299996e-01,8.6602540376349468e-01,-2.4254171820494719e-02,2.4254171820494719e-02
661,8.3333333333299997e-01,5.3333333333300004e-01,5.0000000000000003e-02,1.2500000000000000e-04,7.4314482548019678e-01,7.6564368090799995e-01,7.4314482544656224e-01,2.2498855461437706e-02,2.2498855461437706e-02
662,8.3333333333299997e-01,5.6666666666599996e-01,5.0000000000000003e-02,1.2500000000000000e-04,5.8778525229755785e-01,5.6257183022900004e-01,5.8778525225689138e-01,-2.5213422027891341e-02,2.5213422027891341e-02
663,8.1666666666599996e-01,5.8333333333299997e-01,5.0000000000000003e-02,1.2500000000000000e-04,5.8778525229755785e-01,5.6257183023000001e-01,5.8778525225689138e-01,-2.5213422026891363e-02,2.5213422026891363e-02
664,8.1666666666599996e-01,6.1666666666600001e-01,5.0000000000000003e-02,1.2500000000000000e-04,4.0673664308345409e-01,4.5513114246899999e-01,4.0673664303753337e-01,4.8394499431466620e-02,4.8394499431466620e-02
665,8.3333333333299997e-01,6.3333333333300001e-01,5.0000000000000003e-02,1.2500000000000000e-04,2.0791169082185623e-01,2.9909669083599999e-01,2.0791169077268903e-01,9.1185000063310956e-02,9.1185000063310956e-02
666,8.3333333333299997e-01,6.6666666666600005e-01,5.0000000000000003e-02,1.2500000000000000e-04,6.2833415349984300e-12,2.6750979845900000e-02,-4.3982273719020266e-11,2.6750979889882273e-02,2.6750979889882273e-02
667,8.1666666666599996e-01,6.8333333333299995e-01,5.0000000000000003e-02,1.2500000000000000e-04,6.2833415349984300e-12,2.6750979845600001e-02,-4.3982273719020266e-11,2.6750979889582274e-02,2.6750979889582274e-02
668,8.1666666666599996e-01,7.1666666666599999e-01,5.0000000000000003e-02,1.2500000000000000e-04,-2.0791169080956415e-01,-1.0535357409100000e-01,-2.0791169085873265e-01,1.0255811676773265e-01,1.0255811676773265e-01
669,8.3333333333299997e-01,7.3333333333299999e-01,5.0000000000000003e-02,1.2500000000000000e-04,-4.0673664307197227e-01,-2.8169506921400000e-01,-4.0673664311789298e-01,1.2504157390389298e-01,1.2504157390389298e-01
670,8.3333333333299997e-01,7.6666666666600003e-01,5.0000000000000003e-02,1.2500000000000000e-04,-5.8778525228738976e-01,-5.1928783560600000e-01,-5.8778525232805590e-01,6.8497416722055893e-02,6.8497416722055893e-02
671,8.1666666666599996e-01,7.8333333333300004e-01,5.0000000000000003e-02,1.2499999999899999e-04,-5.8778525228738976e-01,-5.1928783560400005e-01,-5.8778525232805590e-01,6.8497416724055848e-02,6.8497416724055848e-02
672,8.1666666666599996e-01,8.1666666666599996e-01,5.0000000000000003e-02,1.2499999999899999e-04,-7.4314482547178806e-01,-6.2559680618100000e-01,-7.4314482550542260e-01,1.1754801932442260e-01,1.1754801932442260e-01
673,8.3333333333299997e-01,8.3333333333299997e-01,5.0000000000000003e-02,1.2499999999899999e-04,-8.6602540378234349e-01,-7.5488888728500003e-01,-8.6602540380747695e-01,1.1113651652247691e-01,1.1113651652247691e-01
674,8.3333333333299997e-01,8.6666666666600001e-01,5.0000000000000003e-02,1.2500000000000000e-04,-9.5105651629321186e-01,-8.6697634779999999e-01,-9.5105651630874510e-01,8.4080168508745112e-02,8.4080168508745112e-02
675,8.1666666666700005e-01,8.8333333333300001e-01,5.0000000000000003e-02,1.2499999999899999e-04,-9.5105651629515398e-01,-8.6697634779800004e-01,-9.5105651631068688e-01,8.4080168512686848e-02,8.4080168512686848e-02
676,8.1666666666700005e-01,9.1666666666600005e-01,5.0000000000000003e-02,1.2500000000000000e-04,-9.9452189536805446e-01,-9.0688332156600004e-01,-9.9452189537330871e-01,8.7638573807308662e-02,8.7638573807308662e-02
677,8.3333333333299997e-01,9.3333333333299995e-01,5.0000000000000003e-02,1.2500000000000000e-04,-9.9452189536871116e-01,-9.3974080814500005e-01,-9.9452189536345692e-01,5.4781087218456870e-02,5.4781087218456870e-02
678,8.3333333333299997e-01,9.6666666666699996e-01,5.0000000000000003e-02,1.2500000000000000e-04,-9.5105651629515431e-01,-8.8350936258000001e-01,-9.5105651627962096e-01,6.7547153699620943e-02,6.7547153699620943e-02
679,8.1666666666700005e-01,9.8333333333299999e-01,5.0000000000000003e-02,1.2500000000000000e-04,-9.5105651629515375e-01,-8.8350936258000001e-01,-9.5105651627962051e-01,6.7547153699620499e-02,6.7547153699620499e-02
680,8.8333333333300001e-01,1.6666666666600001e-02,5.0000000000000003e-02,1.2500000000000000e-04,-5.8778525229450684e-01,-5.6257183023500001e-01,-5.8778525225384004e-01,2.5213422018840026e-02,2.5213422018840026e-02
681,8.6666666666600001e-01,3.3333333333299998e-02,5.0000000000000003e-02,1.2500000000000000e-04,-5.8778525229603162e-01,-5.6257183023400004e-01,-5.8778525225536549e-01,2.5213422021365450e-02,2.5213422021365450e-02
682,8.6666666666600001e-01,6.6666666666599997e-02,5.0000000000000003e-02,1.2500000000000000e-04,-4.0673664308000962e-01,-4.5513114247499997e-01,-4.0673664303408852e-01,-4.8394499440911454e-02,4.8394499440911454e-02
683,8.8333333333300001e-01,8.3333333333200005e-02,5.0000000000000003e-02,1.2500000000000000e-04,-2.0791169082062766e-01,-2.9909669084300000e-01,-2.0791169077145918e-01,-9.1185000071540817e-02,9.1185000071540817e-02
684,8.8333333333300001e-01,1.1666666666700000e-01,5.0000000000000003e-02,1.2500000000000000e-04,-2.4492935982947064e-16,-2.6750979854500000e-02,5.0265814413868716e-11,-2.6750979904765815e-02,2.6750979904765815e-02
685,8.6666666666600001e-01,1.3333333333299999e-01,5.0000000000000003e-02,1.2500000000000000e-04,-6.2832190703185150e-12,-2.6750979853100001e-02,4.3982840272910030e-11,-2.6750979897082843e-02,2.6750979897082843e-02
686,8.6666666666600001e-01,1.6666666666600000e-01,5.0000000000000003e-02,1.2500000000000000e-04,2.0791169080956515e-01,1.0535357408300000e-01,2.0791169085873276e-01,-1.0255811677573276e-01,1.0255811677573276e-01
687,8.8333333333300001e-01,1.8333333333300000e-01,5.0000000000000003e-02,1.2500000000000000e-04,4.0673664307197399e-01,2.8169506920600001e-01,4.0673664311789431e-01,-1.2504157391189430e-01,1.2504157391189430e-01
688,8.8333333333300001e-01,2.1666666666600001e-01,5.0000000000000003e-02,1.2500000000000000e-04,5.8778525228738987e-01,5.1928783559799996e-01,5.8778525232805601e-01,-6.8497416730056049e-02,6.8497416730056049e-02
689,8.6666666666600001e-01,2.3333333333299999e-01,5.0000000000000003e-02,1.2500000000000000e-04,5.8778525228738987e-01,5.1928783559900005e-01,5.8778525232805601e-01,-6.8497416729055960e-02,6.8497416729055960e-02
690,8.6666666666600001e-01,2.6666666666599997e-01,5.0000000000000003e-02,1.2500000000000000e-04,7.4314482547178817e-01,6.2559680617699998e-01,7.4314482550542271e-01,-1.1754801932842274e-01,1.1754801932842274e-01
691,8.8333333333300001e-01,2.8333333333299998e-01,5.0000000000000003e-02,1.2500000000000000e-04,8.6602540378234405e-01,7.5488888728000003e-01,8.6602540380747706e-01,-1.1113651652747703e-01,1.1113651652747703e-01
692,8.8333333333300001e-01,3.1666666666600002e-01,5.0000000000000003e-02,1.2500000000000000e-04,9.5105651629321197e-01,8.6697634779599997e-01,9.5105651630874533e-01,-8.4080168512745357e-02,8.4080168512745357e-02
693,8.6666666666600001e-01,3.3333333333300003e-01,5.0000000000000003e-02,1.2500000000000000e-04,9.5105651629321197e-01,8.6697634779699995e-01,9.5105651630874533e-01,-8.4080168511745379e-02,8.4080168511745379e-02
694,8.6666666666600001e-01,3.6666666666600001e-01,5.0000000000000003e-02,1.2500000000000000e-04,9.9452189536739755e-01,9.0688332156499996e-01,9.9452189537265190e-01,-8.7638573807651943e-02,8.7638573807651943e-02
695,8.8333333333300001e-01,3.8333333333300001e-01,5.0000000000000003e-02,1.2500000000000000e-04,9.9452189536871127e-01,9.3974080814399996e-01,9.9452189536345692e-01,-5.4781087219456959e-02,5.4781087219456959e-02
696,8.8333333333300001e-01,4.1666666666600000e-01,5.0000000000000003e-02,1.2500000000000000e-04,9.5105651629709520e-01,8.8350936257799995e-01,9.5105651628156218e-01,-6.7547153703562235e-02,6.7547153703562235e-02
697,8.6666666666600001e-01,4.3333333333300000e-01,5.0000000000000003e-02,1.2500000000000000e-04,9.5105651629709520e-01,8.8350936257799995e-01,9.5105651628156218e-01,-6.7547153703562235e-02,6.7547153703562235e-02
698,8.6666666666600001e-01,4.6666666666599999e-01,5.0000000000000003e-02,1.2500000000000000e-04,8.6602540378862780e-01,8.4177123194500003e-01,8.6602540376349468e-01,-2.4254171818494652e-02,2.4254171818494652e-02
699,8.8333333333300001e-01,4.8333333333200001e-01,5.0000000000000003e-02,1.2500000000000000e-04,7.4314482548440097e-01,7.6564368091000001e-01,7.4314482545076666e-01,2.2498855459233358e-02,2.2498855459233358e-02
700,8.8333333333300001e-01,5.1666666666600003e-01,5.0000000000000003e-02,1.2500000000000000e-04,5.8778525229755640e-01,5.6257183023199997e-01,5.8778525225688993e-01,-2.5213422024889964e-02,2.5213422024889964e-02
701,8.6666666666600001e-01,5.3333333333300004e-01,5.0000000000000003e-02,1.2500000000000000e-04,5.8778525229755640e-01,5.6257183023000001e-01,5.8778525225688993e-01,-2.5213422026889920e-02,2.5213422026889920e-02
702,8.6666666666600001e-01,5.6666666666599996e-01,5.0000000000000003e-02,1.2500000000000000e-04,4.0673664308345409e-01,4.5513114247000003e-01,4.0673664303753337e-01,4.8394499432466653e-02,4.8394499432466653e-02
703,8.8333333333300001e-01,5.8333333333299997e-01,5.0000000000000003e-02,1.2500000000000000e-04,2.0791169082185623e-01,2.9909669083599999e-01,2.0791169077268903e-01,9.1185000063310956e-02,9.1185000063310956e-02
704,8.8333333333300001e-01,6.1666666666600001e-01,5.0000000000000003e-02,1.2500000000000000e-04,6.2833415349984300e-12,2.6750979846999999e-02,-4.3982273719020266e-11,2.6750979890982272e-02,2.6750979890982272e-02
705,8.6666666666600001e-01,6.3333333333300001e-01,5.0000000000000003e-02,1.2500000000000000e-04,6.2833415349984300e-12,2.6750979846400000e-02,-4.3982273719020266e-11,2.6750979890382273e-02,2.6750979890382273e-02
706,8.6666666666600001e-01,6.6666666666600005e-01,5.0000000000000003e-02,1.2500000000000000e-04,-2.0791169080956415e-01,-1.0535357409000000e-01,-2.0791169085873265e-01,1.0255811676873265e-01,1.0255811676873265e-01
707,8.8333333333300001e-01,6.8333333333299995e-01,5.0000000000000003e-02,1.2500000000000000e-04,-4.0673664307197227e-01,-2.8169506921400000e-01,-4.0673664311789298e-01,1.2504157390389298e-01,1.2504157390389298e-01
708,8.8333333333300001e-01,7.1666666666599999e-01,5.0000000000000003e-02,1.2500000000000000e-04,-5.8778525228738976e-01,-5.1928783560600000e-01,-5.8778525232805590e-01,6.8497416722055893e-02,6.8497416722055893e-02
709,8.6666666666600001e-01,7.3333333333299999e-01,5.0000000000000003e-02,1.2500000000000000e-04,-5.8778525228738976e-01,-5.1928783560600000e-01,-5.8778525232805590e-01,6.8497416722055893e-02,6.8497416722055893e-02
710,8.6666666666600001e-01,7.6666666666600003e-01,5.0000000000000003e-02,1.2500000000000000e-04,-7.4314482547178928e-01,-6.2559680618299995e-01,-7.4314482550542349e-01,1.1754801932242354e-01,1.1754801932242354e-01
711,8.8333333333300001e-01,7.8333333333300004e-01,5.0000000000000003e-02,1.2500000000000000e-04,-8.6602540378234349e-01,-7.5488888728699999e-01,-8.6602540380747695e-01,1.1113651652047696e-01,1.1113651652047696e-01
712,8.8333333333300001e-01,8.1666666666599996e-01,5.0000000000000003e-02,1.2500000000000000e-04,-9.5105651629321186e-01,-8.6697634780099997e-01,-9.5105651630874510e-01,8.4080168507745134e-02,8.4080168507745134e-02
713,8.6666666666600001e-01,8.3333333333299997e-01,5.0000000000000003e-02,1.2500000000000000e-04,-9.5105651629321186e-01,-8.6697634779999999e-01,-9.5105651630874510e-01,8.4080168508745112e-02,8.4080168508745112e-02
714,8.6666666666600001e-01,8.6666666666600001e-01,5.0000000000000003e-02,1.2500000000000000e-04,-9.9452189536739755e-01,-9.0688332156700002e-01,-9.9452189537265190e-01,8.7638573805651876e-02,8.7638573805651876e-02
715,8.8333333333300001e-01,8.8333333333300001e-01,5.0000000000000003e-02,1.2500000000000000e-04,-9.9452189536871116e-01,-9.3974080814600003e-01,-9.9452189536345692e-01,5.4781087217456892e-02,5.4781087217456892e-02
716,8.8333333333300001e-01,9.1666666666600005e-01,5.0000000000000003e-02,1.2500000000000000e-04,-9.5105651629709476e-01,-8.8350936257900003e-01,-9.5105651628156185e-01,6.7547153702561813e-02,6.7547153702561813e-02
717,8.6666666666600001e-01,9.3333333333299995e-01,5.0000000000000003e-02,1.2500000000000000e-04,-9.5105651629709520e-01,-8.8350936258000001e-01,-9.5105651628156229e-01,6.7547153701562279e-02,6.7547153701562279e-02
718,8.6666666666600001e-01,9.6666666666699996e-01,5.0000000000000003e-02,1.2500000000000000e-04,-8.6602540378548631e-01,-8.4177123194600001e-01,-8.6602540376035309e-01,2.4254171814353076e-02,2.4254171814353076e-02
719,8.8333333333300001e-01,9.8333333333299999e-01,5.0000000000000003e-02,1.2500000000000000e-04,-7.4314482548019689e-01,-7.6564368091299995e-01,-7.4314482544656224e-01,-2.2498855466437706e-02,2.2498855466437706e-02
720,9.1666666666600005e-01,1.6666666666600001e-02,5.0000000000000003e-02,1.2500000000000000e-04,-4.0673664308000962e-01,-4.5513114247399999e-01,-4.0673664303408852e-01,-4.8394499439911476e-02,4.8394499439911476e-02
721,9.3333333333299995e-01,3.3333333333299998e-02,5.0000000000000003e-02,1.2500000000000000e-04,-2.0791169082001346e-01,-2.9909669084200002e-01,-2.0791169077084581e-01,-9.1185000071154210e-02,9.1185000071154210e-02
722,9.3333333333299995e-01,6.6666666666599997e-02,5.0000000000000003e-02,1.2500000000000000e-04,-2.5137898571111839e-12,-2.6750979853300001e-02,4.7752269486117361e-11,-2.6750979901052272e-02,2.6750979901052272e-02
723,9.1666666666600005e-01,8.3333333333200005e-02,5.0000000000000003e-02,1.2500000000000000e-04,-5.0264466064428378e-12,-2.6750979853000002e-02,4.5239612736785707e-11,-2.6750979898239616e-02,2.6750979898239616e-02
724,9.1666666666600005e-01,1.1666666666700000e-01,5.0000000000000003e-02,1.2500000000000000e-04,2.0791169081571170e-01,1.0535357408300000e-01,2.0791169086487932e-01,-1.0255811678187932e-01,1.0255811678187932e-01
725,9.3333333333299995e-01,1.3333333333299999e-01,5.0000000000000003e-02,1.2500000000000000e-04,4.0673664307197238e-01,2.8169506920600001e-01,4.0673664311789270e-01,-1.2504157391189269e-01,1.2504157391189269e-01
726,9.3333333333299995e-01,1.6666666666600000e-01,5.0000000000000003e-02,1.2500000000000000e-04,5.8778525228738987e-01,5.1928783559799996e-01,5.8778525232805601e-01,-6.8497416730056049e-02,6.8497416730056049e-02
727,9.1666666666600005e-01,1.8333333333300000e-01,5.0000000000000003e-02,1.2500000000000000e-04,5.8778525228738987e-01,5.1928783559900005e-01,5.8778525232805601e-01,-6.8497416729055960e-02,6.8497416729055960e-02
728,9.1666666666600005e-01,2.1666666666600001e-01,5.0000000000000003e-02,1.2500000000000000e-04,7.4314482547178873e-01,6.2559680617600000e-01,7.4314482550542393e-01,-1.1754801932942394e-01,1.1754801932942394e-01
729,9.3333333333299995e-01,2.3333333333299999e-01,5.0000000000000003e-02,1.2500000000000000e-04,8.6602540378234405e-01,7.5488888728100001e-01,8.6602540380747706e-01,-1.1113651652647705e-01,1.1113651652647705e-01
730,9.3333333333299995e-01,2.6666666666599997e-01,5.0000000000000003e-02,1.2500000000000000e-04,9.5105651629321164e-01,8.6697634779599997e-01,9.5105651630874477e-01,-8.4080168512744802e-02,8.4080168512744802e-02
731,9.1666666666600005e-01,2.8333333333299998e-01,5.0000000000000003e-02,1.2500000000000000e-04,9.5105651629321197e-01,8.6697634779599997e-01,9.5105651630874533e-01,-8.4080168512745357e-02,8.4080168512745357e-02
732,9.1666666666600005e-01,3.1666666666600002e-01,5.0000000000000003e-02,1.2500000000000000e-04,9.9452189536739755e-01,9.0688332156399998e-01,9.9452189537265190e-01,-8.7638573808651921e-02,8.7638573808651921e-02
733,9.3333333333299995e-01,3.3333333333300003e-01,5.0000000000000003e-02,1.2500000000000000e-04,9.9452189536871127e-01,9.3974080814299998e-01,9.9452189536345692e-01,-5.4781087220456937e-02,5.4781087220456937e-02
734,9.3333333333299995e-01,3.6666666666600001e-01,5.0000000000000003e-02,1.2500000000000000e-04,9.5105651629709520e-01,8.8350936257799995e-01,9.5105651628156218e-01,-6.7547153703562235e-02,6.7547153703562235e-02
735,9.1666666666600005e-01,3.8333333333300001e-01,5.0000000000000003e-02,1.2500000000000000e-04,9.5105651629709465e-01,8.8350936257699997e-01,9.5105651628156185e-01,-6.7547153704561880e-02,6.7547153704561880e-02
736,9.1666666666600005e-01,4.1666666666600000e-01,5.0000000000000003e-02,1.2500000000000000e-04,8.6602540378862691e-01,8.4177123194400005e-01,8.6602540376349424e-01,-2.4254171819494186e-02,2.4254171819494186e-02
737,9.3333333333299995e-01,4.3333333333200003e-01,5.0000000000000003e-02,1.2500000000000000e-04,7.4314482548440097e-01,7.6564368090900004e-01,7.4314482545076666e-01,2.2498855458233380e-02,2.2498855458233380e-02
738,9.3333333333299995e-01,4.6666666666599999e-01,5.0000000000000003e-02,1.2500000000000000e-04,5.8778525229755785e-01,5.6257183023199997e-01,5.8778525225689138e-01,-2.5213422024891408e-02,2.5213422024891408e-02
739,9.1666666666600005e-01,4.8333333333200001e-01,5.0000000000000003e-02,1.2500000000000000e-04,5.8778525230263945e-01,5.6257183023099999e-01,5.8778525226197265e-01,-2.5213422030972654e-02,2.5213422030972654e-02
740,9.1666666666600005e-01,5.1666666666600003e-01,5.0000000000000003e-02,1.2500000000099999e-04,4.0673664308345409e-01,4.5513114247199998e-01,4.0673664303753337e-01,4.8394499434466609e-02,4.8394499434466609e-02
741,9.3333333333299995e-01,5.3333333333199995e-01,5.0000000000000003e-02,1.2500000000099999e-04,2.0791169082800365e-01,2.9909669083899998e-01,2.0791169077883559e-01,9.1185000060164390e-02,9.1185000060164390e-02
742,9.3333333333299995e-01,5.6666666666599996e-01,5.0000000000000003e-02,1.2500000000099999e-04,6.2833415349984300e-12,2.6750979848800000e-02,-4.3982273719020266e-11,2.6750979892782273e-02,2.6750979892782273e-02
743,9.1666666666600005e-01,5.8333333333199999e-01,5.0000000000000003e-02,1.2500000000099999e-04,1.2566315675957116e-11,2.6750979846699999e-02,-3.7699743667271430e-11,2.6750979884399742e-02,2.6750979884399742e-02
744,9.1666666666600005e-01,6.1666666666600001e-01,5.0000000000000003e-02,1.2500000000099999e-04,-2.0791169080956415e-01,-1.0535357409000000e-01,-2.0791169085873265e-01,1.0255811676873265e-01,1.0255811676873265e-01
745,9.3333333333299995e-01,6.3333333333300001e-01,5.0000000000000003e-02,1.2500000000099999e-04,-4.0673664307197227e-01,-2.8169506921300003e-01,-4.0673664311789298e-01,1.2504157390489296e-01,1.2504157390489296e-01
746,9.3333333333299995e-01,6.6666666666600005e-01,5.0000000000000003e-02,1.2500000000099999e-04,-5.8778525228738976e-01,-5.1928783560600000e-01,-5.8778525232805590e-01,6.8497416722055893e-02,6.8497416722055893e-02
747,9.1666666666600005e-01,6.8333333333299995e-01,5.0000000000000003e-02,1.2500000000099999e-04,-5.8778525228738976e-01,-5.1928783560600000e-01,-5.8778525232805590e-01,6.8497416722055893e-02,6.8497416722055893e-02
748,9.1666666666600005e-01,7.1666666666599999e-01,5.0000000000000003e-02,1.2500000000099999e-04,-7.4314482547178928e-01,-6.2559680618400004e-01,-7.4314482550542349e-01,1.1754801932142345e-01,1.1754801932142345e-01
749,9.3333333333299995e-01,7.3333333333299999e-01,5.0000000000000003e-02,1.2500000000099999e-04,-8.6602540378234349e-01,-7.5488888728799997e-01,-8.6602540380747695e-01,1.1113651651947698e-01,1.1113651651947698e-01
750,9.3333333333299995e-01,7.6666666666600003e-01,5.0000000000000003e-02,1.2500000000099999e-04,-9.5105651629321186e-01,-8.6697634780099997e-01,-9.5105651630874510e-01,8.4080168507745134e-02,8.4080168507745134e-02
751,9.1666666666600005e-01,7.8333333333300004e-01,5.0000000000000003e-02,1.2500000000099999e-04,-9.5105651629321186e-01,-8.6697634779999999e-01,-9.5105651630874510e-01,8.4080168508745112e-02,8.4080168508745112e-02
752,9.1666666666600005e-01,8.1666666666599996e-01,5.0000000000000003e-02,1.2500000000099999e-04,-9.9452189536739755e-01,-9.0688332156800000e-01,-9.9452189537265190e-01,8.7638573804651898e-02,8.7638573804651898e-02
753,9.3333333333299995e-01,8.3333333333299997e-01,5.0000000000000003e-02,1.2500000000099999e-04,-9.9452189536871116e-01,-9.3974080814600003e-01,-9.9452189536345692e-01,5.4781087217456892e-02,5.4781087217456892e-02
754,9.3333333333299995e-01,8.6666666666600001e-01,5.0000000000000003e-02,1.2500000000099999e-04,-9.5105651629709520e-01,-8.8350936257799995e-01,-9.5105651628156229e-01,6.7547153703562346e-02,6.7547153703562346e-02
755,9.1666666666600005e-01,8.8333333333300001e-01,5.0000000000000003e-02,1.2500000000099999e-04,-9.5105651629709476e-01,-8.8350936257799995e-01,-9.5105651628156185e-01,6.7547153703561902e-02,6.7547153703561902e-02
756,9.1666666666600005e-01,9.1666666666600005e-01,5.0000000000000003e-02,1.2500000000099999e-04,-8.6602540378862691e-01,-8.4177123194500003e-01,-8.6602540376349424e-01,2.4254171818494208e-02,2.4254171818494208e-02
757,9.3333333333299995e-01,9.3333333333299995e-01,5.0000000000000003e-02,1.2500000000099999e-04,-7.4314482548019811e-01,-7.6564368090900004e-01,-7.4314482544656313e-01,-2.2498855462436906e-02,2.2498855462436906e-02
758,9.3333333333299995e-01,9.6666666666699996e-01,5.0000000000000003e-02,1.2500000000099999e-04,-5.8778525229247347e-01,-5.6257183023099999e-01,-5.8778525225180767e-01,2.5213422020807674e-02,2.5213422020807674e-02
759,9.1666666666600005e-01,9.8333333333299999e-01,5.0000000000000003e-02,1.2500000000099999e-04,-5.8778525229755652e-01,-5.6257183023299995e-01,-5.8778525225689027e-01,2.5213422023890320e-02,2.5213422023890320e-02
760,9.8333333333299999e-01,1.6666666666600001e-02,5.0000000000000003e-02,1.2500000000000000e-04,-2.5137898571111839e-12,-2.6750979847600002e-02,4.7752269486117361e-11,-2.6750979895352273e-02,2.6750979895352273e-02
761,9.6666666666699996e-01,3.3333333333299998e-02,5.0000000000000003e-02,1.2500000000000000e-04,1.8844696772438362e-12,-2.6750979850600001e-02,5.2150529020472381e-11,-2.6750979902750532e-02,2.6750979902750532e-02
762,9.6666666666699996e-01,6.6666666666599997e-02,5.0000000000000003e-02,1.2500000000000000e-04,2.0791169081939700e-01,1.0535357408400001e-01,2.0791169086856551e-01,-1.0255811678456550e-01,1.0255811678456550e-01
763,9.8333333333299999e-01,8.3333333333200005e-02,5.0000000000000003e-02,1.2500000000000000e-04,4.0673664307312046e-01,2.8169506920800003e-01,4.0673664311904162e-01,-1.2504157391104159e-01,1.2504157391104159e-01
764,9.8333333333299999e-01,1.1666666666599999e-01,5.0000000000000003e-02,1.2500000000000000e-04,5.8778525228738987e-01,5.1928783560000003e-01,5.8778525232805601e-01,-6.8497416728055982e-02,6.8497416728055982e-02
765,9.6666666666699996e-01,1.3333333333299999e-01,5.0000000000000003e-02,1.2500000000000000e-04,5.8778525229247214e-01,5.1928783560000003e-01,5.8778525233313828e-01,-6.8497416733138250e-02,6.8497416733138250e-02
766,9.6666666666699996e-01,1.6666666666600000e-01,5.0000000000000003e-02,1.2500000000000000e-04,7.4314482547599292e-01,6.2559680617699998e-01,7.4314482550962746e-01,-1.1754801933262748e-01,1.1754801933262748e-01
767,9.8333333333299999e-01,1.8333333333300000e-01,5.0000000000000003e-02,1.2500000000000000e-04,8.6602540378234405e-01,7.5488888728100001e-01,8.6602540380747706e-01,-1.1113651652647705e-01,1.1113651652647705e-01
768,9.8333333333299999e-01,2.1666666666600001e-01,5.0000000000000003e-02,1.2500000000000000e-04,9.5105651629321197e-01,8.6697634779699995e-01,9.5105651630874533e-01,-8.4080168511745379e-02,8.4080168511745379e-02
769,9.6666666666699996e-01,2.3333333333299999e-01,5.0000000000000003e-02,1.2500000000000000e-04,9.5105651629515353e-01,8.6697634779699995e-01,9.5105651631068655e-01,-8.4080168513686604e-02,8.4080168513686604e-02
770,9.6666666666699996e-01,2.6666666666599997e-01,5.0000000000000003e-02,1.2500000000000000e-04,9.9452189536805435e-01,9.0688332156399998e-01,9.9452189537330860e-01,-8.7638573809308618e-02,8.7638573809308618e-02
771,9.8333333333299999e-01,2.8333333333299998e-01,5.0000000000000003e-02,1.2500000000000000e-04,9.9452189536871127e-01,9.3974080814399996e-01,9.9452189536345692e-01,-5.4781087219456959e-02,5.4781087219456959e-02
772,9.8333333333299999e-01,3.1666666666600002e-01,5.0000000000000003e-02,1.2500000000000000e-04,9.5105651629709520e-01,8.8350936257799995e-01,9.5105651628156218e-01,-6.7547153703562235e-02,6.7547153703562235e-02
773,9.6666666666699996e-01,3.3333333333300003e-01,5.0000000000000003e-02,1.2500000000000000e-04,9.5105651629515364e-01,8.8350936257599999e-01,9.5105651627962029e-01,-6.7547153703620300e-02,6.7547153703620300e-02
774,9.6666666666699996e-01,3.6666666666600001e-01,5.0000000000000003e-02,1.2500000000000000e-04,8.6602540378548631e-01,8.4177123194400005e-01,8.6602540376035275e-01,-2.4254171816352699e-02,2.4254171816352699e-02
775,9.8333333333299999e-01,3.8333333333199998e-01,5.0000000000000003e-02,1.2500000000000000e-04,7.4314482548440097e-01,7.6564368090900004e-01,7.4314482545076666e-01,2.2498855458233380e-02,2.2498855458233380e-02
776,9.8333333333299999e-01,4.1666666666600000e-01,5.0000000000000003e-02,1.2500000000000000e-04,5.8778525229755640e-01,5.6257183023199997e-01,5.8778525225688993e-01,-2.5213422024889964e-02,2.5213422024889964e-02
777,9.6666666666699996e-01,4.3333333333200003e-01,5.0000000000000003e-02,1.2500000000000000e-04,5.8778525229755640e-01,5.6257183022900004e-01,5.8778525225688993e-01,-2.5213422027889898e-02,2.5213422027889898e-02
778,9.6666666666699996e-01,4.6666666666599999e-01,5.0000000000000003e-02,1.2500000000000000e-04,4.0673664307771273e-01,4.5513114247000003e-01,4.0673664303179319e-01,4.8394499438206839e-02,4.8394499438206839e-02
779,9.8333333333299999e-01,4.8333333333200001e-01,5.0000000000000003e-02,1.2500000000000000e-04,2.0791169082800190e-01,2.9909669083700002e-01,2.0791169077883428e-01,9.1185000058165738e-02,9.1185000058165738e-02
780,9.8333333333299999e-01,5.1666666666500005e-01,5.0000000000000003e-02,1.2500000000099999e-04,1.2566315675957116e-11,2.6750979847199999e-02,-3.7699743667271430e-11,2.6750979884899741e-02,2.6750979884899741e-02
781,9.6666666666699996e-01,5.3333333333199995e-01,5.0000000000000003e-02,1.2500000000099999e-04,6.2833415349984300e-12,2.6750979847199999e-02,-4.3982273719020266e-11,2.6750979891182271e-02,2.6750979891182271e-02
782,9.6666666666699996e-01,5.6666666666599996e-01,5.0000000000000003e-02,1.2500000000099999e-04,-2.0791169081570984e-01,-1.0535357408899999e-01,-2.0791169086487790e-01,1.0255811677587791e-01,1.0255811677587791e-01
783,9.8333333333299999e-01,5.8333333333199999e-01,5.0000000000000003e-02,1.2500000000099999e-04,-4.0673664306623247e-01,-2.8169506921300003e-01,-4.0673664311215363e-01,1.2504157389915360e-01,1.2504157389915360e-01
784,9.8333333333299999e-01,6.1666666666600001e-01,5.0000000000000003e-02,1.2500000000099999e-04,-5.8778525228738976e-01,-5.1928783560600000e-01,-5.8778525232805590e-01,6.8497416722055893e-02,6.8497416722055893e-02
785,9.6666666666699996e-01,6.3333333333200004e-01,5.0000000000000003e-02,1.2500000000099999e-04,-5.8778525228738976e-01,-5.1928783560600000e-01,-5.8778525232805590e-01,6.8497416722055893e-02,6.8497416722055893e-02
786,9.6666666666699996e-01,6.6666666666600005e-01,5.0000000000000003e-02,1.2500000000099999e-04,-7.4314482547599214e-01,-6.2559680618400004e-01,-7.4314482550962735e-01,1.1754801932562731e-01,1.1754801932562731e-01
787,9.8333333333299999e-01,6.8333333333299995e-01,5.0000000000000003e-02,1.2500000000099999e-04,-8.6602540378234349e-01,-7.5488888728699999e-01,-8.6602540380747695e-01,1.1113651652047696e-01,1.1113651652047696e-01
788,9.8333333333299999e-01,7.1666666666599999e-01,5.0000000000000003e-02,1.2500000000099999e-04,-9.5105651629321186e-01,-8.6697634780099997e-01,-9.5105651630874510e-01,8.4080168507745134e-02,8.4080168507745134e-02
789,9.6666666666699996e-01,7.3333333333299999e-01,5.0000000000000003e-02,1.2500000000099999e-04,-9.5105651629515342e-01,-8.6697634780099997e-01,-9.5105651631068655e-01,8.4080168509686581e-02,8.4080168509686581e-02
790,9.6666666666699996e-01,7.6666666666600003e-01,5.0000000000000003e-02,1.2500000000099999e-04,-9.9452189536805435e-01,-9.0688332156800000e-01,-9.9452189537330860e-01,8.7638573805308595e-02,8.7638573805308595e-02
791,9.8333333333299999e-01,7.8333333333300004e-01,5.0000000000000003e-02,1.2500000000099999e-04,-9.9452189536871116e-01,-9.3974080814500005e-01,-9.9452189536345692e-01,5.4781087218456870e-02,5.4781087218456870e-02
792,9.8333333333299999e-01,8.1666666666599996e-01,5.0000000000000003e-02,1.2500000000099999e-04,-9.5105651629709520e-01,-8.8350936257599999e-01,-9.5105651628156229e-01,6.7547153705562302e-02,6.7547153705562302e-02
793,9.6666666666699996e-01,8.3333333333299997e-01,5.0000000000000003e-02,1.2500000000099999e-04,-9.5105651629515431e-01,-8.8350936257699997e-01,-9.5105651627962096e-01,6.7547153702620988e-02,6.7547153702620988e-02
794,9.6666666666699996e-01,8.6666666666600001e-01,5.0000000000000003e-02,1.2500000000099999e-04,-8.6602540378548631e-01,-8.4177123194299996e-01,-8.6602540376035309e-01,2.4254171817353121e-02,2.4254171817353121e-02
795,9.8333333333299999e-01,8.8333333333300001e-01,5.0000000000000003e-02,1.2500000000099999e-04,-7.4314482548019689e-01,-7.6564368090699997e-01,-7.4314482544656224e-01,-2.2498855460437728e-02,2.2498855460437728e-02
796,9.8333333333299999e-01,9.1666666666600005e-01,5.0000000000000003e-02,1.2500000000099999e-04,-5.8778525229755652e-01,-5.6257183022799995e-01,-5.8778525225689027e-01,2.5213422028890320e-02,2.5213422028890320e-02
797,9.6666666666699996e-01,9.3333333333299995e-01,5.0000000000000003e-02,1.2500000000099999e-04,-5.8778525229247347e-01,-5.6257183022900004e-01,-5.8778525225180767e-01,2.5213422022807630e-02,2.5213422022807630e-02
798,9.6666666666699996e-01,9.6666666666699996e-01,5.0000000000000003e-02,1.2500000000099999e-04,-4.0673664307197466e-01,-4.5513114246899999e-01,-4.0673664302605395e-01,-4.8394499442946048e-02,4.8394499442946048e-02
799,9.8333333333299999e-01,9.8333333333299999e-01,5.0000000000000003e-02,1.2500000000099999e-04,-2.0791169082185634e-01,-2.9909669083599999e-01,-2.0791169077268934e-01,-9.1185000063310651e-02,9.1185000063310651e-02
