/*--------------------------------*- C++ -*----------------------------------*\
  =========                 |
  \\      /  F ield         | OpenFOAM: The Open Source CFD Toolbox
   \\    /   O peration     | Website:  https://openfoam.org
    \\  /    A nd           | Version:  14
     \\/     M anipulation  |
\*---------------------------------------------------------------------------*/
FoamFile
{
    format      ascii;
    class       volVectorField;
    location    "2";
    object      U;
}
// * * * * * * * * * * * * * * * * * * * * * * * * * * * * * * * * * * * * * //

dimensions      [0 1 -1 0 0 0 0];

internalField   nonuniform List<vector> 
2646
(
(-0.000566247765158 0.000339763038145 0)
(-0.00183758405181 0.0017582579039 -5.67806007587e-20)
(-0.000291088040266 0.000574249015359 3.56605072934e-23)
(-0.0022477789927 0.000848401870178 4.78304530258e-21)
(-0.000851301784105 0.00225739870099 1.90304290593e-20)
(-0.0046748538796 -6.54003653152e-05 0)
(-0.00445974266467 0.000298767122462 0)
(-0.00561485290058 -0.000167976438138 0)
(-0.00713840948876 0.000934597644057 5.82131638406e-19)
(-0.00783672074006 0.000901053885373 -4.63086959501e-19)
(-0.00503728469052 0.000322004579832 -7.10418309904e-21)
(-0.00766828226327 -0.000591730518536 1.22996735891e-19)
(-0.0082130154097 0.000516994636864 -3.11141959813e-19)
(-0.00783990210462 0.000275336769663 -6.08008636878e-20)
(-0.00756929385049 0.000344865476547 -2.35613493947e-20)
(-0.00571713349649 -0.00179283769556 6.23598428343e-21)
(-0.00779545363877 -0.00104969937687 7.50842118121e-19)
(-0.00614274495308 0.00170042009909 0)
(-0.00724940837614 -0.00095885416382 5.21607506114e-19)
(-0.00516209869108 0.00140688558414 0)
(-0.00737178821005 -0.000640650156857 4.40263609258e-20)
(-0.00300319897739 -0.000104153254432 -1.22996750648e-19)
(-0.00715318932742 -0.000172076524455 2.61979893885e-20)
(-0.00770431451054 -0.000351684708578 1.43444319104e-18)
(-0.00647170916414 -0.000117545041458 -7.18903081429e-19)
(-0.00556841640943 0.00143200673884 -5.52895737834e-20)
(-0.00562386933132 0.000142489322399 0)
(-0.00735318586447 4.30545559456e-05 -6.30235966163e-19)
(-0.00760610755969 -0.000341439275684 0)
(-0.00667053158524 0.00131436228145 -4.81505039752e-19)
(-0.00619475281106 0.000385034827679 3.67919497696e-19)
(-0.00248759212687 0.00129594106596 -1.2069981468e-19)
(-0.00323998540181 0.000592367798221 2.96241623983e-19)
(-0.00254519226042 -0.00161192753089 0)
(-0.00374857295598 -0.001352049974 0)
(-0.0039541812395 0.00131392395167 0)
(-0.00660589607408 0.00172596781015 0)
(-0.00834661793868 6.34297093287e-05 2.52760932568e-19)
(-0.00829412977414 -0.000219323412593 9.53867645961e-20)
(-0.00668778948222 -0.000981607245658 4.84137115733e-19)
(-0.00465667372674 -0.00149656245369 0)
(-0.00586897084678 -0.000965712165843 -2.63511887197e-21)
(-0.00020243661617 -0.00108696882308 8.6254648032e-19)
(-0.00187739273513 -0.00134849759667 -1.91685881563e-18)
(-0.00188991501201 -0.00037983745467 3.93693636016e-19)
(-0.00290539772868 -0.000778699834754 1.66368486855e-19)
(-0.00151385076343 -0.00240844197653 -1.33300179394e-19)
(0.00211422897481 0.0234045945665 -8.26805286039e-19)
(-0.000386290766824 0.0057841772712 -3.41707895695e-19)
(-6.89486352495e-05 0.0108028025764 -6.7780545762e-20)
(-0.00360932258956 0.00976847721325 -3.22613061268e-19)
(-0.00661337033249 0.0218770390744 9.61300207628e-19)
(-0.00570127965083 0.0196774791435 0)
(-0.0069354103725 0.0247248721739 1.09173464775e-18)
(-0.000824469364358 0.00554065821676 -1.75292042189e-20)
(-0.00223468255033 0.00673362793541 -6.45358280191e-20)
(-0.00976849516639 0.0301810424203 -1.2415693588e-18)
(-0.00486243767841 0.0164217837787 -1.91068102186e-19)
(-0.00511873525018 0.0156420325871 4.41346290786e-19)
(-0.00735639540029 0.0189858652415 -6.76432668928e-19)
(-0.00387523581533 0.01173973295 0)
(-0.0148892058429 0.0313780586746 -1.55030487306e-18)
(-0.00729974469212 0.0226544282876 -3.81504172024e-19)
(-0.00297355405661 0.00722313740065 2.00812811559e-19)
(-0.0117961822281 0.0259032306815 1.8638605172e-18)
(-0.00231590540338 0.00551792494435 1.27792013358e-19)
(-0.00331713585584 0.0237992548509 1.03662326481e-18)
(5.65101310986e-05 0.00345848073754 1.41017025307e-19)
(-0.0118357020882 0.0445364313143 2.02511615855e-18)
(-0.00254527252241 0.0110400229014 3.33817815131e-19)
(-0.0013767137685 0.0134036246594 1.66483081277e-19)
(-0.00773677133477 0.038713042457 -3.36592197349e-19)
(-0.00332286564004 0.0089432839146 3.1330854959e-19)
(-0.00171048770544 0.00932950316666 2.86082054659e-19)
(0.00346679101167 0.0312280874491 -8.13212313739e-18)
(-0.00114004505026 0.0132064145323 0)
(-0.00153120679293 0.00248059001209 -1.41698802281e-20)
(-0.000841185698038 0.00338972361141 -1.90974100268e-19)
(-0.0193940522096 0.0647351457066 1.09350982052e-17)
(-0.00636056113731 0.053453892277 -2.34483229351e-18)
(-0.00200557395325 0.00393682353208 -3.03926118943e-20)
(-0.00398933559451 0.00830770766984 -1.34427964036e-21)
(-0.00346703320398 0.0142004141934 0)
(-0.00901625508951 0.0202969544928 -1.32304372999e-18)
(-0.0106392145341 0.0324395579474 1.84153867907e-19)
(-0.0212434149144 0.0433440474286 3.22753780297e-18)
(0.00691407909399 -0.0368812023489 -3.17109825332e-18)
(-0.000409257851109 -0.00727523998322 -1.4937399631e-18)
(-0.000526502393321 -0.0143109395271 2.13763070433e-19)
(-0.0047385170326 -0.0121210919764 -1.46566283782e-18)
(-0.0103761177261 -0.0210656171144 0)
(-0.00118363066935 -0.00635663353186 1.82122576959e-19)
(-0.00616870277807 -0.0365040969794 0)
(-0.0095111982508 -0.0213016226397 0)
(-0.0085501826766 -0.0280243651516 -2.02002991923e-19)
(-0.00573143933043 -0.0152128726509 1.2547233245e-18)
(-0.0951989540092 -0.0829568079118 -2.64711035364e-20)
(-0.0102182563918 -0.0408091238492 0)
(-0.0039626737281 -0.00855761075052 3.78051420964e-19)
(-0.0252647597235 -0.0547261245082 0)
(-0.00302902615815 -0.00642063111747 -1.21839363086e-18)
(-0.00585919809638 -0.0388054798547 0)
(-2.0924841037e-05 -0.00417704274684 -8.3084432348e-20)
(0.00494735378699 -0.0233769709941 7.72071089938e-19)
(-0.00748040960929 -0.0276571304444 -1.7007766472e-18)
(-0.0122229143466 -0.0593215899814 0)
(-0.00313478080309 -0.00809128655025 1.81645473882e-19)
(-0.000218482568692 -0.01884386641 0)
(-0.00310407006397 -0.013645547981 1.09643789194e-18)
(-0.00259068208161 -0.0172594177471 -6.30762469694e-19)
(-0.00473941259334 -0.0109180664636 -4.48063551653e-19)
(-0.00200249791952 -0.0117268089176 1.73142637822e-18)
(-0.00194689210547 -0.00293175872079 3.95224478038e-19)
(-0.000998904701614 -0.00394833051561 0)
(-0.0438800678367 -0.240110819635 4.34506698449e-18)
(-0.00234763687069 -0.00454159709738 -1.28849542559e-18)
(-0.00550608461975 -0.00985970761686 0)
(-0.00527152662746 -0.0192922798246 -7.6108682346e-19)
(-0.0114996529995 -0.0311009461028 0)
(-0.0378657878807 -0.0661947263838 0)
(-0.0993698552898 -0.169367933753 -3.66460019362e-18)
(-0.0570734439194 -0.115025284561 -2.14409667246e-18)
(-0.0615843274104 -0.0784744930026 4.92567888078e-18)
(-0.0436647827572 -0.0255387002066 -1.6827794039e-18)
(-0.0866051506032 0.0784222507526 -1.69975582081e-18)
(0.269483982598 0.0248164897331 6.02165407158e-18)
(-0.0780333649411 0.066547281755 0)
(0.0392926455481 0.0960853813864 -9.05483633454e-19)
(0.384028979109 0.000298247548614 -1.94751933574e-18)
(0.32570186417 0.0121209115621 -1.7226772083e-19)
(0.244188796131 0.0394262153209 0)
(-0.0461474742084 0.0137644676767 5.11761314768e-18)
(-0.0382954833152 -0.00898003861839 -1.21852362206e-19)
(-0.018611095735 0.031276911454 3.06676458856e-18)
(0.0189304071062 -0.013977110794 1.44225936469e-18)
(-0.0155568140181 0.0194571185708 -2.35129581088e-19)
(0.0132406437166 -0.011115867139 2.28699751566e-19)
(-0.0100615115924 0.00529729599354 -1.49207648176e-18)
(0.0288144429664 -0.0249894830731 -1.27853451832e-18)
(-0.0590487269843 -0.00520901920813 5.07181075493e-20)
(-0.0394289506312 0.0359024751805 -9.74116213717e-20)
(-0.0143911218177 -0.0375950506386 -2.55345647734e-19)
(0.0127654304169 0.0573265689662 8.97155441396e-20)
(-0.0173577160974 0.0151799930702 -7.97590678557e-20)
(-0.0236965208541 0.0203710102001 -5.21278365245e-19)
(0.00790120926344 -0.0311501827724 0)
(-0.0347969236256 0.0238935955 -1.95190834643e-18)
(0.192294184018 0.00929268428372 -8.99976556487e-19)
(0.184437080964 0.0547588394993 2.01222450225e-19)
(0.0111930495242 0.0244624578746 -1.34890103717e-18)
(0.0615677273459 -0.0183618487691 3.71948849729e-19)
(0.00949909488576 0.0433220123425 0)
(0.22193734099 -0.024215637541 2.38961195869e-18)
(-0.0157372479293 0.0350605929005 -3.06644655471e-18)
(0.195856033656 0.00511563519644 6.16311281465e-20)
(0.446944152773 0.0214655832084 6.85945722466e-19)
(0.386018339248 -0.00609636431019 2.83245055128e-19)
(0.0865212792517 0.0886847886207 -1.29881766082e-17)
(0.154650775306 -0.0140107773669 0)
(0.0487146512821 0.0659197130802 1.34879606015e-17)
(0.236787965641 0.00735120619038 6.67649818643e-19)
(-0.0237707913061 0.0246803495146 0)
(-0.0161646873111 0.0499317634565 3.10365993369e-18)
(-0.0525048521259 0.0238838631251 -4.58764450003e-19)
(-0.0324296336302 0.0206004660205 2.60014409715e-19)
(-0.00913208851009 0.0371046122721 0)
(0.039038460628 -0.0369984362126 -3.77875488657e-19)
(0.374232257489 -0.342318214275 -4.53482037902e-18)
(0.202388038549 -0.0118788994931 6.5090927629e-18)
(-0.0309802092235 -0.351839531727 0)
(-0.0110214205492 -0.130107605401 4.2193725707e-19)
(0.235495035762 0.0202636996994 0)
(-0.00811214814963 0.00027643957005 -6.09975232934e-19)
(-0.00809524210184 0.000133273691798 6.09975232933e-19)
(-0.00581370515786 0.00170330939507 0)
(-0.00599464946782 0.00186354005921 0)
(-0.00781931678361 -0.000995723936621 -3.16734587768e-18)
(-0.00760909560136 -0.000939731110546 -3.36920737777e-18)
(-0.0032129148518 0.0023393645496 0)
(-0.00359687691321 0.00209473132025 0)
(-0.00694277929651 0.00129798815814 0)
(-0.00678867048113 0.00152094172211 0)
(-0.00756876921148 0.000674486344684 0)
(-0.00736462067251 0.000782263125967 -1.6045788506e-18)
(-0.00558442231002 -0.00206128643724 -6.77976719569e-19)
(-0.00541168011829 -0.00194569015637 6.77976719571e-19)
(-0.00389019683703 -0.00273224972559 0)
(-0.00418057448778 -0.00260885505558 0)
(-0.00622445637787 0.0172961557449 0)
(-0.00727383877878 0.0180997440441 1.91611100688e-18)
(-0.00290598950246 0.00646018651673 -5.35291143362e-19)
(-0.00325901191374 0.00672984088261 -6.25619658541e-19)
(-0.0103465815679 0.0249510776454 1.9118349171e-18)
(-0.01232626879 0.0248340711242 -9.897704382e-18)
(-0.00279883947479 0.00317015014298 1.16405970196e-19)
(-0.00275464372469 0.00358707832536 2.21254667384e-19)
(-0.00427502111704 0.00909141804631 4.05956354922e-19)
(-0.0043040503998 0.00867333025495 -4.05956354922e-19)
(-0.00455139861664 0.0112363175713 -6.39621907998e-20)
(-0.00420983210053 0.0105996017172 6.39621907998e-20)
(-0.0168699840171 0.0367403081878 -4.00020051149e-18)
(-0.0208530276651 0.0376169036631 4.00020051149e-18)
(-0.0383248227026 0.0486600798268 0)
(-0.0294045463529 0.0504325288913 -1.02418710871e-17)
(-0.00806711041779 -0.00124462138246 -4.06822098325e-19)
(-0.00579462155492 0.00304304729669 1.91020718801e-20)
(-0.0037846906473 0.00301183205546 3.01504598756e-21)
(-0.0390426823346 0.00559320449525 3.44573957307e-19)
(-0.036397968381 0.022689566633 0)
(-0.0042596629439 -0.00375615243848 0)
(-0.00442285964947 -0.0039536641811 0)
(-0.0246733602723 0.00170630272318 -9.19176053172e-19)
(-0.032215288963 0.0389874759793 -5.13785052727e-18)
(-0.0347204296637 0.00542167999429 1.09594842523e-18)
(-0.0365268944505 0.00996640024134 0)
(-0.00809932670529 -0.00107698835373 -7.77604416444e-19)
(-0.00392028575479 0.00304041356911 0)
(-0.0316060393569 0.0241758522483 0)
(-0.0286167500973 0.0202639244796 2.32374559887e-18)
(-0.00858523588996 -0.0138276796634 0)
(-0.00910082998221 -0.0132896930187 1.01019601756e-19)
(-0.00622580256482 -0.00871160731269 -3.89290362712e-19)
(-0.00635679916586 -0.00825865833213 7.12665649237e-19)
(-0.00688193069141 -0.00936466063616 0)
(-0.0069736974699 -0.00904877286145 4.07990483621e-19)
(-0.00484225523335 -0.00623704144414 2.38377167536e-18)
(-0.00496193461327 -0.0058510888702 -2.0962999496e-18)
(-0.00643528151592 0.00283070905111 0)
(-0.00648915250448 -0.00242575069881 1.94642903322e-18)
(-0.0325937274201 0.0428091202379 4.62728918518e-18)
(-0.0246547253685 0.0493142402885 0)
(-0.0260420974019 0.0206612714537 0)
(-0.0323664298966 0.0193434752518 -1.31039589974e-20)
(-0.00835938691617 -0.000305935300512 0)
(0.00155725814471 0.0585223946599 -1.38180919131e-18)
(-0.0292972665016 0.0205533145106 -5.39183697686e-18)
(-0.029814284098 0.032287887975 -2.04301428693e-18)
(-0.00662484615538 0.00276351636292 3.40750484347e-19)
(-0.00592053825529 0.0028069734492 0)
(-0.032031786233 0.018834358901 3.65289695722e-19)
(-0.00560530463588 0.00311615702175 1.26933944962e-19)
(-0.0344645650669 0.00983395557811 2.02898899455e-19)
(-0.0228688179372 0.00331865791506 -2.9538264303e-19)
(-0.00463457326199 -0.00551245259953 0)
(-0.00431205885772 -0.00520865666715 0)
(-0.00787765635297 -0.0113089428399 -7.64071403328e-19)
(-0.00746985035682 -0.0109154675999 -1.91574249899e-19)
(-0.00543657508216 -0.00751944212953 2.00901052764e-18)
(-0.00582076088526 -0.00789573570238 -2.6137267876e-18)
(-0.00918611360849 -0.0151437204189 4.44158008934e-18)
(-0.00984277782312 -0.0161114939214 -3.62416901543e-18)
(-0.04889517247 -0.0414039143971 -2.95661378852e-18)
(-0.0228088389446 -0.0213805501383 0)
(-0.0140079414699 -0.0168749297828 -3.20956430184e-18)
(-0.0083645296968 -0.0118435778577 -8.84621362794e-19)
(-0.00806547101732 -0.0125030910017 0)
(-0.00716819136842 -0.0102869879922 2.16436224799e-19)
(-0.00747277184195 -0.00978858661347 1.84166081043e-19)
(-0.0144113308493 -0.0208656656275 0)
(-0.00522334626311 -0.00703478904878 2.96459639732e-18)
(-0.0054194146416 -0.00673696810313 -2.46212927952e-18)
(-0.00419177795507 -0.0045114692692 0)
(-0.0260799874818 -0.0213690246469 -3.73772841098e-18)
(-0.0257320899942 -0.023011435554 3.75690572796e-18)
(-0.0300389863441 -0.0386841841285 6.44468737838e-18)
(-0.0708867008199 -0.040124368634 6.73390797868e-18)
(-0.0646058444862 -0.0362688151553 -6.60608616874e-18)
(-0.0132978962998 -0.0170512230097 4.94772634565e-18)
(-0.0461945311077 -0.0391839098244 9.39928619722e-19)
(-0.0219974569395 -0.0212871979159 -1.438835593e-18)
(-0.0147864861694 -0.0194310951288 1.35770470826e-18)
(-0.0310947773899 -0.0351622010078 -7.41577674222e-18)
(-0.0300360763272 0.049476170041 0)
(-0.0044540795949 -0.00426126757367 6.28149162777e-19)
(-0.00634024538183 -0.0027017636135 2.12460544801e-18)
(-0.00856630903586 0.00084715394613 -5.64645386125e-19)
(-0.0344508212285 0.00970750874235 2.05651332424e-18)
(-0.0232107355819 0.000822781810731 -6.31056530255e-19)
(-0.0242880396152 0.0211908385367 1.0449025103e-18)
(0.0188752946142 0.0650315233944 -2.34497833335e-19)
(-0.00840191769538 -0.00028096835059 1.35146415101e-20)
(-0.0334981384953 0.00450124657026 -1.5413531355e-18)
(-0.00816069585205 -0.00140304796032 -4.69787431645e-19)
(-0.033960463099 0.0168374480597 -6.76096997673e-19)
(-0.00825462707518 -0.000501584440736 0)
(-0.0269883304373 0.019840354982 -2.26907006384e-18)
(-0.019429434837 0.0561258766439 0)
(-0.0066413511723 -0.00240076828296 -1.21916806312e-18)
(-0.0297157154628 0.0192192967735 -4.5491364356e-18)
(-0.00786045879858 -0.000668933008962 -2.5990116239e-20)
(-0.0355017095907 0.0170661234113 1.74867363006e-20)
(-0.0474270547898 0.0448178299867 0)
(-0.00863405839586 0.000550185325873 1.33056577401e-18)
(-0.011204255896 0.0460137225392 3.28570036065e-18)
(-0.00800636165903 0.00194799056393 -3.53804325755e-19)
(-0.00622063042118 0.00273512391906 -1.60252667571e-19)
(-0.0420020537876 0.0467310902167 -2.26432625034e-18)
(-0.00865093603416 0.00101292739888 -5.71843930059e-19)
(-0.0280215123664 0.0204592793191 2.5463946414e-18)
(-0.0372131873601 0.0128141673419 -4.07129939427e-19)
(-0.00815701696709 -0.00096326712417 9.09558604824e-19)
(-0.0359640701453 0.0271827727977 -6.94178146583e-18)
(-0.00433309939775 -0.00356000436165 0)
(-0.0301645024969 0.0227864304827 3.17175991645e-18)
(-0.00452609268285 0.00279693047693 5.98763574523e-20)
(-0.139802600482 -0.0463000552119 8.04392233198e-18)
(-0.132100828476 -0.0612490845337 -1.28372413114e-17)
(-0.00493075081951 0.0424468270198 0)
(-0.00356747613681 0.00317714265739 -3.09479503839e-22)
(-0.0286632068173 0.0222995781236 6.21443801544e-18)
(-0.00782010691485 0.00191475363821 -4.28323500982e-19)
(-0.0275072871322 0.0200183116491 2.44976282583e-18)
(-0.00806978856868 -0.000707646269245 2.94004493673e-20)
(-0.0359801002232 0.0156786044473 4.05938347555e-19)
(-0.00849849096785 0.000475927288276 -1.61247023631e-18)
(-0.0293743430048 0.0237634063667 -4.72687404835e-18)
(-0.00696619332076 0.00221754068782 0)
(-0.0295481676708 0.0424583001259 -4.22278742409e-19)
(-0.00721818920202 -0.00191693343375 0)
(-0.0302943398897 0.0230259626297 5.19450847094e-18)
(-0.00686830063978 0.00225152768362 0)
(-0.00714774588051 -0.00204357395855 1.34972380065e-18)
(-0.00855771050501 0.0012579942932 8.70888712859e-19)
(-0.00866736788319 0.000552639046613 -4.29283463741e-20)
(-0.0303376355037 0.0548642467926 -1.69624385524e-18)
(-0.00468466284769 0.00273045784439 -7.26912751314e-20)
(-0.00419064382286 0.00272988332955 -1.25332620092e-19)
(-0.0319376696784 0.0209043515392 0)
(-0.0375941037602 0.0112068979405 -1.04891230943e-18)
(-0.0301469757474 0.0101242993734 -2.73231035525e-18)
(-0.0212208922706 0.00208048298566 -2.76184864249e-19)
(-0.0291048215478 0.0157070978137 -2.91915713019e-19)
(-0.0320550365 0.0500979970158 0)
(-0.029846050869 0.0159427784617 -8.42174048516e-19)
(0.00366121255717 0.0565471692038 -1.59787541381e-18)
(-0.0280900565267 0.0123721948088 2.83834964819e-18)
(-0.0248526649533 0.0282671236202 -2.84838856354e-18)
(-0.0279700956181 0.0251563361278 6.57695769216e-22)
(-0.0276036733508 0.0273979557131 -6.57357499677e-22)
(-0.013996097946 0.0150705216664 0)
(-0.0159218158606 0.0099932070273 -4.64942532825e-30)
(-0.0169763577903 0.00844994259262 0)
(-0.0179267442534 0.00689228987306 6.6514849629e-20)
(-0.0265914078213 0.0214301500361 4.43914344266e-18)
(-0.0127297116959 0.0153864178316 1.84372715671e-18)
(-0.0188211776162 0.00530978056984 0)
(-0.0136282279428 0.0218942327876 2.31382410742e-29)
(-0.0120079391545 0.0151975621692 -1.84372715671e-18)
(-0.0274405574994 0.00010780654255 0)
(-0.0261164978396 0.0274869870219 5.37134406621e-21)
(-0.0154409046996 0.0134396953964 0)
(-0.0210175107283 0.00982777891134 -3.3626504941e-19)
(-0.00771386489837 -0.00746793585507 3.03326542488e-18)
(-0.0197022603825 0.00364799651594 -3.65751418557e-30)
(-0.0254368214783 0.0183627980539 0)
(-0.0270063421073 -0.00268236298641 2.6342664365e-18)
(-0.023626340547 0.00829102581662 0)
(-0.0256394972467 0.00247218723883 1.71731244039e-20)
(-0.0205802258028 0.00181839751471 1.33714643409e-18)
(-0.0219337992571 0.00635955356502 0)
(-0.0244513575632 0.00719050076116 0)
(-0.0242743345734 0.00674552410751 -2.31392517386e-30)
(-0.00847533575751 0.0173124828374 0)
(-0.00839390546435 -1.69033674999e-05 0)
(-0.00634617674776 0.00905204243682 0)
(-0.0257576694223 0.0060896087187 0)
(-0.0152969688533 0.00992499993394 6.25373958412e-19)
(-0.0239333349124 0.0268131354163 1.23928077201e-20)
(-0.0132712224416 0.0149040070751 0)
(-0.0077585627516 -0.00799890610298 -1.5240342995e-18)
(-0.00680947266346 0.00840038614453 0)
(-0.0163687146 0.00841574264487 -2.83243233118e-30)
(-0.00674586154662 0.00888823617762 0)
(-0.00898953016678 0.0168779478965 0)
(-0.00880814951902 0.00817582718187 0)
(-0.0173270706805 0.00687614785484 -6.65148496291e-20)
(-0.0225588035484 0.0093416230741 0)
(-0.00903320888847 -0.00555655813768 2.68903176973e-18)
(-0.0274550410171 0.0203741282188 -1.29741333237e-20)
(-0.0230423970275 0.00982596147552 0)
(-0.0242847185758 -0.00160403904541 -4.00531056391e-30)
(-0.00894145312163 -0.00689601776678 2.83177052573e-18)
(-0.00884351732508 -0.00639306872586 -2.83177052573e-18)
(-0.0253615222932 0.0017603445829 -3.50992509516e-18)
(-0.0211400499972 0.0101050776419 6.37615615792e-19)
(-0.0188717324266 0.0151356552451 -1.58720074106e-19)
(-0.0221337524627 0.0185120248798 -4.18945183958e-20)
(-0.0238815320769 0.0037400136133 0)
(-0.0270224499489 0.0192106945595 -1.82565013642e-18)
(-0.00878085030274 0.00768005461031 6.21703553436e-31)
(-0.021223660116 -0.00252262328614 0)
(-0.00437989806369 -0.00317982424914 0)
(-0.0182048965827 0.00529936007056 -1.42960614095e-30)
(-0.0266123960223 0.0188660035551 -3.34283977025e-18)
(-0.0206699932686 0.0132739917479 1.57875515047e-19)
(-0.0267641657967 0.0198109976645 -3.45529551928e-18)
(-0.0327241119181 0.00944717502513 1.13052707892e-18)
(-0.00902492353853 0.0160963039701 0)
(-0.0136027523196 0.00716967542787 0)
(-0.013670261948 0.00863728920098 0)
(-0.0248482998518 0.00456745265068 -2.27307771525e-18)
(-0.0147430041944 0.0133248917549 0)
(-0.0206508872371 -0.00302735798625 0)
(-0.0095582718256 0.0156434314405 0)
(-0.0200470102014 -0.00439409233107 0)
(-0.013809684077 0.00767121876174 -4.84158113062e-31)
(-0.0145072886867 0.005846690351 2.0414626247e-19)
(-0.0134736068745 0.00810739922956 4.84158113063e-31)
(-0.00468558197111 -0.00345140304561 0)
(-0.0190378684338 0.00364734418152 0)
(-0.0216122312157 -0.00111228034353 -7.07092263491e-30)
(-0.0152974739861 0.00445552443621 0)
(-0.0155767312489 0.00489837315394 1.44831299957e-30)
(-0.00453300360735 -0.00342515844257 0)
(-0.0147508140262 0.006316911492 0)
(-0.0237578830286 -0.0022570040106 -2.32739411102e-18)
(-0.00981803094735 0.0190370846942 -2.62886335355e-18)
(-0.0155211904166 0.00395636441309 0)
(-0.0152283256493 0.0035369282212 7.37318628095e-19)
(-0.0262707501878 0.0185512533173 3.34221798029e-18)
(-0.00647042306494 0.0137050659897 -1.31768091713e-30)
(-0.00915724390722 -0.00602103536967 -2.68903176973e-18)
(-0.00425863264841 0.00486222065076 -1.35957344965e-19)
(-0.00654716185578 0.0128623172955 -2.33565425233e-30)
(-0.023321749229 -0.00392976142144 -2.57258814647e-18)
(-0.0241164675436 0.00434668861992 1.15705187413e-18)
(-0.00613357752291 0.0114881316006 0)
(-0.0257130716409 -0.00270857320268 -2.6342664365e-18)
(-0.0161589732581 0.002438514812 0)
(-0.00567674595368 0.00811631944437 -5.35198976297e-31)
(-0.0275272422254 -0.00186444036965 0)
(-0.0174715757696 -0.0126790665381 -1.89781668759e-18)
(-0.00581836130947 0.0123629755812 1.14294032158e-30)
(-0.00830268492411 0.00041392589296 -7.38451195097e-19)
(-0.00681798872945 0.0161271209735 0)
(-0.0254915165259 0.0127880028602 3.57275125997e-19)
(-0.0129275055566 -0.0215658188249 0)
(-0.0246961847939 0.00627151663933 2.31392517386e-30)
(-0.0240787366216 0.00761736684308 1.42157079013e-19)
(-0.0064306749839 0.0104087609632 -9.68347219534e-19)
(-0.00661827755803 0.00982038520051 -2.98726311166e-30)
(-0.03158079542 0.0266754539487 -5.157876167e-18)
(-0.00758040255382 -0.00161213869964 -1.16029380114e-18)
(-0.0270562233885 -0.000705405630388 0)
(-0.00385975737699 0.00501427447082 1.84690910699e-19)
(-0.0198157444978 -0.00820449856124 0)
(-0.0339774553878 0.0357018753294 3.72282637072e-18)
(-0.00599051143986 0.0105401729888 0)
(-0.0233418837874 0.00704560555251 -3.09345185486e-19)
(-0.00623699307403 0.00956358564776 0)
(-0.0250098149608 0.0051878701112 1.11602584112e-18)
(-0.00565945875404 0.0111923873975 9.98232360931e-31)
(-0.018923769859 -0.00854174334545 -1.97463571041e-22)
(-0.0293809788348 0.0294528039598 0)
(-0.0207435914342 -0.00884477601886 3.25056538076e-18)
(-0.025274387156 0.00653895125634 7.00098807003e-19)
(-0.0216712779176 -0.00839212005806 -3.25056203301e-18)
(-0.00445207027145 -0.00299847614371 0)
(-0.0215885749594 0.00690749421511 0)
(-0.0228057745931 0.00692485914747 3.09345185486e-19)
(-0.0225208082258 0.00645484039324 9.26081943107e-31)
(-0.01767012115 0.0287555263729 0)
(-0.0227512624215 0.0104138898352 0)
(-0.0256857386345 0.00547062095558 0)
(-0.0211069911937 -0.00164639317838 0)
(-0.0181434266894 -0.00789632945583 0)
(-0.0133267403852 0.00128955854105 -1.15348418634e-18)
(-0.033635947499 0.0314088521804 0)
(-0.0232601607211 0.00792822571969 6.67838199524e-31)
(-0.0098625595705 -0.0044617377477 0)
(-0.0251371982899 0.00323996291808 3.27529191346e-20)
(-0.00744545858773 -0.00140315936766 0)
(-0.0132691685713 0.0235865707291 0)
(-0.00824748207969 6.94315673229e-05 0)
(-0.0245913952735 0.0225356553522 0)
(-0.0082453933498 0.0171756329383 1.98816329793e-18)
(-0.00994522435943 0.00728496245466 -2.0683407059e-19)
(-0.0187362322565 0.0131715270674 0)
(-0.0217346459991 0.0100136080719 0)
(-0.0107557982712 0.00709431292676 0)
(-0.00837038473741 0.000496223600837 3.03496376857e-19)
(-0.023584433769 0.0105187121338 2.74098850831e-19)
(-0.0125377711241 -0.0201354906054 -3.84887626796e-18)
(-0.0198411612401 0.00184768006702 9.11455720094e-30)
(-0.00717704149787 0.00821766327296 0)
(-0.00575848391069 0.0142813359126 -1.43295519235e-18)
(-0.0243425386764 0.0192462595165 0)
(-0.0251246110451 0.019313427562 0)
(-0.0190757759793 0.0138464644129 3.12069840706e-30)
(-0.00797488256323 0.00821951712058 -3.8693261104e-30)
(-0.0202073323885 0.0145340371643 0)
(-0.00759860363823 0.00842584297952 3.8693261104e-30)
(-0.0084228630714 0.00841430557479 0)
(-0.0204070099983 -0.00895043857116 -3.88749072512e-18)
(-0.013412900066 0.000838455965387 1.31487510935e-18)
(-0.0368531107023 -0.00489435525168 -4.79258386769e-19)
(-0.0113552000489 -0.0201610845319 8.91757261136e-18)
(-0.0383315884614 0.00456741061387 -1.05172045346e-18)
(-0.0109732545678 0.0168610967908 0)
(-0.0101323337946 -0.018980255053 -4.16065984678e-18)
(-0.00536417167161 0.00823486059872 5.95528449911e-19)
(-0.00846065476023 0.000844196303715 0)
(-0.00849331877325 0.00052247860509 0)
(-0.0192156393166 -0.00404647239601 8.61268699099e-30)
(-0.00959486620245 0.00757914018056 -5.21309345239e-20)
(-0.0136754765274 0.0229321466982 0)
(-0.0225343267184 -0.00121359356511 7.98687180907e-30)
(-0.00695458630767 0.0151905395106 1.51558808391e-30)
(-0.0139100905881 0.00673250284764 0)
(-0.0206879621003 -0.00393113137121 0)
(-0.0201910279273 0.0119602751739 0)
(-0.0050365650106 -0.00218167777706 0)
(-0.0191540120935 0.0357318399716 0)
(-0.0198112448239 0.0151925836096 0)
(-0.0239318753883 0.0164346324711 0)
(-0.00622433791804 0.0149462103417 0)
(-0.00913613638329 0.0074204558754 -3.16781968597e-19)
(-0.00806127528386 -0.00710762322085 0)
(-0.00841173830931 0.0158580287412 0)
(-0.0239824810255 0.020224342983 0)
(-0.0078173046578 -0.00114453771168 0)
(-0.0112457750411 0.023049452424 0)
(-0.0149413231884 0.0017534149826 0)
(-0.0133048814827 0.00907422841998 0)
(-0.0222673322637 -0.00369345443834 2.57258814647e-18)
(-0.0154201135616 0.00303099889225 9.08160038391e-19)
(-0.00554695920016 -0.00246774488889 -2.42799446259e-18)
(-0.023948140025 -0.00330017099952 2.24282439624e-30)
(-0.0290148488074 0.00464141833159 -5.39495837681e-19)
(-0.0247176556503 -0.0435334039392 5.53108858025e-18)
(-0.0147726598397 0.00538091340802 0)
(-0.0212759121043 -0.00204283868993 4.07162065771e-20)
(-0.0176389253701 -0.00644267914908 0)
(-0.0299710829968 0.0395794459664 0)
(-0.0314653666125 0.00884476551275 9.58613558993e-19)
(-0.0237155514877 -0.0110836208411 -1.80370270881e-18)
(-0.0144236445932 0.00184610733021 -1.12839801843e-18)
(-0.0198413596384 0.0125649590107 0)
(-0.0227581194582 -0.00902238522123 2.1097610679e-22)
(-0.00723318810988 0.00242200038049 0)
(-0.0162878157669 0.00948464991706 4.64942532826e-30)
(-0.00471588047942 0.0157846814302 0)
(-0.097034515491 -0.108716511101 0)
(-0.0159798144563 0.00297846846234 0)
(-0.0208185700911 0.0106903356942 0)
(-0.0152686901299 0.00212328958185 0)
(-0.0158223269408 0.00204001202289 0)
(-0.00776455300708 0.00283319297269 -4.57476806515e-19)
(-0.0197658930414 0.0165845541467 0)
(-0.00754893842453 -0.00125385665457 9.79675964121e-19)
(-0.0254038191734 -0.00159941417061 0)
(-0.0131442301392 0.0238125247313 -3.37949225746e-18)
(-0.0153232773274 0.00539121061602 -1.44831299957e-30)
(-0.0144572711356 0.00677938797913 -5.16375556413e-20)
(-0.0225037956528 -0.0405777353258 -5.37698022838e-18)
(-0.0100542286425 -0.00487142155396 2.49955941578e-18)
(-0.0191111215294 -0.0300850811313 -8.33260793485e-18)
(-0.0946085797642 -0.10754802952 0)
(-0.0173070234959 0.00792731072931 0)
(-0.0141084447798 0.00150467115593 1.12839801843e-18)
(-0.0187248529902 -0.0182463928729 1.13998949622e-18)
(-0.0183757903854 -0.00698314278143 0)
(-0.0268760468419 0.001115195645 2.10875756871e-20)
(-0.0225181908212 0.0178942758693 4.15358945463e-20)
(-0.0055539911636 -0.00281769115105 -2.65969527208e-18)
(-0.020198804792 0.0158969868758 -2.20413514359e-18)
(-0.00745766255813 0.0024712575556 4.57739129276e-19)
(-0.0182313378073 0.0063492956034 0)
(-0.0208944264498 0.011902397173 2.03167693276e-30)
(-0.0252504860817 -0.0340795750916 0)
(-0.0249041306266 0.0164044662429 -1.32500477507e-18)
(-0.0334254685206 0.000373423258396 0)
(-0.0165984683677 -0.0265055616616 0)
(-0.0123705387872 0.000430858953668 0)
(-0.00843183734728 0.000181106185074 7.6794223531e-19)
(-0.00778607166979 0.0164396510993 -1.98816329794e-18)
(-0.0205948792487 0.0195738392469 -3.56786598892e-19)
(-0.0062774797037 -0.00224706238454 0)
(-0.0147301340728 0.0115166541701 1.03759428252e-18)
(-0.00665883416201 -0.00652483846128 1.46774031298e-18)
(-0.00665602700905 -0.0060339265434 0)
(-0.0145040115897 0.014542395685 0)
(-0.0136274467114 0.00160318628099 1.15348418634e-18)
(-0.034875889552 0.00153859435925 0)
(-0.0183761101962 -0.0262316568478 2.96044212039e-18)
(-0.0213455920738 0.0138459770421 -8.1361267066e-31)
(-0.00492261620137 0.00498424218565 -8.44796193131e-20)
(-0.0276071063901 -0.00880929231914 0)
(-0.0231353576723 0.0201530103701 0)
(-0.0275650852729 0.0306437661868 2.84019358445e-18)
(-0.0154553474073 -0.0315562069652 2.8012016748e-18)
(-0.0212131896513 0.0112936755498 -2.03167693276e-30)
(-0.00751699815691 0.00276378552514 -4.96156253313e-19)
(-0.021002304289 0.0145156737977 8.13612670659e-31)
(-0.026026459986 -0.00832817127231 3.4478187957e-18)
(-0.0232792037289 0.0311774277888 -5.61530154078e-18)
(-0.00634690266486 -0.00196363045871 0)
(-0.0161027451732 0.0291522461274 0)
(-0.0171990162228 0.0313517436418 0)
(-0.00815116112429 -0.000103490402223 0)
(-0.00771878478604 0.0183656698719 0)
(-0.00705955600544 -0.00151265604998 -5.06515605775e-19)
(-0.019104592876 0.00473240164471 0)
(-0.013354518571 0.0252285122647 4.01658438221e-18)
(-0.00770709938527 0.00421456545303 1.81067858025e-19)
(-0.024308657325 0.00303297536222 -1.46529669624e-18)
(-0.0256095475913 0.0356794866784 0)
(-0.0124083762927 1.83330816004e-05 -2.94207476764e-18)
(-0.00739939313183 0.00407676261295 -6.97301101187e-25)
(-0.0327638012945 0.0317670733766 0)
(-0.0108311515746 -0.0269121093451 0)
(-0.0201281181917 0.0308989618782 0)
(-0.0275311937747 0.0192372476494 -1.69826230156e-18)
(-0.0227374322543 0.00659155936154 3.24849211304e-19)
(-0.0232972063271 0.00875608546887 0)
(-0.00699895221019 -0.00576832483173 0)
(-0.00836720116903 0.0344831207797 -3.55060486359e-18)
(-0.00509461915757 0.00642268117497 0)
(-0.0044200185007 -0.00703995317391 0)
(-0.00788078951621 -0.0014188655446 1.5578325532e-20)
(-0.0194883124229 0.0462353868629 -2.10421943651e-18)
(-0.0201527737784 0.0563403240273 2.28362945737e-18)
(-0.0198366081075 0.0138513906816 0)
(-0.00999357289609 0.0420321603827 1.12959692927e-18)
(-0.0947959770508 -0.0824908879019 -1.32617816699e-17)
(-0.00866845048646 0.00458222404768 -1.80294809082e-19)
(-0.00568169301914 0.00208284873931 1.36246014537e-19)
(-0.00806334120509 0.00468726288017 0)
(-0.0152187717156 0.0277855801098 0)
(-0.0064950598464 -0.00185637875012 0)
(-0.00751730622477 0.014848109802 -1.51558808391e-30)
(-0.00788514649637 -0.00122326712939 -1.00050753519e-18)
(-0.0123567054897 0.0230273720163 3.37949225746e-18)
(-0.00733475161107 0.0141852373012 0)
(-0.00958242425117 -0.010545486642 1.7931504148e-18)
(-0.0130951969498 0.000555114183186 -2.63664909636e-18)
(-0.0365149428668 -3.23714521221e-05 0)
(-0.00773010690575 0.00455017829796 -1.8106683148e-19)
(-0.00698075332311 -0.00532294183918 0)
(-0.0305443322446 -0.00819568817029 3.58953645867e-18)
(-0.0250239864039 0.0179076930467 1.39209351348e-21)
(-0.0162198495213 -0.0127236402692 1.47107149302e-20)
(-0.00964287727964 -0.00985332360233 0)
(-0.00800109935973 -0.00661434575494 0)
(-0.0250205202645 -0.00904151476322 -3.44801331062e-18)
(-0.022554310952 -0.0102802361564 3.07854090378e-20)
(-0.00456956874545 0.00514735720223 -3.69543816605e-20)
(-0.0315786319571 -0.00602497405262 0)
(-0.0372681973514 -0.0544498739711 -4.21901206261e-18)
(-0.00832331970928 0.00446904276222 0)
(-0.0229753677678 0.0327202346012 5.61530154083e-18)
(-0.0382448489178 0.00167456339042 3.2968151122e-18)
(-0.0726623587777 -0.0700212944652 1.29836492981e-19)
(-0.0209581084702 0.0131790787715 0)
(-0.0227027891414 -0.0316726932817 5.96803547044e-18)
(-0.00605070232362 0.00832551772237 -1.04993590437e-30)
(-0.0253441017619 0.00391906021658 1.43254377711e-18)
(-0.0173063973962 -0.00814799338786 0)
(-0.0286203398699 -0.0079221269557 -3.58953645867e-18)
(-0.00340944205687 0.0060022124335 2.644777813e-19)
(-0.0226596485864 0.0210822039645 3.60868475386e-18)
(-0.00931695807363 -0.00519732642868 0)
(-0.0309582672238 0.0036241038777 -1.83535255918e-23)
(-0.00533044517847 -0.00308537353962 1.38995005099e-18)
(-0.0900846661121 -0.0820295316441 4.12238571743e-20)
(-0.015884154888 -0.00770509825916 -2.91510724706e-18)
(-0.00827097035225 0.0151318631941 0)
(-0.00821060397193 0.000774815660857 0)
(-0.0916423260607 -0.0195058581084 -4.09980110711e-20)
(-0.0237245280927 -0.00844242213688 0)
(-0.00686547777656 -0.00139297975681 0)
(-0.0132670582534 0.027432455938 -4.0165843822e-18)
(-0.0189424095466 0.0165334040376 -2.20294643898e-18)
(-0.0154222294707 -0.0284243985365 0)
(-0.0166559626098 -0.00751496481201 0)
(-0.0152227670065 0.0146722233927 0)
(-0.024951073986 0.00835584776511 2.36812279345e-20)
(-0.012093272163 -0.000205634948468 -1.29270530369e-21)
(-0.025378687885 0.00974982695676 -9.6086724321e-19)
(-0.0199651521032 0.00301200793516 3.65751418558e-30)
(-0.0248687505101 -0.0104725131396 0)
(-0.00443935740664 0.00191553649006 2.69139869423e-20)
(-0.0179011846145 -0.00329613072019 0)
(-0.00831250479096 0.000576384949036 0)
(-0.0104171569358 0.0074228318384 0)
(-0.0435494572812 -0.0674132201512 8.15194973512e-18)
(-0.0440452000468 -0.0510698146878 -6.82502275631e-18)
(-0.0208328842043 -0.0250055309593 4.5743241832e-18)
(-0.00482177069767 0.00215730852215 -3.45682013241e-19)
(-0.00856301221083 -0.00545658426848 -2.61957094812e-18)
(-0.0223023981402 0.0118028665786 0)
(-0.00725449428463 -0.00464733953497 -1.30852020821e-18)
(-0.010076515718 -0.00939742959017 -3.21957888232e-18)
(-0.0134663033203 -0.0187350763347 0)
(-0.00623800713321 -0.00683056703597 5.55104488732e-21)
(-0.00447426238869 0.00926566183332 0)
(-0.0154784764346 0.0153910842374 0)
(-0.00712837738641 0.00121980211919 0)
(-0.00462974206914 0.00745931449645 0)
(-0.00845923016873 -0.0050241671773 2.61957094812e-18)
(-0.0337494671905 -0.00704071080068 -3.66994418768e-18)
(-0.026509436626 0.0211577280784 0)
(-0.0110531146935 -0.00837525924959 0)
(-0.0125759783582 -0.0368630688467 0)
(-0.0436840353468 0.0231445735172 0)
(-0.0152921765174 0.00562304312203 3.09535760966e-19)
(-0.0115708967959 0.0164391010803 2.09643041901e-18)
(-0.0275708796069 -0.0104364894452 -1.89896095818e-18)
(-0.0072989241214 -0.00506125220212 1.30946613028e-18)
(-0.00686430357027 -0.00449314751291 0)
(-0.00594429836363 -0.00289084227769 1.26892721933e-18)
(-0.0126703970495 0.000686804914439 1.321773987e-18)
(-0.0294275838414 -0.0111010140992 0)
(-0.00748645553658 -0.00643213858085 0)
(-0.00624852816272 0.00208463957787 -2.10992352122e-19)
(-0.0269950301791 0.0213527271384 -4.85836228583e-18)
(-0.0252415681013 0.00923534131525 1.26479816967e-20)
(-0.00781194691552 0.00311813048751 4.56639761971e-19)
(-0.0112260490611 -0.00906407802724 3.17691175959e-18)
(-0.0252397688436 0.00862623642857 -2.3667957721e-20)
(-0.0264353882362 0.021898712705 2.11512630359e-30)
(-0.00466669742147 -0.0027431361857 0)
(-0.00767902220104 0.000678412421616 0)
(-0.00576107943705 -0.00516112442008 -4.36732160101e-20)
(-0.0244654066251 0.0134035123398 -1.74705314822e-18)
(-0.037173587857 0.0402211787165 2.67961654572e-19)
(-0.00407112878197 -0.00319409810477 0)
(-0.0248940118667 0.0231741197823 -3.9454274083e-30)
(-0.00918070365203 0.00320533386642 5.65119444527e-19)
(-0.00783778375322 -0.00155993336976 1.16576842637e-18)
(-0.0169054829251 -0.0067072814689 0)
(-0.0246461278996 0.00866866247177 -8.88234335947e-24)
(-0.0241145999142 0.0178391580374 0)
(-0.00986119863389 0.00681955688802 2.0683407059e-19)
(-0.0117457476867 -0.0105072669307 -1.69174798474e-18)
(-0.0184523768726 0.0171868344714 0)
(-0.0321935815882 0.00280610076512 1.83535090221e-23)
(-0.0120964363809 -0.000611077818888 1.40175546448e-30)
(-0.00620984991966 -0.00583911488712 0)
(-0.007484860746 0.00142986469796 0)
(-0.0107916095981 -0.00953751288705 0)
(-0.0078578919 -0.00285998904537 -2.31406074749e-18)
(-0.012449568647 -0.00124092044805 1.53197328325e-30)
(-0.0221718472976 0.0105765234282 3.45778133256e-30)
(-0.00595384447224 0.00218393359576 2.4949992973e-21)
(-0.00595660530728 0.00880120141079 0)
(-0.0177771146124 0.0157353086067 -1.9774620403e-18)
(-0.0252614380369 0.021934639008 3.94542740831e-30)
(-0.00585592629119 -0.0047396474087 0)
(-0.0314788686632 -0.00711649999273 3.66994418768e-18)
(-0.0236104925611 0.00746799275182 -6.67838199523e-31)
(-0.0254481308204 0.00860403069859 0)
(-0.0265391146991 0.00275346196807 1.72595019402e-18)
(-0.00956995197955 0.00555494577977 -3.60242405466e-20)
(-0.00616138482261 -0.00452556991111 2.7050080286e-18)
(-0.00655520057976 -0.00471164574525 -2.64047933309e-18)
(-0.00377614014022 0.00539734912299 -1.84690910699e-19)
(-0.042598825257 0.00209522499277 -3.68388722253e-18)
(-0.00738388849814 0.00376253288202 0)
(-0.0172924522256 0.0163357397059 -1.94309572468e-30)
(-0.025662281866 0.0217639915755 1.89743063808e-30)
(-0.0123252416479 0.0166489848101 -2.09643041897e-18)
(-0.00606404159571 0.00204154980202 0)
(-0.0124729886882 -0.000805789707323 -1.53197328325e-30)
(-0.0136834504118 0.0163593941972 -2.18146581789e-18)
(-0.00974700789214 0.00488527611553 0)
(-0.0072794540769 0.00128657534324 0)
(-0.0341355677959 -0.00926041429265 4.08084387024e-18)
(-0.0229590048373 0.0226913281374 -4.21356591842e-18)
(-0.00984509248622 0.00527085730605 0)
(-0.0114363694182 -0.00024434215916 0)
(-0.0192287083459 -0.00321061809625 -8.61268699101e-30)
(-0.00726597239656 0.0125237907187 2.33565425233e-30)
(-0.00891634957566 0.00434181463616 0)
(-0.0159962896689 0.0168199609948 0)
(-0.0235030869535 0.0216413683779 -1.82031288416e-30)
(-0.0227136221155 -0.0156591101078 2.03943228804e-18)
(-0.00713400009943 -0.00677400222802 -2.96640014904e-18)
(-0.0228975797611 0.00290715674019 -5.71025016645e-19)
(-0.00802667464175 -0.00491502787964 0)
(-0.0162234442126 0.015498206585 -8.70241881913e-31)
(-0.0164766639229 0.030607885949 0)
(-0.00906691668521 0.00376196211813 1.14603151953e-23)
(-0.0352498728386 0.00584541081478 -3.22730762661e-22)
(-0.0221645810461 -0.00272029630378 8.87078553621e-30)
(-0.00951246245165 0.00325247225281 0)
(-0.0253890490044 0.00922160294729 3.32730269576e-19)
(-0.0216149827891 0.0195069629188 0)
(-0.0191191527781 0.0125770346198 0)
(-0.0207062394058 0.00418068852323 1.66074354243e-18)
(-0.0255861451893 0.00902745687208 0)
(-0.00710003314375 0.00362284701247 0)
(-0.01423762723 0.0158090180742 0)
(-0.0202050945787 0.0132215681953 0)
(-0.00768332959916 0.000982278076207 0)
(-0.00731039471067 0.0117583864486 0)
(-0.0165068108254 0.0162447557145 0)
(-0.0310878603874 -0.0161528270744 -4.67621546949e-18)
(-0.0180429745859 -0.0137266487527 3.8366742724e-18)
(-0.0253726472729 -0.0164338976773 -2.17215564162e-18)
(-0.0259329521402 0.00921673456688 8.28096039523e-21)
(-0.00772727994019 -0.00520826204548 0)
(-0.022997088044 0.0109345026875 -2.93957577741e-18)
(-0.0262907644084 -0.0112444871612 1.89894789601e-18)
(-0.0149738845145 0.0159542080573 0)
(-0.0243145714977 -0.0152663348561 4.32768678691e-18)
(-0.0224942297908 0.0195672808424 0)
(-0.0108906572003 -0.0103128025859 1.69280210699e-18)
(-0.00496840588839 0.0110292505518 0)
(-0.0129267316633 0.0161665602029 -3.03056240613e-29)
(-0.0120836316822 -0.00142410231333 0)
(-0.0164182612884 0.0142200220301 0)
(-0.0568000456095 -0.00938929198825 -2.5236116761e-18)
(-0.00374464850483 0.0062491197281 1.37051535e-31)
(-0.00930742697841 0.00217139605209 2.93726305843e-21)
(-0.0167177767667 0.0117923257929 0)
(-0.00804463911355 0.000760981768821 0)
(-0.025861993489 0.0210203403991 4.07121605264e-18)
(-0.029182157169 -0.0172039813725 0)
(-0.00884369395022 0.00400258102191 -1.1460337078e-23)
(-0.00562159706226 -0.00248419544433 2.42799446259e-18)
(-0.0353620101949 0.00729914255458 -9.06882323595e-23)
(-0.0251475446463 0.00871838486812 -6.06993156371e-23)
(-0.00881197515655 0.0146776699356 0)
(-0.00405454299721 0.00606407289218 -1.37051535e-31)
(-0.00338396578092 0.00556937254189 -2.644777813e-19)
(-0.0258419341004 0.00777208047538 0)
(-0.0100823423509 0.00608019192176 2.93077361055e-32)
(-0.00793094196027 0.0115153648685 0)
(-0.0241567029853 0.0119943354962 -1.37479751359e-18)
(-0.00779253350669 -0.0056475376918 0)
(-0.0302173358811 0.0160552744509 -1.57617452776e-18)
(-0.0227237350219 -0.00214350102049 2.32739411101e-18)
(-0.0237882506599 0.0187482030488 0)
(-0.0188608798327 0.0179547689033 1.23502267646e-30)
(-0.0152344014316 0.0167076209126 0)
(-0.00873450320696 -0.00470244371267 0)
(-0.0180389679111 -0.0159180465182 -2.18896291767e-18)
(-0.0348774418435 0.00874214085299 1.35167921685e-18)
(-0.0170955572141 0.0177142990893 0)
(-0.0166977626525 0.0149288431788 8.70241881913e-31)
(-0.0274744533537 -0.0155858216803 -1.70484104757e-20)
(-0.0129678769106 0.00575941241613 0)
(-0.0378958096804 0.00334008099933 -3.29685304808e-18)
(-0.0217637177062 -0.0144474198688 -4.1159668112e-18)
(-0.0202615683083 -0.0147530411916 3.97472560261e-18)
(-0.00381114593556 0.00243084437507 0)
(-0.00310138463097 0.00364239661982 0)
(-0.0263852602093 0.0209995453913 -4.07121605263e-18)
(-0.0094224536364 -0.00442960529976 9.02476778534e-30)
(-0.00917046933854 -0.00118656503461 0)
(-0.0157753278259 -0.030750158914 -2.86028080494e-18)
(-0.0461237008391 -0.0140961586905 0)
(-0.00965267040401 0.00596589732115 3.60242405466e-20)
(-0.0255161353048 0.00832510329925 -2.49576070988e-19)
(-0.0169135224681 0.00952810245202 -3.76176956717e-30)
(-0.022794851484 0.00787053670324 4.58146819948e-20)
(-0.00722457354323 -0.00148097505827 0)
(-0.0119203821711 0.0251775469621 0)
(-0.0200330886705 0.0041463025607 -8.4841598861e-19)
(-0.0052064799941 0.010534346651 -8.75907633663e-31)
(-0.00924312919027 -0.000953630013073 -2.52591180097e-18)
(-0.0236600829127 0.0172692233365 0)
(-0.0101812609312 0.00651726333239 1.14859504867e-31)
(-0.0379827884971 0.00728459521085 3.17277045394e-18)
(-0.015693888221 0.0141252185125 0)
(-0.00934055103407 -0.00141614198635 -9.07003077818e-19)
(-0.0245444523542 0.00573370386942 1.74507429306e-30)
(-0.0114969391242 -0.0128972198264 -1.93755689169e-18)
(-0.00655337704007 -0.00513675214703 0)
(-0.005103559693 -0.00468494774228 0)
(-0.0262261766979 0.023499464158 -4.39828807138e-30)
(-0.0132434874213 -0.000786036676764 1.61935380288e-18)
(-0.016582116817 0.0129850152574 0)
(-0.00711889059483 -0.00724909543087 -2.2539672863e-20)
(-0.00960558441984 0.00217327057947 3.90087997238e-19)
(-0.0103913510425 -0.00828163641072 0)
(-0.0268076563469 0.0210668888507 3.65259890813e-18)
(-0.0168605279343 0.0136598606045 0)
(-0.00941845087509 -0.0130537022835 3.05992606961e-18)
(-0.029285219757 -0.0129586609411 0)
(-0.0248388585643 0.0090804622587 -6.63963504254e-19)
(-0.00640520771532 0.00189397449074 -2.5647233405e-19)
(-0.00354311056286 0.00735321744313 0)
(-0.0518778774007 0.0162302882761 2.72242759382e-19)
(-0.00850033367086 -0.00997701041669 0)
(-0.025474454638 0.0080876385289 2.49576070988e-19)
(-0.00907810807284 0.0114998633366 0)
(-0.00923826680529 -0.0016832339756 3.62791213815e-21)
(-0.0185713782877 0.0157995933447 2.20294643898e-18)
(-0.0106311951424 0.00435604698706 -4.14892319093e-19)
(-0.0626014511555 -0.00391104206385 -2.65742931254e-18)
(-0.0263362104308 0.00954019977714 0)
(-0.0119260753023 -0.0113592906075 -3.49710581365e-18)
(-0.0153333068916 -0.00710134690435 2.91509773342e-18)
(-0.0108391986718 -0.000264230843656 0)
(-0.0266171723596 0.0229877491587 -2.11512630359e-30)
(-0.041877283466 0.00426738636766 9.22054879735e-21)
(-0.0083269374759 0.00704454293129 0)
(-0.0171972742834 0.0101100914997 -7.18433971154e-19)
(-0.0190158143173 0.0151655522551 0)
(-0.0197771131947 -0.0161654202577 -1.60092582901e-20)
(-0.00365795788537 0.00272514481967 5.67482956638e-20)
(-0.00794495228928 -0.00450785801314 2.52749198189e-18)
(-0.054888176699 -0.00358729101378 0)
(-0.0263640150404 0.00642430597394 -1.01792420795e-30)
(-0.0106622654657 -0.0135014931944 5.78814500368e-20)
(-0.00745817584898 -0.0059510650792 0)
(-0.00900451348856 -0.00960329833299 0)
(-0.0347482886822 0.00290247875785 8.33816488792e-23)
(-0.0173895122821 -0.016764823836 4.59429518234e-18)
(-0.00833161052229 -0.00625914478736 2.75203065807e-18)
(-0.0188394348778 0.0074214099464 0)
(-0.0114369690417 -0.00789235876458 0)
(-0.00410522865887 0.0024144268303 1.28965686775e-19)
(-0.00917197343436 -0.00477366511416 -9.02476778533e-30)
(-0.0290795573154 0.00764649436407 1.3559737273e-18)
(-0.013991762218 0.0049288250692 0)
(-0.0286851411905 0.0195225938712 -2.14331021978e-19)
(-0.00621818339556 -0.0053676891323 0)
(-0.0162833024978 0.0176155210692 0)
(-0.0269299181271 0.00600065912983 1.01792420795e-30)
(-0.0240550447733 0.0233466811776 4.21356591843e-18)
(-0.0300123503838 0.00739138326084 0)
(-0.0269340101642 0.00526405445043 0)
(-0.0102281032828 0.000588556589506 1.23604898628e-18)
(-0.00934645872592 -0.00857068954731 0)
(-0.0295933591263 0.0187177051741 1.87153492038e-19)
(-0.00621116884611 -0.00412860545588 -1.37157844609e-18)
(-0.0212018008747 0.0219757513558 1.67209144901e-30)
(-0.0237066311917 0.0102754167701 -9.07240074678e-20)
(-0.0256567116537 0.00918592918199 6.63989936637e-19)
(-0.0264198418981 0.0203490122827 0)
(-0.0117308675363 -4.59336647507e-05 1.47268091235e-18)
(-0.0175777275447 -0.0147356394646 4.09802939292e-18)
(-0.034156112128 0.00982125352378 -1.36312559619e-18)
(-0.00581113845538 0.00648171046538 0)
(-0.0255527467789 0.00989221108792 0)
(-0.00500704099361 0.00461211864712 8.44796193131e-20)
(-0.00850927257545 0.0118460980043 0)
(-0.0670883559665 0.00845203694387 -2.63360901774e-18)
(-0.0238244893912 0.00891999721389 -8.33471016759e-21)
(-0.030659022205 -0.010076338453 0)
(-0.0105527876699 -0.000114572178496 -6.42662226055e-31)
(-0.0264459905244 0.00885516411866 -3.65925429944e-19)
(-0.0194775133399 -0.0136106099758 -5.8822709754e-18)
(-0.0117462911388 -0.003135189591 0)
(-0.00999538176638 0.00459867999679 -3.28378366484e-19)
(-0.0258524444824 0.00869889616833 0)
(-0.0113933399896 -0.00135585695593 -1.73757398224e-18)
(-0.0191660416132 0.00794560917017 2.09638143122e-31)
(-0.00895633614579 -0.00896342518523 0)
(-0.00546786116487 0.00215648717009 -1.41389612655e-19)
(-0.0304280921772 0.0177898317905 2.89836459098e-18)
(-0.0138684569132 0.0125631095366 0)
(-0.0262343229285 0.00491760883657 -1.36674872903e-18)
(-0.00867926431445 0.0140220005256 3.34183304923e-31)
(-0.0263228724279 0.00701984717375 8.95073507972e-19)
(-0.0198015992361 -0.00277261781826 0)
(-0.00860453239439 -0.00726959117526 1.49595630504e-18)
(-0.0260431165394 0.00907331148682 3.65925429944e-19)
(-0.0329455665721 -0.010501138271 0)
(-0.00540845714993 0.00943410592273 0)
(-0.0114313100524 -0.000612744053872 3.20759091341e-18)
(-0.0281329343699 0.00230299997443 1.97594758279e-18)
(-0.00688980997483 0.0106799025542 9.68347219535e-19)
(-0.0178419206118 0.0101378891837 7.18433971155e-19)
(-0.0136925343513 0.00625820986419 -5.27536198577e-31)
(-0.0329744328021 -0.012784853993 0)
(-0.0356443903076 0.00435520278376 0)
(-0.0111237993982 -0.000779348343202 -3.20103589803e-18)
(-0.025373661448 0.00973468359808 -2.07699961726e-20)
(-0.0200794902389 0.00632771170004 0)
(-0.00637351560553 0.00227807403925 -4.17407307014e-20)
(-0.0210073463797 0.00354251266526 1.07896594053e-18)
(-0.0176310686423 0.0171052466316 0)
(-0.00995771128264 0.000674512153671 -6.24204494397e-19)
(-0.0271467243965 0.00191108419387 2.01829845306e-18)
(-0.0780829961091 0.00758081618892 -2.84914148804e-18)
(-0.010540732113 0.000191089069298 1.35450291265e-18)
(-0.0286303721552 0.000463663924696 0)
(-0.00534152437707 0.00448424059319 2.54675727591e-20)
(-0.0197574466105 0.00582839154983 0)
(-0.0067184739306 0.00205910273881 0)
(-0.00704907429242 0.00966560430808 2.98726311166e-30)
(-0.0290235172973 0.0043996782644 2.02875042187e-20)
(-0.0275368512198 0.00389267600584 0)
(-0.0131699478132 0.00621067409819 6.58077288434e-32)
(-0.0101594629315 0.0113832740294 0)
(-0.0262644152956 0.00814144621209 0)
(-0.0387626707015 0.00545176220161 0)
(-0.0258907144994 0.00606757781222 0)
(-0.0113189882459 -0.00322887434988 0)
(-0.00749820499578 0.00990986726094 8.82913095517e-19)
(-0.013615055065 -0.000538945590538 -1.61935380288e-18)
(-0.0108272938259 -0.000595870852466 1.59898499899e-18)
(-0.0137508067056 0.00450687205329 0)
(-0.00884414985253 0.000665330177702 0)
(-0.040481001823 -0.000365632918177 0)
(-0.0172634390287 0.00900328067411 4.49438683607e-19)
(-0.0808412306022 -0.000303284495089 2.88005726805e-18)
(-0.019140279316 0.00580387917135 0)
(-0.0135888504595 -5.72925699584e-05 0)
(-0.0132314472472 0.00534427386834 -3.20029170059e-19)
(-0.0188371132971 0.00636455952438 0)
(-0.0313441748382 -0.0139345131538 0)
(-0.00645998194274 0.00689518810663 0)
(-0.0169967485554 0.0124350537575 0)
(-0.0177805312693 0.0112890421118 0)
(-0.00794980509568 0.0136572920738 1.38030606323e-18)
(-0.020673492903 0.0030217126785 -1.07896594052e-18)
(-0.0376268338237 0.00932080919836 -3.17282291174e-18)
(-0.025857770016 0.00735384141474 0)
(-0.0357041660045 -0.0134660891059 0)
(-0.0480851682695 0.0490419515562 -2.6489986471e-19)
(-0.0334007077404 -0.017532487098 4.67621546949e-18)
(-0.0178855513499 0.00902580541573 -4.49438683604e-19)
(-0.0141471495663 -0.00666713556736 2.78639590164e-18)
(-0.0276045567797 0.00470889171116 0)
(-0.0102630716016 0.000308324409573 -2.71147900813e-18)
(-0.00793986767513 0.000380898872048 -4.89695820953e-19)
(-0.034845950563 -0.0266623166493 -8.67267008501e-18)
(-0.013167752093 -0.00736266140883 2.94120120815e-18)
(-0.0082550698758 -0.00579238199593 -2.75203065806e-18)
(-0.00926861749223 -0.00797351322602 0)
(-0.0107379590959 0.000690061341211 1.23054482872e-18)
(-0.00894841449921 0.0014733377636 -8.96043801844e-19)
(-0.0181945176786 0.00959403784731 0)
(-0.0183126167788 0.0186380461577 -2.75162190363e-18)
(-0.0100869077104 -0.00409436684893 0)
(-0.0903510177665 -0.00487620576515 0)
(-0.00599847143054 -0.00223593798122 0)
(-0.0261093870898 0.00844364447701 0)
(-0.00762492635722 0.0035906623047 -3.23396554792e-19)
(-0.00861637970707 -0.00430622889492 0)
(-0.0182359237805 0.00740844959877 0)
(-0.0161792855822 0.0105864027962 -8.39532028876e-19)
(-0.0188280590302 0.00959860180544 0)
(-0.0186661948778 0.0144609029045 1.77039410577e-18)
(-0.0294544658167 0.0119078227971 0)
(-0.00908693399863 0.00290859216293 -8.58750654262e-19)
(-0.00898258436873 0.00344353747365 0)
(-0.0265958665564 0.0066875787882 1.04894417581e-18)
(-0.00931313610583 0.00126422038161 0)
(-0.0137423518168 0.00537099844074 0)
(-0.0151111545847 0.00263560020763 -9.08160038392e-19)
(-0.00932134354116 0.0016912017655 4.73183212626e-19)
(-0.0219959164976 0.0129683038534 2.64241481649e-18)
(-0.0109651350364 0.000903519907644 -5.2691637413e-31)
(-0.0299552721072 0.00766172892093 0)
(-0.0179137528023 0.00794675321798 0)
(-0.0119839055346 0.00056110459767 0)
(-0.0251250195578 -0.00343018631359 0)
(-0.0100384218604 0.00301711472136 -6.30653141248e-19)
(-0.0131452987479 0.000106709680698 -1.46858829351e-18)
(-0.020815544109 0.0010949151222 8.30524405257e-21)
(-0.0107799613472 0.000374294906333 0)
(-0.0216249634167 -0.00423636300356 0)
(-0.0139700629737 0.00406158761973 2.78349937122e-20)
(-0.0117355598185 -0.00119805406331 1.73757398225e-18)
(-0.0209470533936 0.0023409259124 -1.33714643409e-18)
(-0.0137158677156 0.00366554843349 -6.26910872398e-19)
(-0.00973401498949 0.00192025015569 -4.5258056621e-19)
(-0.00494920872433 0.00954676721867 0)
(-0.00684474553971 -0.00410344520746 -1.28178012252e-18)
(-0.0181497301411 0.0107362613861 0)
(-0.0097040353354 0.00144097896186 1.02407737804e-18)
(-0.0125350205764 0.017495630676 1.70862345368e-29)
(-0.0267206653959 0.00351846149688 -2.79236517322e-30)
(-0.0116940796222 0.00408955067052 4.52731663733e-19)
(-0.0125494233647 -0.013372350972 1.89307119233e-18)
(-0.0297984162524 0.00905608565957 0)
(-0.0079247370389 0.0129463115867 -1.38030606323e-18)
(-0.0100443342376 0.00190561310901 8.75604362323e-19)
(-0.0131014657796 -0.0100144777173 0)
(-0.011877731333 0.00446753975651 -3.04470099644e-20)
(-0.00922284245956 0.00146204648976 -4.7723826175e-19)
(-0.0190800251375 -0.0114389057624 3.65298752467e-18)
(-0.0249385409541 0.00742754905646 0)
(-0.00973168294784 0.00244214574955 3.72242297071e-19)
(-0.00471950792367 0.00616398611581 0)
(-0.0253520789152 0.00703523817257 -7.00098807003e-19)
(-0.00847721913778 0.0105962930116 -4.31851174684e-31)
(-0.00964573836202 0.0117746594663 0)
(-0.0186258689073 -0.00955154820372 -3.31063271127e-18)
(-0.0100695239717 0.0107733427668 -4.03611073142e-31)
(-0.0099967597573 -0.00872022355206 3.18604539842e-18)
(-0.0103963444867 0.00466805338718 0)
(-0.0282800351897 0.00316934527251 -1.97594758279e-18)
(-0.0101555063676 0.00163317368745 0)
(-0.0250594699136 0.00779385270983 1.79758554009e-31)
(-0.00769601081989 0.00136987701598 0)
(-0.00552494580159 0.00245555353336 1.68830881903e-21)
(-0.010893355594 0.00122706693669 1.10135728095e-18)
(-0.0188358819749 0.00849478215424 -2.09638143122e-31)
(-0.0256464079025 0.00862154426122 0)
(-0.00791230479419 0.00686742165077 2.20240956209e-19)
(-0.0197071670399 0.0180248213627 0)
(-0.00717770471514 0.00689722487071 -1.46705463383e-31)
(-0.008494923004 0.00206501243051 1.12873383188e-20)
(-0.00684496867013 0.00710860049393 1.46705463383e-31)
(-0.0102420487679 -0.00767361545819 0)
(-0.00640367737844 0.00817965861877 1.04993590437e-30)
(-0.0128875948927 -0.0115658812606 3.50607278125e-18)
(-0.00776771032467 0.00111255866958 -4.39177916402e-19)
(-0.00740706937907 0.0105436122494 -8.82913095518e-19)
(-0.0288851936877 0.00136498285029 0)
(-0.00553028591664 0.00349909182824 0)
(-0.0251811007211 0.00883236179345 0)
(-0.0257087782413 0.00875876971174 0)
(-0.00887600977345 0.000764276478974 0)
(-0.0197643985905 0.00794941969238 2.08211929898e-19)
(-0.0191677591077 0.00904487981969 0)
(-0.0110978999693 0.00371005515473 1.04721369448e-18)
(-0.00793933577262 0.0108340677557 4.31851174684e-31)
(-0.0128240394724 -0.000587872470664 0)
(-0.0266332293309 0.0098535935815 0)
(-0.0105654301771 0.00129413840359 -1.10135728095e-18)
(-0.0131818664345 -0.00862321838837 0)
(-0.00562650585137 0.0047000993476 -8.31293736918e-20)
(-0.00796413972074 0.00973250431361 7.28491184324e-19)
(-0.0112658277974 0.00406501629704 -5.10157874144e-19)
(-0.00487236719864 -0.00691138314287 2.71593563157e-18)
(-0.0269243203441 -0.0563953115012 -7.50979160978e-18)
(-0.0122524393297 -0.00992257928231 0)
(-0.01471470737 0.000893809915304 -1.24794610641e-30)
(-0.0263085497931 0.0101927099467 -5.56663917381e-19)
(-0.00923289306825 0.013522521684 -3.34183304923e-31)
(-0.0201872811111 0.0173057703426 0)
(-0.0110861933584 -0.00113710521314 1.72399599244e-18)
(-0.0178502204931 -0.00406492627824 2.48239336799e-20)
(-0.0182231459324 0.00848699718997 0)
(-0.0247158060636 0.00814944850783 -1.79758554009e-31)
(-0.013227866265 0.00368466297567 0)
(-0.0258405383927 0.00855478945669 6.186923701e-22)
(-0.0121253968735 -0.00793272672011 0)
(-0.0111124993814 -8.94838457633e-05 0)
(-0.00810008183843 0.00224136921766 2.85276689172e-19)
(-0.0150524977955 -0.00232816407847 1.97286512668e-18)
(-0.00920589944496 0.00190998173467 -6.78183095781e-21)
(-0.011006855073 0.00180007823491 -1.40440183807e-20)
(-0.012810595984 -0.000144684616011 2.93927485411e-18)
(-0.016584543808 -0.00135796734046 1.81447542043e-18)
(-0.0321893891782 0.00164616770483 0)
(-0.00926052249257 0.00267644221605 0)
(-0.00706677395444 0.00256875915352 0)
(-0.0267403939546 0.00886694035592 0)
(-0.00331473651274 0.0308036481536 3.50475929603e-18)
(-0.0250989612299 0.0079981774225 8.13324406095e-21)
(-0.00846474800341 0.00997594479664 0)
(-0.01259806114 0.00110409191826 1.13914723242e-30)
(-0.00612986727085 0.00710520273335 0)
(-0.00456420143673 0.0120694714853 -1.17019093199e-18)
(-0.00679978148706 0.00754125598111 -8.1783891094e-31)
(-0.0197592100026 0.00688863188157 -1.28041087563e-19)
(-0.0481496661212 0.0227732133233 -1.14358689499e-20)
(-0.0448186668444 0.0195380310782 1.22417357875e-20)
(-0.00927949489546 0.00835698245409 0)
(-0.0248702835939 0.0142198476968 0)
(-0.00467942117797 -0.00850742780405 0)
(-0.0220290078259 0.0227688274425 0)
(-0.0174574212507 0.0185435958213 2.75162190363e-18)
(-0.0171085601542 0.0112526934403 0)
(-0.0111087845005 0.00147054677948 0)
(-0.00781299216444 0.00526473526013 -7.39134144633e-21)
(-0.0125141729479 0.00994368402203 0)
(-0.010059501964 0.0024457510702 -1.50612397174e-18)
(-0.0159498942855 -0.000530414907379 0)
(-0.00541399203919 0.00412513151121 0)
(-0.00862608856718 0.00636401529575 -4.38162969005e-20)
(-0.00894004419857 0.00972570290493 -7.66308956047e-19)
(-0.00999035406944 0.00140266637397 0)
(-0.042601070148 0.00724223565568 8.82574282978e-20)
(-0.0150490359362 -0.00586502510148 0)
(-0.0191579189062 0.00687032597159 1.28041087563e-19)
(-0.0229175100822 0.0186877612754 -2.953666758e-18)
(-0.00588085153609 0.00529073315879 -3.42327028712e-32)
(-0.00625076988328 -0.00938696218086 0)
(-0.0102050693039 0.00273207640316 1.46969315616e-18)
(-0.0128412922884 -0.001473150242 0)
(-0.0104732816792 0.00159281426377 0)
(-0.0245763139807 -0.0135537671725 2.02397282778e-18)
(-0.0234236004094 -0.0125059617998 -3.70159824368e-21)
(-0.0110787765622 0.00240600537164 -1.63834829992e-18)
(-0.0088620613338 0.00163024172274 -3.91598819424e-19)
(-0.00610772344116 0.0032601917361 1.812105936e-19)
(-0.00473077676631 0.00437205430119 0)
(-0.088184148581 -0.0164405005088 -6.3661681326e-18)
(-0.0289108754621 -0.00162153546413 -2.64211332986e-18)
(-0.00897166452604 -0.00173818207187 -3.08890247024e-20)
(-0.0191622646735 0.0101794657525 7.24396907966e-19)
(-0.00786950673804 0.000678210726102 4.91818636583e-19)
(-0.00571791463971 0.00401868089086 0)
(-0.0242827563408 0.0216538465504 1.76021057264e-30)
(-0.0180875176957 0.01191839059 0)
(-0.0115632921775 0.00685008491447 0)
(-0.0079095830676 0.00644035280614 -3.96202253447e-19)
(0.00523152643674 0.0101360030936 -1.13117501595e-18)
(-0.00962155526735 0.00356750900754 4.95995115611e-19)
(-0.0101745046954 0.00332827455009 5.86333116608e-19)
(-0.00998037609194 0.00361471089975 -4.95983691131e-19)
(-0.0210209747266 0.0046935245134 -8.12327553818e-19)
(-0.00645939743159 0.00773611755798 8.17838910939e-31)
(-0.0135606847611 -0.00798412998994 -2.94120120815e-18)
(-0.00672365314249 0.0113982478329 0)
(-0.0155288798936 -0.00205190810581 -1.97286512668e-18)
(-0.00834731273138 0.00226288964629 6.36808572014e-19)
(-0.025138724654 0.0102442434524 9.60749895651e-19)
(-0.00969518269837 0.00299213605345 6.3079181774e-19)
(-0.00955848679118 0.00123085149708 -1.02407737804e-18)
(-0.00945690419463 0.00994975169867 7.66308956047e-19)
(-0.0174570006665 0.0150067867428 1.97746204031e-18)
(-0.0248016154171 0.00841025867019 -3.46200140497e-19)
(-0.0364039324945 -0.0014513115045 3.36080645946e-18)
(-0.0197444628903 0.00475129774237 -1.36312665656e-30)
(-0.00335577395865 0.00270623417139 -5.87589711448e-20)
(-0.0117669405721 -0.000802205883513 -1.60554001437e-18)
(-0.0112105518997 0.00207250071578 -9.53140018773e-19)
(-0.00941269557079 0.00383030856401 3.86579768522e-19)
(-0.0240778877657 0.000929898566938 0)
(-0.00746460215105 0.00510576456971 0)
(-0.0149988553954 -0.00121507875212 0)
(-0.00650566206483 0.00649130602126 0)
(-0.00865887863915 0.00679799814142 1.71415017745e-19)
(-0.0144867595867 0.00404609792041 5.99075878684e-19)
(-0.00555960591806 0.00506683300591 5.76618009328e-20)
(-0.0112703967076 0.00270689563137 8.10112263107e-19)
(-0.0114689535043 0.00139994725411 0)
(-0.0096038196404 0.00167761224343 4.51484209339e-19)
(-0.00886027045822 0.000501956784971 6.74250503716e-19)
(-0.0112077495869 -0.0072834779955 0)
(-0.0125530096351 0.00410108231441 -2.799325832e-20)
(-0.0125332363128 0.00489381935305 0)
(-0.00915742600057 0.00240133143851 -2.94582669566e-21)
(-0.00593947157689 0.00455662224581 0)
(-0.00790111784346 0.00239573497129 3.78405088444e-19)
(-0.0149918856799 -0.00292557722834 0)
(-0.0106980515989 0.0036855583449 2.5061212949e-20)
(-0.0155395113078 -0.00144877883461 8.60056456807e-31)
(-0.00919828453934 0.00106895307972 -3.62737116583e-20)
(-0.00563626760741 0.0102715603328 8.75907633663e-31)
(-0.00888334233429 0.00570037349522 2.90131468625e-20)
(-0.011898574981 0.00372466371649 5.89085886017e-19)
(-0.00576508521621 0.0068729512336 -1.68912016147e-31)
(-0.00893522245409 0.00610954497252 4.16029366723e-20)
(-0.0145391329482 -0.00204821501152 0)
(-0.0147540356236 0.00446603800137 -8.53554906775e-31)
(-0.0243303554883 0.00795829521408 -1.42157079013e-19)
(-0.0152493100698 -0.00519311540348 0)
(-0.00764260953769 0.00231352521855 -8.17795454818e-19)
(-0.0293163249211 -0.000701771270596 5.290148907e-18)
(-0.0130245421158 0.00410384978423 -3.05594849108e-20)
(-0.0095268735545 0.0105435820736 4.20788471802e-31)
(-0.00795657602565 0.00265836100614 5.46567440075e-19)
(-0.0145179909482 0.00493604474078 8.53554906775e-31)
(-0.0115507235372 0.0010440752745 0)
(-0.0122845230864 0.00528386253029 2.12571912386e-19)
(-0.0146919588737 0.00357146583616 -1.49920710005e-18)
(-0.026660963571 0.00794857771331 0)
(-0.0112888416641 0.00337192340509 2.2958754587e-20)
(-0.0123341983337 0.00449248181595 -4.22284653768e-19)
(-0.00605230826093 -0.0026837414759 -2.43276044352e-18)
(-0.0115510212937 0.0055993271859 1.15769307797e-19)
(-0.00707959045249 0.00280452393202 0)
(-0.014405691198 -0.00602317090329 1.23985718604e-30)
(-0.0107242851276 0.00304154449775 7.05488677927e-19)
(-0.0117032087088 0.000331091513512 -1.2788122771e-30)
(-0.0130173968092 0.004919518643 3.20029170059e-19)
(-0.00620101014289 0.0051158053114 3.42327028712e-32)
(-0.00436159685348 0.00446625703756 7.40997616076e-20)
(-0.0261227085975 0.00420602726884 1.36674872903e-18)
(-0.0130676519959 0.00710209275249 -2.902277979e-31)
(-0.0139711645315 0.00581888282117 -2.04146262469e-19)
(-0.0107107126335 0.00242625716624 1.67299823679e-18)
(-0.00752118876004 0.00626253098336 3.09672403837e-19)
(-0.0105394924883 0.0104051100058 7.92183768135e-19)
(-0.00926329527038 -0.00404768191662 -1.06729370758e-30)
(-0.00682863078094 0.00628269399741 0)
(-0.0123676641828 0.00655488203456 -4.48269322966e-20)
(-0.0090186419597 0.0108652355103 -4.20788471802e-31)
(-0.012471222275 0.00571175624783 -2.12571912386e-19)
(-0.00988352368312 0.00423788724088 3.28378366484e-19)
(-0.00991256786285 0.00963404733569 -6.64374902271e-20)
(-0.0139037769763 0.00321732623096 7.87025674795e-19)
(-0.01253672383 0.020256190163 0)
(-0.0185866364357 -0.00443734261323 -2.44007061133e-18)
(-0.0101048227761 0.0039506626187 4.43436442213e-19)
(-0.00757882282491 0.0070940052599 2.60796771508e-31)
(-0.0121929181285 0.00610016478483 3.09931806676e-20)
(-0.00650320928621 0.00569157863747 0)
(-0.00583434494709 0.00566641356336 0)
(-0.00637686774108 0.00317292062307 0)
(-0.00978389951159 -0.0121198545881 -3.47049193041e-18)
(-0.0233797767733 0.064048421303 1.79637614958e-18)
(-0.0297303606582 0.0138440041374 -1.16778471178e-18)
(-0.0103270032772 0.0126800218285 -1.26023328517e-18)
(-0.00618154295149 0.00589086638981 0)
(-0.0200929735218 0.00739553207804 -2.38778489362e-20)
(-0.0130957381964 0.0100738698609 -3.17246897483e-31)
(-0.012059667698 0.00694163502129 1.54986321158e-19)
(-0.0134813736136 -0.00675884149305 -2.78639590164e-18)
(-0.00822425278893 0.00620682005657 -4.21202814971e-20)
(-0.00574137057459 0.00771463617308 0)
(-0.0105460155414 0.00335302875198 -1.14845014989e-18)
(-0.00577901758256 0.00367833966052 0)
(-0.0105371805904 0.00214714077848 -1.70561930657e-18)
(-0.0168277083064 0.0106408209362 8.39532028876e-19)
(-0.01073258499 0.0116087395915 1.14243144221e-18)
(-0.0238093287933 -0.00719009643831 3.09033365666e-18)
(-0.00951038810053 0.00416891520269 -3.86561830986e-19)
(-0.0120985969231 0.0103610798948 8.79766588244e-19)
(-0.0123412747645 0.00372638674971 -2.76527795726e-20)
(-0.00845479207716 0.00518181996234 4.81304346339e-20)
(-0.00599203525 0.00420887586978 0)
(-0.0377587497806 -0.00368047316309 -3.76722190261e-18)
(-0.00872626218014 0.00494262549937 3.27156843931e-19)
(-0.00988441125576 -0.00372912882928 -1.02739819836e-30)
(-0.0274786706409 0.0187912195112 0)
(-0.013491287984 0.00963372357082 3.17246897483e-31)
(-0.0140839778633 0.00973693372771 2.21311178609e-30)
(-0.00927539191919 0.00443236783385 2.50297293168e-19)
(-0.0280281121486 0.0171574607514 -2.8147241263e-18)
(-0.0142107147358 0.00102002481191 0)
(-0.00720238432891 0.00647955486348 0)
(-0.0237205503485 0.00655267738353 7.50586905451e-31)
(-0.0127453413176 0.00751374347702 2.902277979e-31)
(-0.0115312249512 0.0102018360816 0)
(-0.015062306117 0.00123598279068 -1.27370789871e-18)
(-0.0155107670137 0.00783820375459 -2.09130779886e-19)
(-0.0105612054587 0.0027350291499 -1.43103074584e-18)
(-0.0101980227056 0.00216477569218 -1.47472557295e-20)
(-0.0104376407782 0.00982783075152 -6.85289253305e-20)
(-0.0144103637489 0.00317664473392 -2.5137202841e-20)
(-0.00909939452305 0.00505615990559 -2.58530657546e-19)
(-0.0155683483715 0.00683661666804 -7.07431387786e-20)
(-0.012877038669 0.00662381302608 1.38337516289e-20)
(-0.0159879687865 -0.00113360906142 0)
(-0.0200100160263 -0.00717875802519 0)
(-0.0201132170545 0.00847531789017 -2.08211929898e-19)
(-0.0106581035545 0.00184345662387 9.67184037154e-19)
(-0.0161019371286 -0.00232832354963 0)
(-0.0144606801869 0.00927365210038 -2.21311178608e-30)
(-0.00935996483458 0.00479403043489 -2.50297293168e-19)
(-0.0110920813968 0.0105970716537 0)
(-0.00614661543147 0.00627443097259 0)
(-0.0442782006102 0.00478157496802 -1.64665941472e-18)
(-0.011702451522 0.00337341309207 6.39416892279e-19)
(-0.0108658835117 0.0094692645147 -6.04194594747e-19)
(-0.0111089552694 0.00304353286794 -6.62375646866e-19)
(-0.00683910741479 0.00318563462447 -2.13712670339e-20)
(-0.0369266328012 -0.00922565076324 2.63394455704e-20)
(-0.00685385681754 0.00589202154483 0)
(-0.0104913729403 0.00399778159175 -2.85441231205e-20)
(-0.0134337038971 -0.0108243349186 0)
(-0.0122426574497 0.0109572815521 -1.83492994078e-18)
(-0.0151774280754 0.00832151127772 0)
(-0.0117098436466 0.0060305119568 -1.15769307797e-19)
(-0.0093510158582 0.00624546218008 -1.84450394451e-19)
(-0.01120716088 0.0111977941286 -1.01462026489e-18)
(-0.00820177166942 0.00580172095013 -8.54784393477e-20)
(-0.00800182689588 0.00915614650987 -7.28491184323e-19)
(-0.0145938708015 0.00826034963426 0)
(-0.0100734886752 0.00113445246602 1.11911326364e-18)
(-0.00916861208359 0.00544116401008 1.11667613519e-19)
(0.0479110956657 0.08092864095 7.66921408848e-19)
(-0.0217251326423 0.00359885225275 0)
(-0.0158660828072 -0.00497421651284 -1.1131597025e-30)
(-0.010474967052 -0.0033488871218 2.23342435328e-18)
(-0.0114165430881 0.00639176901453 0)
(-0.0246451475783 0.0206640028106 -1.76021057264e-30)
(-0.00830259636974 -0.00876291566609 0)
(-0.0128452629568 0.0111108880315 9.55163352541e-19)
(-0.0139490830694 0.0171349970917 -1.20211870585e-19)
(-0.0104335754471 0.000781027589668 -2.466593815e-18)
(-0.0244097333274 0.00859579172024 0)
(-0.00552690415853 -0.00454594188605 0)
(-0.00849553294385 0.00556439377019 -4.81304346339e-20)
(-0.0206849535271 0.00636528278223 0)
(-0.0203126656943 -0.0173974768589 0)
(-0.00686123978731 0.00291838511262 3.36164807093e-19)
(-0.00891070740689 -0.00125507226124 9.16715201922e-19)
(-0.0117948330072 0.011384092071 1.01462026489e-18)
(-0.00440049118662 -0.0064451548762 7.84767991386e-20)
(-0.0365464355285 0.011121915586 0)
(-0.0161474328417 0.00686474225474 -3.28932845758e-31)
(-0.0152606429879 0.00732095975865 0)
(-0.0154356151071 -0.00389686302353 0)
(-0.0124225669192 -0.00859757622166 1.42554240811e-30)
(-0.0114027294594 0.00963216684055 0)
(-0.00983166873091 0.00907734488382 -6.57217352576e-19)
(-0.013941698995 0.000223398266532 0)
(-0.00522184467128 0.00355946115486 0)
(-0.0158817346517 0.0129041806258 0)
(-0.0132715895704 0.0106644272021 0)
(-0.0107530772786 0.00892359239502 6.04194594747e-19)
(-0.0136351333106 0.00284767875233 -4.08592666761e-31)
(-0.0116435321054 0.00483180571492 0)
(-0.0135541059614 -0.0093338983216 3.20252351509e-18)
(-0.011814704862 0.00523631680823 0)
(-0.00966372368159 0.00807525494799 -5.57407338602e-20)
(-0.0142452458203 0.00872104464792 0)
(-0.0124842048912 -0.00738567001183 -2.84970742099e-18)
(-0.022762138879 0.0172523475799 0)
(-0.0129878275307 0.00331290854773 -7.05362372827e-19)
(-0.00623991677513 0.00475566349648 0)
(-0.0261579316642 0.0197063513907 0)
(-0.0110947992098 0.0055294625772 0)
(-0.0153886721054 -0.000342215023079 1.62537160335e-18)
(-0.00653006585496 0.0053196027746 0)
(-0.0161629999284 0.0058711236874 0)
(-0.0341225256214 0.0106430488491 -1.29482281041e-18)
(-0.0170206974116 0.00536051428755 0)
(-0.0109464850445 0.00629949430601 0)
(-0.014879751491 -0.00412370529472 -2.29752777205e-18)
(-0.0210287133156 0.00790937710995 0)
(-0.0119243828778 0.0120125550119 0)
(-0.00963106255732 -0.00756734128555 2.91937964161e-18)
(-0.0132512120918 0.00450224320324 -5.02880363214e-19)
(-0.00632141153161 0.00374817864804 0)
(-0.00854980522808 0.0125262480462 1.28015343238e-18)
(-0.0172841693622 0.00482112258972 0)
(-0.0122228394808 0.00742374484593 -1.54986321158e-19)
(-0.0164340972657 0.00535799893201 0)
(-0.0131307315583 -0.0124847640523 3.65210095066e-18)
(-0.00782675536086 0.00564386933171 7.39132434989e-21)
(-0.0226327295052 0.0186003838931 0)
(-0.00809450078733 0.00504537502797 0)
(-0.0103703059928 0.00107189069531 -1.11911326364e-18)
(-0.00658258159925 0.00362472538357 0)
(-0.0169142761706 0.00179107353111 0)
(-0.0164440287609 0.00635733248301 -1.62035067238e-19)
(-0.041196092542 0.00960820762411 3.58642800502e-18)
(-0.0234976544407 0.00606198389469 -6.1928989963e-19)
(-0.00627888670102 0.0040748409694 0)
(-0.00890688590428 0.0091538959474 -1.12028279548e-30)
(-0.0145829974955 0.00269758529891 9.4879018054e-19)
(-0.0228890273917 0.00590969586805 6.19289899629e-19)
(-0.00823123051481 0.00272351940395 -1.85350059498e-20)
(-0.0101496267761 0.00823711691949 9.06304257596e-19)
(-0.0103735903629 0.00577278794638 -2.93077361055e-32)
(-0.0202574921688 -0.00147850554168 0)
(-0.0217113356579 0.0023639881136 0)
(-0.00721205177247 0.00775315710097 0)
(-0.0188124944183 0.0107426693775 0)
(-0.00413779297695 0.00570920439187 0)
(-0.0200647472037 0.00524953459514 0)
(-0.0235345219839 0.0157846896758 0)
(-0.0131597609642 0.00289239436538 8.51481508566e-19)
(-0.00580403455271 0.00975410544365 0)
(-0.0240647308505 0.0101058688687 7.39338638099e-19)
(-0.0244250379756 0.00980252345306 -1.09074745598e-23)
(-0.0125296342717 0.00333425176448 1.43351133495e-18)
(-0.00661263002446 0.00331338529947 0)
(-0.00791619449054 0.00370337894531 3.23815662965e-19)
(-0.00604817405446 0.00357246103686 -1.77766249279e-19)
(-0.0087760341975 0.00212216901653 2.5147302247e-20)
(-0.0110457026367 0.0044032129723 3.53722143854e-19)
(-0.0132304243983 -0.00126170333321 0)
(-0.0234043123561 -0.00501936963931 0)
(-0.00656535379312 0.00425077530442 -7.95281542196e-20)
(-0.0113395314059 -0.0119581376659 -3.5535057026e-18)
(-0.00685267062911 0.00377698432587 0)
(-0.0102602780242 0.00536263361631 0)
(-0.00514219982459 0.00186161581356 1.9772781173e-19)
(-0.00280714837784 0.00521944544925 1.87683743286e-19)
(-0.00933186095648 0.00888794913724 1.12028279547e-30)
(-0.0197803732925 0.00903285314708 0)
(-0.016369598463 -0.000180847976809 1.62536979388e-18)
(-0.0102423238807 0.00875966263345 -4.81650620614e-19)
(-0.0113032533898 0.000807636323306 0)
(-0.00795720338207 0.00401890399398 0)
(-0.00809039075121 0.00320567275151 4.13874174026e-19)
(-0.00842376612162 0.00894607069464 -2.96135750017e-31)
(-0.0137903846633 0.00239715575121 4.08592666761e-31)
(-0.01081660308 0.00586502110269 0)
(-0.0060611537608 0.0075146698851 0)
(-0.014727436802 -0.00475099687624 -2.46304795534e-18)
(-0.00683515236289 0.00512841601906 -1.57956134568e-20)
(-0.0176982395703 0.0124830768661 0)
(-0.017130589924 0.0645396653471 -2.41936399061e-19)
(-0.0273446212835 -0.00396175948283 -2.95156640764e-18)
(-0.00916875460594 0.012857700924 -1.28015343238e-18)
(-0.024363218954 0.0113258541274 0)
(-0.00743289515027 0.00111914410683 0)
(-0.00480705891439 0.0101577169013 0)
(-0.0297893808302 0.0104436075576 9.31210958383e-19)
(-0.0170892479606 0.00279547048846 0)
(-0.0216893774619 0.00476559640889 7.39739750898e-19)
(-0.0108311727806 0.0122405630017 -2.36843350979e-18)
(-0.0126207867569 -0.0142933271136 -3.38522890219e-18)
(-0.0199321899963 -0.0123695518722 -1.79887749693e-18)
(-0.0119234008121 0.000944584055086 -1.19393731505e-18)
(-0.0216194584261 0.00106837866013 1.57760727866e-18)
(-0.00683907754056 0.00409355190684 1.56245916038e-19)
(-0.0253123266588 -0.00461547642697 0)
(-0.0165970321557 -0.00200969439052 -2.00739887418e-18)
(-0.0161439047456 0.00489399704543 9.87631389253e-31)
(-0.0105892006616 -0.00723210293226 0)
(-0.0129055540926 0.00254793618449 2.00645173383e-20)
(-0.0206770119169 0.00741186159448 2.38778489363e-20)
(-0.00716322397185 0.00568457115579 5.51854838349e-20)
(-0.0474482036278 0.0220465193635 0)
(-0.0065854455165 -0.0123577386822 -7.34959569226e-18)
(-0.0206955797016 0.00846076494462 0)
(-0.0172096668592 0.00380591049571 -8.10947336408e-19)
(-0.00653832793906 0.00459110259341 7.95281542196e-20)
(-0.0162975835877 0.00339981334606 0)
(-0.0175364178343 0.00170444658164 5.98120412196e-31)
(-0.00821363171138 -0.00422331300136 -2.43605811743e-18)
(-0.00915055133094 0.000665416297161 -1.21252064074e-21)
(-0.0279834429726 0.00757905067444 -1.41802367596e-22)
(-0.0257934143462 0.0104872564201 0)
(-0.0178224358193 0.00378237486785 3.16823265873e-30)
(-0.00752544714386 0.00586341070243 -1.33711106599e-19)
(-0.0194463173179 -0.0103228099329 3.42907328114e-18)
(-0.0100442885754 0.000145695312529 -2.25380885405e-21)
(-0.0329207819316 0.00820857582724 0)
(-0.0110312725017 -0.00290669532829 -9.35164948345e-31)
(-0.00814466277115 0.00350587610091 -4.13905964488e-19)
(-0.0214247779701 -0.000274277672452 7.07092263493e-30)
(-0.0122235877243 0.00227507322776 8.89337131608e-19)
(-0.0088323557322 -0.00198062053362 -1.98710128333e-18)
(-0.0147970266282 0.000373355109907 -3.30233631936e-21)
(-0.0142853508817 0.00232873243638 -9.4879018054e-19)
(-0.0201398360835 0.00958907318802 0)
(-0.0159649331977 0.00149125056198 1.2615467672e-18)
(-0.0268584196767 0.00739677727985 -8.95073507973e-19)
(-0.023439727464 0.0122730150833 1.37479613694e-18)
(-0.00894586909291 0.00192468473505 3.9708179656e-19)
(-0.00717251645499 0.00530969865567 -5.5185483835e-20)
(-0.012462057304 0.00259472890553 -1.76088315751e-18)
(-0.11017103091 0.00572668537159 0)
(-0.0169744681264 0.00435722823759 3.18514461285e-31)
(-0.00685085202575 0.00477226789368 1.57956134568e-20)
(-0.00829758021223 0.00301068752364 -5.28423848499e-19)
(-0.0473249074473 0.0112002096562 1.70096210299e-18)
(-0.0097192090882 0.0124173831705 1.26023328517e-18)
(-0.0249185137407 0.0109052846503 0)
(-0.0210137371457 0.00579552816967 0)
(-0.0114475709625 0.0124545610573 1.22600206759e-18)
(-0.0226449141803 0.0158342178103 2.18327480965e-18)
(-0.00841614528696 0.00253458753113 -6.42162899583e-19)
(-0.0224258717915 0.0130997199329 1.46015112153e-18)
(-0.0213987109982 0.0151990796771 -9.73749626651e-31)
(-0.0051446032963 0.00391929333571 -8.09684259544e-33)
(-0.0210102399673 0.00685947565935 -5.09755159769e-32)
(-0.0286152885297 -0.0194479293904 0)
(-0.00756135391891 0.00754100735772 0)
(-0.00859115159185 0.00307508960024 0)
(-0.0232421979162 0.0109873098319 -4.04556619516e-30)
(-0.0118120485141 0.00232217865304 0)
(-0.0135350258287 -0.00302875175173 2.09538154957e-18)
(-0.0144896628547 -0.00315858287242 0)
(-0.016746855767 0.00236879180052 0)
(-0.0191505052147 -0.00664773384463 0)
(-0.0273462967925 0.0105716265851 1.06990154853e-20)
(-0.0211003528906 0.0203430255566 0)
(-0.0120782339476 -0.0034749408737 0)
(-0.0226443931243 -0.00672651461129 -4.08190466913e-20)
(-0.0155329490276 -0.00325431000669 -2.16432946242e-18)
(-0.0187514214089 0.00143150391034 -1.3871655126e-18)
(-0.0120235722928 -0.00184805988044 0)
(-0.0116681462246 0.00268507636775 0)
(-0.0121899461497 0.00120552716018 1.19393731505e-18)
(-0.0244353903888 3.48451212648e-05 1.11550075303e-21)
(-0.031014149001 0.013626885477 -7.4514074132e-19)
(-0.0113277946915 -0.00173965608844 0)
(-0.0130451439847 0.00212701290139 0)
(-0.0239966127215 0.00835153692524 0)
(-0.0110932365988 0.000252247450642 1.3448546576e-18)
(-0.0207021094819 0.00529336138773 0)
(-0.0117034727141 0.00166642954021 -2.26802626334e-31)
(-0.0119946722131 -0.00916154630409 -3.1769117596e-18)
(-0.0237924343298 0.00911809014795 0)
(-0.0135061568319 0.00205484516352 0)
(-0.0277494186536 -0.0138728898356 1.67766750388e-20)
(-0.0216341903749 0.00586520681208 0)
(-0.0163871640527 0.00437293847048 -6.5083469265e-19)
(-0.0185611707529 0.00207908128121 1.19088883844e-18)
(-0.0218132444525 -0.00726032254325 -3.04952334498e-18)
(-0.0123047800109 0.00298669006874 2.26694125908e-20)
(-0.0141466032461 -0.00492456808301 2.46304795534e-18)
(-0.0277046544862 0.00861499777172 1.41558676442e-22)
(-0.0160848952579 0.00393016393038 6.50834692649e-19)
(-0.0168860049134 0.00336003799225 8.10947336408e-19)
(-0.0216279780605 0.00893423374657 0)
(-0.0170460633274 -0.00100143144524 -3.63435553107e-18)
(-0.022029846014 0.00413955546227 -8.03700891096e-31)
(-0.0118768455044 0.00300890719759 -7.50818374716e-19)
(-0.0104119663169 0.0133376412623 0)
(-0.0216327960518 -0.00523842214979 2.76938171478e-18)
(-0.0125538799358 0.0121896609776 0)
(-0.0139406704718 -0.00552914927226 0)
(-0.0279184807412 0.0110216302862 8.46754135914e-19)
(-0.0075542372101 0.00893982703471 0)
(-0.0130101873915 0.0117340436899 0)
(-0.0325852029527 0.00990432033796 -1.13972726462e-18)
(-0.00754834545535 -0.00439203604038 -2.76552097843e-20)
(-0.0255064817679 0.00886585843049 -3.98852994444e-19)
(-0.0220032401848 0.00162742750055 0)
(-0.0277775378473 0.0180599466664 8.88973751733e-23)
(-0.0872209609255 0.0214468301734 0)
(-0.022048060743 0.00291901176703 -1.27581326485e-18)
(-0.0297075363046 0.0150205822129 -1.23562123296e-18)
(-0.0240946683646 0.00901206934302 -5.30665802859e-19)
(-0.0092746143624 0.000866304568784 6.41727245052e-19)
(-0.0589460811184 0.0322362532477 1.7886487962e-20)
(-0.021866008592 0.000277792521333 0)
(-0.00878012436665 0.002860949557 2.93025280167e-19)
(-0.0364917558475 -0.0294724069292 -1.61517250236e-19)
(-0.0300943477332 0.0114550939478 -5.05914975048e-19)
(-0.0128824260528 0.00139082431847 0)
(-0.0127887931205 -0.0019392667265 0)
(-0.0131117359975 -0.00271067403368 -9.07602611768e-31)
(-0.0167587872574 -0.0192555912544 2.62398542627e-18)
(-0.0225383923779 0.014446826122 1.91818780646e-18)
(-0.0179025255034 0.0144160944621 -1.77039410577e-18)
(-0.0239047386339 0.00551751722089 1.32345519704e-30)
(-0.00881051985246 -0.00148298245097 -1.92313430713e-18)
(-0.023806288168 0.0107202774727 0)
(-0.0373016295227 -0.0120415864728 0)
(-0.0294611215594 -0.00297962435154 5.1130566062e-30)
(-0.00870285942868 -0.000457408267778 2.01015584828e-18)
(-0.0145675961376 -0.0014923874119 0)
(-0.0149818659257 -0.000655087298614 -1.62537160336e-18)
(-0.0226281651383 0.00539651238434 7.04125149388e-19)
(-0.0219808513902 0.0052845520384 -1.44386490028e-18)
(-0.0144700068944 -0.000459128071351 0)
(-0.0268525342405 -0.00613602301897 0)
(-0.0332341340162 0.0142215917679 3.69774321079e-19)
(-0.0184949537568 -0.00527833356371 0)
(-0.0228229655434 0.00300373990857 1.27581326485e-18)
(-0.011563669597 0.0131143265536 0)
(-0.0140847735855 -0.00228639587317 0)
(-0.0177083217393 0.00274399527699 9.98206046671e-31)
(-0.100816272864 0.0243045482301 3.15392930598e-18)
(-0.00795306787729 0.00102835311189 4.07945063115e-19)
(-0.0138769066464 0.000707897668077 0)
(-0.0302345629912 0.0355923840703 0)
(-0.0157096991764 0.000562326550427 1.44814900354e-18)
(-0.0198047649636 0.010157661064 -1.52379041582e-18)
(-0.0160599957799 -0.00297904257363 4.34681351933e-18)
(-0.0247117299971 0.00926886928014 5.30689682742e-19)
(-0.0165489224514 0.00138620232323 0)
(-0.042262184154 -0.00519938797099 -4.15845576274e-18)
(-0.0207461325192 0.00954555626933 -6.37615615793e-19)
(-0.0234890968039 0.00964639858418 -7.39338638099e-19)
(-0.0210744736465 0.00898081666089 0)
(-0.00798555066012 0.00773538736828 0)
(-0.00886623227397 0.00237588124967 0)
(-0.00481485073943 0.00399509809888 8.09684259545e-33)
(-0.0229836133987 0.0116213725653 4.04556619516e-30)
(-0.0272541344385 0.00934785657582 0)
(-0.025352705771 0.0206947670663 0)
(-0.0355993763165 -0.016325536278 4.86663296726e-18)
(-0.0144281085053 6.15027244895e-05 1.45745850467e-18)
(-0.0140103050855 -0.00283314274164 -2.09538154957e-18)
(-0.0180058664609 0.0131441543537 0)
(-0.0503574693497 0.0204713338905 4.43463434295e-18)
(-0.0179039953301 0.00214089300039 -1.19088883844e-18)
(-0.0271435317683 0.00836082929039 0)
(-0.0155912186166 0.00585773495111 0)
(-0.0232031085068 0.0129405748915 -1.64853574143e-18)
(-0.0199982017975 -0.00531467863749 0)
(-0.00901919752987 0.000413188621419 -6.61750275997e-19)
(-0.011537493874 -0.00680330711778 -2.76507262591e-18)
(-0.0105232634049 0.00505211650833 0)
(-0.0307112553032 -0.00018652014842 -2.64804064783e-18)
(-0.0221381609364 0.0137699289636 0)
(-0.00522432028832 0.0112915663987 1.17019093199e-18)
(-0.0228788523352 0.00880653032567 0)
(-0.0175915563168 0.0137221773969 0)
(-0.00870084714554 0.00258096626823 0)
(-0.0115904553266 0.00202662968765 2.26802626334e-31)
(-0.0343044551253 -0.0025352911096 -3.36077804789e-18)
(-0.0437908928436 0.0316331413214 1.69948345387e-18)
(-0.0296219013286 0.0257500677256 -4.9723501914e-18)
(-0.00745829964254 0.0047494537171 0)
(-0.00989713956711 0.0138064247349 0)
(-0.0156065535987 0.0011180189493 1.21611315058e-20)
(-0.0261633037067 0.0154517077436 1.2388282763e-18)
(-0.12281327276 -0.00305902091301 0)
(-0.146087783618 0.00222394608202 4.05493584752e-18)
(-0.0160061149013 -0.00428237748748 -2.367588873e-18)
(-0.0808769443745 0.0435321361743 -5.96780143224e-18)
(-0.011353670643 0.000457899862022 -1.3448546576e-18)
(-0.00713691826288 0.00425326201174 -1.56244700237e-19)
(-0.00713541820989 0.00458929096645 0)
(-0.0143619264867 -0.0109047998822 3.49210097246e-18)
(-0.0496027866017 0.0259815951888 2.21478322278e-18)
(-0.00385991889206 0.00681372057238 0)
(-0.00839589263753 0.000890959246659 -5.43016995553e-19)
(-0.0457309753664 -0.000652151398092 -8.3598256306e-18)
(-0.0240006388918 -0.00062713924254 -2.06044767795e-18)
(-0.0208161907701 -0.00675153181671 0)
(-0.0291970954758 0.0166336908169 -5.70755229156e-18)
(-0.00371284731673 -0.00406435348475 0)
(-0.00652375705209 -0.00395511118439 1.39706234299e-18)
(-0.022049459832 0.00944018919944 0)
(-0.0143788576904 -0.00374429604385 4.5718374081e-18)
(-0.0176930299472 0.0010839653501 -5.98120412196e-31)
(-0.010952055544 0.00512181568638 0)
(-0.0786107399595 0.0309903890772 2.67420955877e-18)
(-0.0266731914454 -0.00477004682006 0)
(-0.0202232580183 0.0202999550385 0)
(-0.0153275773342 0.00021751243652 -2.90230517189e-18)
(-0.024599372889 -0.00530977788545 0)
(-0.00990109212556 0.00093123522161 -5.67743378955e-19)
(-0.0231161720123 0.00358746480214 0)
(-0.0100758124952 -0.00337984405255 1.02739819836e-30)
(-0.0136499238446 0.0118793028169 0)
(-0.0288746749646 -0.00390741294139 2.95156640764e-18)
(-0.00504648749013 0.00774890137281 0)
(-0.011067202934 0.0135691279762 0)
(-0.0246504072374 -0.00654270040734 0)
(-0.0227506861581 0.000256973454236 0)
(-0.0107632482015 -0.00532646930517 2.56324607712e-18)
(-0.0180521951926 0.00319752194708 9.61749497829e-19)
(-0.00948193608106 -0.00372023730011 1.06729370758e-30)
(-0.0136264765133 -0.00200811736753 -8.43409072703e-31)
(-0.016981626076 -0.000355225130518 -1.62536979388e-18)
(-0.0230136572334 -0.0006163784836 0)
(-0.00957555238142 0.00270065317186 6.99634175704e-22)
(-0.00811815258051 0.00116940977233 2.88956836168e-20)
(-0.0222349174971 0.0151602695613 -2.18327480965e-18)
(-0.00885987540431 -0.00400017237993 0)
(-0.0354441080798 -0.022815235935 0)
(-0.0329473409519 -0.0202010608504 5.15803937731e-18)
(-0.0226747604696 -0.00560989844268 0)
(-0.0103631064195 -0.0116747719456 3.38859553458e-18)
(-0.045754041134 -0.00297746910777 4.16114400373e-18)
(-0.021875234453 0.0111828211698 -3.45778133256e-30)
(-0.0185034258882 0.000310234915381 0)
(-0.0178113112398 -0.00561070992031 0)
(-0.0469437520182 0.00581465800063 0)
(-0.0288139435469 0.0127817691227 1.02573606577e-18)
(-0.00758922049467 0.00329663010729 -3.70482405256e-19)
(-0.016466763016 -0.00542704221515 0)
(-0.0106370896062 -0.00297793180935 2.09300728572e-18)
(-0.0105413167206 -0.00073988441198 -1.59241208809e-18)
(-0.01040092753 -0.00668357659436 0)
(-0.0109757100599 -0.00186375712597 0)
(-0.00492847761728 0.00332790102124 5.31857728024e-20)
(-0.0103813744247 -0.0107381855607 -1.73611877813e-18)
(-0.0202867221943 0.0219819387448 0)
(-0.0261183014527 -0.012879198322 -2.01477610182e-18)
(-0.0291288741911 0.0036763886505 0)
(-0.0184651616117 -0.00291892956489 0)
(-0.0353349919867 0.0126547191846 -5.38677745419e-20)
(-0.0210273408595 0.0159083120121 2.20413514359e-18)
(-0.0217854389499 0.0210493520668 -3.60868475386e-18)
(-0.0221446328678 -0.0176094062336 1.97826696624e-18)
(-0.0260161123181 -0.006912322968 0)
(-0.0396730285434 0.0214090972639 -3.27877852164e-18)
(-0.0639380025162 0.0152806364079 0)
(-0.0274622462078 0.0135351033065 -9.14244357629e-19)
(-0.0131962724022 -0.00221223912343 9.07602611768e-31)
(-0.0121636036613 -0.00680343440739 2.84970742099e-18)
(-0.0097995874241 0.000259368804661 1.36510083673e-18)
(-0.0482426659371 0.00279778999519 4.19868162687e-18)
(-0.0115492165074 -0.0024049136795 0)
(-0.0302405390723 0.00802022170119 0)
(-0.0171190049866 -0.00515612510424 0)
(-0.0146907559204 0.00727585373108 5.16375556413e-20)
(-0.0115607941917 -0.00579465982771 2.59673788842e-18)
(-0.0662183873594 0.0247064378895 1.61614101632e-19)
(-0.0279306613953 0.0162050390641 0)
(-0.0126648449512 -0.0028735896097 0)
(-0.0146975450721 0.01729108697 2.30167768847e-18)
(-0.034461773496 0.0157082736749 0)
(-0.00950550847787 -0.00701629335353 -2.91937964161e-18)
(-0.0112011708037 0.00478446191903 -3.53722143854e-19)
(-0.0536545926812 0.00856605932339 -4.51391756893e-18)
(-0.0223887769748 0.01807616205 2.953666758e-18)
(-0.0483666534723 -0.0071830932532 -8.57829257358e-20)
(-0.00754999563107 -0.00277446600786 1.20613244189e-18)
(-0.0236910185672 0.00496363291599 9.23467183897e-19)
(-0.00598347075069 -0.00247693895449 -7.42112535147e-20)
(-0.0183567863993 0.000979995097156 0)
(-0.0293438772976 0.00889497409364 -1.28147473291e-18)
(-0.0693477867622 -0.00988143140066 1.36015749419e-21)
(-0.022452333868 0.007436614082 -4.58146819946e-20)
(-0.0543613834828 0.0144944295174 1.41892648025e-19)
(-0.0140795823954 -0.000737850250319 0)
(-0.0083094001112 0.00111682589291 0)
(-0.0350775457256 0.0123694140001 0)
(-0.0091453345194 0.000518975641613 1.26628386843e-18)
(-0.0473674547695 0.00988435440171 0)
(-0.00986594739233 -0.00305595072737 2.17234973913e-18)
(-0.019886787085 -0.0186987563062 0)
(-0.00455506170949 0.00377898598147 0)
(-0.0111615360985 -0.00251514391643 1.9855531976e-18)
(-0.0071497158394 0.00911694350126 0)
(-0.0204878307769 -0.00998605562658 -6.91995483022e-18)
(-0.0332430068889 -0.000824088135259 0)
(-0.0118556785775 0.0179735909038 -1.70862345369e-29)
(-0.00499504200306 -0.00307118878286 0)
(-0.0123841091704 -0.00211319955547 -8.94937644569e-31)
(-0.0263720212822 0.00785449229302 0)
(-0.0287444441012 0.0117357200985 2.48656509199e-18)
(-0.0431585351522 0.0171605571906 3.82668486189e-18)
(-0.0192901979878 -0.00572178442726 0)
(-0.0103002467114 -0.000267373337669 0)
(-0.0112861407698 -0.00532002336313 -5.15998396554e-18)
(-0.0187797701704 0.0194545463381 0)
(-0.0130820681448 -0.00621759234363 -2.70674156511e-18)
(-0.0201880480467 0.0187642790345 0)
(-0.0129213685025 -0.00371093341404 2.20867288704e-18)
(-0.0230057680485 0.00480087871591 -9.23467183897e-19)
(-0.0414131643071 -0.00692028214295 4.15845576274e-18)
(-0.0112787070925 -0.0062660710206 2.76507262591e-18)
(-0.0223135510226 0.0166025964967 0)
(-0.0209076247066 -0.0057325049751 -2.76938171478e-18)
(-0.00963634230592 0.000989152834529 5.66839443337e-19)
(-0.00866341501424 0.00337620265622 0)
(-0.025607660438 0.0197389920722 0)
(-0.0248638089307 0.0141533969458 0)
(-0.0118751757573 -0.00270039811535 0)
(-0.017951145627 -0.0182831427832 0)
(-0.0172968922405 0.000668805889469 -6.92774263007e-31)
(-0.0227410054974 0.00424792552137 0)
(-0.0366014634418 -0.0323325896306 1.18154824433e-17)
(-0.031127517537 -0.00262501259529 0)
(-0.0404332814362 -0.00213135911681 3.76719169409e-18)
(-0.0317702123372 -0.00425672476249 0)
(-0.0380701500977 -0.00780231006156 -4.10718331581e-18)
(-0.0275422239254 0.00637438744145 0)
(-0.0108767219972 -0.00223312616314 -1.3963946943e-20)
(-0.0104946479233 -0.00575302804414 2.65065623254e-18)
(-0.0168565732845 0.0191752450462 -2.81776200341e-18)
(-0.00908864286492 0.00695509500724 0)
(-0.0138440170823 0.0125261636946 0)
(-0.00487109003854 0.00880558573852 0)
(-0.00736563139631 -0.00329949632002 0)
(-0.0626347199432 0.000364802693982 2.62699471323e-18)
(-0.0254944720421 0.00875278570982 0)
(-0.0186055458744 0.0228881786226 3.78551262029e-18)
(-0.0400017584099 0.0123440444026 0)
(-0.00949425447223 0.000797165118737 -5.84871319141e-19)
(-0.0231567654546 0.000862251730291 1.51894707365e-30)
(-0.0215128637315 0.0180327298705 0)
(-0.0205913696144 -0.000183437895881 -1.82410742579e-18)
(-0.0277075925106 0.00985771107999 0)
(-0.0133386204439 -0.00564522685759 2.55821499538e-18)
(-0.012376377476 0.0140024042109 0)
(-0.00858175627596 -0.001994402351 0)
(-0.0204050094476 0.000579091328848 -3.18382631178e-18)
(-0.00833904272504 0.0075033727768 0)
(-0.0116451617222 -0.0019954294643 0)
(-0.0279999012276 0.0152039788954 0)
(-0.00911832669497 -0.000540808433019 0)
(-0.0528951954689 -0.00396040206358 8.46258518928e-20)
(-0.0264312692754 0.0162125520994 -1.2364684879e-18)
(-0.0210550152934 0.0188223756824 0)
(-0.00837143449172 -0.000898381849078 -1.71917462182e-18)
(-0.00983301338807 -0.00661161281694 -2.76533606459e-18)
(-0.0136686419217 -0.00149798598989 8.43409072703e-31)
(-0.0127092023603 0.0128466970153 0)
(-0.0372032649541 -0.00511629371891 3.73292660335e-18)
(-0.0161111320094 -0.0146795074639 -2.16012159164e-18)
(-0.0127760895332 0.00181080972939 0)
(-0.0196197150078 0.0211223208572 0)
(-0.113820125452 0.0354121003762 -6.69220703364e-18)
(-0.012225903708 0.0133089685904 0)
(-0.0100488805314 -0.000122435526017 1.47280838134e-18)
(-0.0449292614489 0.013390447153 0)
(-0.0153099263753 0.00634542908491 7.07431387786e-20)
(-0.0120967177535 0.00159352170437 1.0446997195e-18)
(-0.031558881371 -0.00157313374034 0)
(-0.034581586103 -0.00579401689562 -3.73292660335e-18)
(-0.0166766712706 0.000796815314248 0)
(-0.0074902799639 -0.00249855271401 0)
(-0.0124634369851 -0.00627433788479 3.83794588738e-20)
(-0.041659254575 -0.0290070508727 5.11765112118e-18)
(-0.00977392762944 0.000500392087378 -4.71780782878e-21)
(-0.0172401950552 -0.00439279778592 4.80742706915e-18)
(-0.00886833002224 0.000139198895771 -2.07571641908e-19)
(-0.0162851301575 0.000417429454101 6.97122303891e-31)
(-0.0338339899535 -0.0037550367772 0)
(-0.0330463650099 0.0208005221572 0)
(-0.00366031505093 0.00660905783371 0)
(-0.00363255606227 -0.00603878896969 -2.86962357112e-18)
(-0.00851214556084 0.0039130848917 0)
(-0.0231796726846 0.0022701098179 0)
(-0.012349136161 0.0018843604704 -1.0446997195e-18)
(-0.00844967047982 0.00359437534643 0)
(-0.0379618905877 0.0147133943766 0)
(-0.0147308281687 -0.0117594691579 -3.49659816733e-18)
(-0.00948305653231 0.0149254535533 0)
(-0.0385181915178 -0.0210701685352 4.66208114243e-30)
(-0.0140797927582 -0.00125520441 0)
(-0.0196518430933 0.0195249049979 0)
(-0.0118663379005 0.0144559522562 1.63607533356e-18)
(-0.0468643477134 -0.00924208113944 -4.63785772599e-18)
(-0.0133419510792 0.0177246675197 -2.46392011828e-18)
(-0.00709647355062 0.00333352258802 -3.08996153192e-19)
(-0.0107081378425 -0.00624588856247 0)
(-0.012538938408 -0.00335534457408 -2.20867288704e-18)
(-0.0428391437296 -0.0228578527551 0)
(-0.019606473913 0.0229244106796 -3.78551262027e-18)
(-0.0174096190813 3.34655153987e-05 6.92774263008e-31)
(-0.00827500802563 0.00413162191913 0)
(-0.0527722192816 -0.000818084528506 4.63947805809e-18)
(-0.0388039423032 -0.0173428878638 -4.86663296726e-18)
(-0.027510854913 0.0143445166996 -3.9993285996e-21)
(-0.0107673904024 -0.00127209443432 -3.44146718231e-18)
(-0.00873157516895 -0.00364190643093 0)
(-0.0111796152027 0.0142582602065 -1.63607533355e-18)
(-0.0166692406336 -0.0033048825239 -4.38130561747e-18)
(-0.00868705684384 -0.000640224743773 1.40377242097e-18)
(-0.0301621669656 0.00904981622334 0)
(-0.0122926728632 -0.00256575509276 8.94937644569e-31)
(-0.0146184485511 -0.00723850507089 0)
(-0.0276282811978 0.00957625776469 -7.30242882835e-20)
(-0.0100264299518 -0.00272594297628 0)
(-0.0228372988206 0.00166888704447 -1.51894707365e-30)
(-0.0221576210672 -0.0129988236868 -1.54916867312e-20)
(-0.0133792323026 0.0130107425182 0)
(-0.0285262810516 0.0100038487159 -1.72936905176e-18)
(-0.0260997039259 0.00821394643258 0)
(-0.0102819112867 -0.000562073310134 3.12675555335e-21)
(-0.0276319794094 0.0107988842971 -2.3570736617e-18)
(-0.124306656788 0.0277663587094 -3.86386712485e-18)
(-0.0162764282657 -0.00617325329216 0)
(-0.00831230801095 0.000109691948286 5.47313326374e-19)
(-0.00445585714176 0.0136076729334 1.43295519235e-18)
(-0.093070932138 0.0500556820393 3.2858181858e-18)
(-0.0317899231511 0.0265864653905 -5.87569514329e-20)
(-0.00711579864826 -0.0178048708003 0)
(-0.00950100519617 -0.00306940366317 -2.17234973913e-18)
(-0.00695563774207 -0.00283891768734 6.43717070837e-20)
(-0.00465131623707 0.00339263362993 -3.19532682658e-32)
(-0.014369667432 0.00773646290576 0)
(-0.0136934438008 -0.00449749666537 -1.06524469207e-30)
(-0.0370076810148 0.0241283379848 1.5662288061e-18)
(-0.026723698838 0.0111658840529 0)
(-0.00806608706283 0.000377396818593 -5.56448088918e-19)
(-0.00714242368092 -0.00388732324051 0)
(-0.0105187576202 -0.00232246895017 -3.92971306481e-18)
(-0.0138536278812 -0.00392992623979 -4.52643787536e-18)
(-0.00877764682507 -0.00101421427786 -8.95829804922e-19)
(-0.0291380958772 0.0224219402985 4.97153386073e-18)
(-0.0275913353875 0.00831339561228 6.21851708853e-20)
(-0.0106977145015 -0.00161779184265 0)
(-0.0290591037934 0.0101092213878 0)
(-0.0234663534446 0.0245121848978 -4.06127852886e-30)
(-0.00900159549872 0.000216469321897 0)
(-0.0262304394728 0.0146856826865 -4.4024655966e-21)
(-0.0134148980942 -0.0035609746371 2.25212823931e-18)
(-0.0425299081834 -0.0106524183043 0)
(-0.0142408439432 -0.0126669254878 -7.37906926782e-18)
(-0.0181637500148 0.0201828100791 0)
(-0.0319510093832 0.0120345686335 1.38109202987e-18)
(-0.0310946599225 -0.00532542126095 0)
(-0.0180730265905 -0.000119622280354 -1.56591335011e-30)
(-0.0129248205752 0.0080198508141 0)
(-0.00681683562767 0.00193339584003 0)
(-0.00733548676588 -0.00294341366407 -3.67264064952e-20)
(-0.0155891599412 -0.0063809064431 5.35218171011e-24)
(-0.0252395189733 0.0170108592983 1.32474267747e-18)
(-0.0121311763594 -0.00576482929241 2.66836210623e-18)
(-0.0180125599717 0.0218580607476 0)
(-0.00504858623473 0.00806190736983 -5.95528449912e-19)
(-0.0287678953798 0.00870236847958 -7.44989943804e-20)
(-0.00898229296112 -0.000181637818733 -1.55101060358e-18)
(-0.0210390564019 0.0173473577825 0)
(-0.0284590861851 -0.00633031552009 -3.26035206988e-18)
(-0.0404679976831 0.0245928057714 -1.80023938198e-18)
(-0.0407649880006 -0.0120927537402 0)
(-0.00511599988861 0.0125045214557 -1.14294032158e-30)
(-0.026671644002 0.00875814541273 3.98112037291e-19)
(-0.0286001768423 0.00732966840494 0)
(-0.00907362083082 -0.000763013791074 1.68753957925e-18)
(-0.0120362907579 0.00831949702743 -8.03284117219e-31)
(-0.0172527840993 0.0200887524516 5.69617266616e-30)
(-0.0165909876622 -0.00400855218451 -2.45915184915e-20)
(-0.0273896863395 0.00713448856642 0)
(-0.0214487489009 0.0165981153686 0)
(-0.0299206813561 -0.0215815691508 -4.79422831772e-18)
(-0.00953686204251 0.000586133972314 6.39562660838e-19)
(-0.0170165252337 0.00740053981113 0)
(-0.0103877983279 -0.00267380486072 -2.09300728572e-18)
(-0.00931260765908 -0.00337815788566 0)
(-0.0112396899553 0.0072092053727 0)
(-0.00749298485742 -0.00400026521281 -2.4998367721e-18)
(-0.00847373353506 -0.00108154195626 1.4572268799e-18)
(-0.0106387067496 0.00663217468009 0)
(-0.0179043137244 -0.0116392452681 -1.78185974063e-21)
(-0.0556343329021 0.00409673434336 0)
(-0.0301170510146 0.0102858836936 0)
(-0.0118844521685 0.00780919387878 0)
(-0.0176481363979 -0.00978060890099 6.56426876717e-18)
(-0.00999495360401 0.0144781831735 0)
(-0.0187120896763 0.0210771894416 0)
(-0.00711801139943 -0.00349400745064 0)
(-0.0323114835289 0.010937830423 2.23229691453e-21)
(-0.0410362542939 -0.0158134928181 -5.04495926469e-18)
(-0.0104983724707 -0.00106081441607 6.36916693321e-21)
(-0.00884481469982 -0.000847109685744 0)
(-0.0292420282908 -0.00540501788273 3.26035206988e-18)
(-0.025563831646 0.0115860898109 0)
(-0.00347271770418 0.00396662348804 -4.58077025413e-20)
(-0.00896329450814 -0.000377724781115 -8.04156182693e-19)
(-0.0281870396312 0.00866412261258 1.99871249055e-18)
(-0.040575854395 -0.0262399878752 0)
(-0.0157296923082 0.0181911133386 0)
(-0.02115528085 -0.0120471154375 -1.85970460165e-18)
(-0.0113747872645 0.00769541528976 -2.98063659847e-31)
(-0.00661760333874 0.00208560290128 3.02149550698e-19)
(-0.0201299275918 -0.000683220293095 1.82410742581e-18)
(-0.0160255114099 0.00892055424161 2.83243233117e-30)
(-0.0263919062156 0.00939663135912 5.56953184318e-19)
(-0.00941680364125 0.00668288391113 1.13834310916e-19)
(-0.0261378854134 0.0109397006157 0)
(-0.0129411426039 -0.00517421580449 -2.55821499538e-18)
(-0.0214747729355 -0.0107668029936 5.26463886083e-18)
(-0.0177432352941 -0.00190969015384 0)
(-0.0149585732664 0.0180829691493 0)
(-0.00448167576211 0.00551724078648 1.72911726627e-19)
(-0.00686723101279 0.00173984448246 -3.30223935985e-19)
(-0.0246346160401 0.0127086432566 -8.07534433132e-22)
(-0.00470408395407 0.00853591786832 0)
(-0.00894486287439 -0.00335357464193 0)
(-0.0159947617148 0.0190656926799 2.8177620034e-18)
(-0.0123801613504 -0.00525612843342 2.49419035094e-18)
(-0.0356979905356 0.00912913285306 -1.43012077658e-18)
(-0.0250618230308 0.0155922787284 2.24074362337e-18)
(-0.0136642840322 0.0185295650131 2.46392011827e-18)
(-0.028235486796 0.00599698590766 0)
(-0.0343798884248 0.0107899922975 0)
(-0.00882429784799 -7.72074898063e-05 -6.12976435536e-19)
(-0.00847054551799 -0.000728755137634 -1.6634086002e-18)
(-0.0077058723249 -0.00338526133917 -2.39135231495e-18)
(-0.00711395506818 0.00157606277727 3.4358614552e-19)
(-0.00842755303566 -0.00221261270874 1.10335971158e-18)
(-0.0309388668873 0.00084712743364 -4.68726590606e-24)
(-0.0214031517291 0.023828482868 0)
(-0.0710023511311 -0.0245455696202 6.2538400803e-18)
(-0.00654157761461 -0.00955497159809 0)
(-0.00729532651821 0.00291538876691 0)
(-0.0329109808291 -0.0332805687771 0)
(-0.00836468048273 -0.00358316851481 1.15970659466e-18)
(-0.010721003109 -0.00369415192716 -2.23342435329e-18)
(-0.0279454061155 0.00750302929532 -1.09010321116e-18)
(-0.0125724839083 0.00843107398077 -4.61865111462e-19)
(-0.0203625525465 0.0239084985984 7.60164248321e-30)
(-0.018783655803 0.0119326276636 -9.9686948484e-31)
(-0.0127572200067 -0.00422263399743 0)
(-0.00936445246774 0.00043745798157 -1.26565033728e-18)
(-0.0300749326045 0.00291762331051 0)
(-0.0401348301231 0.0283996690746 5.64837478181e-18)
(-0.00642945286594 -0.0100716236628 0)
(-0.0205415660094 0.0265632468638 0)
(-0.0233858912033 0.0143358313141 -1.91819484747e-18)
(-0.0269369491003 0.011748338808 7.61375973473e-19)
(-0.0226157786557 -0.00270758799722 -4.41200992411e-19)
(-0.0106695068837 0.014698616486 -5.99871915809e-30)
(-0.00959610939172 0.000119131097919 0)
(-0.0179211373717 0.0058523937182 1.42960614095e-30)
(-0.0316638363278 0.022176481247 4.90319493391e-18)
(-0.0172634581781 -0.0107424486718 0)
(-0.00812686139396 -0.0038453745526 2.43697225862e-18)
(-0.0149119957692 0.010415026787 0)
(-0.0259062956011 0.0250801164415 4.39783542292e-30)
(-0.00556143115387 0.00891641022338 0)
(-0.0132845887495 0.00206006674382 1.3025602765e-18)
(-0.0248630652082 0.0253208055197 0)
(-0.0521617984881 -0.0204414742368 -2.85176846674e-18)
(-0.0461314504058 -0.0212983420937 2.83207279666e-18)
(-0.0223984950917 0.0247471916641 0)
(-0.0143910606777 0.0186876700614 0)
(-0.0131483555001 -0.00463222156633 0)
(-0.0291406272519 0.00461068755319 0)
(-0.00775791036317 -0.0037556283017 2.38686885411e-18)
(-0.0299857136121 0.00192121239235 4.68726665403e-24)
(-0.0201677221651 0.0107495232903 7.99393507851e-19)
(-0.0151419649058 0.0110186095634 0)
(-0.00570612031253 -0.00911983173031 0)
(-0.033096208562 0.00380786443459 -8.33831821791e-23)
(-0.0142998548205 -0.0079260016051 0)
(-0.0112423768606 -0.00444585485781 2.40647703382e-18)
(-0.00979523104065 -0.00525561949858 0)
(-0.0268868292066 0.012544430332 9.18530192837e-19)
(-0.00545218937983 0.0062386115995 0)
(-0.00917633002933 -0.000102061579654 1.47607123837e-18)
(-0.0258350190961 0.000868860878085 -4.08510680212e-18)
(-0.0114423928878 -0.00401027533529 -2.27858316609e-18)
(-0.0312590920266 0.00660262456733 0)
(-0.0486677472262 -0.0142487930083 -2.60941694163e-18)
(-0.0388498769555 0.0279111261911 -3.43147889232e-18)
(-0.0321692673241 0.0103531075669 -8.57030124246e-19)
(-0.0287862376518 0.00639998194841 0)
(-0.00807494006726 -0.00267515234901 -2.20826550427e-18)
(-0.00732869678032 0.00318396122416 3.69117285182e-19)
(-0.0240248134829 0.00239141369423 0)
(-0.0247123943369 0.0148839123792 -2.24163837342e-18)
(-0.00937623112411 0.000227510620183 1.28399780119e-21)
(-0.0553199981757 -0.0117957788072 7.78408116312e-18)
(-0.0282920183001 0.00513121810777 0)
(-0.0453395321624 -0.0160017589724 5.07274395456e-18)
(-0.0141104796691 0.0211679354778 -2.31382410742e-29)
(-0.0187794174722 0.00424642411294 0)
(-0.0120441847476 -0.00481026163981 -2.49419035093e-18)
(-0.0573107453935 -0.0180008296317 0)
(-0.0148158501491 -0.010089937376 -6.58164367303e-18)
(-0.0198284188328 0.0113338937723 1.02534669158e-18)
(-0.00918867862014 0.000112184848726 5.58079410095e-21)
(-0.0191470474483 0.0113556759938 -1.02534669158e-18)
(-0.0254251730957 0.0122973546214 0)
(-0.012248737795 -0.00432487742657 -2.32724703359e-18)
(-0.0236174405427 0.0136325325748 3.39601106126e-18)
(-0.00937555294136 -0.000224621324993 0)
(-0.0105340453134 -0.00488605436788 -2.49955941578e-18)
(-0.0263571565079 0.017099562605 2.60975799472e-21)
(-0.0244305286278 0.00158845809102 1.76680177675e-18)
(-0.0115254961581 -0.00486434949332 0)
(-0.00959252616248 -0.000115751749079 0)
(-0.00522685512989 0.00522671618162 -9.50983918173e-32)
(-0.0184381087195 0.0275898553355 4.64781896324e-18)
(-0.0123574062577 0.00937875030409 0)
(-0.00478624891055 0.00818455773671 -5.9782958927e-19)
(-0.0172174975991 -0.00298187183826 2.19882156056e-18)
(-0.00350596087105 0.00466595161939 -5.80745142972e-20)
(-0.0234714251376 0.0296704992849 0)
(-0.00866455592193 -0.00781078856269 -1.46838889019e-18)
(-0.00522259220088 0.00868684946651 0)
(-0.00948242573119 -0.00247644949131 0)
(-0.0119133853338 -0.00393520707146 2.32724703359e-18)
(-0.0147660962812 -0.00858689926954 6.0064111731e-24)
(-0.0111552693641 -0.0036425654025 2.27858316609e-18)
(-0.00423451978704 0.00778897270205 5.44658669749e-19)
(-0.00935251851542 -0.000449217099559 7.93611512574e-19)
(-0.00997116731046 -0.00571146674685 -2.65065623253e-18)
(-0.0184482893329 -0.00215565562637 0)
(-0.0333009800026 0.00609983332754 3.22766626407e-22)
(-0.00424035956284 0.00673481906804 0)
(-0.00307240747898 0.00477639627839 -1.88025239641e-19)
(-0.0301035559825 0.00664046568094 0)
(-0.0237775240354 0.0150249785693 0)
(-0.0127408301024 0.0089660088642 4.61865111463e-19)
(-0.0259297598901 0.0131220834661 0)
(-0.00949459380995 -0.000869271875601 8.45174480995e-19)
(-0.00929518311894 -0.00220691727239 1.01351831904e-18)
(-0.00313684541775 0.00386937816843 0)
(-0.00542119297907 0.00710190744678 1.68912016147e-31)
(-0.067427802528 -0.0148932350379 1.94161899467e-19)
(-0.015564760704 -0.00848077571919 0)
(-0.0105255487751 -0.00408511081244 2.096794392e-30)
(-0.0045321582629 0.00804150824625 5.31709195211e-20)
(-0.00480901807437 0.00576954324884 0)
(-0.0177009669159 -0.00120899020547 -1.82796239882e-21)
(-0.025848050572 0.0138451866454 0)
(-0.00437533862006 0.0062912738836 0)
(-0.00961961025027 -0.00134196364209 2.71307318824e-18)
(-0.0219195208265 0.0073819565226 2.78044856023e-33)
(-0.02157961349 0.00791592234589 -2.78044856023e-33)
(-0.0314485513102 0.00545473309925 0)
(-0.00981498691362 -0.000253704292263 -1.4771472132e-18)
(-0.0220168354864 0.0124399088861 -1.46015112153e-18)
(-0.0143797898177 -0.0093268497468 5.80541415051e-20)
(-0.00994183665555 -0.00212632742633 0)
(-0.0107652284876 -0.00447608882716 -2.40647703381e-18)
(-0.00535921043831 0.00748443931386 0)
(-0.0102564014183 0.0219437181226 0)
(-0.0157232940342 -0.0100333012015 6.70435576092e-18)
(-0.0265133238858 0.0176550720755 -1.51179652702e-21)
(-0.00419578321536 0.00382524760632 0)
(-0.0102701221061 -0.00205398738165 1.95826291078e-18)
(-0.0142725442661 0.0138418901998 0)
(-0.0196120022992 0.00251633877432 -1.15247155977e-18)
(-0.0037045358266 0.00421484823412 1.04223190734e-19)
(-0.00967757471585 -0.00610975999843 2.76533606459e-18)
(-0.00969451804365 -0.00106726715063 8.50120277646e-19)
(-0.0145762405079 -0.0135836749115 3.67966184237e-18)
(-0.0172342328695 -0.00227544091405 2.00739887418e-18)
(-0.0173210213694 0.00584295017892 1.71040431058e-30)
(-0.00954473169946 -0.000616993959644 -1.5844770672e-18)
(-0.0164212916867 0.00737496280247 -1.06315593153e-30)
(-0.0181486753945 0.00425026925992 0)
(-0.0104076993297 0.0181748078791 2.46890389387e-18)
(-0.00549721681536 0.00584964670121 0)
(-0.0211079816199 0.0287458356899 0)
(-0.0157710937386 -0.01369059956 -1.46900256359e-20)
(-0.0154200570581 0.00886628838165 0)
(-0.0314143144378 0.00974717535118 -2.79307357877e-18)
(-0.0169898981702 -0.00902731712539 -6.45125307068e-18)
(-0.0297825369153 0.0051590649918 0)
(-0.0312714118038 0.0100050172237 1.41492017015e-18)
(-0.0303997256332 0.00920293647424 0)
(-0.00505352132295 0.0068301858996 0)
(-0.0189251059216 0.00254616541724 1.15247155976e-18)
(-0.00979151076044 -0.000512171523079 7.93415115267e-19)
(-0.0104215705321 0.019126596534 -2.46890389387e-18)
(-0.0160436410333 0.0117252137303 4.21331328758e-30)
(-0.0142910571931 0.010319594484 0)
(-0.00982693604663 -0.00157190112447 -3.63020143698e-18)
(-0.016229364911 -0.0108610670644 -3.38454224251e-18)
(-0.00830340162506 -0.00817176672439 -2.40058439531e-20)
(-0.0100163431664 -0.000684978572364 1.5915332348e-18)
(-0.00465980612777 0.00704088986691 0)
(-0.0116661208677 0.00870481659101 8.03284117219e-31)
(-0.0212835673441 0.0125429369498 0)
(-0.0118065469003 0.00924430916679 0)
(-0.0258753524286 -0.000867888753054 7.99777358648e-30)
(-0.0308800684427 0.00471185843301 0)
(-0.0111431521995 0.00856763001283 0)
(-0.0140849384056 0.0114024514371 -1.03759428252e-18)
(-0.0110193080732 0.00805236829453 2.98063659847e-31)
(-0.018170107442 -0.000807599523665 3.64748052645e-18)
(-0.0105218590878 0.00791405473955 -7.18047474874e-31)
(-0.025468092314 0.000141063260113 4.10505295057e-18)
(-0.00981068824287 -0.00243945244518 0)
(-0.016108597494 -0.00918943389541 3.19783610078e-18)
(-0.0314039757992 0.0101230171438 1.83030283877e-18)
(-0.0157925928128 -0.0117819342717 0)
(-0.022269970039 0.0281745963319 6.14514947528e-22)
(-0.0296786076231 0.00614952772567 0)
(-0.00793443081802 -0.00317862314684 1.14309605912e-18)
(-0.00996861757984 -0.000970812996739 -8.50374745151e-19)
(-0.00267689144911 0.00432437745967 0)
(-0.00899945068485 -0.00223271419082 9.95228204735e-19)
(-0.02245625473 0.00837543251442 -1.03019534759e-31)
(-0.032999018272 0.00741878087348 0)
(-0.031354625264 0.00834908264112 0)
(-0.0102020692519 -0.00117513825268 1.71207254341e-18)
(-0.0197410741975 -0.00195253341117 0)
(-0.0328973405015 0.00507914411391 0)
(-0.00408417127209 0.00419862212166 -7.46601096979e-20)
(-0.0140429563833 -0.0146560334992 1.6870110081e-18)
(-0.0219585233621 0.00838983786542 0)
(-0.00514841470938 0.00560644212224 0)
(-0.00972482837949 -0.00187038923545 0)
(-0.0110073881345 0.0177550153193 0)
(-0.0135727885096 0.013692919617 0)
(-0.00826738790599 -0.00324258777088 -1.15927140983e-18)
(-0.00853755260717 -0.00246260170581 0)
(-0.0101291880609 -0.001484878182 1.82036301993e-18)
(-0.0103712332126 -0.00172172372024 0)
(-0.014516572375 0.0126587669259 0)
(-0.00942628938801 -0.00193057403882 -3.85888252025e-21)
(-0.00884149019446 -0.00247718222938 0)
(-0.00847391494297 -0.00299837767043 -2.20271088138e-18)
(-0.0145811937059 0.0195482879179 0)
(-0.0307217776768 0.0101401618004 -1.4150775801e-18)
(-0.00837108337667 -0.00269702313832 2.24088253122e-18)
(-0.0186975771098 0.00316944613871 -9.61749497831e-19)
(-0.0178896826682 0.00481780783146 0)
(-0.0194556928048 0.00136005163265 1.3871655126e-18)
(-0.0170326071476 0.00637305614695 1.62035067236e-19)
(-0.00932373167544 -0.00276450944162 0)
(-0.019642846296 0.000660093174039 1.59791378904e-18)
(-0.0161009329589 0.007879472928 2.09130779887e-19)
(-0.0192175733937 0.000187619356804 0)
(-0.0315218788502 0.00724426826108 0)
(-0.00880612726843 -0.00303355202323 0)
(-0.0150611558787 0.00935135957812 -6.25373958414e-19)
(-0.0198804923605 0.0272632040289 -4.6477418859e-18)
(-0.032375544556 0.0110449504837 0)
(-0.018964980403 -0.00173794333388 0)
(-0.0193547549241 -0.000539705204326 0)
(-0.00899145165994 -0.00276412611211 0)
(-0.0160759334004 0.0261370031858 0)
(-0.0322709014504 0.0108013135905 8.57017944373e-19)
(-0.0138854789983 0.0107883762788 0)
(-0.0157898253651 0.0111020710324 0)
(-0.0175712603167 0.0261870080559 0)
(-0.00394747524024 0.00357032730365 2.58717862113e-21)
(-0.0156295363842 0.0122503904171 -4.21331328757e-30)
(-0.0121815163805 0.0188993239312 -2.61583159032e-18)
(-0.018884930563 -0.000989039577826 -1.82577245341e-18)
(-0.0153913572062 0.0196621310313 1.03366348656e-29)
(-0.0162511548394 0.022427974994 -2.53701539222e-29)
(-0.014956332256 0.0121510102621 0)
(-0.0098663608747 0.019474856727 2.62886335355e-18)
(-0.0115510789537 0.0205864006383 0)
(-0.0128105129192 0.0218817436086 0)
(-0.0130751882852 0.0141789472199 0)
(-0.00845893731256 0.020991304445 0)
(-0.00369443972353 0.0035576099025 -2.44843581388e-21)
(-0.0125035345068 0.02112750447 0)
(-0.0114591239391 0.015631320586 0)
(-0.0144649445606 0.0243450575698 3.85425375626e-18)
(-0.0107682685473 0.0154324907706 0)
(-0.0102950171265 0.0166491630241 1.99338730671e-18)
(-0.011309846424 0.0193137220185 -2.38994395742e-30)
(-0.0102266008521 0.0158531899861 -1.99338730669e-18)
(-0.0170444181523 0.0217745111668 2.53701539223e-29)
(-0.0132409157849 0.0200650440296 -2.75530065231e-18)
(-0.0129830188953 0.019184943873 5.37113224266e-18)
(-0.00972418138491 0.0179983162183 0)
(-0.00969394876393 0.017086830525 -1.53423035116e-29)
(-0.0156238706525 0.0206383703921 -3.15361668648e-18)
(-0.032522376564 0.0113526509074 1.85898459281e-20)
(-0.0149921535395 0.0212062583645 2.30315776704e-29)
(-0.0326866332362 0.0110174334644 0)
(-0.00907344358284 0.0187936427192 0)
(-0.0157216539821 0.0246654835781 -3.85425375625e-18)
(-0.0139987693947 0.0202601913543 0)
(-0.0152214563739 0.0223415445141 -2.54741291814e-29)
(-0.0144913123221 0.0227524811471 2.54741291815e-29)
(-0.0165783883298 0.0207410070139 3.15361668645e-18)
(-0.0177986396234 0.0238155440249 0)
(-0.0184005569504 0.0250107448292 0)
(-0.0196336872091 0.025012874619 -7.60164248338e-30)
(-0.0206396777748 0.0261039493877 -1.41313482668e-22)
(-0.0241091099665 0.0264297994319 0)
(-0.0229270018451 0.0269426491877 -6.14428862824e-22)
(-0.0217555891141 0.0258191447903 0)
(-0.0167136735686 0.0236836147589 7.00509199697e-30)
(-0.0283136133429 0.0244847666124 2.8739613585e-18)
(-0.0277945995997 0.0227914757283 0)
(-0.0287486850388 0.0206809382724 0)
(-0.00854852876518 -7.55347461457e-06 0)
(-0.00640875584273 -0.00292197508091 0)
(-0.0300462798988 0.0205993368288 -5.94258451003e-18)
(-0.0079961954013 0.00146821016801 7.33513982054e-19)
(-0.0155990276398 -0.0177093190824 -2.85596896035e-18)
(-0.0143769705754 -0.0232904576969 0)
(-0.0344390584576 -0.0454436671343 0)
(-0.00861714379086 5.44470375572e-05 -1.06393353267e-18)
(-0.0343249988311 0.0132221031354 -9.2396807458e-20)
(-0.0325911316315 0.0113241569184 -1.91810276136e-20)
(-0.0391232518906 0.0228925541401 -1.98568540056e-18)
(-0.00719868994511 0.00168759468459 0)
(-0.0645350357007 -0.079335251323 -1.26763008107e-18)
(-0.0507956501118 0.00594081057324 0)
(-0.00309724944026 0.00315368480689 -5.1142460738e-20)
(-0.0389083135016 0.0108990621519 3.63476906534e-18)
(-0.00380455721153 -0.00349192529107 -1.41308581097e-18)
(-0.00352280601612 0.00340189291861 0)
(-0.023950583978 0.0108467838727 -1.24705313655e-19)
(-0.0255371663231 0.0061937942992 0)
(-0.00560609908773 -0.0040629505577 2.52744665267e-18)
(-0.00766450310492 -0.0023137120855 1.00789461432e-18)
(-0.00813952907516 -0.00218508738764 -9.58971493696e-19)
(-0.0304206895785 0.0128021091832 0)
(-0.00795590961348 -0.000747875064529 0)
(-0.00784525037236 0.00150307900026 -7.80807553722e-19)
(-0.0312589519665 0.0164158985902 0)
(-0.00843219927114 -0.00178161696973 -1.06729038768e-18)
(-0.00841439828624 -0.00128444174202 0)
(-0.0055068189252 -0.00339023314999 -4.05830040558e-20)
(-0.0284496004398 -0.000142744788986 3.5364914909e-20)
(-0.0159259512171 -0.016806623788 -2.4314910344e-18)
(-0.00843842443982 -0.0106410842885 9.92541927704e-19)
(-0.00912115721291 -0.0117203879023 1.11941034712e-18)
(-0.00680267039073 -0.0115862267652 4.23439647499e-18)
(-0.00778094487619 -0.00965212837515 2.67831375906e-18)
(-0.0106857205264 -0.014667462818 0)
(-0.00747036231479 -0.0130876087678 3.30209090282e-18)
(-0.00642969011286 -0.0103890616243 0)
(-0.0075937082676 -0.015954596008 -1.16131790788e-18)
(-0.013376095563 -0.021611416742 -4.60927094498e-18)
(-0.00570964057727 -0.00653927589283 -1.59623481115e-19)
(-0.00471773607072 -0.00726037654659 -1.93726757873e-18)
(-0.0121850855357 -0.0234549167949 0)
(-0.00497914361297 -0.00509252112009 0)
(-0.0049540933313 -0.00791101523227 8.95803883995e-19)
(-0.00620118863748 -0.00732933044084 0)
(-0.0036889129804 -0.00561274437733 3.22062324491e-18)
(-0.00359691085882 -0.00431894281373 -1.56601263135e-18)
(-0.0290414381986 -0.0434414790861 0)
(-0.0227150131243 -0.0188131596889 -2.42979459248e-18)
(-0.0265296691519 -0.0200942379654 1.24575641831e-18)
(-0.0225710435414 -0.026025074236 4.59308437706e-18)
(-0.0295211169907 -0.0467853875264 8.03537361036e-18)
(-0.0545366278146 -0.0518607657077 0)
(-0.045413395983 -0.0321045810084 1.05982142065e-19)
(-0.0664375425072 -0.027614282764 0)
(-0.0144634415317 -0.0156011469827 9.19003166296e-19)
(-0.00668367106899 0.00253943025943 -4.19269371484e-19)
(-0.0222908443975 0.00828685558968 0)
(-0.0233418892804 0.0413896886883 2.13771469781e-18)
(-0.032143983964 0.0133690127271 0)
(-0.0216738288391 0.0145774106242 -4.49017892422e-20)
(-0.0310381597846 0.0148383098447 3.38854695769e-19)
(-0.0276348601856 0.0125441837656 0)
(-0.0314320633493 0.0574361826201 -2.46575875893e-18)
(-0.00691818253332 0.00201902559864 0)
(-0.0352011403447 0.023741006779 4.2714660312e-18)
(-0.0209323662472 0.048101771816 0)
(-0.00679099657107 -0.00297628993551 -1.18770212123e-18)
(-0.00652490830224 -0.00359314853897 -1.2174118883e-18)
(-0.0329229303317 0.0111846978364 1.4912993888e-18)
(-0.006215973275 0.00240759097721 -2.03514124257e-19)
(-0.00577757532589 0.00260315320954 -1.50379132267e-19)
(-0.0337332328376 0.0182355755305 -9.03607350545e-19)
(-0.0416929415965 -0.00774936888608 0)
(-0.0186126385485 -0.00867564281754 1.87308403736e-18)
(-0.0146739601201 -0.0178752469754 8.08936647819e-19)
(-0.0148318736827 -0.0212067762127 -8.20470669971e-19)
(-0.032225438777 -0.0388418991123 1.13866631356e-18)
(-0.0289377591399 0.020041271193 4.67249823347e-18)
(-0.0358761495668 0.00995656306474 0)
(-0.00809461256759 -0.000463454386482 -8.54212465911e-19)
(-0.00870533952319 0.00125635770339 -4.826575364e-19)
(-0.0392716613367 0.0198037028347 0)
(-0.00741983085381 0.00164177957496 0)
(-0.0563528950292 -0.0592374396382 1.2671321055e-18)
(-0.00399611300029 -0.0038161045412 0)
(-0.0376452655934 0.0205593378816 -3.77942018798e-18)
(-0.00328198193354 0.00342388341126 3.00090745937e-20)
(-0.00693902100523 -0.0025603817044 0)
(-0.0244210841825 0.0116205370182 3.65575747155e-20)
(-0.00577283172736 -0.00343448786639 -2.30678428082e-20)
(-0.00848291267149 0.00140586252485 -4.80146917252e-19)
(-0.00861432944812 -0.00028006385925 -2.05483895187e-18)
(-0.0265875186229 0.0192068826058 2.5957184396e-18)
(-0.0480244687413 0.0577016623849 0)
(-0.0058548320329 -0.00393880830987 3.6959088323e-18)
(-0.033853116322 0.027519664696 -7.28600290151e-20)
(-0.0276252297622 0.0213461421783 0)
(-0.00847621423126 0.000582691529894 0)
(0.0148514169752 0.031936512681 1.96833029242e-18)
(0.0494473184404 0.0487908713363 -9.27478473583e-19)
(-0.0303485639501 0.0264140140034 8.13513136004e-18)
(-0.00406097353913 0.00330577127733 0)
(-0.00873079984122 0.000264860010547 8.26148373952e-19)
(-0.0350455627277 0.0361300277279 0)
(-0.0231397062286 0.0474089794568 0)
(-0.00491403678968 0.00248089133574 -5.08971362488e-20)
(-0.027840388667 0.0216708762783 -4.42832090024e-18)
(-0.00664284421762 0.00222755935824 1.30132189639e-19)
(-0.00799384761219 -0.00233771072032 1.99544910872e-18)
(-0.0365162693627 0.00998185817507 5.85570638746e-19)
(-0.00804514867202 -0.00103821858376 0)
(-0.00861696783082 0.00168793985658 4.82440529577e-19)
(-0.00890954914595 0.00127117762125 1.19390212467e-18)
(-0.00896355104071 0.000864048475224 0)
(-0.0570810974935 0.0388247519181 1.64125059306e-19)
(-0.0294883234887 0.0522117008626 2.47090638025e-18)
(-0.00353530360811 -0.00260434348123 7.81026453656e-19)
(-0.00334721412638 -0.00290103612488 0)
(-0.0408183515728 0.0533557396983 0)
(0.0209425350119 0.0118826064888 3.06399285051e-19)
(-0.00569488240839 -0.0363422611924 -4.20218093161e-19)
(-0.00283672757478 0.00238062624063 -5.3493090198e-21)
(-0.00264822679524 0.00262960143964 -5.57838829558e-21)
(-0.00596921815345 -0.00361858722358 -1.43629494665e-18)
(-0.00723684625772 -0.00175621864982 6.77629735552e-19)
(-0.00843598904112 -9.91518600399e-05 8.73648569257e-19)
(-0.0110758525036 -0.0180167688233 -1.63322565193e-19)
(-0.151317143059 -0.110918453384 -1.03852763784e-17)
(-0.165881186464 -0.104951762651 0)
(-0.0298871045223 -0.0245091952961 2.86345499422e-18)
(-0.0972349564486 -0.0286213052579 -1.1023477399e-17)
(-0.033690003087 0.0189075564109 0)
(-0.00857598244325 -0.00155268107389 1.94030652194e-18)
(-0.0308645238884 0.000908068098502 0)
(-0.00754709978835 -0.00207097451023 -2.30271887114e-20)
(-0.00692081960739 -0.00809338840009 -9.66148730331e-19)
(-0.00739683545478 -0.00836515887073 -3.37019955528e-18)
(-0.00923853184451 -0.0109375950129 -1.71704272569e-20)
(-0.00607783161229 -0.0111587877983 0)
(-0.00693480265675 -0.0155577784546 0)
(-0.00728014252048 -0.0137845462479 0)
(-0.00740092814632 -0.0141780738797 0)
(-0.0079324054768 -0.00907995318305 -3.34456557645e-18)
(-0.0123841205001 -0.0151308328772 -2.31577095041e-18)
(-0.0157072128784 -0.0155700141257 -2.06924002783e-18)
(-0.00473172504222 -0.00775410952061 1.93726757873e-18)
(-0.00735617545624 -0.00880755153247 3.43752884713e-18)
(-0.00547168230167 -0.00581574114344 -8.88837876747e-19)
(-0.00584750883471 -0.00607715189057 0)
(-0.0068470441835 -0.00753459128136 0)
(-0.00551031332499 -0.00533219404021 5.40084084132e-20)
(-0.00314313928891 -0.00497739837189 1.78353758019e-18)
(-0.0129553547501 -0.0235581011565 5.14890166293e-18)
(-0.0254942757464 -0.0180538387328 -2.88109377224e-18)
(-0.0249392218136 -0.0288617232777 -3.52545707773e-18)
(-0.0289168532163 -0.0477146498531 0)
(-0.077455726532 -0.0642006339257 0)
(-0.054320652558 -0.0256458403564 3.68386008879e-18)
(-0.155474737591 -0.0215840399944 5.27715473284e-18)
(-0.0230147499422 0.00521124010829 3.43358658127e-19)
(-0.0213773596235 0.0333753100385 -3.85596990088e-18)
(-0.0229961098925 0.0148116338089 -4.00766827602e-20)
(-0.0317477970824 0.0113443142175 -1.87602211631e-18)
(-0.00673631206794 -0.00207204285471 -1.27078059225e-18)
(-0.0217893720929 0.0120540757156 9.53817092289e-20)
(-0.00867579224783 0.000757508112817 1.43956592213e-18)
(-0.0247910106329 0.0119790636103 -6.11715472026e-20)
(-0.00475544485464 -0.00442606855499 -8.34919563467e-19)
(-0.0287905369393 0.0129651656411 0)
(-0.0179178784077 -0.0214284141648 0)
(-0.0141570288919 -0.0192115602654 -7.81720727775e-19)
(-0.0166369327769 -0.021007950547 -2.27105437088e-18)
(-0.0204120021524 -0.0195383825058 1.45475917675e-18)
(-0.0390341440664 -0.0334315304161 -1.09873955498e-17)
(-0.0279534604914 -0.0348451899495 9.27717543388e-19)
(-0.0972518797397 0.0388842698725 -3.8687184034e-19)
(-0.123476539448 0.0214291300174 0)
(-0.0881749886595 0.0554780889927 3.33239746825e-18)
(-0.0683535087453 0.0625665054803 -2.90616919887e-18)
(-0.00682459169958 -0.00342044855064 1.16642251235e-18)
(-0.128500999958 -0.0179311192745 0)
(-0.0280089463529 -0.0298964927943 2.87290593853e-18)
(-0.00592480678852 0.00237119164698 1.65269245232e-19)
(-0.00776259112481 0.00170364075612 4.4379042485e-19)
(-0.0341905034088 -0.0142887794319 0)
(-0.0323518426194 0.0159275317259 4.11402184705e-18)
(-0.00762765852814 0.00209080646409 7.31686331677e-19)
(-0.0253971317633 0.0176153378331 0)
(-0.00527120594372 -0.00398893102659 -3.87517276297e-18)
(-0.0107668162186 -0.0166294281394 -1.66532058478e-19)
(-0.16596610901 -0.0874987625829 2.55170382222e-18)
(-0.0278668976756 -0.0257207244882 0)
(-0.161251468371 -0.0856848315022 1.10162503561e-17)
(-0.0958853104291 -0.0476414555623 8.22924139987e-18)
(-0.0348015374743 0.0494387231543 2.39322873391e-18)
(-0.00779364243296 -0.00194904860211 -1.39526940142e-18)
(-0.0362830719807 0.0199034642306 -2.33322199292e-20)
(-0.00810000491538 -0.000235628680587 8.87200128971e-19)
(-0.0072323262923 -0.00244556972285 -1.45533071924e-18)
(-0.0259066944129 0.0309661610844 3.48222144794e-18)
(-0.0209559129008 0.0119496891829 3.9498633894e-19)
(-0.00535074143548 0.00300647345118 -1.86164271105e-19)
(-0.00654025403022 0.00241951218301 4.16726412809e-19)
(-0.00809094524919 -0.00196776508438 0)
(-0.00869035935565 -9.91359688397e-05 1.62756424896e-18)
(-0.033654299253 0.0184767696097 -2.83260061138e-18)
(-0.0074221934106 0.00205546043568 0)
(-0.028591777742 0.0203921086261 5.87009631461e-19)
(-0.00690466062012 0.00252368958901 0)
(-0.00870793368235 0.00068013875631 0)
(-0.00500343005265 0.00305368527223 9.10129868691e-21)
(-0.00825104648258 -0.00179243809254 1.30191712976e-18)
(-0.0302513768523 0.0196210398697 0)
(-0.00718915162332 0.00223471349729 -3.47010443893e-19)
(-0.0052832341873 -0.00360321306442 8.07076424423e-19)
(-0.0125621335703 -0.0160884724868 2.88897334544e-18)
(-0.0268438154617 -0.0283546073181 0)
(-0.159583935984 -0.0434653871717 0)
(-0.156233692106 -0.0525548651582 -7.72532479676e-18)
(-0.101707276388 -0.0573613647577 5.26629319456e-18)
(-0.0280410878297 0.022005965192 0)
(-0.00855448964368 0.000645935919422 -1.71588624231e-19)
(0.0407105404776 0.0328581015647 0)
(-0.00442147972253 0.00325137544726 4.79401259584e-20)
(-0.0293456457781 0.0241873705343 -9.01788118331e-18)
(-0.0233222833407 0.024286467085 -1.92614264707e-18)
(-0.00877972996047 0.000393836750216 0)
(-0.0242325637973 0.0538443680726 0)
(-0.0215135809312 0.00875060424959 -6.2483719002e-20)
(-0.0281082111397 0.0142486256181 -1.42771651704e-18)
(-0.00535933971176 0.00257167760879 9.6033998307e-20)
(-0.0078707360577 -0.00196344829259 0)
(-0.00813348081574 0.00155423211915 0)
(-0.03396708734 0.0137130393135 1.56646135062e-18)
(-0.0336586484047 0.0196421742653 2.0275489995e-18)
(-0.00734575957369 0.00205680530688 3.73051030928e-19)
(-0.011070154039 -0.0246852080645 5.05518853379e-19)
(-0.00310531853954 0.00304257915403 3.23871458673e-20)
(-0.0508701899805 0.0254706374879 0)
(-0.00383958655135 -0.00335873759605 2.00677691217e-18)
(-0.0326247593454 0.0117767808391 0)
(-0.00843653451293 0.00187450767398 -5.10644520954e-19)
(-0.00863580654529 0.000226377941708 -1.53444578534e-18)
(-0.00903963042036 0.00110479023903 -1.66522058332e-19)
(-0.0275882258901 0.0128353041949 0)
(-0.0677990222391 0.049731367376 3.95799715921e-20)
(-0.00816735215339 -0.00158359916304 1.36859565894e-18)
(-0.00407103870615 -0.00309268668632 -1.43872142014e-18)
(-0.0420079548585 0.0362996191833 -8.73561958123e-18)
(0.0213896358622 0.0456941478625 -3.31840206103e-19)
(-0.00330388070017 0.00273017353343 6.97175521817e-21)
(-0.00631099722484 -0.00347370071367 1.73774306631e-20)
(-0.0413401369365 0.0353637055761 -2.17631807624e-18)
(-0.0334532525417 0.0140132848333 1.91691784037e-18)
(-0.11504659505 -0.0839730792558 0)
(-0.0128327747453 -0.0182919266685 0)
(-0.0313805304324 -0.0268758274645 9.39609268528e-20)
(-0.138292978205 -0.0886284686628 1.18590593177e-17)
(-0.129216256306 -0.0255420037922 4.33218239318e-18)
(-0.120043424037 -0.0408854180355 0)
(-0.0308093462512 -0.0288262519452 -6.81075403585e-18)
(-0.0312324284484 0.0127768713591 2.01898887267e-18)
(-0.0284636050284 0.00549995578521 -4.56839542395e-20)
(-0.00819696506192 0.0018271776433 4.78027155881e-19)
(-0.0933675328942 -0.00663447194686 0)
(-0.0608546412006 0.0561444891188 -1.73767129168e-18)
(-0.0869884470667 0.0335347279713 0)
(-0.0377807032337 0.0673250638673 0)
(-0.0509713517294 0.0662902511687 1.65807383646e-18)
(-0.0165973783475 -0.0245986305618 8.49833957777e-19)
(-0.0402817743864 -0.0441979772243 9.17041413006e-18)
(-0.0187766753641 -0.0235026039152 -2.70226031933e-18)
(-0.0205489997984 -0.0233405866354 -5.19856412417e-18)
(-0.0156948820329 -0.0190408478736 1.45967479318e-18)
(-0.0325456177727 -0.0322438014128 -6.65839357898e-18)
(-0.0361079972118 0.0226223427422 2.15660033318e-18)
(-0.00716117137506 0.00189051783799 0)
(-0.00597027454058 -0.00313128780221 9.07505448012e-20)
(-0.0255295797781 0.0156649319476 -8.56384403873e-20)
(-0.0204260748404 0.0113362810405 3.63050679168e-19)
(-0.00485613066687 -0.00361126734313 0)
(-0.00790160459472 -0.00172848971477 0)
(-0.00756866378944 -0.0016940188755 0)
(-0.00841534128797 0.00017992882954 0)
(0.00490772608349 0.0285882432472 0)
(-0.00338681406173 0.00304327388442 3.28851287382e-21)
(-0.0436772840269 0.027948405282 1.05093934555e-17)
(-0.00415607140499 -0.00342515721885 4.95048772366e-19)
(-0.0561204814737 0.0554562373516 2.64416227631e-18)
(-0.0205932321129 0.00809342670227 6.27009388366e-20)
(-0.0337479566083 0.00617449272759 -1.24843218242e-18)
(-0.0374763590323 0.0150536662164 -1.78091673183e-18)
(-0.03722932681 0.0169237476971 1.89739522725e-18)
(-0.00750937504397 0.00176837997374 0)
(-0.0272649992973 0.0152763178798 -1.30646799186e-19)
(-0.00497726061016 -0.00413012847504 -1.2748437148e-18)
(-0.00478004014086 -0.00386460879325 9.98478090348e-19)
(-0.00633554786759 -0.00312441919078 3.26144203648e-21)
(-0.00856186612856 0.000332634262134 5.21245440252e-19)
(-0.0113477267448 -0.023912746886 -2.21698750771e-18)
(-0.011172101 -0.02534801409 2.21698750771e-18)
(-0.00375213825769 -0.00763784685752 4.747427321e-18)
(-0.00426689269789 -0.00799046386476 0)
(-0.0225204059436 -0.0505469652142 -3.92796788999e-18)
(-0.0266287601765 -0.0506338395413 3.92796788999e-18)
(-0.00344341165191 -0.00358978184968 -3.82554921157e-18)
(-0.00325334620451 -0.00411657216501 3.89739909027e-18)
(-0.0057502329724 -0.0109472563061 0)
(-0.00581193637673 -0.0102722201278 0)
(-0.00652686015389 -0.0143996495023 4.7359962872e-19)
(-0.00578598784081 -0.01343586675 -4.7359962872e-19)
(-0.153286303492 -0.138397067988 0)
(-0.146893737701 -0.14361638107 1.24207240763e-17)
(-0.0607825383843 -0.188586897627 0)
(-0.0885620610288 -0.185937296842 0)
(-0.0307392644428 0.0122768155257 1.72473350854e-19)
(-0.0283276004463 0.0266791244567 1.38321176591e-19)
(-0.0329214878596 0.0154730828824 8.08392762709e-18)
(-0.036686304875 0.0136146252805 -4.68443577929e-19)
(-0.0201548393794 -0.00319351820611 6.67734128727e-21)
(-0.00926377100833 -0.0177446775719 0)
(-0.0170400601381 0.0121800395907 8.64579486093e-19)
(-0.00943508119876 0.0129872096641 -8.64579486093e-19)
(-0.037184772498 0.0306827741545 0)
(-0.0406870496369 0.0280094625174 -4.002830193e-18)
(-0.0390611153355 -0.0288806022875 2.66434437463e-18)
(-0.0467694603257 0.0147918750842 -1.03511945206e-17)
(0.00908407319173 0.0489404442128 -3.9080212136e-19)
(0.0120855691827 0.0481478405223 0)
(0.0857782249312 0.0689767662408 0)
(0.0782053117965 0.0109184830572 1.19910355139e-18)
)
;

boundaryField
{
    bottomWall
    {
        type            noSlip;
    }
    leftWall
    {
        type            noSlip;
    }
    rightWall
    {
        type            noSlip;
    }
    movingTop
    {
        type            fixedValue;
        value           uniform (1 0 0);
    }
    front
    {
        type            empty;
    }
    back
    {
        type            empty;
    }
}


// ************************************************************************* //
